Copyright 1986-2021 Xilinx, Inc. All Rights Reserved.
------------------------------------------------------------------------------------------------------------------------------------------------------------------------------------------------------------------------------------------
| Tool Version      : Vivado v.2021.1 (win64) Build 3247384 Thu Jun 10 19:36:33 MDT 2021
| Date              : Fri Sep 18 23:02:47 2026
| Host              : ROG-Lunan running 64-bit major release  (build 9200)
| Command           : report_timing -group clk500 -delay_type max -slack_lesser_than 0.4 -max_paths 100 -nworst 1 -input_pins -significant_digits 3 -file D:/008_MA_Dev/Sync_OTA/reports/v51/timing_margin20_20260918/clk500_worst100.rpt
| Design            : sync_ota_top
| Device            : xcvu11p-flgb2104
| Speed File        : -2  PRODUCTION 1.27 02-28-2020
| Temperature Grade : E
------------------------------------------------------------------------------------------------------------------------------------------------------------------------------------------------------------------------------------------

Timing Report

Slack (VIOLATED) :        -0.199ns  (required time - arrival time)
  Source:                 cfo/windows/poison_sync/syncstages_ff_reg[3]/C
                            (rising edge-triggered cell FDRE clocked by clk500  {rise@0.000ns fall@1.000ns period=2.000ns})
  Destination:            cfo/windows/packed_count_reg[1]/CE
                            (rising edge-triggered cell FDRE clocked by clk500  {rise@0.000ns fall@1.000ns period=2.000ns})
  Path Group:             clk500
  Path Type:              Setup (Max at Slow Process Corner)
  Requirement:            2.000ns  (clk500 rise@2.000ns - clk500 rise@0.000ns)
  Data Path Delay:        2.097ns  (logic 0.346ns (16.500%)  route 1.751ns (83.500%))
  Logic Levels:           4  (LUT3=1 LUT4=1 LUT6=2)
  Clock Path Skew:        -0.008ns (DCD - SCD + CPR)
    Destination Clock Delay (DCD):    0.020ns = ( 2.020 - 2.000 ) 
    Source Clock Delay      (SCD):    0.028ns
    Clock Pessimism Removal (CPR):    0.000ns
  Clock Uncertainty:      0.035ns  ((TSJ^2 + TIJ^2)^1/2 + DJ) / 2 + PE
    Total System Jitter     (TSJ):    0.071ns
    Total Input Jitter      (TIJ):    0.000ns
    Discrete Jitter          (DJ):    0.000ns
    Phase Error              (PE):    0.000ns

    Location             Delay type                Incr(ns)  Path(ns)    Netlist Resource(s)
  -------------------------------------------------------------------    -------------------
                         (clock clk500 rise edge)     0.000     0.000 r  
                                                      0.000     0.000 r  clk500 (IN)
                         net (fo=27270, unset)        0.028     0.028    cfo/windows/poison_sync/dest_clk
    SLICE_X158Y100       FDRE                                         r  cfo/windows/poison_sync/syncstages_ff_reg[3]/C
  -------------------------------------------------------------------    -------------------
    SLICE_X158Y100       FDRE (Prop_DFF2_SLICEL_C_Q)
                                                      0.081     0.109 f  cfo/windows/poison_sync/syncstages_ff_reg[3]/Q
                         net (fo=12, routed)          0.687     0.796    cfo/windows/poison500
    SLICE_X142Y84                                                     f  cfo/windows/packed_count[1]_i_1/I0
    SLICE_X142Y84        LUT3 (Prop_F6LUT_SLICEM_I0_O)
                                                      0.051     0.847 f  cfo/windows/packed_count[1]_i_1/O
                         net (fo=11, routed)          0.102     0.949    cfo/windows/fast_stop
    SLICE_X142Y85                                                     f  cfo/windows/window_credits_i_3/I5
    SLICE_X142Y85        LUT6 (Prop_E6LUT_SLICEM_I5_O)
                                                      0.091     1.040 f  cfo/windows/window_credits_i_3/O
                         net (fo=3, routed)           0.094     1.134    cfo/windows/window_credits_i_3_n_0
    SLICE_X142Y86                                                     f  cfo/windows/window_credits_i_2_replica/I5
    SLICE_X142Y86        LUT6 (Prop_D6LUT_SLICEM_I5_O)
                                                      0.088     1.222 r  cfo/windows/window_credits_i_2_replica/O
                         net (fo=1, routed)           0.262     1.484    cfo/windows/p_30_in_repN
    SLICE_X144Y85                                                     r  cfo/windows/packed_count[1]_i_2_rewire/I0
    SLICE_X144Y85        LUT4 (Prop_F6LUT_SLICEL_I0_O)
                                                      0.035     1.519 r  cfo/windows/packed_count[1]_i_2_rewire/O
                         net (fo=2, routed)           0.606     2.125    cfo/windows/packed_count[1]_i_2_n_0
    SLICE_X153Y116       FDRE                                         r  cfo/windows/packed_count_reg[1]/CE
  -------------------------------------------------------------------    -------------------

                         (clock clk500 rise edge)     2.000     2.000 r  
                                                      0.000     2.000 r  clk500 (IN)
                         net (fo=27270, unset)        0.020     2.020    cfo/windows/clk500
    SLICE_X153Y116       FDRE                                         r  cfo/windows/packed_count_reg[1]/C
                         clock pessimism              0.000     2.020    
                         clock uncertainty           -0.035     1.985    
    SLICE_X153Y116       FDRE (Setup_AFF2_SLICEL_C_CE)
                                                     -0.059     1.926    cfo/windows/packed_count_reg[1]
  -------------------------------------------------------------------
                         required time                          1.926    
                         arrival time                          -2.125    
  -------------------------------------------------------------------
                         slack                                 -0.199    

Slack (VIOLATED) :        -0.178ns  (required time - arrival time)
  Source:                 cfo/windows/poison_sync/syncstages_ff_reg[3]/C
                            (rising edge-triggered cell FDRE clocked by clk500  {rise@0.000ns fall@1.000ns period=2.000ns})
  Destination:            cfo/windows/output_record_reg[105]/CE
                            (rising edge-triggered cell FDRE clocked by clk500  {rise@0.000ns fall@1.000ns period=2.000ns})
  Path Group:             clk500
  Path Type:              Setup (Max at Slow Process Corner)
  Requirement:            2.000ns  (clk500 rise@2.000ns - clk500 rise@0.000ns)
  Data Path Delay:        2.075ns  (logic 0.435ns (20.964%)  route 1.640ns (79.036%))
  Logic Levels:           4  (LUT3=1 LUT5=1 LUT6=2)
  Clock Path Skew:        -0.008ns (DCD - SCD + CPR)
    Destination Clock Delay (DCD):    0.020ns = ( 2.020 - 2.000 ) 
    Source Clock Delay      (SCD):    0.028ns
    Clock Pessimism Removal (CPR):    0.000ns
  Clock Uncertainty:      0.035ns  ((TSJ^2 + TIJ^2)^1/2 + DJ) / 2 + PE
    Total System Jitter     (TSJ):    0.071ns
    Total Input Jitter      (TIJ):    0.000ns
    Discrete Jitter          (DJ):    0.000ns
    Phase Error              (PE):    0.000ns

    Location             Delay type                Incr(ns)  Path(ns)    Netlist Resource(s)
  -------------------------------------------------------------------    -------------------
                         (clock clk500 rise edge)     0.000     0.000 r  
                                                      0.000     0.000 r  clk500 (IN)
                         net (fo=27270, unset)        0.028     0.028    cfo/windows/poison_sync/dest_clk
    SLICE_X158Y100       FDRE                                         r  cfo/windows/poison_sync/syncstages_ff_reg[3]/C
  -------------------------------------------------------------------    -------------------
    SLICE_X158Y100       FDRE (Prop_DFF2_SLICEL_C_Q)
                                                      0.081     0.109 f  cfo/windows/poison_sync/syncstages_ff_reg[3]/Q
                         net (fo=12, routed)          0.687     0.796    cfo/windows/poison500
    SLICE_X142Y84                                                     f  cfo/windows/packed_count[1]_i_1/I0
    SLICE_X142Y84        LUT3 (Prop_F6LUT_SLICEM_I0_O)
                                                      0.051     0.847 f  cfo/windows/packed_count[1]_i_1/O
                         net (fo=11, routed)          0.102     0.949    cfo/windows/fast_stop
    SLICE_X142Y85                                                     f  cfo/windows/window_credits_i_3/I5
    SLICE_X142Y85        LUT6 (Prop_E6LUT_SLICEM_I5_O)
                                                      0.091     1.040 f  cfo/windows/window_credits_i_3/O
                         net (fo=3, routed)           0.052     1.092    cfo/windows/window_credits_i_3_n_0
    SLICE_X142Y85                                                     f  cfo/windows/window_credits_i_2/I5
    SLICE_X142Y85        LUT6 (Prop_D6LUT_SLICEM_I5_O)
                                                      0.088     1.180 r  cfo/windows/window_credits_i_2/O
                         net (fo=19, routed)          0.257     1.437    cfo/windows/p_30_in
    SLICE_X142Y82                                                     r  cfo/windows/output_record[134]_i_1_rewire/I0
    SLICE_X142Y82        LUT5 (Prop_E6LUT_SLICEM_I0_O)
                                                      0.124     1.561 r  cfo/windows/output_record[134]_i_1_rewire/O
                         net (fo=115, routed)         0.542     2.103    cfo/windows/output_record
    SLICE_X140Y68        FDRE                                         r  cfo/windows/output_record_reg[105]/CE
  -------------------------------------------------------------------    -------------------

                         (clock clk500 rise edge)     2.000     2.000 r  
                                                      0.000     2.000 r  clk500 (IN)
                         net (fo=27270, unset)        0.020     2.020    cfo/windows/clk500
    SLICE_X140Y68        FDRE                                         r  cfo/windows/output_record_reg[105]/C
                         clock pessimism              0.000     2.020    
                         clock uncertainty           -0.035     1.985    
    SLICE_X140Y68        FDRE (Setup_HFF_SLICEL_C_CE)
                                                     -0.060     1.925    cfo/windows/output_record_reg[105]
  -------------------------------------------------------------------
                         required time                          1.925    
                         arrival time                          -2.103    
  -------------------------------------------------------------------
                         slack                                 -0.178    

Slack (VIOLATED) :        -0.175ns  (required time - arrival time)
  Source:                 cfo/windows/poison_sync/syncstages_ff_reg[3]/C
                            (rising edge-triggered cell FDRE clocked by clk500  {rise@0.000ns fall@1.000ns period=2.000ns})
  Destination:            cfo/windows/output_record_reg[117]/CE
                            (rising edge-triggered cell FDRE clocked by clk500  {rise@0.000ns fall@1.000ns period=2.000ns})
  Path Group:             clk500
  Path Type:              Setup (Max at Slow Process Corner)
  Requirement:            2.000ns  (clk500 rise@2.000ns - clk500 rise@0.000ns)
  Data Path Delay:        2.072ns  (logic 0.435ns (20.994%)  route 1.637ns (79.006%))
  Logic Levels:           4  (LUT3=1 LUT5=1 LUT6=2)
  Clock Path Skew:        -0.007ns (DCD - SCD + CPR)
    Destination Clock Delay (DCD):    0.021ns = ( 2.021 - 2.000 ) 
    Source Clock Delay      (SCD):    0.028ns
    Clock Pessimism Removal (CPR):    0.000ns
  Clock Uncertainty:      0.035ns  ((TSJ^2 + TIJ^2)^1/2 + DJ) / 2 + PE
    Total System Jitter     (TSJ):    0.071ns
    Total Input Jitter      (TIJ):    0.000ns
    Discrete Jitter          (DJ):    0.000ns
    Phase Error              (PE):    0.000ns

    Location             Delay type                Incr(ns)  Path(ns)    Netlist Resource(s)
  -------------------------------------------------------------------    -------------------
                         (clock clk500 rise edge)     0.000     0.000 r  
                                                      0.000     0.000 r  clk500 (IN)
                         net (fo=27270, unset)        0.028     0.028    cfo/windows/poison_sync/dest_clk
    SLICE_X158Y100       FDRE                                         r  cfo/windows/poison_sync/syncstages_ff_reg[3]/C
  -------------------------------------------------------------------    -------------------
    SLICE_X158Y100       FDRE (Prop_DFF2_SLICEL_C_Q)
                                                      0.081     0.109 f  cfo/windows/poison_sync/syncstages_ff_reg[3]/Q
                         net (fo=12, routed)          0.687     0.796    cfo/windows/poison500
    SLICE_X142Y84                                                     f  cfo/windows/packed_count[1]_i_1/I0
    SLICE_X142Y84        LUT3 (Prop_F6LUT_SLICEM_I0_O)
                                                      0.051     0.847 f  cfo/windows/packed_count[1]_i_1/O
                         net (fo=11, routed)          0.102     0.949    cfo/windows/fast_stop
    SLICE_X142Y85                                                     f  cfo/windows/window_credits_i_3/I5
    SLICE_X142Y85        LUT6 (Prop_E6LUT_SLICEM_I5_O)
                                                      0.091     1.040 f  cfo/windows/window_credits_i_3/O
                         net (fo=3, routed)           0.052     1.092    cfo/windows/window_credits_i_3_n_0
    SLICE_X142Y85                                                     f  cfo/windows/window_credits_i_2/I5
    SLICE_X142Y85        LUT6 (Prop_D6LUT_SLICEM_I5_O)
                                                      0.088     1.180 r  cfo/windows/window_credits_i_2/O
                         net (fo=19, routed)          0.257     1.437    cfo/windows/p_30_in
    SLICE_X142Y82                                                     r  cfo/windows/output_record[134]_i_1_rewire/I0
    SLICE_X142Y82        LUT5 (Prop_E6LUT_SLICEM_I0_O)
                                                      0.124     1.561 r  cfo/windows/output_record[134]_i_1_rewire/O
                         net (fo=115, routed)         0.539     2.100    cfo/windows/output_record
    SLICE_X139Y71        FDRE                                         r  cfo/windows/output_record_reg[117]/CE
  -------------------------------------------------------------------    -------------------

                         (clock clk500 rise edge)     2.000     2.000 r  
                                                      0.000     2.000 r  clk500 (IN)
                         net (fo=27270, unset)        0.021     2.021    cfo/windows/clk500
    SLICE_X139Y71        FDRE                                         r  cfo/windows/output_record_reg[117]/C
                         clock pessimism              0.000     2.021    
                         clock uncertainty           -0.035     1.986    
    SLICE_X139Y71        FDRE (Setup_HFF2_SLICEM_C_CE)
                                                     -0.061     1.925    cfo/windows/output_record_reg[117]
  -------------------------------------------------------------------
                         required time                          1.925    
                         arrival time                          -2.100    
  -------------------------------------------------------------------
                         slack                                 -0.175    

Slack (VIOLATED) :        -0.174ns  (required time - arrival time)
  Source:                 cfo/windows/poison_sync/syncstages_ff_reg[3]/C
                            (rising edge-triggered cell FDRE clocked by clk500  {rise@0.000ns fall@1.000ns period=2.000ns})
  Destination:            cfo/observation_front/fft_core/bank1_reg_bram_1/DINADIN[5]
                            (rising edge-triggered cell RAMB18E2 clocked by clk500  {rise@0.000ns fall@1.000ns period=2.000ns})
  Path Group:             clk500
  Path Type:              Setup (Max at Slow Process Corner)
  Requirement:            2.000ns  (clk500 rise@2.000ns - clk500 rise@0.000ns)
  Data Path Delay:        1.902ns  (logic 0.234ns (12.303%)  route 1.668ns (87.697%))
  Logic Levels:           3  (LUT4=1 LUT6=2)
  Clock Path Skew:        0.011ns (DCD - SCD + CPR)
    Destination Clock Delay (DCD):    0.039ns = ( 2.039 - 2.000 ) 
    Source Clock Delay      (SCD):    0.028ns
    Clock Pessimism Removal (CPR):    0.000ns
  Clock Uncertainty:      0.035ns  ((TSJ^2 + TIJ^2)^1/2 + DJ) / 2 + PE
    Total System Jitter     (TSJ):    0.071ns
    Total Input Jitter      (TIJ):    0.000ns
    Discrete Jitter          (DJ):    0.000ns
    Phase Error              (PE):    0.000ns

    Location             Delay type                Incr(ns)  Path(ns)    Netlist Resource(s)
  -------------------------------------------------------------------    -------------------
                         (clock clk500 rise edge)     0.000     0.000 r  
                                                      0.000     0.000 r  clk500 (IN)
                         net (fo=27270, unset)        0.028     0.028    cfo/windows/poison_sync/dest_clk
    SLICE_X158Y100       FDRE                                         r  cfo/windows/poison_sync/syncstages_ff_reg[3]/C
  -------------------------------------------------------------------    -------------------
    SLICE_X158Y100       FDRE (Prop_DFF2_SLICEL_C_Q)
                                                      0.081     0.109 f  cfo/windows/poison_sync/syncstages_ff_reg[3]/Q
                         net (fo=12, routed)          0.800     0.909    cfo/windows/poison500
    SLICE_X142Y73                                                     f  cfo/windows/m_valid_INST_0/I3
    SLICE_X142Y73        LUT4 (Prop_E6LUT_SLICEM_I3_O)
                                                      0.052     0.961 r  cfo/windows/m_valid_INST_0/O
                         net (fo=8, routed)           0.100     1.061    cfo/observation_front/fft_core/m_valid_alias
    SLICE_X143Y73                                                     r  cfo/observation_front/fft_core/bank1_reg_bram_0_i_69_comp_3/I4
    SLICE_X143Y73        LUT6 (Prop_A6LUT_SLICEL_I4_O)
                                                      0.050     1.111 r  cfo/observation_front/fft_core/bank1_reg_bram_0_i_69_comp_3/O
                         net (fo=47, routed)          0.462     1.573    cfo/observation_front/fft_core/bank1_reg_bram_0_i_69_n_0
    SLICE_X145Y79                                                     r  cfo/observation_front/fft_core/bank1_reg_bram_1_i_11/I0
    SLICE_X145Y79        LUT6 (Prop_C6LUT_SLICEM_I0_O)
                                                      0.051     1.624 r  cfo/observation_front/fft_core/bank1_reg_bram_1_i_11/O
                         net (fo=1, routed)           0.306     1.930    cfo/observation_front/fft_core/bank1_reg_bram_1_i_11_n_0
    RAMB18_X10Y30        RAMB18E2                                     r  cfo/observation_front/fft_core/bank1_reg_bram_1/DINADIN[5]
  -------------------------------------------------------------------    -------------------

                         (clock clk500 rise edge)     2.000     2.000 r  
                                                      0.000     2.000 r  clk500 (IN)
                         net (fo=27270, unset)        0.039     2.039    cfo/observation_front/fft_core/clk
    RAMB18_X10Y30        RAMB18E2                                     r  cfo/observation_front/fft_core/bank1_reg_bram_1/CLKARDCLK
                         clock pessimism              0.000     2.039    
                         clock uncertainty           -0.035     2.004    
    RAMB18_X10Y30        RAMB18E2 (Setup_RAMB18E2_L_RAMB180_CLKARDCLK_DINADIN[5])
                                                     -0.248     1.756    cfo/observation_front/fft_core/bank1_reg_bram_1
  -------------------------------------------------------------------
                         required time                          1.756    
                         arrival time                          -1.930    
  -------------------------------------------------------------------
                         slack                                 -0.174    

Slack (VIOLATED) :        -0.172ns  (required time - arrival time)
  Source:                 cfo/windows/poison_sync/syncstages_ff_reg[3]/C
                            (rising edge-triggered cell FDRE clocked by clk500  {rise@0.000ns fall@1.000ns period=2.000ns})
  Destination:            cfo/observation_front/fft_core/bank1_reg_bram_0/DINADIN[8]
                            (rising edge-triggered cell RAMB36E2 clocked by clk500  {rise@0.000ns fall@1.000ns period=2.000ns})
  Path Group:             clk500
  Path Type:              Setup (Max at Slow Process Corner)
  Requirement:            2.000ns  (clk500 rise@2.000ns - clk500 rise@0.000ns)
  Data Path Delay:        1.887ns  (logic 0.306ns (16.216%)  route 1.581ns (83.784%))
  Logic Levels:           3  (LUT4=1 LUT6=2)
  Clock Path Skew:        0.011ns (DCD - SCD + CPR)
    Destination Clock Delay (DCD):    0.039ns = ( 2.039 - 2.000 ) 
    Source Clock Delay      (SCD):    0.028ns
    Clock Pessimism Removal (CPR):    0.000ns
  Clock Uncertainty:      0.035ns  ((TSJ^2 + TIJ^2)^1/2 + DJ) / 2 + PE
    Total System Jitter     (TSJ):    0.071ns
    Total Input Jitter      (TIJ):    0.000ns
    Discrete Jitter          (DJ):    0.000ns
    Phase Error              (PE):    0.000ns

    Location             Delay type                Incr(ns)  Path(ns)    Netlist Resource(s)
  -------------------------------------------------------------------    -------------------
                         (clock clk500 rise edge)     0.000     0.000 r  
                                                      0.000     0.000 r  clk500 (IN)
                         net (fo=27270, unset)        0.028     0.028    cfo/windows/poison_sync/dest_clk
    SLICE_X158Y100       FDRE                                         r  cfo/windows/poison_sync/syncstages_ff_reg[3]/C
  -------------------------------------------------------------------    -------------------
    SLICE_X158Y100       FDRE (Prop_DFF2_SLICEL_C_Q)
                                                      0.081     0.109 f  cfo/windows/poison_sync/syncstages_ff_reg[3]/Q
                         net (fo=12, routed)          0.800     0.909    cfo/windows/poison500
    SLICE_X142Y73                                                     f  cfo/windows/m_valid_INST_0/I3
    SLICE_X142Y73        LUT4 (Prop_E6LUT_SLICEM_I3_O)
                                                      0.052     0.961 r  cfo/windows/m_valid_INST_0/O
                         net (fo=8, routed)           0.100     1.061    cfo/observation_front/fft_core/m_valid_alias
    SLICE_X143Y73                                                     r  cfo/observation_front/fft_core/bank1_reg_bram_0_i_69_comp_3/I4
    SLICE_X143Y73        LUT6 (Prop_A6LUT_SLICEL_I4_O)
                                                      0.050     1.111 r  cfo/observation_front/fft_core/bank1_reg_bram_0_i_69_comp_3/O
                         net (fo=47, routed)          0.439     1.550    cfo/observation_front/fft_core/bank1_reg_bram_0_i_69_n_0
    SLICE_X146Y68                                                     r  cfo/observation_front/fft_core/bank1_reg_bram_0_i_47/I0
    SLICE_X146Y68        LUT6 (Prop_G6LUT_SLICEM_I0_O)
                                                      0.123     1.673 r  cfo/observation_front/fft_core/bank1_reg_bram_0_i_47/O
                         net (fo=1, routed)           0.242     1.915    cfo/observation_front/fft_core/bank1_reg_bram_0_i_47_n_0
    RAMB36_X10Y13        RAMB36E2                                     r  cfo/observation_front/fft_core/bank1_reg_bram_0/DINADIN[8]
  -------------------------------------------------------------------    -------------------

                         (clock clk500 rise edge)     2.000     2.000 r  
                                                      0.000     2.000 r  clk500 (IN)
                         net (fo=27270, unset)        0.039     2.039    cfo/observation_front/fft_core/clk
    RAMB36_X10Y13        RAMB36E2                                     r  cfo/observation_front/fft_core/bank1_reg_bram_0/CLKARDCLK
                         clock pessimism              0.000     2.039    
                         clock uncertainty           -0.035     2.004    
    RAMB36_X10Y13        RAMB36E2 (Setup_RAMB36E2_RAMB36_CLKARDCLK_DINADIN[8])
                                                     -0.261     1.743    cfo/observation_front/fft_core/bank1_reg_bram_0
  -------------------------------------------------------------------
                         required time                          1.743    
                         arrival time                          -1.915    
  -------------------------------------------------------------------
                         slack                                 -0.172    

Slack (VIOLATED) :        -0.169ns  (required time - arrival time)
  Source:                 cfo/observation_front/coefficient_page0_data_reg_0_1/CLKARDCLK
                            (rising edge-triggered cell RAMB36E2 clocked by clk500  {rise@0.000ns fall@1.000ns period=2.000ns})
  Destination:            cfo/observation_front/pr4_reg_i_5_psdsp_1/D
                            (rising edge-triggered cell FDRE clocked by clk500  {rise@0.000ns fall@1.000ns period=2.000ns})
  Path Group:             clk500
  Path Type:              Setup (Max at Slow Process Corner)
  Requirement:            2.000ns  (clk500 rise@2.000ns - clk500 rise@0.000ns)
  Data Path Delay:        2.103ns  (logic 1.161ns (55.207%)  route 0.942ns (44.793%))
  Logic Levels:           2  (LUT3=1 LUT6=1)
  Clock Path Skew:        -0.056ns (DCD - SCD + CPR)
    Destination Clock Delay (DCD):    0.020ns = ( 2.020 - 2.000 ) 
    Source Clock Delay      (SCD):    0.076ns
    Clock Pessimism Removal (CPR):    0.000ns
  Clock Uncertainty:      0.035ns  ((TSJ^2 + TIJ^2)^1/2 + DJ) / 2 + PE
    Total System Jitter     (TSJ):    0.071ns
    Total Input Jitter      (TIJ):    0.000ns
    Discrete Jitter          (DJ):    0.000ns
    Phase Error              (PE):    0.000ns

    Location             Delay type                Incr(ns)  Path(ns)    Netlist Resource(s)
  -------------------------------------------------------------------    -------------------
                         (clock clk500 rise edge)     0.000     0.000 r  
                                                      0.000     0.000 r  clk500 (IN)
                         net (fo=27270, unset)        0.076     0.076    cfo/observation_front/clk
    RAMB36_X10Y22        RAMB36E2                                     r  cfo/observation_front/coefficient_page0_data_reg_0_1/CLKARDCLK
  -------------------------------------------------------------------    -------------------
    RAMB36_X10Y22        RAMB36E2 (Prop_RAMB36E2_RAMB36_CLKARDCLK_DOUTADOUT[0])
                                                      1.020     1.096 f  cfo/observation_front/coefficient_page0_data_reg_0_1/DOUTADOUT[0]
                         net (fo=3, routed)           0.680     1.776    cfo/observation_front/coefficient_page0_data_reg[1]
    SLICE_X145Y63                                                     f  cfo/observation_front/rr3_reg_i_6/I2
    SLICE_X145Y63        LUT3 (Prop_F6LUT_SLICEM_I2_O)
                                                      0.051     1.827 f  cfo/observation_front/rr3_reg_i_6/O
                         net (fo=8, routed)           0.109     1.936    cfo/observation_front/coefficient_index0[1]
    SLICE_X145Y62                                                     f  cfo/observation_front/pr4_reg_i_5/I5
    SLICE_X145Y62        LUT6 (Prop_G6LUT_SLICEM_I5_O)
                                                      0.090     2.026 r  cfo/observation_front/pr4_reg_i_5/O
                         net (fo=2, routed)           0.153     2.179    cfo/observation_front/pr4_reg_i_5_n_0
    SLICE_X144Y62        FDRE                                         r  cfo/observation_front/pr4_reg_i_5_psdsp_1/D
  -------------------------------------------------------------------    -------------------

                         (clock clk500 rise edge)     2.000     2.000 r  
                                                      0.000     2.000 r  clk500 (IN)
                         net (fo=27270, unset)        0.020     2.020    cfo/observation_front/clk
    SLICE_X144Y62        FDRE                                         r  cfo/observation_front/pr4_reg_i_5_psdsp_1/C
                         clock pessimism              0.000     2.020    
                         clock uncertainty           -0.035     1.985    
    SLICE_X144Y62        FDRE (Setup_DFF2_SLICEL_C_D)
                                                      0.025     2.010    cfo/observation_front/pr4_reg_i_5_psdsp_1
  -------------------------------------------------------------------
                         required time                          2.010    
                         arrival time                          -2.179    
  -------------------------------------------------------------------
                         slack                                 -0.169    

Slack (VIOLATED) :        -0.165ns  (required time - arrival time)
  Source:                 cfo/observation_front/coefficient_page0_data_reg_0_1/CLKARDCLK
                            (rising edge-triggered cell RAMB36E2 clocked by clk500  {rise@0.000ns fall@1.000ns period=2.000ns})
  Destination:            cfo/observation_front/rr3_reg_i_5_psdsp/D
                            (rising edge-triggered cell FDRE clocked by clk500  {rise@0.000ns fall@1.000ns period=2.000ns})
  Path Group:             clk500
  Path Type:              Setup (Max at Slow Process Corner)
  Requirement:            2.000ns  (clk500 rise@2.000ns - clk500 rise@0.000ns)
  Data Path Delay:        2.100ns  (logic 1.123ns (53.476%)  route 0.977ns (46.524%))
  Logic Levels:           2  (LUT3=1 LUT6=1)
  Clock Path Skew:        -0.055ns (DCD - SCD + CPR)
    Destination Clock Delay (DCD):    0.021ns = ( 2.021 - 2.000 ) 
    Source Clock Delay      (SCD):    0.076ns
    Clock Pessimism Removal (CPR):    0.000ns
  Clock Uncertainty:      0.035ns  ((TSJ^2 + TIJ^2)^1/2 + DJ) / 2 + PE
    Total System Jitter     (TSJ):    0.071ns
    Total Input Jitter      (TIJ):    0.000ns
    Discrete Jitter          (DJ):    0.000ns
    Phase Error              (PE):    0.000ns

    Location             Delay type                Incr(ns)  Path(ns)    Netlist Resource(s)
  -------------------------------------------------------------------    -------------------
                         (clock clk500 rise edge)     0.000     0.000 r  
                                                      0.000     0.000 r  clk500 (IN)
                         net (fo=27270, unset)        0.076     0.076    cfo/observation_front/clk
    RAMB36_X10Y22        RAMB36E2                                     r  cfo/observation_front/coefficient_page0_data_reg_0_1/CLKARDCLK
  -------------------------------------------------------------------    -------------------
    RAMB36_X10Y22        RAMB36E2 (Prop_RAMB36E2_RAMB36_CLKARDCLK_DOUTADOUT[0])
                                                      1.020     1.096 r  cfo/observation_front/coefficient_page0_data_reg_0_1/DOUTADOUT[0]
                         net (fo=3, routed)           0.824     1.920    cfo/observation_front/coefficient_page0_data_reg[1]
    SLICE_X143Y63                                                     r  cfo/observation_front/rr3_reg_i_6_replica/I2
    SLICE_X143Y63        LUT3 (Prop_E6LUT_SLICEL_I2_O)
                                                      0.051     1.971 r  cfo/observation_front/rr3_reg_i_6_replica/O
                         net (fo=1, routed)           0.087     2.058    cfo/observation_front/coefficient_index0[1]_repN
    SLICE_X142Y63                                                     r  cfo/observation_front/rr3_reg_i_5/I0
    SLICE_X142Y63        LUT6 (Prop_B6LUT_SLICEM_I0_O)
                                                      0.052     2.110 r  cfo/observation_front/rr3_reg_i_5/O
                         net (fo=2, routed)           0.066     2.176    cfo/observation_front/rr3_reg_i_5_n_0
    SLICE_X142Y63        FDRE                                         r  cfo/observation_front/rr3_reg_i_5_psdsp/D
  -------------------------------------------------------------------    -------------------

                         (clock clk500 rise edge)     2.000     2.000 r  
                                                      0.000     2.000 r  clk500 (IN)
                         net (fo=27270, unset)        0.021     2.021    cfo/observation_front/clk
    SLICE_X142Y63        FDRE                                         r  cfo/observation_front/rr3_reg_i_5_psdsp/C
                         clock pessimism              0.000     2.021    
                         clock uncertainty           -0.035     1.986    
    SLICE_X142Y63        FDRE (Setup_BFF_SLICEM_C_D)
                                                      0.025     2.011    cfo/observation_front/rr3_reg_i_5_psdsp
  -------------------------------------------------------------------
                         required time                          2.011    
                         arrival time                          -2.176    
  -------------------------------------------------------------------
                         slack                                 -0.165    

Slack (VIOLATED) :        -0.164ns  (required time - arrival time)
  Source:                 cfo/observation_front/coefficient_page0_data_reg_0_1/CLKARDCLK
                            (rising edge-triggered cell RAMB36E2 clocked by clk500  {rise@0.000ns fall@1.000ns period=2.000ns})
  Destination:            cfo/observation_front/rr3_reg_i_5_psdsp_1/D
                            (rising edge-triggered cell FDRE clocked by clk500  {rise@0.000ns fall@1.000ns period=2.000ns})
  Path Group:             clk500
  Path Type:              Setup (Max at Slow Process Corner)
  Requirement:            2.000ns  (clk500 rise@2.000ns - clk500 rise@0.000ns)
  Data Path Delay:        2.099ns  (logic 1.123ns (53.502%)  route 0.976ns (46.498%))
  Logic Levels:           2  (LUT3=1 LUT6=1)
  Clock Path Skew:        -0.055ns (DCD - SCD + CPR)
    Destination Clock Delay (DCD):    0.021ns = ( 2.021 - 2.000 ) 
    Source Clock Delay      (SCD):    0.076ns
    Clock Pessimism Removal (CPR):    0.000ns
  Clock Uncertainty:      0.035ns  ((TSJ^2 + TIJ^2)^1/2 + DJ) / 2 + PE
    Total System Jitter     (TSJ):    0.071ns
    Total Input Jitter      (TIJ):    0.000ns
    Discrete Jitter          (DJ):    0.000ns
    Phase Error              (PE):    0.000ns

    Location             Delay type                Incr(ns)  Path(ns)    Netlist Resource(s)
  -------------------------------------------------------------------    -------------------
                         (clock clk500 rise edge)     0.000     0.000 r  
                                                      0.000     0.000 r  clk500 (IN)
                         net (fo=27270, unset)        0.076     0.076    cfo/observation_front/clk
    RAMB36_X10Y22        RAMB36E2                                     r  cfo/observation_front/coefficient_page0_data_reg_0_1/CLKARDCLK
  -------------------------------------------------------------------    -------------------
    RAMB36_X10Y22        RAMB36E2 (Prop_RAMB36E2_RAMB36_CLKARDCLK_DOUTADOUT[0])
                                                      1.020     1.096 r  cfo/observation_front/coefficient_page0_data_reg_0_1/DOUTADOUT[0]
                         net (fo=3, routed)           0.824     1.920    cfo/observation_front/coefficient_page0_data_reg[1]
    SLICE_X143Y63                                                     r  cfo/observation_front/rr3_reg_i_6_replica/I2
    SLICE_X143Y63        LUT3 (Prop_E6LUT_SLICEL_I2_O)
                                                      0.051     1.971 r  cfo/observation_front/rr3_reg_i_6_replica/O
                         net (fo=1, routed)           0.087     2.058    cfo/observation_front/coefficient_index0[1]_repN
    SLICE_X142Y63                                                     r  cfo/observation_front/rr3_reg_i_5/I0
    SLICE_X142Y63        LUT6 (Prop_B6LUT_SLICEM_I0_O)
                                                      0.052     2.110 r  cfo/observation_front/rr3_reg_i_5/O
                         net (fo=2, routed)           0.065     2.175    cfo/observation_front/rr3_reg_i_5_n_0
    SLICE_X142Y63        FDRE                                         r  cfo/observation_front/rr3_reg_i_5_psdsp_1/D
  -------------------------------------------------------------------    -------------------

                         (clock clk500 rise edge)     2.000     2.000 r  
                                                      0.000     2.000 r  clk500 (IN)
                         net (fo=27270, unset)        0.021     2.021    cfo/observation_front/clk
    SLICE_X142Y63        FDRE                                         r  cfo/observation_front/rr3_reg_i_5_psdsp_1/C
                         clock pessimism              0.000     2.021    
                         clock uncertainty           -0.035     1.986    
    SLICE_X142Y63        FDRE (Setup_BFF2_SLICEM_C_D)
                                                      0.025     2.011    cfo/observation_front/rr3_reg_i_5_psdsp_1
  -------------------------------------------------------------------
                         required time                          2.011    
                         arrival time                          -2.175    
  -------------------------------------------------------------------
                         slack                                 -0.164    

Slack (VIOLATED) :        -0.159ns  (required time - arrival time)
  Source:                 cfo/windows/poison_sync/syncstages_ff_reg[3]/C
                            (rising edge-triggered cell FDRE clocked by clk500  {rise@0.000ns fall@1.000ns period=2.000ns})
  Destination:            cfo/windows/output_record_reg[17]/CE
                            (rising edge-triggered cell FDRE clocked by clk500  {rise@0.000ns fall@1.000ns period=2.000ns})
  Path Group:             clk500
  Path Type:              Setup (Max at Slow Process Corner)
  Requirement:            2.000ns  (clk500 rise@2.000ns - clk500 rise@0.000ns)
  Data Path Delay:        2.056ns  (logic 0.435ns (21.158%)  route 1.621ns (78.842%))
  Logic Levels:           4  (LUT3=1 LUT5=1 LUT6=2)
  Clock Path Skew:        -0.008ns (DCD - SCD + CPR)
    Destination Clock Delay (DCD):    0.020ns = ( 2.020 - 2.000 ) 
    Source Clock Delay      (SCD):    0.028ns
    Clock Pessimism Removal (CPR):    0.000ns
  Clock Uncertainty:      0.035ns  ((TSJ^2 + TIJ^2)^1/2 + DJ) / 2 + PE
    Total System Jitter     (TSJ):    0.071ns
    Total Input Jitter      (TIJ):    0.000ns
    Discrete Jitter          (DJ):    0.000ns
    Phase Error              (PE):    0.000ns

    Location             Delay type                Incr(ns)  Path(ns)    Netlist Resource(s)
  -------------------------------------------------------------------    -------------------
                         (clock clk500 rise edge)     0.000     0.000 r  
                                                      0.000     0.000 r  clk500 (IN)
                         net (fo=27270, unset)        0.028     0.028    cfo/windows/poison_sync/dest_clk
    SLICE_X158Y100       FDRE                                         r  cfo/windows/poison_sync/syncstages_ff_reg[3]/C
  -------------------------------------------------------------------    -------------------
    SLICE_X158Y100       FDRE (Prop_DFF2_SLICEL_C_Q)
                                                      0.081     0.109 f  cfo/windows/poison_sync/syncstages_ff_reg[3]/Q
                         net (fo=12, routed)          0.687     0.796    cfo/windows/poison500
    SLICE_X142Y84                                                     f  cfo/windows/packed_count[1]_i_1/I0
    SLICE_X142Y84        LUT3 (Prop_F6LUT_SLICEM_I0_O)
                                                      0.051     0.847 f  cfo/windows/packed_count[1]_i_1/O
                         net (fo=11, routed)          0.102     0.949    cfo/windows/fast_stop
    SLICE_X142Y85                                                     f  cfo/windows/window_credits_i_3/I5
    SLICE_X142Y85        LUT6 (Prop_E6LUT_SLICEM_I5_O)
                                                      0.091     1.040 f  cfo/windows/window_credits_i_3/O
                         net (fo=3, routed)           0.052     1.092    cfo/windows/window_credits_i_3_n_0
    SLICE_X142Y85                                                     f  cfo/windows/window_credits_i_2/I5
    SLICE_X142Y85        LUT6 (Prop_D6LUT_SLICEM_I5_O)
                                                      0.088     1.180 r  cfo/windows/window_credits_i_2/O
                         net (fo=19, routed)          0.257     1.437    cfo/windows/p_30_in
    SLICE_X142Y82                                                     r  cfo/windows/output_record[134]_i_1_rewire/I0
    SLICE_X142Y82        LUT5 (Prop_E6LUT_SLICEM_I0_O)
                                                      0.124     1.561 r  cfo/windows/output_record[134]_i_1_rewire/O
                         net (fo=115, routed)         0.523     2.084    cfo/windows/output_record
    SLICE_X143Y95        FDRE                                         r  cfo/windows/output_record_reg[17]/CE
  -------------------------------------------------------------------    -------------------

                         (clock clk500 rise edge)     2.000     2.000 r  
                                                      0.000     2.000 r  clk500 (IN)
                         net (fo=27270, unset)        0.020     2.020    cfo/windows/clk500
    SLICE_X143Y95        FDRE                                         r  cfo/windows/output_record_reg[17]/C
                         clock pessimism              0.000     2.020    
                         clock uncertainty           -0.035     1.985    
    SLICE_X143Y95        FDRE (Setup_HFF_SLICEL_C_CE)
                                                     -0.060     1.925    cfo/windows/output_record_reg[17]
  -------------------------------------------------------------------
                         required time                          1.925    
                         arrival time                          -2.084    
  -------------------------------------------------------------------
                         slack                                 -0.159    

Slack (VIOLATED) :        -0.159ns  (required time - arrival time)
  Source:                 cfo/windows/poison_sync/syncstages_ff_reg[3]/C
                            (rising edge-triggered cell FDRE clocked by clk500  {rise@0.000ns fall@1.000ns period=2.000ns})
  Destination:            cfo/windows/output_record_reg[34]/CE
                            (rising edge-triggered cell FDRE clocked by clk500  {rise@0.000ns fall@1.000ns period=2.000ns})
  Path Group:             clk500
  Path Type:              Setup (Max at Slow Process Corner)
  Requirement:            2.000ns  (clk500 rise@2.000ns - clk500 rise@0.000ns)
  Data Path Delay:        2.056ns  (logic 0.435ns (21.158%)  route 1.621ns (78.842%))
  Logic Levels:           4  (LUT3=1 LUT5=1 LUT6=2)
  Clock Path Skew:        -0.008ns (DCD - SCD + CPR)
    Destination Clock Delay (DCD):    0.020ns = ( 2.020 - 2.000 ) 
    Source Clock Delay      (SCD):    0.028ns
    Clock Pessimism Removal (CPR):    0.000ns
  Clock Uncertainty:      0.035ns  ((TSJ^2 + TIJ^2)^1/2 + DJ) / 2 + PE
    Total System Jitter     (TSJ):    0.071ns
    Total Input Jitter      (TIJ):    0.000ns
    Discrete Jitter          (DJ):    0.000ns
    Phase Error              (PE):    0.000ns

    Location             Delay type                Incr(ns)  Path(ns)    Netlist Resource(s)
  -------------------------------------------------------------------    -------------------
                         (clock clk500 rise edge)     0.000     0.000 r  
                                                      0.000     0.000 r  clk500 (IN)
                         net (fo=27270, unset)        0.028     0.028    cfo/windows/poison_sync/dest_clk
    SLICE_X158Y100       FDRE                                         r  cfo/windows/poison_sync/syncstages_ff_reg[3]/C
  -------------------------------------------------------------------    -------------------
    SLICE_X158Y100       FDRE (Prop_DFF2_SLICEL_C_Q)
                                                      0.081     0.109 f  cfo/windows/poison_sync/syncstages_ff_reg[3]/Q
                         net (fo=12, routed)          0.687     0.796    cfo/windows/poison500
    SLICE_X142Y84                                                     f  cfo/windows/packed_count[1]_i_1/I0
    SLICE_X142Y84        LUT3 (Prop_F6LUT_SLICEM_I0_O)
                                                      0.051     0.847 f  cfo/windows/packed_count[1]_i_1/O
                         net (fo=11, routed)          0.102     0.949    cfo/windows/fast_stop
    SLICE_X142Y85                                                     f  cfo/windows/window_credits_i_3/I5
    SLICE_X142Y85        LUT6 (Prop_E6LUT_SLICEM_I5_O)
                                                      0.091     1.040 f  cfo/windows/window_credits_i_3/O
                         net (fo=3, routed)           0.052     1.092    cfo/windows/window_credits_i_3_n_0
    SLICE_X142Y85                                                     f  cfo/windows/window_credits_i_2/I5
    SLICE_X142Y85        LUT6 (Prop_D6LUT_SLICEM_I5_O)
                                                      0.088     1.180 r  cfo/windows/window_credits_i_2/O
                         net (fo=19, routed)          0.257     1.437    cfo/windows/p_30_in
    SLICE_X142Y82                                                     r  cfo/windows/output_record[134]_i_1_rewire/I0
    SLICE_X142Y82        LUT5 (Prop_E6LUT_SLICEM_I0_O)
                                                      0.124     1.561 r  cfo/windows/output_record[134]_i_1_rewire/O
                         net (fo=115, routed)         0.523     2.084    cfo/windows/output_record
    SLICE_X143Y95        FDRE                                         r  cfo/windows/output_record_reg[34]/CE
  -------------------------------------------------------------------    -------------------

                         (clock clk500 rise edge)     2.000     2.000 r  
                                                      0.000     2.000 r  clk500 (IN)
                         net (fo=27270, unset)        0.020     2.020    cfo/windows/clk500
    SLICE_X143Y95        FDRE                                         r  cfo/windows/output_record_reg[34]/C
                         clock pessimism              0.000     2.020    
                         clock uncertainty           -0.035     1.985    
    SLICE_X143Y95        FDRE (Setup_GFF_SLICEL_C_CE)
                                                     -0.060     1.925    cfo/windows/output_record_reg[34]
  -------------------------------------------------------------------
                         required time                          1.925    
                         arrival time                          -2.084    
  -------------------------------------------------------------------
                         slack                                 -0.159    

Slack (VIOLATED) :        -0.156ns  (required time - arrival time)
  Source:                 cfo/windows/poison_sync/syncstages_ff_reg[3]/C
                            (rising edge-triggered cell FDRE clocked by clk500  {rise@0.000ns fall@1.000ns period=2.000ns})
  Destination:            cfo/windows/output_record_reg[13]/CE
                            (rising edge-triggered cell FDRE clocked by clk500  {rise@0.000ns fall@1.000ns period=2.000ns})
  Path Group:             clk500
  Path Type:              Setup (Max at Slow Process Corner)
  Requirement:            2.000ns  (clk500 rise@2.000ns - clk500 rise@0.000ns)
  Data Path Delay:        2.053ns  (logic 0.435ns (21.189%)  route 1.618ns (78.811%))
  Logic Levels:           4  (LUT3=1 LUT5=1 LUT6=2)
  Clock Path Skew:        -0.007ns (DCD - SCD + CPR)
    Destination Clock Delay (DCD):    0.021ns = ( 2.021 - 2.000 ) 
    Source Clock Delay      (SCD):    0.028ns
    Clock Pessimism Removal (CPR):    0.000ns
  Clock Uncertainty:      0.035ns  ((TSJ^2 + TIJ^2)^1/2 + DJ) / 2 + PE
    Total System Jitter     (TSJ):    0.071ns
    Total Input Jitter      (TIJ):    0.000ns
    Discrete Jitter          (DJ):    0.000ns
    Phase Error              (PE):    0.000ns

    Location             Delay type                Incr(ns)  Path(ns)    Netlist Resource(s)
  -------------------------------------------------------------------    -------------------
                         (clock clk500 rise edge)     0.000     0.000 r  
                                                      0.000     0.000 r  clk500 (IN)
                         net (fo=27270, unset)        0.028     0.028    cfo/windows/poison_sync/dest_clk
    SLICE_X158Y100       FDRE                                         r  cfo/windows/poison_sync/syncstages_ff_reg[3]/C
  -------------------------------------------------------------------    -------------------
    SLICE_X158Y100       FDRE (Prop_DFF2_SLICEL_C_Q)
                                                      0.081     0.109 f  cfo/windows/poison_sync/syncstages_ff_reg[3]/Q
                         net (fo=12, routed)          0.687     0.796    cfo/windows/poison500
    SLICE_X142Y84                                                     f  cfo/windows/packed_count[1]_i_1/I0
    SLICE_X142Y84        LUT3 (Prop_F6LUT_SLICEM_I0_O)
                                                      0.051     0.847 f  cfo/windows/packed_count[1]_i_1/O
                         net (fo=11, routed)          0.102     0.949    cfo/windows/fast_stop
    SLICE_X142Y85                                                     f  cfo/windows/window_credits_i_3/I5
    SLICE_X142Y85        LUT6 (Prop_E6LUT_SLICEM_I5_O)
                                                      0.091     1.040 f  cfo/windows/window_credits_i_3/O
                         net (fo=3, routed)           0.052     1.092    cfo/windows/window_credits_i_3_n_0
    SLICE_X142Y85                                                     f  cfo/windows/window_credits_i_2/I5
    SLICE_X142Y85        LUT6 (Prop_D6LUT_SLICEM_I5_O)
                                                      0.088     1.180 r  cfo/windows/window_credits_i_2/O
                         net (fo=19, routed)          0.257     1.437    cfo/windows/p_30_in
    SLICE_X142Y82                                                     r  cfo/windows/output_record[134]_i_1_rewire/I0
    SLICE_X142Y82        LUT5 (Prop_E6LUT_SLICEM_I0_O)
                                                      0.124     1.561 r  cfo/windows/output_record[134]_i_1_rewire/O
                         net (fo=115, routed)         0.520     2.081    cfo/windows/output_record
    SLICE_X142Y93        FDRE                                         r  cfo/windows/output_record_reg[13]/CE
  -------------------------------------------------------------------    -------------------

                         (clock clk500 rise edge)     2.000     2.000 r  
                                                      0.000     2.000 r  clk500 (IN)
                         net (fo=27270, unset)        0.021     2.021    cfo/windows/clk500
    SLICE_X142Y93        FDRE                                         r  cfo/windows/output_record_reg[13]/C
                         clock pessimism              0.000     2.021    
                         clock uncertainty           -0.035     1.986    
    SLICE_X142Y93        FDRE (Setup_HFF_SLICEM_C_CE)
                                                     -0.061     1.925    cfo/windows/output_record_reg[13]
  -------------------------------------------------------------------
                         required time                          1.925    
                         arrival time                          -2.081    
  -------------------------------------------------------------------
                         slack                                 -0.156    

Slack (VIOLATED) :        -0.156ns  (required time - arrival time)
  Source:                 cfo/windows/poison_sync/syncstages_ff_reg[3]/C
                            (rising edge-triggered cell FDRE clocked by clk500  {rise@0.000ns fall@1.000ns period=2.000ns})
  Destination:            cfo/windows/output_record_reg[18]/CE
                            (rising edge-triggered cell FDRE clocked by clk500  {rise@0.000ns fall@1.000ns period=2.000ns})
  Path Group:             clk500
  Path Type:              Setup (Max at Slow Process Corner)
  Requirement:            2.000ns  (clk500 rise@2.000ns - clk500 rise@0.000ns)
  Data Path Delay:        2.053ns  (logic 0.435ns (21.189%)  route 1.618ns (78.811%))
  Logic Levels:           4  (LUT3=1 LUT5=1 LUT6=2)
  Clock Path Skew:        -0.007ns (DCD - SCD + CPR)
    Destination Clock Delay (DCD):    0.021ns = ( 2.021 - 2.000 ) 
    Source Clock Delay      (SCD):    0.028ns
    Clock Pessimism Removal (CPR):    0.000ns
  Clock Uncertainty:      0.035ns  ((TSJ^2 + TIJ^2)^1/2 + DJ) / 2 + PE
    Total System Jitter     (TSJ):    0.071ns
    Total Input Jitter      (TIJ):    0.000ns
    Discrete Jitter          (DJ):    0.000ns
    Phase Error              (PE):    0.000ns

    Location             Delay type                Incr(ns)  Path(ns)    Netlist Resource(s)
  -------------------------------------------------------------------    -------------------
                         (clock clk500 rise edge)     0.000     0.000 r  
                                                      0.000     0.000 r  clk500 (IN)
                         net (fo=27270, unset)        0.028     0.028    cfo/windows/poison_sync/dest_clk
    SLICE_X158Y100       FDRE                                         r  cfo/windows/poison_sync/syncstages_ff_reg[3]/C
  -------------------------------------------------------------------    -------------------
    SLICE_X158Y100       FDRE (Prop_DFF2_SLICEL_C_Q)
                                                      0.081     0.109 f  cfo/windows/poison_sync/syncstages_ff_reg[3]/Q
                         net (fo=12, routed)          0.687     0.796    cfo/windows/poison500
    SLICE_X142Y84                                                     f  cfo/windows/packed_count[1]_i_1/I0
    SLICE_X142Y84        LUT3 (Prop_F6LUT_SLICEM_I0_O)
                                                      0.051     0.847 f  cfo/windows/packed_count[1]_i_1/O
                         net (fo=11, routed)          0.102     0.949    cfo/windows/fast_stop
    SLICE_X142Y85                                                     f  cfo/windows/window_credits_i_3/I5
    SLICE_X142Y85        LUT6 (Prop_E6LUT_SLICEM_I5_O)
                                                      0.091     1.040 f  cfo/windows/window_credits_i_3/O
                         net (fo=3, routed)           0.052     1.092    cfo/windows/window_credits_i_3_n_0
    SLICE_X142Y85                                                     f  cfo/windows/window_credits_i_2/I5
    SLICE_X142Y85        LUT6 (Prop_D6LUT_SLICEM_I5_O)
                                                      0.088     1.180 r  cfo/windows/window_credits_i_2/O
                         net (fo=19, routed)          0.257     1.437    cfo/windows/p_30_in
    SLICE_X142Y82                                                     r  cfo/windows/output_record[134]_i_1_rewire/I0
    SLICE_X142Y82        LUT5 (Prop_E6LUT_SLICEM_I0_O)
                                                      0.124     1.561 r  cfo/windows/output_record[134]_i_1_rewire/O
                         net (fo=115, routed)         0.520     2.081    cfo/windows/output_record
    SLICE_X142Y93        FDRE                                         r  cfo/windows/output_record_reg[18]/CE
  -------------------------------------------------------------------    -------------------

                         (clock clk500 rise edge)     2.000     2.000 r  
                                                      0.000     2.000 r  clk500 (IN)
                         net (fo=27270, unset)        0.021     2.021    cfo/windows/clk500
    SLICE_X142Y93        FDRE                                         r  cfo/windows/output_record_reg[18]/C
                         clock pessimism              0.000     2.021    
                         clock uncertainty           -0.035     1.986    
    SLICE_X142Y93        FDRE (Setup_GFF_SLICEM_C_CE)
                                                     -0.061     1.925    cfo/windows/output_record_reg[18]
  -------------------------------------------------------------------
                         required time                          1.925    
                         arrival time                          -2.081    
  -------------------------------------------------------------------
                         slack                                 -0.156    

Slack (VIOLATED) :        -0.156ns  (required time - arrival time)
  Source:                 cfo/windows/poison_sync/syncstages_ff_reg[3]/C
                            (rising edge-triggered cell FDRE clocked by clk500  {rise@0.000ns fall@1.000ns period=2.000ns})
  Destination:            cfo/windows/output_record_reg[38]/CE
                            (rising edge-triggered cell FDRE clocked by clk500  {rise@0.000ns fall@1.000ns period=2.000ns})
  Path Group:             clk500
  Path Type:              Setup (Max at Slow Process Corner)
  Requirement:            2.000ns  (clk500 rise@2.000ns - clk500 rise@0.000ns)
  Data Path Delay:        2.053ns  (logic 0.435ns (21.189%)  route 1.618ns (78.811%))
  Logic Levels:           4  (LUT3=1 LUT5=1 LUT6=2)
  Clock Path Skew:        -0.007ns (DCD - SCD + CPR)
    Destination Clock Delay (DCD):    0.021ns = ( 2.021 - 2.000 ) 
    Source Clock Delay      (SCD):    0.028ns
    Clock Pessimism Removal (CPR):    0.000ns
  Clock Uncertainty:      0.035ns  ((TSJ^2 + TIJ^2)^1/2 + DJ) / 2 + PE
    Total System Jitter     (TSJ):    0.071ns
    Total Input Jitter      (TIJ):    0.000ns
    Discrete Jitter          (DJ):    0.000ns
    Phase Error              (PE):    0.000ns

    Location             Delay type                Incr(ns)  Path(ns)    Netlist Resource(s)
  -------------------------------------------------------------------    -------------------
                         (clock clk500 rise edge)     0.000     0.000 r  
                                                      0.000     0.000 r  clk500 (IN)
                         net (fo=27270, unset)        0.028     0.028    cfo/windows/poison_sync/dest_clk
    SLICE_X158Y100       FDRE                                         r  cfo/windows/poison_sync/syncstages_ff_reg[3]/C
  -------------------------------------------------------------------    -------------------
    SLICE_X158Y100       FDRE (Prop_DFF2_SLICEL_C_Q)
                                                      0.081     0.109 f  cfo/windows/poison_sync/syncstages_ff_reg[3]/Q
                         net (fo=12, routed)          0.687     0.796    cfo/windows/poison500
    SLICE_X142Y84                                                     f  cfo/windows/packed_count[1]_i_1/I0
    SLICE_X142Y84        LUT3 (Prop_F6LUT_SLICEM_I0_O)
                                                      0.051     0.847 f  cfo/windows/packed_count[1]_i_1/O
                         net (fo=11, routed)          0.102     0.949    cfo/windows/fast_stop
    SLICE_X142Y85                                                     f  cfo/windows/window_credits_i_3/I5
    SLICE_X142Y85        LUT6 (Prop_E6LUT_SLICEM_I5_O)
                                                      0.091     1.040 f  cfo/windows/window_credits_i_3/O
                         net (fo=3, routed)           0.052     1.092    cfo/windows/window_credits_i_3_n_0
    SLICE_X142Y85                                                     f  cfo/windows/window_credits_i_2/I5
    SLICE_X142Y85        LUT6 (Prop_D6LUT_SLICEM_I5_O)
                                                      0.088     1.180 r  cfo/windows/window_credits_i_2/O
                         net (fo=19, routed)          0.257     1.437    cfo/windows/p_30_in
    SLICE_X142Y82                                                     r  cfo/windows/output_record[134]_i_1_rewire/I0
    SLICE_X142Y82        LUT5 (Prop_E6LUT_SLICEM_I0_O)
                                                      0.124     1.561 r  cfo/windows/output_record[134]_i_1_rewire/O
                         net (fo=115, routed)         0.520     2.081    cfo/windows/output_record
    SLICE_X142Y93        FDRE                                         r  cfo/windows/output_record_reg[38]/CE
  -------------------------------------------------------------------    -------------------

                         (clock clk500 rise edge)     2.000     2.000 r  
                                                      0.000     2.000 r  clk500 (IN)
                         net (fo=27270, unset)        0.021     2.021    cfo/windows/clk500
    SLICE_X142Y93        FDRE                                         r  cfo/windows/output_record_reg[38]/C
                         clock pessimism              0.000     2.021    
                         clock uncertainty           -0.035     1.986    
    SLICE_X142Y93        FDRE (Setup_FFF_SLICEM_C_CE)
                                                     -0.061     1.925    cfo/windows/output_record_reg[38]
  -------------------------------------------------------------------
                         required time                          1.925    
                         arrival time                          -2.081    
  -------------------------------------------------------------------
                         slack                                 -0.156    

Slack (VIOLATED) :        -0.156ns  (required time - arrival time)
  Source:                 cfo/windows/poison_sync/syncstages_ff_reg[3]/C
                            (rising edge-triggered cell FDRE clocked by clk500  {rise@0.000ns fall@1.000ns period=2.000ns})
  Destination:            cfo/windows/output_record_reg[41]/CE
                            (rising edge-triggered cell FDRE clocked by clk500  {rise@0.000ns fall@1.000ns period=2.000ns})
  Path Group:             clk500
  Path Type:              Setup (Max at Slow Process Corner)
  Requirement:            2.000ns  (clk500 rise@2.000ns - clk500 rise@0.000ns)
  Data Path Delay:        2.053ns  (logic 0.435ns (21.189%)  route 1.618ns (78.811%))
  Logic Levels:           4  (LUT3=1 LUT5=1 LUT6=2)
  Clock Path Skew:        -0.007ns (DCD - SCD + CPR)
    Destination Clock Delay (DCD):    0.021ns = ( 2.021 - 2.000 ) 
    Source Clock Delay      (SCD):    0.028ns
    Clock Pessimism Removal (CPR):    0.000ns
  Clock Uncertainty:      0.035ns  ((TSJ^2 + TIJ^2)^1/2 + DJ) / 2 + PE
    Total System Jitter     (TSJ):    0.071ns
    Total Input Jitter      (TIJ):    0.000ns
    Discrete Jitter          (DJ):    0.000ns
    Phase Error              (PE):    0.000ns

    Location             Delay type                Incr(ns)  Path(ns)    Netlist Resource(s)
  -------------------------------------------------------------------    -------------------
                         (clock clk500 rise edge)     0.000     0.000 r  
                                                      0.000     0.000 r  clk500 (IN)
                         net (fo=27270, unset)        0.028     0.028    cfo/windows/poison_sync/dest_clk
    SLICE_X158Y100       FDRE                                         r  cfo/windows/poison_sync/syncstages_ff_reg[3]/C
  -------------------------------------------------------------------    -------------------
    SLICE_X158Y100       FDRE (Prop_DFF2_SLICEL_C_Q)
                                                      0.081     0.109 f  cfo/windows/poison_sync/syncstages_ff_reg[3]/Q
                         net (fo=12, routed)          0.687     0.796    cfo/windows/poison500
    SLICE_X142Y84                                                     f  cfo/windows/packed_count[1]_i_1/I0
    SLICE_X142Y84        LUT3 (Prop_F6LUT_SLICEM_I0_O)
                                                      0.051     0.847 f  cfo/windows/packed_count[1]_i_1/O
                         net (fo=11, routed)          0.102     0.949    cfo/windows/fast_stop
    SLICE_X142Y85                                                     f  cfo/windows/window_credits_i_3/I5
    SLICE_X142Y85        LUT6 (Prop_E6LUT_SLICEM_I5_O)
                                                      0.091     1.040 f  cfo/windows/window_credits_i_3/O
                         net (fo=3, routed)           0.052     1.092    cfo/windows/window_credits_i_3_n_0
    SLICE_X142Y85                                                     f  cfo/windows/window_credits_i_2/I5
    SLICE_X142Y85        LUT6 (Prop_D6LUT_SLICEM_I5_O)
                                                      0.088     1.180 r  cfo/windows/window_credits_i_2/O
                         net (fo=19, routed)          0.257     1.437    cfo/windows/p_30_in
    SLICE_X142Y82                                                     r  cfo/windows/output_record[134]_i_1_rewire/I0
    SLICE_X142Y82        LUT5 (Prop_E6LUT_SLICEM_I0_O)
                                                      0.124     1.561 r  cfo/windows/output_record[134]_i_1_rewire/O
                         net (fo=115, routed)         0.520     2.081    cfo/windows/output_record
    SLICE_X142Y93        FDRE                                         r  cfo/windows/output_record_reg[41]/CE
  -------------------------------------------------------------------    -------------------

                         (clock clk500 rise edge)     2.000     2.000 r  
                                                      0.000     2.000 r  clk500 (IN)
                         net (fo=27270, unset)        0.021     2.021    cfo/windows/clk500
    SLICE_X142Y93        FDRE                                         r  cfo/windows/output_record_reg[41]/C
                         clock pessimism              0.000     2.021    
                         clock uncertainty           -0.035     1.986    
    SLICE_X142Y93        FDRE (Setup_EFF_SLICEM_C_CE)
                                                     -0.061     1.925    cfo/windows/output_record_reg[41]
  -------------------------------------------------------------------
                         required time                          1.925    
                         arrival time                          -2.081    
  -------------------------------------------------------------------
                         slack                                 -0.156    

Slack (VIOLATED) :        -0.155ns  (required time - arrival time)
  Source:                 cfo/windows/poison_sync/syncstages_ff_reg[3]/C
                            (rising edge-triggered cell FDRE clocked by clk500  {rise@0.000ns fall@1.000ns period=2.000ns})
  Destination:            cfo/windows/output_record_reg[122]/CE
                            (rising edge-triggered cell FDRE clocked by clk500  {rise@0.000ns fall@1.000ns period=2.000ns})
  Path Group:             clk500
  Path Type:              Setup (Max at Slow Process Corner)
  Requirement:            2.000ns  (clk500 rise@2.000ns - clk500 rise@0.000ns)
  Data Path Delay:        2.052ns  (logic 0.435ns (21.199%)  route 1.617ns (78.801%))
  Logic Levels:           4  (LUT3=1 LUT5=1 LUT6=2)
  Clock Path Skew:        -0.007ns (DCD - SCD + CPR)
    Destination Clock Delay (DCD):    0.021ns = ( 2.021 - 2.000 ) 
    Source Clock Delay      (SCD):    0.028ns
    Clock Pessimism Removal (CPR):    0.000ns
  Clock Uncertainty:      0.035ns  ((TSJ^2 + TIJ^2)^1/2 + DJ) / 2 + PE
    Total System Jitter     (TSJ):    0.071ns
    Total Input Jitter      (TIJ):    0.000ns
    Discrete Jitter          (DJ):    0.000ns
    Phase Error              (PE):    0.000ns

    Location             Delay type                Incr(ns)  Path(ns)    Netlist Resource(s)
  -------------------------------------------------------------------    -------------------
                         (clock clk500 rise edge)     0.000     0.000 r  
                                                      0.000     0.000 r  clk500 (IN)
                         net (fo=27270, unset)        0.028     0.028    cfo/windows/poison_sync/dest_clk
    SLICE_X158Y100       FDRE                                         r  cfo/windows/poison_sync/syncstages_ff_reg[3]/C
  -------------------------------------------------------------------    -------------------
    SLICE_X158Y100       FDRE (Prop_DFF2_SLICEL_C_Q)
                                                      0.081     0.109 f  cfo/windows/poison_sync/syncstages_ff_reg[3]/Q
                         net (fo=12, routed)          0.687     0.796    cfo/windows/poison500
    SLICE_X142Y84                                                     f  cfo/windows/packed_count[1]_i_1/I0
    SLICE_X142Y84        LUT3 (Prop_F6LUT_SLICEM_I0_O)
                                                      0.051     0.847 f  cfo/windows/packed_count[1]_i_1/O
                         net (fo=11, routed)          0.102     0.949    cfo/windows/fast_stop
    SLICE_X142Y85                                                     f  cfo/windows/window_credits_i_3/I5
    SLICE_X142Y85        LUT6 (Prop_E6LUT_SLICEM_I5_O)
                                                      0.091     1.040 f  cfo/windows/window_credits_i_3/O
                         net (fo=3, routed)           0.052     1.092    cfo/windows/window_credits_i_3_n_0
    SLICE_X142Y85                                                     f  cfo/windows/window_credits_i_2/I5
    SLICE_X142Y85        LUT6 (Prop_D6LUT_SLICEM_I5_O)
                                                      0.088     1.180 r  cfo/windows/window_credits_i_2/O
                         net (fo=19, routed)          0.257     1.437    cfo/windows/p_30_in
    SLICE_X142Y82                                                     r  cfo/windows/output_record[134]_i_1_rewire/I0
    SLICE_X142Y82        LUT5 (Prop_E6LUT_SLICEM_I0_O)
                                                      0.124     1.561 r  cfo/windows/output_record[134]_i_1_rewire/O
                         net (fo=115, routed)         0.519     2.080    cfo/windows/output_record
    SLICE_X139Y72        FDRE                                         r  cfo/windows/output_record_reg[122]/CE
  -------------------------------------------------------------------    -------------------

                         (clock clk500 rise edge)     2.000     2.000 r  
                                                      0.000     2.000 r  clk500 (IN)
                         net (fo=27270, unset)        0.021     2.021    cfo/windows/clk500
    SLICE_X139Y72        FDRE                                         r  cfo/windows/output_record_reg[122]/C
                         clock pessimism              0.000     2.021    
                         clock uncertainty           -0.035     1.986    
    SLICE_X139Y72        FDRE (Setup_EFF2_SLICEM_C_CE)
                                                     -0.061     1.925    cfo/windows/output_record_reg[122]
  -------------------------------------------------------------------
                         required time                          1.925    
                         arrival time                          -2.080    
  -------------------------------------------------------------------
                         slack                                 -0.155    

Slack (VIOLATED) :        -0.155ns  (required time - arrival time)
  Source:                 cfo/windows/poison_sync/syncstages_ff_reg[3]/C
                            (rising edge-triggered cell FDRE clocked by clk500  {rise@0.000ns fall@1.000ns period=2.000ns})
  Destination:            cfo/windows/output_record_reg[20]/CE
                            (rising edge-triggered cell FDRE clocked by clk500  {rise@0.000ns fall@1.000ns period=2.000ns})
  Path Group:             clk500
  Path Type:              Setup (Max at Slow Process Corner)
  Requirement:            2.000ns  (clk500 rise@2.000ns - clk500 rise@0.000ns)
  Data Path Delay:        2.052ns  (logic 0.435ns (21.199%)  route 1.617ns (78.801%))
  Logic Levels:           4  (LUT3=1 LUT5=1 LUT6=2)
  Clock Path Skew:        -0.007ns (DCD - SCD + CPR)
    Destination Clock Delay (DCD):    0.021ns = ( 2.021 - 2.000 ) 
    Source Clock Delay      (SCD):    0.028ns
    Clock Pessimism Removal (CPR):    0.000ns
  Clock Uncertainty:      0.035ns  ((TSJ^2 + TIJ^2)^1/2 + DJ) / 2 + PE
    Total System Jitter     (TSJ):    0.071ns
    Total Input Jitter      (TIJ):    0.000ns
    Discrete Jitter          (DJ):    0.000ns
    Phase Error              (PE):    0.000ns

    Location             Delay type                Incr(ns)  Path(ns)    Netlist Resource(s)
  -------------------------------------------------------------------    -------------------
                         (clock clk500 rise edge)     0.000     0.000 r  
                                                      0.000     0.000 r  clk500 (IN)
                         net (fo=27270, unset)        0.028     0.028    cfo/windows/poison_sync/dest_clk
    SLICE_X158Y100       FDRE                                         r  cfo/windows/poison_sync/syncstages_ff_reg[3]/C
  -------------------------------------------------------------------    -------------------
    SLICE_X158Y100       FDRE (Prop_DFF2_SLICEL_C_Q)
                                                      0.081     0.109 f  cfo/windows/poison_sync/syncstages_ff_reg[3]/Q
                         net (fo=12, routed)          0.687     0.796    cfo/windows/poison500
    SLICE_X142Y84                                                     f  cfo/windows/packed_count[1]_i_1/I0
    SLICE_X142Y84        LUT3 (Prop_F6LUT_SLICEM_I0_O)
                                                      0.051     0.847 f  cfo/windows/packed_count[1]_i_1/O
                         net (fo=11, routed)          0.102     0.949    cfo/windows/fast_stop
    SLICE_X142Y85                                                     f  cfo/windows/window_credits_i_3/I5
    SLICE_X142Y85        LUT6 (Prop_E6LUT_SLICEM_I5_O)
                                                      0.091     1.040 f  cfo/windows/window_credits_i_3/O
                         net (fo=3, routed)           0.052     1.092    cfo/windows/window_credits_i_3_n_0
    SLICE_X142Y85                                                     f  cfo/windows/window_credits_i_2/I5
    SLICE_X142Y85        LUT6 (Prop_D6LUT_SLICEM_I5_O)
                                                      0.088     1.180 r  cfo/windows/window_credits_i_2/O
                         net (fo=19, routed)          0.257     1.437    cfo/windows/p_30_in
    SLICE_X142Y82                                                     r  cfo/windows/output_record[134]_i_1_rewire/I0
    SLICE_X142Y82        LUT5 (Prop_E6LUT_SLICEM_I0_O)
                                                      0.124     1.561 r  cfo/windows/output_record[134]_i_1_rewire/O
                         net (fo=115, routed)         0.519     2.080    cfo/windows/output_record
    SLICE_X141Y91        FDRE                                         r  cfo/windows/output_record_reg[20]/CE
  -------------------------------------------------------------------    -------------------

                         (clock clk500 rise edge)     2.000     2.000 r  
                                                      0.000     2.000 r  clk500 (IN)
                         net (fo=27270, unset)        0.021     2.021    cfo/windows/clk500
    SLICE_X141Y91        FDRE                                         r  cfo/windows/output_record_reg[20]/C
                         clock pessimism              0.000     2.021    
                         clock uncertainty           -0.035     1.986    
    SLICE_X141Y91        FDRE (Setup_HFF_SLICEM_C_CE)
                                                     -0.061     1.925    cfo/windows/output_record_reg[20]
  -------------------------------------------------------------------
                         required time                          1.925    
                         arrival time                          -2.080    
  -------------------------------------------------------------------
                         slack                                 -0.155    

Slack (VIOLATED) :        -0.155ns  (required time - arrival time)
  Source:                 cfo/windows/poison_sync/syncstages_ff_reg[3]/C
                            (rising edge-triggered cell FDRE clocked by clk500  {rise@0.000ns fall@1.000ns period=2.000ns})
  Destination:            cfo/windows/output_record_reg[42]/CE
                            (rising edge-triggered cell FDRE clocked by clk500  {rise@0.000ns fall@1.000ns period=2.000ns})
  Path Group:             clk500
  Path Type:              Setup (Max at Slow Process Corner)
  Requirement:            2.000ns  (clk500 rise@2.000ns - clk500 rise@0.000ns)
  Data Path Delay:        2.052ns  (logic 0.435ns (21.199%)  route 1.617ns (78.801%))
  Logic Levels:           4  (LUT3=1 LUT5=1 LUT6=2)
  Clock Path Skew:        -0.007ns (DCD - SCD + CPR)
    Destination Clock Delay (DCD):    0.021ns = ( 2.021 - 2.000 ) 
    Source Clock Delay      (SCD):    0.028ns
    Clock Pessimism Removal (CPR):    0.000ns
  Clock Uncertainty:      0.035ns  ((TSJ^2 + TIJ^2)^1/2 + DJ) / 2 + PE
    Total System Jitter     (TSJ):    0.071ns
    Total Input Jitter      (TIJ):    0.000ns
    Discrete Jitter          (DJ):    0.000ns
    Phase Error              (PE):    0.000ns

    Location             Delay type                Incr(ns)  Path(ns)    Netlist Resource(s)
  -------------------------------------------------------------------    -------------------
                         (clock clk500 rise edge)     0.000     0.000 r  
                                                      0.000     0.000 r  clk500 (IN)
                         net (fo=27270, unset)        0.028     0.028    cfo/windows/poison_sync/dest_clk
    SLICE_X158Y100       FDRE                                         r  cfo/windows/poison_sync/syncstages_ff_reg[3]/C
  -------------------------------------------------------------------    -------------------
    SLICE_X158Y100       FDRE (Prop_DFF2_SLICEL_C_Q)
                                                      0.081     0.109 f  cfo/windows/poison_sync/syncstages_ff_reg[3]/Q
                         net (fo=12, routed)          0.687     0.796    cfo/windows/poison500
    SLICE_X142Y84                                                     f  cfo/windows/packed_count[1]_i_1/I0
    SLICE_X142Y84        LUT3 (Prop_F6LUT_SLICEM_I0_O)
                                                      0.051     0.847 f  cfo/windows/packed_count[1]_i_1/O
                         net (fo=11, routed)          0.102     0.949    cfo/windows/fast_stop
    SLICE_X142Y85                                                     f  cfo/windows/window_credits_i_3/I5
    SLICE_X142Y85        LUT6 (Prop_E6LUT_SLICEM_I5_O)
                                                      0.091     1.040 f  cfo/windows/window_credits_i_3/O
                         net (fo=3, routed)           0.052     1.092    cfo/windows/window_credits_i_3_n_0
    SLICE_X142Y85                                                     f  cfo/windows/window_credits_i_2/I5
    SLICE_X142Y85        LUT6 (Prop_D6LUT_SLICEM_I5_O)
                                                      0.088     1.180 r  cfo/windows/window_credits_i_2/O
                         net (fo=19, routed)          0.257     1.437    cfo/windows/p_30_in
    SLICE_X142Y82                                                     r  cfo/windows/output_record[134]_i_1_rewire/I0
    SLICE_X142Y82        LUT5 (Prop_E6LUT_SLICEM_I0_O)
                                                      0.124     1.561 r  cfo/windows/output_record[134]_i_1_rewire/O
                         net (fo=115, routed)         0.519     2.080    cfo/windows/output_record
    SLICE_X141Y91        FDRE                                         r  cfo/windows/output_record_reg[42]/CE
  -------------------------------------------------------------------    -------------------

                         (clock clk500 rise edge)     2.000     2.000 r  
                                                      0.000     2.000 r  clk500 (IN)
                         net (fo=27270, unset)        0.021     2.021    cfo/windows/clk500
    SLICE_X141Y91        FDRE                                         r  cfo/windows/output_record_reg[42]/C
                         clock pessimism              0.000     2.021    
                         clock uncertainty           -0.035     1.986    
    SLICE_X141Y91        FDRE (Setup_GFF_SLICEM_C_CE)
                                                     -0.061     1.925    cfo/windows/output_record_reg[42]
  -------------------------------------------------------------------
                         required time                          1.925    
                         arrival time                          -2.080    
  -------------------------------------------------------------------
                         slack                                 -0.155    

Slack (VIOLATED) :        -0.155ns  (required time - arrival time)
  Source:                 cfo/windows/poison_sync/syncstages_ff_reg[3]/C
                            (rising edge-triggered cell FDRE clocked by clk500  {rise@0.000ns fall@1.000ns period=2.000ns})
  Destination:            cfo/windows/output_record_reg[8]/CE
                            (rising edge-triggered cell FDRE clocked by clk500  {rise@0.000ns fall@1.000ns period=2.000ns})
  Path Group:             clk500
  Path Type:              Setup (Max at Slow Process Corner)
  Requirement:            2.000ns  (clk500 rise@2.000ns - clk500 rise@0.000ns)
  Data Path Delay:        2.052ns  (logic 0.435ns (21.199%)  route 1.617ns (78.801%))
  Logic Levels:           4  (LUT3=1 LUT5=1 LUT6=2)
  Clock Path Skew:        -0.007ns (DCD - SCD + CPR)
    Destination Clock Delay (DCD):    0.021ns = ( 2.021 - 2.000 ) 
    Source Clock Delay      (SCD):    0.028ns
    Clock Pessimism Removal (CPR):    0.000ns
  Clock Uncertainty:      0.035ns  ((TSJ^2 + TIJ^2)^1/2 + DJ) / 2 + PE
    Total System Jitter     (TSJ):    0.071ns
    Total Input Jitter      (TIJ):    0.000ns
    Discrete Jitter          (DJ):    0.000ns
    Phase Error              (PE):    0.000ns

    Location             Delay type                Incr(ns)  Path(ns)    Netlist Resource(s)
  -------------------------------------------------------------------    -------------------
                         (clock clk500 rise edge)     0.000     0.000 r  
                                                      0.000     0.000 r  clk500 (IN)
                         net (fo=27270, unset)        0.028     0.028    cfo/windows/poison_sync/dest_clk
    SLICE_X158Y100       FDRE                                         r  cfo/windows/poison_sync/syncstages_ff_reg[3]/C
  -------------------------------------------------------------------    -------------------
    SLICE_X158Y100       FDRE (Prop_DFF2_SLICEL_C_Q)
                                                      0.081     0.109 f  cfo/windows/poison_sync/syncstages_ff_reg[3]/Q
                         net (fo=12, routed)          0.687     0.796    cfo/windows/poison500
    SLICE_X142Y84                                                     f  cfo/windows/packed_count[1]_i_1/I0
    SLICE_X142Y84        LUT3 (Prop_F6LUT_SLICEM_I0_O)
                                                      0.051     0.847 f  cfo/windows/packed_count[1]_i_1/O
                         net (fo=11, routed)          0.102     0.949    cfo/windows/fast_stop
    SLICE_X142Y85                                                     f  cfo/windows/window_credits_i_3/I5
    SLICE_X142Y85        LUT6 (Prop_E6LUT_SLICEM_I5_O)
                                                      0.091     1.040 f  cfo/windows/window_credits_i_3/O
                         net (fo=3, routed)           0.052     1.092    cfo/windows/window_credits_i_3_n_0
    SLICE_X142Y85                                                     f  cfo/windows/window_credits_i_2/I5
    SLICE_X142Y85        LUT6 (Prop_D6LUT_SLICEM_I5_O)
                                                      0.088     1.180 r  cfo/windows/window_credits_i_2/O
                         net (fo=19, routed)          0.257     1.437    cfo/windows/p_30_in
    SLICE_X142Y82                                                     r  cfo/windows/output_record[134]_i_1_rewire/I0
    SLICE_X142Y82        LUT5 (Prop_E6LUT_SLICEM_I0_O)
                                                      0.124     1.561 r  cfo/windows/output_record[134]_i_1_rewire/O
                         net (fo=115, routed)         0.519     2.080    cfo/windows/output_record
    SLICE_X141Y91        FDRE                                         r  cfo/windows/output_record_reg[8]/CE
  -------------------------------------------------------------------    -------------------

                         (clock clk500 rise edge)     2.000     2.000 r  
                                                      0.000     2.000 r  clk500 (IN)
                         net (fo=27270, unset)        0.021     2.021    cfo/windows/clk500
    SLICE_X141Y91        FDRE                                         r  cfo/windows/output_record_reg[8]/C
                         clock pessimism              0.000     2.021    
                         clock uncertainty           -0.035     1.986    
    SLICE_X141Y91        FDRE (Setup_FFF_SLICEM_C_CE)
                                                     -0.061     1.925    cfo/windows/output_record_reg[8]
  -------------------------------------------------------------------
                         required time                          1.925    
                         arrival time                          -2.080    
  -------------------------------------------------------------------
                         slack                                 -0.155    

Slack (VIOLATED) :        -0.154ns  (required time - arrival time)
  Source:                 cfo/windows/poison_sync/syncstages_ff_reg[3]/C
                            (rising edge-triggered cell FDRE clocked by clk500  {rise@0.000ns fall@1.000ns period=2.000ns})
  Destination:            cfo/windows/output_record_reg[107]/CE
                            (rising edge-triggered cell FDRE clocked by clk500  {rise@0.000ns fall@1.000ns period=2.000ns})
  Path Group:             clk500
  Path Type:              Setup (Max at Slow Process Corner)
  Requirement:            2.000ns  (clk500 rise@2.000ns - clk500 rise@0.000ns)
  Data Path Delay:        2.051ns  (logic 0.435ns (21.209%)  route 1.616ns (78.791%))
  Logic Levels:           4  (LUT3=1 LUT5=1 LUT6=2)
  Clock Path Skew:        -0.007ns (DCD - SCD + CPR)
    Destination Clock Delay (DCD):    0.021ns = ( 2.021 - 2.000 ) 
    Source Clock Delay      (SCD):    0.028ns
    Clock Pessimism Removal (CPR):    0.000ns
  Clock Uncertainty:      0.035ns  ((TSJ^2 + TIJ^2)^1/2 + DJ) / 2 + PE
    Total System Jitter     (TSJ):    0.071ns
    Total Input Jitter      (TIJ):    0.000ns
    Discrete Jitter          (DJ):    0.000ns
    Phase Error              (PE):    0.000ns

    Location             Delay type                Incr(ns)  Path(ns)    Netlist Resource(s)
  -------------------------------------------------------------------    -------------------
                         (clock clk500 rise edge)     0.000     0.000 r  
                                                      0.000     0.000 r  clk500 (IN)
                         net (fo=27270, unset)        0.028     0.028    cfo/windows/poison_sync/dest_clk
    SLICE_X158Y100       FDRE                                         r  cfo/windows/poison_sync/syncstages_ff_reg[3]/C
  -------------------------------------------------------------------    -------------------
    SLICE_X158Y100       FDRE (Prop_DFF2_SLICEL_C_Q)
                                                      0.081     0.109 f  cfo/windows/poison_sync/syncstages_ff_reg[3]/Q
                         net (fo=12, routed)          0.687     0.796    cfo/windows/poison500
    SLICE_X142Y84                                                     f  cfo/windows/packed_count[1]_i_1/I0
    SLICE_X142Y84        LUT3 (Prop_F6LUT_SLICEM_I0_O)
                                                      0.051     0.847 f  cfo/windows/packed_count[1]_i_1/O
                         net (fo=11, routed)          0.102     0.949    cfo/windows/fast_stop
    SLICE_X142Y85                                                     f  cfo/windows/window_credits_i_3/I5
    SLICE_X142Y85        LUT6 (Prop_E6LUT_SLICEM_I5_O)
                                                      0.091     1.040 f  cfo/windows/window_credits_i_3/O
                         net (fo=3, routed)           0.052     1.092    cfo/windows/window_credits_i_3_n_0
    SLICE_X142Y85                                                     f  cfo/windows/window_credits_i_2/I5
    SLICE_X142Y85        LUT6 (Prop_D6LUT_SLICEM_I5_O)
                                                      0.088     1.180 r  cfo/windows/window_credits_i_2/O
                         net (fo=19, routed)          0.257     1.437    cfo/windows/p_30_in
    SLICE_X142Y82                                                     r  cfo/windows/output_record[134]_i_1_rewire/I0
    SLICE_X142Y82        LUT5 (Prop_E6LUT_SLICEM_I0_O)
                                                      0.124     1.561 r  cfo/windows/output_record[134]_i_1_rewire/O
                         net (fo=115, routed)         0.518     2.079    cfo/windows/output_record
    SLICE_X139Y72        FDRE                                         r  cfo/windows/output_record_reg[107]/CE
  -------------------------------------------------------------------    -------------------

                         (clock clk500 rise edge)     2.000     2.000 r  
                                                      0.000     2.000 r  clk500 (IN)
                         net (fo=27270, unset)        0.021     2.021    cfo/windows/clk500
    SLICE_X139Y72        FDRE                                         r  cfo/windows/output_record_reg[107]/C
                         clock pessimism              0.000     2.021    
                         clock uncertainty           -0.035     1.986    
    SLICE_X139Y72        FDRE (Setup_EFF_SLICEM_C_CE)
                                                     -0.061     1.925    cfo/windows/output_record_reg[107]
  -------------------------------------------------------------------
                         required time                          1.925    
                         arrival time                          -2.079    
  -------------------------------------------------------------------
                         slack                                 -0.154    

Slack (VIOLATED) :        -0.154ns  (required time - arrival time)
  Source:                 cfo/windows/poison_sync/syncstages_ff_reg[3]/C
                            (rising edge-triggered cell FDRE clocked by clk500  {rise@0.000ns fall@1.000ns period=2.000ns})
  Destination:            cfo/windows/output_record_reg[94]/CE
                            (rising edge-triggered cell FDRE clocked by clk500  {rise@0.000ns fall@1.000ns period=2.000ns})
  Path Group:             clk500
  Path Type:              Setup (Max at Slow Process Corner)
  Requirement:            2.000ns  (clk500 rise@2.000ns - clk500 rise@0.000ns)
  Data Path Delay:        2.051ns  (logic 0.435ns (21.209%)  route 1.616ns (78.791%))
  Logic Levels:           4  (LUT3=1 LUT5=1 LUT6=2)
  Clock Path Skew:        -0.007ns (DCD - SCD + CPR)
    Destination Clock Delay (DCD):    0.021ns = ( 2.021 - 2.000 ) 
    Source Clock Delay      (SCD):    0.028ns
    Clock Pessimism Removal (CPR):    0.000ns
  Clock Uncertainty:      0.035ns  ((TSJ^2 + TIJ^2)^1/2 + DJ) / 2 + PE
    Total System Jitter     (TSJ):    0.071ns
    Total Input Jitter      (TIJ):    0.000ns
    Discrete Jitter          (DJ):    0.000ns
    Phase Error              (PE):    0.000ns

    Location             Delay type                Incr(ns)  Path(ns)    Netlist Resource(s)
  -------------------------------------------------------------------    -------------------
                         (clock clk500 rise edge)     0.000     0.000 r  
                                                      0.000     0.000 r  clk500 (IN)
                         net (fo=27270, unset)        0.028     0.028    cfo/windows/poison_sync/dest_clk
    SLICE_X158Y100       FDRE                                         r  cfo/windows/poison_sync/syncstages_ff_reg[3]/C
  -------------------------------------------------------------------    -------------------
    SLICE_X158Y100       FDRE (Prop_DFF2_SLICEL_C_Q)
                                                      0.081     0.109 f  cfo/windows/poison_sync/syncstages_ff_reg[3]/Q
                         net (fo=12, routed)          0.687     0.796    cfo/windows/poison500
    SLICE_X142Y84                                                     f  cfo/windows/packed_count[1]_i_1/I0
    SLICE_X142Y84        LUT3 (Prop_F6LUT_SLICEM_I0_O)
                                                      0.051     0.847 f  cfo/windows/packed_count[1]_i_1/O
                         net (fo=11, routed)          0.102     0.949    cfo/windows/fast_stop
    SLICE_X142Y85                                                     f  cfo/windows/window_credits_i_3/I5
    SLICE_X142Y85        LUT6 (Prop_E6LUT_SLICEM_I5_O)
                                                      0.091     1.040 f  cfo/windows/window_credits_i_3/O
                         net (fo=3, routed)           0.052     1.092    cfo/windows/window_credits_i_3_n_0
    SLICE_X142Y85                                                     f  cfo/windows/window_credits_i_2/I5
    SLICE_X142Y85        LUT6 (Prop_D6LUT_SLICEM_I5_O)
                                                      0.088     1.180 r  cfo/windows/window_credits_i_2/O
                         net (fo=19, routed)          0.257     1.437    cfo/windows/p_30_in
    SLICE_X142Y82                                                     r  cfo/windows/output_record[134]_i_1_rewire/I0
    SLICE_X142Y82        LUT5 (Prop_E6LUT_SLICEM_I0_O)
                                                      0.124     1.561 r  cfo/windows/output_record[134]_i_1_rewire/O
                         net (fo=115, routed)         0.518     2.079    cfo/windows/output_record
    SLICE_X139Y72        FDRE                                         r  cfo/windows/output_record_reg[94]/CE
  -------------------------------------------------------------------    -------------------

                         (clock clk500 rise edge)     2.000     2.000 r  
                                                      0.000     2.000 r  clk500 (IN)
                         net (fo=27270, unset)        0.021     2.021    cfo/windows/clk500
    SLICE_X139Y72        FDRE                                         r  cfo/windows/output_record_reg[94]/C
                         clock pessimism              0.000     2.021    
                         clock uncertainty           -0.035     1.986    
    SLICE_X139Y72        FDRE (Setup_FFF_SLICEM_C_CE)
                                                     -0.061     1.925    cfo/windows/output_record_reg[94]
  -------------------------------------------------------------------
                         required time                          1.925    
                         arrival time                          -2.079    
  -------------------------------------------------------------------
                         slack                                 -0.154    

Slack (VIOLATED) :        -0.154ns  (required time - arrival time)
  Source:                 cfo/windows/poison_sync/syncstages_ff_reg[3]/C
                            (rising edge-triggered cell FDRE clocked by clk500  {rise@0.000ns fall@1.000ns period=2.000ns})
  Destination:            cfo/observation_front/fft_core/bank1_reg_bram_1/DINADIN[10]
                            (rising edge-triggered cell RAMB18E2 clocked by clk500  {rise@0.000ns fall@1.000ns period=2.000ns})
  Path Group:             clk500
  Path Type:              Setup (Max at Slow Process Corner)
  Requirement:            2.000ns  (clk500 rise@2.000ns - clk500 rise@0.000ns)
  Data Path Delay:        1.891ns  (logic 0.331ns (17.504%)  route 1.560ns (82.496%))
  Logic Levels:           3  (LUT4=1 LUT6=2)
  Clock Path Skew:        0.011ns (DCD - SCD + CPR)
    Destination Clock Delay (DCD):    0.039ns = ( 2.039 - 2.000 ) 
    Source Clock Delay      (SCD):    0.028ns
    Clock Pessimism Removal (CPR):    0.000ns
  Clock Uncertainty:      0.035ns  ((TSJ^2 + TIJ^2)^1/2 + DJ) / 2 + PE
    Total System Jitter     (TSJ):    0.071ns
    Total Input Jitter      (TIJ):    0.000ns
    Discrete Jitter          (DJ):    0.000ns
    Phase Error              (PE):    0.000ns

    Location             Delay type                Incr(ns)  Path(ns)    Netlist Resource(s)
  -------------------------------------------------------------------    -------------------
                         (clock clk500 rise edge)     0.000     0.000 r  
                                                      0.000     0.000 r  clk500 (IN)
                         net (fo=27270, unset)        0.028     0.028    cfo/windows/poison_sync/dest_clk
    SLICE_X158Y100       FDRE                                         r  cfo/windows/poison_sync/syncstages_ff_reg[3]/C
  -------------------------------------------------------------------    -------------------
    SLICE_X158Y100       FDRE (Prop_DFF2_SLICEL_C_Q)
                                                      0.081     0.109 f  cfo/windows/poison_sync/syncstages_ff_reg[3]/Q
                         net (fo=12, routed)          0.800     0.909    cfo/windows/poison500
    SLICE_X142Y73                                                     f  cfo/windows/m_valid_INST_0/I3
    SLICE_X142Y73        LUT4 (Prop_E6LUT_SLICEM_I3_O)
                                                      0.052     0.961 r  cfo/windows/m_valid_INST_0/O
                         net (fo=8, routed)           0.100     1.061    cfo/observation_front/fft_core/m_valid_alias
    SLICE_X143Y73                                                     r  cfo/observation_front/fft_core/bank1_reg_bram_0_i_69_comp_3/I4
    SLICE_X143Y73        LUT6 (Prop_A6LUT_SLICEL_I4_O)
                                                      0.050     1.111 r  cfo/observation_front/fft_core/bank1_reg_bram_0_i_69_comp_3/O
                         net (fo=47, routed)          0.401     1.512    cfo/observation_front/fft_core/bank1_reg_bram_0_i_69_n_0
    SLICE_X146Y79                                                     r  cfo/observation_front/fft_core/bank1_reg_bram_1_i_6/I0
    SLICE_X146Y79        LUT6 (Prop_E6LUT_SLICEM_I0_O)
                                                      0.148     1.660 r  cfo/observation_front/fft_core/bank1_reg_bram_1_i_6/O
                         net (fo=1, routed)           0.259     1.919    cfo/observation_front/fft_core/bank1_reg_bram_1_i_6_n_0
    RAMB18_X10Y30        RAMB18E2                                     r  cfo/observation_front/fft_core/bank1_reg_bram_1/DINADIN[10]
  -------------------------------------------------------------------    -------------------

                         (clock clk500 rise edge)     2.000     2.000 r  
                                                      0.000     2.000 r  clk500 (IN)
                         net (fo=27270, unset)        0.039     2.039    cfo/observation_front/fft_core/clk
    RAMB18_X10Y30        RAMB18E2                                     r  cfo/observation_front/fft_core/bank1_reg_bram_1/CLKARDCLK
                         clock pessimism              0.000     2.039    
                         clock uncertainty           -0.035     2.004    
    RAMB18_X10Y30        RAMB18E2 (Setup_RAMB18E2_L_RAMB180_CLKARDCLK_DINADIN[10])
                                                     -0.239     1.765    cfo/observation_front/fft_core/bank1_reg_bram_1
  -------------------------------------------------------------------
                         required time                          1.765    
                         arrival time                          -1.919    
  -------------------------------------------------------------------
                         slack                                 -0.154    

Slack (VIOLATED) :        -0.151ns  (required time - arrival time)
  Source:                 cfo/observation_front/fft_core/input_index_reg[3]/C
                            (rising edge-triggered cell FDRE clocked by clk500  {rise@0.000ns fall@1.000ns period=2.000ns})
  Destination:            cfo/observation_front/fft_core/bank1_reg_bram_1/ADDRARDADDR[9]
                            (rising edge-triggered cell RAMB18E2 clocked by clk500  {rise@0.000ns fall@1.000ns period=2.000ns})
  Path Group:             clk500
  Path Type:              Setup (Max at Slow Process Corner)
  Requirement:            2.000ns  (clk500 rise@2.000ns - clk500 rise@0.000ns)
  Data Path Delay:        1.860ns  (logic 0.487ns (26.183%)  route 1.373ns (73.817%))
  Logic Levels:           4  (LUT4=1 LUT5=2 LUT6=1)
  Clock Path Skew:        0.009ns (DCD - SCD + CPR)
    Destination Clock Delay (DCD):    0.039ns = ( 2.039 - 2.000 ) 
    Source Clock Delay      (SCD):    0.030ns
    Clock Pessimism Removal (CPR):    0.000ns
  Clock Uncertainty:      0.035ns  ((TSJ^2 + TIJ^2)^1/2 + DJ) / 2 + PE
    Total System Jitter     (TSJ):    0.071ns
    Total Input Jitter      (TIJ):    0.000ns
    Discrete Jitter          (DJ):    0.000ns
    Phase Error              (PE):    0.000ns

    Location             Delay type                Incr(ns)  Path(ns)    Netlist Resource(s)
  -------------------------------------------------------------------    -------------------
                         (clock clk500 rise edge)     0.000     0.000 r  
                                                      0.000     0.000 r  clk500 (IN)
                         net (fo=27270, unset)        0.030     0.030    cfo/observation_front/fft_core/clk
    SLICE_X139Y73        FDRE                                         r  cfo/observation_front/fft_core/input_index_reg[3]/C
  -------------------------------------------------------------------    -------------------
    SLICE_X139Y73        FDRE (Prop_DFF2_SLICEM_C_Q)
                                                      0.080     0.110 r  cfo/observation_front/fft_core/input_index_reg[3]/Q
                         net (fo=9, routed)           0.182     0.292    cfo/observation_front/fft_core/x[3]
    SLICE_X139Y73                                                     r  cfo/observation_front/fft_core/bank1_reg_bram_0_i_71/I1
    SLICE_X139Y73        LUT4 (Prop_A6LUT_SLICEM_I1_O)
                                                      0.100     0.392 r  cfo/observation_front/fft_core/bank1_reg_bram_0_i_71/O
                         net (fo=1, routed)           0.254     0.646    cfo/observation_front/fft_core/bank1_reg_bram_0_i_71_n_0
    SLICE_X143Y71                                                     r  cfo/observation_front/fft_core/bank1_reg_bram_0_i_61/I1
    SLICE_X143Y71        LUT5 (Prop_A6LUT_SLICEL_I1_O)
                                                      0.035     0.681 r  cfo/observation_front/fft_core/bank1_reg_bram_0_i_61/O
                         net (fo=8, routed)           0.318     0.999    cfo/observation_front/fft_core/p_2_in
    SLICE_X144Y73                                                     r  cfo/observation_front/fft_core/bank1_reg_bram_0_i_69_comp_2/I4
    SLICE_X144Y73        LUT5 (Prop_G6LUT_SLICEL_I4_O)
                                                      0.123     1.122 r  cfo/observation_front/fft_core/bank1_reg_bram_0_i_69_comp_2/O
                         net (fo=1, routed)           0.217     1.339    cfo/observation_front/fft_core/bank1_reg_bram_0_i_69_n_0_repN_2
    SLICE_X145Y72                                                     r  cfo/observation_front/fft_core/bank1_reg_bram_0_i_8_comp_1/I5
    SLICE_X145Y72        LUT6 (Prop_B6LUT_SLICEM_I5_O)
                                                      0.149     1.488 r  cfo/observation_front/fft_core/bank1_reg_bram_0_i_8_comp_1/O
                         net (fo=2, routed)           0.402     1.890    cfo/observation_front/fft_core/waddr1[5]
    RAMB18_X10Y30        RAMB18E2                                     r  cfo/observation_front/fft_core/bank1_reg_bram_1/ADDRARDADDR[9]
  -------------------------------------------------------------------    -------------------

                         (clock clk500 rise edge)     2.000     2.000 r  
                                                      0.000     2.000 r  clk500 (IN)
                         net (fo=27270, unset)        0.039     2.039    cfo/observation_front/fft_core/clk
    RAMB18_X10Y30        RAMB18E2                                     r  cfo/observation_front/fft_core/bank1_reg_bram_1/CLKARDCLK
                         clock pessimism              0.000     2.039    
                         clock uncertainty           -0.035     2.004    
    RAMB18_X10Y30        RAMB18E2 (Setup_RAMB18E2_L_RAMB180_CLKARDCLK_ADDRARDADDR[9])
                                                     -0.265     1.739    cfo/observation_front/fft_core/bank1_reg_bram_1
  -------------------------------------------------------------------
                         required time                          1.739    
                         arrival time                          -1.890    
  -------------------------------------------------------------------
                         slack                                 -0.151    

Slack (VIOLATED) :        -0.148ns  (required time - arrival time)
  Source:                 cfo/windows/poison_sync/syncstages_ff_reg[3]/C
                            (rising edge-triggered cell FDRE clocked by clk500  {rise@0.000ns fall@1.000ns period=2.000ns})
  Destination:            cfo/observation_front/fft_core/bank1_reg_bram_1/ADDRARDADDR[11]
                            (rising edge-triggered cell RAMB18E2 clocked by clk500  {rise@0.000ns fall@1.000ns period=2.000ns})
  Path Group:             clk500
  Path Type:              Setup (Max at Slow Process Corner)
  Requirement:            2.000ns  (clk500 rise@2.000ns - clk500 rise@0.000ns)
  Data Path Delay:        1.861ns  (logic 0.218ns (11.714%)  route 1.643ns (88.286%))
  Logic Levels:           3  (LUT4=1 LUT6=2)
  Clock Path Skew:        0.011ns (DCD - SCD + CPR)
    Destination Clock Delay (DCD):    0.039ns = ( 2.039 - 2.000 ) 
    Source Clock Delay      (SCD):    0.028ns
    Clock Pessimism Removal (CPR):    0.000ns
  Clock Uncertainty:      0.035ns  ((TSJ^2 + TIJ^2)^1/2 + DJ) / 2 + PE
    Total System Jitter     (TSJ):    0.071ns
    Total Input Jitter      (TIJ):    0.000ns
    Discrete Jitter          (DJ):    0.000ns
    Phase Error              (PE):    0.000ns

    Location             Delay type                Incr(ns)  Path(ns)    Netlist Resource(s)
  -------------------------------------------------------------------    -------------------
                         (clock clk500 rise edge)     0.000     0.000 r  
                                                      0.000     0.000 r  clk500 (IN)
                         net (fo=27270, unset)        0.028     0.028    cfo/windows/poison_sync/dest_clk
    SLICE_X158Y100       FDRE                                         r  cfo/windows/poison_sync/syncstages_ff_reg[3]/C
  -------------------------------------------------------------------    -------------------
    SLICE_X158Y100       FDRE (Prop_DFF2_SLICEL_C_Q)
                                                      0.081     0.109 f  cfo/windows/poison_sync/syncstages_ff_reg[3]/Q
                         net (fo=12, routed)          0.800     0.909    cfo/windows/poison500
    SLICE_X142Y73                                                     f  cfo/windows/m_valid_INST_0/I3
    SLICE_X142Y73        LUT4 (Prop_E6LUT_SLICEM_I3_O)
                                                      0.052     0.961 r  cfo/windows/m_valid_INST_0/O
                         net (fo=8, routed)           0.100     1.061    cfo/observation_front/fft_core/m_valid_alias
    SLICE_X143Y73                                                     r  cfo/observation_front/fft_core/bank1_reg_bram_0_i_69_comp_3/I4
    SLICE_X143Y73        LUT6 (Prop_A6LUT_SLICEL_I4_O)
                                                      0.050     1.111 r  cfo/observation_front/fft_core/bank1_reg_bram_0_i_69_comp_3/O
                         net (fo=47, routed)          0.452     1.563    cfo/observation_front/fft_core/bank1_reg_bram_0_i_69_n_0
    SLICE_X147Y71                                                     r  cfo/observation_front/fft_core/bank1_reg_bram_0_i_6_comp/I4
    SLICE_X147Y71        LUT6 (Prop_E6LUT_SLICEL_I4_O)
                                                      0.035     1.598 r  cfo/observation_front/fft_core/bank1_reg_bram_0_i_6_comp/O
                         net (fo=2, routed)           0.291     1.889    cfo/observation_front/fft_core/waddr1[7]
    RAMB18_X10Y30        RAMB18E2                                     r  cfo/observation_front/fft_core/bank1_reg_bram_1/ADDRARDADDR[11]
  -------------------------------------------------------------------    -------------------

                         (clock clk500 rise edge)     2.000     2.000 r  
                                                      0.000     2.000 r  clk500 (IN)
                         net (fo=27270, unset)        0.039     2.039    cfo/observation_front/fft_core/clk
    RAMB18_X10Y30        RAMB18E2                                     r  cfo/observation_front/fft_core/bank1_reg_bram_1/CLKARDCLK
                         clock pessimism              0.000     2.039    
                         clock uncertainty           -0.035     2.004    
    RAMB18_X10Y30        RAMB18E2 (Setup_RAMB18E2_L_RAMB180_CLKARDCLK_ADDRARDADDR[11])
                                                     -0.263     1.741    cfo/observation_front/fft_core/bank1_reg_bram_1
  -------------------------------------------------------------------
                         required time                          1.741    
                         arrival time                          -1.889    
  -------------------------------------------------------------------
                         slack                                 -0.148    

Slack (VIOLATED) :        -0.148ns  (required time - arrival time)
  Source:                 cfo/windows/poison_sync/syncstages_ff_reg[3]/C
                            (rising edge-triggered cell FDRE clocked by clk500  {rise@0.000ns fall@1.000ns period=2.000ns})
  Destination:            cfo/observation_front/fft_core/bank1_reg_bram_0/ADDRARDADDR[12]
                            (rising edge-triggered cell RAMB36E2 clocked by clk500  {rise@0.000ns fall@1.000ns period=2.000ns})
  Path Group:             clk500
  Path Type:              Setup (Max at Slow Process Corner)
  Requirement:            2.000ns  (clk500 rise@2.000ns - clk500 rise@0.000ns)
  Data Path Delay:        1.845ns  (logic 0.218ns (11.816%)  route 1.627ns (88.184%))
  Logic Levels:           3  (LUT4=1 LUT6=2)
  Clock Path Skew:        0.011ns (DCD - SCD + CPR)
    Destination Clock Delay (DCD):    0.039ns = ( 2.039 - 2.000 ) 
    Source Clock Delay      (SCD):    0.028ns
    Clock Pessimism Removal (CPR):    0.000ns
  Clock Uncertainty:      0.035ns  ((TSJ^2 + TIJ^2)^1/2 + DJ) / 2 + PE
    Total System Jitter     (TSJ):    0.071ns
    Total Input Jitter      (TIJ):    0.000ns
    Discrete Jitter          (DJ):    0.000ns
    Phase Error              (PE):    0.000ns

    Location             Delay type                Incr(ns)  Path(ns)    Netlist Resource(s)
  -------------------------------------------------------------------    -------------------
                         (clock clk500 rise edge)     0.000     0.000 r  
                                                      0.000     0.000 r  clk500 (IN)
                         net (fo=27270, unset)        0.028     0.028    cfo/windows/poison_sync/dest_clk
    SLICE_X158Y100       FDRE                                         r  cfo/windows/poison_sync/syncstages_ff_reg[3]/C
  -------------------------------------------------------------------    -------------------
    SLICE_X158Y100       FDRE (Prop_DFF2_SLICEL_C_Q)
                                                      0.081     0.109 f  cfo/windows/poison_sync/syncstages_ff_reg[3]/Q
                         net (fo=12, routed)          0.800     0.909    cfo/windows/poison500
    SLICE_X142Y73                                                     f  cfo/windows/m_valid_INST_0/I3
    SLICE_X142Y73        LUT4 (Prop_E6LUT_SLICEM_I3_O)
                                                      0.052     0.961 r  cfo/windows/m_valid_INST_0/O
                         net (fo=8, routed)           0.100     1.061    cfo/observation_front/fft_core/m_valid_alias
    SLICE_X143Y73                                                     r  cfo/observation_front/fft_core/bank1_reg_bram_0_i_69_comp_3/I4
    SLICE_X143Y73        LUT6 (Prop_A6LUT_SLICEL_I4_O)
                                                      0.050     1.111 r  cfo/observation_front/fft_core/bank1_reg_bram_0_i_69_comp_3/O
                         net (fo=47, routed)          0.452     1.563    cfo/observation_front/fft_core/bank1_reg_bram_0_i_69_n_0
    SLICE_X147Y71                                                     r  cfo/observation_front/fft_core/bank1_reg_bram_0_i_6_comp/I4
    SLICE_X147Y71        LUT6 (Prop_E6LUT_SLICEL_I4_O)
                                                      0.035     1.598 r  cfo/observation_front/fft_core/bank1_reg_bram_0_i_6_comp/O
                         net (fo=2, routed)           0.275     1.873    cfo/observation_front/fft_core/waddr1[7]
    RAMB36_X10Y13        RAMB36E2                                     r  cfo/observation_front/fft_core/bank1_reg_bram_0/ADDRARDADDR[12]
  -------------------------------------------------------------------    -------------------

                         (clock clk500 rise edge)     2.000     2.000 r  
                                                      0.000     2.000 r  clk500 (IN)
                         net (fo=27270, unset)        0.039     2.039    cfo/observation_front/fft_core/clk
    RAMB36_X10Y13        RAMB36E2                                     r  cfo/observation_front/fft_core/bank1_reg_bram_0/CLKARDCLK
                         clock pessimism              0.000     2.039    
                         clock uncertainty           -0.035     2.004    
    RAMB36_X10Y13        RAMB36E2 (Setup_RAMB36E2_RAMB36_CLKARDCLK_ADDRARDADDR[12])
                                                     -0.279     1.725    cfo/observation_front/fft_core/bank1_reg_bram_0
  -------------------------------------------------------------------
                         required time                          1.725    
                         arrival time                          -1.873    
  -------------------------------------------------------------------
                         slack                                 -0.148    

Slack (VIOLATED) :        -0.146ns  (required time - arrival time)
  Source:                 cfo/windows/poison_sync/syncstages_ff_reg[3]/C
                            (rising edge-triggered cell FDRE clocked by clk500  {rise@0.000ns fall@1.000ns period=2.000ns})
  Destination:            cfo/observation_front/fft_core/bank1_reg_bram_0/ADDRARDADDR[14]
                            (rising edge-triggered cell RAMB36E2 clocked by clk500  {rise@0.000ns fall@1.000ns period=2.000ns})
  Path Group:             clk500
  Path Type:              Setup (Max at Slow Process Corner)
  Requirement:            2.000ns  (clk500 rise@2.000ns - clk500 rise@0.000ns)
  Data Path Delay:        1.835ns  (logic 0.220ns (11.989%)  route 1.615ns (88.011%))
  Logic Levels:           3  (LUT4=1 LUT6=2)
  Clock Path Skew:        0.011ns (DCD - SCD + CPR)
    Destination Clock Delay (DCD):    0.039ns = ( 2.039 - 2.000 ) 
    Source Clock Delay      (SCD):    0.028ns
    Clock Pessimism Removal (CPR):    0.000ns
  Clock Uncertainty:      0.035ns  ((TSJ^2 + TIJ^2)^1/2 + DJ) / 2 + PE
    Total System Jitter     (TSJ):    0.071ns
    Total Input Jitter      (TIJ):    0.000ns
    Discrete Jitter          (DJ):    0.000ns
    Phase Error              (PE):    0.000ns

    Location             Delay type                Incr(ns)  Path(ns)    Netlist Resource(s)
  -------------------------------------------------------------------    -------------------
                         (clock clk500 rise edge)     0.000     0.000 r  
                                                      0.000     0.000 r  clk500 (IN)
                         net (fo=27270, unset)        0.028     0.028    cfo/windows/poison_sync/dest_clk
    SLICE_X158Y100       FDRE                                         r  cfo/windows/poison_sync/syncstages_ff_reg[3]/C
  -------------------------------------------------------------------    -------------------
    SLICE_X158Y100       FDRE (Prop_DFF2_SLICEL_C_Q)
                                                      0.081     0.109 f  cfo/windows/poison_sync/syncstages_ff_reg[3]/Q
                         net (fo=12, routed)          0.800     0.909    cfo/windows/poison500
    SLICE_X142Y73                                                     f  cfo/windows/m_valid_INST_0/I3
    SLICE_X142Y73        LUT4 (Prop_E6LUT_SLICEM_I3_O)
                                                      0.052     0.961 r  cfo/windows/m_valid_INST_0/O
                         net (fo=8, routed)           0.100     1.061    cfo/observation_front/fft_core/m_valid_alias
    SLICE_X143Y73                                                     r  cfo/observation_front/fft_core/bank1_reg_bram_0_i_69_comp_3/I4
    SLICE_X143Y73        LUT6 (Prop_A6LUT_SLICEL_I4_O)
                                                      0.050     1.111 r  cfo/observation_front/fft_core/bank1_reg_bram_0_i_69_comp_3/O
                         net (fo=47, routed)          0.385     1.496    cfo/observation_front/fft_core/bank1_reg_bram_0_i_69_n_0
    SLICE_X146Y71                                                     r  cfo/observation_front/fft_core/bank1_reg_bram_0_i_4_comp/I4
    SLICE_X146Y71        LUT6 (Prop_B6LUT_SLICEM_I4_O)
                                                      0.037     1.533 r  cfo/observation_front/fft_core/bank1_reg_bram_0_i_4_comp/O
                         net (fo=2, routed)           0.330     1.863    cfo/observation_front/fft_core/waddr1[9]
    RAMB36_X10Y13        RAMB36E2                                     r  cfo/observation_front/fft_core/bank1_reg_bram_0/ADDRARDADDR[14]
  -------------------------------------------------------------------    -------------------

                         (clock clk500 rise edge)     2.000     2.000 r  
                                                      0.000     2.000 r  clk500 (IN)
                         net (fo=27270, unset)        0.039     2.039    cfo/observation_front/fft_core/clk
    RAMB36_X10Y13        RAMB36E2                                     r  cfo/observation_front/fft_core/bank1_reg_bram_0/CLKARDCLK
                         clock pessimism              0.000     2.039    
                         clock uncertainty           -0.035     2.004    
    RAMB36_X10Y13        RAMB36E2 (Setup_RAMB36E2_RAMB36_CLKARDCLK_ADDRARDADDR[14])
                                                     -0.287     1.717    cfo/observation_front/fft_core/bank1_reg_bram_0
  -------------------------------------------------------------------
                         required time                          1.717    
                         arrival time                          -1.863    
  -------------------------------------------------------------------
                         slack                                 -0.146    

Slack (VIOLATED) :        -0.143ns  (required time - arrival time)
  Source:                 cfo/observation_front/coefficient_page0_data_reg_0_1/CLKARDCLK
                            (rising edge-triggered cell RAMB36E2 clocked by clk500  {rise@0.000ns fall@1.000ns period=2.000ns})
  Destination:            cfo/observation_front/rr3_reg_i_4_psdsp/D
                            (rising edge-triggered cell FDRE clocked by clk500  {rise@0.000ns fall@1.000ns period=2.000ns})
  Path Group:             clk500
  Path Type:              Setup (Max at Slow Process Corner)
  Requirement:            2.000ns  (clk500 rise@2.000ns - clk500 rise@0.000ns)
  Data Path Delay:        2.078ns  (logic 1.123ns (54.042%)  route 0.955ns (45.958%))
  Logic Levels:           2  (LUT3=1 LUT6=1)
  Clock Path Skew:        -0.055ns (DCD - SCD + CPR)
    Destination Clock Delay (DCD):    0.021ns = ( 2.021 - 2.000 ) 
    Source Clock Delay      (SCD):    0.076ns
    Clock Pessimism Removal (CPR):    0.000ns
  Clock Uncertainty:      0.035ns  ((TSJ^2 + TIJ^2)^1/2 + DJ) / 2 + PE
    Total System Jitter     (TSJ):    0.071ns
    Total Input Jitter      (TIJ):    0.000ns
    Discrete Jitter          (DJ):    0.000ns
    Phase Error              (PE):    0.000ns

    Location             Delay type                Incr(ns)  Path(ns)    Netlist Resource(s)
  -------------------------------------------------------------------    -------------------
                         (clock clk500 rise edge)     0.000     0.000 r  
                                                      0.000     0.000 r  clk500 (IN)
                         net (fo=27270, unset)        0.076     0.076    cfo/observation_front/clk
    RAMB36_X10Y22        RAMB36E2                                     r  cfo/observation_front/coefficient_page0_data_reg_0_1/CLKARDCLK
  -------------------------------------------------------------------    -------------------
    RAMB36_X10Y22        RAMB36E2 (Prop_RAMB36E2_RAMB36_CLKARDCLK_DOUTADOUT[0])
                                                      1.020     1.096 r  cfo/observation_front/coefficient_page0_data_reg_0_1/DOUTADOUT[0]
                         net (fo=3, routed)           0.680     1.776    cfo/observation_front/coefficient_page0_data_reg[1]
    SLICE_X145Y63                                                     r  cfo/observation_front/rr3_reg_i_6/I2
    SLICE_X145Y63        LUT3 (Prop_F6LUT_SLICEM_I2_O)
                                                      0.051     1.827 r  cfo/observation_front/rr3_reg_i_6/O
                         net (fo=8, routed)           0.049     1.876    cfo/observation_front/coefficient_index0[1]
    SLICE_X145Y63                                                     r  cfo/observation_front/rr3_reg_i_4/I2
    SLICE_X145Y63        LUT6 (Prop_G6LUT_SLICEM_I2_O)
                                                      0.052     1.928 r  cfo/observation_front/rr3_reg_i_4/O
                         net (fo=2, routed)           0.226     2.154    cfo/observation_front/rr3_reg_i_4_n_0
    SLICE_X145Y64        FDRE                                         r  cfo/observation_front/rr3_reg_i_4_psdsp/D
  -------------------------------------------------------------------    -------------------

                         (clock clk500 rise edge)     2.000     2.000 r  
                                                      0.000     2.000 r  clk500 (IN)
                         net (fo=27270, unset)        0.021     2.021    cfo/observation_front/clk
    SLICE_X145Y64        FDRE                                         r  cfo/observation_front/rr3_reg_i_4_psdsp/C
                         clock pessimism              0.000     2.021    
                         clock uncertainty           -0.035     1.986    
    SLICE_X145Y64        FDRE (Setup_EFF2_SLICEM_C_D)
                                                      0.025     2.011    cfo/observation_front/rr3_reg_i_4_psdsp
  -------------------------------------------------------------------
                         required time                          2.011    
                         arrival time                          -2.154    
  -------------------------------------------------------------------
                         slack                                 -0.143    

Slack (VIOLATED) :        -0.141ns  (required time - arrival time)
  Source:                 cfo/windows/poison_sync/syncstages_ff_reg[3]/C
                            (rising edge-triggered cell FDRE clocked by clk500  {rise@0.000ns fall@1.000ns period=2.000ns})
  Destination:            cfo/windows/output_record_reg[119]/CE
                            (rising edge-triggered cell FDRE clocked by clk500  {rise@0.000ns fall@1.000ns period=2.000ns})
  Path Group:             clk500
  Path Type:              Setup (Max at Slow Process Corner)
  Requirement:            2.000ns  (clk500 rise@2.000ns - clk500 rise@0.000ns)
  Data Path Delay:        2.038ns  (logic 0.435ns (21.344%)  route 1.603ns (78.656%))
  Logic Levels:           4  (LUT3=1 LUT5=1 LUT6=2)
  Clock Path Skew:        -0.007ns (DCD - SCD + CPR)
    Destination Clock Delay (DCD):    0.021ns = ( 2.021 - 2.000 ) 
    Source Clock Delay      (SCD):    0.028ns
    Clock Pessimism Removal (CPR):    0.000ns
  Clock Uncertainty:      0.035ns  ((TSJ^2 + TIJ^2)^1/2 + DJ) / 2 + PE
    Total System Jitter     (TSJ):    0.071ns
    Total Input Jitter      (TIJ):    0.000ns
    Discrete Jitter          (DJ):    0.000ns
    Phase Error              (PE):    0.000ns

    Location             Delay type                Incr(ns)  Path(ns)    Netlist Resource(s)
  -------------------------------------------------------------------    -------------------
                         (clock clk500 rise edge)     0.000     0.000 r  
                                                      0.000     0.000 r  clk500 (IN)
                         net (fo=27270, unset)        0.028     0.028    cfo/windows/poison_sync/dest_clk
    SLICE_X158Y100       FDRE                                         r  cfo/windows/poison_sync/syncstages_ff_reg[3]/C
  -------------------------------------------------------------------    -------------------
    SLICE_X158Y100       FDRE (Prop_DFF2_SLICEL_C_Q)
                                                      0.081     0.109 f  cfo/windows/poison_sync/syncstages_ff_reg[3]/Q
                         net (fo=12, routed)          0.687     0.796    cfo/windows/poison500
    SLICE_X142Y84                                                     f  cfo/windows/packed_count[1]_i_1/I0
    SLICE_X142Y84        LUT3 (Prop_F6LUT_SLICEM_I0_O)
                                                      0.051     0.847 f  cfo/windows/packed_count[1]_i_1/O
                         net (fo=11, routed)          0.102     0.949    cfo/windows/fast_stop
    SLICE_X142Y85                                                     f  cfo/windows/window_credits_i_3/I5
    SLICE_X142Y85        LUT6 (Prop_E6LUT_SLICEM_I5_O)
                                                      0.091     1.040 f  cfo/windows/window_credits_i_3/O
                         net (fo=3, routed)           0.052     1.092    cfo/windows/window_credits_i_3_n_0
    SLICE_X142Y85                                                     f  cfo/windows/window_credits_i_2/I5
    SLICE_X142Y85        LUT6 (Prop_D6LUT_SLICEM_I5_O)
                                                      0.088     1.180 r  cfo/windows/window_credits_i_2/O
                         net (fo=19, routed)          0.257     1.437    cfo/windows/p_30_in
    SLICE_X142Y82                                                     r  cfo/windows/output_record[134]_i_1_rewire/I0
    SLICE_X142Y82        LUT5 (Prop_E6LUT_SLICEM_I0_O)
                                                      0.124     1.561 r  cfo/windows/output_record[134]_i_1_rewire/O
                         net (fo=115, routed)         0.505     2.066    cfo/windows/output_record
    SLICE_X139Y73        FDRE                                         r  cfo/windows/output_record_reg[119]/CE
  -------------------------------------------------------------------    -------------------

                         (clock clk500 rise edge)     2.000     2.000 r  
                                                      0.000     2.000 r  clk500 (IN)
                         net (fo=27270, unset)        0.021     2.021    cfo/windows/clk500
    SLICE_X139Y73        FDRE                                         r  cfo/windows/output_record_reg[119]/C
                         clock pessimism              0.000     2.021    
                         clock uncertainty           -0.035     1.986    
    SLICE_X139Y73        FDRE (Setup_EFF2_SLICEM_C_CE)
                                                     -0.061     1.925    cfo/windows/output_record_reg[119]
  -------------------------------------------------------------------
                         required time                          1.925    
                         arrival time                          -2.066    
  -------------------------------------------------------------------
                         slack                                 -0.141    

Slack (VIOLATED) :        -0.141ns  (required time - arrival time)
  Source:                 cfo/windows/poison_sync/syncstages_ff_reg[3]/C
                            (rising edge-triggered cell FDRE clocked by clk500  {rise@0.000ns fall@1.000ns period=2.000ns})
  Destination:            cfo/windows/output_record_reg[79]/CE
                            (rising edge-triggered cell FDRE clocked by clk500  {rise@0.000ns fall@1.000ns period=2.000ns})
  Path Group:             clk500
  Path Type:              Setup (Max at Slow Process Corner)
  Requirement:            2.000ns  (clk500 rise@2.000ns - clk500 rise@0.000ns)
  Data Path Delay:        2.038ns  (logic 0.435ns (21.344%)  route 1.603ns (78.656%))
  Logic Levels:           4  (LUT3=1 LUT5=1 LUT6=2)
  Clock Path Skew:        -0.007ns (DCD - SCD + CPR)
    Destination Clock Delay (DCD):    0.021ns = ( 2.021 - 2.000 ) 
    Source Clock Delay      (SCD):    0.028ns
    Clock Pessimism Removal (CPR):    0.000ns
  Clock Uncertainty:      0.035ns  ((TSJ^2 + TIJ^2)^1/2 + DJ) / 2 + PE
    Total System Jitter     (TSJ):    0.071ns
    Total Input Jitter      (TIJ):    0.000ns
    Discrete Jitter          (DJ):    0.000ns
    Phase Error              (PE):    0.000ns

    Location             Delay type                Incr(ns)  Path(ns)    Netlist Resource(s)
  -------------------------------------------------------------------    -------------------
                         (clock clk500 rise edge)     0.000     0.000 r  
                                                      0.000     0.000 r  clk500 (IN)
                         net (fo=27270, unset)        0.028     0.028    cfo/windows/poison_sync/dest_clk
    SLICE_X158Y100       FDRE                                         r  cfo/windows/poison_sync/syncstages_ff_reg[3]/C
  -------------------------------------------------------------------    -------------------
    SLICE_X158Y100       FDRE (Prop_DFF2_SLICEL_C_Q)
                                                      0.081     0.109 f  cfo/windows/poison_sync/syncstages_ff_reg[3]/Q
                         net (fo=12, routed)          0.687     0.796    cfo/windows/poison500
    SLICE_X142Y84                                                     f  cfo/windows/packed_count[1]_i_1/I0
    SLICE_X142Y84        LUT3 (Prop_F6LUT_SLICEM_I0_O)
                                                      0.051     0.847 f  cfo/windows/packed_count[1]_i_1/O
                         net (fo=11, routed)          0.102     0.949    cfo/windows/fast_stop
    SLICE_X142Y85                                                     f  cfo/windows/window_credits_i_3/I5
    SLICE_X142Y85        LUT6 (Prop_E6LUT_SLICEM_I5_O)
                                                      0.091     1.040 f  cfo/windows/window_credits_i_3/O
                         net (fo=3, routed)           0.052     1.092    cfo/windows/window_credits_i_3_n_0
    SLICE_X142Y85                                                     f  cfo/windows/window_credits_i_2/I5
    SLICE_X142Y85        LUT6 (Prop_D6LUT_SLICEM_I5_O)
                                                      0.088     1.180 r  cfo/windows/window_credits_i_2/O
                         net (fo=19, routed)          0.257     1.437    cfo/windows/p_30_in
    SLICE_X142Y82                                                     r  cfo/windows/output_record[134]_i_1_rewire/I0
    SLICE_X142Y82        LUT5 (Prop_E6LUT_SLICEM_I0_O)
                                                      0.124     1.561 r  cfo/windows/output_record[134]_i_1_rewire/O
                         net (fo=115, routed)         0.505     2.066    cfo/windows/output_record
    SLICE_X139Y73        FDRE                                         r  cfo/windows/output_record_reg[79]/CE
  -------------------------------------------------------------------    -------------------

                         (clock clk500 rise edge)     2.000     2.000 r  
                                                      0.000     2.000 r  clk500 (IN)
                         net (fo=27270, unset)        0.021     2.021    cfo/windows/clk500
    SLICE_X139Y73        FDRE                                         r  cfo/windows/output_record_reg[79]/C
                         clock pessimism              0.000     2.021    
                         clock uncertainty           -0.035     1.986    
    SLICE_X139Y73        FDRE (Setup_FFF2_SLICEM_C_CE)
                                                     -0.061     1.925    cfo/windows/output_record_reg[79]
  -------------------------------------------------------------------
                         required time                          1.925    
                         arrival time                          -2.066    
  -------------------------------------------------------------------
                         slack                                 -0.141    

Slack (VIOLATED) :        -0.140ns  (required time - arrival time)
  Source:                 cfo/windows/poison_sync/syncstages_ff_reg[3]/C
                            (rising edge-triggered cell FDRE clocked by clk500  {rise@0.000ns fall@1.000ns period=2.000ns})
  Destination:            cfo/windows/output_record_reg[106]/CE
                            (rising edge-triggered cell FDRE clocked by clk500  {rise@0.000ns fall@1.000ns period=2.000ns})
  Path Group:             clk500
  Path Type:              Setup (Max at Slow Process Corner)
  Requirement:            2.000ns  (clk500 rise@2.000ns - clk500 rise@0.000ns)
  Data Path Delay:        2.037ns  (logic 0.435ns (21.355%)  route 1.602ns (78.645%))
  Logic Levels:           4  (LUT3=1 LUT5=1 LUT6=2)
  Clock Path Skew:        -0.007ns (DCD - SCD + CPR)
    Destination Clock Delay (DCD):    0.021ns = ( 2.021 - 2.000 ) 
    Source Clock Delay      (SCD):    0.028ns
    Clock Pessimism Removal (CPR):    0.000ns
  Clock Uncertainty:      0.035ns  ((TSJ^2 + TIJ^2)^1/2 + DJ) / 2 + PE
    Total System Jitter     (TSJ):    0.071ns
    Total Input Jitter      (TIJ):    0.000ns
    Discrete Jitter          (DJ):    0.000ns
    Phase Error              (PE):    0.000ns

    Location             Delay type                Incr(ns)  Path(ns)    Netlist Resource(s)
  -------------------------------------------------------------------    -------------------
                         (clock clk500 rise edge)     0.000     0.000 r  
                                                      0.000     0.000 r  clk500 (IN)
                         net (fo=27270, unset)        0.028     0.028    cfo/windows/poison_sync/dest_clk
    SLICE_X158Y100       FDRE                                         r  cfo/windows/poison_sync/syncstages_ff_reg[3]/C
  -------------------------------------------------------------------    -------------------
    SLICE_X158Y100       FDRE (Prop_DFF2_SLICEL_C_Q)
                                                      0.081     0.109 f  cfo/windows/poison_sync/syncstages_ff_reg[3]/Q
                         net (fo=12, routed)          0.687     0.796    cfo/windows/poison500
    SLICE_X142Y84                                                     f  cfo/windows/packed_count[1]_i_1/I0
    SLICE_X142Y84        LUT3 (Prop_F6LUT_SLICEM_I0_O)
                                                      0.051     0.847 f  cfo/windows/packed_count[1]_i_1/O
                         net (fo=11, routed)          0.102     0.949    cfo/windows/fast_stop
    SLICE_X142Y85                                                     f  cfo/windows/window_credits_i_3/I5
    SLICE_X142Y85        LUT6 (Prop_E6LUT_SLICEM_I5_O)
                                                      0.091     1.040 f  cfo/windows/window_credits_i_3/O
                         net (fo=3, routed)           0.052     1.092    cfo/windows/window_credits_i_3_n_0
    SLICE_X142Y85                                                     f  cfo/windows/window_credits_i_2/I5
    SLICE_X142Y85        LUT6 (Prop_D6LUT_SLICEM_I5_O)
                                                      0.088     1.180 r  cfo/windows/window_credits_i_2/O
                         net (fo=19, routed)          0.257     1.437    cfo/windows/p_30_in
    SLICE_X142Y82                                                     r  cfo/windows/output_record[134]_i_1_rewire/I0
    SLICE_X142Y82        LUT5 (Prop_E6LUT_SLICEM_I0_O)
                                                      0.124     1.561 r  cfo/windows/output_record[134]_i_1_rewire/O
                         net (fo=115, routed)         0.504     2.065    cfo/windows/output_record
    SLICE_X139Y73        FDRE                                         r  cfo/windows/output_record_reg[106]/CE
  -------------------------------------------------------------------    -------------------

                         (clock clk500 rise edge)     2.000     2.000 r  
                                                      0.000     2.000 r  clk500 (IN)
                         net (fo=27270, unset)        0.021     2.021    cfo/windows/clk500
    SLICE_X139Y73        FDRE                                         r  cfo/windows/output_record_reg[106]/C
                         clock pessimism              0.000     2.021    
                         clock uncertainty           -0.035     1.986    
    SLICE_X139Y73        FDRE (Setup_EFF_SLICEM_C_CE)
                                                     -0.061     1.925    cfo/windows/output_record_reg[106]
  -------------------------------------------------------------------
                         required time                          1.925    
                         arrival time                          -2.065    
  -------------------------------------------------------------------
                         slack                                 -0.140    

Slack (VIOLATED) :        -0.140ns  (required time - arrival time)
  Source:                 cfo/windows/poison_sync/syncstages_ff_reg[3]/C
                            (rising edge-triggered cell FDRE clocked by clk500  {rise@0.000ns fall@1.000ns period=2.000ns})
  Destination:            cfo/windows/output_record_reg[124]/CE
                            (rising edge-triggered cell FDRE clocked by clk500  {rise@0.000ns fall@1.000ns period=2.000ns})
  Path Group:             clk500
  Path Type:              Setup (Max at Slow Process Corner)
  Requirement:            2.000ns  (clk500 rise@2.000ns - clk500 rise@0.000ns)
  Data Path Delay:        2.037ns  (logic 0.435ns (21.355%)  route 1.602ns (78.645%))
  Logic Levels:           4  (LUT3=1 LUT5=1 LUT6=2)
  Clock Path Skew:        -0.007ns (DCD - SCD + CPR)
    Destination Clock Delay (DCD):    0.021ns = ( 2.021 - 2.000 ) 
    Source Clock Delay      (SCD):    0.028ns
    Clock Pessimism Removal (CPR):    0.000ns
  Clock Uncertainty:      0.035ns  ((TSJ^2 + TIJ^2)^1/2 + DJ) / 2 + PE
    Total System Jitter     (TSJ):    0.071ns
    Total Input Jitter      (TIJ):    0.000ns
    Discrete Jitter          (DJ):    0.000ns
    Phase Error              (PE):    0.000ns

    Location             Delay type                Incr(ns)  Path(ns)    Netlist Resource(s)
  -------------------------------------------------------------------    -------------------
                         (clock clk500 rise edge)     0.000     0.000 r  
                                                      0.000     0.000 r  clk500 (IN)
                         net (fo=27270, unset)        0.028     0.028    cfo/windows/poison_sync/dest_clk
    SLICE_X158Y100       FDRE                                         r  cfo/windows/poison_sync/syncstages_ff_reg[3]/C
  -------------------------------------------------------------------    -------------------
    SLICE_X158Y100       FDRE (Prop_DFF2_SLICEL_C_Q)
                                                      0.081     0.109 f  cfo/windows/poison_sync/syncstages_ff_reg[3]/Q
                         net (fo=12, routed)          0.687     0.796    cfo/windows/poison500
    SLICE_X142Y84                                                     f  cfo/windows/packed_count[1]_i_1/I0
    SLICE_X142Y84        LUT3 (Prop_F6LUT_SLICEM_I0_O)
                                                      0.051     0.847 f  cfo/windows/packed_count[1]_i_1/O
                         net (fo=11, routed)          0.102     0.949    cfo/windows/fast_stop
    SLICE_X142Y85                                                     f  cfo/windows/window_credits_i_3/I5
    SLICE_X142Y85        LUT6 (Prop_E6LUT_SLICEM_I5_O)
                                                      0.091     1.040 f  cfo/windows/window_credits_i_3/O
                         net (fo=3, routed)           0.052     1.092    cfo/windows/window_credits_i_3_n_0
    SLICE_X142Y85                                                     f  cfo/windows/window_credits_i_2/I5
    SLICE_X142Y85        LUT6 (Prop_D6LUT_SLICEM_I5_O)
                                                      0.088     1.180 r  cfo/windows/window_credits_i_2/O
                         net (fo=19, routed)          0.257     1.437    cfo/windows/p_30_in
    SLICE_X142Y82                                                     r  cfo/windows/output_record[134]_i_1_rewire/I0
    SLICE_X142Y82        LUT5 (Prop_E6LUT_SLICEM_I0_O)
                                                      0.124     1.561 r  cfo/windows/output_record[134]_i_1_rewire/O
                         net (fo=115, routed)         0.504     2.065    cfo/windows/output_record
    SLICE_X139Y73        FDRE                                         r  cfo/windows/output_record_reg[124]/CE
  -------------------------------------------------------------------    -------------------

                         (clock clk500 rise edge)     2.000     2.000 r  
                                                      0.000     2.000 r  clk500 (IN)
                         net (fo=27270, unset)        0.021     2.021    cfo/windows/clk500
    SLICE_X139Y73        FDRE                                         r  cfo/windows/output_record_reg[124]/C
                         clock pessimism              0.000     2.021    
                         clock uncertainty           -0.035     1.986    
    SLICE_X139Y73        FDRE (Setup_FFF_SLICEM_C_CE)
                                                     -0.061     1.925    cfo/windows/output_record_reg[124]
  -------------------------------------------------------------------
                         required time                          1.925    
                         arrival time                          -2.065    
  -------------------------------------------------------------------
                         slack                                 -0.140    

Slack (VIOLATED) :        -0.140ns  (required time - arrival time)
  Source:                 cfo/windows/poison_sync/syncstages_ff_reg[3]/C
                            (rising edge-triggered cell FDRE clocked by clk500  {rise@0.000ns fall@1.000ns period=2.000ns})
  Destination:            cfo/windows/output_record_reg[74]/CE
                            (rising edge-triggered cell FDRE clocked by clk500  {rise@0.000ns fall@1.000ns period=2.000ns})
  Path Group:             clk500
  Path Type:              Setup (Max at Slow Process Corner)
  Requirement:            2.000ns  (clk500 rise@2.000ns - clk500 rise@0.000ns)
  Data Path Delay:        2.037ns  (logic 0.435ns (21.355%)  route 1.602ns (78.645%))
  Logic Levels:           4  (LUT3=1 LUT5=1 LUT6=2)
  Clock Path Skew:        -0.008ns (DCD - SCD + CPR)
    Destination Clock Delay (DCD):    0.020ns = ( 2.020 - 2.000 ) 
    Source Clock Delay      (SCD):    0.028ns
    Clock Pessimism Removal (CPR):    0.000ns
  Clock Uncertainty:      0.035ns  ((TSJ^2 + TIJ^2)^1/2 + DJ) / 2 + PE
    Total System Jitter     (TSJ):    0.071ns
    Total Input Jitter      (TIJ):    0.000ns
    Discrete Jitter          (DJ):    0.000ns
    Phase Error              (PE):    0.000ns

    Location             Delay type                Incr(ns)  Path(ns)    Netlist Resource(s)
  -------------------------------------------------------------------    -------------------
                         (clock clk500 rise edge)     0.000     0.000 r  
                                                      0.000     0.000 r  clk500 (IN)
                         net (fo=27270, unset)        0.028     0.028    cfo/windows/poison_sync/dest_clk
    SLICE_X158Y100       FDRE                                         r  cfo/windows/poison_sync/syncstages_ff_reg[3]/C
  -------------------------------------------------------------------    -------------------
    SLICE_X158Y100       FDRE (Prop_DFF2_SLICEL_C_Q)
                                                      0.081     0.109 f  cfo/windows/poison_sync/syncstages_ff_reg[3]/Q
                         net (fo=12, routed)          0.687     0.796    cfo/windows/poison500
    SLICE_X142Y84                                                     f  cfo/windows/packed_count[1]_i_1/I0
    SLICE_X142Y84        LUT3 (Prop_F6LUT_SLICEM_I0_O)
                                                      0.051     0.847 f  cfo/windows/packed_count[1]_i_1/O
                         net (fo=11, routed)          0.102     0.949    cfo/windows/fast_stop
    SLICE_X142Y85                                                     f  cfo/windows/window_credits_i_3/I5
    SLICE_X142Y85        LUT6 (Prop_E6LUT_SLICEM_I5_O)
                                                      0.091     1.040 f  cfo/windows/window_credits_i_3/O
                         net (fo=3, routed)           0.052     1.092    cfo/windows/window_credits_i_3_n_0
    SLICE_X142Y85                                                     f  cfo/windows/window_credits_i_2/I5
    SLICE_X142Y85        LUT6 (Prop_D6LUT_SLICEM_I5_O)
                                                      0.088     1.180 r  cfo/windows/window_credits_i_2/O
                         net (fo=19, routed)          0.257     1.437    cfo/windows/p_30_in
    SLICE_X142Y82                                                     r  cfo/windows/output_record[134]_i_1_rewire/I0
    SLICE_X142Y82        LUT5 (Prop_E6LUT_SLICEM_I0_O)
                                                      0.124     1.561 r  cfo/windows/output_record[134]_i_1_rewire/O
                         net (fo=115, routed)         0.504     2.065    cfo/windows/output_record
    SLICE_X138Y74        FDRE                                         r  cfo/windows/output_record_reg[74]/CE
  -------------------------------------------------------------------    -------------------

                         (clock clk500 rise edge)     2.000     2.000 r  
                                                      0.000     2.000 r  clk500 (IN)
                         net (fo=27270, unset)        0.020     2.020    cfo/windows/clk500
    SLICE_X138Y74        FDRE                                         r  cfo/windows/output_record_reg[74]/C
                         clock pessimism              0.000     2.020    
                         clock uncertainty           -0.035     1.985    
    SLICE_X138Y74        FDRE (Setup_AFF_SLICEL_C_CE)
                                                     -0.060     1.925    cfo/windows/output_record_reg[74]
  -------------------------------------------------------------------
                         required time                          1.925    
                         arrival time                          -2.065    
  -------------------------------------------------------------------
                         slack                                 -0.140    

Slack (VIOLATED) :        -0.140ns  (required time - arrival time)
  Source:                 cfo/windows/poison_sync/syncstages_ff_reg[3]/C
                            (rising edge-triggered cell FDRE clocked by clk500  {rise@0.000ns fall@1.000ns period=2.000ns})
  Destination:            cfo/windows/output_record_reg[76]/CE
                            (rising edge-triggered cell FDRE clocked by clk500  {rise@0.000ns fall@1.000ns period=2.000ns})
  Path Group:             clk500
  Path Type:              Setup (Max at Slow Process Corner)
  Requirement:            2.000ns  (clk500 rise@2.000ns - clk500 rise@0.000ns)
  Data Path Delay:        2.038ns  (logic 0.435ns (21.344%)  route 1.603ns (78.656%))
  Logic Levels:           4  (LUT3=1 LUT5=1 LUT6=2)
  Clock Path Skew:        -0.008ns (DCD - SCD + CPR)
    Destination Clock Delay (DCD):    0.020ns = ( 2.020 - 2.000 ) 
    Source Clock Delay      (SCD):    0.028ns
    Clock Pessimism Removal (CPR):    0.000ns
  Clock Uncertainty:      0.035ns  ((TSJ^2 + TIJ^2)^1/2 + DJ) / 2 + PE
    Total System Jitter     (TSJ):    0.071ns
    Total Input Jitter      (TIJ):    0.000ns
    Discrete Jitter          (DJ):    0.000ns
    Phase Error              (PE):    0.000ns

    Location             Delay type                Incr(ns)  Path(ns)    Netlist Resource(s)
  -------------------------------------------------------------------    -------------------
                         (clock clk500 rise edge)     0.000     0.000 r  
                                                      0.000     0.000 r  clk500 (IN)
                         net (fo=27270, unset)        0.028     0.028    cfo/windows/poison_sync/dest_clk
    SLICE_X158Y100       FDRE                                         r  cfo/windows/poison_sync/syncstages_ff_reg[3]/C
  -------------------------------------------------------------------    -------------------
    SLICE_X158Y100       FDRE (Prop_DFF2_SLICEL_C_Q)
                                                      0.081     0.109 f  cfo/windows/poison_sync/syncstages_ff_reg[3]/Q
                         net (fo=12, routed)          0.687     0.796    cfo/windows/poison500
    SLICE_X142Y84                                                     f  cfo/windows/packed_count[1]_i_1/I0
    SLICE_X142Y84        LUT3 (Prop_F6LUT_SLICEM_I0_O)
                                                      0.051     0.847 f  cfo/windows/packed_count[1]_i_1/O
                         net (fo=11, routed)          0.102     0.949    cfo/windows/fast_stop
    SLICE_X142Y85                                                     f  cfo/windows/window_credits_i_3/I5
    SLICE_X142Y85        LUT6 (Prop_E6LUT_SLICEM_I5_O)
                                                      0.091     1.040 f  cfo/windows/window_credits_i_3/O
                         net (fo=3, routed)           0.052     1.092    cfo/windows/window_credits_i_3_n_0
    SLICE_X142Y85                                                     f  cfo/windows/window_credits_i_2/I5
    SLICE_X142Y85        LUT6 (Prop_D6LUT_SLICEM_I5_O)
                                                      0.088     1.180 r  cfo/windows/window_credits_i_2/O
                         net (fo=19, routed)          0.257     1.437    cfo/windows/p_30_in
    SLICE_X142Y82                                                     r  cfo/windows/output_record[134]_i_1_rewire/I0
    SLICE_X142Y82        LUT5 (Prop_E6LUT_SLICEM_I0_O)
                                                      0.124     1.561 r  cfo/windows/output_record[134]_i_1_rewire/O
                         net (fo=115, routed)         0.505     2.066    cfo/windows/output_record
    SLICE_X138Y74        FDRE                                         r  cfo/windows/output_record_reg[76]/CE
  -------------------------------------------------------------------    -------------------

                         (clock clk500 rise edge)     2.000     2.000 r  
                                                      0.000     2.000 r  clk500 (IN)
                         net (fo=27270, unset)        0.020     2.020    cfo/windows/clk500
    SLICE_X138Y74        FDRE                                         r  cfo/windows/output_record_reg[76]/C
                         clock pessimism              0.000     2.020    
                         clock uncertainty           -0.035     1.985    
    SLICE_X138Y74        FDRE (Setup_AFF2_SLICEL_C_CE)
                                                     -0.059     1.926    cfo/windows/output_record_reg[76]
  -------------------------------------------------------------------
                         required time                          1.926    
                         arrival time                          -2.066    
  -------------------------------------------------------------------
                         slack                                 -0.140    

Slack (VIOLATED) :        -0.140ns  (required time - arrival time)
  Source:                 cfo/windows/poison_sync/syncstages_ff_reg[3]/C
                            (rising edge-triggered cell FDRE clocked by clk500  {rise@0.000ns fall@1.000ns period=2.000ns})
  Destination:            cfo/windows/output_record_reg[85]/CE
                            (rising edge-triggered cell FDRE clocked by clk500  {rise@0.000ns fall@1.000ns period=2.000ns})
  Path Group:             clk500
  Path Type:              Setup (Max at Slow Process Corner)
  Requirement:            2.000ns  (clk500 rise@2.000ns - clk500 rise@0.000ns)
  Data Path Delay:        2.037ns  (logic 0.435ns (21.355%)  route 1.602ns (78.645%))
  Logic Levels:           4  (LUT3=1 LUT5=1 LUT6=2)
  Clock Path Skew:        -0.008ns (DCD - SCD + CPR)
    Destination Clock Delay (DCD):    0.020ns = ( 2.020 - 2.000 ) 
    Source Clock Delay      (SCD):    0.028ns
    Clock Pessimism Removal (CPR):    0.000ns
  Clock Uncertainty:      0.035ns  ((TSJ^2 + TIJ^2)^1/2 + DJ) / 2 + PE
    Total System Jitter     (TSJ):    0.071ns
    Total Input Jitter      (TIJ):    0.000ns
    Discrete Jitter          (DJ):    0.000ns
    Phase Error              (PE):    0.000ns

    Location             Delay type                Incr(ns)  Path(ns)    Netlist Resource(s)
  -------------------------------------------------------------------    -------------------
                         (clock clk500 rise edge)     0.000     0.000 r  
                                                      0.000     0.000 r  clk500 (IN)
                         net (fo=27270, unset)        0.028     0.028    cfo/windows/poison_sync/dest_clk
    SLICE_X158Y100       FDRE                                         r  cfo/windows/poison_sync/syncstages_ff_reg[3]/C
  -------------------------------------------------------------------    -------------------
    SLICE_X158Y100       FDRE (Prop_DFF2_SLICEL_C_Q)
                                                      0.081     0.109 f  cfo/windows/poison_sync/syncstages_ff_reg[3]/Q
                         net (fo=12, routed)          0.687     0.796    cfo/windows/poison500
    SLICE_X142Y84                                                     f  cfo/windows/packed_count[1]_i_1/I0
    SLICE_X142Y84        LUT3 (Prop_F6LUT_SLICEM_I0_O)
                                                      0.051     0.847 f  cfo/windows/packed_count[1]_i_1/O
                         net (fo=11, routed)          0.102     0.949    cfo/windows/fast_stop
    SLICE_X142Y85                                                     f  cfo/windows/window_credits_i_3/I5
    SLICE_X142Y85        LUT6 (Prop_E6LUT_SLICEM_I5_O)
                                                      0.091     1.040 f  cfo/windows/window_credits_i_3/O
                         net (fo=3, routed)           0.052     1.092    cfo/windows/window_credits_i_3_n_0
    SLICE_X142Y85                                                     f  cfo/windows/window_credits_i_2/I5
    SLICE_X142Y85        LUT6 (Prop_D6LUT_SLICEM_I5_O)
                                                      0.088     1.180 r  cfo/windows/window_credits_i_2/O
                         net (fo=19, routed)          0.257     1.437    cfo/windows/p_30_in
    SLICE_X142Y82                                                     r  cfo/windows/output_record[134]_i_1_rewire/I0
    SLICE_X142Y82        LUT5 (Prop_E6LUT_SLICEM_I0_O)
                                                      0.124     1.561 r  cfo/windows/output_record[134]_i_1_rewire/O
                         net (fo=115, routed)         0.504     2.065    cfo/windows/output_record
    SLICE_X138Y74        FDRE                                         r  cfo/windows/output_record_reg[85]/CE
  -------------------------------------------------------------------    -------------------

                         (clock clk500 rise edge)     2.000     2.000 r  
                                                      0.000     2.000 r  clk500 (IN)
                         net (fo=27270, unset)        0.020     2.020    cfo/windows/clk500
    SLICE_X138Y74        FDRE                                         r  cfo/windows/output_record_reg[85]/C
                         clock pessimism              0.000     2.020    
                         clock uncertainty           -0.035     1.985    
    SLICE_X138Y74        FDRE (Setup_BFF_SLICEL_C_CE)
                                                     -0.060     1.925    cfo/windows/output_record_reg[85]
  -------------------------------------------------------------------
                         required time                          1.925    
                         arrival time                          -2.065    
  -------------------------------------------------------------------
                         slack                                 -0.140    

Slack (VIOLATED) :        -0.140ns  (required time - arrival time)
  Source:                 cfo/windows/poison_sync/syncstages_ff_reg[3]/C
                            (rising edge-triggered cell FDRE clocked by clk500  {rise@0.000ns fall@1.000ns period=2.000ns})
  Destination:            cfo/windows/output_record_reg[88]/CE
                            (rising edge-triggered cell FDRE clocked by clk500  {rise@0.000ns fall@1.000ns period=2.000ns})
  Path Group:             clk500
  Path Type:              Setup (Max at Slow Process Corner)
  Requirement:            2.000ns  (clk500 rise@2.000ns - clk500 rise@0.000ns)
  Data Path Delay:        2.037ns  (logic 0.435ns (21.355%)  route 1.602ns (78.645%))
  Logic Levels:           4  (LUT3=1 LUT5=1 LUT6=2)
  Clock Path Skew:        -0.007ns (DCD - SCD + CPR)
    Destination Clock Delay (DCD):    0.021ns = ( 2.021 - 2.000 ) 
    Source Clock Delay      (SCD):    0.028ns
    Clock Pessimism Removal (CPR):    0.000ns
  Clock Uncertainty:      0.035ns  ((TSJ^2 + TIJ^2)^1/2 + DJ) / 2 + PE
    Total System Jitter     (TSJ):    0.071ns
    Total Input Jitter      (TIJ):    0.000ns
    Discrete Jitter          (DJ):    0.000ns
    Phase Error              (PE):    0.000ns

    Location             Delay type                Incr(ns)  Path(ns)    Netlist Resource(s)
  -------------------------------------------------------------------    -------------------
                         (clock clk500 rise edge)     0.000     0.000 r  
                                                      0.000     0.000 r  clk500 (IN)
                         net (fo=27270, unset)        0.028     0.028    cfo/windows/poison_sync/dest_clk
    SLICE_X158Y100       FDRE                                         r  cfo/windows/poison_sync/syncstages_ff_reg[3]/C
  -------------------------------------------------------------------    -------------------
    SLICE_X158Y100       FDRE (Prop_DFF2_SLICEL_C_Q)
                                                      0.081     0.109 f  cfo/windows/poison_sync/syncstages_ff_reg[3]/Q
                         net (fo=12, routed)          0.687     0.796    cfo/windows/poison500
    SLICE_X142Y84                                                     f  cfo/windows/packed_count[1]_i_1/I0
    SLICE_X142Y84        LUT3 (Prop_F6LUT_SLICEM_I0_O)
                                                      0.051     0.847 f  cfo/windows/packed_count[1]_i_1/O
                         net (fo=11, routed)          0.102     0.949    cfo/windows/fast_stop
    SLICE_X142Y85                                                     f  cfo/windows/window_credits_i_3/I5
    SLICE_X142Y85        LUT6 (Prop_E6LUT_SLICEM_I5_O)
                                                      0.091     1.040 f  cfo/windows/window_credits_i_3/O
                         net (fo=3, routed)           0.052     1.092    cfo/windows/window_credits_i_3_n_0
    SLICE_X142Y85                                                     f  cfo/windows/window_credits_i_2/I5
    SLICE_X142Y85        LUT6 (Prop_D6LUT_SLICEM_I5_O)
                                                      0.088     1.180 r  cfo/windows/window_credits_i_2/O
                         net (fo=19, routed)          0.257     1.437    cfo/windows/p_30_in
    SLICE_X142Y82                                                     r  cfo/windows/output_record[134]_i_1_rewire/I0
    SLICE_X142Y82        LUT5 (Prop_E6LUT_SLICEM_I0_O)
                                                      0.124     1.561 r  cfo/windows/output_record[134]_i_1_rewire/O
                         net (fo=115, routed)         0.504     2.065    cfo/windows/output_record
    SLICE_X139Y73        FDRE                                         r  cfo/windows/output_record_reg[88]/CE
  -------------------------------------------------------------------    -------------------

                         (clock clk500 rise edge)     2.000     2.000 r  
                                                      0.000     2.000 r  clk500 (IN)
                         net (fo=27270, unset)        0.021     2.021    cfo/windows/clk500
    SLICE_X139Y73        FDRE                                         r  cfo/windows/output_record_reg[88]/C
                         clock pessimism              0.000     2.021    
                         clock uncertainty           -0.035     1.986    
    SLICE_X139Y73        FDRE (Setup_GFF_SLICEM_C_CE)
                                                     -0.061     1.925    cfo/windows/output_record_reg[88]
  -------------------------------------------------------------------
                         required time                          1.925    
                         arrival time                          -2.065    
  -------------------------------------------------------------------
                         slack                                 -0.140    

Slack (VIOLATED) :        -0.138ns  (required time - arrival time)
  Source:                 cfo/windows/output_record_reg[80]/C
                            (rising edge-triggered cell FDRE clocked by clk500  {rise@0.000ns fall@1.000ns period=2.000ns})
  Destination:            cfo/observation_front/fft_core/m_error_reg[1]/CE
                            (rising edge-triggered cell FDRE clocked by clk500  {rise@0.000ns fall@1.000ns period=2.000ns})
  Path Group:             clk500
  Path Type:              Setup (Max at Slow Process Corner)
  Requirement:            2.000ns  (clk500 rise@2.000ns - clk500 rise@0.000ns)
  Data Path Delay:        2.033ns  (logic 0.528ns (25.971%)  route 1.505ns (74.029%))
  Logic Levels:           6  (CARRY8=2 LUT3=1 LUT6=3)
  Clock Path Skew:        -0.009ns (DCD - SCD + CPR)
    Destination Clock Delay (DCD):    0.021ns = ( 2.021 - 2.000 ) 
    Source Clock Delay      (SCD):    0.030ns
    Clock Pessimism Removal (CPR):    0.000ns
  Clock Uncertainty:      0.035ns  ((TSJ^2 + TIJ^2)^1/2 + DJ) / 2 + PE
    Total System Jitter     (TSJ):    0.071ns
    Total Input Jitter      (TIJ):    0.000ns
    Discrete Jitter          (DJ):    0.000ns
    Phase Error              (PE):    0.000ns

    Location             Delay type                Incr(ns)  Path(ns)    Netlist Resource(s)
  -------------------------------------------------------------------    -------------------
                         (clock clk500 rise edge)     0.000     0.000 r  
                                                      0.000     0.000 r  clk500 (IN)
                         net (fo=27270, unset)        0.030     0.030    cfo/windows/clk500
    SLICE_X139Y79        FDRE                                         r  cfo/windows/output_record_reg[80]/C
  -------------------------------------------------------------------    -------------------
    SLICE_X139Y79        FDRE (Prop_FFF_SLICEM_C_Q)
                                                      0.076     0.106 r  cfo/windows/output_record_reg[80]/Q
                         net (fo=2, routed)           0.688     0.794    cfo/observation_front/fft_core/s_generation[9]
    SLICE_X134Y63                                                     r  cfo/observation_front/fft_core/m_error[1]_i_37/I0
    SLICE_X134Y63        LUT6 (Prop_D6LUT_SLICEL_I0_O)
                                                      0.050     0.844 r  cfo/observation_front/fft_core/m_error[1]_i_37/O
                         net (fo=1, routed)           0.009     0.853    cfo/observation_front/fft_core/m_error[1]_i_37_n_0
    SLICE_X134Y63                                                     r  cfo/observation_front/fft_core/m_error_reg[1]_i_19/S[3]
    SLICE_X134Y63        CARRY8 (Prop_CARRY8_SLICEL_S[3]_CO[7])
                                                      0.154     1.007 r  cfo/observation_front/fft_core/m_error_reg[1]_i_19/CO[7]
                         net (fo=1, routed)           0.026     1.033    cfo/observation_front/fft_core/m_error_reg[1]_i_19_n_0
    SLICE_X134Y64                                                     r  cfo/observation_front/fft_core/m_error_reg[1]_i_10/CI
    SLICE_X134Y64        CARRY8 (Prop_CARRY8_SLICEL_CI_CO[2])
                                                      0.057     1.090 r  cfo/observation_front/fft_core/m_error_reg[1]_i_10/CO[2]
                         net (fo=1, routed)           0.242     1.332    cfo/observation_front/fft_core/input_error4
    SLICE_X136Y69                                                     r  cfo/observation_front/fft_core/m_error[1]_i_4/I3
    SLICE_X136Y69        LUT6 (Prop_A6LUT_SLICEL_I3_O)
                                                      0.050     1.382 f  cfo/observation_front/fft_core/m_error[1]_i_4/O
                         net (fo=3, routed)           0.109     1.491    cfo/observation_front/fft_core/m_error[1]_i_4_n_0
    SLICE_X138Y69                                                     f  cfo/observation_front/fft_core/m_error[1]_i_3/I0
    SLICE_X138Y69        LUT3 (Prop_A6LUT_SLICEL_I0_O)
                                                      0.090     1.581 r  cfo/observation_front/fft_core/m_error[1]_i_3/O
                         net (fo=5, routed)           0.171     1.752    cfo/observation_front/fft_core/m_error[1]_i_3_n_0
    SLICE_X136Y69                                                     r  cfo/observation_front/fft_core/m_error[1]_i_1/I5
    SLICE_X136Y69        LUT6 (Prop_H6LUT_SLICEL_I5_O)
                                                      0.051     1.803 r  cfo/observation_front/fft_core/m_error[1]_i_1/O
                         net (fo=2, routed)           0.260     2.063    cfo/observation_front/fft_core/m_error[1]_i_1_n_0
    SLICE_X137Y69        FDRE                                         r  cfo/observation_front/fft_core/m_error_reg[1]/CE
  -------------------------------------------------------------------    -------------------

                         (clock clk500 rise edge)     2.000     2.000 r  
                                                      0.000     2.000 r  clk500 (IN)
                         net (fo=27270, unset)        0.021     2.021    cfo/observation_front/fft_core/clk
    SLICE_X137Y69        FDRE                                         r  cfo/observation_front/fft_core/m_error_reg[1]/C
                         clock pessimism              0.000     2.021    
                         clock uncertainty           -0.035     1.986    
    SLICE_X137Y69        FDRE (Setup_DFF_SLICEM_C_CE)
                                                     -0.061     1.925    cfo/observation_front/fft_core/m_error_reg[1]
  -------------------------------------------------------------------
                         required time                          1.925    
                         arrival time                          -2.063    
  -------------------------------------------------------------------
                         slack                                 -0.138    

Slack (VIOLATED) :        -0.134ns  (required time - arrival time)
  Source:                 cfo/windows/output_record_reg[80]/C
                            (rising edge-triggered cell FDRE clocked by clk500  {rise@0.000ns fall@1.000ns period=2.000ns})
  Destination:            cfo/observation_front/fft_core/input_index_reg[2]/CE
                            (rising edge-triggered cell FDRE clocked by clk500  {rise@0.000ns fall@1.000ns period=2.000ns})
  Path Group:             clk500
  Path Type:              Setup (Max at Slow Process Corner)
  Requirement:            2.000ns  (clk500 rise@2.000ns - clk500 rise@0.000ns)
  Data Path Delay:        2.029ns  (logic 0.513ns (25.283%)  route 1.516ns (74.717%))
  Logic Levels:           6  (CARRY8=2 LUT3=1 LUT6=3)
  Clock Path Skew:        -0.009ns (DCD - SCD + CPR)
    Destination Clock Delay (DCD):    0.021ns = ( 2.021 - 2.000 ) 
    Source Clock Delay      (SCD):    0.030ns
    Clock Pessimism Removal (CPR):    0.000ns
  Clock Uncertainty:      0.035ns  ((TSJ^2 + TIJ^2)^1/2 + DJ) / 2 + PE
    Total System Jitter     (TSJ):    0.071ns
    Total Input Jitter      (TIJ):    0.000ns
    Discrete Jitter          (DJ):    0.000ns
    Phase Error              (PE):    0.000ns

    Location             Delay type                Incr(ns)  Path(ns)    Netlist Resource(s)
  -------------------------------------------------------------------    -------------------
                         (clock clk500 rise edge)     0.000     0.000 r  
                                                      0.000     0.000 r  clk500 (IN)
                         net (fo=27270, unset)        0.030     0.030    cfo/windows/clk500
    SLICE_X139Y79        FDRE                                         r  cfo/windows/output_record_reg[80]/C
  -------------------------------------------------------------------    -------------------
    SLICE_X139Y79        FDRE (Prop_FFF_SLICEM_C_Q)
                                                      0.076     0.106 r  cfo/windows/output_record_reg[80]/Q
                         net (fo=2, routed)           0.688     0.794    cfo/observation_front/fft_core/s_generation[9]
    SLICE_X134Y63                                                     r  cfo/observation_front/fft_core/m_error[1]_i_37/I0
    SLICE_X134Y63        LUT6 (Prop_D6LUT_SLICEL_I0_O)
                                                      0.050     0.844 r  cfo/observation_front/fft_core/m_error[1]_i_37/O
                         net (fo=1, routed)           0.009     0.853    cfo/observation_front/fft_core/m_error[1]_i_37_n_0
    SLICE_X134Y63                                                     r  cfo/observation_front/fft_core/m_error_reg[1]_i_19/S[3]
    SLICE_X134Y63        CARRY8 (Prop_CARRY8_SLICEL_S[3]_CO[7])
                                                      0.154     1.007 f  cfo/observation_front/fft_core/m_error_reg[1]_i_19/CO[7]
                         net (fo=1, routed)           0.026     1.033    cfo/observation_front/fft_core/m_error_reg[1]_i_19_n_0
    SLICE_X134Y64                                                     f  cfo/observation_front/fft_core/m_error_reg[1]_i_10/CI
    SLICE_X134Y64        CARRY8 (Prop_CARRY8_SLICEL_CI_CO[2])
                                                      0.057     1.090 f  cfo/observation_front/fft_core/m_error_reg[1]_i_10/CO[2]
                         net (fo=1, routed)           0.242     1.332    cfo/observation_front/fft_core/input_error4
    SLICE_X136Y69                                                     f  cfo/observation_front/fft_core/m_error[1]_i_4/I3
    SLICE_X136Y69        LUT6 (Prop_A6LUT_SLICEL_I3_O)
                                                      0.050     1.382 r  cfo/observation_front/fft_core/m_error[1]_i_4/O
                         net (fo=3, routed)           0.109     1.491    cfo/observation_front/fft_core/m_error[1]_i_4_n_0
    SLICE_X138Y69                                                     r  cfo/observation_front/fft_core/m_error[1]_i_3/I0
    SLICE_X138Y69        LUT3 (Prop_A6LUT_SLICEL_I0_O)
                                                      0.090     1.581 f  cfo/observation_front/fft_core/m_error[1]_i_3/O
                         net (fo=5, routed)           0.139     1.720    cfo/observation_front/fft_core/m_error[1]_i_3_n_0
    SLICE_X138Y72                                                     f  cfo/observation_front/fft_core/input_index[10]_i_1/I2
    SLICE_X138Y72        LUT6 (Prop_B6LUT_SLICEL_I2_O)
                                                      0.036     1.756 r  cfo/observation_front/fft_core/input_index[10]_i_1/O
                         net (fo=11, routed)          0.303     2.059    cfo/observation_front/fft_core/input_index[10]_i_1_n_0
    SLICE_X139Y73        FDRE                                         r  cfo/observation_front/fft_core/input_index_reg[2]/CE
  -------------------------------------------------------------------    -------------------

                         (clock clk500 rise edge)     2.000     2.000 r  
                                                      0.000     2.000 r  clk500 (IN)
                         net (fo=27270, unset)        0.021     2.021    cfo/observation_front/fft_core/clk
    SLICE_X139Y73        FDRE                                         r  cfo/observation_front/fft_core/input_index_reg[2]/C
                         clock pessimism              0.000     2.021    
                         clock uncertainty           -0.035     1.986    
    SLICE_X139Y73        FDRE (Setup_DFF_SLICEM_C_CE)
                                                     -0.061     1.925    cfo/observation_front/fft_core/input_index_reg[2]
  -------------------------------------------------------------------
                         required time                          1.925    
                         arrival time                          -2.059    
  -------------------------------------------------------------------
                         slack                                 -0.134    

Slack (VIOLATED) :        -0.134ns  (required time - arrival time)
  Source:                 cfo/windows/output_record_reg[80]/C
                            (rising edge-triggered cell FDRE clocked by clk500  {rise@0.000ns fall@1.000ns period=2.000ns})
  Destination:            cfo/observation_front/fft_core/input_index_reg[4]/CE
                            (rising edge-triggered cell FDRE clocked by clk500  {rise@0.000ns fall@1.000ns period=2.000ns})
  Path Group:             clk500
  Path Type:              Setup (Max at Slow Process Corner)
  Requirement:            2.000ns  (clk500 rise@2.000ns - clk500 rise@0.000ns)
  Data Path Delay:        2.029ns  (logic 0.513ns (25.283%)  route 1.516ns (74.717%))
  Logic Levels:           6  (CARRY8=2 LUT3=1 LUT6=3)
  Clock Path Skew:        -0.009ns (DCD - SCD + CPR)
    Destination Clock Delay (DCD):    0.021ns = ( 2.021 - 2.000 ) 
    Source Clock Delay      (SCD):    0.030ns
    Clock Pessimism Removal (CPR):    0.000ns
  Clock Uncertainty:      0.035ns  ((TSJ^2 + TIJ^2)^1/2 + DJ) / 2 + PE
    Total System Jitter     (TSJ):    0.071ns
    Total Input Jitter      (TIJ):    0.000ns
    Discrete Jitter          (DJ):    0.000ns
    Phase Error              (PE):    0.000ns

    Location             Delay type                Incr(ns)  Path(ns)    Netlist Resource(s)
  -------------------------------------------------------------------    -------------------
                         (clock clk500 rise edge)     0.000     0.000 r  
                                                      0.000     0.000 r  clk500 (IN)
                         net (fo=27270, unset)        0.030     0.030    cfo/windows/clk500
    SLICE_X139Y79        FDRE                                         r  cfo/windows/output_record_reg[80]/C
  -------------------------------------------------------------------    -------------------
    SLICE_X139Y79        FDRE (Prop_FFF_SLICEM_C_Q)
                                                      0.076     0.106 r  cfo/windows/output_record_reg[80]/Q
                         net (fo=2, routed)           0.688     0.794    cfo/observation_front/fft_core/s_generation[9]
    SLICE_X134Y63                                                     r  cfo/observation_front/fft_core/m_error[1]_i_37/I0
    SLICE_X134Y63        LUT6 (Prop_D6LUT_SLICEL_I0_O)
                                                      0.050     0.844 r  cfo/observation_front/fft_core/m_error[1]_i_37/O
                         net (fo=1, routed)           0.009     0.853    cfo/observation_front/fft_core/m_error[1]_i_37_n_0
    SLICE_X134Y63                                                     r  cfo/observation_front/fft_core/m_error_reg[1]_i_19/S[3]
    SLICE_X134Y63        CARRY8 (Prop_CARRY8_SLICEL_S[3]_CO[7])
                                                      0.154     1.007 f  cfo/observation_front/fft_core/m_error_reg[1]_i_19/CO[7]
                         net (fo=1, routed)           0.026     1.033    cfo/observation_front/fft_core/m_error_reg[1]_i_19_n_0
    SLICE_X134Y64                                                     f  cfo/observation_front/fft_core/m_error_reg[1]_i_10/CI
    SLICE_X134Y64        CARRY8 (Prop_CARRY8_SLICEL_CI_CO[2])
                                                      0.057     1.090 f  cfo/observation_front/fft_core/m_error_reg[1]_i_10/CO[2]
                         net (fo=1, routed)           0.242     1.332    cfo/observation_front/fft_core/input_error4
    SLICE_X136Y69                                                     f  cfo/observation_front/fft_core/m_error[1]_i_4/I3
    SLICE_X136Y69        LUT6 (Prop_A6LUT_SLICEL_I3_O)
                                                      0.050     1.382 r  cfo/observation_front/fft_core/m_error[1]_i_4/O
                         net (fo=3, routed)           0.109     1.491    cfo/observation_front/fft_core/m_error[1]_i_4_n_0
    SLICE_X138Y69                                                     r  cfo/observation_front/fft_core/m_error[1]_i_3/I0
    SLICE_X138Y69        LUT3 (Prop_A6LUT_SLICEL_I0_O)
                                                      0.090     1.581 f  cfo/observation_front/fft_core/m_error[1]_i_3/O
                         net (fo=5, routed)           0.139     1.720    cfo/observation_front/fft_core/m_error[1]_i_3_n_0
    SLICE_X138Y72                                                     f  cfo/observation_front/fft_core/input_index[10]_i_1/I2
    SLICE_X138Y72        LUT6 (Prop_B6LUT_SLICEL_I2_O)
                                                      0.036     1.756 r  cfo/observation_front/fft_core/input_index[10]_i_1/O
                         net (fo=11, routed)          0.303     2.059    cfo/observation_front/fft_core/input_index[10]_i_1_n_0
    SLICE_X139Y73        FDRE                                         r  cfo/observation_front/fft_core/input_index_reg[4]/CE
  -------------------------------------------------------------------    -------------------

                         (clock clk500 rise edge)     2.000     2.000 r  
                                                      0.000     2.000 r  clk500 (IN)
                         net (fo=27270, unset)        0.021     2.021    cfo/observation_front/fft_core/clk
    SLICE_X139Y73        FDRE                                         r  cfo/observation_front/fft_core/input_index_reg[4]/C
                         clock pessimism              0.000     2.021    
                         clock uncertainty           -0.035     1.986    
    SLICE_X139Y73        FDRE (Setup_BFF_SLICEM_C_CE)
                                                     -0.061     1.925    cfo/observation_front/fft_core/input_index_reg[4]
  -------------------------------------------------------------------
                         required time                          1.925    
                         arrival time                          -2.059    
  -------------------------------------------------------------------
                         slack                                 -0.134    

Slack (VIOLATED) :        -0.134ns  (required time - arrival time)
  Source:                 cfo/windows/output_record_reg[80]/C
                            (rising edge-triggered cell FDRE clocked by clk500  {rise@0.000ns fall@1.000ns period=2.000ns})
  Destination:            cfo/observation_front/fft_core/input_index_reg[5]/CE
                            (rising edge-triggered cell FDRE clocked by clk500  {rise@0.000ns fall@1.000ns period=2.000ns})
  Path Group:             clk500
  Path Type:              Setup (Max at Slow Process Corner)
  Requirement:            2.000ns  (clk500 rise@2.000ns - clk500 rise@0.000ns)
  Data Path Delay:        2.029ns  (logic 0.513ns (25.283%)  route 1.516ns (74.717%))
  Logic Levels:           6  (CARRY8=2 LUT3=1 LUT6=3)
  Clock Path Skew:        -0.009ns (DCD - SCD + CPR)
    Destination Clock Delay (DCD):    0.021ns = ( 2.021 - 2.000 ) 
    Source Clock Delay      (SCD):    0.030ns
    Clock Pessimism Removal (CPR):    0.000ns
  Clock Uncertainty:      0.035ns  ((TSJ^2 + TIJ^2)^1/2 + DJ) / 2 + PE
    Total System Jitter     (TSJ):    0.071ns
    Total Input Jitter      (TIJ):    0.000ns
    Discrete Jitter          (DJ):    0.000ns
    Phase Error              (PE):    0.000ns

    Location             Delay type                Incr(ns)  Path(ns)    Netlist Resource(s)
  -------------------------------------------------------------------    -------------------
                         (clock clk500 rise edge)     0.000     0.000 r  
                                                      0.000     0.000 r  clk500 (IN)
                         net (fo=27270, unset)        0.030     0.030    cfo/windows/clk500
    SLICE_X139Y79        FDRE                                         r  cfo/windows/output_record_reg[80]/C
  -------------------------------------------------------------------    -------------------
    SLICE_X139Y79        FDRE (Prop_FFF_SLICEM_C_Q)
                                                      0.076     0.106 r  cfo/windows/output_record_reg[80]/Q
                         net (fo=2, routed)           0.688     0.794    cfo/observation_front/fft_core/s_generation[9]
    SLICE_X134Y63                                                     r  cfo/observation_front/fft_core/m_error[1]_i_37/I0
    SLICE_X134Y63        LUT6 (Prop_D6LUT_SLICEL_I0_O)
                                                      0.050     0.844 r  cfo/observation_front/fft_core/m_error[1]_i_37/O
                         net (fo=1, routed)           0.009     0.853    cfo/observation_front/fft_core/m_error[1]_i_37_n_0
    SLICE_X134Y63                                                     r  cfo/observation_front/fft_core/m_error_reg[1]_i_19/S[3]
    SLICE_X134Y63        CARRY8 (Prop_CARRY8_SLICEL_S[3]_CO[7])
                                                      0.154     1.007 f  cfo/observation_front/fft_core/m_error_reg[1]_i_19/CO[7]
                         net (fo=1, routed)           0.026     1.033    cfo/observation_front/fft_core/m_error_reg[1]_i_19_n_0
    SLICE_X134Y64                                                     f  cfo/observation_front/fft_core/m_error_reg[1]_i_10/CI
    SLICE_X134Y64        CARRY8 (Prop_CARRY8_SLICEL_CI_CO[2])
                                                      0.057     1.090 f  cfo/observation_front/fft_core/m_error_reg[1]_i_10/CO[2]
                         net (fo=1, routed)           0.242     1.332    cfo/observation_front/fft_core/input_error4
    SLICE_X136Y69                                                     f  cfo/observation_front/fft_core/m_error[1]_i_4/I3
    SLICE_X136Y69        LUT6 (Prop_A6LUT_SLICEL_I3_O)
                                                      0.050     1.382 r  cfo/observation_front/fft_core/m_error[1]_i_4/O
                         net (fo=3, routed)           0.109     1.491    cfo/observation_front/fft_core/m_error[1]_i_4_n_0
    SLICE_X138Y69                                                     r  cfo/observation_front/fft_core/m_error[1]_i_3/I0
    SLICE_X138Y69        LUT3 (Prop_A6LUT_SLICEL_I0_O)
                                                      0.090     1.581 f  cfo/observation_front/fft_core/m_error[1]_i_3/O
                         net (fo=5, routed)           0.139     1.720    cfo/observation_front/fft_core/m_error[1]_i_3_n_0
    SLICE_X138Y72                                                     f  cfo/observation_front/fft_core/input_index[10]_i_1/I2
    SLICE_X138Y72        LUT6 (Prop_B6LUT_SLICEL_I2_O)
                                                      0.036     1.756 r  cfo/observation_front/fft_core/input_index[10]_i_1/O
                         net (fo=11, routed)          0.303     2.059    cfo/observation_front/fft_core/input_index[10]_i_1_n_0
    SLICE_X139Y73        FDRE                                         r  cfo/observation_front/fft_core/input_index_reg[5]/CE
  -------------------------------------------------------------------    -------------------

                         (clock clk500 rise edge)     2.000     2.000 r  
                                                      0.000     2.000 r  clk500 (IN)
                         net (fo=27270, unset)        0.021     2.021    cfo/observation_front/fft_core/clk
    SLICE_X139Y73        FDRE                                         r  cfo/observation_front/fft_core/input_index_reg[5]/C
                         clock pessimism              0.000     2.021    
                         clock uncertainty           -0.035     1.986    
    SLICE_X139Y73        FDRE (Setup_CFF_SLICEM_C_CE)
                                                     -0.061     1.925    cfo/observation_front/fft_core/input_index_reg[5]
  -------------------------------------------------------------------
                         required time                          1.925    
                         arrival time                          -2.059    
  -------------------------------------------------------------------
                         slack                                 -0.134    

Slack (VIOLATED) :        -0.133ns  (required time - arrival time)
  Source:                 cfo/windows/output_record_reg[80]/C
                            (rising edge-triggered cell FDRE clocked by clk500  {rise@0.000ns fall@1.000ns period=2.000ns})
  Destination:            cfo/observation_front/fft_core/input_index_reg[3]/CE
                            (rising edge-triggered cell FDRE clocked by clk500  {rise@0.000ns fall@1.000ns period=2.000ns})
  Path Group:             clk500
  Path Type:              Setup (Max at Slow Process Corner)
  Requirement:            2.000ns  (clk500 rise@2.000ns - clk500 rise@0.000ns)
  Data Path Delay:        2.029ns  (logic 0.513ns (25.283%)  route 1.516ns (74.717%))
  Logic Levels:           6  (CARRY8=2 LUT3=1 LUT6=3)
  Clock Path Skew:        -0.009ns (DCD - SCD + CPR)
    Destination Clock Delay (DCD):    0.021ns = ( 2.021 - 2.000 ) 
    Source Clock Delay      (SCD):    0.030ns
    Clock Pessimism Removal (CPR):    0.000ns
  Clock Uncertainty:      0.035ns  ((TSJ^2 + TIJ^2)^1/2 + DJ) / 2 + PE
    Total System Jitter     (TSJ):    0.071ns
    Total Input Jitter      (TIJ):    0.000ns
    Discrete Jitter          (DJ):    0.000ns
    Phase Error              (PE):    0.000ns

    Location             Delay type                Incr(ns)  Path(ns)    Netlist Resource(s)
  -------------------------------------------------------------------    -------------------
                         (clock clk500 rise edge)     0.000     0.000 r  
                                                      0.000     0.000 r  clk500 (IN)
                         net (fo=27270, unset)        0.030     0.030    cfo/windows/clk500
    SLICE_X139Y79        FDRE                                         r  cfo/windows/output_record_reg[80]/C
  -------------------------------------------------------------------    -------------------
    SLICE_X139Y79        FDRE (Prop_FFF_SLICEM_C_Q)
                                                      0.076     0.106 r  cfo/windows/output_record_reg[80]/Q
                         net (fo=2, routed)           0.688     0.794    cfo/observation_front/fft_core/s_generation[9]
    SLICE_X134Y63                                                     r  cfo/observation_front/fft_core/m_error[1]_i_37/I0
    SLICE_X134Y63        LUT6 (Prop_D6LUT_SLICEL_I0_O)
                                                      0.050     0.844 r  cfo/observation_front/fft_core/m_error[1]_i_37/O
                         net (fo=1, routed)           0.009     0.853    cfo/observation_front/fft_core/m_error[1]_i_37_n_0
    SLICE_X134Y63                                                     r  cfo/observation_front/fft_core/m_error_reg[1]_i_19/S[3]
    SLICE_X134Y63        CARRY8 (Prop_CARRY8_SLICEL_S[3]_CO[7])
                                                      0.154     1.007 f  cfo/observation_front/fft_core/m_error_reg[1]_i_19/CO[7]
                         net (fo=1, routed)           0.026     1.033    cfo/observation_front/fft_core/m_error_reg[1]_i_19_n_0
    SLICE_X134Y64                                                     f  cfo/observation_front/fft_core/m_error_reg[1]_i_10/CI
    SLICE_X134Y64        CARRY8 (Prop_CARRY8_SLICEL_CI_CO[2])
                                                      0.057     1.090 f  cfo/observation_front/fft_core/m_error_reg[1]_i_10/CO[2]
                         net (fo=1, routed)           0.242     1.332    cfo/observation_front/fft_core/input_error4
    SLICE_X136Y69                                                     f  cfo/observation_front/fft_core/m_error[1]_i_4/I3
    SLICE_X136Y69        LUT6 (Prop_A6LUT_SLICEL_I3_O)
                                                      0.050     1.382 r  cfo/observation_front/fft_core/m_error[1]_i_4/O
                         net (fo=3, routed)           0.109     1.491    cfo/observation_front/fft_core/m_error[1]_i_4_n_0
    SLICE_X138Y69                                                     r  cfo/observation_front/fft_core/m_error[1]_i_3/I0
    SLICE_X138Y69        LUT3 (Prop_A6LUT_SLICEL_I0_O)
                                                      0.090     1.581 f  cfo/observation_front/fft_core/m_error[1]_i_3/O
                         net (fo=5, routed)           0.139     1.720    cfo/observation_front/fft_core/m_error[1]_i_3_n_0
    SLICE_X138Y72                                                     f  cfo/observation_front/fft_core/input_index[10]_i_1/I2
    SLICE_X138Y72        LUT6 (Prop_B6LUT_SLICEL_I2_O)
                                                      0.036     1.756 r  cfo/observation_front/fft_core/input_index[10]_i_1/O
                         net (fo=11, routed)          0.303     2.059    cfo/observation_front/fft_core/input_index[10]_i_1_n_0
    SLICE_X139Y73        FDRE                                         r  cfo/observation_front/fft_core/input_index_reg[3]/CE
  -------------------------------------------------------------------    -------------------

                         (clock clk500 rise edge)     2.000     2.000 r  
                                                      0.000     2.000 r  clk500 (IN)
                         net (fo=27270, unset)        0.021     2.021    cfo/observation_front/fft_core/clk
    SLICE_X139Y73        FDRE                                         r  cfo/observation_front/fft_core/input_index_reg[3]/C
                         clock pessimism              0.000     2.021    
                         clock uncertainty           -0.035     1.986    
    SLICE_X139Y73        FDRE (Setup_DFF2_SLICEM_C_CE)
                                                     -0.060     1.926    cfo/observation_front/fft_core/input_index_reg[3]
  -------------------------------------------------------------------
                         required time                          1.926    
                         arrival time                          -2.059    
  -------------------------------------------------------------------
                         slack                                 -0.133    

Slack (VIOLATED) :        -0.133ns  (required time - arrival time)
  Source:                 cfo/windows/output_record_reg[80]/C
                            (rising edge-triggered cell FDRE clocked by clk500  {rise@0.000ns fall@1.000ns period=2.000ns})
  Destination:            cfo/observation_front/fft_core/input_index_reg[6]/CE
                            (rising edge-triggered cell FDRE clocked by clk500  {rise@0.000ns fall@1.000ns period=2.000ns})
  Path Group:             clk500
  Path Type:              Setup (Max at Slow Process Corner)
  Requirement:            2.000ns  (clk500 rise@2.000ns - clk500 rise@0.000ns)
  Data Path Delay:        2.029ns  (logic 0.513ns (25.283%)  route 1.516ns (74.717%))
  Logic Levels:           6  (CARRY8=2 LUT3=1 LUT6=3)
  Clock Path Skew:        -0.009ns (DCD - SCD + CPR)
    Destination Clock Delay (DCD):    0.021ns = ( 2.021 - 2.000 ) 
    Source Clock Delay      (SCD):    0.030ns
    Clock Pessimism Removal (CPR):    0.000ns
  Clock Uncertainty:      0.035ns  ((TSJ^2 + TIJ^2)^1/2 + DJ) / 2 + PE
    Total System Jitter     (TSJ):    0.071ns
    Total Input Jitter      (TIJ):    0.000ns
    Discrete Jitter          (DJ):    0.000ns
    Phase Error              (PE):    0.000ns

    Location             Delay type                Incr(ns)  Path(ns)    Netlist Resource(s)
  -------------------------------------------------------------------    -------------------
                         (clock clk500 rise edge)     0.000     0.000 r  
                                                      0.000     0.000 r  clk500 (IN)
                         net (fo=27270, unset)        0.030     0.030    cfo/windows/clk500
    SLICE_X139Y79        FDRE                                         r  cfo/windows/output_record_reg[80]/C
  -------------------------------------------------------------------    -------------------
    SLICE_X139Y79        FDRE (Prop_FFF_SLICEM_C_Q)
                                                      0.076     0.106 r  cfo/windows/output_record_reg[80]/Q
                         net (fo=2, routed)           0.688     0.794    cfo/observation_front/fft_core/s_generation[9]
    SLICE_X134Y63                                                     r  cfo/observation_front/fft_core/m_error[1]_i_37/I0
    SLICE_X134Y63        LUT6 (Prop_D6LUT_SLICEL_I0_O)
                                                      0.050     0.844 r  cfo/observation_front/fft_core/m_error[1]_i_37/O
                         net (fo=1, routed)           0.009     0.853    cfo/observation_front/fft_core/m_error[1]_i_37_n_0
    SLICE_X134Y63                                                     r  cfo/observation_front/fft_core/m_error_reg[1]_i_19/S[3]
    SLICE_X134Y63        CARRY8 (Prop_CARRY8_SLICEL_S[3]_CO[7])
                                                      0.154     1.007 f  cfo/observation_front/fft_core/m_error_reg[1]_i_19/CO[7]
                         net (fo=1, routed)           0.026     1.033    cfo/observation_front/fft_core/m_error_reg[1]_i_19_n_0
    SLICE_X134Y64                                                     f  cfo/observation_front/fft_core/m_error_reg[1]_i_10/CI
    SLICE_X134Y64        CARRY8 (Prop_CARRY8_SLICEL_CI_CO[2])
                                                      0.057     1.090 f  cfo/observation_front/fft_core/m_error_reg[1]_i_10/CO[2]
                         net (fo=1, routed)           0.242     1.332    cfo/observation_front/fft_core/input_error4
    SLICE_X136Y69                                                     f  cfo/observation_front/fft_core/m_error[1]_i_4/I3
    SLICE_X136Y69        LUT6 (Prop_A6LUT_SLICEL_I3_O)
                                                      0.050     1.382 r  cfo/observation_front/fft_core/m_error[1]_i_4/O
                         net (fo=3, routed)           0.109     1.491    cfo/observation_front/fft_core/m_error[1]_i_4_n_0
    SLICE_X138Y69                                                     r  cfo/observation_front/fft_core/m_error[1]_i_3/I0
    SLICE_X138Y69        LUT3 (Prop_A6LUT_SLICEL_I0_O)
                                                      0.090     1.581 f  cfo/observation_front/fft_core/m_error[1]_i_3/O
                         net (fo=5, routed)           0.139     1.720    cfo/observation_front/fft_core/m_error[1]_i_3_n_0
    SLICE_X138Y72                                                     f  cfo/observation_front/fft_core/input_index[10]_i_1/I2
    SLICE_X138Y72        LUT6 (Prop_B6LUT_SLICEL_I2_O)
                                                      0.036     1.756 r  cfo/observation_front/fft_core/input_index[10]_i_1/O
                         net (fo=11, routed)          0.303     2.059    cfo/observation_front/fft_core/input_index[10]_i_1_n_0
    SLICE_X139Y73        FDRE                                         r  cfo/observation_front/fft_core/input_index_reg[6]/CE
  -------------------------------------------------------------------    -------------------

                         (clock clk500 rise edge)     2.000     2.000 r  
                                                      0.000     2.000 r  clk500 (IN)
                         net (fo=27270, unset)        0.021     2.021    cfo/observation_front/fft_core/clk
    SLICE_X139Y73        FDRE                                         r  cfo/observation_front/fft_core/input_index_reg[6]/C
                         clock pessimism              0.000     2.021    
                         clock uncertainty           -0.035     1.986    
    SLICE_X139Y73        FDRE (Setup_CFF2_SLICEM_C_CE)
                                                     -0.060     1.926    cfo/observation_front/fft_core/input_index_reg[6]
  -------------------------------------------------------------------
                         required time                          1.926    
                         arrival time                          -2.059    
  -------------------------------------------------------------------
                         slack                                 -0.133    

Slack (VIOLATED) :        -0.133ns  (required time - arrival time)
  Source:                 cfo/observation_front/coefficient_page0_data_reg_0_1/CLKARDCLK
                            (rising edge-triggered cell RAMB36E2 clocked by clk500  {rise@0.000ns fall@1.000ns period=2.000ns})
  Destination:            cfo/observation_front/pr4_reg_i_3_psdsp/D
                            (rising edge-triggered cell FDRE clocked by clk500  {rise@0.000ns fall@1.000ns period=2.000ns})
  Path Group:             clk500
  Path Type:              Setup (Max at Slow Process Corner)
  Requirement:            2.000ns  (clk500 rise@2.000ns - clk500 rise@0.000ns)
  Data Path Delay:        2.067ns  (logic 1.122ns (54.282%)  route 0.945ns (45.718%))
  Logic Levels:           2  (LUT3=1 LUT6=1)
  Clock Path Skew:        -0.056ns (DCD - SCD + CPR)
    Destination Clock Delay (DCD):    0.020ns = ( 2.020 - 2.000 ) 
    Source Clock Delay      (SCD):    0.076ns
    Clock Pessimism Removal (CPR):    0.000ns
  Clock Uncertainty:      0.035ns  ((TSJ^2 + TIJ^2)^1/2 + DJ) / 2 + PE
    Total System Jitter     (TSJ):    0.071ns
    Total Input Jitter      (TIJ):    0.000ns
    Discrete Jitter          (DJ):    0.000ns
    Phase Error              (PE):    0.000ns

    Location             Delay type                Incr(ns)  Path(ns)    Netlist Resource(s)
  -------------------------------------------------------------------    -------------------
                         (clock clk500 rise edge)     0.000     0.000 r  
                                                      0.000     0.000 r  clk500 (IN)
                         net (fo=27270, unset)        0.076     0.076    cfo/observation_front/clk
    RAMB36_X10Y22        RAMB36E2                                     r  cfo/observation_front/coefficient_page0_data_reg_0_1/CLKARDCLK
  -------------------------------------------------------------------    -------------------
    RAMB36_X10Y22        RAMB36E2 (Prop_RAMB36E2_RAMB36_CLKARDCLK_DOUTADOUT[0])
                                                      1.020     1.096 f  cfo/observation_front/coefficient_page0_data_reg_0_1/DOUTADOUT[0]
                         net (fo=3, routed)           0.680     1.776    cfo/observation_front/coefficient_page0_data_reg[1]
    SLICE_X145Y63                                                     f  cfo/observation_front/rr3_reg_i_6/I2
    SLICE_X145Y63        LUT3 (Prop_F6LUT_SLICEM_I2_O)
                                                      0.051     1.827 f  cfo/observation_front/rr3_reg_i_6/O
                         net (fo=8, routed)           0.103     1.930    cfo/observation_front/coefficient_index0[1]
    SLICE_X144Y63                                                     f  cfo/observation_front/pr4_reg_i_3/I5
    SLICE_X144Y63        LUT6 (Prop_E6LUT_SLICEL_I5_O)
                                                      0.051     1.981 r  cfo/observation_front/pr4_reg_i_3/O
                         net (fo=2, routed)           0.162     2.143    cfo/observation_front/pr4_reg_i_3_n_0
    SLICE_X144Y65        FDRE                                         r  cfo/observation_front/pr4_reg_i_3_psdsp/D
  -------------------------------------------------------------------    -------------------

                         (clock clk500 rise edge)     2.000     2.000 r  
                                                      0.000     2.000 r  clk500 (IN)
                         net (fo=27270, unset)        0.020     2.020    cfo/observation_front/clk
    SLICE_X144Y65        FDRE                                         r  cfo/observation_front/pr4_reg_i_3_psdsp/C
                         clock pessimism              0.000     2.020    
                         clock uncertainty           -0.035     1.985    
    SLICE_X144Y65        FDRE (Setup_CFF2_SLICEL_C_D)
                                                      0.025     2.010    cfo/observation_front/pr4_reg_i_3_psdsp
  -------------------------------------------------------------------
                         required time                          2.010    
                         arrival time                          -2.143    
  -------------------------------------------------------------------
                         slack                                 -0.133    

Slack (VIOLATED) :        -0.132ns  (required time - arrival time)
  Source:                 cfo/windows/poison_sync/syncstages_ff_reg[3]/C
                            (rising edge-triggered cell FDRE clocked by clk500  {rise@0.000ns fall@1.000ns period=2.000ns})
  Destination:            cfo/windows/packed_windows/fifo/gnuram_async_fifo.xpm_fifo_base_inst/gen_sdpram.xpm_memory_base_inst/gen_wr_a.gen_word_narrow.mem_reg_bram_7/ENBWREN
                            (rising edge-triggered cell RAMB36E2 clocked by clk500  {rise@0.000ns fall@1.000ns period=2.000ns})
  Path Group:             clk500
  Path Type:              Setup (Max at Slow Process Corner)
  Requirement:            2.000ns  (clk500 rise@2.000ns - clk500 rise@0.000ns)
  Data Path Delay:        1.767ns  (logic 0.297ns (16.808%)  route 1.470ns (83.192%))
  Logic Levels:           3  (LUT4=1 LUT6=2)
  Clock Path Skew:        0.012ns (DCD - SCD + CPR)
    Destination Clock Delay (DCD):    0.040ns = ( 2.040 - 2.000 ) 
    Source Clock Delay      (SCD):    0.028ns
    Clock Pessimism Removal (CPR):    0.000ns
  Clock Uncertainty:      0.035ns  ((TSJ^2 + TIJ^2)^1/2 + DJ) / 2 + PE
    Total System Jitter     (TSJ):    0.071ns
    Total Input Jitter      (TIJ):    0.000ns
    Discrete Jitter          (DJ):    0.000ns
    Phase Error              (PE):    0.000ns

    Location             Delay type                Incr(ns)  Path(ns)    Netlist Resource(s)
  -------------------------------------------------------------------    -------------------
                         (clock clk500 rise edge)     0.000     0.000 r  
                                                      0.000     0.000 r  clk500 (IN)
                         net (fo=27270, unset)        0.028     0.028    cfo/windows/poison_sync/dest_clk
    SLICE_X158Y100       FDRE                                         r  cfo/windows/poison_sync/syncstages_ff_reg[3]/C
  -------------------------------------------------------------------    -------------------
    SLICE_X158Y100       FDRE (Prop_DFF2_SLICEL_C_Q)
                                                      0.081     0.109 f  cfo/windows/poison_sync/syncstages_ff_reg[3]/Q
                         net (fo=12, routed)          0.474     0.583    cfo/windows/poison500
    SLICE_X162Y132                                                    f  cfo/windows/packed_windows_i_2/I3
    SLICE_X162Y132       LUT4 (Prop_F6LUT_SLICEM_I3_O)
                                                      0.037     0.620 r  cfo/windows/packed_windows_i_2/O
                         net (fo=2, routed)           0.097     0.717    cfo/windows/packed_windows/m_ready
    SLICE_X164Y132                                                    r  cfo/windows/packed_windows/fifo_i_2_replica/I5
    SLICE_X164Y132       LUT6 (Prop_F6LUT_SLICEM_I5_O)
                                                      0.088     0.805 r  cfo/windows/packed_windows/fifo_i_2_replica/O
                         net (fo=7, routed)           0.060     0.865    cfo/windows/packed_windows/fifo/gnuram_async_fifo.xpm_fifo_base_inst/gen_sdpram.xpm_memory_base_inst/rd_en0_repN_alias
    SLICE_X164Y132                                                    r  cfo/windows/packed_windows/fifo/gnuram_async_fifo.xpm_fifo_base_inst/gen_sdpram.xpm_memory_base_inst/gen_wr_a.gen_word_narrow.mem_reg_bram_11_i_3_comp/I5
    SLICE_X164Y132       LUT6 (Prop_E6LUT_SLICEM_I5_O)
                                                      0.091     0.956 r  cfo/windows/packed_windows/fifo/gnuram_async_fifo.xpm_fifo_base_inst/gen_sdpram.xpm_memory_base_inst/gen_wr_a.gen_word_narrow.mem_reg_bram_11_i_3_comp/O
                         net (fo=3, routed)           0.839     1.795    cfo/windows/packed_windows/fifo/gnuram_async_fifo.xpm_fifo_base_inst/gen_sdpram.xpm_memory_base_inst/gen_wr_a.gen_word_narrow.mem_reg_bram_11_i_3_n_0
    RAMB36_X11Y34        RAMB36E2                                     r  cfo/windows/packed_windows/fifo/gnuram_async_fifo.xpm_fifo_base_inst/gen_sdpram.xpm_memory_base_inst/gen_wr_a.gen_word_narrow.mem_reg_bram_7/ENBWREN
  -------------------------------------------------------------------    -------------------

                         (clock clk500 rise edge)     2.000     2.000 r  
                                                      0.000     2.000 r  clk500 (IN)
                         net (fo=27270, unset)        0.040     2.040    cfo/windows/packed_windows/fifo/gnuram_async_fifo.xpm_fifo_base_inst/gen_sdpram.xpm_memory_base_inst/clkb
    RAMB36_X11Y34        RAMB36E2                                     r  cfo/windows/packed_windows/fifo/gnuram_async_fifo.xpm_fifo_base_inst/gen_sdpram.xpm_memory_base_inst/gen_wr_a.gen_word_narrow.mem_reg_bram_7/CLKBWRCLK
                         clock pessimism              0.000     2.040    
                         clock uncertainty           -0.035     2.005    
    RAMB36_X11Y34        RAMB36E2 (Setup_RAMB36E2_RAMB36_CLKBWRCLK_ENBWREN)
                                                     -0.342     1.663    cfo/windows/packed_windows/fifo/gnuram_async_fifo.xpm_fifo_base_inst/gen_sdpram.xpm_memory_base_inst/gen_wr_a.gen_word_narrow.mem_reg_bram_7
  -------------------------------------------------------------------
                         required time                          1.663    
                         arrival time                          -1.795    
  -------------------------------------------------------------------
                         slack                                 -0.132    

Slack (VIOLATED) :        -0.131ns  (required time - arrival time)
  Source:                 cfo/windows/poison_sync/syncstages_ff_reg[3]/C
                            (rising edge-triggered cell FDRE clocked by clk500  {rise@0.000ns fall@1.000ns period=2.000ns})
  Destination:            cfo/observation_front/fft_core/bank1_reg_bram_0/DINADIN[22]
                            (rising edge-triggered cell RAMB36E2 clocked by clk500  {rise@0.000ns fall@1.000ns period=2.000ns})
  Path Group:             clk500
  Path Type:              Setup (Max at Slow Process Corner)
  Requirement:            2.000ns  (clk500 rise@2.000ns - clk500 rise@0.000ns)
  Data Path Delay:        1.841ns  (logic 0.331ns (17.979%)  route 1.510ns (82.021%))
  Logic Levels:           3  (LUT4=1 LUT6=2)
  Clock Path Skew:        0.011ns (DCD - SCD + CPR)
    Destination Clock Delay (DCD):    0.039ns = ( 2.039 - 2.000 ) 
    Source Clock Delay      (SCD):    0.028ns
    Clock Pessimism Removal (CPR):    0.000ns
  Clock Uncertainty:      0.035ns  ((TSJ^2 + TIJ^2)^1/2 + DJ) / 2 + PE
    Total System Jitter     (TSJ):    0.071ns
    Total Input Jitter      (TIJ):    0.000ns
    Discrete Jitter          (DJ):    0.000ns
    Phase Error              (PE):    0.000ns

    Location             Delay type                Incr(ns)  Path(ns)    Netlist Resource(s)
  -------------------------------------------------------------------    -------------------
                         (clock clk500 rise edge)     0.000     0.000 r  
                                                      0.000     0.000 r  clk500 (IN)
                         net (fo=27270, unset)        0.028     0.028    cfo/windows/poison_sync/dest_clk
    SLICE_X158Y100       FDRE                                         r  cfo/windows/poison_sync/syncstages_ff_reg[3]/C
  -------------------------------------------------------------------    -------------------
    SLICE_X158Y100       FDRE (Prop_DFF2_SLICEL_C_Q)
                                                      0.081     0.109 f  cfo/windows/poison_sync/syncstages_ff_reg[3]/Q
                         net (fo=12, routed)          0.800     0.909    cfo/windows/poison500
    SLICE_X142Y73                                                     f  cfo/windows/m_valid_INST_0/I3
    SLICE_X142Y73        LUT4 (Prop_E6LUT_SLICEM_I3_O)
                                                      0.052     0.961 r  cfo/windows/m_valid_INST_0/O
                         net (fo=8, routed)           0.100     1.061    cfo/observation_front/fft_core/m_valid_alias
    SLICE_X143Y73                                                     r  cfo/observation_front/fft_core/bank1_reg_bram_0_i_69_comp_3/I4
    SLICE_X143Y73        LUT6 (Prop_A6LUT_SLICEL_I4_O)
                                                      0.050     1.111 r  cfo/observation_front/fft_core/bank1_reg_bram_0_i_69_comp_3/O
                         net (fo=47, routed)          0.202     1.313    cfo/observation_front/fft_core/bank1_reg_bram_0_i_69_n_0
    SLICE_X143Y68                                                     r  cfo/observation_front/fft_core/bank1_reg_bram_0_i_33/I0
    SLICE_X143Y68        LUT6 (Prop_F6LUT_SLICEL_I0_O)
                                                      0.148     1.461 r  cfo/observation_front/fft_core/bank1_reg_bram_0_i_33/O
                         net (fo=1, routed)           0.408     1.869    cfo/observation_front/fft_core/bank1_reg_bram_0_i_33_n_0
    RAMB36_X10Y13        RAMB36E2                                     r  cfo/observation_front/fft_core/bank1_reg_bram_0/DINADIN[22]
  -------------------------------------------------------------------    -------------------

                         (clock clk500 rise edge)     2.000     2.000 r  
                                                      0.000     2.000 r  clk500 (IN)
                         net (fo=27270, unset)        0.039     2.039    cfo/observation_front/fft_core/clk
    RAMB36_X10Y13        RAMB36E2                                     r  cfo/observation_front/fft_core/bank1_reg_bram_0/CLKARDCLK
                         clock pessimism              0.000     2.039    
                         clock uncertainty           -0.035     2.004    
    RAMB36_X10Y13        RAMB36E2 (Setup_RAMB36E2_RAMB36_CLKARDCLK_DINADIN[22])
                                                     -0.266     1.738    cfo/observation_front/fft_core/bank1_reg_bram_0
  -------------------------------------------------------------------
                         required time                          1.738    
                         arrival time                          -1.869    
  -------------------------------------------------------------------
                         slack                                 -0.131    

Slack (VIOLATED) :        -0.131ns  (required time - arrival time)
  Source:                 cfo/windows/poison_sync/syncstages_ff_reg[3]/C
                            (rising edge-triggered cell FDRE clocked by clk500  {rise@0.000ns fall@1.000ns period=2.000ns})
  Destination:            cfo/windows/window_credits/fifo/gnuram_async_fifo.xpm_fifo_base_inst/wrp_inst/count_value_i_reg[0]/CE
                            (rising edge-triggered cell FDRE clocked by clk500  {rise@0.000ns fall@1.000ns period=2.000ns})
  Path Group:             clk500
  Path Type:              Setup (Max at Slow Process Corner)
  Requirement:            2.000ns  (clk500 rise@2.000ns - clk500 rise@0.000ns)
  Data Path Delay:        2.028ns  (logic 0.436ns (21.499%)  route 1.592ns (78.501%))
  Logic Levels:           4  (LUT3=1 LUT5=1 LUT6=2)
  Clock Path Skew:        -0.008ns (DCD - SCD + CPR)
    Destination Clock Delay (DCD):    0.020ns = ( 2.020 - 2.000 ) 
    Source Clock Delay      (SCD):    0.028ns
    Clock Pessimism Removal (CPR):    0.000ns
  Clock Uncertainty:      0.035ns  ((TSJ^2 + TIJ^2)^1/2 + DJ) / 2 + PE
    Total System Jitter     (TSJ):    0.071ns
    Total Input Jitter      (TIJ):    0.000ns
    Discrete Jitter          (DJ):    0.000ns
    Phase Error              (PE):    0.000ns

    Location             Delay type                Incr(ns)  Path(ns)    Netlist Resource(s)
  -------------------------------------------------------------------    -------------------
                         (clock clk500 rise edge)     0.000     0.000 r  
                                                      0.000     0.000 r  clk500 (IN)
                         net (fo=27270, unset)        0.028     0.028    cfo/windows/poison_sync/dest_clk
    SLICE_X158Y100       FDRE                                         r  cfo/windows/poison_sync/syncstages_ff_reg[3]/C
  -------------------------------------------------------------------    -------------------
    SLICE_X158Y100       FDRE (Prop_DFF2_SLICEL_C_Q)
                                                      0.081     0.109 f  cfo/windows/poison_sync/syncstages_ff_reg[3]/Q
                         net (fo=12, routed)          0.687     0.796    cfo/windows/poison500
    SLICE_X142Y84                                                     f  cfo/windows/packed_count[1]_i_1/I0
    SLICE_X142Y84        LUT3 (Prop_F6LUT_SLICEM_I0_O)
                                                      0.051     0.847 f  cfo/windows/packed_count[1]_i_1/O
                         net (fo=11, routed)          0.102     0.949    cfo/windows/fast_stop
    SLICE_X142Y85                                                     f  cfo/windows/window_credits_i_3/I5
    SLICE_X142Y85        LUT6 (Prop_E6LUT_SLICEM_I5_O)
                                                      0.091     1.040 f  cfo/windows/window_credits_i_3/O
                         net (fo=3, routed)           0.052     1.092    cfo/windows/window_credits_i_3_n_0
    SLICE_X142Y85                                                     f  cfo/windows/window_credits_i_2/I5
    SLICE_X142Y85        LUT6 (Prop_D6LUT_SLICEM_I5_O)
                                                      0.088     1.180 r  cfo/windows/window_credits_i_2/O
                         net (fo=19, routed)          0.406     1.586    cfo/windows/window_credits/fifo/gnuram_async_fifo.xpm_fifo_base_inst/p_30_in_alias_alias
    SLICE_X139Y78                                                     r  cfo/windows/window_credits/fifo/gnuram_async_fifo.xpm_fifo_base_inst/gen_sdpram.xpm_memory_base_inst_i_1_rewire/I0
    SLICE_X139Y78        LUT5 (Prop_H6LUT_SLICEM_I0_O)
                                                      0.125     1.711 r  cfo/windows/window_credits/fifo/gnuram_async_fifo.xpm_fifo_base_inst/gen_sdpram.xpm_memory_base_inst_i_1_rewire/O
                         net (fo=15, routed)          0.345     2.056    cfo/windows/window_credits/fifo/gnuram_async_fifo.xpm_fifo_base_inst/wrp_inst/cnt_en
    SLICE_X134Y78        FDRE                                         r  cfo/windows/window_credits/fifo/gnuram_async_fifo.xpm_fifo_base_inst/wrp_inst/count_value_i_reg[0]/CE
  -------------------------------------------------------------------    -------------------

                         (clock clk500 rise edge)     2.000     2.000 r  
                                                      0.000     2.000 r  clk500 (IN)
                         net (fo=27270, unset)        0.020     2.020    cfo/windows/window_credits/fifo/gnuram_async_fifo.xpm_fifo_base_inst/wrp_inst/clk
    SLICE_X134Y78        FDRE                                         r  cfo/windows/window_credits/fifo/gnuram_async_fifo.xpm_fifo_base_inst/wrp_inst/count_value_i_reg[0]/C
                         clock pessimism              0.000     2.020    
                         clock uncertainty           -0.035     1.985    
    SLICE_X134Y78        FDRE (Setup_HFF2_SLICEL_C_CE)
                                                     -0.060     1.925    cfo/windows/window_credits/fifo/gnuram_async_fifo.xpm_fifo_base_inst/wrp_inst/count_value_i_reg[0]
  -------------------------------------------------------------------
                         required time                          1.925    
                         arrival time                          -2.056    
  -------------------------------------------------------------------
                         slack                                 -0.131    

Slack (VIOLATED) :        -0.131ns  (required time - arrival time)
  Source:                 cfo/windows/poison_sync/syncstages_ff_reg[3]/C
                            (rising edge-triggered cell FDRE clocked by clk500  {rise@0.000ns fall@1.000ns period=2.000ns})
  Destination:            cfo/windows/window_credits/fifo/gnuram_async_fifo.xpm_fifo_base_inst/wrpp1_inst/count_value_i_reg[4]/CE
                            (rising edge-triggered cell FDRE clocked by clk500  {rise@0.000ns fall@1.000ns period=2.000ns})
  Path Group:             clk500
  Path Type:              Setup (Max at Slow Process Corner)
  Requirement:            2.000ns  (clk500 rise@2.000ns - clk500 rise@0.000ns)
  Data Path Delay:        2.028ns  (logic 0.436ns (21.499%)  route 1.592ns (78.501%))
  Logic Levels:           4  (LUT3=1 LUT5=1 LUT6=2)
  Clock Path Skew:        -0.008ns (DCD - SCD + CPR)
    Destination Clock Delay (DCD):    0.020ns = ( 2.020 - 2.000 ) 
    Source Clock Delay      (SCD):    0.028ns
    Clock Pessimism Removal (CPR):    0.000ns
  Clock Uncertainty:      0.035ns  ((TSJ^2 + TIJ^2)^1/2 + DJ) / 2 + PE
    Total System Jitter     (TSJ):    0.071ns
    Total Input Jitter      (TIJ):    0.000ns
    Discrete Jitter          (DJ):    0.000ns
    Phase Error              (PE):    0.000ns

    Location             Delay type                Incr(ns)  Path(ns)    Netlist Resource(s)
  -------------------------------------------------------------------    -------------------
                         (clock clk500 rise edge)     0.000     0.000 r  
                                                      0.000     0.000 r  clk500 (IN)
                         net (fo=27270, unset)        0.028     0.028    cfo/windows/poison_sync/dest_clk
    SLICE_X158Y100       FDRE                                         r  cfo/windows/poison_sync/syncstages_ff_reg[3]/C
  -------------------------------------------------------------------    -------------------
    SLICE_X158Y100       FDRE (Prop_DFF2_SLICEL_C_Q)
                                                      0.081     0.109 f  cfo/windows/poison_sync/syncstages_ff_reg[3]/Q
                         net (fo=12, routed)          0.687     0.796    cfo/windows/poison500
    SLICE_X142Y84                                                     f  cfo/windows/packed_count[1]_i_1/I0
    SLICE_X142Y84        LUT3 (Prop_F6LUT_SLICEM_I0_O)
                                                      0.051     0.847 f  cfo/windows/packed_count[1]_i_1/O
                         net (fo=11, routed)          0.102     0.949    cfo/windows/fast_stop
    SLICE_X142Y85                                                     f  cfo/windows/window_credits_i_3/I5
    SLICE_X142Y85        LUT6 (Prop_E6LUT_SLICEM_I5_O)
                                                      0.091     1.040 f  cfo/windows/window_credits_i_3/O
                         net (fo=3, routed)           0.052     1.092    cfo/windows/window_credits_i_3_n_0
    SLICE_X142Y85                                                     f  cfo/windows/window_credits_i_2/I5
    SLICE_X142Y85        LUT6 (Prop_D6LUT_SLICEM_I5_O)
                                                      0.088     1.180 r  cfo/windows/window_credits_i_2/O
                         net (fo=19, routed)          0.406     1.586    cfo/windows/window_credits/fifo/gnuram_async_fifo.xpm_fifo_base_inst/p_30_in_alias_alias
    SLICE_X139Y78                                                     r  cfo/windows/window_credits/fifo/gnuram_async_fifo.xpm_fifo_base_inst/gen_sdpram.xpm_memory_base_inst_i_1_rewire/I0
    SLICE_X139Y78        LUT5 (Prop_H6LUT_SLICEM_I0_O)
                                                      0.125     1.711 r  cfo/windows/window_credits/fifo/gnuram_async_fifo.xpm_fifo_base_inst/gen_sdpram.xpm_memory_base_inst_i_1_rewire/O
                         net (fo=15, routed)          0.345     2.056    cfo/windows/window_credits/fifo/gnuram_async_fifo.xpm_fifo_base_inst/wrpp1_inst/cnt_en
    SLICE_X134Y78        FDRE                                         r  cfo/windows/window_credits/fifo/gnuram_async_fifo.xpm_fifo_base_inst/wrpp1_inst/count_value_i_reg[4]/CE
  -------------------------------------------------------------------    -------------------

                         (clock clk500 rise edge)     2.000     2.000 r  
                                                      0.000     2.000 r  clk500 (IN)
                         net (fo=27270, unset)        0.020     2.020    cfo/windows/window_credits/fifo/gnuram_async_fifo.xpm_fifo_base_inst/wrpp1_inst/clk
    SLICE_X134Y78        FDRE                                         r  cfo/windows/window_credits/fifo/gnuram_async_fifo.xpm_fifo_base_inst/wrpp1_inst/count_value_i_reg[4]/C
                         clock pessimism              0.000     2.020    
                         clock uncertainty           -0.035     1.985    
    SLICE_X134Y78        FDRE (Setup_EFF2_SLICEL_C_CE)
                                                     -0.060     1.925    cfo/windows/window_credits/fifo/gnuram_async_fifo.xpm_fifo_base_inst/wrpp1_inst/count_value_i_reg[4]
  -------------------------------------------------------------------
                         required time                          1.925    
                         arrival time                          -2.056    
  -------------------------------------------------------------------
                         slack                                 -0.131    

Slack (VIOLATED) :        -0.129ns  (required time - arrival time)
  Source:                 cfo/windows/output_record_reg[80]/C
                            (rising edge-triggered cell FDRE clocked by clk500  {rise@0.000ns fall@1.000ns period=2.000ns})
  Destination:            cfo/observation_front/fft_core/input_index_reg[7]/CE
                            (rising edge-triggered cell FDRE clocked by clk500  {rise@0.000ns fall@1.000ns period=2.000ns})
  Path Group:             clk500
  Path Type:              Setup (Max at Slow Process Corner)
  Requirement:            2.000ns  (clk500 rise@2.000ns - clk500 rise@0.000ns)
  Data Path Delay:        2.024ns  (logic 0.513ns (25.346%)  route 1.511ns (74.654%))
  Logic Levels:           6  (CARRY8=2 LUT3=1 LUT6=3)
  Clock Path Skew:        -0.010ns (DCD - SCD + CPR)
    Destination Clock Delay (DCD):    0.020ns = ( 2.020 - 2.000 ) 
    Source Clock Delay      (SCD):    0.030ns
    Clock Pessimism Removal (CPR):    0.000ns
  Clock Uncertainty:      0.035ns  ((TSJ^2 + TIJ^2)^1/2 + DJ) / 2 + PE
    Total System Jitter     (TSJ):    0.071ns
    Total Input Jitter      (TIJ):    0.000ns
    Discrete Jitter          (DJ):    0.000ns
    Phase Error              (PE):    0.000ns

    Location             Delay type                Incr(ns)  Path(ns)    Netlist Resource(s)
  -------------------------------------------------------------------    -------------------
                         (clock clk500 rise edge)     0.000     0.000 r  
                                                      0.000     0.000 r  clk500 (IN)
                         net (fo=27270, unset)        0.030     0.030    cfo/windows/clk500
    SLICE_X139Y79        FDRE                                         r  cfo/windows/output_record_reg[80]/C
  -------------------------------------------------------------------    -------------------
    SLICE_X139Y79        FDRE (Prop_FFF_SLICEM_C_Q)
                                                      0.076     0.106 r  cfo/windows/output_record_reg[80]/Q
                         net (fo=2, routed)           0.688     0.794    cfo/observation_front/fft_core/s_generation[9]
    SLICE_X134Y63                                                     r  cfo/observation_front/fft_core/m_error[1]_i_37/I0
    SLICE_X134Y63        LUT6 (Prop_D6LUT_SLICEL_I0_O)
                                                      0.050     0.844 r  cfo/observation_front/fft_core/m_error[1]_i_37/O
                         net (fo=1, routed)           0.009     0.853    cfo/observation_front/fft_core/m_error[1]_i_37_n_0
    SLICE_X134Y63                                                     r  cfo/observation_front/fft_core/m_error_reg[1]_i_19/S[3]
    SLICE_X134Y63        CARRY8 (Prop_CARRY8_SLICEL_S[3]_CO[7])
                                                      0.154     1.007 f  cfo/observation_front/fft_core/m_error_reg[1]_i_19/CO[7]
                         net (fo=1, routed)           0.026     1.033    cfo/observation_front/fft_core/m_error_reg[1]_i_19_n_0
    SLICE_X134Y64                                                     f  cfo/observation_front/fft_core/m_error_reg[1]_i_10/CI
    SLICE_X134Y64        CARRY8 (Prop_CARRY8_SLICEL_CI_CO[2])
                                                      0.057     1.090 f  cfo/observation_front/fft_core/m_error_reg[1]_i_10/CO[2]
                         net (fo=1, routed)           0.242     1.332    cfo/observation_front/fft_core/input_error4
    SLICE_X136Y69                                                     f  cfo/observation_front/fft_core/m_error[1]_i_4/I3
    SLICE_X136Y69        LUT6 (Prop_A6LUT_SLICEL_I3_O)
                                                      0.050     1.382 r  cfo/observation_front/fft_core/m_error[1]_i_4/O
                         net (fo=3, routed)           0.109     1.491    cfo/observation_front/fft_core/m_error[1]_i_4_n_0
    SLICE_X138Y69                                                     r  cfo/observation_front/fft_core/m_error[1]_i_3/I0
    SLICE_X138Y69        LUT3 (Prop_A6LUT_SLICEL_I0_O)
                                                      0.090     1.581 f  cfo/observation_front/fft_core/m_error[1]_i_3/O
                         net (fo=5, routed)           0.139     1.720    cfo/observation_front/fft_core/m_error[1]_i_3_n_0
    SLICE_X138Y72                                                     f  cfo/observation_front/fft_core/input_index[10]_i_1/I2
    SLICE_X138Y72        LUT6 (Prop_B6LUT_SLICEL_I2_O)
                                                      0.036     1.756 r  cfo/observation_front/fft_core/input_index[10]_i_1/O
                         net (fo=11, routed)          0.298     2.054    cfo/observation_front/fft_core/input_index[10]_i_1_n_0
    SLICE_X140Y73        FDRE                                         r  cfo/observation_front/fft_core/input_index_reg[7]/CE
  -------------------------------------------------------------------    -------------------

                         (clock clk500 rise edge)     2.000     2.000 r  
                                                      0.000     2.000 r  clk500 (IN)
                         net (fo=27270, unset)        0.020     2.020    cfo/observation_front/fft_core/clk
    SLICE_X140Y73        FDRE                                         r  cfo/observation_front/fft_core/input_index_reg[7]/C
                         clock pessimism              0.000     2.020    
                         clock uncertainty           -0.035     1.985    
    SLICE_X140Y73        FDRE (Setup_DFF_SLICEL_C_CE)
                                                     -0.060     1.925    cfo/observation_front/fft_core/input_index_reg[7]
  -------------------------------------------------------------------
                         required time                          1.925    
                         arrival time                          -2.054    
  -------------------------------------------------------------------
                         slack                                 -0.129    

Slack (VIOLATED) :        -0.129ns  (required time - arrival time)
  Source:                 cfo/windows/output_record_reg[80]/C
                            (rising edge-triggered cell FDRE clocked by clk500  {rise@0.000ns fall@1.000ns period=2.000ns})
  Destination:            cfo/observation_front/fft_core/input_index_reg[9]/CE
                            (rising edge-triggered cell FDRE clocked by clk500  {rise@0.000ns fall@1.000ns period=2.000ns})
  Path Group:             clk500
  Path Type:              Setup (Max at Slow Process Corner)
  Requirement:            2.000ns  (clk500 rise@2.000ns - clk500 rise@0.000ns)
  Data Path Delay:        2.024ns  (logic 0.513ns (25.346%)  route 1.511ns (74.654%))
  Logic Levels:           6  (CARRY8=2 LUT3=1 LUT6=3)
  Clock Path Skew:        -0.010ns (DCD - SCD + CPR)
    Destination Clock Delay (DCD):    0.020ns = ( 2.020 - 2.000 ) 
    Source Clock Delay      (SCD):    0.030ns
    Clock Pessimism Removal (CPR):    0.000ns
  Clock Uncertainty:      0.035ns  ((TSJ^2 + TIJ^2)^1/2 + DJ) / 2 + PE
    Total System Jitter     (TSJ):    0.071ns
    Total Input Jitter      (TIJ):    0.000ns
    Discrete Jitter          (DJ):    0.000ns
    Phase Error              (PE):    0.000ns

    Location             Delay type                Incr(ns)  Path(ns)    Netlist Resource(s)
  -------------------------------------------------------------------    -------------------
                         (clock clk500 rise edge)     0.000     0.000 r  
                                                      0.000     0.000 r  clk500 (IN)
                         net (fo=27270, unset)        0.030     0.030    cfo/windows/clk500
    SLICE_X139Y79        FDRE                                         r  cfo/windows/output_record_reg[80]/C
  -------------------------------------------------------------------    -------------------
    SLICE_X139Y79        FDRE (Prop_FFF_SLICEM_C_Q)
                                                      0.076     0.106 r  cfo/windows/output_record_reg[80]/Q
                         net (fo=2, routed)           0.688     0.794    cfo/observation_front/fft_core/s_generation[9]
    SLICE_X134Y63                                                     r  cfo/observation_front/fft_core/m_error[1]_i_37/I0
    SLICE_X134Y63        LUT6 (Prop_D6LUT_SLICEL_I0_O)
                                                      0.050     0.844 r  cfo/observation_front/fft_core/m_error[1]_i_37/O
                         net (fo=1, routed)           0.009     0.853    cfo/observation_front/fft_core/m_error[1]_i_37_n_0
    SLICE_X134Y63                                                     r  cfo/observation_front/fft_core/m_error_reg[1]_i_19/S[3]
    SLICE_X134Y63        CARRY8 (Prop_CARRY8_SLICEL_S[3]_CO[7])
                                                      0.154     1.007 f  cfo/observation_front/fft_core/m_error_reg[1]_i_19/CO[7]
                         net (fo=1, routed)           0.026     1.033    cfo/observation_front/fft_core/m_error_reg[1]_i_19_n_0
    SLICE_X134Y64                                                     f  cfo/observation_front/fft_core/m_error_reg[1]_i_10/CI
    SLICE_X134Y64        CARRY8 (Prop_CARRY8_SLICEL_CI_CO[2])
                                                      0.057     1.090 f  cfo/observation_front/fft_core/m_error_reg[1]_i_10/CO[2]
                         net (fo=1, routed)           0.242     1.332    cfo/observation_front/fft_core/input_error4
    SLICE_X136Y69                                                     f  cfo/observation_front/fft_core/m_error[1]_i_4/I3
    SLICE_X136Y69        LUT6 (Prop_A6LUT_SLICEL_I3_O)
                                                      0.050     1.382 r  cfo/observation_front/fft_core/m_error[1]_i_4/O
                         net (fo=3, routed)           0.109     1.491    cfo/observation_front/fft_core/m_error[1]_i_4_n_0
    SLICE_X138Y69                                                     r  cfo/observation_front/fft_core/m_error[1]_i_3/I0
    SLICE_X138Y69        LUT3 (Prop_A6LUT_SLICEL_I0_O)
                                                      0.090     1.581 f  cfo/observation_front/fft_core/m_error[1]_i_3/O
                         net (fo=5, routed)           0.139     1.720    cfo/observation_front/fft_core/m_error[1]_i_3_n_0
    SLICE_X138Y72                                                     f  cfo/observation_front/fft_core/input_index[10]_i_1/I2
    SLICE_X138Y72        LUT6 (Prop_B6LUT_SLICEL_I2_O)
                                                      0.036     1.756 r  cfo/observation_front/fft_core/input_index[10]_i_1/O
                         net (fo=11, routed)          0.298     2.054    cfo/observation_front/fft_core/input_index[10]_i_1_n_0
    SLICE_X140Y73        FDRE                                         r  cfo/observation_front/fft_core/input_index_reg[9]/CE
  -------------------------------------------------------------------    -------------------

                         (clock clk500 rise edge)     2.000     2.000 r  
                                                      0.000     2.000 r  clk500 (IN)
                         net (fo=27270, unset)        0.020     2.020    cfo/observation_front/fft_core/clk
    SLICE_X140Y73        FDRE                                         r  cfo/observation_front/fft_core/input_index_reg[9]/C
                         clock pessimism              0.000     2.020    
                         clock uncertainty           -0.035     1.985    
    SLICE_X140Y73        FDRE (Setup_CFF_SLICEL_C_CE)
                                                     -0.060     1.925    cfo/observation_front/fft_core/input_index_reg[9]
  -------------------------------------------------------------------
                         required time                          1.925    
                         arrival time                          -2.054    
  -------------------------------------------------------------------
                         slack                                 -0.129    

Slack (VIOLATED) :        -0.129ns  (required time - arrival time)
  Source:                 cfo/observation_front/coefficient_page0_data_reg_0_1/CLKARDCLK
                            (rising edge-triggered cell RAMB36E2 clocked by clk500  {rise@0.000ns fall@1.000ns period=2.000ns})
  Destination:            cfo/observation_front/pr4_reg_i_2_psdsp_1/D
                            (rising edge-triggered cell FDRE clocked by clk500  {rise@0.000ns fall@1.000ns period=2.000ns})
  Path Group:             clk500
  Path Type:              Setup (Max at Slow Process Corner)
  Requirement:            2.000ns  (clk500 rise@2.000ns - clk500 rise@0.000ns)
  Data Path Delay:        2.063ns  (logic 1.122ns (54.387%)  route 0.941ns (45.613%))
  Logic Levels:           2  (LUT3=1 LUT6=1)
  Clock Path Skew:        -0.056ns (DCD - SCD + CPR)
    Destination Clock Delay (DCD):    0.020ns = ( 2.020 - 2.000 ) 
    Source Clock Delay      (SCD):    0.076ns
    Clock Pessimism Removal (CPR):    0.000ns
  Clock Uncertainty:      0.035ns  ((TSJ^2 + TIJ^2)^1/2 + DJ) / 2 + PE
    Total System Jitter     (TSJ):    0.071ns
    Total Input Jitter      (TIJ):    0.000ns
    Discrete Jitter          (DJ):    0.000ns
    Phase Error              (PE):    0.000ns

    Location             Delay type                Incr(ns)  Path(ns)    Netlist Resource(s)
  -------------------------------------------------------------------    -------------------
                         (clock clk500 rise edge)     0.000     0.000 r  
                                                      0.000     0.000 r  clk500 (IN)
                         net (fo=27270, unset)        0.076     0.076    cfo/observation_front/clk
    RAMB36_X10Y22        RAMB36E2                                     r  cfo/observation_front/coefficient_page0_data_reg_0_1/CLKARDCLK
  -------------------------------------------------------------------    -------------------
    RAMB36_X10Y22        RAMB36E2 (Prop_RAMB36E2_RAMB36_CLKARDCLK_DOUTADOUT[0])
                                                      1.020     1.096 r  cfo/observation_front/coefficient_page0_data_reg_0_1/DOUTADOUT[0]
                         net (fo=3, routed)           0.680     1.776    cfo/observation_front/coefficient_page0_data_reg[1]
    SLICE_X145Y63                                                     r  cfo/observation_front/rr3_reg_i_6/I2
    SLICE_X145Y63        LUT3 (Prop_F6LUT_SLICEM_I2_O)
                                                      0.051     1.827 r  cfo/observation_front/rr3_reg_i_6/O
                         net (fo=8, routed)           0.099     1.926    cfo/observation_front/coefficient_index0[1]
    SLICE_X144Y63                                                     r  cfo/observation_front/pr4_reg_i_2/I0
    SLICE_X144Y63        LUT6 (Prop_H6LUT_SLICEL_I0_O)
                                                      0.051     1.977 r  cfo/observation_front/pr4_reg_i_2/O
                         net (fo=2, routed)           0.162     2.139    cfo/observation_front/pr4_reg_i_2_n_0
    SLICE_X144Y61        FDRE                                         r  cfo/observation_front/pr4_reg_i_2_psdsp_1/D
  -------------------------------------------------------------------    -------------------

                         (clock clk500 rise edge)     2.000     2.000 r  
                                                      0.000     2.000 r  clk500 (IN)
                         net (fo=27270, unset)        0.020     2.020    cfo/observation_front/clk
    SLICE_X144Y61        FDRE                                         r  cfo/observation_front/pr4_reg_i_2_psdsp_1/C
                         clock pessimism              0.000     2.020    
                         clock uncertainty           -0.035     1.985    
    SLICE_X144Y61        FDRE (Setup_FFF2_SLICEL_C_D)
                                                      0.025     2.010    cfo/observation_front/pr4_reg_i_2_psdsp_1
  -------------------------------------------------------------------
                         required time                          2.010    
                         arrival time                          -2.139    
  -------------------------------------------------------------------
                         slack                                 -0.129    

Slack (VIOLATED) :        -0.129ns  (required time - arrival time)
  Source:                 cfo/windows/poison_sync/syncstages_ff_reg[3]/C
                            (rising edge-triggered cell FDRE clocked by clk500  {rise@0.000ns fall@1.000ns period=2.000ns})
  Destination:            cfo/windows/window_credits/fifo/gnuram_async_fifo.xpm_fifo_base_inst/wrpp1_inst/count_value_i_reg[3]/CE
                            (rising edge-triggered cell FDRE clocked by clk500  {rise@0.000ns fall@1.000ns period=2.000ns})
  Path Group:             clk500
  Path Type:              Setup (Max at Slow Process Corner)
  Requirement:            2.000ns  (clk500 rise@2.000ns - clk500 rise@0.000ns)
  Data Path Delay:        2.026ns  (logic 0.436ns (21.520%)  route 1.590ns (78.480%))
  Logic Levels:           4  (LUT3=1 LUT5=1 LUT6=2)
  Clock Path Skew:        -0.008ns (DCD - SCD + CPR)
    Destination Clock Delay (DCD):    0.020ns = ( 2.020 - 2.000 ) 
    Source Clock Delay      (SCD):    0.028ns
    Clock Pessimism Removal (CPR):    0.000ns
  Clock Uncertainty:      0.035ns  ((TSJ^2 + TIJ^2)^1/2 + DJ) / 2 + PE
    Total System Jitter     (TSJ):    0.071ns
    Total Input Jitter      (TIJ):    0.000ns
    Discrete Jitter          (DJ):    0.000ns
    Phase Error              (PE):    0.000ns

    Location             Delay type                Incr(ns)  Path(ns)    Netlist Resource(s)
  -------------------------------------------------------------------    -------------------
                         (clock clk500 rise edge)     0.000     0.000 r  
                                                      0.000     0.000 r  clk500 (IN)
                         net (fo=27270, unset)        0.028     0.028    cfo/windows/poison_sync/dest_clk
    SLICE_X158Y100       FDRE                                         r  cfo/windows/poison_sync/syncstages_ff_reg[3]/C
  -------------------------------------------------------------------    -------------------
    SLICE_X158Y100       FDRE (Prop_DFF2_SLICEL_C_Q)
                                                      0.081     0.109 f  cfo/windows/poison_sync/syncstages_ff_reg[3]/Q
                         net (fo=12, routed)          0.687     0.796    cfo/windows/poison500
    SLICE_X142Y84                                                     f  cfo/windows/packed_count[1]_i_1/I0
    SLICE_X142Y84        LUT3 (Prop_F6LUT_SLICEM_I0_O)
                                                      0.051     0.847 f  cfo/windows/packed_count[1]_i_1/O
                         net (fo=11, routed)          0.102     0.949    cfo/windows/fast_stop
    SLICE_X142Y85                                                     f  cfo/windows/window_credits_i_3/I5
    SLICE_X142Y85        LUT6 (Prop_E6LUT_SLICEM_I5_O)
                                                      0.091     1.040 f  cfo/windows/window_credits_i_3/O
                         net (fo=3, routed)           0.052     1.092    cfo/windows/window_credits_i_3_n_0
    SLICE_X142Y85                                                     f  cfo/windows/window_credits_i_2/I5
    SLICE_X142Y85        LUT6 (Prop_D6LUT_SLICEM_I5_O)
                                                      0.088     1.180 r  cfo/windows/window_credits_i_2/O
                         net (fo=19, routed)          0.406     1.586    cfo/windows/window_credits/fifo/gnuram_async_fifo.xpm_fifo_base_inst/p_30_in_alias_alias
    SLICE_X139Y78                                                     r  cfo/windows/window_credits/fifo/gnuram_async_fifo.xpm_fifo_base_inst/gen_sdpram.xpm_memory_base_inst_i_1_rewire/I0
    SLICE_X139Y78        LUT5 (Prop_H6LUT_SLICEM_I0_O)
                                                      0.125     1.711 r  cfo/windows/window_credits/fifo/gnuram_async_fifo.xpm_fifo_base_inst/gen_sdpram.xpm_memory_base_inst_i_1_rewire/O
                         net (fo=15, routed)          0.343     2.054    cfo/windows/window_credits/fifo/gnuram_async_fifo.xpm_fifo_base_inst/wrpp1_inst/cnt_en
    SLICE_X134Y78        FDRE                                         r  cfo/windows/window_credits/fifo/gnuram_async_fifo.xpm_fifo_base_inst/wrpp1_inst/count_value_i_reg[3]/CE
  -------------------------------------------------------------------    -------------------

                         (clock clk500 rise edge)     2.000     2.000 r  
                                                      0.000     2.000 r  clk500 (IN)
                         net (fo=27270, unset)        0.020     2.020    cfo/windows/window_credits/fifo/gnuram_async_fifo.xpm_fifo_base_inst/wrpp1_inst/clk
    SLICE_X134Y78        FDRE                                         r  cfo/windows/window_credits/fifo/gnuram_async_fifo.xpm_fifo_base_inst/wrpp1_inst/count_value_i_reg[3]/C
                         clock pessimism              0.000     2.020    
                         clock uncertainty           -0.035     1.985    
    SLICE_X134Y78        FDRE (Setup_EFF_SLICEL_C_CE)
                                                     -0.060     1.925    cfo/windows/window_credits/fifo/gnuram_async_fifo.xpm_fifo_base_inst/wrpp1_inst/count_value_i_reg[3]
  -------------------------------------------------------------------
                         required time                          1.925    
                         arrival time                          -2.054    
  -------------------------------------------------------------------
                         slack                                 -0.129    

Slack (VIOLATED) :        -0.129ns  (required time - arrival time)
  Source:                 cfo/windows/output_record_reg[80]/C
                            (rising edge-triggered cell FDRE clocked by clk500  {rise@0.000ns fall@1.000ns period=2.000ns})
  Destination:            cfo/observation_front/fft_core/input_index_reg[8]/CE
                            (rising edge-triggered cell FDRE clocked by clk500  {rise@0.000ns fall@1.000ns period=2.000ns})
  Path Group:             clk500
  Path Type:              Setup (Max at Slow Process Corner)
  Requirement:            2.000ns  (clk500 rise@2.000ns - clk500 rise@0.000ns)
  Data Path Delay:        2.025ns  (logic 0.513ns (25.333%)  route 1.512ns (74.667%))
  Logic Levels:           6  (CARRY8=2 LUT3=1 LUT6=3)
  Clock Path Skew:        -0.010ns (DCD - SCD + CPR)
    Destination Clock Delay (DCD):    0.020ns = ( 2.020 - 2.000 ) 
    Source Clock Delay      (SCD):    0.030ns
    Clock Pessimism Removal (CPR):    0.000ns
  Clock Uncertainty:      0.035ns  ((TSJ^2 + TIJ^2)^1/2 + DJ) / 2 + PE
    Total System Jitter     (TSJ):    0.071ns
    Total Input Jitter      (TIJ):    0.000ns
    Discrete Jitter          (DJ):    0.000ns
    Phase Error              (PE):    0.000ns

    Location             Delay type                Incr(ns)  Path(ns)    Netlist Resource(s)
  -------------------------------------------------------------------    -------------------
                         (clock clk500 rise edge)     0.000     0.000 r  
                                                      0.000     0.000 r  clk500 (IN)
                         net (fo=27270, unset)        0.030     0.030    cfo/windows/clk500
    SLICE_X139Y79        FDRE                                         r  cfo/windows/output_record_reg[80]/C
  -------------------------------------------------------------------    -------------------
    SLICE_X139Y79        FDRE (Prop_FFF_SLICEM_C_Q)
                                                      0.076     0.106 r  cfo/windows/output_record_reg[80]/Q
                         net (fo=2, routed)           0.688     0.794    cfo/observation_front/fft_core/s_generation[9]
    SLICE_X134Y63                                                     r  cfo/observation_front/fft_core/m_error[1]_i_37/I0
    SLICE_X134Y63        LUT6 (Prop_D6LUT_SLICEL_I0_O)
                                                      0.050     0.844 r  cfo/observation_front/fft_core/m_error[1]_i_37/O
                         net (fo=1, routed)           0.009     0.853    cfo/observation_front/fft_core/m_error[1]_i_37_n_0
    SLICE_X134Y63                                                     r  cfo/observation_front/fft_core/m_error_reg[1]_i_19/S[3]
    SLICE_X134Y63        CARRY8 (Prop_CARRY8_SLICEL_S[3]_CO[7])
                                                      0.154     1.007 f  cfo/observation_front/fft_core/m_error_reg[1]_i_19/CO[7]
                         net (fo=1, routed)           0.026     1.033    cfo/observation_front/fft_core/m_error_reg[1]_i_19_n_0
    SLICE_X134Y64                                                     f  cfo/observation_front/fft_core/m_error_reg[1]_i_10/CI
    SLICE_X134Y64        CARRY8 (Prop_CARRY8_SLICEL_CI_CO[2])
                                                      0.057     1.090 f  cfo/observation_front/fft_core/m_error_reg[1]_i_10/CO[2]
                         net (fo=1, routed)           0.242     1.332    cfo/observation_front/fft_core/input_error4
    SLICE_X136Y69                                                     f  cfo/observation_front/fft_core/m_error[1]_i_4/I3
    SLICE_X136Y69        LUT6 (Prop_A6LUT_SLICEL_I3_O)
                                                      0.050     1.382 r  cfo/observation_front/fft_core/m_error[1]_i_4/O
                         net (fo=3, routed)           0.109     1.491    cfo/observation_front/fft_core/m_error[1]_i_4_n_0
    SLICE_X138Y69                                                     r  cfo/observation_front/fft_core/m_error[1]_i_3/I0
    SLICE_X138Y69        LUT3 (Prop_A6LUT_SLICEL_I0_O)
                                                      0.090     1.581 f  cfo/observation_front/fft_core/m_error[1]_i_3/O
                         net (fo=5, routed)           0.139     1.720    cfo/observation_front/fft_core/m_error[1]_i_3_n_0
    SLICE_X138Y72                                                     f  cfo/observation_front/fft_core/input_index[10]_i_1/I2
    SLICE_X138Y72        LUT6 (Prop_B6LUT_SLICEL_I2_O)
                                                      0.036     1.756 r  cfo/observation_front/fft_core/input_index[10]_i_1/O
                         net (fo=11, routed)          0.299     2.055    cfo/observation_front/fft_core/input_index[10]_i_1_n_0
    SLICE_X140Y73        FDRE                                         r  cfo/observation_front/fft_core/input_index_reg[8]/CE
  -------------------------------------------------------------------    -------------------

                         (clock clk500 rise edge)     2.000     2.000 r  
                                                      0.000     2.000 r  clk500 (IN)
                         net (fo=27270, unset)        0.020     2.020    cfo/observation_front/fft_core/clk
    SLICE_X140Y73        FDRE                                         r  cfo/observation_front/fft_core/input_index_reg[8]/C
                         clock pessimism              0.000     2.020    
                         clock uncertainty           -0.035     1.985    
    SLICE_X140Y73        FDRE (Setup_BFF2_SLICEL_C_CE)
                                                     -0.059     1.926    cfo/observation_front/fft_core/input_index_reg[8]
  -------------------------------------------------------------------
                         required time                          1.926    
                         arrival time                          -2.055    
  -------------------------------------------------------------------
                         slack                                 -0.129    

Slack (VIOLATED) :        -0.128ns  (required time - arrival time)
  Source:                 cfo/windows/poison_sync/syncstages_ff_reg[3]/C
                            (rising edge-triggered cell FDRE clocked by clk500  {rise@0.000ns fall@1.000ns period=2.000ns})
  Destination:            cfo/observation_front/fft_core/bank1_reg_bram_0/ADDRARDADDR[5]
                            (rising edge-triggered cell RAMB36E2 clocked by clk500  {rise@0.000ns fall@1.000ns period=2.000ns})
  Path Group:             clk500
  Path Type:              Setup (Max at Slow Process Corner)
  Requirement:            2.000ns  (clk500 rise@2.000ns - clk500 rise@0.000ns)
  Data Path Delay:        1.752ns  (logic 0.221ns (12.614%)  route 1.531ns (87.386%))
  Logic Levels:           3  (LUT4=2 LUT6=1)
  Clock Path Skew:        0.011ns (DCD - SCD + CPR)
    Destination Clock Delay (DCD):    0.039ns = ( 2.039 - 2.000 ) 
    Source Clock Delay      (SCD):    0.028ns
    Clock Pessimism Removal (CPR):    0.000ns
  Clock Uncertainty:      0.035ns  ((TSJ^2 + TIJ^2)^1/2 + DJ) / 2 + PE
    Total System Jitter     (TSJ):    0.071ns
    Total Input Jitter      (TIJ):    0.000ns
    Discrete Jitter          (DJ):    0.000ns
    Phase Error              (PE):    0.000ns

    Location             Delay type                Incr(ns)  Path(ns)    Netlist Resource(s)
  -------------------------------------------------------------------    -------------------
                         (clock clk500 rise edge)     0.000     0.000 r  
                                                      0.000     0.000 r  clk500 (IN)
                         net (fo=27270, unset)        0.028     0.028    cfo/windows/poison_sync/dest_clk
    SLICE_X158Y100       FDRE                                         r  cfo/windows/poison_sync/syncstages_ff_reg[3]/C
  -------------------------------------------------------------------    -------------------
    SLICE_X158Y100       FDRE (Prop_DFF2_SLICEL_C_Q)
                                                      0.081     0.109 f  cfo/windows/poison_sync/syncstages_ff_reg[3]/Q
                         net (fo=12, routed)          0.800     0.909    cfo/windows/poison500
    SLICE_X142Y73                                                     f  cfo/windows/m_valid_INST_0/I3
    SLICE_X142Y73        LUT4 (Prop_E6LUT_SLICEM_I3_O)
                                                      0.052     0.961 r  cfo/windows/m_valid_INST_0/O
                         net (fo=8, routed)           0.100     1.061    cfo/observation_front/s_valid
    SLICE_X143Y73                                                     r  cfo/observation_front/fft_core_i_1/I0
    SLICE_X143Y73        LUT4 (Prop_E6LUT_SLICEL_I0_O)
                                                      0.035     1.096 r  cfo/observation_front/fft_core_i_1/O
                         net (fo=5, routed)           0.331     1.427    cfo/observation_front/fft_core/s_valid
    SLICE_X146Y71                                                     r  cfo/observation_front/fft_core/bank1_reg_bram_0_i_13_comp_1/I4
    SLICE_X146Y71        LUT6 (Prop_A6LUT_SLICEM_I4_O)
                                                      0.053     1.480 r  cfo/observation_front/fft_core/bank1_reg_bram_0_i_13_comp_1/O
                         net (fo=2, routed)           0.300     1.780    cfo/observation_front/fft_core/waddr1[0]
    RAMB36_X10Y13        RAMB36E2                                     r  cfo/observation_front/fft_core/bank1_reg_bram_0/ADDRARDADDR[5]
  -------------------------------------------------------------------    -------------------

                         (clock clk500 rise edge)     2.000     2.000 r  
                                                      0.000     2.000 r  clk500 (IN)
                         net (fo=27270, unset)        0.039     2.039    cfo/observation_front/fft_core/clk
    RAMB36_X10Y13        RAMB36E2                                     r  cfo/observation_front/fft_core/bank1_reg_bram_0/CLKARDCLK
                         clock pessimism              0.000     2.039    
                         clock uncertainty           -0.035     2.004    
    RAMB36_X10Y13        RAMB36E2 (Setup_RAMB36E2_RAMB36_CLKARDCLK_ADDRARDADDR[5])
                                                     -0.352     1.652    cfo/observation_front/fft_core/bank1_reg_bram_0
  -------------------------------------------------------------------
                         required time                          1.652    
                         arrival time                          -1.780    
  -------------------------------------------------------------------
                         slack                                 -0.128    

Slack (VIOLATED) :        -0.128ns  (required time - arrival time)
  Source:                 cfo/windows/poison_sync/syncstages_ff_reg[3]/C
                            (rising edge-triggered cell FDRE clocked by clk500  {rise@0.000ns fall@1.000ns period=2.000ns})
  Destination:            cfo/observation_front/fft_core/bank1_reg_bram_1/ADDRARDADDR[4]
                            (rising edge-triggered cell RAMB18E2 clocked by clk500  {rise@0.000ns fall@1.000ns period=2.000ns})
  Path Group:             clk500
  Path Type:              Setup (Max at Slow Process Corner)
  Requirement:            2.000ns  (clk500 rise@2.000ns - clk500 rise@0.000ns)
  Data Path Delay:        1.770ns  (logic 0.221ns (12.486%)  route 1.549ns (87.514%))
  Logic Levels:           3  (LUT4=2 LUT6=1)
  Clock Path Skew:        0.011ns (DCD - SCD + CPR)
    Destination Clock Delay (DCD):    0.039ns = ( 2.039 - 2.000 ) 
    Source Clock Delay      (SCD):    0.028ns
    Clock Pessimism Removal (CPR):    0.000ns
  Clock Uncertainty:      0.035ns  ((TSJ^2 + TIJ^2)^1/2 + DJ) / 2 + PE
    Total System Jitter     (TSJ):    0.071ns
    Total Input Jitter      (TIJ):    0.000ns
    Discrete Jitter          (DJ):    0.000ns
    Phase Error              (PE):    0.000ns

    Location             Delay type                Incr(ns)  Path(ns)    Netlist Resource(s)
  -------------------------------------------------------------------    -------------------
                         (clock clk500 rise edge)     0.000     0.000 r  
                                                      0.000     0.000 r  clk500 (IN)
                         net (fo=27270, unset)        0.028     0.028    cfo/windows/poison_sync/dest_clk
    SLICE_X158Y100       FDRE                                         r  cfo/windows/poison_sync/syncstages_ff_reg[3]/C
  -------------------------------------------------------------------    -------------------
    SLICE_X158Y100       FDRE (Prop_DFF2_SLICEL_C_Q)
                                                      0.081     0.109 f  cfo/windows/poison_sync/syncstages_ff_reg[3]/Q
                         net (fo=12, routed)          0.800     0.909    cfo/windows/poison500
    SLICE_X142Y73                                                     f  cfo/windows/m_valid_INST_0/I3
    SLICE_X142Y73        LUT4 (Prop_E6LUT_SLICEM_I3_O)
                                                      0.052     0.961 r  cfo/windows/m_valid_INST_0/O
                         net (fo=8, routed)           0.100     1.061    cfo/observation_front/s_valid
    SLICE_X143Y73                                                     r  cfo/observation_front/fft_core_i_1/I0
    SLICE_X143Y73        LUT4 (Prop_E6LUT_SLICEL_I0_O)
                                                      0.035     1.096 r  cfo/observation_front/fft_core_i_1/O
                         net (fo=5, routed)           0.331     1.427    cfo/observation_front/fft_core/s_valid
    SLICE_X146Y71                                                     r  cfo/observation_front/fft_core/bank1_reg_bram_0_i_13_comp_1/I4
    SLICE_X146Y71        LUT6 (Prop_A6LUT_SLICEM_I4_O)
                                                      0.053     1.480 r  cfo/observation_front/fft_core/bank1_reg_bram_0_i_13_comp_1/O
                         net (fo=2, routed)           0.318     1.798    cfo/observation_front/fft_core/waddr1[0]
    RAMB18_X10Y30        RAMB18E2                                     r  cfo/observation_front/fft_core/bank1_reg_bram_1/ADDRARDADDR[4]
  -------------------------------------------------------------------    -------------------

                         (clock clk500 rise edge)     2.000     2.000 r  
                                                      0.000     2.000 r  clk500 (IN)
                         net (fo=27270, unset)        0.039     2.039    cfo/observation_front/fft_core/clk
    RAMB18_X10Y30        RAMB18E2                                     r  cfo/observation_front/fft_core/bank1_reg_bram_1/CLKARDCLK
                         clock pessimism              0.000     2.039    
                         clock uncertainty           -0.035     2.004    
    RAMB18_X10Y30        RAMB18E2 (Setup_RAMB18E2_L_RAMB180_CLKARDCLK_ADDRARDADDR[4])
                                                     -0.334     1.670    cfo/observation_front/fft_core/bank1_reg_bram_1
  -------------------------------------------------------------------
                         required time                          1.670    
                         arrival time                          -1.798    
  -------------------------------------------------------------------
                         slack                                 -0.128    

Slack (VIOLATED) :        -0.126ns  (required time - arrival time)
  Source:                 cfo/windows/poison_sync/syncstages_ff_reg[3]/C
                            (rising edge-triggered cell FDRE clocked by clk500  {rise@0.000ns fall@1.000ns period=2.000ns})
  Destination:            cfo/observation_front/fft_core/bank1_reg_bram_1/DINADIN[6]
                            (rising edge-triggered cell RAMB18E2 clocked by clk500  {rise@0.000ns fall@1.000ns period=2.000ns})
  Path Group:             clk500
  Path Type:              Setup (Max at Slow Process Corner)
  Requirement:            2.000ns  (clk500 rise@2.000ns - clk500 rise@0.000ns)
  Data Path Delay:        1.865ns  (logic 0.280ns (15.013%)  route 1.585ns (84.987%))
  Logic Levels:           3  (LUT4=1 LUT6=2)
  Clock Path Skew:        0.011ns (DCD - SCD + CPR)
    Destination Clock Delay (DCD):    0.039ns = ( 2.039 - 2.000 ) 
    Source Clock Delay      (SCD):    0.028ns
    Clock Pessimism Removal (CPR):    0.000ns
  Clock Uncertainty:      0.035ns  ((TSJ^2 + TIJ^2)^1/2 + DJ) / 2 + PE
    Total System Jitter     (TSJ):    0.071ns
    Total Input Jitter      (TIJ):    0.000ns
    Discrete Jitter          (DJ):    0.000ns
    Phase Error              (PE):    0.000ns

    Location             Delay type                Incr(ns)  Path(ns)    Netlist Resource(s)
  -------------------------------------------------------------------    -------------------
                         (clock clk500 rise edge)     0.000     0.000 r  
                                                      0.000     0.000 r  clk500 (IN)
                         net (fo=27270, unset)        0.028     0.028    cfo/windows/poison_sync/dest_clk
    SLICE_X158Y100       FDRE                                         r  cfo/windows/poison_sync/syncstages_ff_reg[3]/C
  -------------------------------------------------------------------    -------------------
    SLICE_X158Y100       FDRE (Prop_DFF2_SLICEL_C_Q)
                                                      0.081     0.109 f  cfo/windows/poison_sync/syncstages_ff_reg[3]/Q
                         net (fo=12, routed)          0.800     0.909    cfo/windows/poison500
    SLICE_X142Y73                                                     f  cfo/windows/m_valid_INST_0/I3
    SLICE_X142Y73        LUT4 (Prop_E6LUT_SLICEM_I3_O)
                                                      0.052     0.961 r  cfo/windows/m_valid_INST_0/O
                         net (fo=8, routed)           0.100     1.061    cfo/observation_front/fft_core/m_valid_alias
    SLICE_X143Y73                                                     r  cfo/observation_front/fft_core/bank1_reg_bram_0_i_69_comp_3/I4
    SLICE_X143Y73        LUT6 (Prop_A6LUT_SLICEL_I4_O)
                                                      0.050     1.111 r  cfo/observation_front/fft_core/bank1_reg_bram_0_i_69_comp_3/O
                         net (fo=47, routed)          0.367     1.478    cfo/observation_front/fft_core/bank1_reg_bram_0_i_69_n_0
    SLICE_X144Y79                                                     r  cfo/observation_front/fft_core/bank1_reg_bram_1_i_10/I0
    SLICE_X144Y79        LUT6 (Prop_F6LUT_SLICEL_I0_O)
                                                      0.097     1.575 r  cfo/observation_front/fft_core/bank1_reg_bram_1_i_10/O
                         net (fo=1, routed)           0.318     1.893    cfo/observation_front/fft_core/bank1_reg_bram_1_i_10_n_0
    RAMB18_X10Y30        RAMB18E2                                     r  cfo/observation_front/fft_core/bank1_reg_bram_1/DINADIN[6]
  -------------------------------------------------------------------    -------------------

                         (clock clk500 rise edge)     2.000     2.000 r  
                                                      0.000     2.000 r  clk500 (IN)
                         net (fo=27270, unset)        0.039     2.039    cfo/observation_front/fft_core/clk
    RAMB18_X10Y30        RAMB18E2                                     r  cfo/observation_front/fft_core/bank1_reg_bram_1/CLKARDCLK
                         clock pessimism              0.000     2.039    
                         clock uncertainty           -0.035     2.004    
    RAMB18_X10Y30        RAMB18E2 (Setup_RAMB18E2_L_RAMB180_CLKARDCLK_DINADIN[6])
                                                     -0.237     1.767    cfo/observation_front/fft_core/bank1_reg_bram_1
  -------------------------------------------------------------------
                         required time                          1.767    
                         arrival time                          -1.893    
  -------------------------------------------------------------------
                         slack                                 -0.126    

Slack (VIOLATED) :        -0.126ns  (required time - arrival time)
  Source:                 cfo/windows/poison_sync/syncstages_ff_reg[3]/C
                            (rising edge-triggered cell FDRE clocked by clk500  {rise@0.000ns fall@1.000ns period=2.000ns})
  Destination:            cfo/windows/output_record_reg[19]/CE
                            (rising edge-triggered cell FDRE clocked by clk500  {rise@0.000ns fall@1.000ns period=2.000ns})
  Path Group:             clk500
  Path Type:              Setup (Max at Slow Process Corner)
  Requirement:            2.000ns  (clk500 rise@2.000ns - clk500 rise@0.000ns)
  Data Path Delay:        2.023ns  (logic 0.435ns (21.503%)  route 1.588ns (78.497%))
  Logic Levels:           4  (LUT3=1 LUT5=1 LUT6=2)
  Clock Path Skew:        -0.007ns (DCD - SCD + CPR)
    Destination Clock Delay (DCD):    0.021ns = ( 2.021 - 2.000 ) 
    Source Clock Delay      (SCD):    0.028ns
    Clock Pessimism Removal (CPR):    0.000ns
  Clock Uncertainty:      0.035ns  ((TSJ^2 + TIJ^2)^1/2 + DJ) / 2 + PE
    Total System Jitter     (TSJ):    0.071ns
    Total Input Jitter      (TIJ):    0.000ns
    Discrete Jitter          (DJ):    0.000ns
    Phase Error              (PE):    0.000ns

    Location             Delay type                Incr(ns)  Path(ns)    Netlist Resource(s)
  -------------------------------------------------------------------    -------------------
                         (clock clk500 rise edge)     0.000     0.000 r  
                                                      0.000     0.000 r  clk500 (IN)
                         net (fo=27270, unset)        0.028     0.028    cfo/windows/poison_sync/dest_clk
    SLICE_X158Y100       FDRE                                         r  cfo/windows/poison_sync/syncstages_ff_reg[3]/C
  -------------------------------------------------------------------    -------------------
    SLICE_X158Y100       FDRE (Prop_DFF2_SLICEL_C_Q)
                                                      0.081     0.109 f  cfo/windows/poison_sync/syncstages_ff_reg[3]/Q
                         net (fo=12, routed)          0.687     0.796    cfo/windows/poison500
    SLICE_X142Y84                                                     f  cfo/windows/packed_count[1]_i_1/I0
    SLICE_X142Y84        LUT3 (Prop_F6LUT_SLICEM_I0_O)
                                                      0.051     0.847 f  cfo/windows/packed_count[1]_i_1/O
                         net (fo=11, routed)          0.102     0.949    cfo/windows/fast_stop
    SLICE_X142Y85                                                     f  cfo/windows/window_credits_i_3/I5
    SLICE_X142Y85        LUT6 (Prop_E6LUT_SLICEM_I5_O)
                                                      0.091     1.040 f  cfo/windows/window_credits_i_3/O
                         net (fo=3, routed)           0.052     1.092    cfo/windows/window_credits_i_3_n_0
    SLICE_X142Y85                                                     f  cfo/windows/window_credits_i_2/I5
    SLICE_X142Y85        LUT6 (Prop_D6LUT_SLICEM_I5_O)
                                                      0.088     1.180 r  cfo/windows/window_credits_i_2/O
                         net (fo=19, routed)          0.257     1.437    cfo/windows/p_30_in
    SLICE_X142Y82                                                     r  cfo/windows/output_record[134]_i_1_rewire/I0
    SLICE_X142Y82        LUT5 (Prop_E6LUT_SLICEM_I0_O)
                                                      0.124     1.561 r  cfo/windows/output_record[134]_i_1_rewire/O
                         net (fo=115, routed)         0.490     2.051    cfo/windows/output_record
    SLICE_X142Y92        FDRE                                         r  cfo/windows/output_record_reg[19]/CE
  -------------------------------------------------------------------    -------------------

                         (clock clk500 rise edge)     2.000     2.000 r  
                                                      0.000     2.000 r  clk500 (IN)
                         net (fo=27270, unset)        0.021     2.021    cfo/windows/clk500
    SLICE_X142Y92        FDRE                                         r  cfo/windows/output_record_reg[19]/C
                         clock pessimism              0.000     2.021    
                         clock uncertainty           -0.035     1.986    
    SLICE_X142Y92        FDRE (Setup_HFF_SLICEM_C_CE)
                                                     -0.061     1.925    cfo/windows/output_record_reg[19]
  -------------------------------------------------------------------
                         required time                          1.925    
                         arrival time                          -2.051    
  -------------------------------------------------------------------
                         slack                                 -0.126    

Slack (VIOLATED) :        -0.126ns  (required time - arrival time)
  Source:                 cfo/windows/poison_sync/syncstages_ff_reg[3]/C
                            (rising edge-triggered cell FDRE clocked by clk500  {rise@0.000ns fall@1.000ns period=2.000ns})
  Destination:            cfo/windows/output_record_reg[25]/CE
                            (rising edge-triggered cell FDRE clocked by clk500  {rise@0.000ns fall@1.000ns period=2.000ns})
  Path Group:             clk500
  Path Type:              Setup (Max at Slow Process Corner)
  Requirement:            2.000ns  (clk500 rise@2.000ns - clk500 rise@0.000ns)
  Data Path Delay:        2.023ns  (logic 0.435ns (21.503%)  route 1.588ns (78.497%))
  Logic Levels:           4  (LUT3=1 LUT5=1 LUT6=2)
  Clock Path Skew:        -0.007ns (DCD - SCD + CPR)
    Destination Clock Delay (DCD):    0.021ns = ( 2.021 - 2.000 ) 
    Source Clock Delay      (SCD):    0.028ns
    Clock Pessimism Removal (CPR):    0.000ns
  Clock Uncertainty:      0.035ns  ((TSJ^2 + TIJ^2)^1/2 + DJ) / 2 + PE
    Total System Jitter     (TSJ):    0.071ns
    Total Input Jitter      (TIJ):    0.000ns
    Discrete Jitter          (DJ):    0.000ns
    Phase Error              (PE):    0.000ns

    Location             Delay type                Incr(ns)  Path(ns)    Netlist Resource(s)
  -------------------------------------------------------------------    -------------------
                         (clock clk500 rise edge)     0.000     0.000 r  
                                                      0.000     0.000 r  clk500 (IN)
                         net (fo=27270, unset)        0.028     0.028    cfo/windows/poison_sync/dest_clk
    SLICE_X158Y100       FDRE                                         r  cfo/windows/poison_sync/syncstages_ff_reg[3]/C
  -------------------------------------------------------------------    -------------------
    SLICE_X158Y100       FDRE (Prop_DFF2_SLICEL_C_Q)
                                                      0.081     0.109 f  cfo/windows/poison_sync/syncstages_ff_reg[3]/Q
                         net (fo=12, routed)          0.687     0.796    cfo/windows/poison500
    SLICE_X142Y84                                                     f  cfo/windows/packed_count[1]_i_1/I0
    SLICE_X142Y84        LUT3 (Prop_F6LUT_SLICEM_I0_O)
                                                      0.051     0.847 f  cfo/windows/packed_count[1]_i_1/O
                         net (fo=11, routed)          0.102     0.949    cfo/windows/fast_stop
    SLICE_X142Y85                                                     f  cfo/windows/window_credits_i_3/I5
    SLICE_X142Y85        LUT6 (Prop_E6LUT_SLICEM_I5_O)
                                                      0.091     1.040 f  cfo/windows/window_credits_i_3/O
                         net (fo=3, routed)           0.052     1.092    cfo/windows/window_credits_i_3_n_0
    SLICE_X142Y85                                                     f  cfo/windows/window_credits_i_2/I5
    SLICE_X142Y85        LUT6 (Prop_D6LUT_SLICEM_I5_O)
                                                      0.088     1.180 r  cfo/windows/window_credits_i_2/O
                         net (fo=19, routed)          0.257     1.437    cfo/windows/p_30_in
    SLICE_X142Y82                                                     r  cfo/windows/output_record[134]_i_1_rewire/I0
    SLICE_X142Y82        LUT5 (Prop_E6LUT_SLICEM_I0_O)
                                                      0.124     1.561 r  cfo/windows/output_record[134]_i_1_rewire/O
                         net (fo=115, routed)         0.490     2.051    cfo/windows/output_record
    SLICE_X142Y92        FDRE                                         r  cfo/windows/output_record_reg[25]/CE
  -------------------------------------------------------------------    -------------------

                         (clock clk500 rise edge)     2.000     2.000 r  
                                                      0.000     2.000 r  clk500 (IN)
                         net (fo=27270, unset)        0.021     2.021    cfo/windows/clk500
    SLICE_X142Y92        FDRE                                         r  cfo/windows/output_record_reg[25]/C
                         clock pessimism              0.000     2.021    
                         clock uncertainty           -0.035     1.986    
    SLICE_X142Y92        FDRE (Setup_GFF_SLICEM_C_CE)
                                                     -0.061     1.925    cfo/windows/output_record_reg[25]
  -------------------------------------------------------------------
                         required time                          1.925    
                         arrival time                          -2.051    
  -------------------------------------------------------------------
                         slack                                 -0.126    

Slack (VIOLATED) :        -0.126ns  (required time - arrival time)
  Source:                 cfo/windows/poison_sync/syncstages_ff_reg[3]/C
                            (rising edge-triggered cell FDRE clocked by clk500  {rise@0.000ns fall@1.000ns period=2.000ns})
  Destination:            cfo/windows/output_record_reg[37]/CE
                            (rising edge-triggered cell FDRE clocked by clk500  {rise@0.000ns fall@1.000ns period=2.000ns})
  Path Group:             clk500
  Path Type:              Setup (Max at Slow Process Corner)
  Requirement:            2.000ns  (clk500 rise@2.000ns - clk500 rise@0.000ns)
  Data Path Delay:        2.023ns  (logic 0.435ns (21.503%)  route 1.588ns (78.497%))
  Logic Levels:           4  (LUT3=1 LUT5=1 LUT6=2)
  Clock Path Skew:        -0.007ns (DCD - SCD + CPR)
    Destination Clock Delay (DCD):    0.021ns = ( 2.021 - 2.000 ) 
    Source Clock Delay      (SCD):    0.028ns
    Clock Pessimism Removal (CPR):    0.000ns
  Clock Uncertainty:      0.035ns  ((TSJ^2 + TIJ^2)^1/2 + DJ) / 2 + PE
    Total System Jitter     (TSJ):    0.071ns
    Total Input Jitter      (TIJ):    0.000ns
    Discrete Jitter          (DJ):    0.000ns
    Phase Error              (PE):    0.000ns

    Location             Delay type                Incr(ns)  Path(ns)    Netlist Resource(s)
  -------------------------------------------------------------------    -------------------
                         (clock clk500 rise edge)     0.000     0.000 r  
                                                      0.000     0.000 r  clk500 (IN)
                         net (fo=27270, unset)        0.028     0.028    cfo/windows/poison_sync/dest_clk
    SLICE_X158Y100       FDRE                                         r  cfo/windows/poison_sync/syncstages_ff_reg[3]/C
  -------------------------------------------------------------------    -------------------
    SLICE_X158Y100       FDRE (Prop_DFF2_SLICEL_C_Q)
                                                      0.081     0.109 f  cfo/windows/poison_sync/syncstages_ff_reg[3]/Q
                         net (fo=12, routed)          0.687     0.796    cfo/windows/poison500
    SLICE_X142Y84                                                     f  cfo/windows/packed_count[1]_i_1/I0
    SLICE_X142Y84        LUT3 (Prop_F6LUT_SLICEM_I0_O)
                                                      0.051     0.847 f  cfo/windows/packed_count[1]_i_1/O
                         net (fo=11, routed)          0.102     0.949    cfo/windows/fast_stop
    SLICE_X142Y85                                                     f  cfo/windows/window_credits_i_3/I5
    SLICE_X142Y85        LUT6 (Prop_E6LUT_SLICEM_I5_O)
                                                      0.091     1.040 f  cfo/windows/window_credits_i_3/O
                         net (fo=3, routed)           0.052     1.092    cfo/windows/window_credits_i_3_n_0
    SLICE_X142Y85                                                     f  cfo/windows/window_credits_i_2/I5
    SLICE_X142Y85        LUT6 (Prop_D6LUT_SLICEM_I5_O)
                                                      0.088     1.180 r  cfo/windows/window_credits_i_2/O
                         net (fo=19, routed)          0.257     1.437    cfo/windows/p_30_in
    SLICE_X142Y82                                                     r  cfo/windows/output_record[134]_i_1_rewire/I0
    SLICE_X142Y82        LUT5 (Prop_E6LUT_SLICEM_I0_O)
                                                      0.124     1.561 r  cfo/windows/output_record[134]_i_1_rewire/O
                         net (fo=115, routed)         0.490     2.051    cfo/windows/output_record
    SLICE_X142Y92        FDRE                                         r  cfo/windows/output_record_reg[37]/CE
  -------------------------------------------------------------------    -------------------

                         (clock clk500 rise edge)     2.000     2.000 r  
                                                      0.000     2.000 r  clk500 (IN)
                         net (fo=27270, unset)        0.021     2.021    cfo/windows/clk500
    SLICE_X142Y92        FDRE                                         r  cfo/windows/output_record_reg[37]/C
                         clock pessimism              0.000     2.021    
                         clock uncertainty           -0.035     1.986    
    SLICE_X142Y92        FDRE (Setup_FFF_SLICEM_C_CE)
                                                     -0.061     1.925    cfo/windows/output_record_reg[37]
  -------------------------------------------------------------------
                         required time                          1.925    
                         arrival time                          -2.051    
  -------------------------------------------------------------------
                         slack                                 -0.126    

Slack (VIOLATED) :        -0.126ns  (required time - arrival time)
  Source:                 cfo/windows/poison_sync/syncstages_ff_reg[3]/C
                            (rising edge-triggered cell FDRE clocked by clk500  {rise@0.000ns fall@1.000ns period=2.000ns})
  Destination:            cfo/windows/output_record_reg[39]/CE
                            (rising edge-triggered cell FDRE clocked by clk500  {rise@0.000ns fall@1.000ns period=2.000ns})
  Path Group:             clk500
  Path Type:              Setup (Max at Slow Process Corner)
  Requirement:            2.000ns  (clk500 rise@2.000ns - clk500 rise@0.000ns)
  Data Path Delay:        2.023ns  (logic 0.435ns (21.503%)  route 1.588ns (78.497%))
  Logic Levels:           4  (LUT3=1 LUT5=1 LUT6=2)
  Clock Path Skew:        -0.007ns (DCD - SCD + CPR)
    Destination Clock Delay (DCD):    0.021ns = ( 2.021 - 2.000 ) 
    Source Clock Delay      (SCD):    0.028ns
    Clock Pessimism Removal (CPR):    0.000ns
  Clock Uncertainty:      0.035ns  ((TSJ^2 + TIJ^2)^1/2 + DJ) / 2 + PE
    Total System Jitter     (TSJ):    0.071ns
    Total Input Jitter      (TIJ):    0.000ns
    Discrete Jitter          (DJ):    0.000ns
    Phase Error              (PE):    0.000ns

    Location             Delay type                Incr(ns)  Path(ns)    Netlist Resource(s)
  -------------------------------------------------------------------    -------------------
                         (clock clk500 rise edge)     0.000     0.000 r  
                                                      0.000     0.000 r  clk500 (IN)
                         net (fo=27270, unset)        0.028     0.028    cfo/windows/poison_sync/dest_clk
    SLICE_X158Y100       FDRE                                         r  cfo/windows/poison_sync/syncstages_ff_reg[3]/C
  -------------------------------------------------------------------    -------------------
    SLICE_X158Y100       FDRE (Prop_DFF2_SLICEL_C_Q)
                                                      0.081     0.109 f  cfo/windows/poison_sync/syncstages_ff_reg[3]/Q
                         net (fo=12, routed)          0.687     0.796    cfo/windows/poison500
    SLICE_X142Y84                                                     f  cfo/windows/packed_count[1]_i_1/I0
    SLICE_X142Y84        LUT3 (Prop_F6LUT_SLICEM_I0_O)
                                                      0.051     0.847 f  cfo/windows/packed_count[1]_i_1/O
                         net (fo=11, routed)          0.102     0.949    cfo/windows/fast_stop
    SLICE_X142Y85                                                     f  cfo/windows/window_credits_i_3/I5
    SLICE_X142Y85        LUT6 (Prop_E6LUT_SLICEM_I5_O)
                                                      0.091     1.040 f  cfo/windows/window_credits_i_3/O
                         net (fo=3, routed)           0.052     1.092    cfo/windows/window_credits_i_3_n_0
    SLICE_X142Y85                                                     f  cfo/windows/window_credits_i_2/I5
    SLICE_X142Y85        LUT6 (Prop_D6LUT_SLICEM_I5_O)
                                                      0.088     1.180 r  cfo/windows/window_credits_i_2/O
                         net (fo=19, routed)          0.257     1.437    cfo/windows/p_30_in
    SLICE_X142Y82                                                     r  cfo/windows/output_record[134]_i_1_rewire/I0
    SLICE_X142Y82        LUT5 (Prop_E6LUT_SLICEM_I0_O)
                                                      0.124     1.561 r  cfo/windows/output_record[134]_i_1_rewire/O
                         net (fo=115, routed)         0.490     2.051    cfo/windows/output_record
    SLICE_X142Y92        FDRE                                         r  cfo/windows/output_record_reg[39]/CE
  -------------------------------------------------------------------    -------------------

                         (clock clk500 rise edge)     2.000     2.000 r  
                                                      0.000     2.000 r  clk500 (IN)
                         net (fo=27270, unset)        0.021     2.021    cfo/windows/clk500
    SLICE_X142Y92        FDRE                                         r  cfo/windows/output_record_reg[39]/C
                         clock pessimism              0.000     2.021    
                         clock uncertainty           -0.035     1.986    
    SLICE_X142Y92        FDRE (Setup_EFF_SLICEM_C_CE)
                                                     -0.061     1.925    cfo/windows/output_record_reg[39]
  -------------------------------------------------------------------
                         required time                          1.925    
                         arrival time                          -2.051    
  -------------------------------------------------------------------
                         slack                                 -0.126    

Slack (VIOLATED) :        -0.125ns  (required time - arrival time)
  Source:                 cfo/observation_front/coefficient_page0_data_reg_0_1/CLKARDCLK
                            (rising edge-triggered cell RAMB36E2 clocked by clk500  {rise@0.000ns fall@1.000ns period=2.000ns})
  Destination:            cfo/observation_front/pr4_reg_i_3_psdsp_1/D
                            (rising edge-triggered cell FDRE clocked by clk500  {rise@0.000ns fall@1.000ns period=2.000ns})
  Path Group:             clk500
  Path Type:              Setup (Max at Slow Process Corner)
  Requirement:            2.000ns  (clk500 rise@2.000ns - clk500 rise@0.000ns)
  Data Path Delay:        2.059ns  (logic 1.122ns (54.492%)  route 0.937ns (45.508%))
  Logic Levels:           2  (LUT3=1 LUT6=1)
  Clock Path Skew:        -0.056ns (DCD - SCD + CPR)
    Destination Clock Delay (DCD):    0.020ns = ( 2.020 - 2.000 ) 
    Source Clock Delay      (SCD):    0.076ns
    Clock Pessimism Removal (CPR):    0.000ns
  Clock Uncertainty:      0.035ns  ((TSJ^2 + TIJ^2)^1/2 + DJ) / 2 + PE
    Total System Jitter     (TSJ):    0.071ns
    Total Input Jitter      (TIJ):    0.000ns
    Discrete Jitter          (DJ):    0.000ns
    Phase Error              (PE):    0.000ns

    Location             Delay type                Incr(ns)  Path(ns)    Netlist Resource(s)
  -------------------------------------------------------------------    -------------------
                         (clock clk500 rise edge)     0.000     0.000 r  
                                                      0.000     0.000 r  clk500 (IN)
                         net (fo=27270, unset)        0.076     0.076    cfo/observation_front/clk
    RAMB36_X10Y22        RAMB36E2                                     r  cfo/observation_front/coefficient_page0_data_reg_0_1/CLKARDCLK
  -------------------------------------------------------------------    -------------------
    RAMB36_X10Y22        RAMB36E2 (Prop_RAMB36E2_RAMB36_CLKARDCLK_DOUTADOUT[0])
                                                      1.020     1.096 f  cfo/observation_front/coefficient_page0_data_reg_0_1/DOUTADOUT[0]
                         net (fo=3, routed)           0.680     1.776    cfo/observation_front/coefficient_page0_data_reg[1]
    SLICE_X145Y63                                                     f  cfo/observation_front/rr3_reg_i_6/I2
    SLICE_X145Y63        LUT3 (Prop_F6LUT_SLICEM_I2_O)
                                                      0.051     1.827 f  cfo/observation_front/rr3_reg_i_6/O
                         net (fo=8, routed)           0.103     1.930    cfo/observation_front/coefficient_index0[1]
    SLICE_X144Y63                                                     f  cfo/observation_front/pr4_reg_i_3/I5
    SLICE_X144Y63        LUT6 (Prop_E6LUT_SLICEL_I5_O)
                                                      0.051     1.981 r  cfo/observation_front/pr4_reg_i_3/O
                         net (fo=2, routed)           0.154     2.135    cfo/observation_front/pr4_reg_i_3_n_0
    SLICE_X144Y62        FDRE                                         r  cfo/observation_front/pr4_reg_i_3_psdsp_1/D
  -------------------------------------------------------------------    -------------------

                         (clock clk500 rise edge)     2.000     2.000 r  
                                                      0.000     2.000 r  clk500 (IN)
                         net (fo=27270, unset)        0.020     2.020    cfo/observation_front/clk
    SLICE_X144Y62        FDRE                                         r  cfo/observation_front/pr4_reg_i_3_psdsp_1/C
                         clock pessimism              0.000     2.020    
                         clock uncertainty           -0.035     1.985    
    SLICE_X144Y62        FDRE (Setup_CFF2_SLICEL_C_D)
                                                      0.025     2.010    cfo/observation_front/pr4_reg_i_3_psdsp_1
  -------------------------------------------------------------------
                         required time                          2.010    
                         arrival time                          -2.135    
  -------------------------------------------------------------------
                         slack                                 -0.125    

Slack (VIOLATED) :        -0.124ns  (required time - arrival time)
  Source:                 cfo/windows/poison_sync/syncstages_ff_reg[3]/C
                            (rising edge-triggered cell FDRE clocked by clk500  {rise@0.000ns fall@1.000ns period=2.000ns})
  Destination:            cfo/observation_front/fft_core/bank1_reg_bram_0/DINADIN[6]
                            (rising edge-triggered cell RAMB36E2 clocked by clk500  {rise@0.000ns fall@1.000ns period=2.000ns})
  Path Group:             clk500
  Path Type:              Setup (Max at Slow Process Corner)
  Requirement:            2.000ns  (clk500 rise@2.000ns - clk500 rise@0.000ns)
  Data Path Delay:        1.856ns  (logic 0.233ns (12.554%)  route 1.623ns (87.446%))
  Logic Levels:           3  (LUT4=1 LUT6=2)
  Clock Path Skew:        0.011ns (DCD - SCD + CPR)
    Destination Clock Delay (DCD):    0.039ns = ( 2.039 - 2.000 ) 
    Source Clock Delay      (SCD):    0.028ns
    Clock Pessimism Removal (CPR):    0.000ns
  Clock Uncertainty:      0.035ns  ((TSJ^2 + TIJ^2)^1/2 + DJ) / 2 + PE
    Total System Jitter     (TSJ):    0.071ns
    Total Input Jitter      (TIJ):    0.000ns
    Discrete Jitter          (DJ):    0.000ns
    Phase Error              (PE):    0.000ns

    Location             Delay type                Incr(ns)  Path(ns)    Netlist Resource(s)
  -------------------------------------------------------------------    -------------------
                         (clock clk500 rise edge)     0.000     0.000 r  
                                                      0.000     0.000 r  clk500 (IN)
                         net (fo=27270, unset)        0.028     0.028    cfo/windows/poison_sync/dest_clk
    SLICE_X158Y100       FDRE                                         r  cfo/windows/poison_sync/syncstages_ff_reg[3]/C
  -------------------------------------------------------------------    -------------------
    SLICE_X158Y100       FDRE (Prop_DFF2_SLICEL_C_Q)
                                                      0.081     0.109 f  cfo/windows/poison_sync/syncstages_ff_reg[3]/Q
                         net (fo=12, routed)          0.800     0.909    cfo/windows/poison500
    SLICE_X142Y73                                                     f  cfo/windows/m_valid_INST_0/I3
    SLICE_X142Y73        LUT4 (Prop_E6LUT_SLICEM_I3_O)
                                                      0.052     0.961 r  cfo/windows/m_valid_INST_0/O
                         net (fo=8, routed)           0.100     1.061    cfo/observation_front/fft_core/m_valid_alias
    SLICE_X143Y73                                                     r  cfo/observation_front/fft_core/bank1_reg_bram_0_i_69_comp_3/I4
    SLICE_X143Y73        LUT6 (Prop_A6LUT_SLICEL_I4_O)
                                                      0.050     1.111 r  cfo/observation_front/fft_core/bank1_reg_bram_0_i_69_comp_3/O
                         net (fo=47, routed)          0.300     1.411    cfo/observation_front/fft_core/bank1_reg_bram_0_i_69_n_0
    SLICE_X143Y70                                                     r  cfo/observation_front/fft_core/bank1_reg_bram_0_i_49/I0
    SLICE_X143Y70        LUT6 (Prop_A6LUT_SLICEL_I0_O)
                                                      0.050     1.461 r  cfo/observation_front/fft_core/bank1_reg_bram_0_i_49/O
                         net (fo=1, routed)           0.423     1.884    cfo/observation_front/fft_core/bank1_reg_bram_0_i_49_n_0
    RAMB36_X10Y13        RAMB36E2                                     r  cfo/observation_front/fft_core/bank1_reg_bram_0/DINADIN[6]
  -------------------------------------------------------------------    -------------------

                         (clock clk500 rise edge)     2.000     2.000 r  
                                                      0.000     2.000 r  clk500 (IN)
                         net (fo=27270, unset)        0.039     2.039    cfo/observation_front/fft_core/clk
    RAMB36_X10Y13        RAMB36E2                                     r  cfo/observation_front/fft_core/bank1_reg_bram_0/CLKARDCLK
                         clock pessimism              0.000     2.039    
                         clock uncertainty           -0.035     2.004    
    RAMB36_X10Y13        RAMB36E2 (Setup_RAMB36E2_RAMB36_CLKARDCLK_DINADIN[6])
                                                     -0.244     1.760    cfo/observation_front/fft_core/bank1_reg_bram_0
  -------------------------------------------------------------------
                         required time                          1.760    
                         arrival time                          -1.884    
  -------------------------------------------------------------------
                         slack                                 -0.124    

Slack (VIOLATED) :        -0.124ns  (required time - arrival time)
  Source:                 cfo/windows/poison_sync/syncstages_ff_reg[3]/C
                            (rising edge-triggered cell FDRE clocked by clk500  {rise@0.000ns fall@1.000ns period=2.000ns})
  Destination:            cfo/windows/output_record_reg[112]/CE
                            (rising edge-triggered cell FDRE clocked by clk500  {rise@0.000ns fall@1.000ns period=2.000ns})
  Path Group:             clk500
  Path Type:              Setup (Max at Slow Process Corner)
  Requirement:            2.000ns  (clk500 rise@2.000ns - clk500 rise@0.000ns)
  Data Path Delay:        2.021ns  (logic 0.435ns (21.524%)  route 1.586ns (78.476%))
  Logic Levels:           4  (LUT3=1 LUT5=1 LUT6=2)
  Clock Path Skew:        -0.007ns (DCD - SCD + CPR)
    Destination Clock Delay (DCD):    0.021ns = ( 2.021 - 2.000 ) 
    Source Clock Delay      (SCD):    0.028ns
    Clock Pessimism Removal (CPR):    0.000ns
  Clock Uncertainty:      0.035ns  ((TSJ^2 + TIJ^2)^1/2 + DJ) / 2 + PE
    Total System Jitter     (TSJ):    0.071ns
    Total Input Jitter      (TIJ):    0.000ns
    Discrete Jitter          (DJ):    0.000ns
    Phase Error              (PE):    0.000ns

    Location             Delay type                Incr(ns)  Path(ns)    Netlist Resource(s)
  -------------------------------------------------------------------    -------------------
                         (clock clk500 rise edge)     0.000     0.000 r  
                                                      0.000     0.000 r  clk500 (IN)
                         net (fo=27270, unset)        0.028     0.028    cfo/windows/poison_sync/dest_clk
    SLICE_X158Y100       FDRE                                         r  cfo/windows/poison_sync/syncstages_ff_reg[3]/C
  -------------------------------------------------------------------    -------------------
    SLICE_X158Y100       FDRE (Prop_DFF2_SLICEL_C_Q)
                                                      0.081     0.109 f  cfo/windows/poison_sync/syncstages_ff_reg[3]/Q
                         net (fo=12, routed)          0.687     0.796    cfo/windows/poison500
    SLICE_X142Y84                                                     f  cfo/windows/packed_count[1]_i_1/I0
    SLICE_X142Y84        LUT3 (Prop_F6LUT_SLICEM_I0_O)
                                                      0.051     0.847 f  cfo/windows/packed_count[1]_i_1/O
                         net (fo=11, routed)          0.102     0.949    cfo/windows/fast_stop
    SLICE_X142Y85                                                     f  cfo/windows/window_credits_i_3/I5
    SLICE_X142Y85        LUT6 (Prop_E6LUT_SLICEM_I5_O)
                                                      0.091     1.040 f  cfo/windows/window_credits_i_3/O
                         net (fo=3, routed)           0.052     1.092    cfo/windows/window_credits_i_3_n_0
    SLICE_X142Y85                                                     f  cfo/windows/window_credits_i_2/I5
    SLICE_X142Y85        LUT6 (Prop_D6LUT_SLICEM_I5_O)
                                                      0.088     1.180 r  cfo/windows/window_credits_i_2/O
                         net (fo=19, routed)          0.257     1.437    cfo/windows/p_30_in
    SLICE_X142Y82                                                     r  cfo/windows/output_record[134]_i_1_rewire/I0
    SLICE_X142Y82        LUT5 (Prop_E6LUT_SLICEM_I0_O)
                                                      0.124     1.561 r  cfo/windows/output_record[134]_i_1_rewire/O
                         net (fo=115, routed)         0.488     2.049    cfo/windows/output_record
    SLICE_X142Y71        FDRE                                         r  cfo/windows/output_record_reg[112]/CE
  -------------------------------------------------------------------    -------------------

                         (clock clk500 rise edge)     2.000     2.000 r  
                                                      0.000     2.000 r  clk500 (IN)
                         net (fo=27270, unset)        0.021     2.021    cfo/windows/clk500
    SLICE_X142Y71        FDRE                                         r  cfo/windows/output_record_reg[112]/C
                         clock pessimism              0.000     2.021    
                         clock uncertainty           -0.035     1.986    
    SLICE_X142Y71        FDRE (Setup_EFF_SLICEM_C_CE)
                                                     -0.061     1.925    cfo/windows/output_record_reg[112]
  -------------------------------------------------------------------
                         required time                          1.925    
                         arrival time                          -2.049    
  -------------------------------------------------------------------
                         slack                                 -0.124    

Slack (VIOLATED) :        -0.122ns  (required time - arrival time)
  Source:                 cfo/windows/poison_sync/syncstages_ff_reg[3]/C
                            (rising edge-triggered cell FDRE clocked by clk500  {rise@0.000ns fall@1.000ns period=2.000ns})
  Destination:            cfo/observation_front/fft_core/bank1_reg_bram_0/DINADIN[14]
                            (rising edge-triggered cell RAMB36E2 clocked by clk500  {rise@0.000ns fall@1.000ns period=2.000ns})
  Path Group:             clk500
  Path Type:              Setup (Max at Slow Process Corner)
  Requirement:            2.000ns  (clk500 rise@2.000ns - clk500 rise@0.000ns)
  Data Path Delay:        1.856ns  (logic 0.308ns (16.595%)  route 1.548ns (83.405%))
  Logic Levels:           3  (LUT4=1 LUT6=2)
  Clock Path Skew:        0.011ns (DCD - SCD + CPR)
    Destination Clock Delay (DCD):    0.039ns = ( 2.039 - 2.000 ) 
    Source Clock Delay      (SCD):    0.028ns
    Clock Pessimism Removal (CPR):    0.000ns
  Clock Uncertainty:      0.035ns  ((TSJ^2 + TIJ^2)^1/2 + DJ) / 2 + PE
    Total System Jitter     (TSJ):    0.071ns
    Total Input Jitter      (TIJ):    0.000ns
    Discrete Jitter          (DJ):    0.000ns
    Phase Error              (PE):    0.000ns

    Location             Delay type                Incr(ns)  Path(ns)    Netlist Resource(s)
  -------------------------------------------------------------------    -------------------
                         (clock clk500 rise edge)     0.000     0.000 r  
                                                      0.000     0.000 r  clk500 (IN)
                         net (fo=27270, unset)        0.028     0.028    cfo/windows/poison_sync/dest_clk
    SLICE_X158Y100       FDRE                                         r  cfo/windows/poison_sync/syncstages_ff_reg[3]/C
  -------------------------------------------------------------------    -------------------
    SLICE_X158Y100       FDRE (Prop_DFF2_SLICEL_C_Q)
                                                      0.081     0.109 f  cfo/windows/poison_sync/syncstages_ff_reg[3]/Q
                         net (fo=12, routed)          0.800     0.909    cfo/windows/poison500
    SLICE_X142Y73                                                     f  cfo/windows/m_valid_INST_0/I3
    SLICE_X142Y73        LUT4 (Prop_E6LUT_SLICEM_I3_O)
                                                      0.052     0.961 r  cfo/windows/m_valid_INST_0/O
                         net (fo=8, routed)           0.100     1.061    cfo/observation_front/fft_core/m_valid_alias
    SLICE_X143Y73                                                     r  cfo/observation_front/fft_core/bank1_reg_bram_0_i_69_comp_3/I4
    SLICE_X143Y73        LUT6 (Prop_A6LUT_SLICEL_I4_O)
                                                      0.050     1.111 r  cfo/observation_front/fft_core/bank1_reg_bram_0_i_69_comp_3/O
                         net (fo=47, routed)          0.235     1.346    cfo/observation_front/fft_core/bank1_reg_bram_0_i_69_n_0
    SLICE_X142Y71                                                     r  cfo/observation_front/fft_core/bank1_reg_bram_0_i_41/I0
    SLICE_X142Y71        LUT6 (Prop_A6LUT_SLICEM_I0_O)
                                                      0.125     1.471 r  cfo/observation_front/fft_core/bank1_reg_bram_0_i_41/O
                         net (fo=1, routed)           0.413     1.884    cfo/observation_front/fft_core/bank1_reg_bram_0_i_41_n_0
    RAMB36_X10Y13        RAMB36E2                                     r  cfo/observation_front/fft_core/bank1_reg_bram_0/DINADIN[14]
  -------------------------------------------------------------------    -------------------

                         (clock clk500 rise edge)     2.000     2.000 r  
                                                      0.000     2.000 r  clk500 (IN)
                         net (fo=27270, unset)        0.039     2.039    cfo/observation_front/fft_core/clk
    RAMB36_X10Y13        RAMB36E2                                     r  cfo/observation_front/fft_core/bank1_reg_bram_0/CLKARDCLK
                         clock pessimism              0.000     2.039    
                         clock uncertainty           -0.035     2.004    
    RAMB36_X10Y13        RAMB36E2 (Setup_RAMB36E2_RAMB36_CLKARDCLK_DINADIN[14])
                                                     -0.242     1.762    cfo/observation_front/fft_core/bank1_reg_bram_0
  -------------------------------------------------------------------
                         required time                          1.762    
                         arrival time                          -1.884    
  -------------------------------------------------------------------
                         slack                                 -0.122    

Slack (VIOLATED) :        -0.122ns  (required time - arrival time)
  Source:                 cfo/windows/poison_sync/syncstages_ff_reg[3]/C
                            (rising edge-triggered cell FDRE clocked by clk500  {rise@0.000ns fall@1.000ns period=2.000ns})
  Destination:            cfo/observation_front/fft_core/bank0_reg_bram_1/ADDRARDADDR[10]
                            (rising edge-triggered cell RAMB18E2 clocked by clk500  {rise@0.000ns fall@1.000ns period=2.000ns})
  Path Group:             clk500
  Path Type:              Setup (Max at Slow Process Corner)
  Requirement:            2.000ns  (clk500 rise@2.000ns - clk500 rise@0.000ns)
  Data Path Delay:        1.806ns  (logic 0.220ns (12.182%)  route 1.586ns (87.818%))
  Logic Levels:           3  (LUT4=2 LUT6=1)
  Clock Path Skew:        0.013ns (DCD - SCD + CPR)
    Destination Clock Delay (DCD):    0.041ns = ( 2.041 - 2.000 ) 
    Source Clock Delay      (SCD):    0.028ns
    Clock Pessimism Removal (CPR):    0.000ns
  Clock Uncertainty:      0.035ns  ((TSJ^2 + TIJ^2)^1/2 + DJ) / 2 + PE
    Total System Jitter     (TSJ):    0.071ns
    Total Input Jitter      (TIJ):    0.000ns
    Discrete Jitter          (DJ):    0.000ns
    Phase Error              (PE):    0.000ns

    Location             Delay type                Incr(ns)  Path(ns)    Netlist Resource(s)
  -------------------------------------------------------------------    -------------------
                         (clock clk500 rise edge)     0.000     0.000 r  
                                                      0.000     0.000 r  clk500 (IN)
                         net (fo=27270, unset)        0.028     0.028    cfo/windows/poison_sync/dest_clk
    SLICE_X158Y100       FDRE                                         r  cfo/windows/poison_sync/syncstages_ff_reg[3]/C
  -------------------------------------------------------------------    -------------------
    SLICE_X158Y100       FDRE (Prop_DFF2_SLICEL_C_Q)
                                                      0.081     0.109 f  cfo/windows/poison_sync/syncstages_ff_reg[3]/Q
                         net (fo=12, routed)          0.800     0.909    cfo/windows/poison500
    SLICE_X142Y73                                                     f  cfo/windows/m_valid_INST_0/I3
    SLICE_X142Y73        LUT4 (Prop_E6LUT_SLICEM_I3_O)
                                                      0.052     0.961 r  cfo/windows/m_valid_INST_0/O
                         net (fo=8, routed)           0.100     1.061    cfo/observation_front/s_valid
    SLICE_X143Y73                                                     r  cfo/observation_front/fft_core_i_1/I0
    SLICE_X143Y73        LUT4 (Prop_E6LUT_SLICEL_I0_O)
                                                      0.035     1.096 r  cfo/observation_front/fft_core_i_1/O
                         net (fo=5, routed)           0.284     1.380    cfo/observation_front/fft_core/s_valid
    SLICE_X145Y71                                                     r  cfo/observation_front/fft_core/bank0_reg_bram_0_i_6_comp_1/I4
    SLICE_X145Y71        LUT6 (Prop_B6LUT_SLICEM_I4_O)
                                                      0.052     1.432 r  cfo/observation_front/fft_core/bank0_reg_bram_0_i_6_comp_1/O
                         net (fo=2, routed)           0.402     1.834    cfo/observation_front/fft_core/waddr0[6]
    RAMB18_X10Y31        RAMB18E2                                     r  cfo/observation_front/fft_core/bank0_reg_bram_1/ADDRARDADDR[10]
  -------------------------------------------------------------------    -------------------

                         (clock clk500 rise edge)     2.000     2.000 r  
                                                      0.000     2.000 r  clk500 (IN)
                         net (fo=27270, unset)        0.041     2.041    cfo/observation_front/fft_core/clk
    RAMB18_X10Y31        RAMB18E2                                     r  cfo/observation_front/fft_core/bank0_reg_bram_1/CLKARDCLK
                         clock pessimism              0.000     2.041    
                         clock uncertainty           -0.035     2.006    
    RAMB18_X10Y31        RAMB18E2 (Setup_RAMB18E2_U_RAMB181_CLKARDCLK_ADDRARDADDR[10])
                                                     -0.294     1.712    cfo/observation_front/fft_core/bank0_reg_bram_1
  -------------------------------------------------------------------
                         required time                          1.712    
                         arrival time                          -1.834    
  -------------------------------------------------------------------
                         slack                                 -0.122    

Slack (VIOLATED) :        -0.121ns  (required time - arrival time)
  Source:                 cfo/windows/poison_sync/syncstages_ff_reg[3]/C
                            (rising edge-triggered cell FDRE clocked by clk500  {rise@0.000ns fall@1.000ns period=2.000ns})
  Destination:            cfo/windows/packed_windows/fifo/gnuram_async_fifo.xpm_fifo_base_inst/gen_sdpram.xpm_memory_base_inst/gen_wr_a.gen_word_narrow.mem_reg_bram_4/ENBWREN
                            (rising edge-triggered cell RAMB36E2 clocked by clk500  {rise@0.000ns fall@1.000ns period=2.000ns})
  Path Group:             clk500
  Path Type:              Setup (Max at Slow Process Corner)
  Requirement:            2.000ns  (clk500 rise@2.000ns - clk500 rise@0.000ns)
  Data Path Delay:        1.756ns  (logic 0.242ns (13.781%)  route 1.514ns (86.219%))
  Logic Levels:           3  (LUT4=1 LUT6=2)
  Clock Path Skew:        0.012ns (DCD - SCD + CPR)
    Destination Clock Delay (DCD):    0.040ns = ( 2.040 - 2.000 ) 
    Source Clock Delay      (SCD):    0.028ns
    Clock Pessimism Removal (CPR):    0.000ns
  Clock Uncertainty:      0.035ns  ((TSJ^2 + TIJ^2)^1/2 + DJ) / 2 + PE
    Total System Jitter     (TSJ):    0.071ns
    Total Input Jitter      (TIJ):    0.000ns
    Discrete Jitter          (DJ):    0.000ns
    Phase Error              (PE):    0.000ns

    Location             Delay type                Incr(ns)  Path(ns)    Netlist Resource(s)
  -------------------------------------------------------------------    -------------------
                         (clock clk500 rise edge)     0.000     0.000 r  
                                                      0.000     0.000 r  clk500 (IN)
                         net (fo=27270, unset)        0.028     0.028    cfo/windows/poison_sync/dest_clk
    SLICE_X158Y100       FDRE                                         r  cfo/windows/poison_sync/syncstages_ff_reg[3]/C
  -------------------------------------------------------------------    -------------------
    SLICE_X158Y100       FDRE (Prop_DFF2_SLICEL_C_Q)
                                                      0.081     0.109 f  cfo/windows/poison_sync/syncstages_ff_reg[3]/Q
                         net (fo=12, routed)          0.474     0.583    cfo/windows/poison500
    SLICE_X162Y132                                                    f  cfo/windows/packed_windows_i_2/I3
    SLICE_X162Y132       LUT4 (Prop_F6LUT_SLICEM_I3_O)
                                                      0.037     0.620 r  cfo/windows/packed_windows_i_2/O
                         net (fo=2, routed)           0.097     0.717    cfo/windows/packed_windows/m_ready
    SLICE_X164Y132                                                    r  cfo/windows/packed_windows/fifo_i_2_replica/I5
    SLICE_X164Y132       LUT6 (Prop_F6LUT_SLICEM_I5_O)
                                                      0.088     0.805 r  cfo/windows/packed_windows/fifo_i_2_replica/O
                         net (fo=7, routed)           0.193     0.998    cfo/windows/packed_windows/fifo/gnuram_async_fifo.xpm_fifo_base_inst/gen_sdpram.xpm_memory_base_inst/rd_en0_repN_alias
    SLICE_X165Y129                                                    r  cfo/windows/packed_windows/fifo/gnuram_async_fifo.xpm_fifo_base_inst/gen_sdpram.xpm_memory_base_inst/gen_wr_a.gen_word_narrow.mem_reg_bram_0_i_2_comp/I5
    SLICE_X165Y129       LUT6 (Prop_H6LUT_SLICEL_I5_O)
                                                      0.036     1.034 r  cfo/windows/packed_windows/fifo/gnuram_async_fifo.xpm_fifo_base_inst/gen_sdpram.xpm_memory_base_inst/gen_wr_a.gen_word_narrow.mem_reg_bram_0_i_2_comp/O
                         net (fo=3, routed)           0.750     1.784    cfo/windows/packed_windows/fifo/gnuram_async_fifo.xpm_fifo_base_inst/gen_sdpram.xpm_memory_base_inst/gen_wr_a.gen_word_narrow.mem_reg_bram_0_i_2_n_0
    RAMB36_X11Y31        RAMB36E2                                     r  cfo/windows/packed_windows/fifo/gnuram_async_fifo.xpm_fifo_base_inst/gen_sdpram.xpm_memory_base_inst/gen_wr_a.gen_word_narrow.mem_reg_bram_4/ENBWREN
  -------------------------------------------------------------------    -------------------

                         (clock clk500 rise edge)     2.000     2.000 r  
                                                      0.000     2.000 r  clk500 (IN)
                         net (fo=27270, unset)        0.040     2.040    cfo/windows/packed_windows/fifo/gnuram_async_fifo.xpm_fifo_base_inst/gen_sdpram.xpm_memory_base_inst/clkb
    RAMB36_X11Y31        RAMB36E2                                     r  cfo/windows/packed_windows/fifo/gnuram_async_fifo.xpm_fifo_base_inst/gen_sdpram.xpm_memory_base_inst/gen_wr_a.gen_word_narrow.mem_reg_bram_4/CLKBWRCLK
                         clock pessimism              0.000     2.040    
                         clock uncertainty           -0.035     2.005    
    RAMB36_X11Y31        RAMB36E2 (Setup_RAMB36E2_RAMB36_CLKBWRCLK_ENBWREN)
                                                     -0.342     1.663    cfo/windows/packed_windows/fifo/gnuram_async_fifo.xpm_fifo_base_inst/gen_sdpram.xpm_memory_base_inst/gen_wr_a.gen_word_narrow.mem_reg_bram_4
  -------------------------------------------------------------------
                         required time                          1.663    
                         arrival time                          -1.784    
  -------------------------------------------------------------------
                         slack                                 -0.121    

Slack (VIOLATED) :        -0.118ns  (required time - arrival time)
  Source:                 cfo/windows/poison_sync/syncstages_ff_reg[3]/C
                            (rising edge-triggered cell FDRE clocked by clk500  {rise@0.000ns fall@1.000ns period=2.000ns})
  Destination:            cfo/observation_front/fft_core/bank1_reg_bram_0/DINADIN[25]
                            (rising edge-triggered cell RAMB36E2 clocked by clk500  {rise@0.000ns fall@1.000ns period=2.000ns})
  Path Group:             clk500
  Path Type:              Setup (Max at Slow Process Corner)
  Requirement:            2.000ns  (clk500 rise@2.000ns - clk500 rise@0.000ns)
  Data Path Delay:        1.834ns  (logic 0.306ns (16.685%)  route 1.528ns (83.315%))
  Logic Levels:           3  (LUT4=1 LUT6=2)
  Clock Path Skew:        0.011ns (DCD - SCD + CPR)
    Destination Clock Delay (DCD):    0.039ns = ( 2.039 - 2.000 ) 
    Source Clock Delay      (SCD):    0.028ns
    Clock Pessimism Removal (CPR):    0.000ns
  Clock Uncertainty:      0.035ns  ((TSJ^2 + TIJ^2)^1/2 + DJ) / 2 + PE
    Total System Jitter     (TSJ):    0.071ns
    Total Input Jitter      (TIJ):    0.000ns
    Discrete Jitter          (DJ):    0.000ns
    Phase Error              (PE):    0.000ns

    Location             Delay type                Incr(ns)  Path(ns)    Netlist Resource(s)
  -------------------------------------------------------------------    -------------------
                         (clock clk500 rise edge)     0.000     0.000 r  
                                                      0.000     0.000 r  clk500 (IN)
                         net (fo=27270, unset)        0.028     0.028    cfo/windows/poison_sync/dest_clk
    SLICE_X158Y100       FDRE                                         r  cfo/windows/poison_sync/syncstages_ff_reg[3]/C
  -------------------------------------------------------------------    -------------------
    SLICE_X158Y100       FDRE (Prop_DFF2_SLICEL_C_Q)
                                                      0.081     0.109 f  cfo/windows/poison_sync/syncstages_ff_reg[3]/Q
                         net (fo=12, routed)          0.800     0.909    cfo/windows/poison500
    SLICE_X142Y73                                                     f  cfo/windows/m_valid_INST_0/I3
    SLICE_X142Y73        LUT4 (Prop_E6LUT_SLICEM_I3_O)
                                                      0.052     0.961 r  cfo/windows/m_valid_INST_0/O
                         net (fo=8, routed)           0.100     1.061    cfo/observation_front/fft_core/m_valid_alias
    SLICE_X143Y73                                                     r  cfo/observation_front/fft_core/bank1_reg_bram_0_i_69_comp_3/I4
    SLICE_X143Y73        LUT6 (Prop_A6LUT_SLICEL_I4_O)
                                                      0.050     1.111 r  cfo/observation_front/fft_core/bank1_reg_bram_0_i_69_comp_3/O
                         net (fo=47, routed)          0.338     1.449    cfo/observation_front/fft_core/bank1_reg_bram_0_i_69_n_0
    SLICE_X145Y71                                                     r  cfo/observation_front/fft_core/bank1_reg_bram_0_i_30/I0
    SLICE_X145Y71        LUT6 (Prop_F6LUT_SLICEM_I0_O)
                                                      0.123     1.572 r  cfo/observation_front/fft_core/bank1_reg_bram_0_i_30/O
                         net (fo=1, routed)           0.290     1.862    cfo/observation_front/fft_core/bank1_reg_bram_0_i_30_n_0
    RAMB36_X10Y13        RAMB36E2                                     r  cfo/observation_front/fft_core/bank1_reg_bram_0/DINADIN[25]
  -------------------------------------------------------------------    -------------------

                         (clock clk500 rise edge)     2.000     2.000 r  
                                                      0.000     2.000 r  clk500 (IN)
                         net (fo=27270, unset)        0.039     2.039    cfo/observation_front/fft_core/clk
    RAMB36_X10Y13        RAMB36E2                                     r  cfo/observation_front/fft_core/bank1_reg_bram_0/CLKARDCLK
                         clock pessimism              0.000     2.039    
                         clock uncertainty           -0.035     2.004    
    RAMB36_X10Y13        RAMB36E2 (Setup_RAMB36E2_RAMB36_CLKARDCLK_DINADIN[25])
                                                     -0.260     1.744    cfo/observation_front/fft_core/bank1_reg_bram_0
  -------------------------------------------------------------------
                         required time                          1.744    
                         arrival time                          -1.862    
  -------------------------------------------------------------------
                         slack                                 -0.118    

Slack (VIOLATED) :        -0.118ns  (required time - arrival time)
  Source:                 cfo/observation_front/coefficient_page0_data_reg_0_1/CLKARDCLK
                            (rising edge-triggered cell RAMB36E2 clocked by clk500  {rise@0.000ns fall@1.000ns period=2.000ns})
  Destination:            cfo/observation_front/pr4_reg_i_4_psdsp_1/D
                            (rising edge-triggered cell FDRE clocked by clk500  {rise@0.000ns fall@1.000ns period=2.000ns})
  Path Group:             clk500
  Path Type:              Setup (Max at Slow Process Corner)
  Requirement:            2.000ns  (clk500 rise@2.000ns - clk500 rise@0.000ns)
  Data Path Delay:        2.052ns  (logic 1.108ns (53.996%)  route 0.944ns (46.004%))
  Logic Levels:           2  (LUT3=1 LUT6=1)
  Clock Path Skew:        -0.056ns (DCD - SCD + CPR)
    Destination Clock Delay (DCD):    0.020ns = ( 2.020 - 2.000 ) 
    Source Clock Delay      (SCD):    0.076ns
    Clock Pessimism Removal (CPR):    0.000ns
  Clock Uncertainty:      0.035ns  ((TSJ^2 + TIJ^2)^1/2 + DJ) / 2 + PE
    Total System Jitter     (TSJ):    0.071ns
    Total Input Jitter      (TIJ):    0.000ns
    Discrete Jitter          (DJ):    0.000ns
    Phase Error              (PE):    0.000ns

    Location             Delay type                Incr(ns)  Path(ns)    Netlist Resource(s)
  -------------------------------------------------------------------    -------------------
                         (clock clk500 rise edge)     0.000     0.000 r  
                                                      0.000     0.000 r  clk500 (IN)
                         net (fo=27270, unset)        0.076     0.076    cfo/observation_front/clk
    RAMB36_X10Y22        RAMB36E2                                     r  cfo/observation_front/coefficient_page0_data_reg_0_1/CLKARDCLK
  -------------------------------------------------------------------    -------------------
    RAMB36_X10Y22        RAMB36E2 (Prop_RAMB36E2_RAMB36_CLKARDCLK_DOUTADOUT[0])
                                                      1.020     1.096 r  cfo/observation_front/coefficient_page0_data_reg_0_1/DOUTADOUT[0]
                         net (fo=3, routed)           0.680     1.776    cfo/observation_front/coefficient_page0_data_reg[1]
    SLICE_X145Y63                                                     r  cfo/observation_front/rr3_reg_i_6/I2
    SLICE_X145Y63        LUT3 (Prop_F6LUT_SLICEM_I2_O)
                                                      0.051     1.827 r  cfo/observation_front/rr3_reg_i_6/O
                         net (fo=8, routed)           0.108     1.935    cfo/observation_front/coefficient_index0[1]
    SLICE_X145Y62                                                     r  cfo/observation_front/pr4_reg_i_4/I5
    SLICE_X145Y62        LUT6 (Prop_E6LUT_SLICEM_I5_O)
                                                      0.037     1.972 r  cfo/observation_front/pr4_reg_i_4/O
                         net (fo=2, routed)           0.156     2.128    cfo/observation_front/pr4_reg_i_4_n_0
    SLICE_X144Y62        FDRE                                         r  cfo/observation_front/pr4_reg_i_4_psdsp_1/D
  -------------------------------------------------------------------    -------------------

                         (clock clk500 rise edge)     2.000     2.000 r  
                                                      0.000     2.000 r  clk500 (IN)
                         net (fo=27270, unset)        0.020     2.020    cfo/observation_front/clk
    SLICE_X144Y62        FDRE                                         r  cfo/observation_front/pr4_reg_i_4_psdsp_1/C
                         clock pessimism              0.000     2.020    
                         clock uncertainty           -0.035     1.985    
    SLICE_X144Y62        FDRE (Setup_BFF2_SLICEL_C_D)
                                                      0.025     2.010    cfo/observation_front/pr4_reg_i_4_psdsp_1
  -------------------------------------------------------------------
                         required time                          2.010    
                         arrival time                          -2.128    
  -------------------------------------------------------------------
                         slack                                 -0.118    

Slack (VIOLATED) :        -0.117ns  (required time - arrival time)
  Source:                 cfo/windows/poison_sync/syncstages_ff_reg[3]/C
                            (rising edge-triggered cell FDRE clocked by clk500  {rise@0.000ns fall@1.000ns period=2.000ns})
  Destination:            cfo/observation_front/fft_core/bank1_reg_bram_1/DINADIN[7]
                            (rising edge-triggered cell RAMB18E2 clocked by clk500  {rise@0.000ns fall@1.000ns period=2.000ns})
  Path Group:             clk500
  Path Type:              Setup (Max at Slow Process Corner)
  Requirement:            2.000ns  (clk500 rise@2.000ns - clk500 rise@0.000ns)
  Data Path Delay:        1.851ns  (logic 0.232ns (12.534%)  route 1.619ns (87.466%))
  Logic Levels:           3  (LUT4=1 LUT6=2)
  Clock Path Skew:        0.011ns (DCD - SCD + CPR)
    Destination Clock Delay (DCD):    0.039ns = ( 2.039 - 2.000 ) 
    Source Clock Delay      (SCD):    0.028ns
    Clock Pessimism Removal (CPR):    0.000ns
  Clock Uncertainty:      0.035ns  ((TSJ^2 + TIJ^2)^1/2 + DJ) / 2 + PE
    Total System Jitter     (TSJ):    0.071ns
    Total Input Jitter      (TIJ):    0.000ns
    Discrete Jitter          (DJ):    0.000ns
    Phase Error              (PE):    0.000ns

    Location             Delay type                Incr(ns)  Path(ns)    Netlist Resource(s)
  -------------------------------------------------------------------    -------------------
                         (clock clk500 rise edge)     0.000     0.000 r  
                                                      0.000     0.000 r  clk500 (IN)
                         net (fo=27270, unset)        0.028     0.028    cfo/windows/poison_sync/dest_clk
    SLICE_X158Y100       FDRE                                         r  cfo/windows/poison_sync/syncstages_ff_reg[3]/C
  -------------------------------------------------------------------    -------------------
    SLICE_X158Y100       FDRE (Prop_DFF2_SLICEL_C_Q)
                                                      0.081     0.109 f  cfo/windows/poison_sync/syncstages_ff_reg[3]/Q
                         net (fo=12, routed)          0.800     0.909    cfo/windows/poison500
    SLICE_X142Y73                                                     f  cfo/windows/m_valid_INST_0/I3
    SLICE_X142Y73        LUT4 (Prop_E6LUT_SLICEM_I3_O)
                                                      0.052     0.961 r  cfo/windows/m_valid_INST_0/O
                         net (fo=8, routed)           0.100     1.061    cfo/observation_front/fft_core/m_valid_alias
    SLICE_X143Y73                                                     r  cfo/observation_front/fft_core/bank1_reg_bram_0_i_69_comp_3/I4
    SLICE_X143Y73        LUT6 (Prop_A6LUT_SLICEL_I4_O)
                                                      0.050     1.111 r  cfo/observation_front/fft_core/bank1_reg_bram_0_i_69_comp_3/O
                         net (fo=47, routed)          0.312     1.423    cfo/observation_front/fft_core/bank1_reg_bram_0_i_69_n_0
    SLICE_X143Y79                                                     r  cfo/observation_front/fft_core/bank1_reg_bram_1_i_9/I0
    SLICE_X143Y79        LUT6 (Prop_F6LUT_SLICEL_I0_O)
                                                      0.049     1.472 r  cfo/observation_front/fft_core/bank1_reg_bram_1_i_9/O
                         net (fo=1, routed)           0.407     1.879    cfo/observation_front/fft_core/bank1_reg_bram_1_i_9_n_0
    RAMB18_X10Y30        RAMB18E2                                     r  cfo/observation_front/fft_core/bank1_reg_bram_1/DINADIN[7]
  -------------------------------------------------------------------    -------------------

                         (clock clk500 rise edge)     2.000     2.000 r  
                                                      0.000     2.000 r  clk500 (IN)
                         net (fo=27270, unset)        0.039     2.039    cfo/observation_front/fft_core/clk
    RAMB18_X10Y30        RAMB18E2                                     r  cfo/observation_front/fft_core/bank1_reg_bram_1/CLKARDCLK
                         clock pessimism              0.000     2.039    
                         clock uncertainty           -0.035     2.004    
    RAMB18_X10Y30        RAMB18E2 (Setup_RAMB18E2_L_RAMB180_CLKARDCLK_DINADIN[7])
                                                     -0.242     1.762    cfo/observation_front/fft_core/bank1_reg_bram_1
  -------------------------------------------------------------------
                         required time                          1.762    
                         arrival time                          -1.879    
  -------------------------------------------------------------------
                         slack                                 -0.117    

Slack (VIOLATED) :        -0.117ns  (required time - arrival time)
  Source:                 cfo/observation_front/fft_core/offset_in_group_reg[0]/C
                            (rising edge-triggered cell FDRE clocked by clk500  {rise@0.000ns fall@1.000ns period=2.000ns})
  Destination:            cfo/observation_front/fft_core/tw_index_reg_rep/ADDRARDADDR[5]
                            (rising edge-triggered cell RAMB36E2 clocked by clk500  {rise@0.000ns fall@1.000ns period=2.000ns})
  Path Group:             clk500
  Path Type:              Setup (Max at Slow Process Corner)
  Requirement:            2.000ns  (clk500 rise@2.000ns - clk500 rise@0.000ns)
  Data Path Delay:        1.740ns  (logic 0.448ns (25.747%)  route 1.292ns (74.253%))
  Logic Levels:           4  (LUT4=1 LUT6=3)
  Clock Path Skew:        0.010ns (DCD - SCD + CPR)
    Destination Clock Delay (DCD):    0.039ns = ( 2.039 - 2.000 ) 
    Source Clock Delay      (SCD):    0.029ns
    Clock Pessimism Removal (CPR):    0.000ns
  Clock Uncertainty:      0.035ns  ((TSJ^2 + TIJ^2)^1/2 + DJ) / 2 + PE
    Total System Jitter     (TSJ):    0.071ns
    Total Input Jitter      (TIJ):    0.000ns
    Discrete Jitter          (DJ):    0.000ns
    Phase Error              (PE):    0.000ns

    Location             Delay type                Incr(ns)  Path(ns)    Netlist Resource(s)
  -------------------------------------------------------------------    -------------------
                         (clock clk500 rise edge)     0.000     0.000 r  
                                                      0.000     0.000 r  clk500 (IN)
                         net (fo=27270, unset)        0.029     0.029    cfo/observation_front/fft_core/clk
    SLICE_X140Y61        FDRE                                         r  cfo/observation_front/fft_core/offset_in_group_reg[0]/C
  -------------------------------------------------------------------    -------------------
    SLICE_X140Y61        FDRE (Prop_GFF_SLICEL_C_Q)
                                                      0.079     0.108 r  cfo/observation_front/fft_core/offset_in_group_reg[0]/Q
                         net (fo=13, routed)          0.345     0.453    cfo/observation_front/fft_core/offset_in_group_reg_n_0_[0]
    SLICE_X139Y65                                                     r  cfo/observation_front/fft_core/tw_index_reg_rep_i_39/I2
    SLICE_X139Y65        LUT6 (Prop_D6LUT_SLICEM_I2_O)
                                                      0.145     0.598 r  cfo/observation_front/fft_core/tw_index_reg_rep_i_39/O
                         net (fo=1, routed)           0.101     0.699    cfo/observation_front/fft_core/tw_index_reg_rep_i_39_n_0
    SLICE_X139Y63                                                     r  cfo/observation_front/fft_core/tw_index_reg_rep_i_25/I0
    SLICE_X139Y63        LUT6 (Prop_H6LUT_SLICEM_I0_O)
                                                      0.101     0.800 r  cfo/observation_front/fft_core/tw_index_reg_rep_i_25/O
                         net (fo=1, routed)           0.238     1.038    cfo/observation_front/fft_core/tw_index_reg_rep_i_25_n_0
    SLICE_X143Y63                                                     r  cfo/observation_front/fft_core/tw_index_reg_rep_i_16/I4
    SLICE_X143Y63        LUT6 (Prop_C6LUT_SLICEL_I4_O)
                                                      0.088     1.126 f  cfo/observation_front/fft_core/tw_index_reg_rep_i_16/O
                         net (fo=31, routed)          0.252     1.378    cfo/observation_front/fft_core/tw_index_reg_rep_i_16_n_0
    SLICE_X143Y61                                                     f  cfo/observation_front/fft_core/tw_index_reg_rep_i_12/I2
    SLICE_X143Y61        LUT4 (Prop_F6LUT_SLICEL_I2_O)
                                                      0.035     1.413 r  cfo/observation_front/fft_core/tw_index_reg_rep_i_12/O
                         net (fo=1, routed)           0.356     1.769    cfo/observation_front/fft_core/tw_index_reg_rep_i_12_n_0
    RAMB36_X10Y12        RAMB36E2                                     r  cfo/observation_front/fft_core/tw_index_reg_rep/ADDRARDADDR[5]
  -------------------------------------------------------------------    -------------------

                         (clock clk500 rise edge)     2.000     2.000 r  
                                                      0.000     2.000 r  clk500 (IN)
                         net (fo=27270, unset)        0.039     2.039    cfo/observation_front/fft_core/clk
    RAMB36_X10Y12        RAMB36E2                                     r  cfo/observation_front/fft_core/tw_index_reg_rep/CLKARDCLK
                         clock pessimism              0.000     2.039    
                         clock uncertainty           -0.035     2.004    
    RAMB36_X10Y12        RAMB36E2 (Setup_RAMB36E2_RAMB36_CLKARDCLK_ADDRARDADDR[5])
                                                     -0.352     1.652    cfo/observation_front/fft_core/tw_index_reg_rep
  -------------------------------------------------------------------
                         required time                          1.652    
                         arrival time                          -1.769    
  -------------------------------------------------------------------
                         slack                                 -0.117    

Slack (VIOLATED) :        -0.117ns  (required time - arrival time)
  Source:                 cfo/windows/poison_sync/syncstages_ff_reg[3]/C
                            (rising edge-triggered cell FDRE clocked by clk500  {rise@0.000ns fall@1.000ns period=2.000ns})
  Destination:            cfo/observation_front/fft_core/bank1_reg_bram_1/ADDRARDADDR[8]
                            (rising edge-triggered cell RAMB18E2 clocked by clk500  {rise@0.000ns fall@1.000ns period=2.000ns})
  Path Group:             clk500
  Path Type:              Setup (Max at Slow Process Corner)
  Requirement:            2.000ns  (clk500 rise@2.000ns - clk500 rise@0.000ns)
  Data Path Delay:        1.826ns  (logic 0.219ns (11.993%)  route 1.607ns (88.007%))
  Logic Levels:           3  (LUT4=1 LUT6=2)
  Clock Path Skew:        0.011ns (DCD - SCD + CPR)
    Destination Clock Delay (DCD):    0.039ns = ( 2.039 - 2.000 ) 
    Source Clock Delay      (SCD):    0.028ns
    Clock Pessimism Removal (CPR):    0.000ns
  Clock Uncertainty:      0.035ns  ((TSJ^2 + TIJ^2)^1/2 + DJ) / 2 + PE
    Total System Jitter     (TSJ):    0.071ns
    Total Input Jitter      (TIJ):    0.000ns
    Discrete Jitter          (DJ):    0.000ns
    Phase Error              (PE):    0.000ns

    Location             Delay type                Incr(ns)  Path(ns)    Netlist Resource(s)
  -------------------------------------------------------------------    -------------------
                         (clock clk500 rise edge)     0.000     0.000 r  
                                                      0.000     0.000 r  clk500 (IN)
                         net (fo=27270, unset)        0.028     0.028    cfo/windows/poison_sync/dest_clk
    SLICE_X158Y100       FDRE                                         r  cfo/windows/poison_sync/syncstages_ff_reg[3]/C
  -------------------------------------------------------------------    -------------------
    SLICE_X158Y100       FDRE (Prop_DFF2_SLICEL_C_Q)
                                                      0.081     0.109 f  cfo/windows/poison_sync/syncstages_ff_reg[3]/Q
                         net (fo=12, routed)          0.800     0.909    cfo/windows/poison500
    SLICE_X142Y73                                                     f  cfo/windows/m_valid_INST_0/I3
    SLICE_X142Y73        LUT4 (Prop_E6LUT_SLICEM_I3_O)
                                                      0.052     0.961 r  cfo/windows/m_valid_INST_0/O
                         net (fo=8, routed)           0.100     1.061    cfo/observation_front/fft_core/m_valid_alias
    SLICE_X143Y73                                                     r  cfo/observation_front/fft_core/bank1_reg_bram_0_i_69_comp_3/I4
    SLICE_X143Y73        LUT6 (Prop_A6LUT_SLICEL_I4_O)
                                                      0.050     1.111 r  cfo/observation_front/fft_core/bank1_reg_bram_0_i_69_comp_3/O
                         net (fo=47, routed)          0.349     1.460    cfo/observation_front/fft_core/bank1_reg_bram_0_i_69_n_0
    SLICE_X147Y70                                                     r  cfo/observation_front/fft_core/bank1_reg_bram_0_i_9_comp/I4
    SLICE_X147Y70        LUT6 (Prop_H6LUT_SLICEL_I4_O)
                                                      0.036     1.496 r  cfo/observation_front/fft_core/bank1_reg_bram_0_i_9_comp/O
                         net (fo=2, routed)           0.358     1.854    cfo/observation_front/fft_core/waddr1[4]
    RAMB18_X10Y30        RAMB18E2                                     r  cfo/observation_front/fft_core/bank1_reg_bram_1/ADDRARDADDR[8]
  -------------------------------------------------------------------    -------------------

                         (clock clk500 rise edge)     2.000     2.000 r  
                                                      0.000     2.000 r  clk500 (IN)
                         net (fo=27270, unset)        0.039     2.039    cfo/observation_front/fft_core/clk
    RAMB18_X10Y30        RAMB18E2                                     r  cfo/observation_front/fft_core/bank1_reg_bram_1/CLKARDCLK
                         clock pessimism              0.000     2.039    
                         clock uncertainty           -0.035     2.004    
    RAMB18_X10Y30        RAMB18E2 (Setup_RAMB18E2_L_RAMB180_CLKARDCLK_ADDRARDADDR[8])
                                                     -0.267     1.737    cfo/observation_front/fft_core/bank1_reg_bram_1
  -------------------------------------------------------------------
                         required time                          1.737    
                         arrival time                          -1.854    
  -------------------------------------------------------------------
                         slack                                 -0.117    

Slack (VIOLATED) :        -0.117ns  (required time - arrival time)
  Source:                 cfo/observation_front/coefficient_page0_data_reg_0_1/CLKARDCLK
                            (rising edge-triggered cell RAMB36E2 clocked by clk500  {rise@0.000ns fall@1.000ns period=2.000ns})
  Destination:            cfo/observation_front/rr3_reg_i_1_psdsp/D
                            (rising edge-triggered cell FDRE clocked by clk500  {rise@0.000ns fall@1.000ns period=2.000ns})
  Path Group:             clk500
  Path Type:              Setup (Max at Slow Process Corner)
  Requirement:            2.000ns  (clk500 rise@2.000ns - clk500 rise@0.000ns)
  Data Path Delay:        2.051ns  (logic 1.120ns (54.608%)  route 0.931ns (45.392%))
  Logic Levels:           2  (LUT3=1 LUT6=1)
  Clock Path Skew:        -0.056ns (DCD - SCD + CPR)
    Destination Clock Delay (DCD):    0.020ns = ( 2.020 - 2.000 ) 
    Source Clock Delay      (SCD):    0.076ns
    Clock Pessimism Removal (CPR):    0.000ns
  Clock Uncertainty:      0.035ns  ((TSJ^2 + TIJ^2)^1/2 + DJ) / 2 + PE
    Total System Jitter     (TSJ):    0.071ns
    Total Input Jitter      (TIJ):    0.000ns
    Discrete Jitter          (DJ):    0.000ns
    Phase Error              (PE):    0.000ns

    Location             Delay type                Incr(ns)  Path(ns)    Netlist Resource(s)
  -------------------------------------------------------------------    -------------------
                         (clock clk500 rise edge)     0.000     0.000 r  
                                                      0.000     0.000 r  clk500 (IN)
                         net (fo=27270, unset)        0.076     0.076    cfo/observation_front/clk
    RAMB36_X10Y22        RAMB36E2                                     r  cfo/observation_front/coefficient_page0_data_reg_0_1/CLKARDCLK
  -------------------------------------------------------------------    -------------------
    RAMB36_X10Y22        RAMB36E2 (Prop_RAMB36E2_RAMB36_CLKARDCLK_DOUTADOUT[0])
                                                      1.020     1.096 f  cfo/observation_front/coefficient_page0_data_reg_0_1/DOUTADOUT[0]
                         net (fo=3, routed)           0.680     1.776    cfo/observation_front/coefficient_page0_data_reg[1]
    SLICE_X145Y63                                                     f  cfo/observation_front/rr3_reg_i_6/I2
    SLICE_X145Y63        LUT3 (Prop_F6LUT_SLICEM_I2_O)
                                                      0.051     1.827 f  cfo/observation_front/rr3_reg_i_6/O
                         net (fo=8, routed)           0.100     1.927    cfo/observation_front/coefficient_index0[1]
    SLICE_X144Y63                                                     f  cfo/observation_front/rr3_reg_i_1/I2
    SLICE_X144Y63        LUT6 (Prop_F6LUT_SLICEL_I2_O)
                                                      0.049     1.976 r  cfo/observation_front/rr3_reg_i_1/O
                         net (fo=2, routed)           0.151     2.127    cfo/observation_front/rr3_reg_i_1_n_0
    SLICE_X144Y62        FDRE                                         r  cfo/observation_front/rr3_reg_i_1_psdsp/D
  -------------------------------------------------------------------    -------------------

                         (clock clk500 rise edge)     2.000     2.000 r  
                                                      0.000     2.000 r  clk500 (IN)
                         net (fo=27270, unset)        0.020     2.020    cfo/observation_front/clk
    SLICE_X144Y62        FDRE                                         r  cfo/observation_front/rr3_reg_i_1_psdsp/C
                         clock pessimism              0.000     2.020    
                         clock uncertainty           -0.035     1.985    
    SLICE_X144Y62        FDRE (Setup_EFF2_SLICEL_C_D)
                                                      0.025     2.010    cfo/observation_front/rr3_reg_i_1_psdsp
  -------------------------------------------------------------------
                         required time                          2.010    
                         arrival time                          -2.127    
  -------------------------------------------------------------------
                         slack                                 -0.117    

Slack (VIOLATED) :        -0.117ns  (required time - arrival time)
  Source:                 cfo/windows/poison_sync/syncstages_ff_reg[3]/C
                            (rising edge-triggered cell FDRE clocked by clk500  {rise@0.000ns fall@1.000ns period=2.000ns})
  Destination:            cfo/windows/output_record_reg[10]/CE
                            (rising edge-triggered cell FDRE clocked by clk500  {rise@0.000ns fall@1.000ns period=2.000ns})
  Path Group:             clk500
  Path Type:              Setup (Max at Slow Process Corner)
  Requirement:            2.000ns  (clk500 rise@2.000ns - clk500 rise@0.000ns)
  Data Path Delay:        2.014ns  (logic 0.435ns (21.599%)  route 1.579ns (78.401%))
  Logic Levels:           4  (LUT3=1 LUT5=1 LUT6=2)
  Clock Path Skew:        -0.007ns (DCD - SCD + CPR)
    Destination Clock Delay (DCD):    0.021ns = ( 2.021 - 2.000 ) 
    Source Clock Delay      (SCD):    0.028ns
    Clock Pessimism Removal (CPR):    0.000ns
  Clock Uncertainty:      0.035ns  ((TSJ^2 + TIJ^2)^1/2 + DJ) / 2 + PE
    Total System Jitter     (TSJ):    0.071ns
    Total Input Jitter      (TIJ):    0.000ns
    Discrete Jitter          (DJ):    0.000ns
    Phase Error              (PE):    0.000ns

    Location             Delay type                Incr(ns)  Path(ns)    Netlist Resource(s)
  -------------------------------------------------------------------    -------------------
                         (clock clk500 rise edge)     0.000     0.000 r  
                                                      0.000     0.000 r  clk500 (IN)
                         net (fo=27270, unset)        0.028     0.028    cfo/windows/poison_sync/dest_clk
    SLICE_X158Y100       FDRE                                         r  cfo/windows/poison_sync/syncstages_ff_reg[3]/C
  -------------------------------------------------------------------    -------------------
    SLICE_X158Y100       FDRE (Prop_DFF2_SLICEL_C_Q)
                                                      0.081     0.109 f  cfo/windows/poison_sync/syncstages_ff_reg[3]/Q
                         net (fo=12, routed)          0.687     0.796    cfo/windows/poison500
    SLICE_X142Y84                                                     f  cfo/windows/packed_count[1]_i_1/I0
    SLICE_X142Y84        LUT3 (Prop_F6LUT_SLICEM_I0_O)
                                                      0.051     0.847 f  cfo/windows/packed_count[1]_i_1/O
                         net (fo=11, routed)          0.102     0.949    cfo/windows/fast_stop
    SLICE_X142Y85                                                     f  cfo/windows/window_credits_i_3/I5
    SLICE_X142Y85        LUT6 (Prop_E6LUT_SLICEM_I5_O)
                                                      0.091     1.040 f  cfo/windows/window_credits_i_3/O
                         net (fo=3, routed)           0.052     1.092    cfo/windows/window_credits_i_3_n_0
    SLICE_X142Y85                                                     f  cfo/windows/window_credits_i_2/I5
    SLICE_X142Y85        LUT6 (Prop_D6LUT_SLICEM_I5_O)
                                                      0.088     1.180 r  cfo/windows/window_credits_i_2/O
                         net (fo=19, routed)          0.257     1.437    cfo/windows/p_30_in
    SLICE_X142Y82                                                     r  cfo/windows/output_record[134]_i_1_rewire/I0
    SLICE_X142Y82        LUT5 (Prop_E6LUT_SLICEM_I0_O)
                                                      0.124     1.561 r  cfo/windows/output_record[134]_i_1_rewire/O
                         net (fo=115, routed)         0.481     2.042    cfo/windows/output_record
    SLICE_X142Y94        FDRE                                         r  cfo/windows/output_record_reg[10]/CE
  -------------------------------------------------------------------    -------------------

                         (clock clk500 rise edge)     2.000     2.000 r  
                                                      0.000     2.000 r  clk500 (IN)
                         net (fo=27270, unset)        0.021     2.021    cfo/windows/clk500
    SLICE_X142Y94        FDRE                                         r  cfo/windows/output_record_reg[10]/C
                         clock pessimism              0.000     2.021    
                         clock uncertainty           -0.035     1.986    
    SLICE_X142Y94        FDRE (Setup_GFF_SLICEM_C_CE)
                                                     -0.061     1.925    cfo/windows/output_record_reg[10]
  -------------------------------------------------------------------
                         required time                          1.925    
                         arrival time                          -2.042    
  -------------------------------------------------------------------
                         slack                                 -0.117    

Slack (VIOLATED) :        -0.117ns  (required time - arrival time)
  Source:                 cfo/windows/poison_sync/syncstages_ff_reg[3]/C
                            (rising edge-triggered cell FDRE clocked by clk500  {rise@0.000ns fall@1.000ns period=2.000ns})
  Destination:            cfo/windows/output_record_reg[40]/CE
                            (rising edge-triggered cell FDRE clocked by clk500  {rise@0.000ns fall@1.000ns period=2.000ns})
  Path Group:             clk500
  Path Type:              Setup (Max at Slow Process Corner)
  Requirement:            2.000ns  (clk500 rise@2.000ns - clk500 rise@0.000ns)
  Data Path Delay:        2.014ns  (logic 0.435ns (21.599%)  route 1.579ns (78.401%))
  Logic Levels:           4  (LUT3=1 LUT5=1 LUT6=2)
  Clock Path Skew:        -0.007ns (DCD - SCD + CPR)
    Destination Clock Delay (DCD):    0.021ns = ( 2.021 - 2.000 ) 
    Source Clock Delay      (SCD):    0.028ns
    Clock Pessimism Removal (CPR):    0.000ns
  Clock Uncertainty:      0.035ns  ((TSJ^2 + TIJ^2)^1/2 + DJ) / 2 + PE
    Total System Jitter     (TSJ):    0.071ns
    Total Input Jitter      (TIJ):    0.000ns
    Discrete Jitter          (DJ):    0.000ns
    Phase Error              (PE):    0.000ns

    Location             Delay type                Incr(ns)  Path(ns)    Netlist Resource(s)
  -------------------------------------------------------------------    -------------------
                         (clock clk500 rise edge)     0.000     0.000 r  
                                                      0.000     0.000 r  clk500 (IN)
                         net (fo=27270, unset)        0.028     0.028    cfo/windows/poison_sync/dest_clk
    SLICE_X158Y100       FDRE                                         r  cfo/windows/poison_sync/syncstages_ff_reg[3]/C
  -------------------------------------------------------------------    -------------------
    SLICE_X158Y100       FDRE (Prop_DFF2_SLICEL_C_Q)
                                                      0.081     0.109 f  cfo/windows/poison_sync/syncstages_ff_reg[3]/Q
                         net (fo=12, routed)          0.687     0.796    cfo/windows/poison500
    SLICE_X142Y84                                                     f  cfo/windows/packed_count[1]_i_1/I0
    SLICE_X142Y84        LUT3 (Prop_F6LUT_SLICEM_I0_O)
                                                      0.051     0.847 f  cfo/windows/packed_count[1]_i_1/O
                         net (fo=11, routed)          0.102     0.949    cfo/windows/fast_stop
    SLICE_X142Y85                                                     f  cfo/windows/window_credits_i_3/I5
    SLICE_X142Y85        LUT6 (Prop_E6LUT_SLICEM_I5_O)
                                                      0.091     1.040 f  cfo/windows/window_credits_i_3/O
                         net (fo=3, routed)           0.052     1.092    cfo/windows/window_credits_i_3_n_0
    SLICE_X142Y85                                                     f  cfo/windows/window_credits_i_2/I5
    SLICE_X142Y85        LUT6 (Prop_D6LUT_SLICEM_I5_O)
                                                      0.088     1.180 r  cfo/windows/window_credits_i_2/O
                         net (fo=19, routed)          0.257     1.437    cfo/windows/p_30_in
    SLICE_X142Y82                                                     r  cfo/windows/output_record[134]_i_1_rewire/I0
    SLICE_X142Y82        LUT5 (Prop_E6LUT_SLICEM_I0_O)
                                                      0.124     1.561 r  cfo/windows/output_record[134]_i_1_rewire/O
                         net (fo=115, routed)         0.481     2.042    cfo/windows/output_record
    SLICE_X142Y94        FDRE                                         r  cfo/windows/output_record_reg[40]/CE
  -------------------------------------------------------------------    -------------------

                         (clock clk500 rise edge)     2.000     2.000 r  
                                                      0.000     2.000 r  clk500 (IN)
                         net (fo=27270, unset)        0.021     2.021    cfo/windows/clk500
    SLICE_X142Y94        FDRE                                         r  cfo/windows/output_record_reg[40]/C
                         clock pessimism              0.000     2.021    
                         clock uncertainty           -0.035     1.986    
    SLICE_X142Y94        FDRE (Setup_HFF_SLICEM_C_CE)
                                                     -0.061     1.925    cfo/windows/output_record_reg[40]
  -------------------------------------------------------------------
                         required time                          1.925    
                         arrival time                          -2.042    
  -------------------------------------------------------------------
                         slack                                 -0.117    

Slack (VIOLATED) :        -0.116ns  (required time - arrival time)
  Source:                 cfo/observation_front/coefficient_page0_data_reg_0_1/CLKARDCLK
                            (rising edge-triggered cell RAMB36E2 clocked by clk500  {rise@0.000ns fall@1.000ns period=2.000ns})
  Destination:            cfo/observation_front/pr4_reg_i_2_psdsp/D
                            (rising edge-triggered cell FDRE clocked by clk500  {rise@0.000ns fall@1.000ns period=2.000ns})
  Path Group:             clk500
  Path Type:              Setup (Max at Slow Process Corner)
  Requirement:            2.000ns  (clk500 rise@2.000ns - clk500 rise@0.000ns)
  Data Path Delay:        2.050ns  (logic 1.122ns (54.732%)  route 0.928ns (45.268%))
  Logic Levels:           2  (LUT3=1 LUT6=1)
  Clock Path Skew:        -0.056ns (DCD - SCD + CPR)
    Destination Clock Delay (DCD):    0.020ns = ( 2.020 - 2.000 ) 
    Source Clock Delay      (SCD):    0.076ns
    Clock Pessimism Removal (CPR):    0.000ns
  Clock Uncertainty:      0.035ns  ((TSJ^2 + TIJ^2)^1/2 + DJ) / 2 + PE
    Total System Jitter     (TSJ):    0.071ns
    Total Input Jitter      (TIJ):    0.000ns
    Discrete Jitter          (DJ):    0.000ns
    Phase Error              (PE):    0.000ns

    Location             Delay type                Incr(ns)  Path(ns)    Netlist Resource(s)
  -------------------------------------------------------------------    -------------------
                         (clock clk500 rise edge)     0.000     0.000 r  
                                                      0.000     0.000 r  clk500 (IN)
                         net (fo=27270, unset)        0.076     0.076    cfo/observation_front/clk
    RAMB36_X10Y22        RAMB36E2                                     r  cfo/observation_front/coefficient_page0_data_reg_0_1/CLKARDCLK
  -------------------------------------------------------------------    -------------------
    RAMB36_X10Y22        RAMB36E2 (Prop_RAMB36E2_RAMB36_CLKARDCLK_DOUTADOUT[0])
                                                      1.020     1.096 r  cfo/observation_front/coefficient_page0_data_reg_0_1/DOUTADOUT[0]
                         net (fo=3, routed)           0.680     1.776    cfo/observation_front/coefficient_page0_data_reg[1]
    SLICE_X145Y63                                                     r  cfo/observation_front/rr3_reg_i_6/I2
    SLICE_X145Y63        LUT3 (Prop_F6LUT_SLICEM_I2_O)
                                                      0.051     1.827 r  cfo/observation_front/rr3_reg_i_6/O
                         net (fo=8, routed)           0.099     1.926    cfo/observation_front/coefficient_index0[1]
    SLICE_X144Y63                                                     r  cfo/observation_front/pr4_reg_i_2/I0
    SLICE_X144Y63        LUT6 (Prop_H6LUT_SLICEL_I0_O)
                                                      0.051     1.977 r  cfo/observation_front/pr4_reg_i_2/O
                         net (fo=2, routed)           0.149     2.126    cfo/observation_front/pr4_reg_i_2_n_0
    SLICE_X144Y62        FDRE                                         r  cfo/observation_front/pr4_reg_i_2_psdsp/D
  -------------------------------------------------------------------    -------------------

                         (clock clk500 rise edge)     2.000     2.000 r  
                                                      0.000     2.000 r  clk500 (IN)
                         net (fo=27270, unset)        0.020     2.020    cfo/observation_front/clk
    SLICE_X144Y62        FDRE                                         r  cfo/observation_front/pr4_reg_i_2_psdsp/C
                         clock pessimism              0.000     2.020    
                         clock uncertainty           -0.035     1.985    
    SLICE_X144Y62        FDRE (Setup_HFF2_SLICEL_C_D)
                                                      0.025     2.010    cfo/observation_front/pr4_reg_i_2_psdsp
  -------------------------------------------------------------------
                         required time                          2.010    
                         arrival time                          -2.126    
  -------------------------------------------------------------------
                         slack                                 -0.116    

Slack (VIOLATED) :        -0.115ns  (required time - arrival time)
  Source:                 cfo/windows/poison_sync/syncstages_ff_reg[3]/C
                            (rising edge-triggered cell FDRE clocked by clk500  {rise@0.000ns fall@1.000ns period=2.000ns})
  Destination:            cfo/observation_front/fft_core/bank1_reg_bram_0/DINADIN[10]
                            (rising edge-triggered cell RAMB36E2 clocked by clk500  {rise@0.000ns fall@1.000ns period=2.000ns})
  Path Group:             clk500
  Path Type:              Setup (Max at Slow Process Corner)
  Requirement:            2.000ns  (clk500 rise@2.000ns - clk500 rise@0.000ns)
  Data Path Delay:        1.843ns  (logic 0.272ns (14.759%)  route 1.571ns (85.241%))
  Logic Levels:           3  (LUT4=1 LUT6=2)
  Clock Path Skew:        0.011ns (DCD - SCD + CPR)
    Destination Clock Delay (DCD):    0.039ns = ( 2.039 - 2.000 ) 
    Source Clock Delay      (SCD):    0.028ns
    Clock Pessimism Removal (CPR):    0.000ns
  Clock Uncertainty:      0.035ns  ((TSJ^2 + TIJ^2)^1/2 + DJ) / 2 + PE
    Total System Jitter     (TSJ):    0.071ns
    Total Input Jitter      (TIJ):    0.000ns
    Discrete Jitter          (DJ):    0.000ns
    Phase Error              (PE):    0.000ns

    Location             Delay type                Incr(ns)  Path(ns)    Netlist Resource(s)
  -------------------------------------------------------------------    -------------------
                         (clock clk500 rise edge)     0.000     0.000 r  
                                                      0.000     0.000 r  clk500 (IN)
                         net (fo=27270, unset)        0.028     0.028    cfo/windows/poison_sync/dest_clk
    SLICE_X158Y100       FDRE                                         r  cfo/windows/poison_sync/syncstages_ff_reg[3]/C
  -------------------------------------------------------------------    -------------------
    SLICE_X158Y100       FDRE (Prop_DFF2_SLICEL_C_Q)
                                                      0.081     0.109 f  cfo/windows/poison_sync/syncstages_ff_reg[3]/Q
                         net (fo=12, routed)          0.800     0.909    cfo/windows/poison500
    SLICE_X142Y73                                                     f  cfo/windows/m_valid_INST_0/I3
    SLICE_X142Y73        LUT4 (Prop_E6LUT_SLICEM_I3_O)
                                                      0.052     0.961 r  cfo/windows/m_valid_INST_0/O
                         net (fo=8, routed)           0.100     1.061    cfo/observation_front/fft_core/m_valid_alias
    SLICE_X143Y73                                                     r  cfo/observation_front/fft_core/bank1_reg_bram_0_i_69_comp_3/I4
    SLICE_X143Y73        LUT6 (Prop_A6LUT_SLICEL_I4_O)
                                                      0.050     1.111 r  cfo/observation_front/fft_core/bank1_reg_bram_0_i_69_comp_3/O
                         net (fo=47, routed)          0.248     1.359    cfo/observation_front/fft_core/bank1_reg_bram_0_i_69_n_0
    SLICE_X143Y69                                                     r  cfo/observation_front/fft_core/bank1_reg_bram_0_i_45/I0
    SLICE_X143Y69        LUT6 (Prop_F6LUT_SLICEL_I0_O)
                                                      0.089     1.448 r  cfo/observation_front/fft_core/bank1_reg_bram_0_i_45/O
                         net (fo=1, routed)           0.423     1.871    cfo/observation_front/fft_core/bank1_reg_bram_0_i_45_n_0
    RAMB36_X10Y13        RAMB36E2                                     r  cfo/observation_front/fft_core/bank1_reg_bram_0/DINADIN[10]
  -------------------------------------------------------------------    -------------------

                         (clock clk500 rise edge)     2.000     2.000 r  
                                                      0.000     2.000 r  clk500 (IN)
                         net (fo=27270, unset)        0.039     2.039    cfo/observation_front/fft_core/clk
    RAMB36_X10Y13        RAMB36E2                                     r  cfo/observation_front/fft_core/bank1_reg_bram_0/CLKARDCLK
                         clock pessimism              0.000     2.039    
                         clock uncertainty           -0.035     2.004    
    RAMB36_X10Y13        RAMB36E2 (Setup_RAMB36E2_RAMB36_CLKARDCLK_DINADIN[10])
                                                     -0.248     1.756    cfo/observation_front/fft_core/bank1_reg_bram_0
  -------------------------------------------------------------------
                         required time                          1.756    
                         arrival time                          -1.871    
  -------------------------------------------------------------------
                         slack                                 -0.115    

Slack (VIOLATED) :        -0.115ns  (required time - arrival time)
  Source:                 cfo/windows/poison_sync/syncstages_ff_reg[3]/C
                            (rising edge-triggered cell FDRE clocked by clk500  {rise@0.000ns fall@1.000ns period=2.000ns})
  Destination:            cfo/observation_front/fft_core/bank1_reg_bram_0/DINADIN[13]
                            (rising edge-triggered cell RAMB36E2 clocked by clk500  {rise@0.000ns fall@1.000ns period=2.000ns})
  Path Group:             clk500
  Path Type:              Setup (Max at Slow Process Corner)
  Requirement:            2.000ns  (clk500 rise@2.000ns - clk500 rise@0.000ns)
  Data Path Delay:        1.847ns  (logic 0.305ns (16.513%)  route 1.542ns (83.487%))
  Logic Levels:           3  (LUT4=1 LUT6=2)
  Clock Path Skew:        0.011ns (DCD - SCD + CPR)
    Destination Clock Delay (DCD):    0.039ns = ( 2.039 - 2.000 ) 
    Source Clock Delay      (SCD):    0.028ns
    Clock Pessimism Removal (CPR):    0.000ns
  Clock Uncertainty:      0.035ns  ((TSJ^2 + TIJ^2)^1/2 + DJ) / 2 + PE
    Total System Jitter     (TSJ):    0.071ns
    Total Input Jitter      (TIJ):    0.000ns
    Discrete Jitter          (DJ):    0.000ns
    Phase Error              (PE):    0.000ns

    Location             Delay type                Incr(ns)  Path(ns)    Netlist Resource(s)
  -------------------------------------------------------------------    -------------------
                         (clock clk500 rise edge)     0.000     0.000 r  
                                                      0.000     0.000 r  clk500 (IN)
                         net (fo=27270, unset)        0.028     0.028    cfo/windows/poison_sync/dest_clk
    SLICE_X158Y100       FDRE                                         r  cfo/windows/poison_sync/syncstages_ff_reg[3]/C
  -------------------------------------------------------------------    -------------------
    SLICE_X158Y100       FDRE (Prop_DFF2_SLICEL_C_Q)
                                                      0.081     0.109 f  cfo/windows/poison_sync/syncstages_ff_reg[3]/Q
                         net (fo=12, routed)          0.800     0.909    cfo/windows/poison500
    SLICE_X142Y73                                                     f  cfo/windows/m_valid_INST_0/I3
    SLICE_X142Y73        LUT4 (Prop_E6LUT_SLICEM_I3_O)
                                                      0.052     0.961 r  cfo/windows/m_valid_INST_0/O
                         net (fo=8, routed)           0.100     1.061    cfo/observation_front/fft_core/m_valid_alias
    SLICE_X143Y73                                                     r  cfo/observation_front/fft_core/bank1_reg_bram_0_i_69_comp_3/I4
    SLICE_X143Y73        LUT6 (Prop_A6LUT_SLICEL_I4_O)
                                                      0.050     1.111 r  cfo/observation_front/fft_core/bank1_reg_bram_0_i_69_comp_3/O
                         net (fo=47, routed)          0.219     1.330    cfo/observation_front/fft_core/bank1_reg_bram_0_i_69_n_0
    SLICE_X143Y71                                                     r  cfo/observation_front/fft_core/bank1_reg_bram_0_i_42/I0
    SLICE_X143Y71        LUT6 (Prop_D6LUT_SLICEL_I0_O)
                                                      0.122     1.452 r  cfo/observation_front/fft_core/bank1_reg_bram_0_i_42/O
                         net (fo=1, routed)           0.423     1.875    cfo/observation_front/fft_core/bank1_reg_bram_0_i_42_n_0
    RAMB36_X10Y13        RAMB36E2                                     r  cfo/observation_front/fft_core/bank1_reg_bram_0/DINADIN[13]
  -------------------------------------------------------------------    -------------------

                         (clock clk500 rise edge)     2.000     2.000 r  
                                                      0.000     2.000 r  clk500 (IN)
                         net (fo=27270, unset)        0.039     2.039    cfo/observation_front/fft_core/clk
    RAMB36_X10Y13        RAMB36E2                                     r  cfo/observation_front/fft_core/bank1_reg_bram_0/CLKARDCLK
                         clock pessimism              0.000     2.039    
                         clock uncertainty           -0.035     2.004    
    RAMB36_X10Y13        RAMB36E2 (Setup_RAMB36E2_RAMB36_CLKARDCLK_DINADIN[13])
                                                     -0.244     1.760    cfo/observation_front/fft_core/bank1_reg_bram_0
  -------------------------------------------------------------------
                         required time                          1.760    
                         arrival time                          -1.875    
  -------------------------------------------------------------------
                         slack                                 -0.115    

Slack (VIOLATED) :        -0.115ns  (required time - arrival time)
  Source:                 cfo/observation_front/coefficient_page0_data_reg_0_1/CLKARDCLK
                            (rising edge-triggered cell RAMB36E2 clocked by clk500  {rise@0.000ns fall@1.000ns period=2.000ns})
  Destination:            cfo/observation_front/rr3_reg_i_1_psdsp_1/D
                            (rising edge-triggered cell FDRE clocked by clk500  {rise@0.000ns fall@1.000ns period=2.000ns})
  Path Group:             clk500
  Path Type:              Setup (Max at Slow Process Corner)
  Requirement:            2.000ns  (clk500 rise@2.000ns - clk500 rise@0.000ns)
  Data Path Delay:        2.049ns  (logic 1.120ns (54.661%)  route 0.929ns (45.339%))
  Logic Levels:           2  (LUT3=1 LUT6=1)
  Clock Path Skew:        -0.056ns (DCD - SCD + CPR)
    Destination Clock Delay (DCD):    0.020ns = ( 2.020 - 2.000 ) 
    Source Clock Delay      (SCD):    0.076ns
    Clock Pessimism Removal (CPR):    0.000ns
  Clock Uncertainty:      0.035ns  ((TSJ^2 + TIJ^2)^1/2 + DJ) / 2 + PE
    Total System Jitter     (TSJ):    0.071ns
    Total Input Jitter      (TIJ):    0.000ns
    Discrete Jitter          (DJ):    0.000ns
    Phase Error              (PE):    0.000ns

    Location             Delay type                Incr(ns)  Path(ns)    Netlist Resource(s)
  -------------------------------------------------------------------    -------------------
                         (clock clk500 rise edge)     0.000     0.000 r  
                                                      0.000     0.000 r  clk500 (IN)
                         net (fo=27270, unset)        0.076     0.076    cfo/observation_front/clk
    RAMB36_X10Y22        RAMB36E2                                     r  cfo/observation_front/coefficient_page0_data_reg_0_1/CLKARDCLK
  -------------------------------------------------------------------    -------------------
    RAMB36_X10Y22        RAMB36E2 (Prop_RAMB36E2_RAMB36_CLKARDCLK_DOUTADOUT[0])
                                                      1.020     1.096 f  cfo/observation_front/coefficient_page0_data_reg_0_1/DOUTADOUT[0]
                         net (fo=3, routed)           0.680     1.776    cfo/observation_front/coefficient_page0_data_reg[1]
    SLICE_X145Y63                                                     f  cfo/observation_front/rr3_reg_i_6/I2
    SLICE_X145Y63        LUT3 (Prop_F6LUT_SLICEM_I2_O)
                                                      0.051     1.827 f  cfo/observation_front/rr3_reg_i_6/O
                         net (fo=8, routed)           0.100     1.927    cfo/observation_front/coefficient_index0[1]
    SLICE_X144Y63                                                     f  cfo/observation_front/rr3_reg_i_1/I2
    SLICE_X144Y63        LUT6 (Prop_F6LUT_SLICEL_I2_O)
                                                      0.049     1.976 r  cfo/observation_front/rr3_reg_i_1/O
                         net (fo=2, routed)           0.149     2.125    cfo/observation_front/rr3_reg_i_1_n_0
    SLICE_X144Y62        FDRE                                         r  cfo/observation_front/rr3_reg_i_1_psdsp_1/D
  -------------------------------------------------------------------    -------------------

                         (clock clk500 rise edge)     2.000     2.000 r  
                                                      0.000     2.000 r  clk500 (IN)
                         net (fo=27270, unset)        0.020     2.020    cfo/observation_front/clk
    SLICE_X144Y62        FDRE                                         r  cfo/observation_front/rr3_reg_i_1_psdsp_1/C
                         clock pessimism              0.000     2.020    
                         clock uncertainty           -0.035     1.985    
    SLICE_X144Y62        FDRE (Setup_FFF2_SLICEL_C_D)
                                                      0.025     2.010    cfo/observation_front/rr3_reg_i_1_psdsp_1
  -------------------------------------------------------------------
                         required time                          2.010    
                         arrival time                          -2.125    
  -------------------------------------------------------------------
                         slack                                 -0.115    

Slack (VIOLATED) :        -0.110ns  (required time - arrival time)
  Source:                 cfo/windows/poison_sync/syncstages_ff_reg[3]/C
                            (rising edge-triggered cell FDRE clocked by clk500  {rise@0.000ns fall@1.000ns period=2.000ns})
  Destination:            cfo/windows/window_credits/fifo/gnuram_async_fifo.xpm_fifo_base_inst/wrp_inst/count_value_i_reg[1]/CE
                            (rising edge-triggered cell FDRE clocked by clk500  {rise@0.000ns fall@1.000ns period=2.000ns})
  Path Group:             clk500
  Path Type:              Setup (Max at Slow Process Corner)
  Requirement:            2.000ns  (clk500 rise@2.000ns - clk500 rise@0.000ns)
  Data Path Delay:        2.007ns  (logic 0.436ns (21.724%)  route 1.571ns (78.276%))
  Logic Levels:           4  (LUT3=1 LUT5=1 LUT6=2)
  Clock Path Skew:        -0.008ns (DCD - SCD + CPR)
    Destination Clock Delay (DCD):    0.020ns = ( 2.020 - 2.000 ) 
    Source Clock Delay      (SCD):    0.028ns
    Clock Pessimism Removal (CPR):    0.000ns
  Clock Uncertainty:      0.035ns  ((TSJ^2 + TIJ^2)^1/2 + DJ) / 2 + PE
    Total System Jitter     (TSJ):    0.071ns
    Total Input Jitter      (TIJ):    0.000ns
    Discrete Jitter          (DJ):    0.000ns
    Phase Error              (PE):    0.000ns

    Location             Delay type                Incr(ns)  Path(ns)    Netlist Resource(s)
  -------------------------------------------------------------------    -------------------
                         (clock clk500 rise edge)     0.000     0.000 r  
                                                      0.000     0.000 r  clk500 (IN)
                         net (fo=27270, unset)        0.028     0.028    cfo/windows/poison_sync/dest_clk
    SLICE_X158Y100       FDRE                                         r  cfo/windows/poison_sync/syncstages_ff_reg[3]/C
  -------------------------------------------------------------------    -------------------
    SLICE_X158Y100       FDRE (Prop_DFF2_SLICEL_C_Q)
                                                      0.081     0.109 f  cfo/windows/poison_sync/syncstages_ff_reg[3]/Q
                         net (fo=12, routed)          0.687     0.796    cfo/windows/poison500
    SLICE_X142Y84                                                     f  cfo/windows/packed_count[1]_i_1/I0
    SLICE_X142Y84        LUT3 (Prop_F6LUT_SLICEM_I0_O)
                                                      0.051     0.847 f  cfo/windows/packed_count[1]_i_1/O
                         net (fo=11, routed)          0.102     0.949    cfo/windows/fast_stop
    SLICE_X142Y85                                                     f  cfo/windows/window_credits_i_3/I5
    SLICE_X142Y85        LUT6 (Prop_E6LUT_SLICEM_I5_O)
                                                      0.091     1.040 f  cfo/windows/window_credits_i_3/O
                         net (fo=3, routed)           0.052     1.092    cfo/windows/window_credits_i_3_n_0
    SLICE_X142Y85                                                     f  cfo/windows/window_credits_i_2/I5
    SLICE_X142Y85        LUT6 (Prop_D6LUT_SLICEM_I5_O)
                                                      0.088     1.180 r  cfo/windows/window_credits_i_2/O
                         net (fo=19, routed)          0.406     1.586    cfo/windows/window_credits/fifo/gnuram_async_fifo.xpm_fifo_base_inst/p_30_in_alias_alias
    SLICE_X139Y78                                                     r  cfo/windows/window_credits/fifo/gnuram_async_fifo.xpm_fifo_base_inst/gen_sdpram.xpm_memory_base_inst_i_1_rewire/I0
    SLICE_X139Y78        LUT5 (Prop_H6LUT_SLICEM_I0_O)
                                                      0.125     1.711 r  cfo/windows/window_credits/fifo/gnuram_async_fifo.xpm_fifo_base_inst/gen_sdpram.xpm_memory_base_inst_i_1_rewire/O
                         net (fo=15, routed)          0.324     2.035    cfo/windows/window_credits/fifo/gnuram_async_fifo.xpm_fifo_base_inst/wrp_inst/cnt_en
    SLICE_X131Y78        FDRE                                         r  cfo/windows/window_credits/fifo/gnuram_async_fifo.xpm_fifo_base_inst/wrp_inst/count_value_i_reg[1]/CE
  -------------------------------------------------------------------    -------------------

                         (clock clk500 rise edge)     2.000     2.000 r  
                                                      0.000     2.000 r  clk500 (IN)
                         net (fo=27270, unset)        0.020     2.020    cfo/windows/window_credits/fifo/gnuram_async_fifo.xpm_fifo_base_inst/wrp_inst/clk
    SLICE_X131Y78        FDRE                                         r  cfo/windows/window_credits/fifo/gnuram_async_fifo.xpm_fifo_base_inst/wrp_inst/count_value_i_reg[1]/C
                         clock pessimism              0.000     2.020    
                         clock uncertainty           -0.035     1.985    
    SLICE_X131Y78        FDRE (Setup_DFF_SLICEL_C_CE)
                                                     -0.060     1.925    cfo/windows/window_credits/fifo/gnuram_async_fifo.xpm_fifo_base_inst/wrp_inst/count_value_i_reg[1]
  -------------------------------------------------------------------
                         required time                          1.925    
                         arrival time                          -2.035    
  -------------------------------------------------------------------
                         slack                                 -0.110    

Slack (VIOLATED) :        -0.110ns  (required time - arrival time)
  Source:                 cfo/windows/poison_sync/syncstages_ff_reg[3]/C
                            (rising edge-triggered cell FDRE clocked by clk500  {rise@0.000ns fall@1.000ns period=2.000ns})
  Destination:            cfo/windows/window_credits/fifo/gnuram_async_fifo.xpm_fifo_base_inst/wrp_inst/count_value_i_reg[2]/CE
                            (rising edge-triggered cell FDRE clocked by clk500  {rise@0.000ns fall@1.000ns period=2.000ns})
  Path Group:             clk500
  Path Type:              Setup (Max at Slow Process Corner)
  Requirement:            2.000ns  (clk500 rise@2.000ns - clk500 rise@0.000ns)
  Data Path Delay:        2.008ns  (logic 0.436ns (21.713%)  route 1.572ns (78.287%))
  Logic Levels:           4  (LUT3=1 LUT5=1 LUT6=2)
  Clock Path Skew:        -0.008ns (DCD - SCD + CPR)
    Destination Clock Delay (DCD):    0.020ns = ( 2.020 - 2.000 ) 
    Source Clock Delay      (SCD):    0.028ns
    Clock Pessimism Removal (CPR):    0.000ns
  Clock Uncertainty:      0.035ns  ((TSJ^2 + TIJ^2)^1/2 + DJ) / 2 + PE
    Total System Jitter     (TSJ):    0.071ns
    Total Input Jitter      (TIJ):    0.000ns
    Discrete Jitter          (DJ):    0.000ns
    Phase Error              (PE):    0.000ns

    Location             Delay type                Incr(ns)  Path(ns)    Netlist Resource(s)
  -------------------------------------------------------------------    -------------------
                         (clock clk500 rise edge)     0.000     0.000 r  
                                                      0.000     0.000 r  clk500 (IN)
                         net (fo=27270, unset)        0.028     0.028    cfo/windows/poison_sync/dest_clk
    SLICE_X158Y100       FDRE                                         r  cfo/windows/poison_sync/syncstages_ff_reg[3]/C
  -------------------------------------------------------------------    -------------------
    SLICE_X158Y100       FDRE (Prop_DFF2_SLICEL_C_Q)
                                                      0.081     0.109 f  cfo/windows/poison_sync/syncstages_ff_reg[3]/Q
                         net (fo=12, routed)          0.687     0.796    cfo/windows/poison500
    SLICE_X142Y84                                                     f  cfo/windows/packed_count[1]_i_1/I0
    SLICE_X142Y84        LUT3 (Prop_F6LUT_SLICEM_I0_O)
                                                      0.051     0.847 f  cfo/windows/packed_count[1]_i_1/O
                         net (fo=11, routed)          0.102     0.949    cfo/windows/fast_stop
    SLICE_X142Y85                                                     f  cfo/windows/window_credits_i_3/I5
    SLICE_X142Y85        LUT6 (Prop_E6LUT_SLICEM_I5_O)
                                                      0.091     1.040 f  cfo/windows/window_credits_i_3/O
                         net (fo=3, routed)           0.052     1.092    cfo/windows/window_credits_i_3_n_0
    SLICE_X142Y85                                                     f  cfo/windows/window_credits_i_2/I5
    SLICE_X142Y85        LUT6 (Prop_D6LUT_SLICEM_I5_O)
                                                      0.088     1.180 r  cfo/windows/window_credits_i_2/O
                         net (fo=19, routed)          0.406     1.586    cfo/windows/window_credits/fifo/gnuram_async_fifo.xpm_fifo_base_inst/p_30_in_alias_alias
    SLICE_X139Y78                                                     r  cfo/windows/window_credits/fifo/gnuram_async_fifo.xpm_fifo_base_inst/gen_sdpram.xpm_memory_base_inst_i_1_rewire/I0
    SLICE_X139Y78        LUT5 (Prop_H6LUT_SLICEM_I0_O)
                                                      0.125     1.711 r  cfo/windows/window_credits/fifo/gnuram_async_fifo.xpm_fifo_base_inst/gen_sdpram.xpm_memory_base_inst_i_1_rewire/O
                         net (fo=15, routed)          0.325     2.036    cfo/windows/window_credits/fifo/gnuram_async_fifo.xpm_fifo_base_inst/wrp_inst/cnt_en
    SLICE_X131Y78        FDRE                                         r  cfo/windows/window_credits/fifo/gnuram_async_fifo.xpm_fifo_base_inst/wrp_inst/count_value_i_reg[2]/CE
  -------------------------------------------------------------------    -------------------

                         (clock clk500 rise edge)     2.000     2.000 r  
                                                      0.000     2.000 r  clk500 (IN)
                         net (fo=27270, unset)        0.020     2.020    cfo/windows/window_credits/fifo/gnuram_async_fifo.xpm_fifo_base_inst/wrp_inst/clk
    SLICE_X131Y78        FDRE                                         r  cfo/windows/window_credits/fifo/gnuram_async_fifo.xpm_fifo_base_inst/wrp_inst/count_value_i_reg[2]/C
                         clock pessimism              0.000     2.020    
                         clock uncertainty           -0.035     1.985    
    SLICE_X131Y78        FDRE (Setup_DFF2_SLICEL_C_CE)
                                                     -0.059     1.926    cfo/windows/window_credits/fifo/gnuram_async_fifo.xpm_fifo_base_inst/wrp_inst/count_value_i_reg[2]
  -------------------------------------------------------------------
                         required time                          1.926    
                         arrival time                          -2.036    
  -------------------------------------------------------------------
                         slack                                 -0.110    

Slack (VIOLATED) :        -0.110ns  (required time - arrival time)
  Source:                 cfo/windows/poison_sync/syncstages_ff_reg[3]/C
                            (rising edge-triggered cell FDRE clocked by clk500  {rise@0.000ns fall@1.000ns period=2.000ns})
  Destination:            cfo/windows/window_credits/fifo/gnuram_async_fifo.xpm_fifo_base_inst/wrpp2_inst/count_value_i_reg[1]/CE
                            (rising edge-triggered cell FDSE clocked by clk500  {rise@0.000ns fall@1.000ns period=2.000ns})
  Path Group:             clk500
  Path Type:              Setup (Max at Slow Process Corner)
  Requirement:            2.000ns  (clk500 rise@2.000ns - clk500 rise@0.000ns)
  Data Path Delay:        2.008ns  (logic 0.436ns (21.713%)  route 1.572ns (78.287%))
  Logic Levels:           4  (LUT3=1 LUT5=1 LUT6=2)
  Clock Path Skew:        -0.008ns (DCD - SCD + CPR)
    Destination Clock Delay (DCD):    0.020ns = ( 2.020 - 2.000 ) 
    Source Clock Delay      (SCD):    0.028ns
    Clock Pessimism Removal (CPR):    0.000ns
  Clock Uncertainty:      0.035ns  ((TSJ^2 + TIJ^2)^1/2 + DJ) / 2 + PE
    Total System Jitter     (TSJ):    0.071ns
    Total Input Jitter      (TIJ):    0.000ns
    Discrete Jitter          (DJ):    0.000ns
    Phase Error              (PE):    0.000ns

    Location             Delay type                Incr(ns)  Path(ns)    Netlist Resource(s)
  -------------------------------------------------------------------    -------------------
                         (clock clk500 rise edge)     0.000     0.000 r  
                                                      0.000     0.000 r  clk500 (IN)
                         net (fo=27270, unset)        0.028     0.028    cfo/windows/poison_sync/dest_clk
    SLICE_X158Y100       FDRE                                         r  cfo/windows/poison_sync/syncstages_ff_reg[3]/C
  -------------------------------------------------------------------    -------------------
    SLICE_X158Y100       FDRE (Prop_DFF2_SLICEL_C_Q)
                                                      0.081     0.109 f  cfo/windows/poison_sync/syncstages_ff_reg[3]/Q
                         net (fo=12, routed)          0.687     0.796    cfo/windows/poison500
    SLICE_X142Y84                                                     f  cfo/windows/packed_count[1]_i_1/I0
    SLICE_X142Y84        LUT3 (Prop_F6LUT_SLICEM_I0_O)
                                                      0.051     0.847 f  cfo/windows/packed_count[1]_i_1/O
                         net (fo=11, routed)          0.102     0.949    cfo/windows/fast_stop
    SLICE_X142Y85                                                     f  cfo/windows/window_credits_i_3/I5
    SLICE_X142Y85        LUT6 (Prop_E6LUT_SLICEM_I5_O)
                                                      0.091     1.040 f  cfo/windows/window_credits_i_3/O
                         net (fo=3, routed)           0.052     1.092    cfo/windows/window_credits_i_3_n_0
    SLICE_X142Y85                                                     f  cfo/windows/window_credits_i_2/I5
    SLICE_X142Y85        LUT6 (Prop_D6LUT_SLICEM_I5_O)
                                                      0.088     1.180 r  cfo/windows/window_credits_i_2/O
                         net (fo=19, routed)          0.406     1.586    cfo/windows/window_credits/fifo/gnuram_async_fifo.xpm_fifo_base_inst/p_30_in_alias_alias
    SLICE_X139Y78                                                     r  cfo/windows/window_credits/fifo/gnuram_async_fifo.xpm_fifo_base_inst/gen_sdpram.xpm_memory_base_inst_i_1_rewire/I0
    SLICE_X139Y78        LUT5 (Prop_H6LUT_SLICEM_I0_O)
                                                      0.125     1.711 r  cfo/windows/window_credits/fifo/gnuram_async_fifo.xpm_fifo_base_inst/gen_sdpram.xpm_memory_base_inst_i_1_rewire/O
                         net (fo=15, routed)          0.325     2.036    cfo/windows/window_credits/fifo/gnuram_async_fifo.xpm_fifo_base_inst/wrpp2_inst/cnt_en
    SLICE_X131Y78        FDSE                                         r  cfo/windows/window_credits/fifo/gnuram_async_fifo.xpm_fifo_base_inst/wrpp2_inst/count_value_i_reg[1]/CE
  -------------------------------------------------------------------    -------------------

                         (clock clk500 rise edge)     2.000     2.000 r  
                                                      0.000     2.000 r  clk500 (IN)
                         net (fo=27270, unset)        0.020     2.020    cfo/windows/window_credits/fifo/gnuram_async_fifo.xpm_fifo_base_inst/wrpp2_inst/clk
    SLICE_X131Y78        FDSE                                         r  cfo/windows/window_credits/fifo/gnuram_async_fifo.xpm_fifo_base_inst/wrpp2_inst/count_value_i_reg[1]/C
                         clock pessimism              0.000     2.020    
                         clock uncertainty           -0.035     1.985    
    SLICE_X131Y78        FDSE (Setup_CFF2_SLICEL_C_CE)
                                                     -0.059     1.926    cfo/windows/window_credits/fifo/gnuram_async_fifo.xpm_fifo_base_inst/wrpp2_inst/count_value_i_reg[1]
  -------------------------------------------------------------------
                         required time                          1.926    
                         arrival time                          -2.036    
  -------------------------------------------------------------------
                         slack                                 -0.110    

Slack (VIOLATED) :        -0.110ns  (required time - arrival time)
  Source:                 cfo/observation_front/fft_core/next_output_reg[2]/C
                            (rising edge-triggered cell FDRE clocked by clk500  {rise@0.000ns fall@1.000ns period=2.000ns})
  Destination:            cfo/observation_front/fft_core/bank0_reg_bram_1/ENBWREN
                            (rising edge-triggered cell RAMB18E2 clocked by clk500  {rise@0.000ns fall@1.000ns period=2.000ns})
  Path Group:             clk500
  Path Type:              Setup (Max at Slow Process Corner)
  Requirement:            2.000ns  (clk500 rise@2.000ns - clk500 rise@0.000ns)
  Data Path Delay:        1.743ns  (logic 0.423ns (24.269%)  route 1.320ns (75.732%))
  Logic Levels:           4  (LUT3=1 LUT4=1 LUT5=1 LUT6=1)
  Clock Path Skew:        0.010ns (DCD - SCD + CPR)
    Destination Clock Delay (DCD):    0.040ns = ( 2.040 - 2.000 ) 
    Source Clock Delay      (SCD):    0.030ns
    Clock Pessimism Removal (CPR):    0.000ns
  Clock Uncertainty:      0.035ns  ((TSJ^2 + TIJ^2)^1/2 + DJ) / 2 + PE
    Total System Jitter     (TSJ):    0.071ns
    Total Input Jitter      (TIJ):    0.000ns
    Discrete Jitter          (DJ):    0.000ns
    Phase Error              (PE):    0.000ns

    Location             Delay type                Incr(ns)  Path(ns)    Netlist Resource(s)
  -------------------------------------------------------------------    -------------------
                         (clock clk500 rise edge)     0.000     0.000 r  
                                                      0.000     0.000 r  clk500 (IN)
                         net (fo=27270, unset)        0.030     0.030    cfo/observation_front/fft_core/clk
    SLICE_X139Y68        FDRE                                         r  cfo/observation_front/fft_core/next_output_reg[2]/C
  -------------------------------------------------------------------    -------------------
    SLICE_X139Y68        FDRE (Prop_DFF_SLICEM_C_Q)
                                                      0.078     0.108 r  cfo/observation_front/fft_core/next_output_reg[2]/Q
                         net (fo=9, routed)           0.133     0.241    cfo/observation_front/fft_core/next_output_reg_n_0_[2]
    SLICE_X139Y68                                                     r  cfo/observation_front/fft_core/pf0_bank_i_2/I0
    SLICE_X139Y68        LUT4 (Prop_H6LUT_SLICEM_I0_O)
                                                      0.152     0.393 r  cfo/observation_front/fft_core/pf0_bank_i_2/O
                         net (fo=5, routed)           0.150     0.543    cfo/observation_front/fft_core/pf0_bank_i_2_n_0
    SLICE_X139Y69                                                     r  cfo/observation_front/fft_core/bank0_reg_bram_0_i_63_rewire/I0
    SLICE_X139Y69        LUT5 (Prop_H6LUT_SLICEM_I0_O)
                                                      0.090     0.633 f  cfo/observation_front/fft_core/bank0_reg_bram_0_i_63_rewire/O
                         net (fo=1, routed)           0.232     0.865    cfo/observation_front/fft_core/bank0_reg_bram_0_i_63_n_0
    SLICE_X142Y69                                                     f  cfo/observation_front/fft_core/bank0_reg_bram_0_i_59_rewire/I1
    SLICE_X142Y69        LUT3 (Prop_F6LUT_SLICEM_I1_O)
                                                      0.051     0.916 r  cfo/observation_front/fft_core/bank0_reg_bram_0_i_59_rewire/O
                         net (fo=11, routed)          0.294     1.210    cfo/observation_front/fft_core/bank0_reg_bram_0_i_59_n_0
    SLICE_X145Y71                                                     r  cfo/observation_front/fft_core/bank0_reg_bram_0_i_2/I5
    SLICE_X145Y71        LUT6 (Prop_G6LUT_SLICEM_I5_O)
                                                      0.052     1.262 r  cfo/observation_front/fft_core/bank0_reg_bram_0_i_2/O
                         net (fo=2, routed)           0.511     1.773    cfo/observation_front/fft_core/rd013_out
    RAMB18_X10Y31        RAMB18E2                                     r  cfo/observation_front/fft_core/bank0_reg_bram_1/ENBWREN
  -------------------------------------------------------------------    -------------------

                         (clock clk500 rise edge)     2.000     2.000 r  
                                                      0.000     2.000 r  clk500 (IN)
                         net (fo=27270, unset)        0.040     2.040    cfo/observation_front/fft_core/clk
    RAMB18_X10Y31        RAMB18E2                                     r  cfo/observation_front/fft_core/bank0_reg_bram_1/CLKBWRCLK
                         clock pessimism              0.000     2.040    
                         clock uncertainty           -0.035     2.005    
    RAMB18_X10Y31        RAMB18E2 (Setup_RAMB18E2_U_RAMB181_CLKBWRCLK_ENBWREN)
                                                     -0.342     1.663    cfo/observation_front/fft_core/bank0_reg_bram_1
  -------------------------------------------------------------------
                         required time                          1.663    
                         arrival time                          -1.773    
  -------------------------------------------------------------------
                         slack                                 -0.110    

Slack (VIOLATED) :        -0.109ns  (required time - arrival time)
  Source:                 cfo/windows/poison_sync/syncstages_ff_reg[3]/C
                            (rising edge-triggered cell FDRE clocked by clk500  {rise@0.000ns fall@1.000ns period=2.000ns})
  Destination:            cfo/windows/output_record_reg[11]/CE
                            (rising edge-triggered cell FDRE clocked by clk500  {rise@0.000ns fall@1.000ns period=2.000ns})
  Path Group:             clk500
  Path Type:              Setup (Max at Slow Process Corner)
  Requirement:            2.000ns  (clk500 rise@2.000ns - clk500 rise@0.000ns)
  Data Path Delay:        2.006ns  (logic 0.435ns (21.685%)  route 1.571ns (78.315%))
  Logic Levels:           4  (LUT3=1 LUT5=1 LUT6=2)
  Clock Path Skew:        -0.007ns (DCD - SCD + CPR)
    Destination Clock Delay (DCD):    0.021ns = ( 2.021 - 2.000 ) 
    Source Clock Delay      (SCD):    0.028ns
    Clock Pessimism Removal (CPR):    0.000ns
  Clock Uncertainty:      0.035ns  ((TSJ^2 + TIJ^2)^1/2 + DJ) / 2 + PE
    Total System Jitter     (TSJ):    0.071ns
    Total Input Jitter      (TIJ):    0.000ns
    Discrete Jitter          (DJ):    0.000ns
    Phase Error              (PE):    0.000ns

    Location             Delay type                Incr(ns)  Path(ns)    Netlist Resource(s)
  -------------------------------------------------------------------    -------------------
                         (clock clk500 rise edge)     0.000     0.000 r  
                                                      0.000     0.000 r  clk500 (IN)
                         net (fo=27270, unset)        0.028     0.028    cfo/windows/poison_sync/dest_clk
    SLICE_X158Y100       FDRE                                         r  cfo/windows/poison_sync/syncstages_ff_reg[3]/C
  -------------------------------------------------------------------    -------------------
    SLICE_X158Y100       FDRE (Prop_DFF2_SLICEL_C_Q)
                                                      0.081     0.109 f  cfo/windows/poison_sync/syncstages_ff_reg[3]/Q
                         net (fo=12, routed)          0.687     0.796    cfo/windows/poison500
    SLICE_X142Y84                                                     f  cfo/windows/packed_count[1]_i_1/I0
    SLICE_X142Y84        LUT3 (Prop_F6LUT_SLICEM_I0_O)
                                                      0.051     0.847 f  cfo/windows/packed_count[1]_i_1/O
                         net (fo=11, routed)          0.102     0.949    cfo/windows/fast_stop
    SLICE_X142Y85                                                     f  cfo/windows/window_credits_i_3/I5
    SLICE_X142Y85        LUT6 (Prop_E6LUT_SLICEM_I5_O)
                                                      0.091     1.040 f  cfo/windows/window_credits_i_3/O
                         net (fo=3, routed)           0.052     1.092    cfo/windows/window_credits_i_3_n_0
    SLICE_X142Y85                                                     f  cfo/windows/window_credits_i_2/I5
    SLICE_X142Y85        LUT6 (Prop_D6LUT_SLICEM_I5_O)
                                                      0.088     1.180 r  cfo/windows/window_credits_i_2/O
                         net (fo=19, routed)          0.257     1.437    cfo/windows/p_30_in
    SLICE_X142Y82                                                     r  cfo/windows/output_record[134]_i_1_rewire/I0
    SLICE_X142Y82        LUT5 (Prop_E6LUT_SLICEM_I0_O)
                                                      0.124     1.561 r  cfo/windows/output_record[134]_i_1_rewire/O
                         net (fo=115, routed)         0.473     2.034    cfo/windows/output_record
    SLICE_X141Y92        FDRE                                         r  cfo/windows/output_record_reg[11]/CE
  -------------------------------------------------------------------    -------------------

                         (clock clk500 rise edge)     2.000     2.000 r  
                                                      0.000     2.000 r  clk500 (IN)
                         net (fo=27270, unset)        0.021     2.021    cfo/windows/clk500
    SLICE_X141Y92        FDRE                                         r  cfo/windows/output_record_reg[11]/C
                         clock pessimism              0.000     2.021    
                         clock uncertainty           -0.035     1.986    
    SLICE_X141Y92        FDRE (Setup_HFF_SLICEM_C_CE)
                                                     -0.061     1.925    cfo/windows/output_record_reg[11]
  -------------------------------------------------------------------
                         required time                          1.925    
                         arrival time                          -2.034    
  -------------------------------------------------------------------
                         slack                                 -0.109    

Slack (VIOLATED) :        -0.109ns  (required time - arrival time)
  Source:                 cfo/windows/poison_sync/syncstages_ff_reg[3]/C
                            (rising edge-triggered cell FDRE clocked by clk500  {rise@0.000ns fall@1.000ns period=2.000ns})
  Destination:            cfo/windows/output_record_reg[14]/CE
                            (rising edge-triggered cell FDRE clocked by clk500  {rise@0.000ns fall@1.000ns period=2.000ns})
  Path Group:             clk500
  Path Type:              Setup (Max at Slow Process Corner)
  Requirement:            2.000ns  (clk500 rise@2.000ns - clk500 rise@0.000ns)
  Data Path Delay:        2.006ns  (logic 0.435ns (21.685%)  route 1.571ns (78.315%))
  Logic Levels:           4  (LUT3=1 LUT5=1 LUT6=2)
  Clock Path Skew:        -0.007ns (DCD - SCD + CPR)
    Destination Clock Delay (DCD):    0.021ns = ( 2.021 - 2.000 ) 
    Source Clock Delay      (SCD):    0.028ns
    Clock Pessimism Removal (CPR):    0.000ns
  Clock Uncertainty:      0.035ns  ((TSJ^2 + TIJ^2)^1/2 + DJ) / 2 + PE
    Total System Jitter     (TSJ):    0.071ns
    Total Input Jitter      (TIJ):    0.000ns
    Discrete Jitter          (DJ):    0.000ns
    Phase Error              (PE):    0.000ns

    Location             Delay type                Incr(ns)  Path(ns)    Netlist Resource(s)
  -------------------------------------------------------------------    -------------------
                         (clock clk500 rise edge)     0.000     0.000 r  
                                                      0.000     0.000 r  clk500 (IN)
                         net (fo=27270, unset)        0.028     0.028    cfo/windows/poison_sync/dest_clk
    SLICE_X158Y100       FDRE                                         r  cfo/windows/poison_sync/syncstages_ff_reg[3]/C
  -------------------------------------------------------------------    -------------------
    SLICE_X158Y100       FDRE (Prop_DFF2_SLICEL_C_Q)
                                                      0.081     0.109 f  cfo/windows/poison_sync/syncstages_ff_reg[3]/Q
                         net (fo=12, routed)          0.687     0.796    cfo/windows/poison500
    SLICE_X142Y84                                                     f  cfo/windows/packed_count[1]_i_1/I0
    SLICE_X142Y84        LUT3 (Prop_F6LUT_SLICEM_I0_O)
                                                      0.051     0.847 f  cfo/windows/packed_count[1]_i_1/O
                         net (fo=11, routed)          0.102     0.949    cfo/windows/fast_stop
    SLICE_X142Y85                                                     f  cfo/windows/window_credits_i_3/I5
    SLICE_X142Y85        LUT6 (Prop_E6LUT_SLICEM_I5_O)
                                                      0.091     1.040 f  cfo/windows/window_credits_i_3/O
                         net (fo=3, routed)           0.052     1.092    cfo/windows/window_credits_i_3_n_0
    SLICE_X142Y85                                                     f  cfo/windows/window_credits_i_2/I5
    SLICE_X142Y85        LUT6 (Prop_D6LUT_SLICEM_I5_O)
                                                      0.088     1.180 r  cfo/windows/window_credits_i_2/O
                         net (fo=19, routed)          0.257     1.437    cfo/windows/p_30_in
    SLICE_X142Y82                                                     r  cfo/windows/output_record[134]_i_1_rewire/I0
    SLICE_X142Y82        LUT5 (Prop_E6LUT_SLICEM_I0_O)
                                                      0.124     1.561 r  cfo/windows/output_record[134]_i_1_rewire/O
                         net (fo=115, routed)         0.473     2.034    cfo/windows/output_record
    SLICE_X142Y91        FDRE                                         r  cfo/windows/output_record_reg[14]/CE
  -------------------------------------------------------------------    -------------------

                         (clock clk500 rise edge)     2.000     2.000 r  
                                                      0.000     2.000 r  clk500 (IN)
                         net (fo=27270, unset)        0.021     2.021    cfo/windows/clk500
    SLICE_X142Y91        FDRE                                         r  cfo/windows/output_record_reg[14]/C
                         clock pessimism              0.000     2.021    
                         clock uncertainty           -0.035     1.986    
    SLICE_X142Y91        FDRE (Setup_HFF_SLICEM_C_CE)
                                                     -0.061     1.925    cfo/windows/output_record_reg[14]
  -------------------------------------------------------------------
                         required time                          1.925    
                         arrival time                          -2.034    
  -------------------------------------------------------------------
                         slack                                 -0.109    

Slack (VIOLATED) :        -0.109ns  (required time - arrival time)
  Source:                 cfo/windows/poison_sync/syncstages_ff_reg[3]/C
                            (rising edge-triggered cell FDRE clocked by clk500  {rise@0.000ns fall@1.000ns period=2.000ns})
  Destination:            cfo/windows/output_record_reg[15]/CE
                            (rising edge-triggered cell FDRE clocked by clk500  {rise@0.000ns fall@1.000ns period=2.000ns})
  Path Group:             clk500
  Path Type:              Setup (Max at Slow Process Corner)
  Requirement:            2.000ns  (clk500 rise@2.000ns - clk500 rise@0.000ns)
  Data Path Delay:        2.006ns  (logic 0.435ns (21.685%)  route 1.571ns (78.315%))
  Logic Levels:           4  (LUT3=1 LUT5=1 LUT6=2)
  Clock Path Skew:        -0.007ns (DCD - SCD + CPR)
    Destination Clock Delay (DCD):    0.021ns = ( 2.021 - 2.000 ) 
    Source Clock Delay      (SCD):    0.028ns
    Clock Pessimism Removal (CPR):    0.000ns
  Clock Uncertainty:      0.035ns  ((TSJ^2 + TIJ^2)^1/2 + DJ) / 2 + PE
    Total System Jitter     (TSJ):    0.071ns
    Total Input Jitter      (TIJ):    0.000ns
    Discrete Jitter          (DJ):    0.000ns
    Phase Error              (PE):    0.000ns

    Location             Delay type                Incr(ns)  Path(ns)    Netlist Resource(s)
  -------------------------------------------------------------------    -------------------
                         (clock clk500 rise edge)     0.000     0.000 r  
                                                      0.000     0.000 r  clk500 (IN)
                         net (fo=27270, unset)        0.028     0.028    cfo/windows/poison_sync/dest_clk
    SLICE_X158Y100       FDRE                                         r  cfo/windows/poison_sync/syncstages_ff_reg[3]/C
  -------------------------------------------------------------------    -------------------
    SLICE_X158Y100       FDRE (Prop_DFF2_SLICEL_C_Q)
                                                      0.081     0.109 f  cfo/windows/poison_sync/syncstages_ff_reg[3]/Q
                         net (fo=12, routed)          0.687     0.796    cfo/windows/poison500
    SLICE_X142Y84                                                     f  cfo/windows/packed_count[1]_i_1/I0
    SLICE_X142Y84        LUT3 (Prop_F6LUT_SLICEM_I0_O)
                                                      0.051     0.847 f  cfo/windows/packed_count[1]_i_1/O
                         net (fo=11, routed)          0.102     0.949    cfo/windows/fast_stop
    SLICE_X142Y85                                                     f  cfo/windows/window_credits_i_3/I5
    SLICE_X142Y85        LUT6 (Prop_E6LUT_SLICEM_I5_O)
                                                      0.091     1.040 f  cfo/windows/window_credits_i_3/O
                         net (fo=3, routed)           0.052     1.092    cfo/windows/window_credits_i_3_n_0
    SLICE_X142Y85                                                     f  cfo/windows/window_credits_i_2/I5
    SLICE_X142Y85        LUT6 (Prop_D6LUT_SLICEM_I5_O)
                                                      0.088     1.180 r  cfo/windows/window_credits_i_2/O
                         net (fo=19, routed)          0.257     1.437    cfo/windows/p_30_in
    SLICE_X142Y82                                                     r  cfo/windows/output_record[134]_i_1_rewire/I0
    SLICE_X142Y82        LUT5 (Prop_E6LUT_SLICEM_I0_O)
                                                      0.124     1.561 r  cfo/windows/output_record[134]_i_1_rewire/O
                         net (fo=115, routed)         0.473     2.034    cfo/windows/output_record
    SLICE_X141Y92        FDRE                                         r  cfo/windows/output_record_reg[15]/CE
  -------------------------------------------------------------------    -------------------

                         (clock clk500 rise edge)     2.000     2.000 r  
                                                      0.000     2.000 r  clk500 (IN)
                         net (fo=27270, unset)        0.021     2.021    cfo/windows/clk500
    SLICE_X141Y92        FDRE                                         r  cfo/windows/output_record_reg[15]/C
                         clock pessimism              0.000     2.021    
                         clock uncertainty           -0.035     1.986    
    SLICE_X141Y92        FDRE (Setup_GFF_SLICEM_C_CE)
                                                     -0.061     1.925    cfo/windows/output_record_reg[15]
  -------------------------------------------------------------------
                         required time                          1.925    
                         arrival time                          -2.034    
  -------------------------------------------------------------------
                         slack                                 -0.109    

Slack (VIOLATED) :        -0.109ns  (required time - arrival time)
  Source:                 cfo/windows/poison_sync/syncstages_ff_reg[3]/C
                            (rising edge-triggered cell FDRE clocked by clk500  {rise@0.000ns fall@1.000ns period=2.000ns})
  Destination:            cfo/windows/output_record_reg[33]/CE
                            (rising edge-triggered cell FDRE clocked by clk500  {rise@0.000ns fall@1.000ns period=2.000ns})
  Path Group:             clk500
  Path Type:              Setup (Max at Slow Process Corner)
  Requirement:            2.000ns  (clk500 rise@2.000ns - clk500 rise@0.000ns)
  Data Path Delay:        2.006ns  (logic 0.435ns (21.685%)  route 1.571ns (78.315%))
  Logic Levels:           4  (LUT3=1 LUT5=1 LUT6=2)
  Clock Path Skew:        -0.007ns (DCD - SCD + CPR)
    Destination Clock Delay (DCD):    0.021ns = ( 2.021 - 2.000 ) 
    Source Clock Delay      (SCD):    0.028ns
    Clock Pessimism Removal (CPR):    0.000ns
  Clock Uncertainty:      0.035ns  ((TSJ^2 + TIJ^2)^1/2 + DJ) / 2 + PE
    Total System Jitter     (TSJ):    0.071ns
    Total Input Jitter      (TIJ):    0.000ns
    Discrete Jitter          (DJ):    0.000ns
    Phase Error              (PE):    0.000ns

    Location             Delay type                Incr(ns)  Path(ns)    Netlist Resource(s)
  -------------------------------------------------------------------    -------------------
                         (clock clk500 rise edge)     0.000     0.000 r  
                                                      0.000     0.000 r  clk500 (IN)
                         net (fo=27270, unset)        0.028     0.028    cfo/windows/poison_sync/dest_clk
    SLICE_X158Y100       FDRE                                         r  cfo/windows/poison_sync/syncstages_ff_reg[3]/C
  -------------------------------------------------------------------    -------------------
    SLICE_X158Y100       FDRE (Prop_DFF2_SLICEL_C_Q)
                                                      0.081     0.109 f  cfo/windows/poison_sync/syncstages_ff_reg[3]/Q
                         net (fo=12, routed)          0.687     0.796    cfo/windows/poison500
    SLICE_X142Y84                                                     f  cfo/windows/packed_count[1]_i_1/I0
    SLICE_X142Y84        LUT3 (Prop_F6LUT_SLICEM_I0_O)
                                                      0.051     0.847 f  cfo/windows/packed_count[1]_i_1/O
                         net (fo=11, routed)          0.102     0.949    cfo/windows/fast_stop
    SLICE_X142Y85                                                     f  cfo/windows/window_credits_i_3/I5
    SLICE_X142Y85        LUT6 (Prop_E6LUT_SLICEM_I5_O)
                                                      0.091     1.040 f  cfo/windows/window_credits_i_3/O
                         net (fo=3, routed)           0.052     1.092    cfo/windows/window_credits_i_3_n_0
    SLICE_X142Y85                                                     f  cfo/windows/window_credits_i_2/I5
    SLICE_X142Y85        LUT6 (Prop_D6LUT_SLICEM_I5_O)
                                                      0.088     1.180 r  cfo/windows/window_credits_i_2/O
                         net (fo=19, routed)          0.257     1.437    cfo/windows/p_30_in
    SLICE_X142Y82                                                     r  cfo/windows/output_record[134]_i_1_rewire/I0
    SLICE_X142Y82        LUT5 (Prop_E6LUT_SLICEM_I0_O)
                                                      0.124     1.561 r  cfo/windows/output_record[134]_i_1_rewire/O
                         net (fo=115, routed)         0.473     2.034    cfo/windows/output_record
    SLICE_X142Y91        FDRE                                         r  cfo/windows/output_record_reg[33]/CE
  -------------------------------------------------------------------    -------------------

                         (clock clk500 rise edge)     2.000     2.000 r  
                                                      0.000     2.000 r  clk500 (IN)
                         net (fo=27270, unset)        0.021     2.021    cfo/windows/clk500
    SLICE_X142Y91        FDRE                                         r  cfo/windows/output_record_reg[33]/C
                         clock pessimism              0.000     2.021    
                         clock uncertainty           -0.035     1.986    
    SLICE_X142Y91        FDRE (Setup_GFF_SLICEM_C_CE)
                                                     -0.061     1.925    cfo/windows/output_record_reg[33]
  -------------------------------------------------------------------
                         required time                          1.925    
                         arrival time                          -2.034    
  -------------------------------------------------------------------
                         slack                                 -0.109    

Slack (VIOLATED) :        -0.109ns  (required time - arrival time)
  Source:                 cfo/windows/poison_sync/syncstages_ff_reg[3]/C
                            (rising edge-triggered cell FDRE clocked by clk500  {rise@0.000ns fall@1.000ns period=2.000ns})
  Destination:            cfo/windows/output_record_reg[45]/CE
                            (rising edge-triggered cell FDRE clocked by clk500  {rise@0.000ns fall@1.000ns period=2.000ns})
  Path Group:             clk500
  Path Type:              Setup (Max at Slow Process Corner)
  Requirement:            2.000ns  (clk500 rise@2.000ns - clk500 rise@0.000ns)
  Data Path Delay:        2.006ns  (logic 0.435ns (21.685%)  route 1.571ns (78.315%))
  Logic Levels:           4  (LUT3=1 LUT5=1 LUT6=2)
  Clock Path Skew:        -0.007ns (DCD - SCD + CPR)
    Destination Clock Delay (DCD):    0.021ns = ( 2.021 - 2.000 ) 
    Source Clock Delay      (SCD):    0.028ns
    Clock Pessimism Removal (CPR):    0.000ns
  Clock Uncertainty:      0.035ns  ((TSJ^2 + TIJ^2)^1/2 + DJ) / 2 + PE
    Total System Jitter     (TSJ):    0.071ns
    Total Input Jitter      (TIJ):    0.000ns
    Discrete Jitter          (DJ):    0.000ns
    Phase Error              (PE):    0.000ns

    Location             Delay type                Incr(ns)  Path(ns)    Netlist Resource(s)
  -------------------------------------------------------------------    -------------------
                         (clock clk500 rise edge)     0.000     0.000 r  
                                                      0.000     0.000 r  clk500 (IN)
                         net (fo=27270, unset)        0.028     0.028    cfo/windows/poison_sync/dest_clk
    SLICE_X158Y100       FDRE                                         r  cfo/windows/poison_sync/syncstages_ff_reg[3]/C
  -------------------------------------------------------------------    -------------------
    SLICE_X158Y100       FDRE (Prop_DFF2_SLICEL_C_Q)
                                                      0.081     0.109 f  cfo/windows/poison_sync/syncstages_ff_reg[3]/Q
                         net (fo=12, routed)          0.687     0.796    cfo/windows/poison500
    SLICE_X142Y84                                                     f  cfo/windows/packed_count[1]_i_1/I0
    SLICE_X142Y84        LUT3 (Prop_F6LUT_SLICEM_I0_O)
                                                      0.051     0.847 f  cfo/windows/packed_count[1]_i_1/O
                         net (fo=11, routed)          0.102     0.949    cfo/windows/fast_stop
    SLICE_X142Y85                                                     f  cfo/windows/window_credits_i_3/I5
    SLICE_X142Y85        LUT6 (Prop_E6LUT_SLICEM_I5_O)
                                                      0.091     1.040 f  cfo/windows/window_credits_i_3/O
                         net (fo=3, routed)           0.052     1.092    cfo/windows/window_credits_i_3_n_0
    SLICE_X142Y85                                                     f  cfo/windows/window_credits_i_2/I5
    SLICE_X142Y85        LUT6 (Prop_D6LUT_SLICEM_I5_O)
                                                      0.088     1.180 r  cfo/windows/window_credits_i_2/O
                         net (fo=19, routed)          0.257     1.437    cfo/windows/p_30_in
    SLICE_X142Y82                                                     r  cfo/windows/output_record[134]_i_1_rewire/I0
    SLICE_X142Y82        LUT5 (Prop_E6LUT_SLICEM_I0_O)
                                                      0.124     1.561 r  cfo/windows/output_record[134]_i_1_rewire/O
                         net (fo=115, routed)         0.473     2.034    cfo/windows/output_record
    SLICE_X142Y91        FDRE                                         r  cfo/windows/output_record_reg[45]/CE
  -------------------------------------------------------------------    -------------------

                         (clock clk500 rise edge)     2.000     2.000 r  
                                                      0.000     2.000 r  clk500 (IN)
                         net (fo=27270, unset)        0.021     2.021    cfo/windows/clk500
    SLICE_X142Y91        FDRE                                         r  cfo/windows/output_record_reg[45]/C
                         clock pessimism              0.000     2.021    
                         clock uncertainty           -0.035     1.986    
    SLICE_X142Y91        FDRE (Setup_FFF_SLICEM_C_CE)
                                                     -0.061     1.925    cfo/windows/output_record_reg[45]
  -------------------------------------------------------------------
                         required time                          1.925    
                         arrival time                          -2.034    
  -------------------------------------------------------------------
                         slack                                 -0.109    

Slack (VIOLATED) :        -0.109ns  (required time - arrival time)
  Source:                 cfo/windows/poison_sync/syncstages_ff_reg[3]/C
                            (rising edge-triggered cell FDRE clocked by clk500  {rise@0.000ns fall@1.000ns period=2.000ns})
  Destination:            cfo/windows/output_record_reg[6]/CE
                            (rising edge-triggered cell FDRE clocked by clk500  {rise@0.000ns fall@1.000ns period=2.000ns})
  Path Group:             clk500
  Path Type:              Setup (Max at Slow Process Corner)
  Requirement:            2.000ns  (clk500 rise@2.000ns - clk500 rise@0.000ns)
  Data Path Delay:        2.006ns  (logic 0.435ns (21.685%)  route 1.571ns (78.315%))
  Logic Levels:           4  (LUT3=1 LUT5=1 LUT6=2)
  Clock Path Skew:        -0.007ns (DCD - SCD + CPR)
    Destination Clock Delay (DCD):    0.021ns = ( 2.021 - 2.000 ) 
    Source Clock Delay      (SCD):    0.028ns
    Clock Pessimism Removal (CPR):    0.000ns
  Clock Uncertainty:      0.035ns  ((TSJ^2 + TIJ^2)^1/2 + DJ) / 2 + PE
    Total System Jitter     (TSJ):    0.071ns
    Total Input Jitter      (TIJ):    0.000ns
    Discrete Jitter          (DJ):    0.000ns
    Phase Error              (PE):    0.000ns

    Location             Delay type                Incr(ns)  Path(ns)    Netlist Resource(s)
  -------------------------------------------------------------------    -------------------
                         (clock clk500 rise edge)     0.000     0.000 r  
                                                      0.000     0.000 r  clk500 (IN)
                         net (fo=27270, unset)        0.028     0.028    cfo/windows/poison_sync/dest_clk
    SLICE_X158Y100       FDRE                                         r  cfo/windows/poison_sync/syncstages_ff_reg[3]/C
  -------------------------------------------------------------------    -------------------
    SLICE_X158Y100       FDRE (Prop_DFF2_SLICEL_C_Q)
                                                      0.081     0.109 f  cfo/windows/poison_sync/syncstages_ff_reg[3]/Q
                         net (fo=12, routed)          0.687     0.796    cfo/windows/poison500
    SLICE_X142Y84                                                     f  cfo/windows/packed_count[1]_i_1/I0
    SLICE_X142Y84        LUT3 (Prop_F6LUT_SLICEM_I0_O)
                                                      0.051     0.847 f  cfo/windows/packed_count[1]_i_1/O
                         net (fo=11, routed)          0.102     0.949    cfo/windows/fast_stop
    SLICE_X142Y85                                                     f  cfo/windows/window_credits_i_3/I5
    SLICE_X142Y85        LUT6 (Prop_E6LUT_SLICEM_I5_O)
                                                      0.091     1.040 f  cfo/windows/window_credits_i_3/O
                         net (fo=3, routed)           0.052     1.092    cfo/windows/window_credits_i_3_n_0
    SLICE_X142Y85                                                     f  cfo/windows/window_credits_i_2/I5
    SLICE_X142Y85        LUT6 (Prop_D6LUT_SLICEM_I5_O)
                                                      0.088     1.180 r  cfo/windows/window_credits_i_2/O
                         net (fo=19, routed)          0.257     1.437    cfo/windows/p_30_in
    SLICE_X142Y82                                                     r  cfo/windows/output_record[134]_i_1_rewire/I0
    SLICE_X142Y82        LUT5 (Prop_E6LUT_SLICEM_I0_O)
                                                      0.124     1.561 r  cfo/windows/output_record[134]_i_1_rewire/O
                         net (fo=115, routed)         0.473     2.034    cfo/windows/output_record
    SLICE_X141Y92        FDRE                                         r  cfo/windows/output_record_reg[6]/CE
  -------------------------------------------------------------------    -------------------

                         (clock clk500 rise edge)     2.000     2.000 r  
                                                      0.000     2.000 r  clk500 (IN)
                         net (fo=27270, unset)        0.021     2.021    cfo/windows/clk500
    SLICE_X141Y92        FDRE                                         r  cfo/windows/output_record_reg[6]/C
                         clock pessimism              0.000     2.021    
                         clock uncertainty           -0.035     1.986    
    SLICE_X141Y92        FDRE (Setup_FFF_SLICEM_C_CE)
                                                     -0.061     1.925    cfo/windows/output_record_reg[6]
  -------------------------------------------------------------------
                         required time                          1.925    
                         arrival time                          -2.034    
  -------------------------------------------------------------------
                         slack                                 -0.109    

Slack (VIOLATED) :        -0.109ns  (required time - arrival time)
  Source:                 cfo/windows/poison_sync/syncstages_ff_reg[3]/C
                            (rising edge-triggered cell FDRE clocked by clk500  {rise@0.000ns fall@1.000ns period=2.000ns})
  Destination:            cfo/windows/output_record_reg[9]/CE
                            (rising edge-triggered cell FDRE clocked by clk500  {rise@0.000ns fall@1.000ns period=2.000ns})
  Path Group:             clk500
  Path Type:              Setup (Max at Slow Process Corner)
  Requirement:            2.000ns  (clk500 rise@2.000ns - clk500 rise@0.000ns)
  Data Path Delay:        2.006ns  (logic 0.435ns (21.685%)  route 1.571ns (78.315%))
  Logic Levels:           4  (LUT3=1 LUT5=1 LUT6=2)
  Clock Path Skew:        -0.007ns (DCD - SCD + CPR)
    Destination Clock Delay (DCD):    0.021ns = ( 2.021 - 2.000 ) 
    Source Clock Delay      (SCD):    0.028ns
    Clock Pessimism Removal (CPR):    0.000ns
  Clock Uncertainty:      0.035ns  ((TSJ^2 + TIJ^2)^1/2 + DJ) / 2 + PE
    Total System Jitter     (TSJ):    0.071ns
    Total Input Jitter      (TIJ):    0.000ns
    Discrete Jitter          (DJ):    0.000ns
    Phase Error              (PE):    0.000ns

    Location             Delay type                Incr(ns)  Path(ns)    Netlist Resource(s)
  -------------------------------------------------------------------    -------------------
                         (clock clk500 rise edge)     0.000     0.000 r  
                                                      0.000     0.000 r  clk500 (IN)
                         net (fo=27270, unset)        0.028     0.028    cfo/windows/poison_sync/dest_clk
    SLICE_X158Y100       FDRE                                         r  cfo/windows/poison_sync/syncstages_ff_reg[3]/C
  -------------------------------------------------------------------    -------------------
    SLICE_X158Y100       FDRE (Prop_DFF2_SLICEL_C_Q)
                                                      0.081     0.109 f  cfo/windows/poison_sync/syncstages_ff_reg[3]/Q
                         net (fo=12, routed)          0.687     0.796    cfo/windows/poison500
    SLICE_X142Y84                                                     f  cfo/windows/packed_count[1]_i_1/I0
    SLICE_X142Y84        LUT3 (Prop_F6LUT_SLICEM_I0_O)
                                                      0.051     0.847 f  cfo/windows/packed_count[1]_i_1/O
                         net (fo=11, routed)          0.102     0.949    cfo/windows/fast_stop
    SLICE_X142Y85                                                     f  cfo/windows/window_credits_i_3/I5
    SLICE_X142Y85        LUT6 (Prop_E6LUT_SLICEM_I5_O)
                                                      0.091     1.040 f  cfo/windows/window_credits_i_3/O
                         net (fo=3, routed)           0.052     1.092    cfo/windows/window_credits_i_3_n_0
    SLICE_X142Y85                                                     f  cfo/windows/window_credits_i_2/I5
    SLICE_X142Y85        LUT6 (Prop_D6LUT_SLICEM_I5_O)
                                                      0.088     1.180 r  cfo/windows/window_credits_i_2/O
                         net (fo=19, routed)          0.257     1.437    cfo/windows/p_30_in
    SLICE_X142Y82                                                     r  cfo/windows/output_record[134]_i_1_rewire/I0
    SLICE_X142Y82        LUT5 (Prop_E6LUT_SLICEM_I0_O)
                                                      0.124     1.561 r  cfo/windows/output_record[134]_i_1_rewire/O
                         net (fo=115, routed)         0.473     2.034    cfo/windows/output_record
    SLICE_X142Y91        FDRE                                         r  cfo/windows/output_record_reg[9]/CE
  -------------------------------------------------------------------    -------------------

                         (clock clk500 rise edge)     2.000     2.000 r  
                                                      0.000     2.000 r  clk500 (IN)
                         net (fo=27270, unset)        0.021     2.021    cfo/windows/clk500
    SLICE_X142Y91        FDRE                                         r  cfo/windows/output_record_reg[9]/C
                         clock pessimism              0.000     2.021    
                         clock uncertainty           -0.035     1.986    
    SLICE_X142Y91        FDRE (Setup_EFF_SLICEM_C_CE)
                                                     -0.061     1.925    cfo/windows/output_record_reg[9]
  -------------------------------------------------------------------
                         required time                          1.925    
                         arrival time                          -2.034    
  -------------------------------------------------------------------
                         slack                                 -0.109    

Slack (VIOLATED) :        -0.109ns  (required time - arrival time)
  Source:                 cfo/windows/poison_sync/syncstages_ff_reg[3]/C
                            (rising edge-triggered cell FDRE clocked by clk500  {rise@0.000ns fall@1.000ns period=2.000ns})
  Destination:            cfo/windows/packed_windows/fifo/gnuram_async_fifo.xpm_fifo_base_inst/gen_sdpram.xpm_memory_base_inst/gen_wr_a.gen_word_narrow.mem_reg_bram_5/ENBWREN
                            (rising edge-triggered cell RAMB36E2 clocked by clk500  {rise@0.000ns fall@1.000ns period=2.000ns})
  Path Group:             clk500
  Path Type:              Setup (Max at Slow Process Corner)
  Requirement:            2.000ns  (clk500 rise@2.000ns - clk500 rise@0.000ns)
  Data Path Delay:        1.744ns  (logic 0.242ns (13.876%)  route 1.502ns (86.124%))
  Logic Levels:           3  (LUT4=1 LUT6=2)
  Clock Path Skew:        0.012ns (DCD - SCD + CPR)
    Destination Clock Delay (DCD):    0.040ns = ( 2.040 - 2.000 ) 
    Source Clock Delay      (SCD):    0.028ns
    Clock Pessimism Removal (CPR):    0.000ns
  Clock Uncertainty:      0.035ns  ((TSJ^2 + TIJ^2)^1/2 + DJ) / 2 + PE
    Total System Jitter     (TSJ):    0.071ns
    Total Input Jitter      (TIJ):    0.000ns
    Discrete Jitter          (DJ):    0.000ns
    Phase Error              (PE):    0.000ns

    Location             Delay type                Incr(ns)  Path(ns)    Netlist Resource(s)
  -------------------------------------------------------------------    -------------------
                         (clock clk500 rise edge)     0.000     0.000 r  
                                                      0.000     0.000 r  clk500 (IN)
                         net (fo=27270, unset)        0.028     0.028    cfo/windows/poison_sync/dest_clk
    SLICE_X158Y100       FDRE                                         r  cfo/windows/poison_sync/syncstages_ff_reg[3]/C
  -------------------------------------------------------------------    -------------------
    SLICE_X158Y100       FDRE (Prop_DFF2_SLICEL_C_Q)
                                                      0.081     0.109 f  cfo/windows/poison_sync/syncstages_ff_reg[3]/Q
                         net (fo=12, routed)          0.474     0.583    cfo/windows/poison500
    SLICE_X162Y132                                                    f  cfo/windows/packed_windows_i_2/I3
    SLICE_X162Y132       LUT4 (Prop_F6LUT_SLICEM_I3_O)
                                                      0.037     0.620 r  cfo/windows/packed_windows_i_2/O
                         net (fo=2, routed)           0.097     0.717    cfo/windows/packed_windows/m_ready
    SLICE_X164Y132                                                    r  cfo/windows/packed_windows/fifo_i_2_replica/I5
    SLICE_X164Y132       LUT6 (Prop_F6LUT_SLICEM_I5_O)
                                                      0.088     0.805 r  cfo/windows/packed_windows/fifo_i_2_replica/O
                         net (fo=7, routed)           0.153     0.958    cfo/windows/packed_windows/fifo/gnuram_async_fifo.xpm_fifo_base_inst/gen_sdpram.xpm_memory_base_inst/rd_en0_repN_alias
    SLICE_X165Y134                                                    r  cfo/windows/packed_windows/fifo/gnuram_async_fifo.xpm_fifo_base_inst/gen_sdpram.xpm_memory_base_inst/gen_wr_a.gen_word_narrow.mem_reg_bram_1_i_3_comp/I5
    SLICE_X165Y134       LUT6 (Prop_B6LUT_SLICEL_I5_O)
                                                      0.036     0.994 r  cfo/windows/packed_windows/fifo/gnuram_async_fifo.xpm_fifo_base_inst/gen_sdpram.xpm_memory_base_inst/gen_wr_a.gen_word_narrow.mem_reg_bram_1_i_3_comp/O
                         net (fo=3, routed)           0.778     1.772    cfo/windows/packed_windows/fifo/gnuram_async_fifo.xpm_fifo_base_inst/gen_sdpram.xpm_memory_base_inst/gen_wr_a.gen_word_narrow.mem_reg_bram_1_i_3_n_0
    RAMB36_X11Y32        RAMB36E2                                     r  cfo/windows/packed_windows/fifo/gnuram_async_fifo.xpm_fifo_base_inst/gen_sdpram.xpm_memory_base_inst/gen_wr_a.gen_word_narrow.mem_reg_bram_5/ENBWREN
  -------------------------------------------------------------------    -------------------

                         (clock clk500 rise edge)     2.000     2.000 r  
                                                      0.000     2.000 r  clk500 (IN)
                         net (fo=27270, unset)        0.040     2.040    cfo/windows/packed_windows/fifo/gnuram_async_fifo.xpm_fifo_base_inst/gen_sdpram.xpm_memory_base_inst/clkb
    RAMB36_X11Y32        RAMB36E2                                     r  cfo/windows/packed_windows/fifo/gnuram_async_fifo.xpm_fifo_base_inst/gen_sdpram.xpm_memory_base_inst/gen_wr_a.gen_word_narrow.mem_reg_bram_5/CLKBWRCLK
                         clock pessimism              0.000     2.040    
                         clock uncertainty           -0.035     2.005    
    RAMB36_X11Y32        RAMB36E2 (Setup_RAMB36E2_RAMB36_CLKBWRCLK_ENBWREN)
                                                     -0.342     1.663    cfo/windows/packed_windows/fifo/gnuram_async_fifo.xpm_fifo_base_inst/gen_sdpram.xpm_memory_base_inst/gen_wr_a.gen_word_narrow.mem_reg_bram_5
  -------------------------------------------------------------------
                         required time                          1.663    
                         arrival time                          -1.772    
  -------------------------------------------------------------------
                         slack                                 -0.109    

Slack (VIOLATED) :        -0.107ns  (required time - arrival time)
  Source:                 cfo/windows/poison_sync/syncstages_ff_reg[3]/C
                            (rising edge-triggered cell FDRE clocked by clk500  {rise@0.000ns fall@1.000ns period=2.000ns})
  Destination:            cfo/observation_front/fft_core/bank1_reg_bram_0/DINADIN[15]
                            (rising edge-triggered cell RAMB36E2 clocked by clk500  {rise@0.000ns fall@1.000ns period=2.000ns})
  Path Group:             clk500
  Path Type:              Setup (Max at Slow Process Corner)
  Requirement:            2.000ns  (clk500 rise@2.000ns - clk500 rise@0.000ns)
  Data Path Delay:        1.826ns  (logic 0.306ns (16.758%)  route 1.520ns (83.242%))
  Logic Levels:           3  (LUT4=1 LUT6=2)
  Clock Path Skew:        0.011ns (DCD - SCD + CPR)
    Destination Clock Delay (DCD):    0.039ns = ( 2.039 - 2.000 ) 
    Source Clock Delay      (SCD):    0.028ns
    Clock Pessimism Removal (CPR):    0.000ns
  Clock Uncertainty:      0.035ns  ((TSJ^2 + TIJ^2)^1/2 + DJ) / 2 + PE
    Total System Jitter     (TSJ):    0.071ns
    Total Input Jitter      (TIJ):    0.000ns
    Discrete Jitter          (DJ):    0.000ns
    Phase Error              (PE):    0.000ns

    Location             Delay type                Incr(ns)  Path(ns)    Netlist Resource(s)
  -------------------------------------------------------------------    -------------------
                         (clock clk500 rise edge)     0.000     0.000 r  
                                                      0.000     0.000 r  clk500 (IN)
                         net (fo=27270, unset)        0.028     0.028    cfo/windows/poison_sync/dest_clk
    SLICE_X158Y100       FDRE                                         r  cfo/windows/poison_sync/syncstages_ff_reg[3]/C
  -------------------------------------------------------------------    -------------------
    SLICE_X158Y100       FDRE (Prop_DFF2_SLICEL_C_Q)
                                                      0.081     0.109 f  cfo/windows/poison_sync/syncstages_ff_reg[3]/Q
                         net (fo=12, routed)          0.800     0.909    cfo/windows/poison500
    SLICE_X142Y73                                                     f  cfo/windows/m_valid_INST_0/I3
    SLICE_X142Y73        LUT4 (Prop_E6LUT_SLICEM_I3_O)
                                                      0.052     0.961 r  cfo/windows/m_valid_INST_0/O
                         net (fo=8, routed)           0.100     1.061    cfo/observation_front/fft_core/m_valid_alias
    SLICE_X143Y73                                                     r  cfo/observation_front/fft_core/bank1_reg_bram_0_i_69_comp_3/I4
    SLICE_X143Y73        LUT6 (Prop_A6LUT_SLICEL_I4_O)
                                                      0.050     1.111 r  cfo/observation_front/fft_core/bank1_reg_bram_0_i_69_comp_3/O
                         net (fo=47, routed)          0.233     1.344    cfo/observation_front/fft_core/bank1_reg_bram_0_i_69_n_0
    SLICE_X142Y71                                                     r  cfo/observation_front/fft_core/bank1_reg_bram_0_i_40/I0
    SLICE_X142Y71        LUT6 (Prop_G6LUT_SLICEM_I0_O)
                                                      0.123     1.467 r  cfo/observation_front/fft_core/bank1_reg_bram_0_i_40/O
                         net (fo=1, routed)           0.387     1.854    cfo/observation_front/fft_core/bank1_reg_bram_0_i_40_n_0
    RAMB36_X10Y13        RAMB36E2                                     r  cfo/observation_front/fft_core/bank1_reg_bram_0/DINADIN[15]
  -------------------------------------------------------------------    -------------------

                         (clock clk500 rise edge)     2.000     2.000 r  
                                                      0.000     2.000 r  clk500 (IN)
                         net (fo=27270, unset)        0.039     2.039    cfo/observation_front/fft_core/clk
    RAMB36_X10Y13        RAMB36E2                                     r  cfo/observation_front/fft_core/bank1_reg_bram_0/CLKARDCLK
                         clock pessimism              0.000     2.039    
                         clock uncertainty           -0.035     2.004    
    RAMB36_X10Y13        RAMB36E2 (Setup_RAMB36E2_RAMB36_CLKARDCLK_DINADIN[15])
                                                     -0.257     1.747    cfo/observation_front/fft_core/bank1_reg_bram_0
  -------------------------------------------------------------------
                         required time                          1.747    
                         arrival time                          -1.854    
  -------------------------------------------------------------------
                         slack                                 -0.107    

Slack (VIOLATED) :        -0.104ns  (required time - arrival time)
  Source:                 cfo/observation_front/fft_core/offset_in_group_reg[0]/C
                            (rising edge-triggered cell FDRE clocked by clk500  {rise@0.000ns fall@1.000ns period=2.000ns})
  Destination:            cfo/observation_front/fft_core/tw_index_reg_rep/ADDRARDADDR[14]
                            (rising edge-triggered cell RAMB36E2 clocked by clk500  {rise@0.000ns fall@1.000ns period=2.000ns})
  Path Group:             clk500
  Path Type:              Setup (Max at Slow Process Corner)
  Requirement:            2.000ns  (clk500 rise@2.000ns - clk500 rise@0.000ns)
  Data Path Delay:        1.792ns  (logic 0.537ns (29.967%)  route 1.255ns (70.033%))
  Logic Levels:           4  (LUT4=1 LUT6=3)
  Clock Path Skew:        0.010ns (DCD - SCD + CPR)
    Destination Clock Delay (DCD):    0.039ns = ( 2.039 - 2.000 ) 
    Source Clock Delay      (SCD):    0.029ns
    Clock Pessimism Removal (CPR):    0.000ns
  Clock Uncertainty:      0.035ns  ((TSJ^2 + TIJ^2)^1/2 + DJ) / 2 + PE
    Total System Jitter     (TSJ):    0.071ns
    Total Input Jitter      (TIJ):    0.000ns
    Discrete Jitter          (DJ):    0.000ns
    Phase Error              (PE):    0.000ns

    Location             Delay type                Incr(ns)  Path(ns)    Netlist Resource(s)
  -------------------------------------------------------------------    -------------------
                         (clock clk500 rise edge)     0.000     0.000 r  
                                                      0.000     0.000 r  clk500 (IN)
                         net (fo=27270, unset)        0.029     0.029    cfo/observation_front/fft_core/clk
    SLICE_X140Y61        FDRE                                         r  cfo/observation_front/fft_core/offset_in_group_reg[0]/C
  -------------------------------------------------------------------    -------------------
    SLICE_X140Y61        FDRE (Prop_GFF_SLICEL_C_Q)
                                                      0.079     0.108 r  cfo/observation_front/fft_core/offset_in_group_reg[0]/Q
                         net (fo=13, routed)          0.345     0.453    cfo/observation_front/fft_core/offset_in_group_reg_n_0_[0]
    SLICE_X139Y65                                                     r  cfo/observation_front/fft_core/tw_index_reg_rep_i_39/I2
    SLICE_X139Y65        LUT6 (Prop_D6LUT_SLICEM_I2_O)
                                                      0.145     0.598 r  cfo/observation_front/fft_core/tw_index_reg_rep_i_39/O
                         net (fo=1, routed)           0.101     0.699    cfo/observation_front/fft_core/tw_index_reg_rep_i_39_n_0
    SLICE_X139Y63                                                     r  cfo/observation_front/fft_core/tw_index_reg_rep_i_25/I0
    SLICE_X139Y63        LUT6 (Prop_H6LUT_SLICEM_I0_O)
                                                      0.101     0.800 r  cfo/observation_front/fft_core/tw_index_reg_rep_i_25/O
                         net (fo=1, routed)           0.238     1.038    cfo/observation_front/fft_core/tw_index_reg_rep_i_25_n_0
    SLICE_X143Y63                                                     r  cfo/observation_front/fft_core/tw_index_reg_rep_i_16/I4
    SLICE_X143Y63        LUT6 (Prop_C6LUT_SLICEL_I4_O)
                                                      0.088     1.126 f  cfo/observation_front/fft_core/tw_index_reg_rep_i_16/O
                         net (fo=31, routed)          0.179     1.305    cfo/observation_front/fft_core/tw_index_reg_rep_i_16_n_0
    SLICE_X143Y63                                                     f  cfo/observation_front/fft_core/tw_index_reg_rep_i_3/I2
    SLICE_X143Y63        LUT4 (Prop_H6LUT_SLICEL_I2_O)
                                                      0.124     1.429 r  cfo/observation_front/fft_core/tw_index_reg_rep_i_3/O
                         net (fo=1, routed)           0.392     1.821    cfo/observation_front/fft_core/tw_index_reg_rep_i_3_n_0
    RAMB36_X10Y12        RAMB36E2                                     r  cfo/observation_front/fft_core/tw_index_reg_rep/ADDRARDADDR[14]
  -------------------------------------------------------------------    -------------------

                         (clock clk500 rise edge)     2.000     2.000 r  
                                                      0.000     2.000 r  clk500 (IN)
                         net (fo=27270, unset)        0.039     2.039    cfo/observation_front/fft_core/clk
    RAMB36_X10Y12        RAMB36E2                                     r  cfo/observation_front/fft_core/tw_index_reg_rep/CLKARDCLK
                         clock pessimism              0.000     2.039    
                         clock uncertainty           -0.035     2.004    
    RAMB36_X10Y12        RAMB36E2 (Setup_RAMB36E2_RAMB36_CLKARDCLK_ADDRARDADDR[14])
                                                     -0.287     1.717    cfo/observation_front/fft_core/tw_index_reg_rep
  -------------------------------------------------------------------
                         required time                          1.717    
                         arrival time                          -1.821    
  -------------------------------------------------------------------
                         slack                                 -0.104    

Slack (VIOLATED) :        -0.103ns  (required time - arrival time)
  Source:                 cfo/windows/poison_sync/syncstages_ff_reg[3]/C
                            (rising edge-triggered cell FDRE clocked by clk500  {rise@0.000ns fall@1.000ns period=2.000ns})
  Destination:            cfo/observation_front/fft_core/bank0_reg_bram_0/ADDRARDADDR[11]
                            (rising edge-triggered cell RAMB36E2 clocked by clk500  {rise@0.000ns fall@1.000ns period=2.000ns})
  Path Group:             clk500
  Path Type:              Setup (Max at Slow Process Corner)
  Requirement:            2.000ns  (clk500 rise@2.000ns - clk500 rise@0.000ns)
  Data Path Delay:        1.785ns  (logic 0.220ns (12.325%)  route 1.565ns (87.675%))
  Logic Levels:           3  (LUT4=2 LUT6=1)
  Clock Path Skew:        0.011ns (DCD - SCD + CPR)
    Destination Clock Delay (DCD):    0.039ns = ( 2.039 - 2.000 ) 
    Source Clock Delay      (SCD):    0.028ns
    Clock Pessimism Removal (CPR):    0.000ns
  Clock Uncertainty:      0.035ns  ((TSJ^2 + TIJ^2)^1/2 + DJ) / 2 + PE
    Total System Jitter     (TSJ):    0.071ns
    Total Input Jitter      (TIJ):    0.000ns
    Discrete Jitter          (DJ):    0.000ns
    Phase Error              (PE):    0.000ns

    Location             Delay type                Incr(ns)  Path(ns)    Netlist Resource(s)
  -------------------------------------------------------------------    -------------------
                         (clock clk500 rise edge)     0.000     0.000 r  
                                                      0.000     0.000 r  clk500 (IN)
                         net (fo=27270, unset)        0.028     0.028    cfo/windows/poison_sync/dest_clk
    SLICE_X158Y100       FDRE                                         r  cfo/windows/poison_sync/syncstages_ff_reg[3]/C
  -------------------------------------------------------------------    -------------------
    SLICE_X158Y100       FDRE (Prop_DFF2_SLICEL_C_Q)
                                                      0.081     0.109 f  cfo/windows/poison_sync/syncstages_ff_reg[3]/Q
                         net (fo=12, routed)          0.800     0.909    cfo/windows/poison500
    SLICE_X142Y73                                                     f  cfo/windows/m_valid_INST_0/I3
    SLICE_X142Y73        LUT4 (Prop_E6LUT_SLICEM_I3_O)
                                                      0.052     0.961 r  cfo/windows/m_valid_INST_0/O
                         net (fo=8, routed)           0.100     1.061    cfo/observation_front/s_valid
    SLICE_X143Y73                                                     r  cfo/observation_front/fft_core_i_1/I0
    SLICE_X143Y73        LUT4 (Prop_E6LUT_SLICEL_I0_O)
                                                      0.035     1.096 r  cfo/observation_front/fft_core_i_1/O
                         net (fo=5, routed)           0.284     1.380    cfo/observation_front/fft_core/s_valid
    SLICE_X145Y71                                                     r  cfo/observation_front/fft_core/bank0_reg_bram_0_i_6_comp_1/I4
    SLICE_X145Y71        LUT6 (Prop_B6LUT_SLICEM_I4_O)
                                                      0.052     1.432 r  cfo/observation_front/fft_core/bank0_reg_bram_0_i_6_comp_1/O
                         net (fo=2, routed)           0.381     1.813    cfo/observation_front/fft_core/waddr0[6]
    RAMB36_X10Y14        RAMB36E2                                     r  cfo/observation_front/fft_core/bank0_reg_bram_0/ADDRARDADDR[11]
  -------------------------------------------------------------------    -------------------

                         (clock clk500 rise edge)     2.000     2.000 r  
                                                      0.000     2.000 r  clk500 (IN)
                         net (fo=27270, unset)        0.039     2.039    cfo/observation_front/fft_core/clk
    RAMB36_X10Y14        RAMB36E2                                     r  cfo/observation_front/fft_core/bank0_reg_bram_0/CLKARDCLK
                         clock pessimism              0.000     2.039    
                         clock uncertainty           -0.035     2.004    
    RAMB36_X10Y14        RAMB36E2 (Setup_RAMB36E2_RAMB36_CLKARDCLK_ADDRARDADDR[11])
                                                     -0.294     1.710    cfo/observation_front/fft_core/bank0_reg_bram_0
  -------------------------------------------------------------------
                         required time                          1.710    
                         arrival time                          -1.813    
  -------------------------------------------------------------------
                         slack                                 -0.103    

Slack (VIOLATED) :        -0.099ns  (required time - arrival time)
  Source:                 cfo/windows/poison_sync/syncstages_ff_reg[3]/C
                            (rising edge-triggered cell FDRE clocked by clk500  {rise@0.000ns fall@1.000ns period=2.000ns})
  Destination:            cfo/observation_front/fft_core/bank1_reg_bram_1/ADDRARDADDR[13]
                            (rising edge-triggered cell RAMB18E2 clocked by clk500  {rise@0.000ns fall@1.000ns period=2.000ns})
  Path Group:             clk500
  Path Type:              Setup (Max at Slow Process Corner)
  Requirement:            2.000ns  (clk500 rise@2.000ns - clk500 rise@0.000ns)
  Data Path Delay:        1.807ns  (logic 0.220ns (12.175%)  route 1.587ns (87.825%))
  Logic Levels:           3  (LUT4=1 LUT6=2)
  Clock Path Skew:        0.011ns (DCD - SCD + CPR)
    Destination Clock Delay (DCD):    0.039ns = ( 2.039 - 2.000 ) 
    Source Clock Delay      (SCD):    0.028ns
    Clock Pessimism Removal (CPR):    0.000ns
  Clock Uncertainty:      0.035ns  ((TSJ^2 + TIJ^2)^1/2 + DJ) / 2 + PE
    Total System Jitter     (TSJ):    0.071ns
    Total Input Jitter      (TIJ):    0.000ns
    Discrete Jitter          (DJ):    0.000ns
    Phase Error              (PE):    0.000ns

    Location             Delay type                Incr(ns)  Path(ns)    Netlist Resource(s)
  -------------------------------------------------------------------    -------------------
                         (clock clk500 rise edge)     0.000     0.000 r  
                                                      0.000     0.000 r  clk500 (IN)
                         net (fo=27270, unset)        0.028     0.028    cfo/windows/poison_sync/dest_clk
    SLICE_X158Y100       FDRE                                         r  cfo/windows/poison_sync/syncstages_ff_reg[3]/C
  -------------------------------------------------------------------    -------------------
    SLICE_X158Y100       FDRE (Prop_DFF2_SLICEL_C_Q)
                                                      0.081     0.109 f  cfo/windows/poison_sync/syncstages_ff_reg[3]/Q
                         net (fo=12, routed)          0.800     0.909    cfo/windows/poison500
    SLICE_X142Y73                                                     f  cfo/windows/m_valid_INST_0/I3
    SLICE_X142Y73        LUT4 (Prop_E6LUT_SLICEM_I3_O)
                                                      0.052     0.961 r  cfo/windows/m_valid_INST_0/O
                         net (fo=8, routed)           0.100     1.061    cfo/observation_front/fft_core/m_valid_alias
    SLICE_X143Y73                                                     r  cfo/observation_front/fft_core/bank1_reg_bram_0_i_69_comp_3/I4
    SLICE_X143Y73        LUT6 (Prop_A6LUT_SLICEL_I4_O)
                                                      0.050     1.111 r  cfo/observation_front/fft_core/bank1_reg_bram_0_i_69_comp_3/O
                         net (fo=47, routed)          0.385     1.496    cfo/observation_front/fft_core/bank1_reg_bram_0_i_69_n_0
    SLICE_X146Y71                                                     r  cfo/observation_front/fft_core/bank1_reg_bram_0_i_4_comp/I4
    SLICE_X146Y71        LUT6 (Prop_B6LUT_SLICEM_I4_O)
                                                      0.037     1.533 r  cfo/observation_front/fft_core/bank1_reg_bram_0_i_4_comp/O
                         net (fo=2, routed)           0.302     1.835    cfo/observation_front/fft_core/waddr1[9]
    RAMB18_X10Y30        RAMB18E2                                     r  cfo/observation_front/fft_core/bank1_reg_bram_1/ADDRARDADDR[13]
  -------------------------------------------------------------------    -------------------

                         (clock clk500 rise edge)     2.000     2.000 r  
                                                      0.000     2.000 r  clk500 (IN)
                         net (fo=27270, unset)        0.039     2.039    cfo/observation_front/fft_core/clk
    RAMB18_X10Y30        RAMB18E2                                     r  cfo/observation_front/fft_core/bank1_reg_bram_1/CLKARDCLK
                         clock pessimism              0.000     2.039    
                         clock uncertainty           -0.035     2.004    
    RAMB18_X10Y30        RAMB18E2 (Setup_RAMB18E2_L_RAMB180_CLKARDCLK_ADDRARDADDR[13])
                                                     -0.268     1.736    cfo/observation_front/fft_core/bank1_reg_bram_1
  -------------------------------------------------------------------
                         required time                          1.736    
                         arrival time                          -1.835    
  -------------------------------------------------------------------
                         slack                                 -0.099    

Slack (VIOLATED) :        -0.099ns  (required time - arrival time)
  Source:                 cfo/windows/poison_sync/syncstages_ff_reg[3]/C
                            (rising edge-triggered cell FDRE clocked by clk500  {rise@0.000ns fall@1.000ns period=2.000ns})
  Destination:            cfo/windows/window_credits/fifo/gnuram_async_fifo.xpm_fifo_base_inst/wrpp2_inst/count_value_i_reg[3]/CE
                            (rising edge-triggered cell FDRE clocked by clk500  {rise@0.000ns fall@1.000ns period=2.000ns})
  Path Group:             clk500
  Path Type:              Setup (Max at Slow Process Corner)
  Requirement:            2.000ns  (clk500 rise@2.000ns - clk500 rise@0.000ns)
  Data Path Delay:        1.996ns  (logic 0.436ns (21.844%)  route 1.560ns (78.156%))
  Logic Levels:           4  (LUT3=1 LUT5=1 LUT6=2)
  Clock Path Skew:        -0.007ns (DCD - SCD + CPR)
    Destination Clock Delay (DCD):    0.021ns = ( 2.021 - 2.000 ) 
    Source Clock Delay      (SCD):    0.028ns
    Clock Pessimism Removal (CPR):    0.000ns
  Clock Uncertainty:      0.035ns  ((TSJ^2 + TIJ^2)^1/2 + DJ) / 2 + PE
    Total System Jitter     (TSJ):    0.071ns
    Total Input Jitter      (TIJ):    0.000ns
    Discrete Jitter          (DJ):    0.000ns
    Phase Error              (PE):    0.000ns

    Location             Delay type                Incr(ns)  Path(ns)    Netlist Resource(s)
  -------------------------------------------------------------------    -------------------
                         (clock clk500 rise edge)     0.000     0.000 r  
                                                      0.000     0.000 r  clk500 (IN)
                         net (fo=27270, unset)        0.028     0.028    cfo/windows/poison_sync/dest_clk
    SLICE_X158Y100       FDRE                                         r  cfo/windows/poison_sync/syncstages_ff_reg[3]/C
  -------------------------------------------------------------------    -------------------
    SLICE_X158Y100       FDRE (Prop_DFF2_SLICEL_C_Q)
                                                      0.081     0.109 f  cfo/windows/poison_sync/syncstages_ff_reg[3]/Q
                         net (fo=12, routed)          0.687     0.796    cfo/windows/poison500
    SLICE_X142Y84                                                     f  cfo/windows/packed_count[1]_i_1/I0
    SLICE_X142Y84        LUT3 (Prop_F6LUT_SLICEM_I0_O)
                                                      0.051     0.847 f  cfo/windows/packed_count[1]_i_1/O
                         net (fo=11, routed)          0.102     0.949    cfo/windows/fast_stop
    SLICE_X142Y85                                                     f  cfo/windows/window_credits_i_3/I5
    SLICE_X142Y85        LUT6 (Prop_E6LUT_SLICEM_I5_O)
                                                      0.091     1.040 f  cfo/windows/window_credits_i_3/O
                         net (fo=3, routed)           0.052     1.092    cfo/windows/window_credits_i_3_n_0
    SLICE_X142Y85                                                     f  cfo/windows/window_credits_i_2/I5
    SLICE_X142Y85        LUT6 (Prop_D6LUT_SLICEM_I5_O)
                                                      0.088     1.180 r  cfo/windows/window_credits_i_2/O
                         net (fo=19, routed)          0.406     1.586    cfo/windows/window_credits/fifo/gnuram_async_fifo.xpm_fifo_base_inst/p_30_in_alias_alias
    SLICE_X139Y78                                                     r  cfo/windows/window_credits/fifo/gnuram_async_fifo.xpm_fifo_base_inst/gen_sdpram.xpm_memory_base_inst_i_1_rewire/I0
    SLICE_X139Y78        LUT5 (Prop_H6LUT_SLICEM_I0_O)
                                                      0.125     1.711 r  cfo/windows/window_credits/fifo/gnuram_async_fifo.xpm_fifo_base_inst/gen_sdpram.xpm_memory_base_inst_i_1_rewire/O
                         net (fo=15, routed)          0.313     2.024    cfo/windows/window_credits/fifo/gnuram_async_fifo.xpm_fifo_base_inst/wrpp2_inst/cnt_en
    SLICE_X137Y79        FDRE                                         r  cfo/windows/window_credits/fifo/gnuram_async_fifo.xpm_fifo_base_inst/wrpp2_inst/count_value_i_reg[3]/CE
  -------------------------------------------------------------------    -------------------

                         (clock clk500 rise edge)     2.000     2.000 r  
                                                      0.000     2.000 r  clk500 (IN)
                         net (fo=27270, unset)        0.021     2.021    cfo/windows/window_credits/fifo/gnuram_async_fifo.xpm_fifo_base_inst/wrpp2_inst/clk
    SLICE_X137Y79        FDRE                                         r  cfo/windows/window_credits/fifo/gnuram_async_fifo.xpm_fifo_base_inst/wrpp2_inst/count_value_i_reg[3]/C
                         clock pessimism              0.000     2.021    
                         clock uncertainty           -0.035     1.986    
    SLICE_X137Y79        FDRE (Setup_AFF_SLICEM_C_CE)
                                                     -0.061     1.925    cfo/windows/window_credits/fifo/gnuram_async_fifo.xpm_fifo_base_inst/wrpp2_inst/count_value_i_reg[3]
  -------------------------------------------------------------------
                         required time                          1.925    
                         arrival time                          -2.024    
  -------------------------------------------------------------------
                         slack                                 -0.099    

Slack (VIOLATED) :        -0.099ns  (required time - arrival time)
  Source:                 cfo/windows/poison_sync/syncstages_ff_reg[3]/C
                            (rising edge-triggered cell FDRE clocked by clk500  {rise@0.000ns fall@1.000ns period=2.000ns})
  Destination:            cfo/observation_front/fft_core/bank1_reg_bram_0/DINPADINP[0]
                            (rising edge-triggered cell RAMB36E2 clocked by clk500  {rise@0.000ns fall@1.000ns period=2.000ns})
  Path Group:             clk500
  Path Type:              Setup (Max at Slow Process Corner)
  Requirement:            2.000ns  (clk500 rise@2.000ns - clk500 rise@0.000ns)
  Data Path Delay:        1.847ns  (logic 0.220ns (11.911%)  route 1.627ns (88.089%))
  Logic Levels:           3  (LUT4=1 LUT6=2)
  Clock Path Skew:        0.011ns (DCD - SCD + CPR)
    Destination Clock Delay (DCD):    0.039ns = ( 2.039 - 2.000 ) 
    Source Clock Delay      (SCD):    0.028ns
    Clock Pessimism Removal (CPR):    0.000ns
  Clock Uncertainty:      0.035ns  ((TSJ^2 + TIJ^2)^1/2 + DJ) / 2 + PE
    Total System Jitter     (TSJ):    0.071ns
    Total Input Jitter      (TIJ):    0.000ns
    Discrete Jitter          (DJ):    0.000ns
    Phase Error              (PE):    0.000ns

    Location             Delay type                Incr(ns)  Path(ns)    Netlist Resource(s)
  -------------------------------------------------------------------    -------------------
                         (clock clk500 rise edge)     0.000     0.000 r  
                                                      0.000     0.000 r  clk500 (IN)
                         net (fo=27270, unset)        0.028     0.028    cfo/windows/poison_sync/dest_clk
    SLICE_X158Y100       FDRE                                         r  cfo/windows/poison_sync/syncstages_ff_reg[3]/C
  -------------------------------------------------------------------    -------------------
    SLICE_X158Y100       FDRE (Prop_DFF2_SLICEL_C_Q)
                                                      0.081     0.109 f  cfo/windows/poison_sync/syncstages_ff_reg[3]/Q
                         net (fo=12, routed)          0.800     0.909    cfo/windows/poison500
    SLICE_X142Y73                                                     f  cfo/windows/m_valid_INST_0/I3
    SLICE_X142Y73        LUT4 (Prop_E6LUT_SLICEM_I3_O)
                                                      0.052     0.961 r  cfo/windows/m_valid_INST_0/O
                         net (fo=8, routed)           0.100     1.061    cfo/observation_front/fft_core/m_valid_alias
    SLICE_X143Y73                                                     r  cfo/observation_front/fft_core/bank1_reg_bram_0_i_69_comp_3/I4
    SLICE_X143Y73        LUT6 (Prop_A6LUT_SLICEL_I4_O)
                                                      0.050     1.111 r  cfo/observation_front/fft_core/bank1_reg_bram_0_i_69_comp_3/O
                         net (fo=47, routed)          0.389     1.500    cfo/observation_front/fft_core/bank1_reg_bram_0_i_69_n_0
    SLICE_X146Y71                                                     r  cfo/observation_front/fft_core/bank1_reg_bram_0_i_59/I0
    SLICE_X146Y71        LUT6 (Prop_C6LUT_SLICEM_I0_O)
                                                      0.037     1.537 r  cfo/observation_front/fft_core/bank1_reg_bram_0_i_59/O
                         net (fo=1, routed)           0.338     1.875    cfo/observation_front/fft_core/bank1_reg_bram_0_i_59_n_0
    RAMB36_X10Y13        RAMB36E2                                     r  cfo/observation_front/fft_core/bank1_reg_bram_0/DINPADINP[0]
  -------------------------------------------------------------------    -------------------

                         (clock clk500 rise edge)     2.000     2.000 r  
                                                      0.000     2.000 r  clk500 (IN)
                         net (fo=27270, unset)        0.039     2.039    cfo/observation_front/fft_core/clk
    RAMB36_X10Y13        RAMB36E2                                     r  cfo/observation_front/fft_core/bank1_reg_bram_0/CLKARDCLK
                         clock pessimism              0.000     2.039    
                         clock uncertainty           -0.035     2.004    
    RAMB36_X10Y13        RAMB36E2 (Setup_RAMB36E2_RAMB36_CLKARDCLK_DINPADINP[0])
                                                     -0.228     1.776    cfo/observation_front/fft_core/bank1_reg_bram_0
  -------------------------------------------------------------------
                         required time                          1.776    
                         arrival time                          -1.875    
  -------------------------------------------------------------------
                         slack                                 -0.099    

Slack (VIOLATED) :        -0.099ns  (required time - arrival time)
  Source:                 cfo/observation_front/coefficient_page0_data_reg_0_1/CLKARDCLK
                            (rising edge-triggered cell RAMB36E2 clocked by clk500  {rise@0.000ns fall@1.000ns period=2.000ns})
  Destination:            cfo/observation_front/rr3_reg_i_2_psdsp_1/D
                            (rising edge-triggered cell FDRE clocked by clk500  {rise@0.000ns fall@1.000ns period=2.000ns})
  Path Group:             clk500
  Path Type:              Setup (Max at Slow Process Corner)
  Requirement:            2.000ns  (clk500 rise@2.000ns - clk500 rise@0.000ns)
  Data Path Delay:        2.033ns  (logic 1.160ns (57.059%)  route 0.873ns (42.941%))
  Logic Levels:           2  (LUT3=1 LUT6=1)
  Clock Path Skew:        -0.056ns (DCD - SCD + CPR)
    Destination Clock Delay (DCD):    0.020ns = ( 2.020 - 2.000 ) 
    Source Clock Delay      (SCD):    0.076ns
    Clock Pessimism Removal (CPR):    0.000ns
  Clock Uncertainty:      0.035ns  ((TSJ^2 + TIJ^2)^1/2 + DJ) / 2 + PE
    Total System Jitter     (TSJ):    0.071ns
    Total Input Jitter      (TIJ):    0.000ns
    Discrete Jitter          (DJ):    0.000ns
    Phase Error              (PE):    0.000ns

    Location             Delay type                Incr(ns)  Path(ns)    Netlist Resource(s)
  -------------------------------------------------------------------    -------------------
                         (clock clk500 rise edge)     0.000     0.000 r  
                                                      0.000     0.000 r  clk500 (IN)
                         net (fo=27270, unset)        0.076     0.076    cfo/observation_front/clk
    RAMB36_X10Y22        RAMB36E2                                     r  cfo/observation_front/coefficient_page0_data_reg_0_1/CLKARDCLK
  -------------------------------------------------------------------    -------------------
    RAMB36_X10Y22        RAMB36E2 (Prop_RAMB36E2_RAMB36_CLKARDCLK_DOUTADOUT[0])
                                                      1.020     1.096 r  cfo/observation_front/coefficient_page0_data_reg_0_1/DOUTADOUT[0]
                         net (fo=3, routed)           0.680     1.776    cfo/observation_front/coefficient_page0_data_reg[1]
    SLICE_X145Y63                                                     r  cfo/observation_front/rr3_reg_i_6/I2
    SLICE_X145Y63        LUT3 (Prop_F6LUT_SLICEM_I2_O)
                                                      0.051     1.827 r  cfo/observation_front/rr3_reg_i_6/O
                         net (fo=8, routed)           0.138     1.965    cfo/observation_front/coefficient_index0[1]
    SLICE_X144Y62                                                     r  cfo/observation_front/rr3_reg_i_2/I5
    SLICE_X144Y62        LUT6 (Prop_G6LUT_SLICEL_I5_O)
                                                      0.089     2.054 r  cfo/observation_front/rr3_reg_i_2/O
                         net (fo=2, routed)           0.055     2.109    cfo/observation_front/rr3_reg_i_2_n_0
    SLICE_X144Y62        FDRE                                         r  cfo/observation_front/rr3_reg_i_2_psdsp_1/D
  -------------------------------------------------------------------    -------------------

                         (clock clk500 rise edge)     2.000     2.000 r  
                                                      0.000     2.000 r  clk500 (IN)
                         net (fo=27270, unset)        0.020     2.020    cfo/observation_front/clk
    SLICE_X144Y62        FDRE                                         r  cfo/observation_front/rr3_reg_i_2_psdsp_1/C
                         clock pessimism              0.000     2.020    
                         clock uncertainty           -0.035     1.985    
    SLICE_X144Y62        FDRE (Setup_GFF_SLICEL_C_D)
                                                      0.025     2.010    cfo/observation_front/rr3_reg_i_2_psdsp_1
  -------------------------------------------------------------------
                         required time                          2.010    
                         arrival time                          -2.109    
  -------------------------------------------------------------------
                         slack                                 -0.099    

Slack (VIOLATED) :        -0.098ns  (required time - arrival time)
  Source:                 cfo/windows/poison_sync/syncstages_ff_reg[3]/C
                            (rising edge-triggered cell FDRE clocked by clk500  {rise@0.000ns fall@1.000ns period=2.000ns})
  Destination:            cfo/windows/window_credits/fifo/gnuram_async_fifo.xpm_fifo_base_inst/wrpp2_inst/count_value_i_reg[4]/CE
                            (rising edge-triggered cell FDRE clocked by clk500  {rise@0.000ns fall@1.000ns period=2.000ns})
  Path Group:             clk500
  Path Type:              Setup (Max at Slow Process Corner)
  Requirement:            2.000ns  (clk500 rise@2.000ns - clk500 rise@0.000ns)
  Data Path Delay:        1.996ns  (logic 0.436ns (21.844%)  route 1.560ns (78.156%))
  Logic Levels:           4  (LUT3=1 LUT5=1 LUT6=2)
  Clock Path Skew:        -0.007ns (DCD - SCD + CPR)
    Destination Clock Delay (DCD):    0.021ns = ( 2.021 - 2.000 ) 
    Source Clock Delay      (SCD):    0.028ns
    Clock Pessimism Removal (CPR):    0.000ns
  Clock Uncertainty:      0.035ns  ((TSJ^2 + TIJ^2)^1/2 + DJ) / 2 + PE
    Total System Jitter     (TSJ):    0.071ns
    Total Input Jitter      (TIJ):    0.000ns
    Discrete Jitter          (DJ):    0.000ns
    Phase Error              (PE):    0.000ns

    Location             Delay type                Incr(ns)  Path(ns)    Netlist Resource(s)
  -------------------------------------------------------------------    -------------------
                         (clock clk500 rise edge)     0.000     0.000 r  
                                                      0.000     0.000 r  clk500 (IN)
                         net (fo=27270, unset)        0.028     0.028    cfo/windows/poison_sync/dest_clk
    SLICE_X158Y100       FDRE                                         r  cfo/windows/poison_sync/syncstages_ff_reg[3]/C
  -------------------------------------------------------------------    -------------------
    SLICE_X158Y100       FDRE (Prop_DFF2_SLICEL_C_Q)
                                                      0.081     0.109 f  cfo/windows/poison_sync/syncstages_ff_reg[3]/Q
                         net (fo=12, routed)          0.687     0.796    cfo/windows/poison500
    SLICE_X142Y84                                                     f  cfo/windows/packed_count[1]_i_1/I0
    SLICE_X142Y84        LUT3 (Prop_F6LUT_SLICEM_I0_O)
                                                      0.051     0.847 f  cfo/windows/packed_count[1]_i_1/O
                         net (fo=11, routed)          0.102     0.949    cfo/windows/fast_stop
    SLICE_X142Y85                                                     f  cfo/windows/window_credits_i_3/I5
    SLICE_X142Y85        LUT6 (Prop_E6LUT_SLICEM_I5_O)
                                                      0.091     1.040 f  cfo/windows/window_credits_i_3/O
                         net (fo=3, routed)           0.052     1.092    cfo/windows/window_credits_i_3_n_0
    SLICE_X142Y85                                                     f  cfo/windows/window_credits_i_2/I5
    SLICE_X142Y85        LUT6 (Prop_D6LUT_SLICEM_I5_O)
                                                      0.088     1.180 r  cfo/windows/window_credits_i_2/O
                         net (fo=19, routed)          0.406     1.586    cfo/windows/window_credits/fifo/gnuram_async_fifo.xpm_fifo_base_inst/p_30_in_alias_alias
    SLICE_X139Y78                                                     r  cfo/windows/window_credits/fifo/gnuram_async_fifo.xpm_fifo_base_inst/gen_sdpram.xpm_memory_base_inst_i_1_rewire/I0
    SLICE_X139Y78        LUT5 (Prop_H6LUT_SLICEM_I0_O)
                                                      0.125     1.711 r  cfo/windows/window_credits/fifo/gnuram_async_fifo.xpm_fifo_base_inst/gen_sdpram.xpm_memory_base_inst_i_1_rewire/O
                         net (fo=15, routed)          0.313     2.024    cfo/windows/window_credits/fifo/gnuram_async_fifo.xpm_fifo_base_inst/wrpp2_inst/cnt_en
    SLICE_X137Y79        FDRE                                         r  cfo/windows/window_credits/fifo/gnuram_async_fifo.xpm_fifo_base_inst/wrpp2_inst/count_value_i_reg[4]/CE
  -------------------------------------------------------------------    -------------------

                         (clock clk500 rise edge)     2.000     2.000 r  
                                                      0.000     2.000 r  clk500 (IN)
                         net (fo=27270, unset)        0.021     2.021    cfo/windows/window_credits/fifo/gnuram_async_fifo.xpm_fifo_base_inst/wrpp2_inst/clk
    SLICE_X137Y79        FDRE                                         r  cfo/windows/window_credits/fifo/gnuram_async_fifo.xpm_fifo_base_inst/wrpp2_inst/count_value_i_reg[4]/C
                         clock pessimism              0.000     2.021    
                         clock uncertainty           -0.035     1.986    
    SLICE_X137Y79        FDRE (Setup_AFF2_SLICEM_C_CE)
                                                     -0.060     1.926    cfo/windows/window_credits/fifo/gnuram_async_fifo.xpm_fifo_base_inst/wrpp2_inst/count_value_i_reg[4]
  -------------------------------------------------------------------
                         required time                          1.926    
                         arrival time                          -2.024    
  -------------------------------------------------------------------
                         slack                                 -0.098    

Slack (VIOLATED) :        -0.098ns  (required time - arrival time)
  Source:                 cfo/observation_front/coefficient_page0_data_reg_0_1/CLKARDCLK
                            (rising edge-triggered cell RAMB36E2 clocked by clk500  {rise@0.000ns fall@1.000ns period=2.000ns})
  Destination:            cfo/observation_front/rr3_reg_i_2_psdsp/D
                            (rising edge-triggered cell FDRE clocked by clk500  {rise@0.000ns fall@1.000ns period=2.000ns})
  Path Group:             clk500
  Path Type:              Setup (Max at Slow Process Corner)
  Requirement:            2.000ns  (clk500 rise@2.000ns - clk500 rise@0.000ns)
  Data Path Delay:        2.032ns  (logic 1.160ns (57.087%)  route 0.872ns (42.913%))
  Logic Levels:           2  (LUT3=1 LUT6=1)
  Clock Path Skew:        -0.056ns (DCD - SCD + CPR)
    Destination Clock Delay (DCD):    0.020ns = ( 2.020 - 2.000 ) 
    Source Clock Delay      (SCD):    0.076ns
    Clock Pessimism Removal (CPR):    0.000ns
  Clock Uncertainty:      0.035ns  ((TSJ^2 + TIJ^2)^1/2 + DJ) / 2 + PE
    Total System Jitter     (TSJ):    0.071ns
    Total Input Jitter      (TIJ):    0.000ns
    Discrete Jitter          (DJ):    0.000ns
    Phase Error              (PE):    0.000ns

    Location             Delay type                Incr(ns)  Path(ns)    Netlist Resource(s)
  -------------------------------------------------------------------    -------------------
                         (clock clk500 rise edge)     0.000     0.000 r  
                                                      0.000     0.000 r  clk500 (IN)
                         net (fo=27270, unset)        0.076     0.076    cfo/observation_front/clk
    RAMB36_X10Y22        RAMB36E2                                     r  cfo/observation_front/coefficient_page0_data_reg_0_1/CLKARDCLK
  -------------------------------------------------------------------    -------------------
    RAMB36_X10Y22        RAMB36E2 (Prop_RAMB36E2_RAMB36_CLKARDCLK_DOUTADOUT[0])
                                                      1.020     1.096 r  cfo/observation_front/coefficient_page0_data_reg_0_1/DOUTADOUT[0]
                         net (fo=3, routed)           0.680     1.776    cfo/observation_front/coefficient_page0_data_reg[1]
    SLICE_X145Y63                                                     r  cfo/observation_front/rr3_reg_i_6/I2
    SLICE_X145Y63        LUT3 (Prop_F6LUT_SLICEM_I2_O)
                                                      0.051     1.827 r  cfo/observation_front/rr3_reg_i_6/O
                         net (fo=8, routed)           0.138     1.965    cfo/observation_front/coefficient_index0[1]
    SLICE_X144Y62                                                     r  cfo/observation_front/rr3_reg_i_2/I5
    SLICE_X144Y62        LUT6 (Prop_G6LUT_SLICEL_I5_O)
                                                      0.089     2.054 r  cfo/observation_front/rr3_reg_i_2/O
                         net (fo=2, routed)           0.054     2.108    cfo/observation_front/rr3_reg_i_2_n_0
    SLICE_X144Y62        FDRE                                         r  cfo/observation_front/rr3_reg_i_2_psdsp/D
  -------------------------------------------------------------------    -------------------

                         (clock clk500 rise edge)     2.000     2.000 r  
                                                      0.000     2.000 r  clk500 (IN)
                         net (fo=27270, unset)        0.020     2.020    cfo/observation_front/clk
    SLICE_X144Y62        FDRE                                         r  cfo/observation_front/rr3_reg_i_2_psdsp/C
                         clock pessimism              0.000     2.020    
                         clock uncertainty           -0.035     1.985    
    SLICE_X144Y62        FDRE (Setup_GFF2_SLICEL_C_D)
                                                      0.025     2.010    cfo/observation_front/rr3_reg_i_2_psdsp
  -------------------------------------------------------------------
                         required time                          2.010    
                         arrival time                          -2.108    
  -------------------------------------------------------------------
                         slack                                 -0.098    

Slack (VIOLATED) :        -0.097ns  (required time - arrival time)
  Source:                 cfo/observation_front/fft_core/input_index_reg[3]/C
                            (rising edge-triggered cell FDRE clocked by clk500  {rise@0.000ns fall@1.000ns period=2.000ns})
  Destination:            cfo/observation_front/fft_core/bank1_reg_bram_0/ADDRARDADDR[10]
                            (rising edge-triggered cell RAMB36E2 clocked by clk500  {rise@0.000ns fall@1.000ns period=2.000ns})
  Path Group:             clk500
  Path Type:              Setup (Max at Slow Process Corner)
  Requirement:            2.000ns  (clk500 rise@2.000ns - clk500 rise@0.000ns)
  Data Path Delay:        1.795ns  (logic 0.487ns (27.131%)  route 1.308ns (72.869%))
  Logic Levels:           4  (LUT4=1 LUT5=2 LUT6=1)
  Clock Path Skew:        0.009ns (DCD - SCD + CPR)
    Destination Clock Delay (DCD):    0.039ns = ( 2.039 - 2.000 ) 
    Source Clock Delay      (SCD):    0.030ns
    Clock Pessimism Removal (CPR):    0.000ns
  Clock Uncertainty:      0.035ns  ((TSJ^2 + TIJ^2)^1/2 + DJ) / 2 + PE
    Total System Jitter     (TSJ):    0.071ns
    Total Input Jitter      (TIJ):    0.000ns
    Discrete Jitter          (DJ):    0.000ns
    Phase Error              (PE):    0.000ns

    Location             Delay type                Incr(ns)  Path(ns)    Netlist Resource(s)
  -------------------------------------------------------------------    -------------------
                         (clock clk500 rise edge)     0.000     0.000 r  
                                                      0.000     0.000 r  clk500 (IN)
                         net (fo=27270, unset)        0.030     0.030    cfo/observation_front/fft_core/clk
    SLICE_X139Y73        FDRE                                         r  cfo/observation_front/fft_core/input_index_reg[3]/C
  -------------------------------------------------------------------    -------------------
    SLICE_X139Y73        FDRE (Prop_DFF2_SLICEM_C_Q)
                                                      0.080     0.110 r  cfo/observation_front/fft_core/input_index_reg[3]/Q
                         net (fo=9, routed)           0.182     0.292    cfo/observation_front/fft_core/x[3]
    SLICE_X139Y73                                                     r  cfo/observation_front/fft_core/bank1_reg_bram_0_i_71/I1
    SLICE_X139Y73        LUT4 (Prop_A6LUT_SLICEM_I1_O)
                                                      0.100     0.392 r  cfo/observation_front/fft_core/bank1_reg_bram_0_i_71/O
                         net (fo=1, routed)           0.254     0.646    cfo/observation_front/fft_core/bank1_reg_bram_0_i_71_n_0
    SLICE_X143Y71                                                     r  cfo/observation_front/fft_core/bank1_reg_bram_0_i_61/I1
    SLICE_X143Y71        LUT5 (Prop_A6LUT_SLICEL_I1_O)
                                                      0.035     0.681 r  cfo/observation_front/fft_core/bank1_reg_bram_0_i_61/O
                         net (fo=8, routed)           0.318     0.999    cfo/observation_front/fft_core/p_2_in
    SLICE_X144Y73                                                     r  cfo/observation_front/fft_core/bank1_reg_bram_0_i_69_comp_2/I4
    SLICE_X144Y73        LUT5 (Prop_G6LUT_SLICEL_I4_O)
                                                      0.123     1.122 r  cfo/observation_front/fft_core/bank1_reg_bram_0_i_69_comp_2/O
                         net (fo=1, routed)           0.217     1.339    cfo/observation_front/fft_core/bank1_reg_bram_0_i_69_n_0_repN_2
    SLICE_X145Y72                                                     r  cfo/observation_front/fft_core/bank1_reg_bram_0_i_8_comp_1/I5
    SLICE_X145Y72        LUT6 (Prop_B6LUT_SLICEM_I5_O)
                                                      0.149     1.488 r  cfo/observation_front/fft_core/bank1_reg_bram_0_i_8_comp_1/O
                         net (fo=2, routed)           0.337     1.825    cfo/observation_front/fft_core/waddr1[5]
    RAMB36_X10Y13        RAMB36E2                                     r  cfo/observation_front/fft_core/bank1_reg_bram_0/ADDRARDADDR[10]
  -------------------------------------------------------------------    -------------------

                         (clock clk500 rise edge)     2.000     2.000 r  
                                                      0.000     2.000 r  clk500 (IN)
                         net (fo=27270, unset)        0.039     2.039    cfo/observation_front/fft_core/clk
    RAMB36_X10Y13        RAMB36E2                                     r  cfo/observation_front/fft_core/bank1_reg_bram_0/CLKARDCLK
                         clock pessimism              0.000     2.039    
                         clock uncertainty           -0.035     2.004    
    RAMB36_X10Y13        RAMB36E2 (Setup_RAMB36E2_RAMB36_CLKARDCLK_ADDRARDADDR[10])
                                                     -0.276     1.728    cfo/observation_front/fft_core/bank1_reg_bram_0
  -------------------------------------------------------------------
                         required time                          1.728    
                         arrival time                          -1.825    
  -------------------------------------------------------------------
                         slack                                 -0.097    

Slack (VIOLATED) :        -0.097ns  (required time - arrival time)
  Source:                 cfo/windows/poison_sync/syncstages_ff_reg[3]/C
                            (rising edge-triggered cell FDRE clocked by clk500  {rise@0.000ns fall@1.000ns period=2.000ns})
  Destination:            cfo/observation_front/fft_core/m_saturations_reg[2]/CE
                            (rising edge-triggered cell FDRE clocked by clk500  {rise@0.000ns fall@1.000ns period=2.000ns})
  Path Group:             clk500
  Path Type:              Setup (Max at Slow Process Corner)
  Requirement:            2.000ns  (clk500 rise@2.000ns - clk500 rise@0.000ns)
  Data Path Delay:        1.995ns  (logic 0.235ns (11.779%)  route 1.760ns (88.221%))
  Logic Levels:           3  (LUT4=2 LUT6=1)
  Clock Path Skew:        -0.008ns (DCD - SCD + CPR)
    Destination Clock Delay (DCD):    0.020ns = ( 2.020 - 2.000 ) 
    Source Clock Delay      (SCD):    0.028ns
    Clock Pessimism Removal (CPR):    0.000ns
  Clock Uncertainty:      0.035ns  ((TSJ^2 + TIJ^2)^1/2 + DJ) / 2 + PE
    Total System Jitter     (TSJ):    0.071ns
    Total Input Jitter      (TIJ):    0.000ns
    Discrete Jitter          (DJ):    0.000ns
    Phase Error              (PE):    0.000ns

    Location             Delay type                Incr(ns)  Path(ns)    Netlist Resource(s)
  -------------------------------------------------------------------    -------------------
                         (clock clk500 rise edge)     0.000     0.000 r  
                                                      0.000     0.000 r  clk500 (IN)
                         net (fo=27270, unset)        0.028     0.028    cfo/windows/poison_sync/dest_clk
    SLICE_X158Y100       FDRE                                         r  cfo/windows/poison_sync/syncstages_ff_reg[3]/C
  -------------------------------------------------------------------    -------------------
    SLICE_X158Y100       FDRE (Prop_DFF2_SLICEL_C_Q)
                                                      0.081     0.109 f  cfo/windows/poison_sync/syncstages_ff_reg[3]/Q
                         net (fo=12, routed)          0.800     0.909    cfo/windows/poison500
    SLICE_X142Y73                                                     f  cfo/windows/m_valid_INST_0/I3
    SLICE_X142Y73        LUT4 (Prop_E6LUT_SLICEM_I3_O)
                                                      0.052     0.961 r  cfo/windows/m_valid_INST_0/O
                         net (fo=8, routed)           0.190     1.151    cfo/observation_front/s_valid
    SLICE_X141Y73                                                     r  cfo/observation_front/fft_core_i_1_replica_1/I0
    SLICE_X141Y73        LUT4 (Prop_G6LUT_SLICEM_I0_O)
                                                      0.052     1.203 r  cfo/observation_front/fft_core_i_1_replica_1/O
                         net (fo=3, routed)           0.174     1.377    cfo/observation_front/fft_core/fft_s_valid_repN_1_alias
    SLICE_X140Y73                                                     r  cfo/observation_front/fft_core/m_saturations[15]_i_1/I2
    SLICE_X140Y73        LUT6 (Prop_A6LUT_SLICEL_I2_O)
                                                      0.050     1.427 r  cfo/observation_front/fft_core/m_saturations[15]_i_1/O
                         net (fo=13, routed)          0.596     2.023    cfo/observation_front/fft_core/m_saturations[15]_i_1_n_0
    SLICE_X136Y37        FDRE                                         r  cfo/observation_front/fft_core/m_saturations_reg[2]/CE
  -------------------------------------------------------------------    -------------------

                         (clock clk500 rise edge)     2.000     2.000 r  
                                                      0.000     2.000 r  clk500 (IN)
                         net (fo=27270, unset)        0.020     2.020    cfo/observation_front/fft_core/clk
    SLICE_X136Y37        FDRE                                         r  cfo/observation_front/fft_core/m_saturations_reg[2]/C
                         clock pessimism              0.000     2.020    
                         clock uncertainty           -0.035     1.985    
    SLICE_X136Y37        FDRE (Setup_BFF2_SLICEL_C_CE)
                                                     -0.059     1.926    cfo/observation_front/fft_core/m_saturations_reg[2]
  -------------------------------------------------------------------
                         required time                          1.926    
                         arrival time                          -2.023    
  -------------------------------------------------------------------
                         slack                                 -0.097    

Slack (VIOLATED) :        -0.094ns  (required time - arrival time)
  Source:                 cfo/windows/poison_sync/syncstages_ff_reg[3]/C
                            (rising edge-triggered cell FDRE clocked by clk500  {rise@0.000ns fall@1.000ns period=2.000ns})
  Destination:            cfo/observation_front/fft_core/m_saturations_reg[10]/CE
                            (rising edge-triggered cell FDRE clocked by clk500  {rise@0.000ns fall@1.000ns period=2.000ns})
  Path Group:             clk500
  Path Type:              Setup (Max at Slow Process Corner)
  Requirement:            2.000ns  (clk500 rise@2.000ns - clk500 rise@0.000ns)
  Data Path Delay:        1.991ns  (logic 0.235ns (11.803%)  route 1.756ns (88.197%))
  Logic Levels:           3  (LUT4=2 LUT6=1)
  Clock Path Skew:        -0.008ns (DCD - SCD + CPR)
    Destination Clock Delay (DCD):    0.020ns = ( 2.020 - 2.000 ) 
    Source Clock Delay      (SCD):    0.028ns
    Clock Pessimism Removal (CPR):    0.000ns
  Clock Uncertainty:      0.035ns  ((TSJ^2 + TIJ^2)^1/2 + DJ) / 2 + PE
    Total System Jitter     (TSJ):    0.071ns
    Total Input Jitter      (TIJ):    0.000ns
    Discrete Jitter          (DJ):    0.000ns
    Phase Error              (PE):    0.000ns

    Location             Delay type                Incr(ns)  Path(ns)    Netlist Resource(s)
  -------------------------------------------------------------------    -------------------
                         (clock clk500 rise edge)     0.000     0.000 r  
                                                      0.000     0.000 r  clk500 (IN)
                         net (fo=27270, unset)        0.028     0.028    cfo/windows/poison_sync/dest_clk
    SLICE_X158Y100       FDRE                                         r  cfo/windows/poison_sync/syncstages_ff_reg[3]/C
  -------------------------------------------------------------------    -------------------
    SLICE_X158Y100       FDRE (Prop_DFF2_SLICEL_C_Q)
                                                      0.081     0.109 f  cfo/windows/poison_sync/syncstages_ff_reg[3]/Q
                         net (fo=12, routed)          0.800     0.909    cfo/windows/poison500
    SLICE_X142Y73                                                     f  cfo/windows/m_valid_INST_0/I3
    SLICE_X142Y73        LUT4 (Prop_E6LUT_SLICEM_I3_O)
                                                      0.052     0.961 r  cfo/windows/m_valid_INST_0/O
                         net (fo=8, routed)           0.190     1.151    cfo/observation_front/s_valid
    SLICE_X141Y73                                                     r  cfo/observation_front/fft_core_i_1_replica_1/I0
    SLICE_X141Y73        LUT4 (Prop_G6LUT_SLICEM_I0_O)
                                                      0.052     1.203 r  cfo/observation_front/fft_core_i_1_replica_1/O
                         net (fo=3, routed)           0.174     1.377    cfo/observation_front/fft_core/fft_s_valid_repN_1_alias
    SLICE_X140Y73                                                     r  cfo/observation_front/fft_core/m_saturations[15]_i_1/I2
    SLICE_X140Y73        LUT6 (Prop_A6LUT_SLICEL_I2_O)
                                                      0.050     1.427 r  cfo/observation_front/fft_core/m_saturations[15]_i_1/O
                         net (fo=13, routed)          0.592     2.019    cfo/observation_front/fft_core/m_saturations[15]_i_1_n_0
    SLICE_X136Y37        FDRE                                         r  cfo/observation_front/fft_core/m_saturations_reg[10]/CE
  -------------------------------------------------------------------    -------------------

                         (clock clk500 rise edge)     2.000     2.000 r  
                                                      0.000     2.000 r  clk500 (IN)
                         net (fo=27270, unset)        0.020     2.020    cfo/observation_front/fft_core/clk
    SLICE_X136Y37        FDRE                                         r  cfo/observation_front/fft_core/m_saturations_reg[10]/C
                         clock pessimism              0.000     2.020    
                         clock uncertainty           -0.035     1.985    
    SLICE_X136Y37        FDRE (Setup_HFF2_SLICEL_C_CE)
                                                     -0.060     1.925    cfo/observation_front/fft_core/m_saturations_reg[10]
  -------------------------------------------------------------------
                         required time                          1.925    
                         arrival time                          -2.019    
  -------------------------------------------------------------------
                         slack                                 -0.094    

Slack (VIOLATED) :        -0.093ns  (required time - arrival time)
  Source:                 cfo/windows/poison_sync/syncstages_ff_reg[3]/C
                            (rising edge-triggered cell FDRE clocked by clk500  {rise@0.000ns fall@1.000ns period=2.000ns})
  Destination:            cfo/observation_front/fft_core/bank1_reg_bram_0/ADDRARDADDR[6]
                            (rising edge-triggered cell RAMB36E2 clocked by clk500  {rise@0.000ns fall@1.000ns period=2.000ns})
  Path Group:             clk500
  Path Type:              Setup (Max at Slow Process Corner)
  Requirement:            2.000ns  (clk500 rise@2.000ns - clk500 rise@0.000ns)
  Data Path Delay:        1.784ns  (logic 0.221ns (12.388%)  route 1.563ns (87.612%))
  Logic Levels:           3  (LUT4=2 LUT6=1)
  Clock Path Skew:        0.011ns (DCD - SCD + CPR)
    Destination Clock Delay (DCD):    0.039ns = ( 2.039 - 2.000 ) 
    Source Clock Delay      (SCD):    0.028ns
    Clock Pessimism Removal (CPR):    0.000ns
  Clock Uncertainty:      0.035ns  ((TSJ^2 + TIJ^2)^1/2 + DJ) / 2 + PE
    Total System Jitter     (TSJ):    0.071ns
    Total Input Jitter      (TIJ):    0.000ns
    Discrete Jitter          (DJ):    0.000ns
    Phase Error              (PE):    0.000ns

    Location             Delay type                Incr(ns)  Path(ns)    Netlist Resource(s)
  -------------------------------------------------------------------    -------------------
                         (clock clk500 rise edge)     0.000     0.000 r  
                                                      0.000     0.000 r  clk500 (IN)
                         net (fo=27270, unset)        0.028     0.028    cfo/windows/poison_sync/dest_clk
    SLICE_X158Y100       FDRE                                         r  cfo/windows/poison_sync/syncstages_ff_reg[3]/C
  -------------------------------------------------------------------    -------------------
    SLICE_X158Y100       FDRE (Prop_DFF2_SLICEL_C_Q)
                                                      0.081     0.109 f  cfo/windows/poison_sync/syncstages_ff_reg[3]/Q
                         net (fo=12, routed)          0.800     0.909    cfo/windows/poison500
    SLICE_X142Y73                                                     f  cfo/windows/m_valid_INST_0/I3
    SLICE_X142Y73        LUT4 (Prop_E6LUT_SLICEM_I3_O)
                                                      0.052     0.961 r  cfo/windows/m_valid_INST_0/O
                         net (fo=8, routed)           0.100     1.061    cfo/observation_front/s_valid
    SLICE_X143Y73                                                     r  cfo/observation_front/fft_core_i_1/I0
    SLICE_X143Y73        LUT4 (Prop_E6LUT_SLICEL_I0_O)
                                                      0.035     1.096 r  cfo/observation_front/fft_core_i_1/O
                         net (fo=5, routed)           0.287     1.383    cfo/observation_front/fft_core/s_valid
    SLICE_X145Y71                                                     r  cfo/observation_front/fft_core/bank1_reg_bram_0_i_12_comp_1/I4
    SLICE_X145Y71        LUT6 (Prop_A6LUT_SLICEM_I4_O)
                                                      0.053     1.436 r  cfo/observation_front/fft_core/bank1_reg_bram_0_i_12_comp_1/O
                         net (fo=2, routed)           0.376     1.812    cfo/observation_front/fft_core/waddr1[1]
    RAMB36_X10Y13        RAMB36E2                                     r  cfo/observation_front/fft_core/bank1_reg_bram_0/ADDRARDADDR[6]
  -------------------------------------------------------------------    -------------------

                         (clock clk500 rise edge)     2.000     2.000 r  
                                                      0.000     2.000 r  clk500 (IN)
                         net (fo=27270, unset)        0.039     2.039    cfo/observation_front/fft_core/clk
    RAMB36_X10Y13        RAMB36E2                                     r  cfo/observation_front/fft_core/bank1_reg_bram_0/CLKARDCLK
                         clock pessimism              0.000     2.039    
                         clock uncertainty           -0.035     2.004    
    RAMB36_X10Y13        RAMB36E2 (Setup_RAMB36E2_RAMB36_CLKARDCLK_ADDRARDADDR[6])
                                                     -0.285     1.719    cfo/observation_front/fft_core/bank1_reg_bram_0
  -------------------------------------------------------------------
                         required time                          1.719    
                         arrival time                          -1.812    
  -------------------------------------------------------------------
                         slack                                 -0.093    




