GROUP,SLACK,REQUIREMENT,STARTPOINT_PIN,ENDPOINT_PIN,DATAPATH_DELAY,LOGIC_LEVELS
"clk500","-0.199","2.000","cfo/windows/poison_sync/syncstages_ff_reg[3]/C","cfo/windows/packed_count_reg[1]/CE","2.097","4"
"clk500","-0.178","2.000","cfo/windows/poison_sync/syncstages_ff_reg[3]/C","cfo/windows/output_record_reg[105]/CE","2.075","4"
"clk500","-0.175","2.000","cfo/windows/poison_sync/syncstages_ff_reg[3]/C","cfo/windows/output_record_reg[117]/CE","2.072","4"
"clk500","-0.174","2.000","cfo/windows/poison_sync/syncstages_ff_reg[3]/C","cfo/observation_front/fft_core/bank1_reg_bram_1/DINADIN[5]","1.902","3"
"clk500","-0.172","2.000","cfo/windows/poison_sync/syncstages_ff_reg[3]/C","cfo/observation_front/fft_core/bank1_reg_bram_0/DINADIN[8]","1.887","3"
"clk500","-0.169","2.000","cfo/observation_front/coefficient_page0_data_reg_0_1/CLKARDCLK","cfo/observation_front/pr4_reg_i_5_psdsp_1/D","2.103","2"
"clk500","-0.165","2.000","cfo/observation_front/coefficient_page0_data_reg_0_1/CLKARDCLK","cfo/observation_front/rr3_reg_i_5_psdsp/D","2.100","2"
"clk500","-0.164","2.000","cfo/observation_front/coefficient_page0_data_reg_0_1/CLKARDCLK","cfo/observation_front/rr3_reg_i_5_psdsp_1/D","2.099","2"
"clk500","-0.159","2.000","cfo/windows/poison_sync/syncstages_ff_reg[3]/C","cfo/windows/output_record_reg[17]/CE","2.056","4"
"clk500","-0.159","2.000","cfo/windows/poison_sync/syncstages_ff_reg[3]/C","cfo/windows/output_record_reg[34]/CE","2.056","4"
"clk500","-0.156","2.000","cfo/windows/poison_sync/syncstages_ff_reg[3]/C","cfo/windows/output_record_reg[13]/CE","2.053","4"
"clk500","-0.156","2.000","cfo/windows/poison_sync/syncstages_ff_reg[3]/C","cfo/windows/output_record_reg[18]/CE","2.053","4"
"clk500","-0.156","2.000","cfo/windows/poison_sync/syncstages_ff_reg[3]/C","cfo/windows/output_record_reg[38]/CE","2.053","4"
"clk500","-0.156","2.000","cfo/windows/poison_sync/syncstages_ff_reg[3]/C","cfo/windows/output_record_reg[41]/CE","2.053","4"
"clk500","-0.155","2.000","cfo/windows/poison_sync/syncstages_ff_reg[3]/C","cfo/windows/output_record_reg[122]/CE","2.052","4"
"clk500","-0.155","2.000","cfo/windows/poison_sync/syncstages_ff_reg[3]/C","cfo/windows/output_record_reg[20]/CE","2.052","4"
"clk500","-0.155","2.000","cfo/windows/poison_sync/syncstages_ff_reg[3]/C","cfo/windows/output_record_reg[42]/CE","2.052","4"
"clk500","-0.155","2.000","cfo/windows/poison_sync/syncstages_ff_reg[3]/C","cfo/windows/output_record_reg[8]/CE","2.052","4"
"clk500","-0.154","2.000","cfo/windows/poison_sync/syncstages_ff_reg[3]/C","cfo/windows/output_record_reg[107]/CE","2.051","4"
"clk500","-0.154","2.000","cfo/windows/poison_sync/syncstages_ff_reg[3]/C","cfo/windows/output_record_reg[94]/CE","2.051","4"
"clk500","-0.154","2.000","cfo/windows/poison_sync/syncstages_ff_reg[3]/C","cfo/observation_front/fft_core/bank1_reg_bram_1/DINADIN[10]","1.891","3"
"clk500","-0.151","2.000","cfo/observation_front/fft_core/input_index_reg[3]/C","cfo/observation_front/fft_core/bank1_reg_bram_1/ADDRARDADDR[9]","1.860","4"
"clk500","-0.148","2.000","cfo/windows/poison_sync/syncstages_ff_reg[3]/C","cfo/observation_front/fft_core/bank1_reg_bram_1/ADDRARDADDR[11]","1.861","3"
"clk500","-0.148","2.000","cfo/windows/poison_sync/syncstages_ff_reg[3]/C","cfo/observation_front/fft_core/bank1_reg_bram_0/ADDRARDADDR[12]","1.845","3"
"clk500","-0.146","2.000","cfo/windows/poison_sync/syncstages_ff_reg[3]/C","cfo/observation_front/fft_core/bank1_reg_bram_0/ADDRARDADDR[14]","1.835","3"
"clk500","-0.143","2.000","cfo/observation_front/coefficient_page0_data_reg_0_1/CLKARDCLK","cfo/observation_front/rr3_reg_i_4_psdsp/D","2.078","2"
"clk500","-0.141","2.000","cfo/windows/poison_sync/syncstages_ff_reg[3]/C","cfo/windows/output_record_reg[119]/CE","2.038","4"
"clk500","-0.141","2.000","cfo/windows/poison_sync/syncstages_ff_reg[3]/C","cfo/windows/output_record_reg[79]/CE","2.038","4"
"clk500","-0.140","2.000","cfo/windows/poison_sync/syncstages_ff_reg[3]/C","cfo/windows/output_record_reg[106]/CE","2.037","4"
"clk500","-0.140","2.000","cfo/windows/poison_sync/syncstages_ff_reg[3]/C","cfo/windows/output_record_reg[124]/CE","2.037","4"
"clk500","-0.140","2.000","cfo/windows/poison_sync/syncstages_ff_reg[3]/C","cfo/windows/output_record_reg[74]/CE","2.037","4"
"clk500","-0.140","2.000","cfo/windows/poison_sync/syncstages_ff_reg[3]/C","cfo/windows/output_record_reg[76]/CE","2.038","4"
"clk500","-0.140","2.000","cfo/windows/poison_sync/syncstages_ff_reg[3]/C","cfo/windows/output_record_reg[85]/CE","2.037","4"
"clk500","-0.140","2.000","cfo/windows/poison_sync/syncstages_ff_reg[3]/C","cfo/windows/output_record_reg[88]/CE","2.037","4"
"clk500","-0.138","2.000","cfo/windows/output_record_reg[80]/C","cfo/observation_front/fft_core/m_error_reg[1]/CE","2.033","6"
"clk500","-0.134","2.000","cfo/windows/output_record_reg[80]/C","cfo/observation_front/fft_core/input_index_reg[2]/CE","2.029","6"
"clk500","-0.134","2.000","cfo/windows/output_record_reg[80]/C","cfo/observation_front/fft_core/input_index_reg[4]/CE","2.029","6"
"clk500","-0.134","2.000","cfo/windows/output_record_reg[80]/C","cfo/observation_front/fft_core/input_index_reg[5]/CE","2.029","6"
"clk500","-0.133","2.000","cfo/windows/output_record_reg[80]/C","cfo/observation_front/fft_core/input_index_reg[3]/CE","2.029","6"
"clk500","-0.133","2.000","cfo/windows/output_record_reg[80]/C","cfo/observation_front/fft_core/input_index_reg[6]/CE","2.029","6"
"clk500","-0.133","2.000","cfo/observation_front/coefficient_page0_data_reg_0_1/CLKARDCLK","cfo/observation_front/pr4_reg_i_3_psdsp/D","2.067","2"
"clk500","-0.132","2.000","cfo/windows/poison_sync/syncstages_ff_reg[3]/C","cfo/windows/packed_windows/fifo/gnuram_async_fifo.xpm_fifo_base_inst/gen_sdpram.xpm_memory_base_inst/gen_wr_a.gen_word_narrow.mem_reg_bram_7/ENBWREN","1.767","3"
"clk500","-0.131","2.000","cfo/windows/poison_sync/syncstages_ff_reg[3]/C","cfo/observation_front/fft_core/bank1_reg_bram_0/DINADIN[22]","1.841","3"
"clk500","-0.131","2.000","cfo/windows/poison_sync/syncstages_ff_reg[3]/C","cfo/windows/window_credits/fifo/gnuram_async_fifo.xpm_fifo_base_inst/wrp_inst/count_value_i_reg[0]/CE","2.028","4"
"clk500","-0.131","2.000","cfo/windows/poison_sync/syncstages_ff_reg[3]/C","cfo/windows/window_credits/fifo/gnuram_async_fifo.xpm_fifo_base_inst/wrpp1_inst/count_value_i_reg[4]/CE","2.028","4"
"clk500","-0.129","2.000","cfo/windows/output_record_reg[80]/C","cfo/observation_front/fft_core/input_index_reg[7]/CE","2.024","6"
"clk500","-0.129","2.000","cfo/windows/output_record_reg[80]/C","cfo/observation_front/fft_core/input_index_reg[9]/CE","2.024","6"
"clk500","-0.129","2.000","cfo/observation_front/coefficient_page0_data_reg_0_1/CLKARDCLK","cfo/observation_front/pr4_reg_i_2_psdsp_1/D","2.063","2"
"clk500","-0.129","2.000","cfo/windows/poison_sync/syncstages_ff_reg[3]/C","cfo/windows/window_credits/fifo/gnuram_async_fifo.xpm_fifo_base_inst/wrpp1_inst/count_value_i_reg[3]/CE","2.026","4"
"clk500","-0.129","2.000","cfo/windows/output_record_reg[80]/C","cfo/observation_front/fft_core/input_index_reg[8]/CE","2.025","6"
"clk500","-0.128","2.000","cfo/windows/poison_sync/syncstages_ff_reg[3]/C","cfo/observation_front/fft_core/bank1_reg_bram_0/ADDRARDADDR[5]","1.752","3"
"clk500","-0.128","2.000","cfo/windows/poison_sync/syncstages_ff_reg[3]/C","cfo/observation_front/fft_core/bank1_reg_bram_1/ADDRARDADDR[4]","1.770","3"
"clk500","-0.126","2.000","cfo/windows/poison_sync/syncstages_ff_reg[3]/C","cfo/observation_front/fft_core/bank1_reg_bram_1/DINADIN[6]","1.865","3"
"clk500","-0.126","2.000","cfo/windows/poison_sync/syncstages_ff_reg[3]/C","cfo/windows/output_record_reg[19]/CE","2.023","4"
"clk500","-0.126","2.000","cfo/windows/poison_sync/syncstages_ff_reg[3]/C","cfo/windows/output_record_reg[25]/CE","2.023","4"
"clk500","-0.126","2.000","cfo/windows/poison_sync/syncstages_ff_reg[3]/C","cfo/windows/output_record_reg[37]/CE","2.023","4"
"clk500","-0.126","2.000","cfo/windows/poison_sync/syncstages_ff_reg[3]/C","cfo/windows/output_record_reg[39]/CE","2.023","4"
"clk500","-0.125","2.000","cfo/observation_front/coefficient_page0_data_reg_0_1/CLKARDCLK","cfo/observation_front/pr4_reg_i_3_psdsp_1/D","2.059","2"
"clk500","-0.124","2.000","cfo/windows/poison_sync/syncstages_ff_reg[3]/C","cfo/observation_front/fft_core/bank1_reg_bram_0/DINADIN[6]","1.856","3"
"clk500","-0.124","2.000","cfo/windows/poison_sync/syncstages_ff_reg[3]/C","cfo/windows/output_record_reg[112]/CE","2.021","4"
"clk500","-0.122","2.000","cfo/windows/poison_sync/syncstages_ff_reg[3]/C","cfo/observation_front/fft_core/bank1_reg_bram_0/DINADIN[14]","1.856","3"
"clk500","-0.122","2.000","cfo/windows/poison_sync/syncstages_ff_reg[3]/C","cfo/observation_front/fft_core/bank0_reg_bram_1/ADDRARDADDR[10]","1.806","3"
"clk500","-0.121","2.000","cfo/windows/poison_sync/syncstages_ff_reg[3]/C","cfo/windows/packed_windows/fifo/gnuram_async_fifo.xpm_fifo_base_inst/gen_sdpram.xpm_memory_base_inst/gen_wr_a.gen_word_narrow.mem_reg_bram_4/ENBWREN","1.756","3"
"clk500","-0.118","2.000","cfo/windows/poison_sync/syncstages_ff_reg[3]/C","cfo/observation_front/fft_core/bank1_reg_bram_0/DINADIN[25]","1.834","3"
"clk500","-0.118","2.000","cfo/observation_front/coefficient_page0_data_reg_0_1/CLKARDCLK","cfo/observation_front/pr4_reg_i_4_psdsp_1/D","2.052","2"
"clk500","-0.117","2.000","cfo/windows/poison_sync/syncstages_ff_reg[3]/C","cfo/observation_front/fft_core/bank1_reg_bram_1/DINADIN[7]","1.851","3"
"clk500","-0.117","2.000","cfo/observation_front/fft_core/offset_in_group_reg[0]/C","cfo/observation_front/fft_core/tw_index_reg_rep/ADDRARDADDR[5]","1.740","4"
"clk500","-0.117","2.000","cfo/windows/poison_sync/syncstages_ff_reg[3]/C","cfo/observation_front/fft_core/bank1_reg_bram_1/ADDRARDADDR[8]","1.826","3"
"clk500","-0.117","2.000","cfo/observation_front/coefficient_page0_data_reg_0_1/CLKARDCLK","cfo/observation_front/rr3_reg_i_1_psdsp/D","2.051","2"
"clk500","-0.117","2.000","cfo/windows/poison_sync/syncstages_ff_reg[3]/C","cfo/windows/output_record_reg[10]/CE","2.014","4"
"clk500","-0.117","2.000","cfo/windows/poison_sync/syncstages_ff_reg[3]/C","cfo/windows/output_record_reg[40]/CE","2.014","4"
"clk500","-0.116","2.000","cfo/observation_front/coefficient_page0_data_reg_0_1/CLKARDCLK","cfo/observation_front/pr4_reg_i_2_psdsp/D","2.050","2"
"clk500","-0.115","2.000","cfo/windows/poison_sync/syncstages_ff_reg[3]/C","cfo/observation_front/fft_core/bank1_reg_bram_0/DINADIN[10]","1.843","3"
"clk500","-0.115","2.000","cfo/windows/poison_sync/syncstages_ff_reg[3]/C","cfo/observation_front/fft_core/bank1_reg_bram_0/DINADIN[13]","1.847","3"
"clk500","-0.115","2.000","cfo/observation_front/coefficient_page0_data_reg_0_1/CLKARDCLK","cfo/observation_front/rr3_reg_i_1_psdsp_1/D","2.049","2"
"clk500","-0.110","2.000","cfo/windows/poison_sync/syncstages_ff_reg[3]/C","cfo/windows/window_credits/fifo/gnuram_async_fifo.xpm_fifo_base_inst/wrp_inst/count_value_i_reg[1]/CE","2.007","4"
"clk500","-0.110","2.000","cfo/windows/poison_sync/syncstages_ff_reg[3]/C","cfo/windows/window_credits/fifo/gnuram_async_fifo.xpm_fifo_base_inst/wrp_inst/count_value_i_reg[2]/CE","2.008","4"
"clk500","-0.110","2.000","cfo/windows/poison_sync/syncstages_ff_reg[3]/C","cfo/windows/window_credits/fifo/gnuram_async_fifo.xpm_fifo_base_inst/wrpp2_inst/count_value_i_reg[1]/CE","2.008","4"
"clk500","-0.110","2.000","cfo/observation_front/fft_core/next_output_reg[2]/C","cfo/observation_front/fft_core/bank0_reg_bram_1/ENBWREN","1.743","4"
"clk500","-0.109","2.000","cfo/windows/poison_sync/syncstages_ff_reg[3]/C","cfo/windows/output_record_reg[11]/CE","2.006","4"
"clk500","-0.109","2.000","cfo/windows/poison_sync/syncstages_ff_reg[3]/C","cfo/windows/output_record_reg[14]/CE","2.006","4"
"clk500","-0.109","2.000","cfo/windows/poison_sync/syncstages_ff_reg[3]/C","cfo/windows/output_record_reg[15]/CE","2.006","4"
"clk500","-0.109","2.000","cfo/windows/poison_sync/syncstages_ff_reg[3]/C","cfo/windows/output_record_reg[33]/CE","2.006","4"
"clk500","-0.109","2.000","cfo/windows/poison_sync/syncstages_ff_reg[3]/C","cfo/windows/output_record_reg[45]/CE","2.006","4"
"clk500","-0.109","2.000","cfo/windows/poison_sync/syncstages_ff_reg[3]/C","cfo/windows/output_record_reg[6]/CE","2.006","4"
"clk500","-0.109","2.000","cfo/windows/poison_sync/syncstages_ff_reg[3]/C","cfo/windows/output_record_reg[9]/CE","2.006","4"
"clk500","-0.109","2.000","cfo/windows/poison_sync/syncstages_ff_reg[3]/C","cfo/windows/packed_windows/fifo/gnuram_async_fifo.xpm_fifo_base_inst/gen_sdpram.xpm_memory_base_inst/gen_wr_a.gen_word_narrow.mem_reg_bram_5/ENBWREN","1.744","3"
"clk500","-0.107","2.000","cfo/windows/poison_sync/syncstages_ff_reg[3]/C","cfo/observation_front/fft_core/bank1_reg_bram_0/DINADIN[15]","1.826","3"
"clk500","-0.104","2.000","cfo/observation_front/fft_core/offset_in_group_reg[0]/C","cfo/observation_front/fft_core/tw_index_reg_rep/ADDRARDADDR[14]","1.792","4"
"clk500","-0.103","2.000","cfo/windows/poison_sync/syncstages_ff_reg[3]/C","cfo/observation_front/fft_core/bank0_reg_bram_0/ADDRARDADDR[11]","1.785","3"
"clk500","-0.099","2.000","cfo/windows/poison_sync/syncstages_ff_reg[3]/C","cfo/observation_front/fft_core/bank1_reg_bram_1/ADDRARDADDR[13]","1.807","3"
"clk500","-0.099","2.000","cfo/windows/poison_sync/syncstages_ff_reg[3]/C","cfo/windows/window_credits/fifo/gnuram_async_fifo.xpm_fifo_base_inst/wrpp2_inst/count_value_i_reg[3]/CE","1.996","4"
"clk500","-0.099","2.000","cfo/windows/poison_sync/syncstages_ff_reg[3]/C","cfo/observation_front/fft_core/bank1_reg_bram_0/DINPADINP[0]","1.847","3"
"clk500","-0.099","2.000","cfo/observation_front/coefficient_page0_data_reg_0_1/CLKARDCLK","cfo/observation_front/rr3_reg_i_2_psdsp_1/D","2.033","2"
"clk500","-0.098","2.000","cfo/windows/poison_sync/syncstages_ff_reg[3]/C","cfo/windows/window_credits/fifo/gnuram_async_fifo.xpm_fifo_base_inst/wrpp2_inst/count_value_i_reg[4]/CE","1.996","4"
"clk500","-0.098","2.000","cfo/observation_front/coefficient_page0_data_reg_0_1/CLKARDCLK","cfo/observation_front/rr3_reg_i_2_psdsp/D","2.032","2"
"clk500","-0.097","2.000","cfo/observation_front/fft_core/input_index_reg[3]/C","cfo/observation_front/fft_core/bank1_reg_bram_0/ADDRARDADDR[10]","1.795","4"
"clk500","-0.097","2.000","cfo/windows/poison_sync/syncstages_ff_reg[3]/C","cfo/observation_front/fft_core/m_saturations_reg[2]/CE","1.995","3"
"clk500","-0.094","2.000","cfo/windows/poison_sync/syncstages_ff_reg[3]/C","cfo/observation_front/fft_core/m_saturations_reg[10]/CE","1.991","3"
"clk500","-0.093","2.000","cfo/windows/poison_sync/syncstages_ff_reg[3]/C","cfo/observation_front/fft_core/bank1_reg_bram_0/ADDRARDADDR[6]","1.784","3"
"clk500","-0.092","2.000","cfo/windows/poison_sync/syncstages_ff_reg[3]/C","cfo/observation_front/fft_core/m_saturations_reg[11]/CE","1.989","3"
"clk500","-0.092","2.000","cfo/windows/poison_sync/syncstages_ff_reg[3]/C","cfo/observation_front/fft_core/m_saturations_reg[12]/CE","1.989","3"
"clk500","-0.092","2.000","cfo/windows/poison_sync/syncstages_ff_reg[3]/C","cfo/observation_front/fft_core/m_saturations_reg[14]/CE","1.989","3"
"clk500","-0.092","2.000","cfo/observation_front/fft_core/offset_in_group_reg[0]/C","cfo/observation_front/fft_core/tw_index_reg_rep/ADDRARDADDR[11]","1.773","4"
"clk500","-0.092","2.000","cfo/observation_front/coefficient_page0_data_reg_0_1/CLKARDCLK","cfo/observation_front/rr3_reg_i_4_psdsp_1/D","2.027","2"
"clk500","-0.090","2.000","cfo/windows/poison_sync/syncstages_ff_reg[3]/C","cfo/windows/output_record_reg[128]/CE","1.987","4"
"clk500","-0.090","2.000","cfo/windows/poison_sync/syncstages_ff_reg[3]/C","cfo/windows/output_record_reg[75]/CE","1.987","4"
"clk500","-0.090","2.000","cfo/windows/poison_sync/syncstages_ff_reg[3]/C","cfo/windows/output_record_reg[91]/CE","1.987","4"
"clk500","-0.089","2.000","cfo/windows/poison_sync/syncstages_ff_reg[3]/C","cfo/windows/output_record_reg[123]/CE","1.986","4"
"clk500","-0.089","2.000","cfo/windows/poison_sync/syncstages_ff_reg[3]/C","cfo/windows/output_record_reg[130]/CE","1.986","4"
"clk500","-0.089","2.000","cfo/windows/poison_sync/syncstages_ff_reg[3]/C","cfo/windows/output_record_reg[87]/CE","1.986","4"
"clk500","-0.089","2.000","cfo/windows/poison_sync/syncstages_ff_reg[3]/C","cfo/windows/output_record_reg[97]/CE","1.986","4"
"clk500","-0.088","2.000","cfo/windows/output_record_reg[80]/C","cfo/observation_front/fft_core/input_index_reg[10]/CE","1.983","6"
"clk500","-0.088","2.000","cfo/windows/output_record_reg[80]/C","cfo/observation_front/fft_core/input_index_reg[1]/CE","1.983","6"
"clk500","-0.086","2.000","cfo/windows/poison_sync/syncstages_ff_reg[3]/C","cfo/observation_front/fft_core/bank0_reg_bram_1/ADDRARDADDR[5]","1.779","3"
"clk500","-0.086","2.000","cfo/windows/output_record_reg[80]/C","cfo/observation_front/fft_core/input_index_reg[0]/CE","1.981","6"
"clk500","-0.085","2.000","cfo/windows/poison_sync/syncstages_ff_reg[3]/C","cfo/observation_front/fft_core/bank1_reg_bram_0/DINADIN[16]","1.800","3"
"clk500","-0.085","2.000","cfo/windows/poison_sync/syncstages_ff_reg[3]/C","cfo/observation_front/fft_core/m_generation_reg[10]/CE","1.982","3"
"clk500","-0.085","2.000","cfo/windows/poison_sync/syncstages_ff_reg[3]/C","cfo/observation_front/fft_core/m_generation_reg[14]/CE","1.982","3"
"clk500","-0.085","2.000","cfo/windows/poison_sync/syncstages_ff_reg[3]/C","cfo/observation_front/fft_core/m_generation_reg[19]/CE","1.982","3"
"clk500","-0.085","2.000","cfo/windows/poison_sync/syncstages_ff_reg[3]/C","cfo/observation_front/fft_core/m_generation_reg[23]/CE","1.982","3"
"clk500","-0.084","2.000","cfo/windows/poison_sync/syncstages_ff_reg[3]/C","cfo/observation_front/fft_core/bank1_reg_bram_0/ADDRARDADDR[8]","1.777","3"
"clk500","-0.084","2.000","cfo/windows/poison_sync/syncstages_ff_reg[3]/C","cfo/observation_front/fft_core/bank1_reg_bram_1/DINADIN[0]","1.769","3"
"clk500","-0.084","2.000","cfo/observation_front/fft_core/next_output_reg[2]/C","cfo/observation_front/fft_core/bank0_reg_bram_1/ADDRBWRADDR[12]","1.769","4"
"clk500","-0.083","2.000","cfo/windows/poison_sync/syncstages_ff_reg[3]/C","cfo/observation_front/fft_core/m_generation_reg[0]/CE","1.980","3"
"clk500","-0.083","2.000","cfo/windows/poison_sync/syncstages_ff_reg[3]/C","cfo/observation_front/fft_core/m_generation_reg[12]/CE","1.980","3"
"clk500","-0.083","2.000","cfo/windows/poison_sync/syncstages_ff_reg[3]/C","cfo/observation_front/fft_core/m_generation_reg[18]/CE","1.980","3"
"clk500","-0.083","2.000","cfo/windows/poison_sync/syncstages_ff_reg[3]/C","cfo/observation_front/fft_core/m_generation_reg[22]/CE","1.980","3"
"clk500","-0.081","2.000","cfo/windows/poison_sync/syncstages_ff_reg[3]/C","cfo/observation_front/fft_core/bank0_reg_bram_0/ADDRARDADDR[6]","1.772","3"
"clk500","-0.081","2.000","cfo/windows/poison_sync/syncstages_ff_reg[3]/C","cfo/observation_front/fft_core/m_generation_reg[21]/CE","1.978","3"
"clk500","-0.081","2.000","cfo/windows/poison_sync/syncstages_ff_reg[3]/C","cfo/observation_front/fft_core/m_generation_reg[4]/CE","1.978","3"
"clk500","-0.081","2.000","cfo/windows/poison_sync/syncstages_ff_reg[3]/C","cfo/observation_front/fft_core/m_generation_reg[6]/CE","1.978","3"
"clk500","-0.081","2.000","cfo/windows/poison_sync/syncstages_ff_reg[3]/C","cfo/observation_front/fft_core/m_generation_reg[3]/CE","1.979","3"
"clk500","-0.081","2.000","cfo/windows/poison_sync/syncstages_ff_reg[3]/C","cfo/observation_front/fft_core/m_generation_reg[5]/CE","1.979","3"
"clk500","-0.081","2.000","cfo/windows/poison_sync/syncstages_ff_reg[3]/C","cfo/observation_front/fft_core/m_generation_reg[9]/CE","1.979","3"
"clk500","-0.080","2.000","cfo/windows/poison_sync/syncstages_ff_reg[3]/C","cfo/windows/output_record_reg[115]/CE","1.977","4"
"clk500","-0.080","2.000","cfo/windows/poison_sync/syncstages_ff_reg[3]/C","cfo/windows/output_record_reg[121]/CE","1.977","4"
"clk500","-0.080","2.000","cfo/windows/poison_sync/syncstages_ff_reg[3]/C","cfo/windows/output_record_reg[53]/CE","1.977","4"
"clk500","-0.080","2.000","cfo/windows/poison_sync/syncstages_ff_reg[3]/C","cfo/windows/output_record_reg[70]/CE","1.977","4"
"clk500","-0.080","2.000","cfo/windows/poison_sync/syncstages_ff_reg[3]/C","cfo/windows/output_record_reg[89]/CE","1.977","4"
"clk500","-0.080","2.000","cfo/windows/poison_sync/syncstages_ff_reg[3]/C","cfo/windows/output_record_reg[90]/CE","1.977","4"
"clk500","-0.080","2.000","cfo/windows/poison_sync/syncstages_ff_reg[3]/C","cfo/windows/output_record_reg[93]/CE","1.977","4"
"clk500","-0.079","2.000","cfo/windows/poison_sync/syncstages_ff_reg[3]/C","cfo/windows/output_record_reg[111]/CE","1.976","4"
"clk500","-0.079","2.000","cfo/windows/poison_sync/syncstages_ff_reg[3]/C","cfo/windows/output_record_reg[120]/CE","1.976","4"
"clk500","-0.079","2.000","cfo/windows/poison_sync/syncstages_ff_reg[3]/C","cfo/windows/output_record_reg[127]/CE","1.976","4"
"clk500","-0.079","2.000","cfo/windows/poison_sync/syncstages_ff_reg[3]/C","cfo/windows/output_record_reg[134]/CE","1.976","4"
"clk500","-0.079","2.000","cfo/windows/poison_sync/syncstages_ff_reg[3]/C","cfo/windows/output_record_reg[65]/CE","1.976","4"
"clk500","-0.079","2.000","cfo/windows/poison_sync/syncstages_ff_reg[3]/C","cfo/windows/output_record_reg[72]/CE","1.976","4"
"clk500","-0.079","2.000","cfo/windows/poison_sync/syncstages_ff_reg[3]/C","cfo/windows/output_record_reg[98]/CE","1.976","4"
"clk500","-0.079","2.000","cfo/windows/poison_sync/syncstages_ff_reg[3]/C","cfo/windows/window_credits/fifo/gnuram_async_fifo.xpm_fifo_base_inst/wrpp1_inst/count_value_i_reg[0]/CE","1.976","4"
"clk500","-0.079","2.000","cfo/windows/poison_sync/syncstages_ff_reg[3]/C","cfo/windows/window_credits/fifo/gnuram_async_fifo.xpm_fifo_base_inst/wrpp1_inst/count_value_i_reg[1]/CE","1.976","4"
"clk500","-0.079","2.000","cfo/windows/poison_sync/syncstages_ff_reg[3]/C","cfo/windows/window_credits/fifo/gnuram_async_fifo.xpm_fifo_base_inst/wrpp2_inst/count_value_i_reg[0]/CE","1.976","4"
"clk500","-0.078","2.000","cfo/windows/poison_sync/syncstages_ff_reg[3]/C","cfo/observation_front/fft_core/bank1_reg_bram_1/DINADIN[12]","1.789","3"
"clk500","-0.078","2.000","cfo/windows/poison_sync/syncstages_ff_reg[3]/C","cfo/windows/window_credits/fifo/gnuram_async_fifo.xpm_fifo_base_inst/wrpp1_inst/count_value_i_reg[2]/CE","1.976","4"
"clk500","-0.078","2.000","cfo/windows/poison_sync/syncstages_ff_reg[3]/C","cfo/windows/window_credits/fifo/gnuram_async_fifo.xpm_fifo_base_inst/wrpp2_inst/count_value_i_reg[2]/CE","1.976","4"
"clk500","-0.076","2.000","cfo/windows/poison_sync/syncstages_ff_reg[3]/C","cfo/windows/output_record_reg[16]/CE","1.973","4"
"clk500","-0.076","2.000","cfo/windows/poison_sync/syncstages_ff_reg[3]/C","cfo/windows/output_record_reg[36]/CE","1.973","4"
"clk500","-0.075","2.000","cfo/windows/poison_sync/syncstages_ff_reg[3]/C","cfo/windows/packed_head_reg[41]/CE","1.972","5"
"clk500","-0.075","2.000","cfo/windows/poison_sync/syncstages_ff_reg[3]/C","cfo/windows/packed_head_reg[46]/CE","1.972","5"
"clk500","-0.075","2.000","cfo/windows/poison_sync/syncstages_ff_reg[3]/C","cfo/windows/packed_head_reg[4]/CE","1.972","5"
"clk500","-0.075","2.000","cfo/windows/poison_sync/syncstages_ff_reg[3]/C","cfo/windows/packed_head_reg[60]/CE","1.972","5"
"clk500","-0.075","2.000","cfo/windows/poison_sync/syncstages_ff_reg[3]/C","cfo/windows/output_record_reg[43]/CE","1.972","4"
"clk500","-0.072","2.000","cfo/windows/poison_sync/syncstages_ff_reg[3]/C","cfo/windows/packed_head_reg[101]/CE","1.969","5"
"clk500","-0.072","2.000","cfo/windows/poison_sync/syncstages_ff_reg[3]/C","cfo/windows/packed_head_reg[20]/CE","1.969","5"
"clk500","-0.072","2.000","cfo/windows/poison_sync/syncstages_ff_reg[3]/C","cfo/windows/packed_head_reg[73]/CE","1.969","5"
"clk500","-0.072","2.000","cfo/windows/poison_sync/syncstages_ff_reg[3]/C","cfo/windows/packed_head_reg[9]/CE","1.969","5"
"clk500","-0.072","2.000","cfo/windows/poison_sync/syncstages_ff_reg[3]/C","cfo/observation_front/fft_core/bank1_reg_bram_0/DINADIN[21]","1.803","3"
"clk500","-0.072","2.000","cfo/observation_front/coefficient_page0_data_reg_0_1/CLKARDCLK","cfo/observation_front/pr4_reg_i_5_psdsp/D","2.007","2"
"clk500","-0.071","2.000","cfo/windows/poison_sync/syncstages_ff_reg[3]/C","cfo/observation_front/fft_core/bank1_reg_bram_1/DINADIN[9]","1.799","3"
"clk500","-0.071","2.000","cfo/windows/poison_sync/syncstages_ff_reg[3]/C","cfo/observation_front/fft_core/bank1_reg_bram_0/DINADIN[9]","1.788","3"
"clk500","-0.068","2.000","cfo/windows/header_active_reg/C","cfo/windows/complete_windows/fifo/gnuram_async_fifo.xpm_fifo_base_inst/gen_sdpram.xpm_memory_base_inst/gen_wr_a.gen_word_narrow.mem_reg/ENARDEN","1.700","3"
"clk500","-0.068","2.000","cfo/windows/output_record_reg[80]/C","cfo/observation_front/fft_core/state_reg[0]/D","2.048","6"
"clk500","-0.067","2.000","cfo/windows/poison_sync/syncstages_ff_reg[3]/C","cfo/observation_front/fft_core/bank1_reg_bram_0/ENARDEN","1.701","2"
"clk500","-0.067","2.000","cfo/windows/poison_sync/syncstages_ff_reg[3]/C","cfo/windows/packed_head_reg[30]/CE","1.964","5"
"clk500","-0.067","2.000","cfo/windows/poison_sync/syncstages_ff_reg[3]/C","cfo/windows/packed_head_reg[3]/CE","1.964","5"
"clk500","-0.067","2.000","cfo/windows/poison_sync/syncstages_ff_reg[3]/C","cfo/windows/packed_head_reg[85]/CE","1.964","5"
"clk500","-0.067","2.000","cfo/windows/poison_sync/syncstages_ff_reg[3]/C","cfo/windows/packed_head_reg[94]/CE","1.964","5"
"clk500","-0.065","2.000","cfo/windows/poison_sync/syncstages_ff_reg[3]/C","cfo/windows/packed_head_reg[23]/CE","1.962","5"
"clk500","-0.065","2.000","cfo/windows/poison_sync/syncstages_ff_reg[3]/C","cfo/windows/packed_head_reg[40]/CE","1.962","5"
"clk500","-0.065","2.000","cfo/windows/poison_sync/syncstages_ff_reg[3]/C","cfo/windows/packed_head_reg[52]/CE","1.962","5"
"clk500","-0.065","2.000","cfo/windows/poison_sync/syncstages_ff_reg[3]/C","cfo/windows/packed_head_reg[8]/CE","1.962","5"
"clk500","-0.065","2.000","cfo/windows/poison_sync/syncstages_ff_reg[3]/C","cfo/observation_front/fft_core/bank1_reg_bram_1/ADDRARDADDR[6]","1.781","3"
"clk500","-0.065","2.000","cfo/windows/poison_sync/syncstages_ff_reg[3]/C","cfo/observation_front/fft_core/bank1_reg_bram_1/DINADIN[13]","1.799","3"
"clk500","-0.065","2.000","cfo/windows/poison_sync/syncstages_ff_reg[3]/C","cfo/observation_front/fft_core/m_saturations_reg[3]/CE","1.962","3"
"clk500","-0.065","2.000","cfo/windows/poison_sync/syncstages_ff_reg[3]/C","cfo/observation_front/fft_core/m_saturations_reg[4]/CE","1.962","3"
"clk500","-0.065","2.000","cfo/windows/poison_sync/syncstages_ff_reg[3]/C","cfo/observation_front/fft_core/m_saturations_reg[5]/CE","1.962","3"
"clk500","-0.065","2.000","cfo/windows/packed_windows/fifo/gnuram_async_fifo.xpm_fifo_base_inst/gen_sdpram.xpm_memory_base_inst/gen_wr_a.gen_word_narrow.mem_reg_bram_7/CLKBWRCLK","cfo/windows/packed_tail_reg[51]/D","2.000","0"
"clk500","-0.064","2.000","cfo/observation_front/fft_core/offset_in_group_reg[0]/C","cfo/observation_front/fft_core/tw_index_reg_rep/ADDRARDADDR[10]","1.763","4"
"clk500","-0.064","2.000","cfo/observation_front/fft_core/offset_in_group_reg[0]/C","cfo/observation_front/fft_core/tw_index_reg_rep/ADDRARDADDR[6]","1.754","4"
"clk500","-0.064","2.000","cfo/observation_front/fft_core/next_output_reg[2]/C","cfo/observation_front/fft_core/bank0_reg_bram_1/ADDRBWRADDR[13]","1.710","4"
"clk500","-0.064","2.000","cfo/windows/poison_sync/syncstages_ff_reg[3]/C","cfo/windows/packed_windows/fifo/gnuram_async_fifo.xpm_fifo_base_inst/gen_sdpram.xpm_memory_base_inst/gen_wr_a.gen_word_narrow.mem_reg_bram_8/ENBWREN","1.699","3"
"clk500","-0.064","2.000","sfo/residual_estimator/front_stage/main/service/u_xfft/U0/i_synth/axi_wrapper/sclr_int_reg/C","sfo/residual_estimator/front_stage/main/service/u_xfft/U0/i_synth/xfft_inst/non_floating_point.arch_d.xfft_inst/has_bit_reverse.fixed_pt_size_muxed_addresses.read_addr_fixed_nfft_delay/need_sclr_lut.depth1_shift_ram.FF_gen[10].reg/D","2.046","1"
"clk500","-0.063","2.000","cfo/observation_front/coefficient_page0_data_reg_0_1/CLKARDCLK","cfo/observation_front/pr4_reg_i_1_psdsp/D","1.998","2"
"clk500","-0.063","2.000","sfo/residual_estimator/front_stage/main/service/u_xfft/U0/i_synth/axi_wrapper/sclr_int_reg/C","sfo/residual_estimator/front_stage/main/service/u_xfft/U0/i_synth/xfft_inst/non_floating_point.arch_d.xfft_inst/DOUT_CNT_CTRL_0/cnt/cnt_addsub/i_baseblox.i_baseblox_addsub/no_pipelining.the_addsub/i_lut6.i_lut6_addsub/i_q.i_simple.qreg/i_no_async_controls.output_reg[10]/R","1.946","0"
"clk500","-0.063","2.000","sfo/residual_estimator/front_stage/main/service/u_xfft/U0/i_synth/axi_wrapper/sclr_int_reg/C","sfo/residual_estimator/front_stage/main/service/u_xfft/U0/i_synth/xfft_inst/non_floating_point.arch_d.xfft_inst/DOUT_CNT_CTRL_0/cnt/cnt_addsub/i_baseblox.i_baseblox_addsub/no_pipelining.the_addsub/i_lut6.i_lut6_addsub/i_q.i_simple.qreg/i_no_async_controls.output_reg[11]/R","1.946","0"
"clk500","-0.063","2.000","sfo/residual_estimator/front_stage/main/service/u_xfft/U0/i_synth/axi_wrapper/sclr_int_reg/C","sfo/residual_estimator/front_stage/main/service/u_xfft/U0/i_synth/xfft_inst/non_floating_point.arch_d.xfft_inst/DOUT_CNT_CTRL_0/cnt/cnt_addsub/i_baseblox.i_baseblox_addsub/no_pipelining.the_addsub/i_lut6.i_lut6_addsub/i_q.i_simple.qreg/i_no_async_controls.output_reg[8]/R","1.946","0"
"clk500","-0.063","2.000","sfo/residual_estimator/front_stage/main/service/u_xfft/U0/i_synth/axi_wrapper/sclr_int_reg/C","sfo/residual_estimator/front_stage/main/service/u_xfft/U0/i_synth/xfft_inst/non_floating_point.arch_d.xfft_inst/DOUT_CNT_CTRL_0/cnt/cnt_addsub/i_baseblox.i_baseblox_addsub/no_pipelining.the_addsub/i_lut6.i_lut6_addsub/i_q.i_simple.qreg/i_no_async_controls.output_reg[9]/R","1.946","0"
"clk500","-0.063","2.000","sfo/residual_estimator/front_stage/main/service/u_xfft/U0/i_synth/axi_wrapper/sclr_int_reg/C","sfo/residual_estimator/front_stage/main/service/u_xfft/U0/i_synth/xfft_inst/non_floating_point.arch_d.xfft_inst/FLOW/reset_sustain.resets_4_pes[1].delay_reset_pe/count_addsub_reg[0].addsub_reg/R","1.946","0"
"clk500","-0.063","2.000","sfo/residual_estimator/front_stage/main/service/u_xfft/U0/i_synth/axi_wrapper/sclr_int_reg/C","sfo/residual_estimator/front_stage/main/service/u_xfft/U0/i_synth/xfft_inst/non_floating_point.arch_d.xfft_inst/FLOW/reset_sustain.resets_4_pes[1].delay_reset_pe/count_addsub_reg[1].addsub_reg/R","1.946","0"
"clk500","-0.063","2.000","sfo/residual_estimator/front_stage/main/service/u_xfft/U0/i_synth/axi_wrapper/sclr_int_reg/C","sfo/residual_estimator/front_stage/main/service/u_xfft/U0/i_synth/xfft_inst/non_floating_point.arch_d.xfft_inst/FLOW/reset_sustain.resets_4_pes[1].delay_reset_pe/count_addsub_reg[2].addsub_reg/R","1.946","0"
"clk500","-0.063","2.000","sfo/residual_estimator/front_stage/main/service/u_xfft/U0/i_synth/axi_wrapper/sclr_int_reg/C","sfo/residual_estimator/front_stage/main/service/u_xfft/U0/i_synth/xfft_inst/non_floating_point.arch_d.xfft_inst/FLOW/reset_sustain.resets_4_pes[1].delay_reset_pe/count_addsub_reg[3].addsub_reg/R","1.946","0"
"clk500","-0.062","2.000","sfo/residual_estimator/front_stage/main/service/u_xfft/U0/i_synth/axi_wrapper/sclr_int_reg/C","sfo/residual_estimator/front_stage/main/service/u_xfft/U0/i_synth/xfft_inst/non_floating_point.arch_d.xfft_inst/FLOW/reset_sustain.resets_4_pes[1].delay_reset_pe/count_addsub_reg[4].addsub_reg/R","1.945","0"
"clk500","-0.061","2.000","cfo/windows/poison_sync/syncstages_ff_reg[3]/C","cfo/observation_front/fft_core/bank1_reg_bram_0/DINADIN[18]","1.789","3"
"clk500","-0.060","2.000","cfo/windows/poison_sync/syncstages_ff_reg[3]/C","cfo/windows/packed_head_reg[36]/CE","1.957","5"
"clk500","-0.060","2.000","cfo/windows/poison_sync/syncstages_ff_reg[3]/C","cfo/windows/packed_head_reg[70]/CE","1.957","5"
"clk500","-0.060","2.000","cfo/windows/poison_sync/syncstages_ff_reg[3]/C","cfo/windows/packed_head_reg[72]/CE","1.957","5"
"clk500","-0.060","2.000","cfo/windows/poison_sync/syncstages_ff_reg[3]/C","cfo/windows/packed_head_reg[84]/CE","1.957","5"
"clk500","-0.060","2.000","cfo/windows/poison_sync/syncstages_ff_reg[3]/C","cfo/observation_front/fft_core/bank0_reg_bram_1/ENARDEN","1.696","2"
"clk500","-0.057","2.000","cfo/windows/poison_sync/syncstages_ff_reg[3]/C","cfo/windows/packed_head_reg[0]/CE","1.954","5"
"clk500","-0.056","2.000","cfo/windows/poison_sync/syncstages_ff_reg[3]/C","cfo/observation_front/fft_core/bank1_reg_bram_0/DINADIN[17]","1.763","3"
"clk500","-0.056","2.000","cfo/windows/poison_sync/syncstages_ff_reg[3]/C","cfo/windows/packed_head_reg[79]/CE","1.953","5"
"clk500","-0.055","2.000","cfo/observation_front/fft_core/next_output_reg[2]/C","cfo/observation_front/fft_core/bank0_reg_bram_1/ADDRBWRADDR[6]","1.745","4"
"clk500","-0.055","2.000","cfo/windows/output_record_reg[80]/C","cfo/observation_front/fft_core/state_reg[2]_replica/CE","1.951","6"
"clk500","-0.054","2.000","cfo/observation_front/coefficient_page0_data_reg_0_1/CLKARDCLK","cfo/observation_front/pr4_reg_i_1_psdsp_1/D","1.989","2"
"clk500","-0.053","2.000","cfo/windows/poison_sync/syncstages_ff_reg[3]/C","cfo/observation_front/fft_core/bank1_reg_bram_1/ADDRARDADDR[12]","1.774","3"
"clk500","-0.053","2.000","cfo/windows/poison_sync/syncstages_ff_reg[3]/C","cfo/observation_front/fft_core/bank1_reg_bram_0/DINADIN[20]","1.790","3"
"clk500","-0.052","2.000","cfo/windows/poison_sync/syncstages_ff_reg[3]/C","cfo/windows/packed_head_reg[105]/CE","1.949","5"
"clk500","-0.052","2.000","cfo/windows/poison_sync/syncstages_ff_reg[3]/C","cfo/windows/packed_head_reg[32]/CE","1.949","5"
"clk500","-0.052","2.000","cfo/windows/poison_sync/syncstages_ff_reg[3]/C","cfo/windows/packed_head_reg[47]/CE","1.949","5"
"clk500","-0.052","2.000","cfo/windows/poison_sync/syncstages_ff_reg[3]/C","cfo/windows/packed_head_reg[96]/CE","1.949","5"
"clk500","-0.052","2.000","cfo/windows/poison_sync/syncstages_ff_reg[3]/C","cfo/observation_front/fft_core/bank1_reg_bram_1/DINADIN[3]","1.784","3"
"clk500","-0.051","2.000","cfo/windows/output_record_reg[80]/C","cfo/observation_front/fft_core/state_reg[0]/CE","1.947","6"
"clk500","-0.051","2.000","cfo/windows/output_record_reg[80]/C","cfo/observation_front/fft_core/state_reg[1]/CE","1.947","6"
"clk500","-0.051","2.000","cfo/windows/output_record_reg[80]/C","cfo/observation_front/fft_core/state_reg[2]/CE","1.947","6"
"clk500","-0.051","2.000","cfo/windows/poison_sync/syncstages_ff_reg[3]/C","cfo/windows/output_record_reg[44]/CE","1.948","4"
"clk500","-0.051","2.000","cfo/windows/poison_sync/syncstages_ff_reg[3]/C","cfo/windows/output_record_reg[46]/CE","1.948","4"
"clk500","-0.051","2.000","cfo/windows/poison_sync/syncstages_ff_reg[3]/C","cfo/windows/packed_head_reg[59]/CE","1.948","5"
"clk500","-0.051","2.000","cfo/windows/poison_sync/syncstages_ff_reg[3]/C","cfo/windows/packed_head_reg[64]/CE","1.948","5"
"clk500","-0.049","2.000","cfo/windows/poison_sync/syncstages_ff_reg[3]/C","cfo/windows/packed_windows/fifo/gnuram_async_fifo.xpm_fifo_base_inst/gen_sdpram.xpm_memory_base_inst/gen_wr_a.gen_word_narrow.mem_reg_bram_9/ENBWREN","1.684","3"
"clk500","-0.048","2.000","cfo/observation_front/fft_core/stage_index_reg[0]/C","cfo/observation_front/fft_core/next_output_reg[1]/CE","1.943","4"
"clk500","-0.048","2.000","sfo/residual_estimator/aux_service/u_xfft/U0/i_synth/xfft_inst/non_floating_point.arch_d.xfft_inst/FLOW/load_enable_reg/C","sfo/residual_estimator/aux_service/u_ingress_fifo/gnuram_async_fifo.xpm_fifo_base_inst/rdp_inst/count_value_i_reg[8]/D","2.030","5"
"clk500","-0.047","2.000","cfo/windows/poison_sync/syncstages_ff_reg[3]/C","cfo/windows/packed_head_reg[34]/CE","1.944","5"
"clk500","-0.047","2.000","cfo/windows/poison_sync/syncstages_ff_reg[3]/C","cfo/windows/packed_head_reg[66]/CE","1.944","5"
"clk500","-0.047","2.000","cfo/windows/poison_sync/syncstages_ff_reg[3]/C","cfo/windows/packed_head_reg[91]/CE","1.944","5"
"clk500","-0.047","2.000","cfo/windows/poison_sync/syncstages_ff_reg[3]/C","cfo/windows/packed_head_reg[98]/CE","1.944","5"
"clk500","-0.047","2.000","cfo/windows/poison_sync/syncstages_ff_reg[3]/C","cfo/windows/output_record_reg[71]/CE","1.944","4"
"clk500","-0.047","2.000","cfo/windows/poison_sync/syncstages_ff_reg[3]/C","cfo/windows/output_record_reg[95]/CE","1.944","4"
"clk500","-0.046","2.000","cfo/observation_front/fft_core/stage_index_reg[0]/C","cfo/observation_front/fft_core/next_output_reg[0]/CE","1.941","4"
"clk500","-0.046","2.000","cfo/windows/poison_sync/syncstages_ff_reg[3]/C","cfo/observation_front/fft_core/bank1_reg_bram_1/ADDRARDADDR[5]","1.737","3"
"clk500","-0.046","2.000","cfo/windows/poison_sync/syncstages_ff_reg[3]/C","cfo/windows/output_record_reg[100]/CE","1.943","4"
"clk500","-0.046","2.000","cfo/windows/poison_sync/syncstages_ff_reg[3]/C","cfo/windows/output_record_reg[80]/CE","1.943","4"
"clk500","-0.045","2.000","cfo/observation_front/fft_core/offset_in_group_reg[0]/C","cfo/observation_front/fft_core/tw_index_reg_rep/ADDRARDADDR[9]","1.743","4"
"clk500","-0.044","2.000","sfo/residual_estimator/aux_service/u_xfft/U0/i_synth/xfft_inst/non_floating_point.arch_d.xfft_inst/FLOW/load_enable_reg/C","sfo/residual_estimator/aux_service/u_ingress_fifo/gnuram_async_fifo.xpm_fifo_base_inst/rdp_inst/count_value_i_reg[6]/D","2.026","5"
"clk500","-0.043","2.000","sfo/residual_estimator/front_stage/main/service/u_xfft/U0/i_synth/axi_wrapper/data_in_channel_fifo/gen_real_time.full_reg/C","sfo/residual_estimator/front_stage/main/service/u_ingress_fifo/gnuram_async_fifo.xpm_fifo_base_inst/gen_sdpram.xpm_memory_base_inst/gen_wr_a.gen_word_wide.mem_reg_bram_1/ENARDEN","1.676","3"
"clk500","-0.043","2.000","cfo/windows/poison_sync/syncstages_ff_reg[3]/C","cfo/windows/window_credits/fifo/gnuram_async_fifo.xpm_fifo_base_inst/wrp_inst/count_value_i_reg[3]/CE","1.940","4"
"clk500","-0.043","2.000","cfo/windows/poison_sync/syncstages_ff_reg[3]/C","cfo/windows/window_credits/fifo/gnuram_async_fifo.xpm_fifo_base_inst/wrp_inst/count_value_i_reg[4]/CE","1.941","4"
"clk500","-0.042","2.000","cfo/observation_front/fft_core/next_output_reg[2]/C","cfo/observation_front/fft_core/bank0_reg_bram_0/ADDRBWRADDR[7]","1.732","4"
"clk500","-0.042","2.000","cfo/observation_front/fft_core/state_reg[0]/C","cfo/observation_front/fft_core/bank1_reg_bram_0/DINADIN[28]","1.776","2"
"clk500","-0.041","2.000","cfo/windows/poison_sync/syncstages_ff_reg[3]/C","cfo/observation_front/fft_core/bank0_reg_bram_1/ADDRARDADDR[8]","1.742","2"
"clk500","-0.040","2.000","cfo/windows/poison_sync/syncstages_ff_reg[3]/C","cfo/windows/packed_head_reg[116]/CE","1.937","5"
"clk500","-0.040","2.000","cfo/windows/poison_sync/syncstages_ff_reg[3]/C","cfo/windows/packed_head_reg[15]/CE","1.937","5"
"clk500","-0.040","2.000","cfo/windows/poison_sync/syncstages_ff_reg[3]/C","cfo/windows/packed_head_reg[26]/CE","1.937","5"
"clk500","-0.040","2.000","cfo/windows/poison_sync/syncstages_ff_reg[3]/C","cfo/windows/packed_head_reg[87]/CE","1.937","5"
"clk500","-0.040","2.000","cfo/windows/poison_sync/syncstages_ff_reg[3]/C","cfo/observation_front/fft_core/bank1_reg_bram_1/ENARDEN","1.674","2"
"clk500","-0.040","2.000","sfo/residual_estimator/front_stage/main/service/u_xfft/U0/i_synth/axi_wrapper/sclr_int_reg/C","sfo/residual_estimator/front_stage/main/service/u_xfft/U0/i_synth/xfft_inst/non_floating_point.arch_d.xfft_inst/has_bit_reverse.fixed_pt_size_muxed_addresses.read_addr_fixed_nfft_delay/need_sclr_lut.depth1_shift_ram.FF_gen[0].reg/D","2.022","1"
"clk500","-0.040","2.000","cfo/observation_front/fft_core/next_output_reg[2]/C","cfo/observation_front/fft_core/bank0_reg_bram_0/ENBWREN","1.673","4"
"clk500","-0.039","2.000","cfo/windows/poison_sync/syncstages_ff_reg[3]/C","cfo/observation_front/fft_core/bank1_reg_bram_1/ADDRARDADDR[7]","1.737","3"
"clk500","-0.039","2.000","cfo/observation_front/fft_core/next_output_reg[2]/C","cfo/observation_front/fft_core/bank0_reg_bram_1/ADDRBWRADDR[8]","1.709","4"
"clk500","-0.039","2.000","cfo/windows/poison_sync/syncstages_ff_reg[3]/C","cfo/observation_front/fft_core/bank1_reg_bram_0/ADDRARDADDR[9]","1.738","3"
"clk500","-0.038","2.000","cfo/windows/poison_sync/syncstages_ff_reg[3]/C","cfo/observation_front/fft_core/bank1_reg_bram_1/DINADIN[8]","1.753","3"
"clk500","-0.037","2.000","cfo/windows/poison_sync/syncstages_ff_reg[3]/C","cfo/windows/packed_head_reg[124]/CE","1.934","5"
"clk500","-0.037","2.000","cfo/windows/poison_sync/syncstages_ff_reg[3]/C","cfo/windows/packed_head_reg[21]/CE","1.934","5"
"clk500","-0.037","2.000","cfo/windows/poison_sync/syncstages_ff_reg[3]/C","cfo/windows/packed_head_reg[63]/CE","1.934","5"
"clk500","-0.037","2.000","cfo/windows/poison_sync/syncstages_ff_reg[3]/C","cfo/windows/packed_head_reg[90]/CE","1.934","5"
"clk500","-0.037","2.000","cfo/windows/poison_sync/syncstages_ff_reg[3]/C","cfo/observation_front/fft_core/m_saturations_reg[13]/CE","1.934","3"
"clk500","-0.037","2.000","cfo/windows/poison_sync/syncstages_ff_reg[3]/C","cfo/observation_front/fft_core/m_saturations_reg[15]/CE","1.934","3"
"clk500","-0.037","2.000","cfo/windows/poison_sync/syncstages_ff_reg[3]/C","cfo/observation_front/fft_core/m_saturations_reg[1]/CE","1.934","3"
"clk500","-0.037","2.000","cfo/windows/poison_sync/syncstages_ff_reg[3]/C","cfo/observation_front/fft_core/m_saturations_reg[8]/CE","1.934","3"
"clk500","-0.037","2.000","cfo/windows/poison_sync/syncstages_ff_reg[3]/C","cfo/windows/packed_windows/fifo/gnuram_async_fifo.xpm_fifo_base_inst/gen_sdpram.xpm_memory_base_inst/gen_wr_a.gen_word_narrow.mem_reg_bram_6/ENBWREN","1.672","3"
"clk500","-0.036","2.000","cfo/windows/poison_sync/syncstages_ff_reg[3]/C","cfo/windows/packed_head_reg[38]/CE","1.933","5"
"clk500","-0.036","2.000","cfo/windows/poison_sync/syncstages_ff_reg[3]/C","cfo/windows/packed_head_reg[89]/CE","1.933","5"
"clk500","-0.036","2.000","cfo/windows/poison_sync/syncstages_ff_reg[3]/C","cfo/windows/packed_head_reg[93]/CE","1.933","5"
"clk500","-0.036","2.000","cfo/windows/poison_sync/syncstages_ff_reg[3]/C","cfo/windows/packed_head_reg[95]/CE","1.933","5"
"clk500","-0.036","2.000","cfo/windows/poison_sync/syncstages_ff_reg[3]/C","cfo/windows/packed_windows/fifo/gnuram_async_fifo.xpm_fifo_base_inst/gen_sdpram.xpm_memory_base_inst/gen_wr_a.gen_word_narrow.mem_reg_bram_14/ENBWREN","1.672","3"
"clk500","-0.035","2.000","cfo/windows/poison_sync/syncstages_ff_reg[3]/C","cfo/windows/packed_head_reg[102]/CE","1.932","5"
"clk500","-0.035","2.000","cfo/windows/poison_sync/syncstages_ff_reg[3]/C","cfo/windows/packed_head_reg[104]/CE","1.932","5"
"clk500","-0.035","2.000","cfo/windows/poison_sync/syncstages_ff_reg[3]/C","cfo/windows/packed_head_reg[27]/CE","1.932","5"
"clk500","-0.035","2.000","cfo/windows/poison_sync/syncstages_ff_reg[3]/C","cfo/windows/packed_head_reg[28]/CE","1.932","5"
"clk500","-0.034","2.000","cfo/observation_front/coefficient_page0_data_reg_0_1/CLKARDCLK","cfo/observation_front/rr3_reg_i_3_psdsp_1/D","1.969","2"
"clk500","-0.033","2.000","sfo/residual_estimator/aux_service/u_xfft/U0/i_synth/xfft_inst/non_floating_point.arch_d.xfft_inst/FLOW/load_enable_reg/C","sfo/residual_estimator/aux_service/u_ingress_fifo/gnuram_async_fifo.xpm_fifo_base_inst/rdp_inst/count_value_i_reg[7]/D","2.015","5"
"clk500","-0.033","2.000","cfo/observation_front/fft_core/next_output_reg[2]/C","cfo/observation_front/fft_core/bank0_reg_bram_1/ADDRBWRADDR[4]","1.646","4"
"clk500","-0.033","2.000","cfo/windows/poison_sync/syncstages_ff_reg[3]/C","cfo/observation_front/fft_core/m_saturations_reg[6]/CE","1.930","3"
"clk500","-0.033","2.000","cfo/windows/poison_sync/syncstages_ff_reg[3]/C","cfo/observation_front/fft_core/m_saturations_reg[7]/CE","1.930","3"
"clk500","-0.033","2.000","cfo/windows/poison_sync/syncstages_ff_reg[3]/C","cfo/observation_front/fft_core/m_saturations_reg[9]/CE","1.930","3"
"clk500","-0.033","2.000","cfo/observation_front/coefficient_page0_data_reg_0_1/CLKARDCLK","cfo/observation_front/rr3_reg_i_3_psdsp/D","1.968","2"
"clk500","-0.033","2.000","cfo/observation_front/fft_core/next_output_reg[2]/C","cfo/observation_front/fft_core/bank0_reg_bram_1/ADDRBWRADDR[7]","1.702","4"
"clk500","-0.032","2.000","cfo/observation_front/fft_core/state_reg[0]/C","cfo/observation_front/fft_core/bank1_reg_bram_0/DINADIN[29]","1.739","2"
"clk500","-0.032","2.000","cfo/windows/poison_sync/syncstages_ff_reg[3]/C","cfo/observation_front/fft_core/bank1_reg_bram_0/DINADIN[23]","1.762","3"
"clk500","-0.031","2.000","cfo/windows/poison_sync/syncstages_ff_reg[3]/C","cfo/observation_front/fft_core/bank1_reg_bram_1/DINADIN[1]","1.731","3"
"clk500","-0.031","2.000","cfo/windows/poison_sync/syncstages_ff_reg[3]/C","cfo/windows/output_record_reg[69]/CE","1.928","4"
"clk500","-0.031","2.000","cfo/windows/poison_sync/syncstages_ff_reg[3]/C","cfo/windows/packed_head_reg[121]/CE","1.928","5"
"clk500","-0.031","2.000","cfo/windows/poison_sync/syncstages_ff_reg[3]/C","cfo/windows/packed_head_reg[42]/CE","1.928","5"
"clk500","-0.031","2.000","cfo/windows/poison_sync/syncstages_ff_reg[3]/C","cfo/windows/packed_head_reg[69]/CE","1.928","5"
"clk500","-0.031","2.000","cfo/windows/poison_sync/syncstages_ff_reg[3]/C","cfo/windows/packed_head_reg[6]/CE","1.928","5"
"clk500","-0.031","2.000","cfo/windows/poison_sync/syncstages_ff_reg[3]/C","cfo/windows/packed_head_reg[74]/CE","1.928","5"
"clk500","-0.031","2.000","cfo/windows/poison_sync/syncstages_ff_reg[3]/C","cfo/windows/packed_head_reg[86]/CE","1.928","5"
"clk500","-0.031","2.000","cfo/windows/poison_sync/syncstages_ff_reg[3]/C","cfo/observation_front/fft_core/bank1_reg_bram_1/DINADIN[11]","1.741","3"
"clk500","-0.029","2.000","cfo/windows/poison_sync/syncstages_ff_reg[3]/C","cfo/observation_front/fft_core/bank1_reg_bram_0/ADDRARDADDR[7]","1.738","3"
"clk500","-0.028","2.000","cfo/windows/poison_sync/syncstages_ff_reg[3]/C","cfo/windows/packed_windows/fifo/gnuram_async_fifo.xpm_fifo_base_inst/rdpp1_inst/count_value_i_reg[10]/D","2.010","6"
"clk500","-0.027","2.000","cfo/windows/poison_sync/syncstages_ff_reg[3]/C","cfo/observation_front/fft_core/bank1_reg_bram_0/DINADIN[12]","1.766","3"
"clk500","-0.027","2.000","sfo/residual_estimator/front_stage/main/service/u_xfft/U0/i_synth/xfft_inst/non_floating_point.arch_d.xfft_inst/pe_gen[0].natural_order_input.PE/has_TW_mult.TW/MUX0/four_inputs.use_lut6.no_lut_sclr.four_to_one_mux[0].latency1.reg/C","sfo/residual_estimator/front_stage/main/service/u_xfft/U0/i_synth/xfft_inst/non_floating_point.arch_d.xfft_inst/pe_gen[0].natural_order_input.PE/has_TW_mult.TW/twiddle_generator/tw1.twgen1/sin_addr_2s_comp/use_output_reg.D_OUT_reg[5]/D","2.010","2"
"clk500","-0.026","2.000","cfo/windows/poison_sync/syncstages_ff_reg[3]/C","cfo/windows/packed_head_reg[85]/D","2.008","5"
"clk500","-0.026","2.000","cfo/observation_front/fft_core/next_output_reg[2]/C","cfo/observation_front/fft_core/bank0_reg_bram_0/ADDRBWRADDR[13]","1.711","4"
"clk500","-0.025","2.000","sfo/residual_estimator/front_stage/main/service/u_xfft/U0/i_synth/axi_wrapper/sclr_int_reg/C","sfo/residual_estimator/front_stage/main/service/u_xfft/U0/i_synth/xfft_inst/non_floating_point.arch_d.xfft_inst/FLOW/reset_sustain.resets_4_pes[0].delay_reset_pe/tc_reg/S","1.908","0"
"clk500","-0.024","2.000","cfo/windows/poison_sync/syncstages_ff_reg[3]/C","cfo/windows/packed_head_reg[94]/D","2.006","5"
"clk500","-0.024","2.000","cfo/observation_front/fft_core/next_output_reg[2]/C","cfo/observation_front/fft_core/bank0_reg_bram_0/ADDRBWRADDR[6]","1.712","4"
"clk500","-0.023","2.000","cfo/windows/header_active_reg/C","cfo/windows/complete_windows/fifo/gnuram_async_fifo.xpm_fifo_base_inst/gen_sdpram.xpm_memory_base_inst/gen_wr_a.gen_word_narrow.mem_reg/REGCEAREGCE","1.764","3"
"clk500","-0.022","2.000","cfo/windows/packed_windows/fifo/gnuram_async_fifo.xpm_fifo_base_inst/gen_sdpram.xpm_memory_base_inst/gen_wr_a.gen_word_narrow.mem_reg_bram_14/CLKBWRCLK","cfo/windows/packed_head_reg[127]/D","1.956","1"
"clk500","-0.022","2.000","cfo/windows/poison_sync/syncstages_ff_reg[3]/C","cfo/windows/packed_windows/fifo/gnuram_async_fifo.xpm_fifo_base_inst/gen_sdpram.xpm_memory_base_inst/gen_wr_a.gen_word_narrow.mem_reg_bram_0/ENBWREN","1.657","3"
"clk500","-0.022","2.000","cfo/windows/poison_sync/syncstages_ff_reg[3]/C","cfo/windows/output_record_reg[12]/CE","1.919","4"
"clk500","-0.022","2.000","cfo/windows/poison_sync/syncstages_ff_reg[3]/C","cfo/windows/output_record_reg[7]/CE","1.919","4"
"clk500","-0.021","2.000","cfo/windows/poison_sync/syncstages_ff_reg[3]/C","cfo/windows/output_record_reg[129]/CE","1.918","4"
"clk500","-0.021","2.000","cfo/windows/poison_sync/syncstages_ff_reg[3]/C","cfo/windows/output_record_reg[55]/CE","1.918","4"
"clk500","-0.021","2.000","cfo/windows/poison_sync/syncstages_ff_reg[3]/C","cfo/windows/packed_head_reg[4]/D","2.003","5"
"clk500","-0.020","2.000","cfo/windows/poison_sync/syncstages_ff_reg[3]/C","cfo/windows/output_record_reg[54]/CE","1.917","4"
"clk500","-0.020","2.000","cfo/windows/poison_sync/syncstages_ff_reg[3]/C","cfo/windows/output_record_reg[63]/CE","1.917","4"
"clk500","-0.020","2.000","cfo/windows/poison_sync/syncstages_ff_reg[3]/C","cfo/windows/packed_windows/fifo/gnuram_async_fifo.xpm_fifo_base_inst/rdpp1_inst/count_value_i_reg[11]/D","2.002","6"
"clk500","-0.019","2.000","cfo/observation_front/fft_core/state_reg[0]/C","cfo/observation_front/fft_core/bank1_reg_bram_1/DINADIN[15]","1.677","2"
"clk500","-0.019","2.000","cfo/windows/poison_sync/syncstages_ff_reg[3]/C","cfo/windows/output_record_reg[104]/CE","1.916","4"
"clk500","-0.019","2.000","cfo/windows/poison_sync/syncstages_ff_reg[3]/C","cfo/windows/output_record_reg[113]/CE","1.916","4"
"clk500","-0.019","2.000","cfo/windows/poison_sync/syncstages_ff_reg[3]/C","cfo/windows/output_record_reg[133]/CE","1.916","4"
"clk500","-0.019","2.000","cfo/windows/poison_sync/syncstages_ff_reg[3]/C","cfo/windows/output_record_reg[67]/CE","1.916","4"
"clk500","-0.018","2.000","cfo/windows/poison_sync/syncstages_ff_reg[3]/C","cfo/observation_front/fft_core/bank1_reg_bram_1/DINADIN[4]","1.733","3"
"clk500","-0.018","2.000","cfo/windows/poison_sync/syncstages_ff_reg[3]/C","cfo/windows/output_record_reg[110]/CE","1.916","4"
"clk500","-0.018","2.000","cfo/windows/poison_sync/syncstages_ff_reg[3]/C","cfo/windows/output_record_reg[132]/CE","1.916","4"
"clk500","-0.018","2.000","cfo/windows/poison_sync/syncstages_ff_reg[3]/C","cfo/windows/output_record_reg[58]/CE","1.916","4"
"clk500","-0.018","2.000","cfo/windows/poison_sync/syncstages_ff_reg[3]/C","cfo/windows/output_record_reg[96]/CE","1.916","4"
"clk500","-0.017","2.000","cfo/windows/poison_sync/syncstages_ff_reg[3]/C","cfo/observation_front/fft_core/bank0_reg_bram_0/DINADIN[12]","1.756","2"
"clk500","-0.017","2.000","cfo/windows/poison_sync/syncstages_ff_reg[3]/C","cfo/observation_front/fft_core/bank1_reg_bram_0/DINADIN[7]","1.745","3"
"clk500","-0.017","2.000","cfo/observation_front/fft_core/state_reg[0]/C","cfo/observation_front/fft_core/bank0_reg_bram_1/ADDRARDADDR[7]","1.712","2"
"clk500","-0.017","2.000","cfo/observation_front/coefficient_page0_data_reg_0_1/CLKARDCLK","cfo/observation_front/pr4_reg_i_4_psdsp/D","1.952","2"
"clk500","-0.016","2.000","cfo/windows/poison_sync/syncstages_ff_reg[3]/C","cfo/windows/packed_head_reg[122]/D","1.998","5"
"clk500","-0.015","2.000","cfo/observation_front/fft_core/stage_index_reg[0]/C","cfo/observation_front/fft_core/next_output_reg[4]/CE","1.910","4"
"clk500","-0.015","2.000","cfo/observation_front/fft_core/stage_index_reg[0]/C","cfo/observation_front/fft_core/next_output_reg[8]/CE","1.910","4"
"clk500","-0.015","2.000","cfo/observation_front/fft_core/stage_index_reg[0]/C","cfo/observation_front/fft_core/next_output_reg[9]/CE","1.910","4"
"clk500","-0.015","2.000","cfo/windows/poison_sync/syncstages_ff_reg[3]/C","cfo/observation_front/fft_core/bank1_reg_bram_0/DINPADINP[2]","1.765","3"
"clk500","-0.015","2.000","cfo/observation_front/fft_core/next_output_reg[2]/C","cfo/observation_front/fft_core/bank0_reg_bram_1/ADDRBWRADDR[10]","1.687","4"
"clk500","-0.014","2.000","cfo/windows/output_record_reg[80]/C","cfo/observation_front/fft_core/m_error_reg[0]/CE","1.910","6"
"clk500","-0.014","2.000","cfo/windows/packed_windows/fifo/gnuram_async_fifo.xpm_fifo_base_inst/gen_sdpram.xpm_memory_base_inst/gen_wr_a.gen_word_narrow.mem_reg_bram_7/CLKBWRCLK","cfo/windows/packed_head_reg[56]/D","1.948","1"
"clk500","-0.013","2.000","cfo/observation_front/fft_core/state_reg[0]/C","cfo/observation_front/fft_core/bank1_reg_bram_0/DINPADINP[3]","1.767","2"
"clk500","-0.012","2.000","cfo/observation_front/fft_core/offset_in_group_reg[0]/C","cfo/observation_front/fft_core/tw_index_reg_rep/ADDRARDADDR[12]","1.708","4"
"clk500","-0.011","2.000","cfo/windows/poison_sync/syncstages_ff_reg[3]/C","cfo/windows/packed_head_reg[103]/CE","1.908","5"
"clk500","-0.011","2.000","cfo/windows/poison_sync/syncstages_ff_reg[3]/C","cfo/windows/packed_head_reg[122]/CE","1.908","5"
"clk500","-0.011","2.000","cfo/windows/poison_sync/syncstages_ff_reg[3]/C","cfo/windows/packed_head_reg[127]/CE","1.908","5"
"clk500","-0.011","2.000","cfo/windows/poison_sync/syncstages_ff_reg[3]/C","cfo/windows/packed_head_reg[29]/CE","1.908","5"
"clk500","-0.011","2.000","cfo/windows/poison_sync/syncstages_ff_reg[3]/C","cfo/windows/packed_head_reg[31]/CE","1.908","5"
"clk500","-0.011","2.000","cfo/windows/poison_sync/syncstages_ff_reg[3]/C","cfo/windows/packed_head_reg[58]/CE","1.908","5"
"clk500","-0.011","2.000","cfo/windows/poison_sync/syncstages_ff_reg[3]/C","cfo/windows/packed_head_reg[61]/CE","1.908","5"
"clk500","-0.011","2.000","cfo/windows/poison_sync/syncstages_ff_reg[3]/C","cfo/windows/packed_head_reg[88]/CE","1.908","5"
"clk500","-0.011","2.000","sfo/residual_estimator/aux_service/u_xfft/U0/i_synth/xfft_inst/non_floating_point.arch_d.xfft_inst/has_bit_reverse.no_cp.muxed_reorder_write_addr_del_reg[12]/C","sfo/residual_estimator/aux_service/u_xfft/U0/i_synth/xfft_inst/non_floating_point.arch_d.xfft_inst/has_bit_reverse.dig_rev_mem/blk_ram.use_bram_only.mem/depth_14.main_ram_loop[1].use_RAMB18.ram_2k_loop[2].SDP_RAMB18_9x2048/WEA[0]","1.592","1"
"clk500","-0.011","2.000","cfo/observation_front/fft_core/offset_in_group_reg[3]/C","cfo/observation_front/fft_core/bank1_reg_bram_1/ADDRBWRADDR[4]","1.629","4"
"clk500","-0.010","2.000","cfo/windows/poison_sync/syncstages_ff_reg[3]/C","cfo/windows/packed_head_reg[87]/D","1.992","5"
"clk500","-0.010","2.000","cfo/observation_front/fft_core/next_output_reg[2]/C","cfo/observation_front/fft_core/bank0_reg_bram_0/ADDRBWRADDR[5]","1.623","4"
"clk500","-0.010","2.000","cfo/windows/poison_sync/syncstages_ff_reg[3]/C","cfo/windows/packed_windows/fifo/gnuram_async_fifo.xpm_fifo_base_inst/gen_sdpram.xpm_memory_base_inst/gen_wr_a.gen_word_narrow.mem_reg_bram_7/REGCEB","1.754","3"
"clk500","-0.009","2.000","cfo/windows/poison_sync/syncstages_ff_reg[3]/C","cfo/windows/packed_head_reg[100]/CE","1.906","5"
"clk500","-0.009","2.000","cfo/windows/poison_sync/syncstages_ff_reg[3]/C","cfo/windows/packed_head_reg[117]/CE","1.906","5"
"clk500","-0.009","2.000","cfo/windows/poison_sync/syncstages_ff_reg[3]/C","cfo/windows/packed_head_reg[123]/CE","1.906","5"
"clk500","-0.009","2.000","cfo/windows/poison_sync/syncstages_ff_reg[3]/C","cfo/windows/packed_head_reg[68]/CE","1.906","5"
"clk500","-0.009","2.000","cfo/windows/poison_sync/syncstages_ff_reg[3]/C","cfo/windows/packed_windows/fifo/gnuram_async_fifo.xpm_fifo_base_inst/gen_sdpram.xpm_memory_base_inst/gen_wr_a.gen_word_narrow.mem_reg_bram_10/ENBWREN","1.644","3"
"clk500","-0.009","2.000","sfo/residual_estimator/aux_service/u_xfft/U0/i_synth/xfft_inst/non_floating_point.arch_d.xfft_inst/FLOW/load_enable_reg/C","sfo/residual_estimator/aux_service/u_ingress_fifo/gnuram_async_fifo.xpm_fifo_base_inst/rdp_inst/count_value_i_reg[5]/D","1.991","5"
"clk500","-0.008","2.000","cfo/observation_front/fft_core/offset_in_group_reg[3]/C","cfo/observation_front/fft_core/bank0_reg_bram_0/ADDRBWRADDR[10]","1.675","4"
"clk500","-0.008","2.000","cfo/windows/poison_sync/syncstages_ff_reg[3]/C","cfo/windows/packed_windows/fifo/gnuram_async_fifo.xpm_fifo_base_inst/rdpp1_inst/count_value_i_reg[9]/D","1.990","6"
"clk500","-0.006","2.000","cfo/windows/poison_sync/syncstages_ff_reg[3]/C","cfo/windows/packed_head_reg[18]/CE","1.903","5"
"clk500","-0.006","2.000","cfo/windows/poison_sync/syncstages_ff_reg[3]/C","cfo/windows/packed_head_reg[25]/CE","1.903","5"
"clk500","-0.006","2.000","cfo/windows/packed_windows/fifo/gnuram_async_fifo.xpm_fifo_base_inst/gen_sdpram.xpm_memory_base_inst/gen_wr_a.gen_word_narrow.mem_reg_bram_7/CLKBWRCLK","cfo/windows/packed_head_reg[67]/D","1.941","1"
"clk500","-0.005","2.000","cfo/windows/poison_sync/syncstages_ff_reg[3]/C","cfo/windows/packed_head_reg[13]/CE","1.902","5"
"clk500","-0.005","2.000","cfo/windows/poison_sync/syncstages_ff_reg[3]/C","cfo/windows/packed_head_reg[24]/CE","1.902","5"
"clk500","-0.005","2.000","cfo/windows/poison_sync/syncstages_ff_reg[3]/C","cfo/windows/packed_head_reg[5]/CE","1.902","5"
"clk500","-0.005","2.000","cfo/windows/poison_sync/syncstages_ff_reg[3]/C","cfo/windows/packed_head_reg[82]/CE","1.902","5"
"clk500","-0.005","2.000","cfo/windows/poison_sync/syncstages_ff_reg[3]/C","cfo/windows/packed_windows/fifo/gnuram_async_fifo.xpm_fifo_base_inst/rdpp1_inst/count_value_i_reg[8]/D","1.987","5"
"clk500","-0.004","2.000","cfo/windows/packed_windows/fifo/gnuram_async_fifo.xpm_fifo_base_inst/gen_sdpram.xpm_memory_base_inst/gen_wr_a.gen_word_narrow.mem_reg_bram_7/CLKBWRCLK","cfo/windows/packed_head_reg[71]/D","1.938","1"
"clk500","-0.004","2.000","sfo/residual_estimator/aux_service/u_xfft/U0/i_synth/xfft_inst/non_floating_point.arch_d.xfft_inst/pe_gen[0].natural_order_input.PE/has_addr_gen.bf2_addr_gen/cnt/cnt_addsub/i_baseblox.i_baseblox_addsub/no_pipelining.the_addsub/i_lut6.i_lut6_addsub/i_q.i_simple.qreg/i_no_async_controls.output_reg[2]/C","sfo/residual_estimator/aux_service/u_xfft/U0/i_synth/xfft_inst/non_floating_point.arch_d.xfft_inst/pe_gen[0].natural_order_input.PE/FB_1.BF_1/MEM/blk_ram.use_bram_only.mem/depth_13_s6_depth_12.main_ram_loop[1].use_RAMB18.ram_2k_loop[1].SDP_RAMB18_9x2048/ADDRBWRADDR[4]","1.617","0"
"clk500","-0.003","2.000","cfo/windows/poison_sync/syncstages_ff_reg[3]/C","cfo/windows/packed_head_reg[110]/CE","1.900","5"
"clk500","-0.003","2.000","cfo/windows/poison_sync/syncstages_ff_reg[3]/C","cfo/windows/packed_head_reg[120]/CE","1.900","5"
"clk500","-0.003","2.000","cfo/windows/poison_sync/syncstages_ff_reg[3]/C","cfo/windows/packed_head_reg[37]/CE","1.900","5"
"clk500","-0.003","2.000","cfo/windows/poison_sync/syncstages_ff_reg[3]/C","cfo/windows/packed_head_reg[51]/CE","1.900","5"
"clk500","-0.003","2.000","sfo/residual_estimator/front_stage/main/service/u_xfft/U0/i_synth/axi_wrapper/sclr_int_reg/C","sfo/residual_estimator/front_stage/main/service/u_xfft/U0/i_synth/xfft_inst/non_floating_point.arch_d.xfft_inst/FLOW/reset_sustain.resets_4_pes[1].delay_reset_pe/tc_reg/S","1.886","0"
"clk500","-0.002","2.000","cfo/windows/poison_sync/syncstages_ff_reg[3]/C","cfo/observation_front/fft_core/m_frame_reg[19]/CE","1.899","3"
"clk500","-0.002","2.000","sfo/residual_estimator/aux_service/u_xfft/U0/i_synth/xfft_inst/non_floating_point.arch_d.xfft_inst/has_bit_reverse.no_cp.muxed_reorder_write_addr_del_reg[12]/C","sfo/residual_estimator/aux_service/u_xfft/U0/i_synth/xfft_inst/non_floating_point.arch_d.xfft_inst/has_bit_reverse.dig_rev_mem/blk_ram.use_bram_only.mem/depth_14.main_ram_loop[1].use_RAMB18.ram_2k_loop[3].SDP_RAMB18_9x2048/WEA[0]","1.585","1"
"clk500","-0.001","2.000","cfo/windows/poison_sync/syncstages_ff_reg[3]/C","cfo/observation_front/fft_core/bank1_reg_bram_0/DINADIN[11]","1.726","3"
"clk500","-0.001","2.000","cfo/windows/poison_sync/syncstages_ff_reg[3]/C","cfo/windows/packed_windows/fifo/gnuram_async_fifo.xpm_fifo_base_inst/rdpp1_inst/count_value_i_reg[6]/D","1.983","5"
"clk500","0.000","2.000","cfo/windows/poison_sync/syncstages_ff_reg[3]/C","cfo/windows/packed_head_reg[115]/CE","1.897","5"
"clk500","0.000","2.000","cfo/windows/poison_sync/syncstages_ff_reg[3]/C","cfo/windows/packed_head_reg[1]/CE","1.897","5"
"clk500","0.000","2.000","cfo/windows/poison_sync/syncstages_ff_reg[3]/C","cfo/windows/packed_head_reg[49]/CE","1.897","5"
"clk500","0.000","2.000","cfo/windows/poison_sync/syncstages_ff_reg[3]/C","cfo/windows/packed_head_reg[71]/CE","1.897","5"
"clk500","0.000","2.000","sfo/residual_estimator/aux_service/u_xfft/U0/i_synth/xfft_inst/non_floating_point.arch_d.xfft_inst/has_bit_reverse.no_cp.muxed_reorder_write_addr_del_reg[12]/C","sfo/residual_estimator/aux_service/u_xfft/U0/i_synth/xfft_inst/non_floating_point.arch_d.xfft_inst/has_bit_reverse.dig_rev_mem/blk_ram.use_bram_only.mem/depth_14.main_ram_loop[2].use_RAMB18.ram_2k_loop[7].SDP_RAMB18_9x2048/WEA[0]","1.583","1"
"clk500","0.001","2.000","cfo/windows/poison_sync/syncstages_ff_reg[3]/C","cfo/observation_front/fft_core/bank1_reg_bram_0/DINPADINP[1]","1.748","3"
"clk500","0.001","2.000","cfo/windows/packed_windows/fifo/gnuram_async_fifo.xpm_fifo_base_inst/gen_sdpram.xpm_memory_base_inst/gen_wr_a.gen_word_narrow.mem_reg_bram_7/CLKBWRCLK","cfo/windows/packed_head_reg[61]/D","1.933","1"
"clk500","0.001","2.000","cfo/observation_front/fft_core/state_reg[0]/C","cfo/observation_front/fft_core/bank0_reg_bram_1/ADDRARDADDR[6]","1.710","2"
"clk500","0.002","2.000","cfo/windows/poison_sync/syncstages_ff_reg[3]/C","cfo/windows/packed_head_reg[109]/CE","1.895","5"
"clk500","0.002","2.000","cfo/windows/poison_sync/syncstages_ff_reg[3]/C","cfo/windows/packed_head_reg[54]/CE","1.895","5"
"clk500","0.002","2.000","cfo/windows/poison_sync/syncstages_ff_reg[3]/C","cfo/windows/packed_head_reg[57]/CE","1.895","5"
"clk500","0.002","2.000","cfo/windows/poison_sync/syncstages_ff_reg[3]/C","cfo/windows/packed_head_reg[62]/CE","1.895","5"
"clk500","0.002","2.000","cfo/windows/poison_sync/syncstages_ff_reg[3]/C","cfo/windows/packed_head_reg[7]/CE","1.895","5"
"clk500","0.002","2.000","sfo/residual_estimator/aux_service/u_egress_fifo/gnuram_async_fifo.xpm_fifo_base_inst/xpm_fifo_rst_inst/gen_rst_ic.wr_rst_busy_ic_reg/C","sfo/residual_estimator/aux_service/u_egress_fifo/gnuram_async_fifo.xpm_fifo_base_inst/gen_sdpram.xpm_memory_base_inst/gen_wr_a.gen_word_narrow.mem_reg_bram_1/ENARDEN","1.630","3"
"clk500","0.002","2.000","cfo/windows/poison_sync/syncstages_ff_reg[3]/C","cfo/windows/sample_index_reg[10]/CE","1.896","4"
"clk500","0.002","2.000","cfo/windows/poison_sync/syncstages_ff_reg[3]/C","cfo/windows/sample_index_reg[7]/CE","1.895","4"
"clk500","0.002","2.000","cfo/windows/poison_sync/syncstages_ff_reg[3]/C","cfo/windows/sample_index_reg[9]/CE","1.895","4"
"clk500","0.002","2.000","cfo/windows/poison_sync/syncstages_ff_reg[3]/C","cfo/windows/packed_head_reg[72]/D","1.980","5"
"clk500","0.003","2.000","cfo/windows/poison_sync/syncstages_ff_reg[3]/C","cfo/observation_front/fft_core/bank0_reg_bram_0/ENARDEN","1.631","2"
"clk500","0.003","2.000","cfo/windows/poison_sync/syncstages_ff_reg[3]/C","cfo/observation_front/fft_core/bank0_reg_bram_1/ADDRARDADDR[9]","1.699","3"
"clk500","0.003","2.000","cfo/windows/poison_sync/syncstages_ff_reg[3]/C","cfo/windows/packed_head_reg[104]/D","1.979","5"
"clk500","0.003","2.000","cfo/windows/poison_sync/syncstages_ff_reg[3]/C","cfo/windows/packed_head_reg[84]/D","1.979","5"
"clk500","0.003","2.000","sfo/residual_estimator/front_stage/main/service/u_xfft/U0/i_synth/xfft_inst/non_floating_point.arch_d.xfft_inst/pe_gen[0].natural_order_input.PE/has_TW_mult.TW/MUX0/four_inputs.use_lut6.no_lut_sclr.four_to_one_mux[0].latency1.reg/C","sfo/residual_estimator/front_stage/main/service/u_xfft/U0/i_synth/xfft_inst/non_floating_point.arch_d.xfft_inst/pe_gen[0].natural_order_input.PE/has_TW_mult.TW/twiddle_generator/tw1.twgen1/sin_addr_2s_comp/use_output_reg.D_OUT_reg[6]/D","1.980","2"
"clk500","0.004","2.000","cfo/observation_front/fft_core/next_output_reg[2]/C","cfo/observation_front/fft_core/bank0_reg_bram_0/ADDRBWRADDR[9]","1.666","4"
"clk500","0.004","2.000","cfo/windows/packed_windows/fifo/gnuram_async_fifo.xpm_fifo_base_inst/gen_sdpram.xpm_memory_base_inst/gen_wr_a.gen_word_narrow.mem_reg_bram_7/CLKBWRCLK","cfo/windows/packed_head_reg[62]/D","1.930","1"
"clk500","0.005","2.000","cfo/observation_front/fft_core/stage_index_reg[0]/C","cfo/observation_front/fft_core/next_output_reg[2]/CE","1.890","4"
"clk500","0.005","2.000","cfo/observation_front/fft_core/stage_index_reg[0]/C","cfo/observation_front/fft_core/next_output_reg[6]/CE","1.890","4"
"clk500","0.005","2.000","cfo/observation_front/fft_core/tag_reg[8][bf][8]/C","cfo/observation_front/fft_core/tw_index_reg_rep/ENARDEN","1.628","4"
"clk500","0.005","2.000","cfo/windows/poison_sync/syncstages_ff_reg[3]/C","cfo/windows/output_record_reg[68]/CE","1.893","4"
"clk500","0.005","2.000","sfo/residual_estimator/aux_service/u_xfft/U0/i_synth/xfft_inst/non_floating_point.arch_d.xfft_inst/FLOW/has_nfft._nfft_value.NFFT_int_tmp_reg[0]/C","sfo/residual_estimator/aux_service/u_xfft/U0/i_synth/xfft_inst/non_floating_point.arch_d.xfft_inst/pe_gen[3].natural_order_input.PE/has_addr_gen.tw_addr_gen/output_cnt.reg_next_start/D","1.978","2"
"clk500","0.005","2.000","cfo/windows/packed_windows/fifo/gnuram_async_fifo.xpm_fifo_base_inst/gen_sdpram.xpm_memory_base_inst/gen_wr_a.gen_word_narrow.mem_reg_bram_7/CLKBWRCLK","cfo/windows/packed_head_reg[44]/D","1.930","1"
"clk500","0.006","2.000","cfo/observation_front/fft_core/state_reg[0]/C","cfo/observation_front/fft_core/bank0_reg_bram_0/DINADIN[21]","1.725","2"
"clk500","0.006","2.000","cfo/windows/poison_sync/syncstages_ff_reg[3]/C","cfo/observation_front/fft_core/m_frame_reg[14]/CE","1.891","3"
"clk500","0.006","2.000","cfo/windows/poison_sync/syncstages_ff_reg[3]/C","cfo/observation_front/fft_core/m_frame_reg[16]/CE","1.891","3"
"clk500","0.006","2.000","cfo/windows/poison_sync/syncstages_ff_reg[3]/C","cfo/observation_front/fft_core/m_frame_reg[23]/CE","1.891","3"
"clk500","0.006","2.000","cfo/windows/poison_sync/syncstages_ff_reg[3]/C","cfo/observation_front/fft_core/m_frame_reg[7]/CE","1.891","3"
"clk500","0.006","2.000","cfo/observation_front/fft_core/stage_index_reg[0]/C","cfo/observation_front/fft_core/next_output_reg[3]/CE","1.890","4"
"clk500","0.006","2.000","cfo/observation_front/fft_core/stage_index_reg[0]/C","cfo/observation_front/fft_core/next_output_reg[5]/CE","1.890","4"
"clk500","0.006","2.000","cfo/observation_front/fft_core/stage_index_reg[0]/C","cfo/observation_front/fft_core/next_output_reg[7]/CE","1.890","4"
"clk500","0.006","2.000","cfo/windows/poison_sync/syncstages_ff_reg[3]/C","cfo/windows/packed_head_reg[3]/D","1.976","5"
"clk500","0.006","2.000","cfo/observation_front/fft_core/next_output_reg[2]/C","cfo/observation_front/fft_core/bank0_reg_bram_0/ADDRBWRADDR[14]","1.640","4"
"clk500","0.006","2.000","cfo/windows/poison_sync/syncstages_ff_reg[3]/C","cfo/observation_front/fft_core/bank1_reg_bram_0/ADDRARDADDR[13]","1.696","3"
"clk500","0.006","2.000","cfo/windows/poison_sync/syncstages_ff_reg[3]/C","cfo/observation_front/fft_core/bank0_reg_bram_1/DINADIN[14]","1.703","2"
"clk500","0.006","2.000","cfo/windows/packed_windows/fifo/gnuram_async_fifo.xpm_fifo_base_inst/gen_sdpram.xpm_memory_base_inst/gen_wr_a.gen_word_narrow.mem_reg_bram_7/CLKBWRCLK","cfo/windows/packed_tail_reg[68]/D","1.929","0"
"clk500","0.008","2.000","cfo/observation_front/fft_core/offset_in_group_reg[3]/C","cfo/observation_front/fft_core/bank1_reg_bram_0/ADDRBWRADDR[5]","1.606","4"
"clk500","0.008","2.000","cfo/windows/poison_sync/syncstages_ff_reg[3]/C","cfo/observation_front/fft_core/m_frame_reg[2]/CE","1.889","3"
"clk500","0.008","2.000","cfo/windows/packed_windows/fifo/gnuram_async_fifo.xpm_fifo_base_inst/gen_sdpram.xpm_memory_base_inst/gen_wr_a.gen_word_narrow.mem_reg_bram_7/CLKBWRCLK","cfo/windows/packed_tail_reg[50]/D","1.927","0"
"clk500","0.008","2.000","sfo/residual_estimator/aux_service/u_xfft/U0/i_synth/xfft_inst/non_floating_point.arch_d.xfft_inst/pe_gen[0].natural_order_input.PE/has_addr_gen.bf2_addr_gen/cnt/cnt_addsub/i_baseblox.i_baseblox_addsub/no_pipelining.the_addsub/i_lut6.i_lut6_addsub/i_q.i_simple.qreg/i_no_async_controls.output_reg[2]/C","sfo/residual_estimator/aux_service/u_xfft/U0/i_synth/xfft_inst/non_floating_point.arch_d.xfft_inst/pe_gen[0].natural_order_input.PE/FB_1.BF_1/MEM/blk_ram.use_bram_only.mem/depth_13_s6_depth_12.main_ram_loop[1].use_RAMB18.ram_2k_loop[0].SDP_RAMB18_9x2048/ADDRBWRADDR[4]","1.609","0"
"clk500","0.009","2.000","cfo/observation_front/fft_core/state_reg[0]/C","cfo/observation_front/fft_core/bank1_reg_bram_0/DINADIN[30]","1.654","2"
"clk500","0.009","2.000","cfo/observation_front/fft_core/offset_in_group_reg[3]/C","cfo/observation_front/fft_core/bank1_reg_bram_1/ADDRBWRADDR[9]","1.688","4"
"clk500","0.010","2.000","cfo/windows/poison_sync/syncstages_ff_reg[3]/C","cfo/windows/packed_head_reg[112]/CE","1.887","5"
"clk500","0.010","2.000","cfo/windows/poison_sync/syncstages_ff_reg[3]/C","cfo/windows/packed_head_reg[125]/CE","1.887","5"
"clk500","0.010","2.000","cfo/windows/poison_sync/syncstages_ff_reg[3]/C","cfo/windows/packed_head_reg[16]/CE","1.887","5"
"clk500","0.010","2.000","cfo/windows/poison_sync/syncstages_ff_reg[3]/C","cfo/windows/packed_head_reg[33]/CE","1.887","5"
"clk500","0.010","2.000","sfo/residual_estimator/aux_service/u_xfft/U0/i_synth/xfft_inst/non_floating_point.arch_d.xfft_inst/FLOW/load_enable_reg/C","sfo/residual_estimator/aux_service/u_ingress_fifo/gnuram_async_fifo.xpm_fifo_base_inst/gen_sdpram.xpm_memory_base_inst/gen_wr_a.gen_word_wide.mem_reg_bram_0/ENARDEN","1.624","3"
"clk500","0.010","2.000","cfo/observation_front/fft_core/offset_in_group_reg[3]/C","cfo/observation_front/fft_core/bank0_reg_bram_1/ADDRBWRADDR[9]","1.657","4"
"clk500","0.010","2.000","cfo/windows/poison_sync/syncstages_ff_reg[3]/C","cfo/windows/packed_windows/fifo/gnuram_async_fifo.xpm_fifo_base_inst/rdpp1_inst/count_value_i_reg[7]/D","1.972","5"
"clk500","0.010","2.000","cfo/windows/poison_sync/syncstages_ff_reg[3]/C","cfo/observation_front/fft_core/bank0_reg_bram_1/DINADIN[13]","1.707","2"
"clk500","0.011","2.000","cfo/observation_front/fft_core/offset_in_group_reg[0]/C","cfo/observation_front/fft_core/tw_index_reg_rep/ADDRARDADDR[8]","1.681","4"
"clk500","0.011","2.000","cfo/windows/poison_sync/syncstages_ff_reg[3]/C","cfo/windows/packed_tail_reg[98]/CE","1.887","4"
"clk500","0.011","2.000","sfo/residual_estimator/front_stage/main/service/u_xfft/U0/i_synth/axi_wrapper/sclr_int_reg/C","sfo/residual_estimator/front_stage/main/service/u_xfft/U0/i_synth/xfft_inst/non_floating_point.arch_d.xfft_inst/DOUT_CNT_CTRL_0/cnt/cnt_addsub/i_baseblox.i_baseblox_addsub/no_pipelining.the_addsub/i_lut6.i_lut6_addsub/i_q.i_simple.qreg/i_no_async_controls.output_reg[1]/R","1.872","0"
"clk500","0.011","2.000","sfo/residual_estimator/front_stage/main/service/u_xfft/U0/i_synth/axi_wrapper/sclr_int_reg/C","sfo/residual_estimator/front_stage/main/service/u_xfft/U0/i_synth/xfft_inst/non_floating_point.arch_d.xfft_inst/DOUT_CNT_CTRL_0/cnt/cnt_addsub/i_baseblox.i_baseblox_addsub/no_pipelining.the_addsub/i_lut6.i_lut6_addsub/i_q.i_simple.qreg/i_no_async_controls.output_reg[2]/R","1.872","0"
"clk500","0.011","2.000","sfo/residual_estimator/front_stage/main/service/u_xfft/U0/i_synth/axi_wrapper/sclr_int_reg/C","sfo/residual_estimator/front_stage/main/service/u_xfft/U0/i_synth/xfft_inst/non_floating_point.arch_d.xfft_inst/DOUT_CNT_CTRL_0/cnt/cnt_addsub/i_baseblox.i_baseblox_addsub/no_pipelining.the_addsub/i_lut6.i_lut6_addsub/i_q.i_simple.qreg/i_no_async_controls.output_reg[3]/R","1.872","0"
"clk500","0.012","2.000","cfo/windows/poison_sync/syncstages_ff_reg[3]/C","cfo/observation_front/fft_core/bank1_reg_bram_1/ADDRARDADDR[10]","1.679","3"
"clk500","0.012","2.000","sfo/residual_estimator/front_stage/main/service/u_xfft/U0/i_synth/axi_wrapper/sclr_int_reg/C","sfo/residual_estimator/front_stage/main/service/u_xfft/U0/i_synth/xfft_inst/non_floating_point.arch_d.xfft_inst/DOUT_CNT_CTRL_0/cnt/cnt_addsub/i_baseblox.i_baseblox_addsub/no_pipelining.the_addsub/i_lut6.i_lut6_addsub/i_q.i_simple.qreg/i_no_async_controls.output_reg[4]/R","1.871","0"
"clk500","0.012","2.000","sfo/residual_estimator/front_stage/main/service/u_xfft/U0/i_synth/axi_wrapper/sclr_int_reg/C","sfo/residual_estimator/front_stage/main/service/u_xfft/U0/i_synth/xfft_inst/non_floating_point.arch_d.xfft_inst/DOUT_CNT_CTRL_0/cnt/cnt_addsub/i_baseblox.i_baseblox_addsub/no_pipelining.the_addsub/i_lut6.i_lut6_addsub/i_q.i_simple.qreg/i_no_async_controls.output_reg[5]/R","1.871","0"
"clk500","0.012","2.000","sfo/residual_estimator/front_stage/main/service/u_xfft/U0/i_synth/axi_wrapper/sclr_int_reg/C","sfo/residual_estimator/front_stage/main/service/u_xfft/U0/i_synth/xfft_inst/non_floating_point.arch_d.xfft_inst/DOUT_CNT_CTRL_0/cnt/cnt_addsub/i_baseblox.i_baseblox_addsub/no_pipelining.the_addsub/i_lut6.i_lut6_addsub/i_q.i_simple.qreg/i_no_async_controls.output_reg[6]/R","1.871","0"
"clk500","0.012","2.000","sfo/residual_estimator/front_stage/main/service/u_xfft/U0/i_synth/axi_wrapper/sclr_int_reg/C","sfo/residual_estimator/front_stage/main/service/u_xfft/U0/i_synth/xfft_inst/non_floating_point.arch_d.xfft_inst/DOUT_CNT_CTRL_0/cnt/cnt_addsub/i_baseblox.i_baseblox_addsub/no_pipelining.the_addsub/i_lut6.i_lut6_addsub/i_q.i_simple.qreg/i_no_async_controls.output_reg[7]/R","1.871","0"
"clk500","0.012","2.000","sfo/residual_estimator/aux_service/u_xfft/U0/i_synth/xfft_inst/non_floating_point.arch_d.xfft_inst/pe_gen[0].natural_order_input.PE/has_addr_gen.bf2_addr_gen/cnt/cnt_addsub/i_baseblox.i_baseblox_addsub/no_pipelining.the_addsub/i_lut6.i_lut6_addsub/i_q.i_simple.qreg/i_no_async_controls.output_reg[1]/C","sfo/residual_estimator/aux_service/u_xfft/U0/i_synth/xfft_inst/non_floating_point.arch_d.xfft_inst/pe_gen[0].natural_order_input.PE/FB_1.BF_1/MEM/blk_ram.use_bram_only.mem/depth_13_s6_depth_12.main_ram_loop[0].use_RAMB18.ram_2k_loop[0].SDP_RAMB18_9x2048/ADDRBWRADDR[3]","1.641","0"
"clk500","0.013","2.000","cfo/windows/poison_sync/syncstages_ff_reg[3]/C","cfo/windows/packed_head_reg[29]/D","1.969","5"
"clk500","0.013","2.000","cfo/windows/poison_sync/syncstages_ff_reg[3]/C","cfo/windows/packed_head_reg[27]/D","1.969","5"
"clk500","0.013","2.000","sfo/residual_estimator/aux_service/u_xfft/U0/i_synth/xfft_inst/non_floating_point.arch_d.xfft_inst/has_bit_reverse.natural_order_address_muxing.muxed_reorder_read_addr_reg[10]/C","sfo/residual_estimator/aux_service/u_xfft/U0/i_synth/xfft_inst/non_floating_point.arch_d.xfft_inst/has_bit_reverse.dig_rev_mem/blk_ram.use_bram_only.mem/depth_14.need_extra_rams.extra_ram_loop[0].use_RAMB18.SDP_RAMB18_1x16384/ADDRBWRADDR[10]","1.683","0"
"clk500","0.014","2.000","sfo/residual_estimator/front_stage/main/service/u_xfft/U0/i_synth/axi_wrapper/sclr_int_reg/C","sfo/residual_estimator/front_stage/main/service/u_xfft/U0/i_synth/xfft_inst/non_floating_point.arch_d.xfft_inst/has_bit_reverse.fixed_pt_size_muxed_addresses.read_addr_fixed_nfft_delay/need_sclr_lut.depth1_shift_ram.FF_gen[1].reg/D","1.968","1"
"clk500","0.014","2.000","sfo/residual_estimator/aux_service/u_xfft/U0/i_synth/xfft_inst/non_floating_point.arch_d.xfft_inst/FLOW/has_nfft.counter_limit_early_reg[7].max_n_int_minus_one_ff/C","sfo/residual_estimator/aux_service/u_xfft/U0/i_synth/xfft_inst/non_floating_point.arch_d.xfft_inst/DOUT_CNT_CTRL_0/cnt/i_tc_compare_reg/D","1.969","2"
"clk500","0.015","2.000","cfo/windows/poison_sync/syncstages_ff_reg[3]/C","cfo/windows/packed_head_reg[103]/D","1.967","5"
"clk500","0.015","2.000","cfo/windows/poison_sync/syncstages_ff_reg[3]/C","cfo/windows/packed_head_reg[39]/CE","1.882","5"
"clk500","0.015","2.000","cfo/windows/poison_sync/syncstages_ff_reg[3]/C","cfo/windows/packed_head_reg[45]/CE","1.882","5"
"clk500","0.015","2.000","cfo/windows/poison_sync/syncstages_ff_reg[3]/C","cfo/windows/packed_head_reg[56]/CE","1.882","5"
"clk500","0.015","2.000","cfo/windows/poison_sync/syncstages_ff_reg[3]/C","cfo/windows/packed_head_reg[97]/CE","1.882","5"
"clk500","0.016","2.000","cfo/windows/poison_sync/syncstages_ff_reg[3]/C","cfo/windows/packed_head_reg[58]/D","1.966","5"
"clk500","0.016","2.000","cfo/observation_front/fft_core/offset_in_group_reg[3]/C","cfo/observation_front/fft_core/bank1_reg_bram_1/ADDRBWRADDR[11]","1.701","4"
"clk500","0.016","2.000","cfo/windows/packed_windows/fifo/gnuram_async_fifo.xpm_fifo_base_inst/gen_sdpram.xpm_memory_base_inst/gen_wr_a.gen_word_narrow.mem_reg_bram_7/CLKBWRCLK","cfo/windows/packed_tail_reg[45]/D","1.919","0"
"clk500","0.017","2.000","cfo/windows/poison_sync/syncstages_ff_reg[3]/C","cfo/windows/packed_head_reg[10]/CE","1.880","5"
"clk500","0.017","2.000","cfo/windows/poison_sync/syncstages_ff_reg[3]/C","cfo/windows/packed_head_reg[113]/CE","1.880","5"
"clk500","0.017","2.000","cfo/windows/poison_sync/syncstages_ff_reg[3]/C","cfo/windows/packed_head_reg[119]/CE","1.880","5"
"clk500","0.017","2.000","cfo/windows/poison_sync/syncstages_ff_reg[3]/C","cfo/windows/packed_head_reg[77]/CE","1.880","5"
"clk500","0.019","2.000","cfo/windows/poison_sync/syncstages_ff_reg[3]/C","cfo/observation_front/fft_core/bank1_reg_bram_0/DINADIN[24]","1.692","3"
"clk500","0.019","2.000","sfo/residual_estimator/aux_service/u_xfft/U0/i_synth/xfft_inst/non_floating_point.arch_d.xfft_inst/FLOW/has_nfft.counter_limit_early_reg[12].max_n_int_minus_one_ff/C","sfo/residual_estimator/aux_service/u_xfft/U0/i_synth/xfft_inst/non_floating_point.arch_d.xfft_inst/pe_gen[3].natural_order_input.PE/has_addr_gen.tw_addr_gen/cnt/i_tc_compare_reg/D","1.962","2"
"clk500","0.020","2.000","cfo/windows/poison_sync/syncstages_ff_reg[3]/C","cfo/windows/packed_head_reg[35]/CE","1.877","5"
"clk500","0.020","2.000","sfo/residual_estimator/front_stage/main/service/u_xfft/U0/i_synth/axi_wrapper/sclr_int_reg/C","sfo/residual_estimator/front_stage/main/service/u_xfft/U0/i_synth/xfft_inst/non_floating_point.arch_d.xfft_inst/has_bit_reverse.fixed_pt_size_muxed_addresses.read_addr_fixed_nfft_delay/need_sclr_lut.depth1_shift_ram.FF_gen[2].reg/D","1.962","1"
"clk500","0.021","2.000","cfo/windows/poison_sync/syncstages_ff_reg[3]/C","cfo/windows/packed_head_reg[106]/CE","1.876","5"
"clk500","0.021","2.000","cfo/windows/poison_sync/syncstages_ff_reg[3]/C","cfo/windows/packed_head_reg[114]/CE","1.876","5"
"clk500","0.021","2.000","cfo/windows/poison_sync/syncstages_ff_reg[3]/C","cfo/windows/packed_head_reg[67]/CE","1.876","5"
"clk500","0.021","2.000","sfo/residual_estimator/front_stage/main/service/u_xfft/U0/i_synth/axi_wrapper/sclr_int_reg/C","sfo/residual_estimator/front_stage/main/service/u_xfft/U0/i_synth/xfft_inst/non_floating_point.arch_d.xfft_inst/has_bit_reverse.fixed_pt_size_muxed_addresses.read_addr_fixed_nfft_delay/need_sclr_lut.depth1_shift_ram.FF_gen[9].reg/D","1.961","1"
"clk500","0.021","2.000","cfo/windows/packed_windows/fifo/gnuram_async_fifo.xpm_fifo_base_inst/gen_sdpram.xpm_memory_base_inst/gen_wr_a.gen_word_narrow.mem_reg_bram_7/CLKBWRCLK","cfo/windows/packed_head_reg[53]/D","1.914","1"
"clk500","0.022","2.000","cfo/windows/packed_windows/fifo/gnuram_async_fifo.xpm_fifo_base_inst/gen_sdpram.xpm_memory_base_inst/gen_wr_a.gen_word_narrow.mem_reg_bram_7/CLKBWRCLK","cfo/windows/packed_tail_reg[58]/D","1.913","0"
"clk500","0.022","2.000","cfo/observation_front/fft_core/state_reg[0]/C","cfo/observation_front/fft_core/bank0_reg_bram_1/DINADIN[4]","1.697","2"
"clk500","0.023","2.000","cfo/windows/poison_sync/syncstages_ff_reg[3]/C","cfo/windows/packed_head_reg[108]/CE","1.874","5"
"clk500","0.023","2.000","cfo/windows/poison_sync/syncstages_ff_reg[3]/C","cfo/windows/packed_head_reg[111]/CE","1.874","5"
"clk500","0.023","2.000","cfo/observation_front/fft_core/next_output_reg[2]/C","cfo/observation_front/fft_core/bank1_reg_bram_0/ENBWREN","1.610","4"
"clk500","0.023","2.000","sfo/residual_estimator/aux_service/u_xfft/U0/i_synth/xfft_inst/non_floating_point.arch_d.xfft_inst/pe_gen[0].natural_order_input.PE/has_addr_gen.bf2_addr_gen/cnt/cnt_addsub/i_baseblox.i_baseblox_addsub/no_pipelining.the_addsub/i_lut6.i_lut6_addsub/i_q.i_simple.qreg/i_no_async_controls.output_reg[1]/C","sfo/residual_estimator/aux_service/u_xfft/U0/i_synth/xfft_inst/non_floating_point.arch_d.xfft_inst/pe_gen[0].natural_order_input.PE/FB_1.BF_1/MEM/blk_ram.use_bram_only.mem/depth_13_s6_depth_12.need_extra_rams.extra_ram_loop[2].use_RAMB18.SDP_RAMB18_2x8192/ADDRBWRADDR[1]","1.611","0"
"clk500","0.023","2.000","sfo/residual_estimator/aux_service/u_xfft/U0/i_synth/xfft_inst/non_floating_point.arch_d.xfft_inst/FLOW/has_nfft.counter_limit_early_reg[12].max_n_int_minus_one_ff/C","sfo/residual_estimator/aux_service/u_xfft/U0/i_synth/xfft_inst/non_floating_point.arch_d.xfft_inst/pe_gen[5].natural_order_input.PE/has_addr_gen.bf2_addr_gen/cnt/i_tc_compare_reg/D","1.959","2"
"clk500","0.024","2.000","cfo/windows/poison_sync/syncstages_ff_reg[3]/C","cfo/windows/packed_windows/fifo/gnuram_async_fifo.xpm_fifo_base_inst/gen_sdpram.xpm_memory_base_inst/gen_wr_a.gen_word_narrow.mem_reg_bram_12/ENBWREN","1.611","3"
"clk500","0.024","2.000","cfo/windows/poison_sync/syncstages_ff_reg[3]/C","cfo/windows/packed_head_reg[9]/D","1.959","5"
"clk500","0.025","2.000","cfo/windows/poison_sync/syncstages_ff_reg[3]/C","cfo/windows/packed_head_reg[41]/D","1.957","5"
"clk500","0.025","2.000","sfo/residual_estimator/aux_service/u_xfft/U0/i_synth/xfft_inst/non_floating_point.arch_d.xfft_inst/input_delay_im/no_sclr_lut.real_shift_ram.use_baseblock.use_hlutnm_srls.srl_loop[0].i_fdre1/C","sfo/residual_estimator/aux_service/u_xfft/U0/i_synth/xfft_inst/non_floating_point.arch_d.xfft_inst/pe_gen[4].natural_order_input.PE/bypass_muxes.din_im_mux_gen[1].reg/D","1.956","1"
"clk500","0.026","2.000","sfo/residual_estimator/aux_service/u_xfft/U0/i_synth/xfft_inst/non_floating_point.arch_d.xfft_inst/input_delay_im/no_sclr_lut.real_shift_ram.use_baseblock.use_hlutnm_srls.srl_loop[0].i_fdre1/C","sfo/residual_estimator/aux_service/u_xfft/U0/i_synth/xfft_inst/non_floating_point.arch_d.xfft_inst/pe_gen[5].natural_order_input.PE/bypass_muxes.din_im_mux_gen[1].reg/D","1.955","1"
"clk500","0.026","2.000","cfo/windows/poison_sync/syncstages_ff_reg[3]/C","cfo/windows/packed_head_reg[102]/D","1.956","5"
"clk500","0.027","2.000","sfo/residual_estimator/aux_service/u_egress_fifo/gnuram_async_fifo.xpm_fifo_base_inst/xpm_fifo_rst_inst/gen_rst_ic.wr_rst_busy_ic_reg/C","sfo/residual_estimator/aux_service/fft_transaction_active_reg/D","1.954","3"
"clk500","0.028","2.000","cfo/windows/poison_sync/syncstages_ff_reg[3]/C","cfo/observation_front/fft_core/bank0_reg_bram_0/ADDRARDADDR[9]","1.671","2"
"clk500","0.028","2.000","cfo/windows/poison_sync/syncstages_ff_reg[3]/C","cfo/windows/packed_head_reg[117]/D","1.954","5"
"clk500","0.029","2.000","cfo/windows/poison_sync/syncstages_ff_reg[3]/C","cfo/observation_front/fft_core/bank1_reg_bram_0/ADDRARDADDR[11]","1.653","3"
"clk500","0.029","2.000","cfo/windows/poison_sync/syncstages_ff_reg[3]/C","cfo/windows/packed_head_reg[126]/CE","1.868","5"
"clk500","0.029","2.000","cfo/windows/poison_sync/syncstages_ff_reg[3]/C","cfo/windows/packed_head_reg[26]/D","1.953","5"
"clk500","0.029","2.000","cfo/windows/poison_sync/syncstages_ff_reg[3]/C","cfo/windows/packed_head_reg[48]/CE","1.868","5"
"clk500","0.029","2.000","cfo/windows/poison_sync/syncstages_ff_reg[3]/C","cfo/windows/packed_head_reg[80]/CE","1.868","5"
"clk500","0.029","2.000","sfo/residual_estimator/aux_service/u_xfft/U0/i_synth/xfft_inst/non_floating_point.arch_d.xfft_inst/FLOW/has_nfft.counter_limit_reg[5].max_n_int_minus_one_ff/C","sfo/residual_estimator/aux_service/u_xfft/U0/i_synth/xfft_inst/non_floating_point.arch_d.xfft_inst/FLOW/nat_ip_next_start_reg.next_start_int_d_reg/D","1.953","2"
"clk500","0.030","2.000","cfo/windows/poison_sync/syncstages_ff_reg[3]/C","cfo/windows/packed_head_reg[46]/D","1.952","5"
"clk500","0.030","2.000","sfo/residual_estimator/aux_service/u_xfft/U0/i_synth/xfft_inst/non_floating_point.arch_d.xfft_inst/has_bit_reverse.no_cp.muxed_reorder_write_addr_del_reg[12]/C","sfo/residual_estimator/aux_service/u_xfft/U0/i_synth/xfft_inst/non_floating_point.arch_d.xfft_inst/has_bit_reverse.dig_rev_mem/blk_ram.use_bram_only.mem/depth_14.main_ram_loop[1].use_RAMB18.ram_2k_loop[1].SDP_RAMB18_9x2048/WEA[0]","1.553","1"
"clk500","0.030","2.000","sfo/residual_estimator/aux_service/u_xfft/U0/i_synth/xfft_inst/non_floating_point.arch_d.xfft_inst/has_bit_reverse.natural_order_address_muxing.muxed_reorder_read_addr_reg[10]/C","sfo/residual_estimator/aux_service/u_xfft/U0/i_synth/xfft_inst/non_floating_point.arch_d.xfft_inst/has_bit_reverse.dig_rev_mem/blk_ram.use_bram_only.mem/depth_14.need_extra_rams.extra_ram_loop[4].use_RAMB18.SDP_RAMB18_1x16384/ADDRBWRADDR[10]","1.644","0"
"clk500","0.031","2.000","cfo/observation_front/fft_core/next_output_reg[2]/C","cfo/observation_front/fft_core/bank0_reg_bram_1/ADDRBWRADDR[11]","1.660","4"
"clk500","0.031","2.000","cfo/windows/poison_sync/syncstages_ff_reg[3]/C","cfo/windows/packed_windows/fifo/gnuram_async_fifo.xpm_fifo_base_inst/gen_sdpram.xpm_memory_base_inst/gen_wr_a.gen_word_narrow.mem_reg_bram_7/CASOREGIMUXEN_B","1.831","3"
"clk500","0.032","2.000","cfo/windows/poison_sync/syncstages_ff_reg[3]/C","cfo/observation_front/fft_core/m_frame_reg[11]/CE","1.866","3"
"clk500","0.032","2.000","cfo/windows/poison_sync/syncstages_ff_reg[3]/C","cfo/observation_front/fft_core/m_frame_reg[12]/CE","1.865","3"
"clk500","0.032","2.000","cfo/windows/poison_sync/syncstages_ff_reg[3]/C","cfo/observation_front/fft_core/m_frame_reg[13]/CE","1.865","3"
"clk500","0.032","2.000","cfo/windows/poison_sync/syncstages_ff_reg[3]/C","cfo/observation_front/fft_core/m_frame_reg[15]/CE","1.865","3"
"clk500","0.032","2.000","cfo/windows/poison_sync/syncstages_ff_reg[3]/C","cfo/observation_front/fft_core/m_frame_reg[17]/CE","1.866","3"
"clk500","0.032","2.000","cfo/windows/poison_sync/syncstages_ff_reg[3]/C","cfo/observation_front/fft_core/m_frame_reg[18]/CE","1.866","3"
"clk500","0.032","2.000","cfo/windows/poison_sync/syncstages_ff_reg[3]/C","cfo/observation_front/fft_core/m_frame_reg[1]/CE","1.866","3"
"clk500","0.032","2.000","cfo/windows/poison_sync/syncstages_ff_reg[3]/C","cfo/observation_front/fft_core/m_frame_reg[21]/CE","1.865","3"
"clk500","0.032","2.000","cfo/windows/poison_sync/syncstages_ff_reg[3]/C","cfo/observation_front/fft_core/m_frame_reg[24]/CE","1.865","3"
"clk500","0.032","2.000","cfo/windows/poison_sync/syncstages_ff_reg[3]/C","cfo/observation_front/fft_core/m_frame_reg[4]/CE","1.865","3"
"clk500","0.032","2.000","cfo/windows/poison_sync/syncstages_ff_reg[3]/C","cfo/observation_front/fft_core/m_frame_reg[8]/CE","1.865","3"
"clk500","0.032","2.000","cfo/windows/poison_sync/syncstages_ff_reg[3]/C","cfo/observation_front/fft_core/m_frame_reg[9]/CE","1.865","3"
"clk500","0.032","2.000","cfo/windows/poison_sync/syncstages_ff_reg[3]/C","cfo/windows/output_record_reg[101]/CE","1.865","4"
"clk500","0.032","2.000","cfo/windows/poison_sync/syncstages_ff_reg[3]/C","cfo/windows/output_record_reg[114]/CE","1.866","4"
"clk500","0.032","2.000","cfo/windows/poison_sync/syncstages_ff_reg[3]/C","cfo/windows/output_record_reg[116]/CE","1.865","4"
"clk500","0.032","2.000","cfo/windows/poison_sync/syncstages_ff_reg[3]/C","cfo/windows/output_record_reg[118]/CE","1.866","4"
"clk500","0.032","2.000","cfo/windows/poison_sync/syncstages_ff_reg[3]/C","cfo/windows/output_record_reg[125]/CE","1.865","4"
"clk500","0.032","2.000","cfo/windows/poison_sync/syncstages_ff_reg[3]/C","cfo/windows/output_record_reg[73]/CE","1.866","4"
"clk500","0.032","2.000","cfo/windows/poison_sync/syncstages_ff_reg[3]/C","cfo/windows/output_record_reg[92]/CE","1.865","4"
"clk500","0.033","2.000","cfo/windows/packed_windows/fifo/gnuram_async_fifo.xpm_fifo_base_inst/gen_sdpram.xpm_memory_base_inst/gen_wr_a.gen_word_narrow.mem_reg_bram_7/CLKBWRCLK","cfo/windows/packed_head_reg[55]/D","1.901","1"
"clk500","0.033","2.000","sfo/residual_estimator/aux_service/u_xfft/U0/i_synth/axi_wrapper/gen_has_nfft.nfft_expandedm1_reg[12]/C","sfo/residual_estimator/aux_service/u_xfft/U0/i_synth/xfft_inst/non_floating_point.arch_d.xfft_inst/FLOW/load_enable_reg/D","1.948","4"
"clk500","0.034","2.000","cfo/windows/poison_sync/syncstages_ff_reg[3]/C","cfo/observation_front/fft_core/m_frame_reg[10]/CE","1.863","3"
"clk500","0.034","2.000","cfo/windows/poison_sync/syncstages_ff_reg[3]/C","cfo/observation_front/fft_core/m_frame_reg[20]/CE","1.863","3"
"clk500","0.034","2.000","cfo/windows/poison_sync/syncstages_ff_reg[3]/C","cfo/observation_front/fft_core/m_frame_reg[22]/CE","1.863","3"
"clk500","0.034","2.000","cfo/windows/poison_sync/syncstages_ff_reg[3]/C","cfo/observation_front/fft_core/m_frame_reg[3]/CE","1.863","3"
"clk500","0.034","2.000","cfo/windows/poison_sync/syncstages_ff_reg[3]/C","cfo/windows/packed_windows/fifo/gnuram_async_fifo.xpm_fifo_base_inst/gen_sdpram.xpm_memory_base_inst/gen_wr_a.gen_word_narrow.mem_reg_bram_13/REGCEB","1.710","3"
"clk500","0.034","2.000","cfo/windows/poison_sync/syncstages_ff_reg[3]/C","cfo/windows/packed_windows/fifo/gnuram_async_fifo.xpm_fifo_base_inst/rdpp1_inst/count_value_i_reg[5]/D","1.948","5"
"clk500","0.034","2.000","cfo/windows/poison_sync/syncstages_ff_reg[3]/C","cfo/windows/sample_index_reg[1]/CE","1.863","4"
"clk500","0.035","2.000","cfo/windows/poison_sync/syncstages_ff_reg[3]/C","cfo/windows/packed_head_reg[2]/CE","1.862","5"
"clk500","0.035","2.000","cfo/windows/poison_sync/syncstages_ff_reg[3]/C","cfo/windows/packed_head_reg[50]/CE","1.862","5"
"clk500","0.035","2.000","cfo/windows/poison_sync/syncstages_ff_reg[3]/C","cfo/windows/packed_head_reg[83]/CE","1.862","5"
"clk500","0.035","2.000","cfo/windows/poison_sync/syncstages_ff_reg[3]/C","cfo/windows/packed_head_reg[92]/CE","1.862","5"
"clk500","0.035","2.000","cfo/windows/poison_sync/syncstages_ff_reg[3]/C","cfo/observation_front/state_reg[1]_replica/CE","1.862","3"
"clk500","0.035","2.000","cfo/windows/packed_windows/fifo/gnuram_async_fifo.xpm_fifo_base_inst/gen_sdpram.xpm_memory_base_inst/gen_wr_a.gen_word_narrow.mem_reg_bram_7/CLKBWRCLK","cfo/windows/packed_head_reg[57]/D","1.900","1"
"clk500","0.036","2.000","cfo/windows/poison_sync/syncstages_ff_reg[3]/C","cfo/observation_front/fft_core/m_generation_reg[26]/CE","1.861","3"
"clk500","0.036","2.000","cfo/windows/poison_sync/syncstages_ff_reg[3]/C","cfo/observation_front/fft_core/m_generation_reg[31]/CE","1.861","3"
"clk500","0.036","2.000","cfo/windows/poison_sync/syncstages_ff_reg[3]/C","cfo/windows/packed_tail_reg[0]/CE","1.862","4"
"clk500","0.036","2.000","cfo/windows/poison_sync/syncstages_ff_reg[3]/C","cfo/windows/packed_tail_reg[121]/CE","1.862","4"
"clk500","0.036","2.000","cfo/windows/poison_sync/syncstages_ff_reg[3]/C","cfo/windows/packed_tail_reg[79]/CE","1.862","4"
"clk500","0.036","2.000","cfo/windows/poison_sync/syncstages_ff_reg[3]/C","cfo/windows/packed_tail_reg[96]/CE","1.862","4"
"clk500","0.037","2.000","cfo/windows/poison_sync/syncstages_ff_reg[3]/C","cfo/observation_front/fft_core/m_generation_reg[25]/CE","1.860","3"
"clk500","0.037","2.000","cfo/windows/poison_sync/syncstages_ff_reg[3]/C","cfo/observation_front/fft_core/m_generation_reg[28]/CE","1.860","3"
"clk500","0.037","2.000","cfo/windows/poison_sync/syncstages_ff_reg[3]/C","cfo/observation_front/fft_core/m_generation_reg[29]/CE","1.861","3"
"clk500","0.037","2.000","sfo/residual_estimator/aux_service/u_xfft/U0/i_synth/xfft_inst/non_floating_point.arch_d.xfft_inst/pe_gen[0].natural_order_input.PE/FB_1.BF_1/wr_addr_del/no_sclr_lut.real_shift_ram.use_baseblock.use_hlutnm_srls.srl_loop[2].i_fdre0/C","sfo/residual_estimator/aux_service/u_xfft/U0/i_synth/xfft_inst/non_floating_point.arch_d.xfft_inst/pe_gen[0].natural_order_input.PE/FB_1.BF_1/MEM/blk_ram.use_bram_only.mem/depth_13_s6_depth_12.main_ram_loop[1].use_RAMB18.ram_2k_loop[2].SDP_RAMB18_9x2048/ADDRARDADDR[7]","1.656","0"
"clk500","0.037","2.000","sfo/residual_estimator/aux_service/u_xfft/U0/i_synth/xfft_inst/non_floating_point.arch_d.xfft_inst/input_delay_re/no_sclr_lut.real_shift_ram.use_baseblock.use_hlutnm_srls.srl_loop[7].i_fdre0/C","sfo/residual_estimator/aux_service/u_xfft/U0/i_synth/xfft_inst/non_floating_point.arch_d.xfft_inst/pe_gen[2].natural_order_input.PE/bypass_muxes.din_re_mux_gen[14].reg/D","1.944","1"
"clk500","0.038","2.000","sfo/residual_estimator/aux_service/u_xfft/U0/i_synth/xfft_inst/non_floating_point.arch_d.xfft_inst/input_delay_im/no_sclr_lut.real_shift_ram.use_baseblock.use_hlutnm_srls.srl_loop[1].i_fdre1/C","sfo/residual_estimator/aux_service/u_xfft/U0/i_synth/xfft_inst/non_floating_point.arch_d.xfft_inst/pe_gen[2].natural_order_input.PE/bypass_muxes.din_im_mux_gen[3].reg/D","1.942","1"
"clk500","0.038","2.000","cfo/observation_front/fft_core/next_output_reg[2]/C","cfo/observation_front/fft_core/bank0_reg_bram_0/ADDRBWRADDR[11]","1.634","4"
"clk500","0.039","2.000","cfo/windows/poison_sync/syncstages_ff_reg[3]/C","cfo/windows/packed_head_reg[116]/D","1.943","5"
"clk500","0.039","2.000","cfo/observation_front/fft_core/state_reg[0]/C","cfo/observation_front/fft_core/bank0_reg_bram_0/ADDRARDADDR[8]","1.654","2"
"clk500","0.039","2.000","cfo/windows/poison_sync/syncstages_ff_reg[3]/C","cfo/observation_front/fft_core/m_generation_reg[24]/CE","1.858","3"
"clk500","0.039","2.000","cfo/windows/poison_sync/syncstages_ff_reg[3]/C","cfo/observation_front/fft_core/m_generation_reg[27]/CE","1.858","3"
"clk500","0.039","2.000","cfo/windows/poison_sync/syncstages_ff_reg[3]/C","cfo/observation_front/fft_core/m_generation_reg[30]/CE","1.858","3"
"clk500","0.039","2.000","cfo/observation_front/fft_core/offset_in_group_reg[3]/C","cfo/observation_front/fft_core/bank1_reg_bram_0/ADDRBWRADDR[10]","1.628","4"
"clk500","0.039","2.000","cfo/windows/packed_windows/fifo/gnuram_async_fifo.xpm_fifo_base_inst/rdp_inst/count_value_i_reg[1]/C","cfo/windows/packed_windows/fifo/gnuram_async_fifo.xpm_fifo_base_inst/gen_sdpram.xpm_memory_base_inst/gen_wr_a.gen_word_narrow.mem_reg_bram_8/ADDRBWRADDR[6]","1.651","0"
"clk500","0.039","2.000","cfo/windows/packed_windows/fifo/gnuram_async_fifo.xpm_fifo_base_inst/gen_sdpram.xpm_memory_base_inst/gen_wr_a.gen_word_narrow.mem_reg_bram_7/CLKBWRCLK","cfo/windows/packed_head_reg[39]/D","1.895","1"
"clk500","0.040","2.000","cfo/windows/poison_sync/syncstages_ff_reg[3]/C","cfo/observation_front/fft_core/bank0_reg_bram_1/ADDRARDADDR[13]","1.651","2"
"clk500","0.041","2.000","sfo/residual_estimator/aux_service/u_xfft/U0/i_synth/xfft_inst/non_floating_point.arch_d.xfft_inst/FLOW/load_enable_reg/C","sfo/residual_estimator/aux_service/u_ingress_fifo/gnuram_async_fifo.xpm_fifo_base_inst/rdpp1_inst/count_value_i_reg[5]/D","1.941","5"
"clk500","0.041","2.000","sfo/residual_estimator/aux_service/u_xfft/U0/i_synth/xfft_inst/non_floating_point.arch_d.xfft_inst/has_bit_reverse.natural_order_address_muxing.muxed_reorder_read_addr_reg[9]/C","sfo/residual_estimator/aux_service/u_xfft/U0/i_synth/xfft_inst/non_floating_point.arch_d.xfft_inst/has_bit_reverse.dig_rev_mem/blk_ram.use_bram_only.mem/depth_14.main_ram_loop[1].use_RAMB18.ram_2k_loop[1].SDP_RAMB18_9x2048/ADDRBWRADDR[12]","1.644","0"
"clk500","0.041","2.000","sfo/residual_estimator/aux_service/u_xfft/U0/i_synth/xfft_inst/non_floating_point.arch_d.xfft_inst/pe_gen[0].natural_order_input.PE/has_addr_gen.bf2_addr_gen/cnt/cnt_addsub/i_baseblox.i_baseblox_addsub/no_pipelining.the_addsub/i_lut6.i_lut6_addsub/i_q.i_simple.qreg/i_no_async_controls.output_reg[1]/C","sfo/residual_estimator/aux_service/u_xfft/U0/i_synth/xfft_inst/non_floating_point.arch_d.xfft_inst/pe_gen[0].natural_order_input.PE/FB_1.BF_1/MEM/blk_ram.use_bram_only.mem/depth_13_s6_depth_12.need_extra_rams.extra_ram_loop[1].use_RAMB18.SDP_RAMB18_2x8192/ADDRBWRADDR[1]","1.606","0"
"clk500","0.042","2.000","cfo/windows/poison_sync/syncstages_ff_reg[3]/C","cfo/windows/packed_head_reg[55]/CE","1.855","5"
"clk500","0.042","2.000","sfo/residual_estimator/aux_service/u_xfft/U0/i_synth/xfft_inst/non_floating_point.arch_d.xfft_inst/has_bit_reverse.no_cp.muxed_reorder_write_addr_del_reg[3]/C","sfo/residual_estimator/aux_service/u_xfft/U0/i_synth/xfft_inst/non_floating_point.arch_d.xfft_inst/has_bit_reverse.dig_rev_mem/blk_ram.use_bram_only.mem/depth_14.main_ram_loop[0].use_RAMB18.ram_2k_loop[2].SDP_RAMB18_9x2048/ADDRARDADDR[6]","1.674","0"
"clk500","0.042","2.000","cfo/windows/poison_sync/syncstages_ff_reg[3]/C","cfo/windows/packed_head_reg[15]/D","1.940","5"
"clk500","0.042","2.000","cfo/windows/poison_sync/syncstages_ff_reg[3]/C","cfo/windows/sample_index_reg[0]/CE","1.855","4"
"clk500","0.042","2.000","cfo/windows/poison_sync/syncstages_ff_reg[3]/C","cfo/windows/sample_index_reg[5]/CE","1.855","4"
"clk500","0.042","2.000","cfo/windows/poison_sync/syncstages_ff_reg[3]/C","cfo/windows/sample_index_reg[6]/CE","1.855","4"
"clk500","0.042","2.000","cfo/windows/poison_sync/syncstages_ff_reg[3]/C","cfo/windows/sample_index_reg[8]/CE","1.855","4"
"clk500","0.042","2.000","sfo/residual_estimator/aux_service/u_xfft/U0/i_synth/xfft_inst/non_floating_point.arch_d.xfft_inst/input_delay_im/no_sclr_lut.real_shift_ram.use_baseblock.use_hlutnm_srls.srl_loop[7].i_fdre1/C","sfo/residual_estimator/aux_service/u_xfft/U0/i_synth/xfft_inst/non_floating_point.arch_d.xfft_inst/pe_gen[2].natural_order_input.PE/bypass_muxes.din_im_mux_gen[15].reg/D","1.939","1"
"clk500","0.043","2.000","cfo/windows/poison_sync/syncstages_ff_reg[3]/C","cfo/windows/packed_head_reg[28]/D","1.939","5"
"clk500","0.043","2.000","sfo/residual_estimator/aux_service/u_xfft/U0/i_synth/xfft_inst/non_floating_point.arch_d.xfft_inst/has_bit_reverse.natural_order_address_muxing.muxed_reorder_read_addr_reg[8]/C","sfo/residual_estimator/aux_service/u_xfft/U0/i_synth/xfft_inst/non_floating_point.arch_d.xfft_inst/has_bit_reverse.dig_rev_mem/blk_ram.use_bram_only.mem/depth_14.need_extra_rams.extra_ram_loop[3].use_RAMB18.SDP_RAMB18_1x16384/ADDRBWRADDR[8]","1.627","0"
"clk500","0.043","2.000","cfo/observation_front/fft_core/next_output_reg[2]/C","cfo/observation_front/fft_core/bank1_reg_bram_1/ENBWREN","1.591","4"
"clk500","0.043","2.000","cfo/windows/packed_windows/fifo/gnuram_async_fifo.xpm_fifo_base_inst/gen_fwft.gdvld_fwft.data_valid_fwft_reg/C","cfo/windows/packed_tail_reg[58]/CE","1.854","2"
"clk500","0.043","2.000","cfo/windows/packed_windows/fifo/gnuram_async_fifo.xpm_fifo_base_inst/gen_fwft.gdvld_fwft.data_valid_fwft_reg/C","cfo/windows/packed_tail_reg[74]/CE","1.854","2"
"clk500","0.043","2.000","cfo/windows/packed_windows/fifo/gnuram_async_fifo.xpm_fifo_base_inst/gen_fwft.gdvld_fwft.data_valid_fwft_reg/C","cfo/windows/packed_tail_reg[87]/CE","1.854","2"
"clk500","0.043","2.000","cfo/windows/poison_sync/syncstages_ff_reg[3]/C","cfo/windows/sample_index_reg[2]/CE","1.855","4"
"clk500","0.043","2.000","sfo/residual_estimator/aux_service/u_xfft/U0/i_synth/xfft_inst/non_floating_point.arch_d.xfft_inst/input_delay_im/no_sclr_lut.real_shift_ram.use_baseblock.use_hlutnm_srls.srl_loop[0].i_fdre1/C","sfo/residual_estimator/aux_service/u_xfft/U0/i_synth/xfft_inst/non_floating_point.arch_d.xfft_inst/pe_gen[3].natural_order_input.PE/bypass_muxes.din_im_mux_gen[1].reg/D","1.938","1"
"clk500","0.043","2.000","sfo/residual_estimator/front_stage/main/service/u_xfft/U0/i_synth/axi_wrapper/sclr_int_reg/C","sfo/residual_estimator/front_stage/main/service/u_xfft/U0/i_synth/xfft_inst/non_floating_point.arch_d.xfft_inst/FLOW/reset_sustain.resets_4_pes[5].delay_reset_pe/tc_reg/S","1.841","0"
"clk500","0.043","2.000","sfo/residual_estimator/front_stage/main/service/u_xfft/U0/i_synth/axi_wrapper/sclr_int_reg/C","sfo/residual_estimator/front_stage/main/service/u_xfft/U0/i_synth/xfft_inst/non_floating_point.arch_d.xfft_inst/pe_gen[5].natural_order_input.PE/overflow.g_valid_ovflo_reg.ovflo_start_d_reg/R","1.841","0"
"clk500","0.044","2.000","cfo/observation_front/fft_core/state_reg[0]/C","cfo/observation_front/fft_core/bank0_reg_bram_0/DINADIN[30]","1.619","2"
"clk500","0.044","2.000","cfo/windows/poison_sync/syncstages_ff_reg[3]/C","cfo/observation_front/fft_core/bank1_reg_bram_1/DINADIN[2]","1.644","3"
"clk500","0.044","2.000","cfo/observation_front/fft_core/v_reg[5]/C","cfo/observation_front/fft_core/add_i6_reg[28]/CE","1.851","0"
"clk500","0.045","2.000","cfo/windows/poison_sync/syncstages_ff_reg[3]/C","cfo/windows/packed_head_reg[19]/CE","1.852","5"
"clk500","0.045","2.000","cfo/windows/poison_sync/syncstages_ff_reg[3]/C","cfo/windows/packed_head_reg[53]/CE","1.852","5"
"clk500","0.045","2.000","cfo/windows/poison_sync/syncstages_ff_reg[3]/C","cfo/windows/packed_head_reg[78]/CE","1.852","5"
"clk500","0.045","2.000","cfo/observation_front/fft_core/state_reg[0]/C","cfo/observation_front/fft_core/tag_reg[5][row_a][0]/CE","1.853","1"
"clk500","0.045","2.000","cfo/observation_front/fft_core/state_reg[0]/C","cfo/observation_front/fft_core/tag_reg[5][row_b][0]/CE","1.853","1"
"clk500","0.045","2.000","cfo/observation_front/fft_core/state_reg[0]/C","cfo/observation_front/fft_core/tag_reg[5][row_b][1]/CE","1.853","1"
"clk500","0.045","2.000","cfo/windows/packed_windows/fifo/gnuram_async_fifo.xpm_fifo_base_inst/gen_sdpram.xpm_memory_base_inst/gen_wr_a.gen_word_narrow.mem_reg_bram_7/CLKBWRCLK","cfo/windows/packed_tail_reg[43]/D","1.889","0"
"clk500","0.045","2.000","sfo/residual_estimator/aux_service/u_xfft/U0/i_synth/xfft_inst/non_floating_point.arch_d.xfft_inst/FLOW/has_nfft.counter_limit_early_reg[12].max_n_int_minus_one_ff/C","sfo/residual_estimator/aux_service/u_xfft/U0/i_synth/xfft_inst/non_floating_point.arch_d.xfft_inst/pe_gen[5].natural_order_input.PE/has_addr_gen.tw_addr_gen/cnt/i_tc_compare_reg/D","1.936","2"
"clk500","0.046","2.000","cfo/observation_front/fft_core/v_reg[5]/C","cfo/observation_front/fft_core/add_i6_reg[24]/CE","1.849","0"
"clk500","0.046","2.000","cfo/observation_front/fft_core/v_reg[5]/C","cfo/observation_front/fft_core/add_i6_reg[25]/CE","1.849","0"
"clk500","0.046","2.000","cfo/observation_front/fft_core/v_reg[5]/C","cfo/observation_front/fft_core/add_i6_reg[26]/CE","1.849","0"
"clk500","0.046","2.000","cfo/observation_front/fft_core/v_reg[5]/C","cfo/observation_front/fft_core/add_i6_reg[27]/CE","1.849","0"
"clk500","0.046","2.000","cfo/observation_front/fft_core/state_reg[0]/C","cfo/observation_front/fft_core/bank0_reg_bram_1/DINADIN[10]","1.687","2"
"clk500","0.046","2.000","cfo/observation_front/fft_core/state_reg[0]/C","cfo/observation_front/fft_core/bank1_reg_bram_1/DINADIN[14]","1.688","2"
"clk500","0.046","2.000","cfo/observation_front/fft_core/state_reg[0]/C","cfo/observation_front/fft_core/bank0_reg_bram_1/ADDRARDADDR[11]","1.653","2"
"clk500","0.046","2.000","cfo/windows/poison_sync/syncstages_ff_reg[3]/C","cfo/windows/packed_head_reg[30]/D","1.936","5"
"clk500","0.046","2.000","sfo/initial_estimator/owner/fft/u_egress_fifo/gnuram_async_fifo.xpm_fifo_base_inst/xpm_fifo_rst_inst/gen_rst_ic.wr_rst_busy_ic_reg/C","sfo/initial_estimator/owner/fft/fft_transaction_active_reg/D","1.934","3"
"clk500","0.047","2.000","sfo/residual_estimator/aux_service/u_xfft/U0/i_synth/xfft_inst/non_floating_point.arch_d.xfft_inst/pe_gen[0].natural_order_input.PE/FB_1.BF_1/wr_addr_del/no_sclr_lut.real_shift_ram.use_baseblock.use_hlutnm_srls.srl_loop[2].i_fdre0/C","sfo/residual_estimator/aux_service/u_xfft/U0/i_synth/xfft_inst/non_floating_point.arch_d.xfft_inst/pe_gen[0].natural_order_input.PE/FB_1.BF_1/MEM/blk_ram.use_bram_only.mem/depth_13_s6_depth_12.main_ram_loop[1].use_RAMB18.ram_2k_loop[3].SDP_RAMB18_9x2048/ADDRARDADDR[7]","1.649","0"
"clk500","0.047","2.000","cfo/windows/packed_windows/fifo/gnuram_async_fifo.xpm_fifo_base_inst/gen_sdpram.xpm_memory_base_inst/gen_wr_a.gen_word_narrow.mem_reg_bram_7/CLKBWRCLK","cfo/windows/packed_tail_reg[55]/D","1.887","0"
"clk500","0.047","2.000","sfo/residual_estimator/aux_service/u_xfft/U0/i_synth/xfft_inst/non_floating_point.arch_d.xfft_inst/input_delay_im/no_sclr_lut.real_shift_ram.use_baseblock.use_hlutnm_srls.srl_loop[1].i_fdre0/C","sfo/residual_estimator/aux_service/u_xfft/U0/i_synth/xfft_inst/non_floating_point.arch_d.xfft_inst/pe_gen[5].natural_order_input.PE/bypass_muxes.din_im_mux_gen[2].reg/D","1.934","1"
"clk500","0.048","2.000","cfo/observation_front/fft_core/state_reg[0]/C","cfo/observation_front/fft_core/bank0_reg_bram_0/DINADIN[29]","1.659","2"
"clk500","0.048","2.000","cfo/windows/packed_windows/fifo/gnuram_async_fifo.xpm_fifo_base_inst/gen_fwft.gdvld_fwft.data_valid_fwft_reg/C","cfo/windows/packed_tail_reg[89]/CE","1.848","2"
"clk500","0.048","2.000","sfo/residual_estimator/aux_service/u_xfft/U0/i_synth/xfft_inst/non_floating_point.arch_d.xfft_inst/FLOW/load_enable_reg/C","sfo/residual_estimator/aux_service/u_ingress_fifo/gnuram_async_fifo.xpm_fifo_base_inst/rdp_inst/count_value_i_reg[4]/D","1.934","5"
"clk500","0.049","2.000","cfo/observation_front/fft_core/state_reg[0]/C","cfo/observation_front/fft_core/bank1_reg_bram_0/DINADIN[26]","1.685","2"
"clk500","0.049","2.000","cfo/windows/packed_windows/fifo/gnuram_async_fifo.xpm_fifo_base_inst/gen_fwft.gdvld_fwft.data_valid_fwft_reg/C","cfo/windows/packed_tail_reg[42]/CE","1.847","2"
"clk500","0.049","2.000","cfo/windows/packed_windows/fifo/gnuram_async_fifo.xpm_fifo_base_inst/gen_fwft.gdvld_fwft.data_valid_fwft_reg/C","cfo/windows/packed_tail_reg[95]/CE","1.847","2"
"clk500","0.050","2.000","cfo/windows/poison_sync/syncstages_ff_reg[3]/C","cfo/windows/packed_head_reg[11]/CE","1.847","5"
"clk500","0.050","2.000","cfo/windows/poison_sync/syncstages_ff_reg[3]/C","cfo/windows/packed_head_reg[43]/CE","1.847","5"
"clk500","0.050","2.000","cfo/windows/poison_sync/syncstages_ff_reg[3]/C","cfo/windows/packed_head_reg[75]/CE","1.847","5"
"clk500","0.050","2.000","cfo/windows/poison_sync/syncstages_ff_reg[3]/C","cfo/windows/packed_head_reg[99]/CE","1.847","5"
"clk500","0.050","2.000","sfo/residual_estimator/aux_service/u_egress_fifo/gnuram_async_fifo.xpm_fifo_base_inst/xpm_fifo_rst_inst/gen_rst_ic.wr_rst_busy_ic_reg/C","sfo/residual_estimator/aux_service/u_egress_fifo/gnuram_async_fifo.xpm_fifo_base_inst/gen_sdpram.xpm_memory_base_inst/gen_wr_a.gen_word_narrow.mem_reg_bram_2/ENARDEN","1.582","3"
"clk500","0.050","2.000","cfo/observation_front/fft_core/state_reg[0]/C","cfo/observation_front/fft_core/bank0_reg_bram_0/DINPADINP[3]","1.704","2"
"clk500","0.050","2.000","cfo/windows/poison_sync/syncstages_ff_reg[3]/C","cfo/observation_front/fft_core/m_frame_reg[25]/CE","1.848","3"
"clk500","0.050","2.000","cfo/windows/poison_sync/syncstages_ff_reg[3]/C","cfo/observation_front/fft_core/m_frame_reg[28]/CE","1.848","3"
"clk500","0.050","2.000","cfo/windows/poison_sync/syncstages_ff_reg[3]/C","cfo/observation_front/fft_core/m_frame_reg[29]/CE","1.848","3"
"clk500","0.050","2.000","cfo/windows/poison_sync/syncstages_ff_reg[3]/C","cfo/observation_front/fft_core/m_frame_reg[30]/CE","1.848","3"
"clk500","0.050","2.000","cfo/windows/poison_sync/syncstages_ff_reg[3]/C","cfo/observation_front/fft_core/m_generation_reg[13]/CE","1.847","3"
"clk500","0.050","2.000","cfo/windows/poison_sync/syncstages_ff_reg[3]/C","cfo/observation_front/fft_core/m_generation_reg[16]/CE","1.847","3"
"clk500","0.050","2.000","cfo/windows/poison_sync/syncstages_ff_reg[3]/C","cfo/observation_front/fft_core/m_generation_reg[1]/CE","1.847","3"
"clk500","0.050","2.000","cfo/windows/poison_sync/syncstages_ff_reg[3]/C","cfo/observation_front/fft_core/m_generation_reg[2]/CE","1.847","3"
"clk500","0.050","2.000","cfo/windows/poison_sync/syncstages_ff_reg[3]/C","cfo/observation_front/fft_core/m_generation_reg[7]/CE","1.847","3"
"clk500","0.050","2.000","cfo/windows/poison_sync/syncstages_ff_reg[3]/C","cfo/observation_front/fft_core/m_generation_reg[8]/CE","1.847","3"
"clk500","0.050","2.000","cfo/windows/poison_sync/syncstages_ff_reg[3]/C","cfo/windows/packed_windows/fifo/gnuram_async_fifo.xpm_fifo_base_inst/gen_sdpram.xpm_memory_base_inst/gen_wr_a.gen_word_narrow.mem_reg_bram_1/ENBWREN","1.585","3"
"clk500","0.050","2.000","sfo/residual_estimator/aux_service/u_xfft/U0/i_synth/xfft_inst/non_floating_point.arch_d.xfft_inst/has_bit_reverse.no_cp.muxed_reorder_write_addr_del_reg[5]/C","sfo/residual_estimator/aux_service/u_xfft/U0/i_synth/xfft_inst/non_floating_point.arch_d.xfft_inst/has_bit_reverse.dig_rev_mem/blk_ram.use_bram_only.mem/depth_14.main_ram_loop[1].use_RAMB18.ram_2k_loop[6].SDP_RAMB18_9x2048/ADDRARDADDR[8]","1.649","0"
"clk500","0.050","2.000","sfo/residual_estimator/aux_service/u_xfft/U0/i_synth/xfft_inst/non_floating_point.arch_d.xfft_inst/has_bit_reverse.no_cp.muxed_reorder_write_addr_del_reg[4]/C","sfo/residual_estimator/aux_service/u_xfft/U0/i_synth/xfft_inst/non_floating_point.arch_d.xfft_inst/has_bit_reverse.dig_rev_mem/blk_ram.use_bram_only.mem/depth_14.main_ram_loop[2].use_RAMB18.ram_2k_loop[4].SDP_RAMB18_9x2048/ADDRARDADDR[7]","1.644","0"
"clk500","0.051","2.000","cfo/observation_front/fft_core/next_output_reg[2]/C","cfo/observation_front/fft_core/bank0_reg_bram_1/ADDRBWRADDR[5]","1.637","4"
"clk500","0.052","2.000","sfo/residual_estimator/aux_service/u_xfft/U0/i_synth/xfft_inst/non_floating_point.arch_d.xfft_inst/FLOW/load_enable_reg/C","sfo/residual_estimator/aux_service/u_ingress_fifo/gnuram_async_fifo.xpm_fifo_base_inst/rdp_inst/count_value_i_reg[3]/D","1.930","5"
"clk500","0.052","2.000","cfo/windows/poison_sync/syncstages_ff_reg[3]/C","cfo/observation_front/fft_core/m_generation_reg[11]/CE","1.845","3"
"clk500","0.052","2.000","cfo/windows/poison_sync/syncstages_ff_reg[3]/C","cfo/observation_front/fft_core/m_generation_reg[15]/CE","1.845","3"
"clk500","0.052","2.000","cfo/windows/poison_sync/syncstages_ff_reg[3]/C","cfo/observation_front/fft_core/m_generation_reg[17]/CE","1.845","3"
"clk500","0.052","2.000","cfo/windows/poison_sync/syncstages_ff_reg[3]/C","cfo/observation_front/fft_core/m_generation_reg[20]/CE","1.845","3"
"clk500","0.052","2.000","cfo/observation_front/fft_core/v_reg[2]/C","cfo/observation_front/fft_core/rr3_reg/DSP_M_DATA_INST/CEM","1.769","0"
"clk500","0.052","2.000","sfo/residual_estimator/aux_service/u_xfft/U0/i_synth/xfft_inst/non_floating_point.arch_d.xfft_inst/FLOW/load_enable_reg/C","sfo/residual_estimator/aux_service/u_ingress_fifo/gnuram_async_fifo.xpm_fifo_base_inst/rdp_inst/count_value_i_reg[2]/D","1.930","5"
"clk500","0.052","2.000","cfo/observation_front/fft_core/next_output_reg[2]/C","cfo/observation_front/fft_core/bank0_reg_bram_0/ADDRBWRADDR[8]","1.617","4"
"clk500","0.053","2.000","sfo/residual_estimator/aux_service/u_xfft/U0/i_synth/axi_wrapper/reset_pipe_reg[1]/C","sfo/residual_estimator/aux_service/u_xfft/U0/i_synth/axi_wrapper/gen_has_nfft.nfft_expandedm1_reg[8]/S","1.829","0"
"clk500","0.053","2.000","sfo/residual_estimator/aux_service/u_xfft/U0/i_synth/axi_wrapper/reset_pipe_reg[1]/C","sfo/residual_estimator/aux_service/u_xfft/U0/i_synth/axi_wrapper/gen_has_nfft.nfft_expandedm1_reg[9]/S","1.829","0"
"clk500","0.054","2.000","sfo/residual_estimator/aux_service/u_xfft/U0/i_synth/axi_wrapper/reset_pipe_reg[1]/C","sfo/residual_estimator/aux_service/u_xfft/U0/i_synth/axi_wrapper/gen_has_nfft.nfft_expandedm1_reg[11]/S","1.828","0"
"clk500","0.054","2.000","sfo/residual_estimator/aux_service/u_xfft/U0/i_synth/axi_wrapper/reset_pipe_reg[1]/C","sfo/residual_estimator/aux_service/u_xfft/U0/i_synth/axi_wrapper/gen_has_nfft.nfft_expandedm1_reg[12]/S","1.828","0"
"clk500","0.054","2.000","sfo/residual_estimator/aux_service/u_xfft/U0/i_synth/axi_wrapper/reset_pipe_reg[1]/C","sfo/residual_estimator/aux_service/u_xfft/U0/i_synth/axi_wrapper/gen_has_nfft.nfft_expandedm1_reg[13]/S","1.828","0"
"clk500","0.054","2.000","sfo/residual_estimator/aux_service/u_xfft/U0/i_synth/axi_wrapper/reset_pipe_reg[1]/C","sfo/residual_estimator/aux_service/u_xfft/U0/i_synth/axi_wrapper/gen_has_nfft.nfft_expandedm1_reg[3]/S","1.828","0"
"clk500","0.054","2.000","sfo/residual_estimator/aux_service/u_xfft/U0/i_synth/axi_wrapper/reset_pipe_reg[1]/C","sfo/residual_estimator/aux_service/u_xfft/U0/i_synth/axi_wrapper/gen_has_nfft.nfft_expandedm1_reg[4]/S","1.828","0"
"clk500","0.054","2.000","sfo/residual_estimator/aux_service/u_xfft/U0/i_synth/axi_wrapper/reset_pipe_reg[1]/C","sfo/residual_estimator/aux_service/u_xfft/U0/i_synth/axi_wrapper/gen_has_nfft.nfft_expandedm1_reg[5]/S","1.828","0"
"clk500","0.054","2.000","sfo/residual_estimator/aux_service/u_xfft/U0/i_synth/axi_wrapper/reset_pipe_reg[1]/C","sfo/residual_estimator/aux_service/u_xfft/U0/i_synth/axi_wrapper/gen_has_nfft.nfft_expandedm1_reg[6]/S","1.828","0"
"clk500","0.054","2.000","sfo/residual_estimator/aux_service/u_xfft/U0/i_synth/axi_wrapper/reset_pipe_reg[1]/C","sfo/residual_estimator/aux_service/u_xfft/U0/i_synth/axi_wrapper/gen_has_nfft.nfft_expandedm1_reg[7]/S","1.828","0"
"clk500","0.054","2.000","sfo/residual_estimator/aux_service/u_xfft/U0/i_synth/xfft_inst/non_floating_point.arch_d.xfft_inst/has_bit_reverse.no_cp.muxed_reorder_write_addr_del_reg[3]/C","sfo/residual_estimator/aux_service/u_xfft/U0/i_synth/xfft_inst/non_floating_point.arch_d.xfft_inst/has_bit_reverse.dig_rev_mem/blk_ram.use_bram_only.mem/depth_14.main_ram_loop[0].use_RAMB18.ram_2k_loop[1].SDP_RAMB18_9x2048/ADDRARDADDR[6]","1.657","0"
"clk500","0.054","2.000","cfo/windows/poison_sync/syncstages_ff_reg[3]/C","cfo/windows/packed_head_reg[73]/D","1.929","5"
"clk500","0.055","2.000","cfo/observation_front/fft_core/state_reg[0]/C","cfo/observation_front/fft_core/bank0_reg_bram_0/DINADIN[28]","1.679","2"
"clk500","0.056","2.000","cfo/windows/poison_sync/syncstages_ff_reg[3]/C","cfo/windows/packed_head_reg[31]/D","1.926","5"
"clk500","0.056","2.000","sfo/residual_estimator/aux_service/u_xfft/U0/i_synth/axi_wrapper/gen_has_nfft.nfft_expandedm1_reg[12]/C","sfo/residual_estimator/aux_service/u_xfft/U0/i_synth/xfft_inst/non_floating_point.arch_d.xfft_inst/FLOW/start_reg_reg/D","1.925","4"
"clk500","0.057","2.000","cfo/observation_front/fft_core/next_output_reg[2]/C","cfo/observation_front/fft_core/bank0_reg_bram_0/ADDRBWRADDR[12]","1.634","4"
"clk500","0.057","2.000","cfo/observation_front/fft_core/state_reg[0]/C","cfo/observation_front/fft_core/tag_reg[5][row_a][3]/CE","1.840","1"
"clk500","0.057","2.000","cfo/observation_front/fft_core/state_reg[0]/C","cfo/observation_front/fft_core/tag_reg[5][row_b][4]/CE","1.840","1"
"clk500","0.057","2.000","cfo/observation_front/fft_core/state_reg[0]/C","cfo/observation_front/fft_core/tag_reg[5][row_b][8]/CE","1.840","1"
"clk500","0.057","2.000","cfo/windows/packed_windows/fifo/gnuram_async_fifo.xpm_fifo_base_inst/gen_sdpram.xpm_memory_base_inst/gen_wr_a.gen_word_narrow.mem_reg_bram_7/CLKBWRCLK","cfo/windows/packed_tail_reg[44]/D","1.878","0"
"clk500","0.057","2.000","cfo/windows/packed_windows/fifo/gnuram_async_fifo.xpm_fifo_base_inst/gen_sdpram.xpm_memory_base_inst/gen_wr_a.gen_word_narrow.mem_reg_bram_7/CLKBWRCLK","cfo/windows/packed_tail_reg[57]/D","1.877","0"
"clk500","0.057","2.000","sfo/residual_estimator/front_stage/main/service/u_xfft/U0/i_synth/xfft_inst/non_floating_point.arch_d.xfft_inst/pe_gen[0].natural_order_input.PE/has_TW_mult.TW/MUX0/four_inputs.use_lut6.no_lut_sclr.four_to_one_mux[0].latency1.reg/C","sfo/residual_estimator/front_stage/main/service/u_xfft/U0/i_synth/xfft_inst/non_floating_point.arch_d.xfft_inst/pe_gen[0].natural_order_input.PE/has_TW_mult.TW/twiddle_generator/tw1.twgen1/cos_addr_2s_comp/use_output_reg.D_OUT_reg[5]/D","1.926","2"
"clk500","0.057","2.000","sfo/residual_estimator/front_stage/main/service/u_xfft/U0/i_synth/xfft_inst/non_floating_point.arch_d.xfft_inst/pe_gen[0].natural_order_input.PE/has_TW_mult.TW/MUX0/four_inputs.use_lut6.no_lut_sclr.four_to_one_mux[0].latency1.reg/C","sfo/residual_estimator/front_stage/main/service/u_xfft/U0/i_synth/xfft_inst/non_floating_point.arch_d.xfft_inst/pe_gen[0].natural_order_input.PE/has_TW_mult.TW/twiddle_generator/tw1.twgen1/sin_addr_2s_comp/use_output_reg.D_OUT_reg[8]/D","1.925","2"
"clk500","0.057","2.000","cfo/observation_front/fft_core/state_reg[0]/C","cfo/observation_front/fft_core/bank0_reg_bram_1/DINADIN[6]","1.677","2"
"clk500","0.058","2.000","cfo/observation_front/fft_core/state_reg[0]/C","cfo/observation_front/fft_core/bank0_reg_bram_0/ADDRARDADDR[7]","1.651","2"
"clk500","0.058","2.000","cfo/observation_front/fft_core/v_reg[2]/C","cfo/observation_front/fft_core/pi4_reg/DSP_M_DATA_INST/CEM","1.763","0"
"clk500","0.058","2.000","cfo/windows/packed_windows/fifo/gnuram_async_fifo.xpm_fifo_base_inst/gen_sdpram.xpm_memory_base_inst/gen_wr_a.gen_word_narrow.mem_reg_bram_7/CLKBWRCLK","cfo/windows/packed_tail_reg[46]/D","1.876","0"
"clk500","0.059","2.000","cfo/observation_front/fft_core/offset_in_group_reg[0]/C","cfo/observation_front/fft_core/tw_index_reg_rep/ADDRARDADDR[13]","1.642","4"
"clk500","0.059","2.000","cfo/observation_front/fft_core/bank1_reg_bram_0/CLKBWRCLK","cfo/observation_front/fft_core/rr3_reg/DSP_A_B_DATA_INST/A[3]","1.617","1"
"clk500","0.059","2.000","cfo/windows/packed_windows/fifo/gnuram_async_fifo.xpm_fifo_base_inst/rdp_inst/count_value_i_reg[1]/C","cfo/windows/packed_windows/fifo/gnuram_async_fifo.xpm_fifo_base_inst/gen_sdpram.xpm_memory_base_inst/gen_wr_a.gen_word_narrow.mem_reg_bram_10/ADDRBWRADDR[6]","1.631","0"
"clk500","0.059","2.000","cfo/windows/poison_sync/syncstages_ff_reg[3]/C","cfo/windows/packed_windows/fifo/gnuram_async_fifo.xpm_fifo_base_inst/gen_sdpram.xpm_memory_base_inst/gen_wr_a.gen_word_narrow.mem_reg_bram_6/CASDOMUXEN_B","1.819","3"
"clk500","0.059","2.000","cfo/windows/poison_sync/syncstages_ff_reg[3]/C","cfo/observation_front/fft_core/m_frame_reg[0]/CE","1.839","3"
"clk500","0.059","2.000","cfo/windows/poison_sync/syncstages_ff_reg[3]/C","cfo/observation_front/fft_core/m_frame_reg[5]/CE","1.839","3"
"clk500","0.059","2.000","cfo/windows/poison_sync/syncstages_ff_reg[3]/C","cfo/observation_front/fft_core/m_frame_reg[6]/CE","1.839","3"
"clk500","0.059","2.000","sfo/residual_estimator/aux_service/u_xfft/U0/i_synth/xfft_inst/non_floating_point.arch_d.xfft_inst/pe_gen[0].natural_order_input.PE/FB_1.BF_1/wr_addr_del/no_sclr_lut.real_shift_ram.use_baseblock.use_hlutnm_srls.srl_loop[5].i_fdre0/C","sfo/residual_estimator/aux_service/u_xfft/U0/i_synth/xfft_inst/non_floating_point.arch_d.xfft_inst/pe_gen[0].natural_order_input.PE/FB_1.BF_1/MEM/blk_ram.use_bram_only.mem/depth_13_s6_depth_12.main_ram_loop[2].use_RAMB18.ram_2k_loop[3].SDP_RAMB18_9x2048/ADDRARDADDR[13]","1.630","0"
"clk500","0.060","2.000","sfo/residual_estimator/aux_service/u_xfft/U0/i_synth/xfft_inst/non_floating_point.arch_d.xfft_inst/has_bit_reverse.natural_order_address_muxing.muxed_reorder_read_addr_reg[3]/C","sfo/residual_estimator/aux_service/u_xfft/U0/i_synth/xfft_inst/non_floating_point.arch_d.xfft_inst/has_bit_reverse.dig_rev_mem/blk_ram.use_bram_only.mem/depth_14.main_ram_loop[2].use_RAMB18.ram_2k_loop[2].SDP_RAMB18_9x2048/ADDRBWRADDR[6]","1.631","0"
"clk500","0.060","2.000","cfo/windows/poison_sync/syncstages_ff_reg[3]/C","cfo/windows/packed_head_reg[98]/D","1.922","5"
"clk500","0.061","2.000","cfo/observation_front/m_frame_reg[9]/C","cfo/estimator/expected_window_reg[1]/CE","1.836","6"
"clk500","0.061","2.000","cfo/observation_front/m_frame_reg[9]/C","cfo/estimator/expected_window_reg[2]/CE","1.836","6"
"clk500","0.062","2.000","sfo/residual_estimator/aux_service/u_xfft/U0/i_synth/xfft_inst/non_floating_point.arch_d.xfft_inst/has_bit_reverse.natural_order_address_muxing.muxed_reorder_read_addr_reg[1]/C","sfo/residual_estimator/aux_service/u_xfft/U0/i_synth/xfft_inst/non_floating_point.arch_d.xfft_inst/has_bit_reverse.dig_rev_mem/blk_ram.use_bram_only.mem/depth_14.need_extra_rams.extra_ram_loop[3].use_RAMB18.SDP_RAMB18_1x16384/ADDRBWRADDR[1]","1.572","0"
"clk500","0.062","2.000","cfo/observation_front/fft_core/v_reg[3]/C","cfo/observation_front/fft_core/ar4_reg[25]/CE","1.833","0"
"clk500","0.062","2.000","cfo/windows/poison_sync/syncstages_ff_reg[3]/C","cfo/windows/output_record_reg[103]/CE","1.835","4"
"clk500","0.062","2.000","cfo/windows/poison_sync/syncstages_ff_reg[3]/C","cfo/windows/output_record_reg[109]/CE","1.835","4"
"clk500","0.062","2.000","cfo/windows/poison_sync/syncstages_ff_reg[3]/C","cfo/windows/output_record_reg[84]/CE","1.835","4"
"clk500","0.062","2.000","cfo/windows/poison_sync/syncstages_ff_reg[3]/C","cfo/windows/output_record_reg[99]/CE","1.835","4"
"clk500","0.062","2.000","cfo/windows/poison_sync/syncstages_ff_reg[3]/C","cfo/windows/packed_tail_reg[109]/CE","1.836","4"
"clk500","0.062","2.000","cfo/windows/poison_sync/syncstages_ff_reg[3]/C","cfo/windows/packed_tail_reg[114]/CE","1.836","4"
"clk500","0.062","2.000","cfo/windows/poison_sync/syncstages_ff_reg[3]/C","cfo/windows/packed_tail_reg[118]/CE","1.835","4"
"clk500","0.062","2.000","cfo/windows/poison_sync/syncstages_ff_reg[3]/C","cfo/windows/packed_tail_reg[54]/CE","1.836","4"
"clk500","0.062","2.000","cfo/windows/poison_sync/syncstages_ff_reg[3]/C","cfo/windows/packed_tail_reg[63]/CE","1.835","4"
"clk500","0.062","2.000","cfo/windows/poison_sync/syncstages_ff_reg[3]/C","cfo/windows/packed_tail_reg[70]/CE","1.836","4"
"clk500","0.062","2.000","cfo/windows/packed_windows/fifo/gnuram_async_fifo.xpm_fifo_base_inst/rdp_inst/count_value_i_reg[1]/C","cfo/windows/packed_windows/fifo/gnuram_async_fifo.xpm_fifo_base_inst/gen_sdpram.xpm_memory_base_inst/gen_wr_a.gen_word_narrow.mem_reg_bram_9/ADDRBWRADDR[6]","1.628","0"
"clk500","0.063","2.000","cfo/windows/poison_sync/syncstages_ff_reg[3]/C","cfo/observation_front/fft_core/bank0_reg_bram_0/ADDRARDADDR[10]","1.637","3"
"clk500","0.063","2.000","sfo/residual_estimator/aux_service/u_xfft/U0/i_synth/xfft_inst/non_floating_point.arch_d.xfft_inst/FLOW/load_enable_reg/C","sfo/residual_estimator/aux_service/u_ingress_fifo/gnuram_async_fifo.xpm_fifo_base_inst/rdpp1_inst/count_value_i_reg[6]/D","1.919","5"
"clk500","0.063","2.000","cfo/windows/poison_sync/syncstages_ff_reg[3]/C","cfo/windows/output_record_reg[102]/CE","1.834","4"
"clk500","0.063","2.000","cfo/windows/poison_sync/syncstages_ff_reg[3]/C","cfo/windows/output_record_reg[108]/CE","1.834","4"
"clk500","0.063","2.000","cfo/windows/poison_sync/syncstages_ff_reg[3]/C","cfo/windows/output_record_reg[126]/CE","1.834","4"
"clk500","0.063","2.000","cfo/windows/poison_sync/syncstages_ff_reg[3]/C","cfo/windows/output_record_reg[86]/CE","1.834","4"
"clk500","0.063","2.000","cfo/windows/poison_sync/syncstages_ff_reg[3]/C","cfo/observation_front/fft_core/bank0_reg_bram_1/ADDRARDADDR[4]","1.563","2"
"clk500","0.063","2.000","cfo/windows/packed_windows/fifo/gnuram_async_fifo.xpm_fifo_base_inst/gen_sdpram.xpm_memory_base_inst/gen_wr_a.gen_word_narrow.mem_reg_bram_7/CLKBWRCLK","cfo/windows/packed_tail_reg[41]/D","1.872","0"
"clk500","0.063","2.000","sfo/residual_estimator/aux_service/u_xfft/U0/i_synth/xfft_inst/non_floating_point.arch_d.xfft_inst/has_bit_reverse.natural_order_address_muxing.muxed_reorder_read_addr_reg[10]/C","sfo/residual_estimator/aux_service/u_xfft/U0/i_synth/xfft_inst/non_floating_point.arch_d.xfft_inst/has_bit_reverse.dig_rev_mem/blk_ram.use_bram_only.mem/depth_14.need_extra_rams.extra_ram_loop[2].use_RAMB18.SDP_RAMB18_1x16384/ADDRBWRADDR[10]","1.633","0"
"clk500","0.064","2.000","cfo/windows/poison_sync/syncstages_ff_reg[3]/C","cfo/observation_front/fft_core/bank0_reg_bram_1/ADDRARDADDR[12]","1.640","2"
"clk500","0.065","2.000","cfo/observation_front/fft_core/offset_in_group_reg[3]/C","cfo/observation_front/fft_core/bank1_reg_bram_0/ADDRBWRADDR[12]","1.627","4"
"clk500","0.065","2.000","cfo/windows/packed_windows/fifo/gnuram_async_fifo.xpm_fifo_base_inst/gen_sdpram.xpm_memory_base_inst/gen_wr_a.gen_word_narrow.mem_reg_bram_13/CLKBWRCLK","cfo/windows/packed_head_reg[124]/D","1.869","1"
"clk500","0.065","2.000","cfo/windows/poison_sync/syncstages_ff_reg[3]/C","cfo/windows/packed_windows/fifo/gnuram_async_fifo.xpm_fifo_base_inst/rdp_inst/count_value_i_reg[12]/D","1.917","6"
"clk500","0.065","2.000","sfo/residual_estimator/aux_service/u_xfft/U0/i_synth/xfft_inst/non_floating_point.arch_d.xfft_inst/pe_gen[0].natural_order_input.PE/has_addr_gen.bf2_addr_gen/cnt/cnt_addsub/i_baseblox.i_baseblox_addsub/no_pipelining.the_addsub/i_lut6.i_lut6_addsub/i_q.i_simple.qreg/i_no_async_controls.output_reg[2]/C","sfo/residual_estimator/aux_service/u_xfft/U0/i_synth/xfft_inst/non_floating_point.arch_d.xfft_inst/pe_gen[0].natural_order_input.PE/FB_1.BF_1/MEM/blk_ram.use_bram_only.mem/depth_13_s6_depth_12.main_ram_loop[1].use_RAMB18.ram_2k_loop[2].SDP_RAMB18_9x2048/ADDRBWRADDR[4]","1.548","0"
"clk500","0.066","2.000","cfo/windows/poison_sync/syncstages_ff_reg[3]/C","cfo/windows/packed_tail_reg[124]/CE","1.831","4"
"clk500","0.066","2.000","cfo/windows/poison_sync/syncstages_ff_reg[3]/C","cfo/windows/packed_tail_reg[127]/CE","1.831","4"
"clk500","0.066","2.000","cfo/windows/poison_sync/syncstages_ff_reg[3]/C","cfo/windows/packed_tail_reg[15]/CE","1.831","4"
"clk500","0.066","2.000","cfo/windows/poison_sync/syncstages_ff_reg[3]/C","cfo/windows/packed_tail_reg[31]/CE","1.831","4"
"clk500","0.066","2.000","cfo/windows/poison_sync/syncstages_ff_reg[3]/C","cfo/windows/packed_tail_reg[33]/CE","1.831","4"
"clk500","0.066","2.000","cfo/windows/poison_sync/syncstages_ff_reg[3]/C","cfo/windows/packed_tail_reg[39]/CE","1.831","4"
"clk500","0.066","2.000","cfo/windows/poison_sync/syncstages_ff_reg[3]/C","cfo/windows/packed_tail_reg[40]/CE","1.831","4"
"clk500","0.066","2.000","cfo/windows/poison_sync/syncstages_ff_reg[3]/C","cfo/windows/packed_tail_reg[97]/CE","1.831","4"
"clk500","0.066","2.000","sfo/residual_estimator/aux_service/u_xfft/U0/i_synth/xfft_inst/non_floating_point.arch_d.xfft_inst/has_bit_reverse.no_cp.muxed_reorder_write_addr_del_reg[3]/C","sfo/residual_estimator/aux_service/u_xfft/U0/i_synth/xfft_inst/non_floating_point.arch_d.xfft_inst/has_bit_reverse.dig_rev_mem/blk_ram.use_bram_only.mem/depth_14.main_ram_loop[0].use_RAMB18.ram_2k_loop[5].SDP_RAMB18_9x2048/ADDRARDADDR[6]","1.650","0"
"clk500","0.066","2.000","cfo/windows/poison_sync/syncstages_ff_reg[3]/C","cfo/windows/packed_head_reg[12]/CE","1.831","5"
"clk500","0.066","2.000","cfo/windows/poison_sync/syncstages_ff_reg[3]/C","cfo/windows/packed_head_reg[14]/CE","1.831","5"
"clk500","0.066","2.000","cfo/windows/poison_sync/syncstages_ff_reg[3]/C","cfo/windows/packed_head_reg[17]/CE","1.831","5"
"clk500","0.066","2.000","cfo/windows/poison_sync/syncstages_ff_reg[3]/C","cfo/windows/packed_head_reg[68]/D","1.916","5"
"clk500","0.066","2.000","cfo/windows/packed_windows/fifo/gnuram_async_fifo.xpm_fifo_base_inst/gen_sdpram.xpm_memory_base_inst/gen_wr_a.gen_word_narrow.mem_reg_bram_7/CLKBWRCLK","cfo/windows/packed_tail_reg[47]/D","1.868","0"
"clk500","0.066","2.000","sfo/residual_estimator/front_stage/main/service/u_xfft/U0/i_synth/axi_wrapper/sclr_int_reg/C","sfo/residual_estimator/front_stage/main/service/u_xfft/U0/i_synth/xfft_inst/non_floating_point.arch_d.xfft_inst/has_bit_reverse.no_cyclic_prefix_xk_counter.DOUT_CNT_CTRL_1/cnt/cnt_addsub/i_baseblox.i_baseblox_addsub/no_pipelining.the_addsub/i_lut6.i_lut6_addsub/i_q.i_simple.qreg/i_no_async_controls.output_reg[10]/R","1.817","0"
"clk500","0.066","2.000","sfo/residual_estimator/front_stage/main/service/u_xfft/U0/i_synth/axi_wrapper/sclr_int_reg/C","sfo/residual_estimator/front_stage/main/service/u_xfft/U0/i_synth/xfft_inst/non_floating_point.arch_d.xfft_inst/has_bit_reverse.no_cyclic_prefix_xk_counter.DOUT_CNT_CTRL_1/cnt/cnt_addsub/i_baseblox.i_baseblox_addsub/no_pipelining.the_addsub/i_lut6.i_lut6_addsub/i_q.i_simple.qreg/i_no_async_controls.output_reg[11]/R","1.817","0"
"clk500","0.066","2.000","sfo/residual_estimator/front_stage/main/service/u_xfft/U0/i_synth/axi_wrapper/sclr_int_reg/C","sfo/residual_estimator/front_stage/main/service/u_xfft/U0/i_synth/xfft_inst/non_floating_point.arch_d.xfft_inst/has_bit_reverse.no_cyclic_prefix_xk_counter.DOUT_CNT_CTRL_1/cnt/cnt_addsub/i_baseblox.i_baseblox_addsub/no_pipelining.the_addsub/i_lut6.i_lut6_addsub/i_q.i_simple.qreg/i_no_async_controls.output_reg[8]/R","1.817","0"
"clk500","0.066","2.000","sfo/residual_estimator/front_stage/main/service/u_xfft/U0/i_synth/axi_wrapper/sclr_int_reg/C","sfo/residual_estimator/front_stage/main/service/u_xfft/U0/i_synth/xfft_inst/non_floating_point.arch_d.xfft_inst/has_bit_reverse.no_cyclic_prefix_xk_counter.DOUT_CNT_CTRL_1/cnt/cnt_addsub/i_baseblox.i_baseblox_addsub/no_pipelining.the_addsub/i_lut6.i_lut6_addsub/i_q.i_simple.qreg/i_no_async_controls.output_reg[9]/R","1.817","0"
"clk500","0.066","2.000","cfo/windows/packed_windows/fifo/gnuram_async_fifo.xpm_fifo_base_inst/gen_sdpram.xpm_memory_base_inst/gen_wr_a.gen_word_narrow.mem_reg_bram_7/CLKBWRCLK","cfo/windows/packed_tail_reg[53]/D","1.869","0"
"clk500","0.067","2.000","cfo/windows/poison_sync/syncstages_ff_reg[3]/C","cfo/windows/packed_windows/fifo/gnuram_async_fifo.xpm_fifo_base_inst/gen_sdpram.xpm_memory_base_inst/gen_wr_a.gen_word_narrow.mem_reg_bram_13/ENBWREN","1.568","3"
"clk500","0.067","2.000","sfo/residual_estimator/aux_service/u_xfft/U0/i_synth/xfft_inst/non_floating_point.arch_d.xfft_inst/has_bit_reverse.no_cp.muxed_reorder_write_addr_del_reg[3]/C","sfo/residual_estimator/aux_service/u_xfft/U0/i_synth/xfft_inst/non_floating_point.arch_d.xfft_inst/has_bit_reverse.dig_rev_mem/blk_ram.use_bram_only.mem/depth_14.main_ram_loop[0].use_RAMB18.ram_2k_loop[0].SDP_RAMB18_9x2048/ADDRARDADDR[6]","1.649","0"
"clk500","0.067","2.000","cfo/observation_front/fft_core/v_reg[3]/C","cfo/observation_front/fft_core/ar4_reg[11]/CE","1.828","0"
"clk500","0.067","2.000","cfo/observation_front/fft_core/v_reg[3]/C","cfo/observation_front/fft_core/ar4_reg[1]/CE","1.828","0"
"clk500","0.067","2.000","cfo/observation_front/fft_core/v_reg[3]/C","cfo/observation_front/fft_core/ar4_reg[3]/CE","1.828","0"
"clk500","0.067","2.000","cfo/observation_front/fft_core/v_reg[3]/C","cfo/observation_front/fft_core/ar4_reg[5]/CE","1.828","0"
"clk500","0.067","2.000","cfo/windows/packed_windows/fifo/gnuram_async_fifo.xpm_fifo_base_inst/gen_sdpram.xpm_memory_base_inst/gen_wr_a.gen_word_narrow.mem_reg_bram_7/CLKBWRCLK","cfo/windows/packed_tail_reg[52]/D","1.868","0"
"clk500","0.067","2.000","sfo/residual_estimator/aux_service/u_xfft/U0/i_synth/xfft_inst/non_floating_point.arch_d.xfft_inst/FLOW/load_enable_reg/C","sfo/residual_estimator/aux_service/u_ingress_fifo/gnuram_async_fifo.xpm_fifo_base_inst/rdpp1_inst/count_value_i_reg[7]/D","1.915","5"
"clk500","0.067","2.000","sfo/residual_estimator/front_stage/main/service/u_xfft/U0/i_synth/axi_wrapper/sclr_int_reg/C","sfo/residual_estimator/front_stage/main/service/u_xfft/U0/i_synth/xfft_inst/non_floating_point.arch_d.xfft_inst/FLOW/reset_sustain.resets_4_pes[2].delay_reset_pe/tc_reg/S","1.816","0"
"clk500","0.067","2.000","cfo/windows/packed_windows/fifo/gnuram_async_fifo.xpm_fifo_base_inst/gen_sdpram.xpm_memory_base_inst/gen_wr_a.gen_word_narrow.mem_reg_bram_7/CLKBWRCLK","cfo/windows/packed_head_reg[37]/D","1.868","1"
"clk500","0.067","2.000","sfo/residual_estimator/aux_service/u_xfft/U0/i_synth/xfft_inst/non_floating_point.arch_d.xfft_inst/has_bit_reverse.no_cp.muxed_reorder_write_addr_del_reg[12]/C","sfo/residual_estimator/aux_service/u_xfft/U0/i_synth/xfft_inst/non_floating_point.arch_d.xfft_inst/has_bit_reverse.dig_rev_mem/blk_ram.use_bram_only.mem/depth_14.need_extra_rams.extra_ram_loop[3].use_RAMB18.SDP_RAMB18_1x16384/ADDRARDADDR[12]","1.636","0"
"clk500","0.067","2.000","sfo/residual_estimator/aux_service/u_xfft/U0/i_synth/xfft_inst/non_floating_point.arch_d.xfft_inst/timing_cnts_has_nfft.run_time_sel_reg[5]/C","sfo/residual_estimator/aux_service/u_xfft/U0/i_synth/xfft_inst/non_floating_point.arch_d.xfft_inst/pe_gen[4].natural_order_input.PE/bypass_muxes.din_re_mux_gen[2].reg/D","1.916","1"
"clk500","0.068","2.000","cfo/windows/poison_sync/syncstages_ff_reg[3]/C","cfo/observation_front/fft_core/bank0_reg_bram_0/DINADIN[14]","1.666","2"
"clk500","0.068","2.000","cfo/windows/poison_sync/syncstages_ff_reg[3]/C","cfo/windows/packed_head_reg[119]/D","1.914","5"
"clk500","0.068","2.000","cfo/windows/packed_windows/fifo/gnuram_async_fifo.xpm_fifo_base_inst/gen_sdpram.xpm_memory_base_inst/gen_wr_a.gen_word_narrow.mem_reg_bram_3/CLKBWRCLK","cfo/windows/packed_tail_reg[3]/D","1.867","0"
"clk500","0.069","2.000","cfo/windows/poison_sync/syncstages_ff_reg[3]/C","cfo/windows/packed_head_reg[118]/CE","1.828","5"
"clk500","0.069","2.000","cfo/windows/poison_sync/syncstages_ff_reg[3]/C","cfo/windows/packed_head_reg[65]/CE","1.828","5"
"clk500","0.069","2.000","cfo/windows/poison_sync/syncstages_ff_reg[3]/C","cfo/windows/packed_head_reg[81]/CE","1.828","5"
"clk500","0.069","2.000","cfo/windows/poison_sync/syncstages_ff_reg[3]/C","cfo/windows/packed_head_reg[100]/D","1.913","5"
"clk500","0.069","2.000","cfo/windows/poison_sync/syncstages_ff_reg[3]/C","cfo/windows/packed_head_reg[123]/D","1.913","5"
"clk500","0.069","2.000","cfo/windows/poison_sync/syncstages_ff_reg[3]/C","cfo/windows/packed_tail_reg[112]/CE","1.829","4"
"clk500","0.069","2.000","cfo/windows/poison_sync/syncstages_ff_reg[3]/C","cfo/windows/packed_tail_reg[125]/CE","1.829","4"
"clk500","0.069","2.000","cfo/windows/poison_sync/syncstages_ff_reg[3]/C","cfo/windows/packed_tail_reg[16]/CE","1.829","4"
"clk500","0.069","2.000","cfo/windows/poison_sync/syncstages_ff_reg[3]/C","cfo/windows/packed_tail_reg[48]/CE","1.829","4"
"clk500","0.069","2.000","cfo/windows/poison_sync/syncstages_ff_reg[3]/C","cfo/windows/packed_head_reg[34]/D","1.913","5"
"clk500","0.070","2.000","cfo/observation_front/fft_core/state_reg[0]/C","cfo/observation_front/fft_core/bank0_reg_bram_1/DINADIN[1]","1.640","2"
"clk500","0.070","2.000","cfo/windows/poison_sync/syncstages_ff_reg[3]/C","cfo/observation_front/fft_core/m_window_reg[3]/CE","1.827","3"
"clk500","0.070","2.000","cfo/windows/poison_sync/syncstages_ff_reg[3]/C","cfo/observation_front/fft_core/m_window_reg[4]/CE","1.827","3"
"clk500","0.070","2.000","cfo/windows/poison_sync/syncstages_ff_reg[3]/C","cfo/observation_front/fft_core/m_window_reg[5]/CE","1.827","3"
"clk500","0.071","2.000","cfo/windows/poison_sync/syncstages_ff_reg[3]/C","cfo/windows/packed_tail_reg[26]/CE","1.826","4"
"clk500","0.071","2.000","cfo/windows/poison_sync/syncstages_ff_reg[3]/C","cfo/windows/packed_tail_reg[32]/CE","1.826","4"
"clk500","0.071","2.000","cfo/windows/poison_sync/syncstages_ff_reg[3]/C","cfo/windows/packed_tail_reg[8]/CE","1.826","4"
"clk500","0.071","2.000","cfo/windows/poison_sync/syncstages_ff_reg[3]/C","cfo/windows/packed_tail_reg[93]/CE","1.826","4"
"clk500","0.071","2.000","sfo/residual_estimator/aux_service/u_xfft/U0/i_synth/xfft_inst/non_floating_point.arch_d.xfft_inst/has_bit_reverse.natural_order_address_muxing.muxed_reorder_read_addr_reg[4]/C","sfo/residual_estimator/aux_service/u_xfft/U0/i_synth/xfft_inst/non_floating_point.arch_d.xfft_inst/has_bit_reverse.dig_rev_mem/blk_ram.use_bram_only.mem/depth_14.main_ram_loop[1].use_RAMB18.ram_2k_loop[4].SDP_RAMB18_9x2048/ADDRBWRADDR[7]","1.600","0"
"clk500","0.071","2.000","cfo/observation_front/fft_core/state_reg[0]/C","cfo/observation_front/fft_core/bank0_reg_bram_1/DINADIN[11]","1.661","2"
"clk500","0.072","2.000","cfo/windows/poison_sync/syncstages_ff_reg[3]/C","cfo/windows/packed_windows/fifo/gnuram_async_fifo.xpm_fifo_base_inst/rdp_inst/count_value_i_reg[10]/D","1.910","6"
"clk500","0.073","2.000","cfo/windows/packed_windows/fifo/gnuram_async_fifo.xpm_fifo_base_inst/gen_sdpram.xpm_memory_base_inst/gen_wr_a.gen_word_narrow.mem_reg_bram_7/CLKBWRCLK","cfo/windows/packed_head_reg[43]/D","1.861","1"
"clk500","0.073","2.000","cfo/windows/poison_sync/syncstages_ff_reg[3]/C","cfo/windows/packed_tail_reg[59]/CE","1.825","4"
"clk500","0.073","2.000","cfo/windows/poison_sync/syncstages_ff_reg[3]/C","cfo/windows/packed_tail_reg[69]/CE","1.825","4"
"clk500","0.073","2.000","cfo/windows/poison_sync/syncstages_ff_reg[3]/C","cfo/windows/packed_tail_reg[83]/CE","1.825","4"
"clk500","0.073","2.000","cfo/windows/poison_sync/syncstages_ff_reg[3]/C","cfo/windows/packed_tail_reg[92]/CE","1.825","4"
"clk500","0.073","2.000","sfo/residual_estimator/aux_service/u_xfft/U0/i_synth/xfft_inst/non_floating_point.arch_d.xfft_inst/has_bit_reverse.no_cp.muxed_reorder_write_addr_del_reg[6]/C","sfo/residual_estimator/aux_service/u_xfft/U0/i_synth/xfft_inst/non_floating_point.arch_d.xfft_inst/has_bit_reverse.dig_rev_mem/blk_ram.use_bram_only.mem/depth_14.need_extra_rams.extra_ram_loop[1].use_RAMB18.SDP_RAMB18_1x16384/ADDRARDADDR[6]","1.641","0"
"clk500","0.073","2.000","sfo/residual_estimator/aux_service/u_xfft/U0/i_synth/xfft_inst/non_floating_point.arch_d.xfft_inst/FLOW/has_nfft._nfft_value.NFFT_int_tmp_reg[0]/C","sfo/residual_estimator/aux_service/u_xfft/U0/i_synth/xfft_inst/non_floating_point.arch_d.xfft_inst/pe_gen[4].natural_order_input.PE/has_addr_gen.tw_addr_gen/output_cnt.reg_next_start/D","1.909","2"
"clk500","0.073","2.000","cfo/windows/poison_sync/syncstages_ff_reg[3]/C","cfo/windows/output_record_reg[32]/CE","1.824","4"
"clk500","0.073","2.000","cfo/windows/poison_sync/syncstages_ff_reg[3]/C","cfo/windows/output_record_reg[51]/CE","1.824","4"
"clk500","0.073","2.000","sfo/residual_estimator/aux_service/u_xfft/U0/i_synth/axi_wrapper/data_in_channel_fifo/gen_real_time.full_reg/C","sfo/residual_estimator/aux_service/u_xfft/U0/i_synth/axi_wrapper/current_nfft_reg[3]/CE","1.824","1"
"clk500","0.073","2.000","cfo/windows/poison_sync/syncstages_ff_reg[3]/C","cfo/windows/packed_head_reg[42]/D","1.910","5"
"clk500","0.073","2.000","sfo/residual_estimator/aux_service/u_xfft/U0/i_synth/xfft_inst/non_floating_point.arch_d.xfft_inst/has_bit_reverse.no_cp.muxed_reorder_write_addr_del_reg[8]/C","sfo/residual_estimator/aux_service/u_xfft/U0/i_synth/xfft_inst/non_floating_point.arch_d.xfft_inst/has_bit_reverse.dig_rev_mem/blk_ram.use_bram_only.mem/depth_14.need_extra_rams.extra_ram_loop[4].use_RAMB18.SDP_RAMB18_1x16384/ADDRARDADDR[8]","1.628","0"
"clk500","0.074","2.000","sfo/residual_estimator/aux_service/u_xfft/U0/i_synth/xfft_inst/non_floating_point.arch_d.xfft_inst/FLOW/load_enable_reg/C","sfo/residual_estimator/aux_service/u_ingress_fifo/gnuram_async_fifo.xpm_fifo_base_inst/rdp_inst/count_value_i_reg[1]/D","1.908","5"
"clk500","0.074","2.000","sfo/residual_estimator/aux_service/u_xfft/U0/i_synth/xfft_inst/non_floating_point.arch_d.xfft_inst/FLOW/has_nfft.counter_limit_early_reg[8].max_n_int_minus_one_ff/C","sfo/residual_estimator/aux_service/u_xfft/U0/i_synth/xfft_inst/non_floating_point.arch_d.xfft_inst/pe_gen[2].natural_order_input.PE/has_addr_gen.bf2_addr_gen/cnt/i_tc_compare_reg/D","1.908","2"
"clk500","0.074","2.000","cfo/observation_front/fft_core/next_output_reg[2]/C","cfo/observation_front/fft_core/bank1_reg_bram_1/ADDRBWRADDR[7]","1.611","4"
"clk500","0.074","2.000","sfo/residual_estimator/aux_service/u_xfft/U0/i_synth/xfft_inst/non_floating_point.arch_d.xfft_inst/has_bit_reverse.natural_order_address_muxing.muxed_reorder_read_addr_reg[8]/C","sfo/residual_estimator/aux_service/u_xfft/U0/i_synth/xfft_inst/non_floating_point.arch_d.xfft_inst/has_bit_reverse.dig_rev_mem/blk_ram.use_bram_only.mem/depth_14.need_extra_rams.extra_ram_loop[1].use_RAMB18.SDP_RAMB18_1x16384/ADDRBWRADDR[8]","1.616","0"
"clk500","0.074","2.000","sfo/residual_estimator/aux_service/u_xfft/U0/i_synth/xfft_inst/non_floating_point.arch_d.xfft_inst/input_delay_im/no_sclr_lut.real_shift_ram.use_baseblock.use_hlutnm_srls.srl_loop[2].i_fdre0/C","sfo/residual_estimator/aux_service/u_xfft/U0/i_synth/xfft_inst/non_floating_point.arch_d.xfft_inst/pe_gen[5].natural_order_input.PE/bypass_muxes.din_im_mux_gen[4].reg/D","1.907","1"
"clk500","0.075","2.000","cfo/windows/packed_windows/fifo/gnuram_async_fifo.xpm_fifo_base_inst/gen_sdpram.xpm_memory_base_inst/gen_wr_a.gen_word_narrow.mem_reg_bram_13/CLKBWRCLK","cfo/windows/packed_head_reg[113]/D","1.859","1"
"clk500","0.075","2.000","sfo/residual_estimator/aux_service/u_xfft/U0/i_synth/xfft_inst/non_floating_point.arch_d.xfft_inst/FLOW/has_nfft.counter_limit_early_reg[7].max_n_int_minus_one_ff/C","sfo/residual_estimator/aux_service/u_xfft/U0/i_synth/xfft_inst/non_floating_point.arch_d.xfft_inst/pe_gen[2].natural_order_input.PE/has_addr_gen.tw_addr_gen/cnt/i_tc_compare_reg/D","1.907","2"
"clk500","0.075","2.000","sfo/residual_estimator/front_stage/main/service/u_xfft/U0/i_synth/axi_wrapper/data_in_channel_fifo/gen_real_time.full_reg/C","sfo/residual_estimator/front_stage/main/service/u_ingress_fifo/gnuram_async_fifo.xpm_fifo_base_inst/gen_sdpram.xpm_memory_base_inst/gen_wr_a.gen_word_wide.mem_reg_bram_0/ENARDEN","1.558","3"
"clk500","0.075","2.000","cfo/windows/poison_sync/syncstages_ff_reg[3]/C","cfo/windows/packed_tail_reg[103]/CE","1.823","4"
"clk500","0.075","2.000","cfo/windows/poison_sync/syncstages_ff_reg[3]/C","cfo/windows/packed_tail_reg[110]/CE","1.823","4"
"clk500","0.075","2.000","cfo/windows/poison_sync/syncstages_ff_reg[3]/C","cfo/windows/packed_tail_reg[20]/CE","1.823","4"
"clk500","0.075","2.000","cfo/windows/poison_sync/syncstages_ff_reg[3]/C","cfo/windows/packed_tail_reg[52]/CE","1.823","4"
"clk500","0.075","2.000","cfo/observation_front/fft_core/offset_in_group_reg[0]/C","cfo/observation_front/fft_core/tw_index_reg_rep/ADDRARDADDR[7]","1.633","4"
"clk500","0.075","2.000","cfo/windows/poison_sync/syncstages_ff_reg[3]/C","cfo/windows/output_record_reg[61]/CE","1.822","4"
"clk500","0.075","2.000","cfo/windows/poison_sync/syncstages_ff_reg[3]/C","cfo/windows/output_record_reg[64]/CE","1.822","4"
"clk500","0.075","2.000","cfo/windows/poison_sync/syncstages_ff_reg[3]/C","cfo/windows/output_record_reg[81]/CE","1.822","4"
"clk500","0.075","2.000","cfo/windows/poison_sync/syncstages_ff_reg[3]/C","cfo/windows/output_record_reg[83]/CE","1.822","4"
"clk500","0.075","2.000","sfo/residual_estimator/front_stage/main/service/u_xfft/U0/i_synth/xfft_inst/non_floating_point.arch_d.xfft_inst/pe_gen[0].natural_order_input.PE/has_TW_mult.TW/MUX0/four_inputs.use_lut6.no_lut_sclr.four_to_one_mux[5].latency1.reg/C","sfo/residual_estimator/front_stage/main/service/u_xfft/U0/i_synth/xfft_inst/non_floating_point.arch_d.xfft_inst/pe_gen[0].natural_order_input.PE/has_TW_mult.TW/twiddle_generator/tw1.twgen1/sin_addr_2s_comp/use_output_reg.D_OUT_reg[7]/D","1.905","1"
"clk500","0.076","2.000","cfo/windows/poison_sync/syncstages_ff_reg[3]/C","cfo/windows/output_record_reg[62]/CE","1.821","4"
"clk500","0.076","2.000","cfo/windows/poison_sync/syncstages_ff_reg[3]/C","cfo/windows/output_record_reg[78]/CE","1.821","4"
"clk500","0.076","2.000","cfo/windows/poison_sync/syncstages_ff_reg[3]/C","cfo/windows/output_record_reg[82]/CE","1.821","4"
"clk500","0.076","2.000","cfo/windows/packed_windows/fifo/gnuram_async_fifo.xpm_fifo_base_inst/gen_sdpram.xpm_memory_base_inst/gen_wr_a.gen_word_narrow.mem_reg_bram_3/CLKBWRCLK","cfo/windows/packed_tail_reg[35]/D","1.859","0"
"clk500","0.076","2.000","sfo/residual_estimator/aux_service/u_xfft/U0/i_synth/xfft_inst/non_floating_point.arch_d.xfft_inst/has_bit_reverse.no_cp.muxed_reorder_write_addr_del_reg[4]/C","sfo/residual_estimator/aux_service/u_xfft/U0/i_synth/xfft_inst/non_floating_point.arch_d.xfft_inst/has_bit_reverse.dig_rev_mem/blk_ram.use_bram_only.mem/depth_14.need_extra_rams.extra_ram_loop[0].use_RAMB18.SDP_RAMB18_1x16384/ADDRARDADDR[4]","1.565","0"
"clk500","0.076","2.000","sfo/residual_estimator/aux_service/u_xfft/U0/i_synth/xfft_inst/non_floating_point.arch_d.xfft_inst/input_delay_im/no_sclr_lut.real_shift_ram.use_baseblock.use_hlutnm_srls.srl_loop[7].i_fdre1/C","sfo/residual_estimator/aux_service/u_xfft/U0/i_synth/xfft_inst/non_floating_point.arch_d.xfft_inst/pe_gen[3].natural_order_input.PE/bypass_muxes.din_im_mux_gen[15].reg/D","1.905","1"
"clk500","0.076","2.000","sfo/residual_estimator/aux_service/u_xfft/U0/i_synth/xfft_inst/non_floating_point.arch_d.xfft_inst/input_delay_im/no_sclr_lut.real_shift_ram.use_baseblock.use_hlutnm_srls.srl_loop[5].i_fdre1/C","sfo/residual_estimator/aux_service/u_xfft/U0/i_synth/xfft_inst/non_floating_point.arch_d.xfft_inst/pe_gen[5].natural_order_input.PE/bypass_muxes.din_im_mux_gen[11].reg/D","1.904","1"
"clk500","0.076","2.000","sfo/residual_estimator/aux_service/u_xfft/U0/i_synth/xfft_inst/non_floating_point.arch_d.xfft_inst/pe_gen[0].natural_order_input.PE/has_addr_gen.bf2_addr_gen/cnt/cnt_addsub/i_baseblox.i_baseblox_addsub/no_pipelining.the_addsub/i_lut6.i_lut6_addsub/i_q.i_simple.qreg/i_no_async_controls.output_reg[2]/C","sfo/residual_estimator/aux_service/u_xfft/U0/i_synth/xfft_inst/non_floating_point.arch_d.xfft_inst/pe_gen[0].natural_order_input.PE/FB_1.BF_1/MEM/blk_ram.use_bram_only.mem/depth_13_s6_depth_12.main_ram_loop[1].use_RAMB18.ram_2k_loop[3].SDP_RAMB18_9x2048/ADDRBWRADDR[4]","1.541","0"
"clk500","0.077","2.000","cfo/windows/packed_windows/fifo/gnuram_async_fifo.xpm_fifo_base_inst/gen_sdpram.xpm_memory_base_inst/gen_wr_a.gen_word_narrow.mem_reg_bram_7/CLKBWRCLK","cfo/windows/packed_tail_reg[56]/D","1.857","0"
"clk500","0.077","2.000","sfo/residual_estimator/aux_service/u_egress_fifo/gnuram_async_fifo.xpm_fifo_base_inst/xpm_fifo_rst_inst/gen_rst_ic.wr_rst_busy_ic_reg/C","sfo/residual_estimator/aux_service/u_egress_fifo/gnuram_async_fifo.xpm_fifo_base_inst/gen_sdpram.xpm_memory_base_inst/gen_wr_a.gen_word_narrow.mem_reg_bram_0/WEA[0]","1.503","3"
"clk500","0.077","2.000","sfo/residual_estimator/aux_service/u_xfft/U0/i_synth/xfft_inst/non_floating_point.arch_d.xfft_inst/has_bit_reverse.natural_order_address_muxing.muxed_reorder_read_addr_reg[9]/C","sfo/residual_estimator/aux_service/u_xfft/U0/i_synth/xfft_inst/non_floating_point.arch_d.xfft_inst/has_bit_reverse.dig_rev_mem/blk_ram.use_bram_only.mem/depth_14.main_ram_loop[1].use_RAMB18.ram_2k_loop[2].SDP_RAMB18_9x2048/ADDRBWRADDR[12]","1.630","0"
"clk500","0.078","2.000","cfo/observation_front/fft_core/state_reg[0]/C","cfo/observation_front/fft_core/bank0_reg_bram_0/DINADIN[7]","1.650","2"
"clk500","0.078","2.000","cfo/observation_front/fft_core/stage_index_reg[0]/C","cfo/observation_front/fft_core/next_output_reg[10]/CE","1.818","4"
"clk500","0.078","2.000","cfo/observation_front/fft_core/state_reg[0]/C","cfo/observation_front/fft_core/bank0_reg_bram_0/DINADIN[1]","1.604","2"
"clk500","0.078","2.000","cfo/windows/packed_windows/fifo/gnuram_async_fifo.xpm_fifo_base_inst/gen_sdpram.xpm_memory_base_inst/gen_wr_a.gen_word_narrow.mem_reg_bram_7/CLKBWRCLK","cfo/windows/packed_head_reg[51]/D","1.857","1"
"clk500","0.078","2.000","cfo/windows/poison_sync/syncstages_ff_reg[3]/C","cfo/windows/packed_head_reg[52]/D","1.905","5"
"clk500","0.079","2.000","cfo/windows/packed_windows/fifo/gnuram_async_fifo.xpm_fifo_base_inst/gen_sdpram.xpm_memory_base_inst/gen_wr_a.gen_word_narrow.mem_reg_bram_3/CLKBWRCLK","cfo/windows/packed_head_reg[35]/D","1.855","1"
"clk500","0.079","2.000","cfo/windows/poison_sync/syncstages_ff_reg[3]/C","cfo/windows/packed_tail_reg[115]/CE","1.819","4"
"clk500","0.079","2.000","cfo/windows/poison_sync/syncstages_ff_reg[3]/C","cfo/windows/packed_tail_reg[29]/CE","1.819","4"
"clk500","0.079","2.000","cfo/windows/poison_sync/syncstages_ff_reg[3]/C","cfo/windows/packed_tail_reg[61]/CE","1.819","4"
"clk500","0.079","2.000","cfo/windows/poison_sync/syncstages_ff_reg[3]/C","cfo/windows/packed_tail_reg[7]/CE","1.819","4"
"clk500","0.079","2.000","sfo/residual_estimator/aux_service/u_egress_fifo/gnuram_async_fifo.xpm_fifo_base_inst/xpm_fifo_rst_inst/gen_rst_ic.wr_rst_busy_ic_reg/C","sfo/residual_estimator/aux_service/u_egress_fifo/gnuram_async_fifo.xpm_fifo_base_inst/gen_sdpram.xpm_memory_base_inst/gen_wr_a.gen_word_narrow.mem_reg_bram_2/WEA[0]","1.501","3"
"clk500","0.079","2.000","sfo/residual_estimator/aux_service/u_xfft/U0/i_synth/xfft_inst/non_floating_point.arch_d.xfft_inst/pe_gen[0].natural_order_input.PE/FB_1.BF_1/wr_addr_del/no_sclr_lut.real_shift_ram.use_baseblock.use_hlutnm_srls.srl_loop[0].i_fdre1/C","sfo/residual_estimator/aux_service/u_xfft/U0/i_synth/xfft_inst/non_floating_point.arch_d.xfft_inst/pe_gen[0].natural_order_input.PE/FB_1.BF_1/MEM/blk_ram.use_bram_only.mem/depth_13_s6_depth_12.main_ram_loop[1].use_RAMB18.ram_2k_loop[3].SDP_RAMB18_9x2048/ADDRARDADDR[4]","1.561","0"
"clk500","0.079","2.000","sfo/residual_estimator/aux_service/u_xfft/U0/i_synth/xfft_inst/non_floating_point.arch_d.xfft_inst/has_bit_reverse.natural_order_address_muxing.muxed_reorder_read_addr_reg[0]/C","sfo/residual_estimator/aux_service/u_xfft/U0/i_synth/xfft_inst/non_floating_point.arch_d.xfft_inst/has_bit_reverse.dig_rev_mem/blk_ram.use_bram_only.mem/depth_14.need_extra_rams.extra_ram_loop[1].use_RAMB18.SDP_RAMB18_1x16384/ADDRBWRADDR[0]","1.569","0"
"clk500","0.080","2.000","sfo/initial_estimator/owner/fft/u_xfft/U0/i_synth/axi_wrapper/sclr_int_reg/C","sfo/initial_estimator/owner/fft/u_xfft/U0/i_synth/xfft_inst/non_floating_point.arch_d.xfft_inst/has_bit_reverse.DV_int_reg/D","1.901","1"
"clk500","0.080","2.000","cfo/windows/poison_sync/syncstages_ff_reg[3]/C","cfo/observation_front/fft_core/bank0_reg_bram_0/ADDRARDADDR[13]","1.622","2"
"clk500","0.080","2.000","cfo/windows/poison_sync/syncstages_ff_reg[3]/C","cfo/windows/packed_windows/fifo/gnuram_async_fifo.xpm_fifo_base_inst/rdp_inst/count_value_i_reg[11]/D","1.902","6"
"clk500","0.080","2.000","sfo/residual_estimator/aux_service/u_xfft/U0/i_synth/xfft_inst/non_floating_point.arch_d.xfft_inst/has_bit_reverse.no_cp.muxed_reorder_write_addr_del_reg[3]/C","sfo/residual_estimator/aux_service/u_xfft/U0/i_synth/xfft_inst/non_floating_point.arch_d.xfft_inst/has_bit_reverse.dig_rev_mem/blk_ram.use_bram_only.mem/depth_14.main_ram_loop[0].use_RAMB18.ram_2k_loop[4].SDP_RAMB18_9x2048/ADDRARDADDR[6]","1.631","0"
"clk500","0.080","2.000","sfo/residual_estimator/aux_service/u_xfft/U0/i_synth/xfft_inst/non_floating_point.arch_d.xfft_inst/pe_gen[0].natural_order_input.PE/FB_1.BF_1/wr_addr_del/no_sclr_lut.real_shift_ram.use_baseblock.use_hlutnm_srls.srl_loop[5].i_fdre0/C","sfo/residual_estimator/aux_service/u_xfft/U0/i_synth/xfft_inst/non_floating_point.arch_d.xfft_inst/pe_gen[0].natural_order_input.PE/FB_1.BF_1/MEM/blk_ram.use_bram_only.mem/depth_13_s6_depth_12.main_ram_loop[1].use_RAMB18.ram_2k_loop[1].SDP_RAMB18_9x2048/ADDRARDADDR[13]","1.609","0"
"clk500","0.081","2.000","cfo/observation_front/fft_core/next_output_reg[2]/C","cfo/observation_front/fft_core/bank1_reg_bram_0/ADDRBWRADDR[8]","1.588","4"
"clk500","0.081","2.000","sfo/residual_estimator/aux_service/u_xfft/U0/i_synth/xfft_inst/non_floating_point.arch_d.xfft_inst/pe_gen[0].natural_order_input.PE/delay_addr_tw/no_sclr_lut.real_shift_ram.use_baseblock.use_hlutnm_srls.srl_loop[5].i_fdre0/C","sfo/residual_estimator/aux_service/u_xfft/U0/i_synth/xfft_inst/non_floating_point.arch_d.xfft_inst/pe_gen[0].natural_order_input.PE/hasbf2.FB_2.BF_2/MEM/blk_ram.use_bram_only.mem/depth_12_s6_depth_11.main_ram_loop[3].use_RAMB18.ram_2k_loop[1].SDP_RAMB18_9x2048/ADDRBWRADDR[13]","1.565","0"
"clk500","0.081","2.000","cfo/windows/packed_windows/fifo/gnuram_async_fifo.xpm_fifo_base_inst/gen_sdpram.xpm_memory_base_inst/gen_wr_a.gen_word_narrow.mem_reg_bram_13/CLKBWRCLK","cfo/windows/packed_head_reg[114]/D","1.854","1"
"clk500","0.081","2.000","sfo/residual_estimator/aux_service/u_xfft/U0/i_synth/axi_wrapper/gen_has_nfft.nfft_expandedm1_reg[12]/C","sfo/residual_estimator/aux_service/u_xfft/U0/i_synth/axi_wrapper/current_state_reg[1]/D","1.901","3"
"clk500","0.081","2.000","sfo/residual_estimator/aux_service/u_xfft/U0/i_synth/xfft_inst/non_floating_point.arch_d.xfft_inst/has_bit_reverse.natural_order_address_muxing.muxed_reorder_read_addr_reg[0]/C","sfo/residual_estimator/aux_service/u_xfft/U0/i_synth/xfft_inst/non_floating_point.arch_d.xfft_inst/has_bit_reverse.dig_rev_mem/blk_ram.use_bram_only.mem/depth_14.need_extra_rams.extra_ram_loop[2].use_RAMB18.SDP_RAMB18_1x16384/ADDRBWRADDR[0]","1.567","0"
"clk500","0.082","2.000","cfo/windows/poison_sync/syncstages_ff_reg[3]/C","cfo/windows/packed_head_reg[10]/D","1.900","5"
"clk500","0.082","2.000","cfo/windows/poison_sync/syncstages_ff_reg[3]/C","cfo/windows/packed_head_reg[74]/D","1.901","5"
"clk500","0.083","2.000","cfo/windows/poison_sync/syncstages_ff_reg[3]/C","cfo/windows/packed_head_reg[59]/D","1.899","5"
"clk500","0.083","2.000","sfo/residual_estimator/aux_service/u_xfft/U0/i_synth/xfft_inst/non_floating_point.arch_d.xfft_inst/has_bit_reverse.natural_order_address_muxing.muxed_reorder_read_addr_reg[0]/C","sfo/residual_estimator/aux_service/u_xfft/U0/i_synth/xfft_inst/non_floating_point.arch_d.xfft_inst/has_bit_reverse.dig_rev_mem/blk_ram.use_bram_only.mem/depth_14.main_ram_loop[1].use_RAMB18.ram_2k_loop[3].SDP_RAMB18_9x2048/ADDRBWRADDR[3]","1.549","0"
"clk500","0.083","2.000","cfo/windows/poison_sync/syncstages_ff_reg[3]/C","cfo/windows/packed_head_reg[8]/D","1.900","5"
"clk500","0.083","2.000","sfo/residual_estimator/aux_service/u_xfft/U0/i_synth/xfft_inst/non_floating_point.arch_d.xfft_inst/has_bit_reverse.no_cp.muxed_reorder_write_addr_del_reg[8]/C","sfo/residual_estimator/aux_service/u_xfft/U0/i_synth/xfft_inst/non_floating_point.arch_d.xfft_inst/has_bit_reverse.dig_rev_mem/blk_ram.use_bram_only.mem/depth_14.main_ram_loop[2].use_RAMB18.ram_2k_loop[3].SDP_RAMB18_9x2048/ADDRARDADDR[11]","1.616","0"
"clk500","0.083","2.000","sfo/residual_estimator/front_stage/main/service/u_xfft/U0/i_synth/axi_wrapper/sclr_int_reg/C","sfo/residual_estimator/front_stage/main/service/u_xfft/U0/i_synth/xfft_inst/non_floating_point.arch_d.xfft_inst/has_bit_reverse.fixed_pt_size_muxed_addresses.read_addr_fixed_nfft_delay/need_sclr_lut.depth1_shift_ram.FF_gen[7].reg/D","1.900","1"
"clk500","0.084","2.000","cfo/windows/packed_windows/fifo/gnuram_async_fifo.xpm_fifo_base_inst/gen_sdpram.xpm_memory_base_inst/gen_wr_a.gen_word_narrow.mem_reg_bram_13/CLKBWRCLK","cfo/windows/packed_tail_reg[121]/D","1.851","0"
"clk500","0.084","2.000","sfo/residual_estimator/aux_service/u_xfft/U0/i_synth/xfft_inst/non_floating_point.arch_d.xfft_inst/FLOW/has_nfft.counter_limit_early_reg[7].max_n_int_minus_one_ff/C","sfo/residual_estimator/aux_service/u_xfft/U0/i_synth/xfft_inst/non_floating_point.arch_d.xfft_inst/pe_gen[0].natural_order_input.PE/has_addr_gen.tw_addr_gen/cnt/i_tc_compare_reg/D","1.899","2"
"clk500","0.084","2.000","sfo/residual_estimator/aux_service/u_xfft/U0/i_synth/xfft_inst/non_floating_point.arch_d.xfft_inst/pe_gen[0].natural_order_input.PE/has_addr_gen.bf2_addr_gen/cnt/cnt_addsub/i_baseblox.i_baseblox_addsub/no_pipelining.the_addsub/i_lut6.i_lut6_addsub/i_q.i_simple.qreg/i_no_async_controls.output_reg[2]/C","sfo/residual_estimator/aux_service/u_xfft/U0/i_synth/xfft_inst/non_floating_point.arch_d.xfft_inst/pe_gen[0].natural_order_input.PE/FB_1.BF_1/MEM/blk_ram.use_bram_only.mem/depth_13_s6_depth_12.main_ram_loop[0].use_RAMB18.ram_2k_loop[0].SDP_RAMB18_9x2048/ADDRBWRADDR[4]","1.533","0"
"clk500","0.085","2.000","sfo/residual_estimator/aux_service/u_xfft/U0/i_synth/xfft_inst/non_floating_point.arch_d.xfft_inst/FLOW/has_nfft.counter_limit_early_reg[7].max_n_int_minus_one_ff/C","sfo/residual_estimator/aux_service/u_xfft/U0/i_synth/xfft_inst/non_floating_point.arch_d.xfft_inst/has_bit_reverse.no_cyclic_prefix_xk_counter.DOUT_CNT_CTRL_1/cnt/i_tc_compare_reg/D","1.897","2"
"clk500","0.085","2.000","cfo/windows/poison_sync/syncstages_ff_reg[3]/C","cfo/windows/packed_head_reg[70]/D","1.897","5"
"clk500","0.085","2.000","sfo/residual_estimator/aux_service/u_xfft/U0/i_synth/xfft_inst/non_floating_point.arch_d.xfft_inst/pe_gen[0].natural_order_input.PE/has_addr_gen.bf2_addr_gen/cnt/cnt_addsub/i_baseblox.i_baseblox_addsub/no_pipelining.the_addsub/i_lut6.i_lut6_addsub/i_q.i_simple.qreg/i_no_async_controls.output_reg[9]/C","sfo/residual_estimator/aux_service/u_xfft/U0/i_synth/xfft_inst/non_floating_point.arch_d.xfft_inst/pe_gen[0].natural_order_input.PE/FB_1.BF_1/MEM/blk_ram.use_bram_only.mem/depth_13_s6_depth_12.main_ram_loop[2].use_RAMB18.ram_2k_loop[0].SDP_RAMB18_9x2048/ADDRBWRADDR[11]","1.606","0"
"clk500","0.086","2.000","cfo/observation_front/fft_core/state_reg[0]/C","cfo/observation_front/fft_core/bank0_reg_bram_1/DINADIN[3]","1.644","2"
"clk500","0.086","2.000","sfo/residual_estimator/aux_service/u_xfft/U0/i_synth/xfft_inst/non_floating_point.arch_d.xfft_inst/has_bit_reverse.natural_order_address_muxing.muxed_reorder_read_addr_reg[1]/C","sfo/residual_estimator/aux_service/u_xfft/U0/i_synth/xfft_inst/non_floating_point.arch_d.xfft_inst/has_bit_reverse.dig_rev_mem/blk_ram.use_bram_only.mem/depth_14.need_extra_rams.extra_ram_loop[1].use_RAMB18.SDP_RAMB18_1x16384/ADDRBWRADDR[1]","1.561","0"
"clk500","0.086","2.000","sfo/residual_estimator/aux_service/u_xfft/U0/i_synth/xfft_inst/non_floating_point.arch_d.xfft_inst/has_bit_reverse.no_cp.muxed_reorder_write_addr_del_reg[6]/C","sfo/residual_estimator/aux_service/u_xfft/U0/i_synth/xfft_inst/non_floating_point.arch_d.xfft_inst/has_bit_reverse.dig_rev_mem/blk_ram.use_bram_only.mem/depth_14.need_extra_rams.extra_ram_loop[3].use_RAMB18.SDP_RAMB18_1x16384/ADDRARDADDR[6]","1.623","0"
"clk500","0.086","2.000","sfo/residual_estimator/front_stage/main/service/u_xfft/U0/i_synth/xfft_inst/non_floating_point.arch_d.xfft_inst/pe_gen[0].natural_order_input.PE/has_TW_mult.TW/MUX0/four_inputs.use_lut6.no_lut_sclr.four_to_one_mux[5].latency1.reg/C","sfo/residual_estimator/front_stage/main/service/u_xfft/U0/i_synth/xfft_inst/non_floating_point.arch_d.xfft_inst/pe_gen[0].natural_order_input.PE/has_TW_mult.TW/twiddle_generator/tw1.twgen1/cos_addr_2s_comp/use_output_reg.D_OUT_reg[6]/D","1.895","1"
"clk500","0.087","2.000","sfo/residual_estimator/aux_service/u_xfft/U0/i_synth/xfft_inst/non_floating_point.arch_d.xfft_inst/pe_gen[0].natural_order_input.PE/FB_1.BF_1/wr_addr_del/no_sclr_lut.real_shift_ram.use_baseblock.use_hlutnm_srls.srl_loop[5].i_fdre0/C","sfo/residual_estimator/aux_service/u_xfft/U0/i_synth/xfft_inst/non_floating_point.arch_d.xfft_inst/pe_gen[0].natural_order_input.PE/FB_1.BF_1/MEM/blk_ram.use_bram_only.mem/depth_13_s6_depth_12.main_ram_loop[2].use_RAMB18.ram_2k_loop[2].SDP_RAMB18_9x2048/ADDRARDADDR[13]","1.619","0"
"clk500","0.087","2.000","cfo/windows/packed_windows/fifo/gnuram_async_fifo.xpm_fifo_base_inst/gen_sdpram.xpm_memory_base_inst/gen_wr_a.gen_word_narrow.mem_reg_bram_7/CLKBWRCLK","cfo/windows/packed_tail_reg[66]/D","1.848","0"
"clk500","0.087","2.000","sfo/residual_estimator/aux_service/u_xfft/U0/i_synth/xfft_inst/non_floating_point.arch_d.xfft_inst/has_bit_reverse.no_cp.muxed_reorder_write_addr_del_reg[1]/C","sfo/residual_estimator/aux_service/u_xfft/U0/i_synth/xfft_inst/non_floating_point.arch_d.xfft_inst/has_bit_reverse.dig_rev_mem/blk_ram.use_bram_only.mem/depth_14.need_extra_rams.extra_ram_loop[4].use_RAMB18.SDP_RAMB18_1x16384/ADDRARDADDR[1]","1.559","0"
"clk500","0.087","2.000","cfo/windows/poison_sync/syncstages_ff_reg[3]/C","cfo/windows/packed_head_reg[36]/D","1.895","5"
"clk500","0.088","2.000","sfo/residual_estimator/aux_service/u_xfft/U0/i_synth/xfft_inst/non_floating_point.arch_d.xfft_inst/has_bit_reverse.no_cp.muxed_reorder_write_addr_del_reg[12]/C","sfo/residual_estimator/aux_service/u_xfft/U0/i_synth/xfft_inst/non_floating_point.arch_d.xfft_inst/has_bit_reverse.dig_rev_mem/blk_ram.use_bram_only.mem/depth_14.main_ram_loop[2].use_RAMB18.ram_2k_loop[1].SDP_RAMB18_9x2048/WEA[0]","1.493","1"
"clk500","0.088","2.000","cfo/windows/poison_sync/syncstages_ff_reg[3]/C","cfo/windows/packed_head_reg[105]/D","1.895","5"
"clk500","0.088","2.000","cfo/windows/poison_sync/syncstages_ff_reg[3]/C","cfo/windows/packed_head_reg[64]/D","1.894","5"
"clk500","0.088","2.000","cfo/windows/poison_sync/syncstages_ff_reg[3]/C","cfo/windows/packed_head_reg[91]/D","1.894","5"
"clk500","0.088","2.000","cfo/windows/packed_windows/fifo/gnuram_async_fifo.xpm_fifo_base_inst/gen_sdpram.xpm_memory_base_inst/gen_wr_a.gen_word_narrow.mem_reg_bram_7/CLKBWRCLK","cfo/windows/packed_tail_reg[67]/D","1.847","0"
"clk500","0.088","2.000","sfo/residual_estimator/front_stage/main/service/u_xfft/U0/i_synth/xfft_inst/non_floating_point.arch_d.xfft_inst/has_bit_reverse.natural_order_address_muxing.muxed_reorder_read_addr_reg[2]/C","sfo/residual_estimator/front_stage/main/service/u_xfft/U0/i_synth/xfft_inst/non_floating_point.arch_d.xfft_inst/has_bit_reverse.dig_rev_mem/blk_ram.use_bram_only.mem/depth_11.ram_loop[2].use_RAMB18.SDP_RAMB18_9x2048/ADDRBWRADDR[5]","1.601","0"
"clk500","0.089","2.000","cfo/windows/poison_sync/syncstages_ff_reg[3]/C","cfo/windows/packed_tail_reg[49]/CE","1.808","4"
"clk500","0.089","2.000","cfo/windows/poison_sync/syncstages_ff_reg[3]/C","cfo/windows/packed_tail_reg[56]/CE","1.808","4"
"clk500","0.089","2.000","cfo/windows/poison_sync/syncstages_ff_reg[3]/C","cfo/windows/packed_tail_reg[71]/CE","1.808","4"
"clk500","0.089","2.000","cfo/windows/poison_sync/syncstages_ff_reg[3]/C","cfo/windows/packed_tail_reg[81]/CE","1.808","4"
"clk500","0.089","2.000","sfo/residual_estimator/aux_service/u_xfft/U0/i_synth/xfft_inst/non_floating_point.arch_d.xfft_inst/input_delay_re/no_sclr_lut.real_shift_ram.use_baseblock.use_hlutnm_srls.srl_loop[3].i_fdre0/C","sfo/residual_estimator/aux_service/u_xfft/U0/i_synth/xfft_inst/non_floating_point.arch_d.xfft_inst/pe_gen[2].natural_order_input.PE/bypass_muxes.din_re_mux_gen[6].reg/D","1.891","1"
"clk500","0.089","2.000","sfo/residual_estimator/aux_service/u_xfft/U0/i_synth/xfft_inst/non_floating_point.arch_d.xfft_inst/has_bit_reverse.natural_order_address_muxing.muxed_reorder_read_addr_reg[0]/C","sfo/residual_estimator/aux_service/u_xfft/U0/i_synth/xfft_inst/non_floating_point.arch_d.xfft_inst/has_bit_reverse.dig_rev_mem/blk_ram.use_bram_only.mem/depth_14.need_extra_rams.extra_ram_loop[0].use_RAMB18.SDP_RAMB18_1x16384/ADDRBWRADDR[0]","1.559","0"
"clk500","0.090","2.000","sfo/residual_estimator/aux_service/u_xfft/U0/i_synth/xfft_inst/non_floating_point.arch_d.xfft_inst/FLOW/has_nfft.counter_limit_reg[5].max_n_int_minus_one_ff/C","sfo/residual_estimator/aux_service/u_xfft/U0/i_synth/xfft_inst/non_floating_point.arch_d.xfft_inst/pe_gen[4].natural_order_input.PE/overflow.OVFLO_CNT/no_early_reg.I_TC_reg/D","1.892","2"
"clk500","0.090","2.000","sfo/residual_estimator/aux_service/u_xfft/U0/i_synth/axi_wrapper/sclr_int_reg/C","sfo/residual_estimator/aux_service/u_xfft/U0/i_synth/xfft_inst/non_floating_point.arch_d.xfft_inst/FLOW/has_scale_sch_buffer.scale_sch_out_i_reg[1]/S","1.793","0"
"clk500","0.091","2.000","cfo/observation_front/fft_core/stage_index_reg[0]/C","cfo/observation_front/fft_core/pf0_valid_reg/CE","1.804","3"
"clk500","0.091","2.000","cfo/observation_front/fft_core/stage_index_reg[0]/C","cfo/observation_front/fft_core/pf1_valid_reg/CE","1.804","3"
"clk500","0.091","2.000","cfo/windows/poison_sync/syncstages_ff_reg[3]/C","cfo/windows/packed_windows/fifo/gnuram_async_fifo.xpm_fifo_base_inst/rdpp1_inst/count_value_i_reg[4]/D","1.891","5"
"clk500","0.091","2.000","sfo/residual_estimator/aux_service/u_xfft/U0/i_synth/xfft_inst/non_floating_point.arch_d.xfft_inst/has_bit_reverse.no_cp.muxed_reorder_write_addr_del_reg[9]/C","sfo/residual_estimator/aux_service/u_xfft/U0/i_synth/xfft_inst/non_floating_point.arch_d.xfft_inst/has_bit_reverse.dig_rev_mem/blk_ram.use_bram_only.mem/depth_14.main_ram_loop[2].use_RAMB18.ram_2k_loop[6].SDP_RAMB18_9x2048/ADDRARDADDR[12]","1.630","0"
"clk500","0.091","2.000","cfo/observation_front/fft_core/offset_in_group_reg[3]/C","cfo/observation_front/fft_core/bank1_reg_bram_1/ADDRBWRADDR[8]","1.600","4"
"clk500","0.091","2.000","cfo/windows/poison_sync/syncstages_ff_reg[3]/C","cfo/windows/packed_tail_reg[100]/CE","1.806","4"
"clk500","0.091","2.000","cfo/windows/poison_sync/syncstages_ff_reg[3]/C","cfo/windows/packed_tail_reg[18]/CE","1.806","4"
"clk500","0.091","2.000","cfo/windows/poison_sync/syncstages_ff_reg[3]/C","cfo/windows/packed_tail_reg[45]/CE","1.806","4"
"clk500","0.091","2.000","cfo/windows/poison_sync/syncstages_ff_reg[3]/C","cfo/windows/packed_tail_reg[51]/CE","1.806","4"
"clk500","0.091","2.000","cfo/windows/poison_sync/syncstages_ff_reg[3]/C","cfo/windows/packed_tail_reg[55]/CE","1.806","4"
"clk500","0.091","2.000","cfo/windows/poison_sync/syncstages_ff_reg[3]/C","cfo/windows/packed_tail_reg[57]/CE","1.806","4"
"clk500","0.091","2.000","cfo/windows/poison_sync/syncstages_ff_reg[3]/C","cfo/windows/packed_tail_reg[77]/CE","1.806","4"
"clk500","0.091","2.000","sfo/residual_estimator/aux_service/u_xfft/U0/i_synth/xfft_inst/non_floating_point.arch_d.xfft_inst/has_bit_reverse.no_cp.muxed_reorder_write_addr_del_reg[1]/C","sfo/residual_estimator/aux_service/u_xfft/U0/i_synth/xfft_inst/non_floating_point.arch_d.xfft_inst/has_bit_reverse.dig_rev_mem/blk_ram.use_bram_only.mem/depth_14.main_ram_loop[1].use_RAMB18.ram_2k_loop[6].SDP_RAMB18_9x2048/ADDRARDADDR[4]","1.533","0"
"clk500","0.092","2.000","sfo/residual_estimator/aux_service/u_xfft/U0/i_synth/xfft_inst/non_floating_point.arch_d.xfft_inst/input_delay_re/no_sclr_lut.real_shift_ram.use_baseblock.use_hlutnm_srls.srl_loop[5].i_fdre1/C","sfo/residual_estimator/aux_service/u_xfft/U0/i_synth/xfft_inst/non_floating_point.arch_d.xfft_inst/pe_gen[4].natural_order_input.PE/bypass_muxes.din_re_mux_gen[11].reg/D","1.888","1"
"clk500","0.092","2.000","cfo/windows/poison_sync/syncstages_ff_reg[3]/C","cfo/windows/packed_windows/fifo/gnuram_async_fifo.xpm_fifo_base_inst/rdp_inst/count_value_i_reg[9]/D","1.890","6"
"clk500","0.092","2.000","sfo/residual_estimator/aux_service/u_xfft/U0/i_synth/xfft_inst/non_floating_point.arch_d.xfft_inst/has_bit_reverse.natural_order_address_muxing.muxed_reorder_read_addr_reg[11]/C","sfo/residual_estimator/aux_service/u_xfft/U0/i_synth/xfft_inst/non_floating_point.arch_d.xfft_inst/has_bit_reverse.dig_rev_mem/blk_ram.use_bram_only.mem/depth_14.need_extra_rams.extra_ram_loop[3].use_RAMB18.SDP_RAMB18_1x16384/ADDRBWRADDR[11]","1.601","0"
"clk500","0.092","2.000","sfo/residual_estimator/aux_service/u_xfft/U0/i_synth/xfft_inst/non_floating_point.arch_d.xfft_inst/timing_cnts_has_nfft.run_time_sel_reg[5]/C","sfo/residual_estimator/aux_service/u_xfft/U0/i_synth/xfft_inst/non_floating_point.arch_d.xfft_inst/pe_gen[4].natural_order_input.PE/bypass_muxes.din_re_mux_gen[0].reg/D","1.891","1"
"clk500","0.092","2.000","cfo/windows/poison_sync/syncstages_ff_reg[3]/C","cfo/windows/packed_tail_reg[126]/CE","1.806","4"
"clk500","0.092","2.000","cfo/windows/poison_sync/syncstages_ff_reg[3]/C","cfo/windows/packed_tail_reg[13]/CE","1.806","4"
"clk500","0.092","2.000","cfo/windows/poison_sync/syncstages_ff_reg[3]/C","cfo/windows/packed_tail_reg[50]/CE","1.806","4"
"clk500","0.092","2.000","cfo/windows/poison_sync/syncstages_ff_reg[3]/C","cfo/windows/packed_tail_reg[82]/CE","1.806","4"
"clk500","0.092","2.000","sfo/residual_estimator/aux_service/u_egress_fifo/gnuram_async_fifo.xpm_fifo_base_inst/xpm_fifo_rst_inst/gen_rst_ic.wr_rst_busy_ic_reg/C","sfo/residual_estimator/aux_service/u_egress_fifo/gnuram_async_fifo.xpm_fifo_base_inst/wrpp2_inst/count_value_i_reg[10]/D","1.889","6"
"clk500","0.092","2.000","sfo/residual_estimator/aux_service/u_xfft/U0/i_synth/axi_wrapper/gen_has_nfft.nfft_we_int_reg/C","sfo/residual_estimator/aux_service/u_xfft/U0/i_synth/xfft_inst/non_floating_point.arch_d.xfft_inst/has_bit_reverse.var_pt_size_muxed_addresses.left_shifter/delay_output/no_sclr_lut.real_shift_ram.use_baseblock.use_hlutnm_srls.srl_loop[2].i_fdre0/R","1.790","1"
"clk500","0.092","2.000","sfo/residual_estimator/aux_service/u_xfft/U0/i_synth/axi_wrapper/gen_has_nfft.nfft_we_int_reg/C","sfo/residual_estimator/aux_service/u_xfft/U0/i_synth/xfft_inst/non_floating_point.arch_d.xfft_inst/has_bit_reverse.var_pt_size_muxed_addresses.left_shifter/delay_output/no_sclr_lut.real_shift_ram.use_baseblock.use_hlutnm_srls.srl_loop[2].i_fdre1/R","1.790","1"
"clk500","0.092","2.000","sfo/residual_estimator/aux_service/u_xfft/U0/i_synth/axi_wrapper/gen_has_nfft.nfft_we_int_reg/C","sfo/residual_estimator/aux_service/u_xfft/U0/i_synth/xfft_inst/non_floating_point.arch_d.xfft_inst/has_bit_reverse.var_pt_size_muxed_addresses.left_shifter/delay_output/no_sclr_lut.real_shift_ram.use_baseblock.use_hlutnm_srls.srl_loop[3].i_fdre0/R","1.790","1"
"clk500","0.092","2.000","sfo/residual_estimator/aux_service/u_xfft/U0/i_synth/axi_wrapper/gen_has_nfft.nfft_we_int_reg/C","sfo/residual_estimator/aux_service/u_xfft/U0/i_synth/xfft_inst/non_floating_point.arch_d.xfft_inst/has_bit_reverse.var_pt_size_muxed_addresses.left_shifter/delay_output/no_sclr_lut.real_shift_ram.use_baseblock.use_hlutnm_srls.srl_loop[3].i_fdre1/R","1.790","1"
"clk500","0.093","2.000","cfo/observation_front/fft_core/offset_in_group_reg[3]/C","cfo/observation_front/fft_core/bank1_reg_bram_0/ADDRBWRADDR[6]","1.596","4"
"clk500","0.093","2.000","sfo/residual_estimator/aux_service/u_xfft/U0/i_synth/xfft_inst/non_floating_point.arch_d.xfft_inst/has_bit_reverse.natural_order_address_muxing.muxed_reorder_read_addr_reg[0]/C","sfo/residual_estimator/aux_service/u_xfft/U0/i_synth/xfft_inst/non_floating_point.arch_d.xfft_inst/has_bit_reverse.dig_rev_mem/blk_ram.use_bram_only.mem/depth_14.need_extra_rams.extra_ram_loop[3].use_RAMB18.SDP_RAMB18_1x16384/ADDRBWRADDR[0]","1.535","0"
"clk500","0.094","2.000","cfo/observation_front/fft_core/state_reg[0]/C","cfo/observation_front/fft_core/bank0_reg_bram_1/DINADIN[8]","1.615","2"
"clk500","0.094","2.000","cfo/observation_front/fft_core/stage_index_reg[0]/C","cfo/observation_front/fft_core/output_valid_reg/CE","1.801","3"
"clk500","0.094","2.000","cfo/observation_front/fft_core/state_reg[0]/C","cfo/observation_front/fft_core/tag_reg[5][row_b][5]/CE","1.803","1"
"clk500","0.094","2.000","cfo/observation_front/fft_core/state_reg[1]/C","cfo/observation_front/fft_core/tag_reg[8][row_a][0]/CE","1.803","1"
"clk500","0.094","2.000","cfo/observation_front/fft_core/state_reg[1]/C","cfo/observation_front/fft_core/tag_reg[8][row_a][1]/CE","1.803","1"
"clk500","0.094","2.000","cfo/observation_front/fft_core/state_reg[1]/C","cfo/observation_front/fft_core/tag_reg[8][row_a][7]/CE","1.803","1"
"clk500","0.094","2.000","cfo/observation_front/fft_core/state_reg[1]/C","cfo/observation_front/fft_core/tag_reg[8][row_b][3]/CE","1.803","1"
"clk500","0.094","2.000","cfo/windows/packed_windows/fifo/gnuram_async_fifo.xpm_fifo_base_inst/gen_sdpram.xpm_memory_base_inst/gen_wr_a.gen_word_narrow.mem_reg_bram_7/CLKBWRCLK","cfo/windows/packed_head_reg[45]/D","1.840","1"
"clk500","0.094","2.000","cfo/observation_front/state_reg[0]/C","cfo/observation_front/fft_core/bank1_reg_bram_1/ADDRBWRADDR[10]","1.602","5"
"clk500","0.094","2.000","sfo/residual_estimator/aux_service/u_xfft/U0/i_synth/xfft_inst/non_floating_point.arch_d.xfft_inst/pe_gen[0].natural_order_input.PE/has_addr_gen.bf2_addr_gen/cnt/cnt_addsub/i_baseblox.i_baseblox_addsub/no_pipelining.the_addsub/i_lut6.i_lut6_addsub/i_q.i_simple.qreg/i_no_async_controls.output_reg[3]/C","sfo/residual_estimator/aux_service/u_xfft/U0/i_synth/xfft_inst/non_floating_point.arch_d.xfft_inst/pe_gen[0].natural_order_input.PE/FB_1.BF_1/MEM/blk_ram.use_bram_only.mem/depth_13_s6_depth_12.need_extra_rams.extra_ram_loop[2].use_RAMB18.SDP_RAMB18_2x8192/ADDRBWRADDR[3]","1.538","0"
"clk500","0.094","2.000","cfo/windows/packed_windows/fifo/gnuram_async_fifo.xpm_fifo_base_inst/gen_sdpram.xpm_memory_base_inst/gen_wr_a.gen_word_narrow.mem_reg_bram_3/CLKBWRCLK","cfo/windows/packed_tail_reg[23]/D","1.841","0"
"clk500","0.095","2.000","sfo/initial_estimator/owner/fft/u_egress_fifo/gnuram_async_fifo.xpm_fifo_base_inst/gen_pf_ic_rc.ngen_full_rst_val.ram_full_i_reg/C","sfo/initial_estimator/owner/fft/u_egress_fifo/gnuram_async_fifo.xpm_fifo_base_inst/gen_sdpram.xpm_memory_base_inst/gen_wr_a.gen_word_narrow.mem_reg_bram_1/ENBWREN","1.540","2"
"clk500","0.095","2.000","sfo/residual_estimator/aux_service/u_xfft/U0/i_synth/xfft_inst/non_floating_point.arch_d.xfft_inst/has_bit_reverse.natural_order_address_muxing.muxed_reorder_read_addr_reg[0]/C","sfo/residual_estimator/aux_service/u_xfft/U0/i_synth/xfft_inst/non_floating_point.arch_d.xfft_inst/has_bit_reverse.dig_rev_mem/blk_ram.use_bram_only.mem/depth_14.need_extra_rams.extra_ram_loop[4].use_RAMB18.SDP_RAMB18_1x16384/ADDRBWRADDR[0]","1.533","0"
"clk500","0.095","2.000","cfo/windows/poison_sync/syncstages_ff_reg[3]/C","cfo/windows/packed_head_reg[120]/D","1.888","5"
"clk500","0.095","2.000","cfo/windows/poison_sync/syncstages_ff_reg[3]/C","cfo/windows/packed_head_reg[18]/D","1.888","5"
"clk500","0.095","2.000","cfo/windows/poison_sync/syncstages_ff_reg[3]/C","cfo/windows/packed_windows/fifo/gnuram_async_fifo.xpm_fifo_base_inst/rdp_inst/count_value_i_reg[8]/D","1.887","5"
"clk500","0.095","2.000","cfo/windows/poison_sync/syncstages_ff_reg[3]/C","cfo/windows/packed_windows/fifo/gnuram_async_fifo.xpm_fifo_base_inst/rdpp1_inst/count_value_i_reg[2]/D","1.887","5"
"clk500","0.095","2.000","cfo/windows/poison_sync/syncstages_ff_reg[3]/C","cfo/windows/packed_windows/fifo/gnuram_async_fifo.xpm_fifo_base_inst/rdpp1_inst/count_value_i_reg[3]/D","1.887","5"
"clk500","0.095","2.000","sfo/initial_estimator/owner/fft/u_egress_fifo/gnuram_async_fifo.xpm_fifo_base_inst/gen_pf_ic_rc.ngen_full_rst_val.ram_full_i_reg/C","sfo/initial_estimator/owner/fft/u_egress_fifo/gnuram_async_fifo.xpm_fifo_base_inst/wrp_inst/count_value_i_reg[8]/D","1.887","4"
"clk500","0.095","2.000","sfo/residual_estimator/aux_service/u_xfft/U0/i_synth/xfft_inst/non_floating_point.arch_d.xfft_inst/has_bit_reverse.natural_order_address_muxing.muxed_reorder_read_addr_reg[6]/C","sfo/residual_estimator/aux_service/u_xfft/U0/i_synth/xfft_inst/non_floating_point.arch_d.xfft_inst/has_bit_reverse.dig_rev_mem/blk_ram.use_bram_only.mem/depth_14.main_ram_loop[1].use_RAMB18.ram_2k_loop[5].SDP_RAMB18_9x2048/ADDRBWRADDR[9]","1.571","0"
"clk500","0.096","2.000","sfo/residual_estimator/aux_service/u_xfft/U0/i_synth/xfft_inst/non_floating_point.arch_d.xfft_inst/has_bit_reverse.natural_order_address_muxing.muxed_reorder_read_addr_reg[9]/C","sfo/residual_estimator/aux_service/u_xfft/U0/i_synth/xfft_inst/non_floating_point.arch_d.xfft_inst/has_bit_reverse.dig_rev_mem/blk_ram.use_bram_only.mem/depth_14.main_ram_loop[1].use_RAMB18.ram_2k_loop[4].SDP_RAMB18_9x2048/ADDRBWRADDR[12]","1.589","0"
"clk500","0.097","2.000","cfo/windows/poison_sync/syncstages_ff_reg[3]/C","cfo/observation_front/fft_core/bank0_reg_bram_0/DINADIN[10]","1.631","2"
"clk500","0.097","2.000","cfo/windows/poison_sync/syncstages_ff_reg[3]/C","cfo/windows/packed_head_reg[32]/D","1.886","5"
"clk500","0.098","2.000","sfo/initial_estimator/owner/fft/u_xfft/U0/i_synth/axi_wrapper/sclr_int_reg/C","sfo/initial_estimator/owner/fft/u_xfft/U0/i_synth/xfft_inst/non_floating_point.arch_d.xfft_inst/has_bit_reverse.fixed_pt_size_muxed_addresses.read_addr_fixed_nfft_delay/need_sclr_lut.depth1_shift_ram.FF_gen[8].reg/D","1.883","1"
"clk500","0.098","2.000","sfo/residual_estimator/aux_service/u_xfft/U0/i_synth/xfft_inst/non_floating_point.arch_d.xfft_inst/has_bit_reverse.no_cp.muxed_reorder_write_addr_del_reg[8]/C","sfo/residual_estimator/aux_service/u_xfft/U0/i_synth/xfft_inst/non_floating_point.arch_d.xfft_inst/has_bit_reverse.dig_rev_mem/blk_ram.use_bram_only.mem/depth_14.need_extra_rams.extra_ram_loop[2].use_RAMB18.SDP_RAMB18_1x16384/ADDRARDADDR[8]","1.611","0"
"clk500","0.098","2.000","sfo/residual_estimator/front_stage/main/service/u_xfft/U0/i_synth/axi_wrapper/data_in_channel_fifo/gen_real_time.full_reg/C","sfo/residual_estimator/front_stage/main/service/u_ingress_fifo/gnuram_async_fifo.xpm_fifo_base_inst/gen_sdpram.xpm_memory_base_inst/gen_wr_a.gen_word_wide.mem_reg_bram_1/REGCEAREGCE","1.644","3"
"clk500","0.098","2.000","sfo/initial_estimator/owner/fft/u_egress_fifo/gnuram_async_fifo.xpm_fifo_base_inst/gen_pf_ic_rc.ngen_full_rst_val.ram_full_i_reg/C","sfo/initial_estimator/owner/fft/u_egress_fifo/gnuram_async_fifo.xpm_fifo_base_inst/gen_sdpram.xpm_memory_base_inst/gen_wr_a.gen_word_narrow.mem_reg_bram_1/WEBWE[1]","1.485","2"
"clk500","0.098","2.000","sfo/residual_estimator/aux_service/u_xfft/U0/i_synth/xfft_inst/non_floating_point.arch_d.xfft_inst/has_bit_reverse.natural_order_address_muxing.muxed_reorder_read_addr_reg[9]/C","sfo/residual_estimator/aux_service/u_xfft/U0/i_synth/xfft_inst/non_floating_point.arch_d.xfft_inst/has_bit_reverse.dig_rev_mem/blk_ram.use_bram_only.mem/depth_14.main_ram_loop[1].use_RAMB18.ram_2k_loop[3].SDP_RAMB18_9x2048/ADDRBWRADDR[12]","1.587","0"
"clk500","0.098","2.000","cfo/observation_front/fft_core/state_reg[1]/C","cfo/observation_front/fft_core/tag_reg[8][row_a][6]/CE","1.800","1"
"clk500","0.098","2.000","cfo/observation_front/fft_core/state_reg[1]/C","cfo/observation_front/fft_core/tag_reg[8][row_b][7]/CE","1.800","1"
"clk500","0.098","2.000","cfo/observation_front/fft_core/state_reg[1]/C","cfo/observation_front/fft_core/tag_reg[8][row_b][9]/CE","1.800","1"
"clk500","0.098","2.000","cfo/windows/poison_sync/syncstages_ff_reg[3]/C","cfo/windows/packed_head_reg[88]/D","1.884","5"
"clk500","0.098","2.000","cfo/windows/packed_windows/fifo/gnuram_async_fifo.xpm_fifo_base_inst/gen_sdpram.xpm_memory_base_inst/gen_wr_a.gen_word_narrow.mem_reg_bram_7/CLKBWRCLK","cfo/windows/packed_tail_reg[49]/D","1.836","0"
"clk500","0.098","2.000","sfo/residual_estimator/aux_service/u_xfft/U0/i_synth/xfft_inst/non_floating_point.arch_d.xfft_inst/FLOW/load_enable_reg/C","sfo/residual_estimator/aux_service/u_ingress_fifo/gnuram_async_fifo.xpm_fifo_base_inst/gen_fwft.rdpp1_inst/count_value_i_reg[0]/D","1.885","4"
"clk500","0.099","2.000","cfo/windows/poison_sync/syncstages_ff_reg[3]/C","cfo/windows/packed_head_reg[126]/D","1.884","5"
"clk500","0.099","2.000","cfo/windows/poison_sync/syncstages_ff_reg[3]/C","cfo/windows/packed_windows/fifo/gnuram_async_fifo.xpm_fifo_base_inst/gen_sdpram.xpm_memory_base_inst/gen_wr_a.gen_word_narrow.mem_reg_bram_14/REGCEB","1.646","3"
"clk500","0.099","2.000","cfo/windows/poison_sync/syncstages_ff_reg[3]/C","cfo/windows/packed_windows/fifo/gnuram_async_fifo.xpm_fifo_base_inst/rdp_inst/count_value_i_reg[6]/D","1.883","5"
"clk500","0.099","2.000","sfo/initial_estimator/owner/fft/u_egress_fifo/gnuram_async_fifo.xpm_fifo_base_inst/gen_pf_ic_rc.ngen_full_rst_val.ram_full_i_reg/C","sfo/initial_estimator/owner/fft/u_egress_fifo/gnuram_async_fifo.xpm_fifo_base_inst/wrp_inst/count_value_i_reg[6]/D","1.883","4"
"clk500","0.100","2.000","sfo/residual_estimator/aux_service/u_egress_fifo/gnuram_async_fifo.xpm_fifo_base_inst/xpm_fifo_rst_inst/gen_rst_ic.wr_rst_busy_ic_reg/C","sfo/residual_estimator/aux_service/u_egress_fifo/gnuram_async_fifo.xpm_fifo_base_inst/gen_sdpram.xpm_memory_base_inst/gen_wr_a.gen_word_narrow.mem_reg_bram_0/ENARDEN","1.532","3"
"clk500","0.100","2.000","sfo/residual_estimator/aux_service/u_xfft/U0/i_synth/xfft_inst/non_floating_point.arch_d.xfft_inst/has_bit_reverse.no_cp.muxed_reorder_write_addr_del_reg[1]/C","sfo/residual_estimator/aux_service/u_xfft/U0/i_synth/xfft_inst/non_floating_point.arch_d.xfft_inst/has_bit_reverse.dig_rev_mem/blk_ram.use_bram_only.mem/depth_14.need_extra_rams.extra_ram_loop[2].use_RAMB18.SDP_RAMB18_1x16384/ADDRARDADDR[1]","1.553","0"
"clk500","0.100","2.000","sfo/residual_estimator/aux_service/u_egress_fifo/gnuram_async_fifo.xpm_fifo_base_inst/xpm_fifo_rst_inst/gen_rst_ic.wr_rst_busy_ic_reg/C","sfo/residual_estimator/aux_service/u_egress_fifo/gnuram_async_fifo.xpm_fifo_base_inst/wrpp2_inst/count_value_i_reg[11]/D","1.881","6"
"clk500","0.100","2.000","sfo/residual_estimator/aux_service/u_xfft/U0/i_synth/xfft_inst/non_floating_point.arch_d.xfft_inst/has_bit_reverse.natural_order_address_muxing.muxed_reorder_read_addr_reg[4]/C","sfo/residual_estimator/aux_service/u_xfft/U0/i_synth/xfft_inst/non_floating_point.arch_d.xfft_inst/has_bit_reverse.dig_rev_mem/blk_ram.use_bram_only.mem/depth_14.main_ram_loop[1].use_RAMB18.ram_2k_loop[5].SDP_RAMB18_9x2048/ADDRBWRADDR[7]","1.571","0"
"clk500","0.100","2.000","sfo/residual_estimator/aux_service/u_xfft/U0/i_synth/xfft_inst/non_floating_point.arch_d.xfft_inst/has_bit_reverse.no_cp.muxed_reorder_write_addr_del_reg[9]/C","sfo/residual_estimator/aux_service/u_xfft/U0/i_synth/xfft_inst/non_floating_point.arch_d.xfft_inst/has_bit_reverse.dig_rev_mem/blk_ram.use_bram_only.mem/depth_14.main_ram_loop[2].use_RAMB18.ram_2k_loop[4].SDP_RAMB18_9x2048/ADDRARDADDR[12]","1.604","0"
"clk500","0.100","2.000","sfo/initial_estimator/owner/fft/u_xfft/U0/i_synth/axi_wrapper/sclr_int_reg/C","sfo/initial_estimator/owner/fft/u_xfft/U0/i_synth/xfft_inst/non_floating_point.arch_d.xfft_inst/FLOW/reset_sustain.delay_reset_3/count_addsub_reg[0].addsub_reg/R","1.783","0"
"clk500","0.100","2.000","sfo/initial_estimator/owner/fft/u_xfft/U0/i_synth/axi_wrapper/sclr_int_reg/C","sfo/initial_estimator/owner/fft/u_xfft/U0/i_synth/xfft_inst/non_floating_point.arch_d.xfft_inst/FLOW/reset_sustain.delay_reset_3/count_addsub_reg[1].addsub_reg/R","1.783","0"
"clk500","0.101","2.000","cfo/windows/poison_sync/syncstages_ff_reg[3]/C","cfo/observation_front/fft_core/m_frame_reg[26]/CE","1.796","3"
"clk500","0.101","2.000","cfo/windows/poison_sync/syncstages_ff_reg[3]/C","cfo/observation_front/fft_core/m_frame_reg[27]/CE","1.796","3"
"clk500","0.101","2.000","sfo/residual_estimator/aux_service/u_xfft/U0/i_synth/xfft_inst/non_floating_point.arch_d.xfft_inst/FLOW/has_nfft._nfft_value.NFFT_int_tmp_reg[0]/C","sfo/residual_estimator/aux_service/u_xfft/U0/i_synth/xfft_inst/non_floating_point.arch_d.xfft_inst/pe_gen[3].natural_order_input.PE/has_addr_gen.bf2_addr_gen/output_cnt.reg_next_start/D","1.882","2"
"clk500","0.101","2.000","sfo/residual_estimator/aux_service/u_xfft/U0/i_synth/xfft_inst/non_floating_point.arch_d.xfft_inst/has_bit_reverse.no_cp.muxed_reorder_write_addr_del_reg[5]/C","sfo/residual_estimator/aux_service/u_xfft/U0/i_synth/xfft_inst/non_floating_point.arch_d.xfft_inst/has_bit_reverse.dig_rev_mem/blk_ram.use_bram_only.mem/depth_14.main_ram_loop[0].use_RAMB18.ram_2k_loop[4].SDP_RAMB18_9x2048/ADDRARDADDR[8]","1.598","0"
"clk500","0.101","2.000","sfo/residual_estimator/aux_service/u_xfft/U0/i_synth/xfft_inst/non_floating_point.arch_d.xfft_inst/has_bit_reverse.no_cp.muxed_reorder_write_addr_del_reg[9]/C","sfo/residual_estimator/aux_service/u_xfft/U0/i_synth/xfft_inst/non_floating_point.arch_d.xfft_inst/has_bit_reverse.dig_rev_mem/blk_ram.use_bram_only.mem/depth_14.need_extra_rams.extra_ram_loop[4].use_RAMB18.SDP_RAMB18_1x16384/ADDRARDADDR[9]","1.601","0"
"clk500","0.101","2.000","cfo/windows/poison_sync/syncstages_ff_reg[3]/C","cfo/windows/output_record_reg[131]/CE","1.797","4"
"clk500","0.101","2.000","cfo/windows/poison_sync/syncstages_ff_reg[3]/C","cfo/windows/output_record_reg[59]/CE","1.797","4"
"clk500","0.101","2.000","cfo/windows/poison_sync/syncstages_ff_reg[3]/C","cfo/windows/output_record_reg[60]/CE","1.797","4"
"clk500","0.101","2.000","cfo/windows/poison_sync/syncstages_ff_reg[3]/C","cfo/windows/output_record_reg[77]/CE","1.797","4"
"clk500","0.102","2.000","cfo/windows/poison_sync/syncstages_ff_reg[3]/C","cfo/windows/packed_tail_reg[101]/CE","1.795","4"
"clk500","0.102","2.000","cfo/windows/poison_sync/syncstages_ff_reg[3]/C","cfo/windows/packed_tail_reg[120]/CE","1.795","4"
"clk500","0.102","2.000","cfo/windows/poison_sync/syncstages_ff_reg[3]/C","cfo/windows/packed_tail_reg[37]/CE","1.795","4"
"clk500","0.102","2.000","cfo/windows/poison_sync/syncstages_ff_reg[3]/C","cfo/windows/packed_tail_reg[5]/CE","1.795","4"
"clk500","0.102","2.000","sfo/residual_estimator/aux_service/u_xfft/U0/i_synth/xfft_inst/non_floating_point.arch_d.xfft_inst/has_bit_reverse.no_cp.muxed_reorder_write_addr_del_reg[12]/C","sfo/residual_estimator/aux_service/u_xfft/U0/i_synth/xfft_inst/non_floating_point.arch_d.xfft_inst/has_bit_reverse.dig_rev_mem/blk_ram.use_bram_only.mem/depth_14.need_extra_rams.extra_ram_loop[1].use_RAMB18.SDP_RAMB18_1x16384/ADDRARDADDR[12]","1.618","0"
"clk500","0.102","2.000","sfo/residual_estimator/aux_service/u_xfft/U0/i_synth/xfft_inst/non_floating_point.arch_d.xfft_inst/pe_gen[0].natural_order_input.PE/has_addr_gen.bf2_addr_gen/cnt/cnt_addsub/i_baseblox.i_baseblox_addsub/no_pipelining.the_addsub/i_lut6.i_lut6_addsub/i_q.i_simple.qreg/i_no_async_controls.output_reg[1]/C","sfo/residual_estimator/aux_service/u_xfft/U0/i_synth/xfft_inst/non_floating_point.arch_d.xfft_inst/pe_gen[0].natural_order_input.PE/FB_1.BF_1/MEM/blk_ram.use_bram_only.mem/depth_13_s6_depth_12.main_ram_loop[0].use_RAMB18.ram_2k_loop[3].SDP_RAMB18_9x2048/ADDRBWRADDR[3]","1.530","0"
"clk500","0.103","2.000","sfo/initial_estimator/owner/fft/u_xfft/U0/i_synth/axi_wrapper/sclr_int_reg/C","sfo/initial_estimator/owner/fft/u_xfft/U0/i_synth/xfft_inst/non_floating_point.arch_d.xfft_inst/has_bit_reverse.delay_DV/need_sclr_lut.real_shift_ram.FF_gen[0].reg/D","1.878","1"
"clk500","0.103","2.000","sfo/residual_estimator/aux_service/u_xfft/U0/i_synth/xfft_inst/non_floating_point.arch_d.xfft_inst/timing_cnts_has_nfft.run_time_sel_reg[5]/C","sfo/residual_estimator/aux_service/u_xfft/U0/i_synth/xfft_inst/non_floating_point.arch_d.xfft_inst/pe_gen[4].natural_order_input.PE/bypass_muxes.din_im_mux_gen[13].reg/D","1.880","1"
"clk500","0.103","2.000","sfo/residual_estimator/aux_service/u_xfft/U0/i_synth/xfft_inst/non_floating_point.arch_d.xfft_inst/FLOW/has_nfft.counter_limit_early_reg[2].max_n_int_minus_one_ff/C","sfo/residual_estimator/aux_service/u_xfft/U0/i_synth/xfft_inst/non_floating_point.arch_d.xfft_inst/pe_gen[4].natural_order_input.PE/has_addr_gen.bf2_addr_gen/cnt/i_tc_compare_reg/D","1.879","2"
"clk500","0.103","2.000","cfo/windows/poison_sync/syncstages_ff_reg[3]/C","cfo/windows/packed_head_reg[93]/D","1.880","5"
"clk500","0.103","2.000","sfo/residual_estimator/aux_service/u_xfft/U0/i_synth/xfft_inst/non_floating_point.arch_d.xfft_inst/has_bit_reverse.no_cp.muxed_reorder_write_addr_del_reg[8]/C","sfo/residual_estimator/aux_service/u_xfft/U0/i_synth/xfft_inst/non_floating_point.arch_d.xfft_inst/has_bit_reverse.dig_rev_mem/blk_ram.use_bram_only.mem/depth_14.need_extra_rams.extra_ram_loop[3].use_RAMB18.SDP_RAMB18_1x16384/ADDRARDADDR[8]","1.598","0"
"clk500","0.104","2.000","cfo/windows/poison_sync/syncstages_ff_reg[3]/C","cfo/windows/packed_head_reg[89]/D","1.879","5"
"clk500","0.104","2.000","cfo/windows/poison_sync/syncstages_ff_reg[3]/C","cfo/windows/packed_windows/fifo/gnuram_async_fifo.xpm_fifo_base_inst/gen_sdpram.xpm_memory_base_inst/gen_wr_a.gen_word_narrow.mem_reg_bram_11/ENBWREN","1.531","3"
"clk500","0.104","2.000","sfo/initial_estimator/owner/fft/u_xfft/U0/i_synth/axi_wrapper/sclr_int_reg/C","sfo/initial_estimator/owner/fft/u_xfft/U0/i_synth/xfft_inst/non_floating_point.arch_d.xfft_inst/has_bit_reverse.DV_reg/D","1.877","1"
"clk500","0.104","2.000","sfo/residual_estimator/aux_service/u_xfft/U0/i_synth/xfft_inst/non_floating_point.arch_d.xfft_inst/has_bit_reverse.natural_order_address_muxing.muxed_reorder_read_addr_reg[2]/C","sfo/residual_estimator/aux_service/u_xfft/U0/i_synth/xfft_inst/non_floating_point.arch_d.xfft_inst/has_bit_reverse.dig_rev_mem/blk_ram.use_bram_only.mem/depth_14.main_ram_loop[1].use_RAMB18.ram_2k_loop[3].SDP_RAMB18_9x2048/ADDRBWRADDR[5]","1.585","0"
"clk500","0.104","2.000","sfo/residual_estimator/front_stage/main/service/u_xfft/U0/i_synth/axi_wrapper/sclr_int_reg/C","sfo/residual_estimator/front_stage/main/service/u_xfft/U0/i_synth/xfft_inst/non_floating_point.arch_d.xfft_inst/DOUT_CNT_CTRL_0/cnt/i_tc_reg/R","1.779","0"
"clk500","0.104","2.000","cfo/observation_front/fft_core/offset_in_group_reg[3]/C","cfo/observation_front/fft_core/bank1_reg_bram_1/ADDRBWRADDR[12]","1.604","4"
"clk500","0.104","2.000","cfo/windows/poison_sync/syncstages_ff_reg[3]/C","cfo/windows/packed_head_reg[101]/D","1.879","5"
"clk500","0.104","2.000","cfo/windows/packed_windows/fifo/gnuram_async_fifo.xpm_fifo_base_inst/gen_sdpram.xpm_memory_base_inst/gen_wr_a.gen_word_narrow.mem_reg_bram_7/CLKBWRCLK","cfo/windows/packed_head_reg[47]/D","1.831","1"
"clk500","0.105","2.000","cfo/windows/poison_sync/syncstages_ff_reg[3]/C","cfo/windows/packed_head_reg[66]/D","1.877","5"
"clk500","0.105","2.000","cfo/windows/poison_sync/syncstages_ff_reg[3]/C","cfo/windows/packed_head_reg[90]/D","1.877","5"
"clk500","0.105","2.000","cfo/windows/packed_windows/fifo/gnuram_async_fifo.xpm_fifo_base_inst/gen_sdpram.xpm_memory_base_inst/gen_wr_a.gen_word_narrow.mem_reg_bram_3/CLKBWRCLK","cfo/windows/packed_tail_reg[17]/D","1.830","0"
"clk500","0.105","2.000","sfo/residual_estimator/aux_service/u_xfft/U0/i_synth/xfft_inst/non_floating_point.arch_d.xfft_inst/has_bit_reverse.no_cp.muxed_reorder_write_addr_del_reg[12]/C","sfo/residual_estimator/aux_service/u_xfft/U0/i_synth/xfft_inst/non_floating_point.arch_d.xfft_inst/has_bit_reverse.dig_rev_mem/blk_ram.use_bram_only.mem/depth_14.need_extra_rams.extra_ram_loop[4].use_RAMB18.SDP_RAMB18_1x16384/ADDRARDADDR[12]","1.598","0"
"clk500","0.105","2.000","sfo/residual_estimator/aux_service/u_xfft/U0/i_synth/xfft_inst/non_floating_point.arch_d.xfft_inst/pe_gen[0].natural_order_input.PE/has_addr_gen.bf2_addr_gen/cnt/cnt_addsub/i_baseblox.i_baseblox_addsub/no_pipelining.the_addsub/i_lut6.i_lut6_addsub/i_q.i_simple.qreg/i_no_async_controls.output_reg[8]/C","sfo/residual_estimator/aux_service/u_xfft/U0/i_synth/xfft_inst/non_floating_point.arch_d.xfft_inst/pe_gen[0].natural_order_input.PE/FB_1.BF_1/MEM/blk_ram.use_bram_only.mem/depth_13_s6_depth_12.main_ram_loop[2].use_RAMB18.ram_2k_loop[3].SDP_RAMB18_9x2048/ADDRBWRADDR[10]","1.567","0"
"clk500","0.105","2.000","sfo/residual_estimator/aux_service/u_xfft/U0/i_synth/xfft_inst/non_floating_point.arch_d.xfft_inst/FLOW/has_nfft.counter_limit_early_reg[10].max_n_int_minus_one_ff/C","sfo/residual_estimator/aux_service/u_xfft/U0/i_synth/xfft_inst/non_floating_point.arch_d.xfft_inst/pe_gen[0].natural_order_input.PE/has_addr_gen.bf2_addr_gen/cnt/i_tc_compare_reg/D","1.877","2"
"clk500","0.106","2.000","cfo/windows/poison_sync/syncstages_ff_reg[3]/C","cfo/windows/packed_tail_reg[1]/CE","1.791","4"
"clk500","0.106","2.000","cfo/windows/poison_sync/syncstages_ff_reg[3]/C","cfo/windows/packed_tail_reg[21]/CE","1.791","4"
"clk500","0.106","2.000","cfo/windows/poison_sync/syncstages_ff_reg[3]/C","cfo/windows/packed_tail_reg[72]/CE","1.791","4"
"clk500","0.106","2.000","cfo/windows/poison_sync/syncstages_ff_reg[3]/C","cfo/windows/packed_tail_reg[80]/CE","1.791","4"
"clk500","0.106","2.000","cfo/observation_front/fft_core/offset_in_group_reg[3]/C","cfo/observation_front/fft_core/bank1_reg_bram_0/ADDRBWRADDR[7]","1.585","4"
"clk500","0.106","2.000","sfo/residual_estimator/aux_service/u_xfft/U0/i_synth/axi_wrapper/gen_has_nfft.nfft_we_int_reg/C","sfo/residual_estimator/aux_service/u_xfft/U0/i_synth/xfft_inst/non_floating_point.arch_d.xfft_inst/has_bit_reverse.var_pt_size_muxed_addresses.left_shifter/r14.shifter/use_mux16.use_lut6.sixteen_to_one_mux[11].use_output_reg_and_pipe_reg.reg0/R","1.775","1"
"clk500","0.107","2.000","sfo/residual_estimator/aux_service/u_xfft/U0/i_synth/xfft_inst/non_floating_point.arch_d.xfft_inst/has_bit_reverse.no_cp.muxed_reorder_write_addr_del_reg[4]/C","sfo/residual_estimator/aux_service/u_xfft/U0/i_synth/xfft_inst/non_floating_point.arch_d.xfft_inst/has_bit_reverse.dig_rev_mem/blk_ram.use_bram_only.mem/depth_14.main_ram_loop[2].use_RAMB18.ram_2k_loop[6].SDP_RAMB18_9x2048/ADDRARDADDR[7]","1.590","0"
"clk500","0.107","2.000","sfo/residual_estimator/aux_service/u_xfft/U0/i_synth/xfft_inst/non_floating_point.arch_d.xfft_inst/has_bit_reverse.no_cp.muxed_reorder_write_addr_del_reg[6]/C","sfo/residual_estimator/aux_service/u_xfft/U0/i_synth/xfft_inst/non_floating_point.arch_d.xfft_inst/has_bit_reverse.dig_rev_mem/blk_ram.use_bram_only.mem/depth_14.need_extra_rams.extra_ram_loop[2].use_RAMB18.SDP_RAMB18_1x16384/ADDRARDADDR[6]","1.607","0"
"clk500","0.107","2.000","cfo/windows/packed_windows/fifo/gnuram_async_fifo.xpm_fifo_base_inst/gen_sdpram.xpm_memory_base_inst/gen_wr_a.gen_word_narrow.mem_reg_bram_3/CLKBWRCLK","cfo/windows/packed_tail_reg[30]/D","1.828","0"
"clk500","0.107","2.000","sfo/residual_estimator/aux_service/u_xfft/U0/i_synth/xfft_inst/non_floating_point.arch_d.xfft_inst/input_delay_im/no_sclr_lut.real_shift_ram.use_baseblock.use_hlutnm_srls.srl_loop[1].i_fdre1/C","sfo/residual_estimator/aux_service/u_xfft/U0/i_synth/xfft_inst/non_floating_point.arch_d.xfft_inst/pe_gen[3].natural_order_input.PE/bypass_muxes.din_im_mux_gen[3].reg/D","1.873","1"
"clk500","0.107","2.000","sfo/residual_estimator/front_stage/main/service/u_xfft/U0/i_synth/xfft_inst/non_floating_point.arch_d.xfft_inst/pe_gen[0].natural_order_input.PE/has_TW_mult.MULT/i_cmpy/three_mult_structure.use_dsp.i_dsp48/mult3_preadder_d_minus_a.mult3/mult/use_prim.appDSP48[0].bppDSP48[0].use_dsp.use_dsp48e2.iDSP48E2/DSP_OUTPUT_INST/CLK","sfo/residual_estimator/front_stage/main/service/u_xfft/U0/i_synth/xfft_inst/non_floating_point.arch_d.xfft_inst/pe_gen[0].natural_order_input.PE/scaling2bits.scaler_im/scale_mux/four_inputs.use_lut6.no_lut_sclr.four_to_one_mux[12].latency1.reg/D","1.843","1"
"clk500","0.107","2.000","sfo/residual_estimator/aux_service/u_xfft/U0/i_synth/xfft_inst/non_floating_point.arch_d.xfft_inst/has_bit_reverse.natural_order_address_muxing.muxed_reorder_read_addr_reg[7]/C","sfo/residual_estimator/aux_service/u_xfft/U0/i_synth/xfft_inst/non_floating_point.arch_d.xfft_inst/has_bit_reverse.dig_rev_mem/blk_ram.use_bram_only.mem/depth_14.main_ram_loop[1].use_RAMB18.ram_2k_loop[5].SDP_RAMB18_9x2048/ADDRBWRADDR[10]","1.565","0"
"clk500","0.107","2.000","sfo/residual_estimator/aux_service/u_xfft/U0/i_synth/axi_wrapper/gen_has_nfft.nfft_we_int_reg/C","sfo/residual_estimator/aux_service/u_xfft/U0/i_synth/xfft_inst/non_floating_point.arch_d.xfft_inst/has_bit_reverse.no_cyclic_prefix_xk_counter.DOUT_CNT_CTRL_1/cnt_valid_reg/R","1.774","1"
"clk500","0.107","2.000","sfo/residual_estimator/aux_service/u_xfft/U0/i_synth/axi_wrapper/gen_has_nfft.nfft_we_int_reg/C","sfo/residual_estimator/aux_service/u_xfft/U0/i_synth/xfft_inst/non_floating_point.arch_d.xfft_inst/has_bit_reverse.var_pt_size_muxed_addresses.left_shifter/r14.shifter/use_mux16.use_lut6.sixteen_to_one_mux[3].use_output_reg_and_pipe_reg.reg0/R","1.774","1"
"clk500","0.107","2.000","sfo/residual_estimator/aux_service/u_xfft/U0/i_synth/xfft_inst/non_floating_point.arch_d.xfft_inst/input_delay_im/no_sclr_lut.real_shift_ram.use_baseblock.use_hlutnm_srls.srl_loop[1].i_fdre0/C","sfo/residual_estimator/aux_service/u_xfft/U0/i_synth/xfft_inst/non_floating_point.arch_d.xfft_inst/pe_gen[4].natural_order_input.PE/bypass_muxes.din_im_mux_gen[2].reg/D","1.874","1"
"clk500","0.108","2.000","cfo/observation_front/m_frame_reg[9]/C","cfo/estimator/expected_window_reg[3]/CE","1.789","6"
"clk500","0.108","2.000","cfo/observation_front/m_frame_reg[9]/C","cfo/estimator/expected_window_reg[4]/CE","1.789","6"
"clk500","0.108","2.000","cfo/observation_front/m_frame_reg[9]/C","cfo/estimator/expected_window_reg[5]/CE","1.789","6"
"clk500","0.108","2.000","cfo/observation_front/m_frame_reg[9]/C","cfo/estimator/expected_window_reg[6]/CE","1.789","6"
"clk500","0.108","2.000","cfo/windows/poison_sync/syncstages_ff_reg[3]/C","cfo/observation_front/fft_core/bank0_reg_bram_1/DINADIN[12]","1.610","2"
"clk500","0.108","2.000","sfo/residual_estimator/aux_service/u_xfft/U0/i_synth/xfft_inst/non_floating_point.arch_d.xfft_inst/has_bit_reverse.no_cp.muxed_reorder_write_addr_del_reg[4]/C","sfo/residual_estimator/aux_service/u_xfft/U0/i_synth/xfft_inst/non_floating_point.arch_d.xfft_inst/has_bit_reverse.dig_rev_mem/blk_ram.use_bram_only.mem/depth_14.main_ram_loop[1].use_RAMB18.ram_2k_loop[6].SDP_RAMB18_9x2048/ADDRARDADDR[7]","1.586","0"
"clk500","0.108","2.000","cfo/windows/poison_sync/syncstages_ff_reg[3]/C","cfo/windows/packed_head_reg[20]/D","1.875","5"
"clk500","0.108","2.000","cfo/windows/packed_windows/fifo/gnuram_async_fifo.xpm_fifo_base_inst/gen_sdpram.xpm_memory_base_inst/gen_wr_a.gen_word_narrow.mem_reg_bram_13/CLKBWRCLK","cfo/windows/packed_tail_reg[119]/D","1.827","0"
"clk500","0.108","2.000","sfo/residual_estimator/aux_service/u_xfft/U0/i_synth/axi_wrapper/reset_pipe_reg[1]/C","sfo/residual_estimator/aux_service/u_xfft/U0/i_synth/axi_wrapper/data_out_channel/gen_real_time.data_out_reg[0]/CE","1.789","1"
"clk500","0.108","2.000","sfo/residual_estimator/aux_service/u_xfft/U0/i_synth/xfft_inst/non_floating_point.arch_d.xfft_inst/has_bit_reverse.natural_order_address_muxing.muxed_reorder_read_addr_reg[1]/C","sfo/residual_estimator/aux_service/u_xfft/U0/i_synth/xfft_inst/non_floating_point.arch_d.xfft_inst/has_bit_reverse.dig_rev_mem/blk_ram.use_bram_only.mem/depth_14.main_ram_loop[1].use_RAMB18.ram_2k_loop[1].SDP_RAMB18_9x2048/ADDRBWRADDR[4]","1.505","0"
"clk500","0.108","2.000","sfo/residual_estimator/aux_service/u_xfft/U0/i_synth/xfft_inst/non_floating_point.arch_d.xfft_inst/has_bit_reverse.no_cp.muxed_reorder_write_addr_del_reg[12]/C","sfo/residual_estimator/aux_service/u_xfft/U0/i_synth/xfft_inst/non_floating_point.arch_d.xfft_inst/has_bit_reverse.dig_rev_mem/blk_ram.use_bram_only.mem/depth_14.main_ram_loop[1].use_RAMB18.ram_2k_loop[4].SDP_RAMB18_9x2048/WEA[0]","1.475","1"
"clk500","0.108","2.000","sfo/residual_estimator/aux_service/u_xfft/U0/i_synth/xfft_inst/non_floating_point.arch_d.xfft_inst/pe_gen[0].natural_order_input.PE/has_addr_gen.bf2_addr_gen/cnt/cnt_addsub/i_baseblox.i_baseblox_addsub/no_pipelining.the_addsub/i_lut6.i_lut6_addsub/i_q.i_simple.qreg/i_no_async_controls.output_reg[4]/C","sfo/residual_estimator/aux_service/u_xfft/U0/i_synth/xfft_inst/non_floating_point.arch_d.xfft_inst/pe_gen[0].natural_order_input.PE/FB_1.BF_1/MEM/blk_ram.use_bram_only.mem/depth_13_s6_depth_12.main_ram_loop[0].use_RAMB18.ram_2k_loop[0].SDP_RAMB18_9x2048/ADDRBWRADDR[6]","1.601","0"
"clk500","0.108","2.000","sfo/residual_estimator/front_stage/main/service/u_xfft/U0/i_synth/xfft_inst/non_floating_point.arch_d.xfft_inst/pe_gen[0].natural_order_input.PE/has_TW_mult.TW/MUX0/four_inputs.use_lut6.no_lut_sclr.four_to_one_mux[5].latency1.reg/C","sfo/residual_estimator/front_stage/main/service/u_xfft/U0/i_synth/xfft_inst/non_floating_point.arch_d.xfft_inst/pe_gen[0].natural_order_input.PE/has_TW_mult.TW/twiddle_generator/tw1.twgen1/cos_addr_2s_comp/use_output_reg.D_OUT_reg[7]/D","1.873","1"
"clk500","0.109","2.000","cfo/windows/poison_sync/syncstages_ff_reg[3]/C","cfo/windows/packed_head_reg[48]/D","1.874","5"
"clk500","0.109","2.000","sfo/residual_estimator/aux_service/u_xfft/U0/i_synth/axi_wrapper/data_in_channel_fifo/gen_real_time.full_reg/C","sfo/residual_estimator/aux_service/u_xfft/U0/i_synth/axi_wrapper/current_nfft_reg[1]/CE","1.788","1"
"clk500","0.109","2.000","sfo/residual_estimator/aux_service/u_xfft/U0/i_synth/axi_wrapper/data_in_channel_fifo/gen_real_time.full_reg/C","sfo/residual_estimator/aux_service/u_xfft/U0/i_synth/axi_wrapper/current_nfft_reg[2]/CE","1.788","1"
"clk500","0.109","2.000","sfo/residual_estimator/aux_service/u_xfft/U0/i_synth/xfft_inst/non_floating_point.arch_d.xfft_inst/timing_cnts_has_nfft.run_time_sel_reg[5]/C","sfo/residual_estimator/aux_service/u_xfft/U0/i_synth/xfft_inst/non_floating_point.arch_d.xfft_inst/pe_gen[4].natural_order_input.PE/bypass_muxes.din_im_mux_gen[15].reg/D","1.874","1"
"clk500","0.109","2.000","cfo/windows/packed_windows/fifo/gnuram_async_fifo.xpm_fifo_base_inst/rdp_inst/count_value_i_reg[1]/C","cfo/windows/packed_windows/fifo/gnuram_async_fifo.xpm_fifo_base_inst/gen_sdpram.xpm_memory_base_inst/gen_wr_a.gen_word_narrow.mem_reg_bram_11/ADDRBWRADDR[6]","1.581","0"
"clk500","0.109","2.000","sfo/residual_estimator/aux_service/u_xfft/U0/i_synth/xfft_inst/non_floating_point.arch_d.xfft_inst/has_bit_reverse.no_cp.muxed_reorder_write_addr_del_reg[3]/C","sfo/residual_estimator/aux_service/u_xfft/U0/i_synth/xfft_inst/non_floating_point.arch_d.xfft_inst/has_bit_reverse.dig_rev_mem/blk_ram.use_bram_only.mem/depth_14.main_ram_loop[1].use_RAMB18.ram_2k_loop[6].SDP_RAMB18_9x2048/ADDRARDADDR[6]","1.602","0"
"clk500","0.110","2.000","sfo/residual_estimator/aux_service/u_xfft/U0/i_synth/xfft_inst/non_floating_point.arch_d.xfft_inst/has_bit_reverse.no_cp.muxed_reorder_write_addr_del_reg[8]/C","sfo/residual_estimator/aux_service/u_xfft/U0/i_synth/xfft_inst/non_floating_point.arch_d.xfft_inst/has_bit_reverse.dig_rev_mem/blk_ram.use_bram_only.mem/depth_14.main_ram_loop[0].use_RAMB18.ram_2k_loop[6].SDP_RAMB18_9x2048/ADDRARDADDR[11]","1.603","0"
"clk500","0.110","2.000","cfo/observation_front/fft_core/state_reg[0]/C","cfo/observation_front/fft_core/bank0_reg_bram_0/DINADIN[11]","1.615","2"
"clk500","0.110","2.000","cfo/observation_front/fft_core/state_reg[0]/C","cfo/observation_front/fft_core/bank0_reg_bram_1/DINADIN[0]","1.574","2"
"clk500","0.110","2.000","cfo/windows/poison_sync/syncstages_ff_reg[3]/C","cfo/windows/packed_head_reg[95]/D","1.873","5"
"clk500","0.110","2.000","cfo/windows/poison_sync/syncstages_ff_reg[3]/C","cfo/windows/packed_head_reg[97]/D","1.872","5"
"clk500","0.110","2.000","cfo/windows/poison_sync/syncstages_ff_reg[3]/C","cfo/windows/packed_windows/fifo/gnuram_async_fifo.xpm_fifo_base_inst/rdp_inst/count_value_i_reg[7]/D","1.872","5"
"clk500","0.110","2.000","sfo/initial_estimator/owner/fft/u_egress_fifo/gnuram_async_fifo.xpm_fifo_base_inst/gen_pf_ic_rc.ngen_full_rst_val.ram_full_i_reg/C","sfo/initial_estimator/owner/fft/u_egress_fifo/gnuram_async_fifo.xpm_fifo_base_inst/gen_sdpram.xpm_memory_base_inst/gen_wr_a.gen_word_narrow.mem_reg_bram_1/WEBWE[0]","1.473","2"
"clk500","0.110","2.000","sfo/initial_estimator/owner/fft/u_egress_fifo/gnuram_async_fifo.xpm_fifo_base_inst/gen_pf_ic_rc.ngen_full_rst_val.ram_full_i_reg/C","sfo/initial_estimator/owner/fft/u_egress_fifo/gnuram_async_fifo.xpm_fifo_base_inst/wrp_inst/count_value_i_reg[7]/D","1.872","4"
"clk500","0.110","2.000","sfo/residual_estimator/aux_service/u_xfft/U0/i_synth/axi_wrapper/reset_pipe_reg[1]/C","sfo/residual_estimator/aux_service/u_xfft/U0/i_synth/axi_wrapper/blk_event_tlast_unexpected.event_tlast_unexpected_reg/D","1.872","1"
"clk500","0.110","2.000","sfo/residual_estimator/front_stage/main/service/u_xfft/U0/i_synth/xfft_inst/non_floating_point.arch_d.xfft_inst/pe_gen[0].natural_order_input.PE/has_TW_mult.TW/MUX0/four_inputs.use_lut6.no_lut_sclr.four_to_one_mux[3].latency1.reg/C","sfo/residual_estimator/front_stage/main/service/u_xfft/U0/i_synth/xfft_inst/non_floating_point.arch_d.xfft_inst/pe_gen[0].natural_order_input.PE/has_TW_mult.TW/twiddle_generator/tw1.twgen1/pos_addr_reg_reg[3]/D","1.870","0"
"clk500","0.111","2.000","cfo/windows/poison_sync/syncstages_ff_reg[3]/C","cfo/windows/sample_index_reg[3]/CE","1.786","4"
"clk500","0.111","2.000","cfo/windows/poison_sync/syncstages_ff_reg[3]/C","cfo/windows/sample_index_reg[4]/CE","1.786","4"
"clk500","0.111","2.000","sfo/residual_estimator/aux_service/u_xfft/U0/i_synth/xfft_inst/non_floating_point.arch_d.xfft_inst/pe_gen[0].natural_order_input.PE/has_addr_gen.bf2_addr_gen/cnt/cnt_addsub/i_baseblox.i_baseblox_addsub/no_pipelining.the_addsub/i_lut6.i_lut6_addsub/i_q.i_simple.qreg/i_no_async_controls.output_reg[9]/C","sfo/residual_estimator/aux_service/u_xfft/U0/i_synth/xfft_inst/non_floating_point.arch_d.xfft_inst/pe_gen[0].natural_order_input.PE/FB_1.BF_1/MEM/blk_ram.use_bram_only.mem/depth_13_s6_depth_12.main_ram_loop[1].use_RAMB18.ram_2k_loop[1].SDP_RAMB18_9x2048/ADDRBWRADDR[11]","1.580","0"
"clk500","0.112","2.000","cfo/windows/poison_sync/syncstages_ff_reg[3]/C","cfo/windows/packed_windows/fifo/gnuram_async_fifo.xpm_fifo_base_inst/gen_sdpram.xpm_memory_base_inst/gen_wr_a.gen_word_narrow.mem_reg_bram_11/REGCEB","1.632","3"
"clk500","0.112","2.000","cfo/windows/packed_windows/fifo/gnuram_async_fifo.xpm_fifo_base_inst/gen_sdpram.xpm_memory_base_inst/gen_wr_a.gen_word_narrow.mem_reg_bram_7/CLKBWRCLK","cfo/windows/packed_tail_reg[40]/D","1.823","0"
"clk500","0.112","2.000","sfo/residual_estimator/front_stage/main/service/u_xfft/U0/i_synth/xfft_inst/non_floating_point.arch_d.xfft_inst/has_bit_reverse.natural_order_address_muxing.muxed_reorder_read_addr_reg[2]/C","sfo/residual_estimator/front_stage/main/service/u_xfft/U0/i_synth/xfft_inst/non_floating_point.arch_d.xfft_inst/has_bit_reverse.dig_rev_mem/blk_ram.use_bram_only.mem/depth_11.ram_loop[3].use_RAMB18.SDP_RAMB18_9x2048/ADDRBWRADDR[5]","1.592","0"
"clk500","0.112","2.000","sfo/residual_estimator/aux_service/u_xfft/U0/i_synth/axi_wrapper/gen_has_nfft.nfft_we_int_reg/C","sfo/residual_estimator/aux_service/u_xfft/U0/i_synth/xfft_inst/non_floating_point.arch_d.xfft_inst/FLOW/reset_sustain.resets_4_pes[0].delay_reset_pe/count_addsub_reg[0].addsub_reg/R","1.769","1"
"clk500","0.112","2.000","sfo/residual_estimator/aux_service/u_xfft/U0/i_synth/axi_wrapper/gen_has_nfft.nfft_we_int_reg/C","sfo/residual_estimator/aux_service/u_xfft/U0/i_synth/xfft_inst/non_floating_point.arch_d.xfft_inst/FLOW/reset_sustain.resets_4_pes[0].delay_reset_pe/count_addsub_reg[1].addsub_reg/R","1.769","1"
"clk500","0.112","2.000","sfo/residual_estimator/aux_service/u_xfft/U0/i_synth/axi_wrapper/gen_has_nfft.nfft_we_int_reg/C","sfo/residual_estimator/aux_service/u_xfft/U0/i_synth/xfft_inst/non_floating_point.arch_d.xfft_inst/FLOW/reset_sustain.resets_4_pes[0].delay_reset_pe/count_addsub_reg[2].addsub_reg/R","1.769","1"
"clk500","0.112","2.000","sfo/residual_estimator/aux_service/u_xfft/U0/i_synth/axi_wrapper/gen_has_nfft.nfft_we_int_reg/C","sfo/residual_estimator/aux_service/u_xfft/U0/i_synth/xfft_inst/non_floating_point.arch_d.xfft_inst/FLOW/reset_sustain.resets_4_pes[0].delay_reset_pe/count_addsub_reg[3].addsub_reg/R","1.769","1"
"clk500","0.112","2.000","sfo/residual_estimator/aux_service/u_xfft/U0/i_synth/axi_wrapper/gen_has_nfft.nfft_we_int_reg/C","sfo/residual_estimator/aux_service/u_xfft/U0/i_synth/xfft_inst/non_floating_point.arch_d.xfft_inst/has_bit_reverse.addr_r_MSB_reg/R","1.769","1"
"clk500","0.112","2.000","sfo/residual_estimator/aux_service/u_xfft/U0/i_synth/axi_wrapper/gen_has_nfft.nfft_we_int_reg/C","sfo/residual_estimator/aux_service/u_xfft/U0/i_synth/xfft_inst/non_floating_point.arch_d.xfft_inst/has_bit_reverse.addr_w_MSB_reg/R","1.769","1"
"clk500","0.112","2.000","sfo/residual_estimator/aux_service/u_egress_fifo/gnuram_async_fifo.xpm_fifo_base_inst/xpm_fifo_rst_inst/gen_rst_ic.wr_rst_busy_ic_reg/C","sfo/residual_estimator/aux_service/u_egress_fifo/gnuram_async_fifo.xpm_fifo_base_inst/wrpp2_inst/count_value_i_reg[9]/D","1.869","6"
"clk500","0.113","2.000","sfo/residual_estimator/aux_service/u_xfft/U0/i_synth/xfft_inst/non_floating_point.arch_d.xfft_inst/pe_gen[0].natural_order_input.PE/FB_1.BF_1/wr_addr_del/no_sclr_lut.real_shift_ram.use_baseblock.use_hlutnm_srls.srl_loop[5].i_fdre0/C","sfo/residual_estimator/aux_service/u_xfft/U0/i_synth/xfft_inst/non_floating_point.arch_d.xfft_inst/pe_gen[0].natural_order_input.PE/FB_1.BF_1/MEM/blk_ram.use_bram_only.mem/depth_13_s6_depth_12.main_ram_loop[1].use_RAMB18.ram_2k_loop[0].SDP_RAMB18_9x2048/ADDRARDADDR[13]","1.593","0"
"clk500","0.113","2.000","cfo/windows/packed_windows/fifo/gnuram_async_fifo.xpm_fifo_base_inst/gen_sdpram.xpm_memory_base_inst/gen_wr_a.gen_word_narrow.mem_reg_bram_3/CLKBWRCLK","cfo/windows/packed_tail_reg[24]/D","1.822","0"
"clk500","0.113","2.000","sfo/residual_estimator/aux_service/u_xfft/U0/i_synth/axi_wrapper/gen_has_nfft.nfft_we_int_reg/C","sfo/residual_estimator/aux_service/u_xfft/U0/i_synth/xfft_inst/non_floating_point.arch_d.xfft_inst/FLOW/reset_sustain.resets_4_pes[0].delay_reset_pe/count_addsub_reg[4].addsub_reg/R","1.768","1"
"clk500","0.113","2.000","sfo/residual_estimator/aux_service/u_xfft/U0/i_synth/xfft_inst/non_floating_point.arch_d.xfft_inst/FLOW/has_nfft.counter_limit_early_reg[3].max_n_int_minus_one_ff/C","sfo/residual_estimator/aux_service/u_xfft/U0/i_synth/xfft_inst/non_floating_point.arch_d.xfft_inst/pe_gen[4].natural_order_input.PE/has_addr_gen.tw_addr_gen/cnt/i_tc_compare_reg/D","1.869","2"
"clk500","0.114","2.000","cfo/observation_front/fft_core/state_reg[0]/C","cfo/observation_front/fft_core/bank0_reg_bram_0/DINADIN[5]","1.590","2"
"clk500","0.114","2.000","cfo/observation_front/fft_core/state_reg[0]/C","cfo/observation_front/fft_core/bank1_reg_bram_0/DINADIN[19]","1.626","2"
"clk500","0.114","2.000","cfo/observation_front/fft_core/state_reg[0]/C","cfo/observation_front/fft_core/bank0_reg_bram_0/DINADIN[15]","1.605","2"
"clk500","0.114","2.000","cfo/windows/poison_sync/syncstages_ff_reg[3]/C","cfo/windows/output_record_reg[56]/CE","1.783","4"
"clk500","0.114","2.000","cfo/windows/poison_sync/syncstages_ff_reg[3]/C","cfo/windows/output_record_reg[66]/CE","1.783","4"
"clk500","0.114","2.000","sfo/residual_estimator/aux_service/u_xfft/U0/i_synth/xfft_inst/non_floating_point.arch_d.xfft_inst/input_delay_im/no_sclr_lut.real_shift_ram.use_baseblock.use_hlutnm_srls.srl_loop[6].i_fdre1/C","sfo/residual_estimator/aux_service/u_xfft/U0/i_synth/xfft_inst/non_floating_point.arch_d.xfft_inst/pe_gen[3].natural_order_input.PE/bypass_muxes.din_im_mux_gen[13].reg/D","1.867","1"
"clk500","0.114","2.000","sfo/residual_estimator/aux_service/u_xfft/U0/i_synth/xfft_inst/non_floating_point.arch_d.xfft_inst/input_delay_im/no_sclr_lut.real_shift_ram.use_baseblock.use_hlutnm_srls.srl_loop[3].i_fdre1/C","sfo/residual_estimator/aux_service/u_xfft/U0/i_synth/xfft_inst/non_floating_point.arch_d.xfft_inst/pe_gen[4].natural_order_input.PE/bypass_muxes.din_im_mux_gen[7].reg/D","1.866","1"
"clk500","0.114","2.000","sfo/residual_estimator/aux_service/u_xfft/U0/i_synth/xfft_inst/non_floating_point.arch_d.xfft_inst/has_bit_reverse.natural_order_address_muxing.muxed_reorder_read_addr_reg[3]/C","sfo/residual_estimator/aux_service/u_xfft/U0/i_synth/xfft_inst/non_floating_point.arch_d.xfft_inst/has_bit_reverse.dig_rev_mem/blk_ram.use_bram_only.mem/depth_14.main_ram_loop[2].use_RAMB18.ram_2k_loop[0].SDP_RAMB18_9x2048/ADDRBWRADDR[6]","1.596","0"
"clk500","0.114","2.000","cfo/windows/poison_sync/syncstages_ff_reg[3]/C","cfo/windows/packed_head_reg[82]/D","1.869","5"
"clk500","0.115","2.000","cfo/windows/poison_sync/syncstages_ff_reg[3]/C","cfo/windows/packed_head_reg[107]/CE","1.782","5"
"clk500","0.115","2.000","cfo/windows/poison_sync/syncstages_ff_reg[3]/C","cfo/windows/packed_head_reg[22]/CE","1.782","5"
"clk500","0.115","2.000","cfo/windows/poison_sync/syncstages_ff_reg[3]/C","cfo/windows/packed_head_reg[44]/CE","1.782","5"
"clk500","0.115","2.000","cfo/windows/poison_sync/syncstages_ff_reg[3]/C","cfo/windows/packed_head_reg[76]/CE","1.782","5"
"clk500","0.115","2.000","cfo/observation_front/fft_core/v_reg[2]/C","cfo/observation_front/fft_core/ai3_reg[12]/CE","1.780","0"
"clk500","0.115","2.000","cfo/windows/poison_sync/syncstages_ff_reg[3]/C","cfo/observation_front/fft_core/m_window_reg[0]/CE","1.782","3"
"clk500","0.115","2.000","cfo/windows/poison_sync/syncstages_ff_reg[3]/C","cfo/observation_front/fft_core/m_window_reg[1]/CE","1.782","3"
"clk500","0.115","2.000","cfo/windows/poison_sync/syncstages_ff_reg[3]/C","cfo/observation_front/fft_core/m_window_reg[2]/CE","1.782","3"
"clk500","0.115","2.000","cfo/windows/poison_sync/syncstages_ff_reg[3]/C","cfo/observation_front/fft_core/m_window_reg[6]/CE","1.782","3"
"clk500","0.115","2.000","cfo/windows/poison_sync/syncstages_ff_reg[3]/C","cfo/windows/output_record_reg[52]/CE","1.782","4"
"clk500","0.115","2.000","cfo/windows/poison_sync/syncstages_ff_reg[3]/C","cfo/windows/output_record_reg[57]/CE","1.782","4"
"clk500","0.115","2.000","cfo/windows/poison_sync/syncstages_ff_reg[3]/C","cfo/windows/packed_count_reg[0]/CE","1.783","4"
"clk500","0.115","2.000","sfo/residual_estimator/aux_service/u_egress_fifo/gnuram_async_fifo.xpm_fifo_base_inst/xpm_fifo_rst_inst/gen_rst_ic.wr_rst_busy_ic_reg/C","sfo/residual_estimator/aux_service/u_egress_fifo/gnuram_async_fifo.xpm_fifo_base_inst/wrpp2_inst/count_value_i_reg[8]/D","1.866","5"
"clk500","0.115","2.000","sfo/residual_estimator/aux_service/u_xfft/U0/i_synth/xfft_inst/non_floating_point.arch_d.xfft_inst/has_bit_reverse.natural_order_address_muxing.muxed_reorder_read_addr_reg[1]/C","sfo/residual_estimator/aux_service/u_xfft/U0/i_synth/xfft_inst/non_floating_point.arch_d.xfft_inst/has_bit_reverse.dig_rev_mem/blk_ram.use_bram_only.mem/depth_14.main_ram_loop[1].use_RAMB18.ram_2k_loop[4].SDP_RAMB18_9x2048/ADDRBWRADDR[4]","1.498","0"
"clk500","0.115","2.000","sfo/residual_estimator/front_stage/main/service/u_xfft/U0/i_synth/xfft_inst/non_floating_point.arch_d.xfft_inst/has_bit_reverse.natural_order_address_muxing.muxed_reorder_read_addr_reg[2]/C","sfo/residual_estimator/front_stage/main/service/u_xfft/U0/i_synth/xfft_inst/non_floating_point.arch_d.xfft_inst/has_bit_reverse.dig_rev_mem/blk_ram.use_bram_only.mem/depth_11.ram_loop[0].use_RAMB18.SDP_RAMB18_9x2048/ADDRBWRADDR[5]","1.589","0"
"clk500","0.116","2.000","sfo/residual_estimator/aux_service/u_xfft/U0/i_synth/xfft_inst/non_floating_point.arch_d.xfft_inst/has_bit_reverse.no_cp.muxed_reorder_write_addr_del_reg[12]/C","sfo/residual_estimator/aux_service/u_xfft/U0/i_synth/xfft_inst/non_floating_point.arch_d.xfft_inst/has_bit_reverse.dig_rev_mem/blk_ram.use_bram_only.mem/depth_14.main_ram_loop[1].use_RAMB18.ram_2k_loop[0].SDP_RAMB18_9x2048/WEA[0]","1.465","1"
"clk500","0.116","2.000","sfo/residual_estimator/front_stage/main/service/u_xfft/U0/i_synth/axi_wrapper/sclr_int_reg/C","sfo/residual_estimator/front_stage/main/service/u_xfft/U0/i_synth/xfft_inst/non_floating_point.arch_d.xfft_inst/FLOW/reset_sustain.resets_4_pes[4].delay_reset_pe/tc_reg/S","1.767","0"
"clk500","0.117","2.000","cfo/windows/packed_windows/fifo/gnuram_async_fifo.xpm_fifo_base_inst/gen_sdpram.xpm_memory_base_inst/gen_wr_a.gen_word_narrow.mem_reg_bram_7/CLKBWRCLK","cfo/windows/packed_tail_reg[42]/D","1.818","0"
"clk500","0.117","2.000","cfo/windows/poison_sync/syncstages_ff_reg[3]/C","cfo/windows/packed_windows/fifo/gnuram_async_fifo.xpm_fifo_base_inst/rdpp1_inst/count_value_i_reg[1]/D","1.865","5"
"clk500","0.117","2.000","sfo/residual_estimator/aux_service/u_xfft/U0/i_synth/xfft_inst/non_floating_point.arch_d.xfft_inst/has_bit_reverse.natural_order_address_muxing.muxed_reorder_read_addr_reg[7]/C","sfo/residual_estimator/aux_service/u_xfft/U0/i_synth/xfft_inst/non_floating_point.arch_d.xfft_inst/has_bit_reverse.dig_rev_mem/blk_ram.use_bram_only.mem/depth_14.main_ram_loop[1].use_RAMB18.ram_2k_loop[3].SDP_RAMB18_9x2048/ADDRBWRADDR[10]","1.555","0"
"clk500","0.117","2.000","cfo/observation_front/fft_core/offset_in_group_reg[3]/C","cfo/observation_front/fft_core/bank1_reg_bram_1/ADDRBWRADDR[6]","1.593","4"
"clk500","0.118","2.000","sfo/residual_estimator/aux_service/u_xfft/U0/i_synth/xfft_inst/non_floating_point.arch_d.xfft_inst/FLOW/load_enable_reg/C","sfo/residual_estimator/aux_service/u_ingress_fifo/gnuram_async_fifo.xpm_fifo_base_inst/rdpp1_inst/count_value_i_reg[3]/CE","1.779","3"
"clk500","0.118","2.000","sfo/residual_estimator/aux_service/u_xfft/U0/i_synth/xfft_inst/non_floating_point.arch_d.xfft_inst/has_bit_reverse.no_cp.muxed_reorder_write_addr_del_reg[9]/C","sfo/residual_estimator/aux_service/u_xfft/U0/i_synth/xfft_inst/non_floating_point.arch_d.xfft_inst/has_bit_reverse.dig_rev_mem/blk_ram.use_bram_only.mem/depth_14.need_extra_rams.extra_ram_loop[2].use_RAMB18.SDP_RAMB18_1x16384/ADDRARDADDR[9]","1.593","0"
"clk500","0.118","2.000","sfo/residual_estimator/aux_service/u_xfft/U0/i_synth/xfft_inst/non_floating_point.arch_d.xfft_inst/FLOW/load_enable_reg/C","sfo/residual_estimator/aux_service/u_ingress_fifo/gnuram_async_fifo.xpm_fifo_base_inst/rdpp1_inst/count_value_i_reg[4]/CE","1.780","3"
"clk500","0.118","2.000","cfo/windows/poison_sync/syncstages_ff_reg[3]/C","cfo/windows/packed_head_reg[63]/D","1.864","5"
"clk500","0.118","2.000","cfo/windows/packed_windows/fifo/gnuram_async_fifo.xpm_fifo_base_inst/gen_sdpram.xpm_memory_base_inst/gen_wr_a.gen_word_narrow.mem_reg_bram_13/CLKBWRCLK","cfo/windows/packed_tail_reg[111]/D","1.817","0"
"clk500","0.118","2.000","cfo/windows/packed_windows/fifo/gnuram_async_fifo.xpm_fifo_base_inst/gen_sdpram.xpm_memory_base_inst/gen_wr_a.gen_word_narrow.mem_reg_bram_7/CLKBWRCLK","cfo/windows/packed_tail_reg[48]/D","1.817","0"
"clk500","0.118","2.000","sfo/residual_estimator/aux_service/u_xfft/U0/i_synth/xfft_inst/non_floating_point.arch_d.xfft_inst/has_bit_reverse.natural_order_address_muxing.muxed_reorder_read_addr_reg[1]/C","sfo/residual_estimator/aux_service/u_xfft/U0/i_synth/xfft_inst/non_floating_point.arch_d.xfft_inst/has_bit_reverse.dig_rev_mem/blk_ram.use_bram_only.mem/depth_14.main_ram_loop[1].use_RAMB18.ram_2k_loop[2].SDP_RAMB18_9x2048/ADDRBWRADDR[4]","1.499","0"
"clk500","0.119","2.000","cfo/windows/poison_sync/syncstages_ff_reg[3]/C","cfo/windows/packed_head_reg[21]/D","1.863","5"
"clk500","0.119","2.000","sfo/initial_estimator/owner/fft/u_xfft/U0/i_synth/axi_wrapper/reset_pipe_reg[1]/C","sfo/initial_estimator/owner/fft/u_xfft/U0/i_synth/axi_wrapper/data_out_channel/gen_real_time.data_out_reg[23]/CE","1.777","1"
"clk500","0.119","2.000","sfo/initial_estimator/owner/fft/u_xfft/U0/i_synth/axi_wrapper/reset_pipe_reg[1]/C","sfo/initial_estimator/owner/fft/u_xfft/U0/i_synth/axi_wrapper/data_out_channel/gen_real_time.data_out_reg[24]/CE","1.777","1"
"clk500","0.119","2.000","sfo/initial_estimator/owner/fft/u_xfft/U0/i_synth/axi_wrapper/reset_pipe_reg[1]/C","sfo/initial_estimator/owner/fft/u_xfft/U0/i_synth/axi_wrapper/data_out_channel/gen_real_time.data_out_reg[26]/CE","1.777","1"
"clk500","0.119","2.000","sfo/initial_estimator/owner/fft/u_xfft/U0/i_synth/axi_wrapper/reset_pipe_reg[1]/C","sfo/initial_estimator/owner/fft/u_xfft/U0/i_synth/axi_wrapper/data_out_channel/gen_real_time.data_out_reg[27]/CE","1.777","1"
"clk500","0.119","2.000","sfo/residual_estimator/aux_service/u_xfft/U0/i_synth/xfft_inst/non_floating_point.arch_d.xfft_inst/input_delay_re/no_sclr_lut.real_shift_ram.use_baseblock.use_hlutnm_srls.srl_loop[7].i_fdre0/C","sfo/residual_estimator/aux_service/u_xfft/U0/i_synth/xfft_inst/non_floating_point.arch_d.xfft_inst/pe_gen[3].natural_order_input.PE/bypass_muxes.din_re_mux_gen[14].reg/D","1.861","1"
"clk500","0.119","2.000","sfo/residual_estimator/aux_service/u_xfft/U0/i_synth/xfft_inst/non_floating_point.arch_d.xfft_inst/pe_gen[0].natural_order_input.PE/FB_1.BF_1/wr_addr_del/no_sclr_lut.real_shift_ram.use_baseblock.use_hlutnm_srls.srl_loop[0].i_fdre1/C","sfo/residual_estimator/aux_service/u_xfft/U0/i_synth/xfft_inst/non_floating_point.arch_d.xfft_inst/pe_gen[0].natural_order_input.PE/FB_1.BF_1/MEM/blk_ram.use_bram_only.mem/depth_13_s6_depth_12.main_ram_loop[1].use_RAMB18.ram_2k_loop[2].SDP_RAMB18_9x2048/ADDRARDADDR[4]","1.505","0"
"clk500","0.119","2.000","sfo/residual_estimator/aux_service/u_xfft/U0/i_synth/xfft_inst/non_floating_point.arch_d.xfft_inst/pe_gen[0].natural_order_input.PE/FB_1.BF_1/wr_addr_del/no_sclr_lut.real_shift_ram.use_baseblock.use_hlutnm_srls.srl_loop[2].i_fdre1/C","sfo/residual_estimator/aux_service/u_xfft/U0/i_synth/xfft_inst/non_floating_point.arch_d.xfft_inst/pe_gen[0].natural_order_input.PE/FB_1.BF_1/MEM/blk_ram.use_bram_only.mem/depth_13_s6_depth_12.main_ram_loop[1].use_RAMB18.ram_2k_loop[2].SDP_RAMB18_9x2048/ADDRARDADDR[8]","1.580","0"
"clk500","0.119","2.000","sfo/residual_estimator/aux_service/u_xfft/U0/i_synth/xfft_inst/non_floating_point.arch_d.xfft_inst/pe_gen[0].natural_order_input.PE/FB_1.BF_1/wr_addr_del/no_sclr_lut.real_shift_ram.use_baseblock.use_hlutnm_srls.srl_loop[3].i_fdre1/C","sfo/residual_estimator/aux_service/u_xfft/U0/i_synth/xfft_inst/non_floating_point.arch_d.xfft_inst/pe_gen[0].natural_order_input.PE/FB_1.BF_1/MEM/blk_ram.use_bram_only.mem/depth_13_s6_depth_12.need_extra_rams.extra_ram_loop[3].use_RAMB18.SDP_RAMB18_2x8192/ADDRARDADDR[8]","1.580","0"
"clk500","0.119","2.000","sfo/residual_estimator/aux_service/u_egress_fifo/gnuram_async_fifo.xpm_fifo_base_inst/xpm_fifo_rst_inst/gen_rst_ic.wr_rst_busy_ic_reg/C","sfo/residual_estimator/aux_service/u_egress_fifo/gnuram_async_fifo.xpm_fifo_base_inst/wrpp2_inst/count_value_i_reg[6]/D","1.862","5"
"clk500","0.120","2.000","sfo/residual_estimator/aux_service/u_xfft/U0/i_synth/xfft_inst/non_floating_point.arch_d.xfft_inst/FLOW/load_enable_reg/C","sfo/residual_estimator/aux_service/u_ingress_fifo/gnuram_async_fifo.xpm_fifo_base_inst/gen_sdpram.xpm_memory_base_inst/gen_wr_a.gen_word_wide.mem_reg_bram_1/ENARDEN","1.514","3"
"clk500","0.120","2.000","cfo/observation_front/fft_core/state_reg[0]/C","cfo/observation_front/fft_core/bank0_reg_bram_1/DINADIN[2]","1.586","2"
"clk500","0.120","2.000","cfo/windows/packed_windows/fifo/gnuram_async_fifo.xpm_fifo_base_inst/gen_sdpram.xpm_memory_base_inst/gen_wr_a.gen_word_narrow.mem_reg_bram_13/CLKBWRCLK","cfo/windows/packed_tail_reg[122]/D","1.815","0"
"clk500","0.120","2.000","sfo/residual_estimator/aux_service/u_xfft/U0/i_synth/xfft_inst/non_floating_point.arch_d.xfft_inst/has_bit_reverse.no_cp.muxed_reorder_write_addr_del_reg[6]/C","sfo/residual_estimator/aux_service/u_xfft/U0/i_synth/xfft_inst/non_floating_point.arch_d.xfft_inst/has_bit_reverse.dig_rev_mem/blk_ram.use_bram_only.mem/depth_14.need_extra_rams.extra_ram_loop[4].use_RAMB18.SDP_RAMB18_1x16384/ADDRARDADDR[6]","1.589","0"
"clk500","0.120","2.000","sfo/residual_estimator/aux_service/u_xfft/U0/i_synth/xfft_inst/non_floating_point.arch_d.xfft_inst/input_delay_im/no_sclr_lut.real_shift_ram.use_baseblock.use_hlutnm_srls.srl_loop[1].i_fdre1/C","sfo/residual_estimator/aux_service/u_xfft/U0/i_synth/xfft_inst/non_floating_point.arch_d.xfft_inst/pe_gen[4].natural_order_input.PE/bypass_muxes.din_im_mux_gen[3].reg/D","1.860","1"
"clk500","0.121","2.000","sfo/residual_estimator/aux_service/u_xfft/U0/i_synth/xfft_inst/non_floating_point.arch_d.xfft_inst/has_bit_reverse.natural_order_address_muxing.muxed_reorder_read_addr_reg[6]/C","sfo/residual_estimator/aux_service/u_xfft/U0/i_synth/xfft_inst/non_floating_point.arch_d.xfft_inst/has_bit_reverse.dig_rev_mem/blk_ram.use_bram_only.mem/depth_14.main_ram_loop[1].use_RAMB18.ram_2k_loop[3].SDP_RAMB18_9x2048/ADDRBWRADDR[9]","1.545","0"
"clk500","0.121","2.000","cfo/windows/poison_sync/syncstages_ff_reg[3]/C","cfo/windows/packed_head_reg[23]/D","1.862","5"
"clk500","0.121","2.000","sfo/residual_estimator/front_stage/main/service/u_xfft/U0/i_synth/xfft_inst/non_floating_point.arch_d.xfft_inst/pe_gen[0].natural_order_input.PE/FB_1.BF_1/BTFLY0/logic_bfly_byp.add_r/adder/i_baseblox.i_baseblox_addsub/no_pipelining.the_addsub/i_lut6.i_lut6_addsub/i_q.i_simple.qreg/i_no_async_controls.output_reg[12]/C","sfo/residual_estimator/front_stage/main/service/u_xfft/U0/i_synth/xfft_inst/non_floating_point.arch_d.xfft_inst/pe_gen[0].natural_order_input.PE/hasbf2.FB_2.BF_2/mem_mux_and_reg_upper_re/slicel_slicem_implementation.delay_line/no_sclr_lut.real_shift_ram.use_baseblock.use_hlutnm_srls.srl_loop[5].i_srl16e1/D","1.785","0"
"clk500","0.122","2.000","sfo/residual_estimator/aux_service/u_xfft/U0/i_synth/xfft_inst/non_floating_point.arch_d.xfft_inst/FLOW/has_nfft._nfft_value.NFFT_int_tmp_reg[0]/C","sfo/residual_estimator/aux_service/u_xfft/U0/i_synth/xfft_inst/non_floating_point.arch_d.xfft_inst/pe_gen[2].natural_order_input.PE/has_addr_gen.tw_addr_gen/output_cnt.reg_next_start/D","1.861","2"
"clk500","0.122","2.000","sfo/residual_estimator/aux_service/u_xfft/U0/i_synth/xfft_inst/non_floating_point.arch_d.xfft_inst/has_bit_reverse.natural_order_address_muxing.muxed_reorder_read_addr_reg[3]/C","sfo/residual_estimator/aux_service/u_xfft/U0/i_synth/xfft_inst/non_floating_point.arch_d.xfft_inst/has_bit_reverse.dig_rev_mem/blk_ram.use_bram_only.mem/depth_14.need_extra_rams.extra_ram_loop[0].use_RAMB18.SDP_RAMB18_1x16384/ADDRBWRADDR[3]","1.532","0"
"clk500","0.123","2.000","sfo/residual_estimator/aux_service/u_xfft/U0/i_synth/xfft_inst/non_floating_point.arch_d.xfft_inst/pe_gen[0].natural_order_input.PE/has_addr_gen.bf2_addr_gen/cnt/cnt_addsub/i_baseblox.i_baseblox_addsub/no_pipelining.the_addsub/i_lut6.i_lut6_addsub/i_q.i_simple.qreg/i_no_async_controls.output_reg[9]/C","sfo/residual_estimator/aux_service/u_xfft/U0/i_synth/xfft_inst/non_floating_point.arch_d.xfft_inst/pe_gen[0].natural_order_input.PE/FB_1.BF_1/MEM/blk_ram.use_bram_only.mem/depth_13_s6_depth_12.main_ram_loop[2].use_RAMB18.ram_2k_loop[1].SDP_RAMB18_9x2048/ADDRBWRADDR[11]","1.593","0"
"clk500","0.125","2.000","sfo/residual_estimator/aux_service/u_xfft/U0/i_synth/xfft_inst/non_floating_point.arch_d.xfft_inst/has_bit_reverse.natural_order_address_muxing.muxed_reorder_read_addr_reg[0]/C","sfo/residual_estimator/aux_service/u_xfft/U0/i_synth/xfft_inst/non_floating_point.arch_d.xfft_inst/has_bit_reverse.dig_rev_mem/blk_ram.use_bram_only.mem/depth_14.main_ram_loop[1].use_RAMB18.ram_2k_loop[1].SDP_RAMB18_9x2048/ADDRBWRADDR[3]","1.507","0"
"clk500","0.125","2.000","cfo/windows/poison_sync/syncstages_ff_reg[3]/C","cfo/windows/packed_head_reg[83]/D","1.857","5"
"clk500","0.125","2.000","sfo/residual_estimator/aux_service/u_xfft/U0/i_synth/xfft_inst/non_floating_point.arch_d.xfft_inst/has_bit_reverse.natural_order_address_muxing.muxed_reorder_read_addr_reg[1]/C","sfo/residual_estimator/aux_service/u_xfft/U0/i_synth/xfft_inst/non_floating_point.arch_d.xfft_inst/has_bit_reverse.dig_rev_mem/blk_ram.use_bram_only.mem/depth_14.main_ram_loop[1].use_RAMB18.ram_2k_loop[0].SDP_RAMB18_9x2048/ADDRBWRADDR[4]","1.492","0"
"clk500","0.125","2.000","sfo/residual_estimator/aux_service/u_xfft/U0/i_synth/xfft_inst/non_floating_point.arch_d.xfft_inst/has_bit_reverse.natural_order_address_muxing.muxed_reorder_read_addr_reg[5]/C","sfo/residual_estimator/aux_service/u_xfft/U0/i_synth/xfft_inst/non_floating_point.arch_d.xfft_inst/has_bit_reverse.dig_rev_mem/blk_ram.use_bram_only.mem/depth_14.main_ram_loop[1].use_RAMB18.ram_2k_loop[4].SDP_RAMB18_9x2048/ADDRBWRADDR[8]","1.547","0"
"clk500","0.126","2.000","sfo/residual_estimator/aux_service/u_xfft/U0/i_synth/xfft_inst/non_floating_point.arch_d.xfft_inst/has_bit_reverse.no_cp.muxed_reorder_write_addr_del_reg[3]/C","sfo/residual_estimator/aux_service/u_xfft/U0/i_synth/xfft_inst/non_floating_point.arch_d.xfft_inst/has_bit_reverse.dig_rev_mem/blk_ram.use_bram_only.mem/depth_14.main_ram_loop[2].use_RAMB18.ram_2k_loop[6].SDP_RAMB18_9x2048/ADDRARDADDR[6]","1.590","0"
"clk500","0.126","2.000","sfo/residual_estimator/aux_service/u_xfft/U0/i_synth/xfft_inst/non_floating_point.arch_d.xfft_inst/has_bit_reverse.no_cp.muxed_reorder_write_addr_del_reg[5]/C","sfo/residual_estimator/aux_service/u_xfft/U0/i_synth/xfft_inst/non_floating_point.arch_d.xfft_inst/has_bit_reverse.dig_rev_mem/blk_ram.use_bram_only.mem/depth_14.main_ram_loop[0].use_RAMB18.ram_2k_loop[0].SDP_RAMB18_9x2048/ADDRARDADDR[8]","1.581","0"
"clk500","0.126","2.000","sfo/residual_estimator/aux_service/u_xfft/U0/i_synth/xfft_inst/non_floating_point.arch_d.xfft_inst/pe_gen[0].natural_order_input.PE/has_addr_gen.bf2_addr_gen/cnt/cnt_addsub/i_baseblox.i_baseblox_addsub/no_pipelining.the_addsub/i_lut6.i_lut6_addsub/i_q.i_simple.qreg/i_no_async_controls.output_reg[10]/C","sfo/residual_estimator/aux_service/u_xfft/U0/i_synth/xfft_inst/non_floating_point.arch_d.xfft_inst/pe_gen[0].natural_order_input.PE/FB_1.BF_1/MEM/blk_ram.use_bram_only.mem/depth_13_s6_depth_12.main_ram_loop[0].use_RAMB18.ram_2k_loop[0].SDP_RAMB18_9x2048/ADDRBWRADDR[12]","1.581","0"
"clk500","0.126","2.000","sfo/residual_estimator/aux_service/u_xfft/U0/i_synth/xfft_inst/non_floating_point.arch_d.xfft_inst/timing_cnts_has_nfft.run_time_sel_reg[5]/C","sfo/residual_estimator/aux_service/u_xfft/U0/i_synth/xfft_inst/non_floating_point.arch_d.xfft_inst/pe_gen[4].natural_order_input.PE/bypass_muxes.din_re_mux_gen[4].reg/D","1.857","1"
"clk500","0.127","2.000","sfo/residual_estimator/aux_service/u_egress_fifo/gnuram_async_fifo.xpm_fifo_base_inst/xpm_fifo_rst_inst/gen_rst_ic.wr_rst_busy_ic_reg/C","sfo/residual_estimator/aux_service/u_egress_fifo/gnuram_async_fifo.xpm_fifo_base_inst/gen_sdpram.xpm_memory_base_inst/gen_wr_a.gen_word_narrow.mem_reg_bram_3/ENARDEN","1.505","3"
"clk500","0.127","2.000","cfo/observation_front/fft_core/state_reg[0]/C","cfo/observation_front/fft_core/bank0_reg_bram_1/DINADIN[9]","1.615","2"
"clk500","0.127","2.000","cfo/windows/packed_windows/fifo/gnuram_async_fifo.xpm_fifo_base_inst/gen_sdpram.xpm_memory_base_inst/gen_wr_a.gen_word_narrow.mem_reg_bram_7/CLKBWRCLK","cfo/windows/packed_tail_reg[60]/D","1.808","0"
"clk500","0.127","2.000","sfo/residual_estimator/aux_service/u_xfft/U0/i_synth/xfft_inst/non_floating_point.arch_d.xfft_inst/FLOW/load_enable_reg/C","sfo/residual_estimator/aux_service/u_ingress_fifo/gnuram_async_fifo.xpm_fifo_base_inst/gen_fwft.rdpp1_inst/count_value_i_reg[1]/D","1.856","4"
"clk500","0.128","2.000","sfo/residual_estimator/aux_service/u_xfft/U0/i_synth/xfft_inst/non_floating_point.arch_d.xfft_inst/FLOW/load_enable_reg/C","sfo/residual_estimator/aux_service/u_ingress_fifo/gnuram_async_fifo.xpm_fifo_base_inst/gen_sdpram.xpm_memory_base_inst/gen_wr_a.gen_word_wide.mem_reg_bram_1/REGCEAREGCE","1.615","3"
"clk500","0.128","2.000","cfo/observation_front/fft_core/state_reg[0]/C","cfo/observation_front/fft_core/bank0_reg_bram_0/DINADIN[18]","1.600","2"
"clk500","0.128","2.000","cfo/windows/packed_windows/fifo/gnuram_async_fifo.xpm_fifo_base_inst/gen_sdpram.xpm_memory_base_inst/gen_wr_a.gen_word_narrow.mem_reg_bram_11/CLKBWRCLK","cfo/windows/packed_head_reg[77]/D","1.806","1"
"clk500","0.128","2.000","sfo/residual_estimator/aux_service/u_xfft/U0/i_synth/xfft_inst/non_floating_point.arch_d.xfft_inst/has_bit_reverse.no_cp.muxed_reorder_write_addr_del_reg[8]/C","sfo/residual_estimator/aux_service/u_xfft/U0/i_synth/xfft_inst/non_floating_point.arch_d.xfft_inst/has_bit_reverse.dig_rev_mem/blk_ram.use_bram_only.mem/depth_14.need_extra_rams.extra_ram_loop[1].use_RAMB18.SDP_RAMB18_1x16384/ADDRARDADDR[8]","1.581","0"
"clk500","0.128","2.000","cfo/observation_front/state_reg[0]/C","cfo/observation_front/fft_core/bank1_reg_bram_1/ADDRBWRADDR[13]","1.549","5"
"clk500","0.128","2.000","sfo/residual_estimator/aux_service/u_xfft/U0/i_synth/xfft_inst/non_floating_point.arch_d.xfft_inst/has_bit_reverse.natural_order_address_muxing.muxed_reorder_read_addr_reg[1]/C","sfo/residual_estimator/aux_service/u_xfft/U0/i_synth/xfft_inst/non_floating_point.arch_d.xfft_inst/has_bit_reverse.dig_rev_mem/blk_ram.use_bram_only.mem/depth_14.need_extra_rams.extra_ram_loop[4].use_RAMB18.SDP_RAMB18_1x16384/ADDRBWRADDR[1]","1.506","0"
"clk500","0.128","2.000","cfo/windows/poison_sync/syncstages_ff_reg[3]/C","cfo/windows/packed_head_reg[7]/D","1.854","5"
"clk500","0.128","2.000","cfo/windows/poison_sync/syncstages_ff_reg[3]/C","cfo/windows/packed_head_reg[92]/D","1.854","5"
"clk500","0.128","2.000","sfo/residual_estimator/aux_service/u_xfft/U0/i_synth/xfft_inst/non_floating_point.arch_d.xfft_inst/pe_gen[0].natural_order_input.PE/delay_addr_tw/no_sclr_lut.real_shift_ram.use_baseblock.use_hlutnm_srls.srl_loop[5].i_fdre0/C","sfo/residual_estimator/aux_service/u_xfft/U0/i_synth/xfft_inst/non_floating_point.arch_d.xfft_inst/pe_gen[0].natural_order_input.PE/hasbf2.FB_2.BF_2/MEM/blk_ram.use_bram_only.mem/depth_12_s6_depth_11.main_ram_loop[3].use_RAMB18.ram_2k_loop[0].SDP_RAMB18_9x2048/ADDRBWRADDR[13]","1.547","0"
"clk500","0.129","2.000","sfo/residual_estimator/aux_service/u_xfft/U0/i_synth/xfft_inst/non_floating_point.arch_d.xfft_inst/FLOW/has_nfft.counter_limit_early_reg[4].max_n_int_minus_one_ff/C","sfo/residual_estimator/aux_service/u_xfft/U0/i_synth/xfft_inst/non_floating_point.arch_d.xfft_inst/has_overflow.natural_ovflo.DOUT_DONE_E_CNT/no_early_reg.I_TC_reg/D","1.851","3"
"clk500","0.129","2.000","sfo/residual_estimator/aux_service/u_xfft/U0/i_synth/xfft_inst/non_floating_point.arch_d.xfft_inst/input_delay_im/no_sclr_lut.real_shift_ram.use_baseblock.use_hlutnm_srls.srl_loop[7].i_fdre0/C","sfo/residual_estimator/aux_service/u_xfft/U0/i_synth/xfft_inst/non_floating_point.arch_d.xfft_inst/pe_gen[3].natural_order_input.PE/bypass_muxes.din_im_mux_gen[14].reg/D","1.852","1"
"clk500","0.130","2.000","cfo/windows/poison_sync/syncstages_ff_reg[3]/C","cfo/observation_front/state_reg[1]/CE","1.767","3"
"clk500","0.130","2.000","cfo/windows/poison_sync/syncstages_ff_reg[3]/C","cfo/windows/packed_head_reg[40]/D","1.853","5"
"clk500","0.130","2.000","sfo/residual_estimator/aux_service/u_egress_fifo/gnuram_async_fifo.xpm_fifo_base_inst/xpm_fifo_rst_inst/gen_rst_ic.wr_rst_busy_ic_reg/C","sfo/residual_estimator/aux_service/u_egress_fifo/gnuram_async_fifo.xpm_fifo_base_inst/wrpp2_inst/count_value_i_reg[7]/D","1.851","5"
"clk500","0.130","2.000","sfo/residual_estimator/aux_service/u_xfft/U0/i_synth/xfft_inst/non_floating_point.arch_d.xfft_inst/has_bit_reverse.natural_order_address_muxing.muxed_reorder_read_addr_reg[4]/C","sfo/residual_estimator/aux_service/u_xfft/U0/i_synth/xfft_inst/non_floating_point.arch_d.xfft_inst/has_bit_reverse.dig_rev_mem/blk_ram.use_bram_only.mem/depth_14.main_ram_loop[1].use_RAMB18.ram_2k_loop[3].SDP_RAMB18_9x2048/ADDRBWRADDR[7]","1.541","0"
"clk500","0.131","2.000","cfo/observation_front/fft_core/offset_in_group_reg[3]/C","cfo/observation_front/fft_core/bank1_reg_bram_0/ADDRBWRADDR[9]","1.540","4"
"clk500","0.131","2.000","cfo/windows/packed_windows/fifo/gnuram_async_fifo.xpm_fifo_base_inst/rdp_inst/count_value_i_reg[4]/C","cfo/windows/packed_windows/fifo/gnuram_async_fifo.xpm_fifo_base_inst/gen_sdpram.xpm_memory_base_inst/gen_wr_a.gen_word_narrow.mem_reg_bram_8/ADDRBWRADDR[9]","1.541","0"
"clk500","0.131","2.000","sfo/residual_estimator/aux_service/u_xfft/U0/i_synth/xfft_inst/non_floating_point.arch_d.xfft_inst/pe_gen[0].natural_order_input.PE/has_addr_gen.bf2_addr_gen/cnt/cnt_addsub/i_baseblox.i_baseblox_addsub/no_pipelining.the_addsub/i_lut6.i_lut6_addsub/i_q.i_simple.qreg/i_no_async_controls.output_reg[3]/C","sfo/residual_estimator/aux_service/u_xfft/U0/i_synth/xfft_inst/non_floating_point.arch_d.xfft_inst/pe_gen[0].natural_order_input.PE/FB_1.BF_1/MEM/blk_ram.use_bram_only.mem/depth_13_s6_depth_12.need_extra_rams.extra_ram_loop[1].use_RAMB18.SDP_RAMB18_2x8192/ADDRBWRADDR[3]","1.522","0"
"clk500","0.132","2.000","cfo/windows/poison_sync/syncstages_ff_reg[3]/C","cfo/observation_front/fft_core/bank0_reg_bram_0/ADDRARDADDR[14]","1.557","2"
"clk500","0.132","2.000","cfo/windows/poison_sync/syncstages_ff_reg[3]/C","cfo/windows/packed_head_reg[79]/D","1.851","5"
"clk500","0.132","2.000","sfo/residual_estimator/aux_service/u_xfft/U0/i_synth/xfft_inst/non_floating_point.arch_d.xfft_inst/has_bit_reverse.no_cp.muxed_reorder_write_addr_del_reg[4]/C","sfo/residual_estimator/aux_service/u_xfft/U0/i_synth/xfft_inst/non_floating_point.arch_d.xfft_inst/has_bit_reverse.dig_rev_mem/blk_ram.use_bram_only.mem/depth_14.main_ram_loop[0].use_RAMB18.ram_2k_loop[3].SDP_RAMB18_9x2048/ADDRARDADDR[7]","1.562","0"
"clk500","0.132","2.000","sfo/residual_estimator/aux_service/u_xfft/U0/i_synth/xfft_inst/non_floating_point.arch_d.xfft_inst/pe_gen[0].natural_order_input.PE/has_addr_gen.bf2_addr_gen/cnt/cnt_addsub/i_baseblox.i_baseblox_addsub/no_pipelining.the_addsub/i_lut6.i_lut6_addsub/i_q.i_simple.qreg/i_no_async_controls.output_reg[5]/C","sfo/residual_estimator/aux_service/u_xfft/U0/i_synth/xfft_inst/non_floating_point.arch_d.xfft_inst/pe_gen[0].natural_order_input.PE/FB_1.BF_1/MEM/blk_ram.use_bram_only.mem/depth_13_s6_depth_12.main_ram_loop[2].use_RAMB18.ram_2k_loop[0].SDP_RAMB18_9x2048/ADDRBWRADDR[7]","1.537","0"
"clk500","0.132","2.000","sfo/residual_estimator/aux_service/u_xfft/U0/i_synth/xfft_inst/non_floating_point.arch_d.xfft_inst/input_delay_re/no_sclr_lut.real_shift_ram.use_baseblock.use_hlutnm_srls.srl_loop[0].i_fdre0/C","sfo/residual_estimator/aux_service/u_xfft/U0/i_synth/xfft_inst/non_floating_point.arch_d.xfft_inst/pe_gen[2].natural_order_input.PE/bypass_muxes.din_re_mux_gen[0].reg/D","1.848","1"
"clk500","0.132","2.000","sfo/residual_estimator/aux_service/u_xfft/U0/i_synth/xfft_inst/non_floating_point.arch_d.xfft_inst/input_delay_im/no_sclr_lut.real_shift_ram.use_baseblock.use_hlutnm_srls.srl_loop[2].i_fdre1/C","sfo/residual_estimator/aux_service/u_xfft/U0/i_synth/xfft_inst/non_floating_point.arch_d.xfft_inst/pe_gen[5].natural_order_input.PE/bypass_muxes.din_im_mux_gen[5].reg/D","1.848","1"
"clk500","0.132","2.000","sfo/residual_estimator/front_stage/main/service/u_xfft/U0/i_synth/xfft_inst/non_floating_point.arch_d.xfft_inst/pe_gen[0].natural_order_input.PE/FB_1.BF_1/BTFLY0/logic_bfly_byp.add_i/adder/i_baseblox.i_baseblox_addsub/no_pipelining.the_addsub/i_lut6.i_lut6_addsub/i_q.i_simple.qreg/i_no_async_controls.output_reg[7]/C","sfo/residual_estimator/front_stage/main/service/u_xfft/U0/i_synth/xfft_inst/non_floating_point.arch_d.xfft_inst/pe_gen[0].natural_order_input.PE/hasbf2.FB_2.BF_2/twos_cmp.REG_lower_im/no_sclr_lut.depth1_shift_ram.without_sclr.Qsr_reg[6]/D","1.848","0"
"clk500","0.132","2.000","sfo/residual_estimator/front_stage/main/service/u_xfft/U0/i_synth/axi_wrapper/sclr_int_reg/C","sfo/residual_estimator/front_stage/main/service/u_xfft/U0/i_synth/xfft_inst/non_floating_point.arch_d.xfft_inst/no_run_time_1.dout_rev_index_int_reg[6]/R","1.752","0"
"clk500","0.132","2.000","sfo/residual_estimator/front_stage/main/service/u_xfft/U0/i_synth/axi_wrapper/sclr_int_reg/C","sfo/residual_estimator/front_stage/main/service/u_xfft/U0/i_synth/xfft_inst/non_floating_point.arch_d.xfft_inst/no_run_time_1.dout_rev_index_int_reg[7]/R","1.752","0"
"clk500","0.132","2.000","cfo/windows/poison_sync/syncstages_ff_reg[3]/C","cfo/windows/packed_head_reg[38]/D","1.851","5"
"clk500","0.133","2.000","cfo/observation_front/fft_core/state_reg[0]/C","cfo/observation_front/fft_core/bank0_reg_bram_0/DINADIN[16]","1.582","2"
"clk500","0.133","2.000","sfo/residual_estimator/aux_service/u_xfft/U0/i_synth/xfft_inst/non_floating_point.arch_d.xfft_inst/FLOW/load_enable_reg/C","sfo/residual_estimator/aux_service/u_ingress_fifo/gnuram_async_fifo.xpm_fifo_base_inst/gen_fwft.rdpp1_inst/count_value_i_reg[0]/CE","1.764","3"
"clk500","0.133","2.000","sfo/residual_estimator/aux_service/u_xfft/U0/i_synth/xfft_inst/non_floating_point.arch_d.xfft_inst/has_bit_reverse.no_cp.muxed_reorder_write_addr_del_reg[3]/C","sfo/residual_estimator/aux_service/u_xfft/U0/i_synth/xfft_inst/non_floating_point.arch_d.xfft_inst/has_bit_reverse.dig_rev_mem/blk_ram.use_bram_only.mem/depth_14.main_ram_loop[1].use_RAMB18.ram_2k_loop[7].SDP_RAMB18_9x2048/ADDRARDADDR[6]","1.583","0"
"clk500","0.133","2.000","cfo/windows/poison_sync/syncstages_ff_reg[3]/C","cfo/windows/output_record_reg[35]/CE","1.764","4"
"clk500","0.133","2.000","sfo/residual_estimator/aux_service/u_egress_fifo/gnuram_async_fifo.xpm_fifo_base_inst/xpm_fifo_rst_inst/gen_rst_ic.wr_rst_busy_ic_reg/C","sfo/residual_estimator/aux_service/u_egress_fifo/gnuram_async_fifo.xpm_fifo_base_inst/gen_sdpram.xpm_memory_base_inst/gen_wr_a.gen_word_narrow.mem_reg_bram_1/WEA[0]","1.447","3"
"clk500","0.133","2.000","sfo/residual_estimator/aux_service/u_xfft/U0/i_synth/xfft_inst/non_floating_point.arch_d.xfft_inst/has_bit_reverse.natural_order_address_muxing.muxed_reorder_read_addr_reg[9]/C","sfo/residual_estimator/aux_service/u_xfft/U0/i_synth/xfft_inst/non_floating_point.arch_d.xfft_inst/has_bit_reverse.dig_rev_mem/blk_ram.use_bram_only.mem/depth_14.main_ram_loop[1].use_RAMB18.ram_2k_loop[0].SDP_RAMB18_9x2048/ADDRBWRADDR[12]","1.574","0"
"clk500","0.133","2.000","sfo/residual_estimator/aux_service/u_xfft/U0/i_synth/xfft_inst/non_floating_point.arch_d.xfft_inst/pe_gen[0].natural_order_input.PE/has_addr_gen.bf2_addr_gen/cnt/cnt_addsub/i_baseblox.i_baseblox_addsub/no_pipelining.the_addsub/i_lut6.i_lut6_addsub/i_q.i_simple.qreg/i_no_async_controls.output_reg[3]/C","sfo/residual_estimator/aux_service/u_xfft/U0/i_synth/xfft_inst/non_floating_point.arch_d.xfft_inst/pe_gen[0].natural_order_input.PE/FB_1.BF_1/MEM/blk_ram.use_bram_only.mem/depth_13_s6_depth_12.main_ram_loop[0].use_RAMB18.ram_2k_loop[1].SDP_RAMB18_9x2048/ADDRBWRADDR[5]","1.570","0"
"clk500","0.134","2.000","cfo/observation_front/fft_core/state_reg[0]/C","cfo/observation_front/fft_core/bank0_reg_bram_0/DINADIN[19]","1.606","2"
"clk500","0.134","2.000","cfo/observation_front/fft_core/v_reg[5]/C","cfo/observation_front/fft_core/add_i6_reg[12]/CE","1.761","0"
"clk500","0.134","2.000","cfo/observation_front/fft_core/v_reg[5]/C","cfo/observation_front/fft_core/add_i6_reg[13]/CE","1.761","0"
"clk500","0.134","2.000","cfo/observation_front/fft_core/v_reg[5]/C","cfo/observation_front/fft_core/add_i6_reg[14]/CE","1.761","0"
"clk500","0.134","2.000","cfo/observation_front/fft_core/v_reg[5]/C","cfo/observation_front/fft_core/add_i6_reg[15]/CE","1.761","0"
"clk500","0.134","2.000","sfo/residual_estimator/aux_service/u_xfft/U0/i_synth/xfft_inst/non_floating_point.arch_d.xfft_inst/FLOW/load_enable_reg/C","sfo/residual_estimator/aux_service/u_ingress_fifo/gnuram_async_fifo.xpm_fifo_base_inst/gen_fwft.rdpp1_inst/count_value_i_reg[1]/CE","1.764","3"
"clk500","0.134","2.000","sfo/residual_estimator/aux_service/u_xfft/U0/i_synth/xfft_inst/non_floating_point.arch_d.xfft_inst/input_delay_re/no_sclr_lut.real_shift_ram.use_baseblock.use_hlutnm_srls.srl_loop[1].i_fdre0/C","sfo/residual_estimator/aux_service/u_xfft/U0/i_synth/xfft_inst/non_floating_point.arch_d.xfft_inst/pe_gen[2].natural_order_input.PE/bypass_muxes.din_re_mux_gen[2].reg/D","1.846","1"
"clk500","0.134","2.000","cfo/windows/poison_sync/syncstages_ff_reg[3]/C","cfo/observation_front/fft_core/bank0_reg_bram_1/DINADIN[7]","1.587","2"
"clk500","0.134","2.000","cfo/windows/poison_sync/syncstages_ff_reg[3]/C","cfo/windows/packed_windows/fifo/gnuram_async_fifo.xpm_fifo_base_inst/rdp_inst/count_value_i_reg[5]/D","1.848","5"
"clk500","0.134","2.000","sfo/initial_estimator/owner/fft/u_egress_fifo/gnuram_async_fifo.xpm_fifo_base_inst/gen_pf_ic_rc.ngen_full_rst_val.ram_full_i_reg/C","sfo/initial_estimator/owner/fft/u_egress_fifo/gnuram_async_fifo.xpm_fifo_base_inst/wrp_inst/count_value_i_reg[5]/D","1.848","4"
"clk500","0.135","2.000","cfo/windows/packed_windows/fifo/gnuram_async_fifo.xpm_fifo_base_inst/gen_sdpram.xpm_memory_base_inst/gen_wr_a.gen_word_narrow.mem_reg_bram_7/CLKBWRCLK","cfo/windows/packed_head_reg[49]/D","1.799","1"
"clk500","0.135","2.000","sfo/residual_estimator/aux_service/u_xfft/U0/i_synth/xfft_inst/non_floating_point.arch_d.xfft_inst/has_bit_reverse.no_cp.muxed_reorder_write_addr_del_reg[1]/C","sfo/residual_estimator/aux_service/u_xfft/U0/i_synth/xfft_inst/non_floating_point.arch_d.xfft_inst/has_bit_reverse.dig_rev_mem/blk_ram.use_bram_only.mem/depth_14.main_ram_loop[0].use_RAMB18.ram_2k_loop[0].SDP_RAMB18_9x2048/ADDRARDADDR[4]","1.505","0"
"clk500","0.135","2.000","cfo/observation_front/fft_core/state_reg[0]/C","cfo/observation_front/fft_core/bank0_reg_bram_0/ADDRARDADDR[12]","1.562","2"
"clk500","0.135","2.000","sfo/residual_estimator/aux_service/u_xfft/U0/i_synth/axi_wrapper/data_out_channel/gen_real_time.data_out_reg[29]/C","sfo/residual_estimator/aux_service/u_egress_fifo/gnuram_async_fifo.xpm_fifo_base_inst/gen_sdpram.xpm_memory_base_inst/gen_wr_a.gen_word_narrow.mem_reg_bram_3/DINADIN[1]","1.547","0"
"clk500","0.135","2.000","sfo/residual_estimator/front_stage/main/service/u_xfft/U0/i_synth/xfft_inst/non_floating_point.arch_d.xfft_inst/pe_gen[0].natural_order_input.PE/has_addr_gen.bf2_addr_gen/cnt/cnt_addsub/i_baseblox.i_baseblox_addsub/no_pipelining.the_addsub/i_lut6.i_lut6_addsub/i_q.i_simple.qreg/i_no_async_controls.output_reg[5]/C","sfo/residual_estimator/front_stage/main/service/u_xfft/U0/i_synth/xfft_inst/non_floating_point.arch_d.xfft_inst/pe_gen[0].natural_order_input.PE/FB_1.BF_1/MEM/blk_ram.use_bram_only.mem/depth_10.ram_loop[1].use_RAMB18.SDP_RAMB18_18x1024/ADDRBWRADDR[8]","1.536","0"
"clk500","0.136","2.000","sfo/initial_estimator/owner/fft/u_xfft/U0/i_synth/axi_wrapper/sclr_int_reg/C","sfo/initial_estimator/owner/fft/u_xfft/U0/i_synth/xfft_inst/non_floating_point.arch_d.xfft_inst/pe_gen[5].natural_order_input.PE/has_ovflo_control.last_ovflo_start.ovflo_Valid_pre_reg_reg/R","1.746","0"
"clk500","0.136","2.000","cfo/observation_front/fft_core/v_reg[5]/C","cfo/observation_front/fft_core/add_i6_reg[10]/CE","1.759","0"
"clk500","0.136","2.000","cfo/observation_front/fft_core/v_reg[5]/C","cfo/observation_front/fft_core/add_i6_reg[11]/CE","1.759","0"
"clk500","0.136","2.000","cfo/observation_front/fft_core/v_reg[5]/C","cfo/observation_front/fft_core/add_i6_reg[8]/CE","1.759","0"
"clk500","0.136","2.000","cfo/observation_front/fft_core/v_reg[5]/C","cfo/observation_front/fft_core/add_i6_reg[9]/CE","1.759","0"
"clk500","0.136","2.000","cfo/observation_front/fft_core/offset_in_group_reg[3]/C","cfo/observation_front/fft_core/bank1_reg_bram_0/ADDRBWRADDR[13]","1.550","4"
"clk500","0.137","2.000","sfo/residual_estimator/aux_service/u_xfft/U0/i_synth/xfft_inst/non_floating_point.arch_d.xfft_inst/has_bit_reverse.no_cp.muxed_reorder_write_addr_del_reg[0]/C","sfo/residual_estimator/aux_service/u_xfft/U0/i_synth/xfft_inst/non_floating_point.arch_d.xfft_inst/has_bit_reverse.dig_rev_mem/blk_ram.use_bram_only.mem/depth_14.need_extra_rams.extra_ram_loop[0].use_RAMB18.SDP_RAMB18_1x16384/ADDRARDADDR[0]","1.523","0"
"clk500","0.137","2.000","cfo/observation_front/fft_core/state_reg[0]/C","cfo/observation_front/fft_core/bank0_reg_bram_1/DINADIN[15]","1.574","2"
"clk500","0.137","2.000","sfo/residual_estimator/aux_service/u_xfft/U0/i_synth/xfft_inst/non_floating_point.arch_d.xfft_inst/has_bit_reverse.natural_order_address_muxing.muxed_reorder_read_addr_reg[3]/C","sfo/residual_estimator/aux_service/u_xfft/U0/i_synth/xfft_inst/non_floating_point.arch_d.xfft_inst/has_bit_reverse.dig_rev_mem/blk_ram.use_bram_only.mem/depth_14.need_extra_rams.extra_ram_loop[1].use_RAMB18.SDP_RAMB18_1x16384/ADDRBWRADDR[3]","1.517","0"
"clk500","0.137","2.000","sfo/residual_estimator/aux_service/u_xfft/U0/i_synth/xfft_inst/non_floating_point.arch_d.xfft_inst/timing_cnts_has_nfft.run_time_sel_reg[5]/C","sfo/residual_estimator/aux_service/u_xfft/U0/i_synth/xfft_inst/non_floating_point.arch_d.xfft_inst/pe_gen[4].natural_order_input.PE/bypass_muxes.din_re_mux_gen[7].reg/D","1.846","1"
"clk500","0.138","2.000","cfo/observation_front/fft_core/state_reg[0]/C","cfo/observation_front/fft_core/bank0_reg_bram_0/DINADIN[0]","1.547","2"
"clk500","0.138","2.000","sfo/residual_estimator/aux_service/u_xfft/U0/i_synth/xfft_inst/non_floating_point.arch_d.xfft_inst/has_bit_reverse.natural_order_address_muxing.muxed_reorder_read_addr_reg[3]/C","sfo/residual_estimator/aux_service/u_xfft/U0/i_synth/xfft_inst/non_floating_point.arch_d.xfft_inst/has_bit_reverse.dig_rev_mem/blk_ram.use_bram_only.mem/depth_14.main_ram_loop[0].use_RAMB18.ram_2k_loop[3].SDP_RAMB18_9x2048/ADDRBWRADDR[6]","1.553","0"
"clk500","0.138","2.000","cfo/windows/poison_sync/syncstages_ff_reg[3]/C","cfo/observation_front/fft_core/bank0_reg_bram_0/ADDRARDADDR[5]","1.486","2"
"clk500","0.138","2.000","cfo/windows/poison_sync/syncstages_ff_reg[3]/C","cfo/observation_front/fft_core/bank0_reg_bram_0/DINPADINP[0]","1.610","2"
"clk500","0.138","2.000","sfo/residual_estimator/aux_service/u_xfft/U0/i_synth/xfft_inst/non_floating_point.arch_d.xfft_inst/has_bit_reverse.natural_order_address_muxing.muxed_reorder_read_addr_reg[12]/C","sfo/residual_estimator/aux_service/u_xfft/U0/i_synth/xfft_inst/non_floating_point.arch_d.xfft_inst/has_bit_reverse.dig_rev_mem/blk_ram.use_bram_only.mem/depth_14.need_extra_rams.extra_ram_loop[3].use_RAMB18.SDP_RAMB18_1x16384/ADDRBWRADDR[12]","1.549","0"
"clk500","0.138","2.000","sfo/residual_estimator/aux_service/u_xfft/U0/i_synth/axi_wrapper/gen_has_nfft.nfft_we_int_reg/C","sfo/residual_estimator/aux_service/u_xfft/U0/i_synth/xfft_inst/non_floating_point.arch_d.xfft_inst/FLOW/reset_sustain.resets_4_pes[0].delay_reset_pe/tc_reg/S","1.743","1"
"clk500","0.138","2.000","sfo/residual_estimator/aux_service/u_xfft/U0/i_synth/xfft_inst/non_floating_point.arch_d.xfft_inst/pe_gen[0].natural_order_input.PE/has_addr_gen.bf2_addr_gen/cnt/cnt_addsub/i_baseblox.i_baseblox_addsub/no_pipelining.the_addsub/i_lut6.i_lut6_addsub/i_q.i_simple.qreg/i_no_async_controls.output_reg[8]/C","sfo/residual_estimator/aux_service/u_xfft/U0/i_synth/xfft_inst/non_floating_point.arch_d.xfft_inst/pe_gen[0].natural_order_input.PE/FB_1.BF_1/MEM/blk_ram.use_bram_only.mem/depth_13_s6_depth_12.main_ram_loop[2].use_RAMB18.ram_2k_loop[2].SDP_RAMB18_9x2048/ADDRBWRADDR[10]","1.556","0"
"clk500","0.139","2.000","cfo/observation_front/fft_core/state_reg[0]/C","cfo/observation_front/fft_core/bank1_reg_bram_0/DINADIN[5]","1.565","2"
"clk500","0.139","2.000","cfo/windows/packed_windows/fifo/gnuram_async_fifo.xpm_fifo_base_inst/gen_sdpram.xpm_memory_base_inst/gen_wr_a.gen_word_narrow.mem_reg_bram_3/CLKBWRCLK","cfo/windows/packed_tail_reg[14]/D","1.795","0"
"clk500","0.139","2.000","cfo/windows/poison_sync/syncstages_ff_reg[3]/C","cfo/windows/packed_tail_reg[19]/CE","1.758","4"
"clk500","0.139","2.000","cfo/windows/poison_sync/syncstages_ff_reg[3]/C","cfo/windows/packed_tail_reg[23]/CE","1.758","4"
"clk500","0.139","2.000","cfo/windows/poison_sync/syncstages_ff_reg[3]/C","cfo/windows/packed_tail_reg[25]/CE","1.758","4"
"clk500","0.139","2.000","cfo/windows/poison_sync/syncstages_ff_reg[3]/C","cfo/windows/packed_tail_reg[38]/CE","1.758","4"
"clk500","0.139","2.000","sfo/residual_estimator/aux_service/u_xfft/U0/i_synth/xfft_inst/non_floating_point.arch_d.xfft_inst/has_bit_reverse.no_cp.muxed_reorder_write_addr_del_reg[3]/C","sfo/residual_estimator/aux_service/u_xfft/U0/i_synth/xfft_inst/non_floating_point.arch_d.xfft_inst/has_bit_reverse.dig_rev_mem/blk_ram.use_bram_only.mem/depth_14.main_ram_loop[2].use_RAMB18.ram_2k_loop[4].SDP_RAMB18_9x2048/ADDRARDADDR[6]","1.572","0"
"clk500","0.140","2.000","cfo/observation_front/state_reg[0]/C","cfo/observation_front/fft_core/bank0_reg_bram_0/REGCEB","1.604","3"
"clk500","0.140","2.000","sfo/residual_estimator/aux_service/u_xfft/U0/i_synth/xfft_inst/non_floating_point.arch_d.xfft_inst/has_bit_reverse.no_cp.muxed_reorder_write_addr_del_reg[12]/C","sfo/residual_estimator/aux_service/u_xfft/U0/i_synth/xfft_inst/non_floating_point.arch_d.xfft_inst/has_bit_reverse.dig_rev_mem/blk_ram.use_bram_only.mem/depth_14.need_extra_rams.extra_ram_loop[2].use_RAMB18.SDP_RAMB18_1x16384/ADDRARDADDR[12]","1.580","0"
"clk500","0.140","2.000","cfo/observation_front/fft_core/offset_in_group_reg[0]/C","cfo/observation_front/fft_core/group_base_reg[10]/CE","1.756","4"
"clk500","0.140","2.000","cfo/observation_front/fft_core/offset_in_group_reg[0]/C","cfo/observation_front/fft_core/group_base_reg[4]/CE","1.756","4"
"clk500","0.140","2.000","cfo/observation_front/fft_core/offset_in_group_reg[0]/C","cfo/observation_front/fft_core/group_base_reg[6]/CE","1.756","4"
"clk500","0.140","2.000","cfo/observation_front/fft_core/offset_in_group_reg[0]/C","cfo/observation_front/fft_core/group_base_reg[8]/CE","1.756","4"
"clk500","0.140","2.000","sfo/residual_estimator/aux_service/u_xfft/U0/i_synth/xfft_inst/non_floating_point.arch_d.xfft_inst/has_bit_reverse.natural_order_address_muxing.muxed_reorder_read_addr_reg[6]/C","sfo/residual_estimator/aux_service/u_xfft/U0/i_synth/xfft_inst/non_floating_point.arch_d.xfft_inst/has_bit_reverse.dig_rev_mem/blk_ram.use_bram_only.mem/depth_14.main_ram_loop[2].use_RAMB18.ram_2k_loop[7].SDP_RAMB18_9x2048/ADDRBWRADDR[9]","1.526","0"
"clk500","0.141","2.000","sfo/residual_estimator/aux_service/u_xfft/U0/i_synth/xfft_inst/non_floating_point.arch_d.xfft_inst/pe_gen[0].natural_order_input.PE/has_addr_gen.bf2_addr_gen/cnt/cnt_addsub/i_baseblox.i_baseblox_addsub/no_pipelining.the_addsub/i_lut6.i_lut6_addsub/i_q.i_simple.qreg/i_no_async_controls.output_reg[4]/C","sfo/residual_estimator/aux_service/u_xfft/U0/i_synth/xfft_inst/non_floating_point.arch_d.xfft_inst/pe_gen[0].natural_order_input.PE/FB_1.BF_1/MEM/blk_ram.use_bram_only.mem/depth_13_s6_depth_12.need_extra_rams.extra_ram_loop[3].use_RAMB18.SDP_RAMB18_2x8192/ADDRBWRADDR[4]","1.472","0"
"clk500","0.142","2.000","cfo/windows/packed_windows/fifo/gnuram_async_fifo.xpm_fifo_base_inst/gen_sdpram.xpm_memory_base_inst/gen_wr_a.gen_word_narrow.mem_reg_bram_13/CLKBWRCLK","cfo/windows/packed_tail_reg[118]/D","1.792","0"
"clk500","0.142","2.000","cfo/windows/packed_windows/fifo/gnuram_async_fifo.xpm_fifo_base_inst/gen_sdpram.xpm_memory_base_inst/gen_wr_a.gen_word_narrow.mem_reg_bram_7/CLKBWRCLK","cfo/windows/packed_tail_reg[63]/D","1.792","0"
"clk500","0.142","2.000","sfo/residual_estimator/aux_service/u_xfft/U0/i_synth/xfft_inst/non_floating_point.arch_d.xfft_inst/has_bit_reverse.natural_order_address_muxing.muxed_reorder_read_addr_reg[7]/C","sfo/residual_estimator/aux_service/u_xfft/U0/i_synth/xfft_inst/non_floating_point.arch_d.xfft_inst/has_bit_reverse.dig_rev_mem/blk_ram.use_bram_only.mem/depth_14.main_ram_loop[1].use_RAMB18.ram_2k_loop[2].SDP_RAMB18_9x2048/ADDRBWRADDR[10]","1.552","0"
"clk500","0.143","2.000","sfo/residual_estimator/aux_service/u_xfft/U0/i_synth/xfft_inst/non_floating_point.arch_d.xfft_inst/has_bit_reverse.no_cp.muxed_reorder_write_addr_del_reg[4]/C","sfo/residual_estimator/aux_service/u_xfft/U0/i_synth/xfft_inst/non_floating_point.arch_d.xfft_inst/has_bit_reverse.dig_rev_mem/blk_ram.use_bram_only.mem/depth_14.main_ram_loop[1].use_RAMB18.ram_2k_loop[7].SDP_RAMB18_9x2048/ADDRARDADDR[7]","1.554","0"
"clk500","0.143","2.000","cfo/observation_front/fft_core/state_reg[0]/C","cfo/observation_front/fft_core/bank0_reg_bram_0/DINPADINP[1]","1.606","2"
"clk500","0.143","2.000","cfo/windows/poison_sync/syncstages_ff_reg[3]/C","cfo/windows/packed_tail_reg[102]/CE","1.754","4"
"clk500","0.143","2.000","cfo/windows/poison_sync/syncstages_ff_reg[3]/C","cfo/windows/packed_tail_reg[11]/CE","1.754","4"
"clk500","0.143","2.000","cfo/windows/poison_sync/syncstages_ff_reg[3]/C","cfo/windows/packed_tail_reg[6]/CE","1.754","4"
"clk500","0.143","2.000","cfo/windows/poison_sync/syncstages_ff_reg[3]/C","cfo/windows/packed_tail_reg[99]/CE","1.754","4"
"clk500","0.143","2.000","sfo/residual_estimator/front_stage/main/service/u_xfft/U0/i_synth/axi_wrapper/sclr_int_reg/C","sfo/residual_estimator/front_stage/main/service/u_xfft/U0/i_synth/xfft_inst/non_floating_point.arch_d.xfft_inst/FLOW/reset_sustain.resets_4_pes[0].delay_reset_pe/count_addsub_reg[0].addsub_reg/R","1.740","0"
"clk500","0.143","2.000","sfo/residual_estimator/front_stage/main/service/u_xfft/U0/i_synth/axi_wrapper/sclr_int_reg/C","sfo/residual_estimator/front_stage/main/service/u_xfft/U0/i_synth/xfft_inst/non_floating_point.arch_d.xfft_inst/FLOW/reset_sustain.resets_4_pes[0].delay_reset_pe/count_addsub_reg[1].addsub_reg/R","1.740","0"
"clk500","0.143","2.000","sfo/residual_estimator/front_stage/main/service/u_xfft/U0/i_synth/axi_wrapper/sclr_int_reg/C","sfo/residual_estimator/front_stage/main/service/u_xfft/U0/i_synth/xfft_inst/non_floating_point.arch_d.xfft_inst/FLOW/reset_sustain.resets_4_pes[0].delay_reset_pe/count_addsub_reg[2].addsub_reg/R","1.740","0"
"clk500","0.143","2.000","sfo/residual_estimator/front_stage/main/service/u_xfft/U0/i_synth/axi_wrapper/sclr_int_reg/C","sfo/residual_estimator/front_stage/main/service/u_xfft/U0/i_synth/xfft_inst/non_floating_point.arch_d.xfft_inst/FLOW/reset_sustain.resets_4_pes[0].delay_reset_pe/count_addsub_reg[3].addsub_reg/R","1.740","0"
"clk500","0.143","2.000","cfo/windows/poison_sync/syncstages_ff_reg[3]/C","cfo/windows/packed_tail_reg[41]/CE","1.755","4"
"clk500","0.143","2.000","cfo/windows/poison_sync/syncstages_ff_reg[3]/C","cfo/windows/packed_tail_reg[53]/CE","1.755","4"
"clk500","0.143","2.000","cfo/windows/poison_sync/syncstages_ff_reg[3]/C","cfo/windows/packed_tail_reg[60]/CE","1.755","4"
"clk500","0.143","2.000","cfo/windows/poison_sync/syncstages_ff_reg[3]/C","cfo/windows/packed_tail_reg[84]/CE","1.755","4"
"clk500","0.144","2.000","sfo/initial_estimator/owner/fft/u_xfft/U0/i_synth/axi_wrapper/sclr_int_reg/C","sfo/initial_estimator/owner/fft/u_xfft/U0/i_synth/xfft_inst/non_floating_point.arch_d.xfft_inst/DOUT_CNT_CTRL_0/cnt_valid_reg/R","1.738","0"
"clk500","0.144","2.000","sfo/initial_estimator/owner/fft/u_xfft/U0/i_synth/axi_wrapper/sclr_int_reg/C","sfo/initial_estimator/owner/fft/u_xfft/U0/i_synth/xfft_inst/non_floating_point.arch_d.xfft_inst/pe_gen[5].natural_order_input.PE/has_ovflo_control.last_ovflo_start.ovflo_valid_pre_reg/R","1.738","0"
"clk500","0.144","2.000","sfo/residual_estimator/aux_service/u_xfft/U0/i_synth/xfft_inst/non_floating_point.arch_d.xfft_inst/has_bit_reverse.no_cp.muxed_reorder_write_addr_del_reg[2]/C","sfo/residual_estimator/aux_service/u_xfft/U0/i_synth/xfft_inst/non_floating_point.arch_d.xfft_inst/has_bit_reverse.dig_rev_mem/blk_ram.use_bram_only.mem/depth_14.need_extra_rams.extra_ram_loop[0].use_RAMB18.SDP_RAMB18_1x16384/ADDRARDADDR[2]","1.493","0"
"clk500","0.144","2.000","sfo/residual_estimator/aux_service/u_xfft/U0/i_synth/xfft_inst/non_floating_point.arch_d.xfft_inst/pe_gen[0].natural_order_input.PE/FB_1.BF_1/wr_addr_del/no_sclr_lut.real_shift_ram.use_baseblock.use_hlutnm_srls.srl_loop[3].i_fdre1/C","sfo/residual_estimator/aux_service/u_xfft/U0/i_synth/xfft_inst/non_floating_point.arch_d.xfft_inst/pe_gen[0].natural_order_input.PE/FB_1.BF_1/MEM/blk_ram.use_bram_only.mem/depth_13_s6_depth_12.need_extra_rams.extra_ram_loop[0].use_RAMB18.SDP_RAMB18_2x8192/ADDRARDADDR[8]","1.563","0"
"clk500","0.144","2.000","sfo/residual_estimator/front_stage/main/service/u_xfft/U0/i_synth/axi_wrapper/sclr_int_reg/C","sfo/residual_estimator/front_stage/main/service/u_xfft/U0/i_synth/xfft_inst/non_floating_point.arch_d.xfft_inst/FLOW/reset_sustain.resets_4_pes[0].delay_reset_pe/count_addsub_reg[4].addsub_reg/R","1.739","0"
"clk500","0.144","2.000","cfo/windows/poison_sync/syncstages_ff_reg[3]/C","cfo/windows/packed_head_reg[110]/D","1.839","5"
"clk500","0.145","2.000","sfo/residual_estimator/aux_service/u_xfft/U0/i_synth/axi_wrapper/reset_pipe_reg[1]/C","sfo/residual_estimator/aux_service/u_xfft/U0/i_synth/axi_wrapper/data_out_channel/gen_real_time.data_out_reg[13]/CE","1.751","1"
"clk500","0.145","2.000","sfo/residual_estimator/aux_service/u_xfft/U0/i_synth/axi_wrapper/reset_pipe_reg[1]/C","sfo/residual_estimator/aux_service/u_xfft/U0/i_synth/axi_wrapper/data_out_channel/gen_real_time.data_out_reg[31]/CE","1.751","1"
"clk500","0.145","2.000","sfo/residual_estimator/aux_service/u_xfft/U0/i_synth/axi_wrapper/reset_pipe_reg[1]/C","sfo/residual_estimator/aux_service/u_xfft/U0/i_synth/axi_wrapper/data_out_channel/gen_real_time.data_out_reg[4]/CE","1.751","1"
"clk500","0.145","2.000","cfo/observation_front/fft_core/bank0_reg_bram_0/CLKBWRCLK","cfo/observation_front/fft_core/pr4_reg/DSP_A_B_DATA_INST/A[11]","1.526","1"
"clk500","0.145","2.000","sfo/residual_estimator/aux_service/u_xfft/U0/i_synth/xfft_inst/non_floating_point.arch_d.xfft_inst/has_bit_reverse.no_cp.muxed_reorder_write_addr_del_reg[3]/C","sfo/residual_estimator/aux_service/u_xfft/U0/i_synth/xfft_inst/non_floating_point.arch_d.xfft_inst/has_bit_reverse.dig_rev_mem/blk_ram.use_bram_only.mem/depth_14.main_ram_loop[0].use_RAMB18.ram_2k_loop[3].SDP_RAMB18_9x2048/ADDRARDADDR[6]","1.566","0"
"clk500","0.145","2.000","sfo/residual_estimator/aux_service/u_xfft/U0/i_synth/xfft_inst/non_floating_point.arch_d.xfft_inst/pe_gen[0].natural_order_input.PE/FB_1.BF_1/wr_addr_del/no_sclr_lut.real_shift_ram.use_baseblock.use_hlutnm_srls.srl_loop[2].i_fdre1/C","sfo/residual_estimator/aux_service/u_xfft/U0/i_synth/xfft_inst/non_floating_point.arch_d.xfft_inst/pe_gen[0].natural_order_input.PE/FB_1.BF_1/MEM/blk_ram.use_bram_only.mem/depth_13_s6_depth_12.main_ram_loop[2].use_RAMB18.ram_2k_loop[0].SDP_RAMB18_9x2048/ADDRARDADDR[8]","1.554","0"
"clk500","0.146","2.000","cfo/observation_front/pi4_reg/DSP_OUTPUT_INST/CLK","cfo/observation_front/h_q5_reg[27]/D","1.804","7"
"clk500","0.146","2.000","sfo/residual_estimator/aux_service/u_xfft/U0/i_synth/xfft_inst/non_floating_point.arch_d.xfft_inst/input_delay_im/no_sclr_lut.real_shift_ram.use_baseblock.use_hlutnm_srls.srl_loop[3].i_fdre1/C","sfo/residual_estimator/aux_service/u_xfft/U0/i_synth/xfft_inst/non_floating_point.arch_d.xfft_inst/pe_gen[5].natural_order_input.PE/bypass_muxes.din_im_mux_gen[7].reg/D","1.834","1"
"clk500","0.146","2.000","sfo/residual_estimator/aux_service/u_xfft/U0/i_synth/xfft_inst/non_floating_point.arch_d.xfft_inst/pe_gen[0].natural_order_input.PE/FB_1.BF_1/wr_addr_del/no_sclr_lut.real_shift_ram.use_baseblock.use_hlutnm_srls.srl_loop[4].i_fdre1/C","sfo/residual_estimator/aux_service/u_xfft/U0/i_synth/xfft_inst/non_floating_point.arch_d.xfft_inst/pe_gen[0].natural_order_input.PE/FB_1.BF_1/MEM/blk_ram.use_bram_only.mem/depth_13_s6_depth_12.need_extra_rams.extra_ram_loop[3].use_RAMB18.SDP_RAMB18_2x8192/ADDRARDADDR[10]","1.536","0"
"clk500","0.147","2.000","cfo/windows/poison_sync/syncstages_ff_reg[3]/C","cfo/windows/packed_head_reg[99]/D","1.835","5"
"clk500","0.147","2.000","sfo/residual_estimator/aux_service/u_xfft/U0/i_synth/axi_wrapper/reset_pipe_reg[1]/C","sfo/residual_estimator/aux_service/u_xfft/U0/i_synth/axi_wrapper/data_out_channel/gen_real_time.data_out_reg[6]/CE","1.749","1"
"clk500","0.147","2.000","sfo/residual_estimator/aux_service/u_xfft/U0/i_synth/axi_wrapper/reset_pipe_reg[1]/C","sfo/residual_estimator/aux_service/u_xfft/U0/i_synth/axi_wrapper/data_out_channel/gen_real_time.data_out_reg[8]/CE","1.749","1"
"clk500","0.147","2.000","sfo/residual_estimator/aux_service/u_xfft/U0/i_synth/xfft_inst/non_floating_point.arch_d.xfft_inst/has_bit_reverse.natural_order_address_muxing.muxed_reorder_read_addr_reg[3]/C","sfo/residual_estimator/aux_service/u_xfft/U0/i_synth/xfft_inst/non_floating_point.arch_d.xfft_inst/has_bit_reverse.dig_rev_mem/blk_ram.use_bram_only.mem/depth_14.need_extra_rams.extra_ram_loop[3].use_RAMB18.SDP_RAMB18_1x16384/ADDRBWRADDR[3]","1.486","0"
"clk500","0.147","2.000","cfo/windows/poison_sync/syncstages_ff_reg[3]/C","cfo/windows/packed_tail_reg[14]/CE","1.751","4"
"clk500","0.147","2.000","cfo/windows/poison_sync/syncstages_ff_reg[3]/C","cfo/windows/packed_tail_reg[36]/CE","1.751","4"
"clk500","0.147","2.000","cfo/windows/poison_sync/syncstages_ff_reg[3]/C","cfo/windows/packed_tail_reg[43]/CE","1.751","4"
"clk500","0.147","2.000","cfo/windows/poison_sync/syncstages_ff_reg[3]/C","cfo/windows/packed_tail_reg[75]/CE","1.751","4"
"clk500","0.148","2.000","cfo/windows/packed_windows/fifo/gnuram_async_fifo.xpm_fifo_base_inst/gen_sdpram.xpm_memory_base_inst/gen_wr_a.gen_word_narrow.mem_reg_bram_7/CLKBWRCLK","cfo/windows/packed_head_reg[50]/D","1.786","1"
"clk500","0.148","2.000","sfo/residual_estimator/aux_service/u_xfft/U0/i_synth/xfft_inst/non_floating_point.arch_d.xfft_inst/pe_gen[0].natural_order_input.PE/FB_1.BF_1/wr_addr_del/no_sclr_lut.real_shift_ram.use_baseblock.use_hlutnm_srls.srl_loop[1].i_fdre1/C","sfo/residual_estimator/aux_service/u_xfft/U0/i_synth/xfft_inst/non_floating_point.arch_d.xfft_inst/pe_gen[0].natural_order_input.PE/FB_1.BF_1/MEM/blk_ram.use_bram_only.mem/depth_13_s6_depth_12.main_ram_loop[2].use_RAMB18.ram_2k_loop[2].SDP_RAMB18_9x2048/ADDRARDADDR[6]","1.566","0"
"clk500","0.148","2.000","cfo/observation_front/state_reg[0]/C","cfo/observation_front/fft_core/bank1_reg_bram_1/REGCEB","1.597","3"
"clk500","0.148","2.000","sfo/residual_estimator/aux_service/u_xfft/U0/i_synth/axi_wrapper/reset_pipe_reg[1]/C","sfo/residual_estimator/aux_service/u_xfft/U0/i_synth/axi_wrapper/data_out_channel/gen_real_time.data_out_reg[17]/CE","1.749","1"
"clk500","0.148","2.000","sfo/residual_estimator/aux_service/u_xfft/U0/i_synth/axi_wrapper/reset_pipe_reg[1]/C","sfo/residual_estimator/aux_service/u_xfft/U0/i_synth/axi_wrapper/data_out_channel/gen_real_time.data_out_reg[27]/CE","1.749","1"
"clk500","0.148","2.000","sfo/residual_estimator/aux_service/u_xfft/U0/i_synth/axi_wrapper/reset_pipe_reg[1]/C","sfo/residual_estimator/aux_service/u_xfft/U0/i_synth/axi_wrapper/data_out_channel/gen_real_time.data_out_reg[5]/CE","1.749","1"
"clk500","0.148","2.000","sfo/residual_estimator/aux_service/u_xfft/U0/i_synth/xfft_inst/non_floating_point.arch_d.xfft_inst/input_delay_im/no_sclr_lut.real_shift_ram.use_baseblock.use_hlutnm_srls.srl_loop[7].i_fdre0/C","sfo/residual_estimator/aux_service/u_xfft/U0/i_synth/xfft_inst/non_floating_point.arch_d.xfft_inst/pe_gen[2].natural_order_input.PE/bypass_muxes.din_im_mux_gen[14].reg/D","1.833","1"
"clk500","0.149","2.000","cfo/windows/packed_windows/fifo/gnuram_async_fifo.xpm_fifo_base_inst/gen_sdpram.xpm_memory_base_inst/gen_wr_a.gen_word_narrow.mem_reg_bram_11/CLKBWRCLK","cfo/windows/packed_head_reg[81]/D","1.785","1"
"clk500","0.149","2.000","sfo/residual_estimator/aux_service/u_xfft/U0/i_synth/xfft_inst/non_floating_point.arch_d.xfft_inst/pe_gen[0].natural_order_input.PE/has_addr_gen.bf2_addr_gen/cnt/cnt_addsub/i_baseblox.i_baseblox_addsub/no_pipelining.the_addsub/i_lut6.i_lut6_addsub/i_q.i_simple.qreg/i_no_async_controls.output_reg[2]/C","sfo/residual_estimator/aux_service/u_xfft/U0/i_synth/xfft_inst/non_floating_point.arch_d.xfft_inst/pe_gen[0].natural_order_input.PE/FB_1.BF_1/MEM/blk_ram.use_bram_only.mem/depth_13_s6_depth_12.main_ram_loop[0].use_RAMB18.ram_2k_loop[3].SDP_RAMB18_9x2048/ADDRBWRADDR[4]","1.464","0"
"clk500","0.149","2.000","sfo/residual_estimator/aux_service/u_xfft/U0/i_synth/xfft_inst/non_floating_point.arch_d.xfft_inst/pe_gen[0].natural_order_input.PE/has_addr_gen.bf2_addr_gen/cnt/cnt_addsub/i_baseblox.i_baseblox_addsub/no_pipelining.the_addsub/i_lut6.i_lut6_addsub/i_q.i_simple.qreg/i_no_async_controls.output_reg[9]/C","sfo/residual_estimator/aux_service/u_xfft/U0/i_synth/xfft_inst/non_floating_point.arch_d.xfft_inst/pe_gen[0].natural_order_input.PE/FB_1.BF_1/MEM/blk_ram.use_bram_only.mem/depth_13_s6_depth_12.main_ram_loop[1].use_RAMB18.ram_2k_loop[0].SDP_RAMB18_9x2048/ADDRBWRADDR[11]","1.567","0"
"clk500","0.149","2.000","sfo/residual_estimator/aux_service/u_xfft/U0/i_synth/xfft_inst/non_floating_point.arch_d.xfft_inst/pe_gen[0].natural_order_input.PE/FB_1.BF_1/wr_addr_del/no_sclr_lut.real_shift_ram.use_baseblock.use_hlutnm_srls.srl_loop[2].i_fdre0/C","sfo/residual_estimator/aux_service/u_xfft/U0/i_synth/xfft_inst/non_floating_point.arch_d.xfft_inst/pe_gen[0].natural_order_input.PE/FB_1.BF_1/MEM/blk_ram.use_bram_only.mem/depth_13_s6_depth_12.main_ram_loop[1].use_RAMB18.ram_2k_loop[1].SDP_RAMB18_9x2048/ADDRARDADDR[7]","1.544","0"
"clk500","0.149","2.000","cfo/windows/poison_sync/syncstages_ff_reg[3]/C","cfo/observation_front/fft_core/bank0_reg_bram_1/DINADIN[5]","1.578","2"
"clk500","0.149","2.000","sfo/residual_estimator/front_stage/main/service/u_xfft/U0/i_synth/xfft_inst/non_floating_point.arch_d.xfft_inst/has_bit_reverse.natural_order_address_muxing.muxed_reorder_read_addr_reg[5]/C","sfo/residual_estimator/front_stage/main/service/u_xfft/U0/i_synth/xfft_inst/non_floating_point.arch_d.xfft_inst/has_bit_reverse.dig_rev_mem/blk_ram.use_bram_only.mem/depth_11.ram_loop[0].use_RAMB18.SDP_RAMB18_9x2048/ADDRBWRADDR[8]","1.543","0"
"clk500","0.150","2.000","cfo/observation_front/fft_core/state_reg[0]/C","cfo/observation_front/fft_core/bank0_reg_bram_0/DINADIN[23]","1.580","2"
"clk500","0.150","2.000","cfo/windows/poison_sync/syncstages_ff_reg[3]/C","cfo/observation_front/fft_core/m_frame_reg[31]/CE","1.747","3"
"clk500","0.150","2.000","sfo/residual_estimator/aux_service/u_xfft/U0/i_synth/xfft_inst/non_floating_point.arch_d.xfft_inst/has_bit_reverse.natural_order_address_muxing.muxed_reorder_read_addr_reg[7]/C","sfo/residual_estimator/aux_service/u_xfft/U0/i_synth/xfft_inst/non_floating_point.arch_d.xfft_inst/has_bit_reverse.dig_rev_mem/blk_ram.use_bram_only.mem/depth_14.main_ram_loop[1].use_RAMB18.ram_2k_loop[1].SDP_RAMB18_9x2048/ADDRBWRADDR[10]","1.522","0"
"clk500","0.150","2.000","sfo/residual_estimator/front_stage/main/service/u_xfft/U0/i_synth/xfft_inst/non_floating_point.arch_d.xfft_inst/pe_gen[0].natural_order_input.PE/has_TW_mult.TW/MUX0/four_inputs.use_lut6.no_lut_sclr.four_to_one_mux[5].latency1.reg/C","sfo/residual_estimator/front_stage/main/service/u_xfft/U0/i_synth/xfft_inst/non_floating_point.arch_d.xfft_inst/pe_gen[0].natural_order_input.PE/has_TW_mult.TW/twiddle_generator/tw1.twgen1/cos_addr_2s_comp/use_output_reg.D_OUT_reg[8]/D","1.830","1"
"clk500","0.150","2.000","sfo/residual_estimator/aux_service/u_xfft/U0/i_synth/xfft_inst/non_floating_point.arch_d.xfft_inst/has_bit_reverse.natural_order_address_muxing.muxed_reorder_read_addr_reg[1]/C","sfo/residual_estimator/aux_service/u_xfft/U0/i_synth/xfft_inst/non_floating_point.arch_d.xfft_inst/has_bit_reverse.dig_rev_mem/blk_ram.use_bram_only.mem/depth_14.need_extra_rams.extra_ram_loop[2].use_RAMB18.SDP_RAMB18_1x16384/ADDRBWRADDR[1]","1.497","0"
"clk500","0.151","2.000","sfo/residual_estimator/aux_service/u_xfft/U0/i_synth/xfft_inst/non_floating_point.arch_d.xfft_inst/has_bit_reverse.no_cp.muxed_reorder_write_addr_del_reg[10]/C","sfo/residual_estimator/aux_service/u_xfft/U0/i_synth/xfft_inst/non_floating_point.arch_d.xfft_inst/has_bit_reverse.dig_rev_mem/blk_ram.use_bram_only.mem/depth_14.main_ram_loop[1].use_RAMB18.ram_2k_loop[4].SDP_RAMB18_9x2048/ADDRARDADDR[13]","1.538","0"
"clk500","0.151","2.000","sfo/residual_estimator/aux_service/u_xfft/U0/i_synth/xfft_inst/non_floating_point.arch_d.xfft_inst/has_bit_reverse.no_cp.muxed_reorder_write_addr_del_reg[9]/C","sfo/residual_estimator/aux_service/u_xfft/U0/i_synth/xfft_inst/non_floating_point.arch_d.xfft_inst/has_bit_reverse.dig_rev_mem/blk_ram.use_bram_only.mem/depth_14.need_extra_rams.extra_ram_loop[3].use_RAMB18.SDP_RAMB18_1x16384/ADDRARDADDR[9]","1.551","0"
"clk500","0.151","2.000","cfo/windows/poison_sync/syncstages_ff_reg[3]/C","cfo/windows/packed_head_reg[25]/D","1.832","5"
"clk500","0.152","2.000","cfo/windows/packed_windows/fifo/gnuram_async_fifo.xpm_fifo_base_inst/gen_sdpram.xpm_memory_base_inst/gen_wr_a.gen_word_narrow.mem_reg_bram_7/CLKBWRCLK","cfo/windows/packed_tail_reg[69]/D","1.782","0"
"clk500","0.152","2.000","sfo/residual_estimator/aux_service/u_xfft/U0/i_synth/xfft_inst/non_floating_point.arch_d.xfft_inst/timing_cnts_has_nfft.run_time_sel_reg[5]/C","sfo/residual_estimator/aux_service/u_xfft/U0/i_synth/xfft_inst/non_floating_point.arch_d.xfft_inst/pe_gen[4].natural_order_input.PE/bypass_muxes.din_im_mux_gen[6].reg/D","1.831","1"
"clk500","0.152","2.000","sfo/residual_estimator/aux_service/u_xfft/U0/i_synth/xfft_inst/non_floating_point.arch_d.xfft_inst/pe_gen[0].natural_order_input.PE/has_addr_gen.bf2_addr_gen/cnt/cnt_addsub/i_baseblox.i_baseblox_addsub/no_pipelining.the_addsub/i_lut6.i_lut6_addsub/i_q.i_simple.qreg/i_no_async_controls.output_reg[3]/C","sfo/residual_estimator/aux_service/u_xfft/U0/i_synth/xfft_inst/non_floating_point.arch_d.xfft_inst/pe_gen[0].natural_order_input.PE/FB_1.BF_1/MEM/blk_ram.use_bram_only.mem/depth_13_s6_depth_12.need_extra_rams.extra_ram_loop[0].use_RAMB18.SDP_RAMB18_2x8192/ADDRBWRADDR[3]","1.501","0"
"clk500","0.152","2.000","sfo/residual_estimator/aux_service/u_xfft/U0/i_synth/xfft_inst/non_floating_point.arch_d.xfft_inst/has_bit_reverse.no_cp.muxed_reorder_write_addr_del_reg[12]/C","sfo/residual_estimator/aux_service/u_xfft/U0/i_synth/xfft_inst/non_floating_point.arch_d.xfft_inst/has_bit_reverse.dig_rev_mem/blk_ram.use_bram_only.mem/depth_14.main_ram_loop[1].use_RAMB18.ram_2k_loop[5].SDP_RAMB18_9x2048/WEA[0]","1.431","1"
"clk500","0.152","2.000","sfo/residual_estimator/aux_service/u_xfft/U0/i_synth/xfft_inst/non_floating_point.arch_d.xfft_inst/has_bit_reverse.no_cp.muxed_reorder_write_addr_del_reg[12]/C","sfo/residual_estimator/aux_service/u_xfft/U0/i_synth/xfft_inst/non_floating_point.arch_d.xfft_inst/has_bit_reverse.dig_rev_mem/blk_ram.use_bram_only.mem/depth_14.main_ram_loop[2].use_RAMB18.ram_2k_loop[5].SDP_RAMB18_9x2048/WEA[0]","1.431","1"
"clk500","0.153","2.000","cfo/observation_front/fft_core/state_reg[0]/C","cfo/observation_front/fft_core/bank0_reg_bram_0/DINADIN[13]","1.579","2"
"clk500","0.153","2.000","sfo/residual_estimator/aux_service/u_xfft/U0/i_synth/xfft_inst/non_floating_point.arch_d.xfft_inst/input_delay_re/no_sclr_lut.real_shift_ram.use_baseblock.use_hlutnm_srls.srl_loop[4].i_fdre0/C","sfo/residual_estimator/aux_service/u_xfft/U0/i_synth/xfft_inst/non_floating_point.arch_d.xfft_inst/pe_gen[2].natural_order_input.PE/bypass_muxes.din_re_mux_gen[8].reg/D","1.827","1"
"clk500","0.153","2.000","cfo/observation_front/pi4_reg/DSP_OUTPUT_INST/CLK","cfo/observation_front/h_q5_reg[23]/D","1.797","6"
"clk500","0.153","2.000","cfo/observation_front/pi4_reg/DSP_OUTPUT_INST/CLK","cfo/observation_front/h_q5_reg[25]/D","1.797","7"
"clk500","0.153","2.000","cfo/windows/packed_windows/fifo/gnuram_async_fifo.xpm_fifo_base_inst/gen_sdpram.xpm_memory_base_inst/gen_wr_a.gen_word_narrow.mem_reg_bram_7/CLKBWRCLK","cfo/windows/packed_head_reg[69]/D","1.781","1"
"clk500","0.153","2.000","sfo/residual_estimator/aux_service/u_xfft/U0/i_synth/xfft_inst/non_floating_point.arch_d.xfft_inst/has_bit_reverse.natural_order_address_muxing.muxed_reorder_read_addr_reg[5]/C","sfo/residual_estimator/aux_service/u_xfft/U0/i_synth/xfft_inst/non_floating_point.arch_d.xfft_inst/has_bit_reverse.dig_rev_mem/blk_ram.use_bram_only.mem/depth_14.main_ram_loop[1].use_RAMB18.ram_2k_loop[0].SDP_RAMB18_9x2048/ADDRBWRADDR[8]","1.539","0"
"clk500","0.153","2.000","sfo/initial_estimator/owner/fft/u_xfft/U0/i_synth/axi_wrapper/sclr_int_reg/C","sfo/initial_estimator/owner/fft/u_xfft/U0/i_synth/xfft_inst/non_floating_point.arch_d.xfft_inst/has_bit_reverse.addr_r_MSB_reg/R","1.730","0"
"clk500","0.153","2.000","sfo/initial_estimator/owner/fft/u_xfft/U0/i_synth/axi_wrapper/sclr_int_reg/C","sfo/initial_estimator/owner/fft/u_xfft/U0/i_synth/xfft_inst/non_floating_point.arch_d.xfft_inst/has_bit_reverse.addr_w_MSB_reg/R","1.730","0"
"clk500","0.153","2.000","sfo/residual_estimator/aux_service/u_xfft/U0/i_synth/xfft_inst/non_floating_point.arch_d.xfft_inst/pe_gen[0].natural_order_input.PE/FB_1.BF_1/wr_addr_del/no_sclr_lut.real_shift_ram.use_baseblock.use_hlutnm_srls.srl_loop[2].i_fdre1/C","sfo/residual_estimator/aux_service/u_xfft/U0/i_synth/xfft_inst/non_floating_point.arch_d.xfft_inst/pe_gen[0].natural_order_input.PE/FB_1.BF_1/MEM/blk_ram.use_bram_only.mem/depth_13_s6_depth_12.main_ram_loop[1].use_RAMB18.ram_2k_loop[1].SDP_RAMB18_9x2048/ADDRARDADDR[8]","1.546","0"
"clk500","0.153","2.000","sfo/residual_estimator/aux_service/u_xfft/U0/i_synth/xfft_inst/non_floating_point.arch_d.xfft_inst/pe_gen[0].natural_order_input.PE/has_addr_gen.bf2_addr_gen/cnt/cnt_addsub/i_baseblox.i_baseblox_addsub/no_pipelining.the_addsub/i_lut6.i_lut6_addsub/i_q.i_simple.qreg/i_no_async_controls.output_reg[5]/C","sfo/residual_estimator/aux_service/u_xfft/U0/i_synth/xfft_inst/non_floating_point.arch_d.xfft_inst/pe_gen[0].natural_order_input.PE/FB_1.BF_1/MEM/blk_ram.use_bram_only.mem/depth_13_s6_depth_12.main_ram_loop[2].use_RAMB18.ram_2k_loop[1].SDP_RAMB18_9x2048/ADDRBWRADDR[7]","1.532","0"
"clk500","0.153","2.000","sfo/residual_estimator/aux_service/u_xfft/U0/i_synth/xfft_inst/non_floating_point.arch_d.xfft_inst/pe_gen[0].natural_order_input.PE/has_addr_gen.bf2_addr_gen/cnt/cnt_addsub/i_baseblox.i_baseblox_addsub/no_pipelining.the_addsub/i_lut6.i_lut6_addsub/i_q.i_simple.qreg/i_no_async_controls.output_reg[4]/C","sfo/residual_estimator/aux_service/u_xfft/U0/i_synth/xfft_inst/non_floating_point.arch_d.xfft_inst/pe_gen[0].natural_order_input.PE/FB_1.BF_1/MEM/blk_ram.use_bram_only.mem/depth_13_s6_depth_12.need_extra_rams.extra_ram_loop[0].use_RAMB18.SDP_RAMB18_2x8192/ADDRBWRADDR[4]","1.464","0"
"clk500","0.154","2.000","cfo/observation_front/m_frame_reg[9]/C","cfo/estimator/expected_window_reg[2]/D","1.828","6"
"clk500","0.154","2.000","cfo/observation_front/pi4_reg/DSP_OUTPUT_INST/CLK","cfo/observation_front/h_q5_reg[21]/D","1.796","6"
"clk500","0.154","2.000","cfo/observation_front/fft_core/tag_reg[1][bank_a]/C","cfo/observation_front/fft_core/pr4_reg/DSP_A_B_DATA_INST/A[3]","1.568","1"
"clk500","0.154","2.000","cfo/windows/packed_windows/fifo/gnuram_async_fifo.xpm_fifo_base_inst/gen_sdpram.xpm_memory_base_inst/gen_wr_a.gen_word_narrow.mem_reg_bram_3/CLKBWRCLK","cfo/windows/packed_tail_reg[8]/D","1.781","0"
"clk500","0.154","2.000","sfo/residual_estimator/aux_service/u_xfft/U0/i_synth/xfft_inst/non_floating_point.arch_d.xfft_inst/FLOW/has_nfft.counter_limit_early_reg[12].max_n_int_minus_one_ff/C","sfo/residual_estimator/aux_service/u_xfft/U0/i_synth/xfft_inst/non_floating_point.arch_d.xfft_inst/pe_gen[3].natural_order_input.PE/has_addr_gen.bf2_addr_gen/cnt/i_tc_compare_reg/D","1.827","2"
"clk500","0.154","2.000","sfo/residual_estimator/aux_service/u_xfft/U0/i_synth/xfft_inst/non_floating_point.arch_d.xfft_inst/input_delay_re/no_sclr_lut.real_shift_ram.use_baseblock.use_hlutnm_srls.srl_loop[0].i_fdre1/C","sfo/residual_estimator/aux_service/u_xfft/U0/i_synth/xfft_inst/non_floating_point.arch_d.xfft_inst/pe_gen[4].natural_order_input.PE/bypass_muxes.din_re_mux_gen[1].reg/D","1.827","1"
"clk500","0.154","2.000","sfo/residual_estimator/front_stage/main/service/u_xfft/U0/i_synth/xfft_inst/non_floating_point.arch_d.xfft_inst/has_bit_reverse.dig_rev_mem/blk_ram.use_bram_only.mem/depth_11.ram_loop[2].use_RAMB18.SDP_RAMB18_9x2048/CLKBWRCLK","sfo/residual_estimator/front_stage/main/service/u_xfft/U0/i_synth/xfft_inst/non_floating_point.arch_d.xfft_inst/has_bit_reverse.pe_natural_out_reg[18]/D","1.783","0"
"clk500","0.154","2.000","sfo/residual_estimator/aux_service/u_egress_fifo/gnuram_async_fifo.xpm_fifo_base_inst/xpm_fifo_rst_inst/gen_rst_ic.wr_rst_busy_ic_reg/C","sfo/residual_estimator/aux_service/u_egress_fifo/gnuram_async_fifo.xpm_fifo_base_inst/wrpp2_inst/count_value_i_reg[5]/D","1.827","5"
"clk500","0.155","2.000","cfo/observation_front/state_reg[0]/C","cfo/observation_front/fft_core/bank0_reg_bram_1/REGCEB","1.589","3"
"clk500","0.155","2.000","sfo/residual_estimator/aux_service/u_xfft/U0/i_synth/xfft_inst/non_floating_point.arch_d.xfft_inst/pe_gen[0].natural_order_input.PE/FB_1.BF_1/wr_addr_del/no_sclr_lut.real_shift_ram.use_baseblock.use_hlutnm_srls.srl_loop[2].i_fdre0/C","sfo/residual_estimator/aux_service/u_xfft/U0/i_synth/xfft_inst/non_floating_point.arch_d.xfft_inst/pe_gen[0].natural_order_input.PE/FB_1.BF_1/MEM/blk_ram.use_bram_only.mem/depth_13_s6_depth_12.main_ram_loop[2].use_RAMB18.ram_2k_loop[1].SDP_RAMB18_9x2048/ADDRARDADDR[7]","1.541","0"
"clk500","0.155","2.000","cfo/windows/poison_sync/syncstages_ff_reg[3]/C","cfo/windows/packed_head_reg[115]/D","1.827","5"
"clk500","0.155","2.000","sfo/residual_estimator/aux_service/u_xfft/U0/i_synth/xfft_inst/non_floating_point.arch_d.xfft_inst/has_bit_reverse.natural_order_address_muxing.muxed_reorder_read_addr_reg[8]/C","sfo/residual_estimator/aux_service/u_xfft/U0/i_synth/xfft_inst/non_floating_point.arch_d.xfft_inst/has_bit_reverse.dig_rev_mem/blk_ram.use_bram_only.mem/depth_14.main_ram_loop[1].use_RAMB18.ram_2k_loop[3].SDP_RAMB18_9x2048/ADDRBWRADDR[11]","1.536","0"
"clk500","0.155","2.000","sfo/residual_estimator/aux_service/u_xfft/U0/i_synth/xfft_inst/non_floating_point.arch_d.xfft_inst/has_bit_reverse.natural_order_address_muxing.muxed_reorder_read_addr_reg[2]/C","sfo/residual_estimator/aux_service/u_xfft/U0/i_synth/xfft_inst/non_floating_point.arch_d.xfft_inst/has_bit_reverse.dig_rev_mem/blk_ram.use_bram_only.mem/depth_14.main_ram_loop[1].use_RAMB18.ram_2k_loop[5].SDP_RAMB18_9x2048/ADDRBWRADDR[5]","1.534","0"
"clk500","0.155","2.000","sfo/residual_estimator/aux_service/u_xfft/U0/i_synth/xfft_inst/non_floating_point.arch_d.xfft_inst/has_bit_reverse.no_cp.muxed_reorder_write_addr_del_reg[9]/C","sfo/residual_estimator/aux_service/u_xfft/U0/i_synth/xfft_inst/non_floating_point.arch_d.xfft_inst/has_bit_reverse.dig_rev_mem/blk_ram.use_bram_only.mem/depth_14.main_ram_loop[2].use_RAMB18.ram_2k_loop[2].SDP_RAMB18_9x2048/ADDRARDADDR[12]","1.549","0"
"clk500","0.155","2.000","sfo/residual_estimator/aux_service/u_xfft/U0/i_synth/xfft_inst/non_floating_point.arch_d.xfft_inst/has_bit_reverse.natural_order_address_muxing.muxed_reorder_read_addr_reg[2]/C","sfo/residual_estimator/aux_service/u_xfft/U0/i_synth/xfft_inst/non_floating_point.arch_d.xfft_inst/has_bit_reverse.dig_rev_mem/blk_ram.use_bram_only.mem/depth_14.need_extra_rams.extra_ram_loop[1].use_RAMB18.SDP_RAMB18_1x16384/ADDRBWRADDR[2]","1.488","0"
"clk500","0.156","2.000","cfo/observation_front/m_frame_reg[9]/C","cfo/estimator/closed_fast_reg/D","1.826","6"
"clk500","0.156","2.000","sfo/residual_estimator/aux_service/u_xfft/U0/i_synth/xfft_inst/non_floating_point.arch_d.xfft_inst/pe_gen[0].natural_order_input.PE/has_addr_gen.bf2_addr_gen/cnt/cnt_addsub/i_baseblox.i_baseblox_addsub/no_pipelining.the_addsub/i_lut6.i_lut6_addsub/i_q.i_simple.qreg/i_no_async_controls.output_reg[4]/C","sfo/residual_estimator/aux_service/u_xfft/U0/i_synth/xfft_inst/non_floating_point.arch_d.xfft_inst/pe_gen[0].natural_order_input.PE/FB_1.BF_1/MEM/blk_ram.use_bram_only.mem/depth_13_s6_depth_12.main_ram_loop[0].use_RAMB18.ram_2k_loop[2].SDP_RAMB18_9x2048/ADDRBWRADDR[6]","1.534","0"
"clk500","0.156","2.000","cfo/windows/packed_windows/fifo/gnuram_async_fifo.xpm_fifo_base_inst/gen_sdpram.xpm_memory_base_inst/gen_wr_a.gen_word_narrow.mem_reg_bram_7/CLKBWRCLK","cfo/windows/packed_tail_reg[39]/D","1.778","0"
"clk500","0.156","2.000","sfo/residual_estimator/aux_service/u_xfft/U0/i_synth/xfft_inst/non_floating_point.arch_d.xfft_inst/pe_gen[0].natural_order_input.PE/has_addr_gen.bf2_addr_gen/cnt/cnt_addsub/i_baseblox.i_baseblox_addsub/no_pipelining.the_addsub/i_lut6.i_lut6_addsub/i_q.i_simple.qreg/i_no_async_controls.output_reg[7]/C","sfo/residual_estimator/aux_service/u_xfft/U0/i_synth/xfft_inst/non_floating_point.arch_d.xfft_inst/pe_gen[0].natural_order_input.PE/FB_1.BF_1/MEM/blk_ram.use_bram_only.mem/depth_13_s6_depth_12.main_ram_loop[0].use_RAMB18.ram_2k_loop[2].SDP_RAMB18_9x2048/ADDRBWRADDR[9]","1.510","0"
"clk500","0.156","2.000","sfo/initial_estimator/owner/fft/u_xfft/U0/i_synth/axi_wrapper/sclr_int_reg/C","sfo/initial_estimator/owner/fft/u_xfft/U0/i_synth/xfft_inst/non_floating_point.arch_d.xfft_inst/has_bit_reverse.XK_start_d_reg/R","1.727","0"
"clk500","0.156","2.000","sfo/initial_estimator/owner/fft/u_xfft/U0/i_synth/axi_wrapper/sclr_int_reg/C","sfo/initial_estimator/owner/fft/u_xfft/U0/i_synth/xfft_inst/non_floating_point.arch_d.xfft_inst/has_bit_reverse.dout_done_d_reg/R","1.727","0"
"clk500","0.156","2.000","sfo/residual_estimator/aux_service/u_xfft/U0/i_synth/xfft_inst/non_floating_point.arch_d.xfft_inst/FLOW/has_nfft.counter_limit_reg[15].max_n_int_minus_one_ff/C","sfo/residual_estimator/aux_service/u_xfft/U0/i_synth/xfft_inst/non_floating_point.arch_d.xfft_inst/pe_gen[2].natural_order_input.PE/overflow.OVFLO_CNT/no_early_reg.I_TC_reg/D","1.824","2"
"clk500","0.157","2.000","sfo/residual_estimator/aux_service/u_xfft/U0/i_synth/xfft_inst/non_floating_point.arch_d.xfft_inst/pe_gen[0].natural_order_input.PE/has_addr_gen.bf2_addr_gen/cnt/cnt_addsub/i_baseblox.i_baseblox_addsub/no_pipelining.the_addsub/i_lut6.i_lut6_addsub/i_q.i_simple.qreg/i_no_async_controls.output_reg[1]/C","sfo/residual_estimator/aux_service/u_xfft/U0/i_synth/xfft_inst/non_floating_point.arch_d.xfft_inst/pe_gen[0].natural_order_input.PE/FB_1.BF_1/MEM/blk_ram.use_bram_only.mem/depth_13_s6_depth_12.need_extra_rams.extra_ram_loop[3].use_RAMB18.SDP_RAMB18_2x8192/ADDRBWRADDR[1]","1.477","0"
"clk500","0.157","2.000","sfo/residual_estimator/aux_service/u_xfft/U0/i_synth/xfft_inst/non_floating_point.arch_d.xfft_inst/pe_gen[0].natural_order_input.PE/has_addr_gen.bf2_addr_gen/cnt/cnt_addsub/i_baseblox.i_baseblox_addsub/no_pipelining.the_addsub/i_lut6.i_lut6_addsub/i_q.i_simple.qreg/i_no_async_controls.output_reg[2]/C","sfo/residual_estimator/aux_service/u_xfft/U0/i_synth/xfft_inst/non_floating_point.arch_d.xfft_inst/pe_gen[0].natural_order_input.PE/FB_1.BF_1/MEM/blk_ram.use_bram_only.mem/depth_13_s6_depth_12.need_extra_rams.extra_ram_loop[0].use_RAMB18.SDP_RAMB18_2x8192/ADDRBWRADDR[2]","1.485","0"
"clk500","0.158","2.000","sfo/residual_estimator/aux_service/u_xfft/U0/i_synth/xfft_inst/non_floating_point.arch_d.xfft_inst/has_bit_reverse.natural_order_address_muxing.muxed_reorder_read_addr_reg[3]/C","sfo/residual_estimator/aux_service/u_xfft/U0/i_synth/xfft_inst/non_floating_point.arch_d.xfft_inst/has_bit_reverse.dig_rev_mem/blk_ram.use_bram_only.mem/depth_14.main_ram_loop[2].use_RAMB18.ram_2k_loop[3].SDP_RAMB18_9x2048/ADDRBWRADDR[6]","1.533","0"
"clk500","0.158","2.000","sfo/residual_estimator/aux_service/u_xfft/U0/i_synth/xfft_inst/non_floating_point.arch_d.xfft_inst/input_delay_im/no_sclr_lut.real_shift_ram.use_baseblock.use_hlutnm_srls.srl_loop[1].i_fdre0/C","sfo/residual_estimator/aux_service/u_xfft/U0/i_synth/xfft_inst/non_floating_point.arch_d.xfft_inst/pe_gen[2].natural_order_input.PE/bypass_muxes.din_im_mux_gen[2].reg/D","1.822","1"
"clk500","0.158","2.000","cfo/observation_front/coefficient_row_reg[12]/C","cfo/observation_front/coefficient_page0_data_reg_0_0/ADDRARDADDR[12]","1.537","0"
"clk500","0.158","2.000","cfo/observation_front/fft_core/state_reg[0]/C","cfo/observation_front/fft_core/bank0_reg_bram_0/DINADIN[8]","1.557","2"
"clk500","0.158","2.000","sfo/initial_estimator/owner/fft/u_xfft/U0/i_synth/axi_wrapper/sclr_int_reg/C","sfo/initial_estimator/owner/fft/u_xfft/U0/i_synth/xfft_inst/non_floating_point.arch_d.xfft_inst/has_bit_reverse.no_cyclic_prefix_xk_counter.DOUT_CNT_CTRL_1/cnt_valid_reg/R","1.725","0"
"clk500","0.158","2.000","sfo/residual_estimator/aux_service/u_xfft/U0/i_synth/xfft_inst/non_floating_point.arch_d.xfft_inst/has_bit_reverse.no_cp.muxed_reorder_write_addr_del_reg[1]/C","sfo/residual_estimator/aux_service/u_xfft/U0/i_synth/xfft_inst/non_floating_point.arch_d.xfft_inst/has_bit_reverse.dig_rev_mem/blk_ram.use_bram_only.mem/depth_14.main_ram_loop[0].use_RAMB18.ram_2k_loop[3].SDP_RAMB18_9x2048/ADDRARDADDR[4]","1.466","0"
"clk500","0.159","2.000","cfo/observation_front/fft_core/state_reg[0]/C","cfo/observation_front/fft_core/bank1_reg_bram_0/DINADIN[27]","1.556","2"
"clk500","0.159","2.000","cfo/windows/packed_windows/fifo/gnuram_async_fifo.xpm_fifo_base_inst/gen_sdpram.xpm_memory_base_inst/gen_wr_a.gen_word_narrow.mem_reg_bram_13/CLKBWRCLK","cfo/windows/packed_tail_reg[109]/D","1.775","0"
"clk500","0.159","2.000","cfo/windows/packed_windows/fifo/gnuram_async_fifo.xpm_fifo_base_inst/gen_fwft.gdvld_fwft.data_valid_fwft_reg/C","cfo/windows/packed_tail_reg[113]/CE","1.737","2"
"clk500","0.159","2.000","cfo/windows/packed_windows/fifo/gnuram_async_fifo.xpm_fifo_base_inst/gen_fwft.gdvld_fwft.data_valid_fwft_reg/C","cfo/windows/packed_tail_reg[17]/CE","1.737","2"
"clk500","0.159","2.000","cfo/windows/packed_windows/fifo/gnuram_async_fifo.xpm_fifo_base_inst/gen_fwft.gdvld_fwft.data_valid_fwft_reg/C","cfo/windows/packed_tail_reg[28]/CE","1.737","2"
"clk500","0.159","2.000","cfo/windows/packed_windows/fifo/gnuram_async_fifo.xpm_fifo_base_inst/gen_sdpram.xpm_memory_base_inst/gen_wr_a.gen_word_narrow.mem_reg_bram_7/CLKBWRCLK","cfo/windows/packed_tail_reg[65]/D","1.775","0"
"clk500","0.159","2.000","cfo/windows/packed_windows/fifo/gnuram_async_fifo.xpm_fifo_base_inst/gen_fwft.gdvld_fwft.data_valid_fwft_reg/C","cfo/windows/packed_tail_reg[68]/CE","1.737","2"
"clk500","0.159","2.000","sfo/residual_estimator/aux_service/u_xfft/U0/i_synth/xfft_inst/non_floating_point.arch_d.xfft_inst/has_bit_reverse.no_cp.muxed_reorder_write_addr_del_reg[1]/C","sfo/residual_estimator/aux_service/u_xfft/U0/i_synth/xfft_inst/non_floating_point.arch_d.xfft_inst/has_bit_reverse.dig_rev_mem/blk_ram.use_bram_only.mem/depth_14.main_ram_loop[1].use_RAMB18.ram_2k_loop[7].SDP_RAMB18_9x2048/ADDRARDADDR[4]","1.481","0"
"clk500","0.159","2.000","cfo/windows/poison_sync/syncstages_ff_reg[3]/C","cfo/windows/packed_head_reg[0]/D","1.824","5"
"clk500","0.159","2.000","sfo/residual_estimator/aux_service/u_xfft/U0/i_synth/xfft_inst/non_floating_point.arch_d.xfft_inst/pe_gen[0].natural_order_input.PE/FB_1.BF_1/wr_addr_del/no_sclr_lut.real_shift_ram.use_baseblock.use_hlutnm_srls.srl_loop[0].i_fdre0/C","sfo/residual_estimator/aux_service/u_xfft/U0/i_synth/xfft_inst/non_floating_point.arch_d.xfft_inst/pe_gen[0].natural_order_input.PE/FB_1.BF_1/MEM/blk_ram.use_bram_only.mem/depth_13_s6_depth_12.main_ram_loop[2].use_RAMB18.ram_2k_loop[3].SDP_RAMB18_9x2048/ADDRARDADDR[3]","1.480","0"
"clk500","0.160","2.000","sfo/residual_estimator/aux_service/u_xfft/U0/i_synth/xfft_inst/non_floating_point.arch_d.xfft_inst/pe_gen[0].natural_order_input.PE/FB_1.BF_1/wr_addr_del/no_sclr_lut.real_shift_ram.use_baseblock.use_hlutnm_srls.srl_loop[2].i_fdre0/C","sfo/residual_estimator/aux_service/u_xfft/U0/i_synth/xfft_inst/non_floating_point.arch_d.xfft_inst/pe_gen[0].natural_order_input.PE/FB_1.BF_1/MEM/blk_ram.use_bram_only.mem/depth_13_s6_depth_12.main_ram_loop[1].use_RAMB18.ram_2k_loop[0].SDP_RAMB18_9x2048/ADDRARDADDR[7]","1.536","0"
"clk500","0.160","2.000","cfo/observation_front/fft_core/state_reg[0]/C","cfo/observation_front/fft_core/bank1_reg_bram_0/DINADIN[1]","1.522","2"
"clk500","0.160","2.000","cfo/windows/packed_windows/fifo/gnuram_async_fifo.xpm_fifo_base_inst/gen_sdpram.xpm_memory_base_inst/gen_wr_a.gen_word_narrow.mem_reg_bram_7/CLKBWRCLK","cfo/windows/packed_head_reg[65]/D","1.774","1"
"clk500","0.160","2.000","sfo/residual_estimator/aux_service/u_xfft/U0/i_synth/axi_wrapper/reset_pipe_reg[1]/C","sfo/residual_estimator/aux_service/u_xfft/U0/i_synth/axi_wrapper/data_out_channel/gen_real_time.data_out_reg[9]/CE","1.737","1"
"clk500","0.160","2.000","sfo/residual_estimator/aux_service/u_xfft/U0/i_synth/xfft_inst/non_floating_point.arch_d.xfft_inst/FLOW/has_nfft.counter_limit_reg[5].max_n_int_minus_one_ff/C","sfo/residual_estimator/aux_service/u_xfft/U0/i_synth/xfft_inst/non_floating_point.arch_d.xfft_inst/pe_gen[5].natural_order_input.PE/overflow.OVFLO_CNT/no_early_reg.I_TC_reg/D","1.823","2"
"clk500","0.161","2.000","sfo/residual_estimator/aux_service/u_xfft/U0/i_synth/xfft_inst/non_floating_point.arch_d.xfft_inst/has_bit_reverse.natural_order_address_muxing.muxed_reorder_read_addr_reg[9]/C","sfo/residual_estimator/aux_service/u_xfft/U0/i_synth/xfft_inst/non_floating_point.arch_d.xfft_inst/has_bit_reverse.dig_rev_mem/blk_ram.use_bram_only.mem/depth_14.main_ram_loop[1].use_RAMB18.ram_2k_loop[5].SDP_RAMB18_9x2048/ADDRBWRADDR[12]","1.524","0"
"clk500","0.161","2.000","cfo/observation_front/pi4_reg/DSP_OUTPUT_INST/CLK","cfo/observation_front/h_q5_reg[26]/D","1.789","7"
"clk500","0.161","2.000","sfo/residual_estimator/aux_service/u_xfft/U0/i_synth/axi_wrapper/reset_pipe_reg[1]/C","sfo/residual_estimator/aux_service/u_xfft/U0/i_synth/axi_wrapper/gen_status_channel.gen_status_ovflo.we_current_state_reg/R","1.722","0"
"clk500","0.161","2.000","sfo/residual_estimator/aux_service/u_xfft/U0/i_synth/xfft_inst/non_floating_point.arch_d.xfft_inst/has_bit_reverse.no_cp.muxed_reorder_write_addr_del_reg[8]/C","sfo/residual_estimator/aux_service/u_xfft/U0/i_synth/xfft_inst/non_floating_point.arch_d.xfft_inst/has_bit_reverse.dig_rev_mem/blk_ram.use_bram_only.mem/depth_14.main_ram_loop[1].use_RAMB18.ram_2k_loop[6].SDP_RAMB18_9x2048/ADDRARDADDR[11]","1.538","0"
"clk500","0.161","2.000","sfo/residual_estimator/aux_service/u_xfft/U0/i_synth/xfft_inst/non_floating_point.arch_d.xfft_inst/pe_gen[0].natural_order_input.PE/FB_1.BF_1/wr_addr_del/no_sclr_lut.real_shift_ram.use_baseblock.use_hlutnm_srls.srl_loop[3].i_fdre1/C","sfo/residual_estimator/aux_service/u_xfft/U0/i_synth/xfft_inst/non_floating_point.arch_d.xfft_inst/pe_gen[0].natural_order_input.PE/FB_1.BF_1/MEM/blk_ram.use_bram_only.mem/depth_13_s6_depth_12.main_ram_loop[0].use_RAMB18.ram_2k_loop[3].SDP_RAMB18_9x2048/ADDRARDADDR[10]","1.521","0"
"clk500","0.162","2.000","cfo/windows/poison_sync/syncstages_ff_reg[3]/C","cfo/windows/packed_windows/fifo/gnuram_async_fifo.xpm_fifo_base_inst/gen_sdpram.xpm_memory_base_inst/gen_wr_a.gen_word_narrow.mem_reg_bram_5/CASDOMUXEN_B","1.716","3"
"clk500","0.162","2.000","sfo/residual_estimator/aux_service/u_xfft/U0/i_synth/xfft_inst/non_floating_point.arch_d.xfft_inst/has_bit_reverse.no_cp.muxed_reorder_write_addr_del_reg[4]/C","sfo/residual_estimator/aux_service/u_xfft/U0/i_synth/xfft_inst/non_floating_point.arch_d.xfft_inst/has_bit_reverse.dig_rev_mem/blk_ram.use_bram_only.mem/depth_14.need_extra_rams.extra_ram_loop[3].use_RAMB18.SDP_RAMB18_1x16384/ADDRARDADDR[4]","1.463","0"
"clk500","0.162","2.000","sfo/residual_estimator/aux_service/u_xfft/U0/i_synth/xfft_inst/non_floating_point.arch_d.xfft_inst/pe_gen[0].natural_order_input.PE/has_addr_gen.bf2_addr_gen/cnt/cnt_addsub/i_baseblox.i_baseblox_addsub/no_pipelining.the_addsub/i_lut6.i_lut6_addsub/i_q.i_simple.qreg/i_no_async_controls.output_reg[3]/C","sfo/residual_estimator/aux_service/u_xfft/U0/i_synth/xfft_inst/non_floating_point.arch_d.xfft_inst/pe_gen[0].natural_order_input.PE/FB_1.BF_1/MEM/blk_ram.use_bram_only.mem/depth_13_s6_depth_12.need_extra_rams.extra_ram_loop[3].use_RAMB18.SDP_RAMB18_2x8192/ADDRBWRADDR[3]","1.470","0"
"clk500","0.163","2.000","sfo/residual_estimator/aux_service/u_xfft/U0/i_synth/xfft_inst/non_floating_point.arch_d.xfft_inst/pe_gen[0].natural_order_input.PE/FB_1.BF_1/wr_addr_del/no_sclr_lut.real_shift_ram.use_baseblock.use_hlutnm_srls.srl_loop[4].i_fdre1/C","sfo/residual_estimator/aux_service/u_xfft/U0/i_synth/xfft_inst/non_floating_point.arch_d.xfft_inst/pe_gen[0].natural_order_input.PE/FB_1.BF_1/MEM/blk_ram.use_bram_only.mem/depth_13_s6_depth_12.need_extra_rams.extra_ram_loop[0].use_RAMB18.SDP_RAMB18_2x8192/ADDRARDADDR[10]","1.526","0"
"clk500","0.163","2.000","sfo/residual_estimator/aux_service/u_xfft/U0/i_synth/xfft_inst/non_floating_point.arch_d.xfft_inst/has_bit_reverse.natural_order_address_muxing.muxed_reorder_read_addr_reg[4]/C","sfo/residual_estimator/aux_service/u_xfft/U0/i_synth/xfft_inst/non_floating_point.arch_d.xfft_inst/has_bit_reverse.dig_rev_mem/blk_ram.use_bram_only.mem/depth_14.main_ram_loop[1].use_RAMB18.ram_2k_loop[1].SDP_RAMB18_9x2048/ADDRBWRADDR[7]","1.508","0"
"clk500","0.164","2.000","cfo/observation_front/m_frame_reg[9]/C","cfo/estimator/expected_window_reg[0]/CE","1.733","6"
"clk500","0.164","2.000","sfo/residual_estimator/aux_service/u_xfft/U0/i_synth/xfft_inst/non_floating_point.arch_d.xfft_inst/has_bit_reverse.natural_order_address_muxing.muxed_reorder_read_addr_reg[2]/C","sfo/residual_estimator/aux_service/u_xfft/U0/i_synth/xfft_inst/non_floating_point.arch_d.xfft_inst/has_bit_reverse.dig_rev_mem/blk_ram.use_bram_only.mem/depth_14.need_extra_rams.extra_ram_loop[3].use_RAMB18.SDP_RAMB18_1x16384/ADDRBWRADDR[2]","1.495","0"
"clk500","0.164","2.000","sfo/residual_estimator/aux_service/u_xfft/U0/i_synth/xfft_inst/non_floating_point.arch_d.xfft_inst/pe_gen[0].natural_order_input.PE/has_addr_gen.bf2_addr_gen/cnt/cnt_addsub/i_baseblox.i_baseblox_addsub/no_pipelining.the_addsub/i_lut6.i_lut6_addsub/i_q.i_simple.qreg/i_no_async_controls.output_reg[3]/C","sfo/residual_estimator/aux_service/u_xfft/U0/i_synth/xfft_inst/non_floating_point.arch_d.xfft_inst/pe_gen[0].natural_order_input.PE/FB_1.BF_1/MEM/blk_ram.use_bram_only.mem/depth_13_s6_depth_12.main_ram_loop[0].use_RAMB18.ram_2k_loop[2].SDP_RAMB18_9x2048/ADDRBWRADDR[5]","1.524","0"
"clk500","0.164","2.000","sfo/residual_estimator/aux_service/u_xfft/U0/i_synth/xfft_inst/non_floating_point.arch_d.xfft_inst/pe_gen[0].natural_order_input.PE/FB_1.BF_1/wr_addr_del/no_sclr_lut.real_shift_ram.use_baseblock.use_hlutnm_srls.srl_loop[1].i_fdre1/C","sfo/residual_estimator/aux_service/u_xfft/U0/i_synth/xfft_inst/non_floating_point.arch_d.xfft_inst/pe_gen[0].natural_order_input.PE/FB_1.BF_1/MEM/blk_ram.use_bram_only.mem/depth_13_s6_depth_12.main_ram_loop[2].use_RAMB18.ram_2k_loop[3].SDP_RAMB18_9x2048/ADDRARDADDR[6]","1.545","0"
"clk500","0.165","2.000","sfo/initial_estimator/owner/fft/reset_sync500/syncstages_ff_reg[3]/C","sfo/initial_estimator/owner/fft/u_egress_fifo/gnuram_async_fifo.xpm_fifo_base_inst/wrpp2_inst/count_value_i_reg[5]/D","1.815","3"
"clk500","0.165","2.000","sfo/residual_estimator/aux_service/u_xfft/U0/i_synth/xfft_inst/non_floating_point.arch_d.xfft_inst/has_bit_reverse.no_cp.muxed_reorder_write_addr_del_reg[0]/C","sfo/residual_estimator/aux_service/u_xfft/U0/i_synth/xfft_inst/non_floating_point.arch_d.xfft_inst/has_bit_reverse.dig_rev_mem/blk_ram.use_bram_only.mem/depth_14.main_ram_loop[1].use_RAMB18.ram_2k_loop[4].SDP_RAMB18_9x2048/ADDRARDADDR[3]","1.475","0"
"clk500","0.165","2.000","sfo/residual_estimator/aux_service/u_xfft/U0/i_synth/xfft_inst/non_floating_point.arch_d.xfft_inst/pe_gen[0].natural_order_input.PE/FB_1.BF_1/wr_addr_del/no_sclr_lut.real_shift_ram.use_baseblock.use_hlutnm_srls.srl_loop[2].i_fdre0/C","sfo/residual_estimator/aux_service/u_xfft/U0/i_synth/xfft_inst/non_floating_point.arch_d.xfft_inst/pe_gen[0].natural_order_input.PE/FB_1.BF_1/MEM/blk_ram.use_bram_only.mem/depth_13_s6_depth_12.main_ram_loop[2].use_RAMB18.ram_2k_loop[3].SDP_RAMB18_9x2048/ADDRARDADDR[7]","1.528","0"
"clk500","0.165","2.000","sfo/residual_estimator/aux_service/u_xfft/U0/i_synth/xfft_inst/non_floating_point.arch_d.xfft_inst/has_bit_reverse.no_cp.muxed_reorder_write_addr_del_reg[7]/C","sfo/residual_estimator/aux_service/u_xfft/U0/i_synth/xfft_inst/non_floating_point.arch_d.xfft_inst/has_bit_reverse.dig_rev_mem/blk_ram.use_bram_only.mem/depth_14.main_ram_loop[2].use_RAMB18.ram_2k_loop[2].SDP_RAMB18_9x2048/ADDRARDADDR[10]","1.517","0"
"clk500","0.166","2.000","cfo/observation_front/fft_core/state_reg[0]/C","cfo/observation_front/fft_core/bank0_reg_bram_0/DINADIN[24]","1.545","2"
"clk500","0.166","2.000","cfo/observation_front/pi4_reg/DSP_OUTPUT_INST/CLK","cfo/observation_front/h_q5_reg[22]/D","1.784","6"
"clk500","0.166","2.000","cfo/windows/poison_sync/syncstages_ff_reg[3]/C","cfo/windows/packed_windows/fifo/gnuram_async_fifo.xpm_fifo_base_inst/gen_sdpram.xpm_memory_base_inst/gen_wr_a.gen_word_narrow.mem_reg_bram_2/ENBWREN","1.469","3"
"clk500","0.166","2.000","sfo/residual_estimator/aux_service/u_xfft/U0/i_synth/xfft_inst/non_floating_point.arch_d.xfft_inst/has_bit_reverse.natural_order_address_muxing.muxed_reorder_read_addr_reg[5]/C","sfo/residual_estimator/aux_service/u_xfft/U0/i_synth/xfft_inst/non_floating_point.arch_d.xfft_inst/has_bit_reverse.dig_rev_mem/blk_ram.use_bram_only.mem/depth_14.main_ram_loop[1].use_RAMB18.ram_2k_loop[1].SDP_RAMB18_9x2048/ADDRBWRADDR[8]","1.506","0"
"clk500","0.166","2.000","sfo/residual_estimator/aux_service/u_xfft/U0/i_synth/xfft_inst/non_floating_point.arch_d.xfft_inst/pe_gen[0].natural_order_input.PE/has_addr_gen.bf2_addr_gen/cnt/cnt_addsub/i_baseblox.i_baseblox_addsub/no_pipelining.the_addsub/i_lut6.i_lut6_addsub/i_q.i_simple.qreg/i_no_async_controls.output_reg[2]/C","sfo/residual_estimator/aux_service/u_xfft/U0/i_synth/xfft_inst/non_floating_point.arch_d.xfft_inst/pe_gen[0].natural_order_input.PE/FB_1.BF_1/MEM/blk_ram.use_bram_only.mem/depth_13_s6_depth_12.need_extra_rams.extra_ram_loop[3].use_RAMB18.SDP_RAMB18_2x8192/ADDRBWRADDR[2]","1.492","0"
"clk500","0.166","2.000","cfo/windows/poison_sync/syncstages_ff_reg[3]/C","cfo/windows/packed_head_reg[106]/D","1.817","5"
"clk500","0.166","2.000","cfo/windows/packed_windows/fifo/gnuram_async_fifo.xpm_fifo_base_inst/gen_fwft.gdvld_fwft.data_valid_fwft_reg/C","cfo/windows/packed_tail_reg[10]/CE","1.731","2"
"clk500","0.166","2.000","cfo/windows/packed_windows/fifo/gnuram_async_fifo.xpm_fifo_base_inst/gen_fwft.gdvld_fwft.data_valid_fwft_reg/C","cfo/windows/packed_tail_reg[119]/CE","1.731","2"
"clk500","0.166","2.000","cfo/windows/packed_windows/fifo/gnuram_async_fifo.xpm_fifo_base_inst/gen_fwft.gdvld_fwft.data_valid_fwft_reg/C","cfo/windows/packed_tail_reg[122]/CE","1.731","2"
"clk500","0.166","2.000","cfo/windows/packed_windows/fifo/gnuram_async_fifo.xpm_fifo_base_inst/gen_fwft.gdvld_fwft.data_valid_fwft_reg/C","cfo/windows/packed_tail_reg[78]/CE","1.731","2"
"clk500","0.166","2.000","cfo/observation_front/fft_core/state_reg[0]/C","cfo/observation_front/fft_core/tag_reg[5][row_a][1]/CE","1.732","1"
"clk500","0.166","2.000","cfo/observation_front/fft_core/state_reg[0]/C","cfo/observation_front/fft_core/tag_reg[5][row_b][7]/CE","1.732","1"
"clk500","0.166","2.000","cfo/observation_front/fft_core/state_reg[0]/C","cfo/observation_front/fft_core/tag_reg[5][row_b][9]/CE","1.732","1"
"clk500","0.167","2.000","cfo/observation_front/coefficient_row_reg[6]/C","cfo/observation_front/coefficient_page0_data_reg_0_0/ADDRARDADDR[6]","1.522","0"
"clk500","0.167","2.000","cfo/observation_front/v_reg[5]/C","cfo/observation_front/m_z_q_reg[10]/CE","1.730","1"
"clk500","0.167","2.000","cfo/observation_front/v_reg[5]/C","cfo/observation_front/m_z_q_reg[11]/CE","1.730","1"
"clk500","0.167","2.000","cfo/observation_front/v_reg[5]/C","cfo/observation_front/m_z_q_reg[12]/CE","1.730","1"
"clk500","0.167","2.000","cfo/observation_front/v_reg[5]/C","cfo/observation_front/m_z_q_reg[13]/CE","1.730","1"
"clk500","0.167","2.000","cfo/observation_front/v_reg[5]/C","cfo/observation_front/m_z_q_reg[14]/CE","1.730","1"
"clk500","0.167","2.000","cfo/observation_front/v_reg[5]/C","cfo/observation_front/m_z_q_reg[15]/CE","1.730","1"
"clk500","0.167","2.000","cfo/observation_front/v_reg[5]/C","cfo/observation_front/m_z_q_reg[8]/CE","1.730","1"
"clk500","0.167","2.000","cfo/observation_front/v_reg[5]/C","cfo/observation_front/m_z_q_reg[9]/CE","1.730","1"
"clk500","0.167","2.000","cfo/windows/poison_sync/syncstages_ff_reg[3]/C","cfo/windows/packed_head_reg[1]/D","1.815","5"
"clk500","0.167","2.000","sfo/residual_estimator/front_stage/main/service/u_xfft/U0/i_synth/axi_wrapper/sclr_int_reg/C","sfo/residual_estimator/front_stage/main/service/u_xfft/U0/i_synth/xfft_inst/non_floating_point.arch_d.xfft_inst/DOUT_CNT_CTRL_0/cnt_valid_reg/R","1.716","0"
"clk500","0.167","2.000","sfo/residual_estimator/front_stage/main/service/u_xfft/U0/i_synth/axi_wrapper/sclr_int_reg/C","sfo/residual_estimator/front_stage/main/service/u_xfft/U0/i_synth/xfft_inst/non_floating_point.arch_d.xfft_inst/has_bit_reverse.addr_r_MSB_reg/R","1.716","0"
"clk500","0.167","2.000","sfo/residual_estimator/front_stage/main/service/u_xfft/U0/i_synth/axi_wrapper/sclr_int_reg/C","sfo/residual_estimator/front_stage/main/service/u_xfft/U0/i_synth/xfft_inst/non_floating_point.arch_d.xfft_inst/has_bit_reverse.addr_w_MSB_reg/R","1.716","0"
"clk500","0.168","2.000","cfo/observation_front/fft_core/state_reg[0]/C","cfo/observation_front/fft_core/bank1_reg_bram_0/DINADIN[31]","1.541","2"
"clk500","0.168","2.000","sfo/residual_estimator/aux_service/u_xfft/U0/i_synth/xfft_inst/non_floating_point.arch_d.xfft_inst/has_bit_reverse.no_cp.muxed_reorder_write_addr_del_reg[9]/C","sfo/residual_estimator/aux_service/u_xfft/U0/i_synth/xfft_inst/non_floating_point.arch_d.xfft_inst/has_bit_reverse.dig_rev_mem/blk_ram.use_bram_only.mem/depth_14.need_extra_rams.extra_ram_loop[1].use_RAMB18.SDP_RAMB18_1x16384/ADDRARDADDR[9]","1.543","0"
"clk500","0.168","2.000","cfo/windows/packed_windows/fifo/gnuram_async_fifo.xpm_fifo_base_inst/gen_fwft.gdvld_fwft.data_valid_fwft_reg/C","cfo/windows/packed_tail_reg[105]/CE","1.729","2"
"clk500","0.168","2.000","cfo/windows/packed_windows/fifo/gnuram_async_fifo.xpm_fifo_base_inst/gen_fwft.gdvld_fwft.data_valid_fwft_reg/C","cfo/windows/packed_tail_reg[107]/CE","1.729","2"
"clk500","0.168","2.000","cfo/windows/packed_windows/fifo/gnuram_async_fifo.xpm_fifo_base_inst/gen_fwft.gdvld_fwft.data_valid_fwft_reg/C","cfo/windows/packed_tail_reg[73]/CE","1.729","2"
"clk500","0.168","2.000","cfo/windows/packed_windows/fifo/gnuram_async_fifo.xpm_fifo_base_inst/gen_fwft.gdvld_fwft.data_valid_fwft_reg/C","cfo/windows/packed_tail_reg[9]/CE","1.729","2"
"clk500","0.168","2.000","sfo/residual_estimator/aux_service/u_egress_fifo/gnuram_async_fifo.xpm_fifo_base_inst/xpm_fifo_rst_inst/gen_rst_ic.wr_rst_busy_ic_reg/C","sfo/residual_estimator/aux_service/u_egress_fifo/gnuram_async_fifo.xpm_fifo_base_inst/wrp_inst/count_value_i_reg[12]/D","1.812","6"
"clk500","0.168","2.000","sfo/residual_estimator/front_stage/main/service/u_xfft/U0/i_synth/axi_wrapper/sclr_int_reg/C","sfo/residual_estimator/front_stage/main/service/u_xfft/U0/i_synth/xfft_inst/non_floating_point.arch_d.xfft_inst/has_bit_reverse.XK_start_d_reg/R","1.715","0"
"clk500","0.168","2.000","cfo/observation_front/fft_core/v_reg[1]/C","cfo/observation_front/fft_core/ai2_reg[10]/CE","1.728","0"
"clk500","0.168","2.000","cfo/observation_front/fft_core/v_reg[1]/C","cfo/observation_front/fft_core/ai2_reg[11]/CE","1.728","0"
"clk500","0.168","2.000","cfo/observation_front/fft_core/v_reg[1]/C","cfo/observation_front/fft_core/ai2_reg[6]/CE","1.728","0"
"clk500","0.168","2.000","cfo/observation_front/fft_core/v_reg[1]/C","cfo/observation_front/fft_core/ar2_reg[0]/CE","1.728","0"
"clk500","0.168","2.000","sfo/residual_estimator/aux_service/u_xfft/U0/i_synth/xfft_inst/non_floating_point.arch_d.xfft_inst/has_bit_reverse.natural_order_address_muxing.muxed_reorder_read_addr_reg[0]/C","sfo/residual_estimator/aux_service/u_xfft/U0/i_synth/xfft_inst/non_floating_point.arch_d.xfft_inst/has_bit_reverse.dig_rev_mem/blk_ram.use_bram_only.mem/depth_14.main_ram_loop[1].use_RAMB18.ram_2k_loop[2].SDP_RAMB18_9x2048/ADDRBWRADDR[3]","1.485","0"
"clk500","0.169","2.000","cfo/windows/packed_windows/fifo/gnuram_async_fifo.xpm_fifo_base_inst/gen_sdpram.xpm_memory_base_inst/gen_wr_a.gen_word_narrow.mem_reg_bram_7/CLKBWRCLK","cfo/windows/packed_tail_reg[54]/D","1.765","0"
"clk500","0.169","2.000","sfo/residual_estimator/aux_service/u_xfft/U0/i_synth/xfft_inst/non_floating_point.arch_d.xfft_inst/has_bit_reverse.natural_order_address_muxing.muxed_reorder_read_addr_reg[0]/C","sfo/residual_estimator/aux_service/u_xfft/U0/i_synth/xfft_inst/non_floating_point.arch_d.xfft_inst/has_bit_reverse.dig_rev_mem/blk_ram.use_bram_only.mem/depth_14.main_ram_loop[2].use_RAMB18.ram_2k_loop[5].SDP_RAMB18_9x2048/ADDRBWRADDR[3]","1.463","0"
"clk500","0.169","2.000","sfo/residual_estimator/aux_service/u_xfft/U0/i_synth/xfft_inst/non_floating_point.arch_d.xfft_inst/has_bit_reverse.no_cp.muxed_reorder_write_addr_del_reg[7]/C","sfo/residual_estimator/aux_service/u_xfft/U0/i_synth/xfft_inst/non_floating_point.arch_d.xfft_inst/has_bit_reverse.dig_rev_mem/blk_ram.use_bram_only.mem/depth_14.need_extra_rams.extra_ram_loop[3].use_RAMB18.SDP_RAMB18_1x16384/ADDRARDADDR[7]","1.524","0"
"clk500","0.169","2.000","sfo/residual_estimator/aux_service/u_xfft/U0/i_synth/xfft_inst/non_floating_point.arch_d.xfft_inst/pe_gen[0].natural_order_input.PE/has_addr_gen.bf2_addr_gen/cnt/cnt_addsub/i_baseblox.i_baseblox_addsub/no_pipelining.the_addsub/i_lut6.i_lut6_addsub/i_q.i_simple.qreg/i_no_async_controls.output_reg[7]/C","sfo/residual_estimator/aux_service/u_xfft/U0/i_synth/xfft_inst/non_floating_point.arch_d.xfft_inst/pe_gen[0].natural_order_input.PE/FB_1.BF_1/MEM/blk_ram.use_bram_only.mem/depth_13_s6_depth_12.main_ram_loop[0].use_RAMB18.ram_2k_loop[3].SDP_RAMB18_9x2048/ADDRBWRADDR[9]","1.497","0"
"clk500","0.169","2.000","sfo/residual_estimator/front_stage/main/service/u_xfft/U0/i_synth/axi_wrapper/sclr_int_reg/C","sfo/residual_estimator/front_stage/main/service/u_xfft/U0/i_synth/xfft_inst/non_floating_point.arch_d.xfft_inst/FLOW/reset_sustain.resets_4_pes[4].delay_reset_pe/count_addsub_reg[0].addsub_reg/R","1.714","0"
"clk500","0.169","2.000","sfo/residual_estimator/front_stage/main/service/u_xfft/U0/i_synth/axi_wrapper/sclr_int_reg/C","sfo/residual_estimator/front_stage/main/service/u_xfft/U0/i_synth/xfft_inst/non_floating_point.arch_d.xfft_inst/FLOW/reset_sustain.resets_4_pes[4].delay_reset_pe/count_addsub_reg[1].addsub_reg/R","1.714","0"
"clk500","0.169","2.000","sfo/residual_estimator/front_stage/main/service/u_xfft/U0/i_synth/axi_wrapper/sclr_int_reg/C","sfo/residual_estimator/front_stage/main/service/u_xfft/U0/i_synth/xfft_inst/non_floating_point.arch_d.xfft_inst/FLOW/reset_sustain.resets_4_pes[4].delay_reset_pe/count_addsub_reg[2].addsub_reg/R","1.714","0"
"clk500","0.169","2.000","sfo/residual_estimator/front_stage/main/service/u_xfft/U0/i_synth/axi_wrapper/sclr_int_reg/C","sfo/residual_estimator/front_stage/main/service/u_xfft/U0/i_synth/xfft_inst/non_floating_point.arch_d.xfft_inst/FLOW/reset_sustain.resets_4_pes[4].delay_reset_pe/count_addsub_reg[3].addsub_reg/R","1.714","0"
"clk500","0.170","2.000","cfo/observation_front/fft_core/bank1_reg_bram_0/CLKBWRCLK","cfo/observation_front/fft_core/ri3_reg/DSP_A_B_DATA_INST/A[3]","1.506","1"
"clk500","0.170","2.000","sfo/residual_estimator/aux_service/u_xfft/U0/i_synth/xfft_inst/non_floating_point.arch_d.xfft_inst/has_bit_reverse.natural_order_address_muxing.muxed_reorder_read_addr_reg[9]/C","sfo/residual_estimator/aux_service/u_xfft/U0/i_synth/xfft_inst/non_floating_point.arch_d.xfft_inst/has_bit_reverse.dig_rev_mem/blk_ram.use_bram_only.mem/depth_14.main_ram_loop[2].use_RAMB18.ram_2k_loop[7].SDP_RAMB18_9x2048/ADDRBWRADDR[12]","1.515","0"
"clk500","0.170","2.000","sfo/residual_estimator/aux_service/u_xfft/U0/i_synth/xfft_inst/non_floating_point.arch_d.xfft_inst/pe_gen[0].natural_order_input.PE/FB_1.BF_1/wr_addr_del/no_sclr_lut.real_shift_ram.use_baseblock.use_hlutnm_srls.srl_loop[2].i_fdre1/C","sfo/residual_estimator/aux_service/u_xfft/U0/i_synth/xfft_inst/non_floating_point.arch_d.xfft_inst/pe_gen[0].natural_order_input.PE/FB_1.BF_1/MEM/blk_ram.use_bram_only.mem/depth_13_s6_depth_12.main_ram_loop[2].use_RAMB18.ram_2k_loop[1].SDP_RAMB18_9x2048/ADDRARDADDR[8]","1.537","0"
"clk500","0.170","2.000","sfo/residual_estimator/front_stage/main/service/u_xfft/U0/i_synth/axi_wrapper/sclr_int_reg/C","sfo/residual_estimator/front_stage/main/service/u_xfft/U0/i_synth/xfft_inst/non_floating_point.arch_d.xfft_inst/FLOW/reset_sustain.resets_4_pes[4].delay_reset_pe/count_addsub_reg[4].addsub_reg/R","1.713","0"
"clk500","0.170","2.000","cfo/windows/poison_sync/syncstages_ff_reg[3]/C","cfo/windows/packed_head_reg[96]/D","1.813","5"
"clk500","0.170","2.000","cfo/windows/packed_windows/fifo/gnuram_async_fifo.xpm_fifo_base_inst/gen_sdpram.xpm_memory_base_inst/gen_wr_a.gen_word_narrow.mem_reg_bram_13/CLKBWRCLK","cfo/windows/packed_tail_reg[117]/D","1.765","0"
"clk500","0.170","2.000","sfo/residual_estimator/aux_service/u_xfft/U0/i_synth/xfft_inst/non_floating_point.arch_d.xfft_inst/has_bit_reverse.natural_order_address_muxing.muxed_reorder_read_addr_reg[2]/C","sfo/residual_estimator/aux_service/u_xfft/U0/i_synth/xfft_inst/non_floating_point.arch_d.xfft_inst/has_bit_reverse.dig_rev_mem/blk_ram.use_bram_only.mem/depth_14.need_extra_rams.extra_ram_loop[0].use_RAMB18.SDP_RAMB18_1x16384/ADDRBWRADDR[2]","1.473","0"
"clk500","0.170","2.000","sfo/residual_estimator/aux_service/u_xfft/U0/i_synth/xfft_inst/non_floating_point.arch_d.xfft_inst/input_delay_re/no_sclr_lut.real_shift_ram.use_baseblock.use_hlutnm_srls.srl_loop[0].i_fdre0/C","sfo/residual_estimator/aux_service/u_xfft/U0/i_synth/xfft_inst/non_floating_point.arch_d.xfft_inst/pe_gen[3].natural_order_input.PE/bypass_muxes.din_re_mux_gen[0].reg/D","1.810","1"
"clk500","0.171","2.000","cfo/observation_front/fft_core/state_reg[0]/C","cfo/observation_front/fft_core/bank1_reg_bram_0/DINADIN[2]","1.529","2"
"clk500","0.171","2.000","cfo/windows/packed_windows/fifo/gnuram_async_fifo.xpm_fifo_base_inst/gen_sdpram.xpm_memory_base_inst/gen_wr_a.gen_word_narrow.mem_reg_bram_3/CLKBWRCLK","cfo/windows/packed_tail_reg[27]/D","1.763","0"
"clk500","0.171","2.000","sfo/residual_estimator/aux_service/u_xfft/U0/i_synth/xfft_inst/non_floating_point.arch_d.xfft_inst/pe_gen[0].natural_order_input.PE/has_addr_gen.bf2_addr_gen/cnt/cnt_addsub/i_baseblox.i_baseblox_addsub/no_pipelining.the_addsub/i_lut6.i_lut6_addsub/i_q.i_simple.qreg/i_no_async_controls.output_reg[6]/C","sfo/residual_estimator/aux_service/u_xfft/U0/i_synth/xfft_inst/non_floating_point.arch_d.xfft_inst/pe_gen[0].natural_order_input.PE/FB_1.BF_1/MEM/blk_ram.use_bram_only.mem/depth_13_s6_depth_12.main_ram_loop[0].use_RAMB18.ram_2k_loop[0].SDP_RAMB18_9x2048/ADDRBWRADDR[8]","1.519","0"
"clk500","0.171","2.000","sfo/residual_estimator/aux_service/u_xfft/U0/i_synth/axi_wrapper/gen_has_nfft.nfft_we_int_reg/C","sfo/residual_estimator/aux_service/u_xfft/U0/i_synth/xfft_inst/non_floating_point.arch_d.xfft_inst/has_bit_reverse.var_pt_size_muxed_addresses.left_shifter/r14.shifter/use_mux16.use_lut6.sixteen_to_one_mux[9].use_output_reg_and_pipe_reg.reg0/R","1.710","1"
"clk500","0.172","2.000","cfo/windows/poison_sync/syncstages_ff_reg[3]/C","cfo/observation_front/fft_core/bank0_reg_bram_0/DINADIN[22]","1.538","2"
"clk500","0.172","2.000","cfo/observation_front/state_reg[0]/C","cfo/observation_front/fft_core/bank1_reg_bram_0/ADDRBWRADDR[11]","1.502","5"
"clk500","0.172","2.000","cfo/observation_front/fft_core/offset_in_group_reg[3]/C","cfo/observation_front/fft_core/bank1_reg_bram_1/ADDRBWRADDR[5]","1.532","4"
"clk500","0.172","2.000","sfo/residual_estimator/aux_service/u_xfft/U0/i_synth/xfft_inst/non_floating_point.arch_d.xfft_inst/has_bit_reverse.no_cp.muxed_reorder_write_addr_del_reg[5]/C","sfo/residual_estimator/aux_service/u_xfft/U0/i_synth/xfft_inst/non_floating_point.arch_d.xfft_inst/has_bit_reverse.dig_rev_mem/blk_ram.use_bram_only.mem/depth_14.main_ram_loop[0].use_RAMB18.ram_2k_loop[3].SDP_RAMB18_9x2048/ADDRARDADDR[8]","1.527","0"
"clk500","0.172","2.000","cfo/windows/poison_sync/syncstages_ff_reg[3]/C","cfo/windows/packed_windows/fifo/gnuram_async_fifo.xpm_fifo_base_inst/gen_sdpram.xpm_memory_base_inst/gen_wr_a.gen_word_narrow.mem_reg_bram_9/CASDOMUXEN_B","1.706","3"
"clk500","0.172","2.000","sfo/residual_estimator/aux_service/u_xfft/U0/i_synth/axi_wrapper/gen_has_nfft.nfft_we_int_reg/C","sfo/residual_estimator/aux_service/u_xfft/U0/i_synth/xfft_inst/non_floating_point.arch_d.xfft_inst/has_bit_reverse.var_pt_size_muxed_addresses.left_shifter/r14.shifter/use_mux16.use_lut6.sixteen_to_one_mux[1].use_output_reg_and_pipe_reg.reg0/R","1.709","1"
"clk500","0.173","2.000","cfo/observation_front/pi4_reg/DSP_OUTPUT_INST/CLK","cfo/observation_front/h_q5_reg[24]/D","1.777","7"
"clk500","0.173","2.000","sfo/residual_estimator/aux_service/u_xfft/U0/i_synth/axi_wrapper/gen_has_nfft.nfft_we_int_reg/C","sfo/residual_estimator/aux_service/u_xfft/U0/i_synth/xfft_inst/non_floating_point.arch_d.xfft_inst/DOUT_CNT_CTRL_0/cnt/cnt_addsub/i_baseblox.i_baseblox_addsub/no_pipelining.the_addsub/i_lut6.i_lut6_addsub/i_q.i_simple.qreg/i_no_async_controls.output_reg[1]/R","1.708","1"
"clk500","0.173","2.000","sfo/residual_estimator/aux_service/u_xfft/U0/i_synth/axi_wrapper/gen_has_nfft.nfft_we_int_reg/C","sfo/residual_estimator/aux_service/u_xfft/U0/i_synth/xfft_inst/non_floating_point.arch_d.xfft_inst/DOUT_CNT_CTRL_0/cnt/cnt_addsub/i_baseblox.i_baseblox_addsub/no_pipelining.the_addsub/i_lut6.i_lut6_addsub/i_q.i_simple.qreg/i_no_async_controls.output_reg[2]/R","1.708","1"
"clk500","0.173","2.000","sfo/residual_estimator/aux_service/u_xfft/U0/i_synth/axi_wrapper/gen_has_nfft.nfft_we_int_reg/C","sfo/residual_estimator/aux_service/u_xfft/U0/i_synth/xfft_inst/non_floating_point.arch_d.xfft_inst/DOUT_CNT_CTRL_0/cnt/cnt_addsub/i_baseblox.i_baseblox_addsub/no_pipelining.the_addsub/i_lut6.i_lut6_addsub/i_q.i_simple.qreg/i_no_async_controls.output_reg[3]/R","1.708","1"
"clk500","0.173","2.000","sfo/residual_estimator/aux_service/u_xfft/U0/i_synth/xfft_inst/non_floating_point.arch_d.xfft_inst/input_delay_im/no_sclr_lut.real_shift_ram.use_baseblock.use_hlutnm_srls.srl_loop[3].i_fdre1/C","sfo/residual_estimator/aux_service/u_xfft/U0/i_synth/xfft_inst/non_floating_point.arch_d.xfft_inst/pe_gen[3].natural_order_input.PE/bypass_muxes.din_im_mux_gen[7].reg/D","1.808","1"
"clk500","0.173","2.000","sfo/residual_estimator/front_stage/main/service/u_xfft/U0/i_synth/xfft_inst/non_floating_point.arch_d.xfft_inst/has_bit_reverse.natural_order_address_muxing.muxed_reorder_read_addr_reg[0]/C","sfo/residual_estimator/front_stage/main/service/u_xfft/U0/i_synth/xfft_inst/non_floating_point.arch_d.xfft_inst/has_bit_reverse.dig_rev_mem/blk_ram.use_bram_only.mem/depth_11.ram_loop[3].use_RAMB18.SDP_RAMB18_9x2048/ADDRBWRADDR[3]","1.482","0"
"clk500","0.173","2.000","sfo/residual_estimator/aux_service/u_xfft/U0/i_synth/xfft_inst/non_floating_point.arch_d.xfft_inst/has_bit_reverse.natural_order_address_muxing.muxed_reorder_read_addr_reg[12]/C","sfo/residual_estimator/aux_service/u_xfft/U0/i_synth/xfft_inst/non_floating_point.arch_d.xfft_inst/has_bit_reverse.dig_rev_mem/blk_ram.use_bram_only.mem/depth_14.need_extra_rams.extra_ram_loop[1].use_RAMB18.SDP_RAMB18_1x16384/ADDRBWRADDR[12]","1.536","0"
"clk500","0.174","2.000","sfo/residual_estimator/aux_service/u_xfft/U0/i_synth/xfft_inst/non_floating_point.arch_d.xfft_inst/has_bit_reverse.no_cp.muxed_reorder_write_addr_del_reg[4]/C","sfo/residual_estimator/aux_service/u_xfft/U0/i_synth/xfft_inst/non_floating_point.arch_d.xfft_inst/has_bit_reverse.dig_rev_mem/blk_ram.use_bram_only.mem/depth_14.main_ram_loop[0].use_RAMB18.ram_2k_loop[5].SDP_RAMB18_9x2048/ADDRARDADDR[7]","1.523","0"
"clk500","0.174","2.000","cfo/windows/packed_windows/fifo/gnuram_async_fifo.xpm_fifo_base_inst/gen_sdpram.xpm_memory_base_inst/gen_wr_a.gen_word_narrow.mem_reg_bram_7/CLKBWRCLK","cfo/windows/packed_tail_reg[71]/D","1.760","0"
"clk500","0.174","2.000","sfo/residual_estimator/aux_service/u_egress_fifo/gnuram_async_fifo.xpm_fifo_base_inst/xpm_fifo_rst_inst/gen_rst_ic.wr_rst_busy_ic_reg/C","sfo/residual_estimator/aux_service/u_egress_fifo/gnuram_async_fifo.xpm_fifo_base_inst/gen_sdpram.xpm_memory_base_inst/gen_wr_a.gen_word_narrow.mem_reg_bram_3/WEA[0]","1.406","3"
"clk500","0.174","2.000","sfo/residual_estimator/aux_service/u_xfft/U0/i_synth/xfft_inst/non_floating_point.arch_d.xfft_inst/FLOW/start_reg_delay/no_sclr_lut.real_shift_ram.use_baseblock.not_use_hlutnm_srls.i_shift_ram/i_bb_inst/f0.srl_sig_reg[2][0]/C","sfo/residual_estimator/aux_service/u_xfft/U0/i_synth/xfft_inst/non_floating_point.arch_d.xfft_inst/FLOW/has_scale_sch_buffer.scale_sch_out_i_reg[1]/CE","1.721","0"
"clk500","0.174","2.000","sfo/residual_estimator/aux_service/u_xfft/U0/i_synth/xfft_inst/non_floating_point.arch_d.xfft_inst/has_bit_reverse.natural_order_address_muxing.muxed_reorder_read_addr_reg[9]/C","sfo/residual_estimator/aux_service/u_xfft/U0/i_synth/xfft_inst/non_floating_point.arch_d.xfft_inst/has_bit_reverse.dig_rev_mem/blk_ram.use_bram_only.mem/depth_14.need_extra_rams.extra_ram_loop[4].use_RAMB18.SDP_RAMB18_1x16384/ADDRBWRADDR[9]","1.492","0"
"clk500","0.174","2.000","sfo/residual_estimator/front_stage/main/service/u_xfft/U0/i_synth/xfft_inst/non_floating_point.arch_d.xfft_inst/has_bit_reverse.dig_rev_mem/blk_ram.use_bram_only.mem/depth_11.ram_loop[3].use_RAMB18.SDP_RAMB18_9x2048/CLKBWRCLK","sfo/residual_estimator/front_stage/main/service/u_xfft/U0/i_synth/xfft_inst/non_floating_point.arch_d.xfft_inst/has_bit_reverse.pe_natural_out_reg[31]/D","1.761","0"
"clk500","0.174","2.000","cfo/windows/packed_windows/fifo/gnuram_async_fifo.xpm_fifo_base_inst/gen_sdpram.xpm_memory_base_inst/gen_wr_a.gen_word_narrow.mem_reg_bram_3/CLKBWRCLK","cfo/windows/packed_head_reg[24]/D","1.761","1"
"clk500","0.174","2.000","cfo/windows/reset_fast/hold_count_reg[6]_inv/C","cfo/windows/reset_fast/reset_active_reg_replica_1/D","1.808","0"
"clk500","0.174","2.000","sfo/residual_estimator/aux_service/u_xfft/U0/i_synth/axi_wrapper/gen_has_nfft.nfft_we_int_reg/C","sfo/residual_estimator/aux_service/u_xfft/U0/i_synth/xfft_inst/non_floating_point.arch_d.xfft_inst/DOUT_CNT_CTRL_0/cnt/cnt_addsub/i_baseblox.i_baseblox_addsub/no_pipelining.the_addsub/i_lut6.i_lut6_addsub/i_q.i_simple.qreg/i_no_async_controls.output_reg[4]/R","1.707","1"
"clk500","0.174","2.000","sfo/residual_estimator/aux_service/u_xfft/U0/i_synth/axi_wrapper/gen_has_nfft.nfft_we_int_reg/C","sfo/residual_estimator/aux_service/u_xfft/U0/i_synth/xfft_inst/non_floating_point.arch_d.xfft_inst/DOUT_CNT_CTRL_0/cnt/cnt_addsub/i_baseblox.i_baseblox_addsub/no_pipelining.the_addsub/i_lut6.i_lut6_addsub/i_q.i_simple.qreg/i_no_async_controls.output_reg[5]/R","1.707","1"
"clk500","0.174","2.000","sfo/residual_estimator/aux_service/u_xfft/U0/i_synth/axi_wrapper/gen_has_nfft.nfft_we_int_reg/C","sfo/residual_estimator/aux_service/u_xfft/U0/i_synth/xfft_inst/non_floating_point.arch_d.xfft_inst/DOUT_CNT_CTRL_0/cnt/cnt_addsub/i_baseblox.i_baseblox_addsub/no_pipelining.the_addsub/i_lut6.i_lut6_addsub/i_q.i_simple.qreg/i_no_async_controls.output_reg[6]/R","1.707","1"
"clk500","0.174","2.000","sfo/residual_estimator/aux_service/u_xfft/U0/i_synth/axi_wrapper/gen_has_nfft.nfft_we_int_reg/C","sfo/residual_estimator/aux_service/u_xfft/U0/i_synth/xfft_inst/non_floating_point.arch_d.xfft_inst/DOUT_CNT_CTRL_0/cnt/cnt_addsub/i_baseblox.i_baseblox_addsub/no_pipelining.the_addsub/i_lut6.i_lut6_addsub/i_q.i_simple.qreg/i_no_async_controls.output_reg[7]/R","1.707","1"
"clk500","0.174","2.000","sfo/residual_estimator/aux_service/u_xfft/U0/i_synth/xfft_inst/non_floating_point.arch_d.xfft_inst/has_bit_reverse.no_cp.muxed_reorder_write_addr_del_reg[5]/C","sfo/residual_estimator/aux_service/u_xfft/U0/i_synth/xfft_inst/non_floating_point.arch_d.xfft_inst/has_bit_reverse.dig_rev_mem/blk_ram.use_bram_only.mem/depth_14.main_ram_loop[0].use_RAMB18.ram_2k_loop[1].SDP_RAMB18_9x2048/ADDRARDADDR[8]","1.525","0"
"clk500","0.175","2.000","sfo/residual_estimator/aux_service/u_xfft/U0/i_synth/xfft_inst/non_floating_point.arch_d.xfft_inst/FLOW/load_enable_reg/C","sfo/residual_estimator/aux_service/u_ingress_fifo/gnuram_async_fifo.xpm_fifo_base_inst/rdpp1_inst/count_value_i_reg[1]/CE","1.722","3"
"clk500","0.175","2.000","sfo/residual_estimator/aux_service/u_egress_fifo/gnuram_async_fifo.xpm_fifo_base_inst/xpm_fifo_rst_inst/gen_rst_ic.wr_rst_busy_ic_reg/C","sfo/residual_estimator/aux_service/u_egress_fifo/gnuram_async_fifo.xpm_fifo_base_inst/wrp_inst/count_value_i_reg[10]/D","1.805","6"
"clk500","0.175","2.000","sfo/residual_estimator/aux_service/u_xfft/U0/i_synth/xfft_inst/non_floating_point.arch_d.xfft_inst/has_bit_reverse.no_cp.muxed_reorder_write_addr_del_reg[4]/C","sfo/residual_estimator/aux_service/u_xfft/U0/i_synth/xfft_inst/non_floating_point.arch_d.xfft_inst/has_bit_reverse.dig_rev_mem/blk_ram.use_bram_only.mem/depth_14.main_ram_loop[2].use_RAMB18.ram_2k_loop[2].SDP_RAMB18_9x2048/ADDRARDADDR[7]","1.519","0"
"clk500","0.175","2.000","sfo/residual_estimator/aux_service/u_xfft/U0/i_synth/xfft_inst/non_floating_point.arch_d.xfft_inst/input_delay_re/no_sclr_lut.real_shift_ram.use_baseblock.use_hlutnm_srls.srl_loop[5].i_fdre0/C","sfo/residual_estimator/aux_service/u_xfft/U0/i_synth/xfft_inst/non_floating_point.arch_d.xfft_inst/pe_gen[4].natural_order_input.PE/bypass_muxes.din_re_mux_gen[10].reg/D","1.805","1"
"clk500","0.175","2.000","sfo/residual_estimator/aux_service/u_xfft/U0/i_synth/xfft_inst/non_floating_point.arch_d.xfft_inst/FLOW/load_enable_reg/C","sfo/residual_estimator/aux_service/u_ingress_fifo/gnuram_async_fifo.xpm_fifo_base_inst/rdpp1_inst/count_value_i_reg[2]/CE","1.723","3"
"clk500","0.175","2.000","sfo/residual_estimator/aux_service/u_xfft/U0/i_synth/xfft_inst/non_floating_point.arch_d.xfft_inst/FLOW/load_enable_reg/C","sfo/residual_estimator/aux_service/u_ingress_fifo/gnuram_async_fifo.xpm_fifo_base_inst/rdpp1_inst/count_value_i_reg[5]/CE","1.723","3"
"clk500","0.175","2.000","sfo/residual_estimator/aux_service/u_xfft/U0/i_synth/xfft_inst/non_floating_point.arch_d.xfft_inst/FLOW/load_enable_reg/C","sfo/residual_estimator/aux_service/u_ingress_fifo/gnuram_async_fifo.xpm_fifo_base_inst/rdpp1_inst/count_value_i_reg[6]/CE","1.723","3"
"clk500","0.175","2.000","sfo/residual_estimator/aux_service/u_xfft/U0/i_synth/xfft_inst/non_floating_point.arch_d.xfft_inst/FLOW/load_enable_reg/C","sfo/residual_estimator/aux_service/u_ingress_fifo/gnuram_async_fifo.xpm_fifo_base_inst/rdpp1_inst/count_value_i_reg[7]/CE","1.723","3"
"clk500","0.175","2.000","sfo/residual_estimator/aux_service/u_xfft/U0/i_synth/xfft_inst/non_floating_point.arch_d.xfft_inst/pe_gen[0].natural_order_input.PE/has_addr_gen.bf2_addr_gen/cnt/cnt_addsub/i_baseblox.i_baseblox_addsub/no_pipelining.the_addsub/i_lut6.i_lut6_addsub/i_q.i_simple.qreg/i_no_async_controls.output_reg[1]/C","sfo/residual_estimator/aux_service/u_xfft/U0/i_synth/xfft_inst/non_floating_point.arch_d.xfft_inst/pe_gen[0].natural_order_input.PE/FB_1.BF_1/MEM/blk_ram.use_bram_only.mem/depth_13_s6_depth_12.need_extra_rams.extra_ram_loop[0].use_RAMB18.SDP_RAMB18_2x8192/ADDRBWRADDR[1]","1.472","0"
"clk500","0.175","2.000","cfo/observation_front/fft_core/pi4_reg/DSP_OUTPUT_INST/CLK","cfo/observation_front/fft_core/pi5_reg[27]/D","1.776","7"
"clk500","0.175","2.000","sfo/residual_estimator/aux_service/u_xfft/U0/i_synth/xfft_inst/non_floating_point.arch_d.xfft_inst/input_delay_im/no_sclr_lut.real_shift_ram.use_baseblock.use_hlutnm_srls.srl_loop[4].i_fdre1/C","sfo/residual_estimator/aux_service/u_xfft/U0/i_synth/xfft_inst/non_floating_point.arch_d.xfft_inst/pe_gen[5].natural_order_input.PE/bypass_muxes.din_im_mux_gen[9].reg/D","1.806","1"
"clk500","0.176","2.000","sfo/residual_estimator/front_stage/main/service/u_xfft/U0/i_synth/xfft_inst/non_floating_point.arch_d.xfft_inst/pe_gen[0].natural_order_input.PE/FB_1.BF_1/BTFLY0/logic_bfly_byp.add_i/adder/i_baseblox.i_baseblox_addsub/no_pipelining.the_addsub/i_lut6.i_lut6_addsub/i_q.i_simple.qreg/i_no_async_controls.output_reg[7]/C","sfo/residual_estimator/front_stage/main/service/u_xfft/U0/i_synth/xfft_inst/non_floating_point.arch_d.xfft_inst/pe_gen[0].natural_order_input.PE/hasbf2.FB_2.BF_2/mem_mux_and_reg_upper_im/slicel_slicem_implementation.delay_line/no_sclr_lut.real_shift_ram.use_baseblock.use_hlutnm_srls.srl_loop[3].i_srl16e0/D","1.742","0"
"clk500","0.177","2.000","cfo/observation_front/coefficient_row_reg[10]/C","cfo/observation_front/coefficient_page0_data_reg_0_0/ADDRARDADDR[10]","1.521","0"
"clk500","0.177","2.000","cfo/windows/packed_windows/fifo/gnuram_async_fifo.xpm_fifo_base_inst/gen_sdpram.xpm_memory_base_inst/gen_wr_a.gen_word_narrow.mem_reg_bram_13/CLKBWRCLK","cfo/windows/packed_head_reg[111]/D","1.758","1"
"clk500","0.177","2.000","cfo/windows/packed_windows/fifo/gnuram_async_fifo.xpm_fifo_base_inst/gen_sdpram.xpm_memory_base_inst/gen_wr_a.gen_word_narrow.mem_reg_bram_7/CLKBWRCLK","cfo/windows/packed_tail_reg[62]/D","1.757","0"
"clk500","0.177","2.000","sfo/residual_estimator/aux_service/u_xfft/U0/i_synth/xfft_inst/non_floating_point.arch_d.xfft_inst/pe_gen[0].natural_order_input.PE/has_addr_gen.bf2_addr_gen/cnt/cnt_addsub/i_baseblox.i_baseblox_addsub/no_pipelining.the_addsub/i_lut6.i_lut6_addsub/i_q.i_simple.qreg/i_no_async_controls.output_reg[2]/C","sfo/residual_estimator/aux_service/u_xfft/U0/i_synth/xfft_inst/non_floating_point.arch_d.xfft_inst/pe_gen[0].natural_order_input.PE/FB_1.BF_1/MEM/blk_ram.use_bram_only.mem/depth_13_s6_depth_12.main_ram_loop[2].use_RAMB18.ram_2k_loop[0].SDP_RAMB18_9x2048/ADDRBWRADDR[4]","1.436","0"
"clk500","0.177","2.000","cfo/windows/poison_sync/syncstages_ff_reg[3]/C","cfo/windows/packed_head_reg[80]/D","1.806","5"
"clk500","0.177","2.000","sfo/residual_estimator/aux_service/u_xfft/U0/i_synth/xfft_inst/non_floating_point.arch_d.xfft_inst/timing_cnts_has_nfft.duplicate_regs[3].other.nfft_regs[0].nfft_regs_fde/C","sfo/residual_estimator/aux_service/u_xfft/U0/i_synth/xfft_inst/non_floating_point.arch_d.xfft_inst/pe_gen[3].natural_order_input.PE/hasbf2.FB_2.BF_2/MEM/dist_ram.srlram.ram/var_length.shift_ram/i_bb_inst/gen_output_regs.output_regs/i_no_async_controls.output_reg[35]/D","1.805","2"
"clk500","0.177","2.000","cfo/windows/poison_sync/syncstages_ff_reg[3]/C","cfo/windows/packed_head_reg[17]/D","1.806","5"
"clk500","0.178","2.000","cfo/windows/packed_windows/fifo/gnuram_async_fifo.xpm_fifo_base_inst/gen_fwft.gdvld_fwft.data_valid_fwft_reg/C","cfo/windows/packed_tail_reg[111]/CE","1.718","2"
"clk500","0.178","2.000","cfo/windows/packed_windows/fifo/gnuram_async_fifo.xpm_fifo_base_inst/gen_fwft.gdvld_fwft.data_valid_fwft_reg/C","cfo/windows/packed_tail_reg[22]/CE","1.718","2"
"clk500","0.178","2.000","cfo/windows/packed_windows/fifo/gnuram_async_fifo.xpm_fifo_base_inst/gen_fwft.gdvld_fwft.data_valid_fwft_reg/C","cfo/windows/packed_tail_reg[44]/CE","1.718","2"
"clk500","0.178","2.000","cfo/windows/packed_windows/fifo/gnuram_async_fifo.xpm_fifo_base_inst/gen_fwft.gdvld_fwft.data_valid_fwft_reg/C","cfo/windows/packed_tail_reg[76]/CE","1.718","2"
"clk500","0.178","2.000","sfo/residual_estimator/aux_service/u_xfft/U0/i_synth/xfft_inst/non_floating_point.arch_d.xfft_inst/pe_gen[0].natural_order_input.PE/FB_1.BF_1/wr_addr_del/no_sclr_lut.real_shift_ram.use_baseblock.use_hlutnm_srls.srl_loop[2].i_fdre1/C","sfo/residual_estimator/aux_service/u_xfft/U0/i_synth/xfft_inst/non_floating_point.arch_d.xfft_inst/pe_gen[0].natural_order_input.PE/FB_1.BF_1/MEM/blk_ram.use_bram_only.mem/depth_13_s6_depth_12.main_ram_loop[1].use_RAMB18.ram_2k_loop[0].SDP_RAMB18_9x2048/ADDRARDADDR[8]","1.529","0"
"clk500","0.178","2.000","cfo/windows/packed_windows/fifo/gnuram_async_fifo.xpm_fifo_base_inst/gen_sdpram.xpm_memory_base_inst/gen_wr_a.gen_word_narrow.mem_reg_bram_7/CLKBWRCLK","cfo/windows/packed_tail_reg[64]/D","1.756","0"
"clk500","0.178","2.000","sfo/residual_estimator/aux_service/u_xfft/U0/i_synth/xfft_inst/non_floating_point.arch_d.xfft_inst/has_bit_reverse.natural_order_address_muxing.muxed_reorder_read_addr_reg[4]/C","sfo/residual_estimator/aux_service/u_xfft/U0/i_synth/xfft_inst/non_floating_point.arch_d.xfft_inst/has_bit_reverse.dig_rev_mem/blk_ram.use_bram_only.mem/depth_14.main_ram_loop[1].use_RAMB18.ram_2k_loop[0].SDP_RAMB18_9x2048/ADDRBWRADDR[7]","1.509","0"
"clk500","0.178","2.000","sfo/residual_estimator/aux_service/u_xfft/U0/i_synth/xfft_inst/non_floating_point.arch_d.xfft_inst/has_bit_reverse.natural_order_address_muxing.muxed_reorder_read_addr_reg[5]/C","sfo/residual_estimator/aux_service/u_xfft/U0/i_synth/xfft_inst/non_floating_point.arch_d.xfft_inst/has_bit_reverse.dig_rev_mem/blk_ram.use_bram_only.mem/depth_14.need_extra_rams.extra_ram_loop[4].use_RAMB18.SDP_RAMB18_1x16384/ADDRBWRADDR[5]","1.512","0"
"clk500","0.178","2.000","sfo/residual_estimator/aux_service/u_xfft/U0/i_synth/axi_wrapper/gen_has_nfft.nfft_we_int_reg/C","sfo/residual_estimator/aux_service/u_xfft/U0/i_synth/xfft_inst/non_floating_point.arch_d.xfft_inst/has_bit_reverse.var_pt_size_muxed_addresses.left_shifter/r14.shifter/use_mux16.use_lut6.sixteen_to_one_mux[7].use_output_reg_and_pipe_reg.reg0/R","1.703","1"
"clk500","0.178","2.000","sfo/residual_estimator/aux_service/u_xfft/U0/i_synth/xfft_inst/non_floating_point.arch_d.xfft_inst/pe_gen[0].natural_order_input.PE/has_addr_gen.bf2_addr_gen/cnt/cnt_addsub/i_baseblox.i_baseblox_addsub/no_pipelining.the_addsub/i_lut6.i_lut6_addsub/i_q.i_simple.qreg/i_no_async_controls.output_reg[8]/C","sfo/residual_estimator/aux_service/u_xfft/U0/i_synth/xfft_inst/non_floating_point.arch_d.xfft_inst/pe_gen[0].natural_order_input.PE/FB_1.BF_1/MEM/blk_ram.use_bram_only.mem/depth_13_s6_depth_12.main_ram_loop[2].use_RAMB18.ram_2k_loop[0].SDP_RAMB18_9x2048/ADDRBWRADDR[10]","1.494","0"
"clk500","0.178","2.000","sfo/residual_estimator/aux_service/u_xfft/U0/i_synth/xfft_inst/non_floating_point.arch_d.xfft_inst/timing_cnts_has_nfft.duplicate_regs[3].other.nfft_regs[0].nfft_regs_fde/C","sfo/residual_estimator/aux_service/u_xfft/U0/i_synth/xfft_inst/non_floating_point.arch_d.xfft_inst/pe_gen[3].natural_order_input.PE/hasbf2.FB_2.BF_2/MEM/dist_ram.srlram.ram/var_length.shift_ram/i_bb_inst/gen_output_regs.output_regs/i_no_async_controls.output_reg[27]/D","1.804","2"
"clk500","0.178","2.000","sfo/residual_estimator/aux_service/u_xfft/U0/i_synth/xfft_inst/non_floating_point.arch_d.xfft_inst/input_delay_im/no_sclr_lut.real_shift_ram.use_baseblock.use_hlutnm_srls.srl_loop[2].i_fdre0/C","sfo/residual_estimator/aux_service/u_xfft/U0/i_synth/xfft_inst/non_floating_point.arch_d.xfft_inst/pe_gen[4].natural_order_input.PE/bypass_muxes.din_im_mux_gen[4].reg/D","1.803","1"
"clk500","0.179","2.000","sfo/residual_estimator/aux_service/u_xfft/U0/i_synth/xfft_inst/non_floating_point.arch_d.xfft_inst/input_delay_re/no_sclr_lut.real_shift_ram.use_baseblock.use_hlutnm_srls.srl_loop[6].i_fdre1/C","sfo/residual_estimator/aux_service/u_xfft/U0/i_synth/xfft_inst/non_floating_point.arch_d.xfft_inst/pe_gen[3].natural_order_input.PE/bypass_muxes.din_re_mux_gen[13].reg/D","1.801","1"
"clk500","0.179","2.000","sfo/residual_estimator/aux_service/u_xfft/U0/i_synth/xfft_inst/non_floating_point.arch_d.xfft_inst/has_bit_reverse.natural_order_address_muxing.muxed_reorder_read_addr_reg[10]/C","sfo/residual_estimator/aux_service/u_xfft/U0/i_synth/xfft_inst/non_floating_point.arch_d.xfft_inst/has_bit_reverse.dig_rev_mem/blk_ram.use_bram_only.mem/depth_14.need_extra_rams.extra_ram_loop[1].use_RAMB18.SDP_RAMB18_1x16384/ADDRBWRADDR[10]","1.517","0"
"clk500","0.179","2.000","sfo/residual_estimator/aux_service/u_xfft/U0/i_synth/axi_wrapper/gen_has_nfft.nfft_we_int_reg/C","sfo/residual_estimator/aux_service/u_xfft/U0/i_synth/xfft_inst/non_floating_point.arch_d.xfft_inst/has_bit_reverse.var_pt_size_muxed_addresses.left_shifter/r14.shifter/use_mux16.use_lut6.sixteen_to_one_mux[10].use_output_reg_and_pipe_reg.reg0/R","1.702","1"
"clk500","0.180","2.000","cfo/windows/packed_windows/fifo/gnuram_async_fifo.xpm_fifo_base_inst/gen_fwft.gdvld_fwft.data_valid_fwft_reg/C","cfo/windows/packed_tail_reg[108]/CE","1.716","2"
"clk500","0.180","2.000","cfo/windows/packed_windows/fifo/gnuram_async_fifo.xpm_fifo_base_inst/gen_fwft.gdvld_fwft.data_valid_fwft_reg/C","cfo/windows/packed_tail_reg[12]/CE","1.716","2"
"clk500","0.180","2.000","cfo/windows/packed_windows/fifo/gnuram_async_fifo.xpm_fifo_base_inst/gen_fwft.gdvld_fwft.data_valid_fwft_reg/C","cfo/windows/packed_tail_reg[24]/CE","1.716","2"
"clk500","0.180","2.000","cfo/windows/packed_windows/fifo/gnuram_async_fifo.xpm_fifo_base_inst/gen_fwft.gdvld_fwft.data_valid_fwft_reg/C","cfo/windows/packed_tail_reg[67]/CE","1.716","2"
"clk500","0.180","2.000","sfo/residual_estimator/aux_service/u_xfft/U0/i_synth/xfft_inst/non_floating_point.arch_d.xfft_inst/FLOW/has_nfft.counter_limit_early_reg[7].max_n_int_minus_one_ff/C","sfo/residual_estimator/aux_service/u_xfft/U0/i_synth/xfft_inst/non_floating_point.arch_d.xfft_inst/pe_gen[1].natural_order_input.PE/has_addr_gen.bf2_addr_gen/cnt/i_tc_compare_reg/D","1.802","2"
"clk500","0.180","2.000","sfo/residual_estimator/aux_service/u_xfft/U0/i_synth/xfft_inst/non_floating_point.arch_d.xfft_inst/has_bit_reverse.natural_order_address_muxing.muxed_reorder_read_addr_reg[1]/C","sfo/residual_estimator/aux_service/u_xfft/U0/i_synth/xfft_inst/non_floating_point.arch_d.xfft_inst/has_bit_reverse.dig_rev_mem/blk_ram.use_bram_only.mem/depth_14.main_ram_loop[1].use_RAMB18.ram_2k_loop[3].SDP_RAMB18_9x2048/ADDRBWRADDR[4]","1.433","0"
"clk500","0.180","2.000","sfo/residual_estimator/aux_service/u_xfft/U0/i_synth/xfft_inst/non_floating_point.arch_d.xfft_inst/pe_gen[0].natural_order_input.PE/FB_1.BF_1/wr_addr_del/no_sclr_lut.real_shift_ram.use_baseblock.use_hlutnm_srls.srl_loop[3].i_fdre0/C","sfo/residual_estimator/aux_service/u_xfft/U0/i_synth/xfft_inst/non_floating_point.arch_d.xfft_inst/pe_gen[0].natural_order_input.PE/FB_1.BF_1/MEM/blk_ram.use_bram_only.mem/depth_13_s6_depth_12.main_ram_loop[1].use_RAMB18.ram_2k_loop[1].SDP_RAMB18_9x2048/ADDRARDADDR[9]","1.520","0"
"clk500","0.180","2.000","sfo/residual_estimator/aux_service/u_xfft/U0/i_synth/xfft_inst/non_floating_point.arch_d.xfft_inst/pe_gen[0].natural_order_input.PE/has_addr_gen.bf2_addr_gen/cnt/cnt_addsub/i_baseblox.i_baseblox_addsub/no_pipelining.the_addsub/i_lut6.i_lut6_addsub/i_q.i_simple.qreg/i_no_async_controls.output_reg[9]/C","sfo/residual_estimator/aux_service/u_xfft/U0/i_synth/xfft_inst/non_floating_point.arch_d.xfft_inst/pe_gen[0].natural_order_input.PE/FB_1.BF_1/MEM/blk_ram.use_bram_only.mem/depth_13_s6_depth_12.main_ram_loop[1].use_RAMB18.ram_2k_loop[2].SDP_RAMB18_9x2048/ADDRBWRADDR[11]","1.511","0"
"clk500","0.180","2.000","sfo/residual_estimator/aux_service/u_xfft/U0/i_synth/axi_wrapper/gen_has_nfft.nfft_we_int_reg/C","sfo/residual_estimator/aux_service/u_xfft/U0/i_synth/xfft_inst/non_floating_point.arch_d.xfft_inst/has_bit_reverse.var_pt_size_muxed_addresses.left_shifter/delay_output/no_sclr_lut.real_shift_ram.use_baseblock.use_hlutnm_srls.srl_loop[0].i_fdre0/R","1.702","1"
"clk500","0.180","2.000","sfo/residual_estimator/aux_service/u_xfft/U0/i_synth/axi_wrapper/gen_has_nfft.nfft_we_int_reg/C","sfo/residual_estimator/aux_service/u_xfft/U0/i_synth/xfft_inst/non_floating_point.arch_d.xfft_inst/has_bit_reverse.var_pt_size_muxed_addresses.left_shifter/delay_output/no_sclr_lut.real_shift_ram.use_baseblock.use_hlutnm_srls.srl_loop[0].i_fdre1/R","1.702","1"
"clk500","0.180","2.000","sfo/residual_estimator/aux_service/u_xfft/U0/i_synth/axi_wrapper/gen_has_nfft.nfft_we_int_reg/C","sfo/residual_estimator/aux_service/u_xfft/U0/i_synth/xfft_inst/non_floating_point.arch_d.xfft_inst/has_bit_reverse.var_pt_size_muxed_addresses.left_shifter/delay_output/no_sclr_lut.real_shift_ram.use_baseblock.use_hlutnm_srls.srl_loop[1].i_fdre0/R","1.702","1"
"clk500","0.180","2.000","sfo/residual_estimator/aux_service/u_xfft/U0/i_synth/axi_wrapper/gen_has_nfft.nfft_we_int_reg/C","sfo/residual_estimator/aux_service/u_xfft/U0/i_synth/xfft_inst/non_floating_point.arch_d.xfft_inst/has_bit_reverse.var_pt_size_muxed_addresses.left_shifter/delay_output/no_sclr_lut.real_shift_ram.use_baseblock.use_hlutnm_srls.srl_loop[1].i_fdre1/R","1.702","1"
"clk500","0.180","2.000","sfo/residual_estimator/aux_service/u_xfft/U0/i_synth/axi_wrapper/gen_has_nfft.nfft_we_int_reg/C","sfo/residual_estimator/aux_service/u_xfft/U0/i_synth/xfft_inst/non_floating_point.arch_d.xfft_inst/has_bit_reverse.var_pt_size_muxed_addresses.left_shifter/delay_output/no_sclr_lut.real_shift_ram.use_baseblock.use_hlutnm_srls.srl_loop[4].i_fdre0/R","1.702","1"
"clk500","0.180","2.000","sfo/residual_estimator/aux_service/u_xfft/U0/i_synth/axi_wrapper/gen_has_nfft.nfft_we_int_reg/C","sfo/residual_estimator/aux_service/u_xfft/U0/i_synth/xfft_inst/non_floating_point.arch_d.xfft_inst/has_bit_reverse.var_pt_size_muxed_addresses.left_shifter/delay_output/no_sclr_lut.real_shift_ram.use_baseblock.use_hlutnm_srls.srl_loop[4].i_fdre1/R","1.702","1"
"clk500","0.181","2.000","cfo/windows/packed_windows/fifo/gnuram_async_fifo.xpm_fifo_base_inst/gen_sdpram.xpm_memory_base_inst/gen_wr_a.gen_word_narrow.mem_reg_bram_7/CLKBWRCLK","cfo/windows/packed_tail_reg[70]/D","1.753","0"
"clk500","0.181","2.000","cfo/windows/poison_sync/syncstages_ff_reg[3]/C","cfo/windows/packed_windows/fifo/gnuram_async_fifo.xpm_fifo_base_inst/gen_sdpram.xpm_memory_base_inst/gen_wr_a.gen_word_narrow.mem_reg_bram_3/ENBWREN","1.454","3"
"clk500","0.181","2.000","sfo/initial_estimator/owner/fft/u_egress_fifo/gnuram_async_fifo.xpm_fifo_base_inst/gen_pf_ic_rc.ngen_full_rst_val.ram_full_i_reg/C","sfo/initial_estimator/owner/fft/u_egress_fifo/gnuram_async_fifo.xpm_fifo_base_inst/gen_sdpram.xpm_memory_base_inst/gen_wr_a.gen_word_narrow.mem_reg_bram_0/WEBWE[1]","1.402","2"
"clk500","0.181","2.000","cfo/windows/complete_windows/fifo/gnuram_async_fifo.xpm_fifo_base_inst/gen_sdpram.xpm_memory_base_inst/gen_wr_a.gen_word_narrow.mem_reg/CLKARDCLK","cfo/windows/fast_header_reg[48]/D","1.754","0"
"clk500","0.181","2.000","sfo/residual_estimator/aux_service/u_xfft/U0/i_synth/xfft_inst/non_floating_point.arch_d.xfft_inst/pe_gen[0].natural_order_input.PE/FB_1.BF_1/wr_addr_del/no_sclr_lut.real_shift_ram.use_baseblock.use_hlutnm_srls.srl_loop[5].i_fdre0/C","sfo/residual_estimator/aux_service/u_xfft/U0/i_synth/xfft_inst/non_floating_point.arch_d.xfft_inst/pe_gen[0].natural_order_input.PE/FB_1.BF_1/MEM/blk_ram.use_bram_only.mem/depth_13_s6_depth_12.main_ram_loop[1].use_RAMB18.ram_2k_loop[2].SDP_RAMB18_9x2048/ADDRARDADDR[13]","1.508","0"
"clk500","0.182","2.000","sfo/residual_estimator/aux_service/u_xfft/U0/i_synth/xfft_inst/non_floating_point.arch_d.xfft_inst/has_bit_reverse.no_cp.muxed_reorder_write_addr_del_reg[7]/C","sfo/residual_estimator/aux_service/u_xfft/U0/i_synth/xfft_inst/non_floating_point.arch_d.xfft_inst/has_bit_reverse.dig_rev_mem/blk_ram.use_bram_only.mem/depth_14.need_extra_rams.extra_ram_loop[1].use_RAMB18.SDP_RAMB18_1x16384/ADDRARDADDR[7]","1.514","0"
"clk500","0.182","2.000","sfo/residual_estimator/aux_service/u_xfft/U0/i_synth/xfft_inst/non_floating_point.arch_d.xfft_inst/has_bit_reverse.no_cp.muxed_reorder_write_addr_del_reg[12]/C","sfo/residual_estimator/aux_service/u_xfft/U0/i_synth/xfft_inst/non_floating_point.arch_d.xfft_inst/has_bit_reverse.dig_rev_mem/blk_ram.use_bram_only.mem/depth_14.main_ram_loop[0].use_RAMB18.ram_2k_loop[7].SDP_RAMB18_9x2048/WEA[0]","1.399","1"
"clk500","0.182","2.000","sfo/residual_estimator/aux_service/u_xfft/U0/i_synth/xfft_inst/non_floating_point.arch_d.xfft_inst/has_bit_reverse.no_cp.muxed_reorder_write_addr_del_reg[7]/C","sfo/residual_estimator/aux_service/u_xfft/U0/i_synth/xfft_inst/non_floating_point.arch_d.xfft_inst/has_bit_reverse.dig_rev_mem/blk_ram.use_bram_only.mem/depth_14.main_ram_loop[2].use_RAMB18.ram_2k_loop[0].SDP_RAMB18_9x2048/ADDRARDADDR[10]","1.507","0"
"clk500","0.182","2.000","cfo/observation_front/state_reg[0]/C","cfo/observation_front/fft_core/bank1_reg_bram_0/ADDRBWRADDR[14]","1.466","5"
"clk500","0.182","2.000","cfo/observation_front/fft_core/pi4_reg/DSP_OUTPUT_INST/CLK","cfo/observation_front/fft_core/pi5_reg[23]/D","1.769","6"
"clk500","0.182","2.000","cfo/observation_front/fft_core/pi4_reg/DSP_OUTPUT_INST/CLK","cfo/observation_front/fft_core/pi5_reg[25]/D","1.769","7"
"clk500","0.182","2.000","sfo/residual_estimator/aux_service/u_xfft/U0/i_synth/axi_wrapper/gen_has_nfft.nfft_we_int_reg/C","sfo/residual_estimator/aux_service/u_xfft/U0/i_synth/xfft_inst/non_floating_point.arch_d.xfft_inst/has_bit_reverse.no_cyclic_prefix_xk_counter.DOUT_CNT_CTRL_1/cnt/cnt_addsub/i_baseblox.i_baseblox_addsub/no_pipelining.the_addsub/i_lut6.i_lut6_addsub/i_q.i_simple.qreg/i_no_async_controls.output_reg[10]/R","1.699","1"
"clk500","0.182","2.000","sfo/residual_estimator/aux_service/u_xfft/U0/i_synth/axi_wrapper/gen_has_nfft.nfft_we_int_reg/C","sfo/residual_estimator/aux_service/u_xfft/U0/i_synth/xfft_inst/non_floating_point.arch_d.xfft_inst/has_bit_reverse.no_cyclic_prefix_xk_counter.DOUT_CNT_CTRL_1/cnt/cnt_addsub/i_baseblox.i_baseblox_addsub/no_pipelining.the_addsub/i_lut6.i_lut6_addsub/i_q.i_simple.qreg/i_no_async_controls.output_reg[11]/R","1.699","1"
"clk500","0.182","2.000","sfo/residual_estimator/aux_service/u_xfft/U0/i_synth/axi_wrapper/gen_has_nfft.nfft_we_int_reg/C","sfo/residual_estimator/aux_service/u_xfft/U0/i_synth/xfft_inst/non_floating_point.arch_d.xfft_inst/has_bit_reverse.no_cyclic_prefix_xk_counter.DOUT_CNT_CTRL_1/cnt/cnt_addsub/i_baseblox.i_baseblox_addsub/no_pipelining.the_addsub/i_lut6.i_lut6_addsub/i_q.i_simple.qreg/i_no_async_controls.output_reg[8]/R","1.699","1"
"clk500","0.182","2.000","sfo/residual_estimator/aux_service/u_xfft/U0/i_synth/axi_wrapper/gen_has_nfft.nfft_we_int_reg/C","sfo/residual_estimator/aux_service/u_xfft/U0/i_synth/xfft_inst/non_floating_point.arch_d.xfft_inst/has_bit_reverse.no_cyclic_prefix_xk_counter.DOUT_CNT_CTRL_1/cnt/cnt_addsub/i_baseblox.i_baseblox_addsub/no_pipelining.the_addsub/i_lut6.i_lut6_addsub/i_q.i_simple.qreg/i_no_async_controls.output_reg[9]/R","1.699","1"
"clk500","0.183","2.000","cfo/observation_front/fft_core/state_reg[0]/C","cfo/observation_front/fft_core/bank1_reg_bram_0/DINADIN[4]","1.505","2"
"clk500","0.183","2.000","sfo/residual_estimator/aux_service/u_xfft/U0/i_synth/xfft_inst/non_floating_point.arch_d.xfft_inst/has_bit_reverse.no_cp.muxed_reorder_write_addr_del_reg[10]/C","sfo/residual_estimator/aux_service/u_xfft/U0/i_synth/xfft_inst/non_floating_point.arch_d.xfft_inst/has_bit_reverse.dig_rev_mem/blk_ram.use_bram_only.mem/depth_14.main_ram_loop[1].use_RAMB18.ram_2k_loop[0].SDP_RAMB18_9x2048/ADDRARDADDR[13]","1.523","0"
"clk500","0.183","2.000","cfo/observation_front/fft_core/state_reg[0]/C","cfo/observation_front/fft_core/bank0_reg_bram_0/DINPADINP[2]","1.567","2"
"clk500","0.183","2.000","cfo/windows/output_record_reg[80]/C","cfo/observation_front/fft_core/m_error_reg[0]/D","1.797","6"
"clk500","0.183","2.000","sfo/residual_estimator/aux_service/u_egress_fifo/gnuram_async_fifo.xpm_fifo_base_inst/xpm_fifo_rst_inst/gen_rst_ic.wr_rst_busy_ic_reg/C","sfo/residual_estimator/aux_service/u_egress_fifo/gnuram_async_fifo.xpm_fifo_base_inst/wrp_inst/count_value_i_reg[11]/D","1.797","6"
"clk500","0.183","2.000","sfo/residual_estimator/aux_service/u_xfft/U0/i_synth/axi_wrapper/gen_has_nfft.nfft_expandedm1_reg[12]/C","sfo/residual_estimator/aux_service/u_xfft/U0/i_synth/axi_wrapper/current_state_reg[0]/D","1.799","4"
"clk500","0.183","2.000","cfo/observation_front/fft_core/pi4_reg/DSP_OUTPUT_INST/CLK","cfo/observation_front/fft_core/pi5_reg[21]/D","1.768","6"
"clk500","0.183","2.000","sfo/residual_estimator/aux_service/u_xfft/U0/i_synth/axi_wrapper/gen_has_nfft.nfft_we_int_reg/C","sfo/residual_estimator/aux_service/u_xfft/U0/i_synth/xfft_inst/non_floating_point.arch_d.xfft_inst/has_bit_reverse.no_cyclic_prefix_xk_counter.DOUT_CNT_CTRL_1/cnt/cnt_addsub/i_baseblox.i_baseblox_addsub/no_pipelining.the_addsub/i_lut6.i_lut6_addsub/i_q.i_simple.qreg/i_no_async_controls.output_reg[12]/R","1.698","1"
"clk500","0.183","2.000","sfo/residual_estimator/aux_service/u_xfft/U0/i_synth/axi_wrapper/gen_has_nfft.nfft_we_int_reg/C","sfo/residual_estimator/aux_service/u_xfft/U0/i_synth/xfft_inst/non_floating_point.arch_d.xfft_inst/has_bit_reverse.no_cyclic_prefix_xk_counter.DOUT_CNT_CTRL_1/cnt/cnt_addsub/i_baseblox.i_baseblox_addsub/no_pipelining.the_addsub/i_lut6.i_lut6_addsub/i_q.i_simple.qreg/i_no_async_controls.output_reg[13]/R","1.698","1"
"clk500","0.183","2.000","sfo/residual_estimator/aux_service/u_xfft/U0/i_synth/axi_wrapper/gen_has_nfft.nfft_we_int_reg/C","sfo/residual_estimator/aux_service/u_xfft/U0/i_synth/xfft_inst/non_floating_point.arch_d.xfft_inst/has_bit_reverse.no_cyclic_prefix_xk_counter.DOUT_CNT_CTRL_1/cnt/cnt_addsub/i_baseblox.i_baseblox_addsub/no_pipelining.the_addsub/i_lut6.i_lut6_addsub/i_q.i_simple.qreg/i_no_async_controls.output_reg[14]/R","1.698","1"
"clk500","0.183","2.000","sfo/residual_estimator/aux_service/u_xfft/U0/i_synth/axi_wrapper/gen_has_nfft.nfft_we_int_reg/C","sfo/residual_estimator/aux_service/u_xfft/U0/i_synth/xfft_inst/non_floating_point.arch_d.xfft_inst/has_bit_reverse.var_pt_size_muxed_addresses.left_shifter/delay_output/no_sclr_lut.real_shift_ram.use_baseblock.use_hlutnm_srls.srl_loop[5].i_fdre0/R","1.699","1"
"clk500","0.183","2.000","sfo/residual_estimator/aux_service/u_xfft/U0/i_synth/axi_wrapper/gen_has_nfft.nfft_we_int_reg/C","sfo/residual_estimator/aux_service/u_xfft/U0/i_synth/xfft_inst/non_floating_point.arch_d.xfft_inst/has_bit_reverse.var_pt_size_muxed_addresses.left_shifter/delay_output/no_sclr_lut.real_shift_ram.use_baseblock.use_hlutnm_srls.srl_loop[5].i_fdre1/R","1.699","1"
"clk500","0.183","2.000","sfo/residual_estimator/aux_service/u_xfft/U0/i_synth/axi_wrapper/gen_has_nfft.nfft_we_int_reg/C","sfo/residual_estimator/aux_service/u_xfft/U0/i_synth/xfft_inst/non_floating_point.arch_d.xfft_inst/has_bit_reverse.var_pt_size_muxed_addresses.left_shifter/r14.shifter/use_mux16.use_lut6.sixteen_to_one_mux[2].use_output_reg_and_pipe_reg.reg1/R","1.699","1"
"clk500","0.184","2.000","cfo/windows/poison_sync/syncstages_ff_reg[3]/C","cfo/windows/packed_windows/fifo/gnuram_async_fifo.xpm_fifo_base_inst/gen_sdpram.xpm_memory_base_inst/gen_wr_a.gen_word_narrow.mem_reg_bram_3/REGCEB","1.560","3"
"clk500","0.184","2.000","cfo/observation_front/pi4_reg/DSP_OUTPUT_INST/CLK","cfo/observation_front/h_q5_reg[20]/D","1.766","6"
"clk500","0.184","2.000","cfo/windows/packed_windows/fifo/gnuram_async_fifo.xpm_fifo_base_inst/gen_sdpram.xpm_memory_base_inst/gen_wr_a.gen_word_narrow.mem_reg_bram_7/CLKBWRCLK","cfo/windows/packed_tail_reg[36]/D","1.750","0"
"clk500","0.184","2.000","sfo/residual_estimator/aux_service/u_xfft/U0/i_synth/xfft_inst/non_floating_point.arch_d.xfft_inst/has_bit_reverse.natural_order_address_muxing.muxed_reorder_read_addr_reg[0]/C","sfo/residual_estimator/aux_service/u_xfft/U0/i_synth/xfft_inst/non_floating_point.arch_d.xfft_inst/has_bit_reverse.dig_rev_mem/blk_ram.use_bram_only.mem/depth_14.main_ram_loop[1].use_RAMB18.ram_2k_loop[5].SDP_RAMB18_9x2048/ADDRBWRADDR[3]","1.448","0"
"clk500","0.184","2.000","sfo/residual_estimator/front_stage/main/service/u_xfft/U0/i_synth/xfft_inst/non_floating_point.arch_d.xfft_inst/has_bit_reverse.dig_rev_mem/blk_ram.use_bram_only.mem/depth_11.ram_loop[1].use_RAMB18.SDP_RAMB18_9x2048/CLKBWRCLK","sfo/residual_estimator/front_stage/main/service/u_xfft/U0/i_synth/xfft_inst/non_floating_point.arch_d.xfft_inst/has_bit_reverse.pe_natural_out_reg[15]/D","1.752","0"
"clk500","0.184","2.000","cfo/windows/poison_sync/syncstages_ff_reg[3]/C","cfo/windows/sample_index_reg[6]/D","1.799","5"
"clk500","0.184","2.000","sfo/residual_estimator/aux_service/u_xfft/U0/i_synth/xfft_inst/non_floating_point.arch_d.xfft_inst/timing_cnts_has_nfft.duplicate_regs[3].other.nfft_regs[0].nfft_regs_fde/C","sfo/residual_estimator/aux_service/u_xfft/U0/i_synth/xfft_inst/non_floating_point.arch_d.xfft_inst/pe_gen[3].natural_order_input.PE/hasbf2.FB_2.BF_2/MEM/dist_ram.srlram.ram/var_length.shift_ram/i_bb_inst/gen_output_regs.output_regs/i_no_async_controls.output_reg[15]/D","1.798","2"
"clk500","0.184","2.000","sfo/residual_estimator/front_stage/main/service/u_xfft/U0/i_synth/axi_wrapper/sclr_int_reg/C","sfo/residual_estimator/front_stage/main/service/u_xfft/U0/i_synth/xfft_inst/non_floating_point.arch_d.xfft_inst/pe_gen[5].natural_order_input.PE/has_ovflo_control.delay_ovflo_valid/need_sclr_lut.real_shift_ram.FF_gen[0].reg/D","1.799","1"
"clk500","0.184","2.000","sfo/residual_estimator/aux_service/u_xfft/U0/i_synth/axi_wrapper/gen_has_nfft.nfft_we_int_reg/C","sfo/residual_estimator/aux_service/u_xfft/U0/i_synth/xfft_inst/non_floating_point.arch_d.xfft_inst/DOUT_CNT_CTRL_0/cnt/i_tc_compare_reg/R","1.698","1"
"clk500","0.185","2.000","cfo/windows/poison_sync/syncstages_ff_reg[3]/C","cfo/windows/packed_head_reg[6]/D","1.797","5"
"clk500","0.185","2.000","cfo/windows/packed_windows/fifo/gnuram_async_fifo.xpm_fifo_base_inst/gen_sdpram.xpm_memory_base_inst/gen_wr_a.gen_word_narrow.mem_reg_bram_14/CLKBWRCLK","cfo/windows/packed_tail_reg[127]/D","1.749","0"
"clk500","0.185","2.000","sfo/residual_estimator/aux_service/u_xfft/U0/i_synth/axi_wrapper/reset_pipe_reg[1]/C","sfo/residual_estimator/aux_service/u_xfft/U0/i_synth/axi_wrapper/data_out_channel/gen_real_time.data_out_reg[1]/CE","1.711","1"
"clk500","0.185","2.000","sfo/residual_estimator/aux_service/u_xfft/U0/i_synth/axi_wrapper/reset_pipe_reg[1]/C","sfo/residual_estimator/aux_service/u_xfft/U0/i_synth/axi_wrapper/data_out_channel/gen_real_time.data_out_reg[20]/CE","1.711","1"
"clk500","0.185","2.000","sfo/residual_estimator/aux_service/u_xfft/U0/i_synth/axi_wrapper/reset_pipe_reg[1]/C","sfo/residual_estimator/aux_service/u_xfft/U0/i_synth/axi_wrapper/data_out_channel/gen_real_time.data_out_reg[25]/CE","1.711","1"
"clk500","0.185","2.000","sfo/residual_estimator/aux_service/u_xfft/U0/i_synth/axi_wrapper/reset_pipe_reg[1]/C","sfo/residual_estimator/aux_service/u_xfft/U0/i_synth/axi_wrapper/data_out_channel/gen_real_time.data_out_reg[28]/CE","1.711","1"
"clk500","0.185","2.000","cfo/windows/poison_sync/syncstages_ff_reg[3]/C","cfo/observation_front/state_reg[0]/CE","1.713","3"
"clk500","0.185","2.000","cfo/windows/packed_windows/fifo/gnuram_async_fifo.xpm_fifo_base_inst/gen_sdpram.xpm_memory_base_inst/gen_wr_a.gen_word_narrow.mem_reg_bram_13/CLKBWRCLK","cfo/windows/packed_tail_reg[124]/D","1.750","0"
"clk500","0.185","2.000","sfo/residual_estimator/aux_service/u_xfft/U0/i_synth/xfft_inst/non_floating_point.arch_d.xfft_inst/timing_cnts_has_nfft.duplicate_regs[3].other.nfft_regs[0].nfft_regs_fde/C","sfo/residual_estimator/aux_service/u_xfft/U0/i_synth/xfft_inst/non_floating_point.arch_d.xfft_inst/pe_gen[3].natural_order_input.PE/hasbf2.FB_2.BF_2/MEM/dist_ram.srlram.ram/var_length.shift_ram/i_bb_inst/gen_output_regs.output_regs/i_no_async_controls.output_reg[7]/D","1.797","2"
"clk500","0.185","2.000","sfo/residual_estimator/aux_service/u_xfft/U0/i_synth/xfft_inst/non_floating_point.arch_d.xfft_inst/timing_cnts_has_nfft.duplicate_regs[3].other.nfft_regs[0].nfft_regs_fde/C","sfo/residual_estimator/aux_service/u_xfft/U0/i_synth/xfft_inst/non_floating_point.arch_d.xfft_inst/pe_gen[3].natural_order_input.PE/hasbf2.FB_2.BF_2/MEM/dist_ram.srlram.ram/var_length.shift_ram/i_bb_inst/gen_output_regs.output_regs/i_no_async_controls.output_reg[31]/D","1.797","2"
"clk500","0.185","2.000","sfo/residual_estimator/aux_service/u_xfft/U0/i_synth/xfft_inst/non_floating_point.arch_d.xfft_inst/timing_cnts_has_nfft.run_time_sel_reg[5]/C","sfo/residual_estimator/aux_service/u_xfft/U0/i_synth/xfft_inst/non_floating_point.arch_d.xfft_inst/pe_gen[4].natural_order_input.PE/bypass_muxes.din_re_mux_gen[13].reg/D","1.798","1"
"clk500","0.186","2.000","cfo/observation_front/fft_core/bank0_reg_bram_1/CLKBWRCLK","cfo/observation_front/fft_core/rr3_reg/DSP_A_B_DATA_INST/A[10]","1.468","1"
"clk500","0.187","2.000","sfo/residual_estimator/aux_service/u_xfft/U0/i_synth/xfft_inst/non_floating_point.arch_d.xfft_inst/input_delay_re/no_sclr_lut.real_shift_ram.use_baseblock.use_hlutnm_srls.srl_loop[5].i_fdre1/C","sfo/residual_estimator/aux_service/u_xfft/U0/i_synth/xfft_inst/non_floating_point.arch_d.xfft_inst/pe_gen[2].natural_order_input.PE/bypass_muxes.din_re_mux_gen[11].reg/D","1.793","1"
"clk500","0.187","2.000","cfo/observation_front/fft_core/state_reg[1]/C","cfo/observation_front/fft_core/tag_reg[8][row_a][9]/CE","1.710","1"
"clk500","0.187","2.000","cfo/observation_front/fft_core/state_reg[1]/C","cfo/observation_front/fft_core/tag_reg[8][row_b][8]/CE","1.710","1"
"clk500","0.187","2.000","cfo/observation_front/pi4_reg/DSP_OUTPUT_INST/CLK","cfo/observation_front/h_q5_reg[19]/D","1.763","6"
"clk500","0.187","2.000","sfo/initial_estimator/owner/fft/u_egress_fifo/gnuram_async_fifo.xpm_fifo_base_inst/gen_pf_ic_rc.ngen_full_rst_val.ram_full_i_reg/C","sfo/initial_estimator/owner/fft/u_egress_fifo/gnuram_async_fifo.xpm_fifo_base_inst/gen_sdpram.xpm_memory_base_inst/gen_wr_a.gen_word_narrow.mem_reg_bram_0/WEBWE[0]","1.396","2"
"clk500","0.187","2.000","sfo/residual_estimator/aux_service/u_xfft/U0/i_synth/axi_wrapper/reset_pipe_reg[1]/C","sfo/residual_estimator/aux_service/u_xfft/U0/i_synth/axi_wrapper/data_out_channel/gen_real_time.data_out_reg[26]/CE","1.709","1"
"clk500","0.187","2.000","sfo/residual_estimator/aux_service/u_xfft/U0/i_synth/xfft_inst/non_floating_point.arch_d.xfft_inst/has_bit_reverse.natural_order_address_muxing.muxed_reorder_read_addr_reg[10]/C","sfo/residual_estimator/aux_service/u_xfft/U0/i_synth/xfft_inst/non_floating_point.arch_d.xfft_inst/has_bit_reverse.dig_rev_mem/blk_ram.use_bram_only.mem/depth_14.need_extra_rams.extra_ram_loop[3].use_RAMB18.SDP_RAMB18_1x16384/ADDRBWRADDR[10]","1.487","0"
"clk500","0.188","2.000","cfo/observation_front/fft_core/state_reg[0]/C","cfo/observation_front/fft_core/bank0_reg_bram_0/DINADIN[26]","1.546","2"
"clk500","0.188","2.000","sfo/residual_estimator/aux_service/u_xfft/U0/i_synth/xfft_inst/non_floating_point.arch_d.xfft_inst/pe_gen[0].natural_order_input.PE/has_addr_gen.bf2_addr_gen/cnt/cnt_addsub/i_baseblox.i_baseblox_addsub/no_pipelining.the_addsub/i_lut6.i_lut6_addsub/i_q.i_simple.qreg/i_no_async_controls.output_reg[10]/C","sfo/residual_estimator/aux_service/u_xfft/U0/i_synth/xfft_inst/non_floating_point.arch_d.xfft_inst/pe_gen[0].natural_order_input.PE/FB_1.BF_1/MEM/blk_ram.use_bram_only.mem/depth_13_s6_depth_12.main_ram_loop[0].use_RAMB18.ram_2k_loop[2].SDP_RAMB18_9x2048/ADDRBWRADDR[12]","1.497","0"
"clk500","0.188","2.000","sfo/residual_estimator/aux_service/u_xfft/U0/i_synth/xfft_inst/non_floating_point.arch_d.xfft_inst/pe_gen[0].natural_order_input.PE/has_addr_gen.bf2_addr_gen/cnt/cnt_addsub/i_baseblox.i_baseblox_addsub/no_pipelining.the_addsub/i_lut6.i_lut6_addsub/i_q.i_simple.qreg/i_no_async_controls.output_reg[6]/C","sfo/residual_estimator/aux_service/u_xfft/U0/i_synth/xfft_inst/non_floating_point.arch_d.xfft_inst/pe_gen[0].natural_order_input.PE/FB_1.BF_1/MEM/blk_ram.use_bram_only.mem/depth_13_s6_depth_12.main_ram_loop[0].use_RAMB18.ram_2k_loop[2].SDP_RAMB18_9x2048/ADDRBWRADDR[8]","1.482","0"
"clk500","0.188","2.000","sfo/residual_estimator/aux_service/u_xfft/U0/i_synth/xfft_inst/non_floating_point.arch_d.xfft_inst/pe_gen[0].natural_order_input.PE/has_addr_gen.bf2_addr_gen/cnt/cnt_addsub/i_baseblox.i_baseblox_addsub/no_pipelining.the_addsub/i_lut6.i_lut6_addsub/i_q.i_simple.qreg/i_no_async_controls.output_reg[6]/C","sfo/residual_estimator/aux_service/u_xfft/U0/i_synth/xfft_inst/non_floating_point.arch_d.xfft_inst/pe_gen[0].natural_order_input.PE/FB_1.BF_1/MEM/blk_ram.use_bram_only.mem/depth_13_s6_depth_12.main_ram_loop[1].use_RAMB18.ram_2k_loop[2].SDP_RAMB18_9x2048/ADDRBWRADDR[8]","1.482","0"
"clk500","0.188","2.000","cfo/observation_front/fft_core/bank0_reg_bram_0/CLKBWRCLK","cfo/observation_front/fft_core/rr3_reg/DSP_A_B_DATA_INST/A[5]","1.477","1"
"clk500","0.188","2.000","cfo/windows/packed_windows/fifo/gnuram_async_fifo.xpm_fifo_base_inst/gen_sdpram.xpm_memory_base_inst/gen_wr_a.gen_word_narrow.mem_reg_bram_7/CLKBWRCLK","cfo/windows/packed_tail_reg[59]/D","1.746","0"
"clk500","0.188","2.000","sfo/residual_estimator/aux_service/u_xfft/U0/i_synth/xfft_inst/non_floating_point.arch_d.xfft_inst/pe_gen[0].natural_order_input.PE/has_addr_gen.bf2_addr_gen/cnt/cnt_addsub/i_baseblox.i_baseblox_addsub/no_pipelining.the_addsub/i_lut6.i_lut6_addsub/i_q.i_simple.qreg/i_no_async_controls.output_reg[4]/C","sfo/residual_estimator/aux_service/u_xfft/U0/i_synth/xfft_inst/non_floating_point.arch_d.xfft_inst/pe_gen[0].natural_order_input.PE/FB_1.BF_1/MEM/blk_ram.use_bram_only.mem/depth_13_s6_depth_12.main_ram_loop[1].use_RAMB18.ram_2k_loop[2].SDP_RAMB18_9x2048/ADDRBWRADDR[6]","1.502","0"
"clk500","0.188","2.000","sfo/residual_estimator/aux_service/u_xfft/U0/i_synth/xfft_inst/non_floating_point.arch_d.xfft_inst/pe_gen[0].natural_order_input.PE/has_addr_gen.bf2_addr_gen/cnt/cnt_addsub/i_baseblox.i_baseblox_addsub/no_pipelining.the_addsub/i_lut6.i_lut6_addsub/i_q.i_simple.qreg/i_no_async_controls.output_reg[2]/C","sfo/residual_estimator/aux_service/u_xfft/U0/i_synth/xfft_inst/non_floating_point.arch_d.xfft_inst/pe_gen[0].natural_order_input.PE/FB_1.BF_1/MEM/blk_ram.use_bram_only.mem/depth_13_s6_depth_12.main_ram_loop[2].use_RAMB18.ram_2k_loop[1].SDP_RAMB18_9x2048/ADDRBWRADDR[4]","1.429","0"
"clk500","0.189","2.000","cfo/observation_front/fft_core/state_reg[0]/C","cfo/observation_front/fft_core/bank1_reg_bram_0/DINADIN[0]","1.496","2"
"clk500","0.189","2.000","cfo/observation_front/fft_core/v_reg[1]/C","cfo/observation_front/fft_core/ar2_reg[17]/CE","1.706","0"
"clk500","0.189","2.000","sfo/residual_estimator/aux_service/u_xfft/U0/i_synth/xfft_inst/non_floating_point.arch_d.xfft_inst/FLOW/load_enable_reg/C","sfo/residual_estimator/aux_service/u_ingress_fifo/gnuram_async_fifo.xpm_fifo_base_inst/gen_pf_ic_rc.ram_empty_i_reg/D","1.793","4"
"clk500","0.189","2.000","sfo/residual_estimator/aux_service/u_xfft/U0/i_synth/xfft_inst/non_floating_point.arch_d.xfft_inst/has_bit_reverse.natural_order_address_muxing.muxed_reorder_read_addr_reg[8]/C","sfo/residual_estimator/aux_service/u_xfft/U0/i_synth/xfft_inst/non_floating_point.arch_d.xfft_inst/has_bit_reverse.dig_rev_mem/blk_ram.use_bram_only.mem/depth_14.main_ram_loop[1].use_RAMB18.ram_2k_loop[5].SDP_RAMB18_9x2048/ADDRBWRADDR[11]","1.502","0"
"clk500","0.189","2.000","cfo/windows/poison_sync/syncstages_ff_reg[3]/C","cfo/windows/packed_head_reg[13]/D","1.794","5"
"clk500","0.189","2.000","sfo/residual_estimator/aux_service/u_xfft/U0/i_synth/xfft_inst/non_floating_point.arch_d.xfft_inst/input_delay_im/no_sclr_lut.real_shift_ram.use_baseblock.use_hlutnm_srls.srl_loop[0].i_fdre0/C","sfo/residual_estimator/aux_service/u_xfft/U0/i_synth/xfft_inst/non_floating_point.arch_d.xfft_inst/pe_gen[2].natural_order_input.PE/bypass_muxes.din_im_mux_gen[0].reg/D","1.791","1"
"clk500","0.190","2.000","cfo/observation_front/state_reg[0]/C","cfo/observation_front/fft_core/bank1_reg_bram_0/REGCEB","1.554","3"
"clk500","0.190","2.000","sfo/residual_estimator/aux_service/u_xfft/U0/i_synth/xfft_inst/non_floating_point.arch_d.xfft_inst/has_bit_reverse.no_cp.muxed_reorder_write_addr_del_reg[9]/C","sfo/residual_estimator/aux_service/u_xfft/U0/i_synth/xfft_inst/non_floating_point.arch_d.xfft_inst/has_bit_reverse.dig_rev_mem/blk_ram.use_bram_only.mem/depth_14.main_ram_loop[2].use_RAMB18.ram_2k_loop[0].SDP_RAMB18_9x2048/ADDRARDADDR[12]","1.531","0"
"clk500","0.190","2.000","sfo/initial_estimator/owner/fft/u_egress_fifo/gnuram_async_fifo.xpm_fifo_base_inst/gen_pf_ic_rc.ngen_full_rst_val.ram_full_i_reg/C","sfo/initial_estimator/owner/fft/u_egress_fifo/gnuram_async_fifo.xpm_fifo_base_inst/gen_sdpram.xpm_memory_base_inst/gen_wr_a.gen_word_narrow.mem_reg_bram_0/ENBWREN","1.445","2"
"clk500","0.190","2.000","cfo/observation_front/fft_core/state_reg[1]/C","cfo/observation_front/fft_core/tag_reg[8][row_a][8]/CE","1.707","1"
"clk500","0.190","2.000","sfo/residual_estimator/aux_service/u_xfft/U0/i_synth/xfft_inst/non_floating_point.arch_d.xfft_inst/has_bit_reverse.no_cp.muxed_reorder_write_addr_del_reg[0]/C","sfo/residual_estimator/aux_service/u_xfft/U0/i_synth/xfft_inst/non_floating_point.arch_d.xfft_inst/has_bit_reverse.dig_rev_mem/blk_ram.use_bram_only.mem/depth_14.main_ram_loop[1].use_RAMB18.ram_2k_loop[3].SDP_RAMB18_9x2048/ADDRARDADDR[3]","1.450","0"
"clk500","0.190","2.000","sfo/residual_estimator/aux_service/u_xfft/U0/i_synth/xfft_inst/non_floating_point.arch_d.xfft_inst/timing_cnts_has_nfft.run_time_sel_reg[5]/C","sfo/residual_estimator/aux_service/u_xfft/U0/i_synth/xfft_inst/non_floating_point.arch_d.xfft_inst/pe_gen[4].natural_order_input.PE/bypass_muxes.din_re_mux_gen[3].reg/D","1.793","1"
"clk500","0.190","2.000","cfo/observation_front/fft_core/pi4_reg/DSP_OUTPUT_INST/CLK","cfo/observation_front/fft_core/pi5_reg[26]/D","1.761","7"
"clk500","0.191","2.000","cfo/windows/packed_windows/fifo/gnuram_async_fifo.xpm_fifo_base_inst/gen_sdpram.xpm_memory_base_inst/gen_wr_a.gen_word_narrow.mem_reg_bram_7/CLKBWRCLK","cfo/windows/packed_head_reg[60]/D","1.743","1"
"clk500","0.191","2.000","sfo/residual_estimator/aux_service/u_xfft/U0/i_synth/xfft_inst/non_floating_point.arch_d.xfft_inst/pe_gen[0].natural_order_input.PE/FB_1.BF_1/wr_addr_del/no_sclr_lut.real_shift_ram.use_baseblock.use_hlutnm_srls.srl_loop[2].i_fdre0/C","sfo/residual_estimator/aux_service/u_xfft/U0/i_synth/xfft_inst/non_floating_point.arch_d.xfft_inst/pe_gen[0].natural_order_input.PE/FB_1.BF_1/MEM/blk_ram.use_bram_only.mem/depth_13_s6_depth_12.main_ram_loop[2].use_RAMB18.ram_2k_loop[0].SDP_RAMB18_9x2048/ADDRARDADDR[7]","1.502","0"
"clk500","0.191","2.000","sfo/residual_estimator/aux_service/u_xfft/U0/i_synth/xfft_inst/non_floating_point.arch_d.xfft_inst/pe_gen[0].natural_order_input.PE/FB_1.BF_1/wr_addr_del/no_sclr_lut.real_shift_ram.use_baseblock.use_hlutnm_srls.srl_loop[0].i_fdre0/C","sfo/residual_estimator/aux_service/u_xfft/U0/i_synth/xfft_inst/non_floating_point.arch_d.xfft_inst/pe_gen[0].natural_order_input.PE/FB_1.BF_1/MEM/blk_ram.use_bram_only.mem/depth_13_s6_depth_12.main_ram_loop[2].use_RAMB18.ram_2k_loop[2].SDP_RAMB18_9x2048/ADDRARDADDR[3]","1.463","0"
"clk500","0.191","2.000","cfo/windows/poison_sync/syncstages_ff_reg[3]/C","cfo/windows/packed_head_reg[75]/D","1.791","5"
"clk500","0.191","2.000","cfo/windows/packed_windows/fifo/gnuram_async_fifo.xpm_fifo_base_inst/gen_sdpram.xpm_memory_base_inst/gen_wr_a.gen_word_narrow.mem_reg_bram_7/CLKBWRCLK","cfo/windows/packed_tail_reg[38]/D","1.744","0"
"clk500","0.191","2.000","cfo/windows/poison_sync/syncstages_ff_reg[3]/C","cfo/windows/packed_windows/fifo/gnuram_async_fifo.xpm_fifo_base_inst/rdp_inst/count_value_i_reg[4]/D","1.791","5"
"clk500","0.191","2.000","sfo/initial_estimator/owner/fft/u_egress_fifo/gnuram_async_fifo.xpm_fifo_base_inst/gen_pf_ic_rc.ngen_full_rst_val.ram_full_i_reg/C","sfo/initial_estimator/owner/fft/u_egress_fifo/gnuram_async_fifo.xpm_fifo_base_inst/wrp_inst/count_value_i_reg[4]/D","1.791","4"
"clk500","0.191","2.000","sfo/residual_estimator/aux_service/u_xfft/U0/i_synth/xfft_inst/non_floating_point.arch_d.xfft_inst/has_bit_reverse.natural_order_address_muxing.muxed_reorder_read_addr_reg[3]/C","sfo/residual_estimator/aux_service/u_xfft/U0/i_synth/xfft_inst/non_floating_point.arch_d.xfft_inst/has_bit_reverse.dig_rev_mem/blk_ram.use_bram_only.mem/depth_14.main_ram_loop[1].use_RAMB18.ram_2k_loop[7].SDP_RAMB18_9x2048/ADDRBWRADDR[6]","1.519","0"
"clk500","0.191","2.000","sfo/residual_estimator/aux_service/u_xfft/U0/i_synth/xfft_inst/non_floating_point.arch_d.xfft_inst/pe_gen[4].natural_order_input.PE/has_TW_mult.MULT/i_cmpy/three_mult_structure.use_dsp.i_dsp48/dsp_preadder_3.reg_mult3_preadd_d/dN.std_srl.shift_reg_reg[1][13]/C","sfo/residual_estimator/aux_service/u_xfft/U0/i_synth/xfft_inst/non_floating_point.arch_d.xfft_inst/pe_gen[4].natural_order_input.PE/has_TW_mult.MULT/i_cmpy/three_mult_structure.use_dsp.i_dsp48/mult1_preadder_d_plus_a.mult1/mult/use_prim.appDSP48[0].bppDSP48[0].use_dsp.use_dsp48e2.iDSP48E2/DSP_PREADD_DATA_INST/DIN[13]","1.560","0"
"clk500","0.192","2.000","cfo/observation_front/m_frame_reg[9]/C","cfo/estimator/expected_window_reg[3]/D","1.790","6"
"clk500","0.192","2.000","cfo/observation_front/fft_core/v_reg[2]/C","cfo/observation_front/fft_core/ai3_reg[11]/CE","1.703","0"
"clk500","0.192","2.000","cfo/observation_front/fft_core/v_reg[2]/C","cfo/observation_front/fft_core/ar3_reg[9]/CE","1.703","0"
"clk500","0.192","2.000","cfo/estimator/reset_fast_sync/arststages_ff_reg[3]/C","cfo/observation_front/sum_i_reg[16]/R","1.691","2"
"clk500","0.192","2.000","cfo/estimator/reset_fast_sync/arststages_ff_reg[3]/C","cfo/observation_front/sum_i_reg[17]/R","1.691","2"
"clk500","0.192","2.000","cfo/estimator/reset_fast_sync/arststages_ff_reg[3]/C","cfo/observation_front/sum_i_reg[18]/R","1.691","2"
"clk500","0.192","2.000","cfo/estimator/reset_fast_sync/arststages_ff_reg[3]/C","cfo/observation_front/sum_i_reg[19]/R","1.691","2"
"clk500","0.193","2.000","cfo/observation_front/coefficient_row_reg[14]/C","cfo/observation_front/coefficient_page0_data_reg_0_0/ADDRARDADDR[14]","1.494","0"
"clk500","0.193","2.000","sfo/residual_estimator/aux_service/u_xfft/U0/i_synth/xfft_inst/non_floating_point.arch_d.xfft_inst/has_bit_reverse.natural_order_address_muxing.muxed_reorder_read_addr_reg[5]/C","sfo/residual_estimator/aux_service/u_xfft/U0/i_synth/xfft_inst/non_floating_point.arch_d.xfft_inst/has_bit_reverse.dig_rev_mem/blk_ram.use_bram_only.mem/depth_14.main_ram_loop[0].use_RAMB18.ram_2k_loop[3].SDP_RAMB18_9x2048/ADDRBWRADDR[8]","1.479","0"
"clk500","0.193","2.000","sfo/residual_estimator/aux_service/u_xfft/U0/i_synth/xfft_inst/non_floating_point.arch_d.xfft_inst/input_delay_re/no_sclr_lut.real_shift_ram.use_baseblock.use_hlutnm_srls.srl_loop[4].i_fdre1/C","sfo/residual_estimator/aux_service/u_xfft/U0/i_synth/xfft_inst/non_floating_point.arch_d.xfft_inst/pe_gen[3].natural_order_input.PE/bypass_muxes.din_re_mux_gen[9].reg/D","1.788","1"
"clk500","0.193","2.000","sfo/residual_estimator/front_stage/main/service/u_xfft/U0/i_synth/axi_wrapper/sclr_int_reg/C","sfo/residual_estimator/front_stage/main/service/u_xfft/U0/i_synth/xfft_inst/non_floating_point.arch_d.xfft_inst/pe_gen[5].natural_order_input.PE/no_addr_gen.final_next_bf2_start_delay/need_sclr_lut.real_shift_ram.FF_gen[0].reg/D","1.790","1"
"clk500","0.193","2.000","cfo/estimator/reset_fast_sync/arststages_ff_reg[3]/C","cfo/observation_front/sum_i_reg[20]/R","1.690","2"
"clk500","0.193","2.000","cfo/estimator/reset_fast_sync/arststages_ff_reg[3]/C","cfo/observation_front/sum_i_reg[21]/R","1.690","2"
"clk500","0.193","2.000","cfo/estimator/reset_fast_sync/arststages_ff_reg[3]/C","cfo/observation_front/sum_i_reg[22]/R","1.690","2"
"clk500","0.193","2.000","cfo/estimator/reset_fast_sync/arststages_ff_reg[3]/C","cfo/observation_front/sum_i_reg[23]/R","1.690","2"
"clk500","0.194","2.000","cfo/observation_front/pi4_reg/DSP_OUTPUT_INST/CLK","cfo/observation_front/h_q5_reg[15]/D","1.756","5"
"clk500","0.194","2.000","cfo/observation_front/pi4_reg/DSP_OUTPUT_INST/CLK","cfo/observation_front/h_q5_reg[17]/D","1.756","6"
"clk500","0.194","2.000","sfo/initial_estimator/owner/fft/u_xfft/U0/i_synth/axi_wrapper/reset_pipe_reg[1]/C","sfo/initial_estimator/owner/fft/u_xfft/U0/i_synth/axi_wrapper/data_out_channel/gen_real_time.full_int_reg/D","1.787","1"
"clk500","0.194","2.000","sfo/residual_estimator/aux_service/u_xfft/U0/i_synth/xfft_inst/non_floating_point.arch_d.xfft_inst/has_bit_reverse.natural_order_address_muxing.muxed_reorder_read_addr_reg[5]/C","sfo/residual_estimator/aux_service/u_xfft/U0/i_synth/xfft_inst/non_floating_point.arch_d.xfft_inst/has_bit_reverse.dig_rev_mem/blk_ram.use_bram_only.mem/depth_14.main_ram_loop[1].use_RAMB18.ram_2k_loop[2].SDP_RAMB18_9x2048/ADDRBWRADDR[8]","1.498","0"
"clk500","0.194","2.000","sfo/residual_estimator/aux_service/u_xfft/U0/i_synth/axi_wrapper/gen_has_nfft.nfft_we_int_reg/C","sfo/residual_estimator/aux_service/u_xfft/U0/i_synth/xfft_inst/non_floating_point.arch_d.xfft_inst/has_bit_reverse.no_cyclic_prefix_xk_counter.DOUT_CNT_CTRL_1/cnt/cnt_addsub/i_baseblox.i_baseblox_addsub/no_pipelining.the_addsub/i_lut6.i_lut6_addsub/i_q.i_simple.qreg/i_no_async_controls.output_reg[1]/R","1.687","1"
"clk500","0.194","2.000","sfo/residual_estimator/aux_service/u_xfft/U0/i_synth/axi_wrapper/gen_has_nfft.nfft_we_int_reg/C","sfo/residual_estimator/aux_service/u_xfft/U0/i_synth/xfft_inst/non_floating_point.arch_d.xfft_inst/has_bit_reverse.no_cyclic_prefix_xk_counter.DOUT_CNT_CTRL_1/cnt/cnt_addsub/i_baseblox.i_baseblox_addsub/no_pipelining.the_addsub/i_lut6.i_lut6_addsub/i_q.i_simple.qreg/i_no_async_controls.output_reg[2]/R","1.687","1"
"clk500","0.194","2.000","sfo/residual_estimator/aux_service/u_xfft/U0/i_synth/axi_wrapper/gen_has_nfft.nfft_we_int_reg/C","sfo/residual_estimator/aux_service/u_xfft/U0/i_synth/xfft_inst/non_floating_point.arch_d.xfft_inst/has_bit_reverse.no_cyclic_prefix_xk_counter.DOUT_CNT_CTRL_1/cnt/cnt_addsub/i_baseblox.i_baseblox_addsub/no_pipelining.the_addsub/i_lut6.i_lut6_addsub/i_q.i_simple.qreg/i_no_async_controls.output_reg[3]/R","1.687","1"
"clk500","0.195","2.000","cfo/observation_front/pi4_reg/DSP_OUTPUT_INST/CLK","cfo/observation_front/h_q5_reg[13]/D","1.755","5"
"clk500","0.195","2.000","cfo/windows/poison_sync/syncstages_ff_reg[3]/C","cfo/windows/window_credits/fifo/gnuram_async_fifo.xpm_fifo_base_inst/gen_pf_ic_rc.ngen_full_rst_val.ram_full_i_reg/D","1.787","5"
"clk500","0.195","2.000","sfo/initial_estimator/owner/fft/u_xfft/U0/i_synth/axi_wrapper/reset_pipe_reg[1]/C","sfo/initial_estimator/owner/fft/u_xfft/U0/i_synth/axi_wrapper/data_out_channel/gen_real_time.data_out_reg[17]/CE","1.700","1"
"clk500","0.195","2.000","sfo/initial_estimator/owner/fft/u_xfft/U0/i_synth/axi_wrapper/reset_pipe_reg[1]/C","sfo/initial_estimator/owner/fft/u_xfft/U0/i_synth/axi_wrapper/data_out_channel/gen_real_time.data_out_reg[18]/CE","1.700","1"
"clk500","0.195","2.000","sfo/initial_estimator/owner/fft/u_xfft/U0/i_synth/axi_wrapper/reset_pipe_reg[1]/C","sfo/initial_estimator/owner/fft/u_xfft/U0/i_synth/axi_wrapper/data_out_channel/gen_real_time.data_out_reg[25]/CE","1.700","1"
"clk500","0.195","2.000","sfo/initial_estimator/owner/fft/u_xfft/U0/i_synth/axi_wrapper/reset_pipe_reg[1]/C","sfo/initial_estimator/owner/fft/u_xfft/U0/i_synth/axi_wrapper/data_out_channel/gen_real_time.data_out_reg[32]/CE","1.700","1"
"clk500","0.195","2.000","sfo/residual_estimator/aux_service/u_egress_fifo/gnuram_async_fifo.xpm_fifo_base_inst/xpm_fifo_rst_inst/gen_rst_ic.wr_rst_busy_ic_reg/C","sfo/residual_estimator/aux_service/u_egress_fifo/gnuram_async_fifo.xpm_fifo_base_inst/wrp_inst/count_value_i_reg[9]/D","1.785","6"
"clk500","0.195","2.000","cfo/observation_front/fft_core/pi4_reg/DSP_OUTPUT_INST/CLK","cfo/observation_front/fft_core/pi5_reg[22]/D","1.756","6"
"clk500","0.195","2.000","cfo/windows/poison_sync/syncstages_ff_reg[3]/C","cfo/windows/packed_windows/fifo/gnuram_async_fifo.xpm_fifo_base_inst/rdp_inst/count_value_i_reg[2]/D","1.787","5"
"clk500","0.195","2.000","cfo/windows/poison_sync/syncstages_ff_reg[3]/C","cfo/windows/packed_windows/fifo/gnuram_async_fifo.xpm_fifo_base_inst/rdp_inst/count_value_i_reg[3]/D","1.787","5"
"clk500","0.195","2.000","sfo/initial_estimator/owner/fft/u_egress_fifo/gnuram_async_fifo.xpm_fifo_base_inst/gen_pf_ic_rc.ngen_full_rst_val.ram_full_i_reg/C","sfo/initial_estimator/owner/fft/u_egress_fifo/gnuram_async_fifo.xpm_fifo_base_inst/wrp_inst/count_value_i_reg[2]/D","1.787","4"
"clk500","0.195","2.000","sfo/initial_estimator/owner/fft/u_egress_fifo/gnuram_async_fifo.xpm_fifo_base_inst/gen_pf_ic_rc.ngen_full_rst_val.ram_full_i_reg/C","sfo/initial_estimator/owner/fft/u_egress_fifo/gnuram_async_fifo.xpm_fifo_base_inst/wrp_inst/count_value_i_reg[3]/D","1.787","4"
"clk500","0.195","2.000","sfo/residual_estimator/aux_service/reset_sync500/syncstages_ff_reg[3]/C","sfo/residual_estimator/aux_service/u_xfft/U0/i_synth/axi_wrapper/config_channel_fifo/gen_real_time.full_reg/D","1.785","2"
"clk500","0.195","2.000","sfo/residual_estimator/aux_service/u_xfft/U0/i_synth/axi_wrapper/gen_has_nfft.nfft_we_int_reg/C","sfo/residual_estimator/aux_service/u_xfft/U0/i_synth/xfft_inst/non_floating_point.arch_d.xfft_inst/DOUT_CNT_CTRL_0/cnt/cnt_addsub/i_baseblox.i_baseblox_addsub/no_pipelining.the_addsub/i_lut6.i_lut6_addsub/i_q.i_simple.qreg/i_no_async_controls.output_reg[10]/R","1.686","1"
"clk500","0.195","2.000","sfo/residual_estimator/aux_service/u_xfft/U0/i_synth/axi_wrapper/gen_has_nfft.nfft_we_int_reg/C","sfo/residual_estimator/aux_service/u_xfft/U0/i_synth/xfft_inst/non_floating_point.arch_d.xfft_inst/DOUT_CNT_CTRL_0/cnt/cnt_addsub/i_baseblox.i_baseblox_addsub/no_pipelining.the_addsub/i_lut6.i_lut6_addsub/i_q.i_simple.qreg/i_no_async_controls.output_reg[11]/R","1.686","1"
"clk500","0.195","2.000","sfo/residual_estimator/aux_service/u_xfft/U0/i_synth/axi_wrapper/gen_has_nfft.nfft_we_int_reg/C","sfo/residual_estimator/aux_service/u_xfft/U0/i_synth/xfft_inst/non_floating_point.arch_d.xfft_inst/DOUT_CNT_CTRL_0/cnt/cnt_addsub/i_baseblox.i_baseblox_addsub/no_pipelining.the_addsub/i_lut6.i_lut6_addsub/i_q.i_simple.qreg/i_no_async_controls.output_reg[8]/R","1.686","1"
"clk500","0.195","2.000","sfo/residual_estimator/aux_service/u_xfft/U0/i_synth/axi_wrapper/gen_has_nfft.nfft_we_int_reg/C","sfo/residual_estimator/aux_service/u_xfft/U0/i_synth/xfft_inst/non_floating_point.arch_d.xfft_inst/DOUT_CNT_CTRL_0/cnt/cnt_addsub/i_baseblox.i_baseblox_addsub/no_pipelining.the_addsub/i_lut6.i_lut6_addsub/i_q.i_simple.qreg/i_no_async_controls.output_reg[9]/R","1.686","1"
"clk500","0.195","2.000","sfo/residual_estimator/aux_service/u_xfft/U0/i_synth/xfft_inst/non_floating_point.arch_d.xfft_inst/has_bit_reverse.natural_order_address_muxing.muxed_reorder_read_addr_reg[1]/C","sfo/residual_estimator/aux_service/u_xfft/U0/i_synth/xfft_inst/non_floating_point.arch_d.xfft_inst/has_bit_reverse.dig_rev_mem/blk_ram.use_bram_only.mem/depth_14.main_ram_loop[1].use_RAMB18.ram_2k_loop[5].SDP_RAMB18_9x2048/ADDRBWRADDR[4]","1.418","0"
"clk500","0.195","2.000","sfo/residual_estimator/aux_service/u_xfft/U0/i_synth/xfft_inst/non_floating_point.arch_d.xfft_inst/has_bit_reverse.natural_order_address_muxing.muxed_reorder_read_addr_reg[5]/C","sfo/residual_estimator/aux_service/u_xfft/U0/i_synth/xfft_inst/non_floating_point.arch_d.xfft_inst/has_bit_reverse.dig_rev_mem/blk_ram.use_bram_only.mem/depth_14.need_extra_rams.extra_ram_loop[3].use_RAMB18.SDP_RAMB18_1x16384/ADDRBWRADDR[5]","1.495","0"
"clk500","0.195","2.000","sfo/residual_estimator/aux_service/u_xfft/U0/i_synth/axi_wrapper/gen_has_nfft.nfft_we_int_reg/C","sfo/residual_estimator/aux_service/u_xfft/U0/i_synth/xfft_inst/non_floating_point.arch_d.xfft_inst/has_bit_reverse.no_cyclic_prefix_xk_counter.DOUT_CNT_CTRL_1/cnt/cnt_addsub/i_baseblox.i_baseblox_addsub/no_pipelining.the_addsub/i_lut6.i_lut6_addsub/i_q.i_simple.qreg/i_no_async_controls.output_reg[4]/R","1.686","1"
"clk500","0.195","2.000","sfo/residual_estimator/aux_service/u_xfft/U0/i_synth/axi_wrapper/gen_has_nfft.nfft_we_int_reg/C","sfo/residual_estimator/aux_service/u_xfft/U0/i_synth/xfft_inst/non_floating_point.arch_d.xfft_inst/has_bit_reverse.no_cyclic_prefix_xk_counter.DOUT_CNT_CTRL_1/cnt/cnt_addsub/i_baseblox.i_baseblox_addsub/no_pipelining.the_addsub/i_lut6.i_lut6_addsub/i_q.i_simple.qreg/i_no_async_controls.output_reg[5]/R","1.686","1"
"clk500","0.195","2.000","sfo/residual_estimator/aux_service/u_xfft/U0/i_synth/axi_wrapper/gen_has_nfft.nfft_we_int_reg/C","sfo/residual_estimator/aux_service/u_xfft/U0/i_synth/xfft_inst/non_floating_point.arch_d.xfft_inst/has_bit_reverse.no_cyclic_prefix_xk_counter.DOUT_CNT_CTRL_1/cnt/cnt_addsub/i_baseblox.i_baseblox_addsub/no_pipelining.the_addsub/i_lut6.i_lut6_addsub/i_q.i_simple.qreg/i_no_async_controls.output_reg[6]/R","1.686","1"
"clk500","0.195","2.000","sfo/residual_estimator/aux_service/u_xfft/U0/i_synth/axi_wrapper/gen_has_nfft.nfft_we_int_reg/C","sfo/residual_estimator/aux_service/u_xfft/U0/i_synth/xfft_inst/non_floating_point.arch_d.xfft_inst/has_bit_reverse.no_cyclic_prefix_xk_counter.DOUT_CNT_CTRL_1/cnt/cnt_addsub/i_baseblox.i_baseblox_addsub/no_pipelining.the_addsub/i_lut6.i_lut6_addsub/i_q.i_simple.qreg/i_no_async_controls.output_reg[7]/R","1.686","1"
"clk500","0.195","2.000","sfo/residual_estimator/aux_service/u_xfft/U0/i_synth/xfft_inst/non_floating_point.arch_d.xfft_inst/pe_gen[0].natural_order_input.PE/FB_1.BF_1/wr_addr_del/no_sclr_lut.real_shift_ram.use_baseblock.use_hlutnm_srls.srl_loop[2].i_fdre1/C","sfo/residual_estimator/aux_service/u_xfft/U0/i_synth/xfft_inst/non_floating_point.arch_d.xfft_inst/pe_gen[0].natural_order_input.PE/FB_1.BF_1/MEM/blk_ram.use_bram_only.mem/depth_13_s6_depth_12.main_ram_loop[2].use_RAMB18.ram_2k_loop[3].SDP_RAMB18_9x2048/ADDRARDADDR[8]","1.504","0"
"clk500","0.195","2.000","sfo/residual_estimator/front_stage/main/service/u_xfft/U0/i_synth/xfft_inst/non_floating_point.arch_d.xfft_inst/pe_gen[0].natural_order_input.PE/has_addr_gen.bf2_addr_gen/cnt/cnt_addsub/i_baseblox.i_baseblox_addsub/no_pipelining.the_addsub/i_lut6.i_lut6_addsub/i_q.i_simple.qreg/i_no_async_controls.output_reg[1]/C","sfo/residual_estimator/front_stage/main/service/u_xfft/U0/i_synth/xfft_inst/non_floating_point.arch_d.xfft_inst/pe_gen[0].natural_order_input.PE/FB_1.BF_1/MEM/blk_ram.use_bram_only.mem/depth_10.ram_loop[1].use_RAMB18.SDP_RAMB18_18x1024/ADDRBWRADDR[4]","1.420","0"
"clk500","0.196","2.000","cfo/windows/packed_windows/fifo/gnuram_async_fifo.xpm_fifo_base_inst/gen_sdpram.xpm_memory_base_inst/gen_wr_a.gen_word_narrow.mem_reg_bram_13/CLKBWRCLK","cfo/windows/packed_tail_reg[123]/D","1.738","0"
"clk500","0.196","2.000","sfo/residual_estimator/aux_service/u_xfft/U0/i_synth/axi_wrapper/reset_pipe_reg[1]/C","sfo/residual_estimator/aux_service/u_xfft/U0/i_synth/axi_wrapper/data_out_channel/gen_real_time.data_out_reg[23]/CE","1.701","1"
"clk500","0.196","2.000","sfo/residual_estimator/aux_service/u_xfft/U0/i_synth/axi_wrapper/reset_pipe_reg[1]/C","sfo/residual_estimator/aux_service/u_xfft/U0/i_synth/axi_wrapper/data_out_channel/gen_real_time.data_out_reg[24]/CE","1.701","1"
"clk500","0.196","2.000","sfo/residual_estimator/aux_service/u_xfft/U0/i_synth/axi_wrapper/reset_pipe_reg[1]/C","sfo/residual_estimator/aux_service/u_xfft/U0/i_synth/axi_wrapper/data_out_channel/gen_real_time.data_out_reg[29]/CE","1.701","1"
"clk500","0.196","2.000","sfo/residual_estimator/aux_service/u_xfft/U0/i_synth/xfft_inst/non_floating_point.arch_d.xfft_inst/pe_gen[0].natural_order_input.PE/FB_1.BF_1/wr_addr_del/no_sclr_lut.real_shift_ram.use_baseblock.use_hlutnm_srls.srl_loop[1].i_fdre0/C","sfo/residual_estimator/aux_service/u_xfft/U0/i_synth/xfft_inst/non_floating_point.arch_d.xfft_inst/pe_gen[0].natural_order_input.PE/FB_1.BF_1/MEM/blk_ram.use_bram_only.mem/depth_13_s6_depth_12.main_ram_loop[1].use_RAMB18.ram_2k_loop[1].SDP_RAMB18_9x2048/ADDRARDADDR[5]","1.495","0"
"clk500","0.196","2.000","sfo/residual_estimator/front_stage/main/service/u_xfft/U0/i_synth/xfft_inst/non_floating_point.arch_d.xfft_inst/has_bit_reverse.natural_order_address_muxing.muxed_reorder_read_addr_reg[10]/C","sfo/residual_estimator/front_stage/main/service/u_xfft/U0/i_synth/xfft_inst/non_floating_point.arch_d.xfft_inst/has_bit_reverse.dig_rev_mem/blk_ram.use_bram_only.mem/depth_11.ram_loop[2].use_RAMB18.SDP_RAMB18_9x2048/ADDRBWRADDR[13]","1.452","0"
"clk500","0.196","2.000","sfo/residual_estimator/aux_service/u_xfft/U0/i_synth/axi_wrapper/gen_has_nfft.nfft_we_int_reg/C","sfo/residual_estimator/aux_service/u_xfft/U0/i_synth/xfft_inst/non_floating_point.arch_d.xfft_inst/DOUT_CNT_CTRL_0/cnt/cnt_addsub/i_baseblox.i_baseblox_addsub/no_pipelining.the_addsub/i_lut6.i_lut6_addsub/i_q.i_simple.qreg/i_no_async_controls.output_reg[12]/R","1.685","1"
"clk500","0.196","2.000","sfo/residual_estimator/aux_service/u_xfft/U0/i_synth/axi_wrapper/gen_has_nfft.nfft_we_int_reg/C","sfo/residual_estimator/aux_service/u_xfft/U0/i_synth/xfft_inst/non_floating_point.arch_d.xfft_inst/DOUT_CNT_CTRL_0/cnt/cnt_addsub/i_baseblox.i_baseblox_addsub/no_pipelining.the_addsub/i_lut6.i_lut6_addsub/i_q.i_simple.qreg/i_no_async_controls.output_reg[13]/R","1.685","1"
"clk500","0.196","2.000","sfo/residual_estimator/aux_service/u_xfft/U0/i_synth/axi_wrapper/gen_has_nfft.nfft_we_int_reg/C","sfo/residual_estimator/aux_service/u_xfft/U0/i_synth/xfft_inst/non_floating_point.arch_d.xfft_inst/DOUT_CNT_CTRL_0/cnt/cnt_addsub/i_baseblox.i_baseblox_addsub/no_pipelining.the_addsub/i_lut6.i_lut6_addsub/i_q.i_simple.qreg/i_no_async_controls.output_reg[14]/R","1.685","1"
"clk500","0.197","2.000","cfo/observation_front/fft_core/state_reg[0]/C","cfo/observation_front/fft_core/bank0_reg_bram_0/DINADIN[2]","1.503","2"
"clk500","0.197","2.000","sfo/residual_estimator/aux_service/u_xfft/U0/i_synth/xfft_inst/non_floating_point.arch_d.xfft_inst/pe_gen[0].natural_order_input.PE/FB_1.BF_1/wr_addr_del/no_sclr_lut.real_shift_ram.use_baseblock.use_hlutnm_srls.srl_loop[3].i_fdre0/C","sfo/residual_estimator/aux_service/u_xfft/U0/i_synth/xfft_inst/non_floating_point.arch_d.xfft_inst/pe_gen[0].natural_order_input.PE/FB_1.BF_1/MEM/blk_ram.use_bram_only.mem/depth_13_s6_depth_12.main_ram_loop[1].use_RAMB18.ram_2k_loop[0].SDP_RAMB18_9x2048/ADDRARDADDR[9]","1.512","0"
"clk500","0.197","2.000","sfo/residual_estimator/aux_service/u_xfft/U0/i_synth/xfft_inst/non_floating_point.arch_d.xfft_inst/input_delay_im/no_sclr_lut.real_shift_ram.use_baseblock.use_hlutnm_srls.srl_loop[2].i_fdre1/C","sfo/residual_estimator/aux_service/u_xfft/U0/i_synth/xfft_inst/non_floating_point.arch_d.xfft_inst/pe_gen[3].natural_order_input.PE/bypass_muxes.din_im_mux_gen[5].reg/D","1.783","1"
"clk500","0.197","2.000","cfo/observation_front/fft_core/v_reg[2]/C","cfo/observation_front/fft_core/ai3_reg[14]/CE","1.699","0"
"clk500","0.197","2.000","cfo/observation_front/fft_core/v_reg[2]/C","cfo/observation_front/fft_core/ai3_reg[20]/CE","1.699","0"
"clk500","0.197","2.000","cfo/observation_front/fft_core/v_reg[2]/C","cfo/observation_front/fft_core/ai3_reg[21]/CE","1.699","0"
"clk500","0.197","2.000","cfo/observation_front/fft_core/state_reg[1]/C","cfo/observation_front/fft_core/tag_reg[7][row_a][0]/CE","1.700","1"
"clk500","0.197","2.000","cfo/observation_front/fft_core/state_reg[1]/C","cfo/observation_front/fft_core/tag_reg[7][row_a][1]/CE","1.700","1"
"clk500","0.197","2.000","cfo/windows/packed_windows/fifo/gnuram_async_fifo.xpm_fifo_base_inst/gen_sdpram.xpm_memory_base_inst/gen_wr_a.gen_word_narrow.mem_reg_bram_7/CLKBWRCLK","cfo/windows/packed_tail_reg[61]/D","1.737","0"
"clk500","0.197","2.000","sfo/residual_estimator/aux_service/u_xfft/U0/i_synth/xfft_inst/non_floating_point.arch_d.xfft_inst/has_bit_reverse.no_cp.muxed_reorder_write_addr_del_reg[0]/C","sfo/residual_estimator/aux_service/u_xfft/U0/i_synth/xfft_inst/non_floating_point.arch_d.xfft_inst/has_bit_reverse.dig_rev_mem/blk_ram.use_bram_only.mem/depth_14.main_ram_loop[1].use_RAMB18.ram_2k_loop[1].SDP_RAMB18_9x2048/ADDRARDADDR[3]","1.443","0"
"clk500","0.197","2.000","sfo/residual_estimator/aux_service/u_xfft/U0/i_synth/xfft_inst/non_floating_point.arch_d.xfft_inst/pe_gen[0].natural_order_input.PE/has_addr_gen.bf2_addr_gen/cnt/cnt_addsub/i_baseblox.i_baseblox_addsub/no_pipelining.the_addsub/i_lut6.i_lut6_addsub/i_q.i_simple.qreg/i_no_async_controls.output_reg[5]/C","sfo/residual_estimator/aux_service/u_xfft/U0/i_synth/xfft_inst/non_floating_point.arch_d.xfft_inst/pe_gen[0].natural_order_input.PE/FB_1.BF_1/MEM/blk_ram.use_bram_only.mem/depth_13_s6_depth_12.main_ram_loop[1].use_RAMB18.ram_2k_loop[1].SDP_RAMB18_9x2048/ADDRBWRADDR[7]","1.472","0"
"clk500","0.198","2.000","cfo/observation_front/fft_core/state_reg[0]/C","cfo/observation_front/fft_core/bank0_reg_bram_0/DINADIN[3]","1.510","2"
"clk500","0.198","2.000","sfo/initial_estimator/owner/fft/u_xfft/U0/i_synth/axi_wrapper/reset_pipe_reg[1]/C","sfo/initial_estimator/owner/fft/u_xfft/U0/i_synth/axi_wrapper/data_out_channel/gen_real_time.data_out_reg[0]/CE","1.697","1"
"clk500","0.198","2.000","sfo/initial_estimator/owner/fft/u_xfft/U0/i_synth/axi_wrapper/reset_pipe_reg[1]/C","sfo/initial_estimator/owner/fft/u_xfft/U0/i_synth/axi_wrapper/data_out_channel/gen_real_time.data_out_reg[13]/CE","1.697","1"
"clk500","0.198","2.000","sfo/initial_estimator/owner/fft/u_xfft/U0/i_synth/axi_wrapper/reset_pipe_reg[1]/C","sfo/initial_estimator/owner/fft/u_xfft/U0/i_synth/axi_wrapper/data_out_channel/gen_real_time.data_out_reg[16]/CE","1.697","1"
"clk500","0.198","2.000","sfo/initial_estimator/owner/fft/u_xfft/U0/i_synth/axi_wrapper/reset_pipe_reg[1]/C","sfo/initial_estimator/owner/fft/u_xfft/U0/i_synth/axi_wrapper/data_out_channel/gen_real_time.data_out_reg[22]/CE","1.697","1"
"clk500","0.198","2.000","sfo/initial_estimator/owner/fft/u_xfft/U0/i_synth/axi_wrapper/reset_pipe_reg[1]/C","sfo/initial_estimator/owner/fft/u_xfft/U0/i_synth/axi_wrapper/data_out_channel/gen_real_time.data_out_reg[15]/CE","1.698","1"
"clk500","0.198","2.000","sfo/initial_estimator/owner/fft/u_xfft/U0/i_synth/axi_wrapper/reset_pipe_reg[1]/C","sfo/initial_estimator/owner/fft/u_xfft/U0/i_synth/axi_wrapper/data_out_channel/gen_real_time.data_out_reg[1]/CE","1.698","1"
"clk500","0.198","2.000","sfo/initial_estimator/owner/fft/u_xfft/U0/i_synth/axi_wrapper/reset_pipe_reg[1]/C","sfo/initial_estimator/owner/fft/u_xfft/U0/i_synth/axi_wrapper/data_out_channel/gen_real_time.data_out_reg[33]/CE","1.698","1"
"clk500","0.198","2.000","sfo/initial_estimator/owner/fft/u_xfft/U0/i_synth/axi_wrapper/reset_pipe_reg[1]/C","sfo/initial_estimator/owner/fft/u_xfft/U0/i_synth/axi_wrapper/data_out_channel/gen_real_time.data_out_reg[7]/CE","1.698","1"
"clk500","0.198","2.000","cfo/windows/packed_windows/fifo/gnuram_async_fifo.xpm_fifo_base_inst/gen_sdpram.xpm_memory_base_inst/gen_wr_a.gen_word_narrow.mem_reg_bram_11/CLKBWRCLK","cfo/windows/packed_tail_reg[84]/D","1.737","0"
"clk500","0.198","2.000","sfo/residual_estimator/aux_service/u_xfft/U0/i_synth/xfft_inst/non_floating_point.arch_d.xfft_inst/has_bit_reverse.natural_order_address_muxing.muxed_reorder_read_addr_reg[7]/C","sfo/residual_estimator/aux_service/u_xfft/U0/i_synth/xfft_inst/non_floating_point.arch_d.xfft_inst/has_bit_reverse.dig_rev_mem/blk_ram.use_bram_only.mem/depth_14.main_ram_loop[2].use_RAMB18.ram_2k_loop[1].SDP_RAMB18_9x2048/ADDRBWRADDR[10]","1.496","0"
"clk500","0.199","2.000","cfo/observation_front/fft_core/state_reg[0]/C","cfo/observation_front/fft_core/bank0_reg_bram_0/DINADIN[4]","1.489","2"
"clk500","0.199","2.000","sfo/residual_estimator/aux_service/u_xfft/U0/i_synth/xfft_inst/non_floating_point.arch_d.xfft_inst/has_bit_reverse.no_cp.muxed_reorder_write_addr_del_reg[5]/C","sfo/residual_estimator/aux_service/u_xfft/U0/i_synth/xfft_inst/non_floating_point.arch_d.xfft_inst/has_bit_reverse.dig_rev_mem/blk_ram.use_bram_only.mem/depth_14.main_ram_loop[0].use_RAMB18.ram_2k_loop[2].SDP_RAMB18_9x2048/ADDRARDADDR[8]","1.508","0"
"clk500","0.199","2.000","cfo/observation_front/fft_core/state_reg[1]/C","cfo/observation_front/fft_core/tag_reg[7][row_b][9]/CE","1.698","1"
"clk500","0.199","2.000","sfo/residual_estimator/aux_service/u_egress_fifo/gnuram_async_fifo.xpm_fifo_base_inst/xpm_fifo_rst_inst/gen_rst_ic.wr_rst_busy_ic_reg/C","sfo/residual_estimator/aux_service/u_egress_fifo/gnuram_async_fifo.xpm_fifo_base_inst/wrpp1_inst/count_value_i_reg[10]/D","1.781","6"
"clk500","0.200","2.000","cfo/windows/packed_windows/fifo/gnuram_async_fifo.xpm_fifo_base_inst/gen_sdpram.xpm_memory_base_inst/gen_wr_a.gen_word_narrow.mem_reg_bram_3/CLKBWRCLK","cfo/windows/packed_head_reg[11]/D","1.734","1"
"clk500","0.200","2.000","sfo/residual_estimator/aux_service/u_xfft/U0/i_synth/xfft_inst/non_floating_point.arch_d.xfft_inst/input_delay_im/no_sclr_lut.real_shift_ram.use_baseblock.use_hlutnm_srls.srl_loop[4].i_fdre1/C","sfo/residual_estimator/aux_service/u_xfft/U0/i_synth/xfft_inst/non_floating_point.arch_d.xfft_inst/pe_gen[3].natural_order_input.PE/bypass_muxes.din_im_mux_gen[9].reg/D","1.781","1"
"clk500","0.200","2.000","cfo/observation_front/fft_core/v_reg[2]/C","cfo/observation_front/fft_core/ai3_reg[18]/CE","1.695","0"
"clk500","0.200","2.000","cfo/observation_front/fft_core/v_reg[2]/C","cfo/observation_front/fft_core/ai3_reg[6]/CE","1.695","0"
"clk500","0.200","2.000","cfo/observation_front/fft_core/v_reg[2]/C","cfo/observation_front/fft_core/ar3_reg[0]/CE","1.695","0"
"clk500","0.200","2.000","cfo/observation_front/fft_core/v_reg[5]/C","cfo/observation_front/fft_core/sub_i6_reg[4]/CE","1.695","0"
"clk500","0.200","2.000","cfo/observation_front/fft_core/v_reg[5]/C","cfo/observation_front/fft_core/sub_i6_reg[5]/CE","1.695","0"
"clk500","0.200","2.000","cfo/observation_front/fft_core/v_reg[5]/C","cfo/observation_front/fft_core/sub_i6_reg[6]/CE","1.695","0"
"clk500","0.200","2.000","cfo/observation_front/fft_core/v_reg[5]/C","cfo/observation_front/fft_core/sub_i6_reg[7]/CE","1.695","0"
"clk500","0.200","2.000","sfo/residual_estimator/aux_service/u_xfft/U0/i_synth/xfft_inst/non_floating_point.arch_d.xfft_inst/input_delay_im/no_sclr_lut.real_shift_ram.use_baseblock.use_hlutnm_srls.srl_loop[3].i_fdre1/C","sfo/residual_estimator/aux_service/u_xfft/U0/i_synth/xfft_inst/non_floating_point.arch_d.xfft_inst/pe_gen[1].natural_order_input.PE/bypass_muxes.din_im_mux_gen[7].reg/D","1.781","1"
"clk500","0.201","2.000","cfo/windows/packed_windows/fifo/gnuram_async_fifo.xpm_fifo_base_inst/gen_sdpram.xpm_memory_base_inst/gen_wr_a.gen_word_narrow.mem_reg_bram_3/CLKBWRCLK","cfo/windows/packed_tail_reg[12]/D","1.734","0"
"clk500","0.201","2.000","sfo/residual_estimator/aux_service/u_xfft/U0/i_synth/axi_wrapper/reset_pipe_reg[1]/C","sfo/residual_estimator/aux_service/u_xfft/U0/i_synth/axi_wrapper/data_out_channel/gen_real_time.data_out_reg[10]/CE","1.695","1"
"clk500","0.201","2.000","sfo/residual_estimator/aux_service/u_xfft/U0/i_synth/axi_wrapper/reset_pipe_reg[1]/C","sfo/residual_estimator/aux_service/u_xfft/U0/i_synth/axi_wrapper/data_out_channel/gen_real_time.data_out_reg[2]/CE","1.695","1"
"clk500","0.201","2.000","sfo/residual_estimator/aux_service/u_xfft/U0/i_synth/axi_wrapper/reset_pipe_reg[1]/C","sfo/residual_estimator/aux_service/u_xfft/U0/i_synth/axi_wrapper/data_out_channel/gen_real_time.data_out_reg[30]/CE","1.695","1"
"clk500","0.201","2.000","sfo/residual_estimator/aux_service/u_xfft/U0/i_synth/axi_wrapper/reset_pipe_reg[1]/C","sfo/residual_estimator/aux_service/u_xfft/U0/i_synth/axi_wrapper/data_out_channel/gen_real_time.data_out_reg[33]/CE","1.695","1"
"clk500","0.201","2.000","sfo/residual_estimator/aux_service/u_xfft/U0/i_synth/xfft_inst/non_floating_point.arch_d.xfft_inst/pe_gen[0].natural_order_input.PE/FB_1.BF_1/wr_addr_del/no_sclr_lut.real_shift_ram.use_baseblock.use_hlutnm_srls.srl_loop[1].i_fdre0/C","sfo/residual_estimator/aux_service/u_xfft/U0/i_synth/xfft_inst/non_floating_point.arch_d.xfft_inst/pe_gen[0].natural_order_input.PE/FB_1.BF_1/MEM/blk_ram.use_bram_only.mem/depth_13_s6_depth_12.main_ram_loop[1].use_RAMB18.ram_2k_loop[0].SDP_RAMB18_9x2048/ADDRARDADDR[5]","1.488","0"
"clk500","0.201","2.000","sfo/residual_estimator/aux_service/u_xfft/U0/i_synth/xfft_inst/non_floating_point.arch_d.xfft_inst/pe_gen[0].natural_order_input.PE/hasbf2.FB_2.BF_2/wr_addr_del/no_sclr_lut.real_shift_ram.use_baseblock.use_hlutnm_srls.srl_loop[5].i_fdre1/C","sfo/residual_estimator/aux_service/u_xfft/U0/i_synth/xfft_inst/non_floating_point.arch_d.xfft_inst/pe_gen[0].natural_order_input.PE/hasbf2.FB_2.BF_2/MEM/blk_ram.use_bram_only.mem/depth_12_s6_depth_11.main_ram_loop[0].use_RAMB18.ram_2k_loop[0].SDP_RAMB18_9x2048/WEA[0]","1.379","1"
"clk500","0.201","2.000","cfo/windows/poison_sync/syncstages_ff_reg[3]/C","cfo/windows/packed_head_reg[16]/D","1.782","5"
"clk500","0.201","2.000","sfo/residual_estimator/front_stage/main/service/u_xfft/U0/i_synth/xfft_inst/non_floating_point.arch_d.xfft_inst/pe_gen[0].natural_order_input.PE/has_TW_mult.TW/MUX0/four_inputs.use_lut6.no_lut_sclr.four_to_one_mux[0].latency1.reg/C","sfo/residual_estimator/front_stage/main/service/u_xfft/U0/i_synth/xfft_inst/non_floating_point.arch_d.xfft_inst/pe_gen[0].natural_order_input.PE/has_TW_mult.TW/twiddle_generator/tw1.twgen1/sin_addr_2s_comp/use_output_reg.D_OUT_reg[3]/D","1.781","1"
"clk500","0.201","2.000","cfo/estimator/reset_fast_sync/arststages_ff_reg[3]/C","cfo/observation_front/sum_i_reg[24]/R","1.682","2"
"clk500","0.201","2.000","cfo/estimator/reset_fast_sync/arststages_ff_reg[3]/C","cfo/observation_front/sum_i_reg[25]/R","1.682","2"
"clk500","0.201","2.000","cfo/estimator/reset_fast_sync/arststages_ff_reg[3]/C","cfo/observation_front/sum_i_reg[26]/R","1.682","2"
"clk500","0.201","2.000","cfo/estimator/reset_fast_sync/arststages_ff_reg[3]/C","cfo/observation_front/sum_i_reg[27]/R","1.682","2"
"clk500","0.201","2.000","cfo/windows/complete_windows/fifo/gnuram_async_fifo.xpm_fifo_base_inst/gen_sdpram.xpm_memory_base_inst/gen_wr_a.gen_word_narrow.mem_reg/CLKARDCLK","cfo/windows/fast_header_reg[14]/D","1.734","0"
"clk500","0.201","2.000","sfo/residual_estimator/aux_service/u_xfft/U0/i_synth/xfft_inst/non_floating_point.arch_d.xfft_inst/FLOW/has_nfft.counter_limit_early_reg[4].max_n_int_minus_one_ff/C","sfo/residual_estimator/aux_service/u_xfft/U0/i_synth/xfft_inst/non_floating_point.arch_d.xfft_inst/pe_gen[1].natural_order_input.PE/has_addr_gen.tw_addr_gen/cnt/i_tc_compare_reg/D","1.780","2"
"clk500","0.202","2.000","sfo/residual_estimator/front_stage/main/service/u_xfft/U0/i_synth/xfft_inst/non_floating_point.arch_d.xfft_inst/pe_gen[0].natural_order_input.PE/has_addr_gen.bf2_addr_gen/cnt/cnt_addsub/i_baseblox.i_baseblox_addsub/no_pipelining.the_addsub/i_lut6.i_lut6_addsub/i_q.i_simple.qreg/i_no_async_controls.output_reg[4]/C","sfo/residual_estimator/front_stage/main/service/u_xfft/U0/i_synth/xfft_inst/non_floating_point.arch_d.xfft_inst/pe_gen[0].natural_order_input.PE/FB_1.BF_1/MEM/blk_ram.use_bram_only.mem/depth_10.ram_loop[1].use_RAMB18.SDP_RAMB18_18x1024/ADDRBWRADDR[7]","1.468","0"
"clk500","0.202","2.000","cfo/observation_front/pi4_reg/DSP_OUTPUT_INST/CLK","cfo/observation_front/h_q5_reg[18]/D","1.748","6"
"clk500","0.202","2.000","cfo/observation_front/fft_core/pi4_reg/DSP_OUTPUT_INST/CLK","cfo/observation_front/fft_core/pi5_reg[24]/D","1.749","7"
"clk500","0.202","2.000","cfo/estimator/reset_fast_sync/arststages_ff_reg[3]/C","cfo/observation_front/sum_i_reg[28]/R","1.681","2"
"clk500","0.202","2.000","cfo/estimator/reset_fast_sync/arststages_ff_reg[3]/C","cfo/observation_front/sum_i_reg[29]/R","1.681","2"
"clk500","0.202","2.000","cfo/estimator/reset_fast_sync/arststages_ff_reg[3]/C","cfo/observation_front/sum_i_reg[30]/R","1.681","2"
"clk500","0.202","2.000","cfo/estimator/reset_fast_sync/arststages_ff_reg[3]/C","cfo/observation_front/sum_i_reg[31]/R","1.681","2"
"clk500","0.203","2.000","sfo/residual_estimator/aux_service/u_xfft/U0/i_synth/axi_wrapper/reset_pipe_reg[1]/C","sfo/residual_estimator/aux_service/u_xfft/U0/i_synth/axi_wrapper/data_out_channel/gen_real_time.data_out_reg[32]/CE","1.693","1"
"clk500","0.203","2.000","sfo/residual_estimator/aux_service/u_xfft/U0/i_synth/xfft_inst/non_floating_point.arch_d.xfft_inst/input_delay_re/no_sclr_lut.real_shift_ram.use_baseblock.use_hlutnm_srls.srl_loop[5].i_fdre0/C","sfo/residual_estimator/aux_service/u_xfft/U0/i_synth/xfft_inst/non_floating_point.arch_d.xfft_inst/pe_gen[5].natural_order_input.PE/bypass_muxes.din_re_mux_gen[10].reg/D","1.777","1"
"clk500","0.203","2.000","cfo/observation_front/fft_core/state_reg[0]/C","cfo/observation_front/fft_core/bank0_reg_bram_0/DINADIN[9]","1.514","2"
"clk500","0.203","2.000","cfo/windows/poison_sync/syncstages_ff_reg[3]/C","cfo/windows/packed_head_reg[112]/D","1.780","5"
"clk500","0.204","2.000","sfo/residual_estimator/aux_service/u_xfft/U0/i_synth/xfft_inst/non_floating_point.arch_d.xfft_inst/has_bit_reverse.no_cp.muxed_reorder_write_addr_del_reg[5]/C","sfo/residual_estimator/aux_service/u_xfft/U0/i_synth/xfft_inst/non_floating_point.arch_d.xfft_inst/has_bit_reverse.dig_rev_mem/blk_ram.use_bram_only.mem/depth_14.main_ram_loop[1].use_RAMB18.ram_2k_loop[7].SDP_RAMB18_9x2048/ADDRARDADDR[8]","1.503","0"
"clk500","0.204","2.000","cfo/windows/poison_sync/syncstages_ff_reg[3]/C","cfo/observation_front/fft_core/m_saturations_reg[0]/CE","1.693","3"
"clk500","0.205","2.000","sfo/residual_estimator/aux_service/u_xfft/U0/i_synth/xfft_inst/non_floating_point.arch_d.xfft_inst/input_delay_im/no_sclr_lut.real_shift_ram.use_baseblock.use_hlutnm_srls.srl_loop[5].i_fdre1/C","sfo/residual_estimator/aux_service/u_xfft/U0/i_synth/xfft_inst/non_floating_point.arch_d.xfft_inst/pe_gen[4].natural_order_input.PE/bypass_muxes.din_im_mux_gen[11].reg/D","1.775","1"
"clk500","0.205","2.000","sfo/residual_estimator/aux_service/u_xfft/U0/i_synth/xfft_inst/non_floating_point.arch_d.xfft_inst/has_bit_reverse.natural_order_address_muxing.muxed_reorder_read_addr_reg[0]/C","sfo/residual_estimator/aux_service/u_xfft/U0/i_synth/xfft_inst/non_floating_point.arch_d.xfft_inst/has_bit_reverse.dig_rev_mem/blk_ram.use_bram_only.mem/depth_14.main_ram_loop[0].use_RAMB18.ram_2k_loop[7].SDP_RAMB18_9x2048/ADDRBWRADDR[3]","1.448","0"
"clk500","0.206","2.000","sfo/residual_estimator/aux_service/u_xfft/U0/i_synth/xfft_inst/non_floating_point.arch_d.xfft_inst/has_bit_reverse.no_cp.muxed_reorder_write_addr_del_reg[8]/C","sfo/residual_estimator/aux_service/u_xfft/U0/i_synth/xfft_inst/non_floating_point.arch_d.xfft_inst/has_bit_reverse.dig_rev_mem/blk_ram.use_bram_only.mem/depth_14.need_extra_rams.extra_ram_loop[0].use_RAMB18.SDP_RAMB18_1x16384/ADDRARDADDR[8]","1.503","0"
"clk500","0.206","2.000","sfo/residual_estimator/aux_service/u_xfft/U0/i_synth/xfft_inst/non_floating_point.arch_d.xfft_inst/has_bit_reverse.natural_order_address_muxing.muxed_reorder_read_addr_reg[7]/C","sfo/residual_estimator/aux_service/u_xfft/U0/i_synth/xfft_inst/non_floating_point.arch_d.xfft_inst/has_bit_reverse.dig_rev_mem/blk_ram.use_bram_only.mem/depth_14.main_ram_loop[2].use_RAMB18.ram_2k_loop[7].SDP_RAMB18_9x2048/ADDRBWRADDR[10]","1.466","0"
"clk500","0.206","2.000","sfo/residual_estimator/aux_service/u_xfft/U0/i_synth/xfft_inst/non_floating_point.arch_d.xfft_inst/pe_gen[0].natural_order_input.PE/has_addr_gen.bf2_addr_gen/cnt/cnt_addsub/i_baseblox.i_baseblox_addsub/no_pipelining.the_addsub/i_lut6.i_lut6_addsub/i_q.i_simple.qreg/i_no_async_controls.output_reg[8]/C","sfo/residual_estimator/aux_service/u_xfft/U0/i_synth/xfft_inst/non_floating_point.arch_d.xfft_inst/pe_gen[0].natural_order_input.PE/FB_1.BF_1/MEM/blk_ram.use_bram_only.mem/depth_13_s6_depth_12.main_ram_loop[1].use_RAMB18.ram_2k_loop[1].SDP_RAMB18_9x2048/ADDRBWRADDR[10]","1.466","0"
"clk500","0.206","2.000","sfo/residual_estimator/aux_service/u_xfft/U0/i_synth/axi_wrapper/reset_pipe_reg[1]/C","sfo/residual_estimator/aux_service/u_xfft/U0/i_synth/axi_wrapper/symbols_out_remaining_reg[10]/R","1.677","0"
"clk500","0.206","2.000","sfo/residual_estimator/aux_service/u_xfft/U0/i_synth/axi_wrapper/reset_pipe_reg[1]/C","sfo/residual_estimator/aux_service/u_xfft/U0/i_synth/axi_wrapper/symbols_out_remaining_reg[8]/R","1.677","0"
"clk500","0.206","2.000","sfo/residual_estimator/aux_service/u_xfft/U0/i_synth/axi_wrapper/reset_pipe_reg[1]/C","sfo/residual_estimator/aux_service/u_xfft/U0/i_synth/axi_wrapper/symbols_out_remaining_reg[9]/R","1.677","0"
"clk500","0.206","2.000","sfo/residual_estimator/aux_service/u_xfft/U0/i_synth/xfft_inst/non_floating_point.arch_d.xfft_inst/has_bit_reverse.natural_order_address_muxing.muxed_reorder_read_addr_reg[9]/C","sfo/residual_estimator/aux_service/u_xfft/U0/i_synth/xfft_inst/non_floating_point.arch_d.xfft_inst/has_bit_reverse.dig_rev_mem/blk_ram.use_bram_only.mem/depth_14.main_ram_loop[2].use_RAMB18.ram_2k_loop[1].SDP_RAMB18_9x2048/ADDRBWRADDR[12]","1.501","0"
"clk500","0.206","2.000","sfo/residual_estimator/aux_service/u_xfft/U0/i_synth/xfft_inst/non_floating_point.arch_d.xfft_inst/has_bit_reverse.natural_order_address_muxing.muxed_reorder_read_addr_reg[2]/C","sfo/residual_estimator/aux_service/u_xfft/U0/i_synth/xfft_inst/non_floating_point.arch_d.xfft_inst/has_bit_reverse.dig_rev_mem/blk_ram.use_bram_only.mem/depth_14.need_extra_rams.extra_ram_loop[2].use_RAMB18.SDP_RAMB18_1x16384/ADDRBWRADDR[2]","1.437","0"
"clk500","0.206","2.000","sfo/residual_estimator/aux_service/u_xfft/U0/i_synth/xfft_inst/non_floating_point.arch_d.xfft_inst/pe_gen[0].natural_order_input.PE/has_addr_gen.bf2_addr_gen/cnt/cnt_addsub/i_baseblox.i_baseblox_addsub/no_pipelining.the_addsub/i_lut6.i_lut6_addsub/i_q.i_simple.qreg/i_no_async_controls.output_reg[11]/C","sfo/residual_estimator/aux_service/u_xfft/U0/i_synth/xfft_inst/non_floating_point.arch_d.xfft_inst/pe_gen[0].natural_order_input.PE/FB_1.BF_1/MEM/blk_ram.use_bram_only.mem/depth_13_s6_depth_12.main_ram_loop[2].use_RAMB18.ram_2k_loop[0].SDP_RAMB18_9x2048/ADDRBWRADDR[13]","1.440","0"
"clk500","0.207","2.000","cfo/observation_front/pi4_reg/DSP_OUTPUT_INST/CLK","cfo/observation_front/h_q5_reg[14]/D","1.743","5"
"clk500","0.207","2.000","sfo/residual_estimator/aux_service/u_xfft/U0/i_synth/xfft_inst/non_floating_point.arch_d.xfft_inst/has_bit_reverse.natural_order_address_muxing.muxed_reorder_read_addr_reg[11]/C","sfo/residual_estimator/aux_service/u_xfft/U0/i_synth/xfft_inst/non_floating_point.arch_d.xfft_inst/has_bit_reverse.dig_rev_mem/blk_ram.use_bram_only.mem/depth_14.need_extra_rams.extra_ram_loop[2].use_RAMB18.SDP_RAMB18_1x16384/ADDRBWRADDR[11]","1.511","0"
"clk500","0.207","2.000","sfo/residual_estimator/aux_service/u_xfft/U0/i_synth/xfft_inst/non_floating_point.arch_d.xfft_inst/has_bit_reverse.natural_order_address_muxing.muxed_reorder_read_addr_reg[5]/C","sfo/residual_estimator/aux_service/u_xfft/U0/i_synth/xfft_inst/non_floating_point.arch_d.xfft_inst/has_bit_reverse.dig_rev_mem/blk_ram.use_bram_only.mem/depth_14.need_extra_rams.extra_ram_loop[2].use_RAMB18.SDP_RAMB18_1x16384/ADDRBWRADDR[5]","1.498","0"
"clk500","0.207","2.000","sfo/residual_estimator/aux_service/u_xfft/U0/i_synth/xfft_inst/non_floating_point.arch_d.xfft_inst/has_bit_reverse.natural_order_address_muxing.muxed_reorder_read_addr_reg[3]/C","sfo/residual_estimator/aux_service/u_xfft/U0/i_synth/xfft_inst/non_floating_point.arch_d.xfft_inst/has_bit_reverse.dig_rev_mem/blk_ram.use_bram_only.mem/depth_14.need_extra_rams.extra_ram_loop[4].use_RAMB18.SDP_RAMB18_1x16384/ADDRBWRADDR[3]","1.426","0"
"clk500","0.207","2.000","sfo/residual_estimator/aux_service/u_egress_fifo/gnuram_async_fifo.xpm_fifo_base_inst/xpm_fifo_rst_inst/gen_rst_ic.wr_rst_busy_ic_reg/C","sfo/residual_estimator/aux_service/u_egress_fifo/gnuram_async_fifo.xpm_fifo_base_inst/wrpp1_inst/count_value_i_reg[11]/D","1.773","6"
"clk500","0.208","2.000","cfo/observation_front/fft_core/v_reg[5]/C","cfo/observation_front/fft_core/sub_i6_reg[0]/CE","1.687","0"
"clk500","0.208","2.000","cfo/observation_front/fft_core/v_reg[5]/C","cfo/observation_front/fft_core/sub_i6_reg[1]/CE","1.687","0"
"clk500","0.208","2.000","cfo/observation_front/fft_core/v_reg[5]/C","cfo/observation_front/fft_core/sub_i6_reg[2]/CE","1.687","0"
"clk500","0.208","2.000","cfo/observation_front/fft_core/v_reg[5]/C","cfo/observation_front/fft_core/sub_i6_reg[3]/CE","1.687","0"
"clk500","0.208","2.000","cfo/windows/poison_sync/syncstages_ff_reg[3]/C","cfo/windows/packed_head_reg[33]/D","1.775","5"
"clk500","0.208","2.000","sfo/residual_estimator/front_stage/main/service/u_xfft/U0/i_synth/xfft_inst/non_floating_point.arch_d.xfft_inst/FLOW/proc0_counter/cnt_addsub/i_baseblox.i_baseblox_addsub/no_pipelining.the_addsub/i_lut6.i_lut6_addsub/i_q.i_simple.qreg/i_no_async_controls.output_reg[9]/C","sfo/residual_estimator/front_stage/main/service/u_xfft/U0/i_synth/xfft_inst/non_floating_point.arch_d.xfft_inst/FLOW/load_enable_reg/D","1.775","3"
"clk500","0.209","2.000","sfo/residual_estimator/aux_service/u_xfft/U0/i_synth/xfft_inst/non_floating_point.arch_d.xfft_inst/pe_gen[0].natural_order_input.PE/has_addr_gen.bf2_addr_gen/cnt/cnt_addsub/i_baseblox.i_baseblox_addsub/no_pipelining.the_addsub/i_lut6.i_lut6_addsub/i_q.i_simple.qreg/i_no_async_controls.output_reg[3]/C","sfo/residual_estimator/aux_service/u_xfft/U0/i_synth/xfft_inst/non_floating_point.arch_d.xfft_inst/pe_gen[0].natural_order_input.PE/FB_1.BF_1/MEM/blk_ram.use_bram_only.mem/depth_13_s6_depth_12.main_ram_loop[0].use_RAMB18.ram_2k_loop[0].SDP_RAMB18_9x2048/ADDRBWRADDR[5]","1.494","0"
"clk500","0.209","2.000","sfo/residual_estimator/front_stage/main/service/u_xfft/U0/i_synth/axi_wrapper/sclr_int_reg/C","sfo/residual_estimator/front_stage/main/service/u_xfft/U0/i_synth/xfft_inst/non_floating_point.arch_d.xfft_inst/FLOW/reset_sustain.resets_4_pes[3].delay_reset_pe/tc_reg/S","1.674","0"
"clk500","0.209","2.000","sfo/residual_estimator/front_stage/main/service/u_xfft/U0/i_synth/xfft_inst/non_floating_point.arch_d.xfft_inst/has_bit_reverse.natural_order_address_muxing.muxed_reorder_read_addr_reg[5]/C","sfo/residual_estimator/front_stage/main/service/u_xfft/U0/i_synth/xfft_inst/non_floating_point.arch_d.xfft_inst/has_bit_reverse.dig_rev_mem/blk_ram.use_bram_only.mem/depth_11.ram_loop[2].use_RAMB18.SDP_RAMB18_9x2048/ADDRBWRADDR[8]","1.463","0"
"clk500","0.209","2.000","sfo/residual_estimator/aux_service/u_xfft/U0/i_synth/axi_wrapper/reset_pipe_reg[1]/C","sfo/residual_estimator/aux_service/u_xfft/U0/i_synth/axi_wrapper/symbols_out_remaining_reg[11]/R","1.674","0"
"clk500","0.209","2.000","sfo/residual_estimator/aux_service/u_xfft/U0/i_synth/axi_wrapper/reset_pipe_reg[1]/C","sfo/residual_estimator/aux_service/u_xfft/U0/i_synth/axi_wrapper/symbols_out_remaining_reg[12]/R","1.674","0"
"clk500","0.209","2.000","sfo/residual_estimator/aux_service/u_xfft/U0/i_synth/axi_wrapper/reset_pipe_reg[1]/C","sfo/residual_estimator/aux_service/u_xfft/U0/i_synth/axi_wrapper/symbols_out_remaining_reg[13]/R","1.674","0"
"clk500","0.210","2.000","cfo/observation_front/m_frame_reg[9]/C","cfo/estimator/expected_window_reg[4]/D","1.772","6"
"clk500","0.210","2.000","sfo/residual_estimator/aux_service/u_xfft/U0/i_synth/xfft_inst/non_floating_point.arch_d.xfft_inst/has_bit_reverse.natural_order_address_muxing.muxed_reorder_read_addr_reg[0]/C","sfo/residual_estimator/aux_service/u_xfft/U0/i_synth/xfft_inst/non_floating_point.arch_d.xfft_inst/has_bit_reverse.dig_rev_mem/blk_ram.use_bram_only.mem/depth_14.main_ram_loop[0].use_RAMB18.ram_2k_loop[3].SDP_RAMB18_9x2048/ADDRBWRADDR[3]","1.422","0"
"clk500","0.210","2.000","cfo/windows/packed_windows/fifo/gnuram_async_fifo.xpm_fifo_base_inst/gen_sdpram.xpm_memory_base_inst/gen_wr_a.gen_word_narrow.mem_reg_bram_7/CLKBWRCLK","cfo/windows/packed_tail_reg[37]/D","1.725","0"
"clk500","0.210","2.000","sfo/residual_estimator/aux_service/u_xfft/U0/i_synth/xfft_inst/non_floating_point.arch_d.xfft_inst/pe_gen[0].natural_order_input.PE/has_addr_gen.bf2_addr_gen/cnt/cnt_addsub/i_baseblox.i_baseblox_addsub/no_pipelining.the_addsub/i_lut6.i_lut6_addsub/i_q.i_simple.qreg/i_no_async_controls.output_reg[4]/C","sfo/residual_estimator/aux_service/u_xfft/U0/i_synth/xfft_inst/non_floating_point.arch_d.xfft_inst/pe_gen[0].natural_order_input.PE/FB_1.BF_1/MEM/blk_ram.use_bram_only.mem/depth_13_s6_depth_12.main_ram_loop[0].use_RAMB18.ram_2k_loop[1].SDP_RAMB18_9x2048/ADDRBWRADDR[6]","1.499","0"
"clk500","0.210","2.000","sfo/residual_estimator/aux_service/u_xfft/U0/i_synth/xfft_inst/non_floating_point.arch_d.xfft_inst/pe_gen[0].natural_order_input.PE/has_addr_gen.bf2_addr_gen/cnt/cnt_addsub/i_baseblox.i_baseblox_addsub/no_pipelining.the_addsub/i_lut6.i_lut6_addsub/i_q.i_simple.qreg/i_no_async_controls.output_reg[7]/C","sfo/residual_estimator/aux_service/u_xfft/U0/i_synth/xfft_inst/non_floating_point.arch_d.xfft_inst/pe_gen[0].natural_order_input.PE/FB_1.BF_1/MEM/blk_ram.use_bram_only.mem/depth_13_s6_depth_12.main_ram_loop[0].use_RAMB18.ram_2k_loop[1].SDP_RAMB18_9x2048/ADDRBWRADDR[9]","1.486","0"
"clk500","0.210","2.000","sfo/residual_estimator/aux_service/u_xfft/U0/i_synth/xfft_inst/non_floating_point.arch_d.xfft_inst/pe_gen[0].natural_order_input.PE/has_addr_gen.bf2_addr_gen/cnt/cnt_addsub/i_baseblox.i_baseblox_addsub/no_pipelining.the_addsub/i_lut6.i_lut6_addsub/i_q.i_simple.qreg/i_no_async_controls.output_reg[6]/C","sfo/residual_estimator/aux_service/u_xfft/U0/i_synth/xfft_inst/non_floating_point.arch_d.xfft_inst/pe_gen[0].natural_order_input.PE/FB_1.BF_1/MEM/blk_ram.use_bram_only.mem/depth_13_s6_depth_12.main_ram_loop[0].use_RAMB18.ram_2k_loop[3].SDP_RAMB18_9x2048/ADDRBWRADDR[8]","1.460","0"
"clk500","0.210","2.000","sfo/residual_estimator/aux_service/u_xfft/U0/i_synth/xfft_inst/non_floating_point.arch_d.xfft_inst/timing_cnts_has_nfft.duplicate_regs[3].other.nfft_regs[0].nfft_regs_fde/C","sfo/residual_estimator/aux_service/u_xfft/U0/i_synth/xfft_inst/non_floating_point.arch_d.xfft_inst/pe_gen[3].natural_order_input.PE/hasbf2.FB_2.BF_2/MEM/dist_ram.srlram.ram/var_length.shift_ram/i_bb_inst/gen_output_regs.output_regs/i_no_async_controls.output_reg[36]/D","1.772","2"
"clk500","0.211","2.000","cfo/observation_front/fft_core/state_reg[0]/C","cfo/observation_front/fft_core/bank0_reg_bram_0/DINADIN[25]","1.505","2"
"clk500","0.211","2.000","sfo/residual_estimator/aux_service/u_xfft/U0/i_synth/xfft_inst/non_floating_point.arch_d.xfft_inst/has_bit_reverse.no_cp.muxed_reorder_write_addr_del_reg[4]/C","sfo/residual_estimator/aux_service/u_xfft/U0/i_synth/xfft_inst/non_floating_point.arch_d.xfft_inst/has_bit_reverse.dig_rev_mem/blk_ram.use_bram_only.mem/depth_14.need_extra_rams.extra_ram_loop[1].use_RAMB18.SDP_RAMB18_1x16384/ADDRARDADDR[4]","1.430","0"
"clk500","0.211","2.000","sfo/residual_estimator/aux_service/u_xfft/U0/i_synth/axi_wrapper/sclr_int_reg/C","sfo/residual_estimator/aux_service/u_xfft/U0/i_synth/xfft_inst/non_floating_point.arch_d.xfft_inst/FLOW/has_scale_sch_buffer.scale_sch_out_i_reg[0]/R","1.672","0"
"clk500","0.211","2.000","sfo/residual_estimator/aux_service/u_xfft/U0/i_synth/xfft_inst/non_floating_point.arch_d.xfft_inst/has_bit_reverse.natural_order_address_muxing.muxed_reorder_read_addr_reg[3]/C","sfo/residual_estimator/aux_service/u_xfft/U0/i_synth/xfft_inst/non_floating_point.arch_d.xfft_inst/has_bit_reverse.dig_rev_mem/blk_ram.use_bram_only.mem/depth_14.main_ram_loop[0].use_RAMB18.ram_2k_loop[6].SDP_RAMB18_9x2048/ADDRBWRADDR[6]","1.499","0"
"clk500","0.211","2.000","sfo/residual_estimator/aux_service/u_egress_fifo/gnuram_async_fifo.xpm_fifo_base_inst/xpm_fifo_rst_inst/gen_rst_ic.wr_rst_busy_ic_reg/C","sfo/residual_estimator/aux_service/u_egress_fifo/gnuram_async_fifo.xpm_fifo_base_inst/wrpp2_inst/count_value_i_reg[4]/D","1.770","5"
"clk500","0.211","2.000","sfo/residual_estimator/aux_service/u_xfft/U0/i_synth/xfft_inst/non_floating_point.arch_d.xfft_inst/pe_gen[0].natural_order_input.PE/has_addr_gen.bf2_addr_gen/cnt/cnt_addsub/i_baseblox.i_baseblox_addsub/no_pipelining.the_addsub/i_lut6.i_lut6_addsub/i_q.i_simple.qreg/i_no_async_controls.output_reg[8]/C","sfo/residual_estimator/aux_service/u_xfft/U0/i_synth/xfft_inst/non_floating_point.arch_d.xfft_inst/pe_gen[0].natural_order_input.PE/FB_1.BF_1/MEM/blk_ram.use_bram_only.mem/depth_13_s6_depth_12.main_ram_loop[2].use_RAMB18.ram_2k_loop[1].SDP_RAMB18_9x2048/ADDRBWRADDR[10]","1.483","0"
"clk500","0.211","2.000","sfo/residual_estimator/aux_service/u_xfft/U0/i_synth/xfft_inst/non_floating_point.arch_d.xfft_inst/FLOW/has_nfft.counter_limit_reg[4].max_n_int_minus_one_ff/C","sfo/residual_estimator/aux_service/u_xfft/U0/i_synth/xfft_inst/non_floating_point.arch_d.xfft_inst/pe_gen[0].natural_order_input.PE/overflow.OVFLO_CNT/no_early_reg.I_TC_reg/D","1.770","2"
"clk500","0.212","2.000","sfo/residual_estimator/aux_service/u_xfft/U0/i_synth/xfft_inst/non_floating_point.arch_d.xfft_inst/pe_gen[0].natural_order_input.PE/has_addr_gen.bf2_addr_gen/cnt/cnt_addsub/i_baseblox.i_baseblox_addsub/no_pipelining.the_addsub/i_lut6.i_lut6_addsub/i_q.i_simple.qreg/i_no_async_controls.output_reg[6]/C","sfo/residual_estimator/aux_service/u_xfft/U0/i_synth/xfft_inst/non_floating_point.arch_d.xfft_inst/pe_gen[0].natural_order_input.PE/FB_1.BF_1/MEM/blk_ram.use_bram_only.mem/depth_13_s6_depth_12.main_ram_loop[0].use_RAMB18.ram_2k_loop[1].SDP_RAMB18_9x2048/ADDRBWRADDR[8]","1.478","0"
"clk500","0.213","2.000","sfo/residual_estimator/aux_service/u_xfft/U0/i_synth/xfft_inst/non_floating_point.arch_d.xfft_inst/pe_gen[0].natural_order_input.PE/FB_1.BF_1/wr_addr_del/no_sclr_lut.real_shift_ram.use_baseblock.use_hlutnm_srls.srl_loop[5].i_fdre0/C","sfo/residual_estimator/aux_service/u_xfft/U0/i_synth/xfft_inst/non_floating_point.arch_d.xfft_inst/pe_gen[0].natural_order_input.PE/FB_1.BF_1/MEM/blk_ram.use_bram_only.mem/depth_13_s6_depth_12.main_ram_loop[1].use_RAMB18.ram_2k_loop[3].SDP_RAMB18_9x2048/ADDRARDADDR[13]","1.493","0"
"clk500","0.213","2.000","sfo/residual_estimator/aux_service/u_xfft/U0/i_synth/xfft_inst/non_floating_point.arch_d.xfft_inst/has_bit_reverse.no_cp.muxed_reorder_write_addr_del_reg[1]/C","sfo/residual_estimator/aux_service/u_xfft/U0/i_synth/xfft_inst/non_floating_point.arch_d.xfft_inst/has_bit_reverse.dig_rev_mem/blk_ram.use_bram_only.mem/depth_14.main_ram_loop[0].use_RAMB18.ram_2k_loop[2].SDP_RAMB18_9x2048/ADDRARDADDR[4]","1.427","0"
"clk500","0.213","2.000","cfo/observation_front/fft_core/pi4_reg/DSP_OUTPUT_INST/CLK","cfo/observation_front/fft_core/pi5_reg[20]/D","1.738","6"
"clk500","0.213","2.000","sfo/residual_estimator/aux_service/u_xfft/U0/i_synth/xfft_inst/non_floating_point.arch_d.xfft_inst/has_bit_reverse.natural_order_address_muxing.muxed_reorder_read_addr_reg[2]/C","sfo/residual_estimator/aux_service/u_xfft/U0/i_synth/xfft_inst/non_floating_point.arch_d.xfft_inst/has_bit_reverse.dig_rev_mem/blk_ram.use_bram_only.mem/depth_14.main_ram_loop[1].use_RAMB18.ram_2k_loop[1].SDP_RAMB18_9x2048/ADDRBWRADDR[5]","1.476","0"
"clk500","0.214","2.000","cfo/observation_front/fft_core/state_reg[0]/C","cfo/observation_front/fft_core/tag_reg[5][row_a][8]/CE","1.683","1"
"clk500","0.214","2.000","cfo/observation_front/fft_core/state_reg[0]/C","cfo/observation_front/fft_core/tag_reg[5][row_b][2]/CE","1.683","1"
"clk500","0.214","2.000","cfo/observation_front/pi4_reg/DSP_OUTPUT_INST/CLK","cfo/observation_front/h_q5_reg[16]/D","1.736","6"
"clk500","0.214","2.000","sfo/residual_estimator/aux_service/u_xfft/U0/i_synth/xfft_inst/non_floating_point.arch_d.xfft_inst/has_bit_reverse.natural_order_address_muxing.muxed_reorder_read_addr_reg[11]/C","sfo/residual_estimator/aux_service/u_xfft/U0/i_synth/xfft_inst/non_floating_point.arch_d.xfft_inst/has_bit_reverse.dig_rev_mem/blk_ram.use_bram_only.mem/depth_14.need_extra_rams.extra_ram_loop[4].use_RAMB18.SDP_RAMB18_1x16384/ADDRBWRADDR[11]","1.479","0"
"clk500","0.214","2.000","sfo/residual_estimator/aux_service/u_xfft/U0/i_synth/xfft_inst/non_floating_point.arch_d.xfft_inst/has_bit_reverse.natural_order_address_muxing.muxed_reorder_read_addr_reg[2]/C","sfo/residual_estimator/aux_service/u_xfft/U0/i_synth/xfft_inst/non_floating_point.arch_d.xfft_inst/has_bit_reverse.dig_rev_mem/blk_ram.use_bram_only.mem/depth_14.need_extra_rams.extra_ram_loop[4].use_RAMB18.SDP_RAMB18_1x16384/ADDRBWRADDR[2]","1.445","0"
"clk500","0.214","2.000","sfo/residual_estimator/front_stage/main/service/u_xfft/U0/i_synth/xfft_inst/non_floating_point.arch_d.xfft_inst/has_bit_reverse.natural_order_address_muxing.muxed_reorder_read_addr_reg[3]/C","sfo/residual_estimator/front_stage/main/service/u_xfft/U0/i_synth/xfft_inst/non_floating_point.arch_d.xfft_inst/has_bit_reverse.dig_rev_mem/blk_ram.use_bram_only.mem/depth_11.ram_loop[3].use_RAMB18.SDP_RAMB18_9x2048/ADDRBWRADDR[6]","1.496","0"
"clk500","0.214","2.000","sfo/residual_estimator/aux_service/u_xfft/U0/i_synth/xfft_inst/non_floating_point.arch_d.xfft_inst/has_bit_reverse.no_cp.muxed_reorder_write_addr_del_reg[9]/C","sfo/residual_estimator/aux_service/u_xfft/U0/i_synth/xfft_inst/non_floating_point.arch_d.xfft_inst/has_bit_reverse.dig_rev_mem/blk_ram.use_bram_only.mem/depth_14.main_ram_loop[0].use_RAMB18.ram_2k_loop[3].SDP_RAMB18_9x2048/ADDRARDADDR[12]","1.490","0"
"clk500","0.214","2.000","sfo/residual_estimator/aux_service/u_xfft/U0/i_synth/xfft_inst/non_floating_point.arch_d.xfft_inst/input_delay_im/no_sclr_lut.real_shift_ram.use_baseblock.use_hlutnm_srls.srl_loop[2].i_fdre0/C","sfo/residual_estimator/aux_service/u_xfft/U0/i_synth/xfft_inst/non_floating_point.arch_d.xfft_inst/pe_gen[3].natural_order_input.PE/bypass_muxes.din_im_mux_gen[4].reg/D","1.767","1"
"clk500","0.215","2.000","sfo/residual_estimator/aux_service/u_xfft/U0/i_synth/axi_wrapper/data_in_channel_fifo/gen_real_time.full_reg/C","sfo/residual_estimator/aux_service/u_xfft/U0/i_synth/axi_wrapper/current_nfft_reg[0]/CE","1.682","1"
"clk500","0.215","2.000","sfo/residual_estimator/aux_service/u_xfft/U0/i_synth/xfft_inst/non_floating_point.arch_d.xfft_inst/pe_gen[0].natural_order_input.PE/has_addr_gen.bf2_addr_gen/cnt/cnt_addsub/i_baseblox.i_baseblox_addsub/no_pipelining.the_addsub/i_lut6.i_lut6_addsub/i_q.i_simple.qreg/i_no_async_controls.output_reg[7]/C","sfo/residual_estimator/aux_service/u_xfft/U0/i_synth/xfft_inst/non_floating_point.arch_d.xfft_inst/pe_gen[0].natural_order_input.PE/FB_1.BF_1/MEM/blk_ram.use_bram_only.mem/depth_13_s6_depth_12.need_extra_rams.extra_ram_loop[3].use_RAMB18.SDP_RAMB18_2x8192/ADDRBWRADDR[7]","1.454","0"
"clk500","0.215","2.000","sfo/residual_estimator/aux_service/u_xfft/U0/i_synth/xfft_inst/non_floating_point.arch_d.xfft_inst/FLOW/has_nfft._nfft_value.NFFT_int_tmp_reg[0]/C","sfo/residual_estimator/aux_service/u_xfft/U0/i_synth/xfft_inst/non_floating_point.arch_d.xfft_inst/pe_gen[5].natural_order_input.PE/has_addr_gen.bf2_addr_gen/output_cnt.reg_next_start/D","1.767","2"
"clk500","0.215","2.000","cfo/windows/packed_windows/fifo/gnuram_async_fifo.xpm_fifo_base_inst/gen_sdpram.xpm_memory_base_inst/gen_wr_a.gen_word_narrow.mem_reg_bram_11/CLKBWRCLK","cfo/windows/packed_tail_reg[88]/D","1.720","0"
"clk500","0.215","2.000","sfo/residual_estimator/aux_service/u_xfft/U0/i_synth/xfft_inst/non_floating_point.arch_d.xfft_inst/has_bit_reverse.natural_order_address_muxing.muxed_reorder_read_addr_reg[6]/C","sfo/residual_estimator/aux_service/u_xfft/U0/i_synth/xfft_inst/non_floating_point.arch_d.xfft_inst/has_bit_reverse.dig_rev_mem/blk_ram.use_bram_only.mem/depth_14.main_ram_loop[1].use_RAMB18.ram_2k_loop[1].SDP_RAMB18_9x2048/ADDRBWRADDR[9]","1.451","0"
"clk500","0.215","2.000","sfo/residual_estimator/front_stage/main/service/u_xfft/U0/i_synth/axi_wrapper/sclr_int_reg/C","sfo/residual_estimator/front_stage/main/service/u_xfft/U0/i_synth/xfft_inst/non_floating_point.arch_d.xfft_inst/has_overflow.natural_ovflo.DOUT_DONE_E_CNT/no_early_reg.I_TC_reg/R","1.668","1"
"clk500","0.215","2.000","sfo/residual_estimator/front_stage/main/service/u_xfft/U0/i_synth/axi_wrapper/sclr_int_reg/C","sfo/residual_estimator/front_stage/main/service/u_xfft/U0/i_synth/xfft_inst/non_floating_point.arch_d.xfft_inst/pe_gen[5].natural_order_input.PE/has_ovflo_control.delay_ovflo_start/need_sclr_lut.real_shift_ram.FF_gen[0].reg/D","1.768","1"
"clk500","0.215","2.000","sfo/residual_estimator/aux_service/u_egress_fifo/gnuram_async_fifo.xpm_fifo_base_inst/xpm_fifo_rst_inst/gen_rst_ic.wr_rst_busy_ic_reg/C","sfo/residual_estimator/aux_service/u_egress_fifo/gnuram_async_fifo.xpm_fifo_base_inst/wrpp2_inst/count_value_i_reg[2]/D","1.766","5"
"clk500","0.215","2.000","sfo/residual_estimator/aux_service/u_egress_fifo/gnuram_async_fifo.xpm_fifo_base_inst/xpm_fifo_rst_inst/gen_rst_ic.wr_rst_busy_ic_reg/C","sfo/residual_estimator/aux_service/u_egress_fifo/gnuram_async_fifo.xpm_fifo_base_inst/wrpp2_inst/count_value_i_reg[3]/D","1.766","5"
"clk500","0.216","2.000","sfo/residual_estimator/aux_service/u_egress_fifo/gnuram_async_fifo.xpm_fifo_base_inst/xpm_fifo_rst_inst/gen_rst_ic.wr_rst_busy_ic_reg/C","sfo/residual_estimator/aux_service/u_egress_fifo/gnuram_async_fifo.xpm_fifo_base_inst/wrp_inst/count_value_i_reg[8]/D","1.764","5"
"clk500","0.216","2.000","sfo/residual_estimator/aux_service/u_xfft/U0/i_synth/xfft_inst/non_floating_point.arch_d.xfft_inst/has_bit_reverse.no_cp.muxed_reorder_write_addr_del_reg[4]/C","sfo/residual_estimator/aux_service/u_xfft/U0/i_synth/xfft_inst/non_floating_point.arch_d.xfft_inst/has_bit_reverse.dig_rev_mem/blk_ram.use_bram_only.mem/depth_14.main_ram_loop[0].use_RAMB18.ram_2k_loop[1].SDP_RAMB18_9x2048/ADDRARDADDR[7]","1.478","0"
"clk500","0.216","2.000","sfo/residual_estimator/front_stage/main/service/u_xfft/U0/i_synth/xfft_inst/non_floating_point.arch_d.xfft_inst/has_bit_reverse.dig_rev_mem/blk_ram.use_bram_only.mem/depth_11.ram_loop[2].use_RAMB18.SDP_RAMB18_9x2048/CLKBWRCLK","sfo/residual_estimator/front_stage/main/service/u_xfft/U0/i_synth/xfft_inst/non_floating_point.arch_d.xfft_inst/has_bit_reverse.pe_natural_out_reg[23]/D","1.721","0"
"clk500","0.216","2.000","cfo/observation_front/fft_core/pi4_reg/DSP_OUTPUT_INST/CLK","cfo/observation_front/fft_core/pi5_reg[19]/D","1.735","6"
"clk500","0.216","2.000","sfo/residual_estimator/aux_service/u_xfft/U0/i_synth/xfft_inst/non_floating_point.arch_d.xfft_inst/pe_gen[0].natural_order_input.PE/has_addr_gen.bf2_addr_gen/cnt/cnt_addsub/i_baseblox.i_baseblox_addsub/no_pipelining.the_addsub/i_lut6.i_lut6_addsub/i_q.i_simple.qreg/i_no_async_controls.output_reg[9]/C","sfo/residual_estimator/aux_service/u_xfft/U0/i_synth/xfft_inst/non_floating_point.arch_d.xfft_inst/pe_gen[0].natural_order_input.PE/FB_1.BF_1/MEM/blk_ram.use_bram_only.mem/depth_13_s6_depth_12.main_ram_loop[1].use_RAMB18.ram_2k_loop[3].SDP_RAMB18_9x2048/ADDRBWRADDR[11]","1.500","0"
"clk500","0.217","2.000","sfo/residual_estimator/front_stage/main/service/u_xfft/U0/i_synth/xfft_inst/non_floating_point.arch_d.xfft_inst/has_bit_reverse.dig_rev_mem/blk_ram.use_bram_only.mem/depth_11.ram_loop[2].use_RAMB18.SDP_RAMB18_9x2048/CLKBWRCLK","sfo/residual_estimator/front_stage/main/service/u_xfft/U0/i_synth/xfft_inst/non_floating_point.arch_d.xfft_inst/has_bit_reverse.pe_natural_out_reg[22]/D","1.719","0"
"clk500","0.217","2.000","sfo/residual_estimator/aux_service/u_xfft/U0/i_synth/xfft_inst/non_floating_point.arch_d.xfft_inst/has_bit_reverse.natural_order_address_muxing.muxed_reorder_read_addr_reg[6]/C","sfo/residual_estimator/aux_service/u_xfft/U0/i_synth/xfft_inst/non_floating_point.arch_d.xfft_inst/has_bit_reverse.dig_rev_mem/blk_ram.use_bram_only.mem/depth_14.main_ram_loop[1].use_RAMB18.ram_2k_loop[2].SDP_RAMB18_9x2048/ADDRBWRADDR[9]","1.479","0"
"clk500","0.217","2.000","sfo/residual_estimator/front_stage/main/service/u_xfft/U0/i_synth/axi_wrapper/sclr_int_reg/C","sfo/residual_estimator/front_stage/main/service/u_xfft/U0/i_synth/xfft_inst/non_floating_point.arch_d.xfft_inst/pe_gen[5].natural_order_input.PE/overflow.g_valid_ovflo_reg.ovflo_valid_d_reg/R","1.666","0"
"clk500","0.217","2.000","sfo/residual_estimator/front_stage/main/service/u_xfft/U0/i_synth/axi_wrapper/sclr_int_reg/C","sfo/residual_estimator/front_stage/main/service/u_xfft/U0/i_synth/xfft_inst/non_floating_point.arch_d.xfft_inst/pe_gen[5].natural_order_input.PE/overflow.has_nfft_ovflo_reg.ovflo_reg/no_sclr_lut.depth1_shift_ram.with_sclr.Qsr_reg[0]/R","1.666","0"
"clk500","0.217","2.000","cfo/windows/poison_sync/syncstages_ff_reg[3]/C","cfo/windows/packed_windows/fifo/gnuram_async_fifo.xpm_fifo_base_inst/rdp_inst/count_value_i_reg[1]/D","1.765","5"
"clk500","0.217","2.000","sfo/initial_estimator/owner/fft/u_egress_fifo/gnuram_async_fifo.xpm_fifo_base_inst/gen_pf_ic_rc.ngen_full_rst_val.ram_full_i_reg/C","sfo/initial_estimator/owner/fft/u_egress_fifo/gnuram_async_fifo.xpm_fifo_base_inst/wrp_inst/count_value_i_reg[1]/D","1.765","4"
"clk500","0.218","2.000","sfo/residual_estimator/aux_service/u_xfft/U0/i_synth/xfft_inst/non_floating_point.arch_d.xfft_inst/pe_gen[0].natural_order_input.PE/FB_1.BF_1/wr_addr_del/no_sclr_lut.real_shift_ram.use_baseblock.use_hlutnm_srls.srl_loop[1].i_fdre1/C","sfo/residual_estimator/aux_service/u_xfft/U0/i_synth/xfft_inst/non_floating_point.arch_d.xfft_inst/pe_gen[0].natural_order_input.PE/FB_1.BF_1/MEM/blk_ram.use_bram_only.mem/depth_13_s6_depth_12.main_ram_loop[2].use_RAMB18.ram_2k_loop[1].SDP_RAMB18_9x2048/ADDRARDADDR[6]","1.496","0"
"clk500","0.218","2.000","sfo/residual_estimator/front_stage/main/service/u_xfft/U0/i_synth/axi_wrapper/sclr_int_reg/C","sfo/residual_estimator/front_stage/main/service/u_xfft/U0/i_synth/xfft_inst/non_floating_point.arch_d.xfft_inst/pe_gen[5].natural_order_input.PE/overflow.chk_ovfl/need_reg.opt_reg/R","1.665","0"
"clk500","0.218","2.000","sfo/residual_estimator/front_stage/main/service/u_xfft/U0/i_synth/axi_wrapper/sclr_int_reg/C","sfo/residual_estimator/front_stage/main/service/u_xfft/U0/i_synth/xfft_inst/non_floating_point.arch_d.xfft_inst/pe_gen[5].natural_order_input.PE/overflow.ovflo_reg_fd/R","1.665","0"
"clk500","0.218","2.000","cfo/windows/poison_sync/syncstages_ff_reg[3]/C","cfo/windows/packed_head_reg[2]/D","1.764","5"
"clk500","0.218","2.000","cfo/windows/packed_windows/fifo/gnuram_async_fifo.xpm_fifo_base_inst/gen_sdpram.xpm_memory_base_inst/gen_wr_a.gen_word_narrow.mem_reg_bram_3/CLKBWRCLK","cfo/windows/packed_tail_reg[13]/D","1.717","0"
"clk500","0.218","2.000","sfo/residual_estimator/aux_service/u_xfft/U0/i_synth/xfft_inst/non_floating_point.arch_d.xfft_inst/timing_cnts_has_nfft.duplicate_regs[3].other.nfft_regs[0].nfft_regs_fde/C","sfo/residual_estimator/aux_service/u_xfft/U0/i_synth/xfft_inst/non_floating_point.arch_d.xfft_inst/pe_gen[3].natural_order_input.PE/hasbf2.FB_2.BF_2/MEM/dist_ram.srlram.ram/var_length.shift_ram/i_bb_inst/gen_output_regs.output_regs/i_no_async_controls.output_reg[19]/D","1.764","2"
"clk500","0.219","2.000","cfo/windows/poison_sync/syncstages_ff_reg[3]/C","cfo/windows/packed_head_reg[86]/D","1.763","5"
"clk500","0.219","2.000","sfo/residual_estimator/aux_service/u_egress_fifo/gnuram_async_fifo.xpm_fifo_base_inst/xpm_fifo_rst_inst/gen_rst_ic.wr_rst_busy_ic_reg/C","sfo/residual_estimator/aux_service/u_egress_fifo/gnuram_async_fifo.xpm_fifo_base_inst/wrpp1_inst/count_value_i_reg[9]/D","1.761","6"
"clk500","0.219","2.000","sfo/residual_estimator/aux_service/u_xfft/U0/i_synth/xfft_inst/non_floating_point.arch_d.xfft_inst/pe_gen[0].natural_order_input.PE/has_addr_gen.bf2_addr_gen/cnt/cnt_addsub/i_baseblox.i_baseblox_addsub/no_pipelining.the_addsub/i_lut6.i_lut6_addsub/i_q.i_simple.qreg/i_no_async_controls.output_reg[6]/C","sfo/residual_estimator/aux_service/u_xfft/U0/i_synth/xfft_inst/non_floating_point.arch_d.xfft_inst/pe_gen[0].natural_order_input.PE/FB_1.BF_1/MEM/blk_ram.use_bram_only.mem/depth_13_s6_depth_12.main_ram_loop[1].use_RAMB18.ram_2k_loop[3].SDP_RAMB18_9x2048/ADDRBWRADDR[8]","1.471","0"
"clk500","0.219","2.000","sfo/residual_estimator/front_stage/main/service/u_xfft/U0/i_synth/xfft_inst/non_floating_point.arch_d.xfft_inst/has_bit_reverse.natural_order_address_muxing.muxed_reorder_read_addr_reg[6]/C","sfo/residual_estimator/front_stage/main/service/u_xfft/U0/i_synth/xfft_inst/non_floating_point.arch_d.xfft_inst/has_bit_reverse.dig_rev_mem/blk_ram.use_bram_only.mem/depth_11.ram_loop[2].use_RAMB18.SDP_RAMB18_9x2048/ADDRBWRADDR[9]","1.449","0"
"clk500","0.220","2.000","sfo/residual_estimator/aux_service/u_egress_fifo/gnuram_async_fifo.xpm_fifo_base_inst/xpm_fifo_rst_inst/gen_rst_ic.wr_rst_busy_ic_reg/C","sfo/residual_estimator/aux_service/u_egress_fifo/gnuram_async_fifo.xpm_fifo_base_inst/wrp_inst/count_value_i_reg[6]/D","1.760","5"
"clk500","0.220","2.000","sfo/residual_estimator/front_stage/main/service/u_xfft/U0/i_synth/axi_wrapper/sclr_int_reg/C","sfo/residual_estimator/front_stage/main/service/u_xfft/U0/i_synth/xfft_inst/non_floating_point.arch_d.xfft_inst/FLOW/reset_sustain.delay_reset_3/tc_reg/S","1.663","0"
"clk500","0.220","2.000","cfo/windows/packed_windows/fifo/gnuram_async_fifo.xpm_fifo_base_inst/gen_sdpram.xpm_memory_base_inst/gen_wr_a.gen_word_narrow.mem_reg_bram_3/CLKBWRCLK","cfo/windows/packed_tail_reg[10]/D","1.715","0"
"clk500","0.220","2.000","cfo/windows/packed_windows/fifo/gnuram_async_fifo.xpm_fifo_base_inst/gen_sdpram.xpm_memory_base_inst/gen_wr_a.gen_word_narrow.mem_reg_bram_13/CLKBWRCLK","cfo/windows/packed_tail_reg[114]/D","1.714","0"
"clk500","0.220","2.000","sfo/residual_estimator/aux_service/reset_sync500/syncstages_ff_reg[3]/C","sfo/residual_estimator/aux_service/u_xfft/U0/i_synth/axi_wrapper/config_channel_fifo/gen_real_time.data_out_reg[11]/CE","1.675","2"
"clk500","0.220","2.000","sfo/residual_estimator/aux_service/reset_sync500/syncstages_ff_reg[3]/C","sfo/residual_estimator/aux_service/u_xfft/U0/i_synth/axi_wrapper/config_channel_fifo/gen_real_time.data_out_reg[16]/CE","1.675","2"
"clk500","0.220","2.000","sfo/residual_estimator/aux_service/u_xfft/U0/i_synth/axi_wrapper/reset_pipe_reg[1]/C","sfo/residual_estimator/aux_service/u_xfft/U0/i_synth/axi_wrapper/symbols_out_remaining_reg[3]/R","1.662","0"
"clk500","0.220","2.000","sfo/residual_estimator/aux_service/u_xfft/U0/i_synth/axi_wrapper/reset_pipe_reg[1]/C","sfo/residual_estimator/aux_service/u_xfft/U0/i_synth/axi_wrapper/symbols_out_remaining_reg[5]/R","1.662","0"
"clk500","0.220","2.000","sfo/residual_estimator/aux_service/u_xfft/U0/i_synth/axi_wrapper/reset_pipe_reg[1]/C","sfo/residual_estimator/aux_service/u_xfft/U0/i_synth/axi_wrapper/symbols_out_remaining_reg[7]/R","1.662","0"
"clk500","0.220","2.000","sfo/residual_estimator/aux_service/u_xfft/U0/i_synth/xfft_inst/non_floating_point.arch_d.xfft_inst/has_bit_reverse.natural_order_address_muxing.muxed_reorder_read_addr_reg[1]/C","sfo/residual_estimator/aux_service/u_xfft/U0/i_synth/xfft_inst/non_floating_point.arch_d.xfft_inst/has_bit_reverse.dig_rev_mem/blk_ram.use_bram_only.mem/depth_14.main_ram_loop[2].use_RAMB18.ram_2k_loop[5].SDP_RAMB18_9x2048/ADDRBWRADDR[4]","1.393","0"
"clk500","0.221","2.000","cfo/windows/packed_windows/fifo/gnuram_async_fifo.xpm_fifo_base_inst/gen_sdpram.xpm_memory_base_inst/gen_wr_a.gen_word_narrow.mem_reg_bram_7/CLKBWRCLK","cfo/windows/packed_head_reg[54]/D","1.713","1"
"clk500","0.221","2.000","cfo/windows/poison_sync/syncstages_ff_reg[3]/C","cfo/windows/sample_index_reg[9]/D","1.761","5"
"clk500","0.221","2.000","sfo/residual_estimator/aux_service/u_xfft/U0/i_synth/axi_wrapper/reset_pipe_reg[1]/C","sfo/residual_estimator/aux_service/u_xfft/U0/i_synth/axi_wrapper/symbols_out_remaining_reg[0]/R","1.661","0"
"clk500","0.221","2.000","sfo/residual_estimator/aux_service/u_xfft/U0/i_synth/axi_wrapper/reset_pipe_reg[1]/C","sfo/residual_estimator/aux_service/u_xfft/U0/i_synth/axi_wrapper/symbols_out_remaining_reg[4]/R","1.661","0"
"clk500","0.221","2.000","sfo/residual_estimator/aux_service/u_xfft/U0/i_synth/axi_wrapper/reset_pipe_reg[1]/C","sfo/residual_estimator/aux_service/u_xfft/U0/i_synth/axi_wrapper/symbols_out_remaining_reg[6]/R","1.661","0"
"clk500","0.221","2.000","sfo/residual_estimator/aux_service/u_xfft/U0/i_synth/xfft_inst/non_floating_point.arch_d.xfft_inst/has_bit_reverse.natural_order_address_muxing.muxed_reorder_read_addr_reg[5]/C","sfo/residual_estimator/aux_service/u_xfft/U0/i_synth/xfft_inst/non_floating_point.arch_d.xfft_inst/has_bit_reverse.dig_rev_mem/blk_ram.use_bram_only.mem/depth_14.main_ram_loop[1].use_RAMB18.ram_2k_loop[7].SDP_RAMB18_9x2048/ADDRBWRADDR[8]","1.471","0"
"clk500","0.221","2.000","sfo/residual_estimator/aux_service/u_xfft/U0/i_synth/xfft_inst/non_floating_point.arch_d.xfft_inst/pe_gen[0].natural_order_input.PE/has_addr_gen.bf2_addr_gen/cnt/cnt_addsub/i_baseblox.i_baseblox_addsub/no_pipelining.the_addsub/i_lut6.i_lut6_addsub/i_q.i_simple.qreg/i_no_async_controls.output_reg[5]/C","sfo/residual_estimator/aux_service/u_xfft/U0/i_synth/xfft_inst/non_floating_point.arch_d.xfft_inst/pe_gen[0].natural_order_input.PE/FB_1.BF_1/MEM/blk_ram.use_bram_only.mem/depth_13_s6_depth_12.main_ram_loop[1].use_RAMB18.ram_2k_loop[0].SDP_RAMB18_9x2048/ADDRBWRADDR[7]","1.464","0"
"clk500","0.222","2.000","sfo/residual_estimator/aux_service/u_xfft/U0/i_synth/xfft_inst/non_floating_point.arch_d.xfft_inst/pe_gen[0].natural_order_input.PE/FB_1.BF_1/wr_addr_del/no_sclr_lut.real_shift_ram.use_baseblock.use_hlutnm_srls.srl_loop[2].i_fdre0/C","sfo/residual_estimator/aux_service/u_xfft/U0/i_synth/xfft_inst/non_floating_point.arch_d.xfft_inst/pe_gen[0].natural_order_input.PE/FB_1.BF_1/MEM/blk_ram.use_bram_only.mem/depth_13_s6_depth_12.main_ram_loop[2].use_RAMB18.ram_2k_loop[2].SDP_RAMB18_9x2048/ADDRARDADDR[7]","1.474","0"
"clk500","0.222","2.000","cfo/observation_front/fft_core/state_reg[1]/C","cfo/observation_front/fft_core/tag_reg[0][bank_a]/CE","1.675","1"
"clk500","0.222","2.000","cfo/windows/packed_windows/fifo/gnuram_async_fifo.xpm_fifo_base_inst/gen_sdpram.xpm_memory_base_inst/gen_wr_a.gen_word_narrow.mem_reg_bram_11/CLKBWRCLK","cfo/windows/packed_tail_reg[73]/D","1.713","0"
"clk500","0.222","2.000","sfo/residual_estimator/aux_service/u_egress_fifo/gnuram_async_fifo.xpm_fifo_base_inst/xpm_fifo_rst_inst/gen_rst_ic.wr_rst_busy_ic_reg/C","sfo/residual_estimator/aux_service/u_egress_fifo/gnuram_async_fifo.xpm_fifo_base_inst/wrpp1_inst/count_value_i_reg[8]/D","1.758","5"
"clk500","0.222","2.000","sfo/residual_estimator/aux_service/u_xfft/U0/i_synth/axi_wrapper/gen_has_nfft.nfft_we_int_reg/C","sfo/residual_estimator/aux_service/u_xfft/U0/i_synth/xfft_inst/non_floating_point.arch_d.xfft_inst/has_bit_reverse.pe_natural_out_reg[0]/R","1.659","1"
"clk500","0.222","2.000","sfo/residual_estimator/aux_service/u_xfft/U0/i_synth/axi_wrapper/gen_has_nfft.nfft_we_int_reg/C","sfo/residual_estimator/aux_service/u_xfft/U0/i_synth/xfft_inst/non_floating_point.arch_d.xfft_inst/has_bit_reverse.pe_natural_out_reg[1]/R","1.659","1"
"clk500","0.222","2.000","sfo/residual_estimator/aux_service/u_xfft/U0/i_synth/xfft_inst/non_floating_point.arch_d.xfft_inst/pe_gen[0].natural_order_input.PE/has_addr_gen.bf2_addr_gen/cnt/cnt_addsub/i_baseblox.i_baseblox_addsub/no_pipelining.the_addsub/i_lut6.i_lut6_addsub/i_q.i_simple.qreg/i_no_async_controls.output_reg[4]/C","sfo/residual_estimator/aux_service/u_xfft/U0/i_synth/xfft_inst/non_floating_point.arch_d.xfft_inst/pe_gen[0].natural_order_input.PE/FB_1.BF_1/MEM/blk_ram.use_bram_only.mem/depth_13_s6_depth_12.main_ram_loop[0].use_RAMB18.ram_2k_loop[3].SDP_RAMB18_9x2048/ADDRBWRADDR[6]","1.468","0"
"clk500","0.222","2.000","sfo/residual_estimator/front_stage/main/service/u_xfft/U0/i_synth/xfft_inst/non_floating_point.arch_d.xfft_inst/FLOW/has_scale_sch_buffer.scale_sch_out_i_reg[9]/C","sfo/residual_estimator/front_stage/main/service/u_xfft/U0/i_synth/xfft_inst/non_floating_point.arch_d.xfft_inst/pe_gen[0].natural_order_input.PE/has_scale_pipelining.has_tw_scale_reg.tw_scale_reg_gen[9].tw_scale_reg/D","1.758","0"
"clk500","0.223","2.000","sfo/residual_estimator/aux_service/u_xfft/U0/i_synth/xfft_inst/non_floating_point.arch_d.xfft_inst/has_bit_reverse.natural_order_address_muxing.muxed_reorder_read_addr_reg[9]/C","sfo/residual_estimator/aux_service/u_xfft/U0/i_synth/xfft_inst/non_floating_point.arch_d.xfft_inst/has_bit_reverse.dig_rev_mem/blk_ram.use_bram_only.mem/depth_14.need_extra_rams.extra_ram_loop[2].use_RAMB18.SDP_RAMB18_1x16384/ADDRBWRADDR[9]","1.473","0"
"clk500","0.223","2.000","cfo/observation_front/fft_core/pi4_reg/DSP_OUTPUT_INST/CLK","cfo/observation_front/fft_core/pi5_reg[15]/D","1.728","5"
"clk500","0.223","2.000","cfo/observation_front/fft_core/pi4_reg/DSP_OUTPUT_INST/CLK","cfo/observation_front/fft_core/pi5_reg[17]/D","1.728","6"
"clk500","0.223","2.000","cfo/observation_front/fft_core/state_reg[1]/C","cfo/observation_front/fft_core/tag_reg[8][bf][1]/CE","1.674","1"
"clk500","0.223","2.000","cfo/observation_front/fft_core/state_reg[1]/C","cfo/observation_front/fft_core/tag_reg[8][bf][3]/CE","1.674","1"
"clk500","0.223","2.000","cfo/observation_front/fft_core/state_reg[1]/C","cfo/observation_front/fft_core/tag_reg[8][bf][4]/CE","1.675","1"
"clk500","0.223","2.000","cfo/observation_front/fft_core/state_reg[1]/C","cfo/observation_front/fft_core/tag_reg[8][bf][6]/CE","1.674","1"
"clk500","0.223","2.000","cfo/observation_front/fft_core/state_reg[1]/C","cfo/observation_front/fft_core/tag_reg[8][bf][8]/CE","1.674","1"
"clk500","0.223","2.000","sfo/residual_estimator/aux_service/reset_sync500/syncstages_ff_reg[3]/C","sfo/residual_estimator/aux_service/u_xfft/U0/i_synth/axi_wrapper/config_channel_fifo/gen_real_time.data_out_reg[15]/CE","1.672","2"
"clk500","0.223","2.000","sfo/residual_estimator/aux_service/reset_sync500/syncstages_ff_reg[3]/C","sfo/residual_estimator/aux_service/u_xfft/U0/i_synth/axi_wrapper/config_channel_fifo/gen_real_time.data_out_reg[7]/CE","1.672","2"
"clk500","0.223","2.000","sfo/residual_estimator/aux_service/u_xfft/U0/i_synth/xfft_inst/non_floating_point.arch_d.xfft_inst/has_bit_reverse.natural_order_address_muxing.muxed_reorder_read_addr_reg[4]/C","sfo/residual_estimator/aux_service/u_xfft/U0/i_synth/xfft_inst/non_floating_point.arch_d.xfft_inst/has_bit_reverse.dig_rev_mem/blk_ram.use_bram_only.mem/depth_14.main_ram_loop[1].use_RAMB18.ram_2k_loop[2].SDP_RAMB18_9x2048/ADDRBWRADDR[7]","1.464","0"
"clk500","0.223","2.000","sfo/residual_estimator/aux_service/u_xfft/U0/i_synth/axi_wrapper/gen_has_nfft.nfft_we_int_reg/C","sfo/residual_estimator/aux_service/u_xfft/U0/i_synth/xfft_inst/non_floating_point.arch_d.xfft_inst/has_bit_reverse.pe_natural_out_reg[3]/R","1.658","1"
"clk500","0.223","2.000","sfo/residual_estimator/aux_service/u_xfft/U0/i_synth/axi_wrapper/gen_has_nfft.nfft_we_int_reg/C","sfo/residual_estimator/aux_service/u_xfft/U0/i_synth/xfft_inst/non_floating_point.arch_d.xfft_inst/has_bit_reverse.pe_natural_out_reg[8]/R","1.658","1"
"clk500","0.223","2.000","sfo/residual_estimator/aux_service/u_xfft/U0/i_synth/xfft_inst/non_floating_point.arch_d.xfft_inst/pe_gen[0].natural_order_input.PE/has_addr_gen.bf2_addr_gen/cnt/cnt_addsub/i_baseblox.i_baseblox_addsub/no_pipelining.the_addsub/i_lut6.i_lut6_addsub/i_q.i_simple.qreg/i_no_async_controls.output_reg[10]/C","sfo/residual_estimator/aux_service/u_xfft/U0/i_synth/xfft_inst/non_floating_point.arch_d.xfft_inst/pe_gen[0].natural_order_input.PE/FB_1.BF_1/MEM/blk_ram.use_bram_only.mem/depth_13_s6_depth_12.main_ram_loop[0].use_RAMB18.ram_2k_loop[1].SDP_RAMB18_9x2048/ADDRBWRADDR[12]","1.484","0"
"clk500","0.224","2.000","cfo/observation_front/m_frame_reg[9]/C","cfo/estimator/expected_window_reg[6]/D","1.758","6"
"clk500","0.224","2.000","sfo/residual_estimator/aux_service/u_xfft/U0/i_synth/axi_wrapper/data_in_channel_fifo/gen_real_time.full_reg/C","sfo/residual_estimator/aux_service/u_xfft/U0/i_synth/axi_wrapper/event_data_in_channel_halt_int_reg/D","1.758","1"
"clk500","0.224","2.000","sfo/residual_estimator/aux_service/u_xfft/U0/i_synth/xfft_inst/non_floating_point.arch_d.xfft_inst/has_bit_reverse.natural_order_address_muxing.muxed_reorder_read_addr_reg[5]/C","sfo/residual_estimator/aux_service/u_xfft/U0/i_synth/xfft_inst/non_floating_point.arch_d.xfft_inst/has_bit_reverse.dig_rev_mem/blk_ram.use_bram_only.mem/depth_14.need_extra_rams.extra_ram_loop[1].use_RAMB18.SDP_RAMB18_1x16384/ADDRBWRADDR[5]","1.481","0"
"clk500","0.224","2.000","cfo/observation_front/fft_core/pi4_reg/DSP_OUTPUT_INST/CLK","cfo/observation_front/fft_core/pi5_reg[13]/D","1.727","5"
"clk500","0.224","2.000","sfo/residual_estimator/aux_service/u_xfft/U0/i_synth/xfft_inst/non_floating_point.arch_d.xfft_inst/timing_cnts_has_nfft.duplicate_regs[3].other.nfft_regs[0].nfft_regs_fde/C","sfo/residual_estimator/aux_service/u_xfft/U0/i_synth/xfft_inst/non_floating_point.arch_d.xfft_inst/pe_gen[3].natural_order_input.PE/hasbf2.FB_2.BF_2/MEM/dist_ram.srlram.ram/var_length.shift_ram/i_bb_inst/gen_output_regs.output_regs/i_no_async_controls.output_reg[12]/D","1.758","2"
"clk500","0.225","2.000","cfo/observation_front/fft_core/state_reg[0]/C","cfo/observation_front/fft_core/bank1_reg_bram_0/DINADIN[3]","1.483","2"
"clk500","0.225","2.000","cfo/observation_front/v_reg[5]/C","cfo/observation_front/m_z_i_reg[4]/CE","1.672","1"
"clk500","0.225","2.000","cfo/observation_front/v_reg[5]/C","cfo/observation_front/m_z_i_reg[5]/CE","1.672","1"
"clk500","0.225","2.000","cfo/observation_front/v_reg[5]/C","cfo/observation_front/m_z_i_reg[6]/CE","1.672","1"
"clk500","0.225","2.000","cfo/observation_front/v_reg[5]/C","cfo/observation_front/m_z_i_reg[7]/CE","1.672","1"
"clk500","0.225","2.000","cfo/observation_front/state_reg[0]/C","cfo/observation_front/fft_core/m_i_reg[4]/CE","1.672","2"
"clk500","0.225","2.000","cfo/observation_front/state_reg[0]/C","cfo/observation_front/fft_core/m_i_reg[6]/CE","1.672","2"
"clk500","0.225","2.000","cfo/observation_front/pi4_reg/DSP_OUTPUT_INST/CLK","cfo/observation_front/h_q5_reg[12]/D","1.725","5"
"clk500","0.225","2.000","cfo/windows/packed_windows/fifo/gnuram_async_fifo.xpm_fifo_base_inst/gen_sdpram.xpm_memory_base_inst/gen_wr_a.gen_word_narrow.mem_reg_bram_8/CLKBWRCLK","cfo/windows/packed_windows/fifo/gnuram_async_fifo.xpm_fifo_base_inst/gen_sdpram.xpm_memory_base_inst/gen_wr_a.gen_word_narrow.mem_reg_bram_11/CASDINB[0]","1.635","2"
"clk500","0.225","2.000","cfo/windows/packed_windows/fifo/gnuram_async_fifo.xpm_fifo_base_inst/gen_sdpram.xpm_memory_base_inst/gen_wr_a.gen_word_narrow.mem_reg_bram_0/CLKBWRCLK","cfo/windows/packed_windows/fifo/gnuram_async_fifo.xpm_fifo_base_inst/gen_sdpram.xpm_memory_base_inst/gen_wr_a.gen_word_narrow.mem_reg_bram_3/CASDINB[0]","1.635","2"
"clk500","0.225","2.000","cfo/windows/packed_windows/fifo/gnuram_async_fifo.xpm_fifo_base_inst/gen_sdpram.xpm_memory_base_inst/gen_wr_a.gen_word_narrow.mem_reg_bram_4/CLKBWRCLK","cfo/windows/packed_windows/fifo/gnuram_async_fifo.xpm_fifo_base_inst/gen_sdpram.xpm_memory_base_inst/gen_wr_a.gen_word_narrow.mem_reg_bram_7/CASDINB[0]","1.635","2"
"clk500","0.225","2.000","sfo/residual_estimator/aux_service/u_xfft/U0/i_synth/axi_wrapper/data_out_channel/gen_real_time.data_out_reg[28]/C","sfo/residual_estimator/aux_service/u_egress_fifo/gnuram_async_fifo.xpm_fifo_base_inst/gen_sdpram.xpm_memory_base_inst/gen_wr_a.gen_word_narrow.mem_reg_bram_3/DINADIN[0]","1.458","0"
"clk500","0.225","2.000","cfo/observation_front/fft_core/state_reg[1]/C","cfo/observation_front/fft_core/tag_reg[8][bf][0]/CE","1.672","1"
"clk500","0.225","2.000","cfo/observation_front/fft_core/state_reg[1]/C","cfo/observation_front/fft_core/tag_reg[8][bf][2]/CE","1.672","1"
"clk500","0.225","2.000","cfo/observation_front/fft_core/state_reg[1]/C","cfo/observation_front/fft_core/tag_reg[8][bf][5]/CE","1.672","1"
"clk500","0.225","2.000","cfo/observation_front/fft_core/state_reg[1]/C","cfo/observation_front/fft_core/tag_reg[8][bf][7]/CE","1.672","1"
"clk500","0.225","2.000","sfo/residual_estimator/aux_service/reset_sync500/syncstages_ff_reg[3]/C","sfo/residual_estimator/aux_service/u_xfft/U0/i_synth/axi_wrapper/config_channel_fifo/gen_real_time.data_out_reg[13]/CE","1.670","2"
"clk500","0.225","2.000","sfo/residual_estimator/aux_service/reset_sync500/syncstages_ff_reg[3]/C","sfo/residual_estimator/aux_service/u_xfft/U0/i_synth/axi_wrapper/config_channel_fifo/gen_real_time.data_out_reg[6]/CE","1.670","2"
"clk500","0.225","2.000","sfo/residual_estimator/aux_service/reset_sync500/syncstages_ff_reg[3]/C","sfo/residual_estimator/aux_service/u_xfft/U0/i_synth/axi_wrapper/config_channel_fifo/gen_real_time.data_out_reg[9]/CE","1.670","2"
"clk500","0.225","2.000","sfo/residual_estimator/front_stage/main/service/u_xfft/U0/i_synth/xfft_inst/non_floating_point.arch_d.xfft_inst/pe_gen[0].natural_order_input.PE/has_TW_mult.TW/MUX0/four_inputs.use_lut6.no_lut_sclr.four_to_one_mux[0].latency1.reg/C","sfo/residual_estimator/front_stage/main/service/u_xfft/U0/i_synth/xfft_inst/non_floating_point.arch_d.xfft_inst/pe_gen[0].natural_order_input.PE/has_TW_mult.TW/twiddle_generator/tw1.twgen1/sin_addr_2s_comp/use_output_reg.D_OUT_reg[4]/D","1.757","1"
"clk500","0.226","2.000","sfo/residual_estimator/aux_service/u_xfft/U0/i_synth/xfft_inst/non_floating_point.arch_d.xfft_inst/has_bit_reverse.no_cp.muxed_reorder_write_addr_del_reg[4]/C","sfo/residual_estimator/aux_service/u_xfft/U0/i_synth/xfft_inst/non_floating_point.arch_d.xfft_inst/has_bit_reverse.dig_rev_mem/blk_ram.use_bram_only.mem/depth_14.main_ram_loop[0].use_RAMB18.ram_2k_loop[2].SDP_RAMB18_9x2048/ADDRARDADDR[7]","1.471","0"
"clk500","0.226","2.000","cfo/windows/packed_windows/fifo/gnuram_async_fifo.xpm_fifo_base_inst/gen_sdpram.xpm_memory_base_inst/gen_wr_a.gen_word_narrow.mem_reg_bram_13/CLKBWRCLK","cfo/windows/packed_head_reg[118]/D","1.708","1"
"clk500","0.226","2.000","sfo/residual_estimator/aux_service/u_egress_fifo/gnuram_async_fifo.xpm_fifo_base_inst/xpm_fifo_rst_inst/gen_rst_ic.wr_rst_busy_ic_reg/C","sfo/residual_estimator/aux_service/u_egress_fifo/gnuram_async_fifo.xpm_fifo_base_inst/wrpp1_inst/count_value_i_reg[6]/D","1.754","5"
"clk500","0.226","2.000","sfo/residual_estimator/aux_service/u_xfft/U0/i_synth/axi_wrapper/reset_pipe_reg[1]/C","sfo/residual_estimator/aux_service/u_xfft/U0/i_synth/axi_wrapper/gen_status_channel.gen_status_ovflo.status_fifo_write_desired_reg/D","1.756","1"
"clk500","0.226","2.000","sfo/residual_estimator/aux_service/u_xfft/U0/i_synth/xfft_inst/non_floating_point.arch_d.xfft_inst/has_bit_reverse.natural_order_address_muxing.muxed_reorder_read_addr_reg[7]/C","sfo/residual_estimator/aux_service/u_xfft/U0/i_synth/xfft_inst/non_floating_point.arch_d.xfft_inst/has_bit_reverse.dig_rev_mem/blk_ram.use_bram_only.mem/depth_14.main_ram_loop[1].use_RAMB18.ram_2k_loop[4].SDP_RAMB18_9x2048/ADDRBWRADDR[10]","1.446","0"
"clk500","0.226","2.000","sfo/residual_estimator/aux_service/u_xfft/U0/i_synth/xfft_inst/non_floating_point.arch_d.xfft_inst/has_bit_reverse.natural_order_address_muxing.muxed_reorder_read_addr_reg[13]/C","sfo/residual_estimator/aux_service/u_xfft/U0/i_synth/xfft_inst/non_floating_point.arch_d.xfft_inst/has_bit_reverse.dig_rev_mem/blk_ram.use_bram_only.mem/depth_14.need_extra_rams.extra_ram_loop[1].use_RAMB18.SDP_RAMB18_1x16384/ADDRBWRADDR[13]","1.451","0"
"clk500","0.226","2.000","sfo/residual_estimator/front_stage/main/service/u_xfft/U0/i_synth/xfft_inst/non_floating_point.arch_d.xfft_inst/pe_gen[0].natural_order_input.PE/has_TW_mult.TW/MUX0/four_inputs.use_lut6.no_lut_sclr.four_to_one_mux[0].latency1.reg/C","sfo/residual_estimator/front_stage/main/service/u_xfft/U0/i_synth/xfft_inst/non_floating_point.arch_d.xfft_inst/pe_gen[0].natural_order_input.PE/has_TW_mult.TW/twiddle_generator/tw1.twgen1/sin_addr_2s_comp/use_output_reg.D_OUT_reg[0]/D","1.757","0"
"clk500","0.226","2.000","sfo/residual_estimator/aux_service/u_xfft/U0/i_synth/xfft_inst/non_floating_point.arch_d.xfft_inst/has_bit_reverse.natural_order_address_muxing.muxed_reorder_read_addr_reg[13]/C","sfo/residual_estimator/aux_service/u_xfft/U0/i_synth/xfft_inst/non_floating_point.arch_d.xfft_inst/has_bit_reverse.dig_rev_mem/blk_ram.use_bram_only.mem/depth_14.need_extra_rams.extra_ram_loop[3].use_RAMB18.SDP_RAMB18_1x16384/ADDRBWRADDR[13]","1.422","0"
"clk500","0.227","2.000","cfo/observation_front/v_reg[5]/C","cfo/observation_front/m_z_i_reg[0]/CE","1.670","1"
"clk500","0.227","2.000","cfo/observation_front/v_reg[5]/C","cfo/observation_front/m_z_i_reg[1]/CE","1.670","1"
"clk500","0.227","2.000","cfo/observation_front/v_reg[5]/C","cfo/observation_front/m_z_i_reg[2]/CE","1.670","1"
"clk500","0.227","2.000","cfo/observation_front/v_reg[5]/C","cfo/observation_front/m_z_i_reg[3]/CE","1.670","1"
"clk500","0.227","2.000","sfo/residual_estimator/aux_service/u_xfft/U0/i_synth/xfft_inst/non_floating_point.arch_d.xfft_inst/has_bit_reverse.natural_order_address_muxing.muxed_reorder_read_addr_reg[9]/C","sfo/residual_estimator/aux_service/u_xfft/U0/i_synth/xfft_inst/non_floating_point.arch_d.xfft_inst/has_bit_reverse.dig_rev_mem/blk_ram.use_bram_only.mem/depth_14.main_ram_loop[2].use_RAMB18.ram_2k_loop[5].SDP_RAMB18_9x2048/ADDRBWRADDR[12]","1.458","0"
"clk500","0.227","2.000","sfo/initial_estimator/owner/fft/reset_sync500/syncstages_ff_reg[3]/C","sfo/initial_estimator/owner/fft/u_egress_fifo/gnuram_async_fifo.xpm_fifo_base_inst/wrpp2_inst/count_value_i_reg[6]/D","1.753","3"
"clk500","0.227","2.000","sfo/residual_estimator/aux_service/u_xfft/U0/i_synth/axi_wrapper/reset_pipe_reg[1]/C","sfo/residual_estimator/aux_service/u_xfft/U0/i_synth/axi_wrapper/symbols_out_remaining_reg[1]/R","1.655","0"
"clk500","0.227","2.000","sfo/residual_estimator/aux_service/u_xfft/U0/i_synth/axi_wrapper/reset_pipe_reg[1]/C","sfo/residual_estimator/aux_service/u_xfft/U0/i_synth/axi_wrapper/symbols_out_remaining_reg[2]/R","1.655","0"
"clk500","0.227","2.000","sfo/residual_estimator/aux_service/u_xfft/U0/i_synth/xfft_inst/non_floating_point.arch_d.xfft_inst/has_bit_reverse.dig_rev_mem/blk_ram.use_bram_only.mem/depth_14.main_ram_loop[0].mux_8to1.has_output_reg.addrb_mux_sel_reg_reg[2]/C","sfo/residual_estimator/aux_service/u_xfft/U0/i_synth/xfft_inst/non_floating_point.arch_d.xfft_inst/has_bit_reverse.pe_natural_out_reg[11]/D","1.755","1"
"clk500","0.227","2.000","cfo/windows/poison_sync/syncstages_ff_reg[3]/C","cfo/windows/packed_head_reg[5]/D","1.756","5"
"clk500","0.227","2.000","sfo/residual_estimator/aux_service/u_xfft/U0/i_synth/xfft_inst/non_floating_point.arch_d.xfft_inst/has_bit_reverse.natural_order_address_muxing.muxed_reorder_read_addr_reg[7]/C","sfo/residual_estimator/aux_service/u_xfft/U0/i_synth/xfft_inst/non_floating_point.arch_d.xfft_inst/has_bit_reverse.dig_rev_mem/blk_ram.use_bram_only.mem/depth_14.main_ram_loop[2].use_RAMB18.ram_2k_loop[5].SDP_RAMB18_9x2048/ADDRBWRADDR[10]","1.445","0"
"clk500","0.228","2.000","cfo/observation_front/fft_core/bank0_reg_bram_0/CLKBWRCLK","cfo/observation_front/fft_core/ri3_reg/DSP_A_B_DATA_INST/A[5]","1.437","1"
"clk500","0.228","2.000","cfo/observation_front/pi4_reg/DSP_OUTPUT_INST/CLK","cfo/observation_front/h_q5_reg[11]/D","1.722","5"
"clk500","0.228","2.000","sfo/initial_estimator/owner/fft/reset_sync500/syncstages_ff_reg[3]/C","sfo/initial_estimator/owner/fft/u_egress_fifo/gnuram_async_fifo.xpm_fifo_base_inst/wrpp2_inst/count_value_i_reg[7]/D","1.752","3"
"clk500","0.228","2.000","sfo/initial_estimator/owner/fft/reset_sync500/syncstages_ff_reg[3]/C","sfo/initial_estimator/owner/fft/u_xfft/U0/i_synth/axi_wrapper/config_channel_fifo/gen_real_time.data_out_reg[4]/CE","1.667","2"
"clk500","0.228","2.000","sfo/residual_estimator/aux_service/u_xfft/U0/i_synth/axi_wrapper/reset_pipe_reg[1]/C","sfo/residual_estimator/aux_service/u_xfft/U0/i_synth/axi_wrapper/dv_resolved_prev_reg/R","1.654","0"
"clk500","0.228","2.000","sfo/residual_estimator/aux_service/u_xfft/U0/i_synth/xfft_inst/non_floating_point.arch_d.xfft_inst/has_bit_reverse.no_cp.muxed_reorder_write_addr_del_reg[1]/C","sfo/residual_estimator/aux_service/u_xfft/U0/i_synth/xfft_inst/non_floating_point.arch_d.xfft_inst/has_bit_reverse.dig_rev_mem/blk_ram.use_bram_only.mem/depth_14.main_ram_loop[0].use_RAMB18.ram_2k_loop[5].SDP_RAMB18_9x2048/ADDRARDADDR[4]","1.412","0"
"clk500","0.228","2.000","cfo/estimator/reset_fast_sync/arststages_ff_reg[3]/C","cfo/observation_front/sum_q_reg[32]/R","1.655","2"
"clk500","0.228","2.000","cfo/estimator/reset_fast_sync/arststages_ff_reg[3]/C","cfo/observation_front/sum_q_reg[33]/R","1.655","2"
"clk500","0.228","2.000","cfo/estimator/reset_fast_sync/arststages_ff_reg[3]/C","cfo/observation_front/sum_q_reg[34]/R","1.655","2"
"clk500","0.228","2.000","cfo/estimator/reset_fast_sync/arststages_ff_reg[3]/C","cfo/observation_front/sum_q_reg[35]/R","1.655","2"
"clk500","0.228","2.000","sfo/initial_estimator/owner/fft/reset_sync500/syncstages_ff_reg[3]/C","sfo/initial_estimator/owner/fft/u_xfft/U0/i_synth/axi_wrapper/config_channel_fifo/gen_real_time.data_out_reg[6]/CE","1.668","2"
"clk500","0.228","2.000","sfo/residual_estimator/aux_service/u_xfft/U0/i_synth/axi_wrapper/gen_has_nfft.nfft_we_int_reg/C","sfo/residual_estimator/aux_service/u_xfft/U0/i_synth/xfft_inst/non_floating_point.arch_d.xfft_inst/has_bit_reverse.var_pt_size_muxed_addresses.left_shifter/r14.shifter/use_mux16.use_lut6.sixteen_to_one_mux[6].use_output_reg_and_pipe_reg.reg0/R","1.653","1"
"clk500","0.229","2.000","sfo/residual_estimator/aux_service/u_xfft/U0/i_synth/xfft_inst/non_floating_point.arch_d.xfft_inst/has_bit_reverse.no_cp.muxed_reorder_write_addr_del_reg[3]/C","sfo/residual_estimator/aux_service/u_xfft/U0/i_synth/xfft_inst/non_floating_point.arch_d.xfft_inst/has_bit_reverse.dig_rev_mem/blk_ram.use_bram_only.mem/depth_14.main_ram_loop[2].use_RAMB18.ram_2k_loop[0].SDP_RAMB18_9x2048/ADDRARDADDR[6]","1.487","0"
"clk500","0.229","2.000","cfo/windows/packed_windows/fifo/gnuram_async_fifo.xpm_fifo_base_inst/gen_fwft.gdvld_fwft.data_valid_fwft_reg/C","cfo/windows/packed_tail_reg[4]/CE","1.667","2"
"clk500","0.229","2.000","cfo/windows/packed_windows/fifo/gnuram_async_fifo.xpm_fifo_base_inst/gen_fwft.gdvld_fwft.data_valid_fwft_reg/C","cfo/windows/packed_tail_reg[85]/CE","1.667","2"
"clk500","0.229","2.000","cfo/windows/packed_windows/fifo/gnuram_async_fifo.xpm_fifo_base_inst/gen_fwft.gdvld_fwft.data_valid_fwft_reg/C","cfo/windows/packed_tail_reg[88]/CE","1.667","2"
"clk500","0.229","2.000","cfo/windows/packed_windows/fifo/gnuram_async_fifo.xpm_fifo_base_inst/gen_fwft.gdvld_fwft.data_valid_fwft_reg/C","cfo/windows/packed_tail_reg[94]/CE","1.667","2"
"clk500","0.229","2.000","sfo/initial_estimator/owner/fft/u_xfft/U0/i_synth/axi_wrapper/sclr_int_reg/C","sfo/initial_estimator/owner/fft/u_xfft/U0/i_synth/xfft_inst/non_floating_point.arch_d.xfft_inst/DOUT_CNT_CTRL_0/cnt/cnt_addsub/i_baseblox.i_baseblox_addsub/no_pipelining.the_addsub/i_lut6.i_lut6_addsub/i_q.i_simple.qreg/i_no_async_controls.output_reg[1]/R","1.653","0"
"clk500","0.229","2.000","sfo/initial_estimator/owner/fft/u_xfft/U0/i_synth/axi_wrapper/sclr_int_reg/C","sfo/initial_estimator/owner/fft/u_xfft/U0/i_synth/xfft_inst/non_floating_point.arch_d.xfft_inst/DOUT_CNT_CTRL_0/cnt/cnt_addsub/i_baseblox.i_baseblox_addsub/no_pipelining.the_addsub/i_lut6.i_lut6_addsub/i_q.i_simple.qreg/i_no_async_controls.output_reg[2]/R","1.653","0"
"clk500","0.229","2.000","sfo/initial_estimator/owner/fft/u_xfft/U0/i_synth/axi_wrapper/sclr_int_reg/C","sfo/initial_estimator/owner/fft/u_xfft/U0/i_synth/xfft_inst/non_floating_point.arch_d.xfft_inst/DOUT_CNT_CTRL_0/cnt/cnt_addsub/i_baseblox.i_baseblox_addsub/no_pipelining.the_addsub/i_lut6.i_lut6_addsub/i_q.i_simple.qreg/i_no_async_controls.output_reg[3]/R","1.653","0"
"clk500","0.229","2.000","sfo/residual_estimator/aux_service/u_xfft/U0/i_synth/axi_wrapper/gen_has_nfft.nfft_we_int_reg/C","sfo/residual_estimator/aux_service/u_xfft/U0/i_synth/xfft_inst/non_floating_point.arch_d.xfft_inst/has_bit_reverse.var_pt_size_muxed_addresses.left_shifter/r14.shifter/use_mux16.use_lut6.sixteen_to_one_mux[4].use_output_reg_and_pipe_reg.reg0/R","1.652","1"
"clk500","0.229","2.000","cfo/estimator/reset_fast_sync/arststages_ff_reg[3]/C","cfo/observation_front/sum_q_reg[36]/R","1.654","2"
"clk500","0.229","2.000","cfo/estimator/reset_fast_sync/arststages_ff_reg[3]/C","cfo/observation_front/sum_q_reg[37]/R","1.654","2"
"clk500","0.230","2.000","cfo/observation_front/fft_core/bank0_reg_bram_0/CLKBWRCLK","cfo/observation_front/fft_core/pr4_reg/DSP_A_B_DATA_INST/A[15]","1.431","1"
"clk500","0.230","2.000","sfo/residual_estimator/aux_service/u_xfft/U0/i_synth/xfft_inst/non_floating_point.arch_d.xfft_inst/input_delay_re/no_sclr_lut.real_shift_ram.use_baseblock.use_hlutnm_srls.srl_loop[1].i_fdre0/C","sfo/residual_estimator/aux_service/u_xfft/U0/i_synth/xfft_inst/non_floating_point.arch_d.xfft_inst/pe_gen[3].natural_order_input.PE/bypass_muxes.din_re_mux_gen[2].reg/D","1.750","1"
"clk500","0.230","2.000","sfo/initial_estimator/owner/fft/u_xfft/U0/i_synth/axi_wrapper/sclr_int_reg/C","sfo/initial_estimator/owner/fft/u_xfft/U0/i_synth/xfft_inst/non_floating_point.arch_d.xfft_inst/DOUT_CNT_CTRL_0/cnt/cnt_addsub/i_baseblox.i_baseblox_addsub/no_pipelining.the_addsub/i_lut6.i_lut6_addsub/i_q.i_simple.qreg/i_no_async_controls.output_reg[4]/R","1.652","0"
"clk500","0.230","2.000","sfo/initial_estimator/owner/fft/u_xfft/U0/i_synth/axi_wrapper/sclr_int_reg/C","sfo/initial_estimator/owner/fft/u_xfft/U0/i_synth/xfft_inst/non_floating_point.arch_d.xfft_inst/DOUT_CNT_CTRL_0/cnt/cnt_addsub/i_baseblox.i_baseblox_addsub/no_pipelining.the_addsub/i_lut6.i_lut6_addsub/i_q.i_simple.qreg/i_no_async_controls.output_reg[5]/R","1.652","0"
"clk500","0.230","2.000","sfo/initial_estimator/owner/fft/u_xfft/U0/i_synth/axi_wrapper/sclr_int_reg/C","sfo/initial_estimator/owner/fft/u_xfft/U0/i_synth/xfft_inst/non_floating_point.arch_d.xfft_inst/DOUT_CNT_CTRL_0/cnt/cnt_addsub/i_baseblox.i_baseblox_addsub/no_pipelining.the_addsub/i_lut6.i_lut6_addsub/i_q.i_simple.qreg/i_no_async_controls.output_reg[6]/R","1.652","0"
"clk500","0.230","2.000","sfo/initial_estimator/owner/fft/u_xfft/U0/i_synth/axi_wrapper/sclr_int_reg/C","sfo/initial_estimator/owner/fft/u_xfft/U0/i_synth/xfft_inst/non_floating_point.arch_d.xfft_inst/DOUT_CNT_CTRL_0/cnt/cnt_addsub/i_baseblox.i_baseblox_addsub/no_pipelining.the_addsub/i_lut6.i_lut6_addsub/i_q.i_simple.qreg/i_no_async_controls.output_reg[7]/R","1.652","0"
"clk500","0.230","2.000","sfo/residual_estimator/aux_service/u_xfft/U0/i_synth/xfft_inst/non_floating_point.arch_d.xfft_inst/has_bit_reverse.natural_order_address_muxing.muxed_reorder_read_addr_reg[1]/C","sfo/residual_estimator/aux_service/u_xfft/U0/i_synth/xfft_inst/non_floating_point.arch_d.xfft_inst/has_bit_reverse.dig_rev_mem/blk_ram.use_bram_only.mem/depth_14.main_ram_loop[0].use_RAMB18.ram_2k_loop[7].SDP_RAMB18_9x2048/ADDRBWRADDR[4]","1.387","0"
"clk500","0.230","2.000","sfo/residual_estimator/aux_service/u_xfft/U0/i_synth/xfft_inst/non_floating_point.arch_d.xfft_inst/pe_gen[0].natural_order_input.PE/FB_1.BF_1/wr_addr_del/no_sclr_lut.real_shift_ram.use_baseblock.use_hlutnm_srls.srl_loop[5].i_fdre1/C","sfo/residual_estimator/aux_service/u_xfft/U0/i_synth/xfft_inst/non_floating_point.arch_d.xfft_inst/pe_gen[0].natural_order_input.PE/FB_1.BF_1/MEM/blk_ram.use_bram_only.mem/depth_13_s6_depth_12.main_ram_loop[1].use_RAMB18.ram_2k_loop[1].SDP_RAMB18_9x2048/WEA[0]","1.352","1"
"clk500","0.230","2.000","sfo/residual_estimator/aux_service/u_xfft/U0/i_synth/xfft_inst/non_floating_point.arch_d.xfft_inst/timing_cnts_has_nfft.duplicate_regs[3].other.nfft_regs[0].nfft_regs_fde/C","sfo/residual_estimator/aux_service/u_xfft/U0/i_synth/xfft_inst/non_floating_point.arch_d.xfft_inst/pe_gen[3].natural_order_input.PE/hasbf2.FB_2.BF_2/MEM/dist_ram.srlram.ram/var_length.shift_ram/i_bb_inst/gen_output_regs.output_regs/i_no_async_controls.output_reg[8]/D","1.752","2"
"clk500","0.230","2.000","sfo/residual_estimator/front_stage/main/service/u_xfft/U0/i_synth/xfft_inst/non_floating_point.arch_d.xfft_inst/has_bit_reverse.natural_order_address_muxing.muxed_reorder_read_addr_reg[6]/C","sfo/residual_estimator/front_stage/main/service/u_xfft/U0/i_synth/xfft_inst/non_floating_point.arch_d.xfft_inst/has_bit_reverse.dig_rev_mem/blk_ram.use_bram_only.mem/depth_11.ram_loop[3].use_RAMB18.SDP_RAMB18_9x2048/ADDRBWRADDR[9]","1.468","0"
"clk500","0.230","2.000","sfo/residual_estimator/aux_service/u_xfft/U0/i_synth/xfft_inst/non_floating_point.arch_d.xfft_inst/pe_gen[0].natural_order_input.PE/FB_1.BF_1/wr_addr_del/no_sclr_lut.real_shift_ram.use_baseblock.use_hlutnm_srls.srl_loop[3].i_fdre1/C","sfo/residual_estimator/aux_service/u_xfft/U0/i_synth/xfft_inst/non_floating_point.arch_d.xfft_inst/pe_gen[0].natural_order_input.PE/FB_1.BF_1/MEM/blk_ram.use_bram_only.mem/depth_13_s6_depth_12.main_ram_loop[0].use_RAMB18.ram_2k_loop[2].SDP_RAMB18_9x2048/ADDRARDADDR[10]","1.452","0"
"clk500","0.231","2.000","sfo/residual_estimator/aux_service/u_egress_fifo/gnuram_async_fifo.xpm_fifo_base_inst/xpm_fifo_rst_inst/gen_rst_ic.wr_rst_busy_ic_reg/C","sfo/residual_estimator/aux_service/u_egress_fifo/gnuram_async_fifo.xpm_fifo_base_inst/wrp_inst/count_value_i_reg[7]/D","1.749","5"
"clk500","0.231","2.000","sfo/residual_estimator/aux_service/u_xfft/U0/i_synth/xfft_inst/non_floating_point.arch_d.xfft_inst/pe_gen[0].natural_order_input.PE/has_addr_gen.bf2_addr_gen/cnt/cnt_addsub/i_baseblox.i_baseblox_addsub/no_pipelining.the_addsub/i_lut6.i_lut6_addsub/i_q.i_simple.qreg/i_no_async_controls.output_reg[6]/C","sfo/residual_estimator/aux_service/u_xfft/U0/i_synth/xfft_inst/non_floating_point.arch_d.xfft_inst/pe_gen[0].natural_order_input.PE/FB_1.BF_1/MEM/blk_ram.use_bram_only.mem/depth_13_s6_depth_12.need_extra_rams.extra_ram_loop[3].use_RAMB18.SDP_RAMB18_2x8192/ADDRBWRADDR[6]","1.459","0"
"clk500","0.231","2.000","cfo/windows/packed_windows/fifo/gnuram_async_fifo.xpm_fifo_base_inst/gen_fwft.gdvld_fwft.data_valid_fwft_reg/C","cfo/windows/packed_tail_reg[3]/CE","1.665","2"
"clk500","0.231","2.000","cfo/windows/packed_windows/fifo/gnuram_async_fifo.xpm_fifo_base_inst/gen_fwft.gdvld_fwft.data_valid_fwft_reg/C","cfo/windows/packed_tail_reg[66]/CE","1.665","2"
"clk500","0.231","2.000","cfo/windows/packed_windows/fifo/gnuram_async_fifo.xpm_fifo_base_inst/gen_fwft.gdvld_fwft.data_valid_fwft_reg/C","cfo/windows/packed_tail_reg[86]/CE","1.665","2"
"clk500","0.231","2.000","cfo/windows/packed_windows/fifo/gnuram_async_fifo.xpm_fifo_base_inst/gen_fwft.gdvld_fwft.data_valid_fwft_reg/C","cfo/windows/packed_tail_reg[90]/CE","1.665","2"
"clk500","0.231","2.000","sfo/residual_estimator/aux_service/u_xfft/U0/i_synth/xfft_inst/non_floating_point.arch_d.xfft_inst/pe_gen[0].natural_order_input.PE/FB_1.BF_1/wr_addr_del/no_sclr_lut.real_shift_ram.use_baseblock.use_hlutnm_srls.srl_loop[1].i_fdre1/C","sfo/residual_estimator/aux_service/u_xfft/U0/i_synth/xfft_inst/non_floating_point.arch_d.xfft_inst/pe_gen[0].natural_order_input.PE/FB_1.BF_1/MEM/blk_ram.use_bram_only.mem/depth_13_s6_depth_12.main_ram_loop[2].use_RAMB18.ram_2k_loop[0].SDP_RAMB18_9x2048/ADDRARDADDR[6]","1.478","0"
"clk500","0.231","2.000","sfo/residual_estimator/front_stage/main/service/u_xfft/U0/i_synth/xfft_inst/non_floating_point.arch_d.xfft_inst/has_bit_reverse.natural_order_address_muxing.muxed_reorder_read_addr_reg[0]/C","sfo/residual_estimator/front_stage/main/service/u_xfft/U0/i_synth/xfft_inst/non_floating_point.arch_d.xfft_inst/has_bit_reverse.dig_rev_mem/blk_ram.use_bram_only.mem/depth_11.ram_loop[2].use_RAMB18.SDP_RAMB18_9x2048/ADDRBWRADDR[3]","1.403","0"
"clk500","0.231","2.000","cfo/observation_front/fft_core/pi4_reg/DSP_OUTPUT_INST/CLK","cfo/observation_front/fft_core/pi5_reg[18]/D","1.720","6"
"clk500","0.232","2.000","sfo/residual_estimator/aux_service/u_xfft/U0/i_synth/xfft_inst/non_floating_point.arch_d.xfft_inst/pe_gen[0].natural_order_input.PE/FB_1.BF_1/wr_addr_del/no_sclr_lut.real_shift_ram.use_baseblock.use_hlutnm_srls.srl_loop[1].i_fdre1/C","sfo/residual_estimator/aux_service/u_xfft/U0/i_synth/xfft_inst/non_floating_point.arch_d.xfft_inst/pe_gen[0].natural_order_input.PE/FB_1.BF_1/MEM/blk_ram.use_bram_only.mem/depth_13_s6_depth_12.main_ram_loop[1].use_RAMB18.ram_2k_loop[0].SDP_RAMB18_9x2048/ADDRARDADDR[6]","1.482","0"
"clk500","0.232","2.000","cfo/windows/packed_windows/fifo/gnuram_async_fifo.xpm_fifo_base_inst/gen_sdpram.xpm_memory_base_inst/gen_wr_a.gen_word_narrow.mem_reg_bram_3/CLKBWRCLK","cfo/windows/packed_tail_reg[21]/D","1.702","0"
"clk500","0.232","2.000","cfo/windows/header_active_reg/C","cfo/windows/complete_windows/fifo/gnuram_async_fifo.xpm_fifo_base_inst/gen_pf_ic_rc.ram_empty_i_reg/D","1.749","5"
"clk500","0.233","2.000","cfo/windows/complete_windows/fifo/gnuram_async_fifo.xpm_fifo_base_inst/gen_fwft.gdvld_fwft.data_valid_fwft_reg/C","cfo/windows/fast_header_reg[70]/CE","1.662","2"
"clk500","0.233","2.000","cfo/windows/complete_windows/fifo/gnuram_async_fifo.xpm_fifo_base_inst/gen_fwft.gdvld_fwft.data_valid_fwft_reg/C","cfo/windows/fast_header_reg[8]/CE","1.662","2"
"clk500","0.233","2.000","cfo/windows/packed_windows/fifo/gnuram_async_fifo.xpm_fifo_base_inst/gen_sdpram.xpm_memory_base_inst/gen_wr_a.gen_word_narrow.mem_reg_bram_3/CLKBWRCLK","cfo/windows/packed_head_reg[12]/D","1.702","1"
"clk500","0.233","2.000","cfo/observation_front/index_base_reg/DSP_OUTPUT_INST/CLK","cfo/observation_front/coefficient_read_command_reg[0]/R","1.618","4"
"clk500","0.233","2.000","cfo/windows/poison_sync/syncstages_ff_reg[3]/C","cfo/observation_front/fft_core/bank0_reg_bram_0/DINADIN[20]","1.504","2"
"clk500","0.234","2.000","sfo/residual_estimator/aux_service/u_xfft/U0/i_synth/axi_wrapper/reset_pipe_reg[1]/C","sfo/residual_estimator/aux_service/u_xfft/U0/i_synth/axi_wrapper/data_out_channel/gen_real_time.data_out_reg[15]/CE","1.662","1"
"clk500","0.234","2.000","sfo/residual_estimator/aux_service/u_xfft/U0/i_synth/axi_wrapper/reset_pipe_reg[1]/C","sfo/residual_estimator/aux_service/u_xfft/U0/i_synth/axi_wrapper/data_out_channel/gen_real_time.data_out_reg[3]/CE","1.662","1"
"clk500","0.234","2.000","sfo/residual_estimator/aux_service/u_xfft/U0/i_synth/xfft_inst/non_floating_point.arch_d.xfft_inst/has_bit_reverse.natural_order_address_muxing.muxed_reorder_read_addr_reg[12]/C","sfo/residual_estimator/aux_service/u_xfft/U0/i_synth/xfft_inst/non_floating_point.arch_d.xfft_inst/has_bit_reverse.dig_rev_mem/blk_ram.use_bram_only.mem/depth_14.need_extra_rams.extra_ram_loop[4].use_RAMB18.SDP_RAMB18_1x16384/ADDRBWRADDR[12]","1.453","0"
"clk500","0.235","2.000","cfo/windows/complete_windows/fifo/gnuram_async_fifo.xpm_fifo_base_inst/gen_fwft.gdvld_fwft.data_valid_fwft_reg/C","cfo/windows/fast_header_reg[24]/CE","1.660","2"
"clk500","0.235","2.000","cfo/windows/complete_windows/fifo/gnuram_async_fifo.xpm_fifo_base_inst/gen_fwft.gdvld_fwft.data_valid_fwft_reg/C","cfo/windows/fast_header_reg[43]/CE","1.660","2"
"clk500","0.235","2.000","cfo/windows/complete_windows/fifo/gnuram_async_fifo.xpm_fifo_base_inst/gen_fwft.gdvld_fwft.data_valid_fwft_reg/C","cfo/windows/fast_header_reg[64]/CE","1.660","2"
"clk500","0.235","2.000","cfo/windows/complete_windows/fifo/gnuram_async_fifo.xpm_fifo_base_inst/gen_fwft.gdvld_fwft.data_valid_fwft_reg/C","cfo/windows/fast_header_reg[66]/CE","1.660","2"
"clk500","0.235","2.000","cfo/windows/complete_windows/fifo/gnuram_async_fifo.xpm_fifo_base_inst/gen_fwft.gdvld_fwft.data_valid_fwft_reg/C","cfo/windows/fast_header_reg[67]/CE","1.660","2"
"clk500","0.235","2.000","cfo/windows/complete_windows/fifo/gnuram_async_fifo.xpm_fifo_base_inst/gen_fwft.gdvld_fwft.data_valid_fwft_reg/C","cfo/windows/fast_header_reg[7]/CE","1.660","2"
"clk500","0.235","2.000","sfo/residual_estimator/aux_service/u_xfft/U0/i_synth/xfft_inst/non_floating_point.arch_d.xfft_inst/has_bit_reverse.no_cp.muxed_reorder_write_addr_del_reg[4]/C","sfo/residual_estimator/aux_service/u_xfft/U0/i_synth/xfft_inst/non_floating_point.arch_d.xfft_inst/has_bit_reverse.dig_rev_mem/blk_ram.use_bram_only.mem/depth_14.main_ram_loop[2].use_RAMB18.ram_2k_loop[0].SDP_RAMB18_9x2048/ADDRARDADDR[7]","1.462","0"
"clk500","0.235","2.000","cfo/observation_front/pi4_reg/DSP_OUTPUT_INST/CLK","cfo/observation_front/h_q5_reg[9]/D","1.715","5"
"clk500","0.235","2.000","sfo/residual_estimator/aux_service/u_xfft/U0/i_synth/axi_wrapper/reset_pipe_reg[1]/C","sfo/residual_estimator/aux_service/u_xfft/U0/i_synth/axi_wrapper/data_out_channel/gen_real_time.data_out_reg[11]/CE","1.662","1"
"clk500","0.235","2.000","sfo/residual_estimator/aux_service/u_xfft/U0/i_synth/axi_wrapper/reset_pipe_reg[1]/C","sfo/residual_estimator/aux_service/u_xfft/U0/i_synth/axi_wrapper/data_out_channel/gen_real_time.data_out_reg[16]/CE","1.662","1"
"clk500","0.235","2.000","sfo/residual_estimator/aux_service/u_xfft/U0/i_synth/axi_wrapper/reset_pipe_reg[1]/C","sfo/residual_estimator/aux_service/u_xfft/U0/i_synth/axi_wrapper/data_out_channel/gen_real_time.data_out_reg[18]/CE","1.662","1"
"clk500","0.235","2.000","sfo/residual_estimator/aux_service/u_xfft/U0/i_synth/axi_wrapper/reset_pipe_reg[1]/C","sfo/residual_estimator/aux_service/u_xfft/U0/i_synth/axi_wrapper/data_out_channel/gen_real_time.data_out_reg[7]/CE","1.662","1"
"clk500","0.235","2.000","sfo/residual_estimator/aux_service/u_xfft/U0/i_synth/axi_wrapper/gen_has_nfft.nfft_we_int_reg/C","sfo/residual_estimator/aux_service/u_xfft/U0/i_synth/xfft_inst/non_floating_point.arch_d.xfft_inst/has_bit_reverse.no_cyclic_prefix_xk_counter.DOUT_CNT_CTRL_1/cnt/i_tc_compare_reg/R","1.646","1"
"clk500","0.235","2.000","cfo/windows/poison_sync/syncstages_ff_reg[3]/C","cfo/windows/packed_head_reg[125]/D","1.748","5"
"clk500","0.236","2.000","cfo/observation_front/m_frame_reg[9]/C","cfo/estimator/expected_window_reg[5]/D","1.746","6"
"clk500","0.236","2.000","cfo/windows/complete_windows/fifo/gnuram_async_fifo.xpm_fifo_base_inst/gen_fwft.gdvld_fwft.data_valid_fwft_reg/C","cfo/windows/fast_header_reg[33]/CE","1.660","2"
"clk500","0.236","2.000","cfo/windows/complete_windows/fifo/gnuram_async_fifo.xpm_fifo_base_inst/gen_fwft.gdvld_fwft.data_valid_fwft_reg/C","cfo/windows/fast_header_reg[57]/CE","1.660","2"
"clk500","0.236","2.000","cfo/windows/complete_windows/fifo/gnuram_async_fifo.xpm_fifo_base_inst/gen_fwft.gdvld_fwft.data_valid_fwft_reg/C","cfo/windows/fast_header_reg[65]/CE","1.660","2"
"clk500","0.236","2.000","cfo/windows/complete_windows/fifo/gnuram_async_fifo.xpm_fifo_base_inst/gen_fwft.gdvld_fwft.data_valid_fwft_reg/C","cfo/windows/fast_header_reg[6]/CE","1.660","2"
"clk500","0.236","2.000","sfo/residual_estimator/aux_service/u_xfft/U0/i_synth/xfft_inst/non_floating_point.arch_d.xfft_inst/pe_gen[0].natural_order_input.PE/FB_1.BF_1/wr_addr_del/no_sclr_lut.real_shift_ram.use_baseblock.use_hlutnm_srls.srl_loop[2].i_fdre1/C","sfo/residual_estimator/aux_service/u_xfft/U0/i_synth/xfft_inst/non_floating_point.arch_d.xfft_inst/pe_gen[0].natural_order_input.PE/FB_1.BF_1/MEM/blk_ram.use_bram_only.mem/depth_13_s6_depth_12.main_ram_loop[1].use_RAMB18.ram_2k_loop[3].SDP_RAMB18_9x2048/ADDRARDADDR[8]","1.471","0"
"clk500","0.236","2.000","sfo/residual_estimator/front_stage/main/service/u_xfft/U0/i_synth/axi_wrapper/sclr_int_reg/C","sfo/residual_estimator/front_stage/main/service/u_xfft/U0/i_synth/xfft_inst/non_floating_point.arch_d.xfft_inst/reset_delays[0].first.reset_del_reg[0]/D","1.746","0"
"clk500","0.236","2.000","cfo/observation_front/fft_core/pi4_reg/DSP_OUTPUT_INST/CLK","cfo/observation_front/fft_core/pi5_reg[14]/D","1.715","5"
"clk500","0.236","2.000","sfo/residual_estimator/aux_service/u_xfft/U0/i_synth/axi_wrapper/gen_has_nfft.nfft_we_int_reg/C","sfo/residual_estimator/aux_service/u_xfft/U0/i_synth/xfft_inst/non_floating_point.arch_d.xfft_inst/has_bit_reverse.var_pt_size_muxed_addresses.left_shifter/r14.shifter/use_mux16.use_lut6.sixteen_to_one_mux[0].use_output_reg_and_pipe_reg.reg0/R","1.645","1"
"clk500","0.237","2.000","cfo/windows/poison_sync/syncstages_ff_reg[3]/C","cfo/windows/sample_index_reg[7]/D","1.745","4"
"clk500","0.237","2.000","cfo/observation_front/fft_core/tag_reg[1][bank_a]/C","cfo/observation_front/fft_core/pr4_reg/DSP_A_B_DATA_INST/A[4]","1.474","1"
"clk500","0.237","2.000","cfo/observation_front/fft_core/bank0_reg_bram_1/CLKBWRCLK","cfo/observation_front/fft_core/ri3_reg/DSP_A_B_DATA_INST/A[10]","1.417","1"
"clk500","0.237","2.000","sfo/residual_estimator/aux_service/u_egress_fifo/gnuram_async_fifo.xpm_fifo_base_inst/xpm_fifo_rst_inst/gen_rst_ic.wr_rst_busy_ic_reg/C","sfo/residual_estimator/aux_service/u_egress_fifo/gnuram_async_fifo.xpm_fifo_base_inst/wrpp1_inst/count_value_i_reg[7]/D","1.743","5"
"clk500","0.237","2.000","sfo/residual_estimator/aux_service/u_xfft/U0/i_synth/xfft_inst/non_floating_point.arch_d.xfft_inst/has_bit_reverse.no_cp.muxed_reorder_write_addr_del_reg[10]/C","sfo/residual_estimator/aux_service/u_xfft/U0/i_synth/xfft_inst/non_floating_point.arch_d.xfft_inst/has_bit_reverse.dig_rev_mem/blk_ram.use_bram_only.mem/depth_14.main_ram_loop[0].use_RAMB18.ram_2k_loop[3].SDP_RAMB18_9x2048/ADDRARDADDR[13]","1.452","0"
"clk500","0.237","2.000","sfo/residual_estimator/aux_service/u_xfft/U0/i_synth/xfft_inst/non_floating_point.arch_d.xfft_inst/pe_gen[0].natural_order_input.PE/has_addr_gen.bf2_addr_gen/cnt/cnt_addsub/i_baseblox.i_baseblox_addsub/no_pipelining.the_addsub/i_lut6.i_lut6_addsub/i_q.i_simple.qreg/i_no_async_controls.output_reg[2]/C","sfo/residual_estimator/aux_service/u_xfft/U0/i_synth/xfft_inst/non_floating_point.arch_d.xfft_inst/pe_gen[0].natural_order_input.PE/FB_1.BF_1/MEM/blk_ram.use_bram_only.mem/depth_13_s6_depth_12.main_ram_loop[0].use_RAMB18.ram_2k_loop[2].SDP_RAMB18_9x2048/ADDRBWRADDR[4]","1.376","0"
"clk500","0.237","2.000","sfo/residual_estimator/aux_service/u_xfft/U0/i_synth/xfft_inst/non_floating_point.arch_d.xfft_inst/pe_gen[0].natural_order_input.PE/has_addr_gen.bf2_addr_gen/cnt/cnt_addsub/i_baseblox.i_baseblox_addsub/no_pipelining.the_addsub/i_lut6.i_lut6_addsub/i_q.i_simple.qreg/i_no_async_controls.output_reg[5]/C","sfo/residual_estimator/aux_service/u_xfft/U0/i_synth/xfft_inst/non_floating_point.arch_d.xfft_inst/pe_gen[0].natural_order_input.PE/FB_1.BF_1/MEM/blk_ram.use_bram_only.mem/depth_13_s6_depth_12.main_ram_loop[1].use_RAMB18.ram_2k_loop[2].SDP_RAMB18_9x2048/ADDRBWRADDR[7]","1.432","0"
"clk500","0.237","2.000","sfo/residual_estimator/aux_service/u_xfft/U0/i_synth/xfft_inst/non_floating_point.arch_d.xfft_inst/input_delay_im/no_sclr_lut.real_shift_ram.use_baseblock.use_hlutnm_srls.srl_loop[6].i_fdre1/C","sfo/residual_estimator/aux_service/u_xfft/U0/i_synth/xfft_inst/non_floating_point.arch_d.xfft_inst/pe_gen[2].natural_order_input.PE/bypass_muxes.din_im_mux_gen[13].reg/D","1.744","1"
"clk500","0.237","2.000","sfo/residual_estimator/aux_service/u_egress_fifo/gnuram_async_fifo.xpm_fifo_base_inst/xpm_fifo_rst_inst/gen_rst_ic.wr_rst_busy_ic_reg/C","sfo/residual_estimator/aux_service/u_egress_fifo/gnuram_async_fifo.xpm_fifo_base_inst/wrpp2_inst/count_value_i_reg[1]/D","1.744","5"
"clk500","0.237","2.000","sfo/residual_estimator/aux_service/u_xfft/U0/i_synth/axi_wrapper/gen_has_nfft.nfft_we_int_reg/C","sfo/residual_estimator/aux_service/u_xfft/U0/i_synth/xfft_inst/non_floating_point.arch_d.xfft_inst/has_bit_reverse.var_pt_size_muxed_addresses.left_shifter/r14.shifter/use_mux16.use_lut6.sixteen_to_one_mux[12].use_output_reg_and_pipe_reg.reg0/R","1.644","1"
"clk500","0.238","2.000","sfo/residual_estimator/aux_service/u_xfft/U0/i_synth/xfft_inst/non_floating_point.arch_d.xfft_inst/has_bit_reverse.natural_order_address_muxing.muxed_reorder_read_addr_reg[6]/C","sfo/residual_estimator/aux_service/u_xfft/U0/i_synth/xfft_inst/non_floating_point.arch_d.xfft_inst/has_bit_reverse.dig_rev_mem/blk_ram.use_bram_only.mem/depth_14.main_ram_loop[2].use_RAMB18.ram_2k_loop[1].SDP_RAMB18_9x2048/ADDRBWRADDR[9]","1.458","0"
"clk500","0.238","2.000","cfo/estimator/reset_fast_sync/arststages_ff_reg[3]/C","cfo/observation_front/sum_i_reg[32]/R","1.645","2"
"clk500","0.238","2.000","cfo/estimator/reset_fast_sync/arststages_ff_reg[3]/C","cfo/observation_front/sum_i_reg[33]/R","1.645","2"
"clk500","0.238","2.000","cfo/estimator/reset_fast_sync/arststages_ff_reg[3]/C","cfo/observation_front/sum_i_reg[34]/R","1.645","2"
"clk500","0.238","2.000","cfo/estimator/reset_fast_sync/arststages_ff_reg[3]/C","cfo/observation_front/sum_i_reg[35]/R","1.645","2"
"clk500","0.238","2.000","sfo/residual_estimator/aux_service/u_xfft/U0/i_synth/xfft_inst/non_floating_point.arch_d.xfft_inst/input_delay_im/no_sclr_lut.real_shift_ram.use_baseblock.use_hlutnm_srls.srl_loop[4].i_fdre1/C","sfo/residual_estimator/aux_service/u_xfft/U0/i_synth/xfft_inst/non_floating_point.arch_d.xfft_inst/pe_gen[2].natural_order_input.PE/bypass_muxes.din_im_mux_gen[9].reg/D","1.743","1"
"clk500","0.239","2.000","sfo/residual_estimator/aux_service/u_xfft/U0/i_synth/xfft_inst/non_floating_point.arch_d.xfft_inst/has_bit_reverse.natural_order_address_muxing.muxed_reorder_read_addr_reg[2]/C","sfo/residual_estimator/aux_service/u_xfft/U0/i_synth/xfft_inst/non_floating_point.arch_d.xfft_inst/has_bit_reverse.dig_rev_mem/blk_ram.use_bram_only.mem/depth_14.main_ram_loop[1].use_RAMB18.ram_2k_loop[2].SDP_RAMB18_9x2048/ADDRBWRADDR[5]","1.465","0"
"clk500","0.239","2.000","sfo/residual_estimator/front_stage/main/service/u_xfft/U0/i_synth/axi_wrapper/sclr_int_reg/C","sfo/residual_estimator/front_stage/main/service/u_xfft/U0/i_synth/xfft_inst/non_floating_point.arch_d.xfft_inst/has_overflow.natural_ovflo.ovflo_bit_rev_reg/R","1.644","0"
"clk500","0.239","2.000","sfo/residual_estimator/aux_service/u_xfft/U0/i_synth/xfft_inst/non_floating_point.arch_d.xfft_inst/pe_gen[0].natural_order_input.PE/has_addr_gen.bf2_addr_gen/cnt/cnt_addsub/i_baseblox.i_baseblox_addsub/no_pipelining.the_addsub/i_lut6.i_lut6_addsub/i_q.i_simple.qreg/i_no_async_controls.output_reg[8]/C","sfo/residual_estimator/aux_service/u_xfft/U0/i_synth/xfft_inst/non_floating_point.arch_d.xfft_inst/pe_gen[0].natural_order_input.PE/FB_1.BF_1/MEM/blk_ram.use_bram_only.mem/depth_13_s6_depth_12.main_ram_loop[1].use_RAMB18.ram_2k_loop[0].SDP_RAMB18_9x2048/ADDRBWRADDR[10]","1.455","0"
"clk500","0.239","2.000","sfo/residual_estimator/aux_service/u_xfft/U0/i_synth/xfft_inst/non_floating_point.arch_d.xfft_inst/pe_gen[0].natural_order_input.PE/has_addr_gen.bf2_addr_gen/cnt/cnt_addsub/i_baseblox.i_baseblox_addsub/no_pipelining.the_addsub/i_lut6.i_lut6_addsub/i_q.i_simple.qreg/i_no_async_controls.output_reg[7]/C","sfo/residual_estimator/aux_service/u_xfft/U0/i_synth/xfft_inst/non_floating_point.arch_d.xfft_inst/pe_gen[0].natural_order_input.PE/FB_1.BF_1/MEM/blk_ram.use_bram_only.mem/depth_13_s6_depth_12.need_extra_rams.extra_ram_loop[0].use_RAMB18.SDP_RAMB18_2x8192/ADDRBWRADDR[7]","1.446","0"
"clk500","0.239","2.000","sfo/residual_estimator/aux_service/u_xfft/U0/i_synth/xfft_inst/non_floating_point.arch_d.xfft_inst/input_delay_im/no_sclr_lut.real_shift_ram.use_baseblock.use_hlutnm_srls.srl_loop[1].i_fdre1/C","sfo/residual_estimator/aux_service/u_xfft/U0/i_synth/xfft_inst/non_floating_point.arch_d.xfft_inst/pe_gen[5].natural_order_input.PE/bypass_muxes.din_im_mux_gen[3].reg/D","1.742","1"
"clk500","0.239","2.000","cfo/estimator/reset_fast_sync/arststages_ff_reg[3]/C","cfo/observation_front/sum_i_reg[36]/R","1.644","2"
"clk500","0.239","2.000","cfo/estimator/reset_fast_sync/arststages_ff_reg[3]/C","cfo/observation_front/sum_i_reg[37]/R","1.644","2"
"clk500","0.240","2.000","sfo/residual_estimator/aux_service/u_xfft/U0/i_synth/axi_wrapper/gen_has_nfft.nfft_we_int_reg/C","sfo/residual_estimator/aux_service/u_xfft/U0/i_synth/xfft_inst/non_floating_point.arch_d.xfft_inst/pe_gen[6].natural_order_input.PE/has_ovflo_control.delay_ovflo_start/need_sclr_lut.real_shift_ram.FF_gen[0].reg/D","1.740","1"
"clk500","0.240","2.000","cfo/observation_front/fft_core/offset_in_group_reg[0]/C","cfo/observation_front/fft_core/group_base_reg[7]/CE","1.656","4"
"clk500","0.240","2.000","cfo/observation_front/fft_core/offset_in_group_reg[0]/C","cfo/observation_front/fft_core/group_base_reg[9]/CE","1.656","4"
"clk500","0.241","2.000","cfo/observation_front/fft_core/state_reg[1]/C","cfo/observation_front/fft_core/tag_reg[4][row_a][1]/CE","1.656","1"
"clk500","0.241","2.000","cfo/observation_front/fft_core/state_reg[1]/C","cfo/observation_front/fft_core/tag_reg[4][row_a][9]/CE","1.656","1"
"clk500","0.241","2.000","cfo/observation_front/fft_core/state_reg[1]/C","cfo/observation_front/fft_core/tag_reg[4][row_b][1]/CE","1.656","1"
"clk500","0.241","2.000","cfo/observation_front/fft_core/state_reg[1]/C","cfo/observation_front/fft_core/tag_reg[4][row_b][9]/CE","1.656","1"
"clk500","0.241","2.000","sfo/initial_estimator/owner/fft/u_xfft/U0/i_synth/axi_wrapper/reset_pipe_reg[1]/C","sfo/initial_estimator/owner/fft/u_xfft/U0/i_synth/axi_wrapper/data_out_channel/gen_real_time.data_out_reg[12]/CE","1.654","1"
"clk500","0.241","2.000","sfo/initial_estimator/owner/fft/u_xfft/U0/i_synth/axi_wrapper/reset_pipe_reg[1]/C","sfo/initial_estimator/owner/fft/u_xfft/U0/i_synth/axi_wrapper/data_out_channel/gen_real_time.data_out_reg[19]/CE","1.654","1"
"clk500","0.241","2.000","sfo/initial_estimator/owner/fft/u_xfft/U0/i_synth/axi_wrapper/reset_pipe_reg[1]/C","sfo/initial_estimator/owner/fft/u_xfft/U0/i_synth/axi_wrapper/data_out_channel/gen_real_time.data_out_reg[31]/CE","1.654","1"
"clk500","0.241","2.000","sfo/initial_estimator/owner/fft/u_xfft/U0/i_synth/axi_wrapper/reset_pipe_reg[1]/C","sfo/initial_estimator/owner/fft/u_xfft/U0/i_synth/axi_wrapper/data_out_channel/gen_real_time.data_out_reg[5]/CE","1.654","1"
"clk500","0.241","2.000","sfo/residual_estimator/front_stage/main/service/u_egress_fifo/gnuram_async_fifo.xpm_fifo_base_inst/xpm_fifo_rst_inst/gen_rst_ic.wr_rst_busy_ic_reg/C","sfo/residual_estimator/front_stage/main/service/u_egress_fifo/gnuram_async_fifo.xpm_fifo_base_inst/gen_sdpram.xpm_memory_base_inst/gen_wr_a.gen_word_narrow.mem_reg_bram_0/ENARDEN","1.393","3"
"clk500","0.241","2.000","sfo/residual_estimator/aux_service/u_xfft/U0/i_synth/xfft_inst/non_floating_point.arch_d.xfft_inst/pe_gen[0].natural_order_input.PE/has_addr_gen.bf2_addr_gen/cnt/cnt_addsub/i_baseblox.i_baseblox_addsub/no_pipelining.the_addsub/i_lut6.i_lut6_addsub/i_q.i_simple.qreg/i_no_async_controls.output_reg[10]/C","sfo/residual_estimator/aux_service/u_xfft/U0/i_synth/xfft_inst/non_floating_point.arch_d.xfft_inst/pe_gen[0].natural_order_input.PE/FB_1.BF_1/MEM/blk_ram.use_bram_only.mem/depth_13_s6_depth_12.need_extra_rams.extra_ram_loop[3].use_RAMB18.SDP_RAMB18_2x8192/ADDRBWRADDR[10]","1.431","0"
"clk500","0.241","2.000","sfo/residual_estimator/aux_service/u_xfft/U0/i_synth/xfft_inst/non_floating_point.arch_d.xfft_inst/pe_gen[0].natural_order_input.PE/has_addr_gen.bf2_addr_gen/cnt/cnt_addsub/i_baseblox.i_baseblox_addsub/no_pipelining.the_addsub/i_lut6.i_lut6_addsub/i_q.i_simple.qreg/i_no_async_controls.output_reg[4]/C","sfo/residual_estimator/aux_service/u_xfft/U0/i_synth/xfft_inst/non_floating_point.arch_d.xfft_inst/pe_gen[0].natural_order_input.PE/FB_1.BF_1/MEM/blk_ram.use_bram_only.mem/depth_13_s6_depth_12.main_ram_loop[1].use_RAMB18.ram_2k_loop[3].SDP_RAMB18_9x2048/ADDRBWRADDR[6]","1.468","0"
"clk500","0.242","2.000","sfo/residual_estimator/aux_service/u_xfft/U0/i_synth/xfft_inst/non_floating_point.arch_d.xfft_inst/has_bit_reverse.no_cp.muxed_reorder_write_addr_del_reg[3]/C","sfo/residual_estimator/aux_service/u_xfft/U0/i_synth/xfft_inst/non_floating_point.arch_d.xfft_inst/has_bit_reverse.dig_rev_mem/blk_ram.use_bram_only.mem/depth_14.main_ram_loop[2].use_RAMB18.ram_2k_loop[2].SDP_RAMB18_9x2048/ADDRARDADDR[6]","1.469","0"
"clk500","0.242","2.000","cfo/windows/poison_sync/syncstages_ff_reg[3]/C","cfo/windows/packed_head_reg[108]/D","1.741","5"
"clk500","0.242","2.000","sfo/residual_estimator/aux_service/u_xfft/U0/i_synth/xfft_inst/non_floating_point.arch_d.xfft_inst/pe_gen[0].natural_order_input.PE/FB_1.BF_1/wr_addr_del/no_sclr_lut.real_shift_ram.use_baseblock.use_hlutnm_srls.srl_loop[1].i_fdre0/C","sfo/residual_estimator/aux_service/u_xfft/U0/i_synth/xfft_inst/non_floating_point.arch_d.xfft_inst/pe_gen[0].natural_order_input.PE/FB_1.BF_1/MEM/blk_ram.use_bram_only.mem/depth_13_s6_depth_12.main_ram_loop[2].use_RAMB18.ram_2k_loop[3].SDP_RAMB18_9x2048/ADDRARDADDR[5]","1.449","0"
"clk500","0.243","2.000","cfo/windows/complete_windows/fifo/gnuram_async_fifo.xpm_fifo_base_inst/gen_fwft.gdvld_fwft.data_valid_fwft_reg/C","cfo/windows/fast_header_reg[26]/CE","1.652","2"
"clk500","0.243","2.000","cfo/windows/complete_windows/fifo/gnuram_async_fifo.xpm_fifo_base_inst/gen_fwft.gdvld_fwft.data_valid_fwft_reg/C","cfo/windows/fast_header_reg[47]/CE","1.652","2"
"clk500","0.243","2.000","cfo/windows/complete_windows/fifo/gnuram_async_fifo.xpm_fifo_base_inst/gen_fwft.gdvld_fwft.data_valid_fwft_reg/C","cfo/windows/fast_header_reg[49]/CE","1.652","2"
"clk500","0.243","2.000","cfo/windows/complete_windows/fifo/gnuram_async_fifo.xpm_fifo_base_inst/gen_fwft.gdvld_fwft.data_valid_fwft_reg/C","cfo/windows/fast_header_reg[59]/CE","1.652","2"
"clk500","0.243","2.000","cfo/windows/packed_windows/fifo/gnuram_async_fifo.xpm_fifo_base_inst/gen_sdpram.xpm_memory_base_inst/gen_wr_a.gen_word_narrow.mem_reg_bram_13/CLKBWRCLK","cfo/windows/packed_head_reg[121]/D","1.691","1"
"clk500","0.243","2.000","sfo/initial_estimator/owner/fft/u_xfft/U0/i_synth/axi_wrapper/reset_pipe_reg[1]/C","sfo/initial_estimator/owner/fft/u_xfft/U0/i_synth/axi_wrapper/data_out_channel/gen_real_time.data_out_reg[11]/CE","1.652","1"
"clk500","0.243","2.000","sfo/initial_estimator/owner/fft/u_xfft/U0/i_synth/axi_wrapper/reset_pipe_reg[1]/C","sfo/initial_estimator/owner/fft/u_xfft/U0/i_synth/axi_wrapper/data_out_channel/gen_real_time.data_out_reg[14]/CE","1.652","1"
"clk500","0.243","2.000","sfo/initial_estimator/owner/fft/u_xfft/U0/i_synth/axi_wrapper/reset_pipe_reg[1]/C","sfo/initial_estimator/owner/fft/u_xfft/U0/i_synth/axi_wrapper/data_out_channel/gen_real_time.data_out_reg[21]/CE","1.652","1"
"clk500","0.243","2.000","sfo/initial_estimator/owner/fft/u_xfft/U0/i_synth/axi_wrapper/reset_pipe_reg[1]/C","sfo/initial_estimator/owner/fft/u_xfft/U0/i_synth/axi_wrapper/data_out_channel/gen_real_time.data_out_reg[4]/CE","1.652","1"
"clk500","0.243","2.000","cfo/observation_front/fft_core/bank1_reg_bram_1/CLKBWRCLK","cfo/observation_front/fft_core/ri3_reg/DSP_A_B_DATA_INST/A[11]","1.428","1"
"clk500","0.243","2.000","cfo/observation_front/pi4_reg/DSP_OUTPUT_INST/CLK","cfo/observation_front/h_q5_reg[10]/D","1.707","5"
"clk500","0.243","2.000","cfo/observation_front/fft_core/pi4_reg/DSP_OUTPUT_INST/CLK","cfo/observation_front/fft_core/pi5_reg[16]/D","1.708","6"
"clk500","0.243","2.000","sfo/residual_estimator/aux_service/u_xfft/U0/i_synth/xfft_inst/non_floating_point.arch_d.xfft_inst/FLOW/start_reg_delay/no_sclr_lut.real_shift_ram.use_baseblock.not_use_hlutnm_srls.i_shift_ram/i_bb_inst/f0.srl_sig_reg[2][0]/C","sfo/residual_estimator/aux_service/u_xfft/U0/i_synth/xfft_inst/non_floating_point.arch_d.xfft_inst/FLOW/has_scale_sch_buffer.scale_sch_out_i_reg[3]/CE","1.653","0"
"clk500","0.243","2.000","sfo/residual_estimator/aux_service/u_xfft/U0/i_synth/xfft_inst/non_floating_point.arch_d.xfft_inst/pe_gen[0].natural_order_input.PE/has_addr_gen.bf2_addr_gen/cnt/cnt_addsub/i_baseblox.i_baseblox_addsub/no_pipelining.the_addsub/i_lut6.i_lut6_addsub/i_q.i_simple.qreg/i_no_async_controls.output_reg[6]/C","sfo/residual_estimator/aux_service/u_xfft/U0/i_synth/xfft_inst/non_floating_point.arch_d.xfft_inst/pe_gen[0].natural_order_input.PE/FB_1.BF_1/MEM/blk_ram.use_bram_only.mem/depth_13_s6_depth_12.need_extra_rams.extra_ram_loop[0].use_RAMB18.SDP_RAMB18_2x8192/ADDRBWRADDR[6]","1.466","0"
"clk500","0.243","2.000","sfo/residual_estimator/aux_service/u_xfft/U0/i_synth/axi_wrapper/gen_has_nfft.nfft_we_int_reg/C","sfo/residual_estimator/aux_service/u_xfft/U0/i_synth/xfft_inst/non_floating_point.arch_d.xfft_inst/pe_gen[6].natural_order_input.PE/overflow.chk_ovfl/need_reg.opt_reg/R","1.638","1"
"clk500","0.243","2.000","sfo/residual_estimator/aux_service/u_xfft/U0/i_synth/axi_wrapper/gen_has_nfft.nfft_we_int_reg/C","sfo/residual_estimator/aux_service/u_xfft/U0/i_synth/xfft_inst/non_floating_point.arch_d.xfft_inst/pe_gen[6].natural_order_input.PE/overflow.ovflo_reg_fd/R","1.638","1"
"clk500","0.243","2.000","sfo/residual_estimator/front_stage/main/service/u_xfft/U0/i_synth/xfft_inst/non_floating_point.arch_d.xfft_inst/has_bit_reverse.natural_order_address_muxing.muxed_reorder_read_addr_reg[10]/C","sfo/residual_estimator/front_stage/main/service/u_xfft/U0/i_synth/xfft_inst/non_floating_point.arch_d.xfft_inst/has_bit_reverse.dig_rev_mem/blk_ram.use_bram_only.mem/depth_11.ram_loop[0].use_RAMB18.SDP_RAMB18_9x2048/ADDRBWRADDR[13]","1.434","0"
"clk500","0.243","2.000","sfo/residual_estimator/front_stage/main/service/u_xfft/U0/i_synth/xfft_inst/non_floating_point.arch_d.xfft_inst/has_bit_reverse.natural_order_address_muxing.muxed_reorder_read_addr_reg[1]/C","sfo/residual_estimator/front_stage/main/service/u_xfft/U0/i_synth/xfft_inst/non_floating_point.arch_d.xfft_inst/has_bit_reverse.dig_rev_mem/blk_ram.use_bram_only.mem/depth_11.ram_loop[3].use_RAMB18.SDP_RAMB18_9x2048/ADDRBWRADDR[4]","1.376","0"
"clk500","0.243","2.000","sfo/residual_estimator/front_stage/main/service/u_xfft/U0/i_synth/xfft_inst/non_floating_point.arch_d.xfft_inst/pe_gen[0].natural_order_input.PE/has_addr_gen.bf2_addr_gen/cnt/cnt_addsub/i_baseblox.i_baseblox_addsub/no_pipelining.the_addsub/i_lut6.i_lut6_addsub/i_q.i_simple.qreg/i_no_async_controls.output_reg[10]/C","sfo/residual_estimator/front_stage/main/service/u_xfft/U0/i_synth/xfft_inst/non_floating_point.arch_d.xfft_inst/pe_gen[0].natural_order_input.PE/FB_1.BF_1/MEM/blk_ram.use_bram_only.mem/depth_10.ram_loop[1].use_RAMB18.SDP_RAMB18_18x1024/ADDRBWRADDR[13]","1.405","0"
"clk500","0.244","2.000","cfo/windows/packed_windows/fifo/gnuram_async_fifo.xpm_fifo_base_inst/rdp_inst/count_value_i_reg[2]/C","cfo/windows/packed_windows/fifo/gnuram_async_fifo.xpm_fifo_base_inst/gen_sdpram.xpm_memory_base_inst/gen_wr_a.gen_word_narrow.mem_reg_bram_8/ADDRBWRADDR[7]","1.448","0"
"clk500","0.244","2.000","sfo/residual_estimator/aux_service/u_xfft/U0/i_synth/xfft_inst/non_floating_point.arch_d.xfft_inst/has_bit_reverse.no_cp.muxed_reorder_write_addr_del_reg[0]/C","sfo/residual_estimator/aux_service/u_xfft/U0/i_synth/xfft_inst/non_floating_point.arch_d.xfft_inst/has_bit_reverse.dig_rev_mem/blk_ram.use_bram_only.mem/depth_14.main_ram_loop[1].use_RAMB18.ram_2k_loop[0].SDP_RAMB18_9x2048/ADDRARDADDR[3]","1.411","0"
"clk500","0.244","2.000","cfo/windows/poison_sync/syncstages_ff_reg[3]/C","cfo/windows/packed_head_reg[76]/D","1.739","5"
"clk500","0.244","2.000","sfo/residual_estimator/aux_service/u_xfft/U0/i_synth/xfft_inst/non_floating_point.arch_d.xfft_inst/has_bit_reverse.natural_order_address_muxing.muxed_reorder_read_addr_reg[3]/C","sfo/residual_estimator/aux_service/u_xfft/U0/i_synth/xfft_inst/non_floating_point.arch_d.xfft_inst/has_bit_reverse.dig_rev_mem/blk_ram.use_bram_only.mem/depth_14.need_extra_rams.extra_ram_loop[2].use_RAMB18.SDP_RAMB18_1x16384/ADDRBWRADDR[3]","1.410","0"
"clk500","0.244","2.000","sfo/residual_estimator/aux_service/u_xfft/U0/i_synth/xfft_inst/non_floating_point.arch_d.xfft_inst/timing_cnts_has_nfft.duplicate_regs[3].other.nfft_regs[0].nfft_regs_fde/C","sfo/residual_estimator/aux_service/u_xfft/U0/i_synth/xfft_inst/non_floating_point.arch_d.xfft_inst/pe_gen[3].natural_order_input.PE/hasbf2.FB_2.BF_2/MEM/dist_ram.srlram.ram/var_length.shift_ram/i_bb_inst/gen_output_regs.output_regs/i_no_async_controls.output_reg[3]/D","1.738","2"
"clk500","0.244","2.000","sfo/residual_estimator/aux_service/u_xfft/U0/i_synth/axi_wrapper/gen_has_nfft.nfft_we_int_reg/C","sfo/residual_estimator/aux_service/u_xfft/U0/i_synth/xfft_inst/non_floating_point.arch_d.xfft_inst/pe_gen[6].natural_order_input.PE/overflow.g_valid_ovflo_reg.ovflo_start_d_reg/R","1.637","1"
"clk500","0.244","2.000","sfo/residual_estimator/aux_service/u_xfft/U0/i_synth/axi_wrapper/gen_has_nfft.nfft_we_int_reg/C","sfo/residual_estimator/aux_service/u_xfft/U0/i_synth/xfft_inst/non_floating_point.arch_d.xfft_inst/pe_gen[6].natural_order_input.PE/overflow.g_valid_ovflo_reg.ovflo_valid_d_reg/R","1.637","1"
"clk500","0.245","2.000","cfo/windows/complete_windows/fifo/gnuram_async_fifo.xpm_fifo_base_inst/gen_fwft.gdvld_fwft.data_valid_fwft_reg/C","cfo/windows/fast_header_reg[14]/CE","1.650","2"
"clk500","0.245","2.000","cfo/windows/complete_windows/fifo/gnuram_async_fifo.xpm_fifo_base_inst/gen_fwft.gdvld_fwft.data_valid_fwft_reg/C","cfo/windows/fast_header_reg[42]/CE","1.650","2"
"clk500","0.245","2.000","cfo/windows/complete_windows/fifo/gnuram_async_fifo.xpm_fifo_base_inst/gen_fwft.gdvld_fwft.data_valid_fwft_reg/C","cfo/windows/fast_header_reg[52]/CE","1.650","2"
"clk500","0.245","2.000","sfo/residual_estimator/aux_service/u_xfft/U0/i_synth/xfft_inst/non_floating_point.arch_d.xfft_inst/has_bit_reverse.no_cp.muxed_reorder_write_addr_del_reg[7]/C","sfo/residual_estimator/aux_service/u_xfft/U0/i_synth/xfft_inst/non_floating_point.arch_d.xfft_inst/has_bit_reverse.dig_rev_mem/blk_ram.use_bram_only.mem/depth_14.need_extra_rams.extra_ram_loop[0].use_RAMB18.SDP_RAMB18_1x16384/ADDRARDADDR[7]","1.451","0"
"clk500","0.245","2.000","cfo/windows/packed_windows/fifo/gnuram_async_fifo.xpm_fifo_base_inst/rdp_inst/count_value_i_reg[0]/C","cfo/windows/packed_windows/fifo/gnuram_async_fifo.xpm_fifo_base_inst/gen_sdpram.xpm_memory_base_inst/gen_wr_a.gen_word_narrow.mem_reg_bram_4/ADDRBWRADDR[5]","1.370","0"
"clk500","0.245","2.000","sfo/initial_estimator/owner/fft/u_xfft/U0/i_synth/axi_wrapper/reset_pipe_reg[1]/C","sfo/initial_estimator/owner/fft/u_xfft/U0/i_synth/axi_wrapper/data_out_channel/gen_real_time.data_out_reg[20]/CE","1.650","1"
"clk500","0.245","2.000","sfo/initial_estimator/owner/fft/u_xfft/U0/i_synth/axi_wrapper/reset_pipe_reg[1]/C","sfo/initial_estimator/owner/fft/u_xfft/U0/i_synth/axi_wrapper/data_out_channel/gen_real_time.data_out_reg[29]/CE","1.650","1"
"clk500","0.245","2.000","sfo/initial_estimator/owner/fft/u_xfft/U0/i_synth/axi_wrapper/reset_pipe_reg[1]/C","sfo/initial_estimator/owner/fft/u_xfft/U0/i_synth/axi_wrapper/data_out_channel/gen_real_time.data_out_reg[30]/CE","1.650","1"
"clk500","0.245","2.000","sfo/initial_estimator/owner/fft/u_xfft/U0/i_synth/axi_wrapper/reset_pipe_reg[1]/C","sfo/initial_estimator/owner/fft/u_xfft/U0/i_synth/axi_wrapper/data_out_channel/gen_real_time.data_out_reg[8]/CE","1.650","1"
"clk500","0.245","2.000","sfo/initial_estimator/owner/fft/u_xfft/U0/i_synth/axi_wrapper/reset_pipe_reg[1]/C","sfo/initial_estimator/owner/fft/u_xfft/U0/i_synth/axi_wrapper/data_out_channel/gen_real_time.data_out_reg[28]/CE","1.651","1"
"clk500","0.245","2.000","sfo/initial_estimator/owner/fft/u_xfft/U0/i_synth/axi_wrapper/reset_pipe_reg[1]/C","sfo/initial_estimator/owner/fft/u_xfft/U0/i_synth/axi_wrapper/data_out_channel/gen_real_time.data_out_reg[2]/CE","1.651","1"
"clk500","0.245","2.000","sfo/initial_estimator/owner/fft/u_xfft/U0/i_synth/axi_wrapper/reset_pipe_reg[1]/C","sfo/initial_estimator/owner/fft/u_xfft/U0/i_synth/axi_wrapper/data_out_channel/gen_real_time.data_out_reg[3]/CE","1.651","1"
"clk500","0.245","2.000","sfo/initial_estimator/owner/fft/u_xfft/U0/i_synth/axi_wrapper/reset_pipe_reg[1]/C","sfo/initial_estimator/owner/fft/u_xfft/U0/i_synth/axi_wrapper/data_out_channel/gen_real_time.data_out_reg[9]/CE","1.651","1"
"clk500","0.245","2.000","sfo/residual_estimator/aux_service/u_xfft/U0/i_synth/xfft_inst/non_floating_point.arch_d.xfft_inst/pe_gen[0].natural_order_input.PE/FB_1.BF_1/wr_addr_del/no_sclr_lut.real_shift_ram.use_baseblock.use_hlutnm_srls.srl_loop[1].i_fdre1/C","sfo/residual_estimator/aux_service/u_xfft/U0/i_synth/xfft_inst/non_floating_point.arch_d.xfft_inst/pe_gen[0].natural_order_input.PE/FB_1.BF_1/MEM/blk_ram.use_bram_only.mem/depth_13_s6_depth_12.main_ram_loop[1].use_RAMB18.ram_2k_loop[1].SDP_RAMB18_9x2048/ADDRARDADDR[6]","1.464","0"
"clk500","0.246","2.000","sfo/residual_estimator/aux_service/u_xfft/U0/i_synth/xfft_inst/non_floating_point.arch_d.xfft_inst/pe_gen[0].natural_order_input.PE/has_addr_gen.bf2_addr_gen/cnt/cnt_addsub/i_baseblox.i_baseblox_addsub/no_pipelining.the_addsub/i_lut6.i_lut6_addsub/i_q.i_simple.qreg/i_no_async_controls.output_reg[10]/C","sfo/residual_estimator/aux_service/u_xfft/U0/i_synth/xfft_inst/non_floating_point.arch_d.xfft_inst/pe_gen[0].natural_order_input.PE/FB_1.BF_1/MEM/blk_ram.use_bram_only.mem/depth_13_s6_depth_12.main_ram_loop[0].use_RAMB18.ram_2k_loop[3].SDP_RAMB18_9x2048/ADDRBWRADDR[12]","1.439","0"
"clk500","0.246","2.000","cfo/estimator/reset_fast_sync/arststages_ff_reg[3]/C","cfo/observation_front/sum_i_reg[10]/R","1.637","2"
"clk500","0.246","2.000","cfo/estimator/reset_fast_sync/arststages_ff_reg[3]/C","cfo/observation_front/sum_i_reg[11]/R","1.637","2"
"clk500","0.246","2.000","cfo/estimator/reset_fast_sync/arststages_ff_reg[3]/C","cfo/observation_front/sum_i_reg[8]/R","1.637","2"
"clk500","0.246","2.000","cfo/estimator/reset_fast_sync/arststages_ff_reg[3]/C","cfo/observation_front/sum_i_reg[9]/R","1.637","2"
"clk500","0.247","2.000","sfo/residual_estimator/aux_service/u_xfft/U0/i_synth/xfft_inst/non_floating_point.arch_d.xfft_inst/pe_gen[0].natural_order_input.PE/FB_1.BF_1/wr_addr_del/no_sclr_lut.real_shift_ram.use_baseblock.use_hlutnm_srls.srl_loop[3].i_fdre1/C","sfo/residual_estimator/aux_service/u_xfft/U0/i_synth/xfft_inst/non_floating_point.arch_d.xfft_inst/pe_gen[0].natural_order_input.PE/FB_1.BF_1/MEM/blk_ram.use_bram_only.mem/depth_13_s6_depth_12.main_ram_loop[0].use_RAMB18.ram_2k_loop[1].SDP_RAMB18_9x2048/ADDRARDADDR[10]","1.442","0"
"clk500","0.247","2.000","sfo/residual_estimator/aux_service/u_xfft/U0/i_synth/xfft_inst/non_floating_point.arch_d.xfft_inst/pe_gen[0].natural_order_input.PE/FB_1.BF_1/wr_addr_del/no_sclr_lut.real_shift_ram.use_baseblock.use_hlutnm_srls.srl_loop[0].i_fdre0/C","sfo/residual_estimator/aux_service/u_xfft/U0/i_synth/xfft_inst/non_floating_point.arch_d.xfft_inst/pe_gen[0].natural_order_input.PE/FB_1.BF_1/MEM/blk_ram.use_bram_only.mem/depth_13_s6_depth_12.main_ram_loop[1].use_RAMB18.ram_2k_loop[2].SDP_RAMB18_9x2048/ADDRARDADDR[3]","1.392","0"
"clk500","0.247","2.000","cfo/estimator/reset_fast_sync/arststages_ff_reg[3]/C","cfo/observation_front/sum_i_reg[12]/R","1.636","2"
"clk500","0.247","2.000","cfo/estimator/reset_fast_sync/arststages_ff_reg[3]/C","cfo/observation_front/sum_i_reg[13]/R","1.636","2"
"clk500","0.247","2.000","cfo/estimator/reset_fast_sync/arststages_ff_reg[3]/C","cfo/observation_front/sum_i_reg[14]/R","1.636","2"
"clk500","0.247","2.000","cfo/estimator/reset_fast_sync/arststages_ff_reg[3]/C","cfo/observation_front/sum_i_reg[15]/R","1.636","2"
"clk500","0.247","2.000","sfo/residual_estimator/aux_service/u_xfft/U0/i_synth/xfft_inst/non_floating_point.arch_d.xfft_inst/input_delay_im/no_sclr_lut.real_shift_ram.use_baseblock.use_hlutnm_srls.srl_loop[6].i_fdre0/C","sfo/residual_estimator/aux_service/u_xfft/U0/i_synth/xfft_inst/non_floating_point.arch_d.xfft_inst/pe_gen[2].natural_order_input.PE/bypass_muxes.din_im_mux_gen[12].reg/D","1.734","1"
"clk500","0.248","2.000","cfo/observation_front/fft_core/bank0_reg_bram_0/CLKBWRCLK","cfo/observation_front/fft_core/pi4_reg/DSP_A_B_DATA_INST/A[15]","1.413","1"
"clk500","0.248","2.000","sfo/residual_estimator/aux_service/u_xfft/U0/i_synth/xfft_inst/non_floating_point.arch_d.xfft_inst/has_bit_reverse.natural_order_address_muxing.muxed_reorder_read_addr_reg[4]/C","sfo/residual_estimator/aux_service/u_xfft/U0/i_synth/xfft_inst/non_floating_point.arch_d.xfft_inst/has_bit_reverse.dig_rev_mem/blk_ram.use_bram_only.mem/depth_14.main_ram_loop[1].use_RAMB18.ram_2k_loop[6].SDP_RAMB18_9x2048/ADDRBWRADDR[7]","1.423","0"
"clk500","0.248","2.000","cfo/observation_front/fft_core/bank0_reg_bram_1/CLKBWRCLK","cfo/observation_front/fft_core/ri3_reg/DSP_A_B_DATA_INST/A[25]","1.387","1"
"clk500","0.249","2.000","sfo/residual_estimator/aux_service/u_xfft/U0/i_synth/xfft_inst/non_floating_point.arch_d.xfft_inst/pe_gen[0].natural_order_input.PE/FB_1.BF_1/wr_addr_del/no_sclr_lut.real_shift_ram.use_baseblock.use_hlutnm_srls.srl_loop[1].i_fdre0/C","sfo/residual_estimator/aux_service/u_xfft/U0/i_synth/xfft_inst/non_floating_point.arch_d.xfft_inst/pe_gen[0].natural_order_input.PE/FB_1.BF_1/MEM/blk_ram.use_bram_only.mem/depth_13_s6_depth_12.main_ram_loop[2].use_RAMB18.ram_2k_loop[2].SDP_RAMB18_9x2048/ADDRARDADDR[5]","1.440","0"
"clk500","0.249","2.000","sfo/residual_estimator/front_stage/main/service/u_xfft/U0/i_synth/xfft_inst/non_floating_point.arch_d.xfft_inst/has_bit_reverse.dig_rev_mem/blk_ram.use_bram_only.mem/depth_11.ram_loop[0].use_RAMB18.SDP_RAMB18_9x2048/CLKBWRCLK","sfo/residual_estimator/front_stage/main/service/u_xfft/U0/i_synth/xfft_inst/non_floating_point.arch_d.xfft_inst/has_bit_reverse.pe_natural_out_reg[6]/D","1.686","0"
"clk500","0.249","2.000","cfo/estimator/reset_fast_sync/arststages_ff_reg[3]/C","cfo/observation_front/sum_q_reg[16]/R","1.634","2"
"clk500","0.249","2.000","cfo/estimator/reset_fast_sync/arststages_ff_reg[3]/C","cfo/observation_front/sum_q_reg[17]/R","1.634","2"
"clk500","0.249","2.000","cfo/estimator/reset_fast_sync/arststages_ff_reg[3]/C","cfo/observation_front/sum_q_reg[18]/R","1.634","2"
"clk500","0.249","2.000","cfo/estimator/reset_fast_sync/arststages_ff_reg[3]/C","cfo/observation_front/sum_q_reg[19]/R","1.634","2"
"clk500","0.249","2.000","sfo/residual_estimator/aux_service/u_xfft/U0/i_synth/xfft_inst/non_floating_point.arch_d.xfft_inst/pe_gen[0].natural_order_input.PE/has_addr_gen.bf2_addr_gen/cnt/cnt_addsub/i_baseblox.i_baseblox_addsub/no_pipelining.the_addsub/i_lut6.i_lut6_addsub/i_q.i_simple.qreg/i_no_async_controls.output_reg[2]/C","sfo/residual_estimator/aux_service/u_xfft/U0/i_synth/xfft_inst/non_floating_point.arch_d.xfft_inst/pe_gen[0].natural_order_input.PE/FB_1.BF_1/MEM/blk_ram.use_bram_only.mem/depth_13_s6_depth_12.main_ram_loop[0].use_RAMB18.ram_2k_loop[1].SDP_RAMB18_9x2048/ADDRBWRADDR[4]","1.368","0"
"clk500","0.250","2.000","cfo/windows/poison_sync/syncstages_ff_reg[3]/C","cfo/windows/packed_head_reg[109]/D","1.732","5"
"clk500","0.250","2.000","cfo/estimator/reset_fast_sync/arststages_ff_reg[3]/C","cfo/observation_front/sum_q_reg[20]/R","1.633","2"
"clk500","0.250","2.000","cfo/estimator/reset_fast_sync/arststages_ff_reg[3]/C","cfo/observation_front/sum_q_reg[21]/R","1.633","2"
"clk500","0.250","2.000","cfo/estimator/reset_fast_sync/arststages_ff_reg[3]/C","cfo/observation_front/sum_q_reg[22]/R","1.633","2"
"clk500","0.250","2.000","cfo/estimator/reset_fast_sync/arststages_ff_reg[3]/C","cfo/observation_front/sum_q_reg[23]/R","1.633","2"
"clk500","0.250","2.000","sfo/residual_estimator/aux_service/u_xfft/U0/i_synth/xfft_inst/non_floating_point.arch_d.xfft_inst/has_bit_reverse.no_cp.muxed_reorder_write_addr_del_reg[1]/C","sfo/residual_estimator/aux_service/u_xfft/U0/i_synth/xfft_inst/non_floating_point.arch_d.xfft_inst/has_bit_reverse.dig_rev_mem/blk_ram.use_bram_only.mem/depth_14.main_ram_loop[0].use_RAMB18.ram_2k_loop[1].SDP_RAMB18_9x2048/ADDRARDADDR[4]","1.374","0"
"clk500","0.250","2.000","sfo/residual_estimator/aux_service/reset_sync500/syncstages_ff_reg[3]/C","sfo/residual_estimator/aux_service/u_xfft/U0/i_synth/axi_wrapper/config_channel_fifo/gen_real_time.data_out_reg[1]/CE","1.646","2"
"clk500","0.250","2.000","sfo/residual_estimator/front_stage/main/service/u_xfft/U0/i_synth/axi_wrapper/sclr_int_reg/C","sfo/residual_estimator/front_stage/main/service/u_xfft/U0/i_synth/xfft_inst/non_floating_point.arch_d.xfft_inst/has_bit_reverse.dout_done_d_reg/R","1.634","0"
"clk500","0.251","2.000","cfo/windows/poison_sync/syncstages_ff_reg[3]/C","cfo/windows/packed_windows/fifo/gnuram_async_fifo.xpm_fifo_base_inst/gen_sdpram.xpm_memory_base_inst/gen_wr_a.gen_word_narrow.mem_reg_bram_13/CASOREGIMUXEN_B","1.611","3"
"clk500","0.251","2.000","sfo/residual_estimator/aux_service/u_xfft/U0/i_synth/xfft_inst/non_floating_point.arch_d.xfft_inst/has_bit_reverse.natural_order_address_muxing.muxed_reorder_read_addr_reg[0]/C","sfo/residual_estimator/aux_service/u_xfft/U0/i_synth/xfft_inst/non_floating_point.arch_d.xfft_inst/has_bit_reverse.dig_rev_mem/blk_ram.use_bram_only.mem/depth_14.main_ram_loop[1].use_RAMB18.ram_2k_loop[7].SDP_RAMB18_9x2048/ADDRBWRADDR[3]","1.402","0"
"clk500","0.251","2.000","sfo/residual_estimator/aux_service/u_xfft/U0/i_synth/xfft_inst/non_floating_point.arch_d.xfft_inst/input_delay_re/no_sclr_lut.real_shift_ram.use_baseblock.use_hlutnm_srls.srl_loop[0].i_fdre1/C","sfo/residual_estimator/aux_service/u_xfft/U0/i_synth/xfft_inst/non_floating_point.arch_d.xfft_inst/pe_gen[3].natural_order_input.PE/bypass_muxes.din_re_mux_gen[1].reg/D","1.729","1"
"clk500","0.251","2.000","cfo/windows/poison_sync/syncstages_ff_reg[3]/C","cfo/observation_front/index_base_reg/DSP_M_DATA_INST/CEM","1.572","2"
"clk500","0.252","2.000","sfo/initial_estimator/owner/fft/u_xfft/U0/i_synth/axi_wrapper/reset_pipe_reg[1]/C","sfo/initial_estimator/owner/fft/u_xfft/U0/i_synth/axi_wrapper/data_out_channel/gen_real_time.data_out_reg[10]/CE","1.643","1"
"clk500","0.252","2.000","cfo/observation_front/fft_core/state_reg[1]/C","cfo/observation_front/fft_core/tag_reg[7][row_b][0]/CE","1.645","1"
"clk500","0.252","2.000","cfo/observation_front/fft_core/state_reg[1]/C","cfo/observation_front/fft_core/tag_reg[7][row_b][1]/CE","1.645","1"
"clk500","0.252","2.000","cfo/observation_front/fft_core/state_reg[1]/C","cfo/observation_front/fft_core/tag_reg[7][row_b][5]/CE","1.645","1"
"clk500","0.252","2.000","cfo/observation_front/fft_core/state_reg[1]/C","cfo/observation_front/fft_core/tag_reg[7][row_b][8]/CE","1.645","1"
"clk500","0.252","2.000","sfo/residual_estimator/aux_service/u_xfft/U0/i_synth/xfft_inst/non_floating_point.arch_d.xfft_inst/pe_gen[0].natural_order_input.PE/FB_1.BF_1/wr_addr_del/no_sclr_lut.real_shift_ram.use_baseblock.use_hlutnm_srls.srl_loop[4].i_fdre1/C","sfo/residual_estimator/aux_service/u_xfft/U0/i_synth/xfft_inst/non_floating_point.arch_d.xfft_inst/pe_gen[0].natural_order_input.PE/FB_1.BF_1/MEM/blk_ram.use_bram_only.mem/depth_13_s6_depth_12.need_extra_rams.extra_ram_loop[2].use_RAMB18.SDP_RAMB18_2x8192/ADDRARDADDR[10]","1.430","0"
"clk500","0.252","2.000","sfo/residual_estimator/aux_service/u_xfft/U0/i_synth/xfft_inst/non_floating_point.arch_d.xfft_inst/input_delay_im/no_sclr_lut.real_shift_ram.use_baseblock.use_hlutnm_srls.srl_loop[6].i_fdre0/C","sfo/residual_estimator/aux_service/u_xfft/U0/i_synth/xfft_inst/non_floating_point.arch_d.xfft_inst/pe_gen[3].natural_order_input.PE/bypass_muxes.din_im_mux_gen[12].reg/D","1.729","1"
"clk500","0.253","2.000","sfo/residual_estimator/aux_service/u_xfft/U0/i_synth/xfft_inst/non_floating_point.arch_d.xfft_inst/pe_gen[0].natural_order_input.PE/has_addr_gen.bf2_addr_gen/cnt/cnt_addsub/i_baseblox.i_baseblox_addsub/no_pipelining.the_addsub/i_lut6.i_lut6_addsub/i_q.i_simple.qreg/i_no_async_controls.output_reg[11]/C","sfo/residual_estimator/aux_service/u_xfft/U0/i_synth/xfft_inst/non_floating_point.arch_d.xfft_inst/pe_gen[0].natural_order_input.PE/FB_1.BF_1/MEM/blk_ram.use_bram_only.mem/depth_13_s6_depth_12.main_ram_loop[2].use_RAMB18.ram_2k_loop[1].SDP_RAMB18_9x2048/ADDRBWRADDR[13]","1.422","0"
"clk500","0.253","2.000","sfo/residual_estimator/front_stage/main/service/u_xfft/U0/i_synth/xfft_inst/non_floating_point.arch_d.xfft_inst/pe_gen[0].natural_order_input.PE/has_TW_mult.TW/MUX0/four_inputs.use_lut6.no_lut_sclr.four_to_one_mux[4].latency1.reg/C","sfo/residual_estimator/front_stage/main/service/u_xfft/U0/i_synth/xfft_inst/non_floating_point.arch_d.xfft_inst/pe_gen[0].natural_order_input.PE/has_TW_mult.TW/twiddle_generator/tw1.twgen1/cos_addr_2s_comp/use_output_reg.D_OUT_reg[4]/D","1.728","1"
"clk500","0.253","2.000","cfo/windows/poison_sync/syncstages_ff_reg[3]/C","cfo/windows/packed_windows/fifo/gnuram_async_fifo.xpm_fifo_base_inst/gen_sdpram.xpm_memory_base_inst/gen_wr_a.gen_word_narrow.mem_reg_bram_10/CASDOMUXEN_B","1.625","3"
"clk500","0.253","2.000","sfo/residual_estimator/aux_service/u_xfft/U0/i_synth/xfft_inst/non_floating_point.arch_d.xfft_inst/pe_gen[0].natural_order_input.PE/FB_1.BF_1/wr_addr_del/no_sclr_lut.real_shift_ram.use_baseblock.use_hlutnm_srls.srl_loop[3].i_fdre0/C","sfo/residual_estimator/aux_service/u_xfft/U0/i_synth/xfft_inst/non_floating_point.arch_d.xfft_inst/pe_gen[0].natural_order_input.PE/FB_1.BF_1/MEM/blk_ram.use_bram_only.mem/depth_13_s6_depth_12.main_ram_loop[2].use_RAMB18.ram_2k_loop[3].SDP_RAMB18_9x2048/ADDRARDADDR[9]","1.447","0"
"clk500","0.253","2.000","sfo/residual_estimator/aux_service/u_xfft/U0/i_synth/xfft_inst/non_floating_point.arch_d.xfft_inst/timing_cnts_has_nfft.duplicate_regs[3].other.nfft_regs[0].nfft_regs_fde/C","sfo/residual_estimator/aux_service/u_xfft/U0/i_synth/xfft_inst/non_floating_point.arch_d.xfft_inst/pe_gen[3].natural_order_input.PE/hasbf2.FB_2.BF_2/MEM/dist_ram.srlram.ram/var_length.shift_ram/i_bb_inst/gen_output_regs.output_regs/i_no_async_controls.output_reg[34]/D","1.729","2"
"clk500","0.254","2.000","cfo/observation_front/fft_core/state_reg[0]/C","cfo/observation_front/fft_core/bank0_reg_bram_0/DINADIN[27]","1.461","2"
"clk500","0.254","2.000","cfo/observation_front/fft_core/pi4_reg/DSP_OUTPUT_INST/CLK","cfo/observation_front/fft_core/pi5_reg[12]/D","1.697","5"
"clk500","0.254","2.000","sfo/residual_estimator/aux_service/u_xfft/U0/i_synth/xfft_inst/non_floating_point.arch_d.xfft_inst/has_bit_reverse.no_cp.muxed_reorder_write_addr_del_reg[0]/C","sfo/residual_estimator/aux_service/u_xfft/U0/i_synth/xfft_inst/non_floating_point.arch_d.xfft_inst/has_bit_reverse.dig_rev_mem/blk_ram.use_bram_only.mem/depth_14.need_extra_rams.extra_ram_loop[4].use_RAMB18.SDP_RAMB18_1x16384/ADDRARDADDR[0]","1.390","0"
"clk500","0.254","2.000","cfo/windows/complete_windows/fifo/gnuram_async_fifo.xpm_fifo_base_inst/guf.underflow_i_reg/C","cfo/windows/fast_fault_reg_replica/D","1.729","1"
"clk500","0.255","2.000","cfo/observation_front/v_reg[5]/C","cfo/observation_front/m_pilot_count_reg[2]/CE","1.642","1"
"clk500","0.255","2.000","cfo/observation_front/v_reg[5]/C","cfo/observation_front/m_pilot_count_reg[4]/CE","1.642","1"
"clk500","0.255","2.000","cfo/observation_front/pi4_reg/DSP_OUTPUT_INST/CLK","cfo/observation_front/h_q5_reg[8]/D","1.695","5"
"clk500","0.255","2.000","sfo/residual_estimator/aux_service/u_egress_fifo/gnuram_async_fifo.xpm_fifo_base_inst/xpm_fifo_rst_inst/gen_rst_ic.wr_rst_busy_ic_reg/C","sfo/residual_estimator/aux_service/u_egress_fifo/gnuram_async_fifo.xpm_fifo_base_inst/wrp_inst/count_value_i_reg[5]/D","1.725","5"
"clk500","0.255","2.000","cfo/windows/packed_windows/fifo/gnuram_async_fifo.xpm_fifo_base_inst/rdp_inst/count_value_i_reg[1]/C","cfo/windows/packed_windows/fifo/gnuram_async_fifo.xpm_fifo_base_inst/gen_sdpram.xpm_memory_base_inst/gen_wr_a.gen_word_narrow.mem_reg_bram_0/ADDRBWRADDR[6]","1.435","0"
"clk500","0.255","2.000","sfo/residual_estimator/aux_service/u_xfft/U0/i_synth/xfft_inst/non_floating_point.arch_d.xfft_inst/has_bit_reverse.no_cp.muxed_reorder_write_addr_del_reg[4]/C","sfo/residual_estimator/aux_service/u_xfft/U0/i_synth/xfft_inst/non_floating_point.arch_d.xfft_inst/has_bit_reverse.dig_rev_mem/blk_ram.use_bram_only.mem/depth_14.need_extra_rams.extra_ram_loop[4].use_RAMB18.SDP_RAMB18_1x16384/ADDRARDADDR[4]","1.370","0"
"clk500","0.255","2.000","sfo/residual_estimator/aux_service/u_xfft/U0/i_synth/axi_wrapper/gen_has_nfft.nfft_we_int_reg/C","sfo/residual_estimator/aux_service/u_xfft/U0/i_synth/xfft_inst/non_floating_point.arch_d.xfft_inst/pe0_bf2_start_gen/need_sclr_lut.real_shift_ram.FF_gen[0].reg/D","1.725","1"
"clk500","0.255","2.000","sfo/residual_estimator/aux_service/u_xfft/U0/i_synth/xfft_inst/non_floating_point.arch_d.xfft_inst/timing_cnts_has_nfft.duplicate_regs[3].other.nfft_regs[0].nfft_regs_fde/C","sfo/residual_estimator/aux_service/u_xfft/U0/i_synth/xfft_inst/non_floating_point.arch_d.xfft_inst/pe_gen[3].natural_order_input.PE/hasbf2.FB_2.BF_2/MEM/dist_ram.srlram.ram/var_length.shift_ram/i_bb_inst/gen_output_regs.output_regs/i_no_async_controls.output_reg[33]/D","1.727","2"
"clk500","0.256","2.000","cfo/observation_front/state_reg[0]/C","cfo/observation_front/fft_core/m_q_reg[0]/CE","1.641","2"
"clk500","0.256","2.000","cfo/observation_front/state_reg[0]/C","cfo/observation_front/fft_core/m_q_reg[18]/CE","1.641","2"
"clk500","0.256","2.000","cfo/observation_front/v_reg[5]/C","cfo/observation_front/m_pilot_count_reg[3]/CE","1.642","1"
"clk500","0.256","2.000","cfo/observation_front/v_reg[5]/C","cfo/observation_front/m_pilot_count_reg[5]/CE","1.642","1"
"clk500","0.256","2.000","sfo/residual_estimator/aux_service/u_xfft/U0/i_synth/xfft_inst/non_floating_point.arch_d.xfft_inst/has_bit_reverse.no_cp.muxed_reorder_write_addr_del_reg[12]/C","sfo/residual_estimator/aux_service/u_xfft/U0/i_synth/xfft_inst/non_floating_point.arch_d.xfft_inst/has_bit_reverse.dig_rev_mem/blk_ram.use_bram_only.mem/depth_14.main_ram_loop[2].use_RAMB18.ram_2k_loop[6].SDP_RAMB18_9x2048/WEA[0]","1.325","1"
"clk500","0.256","2.000","cfo/windows/packed_windows/fifo/gnuram_async_fifo.xpm_fifo_base_inst/gen_fwft.gdvld_fwft.data_valid_fwft_reg/C","cfo/windows/packed_tail_reg[116]/CE","1.641","2"
"clk500","0.256","2.000","cfo/windows/packed_windows/fifo/gnuram_async_fifo.xpm_fifo_base_inst/gen_fwft.gdvld_fwft.data_valid_fwft_reg/C","cfo/windows/packed_tail_reg[117]/CE","1.641","2"
"clk500","0.256","2.000","cfo/windows/packed_windows/fifo/gnuram_async_fifo.xpm_fifo_base_inst/gen_fwft.gdvld_fwft.data_valid_fwft_reg/C","cfo/windows/packed_tail_reg[30]/CE","1.641","2"
"clk500","0.256","2.000","cfo/windows/packed_windows/fifo/gnuram_async_fifo.xpm_fifo_base_inst/gen_fwft.gdvld_fwft.data_valid_fwft_reg/C","cfo/windows/packed_tail_reg[35]/CE","1.641","2"
"clk500","0.256","2.000","sfo/residual_estimator/aux_service/u_xfft/U0/i_synth/xfft_inst/non_floating_point.arch_d.xfft_inst/has_bit_reverse.dig_rev_mem/blk_ram.use_bram_only.mem/depth_14.main_ram_loop[0].mux_8to1.has_output_reg.addrb_mux_sel_reg_reg[2]/C","sfo/residual_estimator/aux_service/u_xfft/U0/i_synth/xfft_inst/non_floating_point.arch_d.xfft_inst/has_bit_reverse.pe_natural_out_reg[9]/D","1.727","1"
"clk500","0.257","2.000","cfo/observation_front/fft_core/bank0_reg_bram_1/CLKBWRCLK","cfo/observation_front/fft_core/ri3_reg/DSP_A_B_DATA_INST/A[26]","1.392","1"
"clk500","0.257","2.000","cfo/observation_front/fft_core/offset_in_group_reg[0]/C","cfo/observation_front/fft_core/offset_in_group_reg[4]/D","1.724","4"
"clk500","0.257","2.000","cfo/observation_front/fft_core/pi4_reg/DSP_OUTPUT_INST/CLK","cfo/observation_front/fft_core/pi5_reg[11]/D","1.694","5"
"clk500","0.258","2.000","sfo/residual_estimator/aux_service/u_xfft/U0/i_synth/axi_wrapper/reset_pipe_reg[1]/C","sfo/residual_estimator/aux_service/u_xfft/U0/i_synth/axi_wrapper/data_out_channel/gen_real_time.data_out_reg[12]/CE","1.639","1"
"clk500","0.258","2.000","sfo/residual_estimator/aux_service/u_xfft/U0/i_synth/axi_wrapper/reset_pipe_reg[1]/C","sfo/residual_estimator/aux_service/u_xfft/U0/i_synth/axi_wrapper/data_out_channel/gen_real_time.data_out_reg[14]/CE","1.639","1"
"clk500","0.258","2.000","sfo/residual_estimator/aux_service/u_xfft/U0/i_synth/axi_wrapper/reset_pipe_reg[1]/C","sfo/residual_estimator/aux_service/u_xfft/U0/i_synth/axi_wrapper/data_out_channel/gen_real_time.data_out_reg[19]/CE","1.639","1"
"clk500","0.258","2.000","sfo/residual_estimator/aux_service/u_xfft/U0/i_synth/axi_wrapper/reset_pipe_reg[1]/C","sfo/residual_estimator/aux_service/u_xfft/U0/i_synth/axi_wrapper/data_out_channel/gen_real_time.data_out_reg[21]/CE","1.638","1"
"clk500","0.258","2.000","sfo/residual_estimator/aux_service/u_xfft/U0/i_synth/axi_wrapper/reset_pipe_reg[1]/C","sfo/residual_estimator/aux_service/u_xfft/U0/i_synth/axi_wrapper/data_out_channel/gen_real_time.data_out_reg[22]/CE","1.639","1"
"clk500","0.258","2.000","sfo/residual_estimator/aux_service/u_xfft/U0/i_synth/xfft_inst/non_floating_point.arch_d.xfft_inst/pe_gen[0].natural_order_input.PE/has_addr_gen.bf2_addr_gen/cnt/cnt_addsub/i_baseblox.i_baseblox_addsub/no_pipelining.the_addsub/i_lut6.i_lut6_addsub/i_q.i_simple.qreg/i_no_async_controls.output_reg[5]/C","sfo/residual_estimator/aux_service/u_xfft/U0/i_synth/xfft_inst/non_floating_point.arch_d.xfft_inst/pe_gen[0].natural_order_input.PE/FB_1.BF_1/MEM/blk_ram.use_bram_only.mem/depth_13_s6_depth_12.main_ram_loop[1].use_RAMB18.ram_2k_loop[3].SDP_RAMB18_9x2048/ADDRBWRADDR[7]","1.427","0"
"clk500","0.258","2.000","sfo/residual_estimator/aux_service/u_xfft/U0/i_synth/xfft_inst/non_floating_point.arch_d.xfft_inst/pe_gen[0].natural_order_input.PE/FB_1.BF_1/wr_addr_del/no_sclr_lut.real_shift_ram.use_baseblock.use_hlutnm_srls.srl_loop[1].i_fdre0/C","sfo/residual_estimator/aux_service/u_xfft/U0/i_synth/xfft_inst/non_floating_point.arch_d.xfft_inst/pe_gen[0].natural_order_input.PE/FB_1.BF_1/MEM/blk_ram.use_bram_only.mem/depth_13_s6_depth_12.main_ram_loop[2].use_RAMB18.ram_2k_loop[0].SDP_RAMB18_9x2048/ADDRARDADDR[5]","1.433","0"
"clk500","0.258","2.000","sfo/residual_estimator/front_stage/main/service/u_xfft/U0/i_synth/axi_wrapper/sclr_int_reg/C","sfo/residual_estimator/front_stage/main/service/u_xfft/U0/i_synth/xfft_inst/non_floating_point.arch_d.xfft_inst/FLOW/reset_sustain.resets_4_pes[5].delay_reset_pe/count_addsub_reg[0].addsub_reg/R","1.626","0"
"clk500","0.258","2.000","sfo/residual_estimator/front_stage/main/service/u_xfft/U0/i_synth/axi_wrapper/sclr_int_reg/C","sfo/residual_estimator/front_stage/main/service/u_xfft/U0/i_synth/xfft_inst/non_floating_point.arch_d.xfft_inst/FLOW/reset_sustain.resets_4_pes[5].delay_reset_pe/count_addsub_reg[1].addsub_reg/R","1.626","0"
"clk500","0.258","2.000","sfo/residual_estimator/front_stage/main/service/u_xfft/U0/i_synth/axi_wrapper/sclr_int_reg/C","sfo/residual_estimator/front_stage/main/service/u_xfft/U0/i_synth/xfft_inst/non_floating_point.arch_d.xfft_inst/FLOW/reset_sustain.resets_4_pes[5].delay_reset_pe/count_addsub_reg[2].addsub_reg/R","1.626","0"
"clk500","0.258","2.000","sfo/residual_estimator/front_stage/main/service/u_xfft/U0/i_synth/axi_wrapper/sclr_int_reg/C","sfo/residual_estimator/front_stage/main/service/u_xfft/U0/i_synth/xfft_inst/non_floating_point.arch_d.xfft_inst/FLOW/reset_sustain.resets_4_pes[5].delay_reset_pe/count_addsub_reg[3].addsub_reg/R","1.626","0"
"clk500","0.259","2.000","sfo/residual_estimator/aux_service/u_xfft/U0/i_synth/xfft_inst/non_floating_point.arch_d.xfft_inst/timing_cnts_has_nfft.run_time_sel_reg[5]/C","sfo/residual_estimator/aux_service/u_xfft/U0/i_synth/xfft_inst/non_floating_point.arch_d.xfft_inst/pe_gen[5].natural_order_input.PE/bypass_muxes.din_re_mux_gen[6].reg/D","1.723","1"
"clk500","0.259","2.000","cfo/observation_front/v_reg[5]/C","cfo/observation_front/m_z_i_reg[36]/CE","1.638","1"
"clk500","0.259","2.000","cfo/observation_front/v_reg[5]/C","cfo/observation_front/m_z_i_reg[37]/CE","1.638","1"
"clk500","0.259","2.000","sfo/residual_estimator/aux_service/u_xfft/U0/i_synth/xfft_inst/non_floating_point.arch_d.xfft_inst/has_bit_reverse.natural_order_address_muxing.muxed_reorder_read_addr_reg[6]/C","sfo/residual_estimator/aux_service/u_xfft/U0/i_synth/xfft_inst/non_floating_point.arch_d.xfft_inst/has_bit_reverse.dig_rev_mem/blk_ram.use_bram_only.mem/depth_14.need_extra_rams.extra_ram_loop[3].use_RAMB18.SDP_RAMB18_1x16384/ADDRBWRADDR[6]","1.431","0"
"clk500","0.259","2.000","sfo/residual_estimator/front_stage/main/service/u_xfft/U0/i_synth/xfft_inst/non_floating_point.arch_d.xfft_inst/pe_gen[0].natural_order_input.PE/has_TW_mult.TW/MUX0/four_inputs.use_lut6.no_lut_sclr.four_to_one_mux[0].latency1.reg/C","sfo/residual_estimator/front_stage/main/service/u_xfft/U0/i_synth/xfft_inst/non_floating_point.arch_d.xfft_inst/pe_gen[0].natural_order_input.PE/has_TW_mult.TW/twiddle_generator/tw1.twgen1/cos_addr_2s_comp/use_output_reg.D_OUT_reg[3]/D","1.724","1"
"clk500","0.259","2.000","sfo/residual_estimator/aux_service/u_xfft/U0/i_synth/xfft_inst/non_floating_point.arch_d.xfft_inst/has_bit_reverse.natural_order_address_muxing.muxed_reorder_read_addr_reg[7]/C","sfo/residual_estimator/aux_service/u_xfft/U0/i_synth/xfft_inst/non_floating_point.arch_d.xfft_inst/has_bit_reverse.dig_rev_mem/blk_ram.use_bram_only.mem/depth_14.main_ram_loop[1].use_RAMB18.ram_2k_loop[0].SDP_RAMB18_9x2048/ADDRBWRADDR[10]","1.435","0"
"clk500","0.260","2.000","sfo/residual_estimator/aux_service/u_xfft/U0/i_synth/xfft_inst/non_floating_point.arch_d.xfft_inst/FLOW/load_enable_reg/C","sfo/residual_estimator/aux_service/u_ingress_fifo/gnuram_async_fifo.xpm_fifo_base_inst/rdp_inst/count_value_i_reg[5]/CE","1.637","3"
"clk500","0.260","2.000","sfo/residual_estimator/aux_service/u_xfft/U0/i_synth/xfft_inst/non_floating_point.arch_d.xfft_inst/FLOW/load_enable_reg/C","sfo/residual_estimator/aux_service/u_ingress_fifo/gnuram_async_fifo.xpm_fifo_base_inst/rdp_inst/count_value_i_reg[6]/CE","1.637","3"
"clk500","0.260","2.000","sfo/residual_estimator/aux_service/u_xfft/U0/i_synth/xfft_inst/non_floating_point.arch_d.xfft_inst/FLOW/load_enable_reg/C","sfo/residual_estimator/aux_service/u_ingress_fifo/gnuram_async_fifo.xpm_fifo_base_inst/rdp_inst/count_value_i_reg[7]/CE","1.637","3"
"clk500","0.260","2.000","sfo/residual_estimator/aux_service/u_xfft/U0/i_synth/xfft_inst/non_floating_point.arch_d.xfft_inst/FLOW/load_enable_reg/C","sfo/residual_estimator/aux_service/u_ingress_fifo/gnuram_async_fifo.xpm_fifo_base_inst/rdp_inst/count_value_i_reg[8]/CE","1.637","3"
"clk500","0.260","2.000","cfo/estimator/observation_fifo/gnuram_async_fifo.xpm_fifo_base_inst/gen_pf_ic_rc.ngen_full_rst_val.ram_full_i_reg/C","cfo/estimator/observation_fifo/gnuram_async_fifo.xpm_fifo_base_inst/gen_sdpram.xpm_memory_base_inst/gen_wr_a.gen_word_narrow.mem_reg_0_15_28_41/RAMA/WE","1.540","2"
"clk500","0.260","2.000","cfo/estimator/observation_fifo/gnuram_async_fifo.xpm_fifo_base_inst/gen_pf_ic_rc.ngen_full_rst_val.ram_full_i_reg/C","cfo/estimator/observation_fifo/gnuram_async_fifo.xpm_fifo_base_inst/gen_sdpram.xpm_memory_base_inst/gen_wr_a.gen_word_narrow.mem_reg_0_15_28_41/RAMA_D1/WE","1.540","2"
"clk500","0.260","2.000","cfo/estimator/observation_fifo/gnuram_async_fifo.xpm_fifo_base_inst/gen_pf_ic_rc.ngen_full_rst_val.ram_full_i_reg/C","cfo/estimator/observation_fifo/gnuram_async_fifo.xpm_fifo_base_inst/gen_sdpram.xpm_memory_base_inst/gen_wr_a.gen_word_narrow.mem_reg_0_15_28_41/RAMB/WE","1.540","2"
"clk500","0.260","2.000","cfo/estimator/observation_fifo/gnuram_async_fifo.xpm_fifo_base_inst/gen_pf_ic_rc.ngen_full_rst_val.ram_full_i_reg/C","cfo/estimator/observation_fifo/gnuram_async_fifo.xpm_fifo_base_inst/gen_sdpram.xpm_memory_base_inst/gen_wr_a.gen_word_narrow.mem_reg_0_15_28_41/RAMB_D1/WE","1.540","2"
"clk500","0.260","2.000","cfo/estimator/observation_fifo/gnuram_async_fifo.xpm_fifo_base_inst/gen_pf_ic_rc.ngen_full_rst_val.ram_full_i_reg/C","cfo/estimator/observation_fifo/gnuram_async_fifo.xpm_fifo_base_inst/gen_sdpram.xpm_memory_base_inst/gen_wr_a.gen_word_narrow.mem_reg_0_15_28_41/RAMC/WE","1.540","2"
"clk500","0.260","2.000","cfo/estimator/observation_fifo/gnuram_async_fifo.xpm_fifo_base_inst/gen_pf_ic_rc.ngen_full_rst_val.ram_full_i_reg/C","cfo/estimator/observation_fifo/gnuram_async_fifo.xpm_fifo_base_inst/gen_sdpram.xpm_memory_base_inst/gen_wr_a.gen_word_narrow.mem_reg_0_15_28_41/RAMC_D1/WE","1.540","2"
"clk500","0.260","2.000","cfo/estimator/observation_fifo/gnuram_async_fifo.xpm_fifo_base_inst/gen_pf_ic_rc.ngen_full_rst_val.ram_full_i_reg/C","cfo/estimator/observation_fifo/gnuram_async_fifo.xpm_fifo_base_inst/gen_sdpram.xpm_memory_base_inst/gen_wr_a.gen_word_narrow.mem_reg_0_15_28_41/RAMD/WE","1.540","2"
"clk500","0.260","2.000","cfo/estimator/observation_fifo/gnuram_async_fifo.xpm_fifo_base_inst/gen_pf_ic_rc.ngen_full_rst_val.ram_full_i_reg/C","cfo/estimator/observation_fifo/gnuram_async_fifo.xpm_fifo_base_inst/gen_sdpram.xpm_memory_base_inst/gen_wr_a.gen_word_narrow.mem_reg_0_15_28_41/RAMD_D1/WE","1.540","2"
"clk500","0.260","2.000","cfo/estimator/observation_fifo/gnuram_async_fifo.xpm_fifo_base_inst/gen_pf_ic_rc.ngen_full_rst_val.ram_full_i_reg/C","cfo/estimator/observation_fifo/gnuram_async_fifo.xpm_fifo_base_inst/gen_sdpram.xpm_memory_base_inst/gen_wr_a.gen_word_narrow.mem_reg_0_15_28_41/RAME/WE","1.540","2"
"clk500","0.260","2.000","cfo/estimator/observation_fifo/gnuram_async_fifo.xpm_fifo_base_inst/gen_pf_ic_rc.ngen_full_rst_val.ram_full_i_reg/C","cfo/estimator/observation_fifo/gnuram_async_fifo.xpm_fifo_base_inst/gen_sdpram.xpm_memory_base_inst/gen_wr_a.gen_word_narrow.mem_reg_0_15_28_41/RAME_D1/WE","1.540","2"
"clk500","0.260","2.000","cfo/estimator/observation_fifo/gnuram_async_fifo.xpm_fifo_base_inst/gen_pf_ic_rc.ngen_full_rst_val.ram_full_i_reg/C","cfo/estimator/observation_fifo/gnuram_async_fifo.xpm_fifo_base_inst/gen_sdpram.xpm_memory_base_inst/gen_wr_a.gen_word_narrow.mem_reg_0_15_28_41/RAMF/WE","1.540","2"
"clk500","0.260","2.000","cfo/estimator/observation_fifo/gnuram_async_fifo.xpm_fifo_base_inst/gen_pf_ic_rc.ngen_full_rst_val.ram_full_i_reg/C","cfo/estimator/observation_fifo/gnuram_async_fifo.xpm_fifo_base_inst/gen_sdpram.xpm_memory_base_inst/gen_wr_a.gen_word_narrow.mem_reg_0_15_28_41/RAMF_D1/WE","1.540","2"
"clk500","0.260","2.000","cfo/estimator/observation_fifo/gnuram_async_fifo.xpm_fifo_base_inst/gen_pf_ic_rc.ngen_full_rst_val.ram_full_i_reg/C","cfo/estimator/observation_fifo/gnuram_async_fifo.xpm_fifo_base_inst/gen_sdpram.xpm_memory_base_inst/gen_wr_a.gen_word_narrow.mem_reg_0_15_28_41/RAMG/WE","1.540","2"
"clk500","0.260","2.000","cfo/estimator/observation_fifo/gnuram_async_fifo.xpm_fifo_base_inst/gen_pf_ic_rc.ngen_full_rst_val.ram_full_i_reg/C","cfo/estimator/observation_fifo/gnuram_async_fifo.xpm_fifo_base_inst/gen_sdpram.xpm_memory_base_inst/gen_wr_a.gen_word_narrow.mem_reg_0_15_28_41/RAMG_D1/WE","1.540","2"
"clk500","0.260","2.000","cfo/estimator/observation_fifo/gnuram_async_fifo.xpm_fifo_base_inst/gen_pf_ic_rc.ngen_full_rst_val.ram_full_i_reg/C","cfo/estimator/observation_fifo/gnuram_async_fifo.xpm_fifo_base_inst/gen_sdpram.xpm_memory_base_inst/gen_wr_a.gen_word_narrow.mem_reg_0_15_28_41/RAMH/WE","1.540","2"
"clk500","0.260","2.000","cfo/estimator/observation_fifo/gnuram_async_fifo.xpm_fifo_base_inst/gen_pf_ic_rc.ngen_full_rst_val.ram_full_i_reg/C","cfo/estimator/observation_fifo/gnuram_async_fifo.xpm_fifo_base_inst/gen_sdpram.xpm_memory_base_inst/gen_wr_a.gen_word_narrow.mem_reg_0_15_28_41/RAMH_D1/WE","1.540","2"
"clk500","0.260","2.000","sfo/initial_estimator/owner/fft/u_xfft/U0/i_synth/axi_wrapper/reset_pipe_reg[1]/C","sfo/initial_estimator/owner/fft/u_xfft/U0/i_synth/axi_wrapper/data_out_channel/gen_real_time.data_out_reg[6]/CE","1.636","1"
"clk500","0.260","2.000","sfo/residual_estimator/aux_service/u_xfft/U0/i_synth/xfft_inst/non_floating_point.arch_d.xfft_inst/has_bit_reverse.no_cp.muxed_reorder_write_addr_del_reg[9]/C","sfo/residual_estimator/aux_service/u_xfft/U0/i_synth/xfft_inst/non_floating_point.arch_d.xfft_inst/has_bit_reverse.dig_rev_mem/blk_ram.use_bram_only.mem/depth_14.main_ram_loop[0].use_RAMB18.ram_2k_loop[4].SDP_RAMB18_9x2048/ADDRARDADDR[12]","1.444","0"
"clk500","0.260","2.000","sfo/residual_estimator/aux_service/u_xfft/U0/i_synth/xfft_inst/non_floating_point.arch_d.xfft_inst/has_bit_reverse.natural_order_address_muxing.muxed_reorder_read_addr_reg[7]/C","sfo/residual_estimator/aux_service/u_xfft/U0/i_synth/xfft_inst/non_floating_point.arch_d.xfft_inst/has_bit_reverse.dig_rev_mem/blk_ram.use_bram_only.mem/depth_14.main_ram_loop[0].use_RAMB18.ram_2k_loop[7].SDP_RAMB18_9x2048/ADDRBWRADDR[10]","1.434","0"
"clk500","0.260","2.000","sfo/residual_estimator/aux_service/u_xfft/U0/i_synth/xfft_inst/non_floating_point.arch_d.xfft_inst/input_delay_im/no_sclr_lut.real_shift_ram.use_baseblock.use_hlutnm_srls.srl_loop[1].i_fdre0/C","sfo/residual_estimator/aux_service/u_xfft/U0/i_synth/xfft_inst/non_floating_point.arch_d.xfft_inst/pe_gen[1].natural_order_input.PE/bypass_muxes.din_im_mux_gen[2].reg/D","1.721","1"
"clk500","0.261","2.000","cfo/observation_front/v_reg[5]/C","cfo/observation_front/m_z_i_reg[32]/CE","1.636","1"
"clk500","0.261","2.000","cfo/observation_front/v_reg[5]/C","cfo/observation_front/m_z_i_reg[33]/CE","1.636","1"
"clk500","0.261","2.000","cfo/observation_front/v_reg[5]/C","cfo/observation_front/m_z_i_reg[34]/CE","1.636","1"
"clk500","0.261","2.000","cfo/observation_front/v_reg[5]/C","cfo/observation_front/m_z_i_reg[35]/CE","1.636","1"
"clk500","0.261","2.000","sfo/residual_estimator/aux_service/u_xfft/U0/i_synth/xfft_inst/non_floating_point.arch_d.xfft_inst/has_bit_reverse.dig_rev_mem/blk_ram.use_bram_only.mem/depth_14.main_ram_loop[0].mux_8to1.has_output_reg.addrb_mux_sel_reg_reg[2]/C","sfo/residual_estimator/aux_service/u_xfft/U0/i_synth/xfft_inst/non_floating_point.arch_d.xfft_inst/has_bit_reverse.pe_natural_out_reg[10]/D","1.721","1"
"clk500","0.261","2.000","cfo/observation_front/pr4_reg/DSP_OUTPUT_INST/CLK","cfo/observation_front/h_i5_reg[27]/D","1.689","7"
"clk500","0.261","2.000","sfo/residual_estimator/aux_service/u_egress_fifo/gnuram_async_fifo.xpm_fifo_base_inst/xpm_fifo_rst_inst/gen_rst_ic.wr_rst_busy_ic_reg/C","sfo/residual_estimator/aux_service/u_egress_fifo/gnuram_async_fifo.xpm_fifo_base_inst/wrpp1_inst/count_value_i_reg[5]/D","1.719","5"
"clk500","0.262","2.000","sfo/residual_estimator/aux_service/u_xfft/U0/i_synth/xfft_inst/non_floating_point.arch_d.xfft_inst/FLOW/load_enable_reg/C","sfo/residual_estimator/aux_service/u_ingress_fifo/gnuram_async_fifo.xpm_fifo_base_inst/rdp_inst/count_value_i_reg[1]/CE","1.635","3"
"clk500","0.262","2.000","sfo/residual_estimator/aux_service/u_xfft/U0/i_synth/xfft_inst/non_floating_point.arch_d.xfft_inst/FLOW/load_enable_reg/C","sfo/residual_estimator/aux_service/u_ingress_fifo/gnuram_async_fifo.xpm_fifo_base_inst/rdp_inst/count_value_i_reg[2]/CE","1.635","3"
"clk500","0.262","2.000","sfo/residual_estimator/aux_service/u_xfft/U0/i_synth/xfft_inst/non_floating_point.arch_d.xfft_inst/FLOW/load_enable_reg/C","sfo/residual_estimator/aux_service/u_ingress_fifo/gnuram_async_fifo.xpm_fifo_base_inst/rdp_inst/count_value_i_reg[3]/CE","1.635","3"
"clk500","0.262","2.000","sfo/residual_estimator/aux_service/u_xfft/U0/i_synth/xfft_inst/non_floating_point.arch_d.xfft_inst/FLOW/load_enable_reg/C","sfo/residual_estimator/aux_service/u_ingress_fifo/gnuram_async_fifo.xpm_fifo_base_inst/rdp_inst/count_value_i_reg[4]/CE","1.635","3"
"clk500","0.262","2.000","sfo/residual_estimator/aux_service/u_xfft/U0/i_synth/axi_wrapper/sclr_int_reg/C","sfo/residual_estimator/aux_service/u_xfft/U0/i_synth/xfft_inst/non_floating_point.arch_d.xfft_inst/FLOW/has_scale_sch_buffer.scale_sch_out_i_reg[3]/S","1.621","0"
"clk500","0.262","2.000","sfo/residual_estimator/aux_service/u_xfft/U0/i_synth/xfft_inst/non_floating_point.arch_d.xfft_inst/has_bit_reverse.natural_order_address_muxing.muxed_reorder_read_addr_reg[6]/C","sfo/residual_estimator/aux_service/u_xfft/U0/i_synth/xfft_inst/non_floating_point.arch_d.xfft_inst/has_bit_reverse.dig_rev_mem/blk_ram.use_bram_only.mem/depth_14.main_ram_loop[1].use_RAMB18.ram_2k_loop[6].SDP_RAMB18_9x2048/ADDRBWRADDR[9]","1.404","0"
"clk500","0.262","2.000","sfo/residual_estimator/front_stage/main/service/u_xfft/U0/i_synth/axi_wrapper/sclr_int_reg/C","sfo/residual_estimator/front_stage/main/service/u_xfft/U0/i_synth/xfft_inst/non_floating_point.arch_d.xfft_inst/FLOW/reset_sustain.resets_4_pes[2].delay_reset_pe/count_addsub_reg[0].addsub_reg/R","1.621","0"
"clk500","0.262","2.000","sfo/residual_estimator/front_stage/main/service/u_xfft/U0/i_synth/axi_wrapper/sclr_int_reg/C","sfo/residual_estimator/front_stage/main/service/u_xfft/U0/i_synth/xfft_inst/non_floating_point.arch_d.xfft_inst/FLOW/reset_sustain.resets_4_pes[2].delay_reset_pe/count_addsub_reg[1].addsub_reg/R","1.621","0"
"clk500","0.262","2.000","sfo/residual_estimator/front_stage/main/service/u_xfft/U0/i_synth/axi_wrapper/sclr_int_reg/C","sfo/residual_estimator/front_stage/main/service/u_xfft/U0/i_synth/xfft_inst/non_floating_point.arch_d.xfft_inst/FLOW/reset_sustain.resets_4_pes[2].delay_reset_pe/count_addsub_reg[2].addsub_reg/R","1.621","0"
"clk500","0.262","2.000","sfo/residual_estimator/front_stage/main/service/u_xfft/U0/i_synth/axi_wrapper/sclr_int_reg/C","sfo/residual_estimator/front_stage/main/service/u_xfft/U0/i_synth/xfft_inst/non_floating_point.arch_d.xfft_inst/FLOW/reset_sustain.resets_4_pes[2].delay_reset_pe/count_addsub_reg[3].addsub_reg/R","1.621","0"
"clk500","0.262","2.000","sfo/residual_estimator/aux_service/u_xfft/U0/i_synth/xfft_inst/non_floating_point.arch_d.xfft_inst/has_bit_reverse.natural_order_address_muxing.muxed_reorder_read_addr_reg[1]/C","sfo/residual_estimator/aux_service/u_xfft/U0/i_synth/xfft_inst/non_floating_point.arch_d.xfft_inst/has_bit_reverse.dig_rev_mem/blk_ram.use_bram_only.mem/depth_14.need_extra_rams.extra_ram_loop[0].use_RAMB18.SDP_RAMB18_1x16384/ADDRBWRADDR[1]","1.385","0"
"clk500","0.263","2.000","cfo/observation_front/fft_core/v_reg[7]/C","cfo/observation_front/fft_core/ai8_reg[22]/CE","1.632","0"
"clk500","0.263","2.000","cfo/observation_front/fft_core/v_reg[7]/C","cfo/observation_front/fft_core/ai8_reg[24]/CE","1.632","0"
"clk500","0.263","2.000","sfo/residual_estimator/aux_service/u_xfft/U0/i_synth/xfft_inst/non_floating_point.arch_d.xfft_inst/has_bit_reverse.no_cp.muxed_reorder_write_addr_del_reg[4]/C","sfo/residual_estimator/aux_service/u_xfft/U0/i_synth/xfft_inst/non_floating_point.arch_d.xfft_inst/has_bit_reverse.dig_rev_mem/blk_ram.use_bram_only.mem/depth_14.need_extra_rams.extra_ram_loop[2].use_RAMB18.SDP_RAMB18_1x16384/ADDRARDADDR[4]","1.378","0"
"clk500","0.263","2.000","sfo/residual_estimator/aux_service/u_xfft/U0/i_synth/xfft_inst/non_floating_point.arch_d.xfft_inst/pe_gen[0].natural_order_input.PE/has_addr_gen.bf2_addr_gen/cnt/cnt_addsub/i_baseblox.i_baseblox_addsub/no_pipelining.the_addsub/i_lut6.i_lut6_addsub/i_q.i_simple.qreg/i_no_async_controls.output_reg[7]/C","sfo/residual_estimator/aux_service/u_xfft/U0/i_synth/xfft_inst/non_floating_point.arch_d.xfft_inst/pe_gen[0].natural_order_input.PE/FB_1.BF_1/MEM/blk_ram.use_bram_only.mem/depth_13_s6_depth_12.main_ram_loop[0].use_RAMB18.ram_2k_loop[0].SDP_RAMB18_9x2048/ADDRBWRADDR[9]","1.433","0"
"clk500","0.263","2.000","sfo/residual_estimator/front_stage/main/service/u_xfft/U0/i_synth/axi_wrapper/sclr_int_reg/C","sfo/residual_estimator/front_stage/main/service/u_xfft/U0/i_synth/xfft_inst/non_floating_point.arch_d.xfft_inst/DOUT_CNT_CTRL_0/cnt/i_tc_compare_reg/R","1.620","0"
"clk500","0.263","2.000","sfo/residual_estimator/front_stage/main/service/u_xfft/U0/i_synth/axi_wrapper/sclr_int_reg/C","sfo/residual_estimator/front_stage/main/service/u_xfft/U0/i_synth/xfft_inst/non_floating_point.arch_d.xfft_inst/FLOW/reset_sustain.resets_4_pes[2].delay_reset_pe/count_addsub_reg[4].addsub_reg/R","1.620","0"
"clk500","0.263","2.000","sfo/residual_estimator/aux_service/u_xfft/U0/i_synth/xfft_inst/non_floating_point.arch_d.xfft_inst/has_bit_reverse.natural_order_address_muxing.muxed_reorder_read_addr_reg[9]/C","sfo/residual_estimator/aux_service/u_xfft/U0/i_synth/xfft_inst/non_floating_point.arch_d.xfft_inst/has_bit_reverse.dig_rev_mem/blk_ram.use_bram_only.mem/depth_14.main_ram_loop[0].use_RAMB18.ram_2k_loop[7].SDP_RAMB18_9x2048/ADDRBWRADDR[12]","1.444","0"
"clk500","0.263","2.000","sfo/residual_estimator/front_stage/main/service/u_xfft/U0/i_synth/xfft_inst/non_floating_point.arch_d.xfft_inst/has_bit_reverse.dig_rev_mem/blk_ram.use_bram_only.mem/depth_11.ram_loop[2].use_RAMB18.SDP_RAMB18_9x2048/CLKBWRCLK","sfo/residual_estimator/front_stage/main/service/u_xfft/U0/i_synth/xfft_inst/non_floating_point.arch_d.xfft_inst/has_bit_reverse.pe_natural_out_reg[24]/D","1.674","0"
"clk500","0.263","2.000","cfo/windows/poison_sync/syncstages_ff_reg[3]/C","cfo/windows/packed_head_reg[19]/D","1.720","5"
"clk500","0.264","2.000","sfo/residual_estimator/aux_service/u_xfft/U0/i_synth/xfft_inst/non_floating_point.arch_d.xfft_inst/pe_gen[0].natural_order_input.PE/FB_1.BF_1/wr_addr_del/no_sclr_lut.real_shift_ram.use_baseblock.use_hlutnm_srls.srl_loop[1].i_fdre0/C","sfo/residual_estimator/aux_service/u_xfft/U0/i_synth/xfft_inst/non_floating_point.arch_d.xfft_inst/pe_gen[0].natural_order_input.PE/FB_1.BF_1/MEM/blk_ram.use_bram_only.mem/depth_13_s6_depth_12.main_ram_loop[2].use_RAMB18.ram_2k_loop[1].SDP_RAMB18_9x2048/ADDRARDADDR[5]","1.425","0"
"clk500","0.264","2.000","sfo/residual_estimator/aux_service/u_xfft/U0/i_synth/xfft_inst/non_floating_point.arch_d.xfft_inst/has_bit_reverse.natural_order_address_muxing.muxed_reorder_read_addr_reg[11]/C","sfo/residual_estimator/aux_service/u_xfft/U0/i_synth/xfft_inst/non_floating_point.arch_d.xfft_inst/has_bit_reverse.dig_rev_mem/blk_ram.use_bram_only.mem/depth_14.need_extra_rams.extra_ram_loop[1].use_RAMB18.SDP_RAMB18_1x16384/ADDRBWRADDR[11]","1.454","0"
"clk500","0.264","2.000","cfo/observation_front/fft_core/pi4_reg/DSP_OUTPUT_INST/CLK","cfo/observation_front/fft_core/pi5_reg[9]/D","1.687","5"
"clk500","0.264","2.000","cfo/observation_front/fft_core/tag_reg[1][bank_a]/C","cfo/observation_front/fft_core/pr4_reg/DSP_A_B_DATA_INST/A[5]","1.447","1"
"clk500","0.264","2.000","sfo/initial_estimator/owner/fft/u_xfft/U0/i_synth/axi_wrapper/sclr_int_reg/C","sfo/initial_estimator/owner/fft/u_xfft/U0/i_synth/xfft_inst/non_floating_point.arch_d.xfft_inst/no_run_time_1.dout_rev_index_int_reg[0]/R","1.619","0"
"clk500","0.264","2.000","sfo/initial_estimator/owner/fft/u_xfft/U0/i_synth/axi_wrapper/sclr_int_reg/C","sfo/initial_estimator/owner/fft/u_xfft/U0/i_synth/xfft_inst/non_floating_point.arch_d.xfft_inst/no_run_time_1.dout_rev_index_int_reg[1]/R","1.619","0"
"clk500","0.264","2.000","sfo/initial_estimator/owner/fft/u_xfft/U0/i_synth/axi_wrapper/sclr_int_reg/C","sfo/initial_estimator/owner/fft/u_xfft/U0/i_synth/xfft_inst/non_floating_point.arch_d.xfft_inst/no_run_time_1.dout_rev_index_int_reg[2]/R","1.619","0"
"clk500","0.264","2.000","sfo/initial_estimator/owner/fft/u_xfft/U0/i_synth/axi_wrapper/sclr_int_reg/C","sfo/initial_estimator/owner/fft/u_xfft/U0/i_synth/xfft_inst/non_floating_point.arch_d.xfft_inst/no_run_time_1.dout_rev_index_int_reg[3]/R","1.619","0"
"clk500","0.264","2.000","sfo/initial_estimator/owner/fft/u_xfft/U0/i_synth/axi_wrapper/sclr_int_reg/C","sfo/initial_estimator/owner/fft/u_xfft/U0/i_synth/xfft_inst/non_floating_point.arch_d.xfft_inst/no_run_time_1.dout_rev_index_int_reg[4]/R","1.619","0"
"clk500","0.264","2.000","sfo/initial_estimator/owner/fft/u_xfft/U0/i_synth/axi_wrapper/sclr_int_reg/C","sfo/initial_estimator/owner/fft/u_xfft/U0/i_synth/xfft_inst/non_floating_point.arch_d.xfft_inst/no_run_time_1.dout_rev_index_int_reg[5]/R","1.619","0"
"clk500","0.264","2.000","sfo/initial_estimator/owner/fft/u_xfft/U0/i_synth/axi_wrapper/sclr_int_reg/C","sfo/initial_estimator/owner/fft/u_xfft/U0/i_synth/xfft_inst/non_floating_point.arch_d.xfft_inst/no_run_time_1.dout_rev_index_int_reg[6]/R","1.619","0"
"clk500","0.264","2.000","sfo/initial_estimator/owner/fft/u_xfft/U0/i_synth/axi_wrapper/sclr_int_reg/C","sfo/initial_estimator/owner/fft/u_xfft/U0/i_synth/xfft_inst/non_floating_point.arch_d.xfft_inst/no_run_time_1.dout_rev_index_int_reg[7]/R","1.619","0"
"clk500","0.265","2.000","cfo/observation_front/v_reg[5]/C","cfo/observation_front/m_z_q_reg[0]/CE","1.632","1"
"clk500","0.265","2.000","cfo/observation_front/v_reg[5]/C","cfo/observation_front/m_z_q_reg[1]/CE","1.632","1"
"clk500","0.265","2.000","cfo/observation_front/v_reg[5]/C","cfo/observation_front/m_z_q_reg[2]/CE","1.632","1"
"clk500","0.265","2.000","cfo/observation_front/v_reg[5]/C","cfo/observation_front/m_z_q_reg[3]/CE","1.632","1"
"clk500","0.265","2.000","cfo/observation_front/v_reg[5]/C","cfo/observation_front/m_z_q_reg[4]/CE","1.632","1"
"clk500","0.265","2.000","cfo/observation_front/v_reg[5]/C","cfo/observation_front/m_z_q_reg[5]/CE","1.632","1"
"clk500","0.265","2.000","cfo/observation_front/v_reg[5]/C","cfo/observation_front/m_z_q_reg[6]/CE","1.632","1"
"clk500","0.265","2.000","cfo/observation_front/v_reg[5]/C","cfo/observation_front/m_z_q_reg[7]/CE","1.632","1"
"clk500","0.265","2.000","sfo/residual_estimator/aux_service/u_xfft/U0/i_synth/xfft_inst/non_floating_point.arch_d.xfft_inst/has_bit_reverse.no_cp.muxed_reorder_write_addr_del_reg[9]/C","sfo/residual_estimator/aux_service/u_xfft/U0/i_synth/xfft_inst/non_floating_point.arch_d.xfft_inst/has_bit_reverse.dig_rev_mem/blk_ram.use_bram_only.mem/depth_14.need_extra_rams.extra_ram_loop[0].use_RAMB18.SDP_RAMB18_1x16384/ADDRARDADDR[9]","1.446","0"
"clk500","0.265","2.000","cfo/observation_front/fft_core/v_reg[7]/C","cfo/observation_front/fft_core/ai8_reg[21]/CE","1.630","0"
"clk500","0.265","2.000","cfo/observation_front/fft_core/v_reg[7]/C","cfo/observation_front/fft_core/ai8_reg[23]/CE","1.630","0"
"clk500","0.265","2.000","cfo/observation_front/fft_core/v_reg[7]/C","cfo/observation_front/fft_core/bi8_reg[25]/CE","1.630","0"
"clk500","0.265","2.000","cfo/observation_front/fft_core/bank0_reg_bram_1/CLKBWRCLK","cfo/observation_front/fft_core/ri3_reg/DSP_A_B_DATA_INST/A[27]","1.387","1"
"clk500","0.265","2.000","sfo/residual_estimator/aux_service/u_xfft/U0/i_synth/xfft_inst/non_floating_point.arch_d.xfft_inst/pe_gen[0].natural_order_input.PE/has_addr_gen.bf2_addr_gen/cnt/cnt_addsub/i_baseblox.i_baseblox_addsub/no_pipelining.the_addsub/i_lut6.i_lut6_addsub/i_q.i_simple.qreg/i_no_async_controls.output_reg[1]/C","sfo/residual_estimator/aux_service/u_xfft/U0/i_synth/xfft_inst/non_floating_point.arch_d.xfft_inst/pe_gen[0].natural_order_input.PE/FB_1.BF_1/MEM/blk_ram.use_bram_only.mem/depth_13_s6_depth_12.main_ram_loop[1].use_RAMB18.ram_2k_loop[0].SDP_RAMB18_9x2048/ADDRBWRADDR[3]","1.388","0"
"clk500","0.266","2.000","sfo/residual_estimator/aux_service/u_xfft/U0/i_synth/xfft_inst/non_floating_point.arch_d.xfft_inst/has_bit_reverse.natural_order_address_muxing.muxed_reorder_read_addr_reg[2]/C","sfo/residual_estimator/aux_service/u_xfft/U0/i_synth/xfft_inst/non_floating_point.arch_d.xfft_inst/has_bit_reverse.dig_rev_mem/blk_ram.use_bram_only.mem/depth_14.main_ram_loop[1].use_RAMB18.ram_2k_loop[0].SDP_RAMB18_9x2048/ADDRBWRADDR[5]","1.438","0"
"clk500","0.266","2.000","cfo/estimator/observation_fifo/gnuram_async_fifo.xpm_fifo_base_inst/gen_pf_ic_rc.ngen_full_rst_val.ram_full_i_reg/C","cfo/estimator/observation_fifo/gnuram_async_fifo.xpm_fifo_base_inst/gen_sdpram.xpm_memory_base_inst/gen_wr_a.gen_word_narrow.mem_reg_0_15_14_27/RAMA/WE","1.534","2"
"clk500","0.266","2.000","cfo/estimator/observation_fifo/gnuram_async_fifo.xpm_fifo_base_inst/gen_pf_ic_rc.ngen_full_rst_val.ram_full_i_reg/C","cfo/estimator/observation_fifo/gnuram_async_fifo.xpm_fifo_base_inst/gen_sdpram.xpm_memory_base_inst/gen_wr_a.gen_word_narrow.mem_reg_0_15_14_27/RAMA_D1/WE","1.534","2"
"clk500","0.266","2.000","cfo/estimator/observation_fifo/gnuram_async_fifo.xpm_fifo_base_inst/gen_pf_ic_rc.ngen_full_rst_val.ram_full_i_reg/C","cfo/estimator/observation_fifo/gnuram_async_fifo.xpm_fifo_base_inst/gen_sdpram.xpm_memory_base_inst/gen_wr_a.gen_word_narrow.mem_reg_0_15_14_27/RAMB/WE","1.534","2"
"clk500","0.266","2.000","cfo/estimator/observation_fifo/gnuram_async_fifo.xpm_fifo_base_inst/gen_pf_ic_rc.ngen_full_rst_val.ram_full_i_reg/C","cfo/estimator/observation_fifo/gnuram_async_fifo.xpm_fifo_base_inst/gen_sdpram.xpm_memory_base_inst/gen_wr_a.gen_word_narrow.mem_reg_0_15_14_27/RAMB_D1/WE","1.534","2"
"clk500","0.266","2.000","cfo/estimator/observation_fifo/gnuram_async_fifo.xpm_fifo_base_inst/gen_pf_ic_rc.ngen_full_rst_val.ram_full_i_reg/C","cfo/estimator/observation_fifo/gnuram_async_fifo.xpm_fifo_base_inst/gen_sdpram.xpm_memory_base_inst/gen_wr_a.gen_word_narrow.mem_reg_0_15_14_27/RAMC/WE","1.534","2"
"clk500","0.266","2.000","cfo/estimator/observation_fifo/gnuram_async_fifo.xpm_fifo_base_inst/gen_pf_ic_rc.ngen_full_rst_val.ram_full_i_reg/C","cfo/estimator/observation_fifo/gnuram_async_fifo.xpm_fifo_base_inst/gen_sdpram.xpm_memory_base_inst/gen_wr_a.gen_word_narrow.mem_reg_0_15_14_27/RAMC_D1/WE","1.534","2"
"clk500","0.266","2.000","cfo/estimator/observation_fifo/gnuram_async_fifo.xpm_fifo_base_inst/gen_pf_ic_rc.ngen_full_rst_val.ram_full_i_reg/C","cfo/estimator/observation_fifo/gnuram_async_fifo.xpm_fifo_base_inst/gen_sdpram.xpm_memory_base_inst/gen_wr_a.gen_word_narrow.mem_reg_0_15_14_27/RAMD/WE","1.534","2"
"clk500","0.266","2.000","cfo/estimator/observation_fifo/gnuram_async_fifo.xpm_fifo_base_inst/gen_pf_ic_rc.ngen_full_rst_val.ram_full_i_reg/C","cfo/estimator/observation_fifo/gnuram_async_fifo.xpm_fifo_base_inst/gen_sdpram.xpm_memory_base_inst/gen_wr_a.gen_word_narrow.mem_reg_0_15_14_27/RAMD_D1/WE","1.534","2"
"clk500","0.266","2.000","cfo/estimator/observation_fifo/gnuram_async_fifo.xpm_fifo_base_inst/gen_pf_ic_rc.ngen_full_rst_val.ram_full_i_reg/C","cfo/estimator/observation_fifo/gnuram_async_fifo.xpm_fifo_base_inst/gen_sdpram.xpm_memory_base_inst/gen_wr_a.gen_word_narrow.mem_reg_0_15_14_27/RAME/WE","1.534","2"
"clk500","0.266","2.000","cfo/estimator/observation_fifo/gnuram_async_fifo.xpm_fifo_base_inst/gen_pf_ic_rc.ngen_full_rst_val.ram_full_i_reg/C","cfo/estimator/observation_fifo/gnuram_async_fifo.xpm_fifo_base_inst/gen_sdpram.xpm_memory_base_inst/gen_wr_a.gen_word_narrow.mem_reg_0_15_14_27/RAME_D1/WE","1.534","2"
"clk500","0.266","2.000","cfo/estimator/observation_fifo/gnuram_async_fifo.xpm_fifo_base_inst/gen_pf_ic_rc.ngen_full_rst_val.ram_full_i_reg/C","cfo/estimator/observation_fifo/gnuram_async_fifo.xpm_fifo_base_inst/gen_sdpram.xpm_memory_base_inst/gen_wr_a.gen_word_narrow.mem_reg_0_15_14_27/RAMF/WE","1.534","2"
"clk500","0.266","2.000","cfo/estimator/observation_fifo/gnuram_async_fifo.xpm_fifo_base_inst/gen_pf_ic_rc.ngen_full_rst_val.ram_full_i_reg/C","cfo/estimator/observation_fifo/gnuram_async_fifo.xpm_fifo_base_inst/gen_sdpram.xpm_memory_base_inst/gen_wr_a.gen_word_narrow.mem_reg_0_15_14_27/RAMF_D1/WE","1.534","2"
"clk500","0.266","2.000","cfo/estimator/observation_fifo/gnuram_async_fifo.xpm_fifo_base_inst/gen_pf_ic_rc.ngen_full_rst_val.ram_full_i_reg/C","cfo/estimator/observation_fifo/gnuram_async_fifo.xpm_fifo_base_inst/gen_sdpram.xpm_memory_base_inst/gen_wr_a.gen_word_narrow.mem_reg_0_15_14_27/RAMG/WE","1.534","2"
"clk500","0.266","2.000","cfo/estimator/observation_fifo/gnuram_async_fifo.xpm_fifo_base_inst/gen_pf_ic_rc.ngen_full_rst_val.ram_full_i_reg/C","cfo/estimator/observation_fifo/gnuram_async_fifo.xpm_fifo_base_inst/gen_sdpram.xpm_memory_base_inst/gen_wr_a.gen_word_narrow.mem_reg_0_15_14_27/RAMG_D1/WE","1.534","2"
"clk500","0.266","2.000","cfo/estimator/observation_fifo/gnuram_async_fifo.xpm_fifo_base_inst/gen_pf_ic_rc.ngen_full_rst_val.ram_full_i_reg/C","cfo/estimator/observation_fifo/gnuram_async_fifo.xpm_fifo_base_inst/gen_sdpram.xpm_memory_base_inst/gen_wr_a.gen_word_narrow.mem_reg_0_15_14_27/RAMH/WE","1.534","2"
"clk500","0.266","2.000","cfo/estimator/observation_fifo/gnuram_async_fifo.xpm_fifo_base_inst/gen_pf_ic_rc.ngen_full_rst_val.ram_full_i_reg/C","cfo/estimator/observation_fifo/gnuram_async_fifo.xpm_fifo_base_inst/gen_sdpram.xpm_memory_base_inst/gen_wr_a.gen_word_narrow.mem_reg_0_15_14_27/RAMH_D1/WE","1.534","2"
"clk500","0.266","2.000","cfo/windows/poison_sync/syncstages_ff_reg[3]/C","cfo/windows/packed_head_reg[78]/D","1.717","5"
"clk500","0.266","2.000","sfo/residual_estimator/aux_service/u_xfft/U0/i_synth/axi_wrapper/gen_has_nfft.nfft_we_int_reg/C","sfo/residual_estimator/aux_service/u_xfft/U0/i_synth/xfft_inst/non_floating_point.arch_d.xfft_inst/has_bit_reverse.pe_natural_out_reg[5]/R","1.615","1"
"clk500","0.266","2.000","sfo/residual_estimator/aux_service/u_xfft/U0/i_synth/axi_wrapper/gen_has_nfft.nfft_we_int_reg/C","sfo/residual_estimator/aux_service/u_xfft/U0/i_synth/xfft_inst/non_floating_point.arch_d.xfft_inst/has_bit_reverse.pe_natural_out_reg[7]/R","1.615","1"
"clk500","0.266","2.000","cfo/observation_front/fft_core/state_reg[1]/C","cfo/observation_front/fft_core/tag_reg[8][row_a][2]/CE","1.632","1"
"clk500","0.266","2.000","sfo/initial_estimator/owner/fft/u_egress_fifo/gnuram_async_fifo.xpm_fifo_base_inst/xpm_fifo_rst_inst/gen_rst_ic.wr_rst_busy_ic_reg/C","sfo/initial_estimator/owner/fft/u_egress_fifo/gnuram_async_fifo.xpm_fifo_base_inst/wrpp1_inst/count_value_i_reg[3]/R","1.616","0"
"clk500","0.266","2.000","sfo/initial_estimator/owner/fft/u_egress_fifo/gnuram_async_fifo.xpm_fifo_base_inst/xpm_fifo_rst_inst/gen_rst_ic.wr_rst_busy_ic_reg/C","sfo/initial_estimator/owner/fft/u_egress_fifo/gnuram_async_fifo.xpm_fifo_base_inst/wrpp1_inst/count_value_i_reg[4]/R","1.616","0"
"clk500","0.266","2.000","sfo/residual_estimator/aux_service/u_xfft/U0/i_synth/xfft_inst/non_floating_point.arch_d.xfft_inst/timing_cnts_has_nfft.run_time_sel_reg[4]/C","sfo/residual_estimator/aux_service/u_xfft/U0/i_synth/xfft_inst/non_floating_point.arch_d.xfft_inst/pe_gen[3].natural_order_input.PE/fwd_inv_select.fwd_inv_mux_gen.reg/D","1.716","1"
"clk500","0.267","2.000","cfo/observation_front/coefficient_row_reg[10]/C","cfo/observation_front/coefficient_page1_data_reg_0_1/ADDRARDADDR[10]","1.431","0"
"clk500","0.267","2.000","sfo/initial_estimator/owner/fft/reset_sync500/syncstages_ff_reg[3]/C","sfo/initial_estimator/owner/fft/u_egress_fifo/gnuram_async_fifo.xpm_fifo_base_inst/wrpp1_inst/count_value_i_reg[7]/D","1.713","3"
"clk500","0.267","2.000","cfo/windows/packed_windows/fifo/gnuram_async_fifo.xpm_fifo_base_inst/gen_sdpram.xpm_memory_base_inst/gen_wr_a.gen_word_narrow.mem_reg_bram_13/CLKBWRCLK","cfo/windows/packed_tail_reg[116]/D","1.668","0"
"clk500","0.267","2.000","cfo/windows/packed_windows/fifo/gnuram_async_fifo.xpm_fifo_base_inst/gen_sdpram.xpm_memory_base_inst/gen_wr_a.gen_word_narrow.mem_reg_bram_11/CLKBWRCLK","cfo/windows/packed_tail_reg[90]/D","1.668","0"
"clk500","0.267","2.000","sfo/residual_estimator/aux_service/u_xfft/U0/i_synth/axi_wrapper/gen_has_nfft.nfft_we_int_reg/C","sfo/residual_estimator/aux_service/u_xfft/U0/i_synth/xfft_inst/non_floating_point.arch_d.xfft_inst/has_bit_reverse.pe_natural_out_reg[2]/R","1.614","1"
"clk500","0.267","2.000","sfo/residual_estimator/aux_service/u_xfft/U0/i_synth/axi_wrapper/gen_has_nfft.nfft_we_int_reg/C","sfo/residual_estimator/aux_service/u_xfft/U0/i_synth/xfft_inst/non_floating_point.arch_d.xfft_inst/has_bit_reverse.pe_natural_out_reg[6]/R","1.614","1"
"clk500","0.267","2.000","sfo/residual_estimator/aux_service/u_xfft/U0/i_synth/xfft_inst/non_floating_point.arch_d.xfft_inst/pe_gen[0].natural_order_input.PE/has_addr_gen.bf2_addr_gen/cnt/cnt_addsub/i_baseblox.i_baseblox_addsub/no_pipelining.the_addsub/i_lut6.i_lut6_addsub/i_q.i_simple.qreg/i_no_async_controls.output_reg[3]/C","sfo/residual_estimator/aux_service/u_xfft/U0/i_synth/xfft_inst/non_floating_point.arch_d.xfft_inst/pe_gen[0].natural_order_input.PE/FB_1.BF_1/MEM/blk_ram.use_bram_only.mem/depth_13_s6_depth_12.main_ram_loop[0].use_RAMB18.ram_2k_loop[3].SDP_RAMB18_9x2048/ADDRBWRADDR[5]","1.421","0"
"clk500","0.267","2.000","sfo/residual_estimator/front_stage/main/service/u_xfft/U0/i_synth/axi_wrapper/sclr_int_reg/C","sfo/residual_estimator/front_stage/main/service/u_xfft/U0/i_synth/xfft_inst/non_floating_point.arch_d.xfft_inst/no_run_time_1.dout_rev_index_int_reg[4]/R","1.616","0"
"clk500","0.267","2.000","sfo/residual_estimator/front_stage/main/service/u_xfft/U0/i_synth/axi_wrapper/sclr_int_reg/C","sfo/residual_estimator/front_stage/main/service/u_xfft/U0/i_synth/xfft_inst/non_floating_point.arch_d.xfft_inst/no_run_time_1.dout_rev_index_int_reg[8]/R","1.616","0"
"clk500","0.267","2.000","sfo/residual_estimator/front_stage/main/service/u_xfft/U0/i_synth/axi_wrapper/sclr_int_reg/C","sfo/residual_estimator/front_stage/main/service/u_xfft/U0/i_synth/xfft_inst/non_floating_point.arch_d.xfft_inst/no_run_time_1.dout_rev_index_int_reg[9]/R","1.616","0"
"clk500","0.267","2.000","sfo/residual_estimator/aux_service/u_xfft/U0/i_synth/xfft_inst/non_floating_point.arch_d.xfft_inst/pe_gen[0].natural_order_input.PE/has_addr_gen.bf2_addr_gen/cnt/cnt_addsub/i_baseblox.i_baseblox_addsub/no_pipelining.the_addsub/i_lut6.i_lut6_addsub/i_q.i_simple.qreg/i_no_async_controls.output_reg[2]/C","sfo/residual_estimator/aux_service/u_xfft/U0/i_synth/xfft_inst/non_floating_point.arch_d.xfft_inst/pe_gen[0].natural_order_input.PE/FB_1.BF_1/MEM/blk_ram.use_bram_only.mem/depth_13_s6_depth_12.need_extra_rams.extra_ram_loop[1].use_RAMB18.SDP_RAMB18_2x8192/ADDRBWRADDR[2]","1.375","0"
"clk500","0.268","2.000","sfo/residual_estimator/aux_service/u_xfft/U0/i_synth/xfft_inst/non_floating_point.arch_d.xfft_inst/input_delay_im/no_sclr_lut.real_shift_ram.use_baseblock.use_hlutnm_srls.srl_loop[1].i_fdre0/C","sfo/residual_estimator/aux_service/u_xfft/U0/i_synth/xfft_inst/non_floating_point.arch_d.xfft_inst/pe_gen[3].natural_order_input.PE/bypass_muxes.din_im_mux_gen[2].reg/D","1.712","1"
"clk500","0.268","2.000","cfo/observation_front/coefficient_row_reg[12]/C","cfo/observation_front/coefficient_page1_data_reg_0_1/ADDRARDADDR[12]","1.427","0"
"clk500","0.268","2.000","cfo/observation_front/pr4_reg/DSP_OUTPUT_INST/CLK","cfo/observation_front/h_i5_reg[23]/D","1.682","6"
"clk500","0.268","2.000","cfo/observation_front/pr4_reg/DSP_OUTPUT_INST/CLK","cfo/observation_front/h_i5_reg[25]/D","1.682","7"
"clk500","0.268","2.000","cfo/windows/packed_windows/fifo/gnuram_async_fifo.xpm_fifo_base_inst/gen_sdpram.xpm_memory_base_inst/gen_wr_a.gen_word_narrow.mem_reg_bram_11/CLKBWRCLK","cfo/windows/packed_tail_reg[91]/D","1.666","0"
"clk500","0.268","2.000","sfo/residual_estimator/aux_service/u_xfft/U0/i_synth/xfft_inst/non_floating_point.arch_d.xfft_inst/has_bit_reverse.natural_order_address_muxing.muxed_reorder_read_addr_reg[9]/C","sfo/residual_estimator/aux_service/u_xfft/U0/i_synth/xfft_inst/non_floating_point.arch_d.xfft_inst/has_bit_reverse.dig_rev_mem/blk_ram.use_bram_only.mem/depth_14.need_extra_rams.extra_ram_loop[3].use_RAMB18.SDP_RAMB18_1x16384/ADDRBWRADDR[9]","1.398","0"
"clk500","0.268","2.000","sfo/residual_estimator/aux_service/u_xfft/U0/i_synth/xfft_inst/non_floating_point.arch_d.xfft_inst/FLOW/load_enable_reg/C","sfo/residual_estimator/aux_service/u_xfft/U0/i_synth/axi_wrapper/blk_event_tlast_unexpected.events_to_transfer_reg[0]/D","1.715","1"
"clk500","0.268","2.000","sfo/residual_estimator/aux_service/u_xfft/U0/i_synth/xfft_inst/non_floating_point.arch_d.xfft_inst/has_bit_reverse.no_cp.muxed_reorder_write_addr_del_reg[0]/C","sfo/residual_estimator/aux_service/u_xfft/U0/i_synth/xfft_inst/non_floating_point.arch_d.xfft_inst/has_bit_reverse.dig_rev_mem/blk_ram.use_bram_only.mem/depth_14.main_ram_loop[2].use_RAMB18.ram_2k_loop[5].SDP_RAMB18_9x2048/ADDRARDADDR[3]","1.372","0"
"clk500","0.268","2.000","sfo/residual_estimator/aux_service/u_xfft/U0/i_synth/xfft_inst/non_floating_point.arch_d.xfft_inst/pe_gen[0].natural_order_input.PE/FB_1.BF_1/wr_addr_del/no_sclr_lut.real_shift_ram.use_baseblock.use_hlutnm_srls.srl_loop[0].i_fdre1/C","sfo/residual_estimator/aux_service/u_xfft/U0/i_synth/xfft_inst/non_floating_point.arch_d.xfft_inst/pe_gen[0].natural_order_input.PE/FB_1.BF_1/MEM/blk_ram.use_bram_only.mem/depth_13_s6_depth_12.main_ram_loop[1].use_RAMB18.ram_2k_loop[1].SDP_RAMB18_9x2048/ADDRARDADDR[4]","1.356","0"
"clk500","0.268","2.000","sfo/residual_estimator/front_stage/main/service/u_xfft/U0/i_synth/xfft_inst/non_floating_point.arch_d.xfft_inst/has_bit_reverse.natural_order_address_muxing.muxed_reorder_read_addr_reg[0]/C","sfo/residual_estimator/front_stage/main/service/u_xfft/U0/i_synth/xfft_inst/non_floating_point.arch_d.xfft_inst/has_bit_reverse.dig_rev_mem/blk_ram.use_bram_only.mem/depth_11.ram_loop[0].use_RAMB18.SDP_RAMB18_9x2048/ADDRBWRADDR[3]","1.387","0"
"clk500","0.268","2.000","sfo/residual_estimator/front_stage/main/service/u_xfft/U0/i_synth/xfft_inst/non_floating_point.arch_d.xfft_inst/has_bit_reverse.natural_order_address_muxing.muxed_reorder_read_addr_reg[6]/C","sfo/residual_estimator/front_stage/main/service/u_xfft/U0/i_synth/xfft_inst/non_floating_point.arch_d.xfft_inst/has_bit_reverse.dig_rev_mem/blk_ram.use_bram_only.mem/depth_11.ram_loop[0].use_RAMB18.SDP_RAMB18_9x2048/ADDRBWRADDR[9]","1.430","0"
"clk500","0.268","2.000","cfo/windows/poison_sync/syncstages_ff_reg[3]/C","cfo/windows/packed_head_reg[107]/D","1.715","5"
"clk500","0.269","2.000","sfo/residual_estimator/aux_service/u_xfft/U0/i_synth/xfft_inst/non_floating_point.arch_d.xfft_inst/has_bit_reverse.no_cp.muxed_reorder_write_addr_del_reg[10]/C","sfo/residual_estimator/aux_service/u_xfft/U0/i_synth/xfft_inst/non_floating_point.arch_d.xfft_inst/has_bit_reverse.dig_rev_mem/blk_ram.use_bram_only.mem/depth_14.main_ram_loop[1].use_RAMB18.ram_2k_loop[7].SDP_RAMB18_9x2048/ADDRARDADDR[13]","1.437","0"
"clk500","0.269","2.000","cfo/observation_front/pr4_reg/DSP_OUTPUT_INST/CLK","cfo/observation_front/h_i5_reg[21]/D","1.681","6"
"clk500","0.269","2.000","sfo/initial_estimator/owner/fft/reset_sync500/syncstages_ff_reg[3]/C","sfo/initial_estimator/owner/fft/u_egress_fifo/gnuram_async_fifo.xpm_fifo_base_inst/wrpp1_inst/count_value_i_reg[0]/CE","1.626","1"
"clk500","0.269","2.000","sfo/initial_estimator/owner/fft/reset_sync500/syncstages_ff_reg[3]/C","sfo/initial_estimator/owner/fft/u_egress_fifo/gnuram_async_fifo.xpm_fifo_base_inst/wrpp1_inst/count_value_i_reg[4]/CE","1.626","1"
"clk500","0.269","2.000","sfo/residual_estimator/aux_service/u_xfft/U0/i_synth/xfft_inst/non_floating_point.arch_d.xfft_inst/has_bit_reverse.natural_order_address_muxing.muxed_reorder_read_addr_reg[5]/C","sfo/residual_estimator/aux_service/u_xfft/U0/i_synth/xfft_inst/non_floating_point.arch_d.xfft_inst/has_bit_reverse.dig_rev_mem/blk_ram.use_bram_only.mem/depth_14.main_ram_loop[1].use_RAMB18.ram_2k_loop[6].SDP_RAMB18_9x2048/ADDRBWRADDR[8]","1.403","0"
"clk500","0.269","2.000","sfo/residual_estimator/aux_service/u_xfft/U0/i_synth/xfft_inst/non_floating_point.arch_d.xfft_inst/pe_gen[0].natural_order_input.PE/FB_1.BF_1/wr_addr_del/no_sclr_lut.real_shift_ram.use_baseblock.use_hlutnm_srls.srl_loop[0].i_fdre1/C","sfo/residual_estimator/aux_service/u_xfft/U0/i_synth/xfft_inst/non_floating_point.arch_d.xfft_inst/pe_gen[0].natural_order_input.PE/FB_1.BF_1/MEM/blk_ram.use_bram_only.mem/depth_13_s6_depth_12.main_ram_loop[1].use_RAMB18.ram_2k_loop[0].SDP_RAMB18_9x2048/ADDRARDADDR[4]","1.371","0"
"clk500","0.269","2.000","sfo/residual_estimator/aux_service/u_xfft/U0/i_synth/xfft_inst/non_floating_point.arch_d.xfft_inst/has_bit_reverse.natural_order_address_muxing.muxed_reorder_read_addr_reg[12]/C","sfo/residual_estimator/aux_service/u_xfft/U0/i_synth/xfft_inst/non_floating_point.arch_d.xfft_inst/has_bit_reverse.dig_rev_mem/blk_ram.use_bram_only.mem/depth_14.need_extra_rams.extra_ram_loop[2].use_RAMB18.SDP_RAMB18_1x16384/ADDRBWRADDR[12]","1.440","0"
"clk500","0.270","2.000","sfo/residual_estimator/aux_service/u_xfft/U0/i_synth/xfft_inst/non_floating_point.arch_d.xfft_inst/has_bit_reverse.natural_order_address_muxing.muxed_reorder_read_addr_reg[3]/C","sfo/residual_estimator/aux_service/u_xfft/U0/i_synth/xfft_inst/non_floating_point.arch_d.xfft_inst/has_bit_reverse.dig_rev_mem/blk_ram.use_bram_only.mem/depth_14.main_ram_loop[0].use_RAMB18.ram_2k_loop[4].SDP_RAMB18_9x2048/ADDRBWRADDR[6]","1.421","0"
"clk500","0.270","2.000","sfo/residual_estimator/aux_service/u_xfft/U0/i_synth/xfft_inst/non_floating_point.arch_d.xfft_inst/pe_gen[0].natural_order_input.PE/FB_1.BF_1/wr_addr_del/no_sclr_lut.real_shift_ram.use_baseblock.use_hlutnm_srls.srl_loop[3].i_fdre0/C","sfo/residual_estimator/aux_service/u_xfft/U0/i_synth/xfft_inst/non_floating_point.arch_d.xfft_inst/pe_gen[0].natural_order_input.PE/FB_1.BF_1/MEM/blk_ram.use_bram_only.mem/depth_13_s6_depth_12.main_ram_loop[2].use_RAMB18.ram_2k_loop[2].SDP_RAMB18_9x2048/ADDRARDADDR[9]","1.439","0"
"clk500","0.270","2.000","cfo/observation_front/fft_core/v_reg[5]/C","cfo/observation_front/fft_core/sub_i6_reg[28]/CE","1.625","0"
"clk500","0.270","2.000","cfo/windows/poison_sync/syncstages_ff_reg[3]/C","cfo/windows/header_active_reg/D","1.713","5"
"clk500","0.270","2.000","sfo/residual_estimator/aux_service/u_xfft/U0/i_synth/xfft_inst/non_floating_point.arch_d.xfft_inst/timing_cnts_has_nfft.duplicate_regs[3].other.nfft_regs[0].nfft_regs_fde/C","sfo/residual_estimator/aux_service/u_xfft/U0/i_synth/xfft_inst/non_floating_point.arch_d.xfft_inst/pe_gen[3].natural_order_input.PE/hasbf2.FB_2.BF_2/MEM/dist_ram.srlram.ram/var_length.shift_ram/i_bb_inst/gen_output_regs.output_regs/i_no_async_controls.output_reg[17]/D","1.712","2"
"clk500","0.271","2.000","cfo/observation_front/coefficient_row_reg[6]/C","cfo/observation_front/coefficient_page1_data_reg_0_1/ADDRARDADDR[6]","1.418","0"
"clk500","0.271","2.000","sfo/initial_estimator/owner/fft/reset_sync500/syncstages_ff_reg[3]/C","sfo/initial_estimator/owner/fft/u_egress_fifo/gnuram_async_fifo.xpm_fifo_base_inst/wrpp1_inst/count_value_i_reg[3]/CE","1.624","1"
"clk500","0.271","2.000","sfo/initial_estimator/owner/fft/reset_sync500/syncstages_ff_reg[3]/C","sfo/initial_estimator/owner/fft/u_ingress_fifo/gnuram_async_fifo.xpm_fifo_base_inst/gen_sdpram.xpm_memory_base_inst/gen_wr_a.gen_word_wide.mem_reg_bram_0/ENARDEN","1.361","2"
"clk500","0.271","2.000","cfo/windows/poison_sync/syncstages_ff_reg[3]/C","cfo/windows/packed_tail_reg[106]/CE","1.627","4"
"clk500","0.271","2.000","cfo/windows/poison_sync/syncstages_ff_reg[3]/C","cfo/windows/packed_tail_reg[2]/CE","1.627","4"
"clk500","0.271","2.000","cfo/windows/poison_sync/syncstages_ff_reg[3]/C","cfo/windows/packed_tail_reg[34]/CE","1.627","4"
"clk500","0.271","2.000","cfo/windows/poison_sync/syncstages_ff_reg[3]/C","cfo/windows/packed_tail_reg[91]/CE","1.627","4"
"clk500","0.271","2.000","sfo/residual_estimator/aux_service/u_xfft/U0/i_synth/xfft_inst/non_floating_point.arch_d.xfft_inst/has_bit_reverse.natural_order_address_muxing.muxed_reorder_read_addr_reg[4]/C","sfo/residual_estimator/aux_service/u_xfft/U0/i_synth/xfft_inst/non_floating_point.arch_d.xfft_inst/has_bit_reverse.dig_rev_mem/blk_ram.use_bram_only.mem/depth_14.main_ram_loop[2].use_RAMB18.ram_2k_loop[5].SDP_RAMB18_9x2048/ADDRBWRADDR[7]","1.400","0"
"clk500","0.271","2.000","sfo/residual_estimator/front_stage/main/service/u_xfft/U0/i_synth/xfft_inst/non_floating_point.arch_d.xfft_inst/pe_gen[0].natural_order_input.PE/has_TW_mult.TW/MUX0/four_inputs.use_lut6.no_lut_sclr.four_to_one_mux[0].latency1.reg/C","sfo/residual_estimator/front_stage/main/service/u_xfft/U0/i_synth/xfft_inst/non_floating_point.arch_d.xfft_inst/pe_gen[0].natural_order_input.PE/has_TW_mult.TW/twiddle_generator/tw1.twgen1/cos_addr_2s_comp/use_output_reg.D_OUT_reg[0]/D","1.712","0"
"clk500","0.271","2.000","sfo/residual_estimator/aux_service/u_xfft/U0/i_synth/axi_wrapper/gen_has_nfft.nfft_we_int_reg/C","sfo/residual_estimator/aux_service/u_xfft/U0/i_synth/xfft_inst/non_floating_point.arch_d.xfft_inst/has_bit_reverse.pe_natural_out_reg[18]/R","1.611","1"
"clk500","0.271","2.000","sfo/residual_estimator/aux_service/u_xfft/U0/i_synth/axi_wrapper/gen_has_nfft.nfft_we_int_reg/C","sfo/residual_estimator/aux_service/u_xfft/U0/i_synth/xfft_inst/non_floating_point.arch_d.xfft_inst/has_bit_reverse.pe_natural_out_reg[21]/R","1.611","1"
"clk500","0.272","2.000","cfo/observation_front/fft_core/v_reg[5]/C","cfo/observation_front/fft_core/sub_i6_reg[24]/CE","1.623","0"
"clk500","0.272","2.000","cfo/observation_front/fft_core/v_reg[5]/C","cfo/observation_front/fft_core/sub_i6_reg[25]/CE","1.623","0"
"clk500","0.272","2.000","cfo/observation_front/fft_core/v_reg[5]/C","cfo/observation_front/fft_core/sub_i6_reg[26]/CE","1.623","0"
"clk500","0.272","2.000","cfo/observation_front/fft_core/v_reg[5]/C","cfo/observation_front/fft_core/sub_i6_reg[27]/CE","1.623","0"
"clk500","0.272","2.000","sfo/residual_estimator/front_stage/main/service/u_xfft/U0/i_synth/xfft_inst/non_floating_point.arch_d.xfft_inst/pe_gen[0].natural_order_input.PE/FB_1.BF_1/BTFLY0/logic_bfly_byp.add_r/adder/i_baseblox.i_baseblox_addsub/no_pipelining.the_addsub/i_lut6.i_lut6_addsub/i_q.i_simple.qreg/i_no_async_controls.output_reg[15]/C","sfo/residual_estimator/front_stage/main/service/u_xfft/U0/i_synth/xfft_inst/non_floating_point.arch_d.xfft_inst/pe_gen[0].natural_order_input.PE/hasbf2.FB_2.BF_2/twos_cmp.REG_lower_re/no_sclr_lut.depth1_shift_ram.without_sclr.Qsr_reg[14]/D","1.709","0"
"clk500","0.272","2.000","cfo/observation_front/fft_core/pi4_reg/DSP_OUTPUT_INST/CLK","cfo/observation_front/fft_core/pi5_reg[10]/D","1.679","5"
"clk500","0.272","2.000","sfo/residual_estimator/aux_service/u_xfft/U0/i_synth/xfft_inst/non_floating_point.arch_d.xfft_inst/has_bit_reverse.no_cp.muxed_reorder_write_addr_del_reg[1]/C","sfo/residual_estimator/aux_service/u_xfft/U0/i_synth/xfft_inst/non_floating_point.arch_d.xfft_inst/has_bit_reverse.dig_rev_mem/blk_ram.use_bram_only.mem/depth_14.main_ram_loop[0].use_RAMB18.ram_2k_loop[4].SDP_RAMB18_9x2048/ADDRARDADDR[4]","1.352","0"
"clk500","0.273","2.000","sfo/residual_estimator/aux_service/u_xfft/U0/i_synth/xfft_inst/non_floating_point.arch_d.xfft_inst/has_bit_reverse.natural_order_address_muxing.muxed_reorder_read_addr_reg[0]/C","sfo/residual_estimator/aux_service/u_xfft/U0/i_synth/xfft_inst/non_floating_point.arch_d.xfft_inst/has_bit_reverse.dig_rev_mem/blk_ram.use_bram_only.mem/depth_14.main_ram_loop[1].use_RAMB18.ram_2k_loop[4].SDP_RAMB18_9x2048/ADDRBWRADDR[3]","1.359","0"
"clk500","0.273","2.000","sfo/residual_estimator/aux_service/u_xfft/U0/i_synth/xfft_inst/non_floating_point.arch_d.xfft_inst/has_bit_reverse.natural_order_address_muxing.muxed_reorder_read_addr_reg[7]/C","sfo/residual_estimator/aux_service/u_xfft/U0/i_synth/xfft_inst/non_floating_point.arch_d.xfft_inst/has_bit_reverse.dig_rev_mem/blk_ram.use_bram_only.mem/depth_14.need_extra_rams.extra_ram_loop[3].use_RAMB18.SDP_RAMB18_1x16384/ADDRBWRADDR[7]","1.396","0"
"clk500","0.273","2.000","cfo/estimator/reset_fast_sync/arststages_ff_reg[3]/C","cfo/observation_front/sum_q_reg[24]/R","1.610","2"
"clk500","0.273","2.000","cfo/estimator/reset_fast_sync/arststages_ff_reg[3]/C","cfo/observation_front/sum_q_reg[25]/R","1.610","2"
"clk500","0.273","2.000","cfo/estimator/reset_fast_sync/arststages_ff_reg[3]/C","cfo/observation_front/sum_q_reg[26]/R","1.610","2"
"clk500","0.273","2.000","cfo/estimator/reset_fast_sync/arststages_ff_reg[3]/C","cfo/observation_front/sum_q_reg[27]/R","1.610","2"
"clk500","0.273","2.000","cfo/windows/poison_sync/syncstages_ff_reg[3]/C","cfo/windows/packed_head_reg[22]/D","1.710","5"
"clk500","0.273","2.000","sfo/residual_estimator/aux_service/u_xfft/U0/i_synth/xfft_inst/non_floating_point.arch_d.xfft_inst/has_bit_reverse.natural_order_address_muxing.muxed_reorder_read_addr_reg[13]/C","sfo/residual_estimator/aux_service/u_xfft/U0/i_synth/xfft_inst/non_floating_point.arch_d.xfft_inst/has_bit_reverse.dig_rev_mem/blk_ram.use_bram_only.mem/depth_14.need_extra_rams.extra_ram_loop[4].use_RAMB18.SDP_RAMB18_1x16384/ADDRBWRADDR[13]","1.375","0"
"clk500","0.274","2.000","cfo/observation_front/v_reg[5]/C","cfo/observation_front/m_z_i_reg[20]/CE","1.623","1"
"clk500","0.274","2.000","cfo/observation_front/v_reg[5]/C","cfo/observation_front/m_z_i_reg[21]/CE","1.623","1"
"clk500","0.274","2.000","cfo/observation_front/v_reg[5]/C","cfo/observation_front/m_z_i_reg[22]/CE","1.623","1"
"clk500","0.274","2.000","cfo/observation_front/v_reg[5]/C","cfo/observation_front/m_z_i_reg[23]/CE","1.623","1"
"clk500","0.274","2.000","sfo/residual_estimator/aux_service/u_xfft/U0/i_synth/xfft_inst/non_floating_point.arch_d.xfft_inst/pe_gen[0].natural_order_input.PE/delay_addr_tw/no_sclr_lut.real_shift_ram.use_baseblock.use_hlutnm_srls.srl_loop[2].i_fdre1/C","sfo/residual_estimator/aux_service/u_xfft/U0/i_synth/xfft_inst/non_floating_point.arch_d.xfft_inst/pe_gen[0].natural_order_input.PE/hasbf2.FB_2.BF_2/MEM/blk_ram.use_bram_only.mem/depth_12_s6_depth_11.main_ram_loop[0].use_RAMB18.ram_2k_loop[1].SDP_RAMB18_9x2048/ADDRBWRADDR[8]","1.396","0"
"clk500","0.274","2.000","sfo/residual_estimator/aux_service/u_xfft/U0/i_synth/xfft_inst/non_floating_point.arch_d.xfft_inst/input_delay_im/no_sclr_lut.real_shift_ram.use_baseblock.use_hlutnm_srls.srl_loop[2].i_fdre1/C","sfo/residual_estimator/aux_service/u_xfft/U0/i_synth/xfft_inst/non_floating_point.arch_d.xfft_inst/pe_gen[2].natural_order_input.PE/bypass_muxes.din_im_mux_gen[5].reg/D","1.706","1"
"clk500","0.274","2.000","cfo/estimator/reset_fast_sync/arststages_ff_reg[3]/C","cfo/observation_front/sum_q_reg[28]/R","1.609","2"
"clk500","0.274","2.000","cfo/estimator/reset_fast_sync/arststages_ff_reg[3]/C","cfo/observation_front/sum_q_reg[29]/R","1.609","2"
"clk500","0.274","2.000","cfo/estimator/reset_fast_sync/arststages_ff_reg[3]/C","cfo/observation_front/sum_q_reg[30]/R","1.609","2"
"clk500","0.274","2.000","cfo/estimator/reset_fast_sync/arststages_ff_reg[3]/C","cfo/observation_front/sum_q_reg[31]/R","1.609","2"
"clk500","0.274","2.000","sfo/residual_estimator/aux_service/u_xfft/U0/i_synth/xfft_inst/non_floating_point.arch_d.xfft_inst/pe_gen[0].natural_order_input.PE/has_addr_gen.bf2_addr_gen/cnt/cnt_addsub/i_baseblox.i_baseblox_addsub/no_pipelining.the_addsub/i_lut6.i_lut6_addsub/i_q.i_simple.qreg/i_no_async_controls.output_reg[10]/C","sfo/residual_estimator/aux_service/u_xfft/U0/i_synth/xfft_inst/non_floating_point.arch_d.xfft_inst/pe_gen[0].natural_order_input.PE/FB_1.BF_1/MEM/blk_ram.use_bram_only.mem/depth_13_s6_depth_12.need_extra_rams.extra_ram_loop[0].use_RAMB18.SDP_RAMB18_2x8192/ADDRBWRADDR[10]","1.420","0"
"clk500","0.275","2.000","sfo/residual_estimator/front_stage/main/service/u_egress_fifo/gnuram_async_fifo.xpm_fifo_base_inst/xpm_fifo_rst_inst/gen_rst_ic.wr_rst_busy_ic_reg/C","sfo/residual_estimator/front_stage/main/service/u_egress_fifo/gnuram_async_fifo.xpm_fifo_base_inst/gen_sdpram.xpm_memory_base_inst/gen_wr_a.gen_word_narrow.mem_reg_bram_3/ENARDEN","1.359","3"
"clk500","0.275","2.000","sfo/residual_estimator/front_stage/main/service/u_xfft/U0/i_synth/xfft_inst/non_floating_point.arch_d.xfft_inst/has_bit_reverse.no_cp.muxed_reorder_write_addr_del_reg[8]/C","sfo/residual_estimator/front_stage/main/service/u_xfft/U0/i_synth/xfft_inst/non_floating_point.arch_d.xfft_inst/has_bit_reverse.dig_rev_mem/blk_ram.use_bram_only.mem/depth_11.ram_loop[3].use_RAMB18.SDP_RAMB18_9x2048/ADDRARDADDR[11]","1.436","0"
"clk500","0.275","2.000","cfo/observation_front/state_reg[0]/C","cfo/observation_front/fft_core/m_i_reg[9]/CE","1.622","2"
"clk500","0.275","2.000","cfo/observation_front/state_reg[0]/C","cfo/observation_front/fft_core/m_q_reg[19]/CE","1.622","2"
"clk500","0.275","2.000","sfo/residual_estimator/aux_service/u_xfft/U0/i_synth/xfft_inst/non_floating_point.arch_d.xfft_inst/pe_gen[0].natural_order_input.PE/has_addr_gen.bf2_addr_gen/cnt/cnt_addsub/i_baseblox.i_baseblox_addsub/no_pipelining.the_addsub/i_lut6.i_lut6_addsub/i_q.i_simple.qreg/i_no_async_controls.output_reg[1]/C","sfo/residual_estimator/aux_service/u_xfft/U0/i_synth/xfft_inst/non_floating_point.arch_d.xfft_inst/pe_gen[0].natural_order_input.PE/FB_1.BF_1/MEM/blk_ram.use_bram_only.mem/depth_13_s6_depth_12.main_ram_loop[1].use_RAMB18.ram_2k_loop[1].SDP_RAMB18_9x2048/ADDRBWRADDR[3]","1.357","0"
"clk500","0.275","2.000","sfo/residual_estimator/aux_service/u_xfft/U0/i_synth/xfft_inst/non_floating_point.arch_d.xfft_inst/pe_gen[0].natural_order_input.PE/has_addr_gen.bf2_addr_gen/cnt/cnt_addsub/i_baseblox.i_baseblox_addsub/no_pipelining.the_addsub/i_lut6.i_lut6_addsub/i_q.i_simple.qreg/i_no_async_controls.output_reg[2]/C","sfo/residual_estimator/aux_service/u_xfft/U0/i_synth/xfft_inst/non_floating_point.arch_d.xfft_inst/pe_gen[0].natural_order_input.PE/FB_1.BF_1/MEM/blk_ram.use_bram_only.mem/depth_13_s6_depth_12.need_extra_rams.extra_ram_loop[2].use_RAMB18.SDP_RAMB18_2x8192/ADDRBWRADDR[2]","1.383","0"
"clk500","0.276","2.000","cfo/observation_front/v_reg[5]/C","cfo/observation_front/m_z_i_reg[16]/CE","1.621","1"
"clk500","0.276","2.000","cfo/observation_front/v_reg[5]/C","cfo/observation_front/m_z_i_reg[17]/CE","1.621","1"
"clk500","0.276","2.000","cfo/observation_front/v_reg[5]/C","cfo/observation_front/m_z_i_reg[18]/CE","1.621","1"
"clk500","0.276","2.000","cfo/observation_front/v_reg[5]/C","cfo/observation_front/m_z_i_reg[19]/CE","1.621","1"
"clk500","0.276","2.000","sfo/initial_estimator/owner/fft/u_xfft/U0/i_synth/axi_wrapper/sclr_int_reg/C","sfo/initial_estimator/owner/fft/u_xfft/U0/i_synth/xfft_inst/non_floating_point.arch_d.xfft_inst/DOUT_CNT_CTRL_0/cnt/i_tc_compare_reg/R","1.606","0"
"clk500","0.276","2.000","sfo/initial_estimator/owner/fft/u_xfft/U0/i_synth/axi_wrapper/sclr_int_reg/C","sfo/initial_estimator/owner/fft/u_xfft/U0/i_synth/xfft_inst/non_floating_point.arch_d.xfft_inst/DOUT_CNT_CTRL_0/cnt/i_tc_reg/R","1.606","0"
"clk500","0.276","2.000","sfo/initial_estimator/owner/fft/u_xfft/U0/i_synth/axi_wrapper/sclr_int_reg/C","sfo/initial_estimator/owner/fft/u_xfft/U0/i_synth/xfft_inst/non_floating_point.arch_d.xfft_inst/no_run_time_1.dout_rev_index_int_reg[8]/R","1.606","0"
"clk500","0.276","2.000","sfo/initial_estimator/owner/fft/u_xfft/U0/i_synth/axi_wrapper/sclr_int_reg/C","sfo/initial_estimator/owner/fft/u_xfft/U0/i_synth/xfft_inst/non_floating_point.arch_d.xfft_inst/no_run_time_1.dout_rev_index_int_reg[9]/R","1.606","0"
"clk500","0.276","2.000","sfo/residual_estimator/aux_service/u_xfft/U0/i_synth/xfft_inst/non_floating_point.arch_d.xfft_inst/has_bit_reverse.no_cp.muxed_reorder_write_addr_del_reg[0]/C","sfo/residual_estimator/aux_service/u_xfft/U0/i_synth/xfft_inst/non_floating_point.arch_d.xfft_inst/has_bit_reverse.dig_rev_mem/blk_ram.use_bram_only.mem/depth_14.main_ram_loop[1].use_RAMB18.ram_2k_loop[2].SDP_RAMB18_9x2048/ADDRARDADDR[3]","1.379","0"
"clk500","0.276","2.000","cfo/observation_front/pr4_reg/DSP_OUTPUT_INST/CLK","cfo/observation_front/h_i5_reg[26]/D","1.674","7"
"clk500","0.276","2.000","sfo/residual_estimator/aux_service/u_xfft/U0/i_synth/axi_wrapper/gen_has_nfft.nfft_we_int_reg/C","sfo/residual_estimator/aux_service/u_xfft/U0/i_synth/xfft_inst/non_floating_point.arch_d.xfft_inst/DOUT_CNT_CTRL_0/cnt_valid_reg/R","1.606","1"
"clk500","0.276","2.000","sfo/residual_estimator/aux_service/u_xfft/U0/i_synth/axi_wrapper/gen_has_nfft.nfft_we_int_reg/C","sfo/residual_estimator/aux_service/u_xfft/U0/i_synth/xfft_inst/non_floating_point.arch_d.xfft_inst/has_bit_reverse.var_pt_size_muxed_addresses.left_shifter/delay_output/no_sclr_lut.real_shift_ram.use_baseblock.use_hlutnm_srls.srl_loop[6].i_fdre0/R","1.606","1"
"clk500","0.276","2.000","sfo/residual_estimator/aux_service/u_xfft/U0/i_synth/axi_wrapper/gen_has_nfft.nfft_we_int_reg/C","sfo/residual_estimator/aux_service/u_xfft/U0/i_synth/xfft_inst/non_floating_point.arch_d.xfft_inst/has_bit_reverse.var_pt_size_muxed_addresses.left_shifter/delay_output/no_sclr_lut.real_shift_ram.use_baseblock.use_hlutnm_srls.srl_loop[6].i_fdre1/R","1.606","1"
"clk500","0.276","2.000","sfo/residual_estimator/aux_service/u_xfft/U0/i_synth/axi_wrapper/gen_has_nfft.nfft_we_int_reg/C","sfo/residual_estimator/aux_service/u_xfft/U0/i_synth/xfft_inst/non_floating_point.arch_d.xfft_inst/has_bit_reverse.var_pt_size_muxed_addresses.left_shifter/r14.shifter/use_mux16.use_lut6.sixteen_to_one_mux[12].use_output_reg_and_pipe_reg.reg1/R","1.606","1"
"clk500","0.277","2.000","cfo/observation_front/state_reg[0]/C","cfo/observation_front/fft_core/m_q_reg[17]/CE","1.620","2"
"clk500","0.277","2.000","cfo/observation_front/state_reg[0]/C","cfo/observation_front/fft_core/m_q_reg[21]/CE","1.620","2"
"clk500","0.277","2.000","sfo/initial_estimator/owner/fft/u_egress_fifo/gnuram_async_fifo.xpm_fifo_base_inst/xpm_fifo_rst_inst/gen_rst_ic.wr_rst_busy_ic_reg/C","sfo/initial_estimator/owner/fft/u_egress_fifo/gnuram_async_fifo.xpm_fifo_base_inst/wrpp1_inst/count_value_i_reg[1]/R","1.604","0"
"clk500","0.277","2.000","sfo/initial_estimator/owner/fft/u_egress_fifo/gnuram_async_fifo.xpm_fifo_base_inst/xpm_fifo_rst_inst/gen_rst_ic.wr_rst_busy_ic_reg/C","sfo/initial_estimator/owner/fft/u_egress_fifo/gnuram_async_fifo.xpm_fifo_base_inst/wrpp1_inst/count_value_i_reg[2]/R","1.604","0"
"clk500","0.277","2.000","sfo/initial_estimator/owner/fft/u_egress_fifo/gnuram_async_fifo.xpm_fifo_base_inst/xpm_fifo_rst_inst/gen_rst_ic.wr_rst_busy_ic_reg/C","sfo/initial_estimator/owner/fft/u_egress_fifo/gnuram_async_fifo.xpm_fifo_base_inst/wrpp2_inst/count_value_i_reg[5]/R","1.604","0"
"clk500","0.277","2.000","sfo/initial_estimator/owner/fft/u_egress_fifo/gnuram_async_fifo.xpm_fifo_base_inst/xpm_fifo_rst_inst/gen_rst_ic.wr_rst_busy_ic_reg/C","sfo/initial_estimator/owner/fft/u_egress_fifo/gnuram_async_fifo.xpm_fifo_base_inst/wrpp2_inst/count_value_i_reg[6]/R","1.604","0"
"clk500","0.277","2.000","sfo/initial_estimator/owner/fft/u_egress_fifo/gnuram_async_fifo.xpm_fifo_base_inst/xpm_fifo_rst_inst/gen_rst_ic.wr_rst_busy_ic_reg/C","sfo/initial_estimator/owner/fft/u_egress_fifo/gnuram_async_fifo.xpm_fifo_base_inst/wrpp2_inst/count_value_i_reg[7]/R","1.604","0"
"clk500","0.278","2.000","cfo/windows/packed_windows/fifo/gnuram_async_fifo.xpm_fifo_base_inst/gen_sdpram.xpm_memory_base_inst/gen_wr_a.gen_word_narrow.mem_reg_bram_11/CLKBWRCLK","cfo/windows/packed_tail_reg[75]/D","1.656","0"
"clk500","0.278","2.000","cfo/estimator/observation_fifo/gnuram_async_fifo.xpm_fifo_base_inst/gen_pf_ic_rc.ngen_full_rst_val.ram_full_i_reg/C","cfo/estimator/observation_fifo/gnuram_async_fifo.xpm_fifo_base_inst/gen_sdpram.xpm_memory_base_inst/gen_wr_a.gen_word_narrow.mem_reg_0_15_42_55/RAMA/WE","1.522","2"
"clk500","0.278","2.000","cfo/estimator/observation_fifo/gnuram_async_fifo.xpm_fifo_base_inst/gen_pf_ic_rc.ngen_full_rst_val.ram_full_i_reg/C","cfo/estimator/observation_fifo/gnuram_async_fifo.xpm_fifo_base_inst/gen_sdpram.xpm_memory_base_inst/gen_wr_a.gen_word_narrow.mem_reg_0_15_42_55/RAMA_D1/WE","1.522","2"
"clk500","0.278","2.000","cfo/estimator/observation_fifo/gnuram_async_fifo.xpm_fifo_base_inst/gen_pf_ic_rc.ngen_full_rst_val.ram_full_i_reg/C","cfo/estimator/observation_fifo/gnuram_async_fifo.xpm_fifo_base_inst/gen_sdpram.xpm_memory_base_inst/gen_wr_a.gen_word_narrow.mem_reg_0_15_42_55/RAMB/WE","1.522","2"
"clk500","0.278","2.000","cfo/estimator/observation_fifo/gnuram_async_fifo.xpm_fifo_base_inst/gen_pf_ic_rc.ngen_full_rst_val.ram_full_i_reg/C","cfo/estimator/observation_fifo/gnuram_async_fifo.xpm_fifo_base_inst/gen_sdpram.xpm_memory_base_inst/gen_wr_a.gen_word_narrow.mem_reg_0_15_42_55/RAMB_D1/WE","1.522","2"
"clk500","0.278","2.000","cfo/estimator/observation_fifo/gnuram_async_fifo.xpm_fifo_base_inst/gen_pf_ic_rc.ngen_full_rst_val.ram_full_i_reg/C","cfo/estimator/observation_fifo/gnuram_async_fifo.xpm_fifo_base_inst/gen_sdpram.xpm_memory_base_inst/gen_wr_a.gen_word_narrow.mem_reg_0_15_42_55/RAMC/WE","1.522","2"
"clk500","0.278","2.000","cfo/estimator/observation_fifo/gnuram_async_fifo.xpm_fifo_base_inst/gen_pf_ic_rc.ngen_full_rst_val.ram_full_i_reg/C","cfo/estimator/observation_fifo/gnuram_async_fifo.xpm_fifo_base_inst/gen_sdpram.xpm_memory_base_inst/gen_wr_a.gen_word_narrow.mem_reg_0_15_42_55/RAMC_D1/WE","1.522","2"
"clk500","0.278","2.000","cfo/estimator/observation_fifo/gnuram_async_fifo.xpm_fifo_base_inst/gen_pf_ic_rc.ngen_full_rst_val.ram_full_i_reg/C","cfo/estimator/observation_fifo/gnuram_async_fifo.xpm_fifo_base_inst/gen_sdpram.xpm_memory_base_inst/gen_wr_a.gen_word_narrow.mem_reg_0_15_42_55/RAMD/WE","1.522","2"
"clk500","0.278","2.000","cfo/estimator/observation_fifo/gnuram_async_fifo.xpm_fifo_base_inst/gen_pf_ic_rc.ngen_full_rst_val.ram_full_i_reg/C","cfo/estimator/observation_fifo/gnuram_async_fifo.xpm_fifo_base_inst/gen_sdpram.xpm_memory_base_inst/gen_wr_a.gen_word_narrow.mem_reg_0_15_42_55/RAMD_D1/WE","1.522","2"
"clk500","0.278","2.000","cfo/estimator/observation_fifo/gnuram_async_fifo.xpm_fifo_base_inst/gen_pf_ic_rc.ngen_full_rst_val.ram_full_i_reg/C","cfo/estimator/observation_fifo/gnuram_async_fifo.xpm_fifo_base_inst/gen_sdpram.xpm_memory_base_inst/gen_wr_a.gen_word_narrow.mem_reg_0_15_42_55/RAME/WE","1.522","2"
"clk500","0.278","2.000","cfo/estimator/observation_fifo/gnuram_async_fifo.xpm_fifo_base_inst/gen_pf_ic_rc.ngen_full_rst_val.ram_full_i_reg/C","cfo/estimator/observation_fifo/gnuram_async_fifo.xpm_fifo_base_inst/gen_sdpram.xpm_memory_base_inst/gen_wr_a.gen_word_narrow.mem_reg_0_15_42_55/RAME_D1/WE","1.522","2"
"clk500","0.278","2.000","cfo/estimator/observation_fifo/gnuram_async_fifo.xpm_fifo_base_inst/gen_pf_ic_rc.ngen_full_rst_val.ram_full_i_reg/C","cfo/estimator/observation_fifo/gnuram_async_fifo.xpm_fifo_base_inst/gen_sdpram.xpm_memory_base_inst/gen_wr_a.gen_word_narrow.mem_reg_0_15_42_55/RAMF/WE","1.522","2"
"clk500","0.278","2.000","cfo/estimator/observation_fifo/gnuram_async_fifo.xpm_fifo_base_inst/gen_pf_ic_rc.ngen_full_rst_val.ram_full_i_reg/C","cfo/estimator/observation_fifo/gnuram_async_fifo.xpm_fifo_base_inst/gen_sdpram.xpm_memory_base_inst/gen_wr_a.gen_word_narrow.mem_reg_0_15_42_55/RAMF_D1/WE","1.522","2"
"clk500","0.278","2.000","cfo/estimator/observation_fifo/gnuram_async_fifo.xpm_fifo_base_inst/gen_pf_ic_rc.ngen_full_rst_val.ram_full_i_reg/C","cfo/estimator/observation_fifo/gnuram_async_fifo.xpm_fifo_base_inst/gen_sdpram.xpm_memory_base_inst/gen_wr_a.gen_word_narrow.mem_reg_0_15_42_55/RAMG/WE","1.522","2"
"clk500","0.278","2.000","cfo/estimator/observation_fifo/gnuram_async_fifo.xpm_fifo_base_inst/gen_pf_ic_rc.ngen_full_rst_val.ram_full_i_reg/C","cfo/estimator/observation_fifo/gnuram_async_fifo.xpm_fifo_base_inst/gen_sdpram.xpm_memory_base_inst/gen_wr_a.gen_word_narrow.mem_reg_0_15_42_55/RAMG_D1/WE","1.522","2"
"clk500","0.278","2.000","cfo/estimator/observation_fifo/gnuram_async_fifo.xpm_fifo_base_inst/gen_pf_ic_rc.ngen_full_rst_val.ram_full_i_reg/C","cfo/estimator/observation_fifo/gnuram_async_fifo.xpm_fifo_base_inst/gen_sdpram.xpm_memory_base_inst/gen_wr_a.gen_word_narrow.mem_reg_0_15_42_55/RAMH/WE","1.522","2"
"clk500","0.278","2.000","cfo/estimator/observation_fifo/gnuram_async_fifo.xpm_fifo_base_inst/gen_pf_ic_rc.ngen_full_rst_val.ram_full_i_reg/C","cfo/estimator/observation_fifo/gnuram_async_fifo.xpm_fifo_base_inst/gen_sdpram.xpm_memory_base_inst/gen_wr_a.gen_word_narrow.mem_reg_0_15_42_55/RAMH_D1/WE","1.522","2"
"clk500","0.278","2.000","sfo/initial_estimator/owner/fft/u_egress_fifo/gnuram_async_fifo.xpm_fifo_base_inst/xpm_fifo_rst_inst/gen_rst_ic.wr_rst_busy_ic_reg/C","sfo/initial_estimator/owner/fft/u_egress_fifo/gnuram_async_fifo.xpm_fifo_base_inst/wrpp1_inst/count_value_i_reg[0]/S","1.603","0"
"clk500","0.279","2.000","sfo/initial_estimator/owner/fft/reset_sync500/syncstages_ff_reg[3]/C","sfo/initial_estimator/owner/fft/u_egress_fifo/gnuram_async_fifo.xpm_fifo_base_inst/wrpp1_inst/count_value_i_reg[5]/CE","1.616","1"
"clk500","0.279","2.000","sfo/initial_estimator/owner/fft/reset_sync500/syncstages_ff_reg[3]/C","sfo/initial_estimator/owner/fft/u_egress_fifo/gnuram_async_fifo.xpm_fifo_base_inst/wrpp1_inst/count_value_i_reg[6]/CE","1.616","1"
"clk500","0.279","2.000","sfo/initial_estimator/owner/fft/reset_sync500/syncstages_ff_reg[3]/C","sfo/initial_estimator/owner/fft/u_egress_fifo/gnuram_async_fifo.xpm_fifo_base_inst/wrpp1_inst/count_value_i_reg[7]/CE","1.616","1"
"clk500","0.279","2.000","sfo/residual_estimator/aux_service/u_xfft/U0/i_synth/xfft_inst/non_floating_point.arch_d.xfft_inst/pe_gen[0].natural_order_input.PE/has_addr_gen.bf2_addr_gen/cnt/cnt_addsub/i_baseblox.i_baseblox_addsub/no_pipelining.the_addsub/i_lut6.i_lut6_addsub/i_q.i_simple.qreg/i_no_async_controls.output_reg[11]/C","sfo/residual_estimator/aux_service/u_xfft/U0/i_synth/xfft_inst/non_floating_point.arch_d.xfft_inst/pe_gen[0].natural_order_input.PE/FB_1.BF_1/MEM/blk_ram.use_bram_only.mem/depth_13_s6_depth_12.main_ram_loop[1].use_RAMB18.ram_2k_loop[1].SDP_RAMB18_9x2048/ADDRBWRADDR[13]","1.367","0"
"clk500","0.279","2.000","sfo/residual_estimator/aux_service/u_xfft/U0/i_synth/xfft_inst/non_floating_point.arch_d.xfft_inst/pe_gen[0].natural_order_input.PE/FB_1.BF_1/wr_addr_del/no_sclr_lut.real_shift_ram.use_baseblock.use_hlutnm_srls.srl_loop[0].i_fdre0/C","sfo/residual_estimator/aux_service/u_xfft/U0/i_synth/xfft_inst/non_floating_point.arch_d.xfft_inst/pe_gen[0].natural_order_input.PE/FB_1.BF_1/MEM/blk_ram.use_bram_only.mem/depth_13_s6_depth_12.main_ram_loop[1].use_RAMB18.ram_2k_loop[3].SDP_RAMB18_9x2048/ADDRARDADDR[3]","1.375","0"
"clk500","0.279","2.000","sfo/residual_estimator/aux_service/u_xfft/U0/i_synth/xfft_inst/non_floating_point.arch_d.xfft_inst/pe_gen[0].natural_order_input.PE/has_addr_gen.bf2_addr_gen/cnt/cnt_addsub/i_baseblox.i_baseblox_addsub/no_pipelining.the_addsub/i_lut6.i_lut6_addsub/i_q.i_simple.qreg/i_no_async_controls.output_reg[11]/C","sfo/residual_estimator/aux_service/u_xfft/U0/i_synth/xfft_inst/non_floating_point.arch_d.xfft_inst/pe_gen[0].natural_order_input.PE/FB_1.BF_1/MEM/blk_ram.use_bram_only.mem/depth_13_s6_depth_12.main_ram_loop[1].use_RAMB18.ram_2k_loop[0].SDP_RAMB18_9x2048/ADDRBWRADDR[13]","1.396","0"
"clk500","0.279","2.000","sfo/residual_estimator/aux_service/u_xfft/U0/i_synth/xfft_inst/non_floating_point.arch_d.xfft_inst/pe_gen[1].natural_order_input.PE/FB_1.BF_1/yes_nfft.bypass_reg/no_sclr_lut.real_shift_ram.use_baseblock.not_use_hlutnm_srls.i_shift_ram/i_bb_inst/f0.srl_sig_reg[1][0]/C","sfo/residual_estimator/aux_service/u_xfft/U0/i_synth/xfft_inst/non_floating_point.arch_d.xfft_inst/pe_gen[1].natural_order_input.PE/FB_1.BF_1/BTFLY0/logic_bfly_byp.add_r/adder/i_baseblox.i_baseblox_addsub/no_pipelining.the_addsub/i_lut6.i_lut6_addsub/i_q.i_simple.qreg/i_no_async_controls.output_reg[16]/D","1.701","3"
"clk500","0.280","2.000","sfo/residual_estimator/aux_service/u_xfft/U0/i_synth/xfft_inst/non_floating_point.arch_d.xfft_inst/pe_gen[0].natural_order_input.PE/FB_1.BF_1/wr_addr_del/no_sclr_lut.real_shift_ram.use_baseblock.use_hlutnm_srls.srl_loop[5].i_fdre1/C","sfo/residual_estimator/aux_service/u_xfft/U0/i_synth/xfft_inst/non_floating_point.arch_d.xfft_inst/pe_gen[0].natural_order_input.PE/FB_1.BF_1/MEM/blk_ram.use_bram_only.mem/depth_13_s6_depth_12.main_ram_loop[1].use_RAMB18.ram_2k_loop[3].SDP_RAMB18_9x2048/WEA[0]","1.300","1"
"clk500","0.280","2.000","sfo/residual_estimator/aux_service/u_xfft/U0/i_synth/xfft_inst/non_floating_point.arch_d.xfft_inst/timing_cnts_has_nfft.run_time_sel_reg[5]/C","sfo/residual_estimator/aux_service/u_xfft/U0/i_synth/xfft_inst/non_floating_point.arch_d.xfft_inst/pe_gen[4].natural_order_input.PE/bypass_muxes.din_im_mux_gen[12].reg/D","1.702","1"
"clk500","0.280","2.000","cfo/observation_front/fft_core/state_reg[0]/C","cfo/observation_front/fft_core/bank0_reg_bram_0/DINADIN[6]","1.452","2"
"clk500","0.280","2.000","cfo/windows/packed_windows/fifo/gnuram_async_fifo.xpm_fifo_base_inst/gen_sdpram.xpm_memory_base_inst/gen_wr_a.gen_word_narrow.mem_reg_bram_8/CLKBWRCLK","cfo/windows/packed_windows/fifo/gnuram_async_fifo.xpm_fifo_base_inst/gen_sdpram.xpm_memory_base_inst/gen_wr_a.gen_word_narrow.mem_reg_bram_11/CASDINB[1]","1.580","2"
"clk500","0.280","2.000","cfo/windows/packed_windows/fifo/gnuram_async_fifo.xpm_fifo_base_inst/gen_sdpram.xpm_memory_base_inst/gen_wr_a.gen_word_narrow.mem_reg_bram_0/CLKBWRCLK","cfo/windows/packed_windows/fifo/gnuram_async_fifo.xpm_fifo_base_inst/gen_sdpram.xpm_memory_base_inst/gen_wr_a.gen_word_narrow.mem_reg_bram_3/CASDINB[1]","1.580","2"
"clk500","0.280","2.000","cfo/windows/packed_windows/fifo/gnuram_async_fifo.xpm_fifo_base_inst/gen_sdpram.xpm_memory_base_inst/gen_wr_a.gen_word_narrow.mem_reg_bram_4/CLKBWRCLK","cfo/windows/packed_windows/fifo/gnuram_async_fifo.xpm_fifo_base_inst/gen_sdpram.xpm_memory_base_inst/gen_wr_a.gen_word_narrow.mem_reg_bram_7/CASDINB[1]","1.580","2"
"clk500","0.280","2.000","sfo/initial_estimator/owner/fft/u_egress_fifo/gnuram_async_fifo.xpm_fifo_base_inst/xpm_fifo_rst_inst/gen_rst_ic.wr_rst_busy_ic_reg/C","sfo/initial_estimator/owner/fft/u_egress_fifo/gnuram_async_fifo.xpm_fifo_base_inst/wrp_inst/count_value_i_reg[0]/R","1.601","0"
"clk500","0.280","2.000","sfo/residual_estimator/aux_service/u_xfft/U0/i_synth/xfft_inst/non_floating_point.arch_d.xfft_inst/pe_gen[1].natural_order_input.PE/FB_1.BF_1/yes_nfft.bypass_reg/no_sclr_lut.real_shift_ram.use_baseblock.not_use_hlutnm_srls.i_shift_ram/i_bb_inst/f0.srl_sig_reg[1][0]/C","sfo/residual_estimator/aux_service/u_xfft/U0/i_synth/xfft_inst/non_floating_point.arch_d.xfft_inst/pe_gen[1].natural_order_input.PE/FB_1.BF_1/BTFLY0/logic_bfly_byp.add_r/adder/i_baseblox.i_baseblox_addsub/no_pipelining.the_addsub/i_lut6.i_lut6_addsub/i_q.i_simple.qreg/i_no_async_controls.output_reg[14]/D","1.700","3"
"clk500","0.281","2.000","cfo/observation_front/fft_core/state_reg[0]/C","cfo/observation_front/fft_core/bank0_reg_bram_0/DINADIN[17]","1.426","2"
"clk500","0.281","2.000","cfo/observation_front/pr4_reg/DSP_OUTPUT_INST/CLK","cfo/observation_front/h_i5_reg[22]/D","1.669","6"
"clk500","0.281","2.000","cfo/windows/packed_windows/fifo/gnuram_async_fifo.xpm_fifo_base_inst/gen_sdpram.xpm_memory_base_inst/gen_wr_a.gen_word_narrow.mem_reg_bram_11/CLKBWRCLK","cfo/windows/packed_tail_reg[102]/D","1.653","0"
"clk500","0.282","2.000","sfo/residual_estimator/aux_service/u_xfft/U0/i_synth/xfft_inst/non_floating_point.arch_d.xfft_inst/has_bit_reverse.no_cp.muxed_reorder_write_addr_del_reg[0]/C","sfo/residual_estimator/aux_service/u_xfft/U0/i_synth/xfft_inst/non_floating_point.arch_d.xfft_inst/has_bit_reverse.dig_rev_mem/blk_ram.use_bram_only.mem/depth_14.need_extra_rams.extra_ram_loop[2].use_RAMB18.SDP_RAMB18_1x16384/ADDRARDADDR[0]","1.378","0"
"clk500","0.282","2.000","sfo/residual_estimator/aux_service/u_xfft/U0/i_synth/xfft_inst/non_floating_point.arch_d.xfft_inst/has_bit_reverse.natural_order_address_muxing.muxed_reorder_read_addr_reg[8]/C","sfo/residual_estimator/aux_service/u_xfft/U0/i_synth/xfft_inst/non_floating_point.arch_d.xfft_inst/has_bit_reverse.dig_rev_mem/blk_ram.use_bram_only.mem/depth_14.main_ram_loop[1].use_RAMB18.ram_2k_loop[1].SDP_RAMB18_9x2048/ADDRBWRADDR[11]","1.409","0"
"clk500","0.283","2.000","sfo/residual_estimator/aux_service/u_xfft/U0/i_synth/xfft_inst/non_floating_point.arch_d.xfft_inst/FLOW/load_enable_reg/C","sfo/residual_estimator/aux_service/u_ingress_fifo/gnuram_async_fifo.xpm_fifo_base_inst/rdpp1_inst/count_value_i_reg[0]/CE","1.614","3"
"clk500","0.283","2.000","sfo/residual_estimator/aux_service/u_xfft/U0/i_synth/xfft_inst/non_floating_point.arch_d.xfft_inst/pe_gen[0].natural_order_input.PE/FB_1.BF_1/wr_addr_del/no_sclr_lut.real_shift_ram.use_baseblock.use_hlutnm_srls.srl_loop[4].i_fdre1/C","sfo/residual_estimator/aux_service/u_xfft/U0/i_synth/xfft_inst/non_floating_point.arch_d.xfft_inst/pe_gen[0].natural_order_input.PE/FB_1.BF_1/MEM/blk_ram.use_bram_only.mem/depth_13_s6_depth_12.main_ram_loop[0].use_RAMB18.ram_2k_loop[0].SDP_RAMB18_9x2048/ADDRARDADDR[12]","1.436","0"
"clk500","0.283","2.000","cfo/observation_front/fft_core/v_reg[5]/C","cfo/observation_front/fft_core/tag_reg[6][row_b][2]/CE","1.613","1"
"clk500","0.283","2.000","cfo/observation_front/fft_core/v_reg[5]/C","cfo/observation_front/fft_core/tag_reg[6][row_b][4]/CE","1.613","1"
"clk500","0.283","2.000","cfo/observation_front/fft_core/v_reg[5]/C","cfo/observation_front/fft_core/tag_reg[6][row_b][8]/CE","1.613","1"
"clk500","0.283","2.000","sfo/residual_estimator/aux_service/u_xfft/U0/i_synth/xfft_inst/non_floating_point.arch_d.xfft_inst/pe_gen[0].natural_order_input.PE/has_addr_gen.bf2_addr_gen/cnt/cnt_addsub/i_baseblox.i_baseblox_addsub/no_pipelining.the_addsub/i_lut6.i_lut6_addsub/i_q.i_simple.qreg/i_no_async_controls.output_reg[4]/C","sfo/residual_estimator/aux_service/u_xfft/U0/i_synth/xfft_inst/non_floating_point.arch_d.xfft_inst/pe_gen[0].natural_order_input.PE/FB_1.BF_1/MEM/blk_ram.use_bram_only.mem/depth_13_s6_depth_12.main_ram_loop[1].use_RAMB18.ram_2k_loop[1].SDP_RAMB18_9x2048/ADDRBWRADDR[6]","1.407","0"
"clk500","0.283","2.000","sfo/residual_estimator/aux_service/u_xfft/U0/i_synth/axi_wrapper/gen_has_nfft.nfft_we_int_reg/C","sfo/residual_estimator/aux_service/u_xfft/U0/i_synth/xfft_inst/non_floating_point.arch_d.xfft_inst/has_bit_reverse.pe_natural_out_reg[10]/R","1.598","1"
"clk500","0.283","2.000","sfo/residual_estimator/aux_service/u_xfft/U0/i_synth/axi_wrapper/gen_has_nfft.nfft_we_int_reg/C","sfo/residual_estimator/aux_service/u_xfft/U0/i_synth/xfft_inst/non_floating_point.arch_d.xfft_inst/has_bit_reverse.pe_natural_out_reg[11]/R","1.598","1"
"clk500","0.284","2.000","sfo/residual_estimator/aux_service/u_xfft/U0/i_synth/xfft_inst/non_floating_point.arch_d.xfft_inst/timing_cnts_has_nfft.run_time_sel_reg[5]/C","sfo/residual_estimator/aux_service/u_xfft/U0/i_synth/xfft_inst/non_floating_point.arch_d.xfft_inst/pe_gen[5].natural_order_input.PE/bypass_muxes.din_im_mux_gen[14].reg/D","1.698","1"
"clk500","0.284","2.000","cfo/observation_front/fft_core/state_reg[1]/C","cfo/observation_front/fft_core/tag_reg[3][row_a][1]/CE","1.613","1"
"clk500","0.284","2.000","cfo/observation_front/fft_core/state_reg[1]/C","cfo/observation_front/fft_core/tag_reg[3][row_a][9]/CE","1.613","1"
"clk500","0.284","2.000","cfo/observation_front/fft_core/state_reg[1]/C","cfo/observation_front/fft_core/tag_reg[3][row_b][9]/CE","1.613","1"
"clk500","0.284","2.000","cfo/windows/poison_sync/syncstages_ff_reg[3]/C","cfo/windows/packed_tail_reg[123]/CE","1.613","4"
"clk500","0.284","2.000","cfo/windows/poison_sync/syncstages_ff_reg[3]/C","cfo/windows/packed_tail_reg[46]/CE","1.613","4"
"clk500","0.284","2.000","cfo/windows/poison_sync/syncstages_ff_reg[3]/C","cfo/windows/packed_tail_reg[62]/CE","1.613","4"
"clk500","0.284","2.000","cfo/windows/poison_sync/syncstages_ff_reg[3]/C","cfo/windows/packed_tail_reg[65]/CE","1.613","4"
"clk500","0.284","2.000","cfo/observation_front/fft_core/pi4_reg/DSP_OUTPUT_INST/CLK","cfo/observation_front/fft_core/pi5_reg[8]/D","1.667","5"
"clk500","0.284","2.000","sfo/residual_estimator/aux_service/u_xfft/U0/i_synth/axi_wrapper/gen_has_nfft.nfft_we_int_reg/C","sfo/residual_estimator/aux_service/u_xfft/U0/i_synth/xfft_inst/non_floating_point.arch_d.xfft_inst/has_bit_reverse.pe_natural_out_reg[12]/R","1.597","1"
"clk500","0.284","2.000","sfo/residual_estimator/aux_service/u_xfft/U0/i_synth/axi_wrapper/gen_has_nfft.nfft_we_int_reg/C","sfo/residual_estimator/aux_service/u_xfft/U0/i_synth/xfft_inst/non_floating_point.arch_d.xfft_inst/has_bit_reverse.pe_natural_out_reg[16]/R","1.597","1"
"clk500","0.284","2.000","sfo/residual_estimator/aux_service/u_xfft/U0/i_synth/xfft_inst/non_floating_point.arch_d.xfft_inst/timing_cnts_has_nfft.run_time_sel_reg[3]/C","sfo/residual_estimator/aux_service/u_xfft/U0/i_synth/xfft_inst/non_floating_point.arch_d.xfft_inst/pe_gen[3].natural_order_input.PE/addr_select.bf1_addr_mux_gen[5].reg/D","1.699","1"
"clk500","0.285","2.000","sfo/residual_estimator/front_stage/main/service/u_xfft/U0/i_synth/axi_wrapper/sclr_int_reg/C","sfo/residual_estimator/front_stage/main/service/u_xfft/U0/i_synth/xfft_inst/non_floating_point.arch_d.xfft_inst/has_bit_reverse.fixed_pt_size_muxed_addresses.read_addr_fixed_nfft_delay/need_sclr_lut.depth1_shift_ram.FF_gen[5].reg/D","1.697","1"
"clk500","0.285","2.000","cfo/observation_front/fft_core/bank0_reg_bram_1/CLKBWRCLK","cfo/observation_front/fft_core/ri3_reg/DSP_A_B_DATA_INST/A[28]","1.357","1"
"clk500","0.285","2.000","cfo/windows/poison_sync/syncstages_ff_reg[3]/C","cfo/windows/packed_count_reg[1]/R","1.598","1"
"clk500","0.285","2.000","sfo/residual_estimator/aux_service/u_xfft/U0/i_synth/xfft_inst/non_floating_point.arch_d.xfft_inst/has_bit_reverse.no_cp.muxed_reorder_write_addr_del_reg[8]/C","sfo/residual_estimator/aux_service/u_xfft/U0/i_synth/xfft_inst/non_floating_point.arch_d.xfft_inst/has_bit_reverse.dig_rev_mem/blk_ram.use_bram_only.mem/depth_14.main_ram_loop[0].use_RAMB18.ram_2k_loop[3].SDP_RAMB18_9x2048/ADDRARDADDR[11]","1.414","0"
"clk500","0.285","2.000","sfo/residual_estimator/aux_service/u_xfft/U0/i_synth/xfft_inst/non_floating_point.arch_d.xfft_inst/has_bit_reverse.natural_order_address_muxing.muxed_reorder_read_addr_reg[4]/C","sfo/residual_estimator/aux_service/u_xfft/U0/i_synth/xfft_inst/non_floating_point.arch_d.xfft_inst/has_bit_reverse.dig_rev_mem/blk_ram.use_bram_only.mem/depth_14.need_extra_rams.extra_ram_loop[3].use_RAMB18.SDP_RAMB18_1x16384/ADDRBWRADDR[4]","1.330","0"
"clk500","0.286","2.000","cfo/windows/poison_sync/syncstages_ff_reg[3]/C","cfo/windows/packed_tail_reg[104]/CE","1.611","4"
"clk500","0.286","2.000","cfo/windows/poison_sync/syncstages_ff_reg[3]/C","cfo/windows/packed_tail_reg[27]/CE","1.611","4"
"clk500","0.286","2.000","cfo/windows/poison_sync/syncstages_ff_reg[3]/C","cfo/windows/packed_tail_reg[47]/CE","1.611","4"
"clk500","0.286","2.000","cfo/windows/poison_sync/syncstages_ff_reg[3]/C","cfo/windows/packed_tail_reg[64]/CE","1.611","4"
"clk500","0.286","2.000","sfo/residual_estimator/aux_service/u_xfft/U0/i_synth/axi_wrapper/gen_has_nfft.nfft_we_int_reg/C","sfo/residual_estimator/aux_service/u_xfft/U0/i_synth/xfft_inst/non_floating_point.arch_d.xfft_inst/FLOW/proc0_counter/cnt_addsub/i_baseblox.i_baseblox_addsub/no_pipelining.the_addsub/i_lut6.i_lut6_addsub/i_q.i_simple.qreg/i_no_async_controls.output_reg[10]/R","1.595","1"
"clk500","0.286","2.000","sfo/residual_estimator/aux_service/u_xfft/U0/i_synth/axi_wrapper/gen_has_nfft.nfft_we_int_reg/C","sfo/residual_estimator/aux_service/u_xfft/U0/i_synth/xfft_inst/non_floating_point.arch_d.xfft_inst/FLOW/proc0_counter/cnt_addsub/i_baseblox.i_baseblox_addsub/no_pipelining.the_addsub/i_lut6.i_lut6_addsub/i_q.i_simple.qreg/i_no_async_controls.output_reg[11]/R","1.595","1"
"clk500","0.286","2.000","sfo/residual_estimator/aux_service/u_xfft/U0/i_synth/axi_wrapper/gen_has_nfft.nfft_we_int_reg/C","sfo/residual_estimator/aux_service/u_xfft/U0/i_synth/xfft_inst/non_floating_point.arch_d.xfft_inst/FLOW/proc0_counter/cnt_addsub/i_baseblox.i_baseblox_addsub/no_pipelining.the_addsub/i_lut6.i_lut6_addsub/i_q.i_simple.qreg/i_no_async_controls.output_reg[8]/R","1.595","1"
"clk500","0.286","2.000","sfo/residual_estimator/aux_service/u_xfft/U0/i_synth/axi_wrapper/gen_has_nfft.nfft_we_int_reg/C","sfo/residual_estimator/aux_service/u_xfft/U0/i_synth/xfft_inst/non_floating_point.arch_d.xfft_inst/FLOW/proc0_counter/cnt_addsub/i_baseblox.i_baseblox_addsub/no_pipelining.the_addsub/i_lut6.i_lut6_addsub/i_q.i_simple.qreg/i_no_async_controls.output_reg[9]/R","1.595","1"
"clk500","0.286","2.000","sfo/residual_estimator/front_stage/main/service/u_xfft/U0/i_synth/axi_wrapper/sclr_int_reg/C","sfo/residual_estimator/front_stage/main/service/u_xfft/U0/i_synth/xfft_inst/non_floating_point.arch_d.xfft_inst/FLOW/reset_sustain.resets_4_pes[3].delay_reset_pe/count_addsub_reg[0].addsub_reg/R","1.598","0"
"clk500","0.286","2.000","sfo/residual_estimator/front_stage/main/service/u_xfft/U0/i_synth/axi_wrapper/sclr_int_reg/C","sfo/residual_estimator/front_stage/main/service/u_xfft/U0/i_synth/xfft_inst/non_floating_point.arch_d.xfft_inst/FLOW/reset_sustain.resets_4_pes[3].delay_reset_pe/count_addsub_reg[1].addsub_reg/R","1.598","0"
"clk500","0.286","2.000","sfo/residual_estimator/front_stage/main/service/u_xfft/U0/i_synth/axi_wrapper/sclr_int_reg/C","sfo/residual_estimator/front_stage/main/service/u_xfft/U0/i_synth/xfft_inst/non_floating_point.arch_d.xfft_inst/FLOW/reset_sustain.resets_4_pes[3].delay_reset_pe/count_addsub_reg[2].addsub_reg/R","1.598","0"
"clk500","0.286","2.000","sfo/residual_estimator/front_stage/main/service/u_xfft/U0/i_synth/axi_wrapper/sclr_int_reg/C","sfo/residual_estimator/front_stage/main/service/u_xfft/U0/i_synth/xfft_inst/non_floating_point.arch_d.xfft_inst/FLOW/reset_sustain.resets_4_pes[3].delay_reset_pe/count_addsub_reg[3].addsub_reg/R","1.598","0"
"clk500","0.287","2.000","sfo/residual_estimator/aux_service/u_xfft/U0/i_synth/xfft_inst/non_floating_point.arch_d.xfft_inst/has_bit_reverse.no_cp.muxed_reorder_write_addr_del_reg[9]/C","sfo/residual_estimator/aux_service/u_xfft/U0/i_synth/xfft_inst/non_floating_point.arch_d.xfft_inst/has_bit_reverse.dig_rev_mem/blk_ram.use_bram_only.mem/depth_14.main_ram_loop[1].use_RAMB18.ram_2k_loop[7].SDP_RAMB18_9x2048/ADDRARDADDR[12]","1.434","0"
"clk500","0.287","2.000","cfo/observation_front/pi4_reg/DSP_OUTPUT_INST/CLK","cfo/observation_front/h_q5_reg[7]/D","1.663","4"
"clk500","0.287","2.000","sfo/residual_estimator/front_stage/main/service/u_xfft/U0/i_synth/axi_wrapper/sclr_int_reg/C","sfo/residual_estimator/front_stage/main/service/u_xfft/U0/i_synth/xfft_inst/non_floating_point.arch_d.xfft_inst/has_bit_reverse.fixed_pt_size_muxed_addresses.read_addr_fixed_nfft_delay/need_sclr_lut.depth1_shift_ram.FF_gen[6].reg/D","1.695","1"
"clk500","0.287","2.000","cfo/observation_front/fft_core/v_reg[3]/C","cfo/observation_front/fft_core/ar4_reg[22]/CE","1.608","0"
"clk500","0.287","2.000","cfo/observation_front/fft_core/v_reg[3]/C","cfo/observation_front/fft_core/ar4_reg[23]/CE","1.608","0"
"clk500","0.287","2.000","cfo/windows/complete_windows/fifo/gnuram_async_fifo.xpm_fifo_base_inst/gen_sdpram.xpm_memory_base_inst/gen_wr_a.gen_word_narrow.mem_reg/CLKARDCLK","cfo/windows/fast_header_reg[40]/D","1.648","0"
"clk500","0.287","2.000","cfo/windows/packed_windows/fifo/gnuram_async_fifo.xpm_fifo_base_inst/gen_sdpram.xpm_memory_base_inst/gen_wr_a.gen_word_narrow.mem_reg_bram_13/CLKBWRCLK","cfo/windows/packed_tail_reg[112]/D","1.648","0"
"clk500","0.287","2.000","sfo/residual_estimator/aux_service/u_xfft/U0/i_synth/axi_wrapper/gen_has_nfft.nfft_we_int_reg/C","sfo/residual_estimator/aux_service/u_xfft/U0/i_synth/xfft_inst/non_floating_point.arch_d.xfft_inst/FLOW/proc0_counter/cnt_addsub/i_baseblox.i_baseblox_addsub/no_pipelining.the_addsub/i_lut6.i_lut6_addsub/i_q.i_simple.qreg/i_no_async_controls.output_reg[12]/R","1.594","1"
"clk500","0.287","2.000","sfo/residual_estimator/aux_service/u_xfft/U0/i_synth/axi_wrapper/gen_has_nfft.nfft_we_int_reg/C","sfo/residual_estimator/aux_service/u_xfft/U0/i_synth/xfft_inst/non_floating_point.arch_d.xfft_inst/FLOW/proc0_counter/cnt_addsub/i_baseblox.i_baseblox_addsub/no_pipelining.the_addsub/i_lut6.i_lut6_addsub/i_q.i_simple.qreg/i_no_async_controls.output_reg[13]/R","1.594","1"
"clk500","0.287","2.000","sfo/residual_estimator/aux_service/u_xfft/U0/i_synth/axi_wrapper/gen_has_nfft.nfft_we_int_reg/C","sfo/residual_estimator/aux_service/u_xfft/U0/i_synth/xfft_inst/non_floating_point.arch_d.xfft_inst/FLOW/proc0_counter/cnt_addsub/i_baseblox.i_baseblox_addsub/no_pipelining.the_addsub/i_lut6.i_lut6_addsub/i_q.i_simple.qreg/i_no_async_controls.output_reg[14]/R","1.594","1"
"clk500","0.287","2.000","sfo/residual_estimator/aux_service/u_xfft/U0/i_synth/xfft_inst/non_floating_point.arch_d.xfft_inst/timing_cnts_has_nfft.run_time_sel_reg[5]/C","sfo/residual_estimator/aux_service/u_xfft/U0/i_synth/xfft_inst/non_floating_point.arch_d.xfft_inst/pe_gen[5].natural_order_input.PE/bypass_muxes.din_re_mux_gen[5].reg/D","1.696","1"
"clk500","0.288","2.000","sfo/residual_estimator/aux_service/u_xfft/U0/i_synth/xfft_inst/non_floating_point.arch_d.xfft_inst/timing_cnts_has_nfft.run_time_sel_reg[5]/C","sfo/residual_estimator/aux_service/u_xfft/U0/i_synth/xfft_inst/non_floating_point.arch_d.xfft_inst/pe_gen[5].natural_order_input.PE/bypass_muxes.din_re_mux_gen[8].reg/D","1.694","1"
"clk500","0.288","2.000","cfo/observation_front/pr4_reg/DSP_OUTPUT_INST/CLK","cfo/observation_front/h_i5_reg[24]/D","1.662","7"
"clk500","0.288","2.000","cfo/windows/poison_sync/syncstages_ff_reg[3]/C","cfo/windows/sample_index_reg[5]/D","1.695","4"
"clk500","0.289","2.000","sfo/residual_estimator/aux_service/u_xfft/U0/i_synth/xfft_inst/non_floating_point.arch_d.xfft_inst/input_delay_re/no_sclr_lut.real_shift_ram.use_baseblock.use_hlutnm_srls.srl_loop[1].i_fdre1/C","sfo/residual_estimator/aux_service/u_xfft/U0/i_synth/xfft_inst/non_floating_point.arch_d.xfft_inst/pe_gen[3].natural_order_input.PE/bypass_muxes.din_re_mux_gen[3].reg/D","1.691","1"
"clk500","0.289","2.000","cfo/observation_front/pi4_reg/DSP_OUTPUT_INST/CLK","cfo/observation_front/h_q5_reg[5]/D","1.661","4"
"clk500","0.289","2.000","cfo/windows/packed_windows/fifo/gnuram_async_fifo.xpm_fifo_base_inst/gen_sdpram.xpm_memory_base_inst/gen_wr_a.gen_word_narrow.mem_reg_bram_11/CLKBWRCLK","cfo/windows/packed_tail_reg[106]/D","1.645","0"
"clk500","0.289","2.000","sfo/residual_estimator/aux_service/u_xfft/U0/i_synth/xfft_inst/non_floating_point.arch_d.xfft_inst/timing_cnts_has_nfft.run_time_sel_reg[5]/C","sfo/residual_estimator/aux_service/u_xfft/U0/i_synth/xfft_inst/non_floating_point.arch_d.xfft_inst/pe_gen[4].natural_order_input.PE/bypass_muxes.din_re_mux_gen[5].reg/D","1.694","1"
"clk500","0.289","2.000","cfo/windows/packed_windows/fifo/gnuram_async_fifo.xpm_fifo_base_inst/rdp_inst/count_value_i_reg[8]/C","cfo/windows/packed_windows/fifo/gnuram_async_fifo.xpm_fifo_base_inst/gen_cdc_pntr.rd_pntr_cdc_dc_inst/src_gray_ff_reg[8]/D","1.692","3"
"clk500","0.289","2.000","sfo/residual_estimator/aux_service/u_xfft/U0/i_synth/xfft_inst/non_floating_point.arch_d.xfft_inst/pe_gen[0].natural_order_input.PE/has_addr_gen.bf2_addr_gen/cnt/cnt_addsub/i_baseblox.i_baseblox_addsub/no_pipelining.the_addsub/i_lut6.i_lut6_addsub/i_q.i_simple.qreg/i_no_async_controls.output_reg[8]/C","sfo/residual_estimator/aux_service/u_xfft/U0/i_synth/xfft_inst/non_floating_point.arch_d.xfft_inst/pe_gen[0].natural_order_input.PE/FB_1.BF_1/MEM/blk_ram.use_bram_only.mem/depth_13_s6_depth_12.main_ram_loop[1].use_RAMB18.ram_2k_loop[2].SDP_RAMB18_9x2048/ADDRBWRADDR[10]","1.383","0"
"clk500","0.289","2.000","sfo/residual_estimator/front_stage/main/service/u_xfft/U0/i_synth/axi_wrapper/sclr_int_reg/C","sfo/residual_estimator/front_stage/main/service/u_xfft/U0/i_synth/xfft_inst/non_floating_point.arch_d.xfft_inst/FLOW/reset_sustain.resets_4_pes[3].delay_reset_pe/count_addsub_reg[4].addsub_reg/R","1.595","0"
"clk500","0.289","2.000","sfo/residual_estimator/front_stage/main/service/u_xfft/U0/i_synth/axi_wrapper/sclr_int_reg/C","sfo/residual_estimator/front_stage/main/service/u_xfft/U0/i_synth/xfft_inst/non_floating_point.arch_d.xfft_inst/FLOW/reset_sustain.resets_4_pes[3].delay_reset_pe/count_addsub_reg[5].addsub_reg/R","1.595","0"
"clk500","0.289","2.000","sfo/residual_estimator/front_stage/main/service/u_xfft/U0/i_synth/xfft_inst/non_floating_point.arch_d.xfft_inst/pe_gen[0].natural_order_input.PE/has_TW_mult.TW/MUX0/four_inputs.use_lut6.no_lut_sclr.four_to_one_mux[0].latency1.reg/C","sfo/residual_estimator/front_stage/main/service/u_xfft/U0/i_synth/xfft_inst/non_floating_point.arch_d.xfft_inst/pe_gen[0].natural_order_input.PE/has_TW_mult.TW/twiddle_generator/tw1.twgen1/sin_addr_2s_comp/use_output_reg.D_OUT_reg[2]/D","1.694","1"
"clk500","0.290","2.000","sfo/residual_estimator/aux_service/u_xfft/U0/i_synth/xfft_inst/non_floating_point.arch_d.xfft_inst/timing_cnts_has_nfft.run_time_sel_reg[5]/C","sfo/residual_estimator/aux_service/u_xfft/U0/i_synth/xfft_inst/non_floating_point.arch_d.xfft_inst/pe_gen[5].natural_order_input.PE/bypass_muxes.din_im_mux_gen[8].reg/D","1.693","1"
"clk500","0.290","2.000","cfo/observation_front/fft_core/bank0_reg_bram_0/CLKBWRCLK","cfo/observation_front/fft_core/ri3_reg/DSP_A_B_DATA_INST/A[1]","1.374","1"
"clk500","0.290","2.000","sfo/residual_estimator/aux_service/reset_sync500/syncstages_ff_reg[3]/C","sfo/residual_estimator/aux_service/u_xfft/U0/i_synth/axi_wrapper/config_channel_fifo/gen_real_time.data_out_reg[0]/CE","1.605","2"
"clk500","0.290","2.000","sfo/residual_estimator/aux_service/reset_sync500/syncstages_ff_reg[3]/C","sfo/residual_estimator/aux_service/u_xfft/U0/i_synth/axi_wrapper/config_channel_fifo/gen_real_time.data_out_reg[3]/CE","1.605","2"
"clk500","0.290","2.000","sfo/residual_estimator/aux_service/u_xfft/U0/i_synth/axi_wrapper/gen_has_nfft.nfft_we_int_reg/C","sfo/residual_estimator/aux_service/u_xfft/U0/i_synth/xfft_inst/non_floating_point.arch_d.xfft_inst/has_bit_reverse.var_pt_size_muxed_addresses.left_shifter/r14.shifter/use_mux16.use_lut6.sixteen_to_one_mux[2].use_output_reg_and_pipe_reg.reg0/R","1.591","1"
"clk500","0.290","2.000","sfo/residual_estimator/aux_service/u_xfft/U0/i_synth/xfft_inst/non_floating_point.arch_d.xfft_inst/pe_gen[0].natural_order_input.PE/has_addr_gen.bf2_addr_gen/cnt/cnt_addsub/i_baseblox.i_baseblox_addsub/no_pipelining.the_addsub/i_lut6.i_lut6_addsub/i_q.i_simple.qreg/i_no_async_controls.output_reg[6]/C","sfo/residual_estimator/aux_service/u_xfft/U0/i_synth/xfft_inst/non_floating_point.arch_d.xfft_inst/pe_gen[0].natural_order_input.PE/FB_1.BF_1/MEM/blk_ram.use_bram_only.mem/depth_13_s6_depth_12.main_ram_loop[1].use_RAMB18.ram_2k_loop[1].SDP_RAMB18_9x2048/ADDRBWRADDR[8]","1.380","0"
"clk500","0.291","2.000","cfo/observation_front/coefficient_row_reg[1]/C","cfo/observation_front/coefficient_page0_data_reg_0_0/ADDRARDADDR[1]","1.350","0"
"clk500","0.291","2.000","cfo/observation_front/fft_core/state_reg[1]/C","cfo/observation_front/fft_core/tag_reg[0][bf][3]/CE","1.607","1"
"clk500","0.291","2.000","cfo/observation_front/fft_core/state_reg[1]/C","cfo/observation_front/fft_core/tag_reg[0][bf][5]/CE","1.607","1"
"clk500","0.291","2.000","cfo/observation_front/fft_core/state_reg[1]/C","cfo/observation_front/fft_core/tag_reg[0][bf][7]/CE","1.607","1"
"clk500","0.291","2.000","cfo/observation_front/fft_core/state_reg[1]/C","cfo/observation_front/fft_core/tag_reg[0][bf][8]/CE","1.607","1"
"clk500","0.291","2.000","cfo/windows/poison_sync/syncstages_ff_reg[3]/C","cfo/windows/sample_index_reg[3]/D","1.692","4"
"clk500","0.291","2.000","sfo/residual_estimator/front_stage/main/service/u_xfft/U0/i_synth/xfft_inst/non_floating_point.arch_d.xfft_inst/has_bit_reverse.dig_rev_mem/blk_ram.use_bram_only.mem/depth_11.ram_loop[0].use_RAMB18.SDP_RAMB18_9x2048/CLKBWRCLK","sfo/residual_estimator/front_stage/main/service/u_xfft/U0/i_synth/xfft_inst/non_floating_point.arch_d.xfft_inst/has_bit_reverse.pe_natural_out_reg[5]/D","1.644","0"
"clk500","0.291","2.000","cfo/observation_front/fft_core/v_reg[3]/C","cfo/observation_front/fft_core/ar4_reg[24]/CE","1.605","0"
"clk500","0.291","2.000","sfo/residual_estimator/aux_service/u_xfft/U0/i_synth/xfft_inst/non_floating_point.arch_d.xfft_inst/FLOW/load_enable_reg/C","sfo/residual_estimator/aux_service/u_xfft/U0/i_synth/axi_wrapper/blk_event_tlast_unexpected.events_to_transfer_reg[1]/D","1.692","1"
"clk500","0.291","2.000","sfo/residual_estimator/aux_service/u_xfft/U0/i_synth/xfft_inst/non_floating_point.arch_d.xfft_inst/pe_gen[0].natural_order_input.PE/delay_addr_tw/no_sclr_lut.real_shift_ram.use_baseblock.use_hlutnm_srls.srl_loop[2].i_fdre1/C","sfo/residual_estimator/aux_service/u_xfft/U0/i_synth/xfft_inst/non_floating_point.arch_d.xfft_inst/pe_gen[0].natural_order_input.PE/hasbf2.FB_2.BF_2/MEM/blk_ram.use_bram_only.mem/depth_12_s6_depth_11.main_ram_loop[1].use_RAMB18.ram_2k_loop[0].SDP_RAMB18_9x2048/ADDRBWRADDR[8]","1.399","0"
"clk500","0.292","2.000","sfo/residual_estimator/aux_service/u_xfft/U0/i_synth/xfft_inst/non_floating_point.arch_d.xfft_inst/has_bit_reverse.no_cp.muxed_reorder_write_addr_del_reg[12]/C","sfo/residual_estimator/aux_service/u_xfft/U0/i_synth/xfft_inst/non_floating_point.arch_d.xfft_inst/has_bit_reverse.dig_rev_mem/blk_ram.use_bram_only.mem/depth_14.main_ram_loop[1].use_RAMB18.ram_2k_loop[7].SDP_RAMB18_9x2048/WEA[0]","1.289","1"
"clk500","0.292","2.000","sfo/residual_estimator/aux_service/u_xfft/U0/i_synth/xfft_inst/non_floating_point.arch_d.xfft_inst/pe_gen[1].natural_order_input.PE/FB_1.BF_1/yes_nfft.bypass_reg/no_sclr_lut.real_shift_ram.use_baseblock.not_use_hlutnm_srls.i_shift_ram/i_bb_inst/f0.srl_sig_reg[1][0]/C","sfo/residual_estimator/aux_service/u_xfft/U0/i_synth/xfft_inst/non_floating_point.arch_d.xfft_inst/pe_gen[1].natural_order_input.PE/FB_1.BF_1/BTFLY0/logic_bfly_byp.add_r/adder/i_baseblox.i_baseblox_addsub/no_pipelining.the_addsub/i_lut6.i_lut6_addsub/i_q.i_simple.qreg/i_no_async_controls.output_reg[15]/D","1.688","3"
"clk500","0.293","2.000","cfo/windows/complete_windows/fifo/gnuram_async_fifo.xpm_fifo_base_inst/gen_fwft.gdvld_fwft.data_valid_fwft_reg/C","cfo/windows/fast_header_reg[2]/CE","1.603","2"
"clk500","0.293","2.000","cfo/windows/complete_windows/fifo/gnuram_async_fifo.xpm_fifo_base_inst/gen_fwft.gdvld_fwft.data_valid_fwft_reg/C","cfo/windows/fast_header_reg[68]/CE","1.603","2"
"clk500","0.293","2.000","cfo/windows/complete_windows/fifo/gnuram_async_fifo.xpm_fifo_base_inst/gen_fwft.gdvld_fwft.data_valid_fwft_reg/C","cfo/windows/fast_header_reg[69]/CE","1.602","2"
"clk500","0.293","2.000","sfo/residual_estimator/aux_service/u_xfft/U0/i_synth/xfft_inst/non_floating_point.arch_d.xfft_inst/has_bit_reverse.no_cp.muxed_reorder_write_addr_del_reg[2]/C","sfo/residual_estimator/aux_service/u_xfft/U0/i_synth/xfft_inst/non_floating_point.arch_d.xfft_inst/has_bit_reverse.dig_rev_mem/blk_ram.use_bram_only.mem/depth_14.need_extra_rams.extra_ram_loop[2].use_RAMB18.SDP_RAMB18_1x16384/ADDRARDADDR[2]","1.344","0"
"clk500","0.293","2.000","sfo/residual_estimator/aux_service/u_xfft/U0/i_synth/xfft_inst/non_floating_point.arch_d.xfft_inst/pe0_bf1_addr_gen/no_sclr_lut.real_shift_ram.use_baseblock.use_hlutnm_srls.srl_loop[2].i_fdre0/C","sfo/residual_estimator/aux_service/u_xfft/U0/i_synth/xfft_inst/non_floating_point.arch_d.xfft_inst/pe_gen[0].natural_order_input.PE/FB_1.BF_1/wr_addr_del/no_sclr_lut.real_shift_ram.use_baseblock.use_hlutnm_srls.srl_loop[2].i_srl16e0/D","1.625","1"
"clk500","0.293","2.000","sfo/residual_estimator/aux_service/u_xfft/U0/i_synth/xfft_inst/non_floating_point.arch_d.xfft_inst/input_delay_re/no_sclr_lut.real_shift_ram.use_baseblock.use_hlutnm_srls.srl_loop[5].i_fdre0/C","sfo/residual_estimator/aux_service/u_xfft/U0/i_synth/xfft_inst/non_floating_point.arch_d.xfft_inst/pe_gen[3].natural_order_input.PE/bypass_muxes.din_re_mux_gen[10].reg/D","1.687","1"
"clk500","0.293","2.000","cfo/observation_front/fft_core/bank0_reg_bram_0/CLKBWRCLK","cfo/observation_front/fft_core/pi4_reg/DSP_A_B_DATA_INST/A[11]","1.378","1"
"clk500","0.293","2.000","cfo/windows/packed_windows/fifo/gnuram_async_fifo.xpm_fifo_base_inst/gen_sdpram.xpm_memory_base_inst/gen_wr_a.gen_word_narrow.mem_reg_bram_8/CLKBWRCLK","cfo/windows/packed_windows/fifo/gnuram_async_fifo.xpm_fifo_base_inst/gen_sdpram.xpm_memory_base_inst/gen_wr_a.gen_word_narrow.mem_reg_bram_11/CASDINB[3]","1.567","2"
"clk500","0.293","2.000","cfo/windows/packed_windows/fifo/gnuram_async_fifo.xpm_fifo_base_inst/gen_sdpram.xpm_memory_base_inst/gen_wr_a.gen_word_narrow.mem_reg_bram_0/CLKBWRCLK","cfo/windows/packed_windows/fifo/gnuram_async_fifo.xpm_fifo_base_inst/gen_sdpram.xpm_memory_base_inst/gen_wr_a.gen_word_narrow.mem_reg_bram_3/CASDINB[3]","1.567","2"
"clk500","0.293","2.000","cfo/windows/packed_windows/fifo/gnuram_async_fifo.xpm_fifo_base_inst/gen_sdpram.xpm_memory_base_inst/gen_wr_a.gen_word_narrow.mem_reg_bram_4/CLKBWRCLK","cfo/windows/packed_windows/fifo/gnuram_async_fifo.xpm_fifo_base_inst/gen_sdpram.xpm_memory_base_inst/gen_wr_a.gen_word_narrow.mem_reg_bram_7/CASDINB[3]","1.567","2"
"clk500","0.293","2.000","sfo/residual_estimator/front_stage/main/service/u_xfft/U0/i_synth/axi_wrapper/sclr_int_reg/C","sfo/residual_estimator/front_stage/main/service/u_xfft/U0/i_synth/xfft_inst/non_floating_point.arch_d.xfft_inst/has_bit_reverse.no_cyclic_prefix_xk_counter.DOUT_CNT_CTRL_1/cnt/cnt_addsub/i_baseblox.i_baseblox_addsub/no_pipelining.the_addsub/i_lut6.i_lut6_addsub/i_q.i_simple.qreg/i_no_async_controls.output_reg[1]/R","1.590","0"
"clk500","0.293","2.000","sfo/residual_estimator/front_stage/main/service/u_xfft/U0/i_synth/axi_wrapper/sclr_int_reg/C","sfo/residual_estimator/front_stage/main/service/u_xfft/U0/i_synth/xfft_inst/non_floating_point.arch_d.xfft_inst/has_bit_reverse.no_cyclic_prefix_xk_counter.DOUT_CNT_CTRL_1/cnt/cnt_addsub/i_baseblox.i_baseblox_addsub/no_pipelining.the_addsub/i_lut6.i_lut6_addsub/i_q.i_simple.qreg/i_no_async_controls.output_reg[2]/R","1.590","0"
"clk500","0.293","2.000","sfo/residual_estimator/front_stage/main/service/u_xfft/U0/i_synth/axi_wrapper/sclr_int_reg/C","sfo/residual_estimator/front_stage/main/service/u_xfft/U0/i_synth/xfft_inst/non_floating_point.arch_d.xfft_inst/has_bit_reverse.no_cyclic_prefix_xk_counter.DOUT_CNT_CTRL_1/cnt/cnt_addsub/i_baseblox.i_baseblox_addsub/no_pipelining.the_addsub/i_lut6.i_lut6_addsub/i_q.i_simple.qreg/i_no_async_controls.output_reg[3]/R","1.590","0"
"clk500","0.293","2.000","cfo/windows/packed_windows/fifo/gnuram_async_fifo.xpm_fifo_base_inst/gen_sdpram.xpm_memory_base_inst/gen_wr_a.gen_word_narrow.mem_reg_bram_8/CLKBWRCLK","cfo/windows/packed_windows/fifo/gnuram_async_fifo.xpm_fifo_base_inst/gen_sdpram.xpm_memory_base_inst/gen_wr_a.gen_word_narrow.mem_reg_bram_11/CASDINPB[1]","1.567","2"
"clk500","0.293","2.000","cfo/windows/packed_windows/fifo/gnuram_async_fifo.xpm_fifo_base_inst/gen_sdpram.xpm_memory_base_inst/gen_wr_a.gen_word_narrow.mem_reg_bram_0/CLKBWRCLK","cfo/windows/packed_windows/fifo/gnuram_async_fifo.xpm_fifo_base_inst/gen_sdpram.xpm_memory_base_inst/gen_wr_a.gen_word_narrow.mem_reg_bram_3/CASDINPB[1]","1.567","2"
"clk500","0.293","2.000","cfo/windows/packed_windows/fifo/gnuram_async_fifo.xpm_fifo_base_inst/gen_sdpram.xpm_memory_base_inst/gen_wr_a.gen_word_narrow.mem_reg_bram_4/CLKBWRCLK","cfo/windows/packed_windows/fifo/gnuram_async_fifo.xpm_fifo_base_inst/gen_sdpram.xpm_memory_base_inst/gen_wr_a.gen_word_narrow.mem_reg_bram_7/CASDINPB[1]","1.567","2"
"clk500","0.293","2.000","sfo/residual_estimator/aux_service/u_xfft/U0/i_synth/xfft_inst/non_floating_point.arch_d.xfft_inst/pe_gen[0].natural_order_input.PE/FB_1.BF_1/wr_addr_del/no_sclr_lut.real_shift_ram.use_baseblock.use_hlutnm_srls.srl_loop[1].i_fdre0/C","sfo/residual_estimator/aux_service/u_xfft/U0/i_synth/xfft_inst/non_floating_point.arch_d.xfft_inst/pe_gen[0].natural_order_input.PE/FB_1.BF_1/MEM/blk_ram.use_bram_only.mem/depth_13_s6_depth_12.main_ram_loop[1].use_RAMB18.ram_2k_loop[2].SDP_RAMB18_9x2048/ADDRARDADDR[5]","1.398","0"
"clk500","0.293","2.000","sfo/residual_estimator/aux_service/u_xfft/U0/i_synth/xfft_inst/non_floating_point.arch_d.xfft_inst/timing_cnts_has_nfft.duplicate_regs[3].other.nfft_regs[0].nfft_regs_fde/C","sfo/residual_estimator/aux_service/u_xfft/U0/i_synth/xfft_inst/non_floating_point.arch_d.xfft_inst/pe_gen[3].natural_order_input.PE/hasbf2.FB_2.BF_2/MEM/dist_ram.srlram.ram/var_length.shift_ram/i_bb_inst/gen_output_regs.output_regs/i_no_async_controls.output_reg[16]/D","1.689","2"
"clk500","0.294","2.000","sfo/residual_estimator/aux_service/u_xfft/U0/i_synth/xfft_inst/non_floating_point.arch_d.xfft_inst/timing_cnts_has_nfft.run_time_sel_reg[5]/C","sfo/residual_estimator/aux_service/u_xfft/U0/i_synth/xfft_inst/non_floating_point.arch_d.xfft_inst/pe_gen[5].natural_order_input.PE/bypass_muxes.din_re_mux_gen[15].reg/D","1.688","1"
"clk500","0.294","2.000","sfo/residual_estimator/front_stage/main/service/u_xfft/U0/i_synth/axi_wrapper/sclr_int_reg/C","sfo/residual_estimator/front_stage/main/service/u_xfft/U0/i_synth/xfft_inst/non_floating_point.arch_d.xfft_inst/has_bit_reverse.no_cyclic_prefix_xk_counter.DOUT_CNT_CTRL_1/cnt/cnt_addsub/i_baseblox.i_baseblox_addsub/no_pipelining.the_addsub/i_lut6.i_lut6_addsub/i_q.i_simple.qreg/i_no_async_controls.output_reg[4]/R","1.589","0"
"clk500","0.294","2.000","sfo/residual_estimator/front_stage/main/service/u_xfft/U0/i_synth/axi_wrapper/sclr_int_reg/C","sfo/residual_estimator/front_stage/main/service/u_xfft/U0/i_synth/xfft_inst/non_floating_point.arch_d.xfft_inst/has_bit_reverse.no_cyclic_prefix_xk_counter.DOUT_CNT_CTRL_1/cnt/cnt_addsub/i_baseblox.i_baseblox_addsub/no_pipelining.the_addsub/i_lut6.i_lut6_addsub/i_q.i_simple.qreg/i_no_async_controls.output_reg[5]/R","1.589","0"
"clk500","0.294","2.000","sfo/residual_estimator/front_stage/main/service/u_xfft/U0/i_synth/axi_wrapper/sclr_int_reg/C","sfo/residual_estimator/front_stage/main/service/u_xfft/U0/i_synth/xfft_inst/non_floating_point.arch_d.xfft_inst/has_bit_reverse.no_cyclic_prefix_xk_counter.DOUT_CNT_CTRL_1/cnt/cnt_addsub/i_baseblox.i_baseblox_addsub/no_pipelining.the_addsub/i_lut6.i_lut6_addsub/i_q.i_simple.qreg/i_no_async_controls.output_reg[6]/R","1.589","0"
"clk500","0.294","2.000","sfo/residual_estimator/front_stage/main/service/u_xfft/U0/i_synth/axi_wrapper/sclr_int_reg/C","sfo/residual_estimator/front_stage/main/service/u_xfft/U0/i_synth/xfft_inst/non_floating_point.arch_d.xfft_inst/has_bit_reverse.no_cyclic_prefix_xk_counter.DOUT_CNT_CTRL_1/cnt/cnt_addsub/i_baseblox.i_baseblox_addsub/no_pipelining.the_addsub/i_lut6.i_lut6_addsub/i_q.i_simple.qreg/i_no_async_controls.output_reg[7]/R","1.589","0"
"clk500","0.294","2.000","cfo/observation_front/fft_core/bank1_reg_bram_1/CLKBWRCLK","cfo/observation_front/fft_core/rr3_reg/DSP_A_B_DATA_INST/A[11]","1.377","1"
"clk500","0.294","2.000","cfo/observation_front/fft_core/bank0_reg_bram_1/CLKBWRCLK","cfo/observation_front/fft_core/ri3_reg/DSP_A_B_DATA_INST/A[17]","1.371","1"
"clk500","0.294","2.000","cfo/windows/packed_windows/fifo/gnuram_async_fifo.xpm_fifo_base_inst/gen_sdpram.xpm_memory_base_inst/gen_wr_a.gen_word_narrow.mem_reg_bram_8/CLKBWRCLK","cfo/windows/packed_windows/fifo/gnuram_async_fifo.xpm_fifo_base_inst/gen_sdpram.xpm_memory_base_inst/gen_wr_a.gen_word_narrow.mem_reg_bram_11/CASDINB[6]","1.566","2"
"clk500","0.294","2.000","cfo/windows/packed_windows/fifo/gnuram_async_fifo.xpm_fifo_base_inst/gen_sdpram.xpm_memory_base_inst/gen_wr_a.gen_word_narrow.mem_reg_bram_0/CLKBWRCLK","cfo/windows/packed_windows/fifo/gnuram_async_fifo.xpm_fifo_base_inst/gen_sdpram.xpm_memory_base_inst/gen_wr_a.gen_word_narrow.mem_reg_bram_3/CASDINB[6]","1.566","2"
"clk500","0.294","2.000","cfo/windows/packed_windows/fifo/gnuram_async_fifo.xpm_fifo_base_inst/gen_sdpram.xpm_memory_base_inst/gen_wr_a.gen_word_narrow.mem_reg_bram_4/CLKBWRCLK","cfo/windows/packed_windows/fifo/gnuram_async_fifo.xpm_fifo_base_inst/gen_sdpram.xpm_memory_base_inst/gen_wr_a.gen_word_narrow.mem_reg_bram_7/CASDINB[6]","1.566","2"
"clk500","0.294","2.000","sfo/residual_estimator/aux_service/u_xfft/U0/i_synth/xfft_inst/non_floating_point.arch_d.xfft_inst/timing_cnts_has_nfft.duplicate_regs[3].other.nfft_regs[0].nfft_regs_fde/C","sfo/residual_estimator/aux_service/u_xfft/U0/i_synth/xfft_inst/non_floating_point.arch_d.xfft_inst/pe_gen[3].natural_order_input.PE/hasbf2.FB_2.BF_2/MEM/dist_ram.srlram.ram/var_length.shift_ram/i_bb_inst/gen_output_regs.output_regs/i_no_async_controls.output_reg[18]/D","1.688","2"
"clk500","0.295","2.000","sfo/residual_estimator/aux_service/u_xfft/U0/i_synth/xfft_inst/non_floating_point.arch_d.xfft_inst/has_bit_reverse.no_cp.muxed_reorder_write_addr_del_reg[6]/C","sfo/residual_estimator/aux_service/u_xfft/U0/i_synth/xfft_inst/non_floating_point.arch_d.xfft_inst/has_bit_reverse.dig_rev_mem/blk_ram.use_bram_only.mem/depth_14.need_extra_rams.extra_ram_loop[0].use_RAMB18.SDP_RAMB18_1x16384/ADDRARDADDR[6]","1.419","0"
"clk500","0.295","2.000","sfo/residual_estimator/aux_service/u_xfft/U0/i_synth/xfft_inst/non_floating_point.arch_d.xfft_inst/timing_cnts_has_nfft.run_time_sel_reg[4]/C","sfo/residual_estimator/aux_service/u_xfft/U0/i_synth/xfft_inst/non_floating_point.arch_d.xfft_inst/pe_gen[3].natural_order_input.PE/bypass_muxes.din_re_mux_gen[5].reg/D","1.686","1"
"clk500","0.295","2.000","cfo/observation_front/fft_core/state_reg[1]/C","cfo/observation_front/fft_core/tag_reg[0][row_b][2]/CE","1.602","1"
"clk500","0.295","2.000","cfo/observation_front/fft_core/state_reg[1]/C","cfo/observation_front/fft_core/tag_reg[0][row_b][3]/CE","1.602","1"
"clk500","0.295","2.000","cfo/observation_front/fft_core/state_reg[1]/C","cfo/observation_front/fft_core/tag_reg[0][row_b][4]/CE","1.602","1"
"clk500","0.295","2.000","cfo/observation_front/fft_core/state_reg[1]/C","cfo/observation_front/fft_core/tag_reg[0][row_b][7]/CE","1.602","1"
"clk500","0.295","2.000","cfo/windows/packed_windows/fifo/gnuram_async_fifo.xpm_fifo_base_inst/gen_sdpram.xpm_memory_base_inst/gen_wr_a.gen_word_narrow.mem_reg_bram_8/CLKBWRCLK","cfo/windows/packed_windows/fifo/gnuram_async_fifo.xpm_fifo_base_inst/gen_sdpram.xpm_memory_base_inst/gen_wr_a.gen_word_narrow.mem_reg_bram_11/CASDINB[7]","1.565","2"
"clk500","0.295","2.000","cfo/windows/packed_windows/fifo/gnuram_async_fifo.xpm_fifo_base_inst/gen_sdpram.xpm_memory_base_inst/gen_wr_a.gen_word_narrow.mem_reg_bram_0/CLKBWRCLK","cfo/windows/packed_windows/fifo/gnuram_async_fifo.xpm_fifo_base_inst/gen_sdpram.xpm_memory_base_inst/gen_wr_a.gen_word_narrow.mem_reg_bram_3/CASDINB[7]","1.565","2"
"clk500","0.295","2.000","cfo/windows/packed_windows/fifo/gnuram_async_fifo.xpm_fifo_base_inst/gen_sdpram.xpm_memory_base_inst/gen_wr_a.gen_word_narrow.mem_reg_bram_4/CLKBWRCLK","cfo/windows/packed_windows/fifo/gnuram_async_fifo.xpm_fifo_base_inst/gen_sdpram.xpm_memory_base_inst/gen_wr_a.gen_word_narrow.mem_reg_bram_7/CASDINB[7]","1.565","2"
"clk500","0.295","2.000","sfo/residual_estimator/aux_service/u_xfft/U0/i_synth/xfft_inst/non_floating_point.arch_d.xfft_inst/FLOW/has_nfft.counter_limit_reg[9].max_n_int_minus_one_ff/C","sfo/residual_estimator/aux_service/u_xfft/U0/i_synth/xfft_inst/non_floating_point.arch_d.xfft_inst/pe_gen[6].natural_order_input.PE/has_ovflo_control.last_ovflo_start.OVFLO_CNT/no_early_reg.I_TC_reg/D","1.687","2"
"clk500","0.295","2.000","cfo/windows/packed_windows/fifo/gnuram_async_fifo.xpm_fifo_base_inst/gen_sdpram.xpm_memory_base_inst/gen_wr_a.gen_word_narrow.mem_reg_bram_11/CLKBWRCLK","cfo/windows/packed_tail_reg[87]/D","1.640","0"
"clk500","0.296","2.000","sfo/residual_estimator/aux_service/u_xfft/U0/i_synth/xfft_inst/non_floating_point.arch_d.xfft_inst/has_bit_reverse.no_cp.muxed_reorder_write_addr_del_reg[8]/C","sfo/residual_estimator/aux_service/u_xfft/U0/i_synth/xfft_inst/non_floating_point.arch_d.xfft_inst/has_bit_reverse.dig_rev_mem/blk_ram.use_bram_only.mem/depth_14.main_ram_loop[0].use_RAMB18.ram_2k_loop[5].SDP_RAMB18_9x2048/ADDRARDADDR[11]","1.417","0"
"clk500","0.296","2.000","cfo/observation_front/fft_core/state_reg[1]/C","cfo/observation_front/fft_core/tag_reg[7][row_a][3]/CE","1.601","1"
"clk500","0.296","2.000","sfo/residual_estimator/aux_service/u_xfft/U0/i_synth/xfft_inst/non_floating_point.arch_d.xfft_inst/has_bit_reverse.natural_order_address_muxing.muxed_reorder_read_addr_reg[2]/C","sfo/residual_estimator/aux_service/u_xfft/U0/i_synth/xfft_inst/non_floating_point.arch_d.xfft_inst/has_bit_reverse.dig_rev_mem/blk_ram.use_bram_only.mem/depth_14.main_ram_loop[1].use_RAMB18.ram_2k_loop[4].SDP_RAMB18_9x2048/ADDRBWRADDR[5]","1.393","0"
"clk500","0.296","2.000","sfo/residual_estimator/aux_service/u_xfft/U0/i_synth/xfft_inst/non_floating_point.arch_d.xfft_inst/timing_cnts_has_nfft.run_time_sel_reg[5]/C","sfo/residual_estimator/aux_service/u_xfft/U0/i_synth/xfft_inst/non_floating_point.arch_d.xfft_inst/pe_gen[4].natural_order_input.PE/bypass_muxes.din_re_mux_gen[12].reg/D","1.686","1"
"clk500","0.296","2.000","cfo/windows/packed_windows/fifo/gnuram_async_fifo.xpm_fifo_base_inst/gen_sdpram.xpm_memory_base_inst/gen_wr_a.gen_word_narrow.mem_reg_bram_13/CLKBWRCLK","cfo/windows/packed_tail_reg[125]/D","1.639","0"
"clk500","0.296","2.000","sfo/residual_estimator/aux_service/u_xfft/U0/i_synth/xfft_inst/non_floating_point.arch_d.xfft_inst/has_bit_reverse.natural_order_address_muxing.muxed_reorder_read_addr_reg[7]/C","sfo/residual_estimator/aux_service/u_xfft/U0/i_synth/xfft_inst/non_floating_point.arch_d.xfft_inst/has_bit_reverse.dig_rev_mem/blk_ram.use_bram_only.mem/depth_14.need_extra_rams.extra_ram_loop[1].use_RAMB18.SDP_RAMB18_1x16384/ADDRBWRADDR[7]","1.389","0"
"clk500","0.296","2.000","sfo/residual_estimator/aux_service/u_xfft/U0/i_synth/xfft_inst/non_floating_point.arch_d.xfft_inst/timing_cnts_has_nfft.duplicate_regs[3].other.nfft_regs[0].nfft_regs_fde/C","sfo/residual_estimator/aux_service/u_xfft/U0/i_synth/xfft_inst/non_floating_point.arch_d.xfft_inst/pe_gen[3].natural_order_input.PE/hasbf2.FB_2.BF_2/MEM/dist_ram.srlram.ram/var_length.shift_ram/i_bb_inst/gen_output_regs.output_regs/i_no_async_controls.output_reg[2]/D","1.686","2"
"clk500","0.296","2.000","sfo/residual_estimator/aux_service/u_xfft/U0/i_synth/xfft_inst/non_floating_point.arch_d.xfft_inst/timing_cnts_has_nfft.duplicate_regs[3].other.nfft_regs[0].nfft_regs_fde/C","sfo/residual_estimator/aux_service/u_xfft/U0/i_synth/xfft_inst/non_floating_point.arch_d.xfft_inst/pe_gen[3].natural_order_input.PE/hasbf2.FB_2.BF_2/MEM/dist_ram.srlram.ram/var_length.shift_ram/i_bb_inst/gen_output_regs.output_regs/i_no_async_controls.output_reg[4]/D","1.686","2"
"clk500","0.296","2.000","sfo/residual_estimator/front_stage/main/service/u_xfft/U0/i_synth/xfft_inst/non_floating_point.arch_d.xfft_inst/has_bit_reverse.natural_order_address_muxing.muxed_reorder_read_addr_reg[4]/C","sfo/residual_estimator/front_stage/main/service/u_xfft/U0/i_synth/xfft_inst/non_floating_point.arch_d.xfft_inst/has_bit_reverse.dig_rev_mem/blk_ram.use_bram_only.mem/depth_11.ram_loop[3].use_RAMB18.SDP_RAMB18_9x2048/ADDRBWRADDR[7]","1.391","0"
"clk500","0.297","2.000","sfo/residual_estimator/aux_service/u_xfft/U0/i_synth/axi_wrapper/data_out_channel/gen_real_time.data_out_reg[27]/C","sfo/residual_estimator/aux_service/u_egress_fifo/gnuram_async_fifo.xpm_fifo_base_inst/gen_sdpram.xpm_memory_base_inst/gen_wr_a.gen_word_narrow.mem_reg_bram_2/DINPADINP[0]","1.449","0"
"clk500","0.297","2.000","sfo/residual_estimator/aux_service/u_xfft/U0/i_synth/xfft_inst/non_floating_point.arch_d.xfft_inst/timing_cnts_has_nfft.run_time_sel_reg[5]/C","sfo/residual_estimator/aux_service/u_xfft/U0/i_synth/xfft_inst/non_floating_point.arch_d.xfft_inst/pe_gen[5].natural_order_input.PE/bypass_muxes.din_re_mux_gen[12].reg/D","1.685","1"
"clk500","0.297","2.000","sfo/residual_estimator/aux_service/u_xfft/U0/i_synth/xfft_inst/non_floating_point.arch_d.xfft_inst/has_bit_reverse.natural_order_address_muxing.muxed_reorder_read_addr_reg[8]/C","sfo/residual_estimator/aux_service/u_xfft/U0/i_synth/xfft_inst/non_floating_point.arch_d.xfft_inst/has_bit_reverse.dig_rev_mem/blk_ram.use_bram_only.mem/depth_14.need_extra_rams.extra_ram_loop[4].use_RAMB18.SDP_RAMB18_1x16384/ADDRBWRADDR[8]","1.373","0"
"clk500","0.297","2.000","sfo/residual_estimator/aux_service/u_xfft/U0/i_synth/xfft_inst/non_floating_point.arch_d.xfft_inst/FLOW/start_reg_delay/no_sclr_lut.real_shift_ram.use_baseblock.not_use_hlutnm_srls.i_shift_ram/i_bb_inst/f0.srl_sig_reg[2][0]/C","sfo/residual_estimator/aux_service/u_xfft/U0/i_synth/xfft_inst/non_floating_point.arch_d.xfft_inst/FLOW/has_scale_sch_buffer.scale_sch_out_i_reg[7]/CE","1.599","0"
"clk500","0.297","2.000","sfo/residual_estimator/aux_service/u_xfft/U0/i_synth/xfft_inst/non_floating_point.arch_d.xfft_inst/FLOW/start_reg_delay/no_sclr_lut.real_shift_ram.use_baseblock.not_use_hlutnm_srls.i_shift_ram/i_bb_inst/f0.srl_sig_reg[2][0]/C","sfo/residual_estimator/aux_service/u_xfft/U0/i_synth/xfft_inst/non_floating_point.arch_d.xfft_inst/FLOW/has_scale_sch_buffer.scale_sch_out_i_reg[9]/CE","1.599","0"
"clk500","0.297","2.000","sfo/residual_estimator/aux_service/u_xfft/U0/i_synth/xfft_inst/non_floating_point.arch_d.xfft_inst/has_bit_reverse.natural_order_address_muxing.muxed_reorder_read_addr_reg[4]/C","sfo/residual_estimator/aux_service/u_xfft/U0/i_synth/xfft_inst/non_floating_point.arch_d.xfft_inst/has_bit_reverse.dig_rev_mem/blk_ram.use_bram_only.mem/depth_14.need_extra_rams.extra_ram_loop[1].use_RAMB18.SDP_RAMB18_1x16384/ADDRBWRADDR[4]","1.322","0"
"clk500","0.298","2.000","sfo/residual_estimator/aux_service/u_xfft/U0/i_synth/xfft_inst/non_floating_point.arch_d.xfft_inst/pe_gen[0].natural_order_input.PE/FB_1.BF_1/wr_addr_del/no_sclr_lut.real_shift_ram.use_baseblock.use_hlutnm_srls.srl_loop[1].i_fdre0/C","sfo/residual_estimator/aux_service/u_xfft/U0/i_synth/xfft_inst/non_floating_point.arch_d.xfft_inst/pe_gen[0].natural_order_input.PE/FB_1.BF_1/MEM/blk_ram.use_bram_only.mem/depth_13_s6_depth_12.main_ram_loop[1].use_RAMB18.ram_2k_loop[3].SDP_RAMB18_9x2048/ADDRARDADDR[5]","1.391","0"
"clk500","0.298","2.000","sfo/residual_estimator/front_stage/main/service/u_xfft/U0/i_synth/xfft_inst/non_floating_point.arch_d.xfft_inst/pe_gen[0].natural_order_input.PE/has_addr_gen.bf2_addr_gen/cnt/cnt_addsub/i_baseblox.i_baseblox_addsub/no_pipelining.the_addsub/i_lut6.i_lut6_addsub/i_q.i_simple.qreg/i_no_async_controls.output_reg[1]/C","sfo/residual_estimator/front_stage/main/service/u_xfft/U0/i_synth/xfft_inst/non_floating_point.arch_d.xfft_inst/pe_gen[0].natural_order_input.PE/FB_1.BF_1/MEM/blk_ram.use_bram_only.mem/depth_10.ram_loop[0].use_RAMB18.SDP_RAMB18_18x1024/ADDRBWRADDR[4]","1.317","0"
"clk500","0.298","2.000","sfo/initial_estimator/owner/fft/u_xfft/U0/i_synth/axi_wrapper/sclr_int_reg/C","sfo/initial_estimator/owner/fft/u_xfft/U0/i_synth/xfft_inst/non_floating_point.arch_d.xfft_inst/DOUT_CNT_CTRL_0/cnt/cnt_addsub/i_baseblox.i_baseblox_addsub/no_pipelining.the_addsub/i_lut6.i_lut6_addsub/i_q.i_simple.qreg/i_no_async_controls.output_reg[10]/R","1.584","0"
"clk500","0.298","2.000","sfo/initial_estimator/owner/fft/u_xfft/U0/i_synth/axi_wrapper/sclr_int_reg/C","sfo/initial_estimator/owner/fft/u_xfft/U0/i_synth/xfft_inst/non_floating_point.arch_d.xfft_inst/DOUT_CNT_CTRL_0/cnt/cnt_addsub/i_baseblox.i_baseblox_addsub/no_pipelining.the_addsub/i_lut6.i_lut6_addsub/i_q.i_simple.qreg/i_no_async_controls.output_reg[11]/R","1.584","0"
"clk500","0.298","2.000","sfo/initial_estimator/owner/fft/u_xfft/U0/i_synth/axi_wrapper/sclr_int_reg/C","sfo/initial_estimator/owner/fft/u_xfft/U0/i_synth/xfft_inst/non_floating_point.arch_d.xfft_inst/DOUT_CNT_CTRL_0/cnt/cnt_addsub/i_baseblox.i_baseblox_addsub/no_pipelining.the_addsub/i_lut6.i_lut6_addsub/i_q.i_simple.qreg/i_no_async_controls.output_reg[8]/R","1.584","0"
"clk500","0.298","2.000","sfo/initial_estimator/owner/fft/u_xfft/U0/i_synth/axi_wrapper/sclr_int_reg/C","sfo/initial_estimator/owner/fft/u_xfft/U0/i_synth/xfft_inst/non_floating_point.arch_d.xfft_inst/DOUT_CNT_CTRL_0/cnt/cnt_addsub/i_baseblox.i_baseblox_addsub/no_pipelining.the_addsub/i_lut6.i_lut6_addsub/i_q.i_simple.qreg/i_no_async_controls.output_reg[9]/R","1.584","0"
"clk500","0.298","2.000","sfo/initial_estimator/owner/fft/u_xfft/U0/i_synth/axi_wrapper/sclr_int_reg/C","sfo/initial_estimator/owner/fft/u_xfft/U0/i_synth/xfft_inst/non_floating_point.arch_d.xfft_inst/no_run_time_1.dout_rev_index_int_reg[10]/R","1.584","0"
"clk500","0.298","2.000","sfo/residual_estimator/aux_service/u_xfft/U0/i_synth/xfft_inst/non_floating_point.arch_d.xfft_inst/has_bit_reverse.natural_order_address_muxing.muxed_reorder_read_addr_reg[4]/C","sfo/residual_estimator/aux_service/u_xfft/U0/i_synth/xfft_inst/non_floating_point.arch_d.xfft_inst/has_bit_reverse.dig_rev_mem/blk_ram.use_bram_only.mem/depth_14.main_ram_loop[0].use_RAMB18.ram_2k_loop[7].SDP_RAMB18_9x2048/ADDRBWRADDR[7]","1.389","0"
"clk500","0.298","2.000","sfo/residual_estimator/aux_service/u_xfft/U0/i_synth/xfft_inst/non_floating_point.arch_d.xfft_inst/timing_cnts_has_nfft.duplicate_regs[3].other.nfft_regs[0].nfft_regs_fde/C","sfo/residual_estimator/aux_service/u_xfft/U0/i_synth/xfft_inst/non_floating_point.arch_d.xfft_inst/pe_gen[3].natural_order_input.PE/hasbf2.FB_2.BF_2/MEM/dist_ram.srlram.ram/var_length.shift_ram/i_bb_inst/gen_output_regs.output_regs/i_no_async_controls.output_reg[32]/D","1.684","2"
"clk500","0.298","2.000","sfo/residual_estimator/front_stage/main/service/u_xfft/U0/i_synth/xfft_inst/non_floating_point.arch_d.xfft_inst/has_bit_reverse.natural_order_address_muxing.muxed_reorder_read_addr_reg[10]/C","sfo/residual_estimator/front_stage/main/service/u_xfft/U0/i_synth/xfft_inst/non_floating_point.arch_d.xfft_inst/has_bit_reverse.dig_rev_mem/blk_ram.use_bram_only.mem/depth_11.ram_loop[3].use_RAMB18.SDP_RAMB18_9x2048/ADDRBWRADDR[13]","1.379","0"
"clk500","0.299","2.000","cfo/observation_front/fft_core/offset_in_group_reg[0]/C","cfo/observation_front/fft_core/group_base_reg[1]/CE","1.597","4"
"clk500","0.299","2.000","cfo/observation_front/fft_core/offset_in_group_reg[0]/C","cfo/observation_front/fft_core/group_base_reg[2]/CE","1.597","4"
"clk500","0.299","2.000","cfo/observation_front/fft_core/offset_in_group_reg[0]/C","cfo/observation_front/fft_core/group_base_reg[3]/CE","1.597","4"
"clk500","0.299","2.000","cfo/observation_front/fft_core/offset_in_group_reg[0]/C","cfo/observation_front/fft_core/group_base_reg[5]/CE","1.597","4"
"clk500","0.299","2.000","cfo/observation_front/fft_core/bank0_reg_bram_0/CLKBWRCLK","cfo/observation_front/fft_core/rr3_reg/DSP_A_B_DATA_INST/A[1]","1.365","1"
"clk500","0.299","2.000","cfo/observation_front/pr4_reg/DSP_OUTPUT_INST/CLK","cfo/observation_front/h_i5_reg[20]/D","1.651","6"
"clk500","0.299","2.000","sfo/residual_estimator/aux_service/u_xfft/U0/i_synth/xfft_inst/non_floating_point.arch_d.xfft_inst/pe_gen[0].natural_order_input.PE/has_addr_gen.bf2_addr_gen/cnt/cnt_addsub/i_baseblox.i_baseblox_addsub/no_pipelining.the_addsub/i_lut6.i_lut6_addsub/i_q.i_simple.qreg/i_no_async_controls.output_reg[2]/C","sfo/residual_estimator/aux_service/u_xfft/U0/i_synth/xfft_inst/non_floating_point.arch_d.xfft_inst/pe_gen[0].natural_order_input.PE/FB_1.BF_1/MEM/blk_ram.use_bram_only.mem/depth_13_s6_depth_12.main_ram_loop[2].use_RAMB18.ram_2k_loop[3].SDP_RAMB18_9x2048/ADDRBWRADDR[4]","1.314","0"
"clk500","0.299","2.000","sfo/residual_estimator/front_stage/main/service/u_xfft/U0/i_synth/xfft_inst/non_floating_point.arch_d.xfft_inst/has_bit_reverse.dig_rev_mem/blk_ram.use_bram_only.mem/depth_11.ram_loop[1].use_RAMB18.SDP_RAMB18_9x2048/CLKBWRCLK","sfo/residual_estimator/front_stage/main/service/u_xfft/U0/i_synth/xfft_inst/non_floating_point.arch_d.xfft_inst/has_bit_reverse.pe_natural_out_reg[11]/D","1.637","0"
"clk500","0.299","2.000","sfo/residual_estimator/aux_service/u_xfft/U0/i_synth/xfft_inst/non_floating_point.arch_d.xfft_inst/pe_gen[1].natural_order_input.PE/FB_1.BF_1/yes_nfft.bypass_reg/no_sclr_lut.real_shift_ram.use_baseblock.not_use_hlutnm_srls.i_shift_ram/i_bb_inst/f0.srl_sig_reg[1][0]/C","sfo/residual_estimator/aux_service/u_xfft/U0/i_synth/xfft_inst/non_floating_point.arch_d.xfft_inst/pe_gen[1].natural_order_input.PE/FB_1.BF_1/BTFLY0/logic_bfly_byp.add_r/adder/i_baseblox.i_baseblox_addsub/no_pipelining.the_addsub/i_lut6.i_lut6_addsub/i_q.i_simple.qreg/i_no_async_controls.output_reg[17]/D","1.681","4"
"clk500","0.299","2.000","sfo/residual_estimator/front_stage/main/service/u_xfft/U0/i_synth/xfft_inst/non_floating_point.arch_d.xfft_inst/pe_gen[0].natural_order_input.PE/has_TW_mult.TW/MUX0/four_inputs.use_lut6.no_lut_sclr.four_to_one_mux[0].latency1.reg/C","sfo/residual_estimator/front_stage/main/service/u_xfft/U0/i_synth/xfft_inst/non_floating_point.arch_d.xfft_inst/pe_gen[0].natural_order_input.PE/has_TW_mult.TW/twiddle_generator/tw1.twgen1/cos_addr_2s_comp/use_output_reg.D_OUT_reg[1]/D","1.684","1"
"clk500","0.299","2.000","cfo/windows/packed_windows/fifo/gnuram_async_fifo.xpm_fifo_base_inst/gen_sdpram.xpm_memory_base_inst/gen_wr_a.gen_word_narrow.mem_reg_bram_8/CLKBWRCLK","cfo/windows/packed_windows/fifo/gnuram_async_fifo.xpm_fifo_base_inst/gen_sdpram.xpm_memory_base_inst/gen_wr_a.gen_word_narrow.mem_reg_bram_11/CASDINB[2]","1.561","2"
"clk500","0.299","2.000","cfo/windows/packed_windows/fifo/gnuram_async_fifo.xpm_fifo_base_inst/gen_sdpram.xpm_memory_base_inst/gen_wr_a.gen_word_narrow.mem_reg_bram_0/CLKBWRCLK","cfo/windows/packed_windows/fifo/gnuram_async_fifo.xpm_fifo_base_inst/gen_sdpram.xpm_memory_base_inst/gen_wr_a.gen_word_narrow.mem_reg_bram_3/CASDINB[2]","1.561","2"
"clk500","0.299","2.000","cfo/windows/packed_windows/fifo/gnuram_async_fifo.xpm_fifo_base_inst/gen_sdpram.xpm_memory_base_inst/gen_wr_a.gen_word_narrow.mem_reg_bram_4/CLKBWRCLK","cfo/windows/packed_windows/fifo/gnuram_async_fifo.xpm_fifo_base_inst/gen_sdpram.xpm_memory_base_inst/gen_wr_a.gen_word_narrow.mem_reg_bram_7/CASDINB[2]","1.561","2"
"clk500","0.300","2.000","sfo/initial_estimator/owner/fft/reset_sync500/syncstages_ff_reg[3]/C","sfo/initial_estimator/owner/fft/u_egress_fifo/gnuram_async_fifo.xpm_fifo_base_inst/wrpp1_inst/count_value_i_reg[1]/CE","1.595","1"
"clk500","0.300","2.000","sfo/initial_estimator/owner/fft/reset_sync500/syncstages_ff_reg[3]/C","sfo/initial_estimator/owner/fft/u_egress_fifo/gnuram_async_fifo.xpm_fifo_base_inst/wrpp2_inst/count_value_i_reg[5]/CE","1.595","1"
"clk500","0.300","2.000","sfo/initial_estimator/owner/fft/reset_sync500/syncstages_ff_reg[3]/C","sfo/initial_estimator/owner/fft/u_egress_fifo/gnuram_async_fifo.xpm_fifo_base_inst/wrpp2_inst/count_value_i_reg[6]/CE","1.595","1"
"clk500","0.300","2.000","sfo/initial_estimator/owner/fft/reset_sync500/syncstages_ff_reg[3]/C","sfo/initial_estimator/owner/fft/u_egress_fifo/gnuram_async_fifo.xpm_fifo_base_inst/wrpp2_inst/count_value_i_reg[7]/CE","1.595","1"
"clk500","0.300","2.000","sfo/residual_estimator/aux_service/u_xfft/U0/i_synth/xfft_inst/non_floating_point.arch_d.xfft_inst/has_bit_reverse.natural_order_address_muxing.muxed_reorder_read_addr_reg[3]/C","sfo/residual_estimator/aux_service/u_xfft/U0/i_synth/xfft_inst/non_floating_point.arch_d.xfft_inst/has_bit_reverse.dig_rev_mem/blk_ram.use_bram_only.mem/depth_14.main_ram_loop[1].use_RAMB18.ram_2k_loop[6].SDP_RAMB18_9x2048/ADDRBWRADDR[6]","1.391","0"
"clk500","0.300","2.000","sfo/residual_estimator/front_stage/main/service/u_xfft/U0/i_synth/xfft_inst/non_floating_point.arch_d.xfft_inst/pe_gen[0].natural_order_input.PE/FB_1.BF_1/BTFLY0/logic_bfly_byp.add_r/adder/i_baseblox.i_baseblox_addsub/no_pipelining.the_addsub/i_lut6.i_lut6_addsub/i_q.i_simple.qreg/i_no_async_controls.output_reg[1]/C","sfo/residual_estimator/front_stage/main/service/u_xfft/U0/i_synth/xfft_inst/non_floating_point.arch_d.xfft_inst/pe_gen[0].natural_order_input.PE/hasbf2.FB_2.BF_2/mem_mux_and_reg_upper_re/slicel_slicem_implementation.delay_line/no_sclr_lut.real_shift_ram.use_baseblock.use_hlutnm_srls.srl_loop[0].i_srl16e0/D","1.619","0"
"clk500","0.300","2.000","sfo/initial_estimator/owner/fft/reset_sync500/syncstages_ff_reg[3]/C","sfo/initial_estimator/owner/fft/u_egress_fifo/gnuram_async_fifo.xpm_fifo_base_inst/wrpp1_inst/count_value_i_reg[2]/CE","1.596","1"
"clk500","0.300","2.000","sfo/residual_estimator/aux_service/u_xfft/U0/i_synth/xfft_inst/non_floating_point.arch_d.xfft_inst/pe_gen[0].natural_order_input.PE/FB_1.BF_1/wr_addr_del/no_sclr_lut.real_shift_ram.use_baseblock.use_hlutnm_srls.srl_loop[0].i_fdre0/C","sfo/residual_estimator/aux_service/u_xfft/U0/i_synth/xfft_inst/non_floating_point.arch_d.xfft_inst/pe_gen[0].natural_order_input.PE/FB_1.BF_1/MEM/blk_ram.use_bram_only.mem/depth_13_s6_depth_12.main_ram_loop[1].use_RAMB18.ram_2k_loop[1].SDP_RAMB18_9x2048/ADDRARDADDR[3]","1.339","0"
"clk500","0.300","2.000","sfo/residual_estimator/aux_service/u_xfft/U0/i_synth/xfft_inst/non_floating_point.arch_d.xfft_inst/pe_gen[0].natural_order_input.PE/FB_1.BF_1/wr_addr_del/no_sclr_lut.real_shift_ram.use_baseblock.use_hlutnm_srls.srl_loop[3].i_fdre0/C","sfo/residual_estimator/aux_service/u_xfft/U0/i_synth/xfft_inst/non_floating_point.arch_d.xfft_inst/pe_gen[0].natural_order_input.PE/FB_1.BF_1/MEM/blk_ram.use_bram_only.mem/depth_13_s6_depth_12.main_ram_loop[1].use_RAMB18.ram_2k_loop[2].SDP_RAMB18_9x2048/ADDRARDADDR[9]","1.400","0"
"clk500","0.300","2.000","sfo/residual_estimator/front_stage/main/service/u_xfft/U0/i_synth/xfft_inst/non_floating_point.arch_d.xfft_inst/pe_gen[0].natural_order_input.PE/FB_1.BF_1/BTFLY0/logic_bfly_byp.add_r/adder/i_baseblox.i_baseblox_addsub/no_pipelining.the_addsub/i_lut6.i_lut6_addsub/i_q.i_simple.qreg/i_no_async_controls.output_reg[15]/C","sfo/residual_estimator/front_stage/main/service/u_xfft/U0/i_synth/xfft_inst/non_floating_point.arch_d.xfft_inst/pe_gen[0].natural_order_input.PE/hasbf2.FB_2.BF_2/mem_mux_and_reg_upper_re/slicel_slicem_implementation.delay_line/no_sclr_lut.real_shift_ram.use_baseblock.use_hlutnm_srls.srl_loop[7].i_srl16e0/D","1.616","0"
"clk500","0.301","2.000","cfo/observation_front/m_frame_reg[9]/C","cfo/estimator/expected_window_reg[1]/D","1.681","6"
"clk500","0.301","2.000","sfo/residual_estimator/aux_service/u_xfft/U0/i_synth/xfft_inst/non_floating_point.arch_d.xfft_inst/has_bit_reverse.dig_rev_mem/blk_ram.use_bram_only.mem/depth_14.main_ram_loop[0].mux_8to1.has_output_reg.addrb_mux_sel_reg_reg[2]/C","sfo/residual_estimator/aux_service/u_xfft/U0/i_synth/xfft_inst/non_floating_point.arch_d.xfft_inst/has_bit_reverse.pe_natural_out_reg[16]/D","1.681","1"
"clk500","0.301","2.000","sfo/residual_estimator/aux_service/u_egress_fifo/gnuram_async_fifo.xpm_fifo_base_inst/xpm_fifo_rst_inst/gen_rst_ic.wr_rst_busy_ic_reg/C","sfo/residual_estimator/aux_service/u_egress_fifo/gnuram_async_fifo.xpm_fifo_base_inst/gen_pf_ic_rc.ngen_full_rst_val.ram_full_i_reg/D","1.680","5"
"clk500","0.302","2.000","sfo/residual_estimator/aux_service/u_xfft/U0/i_synth/xfft_inst/non_floating_point.arch_d.xfft_inst/has_bit_reverse.no_cp.muxed_reorder_write_addr_del_reg[9]/C","sfo/residual_estimator/aux_service/u_xfft/U0/i_synth/xfft_inst/non_floating_point.arch_d.xfft_inst/has_bit_reverse.dig_rev_mem/blk_ram.use_bram_only.mem/depth_14.main_ram_loop[0].use_RAMB18.ram_2k_loop[0].SDP_RAMB18_9x2048/ADDRARDADDR[12]","1.419","0"
"clk500","0.302","2.000","cfo/observation_front/pi4_reg/DSP_OUTPUT_INST/CLK","cfo/observation_front/h_q5_reg[6]/D","1.648","4"
"clk500","0.302","2.000","cfo/observation_front/v_reg[5]/C","cfo/observation_front/m_z_q_reg[16]/CE","1.595","1"
"clk500","0.302","2.000","cfo/observation_front/v_reg[5]/C","cfo/observation_front/m_z_q_reg[17]/CE","1.595","1"
"clk500","0.302","2.000","cfo/observation_front/v_reg[5]/C","cfo/observation_front/m_z_q_reg[18]/CE","1.595","1"
"clk500","0.302","2.000","cfo/observation_front/v_reg[5]/C","cfo/observation_front/m_z_q_reg[19]/CE","1.595","1"
"clk500","0.302","2.000","cfo/observation_front/v_reg[5]/C","cfo/observation_front/m_z_q_reg[20]/CE","1.595","1"
"clk500","0.302","2.000","cfo/observation_front/v_reg[5]/C","cfo/observation_front/m_z_q_reg[21]/CE","1.595","1"
"clk500","0.302","2.000","cfo/observation_front/v_reg[5]/C","cfo/observation_front/m_z_q_reg[22]/CE","1.595","1"
"clk500","0.302","2.000","cfo/observation_front/v_reg[5]/C","cfo/observation_front/m_z_q_reg[23]/CE","1.595","1"
"clk500","0.302","2.000","cfo/observation_front/fft_core/v_reg[1]/C","cfo/observation_front/fft_core/ai2_reg[22]/CE","1.594","0"
"clk500","0.302","2.000","cfo/observation_front/fft_core/state_reg[1]/C","cfo/observation_front/fft_core/tag_reg[8][row_a][3]/CE","1.595","1"
"clk500","0.302","2.000","cfo/observation_front/pr4_reg/DSP_OUTPUT_INST/CLK","cfo/observation_front/h_i5_reg[19]/D","1.648","6"
"clk500","0.302","2.000","cfo/windows/packed_windows/fifo/gnuram_async_fifo.xpm_fifo_base_inst/gen_sdpram.xpm_memory_base_inst/gen_wr_a.gen_word_narrow.mem_reg_bram_8/CLKBWRCLK","cfo/windows/packed_windows/fifo/gnuram_async_fifo.xpm_fifo_base_inst/gen_sdpram.xpm_memory_base_inst/gen_wr_a.gen_word_narrow.mem_reg_bram_11/CASDINB[5]","1.558","2"
"clk500","0.302","2.000","cfo/windows/packed_windows/fifo/gnuram_async_fifo.xpm_fifo_base_inst/gen_sdpram.xpm_memory_base_inst/gen_wr_a.gen_word_narrow.mem_reg_bram_0/CLKBWRCLK","cfo/windows/packed_windows/fifo/gnuram_async_fifo.xpm_fifo_base_inst/gen_sdpram.xpm_memory_base_inst/gen_wr_a.gen_word_narrow.mem_reg_bram_3/CASDINB[5]","1.558","2"
"clk500","0.302","2.000","cfo/windows/packed_windows/fifo/gnuram_async_fifo.xpm_fifo_base_inst/gen_sdpram.xpm_memory_base_inst/gen_wr_a.gen_word_narrow.mem_reg_bram_4/CLKBWRCLK","cfo/windows/packed_windows/fifo/gnuram_async_fifo.xpm_fifo_base_inst/gen_sdpram.xpm_memory_base_inst/gen_wr_a.gen_word_narrow.mem_reg_bram_7/CASDINB[5]","1.558","2"
"clk500","0.302","2.000","sfo/residual_estimator/aux_service/u_xfft/U0/i_synth/xfft_inst/non_floating_point.arch_d.xfft_inst/has_bit_reverse.no_cp.muxed_reorder_write_addr_del_reg[5]/C","sfo/residual_estimator/aux_service/u_xfft/U0/i_synth/xfft_inst/non_floating_point.arch_d.xfft_inst/has_bit_reverse.dig_rev_mem/blk_ram.use_bram_only.mem/depth_14.main_ram_loop[2].use_RAMB18.ram_2k_loop[4].SDP_RAMB18_9x2048/ADDRARDADDR[8]","1.397","0"
"clk500","0.302","2.000","cfo/windows/packed_windows/fifo/gnuram_async_fifo.xpm_fifo_base_inst/gen_sdpram.xpm_memory_base_inst/gen_wr_a.gen_word_narrow.mem_reg_bram_8/CLKBWRCLK","cfo/windows/packed_windows/fifo/gnuram_async_fifo.xpm_fifo_base_inst/gen_sdpram.xpm_memory_base_inst/gen_wr_a.gen_word_narrow.mem_reg_bram_11/CASDINPB[0]","1.558","2"
"clk500","0.302","2.000","cfo/windows/packed_windows/fifo/gnuram_async_fifo.xpm_fifo_base_inst/gen_sdpram.xpm_memory_base_inst/gen_wr_a.gen_word_narrow.mem_reg_bram_0/CLKBWRCLK","cfo/windows/packed_windows/fifo/gnuram_async_fifo.xpm_fifo_base_inst/gen_sdpram.xpm_memory_base_inst/gen_wr_a.gen_word_narrow.mem_reg_bram_3/CASDINPB[0]","1.558","2"
"clk500","0.302","2.000","cfo/windows/packed_windows/fifo/gnuram_async_fifo.xpm_fifo_base_inst/gen_sdpram.xpm_memory_base_inst/gen_wr_a.gen_word_narrow.mem_reg_bram_4/CLKBWRCLK","cfo/windows/packed_windows/fifo/gnuram_async_fifo.xpm_fifo_base_inst/gen_sdpram.xpm_memory_base_inst/gen_wr_a.gen_word_narrow.mem_reg_bram_7/CASDINPB[0]","1.558","2"
"clk500","0.302","2.000","sfo/residual_estimator/aux_service/u_xfft/U0/i_synth/axi_wrapper/gen_has_nfft.nfft_we_int_reg/C","sfo/residual_estimator/aux_service/u_xfft/U0/i_synth/xfft_inst/non_floating_point.arch_d.xfft_inst/FLOW/reset_sustain.resets_4_pes[2].delay_reset_pe/tc_reg/S","1.580","1"
"clk500","0.303","2.000","sfo/residual_estimator/front_stage/main/service/u_xfft/U0/i_synth/axi_wrapper/data_in_channel_fifo/gen_real_time.full_reg/C","sfo/residual_estimator/front_stage/main/service/u_ingress_fifo/gnuram_async_fifo.xpm_fifo_base_inst/rdpp1_inst/count_value_i_reg[6]/D","1.678","5"
"clk500","0.303","2.000","cfo/observation_front/m_frame_reg[9]/C","cfo/estimator/expected_window_reg[0]/D","1.680","6"
"clk500","0.303","2.000","cfo/windows/packed_windows/fifo/gnuram_async_fifo.xpm_fifo_base_inst/rdp_inst/count_value_i_reg[2]/C","cfo/windows/packed_windows/fifo/gnuram_async_fifo.xpm_fifo_base_inst/gen_sdpram.xpm_memory_base_inst/gen_wr_a.gen_word_narrow.mem_reg_bram_6/ADDRBWRADDR[7]","1.389","0"
"clk500","0.303","2.000","sfo/residual_estimator/aux_service/u_xfft/U0/i_synth/xfft_inst/non_floating_point.arch_d.xfft_inst/timing_cnts_has_nfft.run_time_sel_reg[5]/C","sfo/residual_estimator/aux_service/u_xfft/U0/i_synth/xfft_inst/non_floating_point.arch_d.xfft_inst/pe_gen[4].natural_order_input.PE/bypass_muxes.din_re_mux_gen[15].reg/D","1.680","1"
"clk500","0.303","2.000","sfo/residual_estimator/front_stage/main/service/u_xfft/U0/i_synth/xfft_inst/non_floating_point.arch_d.xfft_inst/has_bit_reverse.natural_order_address_muxing.muxed_reorder_read_addr_reg[7]/C","sfo/residual_estimator/front_stage/main/service/u_xfft/U0/i_synth/xfft_inst/non_floating_point.arch_d.xfft_inst/has_bit_reverse.dig_rev_mem/blk_ram.use_bram_only.mem/depth_11.ram_loop[2].use_RAMB18.SDP_RAMB18_9x2048/ADDRBWRADDR[10]","1.371","0"
"clk500","0.303","2.000","sfo/residual_estimator/aux_service/u_xfft/U0/i_synth/xfft_inst/non_floating_point.arch_d.xfft_inst/FLOW/start_reg_delay/no_sclr_lut.real_shift_ram.use_baseblock.not_use_hlutnm_srls.i_shift_ram/i_bb_inst/f0.srl_sig_reg[2][0]/C","sfo/residual_estimator/aux_service/u_xfft/U0/i_synth/xfft_inst/non_floating_point.arch_d.xfft_inst/FLOW/has_scale_sch_buffer.scale_sch_out_i_reg[0]/CE","1.593","0"
"clk500","0.303","2.000","sfo/residual_estimator/front_stage/main/service/u_xfft/U0/i_synth/xfft_inst/non_floating_point.arch_d.xfft_inst/has_bit_reverse.dig_rev_mem/blk_ram.use_bram_only.mem/depth_11.ram_loop[2].use_RAMB18.SDP_RAMB18_9x2048/CLKBWRCLK","sfo/residual_estimator/front_stage/main/service/u_xfft/U0/i_synth/xfft_inst/non_floating_point.arch_d.xfft_inst/has_bit_reverse.pe_natural_out_reg[25]/D","1.634","0"
"clk500","0.303","2.000","sfo/residual_estimator/aux_service/reset_sync500/syncstages_ff_reg[3]/C","sfo/residual_estimator/aux_service/u_xfft/U0/i_synth/axi_wrapper/data_out_channel/gen_real_time.data_out_reg[9]/R","1.579","0"
"clk500","0.304","2.000","sfo/residual_estimator/front_stage/main/service/u_xfft/U0/i_synth/xfft_inst/non_floating_point.arch_d.xfft_inst/has_bit_reverse.no_cp.muxed_reorder_write_addr_del_reg[4]/C","sfo/residual_estimator/front_stage/main/service/u_xfft/U0/i_synth/xfft_inst/non_floating_point.arch_d.xfft_inst/has_bit_reverse.dig_rev_mem/blk_ram.use_bram_only.mem/depth_11.ram_loop[3].use_RAMB18.SDP_RAMB18_9x2048/ADDRARDADDR[7]","1.393","0"
"clk500","0.304","2.000","cfo/windows/packed_windows/fifo/gnuram_async_fifo.xpm_fifo_base_inst/rdp_inst/count_value_i_reg[2]/C","cfo/windows/packed_windows/fifo/gnuram_async_fifo.xpm_fifo_base_inst/gen_sdpram.xpm_memory_base_inst/gen_wr_a.gen_word_narrow.mem_reg_bram_7/ADDRBWRADDR[7]","1.388","0"
"clk500","0.304","2.000","sfo/residual_estimator/aux_service/u_xfft/U0/i_synth/axi_wrapper/gen_has_nfft.nfft_we_int_reg/C","sfo/residual_estimator/aux_service/u_xfft/U0/i_synth/xfft_inst/non_floating_point.arch_d.xfft_inst/FLOW/reset_sustain.resets_4_pes[4].delay_reset_pe/count_addsub_reg[0].addsub_reg/R","1.577","1"
"clk500","0.304","2.000","sfo/residual_estimator/aux_service/u_xfft/U0/i_synth/axi_wrapper/gen_has_nfft.nfft_we_int_reg/C","sfo/residual_estimator/aux_service/u_xfft/U0/i_synth/xfft_inst/non_floating_point.arch_d.xfft_inst/FLOW/reset_sustain.resets_4_pes[4].delay_reset_pe/count_addsub_reg[1].addsub_reg/R","1.577","1"
"clk500","0.304","2.000","sfo/residual_estimator/aux_service/u_xfft/U0/i_synth/axi_wrapper/gen_has_nfft.nfft_we_int_reg/C","sfo/residual_estimator/aux_service/u_xfft/U0/i_synth/xfft_inst/non_floating_point.arch_d.xfft_inst/FLOW/reset_sustain.resets_4_pes[4].delay_reset_pe/count_addsub_reg[2].addsub_reg/R","1.577","1"
"clk500","0.304","2.000","sfo/residual_estimator/aux_service/u_xfft/U0/i_synth/axi_wrapper/gen_has_nfft.nfft_we_int_reg/C","sfo/residual_estimator/aux_service/u_xfft/U0/i_synth/xfft_inst/non_floating_point.arch_d.xfft_inst/FLOW/reset_sustain.resets_4_pes[4].delay_reset_pe/count_addsub_reg[3].addsub_reg/R","1.577","1"
"clk500","0.304","2.000","sfo/residual_estimator/aux_service/u_xfft/U0/i_synth/xfft_inst/non_floating_point.arch_d.xfft_inst/has_bit_reverse.natural_order_address_muxing.muxed_reorder_read_addr_reg[3]/C","sfo/residual_estimator/aux_service/u_xfft/U0/i_synth/xfft_inst/non_floating_point.arch_d.xfft_inst/has_bit_reverse.dig_rev_mem/blk_ram.use_bram_only.mem/depth_14.main_ram_loop[0].use_RAMB18.ram_2k_loop[5].SDP_RAMB18_9x2048/ADDRBWRADDR[6]","1.406","0"
"clk500","0.304","2.000","sfo/residual_estimator/aux_service/u_xfft/U0/i_synth/axi_wrapper/gen_has_nfft.nfft_we_int_reg/C","sfo/residual_estimator/aux_service/u_xfft/U0/i_synth/xfft_inst/non_floating_point.arch_d.xfft_inst/has_bit_reverse.var_pt_size_muxed_addresses.left_shifter/r14.shifter/use_mux16.use_lut6.sixteen_to_one_mux[8].use_output_reg_and_pipe_reg.reg0/R","1.577","1"
"clk500","0.304","2.000","sfo/residual_estimator/aux_service/u_xfft/U0/i_synth/xfft_inst/non_floating_point.arch_d.xfft_inst/pe_gen[0].natural_order_input.PE/delay_addr_tw/no_sclr_lut.real_shift_ram.use_baseblock.use_hlutnm_srls.srl_loop[2].i_fdre1/C","sfo/residual_estimator/aux_service/u_xfft/U0/i_synth/xfft_inst/non_floating_point.arch_d.xfft_inst/pe_gen[0].natural_order_input.PE/hasbf2.FB_2.BF_2/MEM/blk_ram.use_bram_only.mem/depth_12_s6_depth_11.main_ram_loop[0].use_RAMB18.ram_2k_loop[0].SDP_RAMB18_9x2048/ADDRBWRADDR[8]","1.386","0"
"clk500","0.304","2.000","sfo/initial_estimator/owner/fft/u_xfft/U0/i_synth/axi_wrapper/sclr_int_reg/C","sfo/initial_estimator/owner/fft/u_xfft/U0/i_synth/xfft_inst/non_floating_point.arch_d.xfft_inst/FLOW/reset_sustain.resets_4_pes[3].delay_reset_pe/count_addsub_reg[0].addsub_reg/R","1.579","0"
"clk500","0.304","2.000","sfo/initial_estimator/owner/fft/u_xfft/U0/i_synth/axi_wrapper/sclr_int_reg/C","sfo/initial_estimator/owner/fft/u_xfft/U0/i_synth/xfft_inst/non_floating_point.arch_d.xfft_inst/FLOW/reset_sustain.resets_4_pes[3].delay_reset_pe/count_addsub_reg[1].addsub_reg/R","1.579","0"
"clk500","0.304","2.000","sfo/initial_estimator/owner/fft/u_xfft/U0/i_synth/axi_wrapper/sclr_int_reg/C","sfo/initial_estimator/owner/fft/u_xfft/U0/i_synth/xfft_inst/non_floating_point.arch_d.xfft_inst/FLOW/reset_sustain.resets_4_pes[3].delay_reset_pe/count_addsub_reg[2].addsub_reg/R","1.579","0"
"clk500","0.304","2.000","sfo/initial_estimator/owner/fft/u_xfft/U0/i_synth/axi_wrapper/sclr_int_reg/C","sfo/initial_estimator/owner/fft/u_xfft/U0/i_synth/xfft_inst/non_floating_point.arch_d.xfft_inst/FLOW/reset_sustain.resets_4_pes[3].delay_reset_pe/count_addsub_reg[3].addsub_reg/R","1.579","0"
"clk500","0.305","2.000","cfo/windows/packed_windows/fifo/gnuram_async_fifo.xpm_fifo_base_inst/rdp_inst/count_value_i_reg[4]/C","cfo/windows/packed_windows/fifo/gnuram_async_fifo.xpm_fifo_base_inst/gen_sdpram.xpm_memory_base_inst/gen_wr_a.gen_word_narrow.mem_reg_bram_10/ADDRBWRADDR[9]","1.367","0"
"clk500","0.305","2.000","cfo/windows/poison_sync/syncstages_ff_reg[3]/C","cfo/windows/sample_index_reg[10]/D","1.677","4"
"clk500","0.305","2.000","sfo/residual_estimator/aux_service/u_xfft/U0/i_synth/xfft_inst/non_floating_point.arch_d.xfft_inst/pe_gen[0].natural_order_input.PE/delay_addr_tw/no_sclr_lut.real_shift_ram.use_baseblock.use_hlutnm_srls.srl_loop[2].i_fdre1/C","sfo/residual_estimator/aux_service/u_xfft/U0/i_synth/xfft_inst/non_floating_point.arch_d.xfft_inst/pe_gen[0].natural_order_input.PE/hasbf2.FB_2.BF_2/MEM/blk_ram.use_bram_only.mem/depth_12_s6_depth_11.main_ram_loop[1].use_RAMB18.ram_2k_loop[1].SDP_RAMB18_9x2048/ADDRBWRADDR[8]","1.365","0"
"clk500","0.305","2.000","cfo/estimator/reset_fast_sync/arststages_ff_reg[3]/C","cfo/observation_front/sum_i_reg[0]/R","1.578","2"
"clk500","0.305","2.000","cfo/estimator/reset_fast_sync/arststages_ff_reg[3]/C","cfo/observation_front/sum_i_reg[1]/R","1.578","2"
"clk500","0.305","2.000","cfo/estimator/reset_fast_sync/arststages_ff_reg[3]/C","cfo/observation_front/sum_i_reg[2]/R","1.578","2"
"clk500","0.305","2.000","cfo/estimator/reset_fast_sync/arststages_ff_reg[3]/C","cfo/observation_front/sum_i_reg[3]/R","1.578","2"
"clk500","0.305","2.000","cfo/windows/packed_windows/fifo/gnuram_async_fifo.xpm_fifo_base_inst/gen_sdpram.xpm_memory_base_inst/gen_wr_a.gen_word_narrow.mem_reg_bram_3/CLKBWRCLK","cfo/windows/packed_tail_reg[25]/D","1.630","0"
"clk500","0.305","2.000","sfo/residual_estimator/aux_service/u_xfft/U0/i_synth/axi_wrapper/gen_has_nfft.nfft_we_int_reg/C","sfo/residual_estimator/aux_service/u_xfft/U0/i_synth/xfft_inst/non_floating_point.arch_d.xfft_inst/FLOW/reset_sustain.resets_4_pes[4].delay_reset_pe/count_addsub_reg[4].addsub_reg/R","1.576","1"
"clk500","0.305","2.000","sfo/residual_estimator/aux_service/u_xfft/U0/i_synth/axi_wrapper/gen_has_nfft.nfft_we_int_reg/C","sfo/residual_estimator/aux_service/u_xfft/U0/i_synth/xfft_inst/non_floating_point.arch_d.xfft_inst/FLOW/reset_sustain.resets_4_pes[4].delay_reset_pe/count_addsub_reg[5].addsub_reg/R","1.576","1"
"clk500","0.305","2.000","sfo/residual_estimator/front_stage/main/service/u_xfft/U0/i_synth/xfft_inst/non_floating_point.arch_d.xfft_inst/has_bit_reverse.dig_rev_mem/blk_ram.use_bram_only.mem/depth_11.ram_loop[1].use_RAMB18.SDP_RAMB18_9x2048/CLKBWRCLK","sfo/residual_estimator/front_stage/main/service/u_xfft/U0/i_synth/xfft_inst/non_floating_point.arch_d.xfft_inst/has_bit_reverse.pe_natural_out_reg[9]/D","1.632","0"
"clk500","0.305","2.000","sfo/residual_estimator/front_stage/main/service/u_xfft/U0/i_synth/xfft_inst/non_floating_point.arch_d.xfft_inst/pe_gen[0].natural_order_input.PE/has_TW_mult.TW/MUX0/four_inputs.use_lut6.no_lut_sclr.four_to_one_mux[0].latency1.reg/C","sfo/residual_estimator/front_stage/main/service/u_xfft/U0/i_synth/xfft_inst/non_floating_point.arch_d.xfft_inst/pe_gen[0].natural_order_input.PE/has_TW_mult.TW/twiddle_generator/tw1.twgen1/cos_addr_2s_comp/use_output_reg.D_OUT_reg[2]/D","1.678","1"
"clk500","0.305","2.000","sfo/residual_estimator/aux_service/u_xfft/U0/i_synth/xfft_inst/non_floating_point.arch_d.xfft_inst/has_bit_reverse.natural_order_address_muxing.muxed_reorder_read_addr_reg[8]/C","sfo/residual_estimator/aux_service/u_xfft/U0/i_synth/xfft_inst/non_floating_point.arch_d.xfft_inst/has_bit_reverse.dig_rev_mem/blk_ram.use_bram_only.mem/depth_14.need_extra_rams.extra_ram_loop[0].use_RAMB18.SDP_RAMB18_1x16384/ADDRBWRADDR[8]","1.385","0"
"clk500","0.305","2.000","sfo/residual_estimator/aux_service/u_xfft/U0/i_synth/xfft_inst/non_floating_point.arch_d.xfft_inst/timing_cnts_has_nfft.run_time_sel_reg[3]/C","sfo/residual_estimator/aux_service/u_xfft/U0/i_synth/xfft_inst/non_floating_point.arch_d.xfft_inst/pe_gen[2].natural_order_input.PE/addr_select.bf1_addr_mux_gen[9].reg/D","1.678","1"
"clk500","0.306","2.000","cfo/observation_front/fft_core/v_reg[5]/C","cfo/observation_front/fft_core/tag_reg[6][row_a][3]/CE","1.589","1"
"clk500","0.306","2.000","cfo/observation_front/fft_core/v_reg[5]/C","cfo/observation_front/fft_core/tag_reg[6][row_a][9]/CE","1.589","1"
"clk500","0.306","2.000","sfo/residual_estimator/aux_service/u_xfft/U0/i_synth/xfft_inst/non_floating_point.arch_d.xfft_inst/pe_gen[0].natural_order_input.PE/FB_1.BF_1/wr_addr_del/no_sclr_lut.real_shift_ram.use_baseblock.use_hlutnm_srls.srl_loop[5].i_fdre1/C","sfo/residual_estimator/aux_service/u_xfft/U0/i_synth/xfft_inst/non_floating_point.arch_d.xfft_inst/pe_gen[0].natural_order_input.PE/FB_1.BF_1/MEM/blk_ram.use_bram_only.mem/depth_13_s6_depth_12.main_ram_loop[1].use_RAMB18.ram_2k_loop[0].SDP_RAMB18_9x2048/WEA[0]","1.274","1"
"clk500","0.306","2.000","cfo/observation_front/fft_core/offset_in_group_reg[0]/C","cfo/observation_front/fft_core/offset_in_group_reg[3]/D","1.675","4"
"clk500","0.306","2.000","cfo/windows/packed_windows/fifo/gnuram_async_fifo.xpm_fifo_base_inst/gen_sdpram.xpm_memory_base_inst/gen_wr_a.gen_word_narrow.mem_reg_bram_11/CLKBWRCLK","cfo/windows/packed_tail_reg[86]/D","1.629","0"
"clk500","0.306","2.000","cfo/windows/packed_windows/fifo/gnuram_async_fifo.xpm_fifo_base_inst/rdp_inst/count_value_i_reg[2]/C","cfo/windows/packed_windows/fifo/gnuram_async_fifo.xpm_fifo_base_inst/gen_cdc_pntr.rd_pntr_cdc_dc_inst/src_gray_ff_reg[3]/D","1.676","2"
"clk500","0.306","2.000","sfo/residual_estimator/front_stage/main/service/u_xfft/U0/i_synth/xfft_inst/non_floating_point.arch_d.xfft_inst/has_bit_reverse.natural_order_address_muxing.muxed_reorder_read_addr_reg[5]/C","sfo/residual_estimator/front_stage/main/service/u_xfft/U0/i_synth/xfft_inst/non_floating_point.arch_d.xfft_inst/has_bit_reverse.dig_rev_mem/blk_ram.use_bram_only.mem/depth_11.ram_loop[3].use_RAMB18.SDP_RAMB18_9x2048/ADDRBWRADDR[8]","1.386","0"
"clk500","0.306","2.000","sfo/residual_estimator/front_stage/main/service/u_xfft/U0/i_synth/xfft_inst/non_floating_point.arch_d.xfft_inst/pe_gen[0].natural_order_input.PE/has_addr_gen.bf2_addr_gen/cnt/cnt_addsub/i_baseblox.i_baseblox_addsub/no_pipelining.the_addsub/i_lut6.i_lut6_addsub/i_q.i_simple.qreg/i_no_async_controls.output_reg[4]/C","sfo/residual_estimator/front_stage/main/service/u_xfft/U0/i_synth/xfft_inst/non_floating_point.arch_d.xfft_inst/pe_gen[0].natural_order_input.PE/FB_1.BF_1/MEM/blk_ram.use_bram_only.mem/depth_10.ram_loop[0].use_RAMB18.SDP_RAMB18_18x1024/ADDRBWRADDR[7]","1.364","0"
"clk500","0.306","2.000","cfo/estimator/reset_fast_sync/arststages_ff_reg[3]/C","cfo/observation_front/sum_i_reg[4]/R","1.577","2"
"clk500","0.306","2.000","cfo/estimator/reset_fast_sync/arststages_ff_reg[3]/C","cfo/observation_front/sum_i_reg[5]/R","1.577","2"
"clk500","0.306","2.000","cfo/estimator/reset_fast_sync/arststages_ff_reg[3]/C","cfo/observation_front/sum_i_reg[6]/R","1.577","2"
"clk500","0.306","2.000","cfo/estimator/reset_fast_sync/arststages_ff_reg[3]/C","cfo/observation_front/sum_i_reg[7]/R","1.577","2"
"clk500","0.306","2.000","sfo/residual_estimator/aux_service/u_xfft/U0/i_synth/xfft_inst/non_floating_point.arch_d.xfft_inst/has_bit_reverse.no_cp.muxed_reorder_write_addr_del_reg[2]/C","sfo/residual_estimator/aux_service/u_xfft/U0/i_synth/xfft_inst/non_floating_point.arch_d.xfft_inst/has_bit_reverse.dig_rev_mem/blk_ram.use_bram_only.mem/depth_14.need_extra_rams.extra_ram_loop[4].use_RAMB18.SDP_RAMB18_1x16384/ADDRARDADDR[2]","1.357","0"
"clk500","0.306","2.000","sfo/residual_estimator/front_stage/main/service/u_xfft/U0/i_synth/axi_wrapper/sclr_int_reg/C","sfo/residual_estimator/front_stage/main/service/u_xfft/U0/i_synth/xfft_inst/non_floating_point.arch_d.xfft_inst/has_bit_reverse.no_cyclic_prefix_xk_counter.DOUT_CNT_CTRL_1/cnt/i_tc_reg/R","1.578","0"
"clk500","0.306","2.000","sfo/residual_estimator/front_stage/main/service/u_xfft/U0/i_synth/axi_wrapper/sclr_int_reg/C","sfo/residual_estimator/front_stage/main/service/u_xfft/U0/i_synth/xfft_inst/non_floating_point.arch_d.xfft_inst/no_run_time_1.dout_rev_index_int_reg[0]/R","1.578","0"
"clk500","0.307","2.000","cfo/windows/complete_windows/fifo/gnuram_async_fifo.xpm_fifo_base_inst/xpm_fifo_rst_inst/gen_rst_ic.fifo_rd_rst_ic_reg/C","cfo/windows/complete_windows/fifo/gnuram_async_fifo.xpm_fifo_base_inst/gen_sdpram.xpm_memory_base_inst/gen_wr_a.gen_word_narrow.mem_reg/RSTREGARSTREG","1.354","0"
"clk500","0.307","2.000","sfo/residual_estimator/aux_service/u_xfft/U0/i_synth/xfft_inst/non_floating_point.arch_d.xfft_inst/has_bit_reverse.no_cp.muxed_reorder_write_addr_del_reg[1]/C","sfo/residual_estimator/aux_service/u_xfft/U0/i_synth/xfft_inst/non_floating_point.arch_d.xfft_inst/has_bit_reverse.dig_rev_mem/blk_ram.use_bram_only.mem/depth_14.need_extra_rams.extra_ram_loop[0].use_RAMB18.SDP_RAMB18_1x16384/ADDRARDADDR[1]","1.346","0"
"clk500","0.307","2.000","sfo/residual_estimator/front_stage/main/service/u_xfft/U0/i_synth/axi_wrapper/data_in_channel_fifo/gen_real_time.full_reg/C","sfo/residual_estimator/front_stage/main/service/u_ingress_fifo/gnuram_async_fifo.xpm_fifo_base_inst/rdpp1_inst/count_value_i_reg[5]/D","1.674","5"
"clk500","0.307","2.000","sfo/residual_estimator/front_stage/main/service/u_egress_fifo/gnuram_async_fifo.xpm_fifo_base_inst/xpm_fifo_rst_inst/gen_rst_ic.wr_rst_busy_ic_reg/C","sfo/residual_estimator/front_stage/main/service/u_egress_fifo/gnuram_async_fifo.xpm_fifo_base_inst/gen_sdpram.xpm_memory_base_inst/gen_wr_a.gen_word_narrow.mem_reg_bram_0/WEA[0]","1.275","3"
"clk500","0.307","2.000","sfo/initial_estimator/owner/fft/u_xfft/U0/i_synth/axi_wrapper/sclr_int_reg/C","sfo/initial_estimator/owner/fft/u_xfft/U0/i_synth/xfft_inst/non_floating_point.arch_d.xfft_inst/FLOW/reset_sustain.resets_4_pes[3].delay_reset_pe/count_addsub_reg[4].addsub_reg/R","1.576","0"
"clk500","0.307","2.000","sfo/initial_estimator/owner/fft/u_xfft/U0/i_synth/axi_wrapper/sclr_int_reg/C","sfo/initial_estimator/owner/fft/u_xfft/U0/i_synth/xfft_inst/non_floating_point.arch_d.xfft_inst/FLOW/reset_sustain.resets_4_pes[3].delay_reset_pe/count_addsub_reg[5].addsub_reg/R","1.576","0"
"clk500","0.308","2.000","cfo/observation_front/fft_core/v_reg[0]/C","cfo/observation_front/fft_core/tag_reg[1][row_b][3]/CE","1.587","1"
"clk500","0.308","2.000","sfo/residual_estimator/front_stage/main/service/u_xfft/U0/i_synth/axi_wrapper/sclr_int_reg/C","sfo/residual_estimator/front_stage/main/service/u_xfft/U0/i_synth/xfft_inst/non_floating_point.arch_d.xfft_inst/has_bit_reverse.fixed_pt_size_muxed_addresses.read_addr_fixed_nfft_delay/need_sclr_lut.depth1_shift_ram.FF_gen[4].reg/D","1.674","1"
"clk500","0.308","2.000","sfo/residual_estimator/aux_service/u_xfft/U0/i_synth/axi_wrapper/reset_pipe_reg[1]/C","sfo/residual_estimator/aux_service/u_xfft/U0/i_synth/axi_wrapper/gen_has_nfft.nfft_expandedm1_reg[10]/S","1.574","0"
"clk500","0.309","2.000","cfo/windows/complete_windows/fifo/gnuram_async_fifo.xpm_fifo_base_inst/gen_fwft.gdvld_fwft.data_valid_fwft_reg/C","cfo/windows/fast_header_reg[13]/CE","1.586","2"
"clk500","0.309","2.000","cfo/windows/complete_windows/fifo/gnuram_async_fifo.xpm_fifo_base_inst/gen_fwft.gdvld_fwft.data_valid_fwft_reg/C","cfo/windows/fast_header_reg[1]/CE","1.586","2"
"clk500","0.309","2.000","cfo/windows/complete_windows/fifo/gnuram_async_fifo.xpm_fifo_base_inst/gen_fwft.gdvld_fwft.data_valid_fwft_reg/C","cfo/windows/fast_header_reg[50]/CE","1.586","2"
"clk500","0.309","2.000","cfo/windows/complete_windows/fifo/gnuram_async_fifo.xpm_fifo_base_inst/gen_fwft.gdvld_fwft.data_valid_fwft_reg/C","cfo/windows/fast_header_reg[54]/CE","1.586","2"
"clk500","0.309","2.000","sfo/residual_estimator/front_stage/main/service/u_xfft/U0/i_synth/xfft_inst/non_floating_point.arch_d.xfft_inst/FLOW/proc0_counter/cnt_addsub/i_baseblox.i_baseblox_addsub/no_pipelining.the_addsub/i_lut6.i_lut6_addsub/i_q.i_simple.qreg/i_no_async_controls.output_reg[9]/C","sfo/residual_estimator/front_stage/main/service/u_xfft/U0/i_synth/axi_wrapper/blk_event_tlast_unexpected.event_tlast_unexpected_reg/D","1.673","3"
"clk500","0.309","2.000","cfo/estimator/observation_fifo/gnuram_async_fifo.xpm_fifo_base_inst/gen_pf_ic_rc.ngen_full_rst_val.ram_full_i_reg/C","cfo/estimator/observation_fifo/gnuram_async_fifo.xpm_fifo_base_inst/gen_sdpram.xpm_memory_base_inst/gen_wr_a.gen_word_narrow.mem_reg_0_15_70_83/RAMA/WE","1.491","2"
"clk500","0.309","2.000","cfo/estimator/observation_fifo/gnuram_async_fifo.xpm_fifo_base_inst/gen_pf_ic_rc.ngen_full_rst_val.ram_full_i_reg/C","cfo/estimator/observation_fifo/gnuram_async_fifo.xpm_fifo_base_inst/gen_sdpram.xpm_memory_base_inst/gen_wr_a.gen_word_narrow.mem_reg_0_15_70_83/RAMA_D1/WE","1.491","2"
"clk500","0.309","2.000","cfo/estimator/observation_fifo/gnuram_async_fifo.xpm_fifo_base_inst/gen_pf_ic_rc.ngen_full_rst_val.ram_full_i_reg/C","cfo/estimator/observation_fifo/gnuram_async_fifo.xpm_fifo_base_inst/gen_sdpram.xpm_memory_base_inst/gen_wr_a.gen_word_narrow.mem_reg_0_15_70_83/RAMB/WE","1.491","2"
"clk500","0.309","2.000","cfo/estimator/observation_fifo/gnuram_async_fifo.xpm_fifo_base_inst/gen_pf_ic_rc.ngen_full_rst_val.ram_full_i_reg/C","cfo/estimator/observation_fifo/gnuram_async_fifo.xpm_fifo_base_inst/gen_sdpram.xpm_memory_base_inst/gen_wr_a.gen_word_narrow.mem_reg_0_15_70_83/RAMB_D1/WE","1.491","2"
"clk500","0.309","2.000","cfo/estimator/observation_fifo/gnuram_async_fifo.xpm_fifo_base_inst/gen_pf_ic_rc.ngen_full_rst_val.ram_full_i_reg/C","cfo/estimator/observation_fifo/gnuram_async_fifo.xpm_fifo_base_inst/gen_sdpram.xpm_memory_base_inst/gen_wr_a.gen_word_narrow.mem_reg_0_15_70_83/RAMC/WE","1.491","2"
"clk500","0.309","2.000","cfo/estimator/observation_fifo/gnuram_async_fifo.xpm_fifo_base_inst/gen_pf_ic_rc.ngen_full_rst_val.ram_full_i_reg/C","cfo/estimator/observation_fifo/gnuram_async_fifo.xpm_fifo_base_inst/gen_sdpram.xpm_memory_base_inst/gen_wr_a.gen_word_narrow.mem_reg_0_15_70_83/RAMC_D1/WE","1.491","2"
"clk500","0.309","2.000","cfo/estimator/observation_fifo/gnuram_async_fifo.xpm_fifo_base_inst/gen_pf_ic_rc.ngen_full_rst_val.ram_full_i_reg/C","cfo/estimator/observation_fifo/gnuram_async_fifo.xpm_fifo_base_inst/gen_sdpram.xpm_memory_base_inst/gen_wr_a.gen_word_narrow.mem_reg_0_15_70_83/RAMD/WE","1.491","2"
"clk500","0.309","2.000","cfo/estimator/observation_fifo/gnuram_async_fifo.xpm_fifo_base_inst/gen_pf_ic_rc.ngen_full_rst_val.ram_full_i_reg/C","cfo/estimator/observation_fifo/gnuram_async_fifo.xpm_fifo_base_inst/gen_sdpram.xpm_memory_base_inst/gen_wr_a.gen_word_narrow.mem_reg_0_15_70_83/RAMD_D1/WE","1.491","2"
"clk500","0.309","2.000","cfo/estimator/observation_fifo/gnuram_async_fifo.xpm_fifo_base_inst/gen_pf_ic_rc.ngen_full_rst_val.ram_full_i_reg/C","cfo/estimator/observation_fifo/gnuram_async_fifo.xpm_fifo_base_inst/gen_sdpram.xpm_memory_base_inst/gen_wr_a.gen_word_narrow.mem_reg_0_15_70_83/RAME/WE","1.491","2"
"clk500","0.309","2.000","cfo/estimator/observation_fifo/gnuram_async_fifo.xpm_fifo_base_inst/gen_pf_ic_rc.ngen_full_rst_val.ram_full_i_reg/C","cfo/estimator/observation_fifo/gnuram_async_fifo.xpm_fifo_base_inst/gen_sdpram.xpm_memory_base_inst/gen_wr_a.gen_word_narrow.mem_reg_0_15_70_83/RAME_D1/WE","1.491","2"
"clk500","0.309","2.000","cfo/estimator/observation_fifo/gnuram_async_fifo.xpm_fifo_base_inst/gen_pf_ic_rc.ngen_full_rst_val.ram_full_i_reg/C","cfo/estimator/observation_fifo/gnuram_async_fifo.xpm_fifo_base_inst/gen_sdpram.xpm_memory_base_inst/gen_wr_a.gen_word_narrow.mem_reg_0_15_70_83/RAMF/WE","1.491","2"
"clk500","0.309","2.000","cfo/estimator/observation_fifo/gnuram_async_fifo.xpm_fifo_base_inst/gen_pf_ic_rc.ngen_full_rst_val.ram_full_i_reg/C","cfo/estimator/observation_fifo/gnuram_async_fifo.xpm_fifo_base_inst/gen_sdpram.xpm_memory_base_inst/gen_wr_a.gen_word_narrow.mem_reg_0_15_70_83/RAMF_D1/WE","1.491","2"
"clk500","0.309","2.000","cfo/estimator/observation_fifo/gnuram_async_fifo.xpm_fifo_base_inst/gen_pf_ic_rc.ngen_full_rst_val.ram_full_i_reg/C","cfo/estimator/observation_fifo/gnuram_async_fifo.xpm_fifo_base_inst/gen_sdpram.xpm_memory_base_inst/gen_wr_a.gen_word_narrow.mem_reg_0_15_70_83/RAMG/WE","1.491","2"
"clk500","0.309","2.000","cfo/estimator/observation_fifo/gnuram_async_fifo.xpm_fifo_base_inst/gen_pf_ic_rc.ngen_full_rst_val.ram_full_i_reg/C","cfo/estimator/observation_fifo/gnuram_async_fifo.xpm_fifo_base_inst/gen_sdpram.xpm_memory_base_inst/gen_wr_a.gen_word_narrow.mem_reg_0_15_70_83/RAMG_D1/WE","1.491","2"
"clk500","0.309","2.000","cfo/estimator/observation_fifo/gnuram_async_fifo.xpm_fifo_base_inst/gen_pf_ic_rc.ngen_full_rst_val.ram_full_i_reg/C","cfo/estimator/observation_fifo/gnuram_async_fifo.xpm_fifo_base_inst/gen_sdpram.xpm_memory_base_inst/gen_wr_a.gen_word_narrow.mem_reg_0_15_70_83/RAMH/WE","1.491","2"
"clk500","0.309","2.000","cfo/estimator/observation_fifo/gnuram_async_fifo.xpm_fifo_base_inst/gen_pf_ic_rc.ngen_full_rst_val.ram_full_i_reg/C","cfo/estimator/observation_fifo/gnuram_async_fifo.xpm_fifo_base_inst/gen_sdpram.xpm_memory_base_inst/gen_wr_a.gen_word_narrow.mem_reg_0_15_70_83/RAMH_D1/WE","1.491","2"
"clk500","0.309","2.000","cfo/observation_front/pr4_reg/DSP_OUTPUT_INST/CLK","cfo/observation_front/h_i5_reg[15]/D","1.641","5"
"clk500","0.309","2.000","cfo/observation_front/pr4_reg/DSP_OUTPUT_INST/CLK","cfo/observation_front/h_i5_reg[17]/D","1.641","6"
"clk500","0.309","2.000","sfo/residual_estimator/aux_service/u_xfft/U0/i_synth/xfft_inst/non_floating_point.arch_d.xfft_inst/has_bit_reverse.natural_order_address_muxing.muxed_reorder_read_addr_reg[5]/C","sfo/residual_estimator/aux_service/u_xfft/U0/i_synth/xfft_inst/non_floating_point.arch_d.xfft_inst/has_bit_reverse.dig_rev_mem/blk_ram.use_bram_only.mem/depth_14.need_extra_rams.extra_ram_loop[0].use_RAMB18.SDP_RAMB18_1x16384/ADDRBWRADDR[5]","1.396","0"
"clk500","0.309","2.000","sfo/residual_estimator/aux_service/u_xfft/U0/i_synth/xfft_inst/non_floating_point.arch_d.xfft_inst/pe_gen[0].natural_order_input.PE/has_addr_gen.bf2_addr_gen/cnt/cnt_addsub/i_baseblox.i_baseblox_addsub/no_pipelining.the_addsub/i_lut6.i_lut6_addsub/i_q.i_simple.qreg/i_no_async_controls.output_reg[3]/C","sfo/residual_estimator/aux_service/u_xfft/U0/i_synth/xfft_inst/non_floating_point.arch_d.xfft_inst/pe_gen[0].natural_order_input.PE/FB_1.BF_1/MEM/blk_ram.use_bram_only.mem/depth_13_s6_depth_12.main_ram_loop[1].use_RAMB18.ram_2k_loop[2].SDP_RAMB18_9x2048/ADDRBWRADDR[5]","1.379","0"
"clk500","0.309","2.000","cfo/windows/packed_windows/fifo/gnuram_async_fifo.xpm_fifo_base_inst/gen_sdpram.xpm_memory_base_inst/gen_wr_a.gen_word_narrow.mem_reg_bram_3/CLKBWRCLK","cfo/windows/packed_tail_reg[33]/D","1.626","0"
"clk500","0.310","2.000","cfo/observation_front/fft_core/v_reg[0]/C","cfo/observation_front/fft_core/tag_reg[1][row_a][4]/CE","1.585","1"
"clk500","0.310","2.000","cfo/observation_front/pr4_reg/DSP_OUTPUT_INST/CLK","cfo/observation_front/h_i5_reg[13]/D","1.640","5"
"clk500","0.310","2.000","sfo/residual_estimator/aux_service/u_xfft/U0/i_synth/xfft_inst/non_floating_point.arch_d.xfft_inst/pe_gen[0].natural_order_input.PE/FB_1.BF_1/wr_addr_del/no_sclr_lut.real_shift_ram.use_baseblock.use_hlutnm_srls.srl_loop[0].i_fdre1/C","sfo/residual_estimator/aux_service/u_xfft/U0/i_synth/xfft_inst/non_floating_point.arch_d.xfft_inst/pe_gen[0].natural_order_input.PE/FB_1.BF_1/MEM/blk_ram.use_bram_only.mem/depth_13_s6_depth_12.main_ram_loop[2].use_RAMB18.ram_2k_loop[2].SDP_RAMB18_9x2048/ADDRARDADDR[4]","1.330","0"
"clk500","0.310","2.000","sfo/residual_estimator/aux_service/u_xfft/U0/i_synth/xfft_inst/non_floating_point.arch_d.xfft_inst/pe_gen[0].natural_order_input.PE/hasbf2.FB_2.BF_2/wr_addr_del/no_sclr_lut.real_shift_ram.use_baseblock.use_hlutnm_srls.srl_loop[5].i_fdre1/C","sfo/residual_estimator/aux_service/u_xfft/U0/i_synth/xfft_inst/non_floating_point.arch_d.xfft_inst/pe_gen[0].natural_order_input.PE/hasbf2.FB_2.BF_2/MEM/blk_ram.use_bram_only.mem/depth_12_s6_depth_11.main_ram_loop[1].use_RAMB18.ram_2k_loop[0].SDP_RAMB18_9x2048/WEA[0]","1.270","1"
"clk500","0.310","2.000","cfo/windows/packed_windows/fifo/gnuram_async_fifo.xpm_fifo_base_inst/gen_sdpram.xpm_memory_base_inst/gen_wr_a.gen_word_narrow.mem_reg_bram_11/CLKBWRCLK","cfo/windows/packed_tail_reg[103]/D","1.625","0"
"clk500","0.310","2.000","sfo/residual_estimator/aux_service/u_xfft/U0/i_synth/xfft_inst/non_floating_point.arch_d.xfft_inst/has_bit_reverse.no_cp.muxed_reorder_write_addr_del_reg[12]/C","sfo/residual_estimator/aux_service/u_xfft/U0/i_synth/xfft_inst/non_floating_point.arch_d.xfft_inst/has_bit_reverse.dig_rev_mem/blk_ram.use_bram_only.mem/depth_14.main_ram_loop[2].use_RAMB18.ram_2k_loop[4].SDP_RAMB18_9x2048/WEA[0]","1.273","1"
"clk500","0.310","2.000","sfo/residual_estimator/aux_service/u_xfft/U0/i_synth/xfft_inst/non_floating_point.arch_d.xfft_inst/pe_gen[1].natural_order_input.PE/FB_1.BF_1/yes_nfft.bypass_reg/no_sclr_lut.real_shift_ram.use_baseblock.not_use_hlutnm_srls.i_shift_ram/i_bb_inst/f0.srl_sig_reg[1][0]/C","sfo/residual_estimator/aux_service/u_xfft/U0/i_synth/xfft_inst/non_floating_point.arch_d.xfft_inst/pe_gen[1].natural_order_input.PE/FB_1.BF_1/BTFLY0/logic_bfly_byp.add_r/adder/i_baseblox.i_baseblox_addsub/no_pipelining.the_addsub/i_lut6.i_lut6_addsub/i_q.i_simple.qreg/i_no_async_controls.output_reg[13]/D","1.670","3"
"clk500","0.310","2.000","sfo/residual_estimator/aux_service/u_xfft/U0/i_synth/xfft_inst/non_floating_point.arch_d.xfft_inst/timing_cnts_has_nfft.run_time_sel_reg[4]/C","sfo/residual_estimator/aux_service/u_xfft/U0/i_synth/xfft_inst/non_floating_point.arch_d.xfft_inst/pe_gen[3].natural_order_input.PE/addr_select.bf1_addr_mux_gen[1].reg/D","1.672","1"
"clk500","0.311","2.000","sfo/residual_estimator/aux_service/u_xfft/U0/i_synth/xfft_inst/non_floating_point.arch_d.xfft_inst/has_bit_reverse.no_cp.muxed_reorder_write_addr_del_reg[8]/C","sfo/residual_estimator/aux_service/u_xfft/U0/i_synth/xfft_inst/non_floating_point.arch_d.xfft_inst/has_bit_reverse.dig_rev_mem/blk_ram.use_bram_only.mem/depth_14.main_ram_loop[1].use_RAMB18.ram_2k_loop[7].SDP_RAMB18_9x2048/ADDRARDADDR[11]","1.402","0"
"clk500","0.311","2.000","cfo/observation_front/fft_core/bank0_reg_bram_1/CLKBWRCLK","cfo/observation_front/fft_core/ri3_reg/DSP_A_B_DATA_INST/A[29]","1.348","1"
"clk500","0.311","2.000","sfo/residual_estimator/aux_service/u_xfft/U0/i_synth/xfft_inst/non_floating_point.arch_d.xfft_inst/has_bit_reverse.natural_order_address_muxing.muxed_reorder_read_addr_reg[2]/C","sfo/residual_estimator/aux_service/u_xfft/U0/i_synth/xfft_inst/non_floating_point.arch_d.xfft_inst/has_bit_reverse.dig_rev_mem/blk_ram.use_bram_only.mem/depth_14.main_ram_loop[2].use_RAMB18.ram_2k_loop[7].SDP_RAMB18_9x2048/ADDRBWRADDR[5]","1.378","0"
"clk500","0.311","2.000","sfo/residual_estimator/aux_service/u_xfft/U0/i_synth/xfft_inst/non_floating_point.arch_d.xfft_inst/has_bit_reverse.natural_order_address_muxing.muxed_reorder_read_addr_reg[0]/C","sfo/residual_estimator/aux_service/u_xfft/U0/i_synth/xfft_inst/non_floating_point.arch_d.xfft_inst/has_bit_reverse.dig_rev_mem/blk_ram.use_bram_only.mem/depth_14.main_ram_loop[1].use_RAMB18.ram_2k_loop[0].SDP_RAMB18_9x2048/ADDRBWRADDR[3]","1.342","0"
"clk500","0.311","2.000","sfo/residual_estimator/aux_service/u_xfft/U0/i_synth/xfft_inst/non_floating_point.arch_d.xfft_inst/pe_gen[0].natural_order_input.PE/has_addr_gen.bf2_addr_gen/cnt/cnt_addsub/i_baseblox.i_baseblox_addsub/no_pipelining.the_addsub/i_lut6.i_lut6_addsub/i_q.i_simple.qreg/i_no_async_controls.output_reg[4]/C","sfo/residual_estimator/aux_service/u_xfft/U0/i_synth/xfft_inst/non_floating_point.arch_d.xfft_inst/pe_gen[0].natural_order_input.PE/FB_1.BF_1/MEM/blk_ram.use_bram_only.mem/depth_13_s6_depth_12.need_extra_rams.extra_ram_loop[2].use_RAMB18.SDP_RAMB18_2x8192/ADDRBWRADDR[4]","1.302","0"
"clk500","0.311","2.000","sfo/residual_estimator/front_stage/main/service/u_xfft/U0/i_synth/xfft_inst/non_floating_point.arch_d.xfft_inst/has_bit_reverse.dig_rev_mem/blk_ram.use_bram_only.mem/depth_11.ram_loop[2].use_RAMB18.SDP_RAMB18_9x2048/CLKBWRCLK","sfo/residual_estimator/front_stage/main/service/u_xfft/U0/i_synth/xfft_inst/non_floating_point.arch_d.xfft_inst/has_bit_reverse.pe_natural_out_reg[20]/D","1.626","0"
"clk500","0.311","2.000","sfo/residual_estimator/aux_service/u_xfft/U0/i_synth/xfft_inst/non_floating_point.arch_d.xfft_inst/pe_gen[0].natural_order_input.PE/has_addr_gen.bf2_addr_gen/cnt/cnt_addsub/i_baseblox.i_baseblox_addsub/no_pipelining.the_addsub/i_lut6.i_lut6_addsub/i_q.i_simple.qreg/i_no_async_controls.output_reg[2]/C","sfo/residual_estimator/aux_service/u_xfft/U0/i_synth/xfft_inst/non_floating_point.arch_d.xfft_inst/pe_gen[0].natural_order_input.PE/FB_1.BF_1/MEM/blk_ram.use_bram_only.mem/depth_13_s6_depth_12.main_ram_loop[2].use_RAMB18.ram_2k_loop[2].SDP_RAMB18_9x2048/ADDRBWRADDR[4]","1.306","0"
"clk500","0.311","2.000","sfo/residual_estimator/front_stage/main/service/u_xfft/U0/i_synth/xfft_inst/non_floating_point.arch_d.xfft_inst/has_bit_reverse.dig_rev_mem/blk_ram.use_bram_only.mem/depth_11.ram_loop[1].use_RAMB18.SDP_RAMB18_9x2048/CLKBWRCLK","sfo/residual_estimator/front_stage/main/service/u_xfft/U0/i_synth/xfft_inst/non_floating_point.arch_d.xfft_inst/has_bit_reverse.pe_natural_out_reg[16]/D","1.626","0"
"clk500","0.312","2.000","cfo/windows/complete_windows/fifo/gnuram_async_fifo.xpm_fifo_base_inst/gen_fwft.gdvld_fwft.data_valid_fwft_reg/C","cfo/windows/fast_header_reg[15]/CE","1.583","2"
"clk500","0.312","2.000","cfo/windows/complete_windows/fifo/gnuram_async_fifo.xpm_fifo_base_inst/gen_fwft.gdvld_fwft.data_valid_fwft_reg/C","cfo/windows/fast_header_reg[19]/CE","1.583","2"
"clk500","0.312","2.000","cfo/windows/complete_windows/fifo/gnuram_async_fifo.xpm_fifo_base_inst/gen_fwft.gdvld_fwft.data_valid_fwft_reg/C","cfo/windows/fast_header_reg[23]/CE","1.583","2"
"clk500","0.312","2.000","cfo/windows/complete_windows/fifo/gnuram_async_fifo.xpm_fifo_base_inst/gen_fwft.gdvld_fwft.data_valid_fwft_reg/C","cfo/windows/fast_header_reg[28]/CE","1.583","2"
"clk500","0.312","2.000","cfo/windows/complete_windows/fifo/gnuram_async_fifo.xpm_fifo_base_inst/gen_fwft.gdvld_fwft.data_valid_fwft_reg/C","cfo/windows/fast_header_reg[36]/CE","1.583","2"
"clk500","0.312","2.000","cfo/windows/complete_windows/fifo/gnuram_async_fifo.xpm_fifo_base_inst/gen_fwft.gdvld_fwft.data_valid_fwft_reg/C","cfo/windows/fast_header_reg[38]/CE","1.583","2"
"clk500","0.312","2.000","cfo/windows/complete_windows/fifo/gnuram_async_fifo.xpm_fifo_base_inst/gen_fwft.gdvld_fwft.data_valid_fwft_reg/C","cfo/windows/fast_header_reg[40]/CE","1.583","2"
"clk500","0.312","2.000","cfo/windows/complete_windows/fifo/gnuram_async_fifo.xpm_fifo_base_inst/gen_fwft.gdvld_fwft.data_valid_fwft_reg/C","cfo/windows/fast_header_reg[45]/CE","1.583","2"
"clk500","0.312","2.000","cfo/windows/complete_windows/fifo/gnuram_async_fifo.xpm_fifo_base_inst/gen_fwft.gdvld_fwft.data_valid_fwft_reg/C","cfo/windows/fast_header_reg[48]/CE","1.583","2"
"clk500","0.312","2.000","cfo/windows/complete_windows/fifo/gnuram_async_fifo.xpm_fifo_base_inst/gen_fwft.gdvld_fwft.data_valid_fwft_reg/C","cfo/windows/fast_header_reg[53]/CE","1.583","2"
"clk500","0.312","2.000","cfo/windows/complete_windows/fifo/gnuram_async_fifo.xpm_fifo_base_inst/gen_fwft.gdvld_fwft.data_valid_fwft_reg/C","cfo/windows/fast_header_reg[55]/CE","1.583","2"
"clk500","0.312","2.000","sfo/residual_estimator/aux_service/u_egress_fifo/gnuram_async_fifo.xpm_fifo_base_inst/xpm_fifo_rst_inst/gen_rst_ic.wr_rst_busy_ic_reg/C","sfo/residual_estimator/aux_service/u_egress_fifo/gnuram_async_fifo.xpm_fifo_base_inst/wrp_inst/count_value_i_reg[10]/CE","1.583","3"
"clk500","0.312","2.000","sfo/residual_estimator/aux_service/u_egress_fifo/gnuram_async_fifo.xpm_fifo_base_inst/xpm_fifo_rst_inst/gen_rst_ic.wr_rst_busy_ic_reg/C","sfo/residual_estimator/aux_service/u_egress_fifo/gnuram_async_fifo.xpm_fifo_base_inst/wrp_inst/count_value_i_reg[11]/CE","1.583","3"
"clk500","0.312","2.000","sfo/residual_estimator/aux_service/u_egress_fifo/gnuram_async_fifo.xpm_fifo_base_inst/xpm_fifo_rst_inst/gen_rst_ic.wr_rst_busy_ic_reg/C","sfo/residual_estimator/aux_service/u_egress_fifo/gnuram_async_fifo.xpm_fifo_base_inst/wrp_inst/count_value_i_reg[12]/CE","1.583","3"
"clk500","0.312","2.000","sfo/residual_estimator/aux_service/u_egress_fifo/gnuram_async_fifo.xpm_fifo_base_inst/xpm_fifo_rst_inst/gen_rst_ic.wr_rst_busy_ic_reg/C","sfo/residual_estimator/aux_service/u_egress_fifo/gnuram_async_fifo.xpm_fifo_base_inst/wrp_inst/count_value_i_reg[4]/D","1.668","5"
"clk500","0.312","2.000","sfo/residual_estimator/aux_service/u_egress_fifo/gnuram_async_fifo.xpm_fifo_base_inst/xpm_fifo_rst_inst/gen_rst_ic.wr_rst_busy_ic_reg/C","sfo/residual_estimator/aux_service/u_egress_fifo/gnuram_async_fifo.xpm_fifo_base_inst/wrp_inst/count_value_i_reg[9]/CE","1.583","3"
"clk500","0.312","2.000","sfo/residual_estimator/aux_service/u_xfft/U0/i_synth/xfft_inst/non_floating_point.arch_d.xfft_inst/pe_gen[0].natural_order_input.PE/FB_1.BF_1/wr_addr_del/no_sclr_lut.real_shift_ram.use_baseblock.use_hlutnm_srls.srl_loop[2].i_fdre1/C","sfo/residual_estimator/aux_service/u_xfft/U0/i_synth/xfft_inst/non_floating_point.arch_d.xfft_inst/pe_gen[0].natural_order_input.PE/FB_1.BF_1/MEM/blk_ram.use_bram_only.mem/depth_13_s6_depth_12.main_ram_loop[2].use_RAMB18.ram_2k_loop[2].SDP_RAMB18_9x2048/ADDRARDADDR[8]","1.395","0"
"clk500","0.312","2.000","sfo/residual_estimator/aux_service/u_xfft/U0/i_synth/xfft_inst/non_floating_point.arch_d.xfft_inst/timing_cnts_has_nfft.run_time_sel_reg[5]/C","sfo/residual_estimator/aux_service/u_xfft/U0/i_synth/xfft_inst/non_floating_point.arch_d.xfft_inst/pe_gen[4].natural_order_input.PE/bypass_muxes.din_re_mux_gen[8].reg/D","1.670","1"
"clk500","0.312","2.000","cfo/observation_front/fft_core/v_reg[5]/C","cfo/observation_front/fft_core/tag_reg[6][row_a][2]/CE","1.584","1"
"clk500","0.312","2.000","cfo/observation_front/fft_core/v_reg[5]/C","cfo/observation_front/fft_core/tag_reg[6][row_a][4]/CE","1.584","1"
"clk500","0.312","2.000","cfo/observation_front/fft_core/v_reg[5]/C","cfo/observation_front/fft_core/tag_reg[6][row_b][6]/CE","1.584","1"
"clk500","0.312","2.000","sfo/residual_estimator/aux_service/u_xfft/U0/i_synth/xfft_inst/non_floating_point.arch_d.xfft_inst/has_bit_reverse.natural_order_address_muxing.muxed_reorder_read_addr_reg[8]/C","sfo/residual_estimator/aux_service/u_xfft/U0/i_synth/xfft_inst/non_floating_point.arch_d.xfft_inst/has_bit_reverse.dig_rev_mem/blk_ram.use_bram_only.mem/depth_14.main_ram_loop[2].use_RAMB18.ram_2k_loop[7].SDP_RAMB18_9x2048/ADDRBWRADDR[11]","1.379","0"
"clk500","0.312","2.000","sfo/residual_estimator/aux_service/u_xfft/U0/i_synth/xfft_inst/non_floating_point.arch_d.xfft_inst/has_bit_reverse.natural_order_address_muxing.muxed_reorder_read_addr_reg[6]/C","sfo/residual_estimator/aux_service/u_xfft/U0/i_synth/xfft_inst/non_floating_point.arch_d.xfft_inst/has_bit_reverse.dig_rev_mem/blk_ram.use_bram_only.mem/depth_14.need_extra_rams.extra_ram_loop[1].use_RAMB18.SDP_RAMB18_1x16384/ADDRBWRADDR[6]","1.397","0"
"clk500","0.312","2.000","sfo/residual_estimator/aux_service/u_xfft/U0/i_synth/xfft_inst/non_floating_point.arch_d.xfft_inst/has_bit_reverse.no_cp.muxed_reorder_write_addr_del_reg[12]/C","sfo/residual_estimator/aux_service/u_xfft/U0/i_synth/xfft_inst/non_floating_point.arch_d.xfft_inst/has_bit_reverse.dig_rev_mem/blk_ram.use_bram_only.mem/depth_14.main_ram_loop[1].use_RAMB18.ram_2k_loop[6].SDP_RAMB18_9x2048/WEA[0]","1.271","1"
"clk500","0.312","2.000","sfo/residual_estimator/aux_service/u_xfft/U0/i_synth/xfft_inst/non_floating_point.arch_d.xfft_inst/pe_gen[0].natural_order_input.PE/FB_1.BF_1/wr_addr_del/no_sclr_lut.real_shift_ram.use_baseblock.use_hlutnm_srls.srl_loop[5].i_fdre1/C","sfo/residual_estimator/aux_service/u_xfft/U0/i_synth/xfft_inst/non_floating_point.arch_d.xfft_inst/pe_gen[0].natural_order_input.PE/FB_1.BF_1/MEM/blk_ram.use_bram_only.mem/depth_13_s6_depth_12.main_ram_loop[1].use_RAMB18.ram_2k_loop[2].SDP_RAMB18_9x2048/WEA[0]","1.270","1"
"clk500","0.312","2.000","sfo/residual_estimator/aux_service/u_xfft/U0/i_synth/xfft_inst/non_floating_point.arch_d.xfft_inst/pe_gen[0].natural_order_input.PE/FB_1.BF_1/wr_addr_del/no_sclr_lut.real_shift_ram.use_baseblock.use_hlutnm_srls.srl_loop[0].i_fdre1/C","sfo/residual_estimator/aux_service/u_xfft/U0/i_synth/xfft_inst/non_floating_point.arch_d.xfft_inst/pe_gen[0].natural_order_input.PE/FB_1.BF_1/MEM/blk_ram.use_bram_only.mem/depth_13_s6_depth_12.main_ram_loop[2].use_RAMB18.ram_2k_loop[3].SDP_RAMB18_9x2048/ADDRARDADDR[4]","1.312","0"
"clk500","0.312","2.000","cfo/windows/complete_windows/fifo/gnuram_async_fifo.xpm_fifo_base_inst/xpm_fifo_rst_inst/gen_rst_ic.fifo_rd_rst_ic_reg/C","cfo/windows/complete_windows/fifo/gnuram_async_fifo.xpm_fifo_base_inst/rdp_inst/count_value_i_reg[0]/R","1.570","0"
"clk500","0.312","2.000","cfo/windows/complete_windows/fifo/gnuram_async_fifo.xpm_fifo_base_inst/xpm_fifo_rst_inst/gen_rst_ic.fifo_rd_rst_ic_reg/C","cfo/windows/complete_windows/fifo/gnuram_async_fifo.xpm_fifo_base_inst/rdp_inst/count_value_i_reg[1]/R","1.570","0"
"clk500","0.312","2.000","cfo/windows/complete_windows/fifo/gnuram_async_fifo.xpm_fifo_base_inst/xpm_fifo_rst_inst/gen_rst_ic.fifo_rd_rst_ic_reg/C","cfo/windows/complete_windows/fifo/gnuram_async_fifo.xpm_fifo_base_inst/rdp_inst/count_value_i_reg[2]/R","1.570","0"
"clk500","0.312","2.000","cfo/windows/complete_windows/fifo/gnuram_async_fifo.xpm_fifo_base_inst/xpm_fifo_rst_inst/gen_rst_ic.fifo_rd_rst_ic_reg/C","cfo/windows/complete_windows/fifo/gnuram_async_fifo.xpm_fifo_base_inst/rdp_inst/count_value_i_reg[4]/R","1.570","0"
"clk500","0.312","2.000","cfo/windows/complete_windows/fifo/gnuram_async_fifo.xpm_fifo_base_inst/xpm_fifo_rst_inst/gen_rst_ic.fifo_rd_rst_ic_reg/C","cfo/windows/complete_windows/fifo/gnuram_async_fifo.xpm_fifo_base_inst/rdpp1_inst/count_value_i_reg[0]/S","1.570","0"
"clk500","0.312","2.000","cfo/windows/complete_windows/fifo/gnuram_async_fifo.xpm_fifo_base_inst/xpm_fifo_rst_inst/gen_rst_ic.fifo_rd_rst_ic_reg/C","cfo/windows/complete_windows/fifo/gnuram_async_fifo.xpm_fifo_base_inst/rdpp1_inst/count_value_i_reg[3]/R","1.570","0"
"clk500","0.312","2.000","cfo/windows/complete_windows/fifo/gnuram_async_fifo.xpm_fifo_base_inst/xpm_fifo_rst_inst/gen_rst_ic.fifo_rd_rst_ic_reg/C","cfo/windows/complete_windows/fifo/gnuram_async_fifo.xpm_fifo_base_inst/rdpp1_inst/count_value_i_reg[4]/R","1.570","0"
"clk500","0.313","2.000","cfo/observation_front/v_reg[5]/C","cfo/observation_front/m_pilot_count_reg[1]/CE","1.584","1"
"clk500","0.313","2.000","cfo/observation_front/v_reg[5]/C","cfo/observation_front/m_pilot_count_reg[7]/CE","1.584","1"
"clk500","0.313","2.000","cfo/observation_front/v_reg[5]/C","cfo/observation_front/m_pilot_count_reg[9]/CE","1.584","1"
"clk500","0.313","2.000","sfo/residual_estimator/aux_service/u_xfft/U0/i_synth/xfft_inst/non_floating_point.arch_d.xfft_inst/pe_gen[1].natural_order_input.PE/FB_1.BF_1/yes_nfft.bypass_reg/no_sclr_lut.real_shift_ram.use_baseblock.not_use_hlutnm_srls.i_shift_ram/i_bb_inst/f0.srl_sig_reg[1][0]/C","sfo/residual_estimator/aux_service/u_xfft/U0/i_synth/xfft_inst/non_floating_point.arch_d.xfft_inst/pe_gen[1].natural_order_input.PE/FB_1.BF_1/BTFLY0/logic_bfly_byp.add_r/adder/i_baseblox.i_baseblox_addsub/no_pipelining.the_addsub/i_lut6.i_lut6_addsub/i_q.i_simple.qreg/i_no_async_controls.output_reg[12]/D","1.667","3"
"clk500","0.314","2.000","cfo/windows/complete_windows/fifo/gnuram_async_fifo.xpm_fifo_base_inst/gen_fwft.gdvld_fwft.data_valid_fwft_reg/C","cfo/windows/fast_header_reg[10]/CE","1.581","2"
"clk500","0.314","2.000","cfo/windows/complete_windows/fifo/gnuram_async_fifo.xpm_fifo_base_inst/gen_fwft.gdvld_fwft.data_valid_fwft_reg/C","cfo/windows/fast_header_reg[12]/CE","1.581","2"
"clk500","0.314","2.000","cfo/windows/complete_windows/fifo/gnuram_async_fifo.xpm_fifo_base_inst/gen_fwft.gdvld_fwft.data_valid_fwft_reg/C","cfo/windows/fast_header_reg[18]/CE","1.581","2"
"clk500","0.314","2.000","cfo/windows/complete_windows/fifo/gnuram_async_fifo.xpm_fifo_base_inst/gen_fwft.gdvld_fwft.data_valid_fwft_reg/C","cfo/windows/fast_header_reg[21]/CE","1.581","2"
"clk500","0.314","2.000","cfo/windows/complete_windows/fifo/gnuram_async_fifo.xpm_fifo_base_inst/gen_fwft.gdvld_fwft.data_valid_fwft_reg/C","cfo/windows/fast_header_reg[25]/CE","1.581","2"
"clk500","0.314","2.000","cfo/windows/complete_windows/fifo/gnuram_async_fifo.xpm_fifo_base_inst/gen_fwft.gdvld_fwft.data_valid_fwft_reg/C","cfo/windows/fast_header_reg[30]/CE","1.581","2"
"clk500","0.314","2.000","cfo/windows/complete_windows/fifo/gnuram_async_fifo.xpm_fifo_base_inst/gen_fwft.gdvld_fwft.data_valid_fwft_reg/C","cfo/windows/fast_header_reg[35]/CE","1.581","2"
"clk500","0.314","2.000","cfo/windows/complete_windows/fifo/gnuram_async_fifo.xpm_fifo_base_inst/gen_fwft.gdvld_fwft.data_valid_fwft_reg/C","cfo/windows/fast_header_reg[41]/CE","1.581","2"
"clk500","0.314","2.000","cfo/windows/complete_windows/fifo/gnuram_async_fifo.xpm_fifo_base_inst/gen_fwft.gdvld_fwft.data_valid_fwft_reg/C","cfo/windows/fast_header_reg[44]/CE","1.581","2"
"clk500","0.314","2.000","cfo/windows/complete_windows/fifo/gnuram_async_fifo.xpm_fifo_base_inst/gen_fwft.gdvld_fwft.data_valid_fwft_reg/C","cfo/windows/fast_header_reg[4]/CE","1.581","2"
"clk500","0.314","2.000","cfo/windows/complete_windows/fifo/gnuram_async_fifo.xpm_fifo_base_inst/gen_fwft.gdvld_fwft.data_valid_fwft_reg/C","cfo/windows/fast_header_reg[62]/CE","1.581","2"
"clk500","0.314","2.000","sfo/residual_estimator/aux_service/u_xfft/U0/i_synth/xfft_inst/non_floating_point.arch_d.xfft_inst/pe_gen[0].natural_order_input.PE/FB_1.BF_1/wr_addr_del/no_sclr_lut.real_shift_ram.use_baseblock.use_hlutnm_srls.srl_loop[4].i_fdre1/C","sfo/residual_estimator/aux_service/u_xfft/U0/i_synth/xfft_inst/non_floating_point.arch_d.xfft_inst/pe_gen[0].natural_order_input.PE/FB_1.BF_1/MEM/blk_ram.use_bram_only.mem/depth_13_s6_depth_12.need_extra_rams.extra_ram_loop[1].use_RAMB18.SDP_RAMB18_2x8192/ADDRARDADDR[10]","1.375","0"
"clk500","0.314","2.000","cfo/observation_front/fft_core/v_reg[5]/C","cfo/observation_front/fft_core/tag_reg[6][row_a][0]/CE","1.581","1"
"clk500","0.314","2.000","sfo/residual_estimator/aux_service/u_xfft/U0/i_synth/xfft_inst/non_floating_point.arch_d.xfft_inst/pe_gen[0].natural_order_input.PE/has_TW_mult.MULT/i_cmpy/three_mult_structure.use_dsp.i_dsp48/dsp_preadder_3.reg_mult3_preadd_d/dN.std_srl.shift_reg_reg[1][5]/C","sfo/residual_estimator/aux_service/u_xfft/U0/i_synth/xfft_inst/non_floating_point.arch_d.xfft_inst/pe_gen[0].natural_order_input.PE/has_TW_mult.MULT/i_cmpy/three_mult_structure.use_dsp.i_dsp48/mult1_preadder_d_plus_a.mult1/mult/use_prim.appDSP48[0].bppDSP48[0].use_dsp.use_dsp48e2.iDSP48E2/DSP_PREADD_DATA_INST/DIN[5]","1.437","0"
"clk500","0.314","2.000","sfo/residual_estimator/front_stage/main/service/u_xfft/U0/i_synth/xfft_inst/non_floating_point.arch_d.xfft_inst/pe_gen[0].natural_order_input.PE/has_addr_gen.bf2_addr_gen/cnt/cnt_addsub/i_baseblox.i_baseblox_addsub/no_pipelining.the_addsub/i_lut6.i_lut6_addsub/i_q.i_simple.qreg/i_no_async_controls.output_reg[3]/C","sfo/residual_estimator/front_stage/main/service/u_xfft/U0/i_synth/xfft_inst/non_floating_point.arch_d.xfft_inst/pe_gen[0].natural_order_input.PE/FB_1.BF_1/MEM/blk_ram.use_bram_only.mem/depth_10.ram_loop[1].use_RAMB18.SDP_RAMB18_18x1024/ADDRBWRADDR[6]","1.378","0"
"clk500","0.314","2.000","cfo/observation_front/fft_core/m_error_reg[1]/C","cfo/observation_front/m_z_q_reg[10]/R","1.568","1"
"clk500","0.314","2.000","cfo/observation_front/fft_core/m_error_reg[1]/C","cfo/observation_front/m_z_q_reg[11]/R","1.568","1"
"clk500","0.314","2.000","cfo/observation_front/fft_core/m_error_reg[1]/C","cfo/observation_front/m_z_q_reg[8]/R","1.568","1"
"clk500","0.314","2.000","cfo/observation_front/fft_core/m_error_reg[1]/C","cfo/observation_front/m_z_q_reg[9]/R","1.568","1"
"clk500","0.314","2.000","sfo/residual_estimator/aux_service/u_xfft/U0/i_synth/xfft_inst/non_floating_point.arch_d.xfft_inst/has_bit_reverse.natural_order_address_muxing.muxed_reorder_read_addr_reg[4]/C","sfo/residual_estimator/aux_service/u_xfft/U0/i_synth/xfft_inst/non_floating_point.arch_d.xfft_inst/has_bit_reverse.dig_rev_mem/blk_ram.use_bram_only.mem/depth_14.need_extra_rams.extra_ram_loop[0].use_RAMB18.SDP_RAMB18_1x16384/ADDRBWRADDR[4]","1.305","0"
"clk500","0.315","2.000","cfo/observation_front/coefficient_read_command_reg[0]/C","cfo/observation_front/coefficient_page0_data_reg_0_0/ENARDEN","1.318","0"
"clk500","0.315","2.000","cfo/observation_front/v_reg[5]/C","cfo/observation_front/m_pilot_count_reg[0]/CE","1.582","1"
"clk500","0.315","2.000","cfo/observation_front/v_reg[5]/C","cfo/observation_front/m_pilot_count_reg[6]/CE","1.582","1"
"clk500","0.315","2.000","cfo/observation_front/v_reg[5]/C","cfo/observation_front/m_pilot_count_reg[8]/CE","1.582","1"
"clk500","0.315","2.000","sfo/residual_estimator/aux_service/u_xfft/U0/i_synth/xfft_inst/non_floating_point.arch_d.xfft_inst/has_bit_reverse.no_cp.muxed_reorder_write_addr_del_reg[12]/C","sfo/residual_estimator/aux_service/u_xfft/U0/i_synth/xfft_inst/non_floating_point.arch_d.xfft_inst/has_bit_reverse.dig_rev_mem/blk_ram.use_bram_only.mem/depth_14.main_ram_loop[0].use_RAMB18.ram_2k_loop[2].SDP_RAMB18_9x2048/WEA[0]","1.266","1"
"clk500","0.315","2.000","sfo/residual_estimator/front_stage/main/service/u_xfft/U0/i_synth/axi_wrapper/data_in_channel_fifo/gen_real_time.full_reg/C","sfo/residual_estimator/front_stage/main/service/u_ingress_fifo/gnuram_async_fifo.xpm_fifo_base_inst/rdp_inst/count_value_i_reg[8]/D","1.666","5"
"clk500","0.315","2.000","sfo/residual_estimator/front_stage/main/service/u_xfft/U0/i_synth/xfft_inst/non_floating_point.arch_d.xfft_inst/has_bit_reverse.dig_rev_mem/blk_ram.use_bram_only.mem/depth_11.ram_loop[1].use_RAMB18.SDP_RAMB18_9x2048/CLKBWRCLK","sfo/residual_estimator/front_stage/main/service/u_xfft/U0/i_synth/xfft_inst/non_floating_point.arch_d.xfft_inst/has_bit_reverse.pe_natural_out_reg[13]/D","1.621","0"
"clk500","0.315","2.000","cfo/windows/complete_windows/fifo/gnuram_async_fifo.xpm_fifo_base_inst/xpm_fifo_rst_inst/gen_rst_ic.fifo_rd_rst_ic_reg/C","cfo/windows/complete_windows/fifo/gnuram_async_fifo.xpm_fifo_base_inst/gen_cdc_pntr.wpr_gray_reg/reg_out_i_reg[3]/R","1.567","0"
"clk500","0.315","2.000","cfo/windows/complete_windows/fifo/gnuram_async_fifo.xpm_fifo_base_inst/xpm_fifo_rst_inst/gen_rst_ic.fifo_rd_rst_ic_reg/C","cfo/windows/complete_windows/fifo/gnuram_async_fifo.xpm_fifo_base_inst/gen_cdc_pntr.wpr_gray_reg/reg_out_i_reg[4]/R","1.567","0"
"clk500","0.315","2.000","cfo/windows/complete_windows/fifo/gnuram_async_fifo.xpm_fifo_base_inst/xpm_fifo_rst_inst/gen_rst_ic.fifo_rd_rst_ic_reg/C","cfo/windows/complete_windows/fifo/gnuram_async_fifo.xpm_fifo_base_inst/gen_pf_ic_rc.ram_empty_i_reg/S","1.567","0"
"clk500","0.315","2.000","cfo/windows/packed_windows/fifo/gnuram_async_fifo.xpm_fifo_base_inst/gen_sdpram.xpm_memory_base_inst/gen_wr_a.gen_word_narrow.mem_reg_bram_3/CLKBWRCLK","cfo/windows/packed_tail_reg[11]/D","1.619","0"
"clk500","0.315","2.000","sfo/residual_estimator/aux_service/u_xfft/U0/i_synth/xfft_inst/non_floating_point.arch_d.xfft_inst/has_bit_reverse.natural_order_address_muxing.muxed_reorder_read_addr_reg[4]/C","sfo/residual_estimator/aux_service/u_xfft/U0/i_synth/xfft_inst/non_floating_point.arch_d.xfft_inst/has_bit_reverse.dig_rev_mem/blk_ram.use_bram_only.mem/depth_14.main_ram_loop[0].use_RAMB18.ram_2k_loop[3].SDP_RAMB18_9x2048/ADDRBWRADDR[7]","1.356","0"
"clk500","0.315","2.000","sfo/residual_estimator/aux_service/u_xfft/U0/i_synth/xfft_inst/non_floating_point.arch_d.xfft_inst/pe_gen[0].natural_order_input.PE/FB_1.BF_1/wr_addr_del/no_sclr_lut.real_shift_ram.use_baseblock.use_hlutnm_srls.srl_loop[5].i_fdre1/C","sfo/residual_estimator/aux_service/u_xfft/U0/i_synth/xfft_inst/non_floating_point.arch_d.xfft_inst/pe_gen[0].natural_order_input.PE/FB_1.BF_1/MEM/blk_ram.use_bram_only.mem/depth_13_s6_depth_12.main_ram_loop[2].use_RAMB18.ram_2k_loop[3].SDP_RAMB18_9x2048/WEA[0]","1.267","1"
"clk500","0.316","2.000","cfo/windows/complete_windows/fifo/gnuram_async_fifo.xpm_fifo_base_inst/gen_fwft.gdvld_fwft.data_valid_fwft_reg/C","cfo/windows/fast_header_reg[60]/CE","1.579","2"
"clk500","0.316","2.000","cfo/observation_front/coefficient_row_reg[14]/C","cfo/observation_front/coefficient_page1_data_reg_0_1/ADDRARDADDR[14]","1.371","0"
"clk500","0.316","2.000","cfo/observation_front/fft_core/v_reg[3]/C","cfo/observation_front/fft_core/pr4_reg/DSP_OUTPUT_INST/CEP","1.444","0"
"clk500","0.316","2.000","cfo/windows/complete_windows/fifo/gnuram_async_fifo.xpm_fifo_base_inst/gen_fwft.gdvld_fwft.data_valid_fwft_reg/C","cfo/windows/fast_header_reg[32]/CE","1.580","2"
"clk500","0.316","2.000","cfo/windows/complete_windows/fifo/gnuram_async_fifo.xpm_fifo_base_inst/gen_fwft.gdvld_fwft.data_valid_fwft_reg/C","cfo/windows/fast_header_reg[34]/CE","1.580","2"
"clk500","0.316","2.000","cfo/windows/complete_windows/fifo/gnuram_async_fifo.xpm_fifo_base_inst/gen_fwft.gdvld_fwft.data_valid_fwft_reg/C","cfo/windows/fast_header_reg[3]/CE","1.580","2"
"clk500","0.316","2.000","cfo/windows/complete_windows/fifo/gnuram_async_fifo.xpm_fifo_base_inst/gen_fwft.gdvld_fwft.data_valid_fwft_reg/C","cfo/windows/fast_header_reg[9]/CE","1.580","2"
"clk500","0.316","2.000","sfo/residual_estimator/aux_service/u_egress_fifo/gnuram_async_fifo.xpm_fifo_base_inst/xpm_fifo_rst_inst/gen_rst_ic.wr_rst_busy_ic_reg/C","sfo/residual_estimator/aux_service/u_egress_fifo/gnuram_async_fifo.xpm_fifo_base_inst/wrp_inst/count_value_i_reg[2]/D","1.664","5"
"clk500","0.316","2.000","sfo/residual_estimator/aux_service/u_egress_fifo/gnuram_async_fifo.xpm_fifo_base_inst/xpm_fifo_rst_inst/gen_rst_ic.wr_rst_busy_ic_reg/C","sfo/residual_estimator/aux_service/u_egress_fifo/gnuram_async_fifo.xpm_fifo_base_inst/wrp_inst/count_value_i_reg[3]/D","1.664","5"
"clk500","0.316","2.000","sfo/residual_estimator/front_stage/main/service/u_egress_fifo/gnuram_async_fifo.xpm_fifo_base_inst/xpm_fifo_rst_inst/gen_rst_ic.wr_rst_busy_ic_reg/C","sfo/residual_estimator/front_stage/main/service/u_egress_fifo/gnuram_async_fifo.xpm_fifo_base_inst/gen_sdpram.xpm_memory_base_inst/gen_wr_a.gen_word_narrow.mem_reg_bram_3/WEA[0]","1.266","3"
"clk500","0.316","2.000","cfo/observation_front/fft_core/pi4_reg/DSP_OUTPUT_INST/CLK","cfo/observation_front/fft_core/pi5_reg[7]/D","1.635","4"
"clk500","0.316","2.000","sfo/residual_estimator/aux_service/u_xfft/U0/i_synth/xfft_inst/non_floating_point.arch_d.xfft_inst/timing_cnts_has_nfft.duplicate_regs[3].other.nfft_regs[0].nfft_regs_fde/C","sfo/residual_estimator/aux_service/u_xfft/U0/i_synth/xfft_inst/non_floating_point.arch_d.xfft_inst/pe_gen[3].natural_order_input.PE/hasbf2.FB_2.BF_2/MEM/dist_ram.srlram.ram/var_length.shift_ram/i_bb_inst/gen_output_regs.output_regs/i_no_async_controls.output_reg[26]/D","1.666","2"
"clk500","0.316","2.000","cfo/windows/packed_windows/fifo/gnuram_async_fifo.xpm_fifo_base_inst/gen_sdpram.xpm_memory_base_inst/gen_wr_a.gen_word_narrow.mem_reg_bram_8/CLKBWRCLK","cfo/windows/packed_windows/fifo/gnuram_async_fifo.xpm_fifo_base_inst/gen_sdpram.xpm_memory_base_inst/gen_wr_a.gen_word_narrow.mem_reg_bram_11/CASDINB[23]","1.544","2"
"clk500","0.316","2.000","cfo/windows/packed_windows/fifo/gnuram_async_fifo.xpm_fifo_base_inst/gen_sdpram.xpm_memory_base_inst/gen_wr_a.gen_word_narrow.mem_reg_bram_0/CLKBWRCLK","cfo/windows/packed_windows/fifo/gnuram_async_fifo.xpm_fifo_base_inst/gen_sdpram.xpm_memory_base_inst/gen_wr_a.gen_word_narrow.mem_reg_bram_3/CASDINB[23]","1.544","2"
"clk500","0.316","2.000","cfo/windows/packed_windows/fifo/gnuram_async_fifo.xpm_fifo_base_inst/gen_sdpram.xpm_memory_base_inst/gen_wr_a.gen_word_narrow.mem_reg_bram_4/CLKBWRCLK","cfo/windows/packed_windows/fifo/gnuram_async_fifo.xpm_fifo_base_inst/gen_sdpram.xpm_memory_base_inst/gen_wr_a.gen_word_narrow.mem_reg_bram_7/CASDINB[23]","1.544","2"
"clk500","0.316","2.000","sfo/residual_estimator/front_stage/main/service/u_xfft/U0/i_synth/xfft_inst/non_floating_point.arch_d.xfft_inst/has_bit_reverse.no_cp.muxed_reorder_write_addr_del_reg[9]/C","sfo/residual_estimator/front_stage/main/service/u_xfft/U0/i_synth/xfft_inst/non_floating_point.arch_d.xfft_inst/has_bit_reverse.dig_rev_mem/blk_ram.use_bram_only.mem/depth_11.ram_loop[2].use_RAMB18.SDP_RAMB18_9x2048/ADDRARDADDR[12]","1.386","0"
"clk500","0.316","2.000","sfo/residual_estimator/front_stage/main/service/u_xfft/U0/i_synth/xfft_inst/non_floating_point.arch_d.xfft_inst/has_bit_reverse.DV_reg/C","sfo/residual_estimator/front_stage/main/service/u_xfft/U0/i_synth/axi_wrapper/gen_status_channel.gen_status_ovflo.status_fifo_write_desired_reg/D","1.666","3"
"clk500","0.317","2.000","sfo/residual_estimator/aux_service/u_xfft/U0/i_synth/xfft_inst/non_floating_point.arch_d.xfft_inst/pe_gen[0].natural_order_input.PE/FB_1.BF_1/wr_addr_del/no_sclr_lut.real_shift_ram.use_baseblock.use_hlutnm_srls.srl_loop[3].i_fdre0/C","sfo/residual_estimator/aux_service/u_xfft/U0/i_synth/xfft_inst/non_floating_point.arch_d.xfft_inst/pe_gen[0].natural_order_input.PE/FB_1.BF_1/MEM/blk_ram.use_bram_only.mem/depth_13_s6_depth_12.main_ram_loop[1].use_RAMB18.ram_2k_loop[3].SDP_RAMB18_9x2048/ADDRARDADDR[9]","1.392","0"
"clk500","0.317","2.000","sfo/residual_estimator/front_stage/main/service/u_xfft/U0/i_synth/axi_wrapper/data_in_channel_fifo/gen_real_time.full_reg/C","sfo/residual_estimator/front_stage/main/service/u_ingress_fifo/gnuram_async_fifo.xpm_fifo_base_inst/rdpp1_inst/count_value_i_reg[7]/D","1.664","5"
"clk500","0.317","2.000","sfo/residual_estimator/front_stage/main/service/reset_sync500/syncstages_ff_reg[3]/C","sfo/residual_estimator/front_stage/main/service/u_xfft/U0/i_synth/axi_wrapper/config_channel_fifo/gen_real_time.data_out_reg[10]/CE","1.578","2"
"clk500","0.317","2.000","sfo/residual_estimator/front_stage/main/service/reset_sync500/syncstages_ff_reg[3]/C","sfo/residual_estimator/front_stage/main/service/u_xfft/U0/i_synth/axi_wrapper/config_channel_fifo/gen_real_time.data_out_reg[1]/CE","1.578","2"
"clk500","0.317","2.000","sfo/residual_estimator/front_stage/main/service/reset_sync500/syncstages_ff_reg[3]/C","sfo/residual_estimator/front_stage/main/service/u_xfft/U0/i_synth/axi_wrapper/config_channel_fifo/gen_real_time.data_out_reg[4]/CE","1.578","2"
"clk500","0.317","2.000","sfo/residual_estimator/front_stage/main/service/reset_sync500/syncstages_ff_reg[3]/C","sfo/residual_estimator/front_stage/main/service/u_xfft/U0/i_synth/axi_wrapper/config_channel_fifo/gen_real_time.data_out_reg[8]/CE","1.578","2"
"clk500","0.317","2.000","cfo/observation_front/pr4_reg/DSP_OUTPUT_INST/CLK","cfo/observation_front/h_i5_reg[18]/D","1.633","6"
"clk500","0.317","2.000","sfo/residual_estimator/aux_service/u_xfft/U0/i_synth/xfft_inst/non_floating_point.arch_d.xfft_inst/has_bit_reverse.natural_order_address_muxing.muxed_reorder_read_addr_reg[9]/C","sfo/residual_estimator/aux_service/u_xfft/U0/i_synth/xfft_inst/non_floating_point.arch_d.xfft_inst/has_bit_reverse.dig_rev_mem/blk_ram.use_bram_only.mem/depth_14.need_extra_rams.extra_ram_loop[1].use_RAMB18.SDP_RAMB18_1x16384/ADDRBWRADDR[9]","1.379","0"
"clk500","0.317","2.000","cfo/observation_front/fft_core/m_error_reg[1]/C","cfo/observation_front/m_z_q_reg[12]/R","1.565","1"
"clk500","0.317","2.000","cfo/observation_front/fft_core/m_error_reg[1]/C","cfo/observation_front/m_z_q_reg[13]/R","1.565","1"
"clk500","0.317","2.000","cfo/observation_front/fft_core/m_error_reg[1]/C","cfo/observation_front/m_z_q_reg[14]/R","1.565","1"
"clk500","0.317","2.000","cfo/observation_front/fft_core/m_error_reg[1]/C","cfo/observation_front/m_z_q_reg[15]/R","1.565","1"
"clk500","0.317","2.000","sfo/residual_estimator/aux_service/u_xfft/U0/i_synth/xfft_inst/non_floating_point.arch_d.xfft_inst/has_bit_reverse.no_cp.muxed_reorder_write_addr_del_reg[0]/C","sfo/residual_estimator/aux_service/u_xfft/U0/i_synth/xfft_inst/non_floating_point.arch_d.xfft_inst/has_bit_reverse.dig_rev_mem/blk_ram.use_bram_only.mem/depth_14.need_extra_rams.extra_ram_loop[3].use_RAMB18.SDP_RAMB18_1x16384/ADDRARDADDR[0]","1.327","0"
"clk500","0.318","2.000","cfo/windows/packed_windows/fifo/gnuram_async_fifo.xpm_fifo_base_inst/gen_sdpram.xpm_memory_base_inst/gen_wr_a.gen_word_narrow.mem_reg_bram_8/CLKBWRCLK","cfo/windows/packed_windows/fifo/gnuram_async_fifo.xpm_fifo_base_inst/gen_sdpram.xpm_memory_base_inst/gen_wr_a.gen_word_narrow.mem_reg_bram_11/CASDINB[10]","1.542","2"
"clk500","0.318","2.000","cfo/windows/packed_windows/fifo/gnuram_async_fifo.xpm_fifo_base_inst/gen_sdpram.xpm_memory_base_inst/gen_wr_a.gen_word_narrow.mem_reg_bram_8/CLKBWRCLK","cfo/windows/packed_windows/fifo/gnuram_async_fifo.xpm_fifo_base_inst/gen_sdpram.xpm_memory_base_inst/gen_wr_a.gen_word_narrow.mem_reg_bram_11/CASDINB[12]","1.542","2"
"clk500","0.318","2.000","cfo/windows/packed_windows/fifo/gnuram_async_fifo.xpm_fifo_base_inst/gen_sdpram.xpm_memory_base_inst/gen_wr_a.gen_word_narrow.mem_reg_bram_0/CLKBWRCLK","cfo/windows/packed_windows/fifo/gnuram_async_fifo.xpm_fifo_base_inst/gen_sdpram.xpm_memory_base_inst/gen_wr_a.gen_word_narrow.mem_reg_bram_3/CASDINB[10]","1.542","2"
"clk500","0.318","2.000","cfo/windows/packed_windows/fifo/gnuram_async_fifo.xpm_fifo_base_inst/gen_sdpram.xpm_memory_base_inst/gen_wr_a.gen_word_narrow.mem_reg_bram_0/CLKBWRCLK","cfo/windows/packed_windows/fifo/gnuram_async_fifo.xpm_fifo_base_inst/gen_sdpram.xpm_memory_base_inst/gen_wr_a.gen_word_narrow.mem_reg_bram_3/CASDINB[12]","1.542","2"
"clk500","0.318","2.000","cfo/windows/packed_windows/fifo/gnuram_async_fifo.xpm_fifo_base_inst/gen_sdpram.xpm_memory_base_inst/gen_wr_a.gen_word_narrow.mem_reg_bram_4/CLKBWRCLK","cfo/windows/packed_windows/fifo/gnuram_async_fifo.xpm_fifo_base_inst/gen_sdpram.xpm_memory_base_inst/gen_wr_a.gen_word_narrow.mem_reg_bram_7/CASDINB[10]","1.542","2"
"clk500","0.318","2.000","cfo/windows/packed_windows/fifo/gnuram_async_fifo.xpm_fifo_base_inst/gen_sdpram.xpm_memory_base_inst/gen_wr_a.gen_word_narrow.mem_reg_bram_4/CLKBWRCLK","cfo/windows/packed_windows/fifo/gnuram_async_fifo.xpm_fifo_base_inst/gen_sdpram.xpm_memory_base_inst/gen_wr_a.gen_word_narrow.mem_reg_bram_7/CASDINB[12]","1.542","2"
"clk500","0.318","2.000","cfo/observation_front/fft_core/pi4_reg/DSP_OUTPUT_INST/CLK","cfo/observation_front/fft_core/pi5_reg[5]/D","1.633","4"
"clk500","0.318","2.000","cfo/windows/packed_windows/fifo/gnuram_async_fifo.xpm_fifo_base_inst/gen_sdpram.xpm_memory_base_inst/gen_wr_a.gen_word_narrow.mem_reg_bram_8/CLKBWRCLK","cfo/windows/packed_windows/fifo/gnuram_async_fifo.xpm_fifo_base_inst/gen_sdpram.xpm_memory_base_inst/gen_wr_a.gen_word_narrow.mem_reg_bram_11/CASDINB[15]","1.542","2"
"clk500","0.318","2.000","cfo/windows/packed_windows/fifo/gnuram_async_fifo.xpm_fifo_base_inst/gen_sdpram.xpm_memory_base_inst/gen_wr_a.gen_word_narrow.mem_reg_bram_0/CLKBWRCLK","cfo/windows/packed_windows/fifo/gnuram_async_fifo.xpm_fifo_base_inst/gen_sdpram.xpm_memory_base_inst/gen_wr_a.gen_word_narrow.mem_reg_bram_3/CASDINB[15]","1.542","2"
"clk500","0.318","2.000","cfo/windows/packed_windows/fifo/gnuram_async_fifo.xpm_fifo_base_inst/gen_sdpram.xpm_memory_base_inst/gen_wr_a.gen_word_narrow.mem_reg_bram_4/CLKBWRCLK","cfo/windows/packed_windows/fifo/gnuram_async_fifo.xpm_fifo_base_inst/gen_sdpram.xpm_memory_base_inst/gen_wr_a.gen_word_narrow.mem_reg_bram_7/CASDINB[15]","1.542","2"
"clk500","0.318","2.000","sfo/residual_estimator/aux_service/u_egress_fifo/gnuram_async_fifo.xpm_fifo_base_inst/xpm_fifo_rst_inst/gen_rst_ic.wr_rst_busy_ic_reg/C","sfo/residual_estimator/aux_service/u_egress_fifo/gnuram_async_fifo.xpm_fifo_base_inst/wrpp1_inst/count_value_i_reg[4]/D","1.662","5"
"clk500","0.318","2.000","sfo/residual_estimator/aux_service/u_xfft/U0/i_synth/xfft_inst/non_floating_point.arch_d.xfft_inst/pe_gen[0].natural_order_input.PE/FB_1.BF_1/yes_nfft.bypass_reg/no_sclr_lut.real_shift_ram.use_baseblock.not_use_hlutnm_srls.i_shift_ram/i_bb_inst/f0.srl_sig_reg[1][0]/C","sfo/residual_estimator/aux_service/u_xfft/U0/i_synth/xfft_inst/non_floating_point.arch_d.xfft_inst/pe_gen[0].natural_order_input.PE/FB_1.BF_1/BTFLY0/logic_bfly_byp.add_i/adder/i_baseblox.i_baseblox_addsub/no_pipelining.the_addsub/i_lut6.i_lut6_addsub/i_q.i_simple.qreg/i_no_async_controls.output_reg[16]/D","1.662","3"
"clk500","0.318","2.000","sfo/residual_estimator/aux_service/u_xfft/U0/i_synth/xfft_inst/non_floating_point.arch_d.xfft_inst/pe_gen[0].natural_order_input.PE/has_addr_gen.bf2_addr_gen/cnt/cnt_addsub/i_baseblox.i_baseblox_addsub/no_pipelining.the_addsub/i_lut6.i_lut6_addsub/i_q.i_simple.qreg/i_no_async_controls.output_reg[6]/C","sfo/residual_estimator/aux_service/u_xfft/U0/i_synth/xfft_inst/non_floating_point.arch_d.xfft_inst/pe_gen[0].natural_order_input.PE/FB_1.BF_1/MEM/blk_ram.use_bram_only.mem/depth_13_s6_depth_12.main_ram_loop[1].use_RAMB18.ram_2k_loop[0].SDP_RAMB18_9x2048/ADDRBWRADDR[8]","1.372","0"
"clk500","0.318","2.000","sfo/residual_estimator/aux_service/u_xfft/U0/i_synth/xfft_inst/non_floating_point.arch_d.xfft_inst/has_bit_reverse.natural_order_address_muxing.muxed_reorder_read_addr_reg[8]/C","sfo/residual_estimator/aux_service/u_xfft/U0/i_synth/xfft_inst/non_floating_point.arch_d.xfft_inst/has_bit_reverse.dig_rev_mem/blk_ram.use_bram_only.mem/depth_14.main_ram_loop[1].use_RAMB18.ram_2k_loop[2].SDP_RAMB18_9x2048/ADDRBWRADDR[11]","1.398","0"
"clk500","0.318","2.000","sfo/residual_estimator/aux_service/u_xfft/U0/i_synth/axi_wrapper/gen_has_nfft.nfft_we_int_reg/C","sfo/residual_estimator/aux_service/u_xfft/U0/i_synth/xfft_inst/non_floating_point.arch_d.xfft_inst/has_bit_reverse.pe_natural_out_reg[22]/R","1.563","1"
"clk500","0.318","2.000","sfo/residual_estimator/aux_service/u_xfft/U0/i_synth/axi_wrapper/gen_has_nfft.nfft_we_int_reg/C","sfo/residual_estimator/aux_service/u_xfft/U0/i_synth/xfft_inst/non_floating_point.arch_d.xfft_inst/has_bit_reverse.pe_natural_out_reg[26]/R","1.563","1"
"clk500","0.318","2.000","sfo/residual_estimator/front_stage/main/service/u_xfft/U0/i_synth/axi_wrapper/sclr_int_reg/C","sfo/residual_estimator/front_stage/main/service/u_xfft/U0/i_synth/xfft_inst/non_floating_point.arch_d.xfft_inst/FLOW/has_scale_sch_buffer.scale_sch_out_i_reg[3]/S","1.566","0"
"clk500","0.319","2.000","cfo/windows/packed_windows/fifo/gnuram_async_fifo.xpm_fifo_base_inst/gen_sdpram.xpm_memory_base_inst/gen_wr_a.gen_word_narrow.mem_reg_bram_8/CLKBWRCLK","cfo/windows/packed_windows/fifo/gnuram_async_fifo.xpm_fifo_base_inst/gen_sdpram.xpm_memory_base_inst/gen_wr_a.gen_word_narrow.mem_reg_bram_11/CASDINB[27]","1.541","2"
"clk500","0.319","2.000","cfo/windows/packed_windows/fifo/gnuram_async_fifo.xpm_fifo_base_inst/gen_sdpram.xpm_memory_base_inst/gen_wr_a.gen_word_narrow.mem_reg_bram_0/CLKBWRCLK","cfo/windows/packed_windows/fifo/gnuram_async_fifo.xpm_fifo_base_inst/gen_sdpram.xpm_memory_base_inst/gen_wr_a.gen_word_narrow.mem_reg_bram_3/CASDINB[27]","1.541","2"
"clk500","0.319","2.000","cfo/windows/packed_windows/fifo/gnuram_async_fifo.xpm_fifo_base_inst/gen_sdpram.xpm_memory_base_inst/gen_wr_a.gen_word_narrow.mem_reg_bram_4/CLKBWRCLK","cfo/windows/packed_windows/fifo/gnuram_async_fifo.xpm_fifo_base_inst/gen_sdpram.xpm_memory_base_inst/gen_wr_a.gen_word_narrow.mem_reg_bram_7/CASDINB[27]","1.541","2"
"clk500","0.319","2.000","sfo/residual_estimator/aux_service/u_xfft/U0/i_synth/xfft_inst/non_floating_point.arch_d.xfft_inst/pe_gen[0].natural_order_input.PE/FB_1.BF_1/yes_nfft.bypass_reg/no_sclr_lut.real_shift_ram.use_baseblock.not_use_hlutnm_srls.i_shift_ram/i_bb_inst/f0.srl_sig_reg[1][0]/C","sfo/residual_estimator/aux_service/u_xfft/U0/i_synth/xfft_inst/non_floating_point.arch_d.xfft_inst/pe_gen[0].natural_order_input.PE/FB_1.BF_1/BTFLY0/logic_bfly_byp.add_i/adder/i_baseblox.i_baseblox_addsub/no_pipelining.the_addsub/i_lut6.i_lut6_addsub/i_q.i_simple.qreg/i_no_async_controls.output_reg[14]/D","1.661","3"
"clk500","0.319","2.000","sfo/residual_estimator/front_stage/main/service/u_xfft/U0/i_synth/axi_wrapper/data_in_channel_fifo/gen_real_time.full_reg/C","sfo/residual_estimator/front_stage/main/service/u_ingress_fifo/gnuram_async_fifo.xpm_fifo_base_inst/rdp_inst/count_value_i_reg[6]/D","1.662","5"
"clk500","0.319","2.000","sfo/residual_estimator/front_stage/main/service/reset_sync500/syncstages_ff_reg[3]/C","sfo/residual_estimator/front_stage/main/service/u_xfft/U0/i_synth/axi_wrapper/config_channel_fifo/gen_real_time.data_out_reg[0]/CE","1.576","2"
"clk500","0.319","2.000","sfo/residual_estimator/front_stage/main/service/reset_sync500/syncstages_ff_reg[3]/C","sfo/residual_estimator/front_stage/main/service/u_xfft/U0/i_synth/axi_wrapper/config_channel_fifo/gen_real_time.data_out_reg[11]/CE","1.576","2"
"clk500","0.319","2.000","sfo/residual_estimator/front_stage/main/service/reset_sync500/syncstages_ff_reg[3]/C","sfo/residual_estimator/front_stage/main/service/u_xfft/U0/i_synth/axi_wrapper/config_channel_fifo/gen_real_time.data_out_reg[2]/CE","1.576","2"
"clk500","0.319","2.000","sfo/residual_estimator/front_stage/main/service/reset_sync500/syncstages_ff_reg[3]/C","sfo/residual_estimator/front_stage/main/service/u_xfft/U0/i_synth/axi_wrapper/config_channel_fifo/gen_real_time.data_out_reg[6]/CE","1.576","2"
"clk500","0.319","2.000","cfo/observation_front/fft_core/tag_reg[1][bank_a]/C","cfo/observation_front/fft_core/pr4_reg/DSP_A_B_DATA_INST/A[0]","1.362","1"
"clk500","0.319","2.000","cfo/windows/packed_windows/fifo/gnuram_async_fifo.xpm_fifo_base_inst/gen_sdpram.xpm_memory_base_inst/gen_wr_a.gen_word_narrow.mem_reg_bram_8/CLKBWRCLK","cfo/windows/packed_windows/fifo/gnuram_async_fifo.xpm_fifo_base_inst/gen_sdpram.xpm_memory_base_inst/gen_wr_a.gen_word_narrow.mem_reg_bram_11/CASDINB[4]","1.541","2"
"clk500","0.319","2.000","cfo/windows/packed_windows/fifo/gnuram_async_fifo.xpm_fifo_base_inst/gen_sdpram.xpm_memory_base_inst/gen_wr_a.gen_word_narrow.mem_reg_bram_0/CLKBWRCLK","cfo/windows/packed_windows/fifo/gnuram_async_fifo.xpm_fifo_base_inst/gen_sdpram.xpm_memory_base_inst/gen_wr_a.gen_word_narrow.mem_reg_bram_3/CASDINB[4]","1.541","2"
"clk500","0.319","2.000","cfo/windows/packed_windows/fifo/gnuram_async_fifo.xpm_fifo_base_inst/gen_sdpram.xpm_memory_base_inst/gen_wr_a.gen_word_narrow.mem_reg_bram_4/CLKBWRCLK","cfo/windows/packed_windows/fifo/gnuram_async_fifo.xpm_fifo_base_inst/gen_sdpram.xpm_memory_base_inst/gen_wr_a.gen_word_narrow.mem_reg_bram_7/CASDINB[4]","1.541","2"
"clk500","0.319","2.000","sfo/residual_estimator/aux_service/u_ingress_fifo/gnuram_async_fifo.xpm_fifo_base_inst/xpm_fifo_rst_inst/gen_rst_ic.fifo_rd_rst_ic_reg/C","sfo/residual_estimator/aux_service/u_ingress_fifo/gnuram_async_fifo.xpm_fifo_base_inst/gen_cdc_pntr.wpr_gray_reg/reg_out_i_reg[5]/R","1.563","0"
"clk500","0.320","2.000","sfo/residual_estimator/aux_service/u_xfft/U0/i_synth/xfft_inst/non_floating_point.arch_d.xfft_inst/has_bit_reverse.no_cp.muxed_reorder_write_addr_del_reg[5]/C","sfo/residual_estimator/aux_service/u_xfft/U0/i_synth/xfft_inst/non_floating_point.arch_d.xfft_inst/has_bit_reverse.dig_rev_mem/blk_ram.use_bram_only.mem/depth_14.main_ram_loop[0].use_RAMB18.ram_2k_loop[5].SDP_RAMB18_9x2048/ADDRARDADDR[8]","1.387","0"
"clk500","0.320","2.000","cfo/windows/packed_windows/fifo/gnuram_async_fifo.xpm_fifo_base_inst/gen_sdpram.xpm_memory_base_inst/gen_wr_a.gen_word_narrow.mem_reg_bram_8/CLKBWRCLK","cfo/windows/packed_windows/fifo/gnuram_async_fifo.xpm_fifo_base_inst/gen_sdpram.xpm_memory_base_inst/gen_wr_a.gen_word_narrow.mem_reg_bram_11/CASDINB[11]","1.540","2"
"clk500","0.320","2.000","cfo/windows/packed_windows/fifo/gnuram_async_fifo.xpm_fifo_base_inst/gen_sdpram.xpm_memory_base_inst/gen_wr_a.gen_word_narrow.mem_reg_bram_0/CLKBWRCLK","cfo/windows/packed_windows/fifo/gnuram_async_fifo.xpm_fifo_base_inst/gen_sdpram.xpm_memory_base_inst/gen_wr_a.gen_word_narrow.mem_reg_bram_3/CASDINB[11]","1.540","2"
"clk500","0.320","2.000","cfo/windows/packed_windows/fifo/gnuram_async_fifo.xpm_fifo_base_inst/gen_sdpram.xpm_memory_base_inst/gen_wr_a.gen_word_narrow.mem_reg_bram_4/CLKBWRCLK","cfo/windows/packed_windows/fifo/gnuram_async_fifo.xpm_fifo_base_inst/gen_sdpram.xpm_memory_base_inst/gen_wr_a.gen_word_narrow.mem_reg_bram_7/CASDINB[11]","1.540","2"
"clk500","0.320","2.000","sfo/residual_estimator/aux_service/u_xfft/U0/i_synth/xfft_inst/non_floating_point.arch_d.xfft_inst/pe_gen[1].natural_order_input.PE/FB_1.BF_1/yes_nfft.bypass_reg/no_sclr_lut.real_shift_ram.use_baseblock.not_use_hlutnm_srls.i_shift_ram/i_bb_inst/f0.srl_sig_reg[1][0]/C","sfo/residual_estimator/aux_service/u_xfft/U0/i_synth/xfft_inst/non_floating_point.arch_d.xfft_inst/pe_gen[1].natural_order_input.PE/FB_1.BF_1/BTFLY0/logic_bfly_byp.add_r/adder/i_baseblox.i_baseblox_addsub/no_pipelining.the_addsub/i_lut6.i_lut6_addsub/i_q.i_simple.qreg/i_no_async_controls.output_reg[10]/D","1.660","3"
"clk500","0.320","2.000","cfo/windows/packed_windows/fifo/gnuram_async_fifo.xpm_fifo_base_inst/gen_sdpram.xpm_memory_base_inst/gen_wr_a.gen_word_narrow.mem_reg_bram_8/CLKBWRCLK","cfo/windows/packed_windows/fifo/gnuram_async_fifo.xpm_fifo_base_inst/gen_sdpram.xpm_memory_base_inst/gen_wr_a.gen_word_narrow.mem_reg_bram_11/CASDINB[8]","1.540","2"
"clk500","0.320","2.000","cfo/windows/packed_windows/fifo/gnuram_async_fifo.xpm_fifo_base_inst/gen_sdpram.xpm_memory_base_inst/gen_wr_a.gen_word_narrow.mem_reg_bram_0/CLKBWRCLK","cfo/windows/packed_windows/fifo/gnuram_async_fifo.xpm_fifo_base_inst/gen_sdpram.xpm_memory_base_inst/gen_wr_a.gen_word_narrow.mem_reg_bram_3/CASDINB[8]","1.540","2"
"clk500","0.320","2.000","cfo/windows/packed_windows/fifo/gnuram_async_fifo.xpm_fifo_base_inst/gen_sdpram.xpm_memory_base_inst/gen_wr_a.gen_word_narrow.mem_reg_bram_4/CLKBWRCLK","cfo/windows/packed_windows/fifo/gnuram_async_fifo.xpm_fifo_base_inst/gen_sdpram.xpm_memory_base_inst/gen_wr_a.gen_word_narrow.mem_reg_bram_7/CASDINB[8]","1.540","2"
"clk500","0.321","2.000","cfo/observation_front/fft_core/state_reg[0]/C","cfo/observation_front/fft_core/bank0_reg_bram_0/DINADIN[31]","1.388","2"
"clk500","0.321","2.000","cfo/observation_front/fft_core/stage_index_reg[0]/C","cfo/observation_front/fft_core/half_span_reg[3]/CE","1.574","2"
"clk500","0.321","2.000","cfo/observation_front/fft_core/stage_index_reg[0]/C","cfo/observation_front/fft_core/half_span_reg[8]/CE","1.574","2"
"clk500","0.321","2.000","cfo/observation_front/fft_core/tag_reg[8][bf][8]/C","cfo/observation_front/fft_core/tw_index_reg[3]/CE","1.575","4"
"clk500","0.321","2.000","cfo/observation_front/fft_core/tag_reg[8][bf][8]/C","cfo/observation_front/fft_core/tw_index_reg[7]/CE","1.575","4"
"clk500","0.321","2.000","sfo/residual_estimator/aux_service/u_xfft/U0/i_synth/xfft_inst/non_floating_point.arch_d.xfft_inst/has_bit_reverse.natural_order_address_muxing.muxed_reorder_read_addr_reg[8]/C","sfo/residual_estimator/aux_service/u_xfft/U0/i_synth/xfft_inst/non_floating_point.arch_d.xfft_inst/has_bit_reverse.dig_rev_mem/blk_ram.use_bram_only.mem/depth_14.main_ram_loop[1].use_RAMB18.ram_2k_loop[4].SDP_RAMB18_9x2048/ADDRBWRADDR[11]","1.370","0"
"clk500","0.321","2.000","sfo/residual_estimator/aux_service/u_xfft/U0/i_synth/xfft_inst/non_floating_point.arch_d.xfft_inst/pe_gen[0].natural_order_input.PE/has_addr_gen.bf2_addr_gen/cnt/cnt_addsub/i_baseblox.i_baseblox_addsub/no_pipelining.the_addsub/i_lut6.i_lut6_addsub/i_q.i_simple.qreg/i_no_async_controls.output_reg[4]/C","sfo/residual_estimator/aux_service/u_xfft/U0/i_synth/xfft_inst/non_floating_point.arch_d.xfft_inst/pe_gen[0].natural_order_input.PE/FB_1.BF_1/MEM/blk_ram.use_bram_only.mem/depth_13_s6_depth_12.need_extra_rams.extra_ram_loop[1].use_RAMB18.SDP_RAMB18_2x8192/ADDRBWRADDR[4]","1.296","0"
"clk500","0.322","2.000","cfo/observation_front/pr4_reg/DSP_OUTPUT_INST/CLK","cfo/observation_front/h_i5_reg[14]/D","1.628","5"
"clk500","0.322","2.000","sfo/initial_estimator/owner/fft/reset_sync500/syncstages_ff_reg[3]/C","sfo/initial_estimator/owner/fft/u_egress_fifo/gnuram_async_fifo.xpm_fifo_base_inst/wrpp1_inst/count_value_i_reg[5]/D","1.658","3"
"clk500","0.322","2.000","sfo/initial_estimator/owner/fft/reset_sync500/syncstages_ff_reg[3]/C","sfo/initial_estimator/owner/fft/u_egress_fifo/gnuram_async_fifo.xpm_fifo_base_inst/wrpp1_inst/count_value_i_reg[6]/D","1.658","3"
"clk500","0.322","2.000","sfo/residual_estimator/aux_service/u_egress_fifo/gnuram_async_fifo.xpm_fifo_base_inst/xpm_fifo_rst_inst/gen_rst_ic.wr_rst_busy_ic_reg/C","sfo/residual_estimator/aux_service/u_egress_fifo/gnuram_async_fifo.xpm_fifo_base_inst/wrpp1_inst/count_value_i_reg[2]/D","1.658","5"
"clk500","0.322","2.000","sfo/residual_estimator/aux_service/u_egress_fifo/gnuram_async_fifo.xpm_fifo_base_inst/xpm_fifo_rst_inst/gen_rst_ic.wr_rst_busy_ic_reg/C","sfo/residual_estimator/aux_service/u_egress_fifo/gnuram_async_fifo.xpm_fifo_base_inst/wrpp1_inst/count_value_i_reg[3]/D","1.658","5"
"clk500","0.322","2.000","sfo/residual_estimator/aux_service/u_xfft/U0/i_synth/xfft_inst/non_floating_point.arch_d.xfft_inst/pe_gen[0].natural_order_input.PE/has_addr_gen.bf2_addr_gen/cnt/cnt_addsub/i_baseblox.i_baseblox_addsub/no_pipelining.the_addsub/i_lut6.i_lut6_addsub/i_q.i_simple.qreg/i_no_async_controls.output_reg[8]/C","sfo/residual_estimator/aux_service/u_xfft/U0/i_synth/xfft_inst/non_floating_point.arch_d.xfft_inst/pe_gen[0].natural_order_input.PE/FB_1.BF_1/MEM/blk_ram.use_bram_only.mem/depth_13_s6_depth_12.main_ram_loop[1].use_RAMB18.ram_2k_loop[3].SDP_RAMB18_9x2048/ADDRBWRADDR[10]","1.372","0"
"clk500","0.323","2.000","cfo/observation_front/pi4_reg/DSP_OUTPUT_INST/CLK","cfo/observation_front/h_q5_reg[4]/D","1.627","4"
"clk500","0.323","2.000","sfo/residual_estimator/front_stage/main/service/u_xfft/U0/i_synth/xfft_inst/non_floating_point.arch_d.xfft_inst/has_bit_reverse.natural_order_address_muxing.muxed_reorder_read_addr_reg[3]/C","sfo/residual_estimator/front_stage/main/service/u_xfft/U0/i_synth/xfft_inst/non_floating_point.arch_d.xfft_inst/has_bit_reverse.dig_rev_mem/blk_ram.use_bram_only.mem/depth_11.ram_loop[2].use_RAMB18.SDP_RAMB18_9x2048/ADDRBWRADDR[6]","1.368","0"
"clk500","0.323","2.000","cfo/observation_front/fft_core/v_reg[5]/C","cfo/observation_front/fft_core/sub_i6_reg[12]/CE","1.572","0"
"clk500","0.323","2.000","cfo/observation_front/fft_core/v_reg[5]/C","cfo/observation_front/fft_core/sub_i6_reg[13]/CE","1.572","0"
"clk500","0.323","2.000","cfo/observation_front/fft_core/v_reg[5]/C","cfo/observation_front/fft_core/sub_i6_reg[14]/CE","1.572","0"
"clk500","0.323","2.000","cfo/observation_front/fft_core/v_reg[5]/C","cfo/observation_front/fft_core/sub_i6_reg[15]/CE","1.572","0"
"clk500","0.323","2.000","cfo/windows/packed_windows/fifo/gnuram_async_fifo.xpm_fifo_base_inst/gen_sdpram.xpm_memory_base_inst/gen_wr_a.gen_word_narrow.mem_reg_bram_3/CLKBWRCLK","cfo/windows/packed_tail_reg[34]/D","1.611","0"
"clk500","0.323","2.000","cfo/windows/packed_windows/fifo/gnuram_async_fifo.xpm_fifo_base_inst/gen_sdpram.xpm_memory_base_inst/gen_wr_a.gen_word_narrow.mem_reg_bram_8/CLKBWRCLK","cfo/windows/packed_windows/fifo/gnuram_async_fifo.xpm_fifo_base_inst/gen_sdpram.xpm_memory_base_inst/gen_wr_a.gen_word_narrow.mem_reg_bram_11/CASDINB[14]","1.537","2"
"clk500","0.323","2.000","cfo/windows/packed_windows/fifo/gnuram_async_fifo.xpm_fifo_base_inst/gen_sdpram.xpm_memory_base_inst/gen_wr_a.gen_word_narrow.mem_reg_bram_0/CLKBWRCLK","cfo/windows/packed_windows/fifo/gnuram_async_fifo.xpm_fifo_base_inst/gen_sdpram.xpm_memory_base_inst/gen_wr_a.gen_word_narrow.mem_reg_bram_3/CASDINB[14]","1.537","2"
"clk500","0.323","2.000","cfo/windows/packed_windows/fifo/gnuram_async_fifo.xpm_fifo_base_inst/gen_sdpram.xpm_memory_base_inst/gen_wr_a.gen_word_narrow.mem_reg_bram_4/CLKBWRCLK","cfo/windows/packed_windows/fifo/gnuram_async_fifo.xpm_fifo_base_inst/gen_sdpram.xpm_memory_base_inst/gen_wr_a.gen_word_narrow.mem_reg_bram_7/CASDINB[14]","1.537","2"
"clk500","0.323","2.000","sfo/residual_estimator/aux_service/u_xfft/U0/i_synth/xfft_inst/non_floating_point.arch_d.xfft_inst/has_bit_reverse.natural_order_address_muxing.muxed_reorder_read_addr_reg[13]/C","sfo/residual_estimator/aux_service/u_xfft/U0/i_synth/xfft_inst/non_floating_point.arch_d.xfft_inst/has_bit_reverse.dig_rev_mem/blk_ram.use_bram_only.mem/depth_14.need_extra_rams.extra_ram_loop[2].use_RAMB18.SDP_RAMB18_1x16384/ADDRBWRADDR[13]","1.354","0"
"clk500","0.323","2.000","sfo/residual_estimator/aux_service/u_xfft/U0/i_synth/xfft_inst/non_floating_point.arch_d.xfft_inst/has_bit_reverse.natural_order_address_muxing.muxed_reorder_read_addr_reg[8]/C","sfo/residual_estimator/aux_service/u_xfft/U0/i_synth/xfft_inst/non_floating_point.arch_d.xfft_inst/has_bit_reverse.dig_rev_mem/blk_ram.use_bram_only.mem/depth_14.need_extra_rams.extra_ram_loop[2].use_RAMB18.SDP_RAMB18_1x16384/ADDRBWRADDR[8]","1.367","0"
"clk500","0.323","2.000","cfo/observation_front/state_reg[0]/C","cfo/estimator/mailbox_data_reg[115]/CE","1.574","3"
"clk500","0.323","2.000","cfo/observation_front/state_reg[0]/C","cfo/estimator/mailbox_data_reg[122]/CE","1.574","3"
"clk500","0.323","2.000","cfo/observation_front/state_reg[0]/C","cfo/estimator/mailbox_data_reg[125]/CE","1.574","3"
"clk500","0.323","2.000","cfo/observation_front/state_reg[0]/C","cfo/estimator/mailbox_data_reg[136]/CE","1.574","3"
"clk500","0.323","2.000","cfo/windows/packed_windows/fifo/gnuram_async_fifo.xpm_fifo_base_inst/gen_sdpram.xpm_memory_base_inst/gen_wr_a.gen_word_narrow.mem_reg_bram_8/CLKBWRCLK","cfo/windows/packed_windows/fifo/gnuram_async_fifo.xpm_fifo_base_inst/gen_sdpram.xpm_memory_base_inst/gen_wr_a.gen_word_narrow.mem_reg_bram_11/CASDINB[25]","1.537","2"
"clk500","0.323","2.000","cfo/windows/packed_windows/fifo/gnuram_async_fifo.xpm_fifo_base_inst/gen_sdpram.xpm_memory_base_inst/gen_wr_a.gen_word_narrow.mem_reg_bram_0/CLKBWRCLK","cfo/windows/packed_windows/fifo/gnuram_async_fifo.xpm_fifo_base_inst/gen_sdpram.xpm_memory_base_inst/gen_wr_a.gen_word_narrow.mem_reg_bram_3/CASDINB[25]","1.537","2"
"clk500","0.323","2.000","cfo/windows/packed_windows/fifo/gnuram_async_fifo.xpm_fifo_base_inst/gen_sdpram.xpm_memory_base_inst/gen_wr_a.gen_word_narrow.mem_reg_bram_4/CLKBWRCLK","cfo/windows/packed_windows/fifo/gnuram_async_fifo.xpm_fifo_base_inst/gen_sdpram.xpm_memory_base_inst/gen_wr_a.gen_word_narrow.mem_reg_bram_7/CASDINB[25]","1.537","2"
"clk500","0.323","2.000","sfo/residual_estimator/aux_service/u_xfft/U0/i_synth/xfft_inst/non_floating_point.arch_d.xfft_inst/has_bit_reverse.natural_order_address_muxing.muxed_reorder_read_addr_reg[3]/C","sfo/residual_estimator/aux_service/u_xfft/U0/i_synth/xfft_inst/non_floating_point.arch_d.xfft_inst/has_bit_reverse.dig_rev_mem/blk_ram.use_bram_only.mem/depth_14.main_ram_loop[0].use_RAMB18.ram_2k_loop[0].SDP_RAMB18_9x2048/ADDRBWRADDR[6]","1.387","0"
"clk500","0.323","2.000","sfo/residual_estimator/aux_service/u_xfft/U0/i_synth/xfft_inst/non_floating_point.arch_d.xfft_inst/pe_gen[0].natural_order_input.PE/has_addr_gen.bf2_addr_gen/cnt/cnt_addsub/i_baseblox.i_baseblox_addsub/no_pipelining.the_addsub/i_lut6.i_lut6_addsub/i_q.i_simple.qreg/i_no_async_controls.output_reg[11]/C","sfo/residual_estimator/aux_service/u_xfft/U0/i_synth/xfft_inst/non_floating_point.arch_d.xfft_inst/pe_gen[0].natural_order_input.PE/FB_1.BF_1/MEM/blk_ram.use_bram_only.mem/depth_13_s6_depth_12.main_ram_loop[2].use_RAMB18.ram_2k_loop[3].SDP_RAMB18_9x2048/ADDRBWRADDR[13]","1.323","0"
"clk500","0.323","2.000","sfo/residual_estimator/front_stage/main/service/u_ingress_fifo/gnuram_async_fifo.xpm_fifo_base_inst/gen_sdpram.xpm_memory_base_inst/gen_wr_a.gen_word_wide.mem_reg_bram_0/CLKARDCLK","sfo/residual_estimator/front_stage/main/service/u_ingress_fifo/gnuram_async_fifo.xpm_fifo_base_inst/gen_sdpram.xpm_memory_base_inst/gen_rd_b.gen_doutb_pipe.doutb_pipe_reg[0][3]/D","1.612","0"
"clk500","0.323","2.000","cfo/observation_front/state_reg[0]/C","cfo/estimator/mailbox_data_reg[121]/CE","1.575","3"
"clk500","0.323","2.000","cfo/observation_front/state_reg[0]/C","cfo/estimator/mailbox_data_reg[124]/CE","1.575","3"
"clk500","0.323","2.000","cfo/observation_front/state_reg[0]/C","cfo/estimator/mailbox_data_reg[131]/CE","1.575","3"
"clk500","0.323","2.000","cfo/observation_front/state_reg[0]/C","cfo/estimator/mailbox_data_reg[137]/CE","1.575","3"
"clk500","0.324","2.000","sfo/residual_estimator/aux_service/u_xfft/U0/i_synth/xfft_inst/non_floating_point.arch_d.xfft_inst/timing_cnts_has_nfft.run_time_sel_reg[5]/C","sfo/residual_estimator/aux_service/u_xfft/U0/i_synth/xfft_inst/non_floating_point.arch_d.xfft_inst/pe_gen[5].natural_order_input.PE/bypass_muxes.din_re_mux_gen[4].reg/D","1.658","1"
"clk500","0.324","2.000","cfo/windows/packed_windows/fifo/gnuram_async_fifo.xpm_fifo_base_inst/gen_sdpram.xpm_memory_base_inst/gen_wr_a.gen_word_narrow.mem_reg_bram_3/CLKBWRCLK","cfo/windows/packed_tail_reg[20]/D","1.611","0"
"clk500","0.324","2.000","cfo/windows/packed_windows/fifo/gnuram_async_fifo.xpm_fifo_base_inst/gen_sdpram.xpm_memory_base_inst/gen_wr_a.gen_word_narrow.mem_reg_bram_3/CLKBWRCLK","cfo/windows/packed_tail_reg[5]/D","1.611","0"
"clk500","0.324","2.000","sfo/residual_estimator/aux_service/u_xfft/U0/i_synth/xfft_inst/non_floating_point.arch_d.xfft_inst/has_bit_reverse.natural_order_address_muxing.muxed_reorder_read_addr_reg[0]/C","sfo/residual_estimator/aux_service/u_xfft/U0/i_synth/xfft_inst/non_floating_point.arch_d.xfft_inst/has_bit_reverse.dig_rev_mem/blk_ram.use_bram_only.mem/depth_14.main_ram_loop[1].use_RAMB18.ram_2k_loop[6].SDP_RAMB18_9x2048/ADDRBWRADDR[3]","1.308","0"
"clk500","0.324","2.000","cfo/windows/packed_windows/fifo/gnuram_async_fifo.xpm_fifo_base_inst/gen_sdpram.xpm_memory_base_inst/gen_wr_a.gen_word_narrow.mem_reg_bram_13/CLKBWRCLK","cfo/windows/packed_tail_reg[120]/D","1.611","0"
"clk500","0.325","2.000","cfo/observation_front/v_reg[5]/C","cfo/observation_front/m_z_q_reg[24]/CE","1.572","1"
"clk500","0.325","2.000","cfo/observation_front/v_reg[5]/C","cfo/observation_front/m_z_q_reg[25]/CE","1.572","1"
"clk500","0.325","2.000","cfo/observation_front/v_reg[5]/C","cfo/observation_front/m_z_q_reg[26]/CE","1.572","1"
"clk500","0.325","2.000","cfo/observation_front/v_reg[5]/C","cfo/observation_front/m_z_q_reg[27]/CE","1.572","1"
"clk500","0.325","2.000","cfo/observation_front/v_reg[5]/C","cfo/observation_front/m_z_q_reg[28]/CE","1.572","1"
"clk500","0.325","2.000","cfo/observation_front/v_reg[5]/C","cfo/observation_front/m_z_q_reg[29]/CE","1.572","1"
"clk500","0.325","2.000","cfo/observation_front/v_reg[5]/C","cfo/observation_front/m_z_q_reg[30]/CE","1.572","1"
"clk500","0.325","2.000","cfo/observation_front/v_reg[5]/C","cfo/observation_front/m_z_q_reg[31]/CE","1.572","1"
"clk500","0.325","2.000","sfo/residual_estimator/aux_service/u_xfft/U0/i_synth/xfft_inst/non_floating_point.arch_d.xfft_inst/timing_cnts_has_nfft.run_time_sel_reg[5]/C","sfo/residual_estimator/aux_service/u_xfft/U0/i_synth/xfft_inst/non_floating_point.arch_d.xfft_inst/pe_gen[5].natural_order_input.PE/bypass_muxes.din_re_mux_gen[7].reg/D","1.657","1"
"clk500","0.325","2.000","sfo/residual_estimator/front_stage/main/service/u_xfft/U0/i_synth/xfft_inst/non_floating_point.arch_d.xfft_inst/FLOW/proc0_counter/cnt_addsub/i_baseblox.i_baseblox_addsub/no_pipelining.the_addsub/i_lut6.i_lut6_addsub/i_q.i_simple.qreg/i_no_async_controls.output_reg[9]/C","sfo/residual_estimator/front_stage/main/service/u_xfft/U0/i_synth/axi_wrapper/blk_event_tlast_missing.event_tlast_missing_reg/D","1.658","3"
"clk500","0.325","2.000","cfo/observation_front/fft_core/v_reg[5]/C","cfo/observation_front/fft_core/sub_i6_reg[10]/CE","1.570","0"
"clk500","0.325","2.000","cfo/observation_front/fft_core/v_reg[5]/C","cfo/observation_front/fft_core/sub_i6_reg[11]/CE","1.570","0"
"clk500","0.325","2.000","cfo/observation_front/fft_core/v_reg[5]/C","cfo/observation_front/fft_core/sub_i6_reg[8]/CE","1.570","0"
"clk500","0.325","2.000","cfo/observation_front/fft_core/v_reg[5]/C","cfo/observation_front/fft_core/sub_i6_reg[9]/CE","1.570","0"
"clk500","0.326","2.000","cfo/windows/poison_sync/syncstages_ff_reg[3]/C","cfo/windows/packed_windows/fifo/gnuram_async_fifo.xpm_fifo_base_inst/gen_sdpram.xpm_memory_base_inst/gen_wr_a.gen_word_narrow.mem_reg_bram_3/CASOREGIMUXEN_B","1.536","3"
"clk500","0.326","2.000","sfo/residual_estimator/aux_service/u_xfft/U0/i_synth/xfft_inst/non_floating_point.arch_d.xfft_inst/timing_cnts_has_nfft.run_time_sel_reg[4]/C","sfo/residual_estimator/aux_service/u_xfft/U0/i_synth/xfft_inst/non_floating_point.arch_d.xfft_inst/pe_gen[3].natural_order_input.PE/bypass_muxes.din_re_mux_gen[11].reg/D","1.655","1"
"clk500","0.327","2.000","cfo/windows/packed_windows/fifo/gnuram_async_fifo.xpm_fifo_base_inst/gen_sdpram.xpm_memory_base_inst/gen_wr_a.gen_word_narrow.mem_reg_bram_8/CLKBWRCLK","cfo/windows/packed_windows/fifo/gnuram_async_fifo.xpm_fifo_base_inst/gen_sdpram.xpm_memory_base_inst/gen_wr_a.gen_word_narrow.mem_reg_bram_11/CASDINB[21]","1.533","2"
"clk500","0.327","2.000","cfo/windows/packed_windows/fifo/gnuram_async_fifo.xpm_fifo_base_inst/gen_sdpram.xpm_memory_base_inst/gen_wr_a.gen_word_narrow.mem_reg_bram_0/CLKBWRCLK","cfo/windows/packed_windows/fifo/gnuram_async_fifo.xpm_fifo_base_inst/gen_sdpram.xpm_memory_base_inst/gen_wr_a.gen_word_narrow.mem_reg_bram_3/CASDINB[21]","1.533","2"
"clk500","0.327","2.000","cfo/windows/packed_windows/fifo/gnuram_async_fifo.xpm_fifo_base_inst/gen_sdpram.xpm_memory_base_inst/gen_wr_a.gen_word_narrow.mem_reg_bram_4/CLKBWRCLK","cfo/windows/packed_windows/fifo/gnuram_async_fifo.xpm_fifo_base_inst/gen_sdpram.xpm_memory_base_inst/gen_wr_a.gen_word_narrow.mem_reg_bram_7/CASDINB[21]","1.533","2"
"clk500","0.327","2.000","sfo/residual_estimator/aux_service/u_xfft/U0/i_synth/xfft_inst/non_floating_point.arch_d.xfft_inst/has_bit_reverse.no_cp.muxed_reorder_write_addr_del_reg[5]/C","sfo/residual_estimator/aux_service/u_xfft/U0/i_synth/xfft_inst/non_floating_point.arch_d.xfft_inst/has_bit_reverse.dig_rev_mem/blk_ram.use_bram_only.mem/depth_14.main_ram_loop[2].use_RAMB18.ram_2k_loop[6].SDP_RAMB18_9x2048/ADDRARDADDR[8]","1.380","0"
"clk500","0.327","2.000","cfo/observation_front/fft_core/tag_reg[8][bf][8]/C","cfo/observation_front/fft_core/tw_index_reg[0]/CE","1.569","4"
"clk500","0.327","2.000","cfo/observation_front/fft_core/tag_reg[8][bf][8]/C","cfo/observation_front/fft_core/tw_index_reg[4]/CE","1.569","4"
"clk500","0.327","2.000","cfo/observation_front/fft_core/tag_reg[8][bf][8]/C","cfo/observation_front/fft_core/tw_index_reg[5]/CE","1.569","4"
"clk500","0.327","2.000","cfo/observation_front/fft_core/tag_reg[8][bf][8]/C","cfo/observation_front/fft_core/tw_index_reg[6]/CE","1.569","4"
"clk500","0.327","2.000","cfo/windows/complete_windows/fifo/gnuram_async_fifo.xpm_fifo_base_inst/xpm_fifo_rst_inst/gen_rst_ic.fifo_rd_rst_ic_reg/C","cfo/windows/complete_windows/fifo/gnuram_async_fifo.xpm_fifo_base_inst/rdp_inst/count_value_i_reg[3]/R","1.554","0"
"clk500","0.327","2.000","cfo/windows/complete_windows/fifo/gnuram_async_fifo.xpm_fifo_base_inst/xpm_fifo_rst_inst/gen_rst_ic.fifo_rd_rst_ic_reg/C","cfo/windows/complete_windows/fifo/gnuram_async_fifo.xpm_fifo_base_inst/rdpp1_inst/count_value_i_reg[1]/R","1.554","0"
"clk500","0.327","2.000","cfo/windows/complete_windows/fifo/gnuram_async_fifo.xpm_fifo_base_inst/xpm_fifo_rst_inst/gen_rst_ic.fifo_rd_rst_ic_reg/C","cfo/windows/complete_windows/fifo/gnuram_async_fifo.xpm_fifo_base_inst/rdpp1_inst/count_value_i_reg[2]/R","1.554","0"
"clk500","0.327","2.000","sfo/residual_estimator/aux_service/u_xfft/U0/i_synth/axi_wrapper/gen_has_nfft.nfft_we_int_reg/C","sfo/residual_estimator/aux_service/u_xfft/U0/i_synth/xfft_inst/non_floating_point.arch_d.xfft_inst/FLOW/reset_sustain.delay_reset_3/count_addsub_reg[0].addsub_reg/R","1.554","1"
"clk500","0.327","2.000","sfo/residual_estimator/aux_service/u_xfft/U0/i_synth/axi_wrapper/gen_has_nfft.nfft_we_int_reg/C","sfo/residual_estimator/aux_service/u_xfft/U0/i_synth/xfft_inst/non_floating_point.arch_d.xfft_inst/FLOW/reset_sustain.delay_reset_3/count_addsub_reg[1].addsub_reg/R","1.554","1"
"clk500","0.328","2.000","sfo/residual_estimator/aux_service/u_xfft/U0/i_synth/xfft_inst/non_floating_point.arch_d.xfft_inst/has_bit_reverse.no_cp.muxed_reorder_write_addr_del_reg[13]/C","sfo/residual_estimator/aux_service/u_xfft/U0/i_synth/xfft_inst/non_floating_point.arch_d.xfft_inst/has_bit_reverse.dig_rev_mem/blk_ram.use_bram_only.mem/depth_14.need_extra_rams.extra_ram_loop[0].use_RAMB18.SDP_RAMB18_1x16384/ADDRARDADDR[13]","1.380","0"
"clk500","0.328","2.000","cfo/observation_front/fft_core/tag_reg[1][bank_a]/C","cfo/observation_front/fft_core/ri3_reg/DSP_A_B_DATA_INST/A[7]","1.394","1"
"clk500","0.328","2.000","cfo/observation_front/fft_core/v_reg[5]/C","cfo/observation_front/fft_core/sub_i6_reg[20]/CE","1.567","0"
"clk500","0.328","2.000","cfo/observation_front/fft_core/v_reg[5]/C","cfo/observation_front/fft_core/sub_i6_reg[21]/CE","1.567","0"
"clk500","0.328","2.000","cfo/observation_front/fft_core/v_reg[5]/C","cfo/observation_front/fft_core/sub_i6_reg[22]/CE","1.567","0"
"clk500","0.328","2.000","cfo/observation_front/fft_core/v_reg[5]/C","cfo/observation_front/fft_core/sub_i6_reg[23]/CE","1.567","0"
"clk500","0.328","2.000","cfo/windows/packed_windows/fifo/gnuram_async_fifo.xpm_fifo_base_inst/gen_sdpram.xpm_memory_base_inst/gen_wr_a.gen_word_narrow.mem_reg_bram_8/CLKBWRCLK","cfo/windows/packed_windows/fifo/gnuram_async_fifo.xpm_fifo_base_inst/gen_sdpram.xpm_memory_base_inst/gen_wr_a.gen_word_narrow.mem_reg_bram_11/CASDINB[13]","1.532","2"
"clk500","0.328","2.000","cfo/windows/packed_windows/fifo/gnuram_async_fifo.xpm_fifo_base_inst/gen_sdpram.xpm_memory_base_inst/gen_wr_a.gen_word_narrow.mem_reg_bram_0/CLKBWRCLK","cfo/windows/packed_windows/fifo/gnuram_async_fifo.xpm_fifo_base_inst/gen_sdpram.xpm_memory_base_inst/gen_wr_a.gen_word_narrow.mem_reg_bram_3/CASDINB[13]","1.532","2"
"clk500","0.328","2.000","cfo/windows/packed_windows/fifo/gnuram_async_fifo.xpm_fifo_base_inst/gen_sdpram.xpm_memory_base_inst/gen_wr_a.gen_word_narrow.mem_reg_bram_4/CLKBWRCLK","cfo/windows/packed_windows/fifo/gnuram_async_fifo.xpm_fifo_base_inst/gen_sdpram.xpm_memory_base_inst/gen_wr_a.gen_word_narrow.mem_reg_bram_7/CASDINB[13]","1.532","2"
"clk500","0.328","2.000","cfo/windows/packed_windows/fifo/gnuram_async_fifo.xpm_fifo_base_inst/gen_sdpram.xpm_memory_base_inst/gen_wr_a.gen_word_narrow.mem_reg_bram_8/CLKBWRCLK","cfo/windows/packed_windows/fifo/gnuram_async_fifo.xpm_fifo_base_inst/gen_sdpram.xpm_memory_base_inst/gen_wr_a.gen_word_narrow.mem_reg_bram_11/CASDINB[29]","1.532","2"
"clk500","0.328","2.000","cfo/windows/packed_windows/fifo/gnuram_async_fifo.xpm_fifo_base_inst/gen_sdpram.xpm_memory_base_inst/gen_wr_a.gen_word_narrow.mem_reg_bram_0/CLKBWRCLK","cfo/windows/packed_windows/fifo/gnuram_async_fifo.xpm_fifo_base_inst/gen_sdpram.xpm_memory_base_inst/gen_wr_a.gen_word_narrow.mem_reg_bram_3/CASDINB[29]","1.532","2"
"clk500","0.328","2.000","cfo/windows/packed_windows/fifo/gnuram_async_fifo.xpm_fifo_base_inst/gen_sdpram.xpm_memory_base_inst/gen_wr_a.gen_word_narrow.mem_reg_bram_4/CLKBWRCLK","cfo/windows/packed_windows/fifo/gnuram_async_fifo.xpm_fifo_base_inst/gen_sdpram.xpm_memory_base_inst/gen_wr_a.gen_word_narrow.mem_reg_bram_7/CASDINB[29]","1.532","2"
"clk500","0.328","2.000","sfo/residual_estimator/aux_service/u_xfft/U0/i_synth/axi_wrapper/gen_has_nfft.nfft_we_int_reg/C","sfo/residual_estimator/aux_service/u_xfft/U0/i_synth/xfft_inst/non_floating_point.arch_d.xfft_inst/FLOW/reset_sustain.delay_reset_3/tc_reg/S","1.553","1"
"clk500","0.328","2.000","sfo/residual_estimator/aux_service/u_xfft/U0/i_synth/axi_wrapper/gen_has_nfft.nfft_we_int_reg/C","sfo/residual_estimator/aux_service/u_xfft/U0/i_synth/xfft_inst/non_floating_point.arch_d.xfft_inst/FLOW/reset_sustain.delay_reset_3/tc_reg1/S","1.553","1"
"clk500","0.328","2.000","sfo/residual_estimator/aux_service/u_xfft/U0/i_synth/xfft_inst/non_floating_point.arch_d.xfft_inst/pe_gen[1].natural_order_input.PE/FB_1.BF_1/yes_nfft.bypass_reg/no_sclr_lut.real_shift_ram.use_baseblock.not_use_hlutnm_srls.i_shift_ram/i_bb_inst/f0.srl_sig_reg[1][0]/C","sfo/residual_estimator/aux_service/u_xfft/U0/i_synth/xfft_inst/non_floating_point.arch_d.xfft_inst/pe_gen[1].natural_order_input.PE/FB_1.BF_1/BTFLY0/logic_bfly_byp.add_r/adder/i_baseblox.i_baseblox_addsub/no_pipelining.the_addsub/i_lut6.i_lut6_addsub/i_q.i_simple.qreg/i_no_async_controls.output_reg[11]/D","1.652","3"
"clk500","0.328","2.000","cfo/windows/packed_windows/fifo/gnuram_async_fifo.xpm_fifo_base_inst/gen_sdpram.xpm_memory_base_inst/gen_wr_a.gen_word_narrow.mem_reg_bram_8/CLKBWRCLK","cfo/windows/packed_windows/fifo/gnuram_async_fifo.xpm_fifo_base_inst/gen_sdpram.xpm_memory_base_inst/gen_wr_a.gen_word_narrow.mem_reg_bram_11/CASDINB[9]","1.532","2"
"clk500","0.328","2.000","cfo/windows/packed_windows/fifo/gnuram_async_fifo.xpm_fifo_base_inst/gen_sdpram.xpm_memory_base_inst/gen_wr_a.gen_word_narrow.mem_reg_bram_0/CLKBWRCLK","cfo/windows/packed_windows/fifo/gnuram_async_fifo.xpm_fifo_base_inst/gen_sdpram.xpm_memory_base_inst/gen_wr_a.gen_word_narrow.mem_reg_bram_3/CASDINB[9]","1.532","2"
"clk500","0.328","2.000","cfo/windows/packed_windows/fifo/gnuram_async_fifo.xpm_fifo_base_inst/gen_sdpram.xpm_memory_base_inst/gen_wr_a.gen_word_narrow.mem_reg_bram_4/CLKBWRCLK","cfo/windows/packed_windows/fifo/gnuram_async_fifo.xpm_fifo_base_inst/gen_sdpram.xpm_memory_base_inst/gen_wr_a.gen_word_narrow.mem_reg_bram_7/CASDINB[9]","1.532","2"
"clk500","0.329","2.000","cfo/observation_front/coefficient_row_reg[3]/C","cfo/observation_front/coefficient_page0_data_reg_0_0/ADDRARDADDR[3]","1.307","0"
"clk500","0.329","2.000","cfo/observation_front/fft_core/stage_index_reg[0]/C","cfo/observation_front/fft_core/half_span_reg[4]/CE","1.566","2"
"clk500","0.329","2.000","cfo/observation_front/pr4_reg/DSP_OUTPUT_INST/CLK","cfo/observation_front/h_i5_reg[16]/D","1.621","6"
"clk500","0.329","2.000","sfo/residual_estimator/aux_service/u_xfft/U0/i_synth/xfft_inst/non_floating_point.arch_d.xfft_inst/timing_cnts_has_nfft.run_time_sel_reg[5]/C","sfo/residual_estimator/aux_service/u_xfft/U0/i_synth/xfft_inst/non_floating_point.arch_d.xfft_inst/pe_gen[4].natural_order_input.PE/bypass_muxes.din_im_mux_gen[8].reg/D","1.653","1"
"clk500","0.329","2.000","sfo/residual_estimator/front_stage/main/service/u_xfft/U0/i_synth/xfft_inst/non_floating_point.arch_d.xfft_inst/pe_gen[0].natural_order_input.PE/has_addr_gen.bf2_addr_gen/cnt/cnt_addsub/i_baseblox.i_baseblox_addsub/no_pipelining.the_addsub/i_lut6.i_lut6_addsub/i_q.i_simple.qreg/i_no_async_controls.output_reg[5]/C","sfo/residual_estimator/front_stage/main/service/u_xfft/U0/i_synth/xfft_inst/non_floating_point.arch_d.xfft_inst/pe_gen[0].natural_order_input.PE/FB_1.BF_1/MEM/blk_ram.use_bram_only.mem/depth_10.ram_loop[0].use_RAMB18.SDP_RAMB18_18x1024/ADDRBWRADDR[8]","1.342","0"
"clk500","0.329","2.000","cfo/windows/packed_windows/fifo/gnuram_async_fifo.xpm_fifo_base_inst/gen_sdpram.xpm_memory_base_inst/gen_wr_a.gen_word_narrow.mem_reg_bram_8/CLKBWRCLK","cfo/windows/packed_windows/fifo/gnuram_async_fifo.xpm_fifo_base_inst/gen_sdpram.xpm_memory_base_inst/gen_wr_a.gen_word_narrow.mem_reg_bram_11/CASDINB[20]","1.531","2"
"clk500","0.329","2.000","cfo/windows/packed_windows/fifo/gnuram_async_fifo.xpm_fifo_base_inst/gen_sdpram.xpm_memory_base_inst/gen_wr_a.gen_word_narrow.mem_reg_bram_0/CLKBWRCLK","cfo/windows/packed_windows/fifo/gnuram_async_fifo.xpm_fifo_base_inst/gen_sdpram.xpm_memory_base_inst/gen_wr_a.gen_word_narrow.mem_reg_bram_3/CASDINB[20]","1.531","2"
"clk500","0.329","2.000","cfo/windows/packed_windows/fifo/gnuram_async_fifo.xpm_fifo_base_inst/gen_sdpram.xpm_memory_base_inst/gen_wr_a.gen_word_narrow.mem_reg_bram_4/CLKBWRCLK","cfo/windows/packed_windows/fifo/gnuram_async_fifo.xpm_fifo_base_inst/gen_sdpram.xpm_memory_base_inst/gen_wr_a.gen_word_narrow.mem_reg_bram_7/CASDINB[20]","1.531","2"
"clk500","0.330","2.000","sfo/residual_estimator/aux_service/u_xfft/U0/i_synth/axi_wrapper/data_out_channel/gen_real_time.data_out_reg[30]/C","sfo/residual_estimator/aux_service/u_egress_fifo/gnuram_async_fifo.xpm_fifo_base_inst/gen_sdpram.xpm_memory_base_inst/gen_wr_a.gen_word_narrow.mem_reg_bram_3/DINADIN[2]","1.368","0"
"clk500","0.330","2.000","cfo/observation_front/fft_core/tag_reg[1][bank_a]/C","cfo/observation_front/fft_core/rr3_reg/DSP_A_B_DATA_INST/A[7]","1.392","1"
"clk500","0.330","2.000","cfo/observation_front/fft_core/state_reg[1]/C","cfo/observation_front/fft_core/tag_reg[0][row_a][6]/CE","1.567","1"
"clk500","0.330","2.000","cfo/observation_front/fft_core/state_reg[1]/C","cfo/observation_front/fft_core/tag_reg[0][row_a][7]/CE","1.567","1"
"clk500","0.330","2.000","cfo/observation_front/fft_core/state_reg[1]/C","cfo/observation_front/fft_core/tag_reg[0][row_b][6]/CE","1.567","1"
"clk500","0.330","2.000","cfo/observation_front/fft_core/state_reg[1]/C","cfo/observation_front/fft_core/tag_reg[0][row_b][8]/CE","1.567","1"
"clk500","0.330","2.000","cfo/windows/packed_windows/fifo/gnuram_async_fifo.xpm_fifo_base_inst/rdp_inst/count_value_i_reg[5]/C","cfo/windows/packed_windows/fifo/gnuram_async_fifo.xpm_fifo_base_inst/gen_cdc_pntr.rd_pntr_cdc_dc_inst/src_gray_ff_reg[5]/D","1.651","2"
"clk500","0.330","2.000","sfo/residual_estimator/aux_service/u_xfft/U0/i_synth/xfft_inst/non_floating_point.arch_d.xfft_inst/timing_cnts_has_nfft.run_time_sel_reg[5]/C","sfo/residual_estimator/aux_service/u_xfft/U0/i_synth/xfft_inst/non_floating_point.arch_d.xfft_inst/pe_gen[4].natural_order_input.PE/bypass_muxes.din_re_mux_gen[9].reg/D","1.652","1"
"clk500","0.330","2.000","sfo/residual_estimator/front_stage/main/service/u_xfft/U0/i_synth/axi_wrapper/data_in_channel_fifo/gen_real_time.full_reg/C","sfo/residual_estimator/front_stage/main/service/u_ingress_fifo/gnuram_async_fifo.xpm_fifo_base_inst/rdp_inst/count_value_i_reg[7]/D","1.651","5"
"clk500","0.330","2.000","cfo/observation_front/fft_core/v_reg[5]/C","cfo/observation_front/fft_core/sub_i6_reg[16]/CE","1.565","0"
"clk500","0.330","2.000","cfo/observation_front/fft_core/v_reg[5]/C","cfo/observation_front/fft_core/sub_i6_reg[17]/CE","1.565","0"
"clk500","0.330","2.000","cfo/observation_front/fft_core/v_reg[5]/C","cfo/observation_front/fft_core/sub_i6_reg[18]/CE","1.565","0"
"clk500","0.330","2.000","cfo/observation_front/fft_core/v_reg[5]/C","cfo/observation_front/fft_core/sub_i6_reg[19]/CE","1.565","0"
"clk500","0.330","2.000","cfo/estimator/reset_fast_sync/arststages_ff_reg[3]/C","cfo/observation_front/sum_q_reg[0]/R","1.553","2"
"clk500","0.330","2.000","cfo/estimator/reset_fast_sync/arststages_ff_reg[3]/C","cfo/observation_front/sum_q_reg[1]/R","1.553","2"
"clk500","0.330","2.000","cfo/estimator/reset_fast_sync/arststages_ff_reg[3]/C","cfo/observation_front/sum_q_reg[2]/R","1.553","2"
"clk500","0.330","2.000","cfo/estimator/reset_fast_sync/arststages_ff_reg[3]/C","cfo/observation_front/sum_q_reg[3]/R","1.553","2"
"clk500","0.330","2.000","sfo/residual_estimator/aux_service/u_xfft/U0/i_synth/xfft_inst/non_floating_point.arch_d.xfft_inst/has_bit_reverse.natural_order_address_muxing.muxed_reorder_read_addr_reg[4]/C","sfo/residual_estimator/aux_service/u_xfft/U0/i_synth/xfft_inst/non_floating_point.arch_d.xfft_inst/has_bit_reverse.dig_rev_mem/blk_ram.use_bram_only.mem/depth_14.main_ram_loop[2].use_RAMB18.ram_2k_loop[7].SDP_RAMB18_9x2048/ADDRBWRADDR[7]","1.341","0"
"clk500","0.331","2.000","sfo/residual_estimator/aux_service/u_xfft/U0/i_synth/xfft_inst/non_floating_point.arch_d.xfft_inst/pe_gen[0].natural_order_input.PE/FB_1.BF_1/wr_addr_del/no_sclr_lut.real_shift_ram.use_baseblock.use_hlutnm_srls.srl_loop[1].i_fdre1/C","sfo/residual_estimator/aux_service/u_xfft/U0/i_synth/xfft_inst/non_floating_point.arch_d.xfft_inst/pe_gen[0].natural_order_input.PE/FB_1.BF_1/MEM/blk_ram.use_bram_only.mem/depth_13_s6_depth_12.main_ram_loop[1].use_RAMB18.ram_2k_loop[3].SDP_RAMB18_9x2048/ADDRARDADDR[6]","1.383","0"
"clk500","0.331","2.000","cfo/observation_front/fft_core/tag_reg[1][bank_a]/C","cfo/observation_front/fft_core/pr4_reg/DSP_A_B_DATA_INST/A[1]","1.379","1"
"clk500","0.331","2.000","sfo/residual_estimator/aux_service/u_xfft/U0/i_synth/xfft_inst/non_floating_point.arch_d.xfft_inst/pe_gen[0].natural_order_input.PE/FB_1.BF_1/yes_nfft.bypass_reg/no_sclr_lut.real_shift_ram.use_baseblock.not_use_hlutnm_srls.i_shift_ram/i_bb_inst/f0.srl_sig_reg[1][0]/C","sfo/residual_estimator/aux_service/u_xfft/U0/i_synth/xfft_inst/non_floating_point.arch_d.xfft_inst/pe_gen[0].natural_order_input.PE/FB_1.BF_1/BTFLY0/logic_bfly_byp.add_i/adder/i_baseblox.i_baseblox_addsub/no_pipelining.the_addsub/i_lut6.i_lut6_addsub/i_q.i_simple.qreg/i_no_async_controls.output_reg[15]/D","1.649","3"
"clk500","0.331","2.000","sfo/residual_estimator/aux_service/u_xfft/U0/i_synth/xfft_inst/non_floating_point.arch_d.xfft_inst/timing_cnts_has_nfft.run_time_sel_reg[5]/C","sfo/residual_estimator/aux_service/u_xfft/U0/i_synth/xfft_inst/non_floating_point.arch_d.xfft_inst/pe_gen[4].natural_order_input.PE/bypass_muxes.din_im_mux_gen[5].reg/D","1.651","1"
"clk500","0.331","2.000","sfo/residual_estimator/aux_service/u_xfft/U0/i_synth/xfft_inst/non_floating_point.arch_d.xfft_inst/timing_cnts_has_nfft.run_time_sel_reg[5]/C","sfo/residual_estimator/aux_service/u_xfft/U0/i_synth/xfft_inst/non_floating_point.arch_d.xfft_inst/pe_gen[5].natural_order_input.PE/bypass_muxes.din_re_mux_gen[9].reg/D","1.651","1"
"clk500","0.331","2.000","cfo/observation_front/fft_core/pi4_reg/DSP_OUTPUT_INST/CLK","cfo/observation_front/fft_core/pi5_reg[6]/D","1.620","4"
"clk500","0.331","2.000","sfo/residual_estimator/aux_service/u_xfft/U0/i_synth/xfft_inst/non_floating_point.arch_d.xfft_inst/input_delay_im/no_sclr_lut.real_shift_ram.use_baseblock.use_hlutnm_srls.srl_loop[5].i_fdre1/C","sfo/residual_estimator/aux_service/u_xfft/U0/i_synth/xfft_inst/non_floating_point.arch_d.xfft_inst/pe_gen[2].natural_order_input.PE/bypass_muxes.din_im_mux_gen[11].reg/D","1.650","1"
"clk500","0.331","2.000","sfo/residual_estimator/front_stage/main/service/u_xfft/U0/i_synth/xfft_inst/non_floating_point.arch_d.xfft_inst/pe_gen[0].natural_order_input.PE/has_addr_gen.bf2_addr_gen/cnt/cnt_addsub/i_baseblox.i_baseblox_addsub/no_pipelining.the_addsub/i_lut6.i_lut6_addsub/i_q.i_simple.qreg/i_no_async_controls.output_reg[8]/C","sfo/residual_estimator/front_stage/main/service/u_xfft/U0/i_synth/xfft_inst/non_floating_point.arch_d.xfft_inst/pe_gen[0].natural_order_input.PE/FB_1.BF_1/MEM/blk_ram.use_bram_only.mem/depth_10.ram_loop[1].use_RAMB18.SDP_RAMB18_18x1024/ADDRBWRADDR[11]","1.362","0"
"clk500","0.331","2.000","cfo/estimator/reset_fast_sync/arststages_ff_reg[3]/C","cfo/observation_front/sum_q_reg[4]/R","1.552","2"
"clk500","0.331","2.000","cfo/estimator/reset_fast_sync/arststages_ff_reg[3]/C","cfo/observation_front/sum_q_reg[5]/R","1.552","2"
"clk500","0.331","2.000","cfo/estimator/reset_fast_sync/arststages_ff_reg[3]/C","cfo/observation_front/sum_q_reg[6]/R","1.552","2"
"clk500","0.331","2.000","cfo/estimator/reset_fast_sync/arststages_ff_reg[3]/C","cfo/observation_front/sum_q_reg[7]/R","1.552","2"
"clk500","0.331","2.000","cfo/windows/complete_windows/fifo/gnuram_async_fifo.xpm_fifo_base_inst/gen_sdpram.xpm_memory_base_inst/gen_wr_a.gen_word_narrow.mem_reg/CLKARDCLK","cfo/windows/fast_header_reg[24]/D","1.604","0"
"clk500","0.331","2.000","sfo/initial_estimator/owner/fft/reset_sync500/syncstages_ff_reg[3]/C","sfo/initial_estimator/owner/fft/u_egress_fifo/gnuram_async_fifo.xpm_fifo_base_inst/xpm_fifo_rst_inst/FSM_onehot_gen_rst_ic.curr_wrst_state_reg[1]/D","1.650","2"
"clk500","0.331","2.000","sfo/residual_estimator/aux_service/u_xfft/U0/i_synth/axi_wrapper/sclr_int_reg/C","sfo/residual_estimator/aux_service/u_xfft/U0/i_synth/xfft_inst/non_floating_point.arch_d.xfft_inst/FLOW/has_scale_sch_buffer.scale_sch_int_reg[11]/S","1.553","0"
"clk500","0.331","2.000","sfo/residual_estimator/aux_service/u_xfft/U0/i_synth/axi_wrapper/sclr_int_reg/C","sfo/residual_estimator/aux_service/u_xfft/U0/i_synth/xfft_inst/non_floating_point.arch_d.xfft_inst/FLOW/has_scale_sch_buffer.scale_sch_int_reg[13]/S","1.553","0"
"clk500","0.331","2.000","sfo/residual_estimator/aux_service/u_xfft/U0/i_synth/axi_wrapper/sclr_int_reg/C","sfo/residual_estimator/aux_service/u_xfft/U0/i_synth/xfft_inst/non_floating_point.arch_d.xfft_inst/FLOW/has_scale_sch_buffer.scale_sch_out_i_reg[11]/S","1.553","0"
"clk500","0.331","2.000","sfo/residual_estimator/aux_service/u_xfft/U0/i_synth/axi_wrapper/sclr_int_reg/C","sfo/residual_estimator/aux_service/u_xfft/U0/i_synth/xfft_inst/non_floating_point.arch_d.xfft_inst/FLOW/has_scale_sch_buffer.scale_sch_out_i_reg[13]/S","1.553","0"
"clk500","0.331","2.000","sfo/residual_estimator/aux_service/u_xfft/U0/i_synth/axi_wrapper/gen_has_nfft.nfft_we_int_reg/C","sfo/residual_estimator/aux_service/u_xfft/U0/i_synth/xfft_inst/non_floating_point.arch_d.xfft_inst/FLOW/reset_sustain.resets_4_pes[2].delay_reset_pe/count_addsub_reg[0].addsub_reg/R","1.551","1"
"clk500","0.331","2.000","sfo/residual_estimator/aux_service/u_xfft/U0/i_synth/axi_wrapper/gen_has_nfft.nfft_we_int_reg/C","sfo/residual_estimator/aux_service/u_xfft/U0/i_synth/xfft_inst/non_floating_point.arch_d.xfft_inst/FLOW/reset_sustain.resets_4_pes[2].delay_reset_pe/count_addsub_reg[1].addsub_reg/R","1.551","1"
"clk500","0.331","2.000","sfo/residual_estimator/aux_service/u_xfft/U0/i_synth/axi_wrapper/gen_has_nfft.nfft_we_int_reg/C","sfo/residual_estimator/aux_service/u_xfft/U0/i_synth/xfft_inst/non_floating_point.arch_d.xfft_inst/FLOW/reset_sustain.resets_4_pes[2].delay_reset_pe/count_addsub_reg[2].addsub_reg/R","1.551","1"
"clk500","0.331","2.000","sfo/residual_estimator/aux_service/u_xfft/U0/i_synth/axi_wrapper/gen_has_nfft.nfft_we_int_reg/C","sfo/residual_estimator/aux_service/u_xfft/U0/i_synth/xfft_inst/non_floating_point.arch_d.xfft_inst/FLOW/reset_sustain.resets_4_pes[2].delay_reset_pe/count_addsub_reg[3].addsub_reg/R","1.551","1"
"clk500","0.332","2.000","cfo/observation_front/fft_core/v_reg[7]/C","cfo/observation_front/fft_core/bi8_reg[4]/CE","1.563","0"
"clk500","0.332","2.000","sfo/residual_estimator/aux_service/u_xfft/U0/i_synth/xfft_inst/non_floating_point.arch_d.xfft_inst/input_delay_re/no_sclr_lut.real_shift_ram.use_baseblock.use_hlutnm_srls.srl_loop[3].i_fdre1/C","sfo/residual_estimator/aux_service/u_xfft/U0/i_synth/xfft_inst/non_floating_point.arch_d.xfft_inst/pe_gen[2].natural_order_input.PE/bypass_muxes.din_re_mux_gen[7].reg/D","1.648","1"
"clk500","0.332","2.000","cfo/windows/packed_windows/fifo/gnuram_async_fifo.xpm_fifo_base_inst/gen_sdpram.xpm_memory_base_inst/gen_wr_a.gen_word_narrow.mem_reg_bram_3/CLKBWRCLK","cfo/windows/packed_tail_reg[6]/D","1.602","0"
"clk500","0.333","2.000","cfo/observation_front/fft_core/v_reg[3]/C","cfo/observation_front/fft_core/ar4_reg[14]/CE","1.562","0"
"clk500","0.333","2.000","cfo/observation_front/fft_core/v_reg[3]/C","cfo/observation_front/fft_core/ar4_reg[15]/CE","1.562","0"
"clk500","0.333","2.000","cfo/observation_front/fft_core/v_reg[7]/C","cfo/observation_front/fft_core/bi8_reg[5]/CE","1.563","0"
"clk500","0.333","2.000","sfo/residual_estimator/front_stage/main/service/u_xfft/U0/i_synth/xfft_inst/non_floating_point.arch_d.xfft_inst/pe_gen[0].natural_order_input.PE/has_TW_mult.TW/MUX0/four_inputs.use_lut6.no_lut_sclr.four_to_one_mux[0].latency1.reg/C","sfo/residual_estimator/front_stage/main/service/u_xfft/U0/i_synth/xfft_inst/non_floating_point.arch_d.xfft_inst/pe_gen[0].natural_order_input.PE/has_TW_mult.TW/twiddle_generator/tw1.twgen1/sin_addr_2s_comp/use_output_reg.D_OUT_reg[1]/D","1.650","1"
"clk500","0.333","2.000","sfo/residual_estimator/aux_service/u_xfft/U0/i_synth/xfft_inst/non_floating_point.arch_d.xfft_inst/pe_gen[0].natural_order_input.PE/has_addr_gen.bf2_addr_gen/cnt/cnt_addsub/i_baseblox.i_baseblox_addsub/no_pipelining.the_addsub/i_lut6.i_lut6_addsub/i_q.i_simple.qreg/i_no_async_controls.output_reg[1]/C","sfo/residual_estimator/aux_service/u_xfft/U0/i_synth/xfft_inst/non_floating_point.arch_d.xfft_inst/pe_gen[0].natural_order_input.PE/FB_1.BF_1/MEM/blk_ram.use_bram_only.mem/depth_13_s6_depth_12.main_ram_loop[1].use_RAMB18.ram_2k_loop[3].SDP_RAMB18_9x2048/ADDRBWRADDR[3]","1.320","0"
"clk500","0.334","2.000","cfo/observation_front/coefficient_row_reg[12]/C","cfo/observation_front/coefficient_page0_data_reg_0_1/ADDRARDADDR[12]","1.361","0"
"clk500","0.334","2.000","cfo/windows/packed_windows/fifo/gnuram_async_fifo.xpm_fifo_base_inst/gen_sdpram.xpm_memory_base_inst/gen_wr_a.gen_word_narrow.mem_reg_bram_3/CLKBWRCLK","cfo/windows/packed_tail_reg[19]/D","1.601","0"
"clk500","0.334","2.000","sfo/residual_estimator/aux_service/u_xfft/U0/i_synth/axi_wrapper/gen_has_nfft.nfft_we_int_reg/C","sfo/residual_estimator/aux_service/u_xfft/U0/i_synth/xfft_inst/non_floating_point.arch_d.xfft_inst/FLOW/reset_sustain.resets_4_pes[2].delay_reset_pe/count_addsub_reg[4].addsub_reg/R","1.548","1"
"clk500","0.335","2.000","sfo/residual_estimator/aux_service/u_xfft/U0/i_synth/xfft_inst/non_floating_point.arch_d.xfft_inst/pe_gen[3].natural_order_input.PE/hasbf2.FB_2.BF_2/yes_nfft.bypass_reg/no_sclr_lut.real_shift_ram.use_baseblock.not_use_hlutnm_srls.i_shift_ram/i_bb_inst/f0.srl_sig_reg[1][0]/C","sfo/residual_estimator/aux_service/u_xfft/U0/i_synth/xfft_inst/non_floating_point.arch_d.xfft_inst/pe_gen[3].natural_order_input.PE/hasbf2.FB_2.BF_2/BTFLY0/logic_bfly_byp.sub_i/sub/i_baseblox.i_baseblox_addsub/no_pipelining.the_addsub/i_lut6.i_lut6_addsub/i_q.i_simple.qreg/i_no_async_controls.output_reg[18]/D","1.647","3"
"clk500","0.335","2.000","sfo/residual_estimator/aux_service/u_xfft/U0/i_synth/xfft_inst/non_floating_point.arch_d.xfft_inst/FLOW/has_nfft._nfft_value.NFFT_int_tmp_reg[0]/C","sfo/residual_estimator/aux_service/u_xfft/U0/i_synth/xfft_inst/non_floating_point.arch_d.xfft_inst/pe_gen[2].natural_order_input.PE/has_addr_gen.bf2_addr_gen/output_cnt.reg_next_start/D","1.647","2"
"clk500","0.335","2.000","cfo/observation_front/fft_core/tag_reg[1][bank_a]/C","cfo/observation_front/fft_core/pr4_reg/DSP_A_B_DATA_INST/A[24]","1.361","1"
"clk500","0.335","2.000","sfo/residual_estimator/aux_service/u_xfft/U0/i_synth/xfft_inst/non_floating_point.arch_d.xfft_inst/input_delay_im/no_sclr_lut.real_shift_ram.use_baseblock.use_hlutnm_srls.srl_loop[2].i_fdre0/C","sfo/residual_estimator/aux_service/u_xfft/U0/i_synth/xfft_inst/non_floating_point.arch_d.xfft_inst/pe_gen[2].natural_order_input.PE/bypass_muxes.din_im_mux_gen[4].reg/D","1.646","1"
"clk500","0.335","2.000","sfo/residual_estimator/front_stage/main/service/u_xfft/U0/i_synth/xfft_inst/non_floating_point.arch_d.xfft_inst/has_bit_reverse.natural_order_address_muxing.muxed_reorder_read_addr_reg[8]/C","sfo/residual_estimator/front_stage/main/service/u_xfft/U0/i_synth/xfft_inst/non_floating_point.arch_d.xfft_inst/has_bit_reverse.dig_rev_mem/blk_ram.use_bram_only.mem/depth_11.ram_loop[2].use_RAMB18.SDP_RAMB18_9x2048/ADDRBWRADDR[11]","1.357","0"
"clk500","0.335","2.000","sfo/residual_estimator/aux_service/u_xfft/U0/i_synth/axi_wrapper/gen_has_nfft.nfft_we_int_reg/C","sfo/residual_estimator/aux_service/u_xfft/U0/i_synth/xfft_inst/non_floating_point.arch_d.xfft_inst/FLOW/reset_sustain.resets_4_pes[6].delay_reset_pe/count_addsub_reg[0].addsub_reg/R","1.547","1"
"clk500","0.335","2.000","sfo/residual_estimator/aux_service/u_xfft/U0/i_synth/axi_wrapper/gen_has_nfft.nfft_we_int_reg/C","sfo/residual_estimator/aux_service/u_xfft/U0/i_synth/xfft_inst/non_floating_point.arch_d.xfft_inst/FLOW/reset_sustain.resets_4_pes[6].delay_reset_pe/count_addsub_reg[1].addsub_reg/R","1.547","1"
"clk500","0.335","2.000","sfo/residual_estimator/aux_service/u_xfft/U0/i_synth/axi_wrapper/gen_has_nfft.nfft_we_int_reg/C","sfo/residual_estimator/aux_service/u_xfft/U0/i_synth/xfft_inst/non_floating_point.arch_d.xfft_inst/FLOW/reset_sustain.resets_4_pes[6].delay_reset_pe/count_addsub_reg[2].addsub_reg/R","1.547","1"
"clk500","0.335","2.000","sfo/residual_estimator/aux_service/u_xfft/U0/i_synth/axi_wrapper/gen_has_nfft.nfft_we_int_reg/C","sfo/residual_estimator/aux_service/u_xfft/U0/i_synth/xfft_inst/non_floating_point.arch_d.xfft_inst/FLOW/reset_sustain.resets_4_pes[6].delay_reset_pe/count_addsub_reg[3].addsub_reg/R","1.547","1"
"clk500","0.336","2.000","sfo/residual_estimator/aux_service/u_xfft/U0/i_synth/xfft_inst/non_floating_point.arch_d.xfft_inst/timing_cnts_has_nfft.run_time_sel_reg[5]/C","sfo/residual_estimator/aux_service/u_xfft/U0/i_synth/xfft_inst/non_floating_point.arch_d.xfft_inst/pe_gen[5].natural_order_input.PE/bypass_muxes.din_re_mux_gen[13].reg/D","1.646","1"
"clk500","0.336","2.000","sfo/residual_estimator/aux_service/u_xfft/U0/i_synth/xfft_inst/non_floating_point.arch_d.xfft_inst/has_bit_reverse.natural_order_address_muxing.muxed_reorder_read_addr_reg[1]/C","sfo/residual_estimator/aux_service/u_xfft/U0/i_synth/xfft_inst/non_floating_point.arch_d.xfft_inst/has_bit_reverse.dig_rev_mem/blk_ram.use_bram_only.mem/depth_14.main_ram_loop[2].use_RAMB18.ram_2k_loop[7].SDP_RAMB18_9x2048/ADDRBWRADDR[4]","1.277","0"
"clk500","0.336","2.000","sfo/residual_estimator/front_stage/main/service/u_xfft/U0/i_synth/axi_wrapper/data_in_channel_fifo/gen_real_time.full_reg/C","sfo/residual_estimator/front_stage/main/service/u_ingress_fifo/gnuram_async_fifo.xpm_fifo_base_inst/rdpp1_inst/count_value_i_reg[1]/CE","1.560","3"
"clk500","0.336","2.000","sfo/residual_estimator/front_stage/main/service/u_xfft/U0/i_synth/axi_wrapper/data_in_channel_fifo/gen_real_time.full_reg/C","sfo/residual_estimator/front_stage/main/service/u_ingress_fifo/gnuram_async_fifo.xpm_fifo_base_inst/rdpp1_inst/count_value_i_reg[3]/CE","1.560","3"
"clk500","0.336","2.000","sfo/residual_estimator/aux_service/u_xfft/U0/i_synth/xfft_inst/non_floating_point.arch_d.xfft_inst/has_bit_reverse.natural_order_address_muxing.muxed_reorder_read_addr_reg[4]/C","sfo/residual_estimator/aux_service/u_xfft/U0/i_synth/xfft_inst/non_floating_point.arch_d.xfft_inst/has_bit_reverse.dig_rev_mem/blk_ram.use_bram_only.mem/depth_14.main_ram_loop[1].use_RAMB18.ram_2k_loop[7].SDP_RAMB18_9x2048/ADDRBWRADDR[7]","1.351","0"
"clk500","0.336","2.000","sfo/residual_estimator/aux_service/u_xfft/U0/i_synth/axi_wrapper/gen_has_nfft.nfft_we_int_reg/C","sfo/residual_estimator/aux_service/u_xfft/U0/i_synth/xfft_inst/non_floating_point.arch_d.xfft_inst/has_bit_reverse.var_pt_size_muxed_addresses.left_shifter/r14.shifter/use_mux16.use_lut6.sixteen_to_one_mux[13].use_output_reg_and_pipe_reg.reg0/R","1.545","1"
"clk500","0.336","2.000","sfo/residual_estimator/aux_service/u_xfft/U0/i_synth/xfft_inst/non_floating_point.arch_d.xfft_inst/pe_gen[0].natural_order_input.PE/FB_1.BF_1/wr_addr_del/no_sclr_lut.real_shift_ram.use_baseblock.use_hlutnm_srls.srl_loop[4].i_fdre1/C","sfo/residual_estimator/aux_service/u_xfft/U0/i_synth/xfft_inst/non_floating_point.arch_d.xfft_inst/pe_gen[0].natural_order_input.PE/FB_1.BF_1/MEM/blk_ram.use_bram_only.mem/depth_13_s6_depth_12.main_ram_loop[0].use_RAMB18.ram_2k_loop[2].SDP_RAMB18_9x2048/ADDRARDADDR[12]","1.366","0"
"clk500","0.336","2.000","sfo/residual_estimator/aux_service/u_xfft/U0/i_synth/axi_wrapper/gen_has_nfft.nfft_we_int_reg/C","sfo/residual_estimator/aux_service/u_xfft/U0/i_synth/xfft_inst/non_floating_point.arch_d.xfft_inst/pe_gen[6].natural_order_input.PE/has_ovflo_control.last_ovflo_start.ovflo_valid_pre_reg/R","1.545","1"
"clk500","0.336","2.000","sfo/residual_estimator/front_stage/main/service/u_xfft/U0/i_synth/xfft_inst/non_floating_point.arch_d.xfft_inst/has_bit_reverse.natural_order_address_muxing.muxed_reorder_read_addr_reg[7]/C","sfo/residual_estimator/front_stage/main/service/u_xfft/U0/i_synth/xfft_inst/non_floating_point.arch_d.xfft_inst/has_bit_reverse.dig_rev_mem/blk_ram.use_bram_only.mem/depth_11.ram_loop[0].use_RAMB18.SDP_RAMB18_9x2048/ADDRBWRADDR[10]","1.360","0"
"clk500","0.337","2.000","sfo/residual_estimator/aux_service/u_xfft/U0/i_synth/xfft_inst/non_floating_point.arch_d.xfft_inst/input_delay_re/no_sclr_lut.real_shift_ram.use_baseblock.use_hlutnm_srls.srl_loop[7].i_fdre1/C","sfo/residual_estimator/aux_service/u_xfft/U0/i_synth/xfft_inst/non_floating_point.arch_d.xfft_inst/pe_gen[3].natural_order_input.PE/bypass_muxes.din_re_mux_gen[15].reg/D","1.643","1"
"clk500","0.337","2.000","cfo/observation_front/fft_core/bank0_reg_bram_0/CLKBWRCLK","cfo/observation_front/fft_core/ar2_reg[4]/D","1.598","1"
"clk500","0.337","2.000","cfo/observation_front/fft_core/state_reg[1]/C","cfo/observation_front/fft_core/tag_reg[4][row_b][8]/CE","1.560","1"
"clk500","0.337","2.000","cfo/windows/packed_windows/fifo/gnuram_async_fifo.xpm_fifo_base_inst/gen_sdpram.xpm_memory_base_inst/gen_wr_a.gen_word_narrow.mem_reg_bram_8/CLKBWRCLK","cfo/windows/packed_windows/fifo/gnuram_async_fifo.xpm_fifo_base_inst/gen_sdpram.xpm_memory_base_inst/gen_wr_a.gen_word_narrow.mem_reg_bram_11/CASDINB[24]","1.523","2"
"clk500","0.337","2.000","cfo/windows/packed_windows/fifo/gnuram_async_fifo.xpm_fifo_base_inst/gen_sdpram.xpm_memory_base_inst/gen_wr_a.gen_word_narrow.mem_reg_bram_0/CLKBWRCLK","cfo/windows/packed_windows/fifo/gnuram_async_fifo.xpm_fifo_base_inst/gen_sdpram.xpm_memory_base_inst/gen_wr_a.gen_word_narrow.mem_reg_bram_3/CASDINB[24]","1.523","2"
"clk500","0.337","2.000","cfo/windows/packed_windows/fifo/gnuram_async_fifo.xpm_fifo_base_inst/gen_sdpram.xpm_memory_base_inst/gen_wr_a.gen_word_narrow.mem_reg_bram_4/CLKBWRCLK","cfo/windows/packed_windows/fifo/gnuram_async_fifo.xpm_fifo_base_inst/gen_sdpram.xpm_memory_base_inst/gen_wr_a.gen_word_narrow.mem_reg_bram_7/CASDINB[24]","1.523","2"
"clk500","0.337","2.000","sfo/residual_estimator/aux_service/u_xfft/U0/i_synth/axi_wrapper/gen_has_nfft.nfft_we_int_reg/C","sfo/residual_estimator/aux_service/u_xfft/U0/i_synth/xfft_inst/non_floating_point.arch_d.xfft_inst/has_bit_reverse.var_pt_size_muxed_addresses.left_shifter/r14.shifter/use_mux16.use_lut6.sixteen_to_one_mux[5].use_output_reg_and_pipe_reg.reg0/R","1.544","1"
"clk500","0.337","2.000","sfo/residual_estimator/aux_service/u_xfft/U0/i_synth/xfft_inst/non_floating_point.arch_d.xfft_inst/pe_gen[0].natural_order_input.PE/has_addr_gen.bf2_addr_gen/cnt/cnt_addsub/i_baseblox.i_baseblox_addsub/no_pipelining.the_addsub/i_lut6.i_lut6_addsub/i_q.i_simple.qreg/i_no_async_controls.output_reg[6]/C","sfo/residual_estimator/aux_service/u_xfft/U0/i_synth/xfft_inst/non_floating_point.arch_d.xfft_inst/pe_gen[0].natural_order_input.PE/FB_1.BF_1/MEM/blk_ram.use_bram_only.mem/depth_13_s6_depth_12.main_ram_loop[2].use_RAMB18.ram_2k_loop[0].SDP_RAMB18_9x2048/ADDRBWRADDR[8]","1.333","0"
"clk500","0.337","2.000","sfo/residual_estimator/front_stage/main/service/u_xfft/U0/i_synth/axi_wrapper/data_in_channel_fifo/gen_real_time.full_reg/C","sfo/residual_estimator/front_stage/main/service/u_ingress_fifo/gnuram_async_fifo.xpm_fifo_base_inst/rdpp1_inst/count_value_i_reg[2]/CE","1.560","3"
"clk500","0.337","2.000","sfo/residual_estimator/front_stage/main/service/u_xfft/U0/i_synth/axi_wrapper/data_in_channel_fifo/gen_real_time.full_reg/C","sfo/residual_estimator/front_stage/main/service/u_ingress_fifo/gnuram_async_fifo.xpm_fifo_base_inst/rdpp1_inst/count_value_i_reg[4]/CE","1.560","3"
"clk500","0.337","2.000","cfo/windows/packed_windows/fifo/gnuram_async_fifo.xpm_fifo_base_inst/gen_sdpram.xpm_memory_base_inst/gen_wr_a.gen_word_narrow.mem_reg_bram_8/CLKBWRCLK","cfo/windows/packed_windows/fifo/gnuram_async_fifo.xpm_fifo_base_inst/gen_sdpram.xpm_memory_base_inst/gen_wr_a.gen_word_narrow.mem_reg_bram_11/CASDINB[19]","1.523","2"
"clk500","0.337","2.000","cfo/windows/packed_windows/fifo/gnuram_async_fifo.xpm_fifo_base_inst/gen_sdpram.xpm_memory_base_inst/gen_wr_a.gen_word_narrow.mem_reg_bram_0/CLKBWRCLK","cfo/windows/packed_windows/fifo/gnuram_async_fifo.xpm_fifo_base_inst/gen_sdpram.xpm_memory_base_inst/gen_wr_a.gen_word_narrow.mem_reg_bram_3/CASDINB[19]","1.523","2"
"clk500","0.337","2.000","cfo/windows/packed_windows/fifo/gnuram_async_fifo.xpm_fifo_base_inst/gen_sdpram.xpm_memory_base_inst/gen_wr_a.gen_word_narrow.mem_reg_bram_4/CLKBWRCLK","cfo/windows/packed_windows/fifo/gnuram_async_fifo.xpm_fifo_base_inst/gen_sdpram.xpm_memory_base_inst/gen_wr_a.gen_word_narrow.mem_reg_bram_7/CASDINB[19]","1.523","2"
"clk500","0.337","2.000","sfo/residual_estimator/aux_service/u_xfft/U0/i_synth/xfft_inst/non_floating_point.arch_d.xfft_inst/pe_gen[0].natural_order_input.PE/has_addr_gen.bf2_addr_gen/cnt/cnt_addsub/i_baseblox.i_baseblox_addsub/no_pipelining.the_addsub/i_lut6.i_lut6_addsub/i_q.i_simple.qreg/i_no_async_controls.output_reg[4]/C","sfo/residual_estimator/aux_service/u_xfft/U0/i_synth/xfft_inst/non_floating_point.arch_d.xfft_inst/pe_gen[0].natural_order_input.PE/FB_1.BF_1/MEM/blk_ram.use_bram_only.mem/depth_13_s6_depth_12.main_ram_loop[1].use_RAMB18.ram_2k_loop[0].SDP_RAMB18_9x2048/ADDRBWRADDR[6]","1.372","0"
"clk500","0.338","2.000","sfo/residual_estimator/aux_service/u_xfft/U0/i_synth/axi_wrapper/gen_has_nfft.nfft_expandedm1_reg[12]/C","sfo/residual_estimator/aux_service/u_xfft/U0/i_synth/axi_wrapper/frames_in_progress_reg[1]/CE","1.558","4"
"clk500","0.338","2.000","cfo/observation_front/fft_core/stage_index_reg[0]/C","cfo/observation_front/fft_core/output_issued_all_reg/D","1.642","4"
"clk500","0.338","2.000","sfo/residual_estimator/aux_service/u_xfft/U0/i_synth/xfft_inst/non_floating_point.arch_d.xfft_inst/pe_gen[0].natural_order_input.PE/FB_1.BF_1/wr_addr_del/no_sclr_lut.real_shift_ram.use_baseblock.use_hlutnm_srls.srl_loop[5].i_fdre1/C","sfo/residual_estimator/aux_service/u_xfft/U0/i_synth/xfft_inst/non_floating_point.arch_d.xfft_inst/pe_gen[0].natural_order_input.PE/FB_1.BF_1/MEM/blk_ram.use_bram_only.mem/depth_13_s6_depth_12.main_ram_loop[2].use_RAMB18.ram_2k_loop[2].SDP_RAMB18_9x2048/WEA[0]","1.242","1"
"clk500","0.338","2.000","sfo/residual_estimator/aux_service/u_egress_fifo/gnuram_async_fifo.xpm_fifo_base_inst/xpm_fifo_rst_inst/gen_rst_ic.wr_rst_busy_ic_reg/C","sfo/residual_estimator/aux_service/u_egress_fifo/gnuram_async_fifo.xpm_fifo_base_inst/wrp_inst/count_value_i_reg[1]/D","1.642","5"
"clk500","0.338","2.000","sfo/residual_estimator/aux_service/u_xfft/U0/i_synth/xfft_inst/non_floating_point.arch_d.xfft_inst/pe_gen[0].natural_order_input.PE/FB_1.BF_1/yes_nfft.bypass_reg/no_sclr_lut.real_shift_ram.use_baseblock.not_use_hlutnm_srls.i_shift_ram/i_bb_inst/f0.srl_sig_reg[1][0]/C","sfo/residual_estimator/aux_service/u_xfft/U0/i_synth/xfft_inst/non_floating_point.arch_d.xfft_inst/pe_gen[0].natural_order_input.PE/FB_1.BF_1/BTFLY0/logic_bfly_byp.add_i/adder/i_baseblox.i_baseblox_addsub/no_pipelining.the_addsub/i_lut6.i_lut6_addsub/i_q.i_simple.qreg/i_no_async_controls.output_reg[17]/D","1.642","4"
"clk500","0.338","2.000","sfo/residual_estimator/aux_service/u_xfft/U0/i_synth/axi_wrapper/gen_has_nfft.nfft_we_int_reg/C","sfo/residual_estimator/aux_service/u_xfft/U0/i_synth/xfft_inst/non_floating_point.arch_d.xfft_inst/FLOW/reset_sustain.resets_4_pes[6].delay_reset_pe/count_addsub_reg[4].addsub_reg/R","1.544","1"
"clk500","0.338","2.000","sfo/residual_estimator/aux_service/u_xfft/U0/i_synth/xfft_inst/non_floating_point.arch_d.xfft_inst/has_bit_reverse.natural_order_address_muxing.muxed_reorder_read_addr_reg[2]/C","sfo/residual_estimator/aux_service/u_xfft/U0/i_synth/xfft_inst/non_floating_point.arch_d.xfft_inst/has_bit_reverse.dig_rev_mem/blk_ram.use_bram_only.mem/depth_14.main_ram_loop[2].use_RAMB18.ram_2k_loop[1].SDP_RAMB18_9x2048/ADDRBWRADDR[5]","1.366","0"
"clk500","0.338","2.000","sfo/residual_estimator/aux_service/u_xfft/U0/i_synth/xfft_inst/non_floating_point.arch_d.xfft_inst/pe_gen[0].natural_order_input.PE/FB_1.BF_1/wr_addr_del/no_sclr_lut.real_shift_ram.use_baseblock.use_hlutnm_srls.srl_loop[5].i_fdre0/C","sfo/residual_estimator/aux_service/u_xfft/U0/i_synth/xfft_inst/non_floating_point.arch_d.xfft_inst/pe_gen[0].natural_order_input.PE/FB_1.BF_1/MEM/blk_ram.use_bram_only.mem/depth_13_s6_depth_12.main_ram_loop[2].use_RAMB18.ram_2k_loop[0].SDP_RAMB18_9x2048/ADDRARDADDR[13]","1.351","0"
"clk500","0.340","2.000","sfo/initial_estimator/owner/fft/reset_sync500/syncstages_ff_reg[3]/C","sfo/initial_estimator/owner/fft/u_ingress_fifo/gnuram_async_fifo.xpm_fifo_base_inst/gen_sdpram.xpm_memory_base_inst/gen_wr_a.gen_word_wide.mem_reg_bram_1/REGCEAREGCE","1.401","2"
"clk500","0.340","2.000","sfo/residual_estimator/aux_service/u_xfft/U0/i_synth/axi_wrapper/gen_has_nfft.nfft_expandedm1_reg[12]/C","sfo/residual_estimator/aux_service/u_xfft/U0/i_synth/axi_wrapper/frames_in_progress_reg[0]/CE","1.556","4"
"clk500","0.340","2.000","sfo/residual_estimator/aux_service/u_xfft/U0/i_synth/axi_wrapper/gen_has_nfft.nfft_expandedm1_reg[12]/C","sfo/residual_estimator/aux_service/u_xfft/U0/i_synth/axi_wrapper/frames_in_progress_reg[2]/CE","1.556","4"
"clk500","0.340","2.000","cfo/observation_front/pr4_reg/DSP_OUTPUT_INST/CLK","cfo/observation_front/h_i5_reg[12]/D","1.610","5"
"clk500","0.340","2.000","cfo/windows/packed_windows/fifo/gnuram_async_fifo.xpm_fifo_base_inst/gen_sdpram.xpm_memory_base_inst/gen_wr_a.gen_word_narrow.mem_reg_bram_8/CLKBWRCLK","cfo/windows/packed_windows/fifo/gnuram_async_fifo.xpm_fifo_base_inst/gen_sdpram.xpm_memory_base_inst/gen_wr_a.gen_word_narrow.mem_reg_bram_11/CASDINPB[2]","1.520","2"
"clk500","0.340","2.000","cfo/windows/packed_windows/fifo/gnuram_async_fifo.xpm_fifo_base_inst/gen_sdpram.xpm_memory_base_inst/gen_wr_a.gen_word_narrow.mem_reg_bram_0/CLKBWRCLK","cfo/windows/packed_windows/fifo/gnuram_async_fifo.xpm_fifo_base_inst/gen_sdpram.xpm_memory_base_inst/gen_wr_a.gen_word_narrow.mem_reg_bram_3/CASDINPB[2]","1.520","2"
"clk500","0.340","2.000","cfo/windows/packed_windows/fifo/gnuram_async_fifo.xpm_fifo_base_inst/gen_sdpram.xpm_memory_base_inst/gen_wr_a.gen_word_narrow.mem_reg_bram_4/CLKBWRCLK","cfo/windows/packed_windows/fifo/gnuram_async_fifo.xpm_fifo_base_inst/gen_sdpram.xpm_memory_base_inst/gen_wr_a.gen_word_narrow.mem_reg_bram_7/CASDINPB[2]","1.520","2"
"clk500","0.340","2.000","sfo/residual_estimator/aux_service/u_xfft/U0/i_synth/axi_wrapper/reset_pipe_reg[1]/C","sfo/residual_estimator/aux_service/u_xfft/U0/i_synth/axi_wrapper/current_nfft_reg[1]/S","1.542","0"
"clk500","0.340","2.000","sfo/residual_estimator/aux_service/u_xfft/U0/i_synth/axi_wrapper/reset_pipe_reg[1]/C","sfo/residual_estimator/aux_service/u_xfft/U0/i_synth/axi_wrapper/current_nfft_reg[2]/S","1.542","0"
"clk500","0.340","2.000","sfo/residual_estimator/aux_service/u_xfft/U0/i_synth/axi_wrapper/reset_pipe_reg[1]/C","sfo/residual_estimator/aux_service/u_xfft/U0/i_synth/axi_wrapper/fwd_inv_we_prev_reg/R","1.542","0"
"clk500","0.340","2.000","cfo/windows/packed_windows/fifo/gnuram_async_fifo.xpm_fifo_base_inst/gen_sdpram.xpm_memory_base_inst/gen_wr_a.gen_word_narrow.mem_reg_bram_13/CLKBWRCLK","cfo/windows/packed_tail_reg[108]/D","1.595","0"
"clk500","0.340","2.000","cfo/windows/packed_windows/fifo/gnuram_async_fifo.xpm_fifo_base_inst/gen_sdpram.xpm_memory_base_inst/gen_wr_a.gen_word_narrow.mem_reg_bram_8/CLKBWRCLK","cfo/windows/packed_windows/fifo/gnuram_async_fifo.xpm_fifo_base_inst/gen_sdpram.xpm_memory_base_inst/gen_wr_a.gen_word_narrow.mem_reg_bram_11/CASDINB[18]","1.520","2"
"clk500","0.340","2.000","cfo/windows/packed_windows/fifo/gnuram_async_fifo.xpm_fifo_base_inst/gen_sdpram.xpm_memory_base_inst/gen_wr_a.gen_word_narrow.mem_reg_bram_0/CLKBWRCLK","cfo/windows/packed_windows/fifo/gnuram_async_fifo.xpm_fifo_base_inst/gen_sdpram.xpm_memory_base_inst/gen_wr_a.gen_word_narrow.mem_reg_bram_3/CASDINB[18]","1.520","2"
"clk500","0.340","2.000","cfo/windows/packed_windows/fifo/gnuram_async_fifo.xpm_fifo_base_inst/gen_sdpram.xpm_memory_base_inst/gen_wr_a.gen_word_narrow.mem_reg_bram_4/CLKBWRCLK","cfo/windows/packed_windows/fifo/gnuram_async_fifo.xpm_fifo_base_inst/gen_sdpram.xpm_memory_base_inst/gen_wr_a.gen_word_narrow.mem_reg_bram_7/CASDINB[18]","1.520","2"
"clk500","0.340","2.000","sfo/residual_estimator/aux_service/u_xfft/U0/i_synth/xfft_inst/non_floating_point.arch_d.xfft_inst/has_bit_reverse.pe_out_reg/no_sclr_lut.real_shift_ram.use_baseblock.use_hlutnm_srls.srl_loop[8].i_fdre1/C","sfo/residual_estimator/aux_service/u_xfft/U0/i_synth/xfft_inst/non_floating_point.arch_d.xfft_inst/has_bit_reverse.dig_rev_mem/blk_ram.use_bram_only.mem/depth_14.main_ram_loop[1].use_RAMB18.ram_2k_loop[5].SDP_RAMB18_9x2048/DINADIN[7]","1.379","0"
"clk500","0.340","2.000","sfo/residual_estimator/aux_service/u_xfft/U0/i_synth/xfft_inst/non_floating_point.arch_d.xfft_inst/pe_gen[1].natural_order_input.PE/FB_1.BF_1/yes_nfft.bypass_reg/no_sclr_lut.real_shift_ram.use_baseblock.not_use_hlutnm_srls.i_shift_ram/i_bb_inst/f0.srl_sig_reg[1][0]/C","sfo/residual_estimator/aux_service/u_xfft/U0/i_synth/xfft_inst/non_floating_point.arch_d.xfft_inst/pe_gen[1].natural_order_input.PE/FB_1.BF_1/BTFLY0/logic_bfly_byp.add_r/adder/i_baseblox.i_baseblox_addsub/no_pipelining.the_addsub/i_lut6.i_lut6_addsub/i_q.i_simple.qreg/i_no_async_controls.output_reg[9]/D","1.640","3"
"clk500","0.340","2.000","sfo/residual_estimator/front_stage/main/service/u_xfft/U0/i_synth/xfft_inst/non_floating_point.arch_d.xfft_inst/pe_gen[0].natural_order_input.PE/FB_1.BF_1/BTFLY0/logic_bfly_byp.add_i/adder/i_baseblox.i_baseblox_addsub/no_pipelining.the_addsub/i_lut6.i_lut6_addsub/i_q.i_simple.qreg/i_no_async_controls.output_reg[15]/C","sfo/residual_estimator/front_stage/main/service/u_xfft/U0/i_synth/xfft_inst/non_floating_point.arch_d.xfft_inst/pe_gen[0].natural_order_input.PE/hasbf2.FB_2.BF_2/mem_mux_and_reg_upper_im/slicel_slicem_implementation.delay_line/no_sclr_lut.real_shift_ram.use_baseblock.use_hlutnm_srls.srl_loop[7].i_srl16e0/D","1.575","0"
"clk500","0.341","2.000","sfo/residual_estimator/aux_service/u_xfft/U0/i_synth/xfft_inst/non_floating_point.arch_d.xfft_inst/has_bit_reverse.no_cp.muxed_reorder_write_addr_del_reg[10]/C","sfo/residual_estimator/aux_service/u_xfft/U0/i_synth/xfft_inst/non_floating_point.arch_d.xfft_inst/has_bit_reverse.dig_rev_mem/blk_ram.use_bram_only.mem/depth_14.main_ram_loop[0].use_RAMB18.ram_2k_loop[5].SDP_RAMB18_9x2048/ADDRARDADDR[13]","1.365","0"
"clk500","0.341","2.000","cfo/windows/packed_windows/fifo/gnuram_async_fifo.xpm_fifo_base_inst/gen_sdpram.xpm_memory_base_inst/gen_wr_a.gen_word_narrow.mem_reg_bram_8/CLKBWRCLK","cfo/windows/packed_windows/fifo/gnuram_async_fifo.xpm_fifo_base_inst/gen_sdpram.xpm_memory_base_inst/gen_wr_a.gen_word_narrow.mem_reg_bram_11/CASDINB[22]","1.519","2"
"clk500","0.341","2.000","cfo/windows/packed_windows/fifo/gnuram_async_fifo.xpm_fifo_base_inst/gen_sdpram.xpm_memory_base_inst/gen_wr_a.gen_word_narrow.mem_reg_bram_0/CLKBWRCLK","cfo/windows/packed_windows/fifo/gnuram_async_fifo.xpm_fifo_base_inst/gen_sdpram.xpm_memory_base_inst/gen_wr_a.gen_word_narrow.mem_reg_bram_3/CASDINB[22]","1.519","2"
"clk500","0.341","2.000","cfo/windows/packed_windows/fifo/gnuram_async_fifo.xpm_fifo_base_inst/gen_sdpram.xpm_memory_base_inst/gen_wr_a.gen_word_narrow.mem_reg_bram_4/CLKBWRCLK","cfo/windows/packed_windows/fifo/gnuram_async_fifo.xpm_fifo_base_inst/gen_sdpram.xpm_memory_base_inst/gen_wr_a.gen_word_narrow.mem_reg_bram_7/CASDINB[22]","1.519","2"
"clk500","0.341","2.000","sfo/residual_estimator/front_stage/main/service/u_xfft/U0/i_synth/axi_wrapper/sclr_int_reg/C","sfo/residual_estimator/front_stage/main/service/u_xfft/U0/i_synth/xfft_inst/non_floating_point.arch_d.xfft_inst/has_bit_reverse.fixed_pt_size_muxed_addresses.read_addr_fixed_nfft_delay/need_sclr_lut.depth1_shift_ram.FF_gen[3].reg/D","1.641","1"
"clk500","0.341","2.000","sfo/residual_estimator/aux_service/u_xfft/U0/i_synth/xfft_inst/non_floating_point.arch_d.xfft_inst/input_delay_re/no_sclr_lut.real_shift_ram.use_baseblock.use_hlutnm_srls.srl_loop[6].i_fdre0/C","sfo/residual_estimator/aux_service/u_xfft/U0/i_synth/xfft_inst/non_floating_point.arch_d.xfft_inst/pe_gen[3].natural_order_input.PE/bypass_muxes.din_re_mux_gen[12].reg/D","1.640","1"
"clk500","0.342","2.000","sfo/initial_estimator/owner/fft/reset_sync500/syncstages_ff_reg[3]/C","sfo/initial_estimator/owner/fft/u_egress_fifo/gnuram_async_fifo.xpm_fifo_base_inst/wrp_inst/count_value_i_reg[5]/CE","1.553","1"
"clk500","0.342","2.000","sfo/initial_estimator/owner/fft/reset_sync500/syncstages_ff_reg[3]/C","sfo/initial_estimator/owner/fft/u_egress_fifo/gnuram_async_fifo.xpm_fifo_base_inst/wrp_inst/count_value_i_reg[6]/CE","1.553","1"
"clk500","0.342","2.000","sfo/initial_estimator/owner/fft/reset_sync500/syncstages_ff_reg[3]/C","sfo/initial_estimator/owner/fft/u_egress_fifo/gnuram_async_fifo.xpm_fifo_base_inst/wrp_inst/count_value_i_reg[7]/CE","1.553","1"
"clk500","0.342","2.000","sfo/initial_estimator/owner/fft/reset_sync500/syncstages_ff_reg[3]/C","sfo/initial_estimator/owner/fft/u_egress_fifo/gnuram_async_fifo.xpm_fifo_base_inst/wrp_inst/count_value_i_reg[8]/CE","1.553","1"
"clk500","0.342","2.000","sfo/initial_estimator/owner/fft/reset_sync500/syncstages_ff_reg[3]/C","sfo/initial_estimator/owner/fft/u_egress_fifo/gnuram_async_fifo.xpm_fifo_base_inst/wrpp2_inst/count_value_i_reg[1]/CE","1.553","1"
"clk500","0.342","2.000","sfo/initial_estimator/owner/fft/reset_sync500/syncstages_ff_reg[3]/C","sfo/initial_estimator/owner/fft/u_egress_fifo/gnuram_async_fifo.xpm_fifo_base_inst/wrpp2_inst/count_value_i_reg[2]/CE","1.553","1"
"clk500","0.342","2.000","sfo/initial_estimator/owner/fft/reset_sync500/syncstages_ff_reg[3]/C","sfo/initial_estimator/owner/fft/u_egress_fifo/gnuram_async_fifo.xpm_fifo_base_inst/wrpp2_inst/count_value_i_reg[4]/CE","1.553","1"
"clk500","0.342","2.000","sfo/residual_estimator/aux_service/u_xfft/U0/i_synth/xfft_inst/non_floating_point.arch_d.xfft_inst/input_delay_re/no_sclr_lut.real_shift_ram.use_baseblock.use_hlutnm_srls.srl_loop[0].i_fdre1/C","sfo/residual_estimator/aux_service/u_xfft/U0/i_synth/xfft_inst/non_floating_point.arch_d.xfft_inst/pe_gen[2].natural_order_input.PE/bypass_muxes.din_re_mux_gen[1].reg/D","1.638","1"
"clk500","0.342","2.000","cfo/windows/packed_windows/fifo/gnuram_async_fifo.xpm_fifo_base_inst/gen_sdpram.xpm_memory_base_inst/gen_wr_a.gen_word_narrow.mem_reg_bram_8/CLKBWRCLK","cfo/windows/packed_windows/fifo/gnuram_async_fifo.xpm_fifo_base_inst/gen_sdpram.xpm_memory_base_inst/gen_wr_a.gen_word_narrow.mem_reg_bram_11/CASDINB[16]","1.518","2"
"clk500","0.342","2.000","cfo/windows/packed_windows/fifo/gnuram_async_fifo.xpm_fifo_base_inst/gen_sdpram.xpm_memory_base_inst/gen_wr_a.gen_word_narrow.mem_reg_bram_0/CLKBWRCLK","cfo/windows/packed_windows/fifo/gnuram_async_fifo.xpm_fifo_base_inst/gen_sdpram.xpm_memory_base_inst/gen_wr_a.gen_word_narrow.mem_reg_bram_3/CASDINB[16]","1.518","2"
"clk500","0.342","2.000","cfo/windows/packed_windows/fifo/gnuram_async_fifo.xpm_fifo_base_inst/gen_sdpram.xpm_memory_base_inst/gen_wr_a.gen_word_narrow.mem_reg_bram_4/CLKBWRCLK","cfo/windows/packed_windows/fifo/gnuram_async_fifo.xpm_fifo_base_inst/gen_sdpram.xpm_memory_base_inst/gen_wr_a.gen_word_narrow.mem_reg_bram_7/CASDINB[16]","1.518","2"
"clk500","0.342","2.000","sfo/residual_estimator/aux_service/u_xfft/U0/i_synth/xfft_inst/non_floating_point.arch_d.xfft_inst/timing_cnts_has_nfft.duplicate_regs[3].other.nfft_regs[0].nfft_regs_fde/C","sfo/residual_estimator/aux_service/u_xfft/U0/i_synth/xfft_inst/non_floating_point.arch_d.xfft_inst/pe_gen[3].natural_order_input.PE/hasbf2.FB_2.BF_2/MEM/dist_ram.srlram.ram/var_length.shift_ram/i_bb_inst/gen_output_regs.output_regs/i_no_async_controls.output_reg[1]/D","1.640","2"
"clk500","0.343","2.000","cfo/observation_front/state_reg[0]/C","cfo/observation_front/fft_core/m_i_reg[23]/CE","1.554","2"
"clk500","0.343","2.000","cfo/observation_front/state_reg[0]/C","cfo/observation_front/fft_core/m_i_reg[24]/CE","1.554","2"
"clk500","0.343","2.000","cfo/windows/packed_windows/fifo/gnuram_async_fifo.xpm_fifo_base_inst/gen_sdpram.xpm_memory_base_inst/gen_wr_a.gen_word_narrow.mem_reg_bram_8/CLKBWRCLK","cfo/windows/packed_windows/fifo/gnuram_async_fifo.xpm_fifo_base_inst/gen_sdpram.xpm_memory_base_inst/gen_wr_a.gen_word_narrow.mem_reg_bram_11/CASDINB[31]","1.517","2"
"clk500","0.343","2.000","cfo/windows/packed_windows/fifo/gnuram_async_fifo.xpm_fifo_base_inst/gen_sdpram.xpm_memory_base_inst/gen_wr_a.gen_word_narrow.mem_reg_bram_0/CLKBWRCLK","cfo/windows/packed_windows/fifo/gnuram_async_fifo.xpm_fifo_base_inst/gen_sdpram.xpm_memory_base_inst/gen_wr_a.gen_word_narrow.mem_reg_bram_3/CASDINB[31]","1.517","2"
"clk500","0.343","2.000","cfo/windows/packed_windows/fifo/gnuram_async_fifo.xpm_fifo_base_inst/gen_sdpram.xpm_memory_base_inst/gen_wr_a.gen_word_narrow.mem_reg_bram_4/CLKBWRCLK","cfo/windows/packed_windows/fifo/gnuram_async_fifo.xpm_fifo_base_inst/gen_sdpram.xpm_memory_base_inst/gen_wr_a.gen_word_narrow.mem_reg_bram_7/CASDINB[31]","1.517","2"
"clk500","0.343","2.000","cfo/observation_front/pr4_reg/DSP_OUTPUT_INST/CLK","cfo/observation_front/h_i5_reg[11]/D","1.607","5"
"clk500","0.343","2.000","sfo/residual_estimator/aux_service/u_xfft/U0/i_synth/xfft_inst/non_floating_point.arch_d.xfft_inst/pe_gen[0].natural_order_input.PE/has_addr_gen.bf2_addr_gen/cnt/cnt_addsub/i_baseblox.i_baseblox_addsub/no_pipelining.the_addsub/i_lut6.i_lut6_addsub/i_q.i_simple.qreg/i_no_async_controls.output_reg[1]/C","sfo/residual_estimator/aux_service/u_xfft/U0/i_synth/xfft_inst/non_floating_point.arch_d.xfft_inst/pe_gen[0].natural_order_input.PE/FB_1.BF_1/MEM/blk_ram.use_bram_only.mem/depth_13_s6_depth_12.main_ram_loop[1].use_RAMB18.ram_2k_loop[2].SDP_RAMB18_9x2048/ADDRBWRADDR[3]","1.289","0"
"clk500","0.343","2.000","sfo/residual_estimator/aux_service/u_xfft/U0/i_synth/xfft_inst/non_floating_point.arch_d.xfft_inst/input_delay_im/no_sclr_lut.real_shift_ram.use_baseblock.use_hlutnm_srls.srl_loop[0].i_fdre1/C","sfo/residual_estimator/aux_service/u_xfft/U0/i_synth/xfft_inst/non_floating_point.arch_d.xfft_inst/pe_gen[2].natural_order_input.PE/bypass_muxes.din_im_mux_gen[1].reg/D","1.638","1"
"clk500","0.343","2.000","cfo/observation_front/fft_core/v_reg[2]/C","cfo/observation_front/fft_core/ri3_reg/DSP_M_DATA_INST/CEM","1.478","0"
"clk500","0.343","2.000","sfo/residual_estimator/aux_service/u_xfft/U0/i_synth/axi_wrapper/gen_has_nfft.nfft_we_int_reg/C","sfo/residual_estimator/aux_service/u_xfft/U0/i_synth/xfft_inst/non_floating_point.arch_d.xfft_inst/has_bit_reverse.pe_natural_out_reg[19]/R","1.538","1"
"clk500","0.343","2.000","sfo/residual_estimator/aux_service/u_xfft/U0/i_synth/axi_wrapper/gen_has_nfft.nfft_we_int_reg/C","sfo/residual_estimator/aux_service/u_xfft/U0/i_synth/xfft_inst/non_floating_point.arch_d.xfft_inst/has_bit_reverse.pe_natural_out_reg[20]/R","1.538","1"
"clk500","0.343","2.000","sfo/residual_estimator/aux_service/u_xfft/U0/i_synth/xfft_inst/non_floating_point.arch_d.xfft_inst/pe_gen[0].natural_order_input.PE/FB_1.BF_1/wr_addr_del/no_sclr_lut.real_shift_ram.use_baseblock.use_hlutnm_srls.srl_loop[1].i_fdre1/C","sfo/residual_estimator/aux_service/u_xfft/U0/i_synth/xfft_inst/non_floating_point.arch_d.xfft_inst/pe_gen[0].natural_order_input.PE/FB_1.BF_1/MEM/blk_ram.use_bram_only.mem/depth_13_s6_depth_12.main_ram_loop[1].use_RAMB18.ram_2k_loop[2].SDP_RAMB18_9x2048/ADDRARDADDR[6]","1.366","0"
"clk500","0.343","2.000","sfo/residual_estimator/aux_service/u_xfft/U0/i_synth/xfft_inst/non_floating_point.arch_d.xfft_inst/timing_cnts_has_nfft.run_time_sel_reg[1]/C","sfo/residual_estimator/aux_service/u_xfft/U0/i_synth/xfft_inst/non_floating_point.arch_d.xfft_inst/pe_gen[1].natural_order_input.PE/fwd_inv_select.fwd_inv_mux_gen.reg/D","1.639","1"
"clk500","0.344","2.000","cfo/observation_front/fft_core/state_reg[1]/C","cfo/observation_front/fft_core/tag_reg[8][row_a][4]/CE","1.553","1"
"clk500","0.344","2.000","cfo/observation_front/fft_core/state_reg[1]/C","cfo/observation_front/fft_core/tag_reg[8][row_a][5]/CE","1.553","1"
"clk500","0.344","2.000","cfo/observation_front/fft_core/state_reg[1]/C","cfo/observation_front/fft_core/tag_reg[8][row_b][2]/CE","1.553","1"
"clk500","0.344","2.000","cfo/observation_front/fft_core/state_reg[1]/C","cfo/observation_front/fft_core/tag_reg[8][row_b][4]/CE","1.553","1"
"clk500","0.344","2.000","sfo/initial_estimator/owner/fft/reset_sync500/syncstages_ff_reg[3]/C","sfo/initial_estimator/owner/fft/u_egress_fifo/gnuram_async_fifo.xpm_fifo_base_inst/wrpp2_inst/count_value_i_reg[0]/CE","1.551","1"
"clk500","0.344","2.000","sfo/initial_estimator/owner/fft/reset_sync500/syncstages_ff_reg[3]/C","sfo/initial_estimator/owner/fft/u_egress_fifo/gnuram_async_fifo.xpm_fifo_base_inst/wrpp2_inst/count_value_i_reg[3]/CE","1.551","1"
"clk500","0.344","2.000","sfo/residual_estimator/aux_service/u_xfft/U0/i_synth/xfft_inst/non_floating_point.arch_d.xfft_inst/has_bit_reverse.no_cp.muxed_reorder_write_addr_del_reg[4]/C","sfo/residual_estimator/aux_service/u_xfft/U0/i_synth/xfft_inst/non_floating_point.arch_d.xfft_inst/has_bit_reverse.dig_rev_mem/blk_ram.use_bram_only.mem/depth_14.main_ram_loop[1].use_RAMB18.ram_2k_loop[1].SDP_RAMB18_9x2048/ADDRARDADDR[7]","1.350","0"
"clk500","0.344","2.000","sfo/residual_estimator/aux_service/u_xfft/U0/i_synth/xfft_inst/non_floating_point.arch_d.xfft_inst/has_bit_reverse.natural_order_address_muxing.muxed_reorder_read_addr_reg[6]/C","sfo/residual_estimator/aux_service/u_xfft/U0/i_synth/xfft_inst/non_floating_point.arch_d.xfft_inst/has_bit_reverse.dig_rev_mem/blk_ram.use_bram_only.mem/depth_14.main_ram_loop[2].use_RAMB18.ram_2k_loop[5].SDP_RAMB18_9x2048/ADDRBWRADDR[9]","1.322","0"
"clk500","0.344","2.000","sfo/residual_estimator/aux_service/u_xfft/U0/i_synth/xfft_inst/non_floating_point.arch_d.xfft_inst/pe_gen[0].natural_order_input.PE/has_addr_gen.bf2_addr_gen/cnt/cnt_addsub/i_baseblox.i_baseblox_addsub/no_pipelining.the_addsub/i_lut6.i_lut6_addsub/i_q.i_simple.qreg/i_no_async_controls.output_reg[9]/C","sfo/residual_estimator/aux_service/u_xfft/U0/i_synth/xfft_inst/non_floating_point.arch_d.xfft_inst/pe_gen[0].natural_order_input.PE/FB_1.BF_1/MEM/blk_ram.use_bram_only.mem/depth_13_s6_depth_12.main_ram_loop[2].use_RAMB18.ram_2k_loop[3].SDP_RAMB18_9x2048/ADDRBWRADDR[11]","1.347","0"
"clk500","0.344","2.000","sfo/residual_estimator/aux_service/u_xfft/U0/i_synth/xfft_inst/non_floating_point.arch_d.xfft_inst/timing_cnts_has_nfft.run_time_sel_reg[5]/C","sfo/residual_estimator/aux_service/u_xfft/U0/i_synth/xfft_inst/non_floating_point.arch_d.xfft_inst/pe_gen[4].natural_order_input.PE/bypass_muxes.din_re_mux_gen[6].reg/D","1.639","1"
"clk500","0.344","2.000","sfo/residual_estimator/aux_service/u_egress_fifo/gnuram_async_fifo.xpm_fifo_base_inst/xpm_fifo_rst_inst/gen_rst_ic.wr_rst_busy_ic_reg/C","sfo/residual_estimator/aux_service/u_egress_fifo/gnuram_async_fifo.xpm_fifo_base_inst/wrpp1_inst/count_value_i_reg[1]/D","1.636","5"
"clk500","0.345","2.000","cfo/estimator/reset_fast_sync/arststages_ff_reg[3]/C","cfo/observation_front/v_reg[4]/R","1.538","2"
"clk500","0.345","2.000","cfo/estimator/reset_fast_sync/arststages_ff_reg[3]/C","cfo/observation_front/v_reg[5]/R","1.538","2"
"clk500","0.345","2.000","sfo/residual_estimator/aux_service/u_egress_fifo/gnuram_async_fifo.xpm_fifo_base_inst/xpm_fifo_rst_inst/gen_rst_ic.wr_rst_busy_ic_reg/C","sfo/residual_estimator/aux_service/u_egress_fifo/gnuram_async_fifo.xpm_fifo_base_inst/wrp_inst/count_value_i_reg[5]/CE","1.550","3"
"clk500","0.345","2.000","sfo/residual_estimator/aux_service/u_egress_fifo/gnuram_async_fifo.xpm_fifo_base_inst/xpm_fifo_rst_inst/gen_rst_ic.wr_rst_busy_ic_reg/C","sfo/residual_estimator/aux_service/u_egress_fifo/gnuram_async_fifo.xpm_fifo_base_inst/wrp_inst/count_value_i_reg[6]/CE","1.550","3"
"clk500","0.345","2.000","sfo/residual_estimator/aux_service/u_egress_fifo/gnuram_async_fifo.xpm_fifo_base_inst/xpm_fifo_rst_inst/gen_rst_ic.wr_rst_busy_ic_reg/C","sfo/residual_estimator/aux_service/u_egress_fifo/gnuram_async_fifo.xpm_fifo_base_inst/wrp_inst/count_value_i_reg[7]/CE","1.550","3"
"clk500","0.345","2.000","sfo/residual_estimator/aux_service/u_egress_fifo/gnuram_async_fifo.xpm_fifo_base_inst/xpm_fifo_rst_inst/gen_rst_ic.wr_rst_busy_ic_reg/C","sfo/residual_estimator/aux_service/u_egress_fifo/gnuram_async_fifo.xpm_fifo_base_inst/wrp_inst/count_value_i_reg[8]/CE","1.550","3"
"clk500","0.345","2.000","sfo/residual_estimator/aux_service/u_xfft/U0/i_synth/xfft_inst/non_floating_point.arch_d.xfft_inst/pe_gen[0].natural_order_input.PE/has_addr_gen.bf2_addr_gen/cnt/cnt_addsub/i_baseblox.i_baseblox_addsub/no_pipelining.the_addsub/i_lut6.i_lut6_addsub/i_q.i_simple.qreg/i_no_async_controls.output_reg[7]/C","sfo/residual_estimator/aux_service/u_xfft/U0/i_synth/xfft_inst/non_floating_point.arch_d.xfft_inst/pe_gen[0].natural_order_input.PE/FB_1.BF_1/MEM/blk_ram.use_bram_only.mem/depth_13_s6_depth_12.need_extra_rams.extra_ram_loop[2].use_RAMB18.SDP_RAMB18_2x8192/ADDRBWRADDR[7]","1.324","0"
"clk500","0.345","2.000","sfo/residual_estimator/aux_service/u_xfft/U0/i_synth/xfft_inst/non_floating_point.arch_d.xfft_inst/timing_cnts_has_nfft.run_time_sel_reg[5]/C","sfo/residual_estimator/aux_service/u_xfft/U0/i_synth/xfft_inst/non_floating_point.arch_d.xfft_inst/pe_gen[4].natural_order_input.PE/bypass_muxes.din_im_mux_gen[10].reg/D","1.637","1"
"clk500","0.345","2.000","sfo/residual_estimator/front_stage/main/service/u_xfft/U0/i_synth/axi_wrapper/sclr_int_reg/C","sfo/residual_estimator/front_stage/main/service/u_xfft/U0/i_synth/xfft_inst/non_floating_point.arch_d.xfft_inst/has_bit_reverse.fixed_pt_size_muxed_addresses.read_addr_fixed_nfft_delay/need_sclr_lut.depth1_shift_ram.FF_gen[8].reg/D","1.637","1"
"clk500","0.345","2.000","cfo/windows/complete_windows/fifo/gnuram_async_fifo.xpm_fifo_base_inst/gen_sdpram.xpm_memory_base_inst/gen_wr_a.gen_word_narrow.mem_reg/CLKARDCLK","cfo/windows/fast_header_reg[33]/D","1.590","0"
"clk500","0.345","2.000","sfo/residual_estimator/front_stage/main/service/u_xfft/U0/i_synth/axi_wrapper/reset_pipe_reg[1]/C","sfo/residual_estimator/front_stage/main/service/u_xfft/U0/i_synth/axi_wrapper/data_out_channel/gen_real_time.data_out_reg[33]/CE","1.552","1"
"clk500","0.345","2.000","sfo/residual_estimator/front_stage/main/service/u_xfft/U0/i_synth/xfft_inst/non_floating_point.arch_d.xfft_inst/has_bit_reverse.natural_order_address_muxing.muxed_reorder_read_addr_reg[4]/C","sfo/residual_estimator/front_stage/main/service/u_xfft/U0/i_synth/xfft_inst/non_floating_point.arch_d.xfft_inst/has_bit_reverse.dig_rev_mem/blk_ram.use_bram_only.mem/depth_11.ram_loop[2].use_RAMB18.SDP_RAMB18_9x2048/ADDRBWRADDR[7]","1.326","0"
"clk500","0.345","2.000","sfo/residual_estimator/front_stage/main/service/u_xfft/U0/i_synth/xfft_inst/non_floating_point.arch_d.xfft_inst/pe_gen[0].natural_order_input.PE/has_addr_gen.bf2_addr_gen/cnt/cnt_addsub/i_baseblox.i_baseblox_addsub/no_pipelining.the_addsub/i_lut6.i_lut6_addsub/i_q.i_simple.qreg/i_no_async_controls.output_reg[10]/C","sfo/residual_estimator/front_stage/main/service/u_xfft/U0/i_synth/xfft_inst/non_floating_point.arch_d.xfft_inst/pe_gen[0].natural_order_input.PE/FB_1.BF_1/MEM/blk_ram.use_bram_only.mem/depth_10.ram_loop[0].use_RAMB18.SDP_RAMB18_18x1024/ADDRBWRADDR[13]","1.303","0"
"clk500","0.345","2.000","sfo/residual_estimator/front_stage/main/service/u_xfft/U0/i_synth/xfft_inst/non_floating_point.arch_d.xfft_inst/pe_gen[0].natural_order_input.PE/FB_1.BF_1/BTFLY0/logic_bfly_byp.add_r/adder/i_baseblox.i_baseblox_addsub/no_pipelining.the_addsub/i_lut6.i_lut6_addsub/i_q.i_simple.qreg/i_no_async_controls.output_reg[17]/C","sfo/residual_estimator/front_stage/main/service/u_xfft/U0/i_synth/xfft_inst/non_floating_point.arch_d.xfft_inst/pe_gen[0].natural_order_input.PE/hasbf2.FB_2.BF_2/mem_mux_and_reg_upper_re/slicel_slicem_implementation.delay_line/no_sclr_lut.real_shift_ram.use_baseblock.use_hlutnm_srls.srl_loop[8].i_srl16e0/D","1.575","0"
"clk500","0.345","2.000","cfo/observation_front/fft_core/m_error_reg[1]/C","cfo/observation_front/m_z_q_reg[24]/R","1.537","1"
"clk500","0.345","2.000","cfo/observation_front/fft_core/m_error_reg[1]/C","cfo/observation_front/m_z_q_reg[25]/R","1.537","1"
"clk500","0.345","2.000","cfo/observation_front/fft_core/m_error_reg[1]/C","cfo/observation_front/m_z_q_reg[26]/R","1.537","1"
"clk500","0.345","2.000","cfo/observation_front/fft_core/m_error_reg[1]/C","cfo/observation_front/m_z_q_reg[27]/R","1.537","1"
"clk500","0.345","2.000","sfo/residual_estimator/aux_service/u_xfft/U0/i_synth/axi_wrapper/gen_has_nfft.nfft_we_int_reg/C","sfo/residual_estimator/aux_service/u_xfft/U0/i_synth/xfft_inst/non_floating_point.arch_d.xfft_inst/FLOW/reset_sustain.resets_4_pes[6].delay_reset_pe/tc_reg/S","1.537","1"
"clk500","0.346","2.000","cfo/observation_front/fft_core/v_reg[5]/C","cfo/observation_front/fft_core/tag_reg[6][row_b][0]/CE","1.550","1"
"clk500","0.346","2.000","cfo/observation_front/fft_core/v_reg[5]/C","cfo/observation_front/fft_core/tag_reg[6][row_b][1]/CE","1.550","1"
"clk500","0.346","2.000","cfo/observation_front/fft_core/v_reg[5]/C","cfo/observation_front/fft_core/tag_reg[6][row_b][5]/CE","1.550","1"
"clk500","0.346","2.000","sfo/initial_estimator/owner/fft/u_egress_fifo/gnuram_async_fifo.xpm_fifo_base_inst/xpm_fifo_rst_inst/gen_rst_ic.wr_rst_busy_ic_reg/C","sfo/initial_estimator/owner/fft/u_egress_fifo/gnuram_async_fifo.xpm_fifo_base_inst/gen_pf_ic_rc.ngen_full_rst_val.ram_full_i_reg/R","1.535","0"
"clk500","0.346","2.000","sfo/residual_estimator/aux_service/u_xfft/U0/i_synth/xfft_inst/non_floating_point.arch_d.xfft_inst/pe_gen[4].natural_order_input.PE/FB_1.BF_1/yes_nfft.bypass_reg/no_sclr_lut.real_shift_ram.use_baseblock.not_use_hlutnm_srls.i_shift_ram/i_bb_inst/f0.srl_sig_reg[1][0]/C","sfo/residual_estimator/aux_service/u_xfft/U0/i_synth/xfft_inst/non_floating_point.arch_d.xfft_inst/pe_gen[4].natural_order_input.PE/FB_1.BF_1/BTFLY0/logic_bfly_byp.sub_r/sub/i_baseblox.i_baseblox_addsub/no_pipelining.the_addsub/i_lut6.i_lut6_addsub/i_q.i_simple.qreg/i_no_async_controls.output_reg[16]/D","1.634","3"
"clk500","0.346","2.000","cfo/windows/packed_windows/fifo/gnuram_async_fifo.xpm_fifo_base_inst/gen_sdpram.xpm_memory_base_inst/gen_wr_a.gen_word_narrow.mem_reg_bram_3/CLKBWRCLK","cfo/windows/packed_tail_reg[0]/D","1.589","0"
"clk500","0.346","2.000","sfo/residual_estimator/aux_service/u_xfft/U0/i_synth/xfft_inst/non_floating_point.arch_d.xfft_inst/has_bit_reverse.natural_order_address_muxing.muxed_reorder_read_addr_reg[1]/C","sfo/residual_estimator/aux_service/u_xfft/U0/i_synth/xfft_inst/non_floating_point.arch_d.xfft_inst/has_bit_reverse.dig_rev_mem/blk_ram.use_bram_only.mem/depth_14.main_ram_loop[2].use_RAMB18.ram_2k_loop[1].SDP_RAMB18_9x2048/ADDRBWRADDR[4]","1.271","0"
"clk500","0.347","2.000","sfo/residual_estimator/aux_service/u_xfft/U0/i_synth/xfft_inst/non_floating_point.arch_d.xfft_inst/has_bit_reverse.no_cp.muxed_reorder_write_addr_del_reg[0]/C","sfo/residual_estimator/aux_service/u_xfft/U0/i_synth/xfft_inst/non_floating_point.arch_d.xfft_inst/has_bit_reverse.dig_rev_mem/blk_ram.use_bram_only.mem/depth_14.main_ram_loop[0].use_RAMB18.ram_2k_loop[7].SDP_RAMB18_9x2048/ADDRARDADDR[3]","1.308","0"
"clk500","0.347","2.000","sfo/residual_estimator/front_stage/main/service/reset_sync500/syncstages_ff_reg[3]/C","sfo/residual_estimator/front_stage/main/service/u_xfft/U0/i_synth/axi_wrapper/config_channel_fifo/gen_real_time.full_reg/D","1.633","2"
"clk500","0.347","2.000","sfo/residual_estimator/aux_service/u_xfft/U0/i_synth/xfft_inst/non_floating_point.arch_d.xfft_inst/pe_gen[4].natural_order_input.PE/FB_1.BF_1/yes_nfft.bypass_reg/no_sclr_lut.real_shift_ram.use_baseblock.not_use_hlutnm_srls.i_shift_ram/i_bb_inst/f0.srl_sig_reg[1][0]/C","sfo/residual_estimator/aux_service/u_xfft/U0/i_synth/xfft_inst/non_floating_point.arch_d.xfft_inst/pe_gen[4].natural_order_input.PE/FB_1.BF_1/BTFLY0/logic_bfly_byp.sub_r/sub/i_baseblox.i_baseblox_addsub/no_pipelining.the_addsub/i_lut6.i_lut6_addsub/i_q.i_simple.qreg/i_no_async_controls.output_reg[14]/D","1.633","3"
"clk500","0.347","2.000","cfo/estimator/observation_fifo/gnuram_async_fifo.xpm_fifo_base_inst/gen_pf_ic_rc.ngen_full_rst_val.ram_full_i_reg/C","cfo/estimator/observation_fifo/gnuram_async_fifo.xpm_fifo_base_inst/gen_sdpram.xpm_memory_base_inst/gen_wr_a.gen_word_narrow.mem_reg_0_15_140_153/RAMA/WE","1.453","2"
"clk500","0.347","2.000","cfo/estimator/observation_fifo/gnuram_async_fifo.xpm_fifo_base_inst/gen_pf_ic_rc.ngen_full_rst_val.ram_full_i_reg/C","cfo/estimator/observation_fifo/gnuram_async_fifo.xpm_fifo_base_inst/gen_sdpram.xpm_memory_base_inst/gen_wr_a.gen_word_narrow.mem_reg_0_15_140_153/RAMA_D1/WE","1.453","2"
"clk500","0.347","2.000","cfo/estimator/observation_fifo/gnuram_async_fifo.xpm_fifo_base_inst/gen_pf_ic_rc.ngen_full_rst_val.ram_full_i_reg/C","cfo/estimator/observation_fifo/gnuram_async_fifo.xpm_fifo_base_inst/gen_sdpram.xpm_memory_base_inst/gen_wr_a.gen_word_narrow.mem_reg_0_15_140_153/RAMB/WE","1.453","2"
"clk500","0.347","2.000","cfo/estimator/observation_fifo/gnuram_async_fifo.xpm_fifo_base_inst/gen_pf_ic_rc.ngen_full_rst_val.ram_full_i_reg/C","cfo/estimator/observation_fifo/gnuram_async_fifo.xpm_fifo_base_inst/gen_sdpram.xpm_memory_base_inst/gen_wr_a.gen_word_narrow.mem_reg_0_15_140_153/RAMB_D1/WE","1.453","2"
"clk500","0.347","2.000","cfo/estimator/observation_fifo/gnuram_async_fifo.xpm_fifo_base_inst/gen_pf_ic_rc.ngen_full_rst_val.ram_full_i_reg/C","cfo/estimator/observation_fifo/gnuram_async_fifo.xpm_fifo_base_inst/gen_sdpram.xpm_memory_base_inst/gen_wr_a.gen_word_narrow.mem_reg_0_15_140_153/RAMC/WE","1.453","2"
"clk500","0.347","2.000","cfo/estimator/observation_fifo/gnuram_async_fifo.xpm_fifo_base_inst/gen_pf_ic_rc.ngen_full_rst_val.ram_full_i_reg/C","cfo/estimator/observation_fifo/gnuram_async_fifo.xpm_fifo_base_inst/gen_sdpram.xpm_memory_base_inst/gen_wr_a.gen_word_narrow.mem_reg_0_15_140_153/RAMC_D1/WE","1.453","2"
"clk500","0.347","2.000","cfo/estimator/observation_fifo/gnuram_async_fifo.xpm_fifo_base_inst/gen_pf_ic_rc.ngen_full_rst_val.ram_full_i_reg/C","cfo/estimator/observation_fifo/gnuram_async_fifo.xpm_fifo_base_inst/gen_sdpram.xpm_memory_base_inst/gen_wr_a.gen_word_narrow.mem_reg_0_15_140_153/RAMD/WE","1.453","2"
"clk500","0.347","2.000","cfo/estimator/observation_fifo/gnuram_async_fifo.xpm_fifo_base_inst/gen_pf_ic_rc.ngen_full_rst_val.ram_full_i_reg/C","cfo/estimator/observation_fifo/gnuram_async_fifo.xpm_fifo_base_inst/gen_sdpram.xpm_memory_base_inst/gen_wr_a.gen_word_narrow.mem_reg_0_15_140_153/RAMD_D1/WE","1.453","2"
"clk500","0.347","2.000","cfo/estimator/observation_fifo/gnuram_async_fifo.xpm_fifo_base_inst/gen_pf_ic_rc.ngen_full_rst_val.ram_full_i_reg/C","cfo/estimator/observation_fifo/gnuram_async_fifo.xpm_fifo_base_inst/gen_sdpram.xpm_memory_base_inst/gen_wr_a.gen_word_narrow.mem_reg_0_15_140_153/RAME/WE","1.453","2"
"clk500","0.347","2.000","cfo/estimator/observation_fifo/gnuram_async_fifo.xpm_fifo_base_inst/gen_pf_ic_rc.ngen_full_rst_val.ram_full_i_reg/C","cfo/estimator/observation_fifo/gnuram_async_fifo.xpm_fifo_base_inst/gen_sdpram.xpm_memory_base_inst/gen_wr_a.gen_word_narrow.mem_reg_0_15_140_153/RAME_D1/WE","1.453","2"
"clk500","0.347","2.000","cfo/estimator/observation_fifo/gnuram_async_fifo.xpm_fifo_base_inst/gen_pf_ic_rc.ngen_full_rst_val.ram_full_i_reg/C","cfo/estimator/observation_fifo/gnuram_async_fifo.xpm_fifo_base_inst/gen_sdpram.xpm_memory_base_inst/gen_wr_a.gen_word_narrow.mem_reg_0_15_140_153/RAMF/WE","1.453","2"
"clk500","0.347","2.000","cfo/estimator/observation_fifo/gnuram_async_fifo.xpm_fifo_base_inst/gen_pf_ic_rc.ngen_full_rst_val.ram_full_i_reg/C","cfo/estimator/observation_fifo/gnuram_async_fifo.xpm_fifo_base_inst/gen_sdpram.xpm_memory_base_inst/gen_wr_a.gen_word_narrow.mem_reg_0_15_140_153/RAMF_D1/WE","1.453","2"
"clk500","0.347","2.000","cfo/estimator/observation_fifo/gnuram_async_fifo.xpm_fifo_base_inst/gen_pf_ic_rc.ngen_full_rst_val.ram_full_i_reg/C","cfo/estimator/observation_fifo/gnuram_async_fifo.xpm_fifo_base_inst/gen_sdpram.xpm_memory_base_inst/gen_wr_a.gen_word_narrow.mem_reg_0_15_140_153/RAMG/WE","1.453","2"
"clk500","0.347","2.000","cfo/estimator/observation_fifo/gnuram_async_fifo.xpm_fifo_base_inst/gen_pf_ic_rc.ngen_full_rst_val.ram_full_i_reg/C","cfo/estimator/observation_fifo/gnuram_async_fifo.xpm_fifo_base_inst/gen_sdpram.xpm_memory_base_inst/gen_wr_a.gen_word_narrow.mem_reg_0_15_140_153/RAMG_D1/WE","1.453","2"
"clk500","0.347","2.000","cfo/estimator/observation_fifo/gnuram_async_fifo.xpm_fifo_base_inst/gen_pf_ic_rc.ngen_full_rst_val.ram_full_i_reg/C","cfo/estimator/observation_fifo/gnuram_async_fifo.xpm_fifo_base_inst/gen_sdpram.xpm_memory_base_inst/gen_wr_a.gen_word_narrow.mem_reg_0_15_140_153/RAMH/WE","1.453","2"
"clk500","0.347","2.000","cfo/estimator/observation_fifo/gnuram_async_fifo.xpm_fifo_base_inst/gen_pf_ic_rc.ngen_full_rst_val.ram_full_i_reg/C","cfo/estimator/observation_fifo/gnuram_async_fifo.xpm_fifo_base_inst/gen_sdpram.xpm_memory_base_inst/gen_wr_a.gen_word_narrow.mem_reg_0_15_140_153/RAMH_D1/WE","1.453","2"
"clk500","0.347","2.000","cfo/windows/packed_windows/fifo/gnuram_async_fifo.xpm_fifo_base_inst/rdp_inst/count_value_i_reg[2]/C","cfo/windows/packed_windows/fifo/gnuram_async_fifo.xpm_fifo_base_inst/gen_cdc_pntr.rd_pntr_cdc_dc_inst/src_gray_ff_reg[2]/D","1.635","2"
"clk500","0.347","2.000","sfo/initial_estimator/owner/fft/u_egress_fifo/gnuram_async_fifo.xpm_fifo_base_inst/xpm_fifo_rst_inst/gen_rst_ic.wr_rst_busy_ic_reg/C","sfo/initial_estimator/owner/fft/u_egress_fifo/gnuram_async_fifo.xpm_fifo_base_inst/wrpp2_inst/count_value_i_reg[0]/R","1.534","0"
"clk500","0.347","2.000","sfo/initial_estimator/owner/fft/u_egress_fifo/gnuram_async_fifo.xpm_fifo_base_inst/xpm_fifo_rst_inst/gen_rst_ic.wr_rst_busy_ic_reg/C","sfo/initial_estimator/owner/fft/u_egress_fifo/gnuram_async_fifo.xpm_fifo_base_inst/wrpp2_inst/count_value_i_reg[1]/S","1.534","0"
"clk500","0.347","2.000","sfo/initial_estimator/owner/fft/u_egress_fifo/gnuram_async_fifo.xpm_fifo_base_inst/xpm_fifo_rst_inst/gen_rst_ic.wr_rst_busy_ic_reg/C","sfo/initial_estimator/owner/fft/u_egress_fifo/gnuram_async_fifo.xpm_fifo_base_inst/wrpp2_inst/count_value_i_reg[2]/R","1.534","0"
"clk500","0.347","2.000","sfo/initial_estimator/owner/fft/u_egress_fifo/gnuram_async_fifo.xpm_fifo_base_inst/xpm_fifo_rst_inst/gen_rst_ic.wr_rst_busy_ic_reg/C","sfo/initial_estimator/owner/fft/u_egress_fifo/gnuram_async_fifo.xpm_fifo_base_inst/wrpp2_inst/count_value_i_reg[3]/R","1.534","0"
"clk500","0.347","2.000","sfo/initial_estimator/owner/fft/u_egress_fifo/gnuram_async_fifo.xpm_fifo_base_inst/xpm_fifo_rst_inst/gen_rst_ic.wr_rst_busy_ic_reg/C","sfo/initial_estimator/owner/fft/u_egress_fifo/gnuram_async_fifo.xpm_fifo_base_inst/wrpp2_inst/count_value_i_reg[4]/R","1.534","0"
"clk500","0.347","2.000","sfo/residual_estimator/aux_service/u_xfft/U0/i_synth/xfft_inst/non_floating_point.arch_d.xfft_inst/timing_cnts_has_nfft.run_time_sel_reg[1]/C","sfo/residual_estimator/aux_service/u_xfft/U0/i_synth/xfft_inst/non_floating_point.arch_d.xfft_inst/pe_gen[1].natural_order_input.PE/bypass_muxes.din_im_mux_gen[11].reg/D","1.634","1"
"clk500","0.347","2.000","sfo/residual_estimator/front_stage/main/service/u_xfft/U0/i_synth/xfft_inst/non_floating_point.arch_d.xfft_inst/pe_gen[0].natural_order_input.PE/FB_1.BF_1/BTFLY0/logic_bfly_byp.add_i/adder/i_baseblox.i_baseblox_addsub/no_pipelining.the_addsub/i_lut6.i_lut6_addsub/i_q.i_simple.qreg/i_no_async_controls.output_reg[8]/C","sfo/residual_estimator/front_stage/main/service/u_xfft/U0/i_synth/xfft_inst/non_floating_point.arch_d.xfft_inst/pe_gen[0].natural_order_input.PE/hasbf2.FB_2.BF_2/mem_mux_and_reg_upper_im/slicel_slicem_implementation.delay_line/no_sclr_lut.real_shift_ram.use_baseblock.use_hlutnm_srls.srl_loop[3].i_srl16e1/D","1.556","0"
"clk500","0.347","2.000","sfo/residual_estimator/front_stage/main/service/u_xfft/U0/i_synth/axi_wrapper/sclr_int_reg/C","sfo/residual_estimator/front_stage/main/service/u_xfft/U0/i_synth/xfft_inst/non_floating_point.arch_d.xfft_inst/has_bit_reverse.no_cyclic_prefix_xk_counter.DOUT_CNT_CTRL_1/cnt/i_tc_compare_reg/R","1.537","0"
"clk500","0.348","2.000","cfo/observation_front/state_reg[0]/C","cfo/observation_front/fft_core/m_i_reg[13]/CE","1.549","2"
"clk500","0.348","2.000","cfo/observation_front/state_reg[0]/C","cfo/observation_front/fft_core/m_i_reg[14]/CE","1.549","2"
"clk500","0.348","2.000","sfo/residual_estimator/aux_service/u_xfft/U0/i_synth/axi_wrapper/data_out_channel/gen_real_time.data_out_reg[2]/C","sfo/residual_estimator/aux_service/u_egress_fifo/gnuram_async_fifo.xpm_fifo_base_inst/gen_sdpram.xpm_memory_base_inst/gen_wr_a.gen_word_narrow.mem_reg_bram_0/DINADIN[1]","1.332","0"
"clk500","0.348","2.000","sfo/residual_estimator/aux_service/u_xfft/U0/i_synth/axi_wrapper/data_out_channel/gen_real_time.data_out_reg[0]/C","sfo/residual_estimator/aux_service/u_egress_fifo/gnuram_async_fifo.xpm_fifo_base_inst/gen_sdpram.xpm_memory_base_inst/gen_wr_a.gen_word_narrow.mem_reg_bram_3/DINADIN[5]","1.354","0"
"clk500","0.348","2.000","sfo/residual_estimator/aux_service/u_xfft/U0/i_synth/xfft_inst/non_floating_point.arch_d.xfft_inst/timing_cnts_has_nfft.run_time_sel_reg[5]/C","sfo/residual_estimator/aux_service/u_xfft/U0/i_synth/xfft_inst/non_floating_point.arch_d.xfft_inst/pe_gen[5].natural_order_input.PE/bypass_muxes.din_re_mux_gen[11].reg/D","1.634","1"
"clk500","0.348","2.000","sfo/residual_estimator/aux_service/u_xfft/U0/i_synth/xfft_inst/non_floating_point.arch_d.xfft_inst/timing_cnts_has_nfft.run_time_sel_reg[3]/C","sfo/residual_estimator/aux_service/u_xfft/U0/i_synth/xfft_inst/non_floating_point.arch_d.xfft_inst/pe_gen[3].natural_order_input.PE/addr_select.bf1_addr_mux_gen[3].reg/D","1.635","1"
"clk500","0.348","2.000","cfo/estimator/observation_fifo/gnuram_async_fifo.xpm_fifo_base_inst/gen_pf_ic_rc.ngen_full_rst_val.ram_full_i_reg/C","cfo/estimator/observation_fifo/gnuram_async_fifo.xpm_fifo_base_inst/gen_sdpram.xpm_memory_base_inst/gen_wr_a.gen_word_narrow.mem_reg_0_15_98_111/RAMA/WE","1.452","2"
"clk500","0.348","2.000","cfo/estimator/observation_fifo/gnuram_async_fifo.xpm_fifo_base_inst/gen_pf_ic_rc.ngen_full_rst_val.ram_full_i_reg/C","cfo/estimator/observation_fifo/gnuram_async_fifo.xpm_fifo_base_inst/gen_sdpram.xpm_memory_base_inst/gen_wr_a.gen_word_narrow.mem_reg_0_15_98_111/RAMA_D1/WE","1.452","2"
"clk500","0.348","2.000","cfo/estimator/observation_fifo/gnuram_async_fifo.xpm_fifo_base_inst/gen_pf_ic_rc.ngen_full_rst_val.ram_full_i_reg/C","cfo/estimator/observation_fifo/gnuram_async_fifo.xpm_fifo_base_inst/gen_sdpram.xpm_memory_base_inst/gen_wr_a.gen_word_narrow.mem_reg_0_15_98_111/RAMB/WE","1.452","2"
"clk500","0.348","2.000","cfo/estimator/observation_fifo/gnuram_async_fifo.xpm_fifo_base_inst/gen_pf_ic_rc.ngen_full_rst_val.ram_full_i_reg/C","cfo/estimator/observation_fifo/gnuram_async_fifo.xpm_fifo_base_inst/gen_sdpram.xpm_memory_base_inst/gen_wr_a.gen_word_narrow.mem_reg_0_15_98_111/RAMB_D1/WE","1.452","2"
"clk500","0.348","2.000","cfo/estimator/observation_fifo/gnuram_async_fifo.xpm_fifo_base_inst/gen_pf_ic_rc.ngen_full_rst_val.ram_full_i_reg/C","cfo/estimator/observation_fifo/gnuram_async_fifo.xpm_fifo_base_inst/gen_sdpram.xpm_memory_base_inst/gen_wr_a.gen_word_narrow.mem_reg_0_15_98_111/RAMC/WE","1.452","2"
"clk500","0.348","2.000","cfo/estimator/observation_fifo/gnuram_async_fifo.xpm_fifo_base_inst/gen_pf_ic_rc.ngen_full_rst_val.ram_full_i_reg/C","cfo/estimator/observation_fifo/gnuram_async_fifo.xpm_fifo_base_inst/gen_sdpram.xpm_memory_base_inst/gen_wr_a.gen_word_narrow.mem_reg_0_15_98_111/RAMC_D1/WE","1.452","2"
"clk500","0.348","2.000","cfo/estimator/observation_fifo/gnuram_async_fifo.xpm_fifo_base_inst/gen_pf_ic_rc.ngen_full_rst_val.ram_full_i_reg/C","cfo/estimator/observation_fifo/gnuram_async_fifo.xpm_fifo_base_inst/gen_sdpram.xpm_memory_base_inst/gen_wr_a.gen_word_narrow.mem_reg_0_15_98_111/RAMD/WE","1.452","2"
"clk500","0.348","2.000","cfo/estimator/observation_fifo/gnuram_async_fifo.xpm_fifo_base_inst/gen_pf_ic_rc.ngen_full_rst_val.ram_full_i_reg/C","cfo/estimator/observation_fifo/gnuram_async_fifo.xpm_fifo_base_inst/gen_sdpram.xpm_memory_base_inst/gen_wr_a.gen_word_narrow.mem_reg_0_15_98_111/RAMD_D1/WE","1.452","2"
"clk500","0.348","2.000","cfo/estimator/observation_fifo/gnuram_async_fifo.xpm_fifo_base_inst/gen_pf_ic_rc.ngen_full_rst_val.ram_full_i_reg/C","cfo/estimator/observation_fifo/gnuram_async_fifo.xpm_fifo_base_inst/gen_sdpram.xpm_memory_base_inst/gen_wr_a.gen_word_narrow.mem_reg_0_15_98_111/RAME/WE","1.452","2"
"clk500","0.348","2.000","cfo/estimator/observation_fifo/gnuram_async_fifo.xpm_fifo_base_inst/gen_pf_ic_rc.ngen_full_rst_val.ram_full_i_reg/C","cfo/estimator/observation_fifo/gnuram_async_fifo.xpm_fifo_base_inst/gen_sdpram.xpm_memory_base_inst/gen_wr_a.gen_word_narrow.mem_reg_0_15_98_111/RAME_D1/WE","1.452","2"
"clk500","0.348","2.000","cfo/estimator/observation_fifo/gnuram_async_fifo.xpm_fifo_base_inst/gen_pf_ic_rc.ngen_full_rst_val.ram_full_i_reg/C","cfo/estimator/observation_fifo/gnuram_async_fifo.xpm_fifo_base_inst/gen_sdpram.xpm_memory_base_inst/gen_wr_a.gen_word_narrow.mem_reg_0_15_98_111/RAMF/WE","1.452","2"
"clk500","0.348","2.000","cfo/estimator/observation_fifo/gnuram_async_fifo.xpm_fifo_base_inst/gen_pf_ic_rc.ngen_full_rst_val.ram_full_i_reg/C","cfo/estimator/observation_fifo/gnuram_async_fifo.xpm_fifo_base_inst/gen_sdpram.xpm_memory_base_inst/gen_wr_a.gen_word_narrow.mem_reg_0_15_98_111/RAMF_D1/WE","1.452","2"
"clk500","0.348","2.000","cfo/estimator/observation_fifo/gnuram_async_fifo.xpm_fifo_base_inst/gen_pf_ic_rc.ngen_full_rst_val.ram_full_i_reg/C","cfo/estimator/observation_fifo/gnuram_async_fifo.xpm_fifo_base_inst/gen_sdpram.xpm_memory_base_inst/gen_wr_a.gen_word_narrow.mem_reg_0_15_98_111/RAMG/WE","1.452","2"
"clk500","0.348","2.000","cfo/estimator/observation_fifo/gnuram_async_fifo.xpm_fifo_base_inst/gen_pf_ic_rc.ngen_full_rst_val.ram_full_i_reg/C","cfo/estimator/observation_fifo/gnuram_async_fifo.xpm_fifo_base_inst/gen_sdpram.xpm_memory_base_inst/gen_wr_a.gen_word_narrow.mem_reg_0_15_98_111/RAMG_D1/WE","1.452","2"
"clk500","0.348","2.000","cfo/estimator/observation_fifo/gnuram_async_fifo.xpm_fifo_base_inst/gen_pf_ic_rc.ngen_full_rst_val.ram_full_i_reg/C","cfo/estimator/observation_fifo/gnuram_async_fifo.xpm_fifo_base_inst/gen_sdpram.xpm_memory_base_inst/gen_wr_a.gen_word_narrow.mem_reg_0_15_98_111/RAMH/WE","1.452","2"
"clk500","0.348","2.000","cfo/estimator/observation_fifo/gnuram_async_fifo.xpm_fifo_base_inst/gen_pf_ic_rc.ngen_full_rst_val.ram_full_i_reg/C","cfo/estimator/observation_fifo/gnuram_async_fifo.xpm_fifo_base_inst/gen_sdpram.xpm_memory_base_inst/gen_wr_a.gen_word_narrow.mem_reg_0_15_98_111/RAMH_D1/WE","1.452","2"
"clk500","0.348","2.000","cfo/observation_front/fft_core/m_error_reg[1]/C","cfo/observation_front/m_z_q_reg[28]/R","1.534","1"
"clk500","0.348","2.000","cfo/observation_front/fft_core/m_error_reg[1]/C","cfo/observation_front/m_z_q_reg[29]/R","1.534","1"
"clk500","0.348","2.000","cfo/observation_front/fft_core/m_error_reg[1]/C","cfo/observation_front/m_z_q_reg[30]/R","1.534","1"
"clk500","0.348","2.000","cfo/observation_front/fft_core/m_error_reg[1]/C","cfo/observation_front/m_z_q_reg[31]/R","1.534","1"
"clk500","0.348","2.000","sfo/residual_estimator/aux_service/u_xfft/U0/i_synth/xfft_inst/non_floating_point.arch_d.xfft_inst/has_bit_reverse.natural_order_address_muxing.muxed_reorder_read_addr_reg[8]/C","sfo/residual_estimator/aux_service/u_xfft/U0/i_synth/xfft_inst/non_floating_point.arch_d.xfft_inst/has_bit_reverse.dig_rev_mem/blk_ram.use_bram_only.mem/depth_14.main_ram_loop[2].use_RAMB18.ram_2k_loop[1].SDP_RAMB18_9x2048/ADDRBWRADDR[11]","1.368","0"
"clk500","0.348","2.000","cfo/windows/packed_windows/fifo/gnuram_async_fifo.xpm_fifo_base_inst/gen_sdpram.xpm_memory_base_inst/gen_wr_a.gen_word_narrow.mem_reg_bram_8/CLKBWRCLK","cfo/windows/packed_windows/fifo/gnuram_async_fifo.xpm_fifo_base_inst/gen_sdpram.xpm_memory_base_inst/gen_wr_a.gen_word_narrow.mem_reg_bram_11/CASDINB[28]","1.512","2"
"clk500","0.348","2.000","cfo/windows/packed_windows/fifo/gnuram_async_fifo.xpm_fifo_base_inst/gen_sdpram.xpm_memory_base_inst/gen_wr_a.gen_word_narrow.mem_reg_bram_0/CLKBWRCLK","cfo/windows/packed_windows/fifo/gnuram_async_fifo.xpm_fifo_base_inst/gen_sdpram.xpm_memory_base_inst/gen_wr_a.gen_word_narrow.mem_reg_bram_3/CASDINB[28]","1.512","2"
"clk500","0.348","2.000","cfo/windows/packed_windows/fifo/gnuram_async_fifo.xpm_fifo_base_inst/gen_sdpram.xpm_memory_base_inst/gen_wr_a.gen_word_narrow.mem_reg_bram_4/CLKBWRCLK","cfo/windows/packed_windows/fifo/gnuram_async_fifo.xpm_fifo_base_inst/gen_sdpram.xpm_memory_base_inst/gen_wr_a.gen_word_narrow.mem_reg_bram_7/CASDINB[28]","1.512","2"
"clk500","0.349","2.000","cfo/observation_front/fft_core/v_reg[3]/C","cfo/observation_front/fft_core/ar4_reg[19]/CE","1.546","0"
"clk500","0.349","2.000","cfo/windows/packed_windows/fifo/gnuram_async_fifo.xpm_fifo_base_inst/gen_sdpram.xpm_memory_base_inst/gen_wr_a.gen_word_narrow.mem_reg_bram_3/CLKBWRCLK","cfo/windows/packed_tail_reg[29]/D","1.585","0"
"clk500","0.349","2.000","sfo/residual_estimator/aux_service/u_xfft/U0/i_synth/xfft_inst/non_floating_point.arch_d.xfft_inst/pe_gen[0].natural_order_input.PE/FB_1.BF_1/yes_nfft.bypass_reg/no_sclr_lut.real_shift_ram.use_baseblock.not_use_hlutnm_srls.i_shift_ram/i_bb_inst/f0.srl_sig_reg[1][0]/C","sfo/residual_estimator/aux_service/u_xfft/U0/i_synth/xfft_inst/non_floating_point.arch_d.xfft_inst/pe_gen[0].natural_order_input.PE/FB_1.BF_1/BTFLY0/logic_bfly_byp.add_i/adder/i_baseblox.i_baseblox_addsub/no_pipelining.the_addsub/i_lut6.i_lut6_addsub/i_q.i_simple.qreg/i_no_async_controls.output_reg[13]/D","1.631","3"
"clk500","0.349","2.000","sfo/residual_estimator/front_stage/main/service/u_xfft/U0/i_synth/xfft_inst/non_floating_point.arch_d.xfft_inst/pe_gen[0].natural_order_input.PE/has_addr_gen.bf2_addr_gen/output_cnt.reg_next_start/C","sfo/residual_estimator/front_stage/main/service/u_xfft/U0/i_synth/xfft_inst/non_floating_point.arch_d.xfft_inst/pe_gen[0].natural_order_input.PE/has_scale_pipelining.has_tw_scale_reg.tw_scale_reg_gen[10].tw_scale_reg/CE","1.546","0"
"clk500","0.349","2.000","sfo/residual_estimator/front_stage/main/service/u_xfft/U0/i_synth/xfft_inst/non_floating_point.arch_d.xfft_inst/pe_gen[0].natural_order_input.PE/has_addr_gen.bf2_addr_gen/output_cnt.reg_next_start/C","sfo/residual_estimator/front_stage/main/service/u_xfft/U0/i_synth/xfft_inst/non_floating_point.arch_d.xfft_inst/pe_gen[0].natural_order_input.PE/has_scale_pipelining.has_tw_scale_reg.tw_scale_reg_gen[9].tw_scale_reg/CE","1.546","0"
"clk500","0.350","2.000","sfo/residual_estimator/aux_service/u_xfft/U0/i_synth/xfft_inst/non_floating_point.arch_d.xfft_inst/timing_cnts_has_nfft.run_time_sel_reg[5]/C","sfo/residual_estimator/aux_service/u_xfft/U0/i_synth/xfft_inst/non_floating_point.arch_d.xfft_inst/pe_gen[5].natural_order_input.PE/bypass_muxes.din_im_mux_gen[10].reg/D","1.632","1"
"clk500","0.350","2.000","cfo/observation_front/pr4_reg/DSP_OUTPUT_INST/CLK","cfo/observation_front/h_i5_reg[9]/D","1.600","5"
"clk500","0.350","2.000","cfo/windows/packed_windows/fifo/gnuram_async_fifo.xpm_fifo_base_inst/gen_sdpram.xpm_memory_base_inst/gen_wr_a.gen_word_narrow.mem_reg_bram_8/CLKBWRCLK","cfo/windows/packed_windows/fifo/gnuram_async_fifo.xpm_fifo_base_inst/gen_sdpram.xpm_memory_base_inst/gen_wr_a.gen_word_narrow.mem_reg_bram_11/CASDINB[30]","1.510","2"
"clk500","0.350","2.000","cfo/windows/packed_windows/fifo/gnuram_async_fifo.xpm_fifo_base_inst/gen_sdpram.xpm_memory_base_inst/gen_wr_a.gen_word_narrow.mem_reg_bram_0/CLKBWRCLK","cfo/windows/packed_windows/fifo/gnuram_async_fifo.xpm_fifo_base_inst/gen_sdpram.xpm_memory_base_inst/gen_wr_a.gen_word_narrow.mem_reg_bram_3/CASDINB[30]","1.510","2"
"clk500","0.350","2.000","cfo/windows/packed_windows/fifo/gnuram_async_fifo.xpm_fifo_base_inst/gen_sdpram.xpm_memory_base_inst/gen_wr_a.gen_word_narrow.mem_reg_bram_4/CLKBWRCLK","cfo/windows/packed_windows/fifo/gnuram_async_fifo.xpm_fifo_base_inst/gen_sdpram.xpm_memory_base_inst/gen_wr_a.gen_word_narrow.mem_reg_bram_7/CASDINB[30]","1.510","2"
"clk500","0.350","2.000","cfo/windows/packed_windows/fifo/gnuram_async_fifo.xpm_fifo_base_inst/gen_sdpram.xpm_memory_base_inst/gen_wr_a.gen_word_narrow.mem_reg_bram_8/CLKBWRCLK","cfo/windows/packed_windows/fifo/gnuram_async_fifo.xpm_fifo_base_inst/gen_sdpram.xpm_memory_base_inst/gen_wr_a.gen_word_narrow.mem_reg_bram_11/CASDINPB[3]","1.510","2"
"clk500","0.350","2.000","cfo/windows/packed_windows/fifo/gnuram_async_fifo.xpm_fifo_base_inst/gen_sdpram.xpm_memory_base_inst/gen_wr_a.gen_word_narrow.mem_reg_bram_0/CLKBWRCLK","cfo/windows/packed_windows/fifo/gnuram_async_fifo.xpm_fifo_base_inst/gen_sdpram.xpm_memory_base_inst/gen_wr_a.gen_word_narrow.mem_reg_bram_3/CASDINPB[3]","1.510","2"
"clk500","0.350","2.000","cfo/windows/packed_windows/fifo/gnuram_async_fifo.xpm_fifo_base_inst/gen_sdpram.xpm_memory_base_inst/gen_wr_a.gen_word_narrow.mem_reg_bram_4/CLKBWRCLK","cfo/windows/packed_windows/fifo/gnuram_async_fifo.xpm_fifo_base_inst/gen_sdpram.xpm_memory_base_inst/gen_wr_a.gen_word_narrow.mem_reg_bram_7/CASDINPB[3]","1.510","2"
"clk500","0.350","2.000","sfo/residual_estimator/aux_service/u_xfft/U0/i_synth/xfft_inst/non_floating_point.arch_d.xfft_inst/timing_cnts_has_nfft.run_time_sel_reg[2]/C","sfo/residual_estimator/aux_service/u_xfft/U0/i_synth/xfft_inst/non_floating_point.arch_d.xfft_inst/pe_gen[1].natural_order_input.PE/addr_select.bf2_start_mux_gen.reg/D","1.631","1"
"clk500","0.350","2.000","cfo/observation_front/fft_core/m_error_reg[1]/C","cfo/observation_front/m_pilot_count_reg[2]/R","1.532","1"
"clk500","0.350","2.000","cfo/observation_front/fft_core/m_error_reg[1]/C","cfo/observation_front/m_pilot_count_reg[3]/R","1.532","1"
"clk500","0.350","2.000","cfo/observation_front/fft_core/m_error_reg[1]/C","cfo/observation_front/m_pilot_count_reg[4]/R","1.532","1"
"clk500","0.350","2.000","cfo/observation_front/fft_core/m_error_reg[1]/C","cfo/observation_front/m_pilot_count_reg[5]/R","1.532","1"
"clk500","0.351","2.000","cfo/windows/poison_sync/syncstages_ff_reg[3]/C","cfo/windows/window_credits/fifo/gnuram_async_fifo.xpm_fifo_base_inst/gof.overflow_i_reg/D","1.631","4"
"clk500","0.351","2.000","sfo/residual_estimator/aux_service/u_xfft/U0/i_synth/xfft_inst/non_floating_point.arch_d.xfft_inst/timing_cnts_has_nfft.run_time_sel_reg[1]/C","sfo/residual_estimator/aux_service/u_xfft/U0/i_synth/xfft_inst/non_floating_point.arch_d.xfft_inst/pe_gen[1].natural_order_input.PE/bypass_muxes.din_im_mux_gen[15].reg/D","1.630","1"
"clk500","0.351","2.000","sfo/residual_estimator/front_stage/main/service/u_xfft/U0/i_synth/xfft_inst/non_floating_point.arch_d.xfft_inst/has_bit_reverse.no_cp.muxed_reorder_write_addr_del_reg[9]/C","sfo/residual_estimator/front_stage/main/service/u_xfft/U0/i_synth/xfft_inst/non_floating_point.arch_d.xfft_inst/has_bit_reverse.dig_rev_mem/blk_ram.use_bram_only.mem/depth_11.ram_loop[0].use_RAMB18.SDP_RAMB18_9x2048/ADDRARDADDR[12]","1.368","0"
"clk500","0.351","2.000","cfo/windows/packed_windows/fifo/gnuram_async_fifo.xpm_fifo_base_inst/rdp_inst/count_value_i_reg[8]/C","cfo/windows/packed_windows/fifo/gnuram_async_fifo.xpm_fifo_base_inst/gen_cdc_pntr.rd_pntr_cdc_dc_inst/src_gray_ff_reg[9]/D","1.630","3"
"clk500","0.352","2.000","cfo/observation_front/fft_core/stage_index_reg[0]/C","cfo/observation_front/fft_core/half_span_reg[6]/CE","1.543","2"
"clk500","0.352","2.000","cfo/observation_front/fft_core/stage_index_reg[0]/C","cfo/observation_front/fft_core/half_span_reg[7]/CE","1.543","2"
"clk500","0.352","2.000","sfo/residual_estimator/aux_service/u_xfft/U0/i_synth/xfft_inst/non_floating_point.arch_d.xfft_inst/FLOW/load_enable_reg/C","sfo/residual_estimator/aux_service/u_ingress_fifo/gnuram_async_fifo.xpm_fifo_base_inst/gen_sdpram.xpm_memory_base_inst/gen_rd_b.gen_doutb_pipe.doutb_pipe_reg[0][8]/CE","1.545","3"
"clk500","0.352","2.000","cfo/observation_front/fft_core/pi4_reg/DSP_OUTPUT_INST/CLK","cfo/observation_front/fft_core/pi5_reg[4]/D","1.599","4"
"clk500","0.352","2.000","sfo/residual_estimator/aux_service/u_xfft/U0/i_synth/xfft_inst/non_floating_point.arch_d.xfft_inst/pe_gen[0].natural_order_input.PE/FB_1.BF_1/yes_nfft.bypass_reg/no_sclr_lut.real_shift_ram.use_baseblock.not_use_hlutnm_srls.i_shift_ram/i_bb_inst/f0.srl_sig_reg[1][0]/C","sfo/residual_estimator/aux_service/u_xfft/U0/i_synth/xfft_inst/non_floating_point.arch_d.xfft_inst/pe_gen[0].natural_order_input.PE/FB_1.BF_1/BTFLY0/logic_bfly_byp.add_i/adder/i_baseblox.i_baseblox_addsub/no_pipelining.the_addsub/i_lut6.i_lut6_addsub/i_q.i_simple.qreg/i_no_async_controls.output_reg[12]/D","1.628","3"
"clk500","0.352","2.000","sfo/residual_estimator/aux_service/u_xfft/U0/i_synth/xfft_inst/non_floating_point.arch_d.xfft_inst/timing_cnts_has_nfft.run_time_sel_reg[3]/C","sfo/residual_estimator/aux_service/u_xfft/U0/i_synth/xfft_inst/non_floating_point.arch_d.xfft_inst/pe_gen[3].natural_order_input.PE/addr_select.bf1_addr_mux_gen[6].reg/D","1.630","1"
"clk500","0.352","2.000","sfo/residual_estimator/aux_service/u_xfft/U0/i_synth/axi_wrapper/sclr_int_reg/C","sfo/residual_estimator/aux_service/u_xfft/U0/i_synth/xfft_inst/non_floating_point.arch_d.xfft_inst/pe_gen[6].natural_order_input.PE/has_ovflo_control.delay_ovflo_valid/need_sclr_lut.real_shift_ram.FF_gen[0].reg/D","1.631","1"
"clk500","0.352","2.000","sfo/residual_estimator/aux_service/u_xfft/U0/i_synth/axi_wrapper/gen_has_nfft.nfft_we_int_reg/C","sfo/residual_estimator/aux_service/u_xfft/U0/i_synth/xfft_inst/non_floating_point.arch_d.xfft_inst/pe_gen[6].natural_order_input.PE/has_ovflo_control.last_ovflo_start.OVFLO_CNT/no_early_reg.I_TC_reg/R","1.529","1"
"clk500","0.352","2.000","sfo/residual_estimator/aux_service/u_xfft/U0/i_synth/xfft_inst/non_floating_point.arch_d.xfft_inst/has_bit_reverse.DV_reg/C","sfo/residual_estimator/aux_service/u_xfft/U0/i_synth/axi_wrapper/data_out_channel/gen_real_time.full_int_reg/D","1.629","1"
"clk500","0.352","2.000","sfo/residual_estimator/aux_service/u_xfft/U0/i_synth/xfft_inst/non_floating_point.arch_d.xfft_inst/pe_gen[0].natural_order_input.PE/has_TW_mult.MULT/i_cmpy/three_mult_structure.use_dsp.i_dsp48/mult2_preadder_d_plus_a.mult2/mult/use_prim.appDSP48[0].bppDSP48[0].use_dsp.use_dsp48e2.iDSP48E2/DSP_OUTPUT_INST/CLK","sfo/residual_estimator/aux_service/u_xfft/U0/i_synth/xfft_inst/non_floating_point.arch_d.xfft_inst/pe_gen[0].natural_order_input.PE/has_TW_mult.MULT/i_cmpy/three_mult_structure.use_dsp.i_dsp48/mult1_preadder_d_plus_a.mult1/mult/use_prim.appDSP48[0].bppDSP48[0].use_dsp.use_dsp48e2.iDSP48E2/DSP_C_DATA_INST/C[44]","1.355","0"
"clk500","0.352","2.000","sfo/residual_estimator/aux_service/u_xfft/U0/i_synth/xfft_inst/non_floating_point.arch_d.xfft_inst/pe_gen[0].natural_order_input.PE/has_TW_mult.MULT/i_cmpy/three_mult_structure.use_dsp.i_dsp48/mult2_preadder_d_plus_a.mult2/mult/use_prim.appDSP48[0].bppDSP48[0].use_dsp.use_dsp48e2.iDSP48E2/DSP_OUTPUT_INST/CLK","sfo/residual_estimator/aux_service/u_xfft/U0/i_synth/xfft_inst/non_floating_point.arch_d.xfft_inst/pe_gen[0].natural_order_input.PE/has_TW_mult.MULT/i_cmpy/three_mult_structure.use_dsp.i_dsp48/mult3_preadder_d_minus_a.mult3/mult/use_prim.appDSP48[0].bppDSP48[0].use_dsp.use_dsp48e2.iDSP48E2/DSP_C_DATA_INST/C[44]","1.355","0"
"clk500","0.353","2.000","cfo/windows/packed_windows/fifo/gnuram_async_fifo.xpm_fifo_base_inst/gen_sdpram.xpm_memory_base_inst/gen_wr_a.gen_word_narrow.mem_reg_bram_8/CLKBWRCLK","cfo/windows/packed_windows/fifo/gnuram_async_fifo.xpm_fifo_base_inst/gen_sdpram.xpm_memory_base_inst/gen_wr_a.gen_word_narrow.mem_reg_bram_11/CASDINB[26]","1.507","2"
"clk500","0.353","2.000","cfo/windows/packed_windows/fifo/gnuram_async_fifo.xpm_fifo_base_inst/gen_sdpram.xpm_memory_base_inst/gen_wr_a.gen_word_narrow.mem_reg_bram_0/CLKBWRCLK","cfo/windows/packed_windows/fifo/gnuram_async_fifo.xpm_fifo_base_inst/gen_sdpram.xpm_memory_base_inst/gen_wr_a.gen_word_narrow.mem_reg_bram_3/CASDINB[26]","1.507","2"
"clk500","0.353","2.000","cfo/windows/packed_windows/fifo/gnuram_async_fifo.xpm_fifo_base_inst/gen_sdpram.xpm_memory_base_inst/gen_wr_a.gen_word_narrow.mem_reg_bram_4/CLKBWRCLK","cfo/windows/packed_windows/fifo/gnuram_async_fifo.xpm_fifo_base_inst/gen_sdpram.xpm_memory_base_inst/gen_wr_a.gen_word_narrow.mem_reg_bram_7/CASDINB[26]","1.507","2"
"clk500","0.353","2.000","cfo/observation_front/m_frame_reg[9]/C","cfo/estimator/mailbox_data_reg[6]/D","1.630","5"
"clk500","0.353","2.000","cfo/windows/poison_sync/syncstages_ff_reg[3]/C","cfo/windows/packed_windows/fifo/gnuram_async_fifo.xpm_fifo_base_inst/gen_sdpram.xpm_memory_base_inst/gen_wr_a.gen_word_narrow.mem_reg_bram_11/CASOREGIMUXEN_B","1.509","3"
"clk500","0.353","2.000","sfo/residual_estimator/aux_service/u_xfft/U0/i_synth/xfft_inst/non_floating_point.arch_d.xfft_inst/FLOW/load_enable_reg/C","sfo/residual_estimator/aux_service/u_ingress_fifo/gnuram_async_fifo.xpm_fifo_base_inst/gen_sdpram.xpm_memory_base_inst/gen_rd_b.gen_doutb_pipe.doutb_pipe_reg[0][16]/CE","1.545","3"
"clk500","0.353","2.000","sfo/residual_estimator/aux_service/u_xfft/U0/i_synth/xfft_inst/non_floating_point.arch_d.xfft_inst/FLOW/load_enable_reg/C","sfo/residual_estimator/aux_service/u_ingress_fifo/gnuram_async_fifo.xpm_fifo_base_inst/gen_sdpram.xpm_memory_base_inst/gen_rd_b.gen_doutb_pipe.doutb_pipe_reg[0][6]/CE","1.545","3"
"clk500","0.353","2.000","sfo/residual_estimator/aux_service/u_xfft/U0/i_synth/xfft_inst/non_floating_point.arch_d.xfft_inst/FLOW/load_enable_reg/C","sfo/residual_estimator/aux_service/u_ingress_fifo/gnuram_async_fifo.xpm_fifo_base_inst/gen_sdpram.xpm_memory_base_inst/gen_rd_b.gen_doutb_pipe.doutb_pipe_reg[0][7]/CE","1.545","3"
"clk500","0.353","2.000","sfo/residual_estimator/aux_service/u_xfft/U0/i_synth/xfft_inst/non_floating_point.arch_d.xfft_inst/FLOW/load_enable_reg/C","sfo/residual_estimator/aux_service/u_ingress_fifo/gnuram_async_fifo.xpm_fifo_base_inst/gen_sdpram.xpm_memory_base_inst/gen_rd_b.gen_doutb_pipe.doutb_pipe_reg[0][9]/CE","1.545","3"
"clk500","0.353","2.000","cfo/windows/packed_windows/fifo/gnuram_async_fifo.xpm_fifo_base_inst/gen_sdpram.xpm_memory_base_inst/gen_wr_a.gen_word_narrow.mem_reg_bram_11/CLKBWRCLK","cfo/windows/packed_tail_reg[105]/D","1.582","0"
"clk500","0.353","2.000","sfo/residual_estimator/aux_service/u_xfft/U0/i_synth/xfft_inst/non_floating_point.arch_d.xfft_inst/has_bit_reverse.natural_order_address_muxing.muxed_reorder_read_addr_reg[4]/C","sfo/residual_estimator/aux_service/u_xfft/U0/i_synth/xfft_inst/non_floating_point.arch_d.xfft_inst/has_bit_reverse.dig_rev_mem/blk_ram.use_bram_only.mem/depth_14.main_ram_loop[2].use_RAMB18.ram_2k_loop[1].SDP_RAMB18_9x2048/ADDRBWRADDR[7]","1.334","0"
"clk500","0.353","2.000","sfo/residual_estimator/aux_service/u_xfft/U0/i_synth/xfft_inst/non_floating_point.arch_d.xfft_inst/input_delay_re/no_sclr_lut.real_shift_ram.use_baseblock.use_hlutnm_srls.srl_loop[1].i_fdre1/C","sfo/residual_estimator/aux_service/u_xfft/U0/i_synth/xfft_inst/non_floating_point.arch_d.xfft_inst/pe_gen[2].natural_order_input.PE/bypass_muxes.din_re_mux_gen[3].reg/D","1.628","1"
"clk500","0.354","2.000","sfo/residual_estimator/aux_service/u_xfft/U0/i_synth/xfft_inst/non_floating_point.arch_d.xfft_inst/has_bit_reverse.no_cp.muxed_reorder_write_addr_del_reg[4]/C","sfo/residual_estimator/aux_service/u_xfft/U0/i_synth/xfft_inst/non_floating_point.arch_d.xfft_inst/has_bit_reverse.dig_rev_mem/blk_ram.use_bram_only.mem/depth_14.main_ram_loop[1].use_RAMB18.ram_2k_loop[2].SDP_RAMB18_9x2048/ADDRARDADDR[7]","1.343","0"
"clk500","0.354","2.000","sfo/residual_estimator/front_stage/main/service/u_xfft/U0/i_synth/axi_wrapper/data_in_channel_fifo/gen_real_time.full_reg/C","sfo/residual_estimator/front_stage/main/service/u_ingress_fifo/gnuram_async_fifo.xpm_fifo_base_inst/rdp_inst/count_value_i_reg[5]/D","1.627","5"
"clk500","0.354","2.000","sfo/residual_estimator/aux_service/u_xfft/U0/i_synth/xfft_inst/non_floating_point.arch_d.xfft_inst/has_bit_reverse.no_cp.muxed_reorder_write_addr_del_reg[3]/C","sfo/residual_estimator/aux_service/u_xfft/U0/i_synth/xfft_inst/non_floating_point.arch_d.xfft_inst/has_bit_reverse.dig_rev_mem/blk_ram.use_bram_only.mem/depth_14.need_extra_rams.extra_ram_loop[3].use_RAMB18.SDP_RAMB18_1x16384/ADDRARDADDR[3]","1.287","0"
"clk500","0.354","2.000","sfo/residual_estimator/aux_service/u_xfft/U0/i_synth/xfft_inst/non_floating_point.arch_d.xfft_inst/pe_gen[0].natural_order_input.PE/FB_1.BF_1/wr_addr_del/no_sclr_lut.real_shift_ram.use_baseblock.use_hlutnm_srls.srl_loop[3].i_fdre0/C","sfo/residual_estimator/aux_service/u_xfft/U0/i_synth/xfft_inst/non_floating_point.arch_d.xfft_inst/pe_gen[0].natural_order_input.PE/FB_1.BF_1/MEM/blk_ram.use_bram_only.mem/depth_13_s6_depth_12.main_ram_loop[2].use_RAMB18.ram_2k_loop[0].SDP_RAMB18_9x2048/ADDRARDADDR[9]","1.346","0"
"clk500","0.355","2.000","sfo/residual_estimator/aux_service/u_xfft/U0/i_synth/xfft_inst/non_floating_point.arch_d.xfft_inst/FLOW/load_enable_reg/C","sfo/residual_estimator/aux_service/u_ingress_fifo/gnuram_async_fifo.xpm_fifo_base_inst/gen_sdpram.xpm_memory_base_inst/gen_rd_b.gen_doutb_pipe.doutb_pipe_reg[0][12]/CE","1.542","3"
"clk500","0.355","2.000","sfo/residual_estimator/aux_service/u_xfft/U0/i_synth/xfft_inst/non_floating_point.arch_d.xfft_inst/FLOW/load_enable_reg/C","sfo/residual_estimator/aux_service/u_ingress_fifo/gnuram_async_fifo.xpm_fifo_base_inst/gen_sdpram.xpm_memory_base_inst/gen_rd_b.gen_doutb_pipe.doutb_pipe_reg[0][1]/CE","1.542","3"
"clk500","0.355","2.000","sfo/residual_estimator/aux_service/u_xfft/U0/i_synth/xfft_inst/non_floating_point.arch_d.xfft_inst/FLOW/load_enable_reg/C","sfo/residual_estimator/aux_service/u_ingress_fifo/gnuram_async_fifo.xpm_fifo_base_inst/gen_sdpram.xpm_memory_base_inst/gen_rd_b.gen_doutb_pipe.doutb_pipe_reg[0][3]/CE","1.542","3"
"clk500","0.355","2.000","sfo/residual_estimator/aux_service/u_xfft/U0/i_synth/xfft_inst/non_floating_point.arch_d.xfft_inst/FLOW/load_enable_reg/C","sfo/residual_estimator/aux_service/u_ingress_fifo/gnuram_async_fifo.xpm_fifo_base_inst/gen_sdpram.xpm_memory_base_inst/gen_rd_b.gen_doutb_pipe.doutb_pipe_reg[0][5]/CE","1.542","3"
"clk500","0.355","2.000","sfo/residual_estimator/aux_service/u_xfft/U0/i_synth/xfft_inst/non_floating_point.arch_d.xfft_inst/pe_gen[3].natural_order_input.PE/hasbf2.FB_2.BF_2/yes_nfft.bypass_reg/no_sclr_lut.real_shift_ram.use_baseblock.not_use_hlutnm_srls.i_shift_ram/i_bb_inst/f0.srl_sig_reg[1][0]/C","sfo/residual_estimator/aux_service/u_xfft/U0/i_synth/xfft_inst/non_floating_point.arch_d.xfft_inst/pe_gen[3].natural_order_input.PE/hasbf2.FB_2.BF_2/BTFLY0/logic_bfly_byp.sub_i/sub/i_baseblox.i_baseblox_addsub/no_pipelining.the_addsub/i_lut6.i_lut6_addsub/i_q.i_simple.qreg/i_no_async_controls.output_reg[17]/D","1.627","3"
"clk500","0.355","2.000","sfo/residual_estimator/front_stage/main/service/u_xfft/U0/i_synth/xfft_inst/non_floating_point.arch_d.xfft_inst/has_bit_reverse.no_cp.muxed_reorder_write_addr_del_reg[10]/C","sfo/residual_estimator/front_stage/main/service/u_xfft/U0/i_synth/xfft_inst/non_floating_point.arch_d.xfft_inst/has_bit_reverse.dig_rev_mem/blk_ram.use_bram_only.mem/depth_11.ram_loop[3].use_RAMB18.SDP_RAMB18_9x2048/ADDRARDADDR[13]","1.352","0"
"clk500","0.355","2.000","cfo/windows/packed_windows/fifo/gnuram_async_fifo.xpm_fifo_base_inst/rdp_inst/count_value_i_reg[2]/C","cfo/windows/packed_windows/fifo/gnuram_async_fifo.xpm_fifo_base_inst/gen_sdpram.xpm_memory_base_inst/gen_wr_a.gen_word_narrow.mem_reg_bram_9/ADDRBWRADDR[7]","1.337","0"
"clk500","0.355","2.000","cfo/estimator/observation_fifo/gnuram_async_fifo.xpm_fifo_base_inst/gen_pf_ic_rc.ngen_full_rst_val.ram_full_i_reg/C","cfo/estimator/observation_fifo/gnuram_async_fifo.xpm_fifo_base_inst/gen_sdpram.xpm_memory_base_inst/gen_wr_a.gen_word_narrow.mem_reg_0_15_84_97/RAMA/WE","1.445","2"
"clk500","0.355","2.000","cfo/estimator/observation_fifo/gnuram_async_fifo.xpm_fifo_base_inst/gen_pf_ic_rc.ngen_full_rst_val.ram_full_i_reg/C","cfo/estimator/observation_fifo/gnuram_async_fifo.xpm_fifo_base_inst/gen_sdpram.xpm_memory_base_inst/gen_wr_a.gen_word_narrow.mem_reg_0_15_84_97/RAMA_D1/WE","1.445","2"
"clk500","0.355","2.000","cfo/estimator/observation_fifo/gnuram_async_fifo.xpm_fifo_base_inst/gen_pf_ic_rc.ngen_full_rst_val.ram_full_i_reg/C","cfo/estimator/observation_fifo/gnuram_async_fifo.xpm_fifo_base_inst/gen_sdpram.xpm_memory_base_inst/gen_wr_a.gen_word_narrow.mem_reg_0_15_84_97/RAMB/WE","1.445","2"
"clk500","0.355","2.000","cfo/estimator/observation_fifo/gnuram_async_fifo.xpm_fifo_base_inst/gen_pf_ic_rc.ngen_full_rst_val.ram_full_i_reg/C","cfo/estimator/observation_fifo/gnuram_async_fifo.xpm_fifo_base_inst/gen_sdpram.xpm_memory_base_inst/gen_wr_a.gen_word_narrow.mem_reg_0_15_84_97/RAMB_D1/WE","1.445","2"
"clk500","0.355","2.000","cfo/estimator/observation_fifo/gnuram_async_fifo.xpm_fifo_base_inst/gen_pf_ic_rc.ngen_full_rst_val.ram_full_i_reg/C","cfo/estimator/observation_fifo/gnuram_async_fifo.xpm_fifo_base_inst/gen_sdpram.xpm_memory_base_inst/gen_wr_a.gen_word_narrow.mem_reg_0_15_84_97/RAMC/WE","1.445","2"
"clk500","0.355","2.000","cfo/estimator/observation_fifo/gnuram_async_fifo.xpm_fifo_base_inst/gen_pf_ic_rc.ngen_full_rst_val.ram_full_i_reg/C","cfo/estimator/observation_fifo/gnuram_async_fifo.xpm_fifo_base_inst/gen_sdpram.xpm_memory_base_inst/gen_wr_a.gen_word_narrow.mem_reg_0_15_84_97/RAMC_D1/WE","1.445","2"
"clk500","0.355","2.000","cfo/estimator/observation_fifo/gnuram_async_fifo.xpm_fifo_base_inst/gen_pf_ic_rc.ngen_full_rst_val.ram_full_i_reg/C","cfo/estimator/observation_fifo/gnuram_async_fifo.xpm_fifo_base_inst/gen_sdpram.xpm_memory_base_inst/gen_wr_a.gen_word_narrow.mem_reg_0_15_84_97/RAMD/WE","1.445","2"
"clk500","0.355","2.000","cfo/estimator/observation_fifo/gnuram_async_fifo.xpm_fifo_base_inst/gen_pf_ic_rc.ngen_full_rst_val.ram_full_i_reg/C","cfo/estimator/observation_fifo/gnuram_async_fifo.xpm_fifo_base_inst/gen_sdpram.xpm_memory_base_inst/gen_wr_a.gen_word_narrow.mem_reg_0_15_84_97/RAMD_D1/WE","1.445","2"
"clk500","0.355","2.000","cfo/estimator/observation_fifo/gnuram_async_fifo.xpm_fifo_base_inst/gen_pf_ic_rc.ngen_full_rst_val.ram_full_i_reg/C","cfo/estimator/observation_fifo/gnuram_async_fifo.xpm_fifo_base_inst/gen_sdpram.xpm_memory_base_inst/gen_wr_a.gen_word_narrow.mem_reg_0_15_84_97/RAME/WE","1.445","2"
"clk500","0.355","2.000","cfo/estimator/observation_fifo/gnuram_async_fifo.xpm_fifo_base_inst/gen_pf_ic_rc.ngen_full_rst_val.ram_full_i_reg/C","cfo/estimator/observation_fifo/gnuram_async_fifo.xpm_fifo_base_inst/gen_sdpram.xpm_memory_base_inst/gen_wr_a.gen_word_narrow.mem_reg_0_15_84_97/RAME_D1/WE","1.445","2"
"clk500","0.355","2.000","cfo/estimator/observation_fifo/gnuram_async_fifo.xpm_fifo_base_inst/gen_pf_ic_rc.ngen_full_rst_val.ram_full_i_reg/C","cfo/estimator/observation_fifo/gnuram_async_fifo.xpm_fifo_base_inst/gen_sdpram.xpm_memory_base_inst/gen_wr_a.gen_word_narrow.mem_reg_0_15_84_97/RAMF/WE","1.445","2"
"clk500","0.355","2.000","cfo/estimator/observation_fifo/gnuram_async_fifo.xpm_fifo_base_inst/gen_pf_ic_rc.ngen_full_rst_val.ram_full_i_reg/C","cfo/estimator/observation_fifo/gnuram_async_fifo.xpm_fifo_base_inst/gen_sdpram.xpm_memory_base_inst/gen_wr_a.gen_word_narrow.mem_reg_0_15_84_97/RAMF_D1/WE","1.445","2"
"clk500","0.355","2.000","cfo/estimator/observation_fifo/gnuram_async_fifo.xpm_fifo_base_inst/gen_pf_ic_rc.ngen_full_rst_val.ram_full_i_reg/C","cfo/estimator/observation_fifo/gnuram_async_fifo.xpm_fifo_base_inst/gen_sdpram.xpm_memory_base_inst/gen_wr_a.gen_word_narrow.mem_reg_0_15_84_97/RAMG/WE","1.445","2"
"clk500","0.355","2.000","cfo/estimator/observation_fifo/gnuram_async_fifo.xpm_fifo_base_inst/gen_pf_ic_rc.ngen_full_rst_val.ram_full_i_reg/C","cfo/estimator/observation_fifo/gnuram_async_fifo.xpm_fifo_base_inst/gen_sdpram.xpm_memory_base_inst/gen_wr_a.gen_word_narrow.mem_reg_0_15_84_97/RAMG_D1/WE","1.445","2"
"clk500","0.355","2.000","cfo/estimator/observation_fifo/gnuram_async_fifo.xpm_fifo_base_inst/gen_pf_ic_rc.ngen_full_rst_val.ram_full_i_reg/C","cfo/estimator/observation_fifo/gnuram_async_fifo.xpm_fifo_base_inst/gen_sdpram.xpm_memory_base_inst/gen_wr_a.gen_word_narrow.mem_reg_0_15_84_97/RAMH/WE","1.445","2"
"clk500","0.355","2.000","cfo/estimator/observation_fifo/gnuram_async_fifo.xpm_fifo_base_inst/gen_pf_ic_rc.ngen_full_rst_val.ram_full_i_reg/C","cfo/estimator/observation_fifo/gnuram_async_fifo.xpm_fifo_base_inst/gen_sdpram.xpm_memory_base_inst/gen_wr_a.gen_word_narrow.mem_reg_0_15_84_97/RAMH_D1/WE","1.445","2"
"clk500","0.355","2.000","cfo/windows/packed_windows/fifo/gnuram_async_fifo.xpm_fifo_base_inst/gen_sdpram.xpm_memory_base_inst/gen_wr_a.gen_word_narrow.mem_reg_bram_8/CLKBWRCLK","cfo/windows/packed_windows/fifo/gnuram_async_fifo.xpm_fifo_base_inst/gen_sdpram.xpm_memory_base_inst/gen_wr_a.gen_word_narrow.mem_reg_bram_11/CASDINB[17]","1.505","2"
"clk500","0.355","2.000","cfo/windows/packed_windows/fifo/gnuram_async_fifo.xpm_fifo_base_inst/gen_sdpram.xpm_memory_base_inst/gen_wr_a.gen_word_narrow.mem_reg_bram_0/CLKBWRCLK","cfo/windows/packed_windows/fifo/gnuram_async_fifo.xpm_fifo_base_inst/gen_sdpram.xpm_memory_base_inst/gen_wr_a.gen_word_narrow.mem_reg_bram_3/CASDINB[17]","1.505","2"
"clk500","0.355","2.000","cfo/windows/packed_windows/fifo/gnuram_async_fifo.xpm_fifo_base_inst/gen_sdpram.xpm_memory_base_inst/gen_wr_a.gen_word_narrow.mem_reg_bram_4/CLKBWRCLK","cfo/windows/packed_windows/fifo/gnuram_async_fifo.xpm_fifo_base_inst/gen_sdpram.xpm_memory_base_inst/gen_wr_a.gen_word_narrow.mem_reg_bram_7/CASDINB[17]","1.505","2"
"clk500","0.355","2.000","sfo/residual_estimator/front_stage/main/service/u_xfft/U0/i_synth/xfft_inst/non_floating_point.arch_d.xfft_inst/has_bit_reverse.dig_rev_mem/blk_ram.use_bram_only.mem/depth_11.ram_loop[0].use_RAMB18.SDP_RAMB18_9x2048/CLKBWRCLK","sfo/residual_estimator/front_stage/main/service/u_xfft/U0/i_synth/xfft_inst/non_floating_point.arch_d.xfft_inst/has_bit_reverse.pe_natural_out_reg[2]/D","1.580","0"
"clk500","0.356","2.000","sfo/residual_estimator/aux_service/u_xfft/U0/i_synth/xfft_inst/non_floating_point.arch_d.xfft_inst/FLOW/load_enable_reg/C","sfo/residual_estimator/aux_service/u_ingress_fifo/gnuram_async_fifo.xpm_fifo_base_inst/gen_sdpram.xpm_memory_base_inst/gen_rd_b.gen_doutb_pipe.doutb_pipe_reg[0][10]/CE","1.541","3"
"clk500","0.356","2.000","sfo/residual_estimator/aux_service/u_xfft/U0/i_synth/xfft_inst/non_floating_point.arch_d.xfft_inst/FLOW/load_enable_reg/C","sfo/residual_estimator/aux_service/u_ingress_fifo/gnuram_async_fifo.xpm_fifo_base_inst/gen_sdpram.xpm_memory_base_inst/gen_rd_b.gen_doutb_pipe.doutb_pipe_reg[0][17]/CE","1.541","3"
"clk500","0.356","2.000","sfo/residual_estimator/aux_service/u_xfft/U0/i_synth/xfft_inst/non_floating_point.arch_d.xfft_inst/FLOW/load_enable_reg/C","sfo/residual_estimator/aux_service/u_ingress_fifo/gnuram_async_fifo.xpm_fifo_base_inst/gen_sdpram.xpm_memory_base_inst/gen_rd_b.gen_doutb_pipe.doutb_pipe_reg[0][2]/CE","1.541","3"
"clk500","0.356","2.000","sfo/residual_estimator/aux_service/u_xfft/U0/i_synth/xfft_inst/non_floating_point.arch_d.xfft_inst/FLOW/load_enable_reg/C","sfo/residual_estimator/aux_service/u_ingress_fifo/gnuram_async_fifo.xpm_fifo_base_inst/gen_sdpram.xpm_memory_base_inst/gen_rd_b.gen_doutb_pipe.doutb_pipe_reg[0][4]/CE","1.541","3"
"clk500","0.356","2.000","sfo/residual_estimator/aux_service/u_xfft/U0/i_synth/axi_wrapper/reset_pipe_reg[1]/C","sfo/residual_estimator/aux_service/u_xfft/U0/i_synth/axi_wrapper/gen_status_channel.gen_status_ovflo.status_fifo_write_data_reg[0]/D","1.626","1"
"clk500","0.356","2.000","sfo/residual_estimator/aux_service/u_xfft/U0/i_synth/axi_wrapper/gen_has_nfft.nfft_we_int_reg/C","sfo/residual_estimator/aux_service/u_xfft/U0/i_synth/xfft_inst/non_floating_point.arch_d.xfft_inst/FLOW/reset_sustain.resets_4_pes[4].delay_reset_pe/tc_reg/S","1.525","1"
"clk500","0.356","2.000","sfo/residual_estimator/aux_service/u_xfft/U0/i_synth/xfft_inst/non_floating_point.arch_d.xfft_inst/has_bit_reverse.natural_order_address_muxing.muxed_reorder_read_addr_reg[8]/C","sfo/residual_estimator/aux_service/u_xfft/U0/i_synth/xfft_inst/non_floating_point.arch_d.xfft_inst/has_bit_reverse.dig_rev_mem/blk_ram.use_bram_only.mem/depth_14.main_ram_loop[2].use_RAMB18.ram_2k_loop[5].SDP_RAMB18_9x2048/ADDRBWRADDR[11]","1.335","0"
"clk500","0.357","2.000","cfo/observation_front/fft_core/bank0_reg_bram_1/CLKBWRCLK","cfo/observation_front/fft_core/rr3_reg/DSP_A_B_DATA_INST/A[25]","1.278","1"
"clk500","0.357","2.000","sfo/initial_estimator/owner/fft/u_xfft/U0/i_synth/axi_wrapper/sclr_int_reg/C","sfo/initial_estimator/owner/fft/u_xfft/U0/i_synth/xfft_inst/non_floating_point.arch_d.xfft_inst/FLOW/reset_sustain.resets_4_pes[4].delay_reset_pe/count_addsub_reg[0].addsub_reg/R","1.525","0"
"clk500","0.357","2.000","sfo/initial_estimator/owner/fft/u_xfft/U0/i_synth/axi_wrapper/sclr_int_reg/C","sfo/initial_estimator/owner/fft/u_xfft/U0/i_synth/xfft_inst/non_floating_point.arch_d.xfft_inst/FLOW/reset_sustain.resets_4_pes[4].delay_reset_pe/count_addsub_reg[1].addsub_reg/R","1.525","0"
"clk500","0.357","2.000","sfo/initial_estimator/owner/fft/u_xfft/U0/i_synth/axi_wrapper/sclr_int_reg/C","sfo/initial_estimator/owner/fft/u_xfft/U0/i_synth/xfft_inst/non_floating_point.arch_d.xfft_inst/FLOW/reset_sustain.resets_4_pes[4].delay_reset_pe/count_addsub_reg[2].addsub_reg/R","1.525","0"
"clk500","0.357","2.000","sfo/initial_estimator/owner/fft/u_xfft/U0/i_synth/axi_wrapper/sclr_int_reg/C","sfo/initial_estimator/owner/fft/u_xfft/U0/i_synth/xfft_inst/non_floating_point.arch_d.xfft_inst/FLOW/reset_sustain.resets_4_pes[4].delay_reset_pe/count_addsub_reg[3].addsub_reg/R","1.525","0"
"clk500","0.358","2.000","cfo/estimator/expected_window_reg[5]/C","cfo/estimator/locked_frame_reg[4]/D","1.624","3"
"clk500","0.358","2.000","sfo/residual_estimator/front_stage/main/service/u_egress_fifo/gnuram_async_fifo.xpm_fifo_base_inst/xpm_fifo_rst_inst/gen_rst_ic.wr_rst_busy_ic_reg/C","sfo/residual_estimator/front_stage/main/service/u_egress_fifo/gnuram_async_fifo.xpm_fifo_base_inst/gen_sdpram.xpm_memory_base_inst/gen_wr_a.gen_word_narrow.mem_reg_bram_2/ENARDEN","1.276","3"
"clk500","0.358","2.000","cfo/observation_front/pr4_reg/DSP_OUTPUT_INST/CLK","cfo/observation_front/h_i5_reg[10]/D","1.592","5"
"clk500","0.358","2.000","sfo/residual_estimator/aux_service/u_xfft/U0/i_synth/xfft_inst/non_floating_point.arch_d.xfft_inst/has_bit_reverse.natural_order_address_muxing.muxed_reorder_read_addr_reg[9]/C","sfo/residual_estimator/aux_service/u_xfft/U0/i_synth/xfft_inst/non_floating_point.arch_d.xfft_inst/has_bit_reverse.dig_rev_mem/blk_ram.use_bram_only.mem/depth_14.need_extra_rams.extra_ram_loop[0].use_RAMB18.SDP_RAMB18_1x16384/ADDRBWRADDR[9]","1.338","0"
"clk500","0.358","2.000","sfo/residual_estimator/aux_service/u_xfft/U0/i_synth/xfft_inst/non_floating_point.arch_d.xfft_inst/has_bit_reverse.dig_rev_mem/blk_ram.use_bram_only.mem/depth_14.main_ram_loop[0].mux_8to1.has_output_reg.addrb_mux_sel_reg_reg[2]/C","sfo/residual_estimator/aux_service/u_xfft/U0/i_synth/xfft_inst/non_floating_point.arch_d.xfft_inst/has_bit_reverse.pe_natural_out_reg[12]/D","1.624","1"
"clk500","0.358","2.000","sfo/residual_estimator/aux_service/u_xfft/U0/i_synth/xfft_inst/non_floating_point.arch_d.xfft_inst/input_delay_im/no_sclr_lut.real_shift_ram.use_baseblock.use_hlutnm_srls.srl_loop[7].i_fdre1/C","sfo/residual_estimator/aux_service/u_xfft/U0/i_synth/xfft_inst/non_floating_point.arch_d.xfft_inst/pe_gen[5].natural_order_input.PE/bypass_muxes.din_im_mux_gen[15].reg/D","1.622","1"
"clk500","0.358","2.000","sfo/residual_estimator/front_stage/main/service/u_ingress_fifo/gnuram_async_fifo.xpm_fifo_base_inst/gen_sdpram.xpm_memory_base_inst/gen_wr_a.gen_word_wide.mem_reg_bram_0/CLKARDCLK","sfo/residual_estimator/front_stage/main/service/u_ingress_fifo/gnuram_async_fifo.xpm_fifo_base_inst/gen_sdpram.xpm_memory_base_inst/gen_rd_b.gen_doutb_pipe.doutb_pipe_reg[0][7]/D","1.577","0"
"clk500","0.358","2.000","sfo/initial_estimator/owner/fft/u_xfft/U0/i_synth/axi_wrapper/sclr_int_reg/C","sfo/initial_estimator/owner/fft/u_xfft/U0/i_synth/xfft_inst/non_floating_point.arch_d.xfft_inst/FLOW/reset_sustain.resets_4_pes[4].delay_reset_pe/count_addsub_reg[4].addsub_reg/R","1.524","0"
"clk500","0.358","2.000","sfo/residual_estimator/aux_service/u_xfft/U0/i_synth/xfft_inst/non_floating_point.arch_d.xfft_inst/has_bit_reverse.no_cp.muxed_reorder_write_addr_del_reg[12]/C","sfo/residual_estimator/aux_service/u_xfft/U0/i_synth/xfft_inst/non_floating_point.arch_d.xfft_inst/has_bit_reverse.dig_rev_mem/blk_ram.use_bram_only.mem/depth_14.main_ram_loop[0].use_RAMB18.ram_2k_loop[1].SDP_RAMB18_9x2048/WEA[0]","1.225","1"
"clk500","0.359","2.000","sfo/residual_estimator/aux_service/u_xfft/U0/i_synth/xfft_inst/non_floating_point.arch_d.xfft_inst/pe_gen[4].natural_order_input.PE/FB_1.BF_1/yes_nfft.bypass_reg/no_sclr_lut.real_shift_ram.use_baseblock.not_use_hlutnm_srls.i_shift_ram/i_bb_inst/f0.srl_sig_reg[1][0]/C","sfo/residual_estimator/aux_service/u_xfft/U0/i_synth/xfft_inst/non_floating_point.arch_d.xfft_inst/pe_gen[4].natural_order_input.PE/FB_1.BF_1/BTFLY0/logic_bfly_byp.sub_r/sub/i_baseblox.i_baseblox_addsub/no_pipelining.the_addsub/i_lut6.i_lut6_addsub/i_q.i_simple.qreg/i_no_async_controls.output_reg[15]/D","1.621","3"
"clk500","0.359","2.000","cfo/estimator/expected_window_reg[5]/C","cfo/estimator/mailbox_data_reg[167]/D","1.623","3"
"clk500","0.359","2.000","sfo/residual_estimator/aux_service/u_xfft/U0/i_synth/xfft_inst/non_floating_point.arch_d.xfft_inst/has_bit_reverse.natural_order_address_muxing.muxed_reorder_read_addr_reg[6]/C","sfo/residual_estimator/aux_service/u_xfft/U0/i_synth/xfft_inst/non_floating_point.arch_d.xfft_inst/has_bit_reverse.dig_rev_mem/blk_ram.use_bram_only.mem/depth_14.main_ram_loop[0].use_RAMB18.ram_2k_loop[7].SDP_RAMB18_9x2048/ADDRBWRADDR[9]","1.337","0"
"clk500","0.359","2.000","sfo/residual_estimator/aux_service/u_xfft/U0/i_synth/xfft_inst/non_floating_point.arch_d.xfft_inst/has_bit_reverse.natural_order_address_muxing.muxed_reorder_read_addr_reg[8]/C","sfo/residual_estimator/aux_service/u_xfft/U0/i_synth/xfft_inst/non_floating_point.arch_d.xfft_inst/has_bit_reverse.dig_rev_mem/blk_ram.use_bram_only.mem/depth_14.main_ram_loop[1].use_RAMB18.ram_2k_loop[0].SDP_RAMB18_9x2048/ADDRBWRADDR[11]","1.357","0"
"clk500","0.359","2.000","sfo/residual_estimator/aux_service/u_xfft/U0/i_synth/xfft_inst/non_floating_point.arch_d.xfft_inst/pe_gen[0].natural_order_input.PE/FB_1.BF_1/yes_nfft.bypass_reg/no_sclr_lut.real_shift_ram.use_baseblock.not_use_hlutnm_srls.i_shift_ram/i_bb_inst/f0.srl_sig_reg[1][0]/C","sfo/residual_estimator/aux_service/u_xfft/U0/i_synth/xfft_inst/non_floating_point.arch_d.xfft_inst/pe_gen[0].natural_order_input.PE/FB_1.BF_1/BTFLY0/logic_bfly_byp.add_i/adder/i_baseblox.i_baseblox_addsub/no_pipelining.the_addsub/i_lut6.i_lut6_addsub/i_q.i_simple.qreg/i_no_async_controls.output_reg[10]/D","1.621","3"
"clk500","0.359","2.000","cfo/windows/poison_sync/syncstages_ff_reg[3]/C","cfo/windows/packed_windows/fifo/gnuram_async_fifo.xpm_fifo_base_inst/gen_sdpram.xpm_memory_base_inst/gen_wr_a.gen_word_narrow.mem_reg_bram_2/CASDOMUXEN_B","1.519","3"
"clk500","0.360","2.000","cfo/windows/poison_sync/syncstages_ff_reg[3]/C","cfo/windows/sample_index_reg[0]/D","1.623","4"
"clk500","0.360","2.000","sfo/residual_estimator/front_stage/main/service/u_xfft/U0/i_synth/axi_wrapper/sclr_int_reg/C","sfo/residual_estimator/front_stage/main/service/u_xfft/U0/i_synth/xfft_inst/non_floating_point.arch_d.xfft_inst/no_run_time_1.dout_rev_index_int_reg[10]/R","1.524","0"
"clk500","0.360","2.000","sfo/residual_estimator/front_stage/main/service/u_xfft/U0/i_synth/axi_wrapper/sclr_int_reg/C","sfo/residual_estimator/front_stage/main/service/u_xfft/U0/i_synth/xfft_inst/non_floating_point.arch_d.xfft_inst/no_run_time_1.dout_rev_index_int_reg[2]/R","1.524","0"
"clk500","0.360","2.000","sfo/residual_estimator/front_stage/main/service/u_xfft/U0/i_synth/axi_wrapper/sclr_int_reg/C","sfo/residual_estimator/front_stage/main/service/u_xfft/U0/i_synth/xfft_inst/non_floating_point.arch_d.xfft_inst/no_run_time_1.dout_rev_index_int_reg[3]/R","1.524","0"
"clk500","0.360","2.000","sfo/residual_estimator/front_stage/main/service/u_xfft/U0/i_synth/axi_wrapper/sclr_int_reg/C","sfo/residual_estimator/front_stage/main/service/u_xfft/U0/i_synth/xfft_inst/non_floating_point.arch_d.xfft_inst/no_run_time_1.dout_rev_index_int_reg[5]/R","1.524","0"
"clk500","0.360","2.000","sfo/residual_estimator/aux_service/u_xfft/U0/i_synth/xfft_inst/non_floating_point.arch_d.xfft_inst/timing_cnts_has_nfft.duplicate_regs[3].other.nfft_regs[0].nfft_regs_fde/C","sfo/residual_estimator/aux_service/u_xfft/U0/i_synth/xfft_inst/non_floating_point.arch_d.xfft_inst/pe_gen[3].natural_order_input.PE/hasbf2.FB_2.BF_2/MEM/dist_ram.srlram.ram/var_length.shift_ram/i_bb_inst/gen_output_regs.output_regs/i_no_async_controls.output_reg[28]/D","1.622","2"
"clk500","0.361","2.000","cfo/windows/complete_windows/fifo/gnuram_async_fifo.xpm_fifo_base_inst/gen_sdpram.xpm_memory_base_inst/gen_wr_a.gen_word_narrow.mem_reg/CLKARDCLK","cfo/windows/fast_header_reg[8]/D","1.574","0"
"clk500","0.361","2.000","sfo/residual_estimator/front_stage/main/service/u_xfft/U0/i_synth/axi_wrapper/data_out_channel/gen_real_time.data_out_reg[7]/C","sfo/residual_estimator/front_stage/main/service/u_egress_fifo/gnuram_async_fifo.xpm_fifo_base_inst/gen_sdpram.xpm_memory_base_inst/gen_wr_a.gen_word_narrow.mem_reg_bram_0/DINADIN[6]","1.371","0"
"clk500","0.361","2.000","sfo/residual_estimator/aux_service/u_xfft/U0/i_synth/xfft_inst/non_floating_point.arch_d.xfft_inst/has_bit_reverse.natural_order_address_muxing.muxed_reorder_read_addr_reg[11]/C","sfo/residual_estimator/aux_service/u_xfft/U0/i_synth/xfft_inst/non_floating_point.arch_d.xfft_inst/has_bit_reverse.dig_rev_mem/blk_ram.use_bram_only.mem/depth_14.need_extra_rams.extra_ram_loop[0].use_RAMB18.SDP_RAMB18_1x16384/ADDRBWRADDR[11]","1.357","0"
"clk500","0.361","2.000","sfo/residual_estimator/aux_service/u_xfft/U0/i_synth/xfft_inst/non_floating_point.arch_d.xfft_inst/has_bit_reverse.natural_order_address_muxing.muxed_reorder_read_addr_reg[4]/C","sfo/residual_estimator/aux_service/u_xfft/U0/i_synth/xfft_inst/non_floating_point.arch_d.xfft_inst/has_bit_reverse.dig_rev_mem/blk_ram.use_bram_only.mem/depth_14.need_extra_rams.extra_ram_loop[4].use_RAMB18.SDP_RAMB18_1x16384/ADDRBWRADDR[4]","1.254","0"
"clk500","0.361","2.000","cfo/observation_front/state_reg[0]/C","cfo/estimator/mailbox_data_reg[157]/CE","1.536","3"
"clk500","0.361","2.000","cfo/observation_front/state_reg[0]/C","cfo/estimator/mailbox_data_reg[165]/CE","1.536","3"
"clk500","0.361","2.000","cfo/observation_front/state_reg[0]/C","cfo/estimator/mailbox_data_reg[49]/CE","1.536","3"
"clk500","0.361","2.000","cfo/observation_front/state_reg[0]/C","cfo/estimator/mailbox_data_reg[51]/CE","1.536","3"
"clk500","0.361","2.000","sfo/residual_estimator/aux_service/u_xfft/U0/i_synth/xfft_inst/non_floating_point.arch_d.xfft_inst/timing_cnts_has_nfft.run_time_sel_reg[3]/C","sfo/residual_estimator/aux_service/u_xfft/U0/i_synth/xfft_inst/non_floating_point.arch_d.xfft_inst/pe_gen[3].natural_order_input.PE/addr_select.bf1_addr_mux_gen[4].reg/D","1.622","1"
"clk500","0.362","2.000","sfo/residual_estimator/aux_service/u_xfft/U0/i_synth/xfft_inst/non_floating_point.arch_d.xfft_inst/has_bit_reverse.natural_order_address_muxing.muxed_reorder_read_addr_reg[6]/C","sfo/residual_estimator/aux_service/u_xfft/U0/i_synth/xfft_inst/non_floating_point.arch_d.xfft_inst/has_bit_reverse.dig_rev_mem/blk_ram.use_bram_only.mem/depth_14.need_extra_rams.extra_ram_loop[4].use_RAMB18.SDP_RAMB18_1x16384/ADDRBWRADDR[6]","1.328","0"
"clk500","0.362","2.000","cfo/windows/packed_windows/fifo/gnuram_async_fifo.xpm_fifo_base_inst/gen_sdpram.xpm_memory_base_inst/gen_wr_a.gen_word_narrow.mem_reg_bram_13/CLKBWRCLK","cfo/windows/packed_tail_reg[115]/D","1.572","0"
"clk500","0.362","2.000","sfo/residual_estimator/front_stage/main/service/u_xfft/U0/i_synth/xfft_inst/non_floating_point.arch_d.xfft_inst/has_bit_reverse.dig_rev_mem/blk_ram.use_bram_only.mem/depth_11.ram_loop[0].use_RAMB18.SDP_RAMB18_9x2048/CLKBWRCLK","sfo/residual_estimator/front_stage/main/service/u_xfft/U0/i_synth/xfft_inst/non_floating_point.arch_d.xfft_inst/has_bit_reverse.pe_natural_out_reg[3]/D","1.573","0"
"clk500","0.362","2.000","sfo/residual_estimator/front_stage/main/service/u_xfft/U0/i_synth/xfft_inst/non_floating_point.arch_d.xfft_inst/pe_gen[0].natural_order_input.PE/FB_1.BF_1/BTFLY0/logic_bfly_byp.add_i/adder/i_baseblox.i_baseblox_addsub/no_pipelining.the_addsub/i_lut6.i_lut6_addsub/i_q.i_simple.qreg/i_no_async_controls.output_reg[11]/C","sfo/residual_estimator/front_stage/main/service/u_xfft/U0/i_synth/xfft_inst/non_floating_point.arch_d.xfft_inst/pe_gen[0].natural_order_input.PE/hasbf2.FB_2.BF_2/twos_cmp.REG_lower_im/no_sclr_lut.depth1_shift_ram.without_sclr.Qsr_reg[10]/D","1.619","0"
"clk500","0.362","2.000","sfo/residual_estimator/aux_service/u_xfft/U0/i_synth/axi_wrapper/reset_pipe_reg[1]/C","sfo/residual_estimator/aux_service/u_xfft/U0/i_synth/axi_wrapper/blk_event_tlast_missing.event_tlast_missing_reg/R","1.521","0"
"clk500","0.362","2.000","sfo/residual_estimator/aux_service/u_xfft/U0/i_synth/axi_wrapper/reset_pipe_reg[1]/C","sfo/residual_estimator/aux_service/u_xfft/U0/i_synth/axi_wrapper/blk_event_tlast_unexpected.events_to_transfer_reg[0]/R","1.521","0"
"clk500","0.362","2.000","sfo/residual_estimator/aux_service/u_xfft/U0/i_synth/axi_wrapper/reset_pipe_reg[1]/C","sfo/residual_estimator/aux_service/u_xfft/U0/i_synth/axi_wrapper/blk_event_tlast_unexpected.events_to_transfer_reg[1]/R","1.521","0"
"clk500","0.362","2.000","sfo/residual_estimator/aux_service/u_xfft/U0/i_synth/xfft_inst/non_floating_point.arch_d.xfft_inst/has_bit_reverse.no_cp.muxed_reorder_write_addr_del_reg[9]/C","sfo/residual_estimator/aux_service/u_xfft/U0/i_synth/xfft_inst/non_floating_point.arch_d.xfft_inst/has_bit_reverse.dig_rev_mem/blk_ram.use_bram_only.mem/depth_14.main_ram_loop[1].use_RAMB18.ram_2k_loop[6].SDP_RAMB18_9x2048/ADDRARDADDR[12]","1.342","0"
"clk500","0.363","2.000","cfo/windows/poison_sync/syncstages_ff_reg[3]/C","cfo/windows/sample_index_reg[1]/D","1.620","4"
"clk500","0.363","2.000","cfo/observation_front/state_reg[0]/C","cfo/estimator/mailbox_data_reg[12]/CE","1.534","3"
"clk500","0.363","2.000","cfo/observation_front/state_reg[0]/C","cfo/estimator/mailbox_data_reg[144]/CE","1.534","3"
"clk500","0.363","2.000","cfo/observation_front/state_reg[0]/C","cfo/estimator/mailbox_data_reg[163]/CE","1.534","3"
"clk500","0.363","2.000","cfo/observation_front/state_reg[0]/C","cfo/estimator/mailbox_data_reg[48]/CE","1.534","3"
"clk500","0.363","2.000","cfo/observation_front/state_reg[0]/C","cfo/estimator/mailbox_data_reg[50]/CE","1.534","3"
"clk500","0.363","2.000","sfo/residual_estimator/aux_service/u_xfft/U0/i_synth/xfft_inst/non_floating_point.arch_d.xfft_inst/has_bit_reverse.no_cp.muxed_reorder_write_addr_del_reg[9]/C","sfo/residual_estimator/aux_service/u_xfft/U0/i_synth/xfft_inst/non_floating_point.arch_d.xfft_inst/has_bit_reverse.dig_rev_mem/blk_ram.use_bram_only.mem/depth_14.main_ram_loop[0].use_RAMB18.ram_2k_loop[1].SDP_RAMB18_9x2048/ADDRARDADDR[12]","1.341","0"
"clk500","0.364","2.000","cfo/observation_front/coefficient_row_reg[5]/C","cfo/observation_front/coefficient_page0_data_reg_0_1/ADDRARDADDR[5]","1.258","0"
"clk500","0.364","2.000","cfo/observation_front/coefficient_row_reg[9]/C","cfo/observation_front/coefficient_page0_data_reg_0_0/ADDRARDADDR[9]","1.333","0"
"clk500","0.364","2.000","cfo/observation_front/fft_core/tag_reg[1][bank_a]/C","cfo/observation_front/fft_core/pr4_reg/DSP_A_B_DATA_INST/A[2]","1.344","1"
"clk500","0.364","2.000","sfo/residual_estimator/aux_service/u_xfft/U0/i_synth/xfft_inst/non_floating_point.arch_d.xfft_inst/has_bit_reverse.natural_order_address_muxing.muxed_reorder_read_addr_reg[12]/C","sfo/residual_estimator/aux_service/u_xfft/U0/i_synth/xfft_inst/non_floating_point.arch_d.xfft_inst/has_bit_reverse.dig_rev_mem/blk_ram.use_bram_only.mem/depth_14.need_extra_rams.extra_ram_loop[0].use_RAMB18.SDP_RAMB18_1x16384/ADDRBWRADDR[12]","1.345","0"
"clk500","0.365","2.000","cfo/windows/complete_windows/fifo/gnuram_async_fifo.xpm_fifo_base_inst/gen_fwft.gdvld_fwft.data_valid_fwft_reg/C","cfo/windows/fast_header_reg[11]/CE","1.530","2"
"clk500","0.365","2.000","cfo/windows/complete_windows/fifo/gnuram_async_fifo.xpm_fifo_base_inst/gen_fwft.gdvld_fwft.data_valid_fwft_reg/C","cfo/windows/fast_header_reg[20]/CE","1.530","2"
"clk500","0.365","2.000","cfo/windows/complete_windows/fifo/gnuram_async_fifo.xpm_fifo_base_inst/gen_fwft.gdvld_fwft.data_valid_fwft_reg/C","cfo/windows/fast_header_reg[37]/CE","1.530","2"
"clk500","0.365","2.000","cfo/windows/complete_windows/fifo/gnuram_async_fifo.xpm_fifo_base_inst/gen_fwft.gdvld_fwft.data_valid_fwft_reg/C","cfo/windows/fast_header_reg[5]/CE","1.530","2"
"clk500","0.365","2.000","cfo/observation_front/fft_core/v_reg[7]/C","cfo/observation_front/fft_core/bi8_reg[3]/CE","1.530","0"
"clk500","0.365","2.000","cfo/windows/complete_windows/fifo/gnuram_async_fifo.xpm_fifo_base_inst/gen_fwft.gdvld_fwft.data_valid_fwft_reg/C","cfo/windows/fast_header_reg[17]/CE","1.531","2"
"clk500","0.365","2.000","cfo/windows/complete_windows/fifo/gnuram_async_fifo.xpm_fifo_base_inst/gen_fwft.gdvld_fwft.data_valid_fwft_reg/C","cfo/windows/fast_header_reg[27]/CE","1.531","2"
"clk500","0.365","2.000","cfo/windows/complete_windows/fifo/gnuram_async_fifo.xpm_fifo_base_inst/gen_fwft.gdvld_fwft.data_valid_fwft_reg/C","cfo/windows/fast_header_reg[56]/CE","1.531","2"
"clk500","0.365","2.000","cfo/windows/complete_windows/fifo/gnuram_async_fifo.xpm_fifo_base_inst/gen_fwft.gdvld_fwft.data_valid_fwft_reg/C","cfo/windows/fast_header_reg[63]/CE","1.531","2"
"clk500","0.366","2.000","cfo/observation_front/fft_core/v_reg[7]/C","cfo/observation_front/fft_core/bi8_reg[2]/CE","1.529","0"
"clk500","0.366","2.000","cfo/observation_front/fft_core/output_valid_reg/C","cfo/observation_front/m_generation_reg[12]/CE","1.529","2"
"clk500","0.366","2.000","cfo/observation_front/fft_core/output_valid_reg/C","cfo/observation_front/m_generation_reg[20]/CE","1.529","2"
"clk500","0.366","2.000","cfo/observation_front/fft_core/output_valid_reg/C","cfo/observation_front/m_generation_reg[4]/CE","1.529","2"
"clk500","0.366","2.000","cfo/observation_front/fft_core/output_valid_reg/C","cfo/observation_front/m_generation_reg[8]/CE","1.529","2"
"clk500","0.366","2.000","sfo/residual_estimator/aux_service/u_xfft/U0/i_synth/xfft_inst/non_floating_point.arch_d.xfft_inst/pe_gen[0].natural_order_input.PE/FB_1.BF_1/wr_addr_del/no_sclr_lut.real_shift_ram.use_baseblock.use_hlutnm_srls.srl_loop[5].i_fdre0/C","sfo/residual_estimator/aux_service/u_xfft/U0/i_synth/xfft_inst/non_floating_point.arch_d.xfft_inst/pe_gen[0].natural_order_input.PE/FB_1.BF_1/MEM/blk_ram.use_bram_only.mem/depth_13_s6_depth_12.main_ram_loop[2].use_RAMB18.ram_2k_loop[1].SDP_RAMB18_9x2048/ADDRARDADDR[13]","1.340","0"
"clk500","0.366","2.000","sfo/residual_estimator/aux_service/u_xfft/U0/i_synth/xfft_inst/non_floating_point.arch_d.xfft_inst/pe_gen[4].natural_order_input.PE/FB_1.BF_1/yes_nfft.bypass_reg/no_sclr_lut.real_shift_ram.use_baseblock.not_use_hlutnm_srls.i_shift_ram/i_bb_inst/f0.srl_sig_reg[1][0]/C","sfo/residual_estimator/aux_service/u_xfft/U0/i_synth/xfft_inst/non_floating_point.arch_d.xfft_inst/pe_gen[4].natural_order_input.PE/FB_1.BF_1/BTFLY0/logic_bfly_byp.sub_r/sub/i_baseblox.i_baseblox_addsub/no_pipelining.the_addsub/i_lut6.i_lut6_addsub/i_q.i_simple.qreg/i_no_async_controls.output_reg[17]/D","1.614","4"
"clk500","0.366","2.000","cfo/observation_front/fft_core/output_valid_reg/C","cfo/observation_front/m_generation_reg[10]/CE","1.530","2"
"clk500","0.366","2.000","cfo/observation_front/fft_core/output_valid_reg/C","cfo/observation_front/m_generation_reg[16]/CE","1.530","2"
"clk500","0.366","2.000","cfo/observation_front/fft_core/output_valid_reg/C","cfo/observation_front/m_generation_reg[18]/CE","1.530","2"
"clk500","0.366","2.000","cfo/observation_front/fft_core/output_valid_reg/C","cfo/observation_front/m_generation_reg[19]/CE","1.530","2"
"clk500","0.366","2.000","cfo/observation_front/fft_core/output_valid_reg/C","cfo/observation_front/m_generation_reg[5]/CE","1.530","2"
"clk500","0.366","2.000","cfo/observation_front/fft_core/output_valid_reg/C","cfo/observation_front/m_generation_reg[6]/CE","1.530","2"
"clk500","0.366","2.000","cfo/observation_front/fft_core/output_valid_reg/C","cfo/observation_front/m_generation_reg[9]/CE","1.530","2"
"clk500","0.366","2.000","sfo/residual_estimator/aux_service/u_xfft/U0/i_synth/axi_wrapper/gen_has_nfft.nfft_we_int_reg/C","sfo/residual_estimator/aux_service/u_xfft/U0/i_synth/xfft_inst/non_floating_point.arch_d.xfft_inst/has_bit_reverse.pe_natural_out_reg[13]/R","1.515","1"
"clk500","0.366","2.000","sfo/residual_estimator/aux_service/u_xfft/U0/i_synth/axi_wrapper/gen_has_nfft.nfft_we_int_reg/C","sfo/residual_estimator/aux_service/u_xfft/U0/i_synth/xfft_inst/non_floating_point.arch_d.xfft_inst/has_bit_reverse.pe_natural_out_reg[17]/R","1.515","1"
"clk500","0.366","2.000","sfo/residual_estimator/aux_service/u_xfft/U0/i_synth/xfft_inst/non_floating_point.arch_d.xfft_inst/pe_gen[0].natural_order_input.PE/has_addr_gen.bf2_addr_gen/cnt/cnt_addsub/i_baseblox.i_baseblox_addsub/no_pipelining.the_addsub/i_lut6.i_lut6_addsub/i_q.i_simple.qreg/i_no_async_controls.output_reg[7]/C","sfo/residual_estimator/aux_service/u_xfft/U0/i_synth/xfft_inst/non_floating_point.arch_d.xfft_inst/pe_gen[0].natural_order_input.PE/FB_1.BF_1/MEM/blk_ram.use_bram_only.mem/depth_13_s6_depth_12.need_extra_rams.extra_ram_loop[1].use_RAMB18.SDP_RAMB18_2x8192/ADDRBWRADDR[7]","1.319","0"
"clk500","0.366","2.000","cfo/observation_front/state_reg[0]/C","cfo/estimator/mailbox_data_reg[100]/CE","1.531","3"
"clk500","0.366","2.000","cfo/observation_front/state_reg[0]/C","cfo/estimator/mailbox_data_reg[102]/CE","1.531","3"
"clk500","0.366","2.000","cfo/observation_front/state_reg[0]/C","cfo/estimator/mailbox_data_reg[104]/CE","1.531","3"
"clk500","0.366","2.000","cfo/observation_front/state_reg[0]/C","cfo/estimator/mailbox_data_reg[133]/CE","1.531","3"
"clk500","0.366","2.000","cfo/observation_front/state_reg[0]/C","cfo/estimator/mailbox_data_reg[159]/CE","1.531","3"
"clk500","0.366","2.000","cfo/observation_front/state_reg[0]/C","cfo/estimator/mailbox_data_reg[29]/CE","1.531","3"
"clk500","0.366","2.000","cfo/observation_front/state_reg[0]/C","cfo/estimator/mailbox_data_reg[31]/CE","1.531","3"
"clk500","0.366","2.000","cfo/observation_front/state_reg[0]/C","cfo/estimator/mailbox_data_reg[33]/CE","1.531","3"
"clk500","0.366","2.000","sfo/residual_estimator/aux_service/u_xfft/U0/i_synth/xfft_inst/non_floating_point.arch_d.xfft_inst/timing_cnts_has_nfft.duplicate_regs[3].other.nfft_regs[0].nfft_regs_fde/C","sfo/residual_estimator/aux_service/u_xfft/U0/i_synth/xfft_inst/non_floating_point.arch_d.xfft_inst/pe_gen[3].natural_order_input.PE/hasbf2.FB_2.BF_2/MEM/dist_ram.srlram.ram/var_length.shift_ram/i_bb_inst/gen_output_regs.output_regs/i_no_async_controls.output_reg[20]/D","1.616","2"
"clk500","0.367","2.000","sfo/residual_estimator/aux_service/u_xfft/U0/i_synth/xfft_inst/non_floating_point.arch_d.xfft_inst/has_bit_reverse.no_cp.muxed_reorder_write_addr_del_reg[3]/C","sfo/residual_estimator/aux_service/u_xfft/U0/i_synth/xfft_inst/non_floating_point.arch_d.xfft_inst/has_bit_reverse.dig_rev_mem/blk_ram.use_bram_only.mem/depth_14.need_extra_rams.extra_ram_loop[0].use_RAMB18.SDP_RAMB18_1x16384/ADDRARDADDR[3]","1.289","0"
"clk500","0.367","2.000","cfo/observation_front/fft_core/stage_index_reg[0]/C","cfo/observation_front/fft_core/half_span_reg[1]/CE","1.528","2"
"clk500","0.367","2.000","cfo/observation_front/fft_core/stage_index_reg[0]/C","cfo/observation_front/fft_core/half_span_reg[2]/CE","1.528","2"
"clk500","0.367","2.000","cfo/observation_front/fft_core/stage_index_reg[0]/C","cfo/observation_front/fft_core/half_span_reg[9]/CE","1.528","2"
"clk500","0.367","2.000","sfo/residual_estimator/aux_service/u_xfft/U0/i_synth/axi_wrapper/gen_has_nfft.nfft_we_int_reg/C","sfo/residual_estimator/aux_service/u_xfft/U0/i_synth/xfft_inst/non_floating_point.arch_d.xfft_inst/has_bit_reverse.pe_natural_out_reg[14]/R","1.514","1"
"clk500","0.367","2.000","sfo/residual_estimator/aux_service/u_xfft/U0/i_synth/axi_wrapper/gen_has_nfft.nfft_we_int_reg/C","sfo/residual_estimator/aux_service/u_xfft/U0/i_synth/xfft_inst/non_floating_point.arch_d.xfft_inst/has_bit_reverse.pe_natural_out_reg[15]/R","1.514","1"
"clk500","0.367","2.000","sfo/residual_estimator/aux_service/u_xfft/U0/i_synth/xfft_inst/non_floating_point.arch_d.xfft_inst/pe_gen[0].natural_order_input.PE/FB_1.BF_1/yes_nfft.bypass_reg/no_sclr_lut.real_shift_ram.use_baseblock.not_use_hlutnm_srls.i_shift_ram/i_bb_inst/f0.srl_sig_reg[1][0]/C","sfo/residual_estimator/aux_service/u_xfft/U0/i_synth/xfft_inst/non_floating_point.arch_d.xfft_inst/pe_gen[0].natural_order_input.PE/FB_1.BF_1/BTFLY0/logic_bfly_byp.add_i/adder/i_baseblox.i_baseblox_addsub/no_pipelining.the_addsub/i_lut6.i_lut6_addsub/i_q.i_simple.qreg/i_no_async_controls.output_reg[11]/D","1.613","3"
"clk500","0.367","2.000","sfo/residual_estimator/aux_service/u_xfft/U0/i_synth/xfft_inst/non_floating_point.arch_d.xfft_inst/pe_gen[0].natural_order_input.PE/has_addr_gen.bf2_addr_gen/cnt/cnt_addsub/i_baseblox.i_baseblox_addsub/no_pipelining.the_addsub/i_lut6.i_lut6_addsub/i_q.i_simple.qreg/i_no_async_controls.output_reg[11]/C","sfo/residual_estimator/aux_service/u_xfft/U0/i_synth/xfft_inst/non_floating_point.arch_d.xfft_inst/pe_gen[0].natural_order_input.PE/FB_1.BF_1/MEM/blk_ram.use_bram_only.mem/depth_13_s6_depth_12.main_ram_loop[1].use_RAMB18.ram_2k_loop[2].SDP_RAMB18_9x2048/ADDRBWRADDR[13]","1.279","0"
"clk500","0.367","2.000","sfo/residual_estimator/front_stage/main/service/u_xfft/U0/i_synth/xfft_inst/non_floating_point.arch_d.xfft_inst/has_bit_reverse.dig_rev_mem/blk_ram.use_bram_only.mem/depth_11.ram_loop[3].use_RAMB18.SDP_RAMB18_9x2048/CLKBWRCLK","sfo/residual_estimator/front_stage/main/service/u_xfft/U0/i_synth/xfft_inst/non_floating_point.arch_d.xfft_inst/has_bit_reverse.pe_natural_out_reg[28]/D","1.568","0"
"clk500","0.368","2.000","cfo/windows/packed_windows/fifo/gnuram_async_fifo.xpm_fifo_base_inst/gen_sdpram.xpm_memory_base_inst/gen_wr_a.gen_word_narrow.mem_reg_bram_3/CLKBWRCLK","cfo/windows/packed_tail_reg[15]/D","1.566","0"
"clk500","0.368","2.000","cfo/observation_front/fft_core/state_reg[1]/C","cfo/observation_front/fft_core/tag_reg[8][bf][9]/CE","1.529","1"
"clk500","0.368","2.000","sfo/residual_estimator/aux_service/u_xfft/U0/i_synth/xfft_inst/non_floating_point.arch_d.xfft_inst/pe_gen[0].natural_order_input.PE/has_addr_gen.bf2_addr_gen/cnt/cnt_addsub/i_baseblox.i_baseblox_addsub/no_pipelining.the_addsub/i_lut6.i_lut6_addsub/i_q.i_simple.qreg/i_no_async_controls.output_reg[6]/C","sfo/residual_estimator/aux_service/u_xfft/U0/i_synth/xfft_inst/non_floating_point.arch_d.xfft_inst/pe_gen[0].natural_order_input.PE/FB_1.BF_1/MEM/blk_ram.use_bram_only.mem/depth_13_s6_depth_12.main_ram_loop[2].use_RAMB18.ram_2k_loop[1].SDP_RAMB18_9x2048/ADDRBWRADDR[8]","1.322","0"
"clk500","0.368","2.000","sfo/residual_estimator/front_stage/main/service/u_xfft/U0/i_synth/xfft_inst/non_floating_point.arch_d.xfft_inst/has_bit_reverse.natural_order_address_muxing.muxed_reorder_read_addr_reg[1]/C","sfo/residual_estimator/front_stage/main/service/u_xfft/U0/i_synth/xfft_inst/non_floating_point.arch_d.xfft_inst/has_bit_reverse.dig_rev_mem/blk_ram.use_bram_only.mem/depth_11.ram_loop[2].use_RAMB18.SDP_RAMB18_9x2048/ADDRBWRADDR[4]","1.247","0"
"clk500","0.368","2.000","cfo/observation_front/state_reg[0]/C","cfo/estimator/mailbox_data_reg[0]/CE","1.529","3"
"clk500","0.368","2.000","cfo/observation_front/state_reg[0]/C","cfo/estimator/mailbox_data_reg[101]/CE","1.529","3"
"clk500","0.368","2.000","cfo/observation_front/state_reg[0]/C","cfo/estimator/mailbox_data_reg[103]/CE","1.529","3"
"clk500","0.368","2.000","cfo/observation_front/state_reg[0]/C","cfo/estimator/mailbox_data_reg[106]/CE","1.529","3"
"clk500","0.368","2.000","cfo/observation_front/state_reg[0]/C","cfo/estimator/mailbox_data_reg[155]/CE","1.529","3"
"clk500","0.368","2.000","cfo/observation_front/state_reg[0]/C","cfo/estimator/mailbox_data_reg[28]/CE","1.529","3"
"clk500","0.368","2.000","cfo/observation_front/state_reg[0]/C","cfo/estimator/mailbox_data_reg[30]/CE","1.529","3"
"clk500","0.368","2.000","cfo/observation_front/state_reg[0]/C","cfo/estimator/mailbox_data_reg[32]/CE","1.529","3"
"clk500","0.368","2.000","sfo/residual_estimator/front_stage/main/service/u_xfft/U0/i_synth/xfft_inst/non_floating_point.arch_d.xfft_inst/has_bit_reverse.natural_order_address_muxing.muxed_reorder_read_addr_reg[4]/C","sfo/residual_estimator/front_stage/main/service/u_xfft/U0/i_synth/xfft_inst/non_floating_point.arch_d.xfft_inst/has_bit_reverse.dig_rev_mem/blk_ram.use_bram_only.mem/depth_11.ram_loop[0].use_RAMB18.SDP_RAMB18_9x2048/ADDRBWRADDR[7]","1.319","0"
"clk500","0.368","2.000","cfo/estimator/reset_fast_sync/arststages_ff_reg[3]/C","cfo/observation_front/pilot_count_reg[2]/R","1.516","2"
"clk500","0.368","2.000","cfo/estimator/reset_fast_sync/arststages_ff_reg[3]/C","cfo/observation_front/pilot_count_reg[5]/R","1.516","2"
"clk500","0.369","2.000","sfo/residual_estimator/aux_service/u_xfft/U0/i_synth/xfft_inst/non_floating_point.arch_d.xfft_inst/pe_gen[0].natural_order_input.PE/FB_1.BF_1/wr_addr_del/no_sclr_lut.real_shift_ram.use_baseblock.use_hlutnm_srls.srl_loop[2].i_fdre0/C","sfo/residual_estimator/aux_service/u_xfft/U0/i_synth/xfft_inst/non_floating_point.arch_d.xfft_inst/pe_gen[0].natural_order_input.PE/FB_1.BF_1/MEM/blk_ram.use_bram_only.mem/depth_13_s6_depth_12.main_ram_loop[0].use_RAMB18.ram_2k_loop[1].SDP_RAMB18_9x2048/ADDRARDADDR[7]","1.327","0"
"clk500","0.369","2.000","cfo/estimator/observation_fifo/gnuram_async_fifo.xpm_fifo_base_inst/gen_pf_ic_rc.ngen_full_rst_val.ram_full_i_reg/C","cfo/estimator/observation_fifo/gnuram_async_fifo.xpm_fifo_base_inst/gen_sdpram.xpm_memory_base_inst/gen_wr_a.gen_word_narrow.mem_reg_0_15_56_69/RAMA/WE","1.431","2"
"clk500","0.369","2.000","cfo/estimator/observation_fifo/gnuram_async_fifo.xpm_fifo_base_inst/gen_pf_ic_rc.ngen_full_rst_val.ram_full_i_reg/C","cfo/estimator/observation_fifo/gnuram_async_fifo.xpm_fifo_base_inst/gen_sdpram.xpm_memory_base_inst/gen_wr_a.gen_word_narrow.mem_reg_0_15_56_69/RAMA_D1/WE","1.431","2"
"clk500","0.369","2.000","cfo/estimator/observation_fifo/gnuram_async_fifo.xpm_fifo_base_inst/gen_pf_ic_rc.ngen_full_rst_val.ram_full_i_reg/C","cfo/estimator/observation_fifo/gnuram_async_fifo.xpm_fifo_base_inst/gen_sdpram.xpm_memory_base_inst/gen_wr_a.gen_word_narrow.mem_reg_0_15_56_69/RAMB/WE","1.431","2"
"clk500","0.369","2.000","cfo/estimator/observation_fifo/gnuram_async_fifo.xpm_fifo_base_inst/gen_pf_ic_rc.ngen_full_rst_val.ram_full_i_reg/C","cfo/estimator/observation_fifo/gnuram_async_fifo.xpm_fifo_base_inst/gen_sdpram.xpm_memory_base_inst/gen_wr_a.gen_word_narrow.mem_reg_0_15_56_69/RAMB_D1/WE","1.431","2"
"clk500","0.369","2.000","cfo/estimator/observation_fifo/gnuram_async_fifo.xpm_fifo_base_inst/gen_pf_ic_rc.ngen_full_rst_val.ram_full_i_reg/C","cfo/estimator/observation_fifo/gnuram_async_fifo.xpm_fifo_base_inst/gen_sdpram.xpm_memory_base_inst/gen_wr_a.gen_word_narrow.mem_reg_0_15_56_69/RAMC/WE","1.431","2"
"clk500","0.369","2.000","cfo/estimator/observation_fifo/gnuram_async_fifo.xpm_fifo_base_inst/gen_pf_ic_rc.ngen_full_rst_val.ram_full_i_reg/C","cfo/estimator/observation_fifo/gnuram_async_fifo.xpm_fifo_base_inst/gen_sdpram.xpm_memory_base_inst/gen_wr_a.gen_word_narrow.mem_reg_0_15_56_69/RAMC_D1/WE","1.431","2"
"clk500","0.369","2.000","cfo/estimator/observation_fifo/gnuram_async_fifo.xpm_fifo_base_inst/gen_pf_ic_rc.ngen_full_rst_val.ram_full_i_reg/C","cfo/estimator/observation_fifo/gnuram_async_fifo.xpm_fifo_base_inst/gen_sdpram.xpm_memory_base_inst/gen_wr_a.gen_word_narrow.mem_reg_0_15_56_69/RAMD/WE","1.431","2"
"clk500","0.369","2.000","cfo/estimator/observation_fifo/gnuram_async_fifo.xpm_fifo_base_inst/gen_pf_ic_rc.ngen_full_rst_val.ram_full_i_reg/C","cfo/estimator/observation_fifo/gnuram_async_fifo.xpm_fifo_base_inst/gen_sdpram.xpm_memory_base_inst/gen_wr_a.gen_word_narrow.mem_reg_0_15_56_69/RAMD_D1/WE","1.431","2"
"clk500","0.369","2.000","cfo/estimator/observation_fifo/gnuram_async_fifo.xpm_fifo_base_inst/gen_pf_ic_rc.ngen_full_rst_val.ram_full_i_reg/C","cfo/estimator/observation_fifo/gnuram_async_fifo.xpm_fifo_base_inst/gen_sdpram.xpm_memory_base_inst/gen_wr_a.gen_word_narrow.mem_reg_0_15_56_69/RAME/WE","1.431","2"
"clk500","0.369","2.000","cfo/estimator/observation_fifo/gnuram_async_fifo.xpm_fifo_base_inst/gen_pf_ic_rc.ngen_full_rst_val.ram_full_i_reg/C","cfo/estimator/observation_fifo/gnuram_async_fifo.xpm_fifo_base_inst/gen_sdpram.xpm_memory_base_inst/gen_wr_a.gen_word_narrow.mem_reg_0_15_56_69/RAME_D1/WE","1.431","2"
"clk500","0.369","2.000","cfo/estimator/observation_fifo/gnuram_async_fifo.xpm_fifo_base_inst/gen_pf_ic_rc.ngen_full_rst_val.ram_full_i_reg/C","cfo/estimator/observation_fifo/gnuram_async_fifo.xpm_fifo_base_inst/gen_sdpram.xpm_memory_base_inst/gen_wr_a.gen_word_narrow.mem_reg_0_15_56_69/RAMF/WE","1.431","2"
"clk500","0.369","2.000","cfo/estimator/observation_fifo/gnuram_async_fifo.xpm_fifo_base_inst/gen_pf_ic_rc.ngen_full_rst_val.ram_full_i_reg/C","cfo/estimator/observation_fifo/gnuram_async_fifo.xpm_fifo_base_inst/gen_sdpram.xpm_memory_base_inst/gen_wr_a.gen_word_narrow.mem_reg_0_15_56_69/RAMF_D1/WE","1.431","2"
"clk500","0.369","2.000","cfo/estimator/observation_fifo/gnuram_async_fifo.xpm_fifo_base_inst/gen_pf_ic_rc.ngen_full_rst_val.ram_full_i_reg/C","cfo/estimator/observation_fifo/gnuram_async_fifo.xpm_fifo_base_inst/gen_sdpram.xpm_memory_base_inst/gen_wr_a.gen_word_narrow.mem_reg_0_15_56_69/RAMG/WE","1.431","2"
"clk500","0.369","2.000","cfo/estimator/observation_fifo/gnuram_async_fifo.xpm_fifo_base_inst/gen_pf_ic_rc.ngen_full_rst_val.ram_full_i_reg/C","cfo/estimator/observation_fifo/gnuram_async_fifo.xpm_fifo_base_inst/gen_sdpram.xpm_memory_base_inst/gen_wr_a.gen_word_narrow.mem_reg_0_15_56_69/RAMG_D1/WE","1.431","2"
"clk500","0.369","2.000","cfo/estimator/observation_fifo/gnuram_async_fifo.xpm_fifo_base_inst/gen_pf_ic_rc.ngen_full_rst_val.ram_full_i_reg/C","cfo/estimator/observation_fifo/gnuram_async_fifo.xpm_fifo_base_inst/gen_sdpram.xpm_memory_base_inst/gen_wr_a.gen_word_narrow.mem_reg_0_15_56_69/RAMH/WE","1.431","2"
"clk500","0.369","2.000","cfo/estimator/observation_fifo/gnuram_async_fifo.xpm_fifo_base_inst/gen_pf_ic_rc.ngen_full_rst_val.ram_full_i_reg/C","cfo/estimator/observation_fifo/gnuram_async_fifo.xpm_fifo_base_inst/gen_sdpram.xpm_memory_base_inst/gen_wr_a.gen_word_narrow.mem_reg_0_15_56_69/RAMH_D1/WE","1.431","2"
"clk500","0.369","2.000","cfo/observation_front/fft_core/stage_index_reg[0]/C","cfo/observation_front/fft_core/half_span_reg[5]/CE","1.526","2"
"clk500","0.369","2.000","cfo/windows/packed_windows/fifo/gnuram_async_fifo.xpm_fifo_base_inst/gen_sdpram.xpm_memory_base_inst/gen_wr_a.gen_word_narrow.mem_reg_bram_3/CLKBWRCLK","cfo/windows/packed_head_reg[14]/D","1.566","1"
"clk500","0.369","2.000","sfo/residual_estimator/aux_service/u_xfft/U0/i_synth/xfft_inst/non_floating_point.arch_d.xfft_inst/has_bit_reverse.no_cp.muxed_reorder_write_addr_del_reg[12]/C","sfo/residual_estimator/aux_service/u_xfft/U0/i_synth/xfft_inst/non_floating_point.arch_d.xfft_inst/has_bit_reverse.dig_rev_mem/blk_ram.use_bram_only.mem/depth_14.main_ram_loop[0].use_RAMB18.ram_2k_loop[3].SDP_RAMB18_9x2048/WEA[0]","1.214","1"
"clk500","0.369","2.000","cfo/observation_front/fft_core/m_error_reg[1]/C","cfo/observation_front/m_z_q_reg[0]/R","1.513","1"
"clk500","0.369","2.000","cfo/observation_front/fft_core/m_error_reg[1]/C","cfo/observation_front/m_z_q_reg[1]/R","1.513","1"
"clk500","0.369","2.000","cfo/observation_front/fft_core/m_error_reg[1]/C","cfo/observation_front/m_z_q_reg[2]/R","1.513","1"
"clk500","0.369","2.000","cfo/observation_front/fft_core/m_error_reg[1]/C","cfo/observation_front/m_z_q_reg[3]/R","1.513","1"
"clk500","0.369","2.000","cfo/windows/poison_sync/syncstages_ff_reg[3]/C","cfo/windows/sample_index_reg[4]/D","1.614","5"
"clk500","0.370","2.000","sfo/residual_estimator/aux_service/u_xfft/U0/i_synth/xfft_inst/non_floating_point.arch_d.xfft_inst/has_bit_reverse.no_cp.muxed_reorder_write_addr_del_reg[9]/C","sfo/residual_estimator/aux_service/u_xfft/U0/i_synth/xfft_inst/non_floating_point.arch_d.xfft_inst/has_bit_reverse.dig_rev_mem/blk_ram.use_bram_only.mem/depth_14.main_ram_loop[0].use_RAMB18.ram_2k_loop[5].SDP_RAMB18_9x2048/ADDRARDADDR[12]","1.351","0"
"clk500","0.370","2.000","cfo/observation_front/state_reg[0]/C","cfo/observation_front/fft_core/m_q_reg[4]/CE","1.527","2"
"clk500","0.370","2.000","cfo/observation_front/pr4_reg/DSP_OUTPUT_INST/CLK","cfo/observation_front/h_i5_reg[8]/D","1.580","5"
"clk500","0.370","2.000","sfo/residual_estimator/aux_service/u_xfft/U0/i_synth/axi_wrapper/reset_pipe_reg[1]/C","sfo/residual_estimator/aux_service/u_xfft/U0/i_synth/axi_wrapper/gen_event_fft_overflow.event_fft_overflow_reg/R","1.512","0"
"clk500","0.370","2.000","cfo/windows/complete_windows/fifo/gnuram_async_fifo.xpm_fifo_base_inst/gen_sdpram.xpm_memory_base_inst/gen_wr_a.gen_word_narrow.mem_reg/CLKARDCLK","cfo/windows/fast_header_reg[7]/D","1.565","0"
"clk500","0.370","2.000","sfo/residual_estimator/aux_service/u_xfft/U0/i_synth/xfft_inst/non_floating_point.arch_d.xfft_inst/pe_gen[0].natural_order_input.PE/has_addr_gen.bf2_addr_gen/cnt/cnt_addsub/i_baseblox.i_baseblox_addsub/no_pipelining.the_addsub/i_lut6.i_lut6_addsub/i_q.i_simple.qreg/i_no_async_controls.output_reg[11]/C","sfo/residual_estimator/aux_service/u_xfft/U0/i_synth/xfft_inst/non_floating_point.arch_d.xfft_inst/pe_gen[0].natural_order_input.PE/FB_1.BF_1/MEM/blk_ram.use_bram_only.mem/depth_13_s6_depth_12.main_ram_loop[2].use_RAMB18.ram_2k_loop[2].SDP_RAMB18_9x2048/ADDRBWRADDR[13]","1.305","0"
"clk500","0.371","2.000","sfo/residual_estimator/aux_service/u_xfft/U0/i_synth/xfft_inst/non_floating_point.arch_d.xfft_inst/input_delay_re/no_sclr_lut.real_shift_ram.use_baseblock.use_hlutnm_srls.srl_loop[7].i_fdre0/C","sfo/residual_estimator/aux_service/u_xfft/U0/i_synth/xfft_inst/non_floating_point.arch_d.xfft_inst/pe_gen[4].natural_order_input.PE/bypass_muxes.din_re_mux_gen[14].reg/D","1.609","1"
"clk500","0.371","2.000","sfo/residual_estimator/aux_service/u_xfft/U0/i_synth/xfft_inst/non_floating_point.arch_d.xfft_inst/timing_cnts_has_nfft.run_time_sel_reg[5]/C","sfo/residual_estimator/aux_service/u_xfft/U0/i_synth/xfft_inst/non_floating_point.arch_d.xfft_inst/pe_gen[5].natural_order_input.PE/bypass_muxes.din_im_mux_gen[12].reg/D","1.611","1"
"clk500","0.371","2.000","sfo/residual_estimator/aux_service/u_xfft/U0/i_synth/xfft_inst/non_floating_point.arch_d.xfft_inst/has_bit_reverse.natural_order_address_muxing.muxed_reorder_read_addr_reg[6]/C","sfo/residual_estimator/aux_service/u_xfft/U0/i_synth/xfft_inst/non_floating_point.arch_d.xfft_inst/has_bit_reverse.dig_rev_mem/blk_ram.use_bram_only.mem/depth_14.main_ram_loop[0].use_RAMB18.ram_2k_loop[3].SDP_RAMB18_9x2048/ADDRBWRADDR[9]","1.295","0"
"clk500","0.371","2.000","sfo/residual_estimator/aux_service/u_xfft/U0/i_synth/xfft_inst/non_floating_point.arch_d.xfft_inst/has_bit_reverse.natural_order_address_muxing.muxed_reorder_read_addr_reg[4]/C","sfo/residual_estimator/aux_service/u_xfft/U0/i_synth/xfft_inst/non_floating_point.arch_d.xfft_inst/has_bit_reverse.dig_rev_mem/blk_ram.use_bram_only.mem/depth_14.need_extra_rams.extra_ram_loop[2].use_RAMB18.SDP_RAMB18_1x16384/ADDRBWRADDR[4]","1.248","0"
"clk500","0.371","2.000","sfo/residual_estimator/aux_service/u_xfft/U0/i_synth/axi_wrapper/gen_has_nfft.nfft_we_int_reg/C","sfo/residual_estimator/aux_service/u_xfft/U0/i_synth/xfft_inst/non_floating_point.arch_d.xfft_inst/has_overflow.natural_ovflo.ovflo_bit_rev_reg/R","1.511","1"
"clk500","0.372","2.000","cfo/windows/complete_windows/fifo/gnuram_async_fifo.xpm_fifo_base_inst/gen_fwft.gdvld_fwft.data_valid_fwft_reg/C","cfo/windows/fast_header_reg[46]/CE","1.523","2"
"clk500","0.372","2.000","cfo/windows/complete_windows/fifo/gnuram_async_fifo.xpm_fifo_base_inst/gen_fwft.gdvld_fwft.data_valid_fwft_reg/C","cfo/windows/fast_header_reg[58]/CE","1.523","2"
"clk500","0.372","2.000","cfo/windows/packed_windows/fifo/gnuram_async_fifo.xpm_fifo_base_inst/rdp_inst/count_value_i_reg[1]/C","cfo/windows/packed_windows/fifo/gnuram_async_fifo.xpm_fifo_base_inst/gen_sdpram.xpm_memory_base_inst/gen_wr_a.gen_word_narrow.mem_reg_bram_1/ADDRBWRADDR[6]","1.318","0"
"clk500","0.372","2.000","sfo/initial_estimator/owner/fft/u_xfft/U0/i_synth/axi_wrapper/sclr_int_reg/C","sfo/initial_estimator/owner/fft/u_xfft/U0/i_synth/xfft_inst/non_floating_point.arch_d.xfft_inst/has_overflow.natural_ovflo.ovflo_bit_rev_reg/R","1.510","0"
"clk500","0.372","2.000","cfo/observation_front/fft_core/m_error_reg[1]/C","cfo/observation_front/m_z_q_reg[4]/R","1.510","1"
"clk500","0.372","2.000","cfo/observation_front/fft_core/m_error_reg[1]/C","cfo/observation_front/m_z_q_reg[5]/R","1.510","1"
"clk500","0.372","2.000","cfo/observation_front/fft_core/m_error_reg[1]/C","cfo/observation_front/m_z_q_reg[6]/R","1.510","1"
"clk500","0.372","2.000","cfo/observation_front/fft_core/m_error_reg[1]/C","cfo/observation_front/m_z_q_reg[7]/R","1.510","1"
"clk500","0.373","2.000","sfo/residual_estimator/aux_service/u_xfft/U0/i_synth/axi_wrapper/data_out_channel/gen_real_time.data_out_reg[6]/C","sfo/residual_estimator/aux_service/u_egress_fifo/gnuram_async_fifo.xpm_fifo_base_inst/gen_sdpram.xpm_memory_base_inst/gen_wr_a.gen_word_narrow.mem_reg_bram_0/DINADIN[5]","1.329","0"
"clk500","0.373","2.000","sfo/residual_estimator/aux_service/u_xfft/U0/i_synth/xfft_inst/non_floating_point.arch_d.xfft_inst/has_bit_reverse.pe_out_reg/no_sclr_lut.real_shift_ram.use_baseblock.use_hlutnm_srls.srl_loop[7].i_fdre0/C","sfo/residual_estimator/aux_service/u_xfft/U0/i_synth/xfft_inst/non_floating_point.arch_d.xfft_inst/has_bit_reverse.dig_rev_mem/blk_ram.use_bram_only.mem/depth_14.main_ram_loop[1].use_RAMB18.ram_2k_loop[3].SDP_RAMB18_9x2048/DINADIN[4]","1.344","0"
"clk500","0.373","2.000","sfo/residual_estimator/aux_service/u_xfft/U0/i_synth/xfft_inst/non_floating_point.arch_d.xfft_inst/pe_gen[0].natural_order_input.PE/has_addr_gen.bf2_addr_gen/cnt/cnt_addsub/i_baseblox.i_baseblox_addsub/no_pipelining.the_addsub/i_lut6.i_lut6_addsub/i_q.i_simple.qreg/i_no_async_controls.output_reg[3]/C","sfo/residual_estimator/aux_service/u_xfft/U0/i_synth/xfft_inst/non_floating_point.arch_d.xfft_inst/pe_gen[0].natural_order_input.PE/FB_1.BF_1/MEM/blk_ram.use_bram_only.mem/depth_13_s6_depth_12.main_ram_loop[1].use_RAMB18.ram_2k_loop[1].SDP_RAMB18_9x2048/ADDRBWRADDR[5]","1.315","0"
"clk500","0.373","2.000","sfo/residual_estimator/front_stage/main/service/u_xfft/U0/i_synth/xfft_inst/non_floating_point.arch_d.xfft_inst/has_bit_reverse.natural_order_address_muxing.muxed_reorder_read_addr_reg[8]/C","sfo/residual_estimator/front_stage/main/service/u_xfft/U0/i_synth/xfft_inst/non_floating_point.arch_d.xfft_inst/has_bit_reverse.dig_rev_mem/blk_ram.use_bram_only.mem/depth_11.ram_loop[0].use_RAMB18.SDP_RAMB18_9x2048/ADDRBWRADDR[11]","1.344","0"
"clk500","0.373","2.000","sfo/residual_estimator/front_stage/main/service/u_xfft/U0/i_synth/xfft_inst/non_floating_point.arch_d.xfft_inst/has_bit_reverse.dig_rev_mem/blk_ram.use_bram_only.mem/depth_11.ram_loop[0].use_RAMB18.SDP_RAMB18_9x2048/CLKBWRCLK","sfo/residual_estimator/front_stage/main/service/u_xfft/U0/i_synth/xfft_inst/non_floating_point.arch_d.xfft_inst/has_bit_reverse.pe_natural_out_reg[0]/D","1.562","0"
"clk500","0.374","2.000","sfo/residual_estimator/aux_service/u_xfft/U0/i_synth/xfft_inst/non_floating_point.arch_d.xfft_inst/pe_gen[0].natural_order_input.PE/FB_1.BF_1/wr_addr_del/no_sclr_lut.real_shift_ram.use_baseblock.use_hlutnm_srls.srl_loop[2].i_fdre0/C","sfo/residual_estimator/aux_service/u_xfft/U0/i_synth/xfft_inst/non_floating_point.arch_d.xfft_inst/pe_gen[0].natural_order_input.PE/FB_1.BF_1/MEM/blk_ram.use_bram_only.mem/depth_13_s6_depth_12.main_ram_loop[0].use_RAMB18.ram_2k_loop[0].SDP_RAMB18_9x2048/ADDRARDADDR[7]","1.322","0"
"clk500","0.374","2.000","cfo/observation_front/fft_core/v_reg[0]/C","cfo/observation_front/fft_core/pr4_reg/DSP_A_B_DATA_INST/CEB1","1.450","1"
"clk500","0.374","2.000","sfo/residual_estimator/aux_service/u_xfft/U0/i_synth/xfft_inst/non_floating_point.arch_d.xfft_inst/pe_gen[0].natural_order_input.PE/FB_1.BF_1/wr_addr_del/no_sclr_lut.real_shift_ram.use_baseblock.use_hlutnm_srls.srl_loop[3].i_fdre1/C","sfo/residual_estimator/aux_service/u_xfft/U0/i_synth/xfft_inst/non_floating_point.arch_d.xfft_inst/pe_gen[0].natural_order_input.PE/FB_1.BF_1/MEM/blk_ram.use_bram_only.mem/depth_13_s6_depth_12.main_ram_loop[0].use_RAMB18.ram_2k_loop[0].SDP_RAMB18_9x2048/ADDRARDADDR[10]","1.315","0"
"clk500","0.374","2.000","cfo/observation_front/state_reg[0]/C","cfo/observation_front/fft_core/m_q_reg[13]/CE","1.524","2"
"clk500","0.374","2.000","cfo/observation_front/state_reg[0]/C","cfo/observation_front/fft_core/m_q_reg[15]/CE","1.524","2"
"clk500","0.374","2.000","cfo/observation_front/state_reg[0]/C","cfo/observation_front/fft_core/m_q_reg[2]/CE","1.524","2"
"clk500","0.374","2.000","cfo/observation_front/fft_core/tag_reg[1][bank_a]/C","cfo/observation_front/fft_core/pi4_reg/DSP_A_B_DATA_INST/A[5]","1.337","1"
"clk500","0.374","2.000","sfo/residual_estimator/aux_service/u_xfft/U0/i_synth/xfft_inst/non_floating_point.arch_d.xfft_inst/timing_cnts_has_nfft.run_time_sel_reg[5]/C","sfo/residual_estimator/aux_service/u_xfft/U0/i_synth/xfft_inst/non_floating_point.arch_d.xfft_inst/pe_gen[5].natural_order_input.PE/bypass_muxes.din_re_mux_gen[0].reg/D","1.609","1"
"clk500","0.374","2.000","sfo/residual_estimator/front_stage/main/service/u_xfft/U0/i_synth/axi_wrapper/data_in_channel_fifo/gen_real_time.full_reg/C","sfo/residual_estimator/front_stage/main/service/u_ingress_fifo/gnuram_async_fifo.xpm_fifo_base_inst/gen_fwft.rdpp1_inst/count_value_i_reg[1]/CE","1.522","3"
"clk500","0.374","2.000","sfo/residual_estimator/front_stage/main/service/u_xfft/U0/i_synth/xfft_inst/non_floating_point.arch_d.xfft_inst/FLOW/load_enable_reg/C","sfo/residual_estimator/front_stage/main/service/u_xfft/U0/i_synth/xfft_inst/non_floating_point.arch_d.xfft_inst/FLOW/proc0_counter/cnt_addsub/i_baseblox.i_baseblox_addsub/no_pipelining.the_addsub/i_lut6.i_lut6_addsub/i_q.i_simple.qreg/i_no_async_controls.output_reg[4]/CE","1.521","0"
"clk500","0.374","2.000","sfo/residual_estimator/front_stage/main/service/u_xfft/U0/i_synth/xfft_inst/non_floating_point.arch_d.xfft_inst/FLOW/load_enable_reg/C","sfo/residual_estimator/front_stage/main/service/u_xfft/U0/i_synth/xfft_inst/non_floating_point.arch_d.xfft_inst/FLOW/proc0_counter/cnt_addsub/i_baseblox.i_baseblox_addsub/no_pipelining.the_addsub/i_lut6.i_lut6_addsub/i_q.i_simple.qreg/i_no_async_controls.output_reg[5]/CE","1.521","0"
"clk500","0.374","2.000","sfo/residual_estimator/front_stage/main/service/u_xfft/U0/i_synth/xfft_inst/non_floating_point.arch_d.xfft_inst/FLOW/load_enable_reg/C","sfo/residual_estimator/front_stage/main/service/u_xfft/U0/i_synth/xfft_inst/non_floating_point.arch_d.xfft_inst/FLOW/proc0_counter/cnt_addsub/i_baseblox.i_baseblox_addsub/no_pipelining.the_addsub/i_lut6.i_lut6_addsub/i_q.i_simple.qreg/i_no_async_controls.output_reg[6]/CE","1.521","0"
"clk500","0.374","2.000","sfo/residual_estimator/front_stage/main/service/u_xfft/U0/i_synth/xfft_inst/non_floating_point.arch_d.xfft_inst/FLOW/load_enable_reg/C","sfo/residual_estimator/front_stage/main/service/u_xfft/U0/i_synth/xfft_inst/non_floating_point.arch_d.xfft_inst/FLOW/proc0_counter/cnt_addsub/i_baseblox.i_baseblox_addsub/no_pipelining.the_addsub/i_lut6.i_lut6_addsub/i_q.i_simple.qreg/i_no_async_controls.output_reg[7]/CE","1.521","0"
"clk500","0.374","2.000","sfo/residual_estimator/aux_service/u_xfft/U0/i_synth/xfft_inst/non_floating_point.arch_d.xfft_inst/has_bit_reverse.no_cp.muxed_reorder_write_addr_del_reg[5]/C","sfo/residual_estimator/aux_service/u_xfft/U0/i_synth/xfft_inst/non_floating_point.arch_d.xfft_inst/has_bit_reverse.dig_rev_mem/blk_ram.use_bram_only.mem/depth_14.main_ram_loop[2].use_RAMB18.ram_2k_loop[2].SDP_RAMB18_9x2048/ADDRARDADDR[8]","1.325","0"
"clk500","0.374","2.000","sfo/residual_estimator/aux_service/u_xfft/U0/i_synth/xfft_inst/non_floating_point.arch_d.xfft_inst/timing_cnts_has_nfft.run_time_sel_reg[3]/C","sfo/residual_estimator/aux_service/u_xfft/U0/i_synth/xfft_inst/non_floating_point.arch_d.xfft_inst/pe_gen[3].natural_order_input.PE/addr_select.bf1_addr_mux_gen[2].reg/D","1.608","1"
"clk500","0.374","2.000","sfo/residual_estimator/aux_service/u_xfft/U0/i_synth/axi_wrapper/gen_has_nfft.nfft_we_int_reg/C","sfo/residual_estimator/aux_service/u_xfft/U0/i_synth/xfft_inst/non_floating_point.arch_d.xfft_inst/pe_gen[6].natural_order_input.PE/has_ovflo_control.last_ovflo_start.OVFLO_CNT/cnt_reg[0].addsub_reg/R","1.507","1"
"clk500","0.374","2.000","sfo/residual_estimator/aux_service/u_xfft/U0/i_synth/axi_wrapper/gen_has_nfft.nfft_we_int_reg/C","sfo/residual_estimator/aux_service/u_xfft/U0/i_synth/xfft_inst/non_floating_point.arch_d.xfft_inst/pe_gen[6].natural_order_input.PE/has_ovflo_control.last_ovflo_start.OVFLO_CNT/cnt_reg[1].addsub_reg/R","1.507","1"
"clk500","0.374","2.000","sfo/residual_estimator/aux_service/u_xfft/U0/i_synth/axi_wrapper/gen_has_nfft.nfft_we_int_reg/C","sfo/residual_estimator/aux_service/u_xfft/U0/i_synth/xfft_inst/non_floating_point.arch_d.xfft_inst/pe_gen[6].natural_order_input.PE/has_ovflo_control.last_ovflo_start.OVFLO_CNT/cnt_reg[2].addsub_reg/R","1.507","1"
"clk500","0.374","2.000","sfo/residual_estimator/aux_service/u_xfft/U0/i_synth/axi_wrapper/gen_has_nfft.nfft_we_int_reg/C","sfo/residual_estimator/aux_service/u_xfft/U0/i_synth/xfft_inst/non_floating_point.arch_d.xfft_inst/pe_gen[6].natural_order_input.PE/has_ovflo_control.last_ovflo_start.OVFLO_CNT/cnt_reg[3].addsub_reg/R","1.507","1"
"clk500","0.374","2.000","cfo/estimator/reset_fast_sync/arststages_ff_reg[3]/C","cfo/observation_front/sum_q_reg[10]/R","1.509","2"
"clk500","0.374","2.000","cfo/estimator/reset_fast_sync/arststages_ff_reg[3]/C","cfo/observation_front/sum_q_reg[11]/R","1.509","2"
"clk500","0.374","2.000","cfo/estimator/reset_fast_sync/arststages_ff_reg[3]/C","cfo/observation_front/sum_q_reg[8]/R","1.509","2"
"clk500","0.374","2.000","cfo/estimator/reset_fast_sync/arststages_ff_reg[3]/C","cfo/observation_front/sum_q_reg[9]/R","1.509","2"
"clk500","0.375","2.000","sfo/residual_estimator/aux_service/u_xfft/U0/i_synth/xfft_inst/non_floating_point.arch_d.xfft_inst/has_bit_reverse.no_cp.muxed_reorder_write_addr_del_reg[12]/C","sfo/residual_estimator/aux_service/u_xfft/U0/i_synth/xfft_inst/non_floating_point.arch_d.xfft_inst/has_bit_reverse.dig_rev_mem/blk_ram.use_bram_only.mem/depth_14.main_ram_loop[0].use_RAMB18.ram_2k_loop[0].SDP_RAMB18_9x2048/WEA[0]","1.206","1"
"clk500","0.375","2.000","sfo/residual_estimator/aux_service/u_xfft/U0/i_synth/xfft_inst/non_floating_point.arch_d.xfft_inst/pe_gen[0].natural_order_input.PE/FB_1.BF_1/wr_addr_del/no_sclr_lut.real_shift_ram.use_baseblock.use_hlutnm_srls.srl_loop[3].i_fdre0/C","sfo/residual_estimator/aux_service/u_xfft/U0/i_synth/xfft_inst/non_floating_point.arch_d.xfft_inst/pe_gen[0].natural_order_input.PE/FB_1.BF_1/MEM/blk_ram.use_bram_only.mem/depth_13_s6_depth_12.main_ram_loop[2].use_RAMB18.ram_2k_loop[1].SDP_RAMB18_9x2048/ADDRARDADDR[9]","1.334","0"
"clk500","0.375","2.000","sfo/residual_estimator/front_stage/main/service/u_xfft/U0/i_synth/axi_wrapper/sclr_int_reg/C","sfo/residual_estimator/front_stage/main/service/u_xfft/U0/i_synth/xfft_inst/non_floating_point.arch_d.xfft_inst/pe0_bf2_start_gen/need_sclr_lut.real_shift_ram.FF_gen[0].reg/D","1.607","1"
"clk500","0.375","2.000","cfo/estimator/reset_fast_sync/arststages_ff_reg[3]/C","cfo/observation_front/sum_q_reg[12]/R","1.508","2"
"clk500","0.375","2.000","cfo/estimator/reset_fast_sync/arststages_ff_reg[3]/C","cfo/observation_front/sum_q_reg[13]/R","1.508","2"
"clk500","0.375","2.000","cfo/estimator/reset_fast_sync/arststages_ff_reg[3]/C","cfo/observation_front/sum_q_reg[14]/R","1.508","2"
"clk500","0.375","2.000","cfo/estimator/reset_fast_sync/arststages_ff_reg[3]/C","cfo/observation_front/sum_q_reg[15]/R","1.508","2"
"clk500","0.375","2.000","sfo/initial_estimator/owner/fft/u_xfft/U0/i_synth/axi_wrapper/sclr_int_reg/C","sfo/initial_estimator/owner/fft/u_xfft/U0/i_synth/xfft_inst/non_floating_point.arch_d.xfft_inst/FLOW/reset_sustain.resets_4_pes[5].delay_reset_pe/count_addsub_reg[0].addsub_reg/R","1.507","0"
"clk500","0.375","2.000","sfo/initial_estimator/owner/fft/u_xfft/U0/i_synth/axi_wrapper/sclr_int_reg/C","sfo/initial_estimator/owner/fft/u_xfft/U0/i_synth/xfft_inst/non_floating_point.arch_d.xfft_inst/FLOW/reset_sustain.resets_4_pes[5].delay_reset_pe/count_addsub_reg[1].addsub_reg/R","1.507","0"
"clk500","0.375","2.000","sfo/initial_estimator/owner/fft/u_xfft/U0/i_synth/axi_wrapper/sclr_int_reg/C","sfo/initial_estimator/owner/fft/u_xfft/U0/i_synth/xfft_inst/non_floating_point.arch_d.xfft_inst/FLOW/reset_sustain.resets_4_pes[5].delay_reset_pe/count_addsub_reg[2].addsub_reg/R","1.507","0"
"clk500","0.375","2.000","sfo/initial_estimator/owner/fft/u_xfft/U0/i_synth/axi_wrapper/sclr_int_reg/C","sfo/initial_estimator/owner/fft/u_xfft/U0/i_synth/xfft_inst/non_floating_point.arch_d.xfft_inst/FLOW/reset_sustain.resets_4_pes[5].delay_reset_pe/count_addsub_reg[3].addsub_reg/R","1.507","0"
"clk500","0.375","2.000","sfo/residual_estimator/aux_service/u_xfft/U0/i_synth/xfft_inst/non_floating_point.arch_d.xfft_inst/input_delay_re/no_sclr_lut.real_shift_ram.use_baseblock.use_hlutnm_srls.srl_loop[7].i_fdre1/C","sfo/residual_estimator/aux_service/u_xfft/U0/i_synth/xfft_inst/non_floating_point.arch_d.xfft_inst/pe_gen[2].natural_order_input.PE/bypass_muxes.din_re_mux_gen[15].reg/D","1.606","1"
"clk500","0.375","2.000","sfo/residual_estimator/aux_service/u_xfft/U0/i_synth/axi_wrapper/gen_has_nfft.nfft_we_int_reg/C","sfo/residual_estimator/aux_service/u_xfft/U0/i_synth/xfft_inst/non_floating_point.arch_d.xfft_inst/pe_gen[6].natural_order_input.PE/has_ovflo_control.last_ovflo_start.OVFLO_CNT/cnt_reg[4].addsub_reg/R","1.506","1"
"clk500","0.375","2.000","sfo/residual_estimator/aux_service/u_xfft/U0/i_synth/axi_wrapper/gen_has_nfft.nfft_we_int_reg/C","sfo/residual_estimator/aux_service/u_xfft/U0/i_synth/xfft_inst/non_floating_point.arch_d.xfft_inst/pe_gen[6].natural_order_input.PE/has_ovflo_control.last_ovflo_start.OVFLO_CNT/cnt_reg[5].addsub_reg/R","1.506","1"
"clk500","0.375","2.000","sfo/residual_estimator/aux_service/u_xfft/U0/i_synth/axi_wrapper/gen_has_nfft.nfft_we_int_reg/C","sfo/residual_estimator/aux_service/u_xfft/U0/i_synth/xfft_inst/non_floating_point.arch_d.xfft_inst/pe_gen[6].natural_order_input.PE/has_ovflo_control.last_ovflo_start.OVFLO_CNT/cnt_reg[6].addsub_reg/R","1.506","1"
"clk500","0.375","2.000","sfo/residual_estimator/aux_service/u_xfft/U0/i_synth/axi_wrapper/gen_has_nfft.nfft_we_int_reg/C","sfo/residual_estimator/aux_service/u_xfft/U0/i_synth/xfft_inst/non_floating_point.arch_d.xfft_inst/pe_gen[6].natural_order_input.PE/has_ovflo_control.last_ovflo_start.OVFLO_CNT/cnt_reg[7].addsub_reg/R","1.506","1"
"clk500","0.376","2.000","cfo/observation_front/fft_core/bank1_reg_bram_1/CLKBWRCLK","cfo/observation_front/fft_core/ri3_reg/DSP_A_B_DATA_INST/A[12]","1.298","1"
"clk500","0.376","2.000","cfo/windows/header_active_reg/C","cfo/windows/complete_windows/fifo/gnuram_async_fifo.xpm_fifo_base_inst/rdp_inst/count_value_i_reg[3]/CE","1.519","3"
"clk500","0.376","2.000","cfo/windows/header_active_reg/C","cfo/windows/complete_windows/fifo/gnuram_async_fifo.xpm_fifo_base_inst/rdpp1_inst/count_value_i_reg[2]/CE","1.519","3"
"clk500","0.376","2.000","cfo/windows/packed_windows/fifo/gnuram_async_fifo.xpm_fifo_base_inst/gen_sdpram.xpm_memory_base_inst/gen_wr_a.gen_word_narrow.mem_reg_bram_14/CLKBWRCLK","cfo/windows/packed_tail_reg[126]/D","1.559","0"
"clk500","0.376","2.000","sfo/residual_estimator/aux_service/u_xfft/U0/i_synth/xfft_inst/non_floating_point.arch_d.xfft_inst/has_bit_reverse.no_cp.muxed_reorder_write_addr_del_reg[12]/C","sfo/residual_estimator/aux_service/u_xfft/U0/i_synth/xfft_inst/non_floating_point.arch_d.xfft_inst/has_bit_reverse.dig_rev_mem/blk_ram.use_bram_only.mem/depth_14.main_ram_loop[0].use_RAMB18.ram_2k_loop[5].SDP_RAMB18_9x2048/WEA[0]","1.205","1"
"clk500","0.376","2.000","sfo/residual_estimator/aux_service/u_xfft/U0/i_synth/xfft_inst/non_floating_point.arch_d.xfft_inst/has_bit_reverse.natural_order_address_muxing.muxed_reorder_read_addr_reg[0]/C","sfo/residual_estimator/aux_service/u_xfft/U0/i_synth/xfft_inst/non_floating_point.arch_d.xfft_inst/has_bit_reverse.dig_rev_mem/blk_ram.use_bram_only.mem/depth_14.main_ram_loop[2].use_RAMB18.ram_2k_loop[1].SDP_RAMB18_9x2048/ADDRBWRADDR[3]","1.277","0"
"clk500","0.376","2.000","sfo/residual_estimator/aux_service/u_xfft/U0/i_synth/xfft_inst/non_floating_point.arch_d.xfft_inst/input_delay_re/no_sclr_lut.real_shift_ram.use_baseblock.use_hlutnm_srls.srl_loop[6].i_fdre1/C","sfo/residual_estimator/aux_service/u_xfft/U0/i_synth/xfft_inst/non_floating_point.arch_d.xfft_inst/pe_gen[2].natural_order_input.PE/bypass_muxes.din_re_mux_gen[13].reg/D","1.605","1"
"clk500","0.376","2.000","sfo/residual_estimator/front_stage/main/service/u_xfft/U0/i_synth/axi_wrapper/data_in_channel_fifo/gen_real_time.full_reg/C","sfo/residual_estimator/front_stage/main/service/u_ingress_fifo/gnuram_async_fifo.xpm_fifo_base_inst/gen_fwft.rdpp1_inst/count_value_i_reg[0]/CE","1.520","3"
"clk500","0.376","2.000","sfo/residual_estimator/front_stage/main/service/u_xfft/U0/i_synth/xfft_inst/non_floating_point.arch_d.xfft_inst/has_bit_reverse.natural_order_address_muxing.muxed_reorder_read_addr_reg[3]/C","sfo/residual_estimator/front_stage/main/service/u_xfft/U0/i_synth/xfft_inst/non_floating_point.arch_d.xfft_inst/has_bit_reverse.dig_rev_mem/blk_ram.use_bram_only.mem/depth_11.ram_loop[0].use_RAMB18.SDP_RAMB18_9x2048/ADDRBWRADDR[6]","1.334","0"
"clk500","0.376","2.000","cfo/estimator/observation_fifo/gnuram_async_fifo.xpm_fifo_base_inst/gen_pf_ic_rc.ngen_full_rst_val.ram_full_i_reg/C","cfo/estimator/observation_fifo/gnuram_async_fifo.xpm_fifo_base_inst/wrpp2_inst/count_value_i_reg[0]/CE","1.522","2"
"clk500","0.376","2.000","sfo/residual_estimator/aux_service/reset_sync500/syncstages_ff_reg[3]/C","sfo/residual_estimator/aux_service/u_egress_fifo/gnuram_async_fifo.xpm_fifo_base_inst/xpm_fifo_rst_inst/FSM_onehot_gen_rst_ic.curr_wrst_state_reg[1]/D","1.605","2"
"clk500","0.376","2.000","sfo/residual_estimator/aux_service/u_xfft/U0/i_synth/xfft_inst/non_floating_point.arch_d.xfft_inst/pe_gen[0].natural_order_input.PE/FB_1.BF_1/wr_addr_del/no_sclr_lut.real_shift_ram.use_baseblock.use_hlutnm_srls.srl_loop[5].i_fdre1/C","sfo/residual_estimator/aux_service/u_xfft/U0/i_synth/xfft_inst/non_floating_point.arch_d.xfft_inst/pe_gen[0].natural_order_input.PE/FB_1.BF_1/MEM/blk_ram.use_bram_only.mem/depth_13_s6_depth_12.main_ram_loop[0].use_RAMB18.ram_2k_loop[2].SDP_RAMB18_9x2048/WEA[0]","1.206","1"
"clk500","0.377","2.000","sfo/residual_estimator/aux_service/u_xfft/U0/i_synth/xfft_inst/non_floating_point.arch_d.xfft_inst/pe_gen[4].natural_order_input.PE/FB_1.BF_1/yes_nfft.bypass_reg/no_sclr_lut.real_shift_ram.use_baseblock.not_use_hlutnm_srls.i_shift_ram/i_bb_inst/f0.srl_sig_reg[1][0]/C","sfo/residual_estimator/aux_service/u_xfft/U0/i_synth/xfft_inst/non_floating_point.arch_d.xfft_inst/pe_gen[4].natural_order_input.PE/FB_1.BF_1/BTFLY0/logic_bfly_byp.sub_r/sub/i_baseblox.i_baseblox_addsub/no_pipelining.the_addsub/i_lut6.i_lut6_addsub/i_q.i_simple.qreg/i_no_async_controls.output_reg[13]/D","1.603","3"
"clk500","0.377","2.000","cfo/observation_front/fft_core/tag_reg[1][bank_a]/C","cfo/observation_front/fft_core/pr4_reg/DSP_A_B_DATA_INST/A[7]","1.345","1"
"clk500","0.377","2.000","cfo/observation_front/fft_core/bank0_reg_bram_1/CLKBWRCLK","cfo/observation_front/fft_core/rr3_reg/DSP_A_B_DATA_INST/A[28]","1.265","1"
"clk500","0.377","2.000","sfo/residual_estimator/front_stage/main/service/u_xfft/U0/i_synth/xfft_inst/non_floating_point.arch_d.xfft_inst/has_bit_reverse.natural_order_address_muxing.muxed_reorder_read_addr_reg[8]/C","sfo/residual_estimator/front_stage/main/service/u_xfft/U0/i_synth/xfft_inst/non_floating_point.arch_d.xfft_inst/has_bit_reverse.dig_rev_mem/blk_ram.use_bram_only.mem/depth_11.ram_loop[3].use_RAMB18.SDP_RAMB18_9x2048/ADDRBWRADDR[11]","1.340","0"
"clk500","0.377","2.000","cfo/windows/packed_windows/fifo/gnuram_async_fifo.xpm_fifo_base_inst/rdp_inst/count_value_i_reg[5]/C","cfo/windows/packed_windows/fifo/gnuram_async_fifo.xpm_fifo_base_inst/gen_cdc_pntr.rd_pntr_cdc_dc_inst/src_gray_ff_reg[7]/D","1.605","2"
"clk500","0.378","2.000","cfo/observation_front/fft_core/output_valid_reg/C","cfo/observation_front/m_window_reg[0]/CE","1.517","2"
"clk500","0.378","2.000","cfo/observation_front/fft_core/output_valid_reg/C","cfo/observation_front/m_window_reg[2]/CE","1.517","2"
"clk500","0.378","2.000","cfo/observation_front/fft_core/output_valid_reg/C","cfo/observation_front/m_window_reg[4]/CE","1.517","2"
"clk500","0.378","2.000","cfo/observation_front/fft_core/output_valid_reg/C","cfo/observation_front/m_window_reg[6]/CE","1.517","2"
"clk500","0.378","2.000","cfo/windows/packed_windows/fifo/gnuram_async_fifo.xpm_fifo_base_inst/gen_cdc_pntr.wpr_gray_reg/reg_out_i_reg[9]/C","cfo/windows/packed_windows/fifo/gnuram_async_fifo.xpm_fifo_base_inst/gen_pf_ic_rc.ram_empty_i_reg/D","1.604","3"
"clk500","0.378","2.000","sfo/residual_estimator/front_stage/main/service/u_xfft/U0/i_synth/xfft_inst/non_floating_point.arch_d.xfft_inst/pe_gen[0].natural_order_input.PE/FB_1.BF_1/BTFLY0/logic_bfly_byp.add_r/adder/i_baseblox.i_baseblox_addsub/no_pipelining.the_addsub/i_lut6.i_lut6_addsub/i_q.i_simple.qreg/i_no_async_controls.output_reg[14]/C","sfo/residual_estimator/front_stage/main/service/u_xfft/U0/i_synth/xfft_inst/non_floating_point.arch_d.xfft_inst/pe_gen[0].natural_order_input.PE/hasbf2.FB_2.BF_2/twos_cmp.REG_lower_re/no_sclr_lut.depth1_shift_ram.without_sclr.Qsr_reg[13]/D","1.603","0"
"clk500","0.378","2.000","cfo/windows/header_active_reg/C","cfo/windows/complete_windows/fifo/gnuram_async_fifo.xpm_fifo_base_inst/rdpp1_inst/count_value_i_reg[1]/CE","1.517","3"
"clk500","0.378","2.000","sfo/residual_estimator/aux_service/u_xfft/U0/i_synth/xfft_inst/non_floating_point.arch_d.xfft_inst/pe_gen[1].natural_order_input.PE/FB_1.BF_1/yes_nfft.bypass_reg/no_sclr_lut.real_shift_ram.use_baseblock.not_use_hlutnm_srls.i_shift_ram/i_bb_inst/f0.srl_sig_reg[1][0]/C","sfo/residual_estimator/aux_service/u_xfft/U0/i_synth/xfft_inst/non_floating_point.arch_d.xfft_inst/pe_gen[1].natural_order_input.PE/FB_1.BF_1/BTFLY0/logic_bfly_byp.add_r/adder/i_baseblox.i_baseblox_addsub/no_pipelining.the_addsub/i_lut6.i_lut6_addsub/i_q.i_simple.qreg/i_no_async_controls.output_reg[8]/D","1.602","2"
"clk500","0.378","2.000","sfo/residual_estimator/aux_service/u_xfft/U0/i_synth/axi_wrapper/sclr_int_reg/C","sfo/residual_estimator/aux_service/u_xfft/U0/i_synth/xfft_inst/non_floating_point.arch_d.xfft_inst/reset_delays[0].first.reset_del_reg[0]/D","1.604","1"
"clk500","0.378","2.000","cfo/windows/poison_sync/syncstages_ff_reg[3]/C","cfo/windows/sample_index_reg[2]/D","1.605","4"
"clk500","0.378","2.000","sfo/residual_estimator/aux_service/u_xfft/U0/i_synth/axi_wrapper/gen_has_nfft.nfft_we_int_reg/C","sfo/residual_estimator/aux_service/u_xfft/U0/i_synth/xfft_inst/non_floating_point.arch_d.xfft_inst/FLOW/proc0_counter/cnt_addsub/i_baseblox.i_baseblox_addsub/no_pipelining.the_addsub/i_lut6.i_lut6_addsub/i_q.i_simple.qreg/i_no_async_controls.output_reg[1]/R","1.503","1"
"clk500","0.378","2.000","sfo/residual_estimator/aux_service/u_xfft/U0/i_synth/axi_wrapper/gen_has_nfft.nfft_we_int_reg/C","sfo/residual_estimator/aux_service/u_xfft/U0/i_synth/xfft_inst/non_floating_point.arch_d.xfft_inst/FLOW/proc0_counter/cnt_addsub/i_baseblox.i_baseblox_addsub/no_pipelining.the_addsub/i_lut6.i_lut6_addsub/i_q.i_simple.qreg/i_no_async_controls.output_reg[2]/R","1.503","1"
"clk500","0.378","2.000","sfo/residual_estimator/aux_service/u_xfft/U0/i_synth/axi_wrapper/gen_has_nfft.nfft_we_int_reg/C","sfo/residual_estimator/aux_service/u_xfft/U0/i_synth/xfft_inst/non_floating_point.arch_d.xfft_inst/FLOW/proc0_counter/cnt_addsub/i_baseblox.i_baseblox_addsub/no_pipelining.the_addsub/i_lut6.i_lut6_addsub/i_q.i_simple.qreg/i_no_async_controls.output_reg[3]/R","1.503","1"
"clk500","0.378","2.000","sfo/residual_estimator/aux_service/u_xfft/U0/i_synth/xfft_inst/non_floating_point.arch_d.xfft_inst/has_bit_reverse.natural_order_address_muxing.muxed_reorder_read_addr_reg[10]/C","sfo/residual_estimator/aux_service/u_xfft/U0/i_synth/xfft_inst/non_floating_point.arch_d.xfft_inst/has_bit_reverse.dig_rev_mem/blk_ram.use_bram_only.mem/depth_14.main_ram_loop[2].use_RAMB18.ram_2k_loop[2].SDP_RAMB18_9x2048/ADDRBWRADDR[13]","1.270","0"
"clk500","0.379","2.000","sfo/residual_estimator/aux_service/u_xfft/U0/i_synth/xfft_inst/non_floating_point.arch_d.xfft_inst/pe_gen[0].natural_order_input.PE/FB_1.BF_1/wr_addr_del/no_sclr_lut.real_shift_ram.use_baseblock.use_hlutnm_srls.srl_loop[0].i_fdre0/C","sfo/residual_estimator/aux_service/u_xfft/U0/i_synth/xfft_inst/non_floating_point.arch_d.xfft_inst/pe_gen[0].natural_order_input.PE/FB_1.BF_1/MEM/blk_ram.use_bram_only.mem/depth_13_s6_depth_12.main_ram_loop[1].use_RAMB18.ram_2k_loop[0].SDP_RAMB18_9x2048/ADDRARDADDR[3]","1.275","0"
"clk500","0.379","2.000","sfo/residual_estimator/aux_service/u_xfft/U0/i_synth/xfft_inst/non_floating_point.arch_d.xfft_inst/pe_gen[0].natural_order_input.PE/FB_1.BF_1/wr_addr_del/no_sclr_lut.real_shift_ram.use_baseblock.use_hlutnm_srls.srl_loop[4].i_fdre1/C","sfo/residual_estimator/aux_service/u_xfft/U0/i_synth/xfft_inst/non_floating_point.arch_d.xfft_inst/pe_gen[0].natural_order_input.PE/FB_1.BF_1/MEM/blk_ram.use_bram_only.mem/depth_13_s6_depth_12.main_ram_loop[0].use_RAMB18.ram_2k_loop[1].SDP_RAMB18_9x2048/ADDRARDADDR[12]","1.340","0"
"clk500","0.379","2.000","cfo/windows/header_active_reg/C","cfo/windows/complete_windows/fifo/gnuram_async_fifo.xpm_fifo_base_inst/rdp_inst/count_value_i_reg[0]/CE","1.516","3"
"clk500","0.379","2.000","cfo/windows/header_active_reg/C","cfo/windows/complete_windows/fifo/gnuram_async_fifo.xpm_fifo_base_inst/rdp_inst/count_value_i_reg[2]/CE","1.516","3"
"clk500","0.379","2.000","cfo/windows/header_active_reg/C","cfo/windows/complete_windows/fifo/gnuram_async_fifo.xpm_fifo_base_inst/rdpp1_inst/count_value_i_reg[3]/CE","1.516","3"
"clk500","0.379","2.000","sfo/residual_estimator/aux_service/u_xfft/U0/i_synth/xfft_inst/non_floating_point.arch_d.xfft_inst/pe_gen[0].natural_order_input.PE/FB_1.BF_1/yes_nfft.bypass_reg/no_sclr_lut.real_shift_ram.use_baseblock.not_use_hlutnm_srls.i_shift_ram/i_bb_inst/f0.srl_sig_reg[1][0]/C","sfo/residual_estimator/aux_service/u_xfft/U0/i_synth/xfft_inst/non_floating_point.arch_d.xfft_inst/pe_gen[0].natural_order_input.PE/FB_1.BF_1/BTFLY0/logic_bfly_byp.add_i/adder/i_baseblox.i_baseblox_addsub/no_pipelining.the_addsub/i_lut6.i_lut6_addsub/i_q.i_simple.qreg/i_no_async_controls.output_reg[9]/D","1.601","3"
"clk500","0.379","2.000","sfo/residual_estimator/aux_service/u_xfft/U0/i_synth/xfft_inst/non_floating_point.arch_d.xfft_inst/timing_cnts_has_nfft.run_time_sel_reg[1]/C","sfo/residual_estimator/aux_service/u_xfft/U0/i_synth/xfft_inst/non_floating_point.arch_d.xfft_inst/pe_gen[0].natural_order_input.PE/FB_1.BF_1/wr_addr_del/no_sclr_lut.real_shift_ram.use_baseblock.use_hlutnm_srls.srl_loop[5].i_srl16e0/D","1.540","1"
"clk500","0.379","2.000","sfo/residual_estimator/aux_service/u_ingress_fifo/gnuram_async_fifo.xpm_fifo_base_inst/xpm_fifo_rst_inst/gen_rst_ic.fifo_rd_rst_ic_reg/C","sfo/residual_estimator/aux_service/u_ingress_fifo/gnuram_async_fifo.xpm_fifo_base_inst/grdc.rd_data_count_i_reg[8]/R","1.502","1"
"clk500","0.379","2.000","sfo/residual_estimator/aux_service/u_xfft/U0/i_synth/axi_wrapper/gen_has_nfft.nfft_we_int_reg/C","sfo/residual_estimator/aux_service/u_xfft/U0/i_synth/xfft_inst/non_floating_point.arch_d.xfft_inst/FLOW/proc0_counter/cnt_addsub/i_baseblox.i_baseblox_addsub/no_pipelining.the_addsub/i_lut6.i_lut6_addsub/i_q.i_simple.qreg/i_no_async_controls.output_reg[4]/R","1.502","1"
"clk500","0.379","2.000","sfo/residual_estimator/aux_service/u_xfft/U0/i_synth/axi_wrapper/gen_has_nfft.nfft_we_int_reg/C","sfo/residual_estimator/aux_service/u_xfft/U0/i_synth/xfft_inst/non_floating_point.arch_d.xfft_inst/FLOW/proc0_counter/cnt_addsub/i_baseblox.i_baseblox_addsub/no_pipelining.the_addsub/i_lut6.i_lut6_addsub/i_q.i_simple.qreg/i_no_async_controls.output_reg[5]/R","1.502","1"
"clk500","0.379","2.000","sfo/residual_estimator/aux_service/u_xfft/U0/i_synth/axi_wrapper/gen_has_nfft.nfft_we_int_reg/C","sfo/residual_estimator/aux_service/u_xfft/U0/i_synth/xfft_inst/non_floating_point.arch_d.xfft_inst/FLOW/proc0_counter/cnt_addsub/i_baseblox.i_baseblox_addsub/no_pipelining.the_addsub/i_lut6.i_lut6_addsub/i_q.i_simple.qreg/i_no_async_controls.output_reg[6]/R","1.502","1"
"clk500","0.379","2.000","sfo/residual_estimator/aux_service/u_xfft/U0/i_synth/axi_wrapper/gen_has_nfft.nfft_we_int_reg/C","sfo/residual_estimator/aux_service/u_xfft/U0/i_synth/xfft_inst/non_floating_point.arch_d.xfft_inst/FLOW/proc0_counter/cnt_addsub/i_baseblox.i_baseblox_addsub/no_pipelining.the_addsub/i_lut6.i_lut6_addsub/i_q.i_simple.qreg/i_no_async_controls.output_reg[7]/R","1.502","1"
"clk500","0.379","2.000","sfo/residual_estimator/aux_service/u_xfft/U0/i_synth/axi_wrapper/gen_has_nfft.nfft_we_int_reg/C","sfo/residual_estimator/aux_service/u_xfft/U0/i_synth/xfft_inst/non_floating_point.arch_d.xfft_inst/FLOW/reset_sustain.resets_4_pes[5].delay_reset_pe/count_addsub_reg[0].addsub_reg/R","1.502","1"
"clk500","0.379","2.000","sfo/residual_estimator/aux_service/u_xfft/U0/i_synth/axi_wrapper/gen_has_nfft.nfft_we_int_reg/C","sfo/residual_estimator/aux_service/u_xfft/U0/i_synth/xfft_inst/non_floating_point.arch_d.xfft_inst/FLOW/reset_sustain.resets_4_pes[5].delay_reset_pe/count_addsub_reg[1].addsub_reg/R","1.502","1"
"clk500","0.379","2.000","sfo/residual_estimator/aux_service/u_xfft/U0/i_synth/axi_wrapper/gen_has_nfft.nfft_we_int_reg/C","sfo/residual_estimator/aux_service/u_xfft/U0/i_synth/xfft_inst/non_floating_point.arch_d.xfft_inst/FLOW/reset_sustain.resets_4_pes[5].delay_reset_pe/count_addsub_reg[2].addsub_reg/R","1.502","1"
"clk500","0.379","2.000","sfo/residual_estimator/aux_service/u_xfft/U0/i_synth/axi_wrapper/gen_has_nfft.nfft_we_int_reg/C","sfo/residual_estimator/aux_service/u_xfft/U0/i_synth/xfft_inst/non_floating_point.arch_d.xfft_inst/FLOW/reset_sustain.resets_4_pes[5].delay_reset_pe/count_addsub_reg[3].addsub_reg/R","1.502","1"
"clk500","0.379","2.000","sfo/residual_estimator/aux_service/u_xfft/U0/i_synth/xfft_inst/non_floating_point.arch_d.xfft_inst/pe_gen[0].natural_order_input.PE/has_addr_gen.bf2_addr_gen/cnt/cnt_addsub/i_baseblox.i_baseblox_addsub/no_pipelining.the_addsub/i_lut6.i_lut6_addsub/i_q.i_simple.qreg/i_no_async_controls.output_reg[10]/C","sfo/residual_estimator/aux_service/u_xfft/U0/i_synth/xfft_inst/non_floating_point.arch_d.xfft_inst/pe_gen[0].natural_order_input.PE/FB_1.BF_1/MEM/blk_ram.use_bram_only.mem/depth_13_s6_depth_12.need_extra_rams.extra_ram_loop[2].use_RAMB18.SDP_RAMB18_2x8192/ADDRBWRADDR[10]","1.293","0"
"clk500","0.379","2.000","sfo/residual_estimator/aux_service/u_xfft/U0/i_synth/axi_wrapper/sclr_int_reg/C","sfo/residual_estimator/aux_service/u_xfft/U0/i_synth/xfft_inst/non_floating_point.arch_d.xfft_inst/pe_gen[6].natural_order_input.PE/no_addr_gen.final_next_bf2_start_delay/need_sclr_lut.real_shift_ram.FF_gen[0].reg/D","1.604","1"
"clk500","0.379","2.000","sfo/residual_estimator/front_stage/main/service/u_xfft/U0/i_synth/xfft_inst/non_floating_point.arch_d.xfft_inst/has_bit_reverse.natural_order_address_muxing.muxed_reorder_read_addr_reg[1]/C","sfo/residual_estimator/front_stage/main/service/u_xfft/U0/i_synth/xfft_inst/non_floating_point.arch_d.xfft_inst/has_bit_reverse.dig_rev_mem/blk_ram.use_bram_only.mem/depth_11.ram_loop[0].use_RAMB18.SDP_RAMB18_9x2048/ADDRBWRADDR[4]","1.240","0"
"clk500","0.379","2.000","sfo/residual_estimator/front_stage/main/service/u_xfft/U0/i_synth/axi_wrapper/sclr_int_reg/C","sfo/residual_estimator/front_stage/main/service/u_xfft/U0/i_synth/xfft_inst/non_floating_point.arch_d.xfft_inst/has_overflow.natural_ovflo.DOUT_DONE_E_CNT/cnt_reg[0].addsub_reg/R","1.504","1"
"clk500","0.379","2.000","sfo/residual_estimator/front_stage/main/service/u_xfft/U0/i_synth/axi_wrapper/sclr_int_reg/C","sfo/residual_estimator/front_stage/main/service/u_xfft/U0/i_synth/xfft_inst/non_floating_point.arch_d.xfft_inst/has_overflow.natural_ovflo.DOUT_DONE_E_CNT/cnt_reg[1].addsub_reg/R","1.504","1"
"clk500","0.379","2.000","sfo/residual_estimator/front_stage/main/service/u_xfft/U0/i_synth/axi_wrapper/sclr_int_reg/C","sfo/residual_estimator/front_stage/main/service/u_xfft/U0/i_synth/xfft_inst/non_floating_point.arch_d.xfft_inst/has_overflow.natural_ovflo.DOUT_DONE_E_CNT/cnt_reg[2].addsub_reg/R","1.504","1"
"clk500","0.379","2.000","sfo/residual_estimator/front_stage/main/service/u_xfft/U0/i_synth/axi_wrapper/sclr_int_reg/C","sfo/residual_estimator/front_stage/main/service/u_xfft/U0/i_synth/xfft_inst/non_floating_point.arch_d.xfft_inst/has_overflow.natural_ovflo.DOUT_DONE_E_CNT/cnt_reg[3].addsub_reg/R","1.504","1"
"clk500","0.380","2.000","cfo/observation_front/fft_core/tag_reg[1][bank_a]/C","cfo/observation_front/fft_core/pr4_reg/DSP_A_B_DATA_INST/A[12]","1.340","1"
"clk500","0.380","2.000","cfo/observation_front/fft_core/output_valid_reg/C","cfo/observation_front/m_generation_reg[24]/CE","1.515","2"
"clk500","0.380","2.000","cfo/observation_front/fft_core/output_valid_reg/C","cfo/observation_front/m_window_reg[1]/CE","1.515","2"
"clk500","0.380","2.000","cfo/observation_front/fft_core/output_valid_reg/C","cfo/observation_front/m_window_reg[3]/CE","1.515","2"
"clk500","0.380","2.000","cfo/observation_front/fft_core/output_valid_reg/C","cfo/observation_front/m_window_reg[5]/CE","1.515","2"
"clk500","0.380","2.000","sfo/residual_estimator/aux_service/u_xfft/U0/i_synth/xfft_inst/non_floating_point.arch_d.xfft_inst/pe_gen[4].natural_order_input.PE/FB_1.BF_1/yes_nfft.bypass_reg/no_sclr_lut.real_shift_ram.use_baseblock.not_use_hlutnm_srls.i_shift_ram/i_bb_inst/f0.srl_sig_reg[1][0]/C","sfo/residual_estimator/aux_service/u_xfft/U0/i_synth/xfft_inst/non_floating_point.arch_d.xfft_inst/pe_gen[4].natural_order_input.PE/FB_1.BF_1/BTFLY0/logic_bfly_byp.sub_r/sub/i_baseblox.i_baseblox_addsub/no_pipelining.the_addsub/i_lut6.i_lut6_addsub/i_q.i_simple.qreg/i_no_async_controls.output_reg[12]/D","1.600","3"
"clk500","0.380","2.000","cfo/estimator/observation_fifo/gnuram_async_fifo.xpm_fifo_base_inst/gen_pf_ic_rc.ngen_full_rst_val.ram_full_i_reg/C","cfo/estimator/observation_fifo/gnuram_async_fifo.xpm_fifo_base_inst/wrpp2_inst/count_value_i_reg[1]/CE","1.518","2"
"clk500","0.380","2.000","cfo/estimator/observation_fifo/gnuram_async_fifo.xpm_fifo_base_inst/gen_pf_ic_rc.ngen_full_rst_val.ram_full_i_reg/C","cfo/estimator/observation_fifo/gnuram_async_fifo.xpm_fifo_base_inst/wrpp2_inst/count_value_i_reg[2]/CE","1.517","2"
"clk500","0.380","2.000","cfo/estimator/observation_fifo/gnuram_async_fifo.xpm_fifo_base_inst/gen_pf_ic_rc.ngen_full_rst_val.ram_full_i_reg/C","cfo/estimator/observation_fifo/gnuram_async_fifo.xpm_fifo_base_inst/wrpp2_inst/count_value_i_reg[3]/CE","1.518","2"
"clk500","0.380","2.000","cfo/windows/header_active_reg/C","cfo/windows/complete_windows/fifo/gnuram_async_fifo.xpm_fifo_base_inst/rdp_inst/count_value_i_reg[1]/CE","1.516","3"
"clk500","0.380","2.000","cfo/windows/header_active_reg/C","cfo/windows/complete_windows/fifo/gnuram_async_fifo.xpm_fifo_base_inst/rdp_inst/count_value_i_reg[4]/CE","1.516","3"
"clk500","0.380","2.000","cfo/windows/header_active_reg/C","cfo/windows/complete_windows/fifo/gnuram_async_fifo.xpm_fifo_base_inst/rdpp1_inst/count_value_i_reg[0]/CE","1.516","3"
"clk500","0.380","2.000","cfo/windows/header_active_reg/C","cfo/windows/complete_windows/fifo/gnuram_async_fifo.xpm_fifo_base_inst/rdpp1_inst/count_value_i_reg[4]/CE","1.516","3"
"clk500","0.380","2.000","cfo/windows/packed_windows/fifo/gnuram_async_fifo.xpm_fifo_base_inst/gen_sdpram.xpm_memory_base_inst/gen_wr_a.gen_word_narrow.mem_reg_bram_3/CLKBWRCLK","cfo/windows/packed_tail_reg[9]/D","1.555","0"
"clk500","0.380","2.000","sfo/residual_estimator/aux_service/u_xfft/U0/i_synth/axi_wrapper/gen_has_nfft.nfft_we_int_reg/C","sfo/residual_estimator/aux_service/u_xfft/U0/i_synth/xfft_inst/non_floating_point.arch_d.xfft_inst/FLOW/reset_sustain.resets_4_pes[5].delay_reset_pe/count_addsub_reg[4].addsub_reg/R","1.501","1"
"clk500","0.380","2.000","sfo/residual_estimator/aux_service/u_xfft/U0/i_synth/axi_wrapper/gen_has_nfft.nfft_we_int_reg/C","sfo/residual_estimator/aux_service/u_xfft/U0/i_synth/xfft_inst/non_floating_point.arch_d.xfft_inst/FLOW/reset_sustain.resets_4_pes[5].delay_reset_pe/count_addsub_reg[5].addsub_reg/R","1.501","1"
"clk500","0.380","2.000","sfo/residual_estimator/front_stage/main/service/u_xfft/U0/i_synth/axi_wrapper/sclr_int_reg/C","sfo/residual_estimator/front_stage/main/service/u_xfft/U0/i_synth/xfft_inst/non_floating_point.arch_d.xfft_inst/has_overflow.natural_ovflo.DOUT_DONE_E_CNT/cnt_reg[4].addsub_reg/R","1.503","1"
"clk500","0.380","2.000","sfo/residual_estimator/front_stage/main/service/u_xfft/U0/i_synth/axi_wrapper/sclr_int_reg/C","sfo/residual_estimator/front_stage/main/service/u_xfft/U0/i_synth/xfft_inst/non_floating_point.arch_d.xfft_inst/has_overflow.natural_ovflo.DOUT_DONE_E_CNT/cnt_reg[5].addsub_reg/R","1.503","1"
"clk500","0.380","2.000","sfo/residual_estimator/front_stage/main/service/u_xfft/U0/i_synth/axi_wrapper/sclr_int_reg/C","sfo/residual_estimator/front_stage/main/service/u_xfft/U0/i_synth/xfft_inst/non_floating_point.arch_d.xfft_inst/has_overflow.natural_ovflo.DOUT_DONE_E_CNT/cnt_reg[6].addsub_reg/R","1.503","1"
"clk500","0.380","2.000","sfo/residual_estimator/front_stage/main/service/u_xfft/U0/i_synth/axi_wrapper/sclr_int_reg/C","sfo/residual_estimator/front_stage/main/service/u_xfft/U0/i_synth/xfft_inst/non_floating_point.arch_d.xfft_inst/has_overflow.natural_ovflo.DOUT_DONE_E_CNT/cnt_reg[7].addsub_reg/R","1.503","1"
"clk500","0.380","2.000","sfo/residual_estimator/aux_service/u_xfft/U0/i_synth/xfft_inst/non_floating_point.arch_d.xfft_inst/has_bit_reverse.no_cp.muxed_reorder_write_addr_del_reg[7]/C","sfo/residual_estimator/aux_service/u_xfft/U0/i_synth/xfft_inst/non_floating_point.arch_d.xfft_inst/has_bit_reverse.dig_rev_mem/blk_ram.use_bram_only.mem/depth_14.main_ram_loop[1].use_RAMB18.ram_2k_loop[3].SDP_RAMB18_9x2048/ADDRARDADDR[10]","1.302","0"
"clk500","0.381","2.000","cfo/observation_front/coefficient_read_command_reg[0]/C","cfo/observation_front/coefficient_page0_data_reg_0_1/ENARDEN","1.252","0"
"clk500","0.381","2.000","cfo/observation_front/index_base_reg/DSP_OUTPUT_INST/CLK","cfo/observation_front/coefficient_read_command_reg[1]/D","1.569","4"
"clk500","0.381","2.000","cfo/observation_front/fft_core/state_reg[0]/C","cfo/observation_front/fft_core/tag_reg[5][row_a][9]/CE","1.516","1"
"clk500","0.381","2.000","sfo/residual_estimator/aux_service/u_egress_fifo/gnuram_async_fifo.xpm_fifo_base_inst/xpm_fifo_rst_inst/gen_rst_ic.wr_rst_busy_ic_reg/C","sfo/residual_estimator/aux_service/u_egress_fifo/gnuram_async_fifo.xpm_fifo_base_inst/wrpp2_inst/count_value_i_reg[5]/CE","1.514","3"
"clk500","0.381","2.000","sfo/residual_estimator/aux_service/u_egress_fifo/gnuram_async_fifo.xpm_fifo_base_inst/xpm_fifo_rst_inst/gen_rst_ic.wr_rst_busy_ic_reg/C","sfo/residual_estimator/aux_service/u_egress_fifo/gnuram_async_fifo.xpm_fifo_base_inst/wrpp2_inst/count_value_i_reg[6]/CE","1.514","3"
"clk500","0.381","2.000","sfo/residual_estimator/aux_service/u_egress_fifo/gnuram_async_fifo.xpm_fifo_base_inst/xpm_fifo_rst_inst/gen_rst_ic.wr_rst_busy_ic_reg/C","sfo/residual_estimator/aux_service/u_egress_fifo/gnuram_async_fifo.xpm_fifo_base_inst/wrpp2_inst/count_value_i_reg[7]/CE","1.514","3"
"clk500","0.381","2.000","sfo/residual_estimator/aux_service/u_egress_fifo/gnuram_async_fifo.xpm_fifo_base_inst/xpm_fifo_rst_inst/gen_rst_ic.wr_rst_busy_ic_reg/C","sfo/residual_estimator/aux_service/u_egress_fifo/gnuram_async_fifo.xpm_fifo_base_inst/wrpp2_inst/count_value_i_reg[8]/CE","1.514","3"
"clk500","0.381","2.000","sfo/residual_estimator/aux_service/u_xfft/U0/i_synth/axi_wrapper/gen_has_nfft.nfft_we_int_reg/C","sfo/residual_estimator/aux_service/u_xfft/U0/i_synth/xfft_inst/non_floating_point.arch_d.xfft_inst/FLOW/has_nfft._nfft_value.NFFT_int_tmp_reg[3]/CE","1.514","1"
"clk500","0.381","2.000","sfo/initial_estimator/owner/fft/u_xfft/U0/i_synth/axi_wrapper/reset_pipe_reg[1]/C","sfo/initial_estimator/owner/fft/u_xfft/U0/i_synth/axi_wrapper/symbols_out_remaining_reg[9]/R","1.500","0"
"clk500","0.381","2.000","sfo/residual_estimator/aux_service/u_xfft/U0/i_synth/xfft_inst/non_floating_point.arch_d.xfft_inst/pe_gen[1].natural_order_input.PE/FB_1.BF_1/yes_nfft.bypass_reg/no_sclr_lut.real_shift_ram.use_baseblock.not_use_hlutnm_srls.i_shift_ram/i_bb_inst/f0.srl_sig_reg[1][0]/C","sfo/residual_estimator/aux_service/u_xfft/U0/i_synth/xfft_inst/non_floating_point.arch_d.xfft_inst/pe_gen[1].natural_order_input.PE/FB_1.BF_1/BTFLY0/logic_bfly_byp.add_r/adder/i_baseblox.i_baseblox_addsub/no_pipelining.the_addsub/i_lut6.i_lut6_addsub/i_q.i_simple.qreg/i_no_async_controls.output_reg[6]/D","1.599","2"
"clk500","0.381","2.000","cfo/estimator/reset_fast_sync/arststages_ff_reg[3]/C","cfo/observation_front/pilot_count_reg[0]/R","1.502","2"
"clk500","0.381","2.000","cfo/estimator/reset_fast_sync/arststages_ff_reg[3]/C","cfo/observation_front/pilot_count_reg[1]/R","1.502","2"
"clk500","0.381","2.000","cfo/estimator/reset_fast_sync/arststages_ff_reg[3]/C","cfo/observation_front/pilot_count_reg[3]/R","1.502","2"
"clk500","0.381","2.000","cfo/estimator/reset_fast_sync/arststages_ff_reg[3]/C","cfo/observation_front/pilot_count_reg[4]/R","1.502","2"
"clk500","0.381","2.000","cfo/estimator/reset_fast_sync/arststages_ff_reg[3]/C","cfo/observation_front/pilot_count_reg[6]/R","1.502","2"
"clk500","0.381","2.000","cfo/estimator/reset_fast_sync/arststages_ff_reg[3]/C","cfo/observation_front/pilot_count_reg[7]/R","1.502","2"
"clk500","0.381","2.000","cfo/estimator/reset_fast_sync/arststages_ff_reg[3]/C","cfo/observation_front/pilot_count_reg[8]/R","1.502","2"
"clk500","0.381","2.000","cfo/estimator/reset_fast_sync/arststages_ff_reg[3]/C","cfo/observation_front/pilot_count_reg[9]/R","1.502","2"
"clk500","0.382","2.000","sfo/residual_estimator/aux_service/u_xfft/U0/i_synth/xfft_inst/non_floating_point.arch_d.xfft_inst/pe_gen[0].natural_order_input.PE/delay_addr_tw/no_sclr_lut.real_shift_ram.use_baseblock.use_hlutnm_srls.srl_loop[4].i_fdre1/C","sfo/residual_estimator/aux_service/u_xfft/U0/i_synth/xfft_inst/non_floating_point.arch_d.xfft_inst/pe_gen[0].natural_order_input.PE/hasbf2.FB_2.BF_2/MEM/blk_ram.use_bram_only.mem/depth_12_s6_depth_11.main_ram_loop[3].use_RAMB18.ram_2k_loop[1].SDP_RAMB18_9x2048/ADDRBWRADDR[12]","1.303","0"
"clk500","0.382","2.000","sfo/residual_estimator/aux_service/u_xfft/U0/i_synth/axi_wrapper/gen_has_nfft.nfft_we_int_reg/C","sfo/residual_estimator/aux_service/u_xfft/U0/i_synth/xfft_inst/non_floating_point.arch_d.xfft_inst/FLOW/has_nfft._nfft_value.NFFT_int_tmp_reg[2]/CE","1.513","1"
"clk500","0.382","2.000","sfo/residual_estimator/aux_service/u_xfft/U0/i_synth/xfft_inst/non_floating_point.arch_d.xfft_inst/pe_gen[0].natural_order_input.PE/has_addr_gen.bf2_addr_gen/cnt/cnt_addsub/i_baseblox.i_baseblox_addsub/no_pipelining.the_addsub/i_lut6.i_lut6_addsub/i_q.i_simple.qreg/i_no_async_controls.output_reg[9]/C","sfo/residual_estimator/aux_service/u_xfft/U0/i_synth/xfft_inst/non_floating_point.arch_d.xfft_inst/pe_gen[0].natural_order_input.PE/FB_1.BF_1/MEM/blk_ram.use_bram_only.mem/depth_13_s6_depth_12.main_ram_loop[2].use_RAMB18.ram_2k_loop[2].SDP_RAMB18_9x2048/ADDRBWRADDR[11]","1.334","0"
"clk500","0.382","2.000","sfo/residual_estimator/aux_service/u_xfft/U0/i_synth/xfft_inst/non_floating_point.arch_d.xfft_inst/pe_gen[0].natural_order_input.PE/has_addr_gen.bf2_addr_gen/cnt/cnt_addsub/i_baseblox.i_baseblox_addsub/no_pipelining.the_addsub/i_lut6.i_lut6_addsub/i_q.i_simple.qreg/i_no_async_controls.output_reg[6]/C","sfo/residual_estimator/aux_service/u_xfft/U0/i_synth/xfft_inst/non_floating_point.arch_d.xfft_inst/pe_gen[0].natural_order_input.PE/FB_1.BF_1/MEM/blk_ram.use_bram_only.mem/depth_13_s6_depth_12.need_extra_rams.extra_ram_loop[2].use_RAMB18.SDP_RAMB18_2x8192/ADDRBWRADDR[6]","1.308","0"
"clk500","0.382","2.000","sfo/residual_estimator/front_stage/main/service/u_xfft/U0/i_synth/xfft_inst/non_floating_point.arch_d.xfft_inst/pe_gen[0].natural_order_input.PE/FB_1.BF_1/BTFLY0/logic_bfly_byp.add_r/adder/i_baseblox.i_baseblox_addsub/no_pipelining.the_addsub/i_lut6.i_lut6_addsub/i_q.i_simple.qreg/i_no_async_controls.output_reg[7]/C","sfo/residual_estimator/front_stage/main/service/u_xfft/U0/i_synth/xfft_inst/non_floating_point.arch_d.xfft_inst/pe_gen[0].natural_order_input.PE/hasbf2.FB_2.BF_2/twos_cmp.REG_lower_re/no_sclr_lut.depth1_shift_ram.without_sclr.Qsr_reg[6]/D","1.599","0"
"clk500","0.383","2.000","cfo/windows/poison_sync/syncstages_ff_reg[3]/C","cfo/windows/packed_windows/fifo/gnuram_async_fifo.xpm_fifo_base_inst/rdp_inst/count_value_i_reg[10]/CE","1.514","3"
"clk500","0.383","2.000","cfo/windows/poison_sync/syncstages_ff_reg[3]/C","cfo/windows/packed_windows/fifo/gnuram_async_fifo.xpm_fifo_base_inst/rdp_inst/count_value_i_reg[11]/CE","1.514","3"
"clk500","0.383","2.000","cfo/windows/poison_sync/syncstages_ff_reg[3]/C","cfo/windows/packed_windows/fifo/gnuram_async_fifo.xpm_fifo_base_inst/rdp_inst/count_value_i_reg[12]/CE","1.514","3"
"clk500","0.383","2.000","cfo/windows/poison_sync/syncstages_ff_reg[3]/C","cfo/windows/packed_windows/fifo/gnuram_async_fifo.xpm_fifo_base_inst/rdp_inst/count_value_i_reg[9]/CE","1.514","3"
"clk500","0.383","2.000","sfo/residual_estimator/aux_service/u_xfft/U0/i_synth/xfft_inst/non_floating_point.arch_d.xfft_inst/pe_gen[0].natural_order_input.PE/has_addr_gen.bf2_addr_gen/cnt/cnt_addsub/i_baseblox.i_baseblox_addsub/no_pipelining.the_addsub/i_lut6.i_lut6_addsub/i_q.i_simple.qreg/i_no_async_controls.output_reg[5]/C","sfo/residual_estimator/aux_service/u_xfft/U0/i_synth/xfft_inst/non_floating_point.arch_d.xfft_inst/pe_gen[0].natural_order_input.PE/FB_1.BF_1/MEM/blk_ram.use_bram_only.mem/depth_13_s6_depth_12.main_ram_loop[2].use_RAMB18.ram_2k_loop[3].SDP_RAMB18_9x2048/ADDRBWRADDR[7]","1.286","0"
"clk500","0.383","2.000","sfo/residual_estimator/front_stage/main/service/u_ingress_fifo/gnuram_async_fifo.xpm_fifo_base_inst/gen_sdpram.xpm_memory_base_inst/gen_wr_a.gen_word_wide.mem_reg_bram_1/CLKARDCLK","sfo/residual_estimator/front_stage/main/service/u_xfft/U0/i_synth/axi_wrapper/data_in_channel_fifo/gen_real_time.data_out_reg[26]/D","1.551","0"
"clk500","0.383","2.000","cfo/observation_front/state_reg[0]/C","cfo/estimator/mailbox_data_reg[123]/CE","1.514","3"
"clk500","0.383","2.000","sfo/residual_estimator/front_stage/main/service/u_xfft/U0/i_synth/xfft_inst/non_floating_point.arch_d.xfft_inst/has_bit_reverse.natural_order_address_muxing.muxed_reorder_read_addr_reg[7]/C","sfo/residual_estimator/front_stage/main/service/u_xfft/U0/i_synth/xfft_inst/non_floating_point.arch_d.xfft_inst/has_bit_reverse.dig_rev_mem/blk_ram.use_bram_only.mem/depth_11.ram_loop[3].use_RAMB18.SDP_RAMB18_9x2048/ADDRBWRADDR[10]","1.313","0"
"clk500","0.384","2.000","cfo/observation_front/fft_core/tag_reg[8][bf][8]/C","cfo/observation_front/fft_core/tw_index_reg[1]/CE","1.512","4"
"clk500","0.384","2.000","cfo/observation_front/fft_core/tag_reg[8][bf][8]/C","cfo/observation_front/fft_core/tw_index_reg[2]/CE","1.512","4"
"clk500","0.384","2.000","cfo/observation_front/fft_core/output_valid_reg/C","cfo/observation_front/m_generation_reg[0]/CE","1.511","2"
"clk500","0.384","2.000","cfo/observation_front/fft_core/output_valid_reg/C","cfo/observation_front/m_generation_reg[14]/CE","1.512","2"
"clk500","0.384","2.000","cfo/observation_front/fft_core/output_valid_reg/C","cfo/observation_front/m_generation_reg[15]/CE","1.511","2"
"clk500","0.384","2.000","cfo/observation_front/fft_core/output_valid_reg/C","cfo/observation_front/m_generation_reg[17]/CE","1.512","2"
"clk500","0.384","2.000","cfo/observation_front/fft_core/output_valid_reg/C","cfo/observation_front/m_generation_reg[1]/CE","1.511","2"
"clk500","0.384","2.000","cfo/observation_front/fft_core/output_valid_reg/C","cfo/observation_front/m_generation_reg[21]/CE","1.512","2"
"clk500","0.384","2.000","cfo/observation_front/fft_core/output_valid_reg/C","cfo/observation_front/m_generation_reg[23]/CE","1.511","2"
"clk500","0.384","2.000","cfo/observation_front/fft_core/output_valid_reg/C","cfo/observation_front/m_generation_reg[2]/CE","1.512","2"
"clk500","0.384","2.000","cfo/observation_front/fft_core/output_valid_reg/C","cfo/observation_front/m_generation_reg[7]/CE","1.512","2"
"clk500","0.384","2.000","cfo/observation_front/v_reg[5]/C","cfo/observation_front/m_z_i_reg[28]/CE","1.513","1"
"clk500","0.384","2.000","cfo/observation_front/v_reg[5]/C","cfo/observation_front/m_z_i_reg[29]/CE","1.513","1"
"clk500","0.384","2.000","cfo/observation_front/v_reg[5]/C","cfo/observation_front/m_z_i_reg[30]/CE","1.513","1"
"clk500","0.384","2.000","cfo/observation_front/v_reg[5]/C","cfo/observation_front/m_z_i_reg[31]/CE","1.513","1"
"clk500","0.384","2.000","cfo/windows/packed_windows/fifo/gnuram_async_fifo.xpm_fifo_base_inst/rdp_inst/count_value_i_reg[4]/C","cfo/windows/packed_windows/fifo/gnuram_async_fifo.xpm_fifo_base_inst/gen_sdpram.xpm_memory_base_inst/gen_wr_a.gen_word_narrow.mem_reg_bram_9/ADDRBWRADDR[9]","1.288","0"
"clk500","0.384","2.000","sfo/residual_estimator/aux_service/u_xfft/U0/i_synth/xfft_inst/non_floating_point.arch_d.xfft_inst/has_bit_reverse.natural_order_address_muxing.muxed_reorder_read_addr_reg[0]/C","sfo/residual_estimator/aux_service/u_xfft/U0/i_synth/xfft_inst/non_floating_point.arch_d.xfft_inst/has_bit_reverse.dig_rev_mem/blk_ram.use_bram_only.mem/depth_14.main_ram_loop[2].use_RAMB18.ram_2k_loop[7].SDP_RAMB18_9x2048/ADDRBWRADDR[3]","1.248","0"
"clk500","0.384","2.000","sfo/residual_estimator/front_stage/main/service/u_xfft/U0/i_synth/xfft_inst/non_floating_point.arch_d.xfft_inst/has_bit_reverse.no_cp.muxed_reorder_write_addr_del_reg[4]/C","sfo/residual_estimator/front_stage/main/service/u_xfft/U0/i_synth/xfft_inst/non_floating_point.arch_d.xfft_inst/has_bit_reverse.dig_rev_mem/blk_ram.use_bram_only.mem/depth_11.ram_loop[2].use_RAMB18.SDP_RAMB18_9x2048/ADDRARDADDR[7]","1.310","0"
"clk500","0.384","2.000","sfo/residual_estimator/aux_service/u_xfft/U0/i_synth/xfft_inst/non_floating_point.arch_d.xfft_inst/has_bit_reverse.no_cp.muxed_reorder_write_addr_del_reg[3]/C","sfo/residual_estimator/aux_service/u_xfft/U0/i_synth/xfft_inst/non_floating_point.arch_d.xfft_inst/has_bit_reverse.dig_rev_mem/blk_ram.use_bram_only.mem/depth_14.main_ram_loop[1].use_RAMB18.ram_2k_loop[3].SDP_RAMB18_9x2048/ADDRARDADDR[6]","1.327","0"
"clk500","0.384","2.000","sfo/residual_estimator/aux_service/u_xfft/U0/i_synth/axi_wrapper/sclr_int_reg/C","sfo/residual_estimator/aux_service/u_xfft/U0/i_synth/xfft_inst/non_floating_point.arch_d.xfft_inst/FLOW/fwd_inv_int_reg/S","1.500","0"
"clk500","0.384","2.000","sfo/residual_estimator/aux_service/u_xfft/U0/i_synth/axi_wrapper/sclr_int_reg/C","sfo/residual_estimator/aux_service/u_xfft/U0/i_synth/xfft_inst/non_floating_point.arch_d.xfft_inst/FLOW/fwd_inv_out_i_reg/S","1.500","0"
"clk500","0.385","2.000","cfo/observation_front/fft_core/v_reg[5]/C","cfo/observation_front/fft_core/tag_reg[6][row_a][1]/CE","1.510","1"
"clk500","0.385","2.000","cfo/observation_front/fft_core/v_reg[5]/C","cfo/observation_front/fft_core/tag_reg[6][row_b][7]/CE","1.510","1"
"clk500","0.385","2.000","cfo/observation_front/fft_core/v_reg[5]/C","cfo/observation_front/fft_core/tag_reg[6][row_b][9]/CE","1.510","1"
"clk500","0.385","2.000","cfo/estimator/observation_fifo/gnuram_async_fifo.xpm_fifo_base_inst/gen_pf_ic_rc.ngen_full_rst_val.ram_full_i_reg/C","cfo/estimator/observation_fifo/gnuram_async_fifo.xpm_fifo_base_inst/gen_sdpram.xpm_memory_base_inst/gen_wr_a.gen_word_narrow.mem_reg_0_15_0_13/RAMA/WE","1.415","2"
"clk500","0.385","2.000","cfo/estimator/observation_fifo/gnuram_async_fifo.xpm_fifo_base_inst/gen_pf_ic_rc.ngen_full_rst_val.ram_full_i_reg/C","cfo/estimator/observation_fifo/gnuram_async_fifo.xpm_fifo_base_inst/gen_sdpram.xpm_memory_base_inst/gen_wr_a.gen_word_narrow.mem_reg_0_15_0_13/RAMA_D1/WE","1.415","2"
"clk500","0.385","2.000","cfo/estimator/observation_fifo/gnuram_async_fifo.xpm_fifo_base_inst/gen_pf_ic_rc.ngen_full_rst_val.ram_full_i_reg/C","cfo/estimator/observation_fifo/gnuram_async_fifo.xpm_fifo_base_inst/gen_sdpram.xpm_memory_base_inst/gen_wr_a.gen_word_narrow.mem_reg_0_15_0_13/RAMB/WE","1.415","2"
"clk500","0.385","2.000","cfo/estimator/observation_fifo/gnuram_async_fifo.xpm_fifo_base_inst/gen_pf_ic_rc.ngen_full_rst_val.ram_full_i_reg/C","cfo/estimator/observation_fifo/gnuram_async_fifo.xpm_fifo_base_inst/gen_sdpram.xpm_memory_base_inst/gen_wr_a.gen_word_narrow.mem_reg_0_15_0_13/RAMB_D1/WE","1.415","2"
"clk500","0.385","2.000","cfo/estimator/observation_fifo/gnuram_async_fifo.xpm_fifo_base_inst/gen_pf_ic_rc.ngen_full_rst_val.ram_full_i_reg/C","cfo/estimator/observation_fifo/gnuram_async_fifo.xpm_fifo_base_inst/gen_sdpram.xpm_memory_base_inst/gen_wr_a.gen_word_narrow.mem_reg_0_15_0_13/RAMC/WE","1.415","2"
"clk500","0.385","2.000","cfo/estimator/observation_fifo/gnuram_async_fifo.xpm_fifo_base_inst/gen_pf_ic_rc.ngen_full_rst_val.ram_full_i_reg/C","cfo/estimator/observation_fifo/gnuram_async_fifo.xpm_fifo_base_inst/gen_sdpram.xpm_memory_base_inst/gen_wr_a.gen_word_narrow.mem_reg_0_15_0_13/RAMC_D1/WE","1.415","2"
"clk500","0.385","2.000","cfo/estimator/observation_fifo/gnuram_async_fifo.xpm_fifo_base_inst/gen_pf_ic_rc.ngen_full_rst_val.ram_full_i_reg/C","cfo/estimator/observation_fifo/gnuram_async_fifo.xpm_fifo_base_inst/gen_sdpram.xpm_memory_base_inst/gen_wr_a.gen_word_narrow.mem_reg_0_15_0_13/RAMD/WE","1.415","2"
"clk500","0.385","2.000","cfo/estimator/observation_fifo/gnuram_async_fifo.xpm_fifo_base_inst/gen_pf_ic_rc.ngen_full_rst_val.ram_full_i_reg/C","cfo/estimator/observation_fifo/gnuram_async_fifo.xpm_fifo_base_inst/gen_sdpram.xpm_memory_base_inst/gen_wr_a.gen_word_narrow.mem_reg_0_15_0_13/RAMD_D1/WE","1.415","2"
"clk500","0.385","2.000","cfo/estimator/observation_fifo/gnuram_async_fifo.xpm_fifo_base_inst/gen_pf_ic_rc.ngen_full_rst_val.ram_full_i_reg/C","cfo/estimator/observation_fifo/gnuram_async_fifo.xpm_fifo_base_inst/gen_sdpram.xpm_memory_base_inst/gen_wr_a.gen_word_narrow.mem_reg_0_15_0_13/RAME/WE","1.415","2"
"clk500","0.385","2.000","cfo/estimator/observation_fifo/gnuram_async_fifo.xpm_fifo_base_inst/gen_pf_ic_rc.ngen_full_rst_val.ram_full_i_reg/C","cfo/estimator/observation_fifo/gnuram_async_fifo.xpm_fifo_base_inst/gen_sdpram.xpm_memory_base_inst/gen_wr_a.gen_word_narrow.mem_reg_0_15_0_13/RAME_D1/WE","1.415","2"
"clk500","0.385","2.000","cfo/estimator/observation_fifo/gnuram_async_fifo.xpm_fifo_base_inst/gen_pf_ic_rc.ngen_full_rst_val.ram_full_i_reg/C","cfo/estimator/observation_fifo/gnuram_async_fifo.xpm_fifo_base_inst/gen_sdpram.xpm_memory_base_inst/gen_wr_a.gen_word_narrow.mem_reg_0_15_0_13/RAMF/WE","1.415","2"
"clk500","0.385","2.000","cfo/estimator/observation_fifo/gnuram_async_fifo.xpm_fifo_base_inst/gen_pf_ic_rc.ngen_full_rst_val.ram_full_i_reg/C","cfo/estimator/observation_fifo/gnuram_async_fifo.xpm_fifo_base_inst/gen_sdpram.xpm_memory_base_inst/gen_wr_a.gen_word_narrow.mem_reg_0_15_0_13/RAMF_D1/WE","1.415","2"
"clk500","0.385","2.000","cfo/estimator/observation_fifo/gnuram_async_fifo.xpm_fifo_base_inst/gen_pf_ic_rc.ngen_full_rst_val.ram_full_i_reg/C","cfo/estimator/observation_fifo/gnuram_async_fifo.xpm_fifo_base_inst/gen_sdpram.xpm_memory_base_inst/gen_wr_a.gen_word_narrow.mem_reg_0_15_0_13/RAMG/WE","1.415","2"
"clk500","0.385","2.000","cfo/estimator/observation_fifo/gnuram_async_fifo.xpm_fifo_base_inst/gen_pf_ic_rc.ngen_full_rst_val.ram_full_i_reg/C","cfo/estimator/observation_fifo/gnuram_async_fifo.xpm_fifo_base_inst/gen_sdpram.xpm_memory_base_inst/gen_wr_a.gen_word_narrow.mem_reg_0_15_0_13/RAMG_D1/WE","1.415","2"
"clk500","0.385","2.000","cfo/estimator/observation_fifo/gnuram_async_fifo.xpm_fifo_base_inst/gen_pf_ic_rc.ngen_full_rst_val.ram_full_i_reg/C","cfo/estimator/observation_fifo/gnuram_async_fifo.xpm_fifo_base_inst/gen_sdpram.xpm_memory_base_inst/gen_wr_a.gen_word_narrow.mem_reg_0_15_0_13/RAMH/WE","1.415","2"
"clk500","0.385","2.000","cfo/estimator/observation_fifo/gnuram_async_fifo.xpm_fifo_base_inst/gen_pf_ic_rc.ngen_full_rst_val.ram_full_i_reg/C","cfo/estimator/observation_fifo/gnuram_async_fifo.xpm_fifo_base_inst/gen_sdpram.xpm_memory_base_inst/gen_wr_a.gen_word_narrow.mem_reg_0_15_0_13/RAMH_D1/WE","1.415","2"
"clk500","0.385","2.000","sfo/residual_estimator/aux_service/u_xfft/U0/i_synth/xfft_inst/non_floating_point.arch_d.xfft_inst/pe_gen[0].natural_order_input.PE/has_addr_gen.bf2_addr_gen/cnt/cnt_addsub/i_baseblox.i_baseblox_addsub/no_pipelining.the_addsub/i_lut6.i_lut6_addsub/i_q.i_simple.qreg/i_no_async_controls.output_reg[10]/C","sfo/residual_estimator/aux_service/u_xfft/U0/i_synth/xfft_inst/non_floating_point.arch_d.xfft_inst/pe_gen[0].natural_order_input.PE/FB_1.BF_1/MEM/blk_ram.use_bram_only.mem/depth_13_s6_depth_12.main_ram_loop[1].use_RAMB18.ram_2k_loop[2].SDP_RAMB18_9x2048/ADDRBWRADDR[12]","1.300","0"
"clk500","0.386","2.000","cfo/windows/packed_windows/fifo/gnuram_async_fifo.xpm_fifo_base_inst/gen_sdpram.xpm_memory_base_inst/gen_wr_a.gen_word_narrow.mem_reg_bram_3/CLKBWRCLK","cfo/windows/packed_tail_reg[7]/D","1.548","0"
"clk500","0.386","2.000","sfo/residual_estimator/aux_service/u_xfft/U0/i_synth/xfft_inst/non_floating_point.arch_d.xfft_inst/has_bit_reverse.dig_rev_mem/blk_ram.use_bram_only.mem/depth_14.main_ram_loop[0].mux_8to1.has_output_reg.addrb_mux_sel_reg_reg[2]/C","sfo/residual_estimator/aux_service/u_xfft/U0/i_synth/xfft_inst/non_floating_point.arch_d.xfft_inst/has_bit_reverse.pe_natural_out_reg[17]/D","1.596","1"
"clk500","0.386","2.000","cfo/observation_front/fft_core/stage_index_reg[0]/C","cfo/observation_front/fft_core/stage_index_reg[0]/CE","1.510","2"
"clk500","0.386","2.000","cfo/observation_front/fft_core/stage_index_reg[0]/C","cfo/observation_front/fft_core/tw_stride_reg[0]/CE","1.510","2"
"clk500","0.387","2.000","sfo/residual_estimator/aux_service/u_xfft/U0/i_synth/xfft_inst/non_floating_point.arch_d.xfft_inst/pe_gen[3].natural_order_input.PE/hasbf2.FB_2.BF_2/yes_nfft.bypass_reg/no_sclr_lut.real_shift_ram.use_baseblock.not_use_hlutnm_srls.i_shift_ram/i_bb_inst/f0.srl_sig_reg[1][0]/C","sfo/residual_estimator/aux_service/u_xfft/U0/i_synth/xfft_inst/non_floating_point.arch_d.xfft_inst/pe_gen[3].natural_order_input.PE/hasbf2.FB_2.BF_2/BTFLY0/logic_bfly_byp.sub_i/sub/i_baseblox.i_baseblox_addsub/no_pipelining.the_addsub/i_lut6.i_lut6_addsub/i_q.i_simple.qreg/i_no_async_controls.output_reg[16]/D","1.595","2"
"clk500","0.387","2.000","cfo/observation_front/fft_core/state_reg[1]/C","cfo/observation_front/fft_core/tag_reg[7][row_b][2]/CE","1.510","1"
"clk500","0.387","2.000","cfo/observation_front/fft_core/state_reg[1]/C","cfo/observation_front/fft_core/tag_reg[7][row_b][4]/CE","1.510","1"
"clk500","0.387","2.000","cfo/observation_front/fft_core/state_reg[1]/C","cfo/observation_front/fft_core/tag_reg[7][row_b][7]/CE","1.510","1"
"clk500","0.387","2.000","sfo/residual_estimator/aux_service/u_xfft/U0/i_synth/xfft_inst/non_floating_point.arch_d.xfft_inst/pe_gen[0].natural_order_input.PE/has_TW_mult.MULT/i_cmpy/three_mult_structure.use_dsp.i_dsp48/mult2_preadder_d_plus_a.mult2/mult/use_prim.appDSP48[0].bppDSP48[0].use_dsp.use_dsp48e2.iDSP48E2/DSP_OUTPUT_INST/CLK","sfo/residual_estimator/aux_service/u_xfft/U0/i_synth/xfft_inst/non_floating_point.arch_d.xfft_inst/pe_gen[0].natural_order_input.PE/has_TW_mult.MULT/i_cmpy/three_mult_structure.use_dsp.i_dsp48/mult3_preadder_d_minus_a.mult3/mult/use_prim.appDSP48[0].bppDSP48[0].use_dsp.use_dsp48e2.iDSP48E2/DSP_C_DATA_INST/C[45]","1.342","0"
"clk500","0.387","2.000","sfo/residual_estimator/aux_service/u_xfft/U0/i_synth/xfft_inst/non_floating_point.arch_d.xfft_inst/pe_gen[4].natural_order_input.PE/FB_1.BF_1/yes_nfft.bypass_reg/no_sclr_lut.real_shift_ram.use_baseblock.not_use_hlutnm_srls.i_shift_ram/i_bb_inst/f0.srl_sig_reg[1][0]/C","sfo/residual_estimator/aux_service/u_xfft/U0/i_synth/xfft_inst/non_floating_point.arch_d.xfft_inst/pe_gen[4].natural_order_input.PE/FB_1.BF_1/BTFLY0/logic_bfly_byp.sub_r/sub/i_baseblox.i_baseblox_addsub/no_pipelining.the_addsub/i_lut6.i_lut6_addsub/i_q.i_simple.qreg/i_no_async_controls.output_reg[10]/D","1.593","3"
"clk500","0.387","2.000","cfo/windows/complete_windows/fifo/gnuram_async_fifo.xpm_fifo_base_inst/gen_sdpram.xpm_memory_base_inst/gen_wr_a.gen_word_narrow.mem_reg/CLKARDCLK","cfo/windows/fast_header_reg[66]/D","1.548","0"
"clk500","0.387","2.000","sfo/residual_estimator/front_stage/main/service/u_ingress_fifo/gnuram_async_fifo.xpm_fifo_base_inst/gen_sdpram.xpm_memory_base_inst/gen_wr_a.gen_word_wide.mem_reg_bram_0/CLKARDCLK","sfo/residual_estimator/front_stage/main/service/u_ingress_fifo/gnuram_async_fifo.xpm_fifo_base_inst/gen_sdpram.xpm_memory_base_inst/gen_rd_b.gen_doutb_pipe.doutb_pipe_reg[0][0]/D","1.548","0"
"clk500","0.388","2.000","sfo/residual_estimator/aux_service/u_xfft/U0/i_synth/axi_wrapper/data_out_channel/gen_real_time.data_out_reg[5]/C","sfo/residual_estimator/aux_service/u_egress_fifo/gnuram_async_fifo.xpm_fifo_base_inst/gen_sdpram.xpm_memory_base_inst/gen_wr_a.gen_word_narrow.mem_reg_bram_0/DINADIN[4]","1.298","0"
"clk500","0.388","2.000","sfo/residual_estimator/aux_service/u_egress_fifo/gnuram_async_fifo.xpm_fifo_base_inst/xpm_fifo_rst_inst/gen_rst_ic.wr_rst_busy_ic_reg/C","sfo/residual_estimator/aux_service/u_egress_fifo/gnuram_async_fifo.xpm_fifo_base_inst/wrpp1_inst/count_value_i_reg[5]/CE","1.507","3"
"clk500","0.388","2.000","sfo/residual_estimator/aux_service/u_egress_fifo/gnuram_async_fifo.xpm_fifo_base_inst/xpm_fifo_rst_inst/gen_rst_ic.wr_rst_busy_ic_reg/C","sfo/residual_estimator/aux_service/u_egress_fifo/gnuram_async_fifo.xpm_fifo_base_inst/wrpp1_inst/count_value_i_reg[6]/CE","1.507","3"
"clk500","0.388","2.000","sfo/residual_estimator/aux_service/u_egress_fifo/gnuram_async_fifo.xpm_fifo_base_inst/xpm_fifo_rst_inst/gen_rst_ic.wr_rst_busy_ic_reg/C","sfo/residual_estimator/aux_service/u_egress_fifo/gnuram_async_fifo.xpm_fifo_base_inst/wrpp1_inst/count_value_i_reg[7]/CE","1.507","3"
"clk500","0.388","2.000","sfo/residual_estimator/aux_service/u_egress_fifo/gnuram_async_fifo.xpm_fifo_base_inst/xpm_fifo_rst_inst/gen_rst_ic.wr_rst_busy_ic_reg/C","sfo/residual_estimator/aux_service/u_egress_fifo/gnuram_async_fifo.xpm_fifo_base_inst/wrpp1_inst/count_value_i_reg[8]/CE","1.507","3"
"clk500","0.388","2.000","cfo/observation_front/pi4_reg/DSP_OUTPUT_INST/CLK","cfo/observation_front/h_q5_reg[3]/D","1.562","4"
"clk500","0.388","2.000","sfo/residual_estimator/aux_service/u_xfft/U0/i_synth/xfft_inst/non_floating_point.arch_d.xfft_inst/has_bit_reverse.no_cp.muxed_reorder_write_addr_del_reg[8]/C","sfo/residual_estimator/aux_service/u_xfft/U0/i_synth/xfft_inst/non_floating_point.arch_d.xfft_inst/has_bit_reverse.dig_rev_mem/blk_ram.use_bram_only.mem/depth_14.main_ram_loop[0].use_RAMB18.ram_2k_loop[1].SDP_RAMB18_9x2048/ADDRARDADDR[11]","1.311","0"
"clk500","0.389","2.000","sfo/residual_estimator/aux_service/u_xfft/U0/i_synth/xfft_inst/non_floating_point.arch_d.xfft_inst/pe_gen[3].natural_order_input.PE/hasbf2.FB_2.BF_2/yes_nfft.bypass_reg/no_sclr_lut.real_shift_ram.use_baseblock.not_use_hlutnm_srls.i_shift_ram/i_bb_inst/f0.srl_sig_reg[1][0]/C","sfo/residual_estimator/aux_service/u_xfft/U0/i_synth/xfft_inst/non_floating_point.arch_d.xfft_inst/pe_gen[3].natural_order_input.PE/hasbf2.FB_2.BF_2/BTFLY0/logic_bfly_byp.sub_i/sub/i_baseblox.i_baseblox_addsub/no_pipelining.the_addsub/i_lut6.i_lut6_addsub/i_q.i_simple.qreg/i_no_async_controls.output_reg[14]/D","1.593","2"
"clk500","0.389","2.000","sfo/residual_estimator/aux_service/u_xfft/U0/i_synth/xfft_inst/non_floating_point.arch_d.xfft_inst/has_bit_reverse.no_cp.muxed_reorder_write_addr_del_reg[3]/C","sfo/residual_estimator/aux_service/u_xfft/U0/i_synth/xfft_inst/non_floating_point.arch_d.xfft_inst/has_bit_reverse.dig_rev_mem/blk_ram.use_bram_only.mem/depth_14.need_extra_rams.extra_ram_loop[1].use_RAMB18.SDP_RAMB18_1x16384/ADDRARDADDR[3]","1.267","0"
"clk500","0.389","2.000","cfo/observation_front/fft_core/state_reg[1]/C","cfo/observation_front/fft_core/tag_reg[2][row_b][0]/CE","1.508","1"
"clk500","0.389","2.000","cfo/observation_front/fft_core/state_reg[1]/C","cfo/observation_front/fft_core/tag_reg[2][row_b][1]/CE","1.508","1"
"clk500","0.389","2.000","cfo/observation_front/v_reg[5]/C","cfo/observation_front/m_z_i_reg[24]/CE","1.508","1"
"clk500","0.389","2.000","cfo/observation_front/v_reg[5]/C","cfo/observation_front/m_z_i_reg[25]/CE","1.508","1"
"clk500","0.389","2.000","cfo/observation_front/v_reg[5]/C","cfo/observation_front/m_z_i_reg[26]/CE","1.508","1"
"clk500","0.389","2.000","cfo/observation_front/v_reg[5]/C","cfo/observation_front/m_z_i_reg[27]/CE","1.508","1"
"clk500","0.389","2.000","sfo/residual_estimator/aux_service/u_xfft/U0/i_synth/axi_wrapper/data_out_channel/gen_real_time.data_out_reg[25]/C","sfo/residual_estimator/aux_service/u_egress_fifo/gnuram_async_fifo.xpm_fifo_base_inst/gen_sdpram.xpm_memory_base_inst/gen_wr_a.gen_word_narrow.mem_reg_bram_2/DINADIN[6]","1.341","0"
"clk500","0.390","2.000","cfo/observation_front/v_reg[5]/C","cfo/observation_front/sum_q_reg[36]/CE","1.507","0"
"clk500","0.390","2.000","cfo/observation_front/v_reg[5]/C","cfo/observation_front/sum_q_reg[37]/CE","1.507","0"
"clk500","0.390","2.000","sfo/residual_estimator/aux_service/u_xfft/U0/i_synth/xfft_inst/non_floating_point.arch_d.xfft_inst/has_bit_reverse.natural_order_address_muxing.muxed_reorder_read_addr_reg[3]/C","sfo/residual_estimator/aux_service/u_xfft/U0/i_synth/xfft_inst/non_floating_point.arch_d.xfft_inst/has_bit_reverse.dig_rev_mem/blk_ram.use_bram_only.mem/depth_14.main_ram_loop[0].use_RAMB18.ram_2k_loop[1].SDP_RAMB18_9x2048/ADDRBWRADDR[6]","1.301","0"
"clk500","0.390","2.000","sfo/residual_estimator/front_stage/main/service/u_xfft/U0/i_synth/axi_wrapper/data_in_channel_fifo/gen_real_time.full_reg/C","sfo/residual_estimator/front_stage/main/service/u_ingress_fifo/gnuram_async_fifo.xpm_fifo_base_inst/FSM_sequential_gen_fwft.curr_fwft_state_reg[1]/D","1.591","3"
"clk500","0.390","2.000","sfo/residual_estimator/front_stage/main/service/u_xfft/U0/i_synth/xfft_inst/non_floating_point.arch_d.xfft_inst/pe_gen[0].natural_order_input.PE/has_addr_gen.bf2_addr_gen/cnt/cnt_addsub/i_baseblox.i_baseblox_addsub/no_pipelining.the_addsub/i_lut6.i_lut6_addsub/i_q.i_simple.qreg/i_no_async_controls.output_reg[9]/C","sfo/residual_estimator/front_stage/main/service/u_xfft/U0/i_synth/xfft_inst/non_floating_point.arch_d.xfft_inst/pe_gen[0].natural_order_input.PE/FB_1.BF_1/MEM/blk_ram.use_bram_only.mem/depth_10.ram_loop[1].use_RAMB18.SDP_RAMB18_18x1024/ADDRBWRADDR[12]","1.297","0"
"clk500","0.390","2.000","cfo/observation_front/fft_core/bank1_reg_bram_0/CLKBWRCLK","cfo/observation_front/fft_core/pr4_reg/DSP_A_B_DATA_INST/A[28]","1.250","1"
"clk500","0.390","2.000","sfo/residual_estimator/aux_service/u_xfft/U0/i_synth/xfft_inst/non_floating_point.arch_d.xfft_inst/input_delay_im/no_sclr_lut.real_shift_ram.use_baseblock.use_hlutnm_srls.srl_loop[0].i_fdre0/C","sfo/residual_estimator/aux_service/u_xfft/U0/i_synth/xfft_inst/non_floating_point.arch_d.xfft_inst/pe_gen[3].natural_order_input.PE/bypass_muxes.din_im_mux_gen[0].reg/D","1.590","1"
"clk500","0.390","2.000","sfo/residual_estimator/front_stage/main/service/u_xfft/U0/i_synth/xfft_inst/non_floating_point.arch_d.xfft_inst/has_bit_reverse.DV_reg/C","sfo/residual_estimator/front_stage/main/service/u_xfft/U0/i_synth/axi_wrapper/gen_status_channel.gen_status_ovflo.status_fifo_write_data_reg[0]/D","1.592","3"
"clk500","0.391","2.000","cfo/windows/packed_windows/fifo/gnuram_async_fifo.xpm_fifo_base_inst/rdp_inst/count_value_i_reg[10]/C","cfo/windows/packed_windows/fifo/gnuram_async_fifo.xpm_fifo_base_inst/gen_cdc_pntr.rd_pntr_cdc_dc_inst/src_gray_ff_reg[12]/D","1.591","1"
"clk500","0.391","2.000","cfo/windows/packed_windows/fifo/gnuram_async_fifo.xpm_fifo_base_inst/rdp_inst/count_value_i_reg[5]/C","cfo/windows/packed_windows/fifo/gnuram_async_fifo.xpm_fifo_base_inst/gen_cdc_pntr.rd_pntr_cdc_dc_inst/src_gray_ff_reg[6]/D","1.590","2"
"clk500","0.391","2.000","sfo/residual_estimator/aux_service/u_xfft/U0/i_synth/xfft_inst/non_floating_point.arch_d.xfft_inst/has_bit_reverse.no_cp.muxed_reorder_write_addr_del_reg[0]/C","sfo/residual_estimator/aux_service/u_xfft/U0/i_synth/xfft_inst/non_floating_point.arch_d.xfft_inst/has_bit_reverse.dig_rev_mem/blk_ram.use_bram_only.mem/depth_14.need_extra_rams.extra_ram_loop[1].use_RAMB18.SDP_RAMB18_1x16384/ADDRARDADDR[0]","1.269","0"
"clk500","0.391","2.000","sfo/residual_estimator/front_stage/main/service/u_xfft/U0/i_synth/xfft_inst/non_floating_point.arch_d.xfft_inst/pe_gen[0].natural_order_input.PE/has_TW_mult.MULT/i_cmpy/three_mult_structure.use_dsp.i_dsp48/dsp_preadder_3.reg_mult3_preadd_d/dN.std_srl.shift_reg_reg[1][12]/C","sfo/residual_estimator/front_stage/main/service/u_xfft/U0/i_synth/xfft_inst/non_floating_point.arch_d.xfft_inst/pe_gen[0].natural_order_input.PE/has_TW_mult.MULT/i_cmpy/three_mult_structure.use_dsp.i_dsp48/mult3_preadder_d_minus_a.mult3/mult/use_prim.appDSP48[0].bppDSP48[0].use_dsp.use_dsp48e2.iDSP48E2/DSP_PREADD_DATA_INST/DIN[12]","1.350","0"
"clk500","0.392","2.000","sfo/residual_estimator/front_stage/main/service/u_xfft/U0/i_synth/axi_wrapper/data_out_channel/gen_real_time.data_out_reg[25]/C","sfo/residual_estimator/front_stage/main/service/u_egress_fifo/gnuram_async_fifo.xpm_fifo_base_inst/gen_sdpram.xpm_memory_base_inst/gen_wr_a.gen_word_narrow.mem_reg_bram_2/DINADIN[6]","1.339","0"
"clk500","0.392","2.000","cfo/observation_front/fft_core/offset_in_group_reg[0]/C","cfo/observation_front/fft_core/offset_in_group_reg[7]/D","1.589","4"
"clk500","0.392","2.000","cfo/windows/packed_windows/fifo/gnuram_async_fifo.xpm_fifo_base_inst/rdp_inst/count_value_i_reg[10]/C","cfo/windows/packed_windows/fifo/gnuram_async_fifo.xpm_fifo_base_inst/gen_cdc_pntr.rd_pntr_cdc_dc_inst/src_gray_ff_reg[11]/D","1.590","2"
"clk500","0.392","2.000","sfo/residual_estimator/aux_service/u_xfft/U0/i_synth/xfft_inst/non_floating_point.arch_d.xfft_inst/has_bit_reverse.no_cp.muxed_reorder_write_addr_del_reg[12]/C","sfo/residual_estimator/aux_service/u_xfft/U0/i_synth/xfft_inst/non_floating_point.arch_d.xfft_inst/has_bit_reverse.dig_rev_mem/blk_ram.use_bram_only.mem/depth_14.main_ram_loop[2].use_RAMB18.ram_2k_loop[0].SDP_RAMB18_9x2048/WEA[0]","1.189","1"
"clk500","0.392","2.000","sfo/residual_estimator/aux_service/u_xfft/U0/i_synth/xfft_inst/non_floating_point.arch_d.xfft_inst/pe_gen[1].natural_order_input.PE/FB_1.BF_1/yes_nfft.bypass_reg/no_sclr_lut.real_shift_ram.use_baseblock.not_use_hlutnm_srls.i_shift_ram/i_bb_inst/f0.srl_sig_reg[1][0]/C","sfo/residual_estimator/aux_service/u_xfft/U0/i_synth/xfft_inst/non_floating_point.arch_d.xfft_inst/pe_gen[1].natural_order_input.PE/FB_1.BF_1/BTFLY0/logic_bfly_byp.add_r/adder/i_baseblox.i_baseblox_addsub/no_pipelining.the_addsub/i_lut6.i_lut6_addsub/i_q.i_simple.qreg/i_no_async_controls.output_reg[7]/D","1.588","2"
"clk500","0.392","2.000","cfo/windows/packed_windows/fifo/gnuram_async_fifo.xpm_fifo_base_inst/gen_sdpram.xpm_memory_base_inst/gen_wr_a.gen_word_narrow.mem_reg_bram_11/CLKBWRCLK","cfo/windows/packed_tail_reg[100]/D","1.543","0"
"clk500","0.393","2.000","sfo/residual_estimator/aux_service/u_egress_fifo/gnuram_async_fifo.xpm_fifo_base_inst/xpm_fifo_rst_inst/gen_rst_ic.wr_rst_busy_ic_reg/C","sfo/residual_estimator/aux_service/u_egress_fifo/gnuram_async_fifo.xpm_fifo_base_inst/wrpp1_inst/count_value_i_reg[1]/CE","1.502","3"
"clk500","0.393","2.000","sfo/residual_estimator/aux_service/u_egress_fifo/gnuram_async_fifo.xpm_fifo_base_inst/xpm_fifo_rst_inst/gen_rst_ic.wr_rst_busy_ic_reg/C","sfo/residual_estimator/aux_service/u_egress_fifo/gnuram_async_fifo.xpm_fifo_base_inst/wrpp1_inst/count_value_i_reg[2]/CE","1.502","3"
"clk500","0.393","2.000","sfo/residual_estimator/aux_service/u_egress_fifo/gnuram_async_fifo.xpm_fifo_base_inst/xpm_fifo_rst_inst/gen_rst_ic.wr_rst_busy_ic_reg/C","sfo/residual_estimator/aux_service/u_egress_fifo/gnuram_async_fifo.xpm_fifo_base_inst/wrpp1_inst/count_value_i_reg[3]/CE","1.502","3"
"clk500","0.393","2.000","sfo/residual_estimator/aux_service/u_egress_fifo/gnuram_async_fifo.xpm_fifo_base_inst/xpm_fifo_rst_inst/gen_rst_ic.wr_rst_busy_ic_reg/C","sfo/residual_estimator/aux_service/u_egress_fifo/gnuram_async_fifo.xpm_fifo_base_inst/wrpp1_inst/count_value_i_reg[4]/CE","1.502","3"
"clk500","0.393","2.000","cfo/observation_front/fft_core/tag_reg[1][bank_a]/C","cfo/observation_front/fft_core/pi4_reg/DSP_A_B_DATA_INST/A[4]","1.318","1"
"clk500","0.393","2.000","sfo/initial_estimator/owner/fft/u_ingress_fifo/gnuram_async_fifo.xpm_fifo_base_inst/gen_sdpram.xpm_memory_base_inst/gen_wr_a.gen_word_wide.mem_reg_bram_0/CLKARDCLK","sfo/initial_estimator/owner/fft/u_ingress_fifo/gnuram_async_fifo.xpm_fifo_base_inst/gen_sdpram.xpm_memory_base_inst/gen_rd_b.gen_doutb_pipe.doutb_pipe_reg[0][15]/D","1.541","0"
"clk500","0.393","2.000","cfo/observation_front/state_reg[0]/C","cfo/estimator/mailbox_data_reg[120]/CE","1.504","3"
"clk500","0.393","2.000","cfo/observation_front/fft_core/tag_reg[1][bank_a]/C","cfo/observation_front/fft_core/pr4_reg/DSP_A_B_DATA_INST/A[6]","1.313","1"
"clk500","0.394","2.000","sfo/residual_estimator/aux_service/u_xfft/U0/i_synth/xfft_inst/non_floating_point.arch_d.xfft_inst/has_bit_reverse.natural_order_address_muxing.muxed_reorder_read_addr_reg[7]/C","sfo/residual_estimator/aux_service/u_xfft/U0/i_synth/xfft_inst/non_floating_point.arch_d.xfft_inst/has_bit_reverse.dig_rev_mem/blk_ram.use_bram_only.mem/depth_14.need_extra_rams.extra_ram_loop[4].use_RAMB18.SDP_RAMB18_1x16384/ADDRBWRADDR[7]","1.275","0"
"clk500","0.394","2.000","cfo/observation_front/pi4_reg/DSP_OUTPUT_INST/CLK","cfo/observation_front/h_q5_reg[2]/D","1.556","4"
"clk500","0.394","2.000","cfo/windows/packed_windows/fifo/gnuram_async_fifo.xpm_fifo_base_inst/rdp_inst/count_value_i_reg[10]/C","cfo/windows/packed_windows/fifo/gnuram_async_fifo.xpm_fifo_base_inst/gen_cdc_pntr.rd_pntr_cdc_dc_inst/src_gray_ff_reg[10]/D","1.588","2"
"clk500","0.394","2.000","sfo/residual_estimator/aux_service/u_xfft/U0/i_synth/xfft_inst/non_floating_point.arch_d.xfft_inst/has_bit_reverse.natural_order_address_muxing.muxed_reorder_read_addr_reg[8]/C","sfo/residual_estimator/aux_service/u_xfft/U0/i_synth/xfft_inst/non_floating_point.arch_d.xfft_inst/has_bit_reverse.dig_rev_mem/blk_ram.use_bram_only.mem/depth_14.main_ram_loop[0].use_RAMB18.ram_2k_loop[7].SDP_RAMB18_9x2048/ADDRBWRADDR[11]","1.322","0"
"clk500","0.394","2.000","sfo/residual_estimator/aux_service/u_xfft/U0/i_synth/xfft_inst/non_floating_point.arch_d.xfft_inst/pe_gen[0].natural_order_input.PE/has_addr_gen.bf2_addr_gen/cnt/cnt_addsub/i_baseblox.i_baseblox_addsub/no_pipelining.the_addsub/i_lut6.i_lut6_addsub/i_q.i_simple.qreg/i_no_async_controls.output_reg[3]/C","sfo/residual_estimator/aux_service/u_xfft/U0/i_synth/xfft_inst/non_floating_point.arch_d.xfft_inst/pe_gen[0].natural_order_input.PE/FB_1.BF_1/MEM/blk_ram.use_bram_only.mem/depth_13_s6_depth_12.main_ram_loop[1].use_RAMB18.ram_2k_loop[0].SDP_RAMB18_9x2048/ADDRBWRADDR[5]","1.309","0"
"clk500","0.394","2.000","sfo/residual_estimator/aux_service/u_xfft/U0/i_synth/xfft_inst/non_floating_point.arch_d.xfft_inst/timing_cnts_has_nfft.run_time_sel_reg[5]/C","sfo/residual_estimator/aux_service/u_xfft/U0/i_synth/xfft_inst/non_floating_point.arch_d.xfft_inst/pe_gen[5].natural_order_input.PE/bypass_muxes.din_im_mux_gen[6].reg/D","1.589","1"
"clk500","0.394","2.000","sfo/residual_estimator/aux_service/u_xfft/U0/i_synth/xfft_inst/non_floating_point.arch_d.xfft_inst/pe_gen[0].natural_order_input.PE/has_TW_mult.MULT/i_cmpy/three_mult_structure.use_dsp.i_dsp48/mult2_preadder_d_plus_a.mult2/mult/use_prim.appDSP48[0].bppDSP48[0].use_dsp.use_dsp48e2.iDSP48E2/DSP_OUTPUT_INST/CLK","sfo/residual_estimator/aux_service/u_xfft/U0/i_synth/xfft_inst/non_floating_point.arch_d.xfft_inst/pe_gen[0].natural_order_input.PE/has_TW_mult.MULT/i_cmpy/three_mult_structure.use_dsp.i_dsp48/mult1_preadder_d_plus_a.mult1/mult/use_prim.appDSP48[0].bppDSP48[0].use_dsp.use_dsp48e2.iDSP48E2/DSP_C_DATA_INST/C[45]","1.335","0"
"clk500","0.394","2.000","cfo/observation_front/fft_core/m_error_reg[1]/C","cfo/observation_front/m_z_q_reg[16]/R","1.488","1"
"clk500","0.394","2.000","cfo/observation_front/fft_core/m_error_reg[1]/C","cfo/observation_front/m_z_q_reg[17]/R","1.488","1"
"clk500","0.394","2.000","cfo/observation_front/fft_core/m_error_reg[1]/C","cfo/observation_front/m_z_q_reg[18]/R","1.488","1"
"clk500","0.394","2.000","cfo/observation_front/fft_core/m_error_reg[1]/C","cfo/observation_front/m_z_q_reg[19]/R","1.488","1"
"clk500","0.394","2.000","sfo/residual_estimator/aux_service/u_xfft/U0/i_synth/axi_wrapper/gen_has_nfft.nfft_we_int_reg/C","sfo/residual_estimator/aux_service/u_xfft/U0/i_synth/xfft_inst/non_floating_point.arch_d.xfft_inst/FLOW/reset_sustain.resets_4_pes[1].delay_reset_pe/tc_reg/S","1.488","1"
"clk500","0.394","2.000","sfo/residual_estimator/aux_service/u_xfft/U0/i_synth/xfft_inst/non_floating_point.arch_d.xfft_inst/pe_gen[0].natural_order_input.PE/has_addr_gen.bf2_addr_gen/cnt/cnt_addsub/i_baseblox.i_baseblox_addsub/no_pipelining.the_addsub/i_lut6.i_lut6_addsub/i_q.i_simple.qreg/i_no_async_controls.output_reg[6]/C","sfo/residual_estimator/aux_service/u_xfft/U0/i_synth/xfft_inst/non_floating_point.arch_d.xfft_inst/pe_gen[0].natural_order_input.PE/FB_1.BF_1/MEM/blk_ram.use_bram_only.mem/depth_13_s6_depth_12.need_extra_rams.extra_ram_loop[1].use_RAMB18.SDP_RAMB18_2x8192/ADDRBWRADDR[6]","1.315","0"
"clk500","0.394","2.000","sfo/residual_estimator/front_stage/main/service/u_xfft/U0/i_synth/xfft_inst/non_floating_point.arch_d.xfft_inst/has_bit_reverse.dig_rev_mem/blk_ram.use_bram_only.mem/depth_11.ram_loop[3].use_RAMB18.SDP_RAMB18_9x2048/CLKBWRCLK","sfo/residual_estimator/front_stage/main/service/u_xfft/U0/i_synth/xfft_inst/non_floating_point.arch_d.xfft_inst/has_bit_reverse.pe_natural_out_reg[29]/D","1.541","0"
"clk500","0.395","2.000","sfo/residual_estimator/aux_service/u_xfft/U0/i_synth/xfft_inst/non_floating_point.arch_d.xfft_inst/FLOW/load_enable_reg/C","sfo/residual_estimator/aux_service/u_ingress_fifo/gnuram_async_fifo.xpm_fifo_base_inst/gen_sdpram.xpm_memory_base_inst/gen_rd_b.gen_doutb_pipe.doutb_pipe_reg[0][14]/CE","1.502","3"
"clk500","0.395","2.000","cfo/observation_front/fft_core/state_reg[1]/C","cfo/observation_front/fft_core/tag_reg[2][row_a][5]/CE","1.502","1"
"clk500","0.395","2.000","cfo/observation_front/fft_core/state_reg[1]/C","cfo/observation_front/fft_core/tag_reg[2][row_b][3]/CE","1.502","1"
"clk500","0.395","2.000","sfo/residual_estimator/aux_service/u_xfft/U0/i_synth/xfft_inst/non_floating_point.arch_d.xfft_inst/pe_gen[4].natural_order_input.PE/FB_1.BF_1/yes_nfft.bypass_reg/no_sclr_lut.real_shift_ram.use_baseblock.not_use_hlutnm_srls.i_shift_ram/i_bb_inst/f0.srl_sig_reg[1][0]/C","sfo/residual_estimator/aux_service/u_xfft/U0/i_synth/xfft_inst/non_floating_point.arch_d.xfft_inst/pe_gen[4].natural_order_input.PE/FB_1.BF_1/BTFLY0/logic_bfly_byp.sub_r/sub/i_baseblox.i_baseblox_addsub/no_pipelining.the_addsub/i_lut6.i_lut6_addsub/i_q.i_simple.qreg/i_no_async_controls.output_reg[11]/D","1.585","3"
"clk500","0.395","2.000","cfo/observation_front/state_reg[0]/C","cfo/estimator/mailbox_data_reg[111]/CE","1.502","3"
"clk500","0.395","2.000","cfo/observation_front/state_reg[0]/C","cfo/estimator/mailbox_data_reg[17]/CE","1.502","3"
"clk500","0.395","2.000","cfo/windows/packed_windows/fifo/gnuram_async_fifo.xpm_fifo_base_inst/gen_sdpram.xpm_memory_base_inst/gen_wr_a.gen_word_narrow.mem_reg_bram_3/CLKBWRCLK","cfo/windows/packed_tail_reg[26]/D","1.540","0"
"clk500","0.395","2.000","sfo/residual_estimator/aux_service/u_xfft/U0/i_synth/axi_wrapper/data_in_channel_fifo/gen_real_time.data_out_reg[29]/C","sfo/residual_estimator/aux_service/u_xfft/U0/i_synth/xfft_inst/non_floating_point.arch_d.xfft_inst/input_delay_im/no_sclr_lut.real_shift_ram.use_baseblock.use_hlutnm_srls.srl_loop[6].i_srl16e0/D","1.523","0"
"clk500","0.396","2.000","cfo/observation_front/v_reg[5]/C","cfo/observation_front/m_z_i_reg[12]/CE","1.501","1"
"clk500","0.396","2.000","cfo/observation_front/v_reg[5]/C","cfo/observation_front/m_z_i_reg[13]/CE","1.501","1"
"clk500","0.396","2.000","cfo/observation_front/v_reg[5]/C","cfo/observation_front/m_z_i_reg[14]/CE","1.501","1"
"clk500","0.396","2.000","cfo/observation_front/v_reg[5]/C","cfo/observation_front/m_z_i_reg[15]/CE","1.501","1"
"clk500","0.396","2.000","cfo/windows/packed_windows/fifo/gnuram_async_fifo.xpm_fifo_base_inst/gen_sdpram.xpm_memory_base_inst/gen_wr_a.gen_word_narrow.mem_reg_bram_3/CLKBWRCLK","cfo/windows/packed_tail_reg[1]/D","1.538","0"
"clk500","0.396","2.000","sfo/residual_estimator/aux_service/u_xfft/U0/i_synth/xfft_inst/non_floating_point.arch_d.xfft_inst/FLOW/load_enable_reg/C","sfo/residual_estimator/aux_service/u_ingress_fifo/gnuram_async_fifo.xpm_fifo_base_inst/gen_sdpram.xpm_memory_base_inst/gen_rd_b.gen_doutb_pipe.doutb_pipe_reg[0][0]/CE","1.502","3"
"clk500","0.396","2.000","sfo/residual_estimator/aux_service/u_xfft/U0/i_synth/xfft_inst/non_floating_point.arch_d.xfft_inst/FLOW/load_enable_reg/C","sfo/residual_estimator/aux_service/u_ingress_fifo/gnuram_async_fifo.xpm_fifo_base_inst/gen_sdpram.xpm_memory_base_inst/gen_rd_b.gen_doutb_pipe.doutb_pipe_reg[0][11]/CE","1.502","3"
"clk500","0.396","2.000","sfo/residual_estimator/aux_service/u_xfft/U0/i_synth/xfft_inst/non_floating_point.arch_d.xfft_inst/FLOW/load_enable_reg/C","sfo/residual_estimator/aux_service/u_ingress_fifo/gnuram_async_fifo.xpm_fifo_base_inst/gen_sdpram.xpm_memory_base_inst/gen_rd_b.gen_doutb_pipe.doutb_pipe_reg[0][13]/CE","1.502","3"
"clk500","0.396","2.000","sfo/residual_estimator/aux_service/u_xfft/U0/i_synth/xfft_inst/non_floating_point.arch_d.xfft_inst/FLOW/load_enable_reg/C","sfo/residual_estimator/aux_service/u_ingress_fifo/gnuram_async_fifo.xpm_fifo_base_inst/gen_sdpram.xpm_memory_base_inst/gen_rd_b.gen_doutb_pipe.doutb_pipe_reg[0][15]/CE","1.502","3"
"clk500","0.396","2.000","sfo/residual_estimator/aux_service/u_xfft/U0/i_synth/xfft_inst/non_floating_point.arch_d.xfft_inst/has_bit_reverse.pe_out_reg/no_sclr_lut.real_shift_ram.use_baseblock.use_hlutnm_srls.srl_loop[8].i_fdre1/C","sfo/residual_estimator/aux_service/u_xfft/U0/i_synth/xfft_inst/non_floating_point.arch_d.xfft_inst/has_bit_reverse.dig_rev_mem/blk_ram.use_bram_only.mem/depth_14.main_ram_loop[1].use_RAMB18.ram_2k_loop[2].SDP_RAMB18_9x2048/DINADIN[7]","1.336","0"
"clk500","0.396","2.000","sfo/residual_estimator/aux_service/u_xfft/U0/i_synth/xfft_inst/non_floating_point.arch_d.xfft_inst/has_bit_reverse.natural_order_address_muxing.muxed_reorder_read_addr_reg[5]/C","sfo/residual_estimator/aux_service/u_xfft/U0/i_synth/xfft_inst/non_floating_point.arch_d.xfft_inst/has_bit_reverse.dig_rev_mem/blk_ram.use_bram_only.mem/depth_14.main_ram_loop[0].use_RAMB18.ram_2k_loop[5].SDP_RAMB18_9x2048/ADDRBWRADDR[8]","1.296","0"
"clk500","0.396","2.000","sfo/residual_estimator/aux_service/u_xfft/U0/i_synth/axi_wrapper/gen_has_nfft.nfft_we_int_reg/C","sfo/residual_estimator/aux_service/u_xfft/U0/i_synth/xfft_inst/non_floating_point.arch_d.xfft_inst/has_bit_reverse.pe_natural_out_reg[4]/R","1.485","1"
"clk500","0.396","2.000","cfo/observation_front/state_reg[0]/C","cfo/estimator/mailbox_data_reg[112]/CE","1.501","3"
"clk500","0.396","2.000","cfo/observation_front/state_reg[0]/C","cfo/estimator/mailbox_data_reg[113]/CE","1.501","3"
"clk500","0.396","2.000","cfo/observation_front/state_reg[0]/C","cfo/estimator/mailbox_data_reg[63]/CE","1.501","3"
"clk500","0.396","2.000","cfo/observation_front/state_reg[0]/C","cfo/estimator/mailbox_data_reg[70]/CE","1.501","3"
"clk500","0.396","2.000","cfo/windows/packed_windows/fifo/gnuram_async_fifo.xpm_fifo_base_inst/gen_sdpram.xpm_memory_base_inst/gen_wr_a.gen_word_narrow.mem_reg_bram_13/CLKBWRCLK","cfo/windows/packed_tail_reg[113]/D","1.539","0"
"clk500","0.396","2.000","cfo/windows/poison_sync/syncstages_ff_reg[3]/C","cfo/windows/packed_windows/fifo/gnuram_async_fifo.xpm_fifo_base_inst/gen_sdpram.xpm_memory_base_inst/gen_wr_a.gen_word_narrow.mem_reg_bram_1/CASDOMUXEN_B","1.482","3"
"clk500","0.397","2.000","sfo/residual_estimator/front_stage/main/service/u_xfft/U0/i_synth/xfft_inst/non_floating_point.arch_d.xfft_inst/has_bit_reverse.no_cp.muxed_reorder_write_addr_del_reg[4]/C","sfo/residual_estimator/front_stage/main/service/u_xfft/U0/i_synth/xfft_inst/non_floating_point.arch_d.xfft_inst/has_bit_reverse.dig_rev_mem/blk_ram.use_bram_only.mem/depth_11.ram_loop[0].use_RAMB18.SDP_RAMB18_9x2048/ADDRARDADDR[7]","1.300","0"
"clk500","0.397","2.000","cfo/observation_front/fft_core/v_reg[7]/C","cfo/observation_front/fft_core/ai8_reg[10]/CE","1.498","0"
"clk500","0.397","2.000","cfo/observation_front/fft_core/v_reg[7]/C","cfo/observation_front/fft_core/ai8_reg[7]/CE","1.498","0"
"clk500","0.397","2.000","sfo/residual_estimator/aux_service/u_ingress_fifo/gnuram_async_fifo.xpm_fifo_base_inst/rdp_inst/count_value_i_reg[0]/C","sfo/residual_estimator/aux_service/u_ingress_fifo/gnuram_async_fifo.xpm_fifo_base_inst/grdc.rd_data_count_i_reg[8]/D","1.585","3"
"clk500","0.397","2.000","sfo/residual_estimator/aux_service/u_xfft/U0/i_synth/xfft_inst/non_floating_point.arch_d.xfft_inst/input_delay_im/no_sclr_lut.real_shift_ram.use_baseblock.use_hlutnm_srls.srl_loop[6].i_fdre1/C","sfo/residual_estimator/aux_service/u_xfft/U0/i_synth/xfft_inst/non_floating_point.arch_d.xfft_inst/pe_gen[5].natural_order_input.PE/bypass_muxes.din_im_mux_gen[13].reg/D","1.583","1"
"clk500","0.397","2.000","sfo/residual_estimator/front_stage/main/service/u_xfft/U0/i_synth/xfft_inst/non_floating_point.arch_d.xfft_inst/pe_gen[0].natural_order_input.PE/has_addr_gen.bf2_addr_gen/cnt/cnt_addsub/i_baseblox.i_baseblox_addsub/no_pipelining.the_addsub/i_lut6.i_lut6_addsub/i_q.i_simple.qreg/i_no_async_controls.output_reg[6]/C","sfo/residual_estimator/front_stage/main/service/u_xfft/U0/i_synth/xfft_inst/non_floating_point.arch_d.xfft_inst/pe_gen[0].natural_order_input.PE/FB_1.BF_1/MEM/blk_ram.use_bram_only.mem/depth_10.ram_loop[1].use_RAMB18.SDP_RAMB18_18x1024/ADDRBWRADDR[9]","1.270","0"
"clk500","0.397","2.000","sfo/residual_estimator/front_stage/main/service/u_xfft/U0/i_synth/xfft_inst/non_floating_point.arch_d.xfft_inst/pe_gen[0].natural_order_input.PE/FB_1.BF_1/BTFLY0/logic_bfly_byp.add_r/adder/i_baseblox.i_baseblox_addsub/no_pipelining.the_addsub/i_lut6.i_lut6_addsub/i_q.i_simple.qreg/i_no_async_controls.output_reg[10]/C","sfo/residual_estimator/front_stage/main/service/u_xfft/U0/i_synth/xfft_inst/non_floating_point.arch_d.xfft_inst/pe_gen[0].natural_order_input.PE/hasbf2.FB_2.BF_2/mem_mux_and_reg_upper_re/slicel_slicem_implementation.delay_line/no_sclr_lut.real_shift_ram.use_baseblock.use_hlutnm_srls.srl_loop[4].i_srl16e1/D","1.508","0"
"clk500","0.397","2.000","cfo/observation_front/fft_core/m_error_reg[1]/C","cfo/observation_front/m_z_q_reg[20]/R","1.485","1"
"clk500","0.397","2.000","cfo/observation_front/fft_core/m_error_reg[1]/C","cfo/observation_front/m_z_q_reg[21]/R","1.485","1"
"clk500","0.397","2.000","cfo/observation_front/fft_core/m_error_reg[1]/C","cfo/observation_front/m_z_q_reg[22]/R","1.485","1"
"clk500","0.397","2.000","cfo/observation_front/fft_core/m_error_reg[1]/C","cfo/observation_front/m_z_q_reg[23]/R","1.485","1"
"clk500","0.397","2.000","sfo/residual_estimator/aux_service/u_ingress_fifo/gnuram_async_fifo.xpm_fifo_base_inst/xpm_fifo_rst_inst/gen_rst_ic.fifo_rd_rst_ic_reg/C","sfo/residual_estimator/aux_service/u_ingress_fifo/gnuram_async_fifo.xpm_fifo_base_inst/gen_fwft.rdpp1_inst/count_value_i_reg[0]/R","1.485","1"
"clk500","0.397","2.000","sfo/residual_estimator/aux_service/u_ingress_fifo/gnuram_async_fifo.xpm_fifo_base_inst/xpm_fifo_rst_inst/gen_rst_ic.fifo_rd_rst_ic_reg/C","sfo/residual_estimator/aux_service/u_ingress_fifo/gnuram_async_fifo.xpm_fifo_base_inst/gen_fwft.rdpp1_inst/count_value_i_reg[1]/R","1.485","1"
"clk500","0.397","2.000","sfo/residual_estimator/aux_service/u_xfft/U0/i_synth/xfft_inst/non_floating_point.arch_d.xfft_inst/pe_gen[0].natural_order_input.PE/has_TW_mult.MULT/i_cmpy/three_mult_structure.use_dsp.i_dsp48/dsp_preadder_3.reg_mult3_preadd_d/dN.std_srl.shift_reg_reg[1][26]/C","sfo/residual_estimator/aux_service/u_xfft/U0/i_synth/xfft_inst/non_floating_point.arch_d.xfft_inst/pe_gen[0].natural_order_input.PE/has_TW_mult.MULT/i_cmpy/three_mult_structure.use_dsp.i_dsp48/mult1_preadder_d_plus_a.mult1/mult/use_prim.appDSP48[0].bppDSP48[0].use_dsp.use_dsp48e2.iDSP48E2/DSP_PREADD_DATA_INST/DIN[16]","1.353","0"
"clk500","0.398","2.000","sfo/residual_estimator/aux_service/u_xfft/U0/i_synth/xfft_inst/non_floating_point.arch_d.xfft_inst/pe_gen[0].natural_order_input.PE/FB_1.BF_1/wr_addr_del/no_sclr_lut.real_shift_ram.use_baseblock.use_hlutnm_srls.srl_loop[4].i_fdre0/C","sfo/residual_estimator/aux_service/u_xfft/U0/i_synth/xfft_inst/non_floating_point.arch_d.xfft_inst/pe_gen[0].natural_order_input.PE/FB_1.BF_1/MEM/blk_ram.use_bram_only.mem/depth_13_s6_depth_12.main_ram_loop[0].use_RAMB18.ram_2k_loop[1].SDP_RAMB18_9x2048/ADDRARDADDR[11]","1.313","0"
"clk500","0.398","2.000","sfo/residual_estimator/aux_service/u_xfft/U0/i_synth/xfft_inst/non_floating_point.arch_d.xfft_inst/pe_gen[4].natural_order_input.PE/has_TW_mult.TW/MUX0/four_inputs.use_lut6.no_lut_sclr.four_to_one_mux[2].latency1.reg/C","sfo/residual_estimator/aux_service/u_xfft/U0/i_synth/xfft_inst/non_floating_point.arch_d.xfft_inst/pe_gen[4].natural_order_input.PE/has_TW_mult.TW/twiddle_generator/tw2.twgen2/lut_rom.q2_read_reg[10]/D","1.584","1"
"clk500","0.398","2.000","cfo/observation_front/fft_core/v_reg[7]/C","cfo/observation_front/fft_core/ai8_reg[8]/CE","1.498","0"
"clk500","0.398","2.000","cfo/observation_front/fft_core/v_reg[7]/C","cfo/observation_front/fft_core/ai8_reg[9]/CE","1.498","0"
"clk500","0.398","2.000","sfo/residual_estimator/aux_service/u_xfft/U0/i_synth/xfft_inst/non_floating_point.arch_d.xfft_inst/FLOW/has_nfft._nfft_value.NFFT_int_tmp_reg[0]/C","sfo/residual_estimator/aux_service/u_xfft/U0/i_synth/xfft_inst/non_floating_point.arch_d.xfft_inst/pe_gen[4].natural_order_input.PE/has_addr_gen.bf2_addr_gen/output_cnt.reg_next_start/D","1.584","2"
"clk500","0.398","2.000","cfo/observation_front/fft_core/m_i_reg[14]/C","cfo/observation_front/address_iq_reg[40]_srl2/D","1.508","0"
"clk500","0.398","2.000","sfo/residual_estimator/aux_service/u_xfft/U0/i_synth/xfft_inst/non_floating_point.arch_d.xfft_inst/input_delay_re/no_sclr_lut.real_shift_ram.use_baseblock.use_hlutnm_srls.srl_loop[4].i_fdre1/C","sfo/residual_estimator/aux_service/u_xfft/U0/i_synth/xfft_inst/non_floating_point.arch_d.xfft_inst/pe_gen[2].natural_order_input.PE/bypass_muxes.din_re_mux_gen[9].reg/D","1.583","1"
"clk500","0.398","2.000","sfo/residual_estimator/front_stage/main/service/u_xfft/U0/i_synth/axi_wrapper/sclr_int_reg/C","sfo/residual_estimator/front_stage/main/service/u_xfft/U0/i_synth/xfft_inst/non_floating_point.arch_d.xfft_inst/has_bit_reverse.pe_natural_out_reg[27]/R","1.486","1"
"clk500","0.399","2.000","sfo/residual_estimator/aux_service/u_xfft/U0/i_synth/xfft_inst/non_floating_point.arch_d.xfft_inst/has_bit_reverse.no_cp.muxed_reorder_write_addr_del_reg[5]/C","sfo/residual_estimator/aux_service/u_xfft/U0/i_synth/xfft_inst/non_floating_point.arch_d.xfft_inst/has_bit_reverse.dig_rev_mem/blk_ram.use_bram_only.mem/depth_14.main_ram_loop[2].use_RAMB18.ram_2k_loop[0].SDP_RAMB18_9x2048/ADDRARDADDR[8]","1.308","0"
"clk500","0.399","2.000","sfo/residual_estimator/aux_service/u_egress_fifo/gnuram_async_fifo.xpm_fifo_base_inst/xpm_fifo_rst_inst/gen_rst_ic.wr_rst_busy_ic_reg/C","sfo/residual_estimator/aux_service/u_egress_fifo/gnuram_async_fifo.xpm_fifo_base_inst/wrpp2_inst/count_value_i_reg[0]/CE","1.496","3"
"clk500","0.399","2.000","sfo/residual_estimator/aux_service/u_xfft/U0/i_synth/xfft_inst/non_floating_point.arch_d.xfft_inst/pe_gen[0].natural_order_input.PE/FB_1.BF_1/wr_addr_del/no_sclr_lut.real_shift_ram.use_baseblock.use_hlutnm_srls.srl_loop[5].i_fdre1/C","sfo/residual_estimator/aux_service/u_xfft/U0/i_synth/xfft_inst/non_floating_point.arch_d.xfft_inst/pe_gen[0].natural_order_input.PE/FB_1.BF_1/MEM/blk_ram.use_bram_only.mem/depth_13_s6_depth_12.main_ram_loop[2].use_RAMB18.ram_2k_loop[1].SDP_RAMB18_9x2048/WEA[0]","1.181","1"
"clk500","0.399","2.000","cfo/observation_front/fft_core/bank1_reg_bram_1/CLKBWRCLK","cfo/observation_front/fft_core/ri3_reg/DSP_A_B_DATA_INST/A[24]","1.251","1"
"clk500","0.400","2.000","cfo/estimator/observation_fifo/gnuram_async_fifo.xpm_fifo_base_inst/xpm_fifo_rst_inst/power_on_rst_reg[1]/C","cfo/estimator/observation_fifo/gnuram_async_fifo.xpm_fifo_base_inst/xpm_fifo_rst_inst/FSM_onehot_gen_rst_ic.curr_wrst_state_reg[1]/D","1.581","2"
"clk500","0.400","2.000","cfo/windows/poison_sync/syncstages_ff_reg[3]/C","cfo/windows/sample_index_reg[8]/D","1.583","4"
