ffd68ffcf400001002d0
fff40000060000009024
00176ffe0d000005ef0d
fff2bffcbc00000b5b49
ffe68fff470000030ff1
000cefff96000000d1a8
00084ffd7c0000069820
ffe9affe52000004c6e8
fffc0000020000001004
00105ffeb0000002c319
fff7effde4000004b514
fff0efff8e0000011788
000a9fffab0000008bca
00064ffe380000035350
fff12ffed80000023384
fffec000000000000190
000c9fff0200000199d5
fffa6ffe7800000277e4
fff64fffb200000076d4
00096fffb60000006d48
00050ffea0000001fd00
fff54fff2a0000012674
0000c000000000000090
000acfff2c0000012320
fffbdffece0000017f4d
fff96fffca0000003748
0008cfffbc0000005ea0
00044ffedc0000015f20
fff7cfff5a000000afb4
0001e000020000000388
00096fff48000000dc24
fffc9fff0400000103e1
fffb4fffde0000001b14
00086fffc80000005264
00041fff0c000000f911
fff9efff7d000000688d
0002e000020000000848
0008bfff5d000000b342
fffd6fff2e000000b328
fffcffffea0000000b45
00084fffca0000004f74
0003afff29000000c1b5
fffb0fff980000004340
0003a000070000000d55
00087fff6d0000009b9a
fffe2fff4800000087c4
fffe3ffff00000000449
00080fffcb0000004af9
00039fff3f0000009e32
fffc2fffa60000002ea8
00040000040000001010
0007bfff79000000824a
fffe8fff6200000063c4
ffff2ffff80000000104
0007efffcc0000004894
00034fff5200000080d4
fffcdfffb60000001f8d
0004200005000000111d
00071fff860000006c05
fffeafff7a0000004808
00000000020000000004
0007efffd20000004648
00032fff6400000068d4
fffdbfffc6000000127d
0004e000080000001804
00070fff8c0000006590
ffff2fff880000003904
0000c0000400000000a0
0007cfffce00000045d4
0002dfff6e0000005b2d
fffe0fffd40000000b90
000520000b0000001abd
0006efff920000005e88
ffff5fff940000002e09
000130000800000001a9
0007bfffd100000043ba
0002afff7a0000004d08
fffe6fffde0000000728
000560000e0000001da8
0006afff9a0000005488
ffff8fffa00000002440
000180000f0000000321
00078fffd90000003e31
0002efff8a0000003ea8
ffff5fffe6000000031d
0005e0000700000022b5
00064fff9a0000004fb4
ffff6fffac0000001bf4
0001e000140000000514
00078fffd80000003e80
0002afff920000003628
ffff6ffff20000000128
0005d0000e000000228d
00064fffa600000046b4
ffffefffba0000001328
0002a000180000000924
00078fffd90000003e31
00028fff9d0000002c89
00002ffffa0000000028
000660000b000000291d
00060fffa40000004510
ffffcfffc20000000f14
000300001e0000000c84
0007bfffd600000041fd
00024fffa00000002910
00000000020000000004
00068000100000002b40
0005dfffaa0000003ead
ffffcfffcd0000000a39
00034000240000000fa0
0007bfffdd0000003fe2
00025fffaa000000223d
0000a0000b00000000dd
000700000e00000031c4
0005cfffa80000003f50
ffffafffd20000000868
000380002900000012d1
0007cfffdd00000040d9
00023fffad0000001fb2
0000a000100000000164
00070000100000003200
00056fffae0000003728
ffffcfffde0000000494
0003e0002e0000001748
0007cfffde0000004094
0001efffb600000018e8
0000c0001c00000003a0
000740001700000036a1
00057fffb40000003421
ffffefffea00000001e8
00048000350000001f39
0007ffffdd00000043ca
0001afffbb000000153d
0000e000280000000704
0007c0001c0000003f20
00058fffb80000003280
ffffeffff200000000c8
0004b0003b0000002392
00082fffe00000004604
0001afffc200000011a8
000130002f0000000a0a
0007e0001e0000004188
00054fffba0000002eb4
ffffaffffc0000000034
0004f0004a0000002dc5
0008afffea0000004c48
00022fffc800000010c4
0001a000320000000c68
00082000200000004604
00056fffc00000002ce4
00002000060000000028
0005a0004800000033e4
00085fffe40000004829
0001afffd20000000ae8
00022000420000001588
0008c000200000005090
00054fffbe0000002c94
ffffe0000e00000000c8
00060000500000003d00
00088fffe40000004b50
00014fffd60000000874
000200004d0000001b29
00090000280000005740
00050fffc50000002699
fffff0001c0000000311
000670005b00000049ca
0008cfffe60000004f34
00013fffde00000005ed
000260005a0000002548
000980002c00000061d0
00050fffca0000002464
000020002a00000006e8
000730006300000059f2
00090fffe600000053a4
0000dfffe800000002e9
0002c0006b0000003449
000a50003100000073ba
00050fffca0000002464
00000000360000000b64
0007c0006c00000069a0
00092fffe600000055e8
00006ffff00000000124
000320007c00000045d4
000ae0003400000080d4
0004bfffcc0000002089
ffffa000480000001464
000850007e000000831d
00098fffea0000005c24
00002ffffe0000000008
00036000900000005c64
000ba0003c0000009534
00047fffd40000001b41
ffffa000600000002424
000980008d000000a7e9
0009efffea0000006368
ffff80000d00000000e9
00042000ac0000008494
000ce00042000000b6c8
00042fffd20000001948
ffff20007b0000003bdd
000aa000a8000000df24
000abfffec00000073c9
ffff10001c00000003f1
0004c000cd000000bab9
000e40004c000000e1a0
00040fffd80000001640
fffee0009e00000062c8
000c4000c40000012c20
000b8fffed00000085a9
fffe2000310000000ce5
00056000fb00000112fd
001020005e0000012688
0003bfffe2000000111d
fffec000cd000000a5b9
000ea000ea000001abc8
000c8fffea0000009e24
fffcc0005200000024d4
0006c0013e000001b894
001300006e0000019844
0002efffe40000000b54
fffdd0011600000132ad
001200012a0000029ee4
000e4fffea000000ccf4
fffaa000800000005ce4
00088001a70000030331
001780008e0000027704
00018ffff00000000340
fffc600193000002878d
001800019c000004d710
0011afffec0000013834
fff72000d600000101a8
000c10026c0000066f11
00208000ce000004c604
ffffc000050000000029
fff9e0028600000683a8
002490027c00000b64e1
00180fffe70000024271
ffed9001aa00000418d5
001510046b000015405a
003930017400000ee2f9
fff8a0004100000046e5
fff04005dc0000234d20
00564006090000417b61
00382fffd100000c56a5
ffb600067b00003f6319
00620015ab0001fb0439
01f5e00d400004877684
020cefee3e00056f7cc8
00578fe1be0003b17144
ff48aff2db00013021bd
ffcae0002700000b0c35
0038cffb32000023aa54
ffdf2ff84c00003f8f54
ffc2effe500000117144
0012cfff60000001c390
000deffb7d0000151b8d
025760000000057b5264
01450fe69b0004217ad9
ffb9bfec7c0001902be9
ffb00ffd9400001edd90
0046cffded000017daf9
001e6ff8130000426c0d
ffcdcffbf800001a1d50
00070000040000003110
002beffcae0000128b48
fff1effbb80000131bc4
ffec2fff5b000001f55d
001d4fff270000040f81
000d7ffcaa00000bd575
ffeacffe3c000004e1a0
0006cfffff0000002d91
00188ffe28000005be80
fff88ffda8000005b680
fff6cfffb20000006d54
00142fff6e000001e848
0008cffde1000004cc51
fff34ffef0000001c390
0006e000040000002f54
0011effeb4000002ee14
fffb4ffe67000002a401
fffb4fffd80000001cd0
00103fff900000013709
0006effe70000002a044
fff76fff45000000d2fd
0006c000060000002db4
000e6ffefd000001d4ad
fffcaffed00000017464
fffd7fffec0000000821
000dafffa8000000d7e4
0005affecb000001949d
fffa2fff7c0000006694
000700000a0000003164
000c4fff2a00000148f4
fffdafff12000000e2e8
ffff3ffffa00000000cd
000c6fffb4000000afb4
00050ffeff0000011b01
fffbcfff9d0000003859
000700000c0000003190
000aefff4c000000f4d4
fffe9fff400000009211
00008000000000000040
000b6fffba0000009488
00046fff27000000cb15
fffd1fffb50000001e9a
00072000080000003304
0009afff5f000000c1e5
fffecfff610000006451
000130000a00000001cd
000aafffc10000008065
0003efff440000009914
fffdefffc800000010c4
00070000090000003151
00088fff700000009940
fffeefff7e0000004348
0001c0001400000004a0
000a1fffc90000007112
0003afff5e00000073a8
fffeafffda0000000788
000740000e0000003554
00084fff800000008410
ffff6fff920000002fa8
00028000180000000880
0009dfffca0000006bad
00036fff6c00000060f4
fffeefffe5000000041d
0006f000100000003121
0007afff8e0000006ce8
ffffbfffa40000002129
0002e0001a0000000ae8
00094fffce0000005f54
00030fff7e0000004b04
ffff6ffff00000000164
0006f000100000003121
00071fff980000005c21
ffffdfffb6000000156d
000340001e0000000e14
0008cfffd200000054d4
0002bfff900000003839
00002000000000000004
00079000100000003a31
0006efff980000005984
ffffcfffbe0000001114
0003600023000000102d
00087fffd40000004ec1
00026fff9a0000002e48
00005000080000000059
000750001300000036e2
00065fffa6000000477d
ffffefffd00000000904
000400002b0000001739
00088fffd70000004ed1
00024fffa40000002620
0000a0001300000001cd
0007a000160000003c08
00064fffa70000004601
ffffffffd40000000791
000410002e00000018c5
00086fffda0000004bc8
00022fffac0000002014
0000a000160000000248
00076000170000003875
0005cfffb00000003a10
ffffefffe20000000388
00043000330000001bb2
00082fffdf0000004645
00020fffb80000001840
000110002200000005a5
0007d0001a0000003fad
0005efffb300000039ad
00000fffe600000002a4
00046000320000001ce8
0007cfffe00000004010
0001dfffc00000001349
00014000260000000734
0007a000190000003c95
00054fffb80000002fd0
ffffeffff300000000ad
000490003a00000021f5
0007afffe20000003da8
00019fffc80000000eb1
00014000300000000a90
0007a0001e0000003da8
00051fffc000000029a1
00000000000000000000
00050000410000002981
0007cfffe60000003eb4
00016fffce0000000ba8
00016000370000000db5
0007a000210000003e65
0004efffc80000002404
00002000080000000044
00052000440000002c54
00078fffe80000003a80
00014fffd800000007d0
0001c0003f0000001291
0007b000220000003f9d
00048fffcc0000001ed0
ffffe00013000000016d
000540004c0000003220
00076ffff00000003764
00016fffe80000000424
00027000480000001a31
000820001f00000045c5
00042fffd00000001a04
00001000200000000401
0005e0004e0000003a48
00076fffe90000003875
0000cfffea0000000274
000250005400000020e9
00086000240000004b34
00042fffd00000001a04
ffffe0002600000005a8
00060000550000004039
00076fffec00000037f4
00009ffff00000000151
000240005a00000024b4
00084000270000004a01
0003afffd80000001364
ffffe000340000000a94
000650005e0000004a5d
00074ffff00000003590
00006ffffc0000000034
0002a000660000002f88
0008a0002900000050f5
00036fffdd000000102d
ffffc000420000001114
0006e0006600000057e8
00075fffef000000369a
fffff000020000000005
0002e000720000003b08
0008e0002f0000005765
00035fffe10000000eba
ffffe0004e00000017c8
000740006a0000006074
00074fffed00000035f9
ffff80000c00000000d0
0002f0007f00000047a2
00092000300000005c44
0002cfffe40000000aa0
ffff80005b0000002099
00078000740000006cd0
00070ffff200000031c4
ffff00001c0000000410
00035000910000005d1a
00096000340000006274
00022fffec0000000614
ffff4000720000003354
00084000820000008614
00072ffff20000003388
fffe6000260000000848
00039000a60000007855
000a00003a0000007124
0001efffef00000004a5
fffef000840000004531
0008b000900000009c79
00071ffff90000003212
fffe00003a0000001124
00042000bc0000009b14
000aa0003e0000007fe8
00012ffff400000001d4
fffeb0009e000000633d
00099000a2000000c1f5
00071ffff80000003221
fffd20004c0000001ed4
00046000d8000000c964
000b40004600000091b4
00004000000000000010
fffe7000c40000009881
000b0000b8000000fd40
00072ffff60000003328
fffbc000630000003859
0004f001020000011c65
000c80004e000000b404
ffff500006000000009d
fffdb000ee000000e29d
000c4000d600000148f4
00071ffff80000003221
fffa4000850000006629
0005c001370000019ae1
000dc00059000000dc01
fffd80001300000007a9
fffc80013100000177a1
000e400108000001db50
000720000000000032c4
fff81000bc000000c911
000720018a0000029128
001020006a0000012fe8
fffb20002a0000001ea8
fffb800199000002a1b1
0012200148000002ecc4
0006effff80000002f84
fff3500110000001c1f9
000900021e000004cc84
001430008c000001e419
fff690004a0000006e75
fff850025a000005c2bd
0018c001d9000005ce81
00070ffffe0000003104
ffeac001c2000004da94
000d60035600000bd3c8
001d5000d60000040e1d
ffec0000a0000001f400
fff18004450000130cd9
002ba003520000127568
0006effffe0000002f48
ffcdb0040800001a2399
001e4007ee0000427454
0046b00216000017de9d
ffb000026e00001ee744
ffb9c0138200018fd514
014510196400042170b1
ffd680030b00000ffcb9
000dc004820000150f14
00129000a1000001bdd2
ffc2c001b20000118754
ffdf4007b600003fa5f4
0038e004d0000023cbc4
ffcaefffda00000b0be8
ff48b00d26000130251d
0057c01e420003b19d14
020d2011be00056ff548
01f60ff2bb0004887899
0061efea510001fb9925
ffb61ff98500003f59da
003840002c00000c63a0
00561ff9f40000417f51
fff00ffa240000235510
fff8bfffc100000044fa
00396ffe8800000f0424
0014effb8e0000157688
ffed4ffe5500000427c9
0017f0001a0000023fa5
00249ffd8200000b6ed5
fff9cffd760000069974
ffff8ffffb0000000059
00209fff33000004c87a
000c2ffd8e0000068dc8
fff6bfff2400000113c9
0010f000140000012071
0017affe6b000004aedd
fffc6ffe7200000277e8
0001a0000e0000000368
00176fff710000027245
00085ffe5a000002fcbd
fffa9fff820000005b95
000e300018000000cb89
00120ffed80000029a40
fffdcffeec0000012ea0
0002c0001c0000000aa0
0012efff920000019388
0006cffec4000001b3a0
fffccfffb00000002390
000c6000160000009b08
000e7fff18000001a2b1
fffecfff380000009dd0
0003c000220000001294
00104fffa20000012a94
00058fff040000011650
fffe2fffcf0000000ce5
000b7000140000008461
000c5fff3d0000012c22
ffff0fff640000006010
00040000280000001640
000e4fffb2000000e2d4
0004afff32000000bb28
ffff0fffe30000000449
000a8000140000006fd0
000a8fff5a000000d9e4
ffff1fff860000003b05
000410002e00000018c5
000cefffc0000000b5c4
00042fff570000008095
ffffaffff70000000075
000a20001800000068c4
00099fff72000000aa35
ffffafffa10000002365
00049000300000001dd1
000befffc60000009a28
0003cfff6f0000006031
00004000000000000010
00097000150000005aca
00086fff840000008234
ffffcfffba0000001334
0004e000340000002254
000b0fffca0000008464
00034fff820000004894
000080000c00000000d0
00091000170000005432
00078fff920000006784
ffffcfffcb0000000b09
00050000380000002540
000a5fffcf00000073ba
0002afff9600000032c8
0000c0001a0000000334
000920001e00000056c8
00076fff9c0000005d74
00000fffd40000000790
0004e000360000002328
00098fffd400000061d0
00025fffa600000024fd
0000f000210000000522
0008a0001c0000004d74
00068fffa80000004880
ffffefffe600000002a8
000510004000000029a1
00096fffdc0000005cf4
00024fffb10000001d71
000130002800000007a9
000880001e0000004bc4
00065fffb20000003f9d
00004fffed0000000179
000520003d00000028cd
0008afffde0000004ee8
00020fffbe0000001504
000180002c00000009d0
000820001c0000004514
00058fffba0000003164
00000ffffa0000000024
00053000400000002ae9
00083fffe2000000468d
0001bfffca0000000e3d
0001c000380000000f50
00083000200000004709
00056fffc00000002ce4
0000500001000000001a
000560003e0000002be8
0007bfffe00000003f19
00014fffd200000009d4
0001d0003c0000001159
000800001f00000043c1
0004cfffc50000002429
000000000c0000000090
00055000460000002f5d
00076fffe60000003908
00010fffdd00000005c9
0001c000440000001520
0007c000210000004051
00044fffce0000001bd4
fffff000190000000272
000580004b0000003439
00074fffea0000003674
00010fffe70000000371
00020000480000001840
0007a000200000003e24
0003cfffd400000015a0
00000000240000000510
0005b0004e000000381d
0006efffec00000030d4
0000affff00000000164
00022000510000001e25
0007a000230000003eed
00037fffd900000011c2
ffffe0002c0000000794
0005a0005000000038a4
00066ffff000000029a4
00004fffff0000000011
0002a000600000002ae4
00082000240000004714
00034fffd90000001081
ffffb000340000000aa9
0005f000580000004181
0006affff00000002ce4
00001fffff0000000002
00025000610000002a1a
0007c000280000004250
00031fffe10000000d22
ffffd0003c0000000e19
00060000570000004191
00062ffff20000002648
ffffc000080000000050
00028000660000002ee4
00079000260000003ed5
00025fffe80000000799
ffff90004a0000001595
00062000600000004984
0005effff40000002314
ffff60001200000001a8
0002a000730000003a8d
0007c0002a00000042f4
00020fffea00000005e4
ffff7000540000001be1
00066000660000005148
0005cffff60000002174
ffff20001a0000000368
0002c0007a00000041b4
0007a0002a0000004108
0001affff10000000385
ffff8000600000002440
0006b0006800000056f9
00058ffff40000001ed0
fffea0002000000005e4
0002c000820000004994
0007a0002c00000041b4
00010ffff50000000179
ffff20006b0000002d7d
0006c0006d0000005bf9
0004fffff600000018c5
fffe0000300000000d00
0002e000920000005b88
0007c0002e0000004454
00006ffffa0000000048
fffec0007c0000003da0
000700007a0000006b24
00050ffffb0000001919
fffdb0003a000000127d
000300009e0000006a84
0007c0003200000045d4
ffffe000020000000008
fffed0008a0000004bcd
000740007e0000007294
00044ffffc0000001220
fffce0004c0000002054
00036000b00000008464
00080000340000004a90
ffff40000800000000d0
fffe70009d00000062ba
0007a000880000008264
0003fffffd0000000f8a
fffc20005a0000002ea8
0003a000c2000000a028
00082000340000004c94
fffe2000100000000484
fffe0000b80000008840
00086000960000009e08
0003cffffc0000000e20
fffb20006a00000043a8
0003c000d8000000c450
00085000380000005159
fffd2000190000000ab5
fffd8000d2000000b284
0008c000a2000000b314
0002effffe0000000848
fff9f0008400000068d1
00042000f6000000fd68
000880003a0000005564
fffb7000220000001955
fffca000fa000000ff88
00095000b8000000daf9
0001e00003000000038d
fff82000ac000000b194
0004e0012400000164d4
000920003e0000006248
fff94000320000003754
fffbe001340000018394
000b0000d40000012890
0000effffc00000000d4
fff55000d400000121c9
0005000160000001fd00
00099000480000006fb1
fff64000480000007350
fffa30018600000273ed
000c8001000000019c40
fffef000010000000122
fff140012400000226a0
00063001c60000034b6d
000a9000540000008b21
fff0f0007000000113e1
fff7e00217000004a015
001000014c000002ae90
fffbcffffe0000001214
ffe99001ae000004c9b5
00083002840000069719
000cc0006b000000cf49
ffe66000bc0000031ab4
fff2c0034600000b66b4
00178001f2000005f104
fff40ffff90000009031
013440037a00017f4034
00b4aff3f2000110c228
ffb34ff73e000063b594
ffbbc004620000256794
004e3002f6000020a5ad
fff38ffbe80000115e80
ff615006d3000090efa2
00350016290001f60b91
0194c00c9000031dbf90
017e6ff4b60002ba9408
004e2feece00013f8548
ffd29ff9da00002dde35
00280ffe880000086840
00380ffad300002709e9
fff9fffb520000160b05
00026ffeb3000001b6cd
00252ffde6000009cce8
000daffc8300000ce4ad
fffb3ffe42000003202d
00137fff080000026a11
0015cffdb200000728d4
ffffcffdfc0000041020
00067fff40000000b971
00150ffeb10000036f61
00080ffe14000003f190
00008fff06000000f464
000e8fff4f0000014ca1
000e3ffe800000030949
00016ffec000000191e4
0006cfff7a00000073b4
000f4fff0e000001cd54
00063ffeb6000001cfad
00027fff5a0000007195
000c2fff76000000dd68
000b0ffee8000001ab40
00025fff22000000c5dd
00070fff9e0000005684
000c8fff400000012c40
00054fff0a00000107f4
00032fff8a0000004028
000acfff93000000a1f9
00094fff2400000112a0
0002afff5900000073d5
0006bfffb40000004349
000abfff68000000cc79
0004efff460000009ee8
0003efffaa0000002be8
0009efffa60000008128
0007ffff50000000b801
00030fff840000004510
0006efffc60000003c68
0009bfff800000009dd9
00048fff690000006d51
00043fffc00000002189
00094fffb60000006af4
00074fff6d00000088f9
00034fffa00000002e90
0006efffd400000036d4
0008efff920000007e08
00045fff840000004ea9
00046fffd20000001b68
0008bfffc20000005a7d
0006bfff8700000065ea
00036fffb600000020c8
0006efffe00000003344
00086fffa40000006734
00044fff9a0000003ab4
00049fffdc00000019e1
00083fffcb0000004e02
00062fff9a0000004e28
00038fffc80000001880
0006cfffea0000002f74
0007efffb00000005704
00042fffae0000002b48
0004cfffea0000001874
00082fffd5000000493d
0005efffa70000004175
00038fffd400000013d0
0006affff00000002ce4
00076fffbc0000004874
00040fffbf0000002081
0004effff40000001854
0007efffdb000000435d
00058fffb400000034d0
00038fffe30000000f89
0006affffa0000002c08
00072fffc60000003fe8
0003efffc90000001ad5
0004effffc00000017d4
0007afffe40000003d34
00056fffbf0000002d65
00039fffe90000000ec2
00064ffffe0000002714
0006bfffd1000000355a
0003cfffd80000001450
0004d000050000001742
00076fffed00000037cd
00054fffcc0000002620
0003effff50000000f7d
000660000200000028a8
00068fffd60000003124
0003bfffe00000001199
0004c0000b0000001709
00070ffff200000031c4
0004efffd80000001e04
0003c000010000000e11
000680000a0000002aa4
00066fffdf0000002ce5
0003cfffea0000000ff4
00050000120000001a44
0006effff60000002fa8
0004afffe00000001964
0003c0000a0000000e74
000660000f0000002985
00061fffe60000002765
0003bffff60000000dfd
00052000180000001c84
0006effffa0000002f68
00048fffe40000001750
0003a0000f0000000e05
000640001400000028a0
0005dfffed0000002332
00039fffff0000000cb2
000500001e0000001c84
00069000000000002b11
00046ffff00000001424
0003c000180000001050
00064000180000002950
0005affff40000002034
00038000080000000c80
00052000240000001f54
000660000400000028b4
00040ffff80000001040
0003c000220000001294
000650001d0000002b22
00056ffff80000001d24
00034000120000000bd4
000520002e0000002288
000660000a0000002908
0003f000000000000f81
0003c0002a00000014f4
00065000230000002ca2
00055ffffe0000001c3d
00036000180000000da4
00054000320000002554
000640000d00000027b9
0003b000070000000dca
0003c0003200000017d4
00064000290000002da1
00052000060000001a68
00033000200000000e29
000520003900000026f5
00060000140000002590
00038000100000000d40
0003d0003b0000001c22
000650002e000000301d
0004e0000c0000001854
000300002a0000000fe4
00052000400000002a44
0005e0001a0000002528
000340001a0000000d34
0003c000460000002134
00064000360000003274
0004d0001400000018b9
00032000340000001454
00056000460000003008
0005e0001f0000002645
00032000220000000e48
0003d0004f00000026ea
000660003a00000035c8
000480001900000016b1
0002d0003e00000016ed
0005500052000000367d
0005e000260000002828
000320002b00000010fd
0003e000570000002c95
000650004000000037d9
0004500022000000171d
0002b000480000001b79
000550005a0000003bdd
0005c0002f00000029b1
0002f00035000000139a
0003e000600000003304
00064000470000003ac1
0003e0002a00000015e8
0002a0005600000023c8
000580006200000043c4
000580003400000028d0
000260004000000015a4
0003c000700000003f10
00063000510000003fea
0003a0003400000017b4
00026000640000002cb4
00058000700000004f40
000560003e0000002be8
000230004e0000001c8d
0003c0007d0000004b19
000620005c0000004694
00036000420000001c68
00024000760000003b74
0005a0007c0000005bb4
00052000480000002e84
0001e0005e0000002608
0003e0008e0000005dc8
00062000650000004d5d
0002e0004e0000002008
000200008a0000004e64
0005a0008c0000006c34
0004c000560000003374
00016000760000003848
00040000a60000007ba4
00063000740000005ad9
000280005f0000002981
0001e000a20000006a08
0005e000a00000008684
00048000650000003c19
0000e0008e0000004f88
00040000c0000000a000
00062000870000006cb5
0001d000780000003b89
0001c000c20000009614
00061000b7000000a792
0003e0007a0000004928
00004000b10000007a71
00044000e2000000d994
0005e0009e0000008408
0000c000990000005c01
00016000f2000000e6a8
00066000da000000e248
000310009800000063a1
ffff4000e3000000c9d9
00046001160000014108
0005a000c2000000b2a8
ffff7000ce000000a615
00012001380000017d84
0006a0010b000001425d
0001a000cc000000a534
fffe20013c0000018994
00054001650000020d69
0004e000f80000010804
fffd00012e0000016d44
00017001b4000002e8a1
000760015c0000020f74
fffe7001300000016b71
fffca001ee000003c4a8
0007a001f40000040ab4
0002400164000001f420
fff7e00223000004d2cd
00054002d00000080490
0008b001ef000004089a
fff25002690000068a6a
fffda004680000136fe4
0017d0037300000e1cb2
ffea2002d8000009f4c4
ffd7c009ba000064ef34
0083a00eca00011e6488
ffd68ffcf400001002d0
fff40000060000009024
00176ffe0d000005ef0d
fff2affcbc00000b5cf4
ffe68fff470000030ff1
000cefff96000000d1a8
00084ffd7c0000069820
ffe9cffe54000004baa0
fffc0000020000001004
00105ffeb0000002c319
fff7effde4000004b514
fff0efff8e0000011788
000a9fffab0000008bca
00064ffe360000035a74
fff12ffed80000023384
fffec000000000000190
000cafff020000019b68
fffa6ffe7800000277e4
fff63fffb2000000780d
00096fffb60000006d48
00050ffea0000001fd00
fff55fff2900000126ca
0000c000000000000090
000abfff2c00000121c9
fffbeffecc0000018394
fff96fffca0000003748
0008cfffbc0000005ea0
00044ffedc0000015f20
fff7cfff5a000000afb4
0001e000020000000388
00096fff48000000dc24
fffc9fff0400000103e1
fffb4fffde0000001b14
00086fffc80000005264
00042fff0c000000f994
fff9efff7e0000006788
0002e000020000000848
0008bfff5d000000b342
fffd6fff2d000000b4cd
fffd0fffe80000000b40
00084fffc90000004fe1
0003afff29000000c1b5
fffb0fff980000004340
0003a000060000000d48
00087fff6d0000009b9a
fffe2fff4800000087c4
fffe3ffff00000000449
00082fffcc0000004c94
00039fff400000009cb1
fffc2fffa80000002d44
00040000040000001010
0007bfff79000000824a
fffe8fff6200000063c4
ffff2ffff80000000104
0007ffffcd000000492a
00034fff5200000080d4
fffcdfffb60000001f8d
00042000040000001114
00071fff840000006df1
fffeafff7a0000004808
00000000020000000004
0007dfffd2000000454d
00033fff640000006939
fffdafffc600000012c8
0004e0000700000017f5
00070fff8c0000006590
ffff2fff880000003904
0000c0000400000000a0
0007cfffce00000045d4
0002cfff6e0000005ad4
fffe0fffd40000000b90
000520000c0000001ad4
0006ffff920000005f65
ffff5fff940000002e09
000130000800000001a9
0007bfffd100000043ba
0002afff7a0000004d08
fffe6fffde0000000728
000560000e0000001da8
0006afff9a0000005488
ffff7fffa00000002451
000180000f0000000321
00079fffd80000003f71
0002efff8a0000003ea8
ffff5fffe6000000031d
0005e0000700000022b5
00064fff9a0000004fb4
ffff6fffac0000001bf4
0001e00015000000053d
00079fffd80000003f71
0002afff920000003628
ffff6ffff10000000145
0005d0000e000000228d
00064fffa600000046b4
ffffefffba0000001328
0002a000180000000924
00078fffd90000003e31
00029fff9d0000002cda
00002ffffa0000000028
000660000b000000291d
00060fffa40000004510
ffffcfffc30000000e99
000300001d0000000c49
0007cfffd600000042f4
00024fff9f00000029d1
00000000020000000004
00068000100000002b40
0005efffaa0000003f68
ffffcfffcd0000000a39
00034000250000000fe9
0007bfffdd0000003fe2
00025fffaa000000223d
0000a0000b00000000dd
000710000e00000032a5
0005cfffa80000003f50
ffffafffd20000000868
000380002900000012d1
0007cfffdc0000004120
00023fffae0000001f0d
0000b0001200000001bd
00070000100000003200
00058fffae0000003884
ffffcfffde0000000494
0003e0002e0000001748
0007cfffde0000004094
0001dfffb600000018ad
0000c0001c00000003a0
000750001800000037b9
00058fffb400000034d0
ffffefffea00000001e8
00048000350000001f39
0007ffffdd00000043ca
0001afffbb000000153d
0000e000280000000704
0007a0001c0000003d34
00058fffb80000003280
ffffeffff200000000c8
0004b0003c0000002409
00081fffe00000004501
0001afffc200000011a8
000130002f0000000a0a
0007e0001e0000004188
00054fffba0000002eb4
ffffaffffc0000000034
000500004a0000002e64
0008afffea0000004c48
00021fffc90000001012
0001a000320000000c68
000820001f00000045c5
00055fffc10000002bba
00003000040000000019
00059000460000003215
00084fffe40000004720
00019fffd20000000ab5
00021000420000001545
0008c000200000005090
00054fffbf0000002c11
ffffe0000e00000000c8
00060000500000003d00
00088fffe40000004b50
00014fffd60000000874
000200004d0000001b29
00090000280000005740
00050fffc40000002710
ffffe0001c0000000314
000670005b00000049ca
0008cfffe70000004f01
00012fffe00000000544
00026000590000002495
000980002b0000006179
00050fffca0000002464
000020002a00000006e8
000730006300000059f2
00090fffe600000053a4
0000dfffe800000002e9
0002c0006a0000003374
000a5000300000007359
00050fffca0000002464
00000000350000000af9
0007c0006c00000069a0
00092fffe600000055e8
00007ffff10000000112
000310007b000000447a
000ae0003400000080d4
0004bfffcc0000002089
ffffa000480000001464
000850007e000000831d
00098fffea0000005c24
00002ffffe0000000008
00037000900000005cd1
000b90003d000000943a
00048fffd40000001bd0
ffffa0006100000024e5
000980008d000000a7e9
0009efffea0000006368
ffff80000d00000000e9
00042000ac0000008494
000ce00042000000b6c8
00042fffd20000001948
ffff40007c0000003ca0
000aa000a8000000df24
000abfffec00000073c9
ffff10001c00000003f1
0004c000cd000000bab9
000e40004c000000e1a0
0003ffffd800000015c1
fffee0009d000000618d
000c4000c40000012c20
000b8fffec00000085d0
fffe2000310000000ce5
00057000fa00000111b5
001020005e0000012688
0003bfffe1000000115a
fffec000cd000000a5b9
000eb000ea000001ad9d
000c8fffea0000009e24
fffcd00052000000246d
0006c0013e000001b894
001300006e0000019844
0002efffe50000000b1d
fffdd001150000013082
001200012a0000029ee4
000e4fffea000000ccf4
fffaa000800000005ce4
00088001a70000030331
001770008e0000027415
00018ffff00000000340
fffc600193000002878d
001800019c000004d710
0011afffeb000001385d
fff72000d70000010355
000c00026e0000067744
00208000cd000004c469
ffffc000060000000034
fff9e0028600000683a8
002480027c00000b6050
00180fffe70000024271
ffed9001aa00000418d5
001510046b000015405a
003930017300000ee012
fff8a0004100000046e5
fff03005dd0000235ad2
00564006080000416f50
00382fffd100000c56a5
ffb600067b00003f6319
00621015ac0001fb3bd1
01f5f00d3e0004878045
020cdfee3c00056f8239
00576fe1be0003b15b68
ff488ff2dc0001303550
ffcae0002600000b0be8
0038cffb32000023aa54
ffdf2ff84c00003f8f54
ffc2fffe5000001169a1
0012cfff5e000001c614
000deffb7c0000152494
ffd680030b00000ffcb9
000dc004820000150f14
0012a000a2000001c168
ffc2d001b20000117fad
ffdf4007b600003fa5f4
0038e004d0000023cbc4
ffcb0fffda00000afea4
ff48b00d2400012ff089
0057b01e420003b1921d
020d2011c00005703c44
01f60ff2bd0004884389
00620fea500001fbdd00
ffb61ff98400003f66d1
003820002c00000c5594
00561ff9f40000417f51
fff00ffa240000235510
fff8afffc20000004568
00396ffe8800000f0424
00150ffb8e0000157bc4
ffed5ffe5400000428c9
0017e0001a0000023ca8
00249ffd8200000b6ed5
fff9affd760000069b08
ffff8ffffb0000000059
00208fff34000004c2d0
000c2ffd8e0000068dc8
fff6bfff2400000113c9
0010f000140000012071
0017affe6c000004abb4
fffc6ffe7200000277e8
0001a0000e0000000368
00176fff710000027245
00085ffe5a000002fcbd
fffaafff820000005ae8
000e300018000000cb89
00120ffed80000029a40
fffddffeec0000012e59
0002d0001b0000000ac2
0012efff920000019388
0006cffec4000001b3a0
fffccfffb00000002390
000c6000160000009b08
000e7fff18000001a2b1
fffecfff380000009dd0
0003d000240000001399
00104fffa20000012a94
00058fff040000011650
fffe1fffcf0000000d22
000b70001600000084b5
000c5fff3c0000012da9
ffff0fff640000006010
00040000280000001640
000e4fffb2000000e2d4
0004bfff32000000bbbd
ffff0fffe30000000449
000aa000140000007274
000a8fff5a000000d9e4
ffff2fff860000003ae8
000410002f0000001922
000cefffc1000000b545
00042fff570000008095
ffffaffff70000000075
000a20001800000068c4
00099fff72000000aa35
ffffafffa10000002365
00048000300000001d40
000befffc60000009a28
0003bfff6e00000060dd
00003000000000000009
00098000150000005bf9
00086fff840000008234
ffffcfffb900000013c1
0004e000340000002254
000b0fffcc0000008390
00033fff830000004732
000080000c00000000d0
00091000160000005405
00078fff920000006784
ffffcfffcc0000000aa0
00050000380000002540
000a5fffce000000741d
0002afff9600000032c8
0000a0001b000000033d
000920001c0000005654
00076fff9c0000005d74
00000fffd300000007e9
0004f0003600000023c5
00098fffd400000061d0
00025fffa600000024fd
00010000220000000584
0008a0001c0000004d74
00068fffa80000004880
ffffefffe600000002a8
000510004000000029a1
00096fffdc0000005cf4
00024fffb10000001d71
00012000280000000784
00088000200000004c40
00065fffb20000003f9d
00004fffec00000001a0
000520003d00000028cd
0008afffde0000004ee8
00021fffbe0000001545
000180002b0000000979
000830001b00000045e2
00058fffb900000031f1
00001ffffa0000000025
00054000400000002b90
00082fffe20000004588
0001afffca0000000e08
0001b000380000000f19
00084000200000004810
00056fffc00000002ce4
00006000010000000025
000560003e0000002be8
0007cfffe00000004010
00014fffd200000009d4
0001c0003d0000001199
000810001f00000044c2
0004cfffc400000024a0
000000000c0000000090
00054000440000002da0
00076fffe60000003908
00010fffdd00000005c9
0001c000430000001499
0007c000200000004010
00044fffce0000001bd4
fffff000190000000272
000580004b0000003439
00074fffea0000003674
00010fffe600000003a4
00020000480000001840
0007a000200000003e24
0003cfffd400000015a0
00000000240000000510
0005b0004e000000381d
0006efffeb00000030fd
00009fffee0000000195
00024000510000001eb1
0007a000220000003ea8
00037fffd80000001211
ffffe0002c0000000794
0005a0005000000038a4
00066ffff000000029a4
00004ffffe0000000014
0002a000600000002ae4
00082000240000004714
00034fffda0000001034
ffffc000350000000b09
0005f000580000004181
0006affff00000002ce4
00000fffff0000000001
00026000610000002a65
0007c000280000004250
00031fffe10000000d22
ffffd0003b0000000da2
00060000580000004240
00062ffff20000002648
ffffc000080000000050
00028000660000002ee4
00079000260000003ed5
00024fffe600000007b4
ffff90004a0000001595
000620005e0000004808
0005dffff30000002272
ffff50001300000001e2
0002b000730000003ae2
0007c0002a00000042f4
00020fffea00000005e4
ffff7000530000001b3a
00066000660000005148
0005cffff60000002174
ffff2000180000000304
0002c0007a00000041b4
0007b0002a00000041fd
0001affff10000000385
ffff7000600000002451
0006b0006800000056f9
0005affff40000002034
fffea0002000000005e4
0002c000820000004994
000790002b000000406a
00010ffff50000000179
ffff20006b0000002d7d
0006c0006d0000005bf9
00050ffff70000001951
fffdf0002f0000000ce2
0002e000910000005a65
0007c0002e0000004454
00006ffffb000000003d
fffec0007c0000003da0
000700007a0000006b24
0004fffffb000000187a
fffda0003a00000012c8
000300009c0000006810
0007c0003200000045d4
fffff000020000000005
fffec0008a0000004bf4
000740007e0000007294
00044ffffd0000001219
fffce0004a0000001f28
00036000b00000008464
00081000330000004b2a
ffff40000700000000c1
fffe70009e00000063f5
0007a000880000008264
0003fffffc0000000f91
fffc20005a0000002ea8
0003a000c2000000a028
00082000340000004c94
fffe20000f0000000465
fffe0000b80000008840
00084000970000009d21
0003cffffd0000000e19
fffb30006a000000430d
0003c000d8000000c450
00085000380000005159
fffd2000180000000a84
fffd8000d2000000b284
0008c000a3000000b459
0002e000000000000844
fff9f0008400000068d1
00042000f6000000fd68
000880003a0000005564
fffb80002200000018c4
fffca000fa000000ff88
00095000b8000000daf9
0001e000040000000394
fff82000ac000000b194
0004e0012400000164d4
000920003e0000006248
fff9500031000000361a
fffbd001350000018682
000b0000d40000012890
0000fffffc00000000f1
fff54000d40000012320
0005000160000001fd00
00099000480000006fb1
fff64000480000007350
fffa4001860000027334
000c8001000000019c40
ffff0000010000000101
fff140012400000226a0
00064001c60000034c34
000a80005400000089d0
fff10000700000011200
fff7d00217000004a11a
001000014c000002ae90
fffbcffffe0000001214
ffe99001ae000004c9b5
0008200286000006a028
000cc0006b000000cf49
ffe66000bc0000031ab4
fff2b0034600000b685d
00178001f2000005f104
fff40ffff90000009031
0000a0048a0000149ac8
0006e002b3000007786d
ffc5c0044300001f6a99
ffe4600d100000ad9c24
00bea00e6600015d4288
012f4fff22000167f914
0061fff3720000c31685
ff977ffc0200003aa555
fff1d005fa000024816d
004d2fffd00000174544
ffa6affcf10000288ec5
ff61800d38000110de80
009a1017bf00029097c2
01b8e0072000032a06c4
01304ff22000022a1c10
00198ff2cb0000b0f739
fff4affd3a0000083288
00470ffdf0000017f200
002ccffa900000256390
fffadffcd500000a2422
00180fff24000002fd10
00292ffd6200000d74c8
00082ffd080000091244
0005cfff000000012110
001daffed2000004d1e8
0012affda8000006d924
0001dffe9c000001f259
0010cfff6900000171a1
0016cffe780000045dd0
0005fffe66000002b3e5
00071fff6b000000889a
00142fff2e0000024148
000c6ffe87000002c455
00036fff28000000c1a4
000d6fff91000000e305
00102ffef00000022504
00054ffef50000013209
00073fff9d00000059f2
000fcfff620000015994
0009affef40000017534
00042fff700000006204
000bcfffac000000a5a0
000cefff2f0000015065
0004cfff40000000a690
00071fffbc00000043f1
000d6fff84000000eef4
00082fff34000000e494
00043fff980000003bc9
000a6fffc00000007ba4
000acfff60000000d790
0004afff7400000061f4
00071fffd20000003a25
000bbfff9a000000b13d
00070fff620000009284
00048fffb80000002880
0009cfffce00000068d4
00099fff7c0000009f81
00046fff960000003f08
0006efffe200000032c8
000a8fffad0000008929
00064fff820000006514
00049fffce0000001e95
00094fffda0000005b34
0008afff9200000079a8
00043fffae0000002bcd
0006afffee0000002d28
0009bfffbc0000006fe9
0005efff9b0000004a5d
00049fffe000000018d1
0008dfffe6000000504d
00080fffa40000006110
00043fffc00000002189
00068ffff50000002ab9
0008efffc70000005b75
00055fffb00000003539
0004afffee00000016a8
00086fffed000000478d
00074fffb40000004b20
00040fffd40000001790
00068000000000002a40
0008afffd00000005364
00052fffbc0000002c54
00048ffff80000001480
0007fffff40000003f91
0006cfffc20000003c94
00040fffe100000013c1
000660000600000028c8
00080fffd80000004640
0004afffcc0000001ff4
000470000400000013c1
0007cffffc0000003c20
00068fffcc00000034d0
0003efffec0000001094
000650000e000000289d
0007cfffe00000004010
00049fffd40000001c61
00046000070000001355
00074000000000003490
0005efffd800000028c4
0003affff80000000d64
00062000160000002768
00074fffec0000003620
00047fffe300000016fa
0004a000110000001685
000740000400000034a0
0005afffde0000002428
00039000000000000cb1
0005e0001900000024f5
0006cffff10000002e71
00041fffef00000011a2
000480001c0000001750
000700000c0000003190
00058fffe80000002080
0003a0000a0000000d88
0005f0001e00000026c5
00068ffff60000002aa4
0003effff60000000f68
000460002200000017a8
0006d000100000002f69
00053ffff10000001bca
0003a000140000000eb4
00060000240000002910
00066ffffa00000028c8
0003bffffc0000000da9
000460002600000018c8
00068000140000002bd0
0004cffff800000016d0
000380001a0000000ee4
0005c000280000002750
00060000010000002401
00038000070000000c71
000460002e0000001b68
00066000180000002ae4
00048000000000001440
00038000240000001150
0005d0002c0000002959
0005b00006000000207d
00033000100000000b29
00046000360000001e88
000640001c0000002a20
000430000600000011ad
000320002c0000001154
0005b000340000002ae9
000580000d0000001ee9
000320001a0000000c68
000450003e000000219d
00062000220000002a08
000410000d000000112a
000330003400000014b9
0005a000380000002be4
00054000100000001c90
0002d000200000000be9
00043000440000002399
00060000280000002a40
0003d000140000001019
000300003b0000001699
000580003e0000002d44
0004f000180000001aa1
0002b0002a0000000e1d
000440004c00000028a0
0005e0002c0000002a14
000380001a0000000ee4
0002e0004300000019cd
00056000420000002de8
0004a0001e00000018e8
00025000350000001052
00044000550000002e49
0005c000340000002ba0
00034000240000000fa0
0002f0004d0000001fca
00058000490000003311
000480002200000018c4
000230003e00000013cd
000440005c0000003320
0005a000360000002b08
0002e0002a0000000f28
0002a000580000002524
00056000520000003728
000440002c00000019a0
00020000460000001724
00043000640000003899
000580003e0000002d44
0002a0003200000010a8
00028000620000002bc4
000540005a0000003b34
00040000330000001a29
0001e000500000001c84
000430006c0000003f19
00052000420000002b48
000230003e00000013cd
000280006e0000003584
000540005e0000003e14
000390003800000018f1
000160005c00000022f4
00040000780000004840
0004e0004b0000002dbd
0001b000480000001719
000230007c00000040d9
000520006b00000046fd
00033000440000001c39
000110006b0000002dda
0003e00085000000541d
0004a000560000003248
00016000580000002024
000220008c0000005114
000520007600000050a8
0002c0004e0000001f54
0000c0007c0000003ca0
0003e000920000006248
000440005e0000003494
0000a000660000002908
0001d000a00000006749
0004d00082000000592d
000200005d00000025c9
000040009600000057f4
0003f000a80000007dc1
000400006a0000003be4
fffff0007a0000003a25
0001a000b800000086e4
0004b00092000000693d
000160006c0000002f74
ffff9000ae0000007675
0003c000be0000009b14
000370007d00000048da
ffff20009600000058a8
00016000d6000000b4c8
00048000a60000007fe4
00006000860000004648
fffee000d4000000b0d4
0003c000da000000c7b4
000290009200000059d5
fffdc000bb0000008da9
00012001020000010548
00043000c2000000a48d
fffed000a60000006d0d
fffdc001090000011761
00038001070000011a71
00013000b50000008162
fffc0000f80000010040
0000c001420000019594
00036000ec000000e4f4
fffc6000e4000000d834
fffcb00164000001fa09
0003800148000001b080
fffea000f0000000e2e4
fff920016600000223e8
0000d001b2000002e06d
0001b00132000001709d
fff77001600000022d51
fffb8002170000047251
0003a001b80000030164
fff7f00175000002607a
fff4000284000006e410
0003e002a0000006f304
fffb0001c20000033004
ffe7a0031a00000bf0c8
03ad400792000dbe0ed4
0268cfdacc000b35ef20
ffcc6fdd3f0004c23ea5
ff627ff97f00008b46f2
005c6ffe1e000024e0a8
0048eff3f20000a60f88
ffb58ff820000053b240
fff84fffed0000003d79
00496ffbac000027c374
fff6aff8c2000034cae8
ffd84ffe5100000901b1
00275fff3c0000069f89
001f8ffaf900001d2671
ffe08ffc9200000fa384
0001c000030000000319
0029effd9800000ca3c4
fffbaffc010000100b25
ffec4fff240000024320
001bdfff7b0000034aa2
0014effccc00000bf654
ffed2ffde4000005d754
0004e0000d000000186d
001e8ffe4b0000068c39
fffd9ffd450000077a8a
fff4afff7d000000c46d
0016dfff9800000232a9
000feffda20000069688
fff34ffe88000002cad0
000660001200000029e8
0018affea80000042ca4
fffe9ffdf300000436ba
fff92fffb00000004844
00140fffa9000001ad91
000d1ffe200000042ea1
fff6effeea0000018128
00076000160000003848
0014fffee2000002f5e5
ffff2ffe60000002a4c4
fffc1fffd00000001881
00123fffb500000160c2
000b4ffe72000002e954
fff94fff2b000000dec9
000800001a00000042a4
00128fff0a00000242a4
ffffaffeac000001c3b4
fffe1fffe80000000601
0010efffbe0000012dc8
0009effeae0000021fc8
fffaefff5b000000849d
000880001d0000004b89
0010cfff26000001d234
ffffeffee40000013b14
ffffaffffa0000000048
00100fffc40000010e10
0008effed8000001a504
fffc2fff800000004f04
0008e0002000000052c4
000f6fff3d00000180ed
00001fff10000000e101
0000b0000800000000b9
000f4fffca000000f3f4
00080ffefc0000014810
fffd2fff9e0000002dc8
00093000230000005932
000e4fff500000014410
00004fff34000000a2a0
0001b0001600000004bd
000ecfffd0000000e290
00076fff1900000106d5
fffe0fffb700000018d1
00098000270000006031
000d6fff5e0000011968
00005fff52000000765d
00027000210000000a32
000e5fffd4000000d469
0006dfff32000000d42d
fffeafffcc0000000c74
0009b0002a00000064bd
000cbfff6b000000f7b2
00006fff6a0000005808
000320002a00000010a8
000e0fffd8000000ca40
00066fff46000000afc8
ffff2fffde0000000548
0009f0002d0000006aaa
000c1fff76000000dbe5
00007fff800000004031
0003a00035000000181d
000dafffdc000000beb4
0005efff570000009215
ffffafffef0000000145
000a2000300000006f84
000b8fff80000000c440
00008fff950000002cf9
000420003c0000001f14
000d7fffde000000b915
00058fff680000007880
00000000000000000000
000a6000340000007634
000b0fff88000000b140
00008fffa80000001e80
0004a000460000002888
000d4fffe1000000b351
00052fff7600000064a8
000060000e00000000e8
000aa000360000007c48
000a9fff90000000a091
00006fffb80000001464
000520004e0000003208
000d0fffe4000000ac10
0004cfff8400000052a0
0000a0001c0000000374
000ae0003a0000008368
000a4fff980000009350
00006fffc80000000c64
00058000560000003b24
000cefffe8000000a804
00047fff9000000044b1
000100002a00000007e4
000b20003d0000008a4d
0009dfff9e00000085cd
00006fffd80000000664
0005f000600000004741
000cefffea000000a7a8
00040fff9c0000003710
00013000380000000da9
000b4000420000008f94
00098fffa40000007b50
00004fffe600000002b4
00064000680000005150
000ccfffed000000a3f9
0003bfffa70000002c8a
00016000460000001508
000b8000460000009764
00092fffaa0000007028
00002ffff60000000068
0006c000720000006054
000caffff0000000a064
00034fffb20000002254
0001a000540000001e34
000bd00049000000a05a
0008cfffb00000006590
00000000050000000019
000720007c0000006ed4
000caffff3000000a00d
0002efffbe0000001948
0001e0006300000029cd
000c00004e000000a7c4
00086fffb50000005c1d
ffffc0001400000001a0
00078000860000007e64
000c9ffff50000009e4a
00027fffc900000011c2
000210007300000037ea
000c800054000000b7d0
00080fffba0000005324
ffffa000240000000534
0007e000920000009148
000caffff70000009fb5
00020fffd40000000b90
00024000830000004819
000cd00058000000c269
0007afffc00000004a24
ffff6000360000000bc8
000870009e000000a8b5
000caffffa0000009f88
00018fffe00000000640
00027000970000005f02
000d400060000000d390
00074fffc50000004229
ffff2000490000001595
00090000ac000000c490
000caffffc0000009f74
0000ffffee0000000225
0002a000aa00000077c8
000dc00066000000e5b4
0006efffc90000003b15
fffec0005d0000002359
00098000bc000000e450
000ccffffe000000a294
00004ffffc0000000020
0002c000c20000009a94
000e60006e000000fde8
00066fffd000000031a4
fffe5000740000003769
000a4000cf0000011071
000ce00002000000a5c8
ffff90000a0000000095
00030000dd000000c7c9
000f0000780000011940
0005efffd60000002968
fffdd0008f00000054aa
000b0000e40000014410
000d000004000000a910
fffe90001c0000000521
00034000fc00000102a0
000fe000810000013d05
00052fffdb0000001f9d
fffd4000af0000007f31
000c0000fe0000018c04
000d300006000000ae0d
fffd7000310000000ff2
000390012400000159c1
001100008e0000016fc4
00046fffe200000016a8
fffc7000d6000000bf95
000d20011f000001ee05
000d80000a000000b6a4
fffc00004a0000002564
0003e00156000001d7e8
001260009e000001b328
00036fffea0000000d48
fffb5001080000012639
000eb0014a000002811d
000df0000c000000c2d1
fffa20006a0000004e68
000440019600000295f4
00144000b50000021a09
00020ffff300000004a9
fff9e0014c000001d414
0010e0018400000368d4
000e800010000000d340
fff7600098000000a4a4
0004d001f2000003dfed
0016e000d2000002b788
00000000000000000000
fff7c001ac0000030fa0
00140001d8000004f640
000f600014000000edf4
fff36000d800000155a4
0005c0027d0000065219
001b000100000003d900
fffd0000120000000a44
fff4400244000005ac20
00191002600000081821
0010e0001a0000011f68
ffeca001440000031174
000720036800000bcd04
002260014e0000065168
fff7a000320000004fe8
ffede0035e00000c9f08
0022c003620000102914
0013e000220000018f88
ffdea0021e000008d568
000a20056000001d4a84
0032f001fc00000e12b1
ffeac00078000001fbd0
ffddc0061f00002a0cd1
003d20061c000033eb54
001cc0003600000345f4
ffb0e004e60000307368
0015600cab0000a2431d
007b2004f000005398c4
ffa4d001f200002443ed
ff64001ada00033011a4
019ba02a3a00098cf048
00155005b80000227a79
0055e002a0000023b284
000d2fffab000000c87d
ffe870068000002c6b31
006d8008aa000079e724
006f8000080000309080
ffb8c0055200003022d4
00561019fe0002c086c5
02714013e00007821d90
02e83feaf2000a2ea3cd
00b1afd4980007d758e4
fef2afe99c000310c9f4
ff7b8fffbe000044a544
00410ffb3c0000273710
ffdeeff51500007b7cfd
ff99fffc910000347ae2
00031fffd200000011a5
00164ffa8500001ff829
ffc70ffb3e0000235404
ffdf8ffff80000042080
001c2ffe10000006d804
fff3affb6b00001597dd
ffd56ffe7e0000095ee8
0006cfffc20000003c94
000d2ffce200000a63c8
ffe0dffd5b00000acb02
fff0dffffe000000e6ad
00142ffea80000036344
fff8effd040000091ad4
ffe5efff060000039ea8
00068fffc20000003944
00093ffdd6000005034d
ffebaffe41000004aba5
fff90ffffc0000003110
00103ffede0000024e8d
fff9effdca00000508e8
ffee0fff670000019f71
00088fffd00000005140
0008affe3800000376a4
fff02ffea0000002e004
fffb80000c00000014d0
000e8fff210000019481
fffcaffe3e0000032268
fff34fff84000000dea0
00086fffce0000004fe8
00078ffe860000026664
fff3cffee8000001c850
fffe0000100000000500
000dcfff400000014d10
fffe7ffe810000023f72
fff68fff8f0000008c21
0007cfffca0000004774
0006cffebd000001c519
fff67fff100000013c71
fffe9000000000000211
000abfff60000000d639
fffe9ffedc0000014f21
fffa4fffbb00000033a9
0008efffca0000005a28
00064ffee60000015db4
fff91fff46000000b745
0001f0000200000003c5
000b6fff54000000f4f4
ffff0ffeeb0000012cb9
fffb8fffbe0000002544
0008afffc100000059e5
00056ffefa0000012908
fff9efff5e0000008c08
00026ffffc00000005b4
0009bfff56000000cebd
fffdafff12000000e2e8
fffbffffe60000001325
00093fffda0000005a0d
0005dfff16000000f7ad
fffaefff7600000064a8
0002e0000a00000008a8
0009dfff76000000aaad
ffff8fff370000009e11
fffeafffe80000000424
0009efffca0000006ce8
00058fff1e000000e5c4
fffc2fff860000004928
00048ffffe0000001444
00096fff58000000c624
fffd6fff2f000000b185
fffc8ffffc0000000c50
0008cfffef0000004db1
0005cfff46000000a834
fffcefff9f0000002e85
000480000f0000001521
00094fff820000009394
ffff8fff600000006440
ffffe000070000000035
000a6fffde0000007028
0005efff40000000b284
fffd5fffa600000026dd
00054000140000001d20
000a2fff82000000a488
00004fff580000006e50
fffffffffa0000000025
0009cfffdb0000006469
0005ffff4a000000a4a5
fffdffffa00000002841
00045000000000001299
00080fff8d00000073a9
ffffefff780000004844
0000a000000000000064
00088fffd60000004f24
0003efff6a00000066e8
fffe4fffd30000000af9
000640001a00000029b4
00090fff920000008044
00006fff860000003a48
0001a0000a0000000308
00092fffd700000059d5
00040fff720000005ec4
ffff3fffde000000052d
00070000110000003221
00084fff8b0000007989
ffff6fff980000002aa4
000200002600000009a4
0009efffe40000006494
00044fff7c0000005620
ffff8ffff00000000140
0007f000200000004301
00090fff920000008044
00000fffa20000002284
00030000300000001200
000b7fffe60000008575
00058fff6e0000007184
ffff8fffdb0000000599
0006c0001a0000003034
00084fffa600000063b4
00012fffb400000017d4
000440001e0000001594
0009ffffcc0000006d51
0002efff83000000454d
ffff70000e0000000115
0008e0003000000057c4
00096fff980000008224
00006fffb00000001924
0003c0003400000018a0
000adfffe2000000786d
00041fff8b00000045fa
000030000e00000000cd
00098000330000006469
000a2fff9c0000008d94
00016fffaa0000001ec8
00040000240000001510
000a0fffd80000006a40
00032fff920000003908
000020001600000001e8
00090000320000005ac4
0008ffffa400000070f1
00009fffc40000000e61
000440003e0000002114
000a6fffec0000006d34
0003efffa60000002ea8
000160002400000006f4
0009d0002f00000068ea
0008cfffa30000006e59
00004fffd20000000854
00049000500000002dd1
000b0ffffa0000007924
0004efffb30000002eed
000280001f0000000a01
00098000220000005ec4
00078fffb60000004da4
00014ffffc00000001a0
00076000510000005005
000b2fffd80000008204
00028fffb80000001a80
00026000540000002134
000c400038000000a250
00088fffa40000006950
00002000020000000008
0007f0007a0000007925
000e1fffeb000000c77a
0004cfffa90000003421
000360003e0000001a68
000cb00026000000a69d
00087fff920000007675
ffff9ffff80000000071
00075000760000006bdd
000d5fffea000000b31d
00040fffaf00000029a1
0002e000480000001c84
000c40002c0000009da0
00077fffa00000005b51
ffff40001200000001d4
00082000840000008614
000d4fffe4000000b2a0
00026fffb800000019e4
000200006d0000003269
000cc0004e000000ba54
00084fffb80000005850
00006000280000000664
00094000880000009dd0
000cefffe6000000a868
0001bfffde000000075d
00043000980000006bc9
000f9000460000010555
0007afffa20000005ca8
fffee0004c00000017d4
000b8000ba0000010b64
000fefffdb000001015d
00013fffc60000000e8d
00030000b200000084c4
00112000660000014de8
00094fff9c0000007ca0
fffe8000460000001564
000b6000cc00000123f4
0010afffe700000116d5
00016fffc60000000f08
00026000bb0000008e3d
00106000760000014288
00085fffb80000005959
fffe80007400000036d0
000cc000e800000174d0
0010afffea0000011648
ffff6fffed00000001cd
0002e0010a0000011ca8
00138000a4000001e550
0009ffffc80000006f01
ffff60009a0000005d08
000f4001100000020990
00128ffff400000156d0
ffff90000c00000000c1
0005700141000001b012
00176000a50000028cbd
00099fffb20000007335
fffd8000ce000000ac04
0011e0015500000305bd
00154ffffa000001c3b4
fffe9000200000000611
000620018c0000028a14
001a6000c600000350c8
00088fffc500000055d9
fffc600142000001a228
0017e001c50000055b9d
001a8ffff6000002bea4
fffce0004000000019c4
000800021500000495b9
00222001020000059088
00098fffb400000070d0
fff98001b900000321f1
001de0026800000946c4
0020600013000004198d
fff9a000a00000008ca4
000c40032000000a5a10
0030b0017a00000b709d
000befffb2000000a4c8
fff6a002be000007dce8
002e00039e0000155984
002d6000100000080be4
ffefa001680000030664
ffd6cffd0400000f8da0
fff4f0000c0000007af1
00180ffe040000063010
fff27ffcb400000b9681
ffe64fff480000031b50
000d2fff95000000d8fd
00083ffd74000006bf99
ffe93ffe52000004daad
fffbe0000a0000001168
0010cffeb4000002c720
fff84ffdde000004c894
fff0afff860000012688
000a2fffab00000082bd
00060ffe3c0000034210
fff15ffedc00000224c9
ffff0ffffd0000000109
000c8ffefb000001a659
fffa0ffe750000028579
fff5ffffb80000007981
00098fffb80000006e80
00052ffe9a0000020ee8
fff4dfff220000013dad
ffffe000020000000008
000a0fff380000010040
fffbdffedd0000015c52
fff9efffd60000002c68
00098fffbc0000006c50
00045ffed40000017229
fff74fff5a000000b834
0001c0000e00000003d4
000a2fff52000000dcc8
fffd5fff02000001033d
fffb8fffd80000001a80
00088fffc60000005564
00044fff080000010250
fff9afff790000006fd5
0002a0000500000006fd
0008efff64000000add4
fffdefff2c000000b414
fffd1fffe60000000b45
00085fffc80000005159
0003dfff24000000cb99
fffa8fff900000004f40
0002c000100000000890
0008afff810000008965
ffff6fff4c0000007ef4
fffe9fffe20000000595
00076fffc90000004235
0003afff4d0000008a4d
fffd4fffa800000025d0
00044ffff200000012d4
0006efff700000008044
fffdcfff680000005f50
ffff1ffffe00000000e5
0007efffd300000045ed
00036fff5f00000070a5
fffdafffc200000014a8
00054000020000001b94
00078fff7e0000007a44
fffedfff7800000049a9
0000700003000000003a
00088fffcc00000052d0
00038fff5a00000077e4
fffdcfffbe0000001614
0004c000020000001694
00070fff8a0000006764
ffff6fff870000003995
00012ffffe0000000148
00080fffc60000004d24
0002cfff670000006301
fffdefffcc0000000f14
0004e0000600000017e8
0006cfff940000005b20
ffffafff950000002cdd
00018ffffd0000000249
00074fffc400000042a0
0001efff780000004bc4
fffe4fffe30000000659
00059000090000001f42
00065fff92000000571d
fffedfffa30000002332
000170001400000003a1
0007cfffd50000004349
00028fff840000004250
fffecfffec0000000320
0005e000100000002384
0006afff9e0000005168
ffffafffac0000001bb4
000200001500000005b9
0007bfffd80000004159
0002dfff940000003579
00002ffff100000000e5
0006dfffff0000002e6a
00060fff8a0000005a64
fffe6fffac0000001e34
000180001e00000005c4
00077fffdd0000003c1a
00021fff960000003025
ffff0ffffd0000000109
0005e0001a0000002528
00064fffaa00000043f4
ffffafffc00000001024
000250002200000009dd
00078fffe40000003b50
00026fffa60000002548
00000000080000000040
0006a0001a0000002e88
00064fffae0000004154
ffffcfffcc0000000aa0
0002e0002e0000001088
00081fffef0000004222
00036fffb00000002464
0001300007000000019a
00071000120000003325
00065fffb20000003f9d
00009fffd60000000735
00040000280000001640
00088fffe10000004c01
00036fffac00000026f4
00018000040000000250
000720000600000032e8
0005bfffac0000003be9
00004fffd80000000650
000400002300000014c9
00078fffd90000003e31
00020fffb80000001840
0001500019000000042a
000780000e0000003904
00056fffae0000003728
ffffdfffe80000000249
00048000340000001ed0
00082fffda00000047a8
0001efffb70000001855
000100002300000005c9
0007c0001a0000003eb4
0005afffb300000036cd
ffffefffee0000000148
0004c0003e0000002594
0008cfffe20000005014
0002afffb60000001c48
000150001b0000000492
000760001400000037f4
00055fffba0000002f5d
00000ffff300000000a9
0004c0003a00000023b4
00080fffe20000004384
0001efffc20000001288
000140002800000007d0
000700001c0000003410
0004cfffcc0000002120
0000a0000a00000000c8
0005c0003d0000002f99
00079fffde0000003db5
00010fffda00000006a4
000220004800000018c4
0008f000220000005465
00054fffc20000002a94
00004000110000000131
000660004a0000003e08
00087fffda0000004cd5
0000cfffd200000008d4
0001a000500000001ba4
000900002e0000005944
00058fffc70000002af1
000040001500000001c9
00062000520000003fc8
00082fffec0000004394
00017fffee0000000355
000390005a0000002c55
000a10001c0000006851
0004bfffc000000025f9
000000002a00000006e4
000780005d0000005a09
0008efffda0000005468
00003fffe2000000038d
000260006e00000034e8
000a4000330000007339
0004efffc80000002404
ffffc000360000000b74
0007a000700000006b24
00094fffea0000005774
0000bffff40000000109
000360007b000000467d
000b2000310000008525
0004efffc80000002404
ffffe000440000001214
0008a0007600000080c8
00098fffe20000005dc4
fffffffff90000000032
000380008e0000005b04
000be000360000009868
00046fffc80000001f64
ffff20005c00000021d4
000940008e000000a454
000a0fffe70000006671
ffff8000070000000071
0003e000ae0000008548
000d200043000000bdcd
0004afffca00000020c8
ffff00006c0000002e90
0009e000a2000000c808
000a8fffed0000006fa9
ffff40001700000002a1
0004a000c2000000a868
000dd00044000000d0d9
00036fffcf00000014c5
fffdf000950000005afa
000b1000c60000011385
000afffff900000077d2
fffe6000360000000e08
00055000f500000106b2
000f60005c0000010d74
00034fffe60000000d34
fffea000ce000000a7a8
000e2000ea0000019d68
000beffff40000008d94
fffd00005e0000002b84
0007500140000001c579
001310006c00000198f1
0002efffe50000000b1d
fffdf001110000012762
0011a00123000002816d
000d8fffee000000b784
fffa90008e0000006c55
00091001ac0000031db1
0017c0008a0000027e74
00018fffee0000000384
fffc6001900000027e24
0017a00196000004b208
0010dfffee0000011bed
fff6f000e200000119a5
000c8002700000068d40
00208000c8000004bc80
ffff2000080000000104
fff9c00294000006cca0
002520028400000bb654
0018afffe700000260d5
ffee0001a80000040240
00159004670000153262
003960016a00000edbc8
fff860003b00000047bd
fff01005db000023475a
00563006040000413459
0037bfffcc00000c27a9
ffb5a0068200003ff5a8
00628015b30001fcc169
01f6800d380004891680
020cafee320005702128
00572fe1be0003b12fc8
ff48dff2dc00012fc2b9
ffcb00001a00000afba4
00380ffb25000023d359
ffde2ff84f00003fa3e5
ffc28ffe560000118b24
00125fff63000001afa2
000d6ffb88000014ab24
ffd6c0031800001037d0
000eb004880000155ff9
001340009a000001cf34
ffc2a001ab0000117f1d
ffdf0007b800003fd540
00390004d2000023ed44
ffcaefffd700000b0cd5
ff48500d2c0001314ca9
0058201e4e0003b4b5c8
020e1011bd000573ab4a
01f60ff2ae000489d244
00612fea510001fb06e5
ffb61ff99000003ecbc1
0038f0002c00000cb171
00560ff9e80000420640
ffef6ffa260000235208
fff8cfffce0000003e54
003a6ffe8e00000f6668
0015cffb84000015f520
ffed4ffe460000045ab4
00174000120000021dd4
0023dffd8600000b24ad
fff97ffd800000066b11
ffffd000000000000009
0020afff31000004cfc5
000bdffd9100000677aa
fff6cfff2e00000101d4
0011a0001b000001397d
00185ffe6a000004d2fd
fffcfffe6f0000027d82
00024000070000000541
00176fff610000028525
0007affe53000003090d
fffa3fff8a000000582d
000ec0001c000000dca0
00129ffecb000002cd8a
fffd7ffedd000001515a
00022000160000000668
00129fff8e0000018b55
00060ffebc000001be10
fffbafffb00000002c24
000ba000240000008c34
000e8fff260000018be4
fffeefff3e0000009448
00040000280000001640
0010afffaa0000013148
00062fff0600000119a8
fffebfffc90000000d8a
000ba000090000008775
000befff340000012f94
fffe6fff620000006428
0003b0002c0000001529
000e4fffb4000000e1a0
00048fff34000000b6d0
ffff0fffe80000000340
000b0000140000007a90
000abfff53000000e722
fffecfff820000003f94
0003e0002e0000001748
000c8fffbc000000ae50
00038fff560000007d24
ffff2ffffe00000000c8
000a20001f0000006a45
00097fff70000000aa11
fffecfffa70000002081
00044000440000002420
000ccfffd4000000aa20
0004afff6c0000006af4
00007ffffb000000004a
0009c000120000006054
0008afff7a0000009088
ffff2fffae0000001b08
00040000360000001b64
000acfffd30000007b79
00032fff880000004204
000060001400000001b4
000980001f0000005e01
00083fff8d00000076b2
ffff8fffc10000000fc1
000430003e000000208d
000aafffde0000007568
00038fff910000003c61
00006000100000000124
000830002300000047d2
00077fffac00000052e1
0000bfffd800000006b9
00050000340000002390
00097fffdc0000005e21
00030fffaf00000022a1
0001f0002000000007c1
000940001200000056d4
00068fff9c0000005150
ffff9fffde00000004b5
0004a0004100000025e5
00095fffe400000059c9
00030fffb40000001f90
0001b0002000000006d9
00087000180000004971
00062fffb10000003de5
00006fffed000000018d
00055000380000002879
00088fffd80000004e80
0001cfffbd0000001499
0001a0002f0000000b45
0008a000180000004ca4
0005afffac0000003b34
ffff6ffff00000000164
00046000440000002534
00084fffed0000004579
00026fffca0000001108
0001e000290000000a15
00078000160000003a24
0004afffc20000002468
00002000060000000028
00052000400000002a44
00075fffe40000003889
00012fffdb000000069d
00020000420000001504
000820001f00000045c5
0004efffc80000002404
000080000c00000000d0
0005b0003b0000002df2
0006efffdb000000349d
00004fffe100000003d1
0001e000510000001d25
0008a000220000004ee8
00049fffc200000023d5
ffff8000120000000184
000530004c0000003179
00074fffea0000003674
0000efffe20000000448
0001d000480000001789
0007a000200000003e24
0003afffd00000001624
ffff8000230000000509
00059000540000003a81
00075fffec0000003709
00009fffe5000000032a
0001a0004c0000001934
00076000230000003b2d
00035fffd2000000133d
fffef000240000000631
00046000580000003164
00060000000000002400
00006000040000000034
00024000620000002a94
0007c000300000004510
0003efffe80000001144
00008000320000000a04
0005f0004e0000003b05
00062fffee00000026c8
fffff000020000000005
000260005f00000028e5
00075000260000003b1d
00028fffe80000000880
ffffe00045000000129d
000650005c00000048e9
00063ffff1000000272a
ffff80000b00000000b9
0002a0006e0000003628
0007f000280000004541
00026fffe300000008ed
ffff40004c0000001720
000640006a00000052f4
0006dffffb0000002e82
00008000080000000080
0002f0005c00000029b1
0006e000180000003184
0000cfffec0000000220
fffee000600000002544
0006c0006e0000005cd4
00064ffff00000002810
fffec0000e0000000254
0001e0007a0000003da8
000760003400000040f4
0001dffff1000000042a
ffff0000590000001ff1
0005c0006f0000005131
00057000060000001db5
ffff40002800000006d0
0002e000800000004844
00076000310000003fc5
00019fffff0000000272
000000006600000028a4
00069000610000004fd2
00046ffff80000001364
fffe10003a00000010e5
0003a000900000005e24
0007a000220000003ea8
ffffaffffc0000000034
fffec000890000004ae1
0007d0007c0000007919
00054ffff00000001c90
fffd3000340000001279
0002e000a40000007154
00085000320000004edd
00001ffff70000000052
fffe2000870000004ab5
00074000860000007ab4
00054ffff80000001bd0
fffd00003200000012c4
000200009d0000006449
000670003800000035b1
fffe8000120000000384
fffde000a50000006edd
00073000950000008a62
000440000c00000012a0
fffcd0005a00000029cd
00038000ba0000009364
00078000370000004411
fffe20001800000005c4
fffe1000b80000008801
0007d000980000009749
00037000090000000c22
fffba0007200000045e8
0003f000d2000000bbc5
000780003a0000004564
fffcd0002a000000110d
fffe8000e0000000c640
0009e0009c000000c094
0002fffff40000000931
fff98000850000006f59
00045000fe0000010e9d
000900003a0000005e24
fffbc0001c0000001520
fffcc000f6000000f6f4
00098000b4000000d8d0
0001effffa00000003a8
fff7b000a0000000a919
0003e001220000015788
00088000490000005d11
fff9a0003d000000372d
fffc6001320000017ae8
000ae000cc00000118d4
00006ffffc0000000034
fff52000dc0000013354
00054001650000020d69
0009e0004600000074a8
fff66000410000006d25
fffa00017a0000025224
000bc000fa0000017e34
fffe0000040000000410
fff0c0012c0000024820
0005f001cd000003616a
000a40005b0000008969
fff100007b0000011c19
fff840021e000004b794
001040014b000002b409
fffb8000020000001444
ffe9d001ba000004e76d
0009200286000006b168
000d00005d000000cac9
ffe5a000b300000334cd
fff1e0034c00000ba614
00173001fc00000609b9
fff3e000040000009314
0257effffd00057daa0d
0144bfe695000421e0b2
ffb94fec8000018fcd90
ffafeffd9800001ede44
0046affdec000017cd74
001dcff81400004236a0
ffcd4ffbff00001a1791
000690000a0000002b75
002b8ffcbc0000120e50
fff20ffbc80000129040
ffeccfff61000001d551
001d8fff260000041fe4
000d8ffcae00000bbc84
ffeb4ffe42000004b794
00074ffff800000034d0
00182ffe20000005ca04
fff7cffdae000005a654
fff6dfffbe000000656d
00144fff76000001e474
0008effdea000004a8a8
fff3effefe0000019708
00080000060000004024
00126ffeac0000031534
fffb4ffe65000002aa69
fffbafffd60000001a08
00108fff880000014880
0006affe68000002b624
fff72fff44000000d8d4
0006c000070000002dc1
000e2ffefc000001cf94
fffc7ffed60000016795
fffddffff30000000572
000e4fffa7000000ea01
0005effec6000001a3a8
fffa3fff7c00000065d9
000750000a00000035dd
000c8fff280000015280
fffe0fff0e000000e8c4
ffff6ffff20000000128
000c0fffac000000ab90
00049fff040000010ce1
fffc4fffa50000002e69
0007d000020000003d0d
000acfff3c00000109a0
fffdefff3a0000009da8
00008000000000000040
000b7fffad0000009dba
00036fff19000000dbd5
fffbafffb900000026d5
00066000160000002a88
00096fff6a000000afc8
fffeafff6c0000005774
00016000140000000374
000b0fffc20000008804
0003cfff430000009999
fffd5fffd00000001039
000700001a00000033a4
00095fff8000000096b9
00001fff840000003c11
0002e0000e0000000908
000aafffbe00000081e8
0003cfff560000007ef4
ffff0fffd80000000740
0007a000030000003a2d
00081fff720000008fc5
ffff0fff8e00000033c4
0002600015000000075d
00097fffc20000006815
00029fff6c0000005c21
fffeeffff10000000225
0007e0000f0000003ee5
0007efff7a0000008428
fffeafff950000002e9d
0001e0001e0000000708
0008efffd40000005654
0002cfff7f0000004891
ffff0ffff70000000151
000700001600000032e4
00070fff980000005b40
ffff4fffb800000014d0
0002f0002d000000108a
00094fffdc0000005aa0
00034fff8e0000003d54
ffffeffffe0000000008
00076000160000003848
00072fff9e0000005848
ffffffffbb000000129a
00032000200000000dc4
00082fffda00000047a8
00026fffa20000002828
00005000100000000119
0007b0001d0000003e62
00073fffaa000000508d
0000afffca0000000bc8
00040000200000001400
00082fffd40000004994
00024fffaa00000021f4
00010000140000000290
000800000e00000040c4
00062fffa00000004984
ffff9fffd400000007c1
0003e000300000001804
00084fffdc0000004920
00022fffae0000001ec8
0000b0001900000002ea
000760001b000000393d
00062fffb60000003ae8
00009fffe600000002f5
0004e0002e0000002008
00086fffd60000004d08
00022fffb20000001c48
000130001800000003a9
000740000e0000003554
0004efffb40000002e54
fffffffff5000000007a
00053000380000002729
00085fffd40000004ca9
00016fffb700000016b5
0000e000280000000704
0007a0001a0000003cc8
00052fffb80000002e84
ffffcffff80000000050
0004e0003f0000002745
00082fffdf0000004645
0001afffc200000011a8
000140002c0000000920
00078000170000003a51
0004afffbc0000002774
ffff8000010000000041
0004d0004300000028b2
00078fffe40000003b50
00012fffd20000000988
000160003e00000010e8
0007e000220000004288
0004efffc70000002475
000040000c00000000a0
0005c000420000003214
0007cfffdc0000004120
0000cfffd00000000990
000140003f0000001111
00078000240000003d50
00043fffce0000001b4d
000000001c0000000310
000600004a0000003964
00078fffe00000003c40
00004fffe00000000410
0001a000540000001e34
00086000280000004c64
00044fffca0000001d74
ffffa0002200000004a8
00060000580000004240
0007efffe500000040dd
00004fffe40000000320
0001c0005d00000024d9
000900002e0000005944
0004afffc60000002288
ffff20001b000000039d
000520005e0000003cc8
00077ffff600000037b5
0000affff3000000010d
00022000630000002acd
0008e000340000005954
0004dfffd40000001eb9
00001000240000000511
0005e000560000003f68
00070fffee0000003244
00002ffff80000000044
00022000660000002d28
00085000300000004e19
00038fffde00000010c4
ffff7000420000001155
000680006e0000005984
0007cffff80000003c50
00008ffffe0000000044
000270006b00000032aa
00084000330000004e39
00032fffeb0000000b7d
ffffe000500000001904
000720007000000063c4
00076ffff800000036a4
00002000100000000104
000340007c00000046a0
00090000300000005a00
00030fffea0000000ae4
000000005a0000001fa4
000770006a0000006335
00065ffff2000000289d
fffea000260000000788
00038000a00000007040
000a40003e0000007814
00034fffec0000000c20
00006000670000002995
00087000700000007831
00068fffe80000002c80
fffde0002b0000000bbd
0003b000aa0000007e7d
000a3000380000007409
0001bfffed0000000442
ffff0000870000004831
0009000090000000a200
00070ffff50000003179
fffde0003c0000001294
0004c000be000000a394
000b4000300000008790
00008fffe30000000389
fffd7000a00000006a91
00090000b0000000ca00
00076000040000003674
fffd8000510000001fe1
00050000dc000000d610
000c20003e000000a208
0000affff00000000164
fffe0000b60000008564
000a6000b2000000e768
0006affff20000002ca8
fffb2000620000003d48
00046001060000011f48
000c400058000000b450
ffff70000a00000000b5
fffdb000ee000000e29d
000bf000d60000014165
0006bffffc0000002cc9
fff9f0008c0000007151
0005c00142000001b614
000e400060000000ef10
fffe2000140000000514
fffd00012c0000016890
000e6000fe000001caa8
00069ffff60000002b75
fff70000bc000000db10
0006800196000002ae24
001000007a0000013a24
fffb7000330000001efa
fffbd001a0000002b589
00128001500000030f40
00077ffffb000000376a
fff3c0010e000001b2d4
000930021c000004c779
001440008e000001e8d4
fff70000500000006a00
fff940025a000005b534
00197001cc000005c1a1
0006dffff20000002f2d
ffea7001c0000004e0f1
000db0035600000bdc3d
001da000cf0000041505
ffec00009a000001eca4
fff1c00444000012fd20
002c4003480000126a50
0006efffe80000003184
ffcca003f800001a0fa4
001d2007ed00004221ad
0045e002160000176c68
ffaf20027200001f8788
ffb94013920001928cd4
0145701970000424c691
ffd67003100000102071
000de004870000153fb5
0012e000a6000001cfe8
ffc34001b20000114a54
ffdf7007af00003f2df2
0038c004cc0000239720
ffcacfffd800000b19d0
ff48800d2200013000c4
0057201e400003b0b6c4
020c6011c900056e68f5
01f62ff2ce000486ff48
0062efea580001fb2e84
ffb6aff97c00003f7bf4
003800002600000c45a4
0055dff9f60000413c2d
fff04ffa280000231e50
fff8efffbf0000004345
00392ffe8a00000ee1a8
0014dffb960000152d0d
ffed8ffe5d0000040409
00186000200000025624
00250ffd8600000b7b24
fffa6ffd7800000687e4
00004ffff80000000050
0020efff2a000004eba8
000bfffd88000006a6c1
fff68fff2600000113e4
001140001a0000012c34
00184ffe6c000004c9a0
fffceffe6c0000028754
0001c000080000000350
00174fff6b0000027349
00084ffe5600000308f4
fffa3fff820000005fcd
000de0001f000000c445
00124ffee40000028820
fffeaffef20000011ea8
00038000190000000eb1
00136fff8e000001aa28
00070ffec2000001bc04
fffd2fffae0000002288
000cc00013000000a3f9
000edfff16000001b14d
ffff2fff34000000a354
000440001e0000001594
0010afff9c0000013b74
0005affeff00000121a5
fffe5fffcc0000000d69
000c0000130000009169
000cffff3600000146c5
ffff6fff570000006ff5
000400001b00000012d9
000e2fffa8000000e5c4
00045fff2c000000c229
fffecfffe400000004a0
000ae000160000007828
000b0fff55000000eb39
ffff4fff7d0000004399
000420002a00000017e8
000d2fffbc000000be54
00046fff4c00000091b4
ffff6fffea0000000248
00098000130000005ba9
00096fff74000000a474
ffffafffa00000002424
000490002e0000001d15
000bffffc40000009c91
0003cfff6c00000063a0
00004fffff0000000011
0009c0001600000060f4
0008ffff7e00000091e5
ffffffffac0000001b91
000450002b00000019d2
000aafffcc0000007b74
00035fff840000004709
0000a0000800000000a4
000920001400000054d4
0007efff900000006f04
00004fffc00000001010
0004c0002b0000001dc9
0009dfffcc0000006ad9
0002efff980000003284
00016000120000000328
00092000080000005384
00068fff8d0000005de9
ffff0fffd20000000944
000450003c00000020a9
00098fffd80000006080
00026fffa20000002828
0000a0001d00000003ad
000840001e0000004794
00068fffab0000004679
00002fffe00000000404
0004c000340000002120
00087fffd90000004d22
0001cfffb80000001750
000120002e0000000988
000860001e00000049a8
0005ffffb600000038a5
00003ffff6000000006d
00058000420000002f44
00090fffdc0000005610
00022fffbc0000001694
000190002c0000000a01
00088000180000004a80
00059fffb000000037f1
ffffbffff400000000a9
0004c000420000002794
00081fffe90000004312
0001efffce0000000d48
0001d000360000000ead
00082000200000004604
00053fffc30000002972
00004000080000000050
00059000480000003331
00088fffea0000004a24
00027fffd00000000ef1
0002a0002d0000000ecd
0007c0000c0000003ca0
0003ffffc00000001f81
ffffa000160000000208
0005e0004b000000387d
00080fffe100000043c1
00012fffd5000000087d
0001c000420000001414
00080000200000004400
0004afffca00000020c8
000040001400000001a0
0005f000440000003551
0007afffdd0000003eed
0000afffd5000000079d
00012000420000001248
0007300027000000399a
00044fffd600000018f4
000040001a00000002b4
00056000430000002e6d
00068fffe60000002ce4
00004fffeb00000001c9
0001a0004f0000001b05
00074000280000003ad0
0003cfffe00000001210
00004000280000000650
0005c0004a0000003674
00066fffec0000002a34
00004ffff80000000050
00026000560000002288
0007b0001e0000003e9d
00030fffd60000000fe4
ffff60002c00000007f4
00052000520000003488
0005cffff60000002174
00000000080000000040
0002a000620000002c68
0007d000240000004219
0002efffdc0000000d54
ffff4000360000000bf4
000500005c0000003a10
0005c000010000002111
00004000120000000154
0002e000630000002e8d
00072000260000003868
00024ffff400000005a0
000060005100000019c5
0006e000580000004d84
0005ffffed00000024aa
ffff8000110000000161
000310006e00000038a5
0007e000200000004204
0001efffe20000000708
ffff4000490000001561
000590005c0000004001
0004cffffa00000016b4
fffea000260000000788
0002e000800000004844
000780002b0000003f79
00014ffff800000001d0
ffff80006700000029b1
0006c0006a0000005974
00054ffff60000001bf4
fffe60002800000008e4
0002c000880000004fd0
000770003100000040b2
0000c000030000000099
ffffa0007c0000003c34
0007c000760000007274
00060ffff70000002451
fffea0002a00000008c8
000360008a00000055c8
0007c000280000004250
00008ffffd0000000049
ffff70007d0000003d5a
000780006f0000006861
0004affff00000001664
fffd30003e00000016ed
00037000a5000000762a
000860002e0000004e68
00000ffff90000000031
fffea000860000004808
000740007c00000070a0
00045ffff900000012ca
fffcd0004b0000002022
0003a000b200000088e8
000870002e0000004f75
ffff1ffffe00000000e5
fffde0009d00000064cd
00078000900000008940
00044000020000001214
fffc80005b0000002c99
0003d000c2000000a18d
000860003700000051f5
fffe9000100000000311
fffe8000b400000080d0
000880008f0000009821
0003affff80000000d64
fffb3000680000004169
0003c000d4000000bda0
00080000340000004a90
fffca0001b0000000e3d
fffd8000dc000000c350
00092000a7000000c035
00030ffffe0000000904
fff9e0008d000000732d
0004d001030000011d32
0009c000380000006b50
fffbe0001600000012e8
fffc8000fa0000010064
000a1000c0000000f541
00033ffffc0000000a39
fff8a000960000008e48
00044001180000014450
0008e000400000005ec4
fff9d000300000002f49
fffc20012a00000169e8
000ad000ce0000011aad
00011ffffa0000000145
fff58000ca0000010da4
0004900155000001db0a
0008c0004a00000061f4
fff65000540000007969
fffb20018600000269e8
000cf000f10000018a42
fffe6ffff60000000308
fff0b001260000023c1d
00068001cc00000364d0
000b50004e00000097bd
fff100005e0000010384
fff700020a0000047964
000f10014e00000296a5
fffb6000060000001588
ffe9c001b3000004d239
0008600283000006952d
000cc00067000000cc01
ffe63000b60000031bad
fff240034300000b6099
00171001f4000005e471
fff3c000000000009610
ffd68ffcf300001008e9
fff42000080000008d44
0017cffe0c00000604a0
fff2cffcb400000b8e20
ffe62fff420000032a88
000cafff98000000c9a4
00086ffd7e0000069028
ffe9dffe52000004be8d
fffc0000020000001004
00104ffeb0000002c110
fff7effde3000004b94d
fff0cfff8e0000011b54
000a7fffae0000008735
00064ffe3a0000034c34
fff14ffedc00000226a0
ffff0000010000000101
000cefff00000001a5c4
fffa9ffe740000028221
fff60fffae0000007e44
00092fffb70000006815
00050ffea2000001f784
fff56fff2a00000123c8
0000c000000000000090
000acfff2c0000012320
fffbeffecc0000018394
fff97fffcb000000360a
0008efffbe0000005fc8
00047ffedc00000160c1
fff7efff57000000b195
0001d000000000000349
00098fff4a000000dba4
fffcefff05000000ffdd
fffb8fffd90000001a31
00084fffc20000005314
0003efff0c000000f794
fff9efff7f0000006685
000320000400000009d4
0008efff5e000000b548
fffd8fff2d000000b429
fffd3fffe80000000a29
00089fffc60000005675
0003ffff21000000d1c2
fffaefff8d0000004ded
000320000000000009c4
0007efff6d000000926d
fffe0fff4a0000008564
fffe0fffee0000000544
0007cfffcc00000046a0
00036fff4500000093fd
fffc6fffaa0000002a08
00044000000000001210
00078fff7300000085e9
fffe0fff620000006584
ffff0ffffb0000000119
0007efffcf0000004765
00034fff540000007e20
fffcffffb90000001d12
0004a000060000001588
00078fff7e0000007a44
fffeafff7200000050a8
ffffcfffff0000000011
0007ffffd00000004801
00034fff5c00000073a0
fffd5fffbe000000183d
00044000040000001220
0006afff8e0000005ea8
fffeefff880000003984
00004000040000000020
00077fffd40000003ee1
0002dfff750000005362
fffe2fffd60000000a68
000530000b0000001b62
0006efff920000005e88
ffff4fff940000002e20
0000f000080000000121
00077fffd60000003e35
0002efff800000004844
fffecfffde0000000614
00057000080000001dd1
00066fff9800000052e4
ffff6fffa40000002174
0001a0000f0000000385
0007afffd400000041b4
00029fff880000003ed1
ffff0fffea00000002e4
0005d0000c0000002259
00067fff9c0000005081
ffff8fffac0000001bd0
0001e000140000000514
00076fffd90000003c55
00027fff93000000345a
ffff6ffff500000000dd
000620001200000026c8
00068fffa40000004b50
ffffdfffb80000001449
000280001a00000008e4
0007efffdc0000004314
00030fff980000003340
00002ffff200000000c8
000620000700000025b5
0005cfffa40000004220
ffffbfffc30000000ea2
0002f0001c0000000bb1
00079fffd80000003f71
00024fffa20000002794
00002000040000000014
0006a0000e0000002ca8
0005efffa90000004015
ffffcfffcb0000000b09
00032000240000000ed4
0007cfffdd00000040d9
00026fffa90000002335
00009000080000000091
0006e0000e0000003008
0005bfffaa0000003d3d
ffffcfffd300000007f9
00037000260000001175
00078fffdc0000003d50
0001efffb10000001be5
0000a000160000000248
00072000140000003454
0005cfffaf0000003ab1
ffffefffdd00000004cd
0003f0002d000000176a
0007efffdb000000435d
0001efffb10000001be5
0000a0001800000002a4
000720001700000034d5
00056fffb40000003374
ffffafffe70000000295
00040000360000001b64
0007cfffe40000003f20
0001efffc00000001384
000120002600000006e8
000780001b0000003b19
00057fffba00000030b5
00000ffff200000000c4
0004c0003a00000023b4
00080fffe20000004384
0001cfffc40000001120
000180002e0000000a84
000800001a00000042a4
00053fffb80000002f29
ffffcffffc0000000020
00050000440000002b10
00085fffe40000004829
0001cfffc80000000f50
00018000370000000e11
00084000200000004810
00056fffbe0000002de8
ffffe00003000000000d
000540004a00000030f4
00084fffea00000045f4
0001bfffd50000000a12
00020000420000001504
0008b00026000000511d
00058fffc40000002c50
000050000e00000000dd
000620004c0000003c14
00086fffe500000048fd
00016fffda0000000788
000260004c0000001c34
00094000240000005aa0
00051fffc3000000282a
000000001a00000002a4
00068000560000004724
0008afffe50000004d3d
00012fffdf0000000585
00028000580000002480
00096000270000005dd5
0004cfffc800000022d0
ffffe0002c0000000794
00072000650000005a9d
00090fffe80000005340
0000ffffe80000000321
0002e0006a0000003428
000a40002e0000007154
0004efffca0000002328
ffffe000370000000bd5
0007c0006d0000006a79
00094fffe800000057d0
0000affff20000000128
000340007800000042d0
000ae000300000007f44
00048fffcb0000001f39
ffffa0004a0000001588
000880007c0000008450
00098fffe80000005c80
00002ffffd000000000d
0003a0008d0000005acd
000ba000360000009288
00043fffcd0000001bb2
ffff4000600000002490
0009400090000000a690
0009cfffea00000060f4
ffff80000e0000000104
00041000ae00000086c5
000cd00043000000b5b2
00042fffd20000001948
ffff40007b0000003ba9
000ab000a6000000dddd
000aafffe80000007324
fffed0001a000000040d
00047000ce000000b975
000e200052000000e1c8
00040fffdb0000001559
ffff30009c0000005fb9
000c4000be0000012314
000b4fffe800000080d0
fffde000330000000ead
00056000fc00000114f4
001010005a00000121a5
00036fffde0000000fe8
fffe5000ce000000a89d
000e8000ee000001af84
000c8fffee0000009d84
fffcc0005200000024d4
0006a0013f000001b965
0012f000710000019882
0002efffe60000000ae8
fffdc001140000012ea0
0011c0012a00000295f4
000e0ffff0000000c500
fffac0008800000063d0
0008e001ab00000316fd
0017e0008e00000288c8
0001dfffec00000004d9
fffc60018c00000271b4
0017c00194000004b1a0
00111fffe90000012532
fff69000da00000112b5
000bd002730000068b32
00209000d2000004d095
ffffc000060000000034
fff9f002880000068d01
002490027d00000b69da
0017ffffe70000023f72
ffed8001ac00000421d0
001500047100001572e1
003960017700000f0135
fff8d00041000000442a
fff04005de0000236494
005650060a000041923d
00386fffd100000c72c5
ffb610067800003f3301
00620015ac0001fb2f90
01f5e00d410004879105
020cefee3e00056f7cc8
00576fe1c00003b0e264
ff48aff2de00012fd2e8
ffcb00002900000aff91
0038dffb2f000023ce4a
ffdf0ff84d00003f8829
ffc2dffe540000116b79
00130fff62000001ca84
000e2ffb7b000015349d
025750000000057b0779
01454fe6a00004211f90
ffba4fec7c00018fdd20
ffb03ffd8b00001eeb82
00465ffde9000017adea
001e0ff81600004225e4
ffcdeffbfd000019e88d
000710000300000031ea
002bcffcb00000127310
fff1effbbc000012f994
ffec6fff5c000001ea34
001d6fff230000041dad
000d2ffca800000bda84
ffeaaffe40000004d8e4
00070000020000003104
0018bffe28000005c7b9
fff87ffda8000005b771
fff6efffb600000068a8
00147fff71000001f192
00092ffddf000004db85
fff36ffeec000001c8f4
0006e000020000002f48
0011cffeb4000002e9a0
fffb4ffe690000029da1
fffb6fffd80000001ba4
00106fff8e0000013ee8
0006effe6e000002a688
fff76fff44000000d474
0006c000070000002dc1
000e6ffefe000001d2a8
fffcdffed20000016e6d
fffddfffec0000000659
000dffffa2000000e4c5
0005bffec4000001a669
fffa0fff790000006b31
00070000090000003151
000c6fff280000014f64
fffdcfff0e000000e9d4
ffff2ffff60000000128
000c4fffb0000000af10
0004effefd0000011dcd
fffbbfff9a0000003b3d
0006e000060000002f68
000aafff48000000f524
fffe1fff3e00000096c5
00002000020000000008
000b1fffbb0000008cfa
00042fff2a000000c3e8
fffcffffba0000001c85
000720000a0000003328
0009afff5e000000c328
fffe8fff6200000063c4
000100000d00000001a9
000a9fffc40000007da1
0003ffff4800000093c1
fffdffffcc0000000ed1
000730000c0000003439
0008efff720000009d88
ffff2fff7c00000044d4
0001c000100000000410
0009efffc60000006ea8
00036fff5e00000071e8
fffe7fffde00000006f5
000730000e000000346d
00082fff800000008204
ffff4fff940000002e20
000260001a0000000848
0009cfffcd0000006939
00036fff6e0000005ea8
ffff1fffe70000000352
000710000f00000032c2
0007afff8c0000006eb4
ffff8fffa60000001fe4
0002e0001e0000000bc8
00096fffd000000060e4
00033fff7f0000004b2a
ffffcffff200000000d4
000760000c00000036f4
00072fff8e0000006588
ffff8fffb100000018a1
00032000220000000e48
00090fffd100000059a1
0002cfff880000003fd0
ffffaffffa0000000048
00072000140000003454
0006cfff9c00000054a0
ffffcfffbd0000001199
00034000250000000fe9
00088fffd80000004e80
00028fff9a0000002ee4
00002000080000000044
0007500016000000375d
0006afffa40000004cf4
ffffefffc80000000c44
00036000260000001108
00081fffdc0000004611
00024fffa80000002350
00008000120000000184
00076000160000003848
00062fffac0000004114
ffffefffd80000000644
0003d0002e00000016cd
00081fffdf0000004542
00023fffb20000001c8d
0000e0001a0000000368
00078000180000003a80
0005efffb20000003a48
ffffefffe40000000314
00044000360000001d74
00086fffe200000049a8
00027fffb60000001b55
000120001a00000003e8
00074000150000003649
00057fffb800000031d1
00002fffed000000016d
00048000340000001ed0
0007afffde0000003ea8
0001afffc200000011a8
000120002c00000008d4
0007a0001e0000003da8
00056fffbe0000002de8
00003ffff6000000006d
0004c0003800000022d0
0007afffe10000003de5
00018fffca0000000da4
00016000300000000ae4
0007a0001e0000003da8
00050fffc60000002624
00005000050000000032
00056000420000002de8
00080fffe20000004384
0001bfffcd0000000d02
0001b000330000000d02
0007c0001c0000003f20
0004cfffc50000002429
000030000a000000006d
00056000420000002de8
0007afffe20000003da8
00012fffd60000000828
0001c0003f0000001291
0007e0001e0000004188
00044fffc80000001e50
ffffc0001400000001a0
000560004c0000003374
00076fffe800000038a4
0000efffe20000000448
0001e0004b000000197d
00080000250000004559
00044fffd00000001b10
00000000200000000400
0005e000500000003b84
00076fffe90000003875
00008fffea0000000224
000200005600000020e4
000830002a00000049ed
00042fffd80000001744
000020002b000000073d
000660005800000046e4
00079fffec0000003ac1
0000bffff00000000179
000290005c00000027a1
0008a000260000005008
0003cfffd300000015f9
ffffc0003200000009d4
000660005e0000004b28
00078fffee0000003984
00006ffff60000000088
00028000620000002bc4
00087000280000004d71
00033fffda0000000fcd
ffffa000400000001024
0006a0006400000052f4
00071ffff000000032e1
ffffc000060000000034
0002c000770000003ee1
000900002f00000059a1
00033fffdf0000000e6a
ffffa0004e00000017e8
000720006c0000006054
00072ffff000000033c4
ffff40000f0000000171
0002d000860000004e0d
000950003800000062f9
00031fffe60000000c05
ffffb0005b0000002072
0007a000740000006eb4
00072ffff000000033c4
ffff0000190000000371
00032000920000005d08
00098000380000006680
00026fffec0000000734
ffff7000720000003315
00086000820000008828
00073ffff000000034a9
fffe4000240000000820
00034000a70000007781
000a0000400000007400
00021ffff10000000522
ffff10008300000043ea
0008a000910000009c85
00072ffff80000003304
fffe0000360000000f64
0003c000ba0000009534
000a5000430000007be2
00016ffffc00000001f4
ffff2000a000000064c4
0009a0009e000000be28
0006cffff80000002dd0
fffcf0005200000023a5
0004c000df000000d8d1
000bb000440000009aa9
00008ffffc0000000050
fffe6000c000000092a4
000ae000b6000000f7a8
00070ffff50000003179
fffba000640000003a34
0004f001030000011e6a
000c800050000000b540
ffff30000800000000e9
fffd9000f1000000e8d2
000c4000da0000014fb4
00073ffffa00000033cd
fffa4000880000006950
0005f0013a000001a465
000e00005a000000e3a4
fffda0001200000006e8
fffc8001330000017c69
000e80010a000001e6a4
00078ffffc0000003850
fff7e000b6000000c368
0006c0018b0000028f09
001020007200000136c8
fffb80002a0000001b24
fffb8001960000029824
0011e0014a000002e8e8
00070ffffc0000003110
fff3a0010e000001b5e8
0008e0021b000004bd9d
001400008e000001dec4
fff6e0004e0000006b08
fff8a00258000005b4a4
0018b001d6000005c05d
0006efffff0000002f45
ffead001c0000004d0e9
000d60035400000bc674
001d2000d700000404d5
ffec2000a4000001f414
fff1b004450000130772
002ba003520000127568
0006f000010000003022
ffce000406000019f424
001e4007e80000421550
00464002120000179054
ffafc0027400001f2ca0
ffba001389000190c351
0145401964000421eaa0
ffd680030c00001002d0
000e0004840000152810
0012e0009c000001c354
ffc2c001a90000116921
ffdeb007b200003f8d7d
00388004d4000023c7d0
ffcb0fffdc00000afe10
ff48a00d2000012f9e64
0057201e400003b0b6c4
020c9011c700056ee682
01f62ff2c6000487d2a8
00626fea520001fbcfe8
ffb5eff98000003fb684
0037c0003000000c2d10
00560ff9fc0000411410
fff05ffa2a00002304fd
fff91fffc20000003f25
0039affe8a00000f1b08
00153ffb8e00001583ad
ffed7ffe510000042e32
0017f000160000023ee5
00245ffd8000000b6699
fff98ffd780000069280
ffff8ffffe0000000044
0020afff33000004cc8d
000c0ffd8e0000068ac4
fff6afff260000011188
001100001500000122b9
0017cffe6a000004b7f4
fffc3ffe710000027c6a
00016000120000000328
00178fff7600000272a4
0008cffe5c000002fda0
fffaefff7e0000005c48
000e200013000000c8ed
0011effed70000029815
fffdeffeed0000012bed
000300001c0000000c10
0012efff900000019544
0006affec3000001b46d
fffccfffb100000022f1
000c9000140000009f61
000e8fff14000001abd0
fffe6fff35000000a39d
00039000260000001255
00106fffa50000012c7d
0005afff020000011ba8
fffe0fffcb0000000ef9
000b5000140000008189
000c4fff3d0000012a99
ffff0fff620000006284
0003e0002600000014a8
000e2fffb2000000df48
00048fff32000000ba04
fffecfffe400000004a0
000a5000170000006c6a
000a8fff5f000000d381
ffff6fff8a00000036c8
000460002e0000001b68
000d0fffbe000000ba04
00042fff55000000833d
ffffdffff50000000082
000a4000140000006aa0
00098fff6a000000b224
ffff4fff9c00000027a0
00043000300000001a89
000bafffc60000009448
00038fff700000005d40
00000000040000000010
00099000190000005de2
00088fff820000008644
ffffafffb5000000161d
00048000320000001e04
000adfffca000000804d
0002efff840000004454
00004000100000000110
000900001b00000053d9
0007cfff9400000069a0
ffffcfffca0000000b74
0004d000380000002369
000a3fffd2000000700d
0002cfff9800000031d0
0000c0001b0000000369
000910001c0000005531
00074fff9e0000005a14
ffffffffd600000006e5
0004f000390000002512
0009afffd60000006388
00026fffa400000026b4
0000e0002000000004c4
0008a0001d0000004dad
00068fffa900000047d1
ffffefffe600000002a8
000510004000000029a1
00094fffdc0000005aa0
00026fffb00000001ea4
0001300026000000070d
000850001c0000004829
0005ffffb400000039d1
00001ffff200000000c5
00056000400000002ce4
0008dfffdc00000052b9
0001efffba00000016a8
000160002e0000000a28
000850001d0000004862
00059fffb60000003455
00000ffff80000000040
000510003f0000002922
00080fffe00000004400
00015fffca0000000d1d
000150003b0000000f52
000830002600000048ad
00057fffc20000002c95
00004000030000000019
00054000440000002da0
0007efffe600000040a8
00017fffd400000009a1
0001c0003c0000001120
0007f000200000004301
0004cfffc800000022d0
00001000110000000122
0005a0004800000033e4
0007cfffe50000003ee9
00012fffd80000000784
0001a0004200000013a8
0007a000220000003ea8
00046fffcf0000001c85
000020001a00000002a8
0005a0004a0000003508
00075fffe800000037b9
0000efffe400000003d4
0001e0004b000000197d
0007c000220000004094
00040fffd20000001844
00000000220000000484
0005a0004e0000003768
00070fffea00000032e4
00009fffed00000001ba
00021000520000001e85
0007c000240000004120
0003afffd700000013b5
ffffc0002c00000007a0
0005c000560000003df4
0006fffff00000003121
00009ffff400000000e1
000240005400000020a0
00077000220000003bd5
00030fffdf0000000d41
ffffb000370000000bea
0005f000580000004181
0006affff00000002ce4
00002ffffe0000000008
000260005f00000028e5
0007c000250000004169
0002efffe00000000c44
ffff80003b0000000dd9
0005c0005a00000040b4
00062ffff3000000262d
ffffc000080000000050
000260006a0000003188
0007a0002a0000004108
0002afffe80000000924
ffffc0004500000012a9
000600005b0000004459
0005affff40000002034
ffff4000140000000220
0002a000760000003d48
000800002c0000004790
00026fffe70000000815
ffff70004a00000015b5
0005e000600000004684
00058ffff90000001e71
ffff30001c00000003b9
0002c000780000003fd0
000780002a0000003f24
00018ffff300000002e9
ffff7000600000002451
0006a000670000005555
00054ffff60000001bf4
fffe80002600000007e4
0002e000870000004f75
0007e0002e0000004648
00014ffff40000000220
ffff3000680000002ae9
0006a0006d0000005a4d
00050ffffa0000001924
fffe2000300000000c84
00030000900000005a00
0007e0002e0000004648
00009ffffa0000000075
fffee000780000003984
0006e0007600000065a8
0004cffffa00000016b4
fffd80003a0000001364
000300009e0000006a84
0007c0003200000045d4
00000000020000000004
fffeb000890000004b0a
000760007e0000007468
00048ffffb0000001459
fffd2000460000001b68
00035000aa0000007bdd
0007c0002f00000044b1
fffee000060000000168
fffe60009e0000006428
0007a000840000007e34
0003dffff80000000ec9
fffbb0005800000030d9
00035000c4000000a109
00080000350000004af9
fffe00000d00000004a9
fffd8000b600000087a4
0007c0009a00000098b4
00038000040000000c50
fffb40006d00000044f9
0003c000d8000000c450
000820003a0000004f28
fffd10001a0000000b45
fffd8000d4000000b5d0
0008c000a2000000b314
0002affffe00000006e8
fff98000880000007280
00040000fe0000010c04
0008a000420000005b68
fffbd00026000000172d
fffd0000fb000000ff19
0009b000b6000000df3d
00021ffffe0000000445
fff80000a6000000aba4
000470012000000157b1
0008c000400000005c90
fff94000350000003889
fffbe001370000018ad5
000b1000d60000012d45
00012ffffc0000000154
fff57000d10000011a32
0004e0015c000001f0d4
00091000480000006661
fff5f0004f0000007da2
fffa50018c00000284e9
000cd00104000001ac39
ffff2fffff00000000c5
fff14001220000022214
00064001c60000034c34
000ad000520000008f2d
fff100006a0000010ce4
fff77002140000049ae1
000fa00152000002b268
fffbf00005000000109a
ffea0001ae000004b644
000840027f0000067f11
000c600068000000c364
ffe62000be0000032a88
fff2c0034a00000b80f4
0017a001f3000005facd
fff40ffff80000009040
ffd68ffcf500000ffcb9
fff42000060000008d28
0017affe0b000006029d
fff28ffcb600000b87a4
ffe62fff4600000324a8
000cafff98000000c9a4
00085ffd7d0000069422
ffe9affe52000004c6e8
fffbc000020000001214
00100ffeb4000002ae90
fff7effde9000004a015
fff0efff8f00000116a5
000a8fffad0000008929
00063ffe3c0000034459
fff14ffede0000022214
ffff0000000000000100
000cafff000000019f64
fffa6ffe7800000277e4
fff64fffb400000075a0
00097fffb80000006d51
00052ffea0000001fe44
fff56fff290000012575
0000c000000000000090
000acfff2c0000012320
fffbeffecd000001812d
fff96fffcb00000036dd
0008efffbf0000005f45
00048ffede0000015cc4
fff80fff58000000ae40
00020000000000000400
00099fff48000000dfb1
fffcdfff040000010239
fffb8fffda00000019e4
00087fffc40000005541
00040fff080000010040
fff9cfff7a0000006d34
0002d0000000000007e9
0008afff5d000000b22d
fffd8fff2c000000b5d0
fffd0fffe60000000ba4
00082fffc70000004eb5
0003cfff28000000c450
fffb2fff940000004554
00037000020000000bd5
00082fff6c0000009794
fffe0fff4b00000083f9
fffe4ffff00000000410
00080fffca0000004b64
00036fff3f0000009ce5
fffc2fffa80000002d44
00040000040000001010
0007afff780000008264
fffe6fff620000006428
ffff2ffff80000000104
0007efffcc0000004894
00034fff530000007f79
fffcefffb80000001e04
00046000040000001334
00074fff820000007294
fffecfff760000004bf4
ffffe000000000000004
0007cfffcf0000004571
00030fff640000006810
fffd9fffc60000001315
0004c0000700000016c1
0006ffff8b000000659a
fffeffff870000003a52
00009000040000000061
0007cfffd20000004454
0002ffff7000000059a1
fffe2fffd20000000bc8
00052000060000001a68
0006afff920000005b28
ffff2fff960000002ca8
000120000c00000001d4
0007bfffd400000042a9
0002cfff7c0000004ba0
fffeafffdc00000006f4
000560000a0000001d48
00067fff9800000053b1
ffff5fffa200000022fd
0001a0001000000003a4
0007afffd60000004108
0002bfff86000000415d
ffff1fffe60000000385
0005a0000a0000002008
00064fff9d0000004d59
ffff7fffae0000001a95
000200001600000005e4
0007afffd700000040b5
00028fff900000003740
ffff6ffff00000000164
0005e0000c0000002314
00062fffa20000004808
ffffafffb900000013d5
000270001a0000000895
0007afffd80000004064
00026fff990000002f15
ffffcffff80000000050
000630000e000000270d
00060fffa600000043a4
ffffcfffc20000000f14
0002e000200000000c44
0007bfffda00000040bd
00026fffa000000029a4
00001000020000000005
00067000100000002a71
0005dfffaa0000003ead
ffffdfffcc0000000a99
00034000240000000fa0
0007cfffdb0000004169
00024fffa80000002350
000060000a0000000088
0006c000120000002ed4
0005cfffae0000003b54
ffffefffd600000006e8
0003a0002900000013b5
0007cfffdc0000004120
00023fffae0000001f0d
0000a0001200000001a8
00070000140000003290
0005afffb10000003805
ffffefffde0000000488
00040000300000001900
0007efffde0000004288
00021fffb600000019a5
0000e0001a0000000368
000740001700000036a1
00058fffb50000003439
ffffefffe70000000275
00045000350000001d92
00080fffe00000004400
0001efffbc0000001594
00012000240000000654
00079000190000003ba2
00056fffb80000003124
00000ffff100000000e1
0004c0003a00000023b4
00080fffe100000043c1
0001dfffc300000011d2
000160002d00000009cd
0007f0001c0000004211
00054fffba0000002eb4
00000ffffa0000000024
00052000410000002ac5
00082fffe20000004588
0001afffca0000000e08
0001b000360000000e3d
000840001e0000004794
00054fffbd0000002d19
00000000060000000024
00058000480000003280
00084fffe30000004759
00018fffd10000000ae1
0001e000400000001384
0008a000220000004ee8
00052fffc20000002948
00000000100000000100
0005f000500000003c41
00087fffe50000004a0a
00014fffda0000000734
000230004c0000001b59
000920002600000058e8
00050fffc40000002710
fffff0001c0000000311
00068000590000004931
0008afffe60000004d08
00012fffe00000000544
000280005a00000025e4
000990002a0000006255
0004efffc600000024e8
ffffe000290000000695
00070000630000005749
0008efffe70000005135
0000cfffe800000002d0
0002c0006a0000003374
000a30002f000000706a
0004cfffca00000021f4
ffffc000380000000c50
0007a0006f0000006a45
00092fffe80000005584
00008ffff20000000104
000320007c00000045d4
000ae00033000000806d
0004afffcc0000001ff4
ffffc0004a0000001574
000880007d0000008549
00098fffe80000005c80
00002ffffe0000000008
00038000910000005e61
000bc0003a0000009734
00047fffd00000001cb1
ffff80005f0000002381
000970008e000000a7d5
0009efffe90000006395
ffff90000c00000000c1
00040000aa00000080e4
000cd00042000000b52d
00042fffd40000001894
ffff40007a0000003ab4
000aa000a4000000d9f4
000a8fffea0000007024
fffee0001c0000000454
0004a000ce000000bb28
000e40004e000000e2d4
0003efffd80000001544
ffff00009c0000006010
000c4000c20000012914
000b5fffea00000081dd
fffe0000320000000dc4
00058000fc0000011650
001020005a00000123a8
00037fffde0000001055
fffe8000ce000000a804
000e8000eb000001a9f9
000c7fffec0000009c41
fffcc0005200000024d4
0006c0013f000001bb11
001300006f0000019921
0002cfffe50000000a69
fffdc0011600000132f4
0011e0012a0000029a68
000e2fffeb000000c93d
fffa90008400000061a1
0008a001aa0000030f48
0017a0008f0000027e05
0001affff000000003a4
fffc7001900000027db1
0017c00196000004b7f4
00112fffea0000012728
fff6c000da0000010f34
000c1002700000068281
00208000cd000004c469
ffff8000040000000050
fff9b0028a0000069a3d
0024a0028000000b7d64
00181fffe600000245a5
ffed6001aa0000041fc8
001500046f0000156121
003950017500000ef432
fff8c000400000004490
fff04005dc0000234d20
00564006080000416f50
00382fffd000000c5704
ffb600067a00003f5624
00620015ac0001fb2f90
01f5f00d3e0004878045
020ccfee3c00056f40a0
00575fe1c00003b0d779
ff48aff2dd00012fed2d
ffcb00002400000afe10
00388ffb2c000023c7d0
ffdecff84d00003f98b9
ffc2bffe540000117ac9
0012cfff62000001c114
000e0ffb7d0000151f09
025740000000057abc90
01452fe69d000421668d
ffb9efec7c0001901194
ffaffffd8e00001f04c5
00465ffdec000017a169
001e2ff8160000422d68
ffcddffbfb000019fee2
0006f000020000003025
002b9ffcb000001262b1
fff19ffbbc0000130281
ffec1fff60000001f181
001d5fff2a0000040e1d
000d6ffcac00000bc674
ffeaaffe41000004d565
00070000020000003104
0018dffe28000005cde9
fff88ffda6000005bfe4
fff6cfffb40000006c20
00142fff72000001e3c8
0008fffde2000004cb65
fff37ffef0000001bed1
0006f000040000003031
0011fffeb4000002f051
fffb4ffe68000002a0d0
fffb4fffd70000001d21
00102fff920000013348
0006effe720000029a08
fff7afff46000000cd48
00070000060000003124
000e6ffefc000001d6b4
fffcbffed000000173f9
fffdafffec0000000734
000defffa4000000e194
0005cffec6000001a234
fffa0fff7a0000006a24
00070000060000003124
000c2fff290000014795
fffdafff12000000e2e8
ffff4ffff800000000d0
000c6fffb1000000b185
0004effefe0000011bc8
fffbbfff9c00000039a9
00070000080000003140
000abfff48000000f679
fffe4fff3f0000009491
0000600003000000002d
000b6fffba0000009488
00046fff25000000ce7d
fffcefffb60000001f28
00070000090000003151
0009afff5f000000c1e5
fffebfff61000000647a
000130000c00000001f9
000aafffc10000008065
0003efff440000009914
fffdcfffca0000001074
000710000b000000325a
0008cfff710000009c71
ffff0fff7c0000004510
0001c000120000000454
000a0fffc60000007124
00039fff5b000000770a
fffe8fffda00000007e4
000700000d00000031a9
00082fff7e0000008408
ffff4fff920000002fd4
00024000180000000750
00099fffcb000000666a
00034fff6e0000005dd4
ffff0fffe80000000340
000720000e0000003388
00078fff8a0000006ea4
ffff7fffa3000000221a
0002c0001c0000000aa0
00093fffd00000005d69
00030fff7f0000004a01
ffff7ffff20000000115
000730000f000000348a
00072fff940000006054
ffffafffb3000000174d
00032000220000000e48
0008efffd300000056ad
0002cfff8d0000003b39
ffffeffffd000000000d
000740001100000035b1
0006bfff9c00000053c9
ffffbfffc00000001019
00037000260000001175
0008afffd60000005148
00029fff990000003002
00004000060000000034
000740001200000035d4
00066fffa400000049b4
ffffdfffcc0000000a99
0003c0002a00000014f4
00086fffd90000004c15
00026fffa400000026b4
000080000f0000000121
00075000140000003709
00060fffaa00000040e4
ffffefffd80000000644
000400002e0000001844
00084fffdc0000004920
00022fffae0000001ec8
0000c0001700000002a1
00076000160000003848
0005cfffb00000003a10
ffffffffe20000000385
00044000320000001bd4
00081fffde0000004585
00020fffb80000001840
00010000200000000500
00078000180000003a80
00058fffb600000033a4
00000fffec0000000190
00048000370000002011
0007efffe00000004204
0001dfffc00000001349
000140002800000007d0
000790001a0000003bd5
00053fffbc0000002cf9
00000ffff60000000064
0004c0003b0000002429
0007cfffe20000003f94
0001afffc80000000ee4
000170002e0000000a55
0007a0001c0000003d34
00050fffc00000002900
00000000000000000000
00050000400000002900
0007afffe40000003d34
00017fffd20000000a55
0001a000380000000ee4
0007c0001e0000003f94
0004cfffc50000002429
000000000a0000000064
00053000440000002cf9
00079fffe60000003bd5
00014fffd800000007d0
0001d000400000001349
0007e000200000004204
00048fffc90000002011
00000000140000000190
000580004a00000033a4
00078fffe80000003a80
00010fffe00000000500
00020000480000001840
00081000220000004585
00044fffce0000001bd4
fffff0001e0000000385
0005c000500000003a10
00076fffea0000003848
0000cfffe900000002a1
00022000520000001ec8
00084000240000004920
00040fffd20000001844
ffffe000280000000644
000600005600000040e4
00075fffec0000003709
00008ffff10000000121
000260005c00000026b4
00086000270000004c15
0003cfffd600000014f4
ffffd000340000000a99
000660005c00000049b4
00074fffee00000035d4
00004ffffa0000000034
00029000670000003002
0008a0002a0000005148
00037fffda0000001175
ffffb000400000001019
0006b0006400000053c9
00074fffef00000035b1
ffffe00003000000000d
0002c000730000003b39
0008e0002d00000056ad
00032fffde0000000e48
ffffa0004d000000174d
000720006c0000006054
00073ffff1000000348a
ffff70000e0000000115
00030000810000004a01
00093000300000005d69
0002cfffe40000000aa0
ffff70005d000000221a
00078000760000006ea4
00072ffff20000003388
ffff0000180000000340
00034000920000005dd4
0009900035000000666a
00024fffe80000000750
ffff40006e0000002fd4
00082000820000008408
00070ffff300000031a9
fffe80002600000007e4
00039000a5000000770a
000a00003a0000007124
0001cfffee0000000454
ffff0000840000004510
0008c0008f0000009c71
00071ffff5000000325a
fffdc000360000001074
0003e000bc0000009914
000aa0003f0000008065
00013ffff400000001f9
fffeb0009f000000647a
0009a000a1000000c1e5
00070ffff70000003151
fffce0004a0000001f28
00046000db000000ce7d
000b6000460000009488
00006ffffd000000002d
fffe4000c10000009491
000ab000b8000000f679
00070ffff80000003140
fffbb0006400000039a9
0004e001020000011bc8
000c60004f000000b185
ffff40000800000000d0
fffda000ee000000e2e8
000c2000d70000014795
00070ffffa0000003124
fffa0000860000006a24
0005c0013a000001a234
000de0005c000000e194
fffda000140000000734
fffcb0013000000173f9
000e600104000001d6b4
00070ffffa0000003124
fff7a000ba000000cd48
0006e0018e0000029a08
001020006e0000013348
fffb4000290000001d21
fffb400198000002a0d0
0011f0014c000002f051
0006fffffc0000003031
fff3700110000001bed1
0008f0021e000004cb65
001420008e000001e3c8
fff6c0004c0000006c20
fff880025a000005bfe4
0018d001d8000005cde9
00070ffffe0000003104
ffeaa001bf000004d565
000d60035400000bc674
001d5000d60000040e1d
ffec1000a0000001f181
fff19004440000130281
002b90035000001262b1
0006fffffe0000003025
ffcdd00405000019fee2
001e2007ea0000422d68
0046500214000017a169
ffaff0027200001f04c5
ffb9e013840001901194
0145201963000421668d
ffd680030c00001002d0
000e0004830000151f09
0012d0009e000001c36d
ffc2c001ac0000117320
ffded007b400003fa3f9
00388004d4000023c7d0
ffcb0fffdd00000afdc9
ff48a00d2300012fed2d
0057601e400003b0e264
020cc011c400056f40a0
01f5eff2c10004875c05
00620fea530001fb5ae9
ffb60ff98600003f5624
003820003200000c57c8
00564ff9fa0000415734
fff04ffa240000234d20
fff8dfffc000000043a9
00394ffe8a00000eeff4
00150ffb910000156121
ffed8ffe560000041b24
001820001a00000248a8
0024affd8100000b7865
fff9bffd760000069a3d
ffff8ffffc0000000050
00208fff33000004c469
000c1ffd900000068281
fff6cfff270000010d81
00114000160000012b74
0017cffe6a000004b7f4
fffc8ffe720000027704
0001b0001000000003d9
0017afff700000027f24
0008affe560000030f48
fffa9fff7d000000609a
000e200015000000c93d
0011fffed60000029ca5
fffdcffeeb00000130c9
0002c0001a0000000a34
00130fff920000019844
0006bffec1000001ba3a
fffccfffae00000024d4
000c7000150000009c6a
000e8fff15000001a9f9
fffe8fff32000000a804
0003700023000000109a
00102fffa5000001245d
00058fff040000011650
fffe0fffcd0000000e29
000b50001500000081b2
000c4fff3e0000012914
ffff0fff630000006149
0003e000280000001544
000e4fffb2000000e2d4
0004afff32000000bb28
fffeefffe40000000454
000a8000160000007024
000abfff5c000000db49
ffff5fff860000003a9d
000420002c0000001894
000ccfffbe000000b394
00040fff540000008390
ffff9ffff400000000c1
000a0000170000006611
00098fff72000000a904
ffff8fffa00000002440
00047000300000001cb1
000bcfffc60000009734
00038fff6f0000005e61
00000000020000000004
00098000180000005c80
00088fff820000008644
ffffafffb60000001588
00049000340000001f61
000aefffce0000008008
00032fff8400000045d4
000080000e0000000104
000920001900000055b5
0007afff920000006968
ffffcfffc80000000c50
0004c0003600000021f4
000a2fffd20000006ec8
0002cfff960000003374
0000c0001800000002d0
0008e0001a0000005168
00070fff9e0000005684
ffffefffd600000006e8
0004e000380000002404
00098fffd60000006124
00028fffa70000002531
00010000200000000500
0008a0001a0000004d08
00068fffa80000004880
ffffffffe40000000311
000500003c0000002710
00090fffda00000056a4
00023fffb40000001b59
000140002800000007d0
000880001a0000004ae4
0005ffffb00000003c41
00000ffff00000000100
000520003e0000002948
0008afffde0000004ee8
0001efffc00000001384
00018000300000000b40
000840001d0000004759
00059fffb80000003331
00000ffffb0000000019
00054000420000002c94
00084fffe20000004794
0001afffca0000000e08
0001a000360000000e08
000820001e0000004588
00052fffc00000002a44
00000000060000000024
00055000450000002ed2
0007ffffe40000004211
00016fffd300000009cd
0001c0003d0000001199
00080000200000004400
0004cfffc600000023b4
000000000e00000000c4
000570004800000031d1
0007afffe80000003c64
00012fffdc0000000654
0001e00043000000150d
0007e000200000004204
00045fffcc0000001d29
fffff000180000000241
000580004c00000034d0
00074fffeb0000003649
0000efffe60000000368
000200004a0000001964
0007d00022000000418d
00040fffd00000001900
ffffe000210000000445
0005a0004e0000003768
00070fffec0000003290
0000afffee00000001a8
00022000510000001e25
0007c0002300000040d9
00039fffd70000001342
ffffe0002a00000006e8
0005c000520000003b54
0006cfffee0000002ed4
00005ffff6000000007d
00024000580000002350
0007c000250000004169
00034fffdc0000000fa0
ffffc0003200000009d4
0005c000560000003df4
00067ffff00000002a71
00001000000000000001
000260006000000029a4
0007b0002600000040bd
0002efffe10000000c05
ffffa0003e0000000f28
000600005a00000043a4
00064ffff200000027d4
ffffd00007000000003a
00026000680000002fe4
0007a000280000004064
00027fffe70000000862
ffffa0004700000013d5
000610005e0000004745
0005effff3000000232d
ffff6000100000000164
00029000700000003791
0007b0002900000041aa
00022fffea0000000668
ffff80005100000019e1
00064000620000004c94
0005affff60000002008
ffff0000190000000371
0002b00079000000406a
0007a0002a0000004108
00019ffff00000000371
ffff50005d0000002242
00068000680000005480
00056ffff60000001d48
fffea000220000000668
0002c000840000004ba0
0007b0002c00000042a9
00012ffff500000001bd
ffff20006a0000002ca8
0006a0006e0000005b28
00051ffff800000019e1
fffe20002e0000000bc8
0002e000900000005944
0007b0002e000000435d
00009ffffc0000000061
fffee000780000003984
0006e0007600000065a8
0004cffffa00000016b4
fffd90003a0000001315
000300009c0000006810
0007c000310000004571
ffffe000020000000008
fffec0008a0000004bf4
000740007e0000007294
00046ffffa0000001348
fffcf000480000001da1
00034000ae00000080d4
0007e000340000004894
ffff2000080000000104
fffe60009d00000062ed
0007a000880000008264
00040ffffc0000001010
fffc2000580000002d44
00036000c00000009b64
00080000360000004b64
fffe4000100000000410
fffe0000b40000008290
0008200093000000966d
00038ffffe0000000c44
fffb00006c0000004690
0003a000d9000000c515
00082000390000004eb5
fffd00001a0000000ba4
fffd8000d4000000b5d0
0008c000a2000000b314
0002dfffff00000007ea
fff9c000860000006d34
00040000f80000010040
000870003c0000005541
fffb8000240000001950
fffcc000fc00000102a0
00099000b8000000dfb1
00020000000000000400
fff80000a8000000ae40
00048001230000015f09
0008d000400000005da9
fff96000340000003674
fffbe00133000001812d
000ac000d40000012320
0000c000000000000090
fff56000d600000123c8
0005100160000001fda1
00096000480000006c24
fff640004c00000075a0
fffa60018800000277e4
000ca001000000019f64
ffff0000000000000100
fff15001230000022282
00063001c40000034459
000a8000530000008929
fff0e0007100000116a5
fff7e002160000049be8
001000014c000002ae90
fffbcffffe0000001214
ffe9b001ae000004c41d
00084002820000068e14
000c900066000000c675
ffe60000bc0000032e10
fff280034a00000b87a4
00179001f60000060395
fff41ffffa0000008ea5
00000000000000000000
00000000000000000000
00000000000000000000
00000000000000000000
00000000000000000000
00000000000000000000
00000000000000000000
00000000000000000000
00000000000000000000
00000000000000000000
00000000000000000000
00000000000000000000
00000000000000000000
00000000000000000000
00000000000000000000
00000000000000000000
00000000000000000000
00000000000000000000
00000000000000000000
00000000000000000000
00000000000000000000
00000000000000000000
00000000000000000000
00000000000000000000
00000000000000000000
00000000000000000000
00000000000000000000
00000000000000000000
00000000000000000000
00000000000000000000
00000000000000000000
00000000000000000000
00000000000000000000
00000000000000000000
00000000000000000000
00000000000000000000
00000000000000000000
00000000000000000000
00000000000000000000
00000000000000000000
00000000000000000000
00000000000000000000
00000000000000000000
00000000000000000000
00000000000000000000
00000000000000000000
00000000000000000000
00000000000000000000
00000000000000000000
00000000000000000000
00000000000000000000
00000000000000000000
00000000000000000000
00000000000000000000
00000000000000000000
00000000000000000000
00000000000000000000
00000000000000000000
00000000000000000000
00000000000000000000
00000000000000000000
00000000000000000000
00000000000000000000
00000000000000000000
00000000000000000000
00000000000000000000
00000000000000000000
00000000000000000000
00000000000000000000
00000000000000000000
00000000000000000000
00000000000000000000
00000000000000000000
00000000000000000000
00000000000000000000
00000000000000000000
00000000000000000000
00000000000000000000
00000000000000000000
00000000000000000000
00000000000000000000
00000000000000000000
00000000000000000000
00000000000000000000
00000000000000000000
00000000000000000000
00000000000000000000
00000000000000000000
00000000000000000000
00000000000000000000
00000000000000000000
00000000000000000000
00000000000000000000
00000000000000000000
00000000000000000000
00000000000000000000
00000000000000000000
00000000000000000000
00000000000000000000
00000000000000000000
00000000000000000000
00000000000000000000
00000000000000000000
00000000000000000000
00000000000000000000
00000000000000000000
00000000000000000000
00000000000000000000
00000000000000000000
00000000000000000000
00000000000000000000
00000000000000000000
00000000000000000000
00000000000000000000
00000000000000000000
00000000000000000000
00000000000000000000
00000000000000000000
00000000000000000000
00000000000000000000
00000000000000000000
00000000000000000000
00000000000000000000
00000000000000000000
00000000000000000000
00000000000000000000
00000000000000000000
00000000000000000000
00000000000000000000
00000000000000000000
00000000000000000000
00000000000000000000
00000000000000000000
00000000000000000000
00000000000000000000
00000000000000000000
00000000000000000000
00000000000000000000
00000000000000000000
00000000000000000000
00000000000000000000
00000000000000000000
00000000000000000000
00000000000000000000
00000000000000000000
00000000000000000000
00000000000000000000
00000000000000000000
00000000000000000000
00000000000000000000
00000000000000000000
00000000000000000000
00000000000000000000
00000000000000000000
00000000000000000000
00000000000000000000
00000000000000000000
00000000000000000000
00000000000000000000
00000000000000000000
00000000000000000000
00000000000000000000
00000000000000000000
00000000000000000000
00000000000000000000
00000000000000000000
00000000000000000000
00000000000000000000
00000000000000000000
00000000000000000000
00000000000000000000
00000000000000000000
00000000000000000000
00000000000000000000
00000000000000000000
00000000000000000000
00000000000000000000
00000000000000000000
00000000000000000000
00000000000000000000
00000000000000000000
00000000000000000000
00000000000000000000
00000000000000000000
00000000000000000000
00000000000000000000
00000000000000000000
00000000000000000000
00000000000000000000
00000000000000000000
00000000000000000000
00000000000000000000
00000000000000000000
00000000000000000000
00000000000000000000
00000000000000000000
00000000000000000000
00000000000000000000
00000000000000000000
00000000000000000000
00000000000000000000
00000000000000000000
00000000000000000000
00000000000000000000
00000000000000000000
00000000000000000000
00000000000000000000
00000000000000000000
00000000000000000000
00000000000000000000
00000000000000000000
00000000000000000000
00000000000000000000
00000000000000000000
00000000000000000000
00000000000000000000
00000000000000000000
00000000000000000000
00000000000000000000
00000000000000000000
00000000000000000000
00000000000000000000
00000000000000000000
00000000000000000000
00000000000000000000
00000000000000000000
00000000000000000000
00000000000000000000
00000000000000000000
00000000000000000000
00000000000000000000
00000000000000000000
00000000000000000000
00000000000000000000
00000000000000000000
00000000000000000000
00000000000000000000
00000000000000000000
00000000000000000000
00000000000000000000
00000000000000000000
00000000000000000000
00000000000000000000
00000000000000000000
00000000000000000000
00000000000000000000
00000000000000000000
00000000000000000000
00000000000000000000
00000000000000000000
00000000000000000000
00000000000000000000
00000000000000000000
00000000000000000000
00000000000000000000
00000000000000000000
04a00000000015640000
02824fcdd800101eeb50
ff758fd96e00061a9984
ff61cffb2b0000792c49
008b0ffbe500005c53d9
003b5ff05e000102207d
ff9ceff81000006562c4
000da00002000000b9a8
00562ff972000047f048
ffe37ff79200004a3f15
ffd8cffec40000078aa0
0039effe5800000fd3c4
001a6ff96c00002dfd34
ffd60ffc8c000012d090
000db00005000000bb72
00310ffc5d0000169ac9
fff14ffb5b0000166be9
ffedbfff68000001a999
0027cffee500000764e9
0011cffbd0000012c410
ffe72ffde8000006cd04
000dc00008000000bd50
00236ffd7000000b7464
fff6affcd800000a4e24
fff68fffaf00000073e1
001fcfff25000004ab69
000d8ffcee00000a2384
ffef7ffe910000032072
000dc0000c000000bda0
001c6ffdfe0000072d28
fff98ffda7000005ad31
fffb6fffd80000001ba4
001b5fff4b00000369f2
000b4ffd940000065c20
fff44ffef70000019c61
000de0000e000000c148
00182ffe580000050444
fffb4ffe290000037921
fffe7ffff20000000335
00186fff64000002b134
0009affe0200000454a8
fff7afff3b000000ddbd
000de00010000000c184
00152ffe96000003be28
fffc8ffe840000024050
0000a000060000000088
00166fff75000002401d
00088ffe510000031de1
fff9efff6e00000078c8
000de00014000000c214
00130ffec1000002f681
fffd6ffec60000018808
000240001600000006f4
0014ffff83000001f36a
0007bffe8c00000257a9
fffbafff9400000040b4
000df00016000000c425
00115ffee400000266c9
fffe0ffefb0000010e19
000380002200000010c4
0013cfff8f000001b7f1
00070ffebb000001cd99
fffd0fffb40000001f90
000e000019000000c671
00100fff000000020000
fffe8fff25000000bd99
000480002e0000001c84
0012efff980000018e84
00066ffee10000016a65
fffe2fffce0000000d48
000e20001c000000ca94
000effff17000001b332
fffeefff490000008415
00056000380000002924
00122fffa00000016c84
0005ffff010000012142
ffff0fffe600000003a4
000e20001e000000cb08
000e0fff2a00000176e4
ffff2fff680000005b04
00062000420000003688
00118fffa70000015131
00058fff1d000000e789
ffffcffffa0000000034
000e400022000000cf94
000d4fff3c00000145a0
ffff6fff820000003e68
0006c0004a00000042f4
00110fffae0000013b44
00052fff36000000b9a8
000070000c00000000c1
000e600025000000d3fd
000c8fff4a0000011da4
ffffafff9a00000028c8
0007600053000000514d
0010afffb20000012c28
0004bfff4b00000095f2
000100001e0000000484
000e800028000000d880
000bffff57000000fe12
ffffcfffb200000017d4
0007e0005b0000005e5d
00104fffb80000011c50
00046fff5f0000007865
000180002e0000000a84
000ea0002c000000dd74
000b6fff64000000e074
ffffefffc60000000d28
00086000640000006d34
000fefffbc0000010e14
00040fff710000005fe1
000200003e0000001304
000ec0002f000000e231
000aefff6e000000c988
ffffffffda00000005a5
0008e0006c0000007c54
000fafffc20000010328
0003afff820000004b28
000270004e0000001db5
000ef00032000000e8e5
000a6fff78000000b3e4
00000fffed0000000169
00096000750000008d5d
000f6fffc6000000f988
00034fff9300000038f9
0002e0005d0000002a0d
000f200036000000f028
0009efff820000009f88
00000000000000000000
0009e0007e0000009f88
000f2fffca000000f028
0002efffa30000002a0d
000340006d00000038f9
000f60003a000000f988
00096fff8b0000008d5d
00000000130000000169
000a600088000000b3e4
000effffce000000e8e5
00027fffb20000001db5
0003a0007e0000004b28
000fa0003e0000010328
0008efff940000007c54
fffff0002600000005a5
000ae00092000000c988
000ecfffd1000000e231
00020fffc20000001304
000400008f0000005fe1
000fe000440000010e14
00086fff9c0000006d34
ffffe0003a0000000d28
000b60009c000000e074
000eafffd4000000dd74
00018fffd20000000a84
00046000a10000007865
00104000480000011c50
0007efffa50000005e5d
ffffc0004e00000017d4
000bf000a9000000fe12
000e8fffd8000000d880
00010fffe20000000484
0004b000b500000095f2
0010a0004e0000012c28
00076fffad000000514d
ffffa0006600000028c8
000c8000b60000011da4
000e6fffdb000000d3fd
00007ffff400000000c1
00052000ca000000b9a8
00110000520000013b44
0006cfffb600000042f4
ffff60007e0000003e68
000d4000c400000145a0
000e4fffde000000cf94
ffffc000060000000034
00058000e3000000e789
00118000590000015131
00062fffbe0000003688
ffff2000980000005b04
000e0000d600000176e4
000e2fffe2000000cb08
ffff00001a00000003a4
0005f000ff0000012142
00122000600000016c84
00056fffc80000002924
fffee000b70000008415
000ef000e9000001b332
000e2fffe4000000ca94
fffe2000320000000d48
000660011f0000016a65
0012e000680000018e84
00048fffd20000001c84
fffe8000db000000bd99
00100001000000020000
000e0fffe7000000c671
fffd00004c0000001f90
0007000145000001cd99
0013c00071000001b7f1
00038fffde00000010c4
fffe0001050000010e19
001150011c00000266c9
000dffffea000000c425
fffba0006c00000040b4
0007b0017400000257a9
0014f0007d000001f36a
00024fffea00000006f4
fffd60013a0000018808
001300013f000002f681
000defffec000000c214
fff9e0009200000078c8
00088001af0000031de1
001660008b000002401d
0000affffa0000000088
fffc80017c0000024050
001520016a000003be28
000deffff0000000c184
fff7a000c5000000ddbd
0009a001fe00000454a8
001860009c000002b134
fffe70000e0000000335
fffb4001d70000037921
00182001a80000050444
000deffff2000000c148
fff44001090000019c61
000b40026c0000065c20
001b5000b500000369f2
fffb6000280000001ba4
fff9800259000005ad31
001c6002020000072d28
000dcffff4000000bda0
ffef70016f0000032072
000d80031200000a2384
001fc000db000004ab69
fff680005100000073e1
fff6a0032800000a4e24
002360029000000b7464
000dcffff8000000bd50
ffe7200218000006cd04
0011c00430000012c410
0027c0011b00000764e9
ffedb00098000001a999
fff14004a50000166be9
00310003a30000169ac9
000dbffffb000000bb72
ffd6000374000012d090
001a60069400002dfd34
0039e001a800000fd3c4
ffd8c0013c0000078aa0
ffe370086e00004a3f15
005620068e000047f048
000daffffe000000b9a8
ff9ce007f000006562c4
003b500fa2000102207d
008b00041b00005c53d9
ff61c004d50000792c49
ff7580269200061a9984
028240322800101eeb50
fb600000000015640000
fd7dc0322800101eeb50
008a80269200061a9984
009e4004d50000792c49
ff7500041b00005c53d9
ffc4b00fa2000102207d
00632007f000006562c4
fff26ffffe000000b9a8
ffa9e0068e000047f048
001c90086e00004a3f15
002740013c0000078aa0
ffc62001a800000fd3c4
ffe5a0069400002dfd34
002a000374000012d090
fff25ffffb000000bb72
ffcf0003a30000169ac9
000ec004a50000166be9
0012500098000001a999
ffd840011b00000764e9
ffee400430000012c410
0018e00218000006cd04
fff24ffff8000000bd50
ffdca0029000000b7464
000960032800000a4e24
000980005100000073e1
ffe04000db000004ab69
fff280031200000a2384
001090016f0000032072
fff24ffff4000000bda0
ffe3a002020000072d28
0006800259000005ad31
0004a000280000001ba4
ffe4b000b500000369f2
fff4c0026c0000065c20
000bc001090000019c61
fff22ffff2000000c148
ffe7e001a80000050444
0004c001d70000037921
000190000e0000000335
ffe7a0009c000002b134
fff66001fe00000454a8
00086000c5000000ddbd
fff22ffff0000000c184
ffeae0016a000003be28
000380017c0000024050
ffff6ffffa0000000088
ffe9a0008b000002401d
fff78001af0000031de1
000620009200000078c8
fff22fffec000000c214
ffed00013f000002f681
0002a0013a0000018808
fffdcfffea00000006f4
ffeb10007d000001f36a
fff850017400000257a9
000460006c00000040b4
fff21fffea000000c425
ffeeb0011c00000266c9
00020001050000010e19
fffc8fffde00000010c4
ffec400071000001b7f1
fff9000145000001cd99
000300004c0000001f90
fff20fffe7000000c671
fff00001000000020000
00018000db000000bd99
fffb8fffd20000001c84
ffed2000680000018e84
fff9a0011f0000016a65
0001e000320000000d48
fff1efffe4000000ca94
fff11000e9000001b332
00012000b70000008415
fffaafffc80000002924
ffede000600000016c84
fffa1000ff0000012142
000100001a00000003a4
fff1efffe2000000cb08
fff20000d600000176e4
0000e000980000005b04
fff9efffbe0000003688
ffee8000590000015131
fffa8000e3000000e789
00004000060000000034
fff1cfffde000000cf94
fff2c000c400000145a0
0000a0007e0000003e68
fff94fffb600000042f4
ffef0000520000013b44
fffae000ca000000b9a8
ffff9ffff400000000c1
fff1afffdb000000d3fd
fff38000b60000011da4
000060006600000028c8
fff8afffad000000514d
ffef60004e0000012c28
fffb5000b500000095f2
ffff0fffe20000000484
fff18fffd8000000d880
fff41000a9000000fe12
000040004e00000017d4
fff82fffa50000005e5d
ffefc000480000011c50
fffba000a10000007865
fffe8fffd20000000a84
fff16fffd4000000dd74
fff4a0009c000000e074
000020003a0000000d28
fff7afff9c0000006d34
fff02000440000010e14
fffc00008f0000005fe1
fffe0fffc20000001304
fff14fffd1000000e231
fff5200092000000c988
000010002600000005a5
fff72fff940000007c54
fff060003e0000010328
fffc60007e0000004b28
fffd9fffb20000001db5
fff11fffce000000e8e5
fff5a00088000000b3e4
00000000130000000169
fff6afff8b0000008d5d
fff0a0003a000000f988
fffcc0006d00000038f9
fffd2fffa30000002a0d
fff0efffca000000f028
fff620007e0000009f88
00000000000000000000
fff62fff820000009f88
fff0e00036000000f028
fffd20005d0000002a0d
fffccfff9300000038f9
fff0afffc6000000f988
fff6a000750000008d5d
00000fffed0000000169
fff5afff78000000b3e4
fff1100032000000e8e5
fffd90004e0000001db5
fffc6fff820000004b28
fff06fffc20000010328
fff720006c0000007c54
00001fffda00000005a5
fff52fff6e000000c988
fff140002f000000e231
fffe00003e0000001304
fffc0fff710000005fe1
fff02fffbc0000010e14
fff7a000640000006d34
00002fffc60000000d28
fff4afff64000000e074
fff160002c000000dd74
fffe80002e0000000a84
fffbafff5f0000007865
ffefcfffb80000011c50
fff820005b0000005e5d
00004fffb200000017d4
fff41fff57000000fe12
fff1800028000000d880
ffff00001e0000000484
fffb5fff4b00000095f2
ffef6fffb20000012c28
fff8a00053000000514d
00006fff9a00000028c8
fff38fff4a0000011da4
fff1a00025000000d3fd
ffff90000c00000000c1
fffaefff36000000b9a8
ffef0fffae0000013b44
fff940004a00000042f4
0000afff820000003e68
fff2cfff3c00000145a0
fff1c00022000000cf94
00004ffffa0000000034
fffa8fff1d000000e789
ffee8fffa70000015131
fff9e000420000003688
0000efff680000005b04
fff20fff2a00000176e4
fff1e0001e000000cb08
00010fffe600000003a4
fffa1fff010000012142
ffedefffa00000016c84
fffaa000380000002924
00012fff490000008415
fff11fff17000001b332
fff1e0001c000000ca94
0001efffce0000000d48
fff9affee10000016a65
ffed2fff980000018e84
fffb80002e0000001c84
00018fff25000000bd99
fff00fff000000020000
fff2000019000000c671
00030fffb40000001f90
fff90ffebb000001cd99
ffec4fff8f000001b7f1
fffc80002200000010c4
00020ffefb0000010e19
ffeebffee400000266c9
fff2100016000000c425
00046fff9400000040b4
fff85ffe8c00000257a9
ffeb1fff83000001f36a
fffdc0001600000006f4
0002affec60000018808
ffed0ffec1000002f681
fff2200014000000c214
00062fff6e00000078c8
fff78ffe510000031de1
ffe9afff75000002401d
ffff6000060000000088
00038ffe840000024050
ffeaeffe96000003be28
fff2200010000000c184
00086fff3b000000ddbd
fff66ffe0200000454a8
ffe7afff64000002b134
00019ffff20000000335
0004cffe290000037921
ffe7effe580000050444
fff220000e000000c148
000bcffef70000019c61
fff4cffd940000065c20
ffe4bfff4b00000369f2
0004afffd80000001ba4
00068ffda7000005ad31
ffe3affdfe0000072d28
fff240000c000000bda0
00109ffe910000032072
fff28ffcee00000a2384
ffe04fff25000004ab69
00098fffaf00000073e1
00096ffcd800000a4e24
ffdcaffd7000000b7464
fff2400008000000bd50
0018effde8000006cd04
ffee4ffbd0000012c410
ffd84ffee500000764e9
00125fff68000001a999
000ecffb5b0000166be9
ffcf0ffc5d0000169ac9
fff2500005000000bb72
002a0ffc8c000012d090
ffe5aff96c00002dfd34
ffc62ffe5800000fd3c4
00274ffec40000078aa0
001c9ff79200004a3f15
ffa9eff972000047f048
fff2600002000000b9a8
00632ff81000006562c4
ffc4bff05e000102207d
ff750ffbe500005c53d9
009e4ffb2b0000792c49
008a8fd96e00061a9984
fd7dcfcdd800101eeb50
04a0004a00002ac80000
05a4cff5fc00203dd6a0
01de7fd0c6000c347f95
ffaefff1470000f26cd2
00cca004930000b87bcd
01358ff4140002044fd0
001bfff1de0000cac905
000d9000de0000017875
00bf0ffed300008fe2e9
006a4ff5ca0000945c74
ffec8ffc4e00000f2404
00544001f600001f9274
0083affb1200005bfa68
000d4ff9ea000025b974
000d6000e100000178a5
006b2fff6d00002d282d
003b8ffa6e00002cdb84
fff74ffe440000034ea0
003960016200000ec568
0054affcea0000257f48
0008bffc5900000da26a
000d4000e40000017aa0
004c7fffa6000016f255
00290ffc440000148310
fffbafff18000000e564
002d7001220000095915
003eaffdc900001439b5
00066ffd8700000645d5
000d2000e70000017cb5
003c8fffc400000e5a50
001f2ffd3e00000b63c8
fffdffff8d00000037ea
0026a00100000006d3e4
00320ffe4800000cb840
0004fffe3b00000339fa
000d0000eb00000180b9
00329fffd800000a02d1
0018bffddd000006f242
ffff4fffda0000000634
00222000ea0000056268
00298ffe9d000008a689
0003effeb4000001bd94
000cd000ee000001816d
002bcfffe60000077cb4
00144ffe4b0000048409
00004000100000000110
001f2000dc00000485d4
00238ffed80000064280
00030fff0c000000f190
000ca000f10000018245
0026effff1000005e825
0010fffe9c0000030df1
0000e0003a0000000de8
001cb000d2000003e33d
001effff08000004ad61
00026fff4e0000008168
000c9000f5000001884a
00230ffff9000004c931
000e5ffeda0000021e7d
000160005a0000002188
001ae000cb000003733d
001b4fff2a0000039974
0001cfff840000003f20
000c8000fa0000019064
00200000000000040000
000c2fff0c0000017b94
0001a000760000003908
00196000c60000031d08
00186fff48000002d664
00014fffb00000001a90
000c6000fd000001932d
001d70000600000362b5
000a5fff37000001082a
0001e0008e0000005248
00182000c2000002d908
0015efff600000024284
0000afffd60000000748
000c4001010000019811
001b60000a000002edc8
0008bfff5a000000b71d
00020000a40000006d10
00172000c0000002a6c4
0013bfff74000001d029
00002ffff60000000068
000c2001060000019f28
00198000100000028b40
00074fff790000007bc1
00022000b600000085e8
00163000be000002794d
0011cfff860000017534
ffffa0001400000001b4
000c10010b000001a7fa
0017e000130000023b6d
0005ffff9400000050d1
00023000c9000000a29a
00156000bc00000252f4
00100fff960000012be4
ffff30002e00000008ed
000c000110000001b100
0016800016000001fc24
0004bfffae000000303d
00023000da000000be6d
0014b000bc0000023609
000e6fffa4000000efb4
fffea000460000001508
000be00116000001bae8
0015200019000001c0b5
00038fffc40000001a50
00023000ea000000daad
00142000bc0000021f14
000cefffb0000000bec4
fffe20005e0000002608
000be0011c000001c814
0013f0001c0000019091
00025fffd90000000b4a
00022000fa000000f8a8
00138000bc0000020650
000b7fffbc00000094e1
fffda000740000003a34
000bc00122000001d294
0012d0001e000001656d
00012fffed00000002ad
000210010b0000011aba
00130000bc000001f310
000a1fffc60000007265
fffd00008b0000005479
000bc00129000001e2a1
0011c000200000013f10
00000000000000000000
000200011c0000013f10
00129000bc000001e2a1
0008bfffd00000005479
fffc6000a10000007265
000bc00130000001f310
0010b000210000011aba
fffed0001200000002ad
0001e0012d000001656d
00122000bc000001d294
00074fffda0000003a34
fffbc000b700000094e1
000bc001380000020650
000fa00022000000f8a8
fffd9000250000000b4a
0001c0013f0000019091
0011c000be000001c814
0005efffe20000002608
fffb0000ce000000bec4
000bc001420000021f14
000ea00023000000daad
fffc4000380000001a50
0001900152000001c0b5
00116000be000001bae8
00046fffea0000001508
fffa4000e6000000efb4
000bc0014b0000023609
000da00023000000be6d
fffae0004b000000303d
0001600168000001fc24
00110000c0000001b100
0002effff300000008ed
fff96001000000012be4
000bc0015600000252f4
000c900023000000a29a
fff940005f00000050d1
000130017e0000023b6d
0010b000c1000001a7fa
00014ffffa00000001b4
fff860011c0000017534
000be00163000002794d
000b60002200000085e8
fff79000740000007bc1
00010001980000028b40
00106000c20000019f28
ffff6000020000000068
fff740013b000001d029
000c000172000002a6c4
000a4000200000006d10
fff5a0008b000000b71d
0000a001b6000002edc8
00101000c40000019811
fffd60000a0000000748
fff600015e0000024284
000c200182000002d908
0008e0001e0000005248
fff37000a5000001082a
00006001d700000362b5
000fd000c6000001932d
fffb0000140000001a90
fff4800186000002d664
000c6001960000031d08
000760001a0000003908
fff0c000c20000017b94
00000002000000040000
000fa000c80000019064
fff840001c0000003f20
fff2a001b40000039974
000cb001ae000003733d
0005a000160000002188
ffeda000e50000021e7d
ffff900230000004c931
000f5000c9000001884a
fff4e000260000008168
fff08001ef000004ad61
000d2001cb000003e33d
0003a0000e0000000de8
ffe9c0010f0000030df1
ffff10026e000005e825
000f1000ca0000018245
fff0c00030000000f190
ffed8002380000064280
000dc001f200000485d4
00010000040000000110
ffe4b001440000048409
fffe6002bc0000077cb4
000ee000cd000001816d
ffeb40003e000001bd94
ffe9d00298000008a689
000ea002220000056268
fffdaffff40000000634
ffddd0018b000006f242
fffd80032900000a02d1
000eb000d000000180b9
ffe3b0004f00000339fa
ffe480032000000cb840
001000026a000006d3e4
fff8dfffdf00000037ea
ffd3e001f200000b63c8
fffc4003c800000e5a50
000e7000d20000017cb5
ffd870006600000645d5
ffdc9003ea00001439b5
00122002d70000095915
fff18fffba000000e564
ffc44002900000148310
fffa6004c7000016f255
000e4000d40000017aa0
ffc590008b00000da26a
ffcea0054a0000257f48
001620039600000ec568
ffe44fff740000034ea0
ffa6e003b800002cdb84
fff6d006b200002d282d
000e1000d600000178a5
ff9ea000d4000025b974
ffb120083a00005bfa68
001f60054400001f9274
ffc4effec800000f2404
ff5ca006a40000945c74
ffed300bf000008fe2e9
000de000d90000017875
ff1de001bf0000cac905
ff414013580002044fd0
0049300cca0000b87bcd
ff147ffaef0000f26cd2
fd0c601de7000c347f95
ff5fc05a4c00203dd6a0
00200001000000050000
fffa30002b0000002902
fff52002ce0000085408
001fc0028f00000a7bf1
0010a00003000001146d
ffea6001a800000491e4
000d0003c300000ecf89
002580012a000006d924
fff4400058000000a850
fff1a003c500000f043d
0028600339000010c0d5
0010a000020000011468
ffe0400273000009efb9
001200051c00001b5f10
002f30017200000ac96d
ffe98000ab0000026c79
ffeb200592000020bb08
0038e00482000020f4c8
00109000020000011255
ffcb60041500001b7b1d
001ca007fe0000431368
004520021900001710b5
ffd000016e00000b0b44
ffda600a2200006c3428
0065c00806000068d134
00108000020000011044
ff8670097d000093c07a
00448012ec0001785dd0
00a700050c0000866990
ff406005c10000b08ba5
ff55a02e820008e45da8
0305403ca600177dd734
0595400000001f2b8390
03054fc35a00177dd734
ff55afd17e0008e45da8
ff406ffa3f0000b08ba5
00a70ffaf40000866990
00448fed140001785dd0
ff867ff683000093c07a
00108ffffe0000011044
0065cff7fa000068d134
ffda6ff5de00006c3428
ffd00ffe9200000b0b44
00452ffde700001710b5
001caff8020000431368
ffcb6ffbeb00001b7b1d
00109ffffe0000011255
0038effb7e000020f4c8
ffeb2ffa6e000020bb08
ffe98fff550000026c79
002f3ffe8e00000ac96d
00120ffae400001b5f10
ffe04ffd8d000009efb9
0010affffe0000011468
00286ffcc7000010c0d5
fff1affc3b00000f043d
fff44fffa8000000a850
00258ffed6000006d924
000d0ffc3d00000ecf89
ffea6ffe5800000491e4
0010affffd000001146d
001fcffd7100000a7bf1
fff52ffd320000085408
fffa3fffd50000002902
00200fff000000050000
000a2ffd040000094e94
fff06ffed00000025d24
0010cffffc00000118a0
001a7ffdda0000075895
fff75ffdcf00000518da
fffe0ffff200000004c4
001c7fff1a000003f755
00082ffd880000065a44
fff47fff220000014635
0010dffffa0000011acd
0016bffe2100000582fa
fff8cffe3c00000352a0
0000c0000600000000b4
0019efff2a0000035068
0006affde50000049abd
fff76fff5c000000b374
0010effff80000011d04
00140ffe540000045b90
fff9effe8c0000024214
0002e0001400000009d4
00181fff35000002e3fa
00058ffe2b0000037979
fff9afff8a0000005f08
00111ffff400000123b1
0011cffe7a0000038d34
fffaaffeca0000019448
0004a0001f0000001925
00168fff3c0000029050
00048ffe62000002b1c4
fffb6fffae0000002fa8
00114ffff10000012a71
00100ffe96000002ffe4
fffb4ffefd0000011c99
00062000280000002bc4
00156fff4000000258e4
0003affe8e00000223e8
fffd0fffcb00000013f9
00116fffec0000012f74
000e8ffeac00000295d0
fffbcfff28000000c850
000760002e0000003ea8
00144fff3f0000022b91
0002dffeb3000001b912
fffe6fffe400000005b4
0011afffe400000139b4
000d0ffebc0000024310
fffc2fff4c0000008d94
0008a000300000005364
00136fff3b0000020efd
00020ffed20000016844
ffffaffffa0000000048
00120fffda00000149a4
000baffec700000205d5
fffc7fff6c0000006241
0009f000310000006c22
00129fff32000001fe55
00011ffeec0000012ab1
0000e0000c0000000154
00125fffcb0000015a52
000a3ffecc000001da59
fffcafff8800000043a4
000b40002c0000008620
0011cfff22000001fb94
00000fff000000010000
000230001b00000007a2
0012efffb40000017ad4
00088ffeca000001bfa4
fffcefffa30000002b8d
000d000022000000ad84
0010cfff070000020ac1
fffeafff10000000e2e4
0003d00026000000142d
0013afff8e000001b3e8
00066ffebb000001c53d
fffd0fffbc0000001b10
000f400009000000e8e1
000faffed00000025d24
fffc9fff1a000000da75
000630002b0000002d82
0014efff4200000240c8
0002fffe8f0000021c82
fffd1fffd40000001031
00138fffcb0000018739
000d6ffe580000037124
fff86fff110000011945
000b20001c0000007ed4
00180ffe7e0000048604
fffaaffe000000041ce4
fffd2fffea0000000a28
001fdffee80000052649
00064ffc7c00000c8320
ffe72ffea20000044948
00244fff7100000571f1
002f0ff8460000445424
ff86eff5040000b1f754
ff0ac000000000eaf390
ff86e00afc0000b1f754
002f0007ba0000445424
002440008f00000571f1
ffe720015e0000044948
000640038400000c8320
001fd001180000052649
fffd2000160000000a28
fffaa002000000041ce4
00180001820000048604
000b2fffe40000007ed4
fff86000ef0000011945
000d6001a80000037124
00138000350000018739
fffd10002c0000001031
0002f001710000021c82
0014e000be00000240c8
00063fffd50000002d82
fffc9000e6000000da75
000fa001300000025d24
000f4ffff7000000e8e1
fffd0000440000001b10
0006600145000001c53d
0013a00072000001b3e8
0003dfffda000000142d
fffea000f0000000e2e4
0010c000f90000020ac1
000d0fffde000000ad84
fffce0005d0000002b8d
0008800136000001bfa4
0012e0004c0000017ad4
00023fffe500000007a2
00000001000000010000
0011c000de000001fb94
000b4fffd40000008620
fffca0007800000043a4
000a300134000001da59
00125000350000015a52
0000effff40000000154
00011001140000012ab1
00129000ce000001fe55
0009ffffcf0000006c22
fffc7000940000006241
000ba0013900000205d5
001200002600000149a4
ffffa000060000000048
000200012e0000016844
00136000c50000020efd
0008afffd00000005364
fffc2000b40000008d94
000d0001440000024310
0011a0001c00000139b4
fffe60001c00000005b4
0002d0014d000001b912
00144000c10000022b91
00076fffd20000003ea8
fffbc000d8000000c850
000e80015400000295d0
00116000140000012f74
fffd00003500000013f9
0003a0017200000223e8
00156000c000000258e4
00062fffd80000002bc4
fffb4001030000011c99
001000016a000002ffe4
001140000f0000012a71
fffb6000520000002fa8
000480019e000002b1c4
00168000c40000029050
0004afffe10000001925
fffaa001360000019448
0011c001860000038d34
001110000c00000123b1
fff9a000760000005f08
00058001d50000037979
00181000cb000002e3fa
0002efffec00000009d4
fff9e001740000024214
00140001ac0000045b90
0010e000080000011d04
fff76000a4000000b374
0006a0021b0000049abd
0019e000d60000035068
0000cffffa00000000b4
fff8c001c400000352a0
0016b001df00000582fa
0010d000060000011acd
fff47000de0000014635
00082002780000065a44
001c7000e6000003f755
fffe00000e00000004c4
fff750023100000518da
001a7002260000075895
0010c0000400000118a0
fff06001300000025d24
000a2002fc0000094e94
00200fff000000050000
000a2ffd040000094e94
fff06ffed00000025d24
0010cffffc00000118a0
001a7ffdda0000075895
fff75ffdcf00000518da
fffe0ffff200000004c4
001c7fff1a000003f755
00082ffd880000065a44
fff47fff220000014635
0010dffffa0000011acd
0016bffe2100000582fa
fff8cffe3c00000352a0
0000c0000600000000b4
0019efff2a0000035068
0006affde50000049abd
fff76fff5c000000b374
0010effff80000011d04
00140ffe540000045b90
fff9effe8c0000024214
0002e0001400000009d4
00181fff35000002e3fa
00058ffe2b0000037979
fff9afff8a0000005f08
00111ffff400000123b1
0011cffe7a0000038d34
fffaaffeca0000019448
0004a0001f0000001925
00168fff3c0000029050
00048ffe62000002b1c4
fffb6fffae0000002fa8
00114ffff10000012a71
00100ffe96000002ffe4
fffb4ffefd0000011c99
00062000280000002bc4
00156fff4000000258e4
0003affe8e00000223e8
fffd0fffcb00000013f9
00116fffec0000012f74
000e8ffeac00000295d0
fffbcfff28000000c850
000760002e0000003ea8
00144fff3f0000022b91
0002dffeb3000001b912
fffe6fffe400000005b4
0011afffe400000139b4
000d0ffebc0000024310
fffc2fff4c0000008d94
0008a000300000005364
00136fff3b0000020efd
00020ffed20000016844
ffffaffffa0000000048
00120fffda00000149a4
000baffec700000205d5
fffc7fff6c0000006241
0009f000310000006c22
00129fff32000001fe55
00011ffeec0000012ab1
0000e0000c0000000154
00125fffcb0000015a52
000a3ffecc000001da59
fffcafff8800000043a4
000b40002c0000008620
0011cfff22000001fb94
00000fff000000010000
000230001b00000007a2
0012efffb40000017ad4
00088ffeca000001bfa4
fffcefffa30000002b8d
000d000022000000ad84
0010cfff070000020ac1
fffeafff10000000e2e4
0003d00026000000142d
0013afff8e000001b3e8
00066ffebb000001c53d
fffd0fffbc0000001b10
000f400009000000e8e1
000faffed00000025d24
fffc9fff1a000000da75
000630002b0000002d82
0014efff4200000240c8
0002fffe8f0000021c82
fffd1fffd40000001031
00138fffcb0000018739
000d6ffe580000037124
fff86fff110000011945
000b20001c0000007ed4
00180ffe7e0000048604
fffaaffe000000041ce4
fffd2fffea0000000a28
001fdffee80000052649
00064ffc7c00000c8320
ffe72ffea20000044948
00244fff7100000571f1
002f0ff8460000445424
ff86eff5040000b1f754
ff0ac000000000eaf390
ff86e00afc0000b1f754
002f0007ba0000445424
002440008f00000571f1
ffe720015e0000044948
000640038400000c8320
001fd001180000052649
fffd2000160000000a28
fffaa002000000041ce4
00180001820000048604
000b2fffe40000007ed4
fff86000ef0000011945
000d6001a80000037124
00138000350000018739
fffd10002c0000001031
0002f001710000021c82
0014e000be00000240c8
00063fffd50000002d82
fffc9000e6000000da75
000fa001300000025d24
000f4ffff7000000e8e1
fffd0000440000001b10
0006600145000001c53d
0013a00072000001b3e8
0003dfffda000000142d
fffea000f0000000e2e4
0010c000f90000020ac1
000d0fffde000000ad84
fffce0005d0000002b8d
0008800136000001bfa4
0012e0004c0000017ad4
00023fffe500000007a2
00000001000000010000
0011c000de000001fb94
000b4fffd40000008620
fffca0007800000043a4
000a300134000001da59
00125000350000015a52
0000effff40000000154
00011001140000012ab1
00129000ce000001fe55
0009ffffcf0000006c22
fffc7000940000006241
000ba0013900000205d5
001200002600000149a4
ffffa000060000000048
000200012e0000016844
00136000c50000020efd
0008afffd00000005364
fffc2000b40000008d94
000d0001440000024310
0011a0001c00000139b4
fffe60001c00000005b4
0002d0014d000001b912
00144000c10000022b91
00076fffd20000003ea8
fffbc000d8000000c850
000e80015400000295d0
00116000140000012f74
fffd00003500000013f9
0003a0017200000223e8
00156000c000000258e4
00062fffd80000002bc4
fffb4001030000011c99
001000016a000002ffe4
001140000f0000012a71
fffb6000520000002fa8
000480019e000002b1c4
00168000c40000029050
0004afffe10000001925
fffaa001360000019448
0011c001860000038d34
001110000c00000123b1
fff9a000760000005f08
00058001d50000037979
00181000cb000002e3fa
0002efffec00000009d4
fff9e001740000024214
00140001ac0000045b90
0010e000080000011d04
fff76000a4000000b374
0006a0021b0000049abd
0019e000d60000035068
0000cffffa00000000b4
fff8c001c400000352a0
0016b001df00000582fa
0010d000060000011acd
fff47000de0000014635
00082002780000065a44
001c7000e6000003f755
fffe00000e00000004c4
fff750023100000518da
001a7002260000075895
0010c0000400000118a0
fff06001300000025d24
000a2002fc0000094e94
00200001000000050000
fffa30002b0000002902
fff52002ce0000085408
001fc0028f00000a7bf1
0010a00003000001146d
ffea6001a800000491e4
000d0003c300000ecf89
002580012a000006d924
fff4400058000000a850
fff1a003c500000f043d
0028600339000010c0d5
0010a000020000011468
ffe0400273000009efb9
001200051c00001b5f10
002f30017200000ac96d
ffe98000ab0000026c79
ffeb200592000020bb08
0038e00482000020f4c8
00109000020000011255
ffcb60041500001b7b1d
001ca007fe0000431368
004520021900001710b5
ffd000016e00000b0b44
ffda600a2200006c3428
0065c00806000068d134
00108000020000011044
ff8670097d000093c07a
00448012ec0001785dd0
00a700050c0000866990
ff406005c10000b08ba5
ff55a02e820008e45da8
0305403ca600177dd734
0595400000001f2b8390
03054fc35a00177dd734
ff55afd17e0008e45da8
ff406ffa3f0000b08ba5
00a70ffaf40000866990
00448fed140001785dd0
ff867ff683000093c07a
00108ffffe0000011044
0065cff7fa000068d134
ffda6ff5de00006c3428
ffd00ffe9200000b0b44
00452ffde700001710b5
001caff8020000431368
ffcb6ffbeb00001b7b1d
00109ffffe0000011255
0038effb7e000020f4c8
ffeb2ffa6e000020bb08
ffe98fff550000026c79
002f3ffe8e00000ac96d
00120ffae400001b5f10
ffe04ffd8d000009efb9
0010affffe0000011468
00286ffcc7000010c0d5
fff1affc3b00000f043d
fff44fffa8000000a850
00258ffed6000006d924
000d0ffc3d00000ecf89
ffea6ffe5800000491e4
0010affffd000001146d
001fcffd7100000a7bf1
fff52ffd320000085408
fffa3fffd50000002902
00000000000000000000
0009e0007e0000009f88
000f2fffca000000f028
0002efffa30000002a0d
000340006d00000038f9
000f60003a000000f988
00096fff8b0000008d5d
00000000130000000169
000a600088000000b3e4
000effffce000000e8e5
00027fffb20000001db5
0003a0007e0000004b28
000fa0003e0000010328
0008efff940000007c54
fffff0002600000005a5
000ae00092000000c988
000ecfffd1000000e231
00020fffc20000001304
000400008f0000005fe1
000fe000440000010e14
00086fff9c0000006d34
ffffe0003a0000000d28
000b60009c000000e074
000eafffd4000000dd74
00018fffd20000000a84
00046000a10000007865
00104000480000011c50
0007efffa50000005e5d
ffffc0004e00000017d4
000bf000a9000000fe12
000e8fffd8000000d880
00010fffe20000000484
0004b000b500000095f2
0010a0004e0000012c28
00076fffad000000514d
ffffa0006600000028c8
000c8000b60000011da4
000e6fffdb000000d3fd
00007ffff400000000c1
00052000ca000000b9a8
00110000520000013b44
0006cfffb600000042f4
ffff60007e0000003e68
000d4000c400000145a0
000e4fffde000000cf94
ffffc000060000000034
00058000e3000000e789
00118000590000015131
00062fffbe0000003688
ffff2000980000005b04
000e0000d600000176e4
000e2fffe2000000cb08
ffff00001a00000003a4
0005f000ff0000012142
00122000600000016c84
00056fffc80000002924
fffee000b70000008415
000ef000e9000001b332
000e2fffe4000000ca94
fffe2000320000000d48
000660011f0000016a65
0012e000680000018e84
00048fffd20000001c84
fffe8000db000000bd99
00100001000000020000
000e0fffe7000000c671
fffd00004c0000001f90
0007000145000001cd99
0013c00071000001b7f1
00038fffde00000010c4
fffe0001050000010e19
001150011c00000266c9
000dffffea000000c425
fffba0006c00000040b4
0007b0017400000257a9
0014f0007d000001f36a
00024fffea00000006f4
fffd60013a0000018808
001300013f000002f681
000defffec000000c214
fff9e0009200000078c8
00088001af0000031de1
001660008b000002401d
0000affffa0000000088
fffc80017c0000024050
001520016a000003be28
000deffff0000000c184
fff7a000c5000000ddbd
0009a001fe00000454a8
001860009c000002b134
fffe70000e0000000335
fffb4001d70000037921
00182001a80000050444
000deffff2000000c148
fff44001090000019c61
000b40026c0000065c20
001b5000b500000369f2
fffb6000280000001ba4
fff9800259000005ad31
001c6002020000072d28
000dcffff4000000bda0
ffef70016f0000032072
000d80031200000a2384
001fc000db000004ab69
fff680005100000073e1
fff6a0032800000a4e24
002360029000000b7464
000dcffff8000000bd50
ffe7200218000006cd04
0011c00430000012c410
0027c0011b00000764e9
ffedb00098000001a999
fff14004a50000166be9
00310003a30000169ac9
000dbffffb000000bb72
ffd6000374000012d090
001a60069400002dfd34
0039e001a800000fd3c4
ffd8c0013c0000078aa0
ffe370086e00004a3f15
005620068e000047f048
000daffffe000000b9a8
ff9ce007f000006562c4
003b500fa2000102207d
008b00041b00005c53d9
ff61c004d50000792c49
ff7580269200061a9984
028240322800101eeb50
04a00000000015640000
02824fcdd800101eeb50
ff758fd96e00061a9984
ff61cffb2b0000792c49
008b0ffbe500005c53d9
003b5ff05e000102207d
ff9ceff81000006562c4
000da00002000000b9a8
00562ff972000047f048
ffe37ff79200004a3f15
ffd8cffec40000078aa0
0039effe5800000fd3c4
001a6ff96c00002dfd34
ffd60ffc8c000012d090
000db00005000000bb72
00310ffc5d0000169ac9
fff14ffb5b0000166be9
ffedbfff68000001a999
0027cffee500000764e9
0011cffbd0000012c410
ffe72ffde8000006cd04
000dc00008000000bd50
00236ffd7000000b7464
fff6affcd800000a4e24
fff68fffaf00000073e1
001fcfff25000004ab69
000d8ffcee00000a2384
ffef7ffe910000032072
000dc0000c000000bda0
001c6ffdfe0000072d28
fff98ffda7000005ad31
fffb6fffd80000001ba4
001b5fff4b00000369f2
000b4ffd940000065c20
fff44ffef70000019c61
000de0000e000000c148
00182ffe580000050444
fffb4ffe290000037921
fffe7ffff20000000335
00186fff64000002b134
0009affe0200000454a8
fff7afff3b000000ddbd
000de00010000000c184
00152ffe96000003be28
fffc8ffe840000024050
0000a000060000000088
00166fff75000002401d
00088ffe510000031de1
fff9efff6e00000078c8
000de00014000000c214
00130ffec1000002f681
fffd6ffec60000018808
000240001600000006f4
0014ffff83000001f36a
0007bffe8c00000257a9
fffbafff9400000040b4
000df00016000000c425
00115ffee400000266c9
fffe0ffefb0000010e19
000380002200000010c4
0013cfff8f000001b7f1
00070ffebb000001cd99
fffd0fffb40000001f90
000e000019000000c671
00100fff000000020000
fffe8fff25000000bd99
000480002e0000001c84
0012efff980000018e84
00066ffee10000016a65
fffe2fffce0000000d48
000e20001c000000ca94
000effff17000001b332
fffeefff490000008415
00056000380000002924
00122fffa00000016c84
0005ffff010000012142
ffff0fffe600000003a4
000e20001e000000cb08
000e0fff2a00000176e4
ffff2fff680000005b04
00062000420000003688
00118fffa70000015131
00058fff1d000000e789
ffffcffffa0000000034
000e400022000000cf94
000d4fff3c00000145a0
ffff6fff820000003e68
0006c0004a00000042f4
00110fffae0000013b44
00052fff36000000b9a8
000070000c00000000c1
000e600025000000d3fd
000c8fff4a0000011da4
ffffafff9a00000028c8
0007600053000000514d
0010afffb20000012c28
0004bfff4b00000095f2
000100001e0000000484
000e800028000000d880
000bffff57000000fe12
ffffcfffb200000017d4
0007e0005b0000005e5d
00104fffb80000011c50
00046fff5f0000007865
000180002e0000000a84
000ea0002c000000dd74
000b6fff64000000e074
ffffefffc60000000d28
00086000640000006d34
000fefffbc0000010e14
00040fff710000005fe1
000200003e0000001304
000ec0002f000000e231
000aefff6e000000c988
ffffffffda00000005a5
0008e0006c0000007c54
000fafffc20000010328
0003afff820000004b28
000270004e0000001db5
000ef00032000000e8e5
000a6fff78000000b3e4
00000fffed0000000169
00096000750000008d5d
000f6fffc6000000f988
00034fff9300000038f9
0002e0005d0000002a0d
000f200036000000f028
0009efff820000009f88
fff40000000000009000
0000efff9e0000002648
fff84ffef00000015d10
fff06fffa00000011824
fffd4ffff00000000890
ffff5fff18000000d2b9
fff23fff2d0000016cb2
fff72ffff40000004f54
00026fff770000004ef5
fff88ffee70000016cb1
fff2cfffa6000000cf34
00005fffce00000009dd
fffffffef10000011ee2
fff32fff300000014ec4
fffb5fffe7000000186a
00055fff34000000bec9
fff88ffec7000001b6f1
fff6ffffb60000006785
0008cfff830000008999
00022ffe660000029528
fff57fff49000000f262
0014afffe2000001ace8
00281ffca20000119b85
ffeacff9f900002617c1
ffab7ffd160000246cb5
ffc6a0013200000e49a8
fff920007400000063d4
ffee0ffe7a0000039624
ffda0fff90000005d500
fff110006f0000010f42
fffa5ffec0000001b059
ffdc8ffe640000078350
ffdb6000460000055088
fffbefff9e0000003688
ffe2bffc7900000fcc6a
ff8c0ffdde0000391c84
ff7d40054600005e96b4
ffef2009b600005f6a28
005a20055100003bfe25
00446fff0a0000132f88
ffff6fff26000000ba08
0008a001f40000041af4
002d8000a00000087a40
00110ffeb2000002d4c4
fffbc00153000001d2f9
003e8002b8000016a680
006a6ffd6e000032cee8
001d6ff8fc00003496f4
ffce2ffc140000191914
ffe7affffb000002523d
000c6ffec80000021564
fff3cffda80000061450
ffebafff84000001db34
000a1fff980000008f81
0003dffdd4000004c619
ffeb2ffeb00000036cc4
ffffeffffd000000000d
00108ffe57000003d1d1
fff31ffdad0000060e4a
fff0ffffa60000010285
00139fff360000021e15
00060ffcf80000095440
ffe60ffe460000059f24
00074fffea0000003674
00200ffd0000000d0000
ffebbffba1000014b7da
ffe72fff40000002fac4
003d8ffdeb0000131bf9
0028dff50e00007e4e6d
ff6feff3180000f7b644
ff05fffd7c0000fa9751
ff5e00061e00008bef84
ffbf60055000002c8964
ffc27003d400001d7581
ffd55005cf000028db9a
001520050d00001b40ed
001ee0013c0000053f54
fff810006100000063c2
fff68001f00000041b40
000dc001840000030920
000790003200000042f5
fff970008d00000078ba
0001f0011a0000013a65
0009a00084000000a0b4
000300001f0000000cc1
000000006c0000002d90
000540008c0000006820
000980004b0000007039
0008effff40000004f54
00040ffffc0000001010
00090000a0000000b500
002240004e000004acd4
002b3ffdb400000c8fb9
fffecffba6000012f134
ffcb7ffd7f0000110fd2
ffd39000c60000084fd5
fffb00011500000144b9
00000fff8c0000003490
ffef4fffa30000013a59
fff5700092000000c2d5
00038000200000001040
fffc4fff6e0000006154
fff48ffffa0000008464
ffffd000540000001b99
0004afff860000004f88
fff78fff4e000000c404
fff8a000290000003cf5
000b8fff95000000b0f9
fffbaffd7a0000067148
ffc3cffe2900001190a1
ffb9c002a600001a4ab4
fffdc004dc000017a220
00295001cc000009e549
000250000c00000005e9
fff860039600000d1608
00528004b8000030da80
0089bffe1a00004da87d
00348ff8550000459079
ffd0effb12000020fa08
ffddcfffd30000049cf9
000a4fff67000000c481
fffb0ffde20000049484
ffeabfff4c00000244c9
00024000000000000510
00069ffea9000001f6a2
fff28ffedc0000020350
fffb8000080000001480
000bcfff3a0000012334
fffc0ffe800000025000
fff60fffae0000007e44
000befffbe0000009e08
00088ffe560000030d24
fff44ffeea000001b7f4
0005d0000e000000228d
0017cffe810000047111
fffbeffd92000005f848
fff84fffac00000057a0
002cffff21000008a5a2
00292ff9fa00002ae368
ffc44ff85a00004871b4
ff851ffdd100003fce42
ffb46002cc00001e29b4
fff60002670000062971
0006c000300000003690
00006ffeb6000001a988
ffe9affd90000007e5a4
ffc14ffe6e000011d8d4
ffbc0001b6000014fd64
ffea90035100000ccb32
000ad00194000002f279
fffe3000240000000859
fff38000bd00000127c9
ffff50011c0000013b89
000540007600000051f4
ffff0000340000000b90
fffe0000800000004400
000300009a00000065a4
000770006b000000640a
000790001a0000003bd5
00026000300000000ea4
0008a000fa0000013e88
00258000b6000005ffa4
00317ffe0300000d801a
00072ffbca000011ee28
ffd3dffd5a00000ea42d
ffd7600072000006a528
fffaa000f5000001075d
00018fffa200000024c4
fff22fff9c000000e794
fff5200094000000cbd4
000400006e0000003f44
0001afffac0000001e34
fff74ffffd0000004c99
fffe8000b00000007b40
000a20003c0000007494
00020fff9e0000002984
fff9c000600000004b10
000a6000f10000014e85
00134fffc60000017fb4
fffe0fff920000003344
000560016e0000022828
003430002e00000aabcd
00147ffb7e000015f3b5
ff9d2ffdb000002b8944
ffa96008a80000683e24
0082e00bbf0000cce0c5
0106dffe9100010fdc8a
0071eff2bc0000e2a194
ffb68ff6fc0000666250
ffc6efff8800000cf784
00168ffee00000033e40
fffa9ffbfa0000104db5
ffd80ffe800000088000
000070002300000004fa
000d9ffdd40000056f81
ffe96ffdd5000006b31d
fff2300009000000bf1a
0010efff20000001e0c4
fffc4ffdaa00000582f4
ffec4fff58000001f450
000b2ffff10000007ca5
000dbffdfe000004c35d
ffeffffe670000038f72
0000a0003100000009c5
001c0ffeac000004d390
fffebffd550000071ff2
fff53fffb20000008cad
002cefffa6000007fd68
002f9ffad0000023bf31
ffd8aff9720000310528
ffadaffe0500001e6dbd
ffd78001080000077880
fff7c0005b0000006469
fffd5ffffc0000000749
000b4fff89000000b5e1
00046ffe710000028105
fffa0fffc20000003304
00304000760000094e74
0056affad000003838e4
fff18ff55c0000720b50
ff713ff9e6000074e60d
ff8880022400003c5d50
ffea7002d8000009e731
fff75fff64000000aa89
ffd90fffab0000060d39
ffe960012a0000035ac8
fffd4000350000001289
fff1ffffa2000000e845
fff290005c000000d5a1
fffce0003e00000018c8
fffce000660000003268
00157000eb000002a34a
0034cffe5400000daa20
000c8ffab400001caad0
ffc48ffc2900001c92d1
ffc9f0004900000b7f92
fffa0000540000003f90
fff46ffe550000034f5d
ffdcafff440000056d74
fff04000820000013a14
fffedfff400000009169
ffea7ffecc0000034381
ffe960002000000203e4
fffdffffee0000000585
fff70ffed4000001b090
ffe8efff870000024ff5
fff74000370000005861
fffecfff3d0000009619
ffeeefff0c0000020dd4
fff020000e000000fcc8
ffff9fffc00000001031
fff7cffeee0000016954
ffed8fff990000017fb1
fffaa000100000001de4
ffff0fff2e000000ad44
fff0efff24000001a1d4
04900001000014d20000
02851fcf40000fa1f9a1
ff88efda290005cf4955
ff76effaa9000065f6d5
00918ffa8a00007084a4
002e5fef36000122403d
ff864ff7fe00007a0714
fffee001140000012ad4
005a8ffad400003abdd0
fff7aff83600003cf188
ffed3ffe28000004c829
003eeffcf6000018ada8
000c0ff85400003b6b90
ffbf6ffc9600001bf848
00003001280000015649
00370ffdba000010fc24
00062ffbe6000010f828
00016ffeb6000001ab48
002b2ffd7f00000d88c5
00022ffacb00001b217d
ffd0affe0a00000c9cc8
0001a0013a00000183c8
002b0ffec4000008bf10
000c2ffd4a000007ec68
00096ffee60000018e88
00218ffdbc0000098450
fffccffbfc0000102aa0
ffd92ffed00000075044
000320014a000001b328
00258fff4a000005ffa4
000f8ffdff000004f441
000d3ffef9000001bc1a
001b5ffde100000769ba
fff96ffcb600000afd48
ffde6fff4f000004e505
0004a00158000001e3a4
0022cfff97000004e2a1
00119ffe66000003c515
000f4ffeff000001ea91
0016cffdfa0000061db4
fff6effd3900000809f5
ffe22fffad000003976d
00064001660000021bb4
00213fffc70000045a1a
00130ffea80000033740
00104fff000000020810
00131ffe0f0000053042
fff4effd9e0000062948
ffe50ffff8000002d940
0007e001700000024f04
00207fffe40000041f41
0013fffed0000002f681
0010affefe0000021868
00100ffe220000047c84
fff34ffdf2000004db54
ffe76000370000026a35
00098001790000028571
00201ffff60000040465
00149ffee9000002d6e2
00109ffefa0000021e75
000d3ffe34000003e879
fff1effe38000003f3c4
ffe990006e00000226b5
000b400180000002be90
00200000000000040000
0014fffef8000002c6a1
00103ffef80000021649
000acffe460000036eb4
fff0cffe7800000340d0
ffeba0009f00000201e5
000d000186000002fb24
00201000040000040411
00151fff02000002b7a5
000faffef40000020cb4
00088ffe590000030331
ffefeffeb2000002b7c8
ffed8000cb000001f739
000ec0018800000331d0
00203000020000040c0d
00150fff07000002ab31
000ecffef3000001f439
00066ffe6c000002a634
ffef2ffee80000024f04
ffef6000f4000001fcf4
001080018a0000036ea4
00206ffffd000004182d
0014cfff080000029ed0
000deffef2000001dd48
00048ffe800000025440
ffee8fff1b000001ff19
fff14001180000020bd0
001240018a000003ab74
00208ffff400000420d0
00145fff080000028cd9
000cdffef4000001bcb9
0002bffe96000002071d
ffee1fff4b000001c1ba
fff310013b0000022afa
0014000188000003e840
0020afffea0000042a48
0013bfff0600000277bd
000bcffef70000019c61
00010ffeac000001c490
ffedcfff7a0000019334
fff500015b0000024f59
0015c001830000042219
0020afffde0000042ce8
00130fff040000026110
000aaffefb0000017afd
ffff8ffec40000018650
ffedafffa60000017148
fff6e001790000027e75
001770017e0000045f55
0020afffce0000043228
00122fff020000024488
00098fff020000015644
fffe2ffedc0000015094
ffed9fffd10000015c92
fff8c00194000002b220
001920017600000499a8
00208fffbf00000430c1
00111fff010000022122
00084fff0c0000012ca0
fffceffef60000011e28
ffed9ffffc0000015401
fffac001af000002f131
001ad0016d000004d752
00204fffae0000042a54
00100fff000000020000
00071fff1600000107c5
fffbcfff0f000000f4f1
ffedc000250000015269
fffca001c800000337a4
001c6001620000050ea8
00200fff9c0000042710
000ecfff01000001d791
0005efff24000000df94
fffacfff2a000000ce74
ffee00004e0000015bc4
fffea001e000000385e4
001e0001560000054ce4
001f8fff8a00000416a4
000d7fff04000001aca1
0004cfff35000000b789
fff9efff46000000aca8
ffee5000740000016d69
0000a001f5000003d4dd
001f8001490000058711
001eefff7a000003ff68
000c0fff080000018040
0003cfff480000009250
fff92fff6200000090c8
ffeec0009b0000018769
0002a0020a0000042f48
002100013a000005c224
001e3fff66000003ebed
000a6fff100000014ca4
0002cfff5e0000006e14
fff88fff800000007840
ffef3000c1000001ac2a
0004b0021f00000495ba
002280012c00000605d0
001d4fff55000003c9c9
0008cfff1a0000011b34
0001efff770000004cd5
fff81fff9e0000006485
ffefa000e7000001dc95
0006c002340000050820
0023e0011c0000064214
001c4fff44000003a820
00070fff28000000e740
00012fff930000002fad
fff7cfffba0000005734
fff020010c0000021494
0008d00249000005867a
002540010c0000068420
001b0fff340000037b90
00054fff3c000000b1a0
00009fffb3000000177a
fff79fffd80000004d71
fff0a001320000025a28
000ae002600000061a44
0026a000fa000006c808
0019afff250000034bfd
00034fff540000007e20
00003fffd600000006ed
fff78ffff600000048a4
fff110015a000002b2c5
000d00027a000006cb24
00280000ea00000715e4
0017ffff180000030f41
00014fff740000004e20
00000000000000000000
fff790001400000048c1
fff15001820000031dbd
000f20029700000799d5
00296000da0000076988
00160fff0d000002caa9
ffff2fff9b000000289d
00003000300000000909
fff7c000300000004d10
fff16001b0000003aee4
00115002bb000008a052
002b0000cc000007db90
0013cfff050000027c29
fffccfffd00000001390
0000d000670000002a1a
fff820004d000000552d
fff14001e10000046151
0013b002ea00000a017d
002cc000c00000086290
00110fff000000022100
fffa40001400000022a0
00020000a90000007391
fff880006a0000006424
fff080021c0000056350
001640032a00000bf1f4
002f0000b700000923d1
000dafff02000001b5a8
fff76000720000007d28
00042000fe0000010d08
fff9200085000000745d
ffeed00268000006f1a9
001930038800000ef2a9
0031f000b500000a3dba
00095fff0b0000014132
fff40000fa0000018424
0007b0016f000002493a
fff9d000a00000008a49
ffeb9002d30000099b9a
001cc0041e0000142e14
00366000c000000c1ca4
00032fff24000000c6d4
ffef8001d00000045940
000e2002160000052168
fffaa000ba000000a408
ffe4e0038100000f26c5
002220052800001f22c4
003e2000e600000fe228
fff8efff5d0000009a8d
ffe890035600000d4635
001b20034200000d7cc8
fffb8000d2000000c084
ffd56004de00001ec968
002be0077a00003f6b28
004ff0015900001ac6f2
ffe26ffff60000036e08
ffd940072a0000393074
003fe006480000376444
fffc9000ea000000e1b5
ff9e00095a00007cf7a4
004de010720001262348
00a0a003b20000727028
ff69e003830000645e8d
ff69d0255b0005cb8aa2
026be031fc000f9f6514
