ffff593fffef8
fffcfa7fffdfe
fffd51800053c
0000f3800096c
00018a3fff5bc
00002b0000b97
ffff34ffff7f0
00021e8000716
00026a00001e5
ffffa13fff3da
0000383fff670
fffd9e8000618
fffe613fffc41
fffe1cbfffe7e
fffce80000363
000264bfffa0c
fffd303fffe29
0002353fffece
000264bfffd4a
fffef33fffc0c
fffe303fffa75
fffffbbfff43c
00008680005a8
fffd723fff758
0001233fff45e
fffd74c0001ce
0001ab8000a11
fffe06bfff8c0
fffd253fffcc2
fffd35c0000b8
fffd9e800061a
0002353fff942
000196bfff426
ffffbe3fff4bd
00007a800069c
fffe730000556
00012e3fff6ce
ffff1880009cc
00020c3fffc96
0001f1400033e
ffffbd0000992
fffff53fff3c9
fffca000004fe
00012b3fffab4
0001bc7fff51a
fffd26000004f
ffff49bfff2b8
00016f0000766
0001d47fff4bf
fffcc30000132
00012cc000ba1
ffff833fff7ec
fffdcb7fffbc0
0000babfff9af
fffdb4800003a
fffd75bfff663
fffec73fffcc1
0000388000c19
0001154000910
000139bfffb1c
000307000060e
00011abfff623
fffd9000004cd
000112c0006b0
0001cf8000604
fffd007fffdf9
00008c0000468
fffe05bfff8b8
ffff7c8000563
00001340004fc
ffff17bfff728
fffe663fff7dc
fffffb3fff5d6
00030d3fffefa
00006c00006d8
fffdb5c000580
fffe0f80005bc
0000390000856
0001a6c000c5d
000200bfff6ae
00022f000024e
00000bc00089e
fffeddbfff6d4
fffdb93fff8b8
fffe6ebfffd6e
fffd908000224
0001e23fffbe3
fffe80bfff585
0002ac00003cc
fffef6bfff4d8
0000c700009b4
00020200006c5
fffde57ffff12
ffff9e8000a1e
0002043fffdb7
0001310000731
000293c000383
00029d8000140
0001de0000132
fffd39800072a
ffff098000494
fffed83fff49a
00012280009de
fffd54ffff8ca
fffdf73fff740
ffff8800008dc
00019cffffe44
0001c98000654
0002c380002b0
ffff1f0000a69
ffff8cbfff904
fffd98bfff6ba
0001073fff651
fffecebfff7c8
fffe897fff4f2
fffdcfffff80d
fffdd8bfffb0e
fffe16c0000d2
fffec7ffff504
0001c0ffff808
fffc823fffa70
ffffad8000754
00001200007dd
0001efbfff75d
0001cbc0002fc
ffff95c00101b
0000e88000a9e
fffe7cbfff5ec
00015e8000304
fffdba7ffff98
ffff14bfff714
00011a3fffe36
0000c53fff65a
000328fffffe9
0002488000060
fffed540006e3
fffd963fff9e7
00007c8000bfc
00000f8000800
0001b2800081c
ffff2b8000956
00023f7ffff53
fffddb80000fe
000228800089c
fffefd40009b2
fffda1bfffd7f
0000d84000b77
00015000008c4
fffcc77fffa51
00031ebffff78
00013f0000923
fffea37fffd3a
000257c0002dd
ffffe43fff0da
fffcc180001cf
fffe5abfff65b
fffeab4000d07
0000257fff5cd
fffff0800081c
fffe080000265
0003268000895
0000b9bfff792
fffcc1800035c
00029abfffd50
00028b80004c4
fffefc0000944
fffe9b3fff384
fffdf03fff953
fffe50bfffd61
000031bfff50e
fffcf24000576
ffff02ffffb92
0001793fff051
fffd353ffff37
0001e33fffd82
000140800066c
fffea800006d9
0001c18000274
000026800088c
fffeae3fff7e9
0001f33fff73a
00004abfff7ce
0000e28000abe
fffeb43fffa49
0000dcbfff294
ffffdb0000ca7
000006ffff607
fffecf7fffa74
fffecac0008da
00031fc00051a
fffdc7c000261
fffe6dffffc18
fffe938000cfe
0003ae80001b6
0002c6bfffd38
fffd44000032c
00015abfff623
ffff660000c68
fffe8fbfff666
fffe5abfffcce
0000e53fff82e
0003013ffff3a
0003563fff961
fffe45bfff7bb
00027a80006d8
00008d3fff946
fffd9280005a0
0001af0000b2a
0001f6400085c
000291fffff90
0002ec4000016
0001dbffffa0c
fffdb3ffffa84
fffd287fffef4
fffdb2c000396
fffe9fbfff7aa
0002dec00045e
ffff5f4000a6a
fffee9ffff55a
000219ffff773
00031d7fffee2
fffea9ffffe08
fffd058000290
00022bbfff8a4
ffff538000a90
0000e63fff6b6
fffed03fff7f0
fffdfd3fffbf4
0001753fff3ff
ffffb08000e04
ffffb8bfff860
fffe510000794
fffd9c3fffcb4
0003233fffc00
fffea97fff83e
0001cabfff5ec
0000a4bfff608
0000093fff52e
0002b67fffc9a
fffe70bfffa47
fffe97000094a
0003868000319
0002aa3ffffc9
0001f8ffff993
fffea93fff8f2
ffff628000df0
fffe87400020a
00022d8000678
0002738000560
fffdee0000184
00027bffffec9
000234bfffb7a
0001b280003a7
0001f9c00001c
0001e84000a39
fffe9b000038a
0000cf3fffa47
0000e87fff2be
0002873fffb9e
000208800079e
ffff098000924
00028f00001de
00001e8000862
ffff2fffff77c
fffed24000798
0000a980008b1
fffd4a000025a
fffe288000942
000076bfff2e9
ffffec3fff682
ffff7e3fff6e5
00013d3fff72a
fffe0cbfffd5e
00005e3fff9e6
000016bfff837
ffff3600007fe
fffe743fffb58
fffdb33fffe2a
0000f38000b6e
fffd903fff6e9
fffd5e3fffeca
0000ba3fff7a3
0001c1bfff8c0
0001d7bfff885
fffeb58000965
0000f0bfff76a
ffffaebfff6f9
fffdf78000698
fffedb80007f1
000264bfffe92
0000d40000981
fffe9f3fff9ee
fffece8000aa4
ffff87bfff92a
ffff2cbfff545
0001d30000990
fffd267fff9b8
fffeadc0006f7
0001dcbffff66
0001847fffa92
0001ac7fff626
000214c0000e5
00010c800090c
fffdcf3fffbfd
fffdb6bfffa5a
0001c48000097
ffffa6bfff4e2
fffda8bfffac8
fffe5a000084e
00002dbfff66a
ffffd2bfff962
000150bfff8db
000198c00062a
ffffe30000be3
000356bfff9e8
000107bfff96e
0002920000696
fffe0fbfffe00
fffd5a80004e6
0001caffffba4
fffe7a000070e
0002d9bffff52
fffd750000467
fffeb4800071b
ffffa60000b40
ffffd40000aae
ffff80bfff705
fffe54000068c
fffd667fffc0f
ffffeec000918
0000e200005e2
00017affff87a
fffdaa3fffb49
00005640007aa
00015a0000cdc
0001f47fff8fa
fffdecbfffa20
00007abfff89e
0002997fffe80
fffea200006ec
ffff4c80009e4
ffffe67fff4ca
fffeeebfff468
00020f3fff564
000119ffff83e
ffff4900009d2
ffff45ffff5f8
000165bfff942
fffe443fffd7a
fffffd8000ba6
0002dfbfffb51
fffebb3fffc02
fffed50000b75
fffcf43fffe9b
0002483fffc6c
000289bfff882
00013980003f8
0002df80004ab
fffeee3fff7b1
0001d18000888
fffe0e3fffa32
fffc7dffffedc
ffff08bfff754
fffe1000005e4
fffe0abfffce7
0000c53fff1f6
000097c000ccd
fffe197fff5ba
fffe413fffd08
00033e3fffead
ffffc5ffff73e
0000793fff992
0001d8000051a
fffdccc000104
0000d60000939
fffe87c000712
0002998000117
fffdbb0000066
fffd2f8000608
0001eb80005eb
ffff638000af6
00022bbfffdac
0000ca40004af
fffefcbfff7de
fffdf0400095c
0002d8000022c
0001020000df2
fffed2ffff709
ffff3e8000502
0002090000164
ffff75ffff343
fffd74bfffab6
ffff33800093d
0001b2800015e
fffe9a3fff5f5
00011b0000a68
0002974000437
fffce58000230
fffff27fffa10
fffdeb0000518
fffee08000817
00028fc0001dc
fffdb00000766
0001c83fff99c
000129ffff71f
0000168000ac2
fffee1ffff786
fffed60000844
fffe7b80008f7
0002483fffeb2
fffd5d40001e6
0001f6bfff694
fffee300009e8
ffffbf3fff728
000344bfffbac
0001387fffa04
0001bd4000495
ffff6cbfff1b0
00030c3fffaf4
fffe660000670
0000d5bfff8e6
0000150000902
0002703fffce8
fffecc7fff7c0
fffeaa8000840
ffffad0000aca
ffff24ffffa26
fffe1a8000592
00009bbfffc61
0000157fff6da
ffff27ffff5e7
0001077fff963
ffffa680009b0
0003313fffeec
fffdb00000628
fffd200000630
fffe054000c4e
ffffc2bfff36c
fffd43000057e
0001738000714
fffe30bfffb3a
0000790000a44
fffffb00006ea
0000fec0007ec
000174ffff5ba
fffcfb8000040
ffff81bfff876
0001ff0000a09
000089ffff538
000238c0000f6
0000ce8000700
00032dbfff5aa
0002bcc00035f
fffddfffffc91
0001e43ffff43
fffeaa0000a9c
0002504000684
000266c0001bd
0001528000780
fffd0cc000774
00021f80003cc
fffffa0000df6
fffdfd00005fb
fffd2d80003cb
000095bfff360
0003013ffffe6
0000d100003b8
fffe793fff54b
fffd81ffffe60
00002bbfff677
fffe463fff55c
fffe76bfffb38
ffff19800079e
00023b3ffff76
fffe8200002d4
0001b240005af
0002d40000515
ffff6380009be
fffd8a800046a
0002a13fffa7b
0000d43fff6ac
ffffe1bfffa78
00008680005ce
ffff048000905
000198bfff392
00008400009a4
0000750000afe
0000f7bfffbd3
00024bc000559
ffff854000bb2
fffed97fff598
fffdc000003af
fffea27fffd34
fffd15bfffebf
0002e7bfffbbe
0001febfff856
fffd65bffffc6
fffcc8bffffde
00030e7fffbc2
fffe60bfffb31
000348800039f
fffd298000074
00018f000087c
00016b7fffb74
0000dfbfff701
0002dcbfffe0d
fffd170000478
00022180006da
fffe2cbffff12
fffff7c0008b4
fffd2a0000484
000130bfff958
fffdb03fffa67
fffe343ffff2e
0000027fffa3d
fffd5ebfff7e6
fffce03fffb90
0001f9800002c
00011e8000f60
fffdce8000731
fffdfd3fffcd6
fffd733fffc0a
fffe2800002b0
00016d7fffa7c
0000ddbfff770
0000400000796
fffcb18000434
fffdb8ffff7ae
000248800042a
00003e0000aca
0001580000af5
fffdc03fffaa4
000163bfff786
000024ffff4ee
fffe0800002f4
0001c43fff482
0001e200002f4
00025700001de
0003593fffd58
fffddaffff7fa
fffcf5bfffa0e
ffff043fff61c
0001990000a10
0001cbffffa04
fffdfa3ffff5f
0001d93ffffe3
0001178000b00
0001228000a33
ffff288000740
ffffbfbfff70a
fffdb2800010a
0000f500007eb
0000d03fff74e
ffff090000bc5
00003b000069c
00024f80008ee
fffee08000932
fffdcdbfffed6
000212bfffc50
0001eebfff6d2
ffff51800081a
0001213fff686
0000f7000071a
0001bebfff910
00004580009e6
000018bfff534
fffd6800001ac
00011f8000901
00032380006ac
fffe6bbffff2a
000220bfffcbc
0001ec800069a
0002224000392
0001b2bfff0da
0001100000a76
0001f3c0005ab
fffd053fffce8
fffd6840000d8
0001074000e58
fffe7100008bc
fffe734000944
ffff3240006c4
00014f8000b79
fffdfabfff8c6
000192bfff8b6
ffff7000009e9
fffe628000115
0002593fff982
fffe5f0000922
0000388000ef0
ffff12bfff9c2
000220ffff9a1
000157ffff7af
ffff5d00008e2
fffe010000527
fffe01000080c
0001917fff612
0001d88000270
000240bfffbcc
0001e2ffffccc
000323400019d
0000ef400087a
fffd2a80005ed
00018dbfff9a1
00023d0000903
0002847ffff94
fffe983fff5ac
fffe9effff501
0000acbfff6a4
000355bfffea4
fffd818000158
00019b80009b1
000151ffff5df
ffffef0000a84
0001ea0000bf1
fffec3bfffb3a
fffd79bfff974
00002f8000952
fffefc3fff721
00021f80007b6
0002ad8000646
0002aa800003c
fffe91bfff82a
fffe940000706
0002b38000090
fffd3a000025d
00019100008b0
fffd417fff916
fffd7fbfffc79
00022e3ffff2e
00031bbfffb0a
0001708000732
fffde77fff9ea
fffebb0000038
fffd4400005f6
fffe1580007bf
0001257fff402
fffc6b000002a
00009fc000aee
000229bfff9b6
fffe043fffd82
fffff03fff9bb
fffdb5c00065c
0001e83fff424
ffff7e8000734
fffd82bffff42
ffff10bfff94e
000206000084b
fffd773fffc9a
fffd3e800018f
0000bf4000850
fffd41bfffa26
0000f900007b6
00001cbfff8d4
0001178000874
fffdd03fffafa
fffef7bfffacb
fffea1ffff5fc
ffff9b0000ddf
00026a3fffab5
00013f3fff7b8
ffff35000099d
0000a80000bd0
fffdc800008b2
fffd3a3fffb4c
fffcacfffff30
000237bfffee8
00017bc0005ea
ffff6780007d5
fffd4c8000022
0000a1c0007a9
0001cc7fff63a
fffdd6ffffce0
fffecf0000898
fffd2e80004f4
fffd8580007ad
000119bfff6d6
0000078000b0e
0003103ffff08
fffe760000aa1
000040bfff749
fffd65c0003ea
00022dbffffcf
fffdd23fff656
0001ae4000561
fffd313fffe72
fffd388000294
00024affff772
000096ffff86e
fffef9ffff4b7
fffdb30000570
fffd470000b29
fffd4a3fffdee
0002674000122
ffff593fff787
fffeadffff820
fffdb27fff88f
fffe198000051
0002e87fffcba
0002c83fff861
fffd3d7fffee5
0000003fff7c6
ffff343fff812
0002e13fff8d3
ffff310000d42
ffff9e0000b68
ffff203fff1c6
fffec83fff62e
fffe9a0000db6
0000503fff668
fffdb5800086e
fffddd3fff7e6
fffdd23fffba4
fffe1980000fe
0001433fffd9e
00027b3fffd30
fffe87bfffbac
ffff9e8000b80
ffff773fff46a
00020fc000a50
00018affffa7f
00021b0000147
00003d3fff8df
fffd968000b9c
fffe013fffe94
ffffd580008a0
fffde7400042c
fffdea000089c
000099bfff7ca
000065bfff8b8
fffdd6800062c
000174bfffc13
fffe1900009ce
fffd993fffd8e
ffffdcbfff926
fffe0280003e4
000232c000590
00022e800018d
00015e8000b0a
0000d68000740
0000c8bfff43a
fffde33fffd4d
00003d00009da
0001c93fffca1
0000b47fff974
0000473fff72a
0001de3fffd10
fffda08000874
fffd80ffffbb8
000295800010c
0001ffffffd3e
fffe363fff9aa
0002534000640
fffe0a000000d
0002d10000010
0001c1bfff7dd
0000f03fff456
0000680000a90
0000e780003fc
0000d18000878
00019f400052c
fffdb03ffff00
0001d77fffd9d
000217bfff866
00026b00003fc
fffcfc3fffdd0
fffdea000001b
000203800068a
0000d93fff826
00025dffffd47
ffff6d7fff4f8
fffd690000679
0001f43fff670
000013ffff5ee
00027ebfffb0a
0001ffbfff688
0001263fff874
fffd2e800004e
fffd910000141
00027a3fff6f6
00013b7fff5f5
ffffd83fff696
ffffc9bfff6aa
0001b50000854
00018fbfff48e
00023c7ffff60
00011b0000d8e
00014d7fff904
00015ebfff8fc
fffd668000140
fffe088000284
fffdc5bfff9ec
0001f80000207
00037c3fffe83
ffff15ffff67e
fffe1c8000816
0000987fff6d3
0002f5bffffca
ffff353fff75b
0002588000ab3
00021cffff88d
fffde7bfffd56
0001ab0000aad
fffd67ffff64a
00016c3fff546
0000bf000097b
00009b8000716
fffdef80009a0
0001ceffff5ca
fffd373ffff1e
0000b0c000826
0001657fffc28
ffff9f80008a6
0002b340000c3
fffe79bfff68a
fffec53fff602
fffdbf3fffb26
00006c80007b8
fffdab4000308
fffdfa8000334
ffffef8000c02
00006180000d6
ffffd2bfff9f2
ffff9100002b3
ffffbabfffe8e
ffff0d8000322
000004800016d
ffffbd3fffe27
00005880000c0
ffff8d4000132
0000003fffae2
ffff9d80000f2
000037bfffe77
ffff9d7fffe51
000116bffff5a
0000330000224
00003b000029c
fffee6bffff36
00007f7fffe3c
fffed2bfffe2c
ffff7f8000044
ffff138000228
ffffb0bffff18
00000bffffdc8
0000fa8000296
ffffcebffff42
00001f7fffd68
ffff3fbffff2c
0000658000028
ffffcc8000138
0000c9c000004
ffffa1bfffeee
00001a800008a
ffff1f8000289
ffffa57ffffee
ffffeb800020a
ffffbe3fffc09
ffff8e3fffed6
ffffc200000bc
000039bfffc1a
ffffcd8000145
fffff48000058
fffee87fffcc6
ffffde4000090
ffff7cbfffd92
ffffc43fffe57
ffffc1800010d
ffff9980001fc
ffffd4c0002c6
00006c0000016
00004ebfffe24
ffff488000236
0000593fff97c
0000703fffe87
00001b80000be
0000264000150
0000480000050
00000cbfffec3
00004c8000037
0000313ffff3e
000069bfffcfa
00002740002bc
00003a3ffffae
000018800030c
0000fb00000e8
ffffe7bfffde9
0000a900001d0
fffffd7ffffc2
000045c00026e
ffff8dbffff3c
ffffad80000ff
ffffb180002fa
fffff73ffff3c
00004d8000212
0000dfc000500
ffffa4bffff40
ffffbbbfffef6
00015f0000350
ffff7980000de
0000fc3fffcb4
ffffd2000007e
ffff3e00003c8
000019bfffe42
ffffd400000a1
ffff71bfffecc
0000933fffe95
0000d1bffffc0
000003fffff44
ffffb57fffdba
ffffe83fffe88
ffffb57fffa3c
000049000001a
ffffe0bffff74
fffffe7fffec6
ffff86ffffd86
ffffe5bfffd0e
fffffd400031e
ffffbd800000d
ffff60400028e
ffff4cbfffd2f
fffff8bffff35
fffeab3fffe84
0000573fffd1e
00012e3fffd7a
0000343fffe28
0000110000040
fffe8ec0000c2
0001c07ffff40
00008d40000c8
0000113ffff84
ffff9ebfffbf0
000000bfffadc
ffffd48000515
0000533fffd1e
ffffb13fffe56
ffffef0000140
00003cbfffd5c
ffffc90000204
ffffc23ffff3d
00004700000b7
0000d0bfffcba
fffec8c00002d
000050bfffff5
ffffc73fffffa
ffff6c7ffff69
00005b00000d5
0000894000305
ffff0cfffff77
ffff26bffff06
000022bfffea1
fffffe0000010
ffff7d3ffff83
ffffd77ffff13
000041bfffd12
0000688000067
00008d7fffc88
ffffadc0000f0
ffff9b8000186
0000893fffb62
000088c000228
0000383ffff68
00014d800024a
ffff59ffffebe
ffffdcbffff6e
ffff1b3fffeae
ffffbe0000010
ffff7e000001b
ffffa1bffffa6
ffffeb3fffe30
00004abffff6e
ffffd40000004
0000bac00026e
ffffadc0000c6
ffffb1000031c
ffff928000322
ffff283fffe6d
000062bffff70
ffff5180000df
ffffecc000094
ffff5e8000284
0000563fffcb2
ffffbf0000316
000094000004e
00005dbffff39
ffffcb7ffffb0
00004a800049e
fffff0800006e
000011000008e
ffffe840001a4
0000598000356
ffffc03ffffe4
ffffdb3fffe6e
0000b1bfffc26
fffffd00000ea
ffffe100000b4
ffffbb3ffff25
ffffc40000106
0000a6ffffe04
ffffc2bfffbcc
ffffdf8000368
ffff55c0001b0
ffff96bfffd78
0000ca3fffcac
000007bfffe76
ffffe80000163
0000043fffff3
000057fffffeb
0000c50000470
ffff013fffff0
ffffe1c0003cc
0000a53fffe90
ffffe100000c0
ffffdf4000346
0000153ffff60
ffffddbfffb0c
ffff763ffffdf
0000087ffff38
00001f80001ac
00004cffffe33
ffffbfbffff9e
0000860000110
ffffe68000200
00004d0000122
0000e68000337
0000988000008
ffffd2c000120
0000b840001c8
0000223ffff0c
ffff62bfffd3e
000009000009f
ffff29bfffe6e
0000488000368
0000178000019
00008d00001c4
fffff88000276
000048bffff86
000025bfffe27
000091bfffd6c
00003e4000284
0000c30000168
ffffb33ffffd7
ffffc28000200
ffff1bbffffea
ffff6c80000fe
00007f000011c
ffffd90000084
00004d8000242
fffeec3fffe02
ffff740000286
ffff82fffffbc
ffffc63ffff5d
00005800002e8
00007f0000106
ffff917fffe88
ffff5e3ffff62
00003a0000148
0000e1800023c
ffffe48000227
ffffd400000af
fffe66000012a
0001063fffece
ffffa7ffffe7c
0000083fffd1c
ffff37c000054
ffffdf3fffc6e
ffffd3800015f
ffff3e0000592
ffffe580002a8
00008cfffff8c
fffed53fffff1
ffff8d00002cd
000030ffffe54
00003f8000053
000093000010e
fffe8240001d9
fffff5c0002b0
00002c7ffff78
ffffab3ffff6b
ffff7f0000122
ffff7abfffe83
000023800010b
ffff31800000b
00007c7ffffce
ffffcd8000162
00003100000c1
ffff7a000003c
0000cd0000331
000022000025e
000001bfffeb0
0000d3c0001d0
0000b47fffd73
ffff77bffff8e
fffff33ffff5e
ffffd5ffffc16
0000bbbfffe8c
000008c00028c
ffffedbfffd70
ffff73bffffa6
000003bfffe73
0000623fffc1a
00007c3ffff22
ffff423fffcbb
000055ffffe65
00003a0000183
ffff440000178
ffff5bc0001ac
000036bfffdce
ffffbebfffe8e
0000253fffd76
0000663fffcef
ffffff00002c5
0000450000205
ffff863ffffda
ffffeebfffd09
000019800028e
0000df0000389
ffffb97fffe74
00002bbfffc98
ffffc23ffff27
00010cbfffcc7
000084fffff5a
ffffd83fffe90
000003c000040
0000100000036
00003e8000280
0000093fffcf0
ffffc00000160
00001efffff84
0001c5bfffea6
0000683fffd9e
ffffd9c000122
000062000030d
0001473fffd4c
ffffeb800012b
0000da4000064
00005e3ffff90
ffff9c3ffff18
000092bfffdb0
ffff23c000082
000096c000244
ffffe13fffeec
0000c2fffff64
000060fffff0e
0000667ffff8a
ffff29c00027c
ffff8200000ae
ffffe2bffffa0
000021000043f
0000cc80001cf
ffff353ffff6f
ffff5000000c0
ffffe300001b0
ffff0fbffffce
ffffa57ffff30
ffffcb80005e0
00004100000ba
000034800004c
00000ebfffe64
ffffa03fffeda
ffff55c0001c7
0000713fffc95
000003bfffee6
0000ab800003e
ffffc180001a1
ffffb4800016a
ffff78ffffed7
00002abfffea4
000023bfffeae
000044c00013c
0000083fffffd
ffff624000059
000037bfffd58
000049bfffe8b
ffffccbfffeb7
00003c3fffee9
0000be3ffff15
0000057fffdfb
00001b00001e6
fffff4bffff6a
00005c0000027
00002ffffffe9
ffff4240003d0
0000613fffef8
00009b3fffeb3
0000c70000016
0000333fffe7e
000000bfffddc
00002e3fffdea
0000033fffd4c
ffffbdbffff4c
00000380001fe
0000f4bfffe54
00006ec0000c7
00009a000010a
000074c00001a
000093fffff1e
00005580001f7
00002f7fffe93
ffff2880000d0
000062bffff9c
0000b000000b9
ffff28bfffdf0
ffff4800001ae
0000183ffff59
ffffb8bfffd67
000017c000050
ffff320000030
000062bfffd55
00005500002aa
000026c000065
ffff807fffe31
00002cc00014c
0000384000288
ffff83400024e
0000388000057
0000d1fffff86
000037bfffdc8
0000f90000379
00005040002a2
ffff8a3ffff80
fffed60000143
0000653fffe5c
ffffafbffffbf
ffffd83ffff7c
ffff020000154
ffff420000208
00008d3fffff5
0000adbffffab
fffe338000428
00027400001da
0001588000958
fffe0c00003fa
fffd457fff932
00022e800021e
fffee47fff67c
000205ffffaf0
fffd2d3fffbcd
0000c13fff5b0
fffda040003af
0001f380004b0
fffef94000aae
00003d7fff656
fffd59c0001fe
0000e600008fb
0000cd7fff616
fffe9e7fff5ec
fffea67fff704
00024e3fff872
fffd853fff8f4
00026880000f6
00017b4000889
fffebfffff9a0
fffed700007f9
0002b28000368
fffe4e800066c
0001b03fff988
fffde43fff9d0
0002983fffffe
fffdb84000261
fffd8b800054e
ffff4b4000acc
fffd1f3fffdc0
0001ce7fff7f4
0003363fffc3b
fffddb3fffcf0
fffdbe3fffc5d
fffe913fff469
ffff1effff7bf
0000673fff62a
ffff883fff4bc
fffd53000039e
000201bfffb16
0002c80000542
ffffe5000087e
000263bffffde
00013f80004c7
fffd9fbfff88b
00003cc000802
ffff437fff485
00029b8000760
00024200004eb
000272ffffe99
00008f00008b6
fffdce8000912
00014e8000410
00000180009ba
000292bfffbc4
fffe9c800075e
fffd7d7fffb00
ffff828000cfa
ffff053fff586
0001bb0000616
00017a0000731
00010b8000a12
00018f40008e3
00020d00006b8
fffe988000aa6
00026bfffff8d
fffdbb00005e1
fffe90bfff726
0001dec000483
ffffc70000cb6
00019c00008bb
0001f9bfff947
00020c7fff996
000023800085d
fffe8d00003ca
0001ca3fff5a5
000195bfffa2f
ffff8980005ec
fffe7c0000269
00023f80008e8
000261bfff821
0002280000106
fffd91000031e
000142ffff522
fffe283ffff42
00003380007b6
fffca240008bc
ffff163fff978
00011b7fff67e
000260c0000d3
fffdd1c0000ba
ffff4e8000564
ffff534000982
0000838000b47
00005b00008f4
0000b08000999
fffd8bbfffac4
fffffe80009c9
fffedf3fff41c
000256c0008b6
fffd17bfffc68
ffff528000b2c
000225bfff8aa
0001650000703
0000a53fff510
fffd5d3fffd4a
fffce20000634
00020e8000382
0000cdbfff6ba
fffd90bfffc41
000111bfffc3e
0001be4000a64
fffd0f7fff9c2
ffffab80007d6
000291bfffab4
fffe06c000215
ffffc8bfff78e
0001f07fffc17
00025f3fffb8c
0001e18000853
ffff7d8000a0e
ffff64800090e
0002123fffd7e
0000cb3fff8c8
00000bffff4b4
fffcfdffffbde
ffff00bfff5b0
fffee67fff2c8
fffd783fffaca
00015fbfff3f8
fffcbcc000682
fffe643fffd68
000043bfff5ba
fffe60c00007e
0000bb0000914
0001ec3fffba0
00004c3fffad0
0000773fff464
fffecdffff588
fffebc3fff9aa
0001a73fff9cc
000093bfff3b8
fffe963fff80f
000220bfff898
fffd7e3fffd27
0000cbbfff64a
000295bfffb38
fffd720000714
0001123fff638
0002b73fffdc6
000330bfffd47
fffe093fff886
fffe1bbfffab0
0001f1400004c
0000710000a78
0000a83fff906
fffd013fffc59
ffffbf80008aa
fffdd7c0000a0
fffe913fff876
0001b33fff854
0001cb00000ff
0001874000358
0000f7bfff546
0000d0bfff4fc
00025dfffff44
0000ba0000b67
fffe7f3fffb4a
ffff863fff33f
000323000025a
0000e180007ee
fffdf80000419
fffe453fffbba
0000410000758
fffe653fff5c9
000163000082c
fffec580007b4
ffff9b0000ce2
fffdc5c00023a
fffde940004c7
0000b93fff9d6
0002438000496
ffff267fff743
fffe6b8000608
fffed5bfffbcd
0001063fffd76
0000ff0000ae3
fffe433fff754
fffe014000a6d
0002430000262
fffd9340000f6
0000f2bfff709
000273000065b
0003bd4000025
fffeb33fff4fa
00020380004b4
0001667fff268
ffffee3fff46c
0000a8000067a
fffe9b8000886
0001bd80005ab
fffffcbfff7f8
ffff237fff933
0001bb8000d46
0000e03fff90d
fffdec3fffc88
fffda23fffeb0
0002157fff951
0001bcbfff789
ffff50bfff757
fffcb180006cc
fffe4bbfffbfe
0001953fff89e
ffff578000bf6
fffe1d000044a
ffff187fff5fe
00018bbfff3f7
ffff7580008da
000278bfff86c
000186bfff802
0001563fff69d
fffdb1ffffacc
00001a4000811
fffddec000737
fffd4abfff97a
ffffbbbfff7f0
000270bffff10
0001ed3fff746
000181ffff722
0002d0bfffe9e
00026dbfffea8
0002373fff44a
00027680006c6
0000083fff7f4
0000cc8000c0e
00018c3fff8c0
000240c00065a
0000590000b29
0002553fffe54
fffd95bfffb7e
000286c00053e
fffd05000015b
ffffbe8000a36
fffe00bfff7cc
fffdddffff8ce
ffff5a4000d1f
fffe4c80003e0
fffec280007e4
ffff27c000a42
0002a180002f3
fffd5080003f2
fffde97fff7d9
0002260000310
fffde03fffeae
fffd88800017d
000152000054d
0002630000306
0000d0bfff432
ffff76bfff83a
000228bfff679
000260400025e
fffdd100000e3
0002793fffba2
00013c80004fb
fffe2d00008f4
ffffa78000ad2
0002f13fffcb0
0002b77fff86b
000174bfff527
0000443fff50a
0002ab3fffd7c
fffeb63fff56a
fffee48000974
fffd68000040c
fffea6bfff4cc
00019c000051f
fffdb53fffbec
000255000046d
00016f00009dc
fffd76800075a
ffff1dc00098a
fffcc8c00015c
000274ffffb82
00018a80006cd
fffdbfffffb98
fffde13ffffcb
0000ad8000be4
fffed4ffff6ba
ffff7080009f0
0002b73fffeec
fffe2800003e2
000198800074b
fffce8bfffaa7
0002d23fffe98
fffd6b800059c
00012ebfff680
0000533fff62b
fffc647ffff54
0000680000c56
00017bbfffae6
fffdf9bfff81a
fffd777ffff86
fffd1340001b0
fffec5bfff74a
0001fa80004b5
ffffaf00009ee
fffc7c0000569
fffd300000a24
00013ebfff63a
fffd568000016
fffe378000110
000243bfff828
00023580003b6
fffdcc80003da
0000010000711
0002074000766
00021a3fff69c
0002ba3fffdc6
fffcf380003b5
0002f640004f6
00033e0000762
0000303fff3bc
ffff9affff525
0002cc80006be
fffe8780006f1
fffe12fffff5a
0000df8000a44
fffe70bfff666
fffe063fffc8f
fffe703fffe66
00014c3fffd9c
000194ffffa44
fffe760000bd0
fffdc300000e0
0001328000b98
000208bfffcf6
00015abfff9cf
fffdb87ffff21
0001d800004ca
fffec3bfff751
0001a9bfff642
00000e7fff30b
fffe850000520
fffe320000681
fffdffbfffaae
00024d00000ad
ffff9a3fff66c
0002654000754
0002d1800070a
0000213fff5a8
fffe450000197
000208bfff86e
fffdf0ffffc2e
000040bfff9e8
0000cec00067a
fffe127fff6da
0002820000636
fffffd0000a68
fffe55bfff71a
0001d200007c1
0000db3fff85a
fffd620000346
fffefb3fff85a
fffe4a800068f
000137ffff70e
0000043fff4ae
fffd860000526
0001963fff624
00020fbfff55e
fffdf540003c0
0001f4bfffbc4
0001dc3fff87c
000103bfff43e
fffd577fffd1a
fffd83000027b
0001b97fff60a
000157bfff404
ffffc5000093b
0002123fffbdd
0001a9bfffd0c
ffffee0000786
0003293fffc9b
fffd590000354
00015e3fff64d
000270400022b
ffff5b800086a
0000143fff452
fffe45bfff806
00021b40009e0
ffff943fff450
fffdc58000244
000246400092e
fffdc57fffb1e
ffffb7000090e
ffff2e3fff4f8
0001ed000087b
fffe25bfffca1
ffff5c7fff492
0002d33fffd3c
fffe207fff6f1
fffd513fffcfe
0000153fff7d6
0002db8000068
fffe8180002a5
fffed3c00073d
0000ad3fff638
fffe5000002d9
fffed20000862
ffff1e0000d6c
ffffcdbfff904
0000458000a65
fffe7abfff793
000082ffff400
00029b3ffff70
00024dbfff8f2
0001edbfff840
000304bffffb4
0000378000a13
0001348000756
fffe39c000858
fffd6c3fffa4c
0001b23fffe64
fffdb4800023a
0001d200007e0
fffd00bfff7a8
ffff6fbfff596
fffdb83ffffc1
0000793fffb04
ffffc780007ae
00025b0000315
fffdccc000340
00019b00008ae
ffff5b8000236
fffd41bfffff7
000129c0008de
0001d63fffa1e
0002208000316
00002c4000a3d
0002703fffc89
fffcd90000591
fffe218000c6a
000054bfff25a
00020bbfffcd2
00025500003a6
fffeb840006cc
ffffe88000834
0003a63fffe9c
fffeb00000824
fffdc0bfffd13
fffff8c00066e
0003780000200
0001fd8000665
fffe05bfffc6c
0002a4bffff78
fffd068000642
00021cffff74b
0001998000582
fffde6bfffd14
000128c000c3a
fffd9b000071a
fffd8c3fffbfd
fffff400008e2
000383400006f
fffebf0000398
fffdd27fff9d8
000118bfff606
0000220000824
00013fbfffc3f
fffd99bfffc8c
fffdbebffff68
0000ba000073a
0002030000676
fffe80bfffb43
0000517fff826
fffdfc000052d
fffe5b8000786
fffe937fffd6b
fffd7b3ffff12
000282bfffd96
fffe37c0006f4
fffd17bfffbb0
0002aa3fffd3b
0003023fffcbe
fffea08000815
fffddbbfffbaf
ffff3e00009a2
ffff2f3fff647
fffdfc400046a
fffdfa4000989
00030280002f7
00019840001a4
fffe6dbfff76b
fffe874000905
0001f53ffff12
0002333fffc38
fffe82800076a
fffe5d800071c
fffdc13fffb56
00029d3fffb88
fffe27000073a
00029000002ee
fffda1800013a
00028b3fffdf0
00019a80007de
00026a8000752
00024dbfffec8
0002b27fffbd2
fffe5a3fff79c
0002bb0000336
0001d400000d8
00016a8000696
fffde4c00030a
fffd557fffee4
fffd7bbfffdd1
0000b48000a25
fffe988000832
fffd8fbfff970
00003b0000704
fffec37fff555
ffff17bfff79c
fffeb43fffd4a
0002358000172
ffffe33fff59a
00027e800048b
fffe468000dde
ffff8a0000962
0000ad8000b26
fffd9200004b2
fffd8abfffaa4
ffffcf0000b07
ffffb6bfff9ff
0001848000708
000191bfff612
fffd7b800034f
fffdb680003e8
00011b8000a95
fffeafc000902
0000598000cca
fffe8bbfff3b5
fffee3bfff8d2
0000a67fff5b6
fffd033ffff05
fffeed7fff586
000276bfff9d4
0001b0ffff28c
fffd7c000008d
00035ebfffa5e
000198000054d
0002b800002cc
000250bffff4c
fffd0040004ca
fffe9cffff924
000281400051f
000047800095c
000250bfffe3a
00013100001fb
fffee280009ad
0000683fff3c4
00026d3fffd9d
fffe788000ae8
fffd6e3fffb26
ffff9effff43d
000297ffffb72
000257bfff6cb
fffd603fffdf6
fffe32bfffde8
fffed7bfff66c
fffe468000656
ffff8c0000b70
fffe2d0000144
fffe6c3fff78f
0001f6bfff716
fffdebbfffc39
fffe4b8000144
0001f3bfffd6a
fffe2fbfff7ac
fffdb83fffd6e
00023b800013d
fffea8bfff6f6
00023f7fff826
ffffc20000a68
00020f3ffffd8
00039e3fffbc6
fffdaa800051c
fffeb28000bbf
fffcd4bfffdff
00017ec000145
ffff23bfff424
fffd76ffffd95
ffff828000a7a
fffe9b3fff7b9
ffff03bfff9ad
000203000014b
fffcbdbfffde8
fffe66000020c
0001a68000628
00015f00006cc
fffcc63fffed9
fffef2ffff6c0
fffe3200007ac
fffe9ac000d08
fffdb3bffffac
00007ac0008c9
00023b8000638
fffeba00006aa
0003b10000071
000058000095e
0001983fffa5c
0002460000695
0000ad3fff74a
00034b7fff9fe
fffe48800081a
ffff8a0000a16
00027400000a8
00034fbfffb48
fffe200000756
fffee70000a0e
fffcd93fffff6
000286bfffd5b
fffd7ebfff5cb
00039500000b6
0002a4400011d
00011b000098c
000175bfff9ca
fffd663fff9ed
000030c00086d
fffe7a00000fe
00016d00005c6
00001b0000a1e
fffcea3fffef6
fffd8effff45b
00022c3fff7eb
fffd6a3fffdf6
00000cbfff63e
00012280006aa
0002550000334
0002528000290
0002b03fffe10
0001ecffffbc4
fffe718000504
fffdd6bfff932
fffd597ffff70
ffff697fffc82
fffe00000074f
fffe9480008ac
00026f80002ef
0001bdbfffcd4
fffde43fffcb8
ffff5b0000a18
0002b480000ec
fffefabfff5b2
0001e23fff9d2
000132bfff4a7
fffd28bffffb6
ffffd83fff7ec
fffd8e400097c
ffff0d8000990
ffff7d0000bea
ffffee000071d
0001c73fff862
fffee680008c2
0002833fffe91
fffdb400004dc
fffe5f800066a
00025a00002fb
fffdaabfffff9
000267bfffb46
ffff1f7fff5dc
ffff3280008b0
fffd733fffea7
fffeaabfff5ea
fffe43c0007d6
ffff8400008cc
ffffc8c000a72
fffd478000510
0002603fff8ac
fffdac3fffb1b
ffff458000643
0001188000950
fffde2800065a
00029ec0004d8
0000febfff40c
0000e38000adb
fffe3a00007ae
00027980004c2
000029bfff686
fffe253fff730
fffe81000096e
ffff8d0000850
0001920000038
ffff7a7fff586
fffd7b0000730
fffe89bfffd7a
fffdd780000c8
fffd26800032a
00016cbfffa29
ffff0e0000bfa
fffce2bfffff3
000227bfffbcc
fffe697fff5c4
ffff14c0008f8
00031cbffffe4
fffe4ec00037c
0001990000295
ffff10800075a
ffff80ffff542
0000280000b44
00014a00008ca
0000afffffb52
0000538000910
00018e8000a94
fffe4cbfff8fb
0002c480003d5
0000c18000b4e
ffff5cbfff5ac
00021a000096a
00017780000ce
00001b3fff520
00019effffd9a
0002b24000644
0001aa800034a
ffffae00009d8
fffce6000035a
fffd9c800046c
fffda6bfffdb0
00002ebfff664
fffebcbfff723
0001ef3fff954
0001c200008ca
0003150000244
00025b80000fb
fffdbe7fff860
0001173fff7ec
000071c0009c5
0001130000ab7
0001a900007b6
000047bfff97b
fffffd0000a4b
fffe237fff4ee
fffd913fff87a
00018780003c6
0001e90000513
fffd3e3ffff8a
0001e58000c19
ffff014000c03
0001983ffff0c
000211000002f
fffe000000900
fffdaeffff8d8
ffffa500009fb
fffeb27fff8de
fffeb8ffff6b2
fffe488000bf0
0000354000aec
000082c000be8
fffda80000604
0000f53fffa28
0003d3bffff96
00020c4000ad0
00014c8000396
fffecc800082c
fffdc83fffed8
fffd1c0000570
fffe2d0000727
0002b080006ae
000364bfffe96
fffdb7800082a
0001a70000a05
000293c0003e6
0003100000085
ffff63bfff85a
fffdd3400060a
00026a00005aa
fffd5cbffff7a
ffff55bfff56b
fffe69ffff704
000273c000389
00007dbfff33c
fffd973fff562
00010ebfff79e
fffdc67fffbb6
00021200001f5
0000f8000061a
00029dbfff8e5
0001a13fff72a
000214000011c
0003133fffec6
00019700007d1
fffec80000a3a
000092bfff517
ffff753fff500
00013cbfff744
0001da4000577
fffee40000af2
0001a13fffdd2
00016c7fff806
0000eebfff513
0000ddbfff44d
0000208000c45
0001e54000302
000139bfff476
fffd78ffffda0
ffff83bfff44e
fffe0680006e4
fffef4c0009a2
ffffe50000b46
00025ebfffe6a
0001c9000050d
00012a7fff8a8
0001363fff46d
0000fdc000b49
fffe68bfff8c0
fffedcbfffdbc
fffd523ffff9c
0001fabfffc62
fffe303fff8ce
0000237fffc02
0002eb7fffb07
fffe21000073d
fffef080004dc
fffe553fffd53
ffffbb8000d92
fffeae80006b9
0001db80004f0
fffee580007c5
00003d0000b2c
fffe1580006f4
fffd6b3fffb78
00009dffff89b
ffff53ffff891
fffe7affff7eb
fffeb6c000b7c
00029a80002e6
fffd63c000246
0001d33fffd14
fffe31c000a82
fffd6cbfff90e
00000e0000662
fffedc3fff9a3
ffff03800069e
fffdffbfffca1
00003d8000d08
00019f3fffca4
0001b63fffabe
ffffb1800072e
fffd830000096
fffe283fff6ea
0001c24000632
000053ffff558
fffd6480003d8
00026a3fffb72
fffea500006b6
ffffd20000c9b
000079c000aab
fffd4d4000756
fffefa80009d1
000250c000432
fffd71bffff9e
fffdd88000448
fffdc90000d77
fffd7900000ea
0000854000cd9
fffd5f80006b7
fffeeb7fff5ea
000245c000368
0002d27fffc6f
fffdf60000633
00019fc00026c
0002f00000290
ffff1c3fff2fa
ffff853fff6f5
0001d60000723
0000fd3fff5ae
fffe7100002e6
ffff263fff814
fffec64000746
0002b0bffff6a
ffff9abfff7f4
0001d3bfff665
000244c00067a
fffd0f3ffff22
fffd5a7fffda0
000120ffffa8c
00015b7fff8b0
00017400003a0
00011300009f4
000280bfffc31
fffdf10000bf8
00004dbfff741
fffd187fffea6
ffff307fff338
00018f7fff5e4
ffff3e8000d9a
0002b900001d4
fffdf300006dc
0000813fff768
ffff62800080e
fffd88800046e
fffee7bfffc78
fffde0bfffa12
fffe393fffbd1
0000488000a90
0002463fffd36
000151c00032e
000126bfff85e
ffff7e3fff58c
0001974000c34
fffedb40007b5
ffff370000ad4
00022800003f9
00026f3fff5f8
fffe38bfffb13
fffd4c7fffe8a
fffea9bfffa02
fffdef8000848
00027d800070e
ffff22800095d
0000224000c80
0001e780007e0
00020e8000157
ffff28800093e
00006480007f6
0002588000a01
ffff33c000973
000074c000741
000077c000852
00028b3fffb04
fffe030000aaa
0000633fff542
0000478000a00
fffec63fff53b
0001ef8000928
ffff08c0007f0
000281bfffaa7
fffd6c80006aa
0001c1bfff618
00000700008aa
ffffd40000bce
0002ffbfffaec
0001e480007b2
00002c7fff74d
fffdf7800060c
0001dcbfff968
000104bfff914
000064800056a
ffff773fff72a
fffd5b80007b4
0001d63fff6cd
000300bffffd5
00012c8000875
fffe623fff4da
fffd643fff6bf
fffdeebffffbd
fffd13000013e
fffe71ffff5f7
00011cffff680
fffd073fffafe
0003653fffb55
fffdf18000958
fffe203fffbc8
0001abc0001c6
fffd4abfffed9
0001568000762
fffe5e3fff810
ffff6b40009ce
fffe28000042d
fffe053fff792
fffe090000779
fffcf9bfffbb3
fffcbe80001f8
0001d38000b48
0001dc00007f6
fffd3f3fffea8
fffe8840001d7
fffe5040005e5
0000fa7fff5c3
ffff2e8000b5a
00001200009b1
fffe643fff566
0000fe7fff894
fffdc300000a6
ffff693fff824
fffea4bfff7ef
00024280006de
ffff178000800
00002f000099f
fffed93fff704
0002b3c0004f4
0000703fffb18
ffff123fff6f3
fffe49ffff7e7
ffff620000af7
00009a3fff53c
00026f3fffc30
000123000093e
fffef600008b2
000212800030d
0003307ffff30
0001b40000a4a
0001d13fff89c
fffeef0000888
ffffe77fff5c4
00026f3fffb66
0000d47fff982
0000dfbfff4b6
fffe8c7fff8da
0001ea3fffab0
00012c3fff7a2
fffe5cc00003f
0000904000a6c
fffd5f000056c
00016c800008a
fffd693fffe0a
fffdfebfffd8a
fffe8fffff8b6
fffe14bfff941
ffff188000a89
fffcab0000568
fffdcf8000790
0001817fff965
00018b00001ec
00002f7fff55f
fffdd9000042e
fffda7bfff92c
0000ae3fff692
fffff6bfff5b2
fffeb1ffff9ae
fffeed000069a
fffefec000a98
ffffe8c000a4a
fffe0a7fff280
fffdf58000600
000244000033a
fffdc4c0005d8
0001237fff876
fffddaffff85e
fffdfa80003e6
ffffad3fff6d7
000117800049d
fffd943fffb03
fffdba3fffe4b
fffdb2800008e
fffdb400007c8
fffe3fc000a80
0000a8ffff3fa
ffffd43fff5f4
0002c83fffb3c
0002378000482
0000a2bfff431
0000b88000a13
0001edffff9ac
fffe50c00063a
000013bfff9cc
00024ebffff6f
fffdc3800045b
fffdbebfffc70
00016f3fff713
fffd87c0000b2
fffdce00005dc
fffef24000b8e
fffcdb3ffff33
0000483fff63f
0001cc3fffaed
fffdd9c000a48
fffee00000992
0000d88000b44
0001dc7fffa14
fffe1a000073d
00008c3fff848
000092400097c
0001da3fff819
fffd90bfff900
00002cbfff610
ffffc47fff5d7
fffd0980001c3
00024b0000294
0002c90000284
0002933fffd12
fffe16ffff47e
0001f3800092c
0002d4c0003d2
ffffd33fff67c
fffe667fff9ec
fffddfbfff7ba
ffff7d00007f8
000353bfffd58
00018b00005fa
00016fc0002ec
fffe608000b61
fffd76400005f
fffd49c000136
0001c73fff834
ffff4900008f1
000045800068a
00011e8000b4e
000220800049c
0002c08000256
0000de3fff6e8
fffed07fff786
fffdd73fffa92
ffffdc00005d6
ffff64ffff4c7
fffebf0000612
0002a300006c6
00000ebfff634
0002aa800003e
000248bfffb85
fffe643fffa53
fffd590000094
0000313fff804
0001dd3fffae2
00012dbfff5f0
0002aec0001f1
fffe193ffffc8
fffeadbfff8db
000262800039e
ffff9b0000825
0000c080008e0
0000fa0000931
000237bfff60e
0002b0400022d
fffd3400000d6
00015c3fffce0
fffdc97fffc9c
000180c0003aa
0002d2bfffbf0
ffff75bfffa12
00026fffff740
fffd443fffc53
fffced0000396
fffe403fff678
fffccf3fffa9a
0002a20000358
00029d3fffe78
0002713fff9ea
000148ffff40d
fffe423fffdb4
fffe45bffff2a
0001ad3fff8ee
fffe1cbfffc84
0002193ffffee
000192c000048
0001a7400007e
00027ac000593
fffd863fffc56
fffff4bfff42e
fffe848000539
00022b3fff5b8
000074800064e
000299ffffe74
0001c7bfffa77
0002774000227
00003cbfff7f5
fffd680000136
fffecb3fff56b
fffe5d3fff9e4
fffe543ffffec
00013280006ba
0000e0000083a
00011580005d9
0000333fff4a5
0000b68000e96
000214bfff8d0
fffe6940007a6
0002cc8000524
fffeedbfff2c8
fffdef8000050
fffca97fffad4
0000018000b86
00000dffff9db
fffe928000734
0002c08000714
00005e0000ac0
fffdd340001aa
0001804000ab8
fffd4e3fff8e0
fffd8e3fffa38
fffcc0000007e
000198bfffce7
fffda17fff8d0
fffd273fffe20
ffffe28000962
00032c7fff920
0001c33fff811
0001963fff89e
ffff92bfff204
0002aabfffcde
fffd70bfffb2d
0000c0bfff887
ffffb23fff607
00014780004e6
ffff698000830
ffff7a80007d5
0001f2bfffde2
0002e0bfffc54
0002240000340
ffff60800094c
0001773fffec0
ffff00bfff8fe
0001303fff7ca
0003910000110
fffe6a3fff02f
0001604000a9e
0001aa8000378
ffffed8000854
0000a30000434
0001a3bfffb6e
00015f80006c0
fffe6a00009b4
0000377fff480
00011c00008c4
fffe29ffffd57
00026800003dc
fffec5ffff73c
0000d700008e2
0001e8bfff870
fffe743fffc3c
0001c83fffda8
00010ac0008a5
fffe5440005ec
0000d2ffffb60
fffeaf80000e4
fffe81bfff5a8
fffea33fff5af
ffffa87fff0b8
0000638000fc0
0001220000778
fffd523fff842
fffff5c000871
00031b8000058
fffe9a3fff6f2
000169c000486
fffd81ffffeb2
00007c800058e
ffff0a3fff816
fffd2ebfffbde
fffe60c000872
0002ec3fffee1
0001700000860
0000bf3fffb42
fffdca7fffcd3
0000253fff88b
00020ebfffbc7
fffd9f7fff9c6
0001ec0000164
00001b40005a7
00016a3fffac5
0001313fff76e
0002313ffffc5
0002fdbfffe43
0002150000bbf
fffe6dbfffbba
0002b5000063e
fffd4fc000029
fffd9d80004f2
00022e000065a
0000143fff5b3
000068ffff160
00017980003d3
00018ebfff5ea
00033b00003f3
0000aa8000d1d
00013d0000ac2
00020a0000344
0000ed3fff58c
ffff77ffff290
00027abfffa64
fffda17fffa48
0002ccffffff2
ffffba7fff752
fffebbbfff9fe
00019bffff7f4
00004f0000a85
fffd8600001a1
fffde140003ae
fffdd4ffffa9a
00029e8000510
fffec83fff741
fffd958000686
ffff5dc000da7
0000aa0000858
0000e680008d9
0001efbfffafc
fffefbffff858
00004cbfff275
fffd9b00004d4
0002e300005b3
fffda30000786
000134bfffa21
fffd55800029f
0000b48000803
ffff210000964
00025880000fb
0002588000122
ffff11ffff6e8
fffe0c7fff82f
fffd2fffffc98
ffff83ffff560
fffd45c0006be
000128ffff850
fffee8c000a56
0002813fffc97
fffec3bfff6fa
fffed200008f6
fffe2abfffe07
ffff917fff490
00015ac0007ca
fffe093fffadb
fffdc53fffdcc
00011bc000e84
00020f40007f4
fffda87fff7d6
0002cb000012e
00036fbfffc38
00015b8000a1b
00019dbfff8b6
0002c080000f8
fffd3000002fd
fffe183fff5e0
fffe3e3fff975
fffe914000133
fffff93fff77b
0001753fff9a3
00020c80006c8
ffff8840005d0
00032f7fffe4a
00026bbfffaf9
000168bfff59a
fffd2fffffec3
00010a0000c39
fffd4640005e2
000197ffff92a
ffff5a80006eb
fffef93ffffe4
00022080006ba
fffe850000b90
0000d23fff5a8
00008c4000939
fffde580005c4
fffdf57fffa68
0002643ffffa1
ffff663fff8ed
0003417fffa54
fffd978000586
fffd9c7fffdf0
ffff7bbfff675
0001643fff968
ffff1c8000682
00024a80000b0
0000178000967
0002d0bfffaf2
0001668000674
fffd953fffc9b
ffff5bbfff2f8
fffd8f00007e8
fffebfbfffb22
00028880000cf
fffc053ffff07
fffdc4000046c
fffe3780009d1
0000e23fff0c6
000217000024c
fffeaf8000840
fffdcabfffa76
000185400016c
fffd90bfffe1e
fffeffbfff9ca
00016440004e1
fffd78bffff2a
00011900007f9
fffe0c0000794
000190bfffaa2
00021580003b2
0002ad3fffeb8
fffe9e0000483
000148bfff767
fffe278000192
fffd457fffd28
fffe91bfffd18
fffe980000b62
ffffdd8000ba4
0003673fffd2a
fffe3fbfff584
0000a63fff8e0
000266800032c
00028b3fffd1c
fffea68000338
000107bfff6bc
0001bc8000130
000079800083e
fffd880000904
0001463fffa4e
fffd993fffeee
0002913fffc38
0002743fffab6
fffdc2bfffaba
0000c8ffff716
fffcc4bffff9c
0001988000b53
fffd8b3fffb20
0002578000441
fffe13bfff52f
0001da7fff8a3
fffdeb8000954
00011ebfff2ea
00008a0000ae6
0001fa7fff8a4
fffdc63fffa7e
0002260000547
00028dbffffac
0001e2bfff901
00020d80008a4
fffdcebfffc5d
fffd574000155
00015abfffb64
000243bfff826
0002358000151
0002620000090
0001e4ffff974
ffff10c0008e6
0000e4bfff5c7
0000910000744
ffff037fff8f8
0001dd3fff6dc
0002a08000273
ffffb43fff216
0000868000781
000176bfff7d4
fffd030000224
00032b3fffb9c
fffd6380002bc
fffe5dbfff958
fffe043fffe0b
ffff0c0000a57
fffe4a000030b
fffd23ffffa4b
0000373fffa72
fffdf040002b8
fffe7c0000382
0002a1800083a
00027d000024d
fffd0bc0005c2
fffdccbfff470
fffe50c0009ea
0003070000402
0001888000bd5
ffff08bfffa58
0001333fff8ab
000128bfff6ae
00025dffffbac
ffff27bfff6df
0001bf8000a20
0000bcbfff3a0
fffd9d40002ee
fffe68000043c
fffc733fff5be
000357800035f
ffff4dbfff5ca
fffe89bfff7ba
0001907fff46e
fffef380007ef
0002dbbfffc64
0001ed80007dc
0001e1ffff83e
ffffed4000966
00006a8000b18
0001fe3fffb1a
00008effff642
fffc96bfffd14
fffd6900003d4
fffe5b3fff960
fffe31000071c
fffeb6c00085c
00024e3ffff4a
fffebeffff808
000204bfff73d
000280000053c
fffff0bfff6d4
ffff54bfff607
fffe9affffaa4
fffcca800035a
fffeaebfff32e
fffdb10000202
00011ebfff7f5
00036040001a9
fffd9b4000536
0001b27fffcd4
0000e33fff5f0
0000d93fff753
00013e000090c
000131bfffcc0
fffe143fff90a
0002403fffe70
ffff33ffff428
0001e13fffb92
0001bcbfffb36
fffdc70000022
fffd76bfffe34
fffe748000273
fffdbdbfff860
0002577ffffd0
0000458000afc
0001c07fff9a6
000194bfff262
0000513fff523
fffff8400085d
00009dc000672
0002187fff6d4
fffec50000aa4
ffff0f3fff22f
fffe9480004c4
fffe3effff656
0000563fff430
fffe0f0000284
fffe0600005aa
0001acc0005c2
fffef000007f5
fffd7000002ec
0001b800007aa
fffe238000a2c
0000e97fff5a4
0001a37fffc5e
fffdf8000063a
0000e3bfff77a
ffffa30000a1c
000149800090f
0001593fffa56
0001a1bfff960
0001803fff57a
000313bfffe52
fffd1d8000566
fffe24bfffa96
00029bc0004ee
ffffe1bfff676
fffdc34000510
00019b3fff702
fffff1c000be1
0002e13fffc33
fffea93fff6a0
fffe85bfff724
ffffea8000844
ffffe9c0008b2
00014000009aa
fffe053fff8ab
fffd1cbfff8ac
ffff31bfff648
00029cbfff8fa
fffe8dbfffa36
fffec90000c29
ffff863fff298
00024e3fffad8
fffe203fff91f
00003affffa5e
000164ffffe78
0001c680005bf
0002557fff6db
fffd44ffffcec
0000167fff5fa
fffdf840002e8
fffef54000961
0000353fff56a
fffd948000104
0001ad00005c8
fffd4c7fff88c
000297000017e
0000f940005aa
00016b7fff910
fffdb7000039c
00021c800034a
ffff997fff500
0002a5bfffa58
fffdc6bfffad1
000088ffff3e1
0000184000868
fffdecbfff640
fffe69bfffaea
0001383fff7ce
00014d40009a1
fffef63fffa24
fffdd63fff8c2
fffd853fffd54
ffff0abfff716
0001ab3fff7d6
0001d2bfff628
fffdf8bfffa08
00020f7fffbf6
0001cb7fffad0
fffed880006c8
000066c0009a0
ffff63bfff206
0002ca3fffb30
fffe738000a7a
fffd23ffffc1d
fffeb38000072
fffdb680004df
0000b6bfff496
0000b97fff73c
ffff05bfff256
0002303fffcea
0001ed0000462
ffffd28000c5a
ffff5b80008a2
fffd778000446
fffe07c00098f
fffea80000918
00007200006f8
fffd178000554
fffeaa8000a6b
ffff69000096e
ffffdaffff3b0
00014580008c7
00017e800066e
ffff95ffffa68
00019ebfffb77
00008e000067e
0001e640003dc
0000730000874
00001ebfff678
00027700004bc
00034580006da
ffff2c800092c
00008c0000643
fffd680000113
0001db80002ae
0002710000064
000068000095c
000270bfffa42
fffde4bfff856
0000210000962
ffff6400009d6
0000bf00008bc
000160000046c
ffff418000cf9
00034700002c8
fffe160000540
00017940006de
ffff54c0009e9
ffff2b000027f
fffffc3fffd14
00001f7ffffbc
0000a20000092
0001088000448
fffff03fffdf9
ffffe1ffffe10
ffffcd3fffdf1
fffffdbffff19
0000f1c000273
fffee17fffdac
000073c0000e1
00000dffffcc8
0000553fffede
0000490000156
ffffdc3ffffb2
00000600000b7
ffff623fffd47
00001c3fffd63
ffff4ac0000aa
ffffa9ffffe08
ffff8a3fffec2
00016a3ffff06
00006a80003e0
fffffb0000221
0000d900001e4
ffff9c00000cc
0000b4bfffeea
0000273fffd92
ffffb840000d3
00005d3fffeb9
0000e2000004f
00007f80001b6
ffff45c000219
ffffe08000068
00002b3ffffef
00000e3fffe08
000088000021c
ffff8700000ba
0000183fffeb1
000058000006e
00000c800011c
ffffe04000175
ffff3c3fffb86
ffff9b00000c2
ffffd50000200
ffffaeffffc02
ffff2740001a5
ffff7f8000193
0000977fffe6f
000001000002a
00005b000017e
ffff6280001a8
00004f8000178
fffff100000ce
0000120000375
fffef83ffff6c
0000757fffe94
ffff433ffff87
ffff870000078
ffff758000232
00006b80005d6
ffff25bfffec9
00006fc000215
00000e00000d6
ffff68ffffe08
00006f8000238
0000e23fffe29
00004cbffff66
ffff9f3ffffe0
00002e800001c
00006f4000252
ffff7bbffff0a
ffff07c000288
0000a47ffff64
ffffd1000008a
fffffebffff02
0000023fffe60
ffffcb3ffffdf
0000198000120
00000980000e8
ffffadfffff78
ffff818000406
0000083fffe36
ffffd90000133
ffff2dbffff97
000048c000234
00013bbfffd88
000137ffffd70
000076800035f
00002800001db
ffffc93ffff55
00001dfffff6e
ffffc87fffe90
ffffa9c00013a
00004d80002ce
fffffb0000400
00005b40002fa
00007d000007e
fffff240001f2
ffffc8ffffee4
ffffa73fffec4
ffff98bfffebc
ffff853fffbfd
ffff49bfffee6
0000a6c000126
ffff3140000d6
ffffc14000034
ffffd6000011e
00002680003c2
ffffb60000394
0000490000350
ffff95ffffdd8
0000aa3fffdac
ffffe47fffda0
ffffadbffff2a
0000808000110
0000087ffffef
ffffb6bffff99
ffffe13ffff58
00010cbfffe83
ffff8780000b6
00004800001fe
000064c0001be
0000163fffe66
0000397ffffe3
ffffcf7fffefa
000120c00005f
ffffa58000305
00004740002da
fffef8800000b
ffffe60000037
ffffdd8000461
ffffd83fffed0
0000d500000c8
0000d9c000019
ffffb8400001c
ffffc23fffe67
fffed38000040
ffff968000256
00001c0000092
ffff688000056
0000750000116
ffffdd3fffe8a
00003dbffff50
00002f3ffffe2
fffff68000026
00008ac000136
ffff5abfffda4
0000248000084
fffee1bffffe8
00003bc0001e6
ffffadbfffee6
00004900000a6
ffff7b8000250
0000acbffff90
00000600000fc
ffffd23fffe69
00008dbfffdba
ffffc2bffff7a
0000e20000372
ffff200000178
00001a00000c8
00001000003fe
fffef83ffff4c
ffff5a8000244
ffffaaffffe82
ffffcbbfffead
0000767fffb92
000021fffff78
ffff8f4000188
00000b3fffcb8
ffff7abfffc1e
ffff9bbffff4e
ffff687fffd26
0000224000282
00008c000006e
00006a0000234
00004280001ce
00006b8000068
000000400036a
0000a9bfffe88
0000c2bfffe0c
fffff33fffe34
00006b0000467
0000a2bffffec
fffeea80000ae
00003d3fffd48
ffff8fbfffe7c
fffff18000031
ffff333ffffd3
ffffbb3fffe8a
ffffe9bffffb2
ffff6a7fffe4f
ffff8f3fffe5e
00007b7fffec4
0001363ffffca
ffff56000025d
0000683ffffe6
0000934000214
0000098000096
ffff4000000b6
fffff44000153
00001940000d4
ffffb2bfffc39
ffff70bfffff9
00003c80002f6
ffff130000119
fffff33fffea8
000059800012c
ffff9d8000418
ffffaf3ffff8b
000004800010c
00004480003e4
ffff880000198
000075400029b
ffff9040001f5
0000587fffe7b
ffffa2fffffb0
ffffc5000037c
0000e43fffe90
00006c80001a6
0000edbfffda4
0000213ffff2e
ffffefbffff36
0000a200002b4
ffff268000524
000018bfffedd
00003780000f0
fffff940000e0
ffffbe80000bc
0000c1000015a
ffff2f0000342
ffffed8000288
ffff93c00012e
ffffe73ffff1c
000030800007c
ffffe0bffff04
fffedf3ffff98
0000820000365
00000e3fffea6
00008cbfffdf8
000007000017d
ffffdcc0000b2
ffffaa3fffe78
0000fc8000544
ffffbd000052f
ffff363fffd6e
000004c0000e9
fffff3bffffb0
0000933fffff7
0000357fffc2f
ffff45fffffef
ffffc98000015
fffeec3fffda6
ffff698000058
000013ffffba2
ffffedbffff2d
ffffee8000289
0000158000150
0000603ffffce
fffffa0000159
ffffdc7ffff74
0000108000184
00008f3fffec2
00004e0000081
000066fffffa1
fffff43fffe0c
ffff24400020a
0000ac400001f
ffff458000322
ffffcbbfffdbc
00003800000b6
0000440000149
0001578000238
0000213fffc90
000043ffffd42
ffffd6c00005a
0000413fffae4
ffff5c0000105
ffffabbfffe3a
00003a8000152
00000abfffec6
00000a000010a
0000b200001d8
0000700000320
ffffa38000266
0000963ffff93
ffffcb00001a2
ffffd8bffff47
0000720000180
ffff5e3fffda2
00008500004bf
ffffbb40000a8
ffff663fffd86
ffff760000194
ffff7abffffef
00007abfffdbc
0001833fffc0c
00003440002a2
00002800000c6
000024bfffeea
ffffb90000167
ffff99bffffb3
00008f7fffe2a
fffffdffffbde
ffffdb3fffc61
00006c0000068
ffff687fffe72
0000d6bfffb80
ffff927fffe73
ffffbf7fffdb7
ffffa34000342
000074000026e
ffffc2bfffe82
0000060000176
ffff674000046
000045c00006b
00002abffff3e
0000b97fffc28
ffffa43ffff05
0000be3fffdec
00000b3fffd1a
0000c8800031a
00012e3fffe10
0000700000066
00007d0000032
fffee47fffe8b
0000338000148
000041800023e
ffffc93fffd68
ffffdfbfffe7c
ffff323fffff6
0000e9000028a
00002200001df
000004bffffb5
0000683ffffbb
0000a9c00005a
fffff6800005f
ffff2200001a7
0001043fffeb4
ffff183ffffd1
000042fffffaa
0000613ffff7c
00003a3fffd2f
00000e00001ac
ffff7780003a8
ffff224000388
00003fbffffc7
ffff5d3ffff84
ffff6680001a1
000115fffffb0
ffffebffffb1b
0000253fffe5a
0000b37fffdc9
ffff6d7fffe3a
ffffc700004ee
000057bffff14
ffff603fffb26
00000e8000282
000009ffffe9d
fffffeffffda5
ffff657ffff03
ffff8200000fa
ffff6dbfffdb5
00000c3fffe4e
0000457ffff26
ffffd9c00009e
00004b3fffe28
000042800010f
00008fffffe00
ffff41bfffdec
0000970000458
fffef83ffffa7
000036c00049a
0000240000020
ffff0180001a7
000069ffffe58
ffffc40000486
ffff700000116
00005300000ca
00002280001ba
ffffb7bffff4e
00007580000a5
ffff86fffff7d
fffff90000432
ffff623fffd32
ffff9c800015a
0000b47fffe8a
00007d0000184
fffff8fffffb2
ffff8d3fffd4a
000063fffffd2
ffffe3bffff26
0000288000278
fffedac000052
ffffe740002dc
0000893fffe1a
00002800003bd
0000303fffeec
00002d00000f8
fffff7400020d
00000e0000117
0000ea80000bf
000039000018c
0000ed8000394
ffffd0ffffed3
fffec680006a0
fffd2e8000151
fffdb7c000092
000116bfff604
fffd6e3fffeec
fffda63fffecc
0002163fffd1e
fffce3bfff6b0
ffff33c000861
fffd58c00018a
00017140008f7
fffe823fff630
ffff790000c12
0001caffffc6e
0001468000a66
0000eb7fff8ee
000373c00015a
ffff4b3fff55d
fffd930000407
000236000061d
0000963fff3cd
0002f03fffef6
0000c880008c2
000257c000494
ffff5c4000ad2
000266bfffcb8
fffda93fff8dc
ffff97000070e
0001f2c000035
0000160000bb0
0002a63fffb1e
fffe814000710
fffed08000a3e
ffff4c0000aa4
00010e400083b
fffe3f0000578
fffd5d3fffe73
ffff4d7fff6b6
000239bfffa6e
0001753fff836
0001bf0000553
ffff47bfff556
0002233fffa2f
ffff2480008f8
00005effff57d
fffffd8000780
000175c0008ec
0002d300005c3
fffda93fffc9e
fffeecbfff88a
0001a78000789
0002680000426
fffd5abfffee4
00022a400032a
fffecebfff547
fffccebfff8d2
000236bfffeb4
ffff923fff2e4
fffe3fc0008d0
fffe4abfffbae
fffea9c0006fc
0003003fffd68
000211ffff84e
fffe7f0000abf
0000d6bfff4e4
ffff6dbfff082
0002753fff854
00023fc0006a2
00001e3fff553
ffff5e7fff149
fffdd380004ea
fffe8c00008b4
ffffa50000aa1
ffffd00000aae
0001dc3fff924
fffd9dbfffb00
fffdbbbfffb82
00023cbfffe02
fffe8dffff810
fffee5000064e
fffcf7bffff4c
000312bffffa3
fffd5d8000848
fffeb400008ec
0003af00005b4
fffdc8800011d
fffedf3fff6ef
0001668000469
00023f000057e
00030e3fffc6c
00026f3fffa64
fffde68000955
0002e7c000313
ffff2e0000d20
fffcca0000540
00011e7fffb28
0000063fff641
fffed18000aa8
0001abbfffb83
fffe688000708
0002ca7fffe17
fffd07000015c
000117800077c
0001e4ffff2b6
fffff0ffff3c4
fffcdb0000188
fffe1100003e2
000282400044a
fffd84bfffdd5
0000683fff850
fffd9780001aa
fffe203fffd0a
0002428000168
fffd34000052c
fffd9300007de
fffd6e3fff88d
0003730000186
00002a3fff780
0001df8000bf0
fffe3b3fffa47
0002c580001c2
fffdfc400038a
fffda78000584
fffeee00009ab
ffff390000c20
fffe038000040
0001a800008f0
fffdaf3fffa58
00023e8000270
0000bac000a90
0001ecbfffd3d
fffedac000522
0002a78000252
fffd1980003ae
0001828000b37
0001aa80005e8
fffdb27fffe16
0001d7bffff9a
0001d3bfffa6a
fffdf8c000901
000066bfff807
0000190000c66
fffdaf0000784
00024340005a8
fffd3a8000084
0000e48000808
00029fbfffa88
fffe884000792
00016b3fff2b2
fffc9f40000db
0001683fffe3c
fffe5b000074a
00028c3ffffd6
ffff667fff440
fffe363fff900
0001c30000432
fffe023fffe4c
fffcc6fffff6a
fffed63fffa73
fffeb4ffff85c
0002a5c000418
0002353fffe98
fffe7cc00066c
fffe3f800070b
0001313fff614
000198bfffb5a
fffe903fff60c
000103bfff647
00009e3fffac4
fffd5dbffff27
0001a33fff84c
fffda37fffb4a
ffffea0000b9d
ffff60bfff64a
fffd660000418
0001f700002bc
0002758000311
fffdb40000472
fffef73fff4a0
000226bfff8e0
fffdd9bfffea0
fffeb0c00029f
0001f17fff7f6
fffdbdbfffab6
0001d48000516
ffffdabfff5e6
fffd4300004a8
fffe4e000098e
0002e34000462
ffffb27fff6ba
0002ab3fffc9e
fffedc40004ce
fffd883fffc50
ffff6bffff45c
fffe4c3fff7c8
0001f03fff83a
fffe5dbfffe44
ffff583fff8ae
fffdd4ffff497
0001914000640
fffdabfffffae
ffff753fff904
fffedd3fff61e
ffff053fff5d5
fffe0c3fffbe0
0001e78000b38
fffdfe3fff8e2
0000f37fffa02
00025440000e1
000002bfff9d7
0001180000a06
ffff5d4000614
ffffaf800097c
ffffcbbfff4de
000225bfff90a
fffd88bfff82a
000244c000192
fffdfc000046b
fffe627fff93a
fffdc98000650
fffdf4ffffe63
000072c000862
fffe2880007ca
00015740004e8
0000060000884
00022afffffcc
0001550000830
fffe427fffb2c
0000173fff482
0002f17ffff1b
00025a0000923
fffe033fff824
fffedd80009c4
0000bb4000c87
fffd780000598
ffff4000005c8
fffde7bffff07
0002d2ffffc58
00016680003e3
fffe6c0000940
ffff573fff74e
00000cbfff8e1
0001f83fffcd4
ffff6a8000b9c
0000777fff5bc
fffd044000245
fffe163fff5aa
fffe2d7fff796
fffdcb7ffff1c
0002b87fff95c
00025bbfffaf2
ffffaa80008cc
fffdbcbfffcb7
0002393fffbaf
fffde44000366
fffef140008b0
0001c77fff71a
0000ca8000a80
fffd8780004c8
0002b1c0007dd
00030b3fffbea
fffd8c8000143
00020180005a6
0001e50000346
0003568000187
fffd7180001f6
0000d74000971
fffdec3fffb08
fffc9500002b0
00024e3fffec3
0002588000abd
0000e9bfff6c0
00022800000b7
ffffae3fff4ee
000223ffffa32
fffd77400083e
000248c000020
00027e4000155
fffd530000530
fffdfac000764
00037f0000374
fffe55800009f
ffff1700005ca
0000dd3fff5dc
0002bd800031b
ffff8b7fff68c
00018e4000620
0001483fff5de
000232c0007b6
fffefbffff3de
fffe80ffff2ce
000119ffff644
fffe01bffff14
ffff968000cd6
00018a00006fb
fffedb8000446
0000358000696
0002aebfffe51
fffe128000782
0001603fff785
fffd518000152
fffd378000229
00018abfffd2d
fffea3000051e
0000be3fff6ba
ffffc2c000c90
000107000094c
00010e3fff96e
ffff0cc0005bd
ffffaec00084f
000213ffffad8
000259c000456
0000793fff61b
00023c0000296
0001b6bfffdb2
0002768000848
00005cbfff8f0
fffdfd0000221
fffde200009b0
00022affff9b0
fffee10000973
0002023fffb83
0002024000b96
00010a3fff4c0
ffff08400084a
fffda70000261
000102000061e
fffe4c3fff6e0
fffd403fffe1e
00024e000017b
0001cdbfffa68
fffd523fff9fc
ffff590000645
ffff5b3fff45a
00023a3fffe9c
fffe2580007c4
ffffe700008df
ffff193fff727
fffd908000861
fffe978000216
000141c00017c
000304bfffe06
fffcb000006e4
0002333fff5be
fffd85bfff97a
ffffd73fff4db
fffe6e3fffad8
fffea0c0004f3
00022abffff94
fffdacbfffecd
000253bfff88c
fffe588000802
0001043fff378
00004c8000a14
fffe82bfff904
00020dc0005f0
0000b63fff876
0000427fff674
fffed4bfff872
fffd523fff7dc
00023580004b9
0000820000b1a
00030bbfff8b6
fffddd000072a
fffe013fffe4e
0000010000b9a
fffe2d80003c8
fffe3a00008c0
ffffae8000afe
ffff663fff628
fffda80000300
00021c3fff9a3
fffda03fffd50
0001a0bfffd3a
ffff183fff4d5
fffeca800070c
fffef00000cf6
ffffce3fff6a2
0002a0bfffbf4
00015000003c0
00004a3fff91a
fffdb700002b7
fffe02c000b01
0000cd7fff953
0000efbfff754
00030bbfffef0
000053000086a
fffe003fff940
ffff770000865
0002afbfffc58
00019480009bf
0000f1bfff692
0000c63fff6fb
00022b000012f
fffd15000019c
fffe6c8000a68
0002614000349
0003040000004
fffd8d4000598
fffe693fff6a2
00032d800054d
ffff56bfff54c
00007dffffcf0
000134bfff877
00034f00005e1
000032bfff648
fffffa3fff66d
0001f180003db
00021d80003fc
ffff58ffff320
0001b7c000766
000178bfff830
fffe363fffd29
fffd774000588
0001a5bfff69a
fffef440008ab
fffe088000058
fffdbac000206
000231bfffa38
00029f8000795
0002ec800018f
fffd09000027a
fffd3ac0002f8
0001c3c0006ea
ffff8180005e0
fffd588000373
fffe2f3fff81a
000196800062f
fffdeabfffd5a
0002803ffff97
0001ce8000c64
00021c000063c
0000d5bfff468
ffff9fc00094e
0002030000ad0
fffeec8000786
ffff9abfff631
fffd650000364
fffe4a80007f0
fffe2bbfffd22
000248000046f
0000000000b04
fffe1dbfff760
0001987fff4d0
0002178000144
fffd39000002a
fffe307fff5be
fffe9940005a2
000044bfff3d8
000074800081a
00019d3fffa98
00026b8000366
fffcdcffffdf8
fffde980000b0
00026dc000ae2
fffe5880005a5
fffe223fffd76
000270bfffb08
fffdac3fff9ea
000287ffff666
0002337ffffc2
000083bfff4c8
fffd848000998
0001a5000059b
0001197fff70f
fffea98000268
0001aa4000ac8
ffff1f80007e2
000255800026a
000304bfffd70
00023fbfff6c6
00019f00006f6
fffeed8000d9c
0000f20000c54
fffd370000590
0001adffff81a
00025900005f6
000025bfff782
fffdf78000474
0002690000410
0000497fff5f4
ffffcf8000b34
fffe18c0008ce
0001a4000064e
fffe9e3fffd1e
000340400023f
ffff94ffffa06
000219c000426
fffd874000052
0000280000600
fffe7cbfff785
fffda0c000b48
fffff1c000910
0001a33fff65c
00024c7fffea2
ffff38800060c
fffdbf00002f6
ffffd2bfff378
fffe1e3fff617
0002cf8000526
00026cc0001b0
fffd464000130
0000e58000900
0001d23fff8ea
fffe27bfffd2e
fffce480003dd
fffddb80005d6
0002543fff744
fffd933fffffe
ffffa5bfff4f6
ffffab3fff832
fffda6bfff88a
0002fc8000240
fffe1f0000388
ffff5d3fff7ec
fffd673fffc66
fffddec000039
00019dbfffef0
0001198000a8c
0000d93fffa06
000093bfff849
00007d4000c84
0001513fffdce
00028580005b7
fffcf73fffa90
ffff99bfff3fa
000222bfffcaa
fffe40000055a
00029700004fb
0002650000208
00012980009f8
fffd453fff8a7
fffdc43fffba6
00006cc000d16
fffe4abfffa2d
fffea7400098d
00007f7fff5d4
000195c0008da
fffea7ffff83a
000146ffff927
00000fffff4a8
ffff8c3fff6e4
fffd3f0000468
0001287fff84c
0001e9000040c
00029ebfffe66
fffe34bfff8a2
00021e00006b0
ffffda8000cf0
ffffbbffff534
0002250000940
fffcef4000829
0000b83fff36b
000075ffff34a
0002823fff9d6
fffeff80006d6
0002f600001c6
ffffe7ffff835
000046800082a
fffea30000876
fffdc3bfffe38
ffff5ebfff728
fffdfc8000604
0001bd0000532
ffffca8000814
fffdb0c00040f
00012f80008fc
00029f800025a
00010c7fff5d6
0000e43fff3c6
ffff71bfff80c
fffe97bfff860
00028cc000309
ffffec000093a
00014e8000cbd
fffe22bfffbd6
000254400039a
000080000089e
fffec93fff5ee
00019fbfff6d2
fffdafbfffe4b
0000803fff1d2
0000e48000924
fffedbffff687
fffd833ffff04
00016b80009de
fffdc60000658
00029f3fff889
000181000019e
000253ffffba0
fffe600000569
fffeda0000ad8
00003e7fff406
0000380000635
0000f80000a68
fffde7ffff600
000224800004a
0000588000b01
fffd180000486
fffd143fffa18
fffdbe3fffa6a
fffe650000291
0001528000c95
fffdcebfffd6e
fffcbcffffeae
00002d00009fe
00021000006e6
0001743fffb5e
fffefb00008aa
fffccb800036a
fffeb08000510
fffea3bfffa38
00025d00004bc
00008400008f2
0001a20000704
fffebd40008d4
0001807fff6c1
ffff0fbfffad7
fffe3fbfff87c
fffddbffff716
fffdeebfffdb2
fffd79fffffd2
0001e4bfffd43
0001cfc000596
000151bfff657
fffd9500004f7
000147c00077d
fffd9e00007fa
00009c7fff3cf
fffceac000272
ffff4a3fff6e2
0001103fff726
000114bfff7e2
0001a00000a87
00014dc00091d
fffd58800090b
0002d7400039e
00009ac000c6d
ffff273fff67d
fffe36c000768
ffff4b8000964
00010140008ec
0001f5bfff6c6
0001c0bfff874
00022d000011d
0002e3bfffe6c
0001e67fff745
fffec1bfffbdb
0000cb3fff2a9
0000b90000bc2
00018bc0006cb
0002258000642
fffc9c8000009
ffff45bfff8a6
fffe163fff93e
0001ae8000730
000024bfff895
ffff177fff146
0001160000c1a
00018cffff27c
fffd68bffffa8
000226800004a
ffff43bfff748
0001a2800059e
fffebb400069d
ffffe2bfff855
00015e0000bd7
000201400059e
fffd89bfffcd0
ffff6ac00071c
0002443fffb60
000166bfff820
0000794000c99
fffd61000003e
fffee47fff856
ffff530000833
0002240000144
000073bfff6b0
ffff11bfff5ce
fffe1bbfffbfd
000205ffffeef
000081bfff60e
fffe41bfff7fc
0001433fffa14
ffffcdbfff760
0000288000a6a
00023abfff91f
0001513fff6ee
fffd203fffcf0
00023abfffed6
00024b7fffb10
00024a400069c
ffffd53fff54a
fffd3480000ba
fffd2500002b0
fffe46800081f
00005e7fff784
fffe0f3fffffc
fffe084000568
0001c100004d0
ffffdf000061e
ffffc4c000989
000134800076e
ffff34c0009bb
ffff3b8000c44
00020cffffcee
fffdd9000089f
0002ec8000742
00024d8000757
0002937fffee6
fffe1e4000420
ffff1bc000836
fffdd33fffe4c
fffdc1bfffe7c
000039c00097e
fffd7abfffad2
00016ebfff73e
00018fffffec0
ffff45bfffa18
fffdf00000aba
0001e7000033b
0000260000a3b
fffec37fff4a2
ffff79c000886
fffe333ffff82
ffff51bfff422
fffd5000003e8
0002750000734
000195800040c
fffdbfc000124
ffff0abfff704
00026e40005c2
fffcf57fffac6
ffffa1ffff668
0002077fff92c
0001ed8000471
00005f3fff4f4
0001fc3fffb08
fffe2a0000538
fffecc000099e
000299c00007d
fffcbe0000016
fffda780003e9
fffd7cffffb34
fffe1a400087d
ffff7800007a9
0000f8c000a78
fffe863fffa88
fffd3e3ffffdb
fffd758000198
fffe1700002a2
00018bbfff81a
0001eb4000229
00012d80009f4
00026cbfff667
0002bdbfff921
00023d80000ee
0002673fffc88
ffff1e3fff9ae
ffff6680008e2
fffd81bfffd9c
fffee53fff606
fffea33fff6c2
0001863fff6cc
ffff1e4000bc6
0002698000052
0001b60000a3e
0002df800042c
fffe7d00007d1
0002753fffdd6
0001e3800095a
0001743fffb1a
0002aa800004e
fffde000000ac
fffea1bfff2f1
fffd93bfffd4f
ffff2d0000896
fffd500000100
fffd530000892
ffff6c80007a0
fffd6bbfffd28
0002aabffff46
fffe428000110
fffdc5ffffe9c
fffd0c3fffac9
0001a74000c22
fffe1a7fffa2c
fffcbc7fff8c3
ffff0480008e0
0000900000545
fffe1f80003d4
fffe3d400078e
fffd9a3fff932
00022dbfffcfa
fffedbbfff50c
fffe61800085a
00022c00004a6
ffff5effff104
00033ebfff928
000197bfff798
fffe16000000e
fffffd8000747
000277bfffb86
0002253fff74b
0002cb8000196
00003dbfff53e
fffe14bfff9f6
fffe4c8000880
fffe55bfffe70
0002153fffe9a
fffe6840006f6
fffe21bfffc90
000245c000362
0002463ffface
0002873fff599
00023680003c8
000197bffffe6
fffd540000186
fffe4e80003e0
00019f80009cb
0000a0000013a
ffff95bfff33e
fffea08000461
00015f3fff69a
0002a6bfffd52
fffe5dbfff70a
0001bbbfff99a
0001f48000241
0001fd000030c
0001c03ffff8f
fffe8f3fff651
0001a800008b9
ffff5480009fd
ffff813fff6ce
fffde6c00044a
000066bfff7a0
ffff7b8000b98
0000040000a9e
fffe59bfffb21
0002178000654
fffe43400004c
fffd9a4000166
fffe48800052b
0001dd4000574
ffff6980007ee
fffd7200001ee
fffd9dc0004de
000246800073b
00023a8000190
ffff187fff590
00023cffffc96
fffeafc0008bc
00005d0000af2
00021dffffe32
0001850000866
fffe0f3fffd32
000133ffff466
0000133fff808
0001f63fff72e
fffd6fc000617
00012fbfff463
ffff75c000aa0
0001d70000798
fffe818000b0a
fffde03fffde3
fffd7b3fffeb6
00022e3fffa70
0001187fffacd
0000deffff678
0001c800000f2
0002433fffaaa
fffee280007e8
00009d7fff536
00014e0000b9d
0002f13fff6c2
ffff214000a08
0001278000c44
ffffe7bfff42a
000104000097e
fffe14bfffb88
00028000001b9
fffff38000b7c
000187bfffdb7
fffec700008a5
00004cbfff35a
00001d00009b0
fffe32bfff8e4
fffe3f3fffb6e
fffdec3fffcb5
ffff65c000abe
0001bb3fff973
0001153fff6c4
00010abfff742
000099800070b
00023f3fffd33
0001f2800076a
0001253fff1c4
fffe268000154
fffeab00002c6
00025500006ab
000219bffff2e
fffd523ffff98
0002dfbfffa8f
fffd3ebfff980
0000207fff34c
fffce60000328
0001700000954
00029bffff693
fffdc1ffffe37
fffe17c000220
fffed900006ca
fffda88000734
fffe734000b98
fffe047ffff5b
fffee77fff97e
fffe9f8000960
fffdc03fffdd6
00017b3fffdc2
fffea1bfff870
fffe1fffff856
ffffe10000a19
fffda28000423
fffdbc3fff936
fffe9e8000960
0000157fff5c4
fffe50000026c
fffdda80004bc
00012c00004da
fffd6c7ffff72
fffdce800001e
ffff16bfff878
fffe05c0008f0
fffcfbbfffe58
ffff9dbfff818
00014e80006f4
0001d5c000634
00004bffff5bc
00009b3fff7a0
000206bfff906
fffdc23fff9ae
fffd3a3fffdde
fffc8680002e6
fffe7dbfff704
00015ac0008d8
ffff3c4000a12
0000d90000662
00013a4000afc
fffe6880009df
fffdf07fffcf5
00001b8000a60
fffdd000006c4
fffcfbbfffaed
0000203fff71c
000013bfff7ee
fffe3e7fff3ee
fffdf9ffffaad
00001bbfff5db
fffd2f3ffffc2
00015880009de
fffd8abfffb97
00006cbfff4fd
000252bfffd2a
0001c5fffffb2
fffdd8bfffc30
ffffc9c000792
ffffef3fff86e
000134ffffd9e
0001393fff9e8
0000b7c000877
0001214000863
fffd1100005dc
fffea63fffa80
00002e00008b8
0000e680007f9
000205ffff944
fffe2e7fffb5d
fffffa0000a08
fffe88000036c
0002a73fffa6c
0000d5bfff910
fffd73bfffe5a
ffffe33fff490
ffff4f7fff83e
00021f00002e9
00035ac0001fc
000287bfffda8
fffe8b3fffa1e
fffe1dc000ad3
ffff64800062f
fffca200000be
00010f8000620
fffe003fffc08
0000e57fff939
00000a4000d2a
fffee93fff89e
fffe1c800098d
ffffff3fff752
0002a5800006e
fffdfb3fff8ea
fffdca3fffba4
0003693ffffc0
fffee03fff261
0001dd4000818
00013480001a5
fffd97bffff16
00000d00009e8
fffd940000484
00011b3fff9e8
00011affff2ee
000220c000002
fffe913fffa2a
0002ff8000702
ffffe1bfff4f5
ffff593fff741
0001e500006a8
fffd983fffd5a
fffe38000003e
fffc8d00001f0
fffdc64000668
00021cc00058c
fffd5d3fffaf0
0000a48000aa8
fffdf040006bc
00015e7fff94b
0001347fff88b
000267ffffea9
fffda8800057d
ffff2dbfff666
fffefbbfff838
fffd14fffff05
00012100008ec
0001d8bfff6c9
fffcc63fffdf8
fffd75800019a
fffe050000454
00029d0000616
0000d4ffff296
ffff8e3fff55c
fffde20000624
0000d93fff8e4
0001f94000312
ffffd8bfff693
fffe923fff83e
0002cec00046c
00007e3fff577
0000840000526
00016a7fffaf9
fffd9a8000b02
fffef180008b1
0002033fffb80
0000a10000752
fffe793fff9f4
ffffd7ffff6a4
fffcc2000011f
fffe5600000e2
00022d80005cc
000225c00022e
fffe05000007c
ffff173fff7ae
fffe13bfff875
0000208000a48
fffd408000279
fffe53bfff8ac
0000cf00005b3
fffecf0000ca6
0001e53ffff2d
fffde63fff815
fffd623fff8f8
00001f7fff514
fffe7cffff777
fffea9ffff99c
00002fbfff596
ffffa24000870
fffe1440002b5
000354bfffa3e
00017abfff858
00020e8000084
ffff51bfff5aa
0001ea8000832
ffff080000a88
0000c7bfff30a
0000023fff676
000204bfff6cc
0001e980002c6
fffcc500000b7
ffff0c3fff4f0
fffe9bbfff636
fffe630000a20
00010abfff52c
fffc72000010c
000276bfffac2
fffdca3fff8a6
ffff720000a74
0000ab80007cb
00019b000081a
fffdaa3fff9fc
00025c40001ea
00006a7fff70b
ffff0bc000b7b
fffec180009d0
0000c23fff5fc
ffff823fff690
0001c88000767
0003058000634
ffff180000855
ffffeb3fff944
fffde0800091b
fffe7080006f1
fffe43bfffd24
0000198000aa9
00019ebfff9fe
fffdf7bfff94a
fffc4abfffda6
fffd650000406
fffe457fff842
fffdc2800070a
0000c3ffff76e
0001820000a02
fffe483fff4d9
fffef10000980
00025e800001c
fffe3840002b4
fffe8f7fff79b
000215c0005f6
0001fd80000cb
0003b6bfffd46
0003093fff56a
00029400002f4
0001ddfffffce
fffd7800002f4
0000fb8000770
0001c73fff8b4
0000827fff3ba
fffd934000484
fffeb6bfffb19
00019b3fff5ff
0002ae8000457
000013ffff727
fffe14bfff6f8
fffe11bfffb30
ffff3affff5d7
0000608000ae9
00024a0000b4c
00020f40006ea
0000b1bfff57d
fffc39c000188
fffe6d3fff8ee
000102bfffc92
ffffde0000b5f
fffd5f8000296
000259bfffa3c
00012d7fff921
fffe723fffe6f
fffeed7fff83e
00024b7fff89a
ffff6040006f2
0002868000422
ffff5c7fff8fa
0000ba800090f
fffe483fff5f6
fffe1bbfffdc8
0000d04000bc4
fffdec80005a5
fffd2effffdfe
ffffb84000c98
fffdfd7fffd22
fffea34000898
000244000050e
ffff7d0000a5c
0002273fffd62
00017c4000b04
fffe958000606
ffff3040009f2
0002d7bfffdba
000245bfffae5
fffe8dbfffc94
fffdb57fffafd
fffe14bffff13
fffdd40000516
00013780006fe
ffff6b80008d8
0000ae000097c
fffe57c0007a9
0002b00000462
fffebb8000b45
000316bfffff2
0001ae80006a6
ffff0080008e0
fffd9c3fffe64
ffff3effff812
000138c000904
0001583fff700
00026e40001fa
fffeb63fff6ee
00017f8000a26
fffe7b80008ca
000021bfff374
ffffc1bfff89b
0002513fffb0d
fffda1bfff7aa
fffd4dc00024c
fffe80000021e
000287ffffade
fffee44000bba
000006c0009c0
ffff277fff8d4
0001a4bfffb90
000160ffff9c0
fffe7c3fffc35
0002adffffbb4
0001dabfff594
fffe32bfff876
000241bfffeca
ffff3a3fff4da
ffff5e3fff732
fffe4c00009f2
0002e700004c2
0003c5bfffce0
000142800097e
00021cc00024c
00007dffff36e
0002903ffffd1
fffccc00005e7
0002343fff9fe
00028a00001c3
0000f680005ac
00017b8000dba
fffd7cbfffbaa
fffcee3fffea7
fffde0c0003af
fffe2dbfff41c
000263bfff8d2
ffff52800099c
ffff573fff4d4
fffd918000394
0000917fff799
fffcf0bffffb2
fffca30000774
fffe13800071c
fffeaa00005f1
0000923fff5a2
fffdea3ffffd6
0002877fff872
fffcf43fff7b8
ffff9d00004f0
0003d03ffff21
0001c700009f1
0002a380004ee
0002aa40000c2
00021dbfffc52
000191bfff8e0
fffda8bfffa68
ffff894000b88
ffffc700009cf
000298bfffa4f
fffdb83fff998
ffffa63fff156
fffcc5800041e
fffeafc000782
00014ebfff5e7
0001737fff884
0001308000c0c
00025f3fff988
00027d0000860
0000dabfff497
00002fbfff526
fffd3e000063a
0000e03fff67a
00027d00004c2
fffd7380001dc
0001dc0000540
ffff7ac000aec
fffde53fffb5c
ffff5dffff69e
00016f3fff92a
fffe678000ad7
fffc4cffffbf8
0002a57fffe22
0002158000b7f
fffccbbfff8a2
00014f3fff417
fffffb8000760
00025cbfff6fb
00021280002f7
00026600003a2
0000ffc000be4
fffeda3fff9a8
ffff763fffdca
00024e8000398
000378fffffa3
fffd4780009a4
fffe0a000084e
fffdc03fffd7e
fffd4e000010f
fffe843fff628
0001173fff3fa
ffffef3fff91c
fffe7d7fff4d8
0001a24000982
fffeab0000132
0002a2ffffead
fffcf4000062a
0002087fffb14
0001620000636
00035380000ea
00020dbffffcd
fffeaf7fffa26
fffe08ffff786
ffff8c8000a3b
fffe6b7fff3e8
0001f83fff951
000291ffff647
0001d33ffff9a
00003b0000d20
000192bfff9d4
0002bb000059c
00021a40003cf
00028180000a6
fffef1bfff7fd
0000fd800036c
0002e300000aa
0001d600001de
fffde2c000450
000215bfffc3a
00027780003ce
0002c03fffe82
fffd86000051e
fffe12000060f
00007abfff49a
00005ac0009bc
0001ca3fff91b
00023580006bb
ffffa03fff614
ffffccbfff828
fffd8f0000534
00027080003c8
00003dc00099a
0002833fffdea
fffed57fff686
fffe4cc000aaa
ffff79bfff73a
ffffec7fff4ea
0000ae80009de
0001eac0008c6
ffffad3fff838
0001f7bfffeac
00011680004b0
00024ac0007ff
fffff33fff432
0000500000f9a
00010e0000888
0001c28000814
0002410000460
0003013fffb9f
0001673fffac3
00023280005c9
ffffd8000094a
0000198000c10
000197bfff944
000164c000902
ffff720000b5f
fffd8f3fffdfd
ffff43400018f
fffebd00007a7
fffe69c0008cd
00027efffff50
ffff2bbfff663
00012a3fff7ac
00009b3fff748
0000b280009cc
fffd1880005d4
00021d8000380
fffd430000128
00012840007ee
fffdb9800020d
0001f3000066c
0000580000ae0
0002b6ffffcaf
fffef940002f0
000171bfff9c6
0000a07fff836
fffefa3fff864
fffdf040006c0
00016a3fff73f
ffffe23fff79c
fffc673fffd9e
fffe40c000942
000162bfff7a6
0002b80000208
ffff6ebfff7a0
fffee4ffff73b
000156bfff79c
fffd89bffffdb
ffffd43fff55e
000125bfffe6b
00020c80006e8
00032480004c2
fffe80000030c
00007c40004c8
00022d8000734
00022b400025b
0002b13fffb5f
0001a4ffffcfc
fffe4d0000881
fffd933fffd8c
ffffd5bfff497
0002407fff7bc
0002020000268
0001af3fff408
fffcd500000f6
000297bfffb1e
fffe793fffb20
ffff400000ba4
ffff7e3fff7d3
00016780009ee
00018e400037a
fffd047fffdc8
fffdf400003a2
fffe8b7fffb2e
00010f80005bc
0002bf00005df
fffd9f3fffebf
ffff46bfff4de
fffdf7ffffbe8
000312400006a
fffe1ffffff42
fffdc740005ae
00024b000068d
0002488000302
fffde000001f8
fffe80bfff52a
fffe9f80009af
fffdc5c000034
00002d0000a46
00018c3fffc6b
fffe2c3fffbc5
0001723fff68c
fffc1dc0000c6
00017d8000a2e
0001ec80006a0
ffffe90000ae8
0002c3bfffe98
00016b3fff960
ffff0a3fff867
00029600003b2
fffd92000031a
0001de0000899
00015abfff927
fffe1bbfffed2
fffd6900003db
fffd94c00070f
0001b73fff8f4
fffd92ffffb52
00002a3fff7f8
fffd3b0000732
0000d1bfff64a
000226c0003cc
fffd45000043e
000203bfffb26
00028b400047a
fffed6c000d00
ffff1e3fff2f4
00019d0000bea
fffd0abfffd71
fffdc13fffe92
0002e33fffb1a
fffe25bfff7ac
0001964000674
ffff25800090b
fffd1f800013e
000187bfff884
fffd973fffbcc
0002befffff68
ffffac3fff23a
fffe7f3fff778
fffe6c800045e
00008e8000c57
fffd3f7ffffaf
ffffd9ffff7b0
fffeb08000a7a
fffd3abfffc30
00008900004e0
0001604000ac8
0002930000834
000276000026c
ffff777fff324
000101c0005c7
fffdf6000096c
ffff93bfff49a
00022bbfffc46
0000d50000820
0001d60000514
00008dbfff65c
fffd3500000d5
0002ed3fffca2
fffe310000960
ffff4880009b5
0000b68000b9f
fffec9bfff4af
0002b800006e4
00021980004c6
0000370000b85
fffe54000074a
0001703fff8d0
0001d440000c6
0002c17fffc59
fffe843fff5ea
fffde13fff8ff
00023dc00022a
fffed4ffff32a
0000d08000abb
00020e8000732
fffe01bffffc6
00004c3fff8a7
0002763fff87c
000175800063e
00041f40002c2
fffdc1800016a
fffde03fff52e
0001238000411
fffdc4bfffdd0
ffff5f3fff724
0001c800004da
fffd023fff7ce
fffe270000088
ffff5dbfff5ed
fffdbac0006d4
fffe90400096e
fffd973fffd71
000325bffff91
fffe5300004b4
fffeebc0006b1
0002a74000478
0001d23fffec5
fffe92bfff9b2
fffdc2800062c
0001417fffba5
ffff2e3fff7cd
fffd7c00004e6
ffff14c0006e8
fffdf93fffd64
0000703fff86a
fffd7d4000501
fffe5040005ea
ffff4dc000bec
fffff3ffff4b5
0001194000855
00021f40006e7
00020240002f6
000284bfffd87
00023e80009ca
0001ff00006f9
0002b1c00049a
0000b10000908
0001b1ffff8b8
00014cbfff652
000058bfff132
fffd4f800014c
0002333fffa80
fffce93fffb1e
000208c00028e
000243ffffe9a
fffe38c000562
000091bfff8b4
ffff4c80006b8
0000d8c00079c
fffdba00001ea
0001ae8000628
0001b1000014a
000269ffffec7
fffedaffff4a0
00030680003b8
fffffdffff6c6
0001ef3fffb1e
0001948000920
000162bfff6af
000088bfff684
000147c000b6c
fffeb7bfff900
fffef680009fe
ffff9b400085a
fffde640000e6
000167c000936
000141bfffa47
ffff6100006bf
ffff203fff763
fffe09bfff647
0001fd3fff9c2
000287bfffff9
0002157fffdd2
000162800098e
fffdbabfffa06
ffff50000093b
0000ed8000abd
fffe73800056a
fffd51bfff944
00009d7fff48c
fffd8580003e0
ffff13bfff84c
0001b1bfffa43
ffff690000dca
ffffe6800098c
fffe7380006e8
ffff050000a8c
000063bfff3d2
fffff78000894
fffe853fff954
0001b70000472
fffd0d7fffcb2
fffdad00003f9
ffff8d3fff7c6
0002483fff986
00003880007d4
fffef4bfff7ff
0002f0ffffe29
fffe8f0000656
0000563fff309
0002d2bffff94
fffe52c0002a9
00020a8000494
00027780001b2
fffd2b00004fa
000161000052a
0001948000456
00028800001bd
ffff533fff8bf
00013e000096e
0000d23fff6de
0002ac40003b2
ffffb9400089a
0001330000ad1
0002bb80003f7
000029ffff610
fffdd9c0001bc
0001844000a54
fffd8f7fffb52
00026d4000627
00037bbfffd04
ffff213fff7ce
fffef78000836
000088bfff426
00008e0000005
ffff65400007a
ffff77800001c
ffffa100002b1
0000de3fffee2
ffff6f80001e9
0000a60000071
00003500001e5
ffff543ffffce
0000c9bfffdd0
00006c7fffc82
00006bbffff41
0000407ffff92
0000a000000fc
00004b3fffec6
ffff85000015c
0000963fffdab
0000863ffff44
00009dbfffe1a
00004d000009a
ffff980000354
ffffea000004d
00008d0000154
000163bffff37
000066c0000a1
0000e78000262
ffffc3400036c
0000073fffdca
00006b4000198
ffff94bfffe80
fffef23fffd66
00001b40001de
ffffdd3fffdf6
ffff4fbfffe2e
00005bfffffec
00007ebfffee6
0000a43fffd54
ffffd83fffdae
00008ebfffcce
ffffe1000018f
ffff563fffbde
0000073fffe72
ffff79bfffe8a
00004c40000b8
ffffce3fffddc
00002b80002b4
00001c800021a
00000cbfffe84
000025ffffe44
ffffe20000037
ffff8b3ffff67
0000658000028
000011bfffccc
ffff890000345
0001250000092
fffff4bfffc7a
ffffe480001e1
ffffbb0000249
ffff42400024a
00000b800041b
ffff657fffe98
00001180001af
00008a3fffec5
ffffed8000010
ffffa5bffffca
0000694000047
00000cffffc60
ffffae0000008
fffffe00000c8
fffef18000245
ffffc3000012a
ffff977ffffe4
ffffa2c000135
ffff973ffffd9
ffff5c3fffe9d
ffff85ffffa80
ffff5d00001cd
ffff8b3ffff1a
0000a93fffd31
0000320000130
ffff92bfffedc
00011fc00010e
00002e0000023
00000e000006a
fffef38000092
0000073fffe7e
00000c8000372
ffff737ffffca
00006100000e4
ffffbf7fffeda
ffffa00000046
ffff9a00002e4
ffff80ffffff5
ffffc3800015c
ffffa9bfffdc4
fffeb1c00001a
000080000013d
0000067fffbf8
0000328000226
000091800019e
0000643fffdc7
ffffa88000112
ffff20ffffd62
fffee1bfffe57
000037bfffeec
ffffdac0002ab
00005100000b0
ffffeeffffe86
fffffb3ffff1a
00007fbffff8a
0000063fffed0
ffffa7bfffcd0
00003b00000a6
ffff7680002a2
000052ffffd64
0000bf7fffff4
00002580003de
fffee1fffffe7
ffff620000537
00006d80000f0
ffff610000044
ffff853ffff52
000000ffffe16
ffff59400017c
ffff8e3fffdf4
ffffb0000024a
ffffd9bfffd84
000024bffffd2
00004d8000214
000065bffff7c
0000b44000178
0000453fffff6
000051bfffdc8
00007cc000058
ffffce0000019
ffff9b8000152
00000c3ffff24
000085bfffbb4
ffff99bfffbac
0000a83fffd48
0000ba3fffef6
ffffb4800021c
ffff5a8000320
00001d8000389
fffffabfffd8a
00006b7ffff67
ffff8880000cb
ffffbdbfffd3a
00005240002a2
ffffb08000076
0000fa3fffeb2
00003f8000229
ffffee3fffddc
00005b800003c
ffffd03fffdd6
0000463fffcf7
ffff243fffdf6
ffff6fc0000c2
ffffac8000372
ffffdd3fffe9f
0000c58000072
ffffe74000052
0000013fffc24
00002f400005d
000029fffff5a
ffff927fffbfd
0000f8ffffbb5
ffffdfbfffe84
ffffd20000187
0000148000054
ffffa93fffe8b
fffff38000226
000026bfffd74
ffffe34000177
fffffe3fffe34
00001d8000245
00008e8000080
000058fffff92
ffffabfffffa0
ffffea0000012
ffffe4bfffcb6
ffff350000380
ffffa3bfffcc0
ffff5fbfffef2
0000e80000122
fffefabfffcb6
ffff7b00000d0
00002f7fffeec
ffffe67ffffe0
ffffab800018a
ffff5e8000092
ffffe34000394
00002cbffff15
00009a7ffff14
00007d7fffee4
ffffb68000068
000049bffff3c
00001100000ae
ffffb63fffe5c
fffff900001ae
ffffe7c0002de
ffffa0400002d
000069000003e
000033bfffd6e
00009700001bc
0000468000069
0000283fffe5e
00001b800046e
0000ca800026e
0000693fffcf0
ffff530000041
0000453fffea5
ffff1efffffc9
0000423ffffa9
00008580000f9
ffffe98000185
ffffc4800014e
ffff937fffce0
ffffcf3ffff12
ffffbd80002fa
00009b0000366
0000220000137
00002abfffefe
ffff7dbfffcde
0000eb8000066
ffff66000009d
ffff807fffe22
fffffd0000174
ffff5f00001e6
0000797fffc8c
fffffc800047d
00002a8000164
00005540002f2
0000260000156
000073c000124
ffff730000243
ffffcac000222
ffff933ffff84
0000073ffff6e
ffffb87fffeec
00008f3fffc00
fffeeabfffe58
ffff984000141
ffffab3ffffeb
0000683fffce8
00002f7fffe48
fffee7bfffed1
ffff728000130
ffffeb3ffff09
ffff973fffefe
00003a4000259
000024c000028
ffffd0bfffea0
ffff9f00001d4
ffffe1bfffd1b
00008b0000078
ffff84bfffec9
00007700001f0
fffff1fffff36
000012bfffe88
00002500001c6
00006d4000272
0000877fffeb4
ffff6c0000261
0000408000054
fffff5bfffb6e
0000823ffff33
ffffca8000086
00004600000f8
ffffe5bffffe0
ffffb48000110
000080bfffe64
ffffa8ffffbe2
00003f000008b
ffffd1bfffe1b
ffffc73fffeb0
ffff66bffff33
00008a3ffffd3
ffffff00002d4
0000a7ffffc86
0000f7bfffcc6
ffff983fffebe
ffffe83fffe13
0000a280000ea
0000974000014
00007e3fffdbc
ffff9180000ae
0000bd7fffe4a
ffffca80002fc
00002680000bc
0000914000617
ffff7cbffff36
ffffe4c0000b6
000074ffffe94
ffff9f0000287
ffffbcffffeb6
ffff1effffdcf
000083c00037c
ffffdbc0000ce
00014f3fffe36
0000ee0000096
ffffb80000126
00006a400015c
ffff62000018b
0000700000099
ffffae8000092
ffffb28000228
0000ee4000008
ffffb63ffffc2
ffffca800029c
00005cbfffdbe
ffff92ffffe96
fffef6000008c
ffff84bffff24
ffffcb00001fa
00003d00000ca
ffff4f3ffff74
ffff86000007e
000063bfffe66
0000c440003c6
0000388000074
000004bfffd79
ffffa2bfffcee
ffffa480001ae
000009bffffb8
ffffa88000050
00006d7fffe78
fffff7c0003c4
0000648000070
0000267fffe1b
ffffbe0000008
00007a800008e
00003380001d4
000074bfffe0e
ffff8a8000098
ffffe5bfffdf2
ffff01c00004a
0000a44000245
fffff37ffff1f
0000bf800025b
fffed50000113
00000e8000017
00005c800003f
ffffc9800029f
00002780002e1
ffff9affffed2
ffff5fffffee4
00000f7ffffb2
ffffdbbfffeb3
ffffaf7fffe0d
ffff4e3fffb08
00007d800000f
ffff13ffffed1
0000538000234
fffeb9bffffb7
ffff9e8000222
ffff5d0000173
ffffadc0003b8
ffffbb3fffe4a
ffff9d8000008
ffffff80000f2
ffff6600000e6
0000f5000037a
ffff3d00001dc
00005d800004e
0000cb4000062
0000343fffe1f
000028c000308
ffffc9800029a
0000550000150
0000fdc0001dd
00005fbffffcb
fffff48000066
ffff5f0000010
000097bfffe32
ffffdd40002f3
ffffc57ffff0a
0000bac000262
0000a700002c5
ffffaa3ffff20
ffff5c3fffec8
00002680001ce
ffffb0800004a
000019bfffe38
0000ab8000055
ffff897fffd70
ffff1600000c5
ffffc20000004
0000160000228
00004d800018a
0000783fffec8
00006840000de
ffffdbbfffe52
00004c80001c4
0000533fffd38
0000533ffff0d
ffffba3fffbbf
0000bf3fffe2a
00003e800004e
ffffc23ffff70
000045bffff98
ffffe7c0001ea
ffff5f7fffdca
ffff388000174
00003f3fffe5e
00008740002b2
fffffcc000063
00002fffff605
fffd4bc000255
fffd4980007f5
0000dc3fff8a8
fffdbebfffd20
fffcf84000644
0001a6bfffacc
000172bfff713
0001f40000206
fffd9900001c8
fffd85000078e
fffe538000800
fffff54000b12
0002790000266
0001b43fffe90
fffedb0000708
ffff1cc000b7b
000267bfffb2e
0003013fff9d6
ffff144000912
fffd12bfff7c7
fffdd38000196
00018a0000709
0002c50000098
0000553fff4d9
fffebb000038c
ffff60bfff740
00017f3fff444
fffee6000057e
fffe020000304
fffeeb3fff5b2
00018b00008e0
0000284000c52
00007700009c4
0002003fff838
fffde53fff99f
ffffe040005f2
000304bfffd95
00017240008c2
fffed00000785
ffff9f00007e8
0000e24000abb
0001f4bfffa51
0001453fff834
000294c00003e
00000240007e4
fffdd2ffff856
000130ffffa32
0000aebfff426
fffd43400027f
0002ba3fffa3c
fffe51bfffb14
00036c0000416
fffd36bffffb2
000137000095c
00018ebfffa0c
fffc9f80003a0
0002a83fffaef
00012c8000764
00029900005d8
00027e80001ad
0000910000d23
fffe0e00005f8
00017fbfff7ca
0002580000362
00006e8000b82
fffe09bfff56e
fffe8340005bc
fffd32bffff54
ffff34ffff589
fffdbb3fff886
fffe090000aac
0001d0c000076
fffdd7c0001b1
00021e7fffcad
0002493fff5ce
fffe053fffb10
ffff52bfff6e4
0001a500006bc
fffe4abfffc1c
00012f8000677
00006b0000af4
000180000094b
fffdd0bfffbe9
0000ec3fff474
fffdf97ffffd4
ffff64bfff950
fffdd57fffa66
0002853fffe53
00012580008fc
fffde3800046c
00019280004b2
00001bffff72c
0002a73ffffce
0002178000861
0001f8c000588
00005c0000ca0
fffe587fffe34
fffd6a4000571
fffeb7400075e
0000443fff6ef
00025f80001e4
fffe4b3fff50e
00017d000026e
00020ec000054
00020e3fffdac
00025e3ffff8a
0001abbfff850
00028000000b2
fffe32fffffe4
0001c5bfffaaf
0001a43fff659
0003008000427
fffe16c000503
fffe680000712
000134000039a
000210c00001d
fffd668000245
00022fbfffc86
fffd273fffbb0
fffcfb0000123
ffff34ffff8d4
00014b8000828
0001238000518
00030a00002d5
00007cc000a9e
fffe3a3fff76c
00025f40006c0
0000d33fff817
fffe2cc00000a
00022cffff96a
fffe8c8000a74
fffd7dbfffda6
000201c000172
00023a3fff963
0002028000626
fffd2f3fffd78
0000b580003ae
0001808000358
000171000064e
ffff668000e16
0001af7ffff3c
fffdf3ffff65a
000135bfff584
00007cbfff4fa
ffff0cbfff496
fffdfb40004a6
0001907fff66a
000013ffff47a
fffdde800017a
fffe238000845
00015080004b4
0001ec40002dd
fffd7600004ed
fffe79000085e
fffd3d3fff986
0001247fff3c2
0002e000001aa
fffe327fff5e5
0000d83fff540
ffff228000a0f
00010a00009fc
fffe7a3fff362
fffe503fffa94
0003764000378
0001287ffff4d
00011e4000672
0001e48000788
0000feffff6c4
00008600007fa
000238000070a
0001f08000682
fffefb8000b58
fffd64000017d
00023ebfffbc7
0001b5bfff6aa
000293c000202
00006080004f2
000150ffffd2d
ffff2ac000748
fffe467fffeb8
000160c0009a4
00009e000067a
fffe9e400096c
fffd18bfffbb8
0003c97fffa10
000149c0006e2
0001423fff4c4
ffffeb0000854
000024bfff8c0
fffdfb400060a
fffe38bfff878
0002330000144
0000888000bcc
fffcf00000970
000237400055e
fffefec000af6
00025a3fffde9
0001cf8000b75
000205bffff4e
fffe88bfffa71
fffe7100001aa
fffe8780004dc
ffff110000700
0000ce0000aee
fffd6cc000162
00028e3fff93e
fffd81ffff9ea
0002de0000206
ffff53bfff2e0
fffde10000512
fffe4740006ff
fffe14000025a
0002d87fff868
fffea3bfff34a
fffd7bbfffc25
00022c00003a4
00036bbfffe8a
fffdebffff84a
0002794000448
ffffe7000071e
ffff493fff633
00017e00004e7
00021e8000944
ffff714000cdc
fffd5a8000337
0002c23fffc32
0001730000396
fffd8cffff93c
0000004000a9d
0000fd80007c1
0001d43fff63e
fffec18000852
00007a4000b44
ffff4dbfff52a
0001573fff957
0001ce400031a
ffff5bbfff2db
fffd6400007e8
fffda98000980
ffffc20000bd5
fffdf400000d6
fffed6bfff77a
00026e000059a
fffedf0000b9e
fffee0bfff578
000278bfff88c
fffeee4000a00
0001be8000304
00005d00007a0
fffeacbfff7e6
fffd7abfffc9e
000038ffff644
fffdf1c00013a
fffeb5000095d
fffe21bfff96f
0001c1ffffd81
ffff523fff494
fffe6b0000866
ffff1c800089f
0000b3bfff7fa
ffffc17fff53e
fffde4bfff4a0
0001540000720
ffff7a0000948
0002c4400001b
0001c5bfffa9c
fffd403fffbd9
0001f180002e2
fffce37fffea3
fffd8d3fff60a
0003120000a00
ffffddbfff560
00007b4000acc
000235bfff845
0001dcbfff71a
ffffd67fff5bd
fffd2300004cc
0001997fffcfc
fffe94bfff96a
0000163fff724
fffd3c00006db
00014dc00068a
0002aa8000708
fffee23fffefd
fffd9740002d0
fffdaa000021d
fffe767fff79d
ffffad0000404
0000ca8000d26
fffe303fff64a
0002470000518
00008effff417
0000da8000c2a
0001fb8000afd
fffdbb3fff7d2
ffffcc0000621
0001d4bffff38
0000f7c0008f2
ffff13000085e
0001d7800032a
fffd6b8000036
00011000009dc
fffdf13fffc0f
fffd68bffff1a
00022cffffdad
fffefd8000680
fffdcb3fff985
00002f0000a0a
ffffa2bfff535
0002723fffbe2
0000bbbfff5bc
fffda27fffb02
0002a1bfffc90
000267bfffb32
00024fc000634
ffff9c00006c8
0002d27fffbd4
00025180004ec
fffeeb80007ae
ffffc1bfff77a
0000a840006ea
0001e680008f6
fffe837fff981
fffed04000c4c
00005a000077c
0001f83fffa84
0002724000242
0000adc00087e
0002ae7fffcab
fffe533fff69b
0001f40000508
00024abffffff
000313bfffc4c
00010200005e2
ffff2d40009ae
fffd863fffecd
ffff3a3fff5c5
00020cbfffa49
00016abfff7a8
ffffccc00078f
fffeb5ffff3b8
fffd49000090a
fffede00007a4
ffff9d0000874
000248bfffe32
fffe3e3fff844
0001a33fff8f2
0002e00000108
0002797fffd32
00020e7fffa33
fffecc80004ec
fffdcdbfffe94
fffdb3c00014c
fffe4800008fc
0001f03fff78a
0001bb4000256
fffe683ffff48
00019d4000846
0001853fff612
0000743fff654
0000d2c000a2c
fffdbf7fff6c2
00023400004d4
00006580008f4
00015a8000a44
fffe6c8000574
fffd9ebfffc7c
0001b200000a9
00003e00009e2
0000d3000067a
0002398000454
0003044000307
ffff63bfff448
0002604000a6a
fffe408000796
000248fffff02
000283bfffd81
fffe13c00090a
0001b9bfff874
0002310000152
fffdcb00001af
fffdf540005c2
fffdd1bfff7ec
fffd5700000d2
0001b9bffff00
000144000076a
fffe12bfff932
0000633fff4b8
ffff413fff5d3
0002eaffff804
00021540001c4
fffd037fffe8e
00000b80008d2
fffe74ffff866
00029680005d8
ffff6ac000a12
000221bfffbef
00014bffff85a
0000ed7fff87c
ffff3ac000a80
ffff15c00038a
00011dc000b0a
fffd297fffe3d
fffdaa3fff9bc
fffd40000033e
0001cc3fffaca
00025b80006d0
fffcd5fffff52
fffdba4000270
0000e5ffffa0b
0001c50000391
fffcbebffffe6
00013e4000ad6
0000e1800091c
0000d1bfff986
0001ec000008a
00002180009a8
0001270000de0
0002b280002bc
fffd40000004a
fffe313fffdd2
00017d0000949
0001c1000056d
00009abfffa04
ffff4dbfff725
fffff8c000a36
fffda68000944
0001487fff638
ffffa3bfff1fc
fffe4d8000720
fffdb33fff7b8
ffffdd40007f4
fffe6f3fff75a
0001a6000094c
fffd597fff9ba
0003bfc000218
0002da0000482
000295bfff9d6
ffff328000a9c
0002f53fffeb4
0002dabffff10
0001793fff483
fffdce7fffb58
000105bfff549
0000ab8000a60
000178800087a
000121bfff7b2
00002980008c8
fffcb400000fb
fffe90400036a
fffe583fffb2a
fffef10000937
ffffc3ffff784
0000bdc000695
0001ce8000410
00021ec000299
00004f0000b9c
00020e7fff9e2
fffec60000958
0000653fff492
ffff773fff7de
0001214000a23
0001d33fff8d8
0002c500001c6
ffff48ffff2e0
0001a64000778
00006a3fff6bd
00029ec000048
ffffa6c000ee7
fffd6c80004ea
fffcc98000584
fffee400009e7
000210bfffaa0
fffe143fff856
fffe45bfffaca
fffd8ebfffc6c
fffdcc80001e7
0000f1800096e
0002340000574
fffed4c000e3c
ffffe77fff61c
fffe7bbfff4fa
00017abfff6bf
fffe0b7fffcb2
0003130000452
ffff2d3fffae7
0001ba00009f4
fffdc83fffec2
fffce40000287
00006a0000a6c
0000dc7fff616
0001e6c000056
000384bfffd12
fffd92800002c
fffef980009f2
ffff380000ac0
fffe91000041c
fffdf5800053a
fffece00004ba
00007cc000a66
fffdba80003ef
00021b3fffa06
00020140005e0
000235000019e
0000a70000a45
fffe22bfff87a
fffef1c00085f
0000a4ffff286
0000113fff741
fffe600000652
fffdaa3fffc00
fffd027fffd65
fffd628000439
fffd90bfff644
fffe108000704
0002c44000038
fffdce0000124
000289ffffa40
00027c40006a0
ffff554000aa0
fffcacfffffc5
fffdda40002e2
fffde1ffffa09
fffe20c00015e
fffd4e40002da
0001cabfff9bc
fffdad3fffa41
0000d97fff55c
0002d780000b6
0001ff3fffae4
fffe34000085e
00001c0000c75
ffff89bfff464
00020c0000bb4
fffdf43fffc3c
fffdf07fffbd6
ffff467fff4f6
fffdbb8000430
fffe5700006de
ffff97bfff604
0002f07fffee8
fffefd00004e2
fffe0fbfffbb8
0002adbffff04
fffcf27ffffc7
0001e840006fa
ffff290000a8a
0002d4800019a
ffff47bfff5c0
fffe1cbfff930
fffd4cbfffca3
0002ae80000d6
fffdc2c0001dc
fffd7d00006ea
fffe493fff986
000009ffff41b
ffffd740006b6
fffdb17fff7fa
0001aebfff98d
fffd5dbfffe5d
fffff80000949
00014380007ee
0001c3bfffa44
fffe263fffbad
000075ffff5ca
ffff493fff7c8
000210bfff488
fffc64bfffd78
0002b4bfffda5
fffdb400005cc
000097bfff714
ffffa34000a74
00026a00001e8
0002b53fffba4
ffff690000afd
0000c6bfff80a
fffd65000057c
0000d9800087c
fffeff3fffcc4
00028e00001a0
0002838000036
0002973fffb66
fffdf98000aa0
000058ffff542
00016b00009a1
0002c43fffe36
0002fc00006a4
fffff73fff4b2
ffffd2bfff831
000213c000a8b
0001d980004a4
0002820000412
ffffed40007d6
0001378000945
0000f2bfff56c
0000428000770
0001d780000ea
fffe4fbfff9e4
0001c08000570
fffd3280001ba
00004a00008a1
fffdf7800067e
000120bfff9de
00010a7fff574
fffd9a40001f4
fffd42000072d
0000d5bfffc19
0002fcffffe1e
ffffb78000b04
fffee84000564
000142c00020a
0000517fff92d
ffff723fff5c0
00011b000092a
fffea90000b64
0000233fff57c
0000c4000092f
0001d9bfffa1e
fffebc00007b4
000024bfff55d
fffd513ffffaa
fffeb5bfff7be
fffdd63fff953
ffff743fff2d1
000124c000894
00006080008f6
fffedd800091d
fffd35bfffe71
ffffe7c0008b0
fffefc3fff668
fffe4e8000964
fffd500000016
ffff5a3fff66d
ffff4c3fff4ba
0001c240005e2
000316800063e
fffdd88000219
0001e93fffb8f
0000bbbfff622
00027b0000367
000037c00090b
0001edbfff830
000152bfff864
fffd44bfffb50
fffd85ffffef8
fffdc780003b2
fffe4800009e0
0002d7000025a
fffe390000152
fffd958000960
00015a3fff61c
0002193fffe72
fffda2000054a
0001fbbfffbbc
0002610000430
0001dd00001ea
000010bfff4ba
00017b800075a
fffd507fffbc2
fffd957fffe7a
00005d00007b4
0002063fff8a8
fffe45bfffe8c
000012bfff338
fffd677ffff7a
fffed7bfff706
ffff4600007af
ffff980000d98
fffd5f80002d2
ffff44bfff8f5
000182bfff60a
0000eebfff3c8
000277bffff37
0002148000840
0002634000334
ffffba8000913
00005140007b1
00023abfffb90
00016480006c1
00023400000ee
ffffef0000b0a
fffdae00005b7
fffdde7fff738
00003dbfff5e4
ffffb0bfff9ac
ffffe63fffab3
00019c3fff748
00009e7fff486
0003627fffced
00029cbfffd00
0002c800003bf
ffff234000854
fffd61000011c
0002140000a94
fffdce000083c
ffffa88000d54
ffff25bfff53e
fffe1c40004d2
fffd993fff949
00026d8000266
fffeeabfff4d4
fffe64400072e
0000dabfff87e
0002f44000258
fffd4b0000006
0002403fffb5e
fffd46bfffb68
ffff47800077c
fffd1ac0002d9
00015d8000b62
fffe460000748
fffd637fffd10
fffc3b80000ee
0001a2bfffd8e
fffe24bfffc06
fffee60000e12
00022fbfffc0e
0001a2bfff9e6
fffeac8000a4a
0002880000139
0001b7ffffd02
0000d00000831
00011a3fff598
00029100001ec
00002d40009d0
0002558000654
0002a30000946
fffe2200000b4
00005f40007dc
ffff29bfffb2c
fffe8ebfffb4e
00011d3fff4b0
0003373fffe1e
ffff2fffff81b
00013c000058c
0002fb8000016
00025a7fffef0
00012a8000720
000121ffff274
fffe75c00089a
fffd514000030
0001e18000b20
00022f3fffc38
0002ff800024a
0002b3000002a
000194c000a2b
fffe24ffff8dc
fffdca8000294
0001d83ffff51
0000c6c000cd2
0001833fff754
fffe3abfffc1e
fffdebbffff7c
fffe5c3fff622
fffe2d3fff97a
fffe5e8000a3c
fffef6bfff896
0000c48000916
0000c5bfff85a
0002818000035
000249bfffbfd
fffd74c0004ad
fffe14bfffb04
fffe530000b20
fffd66c0000a2
0002943fff972
fffda5bfff836
fffe2d4000883
00015b000058c
0002b33fff976
fffe4800006b8
fffded0000355
0001bbbfffc9a
0000cec0007e6
fffee2800054e
000213800039d
0002d2bfffdc2
fffd49400059c
fffe15bfffef0
000034c000b55
ffff5d3fff6b6
0002547fffbaf
0000757fffa1c
0003df800048c
fffe188000055
00021d3fffae2
fffe2bbfffa24
fffd26bffff14
fffd318000246
0002953fffbdf
fffdb03fffadc
fffdaf8000078
ffff7effff2ac
0001e27fff80a
00019700006ac
00023c7ffffe8
00032c00000cb
fffd6480008ec
0002810000956
ffffbfbfff76e
0002e13fffcf2
fffe58bfffb1c
000250800071e
fffdb77fffe36
000303c0000d2
00016e8000bae
0000f73fff63c
0000c68000c20
fffcbd000057d
fffe3a4000302
00020d4000634
fffc6a3fffd6c
0000af0000686
000352ffffc68
00029480005c8
0002ef00001c1
fffdc640002da
fffee97fffad2
000131bfffb38
ffffd83fffd56
00018f0000726
fffdc6c0007a4
ffff6e8000988
fffde980002bb
fffdff800065c
00010cbfff956
0002487ffff9e
ffff32ffff57a
000209bfff78e
00027500004b3
00025f3fffdb2
0002b9bffffe8
0001fd000095a
fffdef3fffd36
0002e6ffffd9e
ffff4c3fff4f1
ffff163fff828
ffff694000aaa
ffff138000eb4
fffe3f40002ba
fffe1a3fff4f7
00027bc000747
ffffe03fff7c3
0001d9ffffee4
fffe47bfff8be
0001f80000736
fffef60000c8e
ffff667fff74d
fffde2c000839
0001e600003bc
00009a3fff6aa
00021a3fffaf7
fffe0fbfff6b0
000200c000573
fffd05bfffd8a
fffed4bfff8c2
00024e7fffb2a
fffec38000bb7
ffff898000bbe
0001f3bfffecc
0002108000897
0002554000250
00004abfff476
fffe62ffff868
0001b8bfff866
00029f80005fa
0001f900001e8
fffed1bfff80d
fffe29bfff67b
000074bfffa9a
0000927fff7ad
fffd03800020e
0001a4bfffc50
ffff2e0000a36
fffd5a0000130
ffff23bfff802
0001b9bfffb28
00017a80005b0
fffced00000c3
ffff3ebfff440
fffeaa3fff6f1
fffd453fffc60
fffe34bfffdae
fffd1f40003fb
fffe4c3fffc25
ffff7780005c0
0002b43ffff94
fffff10000a32
fffda78000750
0000eb3fff869
00039100002a8
fffd61000022e
fffdeb800061a
000181c00018b
00001dbfffa95
000366bfffd2e
0001b700005e2
0001a7800032f
fffd0cffffde9
0000d34000fa1
00015c00007b0
ffff0d00006e6
0002da8000290
fffd8d4000269
0001c80000876
0001807fff5fe
fffd963fffe08
00027680000f6
ffffd7ffff7e8
0001c5ffff842
ffffc87fff64d
00026a3fffe56
fffea0bfff5d5
fffde600007ae
00000c0000d4e
fffe3a000006a
ffffe3bfff52a
0002ef40001dc
0003063fffefb
fffd878000574
00020040007df
0001bbbfff6b5
ffffe43fff864
0002873fffdaa
fffe643fff6b2
fffe10ffff692
0002a8800030e
0002413fffd7f
0001797fff9d5
fffd90bfffa6c
fffd56bfffe7c
0000710000a0d
0001e53fff8ac
fffe11800079d
0002568000003
000139c000701
fffd9affff486
0001bebfff5e8
fffff18000952
ffff7f3fff5b6
00014780004da
0001ec80005e8
000000000099b
000335bfffcb8
0001da3fff90e
0002c2000082a
ffff98c000ac6
0003133fffe07
fffe0e0000784
00034700006d9
0000193fff386
000205bffffe4
fffde50000851
fffd06bfffb78
0000460000998
0000d8c000966
000152ffffa7a
0001af40002e4
ffffae4000a7c
0000158000a93
0001d5c000703
fffef380009f0
ffffa47fff6eb
fffcc580002ee
fffea03fffbef
fffcec7fffa92
00007d3fff801
000263bfffcfe
0002347fff848
0000977fff50e
0000e53fff716
ffff903fff968
0003417fff92e
fffe1680008c2
0000900000b8e
fffeed7fff875
fffe1ebfff938
fffed80000974
fffd913ffff0c
ffffd6bfff7c0
0001b980005d7
0001a60000564
000063bfff76b
fffd9100001de
0002983fff92a
fffe6abfffe60
fffca08000187
fffd4940002c5
00013180003ea
0001b5bfff706
fffd64000003d
fffe0b3fffef6
00017b8000a5e
00015affff4d1
fffedd3fff706
0002413fffc34
0001a13fff89a
fffdcf7fff8c7
00000c80005f4
0001a7400085e
00018bbfff780
fffe8900009b2
00020ac000127
00018400003cc
0001868000702
fffe4100009cb
000050bfff70b
0000860000bde
0001f08000805
0001f5c0004c8
00031c8000136
fffe4a00000ee
00016bc00078a
ffff1e80007a4
0001de80002d6
fffec9bfff6f6
0001764000547
00024380004bc
fffce400000bc
ffff997fff79c
00018680006e8
fffde1bfffc9d
00007ac0008ed
fffd0d00003a8
fffdb200003f2
ffff3c80008da
000258400046c
fffd0a40003a6
fffe74bfff7c8
fffd9c3fff78d
0001e6400032a
fffd46400061c
fffdd5000068a
0002207fff4a9
0001ba3fffca6
000349bfffcc1
0002febfff8b8
0001df8000844
0001bb800004e
000334bfffcb7
0002aabfff770
0000c1ffff8de
ffffb10000877
000283bfffbf4
00031a3fffc99
00015fffff5bc
fffeab8000e21
0000620000bc6
00010e4000764
fffd913fff8e0
ffffd1c000ad4
fffda800002c8
fffde5bfff6a8
000283400092e
0001de8000202
fffd594000386
0002304000732
ffff3380009f6
00022b80001b2
0000813fff576
0001b1c0005f2
fffe768000901
00022dbffffe9
fffd9d400020a
fffe483fff59e
fffe4d8000644
0000d3ffff5ae
0002ecbfffb6d
fffe8c8000758
000119bfff24b
fffd2b400002e
00005e0000858
0001600000973
00019e800033c
0002c1bffff72
00011d0000b14
000131bfffb16
fffd373fffbd8
000073bfff468
000209bffff15
00022800006c0
ffff918000c0a
ffff61000092a
ffff637fff09b
00021d0000804
fffdbfbfffb05
fffd083ffffe0
ffff23bfff4ba
0001078000a3f
ffff6a400064a
fffccc7fffe95
000060c000d03
000194000072b
000262c0000b0
fffce7bfffd0b
ffff5ebfff594
00021cbfffeb3
000166bfff88c
fffe50bfffd0e
0002a17fffbac
fffda90000700
00009cbfff7a5
ffffcbbfff585
0001718000492
0001bc3fffa34
00021000004b6
fffd5280000a8
0001268000de7
0000863fffa36
fffe64bfff8c8
fffdcabffff90
00001b0000d6e
fffe198000644
00013abfff845
fffd583fffe53
000148800070c
00021e800089c
0000a63fff5c9
fffff2bfff43d
0000a00000874
0001588000abd
000120bfff99a
fffddf000035a
00023f3ffff37
fffd8f0000670
0000f2ffff5dd
00013abfff706
000255bfffac8
fffe168000530
000235000054f
0002c0c0002f5
00029d3fffa77
fffe608000945
0000b9bfff3a4
ffff708000a07
fffd91c0000c2
fffdb500004c5
ffff234000990
000010c000b15
fffe743fff768
fffd490000401
fffd9fbfffa7c
0000abbfff264
fffe7b000018a
0001d24000822
fffe668000724
0002270000495
ffff0bffff434
fffea13fff84e
fffdbeffff612
00024740001dd
fffe8abfff572
fffef58000444
fffec88000a3d
00000f000099b
ffff1cbfff4de
000277ffff772
fffe7e0000a4f
0000b23fff50a
fffdb6c00057d
0000edc0007c2
00019affff99e
fffec0bffff28
fffd9f000033c
00017b000098e
fffe1ebfffb0f
fffdad3fffdf4
00026e800004a
0002218000590
fffe7b80006ee
00024680003b4
fffed43fff8fc
000228800055c
000242c000441
00008bbfff359
fffd9f0000304
0002277fff8dc
0001bf3fff6dd
fffff78000a6d
0001118000d1d
fffe78c000543
00028300002dc
0000a3bfff605
ffffd2c000c1a
fffdd100007e4
00001a400092a
000006bfff3b2
0000f5000081e
000228bfff9d9
fffdf63fffa37
00003a0000dcb
00027f3fffdb8
fffdf77fffba0
0001913fff5e2
ffff9f3fff782
fffd20c00026d
fffe36bfffb5c
fffd81bfffca2
0000878000c17
00006800004c9
fffe2b0000962
ffff0d0000692
ffff763fff259
fffe39bfff5bc
fffe7f3fff7b5
00020bc0000de
fffd6d000006f
000316ffffae2
fffe7540004ac
ffffb280008ca
fffcd7bfffe90
00003a3fff4cc
fffe223fff6d5
fffeb88000797
0000abbfff6da
fffd8e000019b
00018040006fc
00024ac00058a
fffe520000437
0000eb8000a8a
000144c000923
0002b640003fc
ffff4ebfff37e
0000ba8000a0a
fffe393fff9a1
fffcbabfffc20
0003380000127
fffee53fff679
00028b80007bc
0001d4c00065e
000006bfff6e8
fffda9000028d
fffe780000920
000188bfff9da
0002d180000b7
00025d3ffff03
fffe6900006dc
fffe7980006e0
000036bfff110
ffff863fff444
0001c30000748
0002fb400066e
ffffea0000788
000074bfff8e9
fffe1b0000520
0000e4ffff78e
fffd4900001ae
ffff70ffff39a
00010effffd89
fffead8000c3c
0001cb00004b8
00019f3fffc9c
0001968000548
fffef8c000bc9
ffff858000a8a
00022fbfffba8
fffef9ffff9bc
0000ac7fffa7d
fffdbe3fffed8
0000a08000591
fffeadbfff464
0002b70000231
ffffa5bfff403
0000600000808
fffd7f4000444
0002a880006bc
ffff4bc00084e
0002c8bfffa8b
0000c9000090a
fffd23bfffe8c
0000c93fff514
ffffcfbfff579
fffdd28000214
fffd86bfff86a
000095bfff533
fffee2bfff664
00024e80006cf
fffece4000741
0000503fff484
ffffc77fff83a
fffeb9bfff636
0001cf8000845
fffc9700003a6
fffddf800014a
fffd66400071a
0001c33fff6c2
0000b3ffff354
fffd9f7ffffc8
fffe433fff85e
fffdae3fff9de
ffffe9c00098a
ffff0f7fff41a
fffec4bfff8ac
0000743fff76d
fffc8cffffe64
0002073ffff3e
00024d00007b4
0001d53fff3b7
0000820000721
0002213fffdde
00015c80004ae
0000c6bfff704
ffff1f4000bc8
fffff80000bf3
0001f63fff56d
00022200005a8
000272800036c
fffd084000402
000297bfff730
fffd733fffadc
ffff360000945
00013000007f7
0002363fffa02
fffe8440006fa
ffffedbfff857
ffff877fff80f
00018280007d4
0002a2c000383
fffd60ffffdd6
fffe1f0000339
0002143fffa14
00014b3fff7ee
000000bfff8df
0000b40000a50
0002500000748
fffefc0000560
0002bd0000232
fffe16800005a
fffefabfff676
fffd773fffb7d
00027200000b6
fffcc080002c4
fffd86ffff609
fffd297fffc8c
0002d80000208
fffff8400070e
fffdeabfff3f8
fffd7dffffaa8
00000bbfff50f
ffff6dbfff433
0002903fffc86
0000d17fff7be
00020c80000e2
0002243fff81e
0001c50000717
0000c6ffff614
ffff470000544
0000c48000d4a
0002187fff9b4
00023900004e2
ffff7f7fff4a8
000265bfffd90
00019280005f4
ffff7e8000849
ffffc60000a62
0000084000be3
fffee6ffff9d8
0002be00005c8
fffff64000a12
ffff5e3fff74c
0001b7bfff99c
00026d800075a
ffff6cbfff51a
fffd6300002f2
fffed1bfff7fd
fffe0a3fffc1e
fffd1f3fffd8c
fffcd17fffe63
fffe373fffa28
00013cbfff4d2
fffdd2bffff36
ffff993fff528
fffe21800074c
000137bfff7de
0000a5bfff273
0001960000b2c
00024bbfff9b8
0001ce3fff65d
0000773fff626
00015c3fffbca
fffe2700009ec
00016b3fff578
0000d90000676
0002e2ffffd6e
0001270000652
fffef780008f5
ffff080000a2e
0002b83ffff82
fffe77ffff86b
00029980005e4
fffcd03fffe5b
0000ec000094e
ffff1fbfff77d
fffd15bfffd03
fffffabfff5c2
0002383fffd5c
fffde57fffb9f
00013b7fff0e2
fffddabffffca
00004d400061c
fffdc04000658
00029ac000402
0002604000336
fffea63fff606
000235ffff70e
00012c3fff82a
fffd5f80000ab
ffff7c00006fc
fffe64c00061c
000156ffff586
0002a14000260
fffcc0c000540
0001b7800088e
fffdc23fffa37
0002363fffe58
fffd53000062a
000161800072c
fffdf33fffc38
ffffe9bfff524
fffd64800026c
fffe1d3fff58e
00014abfff9fb
ffff6ac000aab
ffff0f7fff588
fffe1580007c2
ffff2c0000b52
ffffab3fff56a
0001240000bf6
fffda63fffa74
fffea8bfffa34
00002e00009a8
000029800031f
0001288000a06
00026440006b4
000048ffff816
0001eabffffa6
fffec5bfffa26
fffdfebfff969
00028a400053a
fffd88c000146
fffed87fffadc
ffff7a8000592
fffd658000023
0003403ffffee
0000f6ffff4b0
00007bbfff6e0
000229ffffc23
fffd9b00004a7
fffe313fff48d
0001ff80005a9
00001cc000af2
0002803fffc00
fffd9a8000529
fffe52c00098a
ffff298000c6e
fffdc48000488
fffea73fffa58
00018f8000290
ffffc68000974
ffff12ffff5ca
fffe93c0007fa
00029a80003f1
0002488000268
fffec3bfff570
fffec43fff89c
00016c80002e8
00000f80008ec
0000ac8000863
0001d60000a5f
fffff5ffff5b0
fffd490000316
fffd81000018e
0000a04000833
000129bfff58a
000073800077e
0001f93fffd66
00022cc00094e
00017600000f9
00011bbfff3ca
fffd2bc0002b0
0001cfc00086f
0000933fff64e
0001b33fffe8a
0001e0bfffef9
fffe5e3fff7a6
000153bfff8ba
fffeecc000a6e
0002597fffc65
fffe81ffff616
00012dbfff43c
ffffcb8000b90
fffe8a3fff222
fffe1280004dc
fffebb0000abc
0000633fff6bf
ffffda3fff54e
0001ec7fffa27
000141bfffb2c
fffc803fffdc0
00029a7fffb78
000066c00078a
00011a3fff589
ffffa600004ea
00004cbfff396
00019b3fff872
fffe7840008a2
fffd9300000d6
0000a54000cba
000174c0003c0
00027f00003f2
fffd8080000a9
fffca50000248
0002963fff84c
00021980004c9
0001ff0000166
ffff40ffff696
ffffb23fff7b4
0002e2c0002e0
fffc9580002d6
0002f9bfffeaa
fffdb080006d9
0000f13fff6b4
fffff93fff786
ffff43ffff5f2
0001dbffff8ca
fffe894000822
0000053fff30c
fffd9a00003bd
fffdd680007f6
ffffa700007f6
0000058000992
0001a6000094c
00013c3fff51c
00024200004fb
00010b7fff52a
00026f7fffab0
0001e73fffd95
00013f3fff708
ffff873fff38c
ffff8dffff45b
fffdd23fff95c
fffcfdffff9c2
ffff6e400098b
000143c000932
fffe9c3fff6de
00020780005cb
fffe5bffffbb2
fffd2e80004fd
fffe6e80007b8
fffede800053c
fffef28000a52
ffff76bfff80c
00024d0000540
000222ffff966
00031140001b0
000263bfffd92
fffe6abfff7d2
fffef4c000a38
0000443fff6d0
fffee73fff970
fffebf000034c
00028a00006be
fffe7380001ba
0002d4bfffbf3
0000c280005be
0000e5ffff666
00008d3fff540
fffe288000198
00020ebfff8fa
00006f3fff617
00009f3fff5f6
fffe59bfff507
0000f23fff740
fffe924000918
00035d80005fc
ffffd7400087e
0001ddbfffe92
fffdfa0000b16
0002b63fffdd2
000295bfffc25
0001b4ffffa08
fffec80000a22
ffffb5c00082c
00002d0000cbe
ffff0e7fff754
ffff1f4000bb0
ffff724000776
fffe9c80002fa
fffde90000492
0000b6ffff31a
ffffe6c000a04
ffff9d3fff7e6
00010d0000675
00017a3fff752
0000a7bfff779
ffffd60000a16
00015580008a1
fffe30ffffa0c
fffd63800025c
0000137fff714
000184c0009ba
fffe49c0007d2
0000d23fff410
0002df3ffffec
fffe728000636
fffdcabfff9ef
ffffc5000089c
fffe09000012e
fffdefbfff479
ffff488000c68
000043c000a52
fffd340000382
0001ed00009ee
fffe908000742
fffe68bfffcca
0000183fff7a5
0002b33fff9ce
fffdd70000714
0002b7c0000cc
00002dc000741
00019300004dc
fffda8bfff9e5
fffff8bfff27a
0003313fffd56
fffe30000073a
00019c0000374
ffff8f0000bd2
0000d300009ba
0002003fff984
fffe2c000098f
ffff2a0000917
fffdf40000038
0001ad3fff8fc
0001337fff438
000050ffff7ad
000200bffff74
fffe83bfff61a
ffffc700008ba
000290c000233
0002a1bfffe2c
fffff30000074
000017fffffcc
0000953fffd03
00005a0000016
00008e80000ff
000048ffffdf0
ffff8a0000010
fffff03fffd24
000040800012e
00008e8000062
00001a000014f
ffffefc0002b0
ffff89bffffbe
ffff57bffff87
00008e0000022
0001ce8000218
ffffcd3ffff69
0000923fffcfc
00001a800012c
0000fb800005e
000002fffff40
ffff8c3fffe4e
0000c8ffffbd7
000017fffffec
00000800000c8
000011800008e
0000be3fffc82
ffff9280000b3
0000debfffc78
0000493fffe84
ffff678000158
ffffae400000a
ffffbc80000b3
ffffab00000e0
ffff55bfffe50
000066fffff40
0000aa0000088
00000900000fc
000061bffffbf
ffffcd000006d
ffff45bfffe70
ffffe7000001c
00000f3fffb99
0000b83ffff05
ffffd1bfffe30
ffff663fffc30
ffffc03ffff6b
00001840003e6
ffffa53fffc82
ffffdf8000326
ffffe280001c8
ffff6b0000293
00016e8000140
ffff2e7ffffc0
ffff68800004e
ffff0ac000358
000094ffffde0
0000330000095
00000f0000083
00004d0000119
ffffb73fffe1c
00009ebfffea2
fffff98000034
000009c0000e1
0000050000210
ffffd40000168
ffffad3fffef8
000003bffffc5
00000d000007e
ffff2a800000a
00003fbffff86
00004f8000068
fffff8bffff63
000083800002e
000079800007d
00007bbfffed3
00001abffffcf
ffffca0000530
00000c40001e0
00006b00002de
0000573fffee3
0000c00000154
00004a7fffd04
ffff6a000007e
ffff308000034
ffff263fffe06
0000490000272
ffff77bfffe68
00008effffe21
ffff9e0000232
ffffe20000268
ffff907fffca7
ffff787fffe77
0000038000010
0000418000060
0000533fffcd3
ffffe7c0000b6
fffff3bfffdce
0000528000120
00008e00003ef
00002bbfffce1
0000ad7fffd29
0000c0000000e
00003e000018d
0000ac7fffd6e
ffff2400001cf
00000e800012c
ffffbc000018b
0000a1c00008c
ffffb43fffe2c
ffff387fffb86
ffffcd80000fc
ffff2f000030a
000086400027e
ffff853ffffab
ffff7f80000ac
ffff720000023
00009c8000059
ffffa540000a4
0000a07fffe8b
ffffbfbfffd81
0000710000088
ffff9bffffcae
ffffcfbfffff1
fffff2000017d
ffffa63fffefe
ffff9a000029e
ffffacbfffe4c
ffffafbffffd2
00003cbfffd14
0000284000186
ffff6fbfffe66
0000a98000114
00003b800004f
ffff018000148
000069ffffdb2
0000728000328
ffff99bffff80
ffff6380003ca
00001c0000821
ffffb28000061
ffff5d40000cf
000143000022e
fffeea3ffff7c
ffff44000022c
ffffb7bfffe34
fffeb8bfffbfe
0000ea0000070
00001600000f2
ffffd4800033e
fffef63ffff8a
00003b3fffc70
00009f00000d6
ffffce8000203
00000f4000187
0000fa8000028
ffff8b8000058
0000160000118
00001d7fffe85
00005a0000149
ffff7640001ce
000061bffff9e
000035c0004ed
ffffbc0000215
fffffd000015e
ffff8f000004e
000095bfffe42
0000968000206
0000793ffff84
0000b5000016e
ffffc2fffffd5
00003c80000ca
00001f3ffff0c
ffff4c0000258
ffff790000166
ffff6140003c0
ffff7e00001d6
fffefc00000e8
ffff7a0000062
000049800036d
00001ebfffffe
0000467fffe1b
ffff300000251
000110bfffda4
00005f8000052
00009880001f4
00001600001ce
ffffa7c0001a4
0000054000028
ffff6d3fffd89
0001133fffe9c
00001abffffc0
ffff787fffb2f
fffebfbfffe02
ffff0900000cc
00001a00000ae
000069bffffe9
000009000032e
00003dbfffe52
0000740000064
0000287ffffec
000036bfffeef
0000953fffde4
00004700000f0
00000a3fffe86
00005c7fffe9a
000049bffff70
ffffbc00002f3
ffff94bfffff3
0000763fffd34
0000737fffe4c
000001fffffce
ffff80bffff16
00006b0000101
ffffd400004f8
ffff9c800025e
0000027fffffa
00002affffdae
ffffbb3fffd7c
ffff57800011f
ffffab0000172
ffff12c000252
ffffde0000211
fffff640001a0
000086bfffbc1
ffff587ffff8b
00004b000015b
ffffb57fffc78
0000f480001ba
ffffe8bfffd18
00010f7fffdfa
ffffbeffffdc4
ffff5affffbd3
ffff89800031e
0000e93ffffa0
fffed1800034b
00005280000ee
ffffaa4000055
0000c680000a0
ffffe5ffffe22
00006c7fffdca
fffee7000017f
00004b8000150
00002fbfffc92
ffff997fffe8d
0000bcc0000b2
fffeb5c0002e8
ffffda400032a
00007e00002b4
0000f53ffffd8
0000120000039
000038bffff0f
ffff96000032b
0000a03fffed1
ffffb980002c9
ffff45bffff00
ffffe73fffe96
00003280000a8
0000ba0000302
00002200000e8
00011c000030e
fffef100002f4
fffee800000e7
ffffe03fffe50
ffff1f00000bc
ffffec80000c6
000037800011c
fffffb3ffff8f
000041800033f
00008a000003e
ffffc2bffff80
ffff4e0000094
ffff7e3fffe34
00006d80000b9
000008bffff3e
ffff92800002c
ffffe98000260
ffff7fc0001fc
00008b3fffec3
ffffd43ffffdc
ffff563fffe3e
000046bfffe04
ffff13c0000ed
00008b40001f2
0000fb800034a
0000bcbffff52
00008680001da
ffffed00000b5
00004a3ffffee
ffffec0000122
0000068000080
0000603fffb76
00001e40000ca
000034c000112
0000eb3ffffed
ffff2dffffdaa
ffffea00001f1
ffffd44000354
000053bfffd0e
ffffaf000033a
00001b3fffedc
ffffacfffff47
0000bbbfffdbf
ffffc33ffff2a
ffffbec0002b9
ffffa2bfffda4
0000953fffffe
ffffc17fffdb6
0000bc00001c0
ffff3c000018f
ffff98bfffe00
0000b0bfffaa7
ffff05c0001b9
00008400001bc
0000037ffff4a
00005abfffb95
00002e000015a
00003c00001f7
00006d0000058
fffec24000067
ffffcfffffe32
00005200000c6
0000b5bfffdda
ffffe5bfffcf8
000011bfffd38
000043c000199
0000a6000035a
0000518000122
ffff9cbfffe7e
ffffd0bfffce6
00001fffffe47
0000cc800028d
00003b3fffee0
ffff9fbfffd2e
ffff7c00005e8
00001b7ffff22
ffffda3fffe2d
ffff948000292
ffff8080001cc
0000130000022
00005ec00004e
ffff3ac00002e
ffffcf7fffe0a
000002800006e
ffff84c000079
0000c340001bc
ffffc37fffecb
ffff4bbfffdfa
00000500002ff
fffffe3fffe8a
00001e000005d
ffffc98000192
ffffa2800019e
000075400010e
0000c300000c6
ffffec00004e8
ffffc6800009e
0000093fffadc
ffffe18000372
ffff59ffffe71
00005b800004c
ffff8f80002cb
0000798000033
00004fbffff7e
000142bfffe23
0000d2400000c
ffffdb0000007
000063000015b
00003bbfffdec
fffff1800048e
0000233fffbda
000022c0001ba
ffff013ffff6c
0000430000332
ffff86bfffdb1
0000158000068
00002680000ca
000020ffffd15
0000b5800023c
00005d3ffff5c
ffffc5bfffe7a
ffffbcbfffd25
ffff9fbfffee2
fffedd7ffffb4
ffffbc000032c
000047bffff9e
ffff344000087
00009e7fffc7e
ffffe93fffe04
000070000039d
0000260000075
fffff30000222
ffffa2bfffedb
0000198000082
ffff35000011c
ffff4d3fffc2a
ffff8b3ffff34
ffffddbffffee
ffffc1bffffc0
0000033fffffa
ffffe48000045
ffffe580001f0
00000a0000490
ffffcac000166
000041000017a
ffff99800000b
0000447fffeb5
fffd1900003e3
0001048000f5c
00021580003dc
ffffab4000b98
00035effffb7e
fffe718000674
fffe213fff934
fffc417fffff0
ffffa0ffff4a2
0001598000b54
0002948000856
fffe4600000a8
ffff46bfff83b
0001da80009e8
fffebc3fffa34
0000034000d24
fffd6d00001e0
00007cbfff72c
fffecfc0007ac
fffcd47ffffbf
0002fb3fffdec
fffdea0000511
ffff99c0009f4
fffcdb0000023
0001ba8000ab6
000125bfffa38
0003028000436
fffd95bfffd2c
ffffd4800093c
fffd7f000049a
fffed8400084c
00024fc0001fa
ffff127fff3ec
0001947fff922
00021300004ac
00005bbfff3e6
fffd9c80002f8
0001cdffff912
fffe4c3fffa38
0000333fff511
fffcd5c000414
fffe2d000082c
fffe85bfffaae
fffff9400069a
0000cd0000b40
00028d3fffa04
fffdffbfff9ed
fffcc3c0000ea
00027c7fffda6
0001238000b9f
fffec98000964
fffd8b3fffd80
fffc99bffffc0
fffe1c800067c
0000e8bfff580
00031b0000416
0001cbbfffdb4
fffe2780003d2
0000e63fffd0c
ffffd78000724
fffd4f40004a8
000254bfff5d6
000010bfff437
0002a18000144
0000518000be2
fffe9600007bb
fffcf0ffffdfe
ffff61c000b89
00003fbfff6c2
0001c63fff85d
00019a7fff684
fffd53bfffc34
0002fb7ffff42
0000a400007b7
00028280001cc
000080bfff82e
ffff80ffff666
fffec8c0000f6
00022a0000821
00008b800089a
ffff323fffb4d
0001760000995
000151bfff7e8
0000e98000e4e
000208bfffe05
0001b03fff8c0
fffda33fffb1e
00032680001d4
00006a0000890
fffebd0000480
fffea68000b9d
fffd178000075
ffffedbfff254
fffe623fff95e
ffff9f8000907
00002e3fff609
ffff9abfff62e
fffe54bfff701
0001a1bfffa56
00022800000f6
ffff083fff6bf
00016dbfffb90
00017e40004ed
ffff158000a18
0001ee3fffed8
fffe4a3fff818
fffe9a3fffbee
0001c7fffff27
0001fabfffeb9
00010e00006ae
00019f3fff702
ffffab00009cf
fffe45ffff3fc
000155bfff80d
fffea84000b00
fffdddc00000e
000216bfffd1e
ffff753fff5b9
000221400028a
fffdbc8000554
0000d08000c10
fffe1b4000464
fffe44bfffba8
0001ea3ffff09
fffedbc000123
fffe1a7fff7e2
fffdc5ffffca2
0002ebc0003d8
ffff89bfff5f0
0002ac3fffa74
fffe6f800086d
fffd514000109
000107bfffb28
0001f6c00050c
fffe980000b73
fffdfc7fffdfa
fffe2800002bc
fffe29bfff798
fffebf7fff83e
fffd720000056
ffff613fff5f8
0001adbfffbcc
fffdbb3fffbc6
fffff73fff535
fffd7080001aa
0002168000812
fffdfabfff970
ffff4e80008b2
000325bfffd18
fffd40bfff92a
0000d2bfff271
00025c3fffec7
fffd4fbffffb4
fffe1affffa18
0001bd80003a3
00004a3fff784
0002a5bfffdd5
fffe5240003ee
fffe7f800093a
00024800000c0
00014dc000a6c
0001c700007e8
000075ffff54a
00029800003b6
00008b00009c4
fffed7bfff845
0002de00000eb
0002f00000409
00005fc000a28
00003a0000898
0002443fff870
fffda1bfffae6
fffd1e00007b5
00025ebfff8dc
00027600004f8
0000c4bfff60d
000143c0008b1
00017280007ee
fffef50000a25
0000aabfff5c4
0001f03fffe2a
fffe72bfff759
fffdc9ffffc08
fffe03bfffff1
fffd73c0001cc
fffebbc000556
fffdc23fffa4c
fffed30000866
00007b800087e
fffd158000611
000154800043a
fffe3ebfffe4e
ffffb43fff155
fffe60400061c
fffd487fffcae
0001d640002f1
00019200008e2
0001dfffff933
00017e7fff986
fffe2280000e2
00012d000077a
fffdd7c000445
fffe263fffdc4
0000acbfff61d
fffd513fffe37
fffdb080005fc
000165c0005be
000052bfff6b0
0001fbbfffb64
fffec33fff6b4
fffe6780004ba
0000697fff7e1
0000313fff65e
fffea200004f2
fffd1f3fffbea
0003103fffdcc
00014b0000648
000224bfffa1a
0001cec000148
00009d0000880
0000628000bb9
fffe53000070c
0000a37fff778
0000bebfff4fe
00004c4000d32
000267ffff8f3
000113bfff796
ffff5ec000b2a
fffe5d8000368
fffde63fff8a4
0000c33fffa3b
00033a8000420
0000c58000890
0001e3c000685
00027cc000491
0000798000c44
ffffcebfff5ec
00016ebfffa68
ffff5180007fa
0000f9bfff687
fffef1bfff678
0001b6ffff9bb
00021c8000496
fffd3cc00000e
fffe5e3fff951
ffff1b8000580
0003180000370
ffffb18000aea
0000fe800052d
fffebeffffd30
00025b0000528
ffff050000acb
0002d2bfffdde
fffe180000471
00026e40003c7
ffff8f0000474
ffff2d3fff871
fffdc43fff607
0003178000a33
fffd473fffd62
fffe048000036
fffea8ffff3e2
0000f33fff794
fffdf83fffe66
ffff0e0000610
000294bfffb8e
fffed58000877
ffffe04000d56
00028a7ffffaf
fffedebfff758
fffe73bfff839
fffde6400000e
0001184000910
000203bfff7c0
00018580003a3
fffdff0000035
000077bfff6cc
fffda0bfff5b0
ffff8140007e0
fffd2c3fffd38
ffff8f3fff9a5
0000970000d1e
fffeb8bfffd5c
ffffe33fff2f0
ffffa6c0008f2
0002803fffb72
0002520000516
000112bfff119
fffdcc00005e7
0000bd80008a6
fffd40bfffccc
0000378000add
fffd67c000630
000217bfffb24
000261c00069d
ffff9e40007d7
fffe01800052b
0001fd000089e
ffff71000091a
00018f3fff55b
ffff4f3fff57e
fffe2400006de
00011c3fff7be
fffd6ebfffeb5
ffffcfbfff4c1
fffdfc00007ba
fffe24bfff889
0002cbbffffa5
0000e80000974
fffeda400076d
fffd4d7fffa04
0000210000e18
000274ffffe84
fffdb7bfff7ca
ffff42c000986
00005a0000789
0002943fffcef
fffe47bfffada
fffdd5bfffa5c
fffd943fffcac
000173bfffbb3
fffdc5bfff9f0
000040ffff2ea
fffebc0000a49
0000b28000cec
fffe387fff3b2
0002188000484
ffff87ffff426
0001228000c60
ffff3cbfff752
ffff8e00008db
0002cb3ffff8c
00017c7ffffbd
ffff307fff5cf
fffe30bfffde5
000260000021e
0001ffbfffed2
000181bfff4e4
fffef80000930
ffffa98000b83
0000af0000864
fffe0bbfff423
fffe5e80006f6
ffff6500004e4
000395bfffc11
fffe983fff95d
00016bbfff50c
0000d9bfff67c
0000360000bb8
fffee6bfffa2e
0002398000260
00009900007ef
00009100006fa
fffcdd0000516
00026e000027e
fffd98bfffe7e
00000c8000a36
ffff35bfff6e4
fffcdd3fffd9e
fffef1800066e
000057ffff474
fffde63fff8e0
fffe543fffddf
0000210000b82
fffd5f800040e
fffe14c0009ab
ffff3d000080a
fffd763fffd55
ffff794000b36
0001888000732
0001a280001e0
fffc6a0000168
00011800007b2
00024effffabf
000144ffffc64
0000633fff5a2
00018c000094c
00016effffb38
fffee87fffaf0
ffffff4000e96
0000618000a3e
fffe4fbfff774
00017a80003ae
ffffef800096d
fffd4e0000258
fffe260000478
ffffe0c000672
ffff26ffff600
0002b6fffff11
fffe35bfff623
fffef18000b17
00006b00007de
ffff68ffff5b2
fffe1380004ae
fffdc9bfffd71
0000a43fff888
000225bfff9fc
00010200005d0
fffd69bfff885
000013c0008cf
ffff230000142
fffd9e800023a
0001ae7fff8de
ffffe03fff59c
fffdc500007e2
fffe55bfff8e4
0001573fff9aa
fffdcebffffd2
fffd928000343
fffea5bfff63a
fffea67fffc53
fffd393fffb96
ffffb17fff50e
fffe96bfff99e
0001093fff31a
ffffbaffff5e8
0003d0ffffd58
fffe1e4000578
0000983fff6c2
fffc9cbfffc5b
fffd5100003e8
00021c7fff744
ffff15400060a
0000317fff7d9
00005e0000ce3
fffe6e8000ae5
0002a68000615
00023b7fffecc
0000fd0000738
0002653fffa07
fffe8380007f2
0002a2bffffb6
0002e2bfffcf4
fffdb47fff8de
000228c0003f0
000224bfffe58
ffff6e7fff5da
0001b9c0005b0
fffddcffffc4d
00000f8000bf6
0000ad8000b4e
fffddabfff886
00013abfff8d8
00004a3fff5bc
fffd0280002a7
0001a0bfff8d5
fffe6effffadc
ffffd20000986
fffce98000234
0001e87fff5b9
00019f3fff599
ffffc63fff4d2
fffdc180000a7
0001d2ffffd10
000147bfff37b
0000f13fffaba
fffcd540004a6
fffdca8000497
fffd023fffbdc
fffff80000b7e
fffd5200002dd
0001f43fff6e6
000126bfff690
ffffafc0008d2
000082c000a55
000193ffff9dc
0000d03fff5a6
fffee88000738
fffe0180003da
000276bfff740
00026a4000574
ffff6d8000c29
0000370000a6a
000189ffffae1
000277800079e
fffdc30000255
0000a140009c5
fffdba8000936
0002888000036
0001adbffffb4
fffd4100000e6
fffe42bfff6ea
000262c0004d2
fffcef3ffff96
ffff03ffff3ba
fffdff3fff8d0
0001a8bfff5b4
fffe3fbfffa97
0002c5bfffebc
0001e00000975
fffd5ebfffa35
fffdfa3fffc24
ffffd5bfff8c4
fffdce80009fc
0001c940000c4
00003dbfff5a2
000200bfffcc4
fffe508000759
0001a03fff3e8
00005effff7f8
fffedb7fff632
00021a00003f8
fffef17fff8f6
fffe0d3fffeec
fffe403fff897
fffdecbfffa0e
000105bfff79e
00007a3fff7ba
fffd25800029e
fffdc10000862
0002d0800053b
00005bffff39c
0000f64000a54
0001d80000a85
fffe0c0000964
00025580000ea
fffccec000397
0001828000686
ffffc68000a03
ffffabc000d9b
ffffa74000a3e
0002d73fff9a6
fffd7a3fff860
fffd47ffffc3c
fffe77bfff3d7
fffe68800050a
0001d38000678
fffd2a3ffff9c
0000948000c76
fffeeebfff504
000063ffff854
fffe78c0009d6
fffeb13fff5fe
0001b3bfff5f8
fffe114000664
ffffae0000b20
fffe1c80003b4
fffd7ebfff8de
fffeca00008f2
fffd017fffed0
0000dd80009cb
fffd5200003ca
00014d7fff5ba
0002aa00000ce
0001030000a6e
fffdebbfff7f0
fffd693fff991
0000943fff7d8
ffff65bfff587
fffe083fff8a2
fffde2ffff85c
ffffd080007de
fffd464000200
fffeb10000766
0002413fffa02
0001793ffff90
0002600000364
00024bffff840
fffe09bfffe8a
ffffd8c000b40
0000817fff5c4
fffe76800087a
fffebac000957
0001967fff832
000255bfffcd2
fffec38000452
0002ff40003f2
00001a8000e6e
0002493fffb05
0001763fffb80
00016cbfff53e
0000363fff32a
ffff5bbfff717
fffdc00000735
fffd48ffffc26
ffff4000006e0
00001c4000a54
ffffb9bfffa4c
fffd9effff9d0
fffe3cbfffdb6
0000f98000c74
0001d2bfff6aa
fffdce8000927
fffdaa8000104
00028d0000123
fffdb68000405
00025400005fa
fffdfd4000009
fffe983fff5f8
000193bfff7dc
0001a03fff874
000237bfffe32
fffee6bfff7f0
fffdedbfff622
000158bfff7d6
ffff624000a3c
000292ffffe3f
00017e80006f2
fffdd0bfffc93
ffffb68000a1e
00025d3fffb0e
00012e3fffbf0
fffdff8000770
00008d7fff65e
0001de3fffe54
fffed53fff980
ffff240000ae5
0003ddbffff93
fffff73fff53e
fffe13bfff8b2
fffef0c000a87
000049bfff82b
ffff6fbfff662
fffd798000970
000168bfff664
fffda7bffff6c
fffe8480000df
fffe90bfff9b2
0001f6ffff992
000095bfff453
fffff2bfff706
fffe140000931
fffdac7fff9c6
fffd503fffc8a
0001f53fffc2a
00015c8000588
fffe630000a40
ffffbb00005fc
00012040005bb
fffe5d0000646
fffe1a8000605
0000a7000080a
0000ac00009f8
0001c3bfff7e5
fffe15ffffbb0
fffe82bfffe68
ffff7e3fff7c1
fffe64c0005fc
fffe4fbfff910
fffcedbfffdca
000254ffffa52
0001920000b0c
fffe50bfffaa0
fffe713fffe02
fffe963fff603
fffe16bfff808
00021680007aa
0002ee800007a
fffe773fff544
0001598000691
000211800069e
fffdeabfffec2
0000ce0000ad6
fffe68800087f
ffff2100005b7
fffdc5bfffee2
00016e00004f7
fffe620000838
00013d3fff756
000227000001f
fffd9580001a5
000285bfff9d6
fffd4d3fffb64
00007d8000951
ffff7bffff57c
fffdcf00005b8
ffffab8000794
00025c3ffffa4
ffffdc3fff36f
fffdd380006cc
0002abc0002b4
000324800044a
000185c0005fa
fffdf040008c0
00024080004f3
ffffda7fff251
000266bfffee9
0001fa00005fe
0000e23fff63a
000050bfff3c4
fffd7700002fa
00024c7fff918
ffff68800081c
ffffe5c000988
00004d0000ba9
0002563fff80e
0002a68000138
0001047fff84a
000177bfffa4e
fffde100005d3
fffed000008ac
0000aebfff878
00011d800085c
0001f4bfff869
fffda98000a88
0002b540001aa
0000818000728
0001cebfff501
0001ebbfffaec
0000af3fff86a
0000ed8000b5e
fffe8b800026a
fffcf5bfffb78
fffd768000186
ffff7fbfff58c
0001deffff63b
0000f1bfffac8
ffffaf4000cd4
000122c000b33
0001fc7fff967
fffd7c3fff9ec
fffdc78000268
0002a5c0000d7
fffdf1ffffcb2
000222000063e
00026ebfffd8e
000085c0008d1
00026fbfffd9c
00020fc00043e
0000c33fff70c
fffc7e000031c
0001b1ffff90a
fffd4c7fff90b
fffddc3fffcda
fffff70000850
fffe91ffffd38
0001213fff94c
fffe267fffbcc
fffd89000027e
fffe293fff8ac
fffed5c000722
0000af3fff57e
ffffc23fff7cc
0001d53fffc8e
0002588000617
fffd8e7fffe16
fffd98c0001f2
000191bfff65b
fffebc3fff974
00026fffffed6
fffdf9800097b
0001bbbfffc19
fffe1ebfffdea
000021bfff406
fffd14c0001b9
fffd5f0000464
000184bfffb4c
0000187fff542
0000f7000079a
0002a63fff80c
fffe2d0000814
0002b2800039c
fffdc50000132
ffff333fff4f3
0000353fff75a
fffed88000adc
ffff093fff553
000182bfffa4d
fffd83bfff84d
00001c3fff734
fffdb98000308
ffff3d3fff602
000103bfff48f
fffce88000076
00008080005ba
fffe138000542
fffe7580009bb
ffff638000a3e
fffdee00004f3
fffe6f3fff69a
fffd0abffff45
0000a17fff561
ffff9abfff7d4
00019cbfff8e9
0001e58000316
ffff9fbfff75c
fffeab3fff439
fffdeac000754
fffcdd3fff570
ffff1fc000b93
fffeea3fff64e
000117bfff9e1
00010fbfff67e
ffffb48000aee
fffe39bfffef0
fffe6cbfff95e
fffdaf3fffdd6
00021b4000293
fffd80000059e
fffeb3bfff80c
fffe9380009f1
fffdbbbfffe8e
fffedd7fff928
fffdf80000c74
0000a6bfff714
ffff600000ab8
fffdcb000063b
fffe91bfff862
0000a17fff770
fffd88800007f
000230bfffc52
fffdc280002e0
0001027fff748
0000c93fff3f6
fffe09c0003b2
fffda8c000562
0002680000305
fffe0f000038c
00002e80007b4
fffd46c0004cf
00009cbfff562
fffca7000001e
000077000093a
fffddd3fff9b9
00022b0000232
fffd543fffcf0
000296bfffbcd
fffe69c0005cc
000191bfff97d
00000f8000c1c
00009abfffed4
fffdeb3fff7d5
fffd5f3fff866
0000598000ab4
0001e73fffbcc
fffdc7800067c
00007d3fff78c
0000718000b56
0001c9c0006e4
000177ffffc23
00012f3fff4ba
fffd338000244
fffeebbfffa80
fffe64bfff776
fffd6dbffff1e
0001f3bfffd76
ffff55bfff5f2
0001ed0000602
000138800041a
ffff83ffff838
fffedabfff7a0
0002763fff976
ffffb680006c6
0000bfbfff669
000205bfffa7f
fffdc9bfffc93
ffff2d00009a0
ffffccbfff3d4
fffeba3fff530
fffd4fffff7be
fffd1d3fffd08
0002a84000262
0002537fffb18
00024e7fff7bc
ffff6ec000b44
fffd6d40001e5
0002773fff95a
fffe3d8000563
00035a8000476
ffffe30000d8e
fffe5600005f9
0001be3fff542
fffd7c3fff86c
0002c1800016c
000209bfff9a4
fffeeeffffa36
000120ffff4de
0000b4c000d72
000266bfff83e
fffdb6bfff822
ffff048000d8c
fffffbbfff672
fffdac7fff82a
00020bbfffa76
fffe843fff9bc
ffff97ffff936
fffe513fff87a
fffe5200009e7
fffefa40006c8
0001df0000120
0000888000d97
0000ea7fff9cd
fffd92bfffc22
ffff6b800087a
0000e60000770
ffff153fff939
fffefc000077c
000038bfff857
fffee3000075c
fffe500000825
0000d93fff85a
0000487fff276
000256bfffe2c
000279c0006da
ffff76c0008d6
fffe9a3fffdac
fffe80800053c
fffd9540009d0
ffffa10000b54
0003250000052
0001a88000b32
fffe9b8000774
000152bfff424
ffff8a3fff83a
fffe277fff79b
fffe2dbfff7fc
0003010000534
ffffed3fff94d
0001c78000647
0001e63fff81c
ffff928000b7e
ffff698000afa
fffee7bfff748
fffe1c40006f2
00028d00001d8
0000580000bf1
0001140000af6
0000c7000050d
0001f53ffffc8
fffe2840002d4
fffe748000042
0001917fff99f
ffff25800057c
0000c53fff7b4
ffff853fff708
fffe4c8000438
0002b0800034e
0000888000d09
00018000006ed
fffda280008c4
000160bfff504
0000223fff72c
0002323fff6d4
000235bfff5d6
000133ffff38c
0000273fff556
fffe633fff8d6
fffe63ffff8ee
00010bbfff767
000304bfffb94
ffff9ebfff6e0
ffff23c0004fa
fffff50000a1a
0003a5ffffe5e
00002d00005ea
fffdf10000663
ffffaf0000ae2
0000bc3fff292
00016f800097e
fffe7d3fff956
00001e3fff1de
0002cd7fffc87
00028e3fffd0c
0001290000448
0001f940004fb
fffde90000010
fffe38ffff8f8
fffecfc00052c
ffff1c000088a
fffff0c000a73
fffe03c0002e4
000291c000760
fffd703fffde9
fffffb4000a38
fffe4580005c4
fffdd3bfff992
fffee60000852
0000b700005da
ffff35bfff80a
000234c00084a
fffde44000986
ffffb2ffff6b5
00022f8000a57
00027dbfff5cd
fffe933fffd62
ffff53bfff40e
fffdae8000480
000244ffff4d9
0000cac000906
fffce80000205
0000b24000b7c
000234ffff54c
fffc9b3fffdd6
0002160000136
00014c000069a
ffff5380005c0
0001297fff3a0
ffff793fff6c9
ffff393fff795
0001973fff4ae
fffc65bfffd0c
00011b3fff963
00029dffffbe9
fffe1dbfff7d0
0002c74000207
0000fe0000a0e
fffdc300000bf
000299800028a
ffffafc0008b8
00000dffff7fc
0002213fffb68
00019e7fff7a2
fffe9980009d0
0001293fff5b9
00022a3fff9ac
fffe8f80009e6
00008bbfff7e5
00005affff58b
fffcbf8000534
00024c80007d8
fffd103fffc6e
ffff1bbfff2b2
fffcfa00007cd
00013f000090d
00035680001a5
fffde30000236
0002193fff9f0
fffed480004f2
000009bfff482
ffff80bfff33b
00025a3fffbe8
0002820000add
000306c0003ff
ffffc2ffff629
00007c0000a1e
000157ffff836
fffcdb3fffc1a
ffff1f000076c
00013d8000884
0000d68000746
0001d1c00028a
0002757ffff1b
fffef33fff4fe
fffdecffff83e
fffd9d3fffcf6
ffff8ebfff81a
0000e98000707
fffe69800056a
0000f87fff592
0003a10000277
0001528000e80
fffeb43fff7e5
fffe1a3fffd9c
000276800007c
fffd9440007d6
0001ad7fff7de
00001bbfff401
0000913fff7f2
0001a9bfff9c6
fffda48000892
0000657fff6fa
fffce4bffff62
ffffae3fffadf
000187800051b
0001943fff730
00030b3fffdf6
0002c3bfffac5
0001fabfff948
00022e0000331
0000393fff3ac
fffd2c80006b8
00010f00006ba
0002198000285
0002f3c0003aa
fffe273fff3ad
fffe408000a6c
fffdd1fffff38
0000148000af6
00009f0000aca
fffd92ffff9a2
00017ec0004c0
0002853fffdf2
000146c0005d4
00013f8000922
ffffba8000c98
fffcadffffe3e
00029bbfffef6
0001e2bfff9bd
000241000051f
0000100000b55
fffd3900004e9
00023500003ba
ffff0e8000c58
00002a3fff5dc
fffdd50000859
fffeca00007ca
fffcf6bfffcec
fffea2fffffc0
000290bfffa67
0001a43fff9ae
0001deffff46b
0002a47ffff76
fffe407fff572
000116bfffa25
00001cffff9f9
fffd1d0000454
ffff143fff9c3
fffd87bfffb3e
ffffc4c0008aa
ffff553fff3ce
fffdfd3fff908
00028c3fff7e0
0002b540003a5
0002ba3fffe3c
fffd3e80006b4
000148bfffb30
0000b03fff710
fffd9a40001a0
fffe4b000055f
00022d400078b
fffef04000b78
ffffa7bfff6e2
fffd09c00021d
0001d8bfff952
000011bfff7be
00005d0000a3e
00001e3fff478
fffe2380004fa
00023e40000c0
00028b80001b6
000259bfffa3b
000219400082c
fffe7380006f6
000002bfff66a
ffff1cbfff3ce
0002470000932
00008abfff3f0
00004dbfff388
fffdecc000394
0000e37fffa62
000105bfff545
0002583fffbeb
00008680006f6
fffe938000ba9
0002bc4000034
0001f63fffeb0
00013f0000b77
fffde4bfff832
fffce27fffb66
0002f0bfffd82
fffe088000518
0001d600004cb
fffd837fffd8a
fffcc440002a0
fffd79000040a
fffdf30000870
0000a2ffff799
fffd363ffff42
fffeca7fff710
ffff0c40008e8
ffff990000828
0002bd3fffe49
ffffab3fff8b4
fffd9fc0008ac
ffff3380009c4
000312800007c
fffe6bffff787
0001263fff894
00020c800053b
fffced000028c
fffdc08000482
00020a3fff856
0001d6ffff8c8
000265000004e
000291bfff9ef
fffe928000856
00014d3fff46c
000235800008e
fffe8cbfff6d1
fffeb700009f5
000199c0004f4
ffff16bfff60c
fffdda8000330
fffe32ffff8c8
000261000071a
0003243fffc84
00002b8000940
00017d0000566
00004dbfff630
0000194000c4c
ffff403fff3a4
fffdebffff7b4
00010cbfff58a
fffcf7800005c
ffffadbfffa86
0000f7ffff726
ffffdb00008d6
ffff743fff6d4
ffff2bbfffa7c
0001838000b2d
00011a3fff2aa
0002907fffd04
000091000092e
fffe0c3fff8b4
fffec3c000a72
fffe2200002cb
0000f68000ac4
fffd7c3fff716
fffdcdffffd98
ffff4a0000bce
fffe0f000040e
00031a40007c2
ffff660000d6c
000060bfff316
fffd9e8000522
0000be00005e7
fffef40000b9a
0000a3bfff99a
fffdb64000384
0002bc4000a36
0000cbbfff3d8
ffffd8bfff830
fffdd9800027a
00026a0000560
00008f7fff329
00004e8000b24
0000e98000596
fffcf33fffa7a
00010d7fff637
fffdd800000f0
fffdb7c000484
0000f68000610
fffd693fffc02
0002613ffff6e
0001fcffffc70
fffe0e00005f1
000004ffff8ee
fffd31fffffb2
fffded8000414
0002220000612
fffe49bfffdc8
000283bffffbc
fffd8d400023f
00019dbfffca0
00023e0000200
00024e3fffd6d
0002338000675
0002263fffa8a
0002a48000506
fffd2afffff25
000284bfffca0
fffe55800079e
00027880005da
000049bfff650
fffdfc0000455
fffda000006e8
0001543fff7a6
fffc753fffdca
0001e17fffae2
0001a73fff8f9
000104bfff2a7
000220800011a
fffde94000827
0001170000848
fffde23fffabb
fffcceffffc75
fffe528000324
000145bfff5f6
fffdab7fffa9b
00000b0000af2
fffe6ebfff9b8
ffff0a0000614
ffff65000064d
00007b0000b3e
00027dffff915
fffdb5bfff946
fffff13fff6f8
0000698000852
00020e7fff916
00024d80004fe
ffffb38000e3a
0002c080001c2
0001fb0000cad
fffe273fff78a
00018500004b4
fffcd380000cd
00008f800086a
0001fe8000a20
ffff36c000626
fffdcbfffffca
0000320000820
fffd084000849
fffdf03fff9dc
fffe473fffe61
000212bfffc8c
00032c00007f4
0000520000b6e
ffffab3fff4da
fffed4bfff756
0002673fff546
00003dbfff52f
00000b3fff678
fffe24800029e
0001d6000099c
fffe35bfffd5e
000005c000c9f
00017f80007ec
fffe63000066f
fffd49bffff48
0002d93ffff6c
00012b7fff941
0002983fff70d
fffe664000b5d
fffe15800037a
0002693ffffde
fffe420000808
fffee9c000626
000249bffff2d
0000a7000074a
fffe6000005de
0001cfffff492
fffd090000311
ffff387fff577
fffe5b3fffb6f
0002ef00004fe
0001d0bfffdc0
fffefdbfff334
fffe593fffb26
0001d58000235
ffffb63fff9f0
0000e54000801
fffe2fffffd00
fffec1c00084a
000265bfffe5c
0002c33fffddb
0001e1c00048e
fffde13fffe2c
ffff340000b40
ffff11ffff8b8
fffe2400006af
fffdc1ffff9d3
0002f5bfffe97
ffff1cbfff979
fffcfcbfffd23
0001047fff514
000021bfff377
ffff7e3fff4d6
00008340005e8
fffee44000788
fffcc80000042
ffff823fff727
fffe303fffc24
fffd713fffb84
000249bfffe50
0002a4ffffe86
fffe5a00004b4
fffe07ffffa0d
00001d7fff504
00010680009cb
fffdef8000974
fffec300006cf
ffff6ebfff62a
0002453fffb72
0001503fffa18
fffe983fffe57
00033bbffff23
00011a40007d1
0001740000abc
000278000035a
000077bfff499
ffff72bfff208
0001a5bfffa90
ffff4a4000962
000194c000000
ffff2bbfff4cb
0001830000796
fffe7b400067a
0000528000b3a
fffd64c000286
0002163fff9c2
fffdc2bfffa50
000024000090e
0001eebfff772
ffff328000421
fffecfc0009d7
00001440008ac
fffdb780004d2
fffe33bfff71c
0002fe800027d
0002e1fffff81
fffd564000714
000245bfff990
ffff84c00080c
0002124000406
fffdd70000536
00024f7fff8b2
fffdc83fff966
ffff850000b33
0000cf0000cc4
fffe0a3fff87e
00026f800042a
0000448000858
000203000101a
0001a03fffa90
ffffc34000cec
000072400086e
ffff10ffff694
fffd25ffff8e8
fffe698000ad3
fffd3fbffff68
fffecb800027a
fffe064000893
ffff6300007f4
ffff617fff6f8
000262bfff95c
fffecf8000a80
fffdb47ffff62
000321bfffe4e
fffce180004b6
fffd8e0000646
000099ffff722
00021c00000a2
0002b53fffa35
fffde4000086a
fffd4a3fffbca
fffd888000334
0002037fff91c
00023a8000604
00017f00000fa
0002c2000021e
0001480000eb4
fffde600006d2
fffdbc3fffbfc
00014dffffe18
0000e6800094c
0001e80000420
0001783fff7fb
000013bfff3b4
0002853fffeba
000297000076a
fffd57bfffb9d
0000774000abf
00027ebfffb05
fffdaec000aa4
fffe318000b15
00003f3fff5d6
ffff17ffff8c6
fffe560000702
0000d4ffff833
ffff968000bca
0001140000adf
000197800042c
0000693fff786
fffe43c0003fc
000094000080c
fffe023fffd86
ffff49c0006b7
ffffa1bfff4c3
ffff447fff553
00022080009ce
00029bc0002a6
0000c48000a90
fffeae3fffc56
fffda7bfff8f7
fffd3a3fffd29
fffe240000344
0002adbfff8ab
fffe217fff7ec
ffff4b0000a76
00025280000c2
fffe227fff588
000086bfff7b4
fffe84bfffddf
00030000002ea
fffe180000628
fffdba3fff950
0000a47fff8fc
0000110000ab0
fffe6dffff6f8
fffe753fffb9a
ffff4c80007a4
ffffac3fff086
000067c000766
0001ddbfff9d6
fffec000006b5
ffff9dbfffc4d
ffff6b3fff3f8
0001337fff277
fffea18000a5f
000214c000077
00027dbfffa1c
fffdd080006aa
fffe95c000810
fffd737ffff06
ffff29bfff3c3
fffd7ebfff73c
00029900001e0
00003c4000bf4
fffd7380003c2
fffe723fff908
0000100000a69
000253c0000bb
ffffb43fff44a
fffe5d8000593
fffdcfbfff995
fffdd57ffffac
0002753fffb56
fffdf80000993
00017480004e2
fffdb7bfffe36
00015bbfffa62
fffd103fff7c6
0002b70000260
ffffa6ffff32e
000144c0007ca
fffe66bfff738
fffe1b3fffeec
00026d7fffe4a
0003263fff76e
00019c3fff7f9
fffd02ffff7e4
fffd10bfffca4
fffed33fff434
00018f80004fe
0000a97fff618
0000b23fff50a
fffecfbfff7b6
fffe253fffa62
0002a60000796
000228bfffd7a
fffea43fff554
0001603fff6db
0000ce3fff9de
0001663fffff8
fffd0340002e6
ffff4700007fc
0001b2bfff95c
ffff3b7fff417
fffdd280004fa
00007d3fff7ab
fffdbdffffac2
0000013fff59b
fffe7fffff97e
fffe73bfff4bc
00017340002fb
000230000023c
fffe89bfff58c
fffee50000903
0000773fff75e
ffff390000b71
00024e3fff9c0
00012f8000aa6
ffffbfffff3c8
fffc47800008a
fffef1bfff73a
fffdfb0000910
fffd26bfffc60
fffd713fffeb6
0001973fffbc6
0000c53fff94e
fffca5bfffb0e
000219bfffb88
fffdf58000409
fffcfdbfffad1
0001377fff774
fffd1f40000c0
0000cc40007a4
00010640008e9
fffefa00006db
00009e00008f6
0002b73fffe26
fffe78ffff7e9
fffe9880008b4
0001f8bfffd36
0001bcffffbe0
0001873fff6b0
0001ec0000099
fffd52bfffedb
fffea63fff69e
0001c600004a2
000212c000190
ffff42bfff41e
00009e8000a16
fffcb97fff9a4
00020fc0002ee
0002bcffffed8
0001787fffd34
ffff398000a84
ffff28400071b
00000280006ae
0000fa800095c
fffdd13fff614
00023f8000326
000234fffff76
000137c00068c
fffea2ffffa07
fffdc63fffe15
ffffb2000089a
0002e2ffffb12
00022480007e4
000124bfff2e2
fffd5f80002f0
00022a3fffb2a
0001debfff8da
0003158000471
0002393ffff39
0001f43fff9ae
fffe753fff85b
fffe09ffffeef
0002dd8000086
00025cbfff9e9
000183bfffa59
0000883fff63b
00007e0000cd6
0002ec3fffb90
0000fc800072e
ffff630000752
000201fffff4b
0001aabfffa15
fffdf5bfffae9
fffd21ffffa14
00004a3fff3d1
000158c000ca0
0001fd40006bc
000082bfff618
fffd963fffdea
000277bfffc64
0001e0000059e
fffff5ffff698
ffff1c8000c8a
0002503fffd96
fffd373fffcfc
ffff8c0000701
0000093fff6a3
0001fb3ffff78
fffeee0000861
fffe8900007fb
fffd5480003b4
00023dbfffb95
fffe7dffff9d1
fffe9a0000681
00023980001ba
fffd5c80005a8
0001bc40003a6
00010d7fff7f4
ffffc1ffff59f
ffff21bfff98e
fffe300000829
fffe9c7fffce3
fffca280003f2
fffcf780006d2
00015e00002ec
ffff993ffff62
00007900000fe
ffff9a3fffc34
ffff6ebffff4c
000058bffff3a
ffffa3000015f
ffff6cbfffe01
000101800016b
ffffe63fffe40
0000368000108
00009cbfffe5c
00001a0000460
ffff8f800018e
ffff0ac0001f4
00001a7fffcd0
fffffe4000362
0000adbfffd90
0000303fffeb8
ffffb07fffba7
00002b7fffda8
0000abbffff46
ffff1e80002a2
ffffe83ffffae
00006c00001b6
0000823fffd80
000003c000138
ffffcebfffe9c
ffffa7800033c
00004b3fffff6
ffffe40000196
ffff873fffce0
fffff37fffe74
ffff267fffed4
0000a3800001c
00005d3fffeab
ffffbdbfffe38
0000cf80001ca
ffffcf7ffff6b
ffffab0000070
0000f73fffcfe
ffffe8bffff02
0000b43fffe62
0000bb7ffff40
00002e3fffea2
ffffe7bfffd40
ffff6b7fffcf2
ffffa8bfffff0
000037800014d
ffff5cbfffb6e
000152800013a
0000908000181
00001cbffffec
ffffcc3ffff8c
ffffd44000045
00004fbffffda
fffff04000062
00001e4000036
0000e04000238
ffff9fbffffe0
00003f00000c0
ffff713fffecc
ffff638000318
00008e800006f
ffff804000270
00001f00000da
ffff528000154
000042bffff70
000005bfffef4
ffff6a3fffdab
0000423ffff3a
ffffb5bffffcc
fffe6380001d7
ffffdbbfffef4
0000563fffe28
fffeb4800041b
ffff6f7fffda2
00003700004e6
ffffe18000102
ffff03bfffc6c
fffff90000077
ffff883ffff36
000017bfffd29
fffff98000125
ffff868000332
ffffafc00010a
00002c7fffff5
ffffe7c000024
00014e4000082
fffff88000177
0000068000040
00001280000f6
000093fffff69
0000f7c000102
ffff70ffffff6
fffffb3fffff3
ffff3fffffd62
000084bfffda2
fffffb3fffffb
00008a3fff9f8
000096bffff37
0000534000424
00008180001da
00000b800014a
000058bfff8ee
ffffcc0000504
ffff808000278
ffffab000011a
0000c03ffffff
00018c0000200
ffff0abfffe2c
00006e8000222
00009c3ffffe4
ffffca3ffff61
0000ab00001fe
ffffb23ffff2e
000040fffff0b
ffffaf000004b
0000778000538
00006abfffc6c
000009c000148
00001a3ffffea
000079bfffe01
fffffa00000e8
ffff07800024a
0000123fffdac
0000573fffc7e
00004e0000026
fffff6bffffde
00002a7fffdc1
000030bfffe61
0000b90000098
ffffdc00000a7
0000c7c000366
00001e3ffff50
ffffbcbfffd3e
0001278000267
ffffa7800017a
00004740000e7
ffff108000595
0000433ffffde
0000154000130
0000983fffe14
0000313ffff8b
000034bfffe50
00003effffe54
0000a7bffff9f
0000670000140
00007efffff70
ffff8d00002e0
000020000000e
ffff88fffff0c
ffff33ffffe1c
00007b3fffcc0
0000250000182
00001e3fffd5a
00000dfffff60
ffff907fffbec
0000d8400013c
ffff9d3fffd59
ffffcf0000108
000028c000198
000076fffff88
ffff00bffffc4
ffffd3fffff7d
ffffe34000006
ffffba3fffef0
fffee90000020
ffffaabfffeb2
000011bfffeaf
0000af4000368
ffffe1000006d
ffffc43ffffb6
0000353ffff46
ffffb67fffe07
00000c40002ac
000137c00011a
ffff75bffff70
ffff91bfffcce
000084bfffd7a
0000aa800030b
0000b140000f4
000006bffff61
000046bffffb5
000062800012f
fffee980002c6
0000567fffcfe
ffff2a3fffd7b
00000e8000260
ffffec3ffffd0
ffff187fffe68
ffffa48000002
00010c0000108
00005f3fffdde
00006dbffffa8
ffffb53ffff4c
00006d8000150
000079bfffed4
fffff9400016a
ffffd27fffebe
ffffecbffffce
ffff0f00001ec
ffffb800002b6
ffffc2bffff46
ffff2b8000267
ffffcd00001ec
0000bebffff5e
ffffea00000c4
0000df3fffd6d
ffff64bffff86
00000e7ffffbe
ffff89c000192
ffff497ffff19
ffffc180000c6
00004280000b4
0000a9800032c
ffff9640000f2
ffff66c0003e6
00000f80000f6
ffff81000006a
000030bfffdcc
0000033fffd4a
ffff9e4000191
ffffe93fffff6
ffff2880001e1
0000a43fffdd2
ffff91bfffd74
00001cbfffdc3
0000633fffe8b
ffff513ffffc0
ffff5f80001cc
000043bffff7c
000072bfffd8a
ffffe3fffff9c
ffff46c00030a
ffff51400002c
ffff8f800009e
ffffe1ffff910
ffffb1c00033f
0000203ffff8c
00009180001c0
00001dbfffd89
00011f00000c6
0000470000026
ffff2a3fffbf0
ffff473fffde6
ffffb80000290
00004dbfffc35
ffff67bfffc56
000044ffffff2
fffff5000006c
ffff938000323
fffff53fffa7c
ffff3dffffdea
ffffca000004e
0000117ffff0c
ffffb1bfffd82
00006dbfffd84
ffffb57ffff9a
00002e3fffbb1
fffffd0000091
ffffc7ffffe02
ffffbdbffffac
000036bfffc85
ffff108000098
ffff0dbfffebe
000006bfffeb0
fffefa800011a
ffffeb0000361
ffffe43fffe3e
ffffbb3ffff30
0000bc3ffff45
00003580002da
ffff2a3ffff9e
00003ec00008a
fffffdbfffd9c
00000ebffff21
0000ab40001a8
fffff18000280
0000f4bfffe3c
0000954000196
ffffc5800016d
ffffdbbfffd76
ffff973fffc04
000038800001e
0000493fffe60
00008f3fffff4
0000f1c00020f
ffffb4bffff38
ffff698000054
fffffa3fffdaf
0000dfbffff8c
ffffb13fffe68
fffeb5800015c
fffff13fffe8c
00008b0000094
000036bfffdb2
0000830000390
000015000026f
00007f8000020
000024bffffdd
0000253ffffc8
ffff46bffff98
0000ac8000094
ffffdf7fffdb4
000023bfffe0c
ffffd580005c6
00009000002f7
0000153ffff52
ffff33bffff66
0000390000578
ffffcdfffffd5
ffff950000356
ffffcf00002c5
00002d7ffff64
00006c80003e2
00005c3fffd50
ffff5b400016b
0000363ffffa0
fffff4800032c
00002ec0002ca
000027c0003ef
ffffc13fffe36
0000063fffe7e
000065ffffff0
ffff27bffff69
ffff1e00003a9
00001dbfffefa
0000003fffdf3
ffff85bffffc8
00002dbfffcc2
00008dbfffe91
fffec03fffcb0
ffff70bffff8e
ffff7d0000015
00000200000a9
00003a3ffff34
ffff89bfffbe5
00007d0000158
0000577ffffc6
ffffd940002a8
ffffa03ffff4e
ffff7b7fffe84
0000263fffd78
0000273ffffe4
00004c0000044
ffff994000070
ffffcb8000044
ffffcf3fffcd0
00005c8000028
00002c80000de
0000563fffee5
0000417fffff9
000004400029a
00009cc0000dc
ffffa33ffffe9
00002cbffffa7
fffff18000116
000016000014e
ffff3e3fffb88
ffffea7ffffce
000008c000156
ffff908000284
fffffec00015c
00004dc00009a
0000568000144
0000b78000122
00008e3ffff38
ffffbb3fffe4c
000044c00032c
ffffe1000015d
ffffa28000206
ffffcb00001eb
0000130000332
ffff5880001e4
00001b80002cc
fffffc3fffd6c
fffff3c00017f
ffff6a80003e4
0000923ffff4e
ffffc57fffd28
ffffef400005d
0000ad7ffffdf
fffffd40000e4
00002b7fffcad
0000c78000192
ffff7f80000be
ffffc80000108
0000b13fffeee
fffffc800004d
ffff7e800009f
ffff8b3fffd42
ffffc3fffff6c
ffffc4000029a
0000a08000196
ffff1680003b5
fffefc8000268
ffffdec000092
ffffbfbfffbb8
00000a80001fe
000003fffffd4
00001700000c2
ffffee3fffcab
ffff9a3fffb62
ffff990000079
ffff6140002ab
0001277ffff2d
fffd7e8000354
00018ac000884
ffff9b8000ab6
fffe518000058
fffedabfff587
0002178000592
00006effff678
000291ffffca3
fffeb7bfff890
0001617fff85a
fffe28bfffec0
ffffcd8000aa8
fffd66000057f
0001f53fff960
fffd657fffa54
0000450000a30
0002adbfff5da
0001b3bfff46d
0000c73fff6ae
000335bfffe9c
fffefa7fff4f6
00021a400084a
fffed48000a97
00004ebfff5de
fffd3e00003b8
0000d10000850
fffd323fffb9f
00029c8000042
fffecd3fff748
0001d940007af
fffe0abfffaae
fffcd18000132
fffddd8000351
ffff9cbfff71b
00019980006cf
0001d93ffffa6
ffff36bfff930
fffebf3fff7b6
0000ce3fffa74
00002a7fff4ea
0002d13fff9ef
0001ecbfff6f6
fffd417fffbe8
00020400000c6
00015f0000a08
fffd4400006d8
0002b200001de
0000ba8000976
ffff4effff822
fffee600007fe
0000c63fffa6e
fffff0c000b0c
0001858000a60
0002528000701
fffebe00008a3
fffdc73fffc95
000139000089f
fffe9e00007b4
0002348000508
fffdcd800006e
fffe5dbfff4c0
fffe7e00006aa
000153bfff6f8
ffffdf40004c6
0000c20000b87
fffe340000a28
ffff490000bcc
ffffdcc0008e6
fffe1700003ec
00014c00005dd
fffdc9bfffdca
000015bfff42c
00008d00006a3
fffe428000968
ffff4740008d8
000185000013e
00025ebfffc5a
fffdb20000ada
fffe777fffda5
000178000007a
00032b3fffae8
fffe878000a99
fffd537fffe70
ffff694000ff8
0002003fffbd7
00019b00007b0
fffedb7fffbec
0001ad0000030
ffff70ffffa41
fffd6c00002a8
fffce8bfffea8
ffffa7bfff670
0001ecbfffaa8
0002388000726
fffd8f400019e
fffd38800036e
fffd0600008c9
fffe5540008b6
fffeb70000660
0000198000998
fffeab3fff7dc
fffeda0000792
00004c3fff9f0
ffffce800094a
fffe49ffff52d
fffeefc000848
0002614000332
000077000094f
0002cc3fffc85
fffd693fff5b7
fffe2ffffff3b
00001500009cf
0002da3fffe5f
fffeaf3fff58e
00018c40002d6
00005280007f8
ffff3c3fff64f
fffe6f80008cf
00036740005ce
fffd9dffffc40
0003913fffa02
0002848000676
0002670000371
ffffb90000ca0
fffe054000429
fffe1d400075e
00028e3fffff6
000322ffffb29
000352bfff91f
fffe6d7fff6ca
000246ffff928
0000af3fff482
ffffa77fffce3
0001d7bfff5c0
fffc9d3fffbd2
000078bfff240
0001fc3fffe1e
fffe78bfff99e
fffee540009e8
0001cb3fffae4
00026b3fffc42
000228bfff696
0000b63fff6c0
fffef03fff6b8
0002883fffe85
00016fbfff635
0000e27fff762
0002313fffdc6
fffe683fff8f2
0001b8ffffa96
00024d0000126
fffd6b0000010
0002e23fffca0
0001878000a3a
00024a0000314
ffffc9ffff8e1
ffff00bfff69f
000199400069a
ffff618000592
00025fbfffb6e
ffff08ffff536
fffee14000818
fffdabbfffd1e
ffff2d3fff85a
0001cbbfff89a
0002ad0000b62
00005a8000844
00034bbffff1a
0002f73fffbbc
0001c88000626
fffe40c000a3c
00011cbfff08f
0001c1bfffc14
00020800006d2
ffffdb40008f8
fffd56000021c
ffff70bfffa35
fffee34000614
0000f0bfff54a
0000bf0000a26
fffd4b8000276
fffe8b8000841
fffe793fffd16
fffd5ebfffee5
000184ffff90e
000188c000544
0000cd3fff69c
fffcd580005be
fffff4bfff32e
0001a100006ca
ffff718000a61
ffffe13fff280
fffd368000204
00023b00006c6
fffe8d7fff8de
000237bfffd5b
0000b10000ce6
00021780004fa
00013a3fff794
00012e0000ca2
0002e77fffbb0
0002f0bfff8c1
ffff2b4000bbe
fffdc7ffffefe
00012580007fe
00017b7fff78a
ffff883fff4bc
ffff430000756
000261ffffcd1
ffff40bfffa76
fffdf23fffd84
00027bc000301
00026dbfff9cb
0001683fff3d1
fffcdb3fffa36
ffff27ffff68f
0001b5bfff7fa
fffd838000709
fffd7b3ffff36
00000f3fff8e4
0002573fffad7
ffff1f0000944
0002d60000286
0002608000022
000334ffffe94
fffee33fff7ed
ffff5400008c3
fffe733ffffc0
ffff01ffff491
000136bfff729
0002e58000320
0002760000051
0002d3bfffd51
00016e0000642
0003b2c000635
000269800007e
0000e900008ec
00012a3fff826
ffff7880008b5
000245bfffe86
0000d04000aef
fffe07000080e
0001dd8000000
ffff797fff6a8
00008ac0007a2
fffe01bfff466
ffff3d80006ce
0000a0bfff636
fffe8ebfff2b3
fffe100000814
fffd2a3fffe1a
fffd188000151
fffced4000451
0001738000550
fffd817fffa88
fffff8ffff47a
0000e700009e2
fffe49ffff917
fffe263fffb12
00007f0000968
00017a8000b36
000122ffff8b4
00013bbfff812
0003128000084
0000a78000a4a
fffe18bfffa8e
00030f0000323
00008b8000724
fffdca00001d0
fffe4080007d0
00025780005e6
0002d9c000158
0002933fffc82
000168ffff942
00030f800063a
00001fbfff6f8
fffca140003bf
fffe673fff7f9
00018fffff6e1
0000730000a80
fffe363fff4fa
0001880000932
ffff1d800073a
fffd4e800015c
fffd59800010a
fffe3dbfff90e
00029cc000268
00003a0000949
fffece3fff7dc
fffd863fff743
ffff53c000b06
ffff673fff79e
fffdf100005cc
0001820000984
fffd723fffdeb
00006d80007e6
ffff553fff924
00014280006d8
fffe447fffc12
0002f9ffffdd0
0002d1bfff7ba
fffdb7ffff622
fffead80005fe
000329000000a
fffede3fff68a
fffeaebfff6f0
fffdf0ffffe85
000004bfff541
00015c0000961
fffe5e0000309
fffd21ffff664
fffd8dbfffeec
000219bfff884
fffe737fffa30
fffddfffffdb8
0002fe3fffeda
ffffe3800088d
fffebbbfff546
ffff34800084e
ffffd70000c5e
0002d57fffcbc
000216000022e
fffe23bfffffb
ffff384000c66
000173c000931
0001ed3fff94c
0000a9bfffae8
0000cf8000976
fffdcb0000690
fffe01bfff946
ffffcd0000a57
ffffcbbfff672
ffff0d7fffc3f
fffe70ffff688
000292000020c
00024cbfffc25
fffd8680003b6
fffdc6bfff940
fffe52800082e
000178ffffdfc
0001bb3fffa4c
fffeacbfffce0
ffff504000b2e
ffffc7bfff82a
00031dffffbc8
0001237fffb4c
fffd8f3fffd46
fffda4800023a
ffff0f3fff5e9
0001e800007bf
0000da7fff91f
ffff56c000bf4
0000f48000904
0001d4bfffb90
fffdd8bfffe50
000287000011b
fffdbabfff6fe
00021c3fff9ea
ffffba80009d6
ffff7c7fff6f8
0000f40000ae2
fffe6980004de
0000e4bfff71a
0000130000932
00016cbfffa26
fffd753fff76c
00008fbfff68c
fffd2180000d0
00026f3fffb66
0000febfff734
fffe3a3fffb24
0002cec000302
0000ef7fffd1e
fffdefffff84e
0002210000355
0002c2bffffae
00029c3fffb9f
fffe15ffff8f1
fffe3cbfffc86
000327400012a
00029abfffc0a
fffed340006b8
00018fc000004
000235800024a
fffe3c8000884
0001c8c0006da
fffe4c7fffb9b
00030900000ae
0001c90000711
fffedf8000b62
000171bfff7b6
fffeb7bfff486
00017740006f4
00020cbfff870
fffd1cbfffe31
00001b0000aa6
ffff263fff699
fffecf00007d8
0000bd3fff704
ffffba4000c12
ffff733fff480
00017ebfff9d2
0002e84000387
ffffe87fff3e8
fffeaabfff546
000065bfff7f2
0002dd8000543
fffe080000040
fffdb20000593
0001d3ffffb2c
fffd458000000
fffc6500001ec
fffcb3c000372
00011e3fff610
fffebc4000a3f
000044bfff44a
00022a3fffba7
00028500006f0
00026680002c3
0003568000314
0000fb0000af0
fffeb98000a60
fffea4c000aca
fffd8e8000120
ffff84ffff4cf
0002220000776
fffd457fffdd8
0001260000975
ffff39bfff448
0002b0bfffa77
fffde1ffff643
0002e54000210
fffd4880002d7
0001c5c0006f4
fffd013fffb10
00018f8000d5e
fffdee400039c
fffe5effffad8
ffff0980009a1
0002ecfffff4a
00010a8000a9f
fffe3e000092c
0003193ffffc1
fffce53fffb64
fffe6ec00048c
0001bc3fff586
00031c0000584
0000fa8000946
fffebf8000374
fffe0e0000abc
0002230000540
fffd1d0000011
00001fbfff7ba
fffd088000a1b
0002820000543
ffffdc0000bab
ffff32bfff8d8
000159800042e
fffdf57fffe47
00027cbfffc4c
0001b80000ab5
fffd89bfffa28
ffff348000780
fffd7a7fffeac
ffff6dbfff5f4
fffd178000974
0002b50000671
fffdf74000190
fffeaa3fffbc0
00025bbfff83d
fffed6800069f
000253ffffdc6
fffeb1bfff71a
fffeaebfff8d1
ffff990000a24
0000630000cf8
fffe9f3fff726
00013ebfff94b
fffd6cbfffd16
fffcbec0003a2
fffedbbfff7f4
fffdbfbfffa3c
00021980004a6
fffd5e3fffe4e
ffffaa3fff7c9
0001e20000933
0001e7c0005d0
fffd39800029c
ffff0fbfff5d0
fffe3c0000852
00016dffff806
fffdf2bfffdcc
fffd56800067a
0000c900002ce
00023d00003ca
ffffae3fff4c2
fffe0d0000271
0002068000535
0001e38000407
fffdc4bfffe32
fffea3800059e
fffe94bfffa54
00026f000033c
fffdf980001ff
0000e30000980
fffdd1bfff9d9
0002614000344
ffff3d00009d5
000150c000848
0001e280007ae
000273c000371
ffffe1bfff86e
0001050000648
0002350000949
00004b8000a66
fffd023fffe15
ffff52bfff6d6
fffe2b3fff7f0
fffe98c000a44
fffdd5bffffd2
ffff993fff8cc
fffefe80005a5
000145bfff89a
ffff70bfff9c4
fffecc3fff5d0
0001db800099e
0001893fffc4a
ffff4a8000880
fffde90000416
fffde2c00070f
ffffc4c000820
fffe0cfffffed
ffff26bfff614
fffd7b0000897
0000ff3fff5e7
0000794000c60
00017e3fffb32
fffde97fffa59
fffcf33fffa0e
0000208000898
fffcaac000532
fffee5800057c
00007e7fff849
000012bfff4e3
00026dbfff97c
fffe693fff73e
000066ffff6f2
00034d800026e
0002013fffada
fffe30bfffd9e
0002e14000461
000072c000d1e
0001a1c000a0a
0001f38000431
fffd7d7fffd1a
ffff99bfff66c
0001170000b64
fffda34000784
0003bf800032c
00003e0000996
fffe6ec00060a
0001e6ffff8bf
00015a00003f3
fffd683fffff2
ffff61ffff4fa
0001fcbfff8cc
00031380005ee
000241bfffd3a
ffff263fff9e2
fffe66ffff854
00013bbfff6c9
fffd0b8000245
fffd1c80007b0
fffdeebfff6e9
000168ffff71c
0002963fffff0
fffe4cbfffa67
fffdf4bfff8a9
0002ac00003b0
ffff793fff624
fffebf3fff644
0001d88000448
000109bfff729
0001e540002b3
fffddf80002e4
0001a38000c55
0002e64000412
fffce5800007b
fffe4bc00039c
fffd397fff3f0
00031c0000738
ffff853fff56e
fffedf3fff611
fffe2a0000492
00000e3fff868
000050bfff674
0001a28000666
fffe407fffc90
fffe16bfffecb
ffffe98000742
0001808000656
fffe523fff7a1
0000dabfff635
fffca63fffdaa
fffd5b400044b
fffe347fff70a
ffff310000aff
0000db8000928
fffd9800008ee
00023740005da
ffff3cc0007e0
00022b7fffd87
000082800090a
0002043fffc0a
0002134000393
fffcf300002ba
fffd8d00003ee
0001de0000adc
0002278000450
fffd150000158
fffd980000236
fffd92bfff974
0002f23ffffac
000060bfffb1e
0000f80000a49
0001b400008a8
fffeeb8000836
0002c7bfffde8
ffff133fff779
fffe890000b9e
fffe363fffc92
ffff93c000fa3
fffdb5c000500
ffff07bfff442
000154bfff7a6
0002253fffd9e
fffe957fff57f
0001f5ffff952
ffffe98000d52
0000a00000b8a
0001c58000b63
00026980005b2
0002ee0000522
fffe708000288
ffffb43fff79a
fffd05bfff99e
0000b43fff6f4
fffdd98000098
fffd628000498
0002490000506
0001acffffff0
ffff673fff69e
fffd71800051e
00020e0000666
0000a23fff632
00030580000b0
000288bfffa78
fffdbe3fffc18
0000433fff45d
fffd238000182
fffd09800034a
fffee18000494
ffff66800087e
00028d7fffebe
fffe470000444
00019700005e9
fffd83ffffd0c
fffdc980000c5
0000e4800092a
fffe56bfff8b2
0002d100006c4
fffff2ffff7d5
fffdf94000578
fffe91ffff7d2
0000b37fff642
fffd6dc000341
fffdbd00004ee
fffe0280005ca
fffd7f7fffe9c
000266800000a
fffff33fff5d3
fffe888000896
ffff8d8000894
fffd7e00000ee
0001888000d34
00019e3fff965
ffff0d0000a78
fffd780000226
00010c8000a98
0001fdbfff4d9
0000233fff680
fffd50800042a
fffe0c0000189
000226400085a
000130bfff3b4
fffd0500002c8
fffe6dffff906
fffe40bfff8e5
fffda93fffb38
0001bebffff9c
fffd790000211
fffe24bfff7c0
0002f140003a0
ffffe37fff5eb
fffdb24000656
000162c0009d4
fffeaabfffecc
0000be8000d0b
fffe668000428
0001ddbfff677
ffff6480007f7
ffff60c000648
00026dbfffc27
fffdf240009a8
ffff0b000092d
ffffeebfff76d
00008a0000cae
fffe6140009b9
000000bfff950
0000fdc00098e
00016a8000a66
0001bbbfff57a
0002570000842
00008f00009d8
00014b80009ca
fffe9180005b9
fffea73fffbae
fffd768000000
ffff12bfff7a4
0001f93fff764
000147bfff793
0002083fffca8
0000c58000b08
0000d54000656
00026d8000155
ffff953fff50c
0002283fffe23
fffdeac00096a
ffff1b0000b58
ffffa9800077d
0001ecbfffd2c
fffed2000058b
00011abfff477
0000793fff3de
00003d0000546
00031500005a3
fffcd4ffffbf1
ffff460000a27
fffe590000186
00014600003ed
00019f4000112
fffdf40000066
ffff29bfff5f2
fffdf1800042f
00013c7fff7f6
ffff813fff262
fffd7800004db
fffdc4800053e
ffff8340006c6
fffccdbfffc7d
00020bbfffe71
0000da0000afa
ffffe280009b4
00007d80009c5
fffdfe80005ec
fffdf07fff6b2
fffdb13fffbd6
fffce80000058
0001844000cea
0000dc4000674
fffccbbfffb8c
fffff38000ac7
0000dd8000b32
00012180007a6
0000d33fff5da
fffce800000c4
0000cb800087d
fffdfe3fff9ee
0000e0ffff772
ffffb57fff751
0001540000d35
000237ffff479
000187ffff352
00029f3ffff2c
fffe973fff3ee
0002b0c0006b4
ffff4a4000bc1
000270400020a
000269bfffa1f
00012f80008e8
00022b000037a
ffffb48000931
fffd860000634
0001adffffb56
0001653fff65a
00025bbffff0c
00010a000060e
fffe0e80003e5
000299c0000a4
0002ef3fffd9b
00027cffffe6a
0000f3bfff46f
ffffdf8000a2c
0000b1c000a86
0002cdbfffb57
fffebcbfffaf6
00011ebfff638
fffd97c00008c
fffda5000041b
fffde9c000672
00031100003b6
ffffea80008ac
00027d3ffff8c
00015dbfff8f8
ffff31000096e
ffff02ffffa29
fffea7bfff7e6
fffe25bfff8f5
00022c80003bc
00001ebfff472
ffff74c0003d4
00015c400070b
fffd433fffe3a
fffc54bffffc8
000016bfff4d5
fffd1980003b6
fffd9abfffb45
ffffaf0000d73
fffdab00002fc
fffda0c00056f
fffe41bfffb22
000071bfff4cc
0002cd3fffc12
000246bfffa72
0001653fff474
fffd55bfffd20
00008a0000964
fffee63fff540
0002c100001c0
fffd720000120
ffffabbfffac4
fffe17800047e
0000ebbfff8d2
fffcc20000021
ffff7e3fff491
fffe868000500
000246000017b
000213c0002e8
fffd3a800032c
fffec9ffff914
0001a23fff7f4
ffffc28000bf4
0002d33fffcd1
fffe783fff6c0
0001f78000796
fffd3a3fffc22
fffd5440001cf
fffe928000502
fffd923fff8c3
fffdc0bfffbd6
0000788000b7e
fffe3d3fffa14
fffed5ffff7bc
fffdfcbfffb4e
ffffbdbfff246
fffef28000332
fffcef3fffc70
0000be3fff492
00003f0000aa3
0001678000652
fffe2ebfffdb9
ffff480000901
0001040000d5c
0001523fffaa7
0001b8bfff6f4
ffff694000a78
0001be3fffbd0
fffdfcbfff5c2
0000e4ffff6fe
fffcd4c000096
000057c000767
0001d5ffffe21
0001a40000532
ffffcf8000879
fffef8bfff9ee
ffff35ffffa25
00022400005d1
0003aa800025c
0000240000a44
fffd77c0004ca
0002cf000025e
fffdf7bfffbf9
0002f9bffffe2
fffde13fffbae
0000ecbfffb4e
0002c100000a8
fffd7c7ffff4a
000142c00063f
fffeb8bfffb7b
00029780004a5
fffdc64000184
fffec8bfff2bc
0001aa7fff691
ffffacbfff6fa
ffff747fff65a
fffdda80002dc
0002be40008fa
ffff43800080a
00027ebfffef0
000219bfff6b8
fffe360000880
fffd90bfffe3e
fffe55bfffc4f
00010c0000b7c
0001c280004c2
00005effff620
00008e3fff3cc
0002793fff6d6
fffda93fff7aa
ffffdc80009c6
fffe463fffef3
fffdb20000396
fffe788000b6e
fffff80000a98
fffddb00004a6
fffd7180003fc
fffe53c0005d5
fffc513fffe8c
fffd1c00003c0
fffd36000054a
0002868000324
fffd8a7fffe62
00029fffffd34
fffd9000007d0
000191bfff3be
ffffde0000ab8
fffd48800059e
00020dc0007e9
fffdb23fffbf2
0001bd0000306
fffe2fc000202
fffd228000540
0002310000415
000003c0009ba
00025abfff857
fffeb13fff7b0
0002f58000337
00016e8000434
fffd798000162
0002d33fff7a2
fffdc2bfff986
0002008000224
ffff944000946
fffdb38000756
000185ffffb96
0000053fff406
ffffa53fff646
fffe8d3fff8ca
0001923fff889
0002fd8000519
fffe64bfff9be
000163c0005b2
fffd817fff812
0001087fff610
0000ab0000c68
fffe983fff922
fffe108000ad4
000051bfff773
fffcc47ffffa0
fffec4bfff7a4
000195bfff86e
fffdbfc000174
00003effff887
fffe5d3fff61c
ffff018000724
00003a0000992
fffeadbfff4dd
fffde1ffff61a
fffde33fffcdc
0002a980000cb
fffdc580002a6
fffdf880008b2
0001df3fff8be
0002823ffffe0
ffffc53fff450
000232bfff976
00013d3fff594
ffffc18000bae
fffde1000034c
fffde900006c6
000096ffff926
ffffc0000062e
0002febfffd08
0002b3bfffa6d
0000e93fff39c
fffd5dbfffde4
000254fffffaa
0001bc8000856
fffe408000801
fffe03ffffe4c
00001300008ac
00012e4000612
fffe2e0000638
0002cc40002de
fffd240000250
000188ffff922
0002a900003e7
0001d4000027e
000368bfffbf4
0002623fff9be
0002a1c0005ea
0001f73fffded
ffff22ffff3ba
fffe4000003e2
fffe2cbffff36
ffffec40009b0
fffeb9ffff9e4
fffe8bbfff76c
0000eabfff8aa
0000693fff6dc
fffe72c00005c
fffed83fff5a4
fffde5bfff7fe
0003938000211
000037000091e
000201bfffaa8
fffe1c3fffbdd
00007dbfff5b2
0002167fffddc
00021ebfff75a
0000a83fff79a
fffda1bfffd32
fffdea80000c0
fffe208000a30
0001ba3fffb5b
fffdd23ffff6e
00008800005af
ffff727fffa49
00025e8000902
0000913fff076
ffff7fbfff382
000214bfffd9e
ffff2a80008b3
00007e3fff560
ffff37bfff770
fffed2bfff620
fffe803fff81c
fffd95bffffb8
00027c3fffdb9
00019bffff864
0001e100005b8
ffff538000b98
0002093fffd50
fffddc00006b6
0001f98000899
fffe167fffc49
0002d5bfffca8
00019680009c2
fffe703fff944
ffffd6bfff3e0
0002463fffe7e
fffe893fff815
fffd85bfff72b
fffe3ebfffd02
fffebdbfff47d
0002157fff99c
0002ca800035e
fffe303fffe74
fffd55bffffbf
fffe240000554
00028f000065c
fffdd33fffb70
000265bfffc3e
fffe0a8000722
0002710000644
0000f67fff5e2
0002643fffc35
0002cf3fffd42
fffdb37fffddc
ffff5f80009cd
00005a8000aa9
0001c20000cb2
0001dc3fff5c4
ffff8a4000828
00006680008c9
0002973fff6ac
00017ebfff80c
0000897fff70d
fffcc18000146
0000d10000932
fffead8000bbe
0000b54000988
fffdbd8000284
ffff0dbfffc91
fffdd3bfffa90
0002be40002ab
fffd9480006b4
fffe95400049c
fffef10000a46
ffffd58000abc
ffffa7c000822
0001e7ffff99b
0001a43fff65b
ffffe73fff94c
fffdc400004fa
0001643fff9f8
fffd26bfff9c4
ffffeb4000b42
000281ffffc82
00017f000079a
0001b30000542
0000d13fff3e2
fffefcffff2d2
00024f7fff8c0
00026f0000690
00028b4000153
fffff10000ae5
fffe9fbfff5c9
0000f8bfff856
ffff440000b4f
fffcfd800032a
fffe5680005c4
fffdcd400097e
0001f180001ba
0000540000ba4
ffff327fff750
00025c8000352
0001b13fff50a
0000928000c26
000123800052a
000044bfff5c2
00023a00002d4
ffffdabfff47c
fffeb23fff87e
0002923fff850
0000b83fff4bc
0000c300008e6
000160000074f
00025a80008aa
00020e80000f6
fffe633fff765
fffe983fffa96
0001f20000356
00004f3fff8f4
00016dc000a9f
0002b28000330
00023d00003a4
ffffe94000a22
ffff6c3fff6f3
0001d13fff91b
fffd57bfffaca
00013600003cf
fffd1680001f6
0001b98000822
00016a80008aa
ffffdd00008f9
0002a93fffdf6
fffe70ffff9c0
000110bfff823
ffffd43fff2cc
fffe183fff79c
fffdbe00006aa
ffff5500009be
ffffdbc000d04
00028e3fff962
fffde180006d4
0002360000671
fffd51ffffa4a
0000fc8000c07
0001897ffff7e
ffff367fffd9c
00006e3fff642
fffda33ffff62
0001c77fff7d8
fffd713fff872
fffeb3000077c
fffcef0000120
fffe327fff40c
fffefcc000864
fffff7bfff864
ffffc87fff888
ffff32bfff63d
00027480006c8
0000f47fff60e
00006abfff777
fffd4780006e4
00021500005b8
0001c23fffdc8
000216c000174
00017c3fff817
00028600004f4
00007b3fff2e2
00026ebfffbce
00020bffffcce
fffdc6000074a
fffd073ffff99
fffdf3000038c
0000e00000550
0001a340006d4
ffff2c0000a70
fffe6d8000304
0001510000613
0001c33fff675
00013c3ffff96
0000f58000ffa
00021ebfff827
fffef3c000a69
ffff100000a13
fffc9980007c0
fffdfb00006d8
00029740005c4
0000b58000bb6
fffcf8c0003f7
00023ebfffbdb
fffe8f8000658
000065bfff472
000158800093d
0002e77fffa44
fffeb30000717
00017c000016c
ffffe23fff70c
0001e04000854
fffee98000c04
fffe063fff951
0001843fffb8b
fffe943fff7ae
000030bfff99c
00008a3fffd82
0002c33fff97c
fffe088000642
ffff4b4000b06
00000a7fff7e4
fffcfc0000004
0001380000814
0001c73fff94b
ffffbe00008b2
ffff1abfffa8a
fffd4a40005fc
0001d67fff6a9
0001723fff90e
fffd59800024c
00013b8000974
ffffa7c00067a
00027c00002cd
ffff10bfff34f
0002197fff830
00024a00004d0
0000e63fff5fa
0000908000e20
fffeb7000073e
0002b00000648
0003010000577
000079c000b8b
000131c0005f0
fffe518000713
000079ffff10e
0000af8000a16
fffee1bfff7e0
fffdf7bfff940
0000718000978
0001c74000016
0001b53ffff02
fffe878000c42
0001e0000014a
000065400073d
fffe3680002e0
fffeb00000a34
ffff4e40009b3
000265000014c
0001b4ffffae6
00027c4000609
00000cbfff8fc
0000790000a3a
00023b3fff862
0001703fff762
0001c0c00004b
fffd6200001f1
fffe4c3fff9d0
fffdde3fffbac
0000507fff412
00016bc0009fd
0002db3fffa9e
fffe06bfff482
fffc8c3fffcf6
fffceec0001fe
fffe4d00004fa
0001180000501
000046bfffa1c
0002c1bfffb3e
fffcb03fff878
ffff110000b6a
fffd027fffa7a
00026a3fffc39
ffff1d3fff8b3
fffe3180006b3
fffd65bffff96
0000ee0000726
0001194000722
0000f2ffff83c
00007b3fff756
ffff3e3fff730
00028dffff9c3
fffe30bfffa3e
0003374000170
fffdb900003d2
0001988000926
00016bffff6e5
fffd0e7fffd2c
ffff5f3fff756
000215ffffb8a
fffec000008a0
0000687fff6dd
ffff4cbfff120
fffd418000422
fffec78000a32
0000427fff6a8
ffff6f8000b64
0001510000750
fffe790000717
0001f6000025e
0000bd80008a6
ffff153fff9cb
00014a3fff92f
ffffb13fff25a
fffedd3fff334
00027cbfffada
00025c8000378
ffff660000d56
fffce200001fa
0001104000752
0001d8000078a
0002d4c0001fd
fffeecbfff35a
fffe7d800058a
fffe13bfff80c
0002da80003e1
fffc418000280
fffd613fff945
fffe9600005a3
fffd157fffda2
00021b7fffdf4
fffdb58000526
fffdaf7fff98e
000022ffff8b4
0000e98000782
0000c3bfff7c0
00027d400082e
fffd47bfffe1c
ffff4f3fff51c
0002b4bfffb58
0001768000621
fffd53bffffe4
0000c90000b51
fffd1980004f7
00029a0000518
ffff670000a64
ffff48bfff9c6
0002893fff90a
fffd153fff836
ffffca3fff5e9
0001890000dba
fffe9a3fff9b2
fffe61ffff9a4
fffccf0000458
000317bfffca1
0000d5c0004e6
fffdb33fff97c
0001463fff714
0000680000e21
fffe3affff604
0001e4ffff9a6
fffffa0000980
fffec23fff872
fffdbc800052d
fffdcdbfff848
0002fd40000b5
0000a98000926
0000af800084e
fffde6bfffbf6
0002153fffd30
ffff1e7fffb5a
fffed83fff3fd
0001973fff41e
fffd5bbfffaf6
fffc6380000ba
00013880009b6
0001fc7fff703
0002b20000034
00008f00009ec
00005d00008d1
fffdbcbfffb94
0002f2c000394
00003ac000cc7
fffe4c8000408
fffe3f3fff859
00029bbffffa3
ffff41ffff786
00010900007ff
00022a000050b
0000057fff430
0002cbc0000aa
fffe477fff549
fffecd80007a6
000055bfff30c
0001d28000ae3
00025fbfffc02
00031bc0004d5
fffd0480000c7
00025fbfffcf9
fffde20000832
00022f000066a
0000ed3fff419
0000ac4000801
0001a68000a06
00027e4000296
ffff480000a40
ffff72bfff687
ffff87ffff802
0001960000400
00029fc0002d7
0000e5c00078a
0001e5800091c
0001f440003f0
fffd4d3fffd3e
00023e8000006
fffdba00003ff
0000e13fff720
00023cc000021
ffffdc0000c94
00028b3fffc92
fffe8f800098d
00036abfffdc3
fffec47fff685
0001bb0000b2d
fffd6b3fffb90
ffff973fff55e
0000a4bfff725
fffd5c800084a
fffe7b3fffd22
000152bfff38e
00028bbfffc47
fffdf13fff958
fffd533fff84a
ffff408000a2e
00011040005e2
ffff403fffb32
0002087fff766
fffd8d7fffcfc
ffffc78000756
fffda18000204
0001ba3fff5a7
000209bfffefe
000269bffff54
0000c60000887
0001d87fff2b2
ffff4cc000ac8
000276bfffb40
fffdb23fff600
fffeefbffffc4
ffffc4bfff45a
0000b080009b8
00023f3fff8c0
0001053fff94e
0002e3c0003f4
fffd3d8000424
0000dc000090a
fffe2480007e4
0001af00001b6
fffd2600000f8
fffd9c00004a1
00027b8000722
000337c0003f6
ffffa53fff4dd
fffeeb3fff5a3
0001953fff80b
fffe2600000cf
fffe0c0000260
0001bfc000813
0000f0bfff80a
0002c2bffff32
00007b0000816
00015d3fffa77
00004c7fff682
000111bffeff3
0000263fff776
00021c3fffd50
fffe657fffb73
0001a5800023f
000067000069b
fffef6bfff4b5
0002b740006de
00028dbffffc8
0001717fffce1
fffed8800037d
00020ec00043b
000058ffff89e
0000bd0000c70
00027a3fffa68
00024b80001b0
00029bbfffccb
ffff7c3fff6e6
fffdc8bfff86c
fffdc23fffb4e
0000427fff7f7
0000a4800084c
fffe4dc000539
0001ac8000946
000279400028d
0002ac7ffff25
fffea380008ad
fffe0a00008ea
00032c80000d6
fffe24800060e
0001acbfff9ee
fffd4effffdd8
0000843fff94c
0001f63fffd72
fffe24ffff768
fffe033fffacf
ffffe50000cd8
fffdcc40001c6
fffe177fff8a3
ffff208000766
fffd15ffffdc4
00032200000a5
00017b40007da
fffe8fffffbb2
0002b4800019e
fffcaa4000252
fffeaf8000792
00027f4000441
0001c8c000164
0001b4bfffcf0
0002130000928
fffdcd3fffa8c
0000973fff35a
0000670000832
00023cffff9b9
fffddeffffadc
000255bfffe4d
fffd198000244
00018400007ba
0000a6bfff88e
ffff923fff65a
fffda500003b8
fffe14000044d
fffe70800083a
0000673fffaf8
ffffe87fff706
0001abbfffbdd
00014e0000539
0001083fff3f0
fffd67400054d
0001e93fffa3d
0001a880006f6
0000bb3fff21c
0003c27fffd54
00015c00009f4
fffdd7800081b
0002b5000026e
ffff07ffff4ec
0001c17fffc06
fffd5c3fff8b5
fffdb13fffe42
000262bfffd1c
fffde4bfff8d2
ffff01c000a20
00005f3fff594
ffff828000c74
fffe24000075e
00027f0000b3f
fffdffffffef8
0000ae8000b98
0001983fffa81
00024400004c6
00003effff7d4
0002950000008
fffebc8000910
000150bfff7e4
0000267fff474
0001963fffd94
fffd978000269
00012cbfff7bd
00002abfff5f0
ffffe2bfff48b
0002857fffc40
0001e900005ce
0001b98000438
ffff7a7fff93a
0001eac000900
000206c0006d4
fffc92bfffd41
fffd5000006ad
000147ffffa1f
0002190000330
fffdd5fffffc7
fffe173fff5e8
fffe1c3fff7a4
fffe0bbfffe99
00022d00000b6
000277c000268
0001f2bfff8c4
0001f48000762
fffeea80006f8
fffe1300003ca
fffe080000774
fffe3affff9b6
fffe3cbffff36
fffd4f000054c
fffea980007ee
fffe0abfff8df
fffda17fffe62
fffd0b8000454
0001d5bfffa94
fffed8c000937
0000b1800060f
000357fffffc8
00028c0000ac4
ffff6e8000b16
ffff244000b10
fffd81c000123
00010affffcc5
fffd584000637
ffff838000959
fffd00400042b
fffde38000a10
fffdc13fffeaa
ffff660000d28
00007ec000be1
fffd8b40006c4
0001f4c000824
ffff48ffff6c1
fffdfb800047c
fffe53800078a
ffff340000cd6
0000268000a12
fffd3cbfffe04
00010f80007f6
fffe597fffa52
ffff9d0000a66
fffea88000080
00003b40002de
00003ac000166
ffffbdc00004f
ffff553fffa85
ffffd08000078
ffffec8000168
00000f0000274
000010c000212
ffff18bfffcb0
0000d84000334
ffffd3bfffeb8
ffffce0000311
ffff9240001da
ffffa63ffff14
fffff1000008a
ffffdb3fffecf
00005a00002ca
ffff9a800032c
0000a440000f6
00005b8000325
0000d340003ac
fffed8000023c
ffffb7bfffdf2
000037ffffef6
ffff483fffd88
000074bffff47
ffff563ffffda
ffff810000288
0000498000054
ffffb180001e4
ffff0a800001e
ffff23ffffeac
00007affffee2
00001e3ffffb5
ffffd13ffffbb
ffffbb000027e
ffff5c7fffe16
000047fffff90
ffffc28000166
ffff7a3ffffc6
ffffaa3ffff03
ffffd57fffd9a
00001a40004de
00003680000e5
000024bfffe30
ffffc70000488
0000bc40000dc
0000d23ffffd5
ffff7a00001be
ffffeb0000154
ffff87bffff7b
00008ac000010
ffffc1bffff0b
ffffe80000011
ffffdcffffc74
0000e5c0000fe
ffff650000104
0000660000200
00005c800019e
0000b9000008a
00000bbfffa3f
0000e700001b4
fffff6ffffdd8
0000143fffe60
0000a600002a5
000026bfffdb8
ffff300000084
ffff788000060
00003940000f7
ffffce00000a0
ffff86bfffd6c
000017000016e
000131bfffee0
ffff88bffffcf
00002e3ffff64
fffffd00000ac
ffffd680001d4
0000228000156
fffff5bffffad
ffffe8bffff6d
00001b00001a6
0000cbbfffcf8
0000018000190
00003ffffff52
00011140001e3
000096bfffe10
ffff374000115
fffea1000027e
ffff753fffd74
ffffb0bfffdbc
fffffb4000072
ffffaf8000077
ffffdec000276
00004ac000105
ffffd73fffeaa
0000423fffce4
ffffe9ffffc4c
ffff703fffe18
ffffed3fffcbf
ffffed7ffff86
00000b4000042
0000298000067
00000a4000426
0000a4400033d
ffff593ffff74
0000a500000c4
00004a0000126
00004700000c6
00001ebfffd7e
0000a1bfffcf6
0000243fffaff
00009000000a0
ffff69800009a
ffffe30000230
00005500001ee
ffffb03fffefa
ffffe83ffffe6
00004a80000b6
00005c000011f
fffeea0000116
00005b40000fb
fffff53fffeb9
ffffc5ffffdb0
ffffcdc000130
ffffb48000028
000028400020c
fffebdbffffe1
0000223fffe69
ffff94bfffcbc
0000c340000a2
00001f40000b2
00007e7fffbde
00005cc0000c4
ffff74ffffe50
fffef37fffe50
ffffd7fffff2c
ffffa9c000148
0000da0000183
0000a53fffe96
fffffc3ffff0a
0000ba8000031
ffffd43fffdfe
00002200000ec
ffffccc00006e
ffffc60000000
000005400000c
ffff633fffda1
00003e0000294
ffffa53ffff98
0000fac0001bb
0000073fffe2a
0000510000182
ffffc73ffffc9
0000cbbfffe68
ffff7d3ffff76
000004bfffe60
00002c8000108
ffff4740001e6
000013400023c
ffff14bfffc92
0000a0bffff51
ffffd73ffff74
ffffe2bfffb40
0000b98000079
0000e1ffffd4f
0000830000022
0000798000010
ffff764000345
ffffb400000b9
000084bfffe3a
ffffc740001d1
00002bc00046e
00005c00001e6
000090000052e
000062bffffb4
ffffc90000094
ffffe03fffeac
000003ffffe74
ffffafbffffa6
00006c3fffc6a
ffff8a3ffffb4
ffff1400000a6
ffffb4c0002bc
ffffc53fffbcb
fffefebfffe30
0000d03ffff13
ffff80000015e
00001800001de
ffffd1fffffd6
00009d80000ae
00003680001ab
00000b0000058
00007ac000248
00009f00002f6
ffffd8c000244
fffeb28000090
00009c3ffff84
ffffab80000b8
ffff68ffffe1e
ffff9d3ffff6c
0000888000066
0000203ffff08
ffffe1ffffe58
ffffd3c0003f5
0000634000261
ffffcbbfffe0e
0000ea400001c
000022c000265
ffffa98000046
0000883fffd37
00005f4000141
000027000007e
fffffe7fffcde
0000a6fffff4a
ffffd6bfffd16
0000b4bfffdc2
ffffbc000008a
0000648000146
0000debfffd24
ffff768000052
fffff03fffda4
fffefb00000c2
ffff9680000f4
ffffd50000220
ffff353fffe44
0000f23fffbc5
fffff00000085
ffffca3ffff0b
fffff2bffff36
000047bfffffd
ffff1f3fffe5a
0000b5bfffdc0
0000347fffcec
000088bfffe0a
00002a000000e
ffffe0bfffe9f
ffffde0000052
000125c00020a
000010bfffc14
00001b8000039
ffff62800016e
ffffee3fffee3
00001bbffff48
00004f00002fa
ffff4a3fffb02
0000597fff95e
0000a24000152
000036bfffe30
00003ebffff1e
ffff91bfffda8
ffff4980001f4
000069800004f
000008bffff08
0000d180002a5
0000e13ffffd1
ffffee8000430
0000190000272
0000633fffee2
0000427fffee2
ffffc83ffffe8
00002e3fffe9e
00004200000a4
0000587fffe5c
ffff9d4000057
ffffd0bfffefa
ffff8bbffff56
ffffa6c0001eb
0000f9bffff83
ffff66bffff6d
0000ec3fffd1e
00006380001f4
000032bffff7e
000048bfffea0
ffff1ebfffae8
ffffa0000010b
ffff7100001ae
00001cbfffef0
ffff3d0000458
0000798000052
00004e00002d2
fffffafffff5f
fffff28000201
00002b0000081
ffff87ffffeca
ffff9dbfffce6
0000817fffd7f
ffff673ffff30
00002bffffdf8
000024c000064
ffff96bfffd57
0000618000307
ffffc4bfffad6
00002d3fffd9c
00005b00001ec
0000c47fffe80
0001063ffff7a
00001f80000ca
fffe7b800028c
ffffc97fffd8a
ffffd53fffe1e
ffffaa8000004
000043bfffde2
000091bffff08
ffff91bffff27
ffffbe8000264
ffffec0000394
ffff8bbfffefc
0000920000128
fffee04000336
000007c00027f
ffffeb800041a
000092bffff12
ffffcf3fffd2a
00001a8000186
00000e3fffea6
0000c54000015
000023bfffec2
00002bbffff72
ffff350000244
00006f8000174
ffff62c000168
ffffe4000041e
ffffb1bfffd4d
fffeb5c0000ba
ffff493ffff6a
ffff06bfffede
00009c80002d6
ffffdc3ffff77
ffffc7bfffd16
ffffdf00001f6
ffffce8000214
0000d3000026e
ffff6dbfffdd4
ffffed3fffdea
fffffe3fffff6
ffffa47ffffec
ffff2fbfffeea
ffffa1fffff70
0000e9bfffef0
fffedbbffff84
0000a980000ce
ffffd1bfffffd
ffff8a7ffffcb
ffff4c80002fa
ffff8b7ffffae
000046ffffd96
000105ffffcd2
ffffc93fffe9e
000080000005c
000110bfffe60
ffff473fffd31
ffffc1c00033e
ffffca8000140
fffef00000140
000006c000353
0000777fffbbd
ffff88bfffea0
00001c000051a
00000e3fffdd4
ffffcb8000057
ffff9580001dc
00003900001d8
0000733ffff69
00008500002a2
0000080000238
ffffb50000178
000039800002a
ffffa6800023a
ffffce3ffff56
ffff0d000018c
00004200004b6
ffff653fffcc6
0000b24000296
000015ffffc52
ffffa1bffff96
000103bffff8a
ffff7e000021f
0000553fffcac
0000b5bffff64
ffffe3bfffef7
fffff6bfffdbf
0000468000093
ffff8affffeb4
00003d800013d
00003fffffb60
0000718000274
0000c9bffff2e
ffff8600000ba
ffff96bfffdcc
ffffe43ffff2d
00003f80002d0
ffff98800003e
ffffdf00001c4
ffffb5ffffdf8
0001088000155
0000a3ffffd98
ffff9280001b2
00002a3fffc66
ffffd2c000086
ffffe37ffff3e
0000373fffe14
000041bfffea8
ffff49bfffe06
ffffd83fffddc
ffff2ebfff9a8
ffffbb3fffdec
00003180001a5
fffdc8400011c
fffe483fffb3c
fffdfbbfffceb
0002ae800007a
fffefbffff88e
fffe75bfff49c
0002cf00008b6
0000a8bfff7fa
fffdc780002f6
fffeb33fff6fa
fffdd00000c12
000037ffff424
fffde4800050c
00019f4000741
ffff7680007d0
00019f00000f8
00009c0000a1c
00023dbfffb9e
fffdc53fffa07
ffff620000c4e
0001e2bfffce0
0001ddc000856
fffe398000972
ffff8700008ec
fffd44800039d
00029840007f8
00004b7fff6ee
fffd8c00000fa
0000f98000934
fffd674000460
0001b60000609
fffdacffffe45
fffe88c000270
fffe5780005e2
fffed50000bce
fffdbdbfffebe
ffffd63fff63e
000204bfffac1
00020300005a0
00035efffff6c
00010b0000a53
00025affffa8e
0001b840003ba
fffd9b3fffe0a
0002d58000087
fffe1f00005f2
fffe0600007d4
ffff230000b16
000035bfff458
0001e13fffa44
fffe190000a00
ffff8bc0009d8
00000d3fff0ef
0001180000812
000255ffff863
0000ba3fff931
00008d0000e31
00020b7fff786
fffd92bfff782
0001167fff89e
fffd270000259
00015c8000abc
00026f80002df
fffd4c7fffd5f
00024e000027a
00018bbfffcda
0001c700004ca
ffffd0c000a72
00025300002c0
0001f63fffc19
fffdc5bfffb5b
fffd1fffffdf3
fffdfc800024d
fffe1ac0007fa
00029f800054c
00001ebfff86a
ffffa1bfff7d2
0001b1c000899
0000cf3fffa15
fffe1bbffff3e
fffef97fff5c4
00022600006f6
fffe0fbffface
fffcb27fff9c8
0000144000940
fffdef3fff756
0001913fff9f2
0000000000762
ffffd9c000acc
0000bc0000866
00026c8000564
fffc98bfffd3e
00015c80007c8
fffec300006fb
fffe573fff75e
0002cd80000dc
000419bfffdfe
fffee98000464
0002b3c00050e
fffd2d0000104
00011e0000a5c
ffff163fff804
fffe0e0000c80
0002e3c00056c
00035fbffffa2
fffeaabfff9f8
fffd8f3fffd14
ffffcb0000bd2
fffee63fff3a4
0002033ffff0a
fffdc93fff933
000077ffff86c
0001130000856
ffff2cbfff5bd
fffec0bfffd16
ffffe93fff74e
00003b0000989
0001ddbfff6e8
fffe6f00007f6
0000283fff69a
000020c0007ef
fffeafbfff7fa
fffd87bfff944
fffdebffffc00
fffd0640002c7
fffe1a3fff71b
fffeb600008a6
0000a03fff65f
00003b000098c
fffe51800030a
0001a300007bc
fffd0dbfffedc
0000dc000094a
fffe69ffff4f0
fffef08000891
ffff3c8000974
fffff33fff55e
0001aa00008ca
0002b5c0005de
fffdd27fffd23
00030f3fffbf0
fffe7d8000370
fffdde3fffa0f
00005b40006b5
ffff3cbfff646
fffd974000486
00023d00004c0
fffc3cbffffcc
0002ce3ffffee
ffff79ffff4d4
00027e000054c
fffd617ffffd4
0000920000c1a
0002a3bfff928
0001cc7fff974
ffff4380008f2
00001a3fff9be
fffef7bfff577
0000af3fff890
00004b7fff452
0000f480009b9
00010100005ea
fffe13bfffb40
fffcc5bfffc96
0002fa40000d4
00016ec000a07
0001a6bfffa92
0002d2bfffd5e
000274bffff4c
fffee2bfffb0a
0002b500005d6
00003ebfff41c
fffdc4800017e
00029abfffb44
fffdfc3fffe64
ffffe30000ada
0000ee4000764
fffe713fffa78
0000fdbfff6b1
000274c000104
fffe50bfff384
fffe373fffa47
00020f4000612
0001333fff453
0000530000964
000297bfffbc1
fffe65bfffa92
fffd877fffc37
0000bdc0008f3
0001f57fff66c
0001ae000070a
fffd57bffff60
ffff703fff84f
0002907fffb2b
00012cbfff755
00019a80000da
ffff863fff30b
00028d7fffd48
000204ffff8ac
ffffd180008e5
0000253fff2e3
00026c3fff9ea
00006c3fffa30
ffffed3fff88c
fffdc63fff47c
fffe21000058e
0001e6ffff5b4
0002a940003c4
00007280005fe
0002a73fff7bc
fffdea80008ad
fffd323fffda0
fffd22800024a
0001c8ffffb01
00023a80007da
0000913fff80c
00002c800078e
fffebdbfff560
00020dbfff9b8
fffd523fffd4b
ffff583fff7ee
fffdb58000330
fffe95ffffbb4
ffff038000b0f
fffdee800014b
0001a480008c6
fffe7d80006f4
0000f37fff80c
0002717fffd08
00009e4000620
fffe3200009cd
0000e3bfff740
fffd7abffff7e
fffe93800051e
fffd46bfffbfa
fffd44bfffc3e
fffef57fff666
0000db4000d08
fffe63800091c
fffeb5bfffff2
000267ffffbc8
000293bfff8b0
0001a2800008e
fffd71ffffd22
0002fe3fffc40
ffff487fff8b3
000153ffff97f
0000923fff3c0
ffff263fffa4e
0001948000896
0001400000370
fffd1e7fffdfd
ffff8abfff86b
00017c0000aea
fffdc5bfffaf6
fffc7abfffc6c
0001f1ffffc49
fffe2b800066e
fffd973fff694
fffe930000e36
00005ec000a2a
fffd8b3fff988
fffe6d0000bfc
fffe5f8000af0
0000068000a9e
fffea2bfff878
fffe46800092a
00016f7fff2d1
ffffdc3fff5db
0000930000469
fffed6800089d
0002a380002de
0000450000a9e
0001b27fffa4a
0002fcc000650
fffd970000150
0000be000077a
00020b8000895
fffeca3fffc85
fffd237fffc7e
fffff180009fe
fffd283fff580
fffdfbffffcba
000226c0000c6
00007a00008aa
00017fffffba6
fffe4b8000b70
0002d97fffc6b
0000fa8000a84
0001e33fffe52
000193bfffa7e
0001f5400010e
00006d3fff3e0
fffdfb800060a
fffe4fc000bc0
fffc7800001c4
fffd0780003d2
000110000072b
fffd887fffbdf
0002973ffff2e
ffff6ebfff5f6
ffff34bfff564
0001cf0000836
fffd04bfffe60
0002f47fffc2e
fffe25c00052e
ffff19000061a
000289c00051c
fffe230000574
fffe2f00006c2
0001ca00007d8
ffff6f8000c59
0002d4bfffbe4
00022b80006bc
000208000033d
0000170000778
0002247fffcfc
fffed83fff366
fffd40bfff628
0002d6c000075
fffdea00004bc
00010d4000392
fffebc40009ec
0002ce0000318
fffd75800008e
fffecbbfff95a
fffe058000b8c
0000763fff708
ffffacbfff34b
0001ad80007d5
0002c98000503
00005ebfff91a
fffd9a0000564
00023fbfff6ac
000299000058e
fffcf87fffe99
fffdeb8000186
0002adbfff5c2
fffd557fffed4
fffeaa80000ba
00002800009e7
0002f740007a2
fffd817fffaa6
00026380005b6
ffff1b7fff81f
0002943fff6cc
00012e7fff946
fffdc200000dc
0000620000ce3
fffe3dbfffa6d
00026700006c6
fffce4400017d
0002763ffffa8
fffe2680005ea
000173bfff8c2
ffffc080008c0
0001e47fffcfe
0001bd3fff8ab
0001993fffab0
0000e7bfff4e2
0000d380008a2
fffced8000642
00029b00007a5
fffd0a3fffe0c
fffff1bfff514
fffd8b000072f
fffe293fffb1f
fffd617fffd4c
fffdbcc0001f3
00023fbfffd4e
fffd673fff8bd
0002260000199
0000397fff7fa
0000ff8000b0d
0000cdbfffa12
fffe0e3fffd78
fffd6a4000260
00017d7fff897
0002740000940
00000a000093c
0002583fffe39
fffe9cbfff2e6
fffeafffff969
000273bffffcd
0001d63fffb84
0002600000874
fffebe00008b0
0000723fff709
fffd3d4000464
00012c800074e
fffefbc000aac
000240800018e
0002d53fffacb
0001fdc000cda
fffe44bfff9f6
fffdeb7fffe2a
00005e40007cc
00020100007ce
fffd613fffe3a
ffffccbfff332
0000458000afc
0003c7bfffa67
000309000062e
0002867fffdbb
0000710000820
0000ca3fff88c
0001063fff8ea
fffff2800081f
0000c0c000c5e
0001bfbfffb7f
fffec700008c2
0001c9400025c
ffff953fff1fd
fffedb7fffbce
0001ed800060a
fffd39ffffbc8
ffff35bfff547
fffe773fff837
0001ae00002fe
fffec7c00095c
0000b20000887
fffed0bfffa32
fffe407fff99e
ffff39c000e1c
fffd9c80001d2
fffef53fff806
000204bfff841
ffff55c000afc
ffff933fff63a
0001540000461
fffeaac00072a
ffff130000ab6
000330bffffd8
fffd960000362
fffdfb8000890
fffe3fbffffc6
0002d8bfffd66
fffe5dbfff58e
fffdb67fff736
00009b7fff2de
0000fc80007a2
fffe9f8000472
00012b3fff87f
0002d380001f8
0000d14000a9a
ffff123fff8e9
000152bfff964
fffdc280000c8
0002680000013
fffea180006cf
0001d580007ed
00007f0000b73
ffff7dbfff7fa
fffde17fff49f
fffec60000b14
fffcfb3fffe1c
ffff17bfffa1b
0002c98000829
000091ffff7d6
0002b9000055e
ffff860000c44
00027dffff7d4
fffe81bfffc23
ffff9500009e2
00018fbfffcd8
fffe5a3fff577
fffdf8c000823
fffd933fffe24
fffff1c0009cd
0000bf8000c8b
00024040006e3
0000474000884
fffd31bffffba
fffe9380006ad
fffdcbbfffb38
00030a3ffff17
000054000074e
0001fc3fffa26
fffd523fffc1c
ffff9f0000b57
000330ffffeb8
fffe224000320
fffec5bfffaf7
fffeef0000ad8
ffff273fff286
0000ba00003e4
000104ffff832
ffffa10000687
ffff613fff99d
fffdfd000070b
0002c0ffff63c
fffdc23ffff6e
fffbcd80000f2
0002173fff5da
00014180006c3
fffd7dbfff864
fffee4ffff688
0002747fffba1
00008ebfff750
ffff504000a74
0000888000ae6
ffff057fff886
fffe9140007a8
0001bd80001fe
0000123fff512
fffeda3fff796
fffd1bffffab8
000290fffffa7
ffff75bfff724
00011a3fff86c
00015fbfff97e
ffffe63fff6be
ffffeb8000866
fffd67ffff713
000184ffff67e
ffffc9bfff358
ffffde3fff672
00018c8000724
ffff3d8000758
000297bffffb6
00025f3fffae6
fffef4800025d
0001d680002e1
ffffe40000c36
ffff45ffff862
0002243fff823
0002230000901
fffd703fffce8
0000c9800064f
0001b080005c7
ffff5200009b4
00002cbfff86e
ffff943fff41e
fffe908000378
000190bfff555
fffde53fffdea
00015effffd54
fffdad40004ce
0001663fff54f
0002c1800030a
00026cbfffc82
000274ffffb8a
fffe247fffac0
00034400000b2
00009b000099e
0002230000794
0001afbfff6bf
ffffaa80005f4
fffd93000019a
00013c7fff731
00004b000089c
fffddcfffffc2
0001d63ffff46
0001cebfffa88
0001ac400067b
fffce67fffeda
00000a0000738
0002fb3fffb23
fffec8800086e
fffd63bfffdaa
ffffd13fff505
000221ffff8bc
fffe603fffad6
ffff648000b94
fffdaffffffbc
ffff227fff64e
fffe5ec000ae0
ffff8c00009ef
0001527fffecd
0001463fff8c2
00004abfff86a
fffff1ffff543
0000af0000be8
fffe33800027e
fffe9380005fe
0000b93fff36e
00009340009ac
fffdd8000064c
0001473fff7b0
0002a50000018
fffe473fff86e
000293ffff9e4
fffd964000b50
00007bbfff582
fffe62bfff558
fffdeb8000510
fffc71bfff79c
0002fa00001ea
00008d4000c50
0000da000081a
fffd6effff6cd
fffd66bfffeb3
0002228000132
fffe3d8000402
fffe3f8000bcf
00005affff8e8
000068c000979
fffe5fc000798
fffed87fffbf5
0000583fffa8f
fffe897fff6df
fffe80bfff580
fffebd000059c
0001377fff569
fffff87fff640
fffd33800077a
fffeb98000534
0002c7c00030c
fffea200001bc
fffe263fff778
fffd2bbfffa3a
0000a43fff370
0000808000a1b
fffd9b8000738
fffe8800008b4
fffc633fffd92
0002ef3fff970
000290ffff7da
00015f7fff994
000007ffff57d
ffff207fff861
fffed23fff5da
00027f8000600
fffed9800096a
0002663fff9d2
fffe433fff75e
ffff7440008ec
fffd5d0000052
000341ffffe27
fffe09bfff7c4
0001c8bfff932
0002620000046
00013d3fffbd1
fffd7d80004d0
ffffba800090a
fffd6e7fffcb8
0000b4800067f
fffd63c00049a
000188bfff76c
fffdc1bfffe02
fffcfa4000172
fffdcb800096b
0001d20000485
0002aa00002ec
00003500008e4
0001858000bf3
00017c0000316
ffffc23fff92e
0001ffffffc28
fffd38c000788
fffdf980008e9
0000178000998
ffffa3bfff434
000285ffff8b6
0001aeffff62a
000021000068a
0002a60000220
0002b03fff69e
fffe4a0000d44
0002a2400011a
0000053fff493
0000dd000071a
00018fbfff70e
0000138000e64
fffd748000103
000248bfff6aa
fffebf00007a4
ffff6e0000997
000048bfffa00
fffe258000603
00029980005ff
0001ea7fffde8
fffda2c000338
fffe99bfff69c
0000a73fff612
fffdd33ffff62
ffffe3000081c
0001683fffafb
00010a3fff4b6
000090ffff94a
ffff690000970
0001fc7fffa6d
00014cbfff55a
000318800008e
0002cabfffca0
fffdb64000649
00021580005cd
0002ad80002ce
ffffb87fff601
0001580000770
0001c2c000373
0000068000a4c
0002a3bfffdde
ffff0bbfffad2
fffe3c3fffbb6
fffe173fffd3b
00020d3fffe85
fffe513fff724
fffe273fffb2e
fffed64000d22
fffdfec000430
fffe26800089e
fffe130000806
fffdb0bfffc9f
fffde3800050c
0001e900006b9
fffd283fff950
000004c000518
0000ba80007b8
0001534000844
fffd533fff985
fffd24bfffc5a
fffe92bfff844
ffff56bfff880
ffff4a0000922
ffff95bfff44b
0003447fffeba
0000f6c00054d
0001e33fff4d3
fffe36ffffcc0
000135c000895
fffe19c0007e8
0000b3bfff664
fffcd83fffae2
ffff4d3fff6b8
000266bfffc1c
fffd697fff8f6
00008d8000871
0000978000932
fffe3c3fff6ba
0000e23fff589
ffffcc0000c72
ffff62bfff516
000203ffffa94
0002178000618
ffff948000a52
0002c8000013a
000133c0008bb
fffd98bfff883
fffcfabfffea8
0000ea4000ba8
fffe6bbfff977
fffe00ffff9c2
000176bfff82b
fffe7c0000671
fffee280005da
fffe71000084e
00010ebfff43c
ffffde7fff57e
fffe653fffa10
fffde8ffffa7e
000364c00028a
00005440008be
fffdbc00009fe
00010c0000342
00027600002e6
0000960000cb4
00014f0000696
00007abfff5b6
fffd283fffdf8
fffff3ffff6a2
000210ffffaf4
0001223fff8f2
0002da0000115
fffde38000096
00017a0000576
fffda7c0007cf
000031c000c78
fffdb90000352
00010f80007b7
fffeeb8000494
00025580001ee
0000210000940
fffe063fffc22
0001b83fff520
000091ffff72c
fffd9f00003be
ffff863fff58c
fffd38bfff9ae
fffd92bfffeaa
ffff7c3fff433
0000b44000c2f
fffe21ffff66c
0000da3fff926
fffe417fff30f
fffe308000217
000263bfff7f0
00011effff5a6
fffd6dc000594
fffda800006d2
fffe36bfffabc
fffd3c8000240
ffffc1bfff83e
00012f8000b3a
000177bfff8a8
fffe273fffc0e
0000e58000efa
0001243fffbdc
0001ff40006d0
00020d7ffff28
ffffb13fff980
fffde300005ae
00018e0000591
00021a8000280
ffff918000ace
00027e7fff8dc
0001b73fff7ca
fffcbf3fffd13
ffffc93fff694
00010b800069a
fffdaa3fff746
0000a5ffff2fa
0000ad0000b2e
0000c20000bc1
0001878000711
00000ec000da2
0000d94000b2a
fffdf4bfff9d4
fffe953fff74a
ffff73c000d04
000040000008c
fffe1b8000957
0002170000742
fffeb8c000028
ffff4cbfff382
fffdee40004b6
fffee13fff9e0
00008cffff512
ffff233fff397
ffff1a7fff727
fffde8800071e
00006fffff51c
00023fbfffe2a
fffe4c0000620
00022480001c2
fffd453fffd7b
00026ebfffb9c
00013abfff8ea
fffe3f00006d7
ffffd97fff87a
00005b8000a1c
0001684000a22
0001e6000051c
0000e33fff553
000282ffffdbc
0001a080006e4
0001c5000064e
000085bfff504
ffffabffff3a6
fffd654000558
fffdc0bfff980
0002538000540
00024abfffcc5
fffe9d3fff734
0000943fff7f3
ffffcb8000c23
fffce20000590
fffe58c00066a
fffe3abfff580
0003268000459
fffd4dffffdb4
000284bfffacc
0000cdffff70a
00025d000031f
0001518000929
0001cac000874
fffd433fff913
fffd953ffff5c
fffca63ffff3e
fffe483fff6de
fffde23fffa3e
0002a300000c8
fffd0740003ca
0003197fffc31
fffdce3fffb8a
0002280000927
0003120000190
fffdbf80005ac
00013bffff99b
ffffaa8000b96
ffff3fbfff576
0001133fff925
fffd7b3fffb94
0002f080001b8
fffd9400000c1
0001bcbfff8b0
fffe2d40009a8
ffffc9c000c86
00000580006b6
0002133fff850
fffdf27fff7b7
fffd1b7ffff68
fffe380000164
00017abfffb0c
fffcf03fff953
00013bffff6fc
fffd9880003e2
0002390000b70
0001d88000822
0000f3bfff520
0000283fff4c0
00019d4000c2b
fffe0b3fff8fe
0000508000853
fffd65ffffeee
00013080006b9
0001e13fffb2a
fffda93fffeef
0000b38000c37
0001650000e30
000268800041c
0001e4bfffe00
00034a3fffeae
0001360000a27
fffe678000934
00029fc00043d
000076c00068c
fffe5a3fff742
ffff2fc0008b8
ffffd50000b8a
000247c000009
0000ebc000610
fffe4700008aa
0002663ffffe7
fffd738000528
00019e00009ae
00023a0000248
00001d3fff53d
0001008000a58
0001770000b44
fffe7c800074b
0002713ffffea
fffff3c000aa1
fffe28c000538
000145bfff67e
000091bfff448
fffd478000696
fffe2b400067e
fffe2dbfffae5
ffffb70000a32
00004140006ce
0001b5c000817
fffdb840005fc
0000217fff43a
00037a3fffe5d
0001b03fffa0c
0000f53fff6c4
0002cc80003be
0000700000913
0001ea7fffae2
0001d9000026e
ffff20800078f
fffcdb8000422
fffe9300003d0
fffea100008c7
ffff7500008a0
fffe247ffffd8
00014800007ed
00011bbfff5f4
ffffcb80008f8
fffe198000072
fffd7dffff630
fffd31bfff95c
00001a4000976
00023f7fffffe
fffcecc00023c
fffcd73fff7d7
fffd9c40000e6
0002d5000009e
0001d1ffff689
0001f08000707
ffffab0000bd2
0002fcfffff5a
00027dbfff985
fffdd03fffab6
ffff9dc000ab6
00025cc000216
00018a8000bf3
fffd6f3fff951
fffd3fbfffd8a
0000cd4000ab6
fffdbd00008d3
ffff39000084d
0000d53fffa2c
ffffe5bfff7ac
fffe36bfff976
fffdb2c00088d
000332c00026d
0002c0bfffb2e
0002328000626
000188bfff782
ffff258000c50
fffcbb800011b
0001e33fffc7e
fffe4300007b0
00021c8000066
fffcd7800033d
fffdecbfff5a0
fffdc18000792
ffffaa8000dc0
00001dbfff3ce
fffdef8000834
0002503fff402
000078bfff685
0000758000871
00027effff89a
00017680003f0
fffe77fffff77
fffd5280000a6
fffe0b3fff6f4
fffe480000c76
0000a8bfff440
fffd278000120
fffe860000712
0000d9bfff6c8
ffff008000de8
0000350000718
000100c0007d2
0001cec00059a
000128bfff4ac
00007c8000a1f
0001f7bfffa78
0001b48000542
fffcdb800015e
fffd06c0002af
fffe253fff6b0
0003350000bb2
fffeaac000671
fffdfcbffffc0
00012b80006e4
000192bfff964
fffd51bfffb4e
00006480008ef
00019b80007e6
0001db8000764
000153bfff740
fffde780002b7
fffe048000691
0001d2000048a
fffd193fffbce
ffff52ffff720
fffd7a000059c
fffebf0000b7e
0000613fff790
fffeb98000313
0002323fff9a7
fffd0fbfff7f4
0002644000012
0002dfffffc0e
fffeb53fff37b
0001a7ffff96e
ffff2c8000812
fffd45bfffdfa
0002950000834
0002498000578
000067bfff3e1
ffffffffff6b2
00018a0000a42
ffff3e00008ea
ffffd58000d46
0002a8bfffec6
00015ac0009c0
fffe9c80004be
ffffe2bfff40e
000208ffffc42
fffe2e3fff506
fffeb980005f6
ffffc90000824
fffd18bfffd48
fffd380000578
fffe9300001ee
fffdd0bfffb1e
00025ebfffdaa
0001948000c3e
fffda23fffb46
fffdb2ffffbf2
ffff8abfff400
fffe07000062e
0000c8bfff91b
00030f8000280
fffd5c0000478
fffea2c0005b4
fffee3ffff9d0
fffff87fff3dc
0000a38000761
fffe5c800048a
fffe3780006e3
0002c340003fe
fffda23fffd20
000157000089f
fffe563fff8d2
ffff6280008aa
000314bfffd28
0002713fffa32
0001b77fff58e
ffffca8000720
ffffe33fff729
fffce48000a49
0001ab80006c6
000274000031e
fffd4940001d2
fffe280000632
0001797fffba0
0001143fff499
000211800003c
fffce380006cd
00022a80004e4
0002d0400057d
00004400009fe
000208ffff929
fffe35bfffb7c
ffff90000056c
000006800091f
0001048000738
fffeaf000038e
00020c80000f5
fffd63400051e
0002a53fff870
fffe550000944
0002da0000058
ffff7bbfff846
000155000087e
fffe548000848
00006b7fff282
ffff7f3fff948
ffffc93fffab7
fffed9bfffd29
0001563fff428
ffffa0bfff632
0001de0000636
00016b3fff8ad
fffe77ffffd6c
fffd74800020e
0000b9000093e
ffff2480008c0
fffd373fffee0
ffff71bfff953
fffe1c0000478
fffea58000a46
ffff91800053a
fffd84bffffe0
0001ba3fffdb3
000118bfff83d
0000bfbfff81c
fffdb13fffd4c
000177c000712
fffd6c0000690
fffd0e7fffeb0
0002303fffd02
00017100008c0
fffd6fbfff8a8
fffd8d8000160
ffffb4000081c
fffe1600004f8
fffe86ffffcb2
00023740002ed
fffeb47fff694
fffd2d00002aa
00025ebfff70a
ffffe58000b75
0000440000b88
0002563fffaf6
00012c000031c
fffe6e0000a0f
0003907fffe12
0000dd8000ba8
00022640006d4
000059bfff6be
000296ffffcdf
fffdcbbfff828
0001cc3fff74a
0002644000038
000290bfffe8e
fffe7abfff781
fffd327fffd1f
ffffef4000a76
0001548000c44
0001cf000095e
0001b380002bc
0000bcbfff4a2
0002c5ffffda2
0001be3fffbde
000293800084c
000037bfff322
0002004000022
ffff03bfff850
000185bfff996
00029d000035a
00000b0000a1d
fffda2400056e
000186bfff7af
fffd9d3fffe84
ffff497fff330
fffd6d40005c4
000121bfff738
0003197ffff88
fffd0d4000268
fffd9e8000669
fffeb27fff854
fffe8f8000823
0000858000c88
00017280009fd
fffd1abfffbfa
00029240004b5
0001b3bfffe35
fffd3e8000404
fffccf7fff9ae
fffd7a000016c
00008b4000b73
ffff6e3fff632
fffe57ffffb84
00004c80008ba
fffffa3fff3d9
fffe6700007fc
fffe730000712
0001ca80002ee
ffffdfffffb64
fffe27bfff8af
000211bfff807
00016c3fff64a
fffd6880003aa
fffe8e3fff310
0001a38000890
fffd5dbfffe85
0000eb3fff780
000137ffffc95
0000fe3fff776
ffff24c0007dc
ffffda8000bc8
000202800060e
fffe718000cb0
fffd787fffea5
0002b13fffe90
fffe7c000055b
00024c8000326
fffd61bfffbff
fffef4000068e
00007e4000852
00023e00004de
0002370000186
fffdbc80002af
0001b08000a71
fffe1fbfff61f
0000cf4000748
0002c00000229
fffe553fff97c
0001977fffa64
0000ceffff820
fffff1bfff5e4
ffff11ffff5d2
fffe20bfff971
ffff414000aae
000263bfffb08
000223bfffc1c
fffdf4bfffa84
0000bf80005f2
fffd437fffd50
000123c0009fe
0002a40000366
fffd4a400008c
fffd1f80004ca
000267bfffb6c
fffd3d3fffc68
0000c43fff7aa
fffdf240005da
fffdc440004b7
00026b8000396
fffcd8bfffe13
ffff42bfff548
00023b80008d2
0000f8bfffb99
0003398000491
00007ec000b68
fffe400000403
fffd5c3fffb08
0002c43fffcf8
00009d8000943
fffde2ffffb10
00015c3fff310
ffffe90000c84
fffdf8fffff88
00031cbfffa45
ffff0b7fff92d
0000ae7fff4be
ffff947fff704
0002097fffa59
fffe478000f2d
ffff3c0000a76
ffff7ebfffb9c
fffd863fff80e
0001c8000046a
000276800038b
0000904000a11
0001ab400090a
ffffbcc0007a8
fffd093fffd2a
fffddbbfffd48
fffe21c0004d4
ffffebbfffb93
0000558000b2e
fffe953fff54e
00011380008ec
fffd733fff74a
0000e13fff910
ffff163fff53a
fffdb53fff89e
ffff0a0000941
ffff594000b80
0002b83fffa03
fffe0d80003ae
fffe707fffefa
fffe587fffc27
fffef9bfff5da
000232bfff7db
fffe3a3fffca0
00003fbfff540
fffee1bfff6a6
fffe64bfffa4a
fffee1800043a
0001343fff724
fffea6ffff418
ffff15bfff640
00013a00008df
fffcdf3fffee2
ffff28bfff846
fffe603fff770
000268c0003b8
0002d6c0001e5
fffd9500001be
00027fbfff91a
fffdcf3fffb4e
00007c3fff296
fffd0380002f9
fffdc080003d4
00028740005be
0000d4bfff8e7
0002a5ffffef0
ffff343fff96f
fffe538000944
000219bfffed0
fffe0800003e5
fffdca00003cf
0000cfffff813
ffffc63fff400
fffcf10000021
ffff73bfff521
00010abfff898
0001293fff3b6
fffc4a80001f5
0001f6ffff8fe
0000b6bfff643
ffff827fff4ec
ffffe83fff7cf
fffe52bfff4fa
fffdb93fffa08
0000ba3fff76a
0001deffffd89
00023fbfff87a
fffccb7fff764
ffff7e3fff4d2
0002cebfffbe0
0002768000c73
0002758000763
0002b8bfffdaa
00022abfffcfe
fffefbbfff936
fffea5800076f
fffd417fffe60
fffd898000328
0001d73fff761
0002a5000046f
ffff95bfff471
0000bb8000b91
000301ffff8c4
00020c80003a6
0000633fff853
0002c2bfffe07
ffffbeffffb3e
00021100006fc
fffd523ffffea
fffcf70000100
fffd92400065a
00023200006ac
fffce83fffd19
fffe7cffffc2f
0000cd000090c
00020940004f6
fffd9dffffe64
ffff273fff59a
fffe094000690
fffeb9400080d
fffd303fffe22
0000f38000b9a
fffce8000027e
fffd763fff8e2
ffffb7bfff7f7
fffeffbfffb47
0001f58000566
000103ffff828
0000177fff501
0000273fff696
fffddb7fff660
fffd8abfff8a6
0002468000154
0000894000a84
fffe44400058a
fffe957fff855
0001603fffa4a
fffdfd3ffff31
00019c0000999
fffe1d3fffd0a
ffff5040009d4
000227ffffeb4
fffd6900006b4
0001d1ffff5a9
0000b3ffff350
0000724000b4a
000093800098e
fffe4980003e6
ffff323fff656
ffffcf3fff4db
00022180009e0
fffe2d4000862
ffffbf8000b64
00005dbfff83e
0001a78000860
00021800006c2
0000403fff57c
ffff877fff79f
000223c000803
fffea48000890
00023000003d6
0000848000972
00019cffff830
fffd893fffac6
ffff790000ef6
fffda7bfffd12
000113c000834
000116bfff650
00003c3fff724
00023fbffff96
fffe867fff3f5
fffeac3fffda8
ffff510000ad4
ffff50bfff656
0001880000a5d
00011d7fff7bc
fffd82c0000df
0000188000ae4
0000f440007ce
0001908000762
fffe26bfffe1e
0000510000e28
fffd65000052e
0002580000408
fffd22bfffd30
fffedebfff594
0000f64000846
fffe36bfffc9c
ffff863fff507
0003247fffc1a
fffd378000751
0000443fff4ee
fffedb4000ab4
0000f00000bca
fffe6cffff706
fffe0c400072b
0000563fff4cc
0002503fffcb2
00018d000058c
fffd267fff85f
ffffa780009a6
00004ebfff584
fffdc580004c4
ffff920000571
00021c8000586
0002f03fffbde
0001b38000d0a
fffe010000a50
0002918000174
0001dc000095d
0001e43fffa6f
0000d63fffa50
000016bfff75a
fffffaffff716
fffe928000516
00012dbfff68c
0002a03fffeb7
fffdee800004f
fffeb33fff4bf
00019dbfff570
00008a3fff588
fffdf13ffff41
0001308000b6e
fffd9fffff918
000287000005c
000200bfffe54
0002e3bfffa0f
fffeb60000b12
ffffef3fff581
ffff0a3fff4da
0001aa3fffc44
0001864000706
fffd573fffb82
ffffb93fff6a8
fffeec3fff742
fffefb000087c
ffff730000994
0000557fff302
fffd85c00026a
000118bfff5aa
000029bfff672
ffffc1c000cf2
fffe340000738
fffd8d3fff6f4
00005cbfffc3e
ffff7bbfff915
0001c00000732
fffecc800043c
0000a73fff63c
000007400096e
fffeaf00006ba
000236bfff318
ffff468000be3
0000a3800095a
fffdb1c0004a0
0001d600004da
0002a7c00010c
0000298000bfd
fffed2bfff917
0002ce800070a
000233000041c
ffff58bfff445
fffe12bfff83e
ffff2e400040c
0001698000540
fffcb78000178
fffda0c00032c
00025a0000618
0002c1c0002e6
0000028000eaa
fffdbf400054a
0002ac8000482
0001f58000128
0002d23ffffd8
fffdf280004c0
00012c7fff822
000018bfff44d
ffff8cbfff52c
fffe6affffae4
0001083fff803
ffff95ffff7ec
ffff51ffff806
000219bfff9c2
fffdce3fffa91
fffe8fffffd5a
fffddd0000170
00019240009e9
fffda83fff77b
ffff3b8000810
ffff2e7fff4c4
fffe93bfff926
0001548000314
fffdd0bfffbfe
0002e13fffece
00030ebfff986
00020dc000462
00008b3fff234
ffff1fbfff46f
ffff2cffff6b2
ffff594000b8c
0000597fff4e6
fffe37bfffeac
fffea93fff728
0001ce3fff66d
fffda53fffcb2
fffd7b8000438
0001e2bfffad6
fffe2780009fe
0002c54000215
0002f03ffff8e
00016e0000918
00009f3fff812
fffe3b3fffd75
000236ffffd18
fffe2e0000270
fffe1e8000a68
fffdf9bfffe3c
ffffa53fff46b
fffe5d3fff742
000172ffff68c
ffffad000080e
000260bfffec1
000240bfffcbc
000255400034a
000023800094e
fffd5e8000136
00019980009bc
fffe458000a08
fffc897fffec8
000251bfffb2c
0001d43fffbda
0001680000821
0002bf8000242
fffdcc3ffffc8
0001a67fffa4e
fffea78000670
0000d3ffff291
000010c000874
00017a8000a67
fffe1b8000b9e
fffe2e8000118
00021fbfffc45
fffcd0000099e
fffdfb3fffad4
00031d8000112
fffd0f0000368
ffff47ffff962
00027d0000618
0000cb7fff6ad
fffea7bfff5f8
00020a400088a
0001cf3fff585
0000e03fff604
ffff08bfff610
fffd988000598
000184bfff511
fffd19fffff0c
ffffbbbfff294
000168ffff892
0001ccbfff8fe
0000803fff43b
fffdc9800025c
00011f00008cc
000143bfff5ba
fffe4400008bc
ffff967fff896
fffe73bfff99e
fffe844000a3a
0002e3800021e
fffdb600004ea
ffffe43fffec4
fffffe3fffdc6
ffff303fffdb8
00004ec000298
ffff653fffd90
ffffda00001ca
ffff558000171
ffff747fffcb2
00002b000017a
0000c38000079
00004d0000104
0000370000062
ffffd1c00026a
00005b000017e
ffff77bfffe20
00007d40000fb
000042400017c
0000be8000225
00004e80001f2
ffff483ffff40
ffffd53fffec9
ffffa300000dc
00005f4000505
0000108000248
ffffb3c000546
fffee28000198
00004280000fc
ffff7580003c4
fffffc00000a3
00005bbfffc60
ffff5d00000e0
000027bfffffd
0000247fffcc9
ffffda800007c
0000038000180
00008300002ce
000068bffffc4
0000fd800027e
ffff9e400018c
0000d33fffdbe
00008e400003e
0000863fffdb1
00000a0000128
0000ca3fffeda
ffffb380000e8
ffff710000125
000038000006e
00008600000db
0000110000053
000024bfffe2e
0000064000178
0001148000031
ffff65bfffe2c
fffff940004ca
00011dc0000a5
00000b8000101
ffffc500000a2
ffff8e3fffe0f
fffee6c00015e
00000bbfffdb2
ffff6f000001a
000036000024e
ffffee40000cb
ffffe83ffff05
ffffcc4000249
0000e5c0000f2
00003b3ffffe8
00001c00001b2
ffff67ffffd74
ffff95fffffdd
ffffdebffff1c
ffff7fbffff7e
ffffa97ffff50
ffffd2ffffdfa
0001403fffd46
ffff97ffffd49
fffff83fffc91
0000da00000d2
ffffea00000c3
00004dbfffd20
00001380003fe
00002180001ad
000011c0001e4
ffffbd3fffcbf
00008f3ffff90
ffff4f4000123
ffffe83fffdfa
ffffc980001e0
000045fffffc8
000015fffff38
ffff423ffff87
ffffcf7fffe5f
ffff697ffff9e
0000577ffff00
ffffb9bfffa08
ffff7e00000ad
0000edffffe9b
ffffa68000022
ffff7fc000254
00007e0000244
ffff98400009c
00005c3fffd6c
00003bffffaa4
00007d3ffff42
ffff6a3fffece
ffffaf40000cc
00002afffff3b
000023bffff1a
0000200000196
0000380000070
0000e03fffdfd
00004400000d2
ffff533fffe02
0000b7bffffdb
00009400002e2
ffff6c80002e8
00001e3fffcc4
fffeab3fffde2
ffff900000214
ffff923fffe68
ffffccffffdf0
0000663ffffb1
ffff713fffdbd
00005b3fffd36
ffff3fbfffe0f
0000633fffd88
0000213fffebc
ffff79bfffff4
00000c000000c
ffff9b0000243
ffffbf00000f1
00007080000b4
fffffbc000255
ffffe38000006
ffff57bfffeb8
ffffa93ffff8c
0000b6800016a
0000e9bfffd4e
000101000010c
0000e4000030b
fffff88000036
ffff61ffffe02
fffeec80000c1
00004dbffff5a
00003740001d0
ffffa23fffec6
0000abbfffde2
ffff7e8000122
ffff9fbfffe06
00006400002f4
ffff5f8000206
000044bffffce
ffffd1000021e
00003dbffffca
0000c240001d6
00009fbfffd48
00000dbfffda8
ffff0e3fffe97
000013bfffe07
ffffe20000284
ffff934000010
0000be3ffff39
ffffe18000091
ffffe080000ec
00009e3fffd42
00014e80002cc
0000cabffffdc
ffffebbffffa8
00000700000b2
00007effffe8a
ffff853ffffdf
0000b80000010
ffffc13ffffbc
000097bffff4a
ffffa0800003a
ffffed8000242
000027000025b
0000103ffffc5
ffffe58000094
0000f64000030
ffff14bfffe5a
0000997fffe58
00004abfffc86
ffffe48000406
0000c13fffc58
ffffea3fffd54
000073bffffd6
0000563ffff6e
ffffd77fffeec
fffffdbfffcd4
ffff0fbfffeb3
000000bffff10
00003cc00012d
00006fc0001b7
fffff5ffffed8
000057c0000a6
fffff40000098
0000933fffe7c
ffffef7ffffae
ffff597ffffd6
ffffc8ffffdb4
ffffd7800008c
0000b83ffff56
ffffd900001de
fffffa800010d
0000b40000016
ffff28000008a
ffff4000003ac
0000aa80002a8
ffffda3fffe52
00006b4000198
000005ffffc97
0000460000011
00000b8000246
ffffbbc0000b8
ffff820000030
0000a7bfffe14
00008f7fffeb0
ffff8fbfffe69
ffff438000256
ffff79000011e
fffff98000149
0000a47fffd58
00003f00003fe
ffffd47ffff14
0000863fffdd2
ffffea800001c
ffff677fffd58
0001270000058
ffff478000032
ffffd08000070
ffff61c0001b6
ffffa2000011c
ffffcb0000308
ffff4ebffff78
ffff210000069
ffffa0bfffec3
ffffbf0000072
ffffc4bffff07
0000d980002a8
00005affffc88
ffff9dbfffe72
ffffaabfffe29
00009cc0000da
00008a800018e
00004f3fffc3e
ffffb03fffd61
000033bfffedd
0000547fffd2b
ffff88c000037
ffffd9000005c
000051bfffefe
ffff5ebfffe54
00008effffdd6
0000080000194
0000503fffd28
ffffa0c000139
000017bffff36
00007f3ffff2d
ffffc93ffffd0
ffff5f800016e
00005c4000242
ffff3bbfffe3c
ffff8380000ce
0000de3fffead
00006b8000192
fffff6bffff32
ffffca8000127
fffff2bffffdc
ffff737fffeba
000016c0001c2
0000e23fffe06
ffffef00000e0
0000647ffff2d
000058ffffed6
00002dbfffc4c
0000438000090
ffff1b7ffff51
00009740000ca
0000fb0000364
00006ebfffe82
0000b5bfffe3c
000022800016c
00002c8000214
0000e60000210
000012bfffe5a
0000ff8000267
ffffbe7ffffdc
00004e000004b
fffec400003f0
fffffe3fffecf
ffffc0bffffa3
00008b00001f0
ffff64bffffc8
0000337ffff66
00009e3fffb40
ffff6f800011d
ffffa2bfffe10
0000a84000393
00004c000047c
fffff00000009
ffffefc0002d0
ffff9d3fffe74
fffff7c00023d
fffff03ffff8b
ffff653fffedc
00000d8000414
0000168000020
ffff330000048
00006c800024a
000066c00000c
ffffcebfffce6
000043bfffdaa
ffff96bfffee0
ffffc90000149
fffffeffffd6d
ffffb8ffffd0c
00008b3ffff94
ffff3d000031c
ffff9f80001ab
000062c0000aa
0000d6bfffe99
ffffbc3fffeb4
00001f7ffffde
ffffe47fffe21
0000a940000a4
ffff368000010
ffffc40000185
00007400000a6
00000fbfffebe
00001180001a2
ffff880000162
000087400028e
ffffd63ffff7c
00009d800002b
000011bfffbce
ffffa80000224
00005abffff95
ffffc6800045e
ffff947fffc90
fffffb3ffffc3
00002a80001a6
ffff758000028
ffff1f000021a
ffffe77ffffae
fffffcbfffde2
ffffe5c000069
000016000000a
000037bffff72
000133bfffc61
00006f4000222
0000903fffc88
ffffe74000236
000031bfffb99
ffffbe3fffe6d
ffffca3fffd26
fffefebfffe9f
0000453fffdfc
00000fffffd66
fffff53ffff0d
ffffe5ffffbe1
ffff6f800031b
ffff4c3fffc74
ffffcbfffff70
ffffe50000221
0000a68000006
ffff9000000b0
ffff54bfffebe
ffff9a800000e
ffff8740003ab
fffff3c000236
ffffcf40000e0
ffffb73fffd70
0000980000186
ffff500000024
00002cbfffe27
ffff9a0000278
ffff4080003ff
ffffe28000024
000021bfffd8e
ffff7d80000dc
ffff923fffed8
00003cbffff94
ffffe1000033c
0000903ffff1e
ffffc33fffc88
0000023fffdd4
ffff753ffff5a
ffff644000068
000021000010e
ffffa440001d1
000036bffff1c
ffff540000126
00005e00000e2
000002800019a
0000dabfffe2a
0000c30000258
00002d80001d8
00003f3ffff98
00005f8000194
ffff9f4000156
00008c7fffe46
ffffa33fffcce
00009abffff9e
ffffa4800027e
fffff98000100
000014fffffa0
fffd9fc0001db
0000ea00006f0
0001b2800036c
fffdedffffe93
ffff7100008de
0000fb000067a
fffddfbfffa3c
fffd59bfffb84
ffffa03fff5b6
0000df00006cc
00021f000034c
00027680002ce
00017c3fffe90
fffd06bfff645
fffdbf3fffabe
0001808000044
0002927fffbc0
fffe7c3fff9c0
fffd353fffcb4
000385bffff18
0000758000a1b
00015680007c9
0002983fff89c
0000efffff3e2
fffd51c0005cc
00015f0000c43
ffff2d40009b2
fffeacbfffad6
0002963ffff7a
00024380009d6
fffdfc8000664
ffffe83fff8c1
0002393fffe88
0002603fff9cc
fffdd63fff9e0
00007d8000a32
0002df000000a
fffe97ffff807
0001a83fff88e
000325800024e
000293c000048
00023b3fffac6
fffdb83fffaa6
fffdf2bffff22
000037bfff4c4
00022dbfff780
fffdf6800072c
fffe047fffdc8
fffd833fffffc
0001ae80009a6
fffe023fffb7e
ffff320000e98
0000303fff5ca
00018b800083a
00013a3fff95c
fffbd7bfffbfa
0000e50000a10
fffed27fff60a
000188ffff948
0000c8ffff644
fffedabfff6fd
0001ff3fffb8a
00021700006e4
fffd21ffffe8e
fffee3bfff732
000247bfff8da
ffff4b8000802
00024b800018a
0000ae800097e
fffdaa80002b4
fffdd70000633
000289bfffdc1
ffffa6bfff581
0000a5800075d
fffe22bfffc7a
fffe693ffffa4
00006bc000988
fffe9500005f6
000190ffffa5c
fffe4e8000605
ffff0bbfff4da
0001bf3fffa05
0000b23fff69e
ffff8f0000a56
fffe0a000025e
0001134000be3
fffe4100008d6
00002b8000957
ffffe27fff896
00028b3fffb43
00027700003e6
0000603fff417
fffd1740001c2
fffea5bfff9e0
00016dbfff692
ffffbebfff964
000365000020e
00017c40007da
00028d80006b5
000281000021c
fffc6c000032c
fffed43fff759
ffff3a4000627
0001147fff3e8
fffffabfff338
fffd8e3fff856
fffd843fffb45
fffd99ffffd6e
000036bfff864
00016b8000760
fffe7abfffa5e
fffd683fffff8
fffef8bfff94b
0001010000ce6
00025280003c8
000104bfff498
ffffc73fff5d0
0001320000a13
fffdb73fff88e
fffecc0000884
ffff980000942
fffdad4000588
000142bfff307
00004affff75a
ffff3cbfff625
000204bfff878
fffe4800008a0
ffffc93fff720
fffdd90000473
0001b58000956
fffd67ffffb1c
00029740002bf
ffff604000932
fffe78bfff84c
fffd633fffad4
fffff0bfff555
0001948000a4c
00039f3fffadc
0001b03fff5b4
ffffac3fff70c
0001cdffffc14
fffe75bfff4d4
fffed840006ca
fffdafbfffd98
fffdbdfffff73
fffe2280004f8
00027100005ea
fffdf2bfffb8a
fffe03800026c
0001030000a65
00024ec0002e6
000067ffff30a
fffedebfff4d2
00009e0000ad0
0001d7800027a
0000220000b18
fffc944000480
fffe9b3fff6b2
fffeee00005d0
fffd56bfffb3e
00024b7ffff40
0003133fff892
fffed880008fe
ffff7b4000efe
fffee9bfff229
fffeffffff54c
0000eabfff5b6
0000243fff746
fffdc840000f9
0002a5ffffd24
000152bfff7c8
000004ffff43c
00027effffcbe
0000e40000876
fffdeb3fffb16
fffd2fbfffe91
0000bb3fff4e7
00015a3fff693
fffe193fffa61
0002514000419
0000820000e21
000258bfff7a1
0000f5ffff774
00028fbfffec8
00017e4000da9
ffff043fff71a
0002337fff5ea
fffe62bfffe1a
00024480000ae
fffdd5800063e
0002c88000726
000004800091a
ffff8d7fff6da
00012cbfff739
000224800055b
00003b3fff34c
0002a2bfffb84
fffe30ffff71d
ffff363fff964
fffde7800002d
000077c000d00
0001768000abc
00026800006d6
00026040007e2
0002743ffff08
0001a10000b4e
fffdde7fff9b0
ffff53c000c3d
000026bfff5c1
fffe1180005f3
00028ec0003de
00014400004df
0001840000b62
fffff9ffff7f0
fffe8b00007a6
ffff280000870
ffff8abfffa21
fffe34bfff5c7
fffebd0000993
00014e7fff7ba
0002867fffe0d
ffff1bc000598
000102bfff888
ffffdeffff6d7
0002123fffde6
0000bec000c96
fffdd43fff8f3
0001a57fff64a
00006300008e4
00022abfff88c
0001cd3fff992
fffdf43fffb18
000238bfffd6a
0002fdffffcf6
fffe6f00009e4
fffd1abfffc78
000071ffff573
fffd968000484
0001c9000017c
0001f040001da
0002bbbffff02
0001818000978
fffec30000a90
0000053fff4ce
00025f7fffb49
fffe6e8000610
fffdbd3fffc7d
000200bffffeb
000007ffff4b4
00024a3fffaa4
fffe0b0000702
ffff4900007df
fffdcf800020a
0000884000c0a
0001f900007f0
00005900006f2
000022ffff40e
fffd7fc00072e
000238c0007da
00020340003fe
fffd988000490
fffea38000415
fffe4300005cd
0000ce3fff562
000228800000e
fffe8b3fff782
fffd71bfff90c
fffeef0000896
00001bffff34e
0001dec00028a
fffdc34000bc2
000071bfff379
fffd21000013e
00028bbfff9c4
fffe3bbfffc3e
fffdcabfffba8
fffd058000067
00008d800059a
fffe2cbfffbfa
ffff570000830
fffc0d80000a4
00017400005fb
0000e93fff7ab
00002a7fffb16
ffffc40000b50
0001a780006e4
000278c00072c
0001174000989
0001fc3ffffec
000244bfff8ce
fffeae800088a
000120bfff574
fffd32800031c
00015abfffd8a
0001a83fff77e
0000938000b58
0002557fffc78
fffe6b3fff578
000191bfff990
00020a000000e
fffff13fff520
00011f80006ae
0000faffff750
ffff080000937
0000468000715
fffe573fffae4
000213c0004d4
ffff628000c3a
000296bfffea7
fffd514000802
fffdceffff7d0
fffe0b3fffd57
0000dcc00099a
fffe5e3fff855
fffd6e3fffb18
0000eabfff5a2
0002d33fffe4e
ffff96bfffa71
0001ebffff9ea
0001fc3ffffec
fffe34000015e
000223bfffbf2
0001d87fffad0
fffeb70000890
0002d53fffcff
0001caffff952
fffe80bfff9f3
00010d7fffa52
0002e8bffffea
fffeddffff764
fffeab8000838
0000e73fff4ce
000010ffff85b
ffff6abfff596
0001893fff9f6
000274800031e
000093800097e
fffdf0000059b
fffdcdffffaaf
fffe26bffffc6
00034e3fffb62
fffd230000326
00023a80005e8
0002f1c000222
0002983fffd48
fffe7f3fff5af
fffe3600008af
fffdaebffff21
ffffae3fff5e9
fffe7e7fff708
fffed93fff9e6
0002a300002a7
0000f680009f9
0000c88000a14
0002198000884
fffd16bfffb0c
000036bfff89c
00018740009b0
0001e4bfff84a
fffd94bfffe3d
fffd8e8000409
00022ebfff734
fffec14000746
0000f8ffff844
0002b300001be
00027abfffdff
0001a1400073b
ffff9b80007f0
ffff6bbfff592
00026fbfff7a2
0001da3fff6da
000067bfff818
000009bfff509
fffda58000a30
00017e7fff774
0003474000122
00000d3fff5e8
fffe0fffff8da
0001e680007e6
fffd91bfffd5e
ffffac7fff780
00016080009a4
0002e780005f3
ffff078000aee
fffffb00007dd
fffe9cbfff6a5
0001a13fff844
ffffc7c0009c6
fffd6c40000b2
fffe7200008ca
ffff11ffffafb
0000a47fff538
0000f3c000834
00021ebfff9a6
fffebb8000a9a
0000883fff6fe
00030cbfffdb6
ffff503fff497
fffdfeffff80a
fffda9bfffb24
0002c58000426
0001138000978
0000383fff62a
0000858000a40
00007000009b1
00016d400078a
fffdd73fffc36
00002d3fff46a
0000718000c1c
00014100004c4
fffe84bfff88c
0000293fff270
0000800000cc5
000205ffff94c
0000d3bfff610
fffdbbffffb5a
ffffcdffff3a2
0000a57fff8fb
0002017fff8b0
ffffbe3fff4ea
0001918000b94
00017e8000976
0001bf7fff65b
ffffc97fff795
fffd3e80002f2
fffd23c0000f0
0000c0bfff228
00021d0000376
fffe5b000010c
fffd8c0000717
0002980000454
0000450000b28
00023fbfff99e
fffdbdc00055e
00018e3fff346
0000020000ccd
fffe07ffff7ec
fffe833fff8ef
fffd1abfffd2c
00031240003fc
ffff0c3fff926
ffffd87fff504
fffdd4bfff999
ffffd78000bc0
fffd848000324
0002223fffb48
00013dffff6b8
fffdd4000010c
00028dbfffb00
0002278000a38
00022f00008b1
ffffbd800088a
000238000005e
fffe3300003e2
0001f43fff682
00008fbfff4ce
ffff2ebfff56e
000241bfff9e4
fffdbebfffb46
00030000001ae
fffd4a8000252
fffd7600004b0
000105bfff984
fffd56800002e
000026bfff5e2
fffe4f8000809
0001993fff4f0
fffe56bffff43
fffe583fff511
0001f7bfffa60
0002707fffed8
000252bfffe90
0003503fffab6
fffe8bbfff3d9
fffe978000864
00000600008da
0000dbc000a8a
0001540000653
0001cd7fff750
ffff763fff316
00024dbfffe96
fffe7e00003f0
ffff090000704
fffe8fbfffe2e
ffff9c4000c6e
fffe1affffaf6
fffd67000087a
000025bfff84c
0000248000926
00006e0000554
000139bfff4b4
fffd74bfff992
ffff8b3fff8ac
ffffeb3fff4a4
00021a800063e
000256bffff62
00020bc000162
000136800087a
0002fe00004d2
0002cc8000560
0002293ffffee
000178c000934
fffdd43fffa94
0000907fff506
ffff83bfff6ca
0001c3bfff88d
fffe6e0000932
0003698000188
fffd8e000040a
fffdff800086c
0001bfc00067c
ffff9f00008b4
ffffdd0000ac0
00015100004be
fffea700004f0
0002e40000158
ffffdc3fff60a
0001a440009b6
fffdcf3fffc62
00003a3fff6a0
0002c2bfffa9f
00023280006da
000299000043a
ffff0e0000c6d
00003f00009ad
00018140006ec
fffdf43fff881
fffff30000a2e
fffd184000382
fffe76bfff764
fffdef3fff7eb
0001ee40003e6
0002f03fffd5e
fffd43c000849
0000abbfff879
ffffcf0000bf6
000099c0009c0
fffe25800052c
00028900004c6
000271bfffd82
fffd4a00001c6
fffef33fffb0a
0001b0800072e
0000140000b02
00000c3fff342
00021e000092c
00013fbfffa22
0002c2400045e
ffffd77fff66e
fffdb200004d8
fffdea8000675
ffffb08000a1a
ffffab3fff746
0000fa0000756
00023880007ba
ffffcdc000929
fffe65fffff54
00023fbfff5fc
fffe4c80008bd
fffd6d3fffd3a
00009340006eb
0002583fff7d2
0000b9bfff776
fffe0ebfffe6c
0000cc0000cbb
fffdf40000893
ffff990000c28
fffdd5bfffa60
0000ec0000a87
fffee63fff740
00027940001d2
fffdf63fffd0a
0001ea3fffcd7
fffe9f3fff87c
fffdb43fffd67
00025440003e8
fffcbc8000298
0001498000556
000107ffffb97
ffffa9c000a9a
ffff18bfff67c
fffe7cffffa2a
fffd37bfff8ac
0002874000026
fffde7c00043a
0001603fffd77
fffda83ffff42
0000ccbfff4e8
fffd2900003a5
fffd6200009d0
0001913fff820
ffffdc3fff822
ffffd03fff4dc
0001c8ffffa98
0001b93fff59a
fffe910000114
00021cbfffd2e
fffe157fff790
fffeb1800076a
ffff853fff5a7
0000a440008e0
000202bfffabc
00016980004c2
fffd9d400002e
fffda6000036e
00011a400072e
0000938000424
fffe31bffffa3
ffff06bfff300
0002193fffee2
0002f080002ce
ffffdb3fff5d4
fffd8640001fe
fffdb98000486
000091bfff884
00023880000c4
fffd83800030a
0001ee3fff9c0
fffde67fffb40
00025ec000134
fffdef40000d2
0001518000936
fffea90000922
00000d000055b
fffe25000042a
0002043fff676
00015abfff84b
00024d8000131
0000a000006c6
0002983fffb12
fffe870000724
0001fb00000f5
000024c000868
fffeb5400075e
fffece400067c
ffffa33fff890
ffff713fff829
0000f0000093d
fffe013fff7fc
fffd047fffe45
ffff63bfff514
00027bbfff948
fffd7d3fffa2a
fffddfbfffc6c
0001348000910
00021f8000731
0001ed800039a
000277800022e
0000013fff88f
0000784000873
00022b00005b2
fffe763fffb90
fffef9bfff68e
0000e1000080c
fffe233fffb5a
000051ffff34a
ffffdabfff78c
fffe4c0000622
0001103fff581
ffff3700009e6
0000e780008aa
0002b8bfff8d6
fffceabfffc4a
ffffd540007d0
fffe233ffffdf
0001bc00007d5
ffff3780009f0
0001d740002aa
000232bfffcd5
0000f98000ace
fffeb7c000880
fffe2cfffff34
fffd4100001c9
fffe963fffa1a
000201bfff8f1
0000d1bfff7b0
000342ffffdcc
00022a7fffc1a
fffd99bfff8b7
0000cfbfff520
ffff393fff3d8
0001f5ffff8e1
0002f6c00043e
ffffef8000760
fffcf600000e0
fffd43c000a40
fffe7a8000968
fffdce7fffdb0
fffe1580004d0
fffe0dffffa62
fffe5effffe1b
0000fabfff5b8
0002fd7fffd99
00013c8000c74
0001913fff580
0001b780003b3
0002763fffd2c
fffe1680006e6
00026d000051b
ffff7b4000a6a
ffffe0bfff38d
fffdd100007ec
0001d5c000407
fffd6b0000032
0000133fff59e
000165c000a34
fffd8dffff936
00002e0000929
00028cffffcd1
0000b8400092d
0001917fff6de
0002d8000029a
0000e98000535
0000d5c000608
fffdb43fffb50
fffe414000882
0002a63fffc84
fffea0ffff501
fffd5f3fffa58
00027f800027a
ffff8c3fff322
fffe70bfff45a
0001ceffff494
fffd98bfffcb9
ffff793fff286
0003053fffb47
0000ec3fff8ce
ffffdfbfff87f
0001020000856
000162ffffbdc
fffe3c0000a8f
ffffca0000bf8
fffd9b800051c
fffe93ffffbc2
fffe54000061e
0000fe3fff81d
ffff37bfff6e8
fffe9bffff786
0002a5bfff6ce
fffdffbfff95c
0003673fffb06
00016c80008a5
0000a5bfffa7f
fffd9f0000036
ffff33bfff7b0
fffe33bfff8fc
000211bfff8db
fffeb88000d21
0000230000910
fffd307fff5e9
0000ed3fff778
fffdb140000a4
00010b0000c60
0001c8800089d
ffff110000b4a
ffff8d000073a
0001e2ffffd23
fffd8280003d0
0000d9ffff53a
fffda8bfffdb5
ffffe7bfff53c
fffeda7fff58d
0002180000700
fffee1c000594
00028e3fffc2f
00017f80009dc
fffe463fff9dc
ffff730000364
0003b5bfffe94
0002bfbfffc52
fffed23fff88c
00019140004e4
0000a6800078e
fffe9b3fff454
00027c3fff75a
000260fffffe2
ffffe7bfff6af
ffff04ffff418
0001580000561
ffff590000c28
0002763fffd6b
fffdd58000694
fffd353fff585
fffce90000236
fffff03fff866
0001588000902
fffe237fffbf1
ffff55000093b
0000798000842
00012d8000a4a
fffdcf3fff9b6
fffec10000b33
00011d8000a00
fffea680004c9
fffdce3fff847
0001553fff380
ffff827fff896
fffe193fff5e4
00016040007d4
fffff13fff336
fffdf38000286
fffddf3fff692
fffe2f800089c
0000923fff60c
000000c000c3c
fffda7bfff89c
00017f3fff4f7
fffd3f8000349
0001353fffc74
0001bb4000970
0001cf4000656
0000293fff138
000147c0007aa
0001e73fffe10
fffde83fffc1e
0000b9bfff7de
ffff97ffff755
0000d84000ad0
fffd740000876
fffcc68000114
ffffdf800012a
fffe684000008
ffff63bfff69f
fffe01ffffaaa
0000d83fff703
ffff873fff40e
0001990000928
fffeb480007f0
0002d6c00048c
0000350000ad5
fffeb0c000809
fffe360000759
fffef6c0009c2
fffd167ffff2e
00026bbfffe90
fffede40009d1
00023700005a8
0001cac00012a
fffe8e3fff2bc
fffd4ebfffb27
0001563fff992
0001f1bffffde
fffda48000458
000217c0004ae
ffff4900009cf
000243bfffd95
fffdfd000013a
fffdcfbfff8ca
0002164000098
000008ffff58c
fffd4180004de
0002524000784
ffffc48000ab3
000298bfffea6
fffe7cc0005f8
0001ed3fff5ea
00022480002e8
ffffdb4000838
fffe93bfff57c
fffe243fff6b4
fffead0000922
fffd8dc000330
fffddec000782
000254000036c
0002f1800035c
ffffcf0000b05
fffe030000404
fffe8a80005a5
0002f7800045e
0002d9ffffafa
0000c200007ca
00029300005dc
0000d7ffff350
ffffe480009b8
fffe89ffff523
000159bfff664
00022e40000fb
00009a0000726
fffdf98000064
000206ffff7c2
00028640003cc
0002ebbfffbd2
0001eeffffd40
0001dd7fff67c
0000423fff13d
0002470000170
fffea2bfff94f
fffee58000647
fffde73fffb4e
00001a3fff358
00002d800091c
fffe6f8000761
00009d3fff5ad
0000e7bfff744
fffd9e8000030
000122c0006f6
ffff2a8000b36
fffe1e0000152
fffea7000054c
0000d7bfff354
fffdc3bfffaea
fffdc58000235
fffe77bfff63c
fffe9b800076a
00009ebfff564
fffd93c000207
000193c0009f6
000168bfff450
fffe50c000c36
00019f3ffff94
0001490000746
0001a60000416
ffff360000afd
0003843fffd1e
fffe54bfff300
fffe063fffa22
ffffffffffaa0
0002398000326
fffda1800093a
fffe0cc0006ae
0000493fff76b
fffcf600003d2
0000ed80006be
0001848000583
ffff3500009b9
0002d5400038e
0001a53fffb3a
fffe2700007e6
ffff668000883
00006700009c9
000239bfffafe
0001853fff6ea
fffd7dbfffd5e
0000dcc0008b8
ffff163fff634
fffe418000a70
fffed7ffffdeb
0002900000115
00013d4000a44
fffde43fffae6
0003248000566
fffdd88000022
fffdf700005b8
fffda8bfffc89
ffffb68000b50
ffff8b80009a0
fffde04000434
fffd81ffffada
ffff308000936
fffe64ffff732
fffdf500007f4
0001c900004aa
fffede8000824
00002b3fff370
0001c4bfffc74
fffda6bfffb1e
fffda4bfffba6
0000e68000a97
fffdc540004fe
fffe71bfff79e
fffda43fffea0
fffd3080001c4
ffff12ffff5e9
0002d4c0004ff
0000173fff3dc
00035abfffd04
0001e7bfff950
000204800055b
ffff438000acb
0001610000a2d
000110c000988
00019180003e2
000157c000603
0000cb80008e8
fffdf0bfff862
fffdd93fff7b3
00027180000d6
00025bffffdd1
fffebe3fff6a1
0000c53fff7b0
00024700004fe
fffdccbffffc0
fffd800000372
00022b0000667
00006bffff876
ffff0d8000a0c
00020bffff6d4
0001653fff5da
000178bfff77c
fffd278000246
0000eb00006c6
0001963fffc39
000023bfff4a0
fffd3b000040c
0001e4c000509
00022300005a9
ffffa34000873
0000958000a57
0002aa7fffe72
fffd64ffffde8
fffe163ffffea
00005a8000ae2
ffff393fff888
fffe3b0000134
ffff6e8000987
fffde63fffee8
fffec4bfff60d
0001e10000349
fffd3abfffcca
fffdc03ffff83
fffd6080004be
fffdfb0000aa3
0000babfff666
fffd3d40003bb
fffedebfff52e
fffe9a80005a2
0002eb4000439
fffd9300001fa
fffe2f0000213
00013f3fff700
0002a78000302
fffd4b3ffff5c
0001a6ffffd8d
fffe15bfff7cf
00015dbfff71a
ffff7f3fff7f5
fffe51bfff4e8
fffe96000056c
000095bfff5aa
00031c00001cc
000289ffff8ec
fffe4040003ac
0000dd7fff352
ffff2dbfff873
0002940000a11
fffe33c0009f7
fffea98000e0e
ffffcd8000786
fffe8600002c8
fffe06c000900
fffefd4000db0
000045000081c
00017d00009be
fffe6e3fffb3a
fffdfa0000ac4
fffffb4000d5a
0001384000462
fffdbd3fff698
fffddfbfffb26
fffe1180001ae
000225bfffa80
fffdeb3fff9d9
00017ebfff6dd
0001afbfffc8b
fffe0c00001dc
fffea18000512
0000733fff6de
fffce8c00009e
fffef7bfff46c
fffd6b4000a00
000238400048b
fffd690000012
ffff0cbfff686
fffe5c80007a4
0001027fff736
000366bffff55
fffe963fff819
0001dc00008d0
fffe780000a04
000043bfffa53
00012c0000847
0001f3ffff91a
fffd643fffbde
fffe2ec0000ba
fffe0d800070c
fffde800008f7
fffde6bfffaee
0000ba800078e
0002763fffc88
0002310000349
ffff410000b06
fffc47bffffd0
fffed0ffff58e
fffecc3fffde2
000211c0004d4
fffd6b000021e
000253bfff9ba
0001df3fff980
000286bffff4b
fffd430000464
ffff5f7fff6e2
0001623fff470
fffd88ffffc38
fffde10000478
fffec100005b2
0002247fffa1a
0001e3bffffaf
fffff58000814
0000b1c000b80
0001663fffa8a
ffff438000948
fffffc7fff435
0001a580006c2
0002340000c12
fffdc47fffda6
000097c000af1
fffdef8000424
00007e7fff692
fffe8f3fff87f
00006c0000c7e
0001fd7fffc50
000184bfff3ca
fffd8effffc88
ffff87bfff454
0001648000796
00018fffffaee
fffcdb3fffe6e
fffde84000156
0001c780009dc
000275800084b
fffda53fffb96
fffd85bffff71
0000538000628
00012abfff543
ffff798000724
0000487fff4c6
000047c0008fc
00022c0000738
ffff658000a7e
ffffb77fff576
fffd3a000031c
fffe9980009f0
fffe5480007af
00004dbfff6ec
00015f000078b
fffe48bfffa90
0001563fff69a
ffff803fff637
fffe2d7fff78b
fffe383fff689
00035900001a1
0000273fff457
0002b53fffd83
000196800098e
000051ffff752
fffdfb000029a
fffe8e3fff390
fffef180007f8
000234c000205
000340c0002c0
0002603fffa9b
ffff6b80005e4
00025c8000634
ffffb13fff4f8
fffea2bfff7fb
fffe813fffa39
000293400066a
00008840008da
fffee1bfff96d
000190800056c
00017fbfff4f7
fffd4cbffff3a
000048c000b2e
0001623fff862
0000893fff49b
fffd384000178
000237ffffcb2
00010abfff551
fffeef0000c50
fffdef80002e8
fffeacbfff55e
fffe68c00037e
00025000004bd
fffd85c000102
fffe0d4000752
0002110000668
0000e0bfff744
0000118000bc6
00012280009b0
fffd45bfff774
fffd38bfffe57
ffffb87fff8af
fffd628000746
00024a000031c
fffdbeffffa2e
fffe917fff7d4
ffff18bfff856
00020d00008a3
fffd77bfffe3a
000074c000c5e
00014a7fffa86
fffdb03fffaa8
fffef8c000639
00022b0000105
00014380006ae
00025f80005c8
00006dbfff313
0002833fffbbe
0000ed3fff97f
fffeac3fffc2c
fffcd8ffffa6a
ffff51bfff782
ffff957fff872
0002fa0000404
00028100001f6
000361000010d
fffdea0000294
000193bfffa34
ffff648000b9e
fffefc7fff884
ffff5a3fff5e2
0001133fffb8a
0002bc80003e4
0002e2000005c
fffe66bfff7e2
00021e80007e2
00010b7fff7e3
fffdbc0000224
fffc74800035a
0000f57fff85a
fffd5abfffb66
fffcd4c000316
fffebc0000556
000206c0006fa
fffd753fffc74
000359ffffb6c
0001ce3fffc50
fffed80000692
0001be800057d
fffd7d3ffffc8
fffdefc000348
000232400068e
000024ffff538
fffef93fff414
0000d0400097e
fffe02800058d
fffe8c80008b8
ffffddbfff52a
ffff7dbfff9f8
00023dc0008b0
000298800041c
fffcb10000197
fffe1b80007ab
fffcacffffb44
0002288000572
ffffbabfff6b8
0000c2400070a
00019affffc62
000278fffffbe
ffffa480007de
fffe63bfff241
fffedbc0004d2
ffffbd0000aea
fffce5bfffedc
fffea97fff552
fffe793fff9a3
fffe9ac0009c9
0002333fff9d6
00009700006ca
0001d8bfff8ea
fffdb43ffff93
00022d000025e
fffe3d800056a
00025500006f2
fffe697fffdba
ffff19bfff57a
fffe3a80004d8
fffe1a3fffd64
ffffd20000841
fffdb3bfffbea
000207ffffb18
00017180006d2
0002f84000507
000071bfff79a
0002367fffcfe
0002648000535
00020f0000502
fffdb100002c8
ffff2e3fff942
000166c0006ba
00025d80006ae
00023c3fffd55
fffdae7fffe62
000169ffff8ca
00010e3fff341
ffff4b3fff5eb
0001044000b10
0002360000928
0000b1bfff624
0002af3ffffa6
0001fcbfffc27
fffe777fffb82
0001ea000047a
0002c3bfffdec
000207800074e
0001cf3fff45c
fffec30000980
fffd5f800041c
0000ce0000ddc
fffdcbbfff982
ffffae8000cd8
fffdc880001f0
0001608000736
fffe2fbfff584
fffe448000039
00006d4000a26
fffd88800031b
fffeb18000485
0000903fff8f0
000079000099b
0002d0bfff9da
fffe143fffbde
fffd563fffdde
0000d70000bd4
fffefabfff50a
00019d000050d
00027800001c4
fffd5a0000289
fffe2d000055a
00013c3fff958
00008ebfff6ea
0000138000a70
0000f080005b0
0001cf000042c
fffce03fffdaa
fffdad80003f3
fffe5cbfff66e
fffe368000aae
00003f3fff9fc
000258fffff38
0001e03fffc62
fffea100006d4
0001933fff67c
0002da3fffc6f
000183bfffa82
fffefc8000780
fffe973ffff22
0002ffbfffef4
0002b2ffffb3c
00027580008ce
00018800002df
00002600008ce
00014500006e8
ffff490000a82
ffff458000b1a
fffde000000e8
0002890000c62
fffdcebfff7d4
fffd88ffffd8a
00002f8000a68
fffead0000436
00022b4000572
ffffdf8000a93
fffd4a000038d
fffed33fff85a
fffe8f3fff6f8
fffd46ffffc90
0002073ffff3e
fffd8e80005b8
fffdbfbfff9a6
00029d00002e2
ffff9180008d6
fffe740000325
00024b00004e2
0000883fff6a6
0001fa3fffe4e
000256bfffab0
0002e3bfff9e6
0000d77fff3ea
0003138000012
000129800090c
0001ad3fff9ba
000253c000272
ffffad7fff482
0001ab0000c00
000138400078e
fffd403fffe0e
ffffcc4000c9a
0000b08000a3e
0002f900005ab
fffecd400065a
ffffceffff5e4
0000d88000e27
fffd5cffffbc4
ffffaf0000af9
fffd4280002a2
ffff667fff694
fffd973fff904
ffff2e00009d2
0001d93ffff58
fffe3f80003c0
00018dbfff8bd
fffcf88000071
00028abfffcf2
00024f7fffaee
0001fc800063c
fffeedc00047c
00034e80002ba
0000a88000912
0002407fffa5c
fffde4bfffd13
ffff987fff889
fffd6e80003f9
fffedb800066c
0002ad80005d4
0000290000a35
0000bc800077d
0002e53fff708
fffd8a3fffe06
fffff93fff872
0000f180009c2
fffeb68000476
000080bfff572
fffd81800018e
0002ecbfffd84
fffe394000538
0001083fff634
fffd3400000bd
00028ebfffafc
00022b8000630
000186bfff858
000234ffffdb6
00015f00007b2
fffe83bfff9d8
0002758000219
ffff0c3fff51e
ffff623fff652
00015f80005d0
fffde0bfff864
0001f4800001a
000176ffffbce
ffff41bfffea6
fffdedbfffc1c
fffd5780000ea
fffd924000414
0002288000317
fffeca80007c4
0002a18000096
0001897fff784
fffea7c000804
ffffee3fff3c8
00023280002a2
fffe857fff670
ffffddbfff796
0000194000b61
00009c8000829
0002388000bc1
fffe27800067c
0001653fff8c4
0002bbffffe3e
fffd524000504
fffdefbfffb24
ffffb68000a9a
000014ffff563
ffff13bfff433
fffdc7bfff875
fffff6bfff499
000329ffffe8b
fffde0c00051c
fffe75bfff964
0001d10000278
ffff557fff7e7
fffd7e00003c4
fffeda000070f
0001dc80002f4
000339bfffe25
fffda84000644
fffe3bffffb64
fffcc3bfffcf0
fffe9a0000032
0000ce80004a0
00018ebfff83f
00014d3fff2ec
fffdddc000074
0001060000c28
fffe603fff884
fffe64400093e
fffe864000184
fffd8100008ca
00023e0000662
000039bfff70c
fffdc3c0000e9
00023780009c7
fffecc400055c
ffff9780009c4
000225bfffdfe
0001ae00005e8
fffe3affff89e
ffff840000a72
000307c000106
0000d480007a7
ffff407fffac0
0002fec000486
ffffcfbfff4ba
fffec8bfff66e
0001bc80008b6
0002678000382
ffff5e8000730
0001d78000665
0001773fff950
0000278000650
fffddcfffffe4
0002498000b18
fffddc3fffe6e
0002fd0000430
0000dc0000a5a
fffeb57fff650
000121bfff4ca
fffe49bffff5e
fffda4800031c
fffd8a4000420
000289ffff5ea
0000a83fff8a1
0000750000a7d
fffe658000364
fffee94000688
0001c20000582
00023b40003b0
fffe0480000d2
0000ea3fff809
ffff50800087f
ffffffbfff5b7
000143000068d
0001fe000059c
00028e8000286
000086800091e
ffff997fff848
0002210000578
0000e4bfff31e
ffff4f3fff73c
fffea63fff756
fffd0bbfffbb2
fffeaf3ffff6a
0000844000a26
fffd590000768
00025f00009ca
fffec80000757
fffffa80009f3
00021000008b3
00021f80008ee
0002a600000eb
00036d3fffd9a
0002e2bfff9cc
fffdf4ffffa88
fffdc9bfffe9a
0002c3bfffd12
fffdc50000992
0001cabfff61e
0000357fff55c
00001f3fff94c
ffffadbfff5cf
fffe19bfff7e4
0002b3800065e
fffcb70000229
0000a64000a6e
fffe53c000818
ffff6cc000a6a
000247bfffed0
fffeb8bfff719
0001e8800020c
00026e8000617
ffff5fbfff57e
fffc6cc000486
0000d33fffa19
ffffde00009e9
fffde180000dc
00012e00009b3
000190c0008fe
000066ffff846
0000e54000a02
0000bb0000a8a
0002938000629
0003ba0000318
0000f64000a50
fffd757fff607
ffff3880007c6
fffcffbfff978
00007880004b6
ffff253fff88a
fffe8c000090e
ffff96c0008cc
00002fc000845
ffff31bfff864
fffe4ebfff556
fffd75ffffe2d
0001c7bfffc70
ffff6a3fff6fc
fffd2dbfffb28
0000c2bfff718
0000c3bfff832
0001674000a0a
fffd92bfff9aa
00032440002fe
fffd8a80001fc
0000afc000948
0002988000432
fffdf33fffb3a
fffdb380002d8
0002223fff7f0
0000eaffff8c5
00020200000b0
fffe0b3ffff56
fffeec3fff93b
00015440004a2
fffed54000996
ffffbfbfff5f3
00025ebfffb6a
fffdd2bfffb96
0001dc3fff8aa
0001ec3fffd83
fffe3d3fff82c
fffe383fff84e
000015bfff494
fffde80000050
fffe973fffa52
0000b5bfff920
00014800004ca
0000d4400095b
fffe5bbfff772
fffee94000806
fffdfd3ffff53
fffdc380001de
000330ffffd77
00018f00008ea
fffedb8000a68
0000563fff694
fffdc30000370
fffdeebfff9e5
fffd73bfffdd4
000087000080a
ffff6e7fff56c
fffe3ebfffc38
0001263fff666
0001014000d04
00013d00008ac
00022ac000307
ffffdf0000a46
000206800014c
fffeaa3fff6d8
fffe280000782
ffff4f00008a2
00000c3ffff04
000021000031b
ffffe480000fc
ffff640000062
ffffe680002a8
0000497ffff20
0000af800025c
fffff74000031
ffffa900001a8
ffffc44000038
ffff8b7fffe0e
00004bffffebd
0000e77fffdce
000027bffffb7
fffe5180001d2
fffffa7ffff40
fffffd800037e
ffffd73ffff5a
ffff0180001ae
ffffb34000086
000073fffff5e
0000008000528
ffffef8000182
ffffd47fffffc
ffffc83ffff22
ffffc440004ba
0000263fffea6
ffffbe800051e
ffffcc0000414
00001bbffff76
00002ac000041
00000cbffffaa
000000bfffec0
0000e07ffff6d
00001c4000156
ffff7e80001a3
ffffbdbffffb6
ffff88800018a
ffffbc3ffffb4
00009ebffff88
000000bfffeda
0000a4c000316
ffff888000326
0000224000213
00010f0000325
0000aa8000202
ffff7a3fffe4a
0000ec8000356
fffff5bffff0e
fffffbfffff80
000063bfffc9f
fffe9e800029a
000060fffff80
0000703ffff6a
000074ffffa6e
00001540001fc
ffffe78000029
fffffe7ffffbe
ffff8e7ffff8c
000088800005a
ffffd500002ec
00000fc0000f1
fffff1000007c
ffffad3ffff2e
ffffc8ffffe8c
00005d3ffffe5
00001a800005e
ffffd6000003a
0000bf3fffde1
00002a8000071
ffffdf800003d
000056000003f
ffffd4000010f
ffffac00000e3
ffffd800002e0
00001bc00027a
ffff8cffffca1
ffffc1bfffe71
ffff30bfffde6
ffffc480000f2
fffee4c00005c
ffffad40003d8
fffff6bffffb6
0000493fffe72
0001073ffffba
ffff74bfffe90
0000a07ffff5c
ffffea0000352
fffff8ffffe53
ffff85bfffd30
00009d00000f0
0000c83ffffd4
0000403ffff92
ffffdc7ffff6c
00004a0000328
0000153ffff6c
00009e00001be
fffffe4000066
ffff07bfffd79
00003d800019d
00000b80003f0
ffff7c00002f8
ffff770000020
ffff94000054e
000047bfffe83
ffffc00000017
ffffee7fffe6e
ffff1d000010a
fffff8c00013a
00012b800032a
000030c000101
00006a3fffcca
ffff343ffff61
000038bffff8e
00003e7fffe7a
000093bfffe0e
ffff8dc0000c6
000027bfffe07
ffff9900001f4
00008100001b3
ffff734000104
0000ad00002a1
0000484000102
ffffcebffffac
0000678000107
ffffe97fffd6a
00007d0000070
000065bffff20
000079c000345
ffffc38000035
0000e9000009f
ffff9a8000199
ffffb580001e8
0000ad3fffd69
00006100003aa
ffff4f8000088
00007180001e2
000050bfffe10
fffec5bfffa46
ffffec7fffe84
0000807fffd4c
fffe760000126
00007ebfffe91
000016bfffbfc
000039fffffba
0001e53ffff8d
ffffb980001e3
fffff58000071
ffff91bfffd62
0000e53fffcb9
0000c88000296
ffffc7400019a
000017ffffe7e
0000067fffe72
ffff41800023c
00004c3ffff38
ffffdebffff3c
00004a80001c0
ffffa880000f9
00004d7fffdd9
00001200001f4
ffff383fffd93
ffffd63fffda1
ffffc03fffe58
00005fbfffd89
0000124000208
ffff613ffffac
ffffb7000018b
ffff120000134
0000000000056
ffff8880000a8
ffffcc00002c6
0000063fffe68
00001ffffff04
ffffd9bfffc54
ffffef3fffd59
0000a03fffc62
0000aa3fffd90
ffff7abfffc8b
ffffde3fffe80
0000070000196
00007bbfffaf2
ffffbb80002ec
ffffcec0000b6
ffff390000014
ffff6a3fffef0
ffffbdbfffd2e
ffff99bfffe80
0000b37fffeeb
ffff40c0002c6
ffff67400004e
00009e0000329
00013ffffffe4
00010b3fffd2a
0000493fffeda
00000780000cc
ffffa5bfffccb
00002900000ae
ffffae0000020
ffffe1bffffa5
000005c00005e
ffffeac0002d8
ffff96c000010
000020c000116
fffff0c00023c
ffffd78000264
ffffa63fffdba
00003d3fffe13
0000110000298
ffffde8000324
ffffeb8000186
0000a3c0000d0
ffffc080001fd
ffff5b7fffcfd
ffffbf3fffccd
ffffc17fffef4
ffffebc0001f2
0000698000290
00005f7ffff05
0000133ffff0e
00007dffffc06
fffff1bfffcf6
ffffbebfffc7b
00000d400037a
0000acbfffebe
ffff9dbfffe7a
0000ec4000119
ffff168000009
00006f0000111
ffff530000427
000034000022e
0001380000396
0000583fffd8e
ffff7200003c0
000089ffffb9a
ffffbd3ffff98
00005cbfffe6c
ffff4d40000b0
00003a000010a
ffffe680003e8
0000be7fffd2e
ffffaf3fffee6
000054800033c
0000d08000152
ffff83c000356
0000d1ffffc68
0000243fffcee
ffff8a3fffde2
ffff4700001e0
ffffd00000046
fffff2000023f
ffffe93fffcdc
ffffa540002c8
ffff94bfffdf0
0000a23fffed8
00008cc0000ea
00002e0000086
ffff30ffffff7
ffffd80000050
fffe67c0001c9
ffffd23fffc70
000071bfffc24
00003dc0000c6
0000b0ffffd5a
0000313fffe8e
ffffc9fffff06
00003e400002d
ffff6ebfffd97
ffff50000008e
ffffedc00000f
0000433fffdad
0000ca3ffff87
ffffb28000000
00000800000e0
0000663ffff74
ffffd2bfffe11
000027bfffc14
ffffba0000122
fffffc7ffff4f
0000d43ffff18
00004b0000264
000114bfffd44
fffff8bfffef0
ffff09bfffe98
ffff8c00001a7
ffff35fffffd2
ffffccbfffee4
ffffac0000064
ffffc3ffffe6e
ffffbbffffe1c
00005480003e2
ffffe48000018
ffffbb3ffff52
fffef8800024e
0000c900000e8
ffffe6bffff03
ffff933fffc42
00001300002d3
ffffb03fffc78
ffffe1c00001c
00004dbfffebc
ffffae800031e
000039c0000f0
ffffafbfffd0f
0000a13fffffa
ffff8a00000d8
000093800014b
ffff1800000f8
00000b7fffca9
0000813fffedc
00003e000061e
0000bfbfffd3d
ffff7f3ffff0f
0000063ffff68
00007a8000460
ffffdd800006a
ffff8bfffff4c
ffff4d8000142
0000b2bfffc96
000098fffffe7
ffffd13fffedc
ffffaec000266
00007b0000226
0000a14000342
fffff6c000092
ffff163ffff4d
ffff403ffffcb
000032bffffee
00009940001e5
0000754000258
ffff0fc000098
ffffae8000246
0000aac0003a4
ffff983fffb42
ffffe2c0000ac
000055000023a
fffff9bfffe44
0000273fffd5e
fffff8bffff9e
ffff8100000e2
0000653fffe13
000082c0000fa
00000a4000024
000089bfffe84
ffff2d0000032
00001e80000a3
0000fe40000a5
ffffc6bfffdb8
0000590000104
00000900000ac
0000187fffef1
000055bfffdb1
ffffce3ffffb8
ffff6e00001ca
ffff30bfffc16
ffffbfbfffd6c
0000acc000404
ffff973fffd80
0000d23ffff22
ffffed000009a
0000273fffc0c
ffffca3ffff40
00000a3ffff6c
ffff6f000039c
ffff378000287
ffffff800005d
ffff60fffffeb
0000024000314
ffff26bfffc5a
00004100003a1
ffff610000030
0000c6bfffec2
ffff3a3fffdb8
0000934000028
fffff63ffff85
ffffb3bfffeea
0000658000250
ffff157fffff5
ffff62800015e
fffff240000ed
0000540000277
000043c00019a
0001087fffef8
fffff63fffcde
ffffc700000ad
00008dbfffcd6
00001f8000396
0000a28000295
ffff50bffff30
ffffb800000b5
ffff7cbfffeb5
0000408000050
ffff9e000009e
0000143fffd5c
0000ffc00014b
0000ae0000006
000055400001d
000075800000a
00004080000b6
00005540000a9
0000263ffff92
ffff793fffd09
000003bfffe1a
ffff8dbffff24
000045bfffea6
00000c4000217
00006cbffffcb
000027bffeec5
fffdc5fffffd5
fffdd500001a6
fffdab3fffbc2
fffee88000a30
ffff8fffff913
00031e7fff7e2
0001eb7fffaa6
00027dc000054
fffd02bfffea2
fffcfc00004db
000146ffff62d
0001e20000090
fffcb4800038e
00010bbfff960
fffd837fff9ec
0001ed7fff484
0000818000ad2
ffff5fbfff480
0001223fff7dc
ffffab00009ce
fffeef3fff716
ffff183fff471
0000733fff972
fffde33fffa3c
ffff858000b64
fffd7b800069e
0002003fff687
fffe34bfffcd0
ffffcdbfff686
fffeb4bfff5c6
fffed84000908
0002da800024e
00007ec00093c
fffe27800063a
00020bc000640
000115bfff5f5
00001c0000bee
000267bfffc7a
00029280003dc
00009c7fff3fe
ffff37bfff6c4
000284bfffeb3
fffdde3fff962
fffd0b3fffea2
00001f0000ceb
00026ebfff913
0001717fff8b8
fffefc00005be
fffd317ffff72
fffe97bfff7ba
0002c1bfff83b
0000c7bfff672
0000723fff71c
00005d80008ad
fffeb280005c2
ffffb60000c86
ffff1fbfff04c
0001694000a7e
fffddc3fff6d4
0000b63fff9f0
0001b08000a84
00017780009da
fffec18000598
fffd1d3fffdcf
0000133fff1d2
000293ffff7a2
fffd49bfffa2c
0002ba00002a2
00000c8000aae
0001de0000a94
0000d1ffff822
fffffd00006e9
fffe0b00003ac
fffd9ac000370
0001eb0000540
0002d40000922
ffff967fff42d
fffd9a000092a
fffd82bfff6ef
000254800012e
fffd900000095
ffff914000850
fffdc97fff7c8
ffff808000929
00007c00008f0
000187bfffb42
fffec08000732
fffd60c000064
ffff663fff40e
fffed27fff3c4
0001bb7fffc44
00026b8000208
0001c4c0000ee
fffeb3bfff774
00019d80007b7
00029dc0004b2
00017ebfffe85
00011c8000908
fffe448000800
00023980000c8
000089400085a
fffe36c000342
fffe3ebfff692
ffff8f0000838
00018efffff96
0002c43fffb40
fffe6b0000556
ffffe7800085b
fffd348000160
000105000089f
ffff0e3fff8e6
0003830000280
000088000075f
fffe86ffff600
000211bfff5bf
ffff00c000d15
00033c80001ad
fffcee00000c3
00010abfff4e8
fffdc57fffd6a
ffff30bfff5e4
0003143fffa28
fffdca0000bfc
00010b7fff6a9
000285ffffe24
0001893fff98b
fffe348000826
00018240003c8
00004780009e2
fffe2f3fff4ef
0002cbbfff521
ffffa54000c06
fffd7e7fffdc0
fffeb1bfff799
00011f3fff8fe
0000fd3fff538
00023a0000380
0001f4bffface
00016f3fff960
00023380000d9
fffffec0008de
00025d7fffa20
00023480005fa
000028bfff676
fffd448000298
00029abfffb2c
fffd2d7fffc0e
ffff9580005e2
00035140000a8
0001a64000a36
ffff3a0000a86
0000d13fff4b0
0003433fffedf
fffdd20000366
0001c4800054e
ffff644000bf7
fffff07fff534
ffff37bfff697
fffdf5c00087c
fffd3f7fffdd8
fffe72c000154
0000fe00006d2
fffeb20000665
fffd5d3fffc96
0002b840003bc
fffcfec0004ba
fffe5b0000772
fffec6bfff8d1
fffcb500000f3
0001c7c000cc6
0001733fff328
00009b3fff6aa
00002b80009cc
fffd6c0000516
0001948000846
fffda6ffffd05
fffd36800003c
fffe64ffff85a
00021f800044c
ffff7000009c2
00027cbfffd80
00018b3fffa8c
0001a7bfff794
00000e3fff844
ffff5cffff6ec
0002d2bfffa76
fffe353fffa42
fffe47ffffb24
0000d63fff2fc
fffd908000526
000228bfffcb2
00025c400053d
fffffabfff4bc
0002bebfff770
fffe11c0009b8
fffdf23fffd8a
0000024000868
0000640000760
00014affff9fc
fffe0bffffe88
ffff1a7fff494
0001807fffb16
0002860000972
0000ea3fff6d4
0000473fff38c
fffda6800038c
00029c8000570
ffff43c000a6a
0003ac000011a
fffee57fff584
00016e8000759
0002060000554
00000f3fff30c
00024b3fffdae
fffe7e4000c48
fffd4b3fffdd2
0001410000c07
fffd968000982
fffe287fff8d4
fffd533fffe49
0000493fff4f6
0001378000bc6
0001f0800032e
fffd6dbfffed2
0000670000a14
000197800071b
fffd77bfffb5a
000124bfff5d0
0002c2bfffb6e
000049c0006da
fffe748000795
fffda6ffffe47
fffd9880001d7
fffd0440004a2
fffd883fffb70
0002b900000d9
0000208000b7c
fffe0f3fff8da
0002034000610
0002888000266
00006a0000a44
fffde380003cb
0002267fff217
0001ed80003ad
ffff2d7fff8a0
fffd86c000398
fffe9d3fffe67
fffcac7fffac9
000215bfffefa
fffe234000214
fffd8e3fff89e
ffff5c0000a30
ffff823fff63f
fffec70000944
fffe01ffff87e
0003ac8000330
000148bfffc13
fffe18c0003ca
0001b2ffff9df
0001553fffa9a
000320bfffe7d
00019ac000a59
0000543fff984
ffffd43fff6ca
00003f0000b38
fffe3c7fff553
fffd847fff708
fffef780009c4
000261800025a
000199bfffb61
0001103fff996
fffd82bffff74
00011900009ea
fffd7f80004be
00005cbfffaae
000339000034d
0002138000222
ffff5dbfff9d4
0000fa3fff8ae
000279bfffcd7
fffc28800006e
00027d3fffcbb
00030200004a1
fffd16bfffc72
00002300008f2
fffdf30000b09
0001410000662
0001263fff4c0
fffde7bfffe74
0001f1bfffbb8
fffdc43fff6b5
00006c7fff4be
ffffc700007d8
fffe4c800054e
fffd94bfff7fa
00005f3fff560
fffd07000011a
fffdb3bfffa3b
0001cd000077c
00020e00002fa
ffff853fff513
0001310000816
0001503fffa38
0002140000118
ffffa87fff82e
000220bfffd42
fffe530000902
fffc983fffef0
00002e3fff6fb
000137bfff9b8
fffd5fbfff8d6
ffffb280007c2
0001f03fffe3c
fffe63ffffa76
fffdb43fffb76
fffea980007a1
000217bffff3a
0001d8bfffdce
000218bfff86c
ffff1a800070d
0003968000026
00021f00006ac
fffd94bfff5c8
fffe4d7ffff35
0002b53fffef4
fffef80000464
0001b2c000420
fffd34bfffe8b
0001cf000008d
fffe89bfffa28
fffec680003a4
ffff2bc000cfa
0001a73fffe58
0001c23fffa3c
fffe038000495
0000284000b46
00001980009e6
fffe64bfff4db
fffdde3fff920
fffe327fffe6a
00030e3fffe52
000022ffff97a
fffdb33fffdc2
ffff0c40009b8
0002c48000168
0000b38000afa
00020d00003f8
fffcbabfffb9e
00029cfffff9a
fffd12800083e
fffe107fffc76
fffe93bfffbe2
000010ffff88d
fffdcc00006a0
00022a3fff695
fffd2a00000f2
0002ae7fffb5c
000396bfffb53
fffdd5bfffe66
000314800028c
0001fe3fffea6
0001a6ffffba2
fffdfabfff90a
00001bbfff382
ffff2b3fff753
fffe9dbfff994
00021a3fff4bf
fffd88bfffd56
fffe5b0000306
fffe9a0000054
000209bfffa2b
fffd977fffe42
ffffa9000060e
0001440000824
000163000088e
fffde53fffa74
ffff954000ce1
00010d3fff890
fffdc5bfff7c4
fffd633fffcc6
00031c3fffd3a
fffdaf00004d7
fffe49bfff844
0001013fff6a8
ffff1d3fffaf6
ffffadbfff594
000190000051a
ffffd50000a50
0002367fffc74
fffe82bfff9a2
fffdf47fffa82
0002af40004ce
ffff783fff4a6
00013c3fff94e
00022f000076c
ffffe80000946
fffe640000134
000290bfffba7
fffd0c3fffe5c
0001afbfffa2b
ffff4f3fff7a4
0001d10000a19
00014a00003ac
0000b53fff59c
000217bfffce8
0000b94000810
0001603fff6a2
0000d2bfff76a
0001703ffff70
0002a5ffffcde
0001673fffa8b
0001c38000234
0002f4800020a
0001cf40007cd
0000c6000096b
fffed88000ba2
ffffd1bfff59e
000230c00094a
0001ba3fff674
0000fb7fff825
00009b8000e43
fffec43fff77d
0001fe8000404
fffc9ebfff9fc
fffecdffff4e3
fffdfe4000508
fffe830000a3e
fffd087fffe33
000069c000a3f
fffed53fff8b6
fffde60000a25
ffff8080007ea
00027c7ffff21
fffe72400062e
fffe7a00008ae
0002c200005a6
fffd70800018f
0001a9bfffb62
fffd993fff93d
fffddcbfffc16
00022bbfffd94
0000f840008fe
00023b40004e4
0001253fff554
ffffc18000b38
0001e33fffbca
fffe5b3fff815
0001523fff8d0
0000258000cf0
0001c3000093c
00025300009a2
00005fffff404
0000efc000e0c
fffff58000842
0001e48000348
0000ec3fff72c
00003f7fff3d0
0001c3bfffa29
fffdfc7fff858
0000fe3fff83a
0000500000aa6
0001528000a3a
fffdf4bfff960
fffdacbfffc42
0000a50000a10
00027e40008f8
fffde07fff978
0000cabfff9ea
0000128000bbc
fffda500003c8
fffe563fff8be
fffdfdbfffbb6
ffffea8000888
fffcf78000242
000163bfff752
fffd103fff89a
ffffb8ffff950
fffe7240003f2
ffff05800082a
00012cbfff6b4
00026c7ffff8e
fffe1440002ae
0002503fff90e
0002f48000074
00029f3ffff5e
00017f4000e22
000146ffff8ca
fffec0800096f
fffdf24000056
00027fbfffed3
0000e07fff8e4
0001b43ffff60
00006effff7c6
fffde38000584
00028200005af
ffff0e00008c3
fffff53fff99a
0000da000081f
00024c0000450
0002cb8000618
fffd118000686
00019e7ffff5c
0001ee3fff662
00028e00000fc
0002adbfffe6e
0000bd8000842
00024640005c0
0000b97fff398
ffff207fff652
fffdf8000072a
0001af8000778
fffcb33fffcad
fffdab3ffff4b
fffec83fff70f
fffede800052e
0001397fff682
fffca70000312
fffdf3bfff4dc
fffe967fff5d4
fffca9bfffde6
0000818000afc
00027cbfffce0
000295bfff872
00026ac0005be
ffffc5bfff4fe
fffdf38000424
0001313fff51c
fffd4c0000142
0002903fffd63
0001fec000607
fffe78ffff768
000323c000478
00017a0000a80
ffff1d3fff630
fffd94bfffaa8
00015c3fff3ab
0002953fffe66
ffff427fff586
00016b3fff7a9
fffe99bfffcf2
0000373fff71a
00016f000099f
fffe2cc000848
fffe137fffc22
000369fffff34
000203bfffa26
00021480006fc
0002c180000bc
0003014000062
0002bc3fffd41
fffeefbfffa1f
0000acbfff7ac
fffe89bfff75e
00026f800095c
fffdfb00002c2
ffff954000aec
ffffec400078d
000245bfff8f0
fffd6d3fffc30
0001cdc000229
ffffe1bfff4d8
fffd6abfff7e2
0001e40000592
fffefc8000c64
ffff39bfff990
fffc814000312
fffe073fffb99
ffff37c00071e
00002d0000b66
00019a4000b6a
0001c380006ca
0002598000210
ffffbf3fff3a6
0003093fffc60
fffee1bfff78b
fffc713fffdd6
0002d0bffff2c
0001ddbfffe53
0000af3fff73a
fffdc7400003c
00011e80008d0
fffe993fff68e
0000c33fff516
ffffbe8000a5e
ffff8effff559
fffd010000556
0001e13fff6ce
0003070000336
ffffa780009d0
0001b50000aee
fffe738000601
000331c000322
00026c3fffed9
00018880007f4
fffdceffff8de
ffff8a8000a37
fffd4dbfffff2
00021a7fffab5
fffe4abfffbf4
ffff910000684
00015f00008a4
fffee23fff743
0002aa00003a7
ffff44800085a
00024dbfffc2a
fffe15bfffa2e
fffdfc8000aea
0002aa0000270
000246ffffe58
fffe79bfff54f
0001d2400069c
00026fbfffe3a
ffffccbfff556
000133800071d
0001483fffb12
000082bfff56e
00017d3fffdea
0001090000a34
00012b800075c
0001820000017
ffff763fff57c
00023fffffbf0
0001bfbfff71e
ffffa10000a5d
fffd73bfffd6e
ffff4affff812
fffe61ffffd04
fffd423fffdd7
0000c7ffff5ce
fffe943fffadd
fffe0dbfff9de
fffe3dffffe28
00006140009ee
0001afbfffdf6
00012f3fff79e
00020e4000374
ffff58ffff91e
00029ebfffb4a
000236bfffb0a
ffff138000786
fffd40000022c
0001667fffeea
0001f13fff814
0002ba0000316
0002303fffc66
fffd438000626
ffff0c40006c2
0002f58000342
fffd9b3fffed6
fffda90000531
00017d7fff6d0
fffcecbfffab5
ffffdabfff7e2
fffe8d7fff6b4
0001be3fffda1
fffd00bfffd98
ffff72bfff63e
000186c0008ae
fffeb40000888
0000447fff7a6
0000a80000841
0001c13fffcbc
fffdde3fffaac
0002b5000021a
ffff213fff891
ffff017fff7d6
fffe688000be5
0002918000256
ffffde7fff91a
fffcd440003d2
fffe200000d5e
fffd13ffffc46
ffff4e3fff623
fffe83c000778
0001c24000518
ffff160000c28
fffdc80000158
00018fc000b09
00022c800063c
0000a7bfff766
ffffde4000c80
fffe9b3fff923
fffdfebfff774
fffd743fffeb5
0000888000ec5
fffc988000637
0002e0800075b
ffffa30000a71
fffff93fff70d
fffe26bfff6a5
00019e80008fa
fffd817ffffea
0000e2400070a
fffe86bfff6ab
fffee48000928
fffeda00001a0
ffffb14000a6e
000096400089d
00015c8000538
fffd7d0000264
000063bfff5c6
0001f9bfff9b0
00016a7fff994
0003150000756
000033c000899
0000fb0000710
fffd6f3fff9bc
fffd7a3fffe22
0000e08000bc6
0001b87fffac2
0000cb3fff73e
fffeb98000530
0001fabfffc50
fffe1980006df
fffed300008df
fffc963fffb7a
0000488000a1a
fffcea00005a0
00026e80003a4
0000da3fff56c
0000f600009d6
00023fbfffdd5
0002a4bfff8da
fffd06bfff9fd
000242ffffb8e
0001120000bf0
00019a7fff8be
0000cfbfff52c
0002da8000033
fffec0bfff923
000171c00077e
0001fe80000b4
ffffc640008b6
fffd9cc0004e8
0001713fff854
00018a7fff78b
ffffe00000e3d
0002cfbffff31
fffd3c400059c
00005fbfff438
ffff3f0000831
0002167fffc06
00022b800063a
0001943fff6d4
fffee07fff35a
00013400007e3
0001f200007af
fffd06000006f
0000bc8000a2e
fffe2d3fff554
fffe4280008e4
0000273fffbea
0002da3fffe84
00019c80006b0
fffe47bfffa03
0002984000128
0000f10000ba4
0002513fff9b4
0001dd000057f
000026bfff9a8
0002c340001ce
00013700006a7
00023e3fffaca
fffdc43ffff71
ffffe8bfff5d6
ffff35bfff71f
fffd85bfff97c
0000dd7fff926
000285ffffaca
0001fd7fffc6e
0001318000684
00025a0000315
0000768000bb3
fffdd0c0002de
00029c8000699
000210800019f
0001233fff916
0002a7bfff9d9
fffe63bfff991
00034200000da
0000cf80009e1
000162c00073e
fffe5cbfffeb6
0000d1bfff772
000254bfffe1e
0002757fff9f0
fffe3e0000598
00008c3fff734
0002923fffe18
fffebbffff952
0001a83fff6d4
000177bfffe45
fffff3bfff43a
00017e000074a
fffd5f3fff6dd
00004bbfff600
0002c43fffcf3
0000c080006b2
0001903fff6d0
ffffe8c000b06
ffffff3fff4ac
0001388000b22
00015a80006e6
0000f4ffff61c
ffffecffff881
fffc59c000316
0001ad3fff888
fffe0dbfffd03
00005dbfff6ba
0001be8000632
0001e73fff7b4
fffdcbbfff9b0
0002fb7ffff9f
fffe650000580
0001f6bfff966
ffff5fc000b8b
ffff3fffff566
00006800007aa
fffe3b3fffb3c
0000000000004
0001e040006b9
fffd9fbfffc96
00028b3ffff6c
000247bfffba5
0001dec0006bb
0000d53fff67d
0000210000a23
000118800090f
0001ad3fff865
0000d33fff680
00001d4000a18
fffee7bfff6dc
0001dec0006c3
fffd9cbfffc9c
0002843ffff76
fffee43fff6ea
fffe50000079b
0002600000358
fffd768000080
fffee8bfff6e8
fffe51800079a
ffff2d4000983
00028b7ffff6e
000245bfffbac
fffe4c0000790
ffff2b0000978
000286bffff5c
fffee73fff6e0
0001de40006c9
fffd9d3fffca0
0000270000a18
000249ffffba0
0001df00006c6
ffff254000974
ffffddffff5d2
0002443fffba3
fffe4e400078a
00025f0000353
fffd74000007b
fffdb9c00044a
0001b1ffff86a
fffd9effffc9d
000289bffff6a
0002433fffb98
fffe1b7fff930
0000d5ffff67e
fffd7b0000096
00024a3fffbab
0001dd80006ca
ffff24c000977
ffffdb3fff5d0
fffee9bfff6d8
0001ad7fff882
fffd9d3fffcae
ffffddbfff5f2
fffeea3fff6fc
0001b03fff89c
ffff2480009a6
fffd7a00000a2
0001170000933
fffe4d0000780
fffd9fbfffcac
0000274000a23
0001198000914
0001adbfff876
ffff24000098c
fffd784000083
fffdb9c000459
fffe548000778
0000dd7fff671
0000268000a17
000247bfffb94
fffe1d7fff940
ffff2a8000982
ffffddbfff5e0
fffdb94000460
fffe253fff940
ffff2f4000988
ffffe3ffff5ea
0001200000925
0001e500006b2
0000da3fff66d
0000250000a11
fffeef3fff6d6
0001b8bfff880
000268000036d
000288bffff80
0001178000923
0001b17fff877
ffff2a800098c
0002873ffff66
fffeea3fff6e8
0001e680006cc
0002640000357
000285bffff78
000115800091c
0001b13fff870
00025f800035e
00027fbffff72
fffdb54000456
0001aeffff87c
ffff26800098e
000021c000a04
fffeeabfff6ce
0001e580006b9
000261c000346
ffffdc7fff5da
0001170000914
0001ae3fff867
0000d4bfff674
000021c000a0d
0002477fffb87
0001ac3fff86a
0000d23fff66a
ffffd93fff5e8
fffee87fff6ec
0001adffff88d
0000d2ffff698
00001d0000a2c
fffee3bfff6fc
fffe4d00007a7
ffff2a8000999
0000234000a1c
0001150000910
fffe1e3fff93a
ffff2d8000986
000289bffff6c
0001190000915
0001df00006a6
0000d4bfff65a
ffffdcbfff5df
000247ffffb9f
0001ac3fff87d
00025b0000357
ffffd53fff5e8
fffee2bfff6e9
0001ab3fff893
ffff2080009a0
00001a0000a18
fffdae8000445
fffe1abfff92e
fffd9c7fffca2
ffffda3fff5f0
fffdb40000464
fffe1dbfff948
ffff26000098e
fffd7a000007c
fffeec3fff6e0
fffe21bfff952
ffff2c800098c
ffffe0bfff5f0
00011a800092c
0001dec0006ba
fffd99bfffc92
ffffde3fff5f1
fffdb8800046a
0001b13fff88b
ffff25c000992
fffd7b8000093
0001188000921
fffe4e000076e
fffda0bfffc84
ffffe47fff5e6
00011b0000920
0001e3c0006a9
0000d63fff65a
ffffdbbfff5de
fffee93fff6e2
0001b0bfff884
fffd9dbfffcb2
ffffe33fff600
000247ffffbc9
fffe4e00007a9
000262000036f
00001f0000a2a
fffdb70000460
0001e100006ca
ffff248000982
fffd7b8000078
000249bfffba6
fffe4d0000788
ffff2a800096e
ffffdfbfff5d0
0002473fffb98
fffe1c3fff93e
0000d53fff68a
fffd78800009b
fffdbc0000471
0001e400006c0
fffda03fffc98
0002873ffff7e
fffdb80000466
fffe56000077a
0002670000346
ffffe1ffff5d2
00024b3fffb9f
0001b13fff87c
0000d8ffff686
000286bffff8b
000243bfffbbe
fffe4b0000796
00025e0000368
fffd770000091
000115c00092c
fffe4d8000778
fffda23fffc9b
00028afffff7c
0001168000915
0001b07fff86f
00025b800035d
fffd73800007e
fffeea3fff6d8
0001afbfff888
fffd9d3fffcba
0000248000a2e
0001178000917
0001df00006aa
0000d3bfff668
ffffdabfff5f4
000112400092f
fffe474000778
fffd99bfffc96
fffd78c000082
fffdbb0000454
fffe55400076b
0000dd7fff658
ffffe13fff5dc
00024b3fffb9c
0001afbfff874
0000d2ffff67c
fffd76400008c
fffeeb3fff6dd
fffe223fff946
0000d9bfff68e
fffd7f400009e
00024f7fffbbc
0001e400006d2
00025f800035b
ffffd9bfff5ea
fffdba000046a
0001b53fff880
000263800036c
000281fffff77
fffee1bfff6f4
fffe4d0000795
fffd9fbfffcae
ffffe2bfff603
00011b8000946
0001e380006d4
000261c000375
0000208000a2a
0001160000926
0001de40006c0
ffff24000097c
fffd7b800007e
00024c3fffba4
0001e080006c0
00025f800035b
00027dbffff70
fffdb18000454
0001acffff87e
ffff21400098a
fffd750000086
fffdb90000452
0001e300006b0
fffd9dbfffc8c
ffffe1bfff5dc
00024a3fffbac
0001dd00006b9
0000d0bfff670
fffd740000086
fffee73fff6e0
fffe203fff947
0000da3fff692
0000210000a2e
fffeea3fff6ed
0001e100006dc
ffff24800098c
fffd7a4000082
fffeeebfff6ee
0001e600006d6
0002630000366
0002803ffff7e
fffdb20000464
fffe508000782
0000d7ffff67c
0000210000a2a
fffdb8c000464
0001e280006cc
ffff268000989
000020c000a12
fffdb94000444
0001e400006a6
0000d47fff661
fffd788000086
fffeee3fff6e6
0001e6c0006cd
000262400035d
0000228000a12
0002473fffb8c
0001acbfff87a
ffff27000098c
0002833ffff68
fffee63fff6e0
0001de40006c2
0000d2bfff67e
00001b4000a28
fffdb30000457
fffe510000770
0000da3fff66d
000284bffff7f
0001118000918
fffe1a3fff932
00025f000035a
ffffd73fff5ec
00010ec00092a
fffe458000777
fffd97bfffc92
fffd75000008a
fffdb78000458
fffe4e4000770
fffd9f3fffc84
ffffde3fff5db
fffdb88000456
fffe233fff92e
0000d93fff67a
fffd7a8000091
fffeee3fff6ec
0001e380006d7
ffff26400098f
000022c000a00
fffee7bfff6ca
fffe20bfff943
ffff2d800097c
ffffe0ffff5d2
fffeed7fff6e2
0001b5bfff887
0002610000370
00001f8000a1c
fffdbb000044e
0001e400006aa
0000d6bfff65c
ffffdebfff5de
000245bfffb9e
fffe1b7fff942
0000d97fff686
000283bffff82
fffee43fff6f8
fffe4f0000798
0002608000366
fffd748000094
fffdb8c000469
fffe540000788
000265400035c
0000220000a0b
00011600008fa
fffe1ebfff916
0000d83fff659
ffffdd3fff5d6
fffeeb3fff6dc
0001b23fff876
0000d7bfff682
000282bffff7a
fffee5bfff6e2
0001ac3fff88c
ffff23400098c
ffffd9ffff5dd
fffee5bfff6e4
fffe1effff947
0000d83fff689
ffffdc3fff611
000113800093a
fffe1bbfff955
ffff27000099e
ffffdd3fff5fc
0001128000940
fffe4b800078c
fffd9cbfffca4
fffd7b000009f
fffdbd400046e
0001e480006d0
ffff29000098c
0000224000a0d
fffdb9c000446
0001b33fff876
ffff284000984
ffffdc3fff5dc
fffdba8000464
fffe55000077a
0000dd3fff670
000287bffff84
fffdb94000460
0001e400006b0
0000d7bfff663
ffffde3fff5f4
0001198000926
0001b03fff871
0000d43fff68e
00001d0000a2e
fffdb8000045b
0001e100006b8
fffd9bffffc8c
ffffe0ffff5e1
000246bfffba8
fffe1c7fff940
0000da3fff689
0002843ffff93
fffdb48000471
0001dd80006c6
fffd983fffca6
fffd79400009e
fffdbc800046e
0001e600006c7
00025f000035c
fffd778000087
0001164000916
fffe1effff934
0002608000362
fffd788000084
000247bfffbaa
fffe4c800078b
00025d8000357
fffd744000083
fffdb8000044a
fffe223fff928
0000d93fff67c
fffd7c8000092
00024e3fffbaa
0001e000006bc
0000d23fff671
ffffd77fff5f7
fffdb3c000468
fffe1cbfff94a
fffda03fffcbd
000023c000a2c
fffdb8000045e
fffe520000780
fffda2ffffc90
ffffe43fff5e8
fffeedbfff6f8
0001e680006e1
ffff2c4000996
0000280000a1a
000248bfffb98
fffe50c00077e
0000dbbfff66a
ffffe13fff5f8
00024a3fffbc6
0001df40006e6
ffff2700009a2
0000250000a22
000118000091d
0001e200006be
00025e8000358
fffd76c00008e
0001170000921
fffe4e400077e
ffff2c0000974
0002877ffff66
0001130000904
fffe1dffff922
fffda2bfffc98
00028bfffff74
000247bfffba4
0001dd40006c8
ffff25400096f
ffffdcbfff5d4
fffee8bfff6e5
0001e1c0006c8
0000d33fff67c
00001e8000a1c
fffdb6c00044e
0001af7fff872
fffd9cbfffcb2
0000238000a21
000114c00091c
fffe4a000076a
fffd9cbfffc8c
fffd7f000007a
00024dbfffb8e
0001b0ffff877
ffff26c000982
ffffe1bfff5d4
000249bfffb9f
0001acbfff880
ffff258000986
ffffde3fff5e7
0001164000918
0001adffff870
0000d0bfff67c
fffd74c00008a
fffee8bfff6ea
fffe520000791
000264c00034c
ffffdb7fff5d7
fffeeb7fff6ec
0001b3bfff896
0002610000382
0000200000a2d
0001148000920
0001dac0006b8
ffff22800096c
ffffdabfff5c8
000240bfffb98
fffe15ffff93c
fffd98ffffca2
fffd784000082
fffee87fff6dc
fffe1d7fff946
fffda1ffffcb0
000286bffff7f
fffee63fff6f1
fffe4f8000790
0000d93fff686
0000200000a26
fffee6bfff6ef
fffe4f000079e
ffff29c000993
0000228000a08
fffee9bfff6de
0001de80006c7
fffd9a7fffca0
fffd7c800008d
00024bffffbab
0001dc00006c8
fffd993fffca9
fffd7ac00009a
000117800092a
fffe4d8000784
ffff2b4000974
ffffe03fff5d4
000247bfffba0
0001aa7fff880
fffd987fffcb8
fffd7c00000a1
0001190000932
fffe51c000786
0002620000355
00001e0000a0c
fffee4bfff6ce
fffe1c3fff94d
ffff28c000994
0000210000a08
fffee83fff6d4
fffe1ebfff94b
ffff2c0000990
0002853ffff6a
fffdb70000454
0001aebfff878
fffd9abfffca8
fffd7d0000092
0002483fffbae
fffe4cc000792
ffff29000097a
ffffdbbfff5d8
fffdb68000464
fffe223fff93b
000260c00036a
fffd758000092
fffdb8000045b
fffe227fff943
ffff2a4000987
ffffde3fff5e9
fffdb9000046f
fffe518000780
fffda33fffc9c
ffffe5bfff5f2
00011b0000937
fffe540000784
0002660000356
ffffdf3fff5ec
00011ac00092e
0001e140006c3
ffff28800097c
0002853ffff5f
fffee2bfff6da
fffe1cbfff951
ffff2ac0009a2
0000228000a1b
fffdba800045a
0001e240006bb
ffff270000974
fffd7d4000075
00024c3fffb9c
0001dd00006b9
fffd99ffffc9b
000021c000a16
fffdb80000440
fffe223fff929
0000dbffff677
0000258000a1a
0002463fffb98
fffe4b8000778
fffd9d3fffc8c
fffd7f000007a
00024abfffb93
fffe213fff93d
000265c000357
ffffdabfff5e8
0001158000926
fffe4c8000772
fffd9f3fffc8c
ffffe13fff5de
000117c000910
fffe203fff922
0000dc7fff66c
ffffe0ffff5eb
00024a7fffbb1
0001dd00006c2
fffd9b3fffc9a
ffffdf3fff5e4
000244bfffbbc
fffe4a8000794
ffff28000097a
fffd7b0000072
fffeedbfff6d3
0001b3bfff872
0000d5ffff680
fffd7a0000098
0001168000919
fffe1ebfff92f
0000d8bfff67a
ffffdcbfff5fc
000114000093b
fffe4cc00078c
ffff27800097c
fffd7b0000073
fffeeebfff6df
0001e600006c2
00025e400034e
fffd76c000072
fffee83fff6d2
fffe20bfff940
fffda47fffca2
00028e3ffff75
0002477fffb9f
0001adffff884
ffff23000098e
fffd7a400007b
fffeecbfff6d3
0001b23fff87c
fffd9f3fffcaa
0002873ffff7e
fffdb8800045e
0001b2bfff875
0000d43fff67e
fffd760000090
fffee97fff6e8
fffe20bfff95e
ffff2b800099f
fffd7e000009a
00011e0000928
0001e280006c0
ffff270000970
ffffdc7fff5cf
fffee83fff6e4
fffe22bfff958
ffff2d8000994
ffffe4bfff5e8
00024c3fffbbe
0001e100006e0
ffff274000990
0000220000a0a
fffee97fff6d8
fffe213fff954
0002668000372
0000208000a26
fffdbb000045c
0001e4c0006c6
ffff298000982
0000248000a02
fffeebbfff6d8
0001e200006c0
fffd9fbfffc99
0000298000a10
00024b3fffb90
fffe21bfff940
0002660000363
0000264000a09
00024c3fffb92
0001b33fff876
000262000036a
000285bffff78
0001130000921
0001da40006ab
fffd963fffc8e
fffd7ac000078
00024a7fffb9c
0001db00006b8
fffd97bfffc92
0000218000a04
fffee57fff6cc
fffe4e800076c
0000d57fff662
fffd780000074
fffeeb3fff6ce
fffe233fff938
000265000034c
ffffdc3fff5d2
fffee8bfff6d8
fffe227fff93a
0000d9ffff678
ffffdc3fff5f2
fffdbb4000462
0001b3ffff878
0000d5bfff680
fffd78000009c
fffdbc0000460
0001b23fff870
fffd9dbfffcae
fffd80800008e
fffef2bfff6ea
0001ec80006d2
0002660000354
000286bffff68
fffeeaffff6e0
0001e480006c2
0000da3fff66c
000287bffff72
0002453fffba0
0001adbfff87b
0000d23fff67c
ffffd7bfff5f6
fffee8bfff704
0001df00006df
fffd9b7fffcb1
000023c000a20
0002443fffb9a
fffe1a7fff93c
fffd9e3fffcad
ffffddbfff5f8
fffdb88000478
fffe540000786
0000d9bfff67e
fffd7f00000a5
00011e000092e
0001e180006c4
ffff2a000097e
ffffe1bfff5de
0002473fffbae
fffe508000791
ffff2d800097c
ffffe4bfff5d8
00024ebfffba6
0001b4ffff887
000260c000372
000020c000a0e
fffeeaffff6d1
0001b5bfff88a
0002610000363
ffffdd7fff5f0
000118800092c
0001afbfff882
00025f8000368
fffd788000086
0002493fffba5
0001adbfff890
ffff2680009a8
0000240000a1e
0001180000912
0001ae3fff872
00025a4000364
fffd74400008a
0001150000916
fffe19bfff92e
fffd9cbfffca0
fffd7e8000084
00024abfffbaa
fffe4f8000781
0000ddbfff670
00028a3ffff7e
000243ffffbb4
fffe4c800078c
0002608000357
fffd78000007a
00024a3fffb96
0001ad7fff87a
fffd9abfffcaa
fffd7b8000088
00024c7fffba8
0001aebfff87c
0000d3ffff692
0000208000a30
0002443fffbb4
fffe494000795
ffff254000988
fffd79c000074
000246bfffb9a
fffe183fff942
fffd9cbfffcad
fffd7c800009d
00011a0000924
fffe50c000772
0000dbbfff668
ffffe0bfff5f4
0002483fffbc1
fffe4f8000790
0000d93fff686
0000250000a29
0002473fffbae
fffe4b0000798
ffff290000984
ffffdebfff5e7
000245ffffbbc
fffe4d000079e
ffff2a0000990
0000254000a10
0002483fffba1
0001dc80006ca
ffff21c00097e
fffd77000007a
fffdbc000044e
0001b2bfff86a
0000d6ffff686
0000208000a20
fffee73fff6dc
0001de80006c8
fffd97bfffca2
fffd79c00008d
fffdbc0000462
0000057fffffb
000001bfffffc
0000018000004
000001bfffffd
0000000000004
0000018000004
0000010000000
0000007ffffff
000001c000001
ffffff3fffffc
0000010000004
0000013fffffc
000000c000002
ffffffffffffe
0000018000004
0000000000004
ffffff0000000
0000008000004
ffffff8000004
0000010000001
0000014000002
0000004000001
0000007ffffff
0000000000003
fffffe0000002
0000000000006
0000020000004
000001bfffffe
ffffffffffffc
fffffec000000
0000007fffffe
ffffffffffffc
ffffffbfffffc
0000007fffffe
0000010000006
ffffffc000002
ffffffffffffe
0000013fffffd
0000004000000
0000013fffffe
0000013fffffd
0000010000004
0000004000006
ffffffbfffffd
000000c000006
fffffec000000
ffffff0000004
0000000000002
0000013fffffe
ffffff4000002
0000008000002
ffffff8000001
0000010000006
0000003fffffc
0000014000002
0000008000002
ffffff8000002
ffffff8000000
0000010000002
ffffffbfffffc
ffffff8000002
0000008000000
ffffff3fffffe
0000010000003
0000000000006
fffffe0000002
0000008000003
ffffff0000002
ffffff8000002
0000008000002
ffffff3fffffe
0000008000006
ffffffbfffffd
0000003fffffe
0000020000000
0000008000000
0000008000000
fffffe3fffffe
0000010000002
0000000000000
0000004000003
0000000000001
0000008000000
ffffff0000001
0000007fffffc
ffffff0000000
ffffff4000000
0000013fffffc
0000008000000
ffffff8000002
000000c000001
0000000000000
ffffff3fffffa
ffffff7fffffe
ffffff8000004
ffffffbfffffa
ffffff8000000
0000000000002
ffffff8000004
0000008000002
ffffffbfffffb
ffffff8000002
0000000000006
0000000000002
0000004000002
ffffff8000002
ffffff0000002
0000014000001
fffffec000006
ffffffc000001
0000017fffffc
0000000000004
0000010000000
ffffff0000002
0000004000000
ffffffc000002
ffffff8000000
0000003fffffe
0000018000008
0000000000000
ffffffbffffff
0000000000002
0000000000004
000000c000000
fffffeffffffc
ffffffffffffb
000000bfffffc
0000000000001
0000013fffffc
0000003fffffe
0000008000000
0000008000001
000000bfffffa
0000008000000
0000000000002
0000010000000
0000000000002
ffffff4000004
0000000000008
0000003fffffb
0000018000002
0000018000000
0000003fffffd
0000000000003
000000c000000
ffffff0000000
ffffff0000004
000000bffffff
0000003fffff8
0000000000006
0000010000004
000000bfffffe
0000000000004
0000008000007
0000010000004
0000000000000
000001bfffffd
ffffffbfffffc
0000004000001
0000008000000
0000008000002
0000000000002
ffffff0000002
fffffebfffffd
0000003fffffc
0000018000002
ffffff8000008
0000000000000
0000010000002
0000000000004
000000c000004
ffffff0000005
000000bfffffe
ffffff8000006
0000003fffffc
000000c000000
000000bfffffe
0000008000001
000000c000002
0000018000003
ffffffbffffff
0000017fffffd
0000000000000
0000010000000
ffffff8000000
000000ffffff8
ffffffbfffff8
0000013fffffe
ffffffbfffffc
ffffff8000000
ffffffbfffff9
fffffebfffffe
ffffff7fffffc
0000014000003
0000008000000
0000007fffffe
0000013fffffc
0000008000000
0000000000008
0000010000006
ffffff8000000
ffffff0000002
0000013fffffe
0000000000006
0000003fffffc
0000008000000
0000010000002
ffffff8000003
000000bfffff9
0000008000003
000000bffffff
0000008000001
0000000000003
0000004000000
ffffffc000000
000000bfffffe
0000003fffffd
fffffe8000000
0000000000002
0000008000001
ffffffc000002
ffffff8000002
fffffec000004
ffffffbfffffa
fffffe8000002
000000ffffffe
ffffff4000002
000000bfffffe
0000008000006
ffffff0000002
ffffff8000001
000000bfffffc
0000007fffffb
000000bfffffe
0000008000002
000000c000000
000000bfffffc
ffffffc000000
0000000000007
0000013ffffff
ffffffffffffc
0000010000003
0000013fffff9
ffffffffffffc
0000003fffffe
0000003fffffd
000000bfffffe
ffffff8000000
fffffec000002
ffffffbfffffc
000000bfffffa
0000004000001
fffffe8000004
ffffff7ffffff
0000004000000
0000004000004
ffffff4000004
fffffebfffffe
ffffffbfffffe
ffffff7fffffa
fffffe8000002
ffffff8000000
0000003fffffc
000000bffffff
ffffffbfffffe
ffffff3ffffff
ffffffffffffd
ffffff8000004
ffffff3fffffc
000001bfffffa
0000007ffffff
0000000000003
0000000000004
fffffffffffff
ffffff3fffffb
0000020000002
ffffff8000004
0000008000001
ffffff8000000
ffffff7fffff8
0000004000002
000000c000000
0000013fffffe
fffffebfffffe
0000000000003
ffffff0000002
0000000000003
0000000000000
0000000000002
000000bffffff
ffffff4000004
0000013fffffd
ffffff4000002
fffffe8000004
0000007fffffc
0000018000004
fffffe0000002
0000018000007
0000008000002
ffffff3fffffe
0000008000000
000000bfffffe
ffffffbfffffc
ffffffffffffe
000001bfffffe
000000c000002
0000000000001
ffffffbfffffe
fffffebffffff
fffffe8000000
ffffffffffffa
0000008000000
0000010000001
0000013fffffe
000000ffffffb
000000ffffffd
000000bfffffe
0000008000003
0000003fffffe
ffffff4000002
000000ffffffd
ffffffbfffff8
0000010000000
ffffffbfffffc
0000013fffffd
ffffffbfffffb
0000004000000
ffffff3fffffa
0000018000004
ffffff0000002
0000010000002
0000008000001
ffffffbfffffe
ffffff3fffffe
0000010000000
ffffffc000001
ffffffc000003
ffffff8000003
ffffffbfffffc
0000008000006
ffffff8000005
ffffff0000000
0000013fffffb
0000013fffff9
0000000000002
0000007fffffe
fffffebfffffe
000000bfffffd
0000013fffffe
0000010000002
ffffff3fffffc
ffffffbfffffe
000002bfffffe
0000000000002
0000003fffffc
ffffff3fffffc
0000017ffffff
0000018000001
000000ffffffb
0000013fffffa
0000000000001
000000ffffff8
ffffff3fffff9
ffffffbffffff
0000010000000
000000bfffffc
ffffff4000004
0000017fffffe
fffffffffffff
000001bfffffe
fffffebfffffc
0000008000004
0000013fffffc
ffffff8000000
0000008000000
0000007fffffd
ffffff0000000
ffffff3fffff9
ffffff0000005
ffffff8000002
0000003fffff8
0000000000000
ffffff3fffffc
0000003fffffe
ffffffc000000
ffffffbfffffe
ffffffbfffff8
ffffff3fffffe
ffffffbfffffe
fffffebfffffe
ffffff7fffffb
000000bffffff
ffffff4000002
fffffebfffffc
0000003fffffe
000000ffffffc
000000bfffffa
0000018000000
ffffff7fffffe
0000003fffffb
0000008000002
ffffffbfffff8
ffffffbfffffd
ffffffffffff9
fffffe0000002
0000003fffffe
fffffdbfffffb
fffdb90000456
0001b23fff876
ffff288000987
00002380009fc
fffeeabfff6c1
0001b27fff869
0000d8bfff677
000284bffff70
fffee63fff6de
0001acbfff884
fffd9affffcb2
0002843ffff86
fffdb30000464
fffe4f0000783
fffda0bfffc8e
ffffe3bfff5dc
00024c7fffbaf
0001e1c0006c2
0000d4bfff672
0002803ffff78
fffee03fff6ea
fffe4a400079b
ffff26c00097c
ffffda3fff5e4
fffdb48000460
fffe4e8000774
fffd9fffffc84
ffffe0bfff5d6
fffeecbfff6db
0001b33fff886
fffd9ebfffcae
000284fffff82
fffdb84000456
fffe233fff940
0002658000357
ffffdb3fff5df
fffee83fff6f0
fffe51800078c
0000d9bfff674
fffd7dc00008d
00024e3fffb9e
0001afbfff881
fffd9e3fffcaa
ffffe2bfff5fb
00011a800092e
0001b4bfff87e
000260c000363
ffffdb3fff5e8
fffee9bfff6f8
0001e340006d1
0000d83fff688
0002833ffff92
0001118000930
fffe1a3fff950
ffff2800009a1
0000228000a22
0001158000920
fffe50c000778
000264c000340
ffffda3fff5d6
fffeea7fff6e0
0001b1bfff886
0000d73fff68e
000281bffff94
00010f0000938
fffe4b000078d
ffff250000982
ffffd8bfff5de
fffdb4000045e
fffe1d3fff93b
fffd9f3fffcb4
fffd7f000009c
00011d000092b
0001e280006cb
ffff25c000980
fffd7cc000074
00024c3fffb9d
0001dd80006be
fffd9c3fffc98
fffd7cc000082
00024abfffb98
0001adbfff883
fffd9dbfffcb4
0000268000a24
000247ffffb9c
0001da00006c0
fffd967fffc9b
fffd78400008a
fffeea3fff6ea
fffe518000790
fffda1bfffcad
0000290000a1a
00024bbfffba0
0001df00006c7
fffd9b7fffca5
0000238000a25
fffdbc0000452
0001e500006b4
ffff298000964
ffffdeffff5c4
fffeed3fff6d4
0001b47fff878
0000d7bfff682
0000208000a1e
fffee83fff6dd
fffe22bfff94a
000263800036b
fffd7b800008b
0002493fffbac
fffe4e400078a
fffda23fffc9c
00028d3ffff7a
000246ffffba6
fffe50000078c
0002608000352
fffd76000007e
fffeeb3fff6dc
fffe25ffff948
000266000036c
fffd7e800008d
00024ebfffbb0
0001e500006d2
000265000035a
000283bffff73
fffdb80000459
0001b63fff875
0002614000362
000020c000a02
0002443fffb87
fffe1bffff930
0000d83fff668
ffffddffff5e8
fffeea3fff6f8
0001e180006cd
fffd9f3fffca0
0002893ffff7c
000245bfffb9e
fffe1c3fff94c
ffff2c0000996
00028a3ffff6f
000246ffffbaa
fffe4d800077e
0000dbffff667
0002883ffff76
000245bfffba2
0001acbfff87b
0000d23fff683
fffd7600000a0
fffeec3fff6f5
0001e500006da
000262400036a
00001f8000a15
000247bfffb92
0001ad3fff87c
00025b000035f
ffffd53fff5de
fffee1bfff6ea
fffe1abfff960
ffff29000099c
0002843ffff76
fffee2bfff6f0
fffe4c800079a
fffd9effffcba
0000244000a27
000246bfffba8
fffe4d400078f
ffff280000987
fffd7d800007f
00024b3fffba8
0001df80006d3
ffff25800097a
ffffdf3fff5de
0002463fffbb2
fffe4c000079a
ffff29000097e
00002300009fd
fffeeb7fff6c0
0001b3bfff870
0000d83fff67e
0002827ffff7f
fffdb3c00045a
0001af3fff87e
fffd993fffcac
fffd7f000008e
00024bbfffba0
0001b03fff882
0000d2bfff68e
00001dc000a24
fffee37fff6e8
fffe4e000079e
ffff298000983
ffffdbbfff5e4
fffdb7c000464
fffe20bfff93d
fffda63fffcb0
00028f3ffff8e
00011b800092c
0001e380006b4
0000d67fff666
ffffdeffff5f8
000248bfffbb6
0001ad7fff89e
ffff2480009af
0000218000a27
0001150000927
fffe4d0000776
0000d63fff66e
fffd7a400008e
000246bfffbb2
fffe4d0000795
fffda0bfffcaa
0000288000a19
00024b7fffba4
0001df80006c2
fffd9f3fffca6
00028abffff81
0002437fffbb2
fffe4a8000791
fffda0bfffcae
0000294000a1f
00024bbfffba8
0001e280006ca
00025f0000364
00001e8000a16
0002433fffba0
fffe18bfff94c
ffff28800099a
0000228000a0b
fffee87fff6d8
fffe22bfff952
0002660000373
0000228000a22
00024abfffbac
0001df00006d0
00025e400036e
00001d0000a26
000112800091e
fffe4b8000785
ffff274000982
0000244000a0a
0001178000906
0001af3fff864
00025c0000355
fffd760000082
000116800090e
0001abbfff870
ffff240000982
000280bffff5a
fffee1bfff6cd
fffe183fff93e
fffd9abfffcb2
00001ec000a26
fffdb4c000453
fffe4dc000770
fffd9f3fffc8a
ffffe0ffff5e6
000117800091a
fffe1cffff930
fffda0bfffc9c
ffffe37fff5ee
00011b0000922
0001b2ffff872
0000d87fff688
0002863ffff98
0001128000935
fffe4d400078c
0002620000361
00001c8000a18
fffdb80000455
0001e240006b6
00025c8000344
fffd77000007b
0002457fffb9c
fffe4d000077c
00025f8000343
ffffd53fff5d4
fffdb4800044e
fffe1effff92b
0000d7ffff670
ffffd93fff5ee
fffee73fff6ef
fffe1dbfff95e
ffff2c00009a0
0002853ffff7e
fffdb7000046c
0001e3c0006c6
00025e8000362
0000194000a12
fffee3bfff6dc
fffe4b000078f
ffff264000978
ffffd9ffff5db
fffdb64000460
0001de00006b6
fffd963fffc90
fffd778000073
fffee83fff6d4
fffe1d7fff944
fffd9e3fffcac
fffd7d0000096
0002493fffbb1
fffe4cc000792
ffff26c000982
fffd794000078
fffee97fff6de
fffe4fc000786
fffd9fffffc9a
fffd7f000008f
00011b8000913
fffe213fff92b
fffda53fffca0
00028cbffff74
000245bfffb9f
fffe1b7fff946
fffd9effffcba
0000260000a28
0001178000914
fffe1e7fff933
ffff2cc000980
ffffe33fff5db
000249ffffba7
0001ad3fff884
fffd99bfffcb5
fffd7d40000a4
00011b000092d
fffe52800077d
0000daffff67c
0000224000a22
fffdbc0000454
0001b47fff87c
ffff294000998
0000240000a01
fffeecffff6ca
0001b4ffff886
000262000036e
00001d8000a1e
fffdb8c000454
0001e200006b9
ffff26c00096b
ffffdfbfff5cc
000246bfffb9c
fffe1abfff945
ffff274000988
fffd7cc00007e
000249bfffba2
fffe4d0000778
fffda1bfffc94
000287bffff68
fffee7bfff6dc
fffe524000780
0000d9bfff66a
ffffde3fff5fc
0001160000930
fffe4d800077a
fffda13fffc99
0000268000a0a
fffeedbfff6d5
0001b4bfff886
ffff2a4000997
0000264000a0f
0001198000901
fffe203fff916
0000ddbfff664
ffffe2bfff5e4
0002483fffbaf
fffe518000784
0000dbbfff678
0000258000a14
00024abfffb96
0001ae7fff875
fffd9f3fffca2
00028bbffff7b
000246bfffba2
fffe1ebfff949
000264c00036e
0000250000a13
000248bfffb8e
0001acbfff877
fffd9e3fffca6
0002873ffff7d
000244bfffbb2
fffe4e800078b
000263000035c
00027efffff76
fffdb1000045e
fffe4c800077b
fffda27fffc90
00028abffff70
000115000090e
fffe1effff920
0000da3fff66d
ffffdf3fff5f8
000119000092a
0001de80006b7
fffd9dffffc89
0002873ffff66
fffee83fff6cc
0001b1bfff86e
0000d73fff67a
0002833ffff76
fffee6ffff6df
0001b0bfff886
00025c000035e
ffffd63fff5df
fffee3ffff6ed
fffe1dbfff952
00025e0000374
fffd738000090
fffdb7800045c
0001afbfff87a
fffd9bbfffcaa
ffffdcffff604
fffdb68000479
fffe528000796
ffff2f4000982
00028bbffff66
000245bfffb9d
fffe1fbfff947
0002658000366
0002853ffff7e
0001148000921
0001abbfff87a
ffff20800098b
fffd76c00007a
fffeea3fff6dc
0001df80006c0
fffd9abfffc8e
ffffddffff5e4
fffeea3fff6f4
0001e000006d2
fffd9cffffca2
0002843ffff81
fffdb3400045d
fffe1e7fff946
fffda13fffcbc
0000254000a27
fffdbc0000459
0001b43fff882
ffff2ac000998
0000260000a1b
00011b000090c
0001b3bfff870
000261400035c
00027fbffff74
fffdb24000455
fffe1fbfff934
0002628000357
ffffdabfff5e6
fffdb94000460
0001b3bfff87e
000260800036b
00001c4000a0b
fffee5bfff6d0
fffe1f3fff940
0002618000364
00001dc000a04
fffee7bfff6ce
0001ad3fff878
fffd9affffca2
ffffdebfff5f8
000115400092c
fffe1d3fff942
ffff2a000098a
0002853ffff62
fffee33fff6d3
fffe1e7fff948
00025e800036a
fffd758000086
fffee7bfff6ec
fffe4f0000798
ffff29000097b
ffffde3fff5d2
fffeea3fff6e8
0001b13fff89a
ffff2600009a6
00001f8000a11
fffee53fff6dc
fffe4e0000786
fffd9dbfffc9e
fffd7b8000082
fffeed3fff6e2
fffe23ffff950
000266000037a
000021c000a17
fffee8ffff6e4
fffe54400078e
000264000035d
0000208000a08
fffee7ffff6d6
fffe52800077d
0000d8ffff66a
ffffddbfff5ec
fffdbc8000464
0001b5bfff886
0002608000370
fffd780000090
fffdbd000045c
0001b93fff87d
000264400036c
0002823ffff7a
fffdb3800045c
fffe21ffff93e
0002660000366
ffffde3fff5fe
0001168000938
fffe508000794
0002650000366
0000218000a22
0001154000919
fffe504000770
0002628000340
ffffdbbfff5de
000113c00091c
fffe1bbfff934
ffff2a0000988
0000230000a00
fffeeb3fff6c0
0001b3bfff877
ffff28c000984
000287bffff58
fffee83fff6d4
0001df00006b1
0000d3bfff65d
ffffd93fff5da
fffee53fff6df
fffe1f3fff944
0000da3fff683
0002833ffff8c
fffdb3800046c
fffe4e800078a
ffff27800097c
fffd7bc00006c
fffeee3fff6ca
0001b53fff872
0000d83fff678
fffd7d800008c
00024affffb98
0001ae3fff87b
fffd9ebfffcac
0002873ffff7e
fffdb60000452
fffe237fff932
0000dc7fff670
ffffe0ffff5ee
00024affffbab
0001b03fff884
0000d63fff685
ffffddffff608
0002463fffbce
fffe4e80007a9
0002640000374
0000210000a28
0001168000917
0001abbfff876
fffd993fffcb4
fffd7d80000a2
00011d000092e
0001e280006c8
0002604000362
00001e4000a14
fffdb8000044e
0001e480006b2
00025e0000346
fffd76000006e
fffeec3fff6c6
0001b2ffff877
000262000035a
00027fbffff62
fffee0ffff6d6
fffe1dbfff936
0000d83fff67b
0002813ffff80
fffdb1000045a
fffe1e7fff936
0000d83fff682
00001f8000a18
fffee6bfff6d4
fffe1fbfff946
000263c000356
ffffd9bfff5dc
fffee53fff6e4
fffe1effff943
0000d7ffff68a
ffffd9ffff604
fffdb68000480
fffe548000793
0002650000355
ffffdbbfff5ef
fffdbb8000468
0001b5ffff880
0002604000364
ffffdabfff5e8
fffee93fff701
0001e2c0006d5
0000d6ffff686
000282bffff99
00010f000092a
fffe173fff946
fffd9b3fffcc2
fffd7b00000a9
0001194000938
fffe508000784
0000d93fff67a
0002827ffff8e
fffdb50000470
0001afbfff896
ffff25c0009aa
00001f8000a28
fffdb80000460
0001e180006d0
ffff24c000988
fffd7b8000090
00011a0000920
0001e180006ba
00025c8000352
fffd738000082
fffdba800044d
0001b47fff873
00025e8000356
ffffd93fff5ea
fffdb70000468
0001b13fff884
00025c800036e
fffd730000096
000112400091f
fffe18ffff940
ffff240000996
fffd76800007e
fffee63fff6ea
fffe4dc000794
fffd9effffcb0
0000230000a1e
fffdb8800045e
fffe538000780
0000d97fff67e
0000228000a1e
fffee73fff6e6
fffe52400079a
ffff2c4000992
0000270000a13
00011a000090b
0001b07fff868
00025f000035e
00001b8000a02
fffee2ffff6ca
fffe1cffff93c
0000d37fff682
fffd7540000a5
fffdb6c00046c
fffe520000788
000260c000358
fffd750000084
fffdba000045c
fffe52800076e
0000d93fff667
fffd7cc000085
000249bfffba0
fffe1e3fff93e
0000d93fff68e
00001fc000a28
fffdb7000045f
0001b0ffff878
ffff254000994
fffd760000084
fffdb90000456
fffe217fff934
fffda2ffffca2
ffffe43fff5fe
00011b8000934
0001e200006c4
00025d000035a
fffd758000088
fffdbb000045e
0001e100006b6
0000d3bfff670
fffd758000098
fffdb8c000462
fffe500000780
fffda0bfffc9c
0000270000a0e
fffeebbfff6d3
0001b1bfff888
ffff270000992
fffd7b4000088
0001188000920
fffe51000077d
ffff2e0000964
ffffe33fff5ce
00011c800090e
0001b23fff85d
0000d53fff66e
ffffdabfff5ec
fffdb7000045e
0001b13fff870
0000d63fff67a
00001e8000a1c
fffee43fff6d2
fffe1c3fff93b
fffd9e3fffca3
ffffdeffff5f0
fffdb80000463
fffe21ffff944
000262800036c
fffd76400008a
fffdb88000454
fffe21bfff93a
fffda1bfffca8
ffffe2ffff5f7
fffdbb000047a
fffe540000794
ffff30400097e
ffffe5bfff5d7
00024a3fffbaa
fffe1ebfff952
ffff2b0000998
fffd82800008e
000121800091a
0001b73fff871
0000db3fff684
0000260000a31
00011a4000918
0001b37fff87a
000262000036a
0000220000a18
000117c000905
0001acbfff85a
fffd9affffc93
ffffde7fff5e4
fffee9bfff6f6
fffe548000790
0000da3fff683
fffd7f00000a0
00011ec00092a
0001e700006be
000263000034c
ffffddbfff5e1
0002493fffbae
0001dc80006d6
ffff248000980
fffd7a0000078
000248ffffb98
fffe1d7fff938
0000d7ffff67f
fffd7c00000a0
00011c0000923
0001b1bfff87a
fffda1bfffcaa
000287bffff8a
fffdbb8000467
0001e780006ca
0002638000356
0002833ffff68
fffee73fff6e4
0001e100006be
0000d4bfff66d
ffffd83fff5fe
fffdb68000475
0001e180006d2
ffff29400097e
ffffdf3fff5e1
0002483fffbb5
0001db40006d8
ffff200000985
fffd750000084
fffdb70000459
fffe1fbfff938
fffda33fffcb4
0000288000a20
00011a800090c
0001b03fff868
fffd9d3fffc9d
ffffe0ffff5f0
000118000092e
fffe518000777
0000dabfff666
ffffe13fff5f5
00011b000092e
0001e180006ae
0000d43fff669
ffffdb3fff5f2
0001130000924
fffe1d3fff934
0000d5bfff684
fffd78000009a
fffee9bfff6f6
fffe51800079b
ffff2b800098a
fffd7f400007a
00024d3fffb9b
fffe24bfff948
0002688000362
000286bffff80
fffdb7c00045c
0001b33fff878
0000d83fff689
0000234000a36
0001168000923
fffe518000784
000263c000350
fffd7c800007a
00024dbfffb9b
0001af3fff880
ffff28c000980
ffffdfbfff5d8
000246ffffba4
fffe1f3fff946
0000da7fff690
0002853ffff99
fffdb60000478
fffe55c000796
000268400036b
0000250000a1a
00024a7fffba2
0001de80006d2
ffff270000988
0000218000a08
fffee87fff6d4
fffe54800078a
0002680000350
000286bffff6c
0000053fffffd
000212bfffa28
fffddf3fffa90
00028080001b9
ffff717fff61a
0002123fffa2e
fffddc3fffa94
000070ffff616
fffd8b0000240
000216bfffa2e
fffde0ffffaa2
00028400001cc
0002793fffdd2
0001760000848
00015a3fff775
00027a80001c8
000087c0009d3
fffe89bfff7ac
0002220000560
00006bffff5f0
ffff723fff620
0002113fffa33
000153ffff77b
fffd7e3fffe4c
ffff723fff62a
fffe8f3fff7d2
0002278000581
00027a00001c6
fffd880000235
0002133fffa26
000155bfff77c
fffd823fffe5a
000276ffffdd2
fffe8a7fff7cf
0002214000588
ffff8c00009f6
fffd850000228
fffe8c3fff7b6
fffde2bfffaaa
00028100001ce
00008d80009e5
0001728000832
fffddb7fffa79
0000713fff5fe
ffff72bfff628
000210bfffa3a
fffddcbfffaa5
00006f3fff625
00008bc0009f0
fffe88bfff7c9
fffdde7fffaba
ffff950000a14
00009000009e6
fffdf280005c5
0001603fff770
00027f00001c8
000274bfffdd0
fffded00005d8
0001593fff77a
fffd813fffe5f
00008e80009ee
fffdf1c0005d7
0002268000568
ffff91c0009e2
ffff753fff60f
0002153fffa33
000223800056d
00006e3fff611
00008a40009ec
fffdef00005c5
0002258000554
00006f3fff5f2
000278bfffdbf
00020d3fffa22
000155bfff76f
000068bfff61a
fffd860000244
000171c000842
fffddaffffa88
00006dbfff607
fffd884000235
fffe8f7fff7b8
00015f7fff783
00027e00001c6
ffff71bfff62c
000211bfffa48
0002204000582
ffff8f80009fd
000275bfffdc7
00020a3fffa36
fffea04000892
00027800001b4
fffd810000230
fffe8a7fff7b6
00021f8000560
0000673fff5f8
ffff6b3fff629
fffe83ffff7c8
fffdd7bfffaae
fffd7fbfffe5c
fffd888000241
fffe8dbfff7d4
fffea500008a0
fffd82bfffe48
fffd8f400023a
0002153fffa3a
fffea80000890
000071bfff612
fffd8c8000246
000217bfffa44
0002218000589
ffff90c000a00
000275ffffdcc
fffdeb40005d4
000159bfff77e
ffff8e8000a08
fffd8a4000242
0001748000844
fffddc3fffaa2
ffff920000a05
fffd8d4000238
00017c8000849
000225400055f
00027c00001b2
0002723fffdcc
fffdeac0005da
00021fc00055b
fffd7f3fffe42
fffd8b400023c
0001788000839
fffddf7fffa8a
00028280001ba
00008e40009cf
000212bfffa12
000155bfff771
ffff8e00009ea
ffff73ffff610
000212bfffa29
000156bfff774
000276c0001be
ffff693fff62e
fffde9c0005de
fffddc3fffa93
00006cbfff620
00008a40009f4
fffdebc0005d7
fffea3800087e
00006dffff601
fffd894000244
000175000083a
000156bfff764
fffd7fbfffe44
ffff703fff630
fffded40005e9
fffea7800088a
ffff9100009de
ffff70bfff608
fffe8affff7b3
fffde07fffa96
00006fffff613
fffd8bc00024c
000177800083e
000156ffff768
fffd7fbfffe44
ffff723fff62d
fffdef80005d7
00015b3fff772
fffd817fffe4e
fffd8b400023a
fffe903fff7b6
00015e3fff785
fffd86bfffe50
00027cbfffdce
fffe8e7fff7ca
00015f3fff792
00027f80001db
000273bfffdeb
fffdea40005f0
fffea5c0008a9
ffff934000a04
00008d80009e7
fffdf100005d6
fffeaa8000880
00027f80001ad
fffd8b8000224
000216bfffa28
000223400055f
00006dbfff604
0002783fffddc
000170c000848
00021c000055c
fffd7bbfffe33
ffff6ebfff621
fffdec00005d0
fffddf3fffa86
0000713fff606
ffff73bfff63c
0001754000854
0001573fff788
ffff8c0000a04
fffd84800023a
fffdee40005d0
fffddeffffa90
fffd883fffe52
00009480009e8
000175000082f
fffddfbfffa82
000075bfff606
000277ffffdd0
fffdee80005d0
00015cbfff76d
00006dbfff614
fffd8a8000240
0002147fffa32
0001587fff78c
fffd833fffe6b
00009040009f9
fffdf180005da
0002258000568
ffff9200009e4
ffff76bfff612
0002123fffa38
fffea7000088d
00027d80001ac
ffff6ebfff614
fffe8bbfff7be
fffde1bfffaa2
000074bfff61f
00027a3fffdf0
fffdf080005f2
000228000057c
ffff9500009fb
00027bbfffdca
000176800084c
0002230000564
00027b40001b8
00026f7fffdca
fffde840005d2
fffdddbfffa96
ffff9580009f5
0002783fffdc0
000170400083e
fffddbbfffa80
00006fffff5fa
ffff71bfff628
fffe8e3fff7d4
000226800057c
00027a00001c3
fffd848000235
fffe8ebfff7c4
0002240000576
fffd843fffe4c
00027bffffdd6
000175000084e
000221800055c
00006c3fff606
000272bfffdd4
fffde900005d7
fffdde3fffa92
0000713fff620
00009000009f6
0001774000840
00015b3fff776
00027a00001c6
00008880009da
fffe89bfff7ae
00015a3fff77f
00027780001d4
fffd838000246
000170800084b
fffea1800087e
00006a3fff5fd
fffd838000232
fffe893fff7be
fffddebfffa9f
0000703fff620
fffd8a400025d
000175800085b
fffea50000896
ffff9380009f8
000090c0009c9
000211bfffa13
000155bfff77e
ffff8b80009fe
fffd850000227
fffe8b3fff7b3
fffddf3fffaa0
fffd89bfffe54
00027dffffddc
0001760000853
00021f4000562
fffd813fffe36
ffff75bfff626
000213bfffa42
00021c800057c
fffd7f3fffe58
00008d00009e5
fffdef00005c6
000158ffff774
fffd803fffe50
fffd8c0000240
000214bfffa3e
fffea50000896
000070bfff61c
00008e00009f7
fffdf340005e2
0002264000572
ffff9300009f6
00009040009c7
000213bfffa14
000159bfff772
00027980001be
ffff6c7fff62e
fffdef00005e1
00015c7fff782
ffff910000a14
00008d00009e4
fffdf100005d2
0002244000562
ffff9100009e2
ffff753fff614
0002143fffa33
000221800056e
00006c7fff61a
00008cc0009f6
000172c000846
00021e0000564
ffff89c0009e0
ffff6d3fff618
fffdea80005ce
fffdde7fffa86
00006fbfff612
fffd8b8000250
0001798000852
000222c00056b
ffff9000009e9
0002753fffdb6
fffdec00005bb
00015c3fff759
00006cffff600
ffff73bfff62a
000210ffffa44
fffea50000897
00027f80001bb
0002747fffdc6
00020abfffa3b
0002178000571
fffd783fffe4e
00008740009e0
fffde680005c4
fffdda7fffa86
00006abfff609
fffd81c00023a
fffe87bfff7ba
fffddabfffaa9
fffd813fffe5b
fffd89800024a
fffdf1c0005de
fffea88000884
fffd86ffffe38
ffff783fff62b
000178c000856
0002204000564
fffd80bfffe33
ffff753fff61b
fffe8f3fff7cb
000224c000578
fffd847fffe47
00027abfffdcf
fffe8d3fff7d0
0002240000581
ffff91c0009fd
000276bfffdca
00020bbfffa39
fffe9e000089c
fffd7e7fffe4d
fffd88c00024c
fffdf300005e1
000224000056f
ffff8f00009f4
fffd898000221
0002143fffa20
000158bfff780
fffd80bfffe5e
00008f00009f5
0001718000847
fffea20000882
fffd81bfffe3f
fffd8e8000237
0002183fffa34
0002210000569
00006abfff610
fffd870000250
000176000085a
fffea38000896
ffff9100009f6
00008b00009d4
fffded00005c4
fffea68000870
fffd87bfffe28
ffff783fff622
000177800084a
fffea88000876
000282000019a
0002747fffdac
fffe893fff7a1
00015affff76a
00006effff60d
0002733fffdce
fffe857fff7ce
fffea1000089a
fffd80bfffe43
fffd8d800023a
0001798000834
000158ffff75d
00006d3fff600
ffff713fff626
fffe8cbfff7c7
00015bbfff793
00027900001d8
fffd824000252
fffdeb80005e0
fffea4c00088a
fffd83ffffe3a
ffff753fff624
fffe907fff7db
000226800058e
ffff918000a0c
00008d80009d8
fffe8e3fff7c6
0002238000582
ffff8f0000a04
00008e00009d6
00020dbfffa32
fffea24000897
ffff9000009ee
00008a00009ca
fffe87bfff7a8
fffddbbfffa94
fffd85bfffe4a
0002787fffdcc
fffe87ffff7ca
fffea6000089e
fffd843fffe50
00008f00009e6
fffdefc0005ca
fffea8000087a
fffd89bfffe37
00027d7fffdbc
fffe903fff7c2
000228000057a
00027e80001bd
00008d40009d4
0002107fffa16
0001573fff775
000068bfff619
fffd864000251
0001730000851
fffdde3fffaa2
00027e00001d0
000088c0009f0
fffdea40005cd
fffddbffffaa2
ffff90c000a02
fffd888000237
fffdf400005d8
000225c000568
ffff9280009e8
0002763fffdc0
fffdec40005d0
fffea60000876
0000717fff5fe
0002733fffdce
fffde980005da
fffea3c000882
fffd83bfffe40
00008e00009d6
fffdf0c0005b6
000159ffff75a
fffd80bfffe35
ffff74bfff61a
fffe8d3fff7bc
fffde0bfffaab
ffff9400009ff
fffd8e800022b
0002163fffa23
00015c3fff77e
ffff8e80009fa
ffff6fbfff616
fffe8abfff7cc
fffea60000894
fffd853fffe3f
ffff76bfff631
fffdf300005eb
fffead0000886
0000753fff60c
000090c0009e4
fffe8f7fff7c8
fffead800089a
000283c0001bc
00009180009d4
000214bfffa1e
00015b7fff77e
ffff9300009f3
ffff777fff61c
0002153fffa40
000223800057f
000279c0001c4
fffd880000241
000176c000848
00021ec00055d
fffd7f3fffe3a
ffff74ffff62c
000174c00084f
fffddcbfffa9f
ffff9340009fe
fffd8dc000236
0002167fffa32
fffeaa0000894
00028480001ba
0002783fffdce
000171800084c
fffddbbfffa9d
ffff940000a08
00009280009df
0001760000841
000222c00055f
00027980001ac
ffff6c3fff621
fffded00005de
000221800056a
fffd827fffe4a
00008f80009de
fffdf200005ca
0002268000560
00027d00001a4
ffff6e3fff61c
0001708000843
fffdda3fffa98
ffff9100009fe
00008bc0009cf
fffdec80005b4
fffdddbfffa7e
fffd87bfffe3b
000279ffffdc0
fffdef40005c4
fffde3bfffa80
0000753fff608
00009480009d9
0002153fffa16
00015bbfff76f
00027d00001bb
ffff6fbfff628
0001730000846
fffddd3fffa94
00027f40001c2
00008b00009cc
fffe89bfff7aa
fffddeffffa98
00028000001b5
ffff71bfff628
0001748000846
000154bfff772
fffd7dbfffe4c
fffd8a0000237
fffe917fff7b9
0001613fff788
00027f00001dc
00008d80009e8
00020ebfffa2e
fffdda3fffaaf
ffff944000a10
00008f00009e0
000172c000832
fffddb3fffa86
fffd84ffffe3e
ffff75bfff62e
fffdf6c0005e6
00022c0000570
00028000001ba
0002763fffdd1
00016f4000852
fffea2800088a
fffd82ffffe48
00008f80009dc
fffdf380005c4
0002298000554
0000723fff603
000277ffffdd8
fffdf100005de
000228000056a
00027f00001b6
00008d80009d0
0002103fffa1d
00021d800055e
fffd7e3fffe31
ffff733fff61a
fffe8e3fff7cc
0002240000580
ffff9100009fe
00008cc0009d2
fffdf1c0005c1
0002270000556
0000707fff5f8
000278ffffdc6
000171000083e
0001577fff774
ffff8d80009fa
00008c80009cc
00020cbfffa25
fffea0800087a
ffff8e80009ce
ffff72bfff5fe
00020d3fffa18
fffdd93fffa88
00006d3fff602
ffff70bfff622
fffe89bfff7c2
fffdddbfffaa4
fffd8a3fffe56
00027c3fffdda
000171800084d
fffddebfffa96
00027f00001c8
00008b80009e1
fffdf0c0005bd
0001607fff770
00027e80001c4
00008d40009d2
0002107fffa1b
0001563fff778
fffd817fffe48
000278bfffdd9
0001704000845
0001553fff770
fffd7fbfffe4a
000274bfffdd4
fffde900005d7
fffdddbfffaa0
ffff928000a04
00008f40009d2
00020ebfffa1c
000153bfff777
fffd7cbfffe56
fffd860000246
fffdef80005d8
fffeaac000886
00027dc0001ac
fffd880000224
fffe903fff7b6
0002240000568
fffd823fffe34
ffff767fff620
fffdf580005cf
0001623fff76d
00027e80001be
fffd8b0000230
0002173fffa1c
00015c3fff77c
00027c80001c7
00008c00009d1
fffe8b3fff7ac
00015d7fff775
00027b00001b9
ffff6dbfff618
fffe8affff7c8
fffde33fffaae
00028340001d6
00008e80009e2
0002123fffa2b
0002218000565
00006cbfff60c
000273bfffde2
fffdee00005ea
0002238000570
00027a80001bc
000086c0009d8
fffe883fff7b6
00021f8000575
ffff8b80009ea
ffff6c7fff619
fffdea80005d0
fffdddbfffa91
fffd867fffe58
00009480009e3
000215bfffa2a
000223000056c
00027a00001bc
00026effffdce
fffde680005db
fffea40000886
ffff8e00009e6
fffd898000218
0002113fffa1c
fffdde7fffa90
00027f00001b6
0002723fffdc3
fffde700005c7
fffddbbfffa82
00006d7fff60e
fffd89000023a
000210bfffa30
fffea38000880
0000703fff5fa
000274bfffdc4
fffe84ffff7b1
fffddaffffa9e
00006e3fff616
fffd870000241
fffe8ebfff7c4
000221800057b
fffd81bfffe52
0002747fffdda
fffdea00005d8
fffddb3fffa9d
fffd84ffffe56
00009200009e8
000172800083b
fffddd3fffa88
00006f3fff60f
fffd8a800024c
0001790000846
0001583fff780
ffff8b8000a02
fffd89000023a
0001750000844
fffea28000874
fffd843fffe2a
ffff75ffff615
fffe8f3fff7c6
0002268000578
ffff8e00009f2
fffd89000021e
fffe913fff7b0
000225c000562
0000707fff5fc
0002757fffdcc
fffe87bfff7ca
fffea5c000899
ffff91c0009e8
ffff72bfff60c
fffe8b7fff7bc
fffddeffffaa2
fffd8abfffe4e
00027f3fffdce
000213bfffa42
fffea7000089e
00028100001c6
00008bc0009dc
fffe8dbfff7be
0002258000578
ffff90c000a00
00009000009dc
0001780000832
0002244000546
00006f3fff5ec
0002793fffdb9
00020ebfffa20
000154bfff772
fffd7fbfffe50
0002753fffdcc
fffdeb80005cc
000159bfff772
ffff8d80009f1
ffff70bfff613
fffe8ebfff7c6
000221c00056a
fffd813fffe3d
ffff763fff622
000215ffffa40
000221c00056d
000069ffff60f
fffd88800024a
000212bfffa36
0002208000578
ffff8b80009f4
ffff71ffff624
0001728000842
fffddc3fffa8e
000072bfff610
000278bfffdda
0001720000856
00021c000055e
000066bfff607
fffd82c000246
0001700000842
fffdd8bfffa88
00006abfff611
fffd830000244
fffe8a3fff7c8
fffddbbfffab5
ffff90c000a12
fffd8a8000242
000176000084f
fffea4400087c
0000703fff608
000272bfffdd9
fffde940005e4
fffea0800088e
fffd80bfffe46
fffd888000232
fffe8d3fff7ca
fffea840008a3
ffff9200009fb
fffd8bc000238
0001770000840
fffddebfffa98
ffff958000a04
00009100009d8
0001758000836
00021f400054f
fffd7c3fffe31
fffd89c00022a
0002113fffa28
fffea18000888
fffd807fffe37
fffd8c000022b
000212bfffa21
fffdda3fffa94
fffd847fffe48
fffd8f000023b
0000063fffffe
000003bfffffb
0000033fffffb
000002bfffffe
0000020000000
000000bfffffe
0000030000002
000001bfffff8
0000017fffffc
000001c000000
000000bfffffe
0000018000000
0000013fffffe
0000000000000
000002bfffffe
0000023fffffd
0000000000001
0000010000003
0000010000002
0000023fffffe
000000fffffff
0000010000003
0000020000003
0000033fffffd
0000013fffffd
000000bffffff
ffffffbfffffe
0000013fffffc
0000020000000
ffffffc000002
0000007fffff9
0000000000001
000000bfffffc
000001bfffffe
0000018000000
0000008000002
0000008000000
0000004000000
ffffffbffffff
0000007fffffc
ffffff8000000
000000bfffffe
0000000000001
0000000000004
0000000000003
0000013fffffc
000000bfffffb
0000013fffffb
0000000000005
0000018000006
0000010000000
000000bfffffc
0000010000003
0000004000002
ffffff8000000
000000c000000
0000003fffffc
000001bffffff
ffffff8000000
0000008000004
ffffff8000000
ffffffc000000
ffffff8000001
000000c000006
ffffffc000000
000001bfffffb
000000c000002
0000010000003
000000bfffffd
0000007fffffc
0000014000000
fffffeffffffe
0000003fffffd
0000013fffffd
0000003fffffe
ffffff8000002
000000bfffffa
ffffff3fffffe
0000017fffffc
0000000000001
ffffff8000000
000000c000007
0000013fffffe
000000bfffffe
000000bffffff
ffffff3fffffe
ffffff3fffffe
ffffff8000002
ffffffbffffff
ffffffffffffb
0000010000004
ffffffffffffd
000000bffffff
000001bfffffe
0000013fffffd
0000003fffffe
ffffff4000000
0000000000000
fffffec000000
000001bfffffa
0000004000004
0000000000000
ffffff0000002
0000018000001
fffffeffffffe
000000bfffffd
000000c000006
0000007fffffd
0000008000002
0000008000006
fffffebffffff
0000008000006
0000000000000
000001bfffffc
fffffe8000000
ffffffbfffffd
ffffff3fffffe
0000004000000
ffffff8000004
ffffff8000002
0000000000000
0000003fffffa
0000007fffffc
0000003fffffc
ffffffbfffffc
0000013fffffe
ffffff0000004
000000bfffffc
0000018000006
0000003ffffff
0000000000002
000000c000006
000000ffffffe
fffffeffffffe
0000007fffffe
ffffff7fffffe
0000020000000
000000bfffffe
000000bfffffd
0000010000002
0000013ffffff
ffffff8000005
000000bfffffe
0000003ffffff
0000008000000
0000007fffffe
0000003ffffff
0000008000000
000000bfffffc
ffffffc000001
ffffff3fffffe
0000008000001
0000008000000
0000000000002
ffffff3fffffe
ffffff8000000
0000003fffffe
0000010000000
000001c000002
0000010000002
0000003fffffc
0000010000002
000001ffffffe
000000bfffffc
0000003fffffe
000001bfffff9
ffffffbfffffc
0000018000000
ffffffc000002
0000000000003
0000008000004
0000017fffffa
0000013fffffa
000000bfffffe
ffffff0000002
0000013fffffd
0000000000000
000000bfffffe
fffffdfffffff
000000bffffff
0000000000007
ffffffbfffffc
ffffffbfffffe
0000018000000
0000013ffffff
000000bfffffe
fffffe8000002
0000000000002
ffffff3ffffff
ffffff0000002
0000013fffffe
ffffffbfffffe
ffffff0000003
ffffffc000002
0000023fffffb
0000014000000
0000014000000
0000010000002
fffffe8000002
000000c000000
ffffffbfffffa
0000003fffffc
ffffffbfffffe
fffffebffffff
0000000000000
0000013fffffc
0000003fffffb
0000017fffff8
0000000000004
fffffe8000002
fffffec000002
ffffffbfffffe
ffffff8000006
0000003fffffe
0000010000002
0000000000002
ffffff8000000
0000018000003
ffffff8000002
0000007ffffff
0000013fffffc
ffffff8000002
ffffffc000006
000000bfffffe
0000018000000
000000ffffffd
0000008000004
ffffff3fffffc
0000013fffffe
fffffe7ffffff
0000003fffffe
0000003fffffe
ffffff0000002
0000010000000
000000bfffffc
ffffffc000000
ffffffbffffff
000001c000002
ffffff0000004
ffffff8000002
0000003fffffe
0000000000004
000000ffffffb
ffffff3fffffc
0000000000004
000001c000001
0000000000002
0000008000004
ffffff0000002
ffffffbfffffd
000000bfffffd
ffffff4000000
fffffeffffffd
ffffff7fffff8
fffffe8000002
0000018000002
ffffffbffffff
0000010000002
0000000000005
ffffff8000000
0000000000000
0000008000000
0000018000001
0000000000004
000000bfffffc
ffffff0000000
0000017fffffb
0000007fffffe
0000013fffffd
0000003fffffd
0000004000001
ffffff3fffffd
0000003ffffff
ffffff8000000
fffffe8000000
ffffffbfffffa
000000c000000
000000bfffffd
ffffff8000004
0000010000006
fffffe4000003
000000c000000
000000bfffffa
0000010000001
ffffff7ffffff
0000017fffffd
0000008000000
0000003fffffe
0000018000000
000000ffffffa
000000c000001
fffffe8000001
0000013fffffe
ffffffc000008
0000013fffffc
fffffe8000002
fffffec000002
0000008000000
0000003fffffc
0000003fffffe
0000010000004
0000013fffffe
ffffffbfffffa
0000008000003
ffffff0000002
0000010000006
ffffff0000000
fffffe4000004
ffffff8000000
0000000000001
0000010000000
ffffffbfffffa
0000008000002
fffffe8000005
0000004000004
ffffff0000002
000001bfffffa
fffffebfffffe
ffffff0000000
000000c000000
0000008000002
ffffffbfffffe
0000008000000
ffffff7fffffc
0000018000000
fffffefffffff
ffffff3fffffe
0000003fffffe
fffffec000000
ffffff7ffffff
0000000000000
ffffff4000000
0000000000001
ffffff4000007
0000000000006
0000004000002
ffffffc000002
ffffffbffffff
0000008000002
000001ffffffc
ffffff3fffffb
0000008000002
ffffffc000006
ffffffffffffc
ffffff4000002
ffffffbfffffd
0000013fffffe
ffffff4000000
0000003fffffd
0000003fffffc
0000004000002
000000c000000
fffffe8000000
0000013fffffa
0000000000001
fffffe8000004
ffffffffffffd
ffffff8000000
ffffff8000001
ffffff8000004
ffffff4000003
fffffebfffffe
0000004000003
0000000000002
ffffff3fffffa
000000c000002
ffffff8000006
fffffe0000001
0000000000003
ffffff8000000
0000004000006
ffffffffffffe
0000000000001
0000000000003
0000000000004
0000000000006
ffffffffffffe
0000000000000
000000bfffffd
0000003fffffd
fffffebfffffe
ffffffffffffb
0000007fffffc
0000003ffffff
ffffff0000004
ffffffbfffffe
ffffff0000000
ffffff0000006
ffffff0000002
ffffff4000002
0000000000000
ffffff8000004
fffffd8000000
0000003fffffe
0000000000001
0000010000009
ffffff0000004
ffffff7ffffff
ffffff0000002
fffffebfffffe
fffffe4000000
fffffd8000004
fffffe8000004
fffffebffffff
fffffd8000004
fffffc4000006
fffffa0000008
fffd84800023a
fffded80005ca
fffddfbfffa98
ffff9500009f4
ffff737fff616
fffe8d3fff7c8
0002220000574
00006a3fff61a
fffd83800024c
fffdee80005e2
fffea7c000894
fffd83bfffe40
fffd8ec000241
00017c0000852
fffea9800088a
00028140001b8
00008c00009d2
fffe8bbfff7ae
fffddfbfffaa1
ffff9680009fc
000278bfffdc6
fffdeb00005dc
fffea48000880
fffd853fffe31
fffd8e0000226
fffe963fff7ac
0001633fff77c
00028300001d0
00008e80009e0
fffe903fff7bb
0002290000576
00027e40001be
fffd8a0000238
0001798000848
fffeaa000087c
000282000019d
ffff76bfff614
0002157fffa38
0002250000570
00027dc0001ba
00008d00009d4
0002113fffa22
0002208000562
00006cbfff601
000273bfffdd1
fffdea80005d6
fffea8000087b
00027e00001a0
ffff717fff616
0002103fffa30
fffea6000088c
00027b00001aa
ffff6e3fff61c
fffdf000005cb
00015abfff764
00006cbfff618
00008900009de
fffe883fff7b8
fffddc3fffaac
ffff928000a00
fffd8c000022a
0002163fffa28
000221800056b
fffd833fffe3e
0002763fffdc3
fffe8a3fff7bf
000221800056d
fffd833fffe40
000274ffffdd0
fffde900005ca
fffdddbfffa8b
00006ebfff612
fffd8b400024e
0001778000849
0002218000558
fffd7e3fffe32
ffff71ffff61f
fffdf100005cb
00015cbfff76e
fffd843fffe44
ffff783fff622
000213bfffa3b
fffddfbfffaa1
0000753fff62b
000092c0009fe
000177000084b
00015a7fff784
ffff924000a10
00009100009e8
0001788000842
0002248000558
00027c00001ae
00008b80009c9
00020e3fffa12
fffddcbfffa92
000073bfff606
000278bfffdd6
00020fbfffa42
00021f800057a
000276c0001ce
00008580009e9
fffde880005ca
fffea1400087c
fffd84bfffe2c
0002797fffdb9
00020bbfffa28
fffdd9bfffa9b
00027b80001c0
ffff6affff62c
fffdea00005d9
fffddcffffaa4
ffff910000a0e
00008c00009e0
fffdea80005c4
fffdddffffa8a
fffd86bfffe4e
00009200009d5
00020f3fffa29
fffea2c000887
00006f7fff60a
000089c0009e8
fffdeb40005c2
fffddd3fffa94
ffff90c0009f8
fffd878000224
fffe8f3fff7b8
fffea8c000888
fffd88bfffe3c
00009800009cc
0002173fffa1e
000223000055a
00006cbfff601
00008a00009d6
fffe89bfff7b1
fffea6000087f
fffd83ffffe2e
ffff783fff610
fffe927fff7c4
0002290000567
000071ffff5fe
0002797fffdcc
00020dbfffa35
fffddb3fffaab
ffff920000a01
ffff737fff626
fffdf380005e4
000227c000572
ffff9400009eb
00027a3fffdc4
000174400083c
0002224000553
00006bbfff5fd
00008d00009da
0001734000824
0001573fff750
00006affff5f2
ffff6f3fff61b
fffe8c7fff7b8
00015affff77a
00006cbfff61b
00008a00009e3
fffe873fff7b2
fffddcffffa9e
fffd88bfffe4f
00027c3fffdd5
0001768000844
0001593fff76b
fffd817fffe4b
000278bfffdd0
fffe8c3fff7d1
000224800057c
00027740001bd
fffd82c000240
fffdef80005ce
fffddfbfffa8d
0000733fff61a
00009100009ef
0001788000838
000159ffff768
00027c00001b6
ffff6e3fff622
fffe8abfff7d3
0002218000584
ffff8c8000a04
00008a80009d5
fffdec80005be
fffddf3fffa89
0000737fff615
00009080009ec
000174c00083a
00021f0000554
fffd7e3fffe2f
ffff71bfff61e
fffdf140005ca
00015bbfff778
ffff8f40009ee
ffff733fff620
fffdf080005ce
00015e3fff770
ffff9080009f0
ffff747fff61a
fffdf180005c7
00015e7fff776
ffff93c0009ed
ffff76bfff616
0002167fffa2e
00015c3fff786
00027d00001d1
00008b80009da
00020cbfffa30
fffea24000887
00006d3fff606
fffd8a800024a
00017a0000849
0002230000561
00027a80001ad
00008840009c4
fffe89bfff7a0
000158bfff76c
000069ffff608
ffff6fbfff634
000170400084d
fffdd63fffa98
fffd7f7fffe50
fffd89000023a
fffe8e3fff7d0
fffeaa00008a2
ffff9500009ef
0002793fffdb8
fffe893fff7c0
fffea94000897
00027d80001ba
fffd88000023c
0001750000838
fffdde3fffa8c
ffff9400009e6
ffff757fff60c
fffe8fffff7c1
fffeae8000890
00028680001ae
00027b3fffdb8
0002127fffa25
000221000055e
00006e3fff5fd
0002767fffdc2
00020d3fffa20
000151bfff778
fffd7dbfffe49
ffff6fffff62a
fffe8cffff7d1
000222000057d
ffff8d80009f1
ffff6ebfff613
fffe8abfff7c6
fffde0bfffaaa
00028180001c4
0002753fffdcc
fffe877fff7cd
fffde0ffffab2
00027f40001dc
00008b00009e8
00020d3fffa3a
fffea1c000894
00006d3fff618
00008980009f6
fffdec00005d8
fffea50000884
fffd84ffffe30
ffff77bfff624
0002137fffa44
fffea840008a0
00027f80001c4
00008a80009d8
fffe8b7fff7ba
000222c00057e
ffff8e80009f7
00008b00009c8
fffe893fff7a8
fffdde3fffa98
000072bfff61f
00009000009f6
0001738000843
fffddebfffa9c
00027e80001ce
00008c00009e5
000172000083f
fffea38000872
00006f3fff5fb
00008d80009d1
00020e3fffa17
000151bfff772
fffd7b3fffe46
ffff6effff631
fffde9c0005ec
fffea28000888
fffd807fffe42
fffd89800023a
fffdf180005d2
fffde2ffffa96
ffff9700009f5
ffff79ffff624
00017a8000854
0002250000569
00027e40001ba
0002703fffdca
fffde8c0005d6
fffea2c000885
fffd81ffffe40
fffd8dc00023c
00017a4000841
0002214000559
fffd82ffffe32
00027a7fffdc8
fffdef80005cc
0002250000552
00006f3fff5f8
0002733fffdcc
fffdea80005ce
fffddf3fffa93
00027d00001ba
fffd880000235
0002113fffa27
fffea5000088b
00006d3fff606
fffd8a8000247
0001770000842
fffea50000876
0000707fff5f4
ffff73bfff632
fffdf380005de
000228800056a
00027c00001b8
fffd87800023c
000178000083b
000220800054d
00006a3fff5fb
fffd86400023b
0001720000834
fffddc3fffa80
00006ebfff60b
00008a00009e4
fffded00005bc
fffdde3fffa7e
fffd863fffe2f
ffff773fff613
fffe923fff7bc
0001613fff785
00028080001cc
00008d80009d9
fffe8f3fff7b2
0002280000562
000070ffff606
000279bfffdd8
0001740000844
0001577fff774
ffff8f80009f7
0002743fffdbe
fffded80005c4
00015c3fff760
00006d3fff614
00008d80009df
0002107fffa2d
00021c800056a
ffff8b00009e8
ffff6bbfff60e
fffdea00005c6
fffddb3fffa88
fffd837fffe40
fffd8d8000226
0002133fffa1c
fffdde3fffa88
0000717fff606
ffff74ffff62d
000212ffffa3d
0001583fff793
ffff8c8000a0c
fffd87000023c
fffdf440005d2
0002278000552
000070ffff5fc
0002763fffdc6
fffe887fff7be
fffddfbfffaa4
00028180001c5
000272ffffdd2
fffdea00005d7
fffea7000087a
00006f3fff5fc
fffd8a800023a
0002153fffa35
fffea88000890
00028000001ab
000272ffffdba
fffe85bfff7ac
fffddd3fffa94
000070ffff61c
00008e40009ea
00020dffffa28
fffdda3fffaa2
fffd867fffe59
000091c0009e6
0002143fffa2e
000220c000570
fffd80bfffe46
00009200009d6
000212bfffa1b
0001583fff776
00006c3fff628
00008a80009fb
00016f800084b
fffe9f0000882
fffd81bfffe32
ffff743fff624
fffdf200005de
0002278000568
00027cc0001a8
ffff713fff61e
0001748000849
00021f8000556
000069bfff604
000084c0009d7
fffe843fff7ab
fffdd77fffa98
fffd803fffe48
fffd89400023a
fffdf340005c5
00015dbfff764
00006e3fff606
ffff6fbfff62e
fffe8affff7d4
fffea780008a8
ffff9500009f8
0002763fffdc6
fffe873fff7c5
fffea60000894
fffd863fffe40
0002797fffdcc
fffdee00005d4
fffde2bfffa99
00028200001c2
00008c80009d4
fffe8cbfff7af
00015affff780
ffff914000a06
00008d00009ce
fffe8cbfff7a6
00015abfff776
fffd843fffe50
000278bfffdda
fffdee00005db
0002238000567
ffff8d80009e6
ffff70bfff60e
fffe8b7fff7c2
fffea8800088a
0000713fff602
ffff733fff62f
fffdf480005de
000160ffff77f
00027fc0001cf
00008c80009e4
00020d7fffa2e
fffddb3fffaa6
ffff934000a00
0002753fffdca
fffdeb00005d9
fffea8c000881
000071bfff609
00008f00009ec
000173800083e
00021b800055a
fffd7abfffe3a
fffd87400022c
fffdef80005c2
fffddebfffa8a
fffd87bfffe42
000095c0009cd
000214bfffa12
fffde03fffa8d
00028340001b0
0002753fffdb9
fffe873fff7ae
fffddf3fffa8e
0000723fff606
ffff76ffff632
000177000084b
000157bfff76e
fffd823fffe48
ffff77bfff624
000214bfffa3e
000158ffff790
ffff8e0000a10
fffd8b8000245
000177c00084b
0002220000563
ffff8e80009e4
ffff713fff610
fffe8dbfff7bc
00015f3fff788
00027d80001d6
00008cc0009f0
000172c000841
fffea4000087e
00027bc00019c
ffff6b3fff613
fffded00005c6
fffddebfffa85
0000713fff600
ffff71ffff62e
fffdf200005d8
00015e3fff772
00006effff61c
00008d80009ee
fffdf080005ce
00015ebfff770
00027c00001c3
ffff6dbfff62c
fffdee00005ea
fffea88000884
0000743fff604
000276bfffdd6
fffdf040005d6
000227000055a
00006dffff5fa
ffff737fff62d
0002143fffa4e
0002208000584
00027980001d0
00008400009ea
fffde900005d4
fffea2c00087a
fffd837fffe2e
ffff753fff61e
fffdf100005d0
00015e7fff77d
ffff93c000a00
000277bfffdc2
fffdee40005c8
00015a3fff762
fffd843fffe48
00027a3fffdc7
00020e3fffa2c
fffddd3fffaa2
00027c80001c8
00008900009d4
fffe883fff7ac
000156bfff77a
fffd7cffffe56
fffd888000242
fffe8e3fff7ce
fffea980008a4
ffff9800009f2
00027c3fffdc3
000210ffffa3c
00021e800057a
ffff8e00009fc
00008a00009c8
fffe873fff7b0
fffea30000882
fffd82bfffe2c
ffff743fff612
fffe8cffff7ba
fffde17fffaa6
00027f80001c9
fffd890000238
fffe8ebfff7c4
fffeabc00088f
0000753fff609
00027b3fffddc
000174c00084d
000157bfff782
ffff8e8000a04
00008c40009d2
fffe8abfff7b8
fffea78000888
000070bfff608
00008d80009e4
fffdf080005c4
00015cffff75f
00006e3fff60c
ffff73ffff640
0001748000862
fffea58000892
ffff9280009e1
ffff76bfff615
000211bfffa34
fffdddbfffaa5
00027f80001d2
00008a00009ea
fffdec80005c6
fffde27fffa88
000075ffff610
00027b3fffde7
000171c000858
fffea7000088e
00027f00001be
00008c00009d8
000171000082c
fffdd97fffa7d
fffd84bfffe36
ffff773fff619
0002113fffa3a
fffea4800088a
00006f3fff600
ffff733fff63a
000173000085d
fffea3000088d
fffd833fffe43
fffd8e000023c
0001798000840
fffde23fffa8e
0000753fff61b
00009200009f1
000176000084b
fffea70000884
ffff98c0009da
00027dbfffda8
000213bfffa20
0001587fff77b
ffff8f80009f2
ffff733fff614
fffe8fbfff7ca
000225800057a
ffff9380009f4
000278bfffdba
fffe8b7fff7c0
fffeac4000890
00028400001b2
00027a3fffdbe
000211bfffa20
0001593fff77a
00027d80001c6
0002723fffdca
fffe85bfff7d8
fffea480008a6
ffff920000a02
00008f00009d6
fffdf0c0005b7
00015f7fff765
00027e80001bb
fffd8a800022d
0002173fffa32
0002260000570
00027d00001c0
00008e00009d6
0002127fffa26
000221c000568
ffff9040009e3
0002763fffdaf
00020bbfffa24
fffea2800087c
00006dbfff5f6
ffff73bfff61c
0002123fffa30
0001587fff78c
ffff8fc000a06
000275ffffdce
00016f0000846
fffea28000874
00006e3fff5f3
ffff723fff620
00020fbfffa34
000155bfff78e
ffff8c8000a0b
fffd868000240
000175800084a
fffea60000882
00027cc0001a4
ffff6fbfff61e
0001750000846
00021f4000552
0000683fff5f8
fffd86400022a
fffe8d3fff7aa
00015c3fff76f
00006d7fff618
00008b80009e4
fffe8ebfff7b8
00015d3fff786
00027d80001cb
00008b00009e7
000172c000834
000154bfff760
fffd7fffffe45
000276bfffdcb
fffe88bfff7c6
000222c000578
ffff8e40009ee
ffff727fff614
0002113fffa39
00021f8000575
00027780001ba
00026d3fffdca
fffde380005d4
fffdd83fffa92
fffd827fffe47
000277bfffdcf
00016b800084c
fffdd3ffffa93
fffd7d7fffe4f
fffd860000246
fffdef00005d7
fffea5800087c
00006d3fff5fe
fffd870000244
fffdf080005ce
fffde2ffffa93
00028180001c8
00008e40009dd
000170000082e
fffdd8bfffa84
fffd83bfffe37
ffff743fff628
fffdef80005d6
fffea8000087e
fffd89ffffe34
00027e3fffdb7
000211ffffa24
000157bfff779
fffd827fffe50
00009180009d5
0002137fffa1a
00015b3fff775
00027cc0001ba
ffff6effff61f
00020c3fffa40
fffdda3fffab4
ffff920000a06
00008f00009d2
00020fffffa16
0001537fff772
fffd7d3fffe4c
ffff713fff632
fffdf000005ea
000223c000573
ffff9140009ec
0002743fffdb6
fffe86bfff7b2
fffddcbfffa94
000070ffff622
00008e00009f4
000171800083c
fffddbbfffa94
00027ac0001be
fffd83000023e
fffdeb80005d2
fffea58000885
fffd85bfffe30
ffff78ffff624
000175c000843
fffde17fffa92
00028240001c4
00008ec0009e1
0001758000834
0002210000548
000069bfff5f3
000089c0009c5
fffe8a3fff797
0001597fff76b
00006abfff60a
ffff713fff634
0001720000846
0001557fff770
0000663fff615
fffd83000024c
fffe893fff7ce
fffea440008a4
ffff8e80009f4
fffd86400022b
fffe8bbfff7c6
fffea7800089c
ffff9480009f0
00008d80009c3
fffe8bbfff7a4
0001583fff774
ffff8bc0009f8
fffd848000226
fffdf000005c2
fffde23fffa80
00028140001a4
ffff71ffff60e
00020f3fffa24
fffddb3fffa8d
00006ebfff606
ffff717fff624
fffe8c7fff7ca
000158bfff785
fffd7f3fffe5c
fffd88c000246
fffdf080005d0
fffde1bfffa9a
ffff9640009ee
ffff75bfff60f
fffe8f3fff7c8
00015e3fff786
fffd87ffffe61
00009480009f3
00017a0000846
0002250000556
00006d3fff5fc
ffff72bfff636
0001770000856
00021fc000564
fffd80bfffe4a
00009000009de
0001728000829
000154bfff75c
fffd7e3fffe3e
ffff713fff620
fffdee00005d1
fffddeffffa92
fffd873fffe4d
000091c0009d8
fffe90ffff7ac
0002298000566
00027e80001b4
00008a40009c4
fffe89bfff79a
fffddfbfffa86
0000733fff604
000003c000019
000167800087b
00021580005a8
ffff7980009e0
ffff7ebfff60a
fffddf000059a
fffde53fffa5b
fffd87bfffdff
ffff843fff622
fffde600005af
fffe98c000866
fffd8cbfffe06
0002827fffe1e
fffdea80005a8
00022100005a7
00027d80001fc
00027c3fffe19
0001628000874
fffe950000854
0000813fff61a
00007b80009f4
fffde68000592
00021e000059a
00027a80001f3
000276bfffe04
fffde2800058a
00021b0000590
00027700001e6
ffff7d7fff5ff
fffe983fff78c
fffdea3fffa62
00027e8000200
0002793fffe05
000217bfffa60
000163bfff79a
000078ffff621
fffd8180001fe
0002187fffa70
fffde43fffa6c
0002764000213
fffd7e00001fc
fffde6000059a
000169bfff7a6
ffff7c80009f5
00007a80009d8
0002163fffa52
fffde07fffa56
fffd817fffe04
fffd8680001ea
00021a3fffa5f
fffde33fffa52
00007e3fff61a
fffd8140001f4
fffe98bfff797
fffde73fffa66
fffd8b3fffe0a
00027d3fffe14
fffe9abfff79a
000169ffff7be
ffff7c8000a02
ffff82bfff620
000161c000880
fffde3bfffa6d
ffff7c00009fa
fffd8140001f0
fffe9abfff79c
fffe950000878
fffd873fffe0e
00007dc0009f7
fffde3000058a
fffdeabfffa5c
ffff8040009ec
fffd8800001e1
fffea03fff792
fffdeebfffa6c
00027f0000213
fffd8a4000203
00016e0000876
00021c00005a3
00027780001f2
ffff80bfff616
fffde4800059e
fffdeabfffa5d
00027dc00020e
fffd8800001f8
0001698000861
0001683fff79c
fffd877fffe0c
00008000009f0
fffe9effff796
00021f80005b4
00027d4000204
00027a3fffe0e
000216bfffa7e
fffe938000876
0002780000216
00007780009ed
fffe973fff79d
fffe97000087a
ffff8280009e6
00027affffe0e
fffde2c00059e
fffe9a000085c
00027d80001fa
fffd86c0001e3
0002223fffa6a
00021a40005aa
0002788000200
000075c0009e2
fffe97bfff789
fffe980000860
000082ffff616
00007d00009f5
000164c00085a
0001667fff786
00007b3fff621
fffd8480001fe
000165000086c
fffde73fffa54
00027c4000207
00007700009e4
fffe96bfff788
fffe99000085d
0000843fff607
000279ffffe17
fffde38000595
0001697fff79c
fffd86bfffe0c
000080c0009ef
00021d3fffa64
000217c0005a2
0002744000200
fffd8200001e9
00021a3fffa6c
fffe91800085c
00007c7fff611
fffd80c0001f8
fffde68000588
000169bfff78a
00007c7fff621
fffd8180001fd
fffde68000596
fffdebbfffa5d
ffff8680009e9
00027c7fffdfe
fffe99bfff792
fffdee3fffa62
0002818000208
00027d3fffe18
000165800086c
0002180000589
00007e3fff608
0002773fffe09
fffe93bfff792
fffde7bfffa5c
0000833fff61e
00027bbfffe20
000215bfffa72
fffde1ffffa6f
00007e3fff639
0000768000a10
fffde000005a8
fffe96c00086d
ffff8140009ea
ffff85bfff616
0001668000877
fffe96000085c
0000843fff60e
000279ffffe1c
00015f800086c
0001617fff794
fffd7d3fffe0a
fffd8100001fe
fffde580005a2
fffe990000856
0000803fff612
fffd8300001f6
fffe9e3fff798
fffe9c8000866
000085ffff616
ffff877fff626
00016a8000884
00016a3fff7b2
ffff80c000a00
00008000009ea
00021d3fffa6e
00021680005ba
000273000020e
fffd8000001fc
000162c000876
fffe8f800085e
fffd833fffdf8
fffd8580001f5
fffdea000058f
00016f7fff79a
00027c4000215
00007b00009ee
0002193fffa6a
00021300005ad
fffd7fbfffe06
00007940009fb
fffde28000598
000216000059d
fffd7f3fffdf7
fffd8480001fa
fffde9000059c
00021a000059c
fffd837fffdf5
fffd88c0001fa
00016a800086a
000167bfff797
fffd84ffffe11
00007e00009f3
fffde70000597
00021b00005a1
ffff7d40009e0
fffd8780001e6
00016a8000860
0002184000580
00007d7fff5f4
ffff823fff60f
fffe99bfff79f
fffe9a800086e
00027bc0001fc
fffd8500001e4
00021c3fffa5e
fffde53fffa5f
ffff8480009e6
00027abfffdfb
fffe983fff78c
000167bfff7a6
fffd847fffe0e
fffd8a00001f7
000222ffffa71
00021b80005ae
0002790000202
ffff81ffff622
000163000087e
fffe950000860
000082ffff619
00027bbfffe29
0001600000884
fffe94000086e
ffff8000009e4
000278bfffe0a
fffddfc00059c
fffe98800085d
00027880001f2
fffd8180001f0
0001648000869
fffe928000850
fffd877fffde6
00027b7fffe06
fffde18000588
fffdeaffffa4c
00027d80001f6
ffff833fff612
000165c00086c
0001623fff790
fffd803fffe06
fffd8500001f0
fffe9c3fff793
fffdeb3fffa73
ffff8440009fa
00008040009e7
00021dbfffa64
fffe978000864
00027a40001f2
fffd84c0001e4
000166c00085b
fffde93fffa42
0000873fff613
00027d7fffe14
0001670000866
0001693fff78e
00027880001fd
ffff807fff60e
0002197fffa78
00021000005ac
fffd7d3fffe02
fffd8280001f2
fffde88000590
00016bbfff78c
0000813fff624
000278bfffe2c
fffde200005a6
00021780005a7
fffd843fffe06
00007d80009ec
0002193fffa61
fffde63fffa6a
0002794000215
00007700009fb
00015ec00086a
fffe8f800084c
fffd80bfffdee
fffd8580001e4
fffe9bbfff792
fffe9a0000862
00027c00001ec
ffff813fff605
fffe993fff79c
fffe990000866
00027a80001f0
ffff80ffff606
000217bfffa68
fffde1bfffa5d
fffd853fffe05
ffff873fff61e
00021d3fffa80
000164bfff7be
ffff790000a04
fffd7f8000201
fffde540005aa
fffe96000086e
ffff8100009df
ffff853fff615
000163000087a
fffe91000085c
fffd833fffdf8
fffd85c0001ef
fffde90000592
00016cbfff799
ffff7d00009ef
fffd8580001e6
fffe9dbfff792
fffe9a8000873
ffff8480009de
00027c7fffe02
fffde20000588
fffde93fffa4e
fffd8affffe04
00008280009df
00021affffa56
fffde57fffa54
fffd8a3fffdf6
ffff8c3fff60e
0002203fffa75
000169bfff7ba
ffff7f4000a07
00007b00009f8
fffde70000593
00021a800059e
fffd88bfffdf8
00027d3fffe11
fffde5000059a
00021a000059a
fffd87bfffdf4
00027e3fffe0b
fffde7000058c
0001703fff794
00027c8000204
0002777fffe06
fffe96bfff798
fffde8bfffa78
ffff838000a02
00008000009f2
0001698000864
0002180000595
fffd873fffdf2
00027ebfffe14
0001668000870
000216800059f
ffff7e00009d6
0002793fffdea
fffe96bfff77a
0001673fff79a
fffd853fffe08
00007f80009e4
00021b3fffa5a
0001663fff7a5
ffff7d40009e3
ffff823fff610
0001658000868
0001663fff78a
000079bfff620
fffd82400020a
0001618000871
fffde43fffa5e
ffff7f40009f2
00007a00009d4
fffe96bfff77b
fffde53fffa52
fffd8abfffdf8
00027d3fffe06
fffe973fff78a
fffde97fffa5f
000082bfff62c
000079c000a02
fffde2800058c
fffde77fffa50
fffd8a7fffdfa
ffff88ffff622
000167800087f
fffe96c00085b
fffd8a7fffde8
ffff8cffff611
000221bfffa6e
00016dbfff7b4
000279800021c
fffd850000203
00016a4000874
00021680005a2
fffd863fffdf6
ffff893fff61f
000169800087e
000169ffff7b0
ffff7e8000a06
00007d80009f2
000165000086c
fffe96000085a
fffd8b3fffdf2
000281bfffe16
0001680000874
00021b00005a6
0002768000204
00007780009e8
fffde3800058c
00021b0000596
00027500001f3
fffd7f40001de
fffde5800057e
fffdee3fffa42
00028180001f2
00027bffffdfc
00021a3fffa5a
000167bfff79c
00027680001fc
ffff7ebfff617
000160000086c
fffde27fffa56
fffd87bfffdfa
00027dbfffe0d
000214bfffa6e
fffde17fffa72
ffff7d80009f8
fffd8480001f5
fffde98000594
00021e000059e
00027740001f4
fffd8380001db
00021abfffa5a
fffde6bfffa5c
0002784000202
fffd82c0001e6
fffe9e3fff78b
00021b000059c
0000803fff608
ffff847fff623
0001670000879
000167ffff7a1
0002768000214
00007440009f4
fffdde0000590
fffde5ffffa5a
ffff80c0009ee
00007bc0009d5
fffe9a7fff77a
0001693fff7a0
ffff7a00009ec
fffd8280001e2
fffde6800057e
fffdeabfffa3e
0000863fff607
ffff88bfff61c
00021dffffa7a
fffe98800086c
00027c80001f6
ffff843fff60a
00021bbfffa78
00021780005ab
00007cbfff620
00007940009ff
0001600000865
fffe93000084e
00007abfff604
fffd8180001e8
fffe9c3fff788
000169ffff7a8
ffff7c80009ec
ffff80bfff60d
fffde3c000598
fffdec3fffa5a
00027e0000200
ffff83ffff61e
000165800087c
fffe95c000850
0000837fff5ff
00027a3fffe12
0002163fffa67
fffde03fffa66
ffff7d00009ec
ffff803fff609
fffde20000591
fffde8bfffa4c
000080ffff610
ffff823fff620
fffe9a3fff7ad
fffe988000880
ffff8080009e2
ffff853fff60d
fffe9ebfff7af
00021900005c3
ffff7e80009e9
ffff82ffff61e
fffde680005af
00021880005b1
ffff7b40009e8
fffd8280001de
fffe9c3fff790
fffdea3fffa74
ffff82c0009fe
fffd8ac0001f5
00016e8000874
00021b80005a6
ffff8100009d9
000279bfffe04
fffde38000596
fffe9b0000853
00027c80001ec
fffd8740001d0
00021fbfffa50
000168ffff793
00007ebfff618
fffd87c0001f8
0002213fffa67
00016affff7a8
000275c00020e
fffd8380001f8
0001680000862
000166bfff78b
fffd84bfffdf8
ffff873fff60e
00021c3fffa75
fffde87fffa6d
00027d8000214
0002763fffe18
fffdde400059f
fffde6bfffa5e
fffd8affffe09
00027f3fffe26
fffde800005a6
00021e00005ae
00027ac000201
000278bfffe1d
0001610000878
fffe91800085f
fffd86bfffdf8
fffd8b00001ec
0002223fffa74
00021a00005b8
ffff8140009f0
000080c0009dd
00021dffffa60
000217c0005ae
ffff8080009de
00027b3fffdff
0002187fffa63
000213c00059c
000079ffff613
fffd8340001f6
00021a3fffa76
000211c0005b7
ffff7680009e8
fffd7f80001ea
fffde5000058f
0002178000592
fffd843fffde7
ffff85bfff60e
0002197fffa78
fffe930000868
fffd85ffffe03
00007ec0009ea
000164400085c
fffde63fffa4c
ffff81c0009d8
ffff863fff5ff
0001680000864
0001663fff793
ffff7c00009d9
ffff823fff5fa
fffe997fff792
fffdebffffa68
00027e000020a
00007c80009e4
000217bfffa54
fffde53fffa5d
0002778000204
fffd8400001e5
00021a3fffa58
fffde5bfffa4f
000082ffff61c
000278bfffe1d
fffde1c000595
000167bfff7a0
fffd837fffe0b
00007d40009f2
0002177fffa68
fffe8f400085e
fffd837fffde6
ffff843fff612
fffe977fff7aa
fffe990000875
ffff7f80009e0
ffff833fff60f
fffde8000059e
000218800059a
fffd853fffdf0
ffff867fff60d
fffe9bbfff7a7
fffe9c8000874
00027d0000204
00007c80009e7
000219bfffa57
fffde6bfffa5a
00027a0000205
fffd8200001e8
fffe9ebfff78e
00016cbfff7b4
ffff81c0009f8
00027d3fffe0e
000161000086f
fffde33fffa56
ffff8100009de
ffff863fff60f
0001678000868
0001673fff794
fffd83bfffe0c
00007e00009ec
fffe9c7fff790
00021a80005af
0002780000209
00007680009e6
fffde50000583
0002190000588
00007cffff5fd
ffff7dffff617
fffde3000059c
fffde83fffa5b
ffff8380009e2
00027cbfffdf0
fffe9abfff781
0001693fff797
00007e3fff62b
00007800009f3
fffe977fff78f
fffe97800085d
0000823fff60a
000278bfffe10
fffe947fff798
fffde63fffa70
ffff8080009f0
ffff83ffff61c
fffde600005aa
fffe9a8000857
000085ffff60e
00027e3fffe11
0002193fffa76
fffe92800086a
fffd883fffe03
00008100009ee
0001678000858
0001673fff77e
00007dbfff60c
ffff807fff620
fffde4800059a
0001697fff7a7
ffff7bc0009e7
fffd86c0001e1
00021cbfffa56
000164ffff793
00007a3fff623
fffd7f80001f9
fffe98bfff799
fffde7ffffa6c
fffd8b3fffe0c
00027effffe2a
000161800087e
fffe928000864
fffd85ffffdf6
ffff853fff621
fffde800005ae
00021c80005b0
ffff7e80009dd
ffff847fff610
000164000087c
fffe928000854
fffd873fffdea
ffff863fff616
fffde7c000599
00016b3fff7a3
fffd87ffffe0e
00007fc0009f6
0001664000860
fffde8bfffa4b
00027b80001f7
ffff81bfff610
fffe997fff7a6
fffe98400086a
0000843fff616
00007c80009f2
fffe9d3fff782
00016dffff7a2
000082bfff636
00007d0000a06
fffe9dbfff7a2
00021a80005c5
ffff8200009fc
00007e80009ec
00021d3fffa68
00021500005ac
ffff7c80009e5
ffff813fff61c
fffde380005aa
fffe9a0000870
00027e0000204
fffd86c0001f6
00016b8000872
00021b80005a2
0002788000206
00007800009e8
fffde5000058f
00021a8000598
ffff7f80009cc
00027c7fffdec
fffe983fff77a
00016abfff797
00027580001f9
ffff7c3fff616
fffde38000599
0001683fff79d
ffff7ac0009e8
ffff813fff60e
fffde28000597
fffdebbfffa5a
00027a400020a
fffd8480001f0
0001668000864
fffde8bfffa42
000083bfff617
ffff883fff62c
0001688000883
00021800005b2
ffff8000009dc
00027abfffdfe
fffe977fff796
00021700005b8
ffff7c00009d9
ffff82bfff60c
0001628000874
fffe94000084a
00007d3fff601
fffd8380001e3
fffe9e7fff78a
00016c3fff7a4
000277800020a
fffd8300001ee
000218ffffa72
fffe930000867
fffd873fffdfa
00027d7fffe08
fffe993fff78a
000169ffff7b2
ffff7e80009fb
000277bfffe16
fffddf80005a2
fffe94c000864
ffff8000009d6
ffff837fff603
fffde58000590
0001693fff794
fffd887fffe08
00027ebfffe20
000164800087b
0002138000598
fffd7f3fffdf6
fffd82c0001f8
fffde68000596
fffe988000855
fffd8bbfffde8
000282bfffe00
00021cbfffa66
000217000059c
00007a3fff60c
fffd8400001f8
00021a3fffa74
fffe914000868
fffd863fffdfb
00007d00009e4
fffe98ffff78e
fffe99400085a
000083ffff60a
00027c3fffe12
0001604000862
fffde33fffa4a
00007ebfff61e
fffd8280001fc
fffde8000059f
000218000059b
fffd833fffdea
ffff83ffff60e
fffde74000590
000169bfff78e
fffd863fffdfc
ffff8a3fff61a
000169000086c
0001663fff792
fffd853fffdfa
ffff89bfff61c
0001670000872
0001683fff792
00007cffff624
fffd808000203
fffde70000592
00016dffff799
000081bfff626
ffff857fff638
0001630000888
fffe930000871
ffff7e00009ea
fffd8600001e4
0000043fffffc
000001fffffff
000001c000004
0000023fffffe
0000013fffffe
0000018000004
ffffffbfffffe
0000008000002
0000008000001
0000013fffffd
0000004000002
ffffff7fffffe
0000003fffff9
000000ffffffa
000000bffffff
0000000000000
0000013ffffff
0000018000000
000000c000001
ffffff8000000
fffffe0000000
0000010000003
ffffffc000005
000000c000002
0000013fffffd
0000013fffffe
0000010000006
0000008000003
000001bfffff9
ffffffbffffff
ffffffbfffffa
0000008000004
ffffffbfffffe
0000008000004
0000004000002
ffffff8000002
0000008000007
0000018000000
0000010000000
000000fffffff
ffffff8000001
0000000000002
ffffff4000006
0000013ffffff
0000013fffffe
ffffff0000006
0000000000000
0000014000000
0000003fffffe
0000004000002
ffffffbfffff9
ffffffbfffffe
0000008000000
0000000000000
ffffffbfffffe
ffffff8000002
000000bfffffe
000000c000002
0000008000000
000001bfffffe
0000014000002
0000007fffffe
0000007fffffe
000000ffffffe
0000014000000
ffffffbfffffe
0000010000006
000000bfffff9
ffffffffffff9
fffffffffffff
0000013fffffb
ffffff0000004
000000c000003
0000003fffffe
fffffec000000
ffffff8000004
ffffff4000000
0000018000004
0000013fffffd
0000018000000
000000c000009
ffffffbfffffd
000000c000000
0000003fffffc
0000000000000
0000008000002
0000000000004
000000bfffffc
ffffffbfffffc
0000007fffffa
0000000000005
000001bfffffe
0000010000000
fffffe3fffffc
ffffff8000004
000000bfffffa
0000008000004
000001bffffff
000000bfffffa
0000004000004
0000000000002
ffffff4000001
fffffe7fffffe
000001bfffffb
000000bfffffa
0000010000000
ffffffc000002
0000010000002
0000007fffffa
000000c000002
0000000000002
0000014000006
0000014000003
0000003fffffe
ffffffffffffe
000000ffffffd
000001ffffffe
0000013fffffc
0000000000002
ffffff0000000
ffffff0000000
ffffffbfffff8
0000008000006
ffffff3fffffd
0000003fffffe
0000000000003
ffffff8000002
ffffffffffffe
0000000000000
ffffffbfffffd
ffffffc000000
ffffffbfffffe
0000003fffffa
ffffff8000000
0000003fffffe
ffffff8000000
0000003ffffff
ffffff0000000
000000ffffffa
0000003fffffe
ffffff8000000
0000018000005
0000000000000
0000000000001
ffffff4000000
000000c000006
0000010000003
ffffff8000002
0000008000004
ffffff8000000
0000010000000
0000013fffffc
0000000000006
0000000000003
0000004000004
0000003fffffe
ffffff8000002
0000003fffffc
000000ffffffe
0000000000002
ffffff8000003
0000003fffffc
0000003fffffe
fffffe8000002
0000000000004
ffffff0000000
ffffffc000000
000000bfffffc
0000010000004
0000000000001
0000000000000
000000bfffffc
ffffff8000000
0000000000000
0000008000002
0000007fffffa
0000000000000
0000014000004
0000010000000
fffffe7fffffe
0000018000003
ffffffbfffffe
ffffff8000000
0000013ffffff
0000013fffffa
0000008000004
ffffffffffffa
0000003fffffc
ffffffffffffe
000001bfffffc
ffffff8000000
ffffffbfffff9
0000008000000
ffffffffffffe
0000003fffffc
0000007fffffe
ffffffc000002
ffffff3fffffc
ffffffbfffffe
fffffebfffffe
0000010000004
ffffff8000004
ffffff3fffffe
0000007ffffff
0000013fffffd
ffffff8000006
000000bfffffc
ffffff0000000
ffffff0000000
fffffe0000003
0000004000003
ffffffffffffc
000000bffffff
0000000000002
0000018000000
ffffffc000006
ffffff8000000
ffffff3ffffff
000000bfffffd
ffffffbffffff
0000010000000
0000008000002
000000ffffffc
000000c000006
ffffff8000002
0000010000000
0000008000001
0000004000000
ffffff3fffffe
ffffff8000000
ffffff8000000
0000004000005
0000020000008
000000bfffffe
0000013fffffe
ffffff0000001
000000bfffffc
ffffff8000002
0000013fffff7
ffffff8000000
0000004000002
0000018000002
000000ffffffc
ffffff3fffffc
0000003fffffe
fffffe8000000
000000bffffff
0000010000000
ffffff3fffffe
0000014000000
0000013fffffe
0000000000002
ffffffbfffffb
0000000000000
ffffff0000004
0000003fffffe
0000010000001
0000000000002
0000010000004
ffffff4000002
fffffebfffffc
0000003fffffc
ffffff3fffffa
ffffff8000000
ffffff7fffffe
0000013fffffd
0000003fffffe
ffffff4000000
000000bfffffc
ffffff3fffffe
0000010000002
000000bfffffd
0000013fffffd
0000000000000
fffffec000004
0000010000001
0000004000002
0000008000006
ffffff0000001
0000004000003
0000000000000
ffffff8000007
000000bfffffc
0000014000002
ffffffbfffffa
ffffff8000001
0000007fffffe
ffffffbfffffe
0000000000001
0000007fffffc
0000007fffffc
0000008000000
000000bfffffc
ffffff8000002
ffffffc000003
ffffff8000000
000001bfffffe
0000003fffffc
0000000000000
000000bfffffd
ffffff8000001
fffffebfffffc
ffffffbfffffc
ffffffc000000
0000017fffffe
ffffffbfffffc
ffffffbfffffc
ffffff4000007
000001bfffffc
000000ffffffa
0000008000008
fffffe7fffffe
000001bfffffd
0000000000000
ffffffc000002
ffffffbfffffd
ffffffc000002
000000bfffffb
000000bfffffc
0000003fffffe
ffffff0000000
ffffff7fffffe
0000004000002
ffffff0000006
000000c000006
000000bfffffc
0000008000001
0000017ffffff
ffffff3fffffd
000001c000000
000002bfffffe
0000007fffffe
0000003fffffc
0000007fffffc
000000bfffffe
0000000000007
ffffff3fffffc
0000003fffffe
000000bffffff
ffffff7fffffc
0000004000002
0000010000000
ffffffbfffffb
0000000000001
ffffff0000002
0000000000001
000000bfffffd
fffffe4000000
0000000000002
fffffe8000000
0000000000004
ffffff8000006
0000008000002
fffffe3fffffb
ffffff3fffffc
0000003fffff9
ffffff8000000
0000010000000
0000008000000
ffffff7fffffa
ffffffbfffffe
0000014000000
000000bfffffd
ffffffbfffffa
0000020000002
0000004000001
ffffffffffffe
000000bfffffe
ffffffbfffffd
0000020000004
0000000000004
fffffeffffffe
0000000000000
ffffffc000000
0000000000004
000000bfffffb
000000bfffffc
000000bfffffe
fffffdffffffc
000000bfffffe
fffffe8000006
0000003fffffe
0000007fffffa
ffffff7fffffe
ffffff8000000
0000000000000
0000024000002
0000000000002
0000003fffffe
0000013fffffa
000000bfffffb
0000000000006
ffffffc000001
0000008000005
000000bfffffa
0000010000004
ffffffbfffff9
0000004000004
ffffffffffffd
0000010000002
ffffffc000002
ffffffbffffff
0000013fffffd
ffffff4000001
0000004000004
0000008000005
fffffe000000a
fffd8740001fa
00016b0000868
00021b0000598
00007d7fff614
00007b00009f8
000162800085a
fffde43fffa4e
ffff8240009dd
ffff87bfff5f9
00021dbfffa6d
000215c0005a5
fffd853fffdf4
00027bffffe18
0001608000860
fffde3ffffa4c
fffd88bfffdf2
00027dbfffe08
000216bfffa61
fffde53fffa54
000081ffff626
00007900009f2
fffe98bfff790
0001693fff7b3
ffff7c00009f8
fffd8480001ea
00021bffffa6e
fffe92800086c
fffd887fffdfa
00027affffe1b
fffde200005a4
fffe994000864
ffff8300009de
00027b3fffe00
fffde18000584
fffdeb3fffa3a
000087bfff60f
00027f3fffe16
0001660000862
000166bfff784
00007e3fff61e
000273bfffe22
fffddc8000597
fffde5bfffa5d
ffff8000009e6
ffff82bfff614
fffde300005a4
fffe960000857
fffd86ffffdf0
fffd8dc0001e3
000220bfffa5e
fffdec7fffa52
00027f00001f6
ffff857fff610
00021e3fffa6e
000167bfff7b2
ffff7d8000a00
00007b80009e8
fffde54000581
00016cbfff78d
00027740001f6
ffff80ffff608
fffe9c3fff7a4
00021a00005b9
ffff7ec0009e2
ffff853fff60a
00021b7fffa7b
fffe950000870
00027b8000208
000077c0009e8
000215bfffa60
fffe918000866
ffff7d40009cf
ffff817fff5f6
fffe96ffff78c
fffde77fffa60
fffd8a3fffe0a
00008000009ee
0001688000854
0001673fff786
00007d3fff610
ffff81bfff61c
fffde6000059e
000169bfff797
00007b3fff62a
fffd80800020c
fffde680005a7
fffe9a000086a
ffff81c0009d5
ffff863fff5ff
fffea0ffff79c
00021c80005b6
0002794000204
fffd8180001ee
fffde90000594
00016e3fff79e
ffff84c0009e8
00027ebfffe07
00021b3fffa6a
00021480005ae
ffff7900009e0
fffd8440001da
00021a3fffa60
fffe93000084b
00007f3fff5f9
ffff813fff606
fffe977fff797
fffde73fffa6a
ffff8200009ee
ffff853fff60e
000165000086e
fffde63fffa55
fffd893fffdff
ffff8bbfff611
0002223fffa7a
00021980005b2
00027700001fc
ffff7dffff619
fffde2800059e
fffdeabfffa65
00027b8000215
00007880009ec
fffde38000586
00016a3fff795
ffff7c80009e0
ffff807fff603
fffe98ffff796
fffe980000866
0000807fff618
fffd858000205
000167400086a
fffde47fffa54
fffd89bfffe08
00007e80009e2
fffe9b3fff77f
fffdebbfffa5c
0000857fff626
00007f0000a00
fffde90000585
00016f3fff790
0000833fff620
00027b3fffe25
fffde480005a4
fffe9a400086a
00027c00001fa
fffd8580001e3
0002203fffa68
00021880005a0
00007cbfff618
fffd81c0001fe
fffdea0000596
00021c0000596
00007ebfff60a
ffff843fff624
fffde880005a6
00021d80005a1
00027880001fe
fffd8100001e8
fffe9cbfff792
fffe9e8000869
00027d80001f0
000278bfffdfe
fffe973fff794
fffe96000085e
0000813fff60a
ffff82bfff61e
fffde800005a0
00016a3fff7a4
ffff7e40009f7
fffd8680001ea
fffdeb0000588
00016f3fff79c
ffff8480009e6
00027c7fffdf0
fffe98bfff787
fffde8bfffa5a
fffd8affffdfa
ffff8cbfff614
000221bfffa75
fffded3fffa6e
0002820000220
00008080009f9
00016b0000864
00016e7fff799
00027c000020a
00007e40009e2
00021e3fffa52
00016a7fff7a2
ffff81c0009ea
00027e7fffdfc
00021b3fffa65
0002180000598
00007cffff60a
ffff82ffff61a
fffe9cbfff7a8
00021b00005b2
0000843fff61e
00027d3fffe23
000163c000874
0001683fff7aa
ffff800000a02
00007e80009ed
0001688000862
000218c00058e
00027800001f0
0002743fffdf4
fffe933fff784
fffde6bfffa60
00027a0000204
ffff7f3fff610
fffe9a3fff7a2
00021780005bc
fffd843fffe0e
00007e80009f4
0001640000868
fffe94000084a
0000813fff5fd
ffff837fff60e
fffe9abfff7a8
fffe988000882
ffff8540009e4
0002807fffe08
000167800085a
00016abfff78e
00027a80001fc
0002763fffe04
fffe953fff790
fffde9ffffa68
00027c800020e
00007bc0009e9
00021abfffa58
0001647fff7a0
fffd843fffe08
00027bbfffe1e
000160800087a
fffe908000854
fffd857fffde8
ffff88bfff60e
00021f3fffa74
00021800005a2
00007fbfff612
000278ffffe22
0001608000875
fffe938000856
0000803fff602
000276bfffe06
fffe933fff78c
fffde37fffa5f
fffd86bfffe02
ffff893fff61e
00021bbfffa8a
fffe93000087c
ffff80c0009ee
fffd88c0001e9
000221ffffa6a
000219c0005ac
00027780001f4
ffff827fff61a
0001648000876
000214c000592
000077ffff611
fffd7f80001f2
fffe993fff79f
fffe970000874
ffff8200009e2
00027a3fffe04
fffde08000586
fffde9bfffa4d
00027c00001f6
ffff817fff60d
000216bfffa73
fffe914000864
00007c3fff614
fffd7f00001fc
fffde4800058e
fffde8ffffa4e
000081bfff61c
fffd868000203
0001674000868
fffde77fffa48
000080bfff618
fffd8640001f2
fffe9e3fff794
00016affff7b2
fffd87bfffe23
00007f0000a08
fffde9800059f
00021c80005aa
ffff8180009e6
00027bbfffe08
fffde28000599
fffe9b000085a
00027cc0001f6
fffd8700001e6
00016c8000855
00016b3fff78e
ffff8300009da
00027fbfffdf7
00021b3fffa51
0001673fff791
00007dbfff60d
ffff847fff61c
00021abfffa75
0001673fff7bb
ffff7bc000a08
00007880009ee
fffde4c00058f
00021a8000590
00007effff608
0002757fffe17
fffdde0000594
fffde5bfffa62
ffff7f80009eb
00007c00009d0
fffe973fff778
fffde9bfffa5b
ffff8400009e4
00027bbfffdf2
fffe983fff781
0001683fff797
fffd82bfffdfc
fffd8740001e8
fffea2bfff789
0001707fff7a2
00027cc000206
000277bfffe0e
fffe95bfff78c
fffdea3fffa67
00027e0000202
0002787fffe08
fffe96ffff799
fffe974000864
0000833fff606
ffff863fff61a
00021dbfffa73
0001653fff7b6
ffff7c4000a01
00007880009e2
fffe96bfff784
fffde63fffa60
fffd8a7fffe09
00027ebfffe15
fffe9b3fff7a8
00021900005b9
fffd853fffe0a
00027c3fffe1a
fffde280005a4
fffe9a000085a
0000837fff60e
ffff86bfff62c
0001664000880
fffde7ffffa6c
ffff8300009fe
00007f00009eb
fffdea000058d
00021e4000596
00027c00001eb
ffff843fff60e
0001674000864
000169bfff795
0002768000204
fffd8000001e2
fffe9cffff791
fffe9c800085a
000088bfff601
0002803fffe0c
00021d7fffa6c
00021980005a8
000277c0001e7
ffff827fff602
0002197fffa62
0001633fff79c
fffd82ffffdfe
ffff833fff610
fffe9bffff79a
00016bbfff7a9
0000803fff62f
ffff853fff63c
000165c000891
00021440005b4
fffd833fffe04
ffff85bfff630
000167800088c
00021700005b9
ffff7b80009f2
00007880009e5
fffde48000588
000168bfff79b
ffff7ac0009ea
fffd8300001dd
fffe9affff78b
fffdedbfffa62
00027dc000211
00007a40009e6
fffe997fff792
fffe9c8000866
00027f40001f2
000278bfffdfe
fffe967fff792
fffdebffffa65
00027f8000208
0002793fffe18
0001628000870
000163bfff794
fffd81bfffe10
00007ac0009e9
fffe983fff78b
fffde97fffa66
00027c8000214
00007680009f3
fffde18000589
fffdeabfffa50
000083bfff623
00007d80009fc
fffde6800058a
00016e3fff798
000279c000200
ffff80bfff61e
fffde780005a1
00016c3fff7ab
ffff810000a02
00007f00009eb
000167800085e
0001683fff78e
ffff7c80009e2
fffd8580001da
fffea0bfff784
00016f7fff7a3
00027c000020e
fffd8680001f8
00016c800086b
00021e0000595
00027cc0001ed
00027a7fffdf3
0002173fffa54
000164bfff789
00007bbfff614
ffff813fff616
0002177fffa75
fffde33fffa75
ffff7f40009ed
ffff83bfff613
000164400086b
fffde6bfffa47
0000813fff61c
fffd87c0001f1
000221bfffa60
00016abfff7a4
0000823fff628
000278ffffe2e
fffde580005ac
00021cc0005ab
00027a40001fe
000279bfffe09
000216bfffa66
0001623fff7a8
ffff7780009f0
ffff7fbfff61c
00015f8000874
fffddfbfffa5a
fffd83bfffe0a
fffd85c0001fc
0001690000866
000165ffff791
fffd837fffdfd
ffff833fff621
fffde700005a6
00016a7fff7ab
ffff8000009f1
ffff83ffff612
fffe9cbfff7aa
00021a00005ba
fffd873fffe08
00027b7fffe23
fffde500005ae
fffe9c000086f
00027dc000208
00007c80009e3
fffe9cbfff78a
00016ebfff7aa
00027c0000215
000278ffffe28
0001600000884
fffe920000872
ffff7e00009e8
00007980009de
fffe997fff78b
fffe99000085f
000083ffff618
00007f40009f8
000168400085a
000169bfff792
0002778000203
ffff80bfff618
fffde5c0005a6
00021a40005aa
ffff8180009dd
00027bbfffdfe
fffe9bbfff790
00021c40005a6
00027b00001f5
000277bfffe0a
000214bfffa66
fffde33fffa64
0002788000206
ffff7ebfff626
0001610000880
fffe92000086a
0002758000202
fffd7d80001f4
fffde48000598
000217800059c
fffd833fffdf8
00007a80009de
fffe99ffff78e
fffe99000085e
00027b80001ee
ffff837fff60e
0001630000867
fffde53fffa46
0000823fff61e
000279bfffe18
fffe97bfff7a6
00021780005bf
ffff7b80009f8
00007940009e8
0001604000855
fffde0bfffa41
fffd84bfffdfd
fffd8900001ea
00021e7fffa65
fffde67fffa62
ffff8340009ec
00027ebfffe06
0001630000864
000165bfff788
00007c3fff627
00007700009f8
fffde10000593
0002158000592
fffd7fbfffdf0
fffd83c0001de
fffe9dbfff78c
00021800005a0
fffd84bfffdeb
ffff883fff606
00021d3fffa65
0001643fff79c
fffd803fffe00
ffff823fff619
fffe97ffff7ac
fffe960000876
fffd883fffdfc
ffff883fff624
0001680000887
00021400005a8
fffd823fffe04
fffd88c0001f5
00021ebfffa7a
fffe950000874
fffd893fffe09
00008200009f8
0001690000866
000168ffff7a0
ffff7f80009f2
00007b00009e3
fffe9bbfff792
fffe9d000086e
00027ec000202
00007d00009ec
000168c000861
000218800058e
00027800001ee
000275ffffe00
00015d8000858
fffddfbfffa48
ffff7a00009de
fffd81c0001cc
fffe9bbfff774
00016abfff78c
00007bbfff60e
ffff7dbfff61c
fffde0800059c
fffde5ffffa56
fffd85ffffdff
fffd8680001f2
fffde8400058a
fffdefffffa48
00028040001fa
fffd8980001e0
000221ffffa54
00016affff794
000081bfff610
ffff86bfff624
0001680000873
000169bfff791
0000817fff620
000277ffffe1e
fffe94ffff7aa
fffe948000872
fffd893fffe07
00008180009f2
00021d3fffa62
00021700005a4
fffd82bfffdf8
fffd8900001e8
000220bfffa66
000219000059a
00007ebfff606
ffff84ffff611
00021b3fffa7c
000212c0005b1
fffd813fffdfc
fffd8840001ea
000221bfffa62
00016a7fff7a7
000277400020c
fffd81c0001f2
00021b3fffa68
fffde5ffffa6b
00027a400020e
fffd8400001f7
00021b7fffa70
fffe960000864
0000803fff61c
fffd870000200
00016b800086d
00016bbfff79c
0002798000211
00007ac0009ea
000216bfffa67
fffe91c000864
000080bfff615
00007c80009f2
000217bfffa66
fffe930000864
00027680001e9
ffff7cbfff60b
fffddf8000592
fffde63fffa55
fffd887fffdfb
ffff883fff618
0001680000873
fffde7bfffa56
0000843fff624
00007e00009fb
0001688000867
0002178000589
00007bbfff5fa
ffff81bfff60a
fffe9abfff7a6
00021900005a6
00007c7fff60e
ffff7ebfff624
fffde300005a1
fffdebbfffa62
00027c8000206
ffff837fff620
0001660000877
000163bfff7a0
fffd837fffe11
00007d80009ef
0002173fffa68
fffde1bfffa64
fffd83bfffe10
fffd8980001fc
00021d3fffa80
fffe96c00087c
ffff8300009eb
00027e3fffe0e
000161800087a
fffe900000854
fffd85bfffdee
fffd8900001e0
0002213fffa5a
000167ffff7a8
ffff7e80009ef
000277bfffe02
fffe943fff78c
fffde7bfffa71
ffff8040009f0
ffff857fff626
0001684000880
00021200005a6
fffd803fffe04
fffd8280001fb
fffde5400059e
fffe99c000864
ffff8180009da
fffd8800001d8
fffe9dffff77d
fffded3fffa54
fffd913fffe04
000285bfffe18
00016bc000866
00016ebfff798
00027d8000209
00027bbfffe13
000163c000872
0002140000593
fffd833fffdde
ffff87bfff606
00021e7fffa6a
00021480005a3
fffd833fffdec
ffff85bfff618
0001650000876
fffde97fffa54
00028000001ff
000278bfffe00
fffe97bfff788
000166bfff7a6
fffd863fffe16
00008000009fa
000165000085e
fffde9bfffa4b
00027e40001f6
000279ffffe06
000216bfffa62
fffde4ffffa57
000278c0001fc
ffff7e3fff609
fffe98bfff796
000167bfff7a4
fffd85bfffe0e
ffff863fff62c
0001684000880
0001657fff7ac
fffd843fffe24
00007d4000a08
000163c000875
fffe948000868
ffff7c40009e4
fffd84c0001e4
fffde70000592
fffe9c8000854
ffff8500009ca
ffff89bfff5fc
00016c0000856
00016c3fff77c
0000843fff602
00027c3fffe03
fffe9abfff785
00016bbfff796
0000807fff61c
ffff873fff621
00021e3fffa7a
000168bfff7b5
0002784000220
00007780009fe
fffde30000590
00016bbfff798
000081bfff62e
00007c8000a08
000165c000871
fffe980000854
00027e00001e8
00027c3fffdf4
0002193fffa56
0001663fff797
00027500001fa
ffff7dbfff60b
fffe987fff7a2
00021880005a4
00007dbfff611
000274bfffe14
fffe923fff798
fffde23fffa6c
fffd89bfffe12
00027b7fffe24
fffde200005a2
fffde9bfffa61
00027e8000216
00007d00009f4
0001658000858
0001683fff78a
00007cffff618
ffff853fff628
0001668000881
00021680005a4
00027580001f7
000272bfffe04
fffe913fff788
fffde0ffffa5e
fffd843fffe04
ffff863fff618
000218bfffa78
fffde4bfffa69
00007ebfff634
0000780000a12
fffde1800059a
fffdeb3fffa5e
00027b8000216
000078c0009e6
fffe95bfff78e
fffde57fffa66
ffff8180009ee
ffff83ffff60e
fffe9c3fff7a5
00021980005b4
00007dffff62c
fffd828000210
fffde680005b2
fffe9e000086e
00027e400020a
00007d80009f8
000167c000864
000167bfff7a2
ffff8000009ee
00027c3fffe13
0001628000872
0002130000596
00007a3fff61a
000072c0009f6
fffddd0000584
fffde33fffa4a
fffd85bfffdf4
ffff83bfff614
fffe9abfff7ad
fffe9a000086c
0000823fff61e
fffffec000010
0000450000a0e
fffecb7fff724
0001fa0000658
0000b23fff658
fffd7b8000131
00013780008e8
fffe6c80007e8
00026f80002d0
00027fbfffeec
fffdc680004d6
000195bfff826
ffff4700009c8
000047c0009ff
0002347fffb1b
fffe6640007e0
00026940002c6
fffd77c0000fd
fffecb3fff712
000196bfff81a
0000b13fff658
fffd79000012a
fffdca80004dc
0001973fff82a
ffff4900009b4
ffffb8bfff5ef
fffdcb00004e7
000198bfff82c
00026c00002fa
00003f8000a16
fffdc500004dd
fffe6a80007eb
ffff4b00009b0
00004580009f8
fffdca80004ba
00019c3fff808
00026b00002c4
ffffb63fff5da
fffec9ffff71e
000195bfff82f
ffff4780009b6
ffffb83fff5ec
fffdca80004d7
000197bfff825
00026980002e1
fffd79000011e
fffdc900004d6
fffe0dbfff9a5
00027280002de
0002843fffeed
00013200008da
fffe06bfff992
0000b93fff64a
0002827fffef2
fffec83fff72d
0001f8000066a
00026980002dc
00027b3fffeea
fffdbf00004db
fffe07bfff9a6
00026b80002d9
fffd79800010e
0002363fffb1a
fffe047fff9a4
0000b4bfff64a
ffffb8bfff5f8
fffec8bfff72e
000191bfff83c
fffd90bfffd4d
0000468000a24
000131c0008e4
fffe04bfff9a6
0000b23fff664
fffd778000132
fffdc680004fe
fffe6a80007f1
ffff4980009b7
fffd7d4000118
fffdcd80004dd
0001fd0000652
fffd973fffd1c
0002863fffeea
fffecc7fff72e
0001fa4000668
0000b53fff661
0000448000a2e
00013400008f4
fffe6740007e8
ffff4a80009bd
000045c000a09
00013480008d4
fffe6700007d2
ffff4a80009a2
000044c0009e6
fffecb7fff6fa
0001973fff809
0000b53fff641
ffffb93fff5fc
fffdca40004e6
0001fb4000654
0000b2bfff649
fffd7e0000127
00013b00008df
000194bfff823
ffff4900009b4
000282bfffed7
000230bfffb1a
fffe01bfff9aa
ffff4780009ae
ffffbabfff5e8
0002343fffb27
fffe003fff9b1
fffd90bfffd2e
ffffba7fff5ff
fffec63fff742
fffe6880007fa
fffd94bfffd3a
0000470000a22
00013740008e0
fffe083fff9b0
00026c00002f2
00003d8000a1c
fffdc300004e2
fffe6700007e1
ffff48c0009ab
fffd7b000010b
fffdcc00004ce
000198bfff820
ffff4580009b7
fffd7c8000118
fffdcc80004d7
0001fa0000652
ffff4680009a0
fffd7e80000fa
00023abfffb0c
000190bfff818
fffd8cbfffd2e
fffd7a0000118
fffdc740004d0
fffe097fff99c
fffd943fffd27
fffd804000110
fffecdbfff719
fffe0effff9af
0000bd3fff66a
00004a0000a24
000238bfffb2a
fffe08bfff9c0
ffff4d00009d2
0000490000a1a
00013880008e0
fffe6d00007d7
00027300002c6
000282ffffede
fffec97fff720
0001f8800065a
00026900002cb
fffd770000103
fffeca3fff718
fffe0a3fff9b5
00026d80002e0
fffd7a800011b
fffdcc80004e0
0001fc800064a
0000b53fff63e
fffd7e0000111
00023a3fffb1a
fffe09bfff9aa
0000bb7fff658
000285bffff08
00013280008e9
fffe073fff9a8
0000b83fff66a
000044c000a30
00013480008ee
fffe6700007e4
ffff4a80009b4
00004780009f5
000235bfffb1c
fffe6480007da
fffd933fffd21
000047c000a02
fffecdbfff70e
0001983fff82e
ffff4b00009ba
000281bfffedb
fffec5bfff726
0001f4400065b
fffd8e3fffd2c
fffd7ac000120
fffdca40004e2
fffe6f00007d6
0000b9ffff649
0000468000a10
fffecabfff724
fffe6e00007e5
00026f40002e0
0000410000a0b
fffdc800004c0
fffe0c3fff999
00026f80002d8
fffd7e8000104
000239ffffb1a
fffe087fff9a1
0000b87fff65a
0000450000a16
fffecabfff722
fffe6e80007e0
0000babfff64d
0000480000a12
0002373fffb27
fffe6900007da
0000b7bfff63f
ffffbbbfff600
000135c0008ea
fffe06ffff9b2
ffff4b00009b9
ffffbc3fff5f6
fffdcbc0004f4
0001fb400065f
ffff49c0009ab
ffffbebfff5f6
00013980008ee
0001f7000065e
ffff4440009ac
fffd7d0000108
00013800008cb
fffe077fff999
fffd983fffd2a
00004d00009fc
00023abfffb0b
fffe09bfff99a
0000bc7fff64c
000283bfffefb
fffdcac0004e2
0001fc0000648
0000b83fff63f
0002823fffee5
fffeca3fff728
0001f94000662
00026800002d6
fffd79000010c
fffecdbfff720
0001fac000656
0000b5bfff64c
0002817fffef6
fffec63fff734
fffe6a40007f7
ffff4c00009b3
0002837fffee2
00013400008d1
00018f7fff813
fffd8d3fffd2a
fffd7b800011c
fffdcac0004dc
0001f88000645
fffd91bfffd17
fffd818000108
00023a3fffb1c
fffe097fff9ac
ffff4cc0009a8
ffffbf7fff5d8
fffecfbfff719
00019cbfff82a
00026dc0002dc
ffffbbbfff5ea
000239ffffb2a
0001947fff832
000266c0002e8
fffd77c000114
fffecbbfff728
000194ffff83a
fffd933fffd4c
0000468000a2c
fffdcc80004e8
0001fd4000664
00026ec0002d9
000280bfffef3
00012e80008df
fffe033fff9ad
ffff4ac0009be
000280bfffeef
00012f00008e8
fffe61c0007d0
fffd8dbfffd16
fffd7a800010f
fffdc8c0004ce
fffe093fff998
fffd983fffd24
ffffc23fff5f2
00023b3fffb3e
0001f54000664
fffd90bfffd31
fffd800000122
00013880008dc
fffe07ffff9a4
fffd983fffd35
0002893ffff02
00013540008f0
fffe6980007e2
fffd953fffd30
00004b8000a18
00013900008d4
000195bfff81d
ffff4940009b8
fffd7f4000113
00013a80008d2
000196ffff81a
ffff4800009ae
ffffbb7fff5f2
fffdc940004e7
fffe6f80007e4
ffff5180009a2
00028a3fffedb
00013780008ca
000196bfff804
0000b6bfff64a
0000440000a06
fffec93fff716
fffe6d80007e0
00027080002ba
ffffbbbfff5da
000236bfffb1d
fffe083fff99d
0000b9ffff652
000282bfffeee
fffec77fff72d
fffe6c80007ee
00026d80002d0
fffd7d800010c
00023a3fffb22
fffe0b3fff9aa
00027280002dc
000281bfffee5
fffec63fff71e
fffe0a3fff9b8
00026ec0002e6
0000420000a07
fffec8bfff71f
fffe6cc0007dc
0000babfff63d
ffffbebfff5fe
000138c0008e4
0001967fff810
0000b5ffff654
ffffbb7fff602
000235bfffb4c
fffe6780007fe
ffff4cc0009be
0002833fffee4
fffec7bfff72f
fffe6c80007f6
00026e40002e6
0000420000a16
fffdc580004d4
fffe6ec0007d0
0000bdbfff644
000285bfffefc
000135c0008e4
0001f4c00064c
fffd91bfffd17
000281ffffeea
fffdc600004d8
0001f60000648
fffd8fffffd08
ffffbabfff5e7
fffec8bfff723
fffe09ffff9ae
fffd98bfffd30
ffffc3bfff602
00023dbfffb46
0001f8c000675
ffff4b40009c4
0000484000a10
00013940008d2
0001f8000063c
0000b6bfff63a
0002823fffee8
000232bfffb20
fffe007fff9aa
fffd90bfffd2b
fffd7fc000118
fffed1bfff722
00019d3fff834
00026cc0002f6
0000428000a16
fffdca00004d4
000199bfff81e
ffff4a00009b2
ffffbd7fff5e6
fffecf7fff72e
0001fe0000668
00026e40002d8
000281ffffee6
fffec8bfff726
0001f8000065d
0000b4ffff653
0002813ffff02
fffdc600004eb
0001f6000065c
fffd8fffffd1e
ffffbbbfff604
fffdcb40004f2
0001fb000065f
fffd94bfffd32
00004c0000a14
00023c3fffb1f
0001983fff834
00026b00002f6
0000410000a1e
fffdc880004dc
0001fa000064f
0000b6bfff658
0000468000a2b
00013700008e6
0001f58000658
ffff4800009ae
000045c0009fa
fffecb3fff70f
0001f90000658
00026880002d5
fffd778000111
fffdc980004ce
fffe0f3fff9a4
00027480002da
000284bfffeeb
00013780008d6
0001967fff81a
00026b80002d8
00027cbfffee4
fffec2bfff720
fffe05ffff9bf
ffff4a00009ca
0000460000a09
fffecabfff720
0001f98000662
ffff4a80009ab
0002833fffee3
00012f00008d2
fffe033fff997
fffd957fffd28
000283bfffef3
fffdc700004dc
0001f78000650
fffd8fbfffd1a
ffffbcbfff601
fffdcc80004f0
0001fb0000666
ffff4b00009b8
000047c000a00
000237bfffb1a
fffe6c00007dd
00026d80002ce
fffd7e800010a
00023dbfffb26
0001f78000659
00026a80002d6
00004200009f4
fffec7bfff70a
fffe093fff9a6
00026e00002d6
ffffb83fff5f0
fffdcb00004e1
0001fb8000646
0000b83fff643
000282bfffef6
00013200008e0
fffe6700007c8
0000b63fff633
ffffbabfff5eb
0002363fffb2f
fffe083fff9b8
00026c80002e2
ffffba3fff604
00013500008f9
0001f20000660
ffff4380009ae
fffd7bc000118
00013500008d6
fffe06bfff9a8
ffff4d80009af
000283bfffee2
00013080008dc
fffe6440007cb
fffd93bfffd10
0002843fffedc
fffdc880004be
000198bfff804
0000b33fff642
fffd7d000010e
0002393fffb16
000191ffff816
fffd913fffd1e
ffffbbbfff5f0
fffecdbfff725
000199bfff832
00026e00002ea
00027dbfffef8
fffdc440004d9
000194bfff81a
0000b1bfff65a
fffd790000132
00013500008f4
fffe6580007d4
fffd927fffd1c
fffd7f400010e
fffed1bfff71e
0001fe800065c
0000b97fff646
0002843fffef2
000233bfffb2b
fffe05bfff9b2
0000b87fff666
0000488000a23
0002377fffb34
0001f30000666
fffd923fffd26
000283bfffef8
0002333fffb38
fffe66c0007f8
00026800002e0
fffd774000129
00013400008ec
fffe6680007e6
ffff4800009a5
ffffb97fff5f0
00013280008ea
fffe6380007da
fffd90bfffd1c
fffd7f0000117
fffdce00004db
0001fe0000658
ffff4c00009a0
000281bfffecb
fffec6bfff710
fffe06ffff9ac
fffd97ffffd2c
000287bfffef2
fffdca80004db
00019a7fff822
00026e00002eb
0000434000a10
fffdc980004c0
0001997fff808
0000b63fff647
ffffbd3fff5fb
0002393fffb40
0001f50000664
0000b03fff65b
fffd79800012f
00013480008ee
fffe07ffff9b0
00026980002ec
fffd7a4000124
00013500008ea
fffe04bfff9b2
fffd963fffd46
0000480000a29
00013700008ee
fffe6a40007e8
ffff4dc0009b2
000285bfffeed
00013500008ea
0001f4800065b
ffff4500009ba
00004180009f8
fffec5bfff718
fffe6900007ec
ffff4900009b2
00004300009ff
fffdc580004c9
fffe6a00007cb
fffd953fffd12
fffd838000102
00023e3fffb1c
000196bfff822
ffff4880009b6
fffd7f800010b
00013a80008d0
000195ffff80b
fffd93bfffd26
0002853fffeed
fffdc740004d4
fffe0e7fff99f
00027500002d5
000284bfffeea
00013380008ce
fffe063fff998
fffd98bfffd26
0002893fffef6
00013780008dc
0001f70000640
0000b23fff634
fffd7b8000107
0002373fffb18
fffe06bfff99c
0000b57fff64e
fffd7f8000116
00023a3fffb28
fffe097fff9ac
0000bbffff65e
000286bffff09
00013580008f1
0001f74000651
00026a00002c6
ffffb4bfff5e0
fffec73fff72a
000191bfff838
fffd917fffd43
0000458000a1e
0002347fffb2c
fffe6280007ed
fffd903fffd28
fffd7c8000122
fffdcd00004e7
0001fb8000662
ffff4a00009aa
fffd808000109
00023e3fffb26
0001f80000655
0000b33fff64d
0000438000a10
fffec9bfff72a
0001f88000668
ffff4880009ba
0000488000a04
00013800008c0
000195bfff800
0000b63fff648
00027e3fffef2
fffdc340004d4
0001933fff81b
ffff45c0009ab
ffffb87fff5de
fffec73fff72a
fffe6a80007ec
0000b5bfff642
ffffb83fff608
fffdc840004e4
fffe0b3fff9b5
00026f80002e3
ffffb8bfff606
fffdc900004fa
0001fc8000667
000269c0002e6
00003ec000a14
fffdc280004cc
fffe083fff99a
fffd97bfffd34
0002877fffefe
00013200008e8
fffe6700007da
0000b53fff64c
fffd7b000012c
00013700008e6
fffe063fff9ad
ffff4b80009be
fffd7e8000114
fffdcec0004e3
0001fd800064e
0000b8bfff642
ffffbdbfff60d
00013a40008fe
0001f90000664
ffff4a00009b6
000284bfffef0
00013280008ea
fffe6680007dc
ffff4c00009a2
ffffbc3fff5f3
00013740008ed
fffe6b00007dc
00027080002d0
000043c0009fe
fffecb3fff713
0001fa400065a
00026a00002d4
fffd7d8000113
00013940008d6
0001957fff81f
ffff4a80009b8
0002837fffee6
00013280008de
fffe69c0007cc
00026e80002c0
00027d7fffed0
fffec43fff714
00018f3fff820
fffd8b3fffd34
fffd7a0000128
fffdc900004de
fffe6d00007da
0000b7bfff650
0000440000a1c
fffdc680004dc
fffe6e40007df
00027080002d4
0000418000a02
fffdc800004c6
0001983fff816
ffff49c0009a7
ffffbe7fff5ec
00013900008e6
0001f98000644
00026a00002c6
00027c3fffedd
fffec27fff71e
fffe6780007da
0000b3bfff64b
0000400000a0d
fffec6bfff71e
fffe6580007dc
fffd92bfffd24
fffd7f8000118
fffdcf40004d4
00019bbfff81c
ffff4d80009b6
0002873fffee1
00013440008d7
fffe09bfff999
00026ec0002cc
ffffb9ffff5e7
0002373fffb2a
00018f3fff826
fffd8fffffd44
0000428000a1d
fffdc600004d6
fffe6c40007d2
0000babfff640
0002833fffeef
fffec53fff72f
fffe6c40007f4
00026f40002e0
0000448000a1b
00013340008e2
fffe68c0007da
ffff4a800099e
0002813fffed3
fffec5bfff716
fffe6a80007e2
00026a80002ce
fffd77c000112
fffdcc00004d7
0001fa8000655
ffff4a00009b0
00004580009fa
00013600008ba
fffe073fff97e
0000b8bfff635
ffffbd3fff5f5
00013980008dd
000194bfff814
00026700002d8
fffd760000104
fffec9bfff712
0001933fff823
fffd90ffffd36
0000460000a12
fffec7bfff71e
fffe6c00007ec
ffff4e80009a6
000283bfffed0
fffec77fff71a
fffe6b80007d9
fffd98bfffd14
000287bfffeda
fffeccbfff71c
0001fc000064e
0000b8bfff644
000284ffffef4
000135c0008d8
000196bfff81a
00026900002d2
ffffb73fff5f2
000130c0008e8
fffe6740007d3
fffd953fffd16
000286bfffee2
000233ffffb1b
fffe053fff9ac
00026a00002db
fffd78c000111
fffecb3fff724
0001f68000664
ffff45c0009b4
fffd7c4000104
0002363fffb20
fffe6800007ce
0000b63fff642
000043c000a02
fffec93fff70a
000194bfff81a
0000b1ffff65a
0000400000a12
fffec47fff726
fffe6a00007e8
00026800002ca
fffd760000102
fffec73fff712
fffe063fff9ae
fffd92bfffd32
fffd80400011a
000238ffffb36
fffe6800007f0
ffff4880009ae
fffd7cc000105
fffdcc00004c8
0001983fff804
fffd93bfffd17
ffffbdbfff5e2
fffecaffff720
fffe0bffff9a9
0000baffff656
ffffbdbfff615
00013a00008fe
0001f7000065a
ffff4680009a8
ffffb8bfff5da
fffec83fff724
fffe097fff9bc
ffff4c80009c4
0000037fffffe
0000020000001
0000023fffffe
000001400000a
0000023fffffc
0000028000003
ffffff8000004
0000013fffffe
000001bfffffb
0000000000001
000001bfffffd
0000008000000
0000017fffffc
0000008000004
0000003fffffe
ffffff8000003
000000c000002
0000018000004
0000013fffffd
0000004000001
0000013fffffc
0000000000002
ffffff8000002
0000003fffffc
0000008000002
0000013fffffe
0000013fffffc
0000018000004
0000010000002
000000bfffffa
0000008000002
0000013fffffd
0000018000000
ffffff7fffffe
ffffffbfffffe
000000bfffff8
000000bfffff8
ffffffc000004
0000008000000
0000013fffffc
000000bfffffc
0000023fffffb
ffffff8000000
0000010000003
0000018000000
0000010000005
ffffffbfffffc
0000014000002
0000014000000
fffffeffffffc
000000ffffffc
0000003fffffe
000001ffffff8
ffffffbfffffa
fffffeffffffc
ffffff8000000
0000010000004
0000018000006
ffffff0000004
0000010000000
fffffec000002
ffffffffffffc
0000010000002
0000010000008
0000003fffffc
ffffffbfffffe
0000013fffffe
fffffeffffffc
0000004000002
ffffffbfffffe
0000000000002
0000013fffffd
0000023fffffe
ffffff8000006
0000008000004
000001bfffffc
0000014000000
ffffff3ffffff
ffffffbfffffa
000000bfffffd
fffffeffffffe
000000bfffffe
ffffff3fffffc
0000023fffffc
0000000000004
0000008000001
0000010000004
0000007fffffd
ffffff0000002
0000020000000
0000003fffffe
ffffff0000002
ffffff8000002
ffffff3fffffe
ffffff7fffffc
0000008000000
ffffffbfffffc
0000004000000
0000013fffffe
ffffff0000002
fffffebfffffa
0000000000001
0000010000004
0000000000000
0000013fffffe
000000bfffffe
000000c000001
ffffffbfffffd
0000018000000
000000c000004
0000010000000
000000bfffffd
fffffe8000000
0000003fffffa
000000c000001
ffffffffffffa
0000000000002
ffffffbfffffa
0000004000002
0000013fffffe
0000010000009
0000003fffffe
000001bfffffe
0000003fffffe
ffffff3fffffc
0000000000004
0000013fffffe
000000bfffffc
0000008000000
0000003fffffc
0000013ffffff
ffffff3ffffff
000001ffffffc
0000008000003
0000003fffffe
0000004000002
0000000000004
000000bfffffc
0000013fffffc
ffffff0000000
ffffff8000000
0000013fffffa
0000000000000
ffffff8000000
0000008000004
0000000000002
000000ffffff9
0000004000002
0000003fffffa
000000bffffff
0000018000004
0000008000001
ffffffffffff8
0000000000003
0000018000000
ffffffc000000
ffffff8000002
0000008000002
0000003ffffff
0000004000005
000001bffffff
000000c000000
0000008000004
ffffff0000002
ffffffbfffffc
0000023fffffe
0000000000002
ffffffc000002
ffffff4000000
0000023fffffe
fffffe8000000
000000ffffffc
ffffff8000001
000000ffffff8
000000bfffffc
ffffff3ffffff
ffffff8000000
ffffffc000000
0000010000004
0000008000002
ffffff0000001
0000010000002
0000008000002
0000018000004
0000003fffffa
0000013fffffc
ffffffbfffffe
ffffffbfffffd
ffffff0000002
ffffffbfffffc
ffffff3fffffc
fffffffffffff
0000010000000
0000000000002
ffffffbfffffc
0000003fffffe
0000000000000
ffffff3fffffe
0000000000003
0000010000002
0000010000004
0000000000000
0000007fffffe
000000c000006
0000013fffffc
ffffff7fffffe
ffffff3fffffe
0000008000002
0000000000001
000000bfffffa
ffffffbffffff
ffffff8000002
000000bfffffc
000000c000000
0000010000000
000000bfffffe
000000c000005
000000c000007
0000000000002
0000014000006
0000007fffffb
ffffffbfffffe
0000000000004
0000000000002
fffffe8000002
ffffff0000001
ffffff8000004
0000018000002
0000003fffffb
0000003fffffd
0000000000000
0000003fffffe
0000003fffffe
0000013ffffff
ffffff0000001
0000013fffffc
ffffff8000000
0000013ffffff
ffffff8000000
ffffff3ffffff
ffffffbfffffe
ffffff0000000
0000013ffffff
ffffff8000006
ffffff8000004
0000003ffffff
0000008000004
0000003fffffd
ffffff3fffffc
0000013fffffe
0000000000001
000000c000000
0000013fffffd
ffffffffffff8
ffffff8000000
0000018000000
0000007fffffe
0000010000001
0000008000002
fffffebfffffe
000001bfffffb
ffffffbfffffb
0000003fffffc
0000014000003
ffffffbfffffa
fffffe0000004
ffffffbfffff8
0000010000000
0000010000001
ffffff8000000
ffffff0000004
0000010000005
000000bfffffa
0000008000000
0000003fffffe
0000008000000
000000bfffffa
0000010000002
000000bfffffd
ffffff3fffffb
000000c000008
fffffebfffffe
0000008000002
0000018000004
ffffff0000001
ffffff3fffff8
000000c000002
000000bfffff9
0000000000005
0000020000000
0000014000000
0000013fffffe
000000ffffffe
ffffffffffffe
ffffff4000001
ffffffbfffffc
000000ffffffe
0000004000000
0000020000001
000000bfffffe
fffffe8000000
0000007fffffb
ffffff4000000
0000010000001
000000bfffffe
000001bffffff
0000003ffffff
000000bfffffc
ffffffbffffff
0000000000000
ffffffbfffffc
ffffff0000005
ffffffffffffe
ffffffbfffffd
0000003fffffe
0000013fffffc
000000c000002
0000023fffffe
000001bfffffe
0000003fffffd
ffffffbfffffc
ffffffc000004
0000020000000
0000010000001
ffffff0000006
000001bfffffe
ffffff8000003
fffffe8000001
0000008000005
ffffff0000000
ffffffc000006
ffffffbffffff
ffffff8000000
000000bfffffe
0000008000000
ffffffbfffffe
ffffff0000000
fffffe8000000
ffffff0000000
ffffff3fffffa
ffffff8000002
0000014000000
ffffff3fffffb
0000013fffffb
0000003fffffe
000000ffffffd
ffffffffffffd
000001bffffff
ffffffbfffffe
ffffffbffffff
fffffe8000001
ffffffbfffffe
0000003fffffe
0000003fffffc
000001bffffff
0000000000000
0000007fffffe
ffffffc000000
000001bffffff
ffffffbfffffe
0000020000004
ffffff3fffffe
0000013fffffd
000000bfffffe
ffffffffffffb
0000010000006
0000000000000
ffffff8000002
000000bffffff
000001c000000
ffffffbfffffe
ffffffc000000
0000003fffffa
ffffff0000005
0000007fffffc
0000000000002
ffffffc000002
0000003fffffe
0000003fffffc
0000003fffffc
0000003fffffd
ffffff8000000
0000023fffffc
ffffff8000001
0000004000002
0000000000002
0000010000000
000000bfffffd
000000fffffff
0000013fffffe
ffffff7ffffff
ffffff0000004
fffffec000001
0000014000000
ffffff8000008
ffffffffffffd
0000003fffffe
0000023fffffa
0000008000001
0000007ffffff
ffffffbfffffe
0000008000004
0000027fffffd
000000bfffffe
0000020000000
ffffff4000002
0000037fffff7
0000b87fff650
000280bfffefe
fffdc480004ec
fffe6c00007ea
ffff4c00009ae
fffd818000102
00023ebfffb1b
000197bfff822
00026a00002e4
fffd788000122
fffdce80004e8
0001fe400065a
00026e00002d3
0000450000a04
0002387fffb1e
0001f3c000651
0000b13fff64b
00003f8000a10
fffec67fff71e
fffe6980007e9
ffff4bc0009ae
00004680009ee
fffeca3fff705
000195ffff814
fffd933fffd32
0002823fffef2
fffdc300004dd
fffe6b00007d0
fffd96ffffd10
ffffbe7fff5e5
fffed0ffff730
0001fc0000666
00026a80002d8
fffd788000117
fffdca80004d0
fffe7040007c2
0000bebfff636
000288ffffee6
000237bfffb22
fffe68c0007da
0000babfff636
ffffbfffff5f6
00023abfffb38
0001f74000661
fffd963fffd29
0002897fffef0
0002383fffb35
0001f54000663
ffff4780009ae
000281bfffed2
fffec9ffff71e
0001f8000065a
0000b2ffff643
ffffb93fff604
00013300008ea
fffe05ffff9b6
ffff4b00009c6
0000470000a08
00013700008c7
000194bfff804
0000b27fff658
fffd7b4000128
000135c0008e2
fffe6840007d4
fffd977fffd1a
0002883fffee2
0002353fffb20
fffe06bfff9b4
00026a00002e8
fffd79800011e
00013580008d2
fffe06ffff9a6
ffff4b40009ad
ffffb9bfff5f1
fffdca00004e5
fffe7000007d7
00027040002c6
ffffba3fff5e8
fffdca00004d5
00019cffff81e
00026e40002d4
ffffb9bfff601
00013840008f0
0001f50000656
ffff4400009a4
fffd7e00000f6
000238bfffb0e
fffe053fff995
fffd963fffd20
ffffbe7fff5ee
fffecdbfff734
fffe71c0007f2
00027500002d2
0002863fffedc
fffeccbfff722
00019cbfff830
00027000002e8
0002833fffef6
00013600008e4
0001963fff823
00026a40002e6
00027bbfffeff
fffdc200004e4
fffe6a00007ed
ffff4b00009ba
000049c0009f8
000237ffffb15
fffe6880007dc
ffff4c80009a2
000285ffffed4
00013200008c4
fffe063fff98a
00026c00002c6
ffffb5bfff5de
fffec6bfff724
fffe6a80007ea
ffff4f00009a7
0002837fffed2
fffdc880004bf
000197bfff803
fffd953fffd10
ffffc23fff5e4
00023dbfffb1d
000197bfff81a
0000b7bfff650
ffffbcbfff5fa
00023c3fffb44
0001f88000668
00026c00002da
00027e3fffee7
fffec73fff72e
0001f6000066e
ffff4700009b6
00004380009f6
fffec9bfff705
0001983fff818
0000b4bfff659
0000468000a16
000236ffffb26
fffe69c0007e0
00026dc0002c8
000280ffffed8
00022fffffb12
fffe01bfff99a
0000b47fff644
ffffb83fff5f4
000233bfffb31
fffe023fff9ba
ffff4940009b4
ffffba3fff5f2
00013280008d9
fffe04ffff99a
0000b6bfff64e
ffffb8bfff604
fffdc940004e8
000196ffff82e
ffff4b80009be
0002803fffee6
fffec6bfff72e
0001f40000668
fffd8ebfffd34
0000450000a1b
00013280008d3
fffe027fff99a
fffd93bfffd2e
0002813fffef2
fffdc480004e0
fffe6900007d3
fffd95ffffd1c
ffffbeffff5f4
00013600008e0
fffe083fff9a0
0000b73fff656
0000434000a22
fffdc700004d8
0001f64000653
fffd8d7fffd1b
fffd7e400010a
fffecdbfff725
fffe6e80007ee
ffff4dc0009a5
fffd848000102
0002403fffb18
0001fc0000646
0000babfff642
0002867fffee4
0002377fffb2c
0001f58000652
fffd927fffd24
000283bfffee2
fffdc940004ce
00019b3fff811
00026ec0002cf
000282bfffed8
0002323fffb1a
00018dbfff815
fffd8d7fffd23
ffffba3fff5fe
000131c0008da
fffe02bfff999
fffd92bfffd1a
ffffbe3fff5f2
000236bfffb39
fffe6940007d8
0000b4bfff642
ffffb83fff602
fffdc900004e0
000196bfff829
ffff4880009bb
fffd7d8000103
fffed07fff71a
00019d3fff82d
00027100002e2
000283ffffee8
000234ffffb25
00018f3fff82c
fffd90bfffd41
0002817fffefe
fffdc600004ee
0001f50000658
fffd91bfffd28
0002843fffefb
00013080008e4
fffe6400007d0
fffd923fffd12
ffffbd7fff5ed
000133c0008e2
fffe05ffff998
0000b6bfff656
fffd7d8000127
00013880008e0
000193bfff812
fffd913fffd2a
ffffbc3fff5fc
fffdcc00004e4
00019b3fff827
00026e40002e4
00027fbfffee5
fffec4ffff728
fffe083fff9c0
00026c00002fa
0000408000a19
fffdc780004d8
0001973fff826
00026600002ea
fffd754000128
fffdc500004e4
fffe6800007e0
fffd917fffd28
fffd7f800011e
fffdcf00004e6
0001fc0000665
ffff4b80009b5
0000460000a07
fffdcc00004ca
0001fd000064a
00026a00002c8
fffd79000010a
fffdcc40004c3
00019abfff808
0000b43fff64f
fffd7c8000122
00013880008e2
fffe6b00007cc
0000ba3fff641
00004680009f9
fffecc3fff709
000197bfff822
ffff4a80009b4
fffd8200000fd
00023cbfffb14
000196bfff820
fffd953fffd30
000286ffffef4
fffdca00004e0
0001ff0000654
00026f80002c5
000280bfffecc
fffec93fff70a
000197ffff818
00026b80002d0
ffffb7bfff5ea
0002353fffb2e
fffe6480007da
fffd933fffd10
ffffbd7fff5ea
fffdcd80004d6
00019bffff814
0000ba3fff651
000287bfffef0
000236bfffb1f
0001943fff823
0000b47fff656
00027d3fffefe
fffdc3c0004db
000195bfff816
0000b1bfff65c
fffd7a000012a
fffecebfff738
0001fd8000670
00026d80002e6
00027effffefc
00013080008ee
fffe6680007dc
000268c0002ce
fffd790000108
0002363fffb17
fffe043fff9aa
fffd967fffd2a
000285bfffeee
0002347fffb2c
fffe033fff9ba
ffff4c00009be
0002833fffee0
fffec8bfff729
0001f5c000669
ffff4700009ac
ffffb97fff5e5
0002337fffb33
fffe043fff9ba
ffff4a80009c1
000282ffffeec
00012e80008de
fffe00bfff99a
fffd90ffffd22
ffffb83fff602
fffdc700004f3
0001f6800065c
fffd903fffd2c
0000448000a0b
fffec63fff71a
fffe077fff9bc
ffff49c0009c2
fffd800000118
00023abfffb35
fffe6840007f4
ffff4980009b1
00004440009fe
fffec7bfff718
fffe69c0007de
fffd943fffd19
fffd80800010d
fffed23fff71f
0001fc8000668
ffff4c80009ae
0002877fffee3
00013580008d2
000190ffff810
fffd90bfffd30
0000444000a10
fffdc980004c2
000195bfff814
fffd92bfffd2a
0000478000a05
fffdc980004ba
000197ffff806
fffd95bfffd16
ffffc13fff5eb
00023b3fffb26
fffe0bbfff9b7
00027100002e0
000283bfffee4
0002343fffb2c
fffe6600007de
0000b6bfff640
00027ebfffee8
fffec33fff725
fffe6600007e1
fffd923fffd1e
ffffb9bfff5f6
fffdc800004dd
fffe0bbfff9a4
fffd99bfffd28
000289bfffef6
00013680008dc
000192ffff811
fffd8fbfffd2a
fffd820000113
00023c3fffb20
000192ffff81f
fffd91bfffd2b
ffffbabfff5fa
fffdc880004e2
fffe0dbfff9aa
0000bc7fff658
0002853ffff00
fffec93fff740
fffe6c00007fe
ffff5000009b4
000286bfffee6
fffecb3fff732
fffe6e80007f4
00027300002e4
0000470000a0e
0002393fffb2a
fffe69c0007ed
ffff4fc0009a5
0002893fffed4
000238ffffb17
0001947fff822
0000b43fff65e
0000440000a20
00013480008d2
fffe06bfff996
0000b7bfff651
ffffbabfff60c
00013640008fe
fffe6b00007dd
0000ba3fff658
0000490000a18
000238bfffb2d
fffe6c00007ea
00027100002dc
0002823fffef3
00013080008e6
fffe6800007da
ffff4d80009a6
000284ffffedc
00013580008d0
0001f60000632
0000b0bfff628
ffffb53fff5e4
fffec8bfff71c
000193bfff82c
fffd91bfffd36
0002823fffef6
fffdc4c0004e4
0001f68000653
fffd8fffffd1c
ffffbabfff5f4
fffec9bfff738
fffe6b80007fe
ffff4f00009b4
000284bfffee8
fffdc640004de
fffe7000007d7
00027180002c3
0002833fffeda
000232bfffb12
fffe03bfff99f
fffd94bfffd28
ffffbf3fff5fe
00013a80008f4
0001f9800064e
0000b5bfff648
000046c000a08
000238bfffb16
0001933fff81c
0000b0bfff656
fffd79800012c
00013580008ea
fffe6980007cd
0000b6bfff63d
ffffbb3fff603
000134c0008ee
fffe6880007ca
0000b8bfff63c
ffffbbbfff5f7
000236ffffb30
fffe06bfff9b0
0000babfff662
000284bffff0a
00013380008ec
000191bfff827
fffd90bfffd3a
000284bffff00
00013240008ed
0001f10000656
0000aabfff652
fffd738000130
fffdc400004f0
fffe6640007e8
fffd927fffd34
0000430000a19
fffdc4c0004da
fffe69c0007df
fffd93bfffd22
fffd7e4000118
fffdcd80004e0
fffe7100007d4
0000bcbfff652
0000484000a1c
fffdcc80004d8
0001ff8000650
00026e80002c6
ffffba7fff5ee
00013900008e5
000196bfff81e
ffff4780009b2
ffffbb3fff5ea
0002363fffb38
fffe69c0007ee
00026b00002d9
fffd788000117
fffdcb00004e6
0001f9000065c
ffff4800009ab
fffd7ec00010a
00013900008d6
fffe0c3fff99a
00027100002e0
0000488000a05
000239ffffb16
0001f80000656
00026680002cd
fffd78800010a
00013700008d6
0001f38000640
0000ad3fff634
fffd758000114
fffdc5c0004c0
fffe05bfff994
fffd93bfffd20
fffd80800010a
fffed1ffff71d
0001fe000064f
0000b8ffff642
0002823fffee9
fffec63fff71e
fffe073fff9b4
fffd97ffffd38
00004cc000a14
00023dbfffb28
0001f7c00065a
00026900002c8
ffffb43fff5f0
fffdc580004dd
fffe07ffff9aa
fffd983fffd38
00004d0000a17
00013d00008ca
0001997fff813
00026e40002d6
0002803fffed8
fffec73fff722
0001f58000656
0000afbfff649
fffd77c000118
fffec93fff725
fffe6980007e1
fffd95bfffd1e
ffffc17fff5fc
00013b80008e2
000195bfff81a
fffd923fffd2c
fffd858000119
0002423fffb2d
0001fc8000662
00027000002d4
000284bfffee2
0002353fffb20
0001933fff829
0000b2ffff669
0000430000a2e
00013180008de
fffe05bfff9b4
ffff4b80009c4
0000490000a08
00023a7fffb26
0001f7800065d
00026800002db
00003d8000a05
fffec23fff714
fffe03bfff9b6
ffff4780009c2
fffd7a0000118
fffdc9c0004de
fffe6e00007e4
ffff5080009a6
000286bfffede
00013640008d0
fffe0affff999
00027200002d0
0002823fffee2
000230ffffb2b
fffe6300007de
fffd91bfffd22
0000478000a00
0002343fffb1c
fffe6480007ce
fffd91ffffd0e
ffffbc7fff5ea
fffec93fff72b
fffe6c00007f0
ffff4b40009a4
ffffbc7fff5ea
fffdcb80004d8
fffe113fff9a4
000274c0002de
0002863fffeea
00013440008d6
fffe0b3fff9a0
00027280002d8
0002843fffee8
00013380008d6
000193bfff812
ffff4600009a6
ffffba7fff5e4
000234ffffb30
fffe6540007e8
ffff4800009a6
fffd7e00000f7
fffecebfff70c
00019a3fff826
ffff4c00009ac
000285bfffed0
fffecaffff70e
0001997fff81f
00026ac0002d1
ffffb8bfff5f1
fffecc3fff731
0001fb0000666
00026e80002d6
000281bfffee8
00013180008d4
fffe04ffff994
0000b8bfff64e
0002817fffefe
00013100008e9
fffe6700007d7
00026cc0002c2
00027f3fffed8
00022ebfffb19
fffdfebfff9a6
ffff4200009ac
fffd7980000f9
fffec8ffff709
000192ffff819
fffd8bbfffd27
fffd7b8000108
fffecb3fff716
fffe083fff9a8
fffd963fffd24
ffffc27fff5f2
00023a7fffb2e
fffe0dbfff9b5
00027240002e6
000283bfffeea
000232bfffb26
fffe02bfff9b6
ffff4a00009bc
fffd810000110
00023d7fffb22
0001977fff826
00026cc0002e4
00027cbfffef4
fffdc200004e4
fffe6a80007da
00026c00002cd
00027cbfffee4
fffdc3c0004d2
0001f3800063a
fffd8ebfffd0a
ffffb9bfff5da
fffeca3fff71a
000193bfff826
fffd8fbfffd2c
ffffbb3fff5fa
00013680008e1
fffe07bfff99a
0000bb3fff658
000283bfffefa
0002323fffb38
fffe6500007f0
000266c0002dc
fffd75c000108
fffec77fff71a
fffe087fff9b6
00026a00002e2
fffd760000118
fffdc840004d0
0001947fff81e
fffd8dbfffd36
fffd7a8000120
fffdca80004e2
fffe7000007e0
ffff4f00009a9
0002867fffeda
000131c0008cc
fffe043fff988
0000b4bfff642
fffd7a0000110
fffec93fff722
fffe6a00007e2
fffd957fffd13
ffffbe3fff5f4
fffdcd00004dc
000199bfff81c
ffff4a00009a7
ffffbc3fff5d2
fffecbbfff71a
0001973fff82c
fffd95bfffd2c
000284bfffee0
fffeca3fff71b
0001963fff82a
fffd92bfffd2f
ffffbe7fff60c
00013480008f4
fffe6780007e4
fffd93bfffd1c
fffd828000110
00023ebfffb1d
fffe0c3fff9b0
00027280002e1
0002853fffeee
00013400008d1
0001923fff814
fffd90bfffd1c
ffffbd3fff5f7
000236bfffb2c
fffe04bfff9c0
ffff4c80009c0
0002803fffee8
fffdc1c0004cc
fffe06ffff997
fffd953fffd24
ffffbc3fff5f2
fffdca80004d5
fffe0e3fff99e
0000bbbfff654
fffd84000011c
00023e3fffb24
0001967fff822
fffd96bfffd37
000288bfffefe
00013700008e0
fffe0affff99e
0000bb3fff652
0002847fffef6
fffeca3fff736
fffe6d40007f7
00027080002da
000281bfffef0
fffdc580004e4
fffe6f00007d6
0000bd3fff646
000288bfffeee
0002393fffb2c
0001f78000656
0000b73fff645
000283bfffeea
0002333fffb2e
fffe6600007da
0000b53fff640
ffffb93fff5fa
00013780008e2
000190bfff813
fffd903fffd1f
ffffb8ffff5ec
fffec9bfff724
fffe0c3fff9b0
0000baffff65a
ffffbe3fff610
00013a8000900
0001fa0000656
00026b00002d0
ffffb8bfff5f0
000234bfffb2e
fffe04bfff9b0
0000b4ffff666
fffd7d800013a
00013a00008f2
0001f64000655
fffd92bfffd29
0000480000a07
fffecbbfff71a
000199bfff824
0000b7bfff669
0000484000a23
0002373fffb37
fffe6b80007f1
00026d80002e0
0000430000a08
fffdca80004ca
00019a3fff819
00026c40002d4
ffffb9bfff5f5
0002397fffb38
0001f74000668
00026780002ce
ffffb4bfff5f2
00012f80008de
fffe02bfff9a2
0000b4ffff652
fffd7b4000122
000239bfffb2c
fffe07bfff9b0
0000b87fff668
0000440000a1d
fffecbffff726
000198bfff83d
00026980002f5
fffd7b8000128
000139c0008ee
0001f50000652
0000b3bfff650
ffffb9ffff60b
0001370000900
0001f6800066e
ffff4880009b4
000282bfffef0
00013280008d8
0001913fff819
0000b1bfff661
00003f0000a24
fffdc280004d7
000191bfff824
fffd8f3fffd45
0000440000a2a
00013080008e2
fffe6480007db
fffd8f3fffd20
fffd7c8000114
fffdc980004d8
fffe0cbfff9a7
ffff4d80009b4
ffffbf3fff5ec
00013a80008e8
000194ffff822
0000000000000
0000000000000
0000000000000
0000000000000
0000000000000
0000000000000
0000000000000
0000000000000
0000000000000
0000000000000
0000000000000
0000000000000
0000000000000
0000000000000
0000000000000
0000000000000
0000000000000
0000000000000
0000000000000
0000000000000
0000000000000
0000000000000
0000000000000
0000000000000
0000000000000
0000000000000
0000000000000
0000000000000
0000000000000
0000000000000
0000000000000
0000000000000
0000000000000
0000000000000
0000000000000
0000000000000
0000000000000
0000000000000
0000000000000
0000000000000
0000000000000
0000000000000
0000000000000
0000000000000
0000000000000
0000000000000
0000000000000
0000000000000
0000000000000
0000000000000
0000000000000
0000000000000
0000000000000
0000000000000
0000000000000
0000000000000
0000000000000
0000000000000
0000000000000
0000000000000
0000000000000
0000000000000
0000000000000
0000000000000
0000000000000
0000000000000
0000000000000
0000000000000
0000000000000
0000000000000
0000000000000
0000000000000
0000000000000
0000000000000
0000000000000
0000000000000
0000000000000
0000000000000
0000000000000
0000000000000
0000000000000
0000000000000
0000000000000
0000000000000
0000000000000
0000000000000
0000000000000
0000000000000
0000000000000
0000000000000
0000000000000
0000000000000
0000000000000
0000000000000
0000000000000
0000000000000
0000000000000
0000000000000
0000000000000
0000000000000
0000000000000
0000000000000
0000000000000
0000000000000
0000000000000
0000000000000
0000000000000
0000000000000
0000000000000
0000000000000
0000000000000
0000000000000
0000000000000
0000000000000
0000000000000
0000000000000
0000000000000
0000000000000
0000000000000
0000000000000
0000000000000
0000000000000
0000000000000
0000000000000
0000000000000
0000000000000
0000000000000
0000000000000
0000000000000
0000000000000
0000000000000
0000000000000
0000000000000
0000000000000
0000000000000
0000000000000
0000000000000
0000000000000
0000000000000
0000000000000
0000000000000
0000000000000
0000000000000
0000000000000
0000000000000
0000000000000
0000000000000
0000000000000
0000000000000
0000000000000
0000000000000
0000000000000
0000000000000
0000000000000
0000000000000
0000000000000
0000000000000
0000000000000
0000000000000
0000000000000
0000000000000
0000000000000
0000000000000
0000000000000
0000000000000
0000000000000
0000000000000
0000000000000
0000000000000
0000000000000
0000000000000
0000000000000
0000000000000
0000000000000
0000000000000
0000000000000
0000000000000
0000000000000
0000000000000
0000000000000
0000000000000
0000000000000
0000000000000
0000000000000
0000000000000
0000000000000
0000000000000
0000000000000
0000000000000
0000000000000
0000000000000
0000000000000
0000000000000
0000000000000
0000000000000
0000000000000
0000000000000
0000000000000
0000000000000
0000000000000
0000000000000
0000000000000
0000000000000
0000000000000
0000000000000
0000000000000
0000000000000
0000000000000
0000000000000
0000000000000
0000000000000
0000000000000
0000000000000
0000000000000
0000000000000
0000000000000
0000000000000
0000000000000
0000000000000
0000000000000
0000000000000
0000000000000
0000000000000
0000000000000
0000000000000
0000000000000
0000000000000
0000000000000
0000000000000
0000000000000
0000000000000
0000000000000
0000000000000
0000000000000
0000000000000
0000000000000
0000000000000
0000000000000
0000000000000
0000000000000
0000000000000
0000000000000
0000000000000
0000000000000
0000000000000
0000000000000
0000000000000
0000000000000
0000000000000
0000000000000
0000000000000
0000000000000
0000000000000
0000000000000
0000000000000
0000000000000
0000000000000
0000000000000
0000000000000
0000000000000
0000000000000
0000000000000
0000000000000
0000000000000
0000000000000
0000000000000
0000000000000
0000000000000
0000000000000
0000000000000
0000000000000
0000000000000
0000000000000
0000000000000
0000000000000
0000000000000
0000000000000
0000000000000
0000000000000
0000000000000
0000000000000
0000000000000
0000000000000
0000000000000
0000000000000
0000000000000
0000000000000
0000000000000
0000000000000
0000000000000
0000000000000
0000000000000
0000000000000
0000000000000
0000000000000
0000000000000
0000000000000
0000000000000
0000000000000
0000000000000
0000000000000
0000000000000
0000000000000
0000000000000
0000000000000
0000000000000
0000000000000
0000000000000
0000000000000
0000000000000
0000000000000
0000000000000
0000000000000
0000000000000
0000000000000
0000000000000
0000000000000
0000000000000
0000000000000
0000000000000
0000000000000
0000000000000
0000000000000
0000000000000
0000000000000
0000000000000
0000000000000
0000000000000
0000000000000
0000000000000
0000000000000
0000000000000
0000000000000
0000000000000
0000000000000
0000000000000
0000000000000
0000000000000
0000000000000
0000000000000
0000000000000
0000000000000
0000000000000
0000000000000
0000000000000
0000000000000
0000000000000
0000000000000
0000000000000
0000000000000
0000000000000
0000000000000
0000000000000
0000000000000
0000000000000
0000000000000
0000000000000
0000000000000
0000000000000
0000000000000
0000000000000
0000000000000
0000000000000
0000000000000
0000000000000
0000000000000
0000000000000
0000000000000
0000000000000
0000000000000
0000000000000
0000000000000
0000000000000
0000000000000
0000000000000
0000000000000
0000000000000
0000000000000
0000000000000
0000000000000
0000000000000
0000000000000
0000000000000
0000000000000
0000000000000
0000000000000
0000000000000
0000000000000
0000000000000
0000000000000
0000000000000
0000000000000
0000000000000
0000000000000
0000000000000
0000000000000
0000000000000
0000000000000
0000000000000
0000000000000
0000000000000
0000000000000
0000000000000
0000000000000
0000000000000
0000000000000
0000000000000
0000000000000
0000000000000
0000000000000
0000000000000
0000000000000
0000000000000
0000000000000
0000000000000
0000000000000
0000000000000
0000000000000
0000000000000
0000000000000
0000000000000
0000000000000
0000000000000
0000000000000
0000000000000
0000000000000
0000000000000
0000000000000
0000000000000
0000000000000
0000000000000
0000000000000
0000000000000
0000000000000
0000000000000
0000000000000
0000000000000
0000000000000
0000000000000
0000000000000
0000000000000
0000000000000
0000000000000
0000000000000
0000000000000
0000000000000
0000000000000
0000000000000
0000000000000
0000000000000
0000000000000
0000000000000
0000000000000
0000000000000
0000000000000
0000000000000
0000000000000
0000000000000
0000000000000
0000000000000
0000000000000
0000000000000
0000000000000
0000000000000
0000000000000
0000000000000
0000000000000
0000000000000
0000000000000
0000000000000
0000000000000
0000000000000
0000000000000
0000000000000
0000000000000
0000000000000
0000000000000
0000000000000
0000000000000
0000000000000
0000000000000
0000000000000
0000000000000
0000000000000
0000000000000
0000000000000
0000000000000
0000000000000
0000000000000
0000000000000
0000000000000
0000000000000
0000000000000
0000000000000
0000000000000
0000000000000
0000000000000
0000000000000
0000000000000
0000000000000
0000000000000
0000000000000
0000000000000
0000000000000
0000000000000
0000000000000
0000000000000
0000000000000
0000000000000
0000000000000
0000000000000
0000000000000
0000000000000
0000000000000
0000000000000
0000000000000
0000000000000
0000000000000
0000000000000
0000000000000
0000000000000
0000000000000
0000000000000
0000000000000
0000000000000
0000000000000
0000000000000
0000000000000
0000000000000
0000000000000
0000000000000
0000000000000
0000000000000
0000000000000
0000000000000
0000000000000
0000000000000
0000000000000
0000000000000
0000000000000
0000000000000
0000000000000
0000000000000
0000000000000
0000000000000
0000000000000
0000000000000
0000000000000
0000000000000
0000000000000
0000000000000
0000000000000
0000000000000
0000000000000
0000000000000
0000000000000
0000000000000
0000000000000
0000000000000
0000000000000
0000000000000
0000000000000
0000000000000
0000000000000
0000000000000
0000000000000
0000000000000
0000000000000
0000000000000
0000000000000
0000000000000
0000000000000
0000000000000
0000000000000
0000000000000
0000000000000
0000000000000
0000000000000
0000000000000
0000000000000
0000000000000
0000000000000
0000000000000
0000000000000
0000000000000
0000000000000
0000000000000
0000000000000
0000000000000
0000000000000
0000000000000
0000000000000
0000000000000
0000000000000
0000000000000
0000000000000
0000000000000
0000000000000
0000000000000
0000000000000
0000000000000
0000000000000
0000000000000
0000000000000
0000000000000
0000000000000
0000000000000
0000000000000
0000000000000
0000000000000
0000000000000
0000000000000
0000000000000
0000000000000
0000000000000
0000000000000
0000000000000
0000000000000
0000000000000
0000000000000
0000000000000
0000000000000
0000000000000
0000000000000
0000000000000
0000000000000
0000000000000
0000000000000
0000000000000
0000000000000
0000000000000
0000000000000
0000000000000
0000000000000
0000000000000
0000000000000
0000000000000
0000000000000
0000000000000
0000000000000
0000000000000
0000000000000
0000000000000
0000000000000
0000000000000
0000000000000
0000000000000
0000000000000
0000000000000
0000000000000
0000000000000
0000000000000
0000000000000
0000000000000
0000000000000
0000000000000
0000000000000
0000000000000
0000000000000
0000000000000
0000000000000
0000000000000
0000000000000
0000000000000
0000000000000
0000000000000
0000000000000
0000000000000
0000000000000
0000000000000
0000000000000
0000000000000
0000000000000
0000000000000
0000000000000
0000000000000
0000000000000
0000000000000
0000000000000
0000000000000
0000000000000
0000000000000
0000000000000
0000000000000
0000000000000
0000000000000
0000000000000
0000000000000
0000000000000
0000000000000
0000000000000
0000000000000
0000000000000
0000000000000
0000000000000
0000000000000
0000000000000
0000000000000
0000000000000
0000000000000
0000000000000
0000000000000
0000000000000
0000000000000
0000000000000
0000000000000
0000000000000
0000000000000
0000000000000
0000000000000
0000000000000
0000000000000
0000000000000
0000000000000
0000000000000
0000000000000
0000000000000
0000000000000
0000000000000
0000000000000
0000000000000
0000000000000
0000000000000
0000000000000
0000000000000
0000000000000
0000000000000
0000000000000
0000000000000
0000000000000
0000000000000
0000000000000
0000000000000
0000000000000
0000000000000
0000000000000
0000000000000
0000000000000
0000000000000
0000000000000
0000000000000
0000000000000
0000000000000
0000000000000
0000000000000
0000000000000
0000000000000
0000000000000
0000000000000
0000000000000
0000000000000
0000000000000
0000000000000
0000000000000
0000000000000
0000000000000
0000000000000
0000000000000
0000000000000
0000000000000
0000000000000
0000000000000
0000000000000
0000000000000
0000000000000
0000000000000
0000000000000
0000000000000
0000000000000
0000000000000
0000000000000
0000000000000
0000000000000
0000000000000
0000000000000
0000000000000
0000000000000
0000000000000
0000000000000
0000000000000
0000000000000
0000000000000
0000000000000
0000000000000
0000000000000
0000000000000
0000000000000
0000000000000
0000000000000
0000000000000
0000000000000
0000000000000
0000000000000
0000000000000
0000000000000
0000000000000
0000000000000
0000000000000
0000000000000
0000000000000
0000000000000
0000000000000
0000000000000
0000000000000
0000000000000
0000000000000
0000000000000
0000000000000
0000000000000
0000000000000
0000000000000
0000000000000
0000000000000
0000000000000
0000000000000
0000000000000
0000000000000
0000000000000
0000000000000
0000000000000
0000000000000
0000000000000
0000000000000
0000000000000
0000000000000
0000000000000
0000000000000
0000000000000
0000000000000
0000000000000
0000000000000
0000000000000
0000000000000
0000000000000
0000000000000
0000000000000
0000000000000
0000000000000
0000000000000
0000000000000
0000000000000
0000000000000
0000000000000
0000000000000
0000000000000
0000000000000
0000000000000
0000000000000
0000000000000
0000000000000
0000000000000
0000000000000
0000000000000
0000000000000
0000000000000
0000000000000
0000000000000
0000000000000
0000000000000
0000000000000
0000000000000
0000000000000
0000000000000
0000000000000
0000000000000
0000000000000
0000000000000
0000000000000
0000000000000
0000000000000
0000000000000
0000000000000
0000000000000
0000000000000
0000000000000
0000000000000
0000000000000
0000000000000
0000000000000
0000000000000
0000000000000
0000000000000
0000000000000
0000000000000
0000000000000
0000000000000
0000000000000
0000000000000
0000000000000
0000000000000
0000000000000
0000000000000
0000000000000
0000000000000
0000000000000
0000000000000
0000000000000
0000000000000
0000000000000
0000000000000
0000000000000
0000000000000
0000000000000
0000000000000
0000000000000
0000000000000
0000000000000
0000000000000
0000000000000
0000000000000
0000000000000
0000000000000
0000000000000
0000000000000
0000000000000
0000000000000
0000000000000
0000000000000
0000000000000
0000000000000
0000000000000
0000000000000
0000000000000
0000000000000
0000000000000
0000000000000
0000000000000
0000000000000
0000000000000
0000000000000
0000000000000
0000000000000
0000000000000
0000000000000
0000000000000
0000000000000
0000000000000
0000000000000
0000000000000
0000000000000
0000000000000
0000000000000
0000000000000
0000000000000
0000000000000
0000000000000
0000000000000
0000000000000
0000000000000
0000000000000
0000000000000
0000000000000
0000000000000
0000000000000
0000000000000
0000000000000
0000000000000
0000000000000
0000000000000
0000000000000
0000000000000
0000000000000
0000000000000
0000000000000
0000000000000
0000000000000
0000000000000
0000000000000
0000000000000
0000000000000
0000000000000
0000000000000
0000000000000
0000000000000
0000000000000
0000000000000
0000000000000
0000000000000
0000000000000
0000000000000
0000000000000
0000000000000
0000000000000
0000000000000
0000000000000
0000000000000
0000000000000
0000000000000
0000000000000
0000000000000
0000000000000
0000000000000
0000000000000
0000000000000
0000000000000
0000000000000
0000000000000
0000000000000
0000000000000
0000000000000
0000000000000
0000000000000
0000000000000
0000000000000
0000000000000
0000000000000
0000000000000
0000000000000
0000000000000
0000000000000
0000000000000
0000000000000
0000000000000
0000000000000
0000000000000
0000000000000
0000000000000
0000000000000
0000000000000
0000000000000
0000000000000
0000000000000
0000000000000
0000000000000
0000000000000
0000000000000
0000000000000
0000000000000
0000000000000
0000000000000
0000000000000
0000000000000
0000000000000
0000000000000
0000000000000
0000000000000
0000000000000
0000000000000
0000000000000
0000000000000
0000000000000
0000000000000
0000000000000
0000000000000
0000000000000
0000000000000
0000000000000
0000000000000
0000000000000
0000000000000
0000000000000
0000000000000
0000000000000
0000000000000
0000000000000
0000000000000
0000000000000
0000000000000
0000000000000
0000000000000
0000000000000
0000000000000
0000000000000
0000000000000
0000000000000
0000000000000
0000000000000
0000000000000
0000000000000
0000000000000
0000000000000
0000000000000
0000000000000
0000000000000
0000000000000
0000000000000
0000000000000
0000000000000
0000000000000
0000000000000
0000000000000
0000000000000
0000000000000
0000000000000
0000000000000
0000000000000
0000000000000
0000000000000
0000000000000
0000000000000
0000000000000
0000000000000
0000000000000
0000000000000
0000000000000
0000000000000
0000000000000
0000000000000
0000000000000
0000000000000
0000000000000
0000000000000
0000000000000
0000000000000
0000000000000
0000000000000
0000000000000
0000000000000
0000000000000
0000000000000
0000000000000
0000000000000
0000000000000
0000000000000
0000000000000
0000000000000
0000000000000
0000000000000
0000000000000
0000000000000
0000000000000
0000000000000
0000000000000
0000000000000
0000000000000
0000000000000
0000000000000
0000000000000
0000000000000
0000000000000
0000000000000
0000000000000
0000000000000
0000000000000
0000000000000
0000000000000
0000000000000
0000000000000
0000000000000
0000000000000
0000000000000
0000000000000
0000000000000
0000000000000
0000000000000
0000000000000
0000000000000
0000000000000
0000000000000
0000000000000
0000000000000
0000000000000
0000000000000
0000000000000
0000000000000
0000000000000
0000000000000
0000000000000
0000000000000
0000000000000
0000000000000
0000000000000
0000000000000
0000000000000
0000000000000
0000000000000
0000000000000
0000000000000
0000000000000
0000000000000
0000000000000
0000000000000
0000000000000
0000000000000
0000000000000
0000000000000
0000000000000
0000000000000
0000000000000
0000000000000
0000000000000
0000000000000
0000000000000
0000000000000
0000000000000
0000000000000
0000000000000
0000000000000
0000000000000
0000000000000
0000000000000
0000000000000
0000000000000
0000000000000
0000000000000
0000000000000
0000000000000
0000000000000
0000000000000
0000000000000
0000000000000
0000000000000
0000000000000
0000000000000
0000000000000
0000000000000
0000000000000
0000000000000
0000000000000
0000000000000
0000000000000
0000000000000
0000000000000
0000000000000
0000000000000
0000000000000
0000000000000
0000000000000
0000000000000
0000000000000
0000000000000
0000000000000
0000000000000
0000000000000
0000000000000
0000000000000
0000000000000
0000000000000
0000000000000
0000000000000
0000000000000
0000000000000
0000000000000
0000000000000
0000000000000
0000000000000
0000000000000
0000000000000
0000000000000
0000000000000
0000000000000
0000000000000
0000000000000
0000000000000
0000000000000
0000000000000
0000000000000
0000000000000
0000000000000
0000000000000
0000000000000
0000000000000
0000000000000
0000000000000
0000000000000
0000000000000
0000000000000
0000000000000
0000000000000
0000000000000
0000000000000
0000000000000
0000000000000
0000000000000
0000000000000
0000000000000
0000000000000
0000000000000
0000000000000
0000000000000
0000000000000
0000000000000
0000000000000
0000000000000
0000000000000
0000000000000
0000000000000
0000000000000
0000000000000
0000000000000
0000000000000
0000000000000
0000000000000
0000000000000
0000000000000
0000000000000
0000000000000
0000000000000
0000000000000
0000000000000
0000000000000
0000000000000
0000000000000
0000000000000
0000000000000
0000000000000
0000000000000
0000000000000
0000000000000
0000000000000
0000000000000
0000000000000
0000000000000
0000000000000
0000000000000
0000000000000
0000000000000
0000000000000
0000000000000
0000000000000
0000000000000
0000000000000
0000000000000
0000000000000
0000000000000
0000000000000
0000000000000
0000000000000
0000000000000
0000000000000
0000000000000
0000000000000
0000000000000
0000000000000
0000000000000
0000000000000
0000000000000
0000000000000
0000000000000
0000000000000
0000000000000
0000000000000
0000000000000
0000000000000
0000000000000
0000000000000
0000000000000
0000000000000
0000000000000
0000000000000
0000000000000
0000000000000
0000000000000
0000000000000
0000000000000
0000000000000
0000000000000
0000000000000
0000000000000
0000000000000
0000000000000
0000000000000
0000000000000
0000000000000
0000000000000
0000000000000
0000000000000
0000000000000
0000000000000
0000000000000
0000000000000
0000000000000
0000000000000
0000000000000
0000000000000
0000000000000
0000000000000
0000000000000
0000000000000
0000000000000
0000000000000
0000000000000
0000000000000
0000000000000
0000000000000
0000000000000
0000000000000
0000000000000
0000000000000
0000000000000
0000000000000
0000000000000
0000000000000
0000000000000
0000000000000
0000000000000
0000000000000
0000000000000
0000000000000
0000000000000
0000000000000
0000000000000
0000000000000
0000000000000
0000000000000
0000000000000
0000000000000
0000000000000
0000000000000
0000000000000
0000000000000
0000000000000
0000000000000
0000000000000
0000000000000
0000000000000
0000000000000
0000000000000
0000000000000
0000000000000
0000000000000
0000000000000
0000000000000
0000000000000
0000000000000
0000000000000
0000000000000
0000000000000
0000000000000
0000000000000
0000000000000
0000000000000
0000000000000
0000000000000
0000000000000
0000000000000
0000000000000
0000000000000
0000000000000
0000000000000
0000000000000
0000000000000
0000000000000
0000000000000
0000000000000
0000000000000
0000000000000
0000000000000
0000000000000
0000000000000
0000000000000
0000000000000
0000000000000
0000000000000
0000000000000
0000000000000
0000000000000
0000000000000
0000000000000
0000000000000
0000000000000
0000000000000
0000000000000
0000000000000
0000000000000
0000000000000
0000000000000
0000000000000
0000000000000
0000000000000
0000000000000
0000000000000
0000000000000
0000000000000
0000000000000
0000000000000
0000000000000
0000000000000
0000000000000
0000000000000
0000000000000
0000000000000
0000000000000
0000000000000
0000000000000
0000000000000
0000000000000
0000000000000
0000000000000
0000000000000
0000000000000
0000000000000
0000000000000
0000000000000
0000000000000
0000000000000
0000000000000
0000000000000
0000000000000
0000000000000
0000000000000
0000000000000
0000000000000
0000000000000
0000000000000
0000000000000
0000000000000
0000000000000
0000000000000
0000000000000
0000000000000
0000000000000
0000000000000
0000000000000
0000000000000
0000000000000
0000000000000
0000000000000
0000000000000
0000000000000
0000000000000
0000000000000
0000000000000
0000000000000
0000000000000
0000000000000
0000000000000
0000000000000
0000000000000
0000000000000
0000000000000
0000000000000
0000000000000
0000000000000
0000000000000
0000000000000
0000000000000
0000000000000
0000000000000
0000000000000
0000000000000
0000000000000
0000000000000
0000000000000
0000000000000
0000000000000
0000000000000
0000000000000
0000000000000
0000000000000
0000000000000
0000000000000
0000000000000
0000000000000
0000000000000
0000000000000
0000000000000
0000000000000
0000000000000
0000000000000
0000000000000
0000000000000
0000000000000
0000000000000
0000000000000
0000000000000
0000000000000
0000000000000
0000000000000
0000000000000
0000000000000
0000000000000
0000000000000
0000000000000
0000000000000
0000000000000
0000000000000
0000000000000
0000000000000
0000000000000
0000000000000
0000000000000
0000000000000
0000000000000
0000000000000
0000000000000
0000000000000
0000000000000
0000000000000
0000000000000
0000000000000
0000000000000
0000000000000
0000000000000
0000000000000
0000000000000
0000000000000
0000000000000
0000000000000
0000000000000
0000000000000
0000000000000
0000000000000
0000000000000
0000000000000
0000000000000
0000000000000
0000000000000
0000000000000
0000000000000
0000000000000
0000000000000
0000000000000
0000000000000
0000000000000
0000000000000
0000000000000
0000000000000
0000000000000
0000000000000
0000000000000
0000000000000
0000000000000
0000000000000
0000000000000
0000000000000
0000000000000
0000000000000
0000000000000
0000000000000
0000000000000
0000000000000
0000000000000
0000000000000
0000000000000
0000000000000
0000000000000
0000000000000
0000000000000
0000000000000
0000000000000
0000000000000
0000000000000
0000000000000
0000000000000
0000000000000
0000000000000
0000000000000
0000000000000
0000000000000
0000000000000
0000000000000
0000000000000
0000000000000
0000000000000
0000000000000
0000000000000
0000000000000
0000000000000
0000000000000
0000000000000
0000000000000
0000000000000
0000000000000
0000000000000
0000000000000
0000000000000
0000000000000
0000000000000
0000000000000
0000000000000
0000000000000
0000000000000
0000000000000
0000000000000
0000000000000
0000000000000
0000000000000
0000000000000
0000000000000
0000000000000
0000000000000
0000000000000
0000000000000
0000000000000
0000000000000
0000000000000
0000000000000
0000000000000
0000000000000
0000000000000
0000000000000
0000000000000
0000000000000
0000000000000
0000000000000
0000000000000
0000000000000
0000000000000
0000000000000
0000000000000
0000000000000
0000000000000
0000000000000
0000000000000
0000000000000
0000000000000
0000000000000
0000000000000
0000000000000
0000000000000
0000000000000
0000000000000
0000000000000
0000000000000
0000000000000
0000000000000
0000000000000
0000000000000
0000000000000
0000000000000
0000000000000
0000000000000
0000000000000
0000000000000
0000000000000
0000000000000
0000000000000
0000000000000
0000000000000
0000000000000
0000000000000
0000000000000
0000000000000
0000000000000
0000000000000
0000000000000
0000000000000
0000000000000
0000000000000
0000000000000
0000000000000
0000000000000
0000000000000
0000000000000
0000000000000
0000000000000
0000000000000
0000000000000
0000000000000
0000000000000
0000000000000
0000000000000
0000000000000
0000000000000
0000000000000
0000000000000
0000000000000
0000000000000
0000000000000
0000000000000
0000000000000
0000000000000
0000000000000
0000000000000
0000000000000
0000000000000
0000000000000
0000000000000
0000000000000
0000000000000
0000000000000
0000000000000
0000000000000
0000000000000
0000000000000
0000000000000
0000000000000
0000000000000
0000000000000
0000000000000
0000000000000
0000000000000
0000000000000
0000000000000
0000000000000
0000000000000
0000000000000
0000000000000
0000000000000
0000000000000
0000000000000
0000000000000
0000000000000
0000000000000
0000000000000
0000000000000
0000000000000
0000000000000
0000000000000
0000000000000
0000000000000
0000000000000
0000000000000
0000000000000
0000000000000
0000000000000
0000000000000
0000000000000
0000000000000
0000000000000
0000000000000
0000000000000
0000000000000
0000000000000
0000000000000
0000000000000
0000000000000
0000000000000
0000000000000
0000000000000
0000000000000
0000000000000
0000000000000
0000000000000
0000000000000
0000000000000
0000000000000
0000000000000
0000000000000
0000000000000
0000000000000
0000000000000
0000000000000
0000000000000
0000000000000
0000000000000
0000000000000
0000000000000
0000000000000
0000000000000
0000000000000
0000000000000
0000000000000
0000000000000
0000000000000
0000000000000
0000000000000
0000000000000
0000000000000
0000000000000
0000000000000
0000000000000
0000000000000
0000000000000
0000000000000
0000000000000
0000000000000
0000000000000
0000000000000
0000000000000
0000000000000
0000000000000
0000000000000
0000000000000
0000000000000
0000000000000
0000000000000
0000000000000
0000000000000
0000000000000
0000000000000
0000000000000
0000000000000
0000000000000
0000000000000
0000000000000
0000000000000
0000000000000
0000000000000
0000000000000
0000000000000
0000000000000
0000000000000
0000000000000
0000000000000
0000000000000
0000000000000
0000000000000
0000000000000
0000000000000
0000000000000
0000000000000
0000000000000
0000000000000
0000000000000
0000000000000
0000000000000
0000000000000
0000000000000
0000000000000
0000000000000
0000000000000
0000000000000
0000000000000
0000000000000
0000000000000
0000000000000
0000000000000
0000000000000
0000000000000
0000000000000
0000000000000
0000000000000
0000000000000
0000000000000
0000000000000
0000000000000
0000000000000
0000000000000
0000000000000
0000000000000
0000000000000
0000000000000
0000000000000
0000000000000
0000000000000
0000000000000
0000000000000
0000000000000
0000000000000
0000000000000
0000000000000
0000000000000
0000000000000
0000000000000
0000000000000
0000000000000
0000000000000
0000000000000
0000000000000
0000000000000
0000000000000
0000000000000
0000000000000
0000000000000
0000000000000
0000000000000
0000000000000
0000000000000
0000000000000
0000000000000
0000000000000
0000000000000
0000000000000
0000000000000
0000000000000
0000000000000
0000000000000
0000000000000
0000000000000
0000000000000
0000000000000
0000000000000
0000000000000
0000000000000
0000000000000
0000000000000
0000000000000
0000000000000
0000000000000
0000000000000
0000000000000
0000000000000
0000000000000
0000000000000
0000000000000
0000000000000
0000000000000
0000000000000
0000000000000
0000000000000
0000000000000
0000000000000
0000000000000
0000000000000
0000000000000
0000000000000
0000000000000
0000000000000
0000000000000
0000000000000
0000000000000
0000000000000
0000000000000
0000000000000
0000000000000
0000000000000
0000000000000
0000000000000
0000000000000
0000000000000
0000000000000
0000000000000
0000000000000
0000000000000
0000000000000
0000000000000
0000000000000
0000000000000
0000000000000
0000000000000
0000000000000
0000000000000
0000000000000
0000000000000
0000000000000
0000000000000
0000000000000
0000000000000
0000000000000
0000000000000
0000000000000
0000000000000
0000000000000
0000000000000
0000000000000
0000000000000
0000000000000
0000000000000
0000000000000
0000000000000
0000000000000
0000000000000
0000000000000
0000000000000
0000000000000
0000000000000
0000000000000
0000000000000
0000000000000
0000000000000
0000000000000
0000000000000
0000000000000
0000000000000
0000000000000
0000000000000
0000000000000
0000000000000
0000000000000
0000000000000
0000000000000
0000000000000
0000000000000
0000000000000
0000000000000
0000000000000
0000000000000
0000000000000
0000000000000
0000000000000
0000000000000
0000000000000
0000000000000
0000000000000
0000000000000
0000000000000
0000000000000
0000000000000
0000000000000
0000000000000
0000000000000
0000000000000
0000000000000
0000000000000
0000000000000
0000000000000
0000000000000
0000000000000
0000000000000
0000000000000
0000000000000
0000000000000
0000000000000
0000000000000
0000000000000
0000000000000
0000000000000
0000000000000
0000000000000
0000000000000
0000000000000
0000000000000
0000000000000
0000000000000
0000000000000
0000000000000
0000000000000
0000000000000
0000000000000
0000000000000
0000000000000
0000000000000
0000000000000
0000000000000
0000000000000
0000000000000
0000000000000
0000000000000
0000000000000
0000000000000
0000000000000
0000000000000
0000000000000
0000000000000
0000000000000
0000000000000
0000000000000
0000000000000
0000000000000
0000000000000
0000000000000
0000000000000
0000000000000
0000000000000
0000000000000
0000000000000
0000000000000
0000000000000
0000000000000
0000000000000
0000000000000
0000000000000
0000000000000
0000000000000
0000000000000
0000000000000
0000000000000
0000000000000
0000000000000
0000000000000
0000000000000
0000000000000
0000000000000
0000000000000
0000000000000
0000000000000
0000000000000
0000000000000
0000000000000
0000000000000
0000000000000
0000000000000
0000000000000
0000000000000
0000000000000
0000000000000
0000000000000
0000000000000
0000000000000
0000000000000
0000000000000
0000000000000
0000000000000
0000000000000
0000000000000
0000000000000
0000000000000
0000000000000
0000000000000
0000000000000
0000000000000
0000000000000
0000000000000
0000000000000
0000000000000
0000000000000
0000000000000
0000000000000
0000000000000
0000000000000
0000000000000
0000000000000
0000000000000
0000000000000
0000000000000
0000000000000
0000000000000
0000000000000
0000000000000
0000000000000
0000000000000
0000000000000
0000000000000
0000000000000
0000000000000
0000000000000
0000000000000
0000000000000
0000000000000
0000000000000
0000000000000
0000000000000
0000000000000
0000000000000
0000000000000
0000000000000
0000000000000
0000000000000
0000000000000
0000000000000
0000000000000
0000000000000
0000000000000
0000000000000
0000000000000
0000000000000
0000000000000
0000000000000
0000000000000
0000000000000
0000000000000
0000000000000
0000000000000
0000000000000
0000000000000
0000000000000
0000000000000
0000000000000
0000000000000
0000000000000
0000000000000
0000000000000
0000000000000
0000000000000
0000000000000
0000000000000
0000000000000
0000000000000
0000000000000
0000000000000
0000000000000
0000000000000
0000000000000
0000000000000
0000000000000
0000000000000
0000000000000
0000000000000
0000000000000
0000000000000
0000000000000
0000000000000
0000000000000
0000000000000
0000000000000
0000000000000
0000000000000
0000000000000
0000000000000
0000000000000
0000000000000
0000000000000
0000000000000
0000000000000
0000000000000
0000000000000
0000000000000
0000000000000
0000000000000
0000000000000
0000000000000
0000000000000
0000000000000
0000000000000
0000000000000
0000000000000
0000000000000
0000000000000
0000000000000
0000000000000
0000000000000
0000000000000
0000000000000
0000000000000
0000000000000
0000000000000
0000000000000
0000000000000
0000000000000
0000000000000
0000000000000
0000000000000
0000000000000
0000000000000
0000000000000
0000000000000
0000000000000
0000000000000
0000000000000
0000000000000
0000000000000
0000000000000
0000000000000
0000000000000
0000000000000
0000000000000
0000000000000
0000000000000
0000000000000
0000000000000
0000000000000
0000000000000
0000000000000
0000000000000
0000000000000
0000000000000
0000000000000
0000000000000
0000000000000
0000000000000
0000000000000
0000000000000
0000000000000
0000000000000
0000000000000
0000000000000
0000000000000
0000000000000
0000000000000
0000000000000
0000000000000
0000000000000
0000000000000
0000000000000
0000000000000
0000000000000
0000000000000
0000000000000
0000000000000
0000000000000
0000000000000
0000000000000
0000000000000
0000000000000
0000000000000
0000000000000
0000000000000
0000000000000
0000000000000
0000000000000
0000000000000
0000000000000
0000000000000
0000000000000
0000000000000
0000000000000
0000000000000
0000000000000
0000000000000
0000000000000
0000000000000
0000000000000
0000000000000
0000000000000
0000000000000
0000000000000
0000000000000
0000000000000
0000000000000
0000000000000
0000000000000
0000000000000
0000000000000
0000000000000
0000000000000
0000000000000
0000000000000
0000000000000
0000000000000
0000000000000
0000000000000
0000000000000
0000000000000
0000000000000
0000000000000
0000000000000
0000000000000
0000000000000
0000000000000
0000000000000
0000000000000
0000000000000
0000000000000
0000000000000
0000000000000
0000000000000
0000000000000
0000000000000
0000000000000
0000000000000
0000000000000
0000000000000
0000000000000
0000000000000
0000000000000
0000000000000
0000000000000
0000000000000
0000000000000
0000000000000
0000000000000
0000000000000
0000000000000
0000000000000
0000000000000
0000000000000
0000000000000
0000000000000
0000000000000
0000000000000
0000000000000
0000000000000
0000000000000
0000000000000
0000000000000
0000000000000
0000000000000
0000000000000
0000000000000
0000000000000
0000000000000
0000000000000
0000000000000
0000000000000
0000000000000
0000000000000
0000000000000
0000000000000
0000000000000
0000000000000
0000000000000
0000000000000
0000000000000
0000000000000
0000000000000
0000000000000
0000000000000
0000000000000
0000000000000
0000000000000
0000000000000
0000000000000
0000000000000
0000000000000
0000000000000
0000000000000
0000000000000
0000000000000
0000000000000
0000000000000
0000000000000
0000000000000
0000000000000
0000000000000
0000000000000
0000000000000
0000000000000
0000000000000
0000000000000
0000000000000
0000000000000
0000000000000
0000000000000
0000000000000
0000000000000
0000000000000
0000000000000
0000000000000
0000000000000
0000000000000
0000000000000
0000000000000
0000000000000
0000000000000
0000000000000
0000000000000
0000000000000
0000000000000
0000000000000
0000000000000
0000000000000
0000000000000
0000000000000
0000000000000
0000000000000
0000000000000
0000000000000
0000000000000
0000000000000
0000000000000
0000000000000
0000000000000
0000000000000
0000000000000
0000000000000
0000000000000
0000000000000
0000000000000
0000000000000
0000000000000
0000000000000
0000000000000
0000000000000
0000000000000
0000000000000
0000000000000
0000000000000
0000000000000
0000000000000
0000000000000
0000000000000
0000000000000
0000000000000
0000000000000
0000000000000
0000000000000
0000000000000
0000000000000
0000000000000
0000000000000
0000000000000
0000000000000
0000000000000
0000000000000
0000000000000
0000000000000
0000000000000
0000000000000
0000000000000
0000000000000
0000000000000
0000000000000
0000000000000
0000000000000
0000000000000
0000000000000
0000000000000
0000000000000
0000000000000
0000000000000
0000000000000
0000000000000
0000000000000
0000000000000
0000000000000
0000000000000
0000000000000
0000000000000
0000000000000
0000000000000
0000000000000
0000000000000
0000000000000
0000000000000
0000000000000
0000000000000
0000000000000
0000000000000
0000000000000
0000000000000
0000000000000
0000000000000
0000000000000
0000000000000
0000000000000
0000000000000
0000000000000
0000000000000
0000000000000
0000000000000
0000000000000
0000000000000
0000000000000
0000000000000
0000000000000
0000000000000
0000000000000
0000000000000
0000000000000
0000000000000
0000000000000
0000000000000
0000000000000
0000000000000
0000000000000
0000000000000
0000000000000
0000000000000
0000000000000
0000000000000
0000000000000
0000000000000
0000000000000
0000000000000
0000000000000
0000000000000
0000000000000
0000000000000
0000000000000
0000000000000
0000000000000
0000000000000
0000000000000
0000000000000
0000000000000
0000000000000
0000000000000
0000000000000
0000000000000
0000000000000
0000000000000
0000000000000
0000000000000
0000000000000
0000000000000
0000000000000
0000000000000
0000000000000
0000000000000
0000000000000
0000000000000
0000000000000
0000000000000
0000000000000
0000000000000
0000000000000
0000000000000
0000000000000
0000000000000
0000000000000
0000000000000
0000000000000
0000000000000
0000000000000
0000000000000
0000000000000
0000000000000
0000000000000
0000000000000
0000000000000
0000000000000
0000000000000
0000000000000
0000000000000
0000000000000
0000000000000
0000000000000
0000000000000
0000000000000
0000000000000
0000000000000
0000000000000
0000000000000
0000000000000
0000000000000
0000000000000
0000000000000
0000000000000
0000000000000
0000000000000
0000000000000
0000000000000
0000000000000
0000000000000
0000000000000
0000000000000
0000000000000
0000000000000
0000000000000
0000000000000
0000000000000
0000000000000
0000000000000
0000000000000
0000000000000
0000000000000
0000000000000
0000000000000
0000000000000
0000000000000
0000000000000
0000000000000
0000000000000
0000000000000
0000000000000
0000000000000
0000000000000
0000000000000
0000000000000
0000000000000
0000000000000
0000000000000
0000000000000
0000000000000
0000000000000
0000000000000
0000000000000
0000000000000
0000000000000
0000000000000
0000000000000
0000000000000
0000000000000
0000000000000
0000000000000
0000000000000
0000000000000
0000000000000
0000000000000
0000000000000
0000000000000
0000000000000
0000000000000
0000000000000
0000000000000
0000000000000
0000000000000
0000000000000
0000000000000
0000000000000
0000000000000
0000000000000
0000000000000
0000000000000
0000000000000
0000000000000
0000000000000
0000000000000
0000000000000
0000000000000
0000000000000
0000000000000
0000000000000
0000000000000
0000000000000
0000000000000
0000000000000
0000000000000
0000000000000
0000000000000
0000000000000
0000000000000
0000000000000
0000000000000
0000000000000
0000000000000
0000000000000
0000000000000
0000000000000
0000000000000
0000000000000
0000000000000
0000000000000
0000000000000
0000000000000
0000000000000
0000000000000
0000000000000
0000000000000
0000000000000
0000000000000
0000000000000
0000000000000
0000000000000
0000000000000
0000000000000
0000000000000
0000000000000
0000000000000
0000000000000
0000000000000
0000000000000
0000000000000
0000000000000
0000000000000
0000000000000
0000000000000
0000000000000
0000000000000
0000000000000
0000000000000
0000000000000
0000000000000
0000000000000
0000000000000
0000000000000
0000000000000
0000000000000
0000000000000
0000000000000
0000000000000
0000000000000
0000000000000
0000000000000
0000000000000
0000000000000
0000000000000
0000000000000
0000000000000
0000000000000
0000000000000
0000000000000
0000000000000
0000000000000
0000000000000
0000000000000
0000000000000
0000000000000
0000000000000
0000000000000
0000000000000
0000000000000
0000000000000
0000000000000
0000000000000
0000000000000
0000000000000
0000000000000
0000000000000
0000000000000
0000000000000
0000000000000
0000000000000
0000000000000
0000000000000
0000000000000
0000000000000
0000000000000
0000000000000
0000000000000
0000000000000
0000000000000
0000000000000
0000000000000
0000000000000
0000000000000
0000000000000
0000000000000
0000000000000
0000000000000
0000000000000
0000000000000
0000000000000
0000000000000
0000000000000
0000000000000
0000000000000
0000000000000
0000000000000
0000000000000
0000000000000
0000000000000
0000000000000
0000000000000
0000000000000
0000000000000
0000000000000
0000000000000
0000000000000
0000000000000
0000000000000
0000000000000
0000000000000
0000000000000
0000000000000
0000000000000
0000000000000
0000000000000
0000000000000
0000000000000
0000000000000
0000000000000
0000000000000
0000000000000
0000000000000
0000000000000
0000000000000
0000000000000
0000000000000
0000000000000
0000000000000
0000000000000
0000000000000
0000000000000
0000000000000
0000000000000
0000000000000
0000000000000
0000000000000
0000000000000
0000000000000
0000000000000
0000000000000
0000000000000
0000000000000
0000000000000
0000000000000
0000000000000
0000000000000
0000000000000
0000000000000
0000000000000
0000000000000
0000000000000
0000000000000
0000000000000
0000000000000
0000000000000
0000000000000
0000000000000
0000000000000
0000000000000
0000000000000
0000000000000
0000000000000
0000000000000
0000000000000
0000000000000
0000000000000
0000000000000
0000000000000
0000000000000
0000000000000
0000000000000
0000000000000
0000000000000
0000000000000
0000000000000
0000000000000
0000000000000
0000000000000
0000000000000
0000000000000
0000000000000
0000000000000
0000000000000
0000000000000
0000000000000
0000000000000
0000000000000
0000000000000
0000000000000
0000000000000
0000000000000
0000000000000
0000000000000
0000000000000
0000000000000
0000000000000
0000000000000
0000000000000
0000000000000
0000000000000
0000000000000
0000000000000
0000000000000
0000000000000
0000000000000
0000000000000
0000000000000
0000000000000
0000000000000
0000000000000
0000000000000
0000000000000
0000000000000
0000000000000
0000000000000
0000000000000
0000000000000
0000000000000
0000000000000
0000000000000
0000000000000
0000000000000
0000000000000
0000000000000
0000000000000
0000000000000
0000000000000
0000000000000
0000000000000
0000000000000
0000000000000
0000000000000
0000000000000
0000000000000
0000000000000
0000000000000
0000000000000
0000000000000
0000000000000
0000000000000
0000000000000
0000000000000
0000000000000
0000000000000
0000000000000
0000000000000
0000000000000
0000000000000
0000000000000
0000000000000
0000000000000
0000000000000
0000000000000
0000000000000
0000000000000
0000000000000
0000000000000
0000000000000
0000000000000
0000000000000
0000000000000
0000000000000
0000000000000
0000000000000
0000000000000
0000000000000
0000000000000
0000000000000
0000000000000
0000000000000
0000000000000
0000000000000
0000000000000
0000000000000
0000000000000
0000000000000
0000000000000
0000000000000
0000000000000
0000000000000
0000000000000
0000000000000
0000000000000
0000000000000
0000000000000
0000000000000
0000000000000
0000000000000
0000000000000
0000000000000
0000000000000
0000000000000
0000000000000
0000000000000
0000000000000
0000000000000
0000000000000
0000000000000
0000000000000
0000000000000
0000000000000
0000000000000
0000000000000
0000000000000
0000000000000
0000000000000
0000000000000
0000000000000
0000000000000
0000000000000
0000000000000
0000000000000
0000000000000
0000000000000
0000000000000
0000000000000
0000000000000
0000000000000
0000000000000
0000000000000
0000000000000
0000000000000
0000000000000
0000000000000
0000000000000
0000000000000
0000000000000
0000000000000
0000000000000
0000000000000
0000000000000
0000000000000
0000000000000
0000000000000
0000000000000
0000000000000
0000000000000
0000000000000
0000000000000
0000000000000
0000000000000
0000000000000
0000000000000
0000000000000
0000000000000
0000000000000
0000000000000
0000000000000
0000000000000
0000000000000
0000000000000
0000000000000
0000000000000
0000000000000
0000000000000
0000000000000
0000000000000
0000000000000
0000000000000
0000000000000
0000000000000
0000000000000
0000000000000
0000000000000
0000000000000
0000000000000
0000000000000
0000000000000
0000000000000
0000000000000
0000000000000
0000000000000
0000000000000
0000000000000
0000000000000
0000000000000
0000000000000
0000000000000
0000000000000
0000000000000
0000000000000
0000000000000
0000000000000
0000000000000
0000000000000
0000000000000
0000000000000
0000000000000
0000000000000
0000000000000
0000000000000
0000000000000
0000000000000
0000000000000
0000000000000
0000000000000
0000000000000
0000000000000
0000000000000
0000000000000
0000000000000
0000000000000
0000000000000
0000000000000
0000000000000
0000000000000
0000000000000
0000000000000
0000000000000
0000000000000
0000000000000
0000000000000
0000000000000
0000000000000
0000000000000
0000000000000
0000000000000
0000000000000
0000000000000
0000000000000
0000000000000
0000000000000
0000000000000
0000000000000
0000000000000
0000000000000
0000000000000
0000000000000
0000000000000
0000000000000
0000000000000
0000000000000
0000000000000
0000000000000
0000000000000
0000000000000
0000000000000
0000000000000
0000000000000
0000000000000
0000000000000
0000000000000
0000000000000
0000000000000
0000000000000
0000000000000
0000000000000
0000000000000
0000000000000
0000000000000
0000000000000
0000000000000
0000000000000
0000000000000
0000000000000
0000000000000
0000000000000
0000000000000
0000000000000
0000000000000
0000000000000
0000000000000
0000000000000
0000000000000
0000000000000
0000000000000
0000000000000
0000000000000
0000000000000
0000000000000
0000000000000
0000000000000
0000000000000
0000000000000
0000000000000
0000000000000
0000000000000
0000000000000
0000000000000
0000000000000
0000000000000
0000000000000
0000000000000
0000000000000
0000000000000
0000000000000
0000000000000
0000000000000
0000000000000
0000000000000
0000000000000
0000000000000
0000000000000
0000000000000
0000000000000
0000000000000
0000000000000
0000000000000
0000000000000
0000000000000
0000000000000
0000000000000
0000000000000
0000000000000
0000000000000
0000000000000
0000000000000
0000000000000
0000000000000
0000000000000
0000000000000
0000000000000
0000000000000
0000000000000
0000000000000
0000000000000
0000000000000
0000000000000
0000000000000
0000000000000
0000000000000
0000000000000
0000000000000
0000000000000
0000000000000
0000000000000
0000000000000
0000000000000
0000000000000
0000000000000
0000000000000
0000000000000
0000000000000
0000000000000
0000000000000
0000000000000
0000000000000
0000000000000
0000000000000
0000000000000
0000000000000
0000000000000
0000000000000
0000000000000
0000000000000
0000000000000
0000000000000
0000000000000
0000000000000
0000000000000
0000000000000
0000000000000
0000000000000
0000000000000
0000000000000
0000000000000
0000000000000
0000000000000
0000000000000
0000000000000
0000000000000
0000000000000
0000000000000
0000000000000
0000000000000
0000000000000
0000000000000
0000000000000
0000000000000
0000000000000
0000000000000
0000000000000
0000000000000
0000000000000
0000000000000
0000000000000
0000000000000
0000000000000
0000000000000
0000000000000
0000000000000
0000000000000
0000000000000
0000000000000
0000000000000
0000000000000
0000000000000
0000000000000
0000000000000
0000000000000
0000000000000
0000000000000
0000000000000
0000000000000
0000000000000
0000000000000
0000000000000
0000000000000
0000000000000
0000000000000
0000000000000
0000000000000
0000000000000
0000000000000
0000000000000
0000000000000
0000000000000
0000000000000
0000000000000
0000000000000
0000000000000
0000000000000
0000000000000
0000000000000
0000000000000
0000000000000
0000000000000
0000000000000
0000000000000
0000000000000
0000000000000
0000000000000
0000000000000
0000000000000
0000000000000
0000000000000
0000000000000
0000000000000
0000000000000
0000000000000
0000000000000
0000000000000
0000000000000
0000000000000
0000000000000
0000000000000
0000000000000
0000000000000
0000000000000
0000000000000
0000000000000
0000000000000
0000000000000
0000000000000
0000000000000
0000000000000
0000000000000
0000000000000
0000000000000
0000000000000
0000000000000
0000000000000
0000000000000
0000000000000
0000000000000
0000000000000
0000000000000
0000000000000
0000000000000
0000000000000
0000000000000
0000000000000
0000000000000
0000000000000
0000000000000
0000000000000
0000000000000
0000000000000
0000000000000
0000000000000
0000000000000
0000000000000
0000000000000
0000000000000
0000000000000
0000000000000
0000000000000
0000000000000
0000000000000
0000000000000
0000000000000
0000000000000
0000000000000
0000000000000
0000000000000
0000000000000
0000000000000
0000000000000
0000000000000
0000000000000
0000000000000
0000000000000
0000000000000
0000000000000
0000000000000
0000000000000
0000000000000
0000000000000
0000000000000
0000000000000
0000000000000
0000000000000
0000000000000
0000000000000
0000000000000
0000000000000
0000000000000
0000000000000
0000000000000
0000000000000
0000000000000
0000000000000
0000000000000
0000000000000
0000000000000
0000000000000
0000000000000
0000000000000
0000000000000
0000000000000
0000000000000
0000000000000
0000000000000
0000000000000
0000000000000
0000000000000
0000000000000
0000000000000
0000000000000
0000000000000
0000000000000
0000000000000
0000000000000
0000000000000
0000000000000
0000000000000
0000000000000
0000000000000
0000000000000
0000000000000
0000000000000
0000000000000
0000000000000
0000000000000
0000000000000
0000000000000
0000000000000
0000000000000
0000000000000
0000000000000
0000000000000
0000000000000
0000000000000
0000000000000
0000000000000
0000000000000
0000000000000
0000000000000
0000000000000
0000000000000
0000000000000
0000000000000
0000000000000
0000000000000
0000000000000
0000000000000
0000000000000
0000000000000
0000000000000
0000000000000
0000000000000
0000000000000
0000000000000
0000000000000
0000000000000
0000000000000
0000000000000
0000000000000
0000000000000
0000000000000
0000000000000
0000000000000
0000000000000
0000000000000
0000000000000
0000000000000
0000000000000
0000000000000
0000000000000
0000000000000
0000000000000
0000000000000
0000000000000
0000000000000
0000000000000
0000000000000
0000000000000
0000000000000
0000000000000
0000000000000
0000000000000
0000000000000
0000000000000
0000000000000
0000000000000
0000000000000
0000000000000
0000000000000
0000000000000
0000000000000
0000000000000
0000000000000
0000000000000
0000000000000
0000000000000
0000000000000
0000000000000
0000000000000
0000000000000
0000000000000
0000000000000
0000000000000
0000000000000
0000000000000
0000000000000
0000000000000
0000000000000
0000000000000
0000000000000
0000000000000
0000000000000
0000000000000
0000000000000
0000000000000
0000000000000
0000000000000
0000000000000
0000000000000
0000000000000
0000000000000
0000000000000
0000000000000
0000000000000
0000000000000
0000000000000
0000000000000
0000000000000
0000000000000
0000000000000
0000000000000
0000000000000
0000000000000
0000000000000
0000000000000
0000000000000
0000000000000
0000000000000
0000000000000
0000000000000
0000000000000
0000000000000
0000000000000
0000000000000
0000000000000
0000000000000
0000000000000
0000000000000
0000000000000
0000000000000
0000000000000
0000000000000
0000000000000
0000000000000
0000000000000
0000000000000
0000000000000
0000000000000
0000000000000
0000000000000
0000000000000
0000000000000
0000000000000
0000000000000
0000000000000
0000000000000
0000000000000
0000000000000
0000000000000
0000000000000
0000000000000
0000000000000
0000000000000
0000000000000
0000000000000
0000000000000
0000000000000
0000000000000
0000000000000
0000000000000
0000000000000
0000000000000
0000000000000
0000000000000
0000000000000
0000000000000
0000000000000
0000000000000
0000000000000
0000000000000
0000000000000
0000000000000
0000000000000
0000000000000
0000000000000
0000000000000
0000000000000
0000000000000
0000000000000
0000000000000
0000000000000
0000000000000
0000000000000
0000000000000
0000000000000
0000000000000
0000000000000
0000000000000
0000000000000
0000000000000
0000000000000
0000000000000
0000000000000
0000000000000
0000000000000
0000000000000
0000000000000
0000000000000
0000000000000
0000000000000
0000000000000
0000000000000
0000000000000
0000000000000
0000000000000
0000000000000
0000000000000
0000000000000
0000000000000
0000000000000
0000000000000
0000000000000
0000000000000
0000000000000
0000000000000
0000000000000
0000000000000
0000000000000
0000000000000
0000000000000
0000000000000
0000000000000
0000000000000
0000000000000
0000000000000
0000000000000
0000000000000
0000000000000
0000000000000
0000000000000
0000000000000
0000000000000
0000000000000
0000000000000
0000000000000
0000000000000
0000000000000
0000000000000
0000000000000
0000000000000
0000000000000
0000000000000
0000000000000
0000000000000
0000000000000
0000000000000
0000000000000
0000000000000
0000000000000
0000000000000
0000000000000
0000000000000
0000000000000
0000000000000
0000000000000
0000000000000
0000000000000
0000000000000
0000000000000
0000000000000
0000000000000
0000000000000
0000000000000
0000000000000
0000000000000
0000000000000
0000000000000
0000000000000
0000000000000
0000000000000
0000000000000
0000000000000
0000000000000
0000000000000
0000000000000
0000000000000
0000000000000
0000000000000
0000000000000
0000000000000
0000000000000
0000000000000
0000000000000
0000000000000
0000000000000
0000000000000
0000000000000
0000000000000
0000000000000
0000000000000
0000000000000
0000000000000
0000000000000
0000000000000
0000000000000
0000000000000
0000000000000
0000000000000
0000000000000
0000000000000
0000000000000
0000000000000
0000000000000
0000000000000
0000000000000
0000000000000
0000000000000
0000000000000
0000000000000
0000000000000
0000000000000
0000000000000
0000000000000
0000000000000
0000000000000
0000000000000
0000000000000
0000000000000
0000000000000
0000000000000
0000000000000
0000000000000
0000000000000
0000000000000
0000000000000
0000000000000
0000000000000
0000000000000
0000000000000
0000000000000
0000000000000
0000000000000
0000000000000
0000000000000
0000000000000
0000000000000
0000000000000
0000000000000
0000000000000
0000000000000
0000000000000
0000000000000
0000000000000
0000000000000
0000000000000
0000000000000
0000000000000
0000000000000
0000000000000
0000000000000
0000000000000
0000000000000
0000000000000
0000000000000
0000000000000
0000000000000
0000000000000
0000000000000
0000000000000
0000000000000
0000000000000
0000000000000
0000000000000
0000000000000
0000000000000
0000000000000
0000000000000
0000000000000
0000000000000
0000000000000
0000000000000
0000000000000
0000000000000
0000000000000
0000000000000
0000000000000
0000000000000
0000000000000
0000000000000
0000000000000
0000000000000
0000000000000
0000000000000
0000000000000
0000000000000
0000000000000
0000000000000
0000000000000
0000000000000
0000000000000
0000000000000
0000000000000
0000000000000
0000000000000
0000000000000
0000000000000
0000000000000
0000000000000
0000000000000
0000000000000
0000000000000
0000000000000
0000000000000
0000000000000
0000000000000
0000000000000
0000000000000
0000000000000
0000000000000
0000000000000
0000000000000
0000000000000
0000000000000
0000000000000
0000000000000
0000000000000
0000000000000
0000000000000
0000000000000
0000000000000
0000000000000
0000000000000
0000000000000
0000000000000
0000000000000
0000000000000
0000000000000
0000000000000
0000000000000
0000000000000
0000000000000
0000000000000
0000000000000
0000000000000
0000000000000
0000000000000
0000000000000
0000000000000
0000000000000
0000000000000
0000000000000
0000000000000
0000000000000
0000000000000
0000000000000
0000000000000
0000000000000
0000000000000
0000000000000
0000000000000
0000000000000
0000000000000
0000000000000
0000000000000
0000000000000
0000000000000
0000000000000
0000000000000
0000000000000
0000000000000
0000000000000
0000000000000
0000000000000
0000000000000
0000000000000
0000000000000
0000000000000
0000000000000
0000000000000
0000000000000
0000000000000
0000000000000
0000000000000
0000000000000
0000000000000
0000000000000
0000000000000
0000000000000
0000000000000
0000000000000
0000000000000
0000000000000
0000000000000
0000000000000
0000000000000
0000000000000
0000000000000
0000000000000
0000000000000
0000000000000
0000000000000
0000000000000
0000000000000
0000000000000
0000000000000
0000000000000
0000000000000
0000000000000
0000000000000
0000000000000
0000000000000
0000000000000
0000000000000
0000000000000
0000000000000
0000000000000
0000000000000
0000000000000
0000000000000
0000000000000
0000000000000
0000000000000
0000000000000
0000000000000
0000000000000
0000000000000
0000000000000
0000000000000
0000000000000
0000000000000
0000000000000
0000000000000
0000000000000
0000000000000
0000000000000
0000000000000
0000000000000
0000000000000
0000000000000
0000000000000
0000000000000
0000000000000
0000000000000
0000000000000
0000000000000
0000000000000
0000000000000
0000000000000
0000000000000
0000000000000
0000000000000
0000000000000
0000000000000
0000000000000
0000000000000
0000000000000
0000000000000
0000000000000
0000000000000
0000000000000
0000000000000
0000000000000
0000000000000
0000000000000
0000000000000
0000000000000
0000000000000
0000000000000
0000000000000
0000000000000
0000000000000
0000000000000
0000000000000
0000000000000
0000000000000
0000000000000
0000000000000
0000000000000
0000000000000
0000000000000
0000000000000
0000000000000
0000000000000
0000000000000
0000000000000
0000000000000
0000000000000
0000000000000
0000000000000
0000000000000
0000000000000
0000000000000
0000000000000
0000000000000
0000000000000
0000000000000
0000000000000
0000000000000
0000000000000
0000000000000
0000000000000
0000000000000
0000000000000
0000000000000
0000000000000
0000000000000
0000000000000
0000000000000
0000000000000
0000000000000
0000000000000
0000000000000
fff0007ffc001
fff00cbffbfce
fff0197ffbf9c
fff025fffbf6a
fff032bffbf38
fff03fbffbf06
fff04c3ffbed6
fff0593ffbea4
fff0663ffbe73
fff072bffbe42
fff07ffffbe12
fff08cbffbde1
fff099bffbdb1
fff0a6bffbd80
fff0b3bffbd50
fff0c0fffbd20
fff0ce3ffbcf1
fff0db3ffbcc0
fff0e8bffbc91
fff0f5bffbc62
fff1033ffbc32
fff1103ffbc04
fff11dbffbbd4
fff12b3ffbba5
fff138bffbb78
fff1463ffbb48
fff153bffbb1b
fff1613ffbaed
fff16ebffbabf
fff17c7ffba92
fff18a3ffba64
fff197bffba36
fff1a5bffba0a
fff1b33ffb9dc
fff1c13ffb9af
fff1cebffb982
fff1dcbffb956
fff1eabffb92a
fff1f87ffb8fe
fff2067ffb8d2
fff214bffb8a6
fff2223ffb87a
fff230bffb84f
fff23ebffb823
fff24cbffb7f8
fff25afffb7cd
fff2693ffb7a2
fff2773ffb778
fff285bffb74e
fff293bffb723
fff2a23ffb6f9
fff2b07ffb6cf
fff2bf3ffb6a6
fff2cd3ffb67c
fff2dbbffb652
fff2ea3ffb629
fff2f8fffb601
fff3073ffb5d8
fff315bffb5ae
fff324bffb586
fff3333ffb55e
fff341bffb536
fff350bffb50e
fff35f3ffb4e6
fff36e3ffb4bf
fff37cfffb497
fff38bbffb470
fff39abffb449
fff3a93ffb423
fff3b83ffb3fc
fff3c73ffb3d6
fff3d63ffb3af
fff3e53ffb389
fff3f43ffb362
fff4037ffb33c
fff4123ffb317
fff421bffb2f2
fff430bffb2cc
fff43fbffb2a8
fff44efffb283
fff45e3ffb25e
fff46d3ffb239
fff47cbffb216
fff48bfffb1f2
fff49b7ffb1ce
fff4aabffb1aa
fff4ba3ffb186
fff4c9bffb163
fff4d93ffb141
fff4e87ffb11d
fff4f7fffb0fa
fff5077ffb0d8
fff5173ffb0b5
fff526bffb093
fff5363ffb071
fff545fffb04f
fff555bffb02e
fff5653ffb00c
fff574fffafeb
fff584bffafca
fff594bffafa9
fff5a43ffaf88
fff5b43ffaf68
fff5c43ffaf48
fff5d3bffaf28
fff5e3bffaf08
fff5f3bffaee8
fff6037ffaec9
fff6137ffaeaa
fff6237ffae8a
fff6337ffae6c
fff6437ffae4c
fff653bffae2f
fff663bffae10
fff673bffadf2
fff683bffadd4
fff6943ffadb7
fff6a43ffad98
fff6b43ffad7c
fff6c4bffad5e
fff6d4bffad42
fff6e53ffad24
fff6f53ffad09
fff705bffacec
fff715fffacd0
fff7263ffacb4
fff736bffac98
fff7473ffac7c
fff757bffac62
fff767bffac46
fff7787ffac2c
fff788bffac10
fff7997ffabf6
fff7a9fffabdc
fff7ba7ffabc2
fff7cafffaba8
fff7dbbffab8e
fff7ec3ffab74
fff7fcbffab5c
fff80d3ffab42
fff81e3ffab2a
fff82ebffab10
fff83f3ffaaf9
fff8503ffaae0
fff860bffaac9
fff8717ffaab0
fff8823ffaa98
fff892fffaa82
fff8a3fffaa6a
fff8b4bffaa53
fff8c57ffaa3d
fff8d63ffaa26
fff8e73ffaa10
fff8f83ffa9fa
fff908fffa9e3
fff919bffa9ce
fff92abffa9b8
fff93bbffa9a2
fff94cbffa98d
fff95dbffa978
fff96ebffa964
fff97fbffa94f
fff990bffa93a
fff9a1bffa926
fff9b2bffa913
fff9c3fffa8ff
fff9d53ffa8ec
fff9e63ffa8d8
fff9f73ffa8c6
fffa083ffa8b2
fffa197ffa8a0
fffa2abffa88d
fffa3bbffa87b
fffa4d3ffa869
fffa5e3ffa858
fffa6f7ffa845
fffa80bffa834
fffa91fffa823
fffaa33ffa812
fffab4bffa802
fffac5bffa7f2
fffad73ffa7e0
fffae83ffa7d0
fffaf9bffa7c0
fffb0b3ffa7b1
fffb1c3ffa7a2
fffb2dbffa792
fffb3f3ffa783
fffb50bffa774
fffb61bffa766
fffb733ffa758
fffb84bffa749
fffb963ffa73c
fffba7bffa72e
fffbb8fffa720
fffbca7ffa712
fffbdbfffa706
fffbed3ffa6f8
fffbfefffa6eb
fffc107ffa6df
fffc21bffa6d4
fffc333ffa6c6
fffc44fffa6bb
fffc567ffa6af
fffc67fffa6a4
fffc79bffa698
fffc8b3ffa68e
fffc9cbffa683
fffcae3ffa679
fffcbffffa66e
fffcd13ffa664
fffce2fffa65a
fffcf4bffa650
fffd063ffa647
fffd17fffa63e
fffd29bffa634
fffd3b3ffa62d
fffd4cbffa624
fffd5e7ffa61b
fffd703ffa613
fffd81bffa60b
fffd937ffa603
fffda4fffa5fc
fffdb6bffa5f4
fffdc83ffa5ee
fffdda3ffa5e6
fffdebbffa5e0
fffdfd7ffa5da
fffe0f3ffa5d4
fffe213ffa5cd
fffe32bffa5c8
fffe443ffa5c2
fffe563ffa5bd
fffe67bffa5b7
fffe79bffa5b2
fffe8b3ffa5ae
fffe9d3ffa5aa
fffeaebffa5a6
fffec07ffa5a1
fffed23ffa59d
fffee43ffa59a
fffef5bffa596
ffff07bffa593
ffff193ffa590
ffff2b3ffa58e
ffff3cbffa58a
ffff4e7ffa589
ffff603ffa586
ffff723ffa585
ffff83bffa584
ffff95bffa582
ffffa73ffa580
ffffb93ffa580
ffffcafffa57e
ffffdcbffa57e
ffffee3ffa57e
0000003ffa57f
0000123ffa57e
000023bffa57e
0000357ffa57e
0000473ffa580
0000593ffa580
00006abffa582
00007cbffa584
00008e3ffa585
0000a03ffa586
0000b1fffa589
0000c3bffa58a
0000d53ffa58e
0000e73ffa590
0000f8bffa593
00010abffa596
00011c3ffa59a
00012e3ffa59d
00013ffffa5a1
000151bffa5a6
0001633ffa5aa
0001753ffa5ae
000186bffa5b2
000198bffa5b7
0001aa3ffa5bd
0001bc3ffa5c2
0001cdbffa5c8
0001df3ffa5cd
0001f13ffa5d4
000202fffa5da
000214bffa5e0
0002263ffa5e6
0002383ffa5ee
000249bffa5f4
00025b7ffa5fc
00026cfffa603
00027ebffa60b
0002903ffa613
0002a1fffa61b
0002b3bffa624
0002c53ffa62d
0002d6bffa634
0002e87ffa63e
0002fa3ffa647
00030bbffa650
00031d7ffa65a
00032f3ffa664
0003407ffa66e
0003523ffa679
000363bffa683
0003753ffa68e
000386bffa698
0003987ffa6a4
0003a9fffa6af
0003bb7ffa6bb
0003cd3ffa6c6
0003debffa6d4
0003effffa6df
0004017ffa6eb
0004133ffa6f8
0004247ffa706
000435fffa712
0004477ffa720
000458bffa72e
00046a3ffa73c
00047bbffa749
00048d3ffa758
00049ebffa766
0004afbffa774
0004c13ffa783
0004d2bffa792
0004e43ffa7a2
0004f53ffa7b1
000506bffa7c0
0005183ffa7d0
0005293ffa7e0
00053abffa7f2
00054bbffa802
00055d3ffa812
00056e7ffa823
00057fbffa834
000590fffa845
0005a23ffa858
0005b33ffa869
0005c4bffa87b
0005d5bffa88d
0005e6fffa8a0
0005f83ffa8b2
0006093ffa8c6
00061a3ffa8d8
00062b3ffa8ec
00063c7ffa8ff
00064dbffa913
00065ebffa926
00066fbffa93a
000680bffa94f
000691bffa964
0006a2bffa978
0006b3bffa98d
0006c4bffa9a2
0006d5bffa9b8
0006e6bffa9ce
0006f77ffa9e3
0007083ffa9fa
0007193ffaa10
00072a3ffaa26
00073afffaa3d
00074bbffaa53
00075c7ffaa6a
00076d7ffaa82
00077e3ffaa98
00078efffaab0
00079fbffaac9
0007b03ffaae0
0007c13ffaaf9
0007d1bffab10
0007e23ffab2a
0007f33ffab42
000803bffab5c
0008143ffab74
000824bffab8e
0008357ffaba8
000845fffabc2
0008567ffabdc
000866fffabf6
000877bffac10
000887fffac2c
000898bffac46
0008a8bffac62
0008b93ffac7c
0008c9bffac98
0008da3ffacb4
0008ea7ffacd0
0008fabffacec
00090b3ffad09
00091b3ffad24
00092bbffad42
00093bbffad5e
00094c3ffad7c
00095c3ffad98
00096c3ffadb7
00097cbffadd4
00098cbffadf2
00099cbffae10
0009acbffae2f
0009bcfffae4c
0009ccfffae6c
0009dcfffae8a
0009ecfffaeaa
0009fcfffaec9
000a0cbffaee8
000a1cbffaf08
000a2cbffaf28
000a3c3ffaf48
000a4c3ffaf68
000a5c3ffaf88
000a6bbffafa9
000a7bbffafca
000a8b7ffafeb
000a9b3ffb00c
000aaabffb02e
000aba7ffb04f
000aca3ffb071
000ad9bffb093
000ae93ffb0b5
000af8fffb0d8
000b087ffb0fa
000b17fffb11d
000b273ffb141
000b36bffb163
000b463ffb186
000b55bffb1aa
000b64fffb1ce
000b747ffb1f2
000b83bffb216
000b933ffb239
000ba23ffb25e
000bb17ffb283
000bc0bffb2a8
000bcfbffb2cc
000bdebffb2f2
000bee3ffb317
000bfcfffb33c
000c0c3ffb362
000c1b3ffb389
000c2a3ffb3af
000c393ffb3d6
000c483ffb3fc
000c573ffb423
000c65bffb449
000c74bffb470
000c837ffb497
000c923ffb4bf
000ca13ffb4e6
000cafbffb50e
000cbebffb536
000ccd3ffb55e
000cdbbffb586
000ceabffb5ae
000cf93ffb5d8
000d077ffb601
000d163ffb629
000d24bffb652
000d333ffb67c
000d413ffb6a6
000d4ffffb6cf
000d5e3ffb6f9
000d6cbffb723
000d7abffb74e
000d893ffb778
000d973ffb7a2
000da57ffb7cd
000db3bffb7f8
000dc1bffb823
000dcfbffb84f
000dde3ffb87a
000debbffb8a6
000df9fffb8d2
000e07fffb8fe
000e15bffb92a
000e23bffb956
000e31bffb982
000e3f3ffb9af
000e4d3ffb9dc
000e5abffba0a
000e68bffba36
000e763ffba64
000e83fffba92
000e91bffbabf
000e9f3ffbaed
000eacbffbb1b
000eba3ffbb48
000ec7bffbb78
000ed53ffbba5
000ee2bffbbd4
000ef03ffbc04
000efd3ffbc32
000f0abffbc62
000f17bffbc91
000f253ffbcc0
000f323ffbcf1
000f3f7ffbd20
000f4cbffbd50
000f59bffbd80
000f66bffbdb1
000f73bffbde1
000f807ffbe12
000f8dbffbe42
000f9a3ffbe73
000fa73ffbea4
000fb43ffbed6
000fc0bffbf06
000fcdbffbf38
000fda7ffbf6a
000fe6fffbf9c
000ff3bffbfce
000ffffffc001
00100cbffc032
0010193ffc065
001025bffc097
0010323ffc0ca
00103ebffc0fe
00104abffc130
0010573ffc164
0010637ffc198
00106fbffc1ca
00107bbffc1ff
001087fffc232
001093fffc266
0010a03ffc29a
0010ac3ffc2ce
0010b83ffc303
0010c3fffc338
0010d03ffc36c
0010dbfffc3a2
0010e7bffc3d6
0010f3bffc40c
0010ff3ffc440
00110b3ffc476
001116fffc4ac
0011223ffc4e2
00112e3ffc518
0011397ffc54e
001144fffc584
0011507ffc5ba
00115bbffc5f1
0011673ffc628
001172bffc65e
00117dbffc696
0011893ffc6cc
0011947ffc704
00119fbffc73a
0011aabffc772
0011b5bffc7aa
0011c0bffc7e1
0011cbbffc819
0011d6bffc852
0011e1bffc888
0011ec7ffc8c2
0011f77ffc8fa
0012023ffc932
00120cfffc96b
001217bffc9a4
0012223ffc9dc
00122cbffca16
0012377ffca4e
001241fffca88
00124c7ffcac1
001256bffcafc
0012613ffcb34
00126bbffcb6e
001275fffcba8
00127ffffcbe3
00128a3ffcc1c
001294bffcc56
00129ebffcc92
0012a8bffcccc
0012b2bffcd06
0012bcbffcd42
0012c6bffcd7c
0012d07ffcdb8
0012da7ffcdf3
0012e43ffce2e
0012edfffce6a
0012f77ffcea4
0013013ffcee0
00130abffcf1c
0013147ffcf58
00131dfffcf94
001327bffcfd0
0013313ffd00d
00133a7ffd048
001343bffd086
00134d3ffd0c2
0013563ffd0fe
00135f7ffd13b
001368bffd178
001371fffd1b4
00137abffd1f2
001383bffd22f
00138cbffd26d
001395bffd2aa
00139ebffd2e8
0013a77ffd326
0013affffd364
0013b8fffd3a1
0013c1bffd3df
0013ca3ffd41d
0013d2fffd45c
0013db7ffd49a
0013e3fffd4d8
0013ec7ffd517
0013f4bffd556
0013fd3ffd594
0014057ffd5d3
00140dbffd612
001415fffd652
00141e3ffd690
0014263ffd6d0
00142e3ffd710
0014363ffd74e
00143e3ffd78e
0014463ffd7ce
00144dfffd80d
001455bffd84d
00145dbffd88d
0014653ffd8cd
00146d3ffd90d
0014747ffd94e
00147c3ffd98e
001483bffd9ce
00148b3ffda0e
0014927ffda50
00149a3ffda90
0014a13ffdad0
0014a8bffdb12
0014afbffdb52
0014b73ffdb94
0014bdfffdbd4
0014c53ffdc16
0014cc3ffdc57
0014d33ffdc98
0014da3ffdcda
0014e13ffdd1c
0014e7bffdd5e
0014eebffdd9e
0014f53ffdde1
0014fc3ffde22
001502bffde65
0015093ffdea7
00150fbffdee9
0015163ffdf2b
00151cbffdf6e
0015233ffdfb0
0015293ffdff2
00152fbffe034
001535bffe078
00153c3ffe0ba
001541fffe0fc
0015483ffe140
00154dfffe182
0015543ffe1c5
00155a3ffe208
00155fbffe24b
001565bffe28f
00156b7ffe2d2
001570fffe315
001576bffe358
00157c3ffe39c
001581bffe3e0
0015877ffe423
00158cbffe466
0015923ffe4aa
001597bffe4ee
00159cfffe532
0015a23ffe576
0015a73ffe5ba
0015ac7ffe5fe
0015b1bffe642
0015b6bffe686
0015bb7ffe6ca
0015c07ffe70f
0015c53ffe754
0015ca3ffe798
0015cebffe7dc
0015d3bffe820
0015d83ffe865
0015dcfffe8aa
0015e17ffe8ee
0015e5fffe934
0015ea3ffe978
0015eefffe9bd
0015f33ffea02
0015f77ffea47
0015fbbffea8c
0015ffbffead2
001603bffeb16
0016083ffeb5c
00160c3ffeba0
0016103ffebe6
001613fffec2c
001617bffec70
00161bbffecb6
00161f7ffecfc
0016233ffed42
001626bffed86
00162a3ffedcc
00162dfffee12
0016313ffee58
001634bffee9e
0016383ffeee3
00163bbffef29
00163ebffef6f
0016423ffefb4
0016457ffeffb
0016487fff041
00164b3fff086
00164ebfff0cc
0016517fff113
0016547fff159
0016573fff19f
00165a3fff1e6
00165cbfff22c
00165f7fff272
001661ffff2b8
001664bfff2ff
0016673fff344
001669bfff38b
00166c3fff3d2
00166e7fff418
001670bfff45f
0016733fff4a6
001674ffff4ec
0016773fff532
0016797fff579
00167b7fff5c0
00167d7fff606
00167f7fff64d
0016813fff693
0016833fff6da
001684bfff720
001686bfff768
0016883fff7ae
001689bfff7f5
00168b3fff83c
00168cffff884
00168e3fff8ca
00168fbfff910
001690ffff958
0016927fff99e
001693bfff9e6
001694bfffa2c
001695bfffa74
001696bfffaba
001697ffffb01
001698ffffb48
001699bfffb90
00169abfffbd6
00169b7fffc1e
00169c3fffc64
00169cbfffcac
00169dbfffcf2
00169dffffd39
00169ebfffd80
00169effffdc8
00169f3fffe0e
00169fbfffe56
0016a03fffe9c
0016a03fffee4
0016a0bffff2b
0016a0bffff72
0016a0bffffb8
0016a04000000
0016a08000048
0016a0800008e
0016a080000d5
0016a0000011c
0016a00000164
00169f80001aa
00169f00001f2
00169ec000238
00169e8000280
00169dc0002c7
00169d800030e
00169c8000354
00169c000039c
00169b40003e2
00169a800042a
0016998000470
001698c0004b8
001697c0004ff
0016968000546
001695800058c
00169480005d4
001693800061a
0016924000662
001690c0006a8
00168f80006f0
00168e0000736
00168cc00077c
00168b00007c4
001689800080b
0016880000852
0016868000898
00168480008e0
0016830000926
001681000096d
00167f40009b3
00167d40009fa
00167b4000a40
0016794000a87
0016770000ace
001674c000b14
0016730000b5a
0016708000ba1
00166e4000be8
00166c0000c2e
0016698000c75
0016670000cbc
0016648000d01
001661c000d48
00165f4000d8e
00165c8000dd4
00165a0000e1a
0016570000e61
0016544000ea7
0016514000eed
00164e8000f34
00164b0000f7a
0016484000fbf
0016454001005
001642000104c
00163e8001091
00163b80010d7
001638000111d
0016348001162
00163100011a8
00162dc0011ee
00162a0001234
001626800127a
00162300012be
00161f4001304
00161b800134a
0016178001390
001613c0013d4
001610000141a
00160c0001460
00160800014a4
00160380014ea
0015ff800152e
0015fb8001574
0015f740015b9
0015f300015fe
0015eec001643
0015ea0001688
0015e5c0016cc
0015e14001712
0015dcc001756
0015d8000179b
0015d380017e0
0015ce8001824
0015ca0001868
0015c500018ac
0015c040018f1
0015bb4001936
0015b6800197a
0015b180019be
0015ac4001a02
0015a70001a46
0015a20001a8a
00159cc001ace
0015978001b12
0015920001b56
00158c8001b9a
0015874001bdd
0015818001c20
00157c0001c64
0015768001ca8
001570c001ceb
00156b4001d2e
0015658001d71
00155f8001db5
00155a0001df8
0015540001e3b
00154dc001e7e
0015480001ec0
001541c001f04
00153c0001f46
0015358001f88
00152f8001fcc
001529000200e
0015230002050
00151c8002092
00151600020d5
00150f8002117
0015090002159
001502800219b
0014fc00021de
0014f5000221f
0014ee8002262
0014e780022a2
0014e100022e4
0014da0002326
0014d30002368
0014cc00023a9
0014c500023ea
0014bdc00242c
0014b7000246c
0014af80024ae
0014a880024ee
0014a10002530
00149a0002570
00149240025b0
00148b00025f2
0014838002632
00147c0002672
00147440026b2
00146d00026f3
0014650002733
00145d8002773
00145580027b3
00144dc0027f3
0014460002832
00143e0002872
00143600028b2
00142e00028f0
0014260002930
00141e0002970
001415c0029ae
00140d80029ee
0014054002a2d
0013fd0002a6c
0013f48002aaa
0013ec4002ae9
0013e3c002b28
0013db4002b66
0013d2c002ba4
0013ca0002be3
0013c18002c21
0013b8c002c5f
0013afc002c9c
0013a74002cda
00139e8002d18
0013958002d56
00138c8002d93
0013838002dd1
00137a8002e0e
001371c002e4c
0013688002e88
00135f4002ec5
0013560002f02
00134d0002f3e
0013438002f7a
00133a4002fb8
0013310002ff3
0013278003030
00131dc00306c
00131440030a8
00130a80030e4
0013010003120
0012f7400315c
0012edc003196
0012e400031d2
0012da400320d
0012d04003248
0012c68003284
0012bc80032be
0012b280032fa
0012a88003334
00129e800336e
00129480033aa
00128a00033e4
00127fc00341d
001275c003458
00126b8003492
00126100034cc
0012568003504
00124c400353f
001241c003578
00123740035b2
00122c80035ea
0012220003624
001217800365c
00120cc003695
00120200036ce
0011f74003706
0011ec400373e
0011e18003778
0011d680037ae
0011cb80037e7
0011c0800381f
0011b58003856
0011aa800388e
00119f80038c6
00119440038fc
0011890003934
00117d800396a
00117280039a2
00116700039d8
00115b8003a0f
0011504003a46
001144c003a7c
0011394003ab2
00112e0003ae8
0011220003b1e
001116c003b54
00110b0003b8a
0010ff0003bc0
0010f38003bf4
0010e78003c2a
0010dbc003c5e
0010d00003c94
0010c3c003cc8
0010b80003cfd
0010ac0003d32
0010a00003d66
001093c003d9a
001087c003dce
00107b8003e01
00106f8003e36
0010634003e68
0010570003e9c
00104a8003ed0
00103e8003f02
0010320003f36
0010258003f69
0010190003f9b
00100c8003fce
000fffc003fff
000ff38004032
000fe6c004064
000fda4004096
000fcd80040c8
000fc080040fa
000fb4000412a
000fa7000415c
000f9a000418d
000f8d80041be
000f8040041ee
000f73800421f
000f66800424f
000f598004280
000f4c80042b0
000f3f40042e0
000f32000430f
000f250004340
000f17800436f
000f0a800439e
000efd00043ce
000ef000043fc
000ee2800442c
000ed5000445b
000ec78004488
000eba00044b8
000eac80044e5
000e9f0004513
000e918004541
000e83c00456e
000e76000459c
000e6880045ca
000e5a80045f6
000e4d0004624
000e3f0004651
000e31800467e
000e2380046aa
000e1580046d6
000e07c004702
000df9c00472e
000deb800475a
000dde0004786
000dcf80047b1
000dc180047dd
000db38004808
000da54004833
000d97000485e
000d890004888
000d7a80048b2
000d6c80048dd
000d5e0004907
000d4fc004931
000d41000495a
000d330004984
000d2480049ae
000d1600049d7
000d0740049ff
000cf90004a28
000cea8004a52
000cdb8004a7a
000ccd0004aa2
000cbe8004aca
000caf8004af2
000ca10004b1a
000c920004b41
000c834004b69
000c748004b90
000c658004bb7
000c570004bdd
000c480004c04
000c390004c2a
000c2a0004c51
000c1b0004c77
000c0c0004c9e
000bfcc004cc4
000bee0004ce9
000bde8004d0e
000bcf8004d34
000bc08004d58
000bb14004d7d
000ba20004da2
000b930004dc7
000b838004dea
000b744004e0e
000b64c004e32
000b558004e56
000b460004e7a
000b368004e9d
000b270004ebf
000b17c004ee3
000b084004f06
000af8c004f28
000ae90004f4b
000ad98004f6d
000aca0004f8f
000aba4004fb1
000aaa8004fd2
000a9b0004ff4
000a8b4005015
000a7b8005036
000a6b8005057
000a5c0005078
000a4c0005098
000a3c00050b8
000a2c80050d8
000a1c80050f8
000a0c8005118
0009fcc005137
0009ecc005156
0009dcc005176
0009ccc005194
0009bcc0051b4
0009ac80051d1
00099c80051f0
00098c800520e
00097c800522c
00096c0005249
00095c0005268
00094c0005284
00093b80052a2
00092b80052be
00091b00052dc
00090b00052f7
0008fa8005314
0008ea4005330
0008da000534c
0008c98005368
0008b90005384
0008a8800539e
00089880053ba
000887c0053d4
00087780053f0
000866c00540a
0008564005424
000845c00543e
0008354005458
0008248005472
000814000548c
00080380054a4
0007f300054be
0007e200054d6
0007d180054f0
0007c10005507
0007b00005520
00079f8005537
00078ec005550
00077e0005568
00076d400557e
00075c4005596
00074b80055ad
00073ac0055c3
00072a00055da
00071900055f0
0007080005606
0006f7400561d
0006e68005632
0006d58005648
0006c4800565e
0006b38005673
0006a28005688
000691800569c
00068080056b1
00066f80056c6
00065e80056da
00064d80056ed
00063c4005701
00062b0005714
00061a0005728
000609000573a
0005f8000574e
0005e6c005760
0005d58005773
0005c48005785
0005b30005797
0005a200057a8
000590c0057bb
00057f80057cc
00056e40057dd
00055d00057ee
00054b80057fe
00053a800580e
0005290005820
0005180005830
0005068005840
0004f5000584f
0004e4000585e
0004d2800586e
0004c1000587d
0004af800588c
00049e800589a
00048d00058a8
00047b80058b7
00046a00058c4
00045880058d2
00044740058e0
000435c0058ee
00042440058fa
0004130005908
0004014005915
0003efc005921
0003de800592c
0003cd000593a
0003bb4005945
0003a9c005951
000398400595c
0003868005968
0003750005972
000363800597d
0003520005987
0003404005992
00032f000599c
00031d40059a6
00030b80059b0
0002fa00059b9
0002e840059c2
0002d680059cc
0002c500059d3
0002b380059dc
0002a1c0059e5
00029000059ed
00027e80059f5
00026cc0059fd
00025b4005a04
0002498005a0c
0002380005a12
0002260005a1a
0002148005a20
000202c005a26
0001f10005a2c
0001df0005a33
0001cd8005a38
0001bc0005a3e
0001aa0005a43
0001988005a49
0001868005a4e
0001750005a52
0001630005a56
0001518005a5a
00013fc005a5f
00012e0005a63
00011c0005a66
00010a8005a6a
0000f88005a6d
0000e70005a70
0000d50005a72
0000c38005a76
0000b1c005a77
0000a00005a7a
00008e0005a7b
00007c8005a7c
00006a8005a7e
0000590005a80
0000470005a80
0000354005a82
0000238005a82
0000120005a82
0000000005a81
ffffee0005a82
ffffdc8005a82
ffffcac005a82
ffffb90005a80
ffffa70005a80
ffff958005a7e
ffff838005a7c
ffff720005a7b
ffff600005a7a
ffff4e4005a77
ffff3c8005a76
ffff2b0005a72
ffff190005a70
ffff078005a6d
fffef58005a6a
fffee40005a66
fffed20005a63
fffec04005a5f
fffeae8005a5a
fffe9d0005a56
fffe8b0005a52
fffe798005a4e
fffe678005a49
fffe560005a43
fffe440005a3e
fffe328005a38
fffe210005a33
fffe0f0005a2c
fffdfd4005a26
fffdeb8005a20
fffdda0005a1a
fffdc80005a12
fffdb68005a0c
fffda4c005a04
fffd9340059fd
fffd8180059f5
fffd7000059ed
fffd5e40059e5
fffd4c80059dc
fffd3b00059d3
fffd2980059cc
fffd17c0059c2
fffd0600059b9
fffcf480059b0
fffce2c0059a6
fffcd1000599c
fffcbfc005992
fffcae0005987
fffc9c800597d
fffc8b0005972
fffc798005968
fffc67c00595c
fffc564005951
fffc44c005945
fffc33000593a
fffc21800592c
fffc104005921
fffbfec005915
fffbed0005908
fffbdbc0058fa
fffbca40058ee
fffbb8c0058e0
fffba780058d2
fffb9600058c4
fffb8480058b7
fffb7300058a8
fffb61800589a
fffb50800588c
fffb3f000587d
fffb2d800586e
fffb1c000585e
fffb0b000584f
fffaf98005840
fffae80005830
fffad70005820
fffac5800580e
fffab480057fe
fffaa300057ee
fffa91c0057dd
fffa8080057cc
fffa6f40057bb
fffa5e00057a8
fffa4d0005797
fffa3b8005785
fffa2a8005773
fffa194005760
fffa08000574e
fff9f7000573a
fff9e60005728
fff9d50005714
fff9c3c005701
fff9b280056ed
fff9a180056da
fff99080056c6
fff97f80056b1
fff96e800569c
fff95d8005688
fff94c8005673
fff93b800565e
fff92a8005648
fff9198005632
fff908c00561d
fff8f80005606
fff8e700055f0
fff8d600055da
fff8c540055c3
fff8b480055ad
fff8a3c005596
fff892c00557e
fff8820005568
fff8714005550
fff8608005537
fff8500005520
fff83f0005507
fff82e80054f0
fff81e00054d6
fff80d00054be
fff7fc80054a4
fff7ec000548c
fff7db8005472
fff7cac005458
fff7ba400543e
fff7a9c005424
fff799400540a
fff78880053f0
fff77840053d4
fff76780053ba
fff757800539e
fff7470005384
fff7368005368
fff726000534c
fff715c005330
fff7058005314
fff6f500052f7
fff6e500052dc
fff6d480052be
fff6c480052a2
fff6b40005284
fff6a40005268
fff6940005249
fff683800522c
fff673800520e
fff66380051f0
fff65380051d1
fff64340051b4
fff6334005194
fff6234005176
fff6134005156
fff6034005137
fff5f38005118
fff5e380050f8
fff5d380050d8
fff5c400050b8
fff5b40005098
fff5a40005078
fff5948005057
fff5848005036
fff574c005015
fff5650004ff4
fff5558004fd2
fff545c004fb1
fff5360004f8f
fff5268004f6d
fff5170004f4b
fff5074004f28
fff4f7c004f06
fff4e84004ee3
fff4d90004ebf
fff4c98004e9d
fff4ba0004e7a
fff4aa8004e56
fff49b4004e32
fff48bc004e0e
fff47c8004dea
fff46d0004dc7
fff45e0004da2
fff44ec004d7d
fff43f8004d58
fff4308004d34
fff4218004d0e
fff4120004ce9
fff4034004cc4
fff3f40004c9e
fff3e50004c77
fff3d60004c51
fff3c70004c2a
fff3b80004c04
fff3a90004bdd
fff39a8004bb7
fff38b8004b90
fff37cc004b69
fff36e0004b41
fff35f0004b1a
fff3508004af2
fff3418004aca
fff3330004aa2
fff3248004a7a
fff3158004a52
fff3070004a28
fff2f8c0049ff
fff2ea00049d7
fff2db80049ae
fff2cd0004984
fff2bf000495a
fff2b04004931
fff2a20004907
fff29380048dd
fff28580048b2
fff2770004888
fff269000485e
fff25ac004833
fff24c8004808
fff23e80047dd
fff23080047b1
fff2220004786
fff214800475a
fff206400472e
fff1f84004702
fff1ea80046d6
fff1dc80046aa
fff1ce800467e
fff1c10004651
fff1b30004624
fff1a580045f6
fff19780045ca
fff18a000459c
fff17c400456e
fff16e8004541
fff1610004513
fff15380044e5
fff14600044b8
fff1388004488
fff12b000445b
fff11d800442c
fff11000043fc
fff10300043ce
fff0f5800439e
fff0e8800436f
fff0db0004340
fff0ce000430f
fff0c0c0042e0
fff0b380042b0
fff0a68004280
fff099800424f
fff08c800421f
fff07fc0041ee
fff07280041be
fff066000418d
fff059000415c
fff04c000412a
fff03f80040fa
fff03280040c8
fff025c004096
fff0194004064
fff00c8004032
fff0004003fff
ffeff38003fce
ffefe70003f9b
ffefda8003f69
ffefce0003f36
ffefc18003f02
ffefb58003ed0
ffefa90003e9c
ffef9cc003e68
ffef908003e36
ffef848003e01
ffef784003dce
ffef6c4003d9a
ffef600003d66
ffef540003d32
ffef480003cfd
ffef3c4003cc8
ffef300003c94
ffef244003c5e
ffef188003c2a
ffef0c8003bf4
ffef010003bc0
ffeef50003b8a
ffeee94003b54
ffeede0003b1e
ffeed20003ae8
ffeec6c003ab2
ffeebb4003a7c
ffeeafc003a46
ffeea48003a0f
ffee9900039d8
ffee8d80039a2
ffee82800396a
ffee770003934
ffee6bc0038fc
ffee6080038c6
ffee55800388e
ffee4a8003856
ffee3f800381f
ffee3480037e7
ffee2980037ae
ffee1e8003778
ffee13c00373e
ffee08c003706
ffedfe00036ce
ffedf34003695
ffede8800365c
ffedde0003624
ffedd380035ea
ffedc8c0035b2
ffedbe4003578
ffedb3c00353f
ffeda98003504
ffed9f00034cc
ffed948003492
ffed8a4003458
ffed80400341d
ffed7600033e4
ffed6b80033aa
ffed61800336e
ffed578003334
ffed4d80032fa
ffed4380032be
ffed398003284
ffed2fc003248
ffed25c00320d
ffed1c00031d2
ffed124003196
ffed08c00315c
ffecff0003120
ffecf580030e4
ffecebc0030a8
ffece2400306c
ffecd88003030
ffeccf0002ff3
ffecc5c002fb8
ffecbc8002f7a
ffecb30002f3e
ffecaa0002f02
ffeca0c002ec5
ffec978002e88
ffec8e4002e4c
ffec858002e0e
ffec7c8002dd1
ffec738002d93
ffec6a8002d56
ffec618002d18
ffec58c002cda
ffec504002c9c
ffec474002c5f
ffec3e8002c21
ffec360002be3
ffec2d4002ba4
ffec24c002b66
ffec1c4002b28
ffec13c002ae9
ffec0b8002aaa
ffec030002a6c
ffebfac002a2d
ffebf280029ee
ffebea40029ae
ffebe20002970
ffebda0002930
ffebd200028f0
ffebca00028b2
ffebc20002872
ffebba0002832
ffebb240027f3
ffebaa80027b3
ffeba28002773
ffeb9b0002733
ffeb9300026f3
ffeb8bc0026b2
ffeb840002672
ffeb7c8002632
ffeb7500025f2
ffeb6dc0025b0
ffeb660002570
ffeb5f0002530
ffeb5780024ee
ffeb5080024ae
ffeb49000246c
ffeb42400242c
ffeb3b00023ea
ffeb3400023a9
ffeb2d0002368
ffeb260002326
ffeb1f00022e4
ffeb1880022a2
ffeb118002262
ffeb0b000221f
ffeb0400021de
ffeafd800219b
ffeaf70002159
ffeaf08002117
ffeaea00020d5
ffeae38002092
ffeadd0002050
ffead7000200e
ffead08001fcc
ffeaca8001f88
ffeac40001f46
ffeabe4001f04
ffeab80001ec0
ffeab24001e7e
ffeaac0001e3b
ffeaa60001df8
ffeaa08001db5
ffea9a8001d71
ffea94c001d2e
ffea8f4001ceb
ffea898001ca8
ffea840001c64
ffea7e8001c20
ffea78c001bdd
ffea738001b9a
ffea6e0001b56
ffea688001b12
ffea634001ace
ffea5e0001a8a
ffea590001a46
ffea53c001a02
ffea4e80019be
ffea49800197a
ffea44c001936
ffea3fc0018f1
ffea3b00018ac
ffea360001868
ffea318001824
ffea2c80017e0
ffea28000179b
ffea234001756
ffea1ec001712
ffea1a40016cc
ffea160001688
ffea114001643
ffea0d00015fe
ffea08c0015b9
ffea048001574
ffea00800152e
ffe9fc80014ea
ffe9f800014a4
ffe9f40001460
ffe9f0000141a
ffe9ec40013d4
ffe9e88001390
ffe9e4800134a
ffe9e0c001304
ffe9dd00012be
ffe9d9800127a
ffe9d60001234
ffe9d240011ee
ffe9cf00011a8
ffe9cb8001162
ffe9c8000111d
ffe9c480010d7
ffe9c18001091
ffe9be000104c
ffe9bac001005
ffe9b7c000fbf
ffe9b50000f7a
ffe9b18000f34
ffe9aec000eed
ffe9abc000ea7
ffe9a90000e61
ffe9a60000e1a
ffe9a38000dd4
ffe9a0c000d8e
ffe99e4000d48
ffe99b8000d01
ffe9990000cbc
ffe9968000c75
ffe9940000c2e
ffe991c000be8
ffe98f8000ba1
ffe98d0000b5a
ffe98b4000b14
ffe9890000ace
ffe986c000a87
ffe984c000a40
ffe982c0009fa
ffe980c0009b3
ffe97f000096d
ffe97d0000926
ffe97b80008e0
ffe9798000898
ffe9780000852
ffe976800080b
ffe97500007c4
ffe973400077c
ffe9720000736
ffe97080006f0
ffe96f40006a8
ffe96dc000662
ffe96c800061a
ffe96b80005d4
ffe96a800058c
ffe9698000546
ffe96840004ff
ffe96740004b8
ffe9668000470
ffe965800042a
ffe964c0003e2
ffe964000039c
ffe9638000354
ffe962800030e
ffe96240002c7
ffe9618000280
ffe9614000238
ffe96100001f2
ffe96080001aa
ffe9600000164
ffe960000011c
ffe95f80000d5
ffe95f800008e
ffe95f8000048
ffe95fc000000
ffe95fbffffb8
ffe95fbffff72
ffe95fbffff2b
ffe9603fffee4
ffe9603fffe9c
ffe960bfffe56
ffe9613fffe0e
ffe9617fffdc8
ffe961bfffd80
ffe9627fffd39
ffe962bfffcf2
ffe963bfffcac
ffe9643fffc64
ffe964ffffc1e
ffe965bfffbd6
ffe966bfffb90
ffe9677fffb48
ffe9687fffb01
ffe969bfffaba
ffe96abfffa74
ffe96bbfffa2c
ffe96cbfff9e6
ffe96dffff99e
ffe96f7fff958
ffe970bfff910
ffe9723fff8ca
ffe9737fff884
ffe9753fff83c
ffe976bfff7f5
ffe9783fff7ae
ffe979bfff768
ffe97bbfff720
ffe97d3fff6da
ffe97f3fff693
ffe980ffff64d
ffe982ffff606
ffe984ffff5c0
ffe986ffff579
ffe9893fff532
ffe98b7fff4ec
ffe98d3fff4a6
ffe98fbfff45f
ffe991ffff418
ffe9943fff3d2
ffe996bfff38b
ffe9993fff344
ffe99bbfff2ff
ffe99e7fff2b8
ffe9a0ffff272
ffe9a3bfff22c
ffe9a63fff1e6
ffe9a93fff19f
ffe9abffff159
ffe9aeffff113
ffe9b1bfff0cc
ffe9b53fff086
ffe9b7ffff041
ffe9bafffeffb
ffe9be3ffefb4
ffe9c1bffef6f
ffe9c4bffef29
ffe9c83ffeee3
ffe9cbbffee9e
ffe9cf3ffee58
ffe9d27ffee12
ffe9d63ffedcc
ffe9d9bffed86
ffe9dd3ffed42
ffe9e0fffecfc
ffe9e4bffecb6
ffe9e8bffec70
ffe9ec7ffec2c
ffe9f03ffebe6
ffe9f43ffeba0
ffe9f83ffeb5c
ffe9fcbffeb16
ffea00bffead2
ffea04bffea8c
ffea08fffea47
ffea0d3ffea02
ffea117ffe9bd
ffea163ffe978
ffea1a7ffe934
ffea1efffe8ee
ffea237ffe8aa
ffea283ffe865
ffea2cbffe820
ffea31bffe7dc
ffea363ffe798
ffea3b3ffe754
ffea3ffffe70f
ffea44fffe6ca
ffea49bffe686
ffea4ebffe642
ffea53fffe5fe
ffea593ffe5ba
ffea5e3ffe576
ffea637ffe532
ffea68bffe4ee
ffea6e3ffe4aa
ffea73bffe466
ffea78fffe423
ffea7ebffe3e0
ffea843ffe39c
ffea89bffe358
ffea8f7ffe315
ffea94fffe2d2
ffea9abffe28f
ffeaa0bffe24b
ffeaa63ffe208
ffeaac3ffe1c5
ffeab27ffe182
ffeab83ffe140
ffeabe7ffe0fc
ffeac43ffe0ba
ffeacabffe078
ffead0bffe034
ffead73ffdff2
ffeadd3ffdfb0
ffeae3bffdf6e
ffeaea3ffdf2b
ffeaf0bffdee9
ffeaf73ffdea7
ffeafdbffde65
ffeb043ffde22
ffeb0b3ffdde1
ffeb11bffdd9e
ffeb18bffdd5e
ffeb1f3ffdd1c
ffeb263ffdcda
ffeb2d3ffdc98
ffeb343ffdc57
ffeb3b3ffdc16
ffeb427ffdbd4
ffeb493ffdb94
ffeb50bffdb52
ffeb57bffdb12
ffeb5f3ffdad0
ffeb663ffda90
ffeb6dfffda50
ffeb753ffda0e
ffeb7cbffd9ce
ffeb843ffd98e
ffeb8bfffd94e
ffeb933ffd90d
ffeb9b3ffd8cd
ffeba2bffd88d
ffebaabffd84d
ffebb27ffd80d
ffebba3ffd7ce
ffebc23ffd78e
ffebca3ffd74e
ffebd23ffd710
ffebda3ffd6d0
ffebe23ffd690
ffebea7ffd652
ffebf2bffd612
ffebfafffd5d3
ffec033ffd594
ffec0bbffd556
ffec13fffd517
ffec1c7ffd4d8
ffec24fffd49a
ffec2d7ffd45c
ffec363ffd41d
ffec3ebffd3df
ffec477ffd3a1
ffec507ffd364
ffec58fffd326
ffec61bffd2e8
ffec6abffd2aa
ffec73bffd26d
ffec7cbffd22f
ffec85bffd1f2
ffec8e7ffd1b4
ffec97bffd178
ffeca0fffd13b
ffecaa3ffd0fe
ffecb33ffd0c2
ffecbcbffd086
ffecc5fffd048
ffeccf3ffd00d
ffecd8bffcfd0
ffece27ffcf94
ffecebfffcf58
ffecf5bffcf1c
ffecff3ffcee0
ffed08fffcea4
ffed127ffce6a
ffed1c3ffce2e
ffed25fffcdf3
ffed2ffffcdb8
ffed39bffcd7c
ffed43bffcd42
ffed4dbffcd06
ffed57bffcccc
ffed61bffcc92
ffed6bbffcc56
ffed763ffcc1c
ffed807ffcbe3
ffed8a7ffcba8
ffed94bffcb6e
ffed9f3ffcb34
ffeda9bffcafc
ffedb3fffcac1
ffedbe7ffca88
ffedc8fffca4e
ffedd3bffca16
ffedde3ffc9dc
ffede8bffc9a4
ffedf37ffc96b
ffedfe3ffc932
ffee08fffc8fa
ffee13fffc8c2
ffee1ebffc888
ffee29bffc852
ffee34bffc819
ffee3fbffc7e1
ffee4abffc7aa
ffee55bffc772
ffee60bffc73a
ffee6bfffc704
ffee773ffc6cc
ffee82bffc696
ffee8dbffc65e
ffee993ffc628
ffeea4bffc5f1
ffeeaffffc5ba
ffeebb7ffc584
ffeec6fffc54e
ffeed23ffc518
ffeede3ffc4e2
ffeee97ffc4ac
ffeef53ffc476
ffef013ffc440
ffef0cbffc40c
ffef18bffc3d6
ffef247ffc3a2
ffef303ffc36c
ffef3c7ffc338
ffef483ffc303
ffef543ffc2ce
ffef603ffc29a
ffef6c7ffc266
ffef787ffc232
ffef84bffc1ff
ffef90bffc1ca
ffef9cfffc198
ffefa93ffc164
ffefb5bffc130
ffefc1bffc0fe
ffefce3ffc0ca
ffefdabffc097
ffefe73ffc065
ffeff3bffc032
7ffe9fdfffa7f
000014bffffae
000014bffffae
000006bffffe4
000014bffffae
000004bfffff0
000006bffffe4
0000033fffff4
000014fffffae
000002bfffff8
000004bfffff0
0000023fffffa
000006bffffe4
000001bfffffa
0000033fffff4
000001bfffffc
0000153ffffaf
0000013fffffc
000002bfffff8
0000013fffffc
000004bfffff0
000001bfffffe
0000023fffffa
0000013fffffc
000006fffffe5
0000013fffffc
000001bfffffa
0000013fffffe
0000033fffff4
0000013fffffe
000001bfffffc
0000013fffffe
000015bffffb1
0000013fffffe
0000013fffffc
0000013fffffe
000002bfffff8
0000013fffffe
0000013fffffc
0000013fffffe
000004bfffff1
0000013fffffe
000001bfffffe
000000bfffffe
0000023fffffa
000000ffffffe
0000013fffffc
000000ffffffe
0000073ffffe6
0000008000000
0000013fffffc
000000bfffffe
000001bfffffa
0000008000000
0000013fffffe
0000008000000
0000037fffff5
0000008000000
0000013fffffe
0000008000000
000001bfffffc
0000008000000
0000013fffffe
0000008000000
000016bffffb5
0000008000000
0000013fffffe
0000008000000
0000013fffffc
0000008000000
0000013fffffe
000000bfffffe
000002ffffff9
000000bfffffe
0000013fffffe
000000bfffffe
0000013fffffc
000000bfffffe
0000013fffffe
000000bfffffe
000004ffffff2
000000bfffffe
0000013fffffe
000000bfffffe
000001bfffffe
0000008000000
000000bfffffe
000000bfffffe
0000023fffffb
000000bfffffe
000000ffffffe
000000bfffffe
0000013fffffc
000000bfffffe
000000ffffffe
000000bfffffe
000007bffffe8
000000bfffffe
0000008000000
000000bfffffe
0000013fffffc
0000008000000
000000bfffffe
0000008000000
000001ffffffb
0000004000000
0000008000000
000000bfffffe
0000013fffffe
0000004000000
0000008000000
0000004000000
000003bfffff6
0000008000000
0000008000000
0000004000000
0000013fffffe
0000000000000
0000008000000
0000004000000
000001ffffffc
0000004000000
0000008000000
0000004000000
0000013fffffe
0000004000000
0000008000000
0000004000000
0000187ffffbe
0000004000000
0000008000000
0000004000000
0000013fffffe
0000004000000
0000008000000
0000004000000
0000017fffffc
0000004000000
0000008000000
0000000000000
0000013fffffe
0000004000000
000000bfffffe
000000bfffffe
0000033fffffa
0000004000000
000000bfffffe
0000004000000
0000013fffffe
0000004000000
000000bfffffe
0000004000000
0000017fffffc
000000bfffffe
000000bfffffe
000000bfffffe
0000013fffffe
0000004000000
000000bfffffe
0000004000000
0000057fffff4
0000004000000
000000bfffffe
0000004000000
0000013fffffe
0000004000000
000000bfffffe
0000004000000
000001bfffffe
0000004000000
0000008000000
0000000000000
000000bfffffe
0000000000000
000000bfffffe
0000000000000
0000027fffffc
0000000000000
000000bfffffe
0000000000000
000000fffffff
0000000000000
000000bfffffe
0000000000000
0000013fffffd
0000000000000
000000bfffffe
0000000000000
000000fffffff
0000000000000
000000bfffffe
0000000000000
000008bffffec
0000000000000
000000bfffffe
0000000000000
0000008000000
0000000000000
000000bfffffe
0000000000000
0000013fffffc
0000000000000
0000008000000
0000000000000
000000bffffff
0000000000000
0000008000000
0000000000000
0000023fffffc
0000000000000
0000004000000
0000000000000
0000008000000
0000000000000
000000bfffffe
0000000000000
0000013fffffe
0000000000000
0000004000000
0000000000000
0000008000000
0000000000000
0000004000000
0000000000000
0000043fffff8
0000000000000
0000008000000
0000000000000
0000008000000
0000000000000
0000004000000
0000000000000
0000013fffffe
0000000000000
0000000000000
0000000000000
0000008000000
0000000000000
0000004000000
0000000000000
0000023fffffd
0000000000000
0000004000000
0000000000000
0000008000000
0000000000000
0000004000000
0000000000000
0000013fffffe
0000000000000
0000004000000
0000000000000
0000008000000
0000000000000
0000004000000
0000000000000
00001bbffffd2
0000000000000
0000004000000
0000000000000
0000008000000
0000000000000
0000004000000
0000000000000
0000013fffffe
0000000000000
0000004000000
0000000000000
0000008000000
0000000000000
0000004000000
0000000000000
000001bfffffd
0000000000000
0000004000000
0000000000000
0000008000000
0000000000000
0000000000000
0000000000000
0000013fffffe
0000000000000
0000004000000
0000000000000
000000bffffff
0000000000000
000000bffffff
0000000000000
0000037fffffc
0000000000000
0000004000000
0000000000000
000000bffffff
0000000000000
0000004000000
0000000000000
0000013ffffff
0000000000000
0000004000000
0000000000000
000000bffffff
0000000000000
0000004000000
0000000000000
000001bfffffd
0000000000000
000000bffffff
0000000000000
000000bffffff
0000000000000
000000bffffff
0000000000000
0000013ffffff
0000000000000
0000004000000
0000000000000
000000bffffff
0000000000000
0000004000000
0000000000000
0000063fffffa
0000000000000
0000004000000
0000000000000
000000bffffff
0000000000000
0000004000000
0000000000000
0000013ffffff
0000000000000
0000004000000
0000000000000
000000bffffff
0000000000000
0000004000000
0000000000000
000001bffffff
0000000000000
0000004000000
0000000000000
0000008000000
0000000000000
0000000000000
0000000000000
000000bfffffe
0000000000000
0000000000000
0000000000000
000000bffffff
0000000000000
0000000000000
0000000000000
000002bfffffe
0000000000000
0000000000000
0000000000000
000000bffffff
0000000000000
0000000000000
0000000000000
000000c000000
0000000000000
0000000000000
0000000000000
000000bffffff
0000000000000
0000000000000
0000000000000
0000017fffffe
0000000000000
0000000000000
0000000000000
000000bffffff
0000000000000
0000000000000
0000000000000
000000c000000
0000000000000
0000000000000
0000000000000
000000bffffff
0000000000000
0000000000000
0000000000000
00000a3fffff7
0000000000000
0000000000000
0000000000000
000000bffffff
0000000000000
0000000000000
0000000000000
0000008000000
0000000000000
0000000000000
0000000000000
000000bffffff
0000000000000
0000000000000
0000000000000
0000017fffffe
0000000000000
0000000000000
0000000000000
0000008000000
0000000000000
0000000000000
0000000000000
000000c000000
0000000000000
0000000000000
0000000000000
0000008000000
0000000000000
0000000000000
0000000000000
000002bffffff
0000000000000
0000000000000
0000000000000
0000004000000
0000000000000
0000000000000
0000000000000
0000008000000
0000000000000
0000000000000
0000000000000
000000bffffff
0000000000000
0000000000000
0000000000000
0000017ffffff
0000000000000
0000000000000
0000000000000
0000004000000
0000000000000
0000000000000
0000000000000
0000008000000
0000000000000
0000000000000
0000000000000
0000004000000
0000000000000
0000000000000
0000000000000
000004bfffffe
0000000000000
0000000000000
0000000000000
0000008000000
0000000000000
0000000000000
0000000000000
0000008000000
0000000000000
0000000000000
0000000000000
0000004000000
0000000000000
0000000000000
0000000000000
0000010000000
0000000000000
0000000000000
0000000000000
0000000000000
0000000000000
0000000000000
0000000000000
0000008000000
0000000000000
0000000000000
0000000000000
0000004000000
0000000000000
0000000000000
0000000000000
0000024000000
0000000000000
0000000000000
0000000000000
0000004000000
0000000000000
0000000000000
0000000000000
0000008000000
0000000000000
0000000000000
0000000000000
0000004000000
0000000000000
0000000000000
0000000000000
0000010000000
0000000000000
0000000000000
0000000000000
0000004000000
0000000000000
0000000000000
0000000000000
0000008000000
0000000000000
0000000000000
0000000000000
0000004000000
0000000000000
0000000000000
0000000000000
0000200000000
0000000000000
0000000000000
0000000000000
0000004000000
0000000000000
0000000000000
0000000000000
0000008000000
0000000000000
0000000000000
0000000000000
0000004000000
0000000000000
0000000000000
0000000000000
0000010000000
0000000000000
0000000000000
0000000000000
0000004000000
0000000000000
0000000000000
0000000000000
0000008000000
0000000000000
0000000000000
0000000000000
0000004000000
0000000000000
0000000000000
0000000000000
0000020000000
0000000000000
0000000000000
0000000000000
0000004000000
0000000000000
0000000000000
0000000000000
0000008000000
0000000000000
0000000000000
0000000000000
0000000000000
0000000000000
0000000000000
0000000000000
0000010000000
0000000000000
0000000000000
0000000000000
0000004000000
0000000000000
0000000000000
0000000000000
0000008000000
0000000000000
0000000000000
0000000000000
0000008000000
0000000000000
0000000000000
0000000000000
000003c000002
0000000000000
0000000000000
0000000000000
0000004000000
0000000000000
0000000000000
0000000000000
0000008000000
0000000000000
0000000000000
0000000000000
0000004000000
0000000000000
0000000000000
0000000000000
0000010000001
0000000000000
0000000000000
0000000000000
0000004000000
0000000000000
0000000000000
0000000000000
0000008000000
0000000000000
0000000000000
0000000000000
0000004000000
0000000000000
0000000000000
0000000000000
000001c000000
0000000000000
0000000000000
0000000000000
0000008000000
0000000000000
0000000000000
0000000000000
0000008000000
0000000000000
0000000000000
0000000000000
0000008000000
0000000000000
0000000000000
0000000000000
0000010000001
0000000000000
0000000000000
0000000000000
0000004000000
0000000000000
0000000000000
0000000000000
0000008000000
0000000000000
0000000000000
0000000000000
0000004000000
0000000000000
0000000000000
0000000000000
000006c000006
0000000000000
0000000000000
0000000000000
0000004000000
0000000000000
0000000000000
0000000000000
0000008000000
0000000000000
0000000000000
0000000000000
0000004000000
0000000000000
0000000000000
0000000000000
0000010000001
0000000000000
0000000000000
0000000000000
0000004000000
0000000000000
0000000000000
0000000000000
0000008000000
0000000000000
0000000000000
0000000000000
0000004000000
0000000000000
0000000000000
0000000000000
0000018000002
0000000000000
0000000000000
0000000000000
0000004000000
0000000000000
0000000000000
0000000000000
0000008000001
0000000000000
0000000000000
0000000000000
0000004000000
0000000000000
0000000000000
0000000000000
000000c000000
0000000000000
0000000000000
0000000000000
0000004000000
0000000000000
0000000000000
0000000000000
0000008000000
0000000000000
0000000000000
0000000000000
0000004000000
0000000000000
0000000000000
0000000000000
0000030000004
0000000000000
0000000000000
0000000000000
0000004000000
0000000000000
0000000000000
0000000000000
0000008000000
0000000000000
0000004000000
0000000000000
0000004000000
0000000000000
0000004000000
0000000000000
000000c000002
0000000000000
0000000000000
0000000000000
0000004000000
0000000000000
0000000000000
0000000000000
0000008000000
0000000000000
0000000000000
0000000000000
0000004000000
0000000000000
0000000000000
0000000000000
0000018000002
0000000000000
0000004000000
0000000000000
0000004000000
0000000000000
0000000000000
0000000000000
0000008000000
0000000000000
0000000000000
0000000000000
0000000000000
0000000000000
0000000000000
0000000000000
000000c000002
0000000000000
0000000000000
0000000000000
0000000000000
0000000000000
0000000000000
0000000000000
0000008000000
0000000000000
0000000000000
0000000000000
0000000000000
0000000000000
0000000000000
0000000000000
00000b8000012
0000000000000
0000000000000
0000000000000
0000000000000
0000000000000
0000000000000
0000000000000
0000008000000
0000000000000
0000000000000
0000000000000
0000000000000
0000000000000
0000000000000
0000000000000
000000c000001
0000000000000
0000000000000
0000000000000
0000000000000
0000000000000
0000000000000
0000000000000
0000008000000
0000000000000
0000000000000
0000000000000
0000000000000
0000000000000
0000000000000
0000000000000
0000018000002
0000000000000
0000000000000
0000000000000
0000000000000
0000000000000
0000000000000
0000000000000
0000008000001
0000000000000
0000000000000
0000000000000
0000000000000
0000000000000
0000000000000
0000000000000
000000c000002
0000000000000
0000000000000
0000000000000
0000004000000
0000000000000
0000000000000
0000000000000
0000008000001
0000000000000
0000000000000
0000000000000
0000000000000
0000000000000
0000000000000
0000000000000
0000028000006
0000000000000
0000000000000
0000000000000
0000004000000
0000000000000
0000000000000
0000000000000
0000004000001
0000000000000
0000000000000
0000000000000
0000004000000
0000000000000
0000000000000
0000000000000
0000008000001
0000000000000
0000000000000
0000000000000
0000000000000
0000000000000
0000000000000
0000000000000
0000008000000
0000000000000
0000000000000
0000000000000
0000004000000
0000000000000
0000000000000
0000000000000
0000018000003
0000000000000
0000000000000
0000000000000
0000004000000
0000000000000
0000000000000
0000000000000
0000004000001
0000000000000
0000000000000
0000000000000
0000004000000
0000000000000
0000000000000
0000000000000
0000008000002
0000000000000
0000000000000
0000000000000
0000000000000
0000000000000
0000000000000
0000000000000
0000004000001
0000000000000
0000000000000
0000000000000
0000000000000
0000000000000
0000000000000
0000000000000
000005000000d
0000000000000
0000000000000
0000000000000
0000000000000
0000000000000
0000000000000
0000000000000
0000008000001
0000000000000
0000000000000
0000000000000
0000000000000
0000000000000
0000000000000
0000000000000
0000008000002
0000000000000
0000000000000
0000000000000
0000000000000
0000000000000
0000000000000
0000000000000
0000004000001
0000000000000
0000000000000
0000000000000
0000000000000
0000000000000
0000000000000
0000000000000
0000010000004
0000000000000
0000000000000
0000000000000
0000000000000
0000000000000
0000000000000
0000000000000
0000004000000
0000000000000
0000000000000
0000000000000
0000000000000
0000000000000
0000000000000
0000000000000
0000008000002
0000000000000
0000000000000
0000000000000
0000000000000
0000000000000
0000000000000
0000000000000
0000004000001
0000000000000
0000000000000
0000000000000
0000000000000
0000000000000
0000000000000
0000000000000
0000024000008
0000000000000
0000000000000
0000000000000
0000000000000
0000000000000
0000000000000
0000000000000
0000004000001
0000000000000
0000000000000
0000000000000
0000000000000
0000000000000
0000000000000
0000000000000
0000008000002
0000000000000
0000000000000
0000000000000
0000000000000
0000000000000
0000000000000
0000000000000
0000004000001
0000000000000
0000000000000
0000000000000
0000000000000
0000000000000
0000000000000
0000000000000
0000010000004
0000000000000
0000000000000
0000000000000
0000000000000
0000000000000
0000000000000
0000000000000
0000004000001
0000000000000
0000000000000
0000000000000
0000000000000
0000000000000
0000000000000
0000000000000
0000008000002
0000000000000
0000000000000
0000000000000
0000000000000
0000000000000
0000000000000
0000000000000
0000004000001
0000000000000
0000000000000
0000000000000
0000000000000
0000000000000
0000000000000
0000000000000
0000200000080
0000000000000
0000000000000
0000000000000
0000000000000
0000000000000
0000000000000
0000000000000
0000004000001
0000000000000
0000000000000
0000000000000
0000000000000
0000000000000
0000000000000
0000000000000
0000008000002
0000000000000
0000000000000
0000000000000
0000000000000
0000000000000
0000000000000
0000000000000
0000004000001
0000000000000
0000000000000
0000000000000
0000000000000
0000000000000
0000000000000
0000000000000
0000010000004
0000000000000
0000000000000
0000000000000
0000000000000
0000000000000
0000000000000
0000000000000
0000004000001
0000000000000
0000000000000
0000000000000
0000000000000
0000000000000
0000000000000
0000000000000
0000008000002
0000000000000
0000000000000
0000000000000
0000000000000
0000000000000
0000000000000
0000000000000
0000004000001
0000000000000
0000000000000
0000000000000
0000000000000
0000000000000
0000000000000
0000000000000
0000020000009
0000000000000
0000000000000
0000000000000
0000000000000
0000000000000
0000000000000
0000000000000
0000004000001
0000000000000
0000000000000
0000000000000
0000000000000
0000000000000
0000000000000
0000000000000
0000008000002
0000000000000
0000000000000
0000000000000
0000000000000
0000000000000
0000000000000
0000000000000
0000000000001
0000000000000
0000000000000
0000000000000
0000000000000
0000000000000
0000000000000
0000000000000
0000010000004
0000000000000
0000000000000
0000000000000
0000000000000
0000000000000
0000000000000
0000000000000
0000004000001
0000000000000
0000000000000
0000000000000
0000000000000
0000000000000
0000000000000
0000000000000
0000008000002
0000000000000
0000000000000
0000000000000
0000000000000
0000000000000
0000000000000
0000000000000
0000004000002
0000000000000
0000000000000
0000000000000
0000000000000
0000000000000
0000000000000
0000000000000
0000034000014
0000000000000
0000000000000
0000000000000
0000000000000
0000000000000
0000000000000
0000000000000
0000004000001
0000000000000
0000000000000
0000000000000
0000000000000
0000000000000
0000000000000
0000000000000
0000008000002
0000000000000
0000000000000
0000000000000
0000000000001
0000000000000
0000000000000
0000000000000
0000004000001
0000000000000
0000000000000
0000000000000
0000000000001
0000000000000
0000000000000
0000000000000
000000c000006
0000000000000
0000000000000
0000000000000
0000000000001
0000000000000
0000000000000
0000000000000
0000000000002
0000000000000
0000000000000
0000000000000
0000000000000
0000000000000
0000000000000
0000000000000
0000004000002
0000000000000
0000000000000
0000000000000
0000000000001
0000000000000
0000000000000
0000000000000
0000004000001
0000000000000
0000000000000
0000000000000
0000000000001
0000000000000
0000000000000
0000000000000
000001800000a
0000000000000
0000000000000
0000000000000
0000000000000
0000000000000
0000000000000
0000000000000
0000004000002
0000000000000
0000000000000
0000000000000
0000000000001
0000000000000
0000000000000
0000000000000
0000008000003
0000000000000
0000000000000
0000000000000
0000000000000
0000000000000
0000000000000
0000000000000
0000004000002
0000000000000
0000000000000
0000000000000
0000000000000
0000000000000
0000000000000
0000000000000
0000008000006
0000000000000
0000000000000
0000000000000
0000000000000
0000000000000
0000000000000
0000000000000
0000000000002
0000000000000
0000000000000
0000000000000
0000000000000
0000000000000
0000000000000
0000000000000
0000004000003
0000000000000
0000000000000
0000000000000
0000000000000
0000000000000
0000000000000
0000000000000
0000000000002
0000000000000
0000000000000
0000000000000
0000000000000
0000000000000
0000000000000
0000000000000
000004800002e
0000000000000
0000000000000
0000000000000
0000000000000
0000000000000
0000000000000
0000000000000
0000000000002
0000000000000
0000000000000
0000000000000
0000000000000
0000000000000
0000000000000
0000000000000
0000008000003
0000000000000
0000000000000
0000000000000
0000000000000
0000000000000
0000000000000
0000000000000
0000000000002
0000000000000
0000000000000
0000000000000
0000000000001
0000000000000
0000000000001
0000000000000
0000008000006
0000000000000
0000000000000
0000000000000
0000000000001
0000000000000
0000000000000
0000000000000
0000000000002
0000000000000
0000000000000
0000000000000
0000000000001
0000000000000
0000000000000
0000000000000
0000008000003
0000000000000
0000000000001
0000000000000
0000000000001
0000000000000
0000000000001
0000000000000
0000000000002
0000000000000
0000000000000
0000000000000
0000000000001
0000000000000
0000000000000
0000000000000
000001000000c
0000000000000
0000000000000
0000000000000
0000000000001
0000000000000
0000000000000
0000000000000
0000000000002
0000000000000
0000000000000
0000000000000
0000000000001
0000000000000
0000000000000
0000000000000
0000000000003
0000000000000
0000000000000
0000000000000
0000000000001
0000000000000
0000000000000
0000000000000
0000004000002
0000000000000
0000000000000
0000000000000
0000000000001
0000000000000
0000000000000
0000000000000
0000008000006
0000000000000
0000000000000
0000000000000
0000000000001
0000000000000
0000000000000
0000000000000
0000000000002
0000000000000
0000000000000
0000000000000
0000000000001
0000000000000
0000000000000
0000000000000
0000004000004
0000000000000
0000000000000
0000000000000
0000000000001
0000000000000
0000000000000
0000000000000
0000000000002
0000000000000
0000000000000
0000000000000
0000000000001
0000000000000
0000000000000
0000000000000
000001800001b
0000000000000
0000000000000
0000000000000
0000000000001
0000000000000
0000000000000
0000000000000
0000000000002
0000000000000
0000000000000
0000000000000
0000000000001
0000000000000
0000000000000
0000000000000
0000004000004
0000000000000
0000000000000
0000000000000
0000000000002
0000000000000
0000000000000
0000000000000
0000000000002
0000000000000
0000000000000
0000000000000
0000000000002
0000000000000
0000000000000
0000000000000
0000000000007
0000000000000
0000000000000
0000000000000
0000000000001
0000000000000
0000000000000
0000000000000
0000000000002
0000000000000
0000000000000
0000000000000
0000000000001
0000000000000
0000000000000
0000000000000
0000004000004
0000000000000
0000000000000
0000000000000
0000000000001
0000000000000
0000000000000
0000000000000
0000000000002
0000000000000
0000000000000
0000000000000
0000000000001
0000000000000
0000000000000
0000000000000
000000800000f
0000000000000
0000000000000
0000000000000
0000000000002
0000000000000
0000000000000
0000000000000
0000000000002
0000000000000
0000000000000
0000000000000
0000000000001
0000000000000
0000000000000
0000000000000
0000000000004
0000000000000
0000000000000
0000000000000
0000000000000
0000000000000
0000000000000
0000000000000
0000000000002
0000000000000
0000000000000
0000000000000
0000000000001
0000000000000
0000000000000
0000000000000
0000000000008
0000000000000
0000000000000
0000000000000
0000000000001
0000000000000
0000000000000
0000000000000
0000000000002
0000000000000
0000000000000
0000000000000
0000000000001
0000000000000
0000000000000
0000000000000
0000000000004
0000000000000
0000000000000
0000000000000
0000000000001
0000000000000
0000000000000
0000000000000
0000000000002
0000000000000
0000000000000
0000000000000
0000000000001
0000000000000
0000000000000
0000000000000
0000000000080
0000000000000
0000000000000
0000000000000
0000000000001
0000000000000
0000000000000
0000000000000
0000000000002
0000000000000
0000000000000
0000000000000
0000000000001
0000000000000
0000000000000
0000000000000
0000000000004
0000000000000
0000000000000
0000000000000
0000000000001
0000000000000
0000000000000
0000000000000
0000000000002
0000000000000
0000000000000
0000000000000
0000000000001
0000000000000
0000000000000
0000000000000
0000000000009
0000000000000
0000000000000
0000000000000
0000000000001
0000000000000
0000000000000
0000000000000
0000000000002
0000000000000
0000000000000
0000000000000
0000000000000
0000000000000
0000000000000
0000000000000
0000000000004
0000000000000
0000000000000
0000000000000
0000000000001
0000000000000
0000000000000
0000000000000
0000000000002
0000000000000
0000000000000
0000000000000
0000000000002
0000000000000
0000000000000
0000000000000
ffffff8000012
0000000000000
0000000000000
0000000000000
0000000000001
0000000000000
0000000000000
0000000000000
0000000000002
0000000000000
0000000000000
0000000000000
0000000000001
0000000000000
0000000000000
0000000000000
ffffffc000005
0000000000000
0000000000000
0000000000000
ffffffc000002
0000000000000
0000000000000
0000000000000
0000000000002
0000000000000
0000000000000
0000000000000
0000000000001
0000000000000
0000000000000
0000000000000
ffffffc00000a
0000000000000
0000000000000
0000000000000
0000000000002
0000000000000
0000000000000
0000000000000
0000000000003
0000000000000
0000000000000
0000000000000
0000000000002
0000000000000
0000000000000
0000000000000
ffffff8000005
0000000000000
0000000000000
0000000000000
ffffffc000002
0000000000000
0000000000000
0000000000000
0000000000002
0000000000000
0000000000000
0000000000000
ffffffc000002
0000000000000
0000000000000
0000000000000
fffffdc000028
0000000000000
0000000000000
0000000000000
ffffffc000002
0000000000000
0000000000000
0000000000000
0000000000003
0000000000000
0000000000000
0000000000000
ffffffc000002
0000000000000
0000000000000
0000000000000
ffffff8000005
0000000000000
0000000000000
0000000000000
ffffffc000002
0000000000000
0000000000000
0000000000000
0000000000003
0000000000000
0000000000000
0000000000000
ffffffc000002
0000000000000
0000000000000
0000000000000
ffffff800000a
0000000000000
0000000000000
0000000000000
ffffffc000002
0000000000000
0000000000000
0000000000000
ffffff8000002
0000000000000
0000000000000
0000000000000
0000000000002
0000000000000
0000000000001
0000000000000
ffffffc000006
0000000000000
0000000000001
0000000000000
ffffffc000002
0000000000000
0000000000001
0000000000000
ffffffc000004
0000000000000
0000000000001
0000000000000
ffffffc000002
0000000000000
0000000000001
0000000000000
fffffe8000018
0000000000000
0000000000001
0000000000000
ffffffc000002
0000000000000
0000000000001
0000000000000
ffffffc000004
0000000000000
ffffffc000002
0000000000000
ffffffc000002
0000000000000
ffffffc000002
0000000000000
ffffff4000006
0000000000000
0000000000001
0000000000000
ffffffc000002
0000000000000
0000000000001
0000000000000
ffffffc000004
0000000000000
0000000000001
0000000000000
ffffffc000002
0000000000000
0000000000001
0000000000000
ffffff000000d
0000000000000
ffffffc000002
0000000000000
ffffffc000002
0000000000000
0000000000001
0000000000000
ffffff8000004
0000000000000
0000000000000
0000000000000
0000000000002
0000000000000
0000000000001
0000000000000
ffffff4000006
0000000000000
0000000000001
0000000000000
0000000000002
0000000000000
0000000000001
0000000000000
ffffff8000004
0000000000000
0000000000001
0000000000000
0000000000002
0000000000000
0000000000001
0000000000000
fffff4800006e
0000000000000
0000000000001
0000000000000
0000000000002
0000000000000
0000000000001
0000000000000
ffffff8000004
0000000000000
0000000000001
0000000000000
0000000000002
0000000000000
0000000000001
0000000000000
ffffff4000008
0000000000000
0000000000001
0000000000000
0000000000002
0000000000000
0000000000000
0000000000000
ffffff8000004
0000000000000
0000000000001
0000000000000
0000000000002
0000000000000
0000000000002
0000000000000
fffffe0000010
0000000000000
0000000000001
0000000000000
0000000000002
0000000000000
0000000000001
0000000000000
ffffff8000004
0000000000000
ffffff8000002
0000000000000
0000000000002
0000000000000
0000000000001
0000000000000
ffffff0000008
0000000000000
0000000000002
0000000000000
ffffffc000002
0000000000000
0000000000002
0000000000000
ffffff0000004
0000000000000
ffffff8000002
0000000000000
0000000000002
0000000000000
ffffff8000002
0000000000000
fffffb0000022
0000000000000
ffffff8000002
0000000000000
ffffffc000003
0000000000000
ffffff8000002
0000000000000
ffffff4000004
0000000000000
ffffff8000002
0000000000000
ffffffc000003
0000000000000
ffffff8000002
0000000000000
ffffff0000009
0000000000000
ffffff8000002
0000000000000
ffffff8000002
0000000000000
0000000000002
0000000000001
ffffff8000006
0000000000001
ffffff8000002
0000000000001
ffffff8000004
0000000000001
ffffff8000002
0000000000001
fffffd0000015
0000000000001
ffffff8000002
0000000000001
ffffff8000004
ffffff8000002
ffffff8000002
ffffff8000002
ffffff0000005
0000000000001
ffffff8000002
0000000000001
ffffff8000004
0000000000001
ffffff8000002
0000000000001
fffffe800000c
ffffff8000002
ffffff8000002
0000000000001
ffffff8000004
0000000000000
0000000000002
0000000000001
ffffff0000005
0000000000001
0000000000002
0000000000001
ffffff8000004
0000000000001
0000000000002
0000000000001
ffffef8000061
0000000000001
0000000000002
0000000000001
ffffff8000004
0000000000001
0000000000002
0000000000001
ffffff0000007
0000000000001
0000000000002
0000000000000
ffffff8000004
0000000000001
0000000000002
0000000000002
fffffd800000e
0000000000001
0000000000002
0000000000001
ffffff8000004
ffffff8000002
0000000000002
0000000000001
fffffec000007
0000000000002
ffffff8000002
0000000000002
ffffff0000004
ffffff8000002
0000000000002
ffffff8000002
fffffa000001e
ffffff8000002
ffffff8000003
ffffff8000002
ffffff0000004
ffffff8000002
ffffff8000003
ffffff8000002
fffffec000008
ffffff8000002
ffffff8000002
0000000000002
ffffff8000006
ffffff8000002
ffffff8000004
ffffff8000002
fffffc8000013
ffffff8000002
ffffff8000004
ffffff8000002
ffffff0000004
ffffff8000002
ffffff8000004
ffffff8000002
fffffe400000b
ffffff8000002
ffffff8000004
0000000000002
ffffff0000004
0000000000002
ffffff8000004
0000000000002
ffffed400005a
0000000000002
ffffff8000004
0000000000002
ffffff0000006
0000000000002
ffffff8000004
0000000000002
fffffd400000d
0000000000002
ffffff8000004
0000000000002
fffffe8000006
ffffff8000002
ffffff0000004
0000000000002
fffff9800001c
ffffff8000003
ffffff0000004
ffffff8000003
fffffe8000008
ffffff8000002
ffffff8000006
ffffff8000004
fffffc4000012
ffffff8000004
ffffff0000004
ffffff8000004
fffffe000000a
ffffff8000004
ffffff0000004
ffffff8000004
ffffec4000056
ffffff8000004
ffffff0000006
ffffff8000004
fffffd000000c
ffffff8000004
fffffe8000006
ffffff0000004
fffff9400001b
ffffff0000004
fffffe8000008
ffffff8000006
fffffc0000012
ffffff0000004
fffffe000000a
ffffff0000004
ffffebc000054
ffffff0000006
fffffd000000c
fffffe8000006
fffff9000001a
fffffe8000008
fffffc0000012
fffffe000000a
ffffeb8000053
fffffd000000c
fffff9000001a
fffffc0000012
ffffeb8000052
fffff9000001a
ffffeb8000052
ffffeb8000052
8001602000580
ffffeb8000052
ffffeb8000052
fffff9800001c
ffffeb8000052
fffffb8000010
fffff9800001c
fffffd000000c
ffffeb4000052
fffffd8000008
fffffb8000010
fffffe0000006
fffff9800001c
fffffe8000006
fffffd000000c
fffffe8000004
ffffeb0000051
ffffff0000004
fffffd8000008
ffffff0000004
fffffb8000010
fffffe8000002
fffffe0000006
ffffff0000004
fffff9400001b
ffffff0000004
fffffe8000006
ffffff0000002
fffffd000000c
ffffff0000002
fffffe8000004
ffffff0000002
ffffea800004f
ffffff0000002
ffffff0000004
ffffff0000002
fffffd8000008
ffffff0000002
ffffff0000004
ffffff0000002
fffffb800000f
ffffff0000002
fffffe8000002
ffffff8000002
fffffe0000006
ffffff4000002
ffffff0000004
ffffff4000002
fffff9000001a
ffffff8000000
ffffff0000004
ffffff8000002
fffffe8000006
ffffff8000000
ffffff0000002
ffffff8000000
fffffcc00000b
ffffff8000000
ffffff0000002
ffffff8000000
fffffe8000004
ffffff8000000
ffffff0000002
ffffff8000000
ffffe9800004b
ffffff8000000
ffffff0000002
ffffff8000000
ffffff0000004
ffffff8000000
ffffff0000002
ffffff8000002
fffffd4000007
ffffff8000002
ffffff0000002
ffffff8000002
ffffff0000004
ffffff8000002
ffffff0000002
ffffff8000002
fffffb400000e
ffffff8000002
ffffff0000002
ffffff8000002
fffffe8000002
ffffff8000000
ffffff8000002
ffffff8000002
fffffe0000005
ffffff8000002
ffffff4000002
ffffff8000002
ffffff0000004
ffffff8000002
ffffff4000002
ffffff8000002
fffff88000018
ffffff8000002
ffffff8000000
ffffff8000002
ffffff0000004
ffffff8000000
ffffff8000002
ffffff8000000
fffffe4000005
ffffffc000000
ffffff8000000
ffffff8000002
ffffff0000002
ffffffc000000
ffffff8000000
ffffffc000000
fffffc800000a
ffffff8000000
ffffff8000000
ffffffc000000
ffffff0000002
0000000000000
ffffff8000000
ffffffc000000
fffffe4000004
ffffffc000000
ffffff8000000
ffffffc000000
ffffff0000002
ffffffc000000
ffffff8000000
ffffffc000000
ffffe7c000042
ffffffc000000
ffffff8000000
ffffffc000000
ffffff0000002
ffffffc000000
ffffff8000000
ffffffc000000
fffffec000004
ffffffc000000
ffffff8000000
0000000000000
ffffff0000002
ffffffc000000
ffffff8000002
ffffff8000002
fffffd0000006
ffffffc000000
ffffff8000002
ffffffc000000
ffffff0000002
ffffffc000000
ffffff8000002
ffffffc000000
fffffec000004
ffffff8000002
ffffff8000002
ffffff8000002
ffffff0000002
ffffffc000000
ffffff8000002
ffffffc000000
fffffac00000c
ffffffc000000
ffffff8000002
ffffffc000000
ffffff0000002
ffffffc000000
ffffff8000002
ffffffc000000
fffffe8000002
ffffffc000000
ffffff8000000
0000000000000
ffffff8000002
0000000000000
ffffff8000002
0000000000000
fffffdc000004
0000000000000
ffffff8000002
0000000000000
ffffff4000001
0000000000000
ffffff8000002
0000000000000
ffffff0000003
0000000000000
ffffff8000002
0000000000000
ffffff4000001
0000000000000
ffffff8000002
0000000000000
fffff78000014
0000000000000
ffffff8000002
0000000000000
ffffff8000000
0000000000000
ffffff8000002
0000000000000
ffffff0000004
0000000000000
ffffff8000000
0000000000000
ffffff8000001
0000000000000
ffffff8000000
0000000000000
fffffe0000004
0000000000000
ffffffc000000
0000000000000
ffffff8000000
0000000000000
ffffff8000002
0000000000000
ffffff0000002
0000000000000
ffffffc000000
0000000000000
ffffff8000000
0000000000000
ffffffc000000
0000000000000
fffffc0000008
0000000000000
ffffff8000000
0000000000000
ffffff8000000
0000000000000
ffffffc000000
0000000000000
ffffff0000002
0000000000000
0000000000000
0000000000000
ffffff8000000
0000000000000
ffffffc000000
0000000000000
fffffe0000003
0000000000000
ffffffc000000
0000000000000
ffffff8000000
0000000000000
ffffffc000000
0000000000000
ffffff0000002
0000000000000
ffffffc000000
0000000000000
ffffff8000000
0000000000000
ffffffc000000
0000000000000
ffffe4800002e
0000000000000
ffffffc000000
0000000000000
ffffff8000000
0000000000000
ffffffc000000
0000000000000
ffffff0000002
0000000000000
ffffffc000000
0000000000000
ffffff8000000
0000000000000
ffffffc000000
0000000000000
fffffe8000003
0000000000000
ffffffc000000
0000000000000
ffffff8000000
0000000000000
0000000000000
0000000000000
ffffff0000002
0000000000000
ffffffc000000
0000000000000
ffffff8000001
0000000000000
ffffff8000001
0000000000000
fffffcc000004
0000000000000
ffffffc000000
0000000000000
ffffff8000001
0000000000000
ffffffc000000
0000000000000
ffffff0000001
0000000000000
ffffffc000000
0000000000000
ffffff8000001
0000000000000
ffffffc000000
0000000000000
fffffe8000003
0000000000000
ffffff8000001
0000000000000
ffffff8000001
0000000000000
ffffff8000001
0000000000000
ffffff0000001
0000000000000
ffffffc000000
0000000000000
ffffff8000001
0000000000000
ffffffc000000
0000000000000
fffffa0000006
0000000000000
ffffffc000000
0000000000000
ffffff8000001
0000000000000
ffffffc000000
0000000000000
ffffff0000001
0000000000000
ffffffc000000
0000000000000
ffffff8000001
0000000000000
ffffffc000000
0000000000000
fffffe8000001
0000000000000
ffffffc000000
0000000000000
ffffff8000000
0000000000000
0000000000000
0000000000000
ffffff8000002
0000000000000
0000000000000
0000000000000
ffffff8000001
0000000000000
0000000000000
0000000000000
fffffd8000002
0000000000000
0000000000000
0000000000000
ffffff8000001
0000000000000
0000000000000
0000000000000
ffffff4000000
0000000000000
0000000000000
0000000000000
ffffff8000001
0000000000000
0000000000000
0000000000000
fffffec000002
0000000000000
0000000000000
0000000000000
ffffff8000001
0000000000000
0000000000000
0000000000000
ffffff4000000
0000000000000
0000000000000
0000000000000
ffffff8000001
0000000000000
0000000000000
0000000000000
fffff60000009
0000000000000
0000000000000
0000000000000
ffffff8000001
0000000000000
0000000000000
0000000000000
ffffff8000000
0000000000000
0000000000000
0000000000000
ffffff8000001
0000000000000
0000000000000
0000000000000
fffffec000002
0000000000000
0000000000000
0000000000000
ffffff8000000
0000000000000
0000000000000
0000000000000
ffffff4000000
0000000000000
0000000000000
0000000000000
ffffff8000000
0000000000000
0000000000000
0000000000000
fffffd8000001
0000000000000
0000000000000
0000000000000
ffffffc000000
0000000000000
0000000000000
0000000000000
ffffff8000000
0000000000000
0000000000000
0000000000000
ffffff8000001
0000000000000
0000000000000
0000000000000
fffffec000001
0000000000000
0000000000000
0000000000000
ffffffc000000
0000000000000
0000000000000
0000000000000
ffffff8000000
0000000000000
0000000000000
0000000000000
ffffffc000000
0000000000000
0000000000000
0000000000000
fffffb8000002
0000000000000
0000000000000
0000000000000
ffffff8000000
0000000000000
0000000000000
0000000000000
ffffff8000000
0000000000000
0000000000000
0000000000000
ffffffc000000
0000000000000
0000000000000
0000000000000
ffffff0000000
0000000000000
0000000000000
0000000000000
0000000000000
0000000000000
0000000000000
0000000000000
ffffff8000000
0000000000000
0000000000000
0000000000000
ffffffc000000
0000000000000
0000000000000
0000000000000
fffffdc000000
0000000000000
0000000000000
0000000000000
ffffffc000000
0000000000000
0000000000000
0000000000000
ffffff8000000
0000000000000
0000000000000
0000000000000
ffffffc000000
0000000000000
0000000000000
0000000000000
ffffff0000000
0000000000000
0000000000000
0000000000000
ffffffc000000
0000000000000
0000000000000
0000000000000
ffffff8000000
0000000000000
0000000000000
0000000000000
ffffffc000000
0000000000000
0000000000000
0000000000000
ffffe00000000
0000000000000
0000000000000
0000000000000
ffffffc000000
0000000000000
0000000000000
0000000000000
ffffff8000000
0000000000000
0000000000000
0000000000000
ffffffc000000
0000000000000
0000000000000
0000000000000
ffffff0000000
0000000000000
0000000000000
0000000000000
ffffffc000000
0000000000000
0000000000000
0000000000000
ffffff8000000
0000000000000
0000000000000
0000000000000
ffffffc000000
0000000000000
0000000000000
0000000000000
fffffe0000000
0000000000000
0000000000000
0000000000000
ffffffc000000
0000000000000
0000000000000
0000000000000
ffffff8000000
0000000000000
0000000000000
0000000000000
0000000000000
0000000000000
0000000000000
0000000000000
ffffff0000000
0000000000000
0000000000000
0000000000000
ffffffc000000
0000000000000
0000000000000
0000000000000
ffffff8000000
0000000000000
0000000000000
0000000000000
ffffff8000000
0000000000000
0000000000000
0000000000000
fffffc7fffffe
0000000000000
0000000000000
0000000000000
ffffffc000000
0000000000000
0000000000000
0000000000000
ffffff8000000
0000000000000
0000000000000
0000000000000
ffffffc000000
0000000000000
0000000000000
0000000000000
ffffff3ffffff
0000000000000
0000000000000
0000000000000
ffffffc000000
0000000000000
0000000000000
0000000000000
ffffff8000000
0000000000000
0000000000000
0000000000000
ffffffc000000
0000000000000
0000000000000
0000000000000
fffffe4000000
0000000000000
0000000000000
0000000000000
ffffff8000000
0000000000000
0000000000000
0000000000000
ffffff8000000
0000000000000
0000000000000
0000000000000
ffffff8000000
0000000000000
0000000000000
0000000000000
ffffff3ffffff
0000000000000
0000000000000
0000000000000
ffffffc000000
0000000000000
0000000000000
0000000000000
ffffff8000000
0000000000000
0000000000000
0000000000000
ffffffc000000
0000000000000
0000000000000
0000000000000
fffff97fffffa
0000000000000
0000000000000
0000000000000
ffffffc000000
0000000000000
0000000000000
0000000000000
ffffff8000000
0000000000000
0000000000000
0000000000000
ffffffc000000
0000000000000
0000000000000
0000000000000
ffffff3ffffff
0000000000000
0000000000000
0000000000000
ffffffc000000
0000000000000
0000000000000
0000000000000
ffffff8000000
0000000000000
0000000000000
0000000000000
ffffffc000000
0000000000000
0000000000000
0000000000000
fffffebfffffe
0000000000000
0000000000000
0000000000000
ffffffc000000
0000000000000
0000000000000
0000000000000
ffffffbffffff
0000000000000
0000000000000
0000000000000
ffffffc000000
0000000000000
0000000000000
0000000000000
ffffff4000000
0000000000000
0000000000000
0000000000000
ffffffc000000
0000000000000
0000000000000
0000000000000
ffffff8000000
0000000000000
0000000000000
0000000000000
ffffffc000000
0000000000000
0000000000000
0000000000000
fffffd3fffffc
0000000000000
0000000000000
0000000000000
ffffffc000000
0000000000000
0000000000000
0000000000000
ffffff8000000
0000000000000
ffffffc000000
0000000000000
ffffffc000000
0000000000000
ffffffc000000
0000000000000
ffffff7fffffe
0000000000000
0000000000000
0000000000000
ffffffc000000
0000000000000
0000000000000
0000000000000
ffffff8000000
0000000000000
0000000000000
0000000000000
ffffffc000000
0000000000000
0000000000000
0000000000000
fffffebfffffe
0000000000000
ffffffc000000
0000000000000
ffffffc000000
0000000000000
0000000000000
0000000000000
ffffff8000000
0000000000000
0000000000000
0000000000000
0000000000000
0000000000000
0000000000000
0000000000000
ffffff7fffffe
0000000000000
0000000000000
0000000000000
0000000000000
0000000000000
0000000000000
0000000000000
ffffff8000000
0000000000000
0000000000000
0000000000000
0000000000000
0000000000000
0000000000000
0000000000000
fffff4bffffee
0000000000000
0000000000000
0000000000000
0000000000000
0000000000000
0000000000000
0000000000000
ffffff8000000
0000000000000
0000000000000
0000000000000
0000000000000
0000000000000
0000000000000
0000000000000
ffffff7ffffff
0000000000000
0000000000000
0000000000000
0000000000000
0000000000000
0000000000000
0000000000000
ffffff8000000
0000000000000
0000000000000
0000000000000
0000000000000
0000000000000
0000000000000
0000000000000
fffffebfffffe
0000000000000
0000000000000
0000000000000
0000000000000
0000000000000
0000000000000
0000000000000
ffffffbffffff
0000000000000
0000000000000
0000000000000
0000000000000
0000000000000
0000000000000
0000000000000
ffffff7fffffe
0000000000000
0000000000000
0000000000000
ffffffc000000
0000000000000
0000000000000
0000000000000
ffffffbffffff
0000000000000
0000000000000
0000000000000
0000000000000
0000000000000
0000000000000
0000000000000
fffffdbfffffa
0000000000000
0000000000000
0000000000000
ffffffc000000
0000000000000
0000000000000
0000000000000
fffffffffffff
0000000000000
0000000000000
0000000000000
ffffffc000000
0000000000000
0000000000000
0000000000000
ffffffbffffff
0000000000000
0000000000000
0000000000000
0000000000000
0000000000000
0000000000000
0000000000000
ffffff8000000
0000000000000
0000000000000
0000000000000
ffffffc000000
0000000000000
0000000000000
0000000000000
fffffebfffffd
0000000000000
0000000000000
0000000000000
ffffffc000000
0000000000000
0000000000000
0000000000000
fffffffffffff
0000000000000
0000000000000
0000000000000
ffffffc000000
0000000000000
0000000000000
0000000000000
ffffffbfffffe
0000000000000
0000000000000
0000000000000
0000000000000
0000000000000
0000000000000
0000000000000
fffffffffffff
0000000000000
0000000000000
0000000000000
0000000000000
0000000000000
0000000000000
0000000000000
fffffb3fffff3
0000000000000
0000000000000
0000000000000
0000000000000
0000000000000
0000000000000
0000000000000
ffffffbffffff
0000000000000
0000000000000
0000000000000
0000000000000
0000000000000
0000000000000
0000000000000
ffffffbfffffe
0000000000000
0000000000000
0000000000000
0000000000000
0000000000000
0000000000000
0000000000000
fffffffffffff
0000000000000
0000000000000
0000000000000
0000000000000
0000000000000
0000000000000
0000000000000
ffffff3fffffc
0000000000000
0000000000000
0000000000000
0000000000000
0000000000000
0000000000000
0000000000000
ffffffc000000
0000000000000
0000000000000
0000000000000
0000000000000
0000000000000
0000000000000
0000000000000
ffffffbfffffe
0000000000000
0000000000000
0000000000000
0000000000000
0000000000000
0000000000000
0000000000000
fffffffffffff
0000000000000
0000000000000
0000000000000
0000000000000
0000000000000
0000000000000
0000000000000
fffffdffffff8
0000000000000
0000000000000
0000000000000
0000000000000
0000000000000
0000000000000
0000000000000
fffffffffffff
0000000000000
0000000000000
0000000000000
0000000000000
0000000000000
0000000000000
0000000000000
ffffffbfffffe
0000000000000
0000000000000
0000000000000
0000000000000
0000000000000
0000000000000
0000000000000
fffffffffffff
0000000000000
0000000000000
0000000000000
0000000000000
0000000000000
0000000000000
0000000000000
ffffff3fffffc
0000000000000
0000000000000
0000000000000
0000000000000
0000000000000
0000000000000
0000000000000
fffffffffffff
0000000000000
0000000000000
0000000000000
0000000000000
0000000000000
0000000000000
0000000000000
ffffffbfffffe
0000000000000
0000000000000
0000000000000
0000000000000
0000000000000
0000000000000
0000000000000
fffffffffffff
0000000000000
0000000000000
0000000000000
0000000000000
0000000000000
0000000000000
0000000000000
ffffe03ffff80
0000000000000
0000000000000
0000000000000
0000000000000
0000000000000
0000000000000
0000000000000
fffffffffffff
0000000000000
0000000000000
0000000000000
0000000000000
0000000000000
0000000000000
0000000000000
ffffffbfffffe
0000000000000
0000000000000
0000000000000
0000000000000
0000000000000
0000000000000
0000000000000
fffffffffffff
0000000000000
0000000000000
0000000000000
0000000000000
0000000000000
0000000000000
0000000000000
ffffff3fffffc
0000000000000
0000000000000
0000000000000
0000000000000
0000000000000
0000000000000
0000000000000
fffffffffffff
0000000000000
0000000000000
0000000000000
0000000000000
0000000000000
0000000000000
0000000000000
ffffffbfffffe
0000000000000
0000000000000
0000000000000
0000000000000
0000000000000
0000000000000
0000000000000
fffffffffffff
0000000000000
0000000000000
0000000000000
0000000000000
0000000000000
0000000000000
0000000000000
fffffe3fffff7
0000000000000
0000000000000
0000000000000
0000000000000
0000000000000
0000000000000
0000000000000
fffffffffffff
0000000000000
0000000000000
0000000000000
0000000000000
0000000000000
0000000000000
0000000000000
ffffffbfffffe
0000000000000
0000000000000
0000000000000
0000000000000
0000000000000
0000000000000
0000000000000
0000003ffffff
0000000000000
0000000000000
0000000000000
0000000000000
0000000000000
0000000000000
0000000000000
ffffff3fffffc
0000000000000
0000000000000
0000000000000
0000000000000
0000000000000
0000000000000
0000000000000
fffffffffffff
0000000000000
0000000000000
0000000000000
0000000000000
0000000000000
0000000000000
0000000000000
ffffffbfffffe
0000000000000
0000000000000
0000000000000
0000000000000
0000000000000
0000000000000
0000000000000
ffffffffffffe
0000000000000
0000000000000
0000000000000
0000000000000
0000000000000
0000000000000
0000000000000
fffffcfffffec
0000000000000
0000000000000
0000000000000
0000000000000
0000000000000
0000000000000
0000000000000
fffffffffffff
0000000000000
0000000000000
0000000000000
0000000000000
0000000000000
0000000000000
0000000000000
ffffffbfffffe
0000000000000
0000000000000
0000000000000
0000003ffffff
0000000000000
0000000000000
0000000000000
fffffffffffff
0000000000000
0000000000000
0000000000000
0000003ffffff
0000000000000
0000000000000
0000000000000
ffffff7fffffa
0000000000000
0000000000000
0000000000000
0000003ffffff
0000000000000
0000000000000
0000000000000
0000003fffffe
0000000000000
0000000000000
0000000000000
0000000000000
0000000000000
0000000000000
0000000000000
ffffffffffffe
0000000000000
0000000000000
0000000000000
0000003ffffff
0000000000000
0000000000000
0000000000000
fffffffffffff
0000000000000
0000000000000
0000000000000
0000003ffffff
0000000000000
0000000000000
0000000000000
fffffebfffff6
0000000000000
0000000000000
0000000000000
0000000000000
0000000000000
0000000000000
0000000000000
ffffffffffffe
0000000000000
0000000000000
0000000000000
0000003ffffff
0000000000000
0000000000000
0000000000000
ffffffbfffffd
0000000000000
0000000000000
0000000000000
0000000000000
0000000000000
0000000000000
0000000000000
ffffffffffffe
0000000000000
0000000000000
0000000000000
0000000000000
0000000000000
0000000000000
0000000000000
ffffffbfffffa
0000000000000
0000000000000
0000000000000
0000000000000
0000000000000
0000000000000
0000000000000
0000003fffffe
0000000000000
0000000000000
0000000000000
0000000000000
0000000000000
0000000000000
0000000000000
ffffffffffffd
0000000000000
0000000000000
0000000000000
0000000000000
0000000000000
0000000000000
0000000000000
0000003fffffe
0000000000000
0000000000000
0000000000000
0000000000000
0000000000000
0000000000000
0000000000000
fffffbbffffd2
0000000000000
0000000000000
0000000000000
0000000000000
0000000000000
0000000000000
0000000000000
0000003fffffe
0000000000000
0000000000000
0000000000000
0000000000000
0000000000000
0000000000000
0000000000000
ffffffbfffffd
0000000000000
0000000000000
0000000000000
0000000000000
0000000000000
0000000000000
0000000000000
0000003fffffe
0000000000000
0000000000000
0000000000000
0000003ffffff
0000000000000
0000003ffffff
0000000000000
ffffffbfffffa
0000000000000
0000000000000
0000000000000
0000003ffffff
0000000000000
0000000000000
0000000000000
0000003fffffe
0000000000000
0000000000000
0000000000000
0000003ffffff
0000000000000
0000000000000
0000000000000
ffffffbfffffd
0000000000000
0000003ffffff
0000000000000
0000003ffffff
0000000000000
0000003ffffff
0000000000000
0000003fffffe
0000000000000
0000000000000
0000000000000
0000003ffffff
0000000000000
0000000000000
0000000000000
ffffff3fffff4
0000000000000
0000000000000
0000000000000
0000003ffffff
0000000000000
0000000000000
0000000000000
0000003fffffe
0000000000000
0000000000000
0000000000000
0000003ffffff
0000000000000
0000000000000
0000000000000
0000003fffffd
0000000000000
0000000000000
0000000000000
0000003ffffff
0000000000000
0000000000000
0000000000000
ffffffffffffe
0000000000000
0000000000000
0000000000000
0000003ffffff
0000000000000
0000000000000
0000000000000
ffffffbfffffa
0000000000000
0000000000000
0000000000000
0000003ffffff
0000000000000
0000000000000
0000000000000
0000003fffffe
0000000000000
0000000000000
0000000000000
0000003ffffff
0000000000000
0000000000000
0000000000000
ffffffffffffc
0000000000000
0000000000000
0000000000000
0000003ffffff
0000000000000
0000000000000
0000000000000
0000003fffffe
0000000000000
0000000000000
0000000000000
0000003ffffff
0000000000000
0000000000000
0000000000000
fffffebffffe5
0000000000000
0000000000000
0000000000000
0000003ffffff
0000000000000
0000000000000
0000000000000
0000003fffffe
0000000000000
0000000000000
0000000000000
0000003ffffff
0000000000000
0000000000000
0000000000000
ffffffffffffc
0000000000000
0000000000000
0000000000000
0000003fffffe
0000000000000
0000000000000
0000000000000
0000003fffffe
0000000000000
0000000000000
0000000000000
0000003fffffe
0000000000000
0000000000000
0000000000000
0000003fffff9
0000000000000
0000000000000
0000000000000
0000003ffffff
0000000000000
0000000000000
0000000000000
0000003fffffe
0000000000000
0000000000000
0000000000000
0000003ffffff
0000000000000
0000000000000
0000000000000
ffffffffffffc
0000000000000
0000000000000
0000000000000
0000003ffffff
0000000000000
0000000000000
0000000000000
0000003fffffe
0000000000000
0000000000000
0000000000000
0000003ffffff
0000000000000
0000000000000
0000000000000
ffffffbfffff1
0000000000000
0000000000000
0000000000000
0000003fffffe
0000000000000
0000000000000
0000000000000
0000003fffffe
0000000000000
0000000000000
0000000000000
0000003ffffff
0000000000000
0000000000000
0000000000000
0000003fffffc
0000000000000
0000000000000
0000000000000
0000000000000
0000000000000
0000000000000
0000000000000
0000003fffffe
0000000000000
0000000000000
0000000000000
0000003ffffff
0000000000000
0000000000000
0000000000000
0000003fffff8
0000000000000
0000000000000
0000000000000
0000003ffffff
0000000000000
0000000000000
0000000000000
0000003fffffe
0000000000000
0000000000000
0000000000000
0000003ffffff
0000000000000
0000000000000
0000000000000
0000003fffffc
0000000000000
0000000000000
0000000000000
0000003ffffff
0000000000000
0000000000000
0000000000000
0000003fffffe
0000000000000
0000000000000
0000000000000
0000003ffffff
0000000000000
0000000000000
0000000000000
0000003ffff80
0000000000000
0000000000000
0000000000000
0000003ffffff
0000000000000
0000000000000
0000000000000
0000003fffffe
0000000000000
0000000000000
0000000000000
0000003ffffff
0000000000000
0000000000000
0000000000000
0000003fffffc
0000000000000
0000000000000
0000000000000
0000003ffffff
0000000000000
0000000000000
0000000000000
0000003fffffe
0000000000000
0000000000000
0000000000000
0000003ffffff
0000000000000
0000000000000
0000000000000
0000003fffff7
0000000000000
0000000000000
0000000000000
0000003ffffff
0000000000000
0000000000000
0000000000000
0000003fffffe
0000000000000
0000000000000
0000000000000
0000000000000
0000000000000
0000000000000
0000000000000
0000003fffffc
0000000000000
0000000000000
0000000000000
0000003ffffff
0000000000000
0000000000000
0000000000000
0000003fffffe
0000000000000
0000000000000
0000000000000
0000003fffffe
0000000000000
0000000000000
0000000000000
000000bffffee
0000000000000
0000000000000
0000000000000
0000003ffffff
0000000000000
0000000000000
0000000000000
0000003fffffe
0000000000000
0000000000000
0000000000000
0000003ffffff
0000000000000
0000000000000
0000000000000
0000007fffffb
0000000000000
0000000000000
0000000000000
0000007fffffe
0000000000000
0000000000000
0000000000000
0000003fffffe
0000000000000
0000000000000
0000000000000
0000003ffffff
0000000000000
0000000000000
0000000000000
0000007fffff6
0000000000000
0000000000000
0000000000000
0000003fffffe
0000000000000
0000000000000
0000000000000
0000003fffffd
0000000000000
0000000000000
0000000000000
0000003fffffe
0000000000000
0000000000000
0000000000000
000000bfffffb
0000000000000
0000000000000
0000000000000
0000007fffffe
0000000000000
0000000000000
0000000000000
0000003fffffe
0000000000000
0000000000000
0000000000000
0000007fffffe
0000000000000
0000000000000
0000000000000
0000027ffffd8
0000000000000
0000000000000
0000000000000
0000007fffffe
0000000000000
0000000000000
0000000000000
0000003fffffd
0000000000000
0000000000000
0000000000000
0000007fffffe
0000000000000
0000000000000
0000000000000
000000bfffffb
0000000000000
0000000000000
0000000000000
0000007fffffe
0000000000000
0000000000000
0000000000000
0000003fffffd
0000000000000
0000000000000
0000000000000
0000007fffffe
0000000000000
0000000000000
0000000000000
000000bfffff6
0000000000000
0000000000000
0000000000000
0000007fffffe
0000000000000
0000000000000
0000000000000
000000bfffffe
0000000000000
0000000000000
0000000000000
0000003fffffe
0000000000000
0000003ffffff
0000000000000
0000007fffffa
0000000000000
0000003ffffff
0000000000000
0000007fffffe
0000000000000
0000003ffffff
0000000000000
0000007fffffc
0000000000000
0000003ffffff
0000000000000
0000007fffffe
0000000000000
0000003ffffff
0000000000000
000001bffffe8
0000000000000
0000003ffffff
0000000000000
0000007fffffe
0000000000000
0000003ffffff
0000000000000
0000007fffffc
0000000000000
0000007fffffe
0000000000000
0000007fffffe
0000000000000
0000007fffffe
0000000000000
000000ffffffa
0000000000000
0000003ffffff
0000000000000
0000007fffffe
0000000000000
0000003ffffff
0000000000000
0000007fffffc
0000000000000
0000003ffffff
0000000000000
0000007fffffe
0000000000000
0000003ffffff
0000000000000
0000013fffff3
0000000000000
0000007fffffe
0000000000000
0000007fffffe
0000000000000
0000003ffffff
0000000000000
000000bfffffc
0000000000000
0000000000000
0000000000000
0000003fffffe
0000000000000
0000003ffffff
0000000000000
000000ffffffa
0000000000000
0000003ffffff
0000000000000
0000003fffffe
0000000000000
0000003ffffff
0000000000000
000000bfffffc
0000000000000
0000003ffffff
0000000000000
0000003fffffe
0000000000000
0000003ffffff
0000000000000
00000bbffff92
0000000000000
0000003ffffff
0000000000000
0000003fffffe
0000000000000
0000003ffffff
0000000000000
000000bfffffc
0000000000000
0000003ffffff
0000000000000
0000003fffffe
0000000000000
0000003ffffff
0000000000000
000000ffffff8
0000000000000
0000003ffffff
0000000000000
0000003fffffe
0000000000000
0000000000000
0000000000000
000000bfffffc
0000000000000
0000003ffffff
0000000000000
0000003fffffe
0000000000000
0000003fffffe
0000000000000
0000023fffff0
0000000000000
0000003ffffff
0000000000000
0000003fffffe
0000000000000
0000003ffffff
0000000000000
000000bfffffc
0000000000000
000000bfffffe
0000000000000
0000003fffffe
0000000000000
0000003ffffff
0000000000000
0000013fffff8
0000000000000
0000003fffffe
0000000000000
0000007fffffe
0000000000000
0000003fffffe
0000000000000
0000013fffffc
0000000000000
000000bfffffe
0000000000000
0000003fffffe
0000000000000
000000bfffffe
0000000000000
0000053ffffde
0000000000000
000000bfffffe
0000000000000
0000007fffffd
0000000000000
000000bfffffe
0000000000000
000000ffffffc
0000000000000
000000bfffffe
0000000000000
0000007fffffd
0000000000000
000000bfffffe
0000000000000
0000013fffff7
0000000000000
000000bfffffe
0000000000000
000000bfffffe
0000000000000
0000003fffffe
0000003ffffff
000000bfffffa
0000003ffffff
000000bfffffe
0000003ffffff
000000bfffffc
0000003ffffff
000000bfffffe
0000003ffffff
0000033ffffeb
0000003ffffff
000000bfffffe
0000003ffffff
000000bfffffc
000000bfffffe
000000bfffffe
000000bfffffe
0000013fffffb
0000003ffffff
000000bfffffe
0000003ffffff
000000bfffffc
0000003ffffff
000000bfffffe
0000003ffffff
000001bfffff4
000000bfffffe
000000bfffffe
0000003ffffff
000000bfffffc
0000000000000
0000003fffffe
0000003ffffff
0000013fffffb
0000003ffffff
0000003fffffe
0000003ffffff
000000bfffffc
0000003ffffff
0000003fffffe
0000003ffffff
000010bffff9f
0000003ffffff
0000003fffffe
0000003ffffff
000000bfffffc
0000003ffffff
0000003fffffe
0000003ffffff
0000013fffff9
0000003ffffff
0000003fffffe
0000000000000
000000bfffffc
0000003ffffff
0000003fffffe
0000003fffffe
000002bfffff2
0000003ffffff
0000003fffffe
0000003ffffff
000000bfffffc
000000bfffffe
0000003fffffe
0000003ffffff
0000017fffff9
0000003fffffe
000000bfffffe
0000003fffffe
0000013fffffc
000000bfffffe
0000003fffffe
000000bfffffe
0000063ffffe2
000000bfffffe
000000bfffffd
000000bfffffe
0000013fffffc
000000bfffffe
000000bfffffd
000000bfffffe
0000017fffff8
000000bfffffe
000000bfffffe
0000003fffffe
000000bfffffa
000000bfffffe
000000bfffffc
000000bfffffe
000003bffffed
000000bfffffe
000000bfffffc
000000bfffffe
0000013fffffc
000000bfffffe
000000bfffffc
000000bfffffe
000001ffffff5
000000bfffffe
000000bfffffc
0000003fffffe
0000013fffffc
0000003fffffe
000000bfffffc
0000003fffffe
000012fffffa6
0000003fffffe
000000bfffffc
0000003fffffe
0000013fffffa
0000003fffffe
000000bfffffc
0000003fffffe
000002ffffff3
0000003fffffe
000000bfffffc
0000003fffffe
000001bfffffa
000000bfffffe
0000013fffffc
0000003fffffe
000006bffffe4
000000bfffffd
0000013fffffc
000000bfffffd
000001bfffff8
000000bfffffe
000000bfffffa
000000bfffffc
000003fffffee
000000bfffffc
0000013fffffc
000000bfffffc
0000023fffff6
000000bfffffc
0000013fffffc
000000bfffffc
000013fffffaa
000000bfffffc
0000013fffffa
000000bfffffc
0000033fffff4
000000bfffffc
000001bfffffa
0000013fffffc
000006fffffe5
0000013fffffc
000001bfffff8
000000bfffffa
0000043ffffee
0000013fffffc
0000023fffff6
0000013fffffc
0000147ffffac
0000013fffffa
0000033fffff4
000001bfffffa
0000073ffffe6
000001bfffff8
0000043ffffee
0000023fffff6
000014bffffad
0000033fffff4
0000073ffffe6
0000043ffffee
000014bffffae
0000073ffffe6
000014bffffae
000014bffffae
0000203ffff80
0000000000000
0000000000000
0000000000000
0000000000000
0000000000000
0000000000000
0000000000000
0000007ffffff
0000000000000
0000000000000
0000000000000
0000000000000
0000000000000
0000000000000
0000000000000
000000bfffffe
0000000000000
0000000000000
0000000000000
0000000000000
0000000000000
0000000000000
0000000000000
0000007ffffff
0000000000000
0000000000000
0000000000000
0000000000000
0000000000000
0000000000000
0000000000000
0000013fffffc
0000000000000
0000000000000
0000000000000
0000000000000
0000000000000
0000000000000
0000000000000
0000007ffffff
0000000000000
0000000000000
0000000000000
0000000000000
0000000000000
0000000000000
0000000000000
000000bfffffe
0000000000000
0000000000000
0000000000000
0000000000000
0000000000000
0000000000000
0000000000000
0000007ffffff
0000000000000
0000000000000
0000000000000
0000000000000
0000000000000
0000000000000
0000000000000
0000027fffff8
0000000000000
0000000000000
0000000000000
0000000000000
0000000000000
0000000000000
0000000000000
0000007ffffff
0000000000000
0000000000000
0000000000000
0000000000000
0000000000000
0000000000000
0000000000000
000000bfffffe
0000000000000
0000000000000
0000000000000
0000000000000
0000000000000
0000000000000
0000000000000
0000004000000
0000000000000
0000000000000
0000000000000
0000000000000
0000000000000
0000000000000
0000000000000
0000013fffffc
0000000000000
0000000000000
0000000000000
0000000000000
0000000000000
0000000000000
0000000000000
0000007ffffff
0000000000000
0000000000000
0000000000000
0000000000000
0000000000000
0000000000000
0000000000000
000000bfffffe
0000000000000
0000000000000
0000000000000
0000000000000
0000000000000
0000000000000
0000000000000
000000bffffff
0000000000000
0000000000000
0000000000000
0000000000000
0000000000000
0000000000000
0000000000000
0000053fffff3
0000000000000
0000000000000
0000000000000
0000000000000
0000000000000
0000000000000
0000000000000
0000007ffffff
0000000000000
0000000000000
0000000000000
0000000000000
0000000000000
0000000000000
0000000000000
000000bfffffe
0000000000000
0000000000000
0000000000000
0000004000000
0000000000000
0000000000000
0000000000000
0000007ffffff
0000000000000
0000000000000
0000000000000
0000004000000
0000000000000
0000000000000
0000000000000
000001bfffffd
0000000000000
0000000000000
0000000000000
0000004000000
0000000000000
0000000000000
0000000000000
0000008000000
0000000000000
0000000000000
0000000000000
0000000000000
0000000000000
0000000000000
0000000000000
000000bffffff
0000000000000
0000000000000
0000000000000
0000004000000
0000000000000
0000000000000
0000000000000
0000007ffffff
0000000000000
0000000000000
0000000000000
0000004000000
0000000000000
0000000000000
0000000000000
000002bfffffa
0000000000000
0000000000000
0000000000000
0000000000000
0000000000000
0000000000000
0000000000000
000000bffffff
0000000000000
0000000000000
0000000000000
0000004000000
0000000000000
0000000000000
0000000000000
000000ffffffe
0000000000000
0000000000000
0000000000000
0000000000000
0000000000000
0000000000000
0000000000000
000000bffffff
0000000000000
0000000000000
0000000000000
0000000000000
0000000000000
0000000000000
0000000000000
000001bfffffe
0000000000000
0000000000000
0000000000000
0000000000000
0000000000000
0000000000000
0000000000000
0000008000000
0000000000000
0000000000000
0000000000000
0000000000000
0000000000000
0000000000000
0000000000000
000000fffffff
0000000000000
0000000000000
0000000000000
0000000000000
0000000000000
0000000000000
0000000000000
0000008000000
0000000000000
0000000000000
0000000000000
0000000000000
0000000000000
0000000000000
0000000000000
00000bbffffee
0000000000000
0000000000000
0000000000000
0000000000000
0000000000000
0000000000000
0000000000000
0000008000000
0000000000000
0000000000000
0000000000000
0000000000000
0000000000000
0000000000000
0000000000000
000000ffffffe
0000000000000
0000000000000
0000000000000
0000000000000
0000000000000
0000000000000
0000000000000
0000008000000
0000000000000
0000000000000
0000000000000
0000004000000
0000000000000
0000004000000
0000000000000
000001bfffffe
0000000000000
0000000000000
0000000000000
0000004000000
0000000000000
0000000000000
0000000000000
0000008000000
0000000000000
0000000000000
0000000000000
0000004000000
0000000000000
0000000000000
0000000000000
000000ffffffe
0000000000000
0000004000000
0000000000000
0000004000000
0000000000000
0000004000000
0000000000000
0000008000000
0000000000000
0000000000000
0000000000000
0000004000000
0000000000000
0000000000000
0000000000000
0000033fffffc
0000000000000
0000000000000
0000000000000
0000004000000
0000000000000
0000000000000
0000000000000
0000008000000
0000000000000
0000000000000
0000000000000
0000004000000
0000000000000
0000000000000
0000000000000
000000c000000
0000000000000
0000000000000
0000000000000
0000004000000
0000000000000
0000000000000
0000000000000
000000bffffff
0000000000000
0000000000000
0000000000000
0000004000000
0000000000000
0000000000000
0000000000000
000001bfffffe
0000000000000
0000000000000
0000000000000
0000004000000
0000000000000
0000000000000
0000000000000
0000008000000
0000000000000
0000000000000
0000000000000
0000004000000
0000000000000
0000000000000
0000000000000
0000013ffffff
0000000000000
0000000000000
0000000000000
0000004000000
0000000000000
0000000000000
0000000000000
0000008000000
0000000000000
0000000000000
0000000000000
0000004000000
0000000000000
0000000000000
0000000000000
000006ffffffa
0000000000000
0000000000000
0000000000000
0000004000000
0000000000000
0000000000000
0000000000000
0000008000000
0000000000000
0000000000000
0000000000000
0000004000000
0000000000000
0000000000000
0000000000000
0000013ffffff
0000000000000
0000000000000
0000000000000
0000008000000
0000000000000
0000000000000
0000000000000
0000008000000
0000000000000
0000000000000
0000000000000
0000008000000
0000000000000
0000000000000
0000000000000
000001c000000
0000000000000
0000000000000
0000000000000
0000004000000
0000000000000
0000000000000
0000000000000
0000008000000
0000000000000
0000000000000
0000000000000
0000004000000
0000000000000
0000000000000
0000000000000
0000013ffffff
0000000000000
0000000000000
0000000000000
0000004000000
0000000000000
0000000000000
0000000000000
0000008000000
0000000000000
0000000000000
0000000000000
0000004000000
0000000000000
0000000000000
0000000000000
000003ffffffe
0000000000000
0000000000000
0000000000000
0000008000000
0000000000000
0000000000000
0000000000000
0000008000000
0000000000000
0000000000000
0000000000000
0000004000000
0000000000000
0000000000000
0000000000000
0000010000000
0000000000000
0000000000000
0000000000000
0000000000000
0000000000000
0000000000000
0000000000000
0000008000000
0000000000000
0000000000000
0000000000000
0000004000000
0000000000000
0000000000000
0000000000000
0000020000000
0000000000000
0000000000000
0000000000000
0000004000000
0000000000000
0000000000000
0000000000000
0000008000000
0000000000000
0000000000000
0000000000000
0000004000000
0000000000000
0000000000000
0000000000000
0000010000000
0000000000000
0000000000000
0000000000000
0000004000000
0000000000000
0000000000000
0000000000000
0000008000000
0000000000000
0000000000000
0000000000000
0000004000000
0000000000000
0000000000000
0000000000000
0000200000000
0000000000000
0000000000000
0000000000000
0000004000000
0000000000000
0000000000000
0000000000000
0000008000000
0000000000000
0000000000000
0000000000000
0000004000000
0000000000000
0000000000000
0000000000000
0000010000000
0000000000000
0000000000000
0000000000000
0000004000000
0000000000000
0000000000000
0000000000000
0000008000000
0000000000000
0000000000000
0000000000000
0000004000000
0000000000000
0000000000000
0000000000000
0000024000000
0000000000000
0000000000000
0000000000000
0000004000000
0000000000000
0000000000000
0000000000000
0000008000000
0000000000000
0000000000000
0000000000000
0000000000000
0000000000000
0000000000000
0000000000000
0000010000000
0000000000000
0000000000000
0000000000000
0000004000000
0000000000000
0000000000000
0000000000000
0000008000000
0000000000000
0000000000000
0000000000000
0000008000000
0000000000000
0000000000000
0000000000000
0000048000002
0000000000000
0000000000000
0000000000000
0000004000000
0000000000000
0000000000000
0000000000000
0000008000000
0000000000000
0000000000000
0000000000000
0000004000000
0000000000000
0000000000000
0000000000000
0000014000001
0000000000000
0000000000000
0000000000000
0000008000001
0000000000000
0000000000000
0000000000000
0000008000000
0000000000000
0000000000000
0000000000000
0000004000000
0000000000000
0000000000000
0000000000000
0000028000001
0000000000000
0000000000000
0000000000000
0000008000000
0000000000000
0000000000000
0000000000000
000000c000000
0000000000000
0000000000000
0000000000000
0000008000000
0000000000000
0000000000000
0000000000000
0000014000002
0000000000000
0000000000000
0000000000000
0000008000001
0000000000000
0000000000000
0000000000000
0000008000000
0000000000000
0000000000000
0000000000000
0000008000001
0000000000000
0000000000000
0000000000000
00000a0000009
0000000000000
0000000000000
0000000000000
0000008000001
0000000000000
0000000000000
0000000000000
000000c000000
0000000000000
0000000000000
0000000000000
0000008000001
0000000000000
0000000000000
0000000000000
0000014000002
0000000000000
0000000000000
0000000000000
0000008000001
0000000000000
0000000000000
0000000000000
000000c000000
0000000000000
0000000000000
0000000000000
0000008000001
0000000000000
0000000000000
0000000000000
0000028000002
0000000000000
0000000000000
0000000000000
0000008000001
0000000000000
0000000000000
0000000000000
0000008000002
0000000000000
0000000000000
0000000000000
0000008000000
0000000000000
0000004000000
0000000000000
0000018000001
0000000000000
0000004000000
0000000000000
0000008000001
0000000000000
0000004000000
0000000000000
0000010000001
0000000000000
0000004000000
0000000000000
0000008000001
0000000000000
0000004000000
0000000000000
0000060000006
0000000000000
0000004000000
0000000000000
0000008000001
0000000000000
0000004000000
0000000000000
0000010000001
0000000000000
0000008000001
0000000000000
0000008000001
0000000000000
0000008000001
0000000000000
0000018000003
0000000000000
0000004000000
0000000000000
0000008000001
0000000000000
0000004000000
0000000000000
0000010000001
0000000000000
0000004000000
0000000000000
0000008000001
0000000000000
0000004000000
0000000000000
0000034000004
0000000000000
0000008000001
0000000000000
0000008000001
0000000000000
0000004000000
0000000000000
0000010000002
0000000000000
0000000000000
0000000000000
0000008000000
0000000000000
0000004000000
0000000000000
0000018000003
0000000000000
0000004000000
0000000000000
0000008000000
0000000000000
0000004000000
0000000000000
0000010000002
0000000000000
0000004000000
0000000000000
0000008000000
0000000000000
0000004000000
0000000000000
00001b800002e
0000000000000
0000004000000
0000000000000
0000008000000
0000000000000
0000004000000
0000000000000
0000010000002
0000000000000
0000004000000
0000000000000
0000008000000
0000000000000
0000004000000
0000000000000
0000020000003
0000000000000
0000004000000
0000000000000
0000008000000
0000000000000
0000000000000
0000000000000
0000010000002
0000000000000
0000004000000
0000000000000
0000008000000
0000000000000
0000008000000
0000000000000
0000040000008
0000000000000
0000004000000
0000000000000
0000008000000
0000000000000
0000004000000
0000000000000
0000010000002
0000000000000
0000008000002
0000000000000
0000008000000
0000000000000
0000004000000
0000000000000
0000020000004
0000000000000
0000008000000
0000000000000
0000008000001
0000000000000
0000008000000
0000000000000
0000010000004
0000000000000
0000008000002
0000000000000
0000008000000
0000000000000
0000008000002
0000000000000
0000088000014
0000000000000
0000008000002
0000000000000
000000c000001
0000000000000
0000008000002
0000000000000
0000010000003
0000000000000
0000008000002
0000000000000
000000c000001
0000000000000
0000008000002
0000000000000
0000024000004
0000000000000
0000008000002
0000000000000
0000008000002
0000000000000
0000008000000
0000004000000
0000018000002
0000004000000
0000008000002
0000004000000
0000010000002
0000004000000
0000008000002
0000004000000
000005400000c
0000004000000
0000008000002
0000004000000
0000010000002
0000008000002
0000008000002
0000008000002
0000014000004
0000004000000
0000008000002
0000004000000
0000010000002
0000004000000
0000008000002
0000004000000
0000030000006
0000008000002
0000008000002
0000004000000
0000010000002
0000000000000
0000008000000
0000004000000
0000014000004
0000004000000
0000008000000
0000004000000
0000010000002
0000004000000
0000008000000
0000004000000
0000184000042
0000004000000
0000008000000
0000004000000
0000010000002
0000004000000
0000008000000
0000004000000
000001c000004
0000004000000
0000008000000
0000000000000
0000010000002
0000004000000
0000008000000
0000008000000
000003800000a
0000004000000
0000008000000
0000004000000
0000010000002
0000008000002
0000008000000
0000004000000
000001c000005
0000008000000
0000008000002
0000008000000
0000010000004
0000008000002
0000008000000
0000008000002
0000078000018
0000008000002
000000c000002
0000008000002
0000010000004
0000008000002
000000c000002
0000008000002
0000020000005
0000008000002
0000008000002
0000008000000
0000018000002
0000008000002
0000010000002
0000008000002
000004c00000e
0000008000002
0000010000002
0000008000002
0000010000004
0000008000002
0000010000002
0000008000002
000002c000007
0000008000002
0000010000002
0000008000000
0000010000004
0000008000000
0000010000002
0000008000000
000016800004b
0000008000000
0000010000002
0000008000000
0000018000004
0000008000000
0000010000002
0000008000000
000003400000b
0000008000000
0000010000002
0000008000000
0000018000006
0000008000002
0000010000004
0000008000000
000007000001a
000000c000002
0000010000004
000000c000002
0000020000006
0000008000002
0000018000002
0000010000002
000004800000f
0000010000002
0000010000004
0000010000002
0000028000008
0000010000002
0000010000004
0000010000002
000015800004f
0000010000002
0000018000004
0000010000002
000003000000c
0000010000002
0000018000006
0000010000004
000006c00001b
0000010000004
0000020000006
0000018000002
0000048000010
0000010000004
0000028000008
0000010000004
0000150000051
0000018000004
000003000000c
0000018000006
000006800001c
0000020000006
0000048000010
0000028000008
000014c000052
000003000000c
000006800001c
0000048000010
0000148000052
000006800001c
0000148000052
0000148000052
7ffea02000580
ffffebbffffae
ffffebbffffae
fffff93ffffe6
ffffebbffffae
fffffc3ffffee
fffff93ffffe6
fffffd3fffff4
ffffebbffffad
fffffe3fffff6
fffffc3ffffee
fffffebfffff8
fffff93ffffe6
fffffebfffffa
fffffd3fffff4
ffffff3fffffa
ffffebfffffac
ffffff3fffffc
fffffe3fffff6
ffffff3fffffc
fffffc3ffffee
ffffffbfffffa
fffffebfffff8
ffffff3fffffc
fffff97ffffe5
ffffff3fffffc
fffffebfffffa
ffffffbfffffc
fffffd3fffff4
ffffffbfffffc
ffffff3fffffa
ffffffbfffffc
ffffec7ffffaa
ffffffbfffffc
ffffff3fffffc
ffffffbfffffc
fffffe3fffff6
ffffffbfffffc
ffffff3fffffc
ffffffbfffffc
fffffc7ffffee
ffffffbfffffc
ffffffbfffffa
ffffffbfffffe
fffffebfffff8
ffffffbfffffd
ffffff3fffffc
ffffffbfffffd
fffff9bffffe4
0000003fffffe
ffffff3fffffc
ffffffbfffffe
fffffebfffffa
0000003fffffe
ffffffbfffffc
0000003fffffe
fffffd7fffff3
0000003fffffe
ffffffbfffffc
0000003fffffe
ffffff3fffffa
0000003fffffe
ffffffbfffffc
0000003fffffe
ffffed7ffffa6
0000003fffffe
ffffffbfffffc
0000003fffffe
ffffff3fffffc
0000003fffffe
ffffffbfffffc
ffffffbfffffe
fffffe7fffff5
ffffffbfffffe
ffffffbfffffc
ffffffbfffffe
ffffff3fffffc
ffffffbfffffe
ffffffbfffffc
ffffffbfffffe
fffffcbffffed
ffffffbfffffe
ffffffbfffffc
ffffffbfffffe
ffffffbfffffa
0000003fffffe
ffffffbfffffe
ffffffbfffffe
fffffeffffff8
ffffffbfffffe
ffffffbfffffd
ffffffbfffffe
ffffff3fffffc
ffffffbfffffe
ffffffbfffffd
ffffffbfffffe
fffffa3ffffe2
ffffffbfffffe
0000003fffffe
ffffffbfffffe
ffffff3fffffc
0000003fffffe
ffffffbfffffe
0000003fffffe
fffffeffffff9
0000003ffffff
0000003fffffe
ffffffbfffffe
ffffffbfffffc
0000003ffffff
0000003fffffe
0000003ffffff
fffffdbfffff2
0000003fffffe
0000003fffffe
0000003ffffff
ffffffbfffffc
0000000000000
0000003fffffe
0000003ffffff
ffffff3fffff9
0000003ffffff
0000003fffffe
0000003ffffff
ffffffbfffffc
0000003ffffff
0000003fffffe
0000003ffffff
ffffefbffff9f
0000003ffffff
0000003fffffe
0000003ffffff
ffffffbfffffc
0000003ffffff
0000003fffffe
0000003ffffff
ffffff3fffffb
0000003ffffff
0000003fffffe
0000000000000
ffffffbfffffc
0000003ffffff
ffffffbfffffe
ffffffbfffffe
fffffebfffff4
0000003ffffff
ffffffbfffffe
0000003ffffff
ffffffbfffffc
0000003ffffff
ffffffbfffffe
0000003ffffff
ffffff3fffffb
ffffffbfffffe
ffffffbfffffe
ffffffbfffffe
ffffffbfffffc
0000003ffffff
ffffffbfffffe
0000003ffffff
fffffd3ffffeb
0000003ffffff
ffffffbfffffe
0000003ffffff
ffffffbfffffc
0000003ffffff
ffffffbfffffe
0000003ffffff
ffffffbfffffa
0000003ffffff
0000003fffffe
0000000000000
ffffffbfffffe
0000000000000
ffffffbfffffe
0000000000000
ffffff3fffff7
0000000000000
ffffffbfffffe
0000000000000
ffffffffffffd
0000000000000
ffffffbfffffe
0000000000000
ffffff7fffffc
0000000000000
ffffffbfffffe
0000000000000
ffffffffffffd
0000000000000
ffffffbfffffe
0000000000000
fffffb3ffffde
0000000000000
ffffffbfffffe
0000000000000
0000003fffffe
0000000000000
ffffffbfffffe
0000000000000
ffffff3fffffc
0000000000000
0000003fffffe
0000000000000
ffffffffffffe
0000000000000
0000003fffffe
0000000000000
ffffff3fffff8
0000000000000
0000003ffffff
0000000000000
0000003fffffe
0000000000000
ffffffbfffffe
0000000000000
ffffffbfffffc
0000000000000
0000003ffffff
0000000000000
0000003fffffe
0000000000000
0000003ffffff
0000000000000
fffffe3fffff0
0000000000000
0000003fffffe
0000000000000
0000003fffffe
0000000000000
0000003ffffff
0000000000000
ffffffbfffffc
0000000000000
0000000000000
0000000000000
0000003fffffe
0000000000000
0000003ffffff
0000000000000
ffffff7fffff8
0000000000000
0000003ffffff
0000000000000
0000003fffffe
0000000000000
0000003ffffff
0000000000000
ffffffbfffffc
0000000000000
0000003ffffff
0000000000000
0000003fffffe
0000000000000
0000003ffffff
0000000000000
fffff4bffff92
0000000000000
0000003ffffff
0000000000000
0000003fffffe
0000000000000
0000003ffffff
0000000000000
ffffffbfffffc
0000000000000
0000003ffffff
0000000000000
0000003fffffe
0000000000000
0000003ffffff
0000000000000
ffffff7fffffa
0000000000000
0000003ffffff
0000000000000
0000003fffffe
0000000000000
0000000000000
0000000000000
ffffffbfffffc
0000000000000
0000003ffffff
0000000000000
ffffffffffffe
0000000000000
ffffffffffffe
0000000000000
ffffff3fffff3
0000000000000
0000003ffffff
0000000000000
ffffffffffffe
0000000000000
0000003ffffff
0000000000000
ffffffffffffc
0000000000000
0000003ffffff
0000000000000
ffffffffffffe
0000000000000
0000003ffffff
0000000000000
ffffff7fffffa
0000000000000
ffffffffffffe
0000000000000
ffffffffffffe
0000000000000
ffffffffffffe
0000000000000
ffffffffffffc
0000000000000
0000003ffffff
0000000000000
ffffffffffffe
0000000000000
0000003ffffff
0000000000000
fffffebffffe8
0000000000000
0000003ffffff
0000000000000
ffffffffffffe
0000000000000
0000003ffffff
0000000000000
ffffffffffffc
0000000000000
0000003ffffff
0000000000000
ffffffffffffe
0000000000000
0000003ffffff
0000000000000
ffffffffffffa
0000000000000
0000003ffffff
0000000000000
0000003fffffe
0000000000000
0000000000000
0000000000000
ffffffbfffffe
0000000000000
0000000000000
0000000000000
ffffffffffffe
0000000000000
0000000000000
0000000000000
ffffffbfffff6
0000000000000
0000000000000
0000000000000
ffffffffffffe
0000000000000
0000000000000
0000000000000
0000003fffffd
0000000000000
0000000000000
0000000000000
ffffffffffffe
0000000000000
0000000000000
0000000000000
ffffffbfffffb
0000000000000
0000000000000
0000000000000
ffffffffffffe
0000000000000
0000000000000
0000000000000
0000003fffffd
0000000000000
0000000000000
0000000000000
ffffffffffffe
0000000000000
0000000000000
0000000000000
fffffdfffffd8
0000000000000
0000000000000
0000000000000
ffffffffffffe
0000000000000
0000000000000
0000000000000
0000003fffffe
0000000000000
0000000000000
0000000000000
ffffffffffffe
0000000000000
0000000000000
0000000000000
ffffffbfffffb
0000000000000
0000000000000
0000000000000
0000003fffffe
0000000000000
0000000000000
0000000000000
0000003fffffd
0000000000000
0000000000000
0000000000000
0000003fffffe
0000000000000
0000000000000
0000000000000
ffffffffffff6
0000000000000
0000000000000
0000000000000
0000003ffffff
0000000000000
0000000000000
0000000000000
0000003fffffe
0000000000000
0000000000000
0000000000000
ffffffffffffe
0000000000000
0000000000000
0000000000000
ffffffffffffb
0000000000000
0000000000000
0000000000000
0000003ffffff
0000000000000
0000000000000
0000000000000
0000003fffffe
0000000000000
0000000000000
0000000000000
0000003ffffff
0000000000000
0000000000000
0000000000000
ffffffbffffee
0000000000000
0000000000000
0000000000000
0000003fffffe
0000000000000
0000000000000
0000000000000
0000003fffffe
0000000000000
0000000000000
0000000000000
0000003ffffff
0000000000000
0000000000000
0000000000000
0000003fffffc
0000000000000
0000000000000
0000000000000
0000000000000
0000000000000
0000000000000
0000000000000
0000003fffffe
0000000000000
0000000000000
0000000000000
0000003ffffff
0000000000000
0000000000000
0000000000000
0000003fffff7
0000000000000
0000000000000
0000000000000
0000003ffffff
0000000000000
0000000000000
0000000000000
0000003fffffe
0000000000000
0000000000000
0000000000000
0000003ffffff
0000000000000
0000000000000
0000000000000
0000003fffffc
0000000000000
0000000000000
0000000000000
0000003ffffff
0000000000000
0000000000000
0000000000000
0000003fffffe
0000000000000
0000000000000
0000000000000
0000003ffffff
0000000000000
0000000000000
0000000000000
0000003ffff80
0000000000000
0000000000000
0000000000000
0000003ffffff
0000000000000
0000000000000
0000000000000
0000003fffffe
0000000000000
0000000000000
0000000000000
0000003ffffff
0000000000000
0000000000000
0000000000000
0000003fffffc
0000000000000
0000000000000
0000000000000
0000003ffffff
0000000000000
0000000000000
0000000000000
0000003fffffe
0000000000000
0000000000000
0000000000000
0000003ffffff
0000000000000
0000000000000
0000000000000
0000003fffff8
0000000000000
0000000000000
0000000000000
0000003ffffff
0000000000000
0000000000000
0000000000000
0000003fffffe
0000000000000
0000000000000
0000000000000
0000000000000
0000000000000
0000000000000
0000000000000
0000003fffffc
0000000000000
0000000000000
0000000000000
0000003ffffff
0000000000000
0000000000000
0000000000000
0000003fffffe
0000000000000
0000000000000
0000000000000
0000003fffffe
0000000000000
0000000000000
0000000000000
000000bfffff1
0000000000000
0000000000000
0000000000000
0000003ffffff
0000000000000
0000000000000
0000000000000
0000003fffffe
0000000000000
0000000000000
0000000000000
0000003ffffff
0000000000000
0000000000000
0000000000000
0000007fffffc
0000000000000
0000000000000
0000000000000
0000003ffffff
0000000000000
0000000000000
0000000000000
0000003fffffe
0000000000000
0000000000000
0000000000000
0000003ffffff
0000000000000
0000000000000
0000000000000
0000003fffff9
0000000000000
0000000000000
0000000000000
0000003fffffe
0000000000000
0000000000000
0000000000000
0000003fffffe
0000000000000
0000000000000
0000000000000
0000003fffffe
0000000000000
0000000000000
0000000000000
0000007fffffc
0000000000000
0000000000000
0000000000000
0000003ffffff
0000000000000
0000000000000
0000000000000
0000003fffffe
0000000000000
0000000000000
0000000000000
0000003ffffff
0000000000000
0000000000000
0000000000000
000001bffffe5
0000000000000
0000000000000
0000000000000
0000003ffffff
0000000000000
0000000000000
0000000000000
0000003fffffe
0000000000000
0000000000000
0000000000000
0000003ffffff
0000000000000
0000000000000
0000000000000
0000007fffffc
0000000000000
0000000000000
0000000000000
0000003ffffff
0000000000000
0000000000000
0000000000000
0000003fffffe
0000000000000
0000000000000
0000000000000
0000003ffffff
0000000000000
0000000000000
0000000000000
000000bfffffa
0000000000000
0000000000000
0000000000000
0000003ffffff
0000000000000
0000000000000
0000000000000
0000007fffffe
0000000000000
0000000000000
0000000000000
0000003ffffff
0000000000000
0000000000000
0000000000000
0000003fffffd
0000000000000
0000000000000
0000000000000
0000003ffffff
0000000000000
0000000000000
0000000000000
0000003fffffe
0000000000000
0000000000000
0000000000000
0000003ffffff
0000000000000
0000000000000
0000000000000
0000013fffff4
0000000000000
0000000000000
0000000000000
0000003ffffff
0000000000000
0000000000000
0000000000000
0000003fffffe
0000000000000
0000003ffffff
0000000000000
0000003ffffff
0000000000000
0000003ffffff
0000000000000
000000bfffffd
0000000000000
0000000000000
0000000000000
0000003ffffff
0000000000000
0000000000000
0000000000000
0000003fffffe
0000000000000
0000000000000
0000000000000
0000003ffffff
0000000000000
0000000000000
0000000000000
000000bfffffa
0000000000000
0000003ffffff
0000000000000
0000003ffffff
0000000000000
0000000000000
0000000000000
0000003fffffe
0000000000000
0000000000000
0000000000000
0000000000000
0000000000000
0000000000000
0000000000000
000000bfffffd
0000000000000
0000000000000
0000000000000
0000000000000
0000000000000
0000000000000
0000000000000
0000003fffffe
0000000000000
0000000000000
0000000000000
0000000000000
0000000000000
0000000000000
0000000000000
000004bffffd2
0000000000000
0000000000000
0000000000000
0000000000000
0000000000000
0000000000000
0000000000000
0000003fffffe
0000000000000
0000000000000
0000000000000
0000000000000
0000000000000
0000000000000
0000000000000
0000007fffffd
0000000000000
0000000000000
0000000000000
0000000000000
0000000000000
0000000000000
0000000000000
0000003fffffe
0000000000000
0000000000000
0000000000000
0000000000000
0000000000000
0000000000000
0000000000000
000000bfffffa
0000000000000
0000000000000
0000000000000
0000000000000
0000000000000
0000000000000
0000000000000
0000007fffffe
0000000000000
0000000000000
0000000000000
0000000000000
0000000000000
0000000000000
0000000000000
000000bfffffd
0000000000000
0000000000000
0000000000000
0000003ffffff
0000000000000
0000000000000
0000000000000
0000007fffffe
0000000000000
0000000000000
0000000000000
0000000000000
0000000000000
0000000000000
0000000000000
000001bfffff6
0000000000000
0000000000000
0000000000000
0000003ffffff
0000000000000
0000000000000
0000000000000
0000007ffffff
0000000000000
0000000000000
0000000000000
0000003ffffff
0000000000000
0000000000000
0000000000000
0000007fffffe
0000000000000
0000000000000
0000000000000
0000000000000
0000000000000
0000000000000
0000000000000
0000003fffffe
0000000000000
0000000000000
0000000000000
0000003ffffff
0000000000000
0000000000000
0000000000000
000000ffffffa
0000000000000
0000000000000
0000000000000
0000003ffffff
0000000000000
0000000000000
0000000000000
0000007ffffff
0000000000000
0000000000000
0000000000000
0000003ffffff
0000000000000
0000000000000
0000000000000
000000bfffffe
0000000000000
0000000000000
0000000000000
0000000000000
0000000000000
0000000000000
0000000000000
0000007ffffff
0000000000000
0000000000000
0000000000000
0000000000000
0000000000000
0000000000000
0000000000000
0000037ffffec
0000000000000
0000000000000
0000000000000
0000000000000
0000000000000
0000000000000
0000000000000
0000007fffffe
0000000000000
0000000000000
0000000000000
0000000000000
0000000000000
0000000000000
0000000000000
000000bfffffe
0000000000000
0000000000000
0000000000000
0000000000000
0000000000000
0000000000000
0000000000000
0000007ffffff
0000000000000
0000000000000
0000000000000
0000000000000
0000000000000
0000000000000
0000000000000
0000013fffffc
0000000000000
0000000000000
0000000000000
0000000000000
0000000000000
0000000000000
0000000000000
0000003ffffff
0000000000000
0000000000000
0000000000000
0000000000000
0000000000000
0000000000000
0000000000000
000000bfffffe
0000000000000
0000000000000
0000000000000
0000000000000
0000000000000
0000000000000
0000000000000
0000007ffffff
0000000000000
0000000000000
0000000000000
0000000000000
0000000000000
0000000000000
0000000000000
0000023fffff7
0000000000000
0000000000000
0000000000000
0000000000000
0000000000000
0000000000000
0000000000000
0000007ffffff
0000000000000
0000000000000
0000000000000
0000000000000
0000000000000
0000000000000
0000000000000
000000bfffffe
0000000000000
0000000000000
0000000000000
0000000000000
0000000000000
0000000000000
0000000000000
0000007ffffff
0000000000000
0000000000000
0000000000000
0000000000000
0000000000000
0000000000000
0000000000000
0000013fffffc
0000000000000
0000000000000
0000000000000
0000000000000
0000000000000
0000000000000
0000000000000
0000007ffffff
0000000000000
0000000000000
0000000000000
0000000000000
0000000000000
0000000000000
0000000000000
000000bfffffe
0000000000000
0000000000000
0000000000000
0000000000000
0000000000000
0000000000000
0000000000000
0000007ffffff
0000000000000
0000000000000
0000000000000
0000000000000
0000000000000
0000000000000
0000000000000
0000000000000
0000000000000
0000000000000
0000000000000
0000000000000
0000000000000
0000000000000
0000000000000
0000000000000
0000000000000
0000000000000
0000000000000
0000000000000
0000000000000
0000000000000
0000000000000
0000000000000
0000000000000
0000000000000
0000000000000
0000000000000
0000000000000
0000000000000
0000000000000
0000000000000
0000000000000
0000000000000
0000000000000
0000000000000
0000000000000
0000000000000
0000000000000
0000000000000
0000000000000
0000000000000
0000000000000
0000000000000
0000000000000
0000000000000
0000000000000
0000000000000
0000000000000
0000000000000
0000000000000
0000000000000
0000000000000
0000000000000
0000000000000
0000000000000
0000000000000
0000000000000
0000000000000
0000000000000
0000000000000
0000000000000
0000000000000
0000000000000
0000000000000
0000000000000
0000000000000
0000000000000
0000000000000
0000000000000
0000000000000
0000000000000
0000000000000
0000000000000
0000000000000
0000000000000
0000000000000
0000000000000
0000000000000
0000000000000
0000000000000
0000000000000
0000000000000
0000000000000
0000000000000
0000000000000
0000000000000
0000000000000
0000000000000
0000000000000
0000000000000
0000000000000
0000000000000
0000000000000
0000000000000
0000000000000
0000000000000
0000000000000
0000000000000
0000000000000
0000000000000
0000000000000
0000000000000
0000000000000
0000000000000
0000000000000
0000000000000
0000000000000
0000000000000
0000000000000
0000000000000
0000000000000
0000000000000
0000000000000
0000000000000
0000000000000
0000000000000
0000000000000
0000000000000
0000000000000
0000000000000
0000000000000
0000000000000
0000000000000
0000000000000
0000000000000
0000000000000
0000000000000
0000000000000
0000000000000
0000000000000
0000000000000
0000000000000
0000000000000
0000000000000
0000000000000
0000000000000
0000000000000
0000000000000
0000000000000
0000000000000
0000000000000
0000000000000
0000000000000
0000000000000
0000000000000
0000000000000
0000000000000
0000000000000
0000000000000
0000000000000
0000000000000
0000000000000
0000000000000
0000000000000
0000000000000
0000000000000
0000000000000
0000000000000
0000000000000
0000000000000
0000000000000
0000000000000
0000000000000
0000000000000
0000000000000
0000000000000
0000000000000
0000000000000
0000000000000
0000000000000
0000000000000
0000000000000
0000000000000
0000000000000
0000000000000
0000000000000
0000000000000
0000000000000
0000000000000
0000000000000
0000000000000
0000000000000
0000000000000
0000000000000
0000000000000
0000000000000
0000000000000
0000000000000
0000000000000
0000000000000
0000000000000
0000000000000
0000000000000
0000000000000
0000000000000
0000000000000
0000000000000
0000000000000
0000000000000
0000000000000
0000000000000
0000000000000
0000000000000
0000000000000
0000000000000
0000000000000
0000000000000
0000000000000
0000000000000
0000000000000
0000000000000
0000000000000
0000000000000
0000000000000
0000000000000
0000000000000
0000000000000
0000000000000
0000000000000
0000000000000
0000000000000
0000008000000
ffffff8000000
0000000000000
0000000000000
0000000000000
0000000000000
0000000000000
0000000000000
0000000000000
0000000000000
0000000000000
0000000000000
0000000000000
0000000000000
0000000000000
0000000000000
0000000000000
0000000000000
0000000000000
0000000000000
0000000000000
0000000000000
0000000000000
0000000000000
0000000000000
0000000000000
0000000000000
0000000000000
0000000000000
0000000000000
0000000000000
0000000000000
0000000000000
0000000000000
0000000000000
0000000000000
0000000000000
0000000000000
0000000000000
0000000000000
0000000000000
0000000000000
0000000000000
0000000000000
0000000000000
0000000000000
0000000000000
0000000000000
0000000000000
0000000000000
0000000000000
0000000000000
0000000000000
0000000000000
0000000000000
0000000000000
0000000000000
0000000000000
0000000000000
0000000000000
0000000000000
0000000000000
0000000000000
0000000000000
0000000000000
0000000000000
0000000000000
0000000000000
0000000000000
0000000000000
0000000000000
0000000000000
0000000000000
0000000000000
0000000000000
0000000000000
0000000000000
0000000000000
0000000000000
0000000000000
0000000000000
0000000000000
0000000000000
0000000000000
0000000000000
0000000000000
0000000000000
0000000000000
0000000000000
0000000000000
0000000000000
0000000000000
0000000000000
0000000000000
0000000000000
0000000000000
0000000000000
0000000000000
0000000000000
0000000000000
0000008000000
0000000000000
0000000000000
0000000000000
0000000000000
0000000000000
0000000000000
0000000000000
0000000000000
0000000000000
0000000000000
0000000000000
0000000000000
0000000000000
0000000000000
0000000000000
0000000000000
0000000000000
0000000000000
0000000000000
0000000000000
0000000000000
0000000000000
0000000000000
0000000000000
0000000000000
0000000000000
0000000000000
0000000000000
0000000000000
0000000000000
0000000000000
0000000000000
0000000000000
0000000000000
0000000000000
0000000000000
0000000000000
0000000000000
0000000000000
0000000000000
0000000000000
0000000000000
0000000000000
0000000000000
0000000000000
0000000000000
0000000000000
0000000000000
0000000000000
0000000000000
0000000000000
0000000000000
0000000000000
0000000000000
0000000000000
0000000000000
0000000000000
0000000000000
0000000000000
0000000000000
0000000000000
0000000000000
0000000000000
0000000000000
0000000000000
0000000000000
0000000000000
0000000000000
0000000000000
0000000000000
0000000000000
0000000000000
0000000000000
0000000000000
0000000000000
0000000000000
0000000000000
0000000000000
0000000000000
0000000000000
0000000000000
0000000000000
0000000000000
0000000000000
0000000000000
0000000000000
0000000000000
0000000000000
0000000000000
0000000000000
0000000000000
0000000000000
0000000000000
0000000000000
0000000000000
0000000000000
0000000000000
0000000000000
0000000000000
0000000000000
0000000000000
0000000000000
0000000000000
0000000000000
0000000000000
0000000000000
0000000000000
0000000000000
0000000000000
0000000000000
0000000000000
0000000000000
0000000000000
0000000000000
0000000000000
0000003fffffe
0000000000000
0000000000000
0000000000000
0000000000000
0000000000000
0000000000000
0000000000000
0000000000000
0000000000000
0000000000000
0000000000000
0000000000000
0000000000000
0000000000000
0000000000000
0000000000000
0000000000000
0000000000000
0000000000000
0000000000000
0000000000000
0000000000000
0000000000000
0000000000000
0000000000000
0000000000000
0000000000000
0000000000000
0000000000000
0000000000000
0000000000000
0000000000000
0000000000000
0000000000000
0000000000000
0000000000000
0000000000000
0000000000000
0000000000000
0000000000000
0000000000000
0000000000000
0000000000000
0000000000000
0000000000000
0000000000000
0000000000000
0000000000000
0000000000000
0000000000000
0000000000000
0000000000000
0000000000000
0000000000000
0000000000000
0000000000000
0000000000000
0000000000000
0000000000000
0000000000000
0000000000000
0000000000000
0000000000000
0000000000000
0000000000000
0000000000000
0000000000000
0000000000000
0000000000000
0000000000000
0000000000000
0000000000000
0000000000000
0000000000000
0000000000000
0000000000000
0000000000000
0000000000000
0000000000000
0000000000000
0000000000000
0000000000000
0000000000000
0000000000000
0000000000000
0000000000000
0000000000000
0000000000000
0000000000000
0000000000000
0000000000000
0000000000000
0000000000000
0000000000000
0000000000000
0000000000000
0000000000000
0000000000000
0000000000000
0000000000000
0000000000000
0000000000000
0000000000000
0000000000000
0000000000000
0000000000000
0000000000000
0000000000000
0000000000000
0000000000000
0000000000000
0000000000000
0000000000000
0000000000000
0000000000000
0000000000000
0000000000000
0000000000000
0000000000000
0000000000000
0000000000000
0000000000000
0000000000000
0000000000000
0000000000000
0000000000000
0000000000000
0000000000000
0000000000000
0000000000000
0000000000000
0000000000000
0000000000000
0000000000000
0000000000000
0000000000000
0000000000000
0000000000000
0000000000000
0000000000000
0000000000000
0000000000000
0000000000000
0000000000000
0000000000000
0000000000000
0000000000000
0000000000000
0000000000000
0000000000000
0000000000000
0000000000000
0000000000000
0000000000000
0000000000000
0000000000000
0000000000000
0000000000000
0000000000000
0000000000000
0000000000000
0000000000000
0000000000000
0000000000000
0000000000000
0000000000000
0000000000000
0000000000000
0000000000000
0000000000000
0000000000000
0000000000000
0000000000000
0000000000000
0000000000000
0000000000000
0000000000000
0000000000000
0000000000000
0000000000000
0000000000000
0000000000000
0000000000000
0000000000000
0000000000000
0000000000000
0000000000000
0000000000000
0000000000000
0000000000000
0000000000000
0000000000000
0000000000000
0000000000000
0000000000000
0000000000000
0000000000000
0000000000000
0000000000000
0000000000000
0000000000000
0000000000000
0000000000000
0000000000000
0000000000000
0000000000000
0000000000000
0000000000000
0000000000000
0000000000000
0000000000000
0000000000000
0000000000000
0000000000000
0000000000000
0000000000000
0000000000000
0000000000000
0000000000000
0000000000000
0000000000000
0000000000000
0000000000000
0000000000000
0000000000000
0000000000000
0000000000000
0000000000000
0000000000000
0000000000000
0000000000000
0000000000000
0000000000000
0000000000000
0000000000000
0000000000000
0000000000000
0000000000000
0000000000000
0000000000000
0000000000000
0000000000000
0000000000000
0000000000000
0000000000000
0000000000000
0000000000000
0000000000000
0000000000000
0000000000000
0000000000000
0000000000000
0000000000000
0000000000000
0000000000000
0000000000000
0000000000000
0000000000000
0000000000000
0000000000000
0000000000000
0000000000000
0000000000000
0000000000000
0000000000000
0000000000000
0000000000000
0000000000000
0000000000000
0000000000000
0000000000000
0000000000000
0000000000000
0000000000000
0000000000000
0000000000000
0000000000000
0000000000000
0000000000000
0000000000000
0000000000000
0000000000000
0000000000000
0000000000000
0000000000000
0000000000000
0000000000000
0000000000000
0000000000000
0000000000000
0000000000000
0000000000000
0000000000000
0000000000000
0000000000000
0000000000000
0000000000000
0000000000000
0000000000000
0000000000000
0000000000000
0000000000000
0000000000000
0000000000000
0000000000000
0000000000000
0000000000000
0000000000000
0000000000000
0000000000000
0000000000000
0000000000000
0000000000000
0000000000000
0000000000000
0000000000000
0000000000000
0000000000000
0000000000000
0000000000000
0000000000000
0000000000000
0000000000000
0000000000000
0000000000000
0000000000000
0000000000000
0000000000000
0000000000000
0000000000000
0000000000000
0000000000000
0000000000000
0000000000000
0000000000000
0000000000000
0000000000000
0000000000000
0000000000000
0000000000000
0000000000000
0000000000000
0000000000000
0000000000000
0000000000000
0000000000000
0000000000000
0000000000000
0000000000000
0000000000000
0000000000000
0000000000000
0000000000000
0000000000000
0000000000000
0000000000000
0000000000000
0000000000000
0000000000000
0000000000000
0000000000000
0000000000000
0000000000000
0000000000000
0000000000000
0000000000000
0000000000000
0000000000000
0000000000000
0000000000000
0000000000000
0000000000000
0000000000000
0000000000000
0000000000000
0000000000000
0000000000000
0000000000000
0000000000000
0000000000000
0000000000000
0000000000000
0000000000000
0000000000000
0000000000000
0000000000000
0000000000000
0000000000000
0000000000000
0000000000000
0000000000000
0000000000000
0000000000000
0000000000000
0000000000000
0000000000000
0000000000000
0000000000000
0000000000000
0000000000000
0000000000000
0000000000000
0000000000000
0000000000000
0000000000000
0000000000000
0000000000000
0000000000000
0000000000000
0000000000000
0000000000000
0000000000000
0000000000000
0000000000000
0000000000000
0000000000000
0000000000000
0000000000000
0000000000000
0000000000000
0000000000000
0000000000000
0000000000000
0000000000000
0000000000000
0000000000000
0000000000000
0000000000000
0000000000000
0000000000000
0000000000000
0000000000000
0000000000000
0000000000000
0000000000000
0000000000000
0000000000000
0000000000000
0000000000000
0000000000000
0000000000000
0000000000000
0000000000000
0000000000000
0000000000000
0000000000000
0000000000000
0000000000000
0000000000000
0000000000000
0000000000000
0000000000000
0000000000000
0000000000000
0000000000000
0000000000000
0000000000000
0000000000000
0000000000000
0000000000000
0000000000000
0000000000000
0000000000000
0000000000000
0000000000000
0000000000000
0000000000000
0000000000000
0000000000000
0000000000000
0000000000000
0000000000000
0000000000000
0000000000000
0000000000000
0000000000000
0000000000000
0000000000000
0000000000000
0000000000000
0000000000000
0000000000000
0000000000000
0000000000000
0000000000000
0000000000000
0000000000000
0000000000000
0000000000000
0000000000000
0000000000000
0000000000000
0000000000000
0000000000000
0000000000000
0000000000000
0000000000000
0000000000000
0000000000000
0000000000000
0000000000000
0000000000000
0000000000000
0000000000000
0000000000000
0000000000000
0000000000000
0000000000000
0000000000000
0000000000000
0000000000000
0000000000000
0000000000000
0000000000000
0000000000000
0000000000000
0000000000000
0000000000000
0000000000000
0000000000000
0000000000000
0000000000000
0000000000000
0000000000000
0000000000000
0000000000000
0000000000000
0000000000000
0000000000000
0000000000000
0000000000000
0000000000000
0000000000000
0000000000000
0000000000000
0000000000000
0000000000000
0000000000000
0000000000000
0000000000000
0000000000000
0000000000000
0000000000000
0000000000000
0000000000000
0000000000000
0000000000000
0000000000000
0000000000000
0000000000000
0000000000000
0000000000000
0000000000000
0000000000000
0000000000000
0000000000000
0000000000000
0000000000000
0000000000000
0000000000000
0000000000000
0000000000000
0000000000000
0000000000000
0000000000000
0000000000000
0000000000000
0000000000000
0000000000000
0000000000000
0000000000000
0000000000000
0000000000000
0000000000000
0000000000000
0000000000000
0000000000000
0000000000000
0000000000000
0000000000000
0000000000000
0000000000000
0000000000000
0000000000000
0000000000000
0000000000000
0000000000000
0000000000000
0000000000000
0000000000000
0000000000000
0000000000000
0000000000000
0000000000000
0000000000000
0000000000000
0000000000000
0000000000000
0000000000000
0000000000000
0000000000000
0000000000000
0000000000000
0000000000000
0000000000000
0000000000000
0000000000000
0000000000000
0000000000000
0000000000000
0000000000000
0000000000000
0000000000000
0000000000000
0000000000000
0000000000000
0000000000000
0000000000000
0000000000000
0000000000000
0000000000000
0000000000000
0000000000000
0000000000000
0000000000000
0000000000000
0000000000000
0000000000000
0000000000000
0000000000000
0000000000000
0000000000000
0000000000000
0000000000000
0000000000000
0000000000000
0000000000000
0000000000000
0000000000000
0000000000000
0000000000000
0000000000000
0000000000000
0000000000000
0000000000000
0000000000000
0000000000000
0000000000000
0000000000000
0000000000000
0000000000000
0000000000000
0000000000000
0000000000000
0000000000000
0000000000000
0000000000000
0000000000000
0000000000000
0000000000000
0000000000000
0000000000000
0000000000000
0000000000000
0000000000000
0000000000000
0000000000000
0000000000000
0000000000000
0000000000000
0000000000000
ffffffc000000
0000000000000
0000000000000
0000000000000
0000000000000
0000000000000
0000000000000
0000000000000
0000000000000
0000000000000
0000000000000
0000000000000
0000000000000
0000000000000
0000000000000
0000000000000
0000000000000
0000000000000
0000000000000
0000000000000
0000000000000
0000000000000
0000000000000
0000000000000
0000000000000
0000000000000
0000000000000
0000000000000
0000000000000
0000000000000
0000000000000
0000000000000
0000000000000
0000000000000
0000000000000
0000000000000
0000000000000
0000000000000
0000000000000
0000000000000
0000000000000
0000000000000
0000000000000
0000000000000
0000000000000
0000000000000
0000000000000
0000000000000
0000000000000
0000000000000
0000000000000
0000000000000
0000000000000
0000000000000
0000000000000
0000000000000
0000000000000
0000000000000
0000000000000
0000000000000
0000000000000
0000000000000
0000000000000
0000000000000
0000000000000
0000000000000
0000000000000
0000000000000
0000000000000
0000000000000
0000000000000
0000000000000
0000000000000
0000000000000
0000000000000
0000000000000
0000000000000
0000000000000
0000000000000
0000000000000
0000000000000
0000000000000
0000000000000
0000000000000
0000000000000
0000000000000
0000000000000
0000000000000
0000000000000
0000000000000
0000000000000
0000000000000
0000000000000
0000000000000
0000000000000
0000000000000
0000000000000
0000000000000
0000000000000
0000000000000
0000000000000
0000000000000
0000000000000
0000000000000
0000000000000
0000000000000
0000000000000
0000000000000
0000000000000
0000000000000
0000000000000
0000000000000
0000000000000
0000000000000
0000000000000
0000000000000
0000000000000
0000000000000
0000000000000
0000000000000
0000000000000
0000000000000
0000000000000
0000000000000
0000000000000
0000000000000
0000000000000
0000000000000
0000000000000
0000000000000
0000000000000
0000000000000
0000000000000
0000000000000
0000000000000
0000000000000
0000000000000
0000000000000
0000000000000
0000000000000
0000000000000
0000000000000
0000000000000
0000000000000
0000000000000
0000000000000
0000000000000
0000000000000
0000000000000
0000000000000
0000000000000
0000000000000
0000000000000
0000000000000
0000000000000
0000000000000
0000000000000
0000000000000
0000000000000
0000000000000
0000000000000
0000000000000
0000000000000
0000000000000
0000000000000
0000000000000
0000000000000
0000000000000
0000000000000
0000000000000
0000000000000
0000000000000
0000000000000
0000000000000
0000000000000
0000000000000
0000000000000
0000000000000
0000000000000
0000000000000
0000000000000
0000000000000
0000000000000
0000000000000
0000000000000
0000000000000
0000000000000
0000000000000
0000000000000
0000000000000
0000000000000
0000000000000
0000000000000
0000000000000
0000000000000
0000000000000
0000000000000
0000000000000
0000000000000
0000000000000
0000000000000
0000000000000
0000000000000
0000000000000
0000000000000
0000000000000
0000000000000
0000000000000
0000000000000
0000000000000
0000000000000
0000000000000
0000000000000
0000000000000
0000000000000
0000000000000
0000000000000
0000000000000
0000000000000
0000000000000
0000000000000
0000000000000
0000000000000
0000000000000
0000000000000
0000000000000
0000000000000
0000000000000
0000000000000
0000000000000
0000000000000
0000000000000
0000000000000
0000000000000
0000000000000
0000000000000
0000000000000
0000000000000
0000000000000
0000000000000
0000000000000
0000000000000
0000000000000
0000000000000
0000000000000
0000000000000
0000000000000
0000000000000
0000000000000
0000000000000
0000000000000
0000000000000
0000000000000
0000000000000
0000000000000
0000000000000
0000000000000
0000000000000
0000000000000
0000000000000
0000000000000
0000000000000
0000000000000
0000000000000
0000000000000
0000000000000
0000000000000
0000000000000
0000000000000
0000000000000
0000000000000
0000000000000
0000000000000
0000000000000
0000000000000
0000000000000
0000000000000
0000000000000
0000000000000
0000000000000
0000000000000
0000000000000
0000000000000
0000000000000
0000000000000
0000000000000
0000000000000
0000000000000
0000000000000
0000000000000
0000000000000
0000000000000
0000000000000
0000000000000
0000000000000
0000000000000
0000000000000
0000000000000
ffffffc000000
0000000000000
0000000000000
0000000000000
0000000000000
0000000000000
0000000000000
0000000000000
0000000000000
0000000000000
0000000000000
0000000000000
0000000000000
0000000000000
0000000000000
0000000000000
0000000000000
ffffff8000000
0000000000000
0000000000000
0000000000000
0000000000000
0000000000000
0000000000000
0000000000000
0000000000000
0000000000000
0000000000000
0000000000000
0000000000000
0000000000000
0000000000000
0000000000000
0000000000000
0000000000000
0000000000000
0000000000000
0000000000000
0000000000000
0000000000000
0000000000000
0000000000000
0000000000000
0000000000000
0000000000000
0000000000000
0000000000000
0000000000000
0000000000000
0000000000000
0000000000000
0000000000000
0000000000000
0000000000000
0000000000000
0000000000000
0000000000000
0000000000000
0000000000000
0000000000000
0000000000000
0000000000000
0000000000000
0000000000000
0000000000000
0000000000000
0000000000000
0000000000000
0000000000000
0000000000000
0000000000000
0000000000000
0000000000000
0000000000000
0000000000000
0000000000000
0000000000000
0000000000000
0000000000000
0000000000000
0000000000000
0000000000000
0000000000000
0000000000000
0000000000000
0000000000000
0000000000000
0000000000000
0000000000000
0000000000000
0000000000000
0000000000000
0000000000000
0000000000000
0000000000000
0000000000000
0000000000000
0000000000000
0000000000000
0000000000000
0000000000000
0000000000000
0000000000000
0000000000000
0000000000000
0000000000000
0000000000000
0000000000000
0000000000000
0000000000000
0000000000000
0000000000000
0000000000000
0000000000000
0000000000000
0000000000000
0000000000000
0000000000000
0000000000000
0000000000000
0000000000000
0000000000000
0000000000000
0000000000000
0000000000000
0000000000000
0000000000000
0000000000000
0000000000000
0000000000000
0000000000000
0000000000000
0000000000000
0000000000000
0000000000000
0000000000000
0000000000000
0000000000000
0000000000000
0000000000000
0000000000000
0000000000000
0000000000000
0000000000000
0000000000000
0000000000000
0000000000000
0000000000000
0000000000000
0000000000000
0000000000000
0000000000000
0000000000000
0000000000000
0000000000000
0000000000000
0000000000000
0000000000000
0000000000000
0000000000000
0000000000000
0000000000000
0000000000000
0000000000000
0000000000000
0000000000000
0000000000000
0000000000000
0000000000000
0000000000000
0000000000000
0000000000000
0000000000000
0000000000000
0000000000000
0000000000000
0000000000000
0000000000000
0000000000000
0000000000000
0000000000000
0000000000000
0000000000000
0000000000000
0000000000000
0000000000000
0000000000000
0000000000000
0000000000000
0000000000000
0000000000000
0000000000000
0000000000000
0000000000000
0000000000000
0000000000000
0000000000000
0000000000000
0000000000000
0000000000000
0000000000000
0000000000000
0000000000000
0000000000000
0000000000000
0000000000000
0000000000000
0000000000000
0000000000000
0000000000000
0000000000000
0000000000000
0000000000000
0000000000000
0000000000000
0000000000000
0000000000002
0000000000000
0000000000000
0000000000000
0000000000000
0000000000000
0000000000000
0000000000000
0000000000000
0000000000000
0000000000000
0000000000000
0000000000000
0000000000000
0000000000000
0000000000000
0000000000000
0000000000000
0000000000000
0000000000000
0000000000000
0000000000000
0000000000000
0000000000000
0000000000000
0000000000000
0000000000000
0000000000000
0000000000000
0000000000000
0000000000000
0000000000000
0000000000000
0000000000000
0000000000000
0000000000000
0000000000000
0000000000000
0000000000000
0000000000000
0000000000000
0000000000000
0000000000000
0000000000000
0000000000000
0000000000000
0000000000000
0000000000000
0000000000000
0000000000000
0000000000000
0000000000000
0000000000000
0000000000000
0000000000000
0000000000000
0000000000000
0000000000000
0000000000000
0000000000000
0000000000000
0000000000000
0000000000000
0000000000000
0000000000000
0000000000000
0000000000000
0000000000000
0000000000000
0000000000000
0000000000000
0000000000000
0000000000000
0000000000000
0000000000000
0000000000000
0000000000000
0000000000000
0000000000000
0000000000000
0000000000000
0000000000000
0000000000000
0000000000000
0000000000000
0000000000000
0000000000000
0000000000000
0000000000000
0000000000000
0000000000000
0000000000000
0000000000000
0000000000000
0000000000000
0000000000000
0000000000000
0000000000000
0000000000000
0000000000000
0000000000000
0000000000000
0000000000000
0000000000000
0000000000000
0000000000000
0000000000000
0000000000000
0000000000000
0000000000000
0000000000000
0000000000000
0000000000000
0000000000000
0000000000000
0000000000000
ffffff8000000
0000000000000
0000000000000
0000000000000
0000000000000
0000000000000
0000000000000
0000000000000
0000000000000
0000000000000
0000000000000
0000000000000
0000000000000
0000000000000
0000000000000
0000000000000
0000000000000
0000000000000
0000000000000
0000000000000
0000000000000
0000000000000
0000000000000
0000000000000
0000000000000
0000000000000
0000000000000
0000000000000
0000000000000
0000000000000
0000000000000
0000000000000
0000000000000
0000000000000
0000000000000
0000000000000
0000000000000
0000000000000
0000000000000
0000000000000
0000000000000
0000000000000
0000000000000
0000000000000
0000000000000
0000000000000
0000000000000
0000000000000
0000000000000
0000000000000
0000000000000
0000000000000
0000000000000
0000000000000
0000000000000
0000000000000
0000000000000
0000000000000
0000000000000
0000000000000
0000000000000
0000000000000
0000000000000
0000000000000
0000000000000
0000000000000
0000000000000
0000000000000
0000000000000
0000000000000
0000000000000
0000000000000
0000000000000
0000000000000
0000000000000
0000000000000
0000000000000
0000000000000
0000000000000
0000000000000
0000000000000
0000000000000
0000000000000
0000000000000
0000000000000
0000000000000
0000000000000
0000000000000
0000000000000
0000000000000
0000000000000
0000000000000
0000000000000
0000000000000
0000000000000
0000000000000
0000000000000
0000000000000
0000000000000
ffffff8000000
0000008000000
0000000000000
0000000000000
0000000000000
0000000000000
0000000000000
0000000000000
0000000000000
0000000000000
0000000000000
0000000000000
0000000000000
0000000000000
0000000000000
0000000000000
0000000000000
0000000000000
0000000000000
0000000000000
0000000000000
0000000000000
0000000000000
0000000000000
0000000000000
0000000000000
0000000000000
0000000000000
0000000000000
0000000000000
0000000000000
0000000000000
0000000000000
0000000000000
0000000000000
0000000000000
0000000000000
0000000000000
0000000000000
0000000000000
0000000000000
0000000000000
0000000000000
0000000000000
0000000000000
0000000000000
0000000000000
0000000000000
0000000000000
0000000000000
0000000000000
0000000000000
0000000000000
0000000000000
0000000000000
0000000000000
0000000000000
0000000000000
0000000000000
0000000000000
0000000000000
0000000000000
0000000000000
0000000000000
0000000000000
0000000000000
0000000000000
0000000000000
0000000000000
0000000000000
0000000000000
0000000000000
0000000000000
0000000000000
0000000000000
0000000000000
0000000000000
0000000000000
0000000000000
0000000000000
0000000000000
0000000000000
0000000000000
0000000000000
0000000000000
0000000000000
0000000000000
0000000000000
0000000000000
0000000000000
0000000000000
0000000000000
0000000000000
0000000000000
0000000000000
0000000000000
0000000000000
0000000000000
0000000000000
0000000000000
0000000000000
0000000000000
0000000000000
0000000000000
0000000000000
0000000000000
0000000000000
0000000000000
0000000000000
0000000000000
0000000000000
0000000000000
0000000000000
0000000000000
0000000000000
0000000000000
0000000000000
0000000000000
0000000000000
0000000000000
0000000000000
0000000000000
0000000000000
0000000000000
0000000000000
0000000000000
0000000000000
0000000000000
0000000000000
0000000000000
0000000000000
0000000000000
0000000000000
0000000000000
0000000000000
0000000000000
0000000000000
0000000000000
0000000000000
0000000000000
0000000000000
0000000000000
0000000000000
0000000000000
0000000000000
0000000000000
0000000000000
0000000000000
0000000000000
0000000000000
0000000000000
0000000000000
0000000000000
0000000000000
0000000000000
0000000000000
0000000000000
0000000000000
0000000000000
0000000000000
0000000000000
0000000000000
0000000000000
0000000000000
0000000000000
0000000000000
0000000000000
0000000000000
0000000000000
0000000000000
0000000000000
0000000000000
0000000000000
0000000000000
0000000000000
0000000000000
0000000000000
0000000000000
0000000000000
0000000000000
0000000000000
0000000000000
0000000000000
0000000000000
0000000000000
0000000000000
0000000000000
0000000000000
0000000000000
0000000000000
0000000000000
0000000000000
0000000000000
0000000000000
0000000000000
0000000000000
0000000000000
0000000000000
0000000000000
0000000000000
0000000000000
0000000000000
0000000000000
0000000000000
0000000000000
0000000000000
0000000000000
0000000000000
0000000000000
0000000000000
0000000000000
0000000000000
0000000000000
0000000000000
0000000000000
0000000000000
0000000000080
7fffffc2f338d
0000003ffffae
0000000000000
0000000000000
20981c800fff6
0000003ffffe6
0000000000000
0000000000000
0f70ab8053f3c
0000003fffff0
0000000000000
0000000000000
0c88ef001001c
0000003fffff4
0000000000000
0000000000000
07bdb70037884
0000003fffff8
0000000000000
0000000000000
07c208800fffe
0000003fffffa
0000000000000
0000000000000
058bdf8026f44
0000003fffffa
0000000000000
0000000000000
059db5801000a
0000003fffffb
0000000000000
0000000000000
03e7930023198
0000003fffffb
0000000000000
0000000000000
0466660010001
0000003fffffc
0000000000000
0000000000000
035f8a401d114
0000003fffffc
0000000000000
0000000000000
039dac8010006
0000003fffffc
0000000000000
0000000000000
02ab7d801bb32
0000003fffffc
0000000000000
0000000000000
0311750010002
0000003fffffe
0000000000000
0000000000000
026b494018bac
0000003fffffe
0000000000000
0000000000000
02a9f28010008
0000003fffffe
0000000000000
0000000000000
01f4830018013
0000003fffffe
0000000000000
0000000000000
025a658010000
0000003fffffe
0000000000000
0000000000000
01e1e880164a3
0000003fffffe
0000000000000
0000000000000
021b510010003
0000003fffffe
0000000000000
0000000000000
019a598015d83
0000003fffffe
0000000000000
0000000000000
01e80d000ffff
0000003fffffe
0000000000000
0000000000000
0189c18014b8f
0000003fffffe
0000000000000
0000000000000
01bd908010002
0000003fffffe
0000000000000
0000000000000
014ed50014482
0000003fffffe
0000000000000
0000000000000
0199c70010000
000000bfffffe
0000000000000
0000000000000
014c560013a13
000000bfffffe
0000000000000
0000000000000
017b300010000
0000003ffffff
0000000000000
0000000000000
01236d00134ba
0000003ffffff
0000000000000
0000000000000
0160c2800ffff
0000003ffffff
0000000000000
0000000000000
011f090012d39
0000003ffffff
0000000000000
0000000000000
0149a8c00fffa
0000003ffffff
0000000000000
0000000000000
00f6c1c01249c
0000003ffffff
0000000000000
0000000000000
013556c00fffe
0000003ffffff
0000000000000
0000000000000
00fc37401234e
0000003ffffff
0000000000000
0000000000000
0123448010004
0000003ffffff
0000000000000
0000000000000
00e09dc011dca
0000003ffffff
0000000000000
0000000000000
01131d400ffff
0000003ffffff
0000000000000
0000000000000
00e0950011b72
0000003ffffff
0000000000000
0000000000000
0104950010002
0000004000000
0000000000000
0000000000000
00c53f8011375
0000004000000
0000000000000
0000000000000
00f76f0010000
0000004000000
0000000000000
0000000000000
00ca18001150e
0000004000000
0000000000000
0000000000000
00eb7a8010002
0000000000000
0000000000000
0000000000000
00b5a64010f0d
0000000000000
0000000000000
0000000000000
00e08c400ffff
0000000000000
0000000000000
0000000000000
00b76a8010fc1
0000000000000
0000000000000
0000000000000
00d6860010003
0000000000000
0000000000000
0000000000000
00a11940105ca
0000000000000
0000000000000
0000000000000
00cd4c4010000
0000000000000
0000000000000
0000000000000
00a7a38010b46
0000000000000
0000000000000
0000000000000
00c4c40010002
0000000000000
0000000000000
0000000000000
00979280104bd
0000000000000
0000000000000
0000000000000
00bcda800fffe
0000000000000
0000000000000
0000000000000
009a1e801076b
0000000000000
0000000000000
0000000000000
00b57e8010002
0000000000000
0000000000000
0000000000000
0088f5800fdf4
0000000000000
0000000000000
0000000000000
00aea2400ffff
0000000000000
0000000000000
0000000000000
008e648010415
0000000000000
0000000000000
0000000000000
00a8368010000
0000000000000
0000000000000
0000000000000
00813f000fd12
0000000000000
0000000000000
0000000000000
00a233800fffc
0000000000000
0000000000000
0000000000000
00841e0010128
0000000000000
0000000000000
0000000000000
009c870010000
0000000000000
0000000000000
0000000000000
007462000f500
0000000000000
0000000000000
0000000000000
009736800fff6
0000000000000
0000000000000
0000000000000
007b04000fe92
0000000000000
0000000000000
0000000000000
0092318010004
0000000000000
0000000000000
0000000000000
006ff3000f728
0000000000000
0000000000000
0000000000000
008d710010002
0000000000000
0000000000000
0000000000000
0072e6c00fc49
0000000000000
0000000000000
0000000000000
0088f10010001
0000000000000
0000000000000
0000000000000
006699c00f1b2
0000000000000
0000000000000
0000000000000
0084ad000ffff
0000000000000
0000000000000
0000000000000
006b9bc00fa34
0000000000000
0000000000000
0000000000000
00809e0010001
0000000000000
0000000000000
0000000000000
006216000f265
0000000000000
0000000000000
0000000000000
007cc08010000
0000000000000
0000000000000
0000000000000
006503000f854
0000000000000
0000000000000
0000000000000
0079120010002
0000000000000
0000000000000
0000000000000
0059a1000ec0a
0000000000000
0000000000000
0000000000000
00758ec010000
0000000000000
0000000000000
0000000000000
005f02800f6a2
0000000000000
0000000000000
0000000000000
0072328010000
0000000000000
0000000000000
0000000000000
0056ae400ee7c
0000000000000
0000000000000
0000000000000
006efb000ffff
0000000000000
0000000000000
0000000000000
005984400f510
0000000000000
0000000000000
0000000000000
006be6000ffff
0000000000000
0000000000000
0000000000000
00500c000e9a8
0000000000000
0000000000000
0000000000000
0068f1c010002
0000000000000
0000000000000
0000000000000
005478000f3a0
0000000000000
0000000000000
0000000000000
00661a000ffff
0000000000000
0000000000000
0000000000000
004d17400eb32
0000000000000
0000000000000
0000000000000
00635f8010000
0000000000000
0000000000000
0000000000000
004fcd800f24c
0000000000000
0000000000000
0000000000000
0060bd800fffc
0000000000000
0000000000000
0000000000000
00469a000e4cc
0000000000000
0000000000000
0000000000000
005e368010000
0000000000000
0000000000000
0000000000000
004b7ac00f111
0000000000000
0000000000000
0000000000000
005bc40010003
0000000000000
0000000000000
0000000000000
0044e0c00e860
0000000000000
0000000000000
0000000000000
005968400ffff
0000000000000
0000000000000
0000000000000
004773800efec
0000000000000
0000000000000
0000000000000
0057208010000
0000000000000
0000000000000
0000000000000
003fd7000e3e1
0000000000000
0000000000000
0000000000000
0054ec800ffff
0000000000000
0000000000000
0000000000000
0043b0000eeda
0000000000000
0000000000000
0000000000000
0052ca8010002
0000000000000
0000000000000
0000000000000
003dbb000e5ec
0000000000000
0000000000000
0000000000000
0050b90010000
0000000000000
0000000000000
0000000000000
004028800edda
0000000000000
0000000000000
0000000000000
004eb80010001
0000000000000
0000000000000
0000000000000
0038d2c00e038
0000000000000
0000000000000
0000000000000
004cc68010001
0000000000000
0000000000000
0000000000000
003cd6800ece9
0000000000000
0000000000000
0000000000000
004ae2c010001
0000000000000
0000000000000
0000000000000
00376dc00e3c4
0000000000000
0000000000000
0000000000000
00490d8010000
0000000000000
0000000000000
0000000000000
0039b4800ec04
0000000000000
0000000000000
0000000000000
0047450010000
0000000000000
0000000000000
0000000000000
00336c000df74
0000000000000
0000000000000
0000000000000
0045880010000
0000000000000
0000000000000
0000000000000
0036be000eb2c
0000000000000
0000000000000
0000000000000
0043d78010002
0000000000000
0000000000000
0000000000000
0031ce000e1d7
0000000000000
0000000000000
0000000000000
004233000fffc
0000000000000
0000000000000
0000000000000
0033ee000ea61
0000000000000
0000000000000
0000000000000
00409b8010004
0000000000000
0000000000000
0000000000000
002d89800db63
0000000000000
0000000000000
0000000000000
003f098010001
0000000000000
0000000000000
0000000000000
003143000e9a0
0000000000000
0000000000000
0000000000000
003d7f800fffe
0000000000000
0000000000000
0000000000000
002cba000e017
0000000000000
0000000000000
0000000000000
003c018010000
0000000000000
0000000000000
0000000000000
002eb5000e8e2
0000000000000
0000000000000
0000000000000
003a8b800fffe
0000000000000
0000000000000
0000000000000
00296e800dbe2
0000000000000
0000000000000
0000000000000
00391e0010000
0000000000000
0000000000000
0000000000000
002c45c00e831
0000000000000
0000000000000
0000000000000
0037b90010000
0000000000000
0000000000000
0000000000000
00281b800de82
0000000000000
0000000000000
0000000000000
00365b0010000
0000000000000
0000000000000
0000000000000
0029f0800e789
0000000000000
0000000000000
0000000000000
0035044010000
0000000000000
0000000000000
0000000000000
0024c9000d900
0000000000000
0000000000000
0000000000000
0033b50010000
0000000000000
0000000000000
0000000000000
0027b3000e6e6
0000000000000
0000000000000
0000000000000
00326c0010001
0000000000000
0000000000000
0000000000000
0023dc000dd0c
0000000000000
0000000000000
0000000000000
0031294010000
0000000000000
0000000000000
0000000000000
00258c400e64a
0000000000000
0000000000000
0000000000000
002fec400ffff
0000000000000
0000000000000
0000000000000
002112c00d8e7
0000000000000
0000000000000
0000000000000
002eb5c010000
0000000000000
0000000000000
0000000000000
002379c00e5b2
0000000000000
0000000000000
0000000000000
002d84000ffff
0000000000000
0000000000000
0000000000000
001fec800dbb2
0000000000000
0000000000000
0000000000000
002c580010000
0000000000000
0000000000000
0000000000000
002179000e520
0000000000000
0000000000000
0000000000000
002b30800fffd
0000000000000
0000000000000
0000000000000
001cff000d5ba
0000000000000
0000000000000
0000000000000
002a0f0010000
0000000000000
0000000000000
0000000000000
001f89c00e494
0000000000000
0000000000000
0000000000000
0028f10010000
0000000000000
0000000000000
0000000000000
001c40800da70
0000000000000
0000000000000
0000000000000
0027d7c010000
0000000000000
0000000000000
0000000000000
001da9c00e40b
0000000000000
0000000000000
0000000000000
0026c2c010000
0000000000000
0000000000000
0000000000000
0019d9800d654
0000000000000
0000000000000
0000000000000
0025b24010000
0000000000000
0000000000000
0000000000000
001bd8000e387
0000000000000
0000000000000
0000000000000
0024a58010001
0000000000000
0000000000000
0000000000000
0018cd000d941
0000000000000
0000000000000
0000000000000
00239c000ffff
0000000000000
0000000000000
0000000000000
001a13400e306
0000000000000
0000000000000
0000000000000
002296000ffff
0000000000000
0000000000000
0000000000000
00165b400d3cd
0000000000000
0000000000000
0000000000000
0021948010000
0000000000000
0000000000000
0000000000000
00185a800e28a
0000000000000
0000000000000
0000000000000
0020958010000
0000000000000
0000000000000
0000000000000
001589000d822
0000000000000
0000000000000
0000000000000
001f9a400ffff
0000000000000
0000000000000
0000000000000
0016ad000e20f
0000000000000
0000000000000
0000000000000
001ea10010000
0000000000000
0000000000000
0000000000000
00136e000d40a
0000000000000
0000000000000
0000000000000
001dac0010000
0000000000000
0000000000000
0000000000000
00150a000e198
0000000000000
0000000000000
0000000000000
001cb8c010000
0000000000000
0000000000000
0000000000000
00126d000d710
0000000000000
0000000000000
0000000000000
001bc90010000
0000000000000
0000000000000
0000000000000
001370400e124
0000000000000
0000000000000
0000000000000
001ad9c00fffc
0000000000000
0000000000000
0000000000000
001032800d0c0
0000000000000
0000000000000
0000000000000
0019f0000fffb
0000000000000
0000000000000
0000000000000
0011de000e0b0
0000000000000
0000000000000
0000000000000
0019068010002
0000000000000
0000000000000
0000000000000
000f73400d60d
0000000000000
0000000000000
0000000000000
0018200010000
0000000000000
0000000000000
0000000000000
001053c00e042
0000000000000
0000000000000
0000000000000
00173b4010000
0000000000000
0000000000000
0000000000000
000d94400d1f3
0000000000000
0000000000000
0000000000000
0016590010000
0000000000000
0000000000000
0000000000000
000ed1000dfd3
0000000000000
0000000000000
0000000000000
0015780010000
0000000000000
0000000000000
0000000000000
000c95800d510
0000000000000
0000000000000
0000000000000
0014994010000
0000000000000
0000000000000
0000000000000
000d55000df66
0000000000000
0000000000000
0000000000000
0013bc8010000
0000000000000
0000000000000
0000000000000
000ab1000cf99
0000000000000
0000000000000
0000000000000
0012e10010000
0000000000000
0000000000000
0000000000000
000bde000defd
0000000000000
0000000000000
0000000000000
0012070010000
0000000000000
0000000000000
0000000000000
0009cec00d41c
0000000000000
0000000000000
0000000000000
00112f000ffff
0000000000000
0000000000000
0000000000000
000a6d000de94
0000000000000
0000000000000
0000000000000
001058400fffe
0000000000000
0000000000000
0000000000000
000820000d002
0000000000000
0000000000000
0000000000000
000f828010001
0000000000000
0000000000000
0000000000000
000900800de2c
0000000000000
0000000000000
0000000000000
000eae8010000
0000000000000
0000000000000
0000000000000
00071b800d330
0000000000000
0000000000000
0000000000000
000ddb4010000
0000000000000
0000000000000
0000000000000
000798000ddc4
0000000000000
0000000000000
0000000000000
000d09800fffd
0000000000000
0000000000000
0000000000000
000561000cd2a
0000000000000
0000000000000
0000000000000
000c390010002
0000000000000
0000000000000
0000000000000
000633c00dd60
0000000000000
0000000000000
0000000000000
000b684010001
0000000000000
0000000000000
0000000000000
000477000d248
0000000000000
0000000000000
0000000000000
000a998010000
0000000000000
0000000000000
0000000000000
0004d2400dcfc
0000000000000
0000000000000
0000000000000
0009cb8010000
0000000000000
0000000000000
0000000000000
0002ee400ce28
0000000000000
0000000000000
0000000000000
0008fe0010000
0000000000000
0000000000000
0000000000000
000373c00dc98
0000000000000
0000000000000
0000000000000
0008310010002
0000000000000
0000000000000
0000000000000
0001de000d164
0000000000000
0000000000000
0000000000000
0007650010000
0000000000000
0000000000000
0000000000000
000217800dc36
0000000000000
0000000000000
0000000000000
000699c00ffff
0000000000000
0000000000000
0000000000000
000058800cbde
0000000000000
0000000000000
0000000000000
0005cf0010000
0000000000000
0000000000000
0000000000000
0000bc800dbd3
0000000000000
0000000000000
0000000000000
0005048010000
0000000000000
0000000000000
0000000000000
ffff4c800d080
0000000000000
0000000000000
0000000000000
00043a000ffff
0000000000000
0000000000000
0000000000000
ffff64000db6e
0000000000000
0000000000000
0000000000000
000370400fffe
0000000000000
0000000000000
0000000000000
fffde3000cc5a
0000000000000
0000000000000
0000000000000
0002a78010000
0000000000000
0000000000000
0000000000000
fffe0c000db0e
0000000000000
0000000000000
0000000000000
0001dcc010000
0000000000000
0000000000000
0000000000000
fffcbf800cfa4
0000000000000
0000000000000
0000000000000
0001130010007
0000000000000
0000000000000
0000000000000
fffcb5800dab4
0000000000000
0000000000000
0000000000000
000045400ffec
0000000000000
0000000000000
0000000000000
fffb6a800c90c
0000000000000
0000000000000
0000000000000
ffff7f001000e
0000000000000
0000000000000
0000000000000
fffb5d000da50
0000000000000
0000000000000
0000000000000
fffeb8800fffe
0000000000000
0000000000000
0000000000000
fffa34800cec2
0000000000000
0000000000000
0000000000000
fffdf00010002
0000000000000
0000000000000
0000000000000
fffa05000d9e8
0000000000000
0000000000000
0000000000000
fffd26000fffe
0000000000000
0000000000000
0000000000000
fff8e3000ca90
0000000000000
0000000000000
0000000000000
fffc5d8010002
0000000000000
0000000000000
0000000000000
fff8adc00d98a
0000000000000
0000000000000
0000000000000
fffb930010000
0000000000000
0000000000000
0000000000000
fff7a7c00cde3
0000000000000
0000000000000
0000000000000
fffac90010000
0000000000000
0000000000000
0000000000000
fff754400d925
0000000000000
0000000000000
0000000000000
fff9fe8010000
0000000000000
0000000000000
0000000000000
fff665000c849
0000000000000
0000000000000
0000000000000
fff9338010000
0000000000000
0000000000000
0000000000000
fff5f9000d8c3
0000000000000
0000000000000
0000000000000
fff867800ffff
0000000000000
0000000000000
0000000000000
fff516000cd01
0000000000000
0000000000000
0000000000000
fff79c000ffff
0000000000000
0000000000000
0000000000000
fff49d000d860
0000000000000
0000000000000
0000000000000
fff6ce800fffe
0000000000000
0000000000000
0000000000000
fff3d6800c8c6
0000000000000
0000000000000
0000000000000
fff6010010001
0000000000000
0000000000000
0000000000000
fff33e000d7fd
0000000000000
0000000000000
0000000000000
fff533000ffff
0000000000000
0000000000000
0000000000000
fff27c800cc1c
0000000000000
0000000000000
0000000000000
fff4638010001
0000000000000
0000000000000
0000000000000
fff1dc000d797
0000000000000
0000000000000
0000000000000
fff393c00fffe
0000000000000
0000000000000
0000000000000
fff155400c5e8
0000000000000
0000000000000
0000000000000
fff2c24010002
0000000000000
0000000000000
0000000000000
fff077400d732
0000000000000
0000000000000
0000000000000
fff1f00010000
0000000000000
0000000000000
0000000000000
ffefd7400cb35
0000000000000
0000000000000
0000000000000
fff11cc00ffff
0000000000000
0000000000000
0000000000000
ffef0e800d6cc
0000000000000
0000000000000
0000000000000
fff048000ffff
0000000000000
0000000000000
0000000000000
ffeea3800c6eb
0000000000000
0000000000000
0000000000000
ffef720010000
0000000000000
0000000000000
0000000000000
ffeda1800d664
0000000000000
0000000000000
0000000000000
ffee9ac010000
0000000000000
0000000000000
0000000000000
ffed22c00ca47
0000000000000
0000000000000
0000000000000
ffedc2800ffff
0000000000000
0000000000000
0000000000000
ffec2f800d5fb
0000000000000
0000000000000
0000000000000
ffece8000ffff
0000000000000
0000000000000
0000000000000
ffec09800c48e
0000000000000
0000000000000
0000000000000
ffec0c4010000
0000000000000
0000000000000
0000000000000
ffeab8000d590
0000000000000
0000000000000
0000000000000
ffeb2f0010000
0000000000000
0000000000000
0000000000000
ffea5b000c953
0000000000000
0000000000000
0000000000000
ffea500010000
0000000000000
0000000000000
0000000000000
ffe93b800d524
0000000000000
0000000000000
0000000000000
ffe96e800ffff
0000000000000
0000000000000
0000000000000
ffe92c800c4f8
0000000000000
0000000000000
0000000000000
ffe88b8010000
0000000000000
0000000000000
0000000000000
ffe7b7800d4b6
0000000000000
0000000000000
0000000000000
ffe7a68010000
0000000000000
0000000000000
0000000000000
ffe77bc00c856
0000000000000
0000000000000
0000000000000
ffe6bf8010002
0000000000000
0000000000000
0000000000000
ffe62d000d448
0000000000000
0000000000000
0000000000000
ffe5d5800fffa
0000000000000
0000000000000
0000000000000
ffe685000c1ab
0000000000000
0000000000000
0000000000000
ffe4eb000fffe
0000000000000
0000000000000
0000000000000
ffe49a800d3d3
0000000000000
0000000000000
0000000000000
ffe3fb0010000
0000000000000
0000000000000
0000000000000
ffe47f800c752
0000000000000
0000000000000
0000000000000
ffe30a400ffff
0000000000000
0000000000000
0000000000000
ffe2fe800d35e
0000000000000
0000000000000
0000000000000
ffe217000ffff
0000000000000
0000000000000
0000000000000
ffe34ec00c2e0
0000000000000
0000000000000
0000000000000
ffe1208010001
0000000000000
0000000000000
0000000000000
ffe15a400d2e6
0000000000000
0000000000000
0000000000000
ffe0270010000
0000000000000
0000000000000
0000000000000
ffe161800c63f
0000000000000
0000000000000
0000000000000
ffdf2b0010000
0000000000000
0000000000000
0000000000000
ffdfab000d26c
0000000000000
0000000000000
0000000000000
ffde2b000fffe
0000000000000
0000000000000
0000000000000
ffe057c00c056
0000000000000
0000000000000
0000000000000
ffdd284010000
0000000000000
0000000000000
0000000000000
ffddf1000d1ee
0000000000000
0000000000000
0000000000000
ffdc220010000
0000000000000
0000000000000
0000000000000
ffde1ac00c51e
0000000000000
0000000000000
0000000000000
ffdb18000ffff
0000000000000
0000000000000
0000000000000
ffdc2ac00d16c
0000000000000
0000000000000
0000000000000
ffda0a000ffff
0000000000000
0000000000000
0000000000000
ffdcde000c094
0000000000000
0000000000000
0000000000000
ffd8f80010000
0000000000000
0000000000000
0000000000000
ffda57800d0e8
0000000000000
0000000000000
0000000000000
ffd7e2800ffff
0000000000000
0000000000000
0000000000000
ffdaa3c00c3ee
0000000000000
0000000000000
0000000000000
ffd6c80010000
0000000000000
0000000000000
0000000000000
ffd875800d05e
0000000000000
0000000000000
0000000000000
ffd5aa000fffe
0000000000000
0000000000000
0000000000000
ffd9a7800bd54
0000000000000
0000000000000
0000000000000
ffd485c010002
0000000000000
0000000000000
0000000000000
ffd684400cfd2
0000000000000
0000000000000
0000000000000
ffd35d000ffff
0000000000000
0000000000000
0000000000000
ffd6f3c00c2ac
0000000000000
0000000000000
0000000000000
ffd230400ffff
0000000000000
0000000000000
0000000000000
ffd481800cf40
0000000000000
0000000000000
0000000000000
ffd0fd800fffe
0000000000000
0000000000000
0000000000000
ffd59d000bdff
0000000000000
0000000000000
0000000000000
ffcfc5000ffff
0000000000000
0000000000000
0000000000000
ffd26c400cea8
0000000000000
0000000000000
0000000000000
ffce868010000
0000000000000
0000000000000
0000000000000
ffd300000c150
0000000000000
0000000000000
0000000000000
ffcd42800ffff
0000000000000
0000000000000
0000000000000
ffd042800ce0a
0000000000000
0000000000000
0000000000000
ffcbf7800ffff
0000000000000
0000000000000
0000000000000
ffd1da400bb1e
0000000000000
0000000000000
0000000000000
ffcaa60010000
0000000000000
0000000000000
0000000000000
ffce02800cd67
0000000000000
0000000000000
0000000000000
ffc94dc00fffe
0000000000000
0000000000000
0000000000000
ffcebac00bfd8
0000000000000
0000000000000
0000000000000
ffc7ee8010000
0000000000000
0000000000000
0000000000000
ffcbaa400ccbc
0000000000000
0000000000000
0000000000000
ffc6870010000
0000000000000
0000000000000
0000000000000
ffcd36800bb00
0000000000000
0000000000000
0000000000000
ffc518000fffe
0000000000000
0000000000000
0000000000000
ffc937800cc0a
0000000000000
0000000000000
0000000000000
ffc3a0000fffe
0000000000000
0000000000000
0000000000000
ffca14800be41
0000000000000
0000000000000
0000000000000
ffc2210010002
0000000000000
0000000000000
0000000000000
ffc6a6800cb4e
0000000000000
0000000000000
0000000000000
ffc0950010010
0000000000000
0000000000000
0000000000000
ffc8fc000b6b6
0000000000000
0000000000000
0000000000000
ffbf02801000b
0000000000000
0000000000000
0000000000000
ffc3f5800ca90
0000000000000
0000000000000
0000000000000
ffbd658010000
0000000000000
0000000000000
0000000000000
ffc4fa000bc7d
0000000000000
0000000000000
0000000000000
ffbbbd0010003
0000000000000
0000000000000
0000000000000
ffc122000c9bc
0000000000000
0000000000000
0000000000000
ffba0a0010000
0000000000000
0000000000000
0000000000000
ffc329800b76a
0000000000000
0000000000000
0000000000000
ffb84a000ffff
0000000000000
0000000000000
0000000000000
ffbe26400c8e5
0000000000000
0000000000000
0000000000000
ffb67e0010000
0000000000000
0000000000000
0000000000000
ffbf50000ba90
0000000000000
0000000000000
0000000000000
ffb4a50010000
0000000000000
0000000000000
0000000000000
ffbafe000c7fe
0000000000000
0000000000000
0000000000000
ffb2be800fffe
0000000000000
0000000000000
0000000000000
ffbdb0800b3da
0000000000000
0000000000000
0000000000000
ffb0c90010000
0000000000000
0000000000000
0000000000000
ffb7a6000c70a
0000000000000
0000000000000
0000000000000
ffaec3800ffff
0000000000000
0000000000000
0000000000000
ffb8f6800b860
0000000000000
0000000000000
0000000000000
ffacaec010000
0000000000000
0000000000000
0000000000000
ffb417400c608
0000000000000
0000000000000
0000000000000
ffaa88400ffff
0000000000000
0000000000000
0000000000000
ffb6a6800b2f3
0000000000000
0000000000000
0000000000000
ffa84ec010001
0000000000000
0000000000000
0000000000000
ffb04bc00c4f5
0000000000000
0000000000000
0000000000000
ffa602c010000
0000000000000
0000000000000
0000000000000
ffb1c2400b5e8
0000000000000
0000000000000
0000000000000
ffa3a10010000
0000000000000
0000000000000
0000000000000
ffac3b800c3cc
0000000000000
0000000000000
0000000000000
ffa12b800ffff
0000000000000
0000000000000
0000000000000
ffafc4800ae28
0000000000000
0000000000000
0000000000000
ff9e9b8010004
0000000000000
0000000000000
0000000000000
ffa7de400c290
0000000000000
0000000000000
0000000000000
ff9bf40010000
0000000000000
0000000000000
0000000000000
ffa978000b312
0000000000000
0000000000000
0000000000000
ff9932c010000
0000000000000
0000000000000
0000000000000
ffa328c00c139
0000000000000
0000000000000
0000000000000
ff9654000fffe
0000000000000
0000000000000
0000000000000
ffa64a800ad1e
0000000000000
0000000000000
0000000000000
ff93574010000
0000000000000
0000000000000
0000000000000
ff9e0e800bfc6
0000000000000
0000000000000
0000000000000
ff90398010000
0000000000000
0000000000000
0000000000000
ff9fc7800afbf
0000000000000
0000000000000
0000000000000
ff8cfa400ffff
0000000000000
0000000000000
0000000000000
ff9881400be32
0000000000000
0000000000000
0000000000000
ff8994800fffd
0000000000000
0000000000000
0000000000000
ff9c92000a7ed
0000000000000
0000000000000
0000000000000
ff86060010000
0000000000000
0000000000000
0000000000000
ff926ec00bc76
0000000000000
0000000000000
0000000000000
ff824c0010000
0000000000000
0000000000000
0000000000000
ff943e000abca
0000000000000
0000000000000
0000000000000
ff7e63c010001
0000000000000
0000000000000
0000000000000
ff8bc1800ba92
0000000000000
0000000000000
0000000000000
ff7a47800fffd
0000000000000
0000000000000
0000000000000
ff8f79800a4fa
0000000000000
0000000000000
0000000000000
ff75f44010002
0000000000000
0000000000000
0000000000000
ff845e800b87a
0000000000000
0000000000000
0000000000000
ff7164c00fffe
0000000000000
0000000000000
0000000000000
ff8634000a6f8
0000000000000
0000000000000
0000000000000
ff6c938010004
0000000000000
0000000000000
0000000000000
ff7c23400b628
0000000000000
0000000000000
0000000000000
ff677d400fff4
0000000000000
0000000000000
0000000000000
ff81760009d1a
0000000000000
0000000000000
0000000000000
ff62164010003
0000000000000
0000000000000
0000000000000
ff72e9000b384
0000000000000
0000000000000
0000000000000
ff5c54800fffc
0000000000000
0000000000000
0000000000000
ff74a3000a0f2
0000000000000
0000000000000
0000000000000
ff5638000fffd
0000000000000
0000000000000
0000000000000
ff6876000b087
0000000000000
0000000000000
0000000000000
ff4fb2000fffe
0000000000000
0000000000000
0000000000000
ff6c98400988b
0000000000000
0000000000000
0000000000000
ff48b60010000
0000000000000
0000000000000
0000000000000
ff5c88800ad25
0000000000000
0000000000000
0000000000000
ff4138800fffe
0000000000000
0000000000000
0000000000000
ff5ded0009928
0000000000000
0000000000000
0000000000000
ff3929c00fffe
0000000000000
0000000000000
0000000000000
ff4ec2800a93a
0000000000000
0000000000000
0000000000000
ff3076800fffc
0000000000000
0000000000000
0000000000000
ff53f64008dc3
0000000000000
0000000000000
0000000000000
ff270b0010000
0000000000000
0000000000000
0000000000000
ff3ea8400a4a3
0000000000000
0000000000000
0000000000000
ff1ccf000fffe
0000000000000
0000000000000
0000000000000
ff3f3b8008e9e
0000000000000
0000000000000
0000000000000
ff11a38010001
0000004000000
0000000000000
0000000000000
ff2b8f8009f36
0000004000000
0000000000000
0000000000000
ff05664010000
0000004000000
0000000000000
0000000000000
ff2f0a0008296
0000004000000
0000000000000
0000000000000
fef7eb000ffff
0000000000001
0000000000000
0000000000000
ff148380098ac
0000000000001
0000000000000
0000000000000
fee9028010000
0000000000001
0000000000000
0000000000000
ff13300007f82
0000000000001
0000000000000
0000000000000
fed8684010000
0000000000001
0000000000000
0000000000000
fef81d8009094
0000000000001
0000000000000
0000000000000
fec5d38010003
0000000000001
0000000000000
0000000000000
fefc0e0006d0e
0000000000001
0000000000000
0000000000000
feb0d48010006
0000000000001
0000000000000
0000000000000
fed431c008664
0000000000001
0000000000000
0000000000000
fe98f9000fff9
0000000000001
0000000000000
0000000000000
fece3f40067e0
0000000000001
0000000000000
0000000000000
fe7d97000fffe
0000008000002
0000000000000
0000000000000
fea542400790c
0000008000002
0000000000000
0000000000000
fe5dd1000fffc
0000000000002
0000000000000
0000000000000
fea0d7c004fe0
0000000000002
0000000000000
0000000000000
fe38818010000
0000000000002
0000000000000
0000000000000
fe653900066d8
0000000000002
0000000000000
0000000000000
fe0c0c000fffa
0000000000002
0000000000000
0000000000000
fe52278003d4e
0000000000002
0000000000000
0000000000000
fdd62d000fffb
0000000000002
0000000000000
0000000000000
fe08884004c7e
0000000000002
0000000000000
0000000000000
fd937dc00fff3
0000000000002
0000000000000
0000000000000
fdf2400000e52
0000000000002
0000000000000
0000000000000
fd3ec9000ffff
0000000000002
0000000000000
0000000000000
fd762c00022db
0000000000002
0000000000000
0000000000000
fccf9a800fffa
0000000000004
0000000000000
0000000000000
fd2e3f3ffd92a
0000000000004
0000000000000
0000000000000
fc37258010001
0000000000004
0000000000000
0000000000000
fc6c19bffd73e
0000000000004
0000000000000
0000000000000
fb591d800fffc
0000000000005
0000000000000
0000000000000
fbce773ff4e44
0000000000005
0000000000000
0000000000000
f9f7a38010000
0000000000006
0000000000000
0000000000000
f9f06e7ff228f
0000000000006
0000000000000
0000000000000
f76cc1c00fffa
0000000000008
0000000000000
0000000000000
f7307abfdcb09
000000000000c
0000000000000
0000000000000
f12f83800fff3
0000000000010
0000000000000
0000000000000
ec1cf93fb3455
000000000001a
0000000000000
0000000000000
c9ad06400fffe
0000000000052
0000000000000
