ffead03ff7b00
ffe8400006a80
0040c0000e680
0098403ff7780
00019000003c0
fff9803ff8340
0019303fec900
0006103fda780
0060503fefb40
004f203fd6300
ffddc03fdc200
0028f000111c0
ffb1103ff9380
0014803fe00c0
0072300001bc0
ff4fc03fe0580
ffbd603ff2340
0045400000100
fff4c03fe2d00
ffc8700012c40
fff3e03ffbec0
0054a03ff9dc0
004ce00005840
fffd503fdabc0
002de03fd68c0
ffcec00007dc0
ffbec03ffb540
fff8e0000be80
ff52000015140
ffb8400000000
008f1000065c0
ffc0d00010ac0
ffd7a00020fc0
0019b00000480
ff7ea03fee0c0
ff82f000003c0
ffc2d000004c0
ffc8900017740
002a10000d500
0041103ff7000
0074c00002440
00b3403ff6080
002760000d980
ffe3b000143c0
000a50000b340
001bf03ffa9c0
002ed00002500
000c503fe51c0
ffd6303ffb800
002bb0000c780
000ce00000240
ffd930000f840
ffdf703ffae00
ffcd603fd1800
0008403ff0380
0031b000120c0
ffddd00005980
ffabe0000aec0
004e100004f00
0053d00012780
0010703ffed80
fff0d03ff99c0
006650000a6c0
0008903ff0bc0
ffb5f00001cc0
ffc3500021cc0
0045500010580
ff91c03ff4480
ff7ae03ff8a00
0033e0001d500
000290001d980
ffa2e03fff640
ffe4503ff7780
fffb300006ec0
fff0d03ffe400
ffcda00008240
ffabd00019600
0055000010d80
003c303ffb100
0031f03fe8c80
0043003ffe080
004e603fff4c0
000f403ffbbc0
ff8ea03fe6340
ff71e03ffe3c0
0032f0001a400
0019e00004780
ff9af03ffdf00
0012b03fe9280
ffd9403ff4400
ffabd03fff2c0
0043903fec900
fff2103ff1f40
fffc200002c80
003a003ffbcc0
ffc7503fe17c0
0033c03fee480
0088703ffb2c0
0019803ff7740
0002d03ff3f00
ffd1c00003480
ffd5103ff9000
0007500005f40
001b600003c00
ff9f403ff9e40
0002e0000b080
003c60000c8c0
ffb8b03ff9b80
ffdc303ff5300
0018b03ffb940
ffc2303feb540
002f4000040c0
0022100005680
ff99803fee040
ffc8700001b80
fffd100015f80
ffda300026bc0
ffbcd0002ecc0
ffc2f0000aac0
ffd4100007800
ffbb203ffbf40
ff51b03fe6b00
fffd003ffbc00
0055b03ff07c0
0005603fe7840
ffeb703ff93c0
002e303ffce40
000ab03ff6cc0
0029e03fdcec0
fff9500006200
ffe4200022c40
ffadb00017340
00137000180c0
002510000fa80
ffd1e0001d8c0
ffe2e0000d780
0017303ff0880
001d303ffd280
0072703ffd3c0
ffdba0000b5c0
ff6420001d280
ffbe400004d00
ff7ae03ff6100
ff4e503ff2300
fff900001b200
002ab03ff9980
0015a03fd7540
0023003ff9740
ffe8703fe4540
ffed103fed200
004cc00004d40
0005400005a40
ff48f00008f00
ff8d903ffda40
ffc6b03ffa4c0
ff1a100025700
ffc0000027c80
004f700005880
ffd3403ff4d80
ff948000047c0
ffe230000df80
ffa4503fed300
ffc6403ffb780
ffae000011500
ffb9a0000b040
ffc610000c500
ffc3503ffac80
ffe640000e240
0029203ffebc0
fff490001bc40
ffb4c00032bc0
fff9703fec780
0053403ff11c0
ff9910000db00
ffe6e00005180
0023703ff0340
0011a03feae40
004140001bcc0
ffeb600002440
ff96a03ffa640
fff6100015180
ff73103ffa780
ff8c900001d40
003f50000e880
0060b03ff9680
000c403fe83c0
ffa2103ffb540
ffaa603ffc280
ffe9003fe2140
ff8a403ffc2c0
fff200001ee00
fffc40000fd00
ffc8300012900
ffe1903ffd700
000bc03ffc040
ffb44000115c0
000fa03ff4d00
000b600013840
0037c00003e40
ffadf03fe3e00
ff7080000e2c0
005fd03ff6c00
0051f03fe9540
0018100001480
0073103ff4340
009c200010d40
00b330000e200
0048803febdc0
0043500011ac0
009be03ffe580
ffdfd03fdf940
fffad03ff6e00
0020b0000a8c0
0012c00009dc0
004df03fed780
fff4c00002dc0
ffe4703ffacc0
ffe5703ff4a80
ffc590000f580
00239000092c0
0008903ff2a80
ff86d03ff8d00
ffa9e00001040
ff9e803feff40
ffe9003ffa5c0
ffad900005b40
ffb9003ffe1c0
0028a03ff39c0
0038603ff3bc0
fff5f00004980
fff0100014ac0
0008703fecd40
0057103fe7780
0068d03ff9580
0054a03ffe140
000e303fe6680
0035403ffe400
001e900012c80
ffb040000fc80
001fd03ff3840
fff6c03ffeac0
ffbfb00018340
0053c03ffd740
002f003fe26c0
0084403fe1240
00776000000c0
ffb8203ff7f00
0043f03ffe600
0004c00030cc0
ff9b500010c00
004d703ff2200
fffca03fe6800
ffb9903ff54c0
0087603fdbf40
005a503fe8580
ffdd100018500
fff9d00012040
0038c000076c0
0016b00007b80
000d903feb940
0052303ff3580
0077803ff5a00
fff5803fe0e00
0040903fe7540
00d7303ff3f40
ffdcf0000cf40
ffa2100002980
ffe4700002000
ff618000012c0
ffcb700002500
ffc450000dd80
ffa2c00007c00
001e603ffe8c0
007c103fe9f00
0079603fef140
0072a00007d80
ffee003ff00c0
ffda003feaec0
ffdc203ffd600
ff81800000400
ffea503ff8ac0
0061303ff4840
006780001ad00
ffdda00013640
0030d00005ac0
001b60000ca00
0039f00006240
003e503ff9900
ffa950000b3c0
0019103ff34c0
ffef203ff3a00
ff86703ffebc0
ffdc700007b00
ff61503ff8f80
ffbb603ff37c0
000f700005640
0002c00003240
ffdae0000f1c0
fff7503ffff80
ffc0b03ff59c0
ff94903fff100
0012003fee040
0000c00009580
ff63803ffc280
ffef403fcd440
0021003ffc2c0
0019000020e40
009cd03ff76c0
ffbf003ff1980
0011303fe98c0
005d403fd4400
ffa0e03fee500
003fe00001500
0064200002240
ffe2f00000a80
0018103ff3240
ffd6103ff2180
ffb2a03ffe840
ffb59000048c0
ff7cb03fda480
ffda603fedac0
fff9c00015700
0078a000074c0
004bd03ffb4c0
ffb3000006740
002a1000119c0
ffb2000006780
ff9fe03ff0b80
002c000009440
ffa340000a180
ffa9303ff2d00
ffec9000035c0
ffc1a00004b80
fff2f03ff9000
ff70f00007340
ffb0a03ff5c40
005ce03ffe600
fff0200006ec0
ffb5c00001900
002ee00002240
ffdcb0000d880
ffaab00001480
ff6fc000163c0
ffc9800013e80
0036003ff73c0
ffc1400008700
0027d00001180
0034a00002380
ff9870000e300
0012300006100
ffdb90000e940
ffc0000012400
0002c00014700
ffad400017f00
0034903ff4080
004430000e980
ffb990002a000
003f503ff42c0
ffd5200002e80
ffd1d000022c0
0095903ff3380
0012a000199c0
ffc0b00000840
fff9703fdf300
0019900009d00
ffdb303ff8e40
ffed303fed8c0
001ce00029b80
ff9de03ffbc40
ffa5c03ff07c0
0013800006380
ffbbe00010400
001d50000e240
005cd000167c0
ffecd03ff2940
0036a03ffe9c0
0048e03feb280
ffdc003fc4700
ffdf403fe76c0
ff8be00015980
0028500002180
00c5203ff6640
009bb03fe60c0
0051603fea280
005f203ffe4c0
ffda303ff7140
ffdc000014fc0
000430001f2c0
0026b03fe6d80
fff3b03fecd40
0054f03ffe2c0
000f60000dc80
000f600003c00
003d103ff8380
ff6b000008c40
ff70f03ffc580
fffed03fdfb80
0017003fefc00
fff6a03ff95c0
003930000e9c0
fff1b00018c00
ff99b03ff2e80
001b503ff1980
00b4e03ffc000
0063300005a40
0023e03ffb840
ff8cb03fec540
ff9c203ff3440
0006100001500
ffcd303fe2b00
0012f03fdb200
ffe5800006080
ff41403ffdb40
ffd8e03ff3c80
ff70303feeac0
ffced03feaf40
00308000142c0
ffd1e0001ec00
ffcc103fece00
0003a00002340
ffda800012a80
005c303ffa140
0076103feec00
000ad03ff0080
ffa4e000301c0
ff87a0000ba00
0021d03fe6480
ffe960002b380
ffbab03ff7f80
ffdf203fe4dc0
ffe6a00004300
0034103ff34c0
003590000a680
003690000ac80
0051303fdfb00
0005903fe8740
0019203fedc80
ffb5403fe51c0
ffaff03fe2780
0024f03fcf0c0
ffb7703fdabc0
ff4a600006540
ffd5e000131c0
fff4703fe0700
ff90a03feab40
0033a00003a40
005f903fdf940
000a703ff3700
0042403ff7d00
ffb4403ff2ac0
ff96000027300
0034700012b40
fff2d03fe9240
0005000007500
0041703fff300
0006c03ff1840
fff3c03feca80
fff1903ff1900
002fe00016fc0
0009000014d00
ff4a203ffe640
ffdc700004400
ff98500017280
ffc520002b300
00d6f03ffabc0
0088103ff46c0
0017803ff3b80
008c803ff0300
0075f00000e00
000d300002440
0028c03feef80
0010103ff4a00
004c403ff6500
0069a00006ec0
0019600009480
0098e00007280
008af03ff8a40
ff9cb03ffa780
ff9dd00007980
001fe00010cc0
000f300003700
004cd03ffc440
fff490000f9c0
0037b03fe6e40
000c903fe16c0
fff8200005e40
ffeed00019c00
ffec400019f80
0031003ff4780
0013e03ffae00
ffbe200002d00
002a5000185c0
ff755000108c0
ff3b503ff6a40
001e503ffae00
ffd3d03fefb00
ffbd003fda880
000df03ffae80
ffffa00000000
0015703ff3a00
ffc5b03fe5500
ffe6503fef7c0
003ca0001cb80
0011d03ffee00
ffb4a03fec800
ff9510000d780
ffab703ffd840
0019a0000d5c0
ffd0403fe1580
fff6d03fd2480
0043600020300
ffd7800026a00
ff98d03fe7040
ffb3900020ac0
0023000016cc0
007ae03fd4c80
0103c03fd7fc0
0050403fe4b40
ffa2503fff980
fff2c03fe5440
0062603fe4640
0040303fe67c0
0064b00006b40
001a000008c40
ff8e700000b80
008b903ff0140
009ba00005d40
ffb6a00003c00
006df03ff8c00
0023303fec4c0
ff82d03fec740
003ae00010b00
0052d00016400
ffc7f03fe2100
fffa603ff7d40
fff4303ff8c40
ff69d03fec740
ff90103ffad40
004410001d980
0025900011500
ffd5f03ff86c0
0005e00018780
0001f00017580
ffc47000001c0
ff93f00010100
0023900004480
ffbae03ff6b80
ff61a0000ddc0
0054603ff4180
0051303fe4fc0
ffc8d03ff8a80
0073b0001ab40
00d0300017a00
ffdbf03fef040
ffc7b000001c0
ffe2700025380
fff4003fff6c0
ffe5c00007a40
0042d03feaa80
0035c03fee440
fff9c03fff0c0
ffb5e03ffbe40
003c903feb240
00a0700004300
fffe300021380
fffc90000dbc0
ffea403ff4c40
ff96503fe0980
0010703ff5cc0
003880001eb00
0006703ffb840
ffb2903fe67c0
ffde603ff3fc0
003b603ffbd00
003e40003d980
001a4000126c0
fff6203ff0e00
0016200019c40
002bb00001380
ff78003fe7fc0
ff8e503ff5b00
fff6203ff5180
ffbe000012840
0009603ffaac0
0055300026580
ffd370001c980
fff5c03fdeb40
ffb5500010e00
ffd6900014e80
0040c000005c0
0026e00005140
ffa0b000140c0
ffa1600014d80
fff4903ff0780
fffd603ff85c0
0013200008600
003f303fea080
ffd7d0000ed80
0025100003bc0
002c003fee300
ff7d503ffb780
0038503fe3740
00890000142c0
0035900009880
0018503fdf140
ffe2700010d00
004d500018200
000430001df40
ffc6003fe6c80
000e203fd1900
002e20000e9c0
0029a00015dc0
002d900004d40
0017400008540
ffce303fe9240
fffd303ffb3c0
002500000fb40
001430001da00
fff4100008ac0
000d803fe76c0
ffd3800020080
003be000343c0
0006303ff73c0
ffab403ffcb00
0010903ff5c80
003e000000d80
0027403ff2740
fffed03ff2600
ffc4500008840
ff44f03feb5c0
ffb8303fdee40
fff7e000005c0
ffebc000121c0
fff410000b080
ffb9f03ffe5c0
ff51a03ffdd40
ffcea03fe6fc0
0083c03feb240
0002803ffdcc0
fffd403ff9880
ffb7703ff9b40
fffb303ff3640
0008403fec800
000d70000f7c0
ffceb03ffcc40
ffe3f03ff4940
ffd6a0000ad00
ffd9803ffbc00
ffbd203feb880
ffcdc03fe7780
005a603ff0f40
0008a000313c0
ffb9c00010980
0096403ff7300
0091b00007080
ff74f0000fa40
0053700014100
005d60000a140
ffb0800001200
0031a0001f600
0006000009e00
005ed03ffe300
0012103fe6040
ff23703ff9a80
ff9a50001ed40
ff99b03ffb640
ff46a03fded40
ffe1603ff6800
ff95e00000f40
ffe6603ffb880
0065d03ff9800
00291000075c0
fff1f0001d3c0
0082b03ff9f80
0018500010e00
ff54a00017880
00603000013c0
007bd00000280
0001b03fe8340
004c303fdfe40
006a903ffd640
0043403fffb80
002f200009740
0005703fedb80
ffea200009ec0
ffcc200018e00
0008403fe6180
0056a000125c0
ffaca03fee800
ff85803fc76c0
ffeea00012880
ff9b700008a00
ffd0200007740
0067f00009ac0
0053803ff8180
ffbdd0000e440
0003203ffda00
009bf03ff5740
0034f03ffdd40
005ba03feb4c0
0060000002b40
ff6b403ffc840
ffb3d03fea600
006c600015080
001540000cf80
0040000013880
0021700020d00
ff5a800022bc0
ffdda00009f40
0084e0001cd80
0025c0000c300
0003b00006900
00ec203fff6c0
008d703ff8140
002480000a440
007aa03ff3b80
ffe7003fe58c0
ffba000011540
000eb000183c0
001a300013080
004ec00013b00
ffffa0001f5c0
ffd29000135c0
ffe7000000d00
ff7e0000092c0
ffc0b00013e40
0033d00000480
0019b03ffb1c0
0095a00014900
003bc000086c0
ffe240000c680
ffbf400002880
ffcb40000ef40
004c100015ac0
ffbf800010140
ffb5f00001e40
0065f03fdbb00
0038d03fe1080
ffc1f00014b00
fff2103ffd980
0096b03ff56c0
005ca00013140
00a9300004f80
0067c00018d00
ffc4e00004400
ffb5803fffec0
fffbf000031c0
ff74000007d40
ffbfa0000e340
ff9c900005f80
fff8f03ff1700
00b8a0001ac40
0046500011f40
0002803fef640
0006e03ff2b80
ff58d03ff8c00
ffebd000114c0
00e07000065c0
008fe03ff37c0
ff67103fed800
ff38003ff2d80
000f403ffaa00
0074903fde100
fffe803fe4e40
ff8ea03ffb640
002eb03ff2f80
00aca00019540
000490000a5c0
ffd7903ff6d80
00201000022c0
ffd5303fe10c0
0028f0000d3c0
0007303ffdf00
ffb9603ff4ec0
ff9070001a440
000d20000e280
0043a03ffbc00
0008c00007940
0004200003ac0
0006000020d00
0039a03febe40
003af03feca80
fffd303ffd000
0027200010300
005110002f540
001c60000e580
ffd5a03fee2c0
ffe6903fff2c0
ffd4703ff6680
ffa1600001ac0
ffc5603fe3e00
ffcbe03ff57c0
ffc5c00019d40
004c000019140
fff1b000002c0
0009f0000a5c0
002c003ff3680
ffda603fe2240
ffce703ff0800
0004500005500
ffbe603fe2a40
ff9e603fe4e40
ffacf0000da80
003e503ff3240
009790001e640
ffbd00001c940
fff4c03ff2d00
0002903ff6400
002b403fe9d80
006f503ffc300
0018903ffe100
0081903fffe80
003ae00020300
fff3b00020fc0
0029b0000ed80
0022b03ff3b40
fffd403ffc980
002100001bb40
008840001f880
0073600005500
ffbd200019bc0
ff88e00014c40
ffd4300015480
ffcc100006480
fffbb03ff90c0
ffdbc00004300
fff6203ff9d00
0016d0000dd80
fffac00033b80
fff1d00006500
001be03fe7100
0018b0000f2c0
003e803ffa180
fff8a03ff6d00
0059000019dc0
0003203ffa280
0004d03febb80
0041003ff3fc0
004b203ff99c0
0046700011b80
fff3803fe7c00
ff89203ff5680
fffa700022b80
0053f03fe0c00
0042100002a00
ffb6d000245c0
ffb1503fe0500
fffd703fda600
0040a03ffcf00
007d503fe4900
ffff003ff7900
ff60e03ffaa80
ffef803fe6840
ffa2b03fd99c0
0004103ffd3c0
004f400027240
fffb800012d00
005c30000db00
005c703ff90c0
0023603fd9080
007520000e440
006f500022f80
005460000f9c0
fff1700010fc0
ff3fe00016900
ffb5800019ac0
ffd3700022a00
002a0000104c0
ffd1c00014580
ffa2d0001a800
001d700019bc0
fff33000146c0
ffc7803fe3180
00adb03ff5dc0
0064e00020b40
ff96303fd9d40
0012303fd3d80
ffffb0002e5c0
ff92b000114c0
ffdfe03fe9740
0030e00016600
ffcae00018840
0006c00005f40
005a403fff440
ff90e00018ec0
ffdc900015280
000c503fffbc0
ff56203ff2500
ffdd503fec180
0061e00005680
ff9a5000012c0
0011f03fd7980
0045603ff2a80
ffa5403ffa600
0030f03fe5140
0011e000045c0
ff80c00007300
ffa6b00000a00
ff79103ff0380
ff90703fe3640
00203000080c0
00e5e00001e00
0007503ffd9c0
ff60a0000a940
001c503ff19c0
0004e00015040
ffae000004400
ffca403ffb740
ff8d200001940
ffa5403ff6580
0014700006b80
0008c0000a500
ffc7603fef5c0
ffd01000023c0
ffeff0001b840
ff8d7000106c0
ff70c0000c000
0002903ffe8c0
ffec900000040
fffa400017440
0088200013e80
0059203ff8580
fffe900008700
ff71700013840
0033c03fe8680
004e703ff1980
ffae200010c00
0012b03fdf940
0039403ff4240
ffcc0000129c0
fff1800007000
004c903fffe80
007d200000700
0007c03ff9580
ffbe800002040
ffe2803ff8800
ffc2803ff60c0
002560000a400
ffca1000107c0
ffc5003ffe1c0
0024200001ec0
ffc4d03fd8300
0059603fe58c0
00a8a00019b00
ffd0c03ffc840
0009503ff0ec0
ffe7b0001b180
ff93f03ffe4c0
ffe6103fffdc0
ffa7d00008bc0
000b603ffe5c0
001c603ffc3c0
0028c00001880
0002000013ac0
ffc930000ab00
001f80000a4c0
0006c03ffc1c0
0015d03ff7b40
0010a00020300
000dd00036f80
ffb9c03ff9e40
ffbfa03fef5c0
000b000009280
ffe8800006a00
ffdb303ff66c0
0069a03fdd840
003cb0000a840
ff6830000a040
ff95a0000ed40
ffcec03ff6600
0057e03ff9fc0
fff0700025b80
ffd6403ff9780
000eb03fe7d40
0039b00009880
0021303ff6f80
ffa660000c440
ff94d00012980
004cd03ff9240
0070b03ff8b00
0016603ff8e00
ff8b803fecfc0
ffe1d00003180
003af0000b540
fffbc03ffda00
008b300025dc0
0075c00016880
ffb1003fdb380
ffbd903ff6040
ffea300006840
ffb0903ff6ec0
0064b00016c40
0043500008ec0
ffc3c03ff7ec0
0070b00007ac0
002fe03ff6cc0
ffebb00000980
004da00007d80
ffbb403feea80
ffdca00003c00
004d403ff1440
ffba103fd3680
ffdb40000f280
fff9400008580
ffb5603ff21c0
0017900009b00
000c90000af80
0037803feb040
0039003fff900
fffe00002a140
fff9e03fed140
fff5f03fe63c0
002a900010440
ffbc3000019c0
0006a03ffb800
0048903ff8600
001ea03ff2b40
005770000d380
ffe9b03fbee40
ff97703ff9f80
005ae00010f40
0010603fe6e80
005400001af00
0051d0000b940
ffda900001640
000a80001e600
000ed03fd7a80
ffff900007080
001910001c5c0
0020f03ff7740
fffe50000ab00
ffe1000005740
fff6a03ffa340
ffd7e03ffaf40
fff1900013a40
003340001a500
ffde900004180
0020100004d40
002a003ff4600
ffa7c03ffa680
ff8e6000067c0
ffcf003ff5740
0054603ff9780
007f603fef640
ffc7803fea580
00d5603ff0c40
008cf03ffabc0
ff9c003ff3a80
0030e03ff66c0
003f10001b140
ffe7a00011700
0005103ff8d40
ffd6000008a80
ffbe900000bc0
ffa9d03ff35c0
fff9e00005d40
ffdab03fea840
ffbf403ff7a80
004b003ff5d80
ffed403feba40
ffd4100002480
0044303ffcbc0
ffcc0000040c0
001f50001b6c0
0040203ffb0c0
ffef803ff4e00
ffed103ff4f80
0000003fff280
ffe2b0000d6c0
ffdd303fd5b80
005d703feae00
0025200005c00
ffe1b03fd8d80
006da03ffa580
0011a00009840
ffc7f03fffe40
fff0003ff1180
002f203ff7300
0048103ff81c0
ffe300000ea00
ffded03fe8a00
fffb103fe9240
0002503ff4d80
0016e00017f40
007ed00001300
fffdf03fd93c0
ffcb803fd8780
00684000043c0
0085c0000a680
ffff603ffe980
000ba0000c380
ffe69000091c0
ffa5300002e80
ffd470001c680
ffa2d00025440
0037a000074c0
00b2903ff9500
fffe903fef340
ffd7303ff0f80
0008c000117c0
001b500006940
0062903fe5140
005db0000bf00
0006100025040
003ee00017580
0043a03fffdc0
006b903fe7400
000de03fde5c0
ffc030001fd00
fffa90000f3c0
ffbd803fe7780
ff70e03ff82c0
ffe0300003100
0035600002c00
ffded00014f80
004ac00012440
00a5603ffc040
006ff03ff1440
009dc03fff940
ffff300037cc0
0026e00004fc0
0070303fe0c00
007d300008f80
006e60001b5c0
ffc2a03ff3c80
ff98d00017080
0063800001480
0043603ff4380
ffec000011e00
ff80c03ffdf80
ffa2900003840
0032c0000bf80
ffe5203ff0640
fffc4000131c0
0007803ffcbc0
0012003fd64c0
0012b000104c0
ffdc700001b40
fffb203ffb180
0052b000084c0
0051d03ff7c00
ffd0303ff7800
ff8ec00013b00
ffa9d00014fc0
0044900014a40
0033603ffdf80
0030603ff6bc0
fff6f00000900
0039603ff09c0
002ab03fe2f80
0042503fe9c80
00d4d0000fb80
fff3d00019b80
ffc5703fef540
ffb3303fd9b00
ff7a80000ae80
ffd77000201c0
ffe1f00007500
0052b0000d200
001a003fffac0
ff91903ff71c0
004350000b640
00a280000c1c0
0035c03ffd240
ffefd03fff180
ff60000000580
0053703ff4f40
007cb03fd5000
fff2f03fe3240
000a300011b80
ff71d0000ce80
0041f0001d3c0
0055200017940
ffda700011380
001f103ff7a80
ffed303fc8440
0007c03fe3e40
0047803ffdc40
ffcdc03fe5f40
002b003ff2f80
003ed03ffb500
ffd8403fe5500
001c900004e80
000a500008800
ffdf403fedfc0
0009d03ff9b40
fffbc03fed200
0032700002040
ffb5900011000
ff905000083c0
ffea403ffeac0
0016003febe80
0017503fefe40
0034303ff9480
003e203ffe900
003620000a700
002d0000044c0
ffe5503ff3a00
ffbcc03ff9500
ffb0503fd2c80
0040603ffbb40
0097403ff8880
009cc03fcb240
003d703fea380
0080a03ff57c0
0005703ff7540
000fb00029840
0032100012640
fffbb0000dcc0
ff91d0000e9c0
ffe8503ffd380
002f00000b6c0
004ed03ffd6c0
003fb03ff2140
007bb0000a540
0024d00006ac0
ffd620001d400
0061300012d40
ff8e40000a8c0
ffda5000036c0
007af03fe3740
0001b03fe8940
ffe420000ae00
ffd8c00005040
001a803ff2d00
0049503fed640
ff9ff0000bd80
000e100010b80
ffb1100012280
ff4c100018080
001ba03fe5d40
0018303fe4e00
ffadb03ff3180
001a703ff60c0
ffef000022680
ffd4c03fe7b80
0027e03fde7c0
0000100008c40
ffd0503ff3680
ff8bb03ff3580
0016903ff9a00
003fd00012580
ffe2f00016380
ff92003fe9900
ff8b003ff0980
ffd1600003200
0028b03fe26c0
ffd8e03ff1e00
ffa8e00007000
004100000bc80
003f20000d5c0
ffff70001ddc0
0033a00004080
0045200002140
0003503fec1c0
ffd3303ff3680
001e5000186c0
0055000002c80
ffbb503ff1600
ffcfc0001d280
0078c00023c40
001b603ffb500
000d603fffb80
0076000007280
004520001cb80
0073c03ff9900
000be03fea500
ffa2a00002940
0020f03ffd7c0
fff5a00012700
ffa4b00019540
0035400001a40
fffc703fff640
ffcf503fef940
ff8ee00006d00
ff9ad0001ebc0
005310000b480
001b000005ec0
ffe250000d340
ffd060001d2c0
ffc1500010840
007270000b500
000b003ff7040
ffc8200017b00
0041c0001c540
0012b03fef900
ffb8c03ff8ac0
0071b00015080
00794000192c0
ffa1e00005380
ffbed03fdc340
001ef03fea3c0
ffceb00013ac0
ffb0103ff1d00
ffff503fdefc0
0012d03ffa200
0051303ff66c0
004a903fe70c0
ff8df0000ac40
ffc54000127c0
0001103ff51c0
ffba803ffca40
0011e03ff7d80
005a503feec40
004cf03ffe080
ffa9603fe6ac0
ff2e803feaf40
ffe1403ffdec0
0015103ff66c0
0036900005500
ffd1400016780
ff5ab00012e80
ffc320000ef80
fffc700024b40
ffeec0000e280
ff96500000580
ff02800017d80
0044f03ff42c0
009ca03ffde40
000120000a740
0062e03fff2c0
0020800000ec0
0056d03ff2dc0
0022303fd8880
ff24d00002180
ff6df00006500
005f40000da00
ffe8a00009300
ff73f03ff41c0
ff9c40000c7c0
ffbc60000c100
ffb9903ff3f80
ff8bc03ffb5c0
002060000afc0
ff9f700007540
ffc94000075c0
0022c0000c880
fff5e00001080
ffea503ffed00
ffca800008100
ffa6403ffac40
ffc770000f280
001bd00003200
ffd0703fe67c0
ffd2503fe7d80
ffd8203fea800
ffdad03ff1000
00283000163c0
0065c00030dc0
ffca500020780
ffc2303fe91c0
0043803ff72c0
ffd7703ffc080
ffd2903feabc0
ffdb90000f880
fff8603ff05c0
0019003ff6c00
0008503ff5700
0039803fd8140
00a2103ff55c0
001470000a240
ffbd200013600
0059e00022c40
0046103ffedc0
ffd6203ffcbc0
ffd0900010d80
ff94503feeb40
ffe0103fdfa00
ffdad03ff5600
ff84200005800
ffbf40001f300
ffe0e00018c00
0039b03ff9240
0013403ff6a00
ffb8c00002ec0
006da03ff8fc0
0054200000e80
fffca0001ad40
fff7500014700
000ba00012a00
003d203fe6340
000e503fee680
fff310000e300
0057803feb840
ffdb703ff3fc0
ffee603fec680
0018a03ffcb40
ffeb70000ce80
004950000cc40
0064103ff5080
0038a03ff3fc0
ffa4d03ffc400
ffcc300003680
001b10000ba80
ffc960000a840
ffecf00019c40
003950002de80
ffd670001a700
0039203ff4440
007fe03ffed40
ffdc203fecf00
fff6303fe2640
0026a03ff2940
0058303ff8cc0
008a00000e2c0
001a600011740
0084700012f00
003b10000e700
ff1b600003040
fffce03fed540
0016103ff4400
ffb1c0001d480
0035400002440
ffb4803fdefc0
ffcd903ffd040
003440000bbc0
ffaf1000070c0
001ca00015580
0001203ff6140
ffcd103fd87c0
0040703fe5640
0006a03ff0d00
ffc0b00002380
ff91f03ffbec0
0023303ff9b00
fff530000c600
ffa9a03ffef80
0096f0000e280
0014500007a40
ff51803feb1c0
0064703fdfc40
0088d03ff1440
ff5be0000c5c0
ffa9a0000c6c0
0068e03ffba40
00a5203fe2cc0
005f300010dc0
005fb0001b180
0007e03ffb140
ffd8c03ffe8c0
0057a00001dc0
0018403ff43c0
ffc9303fdb980
0039f03fefbc0
fff230001ab00
ffe93000097c0
ffc9303fefb80
ff9160000cd40
ffd8100007900
ffe0900001240
ffe2f0001d300
ffef603ff6280
0048603ff8e80
ffe8b0000b2c0
fff8003ff9fc0
0046503fe89c0
000d503fe6ec0
ffc8e03fdea40
0045103fe0840
0077803ff3640
00a0d000165c0
008af03ff7980
0033d03fe1240
0046b03ffcec0
ffc99000049c0
ffe2503fe0900
fffff00008640
ffb0100006c00
ffc4b03feaa40
fffe803ff4740
0063800011440
006fd0000d680
ffc77000142c0
000da00001900
002f203ff56c0
ffdff03fee340
0000203fe85c0
ffcfd00005f80
ffe800001db80
fff670000fd40
fffcd03feae80
000b503ffee80
004e90000bfc0
007010000a300
00b0600004f80
00aae03ffc580
ffd1a03ff9b80
ffadd00007bc0
0061e00014400
0069a00009180
ffc400000a800
ffdec00029f40
0006b03ffcc80
ffd4b03ff2d40
002fd03ff8180
0024603fef540
ffbcb03ff54c0
ffc6f03fe4e80
00286000088c0
004b700032080
008b603fda500
ffd3203fd4f00
ff88400010040
0009900013a00
0015503ff9940
0031c03fd58c0
ffd6d00013680
ffc4800045f40
ffebb03fe12c0
002cb03fe6b40
ffe0700019380
fff0700001200
ff73100002280
ffd5c00004a80
ffdc003ff1540
000ea03fdea00
003270000ce40
ffd3600002e00
ff9100000ad40
fffe30002b440
ffc41000014c0
ff7390001f680
0012a00003980
002fd03fc4d00
ff83903ff3e00
ffb7100010080
001fc00007740
ffe0700018dc0
004b40000e680
0076c03ffd4c0
ff7b203ff5300
ff80900004bc0
0046600002980
004b803fd3a80
ffb2a03feed80
ffb5f03ffbfc0
003f703ff5680
0006800019700
005110001f2c0
00cad03ff4280
006db03fe5a40
0037803ffc7c0
ff86c03ff4d00
ff231000048c0
ffff9000117c0
0034803ff0e80
0037303feadc0
000620000f300
ff9b803fff5c0
000110000d600
002b90001f280
ff8ea03ff7c00
fff7a03ff8800
0040f03ff2980
ffd660001ea80
fffb000001680
0009a03ff3180
0031200020f40
ffcc200002480
ffc4203fdb180
008fd0000b180
ffd1503fed1c0
ffa7f00005fc0
008340000dfc0
0090003ff0580
ffd5f00008b80
ff74a03fe1fc0
004d203fd3d40
ffea70000c040
fff6a03ff5840
0040c03fec140
fff4000018b80
003b40000e040
00293000086c0
fff2900016d80
0028c00005e40
000a700016400
ffa34000180c0
ffb5f03ffc3c0
ff7dd00001fc0
0047203ffa900
001ea03fec280
003d103fff4c0
0046003ff6500
fff0a03ff2840
ff6a70001ad00
000f800009f40
0049500011580
0010200015740
0004403fff4c0
0019203ff2500
fff5900011140
ffe0300000640
000b303ff7540
0007300014400
ffa2700007680
ffb9303ffe0c0
ffe6c03fe4780
ffc4f03fd6f00
ffe1f00002280
002d300009cc0
ffd8800006c40
002770001b800
fff5b0001a900
fff5503ff7a00
0035303fdd440
ff8fc0000e700
ffcc900012780
0055503fda2c0
ffb9500017b00
ffd9d00010f80
0056e03fe1bc0
0028d03ff1c80
00225000092c0
ffe5500005980
ff0ed03ffc3c0
ff75c03fe7ac0
006e303ffb640
0023303ffe540
ff92c00019240
0038500029680
00b4003ffb0c0
001aa0000fe40
fff4803ffdf80
ff8d003ff7980
003bc0000ab00
003380000a340
004020000bd40
0069d00004840
000a303fed140
fff2b03ffd280
000960000a780
ff98003ffd400
002ee00010580
0080500010040
ffd4c0001a100
000b70000f340
0074303ffab40
0053b000081c0
ffca303ffc680
ffb5a03ff91c0
ffb8f0000f9c0
ffc4603ff7f40
004ea03fda3c0
ffe6403fefd40
ffbf703ffab00
ffd5c03febf00
ffbc400001780
0070c0000cf80
005a203ff0140
ff95203fff3c0
0046000001400
006eb03ff7040
ffb480000acc0
001e503ff94c0
0041f03fee000
ff7ee03ff4a80
ff83f03fde900
000fe03feed40
ffdb70000bc40
0065203ffb040
00e8400009400
ffd590000dd00
ff45f03fe7140
0095e03fee9c0
ffaec03ff88c0
ffa8d00000a80
007020001ef00
002f50000e240
ffd2703ff4280
ffcda000042c0
ffa1703ff45c0
ffdf903ff1780
001470000c9c0
ffdfb03ffbf00
ffc8603ffd580
ff522000014c0
ffa8903ffb280
fff5c03ff8b00
fffd800016a80
fffd80001a480
001ef03ff3100
ffa3600003040
002e503ff3780
0055303ff8380
001700000f880
ffbea0001b400
ffe02000210c0
fff670001b600
ff91c00033c00
ffed100027540
00d9703ff7140
0010800033040
ffea1000271c0
0015303ff4880
fff1c0000e700
0006403ffcbc0
fff0900005fc0
ffb800000b080
0070103ff0140
001ac00003440
ffe6f0000de40
ffd7e00010c80
0006003feebc0
0060603fe5d00
ff6be00008640
0020303fe2740
0109b03feff80
002ca00001d00
0007400000dc0
ffee80002a5c0
ffa4f00006c00
0043603fe7e00
0003e0000b640
ffaa703fef180
005d503ff5140
0008500016240
ffb310000a840
ff7b003ff7f40
ffde203ff6200
0078b00013d80
001420000a080
00659000085c0
006ff00023d80
001250001f240
005a60000d240
0028903ff0400
0001f0000a200
0036b0000c040
000e203feef80
0036203fe5200
0022d03ffe200
0038203fef6c0
002c403fe8a00
002b40000b340
000cb03ffef00
006c603fdecc0
0000203fe5a80
ff89a03fecac0
ff85203ff38c0
002070001c7c0
00050000079c0
ffdf503fefb40
0001100005600
0037c000077c0
005040001a6c0
ffd110000b240
fff7500008540
00063000050c0
ff79303feb880
000f803ffe440
ffc0200027340
ffd3a03ff6180
000ff03fdd380
ffd09000023c0
fff7b0000e8c0
002000000ef80
ffc77000013c0
ff9db03fece00
ff6ae0000b580
ffbcf0000ef00
ffdfc03fd8380
000b800009bc0
006160001c4c0
ffd0c03feb680
ff78a00000400
0003f00015b00
001110000f700
004660000b800
0033c03fecac0
ffb5d03ff1ec0
0015b00005740
0032100003d40
005c300006f00
002fe03ff7d40
0015b03ffcec0
ffe4200005600
ffddf03fe8b00
005bb03ff6480
000f0000043c0
ff92503fe5580
ffe2603ffe480
ffe730000bac0
ffa4003fe7c00
000c503ff4f40
ffd2800001000
ffea300000cc0
0046c03ff2b80
004d2000049c0
003330001bd80
0029d03ffff80
ffa8303fedc40
000fe03ff8ac0
001910000e100
00211000101c0
009bf00003880
00a98000091c0
00b0900006540
00455000013c0
0012803fedc00
0037103ffb200
0033903ffc940
fff3f000018c0
ffd6f00013000
001440000c540
0009f03fe7700
ffb1603ff3240
0005c0002a880
ffaa700008e40
ff62203fd7180
ffe8803ff8500
0033703ff73c0
0025c03ff8240
0003203fea2c0
ffe4603fea000
007ad0000a240
0040400011b00
ffd7903ff2e00
0024a000131c0
0017800011880
ffff30000f980
0011a00007a00
ffea303ffd3c0
0016603ff87c0
0003800000cc0
fff4a00000200
ffb2700003780
ff6db00028740
ffefa03ff3640
000f503fd9ac0
ffe9000004780
000d8000299c0
ffb5f03ffb940
0052203fef2c0
009df0000ab80
ffba400015c80
0038903ffce40
009050001c540
001cb000225c0
002f603fe9c40
0000e03fef4c0
ff77703ffe240
ffe7000004c00
ffcdd03ff18c0
ffef800003880
0066f00005a80
002df03ff3dc0
ffc6e0000efc0
ffc0c03fed080
ffd9703fdeac0
00030000171c0
ff9c703fff340
ffaf800009100
009800001ca40
fff1d03ff5500
ff6ef0000c180
0015803ff3a00
0002003fe3440
004e30000c600
0050c03ff5e40
0058703ff6e40
001af03feaa00
ff86803fefa00
ffc0d000125c0
ffa9200003400
ffb8800008340
0081203ff5500
001b703fec200
ff95100006300
005a403fed2c0
0034703fe1640
ffb22000120c0
ff69500002100
fff1b00010740
fffdc0000a940
0026703feba00
0078303feb3c0
005710000ff40
0002e0002a940
002b50000d7c0
0032103fef1c0
006aa03ff5d80
004dd03fffd80
009c200001680
004190000cdc0
ff89d03ff6100
ffaf703ffed00
ffd2700009880
ffd7c0000e7c0
0002400004c40
0003903fdbec0
ffd0003fd2840
ff61f000072c0
ffa1300007bc0
ffb3000001300
ff99103ffccc0
0007b03ff4480
ffb6000005fc0
ffa7600023400
ffc4e00023100
ffdcc0002f700
0005b00009b40
ffb0c03feb500
ff39003ffdb00
0024b03fda440
0028003fdebc0
ff9230000c240
ffab900004940
0003300002340
006c400009d00
007d503fe7b00
0070203fe9c00
004e003ff2680
ffdbd03ff0d40
ffbf100007900
ffe220000fb40
ffe3403ffddc0
000aa03ff4740
ffef900035200
0024a00003480
004d90000a180
0001100019600
fffa400009440
ff8de0000bbc0
ff80803ffc7c0
0050103fde940
005ae03fe8200
ffd9f03fedc80
001b003ffea80
0045003fe7400
0048c03fe8b40
003da00005ec0
ffd2d00009240
ffa5603ff0e00
0039800006500
0050f03ff7200
0003703fe2f80
0068a03fe73c0
0003c03fec0c0
ffc35000025c0
001e70001f340
ffae00000f600
0028803ff3080
0066703fe7d00
fffbe03ff8040
0061f00002c40
002c100013500
ff9d200001e00
fffc603ff9640
000c700015f80
001c803fff4c0
ff9d203fedb40
ff4800000a9c0
ffc9c03fe7240
0003203ffb5c0
ffe7500019a40
0018e03ffb500
0011103fe8380
001f203fec1c0
ffd7900008d80
ffc0800003000
ffe9f03ff1cc0
fff4f00019bc0
0003c00019400
ffb1603fee640
ffa9c03ffc3c0
002b303ffad40
ffb3300012a40
ff9af0001f980
0073400006980
003d0000082c0
008070000b500
0036800008140
ff96300007ec0
ffdd503fe4840
000e503fe0580
001bc00003440
002d90001ad40
005b300000c80
003cd03fc4040
ffe0c03ffbbc0
0014a00014cc0
0021503fcfcc0
0000503ff72c0
003600001c3c0
ffd3300016b80
ffc5700011c00
0047503ff2740
0058703ff06c0
003e703ff73c0
ffedc03ff9240
ffdcf00031880
000fa00008b80
ff7a103fde840
ffa6e000066c0
00271000034c0
fff6403fdb380
ffc5403fe1b40
000b803ff4a40
0060c000013c0
ffb8003ffe880
fff1603ff5940
004f300018280
ffede03fed900
ffe9b03fed800
ffcd50001bb00
ffdff00002180
0013b0000d3c0
fffdf0001cf40
ff8e90001fdc0
fff500000a480
ffdec03fea040
ff37803ff1740
ff93a03ff1080
0077303ff1080
003e90000d8c0
0010700020d00
001f000003d40
ff9590000e440
ffd3a00015ec0
0013900019780
fffb300009840
004940000c300
0006300030b00
0002b03fe56c0
ffa5000008ec0
003d500022e40
0014503fedc80
ffb4b00002380
0068f03ffa040
004f803feb580
ffac100009900
002c200009d00
ffbf903ff5dc0
fff670000a040
ffd6403fff900
ff1f000005340
0056a000028c0
009d700004540
ff7cd03fd91c0
fff5b03ff1a80
0027300010f40
ffa1100000e40
0027c03ffce00
000740000fc00
ff63103ff1c00
ffb6503ff3500
fffa90000bf40
ffda403ffa740
003f70000a940
ffbdb00017940
ff8c503ff9200
001b100009800
ffd520000d9c0
fff1a03ff25c0
00172000104c0
ffa8300016280
ffc8a03feb780
ffb7600012000
ffcc700005b40
0027c03ff4700
0014d03fe1180
fff5203fe72c0
0070f0001bb00
ffb5c03feab00
ff89f03ffe4c0
ffbf5000236c0
ffd0503fd9600
fff7c000062c0
0002b000134c0
0041c03ffd980
0013000029100
001e603ffcf00
005f503ff6640
ff69403ffde80
ff85803fdd2c0
000a800002ec0
ffbd603ff5400
ff8ed03fded80
ffeec03fda6c0
003de03fde5c0
0084d00004480
0077403ff3340
0046f03ff6000
003e00001a900
0090a00002a80
0046a000160c0
000d500018440
ffbcb03ff31c0
ffdb500016cc0
0033703ff91c0
001bb03fe3d80
ffaec00002140
0003103fe02c0
ffda803fe59c0
ff8d00000c6c0
0049e0000da40
0016603ffb600
ff3fa03ff2ec0
fff9200000640
ffd7f0001eac0
ff83a00010b80
ffc9203ff21c0
ffc200001d040
fff9300023440
0039300000840
0005c0001a500
000e4000106c0
ffb4b03fe4e00
ffd4803fea240
ffe2b03ffe580
ff80003ffe500
ffdb503ff07c0
0025803ffc640
ffbfc0000d000
ffca300016700
0011800011980
007cb000030c0
001fd0000df40
fff9303fe7500
0021b03ffb000
001a503ffba80
0052f03fe8cc0
fff98000069c0
ff6fc00001c00
001f903fe2640
0057d03fee840
005800000f880
ffe200000db40
0055a00006e00
0043a00010340
ff94e00026340
ffecf03fff140
ffaa203feafc0
ff95503ff5440
0079d00006d00
006e60001cb80
005c700007e40
007b900006940
0031d00005d80
008f703ff2d40
ffcfe03ffe7c0
ffef703ff16c0
004a603fee840
ffeee00006540
000a303ff0480
000a503ff7a80
ffbb200009840
0002c03fe2600
fff1d00002500
ff7a900013000
ff7c700005000
ffdcd00003840
ff5c300002b40
ffa92000000c0
0031103ffc780
ffca103ffcb00
ffa1303ffa9c0
fffc203fe6800
fff0f03ff0480
fff6a03ff62c0
000b003fff540
00597000043c0
0036f00006380
ffdcd00011580
000ee000086c0
0020703fea440
001eb00008640
ffea103ffd200
ffbe0000045c0
003b103ff9200
0020a000007c0
008ea00002140
0039f00001140
ff48c03ffbe80
ffe8703ff66c0
005d503fdce00
ffd7703fddd80
ffdf403fe6c40
003a803fe0c80
ff8cc03fdd940
ffdda03ffaa00
001cd00011500
ff54c000090c0
ffbbd000052c0
0056d00018dc0
ffae303fe1e40
ff6c303fdd540
003ac00004680
001ed03ffcf80
000b903ffc380
ff9e10001cd80
ff76e0000c7c0
0005d03fff9c0
fffc503ff4b40
ffa6903ff1980
ffa9b0000c9c0
0043703ff9100
ffd7800012840
ff98f0000ed80
0045803ff5980
0037203ff4240
fffb803fe3400
0044103feb2c0
ffe7300034e40
00389000116c0
001ee00009880
004690000b600
003b903fe3980
0045900006480
009ce00014500
ffd4803fed900
ff94003ff1b00
003bc03ff4a40
ff89003fd4a80
ffbc000002040
00a74000051c0
0079803ff5c40
fff3000005e40
ffbd803ffb700
0040903ffd440
0022503ff2c80
ff5910001ef00
ff46300018940
ffffc03fd3700
ffd2803fdcec0
003ca00017b40
ffd0103fffb40
0022603ff1340
ffde600014a00
ff5210000cd80
ffbf80000e100
004480000b2c0
001770001a680
ff74e00011480
ff80b03ff2500
ffe7a03fe4080
008a600002200
000aa0000ccc0
ffb730000a780
ff8f9000022c0
ffcf903ff9e00
ffc8e03ffbfc0
0025d03ffb700
fff9503ff7100
ffacf00003440
0030d03fee840
002070000f480
0025c0001e940
005d803fe1a00
006d203ff8140
006060001b480
ffdca03ff3f80
0003403fead40
0038703ffde00
ffcb40000fe40
ffd6400031080
000be00011d40
005cf03fe7dc0
005fb03ff5680
fff4703ffa180
0025803ff4700
0036300002b00
ffded00020600
ff8dc0000bec0
ffe9b03ff5100
00ba50000b980
00c1700011580
007cc03fefc40
003db00007e00
ffc4a000022c0
ff92a03fed500
ffef303ffde00
ffe3f0000cec0
ffb28000078c0
0096403feef80
0087b03ff9c80
ff61e0000ca40
ffefb00015800
0046d03fffe00
ffcc903fe5240
0092303ff6b00
005590000f340
ff49503ffe940
0003900007480
ffff600010700
005000000ea40
00a0303ffa480
ffd5600000980
ffd9703fff3c0
00a5700015800
006cc0002ffc0
ffe1e00014d40
003f600006380
001a900013e40
ffa2d000054c0
ffbb103ffc700
0011800002ec0
0083403ffbc00
0093d000058c0
0013100006d80
0004c00021f80
001340001c700
ff96303fe4c40
ffe9e03fd7a80
006a303febbc0
0052503ff8540
0032103ffdc80
fff8003fef640
0008f03fe58c0
004cb03fdb400
0049a03ff6c00
004b300012100
002fc0000cfc0
006e600035c00
fffc400020380
ffebd00005c00
005870000b040
0042803ff7340
ffedf00002500
ffaed00011bc0
ffded00012cc0
ffcb700005e80
ffac903ff1300
003b003fed440
005e203fec000
fff9d03fe8d80
fffc20000e300
fff360000f480
0001a00007e40
fff2e03ff3040
0058e03fd1480
ffdaf03ffc5c0
ffc8d00017640
fff5d0000f800
ffdb700012e00
fff9200006080
ffd4903ff8380
0006a0000efc0
00a3b03ffca40
ffdc803fe1080
ff96103feccc0
0003f0000dc00
ff9ac0000c080
ffd9103ff9e40
ffd8703ffb200
ff8d403ff3540
004d7000038c0
0019603ffa8c0
fff3203fe2b00
002e503fea200
ffd6a03ff2440
0045a03ff1700
00a4203ffdec0
ffcf003ff9680
ffaa100015080
003ea000158c0
004680000c500
0038503ff39c0
000c803fe98c0
002f700002980
007320000af00
fff7a03ffadc0
000a103ffda00
002d203fefd80
ffd1d03ff6780
ffd9903ffbec0
ffadc00008840
ffcda000009c0
ffedb03fed200
ff91a03ff12c0
ff88e00014540
00089000128c0
00266000012c0
004a60000c500
ffeb30001e040
ffc3f000057c0
fff1d03ff2840
0036d00021000
007a00001fd40
0001300018cc0
ffbea00007540
00d4203fea580
004e800005d40
ffba400012100
ffe73000028c0
0032303ffd240
0015400009bc0
fffaf03ffd6c0
fff7303ffefc0
ffe3d0000df80
0023f00000e40
0081803ff8b00
ffa6b00004840
ff6d500009bc0
0058d00000a40
004ea03ffa880
0001500000480
ffefe0001d400
0008403fe0f80
008d203ff6940
0096d0001e140
004a603fe3900
0018c03ffb900
000c400027240
0057d03fe7ec0
007fd03fff540
ffdc300011e00
ffbcb03ffb3c0
003db0000b740
004f900008f80
ffd4d03fe6cc0
ffe5903ff73c0
004fc00009a40
002ae03ff8280
000c203fec300
0034003fbf5c0
0021803feacc0
004530000d300
003aa03ff9e40
003ad00019800
0051103ffec80
0066c03fe4c80
000370000f800
ff9b200009140
0004103ff5780
002ef00017ec0
000c40000a780
002e400005440
0059603ff2a00
ffa3503ff0000
0004a000028c0
0077703fefdc0
ffeee03ff8880
007b703ff0500
006a303ffc240
0000500013d80
ffea903ff00c0
ff92803fe9100
ff72b00008a00
ffdd703ff5480
ffb3403fe5300
00a6803fe6b40
007ba03feb240
ffc7f03ffcd00
00523000134c0
ffd9000014fc0
ffc0503fed4c0
0019703fee600
0000503ffff00
0042003ff4200
0054100002600
ffcdf000180c0
ffabf00013200
0023400009e40
fff3200029780
ff87e000232c0
ffecf03ffbd80
003a40000bb00
fffb3000276c0
ffe050000cf00
0093100010ec0
009e50000a440
002a103fe31c0
ff5ad03fd3380
ffdc503fc0d80
ffeba03ff98c0
fff8000043700
ffd8700009340
ffec3000034c0
fff820000f200
ffbeb03ffc640
0007103ffd200
006e100004140
0012a03ff9b40
ffd1000009900
ff8c103ffd500
ff49203ff6f00
ffe0d03ff7b40
000f603ff3e40
0009503ff4580
ffda303ff8a40
fffd700005980
0023600001c00
ff8190001cf40
ffb3800011e00
0023503ff68c0
ffbe103ffc680
0037503fec900
fff5403ff0440
0023d000172c0
003df03ffe940
fffe000018440
fff4d000002c0
ffcc203fea980
ffde90000c840
0017903fee240
ff9b603fe8c00
ffcfc00001140
0024103fdae80
fff3103ffa200
0019b00022900
002dc0001b400
ffada0001f500
ffcdf03ff9700
0032100003200
000a600021b40
0021003fe9540
008f103fda800
ffc5503fe4e40
ffcba03feea40
0094c03ffb000
ffcec03ff8280
ffd6300003240
006f600003580
ff68e00010b80
002c40000abc0
0031b03ff0f80
ffebf03ff32c0
00baa03ff9b40
0019803ffed00
ffedf00000bc0
0069103ff7900
0004103fe5040
0008803ffe2c0
002cf000127c0
0007f00008d00
000d503ffb600
0021e03ff6800
0008300016c80
0059400006040
000a003ff86c0
ff52503fff280
ff98903ff6900
007060000e580
ffbac000266c0
ff81903ffd700
0083a03ffa0c0
007060000e140
ffcbe03fee780
ff7c100005e00
ffddf00006140
0027703fea840
fff65000016c0
000f103ff6cc0
ffbea03feb240
ffd0203ffd440
fffee03ffc040
ffd2003fddfc0
ffda903fe4140
ffef503ffefc0
0021903fff3c0
000ff0000d440
001130002a100
003c20001e540
ffdad03ff5380
0006400010600
0037e00008100
0021000000640
0062600011800
0038d0000c380
ffbc103fe6500
ffc8000001100
ffff000011740
0037803ffbb00
0032300013a80
0044803feb280
0028703feabc0
003050000f680
0004b00005140
0048a0000fa80
fff5700008b40
ff8f503ff7b80
ffdbc00028b40
0099200023c40
0076c03ff5800
003a800012ac0
0009c00003240
00246000028c0
0057f00007d00
ffb3603fefb00
ffb8f03ffe280
004dc00001700
0086803ff0280
0010700004bc0
0007d03ff9840
fffec03fcfb00
ffbc103fe9500
ffb91000025c0
ffeb303ff9f00
002d403ffca80
0073103fe4080
ffe6f03fea840
ffac903ffb340
001e200000100
ffad003ff8740
0068903fe85c0
0051e00006f80
0030200018a80
008af0000db80
ffdb603ff6900
ffa3003feb440
002cf03fff700
003280000af80
0028b000078c0
0014403fefa00
0093503ff5380
008cf03ff9f40
0000b03ffba00
ffeff0000dd40
ffe7000015d40
ffd4203ff2300
0004703fdf640
ffd5c00004640
ffd6203ffadc0
ff97c000041c0
ffd0903ffd040
ffe2c03ff8180
0016d00019f40
fff6100023800
ffb6200008780
0004a03ffa900
0046b03ffab00
ff93f000052c0
003f703ff53c0
0040203fe5800
fef5603fee7c0
ff6840000ad00
007620000be00
0082003ff9200
0048603ff5d80
0061400006380
00a2c0001ce80
0003903ffa0c0
ffeb103fd5ac0
ffcfa00004500
0020700006000
000c703ff9400
ffa0b00004180
ffdd103fdec40
fff5103ff3080
004750001a300
0026403fea480
0019b0000a580
0070203ff4940
ffb6b03fe2a40
ffb230000dc80
0077c0000a040
002a300005040
002e503fff300
ffcc003ff07c0
ff81500001440
fffa803fd80c0
000a903ff6700
0060c00016040
0020e03ff5500
ff34a03fefe00
ffea303ffca40
0050103fefec0
ffa8603ff3b80
ffe7500004c40
ffe7b00010400
00cc203fe1f80
0055a03fce940
ff6fc03ff8f80
fffb503ff1280
002ce00004c80
ffd3b03fefcc0
006a603fe83c0
006d000006740
0007a03fdd240
0009503fea180
ffa8e0002b480
fff56000239c0
0056703fe7380
ff9d103fe4680
ffa0703ff9400
fffcc03fe3ac0
ff9a100007c00
ffebd0000db00
ffe3703ff5e40
ffb5603fe2540
0013003ffed40
ffb8d00015bc0
ffd0700024c80
ffdf100018340
00255000093c0
00a4800004a00
ffee100000d80
fffc80000e140
0068b00018c40
001b303ffc200
001a603ff0000
0030803ff9f40
fff3c03ff59c0
0005f03ff1cc0
ffc3803ff6440
ffecc03ff6500
ffee003ff5bc0
ffdae00012200
fff8500008b80
ff90f00012900
000c400008000
0052903ffae00
0071403ff4140
00c7a00003f40
0007c0001ac80
0036c00012680
007e8000051c0
002a603fe9fc0
004a103fd4f40
ffcda03ff0500
003d500020880
0008e00007e40
ffc4203ff34c0
002a903ff1900
ffc2400008400
ff8a500019440
007b40000bac0
0076b03ff8300
002f303ff7e00
003c603ff7100
002ae03ff4ec0
0039503fffa80
ffd8e00003940
0028600012500
0060e00010180
ff82200014d00
000ee00009080
0027803ff62c0
ff85100009280
0036e03ffb4c0
0078f03ff7600
0020f00021440
001fe00018780
ffe3f03ff8b40
ffa6400007400
fffda000136c0
0019203ff5800
ff76c03ff78c0
ffd1700004540
0030703ff93c0
ffcb603ff8780
ff7570000e340
ff83a00004000
fff8803fd9900
ffc3f03fe42c0
0066f03ff5640
0048503fee080
ffdb703fff8c0
0016b03fffa00
ffe4e03fed6c0
ff3b903ffa180
0032300023e00
0050000009580
ff93a03ff9dc0
000e303ffb340
0054203fe5900
0032200003380
004a700002340
0016003fd77c0
fffc903fea6c0
fffbd00009640
004d000007e80
003f403ff9200
ffbce03fe6600
0024e03fd9ec0
ffde20000d540
ffcb400011e40
0085c03ffe040
ffea90001c980
ffc09000033c0
0025e03fe4000
001400000ca00
0012803ff9840
ffb8b000035c0
ff38800018d40
ffd7703ff5480
ffc500000fc80
ff5c80002fd00
ffb5003ffec00
ff6f50001f980
ffe0d00020380
0056b03fe9280
0010f0000a480
ffabb03fecf00
ffbf103fe7240
0028400001f00
ffdaa03ff6d00
ff70f03ff8940
ffe8000009fc0
0045d0000f840
0005c00009c40
ffd0400006500
0035200019400
003050000d6c0
ffaf80000cf40
ffabb000037c0
006d903fff240
0076b03ff5340
000ea0000e900
ff76c03ff8c00
ffa0703feb0c0
ffbad03ffc200
ff9ee00019e80
ffc2600003740
ff8d300015d00
0002a0000c940
0042003ff3e00
ffb1e0001e8c0
0011903ff2980
004ed03fcf800
005fc03ffd440
fff0903ff3000
ffb9300002c80
fff8003fff140
0005b03fe2d40
0045603ffc740
009e10000abc0
0046100018340
ffc8b00009740
ffda8000088c0
009d800004000
0022a03ff7680
002ef03ffe3c0
0074203ffaec0
fff5603ffb940
ffd2f000144c0
009ad03ff8c00
ffbfa03fefcc0
0010303ff9f80
004f403fdfb00
0020d03ffd840
0095d0002fb40
ffd0c03ff9900
ff92f03fee5c0
003350000dcc0
00441000008c0
ffd8b00015bc0
001d100002dc0
ffdca00009000
0036803ffdac0
0019003fe0bc0
000ac03ff5500
0027100002480
fffd400007180
008f703fffa00
00b1500008f80
ffba300006680
0008603fffcc0
ffd0d0000a680
feecd00002f40
ff7b203ff9980
ffcd003fe8b80
0048a0000eac0
002c000000440
ff57703fe4600
003ad00022d40
005ca00020280
ffacd03fed600
0073c00012640
ffed6000054c0
ffc5f03fe5f40
001d100014400
000d90000dc40
ffd3503ff6940
ff9e103ffa640
ffc5000013740
ff83700011400
ff67003ff7b40
0005f03febcc0
ffd3a03fefc40
ffc7600010080
0062c0000e740
ffeb503fe5800
ff72103feb0c0
fffc10000ccc0
00aed00014c00
fff9c0001d140
ffba900013180
000cf00018940
ff94a00023dc0
ffd3903ffe000
0018d03ff7940
0004f00003140
0052303ff2e80
fff6800000580
ff87403ffe6c0
ffd4303fed6c0
0051e00002180
0070a03ffaf80
0007c00011f80
005400000f380
0034703fed780
ff54403fe2cc0
003e103ff9dc0
008eb000003c0
0029e0002cc00
003440000b000
ffcc603fd1d40
0019503ffe240
0019903ff1080
0037903fe7700
006140001bd80
ffc21000082c0
002f403fdefc0
002ec03ff5000
ffa4903fff6c0
ffe9f00005980
ffeb500000c80
003e603ffd980
0089f00008d00
00283000129c0
ffe04000081c0
ff7730000d480
ff5cc0000f340
ffcfc00006780
ffbc503ff6580
003910000c8c0
ffabf03ff1400
ffe6803ff5300
fff6800000440
ff64903ff5fc0
ffde003ffc980
0031a00003600
ffe8803fe3e40
002e403ff2c00
00512000074c0
ffce003ffe640
ffbd403ff6100
fff7103fef4c0
ffe9a0000ccc0
005a70002f600
0064a00005640
0007c03ff5800
fff6200010580
ffb8f0000dec0
0000403ff0040
0076100008180
ffb6d000040c0
002b303ff2980
00b2903fffa40
ffb2803ffcfc0
0031f00013200
0037900020cc0
ff81100002200
0020500002ec0
fff5503ff0180
ffaf903ff3980
ffde200009fc0
0066503fe9a40
fff9c03ff0040
ff2e10000c840
ffc7800002ec0
001bc00013ac0
0024603fef9c0
0013203fc3180
ff97700000b80
003df000147c0
004c603fea1c0
0031300019700
0007800031c80
ffe5b03ffde80
ffff103ff8d00
ff971000349c0
001b100008e80
0043103fd5d40
ff98000006040
002df0001cf80
000e50001e380
ffde500012d40
00a890000b5c0
fffec00006400
0063303ffecc0
ffc3103ffa240
ff97d03fe7f00
001c803fc6d00
0056b00001380
004c700015640
0019100011840
ffd4703ffccc0
0009503feaf00
ffcdc00016e00
ffd8e0002ad40
000f300005500
fff05000047c0
ffb0400023c40
fff840000de00
0065303ffadc0
0060803ff5a00
003b203ff5d00
004560001a9c0
ffa9003ff8640
ff8d003fe5280
fff7c03ffd6c0
00081000184c0
fff1700011a00
ffe1e03feac80
ffe4503ff3380
ffe1e03ff1a40
ff67003fe9140
0063603ffa640
005dc03fe4500
ffaef00002280
0057c00007c40
ffffd03fe5b40
ffdec03fff280
006da03fffd00
ffec3000013c0
ffe2f00005f00
ffc1503ff1ec0
ffde500000100
ffa3803ff7900
ffab800002fc0
00a0f0000b100
0042603ff8880
ffc8d00004380
0033903fff300
000b2000086c0
ffed30000f380
fffff03ffcb40
ffb6e00019100
ffab10000b400
001bb03fe8640
0022800004a00
ffe2c03ffa500
fff6c00013c00
0088f00011b80
ffb3903ffa7c0
ff74903fe9240
ffc8600009740
ffacf00029b00
ffea303ff7a80
ff81103ff2880
fffd40002e640
ffeb7000037c0
ff15303fda840
ffd3600002e00
005f100011500
002ed0000cb00
006b100004480
0009103ff6340
ffd270000bd80
fffed000087c0
ffd8d03ffc6c0
0026800007c80
ffe0200017e00
ffb0d03ff7080
fff5403ffd240
0073c0001e2c0
007f003fed440
ffbe103fff480
ff80803ff2f80
ffecf03fe2400
0009203ff39c0
ffe0e03ff2340
ffe1a00011280
001e10000ef00
ffc2303fe53c0
ff8f900000fc0
fff2e03ffff80
ffc5703fe9700
ffbce03ff6600
0029f03ff9200
ffc8c03ff6d80
0003203fe7b00
004b203fec080
ff9bb000039c0
ffe590000b200
0006703ffaf00
ffab503fd4100
000b803fe4bc0
005cd0000fd40
ff5f803ff10c0
ffac303ff5140
0001b03fea700
0000d03fe6840
003b600013c80
ffe2200004480
ff8b600005e40
0077b00018880
009a90000c6c0
0054203ffa8c0
0086703ff8680
fffd900002380
ffb8303ff18c0
fffa100013080
ffbd00000ea80
ffdf703fdcd80
0027503ffad80
0039c00003740
0046a00005180
0076500021a00
00af203fea680
ffd4603ff3e00
ff67403ffc900
ffb6e03feacc0
ffb990000dfc0
ffeef03ff6c80
00b3f03fdf500
003070002d3c0
ffa170002de00
0057800000300
005bc03ffc100
ffb1503ff5a00
ffdc000004980
ffb0803ff5e80
0074803fe2740
0007703fecfc0
feece0001acc0
000800001d6c0
00c0b00003980
fff860000fcc0
007ef000042c0
0084703fff7c0
fff56000098c0
ffd8f03ffdf40
0015803ff3d00
0004200013cc0
ffdbb00020500
ff91e03fea700
ffde303fe82c0
ffb7d00012000
ff99d03fffdc0
ffcfe03ffc780
001de00026040
ffd1e0000bd40
fff9c03fe7740
007a403fed140
0029c03ff6300
ffdfd00014fc0
0012300004540
fff6d03febe00
fff1a03fe5700
fff5e03fec4c0
ffcc300004bc0
ff8f003ffdc00
ffe8e03fc7000
0024c03fe3140
fff7e00022500
ffab80000a3c0
ff4be03ff4780
0032d00019640
0064203ff28c0
ff3df03fe0900
ffc3800008bc0
001ed00021880
ffc3c0000bc00
00528000000c0
ff8f200009bc0
ffd8b00005ac0
008ce03ffe3c0
ffca300026ac0
000e803ff80c0
0063400002800
ffba60001d3c0
0024f03ffe140
ffde903ff0000
ffb8103ff32c0
0001a000001c0
ffc3503feff80
ff91303ff1300
ffb9c03ff7a80
0089700015a00
0058903ff1a00
ffa1303fea300
ffb1a03fdac40
0038b03fe1a80
0019303ff2ec0
0021a03ff6ac0
00a4503ffd540
0053d00010280
0018e03ff9d00
0039703fde2c0
ffbe800005740
ff2f9000080c0
ff6c003ffc600
ffc9a03fd8000
ffb0603ff8e80
ffd3303ff6e40
0054e03fd2f40
0053403fd3c40
ffcba00009800
ffbd900000700
ffedf0000c840
0013a03ffe140
0043200005340
003e600006e00
008fe03ff27c0
0036c03ffb480
ffab100006480
0031400001b80
0071800000b80
0045d000078c0
0034603fe21c0
ffe9000006900
ffae90000ff80
ffeca03ffc340
005a200006fc0
000c200009f80
001b300001840
000d003ff4280
ffb2900002c40
0004200001600
0044303ff06c0
ffe1100002b00
00312000071c0
0043403fe9e80
ffabd00004540
ffec5000057c0
001f603ff5d00
008d400008e00
0001503fdbd00
ff74f00000880
0009500013000
005fd03fdf180
ffa3503ff7100
ff98c00000240
ffcba03fd4900
001ba03ff7400
0021800009c80
fffe003fe8d40
0008b03feae80
0011a0000cbc0
0061c00007c80
0085d03ff4080
0059300013ec0
0011800049bc0
003e80002f640
ffd980000a9c0
ffb1c00003c80
ffbfb03ff5680
ffbbe00020dc0
ff8df00011f00
fff5703ffb800
ff45c03fd9900
ffa4503fef2c0
006da0001f3c0
0014303fe6540
ffd0703ff42c0
0001800011880
000e803ff6cc0
0023303fec140
ffac703fff300
ff58200011880
0014f0001de00
003d000003440
ffa770001b640
ffe530000f580
0011600005fc0
0017303ffd000
0016003ff1900
ffd8500001280
0018e03fe4b00
fffac03fe4fc0
ffefb00011880
ffc2603fffd00
ff9e700000580
00a7500004cc0
0044c03ff8080
ff5f103ffc540
ffc740001aac0
fff2b0001a480
ffedc00010a00
0013303fd99c0
ff71703fdb040
ff97100001c80
ffc9e03ff7440
fff0a03ff4d80
0043e03ffed00
003fb00010680
fffef0000b640
0005b03feb640
00a5903fe7c40
0054a00001380
ffb6e03ff8a40
000b800013f00
002a100019640
0029e03ffd3c0
002b900001f00
000d500009940
0048b0001d7c0
ffb390001fdc0
ffa2703feab00
ffd020000b640
ffbd90001f240
002eb03fe4c80
ffa8c03ff7080
ffbd400010f00
0038800004b00
ff93000010280
fface03ff0100
0015503fe8900
000c303ffba40
005e600010c80
ffdc0000148c0
ffe0f000148c0
0004e00000740
ffcc603fe1cc0
0070503fe1600
002a903ffee80
ffafc03ffd9c0
ffa2f0000a240
ffdb00001f3c0
ffab703ff4b40
ffd2703ff5f80
0023d00002100
ffde203ffe540
fff600000f8c0
fffdb03ff0b00
ffc0803ff0c40
0050200020940
0022f00016800
ffe9803ff99c0
001ed0000b980
ffc440001bf00
ffc9800007980
0092903ff8e80
ffe2a00013540
ff7e103ffab00
fff7e03fe6900
000f400015e00
0009f00026840
ffe0c00019c40
ffe3103ffdbc0
0000303fcfec0
0061403ffaa40
0009d00027900
ff70e00007440
007360001b900
00c410000ca80
0035d03ffd940
ffa760000dc80
ff7e403ff0440
ffdb903fed5c0
fff920002ab80
ffcca0000ea80
00a8003ff8a40
007c60000d580
ff92d00002f80
005c903fe1780
00cbe000046c0
ff94803ffb540
ff3a103ffd500
0031a03ffdec0
0077500013380
ffec00000f600
ffbb603ff1ec0
0030e00000780
ffef900006480
ff8c800002680
ffca700009d00
0033003ff66c0
004b603ff3b40
ffacb03feeb40
ffcc700005840
000a500001a00
001c30000a140
004ee03fff980
ffb1b03fe0f00
ffd9403ffff40
0028a0001ce00
ffa2b03fde900
0004203ffc440
00d510001c540
ffc5803fd3fc0
ffba803ff8140
005e900001500
0045d03fdaac0
001d203ff9540
ffe6403ffc140
ff9fc03fe9e80
000770000b500
0048600009bc0
ff63700001e00
ffdf703fdffc0
0043c03ff9000
ffae300016880
0020d03ff2c40
00304000012c0
fff1100003000
0086103fe9140
0016b0001df80
ffc4b0000af00
007e603fe4900
ffa9d03fe6580
ff48c03fdfd00
000e503fff4c0
ff8b003ffe740
ff81000006740
ffea400029e80
ffc0903fffe80
002d803fee580
0001703ff67c0
ff7c103fe4280
ff85703fed680
ff58f000071c0
ff8560000e9c0
ff9320000ffc0
ffe330001fe80
003a303ff6440
0057503fef980
ffe2d00005c40
0053e03ff3b00
00b2503fead40
0024d00026780
001ad0000c540
ffd5703fd0940
0027e03ff94c0
0029203ff0240
ff9a603fc2100
ffd4503fe6d00
005da03ffca00
fff4f03fedac0
0030403fe74c0
0021a03ff0cc0
000e300012c40
0028d0000bf00
0010c03fefe80
002a40000c400
0050100014d40
ffe4403fddc80
ff87703fe48c0
ffb4f00013340
0005c03fffac0
fff5103fe7fc0
ffbbb0000cec0
fff6203ffab80
0052803ff8200
fff5a03ff6280
ffffc0000aa40
0057903ff9dc0
ffd090000dcc0
ffb97000259c0
0013300008bc0
ffdbe03fec080
ffb8d03ffff40
ffcc203ffd5c0
ffe0c03ff2500
ffe7e03fee9c0
ffb1303fffb40
ffcb0000222c0
002af0000b8c0
ffc0403ff0c40
000a803ffc700
ffe8800006200
ff74e0000dfc0
0006b00012940
003e20000a980
001b900018780
0015e00023a40
ff98a00006ac0
0015c00001900
ffd2000006bc0
ff9b503fef2c0
001d903fec280
00544000016c0
0004003ff7740
ffd7600001a80
005cd0000e040
005380000b3c0
002320000bec0
ffed90000b700
ffae300002180
ffae300005080
0016403ff4a40
001c90000fa40
ffaed03ff5580
ffb3b03fe1540
ffd0d03ffb640
ff85800002780
fff0803fe6d00
ffdfc03ff85c0
ffff500007ec0
001090001de00
ffb0e00006840
fffb600000e80
000b803fe5440
ff86503febc40
ffa3303ff7c40
ffc48000185c0
007cb00011f00
0070600002900
ffbbd03ff34c0
ff8af03ff6340
0002003ffdb80
ffb9000007a40
ffcda03ff4980
ff91803ff9280
ffe4903ff8740
ffed2000089c0
ff3d600010140
ffc9700007540
0038e03fe50c0
fffaa03fe00c0
ffdd90001b400
000490001fc40
006e203fdfd80
00cfb03ffa140
001730001c780
ff9f703ffe3c0
0006600005300
002d100007cc0
0067503ffb940
005d003feed80
000d603fdd900
000eb03ffe580
0024400006240
005ad03ff5940
ffebe00002180
ffc5200015300
fff46000228c0
ffbca03fe6680
ffb1b03ff5140
000e600014ec0
ffe7200005e40
ffa5000023280
ffd030000ad80
003d900007e80
0065900013b80
0010b03ff4440
ffe6f03fe8680
ffb3400011f00
ff97703ff9340
004ab0001da40
006c9000165c0
0005b03ff10c0
0026a03fe1080
ffd7303fdc740
ffd2303fe5540
007c800000240
0028003fe6100
ffdbe03fdc4c0
ffa4100003800
ffcd8000019c0
0061503ff2240
0015b00007b40
ff92803feb600
ffaf803ff2c40
ffe2e00022300
0022c03fff880
001b503fdff80
ffc1e03fe7600
0010e03fea080
004080001a5c0
fffd200015c40
0018c00005300
ffde100001180
ffb050000b9c0
0024200001400
0012903fe3dc0
001df03fdb040
fffae00017ec0
ffed000013780
0048c03ff5600
006a900017280
002ba00009c40
ff7b600000d80
ffe3c0000d880
fff1803ffcc80
ffc3103ffd1c0
003f600009980
001e103ff5d40
ff7d403ffc6c0
0017b03ffddc0
005cd03fed600
000e603fee480
ffcc903fdd700
ffb8903ffbc40
005b703ff1140
0018603fe5840
ffcf900027b40
003330002c7c0
ffefb03feca00
000a603ff9cc0
0085903ff0480
fff6503fd56c0
0000e03ff6d40
fff7000013a80
ff98d00000780
0055403feb940
0073a0000d440
ffeff00022800
0030f00000580
0017803ffbbc0
ffe300001b4c0
ffa3d00000dc0
ffe3a00006740
ffe2500009840
ffb6f0000f080
0054700004000
002330000a580
ffa1803fe1dc0
005a203fed000
ffeed03ffee40
ffbdf03fea880
004cd03ff7500
ffc650000e440
000d403ff9ac0
fff860001a880
ff8000000ffc0
0039d03fed540
0007c03fe5140
ffe3e00008040
0084500002400
ffbd903fefe00
ffa240000da40
ffe8c00005800
ff58a03fe9c00
ffa2a00007d00
0024600010b00
00529000028c0
0012b03ff88c0
000cd03fdee80
001e100014400
001ac00020740
0033600008a40
003e20001e940
0023a03ffc500
001c103fde8c0
000a703ff3b00
fff800000cb00
ffa9a03fe8e40
ff68203feeac0
000480001d180
0024f00016b40
ffb6800000180
004b603fefe80
0015503fe8680
0024503fdd640
005f003ff0d40
008a600007ec0
0090403feccc0
fff4703ff9140
ffe95000116c0
0060500005980
0078600007cc0
0064a00010000
0022503ff5c00
ffff800009000
ffce103ffb900
002f403ff7cc0
008a50000c800
0032703fe3300
006ea03feb440
006c50000bc00
fff8303ff2100
ff9cc00010080
ff5a100011380
fffa50001e440
ffd4a000107c0
ffd0803fe1780
ffd54000003c0
ff376000146c0
ff96f03feb0c0
0045e03ff8500
0042d00007040
002d503ffae40
fffbc03fe8c80
000f703ff5400
ffc1700017d40
ff99c00007700
ffd9803ff0700
0006903ffe640
004aa00009080
ffdbc00008440
ff77800013fc0
001d003fffb40
00129000097c0
ff99b00007fc0
000b90000c9c0
ffd0f00011cc0
ffb0700006bc0
002d00001a340
000b003ffbb40
ffee703fe7dc0
ffb230001d440
fffcd03ff1e00
001a903fd7c80
ffcd800015b40
004c60001c500
0008c000111c0
00029000183c0
0065c03fff380
ffb1a03fdccc0
ffc6503ff8040
006a400006500
0035803fff340
003da03fff240
ff9e400015340
ffbe90000a480
005540000b300
fff870000b7c0
fff6c00000e40
fff5303fe5ec0
ffda700007940
ffc44000245c0
ffd7703ffe6c0
00127000061c0
004370000cc00
0029d03feb040
ffbfa0000df80
000dd00002880
006ad03ff61c0
000ca03ff5c80
003a703fdaf40
002ff03ff18c0
ffb6c00024880
0023600010300
0007300017840
0004b00008980
001d103ff9cc0
000f803ff6440
00b5d03ff8e00
0054500006180
0002c03ffffc0
0031503ff3240
ffe8e03ff7980
ffbcf0000bec0
ff84600014980
001e503ffe900
004c003fd1780
ffbb403ff31c0
004ce000063c0
00bf103ff8400
000a500004400
fffb900002e00
0034503fe4fc0
ffedd00005900
ffb7400012300
ffa7603fec500
0033a00011f40
00239000085c0
0006d03fe38c0
0076e03ff0040
000dc03fe9f80
ff9f600002b00
004f20000edc0
0027b00004540
005b603fe1b80
006a003fec200
ffb3b000154c0
ffc2c03ffd640
ffb5c03ff8cc0
ffb5a03ff8c00
001fb03fd9f40
000a3000087c0
ffe3a00015d80
fff3303ff30c0
ffe3300007740
0009203ffbd00
0010b03fff4c0
ff8cd03ff63c0
ff6e603fc3480
000d403fe4a80
0023200003c40
ff91c00008740
ffe4a000269c0
001710000b0c0
ffee903fe3380
001ac03ffcf40
0046d00003b80
001e700003e40
0047f03feec80
0022503ff1f00
002ec000132c0
0002a00023cc0
003c900001d00
0031f03ffdd80
fffd60000a6c0
006e703ffd900
0052103fea400
0000003fe5d80
0041503feeac0
ffea000000d00
ffae803ff9a40
00a0403ffda00
001ac000193c0
ff8f600004b00
0039800007cc0
0006d0000e840
ffa9b03fe96c0
ff9cc03fe1dc0
ffba903ff7340
002f303fe1a80
002fe03fe4a00
ffa0a03ffb000
000ad03ffd180
fff8203ff1280
fff4603ff8880
0039f03fff2c0
fffb303fea000
0037403ff7940
ffd0a00019780
00586000006c0
0087c03fee480
0022a00003c80
ffd5e00004180
0040503fe01c0
0018c03fccc00
006bb0002a040
002a500023cc0
0037603fd8d40
002f400006240
005a400009940
0066803ff51c0
ffd8f0001aa80
001a400017d80
005570001a7c0
ffeb30000c540
fffa403ff10c0
ff98603fef780
ffda403fee480
006b500003340
ffd5900000b00
ffa6503ffcac0
000f300002c40
ffb9703ffcd00
ff9f003ff12c0
001b503ffa700
001f300002dc0
0012e00014400
ffc2303ff6b80
0008003fee600
0060c00001980
0011503ff6400
002b303ffde40
fff7100004f00
ff7ab03fef540
0056503ff6dc0
003fd03ff8d00
0048e00024e80
007810000fd80
fffed00004980
ffc7d00001180
ffd8a00001300
ffd2503fe9000
0034603ff2400
005d900012540
000480000b640
ffde703ff9880
0020900000440
fff8603ff6900
ffb0d03fee100
fffdb000067c0
0056803fe8b00
0043703ffa0c0
002df03ff5ac0
ffc1d00004400
0009603ffefc0
0073603fe7000
0021603ffa740
0007703fff000
ffafa03ffedc0
ffa9c0000f900
00506000135c0
0034e0000f340
0092203ff6dc0
0082203fed7c0
ffd2203ff34c0
0011c03fd0500
ffdea0000a600
ffca300016c00
ffe1e03ffef40
ffe0600015480
ffe6d0000e0c0
0028900005f40
ff9b40000f1c0
ff65b00005f40
ffdca00017ac0
0035200014000
ff8e200017300
ff81f00007c40
002ee03fff9c0
002fe03ff6280
0056c000018c0
fff07000070c0
0003d0000ee00
0052f03ffac00
0015e03fec4c0
001df03fe7ac0
fffcc03fc00c0
000fa03fe3d40
ffc5503ffb1c0
ff91700010400
ffb2c00033300
fff1803ff1900
ff94703fe28c0
ffdfc00000680
fff5a00006b40
ffb5e00009480
0061900004b40
fff0803ff3300
ff4e300012f80
fff0400025bc0
ffa6700008ec0
ff7d400012780
00506000099c0
fff0803ff1100
ffecb03fed7c0
ff94f03ffc400
ffa0703ff5480
0059600002640
ffb150000b4c0
ff52903fef180
002a303ff6680
004b60000c300
ffc0400008a00
ffeef00006100
004c203fdcac0
0017803fd36c0
0041503ff6b40
00ca000015cc0
ffdb70000ca40
ff4bb03fefdc0
002f503fff900
ffed00001f1c0
ffddd03fff6c0
ffe3b03ff7880
fff9703fffd00
ffcc803fce740
ffca303ffab00
004d103ff1900
0025103fee640
ffab700005f00
ffa2c03feb9c0
ffd1d0000d100
ffe5200010b80
ffb5003feec40
ffcfb0000d980
fffd603ffbfc0
0060403ffb5c0
fff2b000160c0
ffc4403fd8dc0
0016603fd8680
004af0000b840
ffc1e03ff0900
0008a0000a840
003f50001d840
0042c00017280
ffee300021240
0028f00017240
0000800005540
ffdb003ff1040
0028303ff0d00
ffa8503ff3c40
ff73603ff0ac0
001bf00003a00
002f00001d900
fff7503fefa00
ffbf603ff7780
ff5b003ff0e00
fffc603ffb380
0066100011f00
0003703feb700
fffec03fee780
ffef303ffb380
008a103fef540
ffe0803fffdc0
ff7f703ff2fc0
ff9190000b5c0
ff5d200023780
0022103ff0680
003b2000127c0
ffd7a0000fd80
0013803fe81c0
ff8ef00012440
ffec603ffe780
0048900006cc0
0017f0001d600
0033403ffa4c0
003f70000fd40
0029603ffc980
0064e000044c0
0021c0000fec0
0055503ffdf00
0066a03ff9000
0024c03feff00
000a903fecb80
008eb0000a880
0078303febe40
006c203ff90c0
000110000dec0
ffaf903ff8dc0
ff9e300009840
0009700013200
ffe9500014000
001200000aac0
004e7000025c0
ffced0001b5c0
0018e0000d8c0
006d403ff3340
007990000a180
ffcd900005ac0
ff87503ff89c0
0020203ff7b00
0044a03fffb00
ffbc40000fcc0
0028900016200
004f503fee280
000b100007100
0025e00005e40
000270001a180
ffdf503ff92c0
ffdd303fef640
ff8090000d240
001e803ff9200
0073f03fd5700
fff3e00001100
fffe403ff0140
ffc7803ff1e40
ffca700019140
003eb03ffde40
ffe2103ffaec0
0001500013900
ffeff00002200
001680000ba40
000b903ff7080
ffbd603ff64c0
0050b0000df80
00a2000008b80
ffeab00006380
000e503ff6140
ff98803fe6bc0
fff1603fe66c0
002e803ff5780
0059300005ac0
00b1703ffed80
0010b00002640
0017000006040
004b403ff7080
ffe5300002100
0022503fed340
000fa00007640
0018803ffa040
00a0703fe2e00
ffbbf00010740
ff9ea00000200
ffcb40000cc80
ffba900016740
ffbf203ffbf40
ffca100016600
0044800029ec0
fff8800026440
ff9750001d240
ffd0600007f00
ff92800004600
ffbc303ffeb40
006a900019b80
0033700019900
ffd0d03ff9780
0024d00008bc0
0070100002540
0002e03ff8e00
ffb9900023200
0061f00027ec0
ff8e800003940
ffaf403ff8540
ffee403ffb400
0011f00021700
009540002b800
001bc00012e00
004b003ff2b80
0065603fe67c0
004ba03ffda00
0048e0001d340
000f80000cb80
0002203fe9f40
0025303feabc0
000fb03feefc0
0017703ffff80
fff3a03ff3c40
00b8403ffaf80
008bd000085c0
ffd5803fead00
001a700005ec0
002a900020a40
ffd3700002d40
001b30001d940
fff68000207c0
0047000006e80
002c10000f840
0046f03ff1280
fff1103ff3380
ff8b2000171c0
002b303ff9240
0011703ff3b00
ff9a903ff2d40
0026503ffd040
fffc803ff1000
000fa03fedb00
00a620001fb00
ffec200011280
ffc7c00008f40
ffb3600024d80
ff77e03ffdb00
0048a00011d00
0004803ff7a40
ffcd903fe9740
005d503ff8a40
0049003fefa80
0075f00006d80
fff7400000440
ffc5503feefc0
004a50000cb00
001be03ffd600
0030a03ff4240
0059e03fff0c0
001b20000cc00
ffd5b00015b40
ffb7503ff8380
fff0d00010c00
ffe0300024f80
0027500006680
ffbc203ffefc0
ffa7403ffb380
ffd89000077c0
0018f03fee940
001ec03ff8e00
ffbbc00010940
ffd4e03fedd40
000be03ff2300
004a903ff8e80
0092103fdec40
0064900010b80
000fa03fe7700
ffbd603fde240
ff8c500006700
0020203fd4140
0087103fee640
fff2000016a80
ff71603ffba00
0022e00011e40
ffd7e03ffef80
ffe6803fe8f80
001b700006180
ffb940001a680
00093000098c0
003fc0000b640
ffe5100014c40
ffd8400000ac0
006b803ff88c0
0084703ff7a80
0024903febac0
0044403fefa00
ffdfd03ff2ec0
fffa803fff680
007d803ff8680
0007d03fdc340
0022303ff2580
001a900006640
ffc7703ff1d40
0062e03ffbdc0
0061b00005240
00184000043c0
00246000121c0
004b503fefc80
fff1903fee900
00494000054c0
0042b00005200
ffdf403fe00c0
ffcfc03fed640
006e903ffb740
002bc03ffe840
ffcc900020ac0
ffe9403ffdbc0
ffffa03ff4c80
00180000020c0
fff1703fe14c0
0000603ffd8c0
001260000e900
ffbae03ff8fc0
0013b000084c0
000a403ffcf00
0015500012fc0
0050203ff9b00
001c003fef500
004c70001bb80
0002c000243c0
ffb3e00017200
ffe800000ebc0
ffa6f0000a3c0
0060d000099c0
0070b03fedf00
001df03ffd800
006440001aa00
ffe130000a8c0
ffe5b03ff2a80
007ba03fdb280
ffd8803ff4240
ff2f003fff1c0
ffe7a00010d80
000430004a400
0004f00012dc0
ffd8b03fd1bc0
ffd1e00016dc0
0013903ff7940
005b103ffc140
005390001b7c0
0004803fea580
ffea803fe7f00
000e703fd9f00
0029d03feac00
ffe7a00029dc0
ffd2f03ffe480
003ef03fe5580
0038800000880
0060703ff8ec0
008d3000163c0
ffcac00010900
ffbd003fde600
ffe5903ff0500
ff92f03ff8940
fff6503ff5880
0038100007e40
ff8e703fec180
002a403feb500
001f700008c00
ffa2003fe1740
0067903ff4240
000ee00006980
ffa5a03fdda80
0023503fe5e00
fffc503ff6cc0
0008303ff7e00
00b1d0000a8c0
fff9e03fff400
ff6db03ff6100
001e50001b040
ffea200008c80
ffc960001c780
008ed00019a00
ffec200008d00
ff72703feeac0
fffda03fe7f40
001b103fdd340
ffeb803fec040
0032700007b80
0074500012ac0
0038203feaa40
0009300012100
ffdee00015340
ff7bd00004fc0
ffbdb03fece80
000fe00008980
ff9a8000087c0
000e100003000
0042b03ff45c0
ff9af03fe8f40
ffa3e00006f80
ffbd700018a40
ffa520000fe00
ffb9f03fff140
000e303fde300
0041603fea400
ffcc600019c40
000440000bc80
002e403ff5f80
000d603ffd880
fff6b00009b80
00186000032c0
0017a00002840
ff8c400010280
ff98700003940
ffeb803ff42c0
007b703fe7140
0041b03ff8c80
ffea303fffb40
000ce03fe4780
0024603ff2b80
0065100003140
005a103ff2b40
0016603ff74c0
00200000148c0
ffc6403fffc80
ff7a503ff1a40
0012000010980
0073200016380
ffe0e00001fc0
fff9403ffc980
ffdb703fe8fc0
ffc4703feb900
ffc7d00011a40
ffc24000004c0
ffaa903ffb740
ff8e003ffa980
fff3a03fedf80
0070f03ffd1c0
001a300012780
ffca400007cc0
0035803ff2540
0054303fe7b80
ffde800011900
ff65c00007e80
0028c03ff5b80
ffffa0001bdc0
fffee03ffafc0
ffef103fe43c0
ff9090002d200
005d400018240
0016403fe2680
ff64000010780
ffffb03ff3840
ffee903fef540
0016d03ff9200
0017d03fe57c0
ffc3f03ff6540
ffad8000041c0
ffd5303ffcac0
001af00007380
0023303feb080
ff91603ffce80
005e200020780
005f803ff90c0
ffe7a03ffb800
ffcfc03fea700
ffca003ff8480
ffdf300003f00
ffc9303ff3f40
ffe3e00013480
0050503ff3940
003ac03fe9380
ffdfb03ff3fc0
0035403fef040
ffd8100015e80
00017000102c0
0043f03ffb840
000aa00001680
0047100003e80
0073800001200
0042103ffebc0
ffe300001c340
0061e00026c40
002c003ff3700
ff93000001a80
ff7e900004280
ffc3203ffa200
00520000197c0
0050603ffc500
ffb710000ba80
001560000b980
ffd7903fe2f40
ff9a500017340
0062103ffe480
0053903fcf8c0
ffe0503ff6340
002c203ffdfc0
ffc1f0000f640
ff91f00000c00
ffb1503ff2240
ffdc80000df40
ffdae00023840
ff99f00005280
ff80e03ff9380
ff8bd03fff300
0018c00002a40
000bf0000d200
ffc6c00022e40
000230001c980
008da0002a140
000a70001a7c0
005dd03ff9c40
0041403feb280
ffdc903febc40
ffcfe00015d40
001460003e7c0
ffb5700023c40
ffa5a00002a40
fff2803feb3c0
0076403fe75c0
005a803ffcb40
ff83703ff0340
ffd3b03fe2240
0080603fe5700
0023100001200
ffbbc00017dc0
ffd8403ff8c00
ffa6903fe9900
fffd703ff9180
0068500001080
0038703ffba80
000840001d5c0
ffdf000012fc0
001ff03ff8f80
fff1f00004dc0
000b103ffae00
fff2203ff0440
ffa0100015340
ffb5d03fdf780
00c550000ef00
fff2800027380
ff41403fea280
0086603ff17c0
009ca00007000
0046900012700
004610001e640
005de03ffb4c0
0052903ff9400
0015503fddb80
fffa803fce5c0
002a103ffa880
ffbe70000cd80
ffcdf00015a40
ffd9c00009400
ffb6803ff9680
fffc903ffd580
000a7000011c0
0025c03ffc780
fff7000013dc0
0024b00016a80
002120000fdc0
ff98700009a00
ffa5e03ff9400
fff6f03ffae40
ffff100017280
ff81e00005000
0013403fd0d80
002400000ce00
ffb6b00018800
0082f03ffac80
00da10000c340
0020700005000
ffd2a03fe55c0
ffd6d03ff8a00
ffa1900009340
fffb003ff8400
009af03fddd80
00294000207c0
ffc690001bbc0
ffc2e03fe8ec0
ffe5e03ff2a40
ffff603fee3c0
005cd00003fc0
0057503ffee80
ffd8903ff2c40
ffc4b00016540
0003203ffd840
0001703ff63c0
ffec40000b580
ffc26000162c0
fff3d03ff7600
ff5fa03fdde80
ffc2e03feeb00
000e200005ac0
fff1403fe6480
0080703ffa2c0
00975000038c0
ffc67000044c0
0009d03fee880
002b903fdac80
001b90001ad80
0000f00012280
fff6403ff9180
0007000008600
fffb103ff7540
001c003fe7680
002850000c840
005f600013fc0
0026b03ffd400
ffad203ff0f40
ffc3400022e80
ffbd600032640
ff9cb00027e00
000f503ffcd80
0007d03ff7ec0
ffae503ff7e00
0008203ff1580
ffc9803fef580
ffc0b00019dc0
0073903ffe780
0071a03ff9580
ffff003ff6640
004ef03ff9080
004510002c280
0010300001280
ffd8903fd2800
ffe6803fdcfc0
0032a03ffe600
0047a0000ee40
0010c000041c0
ffc520000e240
ff8fc00007c40
ffb8800003940
ffb7b000112c0
fff6603ff5680
fff7a0000cb40
ffa5f0003b900
ff99f00019ec0
0000600000500
0025403ff8c80
ff83f0000b200
ffa6f00013800
001ee03fd6500
ffd150000a480
ffe28000079c0
ffa7e03fea6c0
ffc730000f700
0083403ffa9c0
0062203ffef40
fff32000254c0
ffbcf0000bd00
ffff700011e00
0036c03ffa480
ffa3003fefec0
ffee403fff380
fffe903feb6c0
002f300015e80
004e600014080
ffefd00026440
005a000012480
001ec03fdcb00
ffb3603fe2fc0
0043403ff8900
0044603fe2f40
0002303fe3780
ffffe03ff22c0
001b300009300
0010c00006d40
ff7f303ff3ac0
ffee203ff4e40
009c303fd2980
fff1403fde340
002b903fecd80
0028903ffc6c0
0018003ffaac0
004be03fe86c0
ffda300004dc0
0006b0000b640
ffd2103fe25c0
ff71c03fe2580
000e303fec180
0081600000300
000ea03ff1d40
ffdd203ffc480
007460000a240
00c4403fdc100
ffda703ff54c0
000e10001e940
004b603ffc080
ffd8600004300
00b6f00009440
003db03ffa8c0
ff5c303ff7cc0
001f503ffc380
0043d00003c40
0052500018c40
fff2d03fee440
ffe2b03fef600
fff95000117c0
ffea703ffedc0
003a403fef940
ffee800001080
ff78503fee080
ff9f203fecf40
0044d0001e380
ffdb50001eec0
ffdd100003340
005b503fe2040
0010403fe7480
ffaca03ff2140
0006e00009180
006f00000c3c0
007ed03fd93c0
ffac003feb5c0
ffcdb0001dd80
008f000016900
ffce20000c880
fff910000e340
000e400004d80
ffc7603ff9180
0036c00008f80
006480000bf80
0061303fe9f80
0007503ffe780
ff75600029300
ffe0800003c80
0020003ff7bc0
002bc03ff4080
ffe1903fe96c0
ffd2803fe7e00
0044b03ff2680
0022203ff3740
ffe3803feb400
fff2403ffa6c0
ff93400003580
ffe3c000008c0
001f403ff1e00
0026203fe5780
0068403fe9000
ffe2303fe5ec0
005f503febd40
00acb03ffd040
fffa700005080
0020c00007080
ffdcf00018800
fff9303ff7dc0
0058d03ffb380
ffedc03ff5580
ffc7b03fe1940
000c503feb600
ffc1c00003ac0
004760000b400
0047d00007040
ff82800003e80
ffcf5000052c0
0035a03ffd480
ffcd900013140
ffc1603fdd880
002b903fe0fc0
fffa800010bc0
ffb2303ff7c40
001c700003300
000bb0001d7c0
ffd8d00006340
000c200015bc0
0042803fef400
009c003ff8480
00665000001c0
ffe3503ff7780
0076403ff44c0
00402000102c0
0010e0001fc00
00a9a03ff9980
0024503fed5c0
ff9cf00019180
003e800015600
fff1403fec680
ffc9803fd9d80
ffedb03fe5900
0095300009440
007b003ff73c0
fff8303fe6c80
fff4900008380
0007a00008e00
0017c0000d840
ffae303ff95c0
ffbc503ffb200
ffda200011180
ffabf03fe28c0
ffd6203fea180
ffbdb03fff880
0022003ff8e80
0043000005380
ffd3f0000bb40
fffe000014e00
006c7000143c0
ffae300005280
ff90403ff9a40
004a703ff07c0
ffbe200020a40
ff61b000279c0
ffc1a00017b00
003230000d880
fffa400003000
003c503fed300
004cf00005400
ffe6f00002500
ff74700005e00
ff92e00001980
0066103fec900
0058303feb740
ffb6503fff600
ffcef00000880
ffe7b03fe2ec0
0011f03fe4180
003e300013100
ffb5e0000d680
0046a03feb5c0
0074200004040
000b603fee840
ffe6f03ffe100
ffbaf00023c40
ffa750000eb80
000da03ffd180
0036d0001b500
fffe500014840
003e40000ff00
001d203ffe280
ff2a003ff19c0
0009103ff3540
ffe4b03ff3180
ff8a103fecc00
0084e03ffcd80
fff1e00013140
ff67b03ff9d40
000c400001480
0052d00017240
005a803ff5b00
ff86303ffd740
ffd6a00029840
00c7400005a40
ffad900019680
000da0002dd40
002c400003740
ff76703ff2380
005d003ffe880
0050903ffd940
fff0303ffe4c0
ffa2c00010ec0
ffcb400018f80
0029100003240
ffa1a03feef40
0014003ff4300
0060a03ffe180
0003f000147c0
003cc03ff5a00
003aa03fe7f80
0017200003240
0053500008800
0061703fddb00
00ace03ff6680
0063203ffd240
0026003ff4c80
005010000a600
000ee03ffaf00
003e403fe2680
fff6b03fed440
00d2703fe7b40
005b203fe1380
ff06e00014b80
ffcec0000ad00
000b603ff02c0
ffc1203ffe840
004b70000e340
ff5f000003b00
ffcab000092c0
002940001d800
ffb5c000199c0
ffe7203ffe440
ffe6303ff9f40
0068703ff1d40
0076d03fe2300
0008303fee200
fff4303ff3e80
fffc903ffe240
ffacc00001840
ff88d03ffa540
ffd550001b180
000470001aa40
fffd603fe41c0
ffba203ff0fc0
ffe48000057c0
0052c03ff8e80
0012603ffb980
ff8950000de40
0002d03ff1040
0017803fe3180
001320000ed40
00277000243c0
0019e00015180
003ce000043c0
000b700002000
fff1900005400
ffca703ff8b80
ffcee03fed4c0
0046803ffad80
002fe03fe4a40
0011f03ffd7c0
0042d00011f40
0011600000c40
ffa7c03ff3540
0005a00001b00
0008303ffb5c0
ff92a00011b40
ffd0800005b40
fff9d03fefc80
ffe4503fff680
001ad03ff11c0
0051c03ffec80
0024f00022300
ffff400026340
ffdb200013e40
001dd03ffd380
004ae000082c0
005da00011300
0079403ff7d40
002c103fe9b40
0033f03fef980
000e700003dc0
0014900002200
0092403fead80
ffb2e00006ac0
ff9c9000039c0
003d300007fc0
0012d03ffb240
0064c03fea7c0
003e503ff0480
fff3403fed540
fff4003fe92c0
ff91b0000ba80
ffede000000c0
008110000bf40
008710000da00
00832000093c0
ffc3000002fc0
ffde100007a80
0006f0001f840
0008000000540
0005b03fe53c0
ffd7c03fe9440
ffaca03fd3900
00487000018c0
0028800009340
ff5b003fe95c0
fff5500000300
00d7a00000a40
ffc6603ffaf40
ffd0f000194c0
00988000184c0
fffd300009b80
001ac00000f80
fff4f00020e00
ffa820000cf00
fffd703fd9340
ffe3403fe8940
00510000169c0
00522000034c0
000b603fff7c0
ff7fd03fed0c0
ff58803ffc100
0013303fe8f00
004ca03fdfec0
002830000db00
00274000148c0
0003303ffadc0
0026303ffdf40
004550000c0c0
ffba800007080
0089c000014c0
0040000023640
ffd3c00000940
0037600005100
005b800014d00
ffe2f03fe7040
ffb8d00007a80
0036e0001a880
ffdb803fec5c0
ffee103fd9400
fffb103ffff80
ffa41000122c0
002b600013180
ff78c00015500
ff5e603ff4c40
0086a00001500
ffbfd03fffc00
ffd5003fe3700
00a0603ffacc0
fff8100005900
0075d00017840
003250001e7c0
ff97203ff89c0
0009b03feb700
001fc03ff3e00
0015703ff4700
ffdea000095c0
ffbb10000a200
002cf00000ac0
0026903ff7900
000e600005080
0023d00019980
ffd1003ff2100
ffc4103ff1480
ff99100015080
ffacb03ffd080
0065303ff70c0
ffd3d00007bc0
ffdb1000004c0
006b300011000
0065600016940
ffaf203fff780
0013203ffa900
fff840001ac00
ffc2a03ff4d80
ffcb503ff1800
ffd1f03ff9f00
0006c03fe9d00
ffeaf03ff4b80
fff8500004880
ffdef03ff98c0
ff07400001340
001a703ff2d00
ffbab0000f780
ff9a70002bb00
0032803ffefc0
ffb9803ff0880
ffd14000075c0
0025003fea300
ffc6e03fe5700
ffd3f00007d40
ff4a200021b40
ff6a8000062c0
0064503ffda80
0004303ff7b00
0043d03ff2280
fff9103ffc1c0
000c703ff7ec0
008a403fff000
ffd4400018640
fffad03fee340
0032503fda380
ffb5c03fe8880
00008000149c0
ffef800011080
000f900005040
003f900001680
ffbda03ffcc00
fff4603ff7800
0009d03ff32c0
ffbd100010480
fff2700017640
ffd8a03fe8500
0003c03fe0b80
ffd2403ff59c0
ffe4b00005700
ffa2200007340
0013603ff5740
ffeff00020a80
ffd1600000840
ffb8503fecb40
ff7840000ad40
0003400001800
0017203ff0fc0
004cc03ffa5c0
0076703ffae80
fffc8000120c0
ffcc200001200
0017600010c40
0008000018380
002a203ff22c0
fff8703ffd2c0
0030203ff5600
00a4203ff5d40
ffc030002e380
fff3800012f00
fff0d03ff3080
ffbea00001340
0087103ffb3c0
0017d03fed840
ffa8d00008f40
004fa00007f80
0021a00017540
ffb7f0002bb80
000be0000ef80
001ba03ffb6c0
000bb0001be80
ff7c303ffc880
ffbc803feef80
0019d00005c00
ffdaf00008a00
fff1d00002b00
0097200011bc0
0001800029a80
ff43200013ac0
004f500000d40
0019100021fc0
ff4f70000ab00
000d703ff72c0
001080001ab80
ffa7403fe8c80
0079503fd8780
00ac100005100
ffeee03ff8700
ffbfa03ff8240
0003200001180
004d403ffbbc0
ffed90001d280
ffc5d03ff9540
ffbdb03ff69c0
0030300006e80
0034503fe9d80
0045100015b40
0055100013140
0045b03ff76c0
0037203ff16c0
0042d03ffbdc0
002f00002a100
009530002bcc0
0061e00000a40
ffd9700000e40
000dc03ff66c0
ffd7b03fe2480
ff3d000003900
ff8d900021580
002d7000328c0
00be300010940
004a100007b00
ffa040001e640
0001d03ff5500
003ec00000f00
0020303fff600
ffc1003fe9540
ffd0903ffadc0
002600000f140
001a200016840
0078903ff8000
0024203ff9c00
ff97c00007e40
001a303ff7100
0027803fef980
ffb7c00007100
0072003ff6700
006d203ff1dc0
ffb7503ff9800
fff2303feb180
ffe8900002b40
0025800015580
005d203ffe500
ffe0103ffff80
ffa5203fe8bc0
ffd6300015880
ffd400000c700
ffd4a03fd9640
ff7e703ffa900
0004503ff9d40
0079003fed740
005320000e5c0
fff640000b540
0031203fee780
ffe9500024d00
fff7700006e80
ffc6903ff08c0
0020d00020200
003ed03feae00
004c203ffb580
ffe5900005fc0
ffb9103ff58c0
0015100008040
0001b03ff8b00
ffbd503fe5300
0027f00013fc0
fffd503fec440
ffa9b03ff3dc0
ffe200001bb40
001d000006300
ffdb503ff8500
ff4f003ff2540
ffc600000c500
006b800008fc0
fff5303feb3c0
000f903fff880
006bf00013bc0
0012d0000a980
fffd903ffe000
004e303fef7c0
003e403ff8b80
0056203fff100
0011403ff20c0
0031a03ffe840
0069000021c00
ffbd8000128c0
003cf00006500
00a6100006a80
0016203ffc580
002ee00006b00
ffd4500008280
ff47800013780
ffceb00018780
ffff903fe8d80
fff8203ff1000
006a60000c800
005c503fe7a80
003c40000e380
ffe6900012900
ffa8103fe8580
0013400010ac0
00257000092c0
007f903ff5d00
0082000009880
0026500003fc0
005a200002140
004d703fe9200
ffdcd03fe1b80
fff8600005340
0070e00007ac0
009f703ff8480
0028f00006780
002c903fe9800
0050a00003fc0
0022a00013940
ffb5503ffb5c0
ff9da03ffe4c0
ffda103fec1c0
fff4c00008e00
ffe6500011a00
ffff200014900
001d000002080
002b003fd6800
004af03ff44c0
003c703ff4980
0045103fe8540
fffbe00017e80
ffa7000023940
ffeb603ffc8c0
0068a03fec980
003b503fee4c0
ffaef00008980
ffb6500019900
0030c0002b8c0
000490000f840
0001903ff2e40
fff5803ff7d00
ffb4003fed240
ffac103fea740
ffd660002a2c0
000020001e040
0020a03fef480
fffa303ff15c0
0027a03ffca00
ffe9a00013a40
ff9e403fe5f40
ff71503fe7dc0
ff5fa03fff4c0
ff3f703fe1a80
ffb5a03ff41c0
ffaa700011a00
ff9d800016380
ffa690000b1c0
000a8000026c0
ffedb03ff9a40
0032b03fff580
00a4100002d40
007ff03ff5fc0
005de03ffa6c0
fffd603ff34c0
ffecb0000ac80
009e20000b7c0
008d20000f680
003e2000133c0
001c203fede40
0031e03ff69c0
005bf000324c0
ffcc2000143c0
ff73403fdfdc0
fffa303ffe380
0052000012b00
fffc303fffe80
ffd4c0000d240
000e700020840
ffc570000e1c0
ff38c00003000
ff8c103ff0740
fff8f03ff3fc0
fff6203ff6000
ffc0903fe5c00
ffaf703fe3240
ffcd80000d480
ff91b0000a580
ff9ff03ff1180
0054a000075c0
ff87e00016640
ff4ae03ffc2c0
ff7e4000059c0
fff470001e940
ffbde03ffeec0
fffec03ffd900
ffeaf000114c0
fff730000b180
00b0503ffdc40
00bf903ffbdc0
0020a0000a540
000b30000a9c0
0006e03fd9fc0
ffed003fe1900
0048c0000ee00
0039803ff1e00
ff95e03fed100
ff92300004f40
0045103ffc300
fff430000e900
ffd0400016740
00ad20000f900
fff1c00026b40
fffb50000a000
0100403fdc940
ffd5f03fed5c0
ffb6d000079c0
0020900013540
ffe4400008300
00af30000f0c0
007b50000e600
0013503ff9900
0095a03febc80
ffcb103fed4c0
001b203ff4340
00a7b00002ec0
fffba000062c0
ffe9d00018580
001d000010500
004a200008a80
005e10000d780
0070503fdf0c0
003b803fe42c0
ffe0c00009240
fff660001e4c0
ffde10000f080
0016d03ff5f40
0081d03ff6840
fff4203ffeb00
ffcee00001240
fff8103ff7fc0
ffe2703fec140
ff93a03ffd8c0
ffe10000102c0
0002300000a00
ffef903ff4f40
ffff403fe9080
0019003ff3a00
ff91203ff30c0
ffc250000c7c0
0045200005100
ffece03ff35c0
ffbf403ff6180
fffef03fdbc40
ff90503fe7000
ffdcd03fed440
ffef103ff7e00
ff31b00001d40
ffadc03fe7040
0025700010000
ffca90002d080
ffdbe0000fe40
ffe9000007b40
ffc7c03ffe540
0081303fed540
0057303ffc400
ffeac0000ed00
000f600021600
0001b00022300
fff2b03ff4100
0028f00001bc0
001f50001a580
0003500001b80
ffd1c03ffdec0
002f900011b40
ffd9f000007c0
ffabc03fe5040
fff100000fdc0
0001d00002cc0
0018803fe8500
0011c03ff7cc0
ffc3a03fef600
0020500003b80
0004300025540
fff1d0000cb00
fffab03ff2f80
ffc3a03ff3fc0
ff7b90001dcc0
0039c0001b480
0094c03ff7d80
fff0c03ffc580
ff88803ff9f80
ffbdb03fea680
ffc46000150c0
007db0001af80
005ce03feb580
ffa1003ffadc0
ffdf500008300
004d200010780
001fe00014c40
ff7580000d540
ff8c603ff84c0
003440000c0c0
fff2800013680
ff97700020ec0
ffc2703fff340
003e503ffbe80
0064b00013f00
0031000025440
ff8df00006840
ff778000103c0
0008000013140
ffaa200010040
ffadc00018ec0
ffee703fec580
ffe2f03fef040
fffea000147c0
0053d00002500
0073a03fecac0
ffea200016cc0
fffe70000ea00
0029d00003080
000b400012380
000cd03ffa7c0
ffd9803ff47c0
ff87903ffbcc0
0015a03feb880
0058303ffaf40
00555000038c0
0048100012a40
0018403fffac0
0025703ff5880
ffb9e00021000
0015300009ec0
0027300000e00
ffc9e03ff8ec0
0018c03ffdcc0
000ce03ff5b00
ffaba000030c0
00439000335c0
0001a0001a300
ffce900019dc0
0086600021140
002a703fdf000
ffab103ff0d80
ff3ef0001ea80
ffb4403ffce00
0027d03ffc400
ffd4203ffc600
ff7a2000094c0
ff7800000b7c0
ffa4a03fd5480
0015203ffb680
0051600003d80
0003503ff7800
ff92403fde6c0
ff8b803fe3780
000bf03ff9080
0039d03fe9b00
ff90c03ff6ec0
ffd3e00002100
008b203ffa080
0072703ff2a40
ffb6c03ff6900
fffec03fe5f80
002ad0000b9c0
ffd0103fe4cc0
fff7a00017600
0000500046080
0006503feedc0
0073403fe5f80
ffaef0000d300
ff38903ffca40
ffedd03ff1640
0039803ffdb80
001d70000d400
fffcc0001a4c0
ffcc503fed300
ffd6003fe8a00
0004403fefc80
ffe8803fed840
ff82003fe2a40
ffcca03ff7580
0066a03fe91c0
001b50001df80
0025b03ff3d40
000b503ff37c0
ffd9a03fffc40
0035d03ffa940
ffa880000aa40
ffd220000c1c0
008f400006dc0
0059c00017440
ffe5303ff7780
ffe3203ff9fc0
ff6fe03fea900
ffbd103fd00c0
ffd8103ff4900
0007003fefc80
008fa03feae80
fffcc03fffe80
0016603ff4e00
0040f03fdf240
ffe4403ffa1c0
ffecb00025a80
0018d03fefac0
ffaef03fc8500
ffc9e00002e00
ffe4700011d40
ffd4103ff7e00
0013f03ff4280
fff3503fed700
ff98c03ff4900
ffc6c00017000
ffbed00023500
ff52400003f00
ff9cf03ff6c80
ffe5c0001d980
ffe8300006040
0049b03fdf080
ffd2200006280
ffcf500000040
0093803fe7780
0004903fe5300
ff87503ff4540
ffeb20000e700
0028500006b00
ffe690000b480
ffece03ff2d80
0007d03ff4fc0
ffbf800014680
ffdb103ff75c0
0092703ff6740
ffb1803ff6f40
0004c03ff5fc0
008d80001c380
ffaa50000aec0
0011303ff7380
0035e03ffc740
ff9f000004040
0034b00002a00
001e40000a6c0
ffca900003b00
0026203ff9740
002e203ff9b00
ffdfc00021740
002ed00003e80
0024103ffccc0
ff69400019780
ff75700014d00
fffec00004380
ffc9b03ff4200
ffc0f03ff9d00
fff2200018300
0079700019dc0
ff7a000007c80
ff58600004a80
002de00002780
ffea20001bd80
ffe910000bec0
005af0000b800
fff1c00011980
ff9f803fee940
0015e03ffaf80
005c90002db80
0018c00004b00
ff97b03fda300
004fd03ff2240
005240000f7c0
fff3100009e40
005fb0000d040
ff78a0000c880
ff92503ff9a40
0010400002700
ff8ca0000f100
ffffe00002840
ffd9e00000c40
ffc690000ad80
003a400025840
ffc990000de80
ffcd403ffdec0
003f000004200
000cb03fdcc80
003a803ff3900
ffee003ffcf40
0016a03fd7ac0
007060001e300
0021900019480
fff3303ffa740
0002500015880
002bf00011680
003b200011540
ffd5800015f40
ffc2c03fdb600
ffa9603fe7100
ffcdd03ff8f80
00650000015c0
ffcb303ffdb40
ff6fd03feb300
0037a00014b40
00a170000e700
001b603feda80
004f103ffedc0
004f203ffa440
ffeb803fec580
0053803ffbdc0
ffebe03fe17c0
ff60703ff8280
ffe1b03fe0f40
000ef0000c9c0
ffeba0000e4c0
0016d03fe3a00
ffa0d00000f80
ffb46000076c0
0022903ffaf00
ffc9b00011380
0044403fffa40
00c5a0000b9c0
000e9000205c0
fffd100017d00
003a900000480
0011303fd8440
ffe2603ff4780
ffc1e0001be80
0039c00017cc0
0056e00022dc0
fffb403ffe4c0
004f103ffb9c0
fff5600005d80
ffd3503feb740
0040103fec440
0033003fee280
fff6003fefe40
0004e03ff7900
003f303fd80c0
0043703ff97c0
000a6000295c0
ffc3800005cc0
ffb0d00006f40
ff75d00008b40
003ac03fe58c0
0072303fe2500
ffa3703ff2780
ffd1800000e00
ff9660000d7c0
ff0b200011400
001fe00005780
002db03febc80
ffc3a03ffa140
0039200000000
001c903ff8880
0000100009c00
0047d03ff4380
009b503ff7140
007b70000c9c0
ffa4600012d40
ff8cc03ffef40
0048f03fefe40
0019103fef180
ff92e03fff180
ffc2600005680
0023a000177c0
0005203ffd0c0
ffaa003ff8580
fffba00027880
009ca03feff80
0026803fffc40
00800000042c0
004ff03feaa00
0000400000980
005af03ff0a80
fff5e03fe4480
0057800008340
004f903ffb9c0
ff34e03fff280
006f103fd7700
0044903fdf200
ffe3200034400
00a130000c400
0010103feda40
ffb4303ffea00
004e903fecc80
ffee700009240
ffc2903fe6e00
002ce000044c0
004f5000198c0
0016e03ff5c00
ff7c203ff0040
fff2f03ff4680
0016603ffb300
ffa8e00003ec0
ffeed03ff2bc0
0025d00002800
ffb5703ff2e40
ff7ca0000e540
ffb3d00014dc0
ffa710000c380
000870001de80
002c00000db40
ff99e0000f800
ff38503ffd2c0
ffba803ffb800
fff1b00005840
0039903ff42c0
0039b00002140
ffb6b00023e00
ffadb03ff7640
0075603ffa640
0059300010980
ff5f300000600
ffa2b00005480
0000d03fec0c0
0021603fe7200
0010200018880
0008e00000600
0028103fe0980
fffdf00011980
ffdcf0001cf00
0045700009e00
fff8b0001aa00
000aa03ffcd40
0041303fde940
ffe7e03ff1bc0
ffa8400025ac0
ffa03000033c0
001ef03ff8840
0008b0000bbc0
002db03fed280
004cb03fe4600
0003803ff3e00
0037903fe77c0
0014803fe5500
ffaa3000230c0
0070c00001ec0
000e500013ac0
ffcc60001fc40
004ac03fde900
ffa6a03fe2c80
ffb0400009700
0067800004880
0052d000087c0
0014700013bc0
0024303fdcec0
0084a03fe1d40
005770000a200
004b103ff7980
009a303fef6c0
007f20000fa80
003a800022ec0
fffc600031f40
001020000f380
0032a03fdbc00
ffd7c03ff9340
000d600006000
003f60001a800
0015a00023740
ffed900000680
ffac003ffcd40
ff4ce03ff9880
0014600007000
0034300017b00
ffefa0000d140
003c703ffc940
0042d0000fc00
0022703ff0080
0068800002200
ffd130002f5c0
ff6f3000037c0
ffd4703fe9640
ffd0400011e00
ffdb00001ca40
0031103ff8e80
ffd84000048c0
fffd500013e00
ffb4f03fee4c0
ffe3803ff9c40
002d900013480
ffb1303ffab00
0002e00005480
001510000ad00
ffbcf00009240
0010e00003b00
ffe6e03ff4340
ffc3b00005500
ffeae00012e80
fff6d03ffa100
0039000017cc0
002d900021680
000b80000ac80
0013d00001d80
ff91400004f80
001e70001cc00
006c803ff1ec0
ffad403ffad00
ffec900032680
001e400006d80
fff4e03fe76c0
0019900004480
0036800019e40
004f200027c80
0035100014fc0
ffb6a03fe3340
ffe4d03fee500
0022a000158c0
ffed00000a780
0007c03fd5240
fffb903ffd280
ffbb700035000
ffddb00005840
000db03fff9c0
001ee00009300
ffc980001bb40
ffdb60000a540
002e803fe3240
0016803ffe440
ff94400015340
ff8c603feefc0
ffab900003f00
0005a000199c0
0052c00007880
0046903fe6440
ffee303fffd00
001e10000d000
005c303fe3cc0
ffa9503fea8c0
ff9a000000000
ffe0c00008180
ff72000021200
ffd9c00001740
fff8303ff2880
000a200001880
00af803ff30c0
ffdfc03fe7000
0017403fec500
0099503ffef80
ffd2600008940
ffd8103ffee40
ffeda00007180
ffe6003ff5b80
0029100005700
0032700025100
003a300008700
0037b00020e00
002c700009240
fff8703fdbd00
0000100006840
0007203ff2e00
002b103fee080
006cd00017680
ffd6800000700
ffc3b03fd7900
008b703fed740
ffeee00015a00
ffa0d000047c0
0006203ffe000
000840000adc0
009790000dc40
0085600007300
fffb100028100
ffe320000c380
ffb8c03fe6080
ffad303ffc740
ffa4603feef80
002f303ff9f00
0045600004280
ffe1203ff8e80
0057403ffc000
0002403ff36c0
ff7a603ff30c0
ffe8f03ff7d80
003e50000bd00
0074f03ff71c0
fffb600012080
ffc6e00027e00
0022d00000540
0005003ffa680
002c90001f4c0
0054b03ffb680
003c003fee280
0015003ffb3c0
ff96503fff280
0029903fec880
000f603fe3700
ff84e03ffcb40
00a3100012440
007b103ff0080
ff81903fe5e00
ffe12000084c0
ffa620002a900
ffe9603ffc680
0041303fd7cc0
0010f03fe37c0
ffca403fddb80
ffec300005300
002ab0002aa00
0084303feb480
0032d0000ff40
004cb00029180
ffd2203fe9e80
0003a03fef040
0012e03ff1240
ffdd103fe3080
ffa8b0001fdc0
001a400010a80
0041b03fe51c0
0001000014d80
ffd640001c440
0022e03ffd180
005d503ffc0c0
009260000d280
0062403ff0ec0
0012c03fefbc0
ffccd00009580
ff9f303fe6f40
ffef603fd8180
ffc4100004500
0005500017340
fffa900012200
ffd5600023a40
002c103ffbb80
0039703fe3540
ff7a903fed400
ffb0a03ff5340
003ef0001ce40
002c603ff8d80
ffb6a03feeac0
ffff100027740
00354000131c0
ffbc20000cc80
ffc2b00018700
ffb8f03fe8680
ff9f40000e800
002cc0000ae00
003bb03fed840
ff6d70000f100
009ec00001a80
00fab03ff0180
002bd00009640
0043500005dc0
0055f03ffd6c0
0033600003740
000c00000e680
0002b03ff3d40
0026303febe40
fffa3000175c0
ff88603fef080
ffed303ff1140
fffe900015a80
00401000065c0
0073d0000fb40
0034503ffb140
fffba00009280
0024400011700
004e700006440
006b00000cb40
0033d03ff6e80
ffd6003ff3380
ffd3700019040
ffc5200008c40
ffba403fffe00
006b900010780
0023b00003c40
ffb710000c6c0
ffe9403fed080
0010603fe3b00
0030e03ff9900
0050503fec080
0061003ff2cc0
ffd1f00014dc0
ff90c03ff3a00
0004703fd07c0
0008d03fdc1c0
ffee700003c00
ffece00005cc0
0024103fe2d00
0028600009f80
000ce0000fd80
ffa8d03ff1ec0
0005d03ffc740
0057303ff1a40
0046703fe9ec0
001d603ff2d40
000f603ffa6c0
ffb4f03ffde80
fff4803ffcec0
ffd34000113c0
ffb5d00008e80
0004f03fef680
ffede000021c0
fff8000003480
0013e03ffa440
0001100001ec0
fff6903fef480
0024c0000d1c0
002fd0001afc0
ffe5603fcc2c0
ffb3503fe51c0
006f80001c580
ffe9200009640
ff61400011280
fff8300001ac0
ffdec03fecb80
ffef000016000
0061003fff500
ffd0603feb2c0
fff8303ffa240
0058e00010c00
ffe9400020800
0002d03fed640
fff7203fda0c0
0067100003fc0
00bc103ffbe00
ffd3d03ff2980
ffaf903feab80
ffd7403ff4c40
ffe4200005100
0068400007a00
00129000085c0
ffd1d03fe9800
fff0103fef700
0007f0000d4c0
0052e03febf00
0088103fe9180
005b003ff0e80
0018203ffca00
000ba00000ec0
fff7103ff9440
001d20000ee80
0021503ff6280
ffb9a03fef9c0
ff81703ff84c0
ffff403fea400
0011300028f40
0028e0002cec0
0055903fe7340
0019a03fe89c0
ffca703ffc3c0
0030103ffa8c0
004200001c940
ffaa10001be80
ffb9600015f80
ffd3c000218c0
0018b00006f00
ffe6203fedb40
ffc9d00018d00
ffde40001f400
0068703ff7700
0050f03fe9340
001d403fe3440
0011e00000d00
00242000051c0
fff7f03ff0500
ffd4800002b00
009a100001700
ffb7003fe7500
ff60803fe2ec0
0009803fdd380
ffdeb03fe8040
ffa8d0000a540
0011300009b40
ffdca00010000
fff8800001e40
fff1e0000cf00
ffb7e00005000
ffc4a000037c0
000b103ff0540
0002b03fe6980
fff9503ff14c0
ffb2103fd2000
ff9dc03fda900
ffa710001f8c0
0076503ff3300
00b4703fe7640
ffed803ff9340
ffecb03ffa780
004aa00007b40
fff2803ffd100
fff2703fffcc0
ffc9a03ffef00
ff5bd03ff09c0
ffaed000114c0
ffcf303ffde80
002b403ff29c0
000650001ae80
ffe30000054c0
0007903ff8940
ffe3400017600
ffec70001d380
004e200008a00
fff3003ff8000
ffee903ffb1c0
000bf03ff9900
ff65500016b00
0022f00036900
0026f0001e440
ffacd00001e80
0008900003ec0
fffe803ff4ac0
ffec400010440
ffa9b0001f1c0
ff77c03ff5440
ff9c803ff6e40
001410000bb00
ffd6a000065c0
ff98800008400
ffd400000a240
ffe1b00017f40
ff89900013d00
ffae600012bc0
ffde900011940
0003000010ac0
0017803ffb3c0
ffffa03ff50c0
ffdc90000b5c0
007c800013140
002cb00009100
000c003fe4d80
008c003fdd780
002c303fec300
fffc203ff2640
ffe6603ffdf40
0006503ffc480
0058e0000a480
003b500015b80
fff2403fe7740
0048f03ff5c00
ffe110001b140
000a60000f140
004f00002df80
ffbde03ff2cc0
ffffc03fcbc40
ffdb503fda080
ff99e03feb100
ffd4f00009c00
ff1a300010c80
ffd9403fee680
0052b00001900
ffae200011040
002f60000b540
003ae03ff7300
ff9e00000ee80
0004e00034c80
fff7703ff6000
ffe5503feaa00
00696000083c0
0007603fe91c0
0012f03fda840
005520000b340
ffc6e03febf00
fff3103ffe840
000520001c180
ffc8a00005d00
ff8bb00004380
ff85c03fff340
ff1c70000a200
ff8e200012100
0085000006640
003a100011700
0008600031140
0021303fffb80
0066203fe2e00
0061e03fe8d00
ffa6203fdf900
fff5b03ff5f80
004dd03fd7280
ffac503fd4900
ffd4d00001840
ffb1b00014940
ff49f03ffbe00
001aa03ff4800
0086a0000d640
ffdbd0002a680
000cf00010dc0
002b103fef240
fff370001a0c0
0055a00019500
001fc000068c0
ff83f03ffd6c0
000da0000ff00
001aa00005340
ffc8f03ff7080
0002a03fdcd00
ffec903ffa5c0
0049800016a00
007f9000002c0
fff280000ed40
ffcef00015a00
0037d03ffa340
005f800000a00
000e503ff9a00
ff7c700001cc0
ff33703ff77c0
ffc6903fefb00
fff0300016580
ffac403fe41c0
ff93803fd3a80
0013103ff2180
0017d03fe6840
0018200009f80
008a400004200
0001c03fecc80
ff90c03ffb9c0
ffcdb00003880
008ae00015200
00ac9000090c0
000b603fdc200
ffd6f03ffde40
001bd03ff4f80
ffc4f03fe2c80
ffc9500004a40
002cd03fdb200
0028603fe0e00
0029900001600
0040800000540
0000203ffe280
ffe4b0001dfc0
ffe9d03fefc40
ffe0f03fe2840
0000b03fede00
001e90000fa80
ff96f00006180
ffaa003ff4e00
ff9ac03ffa140
0028603ff87c0
ffd0800004680
ff1ac03ffcdc0
ffe2703fea4c0
fff4903fe9800
0009c03fe2f80
fff3703feff40
ffbac03febe40
0048003fe8cc0
004a60000c540
ffcff00006e80
ffdf50001a640
0000f0000e1c0
fffda00000000
ffde403fe4080
ffd4a03fd8740
0063600020080
0062c0002d780
000a503fef940
fffab03fe5500
0013403ff7900
0014603ff2b00
ff9cf03fe9380
ffa8803ff4d80
002f80000c3c0
000aa03ffa840
ffe2e00007a00
000810002f840
ffdf103fef700
ffbe903feb0c0
0021603ffdc40
005d303ff8280
fff090001a680
ffdca000150c0
0072600000900
001e900020340
0035900000400
0072803fee340
0076600013800
ffeb40000e040
ffc0903ffb080
ffa9903ffac00
ffe8600016e00
ffe8f00019e80
fff130000cb40
0042f03ff8f40
005fc03fef180
ffec703fd5280
ffa3a03fec440
002fa03ff8800
004fb00006380
ffea700008440
ffeca0000a1c0
006b403fe9b80
007ab03fe6580
ffc2600017580
fffe300011dc0
0055a00012700
0056c0001ca00
002e200020500
ff77603ffffc0
ff7f103ff9f40
ffb6e03fefe00
ffe4e0000d380
ffbe100016900
ffcd600003d40
ffcab03ff9900
ffe0103ffff40
ffbc2000020c0
ff89d03ffd600
ffd1000008fc0
ffe8900008900
ffd070002e6c0
ffc5b0000aac0
ffcbc00002080
ffbe6000333c0
0009403ffdc80
0064100007400
0084400020d00
005fc03fff640
006cb03ff4ac0
005d500002700
0023600004440
ffa80000145c0
000b500003740
ffe150001f600
000d100010c40
0061000014f40
ffb1800004640
ffd6903ffe140
009b40000f180
0042803ffee80
ffe0000019c80
fff150000e8c0
ffd7c03ff9200
0002800001cc0
ffdbe00003380
ffc2300014cc0
ffb270000ab80
ffe4103ff83c0
0038903feb280
ffa5f03fd9b00
ffc7f03ff3340
0051f0000e940
001cc00002480
0045303fef980
0025103fe3dc0
ffce403fed280
0071900014300
00ab6000252c0
0006203ffd840
fff1f03fe6000
004d003ffc180
ffbf20001ed80
ffa9d0000bec0
0042700011600
0034500015540
0054703ffdbc0
0061500011300
0005300004040
ffdab00007180
0024400018640
fff8803fef300
ffa520000ca80
ffaba0001bc00
000a703ffdec0
ffedd00001080
fffdc03ff9700
001a903ff7cc0
ffb4a00011900
ffbc200003a00
0021d000115c0
ffaf203fffe40
ff36503fed880
ffd730000c4c0
000b303ffcbc0
fffb200000b00
003500000efc0
0004203ffb840
000680001da80
fff9b0001fac0
ffc1003feaec0
0052903ffa1c0
fff950000d600
0013103ffc000
00a3b03ff16c0
ffd1d03fffc40
ffdc400009a00
006390000d680
001b700021800
0061c00014d40
003bb03ffb500
ffb5b03ffe840
ff7c203fe5b80
ff6c203ff0880
ffaf500000140
0040e00007d80
009610000c040
0077100009300
0052d03ff9280
004c500007980
ff89103fe4c80
003d600003980
0014100002180
fffa203fd4a00
ffff0000097c0
ffafd0001d4c0
ffeaa03ff24c0
0009f03ffbe00
ff0b400010200
ff3fa00015580
0003003ffec00
ffb6703ff3b80
ffd9703ff9340
002d00000d500
ffc4700014880
0022600008f80
0036c00007680
ffad303fe8b40
ffd8303fe3780
005a400016200
ffc8e00020600
0012103ff3c80
003e500006300
0026103ffcc00
0000f03fec700
ffa160000cbc0
ff72103ff4b80
0043603fe5000
0027c03ff9680
ffd6f03fe92c0
ffdeb00016040
ffaaf0000a440
ffa8403fdb380
ffe8603ff6100
002c603ff7540
ffe9c03fe2100
ff1bb03feae00
ff52403ff5e80
00b0f03ffe280
0035d03feb440
ff9e703ff0dc0
00a2303ffc240
00b4203fffd40
ffdb703fe0940
000ba03fe25c0
fffd300003780
ffda400018240
000af00014f00
00089000122c0
ffbb200001a40
ffdc900024bc0
003b000003c00
0057503ffd080
ffbaa00035080
ffc260000cf40
0020903ff7080
fffca0001c540
ffde403fe8340
ffe2203fed800
ff89e00003d40
ffdec03ffd680
ffbb300022a80
000fc0000ed80
0059003feff80
0007300004100
008b903ff6f00
0001603ff9940
ffe6a00004840
ffe450000e340
ffd8a00000e00
0014303fed3c0
0023d000039c0
ffc120000c9c0
0039703fdd040
ffb8403fe1740
ff84003fe9000
ffd9700003440
fff1e0000ac80
0051203ff7340
00e9803fed700
0033000007b40
000b903ff7500
ffebb00003180
ffa9100019580
003cd03ff7d80
002980000b700
ffe7d03ff0740
003ee03fc7940
0023d00003940
ffea503feeb40
fffc403feb180
ffc1000022340
ff7ed00005800
0011000004100
00707000115c0
001c300023300
0029400016600
ffae003ff6d00
ffe1403fffac0
0059f00008b80
ffeef03ffc300
002f800004900
006d303ffb100
ffd2003ffb700
005b003ffa500
001d003ff4800
ffc6c03ff8480
0002c03fe5740
002680000b740
ff98303ff3d40
0006c03ff95c0
004530003cbc0
006ea00016600
ffc3c03ff2e80
ffebf000075c0
0066103fec7c0
001da00005e40
0006900010d00
0034700001f00
fffaf00003980
ffd7803fffc00
fff890000be40
ffb280000cdc0
ff6ba03ffc200
ffc3b03ffb0c0
0009e03ff4f00
ffdfa0000d140
ffb9b000146c0
0023c0000c300
ffc630000d840
ff9f703ff2680
fff0703ff9280
0000e03fe4a80
0014e00002c80
fffeb000081c0
ff7fb03fe3ac0
ff86503fe8e00
ffd6400001140
002e200003800
ffb4c00009580
fff0803ffe800
0063203ffe000
ffe5f03fe6b80
ffb3003fd4dc0
000f40000c700
ff83d03ffed40
ffd6c03fcc840
003ad03fe1c80
fff6b00002400
ffec603fe8cc0
000ba03feea40
001b200020680
0023800028000
ffcc100025e80
001d900002c00
fff2d03ff22c0
ffe2003fef980
006a803fe82c0
ffe9d00017900
ffc5800026e80
0020403ffe840
0013b00006f40
000ff03fdf400
ffffb03fe0d40
0036c03ff5c40
000a803ff6c00
001f103ff6ec0
fff7a03ff4a00
ffe9403ff8c80
000ae03ff54c0
ffe5900000a80
0054300010240
003400001c300
ff96e03ffb480
fffa703fecc80
0030b00002c00
002e20000d980
0004203ff03c0
0004300000180
000c903ffbb40
fff6103ff98c0
fffec00005600
0004603fe2580
fff850000ba40
ffeb8000186c0
ffbd503ffc940
000ed0000ff40
004b903fe6440
ffefb03fed080
fff1000000cc0
0001303fe2a00
ffa0403fe88c0
000bf0001ef00
ff99d0002ec80
ffad003ff82c0
006db03fd91c0
0006f0000c6c0
0030300001f80
ffd1503ffd400
ffd5200009380
001d403fec740
0051700015dc0
001f10001c800
00b8d00000ec0
0061b0001b740
0010403ffd880
0014203fff980
005480001d640
fff800003c1c0
001af0000b680
ffe1003ff0300
ff6e200017b40
ffea803fe6840
000ac03fd8ac0
ffda30001ee40
0044500001500
000d303fe9cc0
008170000d9c0
005e800016400
0054400016e80
0070a03fec1c0
fff8003ff0a00
ffcd100005040
003bb00012b80
ff91903ff9ec0
0009203fde100
000700001d600
ffbce00009fc0
fff2e03fd4d40
000210001c300
0024200005300
0061703fefd80
ffc650001bc40
ffb0f000008c0
ffcfd03fe4380
003b2000146c0
0066303ff8a00
ffd9103fe71c0
0004503ff9180
ffdc703ff3440
ff90e03fed9c0
002c300010c00
002d203ffce00
ffeea03ffb980
001eb00002b00
000f303ff69c0
0081200024080
0048903ff6e80
0027400001200
00c5400033900
ffb0603ff4b40
ffb0403ff3c40
003ad0000d0c0
ffea603ff3a80
0036e00000d40
0019503ff57c0
ffb8503ff3300
001a303ff7b40
005c70000e140
000af00018440
ffa7503fe66c0
0028603ff8900
0044300008940
ffd2803ffb300
fffa70001fb00
0083200012880
0030803feefc0
ffebb000093c0
0004b0000ba40
ffec500004340
ffaed03ff2780
ffcd103fe4940
ffc9503fea580
ff84703fdef40
ffb3403fed500
fff9803ff00c0
000d003ffc640
001a003ff6b80
0054e03fff0c0
ffcc103ff7400
ffc7703fe5240
ffdee0001d700
ffca200018a00
ffff203ff6740
0023c0001c3c0
0046000000480
0036603fe3d80
0014f0000cbc0
0030b00002c80
ff9d103ff4740
ffe62000050c0
0069c00009840
0021600003b00
ffd4c03ff6240
fff6803ffe1c0
ffd5803fe1480
0009e03ff8080
0052d00004800
003ca03ff2d00
ffdeb03fe3e00
ff9ee00004280
fff5200007cc0
007c200008600
001cf00005780
0023d000068c0
0087e03ffbe00
ffa82000129c0
ff9c600006180
0011703fdc5c0
ffc360001c0c0
ffce000029100
0039f0000ad00
000dc000060c0
0037f00003880
003ca00019400
0036500037d00
0013100001740
ff80e03ff2040
ffda903fe4580
001a003fe8640
ffe5d00000a80
006cc03ff47c0
005f303fff000
ffd6f00023840
fffca00000240
ff69a0000ae80
ffdc60000d5c0
003a103ff6f00
002cd03ffe4c0
fff5703fd8d40
ffade03ff4400
ffc0e00034a80
002af03fe9740
ffeb903fcca00
ff8ff03ffa380
000a900014140
fff720000ee40
0026d00006780
006d80001a780
fff46000026c0
0009003ff4d00
002cc0000f400
fff750000ad00
ff82800012e80
fffb700023d00
0030303fdfa40
003ed03fe2dc0
fffce0001a000
0026c00000580
0081303ff6d80
fffff00004bc0
ffdce03ffe600
ffbd303ff6fc0
ffd9e0000e4c0
fff5800002a80
0006503fedc80
0086603ff9900
004b800018840
ffebe0000d480
003760000a480
ffa6b00008240
fff7503fde100
0026203ffacc0
ffb49000097c0
0020003ff8040
0076503feb400
ffc1f03fef200
ff79300015500
ff8180001b300
ffdce03fea500
0075303fe3700
ffbfb000285c0
ff9f700007f40
ffe4103fda980
ffecb03fe8240
002e40000d080
0042300008140
fffa400003a00
ffb7e00032340
ffdd700015040
0024003fe6d00
000c703fe3c40
ffcbb03fef680
0031000004a80
0053203ff3f00
ff8c603ff1080
ff9ca03ffb380
ffc3303ffcb00
ffb6c03fefb40
ff7a40000ee40
ffe7200011500
fff7d00021cc0
ffee600010240
ff84e03fd1cc0
ff90703ff3a40
007b300016700
0094d03ffbb40
0053c00003280
000c800011680
ffc8703fec000
ffd1e03ffac80
ffd4900012300
ff66803ff02c0
ffe1a000072c0
006ce03ff4200
0014003feb3c0
ff3a900002440
ff10503ffa800
fffbf03ff7b00
003a303ffc6c0
0051403fe2740
0009100003a40
ffddc0001d040
001df0000f540
ffe0a03fef640
fffcc03fe9700
0011d000070c0
ffda103ffc9c0
ffc4e00001200
001b503ff8500
0022d00009340
009fa00012a40
0029703fd3380
ffd6a03fd10c0
0001803feb480
0005403ff0880
ffea300003ac0
0011303ff96c0
ffcd503ffc7c0
0045300011540
0071f03ffb480
0002003ff5100
0016f03ff7980
009e700001ac0
005220002d1c0
ffd5a00019280
fff600000e600
fff4c0000b2c0
ffe2d03ff11c0
ffc3603ffadc0
fff550000c7c0
0026900024a40
000c300018580
ffc9303ffef40
ff40503fe8e00
ffe7903ff2540
00c1d00012680
003d7000262c0
0027000022300
00b6800004340
0099003ff82c0
0024903fedc40
ffe9603fe7f80
ffa71000131c0
ffcd50001cb40
0045103fe7ac0
0061c03ffd9c0
ffb940000f240
001320000e740
009d50000a5c0
fffda000152c0
ffc4b00007ec0
ffbf803ff5540
ff5fc000036c0
fff2000017640
002a403ffd680
0028903fe2880
ffef203ff0c80
007fe00017a80
0083c0000e140
fff3703ff68c0
ffaaf03ffe240
ffe2103fff140
ff78800000fc0
ffdfb0000ae80
000ea00004500
ffb3f000145c0
0069103fde440
0090f03feaf40
ffe280000d340
003e103fc9f00
0067a03fe5740
0011000012480
005d703ff2140
0058b0000bc80
ffc8800012800
ffce60002e600
ffbae00022940
ffeda00001700
00832000063c0
fff2503fee300
ffe9903feaa00
000c503fe5400
0039803fcfcc0
0004703ffe740
ff77d0001b8c0
ff92503ffb740
ffa6100012380
ffcb603ff0e40
ffd2b03fe8680
fff6d03ff0bc0
000c703fea400
0069e00015040
002fa03feb840
ffb4003febdc0
007c80001b900
00e9500006b00
0086b03fdd4c0
0034703fe7400
ffc1e03fffb40
ffb1300006800
ffa6903fe36c0
ff10a03fee040
001cb00023880
0061f000192c0
ffa3c0000f600
0024c0000f800
0078603ff3b40
00740000029c0
004f600001a00
ffc4403fefc80
ffe820000d680
0017f03ff9b00
0013e03fff500
0073e00019f80
0077703feca80
0008f03ffbec0
ffd330001a340
0024003fff0c0
004ea03febd80
003b903ff0ec0
ffd820000a400
000b303ffd8c0
0052000005040
ffb6203ff63c0
ffd6103feb080
ffc9800002840
ffa4f0000ef40
003b603fe0ac0
000bc03ff34c0
ff87803fff040
002c5000028c0
005f503ffc440
0001303fddac0
0024a03fedd00
fff5e03ff5280
0018203ff2f40
001a803fefd40
003cd03ffb780
fffb300007140
000f600007380
ffa5903ff5380
ff0ad00011cc0
ff57603ffee80
000aa03fe7b80
001670001d7c0
ffdb0000110c0
ff79903ffbd40
ff70d00006500
ffa7603fed240
0052d00007fc0
006e30001bdc0
0048d03ffce80
005fc00008440
001a200005400
ffd6f03feb200
0078803ff5c40
ffc100001e680
ffc7100008d40
0055103fe7300
ffd7503fe9ac0
000b103ffac40
0019903ff0980
ffd4800002fc0
002240001e1c0
0058600017440
0007000019840
ff9f30001abc0
ffbb300008f40
ffdd803fe0fc0
ff66500003e00
ffd8300016440
fff5903fff340
0021600004980
0051b0000fc40
002320000e180
0026d0000f400
001b403fed6c0
fff2303fed600
ffe3c03ffe6c0
0007c03ffa980
005ba00022200
002b900018bc0
ffe1000012d00
0060c03fe9240
0033b03ff1a80
004e100023280
fffc70002d800
ff6630001cf80
ffec103ff0bc0
003c603ff2540
ffffd0001cf40
ffa1a03ffab80
ff78503ffe580
ffb8903ff3d40
ffeba03feaac0
ffe4a0000a2c0
005a100000d40
00b4f00003380
000a100010780
ffb3303ff56c0
0037503ffd240
000c10000dec0
006de03ffe940
0030800001300
ff2af03ff8200
ff8b100014940
0026e03ff7f80
0037103ffb640
0039d000039c0
ffe2a03ffb4c0
ffc1000009ec0
001b403ff91c0
0085503fe5180
003ab03fe8700
002a903fdc680
0021b0000b600
003ea00002200
ffd9a03fc4200
ff5a300003080
ffa2200021180
fffc700011c40
ffc7b00016b00
0009b03ff6900
0055d00005340
006dc000086c0
ffe9c03fee340
ffbe300009500
002b4000053c0
003b903ff3840
ffece03fffa00
0067603fff480
ffc8e00009000
ff61400005a00
0084203ff9f80
008ed03ff8800
002b900009cc0
0013e00004a00
ffd7d03febdc0
ffe6f03ff8800
ffbd100005a00
fff6d00002a80
ff97800004ec0
ff6740002bdc0
006cb0000ad80
0002000000cc0
0012200004e40
ffece03fe7ac0
ff80b00003140
ffb12000133c0
002a603ffdc00
0010403ffcec0
0001003fde5c0
ffe0203ff5680
ffcaf00016440
0045903ffa600
007e303ff1200
ffc6f03ff8740
ffe2c03ffe3c0
002700000c680
0039103ffffc0
0045a00028cc0
006d9000124c0
fffc903ff3600
000320000bc00
00a6303ff76c0
fff9c03ff6ac0
ff7dc03ff3980
0028100005840
002da0000fac0
ffc1300004880
001ae03ff55c0
ffbbe03ffb440
ffd0603feae40
ffecf03ffd380
ffe710000ad00
ffd7200018540
0031c03ff2a40
0111503fe8dc0
002350000ff00
ff51e00010640
006a4000065c0
ffe9600021a80
ff68400009180
0019703fe6fc0
0008700008440
004f70001a800
ffceb0001b980
ff99503ff2c00
003a50000e200
ffd9e00016000
ff9f000004c80
ffd6e03ffe680
ffde503ff3980
0025703fde5c0
00b6503ffb200
0049b00012c80
0001c0000f7c0
fffe503ff0b00
002cb03febf80
0013c00002800
0030703fe3a40
ffa4f03fe4e80
ffbcf00002080
0035b03ff8140
0040703fd4840
002d603ff8880
0010b00000a00
0018103ffab00
0009d00002e00
ff93203fee680
0006c03ff9c80
0043300029d40
0004900011580
002f900005bc0
ffc00000144c0
ffe7100001740
004f40000c740
ffd2503ff85c0
fff5500003940
0022a00013b00
0059703ff73c0
0042f03ff78c0
ffb1a00006680
0054503ff71c0
006bd00008a40
000db03ff83c0
003b103fe7b80
0035e00009280
ffffb00010d80
ffbaa03ffb1c0
ffebb00004ac0
0048600003180
0007103febcc0
fff5303fff280
ff9cd00016540
ffac90000a580
0084b0001a940
ffdba0001b480
ff8ed00001ec0
002b40001ac80
ffd8a03ffd080
fffb600013880
ffff500024c00
ffcaf03ff1240
fffd803feb4c0
0028500001000
000a103fe7c00
005d503ffea40
ffcfc03fec240
ff81a03fef480
000d003ff2ac0
0024d00006f40
ffe2400020540
0015d00000240
0004403fe7d80
0086d00006580
000d900021b80
ff64a0000fc80
ffe8d03fd5640
ff85103feee80
ffdbe03ffbd80
0085803ff7a80
001d20001ce80
ffbac00016040
ff84503ff84c0
ff96c03fe8b40
fff3703feacc0
ffb1a00003540
ffbdc03ffb9c0
ffada03fd0c80
ffd3303fe52c0
ffcc603ff7f80
ff81700002740
0032000004a00
0062c0000ae40
ffd0d00005a40
0013a03ff1180
008e003ff5280
001c703fe2500
ffd5b03ff1f40
ffe6b0000cfc0
fff9d03ffa100
007980000b800
0048e03ff2080
ffc1303ffa400
0005d0001ac00
ffe9600017e00
ff82a0001ab80
ffde40000a600
ffa8c03ff7580
ffa090001b500
0054703fee300
ffd1100000e40
ff4790000b980
ffb1200005880
fff3d00004040
ffa2900004f00
ffe7d03fead80
004f503fe9800
fffbe00009cc0
0044f00031580
007b50001e880
0080103fff280
007ce000165c0
0014e000010c0
ffcd003feea00
004b103ff0180
005a603ff0440
ffa0e03ff2b80
001f600007940
fffee00004900
ffe7a03fe4fc0
000e303ffd700
ffda800008780
ff56e03ff7f40
fff8400008300
0073c03ff0300
ffd8a03ffb240
fff3a00015f00
fff2103ff1540
002e803fe8e80
002e800004d80
0010a03ff2a00
0039f03ff7600
0037a03fe5c00
ff82d03ffc580
ff9b500025900
ff9a50000d480
ffc1f03ffae80
ffe8a03ff4200
ffb1e000089c0
0025f00006dc0
0030903fdc740
0031003feaa00
fffbc00010ec0
0031900007a40
fff6d0000cf80
ffb2b00016680
fff1b0000e080
ffdbd03ff9b00
0031c03ff88c0
006210001f7c0
004b80000eb80
0012f03ffa000
fff3903ffd700
005aa03fe0d00
ffb2003fec400
ffb6d000028c0
002200000bc00
00380000100c0
0038f03ff4940
ff9f003ffb500
ffa0e00011f00
00484000005c0
ffc210000f1c0
0008000008240
0087803ff9b00
004980002adc0
ffd4003ffb900
ff65d03ff0200
ff7e703fff280
ffe8703ff1740
ffcba03ffdbc0
ffd7603ffda00
0013d0001a3c0
ffe260000a800
ffa4a03fdb040
003e7000145c0
006dd0002ce40
ffabc0001ccc0
001d60001d500
001b603fff380
ffc3b0002e4c0
0011300034940
ffd5e03fd58c0
ff8aa03fe8140
ffb5100000b80
000f30000b340
00804000000c0
ff68303feb4c0
ffceb000061c0
006100000d380
ff9e000005dc0
ffa6000007a40
001d503ffb7c0
001ed00002100
0025203ff2740
ff9060000e900
0047300043080
0070303ff82c0
ff97f03fe46c0
ffdbf03ff1480
000a903ffccc0
0032900017140
0016800010580
fff8903ff67c0
009ba00000900
006cc00004b80
ffd6003ffabc0
00d8d03ff8000
00a3e0001cd00
0035d03ffa040
0067403ff6380
fffa703ff4f40
ffe1603fe9a00
0053203fe65c0
0014a03fe5bc0
0006503fc4b40
0044503fea9c0
fffc00000d5c0
0021f00013d80
0056f00008380
ff66e00006380
ffd3800015980
006530000b080
0043a03ff7b80
ffd4103ff6600
ffc5500004540
006280001f600
002dc000070c0
001bc03ff2700
007860001a880
001e203ffa3c0
0027503ff5200
005e303ffb600
ffd5603ff3600
ff6ec03ff4c40
ffdb803fd8980
0083303fd8680
004f100001880
ffb720001efc0
ffc65000111c0
ffe5003ff6c80
0053a03fea900
fffe703ff4140
ffedb03ff6280
00c1400004640
001a000023980
ff5c200003780
ffd5003fda040
003ae03fdef40
ffd9003ff2c40
ffa9200007100
0038e0001bc00
0010100003c00
ffcca03ff0cc0
0064603fe1300
ffca103ff9240
ffece00007280
005b800010400
0029700006a80
002cc03ff4500
ffbcd03fe6300
0011503fd9740
000e200000240
ff75800006bc0
0012b03ff95c0
0019903ffa540
ffabb03fd9840
ffc8a03fcdf80
ffd4503ff5340
fff3d03fef000
0085703ffbb40
0008403ff2fc0
0017d03ff60c0
ffed900003800
0018e03fe3540
000d303fe3fc0
ffeca03fff9c0
0004d03fe33c0
fff3403ff0b00
ffd8b00000c40
ffade03ff0480
ff7eb03ff9780
0007703ff9cc0
0088003febe80
ffe6503ffce00
ffe8303fcd9c0
004d603ff5640
0066c03fff440
fff9703ffe280
004a10000ba00
ffe6e00017c00
ffee003ffc900
0028003fffa40
0037003ff7b00
0002003fe3140
ffe5303fdbb80
00b320000c200
000ae00019700
ff3b003ffd4c0
fffe203ff8680
0024e0000cac0
002e00001e240
0044b03ff15c0
ff86903fe8440
0064103ff2100
0080703ff8ec0
ffe5b00014b40
0042b00012880
000b700015580
000c400006100
0093a03ff6ac0
ffd8a0001d540
0054203febd00
007ca03fc3a80
ff70303ffe4c0
ffc4603fff540
ffee503fecd40
ffd4000018700
007ad03ff6400
0006003ff9040
fffbc03ffa800
0000903ff4e40
0002203ffc240
ffed203fdc780
fff9000000ac0
ff98b00006940
ff98403ff4680
0021803fff380
0030603fe0640
002c3000000c0
ffaf600017200
ff71e03fff680
003c700008cc0
0074d03feb000
fff0000009900
ffdea000109c0
ffeba03fe4040
ffec503ffaf40
ff85a03ffc9c0
ffa6a03ffb740
ffd5d0000a6c0
ffc4303ffc880
003e600006140
fff200000ed00
ff83303ff3180
002ed00001540
ffe9503ffa2c0
ffe8203fff840
0028303ff5c80
ffb5c00003d80
ff6cb000090c0
ffbc903ff2680
ff87d0000a440
ff90f03ffe000
0076903ff2b80
0001c0001f700
ffcc40000adc0
0024e03ffbd80
ffaa500009480
0010b03ff2b00
00c0c03ffb740
0052803ff8180
ffdce03feb8c0
004e203fe3b80
0027803ff6a40
0014400015e00
ffb7600009b00
ff7800000ecc0
007aa00001480
006c503fe75c0
ff86203ff09c0
0016603ff25c0
000b800004880
ff96900005600
ffa3803fec9c0
fff2f03fdfa80
0085103fe5ac0
009c603fe15c0
ffdd303fdbdc0
0067c00003080
0031b0000ae40
ff8a703fed000
fff0d03ff4600
ffaff00013780
ff4d503feb700
0046003fe96c0
ffecd03ffcc80
ffd2c0000a2c0
0015700018640
ffc3b03ffb140
ffcac03ff8e00
fff1000009900
ffcc203fff240
fffb703ff1040
003f403fed340
004e703fe51c0
002ea03ffc040
001f003ffed00
fffad00008140
ffece03ff5700
0012703ff5140
ffd1900000300
ffd5600009d00
004f900019f00
002f300017800
0002f00007400
0086e00010740
002180000f940
ffc7003ff2080
ffa5803ffeb00
0047100014b00
fffab03ffecc0
0057a03ff3800
0040b00014880
ffcd603fe5480
ffbd003fd4600
ffcff0001d340
fff9d00015f00
ffd9303ffe9c0
0003500005240
000ee03ff6340
ffa970000ed80
ff3960001a700
ffd8b03ff4480
002b303fd42c0
ff37503ffc340
ffc8703feac40
0019c03fedc00
ff8e00001ddc0
ffdf6000069c0
00a0500002240
fff54000292c0
ffc6600004a00
005a803ffa8c0
0047300021380
0040a03ffa880
ffd9c03ffadc0
ffc7103ff0b80
002ff03ff4a80
006d300012700
004200000f8c0
003b103fe49c0
ffbca03fe7e00
ffa1f03ff5340
ffec703ff9dc0
0038903ff9b40
ffdc40000e900
ffe9803ffea80
0001f03fe6240
0032800004980
0012c03fcaf80
ff59c03fd7100
ff8ab00008100
ffbc703ff18c0
ffa8700013ec0
ffd9a0000a040
0027503fe4780
000bd03ffb380
ff5fe03ff2780
fffc000010300
0074700003140
ff8b803fd4b00
ffef800014500
ffe2a0000d940
ffa3303fdcec0
fff8800009040
001660000ab40
000c703ffec80
ffca203ff78c0
ffe6803ff9f40
003f500007d80
0042703fff140
ffb7803ffad80
ff66900001040
ff81e0000d7c0
001960001ba00
ffb4f000079c0
ff8d303ff6240
0017703fef2c0
ffe4400008580
000bf00003240
ffee90000c340
ff9880001ce00
ff80f03ff9c80
ffca703ff8040
0015600015200
ffae80001a180
ffcc000013680
0054f00008f80
ff6dc0000fac0
ff65400005040
001dd03ff9100
00193000234c0
fff030000e340
ffcaf000129c0
ffe2d0002f300
ffaec03ff35c0
ffcb703ffb0c0
0049e00014140
0016e03fecd00
ffa1703ffc700
006390001dc40
005a800014000
ffd8003fef940
001fc03ffc800
0007200025100
ffa4d00007380
0000303ffc200
0037f03ffe1c0
ff83303fe2440
ff9cf03fe3a00
0086803fea140
ffd6800009e80
ff44403ff01c0
0053e03fcbd80
0011103ff5900
ff8dc000022c0
fff8b03ff5d80
002fc00004e40
0031403fde140
002f403ff0e80
0029100014180
0055003febc80
ffb6703ff9740
ff73500007b80
fffd600019ec0
0002603ffdfc0
0018b03fd6840
0050403ff4700
fff7203feed80
0016803ff5a00
005e80000dd00
ffaad00007580
ffcc203ffe800
0024803fd6980
007ce03ffdc40
000f500026840
0032903fe8e00
00279000075c0
ffec9000137c0
ff89503fe8000
ffb4d0000aa80
fff840000adc0
ffc2303ff3b40
ffb5800006180
0088903fe6bc0
002f003fecdc0
ffc4700002900
ffd2c03fed780
0046903fea8c0
0032a03ff92c0
000a103ff26c0
fff8603ff8c80
000b003ffed80
ffca703ff5980
ffc4403ffd340
ffd3703fef740
ffa9d0000d480
0038900020c40
002560000a180
ffb9b0000cf00
0075800011b40
0005d03ffa140
ffc9003ff6d00
0029c03ff8bc0
ffa4203ff8800
0014500008340
0069700000480
ffc7b03fd7180
ffbdf03fdebc0
ffe3003ff4480
ffae803fef980
0014b0001c1c0
004b200015c00
0044703ffc940
0043603feacc0
0012c03ff6bc0
0013603ff5900
ffda600011380
004a803fe2d40
003df03fe2b00
ff80c0002bbc0
006f00001cf40
002fe00010540
ffe7100023a00
0030c00010640
ffaae000020c0
ffe3303ffc000
00bdb03fd3e80
001bb03ffddc0
ffcc300003f40
0033f03ff1f00
0006700002580
0056100004580
0010e00008c80
002bc0000c680
0049c000187c0
003c303ffc040
0011a00001900
ff8b800013f40
004d603ff1c40
0001603fe0180
fffa00000c180
006c5000086c0
0000503ff7e80
ffdca03fe25c0
0081400003800
ffe170001ba80
0053d00017580
006d70000d0c0
0020a03ffe740
001b503ff90c0
ffa2903ffaf00
ffd1e03ff9540
ffa8300013900
ff88500013900
0038203ffec40
ffa23000085c0
ff43000000b80
001f700009200
ffe2703ff4040
ffc510000ba80
004f600012440
0080103fe9840
001e403fecd40
ff94203fffd40
002e700003fc0
003390002bf40
ffba403fff780
fffd503fe9240
ff4b300001640
0006f03ff2b80
007d303ff9e80
ffcc103fe3700
00a3c03ff8080
008380000e300
ffa7c03ff7640
001ff0001e340
00a2b00014b40
0036c03fcfdc0
004c603ff3b40
0028800003400
ffdee0000df80
ffe0a03ffde40
003b803ff4500
ffc8f000300c0
ffd4f0002da40
ffe0800007bc0
ffc1803ffea00
ff8c503ff7380
ffc9f00006cc0
ffbe100000000
0068a03feedc0
0064903fff1c0
ffa4b00004980
ffb6603fef380
0009503ff9980
0026b03ff6e40
ffed003ff3680
0005b03ffab40
0042603ff2340
fff6100001a40
0049803ff2780
fface03fed440
ff5b503ff1400
fff6500008740
0002a000111c0
0028903fdae00
ffec603ff5640
ffc290001d7c0
003b603ff3800
ffce603fdd9c0
ffc7e03ffea40
004e003ff5b40
0012e03ff7740
ffd51000177c0
004fb0000cc80
0060103ffdb00
0005d00010e80
ffab703ffd440
ffa6b03fff800
ffe7803ffe140
fff7900010a00
0032f03fff280
0031503ff9d00
001b800001080
fffb503ff1f40
0006203fe9500
0002f00002580
ffe6003ffdc80
0029400007300
0014000006ac0
ffd1003fdac40
0006703feedc0
003ad0002ad40
ffa5200012080
ff8e403ff7080
0036f03ff1300
0049603fdbf40
ffad203ff9cc0
0008800019780
0031c000002c0
0025800005a00
0037b00008800
001b203fec500
0005003ff5e00
fff250001ec00
0003000020f40
fffac03ff5f80
ffb0c03ffc680
0036200000c00
0055803fe7f80
ffcb0000154c0
004250002e5c0
004f000023bc0
ffd9b03ff9500
ff7dc03feca00
ff16400020b80
ffd650001ce40
0037803fd1b40
ffecb00010b80
0032d0001b0c0
ffe9203ff2300
ffbd103feb540
ffbda000144c0
0003e03fe9bc0
0057403fd9c00
ff8dd00007b00
ff6f703ffd700
ffe5a000057c0
ff82700035a80
ff9ed03ffc8c0
ffd6303fe0f80
ff9a003ff5340
ff83c00001d80
002ce00011a80
0054803ffc0c0
ff8fd03ff8f80
ff7ee03ff6c40
ffd1d03fef640
00078000113c0
001bb00015a00
ffb2a000088c0
0012900005740
0089403ff1500
ffe5f03ff36c0
ffcf403ff9f80
0057703ff6100
005af03fe91c0
0042903ff5800
0057a0001b240
004a50000a400
0007a03fffbc0
0061b0001c000
004c303ffb600
ffdff03ff7280
ffd6f00009880
ffed803ff5640
005ef0000ce40
00618000079c0
0035700002800
002d500004d80
ffac20000e5c0
ff78100019740
000c100002a80
00ab2000012c0
0086c0000e280
0055a03ff0d00
fff170000e680
ff9b600005a40
ff9be03fea000
ffc7700018b40
ffd3203ff8f80
0037a03fe5d40
004d20000fdc0
fffad000012c0
fff4e03fe4cc0
fff0303feb600
002d70000c400
000c103ff6b80
fffa003fdcf80
0037803ff68c0
000c203ff4900
ffe6b03ff8140
fff1c03ffbcc0
ffabf03ffe940
ffa6500004440
0046503fda300
0084d03fcb940
00d9d0001b2c0
001ce000219c0
fff8a03ff3780
0025c03fffb80
ffe4400022340
ffdca0001da80
ff70500003d80
ffc4003ffd500
003d403fe9340
ffb9600003b80
ff8da00006c40
000740000d000
0005b00010240
003fa03fee340
0010903feaa40
ffba100004240
ffc6803ff8300
ffa6103ff1040
0005c00009400
0024903ffd0c0
fffd400004800
0072803ffbac0
003d503fef940
000b303ffb740
ffdf40002ed40
fff5600019280
0015903ff48c0
001ab00012c00
ffed30000c6c0
003bc00002e00
003d100002700
ffee403ff7700
0097400002340
ff92903ffd340
ffb8e00003400
ffefb03ff8dc0
ff90e00003780
fff4600005a00
ffc8d03fe2800
ffcd903fdd440
00b2d00006840
ffc0f03ff7940
ff79700021500
ff56703ffdfc0
ff4b603fe0c80
001b50002e140
fffbf03ff3840
ffb6403fddfc0
00033000039c0
fffaf03fe9040
ffc2803feecc0
fff3d03fea3c0
ffb8e03fef7c0
ffd3e0001c3c0
ffdb700007200
0008803ff3640
002a90000a880
00b4703fef680
00c4303ff6580
00366000063c0
ffe4b03ff1280
0000303fd6c00
0025d0000a700
0033200017440
ffed700000bc0
ffdbb00011c80
ffe1403ff37c0
ffcb903ff1680
001960000a940
0019300005100
ffdd300025940
fff3900014780
005c203fe6dc0
ff98e03ff6200
ffc5b00002680
0004b03ff7000
ffcdf03ff0580
ffd4f00010740
002a603ff9100
004bc03fe7440
0065e0000e300
0019800004700
0069503fe6cc0
004b403ffff40
0002803ff35c0
00444000028c0
0054d03fefd40
003cf03ff5880
fff05000069c0
ff8d503ff7140
0005d03fec300
002ee03ff83c0
ffce703ff8ec0
fff7803ff0d80
ff8ce03fdd9c0
ff86503ff7f00
0028e03fe5f80
0010a03ffa880
0044900027c00
0020f000093c0
001c00000fa00
0028e00008680
0069303fe9f00
00a3100006640
fff6b00004180
ff9dd03fef240
ffe3103fed400
ffdf200000bc0
ffdc9000118c0
ff8fa03ffc7c0
fff5703ff1700
0079e00009900
001e900013b40
ffaf600023140
ffad803ff5600
ffbb203ff6880
ffffb000171c0
004be00014bc0
0029d00002180
002c903ff2dc0
ffc4f03ff9d40
ffbae0000c880
ff6f703fe6ec0
fff2400008e00
0015b0000fb80
ffda603fe6ec0
fff7b0000b300
0017300002a80
ffb1e00015c80
ffeff000305c0
0056f03ff6b80
0037803fed980
000bc03ffe2c0
0043303fe8a80
0052b00001f80
000d000007fc0
0058d00013cc0
003e700022dc0
ffd1500001a80
ffcc903fed4c0
ffd4c03ff4000
000ee03feeb80
0034c00012a00
002da0001e100
004f203ff6f40
ff94403ff6c00
0008400019e80
0020400013b00
00256000169c0
003d2000122c0
fff6800000840
002460000b000
004fd0001aa40
002430000a900
fff2003ff9140
ffd7603fd8300
ffcc000012980
ffba000018500
ffbad03fde2c0
ffa5c03fe4a80
ff91a00003b80
001410000e140
001a100001540
ff7ea03fde980
ffa6d03ffafc0
0030403feef00
fffa003ff0c00
0005c000248c0
ffed00000f6c0
0024203ffaec0
fff920000d1c0
ffd5403ffb680
000be03ff8c00
000db03ff8ac0
ff94303fe0980
0009403fe8640
0008603fed7c0
ffe7603fffe80
002920000d500
ff72403fe2e40
ffa7400012680
0042403ff81c0
ffefa03fecf40
ff9de00012dc0
0040903fe6e80
00a5f03fee0c0
0053a000019c0
ffb5e03fddb80
ffbfb00013740
0002503ffb980
ffc4e03fe24c0
005b9000123c0
00d120000f380
ffef400017dc0
0015500013440
0039a03fe8100
ff8530000cb40
ffd3e03ffccc0
002f900013680
004df00024580
007a903fea880
fffdb03fef4c0
ffbd203ff3bc0
0073603fde500
000d903ff1680
0060b0000dec0
00a9803ffa880
000c903fe89c0
ffa7103fe0800
001c603ff7f40
0046503fe2b00
ffed703feee80
ffbcc03fee440
0008f03ffb240
ffddf000198c0
ffbfd0000e380
0028200007d40
ffa5703ff4280
ffc5a00003880
0034e00011980
fffda0000a940
fffc20000e240
0047f000052c0
0051800012400
0035a00010b00
fffb103febf40
fff0700012680
fffc000005700
0007a03fda340
00ae403ff8680
0069403ffac80
ffc7d00012480
ff6d60001a6c0
fffb303ff2b40
0074600013840
002f700005440
ffbfa03fed440
0023600015b80
fffbf00005b00
0075c0000df00
007070000d0c0
0030e03fe8340
0054703ffb5c0
ffedb00019640
0018f03fddec0
001b903fda8c0
fff52000098c0
ffc7903ffe8c0
ffc6303ff5dc0
ffe140000a940
0047103ff1580
003cc03fec8c0
ffb410000ca40
0026f00011d00
004c200017f00
ffb2a03ffe0c0
ffea103fece00
0028900006b80
ffcdd00003bc0
ffd49000009c0
ff8f603ff1080
fffa403ffb2c0
ffe1f00001f40
ff89303ffbe40
fff8c00002c00
ffd1e03ff8a80
006f903ff8480
0077a03feed00
ff95003ff8fc0
0034300021580
ffec200004a80
ff8c303fef440
000d300017dc0
003e80000c200
ffdc500006000
ffd4f00010d80
0071903ffc300
00a5b0000a000
0035500022940
007cd00004d00
0010a03ff0f00
fffbd03ffd140
0043800002e80
ffe2000011500
001b700012ec0
0024e03ff6c40
000fc000053c0
004aa000108c0
ffd280000bc80
ff44903ffecc0
0006303ff1f80
004b203fe0ac0
0095103ffb580
0028803ff1340
0014d00000980
0044600018dc0
0013000001280
0009203ff8a40
fff4100001980
ff7e900020ec0
fffff000193c0
003bb03ffcf40
ff8d30001eb00
ffdea03ffbac0
0066403ffadc0
0031700013d80
0014403ff4080
ffdeb00016d40
fff0d00034b40
00720000249c0
002e100012200
000f800021e80
002f100016900
ffe680000eec0
0028500014240
ffe32000077c0
ff4c303ffe380
0000e0000c200
0061703fde800
001e703fe9880
005bd00019380
000c100011180
002c700002340
0042803ff9240
004f303ff1dc0
fff8f00016780
0005603ff3940
003130000c780
ffe0a0001ffc0
fffcf0000d2c0
ffbb200007040
ffa0a03ffda40
0029b03ff2300
0001400006c40
ffa440000eb80
00294000145c0
002a503fed280
000ed00012dc0
fffc00002b580
0015d00002480
0026000008600
0006300003780
fff7503fe8280
0028203ff63c0
ffe0d0001a480
0029000001e00
0071503fef780
ffd9200004340
ffa1b000190c0
0027c00012cc0
002c500008200
0008c03ff9100
008dd03fffe00
ffbf103ff2f00
ffe0503ff3cc0
002fd00018d40
ffc7800028640
0012600004900
ffe9203fec380
ffe4200000f00
ffeca0001a4c0
ff85303ff47c0
0035e03fe2000
006f403ffddc0
0049e000065c0
00c2103ff61c0
ffd0803fdde80
ff40803ff0ec0
ffb2a00016e80
ffa5e03ff2d00
ffd2503ffe680
ffe2000003640
0000e03ff1680
000a10001acc0
ffa6d00008100
0037103fd3a80
0067603ffe500
002240000fbc0
ffb1000006580
0006d00005640
0000a00012680
ff6c800014780
ff85f00012440
0049703fecdc0
0055500017a80
ffe620001c4c0
ffb8003fe9680
ff87503fead00
ffd7003ff3580
ff95303fe7fc0
ffab003fde000
0057403ffb7c0
0035e0001c240
ffe5000019d80
004a403ff5a00
0032700021280
ff85a000140c0
ffa2b03feb5c0
ffcc703ffa180
0042b03ffc280
002f503ff2200
0020903fe8a40
007ee03fecc80
004ac0000f7c0
ffcd3000210c0
0058903fecdc0
000a303ffb380
ffe2e00006980
ff68c03fec480
ffc5c00005640
00d4d0000bc00
00f1903fff080
ff98d03ffc940
ff81103ff8240
ffc5d00001080
ffcbf0001f040
ffdca0000cf00
fff3f03fe8900
ffd0503ff55c0
002a703ffe680
ffcde03fd7200
ffbca03fdfa80
00a2500015880
0081300009bc0
fffb600011a00
000090002d2c0
0017f03ff5180
001ba03fdef80
ffc53000124c0
ffed400012b40
0013e03ff90c0
ffc5403ff5f00
0059803feb700
ffd9c03fe7b00
ff79400004dc0
0043803ffeac0
002ec03ff5180
fffe503ff6040
0015100010c40
000b900012480
00833000041c0
0022103ff76c0
ffdad000014c0
000ce00002bc0
ffe290000c080
004d403ff6dc0
004ea03ff29c0
ffdc703ffbac0
ffde003fe6280
ffd4a03ffedc0
000840000a080
ffb9603fe6f40
ff81b03ff64c0
ffd7103fed800
0064403fe2ac0
005fb03ffb080
ffd8903fd8b00
0004e03ff75c0
002c200007400
0012c0001b800
00b1b00010480
0033e03ffa580
fface0000ec40
0056a03ff68c0
0039703fed080
fffbf03ff7a80
0072f03fec700
0027903fdfd00
ffa0f0000afc0
fffdf03fe1400
005be03feb9c0
002da00010900
0022903fd4780
fff7103fef900
002bb0000a240
002d703fe5800
ffc4400001780
00166000080c0
008fe03ff6e00
0048600024e80
006cb03fe7880
00c1d03fe60c0
ffbe203ffcf40
ffec003ff5cc0
000f600004740
ff26903feaec0
ffcde03ff2380
0010600010780
ff70000009ac0
ff9c400011b40
ffff003fefcc0
ffbc303fdbe00
ffd3403feb040
ffbac03fefdc0
ff7be0000ec00
000630000ea40
002b103ffa4c0
0005d00012040
0078000015c40
000580000f080
ffa280001e9c0
ffdd903ffe2c0
001d500008080
0024e03ffd7c0
006c903ff2300
0033903ff3e00
000d000008d40
fff7c03fff2c0
ff94d03ffb400
0005a03ff6e40
0093b03fd9ec0
002f203ffb5c0
fff1a00025280
fff170000e100
ffc6403ff3300
000c60001a580
0024a00013b00
fff6f03ff91c0
0001903ffdf00
000f7000212c0
0099903ff7d80
ffb4603ff0f40
ff4ef00012bc0
ffe2100015e80
ffe5c03fe3dc0
ffabd03fde380
ffddc0001c840
ffab100024300
ffc2b03fea700
0008c03ff8480
ffbd603fff200
ffe3e03ff9e00
ffb01000031c0
ff83403ffebc0
ffef700010640
0051c03ffcb00
0058a00001a40
0064100000f40
003080000a500
0001c03ffc800
001fe03fe21c0
ffc3f03feb0c0
ffd2a0001b800
fffa200015640
ffb4e03fe6640
0054803ff1300
0009c03ff1440
ffab003fe9880
005ca03ffa2c0
0042103ff7e80
001e003fff480
0058b00000580
001e603fe32c0
002ef03ff5f80
00663000149c0
000d303ff7380
001e403ffdd00
ffefd03ff72c0
ffd7403ffadc0
fffff0000e740
fff4f0000c100
fff4103ff2f00
ffe1f00013700
0014d0001af80
0001403ff2100
fffaf03ff5700
0024a03ffcf40
003df03fe7700
000fd00006ec0
001de00006a00
000a103fe2400
0003403ffb540
ffcd900003300
ff7aa00017cc0
ff745000213c0
ffaa903ff5580
ffc4b00000200
ffab003ff5800
ffc2d03fc9ac0
ffea900003b00
003f100001400
001f003ff0280
0012403fff000
0015e000028c0
000ce03ff41c0
005ec03fefd80
002d403ffd100
ffb25000195c0
ffbfe03ffea80
ffbf700012c80
ffcf1000175c0
ff89b0000b1c0
ffc6603ffff80
0021903fee380
0022303fff300
0047900010840
ffc5d000008c0
ff2de00001500
ffbd2000051c0
ffb7d03fe1540
ff90403fd58c0
ffa940000cd80
0037700005c00
0069c03fe9840
003120000b8c0
0071e03fe7fc0
0032a03fec700
0011e00022dc0
fff5703ffee80
ff8cf03ff0b00
ffbf203fe65c0
ffeb303febf00
ff2a7000032c0
ff7b300014040
0045f00011fc0
ffde003fed8c0
ffb5803ff0000
ffce50000b140
0020503fe3c80
ffe3203ffa000
ffa4803ffc380
ffc7e00000e00
ffbb500001140
0000d03feb0c0
00097000022c0
0033d00016600
ffb110000c100
ff39f0000a300
0033c03fec040
0050e00002240
ffc5903ff7200
ffc0603ffdac0
00546000086c0
0073703ffe4c0
ffe3700012b40
ffe3d00005f80
ffcf403fe8ec0
ffa3400011d40
ffa4c03fed140
ffc4d03fec040
00414000168c0
0055a0000f680
0080803ffe480
fff9103feb480
ffb7303fe9a00
004c003fe5fc0
ffe9d03fe41c0
ff81800010ac0
ffc400000e3c0
ff8470000ec80
0007d03ff4f40
ffda900004c40
ff93a00002340
0029f03febc40
ffcc900002240
002850000f180
003e203fe1fc0
ff6ce03ffccc0
002bd00004680
006b903ff9240
0006600010d00
006310000d840
0064b000223c0
006e70001cac0
0061903ffc880
001b900013340
005bb00017ec0
0038a03fe4080
0012203ff8f80
ffe3000015580
ffe5b00005000
006df00002280
ffdc200004980
fff3f03ff3f40
ffd0103fec3c0
ff92f00001540
0043d0000a400
0039103ffba80
ffe7903fe9440
ffca503ff7dc0
fff4d03fe9f80
ffff103ff1f80
ffb0903ff5c00
ffcda03feeec0
003af03ffb680
0035a00004d80
0008903fff880
ff93d00005d40
0039203ff2000
0099f03ffe8c0
004b00000a800
002d503ffa780
0065403ff9780
0032a00006540
ffeee00016ac0
ff91400003580
002bc03ff6400
0006100000700
ffa5d00009e80
004310000fa40
004f703fece00
00ac803ffb400
005ba00013040
ffd6903feb8c0
0011c00005f40
ff7200001bfc0
ffb0c000004c0
0063700000b40
004ef03ff9ec0
0000703fec8c0
00d7603ff8a00
00a0503fff280
ffb6d0000fc80
ffde20000e900
0018100010e40
fff6100009400
0040703ffeb80
0078d00007400
009130000a640
0059503ff1300
0077503ff5840
00c9600015800
ffc1900001b80
ffab203ff31c0
fff0803ff3f80
ff9e003fe4f40
ffc9d03ffc040
ffbfe03ff9880
ff94203ff9880
0019000009300
00a0900009780
0094a00009580
0049300017480
002a603fed6c0
0008a03fe1bc0
ffe3a03ff4880
ffa3803fed580
ffecf03ff5d00
0092103fff400
fffbd00027300
ffd2400010180
000d700009600
ffe7a0000e700
002090000cdc0
002c500009900
ff92f03ff5cc0
0047503ff9740
0016703ff3e80
ff9d703feee00
ffce003ffda80
ffbe603fdcfc0
ffd6603feeb00
000d900004680
000930000b940
ffb7000005d80
0001003ffe080
000a803fef1c0
ffaf803feb640
0031703ff0380
ffd96000042c0
ff8c603fee680
0088203fd8dc0
0030100002b00
ffb0300024900
007850001ca80
fff4303fed000
003ac03ff3380
00ceb03fee780
ffda503fe3e80
001980000f5c0
003e600014b80
ffc9303ffcbc0
003ab03ffdd40
0002903fec540
ffb9803ff2540
ffaee03ffaf40
ffeef03fcf680
fff4503feb240
ffde600013540
0057300019080
0037400005600
ffc4e03ff9fc0
0006800018fc0
ffb7503ff9a00
ffd2d03fe86c0
0003e0000ee00
ff95003ff5300
ffe2203fe3a40
fffa003ffe380
ffbf403ff5ec0
000df03ff7cc0
ff90a03ff2780
ffc6f03ff1000
0041800008280
ffe3300002a80
ffb4503fefc40
000ea0000ae80
ffba100000a40
ffb6803feddc0
ff5b403ff8580
ffa0200003340
003c603fff540
ffbca03ff7c00
0023300003680
0022700008e40
ff9b203ffda80
000a40000ba80
ffbb8000073c0
ff98300000c00
ffda000009800
ff91e00006c40
004d0000030c0
fffce00013400
ff56700015000
00566000040c0
ffd1503ff7f80
ffda503ffdc80
008d900010280
ffc4600017e40
ffd7803ff8180
0059b03fe6040
fff4e0000b500
ffef103ff2480
0012503ff4f80
ffa9400024280
ffcec03ff0b40
ffe1603fe5200
00207000075c0
ff9b000000480
ffe8e00012880
001480001c840
0021d03feec80
0031c00000ec0
0064d03ffdbc0
007b403fc9780
0022303fe7740
ff6e103ffcf00
001f700004540
00a4600019dc0
00a1000008380
0082c03ff6d40
004cb0000e080
0004e03ff6040
ffbcd00010980
ffbe400015640
0051c03ff4d00
0027b03ff1700
0048b0000d5c0
ffe6c0000d400
0006100006d80
003c400001700
ff72b03fef980
ff88003fe8d80
004e703fe7240
0042503ff75c0
0011603ff9100
00033000186c0
ffb2a000100c0
ffd3b03fe5f80
0041603ffa140
008df0001b1c0
0034d00013180
0033100003000
ffdac03fdf580
ffc9003fe6ac0
0004203fff3c0
0028f03fe08c0
0062603fe7400
ffcad03fff8c0
ff79003fdc980
fff6203feedc0
ffc2703fda300
0004f03fe8040
fff360001ac80
ff88300014b00
0001c03fe7780
fff5d00002200
ffb7300006780
005ad0000ab00
0083000006140
002af03ff48c0
ff33600016440
ff8f203ff3d80
005c003ff30c0
ff7800001cb40
ffe4003feeb00
002c703fe80c0
ffea403fff900
004b903ffc600
00128000106c0
001630000ee00
0095203ff2a00
0045703fed1c0
0039d03ff5100
0009603fe09c0
000a003fdc640
0096703fdeb40
0024303fd6fc0
ff5ed03fe7f00
ffb5800006740
0049e03fe54c0
ffdae03fdd900
001e700009b80
0097603ff4900
0024403ff6a00
004c8000042c0
ffe7703feb040
ff4a40000f600
fffab000167c0
0035603fec300
fff2a000065c0
0034200009c00
002d403ff5f80
002b503ff0300
0017903ff4280
ffe9300017bc0
ffd1600010f80
ff77c03fe2500
ffd2703ffd900
ff7c700001240
ff67500018080
00b570001de80
008500000d240
0030403ffc080
0097e00009ec0
005c100013c80
0003600002d80
004b903ff8f40
0029703ffab40
0050400004880
0040700015a40
ffff50000be00
006100001d6c0
008130000ff00
ffc0c03feb780
ff9e403ff6580
ffeae000129c0
0002600003d40
0046f00009e80
ffd0b00009a40
0069203ff54c0
0056303fea180
ffeaa000034c0
ffb6800011e80
ffaeb00011100
0043703ffec80
001dd03fff100
ffc7103ff7580
ffe3e00019c00
ff6b403ff7880
ff7c903fd9e40
0024300000b00
0005903fec600
0027f03fd86c0
0017e03ffe4c0
ffff800000140
002f203ff9bc0
0013d03fe2100
0014e03fef240
ffe840001fcc0
0010900001e00
fff5203fe5080
ff8ad03ff9e40
ffc3703ff1080
fff310000e780
0026803fe0940
0069903fda800
ffe5700023a40
ff80900017f80
ffebb03fdc4c0
ff7330000e0c0
ffe3a00017100
00cbe03ff15c0
0130f00008280
0082103ff7180
ffb8303ff15c0
0036003fe8600
0093b03ffa680
0070903ff5c00
003fe00014680
ffff00000ac40
ffa5f03feef00
0097200008840
006d80001c600
ffba503ff7e00
0067d0000b680
004af03ff5780
ffcdb03fdd5c0
0002500016700
000b20001e580
001ac03fdf580
0010903ff9180
000a003ff8600
ffbb003fd8b00
ffb4303fe9b80
ffef0000217c0
fff3900012dc0
fff7c03ff3040
ffcd6000148c0
ffc8c00014b40
ffd6503ff7740
ff80d03ffc4c0
0014900009940
ffdca03fedd00
ff5a303ff2680
005fa00003000
0082203ff53c0
ffe8903ff2100
0019c00028340
006c000031d80
0012303fefb80
ffd2803ff6040
ff92d00018bc0
fff6803ffd400
ffd1c00003e40
0064f03ff8640
005ad03ffa2c0
fffbf03ffd300
ffd1303ff23c0
0066503ff8400
007ae0001b5c0
ffb090001b880
ffdb50000a080
0007703ff3880
fff4a03fd60c0
0022a03ff9000
ffdf700021300
0012d03ffc2c0
fffa603fdfd00
0008603fef600
003aa00001f80
ff99500038e00
ffe7500011a40
0020003ff2b00
ffd4200018840
002e20000ae80
ffc6503fd9f00
ffb8b03fe5580
000ec03ff53c0
ffa4400004e40
0013c03ffd5c0
ffeff0002d480
ff92d00012580
0048503fe35c0
ffa1e00006080
ffad10000b600
0037d00009600
0018200008100
ff82b00002e40
ff7c600002a80
001d703ff1b40
0006603ff6140
fff7000007ec0
0064703ff70c0
ffb5f00005880
0014700007a80
0049103ff6080
ffa7c03fe9e80
0075703feeb00
002ef00022b40
000d80000fec0
0058303fe8940
ffbcc00009080
000ae0001c640
ffb6f0001bec0
000a603fe0500
0089503fdbcc0
fffba00013640
ffee700016e80
0013c00008440
000a90000a540
0016903fe7a00
000f003ff74c0
fffc400011cc0
ffc640001dcc0
ffe7c00008880
0051f03fece00
ff7ce00012b40
ffc170002fbc0
0025503ffa980
ffd2f03ff3640
001a703ff5540
002d10000bb00
0041603ffdc40
0014803ff2c00
ffc5103ff8a00
ffa1903fd2d40
0012503fd5540
fff55000014c0
ffb9f00009c40
ffd1f00001d80
ffcd603ff0680
ff7a003fe03c0
0012d03fe4e00
009fc03fff4c0
fff3803ffef00
0017c03ff8000
ffc1d03ff1280
0012c03ff5640
0032d03ff90c0
ffeba0000cb80
ffd6603ff79c0
ffef403ff4c80
ffbb900001180
0001003ff2600
fff8703fe1880
0025503fe7e40
0074a00002dc0
ff8ad00028340
ff9eb03ffff40
00a5300014240
006e300016240
ff6b203ff7800
000c80001db40
002b800015100
ffa7b03ff4340
ffea5000201c0
fff1000009400
006100000c8c0
0047203ff3700
ff68503fdd180
ff6ad00006d00
ffc1803fef6c0
ffbcc03fcd080
ffff803ff0880
ffb3103ff0e00
fff9603ff5a80
006f800011e00
001760000aa80
ffad600017140
0064d0000fb00
fff2c00011ec0
ff3b700003b40
004640000e5c0
004c80000fd80
002ce03feac00
007d303ff8f40
0079100013d00
0032300003580
000ee0000ec00
0040b03feb700
ffcfa03ffcb40
ff9d70000f100
0037603feac00
0021e00019f00
ffe9d03fe7e00
0018803fc2500
ffd100000df40
ff86603ff84c0
ffbbf03ffe6c0
004ec00018700
006ec000075c0
ff9cd000069c0
000bb000005c0
009cf00007780
0004a00004100
006e103ffed00
005530000d0c0
ff8ec03fe8ac0
fffa003fe83c0
002a40001b3c0
ffde100010300
001ca0001eb00
ffbff0001d180
ff4a600011a00
ffce800004e00
0034c0002afc0
fff360000ca40
ffe0f00007780
00c1400025a40
007170000cb00
ffe880000d040
006a80000a340
0038b03fe6f00
ffbfc000092c0
ffcbb00012140
ffedd00009840
ffee90001ba00
ffa5300018e80
ffa650000a440
ffced00001500
ff67d03ff1d00
ff8cd00005e40
001f000002700
0013000003a80
006b700029a40
001070000be40
ffdfa03ffef40
ffe6503ffc500
ffcb60000b540
0006200015d80
ffb040000b4c0
ffd7b03ffb100
009f003ff3580
0047d03ffc0c0
ff9b60000c880
ffee403ffd640
008030000d880
0047300025040
0079e00015b80
000b000026a00
ffc5503ff7e00
ffc0d03ffcc80
ffc7303ffec40
ff91403ff8dc0
ff9bb03fff8c0
ff95e03ff54c0
001f403ff4a40
0055e0002d980
0008100013ac0
002c803ff5580
001c003ff9a40
ff55d03feaa00
ffc6300009e00
00a3c00020640
0083e00005c80
ffbd803fd9e80
ff8a703fdbb40
001d100002200
009b603ff9980
0026303fece00
ffd0303fea600
003e903ff3680
005cb00027f40
0007e00008f80
ffdd203ff6dc0
002f70000b4c0
0024003fe4700
fff7c00010740
ffdb000010080
ffedb03fe88c0
ff59300000300
000a50000c140
0042d00002fc0
ffd6f0000a980
ffd7b03ffee40
ffcf10001d940
003a403ffcd40
007a803ff5740
fff8103ff7280
000320000d780
ffe1300031240
ffdd7000183c0
fff3603ff1a80
fff5a03ffd340
ffd3703ff4940
ffbaa03fedd80
fffec03fdfa80
fff6f03ff3880
ff8390000f100
0039e00022840
fffb600008480
ffe7f00004dc0
0027c03ffc880
0051003fde100
fff2303fee580
ffd5a00005b80
001bc03fe97c0
ffd9d03fde1c0
ffa8903feda80
0031a03ffdc00
0040900028f40
ff88200010240
0004103ff62c0
000df03ffb380
0041303fec940
006fa00009000
002130000d480
007d10000d900
ffd6900021540
ffba600015a80
0024f00011280
0015f03ff7180
001fb03fff3c0
fff5c0001b080
003e90002ef40
003ba0001b600
ffa9000003600
ff77a00003800
ffe540000b200
ffdae03ff6a00
ffecb03ff6b00
fff8003ffe2c0
0018203ffe200
fffc700017fc0
ffb7700022cc0
ffe0900002b80
0030f03fe8b80
ffeb100013ec0
002a4000065c0
000ee00003d00
ffe4a0001c5c0
ffd1b000020c0
0025603fefdc0
0048103ffbb00
004aa03ffea80
002bd00014580
0023203fde200
ffa2303fe8b00
ffc7a0001b040
0083f03feea00
002df0000ac80
ff6e60000e180
000f803fd4700
0041203fe2680
0076b03ffc400
0088903ff9880
0009603fed700
ffa0603fde880
0028503fe1d80
fff8d03fdafc0
0004603ffd700
001e30002b440
ffef40000b500
0022a000148c0
0057f000076c0
0046f03fedcc0
002ae00023180
fff4a00027a40
002740001bb40
ffcd800007780
ff12e03feb080
ff85503ff5bc0
ffba300026740
fff7a00010a80
ffd0200007e40
ff8ab000143c0
ffd7b000246c0
ffda300010100
0011103fea940
00cf900007d80
0028a0001fc40
001a303fe0100
0069c03fdad40
ff7c80001c600
ffb0c03ff7a80
000ab03fefec0
ffc790001bf00
ff9da00002c40
0008903fff380
005af000090c0
ff954000080c0
ffa7f00007c40
fffe303fff8c0
ff6d603fd7840
0017303ff9280
001b20001de80
ffa8603fed5c0
00d5903fe1a80
0047000007000
ffa6e03fee680
007e403fe63c0
ffe4100004b80
ff79a03ff8bc0
ffb0903ff7840
ff99503fec400
ffe9c03fdbf00
0025600013980
00c490001d980
001a900006080
ff6ed03ff8a80
fffd303ffac00
fff5f00009e80
ffa5b03ff4e40
fff2600000f00
ff97403ff4300
ffdcf03fed300
fff7c03fff500
ffe5803ffcd80
001b703fe9340
ff9cb03ffec80
ff76f00029840
ff6dc00001080
ff6f703ff3180
0003e00008980
ffeed03ff9a00
ffca00001ac40
0062e00024fc0
005d90000a600
ffcb000010c00
ff67f0000bc40
0035603ff1ec0
0029700003980
ffc7803ff8900
003b003fe7d80
006d500004340
ffd2b0000f380
ffe9400000dc0
003fd0000e9c0
007980001a140
0010e03fed300
ffce403ff64c0
fff7503ff5b00
0002a03feca00
0017b00011900
ffcda00007240
ff96903ff78c0
ffdbd000055c0
fff0603fccd40
0076a000015c0
0040b00032340
ffd6003ff7c80
001b103ff9380
ffd9c0000c380
ff72803ff49c0
ffcb403ffe2c0
ffb4000002580
0000f03ff2180
0028e03ffbbc0
0024a03ffbe00
fff3c0000c800
ffd3e0000a140
fff16000016c0
ffd5603ff7380
0052e03ff3680
ffc830001d180
ffa5e0001cc80
ffd3a03ffc480
ffdaf03ff1940
000a603ff6c80
ffab803feff00
ffd5a03ff80c0
0062a03ffdf40
0023d00003cc0
ff4be00007d00
ffdc303ffb4c0
002e803ff3d80
0044c03ffc180
ffa1d0000ef40
ffa4603fe7a40
002c103ffc880
003390001a940
000de00004f80
ff9b103ffea80
ff50d00009e80
001a000013380
007fc00015b00
005ad03ff5f40
ffad003fe5a00
ffbbd03ff8700
0008900007d40
fffdd00003e40
00832000262c0
0026300023e40
fff3b03fd7040
0017503ffb7c0
ffe2e00009940
000d003fe2c40
0037700015bc0
000fb0000a040
ffd7303fea900
fffd0000211c0
005e600004340
000e403ff9f00
001860001c2c0
ffd7d03feba00
ffc0203ffdf00
00bfd00006380
003e703fdbdc0
ff97700005500
ffabf00001dc0
ffe6103feaa80
0023d03fffe80
002d500016700
009d203ffb600
0023303fff580
ffab4000254c0
0035503ff6740
ffece03ff3ec0
ffe0c000118c0
ffff503ff5040
ff9ed03fffdc0
0054a00013e80
fff1f03fff900
0045500012c80
0084e03fc8d40
ffd9803fe3400
0004a00014900
0077d00000d40
001600002b440
001cf00022e80
ffffa03fee0c0
001020000ba00
0022e03fe9880
000cc03ff5380
ffb840000e700
003bd03ff4100
0039000003c80
ffcbe03ff8b80
004ec03ff1800
0019603fee880
ffaf200000000
ffe7f0001c2c0
ffcd903ffbe80
0011c03fff640
0018103ffe9c0
ff9a403fe4b40
ffa0d03fff140
fffa903ff3880
007950000d0c0
005a603ff0b00
fffbc03fe04c0
00aef00016440
0061f0000b440
ffb4f03fe2a80
008880000b040
001630001cf80
ffa99000182c0
0065303ff6700
fff7a03ff80c0
000d800003440
ffeae03ff1980
ffbd900002840
0011003fff940
fffe303ffde80
002d203ffa480
002bf03fdde80
ff83003ff9b40
fff4e00002d00
ffe4503fffe40
ffe910000a100
004b4000099c0
fff0303ff43c0
0019c03fdf2c0
0035603ffad40
ffdc800009fc0
004e703fde700
00a4103ff1e80
000ba03ffdbc0
0021a03fdccc0
009e503ffa5c0
0015200005dc0
0001503fefa40
ffdfb03feeb00
001f103ff0b40
0008b0001fe80
001b90000fc80
ffced03fd8ec0
0043d03ff8e00
0001703ff6e00
ffbfd00014280
0038e00013c00
00a4d03fda2c0
0024503fd9540
0074d00018140
005b50001bd80
ffa4d0000e140
ffe6e00018440
000db000044c0
ffcfb03ff7e40
ff9c200015d40
ff9ef00012500
0046b03ffca00
008de0000f000
001d903ff3a80
ffdb503fddb00
ffa150000f300
000f100010240
00a9703ff6140
0022900009280
ff9010001abc0
fff68000128c0
001c800025f00
006ef03ffc9c0
001c703feb2c0
ffb690000ac40
ffb5100009100
ffea703fee880
ff92103fe3e80
ffc1400001d40
000f60000cc00
ffe9e0000db80
002ed000162c0
007f100012600
0084000014380
0002600002180
ffb8a0000ff40
0005100010300
00b6400006cc0
0013c0001a940
003b500014d80
ffc8203fe56c0
ff72900004400
003450000e900
0061300001700
ffd4200002040
ffe1403fe5900
ffa9303ff6180
0008c0000e780
005d200000300
ffd970000aec0
0013e00002b00
003e503fe2080
0000200002100
0008a03ff9800
0035b03ff8740
000590001a4c0
0043503ffc5c0
0005b03ff4e80
ffa9100006300
ff7cb00016f40
ffef20000de80
005fb00015b40
fff0b03ffea80
ffca700013340
0023c00003d80
0083403fde740
00a6000010f40
003c6000161c0
ffe7d00002500
0018503feda00
fffaf03fd3880
ffd0603ff3500
ffafd00019940
ff97300002300
000d80000ab80
00221000051c0
ffe5703fe4d40
fffc300010800
003a800015dc0
006d200018980
ffec100002540
ff4ee03ff2640
0010e00000c80
00aec03fef800
002ba03fe4c40
ffcda03ff8b00
ff8a00000c080
ffdc100017100
0008d00020bc0
ffeb503ff9940
0025003ff90c0
0059e03fda4c0
006e203fe6640
0028f00006cc0
fffdb03fe8a80
004b700003cc0
005fc00007600
001de03fe3e80
000fb000004c0
fff4f0000a300
fffe700004600
001b003ff8f40
002bf03ffd100
001c000009f80
ff90d000040c0
ffab203fea300
ffdd303ff78c0
000e903ff9380
004f203ffea40
001f900004e40
0061100012780
0038e00020d00
0032e03ff8500
0023803ff2dc0
ffcd403ff1140
ffd8103fe4e00
001ab03ffe500
0076b0001b140
00d2203fdcb00
003e303ffa180
003b20000e3c0
ffe3a00004d40
ff33f00010240
ffc1100023400
ffd6300001b00
ffcf103ff9c40
ffe3f03ffe800
ffff500027b80
0036b0000d040
000ac03ff5f00
0096c000089c0
fffa100006700
ff78300027a80
003ee0001d700
ffcc203ff8180
ffb6c00006080
00c7000005880
000c203fe6d40
ffc4b03ffe480
ffa4500008700
0016403ff03c0
0084703ff3a40
ffa4700005c00
ffd530000d100
ffb2100013e40
ff36603fee240
0062f03feeb80
0064503ff0280
0028703fe9f00
0008e00001a00
ffb7f03ffd4c0
003ff03fef8c0
0099e03ff9d40
002af00008dc0
ffdbd03feab00
ffc8003feb540
ffe7900004d00
fffa200011c80
ff95100002ec0
ffbb603fe8c40
ffac703fdc080
ffdda03ff1e00
008af03ff66c0
0057b03ff1940
ff9a7000031c0
002c403ffe800
002fb0001b7c0
ffcd200012f40
0039b03ffcb80
0070e0000b180
0005d000045c0
0027c03ff5740
ffff30001f380
0037c00007cc0
0025203fdf600
ffd6700010c00
0053a000227c0
000cc03ffe2c0
0023b03ff2c40
00342000194c0
0018000025380
002cf0000b600
ffec003ff57c0
ffaec03ff4140
000e403fff6c0
0001400000940
ffc0900011740
ffd1a0000d2c0
002d703fff580
fffcc03ff4500
ffb1603ff1780
ff84a0000c080
ffcd800008880
001dd03ffa580
ffc8200009c40
ffd9803fff000
ffbf800013500
003dc00018040
0070300002600
ffa0400001440
ffdfd00017980
001f503ff08c0
ffd6f03ff34c0
0059700013240
0042b000118c0
ffc7e03ff7e40
0049e03fe0b00
0078203ffc000
fff8d03ffd240
ffd6a03fe5200
001c003fe18c0
0023103ff2e00
007d90000b0c0
005e803ffcf40
ffa5503ffba40
ffe360000b300
003fb03ffca40
ffece03ff8440
0007c03ff7780
0055f00004dc0
0063b00007b80
ffd0003fdf7c0
ffa8703fd6780
fffb703feb280
0008d03ffdf80
0018100007740
ffc4000002a00
ff7d003ff4b40
ffff20000af80
ffd1300012500
ffd0700003940
ff7f103fe5040
ff03703fea3c0
fffaf00008200
004a90000cec0
ffd9c0000c200
00851000035c0
001cb00014d80
005030000c140
0047b00015280
ff1bf03ff7980
ffbc603ff6ec0
0021800015f80
ffff503ffcf00
0002203fdd6c0
ff7dc00007c40
ffdde0000a800
ffe5103fe8040
ffd9c00005800
0009b00005440
fffd40000d600
ffbd200007ac0
0004c0000ebc0
000ab0000dd00
ffe9600002ec0
ffcf503ffa6c0
ff9ed03ff4c40
ffdcd00008380
fffb000007b00
0043403fe3980
0055a03fe4400
003c103ff4e40
ffd3103fe7a00
000c803ffcf00
ffc730002f440
ff9d80000d000
0019c03fe5ec0
000b1000070c0
fff1b000057c0
ffe7303fe9600
001c003ff8600
fff7603ff59c0
0021e03ff82c0
002c800006300
005d503ff0580
009e600010500
0029a0000ef00
ff7a203ffc900
fff1000023080
0067f00018f40
0013e000034c0
ffb9e03ff7540
ffed003fe2e40
0027903fe8800
ffc9803ff2a80
ff8e203ff90c0
ff9f403ffc1c0
ff7c80000b000
000400000a480
0016803ff3a40
fff3b03fed7c0
00b8500002280
007b50001c240
ff90c00007b40
ffad200009700
00189000078c0
007a503ffb800
003b103ff8a80
0004b00011840
002c70000a940
0019903fe5b80
ffbc500001180
000bb0000b940
ffee700007ac0
0046e0000be80
0092200018880
0000a03ff20c0
fff7003feac00
fff5803ff8640
ffc8d00008380
ff9ce000147c0
ffdcd0000df40
fff3f0001abc0
ffcc600010680
001780000be00
0085800009c80
0040a03ff4780
0009703fea6c0
006e203fef1c0
008fe000056c0
0009c00010c80
ffedb00008a40
0063200026d80
ffdac00014d80
ff78303fd5600
001cf03ff8140
0000803ff6280
ff6bf03ff1840
001b200012700
003d703fde680
ffd4600002980
0021400023000
ffdef03ff1000
ffa0303ff86c0
fffe803ff5a80
0023603fe9ac0
0084803feeac0
0032f03fe7b80
ffbb203fe9240
0050503fe4340
0049e03ff34c0
001c703ffc7c0
ffe5503ff6680
000950001d8c0
ffecf00012000
ffb4b03fd8280
006fe00009500
004b4000122c0
ff94103ff76c0
ff72800003800
0040303ff5f00
0096b00005900
004110000f180
000f30001d4c0
0029200012a00
fff1503ffb3c0
fffdc00010180
001d703fff300
0057803fe94c0
0016000007240
ff9c70001c740
fff6a03fefc40
0025303fe2100
ffa6903ff7a80
fff8b03ff0b80
001f503ffed00
ffbaa0000cfc0
003ef0000d640
003820000b780
ffdf900014b80
002e003ff8d80
0099400002ec0
001b503ffd080
004c603fed400
007ff03ff61c0
0046f00011e00
0033e00029b00
0027b00014f40
0091103fefd80
0042700011040
fffb303ff46c0
001c003fde400
ffee603ff7400
ffe5703ff7a00
004af03fe2200
00039000033c0
0019f00010ac0
0002700010580
ffb5000003dc0
003e400010040
0096100005940
0015003fe7540
0013603feb400
0000200005600
ff87200017ec0
0020a00004ec0
002e403ffb680
000cb03ff61c0
001dc00002180
0020d0000fe80
003fd00021e40
0035d0001e800
ffe6103fefb00
ff9a703febe80
0007100027ac0
0051900011ac0
ffa3603ffc400
ff66a00015b00
ffe5b0000a840
ffdda03fe5bc0
ffffc03ff6940
0028203ff6f40
ffedf03ff13c0
005e203ff7e80
ffcec00013a00
ffe630001f3c0
00a2203ffc000
003e203fd0540
ffcbd03fe7c40
ffc9c00014700
0028100004180
009a603feb300
ffd8400012e80
ff4bc00015400
0085703ffe4c0
004f003ff6f00
ffe1300008040
ff9c303ff8e00
ffd5303fe95c0
ff87c0000a440
0006003fee740
0093103fea800
0068b0000a0c0
ffa6f03ffffc0
ff67103ff9180
ff9a600013dc0
ff9bb00000c00
ff3f503ff0440
000e100005cc0
0089e03fd67c0
ffae803fe0bc0
ffcdf0000bb00
ffe9f000098c0
ffb3c00000280
001e000010bc0
000f200021000
ffe2803ff0900
ffa2a03fec500
000dc00010b40
009c303ff5600
ffce103fe1cc0
ffd1e03ff5900
001cd03fffec0
ff60d00023a00
ffccc00027280
009140000d340
0049500006d40
004b500008500
fffe603fe8780
ff6a403fd4b40
ffd1d00010b80
004b403ff5a80
002f203ff3540
fff0700010380
ffc4f03fec0c0
0027900000300
ffd2f0000b900
ffc4d03ffce00
0052203ffc0c0
0014900006500
ffd1f0000f840
0014a000093c0
002fc03ff5f40
ffb570002e400
ff95f03feeb80
002ce03fe7c80
0059500019ac0
003a403fefc80
ffba203feec80
00709000249c0
00aad0001aa80
ff99e03ffa840
0055403fd05c0
0084003fecf80
ffdb70001c8c0
0013200008540
0050e03ffe540
ffa9f00016140
ffa6a00026380
ffb030001a1c0
ffc2c0000c0c0
004d000012d40
ffb1e0000a6c0
ff9d803ffaa80
ffaa903ff75c0
ffe5c00002840
00239000047c0
0046203ff6fc0
ffdda00017000
0078800007040
ffe9503fe36c0
ff68203fe4ac0
ffcf10000e780
0029e0001df00
ffe8000010ec0
003a403fe2fc0
0051f00002c00
ffb4f00009780
0024003ff4880
003e600003b40
ff8d100001a00
ffc8203ffe200
fffad00002540
0035003fed040
0006d03fdde40
ffdbc03ff5f40
0004200006080
ffd7403fffe40
ffa8b00016580
ffc3e0000ca00
ffbce03fed740
0037303fe9100
ff91f03ffe400
ffacc0000e580
0098b00006cc0
ff70603fffe40
ffc280000b940
00ab303ff3ac0
000eb00006e40
0032f00003340
fffda03ff9580
ff70c03fdaf00
ffe3b03fe33c0
007b80000b2c0
0036903ffeb40
ff62600006fc0
ffac200029200
004d400023180
001120000b380
ffc8f03ffbf40
fffb603fe0380
ffc8200019880
0023b00001180
fff6f00008280
0007500020440
0024703ff4900
000d503ffb000
ffc31000090c0
ffea803ff91c0
002a400007580
0022000026580
ffdd400014280
ffc590000dd40
001b60001de00
0008200010140
ffe4503ff4880
ffe2e03fefec0
ff9ce03fee5c0
ffe3c03fec640
006c903ff4940
0014903ffb040
ffc6e03ff8740
002a903fe5bc0
ffd7103ff6140
ffeaf00009f00
002cf03ffdfc0
ffb3403ff2680
fff6d00005200
0025b0000eb40
ffbbe03fff880
000e303ffe1c0
006ac03ff7fc0
000bc03fd9540
000b503fccf00
004ea03ff0ac0
000d700004bc0
0027500010d00
0081b00027800
ffa5500005040
fffba03fddf40
0073200013dc0
0039503ff3d40
ffb7303feb080
0007c0001c0c0
fff4200005180
ffffb03ff2b40
ffeb503ff7140
ffeae03fe6740
0025303ff8340
0001f0000a740
002970000bc80
ffe9603ffa580
ffa1a03fe8a80
ffc4803fe6600
001e303ff5cc0
ff89c00024d80
ffc0d00013580
001c903ffe9c0
fff9203fefd00
0018d00007280
0047300010f40
ffe090000fa00
ff8c103fff100
ff9ca0000efc0
ffe1200013180
ff24f00013ac0
ffa410000b640
008f1000217c0
ff72600030b80
ff7920001cec0
0036f03ffda00
ff9df00004680
0042500000600
ffc7f03ff7640
ffbbb03fece40
0088300002e80
001190000eac0
ffc21000161c0
ffdb3000010c0
0042503ff26c0
005ed00007340
ff76603fe5240
004b603ff5780
011d20001df80
0003903ff9780
ffe8e03fff880
ffa1400020280
ff9fd03fedb00
0090c03ffe6c0
0006a0000d4c0
0006f03fe46c0
0031c0000b540
ffbf400013d40
ff65803ff1900
ff89903fdf500
003c303ff6040
001fb00016880
fff5a00006cc0
005120000d740
fffe900029580
ffa4c00027080
0026a00015340
006e100008700
ffd0800002740
ffda900007340
0056803ff2380
0048800006680
ffdd503ffd040
000ba03fed700
003c903fedc80
ffcbe00011240
0033f000082c0
0071803feff00
006b103ff3ac0
ffe1403fdae00
ffe1703fdbdc0
ffdfa00027340
0010700002640
001e003fe5600
ffdaf0000fa80
000910001a140
ffabb0001aec0
ff96e00004e00
0008200001d00
ffe3000017dc0
ffcb403fe66c0
ffdef03ffe580
ff96b000034c0
fff0103ff67c0
0056f03ff0ec0
ffb2d03ff4280
ffcab00001300
ffe9600009380
fff6903ffa940
0009803fe5d40
ff7be03fefcc0
ffbef03ffef00
0076f03fdbd40
ffea400000880
002210002e600
001d903fe4700
ff98603fe85c0
ffdad00014f80
0006503ffab40
fffac00016440
0030a0000d380
0021303fd9540
000f3000012c0
004090001ac00
0025c00015000
005b300002140
002bb0000d280
ffcc003ffe880
0012403fe7c80
0056d0000b0c0
0017900007b40
000c003feaa40
0005c03ffcc40
ffc3000001980
0021403fde8c0
0039803ff0340
ffd9400002940
ffc2f03ff4d80
0087e00000bc0
0038900018540
ffc4b00017f40
001530000c5c0
0034403fd82c0
ffff803ff4400
fffbe00013400
0006d00012c40
0041900016800
005f20001a9c0
004fc00031240
002870000f500
0041100000f40
0038a000063c0
003a400008480
ffe6400007b40
ff96500006e00
fff70000089c0
0054b03ff3c00
fffd703ff74c0
ff7f60002c680
ff8f903ff3600
ffd1403fc5b40
0009903fee3c0
004b803fffc80
004d503ffd640
0057e03ff5680
0042b03feac00
0058a000273c0
ffdc1000155c0
ffea603ff4840
fff970000a840
ffc3d00014f00
ffcc400004140
0006100002840
0002403ffacc0
0057f000000c0
000c700001f40
ffeec03ffbc00
fffd703ff5fc0
ff27c03fff200
000eb03ffe500
0085d03fe9800
001530000e940
ffb0400014ec0
ffd2303feb840
003af00005340
004b50002d0c0
ffafe000051c0
003140000a140
0029b0002cc00
ffc0400019f00
0064600003ec0
001fa03ffb500
ffd1703fe2100
ffc3803ff2e80
0009b03ff0fc0
0006a03ffd780
002d50000f8c0
0027f03ff7b40
ffb7e03ff6f00
ffe3103fe7c80
001c103fe0400
ffdcf0000d680
ffbd603ff1b40
ffbdf03ff6740
002160002ec80
fff8200001300
ff91003ff1540
005af03ff8ac0
005ca03fedf80
00050000168c0
00878000007c0
0052c03fff200
006e003ff1c40
0004803fe2280
ff8810000f3c0
ffbb503ff7740
ffc1603ff7540
007c300015880
0038903ff5ac0
ffa2803ff5180
0053500007340
0095303ffd6c0
ff9e603ff94c0
ff9b003fe6640
ffa1800010b80
fff3500006040
0037e03ff7280
0095800012800
0021e00019e40
ff92e00013780
000670000b740
005f803ff6140
004c600008a00
004b5000047c0
0058b00021740
0006e00012240
ffdae03fe1740
ffb9903fecd00
ffce000002280
ffbbe00005e40
fffbd00008b00
006d803fee300
004e803fd68c0
ff7cd03fdf600
ff8d103ffbd00
ffbfc03ff6e80
ffcb903fec600
fffc503feda80
ffbe203ff3300
ff2d10000fc40
ff63000013300
ff6dc0001eb80
fffa4000065c0
0007f03fe2d40
ff85503fd3dc0
0062303fe94c0
0078703ff1840
ff9e403ff22c0
ffb4203ff1e80
ffe0600000480
000620000de80
00aa000005380
009fb00004440
0056a00007cc0
000bb03ff0d00
ffc4a03ff57c0
ffc8c0000d4c0
fff2803fee400
0036c03fffb00
ff55e0001b840
000980000dc40
fff9900017bc0
ffca900011fc0
ffec403ffc040
ff9be03ff1d40
ffbfd03fe5cc0
0092203ff7880
0083c00003540
0027103ff1140
000a203fffd40
0088803ffa500
006b803ff8d00
0011e0000fec0
ffb8403ffec80
ffff003fecc80
003620000d6c0
0042d0000dbc0
004d403fee5c0
0084203ffe700
0026d03ff1740
ffce803ff4580
ffbb90001bf00
ffba703ffdf00
0046303ff81c0
009b603fffa00
0032103ffbe00
0061400016840
0009400012980
ffc1003fefa40
fff8e03ffb600
ffce50000b1c0
001c203fffbc0
fff7403fde080
ff5b103fe3e80
0039103fe8540
000e103ff9ac0
ffb680000f2c0
002ef00002f40
0037803ff0540
003c403ff5280
ffe1203ffc5c0
ffdf603ffa0c0
0025903fec1c0
ffc210000ecc0
ffcf70000eb40
fff1103fe2a40
ffbd403ff5dc0
0036200004a40
ff95b03ffac00
ff6b400006840
0030400015c80
001e200011080
0029900021f40
000400000bb00
ffa7503fefa40
0025503fe4e00
0044f03fec280
fffb003fff280
ffdc4000145c0
0034e00011f00
00cf203fe0c40
fff7503ff4f80
ffcb60000fc80
0098503fe4d00
002f503ff8940
ffe6300019dc0
ff97600003880
ffbb000000e40
005cf03ffff00
0066900000e00
005a300002e40
0007b03ffbbc0
ff6170001bd00
000ab0000f200
0007203fd38c0
ffab503ff9440
001150000aac0
0068f03fe0bc0
0028703fdccc0
0023803ff3540
0031d00010dc0
ffbfa03ff2000
0011b03ffba80
fff4e0001c880
0014303ff0940
0014b03ff1a80
ff80400009000
ffb8603ffca80
fff160000a280
ffbb800017540
ff4db00003140
ffe5b0000c000
0031903fe95c0
ff8aa03fd1e80
ffd0a03fe3040
006b000003cc0
001340001fb80
ffc1d0001c5c0
000a200004a00
ff85003ffb080
ff9af0000d0c0
ffce900013740
fff6a00002980
0014e0001c780
ff7ad0001dc00
0042e03ff2040
ff9b703ff3300
ffc4300023940
0044f03ff9300
ffb9003ff0d40
0076200009200
006d303fff280
ff97703ffa000
0000c000106c0
fffc203feef80
ffd6600004f80
ffe6603ffe400
ff45303fdf900
0044a00015080
006530001dbc0
0003c03fcd640
001fc03ff1f00
ffeb7000151c0
ffb4403feb880
0039900002ac0
ffe370000f000
ffbd103fd8200
fff2903fe98c0
ffc5c0000afc0
ffe9f03ff8600
ffd9003fff680
ffacb03fff600
ffb0803ff7bc0
000b300004780
ffd4a00019b00
0056c03fdfe40
ffb4400003200
ff68f00003b00
0050803fe0f00
ffd73000026c0
ff95e00007d40
00508000128c0
0066403fef480
0088c03ff9540
ffb7600028100
fff6003ff36c0
ffc3003fd8ec0
ff5db000019c0
006e903fee200
fffe103ffb2c0
ffb680000a2c0
002530000b240
ffa1000015080
003bb00000900
002ef00008d40
ffd5403ff2380
002f203fe3cc0
003170001a9c0
0045b03fedd80
0048803fe1c80
0061003ffcfc0
0076503ff62c0
ffd2d0001e9c0
00639000199c0
0027b00010100
ffb6e00022440
0058a0000f740
ffe630002a600
ffa0f00000480
0002503fe2200
ffae103ffd840
000b300000d80
001d303fed840
ffb4503fe9380
0027703febd80
0057a03feb5c0
ff93d03ffd7c0
ffeff00019dc0
0054203ff3a40
ffdb103fd6280
ffd0f03ffa740
fff940000bfc0
ffd5803ff8540
ffef603ffb8c0
ff78303ffd380
ffaa00000f740
002110000cbc0
ffb1b00006480
ffc590000fc80
003dd03ff8680
fff3d03fe15c0
ffd1503ff5f40
0008703ff4780
0030503ff4940
0007400003280
ffc7d03ffd900
ffa6703ff62c0
fff0a00015bc0
ffd480001b100
ffaea00007bc0
ffe1a00009380
0058603ffefc0
000ba00023e80
0024b0001a900
ffe0903ff45c0
ffbc503ff2c40
003c403fed940
0082a0001ef80
ffdba0000da40
ff8fe03ff9240
000c40000ff00
ffded00016e40
ff7c403fff1c0
002e003ffbc40
0060f03fe1980
0010f03fe43c0
fffe70001a240
ffd4d00028b80
004ff0001dbc0
fff2100019780
ffae0000179c0
004960000ac00
0037f03ffeb40
0010703fe6d80
0054000019800
ffd7f00013f00
002ab03fe5980
fff1c00001fc0
ffa9403fe7a00
0052503fef540
0025c00016e80
ff84203fdee00
ffe3c03fe4300
ffd760000d240
ffcd803fdacc0
ffdea03fe9700
001ff00010d80
ffe4d03fec900
fff8503feca40
0066203ff3a40
005d903fe6c80
002b403ff2640
003d503ffcf80
fff5a0000f9c0
ffb6f0000f480
ff85600005500
ffe6d03ff4080
0050403ffa000
0030a00005500
ffeef00005f40
0035e03fecdc0
fff6100007680
002c00000ac40
001250001a500
0021800010280
ffc3a03fdacc0
ffeb703fe3c40
00986000072c0
0041003feaac0
004f903feddc0
0066b03ff6680
0034d03fe6840
0025003ff3540
ffdc40001e1c0
ffc0803ff2900
ffc5f03ff7cc0
ffa550001cbc0
0008f03fd8840
007a103fc6280
ffe5d0000ff00
008c700011b00
002a503ff9fc0
ff67903fe8bc0
ffa4f03fe6080
ffd3703fe8080
004d203fe47c0
000c103ff1000
ffe4203ff9c00
004320000acc0
fff3403fecd00
ffcb803fe4fc0
0050e0000cdc0
ffe39000119c0
0082a03ffc2c0
0053500008ec0
ff96600009100
ffdb200021940
000570001a8c0
ffca300007280
008fc00001400
001c500014400
002420002c400
00a1703fe0b80
fffa603fe6a40
004cf00016100
0067903fe7800
ffb5d03fe0700
ffe6400019580
0024f00012000
0000d03fff400
ffde203fedd80
0032d03ffce80
001640000fec0
ff37c03fd3180
ffb2603fef180
007f503feca40
00d8403ff2180
ffcf803ff4e80
ffc5e03fe8d40
002200000a4c0
0024e03ffd180
ff9f403fd8140
ffd8303fedfc0
fffcd0000fc40
ffb4e00004fc0
ff95903feb2c0
fffd203fd0440
00adc03ff7f00
001bb000120c0
fff750001ab80
ffa4703ffc880
ffe2e03ff77c0
001fd03ff7500
002a703ff18c0
00447000005c0
0010500003440
ffe7a03ff1740
001f003ff8fc0
fff3d000020c0
ffee30001c180
0086a000052c0
0016803ffe6c0
ff9e70001e640
0020703ff62c0
0025e00004ac0
ffe2d00011d00
ffabd03fe5bc0
ff6a603ffc100
ffb0e0001dd40
00459000219c0
0041c0000e840
ffe8d03fee780
001f803ff75c0
003d100007900
ffa11000097c0
ff8f500001040
0016403ff8500
002ec00032600
002470002ee00
0048a00011580
0001a000117c0
ff94000000480
0004b03fe0780
fff2703fe1900
ffb7703fe6180
0030003fe3500
0058b00015540
0031f000259c0
ff92103ffcd40
ff82100003cc0
001d000001bc0
0046403fdf100
00640000192c0
ffeb600016240
ffd6c03fde740
fff8703ff7180
ffbd40000bd00
0001600005000
006b30002b680
ffea400008c80
001f503ffd280
fff3e00032300
ff53100035a00
ffe1800001a80
000e400005100
ffa9000017f00
ff88d03fe6bc0
0008b03fdda40
0037103fff940
0020400019980
0062d00016540
ffd5403ffc4c0
ff51600007240
ffc4900013780
0050203fde500
0066703fea3c0
0057000019b00
0041800011600
0009600007440
0010f03fff5c0
0068c03fe6680
0064603ff70c0
0009400017440
ffd1400018600
ffe2a00021880
ff63200020800
ffaa300013780
ffedb00001940
ffc7d0000fc40
000d80000b5c0
0011903ff5280
ffbf303ff7c80
ff87303ffdf80
ffd0103ff7fc0
005a903fe5300
003330000c7c0
0026e00013e00
0067203ffa3c0
ffe1a00005440
fff5a00006940
ffe1900004780
000150000d000
006e703ff9640
001d603fee780
ff79803ffd800
ffd4100004b00
ff94e0000d440
ffbf603fffac0
0000d03fff2c0
ffded00007800
0056e00015640
0051b03fea580
001cd03fdc400
0005f03ffcbc0
ffa0e03fe49c0
ffd3103ff3200
ffed703ffb640
fff7503fe6f00
002f000013040
002ac00001d80
0031803fdf4c0
003c4000070c0
0008a03ff1100
0061900008080
004e20001fa80
ffa2b03ffd680
ff89003ffc400
ffbef00013200
ffd4400014c40
003f90000e700
006c003ff5240
ffd8100015a00
ffdc300012d00
0053f03ff6980
0011c03fffd40
0017703fff700
0015703ff4ec0
ffd7c03ff9a00
ffa5203feac40
ffd0503ffb200
0086e03ff9a00
fffb103fec780
ff69a03fe8480
ffc2800005400
0017e0000bd00
ffebd00010980
ffa6600016440
0002f03fef000
0071703ff2cc0
ffd540000d1c0
ffced00016840
ffd6300002840
002df03ff93c0
0088d00019100
003760000c880
ff7be03ffcd40
ffcb300006d00
000650000c340
ffe6300007d00
ffdd30000fc00
ffe3100000280
ff99f00000340
000050000c080
0036d0000f900
ffb5203fe59c0
ffd5c03fd9a00
000b3000220c0
fff9d00015800
ffdbe00007c80
ff93703ffdb40
005f903ffae40
0040800026d40
ffbf200030140
0098b00004b80
002100000d600
ff7e100011fc0
0083d00016f80
0007d00011980
ffa8e03ffcbc0
0004f03fe9800
ffcdf0000bf80
ffe9c0001fa80
0033203fefb00
ffffa03fe6540
000d100010540
002f800014640
006cd03fef600
00e7503ff5f80
0040b00000b80
ffcf40000af00
0023b00007d80
ffb780001c100
00418000113c0
007d103ff3100
ffcbc000026c0
ffe0403fe8f80
fffc803fff6c0
fff650001a800
ffd9300007000
0005d00009680
0060300012d80
0017b03fe8440
0012103ffeac0
004d30001ea40
ffee703ff9d40
006df0000b980
006440001de00
ff9c2000144c0
003f503ff2380
ffed003fe1280
ffe7103fe9f40
003b803ff1940
0043403fed280
0072d0001af00
0057700010ac0
001ef03ff2380
fffd700015a80
ffb4a03fff140
0025203fea600
005f603ff9280
ffec103ff9f80
0040400007800
0007900013740
ff7e400007900
ffbb803ffd3c0
ffddc00008200
ff80300008380
ff6a103ffb1c0
0015a03ff6e80
fff7c0001c3c0
ff56e0000ee40
fffde03ffb240
ffe8500032280
001cb0002a300
0051900000200
007b603fd6180
00a0503fda340
0000d03ffe4c0
fef7d0000d3c0
ffc1703ffc4c0
ffcb3000003c0
ffdda00007380
001fe03fe8180
0017203ff9800
002800000a340
0020f00007900
ffd1b03ffb7c0
ffafa03fdc400
fff3303fc7480
0034203ff89c0
002e6000104c0
001e600000d40
0000f03ffdf80
fff35000063c0
0023300005000
ff72203feca40
ff97903ffa780
0019c00002440
fffc003ff8000
0039000002a00
006bd03ffeb00
ffc450000c240
0021600014d80
ff98b00010100
fff0900000600
003f903fdab40
ffdc703ffc380
005ec03ffea80
0035703fd9740
ffee703ff5740
008bd03ff58c0
000fc03ff4100
ffb5800011f80
ff8c80000f240
ff56803ff33c0
ffebd03ff2940
0006e0000c840
ffa49000078c0
0041903ffbd40
00a4d0000a580
005c803fe8180
003af03ff0e00
0061900024000
0004f03fef980
000d803fee7c0
00277000199c0
ffbf703fdc700
ffbc30000a6c0
004460000f140
0046203ff7500
004b300021e80
000ff00000fc0
0013300003140
005fc0001c000
0043c03ffe100
0014b03ff9f00
fff9c000111c0
ffcb90000bc40
000d103ffe940
0029c00009000
ffc7c000015c0
fffe80000f5c0
0032303ff7480
ffd3103fdb640
0024f03ff1100
000ae0001bf00
ff6ca03fff1c0
0011503fe42c0
007e1000104c0
0008d0001fec0
0017403ffdf80
ffdc703fe0800
ffd3303ffb640
0026100008d80
fffc6000007c0
0024800003cc0
004fc03feaec0
ffe0903ff8b40
0005003ffbf40
007ac03fefac0
0029503fef280
ffece03fef280
0006e00005240
ffd7f000098c0
ff81500011e40
ff90300017180
001b103ffed00
ffbe400005580
ffead000148c0
00184000061c0
ffd4a00027f40
ffeae00010340
005ab03fdf480
ffe1003ffb580
ffd1e0000cdc0
0026300014c80
ffccb00016440
004ae0000ae80
0053003ffe900
ffc9a00013580
0012d03fff980
ffde800013400
fff0f000035c0
fff4003fe5240
ff7560000c2c0
ffa9c00028dc0
0034300017a80
ffbc300015c00
ffefe00007940
0018600003900
fffff0000fd80
0010e03fee440
ffddb03ffa080
002f600014fc0
005a100015440
ffdac00000480
fffe103ffe4c0
00b4103ff8e40
0029703fedc80
ffd3f03ff2800
001e403ff7300
003e8000019c0
009dd000179c0
0021303fed540
fff2903feb600
0009d0000a440
000b203fe09c0
0050a00010440
0020800015e80
ffc7200013980
ffffe00023e40
001a403ff5140
004e303fe3d40
0030600009900
ffe8900014000
001490000a280
004bc00004740
00328000176c0
006730001c340
000f600003e80
ffd3f03ffcc40
ffbee00002200
0007303ff4080
0076403ff73c0
fffed03ff5040
ffdf003ff5780
ffd3d03fe1b00
0004c03ff8a00
0012303ff9b40
ff8a90000bb40
ff9940000b7c0
ffd0303ff2fc0
0018603ffd780
001a100013480
ffc6803feac80
0049d00008380
00872000013c0
fff5803fba1c0
ffa4003fdf300
fff9b00024440
005960001db80
0044a0000c340
0019a0001e740
ffc8100037500
0019903ffff00
008eb03feb640
fffbc03ff4540
ffd4b00006480
0019703ffdc80
ffee603fe8e80
006a703fea180
0053000000600
ffb3000015a00
0041b00005d00
ffe410000aec0
0052700012f00
0057703fe5500
ffc2e03ff7e80
0009000020700
ffef70000f240
ffff600005040
0029703ff0540
ffc8e03fe58c0
008f103fee140
001b503ffd8c0
ffc940001ff40
0012803fff040
ffd3c03fce780
000dd03ff8500
0053a0000ec80
0019d03fe5e40
ffcfd03ffae40
ffb4400007580
009cf00023ac0
00c4000000080
ffcbd03fd8a80
0057d03ffce00
0011e0000e580
001bd03ff0740
0087d0000f240
001280001ed00
0065703ff9040
0059d03ff2dc0
ff5d803ff67c0
ff69b0000b440
007b10000e240
0043b03fdbb40
ffe8f03fe3e80
0067403ff7b40
ffbb003fe6300
ffc6300006400
0013e03feea80
0042903fe0600
0003200001080
ff92b03ff7e80
ff5f50000ba00
ffa1b00004e40
ffdad0000c500
001ca0002a640
fff2703ff9540
ffc5d00001500
ffcd70001d300
0005c00002b80
0052500001300
0019f0000c880
0014903ff5e40
0034803ff6640
ffff603ff3500
0010203ffc440
000eb03ffcb00
ffa6d03ffc7c0
ffe51000038c0
ff8fc03fee0c0
ffe070000b300
003db00013140
0069b00016000
004940002f340
ffa7a0000bfc0
ffc0600012c80
0016e0001b480
006a503fff480
00a7103ffa2c0
001e203fef900
ff96f0001d380
fffa100005fc0
0001703fed800
003b3000052c0
ffc1a03ff6a80
ff7a903feffc0
000f90001fac0
004770001a040
003ab000058c0
003a600007140
0040000004e80
0015f0000ad80
ffd2c03ffbac0
ffd750000e240
fff4a00019b00
ff83703fe8b80
ffe8500004a80
0043c000051c0
ffb4e03fe4d00
002860000c1c0
0054a00019f80
ff88800013c00
ffb0e00010fc0
000e003ff6780
ffb7903ff05c0
ffb70000079c0
001dc00000dc0
ffe0803fd9000
ffded03ff8240
002a40000a0c0
0007403fec100
ff9fc03fe4e80
ffd4a03fe5d80
007e803ff16c0
0044603fe83c0
003b400010dc0
0061b00007400
ffe4103ffa040
0004d00006040
0032d03ff1480
ffbff03fd35c0
ff8a40001b780
fffdc00017600
ffe8803fe3100
0015a00000b40
007cd00008a00
000070000b200
001cd000131c0
00a1c03ff2c40
004ca03ff8280
ffe9700005c80
000a000012980
003340000d340
0049303fe3740
009d703ffa000
ffc19000001c0
ffa4603ffa1c0
003d90001e240
ff8b100006300
ffcd503ff2300
007ad03ffd080
ffd1c000072c0
0021c00001380
ffd7803ff2e00
ff4a803fe0140
0012e03ff1640
ffaf603ff7700
ff10103fee080
ffe3103ff0580
ff53f03fed940
ff79b00007700
007670000c0c0
ffdbe00007540
001f103fe6300
003f003fe7c80
0008f0000ab80
000cb03ff39c0
ffde203fdccc0
ffcd203ffdd40
ffdd700015140
ffe1300005a40
ffd3103ff9600
ffb4f00016a00
ffeb30000f040
ffa8503ff2500
ffd1003ff0b40
0034a00017dc0
0061100016140
ffcaf00008180
ffdf403fde600
0028803fe0d40
fff2c03feeec0
ff7a203ff4640
ffe0303ff42c0
ff82003fefd40
ffcbf00004fc0
0043600008b40
ff72803ffa780
0039e03fff300
00d5203ffd580
002ea00013e80
002aa03ff6e00
ffd7f03ff1b00
fffd503fff1c0
006bf03ff5500
002d80000d040
001f400027fc0
ffc3000019d40
ffc3e03ff7500
ffd3603ff9f00
0034b000259c0
0030a00003d40
001a700009280
0046400017540
000c203ffc600
ffa6003fff0c0
005910001f2c0
0020b03fe9e80
001d700001c80
0096a00004240
0018600006b80
ff91900036040
0002203ff2680
000f803fdffc0
ffe4400011380
001ad0000ff40
ffa0000000580
0001b00007f80
ffd0403ffbd80
002010000b780
007bf03ff84c0
002a903ffd980
0008c00009e00
ffe5300002700
003eb00020440
002cf0002bd40
ffcae03ff3040
0004600001b80
ffc6603ff9ec0
ff7e903fc33c0
ffddf03fdf500
003cd03fea5c0
ffeaa00016c80
001200000a140
0019703fce380
ff9cc0001c740
ffb5200022940
001f803fe5080
fff2300021d40
ffe2003ffe400
0042003fe77c0
ffc300000f880
ffd4800008f40
000f503ff2500
ffe9a03fe7040
ffa0603ffb400
ff8ad03fec080
ffd9903fd9480
004c203ff83c0
0028103feefc0
ffaa603ff9b00
fff6b0001cb00
0058e03ff0740
000c503fd6c40
ffcf500004d00
0007d0002f7c0
ff96a0000af40
ffa0103ff8b80
ffb0b0000d980
ff4fc03ff8280
fff5303ff4700
002e100001380
fffb300002240
005270000c480
fffe203fffa40
ffd1a03fe5c40
0030503fec640
0024400014180
0042400018a40
ffc1300009480
ffeb600017c00
00613000047c0
001f403fcd440
0031b0000bd40
003d40001f140
ff6f70001ca80
ffeef0000f340
008fe03fdeb00
0018100005c40
003da03ffdfc0
006f300000b80
ffd0b00021980
ffceb03ff51c0
0080703ffcd80
0034200005a40
ffde603fe9f40
ffe0903ffeb40
fff6d03ffac00
002b00000cf40
0019b00022600
ffd0e0000fe40
ffcfb03ffcbc0
ff91003fe7680
ff7e603fe25c0
ffd7b03ff8900
ffed803fec700
fff1400013200
000c203fe7e40
001c603ff67c0
fff1203ffbf80
ffda203fd7040
fffea03ff5940
000e00000cdc0
0057603feebc0
003c400005480
0009300015900
fff2403ff3880
000a803feb100
0038803ff7ac0
ffbf800001740
ff80300027a40
001af00017700
0032103ffed00
ffc1a000087c0
ffba303ff6340
0036f03ff4940
0015a0001cf40
ffcf403fef4c0
0033f00003940
004c200028940
ffd8903fec1c0
ffd6f00010380
ffb790001a940
ffb1503fe8d00
0009d000094c0
002f803ff4840
0002603fe69c0
ffd8d03ffc140
008fa0000c640
0038803ff6040
ff6da03fd4f40
ffdeb03ff1dc0
ffca10000c840
004b100000400
00e3303febe80
ffbb203fef940
ffcd800018100
0063a000082c0
ffbab0001ad80
ff5020001a180
0001d03ff86c0
0016a03ff8200
ff17000000700
fff8b0000a800
00bd803ffb3c0
ffc6f03feabc0
ffa5500015740
ff92300013c40
ffab300002600
003140002a680
ffdcc00006940
0049e0000ed00
ffed603ff0040
0044303fdb1c0
00d2103fe8880
0020900017cc0
ffc930001b0c0
ffd0e0000e300
fff6903ff3c40
0042a03ff8780
ff9ac00001c00
ff5460000c340
ffeac00007c00
ffe4703ff8740
ff59300000ec0
ffdcf000052c0
003c400013500
0048400013f80
0036700003d80
ffc830001dac0
fff2a03fe8440
0031503fd6b00
000ad03ff8e00
ffaf800007380
ffbab000080c0
0054503feb580
0033e03ff3e40
003d203ff3e80
fffb603fd0300
0034300013a80
008390000b2c0
ffd5303ff4b00
0018500017a00
0054b03ff1100
ffe4a03ff6c40
0028800010c40
ffe9303ff8f00
fff8503ffae40
0017b03feb540
fff5d03ff7d80
ffe9603fe9180
ffc4203fed880
001be00023b00
002090000f540
ffd1703ff80c0
0020900007e00
ffe8300002740
ffbd303ffef00
000cb03ffcc40
ff8bb03ffaf00
ffb8f03ff31c0
006a003ff5680
fffd400009d00
fff9703ff0f40
ff9d800008580
ffeb500021e00
ffeef03ff4300
0010d03fd9180
ffe2603ff9ec0
ff46100004cc0
0008103ff3700
ffe8b03fe1a40
ff68e00010e40
ffea503ffe280
fff8603fbbe00
ffce203ff4ec0
fff7200022600
fff0000010880
003060001b300
0028003ffd3c0
ffafa03ff58c0
ffc4500003a40
0000f03fff500
0000000008680
ff8d500006f40
0003e03ff1340
fff3503ffd200
ffddd00024540
009510000d880
fff6003ff6700
ffe1003fda240
0065e03feb600
002df03ffa9c0
001cc03ff4380
ffd3300003ec0
fffed00009b80
003ad03fe6c00
ffc7403fe7780
0014903ff7140
0046603fe1d00
0003003fef8c0
002b600009a80
fff1803feba80
004be03ff3e80
0072500008180
ffc4103fe89c0
ffd8e03ff6cc0
0011603ff9e40
006b303fd7500
0042a03ffa740
001bc0001fdc0
ffea103fd9980
fffe903fe34c0
0040a03ff7880
0057603fed300
ffed0000168c0
fff3703fff040
ffc6b03fedcc0
ffe440002bf80
0006f00025c40
0039500009d40
005830001cb80
ffff000004b80
0014c03fe9340
ffb0a00007a00
ff95603ff6900
0055003fe6980
000a400006100
003d900010b40
003a50000b700
ffae300021ec0
009d800015a80
002d703fed400
ffce703fd5240
002de03fecc40
ffabe03ff11c0
002f203ff5a80
00d210001b200
ff7c40001c0c0
ff37103fffec0
0024600017c80
0046500009040
ffd7803fe37c0
ffeef03fffb00
ffe8c03feda40
0092400004a40
0050f03ffa380
ff33803fcd080
ff93000010080
0068c0002b1c0
ffe9100002980
0025300016340
003fa00019540
ffdb003ffe200
ffeb103ffaa40
003dd03ff27c0
ffaa200007fc0
ff7ec00009c40
fff0203fe0840
0032203fed0c0
ffaf503ffc140
ffdf903fec540
ffe9f03ff7040
ffba2000135c0
ffe2603ff9b40
0052303ff49c0
0073d00015800
0004600007a80
ff9f500007280
ffe4200002880
002e903fff680
004fe03ffc4c0
0032c03ff6fc0
ffc3103ff2d40
ffc6703feb040
00d9603fe3b40
007e503ff4500
ff6200000b080
ffcb803ff87c0
ffac703fcc1c0
ffb3700014600
00662000168c0
0009203fc4700
ffcc103ff3080
ffc460001ef40
ffd0303ffad40
0037700004c00
ff93603fecfc0
001f800000d40
004f900013180
ff84900000180
0016c00000b00
001cd00018400
ff67703ffe800
003ea00002640
002d603ff25c0
ffe0d03fe1d80
fffdd00002340
0000503ff1280
002ae03feb180
ffec503fed980
0022200028d80
0036700012140
002c003fe1780
004a003fdf1c0
008f500002180
002bd000005c0
001fd00012b00
0071400027400
ffe9b00013400
0025e000025c0
0072d03ffa300
ffcba03ff0700
ff84103fd9d00
ffdfe03fe1700
0039003fd4bc0
000b203ff5f00
ffe6303ff0000
00c5a00000cc0
00a5803ff8f00
ffb8803ff79c0
ffd5c03ff9200
fff8b03ffc840
000e203ffc580
0049700018400
fffc40000cb80
00760000132c0
004c600002900
ffc3a03ff5380
005040001b880
0023400015800
000c80001e4c0
007a003ffd140
001df03fff500
ff96500003140
ffdbb00002f40
003420001e400
ffcde0000c600
ffef2000001c0
fff98000030c0
ffc0403fee440
ffe2b00009f40
0024b000121c0
0000c03ffcc00
0034600017cc0
003c003ff7540
ffc4603ff1b00
0007b000022c0
0016b000017c0
0083000029a40
006a003ff0f00
ffa4603fdc600
ffac700013d40
009a503fff900
ffd6a03fdf7c0
ffbc803fe6bc0
0070003feb180
002eb00001fc0
fff8c0000b000
003ae03ff7480
0023b03ff66c0
fff550000ac00
002da0000a980
0083200015800
ffd6d00015580
ff0070001e780
ffa950001f240
ffc42000069c0
ffe3703ff2b80
ffbe303ff00c0
ff85900002e80
ff55703ff5c80
0010b03ff5240
002d203fd3700
0017d03fddd40
fff1700027000
006d503ffb880
006c003ff1840
ffc2400005b00
001a603ff7bc0
0035000004740
ffb9403ff8800
ff72f03fe0140
ffb8a00020080
ffef300008e00
ffabf03ff4780
ff9d400007380
ffece0000b240
002c600009640
0030703ffd740
ffe9b03ffa2c0
005f003ff6980
0063e03fec400
ffbeb000028c0
ffa5303ff41c0
ffcc803fee140
002cc00020700
0034d000138c0
ffc2603fe2040
ffc650000dc00
ffaee00008bc0
ffc6100004740
0077503fe96c0
0038f03fdb780
ffdba03ff3b40
0005e03ff4000
004a203ff9c00
004c60000d980
000ce00015100
ffd8303ffe340
0086203ff4540
00d4000013b80
001a300013c00
ffea803fe3680
ffed403ffcf80
ffe110000ae00
003b503ffa180
fff46000053c0
ffc020001c800
ffc8700015dc0
ff77b03ff4940
0003703fdcdc0
ffce203ff9b40
ff6ab0000c740
004a803ffadc0
ffffb03fefc40
ffb2703fff640
fff450000b240
ffc2b03ff8480
ffefd03fe3a80
0041a03ff0680
ffc54000061c0
ffa6000010d00
ff8d4000034c0
ffacb00009200
ffb7203ffb480
0024403fefcc0
0088b0000a6c0
0015e0001a2c0
0002d03ff12c0
ff86b03fe73c0
ff8da00001240
ffc6d03ff9400
ffdfe03ff17c0
000d400006240
ffd8400002c00
ffb8f03ffb980
0008103ff8480
0015803ff61c0
ffc4b00015140
ffa5e00013640
000ce03ff0480
ffe9e0000e700
ff8e200000840
ffd4300003a40
0049900029fc0
ffd7c0000fb40
ffd6b03fe1e00
0020103ff4d40
ffb8f0000ee00
ff96500011d00
ff7ca00012700
000e803ff7ec0
00f0503fed000
004a40001cdc0
ff6f800012d40
ffb2f03fe1b00
0016400020c80
001ce00030e40
004b303ff9200
ff91d03ffa2c0
ffea203fe3600
000a203ff3c00
ff4610001d0c0
ff93e03fff580
005480002a580
ffe2e0002adc0
ffe4c03fe2400
003c500000080
008420002efc0
ffebb03fe11c0
ffc8203fd1ec0
fff0d00002600
ffe0700027f80
ffcfd03ffc240
ffd9103fe7700
003080000ca00
0018800008740
ffa2f03ff1d40
ffac903ff2680
000e200005940
004120000a240
ffc0703ff0280
fff3f00002180
fff0a00005180
ffe8d0000de40
0016400006400
0039d03fd7800
ffdaf03ff9a80
ffc2d0002ea00
0056303fe2080
fffc603fff600
002670002bec0
0065e03fee4c0
fff1603ff50c0
002a700017e40
00bc300004640
0028900001e80
0024f03ff3a00
fff5103fdfe40
ffff10001a1c0
0014b00017b80
ff92e03fead00
0035203febb80
0029800002400
ff74403fec640
ffffd000004c0
ffcaa000134c0
0028f00005400
00ada0000c780
ffcc803ffc080
ffde700004500
0075d0001a100
ffeff03fde540
fff8103fd59c0
0032203ffe900
fffac03fe2780
ffc4f03fe3880
ff6430000a700
ffdda00000480
0084903ff90c0
0006e03ff81c0
0000503fd57c0
ffee103fcbd80
ff7e303fe01c0
ffb0303fe8040
ff53300003bc0
ff67100002e40
fff6a00007040
007820000db40
ffd4303ffa280
002c50000a7c0
0060b00021fc0
ff92f0001fac0
0009b03ff6040
004c103fe2080
0009f000012c0
0054c03fff080
0083c03fc3480
005a003feed00
003f20000ea40
0011b03ff4540
0072d03fe7fc0
003cc03fffa40
ffa670000c600
ffdc300002ec0
006d703ff57c0
000370000c040
ffd8f00013c40
00a9a03ff0880
003cb03fdf980
ff4b103ff6840
0002000006080
0059303ffdc40
0029a03ff7b00
fff9d03ffc040
0046700014780
0017e03ff5dc0
0003803ffd700
fff7100016a80
0003903ffa940
ff75b00003ac0
ffe1d0000fcc0
004ec03fe43c0
fff4503ff5680
000f003fe9740
0019a03fec440
ffd0f0000cf80
ff8fa03fe0480
ff67d00005e00
fffba0000f800
001a803fdb5c0
ffdcb03fece80
ffd8103ff7d80
ff7fc03fe9300
ffa3703ff7200
ffe3800005a40
ff7b800019d00
ff9a000004300
ffe4e00002400
ffb9300002f80
ff6cf03ff2fc0
0010303fe3900
00499000000c0
003cf00015680
0033a0000b180
ffc1700008140
ffc220000e480
ffed00001d4c0
ffe8a00002b00
ffffd03ff6440
ffa5603fe6900
ffd8503fec980
ffe4a0000ef00
ffdb2000144c0
ffd6803ff2400
0007903ff5000
ffeca03fefbc0
ffcf703fed680
0007603fee440
0061900003380
ffc4e00008600
ff91b00012680
ff9f403ffa080
0019803fffb40
001b603ffdb80
0045603fe3900
fff6403fe0f00
ffb8100000880
fff8700015300
003bc000280c0
ffc3103ff0200
ffe0703ff5f00
ffcb303ffb300
ff804000025c0
ffef203ff2ec0
0022a03fdbc00
ffff103fe5b40
fff6903ffbc00
ff77b03fe43c0
ffe5503ffab80
0051800011540
004bd03ff1940
ffa890000fc40
ff89a00012580
00a0d0000b880
007da00027e80
ffc790000f5c0
fffb903ff0340
fff430000ac40
ffee10001adc0
002b60000de40
005ef0000e940
0032f00009680
ffe9a03ffe100
0001500004600
0006a00000e80
ffd3903fff240
ff65d00003940
ffb0b0000aec0
0041603fe1340
fffad03fea040
ffab00000a4c0
ffd8c03ff7f40
ff57203ff9d80
ff78203ffbc00
002b7000049c0
ffd7c00017140
0060f03ff7100
fff9b03fe2400
ffc1503fe7340
ffda703fefa00
002950002aa40
0025d0002be80
003c303fff680
0056003ff3100
006f103fe9840
0010d03ffe480
003fa00016d40
0068400009a00
001c403ff2a40
ffa0603fef340
ffe7d03feee80
0030500007040
ffe3503ffe7c0
0013503fdc480
fff9e03fed580
ff9aa00006840
003b40000dec0
006a003ffb580
004ef03fe8580
003da00002b40
001240000da40
ffdc300005940
ffeb60000fe80
ffefc00002b80
001b500006540
0000e000080c0
00ab803ffa740
005830000eb40
ff95f00017380
ffcb603feaa40
ffe790000d3c0
ffc4c00039100
ffc7d00003dc0
fff3103ff6b40
ffe5d00002340
0019303fff880
000ca03fe5480
ffff000009bc0
002140000ce40
ffd5903fe3e40
fffed03ffefc0
0054900010100
003e603fea540
0048903fe3700
0031103ff9d00
0024000009c00
004bc03ff9800
ff0d603ff88c0
ff4800001df40
003d003ffc880
0003203ffd000
003b000012000
0070903ff65c0
0006900008400
ffa020000ff40
ffcb403ffd780
007860001a080
fff7a00028280
ff881000264c0
004240000d040
ffddc00002380
ff5c00000e380
fffc900001340
009af03ffa480
ffa3900006e00
ffdc503fe9340
0022f000075c0
ffe8a000071c0
0025403fe2140
0071603ffcac0
001d303ffa280
0062a03ff1b00
fff3b00008e00
ffd9f03ff4e40
0012f0000fe00
ff8dd00018500
ff3c203fe23c0
0062303fff240
008e50000ec40
001dc03ffe200
001e003ffe080
0021a03fe6c00
ffdc503ff3580
ffecd03ff7800
ffe4c03fd8c80
ffd5203fee900
fff5b0000f340
fff9600019900
0087600013440
002ea03fee080
ffa9300004680
ffcc900014900
0009d00009980
fff450000e540
ffdff0000a600
008c403ff6700
004b003ff0780
ffeec00001c80
0054303fe9700
002ec03fd3880
ff80b00000380
ff92c00002580
fff1703ff5000
fffbb03ffd180
0015e0000e380
0028303ff5380
0084f03ffd5c0
004930001ee40
0037e00017a80
005f703ffa980
ffed503ff9d40
0020b0000ed40
ffe280002ac80
0005d0001fdc0
002a600009680
ffa2703feda80
fff1903ff1ec0
003c500024e80
002470002b400
00c040000f040
0085b0000de00
001e30000c340
001d100002e80
ff93003fe5200
fef3303fed740
ff90900003a80
0017503ff6340
0040503ff5f00
ffdde00015fc0
ff7d703fdca00
0036203fda9c0
008620000cc80
ffda800007f00
ffdcf0000e000
000cf00003b00
ffea700004d80
ff97f00009400
ffddc03fd8700
0058a03ff9700
ffc460000aac0
fff17000055c0
ffec600012bc0
ff94803fd2840
000b003ff53c0
0003a00011a40
ffa7f03fe9040
0010a000031c0
0024e00006100
0007403ffcc80
fff6e00019c00
004e700012640
002ae03fed280
ff90103fe9900
0022a03ffe3c0
0066003ffdd80
ffb2400005b00
ffdef00012000
ffe9b03ff8e80
ffcbc03ffbfc0
004bf0001b100
0043103ffb4c0
0010e03fdcac0
ffd8b03ff9640
002d900017fc0
ffd3a00003340
ffbcb03feb600
0008400002200
0031200014480
000dc00009640
0002a03fe9000
0042e03fe1180
0016103feca80
ff7a603ff0300
ffc2903fea840
ffd9000015e40
ffdf4000269c0
001a503ff9880
ffbfb03fed680
fff4c00015140
004770000b8c0
ffd0303ff2cc0
0071b00000280
fff310000ec00
ff65800018480
ffb4e00017e80
ffc3803ffaa00
fff3900004e40
0044103fff9c0
0010003fef5c0
0053e0000eec0
0024900017240
ffc8f00001540
0020d00006980
fffb103ff4740
ffc9e03ff3500
ffce003ff7f80
001ff03ff1000
0065d0000cc00
0012403fe0a80
0027c00008e40
00a760002bb00
001a003ff4600
002cd00003240
00606000092c0
ffdeb0000b500
ffebf0000a4c0
ffd0303fedbc0
ffb200000afc0
0007e00011d00
0022303ff1b40
005da000040c0
0054703fed680
0006703ffa280
ff96600016a40
0018903ffba40
009af00002240
0044c000088c0
ff98700003b40
ffad103ffe7c0
ffb9003ff2640
ffdb600000a40
00929000029c0
fff1403ff85c0
ff93303ff84c0
0052c03ff02c0
002a103ff9540
fffab00000080
fff6503ffbc80
fff2b03fec000
00b2503fcbd00
00ad703fe5940
0003a03ffc840
ffb4503ffd2c0
ff5160001b980
ffe7b0000afc0
003ca03fe9980
000a400006280
000ea00016ec0
002920000f100
000e600007100
0069d03fffdc0
ffd5a0000bc40
ff930000142c0
fff2600008380
004440000d340
ffff50000c0c0
002ac0000fd40
0079f0001f080
0054e00007d00
005de000027c0
fffe803ff4340
0011f03fef300
0061600016580
ffda60000cdc0
ffc6303ff1200
002660000ddc0
ffe8a0000bec0
007f903fe9c40
0072003ff3140
ffe6803ff3680
00abd00009040
008760000eac0
fff7f00002a80
fffe903ffb3c0
003de0000bb40
003f00000b2c0
ffe92000093c0
003ae00011cc0
0002400003a80
ffe270000d900
002e000007b80
004360000b500
ffd7303ff79c0
0020700005580
005ea00001e40
00a71000087c0
ffc5a0000ef00
ffcf20001b300
0079003ffb600
fff8900010f40
ffe9b00026b80
002ff0000ab00
ff81a00006640
ff91d0000cfc0
000980000d340
0010f00009c00
0018e03ff3780
001b803fe9a40
0062903ff81c0
0071700018bc0
ffdde03ff7940
0000203fe4e00
ffe9c00010fc0
ff9fc03feb400
ffc1a03fede00
ffdd803ffd700
ffd8f0000ae00
ffb8600017980
ffdab03fed900
0033503ff9400
004e8000149c0
0039003ff8940
00174000126c0
ffc3503ffc340
fff4703ff5040
005c40000df40
0017b00013880
ffad50001bdc0
fff4c0002ae80
0049d03fe4780
ffcf703ff9d80
ffa4e00001000
0056003ff27c0
00902000056c0
ffd8700022500
ffdc70000f640
0000e03ff4700
0014b000113c0
0054503ff2d80
ffe3103fdef80
002d200009dc0
000c80000c6c0
0010400000540
0015e00014780
ffd8403feac00
0037100002a40
006b500015080
0017a000078c0
0033d000048c0
0002003fe98c0
fff9200008700
ffeed0001a580
0009b00006540
008280001cf00
003a600023080
0039f03fe9c40
0064f03fe4ac0
002c203ff8740
fff8d03ff8500
0015903fe9200
ffb7d03ffe6c0
ffe680000fa80
ffc2700003540
ffbaf03ff2900
ff85f03fe2440
ffaf300004a40
ffdd80000de80
ffc2503fe5c40
ffb2203ffe940
fff1500002240
0039200018f80
0063200008fc0
0020c00001640
ff84a00010ec0
ffe0e000048c0
004ec03ffb300
006c203feffc0
00d2b03ff1d80
006f503ff3900
ffdc300002bc0
ff70503ff5980
ffa2f00002880
0013303fffc40
0060203fd8400
ffe6003ffaac0
ffcbd03ff6340
ffbbc00003080
ffd3f0001e8c0
0028703feca00
ff9b403fe5f40
ff80200006380
ffe7f03ffb540
ffcb300002fc0
ffb4700012680
0047d00001100
0013003ff5b00
fff1d03fdcd00
fffed03fecd80
ffd2200013900
ff93e03ffb380
fff3303fe0cc0
0031b0000b140
ffdc200018640
ffb9403fec200
ffd0903ff7700
0085400011100
007be03ff0e80
001130001a2c0
0036f00026780
fff7403fec7c0
0052403fe1e40
000a900009100
ff6550000f100
ffd7603fee700
0033303ffb940
0017803fe9ac0
006ed03fe3640
0013503ff8180
003fa0000bc80
0054d03ff42c0
ffa1903ff0840
0012f03fe3040
ffc2303fec880
ff83a00005040
003b403fea480
ffa9e03fe5dc0
fff2103ff8fc0
002c60000b740
fff0d0000a540
0068903fe1a00
008aa03ffc340
fffd900008f80
0054903ffa000
ffe0c00006840
ffb830001a240
ff80b0000c400
ff4a000000300
ff9bd03fff400
ffe5d00003840
ffeda03ff6780
002ac03ffb740
0004803ff2fc0
0028003fcea40
fffab00004600
ffb6c0000ee40
0042700003e40
ffe1e03fe42c0
0006703fd2c40
003cd00005380
ffcf300024b80
00a9503ffd240
0028a03fe8680
ffef000001040
0055e0001bbc0
fff1403ffc840
ffeaf03fe8580
ffa0d00007840
ff7ad03fe6ac0
0069303fedac0
ffbaf00008e80
ffc8003fee400
0073503ff6ec0
ff98603feacc0
ffd0d03ff9040
001b200028d40
ff98f0000b300
004d80000aa00
fffec0001ccc0
0026100017d40
004cc00014640
ffab100010d80
ffe8200002f40
004f700023280
0051800009c00
0039200006400
ffc6100021340
008cb0001e180
0015300010d00
ffc6200000580
0004003fe97c0
ffc0f03ff7880
ff9b80000ae00
ffbd503ffcf00
ffceb00002040
0027800009b40
ffdd803ff6fc0
ff96403ffcf00
003da000230c0
ffe8b00025d80
ffde903ff5800
fffd403fd8040
0007403ffff00
fff4600007cc0
ffa6903ff7d00
ffd85000050c0
005bb0001d500
ffe5803ffef00
ffa5700016ac0
ffa6800001dc0
fffa603ffb8c0
0003003fe5fc0
ffa7103ff1140
003f30000d5c0
00a7800010e80
fffc100001340
0012003ff6080
ffe8503fee140
ffa4b0000a080
fff450000b740
ffdfe000111c0
ffcaa00014240
0008d00003fc0
ffb21000132c0
fff5700009c00
fff4803fecd40
00134000259c0
002220002ea40
001f703fff180
ffe8b03ff6c80
001b903fdf200
0021203ff5d40
001f200009cc0
ffee200008c40
000ee00024640
fff230000f980
fff6e03ffda40
0016300019400
0017403ffb780
0064700009dc0
ffe270000a040
004b100004c00
008560001b800
ffdd703ff9d80
ffcac03fe4b00
ffa7703fed4c0
ff8d400005300
ffd5703ff1e80
ff81a03ffe980
ff9350002d180
ff802000040c0
ff64903ff1fc0
ffd6100003dc0
ffb7403fe33c0
000b603ff8d80
000830001ce40
ffc730000fcc0
0008c03ffd140
fff4000009fc0
001ea00019cc0
000e403ffcc00
ffe5003ffcb00
ff59e00012780
ffc7f03fe3b00
0015b03fe9bc0
ffebc0000ec40
ff9b60000fe00
ff6f500020840
ff9bb000057c0
004a700007640
00a010000ae00
fff770000b9c0
ffc03000255c0
ffaaa0000e400
0028403ffb340
0069203ffd3c0
0030303ff7a40
ffea903ff9840
003d003ffb5c0
0052500025780
fffcc00025bc0
0025d03fec840
004bd0000b940
ff99c0000d4c0
ffe4503fe8180
ff76200011c40
ff70400011480
000ac00018440
fff98000166c0
0027000001c80
0017603ff9580
ff6c303fdb380
0019700002500
0028b03fffc40
ffffc03fe9b40
000b90000b3c0
001c003fecdc0
003d900008940
ff76600036b00
ffac903ff74c0
ffd3900000700
ff7f903ff7140
ffe1e03fe0000
000e103fe0480
ffc6603ff9500
ffa0a000102c0
ffa6403ffd6c0
ffc5203fef7c0
fff6303fe5a40
ffcfa00000980
ff90e00019680
ffee703febc80
001e103ff31c0
ffcf700008300
ffaf303feb040
fff7603fff3c0
005560000d0c0
000cf00003b80
ffff800003080
007b203fed3c0
0022003ffff40
0005e03ff9100
0016e000117c0
002ce00010440
fffba03ffb840
ffd4e00003e80
006290000e940
ffd2a0000aa40
ffcc603ffdec0
ffa8800001dc0
ff7ee03ffd0c0
0063903fef780
ffe6d00011240
ff7a200019040
0044e0001f7c0
ff4aa00010cc0
ffab903fd9940
00b8903ff8d80
0027600005d40
003c900001b80
004920000c680
ffb1d0000f4c0
004a603ff9c00
0074a03ff3100
002f200005900
ffdb403ff21c0
ffee103fff040
0028e00011b40
ffd0303fdfd80
ffdb003fe13c0
ffd7903ffbc40
ffafd03ff8a40
ffde900011f80
ffe8f0000af80
fffc603feb100
ffae503fff540
ffdf40000fbc0
004f500004040
ffdf403ffc5c0
ffb4603ff4600
ffd8703ff1bc0
0015303ff59c0
0036503feaec0
ffa8200000240
ff97f03ffd380
0056103ffb800
0002603fe4b40
ffb4900021fc0
ffd440001f180
ffc0e03fe8cc0
0045903ff8440
0082900009b40
001650001b0c0
000b60000b1c0
0037803ff0bc0
ffe4b00014c40
0016803fff780
0053f03ff4340
fffe300008500
ffe3403ff3640
0064603ff7880
0036903ff34c0
ffcb103ffd180
ffc290001a200
008ee03ff2300
0065e03fe79c0
0022300001640
0060703ffee00
0011603ffcc80
ffcf603fef440
ffdbc03fec780
ffda4000049c0
000e903fe5080
003d103ff1100
ffcfe00006d80
ff43b03ff8040
fffa200019a80
007050001a4c0
003250000a940
011c503fed200
0028203ffb900
ff72800006140
0067103ff4180
0040003ff28c0
ffe8703fdeb40
003aa03fe8f00
ff99000011e40
ffad000007900
ffa5600009d00
ff5e900005980
005e603ff3740
001070000c200
ff7000000c400
0019b00002fc0
ffbfd03ffca80
ffc6903ff23c0
005540001b9c0
ffbd800027b80
ffcf300018e80
001160002b2c0
ffcdf03ffaf40
ffde6000002c0
ff89500020680
ffc4903fff900
00226000062c0
ffae70002da00
ffbee00005040
000b703ff7380
ffba100020440
ffd0200004300
ffd390000bbc0
fff8e03fffd40
000a503fcf5c0
ffc17000074c0
00022000160c0
ffc7203fdeac0
003d703ffaec0
0064503ff1d80
004bf03fdd900
0019d00010800
ffe770002b440
ff95900014980
ffaf40001a8c0
ff77400012940
ffce803ff1a80
ffe4a03febe40
ffeeb03ffe600
fff6003ffabc0
00aff03ffb1c0
004f70000e480
0010d03ffb1c0
fff6a03ffd440
00584000109c0
000e803ffbe00
ff87703ff8a40
ffcbf0001e440
006fa0001bd00
008a900001200
0060f0000be00
003950001b040
ff82e000053c0
ff95b03ff1e40
0080200005900
003b60000fb00
ffbca03ff9640
0037b00016c00
0007b03ffcec0
fff4a03fe7c40
003180000ab80
0005a000093c0
004880002c040
ffe1a0000a680
ff7e803fdf100
fff8503ffe540
ffedf00007f40
ffa3e03ffcc00
001fd03ffae00
000ad03fe0fc0
ff54703fefb00
ffdc600008880
0037b03fe7b80
001c70000c080
006aa00035700
005e503fe7000
000ef03fe1ec0
000080000e040
ffdcb0001a780
ffd5d0001ed80
0021800020340
002b50000d800
003540000b080
0022c000114c0
0032a00017a00
ffd9b00008180
ffb0000002fc0
0004a00003d80
0028903ff8240
ffa780000a0c0
ffb1903ffd440
0049c00006c40
ffd960000d780
ff7b4000057c0
006b703ff4280
fffcc00008f00
ff82c00016c80
0092903fff8c0
0012303fe8280
ffd3103fff7c0
0044000013340
ffe5b00008c80
ffb1c0000aa40
ffc1500002740
ff9b600008b40
0034100021140
fff670000b8c0
003b60000c380
fff1703ff5900
ff54a000170c0
002510002ce00
000a703fee440
ffefc03fd9b40
001fb00013b80
ffc990000f700
ffef200017c00
000bc00011580
0017e0000a100
0010f00006fc0
ff8f903fea400
ffc1b03ffd1c0
0037603fee280
0002803fffe00
001130000acc0
0010203ff5180
ffd8f03ffdd80
fffe800011140
ffc9203ff3840
ff9e803fca400
ffe2103ffc4c0
007cd000003c0
0030d03fe5a40
ffc14000010c0
0044a00015e00
001a9000122c0
000a70000f880
0011903fea540
fff4800002f40
002f60000c980
ffc7403fec480
ffd870000b4c0
0075300006340
fff1703fdc200
ffa7500008040
ffc0e0000d580
ffc7e03ff7bc0
ffef90000a8c0
0037500012340
0029303ff6600
0049203fef0c0
0043a03ffa180
0042f00002500
000b800016900
0057c00009d40
00157000056c0
ffade00004bc0
00602000046c0
005fb03fe1800
003ac03fe17c0
003d703fe9dc0
ff9d603ffe940
ff8ef03fedec0
fff6e0000ae00
005e103ffcac0
00de203ff4f00
005bf00003dc0
0005b00000940
0004100001000
ffc9103ffbd40
ffc7a03ff8d80
fff4e0001dcc0
ffdcb00019380
ff94703fed640
ffcf100001400
005ae000101c0
0033500015080
ffa3a000165c0
0007503ff3980
0012403feff00
ffede00001700
004e503ff5540
0012a03ff3100
ffae700001cc0
0015403fee5c0
ffd30000182c0
ffe7c03ffe240
004660000e0c0
ff9aa00017c40
ffcbb03fe5700
00c0c03ff2a00
ffaf200036b80
ff5e003fffac0
ffee903fcd440
0031303ff4800
004a500008f80
fffeb00001400
ffa4603fece80
ffac50000eac0
ff64e00013c00
fffa103ff9d40
007b803ffe180
003d503ffc840
002e000008b80
003450001e480
fffd903ff9840
ffa6e03ff5880
003a200003800
0035903fe69c0
0016203fe8d80
005be03ff5500
006b203ffbe00
001a600016780
ffdfc0000e880
0076303ffc4c0
00019000065c0
ff91600004cc0
000ac03ffb640
0071200012b80
ffe4e03fee8c0
ffd1403fc7f80
0005703fffd00
ffbd9000072c0
ffdb400011240
007e700009c00
ffcf203ffd180
ff92300005740
001d003fed8c0
003f200013bc0
ffe6200032180
ffbdb00009480
ff76303ff4e80
ffad603fea740
ffd1f03ff8380
ffc0500017f80
0057c0000d200
003f500003bc0
ffc9f03ffa940
0043f00002d80
ffe9300008980
ffe7a0000ce80
ff9330002f600
ffc0500016b80
ffbce000006c0
ffc9100009000
ffc5b03fdebc0
ffc9c03ff6a40
000e3000194c0
ffd2b0000ac00
ff54400002300
006ef03ff45c0
0070d03ff9c40
ff94900016640
0013103ff9a40
ffbf003ffdf80
ffbf003ff5a40
ffea503fe4540
ffeb403fed400
0032e03ff8c00
003fe00012c00
0045100000080
00bf503fe5980
008510000a2c0
0019500001f00
0002c000204c0
005cb0001ce00
ffa9c00019040
ffe6e00013d00
0058803ff3780
ffc1003fe1440
000ad03ffb600
000bc03ffa480
ffd2103ff9700
0064603fe3280
002ca03fedb00
ff5890001db40
ff68f0000d080
ffd0803ffab40
002db03ff7e00
ffeb903ff5e00
003fe03ff7800
0067000000ec0
0050500022900
007ab0000eac0
ffd2c03ff8d40
0005903ff3b40
00dba00000bc0
0085000019d40
fff71000020c0
ffbbc0000f640
0082200023f00
004670000b480
ff8aa0000a280
0050d00012d00
0028b0000a4c0
ffb2a000276c0
009ec00004e00
ffddb03fe7740
ffb1c03ff2ec0
0066403ffb040
0037b00004500
0019003ffb940
ffdf103ffc080
ffbb90000e4c0
ffdae00014700
ffc1b00004a40
0037e03feca40
0068403fd1880
0067303ffb380
005dc03feb500
ff8b603ffec40
ffd0500018100
ffd6603fff900
ff8f000000580
ff7ba0000ae00
ffdd90000aa40
0063e03ff8280
ffd1903ff27c0
fff0300011700
ffab200004800
fefe703ff0d40
ff94800002980
0026403ff3140
ffe1003ffb5c0
fffd103ffa200
ffeef03ff9bc0
00216000066c0
0017703ffe680
ffc7700019ac0
ff9020002ef40
ff77500000c40
ffd5b03fef440
ffafc03fefc40
fffb000008a00
ffd3003fe2040
ff15b03fd05c0
ffda603ffb8c0
0044903fe8f80
fff0603ffc2c0
0019900006340
ffcd303fd6a80
ffb19000042c0
0039700010240
fff4403ffe0c0
0002403ff6a00
008b003ff2740
ffe8500002b40
ffd3200017cc0
0058303ff6ec0
0005b03ffd9c0
ffba503ff3c80
0017403ffe240
004170003ee80
ffd7400019dc0
0070403ff5580
00b6600003ac0
ffe0803ffc900
ff5e803feaf80
ff9c50000f140
ff909000144c0
001b100000bc0
0034803fdcf40
ff45e03fe2ec0
ffb8f000206c0
0080503ff9780
0043f03fd7500
0037c00007cc0
0032c0000b1c0
fff3b00003c80
0023200009a40
0017803fea140
0024d03fe4680
ffa9703ff6280
ffea500004180
008d400009d00
0014103ff4540
ffd2103ff4840
ffd8703ff4a00
ffb3100011c00
000810000bc80
ffa1f03fe8640
ffb4d00008480
ffc730000cb00
ffcf000005e40
003250001d980
ffe230000b840
ffbcf03ffbe00
ff9ce03ffe000
ff98203ff3bc0
ffc1f00003a40
ff7e003feec40
ffbe203fd48c0
0029e03ff7c40
fffc203feae80
ffe7003ffa600
0010e03ff6d80
ffac803fef300
ffbce00013c40
ffa2f0001c3c0
ffbc7000145c0
000de000036c0
0014303fe4700
ffd4c03ffe7c0
0066d0000ab00
0069e0000b3c0
fff6c03ffa400
00543000042c0
ffd7c00018b40
ff8fb00004d80
0065a03ff3480
0017f0000f080
001cd00006600
0054200001140
0001403ff87c0
001d40000b000
ffddb03ffc180
ff77703fd3c00
0000403fdccc0
000e50000fe40
ffce603feeb40
0001103ff4dc0
009fe03ff76c0
ffd8203febe40
ff81b0000e780
008cb00003700
0042903fee540
ff66303ffcd80
ff85400023700
ff2ff0000dd40
fffcd03fd6340
ffe2a03fe63c0
ff91603ff6d40
0032503ff4680
0026f03fec1c0
0064203ff2180
0019600009b40
ffe1903ffe340
004e803ffbe40
ffe9900010740
ffd2900012ac0
fff9d00010640
ffb6903ffbbc0
ffd3703fea780
005320000f6c0
0016d03ffd900
002a203fecec0
003c400016700
fff1800011240
ffde303ff47c0
003df00006b40
00ee400007e00
0047203fff440
0006603ff4280
fff2100007c80
ffba503fedac0
fff3300000f40
fff360000d080
fff5e00011000
003c10001e5c0
ffa6903fee780
ff9da03fe7640
002000001c180
0006100013540
ffcc100010040
ff8c8000016c0
0047e03fefb00
003cb00007980
ffc6a03ff0700
000e503fe9d80
ffc3a03ff2f40
ffd4c00005ec0
00da700003ac0
005b10000c680
ffe1403ffb000
0039b03fe24c0
0059803ffc400
003de03ffcec0
0028403fef200
ffffe00033700
ffe4c0000abc0
ffd8a03ff7440
001320001f600
ffa8603fe4e40
001b503ff8640
002d900021700
fff2200004c80
004d103fec7c0
ff8df03fe1940
001a800007d40
00bc3000076c0
ffdfe03fdb680
005df00005740
00bf103fef780
001b703ffef00
000f90001c9c0
ffc2e03fea580
ffccd03ff6b80
0028d0000b700
003880000c500
009a900009cc0
0008b00006900
ffdf400019080
000b803ff5400
ffd4903fdb440
005cf03ffc700
ffb1c03fe9940
ff74803ff4480
002be03ff29c0
0024a03ff34c0
ff97503ff4a80
ff9c103ff57c0
ffdc903ff6fc0
ffe9303ff3280
0041803feaf80
fff3a03ff6e40
ffa2e00005f80
ffa2e00006180
ff88503fd82c0
ff8c103ff0780
009010003e700
003850000a6c0
ffb6f00003380
ffed600016400
0045e03ff94c0
002f7000146c0
00400000094c0
0050a03fed540
0071300009080
0003000004300
ffc9803ffa980
ffc2803feb7c0
ff5d403fe5cc0
ffaeb00008200
ffc5d00007fc0
000cb03ffe980
002ea00015dc0
000be00012780
007e4000011c0
0065303ffe240
ffcd903ffe2c0
ffebf00011340
0048600002b80
ffd3403ff6840
ffe1000001680
0071000010180
0011700007f80
ff7b900005680
0003503ffe3c0
003a703ff8f40
002d403ff6f40
005cc03feb6c0
0034b03ff48c0
00216000031c0
0005100012000
ffc60000083c0
ffbe203ffaa40
ffa7103ff75c0
fff9f03ffe400
001d703ff2300
ffe630000c580
ffe2000016a40
003140000a0c0
ffd9100003e40
002d60001f700
002fe00016dc0
ff8fa00002dc0
ffee700007140
ffc7c03ff2600
ffd9b03fed900
0065c03ff3580
0095203fe9b40
005b403ffacc0
ffd5c03ffca40
0004503fefd80
0034503fe9540
ffbee03fe4f40
ff82700004980
ff9a800000480
0031a03ff1280
000fa000028c0
ffb5903fe83c0
0052e0000de80
0023e00014140
fffbc03fedb80
fff8e03ff9840
ffa0100001180
ffd0603ffa300
ffbfe00012a80
ffc9d0000f540
006420001f980
0001003ffdb80
002eb03fd7880
0023303fcfb80
ffe4203fdaa40
ffdd30000fe80
002890000a4c0
0059403fe98c0
fff7503ffff80
ff99900009c80
ffdad00011000
ff87000021640
0001f03fed000
0001803fec440
ffc4400032ec0
ffcf103fff1c0
ffa1303fd2880
000e900013780
005a50000a440
0024f03fe9480
001270000a800
fff0303ff6980
007f103fef5c0
003bc03ffe8c0
ff5a10000efc0
ffbba0000a1c0
0060803febc80
0017003fe37c0
001a100007380
ffd330001cfc0
0023a000250c0
ff8aa00002e00
ff5f603ff85c0
003f503ff4c00
002d603ff1cc0
ffef1000023c0
fff2b03ff4940
0066503ff0040
001a300013ac0
0010603fdf1c0
005db03feff40
001cf00002a00
0012003ff22c0
fff8003fea040
ffa70000062c0
0032c00014700
0054e03fea280
ffac600016680
ff6d100017200
0014700000180
00776000110c0
003e103fef740
0052400024280
ffe6c0002cc40
ffc8003fe2580
0008000010180
ffa570000c380
ffd2f03fd7500
fffe503ff52c0
0042503fdd440
0080603ff0880
001930001fa00
ffbcf00004f80
ffc8400003ec0
ffd0900000fc0
0046b00002d80
004df00009200
fff9d03ff3980
ffdfa03ff88c0
002d703ff0c80
0063303ff1040
ffb7800014480
fffc90000bdc0
0086c000137c0
ffe0d000145c0
ffc6003fe29c0
00007000011c0
0033200007d80
ffed403fe4940
0047503fdfac0
0045600010c00
fff4100001f40
004e70000aec0
0001a00015e80
ffdc90001b6c0
ffd6c0000ccc0
ff90a00005c00
fffd600006380
fff5f00000b40
fff7e0000c840
0037600036b80
ffd5303ff6040
003bc000014c0
00d6600007c40
ffaa803ff20c0
ffc9d00011e80
001d200014000
ff9b900000240
ffc890001a440
0018100009240
0095100019000
002700001a400
0006603feff40
ffe4c00003040
ffabb00002700
ffe9300010900
ffcfb00003d80
ffcff03fe0280
0080e00002900
ffdbc03ffe840
ff6f000007080
ffa0d00012700
0029203fff280
003fe00000940
0005303ff8a40
0003903ff64c0
0014b00016ec0
ffeb500003180
ffe6f03ffa380
0058300006ec0
005cb03ff9b80
ffa0c0000c100
ffb9c0000b9c0
ffda40000d2c0
003eb000033c0
0037300017300
ffe8d03ff9bc0
0079600002b80
0037100004d80
ffd8c00013f40
003d300023b00
0010c00004dc0
ffa5003ffa400
ffe9303ff5980
ffc2a03fe3680
003dd03ff9280
0010200007b00
0021103ff0f40
0049b03ff86c0
ffd0403ff78c0
0010603ff6380
ffaef03ff77c0
ff97d03fe4600
00a8200000dc0
004a503ffa140
ffc950000d140
fffb800010380
ffa5d03fdfd40
ffc3a03ff7340
0047f00011180
ffde703feaa80
0030403ff58c0
00b7903fff240
0055703ff9300
ffdb600003100
0065503ffe300
0011c00020880
ffdc700016100
0015103ff5940
0041c00007180
0016903ffc580
0006d03fd3fc0
00ab203ff5bc0
008f100026000
ffeae03fefb80
008d503fec3c0
0087600024080
ffd6703ffe1c0
005d903fed580
ffbbd000162c0
ff30303fea400
ffce403fd6080
ffcf700009040
0000600009f40
fffd503ffe100
ffd5c03fe9bc0
0075903ffbc80
000b70000c540
000000000b800
0032c03ff1600
ff88503ff0cc0
0037203fe9e00
0024503fe8540
ffdd503ff1e00
ffdfa03ff6e40
ffd2a03ff5c40
0063503fe54c0
007fc03fca1c0
fffc503fe8600
000a50000cac0
ffcdb00002fc0
ffa090000cac0
003ea0002d700
00a8e0000f980
00a7503fe69c0
fffd403fd0180
000d003fe9800
0083a00010900
ffd3203ffd4c0
ffeb403fed680
fffb403ffa080
ffcab0001d880
fffc700010b40
002a803ff0900
0049703fefb00
ffb7503fdf400
ffbd903ffd680
003ba00015480
ffdfe03ffe980
ffb6303ffb8c0
002b60000e880
ffc5803fea4c0
ffad403fe9600
fff25000185c0
ffc770000b4c0
000f103ffdb40
0044603ff2180
ffe8b03fe5800
001a2000093c0
ffced0001f4c0
0068c00009a80
0043500005240
ff8e400016180
0001000020980
ffee403ffa080
ff93303fecb40
0017f03fe3240
002be03ffacc0
ffb9f03ff2780
006eb03ff9b40
002a100004fc0
ffd3a00011540
0079503fee800
ff96d03ff6e00
ffd1603ff5200
0003700000ec0
ffda7000118c0
0022c03ff3580
fff3b00006200
ffa0d0001ba40
003f103ff3e00
ffb9100007c00
ffedf0001bc00
0072503fff340
0009f03ff74c0
ffe570000a540
0003d00028000
004950000b000
fff5303fe9380
ffb130000e040
fffb903ffc540
0016f03fdfac0
0022503ffbec0
ffe8800002d00
ffae703ff3840
ffdc403ff62c0
ffcc003febe00
ffbc3000026c0
ffebf03ff3640
0058f03fdc1c0
004fb0000ed00
0005203ff19c0
ffee703fd4040
ffe6503ffb980
0002c03ff3100
0039b00006880
0081900022640
0064703fffec0
ffb1500007740
ffbbb00006640
000a403fe6580
ff85103ff5bc0
0017403fea9c0
004b400000880
ffbf900021540
0042403ff3780
000e903ff0d80
ffaac03fe5f80
fffe603fdaec0
0000e03ff5340
ffe9f03feb100
ff95f03ff2c00
ff9b300013b80
001ca00001580
0001203fe5600
ffaa403fdb0c0
0005703ff4540
ffa9903ffbd80
fff5803fed500
003ca03ff00c0
0008100012d80
001c50001c0c0
ffb930000abc0
0024403fffb80
0051f000005c0
0048d03ff9500
fffd503ff9d80
ff55600001600
ffb5903ff27c0
ffc4903ff5b00
ff96503ff9180
0056a03ffa240
00ae80000a840
fffea00007640
ff8c003fe9c40
ffa1903ff51c0
003bd00011e00
007e400005940
0097603fe5400
0033803ffb940
ffd3a00006880
ffe0c00005b00
ffd4f00017ec0
ffd3e0001b100
00ae503ffbf40
006a503ff2a80
ffb3b03ffc080
ffc5f00006c00
ffe4803ff5c40
0052003ffd740
ffc1b0001cac0
ffd690002b3c0
003c900025300
ffd1c00035f80
fff5400016240
005690000c400
0072e0000f200
0046600010440
000cb03ffdbc0
fff4f00007c80
ffec803ff2b00
ffd0d03fd96c0
ffb0003fe5540
ffd1703fec780
ffd95000055c0
0031100001500
fff4703fd61c0
000c603fd9300
002f103fe9f40
ffacc03fff880
ffd1a03ff8800
009bf03fd8840
005e700004800
ffbe90002cc00
fffa700001f40
002b603fe6f80
0003f00001b80
0042900004a00
0079f03ff1500
004d300008240
005350002ddc0
fff1100021000
ffdaa00005400
ffdf300004c40
ffb7b00017bc0
ffb450001cc00
0042700007e40
0050b00016940
ffea20001cc00
fffd303fe90c0
007c000013600
003650002b500
0040d0001bec0
0077103ff7000
001350000f0c0
fff9c00001300
0045903fff6c0
002d703ffe340
ffb9d03fd7b80
ffa9203fd4ac0
0018103ff4b00
0020b03ff9f00
ff7010000c740
ff97200010100
001cb03fe95c0
ffb7803ff7ac0
ffe0f00020200
003ba00017b40
ffda403ff1680
003b003ffd240
0065200002440
fff8e03fd1f80
0095103ff5040
0027503ffd680
ff1cd03fd1e40
ffca600010ac0
003810000e000
003b803ff1300
0028e00003640
fff4e03fd1c80
0006a03fde180
ffe1403ffde80
ff7dc03fe4bc0
ffced00013380
ffca003ffe1c0
ffcbb03fd7f00
0017f03ffeb00
0062a03ffbe40
0031403ff2f40
0003403febe00
000e803fe54c0
ff5c603ff2540
ff84603ffc800
002f000003fc0
0073803ff7500
0045f00002ac0
ffd2803ffef00
ffaaf03fe5880
0001100002e40
001820000ab40
ffe7f00004880
ffbff0000ebc0
002270001a100
0047100000f00
0000603fff000
ffda800007300
ffac400009c80
ffc7503ffea00
fff920001e700
0042c00009f40
fff6503fee380
ffd7000009300
fff3700011e40
ff79b0000e280
ffd1800023800
ffc9d00010240
ffe6a000060c0
0056d0002e640
ffc400001d940
002c403ff0840
00b5c03ffc180
0046000002640
0028a00002ac0
0011e0000dec0
ff86a03fe8640
ffd5603fed500
0041f000007c0
0077203ff0c00
007dd03ff1a40
ffdba00007540
fff5a03ff4980
0059a03feea00
0000000000980
000780000afc0
0031303fee3c0
0010100006840
ffb680001c4c0
0039703ffaac0
0006d03ffebc0
ffa3d000040c0
ffdde03ffd000
ffe0900012c00
fffe203ff7d40
0087e03ff0b80
0034503fffb40
ffcf600005500
ffe2c000138c0
009f600012d80
004a203fe7380
ffa5f03fe02c0
fff5100006b80
001a40001d3c0
ffca100016240
0062d00005bc0
0024b03fd9580
ff8b203ff0880
0011c00016280
002e2000057c0
0011903fe4b40
003c603ff0640
0070d00019cc0
000d80001df00
0014d03fecb80
0059703ffeb00
009470000edc0
001700000d940
ffd0d03ff4400
0023503fe4c00
006b303fe0640
003c800018100
0077c00018700
003da03ff73c0
005f00000fc80
0075000008480
ffc2a0000cf80
ffce80000dc40
0048a03ffac40
ffe1f03fea100
ff8c603feae40
0070603ffb700
0039003ffd900
fff2e03ff7500
0040c03ff4880
fff0703ffdc40
ffde1000107c0
001550001c080
ffa3600005780
ffc3c03fef8c0
fff9c03fee5c0
0031c03febbc0
fff1203ff9740
ffc5903ffdbc0
0091d00002a00
0016a03ffba40
fff6f03ff5d40
fff9e00010680
ffe6d03ffc0c0
ffd8000006ec0
002f900012bc0
009f903fd6d00
0067903ff6380
0071500003bc0
0042b03fd8100
ff82500004540
ffec00001c400
00cc200022b80
0017a00017480
ffe8403ff7580
fff8a0000d340
005340001ffc0
0067300018140
ff858000262c0
ffd2803ffb800
ffe8403fefc00
ffd7e03ffe400
ffbd400026c80
ffc7d00026a40
ffe8f03ffc600
ff94003ffcd00
000850001d680
001f30000ea40
ffb1303fded40
ffaba03febd40
ffeba0000ec00
ffa140000b0c0
0018203fec900
ffad100016f80
003a903ff7940
00efa03fe3e00
ffd5d00008940
ff6f903ff3c00
004680000b000
0043800028f80
ffdae0000c140
ffdca03ff2040
0013503ff1dc0
004a003ff4a40
ffd5300011dc0
ffb9600016440
ffce90000dbc0
ffc0f000072c0
ffd4b0002f880
ffee300010800
ff86c03ff78c0
004ee03fe30c0
ffdd903ff9040
ffc5a03ffcbc0
0006900007740
ffd4703ff6b00
0050f0000cd00
002c200000280
ffe9c03fda280
002a703fe6a00
0004200009ec0
000940000a600
fff6c0002b640
ff67e00021600
ffdc00000ac40
ffb94000096c0
ff79403febf00
0025303ffe000
ffe0200001400
ff81c03ffdc80
ffd10000085c0
007f503ff3040
ffe0400001a40
ff65c0002c840
000cc00014780
0043503ffe500
0009e00009fc0
ffc8100003380
ffb710000a880
002f00001f240
00612000018c0
0082203fffe00
0064800024640
ffec1000133c0
005d303ff9d00
0020f03fff200
ff5c803ff9800
0022600004c40
002950000a040
ff6c603feb200
ff85700009c40
fffdc00021180
0043303ffc680
0005203ff38c0
002d603ffe780
ffdfe0000c980
fff4500001ec0
006c700006bc0
fffb70000ff80
ff86e03fe9600
ffea50000f540
ffcfc000022c0
003c703fd1bc0
004f300004f80
ffd7f03ffddc0
fff9c03ff7380
002090000d4c0
fff5103fef4c0
001cd03feba00
002e20000cac0
ffec403ff41c0
ffcf803ff5cc0
008c403ff7580
000dd03fee440
ffd0503ff37c0
00a8a00013900
007fd0000ee40
0015800001500
000a700014b40
ffead00017e40
0068e03ff4b40
ffffb03fd7e00
006c1000192c0
006d900023c40
ffe8e03ff6700
005c303ff9a80
003ce000009c0
0002a03fe2d80
0026803ffeac0
ffd340001db80
ffde003fffbc0
0067303fd2640
0007f03ff8a00
ffc45000230c0
ff9c003ff4200
ffeb003fe7780
002b003ff7d40
fff6603fe4e40
005ee00012c40
002030001bcc0
0007603ffc800
0056c00008f40
0009803ffbf40
001ed00001bc0
0040d0000ac40
0065603fe4b00
0024100001fc0
fffd500009500
ffea903ff47c0
ff78e000120c0
ffbcf03ff97c0
0002b03ff61c0
ff5ad0000b940
002b403fdb800
0052e03fe9040
ffcf503ffcf40
004ea03ff5ac0
0033503fe6280
0026803ff07c0
0050400000680
ff9f200014000
ffc380001bc80
ffeb00000dc40
ffc1403fe3140
0015300007bc0
ffe8400029640
0022203fe9380
fff3c03fdf4c0
ffc17000005c0
ffcb703ff0340
ffb4703ff8380
ffd13000181c0
ff7db03ff2b00
ff9e300012740
002ad00020700
ffeba0001e780
000f303ffd800
0025403fff9c0
ffcfd00006e40
003fb00016680
0012c00012e80
fff8300001080
0065800001740
ffe1b03fef3c0
ffe6903fd0940
007ce03fe8700
005df03ff5c00
ffe7303ff5c80
ff6650000c840
ffd5500008740
004fa03ffa180
0034a03fee6c0
004be03fe5a80
ffe9903fffa40
ffd0503ff3540
0051d00001540
ffd2400014500
ffb3d03ffe180
ff9fa03ffd380
ffbf800003200
fff1600002bc0
ff3b600006e80
ffbcc03febc80
007e503fea440
003f7000055c0
0035c00012d00
003e600020580
ff8f803ffc900
ff87603ff03c0
0005900010e00
0029200010140
0058200021640
00aa50002ac00
0011c03fff980
ffba300007400
fff9000017680
fff4600004b40
fff2c00005580
fff4b03fffd80
ffbe703ff7c80
ffc1603fdfa00
0008a03fdbe00
0033f00009280
003c600025f00
ffc7c03ff4b00
ffc6303ffe380
002cc00017fc0
005a200010100
0089103ff7f80
0006003ffda40
ffeb800023340
0064b03fef100
ff9e903feb480
fff2803ff6e00
fff0303fe36c0
ffa9f03febf80
0029503ff8000
ff94403feacc0
ffb280000d080
000cd03feb500
ff95303ffe4c0
003bb00031340
ff68b00000cc0
ff8af03ffca80
009bc03ff8580
0015103fcdc00
ffc5a000044c0
0018600017f40
ffdcf03ffa040
ffdde03ffbdc0
ffd0000016940
000eb03ff0380
005bc03fe2fc0
ffe3103ffbbc0
001940001e9c0
ffc3600010c00
ffde803ffd400
004d00000d480
ffebb00009000
ffdbe03ff3f80
001ec000227c0
00533000114c0
006b000003c80
004980000c640
0060a03fec800
005e703fef740
0047f0001e640
00a07000305c0
001120000d180
0018e000049c0
ffd8903ff75c0
ffeba03fe9140
00bb603ffe300
0018b0000ffc0
ff82c03fdfc00
001fd03fea700
004c700022000
000e700014ec0
ffb6600008700
ff8da00001700
003f503feb2c0
ffe2f00001c00
ffa93000012c0
0048503ff9880
0049d00005200
000a703ff6540
0055703fef440
ffefb00003e80
ff68a03ffd900
fffd700006980
008bd00006c80
0041c00017640
ffc0a03ff8a00
003a403ff4580
ffc3900002f00
ff97103feb200
0009300005600
ff61203ff9fc0
ffaba0000a380
0073600004d80
ffe6903fe9100
0038c03fed240
0059d00007a40
ff563000016c0
ffc3e00017440
0044f000104c0
ffc7603fe7680
0009203fec280
0010d03ff68c0
ff6dd00004380
ff69f03feb700
0017d03fe4180
ffb6e03fe8880
ff77a03fe72c0
0019703ff0280
008f503fddd80
00c1703fe8b00
001a703ffb940
ff7ac03ff82c0
ffeab000113c0
fffa5000078c0
0042e03fd75c0
00af803ff3a40
0026603ffda00
000dc00014ec0
0092700030100
0012c03ffd680
0050d03ff5280
0003700008480
ffe4f03ff5e80
0020303fea9c0
ffab903ffda40
ffcd803fde180
009b603fec900
004c2000281c0
ffe2b00018600
004fb000065c0
0089b03feff80
ffe0203ff64c0
0038b00005900
0091a03ff9740
000a90000ff00
fffce00008f80
002ff03fe8bc0
ffd8400011540
ffec400006b00
00262000009c0
0016f0000f780
ffffe03ff7300
ffc0000008940
003d80000ac00
0038603ff7380
ffdae0000a940
0075b03fe3900
0078403fe8300
0012503ff2bc0
0005f03ffbb40
004c90001f540
002d203fe0900
ffba303fe9940
002a40001d280
00b7c03fe2640
0005b03fea940
ffaca000152c0
0010c03fef500
0042403fec400
0073603fe5a80
002d803fe6500
00143000221c0
ffc300000fc40
0012503febe00
0067000003a80
ff7cf0000f300
ffd5703ff8980
00beb03ff6ac0
005dc00014dc0
0009b03ffa180
0002a03fe8b40
004c503ffc1c0
004f5000067c0
ff8e803fecec0
ffecc03ff8340
0048500013d40
ffb5e00030640
0002100008700
0051703fed4c0
ffcd703fee240
ffa1f03fed500
0015600006280
0022803fff240
ff77403fe7d00
ffca700015500
005270000a600
0041b03ffac80
0076a00017bc0
0030c00009500
ffcfe00007c00
ffd1c00000c40
ffb6c03ff7680
ffe470001e000
ff87100003840
ffc6a03fdc500
0010500005000
fffb300005c80
004cb03ff6700
00007000105c0
0021403ff3600
0043603fe0700
ffed403ffe700
0048003fe9180
fffb003ff0680
ff9790000a100
0021b03ffa140
fffaa00005ec0
ffb5003fef700
003c203fca580
0013500009ec0
ffa2e0001ba00
ff8ee03fe3500
0019e03ff43c0
00365000039c0
ffd8c03fed580
004d103ff2140
ffb3003fdd0c0
ffc5903feb440
0088903ffa480
0003700001980
ffc9c0000bf00
ffff60000e540
ffec400016640
ffb3103fea2c0
fff2e03ffa580
00146000215c0
ffd0003fef680
ffca103ffcc40
ffd8c00014480
003c400003600
001f903ffad00
ffcc003fe8fc0
002eb03ff2c80
00b160000fa00
000b803fed2c0
0016a03ff1e00
0063903ffbec0
ffd6003ffebc0
ff91203ff1640
0002503ff7680
001a3000107c0
ffa9403fff7c0
ff7b1000035c0
0039700015500
000df03fdd400
ffa6903ff2dc0
000b40001e740
0058c00008100
00a9a03ff8780
0014b0000e5c0
ff280000018c0
ff63a000010c0
ff7ac000156c0
ffeb300012d00
008ed03fe3a80
ffb6b000035c0
ffe4c03fe7a00
0051203fe0d80
ffb2800004d00
ffde100000600
ffbda03ff8600
ff63100020fc0
0087f03fefd40
0054b03fe2e00
ff9b903ff2280
0014403feae80
0041203ffa500
ffc8603ff9740
ffd0e03fe4280
ffde503fe55c0
fff1303fefcc0
ffcac03ffecc0
000c7000145c0
ffd5100021e80
ff57300024100
0052300005080
003e003ff9980
0021900002e40
0056b00010180
ffad803ffd240
ff9f900004740
001f60001d180
fffeb0000a6c0
0019f03fdfb80
ffd0103ffccc0
ffed40000d300
009c803ff4e00
0036203fec880
0091903ff7c80
0096d00003dc0
fff000001c8c0
0044e0000ddc0
fff9a03fdf740
ff7fc03ffe200
00a260000c900
0013f03fec500
ff7ee03fcda00
ffea203fee880
ffc7b0000a140
ffb27000018c0
000ca03ff4780
0027303fe8cc0
ff9a30000ac00
0006a00009280
0075303ff5c00
ffde9000176c0
ffd7400012980
0053803ff4c40
ffffc00006100
fff1d03fe1b40
0013d03fe59c0
fff8c03ff04c0
0015a03ff79c0
fff3b03fff040
003d903fdd140
ffd7303ff8580
fff8a00016f80
00a3b03fed780
004db00007280
0048900007400
ffcc503feccc0
0002403ffe280
007e200008c00
ff9560000e080
ff72400006300
0012003fea3c0
ffac303fe4740
ffee803ff0880
0040b03ffb600
ffee700017e40
ff8b400013900
ffc1900005c80
001fa0000a440
ffdb4000031c0
ffb7500006e00
fff5503fe95c0
0055c03fff780
0017c00013a40
ffc5803fff840
fff8103ff4a40
ff8c503ffbf00
ffb9e03ff4980
0028700009880
fffcf0000b480
000df00007fc0
0042003ffde40
001b90000a800
ffb030000cbc0
ffe0c03ff0e00
002a203ff1ec0
ffd8603ffd440
ffd7e03fff4c0
ffa8203ffe880
0003e03ff2e00
0074503fe1240
ff49400018d40
ff8a600021cc0
005b603fe9540
0014d03ff9e80
00a120001da00
ffde000000080
ffa5a00020100
00a4900015f40
0005e03fed740
ffb740000eb80
ffedb03ffb3c0
001e103fdce80
009c103ffb180
ffd0200008640
ffc09000041c0
0004503ff36c0
ffa8503fe3ec0
ffd5100006d80
ffc150001e340
ffc15000058c0
001c003feb400
001ee03fd5c00
001f803fecb40
ffc4b00016640
fffee03ffdc00
002f803ffdbc0
ff97d03ff8e40
ff56603fe3cc0
ffd6403ffee80
0037403ff5400
ffd5c03feed40
ff95100007dc0
ffe5f03ffa8c0
ffbb800005080
ffe060002c400
004c200014000
fff9900001bc0
006b203fee400
0077d03fe3180
ff73503ff1280
ffbaa0000d3c0
fffbc0000f080
fff8803ff09c0
003bc03fe9040
0070800005c40
006b300010480
0058903ffda40
0036200003fc0
003de03ff8dc0
0068b000107c0
006d703ffd640
ffeb003feaf00
ff8cd03ff68c0
ffdea00013300
0031803ff8e40
fff9403fd5ac0
ffdd800007240
002f503ffe440
ffc8103fdda40
ffdf0000032c0
000d40002b980
ff7b600000a80
ffdc70000f1c0
0004900010800
003ad03ffc0c0
004e100005240
0027a00001e00
0022203ff5e80
0012100006580
ffba500003cc0
ffc7e0000a200
ff89703ffdbc0
ffbac03ffac00
ff4d900015880
ff9260002d740
00963000080c0
ffe7b03fe6d40
ff36203feea00
ffe5b00008400
ffce000003340
000f603ff9480
0011900001300
fff2500001ec0
001c70000af80
fff0600012bc0
0047400006480
0007703ff3040
ff90903ffc040
0033003ffed80
0027f00008280
ffe5603feec80
005eb03ffbd40
005e303ff7500
ffdb303fde980
ffc5900001180
003bd03ffa740
0024903ff8980
004110000b980
00ea303ff4bc0
0045a03fef580
002650001c040
003290000a400
ffec103ffcd40
0040e0000c4c0
0039e00002d40
0017b0002ee80
001fa00027540
0024b03ff7b00
0036403ff8f40
002d700013a40
002f800003240
001c800004a40
007e5000182c0
004a6000176c0
000b000006000
0049503ff2a80
fff3e03fdf0c0
ffdfc00006a40
ffff0000062c0
ffdf903fe95c0
fff3603fe5ec0
ff7bb03ff6840
ff28103fecd40
ff9cc03fef940
ff90200010b00
0006d000033c0
0043003ff9980
0009803fe8d40
0038f03ff75c0
ff57003ffc4c0
ff88403ff2d40
007bc00008d00
0040c000007c0
0055f03fe7600
0042000004540
ff45b00019040
ffb6b0001ffc0
ffa7700020080
0059d03ffd640
00d740001bbc0
ffe150001fa80
ffcca03fe2940
0068e03ffb400
0025003fe8a40
0010503ff0200
0039800015340
0063b03ff2100
fff3900011940
ff86400008dc0
0010503fd87c0
ff5690001a100
ff68a00018440
ffe0703fe7a80
ffc5003ffcf80
ffef900011b00
0021e03ff4540
0007e00012340
002ce0001bc00
0063200020200
0077f00037e40
0071e000107c0
ffc4e03fe95c0
0012903ff1180
006a703ff6a40
000c803fdd740
ffae303fe24c0
ff4b703ffb240
ff97000007ec0
ffe4c00009640
ff7d300009700
ff7430001ef80
005d000016600
002a30000f840
ffc8b00019880
ffcd303ff8e40
0020f03fde380
0063403ff6500
0021500003b80
000c703ffadc0
001a40000e2c0
0025b03ff32c0
fff5600000f00
004230001ad40
0034f00000e80
004d103ff8180
fff1b0000bd80
ffa710000cd00
fffb00000e580
0013203fed840
ffced03fdedc0
fff2a03fed700
ffd6003fe8840
ffe0a03ffb100
ffe9203fff440
0000a00005200
0059b00026740
fff7800023680
ffce200016b00
fffb103ffc180
ffc7700024580
ff8520002db00
ffd2d03ff0d40
0014e00005e80
001cc00003880
ffbc903fe1880
ff99b0000b3c0
003a600026a40
0012b0000aa00
0058e03fd03c0
fff8903fccd80
ff9e000006f40
002da00008440
ffd3700010ec0
ffc4500014300
0036800006500
ff8560000c680
ff6c500009240
0013e03ff8cc0
ffcad03ffb640
0029f03ff7b00
0008c00003840
ffe6003ff6ac0
ff84000018680
ffcca000051c0
004df00009d40
ffe7f0001bbc0
fff5100011940
fff1900006880
ffd2e00001440
000df000049c0
0001800028180
ffae00001a400
ff72800003580
ffb0300002c80
ffa8403ffbd40
ffa4c0001d680
ffce203ff1180
0023d03febb40
0089e0001e080
0003400010cc0
0028600003880
002dc00006080
ffc4a0000f340
ffc1100016980
0068203fe4800
0091f03fdd840
ffdbc0000dc40
ffb9200015f00
000b403ff8c40
0017603fed900
ffe2a0002b780
ffe7b00016040
001c403fddb80
ffcbd0000db00
ffef303ff8c00
0034103fe6080
ffc510000bb00
ffad200012400
ffe8303ffdbc0
ffbb903fe0b40
005e503fef2c0
0023a00004600
ffe4b03fe0040
0052a03ff1e80
fff810000cd00
ff89f03fd9940
003e103fe9a80
0036203ffdf00
001720000f480
ffee80000fa40
fffdf03ffd5c0
0045003febb40
fff1700003ac0
ffb6c00001b00
ff91b03ff09c0
ffad900006a80
ffd1900035800
002ab00002b00
ffc9603fdbfc0
fff4903ff3780
000ef000019c0
ff55503fe9bc0
ffa5d03febfc0
0065800005240
0072a03ffa880
0018303ff4840
003fd03fe7240
003d803fdfc00
002950001f2c0
000a70002ae00
0050d03ffc940
ffc0f03ff52c0
000e903fe9900
001fd03ff2fc0
0028e03ffef00
0002300000240
0059e03ff2800
006c503fefac0
0022803feda00
fff5303ff9700
ff7be03fd9700
0006203feaac0
0003203ff8ac0
ff7b703fdce00
00087000090c0
ffb6900013d80
ff2eb0000fb80
ffdd80001b4c0
ffda10001ae80
ffd6f0000f240
ffbcb03ffe100
fff6603fe3d40
ffcce00000800
ffb3403fddf00
ff9fc03ff42c0
ff70200001980
ffefe03fe66c0
0021f03ff79c0
ff87500016880
ffcb1000095c0
ffead03fea4c0
ffc4003ffb7c0
0029c03ffef80
ffce603fff000
fff3903fff6c0
0005b03fefe40
ffdd903fef940
0048c000018c0
0041c00015080
008f703ffd680
0046203ff7140
ff90f00006180
fff4f00003680
000440001f100
003a80001a500
0079e00004640
ff8d100014900
ff44b0000a800
ffecc00003cc0
0064c0000e080
fff840000dfc0
ffb1903fe4ec0
fffb703fe9740
ffa7a00001740
ffbd900001900
fff2800013fc0
ff8af00010100
ffe0f00006400
000fa03ffc580
ff9e203ff8380
0027400004bc0
fffad03fe1980
ffdb703fe2c40
0001503fff7c0
ffe4e03ffa6c0
0025700003f00
0015c00007a80
fffbd03fe20c0
0024b03ff4540
ffb6803ffc140
0042803fe4640
00bf703fe1680
ffedc03ff4240
00116000020c0
fff9003fff5c0
ffade000017c0
001c500001880
ff9b103ff4a40
ffa2003fe73c0
0071903ffae80
ffe4600011a80
ffdf103ff8bc0
fff560000b940
ffcc40002c5c0
001d103ff6800
ffe8103ff2000
ffaa20000a300
ff8d703ff4300
ff7ca00007200
fff0c0000cb40
0022503ff1b80
0090303ffae00
0089103fec640
0012003fed3c0
ffc4100002980
ff7d000019440
ffa3f0000e2c0
ffe5a0001a080
ffb5400008d00
00a6403ffb240
ffd8b00004b40
fff5d0000b7c0
0076d00012e00
ffe9e03ff9ec0
ffc1803fe15c0
002d200002900
ffff000008f00
0043003fc6740
0033503fc7600
fff3103ffec00
0057703ff1e00
0038603ffc480
ffa3403ffee80
ffe6803fe5b40
ffda700001500
ffca400007640
0071e000018c0
007c40000c040
ff6af03fff900
ffbef03fe0880
001dd00009c00
ffbdf00009240
ffe7700007c40
004cb000131c0
0008603fe66c0
006bd03fe3400
0012e0001a840
00042000122c0
0071100008680
ffd6503fe95c0
0006103fe9ac0
009e100001940
002e603ffe4c0
001540000d100
0076900007cc0
00b2203fd72c0
0076b03fe3bc0
ff95f00028280
001720001a480
005f103ff1dc0
ffa0c00028f80
ff9ee00021dc0
0080a00004180
00670000147c0
ffed203fffe40
ffb4803fe96c0
ffabd03ffbd80
ffc0803ff5680
0022f03ff3840
ff8db03fe2300
ffcdd0000b6c0
ffee900015740
ff6ae03fd3440
ffeb703fec3c0
000a40000b540
ffa6a03feb780
007af0000b040
0051e000022c0
0032703fe5e80
0012403ff96c0
ffbe003fde540
ffc3d03ffc200
ffeef00019400
0006a03ffed00
ffd640001ec80
0026000003e00
ffff303ff6840
ffdfe03ff3d80
000c003ff5e40
0048f0000ec80
ffe3600006c00
fff6103fec740
003e70001be00
0094003fff200
008c103ff1400
000dc03ff3880
ffdbd03ff9dc0
000540001ab80
ffb960003b400
ffca2000083c0
0011b00009fc0
fff5903ffca40
ffe5803fdf300
fff2900011440
ffb74000044c0
0044200001fc0
009d70002f700
ffe4e0000ad40
003d400006f00
004690000c640
ffb3303fdf440
0030703fe2200
ffe9100002880
ff77200010040
ff7cb03ff5040
ff96503ffbb80
004b803ff1c00
0014e03ff9300
ffb450000c5c0
0015a03fff240
ffda200009d40
ffd7a0001aa40
002fd03ff92c0
ffdd900012080
000f50000f980
002c703ff7b40
005eb0000f800
ffc8500000c80
0065803ff1d80
000ff00001a80
ff0b503feee00
ff71a00009680
004fd03ffa3c0
ffe5303ff91c0
0003800023340
ffdfa000025c0
ffc5903ff8740
ffec00000bec0
fff7203ffaec0
0012303ff6500
ffdc103ff8cc0
fff7603fe8240
0058403fe2f80
0033603ff4c80
0025000009a40
ffe5e03ff31c0
ffdbf03fe7d80
ffc0400002800
fffc103feafc0
005f203ff45c0
0029d00000180
005860000e5c0
ffec700002900
ffedf03ffad80
00a5c03ff2c00
008b203ff32c0
001ac03ff6a80
ffdc200006700
000cc03fea780
0007203ffddc0
ffce300017e40
0063400007cc0
00bbc00007680
ffd0d03ffb080
0047303fe5f40
00c3300013480
0049b0001e4c0
fffb903ffddc0
0056200008200
0031a0000ca80
ff84a03ff5f40
ff5f403ff2140
ffa1503fe0680
ffe91000054c0
00333000055c0
0049100002240
0015d00021780
ffbbc03fee6c0
ff9b103fde340
fff2a00007fc0
ffe4a03fffd80
0063200015200
006b100010ec0
000660000ff40
0019e00007a00
000da0000c080
002c500003480
0024203ffe600
001d700008300
000bd03ffa380
ff981000099c0
ff85003ffbac0
0046603fed140
0043100008a80
ffdd000008a80
ffb6a000027c0
0032b00009140
ffff000000840
0008900004e40
0019900001480
ffeea03ffcb40
0062a000109c0
ffdbd03ff8540
ffb8e03feef80
002f603ff3c40
ffc1803ffacc0
003040001d640
0048c00006440
0004e03ffc7c0
006330000f8c0
0081f03ff8080
ff90603ff22c0
ff95903fd1d00
0046303ff26c0
004a70002bcc0
ffd1e03ffafc0
ffe0900009600
0022003ff7780
fff7003ff21c0
0032b00010740
ff8b300005e00
ff8d503ff7800
ff9d1000272c0
ff6e900006800
fffff00004840
fff5900004c40
ff71100002f00
ff37c03fde8c0
ffcc903fffd80
0046a00002300
fffaf03fd4740
0063000007ec0
0082a00016b80
ffa9d03fe87c0
ffd890000e300
004450000d3c0
ff8fb00014840
ff84d00007c00
ff89000006ec0
00068000226c0
0039300006dc0
0009b03ff2f00
ffa4f000038c0
004e303fec580
006e900014400
ff95d03ff1e80
0000b03fedc80
0091800013b40
ff9de03ff1e40
ffdc700004400
000360001d200
ffc2503fe6140
0027503fef900
0078a00002700
ff9dd00002b40
ffeb400019d00
006ad00005440
0011d00004180
003f700000180
007de03ff1b80
ffaa103fff600
fff4c0000a8c0
001a903ffe300
ffe9300006180
001c200006100
ff45e00009340
0005f00015780
ffe80000077c0
feeda0000fd80
004cf03ff5880
0051203ff5880
ffb2000003c80
0033e000002c0
ffe2d0000c840
001530000bb40
004bf03ff8480
0006f00008740
ff9a60000cbc0
ffac403ff67c0
007fd03ff6800
fffe50000c740
ffbda0000a6c0
0029103ff7700
ff94d03fee8c0
ff7c400013e40
001f700012a00
ffeca03ff7b40
ffd5f03ff9d80
fffc603ffad40
005ae03ff74c0
0073900001140
005eb03ffedc0
00bef03ff3740
006e903ff7a40
0033500005540
000f400006700
001700000a340
ffd8f00012380
002bc03ff95c0
0075400003480
ffafa03feb2c0
ffcfb03fe67c0
0023800003dc0
ff84803ffc400
ffd8000011780
004ad00017380
ffc8d03ffd480
ffd9b0000b340
004db03fee500
0001e03ff65c0
ffa54000119c0
ffe6c000085c0
0045f03ff8b40
0012b03ffcfc0
0084b00004980
0014300005640
ffce00000a940
000e900013440
0071700002c80
002fb03fec240
fff6203ffa380
ffaf000013500
ffe6d03ffcd40
ffd08000021c0
ffd7000021640
fff9a03fe2e80
0023003fe7e00
006a400013840
ffb1903fe5540
ff80303fe1a40
ffc2800007840
ffe6203ffbe80
ffd1600010340
ff8ec00004040
ff1a903ff2bc0
ffeb100003fc0
006cd03fea640
0069c00002080
00462000121c0
000e803ff9c00
ffdd90001d240
ffd5500012e40
ff92403fe6a80
0007003ffd800
0025903fd7300
0003d03ff1300
000cd0000cd80
fffdd0000a2c0
008ef0000ff80
0057303ff0580
ff72f03fd9800
003b2000129c0
00ba500015440
003db03fe8e00
ffb8903ff7ac0
ffcdc03ff6040
ffcf400006b40
ff61f0000f580
fffc203ffebc0
0024c00007340
ff9f203ffbac0
fffb700001240
0004203fdca80
ff92803feb480
0051f0001fa00
0049e0001a840
ffb0603fefb40
ffe310000a680
ffe040001f180
fff0a03ffbe00
001e303ffd180
0022703ff2c40
ffdb503ff1fc0
0017a03ffa940
002730000cac0
ffc7400023340
ff92200008140
ffd3803ff4980
ffd0e00004880
000b703fed640
008f60000d400
000980000ce80
0017503fed1c0
0010f00008900
000900001f000
004cb03ffa400
ffeaf03fda740
ffd9403fd8b00
0041f00007040
0025700020900
ff7dd03fe22c0
001c203fed1c0
008b600010d00
0058700009dc0
ffa5300005840
ffb0a00008f40
0019103ffa280
ff79e03fdcb00
ffcc903feb900
005e40000e1c0
006450000bc40
0050703ffec40
ffebe0000a7c0
001cd000125c0
0064c03fed600
0062603fe1300
001d503ff5740
006ae03ffc080
0014703fdf740
ffd8403ff0fc0
ff76a03feb080
ffd5803ff7d80
00e2f03ffcb80
0057603feef40
ff75e00012f40
ffb3400027880
ffc1100010d00
ffa3803ffa880
0074703ff8480
003f203ff0c80
ffd4b03ff6980
0077d03fe7fc0
fffcf03ff6000
fff030001a8c0
0026b00016980
004d103fd9f40
0089803fcf780
0039700003c80
fffce00013340
006d20001a780
ffff103ffe600
ffc6b03fea780
ffcfd000012c0
0033f00006c40
006330000cb80
ffcf500004e40
000fe03ff6040
fffcf03ff4800
002320000ce00
ffbea03fff540
ff7a300016000
009db00020b80
00c2f0000e480
002a5000011c0
002af00008400
ffea003ff9400
0022800005600
0029003ff3d80
ffc8a00004880
ffeaa00018580
0022103ffef80
001d300005100
ffb310001a940
ff2fb03ffff00
ffba703fe8d00
ffc6803fef480
ffc5303ff5cc0
00465000049c0
0017a00000d00
ffcef03ff9940
ff70e03ffb8c0
ff9b303ffeb00
0023b03ff7f40
008da03fda700
002fc00002740
ff7950001f840
ff69003ff4f00
ff93803ff3d80
ffb530001e440
ffdb5000256c0
003e40000be00
005ae03fffdc0
ffc4003fdfa80
ffdb003fe7ac0
003240001c6c0
ffc6b0001c8c0
fffdc03fe3d00
ffabb00000140
ff7430001b400
ffae603ff8740
ffeae03fe8fc0
0055a03ff39c0
002fb03fdfb00
ffbf803ff0c40
00191000050c0
00731000145c0
fffb100002000
ff8af000141c0
ff86900014780
0018203ffd640
002c103ff6700
0007500000380
fffe103fd0380
ffda103ffab40
ffe0000005740
ffebb03fe3740
0056d00029ac0
ffe6800023d40
ffe2903febc80
00a0e00029900
0028400023d80
ffb8300000940
ffc3e00018ac0
ffbbb00008440
0002203fe0dc0
ff79803fddd80
ffb1103fdca00
fff2e03fff080
ffc690001e800
002470000b800
006c700003ac0
006f000009f40
008d9000254c0
0003403ff6540
ffe6603fdd900
004ec03fea6c0
ffd7103fe61c0
007cd00002400
006970000c340
0043700006440
006c600004340
ff8800001a980
00165000166c0
0062503ffd040
ff6c30000c880
ff81400037200
003ae00031a40
0031800019e80
003ec03ff7dc0
0010c03fe6800
0097a03ff32c0
007ce03fdbe80
ff5f703ffbd40
ffa5600008d40
0008b03fe18c0
ffb5503ffcdc0
00190000213c0
ffe6200019880
ffd2400010840
0045103ffcb00
ffe7603ff72c0
001dd03fffcc0
000ea00004e00
ffa0100018940
0018500024780
ffe9900000b80
ffb1503fe0680
0010000005bc0
000d1000202c0
000d500019a00
ffd9003ffb800
fffa603ff4800
ffefa00011600
003b603feef00
0063d03ffed80
fff8103ff1f00
000a703fe6500
005210000ff00
000280000ee80
003de03fec080
0012100004780
ffef000007b80
0042700005900
0023900010680
0018a03ffb480
0046e0000f0c0
001440000d280
00098000164c0
ffdfa03ffc880
ffebf000095c0
0056f03ff85c0
0034403fc4cc0
004d703fe3b80
007a900011900
ff89803ffba40
ffc9203feefc0
003c203fe8fc0
0018903feb680
0084703ff9a00
ffc810000cb80
ff3ae000097c0
0006f0000a340
ff8c30000b000
fffef03fffd40
006890000bcc0
ffd890001b3c0
ffaf303fe86c0
fffa103ff9100
0024c0002a2c0
0059e03ffe3c0
001f900003600
00172000082c0
ffddc03ff3440
ff9cf03ffee80
ff9a600001d80
ff89703ff3a80
000e003fdc240
001ea03ff3b40
0058c03ff8b80
fffbd03fd5740
ffc5403fed8c0
0021f03ffb880
fff5803ffebc0
ff76500014cc0
ffba903ffc740
ffd8b00000dc0
004230000c480
003f003ffd740
000cb00005f40
0019b03ffff40
ff7500000b7c0
ffb2303ff6700
ffa8003ffd0c0
004be00024680
003fb00017280
ff2ca03ffb500
ff3f003fe2d40
ffee003fd1f00
003c800007dc0
003860001a280
ffc2d03ff8940
0005103fe4cc0
0033f03fe9e00
0017003ff0800
003df03ffb540
000e803feb700
ffb5a00006880
ffa7b000169c0
fffb303ff5f00
001b703ffa380
fff6300009580
ffcb800006040
ffc8300014300
fffc300008100
007ab03fd3240
fff7b03fea2c0
0020500000fc0
001f000010ac0
ffdc700006ac0
0043803ffa200
001f503ff64c0
000310000e740
0052f00020280
001a0000104c0
00752000108c0
ffcda000022c0
ffdd500004c40
00e9700004d00
0070903fe3440
ffd6803fe0480
ffdbb03ffea00
ffbdb03ff6180
ffe9f03ff5d80
ffa4800011540
ffb780001b300
001ea000023c0
fffd203ff7a80
ff82400008100
000630000dac0
000740000c340
ffcea000191c0
0017903fec380
ffefe03fdcbc0
ffce60001fc80
ffdb40001c5c0
ffb1b00008500
ffe3a00004b00
0022000007200
00290000097c0
ffb9203fe8380
ffe1f03ffcdc0
004e503fdb100
ff91d03fdba80
ffd490001b2c0
fff6200002500
001ff03ffb000
00561000096c0
003de03fe7680
ffeb703ff3ac0
fffed0000d480
0002703fffd80
008820000a140
002bf03ffacc0
ff9a803fe4380
ffd2700018b00
ffe7c00022700
0015403ff6d80
000ff000011c0
ffa0600023800
fff8b000085c0
ff34a03fff7c0
ff92000011280
0044f00003800
ffb3b03ffd540
ffdf20001b680
001b103fff900
0035d03fd4700
ffd6f00006a80
ffcf403ff8c80
0005e03ff3e40
fffb100009200
0016f03ffdec0
0094603ff8940
fffc000009ec0
ffe1903ffda80
fff3f03fecec0
0002800005580
ffc650003cb40
ffacd03ff0e40
001c303fd6980
ffbb20000e7c0
ffa3c03fed580
0046a03fea900
0019a00005fc0
ffe0200004040
ffbaf03ff8300
ff94e03feee00
0041703fed400
ffb4500001480
ff8b903fe15c0
0041503fed940
0058103fe4b80
0041b03ff2880
fff9d0001bbc0
ffeac000200c0
ff9ee00000980
ffe9403ffec40
000520000ad80
fff7100010880
ffe960000a640
005bf03fff680
0091903ffce00
0020403ff6140
ffe6c0000c400
0095b0001b380
fff2200015500
fff3703ff8280
004bb0000fc80
ffc81000078c0
0071e03ff4440
0051c00009ac0
ff47800004fc0
ff9a000009b40
ffa4100004800
ffb2703fecfc0
fff6300008e40
ffdc3000074c0
0025f03fecb80
ffd3303fffec0
ff8b203fea400
000db000093c0
000c90000ca40
0005e03ff5440
001470000e440
ffcd900006bc0
0037f00001d80
003fd00013a00
ffcac000072c0
ffcc003ffb1c0
0041403fe5d00
0010803ffcf00
ffbf500014c00
003be0000ad80
0020600004500
fffd503fdf000
0021c03fe2d40
ff70d00009680
ffa9003ff9a80
0048f03fe9a00
ffae6000054c0
ffee203ff65c0
fffb003ff5240
ff51b03ff65c0
004ac00002c00
0057c000024c0
ffe9e0000f9c0
ffff4000124c0
0014300028140
004a500000400
0056d03ff0b00
fff080000aa00
ffdb2000011c0
ffb8203fe78c0
0037303ff9f40
000d800011080
ff9d30001ff00
ff86303fed840
ffea203fe4800
00ab90000fb40
005b703ff6e80
000d503ffa140
ffd8a00026200
ffa2c03febf80
fffe603fd9f00
0009603ff3f40
000e203ff4ac0
00a4e00003f80
0011d03ff2380
ffe3803ff4440
008ac03ff2b40
006de03ffb580
ffe7c03fff700
0047603ff2b80
00302000054c0
ff5380001c480
ffc5603fff880
0010803ff1500
ffe8200014440
0044700015880
0002400002700
ffe400000e140
002720000f900
ffc2200016c40
ffc6100011c80
fff6900002000
ffa6a03fecb40
ffe9303fe8c80
fff0c03fe1dc0
0004203ff76c0
0011303fedb80
0001803ff3280
003bc000045c0
0012500007b40
001dd03fd1300
fffb503ff6200
ffa2c00004b00
0015a03ffab40
0032d00008dc0
005b000012340
002f503fe9cc0
ff54b03feae00
ff814000157c0
ffe860000c3c0
ff5e30001aa80
ffd3f0000d540
003dd03ffccc0
ffe2b000133c0
fffe2000092c0
0003403fe7500
0037003ff0380
fff500000e540
007f40000a5c0
0045c0000a940
0014c03ff6180
0042b03fde140
fff5703ffd680
0020c0000b4c0
fffcf03feb4c0
ffbd703fe5600
0026f00010480
002d00000f0c0
ffbed00011bc0
002250000dbc0
001f300015700
000f80000bc40
ffddd03ff6c40
ffbcc03fd8f80
ffa8603fe3d80
0023000008a00
004eb00001f00
ffe5203ff9800
0020900001fc0
003cf0001a380
004e700019380
ffe6500008580
ffeb503fe4080
fff8403ff0540
ffd4600002e00
0004f03ff0600
001b80000e800
ffef00000cb40
ff91603ff6080
ffe3d0000c240
0022e03ffcf80
000be03ffc840
00ce7000181c0
0075b03ffbf80
ffeee03fed780
ffe4a03ffbf40
ff9d303ffaa00
ffc0600017880
001ab03fecfc0
ffeed03fe9a00
ffe7100012080
ffb8503fe3880
ffe8603ffc3c0
ffbc10001bf80
ff86203ff87c0
ffeed03ff6500
0099003ffe380
0081103fea900
0050103fee900
004ac03fed580
0043503fefec0
ffbe003ff07c0
0009e03fe6900
00b3703ff9b00
ffa290000da00
ff6bb03ff8580
ffc1003fe5c80
ff85800000f40
0008503fff980
ff98903fddbc0
ff1ff03ff1700
005b003ff9380
0050203ffe040
ffdde03fddcc0
ffd6503fe9140
ffc800000db80
0054a03ffe740
0038e03ffb580
ff94300013880
0030f03fe5dc0
0039c03fef980
002c80000a7c0
000cb0000e680
fffa200003680
ffb2003fdcf40
ff3aa03ff6740
ffa400000a780
0095403ff49c0
004b303ff2d40
ffecf00002440
ff9cf03fec200
ffe2c03ff6a80
0073500008a00
ffb030001a740
ffa4a00014b00
0045b000104c0
ffd1c0000ba40
ff7b400019bc0
ffda100006640
ffea900020640
001fd00005f40
0082103ffeec0
002110001e000
0098100020000
009cd00017f80
0023a0001dd00
0007203fef180
ff8bc03ffef80
ffbe300003e80
fffc303fe5280
ffb9a03ff2240
ff9e500014fc0
ffeb90000ae40
004a203fff300
fffda00002340
ff7480000d3c0
ffe810000c6c0
ffb7403ffe380
ff50c0000b840
0018b00005a80
005db0000c100
ffed200009700
0061203ffdd00
006d703fe6800
0020d0000e4c0
0033d00042c00
ffdd603ffffc0
ff8c603fe5fc0
000a703fe8840
0052600005040
0009e000304c0
001e700002500
003410000a800
ffb5300027d40
ffbb403fe71c0
005a103ff19c0
0073c00022880
0024000011800
0046a00003640
001d103fee0c0
ffb8703ffcec0
001c603ff6340
0014a00004100
ffae7000108c0
003a003ff9a40
0013503ffba40
ffc5f000196c0
000ac03ffef40
0015300002ac0
009810000d200
007b700006fc0
ffca10000b440
0005c03febbc0
fff040000b600
ffccd00013340
009fc03ffdd80
00b21000106c0
0081103ff9fc0
fffe80000e100
000620001fb00
000160000b3c0
003d300007fc0
002730000cfc0
0079800014c80
003ba00018fc0
003d500003380
007b300012280
ffadc00003800
ff94a03fe5c80
0095003ff4380
0032c03ff0c80
ffa2f03ff5dc0
ff9ca00007180
0033e00020a00
009ce00005a80
0018a00028ac0
ffa2300018dc0
ffc270000e640
ff5c303ffa840
ffab000006340
001960000d640
ffd2100019b40
ffeeb00000680
00add0000a240
0044700011bc0
ff41200008c80
ff94300000d40
008ad03fda640
001ea03ff19c0
ffda500004980
ffdb900009c40
ffe55000159c0
0060103ffc380
ffc2903ffee80
ff9330001a840
0003e03ff6a40
ff9970000e3c0
ffe8500005bc0
0006903ffe500
fff9600017240
ffd7b03ff5600
fff5400018d00
008330003b000
0022803fe6580
0052f03ff1bc0
0043403ff6480
ffb6603fe4640
ffb6100012700
0000600022140
004ae03ff9c40
fff4b0000c100
001ee03ff2700
0079203ffd300
0046f0000ca00
001fd03fea5c0
0012403ffd340
0002a00019980
004ab0000f8c0
fff2200004980
ffec603fecd00
0047103fdf900
ffdee00004880
fffcc00011800
ffcf4000026c0
ff79503ff9e00
005a000008900
004bf03ffefc0
0032003ff6a80
006ae03ff49c0
ffe1f03fed440
0019503ff5a40
0022103fff400
002fa03ff6700
0016903ff0ec0
000ed0000d540
001cc00007a00
000b803fef6c0
ffe430000b200
0040203ff3540
003ea03fe5e40
0053103ff9c00
0020303fe13c0
0028403ffbdc0
006fa0000e1c0
ffdcd03fef080
fff2c03fef480
0013c03ffe300
ffe9b03fec040
fff8203ffed00
ffa8400020940
ffc6b03ffb900
001b50000fd40
0008100024540
ffedf00010840
ffc1e03ffcf80
fff0203fe4080
0027f03fe9400
ffcd50001c340
003b100018a00
007fb03ff7240
ffe4a00001dc0
ffb6003ff3300
fff6d03fdfa00
0048100010c80
002f30000f700
fff9d00035a00
0085900033b40
0092003ff7140
ffb3100008dc0
ffda803ffc2c0
00d5403fe38c0
000390001b6c0
0036303fed880
008fe03fd99c0
0022100016640
0036b0000e5c0
fff3303fe6080
ffb0603ff8f80
001ff03ff9000
ffe6a03ff7300
ffec703ffd1c0
0058903ffaf00
0013703ff8580
fffee00010700
0006d0001ca00
0048600010e80
ffbf303ffec80
ffbf203ffc080
0017c03fffa80
000de03ffd2c0
003f303ff2080
fff4d03ff4300
ff4e500000800
fffdc000036c0
ffe1203ffc500
ff48900007e80
fff94000221c0
004da03ff3b80
ffc6d00005840
ffaf003ff7140
0012b00007a80
ffd2300015e00
ff69f0000d3c0
00545000068c0
00bb70000bc80
ffb2503fe9d80
ff99603fe68c0
0021200005940
ffd8e03ffcc00
ffcbf00011b00
004c503fea500
002a703fc4a40
0030b000051c0
005ca0000c200
00b9303fe5ac0
0069803ff2e40
fff8c00013200
ffdeb03fda980
ffe3f03ffc140
ff6f00001cb40
ff79a03ff7880
006f600005b40
ffd4f0000ae00
ff51400001a40
fff9d00005f80
00303000068c0
0026303fff4c0
0025000002400
ff67903ffa500
ffd940000a8c0
001e200009180
0074b00006780
0088303feb3c0
0013200006000
001b600006480
ffde103fe1dc0
0038503ff2340
006550000a7c0
ffe8400001cc0
007370000bbc0
00e7303ffbe40
0051803feba00
007d303ffc0c0
002ad03fdfe40
ffe2803ff2440
001d90001fb40
0040000001880
0080303fe6f40
ff887000043c0
ff7a90001e180
00abd00004940
fffb203fed7c0
ffe7300000b00
0090b03ff4c40
fffdf0000fa80
ffb8f00002400
0014803feed80
002cc03ffe4c0
0000f03ffcd80
ffd1c000288c0
004f80000c740
0083a03fe4240
0042303fdab40
fff3703fe3840
ffd3f03ffedc0
0019403fe7dc0
005dd03fdef80
0011e000043c0
fffdd03ff9440
0010a03fed0c0
fff1103fedd00
ffa5203fe0300
0045d03ff18c0
0042e03ff30c0
ff8c803ffd480
ffe0a03fe5540
ffe7303ff5480
ffd6500012ec0
000d603fd0c80
002a603fdc600
fff72000091c0
ff84c03fe6080
ffd9f03ffc340
fff6f03fe3700
ff69c03fd6040
0011b00000ac0
0029303fdfc40
ff99800009b40
0024800006f40
0022703fe7280
ff5b500001f00
ff91e00003d00
0053f00010040
ffde3000024c0
ff62703fe2480
003fd03fecc80
0028503ff17c0
ffb0500013380
0083303ff97c0
00a8803fe7540
fff3f0002b580
0010f03fef4c0
008bd03fe0ac0
0076200034d80
ffda40000f400
0016c03fef740
ffdd70000cb40
ffbd403ffd940
0044d00015040
fffe000001ec0
ffbd003ff5480
ffe1700024c80
00531000023c0
fff1103fe1cc0
ff8aa00001f00
003f000004300
007c30000e740
001810000e7c0
004ba00000a00
fff8a00015900
ff7fa00005a40
fff6003ff2340
002dc03ff3a40
004af00019280
ffe0a0000ef80
ff99d0000bb00
0025b00001b40
0005500006100
ffc2e03fe8540
006e503fde8c0
ffe5903fe5b80
fff1103ff2cc0
0065d03ff8300
ffdb30000df80
00034000280c0
002f10001fdc0
ffb9b03ff0880
006860000e440
001c00001d280
ffec50000fa40
003c503ff4900
ffffa0000a580
0072700014080
0043603fef380
ffc4903ffe800
0034303fff3c0
0010703fdf940
ff6590000aa40
0002500010bc0
fffab03ffc300
ff64000005c80
ffd5603ffef00
fff7e03ffa740
001650000cb80
0047203fff400
ffa7403ffcb80
000460001a8c0
00a7600012e00
004ce00002b40
0039d03ffe3c0
0063203ffd2c0
fff7703fe51c0
ff55003ffcb40
fff7a00015600
001590000bc80
0033100011700
fff29000026c0
fff6803fe7140
001620001f4c0
003480001af40
ffd3403fd9e80
ff76e03fef240
ffb6400001600
ff86c03fd5700
ffeea00009c80
003e103ffee40
0032b03ffd640
ffa92000418c0
fff7f00008e80
0065003ff6000
001f50000db80
ffd9b00004d40
ffc7400009a00
ffe1b000134c0
ff7c203ffa840
ff91403ffa440
ffdb60000f740
001b703ff5a40
0037d03ff1cc0
0054b00018dc0
0039a0001e480
ffc5b03feac40
ffbad00019f80
002d203ffbd00
003ef03fffb40
fff0f00008480
ffc2303ff0e00
ff8d503ffc0c0
ff779000084c0
ffd4400008000
00123000190c0
004b303ff2c80
0044c03fefbc0
0030d03fe6e80
0030b03fe1700
ffbec00015ec0
0027903fe1300
004c603fd4180
ffa47000032c0
0001f00009000
0040f03ffcf40
ff86e03ffd640
ffc4b0001d780
ffca000015480
0029203feffc0
ffd9d00002500
ff8cc03fedc40
0033e00006140
0025600009700
0071503fe0d80
0025000009d40
fffa100019fc0
00ad400002f80
ffc5c0001fb80
ff9c800018a40
0062203ffac00
ff42f00008400
ffa3b0000e180
00ace0002fd00
ffe9300009340
ffd3f03ff7ac0
fffd303fede40
fff8a03ff1d80
0013e0000eb00
ffb3d03ff2fc0
ffa0e03fd6780
000f100002500
0002503fe8840
002b903feb5c0
ffbed03fef580
ffe1f03ff9280
0002900011240
ffe270000e780
0040603ffacc0
001a003ff5040
003e200000940
0043f000126c0
fffe80000b200
0017700009880
ffe5b03ffbb00
fffff03ff6b80
ffe5000016d00
005b100004c80
0065903feaa40
ffecb03fee4c0
ffc1a03ff4ac0
fffb30001cb00
005b103ff4240
ff9f703fd6ec0
ffea000012880
00af800007d80
0003903ff5b80
ffde500022500
ffe9503fff980
ffbc003febfc0
ffcf600001ec0
ffb4700009f40
fff4403ffb440
fffa503fec800
0034d03fead00
0039200005e00
ffef503ffd140
ffc4900006100
000fa00019100
ffd200000a680
0016300007c40
0029a0001d1c0
fffd10000a0c0
002d000000c40
0002a03ffaac0
fff4c03feefc0
0098b00007480
0039000007f40
ff2ad03fe8a00
ffd7903ff8ac0
004ee03ff3a40
ffd0a0000aec0
000bd0001d540
000d203ff7700
ffa4c03ff7000
ffe0300014100
ffdec000095c0
fffa8000037c0
0007a00005b80
000bc00013ac0
ffdf203ffaa40
ff84803fed800
0020b00007340
0073e03ff2040
ffeb90000b740
000f50001b880
0007203fe7ec0
ff4d303ffe800
ff60100002bc0
0014503ffecc0
0099103ff0e40
fff6303fc8080
ffce103fe6940
003a20001c280
fffec03ff3540
ff9a803fff600
0084500007700
005c503ffffc0
ffcff03fe5d00
fffcf00010dc0
005650001dfc0
0021003fda040
0056903fe4580
0025703ffaf00
ff91503fc7800
0024103fe5340
00a230000bdc0
005e503ffa380
0068b03fed2c0
ffab103ff8580
ffbc60000d500
0074f03ff3fc0
0030103fed080
0028900000d00
ffd2e000003c0
ffb0903ffd980
0010c03fee900
ffb8c03ffee80
ffd150001d040
0031a00003dc0
0010103ff9140
ffe3900015040
ffdfa00029a40
ffe890000f0c0
ff92903ffb140
ffc580000f6c0
000fd0000a140
ff7d103ff6c40
ffe590000adc0
002b003ffa3c0
ffff603fe9600
002ab000037c0
ffa0500007d80
ff80e0000b140
ffd8503fff980
ffb6700007200
ffd4103fe3940
fff5e03fcd800
0012800001e40
ff7ba00014780
ff80900016d40
fff90000241c0
fff2603ff9500
004ce03fe6040
007a903ff8d40
ffdb403feac80
0043503fffb80
003fd0000f040
ff9a703ffb640
0018000000200
0066500011e00
002820000ed80
ffe2803ffd440
0014300006340
005ec0000e6c0
000c900015580
fff5600002b80
003c803ff2380
0020d00002540
0037f03fe3f80
0047903fed380
003250001e9c0
0045200036600
ff3df00016a00
ff87d03ffbd80
0055503ffaa40
fffaf03ffcac0
ffa4603feb880
ffead03febb00
0034603fe5200
0004103fedbc0
0006c00027700
001b903ff0500
fff7f03fdd440
ffe9303ff6f80
ffde503ff8500
0007e0000dec0
004ed00010e40
0004003ff6940
0026403ff7700
0081403ffda40
0007603ffacc0
ffd21000047c0
ffef503ff27c0
ffb1e00013680
0032c0001bbc0
0010803ffc280
ffa6b03fe3480
ffb1c03fee640
001d40000d700
ffca203ff4c00
ffc8903ff7500
fff120001a500
ffc5700007080
000090000a980
ff8bc00010f80
0045803ff5e00
0028b03feed80
0024b00004d00
005d203fe4a00
ffe7a03ffdec0
007e700009900
007f00000ee00
ff7f900015bc0
003a700001440
0011403fca040
0083d03fe0e40
00b3b03fed640
ff58c03feb580
ffe4e00014d80
007a500001e00
ffe8300004680
003dc0000cbc0
006c803ffb800
004de00003b00
007a103ffe740
ffc0603febf00
0000f03fff2c0
0016c00008900
ffc1203ffeb00
ffa3c00028240
ffbd90002adc0
ffb3400005300
002dc00004780
0070300021480
ffb2e00000c00
ff82703ffa400
0010f00002ac0
ffde503fecfc0
002d4000048c0
0070b0000a980
ffdc700001b40
ffd7b00003580
ff86303fdd700
ffb8203ff2600
0023c00016c80
006d203ffcd00
000b003ffb080
0026800009d00
0041203ff7800
fff3f03fe4240
ffd4d000074c0
003220001fac0
ffbe100012f80
fff0c00007e00
0005e0001df40
ffdaa0000ebc0
fffc20000b940
ffdd10000b340
fff6f000188c0
001a30000fe80
ffecb03ffecc0
0064c03fec8c0
004ec0000c380
fff680000c280
002c903ffe880
0042500006380
00c4903ffb740
007c103fea400
0002500009dc0
001ba00002240
ff76b03ff9480
ffe7700001f40
ffef203ff7b80
ffcaa00005c80
0012e00021780
ff98d0001dac0
ffd9e03ff5900
0064c03ff5200
004170000d1c0
0010503ff0680
ffc2403fefd40
0042103ff1840
0031c03ffe500
ffa9400013800
ffa5903ff3900
ffc6103fd9600
0042403ffda00
005c203ff2500
ffd0403ff6680
ff9cf03fffac0
ffd7c00005f40
0004c000054c0
0037103ffbcc0
fff1703fed680
008b103ff5200
ffe6e03ff57c0
ffd5b03fff100
0053a00003940
ffe8c03ffa100
ffcf000003780
ffd8203fe1e00
ff81103fe6540
000b40001b980
0033100013b40
0013000002cc0
00267000221c0
ffd820000a3c0
ffe7503ffd9c0
ff88900009600
ff67103ff4680
001f103ff7b00
0069900008940
0052f00000c40
002b00000c740
ffb1103ffa8c0
ffa7700001a00
ffee400019740
0057003ffa100
ffa2903ff0c40
ffc2703ffce40
ffa8f03ffab00
ffc1b00006b80
0023103ffbec0
ffd0803ffd300
ffafc000051c0
ffba100001080
0024a03ffb280
009a700010180
ffe2303fe7780
ffca803fe5a80
00876000030c0
0084703ff7880
0018d03fe7980
ffb5a03ffe340
0005d000071c0
00aa703ffbb80
005e103ff1940
0022800016dc0
0037c00008c40
ff97c03fe7080
ffedb03ff9480
fff480000b940
ffdf303ff7fc0
0037603ff8e40
00214000096c0
000cf000002c0
009dc03ffa640
004410000fb80
006480000a5c0
001d103ffbdc0
ffb1903ffb6c0
00a4903ff8140
fff2a03fe05c0
ffe3c00017f40
0046400008bc0
fff0b03fe0fc0
0017c00015ac0
ffc2400029740
ffd2a00013c00
00b7800006900
fff4103fe8680
fffed00006180
007fa00008c80
ff8fb0000e6c0
ff5a70001c640
ffae903fed240
ffbe303ff7e80
0039f0001c380
0027003fe39c0
002a103ff8840
ffb1403ffe540
ff44b03ff9fc0
00013000212c0
004dd0000b640
0062903ffd940
0023500025080
002630000e240
ffa1800004280
ffa5a0002a440
003ed000120c0
008e000002980
001890000cb40
003e60001f3c0
0044d000008c0
005e903ffd280
0011e00005d80
ffcb203feaf00
0002203ff0600
ffd1000006d00
0050c03ff6cc0
0018903fed840
ffa0000003680
ffd5903ff60c0
ffe1603ff1cc0
ffc100000f000
ff9210000a900
ffb56000013c0
00365000081c0
ffc4803ff2780
ffe2403ffbc00
006da000172c0
ffa6600027440
ffd150001b040
fff1203fe8840
000cb03fce700
002a700003980
ff90b0000fe00
ffc9c00004340
0062003ffd680
ffb0503ffa240
fff4b00002f40
ff85300012c40
ff9e700010200
003d200016580
ffc4b00016080
ffc5003ff0fc0
006ce00016e00
0075b0001a180
ffe8d03ff7900
0025b03ff6e40
0044d03ffa780
fffdd03ff3b80
000b1000166c0
0012900016340
0007f03fe8540
ffae403ffbe00
ff86500002b40
0034403ff2bc0
0042600004200
ffcc800001d00
0018203ff8140
0019903ff7ac0
0078e03ff4dc0
00203000028c0
0005403ffbd00
004d103fece00
fff5d03ffa3c0
0025d03ffcd00
ffd860001c180
fff8500022880
0054703fede80
ff75f03ff4280
000c603ff9f80
007b703ff04c0
ffab803ff4ac0
ffb19000055c0
0005203ff3300
ffe8803fec7c0
ffd5f00019580
ff7ca0001d200
ff6d803ff8c00
ffb3900015900
003260000b340
000c703fffec0
ffd560000cdc0
ffd2203ff0840
ffb0b03ffa1c0
000aa0000d640
ffd7700000940
ff9e400007680
fff9703fecf00
0074003fdc880
0031600008340
0037c00022200
ffb46000206c0
001fa00010240
fff7900003300
ff89c03ffecc0
ffe6700001b40
0013a00006480
0000503ffd500
ffde603fd28c0
ffb9103ff1280
ffe830000e0c0
ffe2703fd4140
0024c03ffb480
ffd88000186c0
ffa4b03ffd580
001710000be00
ffc0003fed6c0
ff56903fdfac0
ff4f800001ac0
ffa6103ffe980
ff81f03ff0340
ff9e303ffe280
ffde503ff1400
ffa7903ffcf00
fffaf03ff5f80
0067303fdce40
ffda103ff99c0
0038f00025e00
0038e00012f40
ff76e00004900
ffc7103ff89c0
ffde400008240
fff2900010f00
fffcf00018780
ffbae03ff2680
0026e00009180
ffbc900001800
ffa6f03fe6700
ffd5703ff8800
000f703feef00
003c203fed400
0016c0000fe00
ffe7a03ffb740
0001403fe5540
ffa4103ffc680
0021b00013180
ffb9103ff8480
ff73b03fe69c0
ffeb000002e40
ffce6000031c0
ffed603fff740
005450000b800
000b20000d680
ffbc403fea980
ffe1900007440
fff6700020600
0007903ff5c80
ffe0e03fde480
ffabc03ffde80
ffcb900004d40
0012e00005b80
ffb0f0001d7c0
004f403ffa240
003a200000480
ff92d03ffc1c0
ff99d03fddb00
ffe6900001340
004e800006400
000c803ff9b00
ffb3b03fed380
006a903fece40
004570001be40
ffc8100018380
ffc160000bec0
ffb4a0002dd80
008b100009500
009d203fe0d00
ffde203fe3780
005e903ff4c40
001ef03ff7440
0004a03ff7940
002fe00008300
ffa2c03ff2d80
0015803fe8fc0
0074800024a80
ffc9400016640
ffb7a03fff080
0014003fecc00
ffed203ffe600
ffc0103ff6fc0
000c603fd62c0
0005103fdc1c0
00168000191c0
ff825000050c0
ffabf03feb2c0
0070f03ffe240
0087503ff1f80
0044803ffe500
0090103ff7500
00a6900000ac0
ffdfd00015300
ff85a03ffa680
ffb8b03fec400
fffba00014580
ff77603ff8740
fffc603fdb680
0071603ff7d80
002e503ff7d40
ffeb60000f8c0
000f200011880
003df00013ec0
fff8e00024900
ffa58000064c0
ffac503fe3d40
001270001c4c0
0007a00003680
0003003ff6c40
0091a03feab80
0014603ff2640
ff66c00025000
ff7b400032600
0049703fecfc0
0069503fea6c0
0016a03ff0040
ffb5503fe32c0
ffe4e03ff1c00
005620000ae80
003d903ffcd00
ffee200008480
00a6c0000a100
0092400003900
ff5a700015780
ff96200015a80
ffc4103ff5300
ff68c03fe5e40
002320000a5c0
006d500016ec0
ffe3e03fe83c0
ffc1a03ff1480
000bf00007780
0043303ff8240
001690001eb00
0069700003700
003f603fe0a00
ffe380000d5c0
0008f0000ed00
0020f00004940
ffbd803ffc940
ffc4a03ff6780
ffb060001bd00
000b40000cfc0
0016403ff9540
fffb300002fc0
ffe6103ff0d40
fff4b00013f80
0007e0001a340
001f303ffab00
005f800004a40
0016b03ff5a40
ffddd03ffc900
0071e03ffc800
0064203fed080
004ba00005840
0029000023700
ffd7b0001a8c0
0090b0000e1c0
ffa2003feec00
ffdd503ffc600
003b700011280
002330001a5c0
0037d0001e280
0047f03fffb40
00579000002c0
0023b00005200
0000703ffc280
0046900006f40
ffb4003ffbb80
ff67303ff8b80
ffd7d03ffe080
0003200006440
0080a00015280
0015503fe8800
ff63a03fd85c0
004f103ffffc0
009c503fffe00
ffdcc03fffac0
00191000045c0
00bb300016000
00623000286c0
fffc000007180
003580000ae40
ffe750001ddc0
ffef0000070c0
004e700010b00
ffa980000b100
ffc0903fe5940
002a903ff6400
ffbdf00017940
0000a0000bac0
0028503febf00
fff3003fda600
0002703fe3fc0
ff89d00005000
ff78e00010ac0
ffff703ffb140
0021103ff1100
0022f03ff7840
0056d00001440
006ee00009080
ffc000000a9c0
ff8a903ffaa80
0073303fe4c00
0075103ff7ac0
0046100005d80
00bb803ff9f40
006bd00006b80
fffe203ffda40
ffe6003fea740
ffb1803ff9a00
ffe0403ffc780
001a800006e80
ffdcc0001d740
ffd440000ba00
004a103ffacc0
0028800011200
ffca2000155c0
0042103ffc100
0060703ff1300
0062003ff40c0
00c740000cb40
0026700018380
ff94400007440
ffe0000018340
0013700004240
0020603feb440
ff947000200c0
ff591000138c0
fffbc03ff4040
0005800006d80
0005703fe9300
001f503ff4280
ff90400020040
ffba70000e040
00668000054c0
0052100011340
005e90001b380
0089800023540
0061d00017100
0075703ff5340
ffd6703fdb700
ff2af03ff9b00
0008800016fc0
002a800007c00
ff9f10000a0c0
0059c00009280
0058803fe7340
ffe7c03fec380
0064d000170c0
006750000a080
006cc03fee180
0062f00006480
ffc080000aa40
0038e03ffe380
00c280000c240
fffb600016f40
ffaea000107c0
ffcf8000007c0
ffca800000280
0056a03ff9d40
000c603ff59c0
ff45300000a80
ffbe903fe8840
ffcd703ff0440
ffa8500007d00
0028d03fee3c0
ffe8d03ff4540
fffdf03ff4c00
004e703ff6840
fffa10000fb80
0021b03fed800
000a803feed40
ffe47000199c0
000070000f5c0
ff95b00000700
ffc0b03ffb900
fff4600004680
ffb010000a940
ffe5403ff96c0
fffaf03ffae40
0034e00004280
007ee03ff5100
0054003fe4600
0073803ffe740
006e300008200
001b603ff1540
0003200006900
ffd73000035c0
ffbb703ff6a80
ffb10000093c0
ff73403ffea40
ffaa800010c80
0036600007ac0
0010f03fdf1c0
fffd700007940
0055100013ec0
fff5c00003a80
ff769000194c0
ff8190000bdc0
ffddc03fdd9c0
0041703fd2340
0029303ffbe00
001d403ffaa80
002ef03feb440
0041d0000d040
0049a03ffac00
ffe7a03fff1c0
0042900018b40
0071a03fee800
ffc8003fed1c0
0010003febec0
ffe0403fe0180
ff52700001700
ffdb203fff900
ffddb03ff5340
ffc8a03ff6480
0012203ff9640
0005c000008c0
0031203ff4680
00385000065c0
ffe0c00017dc0
ff88100009a40
ff91903ffae40
ffd7d03ff5540
ffd930000af40
0024200007040
002bb00003880
ffd73000137c0
004c403ffa840
0084100001180
ffe370000ac80
ffa1a03ff28c0
ffe0303ffb640
ffe0f00002e80
0008300012200
0066f0000dcc0
fffe203ff0280
ff85200009100
ff7d90000b800
ff8a4000030c0
ffe2500024e40
ffff000011200
0019703fec100
fffbf03ffb1c0
ffbe700003980
004fd03ff2d40
0035600000940
000ae00018a80
0072a0000e640
fff0400013ec0
ffd8c00014280
ffd4803ffc100
ffbc103ff6c40
009ed03fe6940
0091103ff6d00
003b000021c40
0062a00011400
0009c000002c0
ffd4200005140
ffaf80000b200
000ad00014500
006090000e5c0
0001a00013140
0020900004e00
0025703ff2c40
003360000bc80
0053200003bc0
ffbfc03ff3780
ffbed03fffc40
fffbb03ff3700
ffff803ff4c80
fff7d03ffa3c0
ff9fa03fef500
000fd00006b80
005840000ec80
ffca803ff41c0
ffe8203ff73c0
fffe403ffd480
ffa1703fe9bc0
ffc2c03fe4800
ffee503fe6940
ffc1903fe8340
ffd8b0000a580
ffd8d0001b340
ff91d03ff8a80
001b403ffcf40
008060001eb00
0017d03fff000
0011803fe38c0
0016000010340
003710000fcc0
004e403fdf900
0032d00005940
00aa70002e040
0041c00000a40
ffb3303ff46c0
0046b00008c00
ffee400008340
ffac400015000
0020c00000900
fff0f03fdd380
0056f03ff7080
007e500006fc0
fff4903fe8680
0043303fec040
000310000fb40
ffa0b00001b80
0019b03fe3a80
ffc5003ff4300
ffe2703ffe580
00bae03fff280
0055f00008b80
ffc6600002200
ffaf40000e1c0
fffb300014f00
003c700005800
ffad400015880
0027600018000
008d303fff7c0
ffac50000a080
004d300021500
009d10000bf80
ff9b903fe1f40
fff8d03fe7140
002c003ffec80
ff9ed03ffb8c0
ffd8c03ff5c00
fff9603ff5600
ffa4a00002a40
ffedb0000e580
005f90000c700
ffdcc0000f540
ffe6603ffe980
008d403fea800
0032a03ff0f00
fff6f00000a80
ffd9a00005a00
ffeff03ff0700
00bc103ff41c0
007070000c600
ffe1803ff91c0
ffffe03fe4f80
0005903fefb80
0027d00003040
ffb6d03ffe940
ff7a903ff4e00
003cb0000d180
0062b03ffe180
ffb9203fe6100
ffa7c00008b00
0068700009a40
0039c03ff9480
ffbd70000f940
0016800021480
ffc680001ad00
fffc500002440
007cf03ff4d80
ffd5803fe9f40
ffcba03fed6c0
ffc6e0000e180
fff2300005580
007b903fefec0
ffc5f03ffcbc0
ffd6c00007c40
0013700009500
ff93d03ff6e80
0047303fedbc0
0047103ff5e80
ffcfb03ff5280
0029b03fffe80
ffd6e00004900
ffd0603ffe800
0002c03ff2740
ffb7b03ff17c0
ffe4100013e80
000b500006d40
0011903fe54c0
0002a03ff8f80
fff8b03ffffc0
0072103ffcfc0
0047003ffab40
ffaaf03ffe2c0
ffcac00010700
ffebf03ffdd40
fff7700000ac0
002680000b480
ffef403fe3840
ffb1003ff15c0
ffec10000b4c0
001c603ffa800
ffc2b03fff780
ffc9d03ff4b00
0086b03ffab40
004e300022a40
ffa280000e700
ffe8103fefdc0
fff6d03fff2c0
ffb1603fff800
ff7c803feb500
ff7c603ff0a40
0021f03ffebc0
ffdf603ff6540
ff60e03ff3b40
0005403ff4880
ffff603ffebc0
000fc0001ff00
006b4000141c0
ffc9f03ffebc0
ffef000011d00
003950000dd80
ffaf100007780
ffc1f00002bc0
fffb703ffc140
003c4000106c0
006a200002380
0003f03ffa480
ffe0100004a40
ffdf303fe4540
fff1903ff4080
0024200004040
0020403fef540
0039d0000a4c0
0014803feeac0
fffb703fda040
fffb600011fc0
ff91203ff8e00
fff1403fe7d40
004a60000c380
ffb8900005bc0
ffbb400019e40
ffebc00022500
0020000007cc0
0049703ff8e80
ffde703fd7880
0043503feaa40
009cb0000a140
0014903ff0900
0010603fffc40
0002600013100
0008500011e40
003d600018640
0004503ff5d80
000df03fedd40
ffb380000e5c0
ff88800011a80
0034900008300
0013303ffed00
ffe1100005080
ffd3700002000
ff7e300000e80
ffe870001de80
fffa203ff9180
ffcb403fd37c0
0049103ffa3c0
0048503ff6c00
fffba03fef700
fff3b00007900
ffc2603ff1c80
ff81903fe4140
ffb7600002d40
0012200018800
ffda30000bac0
fff1c03ff70c0
0067903fed580
0015003fed100
ff87203fffb00
ffd1d03ffc380
007ab03ff0a00
002be03ff7dc0
ffe0303fe1340
0037c03fe0980
ffddc03ff6880
ffee403ff2a40
000460000afc0
ff4f900010a80
ffcfe03ff68c0
0036300003540
ffca70000c140
0018403ff8740
0022303ff3740
ffa89000046c0
ff95400002e40
0003003fff180
000d400015f80
ffcdd0000cb80
001a803ff9d00
fff0603ffb940
001ab03ffaec0
009b3000050c0
0039703ffd400
0090c03ffe8c0
00acd0000b240
0058803ffdb80
0098c00002600
fffb703feb4c0
0029803fdaa40
0088403ff4580
ff96b03fd3b00
ffcdc03fdec40
0020200014880
ffef503ff31c0
003df03fe81c0
005a1000097c0
0076500003440
0009c03fef480
ffe4103ff7180
0025a0000ef80
ffa8900005140
001e103fef780
0072b03ff4bc0
ffd6100007c40
0024500007900
003e503feaec0
001bc03ff1080
003c000009f40
ffe4d0000adc0
ffd3100002440
fff8b03ff6f80
ffe590000c040
ffb910000abc0
ffe7b03ff9140
006c90001e380
001e300012040
ffcd203ff97c0
0029400013240
000d303ffff40
fffba03ff8940
004dc00006b80
0030303ff6c00
001a303ff9b80
005c10000af00
002d1000218c0
0015000023fc0
008e203ffa080
0033f03fdec80
ff76303feff40
ffae600007500
000f503ff8240
0018303ff0640
ffd7c00018d40
ffc2900021000
005e203ff6c80
003e303ff6dc0
ff75d000218c0
ffce8000147c0
0014403ff7240
ffad100003180
002d603ff78c0
0071a03ffa800
ffd4c00000700
ffd2803fe0540
ffeea03ff85c0
0003500006ac0
0016103fee480
ff9f900008000
ffe7b00005000
004cb03fe0480
ffd7d03fdfd00
ffe3203ff9800
0008e00009780
ffd4003ff7740
ffc4b03ff9c40
ffd4103ff8000
ffd1603fe27c0
ff97503ff2940
0013e03fe6c40
0067603fe6700
ffbd80001e300
fff720001ee80
ffed500005240
ff136000064c0
ffc6100013b40
00d5c00011500
00e1203ff2100
0081303ff97c0
ffe1203ff2100
ffc7e03fdd840
003dd0000b900
004930000da80
ffe4803fffcc0
ffab5000044c0
ffeff03fde340
0056800000980
002470000e880
ffc8003fe3200
0039c00014280
0060c03ffae40
ffd0403fc7c40
ffe500000cd00
0017a00015a00
0007b00001380
002a103ffb300
001c603fdf700
0012c03ff0500
ffd7c03fec880
ff92903ff77c0
fffc400015b00
002c203ff5a40
ffe4703ffc180
0009000007e40
0048603ffc140
002030000a240
002e903febc00
003f803fe3bc0
ffb2b0000e540
ffc0900014400
0015100004ec0
ffcaf0000c0c0
000520002f9c0
000db0001e700
ffd5a03ff0140
fffe703ffef80
ff7c40000b5c0
ffb0b00003b00
0079003ffe340
0013a00006440
000230000b100
0022303fecac0
ffd4803fff580
000c600011680
fffb903ff8cc0
ffbaf0000a100
ffff100006100
00120000003c0
fff9a00004480
0002c03ff0bc0
ffe6600015700
ffbce00012f40
ffd3803fe6140
fffca03ff7880
ffea703ffb9c0
ffb860000f480
ffcee00029440
001bc00006300
fffd303ff5100
ffc1903ff8940
ffe8703ff1f00
0017303fe90c0
ffecc03feff40
ff6d900017640
ffa7e0001a8c0
0043100004e00
fff2700016580
fff8b00011b80
002c403ff2340
ffcff00004d00
0007a0001d040
ffb7500009a40
ff3ee03ffb300
001bf03ff0680
0038a03ff3d40
ffb270000af40
ffeec03ff9c80
ffe7003fed900
0004e03ff9000
005ab03ff0ec0
ffe6b03fecac0
ffcfc03fe7240
0045103ff7140
000e70000f7c0
ffdde00007340
ffe46000023c0
ffa4603ff3540
ffb2b03fff800
ffbff0001b2c0
ffd9d03ff8ac0
002a703ffa600
ffbb200020040
ff77400027d00
fffdc0002bec0
004cd0000edc0
0070d03ff6300
005c703ff2880
ffee903ff8f00
ffa1f00016cc0
000fd00001540
0089703ff2680
ffc5100010dc0
ff7c000007480
fff9503ff7900
ff9c803fe4cc0
fff3103fee940
008760001d880
0014c00000d40
0011f03fed740
0016703ff98c0
fffc503fcf040
0035503fe38c0
ffe8400012f40
ffcf603feff00
001c803fe4280
ffcfd03ffa500
ff87d03ff8200
000e600004980
0065600016740
ffdd603fff280
ffaea03fed540
0028b00000b00
005e903ff2ac0
fff4603fe7cc0
ff7d5000061c0
fffd703ff3f80
0036203fec6c0
ff87200001880
ffb1f03fe5580
ffed503fedac0
ffd8b03fff280
004b103ff2ec0
ffda9000115c0
ff4f6000072c0
0014c03fe1d80
004d403fec680
ffd0200002340
0017c00026180
005640001b5c0
000ec03ff4240
fff2803ff9080
ffef103ffda40
001a40000f800
000d200008940
ffa6103feeec0
ffc6a0000b480
ffa2b00003940
ff9d503ff0d80
0024400004d80
ff822000042c0
ff69f00010b40
002300000d940
ffca103ff9bc0
001a800003a40
0056503ffc900
ffb1603ff2980
ffebf03ff4300
001f700001000
0021600005800
001f803fe6500
002d803ff69c0
0093b00005ac0
ffdbc03fe3e40
ffaea03ffcfc0
0088000011ac0
0011403ffe680
ffb0400004340
ffa0703fffe80
ff97f00002ec0
000ff03fffc80
ffd3803fdae00
fffb303fe3200
001b300005000
ff86b00003200
000e503ff46c0
001fb03ff5c80
ffc0c00001000
003be03ffa380
003aa000006c0
0046e00017e40
0009700018300
ffaa70001c1c0
0031200005b40
ffefd03fe0ac0
ffd4303ffee00
00413000134c0
fffef0000c0c0
005ea00018480
005e703ffed40
0019003fecd40
007e200006800
ffc5900016240
ffe000001dd80
00bb20000dec0
fff4503ff1040
0003a03fecd00
006ff03ff4f00
ffdff03ffef80
fff470000c280
ffb9d0001af40
ffa750001c840
003d000027200
ffe390002d540
ffcff00003bc0
fffb103ffd4c0
ff9080000c540
ffc7e03ff57c0
ffb030000ed00
ff5c50001dc00
001fc03fee780
0043b03feaf80
ffcca03ffbf40
0008303ff85c0
ffd260000b080
ffbfc0001ab80
0029b00008c00
ffaa803ffe7c0
ffb9003ff3800
0041c03fe6a00
ffd0e00013440
0018200028080
0042b03ffdc40
ff96103ff8000
002c20000e380
006f900022180
ffba90000e800
ffca903feabc0
ffd2600001980
ffbbb00002440
ffd0d03ff03c0
ffec503ffac00
005880000a3c0
0020f000219c0
ffc5803ffe900
0051403ff2b80
007470001b680
ffc0203ff3280
ff7dd03fef6c0
0013900010440
004f103fee600
fff6203ff3200
001e700005680
0074b03ffd380
007b60000b080
003e800004740
ffc6803fecb80
ffe0700007180
004990001b700
0038f03feccc0
0002903ff79c0
ffda200014b40
0005003fee040
0071a0000c700
007aa00020440
0036303fffe80
fff7b0000d200
fffb003ffd0c0
0047d00009740
002f90001a280
ff97f03ff0b40
ffadc00004e80
0064200008e40
0026203fe9a00
ff6b803ff9100
ff9280000da00
ffdaf00014fc0
ffc8c03ff6e00
ffe9803fee300
0003e00005740
ffe0503ff7640
001f103fe4240
00a7403fdebc0
004c900010e40
ffbe50002a780
0015a03ff9880
fffb500012d40
ffa5c00023d80
0040c03ff9c00
003a703ff1080
ff73803feb240
ffaa700000c00
0031800004640
ffe0403fe8300
ff9a803ff7b00
fff0103fff0c0
ffff400001c40
ffefe000035c0
0018003fff800
ffe8600013a00
0012c0000c3c0
007410000c780
0021700025f40
001e30001ecc0
0052d00018fc0
0003500021b80
fff94000195c0
001e8000043c0
0000300001e00
ffda600003bc0
ffc9603ffe700
ffca70000c340
ffe8603ffcc80
0019703feab80
fff300000a200
ffc5c000099c0
0005603ff2e40
0039003ff9ec0
0048103fffe40
fffef00008d00
ff8f000018b80
ff9e700009440
ffc5903ffa500
0011f00015100
008a80000c340
007dc03ffbc80
000890001f240
ffdd20001d200
004f800014a00
0061d00011800
fffe603ffa200
0027200005d40
0012d03fe9c80
ffd9803fe5980
001100001d6c0
fffd703ff6fc0
fff0a03fe2b80
002b600001e40
0048003fec840
ffdc903fecf40
ff80a03ff6840
001bd03ff07c0
001a903fe6080
ffbe503fda240
003ea03ff14c0
0013200000a40
fff2900015140
004460001dd80
0000d03ff4800
0078003ffc200
00e4c0000e900
0006700008200
ff8a800021540
ffe2500011600
ffea203ffd300
ff70f00017680
ff4f10000a540
ffb9300004700
0024b00016e00
001a903ffc980
ff8a603fef200
ff73503ffcf80
ffad100007480
ff98e00008340
000aa03fe9140
003d603ff4300
ffa560000cb40
ff9b003fe9400
ffdf800002a40
fface0001a6c0
ff81103fe6300
ffc6803fecd80
ffe51000008c0
ff92003ffe180
ff99f00008340
ffb3d03ff8bc0
ff8f703ffc740
0004e0000dfc0
006c40000bf80
002c103ffd6c0
0009403ffe700
ffd8f0001aa00
ffc0e03ff2a80
0031403fe17c0
003590001a840
ffdde03ffb380
fffb903feba40
0003700013400
ffe0400005e00
0008a03fffd00
ffec403ff23c0
ff88903ff4d40
000cc00014840
00aad00001380
fff9f03ff8780
ffd5900006180
0083f0000a4c0
0031603ffc480
0009903fe2dc0
0042a03ffbc00
ffe2403ff44c0
ffb1403fe4d80
fff030001f180
007b600009600
008da03fe3f40
0038c00014ec0
0048b000156c0
ffbe20000e640
ff62200016f40
ffe7203ff9280
000c70000a500
0022900019440
0060f03ff9500
007f60000f940
001aa00021f40
ffc7c03ff3fc0
0050903fe7f40
003e800002480
0039203ff7cc0
0053a03fe8980
ff68b03ffee00
ffaad00005080
0047303ffcb00
fff1c0000ec80
0029000005780
004b003fee5c0
0032b03ff5700
fff3903ff6bc0
ffd2c00005100
002400000eac0
fffc200001940
fffd70000b680
ffaa803ff27c0
ff87a03fd6400
007570000a080
fffb200027780
ffa9100015800
006b400013440
ffead0000e740
ffc37000122c0
001240001f0c0
ffbef00008640
ffdc903fe53c0
004ec03fed400
0043e00009440
ffd6500003f80
0019203fee600
004d603ff24c0
ffe9600001080
fff7403ff4c00
ffbc603fecb40
ffb0900004300
00021000020c0
ffd6f03ff22c0
ffe6c0000acc0
ffc0d00013280
000c103fee140
00bf903fe8480
000d10000bec0
ff7df0000d780
fff1203ff0140
0022f03fe7240
ffd0003ffe740
ffc0a0001db40
004130000aec0
0044d03ff7200
004560001adc0
0045900009940
ffce803fdd4c0
ffd6203ffbc80
ffe33000099c0
004e003ffab40
006ff00008d00
ff71d03ff7b80
ff96003fef000
ffe1e00012200
ff87b00003fc0
ffe1200000a40
fff450001a600
ffc0303fec3c0
ffacc03fdcb40
000df03fe8d80
0067b03fde140
ffd9b00021bc0
ffe5a0001f800
ffff303fd66c0
ffb4500005200
ffe500001bd80
ffcc900002540
0007d00014a00
ffec10001c140
ff8ac00017200
0047e03feed40
fff8b03fe7b40
ff28e00010e80
ff87303ff1140
ffca403fe31c0
001760000c300
0054a0000a2c0
fff8303ffc900
ff9210000c900
ffc050000a4c0
0044e03fe9980
001f703fef180
fff5e03feec40
0024e03fea5c0
ffe230000d240
ffc2f03feaf40
0010303fe6800
0023d00005f80
ffdb003fdb0c0
ffde100007840
003d50001d040
0012e03ff1780
ffa88000207c0
ffe7d0000cc00
003e203ffa580
fff250001a9c0
001fb03ff4080
0064f03ff4580
ffa0003ff98c0
ff9e103ff32c0
fffbb03ff6080
ffe7103fdcc00
0066b03fe5ec0
003e203fcf040
0025f03fe9ec0
005710002b680
fff6603fec200
005be03fe8280
fff1703ff9700
ff77903fdd9c0
003130000e980
ffde103ffa780
0009003fec140
0037f00006c00
ffda403fe3880
008ec00007580
0021000004c40
001e003fc6a80
00e1e03fe1140
ffde403ffa1c0
ffb4f00001a80
ffe6703fed380
ff75f03fdb140
0009700006a80
000c4000039c0
ff98903ff0040
ffc7403ffd380
00024000009c0
0006200003800
ffcea03ff2700
fff3503fece80
001ec00003640
ffe58000111c0
fff2c0001b240
0055500019ec0
0032b000055c0
ff91103ff0440
ffe4300001b00
004530000eec0
fff2703ffa680
0043400001700
000c903ff1480
ff8cc03fe1e00
0016800006500
0008600006f80
ffb7600002900
0043c03ff39c0
00a0303fdd540
004f400008740
fff8a00004a00
ffddd03fe3f80
ffc2703ff2680
fff2e03ff8e00
0028a0001ac40
001b500015280
0012f03fe2f80
ffdf203ffe640
fff93000089c0
fff2c03ff5500
ffb2b00011d40
0011a0000b780
ffba503fe46c0
ff5cc03feafc0
ffefb0000fc40
ffc2c00015000
ffecd03ffdbc0
0086000004b00
fffc900007280
ffb4203fecc80
ffe1703ff1200
ffe8400001800
0049700001840
001e4000037c0
ff80e03ffcb80
ffc3203ffd880
001b50000b800
001aa00004f80
005d003ff7980
0014100000100
ff9a30000e3c0
ffc1503feecc0
ffc3503fc5700
ffc8503fead00
ffc4600017ac0
ffaf400008900
0018f03ff8a40
003c600005b00
002c900023cc0
001bb00014900
ffd5a03ff0980
0021b00002cc0
005e800003500
005c603ffd500
007a3000058c0
fff0603fe7c80
ff81303ff74c0
ffcf600021bc0
0042700011880
004d703ffb5c0
ffcc300009e00
ffe060001cb80
0047303ffef40
0011503ff90c0
000f800017480
0033903ffa980
0028703ff5880
000a5000021c0
ffc3303ff3a00
fff5b00009e00
0023600009f00
ffc49000098c0
ffbe3000139c0
ff9bf03ffca00
ff63d000078c0
fff7b03ff8f40
003ae03fe1b00
0002d00003f40
000ec00002200
ffebe03ff77c0
000c603fff480
004c300004180
0002f00011340
0006c00000980
0026403fedec0
ffd4503fefb80
ff9e100003ac0
ffc4c0001cb80
001a400014d00
fffd90000d300
ffbc703ffebc0
0001803ff5240
003210000d000
0040d000160c0
003350000adc0
ffaf903fe4600
ff93503fe22c0
000f30000c100
0017e03ff6640
ffcca03ff8fc0
ffd180000e700
ffbdf03ff8600
ffad4000162c0
000c900016b40
000ee03fefe40
ffd4903ff7900
0004803fea800
fff7203ff0400
ffe6600009640
0024e03ff8780
ffef000006940
ffea60001cec0
0078b00004540
0032003ff8cc0
ff95c00004800
ffcf000002c00
ffe7703ff3300
ffcae03fe7f40
ffe8e03ff32c0
ffc3203ffd780
ffbf203ff6240
0010a03ff9dc0
0049c03ffd080
00225000039c0
ffc9300010dc0
ffece000092c0
0019d0000c100
fff0603ffd2c0
ffe8303fe9780
000a803ff8640
0050e03fe6140
007f300001c00
008a20001c340
004b003fda7c0
0020e03ff8380
0085500011100
0016703fe0980
ff9620000e540
00257000188c0
001d900000480
ffc670000d3c0
ffd7603ff83c0
0022200002e80
002d300002640
ffd5703fee980
0001b00002d40
ff54e00004180
ff1df0000cb40
005db00004a80
ffbe203ff0880
ffa660000c840
006dd0000cdc0
ff8f803ffba80
ffa7f03fee0c0
ff73103fdd6c0
ff6e803fee600
00ee803fee480
006b003fec680
ffb5c00002d00
ffa7d000028c0
ff95f00006d40
00c600000cbc0
009a303ff6c00
fff3b03ff5240
003310000ca00
000f803ffa300
0081d03fe2f40
0066e0000a380
000b300015e80
004e503ff3bc0
0002503ff6e40
fff9b03ff1800
ffa7803feaa40
ff7a700011400
0016300005280
ffdc803fdf340
fffb7000004c0
006ce00006ec0
0015903ff4b00
fff600000b7c0
fff9703ff4b80
0028a03feda40
006dc00017800
0038100003f40
ffd4e03ff22c0
ffd1a03ffc840
003a300000d80
005620000c9c0
00586000016c0
002e300001640
ffb1400002b40
ffb1800000280
ffb4d00015100
ffe9d00005180
003c1000064c0
000c60001b980
0038200006640
0029c00000140
0027d03ffe440
0072200004a80
ffbd400010780
ff8f40000dc40
ffea00001edc0
ffbb20000a240
fff4603ff7200
ffeaf00010780
ffbe60000c900
0006100005fc0
001fe03fff680
fff4e00003b40
ff93800015fc0
ffd830000e580
0051b00013b00
0008b03ffef80
fffb803fe9540
001740000f540
0020c00004e00
0050203fd8880
0067403ff0d40
0060400027040
ffebd00016fc0
fff0003fe7f40
004a603ff4380
ffcf603ff4a80
ffc9203fea240
0016403ff1040
0010003feabc0
0080503fff600
0088503ff6500
003b603ff43c0
0026900021400
ffd0600002dc0
ffdf803fe6380
0016403fee540
0028a03fec900
005d800009680
ffc2e03ff8ec0
ff2a003fe5fc0
ffb8f0000e200
003560001fc40
0000900024640
ffae300011000
ffcfb03ff73c0
000f5000065c0
ffbae00009440
ff7fa03ffce00
ff71003ff0600
ff37203fe0200
ff81403fe7000
fffc0000008c0
0033f00004d00
002c503ff32c0
0012403ff6900
005e9000065c0
ffdbd00002000
ff20603feeec0
001d303ff4f00
004fc0000aa00
ff57d03fe3680
ffc9003fcdd80
ffe8d0000ab40
ff85500018080
001d503fefb40
0019503fee440
fff050000a880
003b400001bc0
ffcc803fef080
ffe3000015140
0059e000117c0
fff2e03ff3500
ffe5800008280
0009903fedcc0
ffa7103fdfe00
ff9f403ff5f00
000a203fcb540
003bc03fcec80
ffef700008a80
ffc9500009fc0
0000700010a40
ffda400034280
ffaa40001b100
ffd7b03fe23c0
fff8e03fe8e00
ffc9e03ffe440
ffbfe03ff9240
0036703ff7040
001a003fedfc0
ffe4003ff6540
0071a03ffb5c0
0024303ff0580
ffc6f03ffca00
0026d03ff0bc0
ffcec03ff5200
ffe7b00023f80
0062f00016480
0026403ffd9c0
00179000032c0
ffd1103fece00
ffca403fe9a80
004ef03ffaa80
000a103ffce40
ffc1900018900
ffbc600016440
ff95203fe8f00
ff9ef03ff1480
ffc6d03ff8d00
0058203ff5000
0024700019180
ff7f2000122c0
002490000ca80
001890001c6c0
ff9e803ff8780
0007b03ff9b80
ffd3c0000ac40
0032b03ffcc80
00a8b00012f00
ffbd800014b40
ffb5703ffe100
000a4000046c0
fff2e0000f1c0
0069100012b80
0014b0000a100
ff97403ffce00
0000103ff8640
ffd6000009200
ff70d00014280
ffbcb000081c0
fff8500016340
fff670000d280
0045403ff5c00
0090d0001c100
0098b00011f40
006cf03fca8c0
ffe3303fd2dc0
ffe06000143c0
0055e00020a40
007e40000b900
00c970000d0c0
0057603ffb900
ffa5303ff15c0
fffa100001e00
ffeb903ffd9c0
ffcc200007c80
002a003ff3840
0029203fcfdc0
002dd000045c0
0024700024200
0041903ffd180
0032a03fe62c0
ff89b03feb580
ffe0003fec100
007dc03fdef00
0024103ff3c40
ffda203fff080
ffef703ff6140
003cd000167c0
004d800007d80
004a403ff1180
0098500019cc0
0058a0000e2c0
ffdfa03fe9680
ffeba03ff3a40
0021800000b80
0010a03ff7c80
ffde603fe9880
0035003ff1a00
0064403fff640
fff7d0001a980
ffe0600029600
000c903ff3040
0004003fe9f40
ffe560001b400
0036603ff9440
0085a03fd2240
fff7a03ff92c0
ffab000014a40
001f10000f040
0065503ff6140
0025503fe5980
ffa6a00001800
ffac703ffd600
ffe3c03fedf00
ffe070000a9c0
0009500003040
ffeac03ffb580
ffe3f00006400
0046003ff9f40
0003700009540
ffd2903ffce40
006b903fe10c0
0059100002980
ffe9500015f80
004ac00006bc0
0064703ff3280
0052d03ff8180
007bb03ffdb40
ffd2003fe6d00
ffa9303ff7b80
0026d03ff1200
ffd3a03fda200
ffe1203ffb980
0055600004200
004f800019940
0009900017c00
ffc7f03fe9280
fffe50000cac0
fff8700010740
ffe4503feb100
0000700002c80
ff9b300014c00
ffe120001ad40
001c603ffa2c0
ffca003fe3f40
0055500014780
004490001ff40
ffe760000f000
0056e03fffac0
ffc3103ff3100
ff44500010240
003ae00020b00
009380000c340
ffdd703ffd300
ffcc700011e80
0027100018e80
0018703ff1640
001ce03feed80
000dd03ffb480
0015b03ff3400
0013503ff62c0
ffa4203ffc500
0027a00018fc0
00951000114c0
fff5203fe3580
ffe8e03ff6540
fff8b00012a80
004470000b080
0097800005e40
ffda800001cc0
ffd4d03ff5b40
003e303fea440
0008803fff040
fffc500008c80
ffc0003fee800
ffd2f03ff6940
000f100002940
ffd0d03ff6300
ffe6000006080
ffcb10000dfc0
ff8e103ff84c0
ffab903ffd040
ffa0603fff300
ffa5903fe8ac0
ffb3103ff2400
0010e03fffe80
0068403fed880
ffea903fe2f00
ffcb203fff480
fff1a00023c80
ffeee0000d6c0
004f500001a40
000a500019a80
ffb0d03fff700
fff9a00007940
003ba0000f4c0
009dd03fd9300
fff4403fe8440
ff4f903fe9680
001c303fd7300
fff510001f640
ffd7d00022740
00aca03fefcc0
0095700009780
004a700009d00
ffc6d03fe5a80
ffa9603fee5c0
0069c03ff4000
006ce03fe6300
008ec00004a80
002fd00015700
ff74703ffca80
003930000b5c0
001f30001eb00
ffafd00010380
0058f03ff6900
0006203ffe140
ffb340002a7c0
0025000015ac0
0022b03ffe400
ffbc00000c600
ffb1f03fecd40
0009f03ff6080
ffea300003740
ffde203fef000
0008e00019c80
0039700020f00
004b200005e00
ffaad00007d40
0017d03fe2940
0032003fda900
ff31700007e00
fff9100017a40
fff0c0000c040
ff5bc00002380
00585000072c0
000bd000002c0
ffe9803ff1c00
005c20000ab00
001090001d480
000b603ff9f00
ff6fd03feaf80
ffbb800002040
0074603fff900
ffcb5000030c0
0037800003380
00b3003ff1ac0
ffd4803ffb300
ff7e703fe3600
0028703fedc40
0080c00038000
fff0f0001fd80
0016103ff9140
002ca03ff7040
ffb2b03fe2b40
0013b00008b40
002400000df00
ffff803febec0
ffd6603ffe5c0
ffbe503ff19c0
003db03ff0c00
ffe4d00000ec0
fff3703fe1780
0015803ff4780
ffb2500020f00
0059600019740
ffc1b000016c0
ff89b03ff0bc0
007c803fefc00
ffc2703fe4e40
000fd03fee340
0043e00018ac0
ff4e303ffea40
fffd803fde780
0049900003680
00096000022c0
0047d03ff3a40
003ba03ffa200
ffb5e03fe2c00
ff3c203ff4280
0051f0000ce00
0062003ff80c0
ff577000150c0
0022700034b00
0019200028f00
ffb2300027480
0027d00007500
ffcc803fe7c40
ffebc00007a80
0035a00025b00
0046100017fc0
0084d00005240
0049c000094c0
003dc00013f40
fff6d000069c0
ffd8c03fe4bc0
0068703fed900
0071e00017e80
0022e000032c0
ffd3203feb740
ffe7500003640
ffcef03ffc700
ff66b03ff88c0
ffe3100005dc0
fffb003ffcdc0
ffe0303fefa40
002f703fe3940
ffc8e000002c0
ffeb900011c80
004f403fe6c00
001a403ffd5c0
0027e0001c7c0
0006503fe8880
ffed003fec140
0011c000109c0
ffc5600003000
ff51700001bc0
ffd0503ff49c0
008e803fea400
ffd3b00004200
ff98203ff5fc0
002be03fec980
ffc5003ff5580
0044703fec500
00a8a000106c0
ffd0e0000bd80
0011403fe4940
002a700004d40
ffb5e00000800
0039903ffe500
0079f00027540
fff9600012780
ffcca00003980
0014400000400
0007003fef280
fffd403feefc0
0057f03fedbc0
0018d00012f80
ff8d00000ff00
ffc7503fe5900
006ed0000fbc0
0007b0001fe40
ff2ba0000a5c0
ffbc20000cac0
fff3803ff6440
ff7d500002740
000b90001e5c0
0042a00014280
001dc00004bc0
fffc303ff0c80
ff7cf03ffc4c0
ff62200010f80
ff58903ffc9c0
ffecf03ff1bc0
0064f00007280
ffa53000141c0
fffba03fffd40
009e803ff7fc0
fffce0000f900
ffc3e00016880
fffe6000133c0
000fb00011c00
001f40000ff80
001fd0001a440
ffcad000214c0
ffd5900013080
00b7a03ff9d00
0056303ffc6c0
ffb5d0000dcc0
00ab100001000
0093a03ff9e80
ffc0800002580
fff8f00005940
0022a00013ac0
002c200005380
0060203fe5800
0048803ffcac0
ffd390000d5c0
ffbe103ffcec0
fffeb00011200
ffd210000ba00
ffe9a03fe6a00
0018200002140
0011c0001f680
002cd00011680
001c00000ff40
0074600016a00
002930000bdc0
ff99803ffa000
006460000af80
001750001ef40
ffbaa000081c0
0077703fff140
ff95300000ac0
ff38903ff8200
000ba000021c0
0004c0000b8c0
000b4000052c0
0026803ff7ac0
00a4300002400
00bcc00017240
ffcec000063c0
ffe6003ffe2c0
0012b00008740
ffe2303ff8280
002e003fe5380
ffe7603ff6340
ffba00000f940
ffa9700003540
ff86c00005000
fff2a000118c0
ffa7b03ff9940
ff81403ff52c0
0056403ff2cc0
0070803ff9dc0
0027800021a00
0009a0000fe00
ffbd403ff2ac0
ffc3103ffd4c0
000c2000011c0
0005f03ffc680
ff96003fe32c0
ffb1103fe6080
00a0900006b00
00b1e03ffeac0
ffe4503ffa840
ffe3400006080
005e603ffd540
0054b00007440
fff3c00020800
ffcd20000e140
0008703ffc400
0034e0000d040
0028103ff3080
0006a03ff3c40
ffd740002b640
ffdc800010280
0015903fefdc0
0027900015e40
0004500015180
fffe803fe7300
000d603fe7180
ffe2d0000a340
001c800001040
00638000122c0
ffefb0001f580
ffd3503fc9840
ffc4103fc9580
ff7a603fffb80
001cc03fe5840
0071203ff5b00
001a30000c500
001cf00009a80
fffd100013180
ffeb003ffd840
001b403ff7080
00448000013c0
0027f0000c4c0
ffed100017d00
002bb0000edc0
ffe390000b700
ff83900003800
001b9000032c0
001fe00000d00
fff0d03ffd840
0017500019c40
ffc2000014c40
fff2e00005f40
0076f03ffb9c0
004ca03ff8bc0
ffc7300023640
ffa1a00009b40
001ff03fe32c0
0044e03ff9100
003dc03ff8100
0054100006580
ffc1200001080
ff92903ff6400
ffe5f000041c0
ffd1503ff5d40
fff7c00008e40
002bf00000c80
0001e03ff2980
ffd7f0000e600
0006803fefbc0
0087c00001e40
0075e00012e40
000f503fe2300
000aa03ff6580
ffb2303ffcb80
ff8a300009600
001480001e340
0011103ff4f80
ffd0b00009300
0000a00007500
0001a03fd7680
0029303ff6d40
0052900004380
ffe1403ff8200
ffaca00011e00
ffce30001df00
ffe1c0000d580
0036d03ffa640
0028c03fecb40
ffd4703fffd80
005b80001e180
0080f00001200
ff9f300007ec0
ffb1500022980
0020903feb3c0
ffcec03feb200
ffdea03fed8c0
ffdbf03fd9180
ffb570000cc80
ffc4b03ff9f40
ffbb303ffd900
0069a00027100
0047203fefc40
ff69803ff4a00
fff8103ffe6c0
fffcd03ff1a40
ffea700017640
00a5303ff92c0
004ce03fe0280
0040c03fe7bc0
0017a03ff4800
ff5840000fe00
ffa3d03ff4c40
ffa4900001700
0008200007a80
00bab03fef5c0
ffd1a0001e100
ff875000095c0
0015e03fe8c00
0026903ff94c0
0054303fedec0
0010000015a80
ffc5900019440
0011803ff5680
003c500001bc0
0028f03ff7680
ffd4400003d00
ffcfc000127c0
003f90000e100
fffe20001d440
ffcf300005200
00ba800003280
00c83000127c0
ffe4100003dc0
000d800008840
0014603ff48c0
ff75f03feec40
ff86a00002280
ffef103feacc0
0021e03fead40
ffd5d03ffb100
ffb4700001340
fffd50000ca80
ffff203ff4280
005aa03fe8440
002d100009f80
ff90f00013f80
0002e03ffb640
fff3d03ffd9c0
ffbe700012cc0
000da03ff3700
fffe103fe1b00
0069f00002740
005c803ff8440
0001203ff0ec0
0055d000046c0
fff3f03ffd0c0
ffe9f00003300
0029d03ffc540
ffdf503fe89c0
0072703ff6b00
006db03ff31c0
ffb8303ff7f00
001cc03fffcc0
0047a03fe05c0
ffeef03ff7880
ffe5a0001a000
ffe6203ffef40
ffb0e03ffd640
ff8240000bb00
ffef603ffb640
0014c03fdf380
ffdab03fe4100
007d8000126c0
008dd00008600
ffb2603fe0d40
ffbb303ff55c0
0016c0000a540
0013a0000bbc0
ffd5300007e00
ff88603ffa540
fffd903ff6ac0
0025d03ffac40
ff7f203fff580
ffb9003fede00
0013103fe9680
ffa5603ffcb00
ffa2603fe8680
ffd5503ff5d80
ffdd300012a40
0034e03fed240
0043d03ffe7c0
000090002a000
001df000158c0
ffe0f00008e00
ff80e000029c0
fff2700006300
fffee00015340
ff950000013c0
fff6803fea9c0
0074603fe7980
0038803ff15c0
ffb8403fff980
0004100011140
006a000015640
ffef203ff1300
ffdd503ff1440
ffef000004c00
ffea503fe5f00
0028603ff3100
ff912000148c0
ffa0700007ec0
004c203fff240
0017f03ff3900
0043a03ffbbc0
0007f00007d80
ffa5e03fed780
0006603ff55c0
ffe490000ce40
fffa503ffc680
ffed303fe9440
ffbc203fea000
003b403ff84c0
0010703ff3580
fff6a03ff45c0
000c20001dbc0
ffed80001f140
0048703ff6400
0001503ff7b40
001a90000b100
0085700012040
ffecc0001e0c0
ffe6000012c80
ffe3900000e00
ffbb603ffca40
0048a03fec880
005720000b040
0026300023200
ffe6903ff87c0
ff8630000ed80
ff9d700016340
ffdd003fdff80
0001003ffdd40
ffcff03ffe240
ffe0c03fd23c0
003f503fe2b00
0038e03fecb80
001fe00004140
ff9ef0000d300
ff8f9000059c0
006e700023500
0046103ffe800
ffc7203fd7600
fffca03ff2b00
fffb503ffb400
001f100009480
002f600017a00
ffb4c00021800
ffe90000160c0
0076403fe07c0
0002103fe5640
ffb0b03ffe0c0
000f100000400
fffca000140c0
ffdf400010040
fff900001ce80
fff60000168c0
fff7403fea0c0
001240000c1c0
00310000117c0
ffe4703fe7d80
00047000056c0
0069703ff9600
0015d03fe0e00
0054d000149c0
0060600012480
ffff003ff6900
006b50000b2c0
0029a03ffc400
0027d03fea540
007f9000044c0
ffcf40000e740
ffd690000a080
ffb8600004c80
ff39a00004940
ffd240001db00
005ab00014f40
009f603ff09c0
0036300010b40
ffe720001d580
0097403fddec0
0020b03feaf00
ff9a00000ea40
003cd03fe6300
0062903ff40c0
000110000cec0
ffc5503ffacc0
ffbf103fe62c0
ffead03fe58c0
005ab03fe6200
002d003ffc3c0
ff80403ffc4c0
fffc803fdcdc0
0011000009140
ffeea00022740
0029c00008ec0
000790000a200
002b800008c00
0029e0000fd80
005c603ffb5c0
0030d03fe4cc0
ff9f003ff95c0
0008b03ffa640
ffe2c00006f40
fff0300001bc0
0046003ffea40
ffcd400027bc0
002f90000fbc0
ffdc103ffdf40
ffa5100000280
00a3003feb080
0032203ffe340
0038b03febac0
0090c03ffb0c0
ffc920001c440
fff8203fddd00
007ac03fee3c0
009eb0000b700
0050f00003e40
ffffc0002ec80
0056e0000d900
000ff0000a240
0003b00023fc0
0010303ff77c0
ff7c40001ce00
ffca90001abc0
ffe3d03fdddc0
ffc6600001dc0
0034600006040
fff3b03fead40
ffffb03ff47c0
0059903ff74c0
fffa603ff3900
ffd3303fefc80
ffed700001ac0
0005700000840
0016e03feee00
ffcd003fff880
ffcbf0000a6c0
000f20000a080
ffce603ff8780
ffcbb03ff9780
0049600022780
00147000151c0
ffa1603ffaf00
fff6100007780
0060c03fffb40
0061803fec740
0028403ff00c0
ffcc400000280
000f303fea700
008be03fdce00
ffff800002040
ffd68000051c0
0006803ffba40
ff48700009ac0
ffdb80000ef00
0080f00006bc0
ff84b03ff0600
ffc3f03ffbbc0
ffd4300005600
ff31003ff5100
fff1003ffb700
0020303fee800
ffeb900004080
ffd7a0002f840
ff9070000e300
0023300007680
ffc8900017e00
ff49303ffb180
0027703fe82c0
002fe03fe0880
ffe2703fef400
fff9b0000dc00
fffd30000e1c0
0038403ff9b00
003a303ffff80
0072f00028540
0084b00017900
000fa03fe84c0
0068a03ffddc0
00c5e00013e80
0056303ffcc00
0039c03ff8600
0031e00006d80
ffccf03ff1700
001df03fefec0
009a800014580
0014703ff8c00
ffc9103fe6ac0
fff9003ff4080
ffc2b03fdf640
ffcc203ff7000
003bc03ff7640
0080803fe2380
005f000001b80
0039c03fe9040
002a603fdd980
ffd8503ffab80
0002c03ff2e80
003b80000fdc0
ffbff0001e480
ffaba03ffd280
0008403fecf40
004ca03ff9e80
0045c00013c80
ffdcf03fffc00
fff4803ffdf00
0064b0001bdc0
003db0000b080
ffc2100008340
ffa9e0000a440
ffe4103ff2e40
001a803feb440
0035a03ff9900
ffe0b03ffebc0
fff5003fe1280
0093603fec6c0
0035203ff6f40
ffcf203fe5740
0004c0000c7c0
ffc0103ff78c0
ff9e303fe5380
000e00001fa40
008bc00002b80
0085c03fedf40
0026b000010c0
0005f03fffb40
ffd9d00016200
ffc9a03ff6880
ff9d603feb240
ffb6b00009c80
00a7203ff2dc0
007db03ffc7c0
0006100010140
0080700007b40
0005603ffbb40
ffcdd03fea180
0077b000007c0
007120000a1c0
003df00002e40
ffb3400018580
ffac60001b600
005980000cf00
ffdea000049c0
ffe9400015680
004d90001a200
ff86e00013940
fffe300016440
0079203fd8840
ff95903fd3c80
ffdac00010480
0041303fe9c40
0000f03feb3c0
002f90001b740
0016f00007240
ffc9200000c40
ff7d600004a40
ffa4500003940
0017500000680
ff99603fef680
ff67f03fec6c0
000c203ff3a00
0063800009c40
0027b03ffe340
ff9ab03fed6c0
ffdb00000f600
0014303ff9f00
ffbc803fdad80
0010303ff2700
ffe3b03ffad80
ff73900001600
ffea403ff8c40
0026803ff4b80
fffe20000a580
ffc7100005e40
ffc45000096c0
ffeca00003c00
0013f03fe7c80
005f103fed940
0031103ff6ec0
ffd8203ff8a00
ffa1403ffa280
ffce003ffd4c0
004cf00018900
ffcca00023800
ffe3a00016900
0094d00010e40
0010900007000
0018900004100
004620000a640
fffc5000037c0
0000e00007300
ff8720000d840
ff7de03ffa880
ffb5903ff9d80
ffd6703ff66c0
003bd03fe9680
ffc0400013480
ffebb0001b440
0074d03ff9cc0
ffb000000a5c0
ffa3203ff3b00
0032503fd2480
003c603ff76c0
0036c00006640
0037803ffc480
002fd00007200
ffe150000c440
ffe2103ff3980
ffe1e03fe1f40
ff92503ff5e80
0020203ffaac0
009570000b2c0
0006300020ac0
ff68103ff4bc0
ff65103fe66c0
ffcf403ffd200
000d103ffb500
004a400016e00
0012c0001eec0
ff74b03ffa680
ffaea03ffe180
002370001a900
003740001cb00
fff8f0001abc0
ffa5600016280
ffd1e03ffc940
ff9360000ba00
ff3bb0001f880
ffd95000028c0
0020400011ac0
ffacc00006f40
ff8c803fcdc80
ffdf903ff2a00
002bc00018bc0
0012900013e00
ffd5400017100
0015103ff7300
005de03ff6a80
ffefd00014740
ffa6703ffc180
fff0903fe1400
00260000004c0
001bb00023a80
ffd2f0000e080
ffcbe03ffec80
000b703ff8dc0
001bd03febec0
000630001a100
ffe280001ecc0
0026800005f00
fff360002a240
ff6e90000f040
0031303ffa6c0
006b400022c80
ffd0603fff000
fff4203fe4780
ffd7200005c40
ffc620000b900
fffab03ffc600
ffde703ff5200
ffeb800004580
ffe9200005b00
fffb203fe7fc0
0012e03fe7380
002ab00003e80
0071400009640
002de03fffa40
fffbf03ffcb40
fffd403ff0f00
ffb6e03ffab00
ffda800001380
0009203fec540
ffee300010b40
000a300013d40
0087603fec180
00b6800017f40
002c50000ed40
001a503fece00
003020000dcc0
fff1e03ff1280
0064e03fe2280
0084303feeec0
ffdf203fdddc0
ffe5600000240
005b000015100
0025700004100
ffc6403fe8d40
0022b03fdb800
0024000012880
ff8f90000e8c0
ffbd903fe6a00
000e70000f0c0
ffba70001f040
ff9e200011980
000380000eb40
004440000c9c0
0065e00007840
006a303fe6ec0
001f503ff3a40
004aa00004380
0064203fdebc0
fff1003ff0e40
ffdfc00002e80
ffc5f03fef940
ffe2103ffe540
002b903ff5000
ffd4703fea700
ff98203ff37c0
ff5d903fdde40
ff7dc03fec6c0
ffaf700010500
ff35e00013240
ffeb800010000
006a903ff6d40
ff82803ffcb80
ffdfd00029b40
005ba0001ac80
ffab30000dcc0
ffb0b00019100
0036503ffb800
ffd9a03ff9d00
ff903000086c0
0040603fe9bc0
0078303fe2400
002f800008d40
fff330000cf40
ffbd303fed3c0
0039a00009900
00224000179c0
ffe1203fdb8c0
0054303ff8800
ffef000030600
000a40000c400
0063803ffbc80
ffc6503ff5b40
fff6603ff80c0
002ad000227c0
0010400016500
0019f03ff59c0
ffcd703ffcfc0
002d300003ac0
0074200007ec0
0014400018900
ffdce00017d80
ffac303fef4c0
ffcdf03ff1840
ffd7800010a40
ffe5003fecec0
0042d03fe56c0
0025500000540
001f503febf40
0069803fed380
004d100003f40
fff3d00009380
0005503ffc780
001c503ff0e80
ffc0400010180
001a60000fd40
0029303ff3f00
ff6a700005140
ffcad000045c0
ffd76000039c0
ff60c00010480
ffd0700004f80
fffd500016780
004880000d740
0065403fe4a40
ffd5f03fff2c0
0015a0000a300
006f603fee800
0029103ff9600
ffdef00006440
ffeb700006480
003b903fff400
001f203ff4e80
fff3103ff9700
ffeec03ff5b40
fffcf03ff8b00
0039e0000b340
0004e0000b4c0
000f103ffc180
0044c03ff3ac0
ffe8a00006e00
001e100007c40
0036f03fe4c80
ffcc203ff1f00
000db00012240
0005d00004f40
ffa2d03ff4c40
fff1b03ff6a40
002ba03ff9280
ffa4103ff57c0
ff64700003200
001d400014640
00378000056c0
ffa49000023c0
ffd8f0000df80
ffd8300012740
ffc330001b300
002ff00000600
0021c03fdc6c0
0036c03fe8900
0015903ffcf00
ff7ca00000440
fff0d00000f40
008ea00003f00
0053f00003a80
ffb7000006ec0
ff9b500014f80
0076300017400
005ed00010f80
ff92500006e80
ffe4f03ff3580
0025103ff0980
0003703fffbc0
0053200006800
0066d00001bc0
0006803ffaf80
0010003ffbac0
004a000004a00
fffeb00003bc0
ffe3d03ffc940
ffc2600003640
ffdd403ff0a00
009fc03fdc700
0020903ffe9c0
ffb0f00006340
fff8e03ffbb00
ff60a00007480
ffe4603feaf00
0065803feef80
ffedb0001e5c0
006370001d140
0022700001f80
fffa503fe2840
0076303fed2c0
fff4b00015340
0003600010800
002b30000e740
ffff503ffe740
002bd03fe3580
ffd8500007740
ffe84000156c0
006ac03ff6440
0078403fed980
fff0503fec940
ffb1800009180
0054c00021980
002fa03ff6580
0009e03fe6f80
0031600000040
ffc9203ff4f80
0097103fff240
00e2100003a40
001b503fe6dc0
0025600000ec0
ffb4000009280
ffc4c03ff8cc0
005e20000ae00
0019103ff8a80
0009500001bc0
ffd500000ef00
001d803fe5600
009ce00006f80
ff97e000151c0
ff36d03fe8c80
000bc00004800
ffffc00005980
ff99e03fe9400
ffafc03ffba40
ff77400000b80
ff66d03ff9d40
0036100002080
0093200019280
005d10000be00
0007603fdcfc0
ff85803ff3240
ffd3700011100
004e903ff7840
0031a03ff6140
0006500008dc0
0036300005f80
0061f03ff4c80
ff8ea03ff9b80
ff8e2000138c0
0062300003600
ffff403fe8a40
002d103ff75c0
0060503ffff40
ffc2703ffd180
ffd6c03fff980
ffca503ffb480
ffecf0000ccc0
0014e00025cc0
ffd510001ce80
0011f0000cbc0
ffd1e00005140
ffa8903ffdf40
fff3303ff6e00
0007f03ff3100
002d403ffe200
ffef30000d880
0035d00014d80
0038c00002ec0
ff98803fef280
003b90000b8c0
0060800017dc0
000be03ff77c0
000c203fea400
ff85300000f40
000010001dcc0
001c000004900
ff6ea03ff83c0
fffbb00018040
0038f03ffc200
001ff00004500
002f300024580
fff0603fff800
0028400016240
0023c00012800
ffebd03fd7640
001cf03ff2380
000de03ff85c0
ffff103ff4e80
0017d00013e40
ffeae0000d900
ffca7000226c0
0029b00019980
005dd03fda1c0
fff1803fe0940
ffb2a03ff8340
ffefa03ff6400
0039e0000ae00
0022e0001a6c0
0016000011500
002eb00007600
ffd8a00000c40
ffe8e03ffba00
00338000062c0
002560000b000
0076c03ffc080
008e303fecd40
007d703fee6c0
00ac500012480
005810001b480
fffc303ffc0c0
0027900000d00
0050b00004a40
fffc903ffc240
ffe8800000e80
0007d03febc80
ffa5603fe2ac0
ffe3303ff20c0
ffea803ffac80
ff7cd00013e00
002e90001d500
0044800009380
0007c0000b140
004670000a080
ffc8f03fee400
ffdb103ff5c40
0006103ffa0c0
ffcec03fcb580
000a703fe9440
ffbc500029540
ffd5503ffc780
0063f03fda8c0
003b600004600
001c20001c580
0029400009780
004f903ff5080
0029c000061c0
ffd6d00005c00
fff5903ffb0c0
0014f00007d00
0041503ff3580
fff6000004dc0
ff8ad0001dd40
fff2d03fee680
0033603ffa4c0
001a700009d00
ffcaa03feb180
ffc73000055c0
fffdd00003e40
ff8e703ff4cc0
000800000a400
007d403ff4f00
ffb0e03fdb6c0
ffead03fde580
008ca00002200
0070a00019c00
fffa703ff31c0
ff8da03ffa400
ffb890000b700
ff8f203ff4100
ff94b00003e40
fff9903ff6cc0
ffcef03fe7e00
0027d0000e3c0
003c400002d40
ffbd303fedc40
ffdd003ff9ec0
ffe5903ffae40
000bf0000a780
001e9000106c0
ffddc03ff16c0
0023003feee40
ffedb0000c4c0
ff56900004a80
ff8a503ff4700
fff4a03fff680
0018603ff9240
fff3d03fe9480
ffd7703fe4980
0019d00001940
003d700021bc0
0050303ffc340
00a9e03fea180
0058600001440
ffa73000093c0
ffca100021080
ffc250000c540
ffbdc03ff3340
0017900007100
ffb9e03ffa4c0
ffcd700005d40
002cb00013680
0026100002000
008080000ac00
0043203ffb200
fffd203ff4680
ffca503ffc180
ff64303ff8e80
0044700013c40
0059f00004e00
ffc2503fff6c0
0030000024b80
ffd780000b680
ffd0303ff8d00
0029b00004c00
ffd3a000026c0
ffdfb00003a40
ff88d03ffd640
ffb190000a900
0053700017100
00168000020c0
006d403fec700
0066503fea480
ff97200005f80
ff98d00013280
002f5000000c0
00a0003ff7e80
fff5e03ff6ac0
ffae903fec900
004a803fe7a00
ffec003fff700
0017a00005700
008a303ff4400
fffe100004a00
fff1403fff4c0
ffec403ff8240
ffe300001a340
0046d0000e180
0038c03fee540
0037403ff6d40
004fe03ff8a00
0013a03fe7bc0
fff6a00000200
0002f00027cc0
ffdca000072c0
ffd7b03ff4440
002e600008b80
ffeb103fef700
ff90903ff2b00
fff440000bd40
0002e00001a80
ffd6400002cc0
ffecc0000aa80
0017d0000ea00
0032a00003680
fff7703ffd780
003330000a000
0096103ffbe80
004f503ffb540
004670000f6c0
0031400014600
ffebd03fff100
001e303fdec40
fff0e00004680
ff8480001c400
ffac303ff48c0
ffdbd000069c0
fffbb00011b40
003ea03ff9400
0005d03ffff00
ffe7300001f80
0094a000013c0
009d303fed680
fff6503fe90c0
ffea80001d200
ffe8c0001ebc0
fff2300005d00
005940000ee00
001af00000100
ff94a03ffd840
ffc8500012f80
001540000a3c0
001e903fffec0
0000400001a40
ffb3d00006500
0003d0000ba40
002b003ffea00
ff7fa03ff8880
ffdbf03ff4440
001fb03fe7e00
ff5b40000bd00
ffbe100025440
fff4c03fff240
ff67603ff5d00
fffcf00007ac0
0072003ffc340
0024003fe8880
001f603feac00
0037c000079c0
0013500016140
fff2303ffa200
ffff603fdf780
ffc7f03ff41c0
ffc1b000102c0
ffee000007400
ffc0d03ffb740
0006703ff3180
ffff703ff5e00
ff9bf03fff340
004dc03ff5540
0089e00010f00
ffd8f00021440
fffe003ffb7c0
0045803ff7880
ffad103ff2f00
ff80603fee740
0001300005880
ffe6700003000
ffe4600006c00
000b400005ec0
ffc2103ff4c40
002b300004180
006f50001a180
0037f0000cf40
0041d03fee4c0
ffca100001880
ffbe40000ab00
0027203ff5680
0052900023840
0073f00023dc0
fff8103ffec80
fff080001ad40
000f900016240
ffcfc00014240
006ff0000e940
007fb03fedb40
003f50000cb40
003b9000176c0
ffade00003f00
0023b03ff9a40
0056603ff6280
ffe1e00025340
007380001d6c0
005da03ffc940
0011a0000ffc0
003c003fef280
ffe8303fdcdc0
000c200003280
0028000011b00
ffbca0000bc80
ffbda03ffaf00
0003900011780
fffea0002cf00
ffd2e00003440
ffeae03fee880
ffaa300007f40
ffb530001af00
0097500027f40
0054e0000c1c0
ffb4b03ff2cc0
000a000017ec0
0005b00011700
ffbe303fe10c0
ff9eb03fe9840
ffbe203ffd740
001cd0000cf00
0025c00003c80
001d103fe2040
0009203ffce40
000c000005040
0038903fed800
ffebe00004ac0
ffe0d00008ec0
fff7400000f00
ff69403ffb000
ff96003fecdc0
0041903fea8c0
ffc2b03fe9b00
ff4c30000c7c0
ffdc60000bbc0
fff1f03fdfd00
ffa1603fed680
ffea503ff4040
ffe4a000040c0
ffb9c00022400
00016000034c0
0001103fedb40
002a803ff9380
0042b0000f3c0
ffb0d00004980
ffaf103fe6300
ffd9900009700
ffa5200014140
ffdf903ff0bc0
ffff503fe2900
ffefa03fe1680
0009800000580
0040103ffdc40
0054103fe9340
ffc5800005800
fffb303ffe300
007c903fea700
ffc8800010000
fff3d00022700
0032a03ff5f00
ffb4c03ff7580
00772000161c0
004e403fe8000
ff85803fefa40
003c200018580
0018d03ff8f80
ffce803ffb9c0
0058b03ff3dc0
ffec603ffb000
ffa9500025b00
ffffb00000700
0011100003580
0037b00014480
0000003fe7580
ffd2103fe9740
0050a03fe7000
0034703fe5780
ffbac00001f80
fff0000008a00
000ef00011480
0003a00013900
ffb6b0000d000
ff57903ffff80
fff2103ffff00
0005600004480
ff9e503fee040
0010a03ffb880
0018603fed840
0026a03fcfc80
000e103ffa080
ffb1603ff2980
004f303fe3b40
0025503ffef40
ffee503ff5b40
0049f03fffac0
ffd9200009fc0
003b103fff1c0
0027a00000080
ff9250000b380
0038000018680
0016303ffb9c0
ffedf03fe7940
0002103fea480
ffda103ff1240
0041e0000b380
ffe5a03ff0c40
000cf03fef340
00361000077c0
ff76303fdce80
fffbe03ff3d00
ffccd0001db80
ff6340000fa00
fff66000189c0
ffca900000400
003f403ff47c0
0054b00017900
fffa500003240
006cf03fef340
ffef900007fc0
ffc5f000021c0
ffe0b03ffae00
0028900015dc0
011a200004d00
ffed703ff2a40
ff53b00008d00
007b903ff23c0
ffda703ff5380
ff6730000c700
ffec903ff0fc0
ffc9e00000240
ff9220000f380
ffa6503ffa6c0
0002f03ff7740
ffdf700004240
ff87a000240c0
ffbf40000dc80
000d303ffa800
005c400022180
002ca00012300
ffcbe00005540
fff3900007100
002f003ff3ec0
00530000147c0
000150002a080
ffacd0001b540
000ad03ff5f40
0022703fd1a40
ffcfe03ffce80
ffbe20001ce00
ffd2000003580
ffe5c03ff79c0
fff2903ffbc40
ffb9f00003300
ff9d203ffce80
002080000b780
0048700027b80
ffe2e0001a500
ffce00000f040
ffc8300000700
ffe4f03fe9dc0
ffeb000003900
ffa430001ff00
ffe000000eb80
fff0b03ffc1c0
ffcfb03ffb5c0
002f903fef400
001c103fe8d40
0021b03ff5040
0085600001400
0014500012f00
fff2d0000be80
0044203ffdfc0
fffff0000c600
003d1000090c0
0047700005a40
ffb3d00005180
0024803ffe5c0
005ed00016880
ffef6000149c0
ffe8103fff880
ffa290000ed00
ffd2b00015e00
002cf0000e200
ff89f00010740
ff4a10001e4c0
ff96a00011fc0
ffbfe03fe4b00
ffd1e03fe51c0
ffc7303ff8780
ffeb703ffbbc0
ffdff0001b400
ffd0100019ec0
ffccd00000640
ff8810001ec80
ffdf20000f840
0028803fd3600
ffd3903fff980
ffb5f00028bc0
ffbb903febcc0
0001d03fde400
fff2900012d00
ff7790001c080
ffbfb03ff3080
0004f03feab40
000c600020c80
0055b0002c140
001c200008e40
ffd9000002b80
ffe8600001580
0008400003ac0
0060a00003640
0025203ff9ec0
ffc4a03ffc740
001670000b280
0004f0002d980
fffd800029a40
0067900011040
000f4000141c0
ffb9b03ff3200
ffcb303fedf40
ffc8c0000f200
fff6300008900
ffbff0000cc40
ffd7d00004040
005eb03fed780
0000c03feb100
ffc9b03fe0300
0017e03ff2280
003eb00009000
002f0000117c0
ffe0000010540
004fd03ff9980
009290000f2c0
ffd6800016b80
ffb7603ffc200
ffd8200002280
ffb7f03feb600
ffeec03fec880
004820000d580
0029a03ffc900
ff9bc03fff600
ffb6900001900
0004e03ffde40
0025a0001e1c0
0042b00007d80
ff8a203fe5940
ff85303fffd40
001db00008000
ffce900000240
ffe43000109c0
0026803ffc0c0
0027c03fe1280
fff320001afc0
ffc1a0002a940
005d203fe0d80
0000103fe46c0
ff9e500002600
0033303fedbc0
ffbec03ffed00
0002100012500
005e403ff8ac0
ff97803fede40
ffcd100001780
ffa7200002c00
ffaa603fede40
0073603ff7f80
ffb720000e140
ff6860000e140
fffcd00004400
ffe5f03ff2040
000cb03fe7440
fffdf03fe8480
000f603ffb780
009af0000ec00
0002e03ff18c0
ff69703feca80
fff69000166c0
0031d00010100
fff4900004000
ffe8d00018b40
0018b00018540
0023700006f00
ffc7103ff1d80
0001203feda40
0006100004ac0
ff4d70000b5c0
0011703fffdc0
006fa03fee540
ff7a803fda0c0
0000a03fe4780
ffeb503ff8a40
ff31a03ff2780
0000d03fee900
0005003ff98c0
ffc8a00002300
002d500008b80
ffc0500014f00
ffb330000dd00
0032403fecdc0
0032d03ff19c0
fffde03fffb40
ffdba03fe5e40
fffb803ff4480
00594000060c0
001f403fefb00
ff38400007080
ffa9b00006ac0
0069703fea080
ff9d200010e80
0005600006200
00c6903fdd880
0001a0000b880
003cb0001ae80
0087a03ffb5c0
ffc5003ff5d40
ffe5a03ff4780
0093700002680
0039c03ffab40
ff81103fe7780
000b50000e2c0
0039b00017580
ff8be00003640
0007500012380
0042903ff5680
0000b03fe4480
001a50000f600
fff0e0000d580
0029500002580
ffc930000b3c0
ff6a000006580
003380000ff00
0028403ff4080
0017803fd30c0
001cc03ffc000
ffaf10000ebc0
0057f000058c0
0040700017840
ffc4c00012740
0064700002a40
ffdb403ff9440
ff3ab03fde7c0
ff98603fd7700
ffbd103feafc0
002e203fe45c0
0031e03fe1840
ffd530000d4c0
0036e0000d240
0031303fea980
ffe3e000059c0
0016100009780
0026403ff32c0
001d40000ed00
000af0000bc80
0011503ffe180
004b900019840
000f7000110c0
ffdf103ff4000
0026403fff4c0
0030b00019000
0038b0000cc00
002b703fe9dc0
ffdf603ff3780
0028c00012140
007760000a880
000c003ff9f00
ffd7c0000cd80
0051f00013680
0094c03ff23c0
001f003fff100
ffee100016880
0054303ffc000
00419000087c0
fff58000142c0
000d603ff86c0
fff7d000016c0
ffacc03ff6b00
ffc5003fdd040
0039d03ff6a00
0047100001940
ffecc03ff4340
0017003ffa600
0034803ffd440
ffd6603fe48c0
000bb03fd4280
0033703fe7940
ffb2e03ff0480
ffae703ff1780
0007f03ffdf80
000b203ffb780
ffd8300008440
ffccc00019440
0005e000109c0
fff880000fac0
ff9de0000eb40
ff4670000edc0
ff5640000f6c0
ffee703ffe440
ffed503fefb40
ffbdb03fe4ec0
000e703ffae40
001140000f8c0
004bb03fe2ec0
006d203ff1180
003c60001f2c0
0083403fecb00
0019103fe1400
ffa8600007680
003cb00007f40
007ac00006dc0
0053203fe1040
0008503fe41c0
ffd120001b780
ffa9a03ffd7c0
ff9b503fefc40
003eb03fff740
002db03ff1b80
ffec10000c400
007c803fff980
0041003fedd00
0033d00006380
002e603ff11c0
ff76600004d80
ffe2f00012fc0
001fa03ff7780
ffc3000016fc0
0027403ff2cc0
0052e03fcc6c0
00326000103c0
ffb810000fc40
ff7fe03ff5d00
0022a03ffb680
0003b03fe0a40
ffc9303fea400
006ea03fff600
00a6e03ff8600
003fd03ffd500
ffed003ff2340
fff0403fe76c0
0040c03ff6780
00a76000057c0
0053300013fc0
ff7fa00002fc0
ff8fd03fe8a00
ffeab00002d40
000bc00001500
0032d03feda40
ffdec00022280
ffa2900030140
ffd7d00013400
0019400008840
0011903fd7a00
ffd8203fe6d80
000f000015340
ffe7703feb9c0
ff99e03ffbc40
ffdb0000337c0
ffa8900027ec0
ffe7d000148c0
0064c0000d1c0
ffc63000169c0
ff7ff00006f40
ffc8003ff0280
ffe9400010a80
0018100002600
0035703fe87c0
006bc00017940
006480000f9c0
0007503fe7540
ffc280000bcc0
ffddf0000d2c0
0049503fdfd40
0015203ffae00
ffe4c03fffbc0
0043f03fe3000
ffff600001f80
ffb7403feb900
0001e03fe4940
0004d00024d80
ffe6903ffe8c0
0030003ff52c0
0049500030ec0
ffb1c0000ce00
ffd1b00000240
005b50001f600
ffd880000eb80
fffc603ff9c80
006f403fef800
ffb1a03ffb600
ffaab00013100
0022100017bc0
ffde703ffee80
ffea703ff6240
0012100017100
000bf03ff74c0
0030803fe7900
001d70002de00
0042e0001ec80
005ea03ff7680
fff8603ff1a80
0070003fd83c0
0099800001380
ff7940000ce80
ffa2e03ff8a40
000d50003a3c0
ff8c000026840
fff0c03fe69c0
000f1000124c0
ffe8d00016900
0034f03feb400
ffd4603fe7c80
ffcfb03ffdf00
ffc6600017500
ff95603ff8380
004cc03fe5c80
007680000a700
0063b00003680
001c000001040
ff73c00017400
ffce80000f840
ffb5800006000
ffc6303ff1e40
009ff03ff1c00
00142000097c0
ffbce0000ccc0
fffe200011d00
ffbbe03ff6400
ffd1503fe65c0
ffc2500004400
ffa9603ffbd80
ffb8300005140
002520000a4c0
008df03fdbb80
ffcd903feab80
ffeab0000e0c0
003eb0000d400
ff8cc00009880
001e203ff91c0
0048d03ff9b40
ffd2803ffbc40
004b403ff3680
0035103ffed00
003e700002a40
005b203fffe40
0037900007140
0020a0000e480
ff6cd03ffdec0
0028d03ff2000
00d8b0000eac0
ffcdf03ffedc0
0002c03fe7e80
000f50001c300
ffaa000012a80
0038f03fdf440
ffdf003ffa380
ffb7b03ffdec0
ffd4503fe6900
ff64003ffc500
ffe8b03ff59c0
0050e03ff1c40
003b7000057c0
002ec03fd4780
ffd4003fcc040
fffca0000b6c0
002fe00006ec0
ffd83000003c0
ffbc500005fc0
0020703ff3f00
0056d00010c40
0025b000188c0
00437000060c0
fff12000151c0
ffdcc0000edc0
00daf00001700
006a800000bc0
ffc1400002940
0084f03ff5d00
005e103feaf00
ffc3b00011d00
ffd8000009900
0020c03fe6dc0
0045300002740
0006200000240
ffea400007b80
ffc0900015540
ffc6703fe2340
0003f03ff3500
ffd3100016bc0
000fa03fee280
001d003fe9c80
ffd9703ff98c0
0019603fff040
001870000e8c0
0064a00000780
0043500009780
ff99300020bc0
000ad00000ec0
0008403ff7100
fff5703ffdbc0
0038203ff5700
ff89400019e80
fff9500013780
0089103fe7180
ffd4b03ff7f40
ffe3600001080
000bb00011b40
0022100011480
0045603fd8300
ffc4003ff7cc0
ffdfd0001dc00
001e303ffa400
ffd8200003440
fff2103fffb40
0016903ff2300
000b500002680
ffe8203ff9640
ffd490000d7c0
fff0f00019980
fff2403ff5f40
ffe9503ffd9c0
ffa5b03fffa40
ffb9503fe5280
0086f00004480
006100001ddc0
ffc5200008f40
003a100018ec0
0031200030500
ffa040001f780
ffdda03ffd6c0
ffc0403fdc500
ff7d703fe3200
000e003fef280
0047503ffbc80
002d1000198c0
0060803ff1380
0034803fead40
ffa490001ad80
ff97703fe3bc0
0033303fd60c0
006a000011d00
000eb0000fc40
ffd3100007440
ffc72000035c0
ffde300009a80
ffebe00005c80
fff5403fec5c0
ffce803ffe140
ff8fe03ff5540
ffe34000025c0
ffe0500032f80
ffb0503ffb0c0
0009a03fe3940
ffee400017440
0004d0000bb00
0032c03feb900
0027103fd4a00
0084403fdabc0
ffca403ff8a40
ff21d03ff0b80
ffb1203ff0940
ffb6c00000a80
ffd7603ff88c0
0007e03ff4b40
0017203ffa600
0076b00007840
002510001d280
ffeab00003b00
ffe5b03fd2f40
ffd0803fe8a00
0012700011300
ffdf8000123c0
0019000009200
0050503fff100
ffcbd0000b480
ffce00000d4c0
ff93803ff8700
ff92003ff9a80
ffec903ffdf80
ff9a70000e680
ffebe000048c0
001c103fef380
ffcfc000160c0
ffed9000104c0
ff89d03ffdac0
ffa8c00010280
000ba03ffe800
ffc1703ffe180
0033b03fdd4c0
0036403fc90c0
ff96c00001940
0009603ff3500
0023100001f80
ffac60002d3c0
ffc4303ffab80
ffdd803fedf00
0039303ff3dc0
006b203ffb300
0000500014180
005c7000056c0
0095e0000ad00
0016d03fee340
0058403fdb340
003920000f500
ffbe903ffd6c0
001e303ff1600
fffce00006000
ff79503ffc840
ff7200000dec0
ffbf203fff440
005c903ffd100
009040001e040
004860000b380
fff0100011e80
ffd530001c880
0014a03ff92c0
000c403ff7200
0018900012b40
00350000164c0
fffce03ffb980
002b800000c40
0055b00018c00
002800001a840
0018d00027240
fff9f00000240
001e103fe3700
006bd0001fa40
0012c00007400
ffb0d03fd7500
ffeaa00012e40
ffd1d0001d780
ffb9f03ff7640
0054f03ffa240
0064903ff7fc0
0011d03ff4f40
0018803fefd40
0028b03fea700
003f803ff79c0
ffd5003ff8080
ffb0400002f00
0025a03ffb940
0013403fd9c00
002ad00008e80
0038300022cc0
fffde03ffb5c0
ffdb50001d340
ff8140001ebc0
fffe903ff1ec0
005960000a580
ffcfe0000cfc0
ffcf100004b80
ffd760001c3c0
001af0000fe40
0033703ff5940
ffc6f03ff5900
ffe9200011a80
ff93b00013f40
ff95e03ff5580
002cc03ffb4c0
000b200003a80
006ac03fffb80
003ba00001d40
ff9d503ff5200
0020a03ffb480
fff5500008180
ffa19000052c0
fff25000124c0
ffbe80001b400
ffbc903fff140
0049003feda40
006ae00010200
fff9b00009440
ffeec03fd3700
ffeac03fdb280
ffb5f03ff2a40
0030a03ff8100
0009103ffaac0
ffba903ff3a40
005090000a100
002070000a440
0013d03fe55c0
0085b03fe1800
0034603ff4980
fffc20000e380
ffe0400019280
ffc900001fb00
0049c00019000
00bef03feb6c0
005f403fee2c0
ffcf500002c00
fff6a03feb6c0
fff2003fee4c0
ffc2303ffcc00
ffeda03ffd140
ffda903ffc380
ffdec0000a180
ffd4d0001c000
fff630000e800
0050400023b80
ffe650002f940
fffe103ffe580
0022b00000980
ff63800005b80
ffcb903ffa800
006470001e240
000f10001d200
0012b00006c00
0008b00000d40
fffc603ffac40
0051100013d40
004c800018f40
0006003ffd440
0004f03ffca80
0023700008800
ffedb03ffd400
ff8c403fe9280
ffa9603ffdd00
0010100013180
ffffa03ff5440
fff1703fea6c0
0018d03ffae80
ffde403ffd940
000790000e6c0
001ed00025200
ff8820001dd00
ffe8e00001a80
0065103ff1d80
ffdb603ffb380
ffb5b03ffa400
fffb303fe4a80
0019103fe36c0
000ce03ffd480
0016600010e00
002bc03ffdb40
ffc4b03fe9180
ffb980000d580
0036c000149c0
0028e03fe8580
ffd3903ffd440
fff060001b280
003de0000a340
fff2b0000d3c0
ffcb700005e40
004b303ffad80
0020b00002800
ffc2c03ff3740
ffdf603ff96c0
ffe37000043c0
000a003fe5dc0
002f503ff2840
006d900019b00
00be3000028c0
0039803feb4c0
ffd41000004c0
0071a00010540
00a8700007c00
0025403ff0780
fff3003ffcd40
fffa600013fc0
0024e03ff7980
004db00006040
002150001d640
007bc03fe6ec0
0081103fe0640
ff9ab03ffac40
ffce700001540
004a100019040
00174000059c0
004ab03ff7040
0029a00004940
ffbdc03ff56c0
ffb9103ff1980
ffed103fec240
0030c03ff2dc0
ffdd200006800
ff53303ffab80
ff37303ff6f40
ff8bb03ffda40
00122000162c0
002f200018c40
006cb03ff6fc0
0075d000159c0
ffdeb0001fa00
ffda503ff9a40
ffeeb000008c0
ffcb603ffdbc0
fff2203ff2e40
0031203fef940
0099e03fefd80
0046303fe5b80
ffac903fd48c0
0018100009fc0
003190000be80
ffca903fe0fc0
000010000ea80
0065e00014b00
005fd0001de00
002550002d940
001ca03ff9380
ffe9e0000dd00
ffdea0000e700
009c903ff4940
00c68000127c0
0004a03ff5c00
ffe2e00003340
0014e00011fc0
ffe9403fe7c40
002b40000bc80
0025e00008100
ff5e800005880
ff94e00031340
0022000003980
0010b03ffb500
0057200010e00
002e100002a00
ffd4d000077c0
0016203fee880
000bb03ff6040
ffccf0000eb40
ff6d803ffe000
ffb6403ff7380
008e203fdd940
004bd03ff5140
0027c0000e100
ffea003fe5b40
ff1e000017600
ffc6700024c40
0032503fd9a00
ffd3200001280
0037600028380
0048203ff6940
0042503fdf380
0056f03ff8800
fffee0000bec0
ffa6d03ff44c0
ff80c03ff66c0
ffff300004d00
0014903fe8980
ffd2203ffb340
007710001b600
007bd03ff8000
ffffc03fe03c0
000ca03ffa280
001e803ffd800
0015c03febd40
ffcb700007540
0002b0000cf80
0034903fee380
fffa103ff86c0
0088603ff2540
0064303fee2c0
0013a00002f00
00a3f03ffb4c0
000c700011140
ffb000001b280
0042203ff86c0
0062f03fef2c0
0093303feb9c0
0028d03ff7500
ffc41000023c0
0046a03ffecc0
001cb00010b00
ffb9a00006c40
0025803ff8380
0061303fffa00
0044f03ffaa00
0096103ff8200
0041303ff16c0
ff67a03fff300
fff2b00017600
003fd0000ce40
ffcd003ff5680
fffa403fe7f40
ff97403fff8c0
ff93700010580
fff690000f3c0
ff6b60001cbc0
ffcae00003700
0033403ff3500
ffd5f03fe7040
0043203fcec80
0031a00000300
ffc7200010280
002a703fff000
0009200002040
ff93403fd9880
ffdca03ff9100
00046000236c0
ffb0703ffcc80
ffb9200004a80
ffded000113c0
000f500007980
0052203ff54c0
000f503fe11c0
0000100000d40
0018b03ffcb00
0002703ff0c00
001fa00009f40
ffb4303ffe700
ffab400010580
0043000021480
fffd300001140
ffc7d03ff3ec0
000f103fe4740
004fe03fee480
00553000160c0
ffdbf00010f40
ffe8b03ff9280
0036a03ff4cc0
0009b03ffc100
fff3703fff6c0
ffe3803ff1dc0
ffe5103fdf940
003d103ff1d80
007da00013fc0
ffeb200008e80
ff95000009600
0044900014640
0024803ff7dc0
ffffb0000a3c0
007140001bf80
ffe4303fe8400
ffc8c03fe0440
fff1100000e00
ff9860001db40
000460003a8c0
0025400019e40
0042d03feba80
008b103ff62c0
ffc4803ff6300
ffc9b03fef1c0
003a503ffb5c0
ff94a03fec940
ffc1903fe7e80
006f803ffe5c0
001bb03ff5dc0
ffcd103fe16c0
ffd8a03feb340
ffa8200009380
ff8d4000082c0
ffb8903feca40
ffe2e03fee1c0
ffea203ff0f80
0008803ff1e80
0049f03ffbc40
001ef03ffca00
ffea00000f900
0040200002600
0084e03fe4340
006af00005100
000ac0000c280
ffb2303ff13c0
ff6f200002ac0
ff74b0000b740
0055c03fee340
00b4d03ff3480
0023b00014900
ffc6303fffe40
ffbc603ff7a80
004af00006940
0005a03fd5b00
ff48b03fe2300
0017700013480
0003b03ff1540
ff4b803ff8a40
0020d0000b2c0
009e903fe5240
002c603fe1e00
ff9b503fef6c0
ff9b203ffa840
ffd9b00011900
ff8bd00001500
ffbe403fd5c40
fff7e03feccc0
ffe5d000175c0
ffdea00005ec0
ffe1000013840
00ba400014d40
007e203fea600
ffc120000b7c0
006c200019e00
0024300001140
fff630000d640
0006e00004380
ff40000003140
0029003ff5300
0096c03fd1700
ffe7003fea300
0056e00015d80
ffe9200024580
ffe26000011c0
00b8103fe2000
0009e03fef880
ffe6903ff0740
003d303ffc740
ffb5003feec40
fff0503fd7ec0
0047103ff5080
0003503ff3780
000480000e240
ffed400023680
0005103ff23c0
0079f00017540
005bc00032240
fff5a03ffba00
ffa9003ff7080
ff4ed03ff2940
ff84e03fe6480
fff7c03ff6480
ffc7900009e80
ffdc20000bc80
0087203fede00
005a303ff7800
ffba200004940
ffbfc03fe47c0
ffdf500001240
0013e0002a280
003b10000c680
001fb03ff2bc0
0019603ff3e80
ffbe903ff6780
fff1d03fff1c0
007d903ff9cc0
ffee503ff6140
ffd0500015640
0030400015180
0017c03ff6800
ffe2000000040
ff38b03ffc840
ff87103ff4bc0
0035b0000c880
ffac20000e400
fff9400016400
008900001d340
fff50000087c0
ff9d70000fc40
ffd400000e680
002ae03feff40
0052d03ff8e40
0035800014840
ffc1c000084c0
ffb3003ff7d40
003ba0000a800
ffd740000be40
ffb1e03ff0a00
0042803ff6a40
0002d0000ea80
000cb000076c0
004f100001140
004b400015380
0057300013980
ffefc00007c00
ffb8800015980
ffad200013780
ffc99000060c0
0005c03fffc40
ffbbe03ffea40
000f40000ba00
0070603fff180
0018203ffa5c0
0008100014ec0
ffd0f03ffe7c0
ffae203fe6300
ffe7103ffe140
ffec8000007c0
ffddd03ff6440
ffe2603ffd680
0035b03fef440
0049d03fdd480
fffd403ff5bc0
ffd7d0000b8c0
ffc550000bf40
fff420000b280
0009d03ff0380
001a903fece00
0041e000113c0
000bb00013240
fff2803ff5980
ffbe903fe6180
ffc4f00005b00
0020400011940
ffe2103fee580
ffe4303fff980
fff9c0000b7c0
ffe1d03ff4540
002f103feda80
0000003fe0180
ffd410000a780
000c900022e00
0038703fed7c0
006fe03fe6480
002db03fd7840
000b603fe0800
003aa00028b80
0022100019080
001d803ffedc0
0007e0000e9c0
0003803ffc1c0
fffcd00000a80
ffbd50000d8c0
ffdf603fff440
0012f03ff3ac0
0024703ff5900
0026a03ff5c80
ffcae03fd7040
ffb8e03fd8dc0
001d600009540
ffe9c03fff440
ff9aa03fd88c0
0009103ff2080
fffee0000e3c0
ff9e503ffaa80
ffab20000b180
ff7a400012140
ffbdd03fdc480
003f603ff2340
0013d00015040
ffda503ff3f40
ffdac00007540
0045900016700
0061e03ffc000
000e700002300
ffb5a03ffb380
ff4d103feeb80
0009703ff4140
000f203ff4340
ff37903ff9d00
0013003ff4740
fffdd03ffb980
ff87800016d80
0055b00003700
0031103fef840
0028d000145c0
fff4a0001d500
ff6c1000028c0
0001303ffd600
0037703ff5740
0005e00004480
fff2e00008e00
003b203fdd480
005af03ffa600
ffcd800015540
0030003fe2380
0016c03fef280
ffcef00002080
0088903fee800
ffe8003ffab80
ff9fd03ff9180
0012600003000
ffe0800012e40
0030903ffcf40
ffe7c03ff3ac0
ffbc003ff5640
0032803ff1bc0
0001903fe3cc0
0001803fdc2c0
0018803febcc0
0039c03fef000
0003b03ff7140
ff82b03ffda40
ffc1003ff6700
ffdd903ff8a00
0029203ff1480
004e703ff8b00
fff4c03fee600
ffb1103feb5c0
ffad600000580
ffd1003ff1a00
0011303ff1940
ffe9003ffc1c0
ffe4200001cc0
0009a03ff7940
ffdad03fefb80
ffd2200000980
002b603ff37c0
fff2d03ff9640
ff66e0000c5c0
ffce503fe9600
001ff03fed7c0
ffee50000c540
005340000b900
0063f0000b2c0
0018c00011c40
006110002d000
003bb000268c0
ffcba03ff8800
0014203ffadc0
002060001e2c0
ffb4c00028100
ffd050001a1c0
ffdf800018340
ffbfc00001840
000ca03fe5e80
ffe8200011940
ff9f600031a80
0009500027700
001e10000c200
ffd4003fe0f80
ffeb003ff3b40
002ca00009500
0020e03ff8f40
ffae703febb00
ffa4d03fd5bc0
0028303ff1800
0007f00008b80
ff79703ff57c0
ffbb003ff8340
0037903feae40
fffe403ff2d80
ffc7b03fff880
ffb2003fee640
ff9f80000ac00
0026200012700
005b903ff6a00
fff8c03ff0fc0
0011a03fefc80
000ca03ff4f80
ffbb803ff3040
0013d03ff2b00
006e403ff4980
001fa00003f40
fff6600016b40
003dd03fe6d40
003fa03fcd300
ff7d203ff1900
ff1ca03ffd400
0017f03ff8c80
004d303fee180
ff68203ff6440
ffadc00000740
0024303fedf00
0047803fea0c0
004e403fee280
ff74703ffbbc0
ffb3803ffcf40
0031f03ff8740
ff7c300004100
002ab03fe0840
00b3003fe1640
ffcb3000041c0
ffcb803fef400
0006503fffbc0
ffde50000ab40
ffd1c03ff8940
ffd8600006880
0020603ff8600
0056503fef4c0
0061403ffdb40
0014c0000a440
ffc250000f980
ffb3b03ff6f00
ffa1a03fff400
ffea600012dc0
fff7d00008980
ffdd000003d80
ffcc703ff4500
ff73700008f40
000e50002a100
0047800013200
fff860000ae80
00dcd00010440
009ba0000a200
0008800012680
009670000ce80
0025703ff81c0
0001603fed600
0021e03fecac0
ff7a203fefd00
ff9c703ff4340
ffeef03ff7280
001b203fee980
0034503fe9f00
ffc3803ffbd80
ffd7f03ff80c0
fff1903fdc000
ff8b503ff4a40
ffb7e00015000
0017400007a00
ffdce00019800
ff91100032f00
ffdd400019600
fff2d03ff14c0
ff84c03feed00
ff9cb0000e840
ffec903ffe600
0005403ff1c80
0038f00014f80
0037200008800
0006900006a40
fffb700021b00
0020600016380
002e600002f40
ffdbf03fe9f80
ffe6603ff41c0
0042a00013680
fffd100013180
fff920000ec00
006b703fe8f40
0043303fddb00
005600000a8c0
0088a00013900
000020000ffc0
fff650000eec0
002c90001b180
000d100029300
005a900009880
0059603ff7400
000e203ff8840
0010400007c40
ffdaf0000f340
ffc9003fea840
ffe3000005cc0
000bd00029500
005e0000015c0
0025b00005ec0
ffef300017680
0025303ffc800
0019403ff6dc0
00393000041c0
006d300004580
fffb203ffb800
ff8a803ffc980
fff7600006580
0083c0000f7c0
001b30000d3c0
ffd7800003d00
0050400010fc0
003300000e5c0
fff1e03ff4d40
fffee03ffc800
ffd6000006ac0
001d903ffa180
002c403ff2180
ffc7503ff4840
001f503ffe840
0016300005c40
ffb1d00004200
0028003fffa80
0031403ffb4c0
ffd1303ffff80
00186000093c0
0071100005a00
005f900011cc0
0027600014b00
0043803fe0440
0042203fe3080
ffd5b0000c000
ffaca03fffa80
ffe0d000167c0
004f400011a00
0024d03fe1440
ffa5c00003bc0
0028c0001e040
002400001b1c0
ff96400016c40
fff2703ff9140
ffef900006000
ffb740000a380
ffb2600006c80
ffc400001a940
0043703ff4580
ffd1d03fee740
ffcb50001ac40
00cc6000108c0
002ad000030c0
ffb630000cf00
0045a00006bc0
ffe1203ff4d00
ff9e403ff7200
ff9b003ffecc0
ffc6903ff5ac0
0049b03ffc6c0
ffdb303ffc940
ffa3b03fffa40
0005000024d00
ffee80002ca40
ffe0a00007bc0
ff8ba03feaa40
ff92200005cc0
004b200018100
0042803feb580
0012703ff2cc0
fff2d0000ae40
ffb7703ff9480
0017e00013fc0
000d700018540
0005003ff4940
0073803fecd00
ffcf703fe9140
ff53503ffdd80
ffdbd000086c0
fffc103ff5f00
ffd7600007400
ffdbe03fff740
0002303fe1dc0
0017103fea540
fff2003fe30c0
0009303ff0900
0007800016780
ffdc000005b40
0017503ffd5c0
0030d00006f00
0001a03ffe0c0
0015d00003480
fffe103ff4e80
ff8ac03ff84c0
ffc6e00020980
003d80000c140
ffd6803ff17c0
ffe450000cbc0
006ed00013cc0
0027100003400
ffde900011b80
ffcca000192c0
ffd6903ff5200
0034a03ffd6c0
0029d00011680
004b603ffa880
008a200013ec0
002fa00012280
0060903feb840
0058a00005f00
ff87003ffff00
ffd6403fed280
0051000003640
ffce500000340
0005903ffde80
0097c03ffca00
002c103ff1c40
ffbbe03ff5e00
ffcd80000aa00
ffcf6000100c0
fff7603fefa40
0048a03ffa000
003eb00007400
000c403ff4100
ffec50001b240
ffc830000b800
fff7903fd5740
0011100010940
ff9640002d200
ff89f03ffaf80
fffc203ffb8c0
0006d00002ec0
fff9f03fe7e00
ffec703ff2940
ffb2200002f80
ffc5b03ff4f40
0037100001ac0
0052903ffa7c0
ffee603ff1fc0
001f3000163c0
005c20000b380
ffb0500000880
ffffc0000e840
00ba90000d040
fff1200014080
ffd9e03ff0ec0
009fb03ffce00
000770002a380
ff84503ff5a00
0039503ff0540
0081d00006900
0008003fe4fc0
ffc4803ff18c0
ff9f003ff91c0
ff8db03feb0c0
ffdfc03ff5580
ffda200009440
ffab600013fc0
ffe7d000014c0
ffdc90000e380
fff6600009080
0037203fd4340
fffb703fe9300
003f503ffc5c0
0059503fe5980
ffcc403ff3540
000fe03ff53c0
0023f03ffb7c0
ffa9d00014300
ffe2a0000c380
0014800006080
fffc0000081c0
ffa6b00007300
ff9120000b880
003c703ff5340
ffd9e03feda80
ff7f50000ad80
004a403fff540
fff0b03ff4d00
0019200011580
00ce60000b840
ffb1903ff67c0
ff7bb03ff1080
ffffb03ff6c80
ff830000149c0
ffb300002a440
ffa4200017780
ff68403ff18c0
ffe02000030c0
ffbf100026300
fffd500006a40
0054c03ff8c00
ffc1f00006680
fff2f0000cd00
0063800019100
0015b000084c0
fffd40001a880
fffdb0002c040
ffc980000ac80
ffc9300015440
ffe5b000026c0
ffd8f03fe1a40
0012c00007040
003c500015c40
ff9740000e800
ff8ec03ffef80
0066603fe2f00
006c003fdb900
0018803fe37c0
0031c03ffc940
0011a03ffa840
ffae503ff5280
ffbb203ffac40
0028003fe3640
003fa03ff5bc0
005cd00002e00
0084903fef6c0
0055f00001400
0073b03ff7240
0072c03fe8f00
0023f00003340
ffe340000e9c0
ff89800009680
0019000004b00
008a400005900
ffcb203fee280
ffcc503fe0580
ffff603ff63c0
ffd9b03fecb00
0057f03ff8700
0059b00023f80
ffd3f00017480
ff7d103ffac80
ff863000013c0
000e70000ba80
004b7000070c0
005b600010100
0057b0000fa80
0033100006f40
002ba00023280
ffd76000112c0
0006403ff3d00
007b3000187c0
0011900005380
ff82603fd99c0
ff83203fff6c0
004990001e980
0054603ffb800
ff97f03ff6600
fffa900022140
000cb00017240
0019f0000a1c0
00a210000b040
0000803fece40
0007100004380
0042100006fc0
ffbad03fee180
00178000007c0
ffded03fede00
ff78600000b40
ffc4f00013440
ff99703fe2a80
0020003fef000
00bc503fee880
007bc03fe2280
0010900006600
ff89e000096c0
fff3f0000e440
004ad03ff43c0
ff75803fd2700
ff84e03fff580
001f700008d00
ffcb103ff7a00
ffc3500013f40
003a300016e40
ffe3f03fefd80
ff81e03fdaa40
ffb6203ff6040
ffcb8000148c0
ffe890000c1c0
ffc8103ff9380
ffd4203ffad80
006d603ff2e80
0030b03fedd80
fff280001d300
001180002ddc0
ffc4b000125c0
002c600000cc0
0059503fe3140
ffe0103fef4c0
001f103ff9a00
0024f03feda80
ffed100008440
fffdf03fe9ec0
ffb3c03fe5940
ffce200010080
0062b03fe89c0
004d603ff94c0
fff1e00013e00
ffe8c03fe41c0
0027803ff8040
00bbb00011500
0061900004700
ff87200005e00
0007b00005800
fffde000003c0
ff7ca03fe7680
004d903fef880
003690001a5c0
ffd9600015700
00a0c03ff5cc0
006a903ff6080
ffa3600011f00
ffa100000c200
ffd56000019c0
ffd3d00010e40
fff0803ffaa00
000e903feddc0
ff8d703ffcb00
ffb6f00003c40
005a3000081c0
ffd4d03ffd280
ffdbf0000cdc0
009e20000aa40
002e103ff3f40
ffd86000162c0
007d200009380
0013303ff0500
ff4ee00015380
0007500009140
002ec03feea00
ffcfe03ffb9c0
001980000b240
ff69d0000bd40
ff29f00003c80
ffe3d00001f40
ffcbd03fed040
ffb8603ff4280
ffe0700001700
002e103fe3180
002c703ff5f00
ff98e000067c0
ff9a6000061c0
ff9060001ac80
ffdf503ff4040
0030f03fe7c80
ff90303ffba40
fffd803ff5400
0050000011240
ffcd50000a3c0
0047303ff3180
0074403ff1800
0012003fe8300
ffd240000a6c0
ff8680000ac40
ff94003fe6dc0
000e403feae00
0089003ff1240
0023400000c40
ffee100001f40
0049e03ff1800
ffd4c03fee0c0
ffb5703ffd780
fffa400013700
ffe1803ff7000
ffdd300002200
ffde400013b80
0058003fdf200
0083b03ff8b80
0045a03ffa200
0048203fe34c0
ffe390001cdc0
ffc2903ff7080
ffd0003fea000
ffcdc0001d740
ffdf5000017c0
ff9c100001040
0011d03fecf40
0018d03fe2a80
ff6d90000fc80
000fc03ffad40
0085303ff6240
0001b03ff8c40
ff9af03ff0dc0
ffea100001f80
0030b03fe79c0
ff84503ff2bc0
ffc5b00006980
0064a03fec400
0035f03fe3380
004fa03fdb880
ffe6900002d80
0001e00020d00
00a5c0000c500
0013f0000c540
ffdda00000940
00161000044c0
0008903ff6140
0012803fe2a80
fff370000c8c0
ffeca03ffe8c0
fff1003ff7b80
002dc00020c40
0022600013a00
ffd3d00002280
0050a03ffbf40
008b700011f80
0060200016400
0024c03fef2c0
ffd5000001c00
ffe6900008b40
ffa15000026c0
ffed5000117c0
0035700005a40
ff5dd00017ec0
ff8c1000121c0
ffc9c03ff8740
ffcf00000a6c0
007e60000a740
fff1c00015d40
ffb5e00016f00
005be03fff040
0010203ff8380
ffcd303fe52c0
ffcb503feaf00
ffeb703ff8940
002aa03ffdcc0
003280000e700
005ad000076c0
0037400008080
0039a03ffd200
0055d03ff6e00
000350000b7c0
0052c03ffb9c0
006440000c1c0
ffd860001adc0
0000c03ffb600
ffe65000004c0
ffa6d03fe9fc0
001f203fe4880
0025a00014600
ffee003ffd3c0
fff1503fdd700
ffd2a03ff4240
00289000040c0
0058603ff5c80
fff1703fe2500
fffdf03fe2000
0056b03fdebc0
0082a03ffe840
0016c00024f80
ff89d03ffb580
fff5603ff4840
002890001df00
fff4c000028c0
001f803ff83c0
fff530001a900
ffdc00000d5c0
ffdd103ffd280
00007000052c0
004b303ffdfc0
ffa9203ff4f40
ffa8703feef80
0086703ff4a40
0017503ffa040
ff71203feac00
ffb2b03ff0040
0027103ff9080
001ec03ffa3c0
ff9e503ffd300
ffba503febb80
0017e03ffc5c0
ffc490000bd80
ff88103ff6180
0001000004e80
004ac03ff9b80
ffefc03ff0d80
ffd4e0001e740
001dc00003d40
0046703fe8300
fff6f0000fd00
ffa1a0000e2c0
001dd00010600
004c000022500
0005e03ffc040
ffebf03feb840
ff8dc03ff5680
ffeee03fd45c0
fffc203fe8980
ff4690001ac80
fffb6000068c0
0015300015cc0
ff94300023c40
0078a03ff2580
0039d03ff2580
ff4af03ff9b40
ffef403ffd980
00a0b0000f8c0
0027903ff4d40
ff94a03ffc340
ffe9c00006540
ffc8303fe8800
ff5cd03ffeec0
0048b00013180
009160000ae00
0001700012cc0
0043a000088c0
0040003fefd80
003e003ff4180
006ab00008740
ffb0f03ffd300
ff38100000640
ff4cd0001ad80
ff9c903ff9bc0
001e703fdf440
ffba800000740
ffba30000cc40
0077903fffdc0
0037900002600
004d000008880
008e70000d9c0
001e200021f00
0061d00017180
003b703ff37c0
ffc6003ffee80
004e403ffebc0
004b403fd9400
ffe0f03fd5300
fff3103ff67c0
0014900003700
0015a03fe5180
ffee303feaa40
ffcb0000016c0
ffc9c03fe9d80
0063003fe63c0
0084203ffab40
ffaef00018300
ffef40001a900
001cb03fee080
ffd1603ff08c0
0043a03ffb4c0
ffc9603ff8d40
ff99600008f00
001f303ffeac0
ff97c0000a3c0
ffaba00013200
000f303ffa200
0007803feaf40
0071803fdaec0
0053803ff4680
0003a00005880
0030f03fed700
005b803ff4580
0010a000052c0
ff6400001dd40
ff93d00013580
001be03ff8a80
ffe6300008f80
ffc9703ffc7c0
ffe3b0000cbc0
ffba0000192c0
ffa0403fe8440
fffd003ffc080
0023200002840
ffde503fe2a00
001ca03ff4180
0066803fec2c0
0046103fe2180
ffff303ffaec0
ff96b00013200
ffa790000c280
ffeb703fe75c0
ffe8703fed600
ffeb200005380
fff7500006ec0
003d300005fc0
003d00000a640
ffba9000138c0
ffc9703ffe300
ffe9303ff9200
ff68b00008740
ffb7703ff9040
004d600005a00
ffca80000e440
fff4d03fe6d40
0044203fdc0c0
ff7a100012000
ffc7800024000
fffeb03fe2c00
ffb6303ff44c0
00eaa00024480
00d5f000026c0
ff97700014180
ffadb0000f700
ffc5003ff5200
ffef50001e1c0
0043003fffcc0
003a403ff3b40
0024f00019f80
ffb2203ffb140
ff97000001500
ffc3a00011dc0
ffb7803ff6bc0
ffa2803ffeb40
ff88d00006dc0
0029303ffcd80
0069803ff9300
ffc1703ff4380
ff94603ff4340
ff964000085c0
000d800015ec0
0041003ffe1c0
ff67903fec840
ff8a203fe4880
0022003fdeac0
ffddb03ffa800
ffb50000057c0
0039603ff6a80
00bd703fff9c0
001540000cbc0
ffab60000fec0
004680000c380
001c003ff0180
fff8f03fd8400
001a503ff6b00
ffc2a00013a40
fff5300003c00
ffdd203ffb400
ff7a803ffee00
fff2200008d00
fff9c0000b480
ffd6b03ff8a80
0040903ff1400
000e903ff6d00
fff3d00017980
003230001ea40
ffde603ffcb80
fff98000123c0
002410000ca40
ffb6003fdfa00
0007d03fe7fc0
0038c03ff7d00
ffa9600018f40
ffd4900014700
0035c03fec000
000d300003340
ffdbe03fff140
ffc2a00003700
ffc9000025180
fff8c00004c00
0029a03fff140
0018903ffaf40
002f303febd80
004b900010a00
ffb9a0000dfc0
ff7b500012f80
ffb7e00026180
ffa8b00009940
ffa930000a640
ff94400005a80
ffd5b00001ec0
004870000bb00
ffe0703fe0440
ffb6103ff6b40
0005d0002b8c0
ffec603fff6c0
ffcfb03ffc800
ffc2c0001ca00
ffd450000adc0
00014000159c0
0021500017280
003ef03ff94c0
001e403ffd6c0
0039e00004b00
0072b0000d500
000e10000d700
ffe3503febc00
001cb03fe4a00
ffbe803ff3000
ff80303ffc240
000d100001200
000c503ff2880
ffb9803ffbdc0
003ba0000c9c0
0071203ff8780
0040e03fedec0
0022403ff4580
ffd7c03ff7880
0047503ff4ac0
0072003ffdb80
ffec800020e80
000f70002cd00
ffdf600017a80
ffe3e03ffef00
0073703ff3800
fff0f03ffe980
fffcb00000e00
00c4a00007e00
0057100019e40
ffe4200010a00
002850000a980
0015c000060c0
ffc6103ff3b00
ffed000005f80
000fd0001e200
fff9303ff9a40
0040203fdbec0
000e800004140
ff93000008340
fff1903fda100
005a600001c40
004900002b980
ffeb603fe6140
ffd8703fcb700
000b500002c00
ff72a03ffff00
ff7be03ff3200
005ee000157c0
001f700008ec0
ffd8b03fee580
ffeca03ffc680
ff8070000a780
ffa0800021ac0
001af000141c0
0067c03ff16c0
00a2400001880
001c803ff4240
ffbb603fe4340
0014200001300
ffe8303ffda80
ffec603feea00
008f503fdbbc0
0058a03fdab00
ffc9200000e40
ffd5a03ffad40
ffe9503fff280
ff9d3000271c0
ff9d000013440
0055303ff68c0
0030503ff67c0
ff8ad03fe3040
0005303fe0d80
0014400017180
ffd71000203c0
0022103fed100
ffec7000105c0
ffdfa00035f40
ffd3800004780
ffd8d000007c0
004e503ffa140
ffcc003fd3c40
ff98403fee6c0
000da0000af00
ffac100006e00
ff81300005d00
ff84e0000dd00
ff9d50000e8c0
0029003ff70c0
0025b00009140
ffed100023300
ffd3300004240
ffdf600002240
0030600009ac0
ffdcd03ff9f00
ff8dd00015740
000e60001e240
fffc703ffc980
ff7ed00005d40
0000000016a40
002e0000042c0
ff8af03ffccc0
ffbd800004dc0
ffe2100002600
ffe9003fee480
005cb03fe0680
ffdaf03ff1680
ffc4003ff1f00
0045003fe51c0
ffd7203ff1000
ffae703fe6700
fff4503ff1340
0076c00028680
0094a00029400
ffd3c0000ed40
ffd4003ffecc0
ffc5e03ff84c0
ff6c5000116c0
ffed50000f380
0018b00001200
ffd6b03fff9c0
ffced03fed080
0025700005100
0030a00017cc0
ffadc03fff9c0
fff3300004dc0
0019103ff6c00
fff3803ff0380
0004d00018400
ff6e100017ac0
ffa860000d700
0010200002380
ffa4e03feff80
ffda200008300
ffdc103ff0640
0017903fd5380
008520000c240
0007400005d00
fffc403fecb40
ffe550000d600
ffb5900001c40
0025c03ff9500
004fa00006c80
004c600008340
ffd2a00014380
ff9aa03ffe280
ffe7803fff900
ffa8800011800
fffc803ff0640
001f500006740
ffc7c00017200
0019703ff7880
ff90900008c40
ff6d103fff840
0044403ff2640
0015103ffd340
000b603fe6f00
000b803ff2b80
ffda2000099c0
004310001ab00
ffdb600016380
ffd8503fd4a40
00a3b03fdb200
fff1e000028c0
ff81f03feb040
0037003feab40
0006c03ffb440
ff9a40000cd00
ffec40000a580
0022603ffd2c0
0018d00013880
0063600002ec0
003ea03ff2a80
ff7db03ffaf00
ffab203fe6800
ffe0803ff3f40
ffa0f03ff9c40
0076703ff8780
00b5a00013940
0017d03ff8680
0029d03fe8840
ffc4c03ffbfc0
ffd1503ff3480
00ab403fed9c0
005f303fe86c0
ffea600000100
ffedc00018200
fffa903ff9200
0033000000b80
002370001cb80
004fb03fffa40
005c203ff1d40
ffab5000031c0
ff9e203ffd1c0
0016303feec00
0017a03fe8fc0
ffe8403ffa6c0
ffb9100022cc0
ffb680001f480
fff4a00008780
005bb00009dc0
00ac303ff8b40
0065d03ff90c0
0022003ffa400
0045a03ff5e00
fff130001eb00
ffa6c00001e40
ffe2c03fd6040
ffd3e03ffff80
ffc7a0000b500
ffc9b00013b00
ffbd100001f00
0010e03fc3d00
0013003fe8040
ffe6b0000cf00
ffe5b03ff5f00
ffecb03ff4fc0
0032203feac40
002e103ff8c80
006cd0001ff00
0093b0001f100
ffe690000b5c0
0028503ffda40
0075a03ff01c0
001b603fe9540
0031000000d40
ffea60000d440
ffe4e000035c0
fff970000fb40
ffcde0000bc40
0015500006f00
ffe2900004e40
0017403fe9f00
0018803ffa800
ff82f00006440
004d203feb300
005f103ffec80
0023500017140
008a800005800
ffada03ffc800
ffeb200008b80
0095b00008cc0
fffcd00002700
0040700001580
0043000001f00
ffca00000d700
0014d03ff1ec0
0065003fe4dc0
002de00015c00
ffcf30000c400
00146000071c0
fff0200017ec0
ffb7c03ffcb40
003e400008dc0
fff6803fefc40
ffdaa03fe5980
000e500019b80
0005903fe8340
0051e03fea2c0
ff8cc000114c0
ff48603fe9a40
fff7000017fc0
ffa7000021dc0
ffe4503fe4580
0023903fe4840
ffdbf03fe9b40
0020d00005700
000b403ffdf80
0009003fe8600
ffd3b00009dc0
ff72903ffa200
000af00004f00
0047a0001c340
fff2d03ff69c0
ffe7503fff780
00639000064c0
00c2303ff9d00
ffa7903ff8400
ff4c203fed4c0
0080500008380
0067b000176c0
ffe710000dbc0
0018200007140
ffdd803ff2f40
000d703ff46c0
0068303fefa40
ffd8903ffa940
ffcba00017a00
0079700002ec0
0059200000f40
ffdad0000c440
fffb500001a80
002e400000640
fff9703ff7d40
000af00008b40
0051b03ffce40
002e903fcec40
002a200001680
ffdda00028400
ff5ae03ffae80
ffc18000030c0
ffecb0001d580
0019500004340
0081e03fffec0
ff81e00008980
ff6f103fefec0
008e603ff1b80
0024200002c40
fffea03ff4980
0038400002900
ffaa50000c900
ffe2603ffe3c0
fff220000d1c0
ffed500004bc0
00b3803fff340
001fd00013900
ff88000003ec0
0068600008540
0067a00006100
0048903fe0540
0075303ff6600
ffc020000f2c0
ffe7900002540
004350000e800
ffe8400011900
0026700009480
ffd3e00010980
ff8b70000b600
0029a00006b40
ffff800004940
ffd0d03feea80
ffcb303ffa400
ffaaf00018a40
0024603ffe3c0
ffea003ff2080
ffb0d03ffa2c0
0020703fe4640
ffaf50000d280
ffbd900020dc0
0070103fe31c0
fff9403ffb0c0
ff9c700012c00
ffe2403fe33c0
ffd8803ff7400
ffdeb0000c000
ffe6003ff5440
ffc6e00004900
ffa3200007140
ff87d03fdad00
001ff03fe2680
0078800019500
0016003ffed00
008db03fe6a40
00c860000e200
002c703fee580
0040203fef140
0053a00022f40
0028503ff0ec0
0026503fecec0
000d70002fe40
0010800028200
001970000a940
0051400005280
0004700009180
ff70903ff6fc0
fff6b03fde680
004ba03fee8c0
002c203ff3340
0016b03fea9c0
ffaca03ff0000
ffe5a00002480
000ea0001d800
ffe390000dd40
0039203ffde40
003bb0000c140
ffffb03ffd540
ff97103fedfc0
ffa5f03ff9340
006b600006140
0028203ffae00
ffb7003fef200
ffc9d03ff7b80
ffa2e03ff1680
ffcff03ffc280
fff8703ff67c0
0024203fd8240
0079b00008900
0083e00010a00
003c103fd6500
ffc0d03ffb9c0
0044000028180
00b7600019a80
ffe39000196c0
fffba0001e7c0
008b70001a500
0066400013100
004a900013600
ffc4d00016840
ffa3a000024c0
003ed03fe7780
002e703ffac00
ffbd1000191c0
ffa6400002000
ffd4a0000a3c0
ffe6000027ec0
ffe4b00003a00
ffdee03feca40
ff69403fe4d40
ff8fb03fedec0
0034300015540
ffec903ffa440
0003a03ffbcc0
0079a00030c80
0054100016f40
005da03ffbc00
ffd7800000580
ff87403ffa800
0049800003f80
003ae0000cac0
002510000a300
0049c00001700
fffac00001740
002170000b600
ffb8d0000a7c0
ff96100003c80
001aa00006e80
ffaf7000232c0
ffd6f00023b00
00013000054c0
ffa9a0000c200
ffd0700007c00
ff90503ff6540
0001900000b40
002e803fff2c0
ffb9403ffe000
009a30000a780
005b100001fc0
ffafb03fef600
0031000004f80
ffe620000e300
ffb7b03fe91c0
ffd6300004e40
0003f00019940
0007f03ff2000
ff6b300000280
ffd0b00003740
001a800006c80
ffeb200014ec0
0018b03fe5a00
0000b03fecf00
0073803ffbec0
fff2003ff4580
ff4f800025780
005080000c600
fffcb03fe1b00
ff79303ff5740
ffe5c03ff6200
ffc050000ef80
000fd00019200
005de0000a700
0041000015500
0009d00003b00
000eb00006440
003fe00023200
ffc4400015bc0
0014d00011980
004610001ab40
ffb3203ffe240
002f003feba80
fff4e03ffd040
ffbb603ffcbc0
0053603ff8f80
fff8803ff5140
ffe9403fea9c0
fff8b00005c40
004b900008d00
00f9403ff6dc0
0047d00006000
ffc8700004980
ffca200002a40
ffaa003fef140
fffd303fede80
fffe500018080
fffd803fe9cc0
ffedf03fe0c00
ffec300016c80
0044b03ff9f40
00098000190c0
fffba0002f2c0
0012c03feab00
fffb803ff0340
0025a03ff1740
fff7003fe5bc0
0009f00003740
002ae03ff9780
0014c00000300
0047400009e40
ffe4c03fff300
ffb560001a0c0
fffbb03ffb600
000d903fce380
005cb00009d40
0024800026f40
ffea803ff6540
0010e03fe2140
ffe1903fe66c0
0036703ff7c40
005a30000ba80
fff6200016100
ffef900021440
ffd2403ffcbc0
0019d03fe9080
005d00000b680
0015203ff6480
0056c03fec000
002fc0000be00
ffc4c00013b00
0019e00026180
ffe580001acc0
fff5500005500
0091400009f00
0031703ffce40
003a60000f080
00ad60000c880
0071503fe56c0
0071d00001880
0023d00015d00
ffcbf03ff8680
001a303ff9800
fff8d0000fe00
ffbac03ff8440
ffbed03fca0c0
fff4803fdcbc0
0005f00004e80
ff910000050c0
ffde903ff9c00
003bd03ff3f00
0020c03ff6e00
0095903ff8a00
0051c0000a380
ffd7600017880
0018c000034c0
fff6903ff7400
ffea203fedb00
fffec03ff5240
fff4703ffaa80
0021903feb740
0011103ffa880
ffc0503fe4f00
ffb4503fe1e00
0002f0000a4c0
ff9f103ff0d00
ff4f800013280
000d00002bfc0
0005703fedbc0
0002400009700
0019e00004940
ff67803fda740
000ec0000d240
0060100012080
ffd2903ffc980
004700000fc40
ffcc20000f440
ff8bd03ff6340
0044403fe8340
0016703ffb9c0
fff7d03ffd000
ffbbf03ffab40
ffad80000eb40
001510000cb40
0003300003f40
0054b03ff4b80
0069d03ff3440
0007300001e40
ffc660000dec0
ff9100001ef40
0002e00004e40
ffd2200002640
ff79d00016480
ffd0803ff4740
ff5b203ffd140
ffbe4000067c0
0077703ffad80
001090000dac0
005c203ff9280
0017203ff4680
ff18803fff1c0
ff75c03fff240
0032200008040
003ea03fef5c0
0030e0000a940
008030001b3c0
0031803ff6bc0
ffcae00011380
004e903fff680
0029603fe82c0
0019d03fff8c0
0087903fec300
0034900003880
002ae00002380
0038503fe0ec0
005db00015740
005290002c500
ff91000004980
fffd103fe8b40
003c900007900
ffedb0001cd40
0057403fe6cc0
ffbfe03ff5a00
ffd05000096c0
00a8c03fe8340
0034703ffc840
0006103fef300
ffe6b03feae80
ffe7903fffcc0
0023203fed4c0
ffb0900014e80
ffc3e00006dc0
ffa7603fd71c0
ffd6300014640
0071700016300
ff6b703feeec0
ff4da00004e00
003d100002fc0
fff9703ff8d80
ffc450000ba00
ffd8100014540
0039e03ff0740
002c203fe9140
ff8df00015780
ffe0600004400
ffd4703ff2b40
ffb500000e680
001d200005680
ffdcf03ffcc80
000d5000016c0
001800000da80
ff93b000192c0
ffd0f000074c0
ffe2b00010a40
ffe4000014e40
002e903ff4400
ffe0303ff6d00
ffc5700005e00
005a900001380
0036800001a40
ff7cb0000b5c0
0002e00009980
0080200004a40
fff1400005a40
002b003fe5340
000fe03fe8040
ff6630000ff00
ffdfd03ff5ac0
002a600000280
000a40001ca80
ffc2003ff6f00
ff3290000af40
ffd350000fcc0
0082803fe6a80
0006100004d40
ffcaf0000ba00
000aa0000acc0
003fa00023900
0025803ff75c0
ffff403fedfc0
002520000e4c0
ffce103feacc0
ffb0a03fe7040
005cd000136c0
002bb00014840
ffee100000500
0037703fe8e40
ff86d03fea080
ff79d00007100
001e203ff21c0
ffd0303fdd100
000b103ffee40
000f9000041c0
ffb3a03fefd40
006ad03feb840
001ae03fedf40
ff6dc03ff62c0
fff3e03ffa4c0
002a300006bc0
005e300006080
0061303feb440
fff0403fe7ec0
ffd9903ff1f00
ffec603ff78c0
000a903ff6580
ff98003fef9c0
ff83103ff4680
001af03ff1740
001e903ffdf40
00b460000f440
0089703ffc140
ff86a03ff1680
0004703ff5a40
ffc9000003200
ffba300004040
009b103fdea00
ffcc103fdfb40
ffe8700001040
00a8700007600
ffffa03ffc4c0
fff0b03ffda40
ffd580000d3c0
ffd6303ff5080
003a603ffa780
ffc1600025f00
ffdbe00000840
0027003fee040
0008a00015080
004eb00025240
004fd00023180
0079500000080
0079c03ffc600
ffe9b0000ea80
000f603fff380
0062400006900
002c6000080c0
ffd030000e240
ffb53000170c0
ffec700008e40
00061000149c0
000a103ff1f80
ffd9303fd8bc0
fff5b00007d00
005a503ffb600
000e603fea100
0059e03ff6200
00bee03fec340
0003c03febac0
0028f03feba80
0087000009200
0001500010180
ffd0c03ff1140
ff8ba00016bc0
ffa8c00019240
006b303fdd5c0
003dc03fe9280
ffa8400008ec0
ffcf700001940
0048603ffcec0
0079303fff5c0
0062803ff8c80
fff7903ff9680
ff7ab000015c0
fff0500001e40
003930000fec0
ff60800014e00
ff95d00002e40
009d800003980
009dc00007b00
003d203ff25c0
001df03fe0400
005d703ff7440
0032200003740
ff5f203febe40
fffc303ffc440
00c7600016240
ffea7000162c0
fff0700011b40
006cb03ff27c0
ffc4a03fdd0c0
ffbca03fe4d40
001b903ff8c40
002f200004cc0
0034c03ff3640
ffd6d03ff8200
0007f00002f00
006700000a680
001af0001e640
ffe7b000049c0
ffb3d03ff3d80
ffc7b03ff3100
0003303ff68c0
ffc6e00025980
ffc1600005b80
ffb0503fdff40
ffdea0000d440
00857000032c0
002a003ffed00
ffb0b03ffd980
0027803fd8340
004cb03fec700
0024a03fe4780
0021d03fe8980
ffb1400019500
ff79a03ff8400
000e600000c00
0000300025a00
ffab603fece80
0035e03fe4880
001ac000196c0
ff8eb0001bac0
ffcae03ff16c0
0013703fed540
0036c00019440
0016600005500
0000b03fe8a00
0051e00002dc0
003b703ff9000
0012003ff54c0
001c2000030c0
fff5803fff680
ffd0e0000f840
ffc2a00005e80
0012a03ffabc0
005d000006ec0
0012103ff7840
ffde403ffb1c0
ffe4600004940
ffc8003ffcb00
000d403ffd8c0
004f303fec840
ffa7803fecfc0
ffcc403ffd6c0
00abc03ffeb40
fffef00001c00
ffade03feed80
0012103febc80
ffad603ff6480
0019203fea1c0
002da00008a00
ff7d10001e300
ff9d903ff7500
ff6b403fee240
ffa9900009c00
00504000133c0
ffecf00004e80
ffcbc00002400
001b10000dcc0
0071a0000e5c0
0070800012340
ffd8703fff9c0
ffab603fe1440
ffabc03ffdc00
0014500017200
0095b03ff6940
ffe1c03fed4c0
ff83000004d00
001ab03fff4c0
0032d03ff7e80
ffd7503ffc800
ffc6203ffc800
0023c00010fc0
007370000c280
004bb03ff10c0
0007b00006440
0023f0000bf40
ffedc03ff8bc0
ff71703ffa940
0012003fea780
0082803ff0040
ffe9200011400
ffe8b00004240
ffee903ff2800
ff7a503ffea40
ffa4703ffbc40
0025e03ff7540
0036f00007e80
0015d0000fe00
0016300013380
fff830000c7c0
0016403ff2e40
0059100003140
00442000151c0
0024d03ff3e40
ffecc03ffbc00
000fb0001a6c0
0025803ffc640
ffd8303fe9600
0041100006080
0003800005900
ff74f03ff4480
ffe5c03ffcd80
ff9b603ff08c0
ffad403fec040
0084a00000ac0
0054903ff5280
fffa203ff4e00
ffe3503ff4d80
ffe0203fe9840
ffdcf03ffdcc0
ffd4b03fef800
ffd7703fed580
ff8970001aa00
ffadb00014000
ffd6e03ffb5c0
ffc3303ff4540
0033000005dc0
005f40001b540
0044803ff6e40
ffb7f03fe4840
ff93803fedb80
0024903fedd00
ffb6d00005480
0023703ffc700
00b8303fe6cc0
ffd5003ffd380
000d600008880
0033903ff47c0
ffdef03fedcc0
001f800008a00
ffe4900004500
0025d03ff0640
0046a00000fc0
ffe2b03ffaa00
ffbac0000a840
ff54e00019580
ffac403fd4040
001fa03fdd600
003310001f000
0029303ffb980
ff6dc03ff4dc0
ff99c0001c200
004b000006300
000c800002400
ff8020000f3c0
ff94303ff9c80
009250000b240
006d10001dbc0
ffab003ff9e80
fff2403ff1700
ffe0500001dc0
ffe6d03ffa700
0015200003740
fffd400025e80
fff9c000238c0
ffa4203ff6700
ffdc203ff1480
001d200002fc0
0032003ff0fc0
0096303ff2a00
001d203ffc9c0
ffd3103ff6500
fffd900002b80
0010903ff6d40
005e003ff0a40
fffa40000f4c0
ffe5303ff1900
0056703fdd2c0
0029900014740
ffc5c00007e80
ff6c603fea5c0
ffcec00013740
0046d00009f40
003a703ff8d40
0033f00005e40
ffde303ff0240
0024f00002d80
005f200002ec0
ffdd103feb640
0009b00013480
fff7d03fea880
ffccf03fc6b80
005b000003200
0074603ff7100
fffff00000a40
ffa9c0001dd80
fff9503fef5c0
0036103fff200
fff730000d180
000f603ff3e00
003ee0000aa00
002c700000740
ffb8803ffed00
ffdc800013200
0081703feef40
ffedc03ffccc0
ff8b400026a80
ffc1a0000e740
ffaf703ffed40
0019803ffb440
000c6000080c0
ffd6700021740
007c303ff1940
00a8803fd3c00
ffef303ff9a80
ff9bf00005ec0
00434000106c0
005860000c440
0015a03ff5800
0069f00002fc0
0038800014c80
002750001b8c0
001c800000a00
fff5003ff4100
0092d0001acc0
0082603ffe600
003de03fd8b80
0035703ff3e40
ffd6200010a40
fff0100020300
ffb8e03ff8e40
ffc8803feca00
000020000bcc0
ffb1d03ff4780
0070f0001cec0
005e100042440
ff8cc03ff9d40
ffdfb03fed780
ffb1900007680
ffc5300001d80
fffdc00007a40
ffb7103ff6bc0
004dd03ff0880
0050f00006840
ffcab03fff1c0
ffdd803feedc0
000c003fee540
004e003ff5000
ffd6d0000f6c0
ffa750001f840
0047200012180
ffd620000c6c0
ff92203ff5280
0045603fe4fc0
0050d00000ac0
fffdb03fffcc0
ffe2103ffb7c0
000e5000021c0
0046f00001680
fffc90001bf80
0003d000124c0
0036003ffe0c0
ffa8200007580
ffbf500003b40
0042400011480
ffee300010cc0
000b90000f3c0
0071903fffb00
003b103fcec80
000cb03ffb080
002aa000146c0
0081903fed680
006b803ffbc00
003d103ff14c0
0049000002780
ffc5600015200
ffcc003feb700
003f100004300
0024300002880
0037b03fed7c0
000ac000031c0
fff1903fe4980
0025703ff92c0
fffa20001ea00
0037203ff8340
0059e03ff0100
003aa03ff8740
0061503ffda80
0034a03ffe2c0
0038a03ff2f40
004410000ac00
fffcd000107c0
0009703ff8c80
003ca03ff3240
0031c03feaf00
ffd3703fe4dc0
0001403ff2cc0
002e300009b80
ff8b10000c300
ffdbb03ffdc00
0037300005d80
000e400014380
009f10000d600
0013c00003440
ff6c203feeb40
fffaf03fd5d00
ffec803fed500
003df00002bc0
009e303ff1200
0017b03ffd280
002a300007500
001130000bd40
ffc270001da40
ffff40000efc0
ffd9800014900
ffe780000c980
0034603fe9b00
0025f03ffc640
000a703ff3f40
ffc3803ff6580
0031400010e80
00bf003fe6c40
0011003ffd640
ffc3600018f00
ffe1003fdddc0
ffad703ff9a00
000f900022980
003f000001080
0029103ff6600
005a403ff99c0
0052400002700
0071203fff800
0055003ff9900
0023100020800
007b300021040
0036703ff8c80
ffeb803fed800
0076803fdfac0
0093d03fe8000
0015f03ffb6c0
ffb0703fedb00
ff99703ffd1c0
ffc7b0000f340
001e103fff040
000c400000780
ff92100003740
ffc6e00007940
00007000136c0
ffd160000fbc0
0032003ff7340
0064e03fcd2c0
0059e03fdcd80
0056f00010f00
0015400006540
0063403fee700
0077503ff5ac0
0017500011f40
003e50001b380
001f703ff81c0
0026b03fe9c00
0067c03fef580
ffeff00006540
fff6f00018740
003a503ff44c0
fff4703ff6a40
0038a00011b40
003e900003240
ffad603ffdf00
ffe3100000740
0021c00007b40
ffcc300001b80
ffbce03ffc480
ffd1100010d80
fff1c0000da80
0013a0001c980
ffd1200022b00
ffbb800001580
001b600003400
004c403ff3e80
ffeff03ff8180
ffb6b00028640
002c3000163c0
003b103fefac0
ffe3e03fd9140
ffd3003fd7fc0
ffb2f03ff4340
0018503fec600
0045503fea080
ffbe5000016c0
ffe5700002dc0
ffa7a03ffcb80
ff51703ffa080
001f403ffda80
000c603ffe4c0
ffb2103ff4d40
002a903feac80
ffdf103ff4100
ff982000013c0
0011103ff5080
004ab00012740
004e60002d240
0027400009180
ffec0000073c0
0005103ffd9c0
001a903fede80
fff2f00012440
ffe070000c240
ffb2503ffd640
ff79800008900
fff0300005300
0055000000cc0
fff2503fdcb00
fff0003fdc2c0
004320000dfc0
0007f0000b700
ffd6f00005540
ffd6e0000cb80
ff7d203ffaf80
ffa6b03ff0300
004a403feba00
ffeac03ff2000
ff91a0000c600
0009000015c40
fffe5000034c0
fffa30000e840
0025000031a40
ffff100012380
0020b03fe8e00
ffffb03ff7280
ffecd03ff0600
0023103fed580
ffd1c00014800
ffcf70001e5c0
ffd0800001640
ffb2303febd40
0031003ff2340
0009003ffd080
ffb5303ff3e00
0003203feeac0
fff9a03ff6800
ffe4103ffde40
0012300000700
005ee000026c0
0039000007580
ffc94000035c0
0014800002d00
000b300008900
ffc5800001700
fffd703ff7040
ffc4003fed6c0
ffc1500007e80
fff370002d380
ffea200007ec0
0027703ff7a40
002700001b680
002d9000020c0
fff8203ff3cc0
ff8c500016980
fff9300015f00
0018d00004200
001b803ffda40
006f703ff5ec0
0007e03ff2cc0
001ad0000df80
0070b00019180
0015803ffec00
ff69103fef880
ffb5e03ffa040
ffecd03fe50c0
ff72e03fe7b40
ffecc00003780
003160000a540
ffbd500005f40
0065203ffc600
0070d03ffef40
0002703fff900
004db00001c00
ffd2203ff5c80
ffafe03ff09c0
000f90001eb80
ffc4b000142c0
ffb0e03fea380
ffe3e03ffdec0
0026600015880
0025d00022000
001ad00003840
0027403ff2540
ffb8100013b40
ffe4403fec780
fff5e03fe5b80
ffae300028100
0090b00015600
006b603ff5100
ff5b300008a40
ffa8500010280
ffe5603fff8c0
ffc4203ff2180
fff0303ff9140
ffe7903ff7300
ffced03ff8d00
ffdf700001100
ffe0b03ff4e80
ffbe803ff2300
0030903ff4ac0
00b2f03ff9c80
0018b00001d00
ffb9f03ff5b80
0014a03ffd140
000e60001d800
0042200020cc0
00b4100003e40
0033f0000dac0
ff992000347c0
0028200017340
0099603ffc480
0007800011840
ffe0003ffe040
0046b03ff26c0
ffede00003240
ff9af00008580
fff0400012680
ffac203ffef00
ff9d803fe8800
0039403ff2b00
ffe5a03ff8900
ffc2903ffd8c0
0031203ff24c0
fffdc03fe1fc0
0003303ff2480
ffef4000066c0
ffc6700009ec0
fff5e00002080
ffb40000041c0
fff4a00011a80
001b400018b00
ff81c00019f00
fff800000a200
008410000b440
0005e0001b8c0
ffa2a00001440
ffdf103ff0b80
0023b00003980
ffe83000044c0
0005a03fef600
003f003ff5980
000ba00023400
002830001dcc0
ffe4c000092c0
ff8e500022980
fffbf00008fc0
ffe7c00000780
ff7cd00018f80
ffd5c03fef600
ffeee03ff5080
ff5af00016e00
ffe280000bd40
00c4b00006f40
0052203fe3940
001c303fe0340
fff7603ffe140
ff87803ff7100
000b300017040
0043500014dc0
0032b03fe8c40
001d703ffd780
ff90c03fff380
0019b03ff41c0
00a1503fff180
0016f03fefe00
0004603ff58c0
002d80000d000
fffee000085c0
fff8303fe6440
0077d03fd2840
007da03ff2040
fffc200000c80
002d803ffc180
ffeff03ffb100
ffac203fe3a40
002ec03ff8f80
000ba00018900
003bb03ff6640
0054a03fec780
ff79f03ff8a40
ffac103ff25c0
002ff0000ad40
0007200012580
0010203ffda00
0026e00007e40
003c303ffc5c0
0041403ff2bc0
003c30001fac0
0033200018cc0
ffff303ff2cc0
ffe6203ffa740
0000903fe4f80
004b803fe4080
003c6000145c0
ffe7900006740
003be03ff0a40
009b003ff0380
0049303fe8600
ffb5c00019180
ff9a100021f00
ffd7903ffb2c0
ffa5c00023d00
ffc1600027880
0036e00005140
0005f000135c0
ffd5103feab80
ffd3f03fd1900
ffd2003ffa8c0
0013c03ff3300
0030b03fe7280
001f003ff8b00
ffeb20000ba00
ffa8f000047c0
ffd5203fd9040
0016c03fee000
001de0001b7c0
004b600005300
006f403fffb00
0040f0000ed80
0047600002380
0051c03ff70c0
ffc4803ff6a00
ffaa203ff3740
0021003ff4600
0010c00007e00
fff3600007b40
ffe0103ff8f40
ffbfb03ff8d80
ffda303fe0e40
ffa1703fe8980
ffe2d00013980
0070600005940
fffd203ff7c80
0002403ffe4c0
008d103ff8e80
0054400004b00
0017d03ff6e80
fff2a03ff1780
ffef000022ec0
fffdf0001e900
ffcc103ffd940
fffe5000118c0
000cd00003980
ffdfd03fe8d00
ffd0300008c00
ff9aa0000ac40
001e303ff9600
006be00017500
ffcd8000202c0
ffe5800012280
003be0000fc80
ffff603ff4480
ffc1003fea4c0
fffee0000d740
0026f00008500
ff85103ff6500
ffab9000055c0
007fe03fe6500
0066603fe6400
002030001c180
fffad03fed6c0
ffdde03fd3f00
fff890000ca40
0046e00003c80
006b003ffee00
ffbca000076c0
ff9a303ff5100
0014600001280
fff2c00002e80
ffe9300003ac0
ffae603ffbf00
ff7ec03fe7c40
ffcf80000f3c0
fff990001e1c0
0025b00001f40
0021703ffcd40
004ba03ff8080
001eb000069c0
ff73600010a00
fff670000e800
0054500014d00
0025003fee000
0041b03fcf5c0
0022103fe7a00
0036003ffc980
ffdcd00007ac0
ffe7a00005b40
0046503ff9280
ffbeb000059c0
008080000bb40
00fbd03fead40
0061403fe1480
005f803ffb6c0
ff93403ffb780
ffdaf03ff4f80
00ac603fffcc0
0041b03ffec40
0063a03ff0b00
ffae403fea240
ff8b903fedc80
0041403ff5d00
ff75b00007a40
002200000b600
00cea00006380
ffafb0000d6c0
fff4800000fc0
008d900005640
0037e00015980
fff6400006ec0
fff180000dac0
ffed10000c000
0003003ff7cc0
0019603fef600
ff8c203fe8900
ffaf7000055c0
0072f0000f540
008ca00012780
0090f0001cb00
0017503fdec80
0002a03fdca40
003830000b880
ffd8003ff1b40
005f403ffa700
0065100011c00
fff2d00001fc0
0015a03ffc740
ffa0e00006180
ffea60000d1c0
002d403ff8dc0
ffd7403ffab80
000a400008040
ff9c200005380
ffa2b00003b40
ffe7403fe0540
ff9ce03fe7cc0
ffecd00006bc0
ffce403ffa4c0
fffe900001440
007a903fec700
ffeff03fed980
ffc6c0000dd00
ffd9a03ff1d00
ffe7103ff6b00
ffd6100009640
ff92a0000cd00
0009400009a40
ffe1a03fe8dc0
ffbff00002200
0098200006c00
0078e03ff8cc0
003720001f5c0
0049103ff8200
ffe7e03fd80c0
000ea03ff37c0
0012303ff69c0
ffaba000119c0
000b2000172c0
003a400004540
ffe6a00008680
0010700007500
ffdb20000f200
ff98e00014900
0026a0000e940
fff1400009480
ff8b0000055c0
0011c00001d40
002c10000cc80
ffb9900018bc0
ff73a03ffc3c0
ffd3700006280
002350000da00
ffda503fdb140
0042703ffb640
005cd00013600
ffb3c03ffcd40
ffd600001f240
ffdcb0001d180
ffa2c0000ec40
ffef903ff41c0
fffe003fcfa00
ffe6003ffd2c0
001d200006b00
fffe303ff7240
ffb000000c9c0
0029f00010540
003610000f440
ffd4403fea100
0083d03fefbc0
0075300015f80
fffca03ff8a00
004b1000131c0
ffcf20001edc0
ffc7803fe2800
0040503fee200
ffeeb03ffbd80
fff2c03ff3840
ffc6b00007900
ff94d00005000
0019a03fff840
003aa000003c0
000d303ffd380
fff6a00004d00
ffb4f03ffdd80
ff9a103ffd040
0019200013bc0
000c400004480
ff84103fef6c0
006400000a440
0077a0000af80
ff86303ff5a40
0057303febc00
003d803fe2000
ff48603ffcac0
fffdc0000c400
003e90000c580
003c800023400
005980000dc80
ff71000001980
ff9ed0001bc00
008c203ffe080
0001d03fe0a00
ffa0303fff580
000a100003280
ffd6b03fd5f40
ff9e303fdfa40
ffb580000a780
ffdb500003a80
002fe00005380
ffd9c0000af00
ff88c03ff90c0
0004803ff5400
0023403fffb00
0019f000134c0
0016e000068c0
ffe8703fee640
ffec203ffa180
ffd5403fff540
ffd9403ffe940
ffbb603fff580
ffbe50000eb00
003cd00013840
ffb5f03ff8640
ff69b0000a180
0036c0000db40
fffcb03ff4bc0
ffb6a03ffd380
0001403ff4280
ffac3000015c0
ff9820000fb00
ffcbf0000b240
ffbb100022a40
ffc0f00007600
ffdc803fe7a40
002ce03fef3c0
0048e03ffbf40
ffffe00012780
ffeda03ffe680
ffc0500002540
ff83900015d00
ffc1f03ff9980
000f103ff9580
0025803ffcb00
ffeb1000092c0
ffc5300005800
fffc603feba00
ffaff0000e780
ffa6103ffa0c0
0061603fe3680
005580000a680
ffe6803fedd00
ffd9303ff0000
ffee40000c980
001f10000cac0
0010800020240
001c300007180
fffd103ff2c00
ff91003ff63c0
0011e00007180
009f800024800
0069903ff2180
001a503fe6f80
ffa210001b440
ff98200010140
0022f00003100
0031203feca80
ffeb403fd4880
0008d03fe77c0
0018403febd80
0013a03fed480
006e503feacc0
0015303fdd780
ff7c403ff8180
fff08000214c0
003e100006780
0028e03fcadc0
0033203fe1d80
0025a0000f0c0
000fd0000eec0
ffe9c0000afc0
004cc03ffddc0
004ac00011800
ffbd90001ff80
0038103ff3280
0003c03ff0740
ff6c9000039c0
002a800006d00
004fb0000d1c0
ffdf403fe84c0
ffbd803fe3400
ffb2400010280
000e500004200
003ae03ff9200
0013d0000d500
ffe0903ff0700
0004003fe0e40
0049c0000c180
ffe1700014500
ffc6f03ff9d00
ffdec03ff0fc0
ffb1803ff16c0
002a003ffb980
0065b00009900
001d80000e380
fff1d00002180
ffe6903fff240
003d600011e80
0034f03ffda80
fff1c03fe6a00
0030f03ff4940
0029a03ffd6c0
fff79000159c0
0017a0000cec0
0025903fea600
0036a00001800
0030400004800
ffcca000015c0
ffdec00018a40
003be03ffd100
ffcec03ff3b00
ff8cb00007980
ffd9a00003a00
fffc10000d540
0027500003380
fff8f03ff9ac0
ffc9e0000b8c0
fff0f03ff7a80
ffeb903fea280
003d803ff6380
0045a03ff43c0
fffc0000018c0
0025f00001b40
ffab003ff2240
ff5e503ffe500
0029c03fff6c0
006d603ff8380
fffc700000940
ffc2f03ffbe00
fff4003ff9f40
0036d00001380
000cd03fedd80
ffd8703fe4840
002d300005b40
002f403ff88c0
ffa6003fda540
001c100017680
0095900019900
002cb03fca6c0
0066203fe4100
001ba03ffdd80
ff89e03fe4c80
001cd03ffee00
fff5303fff340
ffb4103ff58c0
002af00008380
0005800000600
0002103ffda80
0015703fef140
0006803fdf180
0063e03ff7a80
0042103ff3940
ff87003fe0300
ff4f203ff8a00
0000d00019240
008690001a780
0048f00001600
001c503ff5800
ffc3300002dc0
ff59b00006680
ff84e03ff2280
ffbb503ff2800
fff9e0000a440
001820000a080
ffc31000128c0
ffa6d0001b040
ffcfe03ff60c0
ffe2103fef3c0
ffe1f0000f300
ffdda00017180
001150000e7c0
004a203ffd0c0
0025303ff8540
0000f03ff9680
0001703fe5140
0008403fe7400
002d703fffb80
ffe160000c140
ff6f40000c380
ffbe903ff9640
001f703ff5500
001bd0000a540
00017000071c0
0001503ffdd40
ffe4c00002b40
ff7f503ffe780
ffe7400007280
005cc00022740
ffd3a0001cac0
ffb9b03ffc300
ffc0e00002800
ffd3f00011040
0023003ffe780
ffb520000ac80
002d20000d240
00e6803fe5940
0034903ff2700
001ae0000a8c0
0043800012880
ffeb70001f7c0
ffc15000078c0
ff81e0000af40
002450001a0c0
0095c00005380
ff965000024c0
ff97903fe85c0
0045f03fdc440
ffd8903ff3d80
ffe3903feb540
0070e03ff5c80
0019703ff3600
0009a03febf80
006090001ba80
0029200022340
0015a00013440
ffcde000193c0
ffa2300010440
0021d00005cc0
ffd5c03fe7300
ff97e03fe1380
ffeb900006080
fff0c0000a040
0051703ffb600
0031103ffd440
ffffc00009cc0
0046c00017140
ffb0700012340
fff1903fe3580
0042703fd20c0
ff6df000133c0
0005c00014200
0081b03fed300
fffee00008640
ffdeb00005600
ff8840000d0c0
0025f000193c0
006eb03fef600
ff94403ff9000
004db0000bf40
00a990001c4c0
000d60002a840
0046a03fe6a00
001ae03fd6880
004cc03ff7240
0058403fe0900
ff70703fe2100
fff4103fea440
007b703fe8a40
001d103ff2a00
0054803fed300
0022503ff7fc0
0037b000012c0
0083903fed0c0
ffc1403fe6540
fff6603ffde40
006220000ae00
ff84603fff500
ffb1400011380
0029500015bc0
ffa3603ff5ac0
fff2500013b00
00417000344c0
ffc0100011940
ffe5703ffd540
0002d03ffd140
ffb9d03ff4300
0013603ff0b40
0062903ffbd00
0013c00008280
ffcb403feea40
ffce303fe5780
ffc8100008400
ffc5403ffb140
fffe903feed00
0009d00010240
0026900009d80
0060300007500
0037000018200
003a300011d80
0010700020c00
ffae00001b540
ffe1200005a40
fffb900008100
001ea03fe6940
0048c03fde0c0
fff2400008900
ffd3200010b40
ffb1800002840
ffe2f03ff3d40
0072a03ff7040
005e803ff8ec0
0063d03fe48c0
0022b03ff9dc0
ffc290000bd80
003ff03ff8c80
0019c00005240
ffd600000bfc0
0011200007b40
ffa5e00019940
ff9220000a300
ffeae03ff8880
0046900019580
009f50001eb40
0003000003000
ff9b803fffac0
0000403ff4e00
ffdd103ff95c0
ffc79000070c0
0028003fd9e00
0033003fda540
0025c0001a4c0
002d5000117c0
ffed003fedd80
ffd5103fee840
0015c03ff1f00
fff5603ffad40
ff7c600007900
ff65f0000c580
ffed400007b00
002f700005980
ffcf903ffbf80
fff1e03feb040
0014000005ac0
ff97600016600
ffbd203ffadc0
ffff500006880
ffd3d0000dd40
0010b03ff2c40
ffe0b03fee700
ff56803fe0900
ffed003fe7a80
008720000cb80
0016700006c80
ffe4800005cc0
0010f03ffda80
0017803feaf40
ffe6d00014000
ff5fc0000ecc0
ffd2f03feda80
0084000011200
ffe290000f8c0
ffbb203ff90c0
ffd2d03fff340
ffac200001600
003b0000117c0
ffe600000ce40
ff95500005040
0028803ffaf00
ffe8b03fdb440
fffd503ff9640
0010300021f40
ffa3a00018040
0012700001f80
ffdb103ff0c00
ff94f00002240
0055f00009280
001e600001d00
ffd6b0000c100
005b900008c40
0073e00003640
0055603fe4680
0013e03fdbcc0
0017803ffd900
0070603ff4b80
001fa03ffd180
ffe7f000010c0
fffff03ffb4c0
ffb8300016880
ffcb003fe7c00
ffd9103fe1d40
ffc7e00014480
0045603ff1040
002d100000a00
ffc8400011480
0024f03fdc340
0055e03ffb5c0
0010d00028440
fff1000019500
002dc0000dc40
000f000002500
ffc1003ff5c00
0025803ffdf00
ffe3300006980
ffaa903ff0fc0
0058603fe93c0
fffb300005440
fff190001ad80
005720000f640
ffdfe03ff0900
0067103fe9fc0
0071203fe71c0
ff80003ffce40
ffca200016b80
0037a03fee2c0
006e200005d00
0077100019f00
003f303fda240
0050f03fffdc0
ffdb80000d0c0
ffcf803fee400
004090002e100
fff8100028d80
ffdb700005b40
ffbb30000f2c0
ffa03000099c0
ffd6e00013a80
ffba000005900
ffe4c03ffcf80
003df03ff93c0
0038303ffa0c0
fffa600025f80
0008503ffb480
0063b03fe4c80
0008f00023e80
ffe8a00004180
0031303ffc080
fff5200026580
0029003ffc5c0
0014c03fd82c0
ffbe703ff1f00
001f700010300
0017003ffdac0
ffc0403ff4c00
ff46500012740
ff4d503ffa4c0
0030303fe7780
003e000002100
001b700003180
ffdf003fff4c0
ff80200017100
001f30002c700
ffe0c03ffa340
ff9fa03fc2a80
0065b03fe6f40
000a800003840
fff6b0000bc00
003060001db00
ff71300007680
ff7ea000011c0
ffc690000a700
ffc19000087c0
001660001e900
ffeb10000f1c0
ffe9c03fef280
005940000a6c0
0014b00014c40
ffe0703fffbc0
002af000040c0
000d403fff800
ffe3303ff68c0
ffee900001e80
000cd03fffdc0
0068403ffb240
0003003ffc4c0
ff59503ffa4c0
ff90403ffe600
ffb9d03ff21c0
ffe5a03ff7b80
ffd790000fbc0
ff94803ff2fc0
003ce03fee2c0
0036c0000f280
ff8a603ff5d00
ffd3c03fee400
0018a00005f00
fffeb03ffd940
ffaf8000168c0
ffb0300025d80
0000603fff840
ffc28000010c0
ffe7000006f00
001bd03feb5c0
ffece03feed40
ffff303fffd40
ffd8200003c80
fff7800003d00
fff0503ffca40
ffa0103ff5b80
ffbd2000035c0
ff4c900020c00
ff7b20000ce40
0030803fe6240
ffddc03ff0840
ffda503ff2e80
ffdb300000640
ffd3600013f40
002bc03ff5140
ffdf603ffbc40
ffeda00006100
0063203ff3ac0
005ad00010600
000e60000b800
ffd4b00002540
001a9000205c0
fffac00001380
ffb8303feca80
000960000dbc0
0007700021480
ffe1200008c80
ff9a203fd0a00
ff90b03fe94c0
fff7c0000f800
ffe7203fe8c80
ffe4d000046c0
ffa7800021dc0
ff56403feb140
ffcdb03fe3e80
ffbb903ff4b40
ff57803ff2d40
ff92c00000500
ffb7303ff49c0
ffa3203fe6f40
0001503ff3700
0040403ff3180
ff7ab03feff00
ff91703fef3c0
0034903ff3cc0
ffa3e0000f900
fff110000e680
005e403ff2c40
ffd7403ff9900
001f603ffe040
0068003ffc980
005fe0000f380
000c400012240
ffa9b00014d40
0009900009d00
ffca103fea300
ff7e403ff0200
ffb3703fe8f00
ffd6703fd7bc0
0051600002380
fffd700017e40
ffbcd00000380
000b003ffa600
ffe7a03ff7e00
0037703ff3b80
ffb2003ff44c0
ff71703fe71c0
009c803fdaa40
0023003feb480
ffca4000002c0
0043203ffccc0
ff89e03ffed00
ffb400000d8c0
0003800021880
ff88a00021840
fffb503fede80
ffebc03fe5280
ff6fa0001c140
003900001ecc0
004f80000a100
ff6d000005a80
0029103ffb740
00dbf00006f80
ffd3e03fffe40
ffdda03fe6780
0062403ff7700
ff89900004d40
ff70d00002700
001a90000b680
0031100008100
0020b00008a40
fff8400012f00
ffd0700016500
ffcde00022600
0009700022400
005ce00002f00
0038703ff4bc0
fffb103ffca40
0008d03ff0980
0045903fff280
0039b00023480
ffa8203ffb640
ffd7003fe4a40
0062d0001e0c0
ffe5600021f40
ffbf1000089c0
0029a00001300
ffe3f03ff7e00
ffb09000081c0
fff1b03fe6c80
fff5203fdbbc0
ff9f000028fc0
ffb450000ed40
0030103fdd580
ffef7000014c0
ffeb303ffd140
0060a03ff9f00
0023703fffac0
003e003ff7040
0004c00004440
ff56303ffa3c0
001f003fffc40
0057d00006740
ff96503fff900
fff710001b2c0
0041400000580
000ea03ff46c0
fff0200022680
ffab900014080
0014600018ac0
00b6b000193c0
0039403fe6500
ffb7203ff5500
0028e000001c0
ffff303fda800
ffc9603fde240
00b1703feb880
0064c03fee540
ff37800019140
ff36e00029580
ffb9e03feb040
0050a03fe16c0
0035b03ffc380
ff89a03fdec80
ffbb203fe7900
0071403ff5f80
00a6e03fefb00
ffe0b0000c780
ff91900009940
00234000059c0
ffdc00000ce40
ffb2c00009880
ffe5300001740
ffc4203fd3140
0034803fea040
004410000be80
ffd4d03fe8ac0
ffda400007c80
ffd2c00001f40
ffc8c03febac0
ffede00011cc0
001da03fe1d40
001db03fdc740
ffe4c00008d00
ffad103ff5580
ffcaf00005b80
0049503fffd40
0009c000054c0
ffcef0002a480
0034900004f00
ffd0500002680
ffdb800007c40
0038403ffb800
ffe450001d7c0
003b300006d80
004be03ffbe40
002d5000143c0
009c600002440
003b100015880
fff370000d140
ffe1803fdf900
ff6bb03ffab80
ffd46000185c0
005660000e580
fff8d00002dc0
ffd8b0000bf00
0050a0000d900
0073b03ff7100
0036c0000c400
001110001a800
ffe4803ffed80
ffe9203ffbd80
ffdf403ff9e80
ffc2000002700
ffada00005500
ff69403febb00
000fb03fea240
0099903fe43c0
0012903ffb700
0021c00022940
ffbaf00006c40
ff23200000800
ffd2700005bc0
00078000032c0
ffce900019140
ffefa03ffaf00
fff6903ff9900
ffc700000bd00
ff87403fe5e00
0028103ff0740
0079503ff0600
ffc4503fe32c0
fffad00005000
004bc03ffdf00
ffe0903ff31c0
fff2c03ff1f40
0025500003b80
0016000020a80
0035a03ff7300
0011b03ff6e00
ffa55000069c0
ffe8b03ff0180
007ba0001e840
009660002d000
007050000ca40
0020003ffe4c0
000ea03ff3d80
ffded00013a00
ffcb200008580
0099e03ff3ec0
005ce00015840
ff95600000a40
ffd8d03feb740
ffb4200003ec0
ffcf20001b600
002160000c3c0
ffe1903fe6e80
0017d00007f00
0010700017240
0032000000680
0060200018140
ffc4500012c40
fffcc000062c0
0024b00000040
000a803feeec0
0051d00001500
ffa8800007240
fff3c00011140
00b5a0001d300
0017b0000ad80
000b0000153c0
000d800010780
ffdaa03fe7d80
ffcd703fde580
ffbce03fead40
00c5903fe8280
00a5203fe5800
ffe1603ff4240
0076503ffb400
ffb0700010340
ff7670000b8c0
0078003fdc340
ffc1503fea7c0
ff85700001040
ffea00000a8c0
ffe37000046c0
0028c03fd4e00
ffda800009640
ffef000021440
0005a03fe18c0
ffa8603ff8800
0008b03ff5240
ffa7700007b80
ff8450002e000
0067d03fe6080
0047803ffdb40
002ac00025700
005b003fedb40
0042e03ff93c0
0036a00006b80
ffba600005b00
ff829000136c0
ff97600013a80
ffc7f0001c8c0
0070100007840
007cc00005440
0029e0001b900
001690000ff80
fff3203ff62c0
fff0303fe0140
0000000001ec0
0039f00010380
002ba03fe4300
ffaca03fe6bc0
ffd6103fe9540
0042f03ffcc00
000210001eec0
ffaf103ffa200
ffecc03ffd400
000f3000164c0
fff5503fede80
004fc03ff3c80
0056f00011500
0018603ff0cc0
003ee03feb7c0
ffe8b00003200
ffc5603fe8cc0
002d803ff3a80
ffe3900016180
ffe1a03fed300
0057003fe6540
ffef403ff9440
ffd6b03fe7fc0
0080b03ff9a40
0055003ff0e00
001f503fe4280
0084f0000aa00
002eb000030c0
ffe4d03ffccc0
004030000a140
003da03fe78c0
0015b03fe1600
fff030000a5c0
0016700014840
0071703ffd000
0021e00002040
001bf0001cd00
0061500011200
0001503ffe500
0008a03ff7dc0
0011103ff6040
ff815000169c0
ffeb800023980
0053303fffbc0
ff8f803fedac0
ffb3603ff5400
0042403ffb5c0
0002103ffce40
0029a00008540
fff390001e200
ffcb40001f3c0
0066400015740
ffd3700003d40
ffb1f03fe4ec0
0078e03feab40
000c903ffe980
0023803ff2000
0087b03ff88c0
0013c0001bcc0
002080001fe00
0031f03ffef40
fff5d03ff7d80
002210000a6c0
0084d00002440
003f203fffb00
ffa3803ffacc0
001e103ff3fc0
006e4000242c0
002d200027880
005ba03ffb200
ffe5500002a40
ffa9303ffddc0
0005803fff900
ffdb400018840
001ec03ffe380
fff0403fe6880
ff3db03ff2240
ffd0c00001d80
000a403fff7c0
ff7eb03ffe300
fffa90001c540
005650000c580
ffda303fe1a80
ffe9a03febfc0
ffffa03ffd980
ffa69000062c0
ffe6d03ffee80
0043f03ff8c40
00056000053c0
ff9d003fe8400
ffad203fddb80
fff450000c400
ff94000012340
ff9cb03ffcf00
0034503ffb200
0000f03ffd7c0
0009f0000e680
0053100010800
003a903ff1380
009be03ff9980
00ac40000a1c0
0016103febb40
ffd3203ff9540
ffefc0000f600
ffff103ff4b40
ffc13000036c0
ffa7300004a00
ffaea03fddd80
ffaf803ff7c80
ffe010001d080
ffd8600009bc0
ffc6b03ffd7c0
ffd9500009640
ffdce03ff7980
0007f03fefd40
001fb0000dc00
0033a000045c0
0046703ffadc0
00190000072c0
0012603fee680
001a803fe6a80
ffdff03ff6f00
ffd2303ffe540
0029000000500
0028d03ffdf80
fff9a00012300
006460000a780
006cb03febe00
0004200002040
003230000fd40
0061c03ff5400
0032803ff5980
ffebf00018600
001e80001bd40
007d300000e00
001ba03ffabc0
001bf03ff5980
007a103ffa940
002ac03ff8800
0018d03fe82c0
0035700005200
00134000040c0
0001d03ff0540
001c60000f680
004640000d300
ffcef03fedc40
ffa1203fd5c80
0022c03fe2800
ffdd103fffcc0
ffbfe03fdae40
0027903fd82c0
ffdb000006040
ffa8c000084c0
ffbf303ffb380
ff9fc03feb100
ffda303ff7240
003dd03ffe940
0035903ff7b00
ffd2300008600
ffc8303fee080
002eb03ff4580
0023e0000b180
0026503fd92c0
0073303fe5d00
fff8d03ffbb00
ff81f03fe2b40
ffd0903ff1900
0017f03ff3900
0023a03ff7980
002af03ffa040
002c003fe9480
ffc9a0000b8c0
ffc9a00024700
0051700003540
ffb4003fef480
ffb6f00012c80
00bbe00023a40
fff6403ff0e40
ff95703fd1ac0
0041003fdba00
0010f0000a9c0
004de000292c0
006d503ff19c0
0023803ff0ac0
002d100012ec0
0017e03fed480
0047403ff3480
fff71000105c0
00056000079c0
00a0e03ffcb00
ffb2703feb540
ffa5d03ffae80
007ca00005f40
000ac03ff09c0
000d800003900
fff000000b4c0
ffa4203ff1600
ffd6603ff5900
ff7ef03ffdc80
fff7b00007b40
0068600014300
ffe5b03ff6bc0
000e403fe8580
fff8e00001240
ffd9e03ff9c80
001bd03feb3c0
001e203fffb00
00823000154c0
fffd800005600
ff84703fea0c0
006ef03ffe700
ffdc900007dc0
ff49d03ff9b80
003f800015c80
001a000011100
001a903ff4f80
0075603ff5880
ffe4f03fe7dc0
0044600006240
006e400020ec0
ffa5403ff8740
fff9f00007140
0030100028e80
ff99f00008d00
ffc2903fef6c0
0038100002ec0
0039800010700
0045f03ff6a80
0042c03ffa1c0
fffe500008900
0035703fea3c0
003b903fff800
ffc7100017080
0005103ff08c0
ffe4403ff66c0
ff95a00000e40
0048500000980
0081e0000c680
001f003fe6340
ffa6503ff8880
ffac700030080
0053c00008640
ffdc103ffac00
ffafe00013100
005dc00008280
ffea50000a0c0
ffc0500007e00
000200000a840
ffe4b0000e4c0
0003c03ff8c00
0010103ff3540
0071403ffc5c0
002ce00013740
ff6a20000df40
fff2803ff3ec0
ffe6300010000
ff6c500009c40
ffdce03fff040
ffc490001b1c0
fffe203fffd80
006100000e900
ffb2700028640
ffe3d03ff7400
00baf03ffbe00
0086700010fc0
0013800007480
0009203fffb00
0036303fed980
0012303ffea80
ffc7c00010500
002ef0000c680
004d700007040
0018a03ffcf80
009df00013a00
008a700006d40
ffed603fdfdc0
ffff703fef4c0
000e803ff6340
0018b0000bcc0
002520002a780
ffd2f0000dd40
ffaa303ffdf40
ffede00006800
004e403ff3b40
0030003fe3200
0029503ffd8c0
006fa00012780
fff9803fec440
ffc3b03fdf9c0
002e503ffe000
0045803fee5c0
0037603fd9240
003d403ffbf00
008f00000c1c0
0042e03fe5900
ff6c903ff70c0
ff95d000205c0
ffd7b03ffff80
ffec300006480
001500000d180
ffbf703fd8bc0
ffd5503ffee40
0039200015180
003a003fde540
ffe3b000014c0
ffc3c00016800
003c703ff7dc0
ffc6900013780
ff2210000fac0
ff97403ffb7c0
ffafb00009e40
ffdd603fff800
00331000121c0
ffe0f0002be40
ffdd20000f880
0038203ffc480
0041103ff5040
ff98e03ff9300
ff3a103ff9d40
ffbe703fe4200
ffda603ff8940
fff0100007ac0
0025403ffce40
ffede0000de40
0016e00002e40
0020803ff6640
0017a00004340
008ac00004f00
004e600017f40
ffb2a0001bc00
ffc8003ffde40
ffddc03ffb880
ffb3c0000d480
ffe07000054c0
ffde703fee2c0
ffba103ffb7c0
0043e03ffae00
007ad03fcf080
0018803fd8340
000b70000d480
0017e0001dac0
001a400004840
fff9600002fc0
001d50001d980
0078400003bc0
000aa03ff1dc0
ffde50000d980
0015000004180
ffb9903ff9900
ffba000010e40
ffd2e0001d000
ffbab00004fc0
0017603fef880
0043103ff9f80
0018a03ff7500
ffdd003ff8c40
ffd1103ffe2c0
001dd03ff9e00
ffeee0000d180
ffcec00013a40
0034f000149c0
fff8e03fff7c0
ffd4a03fe8dc0
0031100016b80
0009000007e80
0030e03fe57c0
0051d00008080
ffb9203ff9b40
fff1b03ff0700
003b903ff9880
ffd7403ffe880
fff5e0000b180
ffee803fd4d40
ffd5703fd9bc0
00223000136c0
0016100005700
0017200007880
0025e0000e800
0022d00009fc0
0015b03ff51c0
ffb4903fe0540
0007300008f00
0083603ffad40
0012203fe89c0
ffcc500008b00
ffc1f03ff0200
ffbeb03ff1c80
0002603ffd3c0
000b103ff5a00
001c300000e00
0000b03fec100
ff978000028c0
ffeb1000195c0
0025a000005c0
ffbf200009c00
002ed03ffb480
00b0703ff14c0
002ef03ffea80
ffe0d00009940
0023b00022f40
0077603ff18c0
007a203fd2200
001bd03ffc440
0013903fefc40
005af03ff5a00
0084200009ec0
0056803fe3840
ffec503fe01c0
0008000006200
00374000151c0
002bd0000bcc0
0044800001ec0
ffe9b03fff240
ff9bc0000f900
ffd5300021e00
0021c00008040
0062503ffaac0
001900000f600
fff310000db00
002c30000a300
0020e00010cc0
009ee00017e40
0092300011d80
ff8ae0000b2c0
ff8c700017d80
ffe1d000017c0
ffd6b03ff1a80
ffe2c0000dc40
ffb4400004e00
ffe6803feaa00
fff9703fe9540
ff99c03ff0840
ffe3903ffab80
fff5c00009400
ff7f300005380
ff79f03fdcfc0
ffca303fe9740
0024b00014e80
fffea03fffd40
ffd430000df40
ffe3700029480
ff71103ff5540
ff9a603fe5500
ffe9000005000
ff9cf00004680
004b10000c1c0
00aed00017980
0007803fed5c0
fff2b03fdaa40
002e000008640
003cd00005940
0009b03fed100
001e900007c40
001c90001b680
ff9bc0000ee40
0046303fe6a00
0063903fe1080
ff76b03fffc80
ffd8803fe6ac0
0008403fe6200
00617000173c0
0083400025080
ff1710001ff40
ff75a00003040
0047f03fef1c0
ffc4a03ff3900
0022103fe8600
000f503ff3780
ffe2a03ffec40
0044d03ffcb00
fff3100011e00
fff2b0001cfc0
ffe2e00010700
ffa7003fffb00
000c300008200
0023b00010600
fffc603ffcc40
0004f03ffc040
0034d03feaf40
000e603fd7080
ff9eb03ff8d00
0001b03ffd340
0029303ff2080
ffaa50001cbc0
0004e00031c00
004a200004fc0
ffd0503fe8280
fff6503ffc080
0044703ff6800
ffe4603ff2d00
ffd4f00009b80
0039b03fee680
004bd03fe94c0
fffad00019480
fffe30000f100
0080a03fec7c0
004de03ff60c0
0016800003f40
004d103ffbf40
ffb690000af40
ffb5300029080
0007000019fc0
ffd290000a140
0017f00005040
fff3103feb000
0097503fe48c0
010e003fec7c0
ff6e800006440
ff79f00015540
000ec03ff4540
ff6cf0000b400
fff1a00033980
001a300017a80
fffaa00014c40
002ac00013e40
ffd9f03ff8a00
ffe2703ffd300
ffc0e03ffb700
fff8000009180
002d900031ac0
ff8b500020380
ffc8203ff2a40
0039a03fedb00
003ce00002ec0
001f800003f40
ffb1103ff5dc0
ffc9200001300
0006f000037c0
0043a00003b00
0028c0000e9c0
ffbe803ff2700
0017203ff6000
fffe20000da40
0016a03ff9cc0
00cdb0000c440
0029100009b80
ffab403fef140
0026900014580
0023000002340
ffe2803fd6e40
fffd803ff6400
0031500010cc0
fff850000bf80
ffe05000004c0
0027a00016f00
002060001ee40
fffee03fe8240
0052b03fe9180
009d60000f580
000290000da00
ffc9e03ff8640
0041b03fe2d00
0030800000440
001cf0001bc00
ffb9d0000b1c0
ffceb0000c580
005d90000ebc0
ffe9203ffedc0
0065103ff3240
008a100006800
ff914000058c0
000cc03fe4a80
0013600002fc0
ffbcc0000fc00
ffc6c00005ac0
ffa560001e940
0076c03fff580
0059503ff8c80
ffed000004280
ffed303fee240
ff38500007540
ffe8f03fe6b00
004ff03fd35c0
ffbd80000b480
ffeaa03feb3c0
ffbf203fdc940
001eb03ffcd80
004b303ffde00
ffdbc00009080
fff9703ff7880
ffc0803ff8540
003c60000d4c0
0080c00001740
0021203fffbc0
0078503fe7140
ffdbc03fe2980
ff98203ffda00
0043203ff44c0
0041a0000a040
fffe400018b00
ff44f03ff41c0
ff54003ff44c0
fff140000ab00
fff0200013980
0024f00013740
ffe5400007c00
ffeb800004e80
001ab03ffff40
ffc2803fee7c0
0051703fec100
0026d03ff7c80
ff5fb00005ec0
ffda20000ff40
004cf00002680
0031900000380
ffa9c00010c40
ff84100005040
ffff603ffcac0
0007303ff2480
0007303fdf8c0
ffd0600005c00
ff9e3000188c0
001a403fee500
000f803ff1f00
ffa0200008740
000a903ffa680
00b7f0000a9c0
00581000236c0
ffe6f03fffb80
0046203fe9800
0008103ff6800
fff9303ffb180
008af00008b80
000e503ff7d00
ffae703feb140
000bb03ff8340
000b703fedd00
0009800019cc0
ffe3d000207c0
ffb3e03fef6c0
002540001e8c0
002bb00019900
ffc0203ff64c0
ffeaa0001e740
0001f00011480
003d200008300
0084800007440
000a103ff7280
00167000113c0
ffe9700005100
ff6dc03ff4980
0065a03ff28c0
0088603ff6a00
ffdf800014cc0
0035503ff55c0
0039503fed340
0013600003800
ffb2303ff10c0
ff96c0000a400
003f300001c00
0000203ff5dc0
ffe480001edc0
00375000029c0
fff0b03ffb180
ffb6e00013c00
ff82503ffdcc0
ffc5400002a00
ffd62000023c0
ff74a03ff83c0
ffc0800012f80
ffbf700019e00
ffb2603ffe980
fffcf03ff2e00
0022803fffb40
0044f00005f40
ffe19000123c0
0004900010280
0034e03ff9800
ffa1c0001bf80
000a70002f740
0054d000048c0
fffa303ffcbc0
001b200001180
0012e00002800
000390000a0c0
0003303ff1080
000ec03fe86c0
000f303ff00c0
ffe2f03fe5b80
0009603fee7c0
00012000006c0
ffcc100019b80
ff85700023a80
ff8b003ff63c0
0016103febc40
ffe0200004b40
000e203ff71c0
0070803ffb6c0
ffa7803ffd3c0
ffba303ff2600
001c900009240
ffeef03ff6800
fff2903fdd680
ffc4103ff9600
0022100003e00
0017500004500
ff88c03ffddc0
001cd03fed100
005d800002f00
0003500019940
ffcc900003d00
ff95903ffa640
fff760001a200
0038000014140
ffcc203ffd700
ffe52000138c0
00ab50000e180
0088803ffdc40
fffc0000097c0
005e100010180
0030f0000eec0
fff83000044c0
005310001bf00
fffd400016a80
001b503fe5d40
fff8d00002600
ff87100007640
0057203ff9400
0059300016a80
ffd7803ff4f00
001f203feeb40
003810000b6c0
0027703ffeec0
ffc3d03ffc4c0
ffdf603ff6ec0
0040400009600
fff8c00000280
002ce03fe7380
001b300013700
fff4c000075c0
0070203ff1140
0011a0000c480
ffdd300005780
0038400000600
fff0e03ff3f40
ffca503ffce80
0012c00006c00
0037b03ffbf80
0002800023000
ffd0b00000440
ffb4603fd7a80
ffdb200007fc0
007e503ff9880
0029b00001ac0
ff9750001dd40
fff8603ff4900
ffc3f03fe9e80
ffa6d03fee3c0
0002f03ffe700
fff490000f880
0026a03ffa940
0008500005500
ffe9800017b80
0070b00011fc0
0060c0000a000
0017800002dc0
ffdc100009ac0
ff94403ffbe40
0008e03fe3a40
0039403ff91c0
ffb970000f9c0
ffc8e03ff6000
0043603ff8380
0092f0000e840
00a2d03fed240
0058b03ff7480
000620001a900
fffc900006100
0018d03ffdf80
002e603fe4000
0040103fe5ec0
005260000f540
0020e03ff5e40
ffea803ffb9c0
001cf00010d80
001df00001b80
0043300010440
00b4703ff7680
0014403fe5100
ffb86000090c0
0057900016d40
ffd930001e4c0
ff7ab00022640
fff7c0001d080
ff9b40000ca80
ffa3400004500
001b600003a00
ffb5903ff3a00
ffdb300018100
004b80001b2c0
ffedb03fe4240
ffdea03ff7300
0003f03ff30c0
fff8503fdbb40
0058e03febcc0
0058603fde940
ffedf03ff38c0
00093000003c0
0023403fe3440
0022f03ff69c0
fff170000a740
ff8cd00016a40
fff3f0001f300
00508000058c0
000ab03ffd500
ffd7f00001f40
ff8ae03ff1300
ffb7303feff80
0000a0000ee40
ffe3d0000ef00
0051903ff7680
001ab03ffc740
ff67d03ff26c0
ffe6b03ff3bc0
003dd00008280
ffee903ffd640
ffe4300000740
ffe2103ffcdc0
ffbcb03fe9f80
fff8e03fecd40
00bad03ffa540
008470000a740
ffa5103fde200
fff2303fd0500
0051a0001ea80
000120001e9c0
ffd3700008180
0016c00016dc0
0096803ffc280
0046e03ff7540
ffe6803fe9000
0024603fcdc00
ffdeb03feeec0
ffdf003ffc7c0
002c203fe5980
fff4b03fe7a80
00360000095c0
0077c00022d80
002a900012f40
0000e03ff7840
ffd3803fe8800
ffebe03ff0580
003c103fea640
000ee03fe59c0
002cc0000e400
004b303ffd700
ff53703fef980
ff52300020340
009d100003100
008ed03ff8480
0052900014900
00d8c03fe9100
005a103fed400
ffbee0000aac0
ffb1103ffe7c0
ff8c500005fc0
ffb9103ff8a80
ffea203fdcbc0
ffea503fdb3c0
fffbc03fec8c0
ffef8000039c0
ffb1100004e40
ffce103ffaac0
0034e03ff0d80
ffd7003ffce80
ffc4000002800
0043c03fea0c0
0009400006380
0015400020100
ffe9203ffed80
ffc0203ff1600
0076303ff9d00
ffc5c0000e900
ff8c000003340
005f703fdfb00
ffaa503ffa180
ff9fe03fff200
ffb1903fe1d80
ff68b03ffb900
005df00019200
00173000082c0
fff0803fe4e00
00b6d03ff1780
001d6000106c0
0003500002fc0
000d400003140
ff7d600008500
ffbff03ffbc80
0009b00000280
0024b00005340
fff9300009e80
ffeab03ffdd00
000fe03fe7500
ff84b03ffa840
ffe730001c800
00bd900016e80
0055e03ffae40
ffe2b00004b00
ffe130000fe40
001b903ff8480
ffd7603fff300
ff4a000008c80
ffb1103ffef80
002470000a340
000350000ef80
ff937000061c0
ff775000036c0
ffee200013140
000a100012480
003c200002b00
0038f00017300
ffdd60000f740
0052500002400
0084a00013180
00822000008c0
00a830000d740
fff80000142c0
ffcee03feee40
0066e03fff1c0
0000000000000
0000000000000
0000000000000
0000000000000
0000000000000
0000000000000
0000000000000
0000000000000
0000000000000
0000000000000
0000000000000
0000000000000
0000000000000
0000000000000
0000000000000
0000000000000
0000000000000
0000000000000
0000000000000
0000000000000
0000000000000
0000000000000
0000000000000
0000000000000
0000000000000
0000000000000
0000000000000
0000000000000
0000000000000
0000000000000
0000000000000
0000000000000
0000000000000
0000000000000
0000000000000
0000000000000
0000000000000
0000000000000
0000000000000
0000000000000
0000000000000
0000000000000
0000000000000
0000000000000
0000000000000
0000000000000
0000000000000
0000000000000
0000000000000
0000000000000
0000000000000
0000000000000
0000000000000
0000000000000
0000000000000
0000000000000
0000000000000
0000000000000
0000000000000
0000000000000
0000000000000
0000000000000
0000000000000
0000000000000
0000000000000
0000000000000
0000000000000
0000000000000
0000000000000
0000000000000
0000000000000
0000000000000
0000000000000
0000000000000
0000000000000
0000000000000
0000000000000
0000000000000
0000000000000
0000000000000
0000000000000
0000000000000
0000000000000
0000000000000
0000000000000
0000000000000
0000000000000
0000000000000
0000000000000
0000000000000
0000000000000
0000000000000
0000000000000
0000000000000
0000000000000
0000000000000
0000000000000
0000000000000
0000000000000
0000000000000
0000000000000
0000000000000
0000000000000
0000000000000
0000000000000
0000000000000
0000000000000
0000000000000
0000000000000
0000000000000
0000000000000
0000000000000
0000000000000
0000000000000
0000000000000
0000000000000
0000000000000
0000000000000
0000000000000
0000000000000
0000000000000
0000000000000
0000000000000
0000000000000
0000000000000
0000000000000
0000000000000
0000000000000
0000000000000
0000000000000
0000000000000
0000000000000
0000000000000
0000000000000
0000000000000
0000000000000
0000000000000
0000000000000
0000000000000
0000000000000
0000000000000
0000000000000
0000000000000
0000000000000
0000000000000
0000000000000
0000000000000
0000000000000
0000000000000
0000000000000
0000000000000
0000000000000
0000000000000
0000000000000
0000000000000
0000000000000
0000000000000
0000000000000
0000000000000
0000000000000
0000000000000
0000000000000
0000000000000
0000000000000
0000000000000
0000000000000
0000000000000
0000000000000
0000000000000
0000000000000
0000000000000
0000000000000
0000000000000
0000000000000
0000000000000
0000000000000
0000000000000
0000000000000
0000000000000
0000000000000
0000000000000
0000000000000
0000000000000
0000000000000
0000000000000
0000000000000
0000000000000
0000000000000
0000000000000
0000000000000
0000000000000
0000000000000
0000000000000
0000000000000
0000000000000
0000000000000
0000000000000
0000000000000
0000000000000
0000000000000
0000000000000
0000000000000
0000000000000
0000000000000
0000000000000
0000000000000
0000000000000
0000000000000
0000000000000
0000000000000
0000000000000
0000000000000
0000000000000
0000000000000
0000000000000
0000000000000
0000000000000
0000000000000
0000000000000
0000000000000
0000000000000
0000000000000
0000000000000
0000000000000
0000000000000
0000000000000
0000000000000
0000000000000
0000000000000
0000000000000
0000000000000
0000000000000
0000000000000
0000000000000
0000000000000
0000000000000
0000000000000
0000000000000
0000000000000
0000000000000
0000000000000
0000000000000
0000000000000
0000000000000
0000000000000
0000000000000
0000000000000
0000000000000
0000000000000
0000000000000
0000000000000
0000000000000
0000000000000
0000000000000
0000000000000
0000000000000
0000000000000
0000000000000
0000000000000
0000000000000
0000000000000
0000000000000
0000000000000
0000000000000
0000000000000
0000000000000
0000000000000
0000000000000
0000000000000
0000000000000
0000000000000
0000000000000
0000000000000
0000000000000
0000000000000
0000000000000
0000000000000
0000000000000
0000000000000
0000000000000
0000000000000
0000000000000
0000000000000
0000000000000
0000000000000
0000000000000
0000000000000
0000000000000
0000000000000
0000000000000
0000000000000
0000000000000
0000000000000
0000000000000
0000000000000
0000000000000
0000000000000
0000000000000
0000000000000
0000000000000
0000000000000
0000000000000
0000000000000
0000000000000
0000000000000
0000000000000
0000000000000
0000000000000
0000000000000
0000000000000
0000000000000
0000000000000
0000000000000
0000000000000
0000000000000
0000000000000
0000000000000
0000000000000
0000000000000
0000000000000
0000000000000
0000000000000
0000000000000
0000000000000
0000000000000
0000000000000
0000000000000
0000000000000
0000000000000
0000000000000
0000000000000
0000000000000
0000000000000
0000000000000
0000000000000
0000000000000
0000000000000
0000000000000
0000000000000
0000000000000
0000000000000
0000000000000
0000000000000
0000000000000
0000000000000
0000000000000
0000000000000
0000000000000
0000000000000
0000000000000
0000000000000
0000000000000
0000000000000
0000000000000
0000000000000
0000000000000
0000000000000
0000000000000
0000000000000
0000000000000
0000000000000
0000000000000
0000000000000
0000000000000
0000000000000
0000000000000
0000000000000
0000000000000
0000000000000
0000000000000
0000000000000
0000000000000
0000000000000
0000000000000
0000000000000
0000000000000
0000000000000
0000000000000
0000000000000
0000000000000
0000000000000
0000000000000
0000000000000
0000000000000
0000000000000
0000000000000
0000000000000
0000000000000
0000000000000
0000000000000
0000000000000
0000000000000
0000000000000
0000000000000
0000000000000
0000000000000
0000000000000
0000000000000
0000000000000
0000000000000
0000000000000
0000000000000
0000000000000
0000000000000
0000000000000
0000000000000
0000000000000
0000000000000
0000000000000
0000000000000
0000000000000
0000000000000
0000000000000
0000000000000
0000000000000
0000000000000
0000000000000
0000000000000
0000000000000
0000000000000
0000000000000
0000000000000
0000000000000
0000000000000
0000000000000
0000000000000
0000000000000
0000000000000
0000000000000
0000000000000
0000000000000
0000000000000
0000000000000
0000000000000
0000000000000
0000000000000
0000000000000
0000000000000
0000000000000
0000000000000
0000000000000
0000000000000
0000000000000
0000000000000
0000000000000
0000000000000
0000000000000
0000000000000
0000000000000
0000000000000
0000000000000
0000000000000
0000000000000
0000000000000
0000000000000
0000000000000
0000000000000
0000000000000
0000000000000
0000000000000
0000000000000
0000000000000
0000000000000
0000000000000
0000000000000
0000000000000
0000000000000
0000000000000
0000000000000
0000000000000
0000000000000
0000000000000
0000000000000
0000000000000
0000000000000
0000000000000
0000000000000
0000000000000
0000000000000
0000000000000
0000000000000
0000000000000
0000000000000
0000000000000
0000000000000
0000000000000
0000000000000
0000000000000
0000000000000
0000000000000
0000000000000
0000000000000
0000000000000
0000000000000
0000000000000
0000000000000
0000000000000
0000000000000
0000000000000
0000000000000
0000000000000
0000000000000
0000000000000
0000000000000
0000000000000
0000000000000
0000000000000
0000000000000
0000000000000
0000000000000
0000000000000
0000000000000
0000000000000
0000000000000
0000000000000
0000000000000
0000000000000
0000000000000
0000000000000
0000000000000
0000000000000
0000000000000
0000000000000
0000000000000
0000000000000
0000000000000
0000000000000
0000000000000
0000000000000
0000000000000
0000000000000
0000000000000
0000000000000
0000000000000
0000000000000
0000000000000
0000000000000
0000000000000
0000000000000
0000000000000
0000000000000
0000000000000
0000000000000
0000000000000
0000000000000
0000000000000
0000000000000
0000000000000
0000000000000
0000000000000
0000000000000
0000000000000
0000000000000
0000000000000
0000000000000
0000000000000
0000000000000
0000000000000
0000000000000
0000000000000
0000000000000
0000000000000
0000000000000
0000000000000
0000000000000
0000000000000
0000000000000
0000000000000
0000000000000
0000000000000
0000000000000
0000000000000
0000000000000
0000000000000
0000000000000
0000000000000
0000000000000
0000000000000
0000000000000
0000000000000
0000000000000
0000000000000
0000000000000
0000000000000
0000000000000
0000000000000
0000000000000
0000000000000
0000000000000
0000000000000
0000000000000
0000000000000
0000000000000
0000000000000
0000000000000
0000000000000
0000000000000
0000000000000
0000000000000
0000000000000
0000000000000
0000000000000
0000000000000
0000000000000
0000000000000
0000000000000
0000000000000
0000000000000
0000000000000
0000000000000
0000000000000
0000000000000
0000000000000
0000000000000
0000000000000
0000000000000
0000000000000
0000000000000
0000000000000
0000000000000
0000000000000
0000000000000
0000000000000
0000000000000
0000000000000
0000000000000
0000000000000
0000000000000
0000000000000
0000000000000
0000000000000
0000000000000
0000000000000
0000000000000
0000000000000
0000000000000
0000000000000
0000000000000
0000000000000
0000000000000
0000000000000
0000000000000
0000000000000
0000000000000
0000000000000
0000000000000
0000000000000
0000000000000
0000000000000
0000000000000
0000000000000
0000000000000
0000000000000
0000000000000
0000000000000
0000000000000
0000000000000
0000000000000
0000000000000
0000000000000
0000000000000
0000000000000
0000000000000
0000000000000
0000000000000
0000000000000
0000000000000
0000000000000
0000000000000
0000000000000
0000000000000
0000000000000
0000000000000
0000000000000
0000000000000
0000000000000
0000000000000
0000000000000
0000000000000
0000000000000
0000000000000
0000000000000
0000000000000
0000000000000
0000000000000
0000000000000
0000000000000
0000000000000
0000000000000
0000000000000
0000000000000
0000000000000
0000000000000
0000000000000
0000000000000
0000000000000
0000000000000
0000000000000
0000000000000
0000000000000
0000000000000
0000000000000
0000000000000
0000000000000
0000000000000
0000000000000
0000000000000
0000000000000
0000000000000
0000000000000
0000000000000
0000000000000
0000000000000
0000000000000
0000000000000
0000000000000
0000000000000
0000000000000
0000000000000
0000000000000
0000000000000
0000000000000
0000000000000
0000000000000
0000000000000
0000000000000
0000000000000
0000000000000
0000000000000
0000000000000
0000000000000
0000000000000
0000000000000
0000000000000
0000000000000
0000000000000
0000000000000
0000000000000
0000000000000
0000000000000
0000000000000
0000000000000
0000000000000
0000000000000
0000000000000
0000000000000
0000000000000
0000000000000
0000000000000
0000000000000
0000000000000
0000000000000
0000000000000
0000000000000
0000000000000
0000000000000
0000000000000
0000000000000
0000000000000
0000000000000
0000000000000
0000000000000
0000000000000
0000000000000
0000000000000
0000000000000
0000000000000
0000000000000
0000000000000
0000000000000
0000000000000
0000000000000
0000000000000
0000000000000
0000000000000
0000000000000
0000000000000
0000000000000
0000000000000
0000000000000
0000000000000
0000000000000
0000000000000
0000000000000
0000000000000
0000000000000
0000000000000
0000000000000
0000000000000
0000000000000
0000000000000
0000000000000
0000000000000
0000000000000
0000000000000
0000000000000
0000000000000
0000000000000
0000000000000
0000000000000
0000000000000
0000000000000
0000000000000
0000000000000
0000000000000
0000000000000
0000000000000
0000000000000
0000000000000
0000000000000
0000000000000
0000000000000
0000000000000
0000000000000
0000000000000
0000000000000
0000000000000
0000000000000
0000000000000
0000000000000
0000000000000
0000000000000
0000000000000
0000000000000
0000000000000
0000000000000
0000000000000
0000000000000
0000000000000
0000000000000
0000000000000
0000000000000
0000000000000
0000000000000
0000000000000
0000000000000
0000000000000
0000000000000
0000000000000
0000000000000
0000000000000
0000000000000
0000000000000
0000000000000
0000000000000
0000000000000
0000000000000
0000000000000
0000000000000
0000000000000
0000000000000
0000000000000
0000000000000
0000000000000
0000000000000
0000000000000
0000000000000
0000000000000
0000000000000
0000000000000
0000000000000
0000000000000
0000000000000
0000000000000
0000000000000
0000000000000
0000000000000
0000000000000
0000000000000
0000000000000
0000000000000
0000000000000
0000000000000
0000000000000
0000000000000
0000000000000
0000000000000
0000000000000
0000000000000
0000000000000
0000000000000
0000000000000
0000000000000
0000000000000
0000000000000
0000000000000
0000000000000
0000000000000
0000000000000
0000000000000
0000000000000
0000000000000
0000000000000
0000000000000
0000000000000
0000000000000
0000000000000
0000000000000
0000000000000
0000000000000
0000000000000
0000000000000
0000000000000
0000000000000
0000000000000
0000000000000
0000000000000
0000000000000
0000000000000
0000000000000
0000000000000
0000000000000
0000000000000
0000000000000
0000000000000
0000000000000
0000000000000
0000000000000
0000000000000
0000000000000
0000000000000
0000000000000
0000000000000
0000000000000
0000000000000
0000000000000
0000000000000
0000000000000
0000000000000
0000000000000
0000000000000
0000000000000
0000000000000
0000000000000
0000000000000
0000000000000
0000000000000
0000000000000
0000000000000
0000000000000
0000000000000
0000000000000
0000000000000
0000000000000
0000000000000
0000000000000
0000000000000
0000000000000
0000000000000
0000000000000
0000000000000
0000000000000
0000000000000
0000000000000
0000000000000
0000000000000
0000000000000
0000000000000
0000000000000
0000000000000
0000000000000
0000000000000
0000000000000
0000000000000
0000000000000
0000000000000
0000000000000
0000000000000
0000000000000
0000000000000
0000000000000
0000000000000
0000000000000
0000000000000
0000000000000
0000000000000
0000000000000
0000000000000
0000000000000
0000000000000
0000000000000
0000000000000
0000000000000
0000000000000
0000000000000
0000000000000
0000000000000
0000000000000
0000000000000
0000000000000
0000000000000
0000000000000
0000000000000
0000000000000
0000000000000
0000000000000
0000000000000
0000000000000
0000000000000
0000000000000
0000000000000
0000000000000
0000000000000
0000000000000
0000000000000
0000000000000
0000000000000
0000000000000
0000000000000
0000000000000
0000000000000
0000000000000
0000000000000
0000000000000
0000000000000
0000000000000
0000000000000
0000000000000
0000000000000
0000000000000
0000000000000
0000000000000
0000000000000
0000000000000
0000000000000
0000000000000
0000000000000
0000000000000
0000000000000
0000000000000
0000000000000
0000000000000
0000000000000
0000000000000
0000000000000
0000000000000
0000000000000
0000000000000
0000000000000
0000000000000
0000000000000
0000000000000
0000000000000
0000000000000
0000000000000
0000000000000
0000000000000
0000000000000
0000000000000
0000000000000
0000000000000
0000000000000
0000000000000
0000000000000
0000000000000
0000000000000
0000000000000
0000000000000
0000000000000
0000000000000
0000000000000
0000000000000
0000000000000
0000000000000
0000000000000
0000000000000
0000000000000
0000000000000
0000000000000
0000000000000
0000000000000
0000000000000
0000000000000
0000000000000
0000000000000
0000000000000
0000000000000
0000000000000
0000000000000
0000000000000
0000000000000
0000000000000
0000000000000
0000000000000
0000000000000
0000000000000
0000000000000
0000000000000
0000000000000
0000000000000
0000000000000
0000000000000
0000000000000
0000000000000
0000000000000
0000000000000
0000000000000
0000000000000
0000000000000
0000000000000
0000000000000
0000000000000
0000000000000
0000000000000
0000000000000
0000000000000
0000000000000
0000000000000
0000000000000
0000000000000
0000000000000
0000000000000
0000000000000
0000000000000
0000000000000
0000000000000
0000000000000
0000000000000
0000000000000
0000000000000
0000000000000
0000000000000
0000000000000
0000000000000
0000000000000
0000000000000
0000000000000
0000000000000
0000000000000
0000000000000
0000000000000
0000000000000
0000000000000
0000000000000
0000000000000
0000000000000
0000000000000
0000000000000
0000000000000
0000000000000
0000000000000
0000000000000
0000000000000
0000000000000
0000000000000
0000000000000
0000000000000
0000000000000
0000000000000
0000000000000
0000000000000
0000000000000
0000000000000
0000000000000
0000000000000
0000000000000
0000000000000
0000000000000
0000000000000
0000000000000
0000000000000
0000000000000
0000000000000
0000000000000
0000000000000
0000000000000
0000000000000
0000000000000
0000000000000
0000000000000
0000000000000
0000000000000
0000000000000
0000000000000
0000000000000
0000000000000
0000000000000
0000000000000
0000000000000
0000000000000
0000000000000
0000000000000
0000000000000
0000000000000
0000000000000
0000000000000
0000000000000
0000000000000
0000000000000
0000000000000
0000000000000
0000000000000
0000000000000
0000000000000
0000000000000
0000000000000
0000000000000
0000000000000
0000000000000
0000000000000
0000000000000
0000000000000
0000000000000
0000000000000
0000000000000
0000000000000
0000000000000
0000000000000
0000000000000
0000000000000
0000000000000
0000000000000
0000000000000
0000000000000
0000000000000
0000000000000
0000000000000
0000000000000
0000000000000
0000000000000
0000000000000
0000000000000
0000000000000
0000000000000
0000000000000
0000000000000
0000000000000
0000000000000
0000000000000
0000000000000
0000000000000
0000000000000
0000000000000
0000000000000
0000000000000
0000000000000
0000000000000
0000000000000
0000000000000
0000000000000
0000000000000
0000000000000
0000000000000
0000000000000
0000000000000
0000000000000
0000000000000
0000000000000
0000000000000
0000000000000
0000000000000
0000000000000
0000000000000
0000000000000
0000000000000
0000000000000
0000000000000
0000000000000
0000000000000
0000000000000
0000000000000
0000000000000
0000000000000
0000000000000
0000000000000
0000000000000
0000000000000
0000000000000
0000000000000
0000000000000
0000000000000
0000000000000
0000000000000
0000000000000
0000000000000
0000000000000
0000000000000
0000000000000
0000000000000
0000000000000
0000000000000
0000000000000
0000000000000
0000000000000
0000000000000
0000000000000
0000000000000
0000000000000
0000000000000
0000000000000
0000000000000
0000000000000
0000000000000
0000000000000
0000000000000
0000000000000
0000000000000
0000000000000
0000000000000
0000000000000
0000000000000
0000000000000
0000000000000
0000000000000
0000000000000
0000000000000
0000000000000
0000000000000
0000000000000
0000000000000
0000000000000
0000000000000
0000000000000
0000000000000
0000000000000
0000000000000
0000000000000
0000000000000
0000000000000
0000000000000
0000000000000
0000000000000
0000000000000
0000000000000
0000000000000
0000000000000
0000000000000
0000000000000
0000000000000
0000000000000
0000000000000
0000000000000
0000000000000
0000000000000
0000000000000
0000000000000
0000000000000
0000000000000
0000000000000
0000000000000
0000000000000
0000000000000
0000000000000
0000000000000
0000000000000
0000000000000
0000000000000
0000000000000
0000000000000
0000000000000
0000000000000
0000000000000
0000000000000
0000000000000
0000000000000
0000000000000
0000000000000
0000000000000
0000000000000
0000000000000
0000000000000
0000000000000
0000000000000
0000000000000
0000000000000
0000000000000
0000000000000
0000000000000
0000000000000
0000000000000
0000000000000
0000000000000
0000000000000
0000000000000
0000000000000
0000000000000
0000000000000
0000000000000
0000000000000
0000000000000
0000000000000
0000000000000
0000000000000
0000000000000
0000000000000
0000000000000
0000000000000
0000000000000
0000000000000
0000000000000
0000000000000
0000000000000
0000000000000
0000000000000
0000000000000
0000000000000
0000000000000
0000000000000
0000000000000
0000000000000
0000000000000
0000000000000
0000000000000
0000000000000
0000000000000
0000000000000
0000000000000
0000000000000
0000000000000
0000000000000
0000000000000
0000000000000
0000000000000
0000000000000
0000000000000
0000000000000
0000000000000
0000000000000
0000000000000
0000000000000
0000000000000
0000000000000
0000000000000
0000000000000
0000000000000
0000000000000
0000000000000
0000000000000
0000000000000
0000000000000
0000000000000
0000000000000
0000000000000
0000000000000
0000000000000
0000000000000
0000000000000
0000000000000
0000000000000
0000000000000
0000000000000
0000000000000
0000000000000
0000000000000
0000000000000
0000000000000
0000000000000
0000000000000
0000000000000
0000000000000
0000000000000
0000000000000
0000000000000
0000000000000
0000000000000
0000000000000
0000000000000
0000000000000
0000000000000
0000000000000
0000000000000
0000000000000
0000000000000
0000000000000
0000000000000
0000000000000
0000000000000
0000000000000
0000000000000
0000000000000
0000000000000
0000000000000
0000000000000
0000000000000
0000000000000
0000000000000
0000000000000
0000000000000
0000000000000
0000000000000
0000000000000
0000000000000
0000000000000
0000000000000
0000000000000
0000000000000
0000000000000
0000000000000
0000000000000
0000000000000
0000000000000
0000000000000
0000000000000
0000000000000
0000000000000
0000000000000
0000000000000
0000000000000
0000000000000
0000000000000
0000000000000
0000000000000
0000000000000
0000000000000
0000000000000
0000000000000
0000000000000
0000000000000
0000000000000
0000000000000
0000000000000
0000000000000
0000000000000
0000000000000
0000000000000
0000000000000
0000000000000
0000000000000
0000000000000
0000000000000
0000000000000
0000000000000
0000000000000
0000000000000
0000000000000
0000000000000
0000000000000
0000000000000
0000000000000
0000000000000
0000000000000
0000000000000
0000000000000
0000000000000
0000000000000
0000000000000
0000000000000
0000000000000
0000000000000
0000000000000
0000000000000
0000000000000
0000000000000
0000000000000
0000000000000
0000000000000
0000000000000
0000000000000
0000000000000
0000000000000
0000000000000
0000000000000
0000000000000
0000000000000
0000000000000
0000000000000
0000000000000
0000000000000
0000000000000
0000000000000
0000000000000
0000000000000
0000000000000
0000000000000
0000000000000
0000000000000
0000000000000
0000000000000
0000000000000
0000000000000
0000000000000
0000000000000
0000000000000
0000000000000
0000000000000
0000000000000
0000000000000
0000000000000
0000000000000
0000000000000
0000000000000
0000000000000
0000000000000
0000000000000
0000000000000
0000000000000
0000000000000
0000000000000
0000000000000
0000000000000
0000000000000
0000000000000
0000000000000
0000000000000
0000000000000
0000000000000
0000000000000
0000000000000
0000000000000
0000000000000
0000000000000
0000000000000
0000000000000
0000000000000
0000000000000
0000000000000
0000000000000
0000000000000
0000000000000
0000000000000
0000000000000
0000000000000
0000000000000
0000000000000
0000000000000
0000000000000
0000000000000
0000000000000
0000000000000
0000000000000
0000000000000
0000000000000
0000000000000
0000000000000
0000000000000
0000000000000
0000000000000
0000000000000
0000000000000
0000000000000
0000000000000
0000000000000
0000000000000
0000000000000
0000000000000
0000000000000
0000000000000
0000000000000
0000000000000
0000000000000
0000000000000
0000000000000
0000000000000
0000000000000
0000000000000
0000000000000
0000000000000
0000000000000
0000000000000
0000000000000
0000000000000
0000000000000
0000000000000
0000000000000
0000000000000
0000000000000
0000000000000
0000000000000
0000000000000
0000000000000
0000000000000
0000000000000
0000000000000
0000000000000
0000000000000
0000000000000
0000000000000
0000000000000
0000000000000
0000000000000
0000000000000
0000000000000
0000000000000
0000000000000
0000000000000
0000000000000
0000000000000
0000000000000
0000000000000
0000000000000
0000000000000
0000000000000
0000000000000
0000000000000
0000000000000
0000000000000
0000000000000
0000000000000
0000000000000
0000000000000
0000000000000
0000000000000
0000000000000
0000000000000
0000000000000
0000000000000
0000000000000
0000000000000
0000000000000
0000000000000
0000000000000
0000000000000
0000000000000
0000000000000
0000000000000
0000000000000
0000000000000
0000000000000
0000000000000
0000000000000
0000000000000
0000000000000
0000000000000
0000000000000
0000000000000
0000000000000
0000000000000
0000000000000
0000000000000
0000000000000
0000000000000
0000000000000
0000000000000
0000000000000
0000000000000
0000000000000
0000000000000
0000000000000
0000000000000
0000000000000
0000000000000
0000000000000
0000000000000
0000000000000
0000000000000
0000000000000
0000000000000
0000000000000
0000000000000
0000000000000
0000000000000
0000000000000
0000000000000
0000000000000
0000000000000
0000000000000
0000000000000
0000000000000
0000000000000
0000000000000
0000000000000
0000000000000
0000000000000
0000000000000
0000000000000
0000000000000
0000000000000
0000000000000
0000000000000
0000000000000
0000000000000
0000000000000
0000000000000
0000000000000
0000000000000
0000000000000
0000000000000
0000000000000
0000000000000
0000000000000
0000000000000
0000000000000
0000000000000
0000000000000
0000000000000
0000000000000
0000000000000
0000000000000
0000000000000
0000000000000
0000000000000
0000000000000
0000000000000
0000000000000
0000000000000
0000000000000
0000000000000
0000000000000
0000000000000
0000000000000
0000000000000
0000000000000
0000000000000
0000000000000
0000000000000
0000000000000
0000000000000
0000000000000
0000000000000
0000000000000
0000000000000
0000000000000
0000000000000
0000000000000
0000000000000
0000000000000
0000000000000
0000000000000
0000000000000
0000000000000
0000000000000
0000000000000
0000000000000
0000000000000
0000000000000
0000000000000
0000000000000
0000000000000
0000000000000
0000000000000
0000000000000
0000000000000
0000000000000
0000000000000
0000000000000
0000000000000
0000000000000
0000000000000
0000000000000
0000000000000
0000000000000
0000000000000
0000000000000
0000000000000
0000000000000
0000000000000
0000000000000
0000000000000
0000000000000
0000000000000
0000000000000
0000000000000
0000000000000
0000000000000
0000000000000
0000000000000
0000000000000
0000000000000
0000000000000
0000000000000
0000000000000
0000000000000
0000000000000
0000000000000
0000000000000
0000000000000
0000000000000
0000000000000
0000000000000
0000000000000
0000000000000
0000000000000
0000000000000
0000000000000
0000000000000
0000000000000
0000000000000
0000000000000
0000000000000
0000000000000
0000000000000
0000000000000
0000000000000
0000000000000
0000000000000
0000000000000
0000000000000
0000000000000
0000000000000
0000000000000
0000000000000
0000000000000
0000000000000
0000000000000
0000000000000
0000000000000
0000000000000
0000000000000
0000000000000
0000000000000
0000000000000
0000000000000
0000000000000
0000000000000
0000000000000
0000000000000
0000000000000
0000000000000
0000000000000
0000000000000
0000000000000
0000000000000
0000000000000
0000000000000
0000000000000
0000000000000
0000000000000
0000000000000
0000000000000
0000000000000
0000000000000
0000000000000
0000000000000
0000000000000
0000000000000
0000000000000
0000000000000
0000000000000
0000000000000
0000000000000
0000000000000
0000000000000
0000000000000
0000000000000
0000000000000
0000000000000
0000000000000
0000000000000
0000000000000
0000000000000
0000000000000
0000000000000
0000000000000
0000000000000
0000000000000
0000000000000
0000000000000
0000000000000
0000000000000
0000000000000
0000000000000
0000000000000
0000000000000
0000000000000
0000000000000
0000000000000
0000000000000
0000000000000
0000000000000
0000000000000
0000000000000
0000000000000
0000000000000
0000000000000
0000000000000
0000000000000
0000000000000
0000000000000
0000000000000
0000000000000
0000000000000
0000000000000
0000000000000
0000000000000
0000000000000
0000000000000
0000000000000
0000000000000
0000000000000
0000000000000
0000000000000
0000000000000
0000000000000
0000000000000
0000000000000
0000000000000
0000000000000
0000000000000
0000000000000
0000000000000
0000000000000
0000000000000
0000000000000
0000000000000
0000000000000
0000000000000
0000000000000
0000000000000
0000000000000
0000000000000
0000000000000
0000000000000
0000000000000
0000000000000
0000000000000
0000000000000
0000000000000
0000000000000
0000000000000
0000000000000
0000000000000
0000000000000
0000000000000
0000000000000
0000000000000
0000000000000
0000000000000
0000000000000
0000000000000
0000000000000
0000000000000
0000000000000
0000000000000
0000000000000
0000000000000
0000000000000
0000000000000
0000000000000
0000000000000
0000000000000
0000000000000
0000000000000
0000000000000
0000000000000
0000000000000
0000000000000
0000000000000
0000000000000
0000000000000
0000000000000
0000000000000
0000000000000
0000000000000
0000000000000
0000000000000
0000000000000
0000000000000
0000000000000
0000000000000
0000000000000
0000000000000
0000000000000
0000000000000
0000000000000
0000000000000
0000000000000
0000000000000
0000000000000
0000007ffffff
0000000000000
0000000000000
0000000000000
0000000000000
0000000000000
0000000000000
0000000000000
0000000000000
0000000000000
0000000000000
0000000000000
0000000000000
0000000000000
0000000000000
0000000000000
0000000000000
0000000000000
0000000000000
0000000000000
0000000000000
0000000000000
0000000000000
0000000000000
0000000000000
0000000000000
0000000000000
0000000000000
0000000000000
0000000000000
0000000000000
0000000000000
0000000000000
0000000000000
0000000000000
0000000000000
0000000000000
0000000000000
0000000000000
0000000000000
0000000000000
0000000000000
0000000000000
0000000000000
0000000000000
0000000000000
0000000000000
0000000000000
0000000000000
0000000000000
0000000000000
0000000000000
0000000000000
0000000000000
0000000000000
0000000000000
0000000000000
0000000000000
0000000000000
0000000000000
0000000000000
0000000000000
0000000000000
0000000000000
0000000000000
0000000000000
0000000000000
0000000000000
0000000000000
0000000000000
0000000000000
0000000000000
0000000000000
0000000000000
0000000000000
0000000000000
0000000000000
0000000000000
0000000000000
0000000000000
0000000000000
0000000000000
0000000000000
0000000000000
0000000000000
0000000000000
0000000000000
0000000000000
0000000000000
0000000000000
0000000000000
0000000000000
0000000000000
0000000000000
0000000000000
0000000000000
0000000000000
0000000000000
0000000000000
0000000000000
0000000000000
0000000000000
0000000000000
0000000000000
0000000000000
0000000000000
0000000000000
0000000000000
0000000000000
0000000000000
0000000000000
0000000000000
0000000000000
0000000000000
0000000000000
0000000000000
0000000000000
0000000000000
0000000000000
0000000000000
0000000000000
0000000000000
0000000000000
0000000000000
0000000000000
0000000000000
0000000000000
0000000000000
0000000000000
0000000000000
0000000000000
0000000000000
0000000000000
0000000000000
0000000000000
0000000000000
0000000000000
0000000000000
0000000000000
0000000000000
0000000000000
0000000000000
0000000000000
0000000000000
0000000000000
0000000000000
0000000000000
0000000000000
0000000000000
0000000000000
0000000000000
0000000000000
0000000000000
0000000000000
0000000000000
0000000000000
0000000000000
0000000000000
0000000000000
0000000000000
0000000000000
0000000000000
0000000000000
0000000000000
0000000000000
0000000000000
0000000000000
0000000000000
0000000000000
0000000000000
0000000000000
0000000000000
0000000000000
0000000000000
0000000000000
0000000000000
0000000000000
0000000000000
0000000000000
0000000000000
0000000000000
0000000000000
0000000000000
0000000000000
0000000000000
0000000000000
0000000000000
0000000000000
0000000000000
0000000000000
0000000000000
0000000000000
0000000000000
0000000000000
0000000000000
0000000000000
0000000000000
0000000000000
0000000000000
0000000000000
0000000000000
0000000000000
0000000000000
0000000000000
0000000000000
0000000000000
0000000000000
0000000000000
0000000000000
0000000000000
0000000000000
0000000000000
0000000000000
0000000000000
0000000000000
0000000000000
0000000000000
0000000000000
0000000000000
0000000000000
0000000000000
0000000000000
0000000000000
0000000000000
0000000000000
0000000000000
0000000000000
0000000000000
0000000000000
0000000000000
0000000000000
0000000000000
0000000000000
0000000000000
0000000000000
0000000000000
0000000000000
0000000000000
0000000000000
0000000000000
0000000000000
0000000000000
0000000000000
0000000000000
0000000000000
0000000000000
0000000000000
0000000000000
0000000000000
0000000000000
0000000000000
0000000000000
0000000000000
0000000000000
0000000000000
0000000000000
0000000000000
0000000000000
0000000000000
0000000000000
0000000000000
0000000000000
0000000000000
0000000000000
0000000000000
0000000000000
0000000000000
0000000000000
0000000000000
0000000000000
0000000000000
0000000000000
0000000000000
0000000000000
0000000000000
0000000000000
0000000000000
0000000000000
0000000000000
0000000000000
0000000000000
0000000000000
0000000000000
0000000000000
0000000000000
0000000000000
0000000000000
0000000000000
0000000000000
0000000000000
0000000000000
0000000000000
0000000000000
0000000000000
0000000000000
0000000000000
0000000000000
0000000000000
0000000000000
0000000000000
0000000000000
0000000000000
0000000000000
0000000000000
0000000000000
0000000000000
0000000000000
0000000000000
0000000000000
0000000000000
0000000000000
0000000000000
0000000000000
0000000000000
0000000000000
0000000000000
0000000000000
0000000000000
0000000000000
0000000000000
0000000000000
0000000000000
0000000000000
0000000000000
0000000000000
0000000000000
0000000000000
0000000000000
0000000000000
0000000000000
0000000000000
0000000000000
0000000000000
0000000000000
0000000000000
0000000000000
0000000000000
0000000000000
0000000000000
0000000000000
0000000000000
0000000000000
0000000000000
0000000000000
0000000000000
0000000000000
0000000000000
0000000000000
0000000000000
0000000000000
0000000000000
0000000000000
0000000000000
0000000000000
0000000000000
0000000000000
0000000000000
0000000000000
0000000000000
0000000000000
0000000000000
0000000000000
0000000000000
0000000000000
0000000000000
0000000000000
0000000000000
0000000000000
0000000000000
0000000000000
0000000000000
0000000000000
0000000000000
0000000000000
0000000000000
0000000000000
0000000000000
0000000000000
0000000000000
0000000000000
0000000000000
0000000000000
0000000000000
0000000000000
0000000000000
0000000000000
0000000000000
0000000000000
0000000000000
0000000000000
0000000000000
0000000000000
0000000000000
0000000000000
0000000000000
0000000000000
0000000000000
0000000000000
0000000000000
0000000000000
0000000000000
0000000000000
0000000000000
0000000000000
0000000000000
0000000000000
0000000000000
0000000000000
0000000000000
0000000000000
0000000000000
0000000000000
0000000000000
0000000000000
0000000000000
0000000000000
0000000000000
0000000000000
0000000000000
0000000000000
0000000000000
0000000000000
0000000000000
0000000000000
0000000000000
0000000000000
0000000000000
0000000000000
0000000000000
0000000000000
0000000000000
0000000000000
0000000000000
0000000000000
0000000000000
0000000000000
0000000000000
0000000000000
0000000000000
0000000000000
0000000000000
0000000000000
0000000000000
0000000000000
0000000000000
0000000000000
0000000000000
0000000000000
0000000000000
0000000000000
0000000000000
0000000000000
0000000000000
0000000000000
0000000000000
0000000000000
0000000000000
0000000000000
0000000000000
0000000000000
0000000000000
0000000000000
0000000000000
0000000000000
0000000000000
0000000000000
0000000000000
0000000000000
0000000000000
0000000000000
0000000000000
0000000000000
0000000000000
0000000000000
0000000000000
0000000000000
0000000000000
0000000000000
0000000000000
0000000000000
0000000000000
0000000000000
0000000000000
0000000000000
0000000000000
0000000000000
0000000000000
0000000000000
0000000000000
0000000000000
0000000000000
0000000000000
0000000000000
0000000000000
0000000000000
0000000000000
0000000000000
0000000000000
0000000000000
0000000000000
0000000000000
0000000000000
0000000000000
0000000000000
0000000000000
0000000000000
0000000000000
0000000000000
0000000000000
0000000000000
0000000000000
0000000000000
0000000000000
0000000000000
0000000000000
0000000000000
0000000000000
0000000000000
0000000000000
0000000000000
0000000000000
0000000000000
0000000000000
0000000000000
0000000000000
0000000000000
0000000000000
0000000000000
0000000000000
0000000000000
0000000000000
0000000000000
0000000000000
0000000000000
0000000000000
0000000000000
0000000000000
0000000000000
0000000000000
0000000000000
0000000000000
0000000000000
0000000000000
0000000000000
0000000000000
0000000000000
0000000000000
0000000000000
0000000000000
0000000000000
0000000000000
0000000000000
0000000000000
0000000000000
0000000000000
0000000000000
0000000000000
0000000000000
0000000000000
0000000000000
0000000000000
0000000000000
0000000000000
0000000000000
0000000000000
0000000000000
0000000000000
0000000000000
0000000000000
0000000000000
0000000000000
0000000000000
0000000000000
0000000000000
0000000000000
0000000000000
0000000000000
0000000000000
0000000000000
0000000000000
0000000000000
0000000000000
0000000000000
0000000000000
0000000000000
0000000000000
0000000000000
0000000000000
0000000000000
0000000000000
0000000000000
0000000000000
0000000000000
0000000000000
0000000000000
0000000000000
0000000000000
0000000000000
0000000000000
0000000000000
0000000000000
0000000000000
0000000000000
0000000000000
0000000000000
0000000000000
0000000000000
0000000000000
0000000000000
0000000000000
0000000000000
0000000000000
0000000000000
0000000000000
0000000000000
0000000000000
0000000000000
0000000000000
0000000000000
0000000000000
0000000000000
0000000000000
0000000000000
0000000000000
0000000000000
0000000000000
0000000000000
0000000000000
0000000000000
0000000000000
0000000000000
0000000000000
0000000000000
0000000000000
0000000000000
0000000000000
0000000000000
0000000000000
0000000000000
0000000000000
0000000000000
0000000000000
0000000000000
0000000000000
0000000000000
0000000000000
0000000000000
0000000000000
0000000000000
0000000000000
0000000000000
0000000000000
0000000000000
0000000000000
0000000000000
0000000000000
0000000000000
0000000000000
0000000000000
0000000000000
0000000000000
0000000000000
0000000000000
0000000000000
0000000000000
0000000000000
0000000000000
0000000000000
0000000000000
0000000000000
0000000000000
0000000000000
0000000000000
0000000000000
0000000000000
0000000000000
0000000000000
0000000000000
0000000000000
0000000000000
0000000000000
0000000000000
0000000000000
0000000000000
0000000000000
0000000000000
0000000000000
0000000000000
0000000000000
0000000000000
0000000000000
0000000000000
0000000000000
0000000000000
0000000000000
0000000000000
0000000000000
0000000000000
0000000000000
0000000000000
0000000000000
0000000000000
0000000000000
0000000000000
0000000000000
0000000000000
0000000000000
0000000000000
0000000000000
0000000000000
0000000000000
0000000000000
0000000000000
0000000000000
0000000000000
0000000000000
0000000000000
0000000000000
0000000000000
0000000000000
0000000000000
0000000000000
0000000000000
0000000000000
0000000000000
0000000000000
0000000000000
0000000000000
0000000000000
0000000000000
0000000000000
0000000000000
0000000000000
0000000000000
0000000000000
0000000000000
0000000000000
0000000000000
0000000000000
0000000000000
0000000000000
0000000000000
0000000000000
0000000000000
0000000000000
0000000000000
0000000000000
0000000000000
0000000000000
0000000000000
0000000000000
0000000000000
0000000000000
0000000000000
0000000000000
0000000000000
0000000000000
0000000000000
0000000000000
0000000000000
0000000000000
0000000000000
0000000000000
0000000000000
0000000000000
0000000000000
0000000000000
0000000000000
0000000000000
0000000000000
0000000000000
0000000000000
0000000000000
0000000000000
0000000000000
0000000000000
0000000000000
0000000000000
0000000000000
0000000000000
0000000000000
0000000000000
0000000000000
0000000000000
0000000000000
0000000000000
0000000000000
0000000000000
0000000000000
0000000000000
0000000000000
0000000000000
0000000000000
0000000000000
0000000000000
0000000000000
0000000000000
0000000000000
0000000000000
0000000000000
0000000000000
0000000000000
0000000000000
0000000000000
0000000000000
0000000000000
0000000000000
0000000000000
0000000000000
0000000000000
0000000000000
0000000000000
0000000000000
0000000000000
0000000000000
0000000000000
0000000000000
0000000000000
0000000000000
0000000000000
0000000000000
0000000000000
0000000000000
0000000000000
0000000000000
0000000000000
0000000000000
0000000000000
0000000000000
0000000000000
0000000000000
0000000000000
0000000000000
0000000000000
0000000000000
0000000000000
0000000000000
0000000000000
0000000000000
0000000000000
0000000000000
0000000000000
0000000000000
0000000000000
0000000000000
0000000000000
0000000000000
0000000000000
0000000000000
0000000000000
0000000000000
0000000000000
0000000000000
0000000000000
0000000000000
0000000000000
0000000000000
0000000000000
0000000000000
0000000000000
0000000000000
0000000000000
0000000000000
0000000000000
0000000000000
0000000000000
0000000000000
0000000000000
0000000000000
0000000000000
0000000000000
0000000000000
0000000000000
0000000000000
0000000000000
0000000000000
0000000000000
0000000000000
0000000000000
0000000000000
0000000000000
0000000000000
0000000000000
0000000000000
0000000000000
0000000000000
0000000000000
0000000000000
0000000000000
0000000000000
0000000000000
0000000000000
0000000000000
0000000000000
0000000000000
0000000000000
0000000000000
0000000000000
0000000000000
0000000000000
0000000000000
0000000000000
0000000000000
0000000000000
0000000000000
0000000000000
0000000000000
0000000000000
0000000000000
0000000000000
0000000000000
0000000000000
0000000000000
0000000000000
0000000000000
0000000000000
0000000000000
0000000000000
0000000000000
0000000000000
0000000000000
0000000000000
0000000000000
0000000000000
0000000000000
0000000000000
0000000000000
0000000000000
0000000000000
0000000000000
0000000000000
0000000000000
0000000000000
0000000000000
0000000000000
0000000000000
0000000000000
0000000000000
0000000000000
0000000000000
0000000000000
0000000000000
0000000000000
0000000000000
0000000000000
0000000000000
0000000000000
0000000000000
0000000000000
0000000000000
0000000000000
0000000000000
0000000000000
0000000000000
0000000000000
0000000000000
0000000000000
0000000000000
0000000000000
0000000000000
0000000000000
0000000000000
0000000000000
0000000000000
0000000000000
0000000000000
0000000000000
0000000000000
0000000000000
0000000000000
0000000000000
0000000000000
0000000000000
0000000000000
0000000000000
0000000000000
0000000000000
0000000000000
0000000000000
0000000000000
0000000000000
0000000000000
0000000000000
0000000000000
0000000000000
0000000000000
0000000000000
0000000000000
0000000000000
0000000000000
0000000000000
0000000000000
0000000000000
0000000000000
0000000000000
0000000000000
0000000000000
0000000000000
0000000000000
0000000000000
0000000000000
0000000000000
0000000000000
0000000000000
0000000000000
0000000000000
0000000000000
0000000000000
0000000000000
0000000000000
0000000000000
0000000000000
0000000000000
0000000000000
0000000000000
0000000000000
0000000000000
0000000000000
0000000000000
0000000000000
0000000000000
0000000000000
0000000000000
0000000000000
0000000000000
0000000000000
0000000000000
0000000000000
0000000000000
0000000000000
0000000000000
0000000000000
0000000000000
0000000000000
0000000000000
0000000000000
0000000000000
0000000000000
0000000000000
0000000000000
0000000000000
0000000000000
0000000000000
0000000000000
0000000000000
0000000000000
0000000000000
0000000000000
0000000000000
0000000000000
0000000000000
0000000000000
0000000000000
0000000000000
0000000000000
0000000000000
0000000000000
0000000000000
0000000000000
0000000000000
0000000000000
0000000000000
0000000000000
0000000000000
0000000000000
0000000000000
0000000000000
0000000000000
0000000000000
0000000000000
0000000000000
0000000000000
0000000000000
0000000000000
0000000000000
0000000000000
0000000000000
0000000000000
0000000000000
0000000000000
0000000000000
0000000000000
0000000000000
0000000000000
0000000000000
0000000000000
0000000000000
0000000000000
0000000000000
0000000000000
0000000000000
0000000000000
0000000000000
0000000000000
0000000000000
0000000000000
0000000000000
0000000000000
0000000000000
0000000000000
0000000000000
0000000000000
0000000000000
0000000000000
0000000000000
0000000000000
0000000000000
0000000000000
0000000000000
0000000000000
0000000000000
0000000000000
0000000000000
0000000000000
0000000000000
0000000000000
0000000000000
0000000000000
0000000000000
0000000000000
0000000000000
0000000000000
0000000000000
0000000000000
0000000000000
0000000000000
0000000000000
0000000000000
0000000000000
0000000000000
0000000000000
0000000000000
0000000000000
0000000000000
0000000000000
0000000000000
0000000000000
0000000000000
0000000000000
0000000000000
0000000000000
0000000000000
0000000000000
0000000000000
0000000000000
0000000000000
0000000000000
0000000000000
0000000000000
0000000000000
0000000000000
0000000000000
0000000000000
0000000000000
0000000000000
0000000000000
0000000000000
0000000000000
0000000000000
0000000000000
0000000000000
0000000000000
0000000000000
0000000000000
0000000000000
0000000000000
0000000000000
0000000000000
0000000000000
0000000000000
0000000000000
0000000000000
0000000000000
0000000000000
0000000000000
0000000000000
0000000000000
0000000000000
0000000000000
0000000000000
0000000000000
0000000000000
0000000000000
0000000000000
0000000000000
0000000000000
0000000000000
0000000000000
0000000000000
0000000000000
0000000000000
0000000000000
0000000000000
0000000000000
0000000000000
0000000000000
0000000000000
0000000000000
0000000000000
0000000000000
0000000000000
0000000000000
0000000000000
0000000000000
0000000000000
0000000000000
0000000000000
0000000000000
0000000000000
0000000000000
0000000000000
0000000000000
0000000000000
0000000000000
0000000000000
0000000000000
0000000000000
0000000000000
0000000000000
0000000000000
0000000000000
0000000000000
0000000000000
0000000000000
0000000000000
0000000000000
0000000000000
0000000000000
0000000000000
0000000000000
0000000000000
0000000000000
0000000000000
0000000000000
0000000000000
0000000000000
0000000000000
0000000000000
0000000000000
0000000000000
0000000000000
0000000000000
0000000000000
0000000000000
0000000000000
0000000000000
0000000000000
0000000000000
0000000000000
0000000000000
0000000000000
0000000000000
0000000000000
0000000000000
0000000000000
0000000000000
0000000000000
0000000000000
0000000000000
0000000000000
0000000000000
0000000000000
0000000000000
0000000000000
0000000000000
0000000000000
0000000000000
0000000000000
0000000000000
0000000000000
0000000000000
0000000000000
0000000000000
0000000000000
0000000000000
0000000000000
0000000000000
0000000000000
0000000000000
0000000000000
0000000000000
0000000000000
0000000000000
0000000000000
0000000000000
0000000000000
0000000000000
0000000000000
0000000000000
0000000000000
0000000000000
0000000000000
0000000000000
0000000000000
0000000000000
0000000000000
0000000000000
0000000000000
0000000000000
0000000000000
0000000000000
0000000000000
0000000000000
0000000000000
0000000000000
0000000000000
0000000000000
0000000000000
0000000000000
0000000000000
0000000000000
0000000000000
0000000000000
0000000000000
0000000000000
0000000000000
0000000000000
0000000000000
0000000000000
0000000000000
0000000000000
0000000000000
0000000000000
0000000000000
0000000000000
0000000000000
0000000000000
0000000000000
0000000000000
0000000000000
0000000000000
0000000000000
0000000000000
0000000000000
0000000000000
0000000000000
0000000000000
0000000000000
0000000000000
0000000000000
0000000000000
0000000000000
0000000000000
0000000000000
0000000000000
0000000000000
0000000000000
0000000000000
0000000000000
0000000000000
0000000000000
0000000000000
0000000000000
0000000000000
0000000000000
0000000000000
0000000000000
0000000000000
0000000000000
0000000000000
0000000000000
0000000000000
0000000000000
0000000000000
0000000000000
0000000000000
0000000000000
0000000000000
0000000000000
0000000000000
0000000000000
0000000000000
0000000000000
0000000000000
0000000000000
0000000000000
0000000000000
0000000000000
0000000000000
0000000000000
0000000000000
0000000000000
0000000000000
0000000000000
0000000000000
0000000000000
0000000000000
0000000000000
0000000000000
0000000000000
0000000000000
0000000000000
0000000000000
0000000000000
0000000000000
0000000000000
0000000000000
0000000000000
0000000000000
0000000000000
0000000000000
0000000000000
0000000000000
0000000000000
0000000000000
0000000000000
0000000000000
0000000000000
0000000000000
0000000000000
0000000000000
0000000000000
0000000000000
0000000000000
0000000000000
0000000000000
0000000000000
0000000000000
0000000000000
0000000000000
0000000000000
0000000000000
0000000000000
0000000000000
0000000000000
0000000000000
0000000000000
0000000000000
0000000000000
0000000000000
0000000000000
0000000000000
0000000000000
0000000000000
0000000000000
0000000000000
0000000000000
0000000000000
0000000000000
0000000000000
0000000000000
0000000000000
0000000000000
0000000000000
0000000000000
0000000000000
0000000000000
0000000000000
0000000000000
0000000000000
0000000000000
0000000000000
0000000000000
0000000000000
0000000000000
0000000000000
0000000000000
0000000000000
0000000000000
0000000000000
0000000000000
0000000000000
0000000000000
0000000000000
0000000000000
0000000000000
0000000000000
0000000000000
0000000000000
0000000000000
0000000000000
0000000000000
0000000000000
0000000000000
0000000000000
0000000000000
0000000000000
0000000000000
0000000000000
0000000000000
0000000000000
0000000000000
0000000000000
0000000000000
0000000000000
0000000000000
0000000000000
0000000000000
0000000000000
0000000000000
0000000000000
0000000000000
0000000000000
0000000000000
0000000000000
0000000000000
0000000000000
0000000000000
0000000000000
0000000000000
0000000000000
0000000000000
0000000000000
0000000000000
0000000000000
0000000000000
0000000000000
0000000000000
0000000000000
0000000000000
0000000000000
0000000000000
0000000000000
0000000000000
0000000000000
0000000000000
0000000000000
0000000000000
0000000000000
0000000000000
0000000000000
0000000000000
0000000000000
0000000000000
0000000000000
0000000000000
0000000000000
0000000000000
0000000000000
0000000000000
0000000000000
0000000000000
0000000000000
0000000000000
0000000000000
0000000000000
0000000000000
0000000000000
0000000000000
0000000000000
0000000000000
0000000000000
0000000000000
0000000000000
0000000000000
0000000000000
0000000000000
0000000000000
0000000000000
0000000000000
0000000000000
0000000000000
0000000000000
0000000000000
0000000000000
0000000000000
0000000000000
0000000000000
0000000000000
0000000000000
0000000000000
0000000000000
0000000000000
0000000000000
0000000000000
0000000000000
0000000000000
0000000000000
0000000000000
0000000000000
0000000000000
0000000000000
0000000000000
0000000000000
0000000000000
0000000000000
0000000000000
0000000000000
0000000000000
0000000000000
0000000000000
0000000000000
0000000000000
0000000000000
0000000000000
0000000000000
0000000000000
0000000000000
0000000000000
0000000000000
0000000000000
0000000000000
0000000000000
0000000000000
0000000000000
0000000000000
0000000000000
0000000000000
0000000000000
0000000000000
0000000000000
0000000000000
0000000000000
0000000000000
0000000000000
0000000000000
0000000000000
0000000000000
0000000000000
0000000000000
0000000000000
0000000000000
0000000000000
0000000000000
0000000000000
0000000000000
0000000000000
0000000000000
0000000000000
0000000000000
0000000000000
0000000000000
0000000000000
0000000000000
0000000000000
0000000000000
0000000000000
0000000000000
0000000000000
0000000000000
0000000000000
0000000000000
0000000000000
0000000000000
0000000000000
0000000000000
0000000000000
0000000000000
0000000000000
0000000000000
0000000000000
0000000000000
0000000000000
0000000000000
0000000000000
0000000000000
0000000000000
0000000000000
0000000000000
0000000000000
0000000000000
0000000000000
0000000000000
0000000000000
0000000000000
0000000000000
0000000000000
0000000000000
0000000000000
0000000000000
0000000000000
0000000000000
0000000000000
0000000000000
0000000000000
0000000000000
0000000000000
0000000000000
0000000000000
0000000000000
0000000000000
0000000000000
0000000000000
0000000000000
0000000000000
0000000000000
0000000000000
0000000000000
0000000000000
0000000000000
0000000000000
0000000000000
0000000000000
0000000000000
0000000000000
0000000000000
0000000000000
0000000000000
0000000000000
0000000000000
0000000000000
0000000000000
0000000000000
0000000000000
0000000000000
0000000000000
0000000000000
0000000000000
0000000000000
0000000000000
0000000000000
0000000000000
0000000000000
0000000000000
0000000000000
0000000000000
0000000000000
0000000000000
0000000000000
0000000000000
0000000000000
0000000000000
0000000000000
0000000000000
0000000000000
0000000000000
0000000000000
0000000000000
0000000000000
0000000000000
0000000000000
0000000000000
0000000000000
0000000000000
0000000000000
0000000000000
0000000000000
0000000000000
0000000000000
0000000000000
0000000000000
0000000000000
0000000000000
0000000000000
0000000000000
0000000000000
0000000000000
0000000000000
0000000000000
0000000000000
0000000000000
0000000000000
0000000000000
0000000000000
0000000000000
0000000000000
0000000000000
0000000000000
0000000000000
0000000000000
0000000000000
0000000000000
0000000000000
0000000000000
0000000000000
0000000000000
0000000000000
0000000000000
0000000000000
0000000000000
0000000000000
0000000000000
0000000000000
0000000000000
0000000000000
0000000000000
0000000000000
0000000000000
0000000000000
0000000000000
0000000000000
0000000000000
0000000000000
0000000000000
0000000000000
0000000000000
0000000000000
0000000000000
0000000000000
0000000000000
0000000000000
0000000000000
0000000000000
0000000000000
0000000000000
0000000000000
0000000000000
0000000000000
0000000000000
0000000000000
0000000000000
0000000000000
0000000000000
0000000000000
0000000000000
0000000000000
0000000000000
0000000000000
0000000000000
0000000000000
0000000000000
0000000000000
0000000000000
0000000000000
0000000000000
0000000000000
0000000000000
0000000000000
0000000000000
0000000000000
0000000000000
0000000000000
0000000000000
0000000000000
0000000000000
0000000000000
0000000000000
0000000000000
0000000000000
0000000000000
0000000000000
0000000000000
0000000000000
0000000000000
0000000000000
0000000000000
0000000000000
0000000000000
0000000000000
0000000000000
0000000000000
0000000000000
0000000000000
0000000000000
0000000000000
0000000000000
0000000000000
0000000000000
0000000000000
0000000000000
0000000000000
0000000000000
0000000000000
0000000000000
0000000000000
0000000000000
0000000000000
0000000000000
0000000000000
0000000000000
0000000000000
0000000000000
0000000000000
0000000000000
0000000000000
0000000000000
0000000000000
0000000000000
0000000000000
0000000000000
0000000000000
0000000000000
0000000000000
0000000000000
0000000000000
0000000000000
0000000000000
0000000000000
0000000000000
0000000000000
0000000000000
0000000000000
0000000000000
0000000000000
0000000000000
0000000000000
0000000000000
0000000000000
0000000000000
0000000000000
0000000000000
0000000000000
0000000000000
0000000000000
0000000000000
0000000000000
0000000000000
0000000000000
0000000000000
0000000000000
0000000000000
0000000000000
0000000000000
0000000000000
0000000000000
0000000000000
0000000000000
0000000000000
0000000000000
0000000000000
0000000000000
0000000000000
0000000000000
0000000000000
0000000000000
0000000000000
0000000000000
0000000000000
0000000000000
0000000000000
0000000000000
0000000000000
0000000000000
0000000000000
0000000000000
0000000000000
0000000000000
0000000000000
0000000000000
0000000000000
0000000000000
0000000000000
0000000000000
0000000000000
0000000000000
0000000000000
0000000000000
0000000000000
0000000000000
0000000000000
0000000000000
0000000000000
0000000000000
0000000000000
0000000000000
0000000000000
0000000000000
0000000000000
0000000000000
0000000000000
0000000000000
0000000000000
0000000000000
0000000000000
0000000000000
0000000000000
0000000000000
0000000000000
0000000000000
0000000000000
0000000000000
0000000000000
0000000000000
0000000000000
0000000000000
0000000000000
0000000000000
0000000000000
0000000000000
0000000000000
0000000000000
0000000000000
0000000000000
0000000000000
0000000000000
0000000000000
0000000000000
0000000000000
0000000000000
0000000000000
0000000000000
0000000000000
0000000000000
0000000000000
0000000000000
0000000000000
0000000000000
0000000000000
0000000000000
0000000000000
0000000000000
0000000000000
0000000000000
0000000000000
0000000000000
0000000000000
0000000000000
0000000000000
0000000000000
0000000000000
0000000000000
0000000000000
0000000000000
0000000000000
0000000000000
0000000000000
0000000000000
0000000000000
0000000000000
0000000000000
0000000000000
0000000000000
0000000000000
0000000000000
0000000000000
0000000000000
0000000000000
0000000000000
0000000000000
0000000000000
0000000000000
0000000000000
0000000000000
0000000000000
0000000000000
0000000000000
0000000000000
0000000000000
0000000000000
0000000000000
0000000000000
0000000000000
0000000000000
0000000000000
0000000000000
0000000000000
0000000000000
0000000000000
0000000000000
0000000000000
0000000000000
0000000000000
0000000000000
0000000000000
0000000000000
0000000000000
0000000000000
0000000000000
0000000000000
0000000000000
0000000000000
0000000000000
0000000000000
0000000000000
0000000000000
0000000000000
0000000000000
0000000000000
0000000000000
0000000000000
0000000000000
0000000000000
0000000000000
0000000000000
0000000000000
0000000000000
0000000000000
0000000000000
0000000000000
0000000000000
0000000000000
0000000000000
0000000000000
0000000000000
0000000000000
0000000000000
0000000000000
0000000000000
0000000000000
0000000000000
0000000000000
0000000000000
0000000000000
0000000000000
0000000000000
0000000000000
0000000000000
0000000000000
0000000000000
0000000000000
0000000000000
0000000000000
0000000000000
0000000000000
0000000000000
0000000000000
0000000000000
0000000000000
0000000000000
0000000000000
0000000000000
0000000000000
0000000000000
0000000000000
0000000000000
0000000000000
0000000000000
0000000000000
0000000000000
0000000000000
0000000000000
0000000000000
0000000000000
0000000000000
0000000000000
0000000000000
0000000000000
0000000000000
0000000000000
0000000000000
0000000000000
0000000000000
0000000000000
0000000000000
0000000000000
0000000000000
0000000000000
0000000000000
0000000000000
0000000000000
0000000000000
0000000000000
0000000000000
0000000000000
0000000000000
0000000000000
0000000000000
0000000000000
0000000000000
0000000000000
0000000000000
0000000000000
0000000000000
0000000000000
0000000000000
0000000000000
0000000000000
0000000000000
0000000000000
0000000000000
0000000000000
0000000000000
0000000000000
0000000000000
0000000000000
0000000000000
0000000000000
0000000000000
0000000000000
0000000000000
0000000000000
0000000000000
0000000000000
0000000000000
0000000000000
0000000000000
0000000000000
0000000000000
0000000000000
0000000000000
0000000000000
0000000000000
0000000000000
0000000000000
0000000000000
0000000000000
0000000000000
0000000000000
0000000000000
0000000000000
0000000000000
0000000000000
0000000000000
0000000000000
0000000000000
0000000000000
0000000000000
0000000000000
0000000000000
0000000000000
0000000000000
0000000000000
0000000000000
0000000000000
0000000000000
0000000000000
0000000000000
0000000000000
0000000000000
0000000000000
0000000000000
0000000000000
0000000000000
0000000000000
0000000000000
0000000000000
0000000000000
0000000000000
0000000000000
0000000000000
0000000000000
0000000000000
0000000000000
0000000000000
0000000000000
0000000000000
0000000000000
0000000000000
0000000000000
0000000000000
0000000000000
0000000000000
0000000000000
0000000000000
0000000000000
0000000000000
0000000000000
0000000000000
0000000000000
0000000000000
0000000000000
0000000000000
0000000000000
0000000000000
0000000000000
0000000000000
0000000000000
0000000000000
0000000000000
0000000000000
0000000000000
0000000000000
0000000000000
0000000000000
0000000000000
0000000000000
0000000000000
0000000000000
0000000000000
0000000000000
0000000000000
0000000000000
0000000000000
0000000000000
0000000000000
0000000000000
0000000000000
0000000000000
0000000000000
0000000000000
0000000000000
0000000000000
0000000000000
0000000000000
0000000000000
0000000000000
0000000000000
0000000000000
0000000000000
0000000000000
0000000000000
0000000000000
0000000000000
0000000000000
0000000000000
0000000000000
0000000000000
0000000000000
0000000000000
0000000000000
0000000000000
0000000000000
0000000000000
0000000000000
0000000000000
0000000000000
0000000000000
0000000000000
0000000000000
0000000000000
0000000000000
0000000000000
0000000000000
0000000000000
0000000000000
0000000000000
0000000000000
0000000000000
0000000000000
0000000000000
0000000000000
0000000000000
0000000000000
0000000000000
0000000000000
0000000000000
0000000000000
0000000000000
0000000000000
0000000000000
0000000000000
0000000000000
0000000000000
0000000000000
0000000000000
0000000000000
0000000000000
0000000000000
0000000000000
0000000000000
0000000000000
0000000000000
0000000000000
0000000000000
0000000000000
0000000000000
0000000000000
0000000000000
0000000000000
0000000000000
0000000000000
0000000000000
0000000000000
0000000000000
0000000000000
0000000000000
0000000000000
0000000000000
0000000000000
0000000000000
0000000000000
0000000000000
0000000000000
0000000000000
0000000000000
0000000000000
0000000000000
0000000000000
0000000000000
0000000000000
0000000000000
0000000000000
0000000000000
0000000000000
0000000000000
0000000000000
0000000000000
0000000000000
0000000000000
0000000000000
0000000000000
0000000000000
0000000000000
0000000000000
0000000000000
0000000000000
0000000000000
0000000000000
0000000000000
0000000000000
0000000000000
0000000000000
0000000000000
0000000000000
0000000000000
0000000000000
0000000000000
0000000000000
0000000000000
0000000000000
0000000000000
0000000000000
0000000000000
0000000000000
0000000000000
0000000000000
0000000000000
0000000000000
0000000000000
0000000000000
0000000000000
0000000000000
0000000000000
0000000000000
0000000000000
0000000000000
0000000000000
0000000000000
0000000000000
0000000000000
0000000000000
0000000000000
0000000000000
0000000000000
0000000000000
0000000000000
0000000000000
0000000000000
0000000000000
0000000000000
0000000000000
0000000000000
0000000000000
0000000000000
0000000000000
0000000000000
0000000000000
0000000000000
0000000000000
0000000000000
0000000000000
0000000000000
0000000000000
0000000000000
0000000000000
0000000000000
0000000000000
0000000000000
0000000000000
0000000000000
0000000000000
0000000000000
0000000000000
0000000000000
0000000000000
0000000000000
0000000000000
0000000000000
0000000000000
0000000000000
0000000000000
0000000000000
0000000000000
0000000000000
0000000000000
0000000000000
0000000000000
0000000000000
0000000000000
0000000000000
0000000000000
0000000000000
0000000000000
0000000000000
0000000000000
0000000000000
0000000000000
0000000000000
0000000000000
0000000000000
0000000000000
0000000000000
0000000000000
0000000000000
0000000000000
0000000000000
0000000000000
0000000000000
0000000000000
0000000000000
0000000000000
0000000000000
0000000000000
0000000000000
0000000000000
0000000000000
0000000000000
0000000000000
0000000000000
0000000000000
0000000000000
0000000000000
0000000000000
0000000000000
0000000000000
0000000000000
0000000000000
0000000000000
0000000000000
0000000000000
0000000000000
0000000000000
0000000000000
0000000000000
0000000000000
0000000000000
0000000000000
0000000000000
0000000000000
0000000000000
0000000000000
0000000000000
0000000000000
0000000000000
0000000000000
0000000000000
0000000000000
0000000000000
0000000000000
0000000000000
0000000000000
0000000000000
0000000000000
0000000000000
0000000000000
0000000000000
0000000000000
0000000000000
0000000000000
0000000000000
0000000000000
0000000000000
0000000000000
0000000000000
0000000000000
0000000000000
0000000000000
0000000000000
0000000000000
0000000000000
0000000000000
0000000000000
0000000000000
0000000000000
0000000000000
0000000000000
0000000000000
0000000000000
0000000000000
0000000000000
0000000000000
0000000000000
0000000000000
0000000000000
0000000000000
0000000000000
0000000000000
0000000000000
0000000000000
0000000000000
0000000000000
0000000000000
0000000000000
0000000000000
0000000000000
0000000000000
0000000000000
0000000000000
0000000000000
0000000000000
0000000000000
0000000000000
0000000000000
0000000000000
0000000000000
0000000000000
0000000000000
0000000000000
0000000000000
0000000000000
0000000000000
0000000000000
0000000000000
0000000000000
0000000000000
0000000000000
0000000000000
0000000000000
0000000000000
0000000000000
0000000000000
0000000000000
0000000000000
0000000000000
0000000000000
0000000000000
0000000000000
0000000000000
0000000000000
0000000000000
0000000000000
0000000000000
0000000000000
0000000000000
0000000000000
0000000000000
0000000000000
0000000000000
0000000000000
0000000000000
0000000000000
0000000000000
0000000000000
0000000000000
0000000000000
0000000000000
0000000000000
0000000000000
0000000000000
0000000000000
0000000000000
0000000000000
0000000000000
0000000000000
0000000000000
0000000000000
0000000000000
0000000000000
0000000000000
0000000000000
0000000000000
0000000000000
0000000000000
0000000000000
0000000000000
0000000000000
0000000000000
0000000000000
0000000000000
0000000000000
0000000000000
0000000000000
0000000000000
0000000000000
0000000000000
0000000000000
0000000000000
0000000000000
0000000000000
0000000000000
0000000000000
0000000000000
0000000000000
0000000000000
0000000000000
0000000000000
0000000000000
0000000000000
0000000000000
0000000000000
0000000000000
0000000000000
0000000000000
0000000000000
0000000000000
0000000000000
0000000000000
0000000000000
0000000000000
0000000000000
0000000000000
0000000000000
0000000000000
0000000000000
0000000000000
0000000000000
0000000000000
0000000000000
0000000000000
0000000000000
0000000000000
0000000000000
0000000000000
0000000000000
0000000000000
0000000000000
0000000000000
0000000000000
0000000000000
0000000000000
0000000000000
0000000000000
0000000000000
0000000000000
0000000000000
0000000000000
0000000000000
0000000000000
0000000000000
0000000000000
0000000000000
0000000000000
0000000000000
0000000000000
0000000000000
0000000000000
0000000000000
0000000000000
0000000000000
0000000000000
0000000000000
0000000000000
0000000000000
0000000000000
0000000000000
0000000000000
0000000000000
0000000000000
0000000000000
0000000000000
0000000000000
0000000000000
0000000000000
0000000000000
0000000000000
0000000000000
0000000000000
0000000000000
0000000000000
0000000000000
0000000000000
0000000000000
0000000000000
0000000000000
0000000000000
0000000000000
0000000000000
0000000000000
0000000000000
0000000000000
0000000000000
0000000000000
0000000000000
0000000000000
0000000000000
0000000000000
0000000000000
0000000000000
0000000000000
0000000000000
0000000000000
0000000000000
0000000000000
0000000000000
0000000000000
0000000000000
0000000000000
0000000000000
0000000000000
0000000000000
0000000000000
0000000000000
0000000000000
0000000000000
0000000000000
0000000000000
0000000000000
0000000000000
0000000000000
0000000000000
0000000000000
0000000000000
0000000000000
0000000000000
0000000000000
0000000000000
0000000000000
0000000000000
0000000000000
0000000000000
0000000000000
0000000000000
0000000000000
0000000000000
0000000000000
0000000000000
0000000000000
0000000000000
0000000000000
0000000000000
0000000000000
0000000000000
0000000000000
0000000000000
0000000000000
0000000000000
0000000000000
0000000000000
0000000000000
0000000000000
0000000000000
0000000000000
0000000000000
0000000000000
0000000000000
0000000000000
0000000000000
0000000000000
0000000000000
0000000000000
0000000000000
0000000000000
0000000000000
0000000000000
0000000000000
0000000000000
0000000000000
0000000000000
0000000000000
0000000000000
0000000000000
0000000000000
0000000000000
0000000000000
0000000000000
0000000000000
0000000000000
0000000000000
0000000000000
0000000000000
0000000000000
0000000000000
0000000000000
0000000000000
0000000000000
0000000000000
0000000000000
0000000000000
0000000000000
0000000000000
0000000000000
0000000000000
0000000000000
0000000000000
0000000000000
0000000000000
0000000000000
0000000000000
0000000000000
0000000000000
0000000000000
0000000000000
0000000000000
0000000000000
0000000000000
0000000000000
0000000000000
0000000000000
0000000000000
0000000000000
0000000000000
0000000000000
0000000000000
0000000000000
0000000000000
0000000000000
0000000000000
0000000000000
0000000000000
0000000000000
0000000000000
0000000000000
0000000000000
0000000000000
0000000000000
0000000000000
0000000000000
0000000000000
0000000000000
0000000000000
0000000000000
0000000000000
0000000000000
0000000000000
0000000000000
0000000000000
0000000000000
0000000000000
0000000000000
0000000000000
0000000000000
0000000000000
0000000000000
0000000000000
0000000000000
0000000000000
0000000000000
0000000000000
0000000000000
0000000000000
0000000000000
0000000000000
0000000000000
0000000000000
0000000000000
0000000000000
0000000000000
0000000000000
0000000000000
0000000000000
0000000000000
0000000000000
0000000000000
0000000000000
0000000000000
0000000000000
0000000000000
0000000000000
0000000000000
0000000000000
0000000000000
0000000000000
0000000000000
0000000000000
0000000000000
0000000000000
0000000000000
0000000000000
0000000000000
0000000000000
0000000000000
0000000000000
0000000000000
0000000000000
0000000000000
0000000000000
0000000000000
0000000000000
0000000000000
0000000000000
0000000000000
0000000000000
0000000000000
0000000000000
0000000000000
0000000000000
0000000000000
0000000000000
0000000000000
0000000000000
0000000000000
0000000000000
0000000000000
0000000000000
0000000000000
0000000000000
0000000000000
0000000000000
0000000000000
0000000000000
0000000000000
0000000000000
0000000000000
0000000000000
0000000000000
0000000000000
0000000000000
0000000000000
0000000000000
0000000000000
0000000000000
0000000000000
0000000000000
0000000000000
0000000000000
0000000000000
0000000000000
0000000000000
0000000000000
0000000000000
0000000000000
0000000000000
0000000000000
0000000000000
0000000000000
0000000000000
0000000000000
0000000000000
0000000000000
0000000000000
0000000000000
0000000000000
0000000000000
0000000000000
0000000000000
0000000000000
0000000000000
0000000000000
0000000000000
0000000000000
0000000000000
0000000000000
0000000000000
0000000000000
0000000000000
0000000000000
0000000000000
0000000000000
0000000000000
0000000000000
0000000000000
0000000000000
0000000000000
0000000000000
0000000000000
0000000000000
0000000000000
0000000000000
0000000000000
0000000000000
0000000000000
0000000000000
0000000000000
0000000000000
0000000000000
0000000000000
0000000000000
0000000000000
0000000000000
0000000000000
0000000000000
0000000000000
0000000000000
0000000000000
0000000000000
0000000000000
0000000000000
0000000000000
0000000000000
0000000000000
0000000000000
0000000000000
0000000000000
0000000000000
0000000000000
0000000000000
0000000000000
0000000000000
0000000000000
0000000000000
0000000000000
0000000000000
0000000000000
0000000000000
0000000000000
0000000000000
0000000000000
0000000000000
0000000000000
0000000000000
0000000000000
0000000000000
0000000000000
0000000000000
0000000000000
0000000000000
0000000000000
0000000000000
0000000000000
0000000000000
0000000000000
0000000000000
0000000000000
0000000000000
0000000000000
0000000000000
0000000000000
0000000000000
0000000000000
0000000000000
0000000000000
0000000000000
0000000000000
0000000000000
0000000000000
0000000000000
0000000000000
0000000000000
0000000000000
0000000000000
0000000000000
0000000000000
0000000000000
0000000000000
0000000000000
0000000000000
0000000000000
0000000000000
0000000000000
0000000000000
0000000000000
0000000000000
0000000000000
0000000000000
0000000000000
0000000000000
0000000000000
0000000000000
0000000000000
0000000000000
0000000000000
0000000000000
0000000000000
0000000000000
0000000000000
0000000000000
0000000000000
0000000000000
0000000000000
0000000000000
0000000000000
0000000000000
0000000000000
0000000000000
0000000000000
0000000000000
0000000000000
0000000000000
0000000000000
0000000000000
0000000000000
0000000000000
0000000000000
0000000000000
0000000000000
0000000000000
0000000000000
0000000000000
0000000000000
0000000000000
0000000000000
0000000000000
0000000000000
0000000000000
0000000000000
0000000000000
0000000000000
0000000000000
0000000000000
0000000000000
0000000000000
0000000000000
0000000000000
0000000000000
0000000000000
0000000000000
0000000000000
0000000000000
0000000000000
0000000000000
0000000000000
0000000000000
0000000000000
0000000000000
0000000000000
0000000000000
0000000000000
0000000000000
0000000000000
0000000000000
0000000000000
0000000000000
0000000000000
0000000000000
0000000000000
0000000000000
0000000000000
0000000000000
0000000000000
0000000000000
0000000000000
0000000000000
0000000000000
0000000000000
0000000000000
0000000000000
0000000000000
0000000000000
0000000000000
0000000000000
0000000000000
0000000000000
0000000000000
0000000000000
0000000000000
0000000000000
0000000000000
0000000000000
0000000000000
0000000000000
0000000000000
0000000000000
0000000000000
0000000000000
0000000000000
0000000000000
0000000000000
0000000000000
0000000000000
0000000000000
0000000000000
0000000000000
0000000000000
0000000000000
0000000000000
0000000000000
0000000000000
0000000000000
0000000000000
0000000000000
0000000000000
0000000000000
0000000000000
0000000000000
0000000000000
0000000000000
0000000000000
0000000000000
0000000000000
0000000000000
0000000000000
0000000000000
0000000000000
0000000000000
0000000000000
0000000000000
0000000000000
0000000000000
0000000000000
0000000000000
0000000000000
0000000000000
0000000000000
0000000000000
0000000000000
0000000000000
0000000000000
0000000000000
0000000000000
0000000000000
0000000000000
0000000000000
0000000000000
0000000000000
0000000000000
0000000000000
0000000000000
0000000000000
0000000000000
0000000000000
0000000000000
0000000000000
0000000000000
0000000000000
0000000000000
0000000000000
0000000000000
0000000000000
0000000000000
0000000000000
0000000000000
0000000000000
0000000000000
0000000000000
0000000000000
0000000000000
0000000000000
0000000000000
0000000000000
0000000000000
0000000000000
0000000000000
0000000000000
0000000000000
0000000000000
0000000000000
0000000000000
0000000000000
0000000000000
0000000000000
0000000000000
0000000000000
0000000000000
0000000000000
0000000000000
0000000000000
0000000000000
0000000000000
0000000000000
0000000000000
0000000000000
0000000000000
0000000000000
0000000000000
0000000000000
0000000000000
0000000000000
0000000000000
0000000000000
0000000000000
0000000000000
0000000000000
0000000000000
0000000000000
0000000000000
0000000000000
0000000000000
0000000000000
0000000000000
0000000000000
0000000000000
0000000000000
0000000000000
0000000000000
0000000000000
0000000000000
0000000000000
0000000000000
0000000000000
0000000000000
0000000000000
0000000000000
0000000000000
0000000000000
0000000000000
0000000000000
0000000000000
0000000000000
0000000000000
0000000000000
0000000000000
0000000000000
0000000000000
0000000000000
0000000000000
0000000000000
0000000000000
0000000000000
0000000000000
0000000000000
0000000000000
0000000000000
0000000000000
0000000000000
0000000000000
0000000000000
0000000000000
0000000000000
0000000000000
0000000000000
0000000000000
0000000000000
0000000000000
0000000000000
0000000000000
0000000000000
0000000000000
0000000000000
0000000000000
0000000000000
0000000000000
0000000000000
0000000000000
0000000000000
0000000000000
0000000000000
0000000000000
0000000000000
0000000000000
0000000000000
0000000000000
0000000000000
0000000000000
0000000000000
0000000000000
0000000000000
0000000000000
0000000000000
0000000000000
0000000000000
0000000000000
0000000000000
0000000000000
0000000000000
0000000000000
0000000000000
0000000000000
0000000000000
0000000000000
0000000000000
0000000000000
0000000000000
0000000000000
0000000000000
0000000000000
0000000000000
0000000000000
0000000000000
0000000000000
0000000000000
0000000000000
0000000000000
0000000000000
0000000000000
0000000000000
0000000000000
0000000000000
0000000000000
0000000000000
0000000000000
0000000000000
0000000000000
0000000000000
0000000000000
0000000000000
0000000000000
0000000000000
0000000000000
0000000000000
0000000000000
0000000000000
0000000000000
0000000000000
0000000000000
0000000000000
0000000000000
0000000000000
0000000000000
0000000000000
0000000000000
0000000000000
0000000000000
0000000000000
0000000000000
0000000000000
0000000000000
0000000000000
0000000000000
0000000000000
0000000000000
0000000000000
0000000000000
0000000000000
0000000000000
0000000000000
0000000000000
0000000000000
0000000000000
0000000000000
0000000000000
0000000000000
0000000000000
0000000000000
0000000000000
0000000000000
0000000000000
0000000000000
0000000000000
0000000000000
0000000000000
0000000000000
0000000000000
0000000000000
0000000000000
0000000000000
0000000000000
0000000000000
0000000000000
0000000000000
0000000000000
0000000000000
0000000000000
0000000000000
0000000000000
0000000000000
0000000000000
0000000000000
0000000000000
0000000000000
0000000000000
0000000000000
0000000000000
0000000000000
0000000000000
0000000000000
0000000000000
0000000000000
0000000000000
0000000000000
0000000000000
0000000000000
0000000000000
0000000000000
0000000000000
0000000000000
0000000000000
0000000000000
0000000000000
0000000000000
0000000000000
0000000000000
0000000000000
0000000000000
0000000000000
0000000000000
0000000000000
0000000000000
0000000000000
0000000000000
0000000000000
0000000000000
0000000000000
0000000000000
0000000000000
0000000000000
0000000000000
0000000000000
0000000000000
0000000000000
0000000000000
0000000000000
0000000000000
0000000000000
0000000000000
0000000000000
0000000000000
0000000000000
0000000000000
0000000000000
0000000000000
0000000000000
0000000000000
0000000000000
0000000000000
0000000000000
0000000000000
0000000000000
0000000000000
0000000000000
0000000000000
0000000000000
0000000000000
0000000000000
0000000000000
0000000000000
0000000000000
0000000000000
0000000000000
0000000000000
0000000000000
0000000000000
0000000000000
0000000000000
0000000000000
0000000000000
0000000000000
0000000000000
0000000000000
0000000000000
0000000000000
0000000000000
0000000000000
0000000000000
0000000000000
0000000000000
0000000000000
0000000000000
0000000000000
0000000000000
0000000000000
0000000000000
0000000000000
0000000000000
0000000000000
0000000000000
0000000000000
0000000000000
0000000000000
0000000000000
0000000000000
0000000000000
0000000000000
0000000000000
0000000000000
0000000000000
0000000000000
0000000000000
0000000000000
0000000000000
0000000000000
0000000000000
0000000000000
0000000000000
0000000000000
0000000000000
0000000000000
0000000000000
0000000000000
0000000000000
0000000000000
0000000000000
0000000000000
0000000000000
0000000000000
0000000000000
0000000000000
0000000000000
0000000000000
0000000000000
0000000000000
0000000000000
0000000000000
0000000000000
0000000000000
0000000000000
0000000000000
0000000000000
0000000000000
0000000000000
0000000000000
0000000000000
0000000000000
0000000000000
0000000000000
0000000000000
0000000000000
0000000000000
0000000000000
0000000000000
0000000000000
0000000000000
0000000000000
0000000000000
0000000000000
0000000000000
0000000000000
0000000000000
0000000000000
0000000000000
0000000000000
0000000000000
0000000000000
0000000000000
0000000000000
0000000000000
0000000000000
0000000000000
0000000000000
0000000000000
0000000000000
0000000000000
0000000000000
0000000000000
0000000000000
0000000000000
0000000000000
0000000000000
0000000000000
0000000000000
0000000000000
0000000000000
0000000000000
0000000000000
0000000000000
0000000000000
0000000000000
0000000000000
0000000000000
0000000000000
0000000000000
0000000000000
0000000000000
0000000000000
0000000000000
0000000000000
0000000000000
0000000000000
0000000000000
0000000000000
0000000000000
0000000000000
0000000000000
0000000000000
0000000000000
0000000000000
0000000000000
0000000000000
0000000000000
0000000000000
0000000000000
0000000000000
0000000000000
0000000000000
0000000000000
0000000000000
0000000000000
0000000000000
0000000000000
0000000000000
0000000000000
0000000000000
0000000000000
0000000000000
0000000000000
0000000000000
0000000000000
0000000000000
0000000000000
0000000000000
0000000000000
0000000000000
0000000000000
0000000000000
0000000000000
0000000000000
0000000000000
0000000000000
0000000000000
0000000000000
0000000000000
0000000000000
0000000000000
0000000000000
0000000000000
0000000000000
0000000000000
0000000000000
0000000000000
0000000000000
0000000000000
0000000000000
0000000000000
0000000000000
0000000000000
0000000000000
0000000000000
0000000000000
0000000000000
0000000000000
0000000000000
0000000000000
0000000000000
0000000000000
0000000000000
0000000000000
0000000000000
0000000000000
0000000000000
0000000000000
0000000000000
0000000000000
0000000000000
0000000000000
0000000000000
0000000000000
0000000000000
0000000000000
0000000000000
0000000000000
0000000000000
0000000000000
0000000000000
0000000000000
0000000000000
0000000000000
0000000000000
0000000000000
0000000000000
0000000000000
0000000000000
0000000000000
0000000000000
0000000000000
0000000000000
0000000000000
0000000000000
0000000000000
0000000000000
0000000000000
0000000000000
0000000000000
0000000000000
0000000000000
0000000000000
0000000000000
0000000000000
0000000000000
0000000000000
0000000000000
0000000000000
0000000000000
0000000000000
0000000000000
0000000000000
0000000000000
0000000000000
0000000000000
0000000000000
0000000000000
0000000000000
0000000000000
0000000000000
0000000000000
0000000000000
0000000000000
0000000000000
0000000000000
0000000000000
0000000000000
0000000000000
0000000000000
0000000000000
0000000000000
0000000000000
0000000000000
0000000000000
0000000000000
0000000000000
0000000000000
0000000000000
0000000000000
0000000000000
0000000000000
0000000000000
0000000000000
0000000000000
0000000000000
0000000000000
0000000000000
0000000000000
0000000000000
0000000000000
0000000000000
0000000000000
0000000000000
0000000000000
0000000000000
0000000000000
0000000000000
0000000000000
0000000000000
0000000000000
0000000000000
0000000000000
0000000000000
0000000000000
0000000000000
0000000000000
0000000000000
0000000000000
0000000000000
0000000000000
0000000000000
0000000000000
0000000000000
0000000000000
0000000000000
0000000000000
0000000000000
0000000000000
0000000000000
0000000000000
0000000000000
0000000000000
0000000000000
0000000000000
0000000000000
0000000000000
0000000000000
0000000000000
0000000000000
0000000000000
0000000000000
0000000000000
0000000000000
0000000000000
0000000000000
0000000000000
0000000000000
0000000000000
0000000000000
0000000000000
0000000000000
0000000000000
0000000000000
0000000000000
0000000000000
0000000000000
0000000000000
0000000000000
0000000000000
0000000000000
0000000000000
0000000000000
0000000000000
0000000000000
0000000000000
0000000000000
0000000000000
0000000000000
0000000000000
0000000000000
0000000000000
0000000000000
0000000000000
0000000000000
0000000000000
0000000000000
0000000000000
0000000000000
0000000000000
0000000000000
0000000000000
0000000000000
0000000000000
0000000000000
0000000000000
0000000000000
0000000000000
0000000000000
0000000000000
0000000000000
0000000000000
0000000000000
0000000000000
0000000000000
0000000000000
0000000000000
0000000000000
0000000000000
0000000000000
0000000000000
0000000000000
0000000000000
0000000000000
0000000000000
0000000000000
0000000000000
0000000000000
0000000000000
0000000000000
0000000000000
0000000000000
0000000000000
0000000000000
0000000000000
0000000000000
0000000000000
0000000000000
0000000000000
0000000000000
0000000000000
0000000000000
0000000000000
0000000000000
0000000000000
0000000000000
0000000000000
0000000000000
0000000000000
0000000000000
0000000000000
0000000000000
0000000000000
0000000000000
0000000000000
0000000000000
0000000000000
0000000000000
0000000000000
0000000000000
0000000000000
0000000000000
0000000000000
0000000000000
0000000000000
0000000000000
0000000000000
0000000000000
0000000000000
0000000000000
0000000000000
0000000000000
0000000000000
0000000000000
0000000000000
0000000000000
0000000000000
0000000000000
0000000000000
0000000000000
0000000000000
0000000000000
0000000000000
0000000000000
0000000000000
0000000000000
0000000000000
0000000000000
0000000000000
0000000000000
0000000000000
0000000000000
0000000000000
0000000000000
0000000000000
0000000000000
0000000000000
0000000000000
0000000000000
0000000000000
0000000000000
0000000000000
0000000000000
0000000000000
0000000000000
0000000000000
0000000000000
0000000000000
0000000000000
0000000000000
0000000000000
0000000000000
0000000000000
0000000000000
0000000000000
0000000000000
0000000000000
0000000000000
0000000000000
0000000000000
0000000000000
0000000000000
0000000000000
0000000000000
0000000000000
0000000000000
0000000000000
0000000000000
0000000000000
0000000000000
0000000000000
0000000000000
0000000000000
0000000000000
0000000000000
0000000000000
0000000000000
0000000000000
0000000000000
0000000000000
0000000000000
0000000000000
0000000000000
0000000000000
0000000000000
0000000000000
0000000000000
0000000000000
0000000000000
0000000000000
0000000000000
0000000000000
0000000000000
0000000000000
0000000000000
0000000000000
0000000000000
0000000000000
0000000000000
0000000000000
0000000000000
0000000000000
0000000000000
0000000000000
0000000000000
0000000000000
0000000000000
0000000000000
0000000000000
0000000000000
0000000000000
0000000000000
0000000000000
0000000000000
0000000000000
0000000000000
0000000000000
0000000000000
0000000000000
0000000000000
0000000000000
0000000000000
0000000000000
0000000000000
0000000000000
0000000000000
0000000000000
0000000000000
0000000000000
0000000000000
0000000000000
0000000000000
0000000000000
0000000000000
8000002000000
7fffffdffffff
7fffffdffffff
7fffffdffffff
7fffffdffffff
7fffffdffffff
7fffffdffffff
7fffffdffffff
7fffffdffffff
7fffffdffffff
7fffffdffffff
7fffffdffffff
7fffffdffffff
7fffffdffffff
7fffffdffffff
7fffffdffffff
7fffffdffffff
7fffffdffffff
7fffffdffffff
7fffffdffffff
7fffffdffffff
7fffffdffffff
7fffffdffffff
7fffffdffffff
7fffffdffffff
7fffffdffffff
7fffffdffffff
7fffffdffffff
7fffffdffffff
7fffffdffffff
7fffffdffffff
7fffffdffffff
7fffffdffffff
7fffffdffffff
7fffffdffffff
7fffffdffffff
7fffffdffffff
7fffffdffffff
7fffffdffffff
7fffffdffffff
7fffffdffffff
7fffffdffffff
7fffffdffffff
7fffffdffffff
7fffffdffffff
7fffffdffffff
7fffffdffffff
7fffffdffffff
7fffffdffffff
7fffffdffffff
7fffffdffffff
7fffffdffffff
7fffffdffffff
7fffffdffffff
7fffffdffffff
7fffffdffffff
7fffffdffffff
7fffffdffffff
7fffffdffffff
7fffffdffffff
7fffffdffffff
7fffffdffffff
7fffffdffffff
7fffffdffffff
7fffffdffffff
7fffffdffffff
7fffffdffffff
7fffffdffffff
7fffffdffffff
7fffffdffffff
7fffffdffffff
7fffffdffffff
7fffffdffffff
7fffffdffffff
7fffffdffffff
7fffffdffffff
7fffffdffffff
7fffffdffffff
7fffffdffffff
7fffffdffffff
7fffffdffffff
7fffffdffffff
7fffffdffffff
7fffffdffffff
7fffffdffffff
7fffffdffffff
7fffffdffffff
7fffffdffffff
7fffffdffffff
7fffffdffffff
7fffffdffffff
7fffffdffffff
7fffffdffffff
7fffffdffffff
7fffffdffffff
7fffffdffffff
7fffffdffffff
7fffffdffffff
7fffffdffffff
7fffffdffffff
7fffffdffffff
7fffffdffffff
7fffffdffffff
7fffffdffffff
7fffffdffffff
7fffffdffffff
7fffffdffffff
7fffffdffffff
7fffffdffffff
7fffffdffffff
7fffffdffffff
7fffffdffffff
7fffffdffffff
7fffffdffffff
7fffffdffffff
7fffffdffffff
7fffffdffffff
7fffffdffffff
7fffffdffffff
7fffffdffffff
7fffffdffffff
7fffffdffffff
7fffffdffffff
7fffffdffffff
7fffffdffffff
7fffffdffffff
7fffffdffffff
7fffffdffffff
7fffffdffffff
7fffffdffffff
7fffffdffffff
7fffffdffffff
7fffffdffffff
7fffffdffffff
7fffffdffffff
7fffffdffffff
7fffffdffffff
7fffffdffffff
7fffffdffffff
7fffffdffffff
7fffffdffffff
7fffffdffffff
7fffffdffffff
7fffffdffffff
7fffffdffffff
7fffffdffffff
7fffffdffffff
7fffffdffffff
7fffffdffffff
7fffffdffffff
7fffffdffffff
7fffffdffffff
7fffffdffffff
7fffffdffffff
7fffffdffffff
7fffffdffffff
7fffffdffffff
7fffffdffffff
7fffffdffffff
7fffffdffffff
7fffffdffffff
7fffffdffffff
7fffffdffffff
7fffffdffffff
7fffffdffffff
7fffffdffffff
7fffffdffffff
7fffffdffffff
7fffffdffffff
7fffffdffffff
7fffffdffffff
7fffffdffffff
7fffffdffffff
7fffffdffffff
7fffffdffffff
7fffffdffffff
7fffffdffffff
7fffffdffffff
7fffffdffffff
7fffffdffffff
7fffffdffffff
7fffffdffffff
7fffffdffffff
7fffffdffffff
7fffffdffffff
7fffffdffffff
7fffffdffffff
7fffffdffffff
7fffffdffffff
7fffffdffffff
7fffffdffffff
7fffffdffffff
7fffffdffffff
7fffffdffffff
7fffffdffffff
7fffffdffffff
7fffffdffffff
7fffffdffffff
7fffffdffffff
7fffffdffffff
7fffffdffffff
7fffffdffffff
7fffffdffffff
7fffffdffffff
7fffffdffffff
7fffffdffffff
7fffffdffffff
7fffffdffffff
7fffffdffffff
7fffffdffffff
7fffffdffffff
7fffffdffffff
7fffffdffffff
7fffffdffffff
7fffffdffffff
7fffffdffffff
7fffffdffffff
7fffffdffffff
7fffffdffffff
7fffffdffffff
7fffffdffffff
7fffffdffffff
7fffffdffffff
7fffffdffffff
7fffffdffffff
7fffffdffffff
7fffffdffffff
7fffffdffffff
7fffffdffffff
7fffffdffffff
7fffffdffffff
7fffffdffffff
7fffffdffffff
7fffffdffffff
7fffffdffffff
7fffffdffffff
7fffffdffffff
7fffffdffffff
7fffffdffffff
7fffffdffffff
7fffffdffffff
7fffffdffffff
7fffffdffffff
7fffffdffffff
7fffffdffffff
7fffffdffffff
7fffffdffffff
7fffffdffffff
7fffffdffffff
7fffffdffffff
7fffffdffffff
7fffffdffffff
7fffffdffffff
7fffffdffffff
7fffffdffffff
7fffffdffffff
7fffffdffffff
7fffffdffffff
7fffffdffffff
7fffffdffffff
7fffffdffffff
7fffffdffffff
7fffffdffffff
7fffffdffffff
7fffffdffffff
7fffffdffffff
7fffffdffffff
7fffffdffffff
7fffffdffffff
7fffffdffffff
7fffffdffffff
7fffffdffffff
7fffffdffffff
7fffffdffffff
7fffffdffffff
7fffffdffffff
7fffffdffffff
7fffffdffffff
7fffffdffffff
7fffffdffffff
7fffffdffffff
7fffffdffffff
7fffffdffffff
7fffffdffffff
7fffffdffffff
7fffffdffffff
7fffffdffffff
7fffffdffffff
7fffffdffffff
7fffffdffffff
7fffffdffffff
7fffffdffffff
7fffffdffffff
7fffffdffffff
7fffffdffffff
7fffffdffffff
7fffffdffffff
7fffffdffffff
7fffffdffffff
7fffffdffffff
7fffffdffffff
7fffffdffffff
7fffffdffffff
7fffffdffffff
7fffffdffffff
7fffffdffffff
7fffffdffffff
7fffffdffffff
7fffffdffffff
7fffffdffffff
7fffffdffffff
7fffffdffffff
7fffffdffffff
7fffffdffffff
7fffffdffffff
7fffffdffffff
7fffffdffffff
7fffffdffffff
7fffffdffffff
7fffffdffffff
7fffffdffffff
7fffffdffffff
7fffffdffffff
7fffffdffffff
7fffffdffffff
7fffffdffffff
7fffffdffffff
7fffffdffffff
7fffffdffffff
7fffffdffffff
7fffffdffffff
7fffffdffffff
7fffffdffffff
7fffffdffffff
7fffffdffffff
7fffffdffffff
7fffffdffffff
7fffffdffffff
7fffffdffffff
7fffffdffffff
7fffffdffffff
7fffffdffffff
7fffffdffffff
7fffffdffffff
7fffffdffffff
7fffffdffffff
7fffffdffffff
7fffffdffffff
7fffffdffffff
7fffffdffffff
7fffffdffffff
7fffffdffffff
7fffffdffffff
7fffffdffffff
7fffffdffffff
7fffffdffffff
7fffffdffffff
7fffffdffffff
7fffffdffffff
7fffffdffffff
7fffffdffffff
7fffffdffffff
7fffffdffffff
7fffffdffffff
7fffffdffffff
7fffffdffffff
7fffffdffffff
7fffffdffffff
7fffffdffffff
7fffffdffffff
7fffffdffffff
7fffffdffffff
7fffffdffffff
7fffffdffffff
7fffffdffffff
7fffffdffffff
7fffffdffffff
7fffffdffffff
7fffffdffffff
7fffffdffffff
7fffffdffffff
7fffffdffffff
7fffffdffffff
7fffffdffffff
7fffffdffffff
7fffffdffffff
7fffffdffffff
7fffffdffffff
7fffffdffffff
7fffffdffffff
7fffffdffffff
7fffffdffffff
7fffffdffffff
7fffffdffffff
7fffffdffffff
7fffffdffffff
7fffffdffffff
7fffffdffffff
7fffffdffffff
7fffffdffffff
7fffffdffffff
7fffffdffffff
7fffffdffffff
7fffffdffffff
7fffffdffffff
7fffffdffffff
7fffffdffffff
7fffffdffffff
7fffffdffffff
7fffffdffffff
7fffffdffffff
7fffffdffffff
7fffffdffffff
7fffffdffffff
7fffffdffffff
7fffffdffffff
7fffffdffffff
7fffffdffffff
7fffffdffffff
7fffffdffffff
7fffffdffffff
7fffffdffffff
7fffffdffffff
7fffffdffffff
7fffffdffffff
7fffffdffffff
7fffffdffffff
7fffffdffffff
7fffffdffffff
7fffffdffffff
7fffffdffffff
7fffffdffffff
7fffffdffffff
7fffffdffffff
7fffffdffffff
7fffffdffffff
7fffffdffffff
7fffffdffffff
7fffffdffffff
7fffffdffffff
7fffffdffffff
7fffffdffffff
7fffffdffffff
7fffffdffffff
7fffffdffffff
7fffffdffffff
7fffffdffffff
7fffffdffffff
7fffffdffffff
7fffffdffffff
7fffffdffffff
7fffffdffffff
7fffffdffffff
7fffffdffffff
7fffffdffffff
7fffffdffffff
7fffffdffffff
7fffffdffffff
7fffffdffffff
7fffffdffffff
7fffffdffffff
7fffffdffffff
7fffffdffffff
7fffffdffffff
7fffffdffffff
7fffffdffffff
7fffffdffffff
7fffffdffffff
7fffffdffffff
7fffffdffffff
7fffffdffffff
7fffffdffffff
7fffffdffffff
7fffffdffffff
7fffffdffffff
7fffffdffffff
7fffffdffffff
7fffffdffffff
7fffffdffffff
7fffffdffffff
7fffffdffffff
7fffffdffffff
7fffffdffffff
7fffffdffffff
7fffffdffffff
7fffffdffffff
7fffffdffffff
7fffffdffffff
7fffffdffffff
7fffffdffffff
7fffffdffffff
7fffffdffffff
7fffffdffffff
7fffffdffffff
7fffffdffffff
7fffffdffffff
7fffffdffffff
7fffffdffffff
7fffffdffffff
7fffffdffffff
7fffffdffffff
7fffffdffffff
7fffffdffffff
7fffffdffffff
7fffffdffffff
7fffffdffffff
7fffffdffffff
7fffffdffffff
7fffffdffffff
7fffffdffffff
7fffffdffffff
7fffffdffffff
7fffffdffffff
7fffffdffffff
7fffffdffffff
7fffffdffffff
7fffffdffffff
7fffffdffffff
7fffffdffffff
7fffffdffffff
7fffffdffffff
7fffffdffffff
7fffffdffffff
7fffffdffffff
7fffffdffffff
7fffffdffffff
7fffffdffffff
7fffffdffffff
7fffffdffffff
7fffffdffffff
7fffffdffffff
7fffffdffffff
7fffffdffffff
7fffffdffffff
7fffffdffffff
7fffffdffffff
7fffffdffffff
7fffffdffffff
7fffffdffffff
7fffffdffffff
7fffffdffffff
7fffffdffffff
7fffffdffffff
7fffffdffffff
7fffffdffffff
7fffffdffffff
7fffffdffffff
7fffffdffffff
7fffffdffffff
7fffffdffffff
7fffffdffffff
7fffffdffffff
7fffffdffffff
7fffffdffffff
7fffffdffffff
7fffffdffffff
7fffffdffffff
7fffffdffffff
7fffffdffffff
7fffffdffffff
7fffffdffffff
7fffffdffffff
7fffffdffffff
7fffffdffffff
7fffffdffffff
7fffffdffffff
7fffffdffffff
7fffffdffffff
7fffffdffffff
7fffffdffffff
7fffffdffffff
7fffffdffffff
7fffffdffffff
7fffffdffffff
7fffffdffffff
7fffffdffffff
7fffffdffffff
7fffffdffffff
7fffffdffffff
7fffffdffffff
7fffffdffffff
7fffffdffffff
7fffffdffffff
7fffffdffffff
7fffffdffffff
7fffffdffffff
7fffffdffffff
7fffffdffffff
7fffffdffffff
7fffffdffffff
7fffffdffffff
7fffffdffffff
7fffffdffffff
7fffffdffffff
7fffffdffffff
7fffffdffffff
7fffffdffffff
7fffffdffffff
7fffffdffffff
7fffffdffffff
7fffffdffffff
7fffffdffffff
7fffffdffffff
7fffffdffffff
7fffffdffffff
7fffffdffffff
7fffffdffffff
7fffffdffffff
7fffffdffffff
7fffffdffffff
7fffffdffffff
7fffffdffffff
7fffffdffffff
7fffffdffffff
7fffffdffffff
7fffffdffffff
7fffffdffffff
7fffffdffffff
7fffffdffffff
7fffffdffffff
7fffffdffffff
7fffffdffffff
7fffffdffffff
7fffffdffffff
7fffffdffffff
7fffffdffffff
7fffffdffffff
7fffffdffffff
7fffffdffffff
7fffffdffffff
7fffffdffffff
7fffffdffffff
7fffffdffffff
7fffffdffffff
7fffffdffffff
7fffffdffffff
7fffffdffffff
7fffffdffffff
7fffffdffffff
7fffffdffffff
7fffffdffffff
7fffffdffffff
7fffffdffffff
7fffffdffffff
7fffffdffffff
7fffffdffffff
7fffffdffffff
7fffffdffffff
7fffffdffffff
7fffffdffffff
7fffffdffffff
7fffffdffffff
7fffffdffffff
7fffffdffffff
7fffffdffffff
7fffffdffffff
7fffffdffffff
7fffffdffffff
7fffffdffffff
7fffffdffffff
7fffffdffffff
7fffffdffffff
7fffffdffffff
7fffffdffffff
7fffffdffffff
7fffffdffffff
7fffffdffffff
7fffffdffffff
7fffffdffffff
7fffffdffffff
7fffffdffffff
7fffffdffffff
7fffffdffffff
7fffffdffffff
7fffffdffffff
7fffffdffffff
7fffffdffffff
7fffffdffffff
7fffffdffffff
7fffffdffffff
7fffffdffffff
7fffffdffffff
7fffffdffffff
7fffffdffffff
7fffffdffffff
7fffffdffffff
7fffffdffffff
7fffffdffffff
7fffffdffffff
7fffffdffffff
7fffffdffffff
7fffffdffffff
7fffffdffffff
7fffffdffffff
7fffffdffffff
7fffffdffffff
7fffffdffffff
7fffffdffffff
7fffffdffffff
7fffffdffffff
7fffffdffffff
7fffffdffffff
7fffffdffffff
7fffffdffffff
7fffffdffffff
7fffffdffffff
7fffffdffffff
7fffffdffffff
7fffffdffffff
7fffffdffffff
7fffffdffffff
7fffffdffffff
7fffffdffffff
7fffffdffffff
7fffffdffffff
7fffffdffffff
7fffffdffffff
7fffffdffffff
7fffffdffffff
7fffffdffffff
7fffffdffffff
7fffffdffffff
7fffffdffffff
7fffffdffffff
7fffffdffffff
7fffffdffffff
7fffffdffffff
7fffffdffffff
7fffffdffffff
7fffffdffffff
7fffffdffffff
7fffffdffffff
7fffffdffffff
7fffffdffffff
7fffffdffffff
7fffffdffffff
7fffffdffffff
7fffffdffffff
7fffffdffffff
7fffffdffffff
7fffffdffffff
7fffffdffffff
7fffffdffffff
7fffffdffffff
7fffffdffffff
7fffffdffffff
7fffffdffffff
7fffffdffffff
7fffffdffffff
7fffffdffffff
7fffffdffffff
7fffffdffffff
7fffffdffffff
7fffffdffffff
7fffffdffffff
7fffffdffffff
7fffffdffffff
7fffffdffffff
7fffffdffffff
7fffffdffffff
7fffffdffffff
7fffffdffffff
7fffffdffffff
7fffffdffffff
7fffffdffffff
7fffffdffffff
7fffffdffffff
7fffffdffffff
7fffffdffffff
7fffffdffffff
7fffffdffffff
7fffffdffffff
7fffffdffffff
7fffffdffffff
7fffffdffffff
7fffffdffffff
7fffffdffffff
7fffffdffffff
7fffffdffffff
7fffffdffffff
7fffffdffffff
7fffffdffffff
7fffffdffffff
7fffffdffffff
7fffffdffffff
7fffffdffffff
7fffffdffffff
7fffffdffffff
7fffffdffffff
7fffffdffffff
7fffffdffffff
7fffffdffffff
7fffffdffffff
7fffffdffffff
7fffffdffffff
7fffffdffffff
7fffffdffffff
7fffffdffffff
7fffffdffffff
7fffffdffffff
7fffffdffffff
7fffffdffffff
7fffffdffffff
7fffffdffffff
7fffffdffffff
7fffffdffffff
7fffffdffffff
7fffffdffffff
7fffffdffffff
7fffffdffffff
7fffffdffffff
7fffffdffffff
7fffffdffffff
7fffffdffffff
7fffffdffffff
7fffffdffffff
7fffffdffffff
7fffffdffffff
7fffffdffffff
7fffffdffffff
7fffffdffffff
7fffffdffffff
7fffffdffffff
7fffffdffffff
7fffffdffffff
7fffffdffffff
7fffffdffffff
7fffffdffffff
7fffffdffffff
7fffffdffffff
7fffffdffffff
7fffffdffffff
7fffffdffffff
7fffffdffffff
7fffffdffffff
7fffffdffffff
7fffffdffffff
7fffffdffffff
7fffffdffffff
7fffffdffffff
7fffffdffffff
7fffffdffffff
7fffffdffffff
7fffffdffffff
7fffffdffffff
7fffffdffffff
7fffffdffffff
7fffffdffffff
7fffffdffffff
7fffffdffffff
7fffffdffffff
7fffffdffffff
7fffffdffffff
7fffffdffffff
7fffffdffffff
7fffffdffffff
7fffffdffffff
7fffffdffffff
7fffffdffffff
7fffffdffffff
7fffffdffffff
7fffffdffffff
7fffffdffffff
7fffffdffffff
7fffffdffffff
7fffffdffffff
7fffffdffffff
7fffffdffffff
7fffffdffffff
7fffffdffffff
7fffffdffffff
7fffffdffffff
7fffffdffffff
7fffffdffffff
7fffffdffffff
7fffffdffffff
7fffffdffffff
7fffffdffffff
7fffffdffffff
7fffffdffffff
7fffffdffffff
7fffffdffffff
7fffffdffffff
7fffffdffffff
7fffffdffffff
7fffffdffffff
7fffffdffffff
7fffffdffffff
7fffffdffffff
7fffffdffffff
7fffffdffffff
7fffffdffffff
7fffffdffffff
7fffffdffffff
7fffffdffffff
7fffffdffffff
7fffffdffffff
7fffffdffffff
7fffffdffffff
7fffffdffffff
7fffffdffffff
7fffffdffffff
7fffffdffffff
7fffffdffffff
7fffffdffffff
7fffffdffffff
7fffffdffffff
7fffffdffffff
7fffffdffffff
7fffffdffffff
7fffffdffffff
7fffffdffffff
7fffffdffffff
7fffffdffffff
7fffffdffffff
7fffffdffffff
7fffffdffffff
7fffffdffffff
7fffffdffffff
7fffffdffffff
7fffffdffffff
7fffffdffffff
7fffffdffffff
7fffffdffffff
7fffffdffffff
7fffffdffffff
7fffffdffffff
7fffffdffffff
7fffffdffffff
7fffffdffffff
7fffffdffffff
7fffffdffffff
7fffffdffffff
7fffffdffffff
7fffffdffffff
7fffffdffffff
7fffffdffffff
7fffffdffffff
7fffffdffffff
7fffffdffffff
7fffffdffffff
7fffffdffffff
7fffffdffffff
7fffffdffffff
7fffffdffffff
7fffffdffffff
7fffffdffffff
7fffffdffffff
7fffffdffffff
7fffffdffffff
7fffffdffffff
7fffffdffffff
7fffffdffffff
7fffffdffffff
7fffffdffffff
7fffffdffffff
7fffffdffffff
7fffffdffffff
7fffffdffffff
7fffffdffffff
7fffffdffffff
7fffffdffffff
7fffffdffffff
7fffffdffffff
7fffffdffffff
7fffffdffffff
7fffffdffffff
7fffffdffffff
7fffffdffffff
7fffffdffffff
7fffffdffffff
7fffffdffffff
7fffffdffffff
7fffffdffffff
7fffffdffffff
7fffffdffffff
7fffffdffffff
7fffffdffffff
7fffffdffffff
7fffffdffffff
7fffffdffffff
7fffffdffffff
7fffffdffffff
7fffffdffffff
7fffffdffffff
7fffffdffffff
7fffffdffffff
7fffffdffffff
7fffffdffffff
7fffffdffffff
7fffffdffffff
7fffffdffffff
7fffffdffffff
7fffffdffffff
7fffffdffffff
7fffffdffffff
7fffffdffffff
7fffffdffffff
7fffffdffffff
7fffffdffffff
7fffffdffffff
7fffffdffffff
7fffffdffffff
7fffffdffffff
7fffffdffffff
7fffffdffffff
7fffffdffffff
7fffffdffffff
7fffffdffffff
7fffffdffffff
7fffffdffffff
7fffffdffffff
7fffffdffffff
7fffffdffffff
7fffffdffffff
7fffffdffffff
7fffffdffffff
7fffffdffffff
7fffffdffffff
7fffffdffffff
7fffffdffffff
7fffffdffffff
7fffffdffffff
7fffffdffffff
7fffffdffffff
7fffffdffffff
7fffffdffffff
7fffffdffffff
7fffffdffffff
7fffffdffffff
7fffffdffffff
7fffffdffffff
7fffffdffffff
7fffffdffffff
7fffffdffffff
7fffffdffffff
7fffffdffffff
7fffffdffffff
7fffffdffffff
7fffffdffffff
7fffffdffffff
7fffffdffffff
7fffffdffffff
7fffffdffffff
7fffffdffffff
7fffffdffffff
7fffffdffffff
7fffffdffffff
7fffffdffffff
7fffffdffffff
7fffffdffffff
7fffffdffffff
7fffffdffffff
7fffffdffffff
7fffffdffffff
7fffffdffffff
7fffffdffffff
7fffffdffffff
7fffffdffffff
7fffffdffffff
7fffffdffffff
7fffffdffffff
7fffffdffffff
7fffffdffffff
7fffffdffffff
7fffffdffffff
7fffffdffffff
7fffffdffffff
7fffffdffffff
7fffffdffffff
7fffffdffffff
7fffffdffffff
7fffffdffffff
7fffffdffffff
7fffffdffffff
7fffffdffffff
7fffffdffffff
7fffffdffffff
7fffffdffffff
7fffffdffffff
7fffffdffffff
7fffffdffffff
7fffffdffffff
7fffffdffffff
7fffffdffffff
7fffffdffffff
7fffffdffffff
7fffffdffffff
7fffffdffffff
7fffffdffffff
7fffffdffffff
7fffffdffffff
7fffffdffffff
7fffffdffffff
7fffffdffffff
7fffffdffffff
7fffffdffffff
7fffffdffffff
7fffffdffffff
7fffffdffffff
7fffffdffffff
7fffffdffffff
7fffffdffffff
7fffffdffffff
7fffffdffffff
7fffffdffffff
7fffffdffffff
7fffffdffffff
7fffffdffffff
7fffffdffffff
7fffffdffffff
7fffffdffffff
7fffffdffffff
7fffffdffffff
7fffffdffffff
7fffffdffffff
7fffffdffffff
7fffffdffffff
7fffffdffffff
7fffffdffffff
7fffffdffffff
7fffffdffffff
7fffffdffffff
7fffffdffffff
7fffffdffffff
7fffffdffffff
7fffffdffffff
7fffffdffffff
7fffffdffffff
7fffffdffffff
7fffffdffffff
7fffffdffffff
7fffffdffffff
7fffffdffffff
7fffffdffffff
7fffffdffffff
7fffffdffffff
7fffffdffffff
7fffffdffffff
7fffffdffffff
7fffffdffffff
7fffffdffffff
7fffffdffffff
7fffffdffffff
7fffffdffffff
7fffffdffffff
7fffffdffffff
7fffffdffffff
7fffffdffffff
7fffffdffffff
7fffffdffffff
7fffffdffffff
7fffffdffffff
7fffffdffffff
7fffffdffffff
7fffffdffffff
7fffffdffffff
7fffffdffffff
7fffffdffffff
7fffffdffffff
7fffffdffffff
7fffffdffffff
7fffffdffffff
7fffffdffffff
7fffffdffffff
7fffffdffffff
7fffffdffffff
7fffffdffffff
7fffffdffffff
7fffffdffffff
7fffffdffffff
7fffffdffffff
7fffffdffffff
7fffffdffffff
7fffffdffffff
7fffffdffffff
7fffffdffffff
7fffffdffffff
7fffffdffffff
7fffffdffffff
7fffffdffffff
7fffffdffffff
7fffffdffffff
7fffffdffffff
7fffffdffffff
7fffffdffffff
7fffffdffffff
7fffffdffffff
7fffffdffffff
7fffffdffffff
7fffffdffffff
7fffffdffffff
7fffffdffffff
7fffffdffffff
7fffffdffffff
7fffffdffffff
7fffffdffffff
7fffffdffffff
7fffffdffffff
7fffffdffffff
7fffffdffffff
7fffffdffffff
7fffffdffffff
7fffffdffffff
7fffffdffffff
7fffffdffffff
7fffffdffffff
7fffffdffffff
7fffffdffffff
7fffffdffffff
7fffffdffffff
7fffffdffffff
7fffffdffffff
7fffffdffffff
7fffffdffffff
7fffffdffffff
7fffffdffffff
7fffffdffffff
7fffffdffffff
7fffffdffffff
7fffffdffffff
7fffffdffffff
7fffffdffffff
7fffffdffffff
7fffffdffffff
7fffffdffffff
7fffffdffffff
7fffffdffffff
7fffffdffffff
7fffffdffffff
7fffffdffffff
7fffffdffffff
7fffffdffffff
7fffffdffffff
7fffffdffffff
7fffffdffffff
7fffffdffffff
7fffffdffffff
7fffffdffffff
7fffffdffffff
7fffffdffffff
7fffffdffffff
7fffffdffffff
7fffffdffffff
7fffffdffffff
7fffffdffffff
7fffffdffffff
7fffffdffffff
7fffffdffffff
7fffffdffffff
7fffffdffffff
7fffffdffffff
7fffffdffffff
7fffffdffffff
7fffffdffffff
7fffffdffffff
7fffffdffffff
7fffffdffffff
7fffffdffffff
7fffffdffffff
7fffffdffffff
7fffffdffffff
7fffffdffffff
7fffffdffffff
7fffffdffffff
7fffffdffffff
7fffffdffffff
7fffffdffffff
7fffffdffffff
7fffffdffffff
7fffffdffffff
7fffffdffffff
7fffffdffffff
7fffffdffffff
7fffffdffffff
7fffffdffffff
7fffffdffffff
7fffffdffffff
7fffffdffffff
7fffffdffffff
7fffffdffffff
7fffffdffffff
7fffffdffffff
7fffffdffffff
7fffffdffffff
7fffffdffffff
7fffffdffffff
7fffffdffffff
7fffffdffffff
7fffffdffffff
7fffffdffffff
7fffffdffffff
7fffffdffffff
7fffffdffffff
7fffffdffffff
7fffffdffffff
7fffffdffffff
7fffffdffffff
7fffffdffffff
7fffffdffffff
7fffffdffffff
7fffffdffffff
7fffffdffffff
7fffffdffffff
7fffffdffffff
7fffffdffffff
7fffffdffffff
7fffffdffffff
7fffffdffffff
7fffffdffffff
7fffffdffffff
7fffffdffffff
7fffffdffffff
7fffffdffffff
7fffffdffffff
7fffffdffffff
7fffffdffffff
7fffffdffffff
7fffffdffffff
7fffffdffffff
7fffffdffffff
7fffffdffffff
7fffffdffffff
7fffffdffffff
7fffffdffffff
7fffffdffffff
7fffffdffffff
7fffffdffffff
7fffffdffffff
7fffffdffffff
7fffffdffffff
7fffffdffffff
7fffffdffffff
7fffffdffffff
7fffffdffffff
7fffffdffffff
7fffffdffffff
7fffffdffffff
7fffffdffffff
7fffffdffffff
7fffffdffffff
7fffffdffffff
7fffffdffffff
7fffffdffffff
7fffffdffffff
7fffffdffffff
7fffffdffffff
7fffffdffffff
7fffffdffffff
7fffffdffffff
7fffffdffffff
7fffffdffffff
7fffffdffffff
7fffffdffffff
7fffffdffffff
7fffffdffffff
7fffffdffffff
7fffffdffffff
7fffffdffffff
7fffffdffffff
7fffffdffffff
7fffffdffffff
7fffffdffffff
7fffffdffffff
7fffffdffffff
7fffffdffffff
7fffffdffffff
7fffffdffffff
7fffffdffffff
7fffffdffffff
7fffffdffffff
7fffffdffffff
7fffffdffffff
7fffffdffffff
7fffffdffffff
7fffffdffffff
7fffffdffffff
7fffffdffffff
7fffffdffffff
7fffffdffffff
7fffffdffffff
7fffffdffffff
7fffffdffffff
7fffffdffffff
7fffffdffffff
7fffffdffffff
7fffffdffffff
7fffffdffffff
7fffffdffffff
7fffffdffffff
7fffffdffffff
7fffffdffffff
7fffffdffffff
7fffffdffffff
7fffffdffffff
7fffffdffffff
7fffffdffffff
7fffffdffffff
7fffffdffffff
7fffffdffffff
7fffffdffffff
7fffffdffffff
7fffffdffffff
7fffffdffffff
7fffffdffffff
7fffffdffffff
7fffffdffffff
7fffffdffffff
7fffffdffffff
7fffffdffffff
7fffffdffffff
7fffffdffffff
7fffffdffffff
7fffffdffffff
7fffffdffffff
7fffffdffffff
7fffffdffffff
7fffffdffffff
7fffffdffffff
7fffffdffffff
7fffffdffffff
7fffffdffffff
7fffffdffffff
7fffffdffffff
7fffffdffffff
7fffffdffffff
7fffffdffffff
7fffffdffffff
7fffffdffffff
7fffffdffffff
7fffffdffffff
7fffffdffffff
7fffffdffffff
7fffffdffffff
7fffffdffffff
7fffffdffffff
7fffffdffffff
7fffffdffffff
7fffffdffffff
7fffffdffffff
7fffffdffffff
7fffffdffffff
7fffffdffffff
7fffffdffffff
7fffffdffffff
7fffffdffffff
7fffffdffffff
7fffffdffffff
7fffffdffffff
7fffffdffffff
7fffffdffffff
7fffffdffffff
7fffffdffffff
7fffffdffffff
7fffffdffffff
7fffffdffffff
7fffffdffffff
7fffffdffffff
7fffffdffffff
7fffffdffffff
7fffffdffffff
7fffffdffffff
7fffffdffffff
7fffffdffffff
7fffffdffffff
7fffffdffffff
7fffffdffffff
7fffffdffffff
7fffffdffffff
7fffffdffffff
7fffffdffffff
7fffffdffffff
7fffffdffffff
7fffffdffffff
7fffffdffffff
7fffffdffffff
7fffffdffffff
7fffffdffffff
7fffffdffffff
7fffffdffffff
7fffffdffffff
7fffffdffffff
7fffffdffffff
7fffffdffffff
7fffffdffffff
7fffffdffffff
7fffffdffffff
7fffffdffffff
7fffffdffffff
7fffffdffffff
7fffffdffffff
7fffffdffffff
7fffffdffffff
7fffffdffffff
7fffffdffffff
7fffffdffffff
7fffffdffffff
7fffffdffffff
7fffffdffffff
7fffffdffffff
7fffffdffffff
7fffffdffffff
7fffffdffffff
7fffffdffffff
7fffffdffffff
7fffffdffffff
7fffffdffffff
7fffffdffffff
7fffffdffffff
7fffffdffffff
7fffffdffffff
7fffffdffffff
7fffffdffffff
7fffffdffffff
7fffffdffffff
7fffffdffffff
7fffffdffffff
7fffffdffffff
7fffffdffffff
7fffffdffffff
7fffffdffffff
7fffffdffffff
7fffffdffffff
7fffffdffffff
7fffffdffffff
7fffffdffffff
7fffffdffffff
7fffffdffffff
7fffffdffffff
7fffffdffffff
7fffffdffffff
7fffffdffffff
7fffffdffffff
7fffffdffffff
7fffffdffffff
7fffffdffffff
7fffffdffffff
7fffffdffffff
7fffffdffffff
7fffffdffffff
7fffffdffffff
7fffffdffffff
7fffffdffffff
7fffffdffffff
7fffffdffffff
7fffffdffffff
7fffffdffffff
7fffffdffffff
7fffffdffffff
7fffffdffffff
7fffffdffffff
7fffffdffffff
7fffffdffffff
7fffffdffffff
7fffffdffffff
7fffffdffffff
7fffffdffffff
7fffffdffffff
7fffffdffffff
7fffffdffffff
7fffffdffffff
7fffffdffffff
7fffffdffffff
7fffffdffffff
7fffffdffffff
7fffffdffffff
7fffffdffffff
7fffffdffffff
7fffffdffffff
7fffffdffffff
7fffffdffffff
7fffffdffffff
7fffffdffffff
7fffffdffffff
7fffffdffffff
7fffffdffffff
7fffffdffffff
7fffffdffffff
7fffffdffffff
7fffffdffffff
7fffffdffffff
7fffffdffffff
7fffffdffffff
7fffffdffffff
7fffffdffffff
7fffffdffffff
7fffffdffffff
7fffffdffffff
7fffffdffffff
7fffffdffffff
7fffffdffffff
7fffffdffffff
7fffffdffffff
7fffffdffffff
7fffffdffffff
7fffffdffffff
7fffffdffffff
7fffffdffffff
7fffffdffffff
7fffffdffffff
7fffffdffffff
7fffffdffffff
7fffffdffffff
7fffffdffffff
7fffffdffffff
7fffffdffffff
7fffffdffffff
7fffffdffffff
7fffffdffffff
7fffffdffffff
7fffffdffffff
7fffffdffffff
7fffffdffffff
7fffffdffffff
7fffffdffffff
7fffffdffffff
7fffffdffffff
7fffffdffffff
7fffffdffffff
7fffffdffffff
7fffffdffffff
7fffffdffffff
7fffffdffffff
7fffffdffffff
7fffffdffffff
7fffffdffffff
7fffffdffffff
7fffffdffffff
7fffffdffffff
7fffffdffffff
7fffffdffffff
7fffffdffffff
7fffffdffffff
7fffffdffffff
7fffffdffffff
7fffffdffffff
7fffffdffffff
7fffffdffffff
7fffffdffffff
7fffffdffffff
7fffffdffffff
7fffffdffffff
7fffffdffffff
7fffffdffffff
7fffffdffffff
7fffffdffffff
7fffffdffffff
7fffffdffffff
7fffffdffffff
7fffffdffffff
7fffffdffffff
7fffffdffffff
7fffffdffffff
7fffffdffffff
7fffffdffffff
7fffffdffffff
7fffffdffffff
7fffffdffffff
7fffffdffffff
7fffffdffffff
7fffffdffffff
7fffffdffffff
7fffffdffffff
7fffffdffffff
7fffffdffffff
7fffffdffffff
7fffffdffffff
7fffffdffffff
7fffffdffffff
7fffffdffffff
7fffffdffffff
7fffffdffffff
7fffffdffffff
7fffffdffffff
7fffffdffffff
7fffffdffffff
7fffffdffffff
7fffffdffffff
7fffffdffffff
7fffffdffffff
7fffffdffffff
7fffffdffffff
7fffffdffffff
7fffffdffffff
7fffffdffffff
7fffffdffffff
7fffffdffffff
7fffffdffffff
7fffffdffffff
7fffffdffffff
7fffffdffffff
7fffffdffffff
7fffffdffffff
7fffffdffffff
7fffffdffffff
7fffffdffffff
7fffffdffffff
7fffffdffffff
7fffffdffffff
7fffffdffffff
7fffffdffffff
7fffffdffffff
7fffffdffffff
7fffffdffffff
7fffffdffffff
7fffffdffffff
7fffffdffffff
7fffffdffffff
7fffffdffffff
7fffffdffffff
7fffffdffffff
7fffffdffffff
7fffffdffffff
7fffffdffffff
7fffffdffffff
7fffffdffffff
7fffffdffffff
7fffffdffffff
7fffffdffffff
7fffffdffffff
7fffffdffffff
7fffffdffffff
7fffffdffffff
7fffffdffffff
7fffffdffffff
7fffffdffffff
7fffffdffffff
7fffffdffffff
7fffffdffffff
7fffffdffffff
7fffffdffffff
7fffffdffffff
7fffffdffffff
7fffffdffffff
7fffffdffffff
7fffffdffffff
7fffffdffffff
7fffffdffffff
7fffffdffffff
7fffffdffffff
7fffffdffffff
7fffffdffffff
7fffffdffffff
7fffffdffffff
7fffffdffffff
7fffffdffffff
7fffffdffffff
7fffffdffffff
7fffffdffffff
7fffffdffffff
7fffffdffffff
7fffffdffffff
7fffffdffffff
7fffffdffffff
7fffffdffffff
7fffffdffffff
7fffffdffffff
7fffffdffffff
7fffffdffffff
7fffffdffffff
7fffffdffffff
7fffffdffffff
7fffffdffffff
7fffffdffffff
7fffffdffffff
7fffffdffffff
7fffffdffffff
7fffffdffffff
7fffffdffffff
7fffffdffffff
7fffffdffffff
7fffffdffffff
7fffffdffffff
7fffffdffffff
7fffffdffffff
7fffffdffffff
7fffffdffffff
7fffffdffffff
7fffffdffffff
7fffffdffffff
7fffffdffffff
7fffffdffffff
7fffffdffffff
7fffffdffffff
7fffffdffffff
7fffffdffffff
7fffffdffffff
7fffffdffffff
7fffffdffffff
7fffffdffffff
7fffffdffffff
7fffffdffffff
7fffffdffffff
7fffffdffffff
7fffffdffffff
7fffffdffffff
7fffffdffffff
7fffffdffffff
7fffffdffffff
7fffffdffffff
7fffffdffffff
7fffffdffffff
7fffffdffffff
7fffffdffffff
7fffffdffffff
7fffffdffffff
7fffffdffffff
7fffffdffffff
7fffffdffffff
7fffffdffffff
7fffffdffffff
7fffffdffffff
7fffffdffffff
7fffffdffffff
7fffffdffffff
7fffffdffffff
7fffffdffffff
7fffffdffffff
7fffffdffffff
7fffffdffffff
7fffffdffffff
7fffffdffffff
7fffffdffffff
7fffffdffffff
7fffffdffffff
7fffffdffffff
7fffffdffffff
7fffffdffffff
7fffffdffffff
7fffffdffffff
7fffffdffffff
7fffffdffffff
7fffffdffffff
7fffffdffffff
7fffffdffffff
7fffffdffffff
7fffffdffffff
7fffffdffffff
7fffffdffffff
7fffffdffffff
7fffffdffffff
7fffffdffffff
7fffffdffffff
7fffffdffffff
7fffffdffffff
7fffffdffffff
7fffffdffffff
7fffffdffffff
7fffffdffffff
7fffffdffffff
7fffffdffffff
7fffffdffffff
7fffffdffffff
7fffffdffffff
7fffffdffffff
7fffffdffffff
7fffffdffffff
7fffffdffffff
7fffffdffffff
7fffffdffffff
7fffffdffffff
7fffffdffffff
7fffffdffffff
7fffffdffffff
7fffffdffffff
7fffffdffffff
7fffffdffffff
7fffffdffffff
7fffffdffffff
7fffffdffffff
7fffffdffffff
7fffffdffffff
7fffffdffffff
7fffffdffffff
7fffffdffffff
7fffffdffffff
7fffffdffffff
7fffffdffffff
7fffffdffffff
7fffffdffffff
7fffffdffffff
7fffffdffffff
7fffffdffffff
7fffffdffffff
7fffffdffffff
7fffffdffffff
7fffffdffffff
7fffffdffffff
7fffffdffffff
7fffffdffffff
7fffffdffffff
7fffffdffffff
7fffffdffffff
7fffffdffffff
7fffffdffffff
7fffffdffffff
7fffffdffffff
7fffffdffffff
7fffffdffffff
7fffffdffffff
7fffffdffffff
7fffffdffffff
7fffffdffffff
7fffffdffffff
7fffffdffffff
7fffffdffffff
7fffffdffffff
7fffffdffffff
7fffffdffffff
7fffffdffffff
7fffffdffffff
7fffffdffffff
7fffffdffffff
7fffffdffffff
7fffffdffffff
7fffffdffffff
7fffffdffffff
7fffffdffffff
7fffffdffffff
7fffffdffffff
7fffffdffffff
7fffffdffffff
7fffffdffffff
7fffffdffffff
7fffffdffffff
7fffffdffffff
7fffffdffffff
7fffffdffffff
7fffffdffffff
7fffffdffffff
7fffffdffffff
7fffffdffffff
7fffffdffffff
7fffffdffffff
7fffffdffffff
7fffffdffffff
7fffffdffffff
7fffffdffffff
7fffffdffffff
7fffffdffffff
7fffffdffffff
7fffffdffffff
7fffffdffffff
7fffffdffffff
7fffffdffffff
7fffffdffffff
7fffffdffffff
7fffffdffffff
7fffffdffffff
7fffffdffffff
7fffffdffffff
7fffffdffffff
7fffffdffffff
7fffffdffffff
7fffffdffffff
7fffffdffffff
7fffffdffffff
7fffffdffffff
7fffffdffffff
7fffffdffffff
7fffffdffffff
7fffffdffffff
7fffffdffffff
7fffffdffffff
7fffffdffffff
7fffffdffffff
7fffffdffffff
7fffffdffffff
7fffffdffffff
7fffffdffffff
7fffffdffffff
7fffffdffffff
7fffffdffffff
7fffffdffffff
7fffffdffffff
7fffffdffffff
7fffffdffffff
7fffffdffffff
7fffffdffffff
7fffffdffffff
7fffffdffffff
7fffffdffffff
7fffffdffffff
7fffffdffffff
7fffffdffffff
7fffffdffffff
7fffffdffffff
7fffffdffffff
7fffffdffffff
7fffffdffffff
7fffffdffffff
7fffffdffffff
7fffffdffffff
7fffffdffffff
7fffffdffffff
7fffffdffffff
7fffffdffffff
7fffffdffffff
7fffffdffffff
7fffffdffffff
7fffffdffffff
7fffffdffffff
7fffffdffffff
7fffffdffffff
7fffffdffffff
7fffffdffffff
7fffffdffffff
7fffffdffffff
7fffffdffffff
7fffffdffffff
7fffffdffffff
7fffffdffffff
7fffffdffffff
7fffffdffffff
7fffffdffffff
7fffffdffffff
7fffffdffffff
7fffffdffffff
7fffffdffffff
7fffffdffffff
7fffffdffffff
7fffffdffffff
7fffffdffffff
7fffffdffffff
7fffffdffffff
7fffffdffffff
7fffffdffffff
7fffffdffffff
7fffffdffffff
7fffffdffffff
7fffffdffffff
7fffffdffffff
7fffffdffffff
7fffffdffffff
7fffffdffffff
7fffffdffffff
7fffffdffffff
7fffffdffffff
7fffffdffffff
7fffffdffffff
7fffffdffffff
7fffffdffffff
7fffffdffffff
7fffffdffffff
7fffffdffffff
7fffffdffffff
7fffffdffffff
7fffffdffffff
7fffffdffffff
8000002000000
8000002000000
8000002000000
8000002000000
8000002000000
8000002000000
8000002000000
8000002000000
8000002000000
8000002000000
8000002000000
8000002000000
8000002000000
8000002000000
8000002000000
8000002000000
8000002000000
8000002000000
8000002000000
8000002000000
8000002000000
8000002000000
8000002000000
8000002000000
8000002000000
8000002000000
8000002000000
8000002000000
8000002000000
8000002000000
8000002000000
8000002000000
8000002000000
8000002000000
8000002000000
8000002000000
8000002000000
8000002000000
8000002000000
8000002000000
8000002000000
8000002000000
8000002000000
8000002000000
8000002000000
8000002000000
8000002000000
8000002000000
8000002000000
8000002000000
8000002000000
8000002000000
8000002000000
8000002000000
8000002000000
8000002000000
8000002000000
8000002000000
8000002000000
8000002000000
8000002000000
8000002000000
8000002000000
8000002000000
8000002000000
8000002000000
8000002000000
8000002000000
8000002000000
8000002000000
8000002000000
8000002000000
8000002000000
8000002000000
8000002000000
8000002000000
8000002000000
8000002000000
8000002000000
8000002000000
8000002000000
8000002000000
8000002000000
8000002000000
8000002000000
8000002000000
8000002000000
8000002000000
8000002000000
8000002000000
8000002000000
8000002000000
8000002000000
8000002000000
8000002000000
8000002000000
8000002000000
8000002000000
8000002000000
8000002000000
8000002000000
8000002000000
8000002000000
8000002000000
8000002000000
8000002000000
8000002000000
8000002000000
8000002000000
8000002000000
8000002000000
8000002000000
8000002000000
8000002000000
8000002000000
8000002000000
8000002000000
8000002000000
8000002000000
8000002000000
8000002000000
8000002000000
8000002000000
8000002000000
8000002000000
8000002000000
8000002000000
8000002000000
8000002000000
8000002000000
8000002000000
8000002000000
8000002000000
8000002000000
8000002000000
8000002000000
8000002000000
8000002000000
8000002000000
8000002000000
8000002000000
8000002000000
8000002000000
8000002000000
8000002000000
8000002000000
8000002000000
8000002000000
8000002000000
8000002000000
8000002000000
8000002000000
8000002000000
8000002000000
8000002000000
8000002000000
8000002000000
8000002000000
8000002000000
8000002000000
8000002000000
8000002000000
8000002000000
8000002000000
8000002000000
8000002000000
8000002000000
8000002000000
8000002000000
8000002000000
8000002000000
8000002000000
8000002000000
8000002000000
8000002000000
8000002000000
8000002000000
8000002000000
8000002000000
8000002000000
8000002000000
8000002000000
8000002000000
8000002000000
8000002000000
8000002000000
8000002000000
8000002000000
8000002000000
8000002000000
8000002000000
8000002000000
8000002000000
8000002000000
8000002000000
8000002000000
8000002000000
8000002000000
8000002000000
8000002000000
8000002000000
8000002000000
8000002000000
8000002000000
8000002000000
8000002000000
8000002000000
8000002000000
8000002000000
8000002000000
8000002000000
8000002000000
8000002000000
8000002000000
8000002000000
8000002000000
8000002000000
8000002000000
8000002000000
8000002000000
8000002000000
8000002000000
8000002000000
8000002000000
8000002000000
8000002000000
8000002000000
8000002000000
8000002000000
8000002000000
8000002000000
8000002000000
8000002000000
8000002000000
8000002000000
8000002000000
8000002000000
8000002000000
8000002000000
8000002000000
8000002000000
8000002000000
8000002000000
8000002000000
8000002000000
8000002000000
8000002000000
8000002000000
8000002000000
8000002000000
8000002000000
8000002000000
8000002000000
8000002000000
8000002000000
8000002000000
8000002000000
8000002000000
8000002000000
8000002000000
8000002000000
8000002000000
8000002000000
8000002000000
8000002000000
8000002000000
8000002000000
8000002000000
8000002000000
8000002000000
8000002000000
8000002000000
8000002000000
8000002000000
8000002000000
8000002000000
8000002000000
8000002000000
8000002000000
8000002000000
8000002000000
8000002000000
8000002000000
8000002000000
8000002000000
8000002000000
8000002000000
8000002000000
8000002000000
8000002000000
8000002000000
8000002000000
8000002000000
8000002000000
8000002000000
8000002000000
8000002000000
8000002000000
8000002000000
8000002000000
8000002000000
8000002000000
8000002000000
8000002000000
8000002000000
8000002000000
8000002000000
8000002000000
8000002000000
8000002000000
8000002000000
8000002000000
8000002000000
8000002000000
8000002000000
8000002000000
8000002000000
8000002000000
8000002000000
8000002000000
8000002000000
8000002000000
8000002000000
8000002000000
8000002000000
8000002000000
8000002000000
8000002000000
8000002000000
8000002000000
8000002000000
8000002000000
8000002000000
8000002000000
8000002000000
8000002000000
8000002000000
8000002000000
8000002000000
8000002000000
8000002000000
8000002000000
8000002000000
8000002000000
8000002000000
8000002000000
8000002000000
8000002000000
8000002000000
8000002000000
8000002000000
8000002000000
8000002000000
8000002000000
8000002000000
8000002000000
8000002000000
8000002000000
8000002000000
8000002000000
8000002000000
8000002000000
8000002000000
8000002000000
8000002000000
8000002000000
8000002000000
8000002000000
8000002000000
8000002000000
8000002000000
8000002000000
8000002000000
8000002000000
8000002000000
8000002000000
8000002000000
8000002000000
8000002000000
8000002000000
8000002000000
8000002000000
8000002000000
8000002000000
8000002000000
8000002000000
8000002000000
8000002000000
8000002000000
8000002000000
8000002000000
8000002000000
8000002000000
8000002000000
8000002000000
8000002000000
8000002000000
8000002000000
8000002000000
8000002000000
8000002000000
8000002000000
8000002000000
8000002000000
8000002000000
8000002000000
8000002000000
8000002000000
8000002000000
8000002000000
8000002000000
8000002000000
8000002000000
8000002000000
8000002000000
8000002000000
8000002000000
8000002000000
8000002000000
8000002000000
8000002000000
8000002000000
8000002000000
8000002000000
8000002000000
8000002000000
8000002000000
8000002000000
8000002000000
8000002000000
8000002000000
8000002000000
8000002000000
8000002000000
8000002000000
8000002000000
8000002000000
8000002000000
8000002000000
8000002000000
8000002000000
8000002000000
8000002000000
8000002000000
8000002000000
8000002000000
8000002000000
8000002000000
8000002000000
8000002000000
8000002000000
8000002000000
8000002000000
8000002000000
8000002000000
8000002000000
8000002000000
8000002000000
8000002000000
8000002000000
8000002000000
8000002000000
8000002000000
8000002000000
8000002000000
8000002000000
8000002000000
8000002000000
8000002000000
8000002000000
8000002000000
8000002000000
8000002000000
8000002000000
8000002000000
8000002000000
8000002000000
8000002000000
8000002000000
8000002000000
8000002000000
8000002000000
8000002000000
8000002000000
8000002000000
8000002000000
8000002000000
8000002000000
8000002000000
8000002000000
8000002000000
8000002000000
8000002000000
8000002000000
8000002000000
8000002000000
8000002000000
8000002000000
8000002000000
8000002000000
8000002000000
8000002000000
8000002000000
8000002000000
8000002000000
8000002000000
8000002000000
8000002000000
8000002000000
8000002000000
8000002000000
8000002000000
8000002000000
8000002000000
8000002000000
8000002000000
8000002000000
8000002000000
8000002000000
8000002000000
8000002000000
8000002000000
8000002000000
8000002000000
8000002000000
8000002000000
8000002000000
8000002000000
8000002000000
8000002000000
8000002000000
8000002000000
8000002000000
8000002000000
8000002000000
8000002000000
8000002000000
8000002000000
8000002000000
8000002000000
8000002000000
8000002000000
8000002000000
8000002000000
8000002000000
8000002000000
8000002000000
8000002000000
8000002000000
8000002000000
8000002000000
8000002000000
8000002000000
8000002000000
8000002000000
8000002000000
8000002000000
8000002000000
8000002000000
8000002000000
8000002000000
8000002000000
8000002000000
8000002000000
8000002000000
8000002000000
8000002000000
8000002000000
8000002000000
8000002000000
8000002000000
8000002000000
8000002000000
8000002000000
8000002000000
8000002000000
8000002000000
8000002000000
8000002000000
8000002000000
8000002000000
8000002000000
8000002000000
8000002000000
8000002000000
8000002000000
8000002000000
8000002000000
8000002000000
8000002000000
8000002000000
8000002000000
8000002000000
8000002000000
8000002000000
8000002000000
8000002000000
8000002000000
8000002000000
8000002000000
8000002000000
8000002000000
8000002000000
8000002000000
8000002000000
8000002000000
8000002000000
8000002000000
8000002000000
8000002000000
8000002000000
8000002000000
8000002000000
8000002000000
8000002000000
8000002000000
8000002000000
8000002000000
8000002000000
8000002000000
8000002000000
8000002000000
8000002000000
8000002000000
8000002000000
8000002000000
8000002000000
8000002000000
8000002000000
8000002000000
8000002000000
8000002000000
8000002000000
8000002000000
8000002000000
8000002000000
8000002000000
8000002000000
8000002000000
8000002000000
8000002000000
8000002000000
8000002000000
8000002000000
8000002000000
8000002000000
8000002000000
8000002000000
8000002000000
8000002000000
8000002000000
8000002000000
8000002000000
8000002000000
8000002000000
8000002000000
8000002000000
8000002000000
8000002000000
8000002000000
8000002000000
8000002000000
8000002000000
8000002000000
8000002000000
8000002000000
8000002000000
8000002000000
8000002000000
8000002000000
8000002000000
8000002000000
8000002000000
8000002000000
8000002000000
8000002000000
8000002000000
8000002000000
8000002000000
8000002000000
8000002000000
8000002000000
8000002000000
8000002000000
8000002000000
8000002000000
8000002000000
8000002000000
8000002000000
8000002000000
8000002000000
8000002000000
8000002000000
8000002000000
8000002000000
8000002000000
8000002000000
8000002000000
8000002000000
8000002000000
8000002000000
8000002000000
8000002000000
8000002000000
8000002000000
8000002000000
8000002000000
8000002000000
8000002000000
8000002000000
8000002000000
8000002000000
8000002000000
8000002000000
8000002000000
8000002000000
8000002000000
8000002000000
8000002000000
8000002000000
8000002000000
8000002000000
8000002000000
8000002000000
8000002000000
8000002000000
8000002000000
8000002000000
8000002000000
8000002000000
8000002000000
8000002000000
8000002000000
8000002000000
8000002000000
8000002000000
8000002000000
8000002000000
8000002000000
8000002000000
8000002000000
8000002000000
8000002000000
8000002000000
8000002000000
8000002000000
8000002000000
8000002000000
8000002000000
8000002000000
8000002000000
8000002000000
8000002000000
8000002000000
8000002000000
8000002000000
8000002000000
8000002000000
8000002000000
8000002000000
8000002000000
8000002000000
8000002000000
8000002000000
8000002000000
8000002000000
8000002000000
8000002000000
8000002000000
8000002000000
8000002000000
8000002000000
8000002000000
8000002000000
8000002000000
8000002000000
8000002000000
8000002000000
8000002000000
8000002000000
8000002000000
8000002000000
8000002000000
8000002000000
8000002000000
8000002000000
8000002000000
8000002000000
8000002000000
8000002000000
8000002000000
8000002000000
8000002000000
8000002000000
8000002000000
8000002000000
8000002000000
8000002000000
8000002000000
8000002000000
8000002000000
8000002000000
8000002000000
8000002000000
8000002000000
8000002000000
8000002000000
8000002000000
8000002000000
8000002000000
8000002000000
8000002000000
8000002000000
8000002000000
8000002000000
8000002000000
8000002000000
8000002000000
8000002000000
8000002000000
8000002000000
8000002000000
8000002000000
8000002000000
8000002000000
8000002000000
8000002000000
8000002000000
8000002000000
8000002000000
8000002000000
8000002000000
8000002000000
8000002000000
8000002000000
8000002000000
8000002000000
8000002000000
8000002000000
8000002000000
8000002000000
8000002000000
8000002000000
8000002000000
8000002000000
8000002000000
8000002000000
8000002000000
8000002000000
8000002000000
8000002000000
8000002000000
8000002000000
8000002000000
8000002000000
8000002000000
8000002000000
8000002000000
8000002000000
8000002000000
8000002000000
8000002000000
8000002000000
8000002000000
8000002000000
8000002000000
8000002000000
8000002000000
8000002000000
8000002000000
8000002000000
8000002000000
8000002000000
8000002000000
8000002000000
8000002000000
8000002000000
8000002000000
8000002000000
8000002000000
8000002000000
8000002000000
8000002000000
8000002000000
8000002000000
8000002000000
8000002000000
8000002000000
8000002000000
8000002000000
8000002000000
8000002000000
8000002000000
8000002000000
8000002000000
8000002000000
8000002000000
8000002000000
8000002000000
8000002000000
8000002000000
8000002000000
8000002000000
8000002000000
8000002000000
8000002000000
8000002000000
8000002000000
8000002000000
8000002000000
8000002000000
8000002000000
8000002000000
8000002000000
8000002000000
8000002000000
8000002000000
8000002000000
8000002000000
8000002000000
8000002000000
8000002000000
8000002000000
8000002000000
8000002000000
8000002000000
8000002000000
8000002000000
8000002000000
8000002000000
8000002000000
8000002000000
8000002000000
8000002000000
8000002000000
8000002000000
8000002000000
8000002000000
8000002000000
8000002000000
8000002000000
8000002000000
8000002000000
8000002000000
8000002000000
8000002000000
8000002000000
8000002000000
8000002000000
8000002000000
8000002000000
8000002000000
8000002000000
8000002000000
8000002000000
8000002000000
8000002000000
8000002000000
8000002000000
8000002000000
8000002000000
8000002000000
8000002000000
8000002000000
8000002000000
8000002000000
8000002000000
8000002000000
8000002000000
8000002000000
8000002000000
8000002000000
8000002000000
8000002000000
8000002000000
8000002000000
8000002000000
8000002000000
8000002000000
8000002000000
8000002000000
8000002000000
8000002000000
8000002000000
8000002000000
8000002000000
8000002000000
8000002000000
8000002000000
8000002000000
8000002000000
8000002000000
8000002000000
8000002000000
8000002000000
8000002000000
8000002000000
8000002000000
8000002000000
8000002000000
8000002000000
8000002000000
8000002000000
8000002000000
8000002000000
8000002000000
8000002000000
8000002000000
8000002000000
8000002000000
8000002000000
8000002000000
8000002000000
8000002000000
8000002000000
8000002000000
8000002000000
8000002000000
8000002000000
8000002000000
8000002000000
8000002000000
8000002000000
8000002000000
8000002000000
8000002000000
8000002000000
8000002000000
8000002000000
8000002000000
8000002000000
8000002000000
8000002000000
8000002000000
8000002000000
8000002000000
8000002000000
8000002000000
8000002000000
8000002000000
8000002000000
8000002000000
8000002000000
8000002000000
8000002000000
8000002000000
8000002000000
8000002000000
8000002000000
8000002000000
8000002000000
8000002000000
8000002000000
8000002000000
8000002000000
8000002000000
8000002000000
8000002000000
8000002000000
8000002000000
8000002000000
8000002000000
8000002000000
8000002000000
8000002000000
8000002000000
8000002000000
8000002000000
8000002000000
8000002000000
8000002000000
8000002000000
8000002000000
8000002000000
8000002000000
8000002000000
8000002000000
8000002000000
8000002000000
8000002000000
8000002000000
8000002000000
8000002000000
8000002000000
8000002000000
8000002000000
8000002000000
8000002000000
8000002000000
8000002000000
8000002000000
8000002000000
8000002000000
8000002000000
8000002000000
8000002000000
8000002000000
8000002000000
8000002000000
8000002000000
8000002000000
8000002000000
8000002000000
8000002000000
8000002000000
8000002000000
8000002000000
8000002000000
8000002000000
8000002000000
8000002000000
8000002000000
8000002000000
8000002000000
8000002000000
8000002000000
8000002000000
8000002000000
8000002000000
8000002000000
8000002000000
8000002000000
8000002000000
8000002000000
8000002000000
8000002000000
8000002000000
8000002000000
8000002000000
8000002000000
8000002000000
8000002000000
8000002000000
8000002000000
8000002000000
8000002000000
8000002000000
8000002000000
8000002000000
8000002000000
8000002000000
8000002000000
8000002000000
8000002000000
8000002000000
8000002000000
8000002000000
8000002000000
8000002000000
8000002000000
8000002000000
8000002000000
8000002000000
8000002000000
8000002000000
8000002000000
8000002000000
8000002000000
8000002000000
8000002000000
8000002000000
8000002000000
8000002000000
8000002000000
8000002000000
8000002000000
8000002000000
8000002000000
8000002000000
8000002000000
8000002000000
8000002000000
8000002000000
8000002000000
8000002000000
8000002000000
8000002000000
8000002000000
8000002000000
8000002000000
8000002000000
8000002000000
8000002000000
8000002000000
8000002000000
8000002000000
8000002000000
8000002000000
8000002000000
8000002000000
8000002000000
8000002000000
8000002000000
8000002000000
8000002000000
8000002000000
8000002000000
8000002000000
8000002000000
8000002000000
8000002000000
8000002000000
8000002000000
8000002000000
8000002000000
8000002000000
8000002000000
8000002000000
8000002000000
8000002000000
8000002000000
8000002000000
8000002000000
8000002000000
8000002000000
8000002000000
8000002000000
8000002000000
8000002000000
8000002000000
8000002000000
8000002000000
8000002000000
8000002000000
8000002000000
8000002000000
8000002000000
8000002000000
8000002000000
8000002000000
8000002000000
8000002000000
8000002000000
8000002000000
8000002000000
8000002000000
8000002000000
8000002000000
8000002000000
8000002000000
8000002000000
8000002000000
8000002000000
8000002000000
8000002000000
8000002000000
8000002000000
8000002000000
8000002000000
8000002000000
8000002000000
8000002000000
8000002000000
8000002000000
8000002000000
8000002000000
8000002000000
8000002000000
8000002000000
8000002000000
8000002000000
8000002000000
8000002000000
8000002000000
8000002000000
8000002000000
8000002000000
8000002000000
8000002000000
8000002000000
8000002000000
8000002000000
8000002000000
8000002000000
8000002000000
8000002000000
8000002000000
8000002000000
8000002000000
8000002000000
8000002000000
8000002000000
8000002000000
8000002000000
8000002000000
8000002000000
8000002000000
8000002000000
8000002000000
8000002000000
8000002000000
8000002000000
8000002000000
8000002000000
8000002000000
8000002000000
8000002000000
8000002000000
8000002000000
8000002000000
8000002000000
8000002000000
8000002000000
8000002000000
8000002000000
8000002000000
8000002000000
8000002000000
8000002000000
8000002000000
8000002000000
8000002000000
8000002000000
8000002000000
8000002000000
8000002000000
8000002000000
8000002000000
8000002000000
8000002000000
8000002000000
8000002000000
8000002000000
8000002000000
8000002000000
8000002000000
8000002000000
8000002000000
8000002000000
8000002000000
8000002000000
8000002000000
8000002000000
8000002000000
8000002000000
8000002000000
8000002000000
8000002000000
8000002000000
8000002000000
8000002000000
8000002000000
8000002000000
8000002000000
8000002000000
8000002000000
8000002000000
8000002000000
8000002000000
8000002000000
8000002000000
8000002000000
8000002000000
8000002000000
8000002000000
8000002000000
8000002000000
8000002000000
8000002000000
8000002000000
8000002000000
8000002000000
8000002000000
8000002000000
8000002000000
8000002000000
8000002000000
8000002000000
8000002000000
8000002000000
8000002000000
8000002000000
8000002000000
8000002000000
8000002000000
8000002000000
8000002000000
8000002000000
8000002000000
8000002000000
8000002000000
8000002000000
8000002000000
8000002000000
8000002000000
8000002000000
8000002000000
8000002000000
8000002000000
8000002000000
8000002000000
8000002000000
8000002000000
8000002000000
8000002000000
8000002000000
8000002000000
8000002000000
8000002000000
8000002000000
8000002000000
8000002000000
8000002000000
8000002000000
8000002000000
8000002000000
8000002000000
8000002000000
8000002000000
8000002000000
8000002000000
8000002000000
8000002000000
8000002000000
8000002000000
8000002000000
8000002000000
8000002000000
8000002000000
8000002000000
8000002000000
8000002000000
8000002000000
8000002000000
8000002000000
8000002000000
8000002000000
8000002000000
8000002000000
8000002000000
8000002000000
8000002000000
8000002000000
8000002000000
8000002000000
8000002000000
8000002000000
8000002000000
8000002000000
8000002000000
8000002000000
8000002000000
8000002000000
8000002000000
8000002000000
8000002000000
8000002000000
8000002000000
8000002000000
8000002000000
8000002000000
8000002000000
8000002000000
8000002000000
8000002000000
8000002000000
8000002000000
8000002000000
8000002000000
8000002000000
8000002000000
8000002000000
8000002000000
8000002000000
8000002000000
8000002000000
8000002000000
8000002000000
8000002000000
8000002000000
8000002000000
8000002000000
8000002000000
8000002000000
8000002000000
8000002000000
8000002000000
8000002000000
8000002000000
8000002000000
8000002000000
8000002000000
8000002000000
8000002000000
8000002000000
8000002000000
8000002000000
8000002000000
8000002000000
8000002000000
8000002000000
8000002000000
8000002000000
8000002000000
8000002000000
8000002000000
8000002000000
8000002000000
8000002000000
8000002000000
8000002000000
8000002000000
8000002000000
8000002000000
8000002000000
8000002000000
8000002000000
8000002000000
8000002000000
8000002000000
8000002000000
8000002000000
8000002000000
8000002000000
8000002000000
8000002000000
8000002000000
8000002000000
8000002000000
8000002000000
8000002000000
8000002000000
8000002000000
8000002000000
8000002000000
8000002000000
8000002000000
8000002000000
8000002000000
8000002000000
8000002000000
8000002000000
8000002000000
8000002000000
8000002000000
8000002000000
8000002000000
8000002000000
8000002000000
8000002000000
8000002000000
8000002000000
8000002000000
8000002000000
8000002000000
8000002000000
8000002000000
8000002000000
8000002000000
8000002000000
8000002000000
8000002000000
8000002000000
8000002000000
8000002000000
8000002000000
8000002000000
8000002000000
8000002000000
8000002000000
8000002000000
8000002000000
8000002000000
8000002000000
8000002000000
8000002000000
8000002000000
8000002000000
8000002000000
8000002000000
8000002000000
8000002000000
8000002000000
8000002000000
8000002000000
8000002000000
8000002000000
8000002000000
8000002000000
8000002000000
8000002000000
8000002000000
8000002000000
8000002000000
8000002000000
8000002000000
8000002000000
8000002000000
8000002000000
8000002000000
8000002000000
8000002000000
8000002000000
8000002000000
8000002000000
8000002000000
8000002000000
8000002000000
8000002000000
8000002000000
8000002000000
8000002000000
8000002000000
8000002000000
8000002000000
8000002000000
8000002000000
8000002000000
8000002000000
8000002000000
8000002000000
8000002000000
8000002000000
8000002000000
8000002000000
8000002000000
8000002000000
8000002000000
8000002000000
8000002000000
8000002000000
8000002000000
8000002000000
8000002000000
8000002000000
8000002000000
8000002000000
8000002000000
8000002000000
8000002000000
8000002000000
8000002000000
8000002000000
8000002000000
8000002000000
8000002000000
8000002000000
8000002000000
8000002000000
8000002000000
8000002000000
8000002000000
8000002000000
8000002000000
8000002000000
8000002000000
8000002000000
8000002000000
8000002000000
8000002000000
8000002000000
8000002000000
8000002000000
8000002000000
8000002000000
8000002000000
8000002000000
8000002000000
8000002000000
8000002000000
8000002000000
8000002000000
8000002000000
8000002000000
8000002000000
8000002000000
8000002000000
8000002000000
8000002000000
8000002000000
8000002000000
8000002000000
8000002000000
8000002000000
8000002000000
8000002000000
8000002000000
8000002000000
8000002000000
8000002000000
8000002000000
8000002000000
8000002000000
8000002000000
8000002000000
8000002000000
8000002000000
8000002000000
8000002000000
8000002000000
8000002000000
8000002000000
8000002000000
8000002000000
8000002000000
8000002000000
8000002000000
8000002000000
8000002000000
8000002000000
8000002000000
8000002000000
8000002000000
8000002000000
8000002000000
8000002000000
8000002000000
8000002000000
8000002000000
8000002000000
8000002000000
8000002000000
8000002000000
8000002000000
8000002000000
8000002000000
8000002000000
8000002000000
8000002000000
8000002000000
8000002000000
8000002000000
8000002000000
8000002000000
8000002000000
8000002000000
8000002000000
8000002000000
8000002000000
8000002000000
8000002000000
8000002000000
8000002000000
8000002000000
8000002000000
8000002000000
8000002000000
8000002000000
8000002000000
8000002000000
8000002000000
8000002000000
8000002000000
8000002000000
8000002000000
8000002000000
8000002000000
8000002000000
8000002000000
8000002000000
8000002000000
8000002000000
8000002000000
8000002000000
8000002000000
8000002000000
8000002000000
8000002000000
8000002000000
8000002000000
8000002000000
8000002000000
8000002000000
8000002000000
8000002000000
8000002000000
8000002000000
8000002000000
8000002000000
8000002000000
8000002000000
8000002000000
8000002000000
8000002000000
8000002000000
8000002000000
8000002000000
8000002000000
8000002000000
8000002000000
8000002000000
8000002000000
8000002000000
8000002000000
8000002000000
8000002000000
8000002000000
8000002000000
8000002000000
8000002000000
8000002000000
8000002000000
8000002000000
8000002000000
8000002000000
8000002000000
8000002000000
8000002000000
8000002000000
8000002000000
8000002000000
8000002000000
8000002000000
8000002000000
8000002000000
8000002000000
8000002000000
8000002000000
8000002000000
8000002000000
8000002000000
8000002000000
8000002000000
8000002000000
8000002000000
8000002000000
8000002000000
8000002000000
8000002000000
8000002000000
8000002000000
8000002000000
8000002000000
8000002000000
8000002000000
8000002000000
8000002000000
8000002000000
8000002000000
8000002000000
8000002000000
8000002000000
8000002000000
8000002000000
8000002000000
8000002000000
8000002000000
8000002000000
8000002000000
8000002000000
8000002000000
8000002000000
8000002000000
8000002000000
8000002000000
8000002000000
8000002000000
8000002000000
8000002000000
8000002000000
8000002000000
8000002000000
8000002000000
8000002000000
8000002000000
8000002000000
8000002000000
8000002000000
8000002000000
8000002000000
8000002000000
8000002000000
8000002000000
8000002000000
8000002000000
8000002000000
8000002000000
8000002000000
8000002000000
8000002000000
8000002000000
8000002000000
8000002000000
8000002000000
8000002000000
8000002000000
8000002000000
8000002000000
8000002000000
8000002000000
8000002000000
8000002000000
8000002000000
8000002000000
8000002000000
8000002000000
8000002000000
8000002000000
8000002000000
8000002000000
8000002000000
8000002000000
8000002000000
8000002000000
8000002000000
8000002000000
8000002000000
8000002000000
8000002000000
8000002000000
8000002000000
8000002000000
8000002000000
8000002000000
8000002000000
8000002000000
8000002000000
8000002000000
8000002000000
8000002000000
8000002000000
8000002000000
8000002000000
8000002000000
8000002000000
8000002000000
8000002000000
8000002000000
8000002000000
8000002000000
8000002000000
8000002000000
8000002000000
8000002000000
8000002000000
8000002000000
8000002000000
8000002000000
8000002000000
8000002000000
8000002000000
8000002000000
8000002000000
8000002000000
8000002000000
8000002000000
8000002000000
8000002000000
8000002000000
8000002000000
8000002000000
8000002000000
8000002000000
8000002000000
8000002000000
8000002000000
8000002000000
8000002000000
8000002000000
8000002000000
8000002000000
8000002000000
8000002000000
8000002000000
8000002000000
8000002000000
8000002000000
8000002000000
8000002000000
8000002000000
8000002000000
8000002000000
8000002000000
8000002000000
8000002000000
8000002000000
8000002000000
8000002000000
8000002000000
8000002000000
8000002000000
8000002000000
8000002000000
8000002000000
8000002000000
8000002000000
8000002000000
8000002000000
8000002000000
8000002000000
8000002000000
8000002000000
8000002000000
8000002000000
8000002000000
8000002000000
8000002000000
8000002000000
8000002000000
8000002000000
8000002000000
8000002000000
8000002000000
8000002000000
8000002000000
8000002000000
8000002000000
8000002000000
8000002000000
8000002000000
8000002000000
8000002000000
8000002000000
8000002000000
8000002000000
8000002000000
8000002000000
8000002000000
8000002000000
8000002000000
8000002000000
8000002000000
8000002000000
8000002000000
8000002000000
8000002000000
8000002000000
8000002000000
8000002000000
8000002000000
8000002000000
8000002000000
8000002000000
8000002000000
8000002000000
8000002000000
8000002000000
8000002000000
8000002000000
8000002000000
8000002000000
8000002000000
8000002000000
8000002000000
8000002000000
8000002000000
8000002000000
8000002000000
8000002000000
8000002000000
8000002000000
8000002000000
8000002000000
8000002000000
8000002000000
8000002000000
8000002000000
8000002000000
7fffffe000000
8000001ffffff
7fffffe000000
8000001ffffff
7fffffe000000
8000001ffffff
7fffffe000000
8000001ffffff
7fffffe000000
8000001ffffff
7fffffe000000
8000001ffffff
7fffffe000000
8000001ffffff
7fffffe000000
8000001ffffff
7fffffe000000
8000001ffffff
7fffffe000000
8000001ffffff
7fffffe000000
8000001ffffff
7fffffe000000
8000001ffffff
7fffffe000000
8000001ffffff
7fffffe000000
8000001ffffff
7fffffe000000
8000001ffffff
7fffffe000000
8000001ffffff
7fffffe000000
8000001ffffff
7fffffe000000
8000001ffffff
7fffffe000000
8000001ffffff
7fffffe000000
8000001ffffff
7fffffe000000
8000001ffffff
7fffffe000000
8000001ffffff
7fffffe000000
8000001ffffff
7fffffe000000
8000001ffffff
7fffffe000000
8000001ffffff
7fffffe000000
8000001ffffff
7fffffe000000
8000001ffffff
7fffffe000000
8000001ffffff
7fffffe000000
8000001ffffff
7fffffe000000
8000001ffffff
7fffffe000000
8000001ffffff
7fffffe000000
8000001ffffff
7fffffe000000
8000001ffffff
7fffffe000000
8000001ffffff
7fffffe000000
8000001ffffff
7fffffe000000
8000001ffffff
7fffffe000000
8000001ffffff
7fffffe000000
8000001ffffff
7fffffe000000
8000001ffffff
7fffffe000000
8000001ffffff
7fffffe000000
8000001ffffff
7fffffe000000
8000001ffffff
7fffffe000000
8000001ffffff
7fffffe000000
8000001ffffff
7fffffe000000
8000001ffffff
7fffffe000000
8000001ffffff
7fffffe000000
8000001ffffff
7fffffe000000
8000001ffffff
7fffffe000000
8000001ffffff
7fffffe000000
8000001ffffff
7fffffe000000
8000001ffffff
7fffffe000000
8000001ffffff
7fffffe000000
8000001ffffff
7fffffe000000
8000001ffffff
7fffffe000000
8000001ffffff
7fffffe000000
8000001ffffff
7fffffe000000
8000001ffffff
7fffffe000000
8000001ffffff
7fffffe000000
8000001ffffff
7fffffe000000
8000001ffffff
7fffffe000000
8000001ffffff
7fffffe000000
8000001ffffff
7fffffe000000
8000001ffffff
7fffffe000000
8000001ffffff
7fffffe000000
8000001ffffff
7fffffe000000
8000001ffffff
7fffffe000000
8000001ffffff
7fffffe000000
8000001ffffff
7fffffe000000
8000001ffffff
7fffffe000000
8000001ffffff
7fffffe000000
8000001ffffff
7fffffe000000
8000001ffffff
7fffffe000000
8000001ffffff
7fffffe000000
8000001ffffff
7fffffe000000
8000001ffffff
7fffffe000000
8000001ffffff
7fffffe000000
8000001ffffff
7fffffe000000
8000001ffffff
7fffffe000000
8000001ffffff
7fffffe000000
8000001ffffff
7fffffe000000
8000001ffffff
7fffffe000000
8000001ffffff
7fffffe000000
8000001ffffff
7fffffe000000
8000001ffffff
7fffffe000000
8000001ffffff
7fffffe000000
8000001ffffff
7fffffe000000
8000001ffffff
7fffffe000000
8000001ffffff
7fffffe000000
8000001ffffff
7fffffe000000
8000001ffffff
7fffffe000000
8000001ffffff
7fffffe000000
8000001ffffff
7fffffe000000
8000001ffffff
7fffffe000000
8000001ffffff
7fffffe000000
8000001ffffff
7fffffe000000
8000001ffffff
7fffffe000000
8000001ffffff
7fffffe000000
8000001ffffff
7fffffe000000
8000001ffffff
7fffffe000000
8000001ffffff
7fffffe000000
8000001ffffff
7fffffe000000
8000001ffffff
7fffffe000000
8000001ffffff
7fffffe000000
8000001ffffff
7fffffe000000
8000001ffffff
7fffffe000000
8000001ffffff
7fffffe000000
8000001ffffff
7fffffe000000
8000001ffffff
7fffffe000000
8000001ffffff
7fffffe000000
8000001ffffff
7fffffe000000
8000001ffffff
7fffffe000000
8000001ffffff
7fffffe000000
8000001ffffff
7fffffe000000
8000001ffffff
7fffffe000000
8000001ffffff
7fffffe000000
8000001ffffff
7fffffe000000
8000001ffffff
7fffffe000000
8000001ffffff
7fffffe000000
8000001ffffff
7fffffe000000
8000001ffffff
7fffffe000000
8000001ffffff
7fffffe000000
8000001ffffff
7fffffe000000
8000001ffffff
7fffffe000000
8000001ffffff
7fffffe000000
8000001ffffff
7fffffe000000
8000001ffffff
7fffffe000000
8000001ffffff
7fffffe000000
8000001ffffff
7fffffe000000
8000001ffffff
7fffffe000000
8000001ffffff
7fffffe000000
8000001ffffff
7fffffe000000
8000001ffffff
7fffffe000000
8000001ffffff
7fffffe000000
8000001ffffff
7fffffe000000
8000001ffffff
7fffffe000000
8000001ffffff
7fffffe000000
8000001ffffff
7fffffe000000
8000001ffffff
7fffffe000000
8000001ffffff
7fffffe000000
8000001ffffff
7fffffe000000
8000001ffffff
7fffffe000000
8000001ffffff
7fffffe000000
8000001ffffff
7fffffe000000
8000001ffffff
7fffffe000000
8000001ffffff
7fffffe000000
8000001ffffff
7fffffe000000
8000001ffffff
7fffffe000000
8000001ffffff
7fffffe000000
8000001ffffff
7fffffe000000
8000001ffffff
7fffffe000000
8000001ffffff
7fffffe000000
8000001ffffff
7fffffe000000
8000001ffffff
7fffffe000000
8000001ffffff
7fffffe000000
8000001ffffff
7fffffe000000
8000001ffffff
7fffffe000000
8000001ffffff
7fffffe000000
8000001ffffff
7fffffe000000
8000001ffffff
7fffffe000000
8000001ffffff
7fffffe000000
8000001ffffff
7fffffe000000
8000001ffffff
7fffffe000000
8000001ffffff
7fffffe000000
8000001ffffff
7fffffe000000
8000001ffffff
7fffffe000000
8000001ffffff
7fffffe000000
8000001ffffff
7fffffe000000
8000001ffffff
7fffffe000000
8000001ffffff
7fffffe000000
8000001ffffff
7fffffe000000
8000001ffffff
7fffffe000000
8000001ffffff
7fffffe000000
8000001ffffff
7fffffe000000
8000001ffffff
7fffffe000000
8000001ffffff
7fffffe000000
8000001ffffff
7fffffe000000
8000001ffffff
7fffffe000000
8000001ffffff
7fffffe000000
8000001ffffff
7fffffe000000
8000001ffffff
7fffffe000000
8000001ffffff
7fffffe000000
8000001ffffff
7fffffe000000
8000001ffffff
7fffffe000000
8000001ffffff
7fffffe000000
8000001ffffff
7fffffe000000
8000001ffffff
7fffffe000000
8000001ffffff
7fffffe000000
8000001ffffff
7fffffe000000
8000001ffffff
7fffffe000000
8000001ffffff
7fffffe000000
8000001ffffff
7fffffe000000
8000001ffffff
7fffffe000000
8000001ffffff
7fffffe000000
8000001ffffff
7fffffe000000
8000001ffffff
7fffffe000000
8000001ffffff
7fffffe000000
8000001ffffff
7fffffe000000
8000001ffffff
7fffffe000000
8000001ffffff
7fffffe000000
8000001ffffff
7fffffe000000
8000001ffffff
7fffffe000000
8000001ffffff
7fffffe000000
8000001ffffff
7fffffe000000
8000001ffffff
7fffffe000000
8000001ffffff
7fffffe000000
8000001ffffff
7fffffe000000
8000001ffffff
7fffffe000000
8000001ffffff
7fffffe000000
8000001ffffff
7fffffe000000
8000001ffffff
7fffffe000000
8000001ffffff
7fffffe000000
8000001ffffff
7fffffe000000
8000001ffffff
7fffffe000000
8000001ffffff
7fffffe000000
8000001ffffff
7fffffe000000
8000001ffffff
7fffffe000000
8000001ffffff
7fffffe000000
8000001ffffff
7fffffe000000
8000001ffffff
7fffffe000000
8000001ffffff
7fffffe000000
8000001ffffff
7fffffe000000
8000001ffffff
7fffffe000000
8000001ffffff
7fffffe000000
8000001ffffff
7fffffe000000
8000001ffffff
7fffffe000000
8000001ffffff
7fffffe000000
8000001ffffff
7fffffe000000
8000001ffffff
7fffffe000000
8000001ffffff
7fffffe000000
8000001ffffff
7fffffe000000
8000001ffffff
7fffffe000000
8000001ffffff
7fffffe000000
8000001ffffff
7fffffe000000
8000001ffffff
7fffffe000000
8000001ffffff
7fffffe000000
8000001ffffff
7fffffe000000
8000001ffffff
7fffffe000000
8000001ffffff
7fffffe000000
8000001ffffff
7fffffe000000
8000001ffffff
7fffffe000000
8000001ffffff
7fffffe000000
8000001ffffff
7fffffe000000
8000001ffffff
7fffffe000000
8000001ffffff
7fffffe000000
8000001ffffff
7fffffe000000
8000001ffffff
7fffffe000000
8000001ffffff
7fffffe000000
8000001ffffff
7fffffe000000
8000001ffffff
7fffffe000000
8000001ffffff
7fffffe000000
8000001ffffff
7fffffe000000
8000001ffffff
7fffffe000000
8000001ffffff
7fffffe000000
8000001ffffff
7fffffe000000
8000001ffffff
7fffffe000000
8000001ffffff
7fffffe000000
8000001ffffff
7fffffe000000
8000001ffffff
7fffffe000000
8000001ffffff
7fffffe000000
8000001ffffff
7fffffe000000
8000001ffffff
7fffffe000000
8000001ffffff
7fffffe000000
8000001ffffff
7fffffe000000
8000001ffffff
7fffffe000000
8000001ffffff
7fffffe000000
8000001ffffff
7fffffe000000
8000001ffffff
7fffffe000000
8000001ffffff
7fffffe000000
8000001ffffff
7fffffe000000
8000001ffffff
7fffffe000000
8000001ffffff
7fffffe000000
8000001ffffff
7fffffe000000
8000001ffffff
7fffffe000000
8000001ffffff
7fffffe000000
8000001ffffff
7fffffe000000
8000001ffffff
7fffffe000000
8000001ffffff
7fffffe000000
8000001ffffff
7fffffe000000
8000001ffffff
7fffffe000000
8000001ffffff
7fffffe000000
8000001ffffff
7fffffe000000
8000001ffffff
7fffffe000000
8000001ffffff
7fffffe000000
8000001ffffff
7fffffe000000
8000001ffffff
7fffffe000000
8000001ffffff
7fffffe000000
8000001ffffff
7fffffe000000
8000001ffffff
7fffffe000000
8000001ffffff
7fffffe000000
8000001ffffff
7fffffe000000
8000001ffffff
7fffffe000000
8000001ffffff
7fffffe000000
8000001ffffff
7fffffe000000
8000001ffffff
7fffffe000000
8000001ffffff
7fffffe000000
8000001ffffff
7fffffe000000
8000001ffffff
7fffffe000000
8000001ffffff
7fffffe000000
8000001ffffff
7fffffe000000
8000001ffffff
7fffffe000000
8000001ffffff
7fffffe000000
8000001ffffff
7fffffe000000
8000001ffffff
7fffffe000000
8000001ffffff
7fffffe000000
8000001ffffff
7fffffe000000
8000001ffffff
7fffffe000000
8000001ffffff
7fffffe000000
8000001ffffff
7fffffe000000
8000001ffffff
7fffffe000000
8000001ffffff
7fffffe000000
8000001ffffff
7fffffe000000
8000001ffffff
7fffffe000000
8000001ffffff
7fffffe000000
8000001ffffff
7fffffe000000
8000001ffffff
7fffffe000000
8000001ffffff
7fffffe000000
8000001ffffff
7fffffe000000
8000001ffffff
7fffffe000000
8000001ffffff
7fffffe000000
8000001ffffff
7fffffe000000
8000001ffffff
7fffffe000000
8000001ffffff
7fffffe000000
8000001ffffff
7fffffe000000
8000001ffffff
7fffffe000000
8000001ffffff
7fffffe000000
8000001ffffff
7fffffe000000
8000001ffffff
7fffffe000000
8000001ffffff
7fffffe000000
8000001ffffff
7fffffe000000
8000001ffffff
7fffffe000000
8000001ffffff
7fffffe000000
8000001ffffff
7fffffe000000
8000001ffffff
7fffffe000000
8000001ffffff
7fffffe000000
8000001ffffff
7fffffe000000
8000001ffffff
7fffffe000000
8000001ffffff
7fffffe000000
8000001ffffff
7fffffe000000
8000001ffffff
7fffffe000000
8000001ffffff
7fffffe000000
8000001ffffff
7fffffe000000
8000001ffffff
7fffffe000000
8000001ffffff
7fffffe000000
8000001ffffff
7fffffe000000
8000001ffffff
7fffffe000000
8000001ffffff
7fffffe000000
8000001ffffff
7fffffe000000
8000001ffffff
7fffffe000000
8000001ffffff
7fffffe000000
8000001ffffff
7fffffe000000
8000001ffffff
7fffffe000000
8000001ffffff
7fffffe000000
8000001ffffff
7fffffe000000
8000001ffffff
7fffffe000000
8000001ffffff
7fffffe000000
8000001ffffff
7fffffe000000
8000001ffffff
7fffffe000000
8000001ffffff
7fffffe000000
8000001ffffff
7fffffe000000
8000001ffffff
7fffffe000000
8000001ffffff
7fffffe000000
8000001ffffff
7fffffe000000
8000001ffffff
7fffffe000000
8000001ffffff
7fffffe000000
8000001ffffff
7fffffe000000
8000001ffffff
7fffffe000000
8000001ffffff
7fffffe000000
8000001ffffff
7fffffe000000
8000001ffffff
7fffffe000000
8000001ffffff
7fffffe000000
8000001ffffff
7fffffe000000
8000001ffffff
7fffffe000000
8000001ffffff
7fffffe000000
8000001ffffff
7fffffe000000
8000001ffffff
7fffffe000000
8000001ffffff
7fffffe000000
8000001ffffff
7fffffe000000
8000001ffffff
7fffffe000000
8000001ffffff
7fffffe000000
8000001ffffff
7fffffe000000
8000001ffffff
7fffffe000000
8000001ffffff
7fffffe000000
8000001ffffff
7fffffe000000
8000001ffffff
7fffffe000000
8000001ffffff
7fffffe000000
8000001ffffff
7fffffe000000
8000001ffffff
7fffffe000000
8000001ffffff
7fffffe000000
8000001ffffff
7fffffe000000
8000001ffffff
7fffffe000000
8000001ffffff
7fffffe000000
8000001ffffff
7fffffe000000
8000001ffffff
7fffffe000000
8000001ffffff
7fffffe000000
8000001ffffff
7fffffe000000
8000001ffffff
7fffffe000000
8000001ffffff
7fffffe000000
8000001ffffff
7fffffe000000
8000001ffffff
7fffffe000000
8000001ffffff
7fffffe000000
8000001ffffff
7fffffe000000
8000001ffffff
7fffffe000000
8000001ffffff
7fffffe000000
8000001ffffff
7fffffe000000
8000001ffffff
7fffffe000000
8000001ffffff
7fffffe000000
8000001ffffff
7fffffe000000
8000001ffffff
7fffffe000000
8000001ffffff
7fffffe000000
8000001ffffff
7fffffe000000
8000001ffffff
7fffffe000000
8000001ffffff
7fffffe000000
8000001ffffff
7fffffe000000
8000001ffffff
7fffffe000000
8000001ffffff
7fffffe000000
8000001ffffff
7fffffe000000
8000001ffffff
7fffffe000000
8000001ffffff
7fffffe000000
8000001ffffff
7fffffe000000
8000001ffffff
7fffffe000000
8000001ffffff
7fffffe000000
8000001ffffff
7fffffe000000
8000001ffffff
7fffffe000000
8000001ffffff
7fffffe000000
8000001ffffff
7fffffe000000
8000001ffffff
7fffffe000000
8000001ffffff
7fffffe000000
8000001ffffff
7fffffe000000
8000001ffffff
7fffffe000000
8000001ffffff
7fffffe000000
8000001ffffff
7fffffe000000
8000001ffffff
7fffffe000000
8000001ffffff
7fffffe000000
8000001ffffff
7fffffe000000
8000001ffffff
7fffffe000000
8000001ffffff
7fffffe000000
8000001ffffff
7fffffe000000
8000001ffffff
7fffffe000000
8000001ffffff
7fffffe000000
8000001ffffff
7fffffe000000
8000001ffffff
7fffffe000000
8000001ffffff
7fffffe000000
8000001ffffff
7fffffe000000
8000001ffffff
7fffffe000000
8000001ffffff
7fffffe000000
8000001ffffff
7fffffe000000
8000001ffffff
7fffffe000000
8000001ffffff
7fffffe000000
8000001ffffff
7fffffe000000
8000001ffffff
7fffffe000000
8000001ffffff
7fffffe000000
8000001ffffff
7fffffe000000
8000001ffffff
7fffffe000000
8000001ffffff
7fffffe000000
8000001ffffff
7fffffe000000
8000001ffffff
7fffffe000000
8000001ffffff
7fffffe000000
8000001ffffff
7fffffe000000
8000001ffffff
7fffffe000000
8000001ffffff
7fffffe000000
8000001ffffff
7fffffe000000
8000001ffffff
7fffffe000000
8000001ffffff
7fffffe000000
8000001ffffff
7fffffe000000
8000001ffffff
7fffffe000000
8000001ffffff
7fffffe000000
8000001ffffff
7fffffe000000
8000001ffffff
7fffffe000000
8000001ffffff
7fffffe000000
8000001ffffff
7fffffe000000
8000001ffffff
7fffffe000000
8000001ffffff
7fffffe000000
8000001ffffff
7fffffe000000
8000001ffffff
7fffffe000000
8000001ffffff
7fffffe000000
8000001ffffff
7fffffe000000
8000001ffffff
7fffffe000000
8000001ffffff
7fffffe000000
8000001ffffff
7fffffe000000
8000001ffffff
7fffffe000000
8000001ffffff
7fffffe000000
8000001ffffff
7fffffe000000
8000001ffffff
7fffffe000000
8000001ffffff
7fffffe000000
8000001ffffff
7fffffe000000
8000001ffffff
7fffffe000000
8000001ffffff
7fffffe000000
8000001ffffff
7fffffe000000
8000001ffffff
7fffffe000000
8000001ffffff
7fffffe000000
8000001ffffff
7fffffe000000
8000001ffffff
7fffffe000000
8000001ffffff
7fffffe000000
8000001ffffff
7fffffe000000
8000001ffffff
7fffffe000000
8000001ffffff
7fffffe000000
8000001ffffff
7fffffe000000
8000001ffffff
7fffffe000000
8000001ffffff
7fffffe000000
8000001ffffff
7fffffe000000
8000001ffffff
7fffffe000000
8000001ffffff
7fffffe000000
8000001ffffff
7fffffe000000
8000001ffffff
7fffffe000000
8000001ffffff
7fffffe000000
8000001ffffff
7fffffe000000
8000001ffffff
7fffffe000000
8000001ffffff
7fffffe000000
8000001ffffff
7fffffe000000
8000001ffffff
7fffffe000000
8000001ffffff
7fffffe000000
8000001ffffff
7fffffe000000
8000001ffffff
7fffffe000000
8000001ffffff
7fffffe000000
8000001ffffff
7fffffe000000
8000001ffffff
7fffffe000000
8000001ffffff
7fffffe000000
8000001ffffff
7fffffe000000
8000001ffffff
7fffffe000000
8000001ffffff
7fffffe000000
8000001ffffff
7fffffe000000
8000001ffffff
7fffffe000000
8000001ffffff
7fffffe000000
8000001ffffff
7fffffe000000
8000001ffffff
7fffffe000000
8000001ffffff
7fffffe000000
8000001ffffff
7fffffe000000
8000001ffffff
7fffffe000000
8000001ffffff
7fffffe000000
8000001ffffff
7fffffe000000
8000001ffffff
7fffffe000000
8000001ffffff
7fffffe000000
8000001ffffff
7fffffe000000
8000001ffffff
7fffffe000000
8000001ffffff
7fffffe000000
8000001ffffff
7fffffe000000
8000001ffffff
7fffffe000000
8000001ffffff
7fffffe000000
8000001ffffff
7fffffe000000
8000001ffffff
7fffffe000000
8000001ffffff
7fffffe000000
8000001ffffff
7fffffe000000
8000001ffffff
7fffffe000000
8000001ffffff
7fffffe000000
8000001ffffff
7fffffe000000
8000001ffffff
7fffffe000000
8000001ffffff
7fffffe000000
8000001ffffff
7fffffe000000
8000001ffffff
7fffffe000000
8000001ffffff
7fffffe000000
8000001ffffff
7fffffe000000
8000001ffffff
7fffffe000000
8000001ffffff
7fffffe000000
8000001ffffff
7fffffe000000
8000001ffffff
7fffffe000000
8000001ffffff
7fffffe000000
8000001ffffff
7fffffe000000
8000001ffffff
7fffffe000000
8000001ffffff
7fffffe000000
8000001ffffff
7fffffe000000
8000001ffffff
7fffffe000000
8000001ffffff
7fffffe000000
8000001ffffff
7fffffe000000
8000001ffffff
7fffffe000000
8000001ffffff
7fffffe000000
8000001ffffff
7fffffe000000
8000001ffffff
7fffffe000000
8000001ffffff
7fffffe000000
8000001ffffff
7fffffe000000
8000001ffffff
7fffffe000000
8000001ffffff
7fffffe000000
8000001ffffff
7fffffe000000
8000001ffffff
7fffffe000000
8000001ffffff
7fffffe000000
8000001ffffff
7fffffe000000
8000001ffffff
7fffffe000000
8000001ffffff
7fffffe000000
8000001ffffff
7fffffe000000
8000001ffffff
7fffffe000000
8000001ffffff
7fffffe000000
8000001ffffff
7fffffe000000
8000001ffffff
7fffffe000000
8000001ffffff
7fffffe000000
8000001ffffff
7fffffe000000
8000001ffffff
7fffffe000000
8000001ffffff
7fffffe000000
8000001ffffff
7fffffe000000
8000001ffffff
7fffffe000000
8000001ffffff
7fffffe000000
8000001ffffff
7fffffe000000
8000001ffffff
7fffffe000000
8000001ffffff
7fffffe000000
8000001ffffff
7fffffe000000
8000001ffffff
7fffffe000000
8000001ffffff
7fffffe000000
8000001ffffff
7fffffe000000
8000001ffffff
7fffffe000000
8000001ffffff
7fffffe000000
8000001ffffff
7fffffe000000
8000001ffffff
7fffffe000000
8000001ffffff
7fffffe000000
8000001ffffff
7fffffe000000
8000001ffffff
7fffffe000000
8000001ffffff
7fffffe000000
8000001ffffff
7fffffe000000
8000001ffffff
7fffffe000000
8000001ffffff
7fffffe000000
8000001ffffff
7fffffe000000
8000001ffffff
7fffffe000000
8000001ffffff
7fffffe000000
8000001ffffff
7fffffe000000
8000001ffffff
7fffffe000000
8000001ffffff
7fffffe000000
8000001ffffff
7fffffe000000
8000001ffffff
7fffffe000000
8000001ffffff
7fffffe000000
8000001ffffff
7fffffe000000
8000001ffffff
7fffffe000000
8000001ffffff
7fffffe000000
8000001ffffff
7fffffe000000
8000001ffffff
7fffffe000000
8000001ffffff
7fffffe000000
8000001ffffff
7fffffe000000
8000001ffffff
7fffffe000000
8000001ffffff
7fffffe000000
8000001ffffff
7fffffe000000
8000001ffffff
7fffffe000000
8000001ffffff
7fffffe000000
8000001ffffff
7fffffe000000
8000001ffffff
7fffffe000000
8000001ffffff
7fffffe000000
8000001ffffff
7fffffe000000
8000001ffffff
7fffffe000000
8000001ffffff
7fffffe000000
8000001ffffff
7fffffe000000
8000001ffffff
7fffffe000000
8000001ffffff
7fffffe000000
8000001ffffff
7fffffe000000
8000001ffffff
7fffffe000000
8000001ffffff
7fffffe000000
8000001ffffff
7fffffe000000
8000001ffffff
7fffffe000000
8000001ffffff
7fffffe000000
8000001ffffff
7fffffe000000
8000001ffffff
7fffffe000000
8000001ffffff
7fffffe000000
8000001ffffff
7fffffe000000
8000001ffffff
7fffffe000000
8000001ffffff
7fffffe000000
8000001ffffff
7fffffe000000
8000001ffffff
7fffffe000000
8000001ffffff
7fffffe000000
8000001ffffff
7fffffe000000
8000001ffffff
7fffffe000000
8000001ffffff
7fffffe000000
8000001ffffff
7fffffe000000
8000001ffffff
7fffffe000000
8000001ffffff
7fffffe000000
8000001ffffff
7fffffe000000
8000001ffffff
7fffffe000000
8000001ffffff
7fffffe000000
8000001ffffff
7fffffe000000
8000001ffffff
7fffffe000000
8000001ffffff
7fffffe000000
8000001ffffff
7fffffe000000
8000001ffffff
7fffffe000000
8000001ffffff
7fffffe000000
8000001ffffff
7fffffe000000
8000001ffffff
7fffffe000000
8000001ffffff
7fffffe000000
8000001ffffff
7fffffe000000
8000001ffffff
7fffffe000000
8000001ffffff
7fffffe000000
8000001ffffff
7fffffe000000
8000001ffffff
7fffffe000000
8000001ffffff
7fffffe000000
8000001ffffff
7fffffe000000
8000001ffffff
7fffffe000000
8000001ffffff
7fffffe000000
8000001ffffff
7fffffe000000
8000001ffffff
7fffffe000000
8000001ffffff
7fffffe000000
8000001ffffff
7fffffe000000
8000001ffffff
7fffffe000000
8000001ffffff
7fffffe000000
8000001ffffff
7fffffe000000
8000001ffffff
7fffffe000000
8000001ffffff
7fffffe000000
8000001ffffff
7fffffe000000
8000001ffffff
7fffffe000000
8000001ffffff
7fffffe000000
8000001ffffff
7fffffe000000
8000001ffffff
7fffffe000000
8000001ffffff
7fffffe000000
8000001ffffff
7fffffe000000
8000001ffffff
7fffffe000000
8000001ffffff
7fffffe000000
8000001ffffff
7fffffe000000
8000001ffffff
7fffffe000000
8000001ffffff
7fffffe000000
8000001ffffff
7fffffe000000
8000001ffffff
7fffffe000000
8000001ffffff
7fffffe000000
8000001ffffff
7fffffe000000
8000001ffffff
7fffffe000000
8000001ffffff
7fffffe000000
8000001ffffff
7fffffe000000
8000001ffffff
7fffffe000000
8000001ffffff
7fffffe000000
8000001ffffff
7fffffe000000
8000001ffffff
7fffffe000000
8000001ffffff
7fffffe000000
8000001ffffff
7fffffe000000
8000001ffffff
7fffffe000000
8000001ffffff
7fffffe000000
8000001ffffff
7fffffe000000
8000001ffffff
7fffffe000000
8000001ffffff
7fffffe000000
8000001ffffff
7fffffe000000
8000001ffffff
7fffffe000000
8000001ffffff
7fffffe000000
8000001ffffff
7fffffe000000
8000001ffffff
7fffffe000000
8000001ffffff
7fffffe000000
8000001ffffff
7fffffe000000
8000001ffffff
7fffffe000000
8000001ffffff
7fffffe000000
8000001ffffff
7fffffe000000
8000001ffffff
7fffffe000000
8000001ffffff
7fffffe000000
8000001ffffff
7fffffe000000
8000001ffffff
7fffffe000000
8000001ffffff
7fffffe000000
8000001ffffff
7fffffe000000
8000001ffffff
7fffffe000000
8000001ffffff
7fffffe000000
8000001ffffff
7fffffe000000
8000001ffffff
7fffffe000000
8000001ffffff
7fffffe000000
8000001ffffff
7fffffe000000
8000001ffffff
7fffffe000000
8000001ffffff
7fffffe000000
8000001ffffff
7fffffe000000
8000001ffffff
7fffffe000000
8000001ffffff
7fffffe000000
8000001ffffff
7fffffe000000
8000001ffffff
7fffffe000000
8000001ffffff
7fffffe000000
8000001ffffff
7fffffe000000
8000001ffffff
7fffffe000000
8000001ffffff
7fffffe000000
8000001ffffff
7fffffe000000
8000001ffffff
7fffffe000000
8000001ffffff
7fffffe000000
8000001ffffff
7fffffe000000
8000001ffffff
7fffffe000000
8000001ffffff
7fffffe000000
8000001ffffff
7fffffe000000
8000001ffffff
7fffffe000000
8000001ffffff
7fffffe000000
8000001ffffff
7fffffe000000
8000001ffffff
7fffffe000000
8000001ffffff
7fffffe000000
8000001ffffff
7fffffe000000
8000001ffffff
7fffffe000000
8000001ffffff
7fffffe000000
8000001ffffff
7fffffe000000
8000001ffffff
7fffffe000000
8000001ffffff
7fffffe000000
8000001ffffff
7fffffe000000
8000001ffffff
7fffffe000000
8000001ffffff
7fffffe000000
8000001ffffff
7fffffe000000
8000001ffffff
7fffffe000000
8000001ffffff
7fffffe000000
8000001ffffff
7fffffe000000
8000001ffffff
7fffffe000000
8000001ffffff
7fffffe000000
8000001ffffff
7fffffe000000
8000001ffffff
7fffffe000000
8000001ffffff
7fffffe000000
8000001ffffff
7fffffe000000
8000001ffffff
7fffffe000000
8000001ffffff
7fffffe000000
8000001ffffff
7fffffe000000
8000001ffffff
7fffffe000000
8000001ffffff
7fffffe000000
8000001ffffff
7fffffe000000
8000001ffffff
7fffffe000000
8000001ffffff
7fffffe000000
8000001ffffff
7fffffe000000
8000001ffffff
7fffffe000000
8000001ffffff
7fffffe000000
8000001ffffff
7fffffe000000
8000001ffffff
7fffffe000000
8000001ffffff
7fffffe000000
8000001ffffff
7fffffe000000
8000001ffffff
7fffffe000000
8000001ffffff
7fffffe000000
8000001ffffff
7fffffe000000
8000001ffffff
7fffffe000000
8000001ffffff
7fffffe000000
8000001ffffff
7fffffe000000
8000001ffffff
7fffffe000000
8000001ffffff
7fffffe000000
8000001ffffff
7fffffe000000
8000001ffffff
7fffffe000000
8000001ffffff
7fffffe000000
8000001ffffff
7fffffe000000
8000001ffffff
7fffffe000000
8000001ffffff
7fffffe000000
8000001ffffff
7fffffe000000
8000001ffffff
7fffffe000000
8000001ffffff
7fffffe000000
8000001ffffff
7fffffe000000
8000001ffffff
7fffffe000000
8000001ffffff
7fffffe000000
8000001ffffff
7fffffe000000
8000001ffffff
7fffffe000000
8000001ffffff
7fffffe000000
8000001ffffff
7fffffe000000
8000001ffffff
7fffffe000000
8000001ffffff
7fffffe000000
8000001ffffff
7fffffe000000
8000001ffffff
7fffffe000000
8000001ffffff
7fffffe000000
8000001ffffff
7fffffe000000
8000001ffffff
7fffffe000000
8000001ffffff
7fffffe000000
8000001ffffff
7fffffe000000
8000001ffffff
7fffffe000000
8000001ffffff
7fffffe000000
8000001ffffff
7fffffe000000
8000001ffffff
7fffffe000000
8000001ffffff
7fffffe000000
8000001ffffff
7fffffe000000
8000001ffffff
7fffffe000000
8000001ffffff
7fffffe000000
8000001ffffff
7fffffe000000
8000001ffffff
7fffffe000000
8000001ffffff
7fffffe000000
8000001ffffff
7fffffe000000
8000001ffffff
7fffffe000000
8000001ffffff
7fffffe000000
8000001ffffff
7fffffe000000
8000001ffffff
7fffffe000000
8000001ffffff
7fffffe000000
8000001ffffff
7fffffe000000
8000001ffffff
7fffffe000000
8000001ffffff
7fffffe000000
8000001ffffff
7fffffe000000
8000001ffffff
7fffffe000000
8000001ffffff
7fffffe000000
8000001ffffff
7fffffe000000
8000001ffffff
7fffffe000000
8000001ffffff
7fffffe000000
8000001ffffff
7fffffe000000
8000001ffffff
7fffffe000000
8000001ffffff
7fffffe000000
8000001ffffff
7fffffe000000
8000001ffffff
7fffffe000000
8000001ffffff
7fffffe000000
8000001ffffff
7fffffe000000
8000001ffffff
7fffffe000000
8000001ffffff
7fffffe000000
8000001ffffff
7fffffe000000
8000001ffffff
7fffffe000000
8000001ffffff
7fffffe000000
8000001ffffff
7fffffe000000
8000001ffffff
7fffffe000000
8000001ffffff
7fffffe000000
8000001ffffff
7fffffe000000
8000001ffffff
7fffffe000000
8000001ffffff
7fffffe000000
8000001ffffff
7fffffe000000
8000001ffffff
7fffffe000000
8000001ffffff
7fffffe000000
8000001ffffff
7fffffe000000
8000001ffffff
7fffffe000000
8000001ffffff
7fffffe000000
8000001ffffff
7fffffe000000
8000001ffffff
7fffffe000000
8000001ffffff
7fffffe000000
8000001ffffff
7fffffe000000
8000001ffffff
7fffffe000000
8000001ffffff
7fffffe000000
8000001ffffff
7fffffe000000
8000001ffffff
7fffffe000000
8000001ffffff
7fffffe000000
8000001ffffff
7fffffe000000
8000001ffffff
7fffffe000000
8000001ffffff
7fffffe000000
8000001ffffff
7fffffe000000
8000001ffffff
7fffffe000000
8000001ffffff
7fffffe000000
8000001ffffff
7fffffe000000
8000001ffffff
7fffffe000000
8000001ffffff
7fffffe000000
8000001ffffff
7fffffe000000
8000001ffffff
7fffffe000000
8000001ffffff
7fffffe000000
8000001ffffff
7fffffe000000
8000001ffffff
7fffffe000000
8000001ffffff
7fffffe000000
8000001ffffff
7fffffe000000
8000001ffffff
7fffffe000000
8000001ffffff
7fffffe000000
8000001ffffff
7fffffe000000
8000001ffffff
7fffffe000000
8000001ffffff
7fffffe000000
8000001ffffff
7fffffe000000
8000001ffffff
7fffffe000000
8000001ffffff
7fffffe000000
8000001ffffff
7fffffe000000
8000001ffffff
7fffffe000000
8000001ffffff
7fffffe000000
8000001ffffff
7fffffe000000
8000001ffffff
7fffffe000000
8000001ffffff
7fffffe000000
8000001ffffff
7fffffe000000
8000001ffffff
7fffffe000000
8000001ffffff
7fffffe000000
8000001ffffff
7fffffe000000
8000001ffffff
7fffffe000000
8000001ffffff
7fffffe000000
8000001ffffff
7fffffe000000
8000001ffffff
7fffffe000000
8000001ffffff
7fffffe000000
8000001ffffff
7fffffe000000
8000001ffffff
7fffffe000000
8000001ffffff
7fffffe000000
8000001ffffff
7fffffe000000
8000001ffffff
7fffffe000000
8000001ffffff
7fffffe000000
8000001ffffff
7fffffe000000
8000001ffffff
7fffffe000000
8000001ffffff
7fffffe000000
8000001ffffff
7fffffe000000
8000001ffffff
7fffffe000000
8000001ffffff
7fffffe000000
8000001ffffff
7fffffe000000
8000001ffffff
7fffffe000000
8000001ffffff
7fffffe000000
8000001ffffff
7fffffe000000
8000001ffffff
7fffffe000000
8000001ffffff
7fffffe000000
8000001ffffff
7fffffe000000
8000001ffffff
7fffffe000000
8000001ffffff
7fffffe000000
8000001ffffff
7fffffe000000
8000001ffffff
7fffffe000000
8000001ffffff
7fffffe000000
8000001ffffff
7fffffe000000
8000001ffffff
7fffffe000000
8000001ffffff
7fffffe000000
8000001ffffff
7fffffe000000
8000001ffffff
7fffffe000000
8000001ffffff
7fffffe000000
8000001ffffff
7fffffe000000
8000001ffffff
7fffffe000000
8000001ffffff
7fffffe000000
8000001ffffff
7fffffe000000
8000001ffffff
7fffffe000000
8000001ffffff
7fffffe000000
8000001ffffff
7fffffe000000
8000001ffffff
7fffffe000000
8000001ffffff
7fffffe000000
8000001ffffff
7fffffe000000
8000001ffffff
7fffffe000000
8000001ffffff
7fffffe000000
8000001ffffff
7fffffe000000
8000001ffffff
7fffffe000000
8000001ffffff
7fffffe000000
8000001ffffff
7fffffe000000
8000001ffffff
7fffffe000000
8000001ffffff
7fffffe000000
8000001ffffff
7fffffe000000
8000001ffffff
7fffffe000000
8000001ffffff
7fffffe000000
8000001ffffff
7fffffe000000
8000001ffffff
7fffffe000000
8000001ffffff
7fffffe000000
8000001ffffff
7fffffe000000
8000001ffffff
7fffffe000000
8000001ffffff
7fffffe000000
8000001ffffff
7fffffe000000
8000001ffffff
7fffffe000000
8000001ffffff
7fffffe000000
8000001ffffff
7fffffe000000
8000001ffffff
7fffffe000000
8000001ffffff
7fffffe000000
8000001ffffff
7fffffe000000
8000001ffffff
7fffffe000000
8000001ffffff
7fffffe000000
8000001ffffff
7fffffe000000
8000001ffffff
7fffffe000000
8000001ffffff
7fffffe000000
8000001ffffff
7fffffe000000
8000001ffffff
7fffffe000000
8000001ffffff
7fffffe000000
8000001ffffff
7fffffe000000
8000001ffffff
7fffffe000000
8000001ffffff
7fffffe000000
8000001ffffff
7fffffe000000
8000001ffffff
7fffffe000000
8000001ffffff
7fffffe000000
8000001ffffff
7fffffe000000
8000001ffffff
7fffffe000000
8000001ffffff
7fffffe000000
8000001ffffff
7fffffe000000
8000001ffffff
7fffffe000000
8000001ffffff
7fffffe000000
8000001ffffff
7fffffe000000
8000001ffffff
7fffffe000000
8000001ffffff
7fffffe000000
8000001ffffff
7fffffe000000
8000001ffffff
7fffffe000000
8000001ffffff
7fffffe000000
8000001ffffff
7fffffe000000
8000001ffffff
7fffffe000000
8000001ffffff
7fffffe000000
8000001ffffff
7fffffe000000
8000001ffffff
7fffffe000000
8000001ffffff
fffffdffffffa
0000020000005
0000018000003
0000010000001
000000bffffff
0000003fffffd
ffffffbfffffb
ffffff0000006
fffffe8000004
fffffe0000002
0000024000000
000001ffffffe
0000017fffffc
000000ffffffa
0000004000005
ffffffc000003
ffffff4000001
fffffefffffff
fffffe7fffffd
fffffdffffffb
0000020000006
0000018000004
0000010000002
0000008000000
0000003fffffe
ffffffbfffffc
ffffff3fffffa
fffffe8000005
fffffe0000003
0000024000001
000001fffffff
0000017fffffd
000000ffffffb
0000004000006
ffffffc000004
ffffff4000002
fffffec000000
fffffe7fffffe
fffffdffffffc
0000023fffffa
0000018000005
0000010000003
0000008000001
0000003ffffff
ffffffbfffffd
ffffff3fffffb
fffffe8000006
fffffe0000004
0000024000002
000001c000000
0000017fffffe
000000ffffffc
0000007fffffa
ffffffc000005
ffffff4000003
fffffec000001
fffffe7ffffff
fffffdffffffd
0000023fffffb
0000018000006
0000010000004
0000008000002
0000000000000
ffffffbfffffe
ffffff3fffffc
fffffebfffffa
fffffe0000005
0000024000003
000001c000001
0000017ffffff
000000ffffffd
0000007fffffb
ffffffc000006
ffffff4000004
fffffec000002
fffffe4000000
fffffdffffffe
0000023fffffc
000001bfffffa
0000010000005
0000008000003
0000000000001
ffffffbffffff
ffffff3fffffd
fffffebfffffb
fffffe0000006
0000024000004
000001c000002
0000014000000
000000ffffffe
0000007fffffc
ffffffffffffa
ffffff4000005
fffffec000003
fffffe4000001
fffffdfffffff
0000023fffffd
000001bfffffb
0000010000006
0000008000004
0000000000002
ffffff8000000
ffffff3fffffe
fffffebfffffc
fffffe3fffffa
0000024000005
000001c000003
0000014000001
000000fffffff
0000007fffffd
ffffffffffffb
ffffff4000006
fffffec000004
fffffe4000002
fffffdc000000
0000023fffffe
000001bfffffc
0000013fffffa
0000008000005
0000000000003
ffffff8000001
ffffff3ffffff
fffffebfffffd
fffffe3fffffb
0000024000006
000001c000004
0000014000002
000000c000000
0000007fffffe
ffffffffffffc
ffffff7fffffa
fffffec000005
fffffe4000003
fffffdc000001
0000023ffffff
000001bfffffd
0000013fffffb
0000008000006
0000000000004
ffffff8000002
ffffff0000000
fffffebfffffe
fffffe3fffffc
0000027fffffa
000001c000005
0000014000003
000000c000001
0000007ffffff
ffffffffffffd
ffffff7fffffb
fffffec000006
fffffe4000004
fffffdc000002
0000020000000
000001bfffffe
0000013fffffc
000000bfffffa
0000000000005
ffffff8000003
ffffff0000001
fffffebffffff
fffffe3fffffd
0000027fffffb
000001c000006
0000014000004
000000c000002
0000004000000
ffffffffffffe
ffffff7fffffc
fffffeffffffa
fffffe4000005
fffffdc000003
0000020000001
000001bffffff
0000013fffffd
000000bfffffb
0000000000006
ffffff8000004
ffffff0000002
fffffe8000000
fffffe3fffffe
0000027fffffc
000001ffffffa
0000014000005
000000c000003
0000004000001
fffffffffffff
ffffff7fffffd
fffffeffffffb
fffffe4000006
fffffdc000004
0000020000002
0000018000000
0000013fffffe
000000bfffffc
0000003fffffa
ffffff8000005
ffffff0000003
fffffe8000001
fffffe3ffffff
0000027fffffd
000001ffffffb
0000014000006
000000c000004
0000004000002
ffffffc000000
ffffff7fffffe
fffffeffffffc
fffffe7fffffa
fffffdc000005
0000020000003
0000018000001
0000013ffffff
000000bfffffd
0000003fffffb
ffffff8000006
ffffff0000004
fffffe8000002
fffffe0000000
0000027fffffe
000001ffffffc
0000017fffffa
000000c000005
0000004000003
ffffffc000001
ffffff7ffffff
fffffeffffffd
fffffe7fffffb
fffffdc000006
0000020000004
0000018000002
0000010000000
000000bfffffe
0000003fffffc
ffffffbfffffa
ffffff0000005
fffffe8000003
fffffe0000001
0000027ffffff
000001ffffffd
0000017fffffb
000000c000006
0000004000004
ffffffc000002
ffffff4000000
fffffeffffffe
fffffe7fffffc
fffffdffffffa
0000020000005
0000018000003
0000010000001
000000bffffff
0000003fffffd
ffffffbfffffb
ffffff0000006
fffffe8000004
fffffe0000002
0000024000000
000001ffffffe
0000017fffffc
000000ffffffa
0000004000005
ffffffc000003
ffffff4000001
fffffefffffff
fffffe7fffffd
fffffdffffffb
0000020000006
0000018000004
0000010000002
0000008000000
0000003fffffe
ffffffbfffffc
ffffff3fffffa
fffffe8000005
fffffe0000003
0000024000001
000001fffffff
0000017fffffd
000000ffffffb
0000004000006
ffffffc000004
ffffff4000002
fffffec000000
fffffe7fffffe
fffffdffffffc
0000023fffffa
0000018000005
0000010000003
0000008000001
0000003ffffff
ffffffbfffffd
ffffff3fffffb
fffffe8000006
fffffe0000004
0000024000002
000001c000000
0000017fffffe
000000ffffffc
0000007fffffa
ffffffc000005
ffffff4000003
fffffec000001
fffffe7ffffff
fffffdffffffd
0000023fffffb
0000018000006
0000010000004
0000008000002
0000000000000
ffffffbfffffe
ffffff3fffffc
fffffebfffffa
fffffe0000005
0000024000003
000001c000001
0000017ffffff
000000ffffffd
0000007fffffb
ffffffc000006
ffffff4000004
fffffec000002
fffffe4000000
fffffdffffffe
0000023fffffc
000001bfffffa
0000010000005
0000008000003
0000000000001
ffffffbffffff
ffffff3fffffd
fffffebfffffb
fffffe0000006
0000024000004
000001c000002
0000014000000
000000ffffffe
0000007fffffc
ffffffffffffa
ffffff4000005
fffffec000003
fffffe4000001
fffffdfffffff
0000023fffffd
000001bfffffb
0000010000006
0000008000004
0000000000002
ffffff8000000
ffffff3fffffe
fffffebfffffc
fffffe3fffffa
0000024000005
000001c000003
0000014000001
000000fffffff
0000007fffffd
ffffffffffffb
ffffff4000006
fffffec000004
fffffe4000002
fffffdc000000
0000023fffffe
000001bfffffc
0000013fffffa
0000008000005
0000000000003
ffffff8000001
ffffff3ffffff
fffffebfffffd
fffffe3fffffb
0000024000006
000001c000004
0000014000002
000000c000000
0000007fffffe
ffffffffffffc
ffffff7fffffa
fffffec000005
fffffe4000003
fffffdc000001
0000023ffffff
000001bfffffd
0000013fffffb
0000008000006
0000000000004
ffffff8000002
ffffff0000000
fffffebfffffe
fffffe3fffffc
0000027fffffa
000001c000005
0000014000003
000000c000001
0000007ffffff
ffffffffffffd
ffffff7fffffb
fffffec000006
fffffe4000004
fffffdc000002
0000020000000
000001bfffffe
0000013fffffc
000000bfffffa
0000000000005
ffffff8000003
ffffff0000001
fffffebffffff
fffffe3fffffd
0000027fffffb
000001c000006
0000014000004
000000c000002
0000004000000
ffffffffffffe
ffffff7fffffc
fffffeffffffa
fffffe4000005
fffffdc000003
0000020000001
000001bffffff
0000013fffffd
000000bfffffb
0000000000006
ffffff8000004
ffffff0000002
fffffe8000000
fffffe3fffffe
0000027fffffc
000001ffffffa
0000014000005
000000c000003
0000004000001
fffffffffffff
ffffff7fffffd
fffffeffffffb
fffffe4000006
fffffdc000004
0000020000002
0000018000000
0000013fffffe
000000bfffffc
0000003fffffa
ffffff8000005
ffffff0000003
fffffe8000001
fffffe3ffffff
0000027fffffd
000001ffffffb
0000014000006
000000c000004
0000004000002
ffffffc000000
ffffff7fffffe
fffffeffffffc
fffffe7fffffa
fffffdc000005
0000020000003
0000018000001
0000013ffffff
000000bfffffd
0000003fffffb
ffffff8000006
ffffff0000004
fffffe8000002
fffffe0000000
0000027fffffe
000001ffffffc
0000017fffffa
000000c000005
0000004000003
ffffffc000001
ffffff7ffffff
fffffeffffffd
fffffe7fffffb
fffffdc000006
0000020000004
0000018000002
0000010000000
000000bfffffe
0000003fffffc
ffffffbfffffa
ffffff0000005
fffffe8000003
fffffe0000001
0000027ffffff
000001ffffffd
0000017fffffb
000000c000006
0000004000004
ffffffc000002
ffffff4000000
fffffeffffffe
fffffe7fffffc
fffffdffffffa
0000020000005
0000018000003
0000010000001
000000bffffff
0000003fffffd
ffffffbfffffb
ffffff0000006
fffffe8000004
fffffe0000002
0000024000000
000001ffffffe
0000017fffffc
000000ffffffa
0000004000005
ffffffc000003
ffffff4000001
fffffefffffff
fffffe7fffffd
fffffdffffffb
0000020000006
0000018000004
0000010000002
0000008000000
0000003fffffe
ffffffbfffffc
ffffff3fffffa
fffffe8000005
fffffe0000003
0000024000001
000001fffffff
0000017fffffd
000000ffffffb
0000004000006
ffffffc000004
ffffff4000002
fffffec000000
fffffe7fffffe
fffffdffffffc
0000023fffffa
0000018000005
0000010000003
0000008000001
0000003ffffff
ffffffbfffffd
ffffff3fffffb
fffffe8000006
fffffe0000004
0000024000002
000001c000000
0000017fffffe
000000ffffffc
0000007fffffa
ffffffc000005
ffffff4000003
fffffec000001
fffffe7ffffff
fffffdffffffd
0000023fffffb
0000018000006
0000010000004
0000008000002
0000000000000
ffffffbfffffe
ffffff3fffffc
fffffebfffffa
fffffe0000005
0000024000003
000001c000001
0000017ffffff
000000ffffffd
0000007fffffb
ffffffc000006
ffffff4000004
fffffec000002
fffffe4000000
fffffdffffffe
0000023fffffc
000001bfffffa
0000010000005
0000008000003
0000000000001
ffffffbffffff
ffffff3fffffd
fffffebfffffb
fffffe0000006
0000024000004
000001c000002
0000014000000
000000ffffffe
0000007fffffc
ffffffffffffa
ffffff4000005
fffffec000003
fffffe4000001
fffffdfffffff
0000023fffffd
000001bfffffb
0000010000006
0000008000004
0000000000002
ffffff8000000
ffffff3fffffe
fffffebfffffc
fffffe3fffffa
0000024000005
000001c000003
0000014000001
000000fffffff
0000007fffffd
ffffffffffffb
ffffff4000006
fffffec000004
fffffe4000002
fffffdc000000
0000023fffffe
000001bfffffc
0000013fffffa
0000008000005
0000000000003
ffffff8000001
ffffff3ffffff
fffffebfffffd
fffffe3fffffb
0000024000006
000001c000004
0000014000002
000000c000000
0000007fffffe
ffffffffffffc
ffffff7fffffa
fffffec000005
fffffe4000003
fffffdc000001
0000023ffffff
000001bfffffd
0000013fffffb
0000008000006
0000000000004
ffffff8000002
ffffff0000000
fffffebfffffe
fffffe3fffffc
0000027fffffa
000001c000005
0000014000003
000000c000001
0000007ffffff
ffffffffffffd
ffffff7fffffb
fffffec000006
fffffe4000004
fffffdc000002
0000020000000
000001bfffffe
0000013fffffc
000000bfffffa
0000000000005
ffffff8000003
ffffff0000001
fffffebffffff
fffffe3fffffd
0000027fffffb
000001c000006
0000014000004
000000c000002
0000004000000
ffffffffffffe
ffffff7fffffc
fffffeffffffa
fffffe4000005
fffffdc000003
0000020000001
000001bffffff
0000013fffffd
000000bfffffb
0000000000006
ffffff8000004
ffffff0000002
fffffe8000000
fffffe3fffffe
0000027fffffc
000001ffffffa
0000014000005
000000c000003
0000004000001
fffffffffffff
ffffff7fffffd
fffffeffffffb
fffffe4000006
fffffdc000004
0000020000002
0000018000000
0000013fffffe
000000bfffffc
0000003fffffa
ffffff8000005
ffffff0000003
fffffe8000001
fffffe3ffffff
0000027fffffd
000001ffffffb
0000014000006
000000c000004
0000004000002
ffffffc000000
ffffff7fffffe
fffffeffffffc
fffffe7fffffa
fffffdc000005
0000020000003
0000018000001
0000013ffffff
000000bfffffd
0000003fffffb
ffffff8000006
ffffff0000004
fffffe8000002
fffffe0000000
0000027fffffe
000001ffffffc
0000017fffffa
000000c000005
0000004000003
ffffffc000001
ffffff7ffffff
fffffeffffffd
fffffe7fffffb
fffffdc000006
0000020000004
0000018000002
0000010000000
000000bfffffe
0000003fffffc
ffffffbfffffa
ffffff0000005
fffffe8000003
fffffe0000001
0000027ffffff
000001ffffffd
0000017fffffb
000000c000006
0000004000004
ffffffc000002
ffffff4000000
fffffeffffffe
fffffe7fffffc
fffffdffffffa
0000020000005
0000018000003
0000010000001
000000bffffff
0000003fffffd
ffffffbfffffb
ffffff0000006
fffffe8000004
fffffe0000002
0000024000000
000001ffffffe
0000017fffffc
000000ffffffa
0000004000005
ffffffc000003
ffffff4000001
fffffefffffff
fffffe7fffffd
fffffdffffffb
0000020000006
0000018000004
0000010000002
0000008000000
0000003fffffe
ffffffbfffffc
ffffff3fffffa
fffffe8000005
fffffe0000003
0000024000001
000001fffffff
0000017fffffd
000000ffffffb
0000004000006
ffffffc000004
ffffff4000002
fffffec000000
fffffe7fffffe
fffffdffffffc
0000023fffffa
0000018000005
0000010000003
0000008000001
0000003ffffff
ffffffbfffffd
ffffff3fffffb
fffffe8000006
fffffe0000004
0000024000002
000001c000000
0000017fffffe
000000ffffffc
0000007fffffa
ffffffc000005
ffffff4000003
fffffec000001
fffffe7ffffff
fffffdffffffd
0000023fffffb
0000018000006
0000010000004
0000008000002
0000000000000
ffffffbfffffe
ffffff3fffffc
fffffebfffffa
fffffe0000005
0000024000003
000001c000001
0000017ffffff
000000ffffffd
0000007fffffb
ffffffc000006
ffffff4000004
fffffec000002
fffffe4000000
fffffdffffffe
0000023fffffc
000001bfffffa
0000010000005
0000008000003
0000000000001
ffffffbffffff
ffffff3fffffd
fffffebfffffb
fffffe0000006
0000024000004
000001c000002
0000014000000
000000ffffffe
0000007fffffc
ffffffffffffa
ffffff4000005
fffffec000003
fffffe4000001
fffffdfffffff
0000023fffffd
000001bfffffb
0000010000006
0000008000004
0000000000002
ffffff8000000
ffffff3fffffe
fffffebfffffc
fffffe3fffffa
0000024000005
000001c000003
0000014000001
000000fffffff
0000007fffffd
ffffffffffffb
ffffff4000006
fffffec000004
fffffe4000002
fffffdc000000
0000023fffffe
000001bfffffc
0000013fffffa
0000008000005
0000000000003
ffffff8000001
ffffff3ffffff
fffffebfffffd
fffffe3fffffb
0000024000006
000001c000004
0000014000002
000000c000000
0000007fffffe
ffffffffffffc
ffffff7fffffa
fffffec000005
fffffe4000003
fffffdc000001
0000023ffffff
000001bfffffd
0000013fffffb
0000008000006
0000000000004
ffffff8000002
ffffff0000000
fffffebfffffe
fffffe3fffffc
0000027fffffa
000001c000005
0000014000003
000000c000001
0000007ffffff
ffffffffffffd
ffffff7fffffb
fffffec000006
fffffe4000004
fffffdc000002
0000020000000
000001bfffffe
0000013fffffc
000000bfffffa
0000000000005
ffffff8000003
ffffff0000001
fffffebffffff
fffffe3fffffd
0000027fffffb
000001c000006
0000014000004
000000c000002
0000004000000
ffffffffffffe
ffffff7fffffc
fffffeffffffa
fffffe4000005
fffffdc000003
0000020000001
000001bffffff
0000013fffffd
000000bfffffb
0000000000006
ffffff8000004
ffffff0000002
fffffe8000000
fffffe3fffffe
0000027fffffc
000001ffffffa
0000014000005
000000c000003
0000004000001
fffffffffffff
ffffff7fffffd
fffffeffffffb
fffffe4000006
fffffdc000004
0000020000002
0000018000000
0000013fffffe
000000bfffffc
0000003fffffa
ffffff8000005
ffffff0000003
fffffe8000001
fffffe3ffffff
0000027fffffd
000001ffffffb
0000014000006
000000c000004
0000004000002
ffffffc000000
ffffff7fffffe
fffffeffffffc
fffffe7fffffa
fffffdc000005
0000020000003
0000018000001
0000013ffffff
000000bfffffd
0000003fffffb
ffffff8000006
ffffff0000004
fffffe8000002
fffffe0000000
0000027fffffe
000001ffffffc
0000017fffffa
000000c000005
0000004000003
ffffffc000001
ffffff7ffffff
fffffeffffffd
fffffe7fffffb
fffffdc000006
0000020000004
0000018000002
0000010000000
000000bfffffe
0000003fffffc
ffffffbfffffa
ffffff0000005
fffffe8000003
fffffe0000001
0000027ffffff
000001ffffffd
0000017fffffb
000000c000006
0000004000004
ffffffc000002
ffffff4000000
fffffeffffffe
fffffe7fffffc
fffffdffffffa
0000020000005
0000018000003
0000010000001
000000bffffff
0000003fffffd
ffffffbfffffb
ffffff0000006
fffffe8000004
fffffe0000002
0000024000000
000001ffffffe
0000017fffffc
000000ffffffa
0000004000005
ffffffc000003
ffffff4000001
fffffefffffff
fffffe7fffffd
fffffdffffffb
0000020000006
0000018000004
0000010000002
0000008000000
0000003fffffe
ffffffbfffffc
ffffff3fffffa
fffffe8000005
fffffe0000003
0000024000001
000001fffffff
0000017fffffd
000000ffffffb
0000004000006
ffffffc000004
ffffff4000002
fffffec000000
fffffe7fffffe
fffffdffffffc
0000023fffffa
0000018000005
0000010000003
0000008000001
0000003ffffff
ffffffbfffffd
ffffff3fffffb
fffffe8000006
fffffe0000004
0000024000002
000001c000000
0000017fffffe
000000ffffffc
0000007fffffa
ffffffc000005
ffffff4000003
fffffec000001
fffffe7ffffff
fffffdffffffd
0000023fffffb
0000018000006
0000010000004
0000008000002
0000000000000
ffffffbfffffe
ffffff3fffffc
fffffebfffffa
fffffe0000005
0000024000003
000001c000001
0000017ffffff
000000ffffffd
0000007fffffb
ffffffc000006
ffffff4000004
fffffec000002
fffffe4000000
fffffdffffffe
0000023fffffc
000001bfffffa
0000010000005
0000008000003
0000000000001
ffffffbffffff
ffffff3fffffd
fffffebfffffb
fffffe0000006
0000024000004
000001c000002
0000014000000
000000ffffffe
0000007fffffc
ffffffffffffa
ffffff4000005
fffffec000003
fffffe4000001
fffffdfffffff
0000023fffffd
000001bfffffb
0000010000006
0000008000004
0000000000002
ffffff8000000
ffffff3fffffe
fffffebfffffc
fffffe3fffffa
0000024000005
000001c000003
0000014000001
000000fffffff
0000007fffffd
ffffffffffffb
ffffff4000006
fffffec000004
fffffe4000002
fffffdc000000
0000023fffffe
000001bfffffc
0000013fffffa
0000008000005
0000000000003
ffffff8000001
ffffff3ffffff
fffffebfffffd
fffffe3fffffb
0000024000006
000001c000004
0000014000002
000000c000000
0000007fffffe
ffffffffffffc
ffffff7fffffa
fffffec000005
fffffe4000003
fffffdc000001
0000023ffffff
000001bfffffd
0000013fffffb
0000008000006
0000000000004
ffffff8000002
ffffff0000000
fffffebfffffe
fffffe3fffffc
0000027fffffa
000001c000005
0000014000003
000000c000001
0000007ffffff
ffffffffffffd
ffffff7fffffb
fffffec000006
fffffe4000004
fffffdc000002
0000020000000
000001bfffffe
0000013fffffc
000000bfffffa
0000000000005
ffffff8000003
ffffff0000001
fffffebffffff
fffffe3fffffd
0000027fffffb
000001c000006
0000014000004
000000c000002
0000004000000
ffffffffffffe
ffffff7fffffc
fffffeffffffa
fffffe4000005
fffffdc000003
0000020000001
000001bffffff
0000013fffffd
000000bfffffb
0000000000006
ffffff8000004
ffffff0000002
fffffe8000000
fffffe3fffffe
0000027fffffc
000001ffffffa
0000014000005
000000c000003
0000004000001
fffffffffffff
ffffff7fffffd
fffffeffffffb
fffffe4000006
fffffdc000004
0000020000002
0000018000000
0000013fffffe
000000bfffffc
0000003fffffa
ffffff8000005
ffffff0000003
fffffe8000001
fffffe3ffffff
0000027fffffd
000001ffffffb
0000014000006
000000c000004
0000004000002
ffffffc000000
ffffff7fffffe
fffffeffffffc
fffffe7fffffa
fffffdc000005
0000020000003
0000018000001
0000013ffffff
000000bfffffd
0000003fffffb
ffffff8000006
ffffff0000004
fffffe8000002
fffffe0000000
0000027fffffe
000001ffffffc
0000017fffffa
000000c000005
0000004000003
ffffffc000001
ffffff7ffffff
fffffeffffffd
fffffe7fffffb
fffffdc000006
0000020000004
0000018000002
0000010000000
000000bfffffe
0000003fffffc
ffffffbfffffa
ffffff0000005
fffffe8000003
fffffe0000001
0000027ffffff
000001ffffffd
0000017fffffb
000000c000006
0000004000004
ffffffc000002
ffffff4000000
fffffeffffffe
fffffe7fffffc
fffffdffffffa
0000020000005
0000018000003
0000010000001
000000bffffff
0000003fffffd
ffffffbfffffb
ffffff0000006
fffffe8000004
fffffe0000002
0000024000000
000001ffffffe
0000017fffffc
000000ffffffa
0000004000005
ffffffc000003
ffffff4000001
fffffefffffff
fffffe7fffffd
fffffdffffffb
0000020000006
0000018000004
0000010000002
0000008000000
0000003fffffe
ffffffbfffffc
ffffff3fffffa
fffffe8000005
fffffe0000003
0000024000001
000001fffffff
0000017fffffd
000000ffffffb
0000004000006
ffffffc000004
ffffff4000002
fffffec000000
fffffe7fffffe
fffffdffffffc
0000023fffffa
0000018000005
0000010000003
0000008000001
0000003ffffff
ffffffbfffffd
ffffff3fffffb
fffffe8000006
fffffe0000004
0000024000002
000001c000000
0000017fffffe
000000ffffffc
0000007fffffa
ffffffc000005
ffffff4000003
fffffec000001
fffffe7ffffff
fffffdffffffd
0000023fffffb
0000018000006
0000010000004
0000008000002
0000000000000
ffffffbfffffe
ffffff3fffffc
fffffebfffffa
fffffe0000005
0000024000003
000001c000001
0000017ffffff
000000ffffffd
0000007fffffb
ffffffc000006
ffffff4000004
fffffec000002
fffffe4000000
fffffdffffffe
0000023fffffc
000001bfffffa
0000010000005
0000008000003
0000000000001
ffffffbffffff
ffffff3fffffd
fffffebfffffb
fffffe0000006
0000024000004
000001c000002
0000014000000
000000ffffffe
0000007fffffc
ffffffffffffa
ffffff4000005
fffffec000003
fffffe4000001
fffffdfffffff
0000023fffffd
000001bfffffb
0000010000006
0000008000004
0000000000002
ffffff8000000
ffffff3fffffe
fffffebfffffc
fffffe3fffffa
0000024000005
000001c000003
0000014000001
000000fffffff
0000007fffffd
ffffffffffffb
ffffff4000006
fffffec000004
fffffe4000002
fffffdc000000
0000023fffffe
000001bfffffc
0000013fffffa
0000008000005
0000000000003
ffffff8000001
ffffff3ffffff
fffffebfffffd
fffffe3fffffb
0000024000006
000001c000004
0000014000002
000000c000000
0000007fffffe
ffffffffffffc
ffffff7fffffa
fffffec000005
fffffe4000003
fffffdc000001
0000023ffffff
000001bfffffd
0000013fffffb
0000008000006
0000000000004
ffffff8000002
ffffff0000000
fffffebfffffe
fffffe3fffffc
0000027fffffa
000001c000005
0000014000003
000000c000001
0000007ffffff
ffffffffffffd
ffffff7fffffb
fffffec000006
fffffe4000004
fffffdc000002
0000020000000
000001bfffffe
0000013fffffc
000000bfffffa
0000000000005
ffffff8000003
ffffff0000001
fffffebffffff
fffffe3fffffd
0000027fffffb
000001c000006
0000014000004
000000c000002
0000004000000
ffffffffffffe
ffffff7fffffc
fffffeffffffa
fffffe4000005
fffffdc000003
0000020000001
000001bffffff
0000013fffffd
000000bfffffb
0000000000006
ffffff8000004
ffffff0000002
fffffe8000000
fffffe3fffffe
0000027fffffc
000001ffffffa
0000014000005
000000c000003
0000004000001
fffffffffffff
ffffff7fffffd
fffffeffffffb
fffffe4000006
fffffdc000004
0000020000002
0000018000000
0000013fffffe
000000bfffffc
0000003fffffa
ffffff8000005
ffffff0000003
fffffe8000001
fffffe3ffffff
0000027fffffd
000001ffffffb
0000014000006
000000c000004
0000004000002
ffffffc000000
ffffff7fffffe
fffffeffffffc
fffffe7fffffa
fffffdc000005
0000020000003
0000018000001
0000013ffffff
000000bfffffd
0000003fffffb
ffffff8000006
ffffff0000004
fffffe8000002
fffffe0000000
0000027fffffe
000001ffffffc
0000017fffffa
000000c000005
0000004000003
ffffffc000001
ffffff7ffffff
fffffeffffffd
fffffe7fffffb
fffffdc000006
0000020000004
0000018000002
0000010000000
000000bfffffe
0000003fffffc
ffffffbfffffa
ffffff0000005
fffffe8000003
fffffe0000001
0000027ffffff
000001ffffffd
0000017fffffb
000000c000006
0000004000004
ffffffc000002
ffffff4000000
fffffeffffffe
fffffe7fffffc
fffffdffffffa
0000020000005
0000018000003
0000010000001
000000bffffff
0000003fffffd
ffffffbfffffb
ffffff0000006
fffffe8000004
fffffe0000002
0000024000000
000001ffffffe
0000017fffffc
000000ffffffa
0000004000005
ffffffc000003
ffffff4000001
fffffefffffff
fffffe7fffffd
fffffdffffffb
0000020000006
0000018000004
0000010000002
0000008000000
0000003fffffe
ffffffbfffffc
ffffff3fffffa
fffffe8000005
fffffe0000003
0000024000001
000001fffffff
0000017fffffd
000000ffffffb
0000004000006
ffffffc000004
ffffff4000002
fffffec000000
fffffe7fffffe
fffffdffffffc
0000023fffffa
0000018000005
0000010000003
0000008000001
0000003ffffff
ffffffbfffffd
ffffff3fffffb
fffffe8000006
fffffe0000004
0000024000002
000001c000000
0000017fffffe
000000ffffffc
0000007fffffa
ffffffc000005
ffffff4000003
fffffec000001
fffffe7ffffff
fffffdffffffd
0000023fffffb
0000018000006
0000010000004
0000008000002
0000000000000
ffffffbfffffe
ffffff3fffffc
fffffebfffffa
fffffe0000005
0000024000003
000001c000001
0000017ffffff
000000ffffffd
0000007fffffb
ffffffc000006
ffffff4000004
fffffec000002
fffffe4000000
fffffdffffffe
0000023fffffc
000001bfffffa
0000010000005
0000008000003
0000000000001
ffffffbffffff
ffffff3fffffd
fffffebfffffb
fffffe0000006
0000024000004
000001c000002
0000014000000
000000ffffffe
0000007fffffc
ffffffffffffa
ffffff4000005
fffffec000003
fffffe4000001
fffffdfffffff
0000023fffffd
000001bfffffb
0000010000006
0000008000004
0000000000002
ffffff8000000
ffffff3fffffe
fffffebfffffc
fffffe3fffffa
0000024000005
000001c000003
0000014000001
000000fffffff
0000007fffffd
ffffffffffffb
ffffff4000006
fffffec000004
fffffe4000002
fffffdc000000
0000023fffffe
000001bfffffc
0000013fffffa
0000008000005
0000000000003
ffffff8000001
ffffff3ffffff
fffffebfffffd
fffffe3fffffb
0000024000006
000001c000004
0000014000002
000000c000000
0000007fffffe
ffffffffffffc
ffffff7fffffa
fffffec000005
fffffe4000003
fffffdc000001
0000023ffffff
000001bfffffd
0000013fffffb
0000008000006
0000000000004
ffffff8000002
ffffff0000000
fffffebfffffe
fffffe3fffffc
0000027fffffa
000001c000005
0000014000003
000000c000001
0000007ffffff
ffffffffffffd
ffffff7fffffb
fffffec000006
fffffe4000004
fffffdc000002
0000020000000
000001bfffffe
0000013fffffc
000000bfffffa
0000000000005
ffffff8000003
ffffff0000001
fffffebffffff
fffffe3fffffd
0000027fffffb
000001c000006
0000014000004
000000c000002
0000004000000
ffffffffffffe
ffffff7fffffc
fffffeffffffa
fffffe4000005
fffffdc000003
0000020000001
000001bffffff
0000013fffffd
000000bfffffb
0000000000006
ffffff8000004
ffffff0000002
fffffe8000000
fffffe3fffffe
0000027fffffc
000001ffffffa
0000014000005
000000c000003
0000004000001
fffffffffffff
ffffff7fffffd
fffffeffffffb
fffffe4000006
fffffdc000004
0000020000002
0000018000000
0000013fffffe
000000bfffffc
0000003fffffa
ffffff8000005
ffffff0000003
fffffe8000001
fffffe3ffffff
0000027fffffd
000001ffffffb
0000014000006
000000c000004
0000004000002
ffffffc000000
ffffff7fffffe
fffffeffffffc
fffffe7fffffa
fffffdc000005
0000020000003
0000018000001
0000013ffffff
000000bfffffd
0000003fffffb
ffffff8000006
ffffff0000004
fffffe8000002
fffffe0000000
0000027fffffe
000001ffffffc
0000017fffffa
000000c000005
0000004000003
ffffffc000001
ffffff7ffffff
fffffeffffffd
fffffe7fffffb
fffffdc000006
0000020000004
0000018000002
0000010000000
000000bfffffe
0000003fffffc
ffffffbfffffa
ffffff0000005
fffffe8000003
fffffe0000001
0000027ffffff
000001ffffffd
0000017fffffb
000000c000006
0000004000004
ffffffc000002
ffffff4000000
fffffeffffffe
fffffe7fffffc
fffffdffffffa
0000020000005
0000018000003
0000010000001
000000bffffff
0000003fffffd
ffffffbfffffb
ffffff0000006
fffffe8000004
fffffe0000002
0000024000000
000001ffffffe
0000017fffffc
000000ffffffa
0000004000005
ffffffc000003
ffffff4000001
fffffefffffff
fffffe7fffffd
fffffdffffffb
0000020000006
0000018000004
0000010000002
0000008000000
0000003fffffe
ffffffbfffffc
ffffff3fffffa
fffffe8000005
fffffe0000003
0000024000001
000001fffffff
0000017fffffd
000000ffffffb
0000004000006
ffffffc000004
ffffff4000002
fffffec000000
fffffe7fffffe
fffffdffffffc
0000023fffffa
0000018000005
0000010000003
0000008000001
0000003ffffff
ffffffbfffffd
ffffff3fffffb
fffffe8000006
fffffe0000004
0000024000002
000001c000000
0000017fffffe
000000ffffffc
0000007fffffa
ffffffc000005
ffffff4000003
fffffec000001
fffffe7ffffff
fffffdffffffd
0000023fffffb
0000018000006
0000010000004
0000008000002
0000000000000
ffffffbfffffe
ffffff3fffffc
fffffebfffffa
fffffe0000005
0000024000003
000001c000001
0000017ffffff
000000ffffffd
0000007fffffb
ffffffc000006
ffffff4000004
fffffec000002
fffffe4000000
fffffdffffffe
0000023fffffc
000001bfffffa
0000010000005
0000008000003
0000000000001
ffffffbffffff
ffffff3fffffd
fffffebfffffb
fffffe0000006
0000024000004
000001c000002
0000014000000
000000ffffffe
0000007fffffc
ffffffffffffa
ffffff4000005
fffffec000003
fffffe4000001
fffffdfffffff
0000023fffffd
000001bfffffb
0000010000006
0000008000004
0000000000002
ffffff8000000
ffffff3fffffe
fffffebfffffc
fffffe3fffffa
0000024000005
000001c000003
0000014000001
000000fffffff
0000007fffffd
ffffffffffffb
ffffff4000006
fffffec000004
fffffe4000002
fffffdc000000
0000023fffffe
000001bfffffc
0000013fffffa
0000008000005
0000000000003
ffffff8000001
ffffff3ffffff
fffffebfffffd
fffffe3fffffb
0000024000006
000001c000004
0000014000002
000000c000000
0000007fffffe
ffffffffffffc
ffffff7fffffa
fffffec000005
fffffe4000003
fffffdc000001
0000023ffffff
000001bfffffd
0000013fffffb
0000008000006
0000000000004
ffffff8000002
ffffff0000000
fffffebfffffe
fffffe3fffffc
0000027fffffa
000001c000005
0000014000003
000000c000001
0000007ffffff
ffffffffffffd
ffffff7fffffb
fffffec000006
fffffe4000004
fffffdc000002
0000020000000
000001bfffffe
0000013fffffc
000000bfffffa
0000000000005
ffffff8000003
ffffff0000001
fffffebffffff
fffffe3fffffd
0000027fffffb
000001c000006
0000014000004
000000c000002
0000004000000
ffffffffffffe
ffffff7fffffc
fffffeffffffa
fffffe4000005
fffffdc000003
0000020000001
000001bffffff
0000013fffffd
000000bfffffb
0000000000006
ffffff8000004
ffffff0000002
fffffe8000000
fffffe3fffffe
0000027fffffc
000001ffffffa
0000014000005
000000c000003
0000004000001
fffffffffffff
ffffff7fffffd
fffffeffffffb
fffffe4000006
fffffdc000004
0000020000002
0000018000000
0000013fffffe
000000bfffffc
0000003fffffa
ffffff8000005
ffffff0000003
fffffe8000001
fffffe3ffffff
0000027fffffd
000001ffffffb
0000014000006
000000c000004
0000004000002
ffffffc000000
ffffff7fffffe
fffffeffffffc
fffffe7fffffa
fffffdc000005
0000020000003
0000018000001
0000013ffffff
000000bfffffd
0000003fffffb
ffffff8000006
ffffff0000004
fffffe8000002
fffffe0000000
0000027fffffe
000001ffffffc
0000017fffffa
000000c000005
0000004000003
ffffffc000001
ffffff7ffffff
fffffeffffffd
fffffe7fffffb
fffffdc000006
0000020000004
0000018000002
0000010000000
000000bfffffe
0000003fffffc
ffffffbfffffa
ffffff0000005
fffffe8000003
fffffe0000001
0000027ffffff
000001ffffffd
0000017fffffb
000000c000006
0000004000004
ffffffc000002
ffffff4000000
fffffeffffffe
fffffe7fffffc
fffffdffffffa
0000020000005
0000018000003
0000010000001
000000bffffff
0000003fffffd
ffffffbfffffb
ffffff0000006
fffffe8000004
fffffe0000002
0000024000000
000001ffffffe
0000017fffffc
000000ffffffa
0000004000005
ffffffc000003
ffffff4000001
fffffefffffff
fffffe7fffffd
fffffdffffffb
0000020000006
0000018000004
0000010000002
0000008000000
0000003fffffe
ffffffbfffffc
ffffff3fffffa
fffffe8000005
fffffe0000003
0000024000001
000001fffffff
0000017fffffd
000000ffffffb
0000004000006
ffffffc000004
ffffff4000002
fffffec000000
fffffe7fffffe
fffffdffffffc
0000023fffffa
0000018000005
0000010000003
0000008000001
0000003ffffff
ffffffbfffffd
ffffff3fffffb
fffffe8000006
fffffe0000004
0000024000002
000001c000000
0000017fffffe
000000ffffffc
0000007fffffa
ffffffc000005
ffffff4000003
fffffec000001
fffffe7ffffff
fffffdffffffd
0000023fffffb
0000018000006
0000010000004
0000008000002
0000000000000
ffffffbfffffe
ffffff3fffffc
fffffebfffffa
fffffe0000005
0000024000003
000001c000001
0000017ffffff
000000ffffffd
0000007fffffb
7fffffdffffff
7fffffdffffff
7fffffdffffff
7fffffdffffff
7fffffdffffff
7fffffdffffff
7fffffdffffff
7fffffdffffff
7fffffdffffff
7fffffdffffff
7fffffdffffff
7fffffdffffff
7fffffdffffff
7fffffdffffff
7fffffdffffff
7fffffdffffff
7fffffdffffff
7fffffdffffff
7fffffdffffff
7fffffdffffff
7fffffdffffff
7fffffdffffff
7fffffdffffff
7fffffdffffff
7fffffdffffff
7fffffdffffff
7fffffdffffff
7fffffdffffff
7fffffdffffff
7fffffdffffff
7fffffdffffff
7fffffdffffff
7fffffdffffff
7fffffdffffff
7fffffdffffff
7fffffdffffff
7fffffdffffff
7fffffdffffff
7fffffdffffff
7fffffdffffff
7fffffdffffff
7fffffdffffff
7fffffdffffff
7fffffdffffff
7fffffdffffff
7fffffdffffff
7fffffdffffff
7fffffdffffff
7fffffdffffff
7fffffdffffff
7fffffdffffff
7fffffdffffff
7fffffdffffff
7fffffdffffff
7fffffdffffff
7fffffdffffff
7fffffdffffff
7fffffdffffff
7fffffdffffff
7fffffdffffff
7fffffdffffff
7fffffdffffff
7fffffdffffff
7fffffdffffff
7fffffdffffff
7fffffdffffff
7fffffdffffff
7fffffdffffff
7fffffdffffff
7fffffdffffff
7fffffdffffff
7fffffdffffff
7fffffdffffff
7fffffdffffff
7fffffdffffff
7fffffdffffff
7fffffdffffff
7fffffdffffff
7fffffdffffff
7fffffdffffff
7fffffdffffff
7fffffdffffff
7fffffdffffff
7fffffdffffff
7fffffdffffff
7fffffdffffff
7fffffdffffff
7fffffdffffff
7fffffdffffff
7fffffdffffff
7fffffdffffff
7fffffdffffff
7fffffdffffff
7fffffdffffff
7fffffdffffff
7fffffdffffff
7fffffdffffff
7fffffdffffff
7fffffdffffff
7fffffdffffff
7fffffdffffff
7fffffdffffff
7fffffdffffff
7fffffdffffff
7fffffdffffff
7fffffdffffff
7fffffdffffff
7fffffdffffff
7fffffdffffff
7fffffdffffff
7fffffdffffff
7fffffdffffff
7fffffdffffff
7fffffdffffff
7fffffdffffff
7fffffdffffff
7fffffdffffff
7fffffdffffff
7fffffdffffff
7fffffdffffff
7fffffdffffff
7fffffdffffff
7fffffdffffff
7fffffdffffff
7fffffdffffff
7fffffdffffff
7fffffdffffff
7fffffdffffff
7fffffdffffff
7fffffdffffff
7fffffdffffff
7fffffdffffff
7fffffdffffff
7fffffdffffff
7fffffdffffff
7fffffdffffff
7fffffdffffff
7fffffdffffff
7fffffdffffff
7fffffdffffff
7fffffdffffff
7fffffdffffff
7fffffdffffff
7fffffdffffff
7fffffdffffff
7fffffdffffff
7fffffdffffff
7fffffdffffff
7fffffdffffff
7fffffdffffff
7fffffdffffff
7fffffdffffff
7fffffdffffff
7fffffdffffff
7fffffdffffff
7fffffdffffff
7fffffdffffff
7fffffdffffff
7fffffdffffff
7fffffdffffff
7fffffdffffff
7fffffdffffff
7fffffdffffff
7fffffdffffff
7fffffdffffff
7fffffdffffff
7fffffdffffff
7fffffdffffff
7fffffdffffff
7fffffdffffff
7fffffdffffff
7fffffdffffff
7fffffdffffff
7fffffdffffff
7fffffdffffff
7fffffdffffff
7fffffdffffff
7fffffdffffff
7fffffdffffff
7fffffdffffff
7fffffdffffff
7fffffdffffff
7fffffdffffff
7fffffdffffff
7fffffdffffff
7fffffdffffff
7fffffdffffff
7fffffdffffff
7fffffdffffff
7fffffdffffff
7fffffdffffff
7fffffdffffff
7fffffdffffff
7fffffdffffff
7fffffdffffff
7fffffdffffff
7fffffdffffff
7fffffdffffff
7fffffdffffff
7fffffdffffff
7fffffdffffff
7fffffdffffff
7fffffdffffff
7fffffdffffff
7fffffdffffff
7fffffdffffff
7fffffdffffff
7fffffdffffff
7fffffdffffff
7fffffdffffff
7fffffdffffff
7fffffdffffff
7fffffdffffff
7fffffdffffff
7fffffdffffff
7fffffdffffff
7fffffdffffff
7fffffdffffff
7fffffdffffff
7fffffdffffff
7fffffdffffff
7fffffdffffff
7fffffdffffff
7fffffdffffff
7fffffdffffff
7fffffdffffff
7fffffdffffff
7fffffdffffff
7fffffdffffff
7fffffdffffff
7fffffdffffff
7fffffdffffff
7fffffdffffff
7fffffdffffff
7fffffdffffff
7fffffdffffff
7fffffdffffff
7fffffdffffff
7fffffdffffff
7fffffdffffff
7fffffdffffff
7fffffdffffff
7fffffdffffff
7fffffdffffff
7fffffdffffff
7fffffdffffff
7fffffdffffff
7fffffdffffff
7fffffdffffff
7fffffdffffff
7fffffdffffff
7fffffdffffff
7fffffdffffff
7fffffdffffff
7fffffdffffff
7fffffdffffff
7fffffdffffff
7fffffdffffff
7fffffdffffff
7fffffdffffff
7fffffdffffff
7fffffdffffff
7fffffdffffff
7fffffdffffff
7fffffdffffff
7fffffdffffff
7fffffdffffff
7fffffdffffff
7fffffdffffff
7fffffdffffff
7fffffdffffff
7fffffdffffff
7fffffdffffff
7fffffdffffff
7fffffdffffff
7fffffdffffff
7fffffdffffff
7fffffdffffff
7fffffdffffff
7fffffdffffff
7fffffdffffff
7fffffdffffff
7fffffdffffff
7fffffdffffff
7fffffdffffff
7fffffdffffff
7fffffdffffff
7fffffdffffff
7fffffdffffff
7fffffdffffff
7fffffdffffff
7fffffdffffff
7fffffdffffff
7fffffdffffff
7fffffdffffff
7fffffdffffff
7fffffdffffff
7fffffdffffff
7fffffdffffff
7fffffdffffff
7fffffdffffff
7fffffdffffff
7fffffdffffff
7fffffdffffff
7fffffdffffff
7fffffdffffff
7fffffdffffff
7fffffdffffff
7fffffdffffff
7fffffdffffff
7fffffdffffff
7fffffdffffff
7fffffdffffff
7fffffdffffff
7fffffdffffff
7fffffdffffff
7fffffdffffff
7fffffdffffff
7fffffdffffff
7fffffdffffff
7fffffdffffff
7fffffdffffff
7fffffdffffff
7fffffdffffff
7fffffdffffff
7fffffdffffff
7fffffdffffff
7fffffdffffff
7fffffdffffff
7fffffdffffff
7fffffdffffff
7fffffdffffff
7fffffdffffff
7fffffdffffff
7fffffdffffff
7fffffdffffff
7fffffdffffff
7fffffdffffff
7fffffdffffff
7fffffdffffff
7fffffdffffff
7fffffdffffff
7fffffdffffff
7fffffdffffff
7fffffdffffff
7fffffdffffff
7fffffdffffff
7fffffdffffff
7fffffdffffff
7fffffdffffff
7fffffdffffff
7fffffdffffff
7fffffdffffff
7fffffdffffff
7fffffdffffff
7fffffdffffff
7fffffdffffff
7fffffdffffff
7fffffdffffff
7fffffdffffff
7fffffdffffff
7fffffdffffff
7fffffdffffff
7fffffdffffff
7fffffdffffff
7fffffdffffff
7fffffdffffff
7fffffdffffff
7fffffdffffff
7fffffdffffff
7fffffdffffff
7fffffdffffff
7fffffdffffff
7fffffdffffff
7fffffdffffff
7fffffdffffff
7fffffdffffff
7fffffdffffff
7fffffdffffff
7fffffdffffff
7fffffdffffff
7fffffdffffff
7fffffdffffff
7fffffdffffff
7fffffdffffff
7fffffdffffff
7fffffdffffff
7fffffdffffff
7fffffdffffff
7fffffdffffff
7fffffdffffff
7fffffdffffff
7fffffdffffff
7fffffdffffff
7fffffdffffff
7fffffdffffff
7fffffdffffff
7fffffdffffff
7fffffdffffff
7fffffdffffff
7fffffdffffff
7fffffdffffff
7fffffdffffff
7fffffdffffff
7fffffdffffff
7fffffdffffff
7fffffdffffff
7fffffdffffff
7fffffdffffff
7fffffdffffff
7fffffdffffff
7fffffdffffff
7fffffdffffff
7fffffdffffff
7fffffdffffff
7fffffdffffff
7fffffdffffff
7fffffdffffff
7fffffdffffff
7fffffdffffff
7fffffdffffff
7fffffdffffff
7fffffdffffff
7fffffdffffff
7fffffdffffff
7fffffdffffff
7fffffdffffff
7fffffdffffff
7fffffdffffff
7fffffdffffff
7fffffdffffff
7fffffdffffff
7fffffdffffff
7fffffdffffff
7fffffdffffff
7fffffdffffff
7fffffdffffff
7fffffdffffff
7fffffdffffff
7fffffdffffff
7fffffdffffff
7fffffdffffff
7fffffdffffff
7fffffdffffff
7fffffdffffff
7fffffdffffff
7fffffdffffff
7fffffdffffff
7fffffdffffff
7fffffdffffff
7fffffdffffff
7fffffdffffff
7fffffdffffff
7fffffdffffff
7fffffdffffff
7fffffdffffff
7fffffdffffff
7fffffdffffff
7fffffdffffff
7fffffdffffff
7fffffdffffff
7fffffdffffff
7fffffdffffff
7fffffdffffff
7fffffdffffff
7fffffdffffff
7fffffdffffff
7fffffdffffff
7fffffdffffff
7fffffdffffff
7fffffdffffff
7fffffdffffff
7fffffdffffff
7fffffdffffff
7fffffdffffff
7fffffdffffff
7fffffdffffff
7fffffdffffff
7fffffdffffff
7fffffdffffff
7fffffdffffff
7fffffdffffff
7fffffdffffff
7fffffdffffff
7fffffdffffff
7fffffdffffff
7fffffdffffff
7fffffdffffff
7fffffdffffff
7fffffdffffff
7fffffdffffff
7fffffdffffff
7fffffdffffff
7fffffdffffff
7fffffdffffff
7fffffdffffff
7fffffdffffff
7fffffdffffff
7fffffdffffff
7fffffdffffff
7fffffdffffff
7fffffdffffff
7fffffdffffff
7fffffdffffff
7fffffdffffff
7fffffdffffff
7fffffdffffff
7fffffdffffff
7fffffdffffff
7fffffdffffff
7fffffdffffff
7fffffdffffff
8000001ffffff
8000001ffffff
8000001ffffff
8000001ffffff
8000001ffffff
8000001ffffff
8000001ffffff
8000001ffffff
8000001ffffff
8000001ffffff
8000001ffffff
8000001ffffff
8000001ffffff
8000001ffffff
8000001ffffff
8000001ffffff
8000001ffffff
8000001ffffff
8000001ffffff
8000001ffffff
8000001ffffff
8000001ffffff
8000001ffffff
8000001ffffff
8000001ffffff
8000001ffffff
8000001ffffff
8000001ffffff
8000001ffffff
8000001ffffff
8000001ffffff
8000001ffffff
8000001ffffff
8000001ffffff
8000001ffffff
8000001ffffff
8000001ffffff
8000001ffffff
8000001ffffff
8000001ffffff
8000001ffffff
8000001ffffff
8000001ffffff
8000001ffffff
8000001ffffff
8000001ffffff
8000001ffffff
8000001ffffff
8000001ffffff
8000001ffffff
8000001ffffff
8000001ffffff
8000001ffffff
8000001ffffff
8000001ffffff
8000001ffffff
8000001ffffff
8000001ffffff
8000001ffffff
8000001ffffff
8000001ffffff
8000001ffffff
8000001ffffff
8000001ffffff
8000001ffffff
8000001ffffff
8000001ffffff
8000001ffffff
8000001ffffff
8000001ffffff
8000001ffffff
8000001ffffff
8000001ffffff
8000001ffffff
8000001ffffff
8000001ffffff
8000001ffffff
8000001ffffff
8000001ffffff
8000001ffffff
8000001ffffff
8000001ffffff
8000001ffffff
8000001ffffff
8000001ffffff
8000001ffffff
8000001ffffff
8000001ffffff
8000001ffffff
8000001ffffff
8000001ffffff
8000001ffffff
8000001ffffff
8000001ffffff
8000001ffffff
8000001ffffff
8000001ffffff
8000001ffffff
8000001ffffff
8000001ffffff
8000001ffffff
8000001ffffff
8000001ffffff
8000001ffffff
8000001ffffff
8000001ffffff
8000001ffffff
8000001ffffff
8000001ffffff
8000001ffffff
8000001ffffff
8000001ffffff
8000001ffffff
8000001ffffff
8000001ffffff
8000001ffffff
8000001ffffff
8000001ffffff
8000001ffffff
8000001ffffff
8000001ffffff
8000001ffffff
8000001ffffff
8000001ffffff
8000001ffffff
8000001ffffff
8000001ffffff
8000001ffffff
8000001ffffff
8000001ffffff
8000001ffffff
8000001ffffff
8000001ffffff
8000001ffffff
8000001ffffff
8000001ffffff
8000001ffffff
8000001ffffff
8000001ffffff
8000001ffffff
8000001ffffff
8000001ffffff
8000001ffffff
8000001ffffff
8000001ffffff
8000001ffffff
8000001ffffff
8000001ffffff
8000001ffffff
8000001ffffff
8000001ffffff
8000001ffffff
8000001ffffff
8000001ffffff
8000001ffffff
8000001ffffff
8000001ffffff
8000001ffffff
8000001ffffff
8000001ffffff
8000001ffffff
8000001ffffff
8000001ffffff
8000001ffffff
8000001ffffff
8000001ffffff
8000001ffffff
8000001ffffff
8000001ffffff
8000001ffffff
8000001ffffff
8000001ffffff
8000001ffffff
8000001ffffff
8000001ffffff
8000001ffffff
8000001ffffff
8000001ffffff
8000001ffffff
8000001ffffff
8000001ffffff
8000001ffffff
8000001ffffff
8000001ffffff
8000001ffffff
8000001ffffff
8000001ffffff
8000001ffffff
8000001ffffff
8000001ffffff
8000001ffffff
8000001ffffff
8000001ffffff
8000001ffffff
8000001ffffff
8000001ffffff
8000001ffffff
8000001ffffff
8000001ffffff
8000001ffffff
8000001ffffff
8000001ffffff
8000001ffffff
8000001ffffff
8000001ffffff
8000001ffffff
8000001ffffff
8000001ffffff
8000001ffffff
8000001ffffff
8000001ffffff
8000001ffffff
8000001ffffff
8000001ffffff
8000001ffffff
8000001ffffff
8000001ffffff
8000001ffffff
8000001ffffff
8000001ffffff
8000001ffffff
8000001ffffff
8000001ffffff
8000001ffffff
8000001ffffff
8000001ffffff
8000001ffffff
8000001ffffff
8000001ffffff
8000001ffffff
8000001ffffff
8000001ffffff
8000001ffffff
8000001ffffff
8000001ffffff
8000001ffffff
8000001ffffff
8000001ffffff
8000001ffffff
8000001ffffff
8000001ffffff
8000001ffffff
8000001ffffff
8000001ffffff
8000001ffffff
8000001ffffff
8000001ffffff
8000001ffffff
8000001ffffff
8000001ffffff
8000001ffffff
8000001ffffff
8000001ffffff
8000001ffffff
8000001ffffff
8000001ffffff
8000001ffffff
8000001ffffff
8000001ffffff
8000001ffffff
8000001ffffff
8000001ffffff
8000001ffffff
8000001ffffff
8000001ffffff
8000001ffffff
8000001ffffff
8000001ffffff
8000001ffffff
8000001ffffff
8000001ffffff
8000001ffffff
8000001ffffff
8000001ffffff
8000001ffffff
8000001ffffff
8000001ffffff
8000001ffffff
8000001ffffff
8000001ffffff
8000001ffffff
8000001ffffff
8000001ffffff
8000001ffffff
8000001ffffff
8000001ffffff
8000001ffffff
8000001ffffff
8000001ffffff
8000001ffffff
8000001ffffff
8000001ffffff
8000001ffffff
8000001ffffff
8000001ffffff
8000001ffffff
8000001ffffff
8000001ffffff
8000001ffffff
8000001ffffff
8000001ffffff
8000001ffffff
8000001ffffff
8000001ffffff
8000001ffffff
8000001ffffff
8000001ffffff
8000001ffffff
8000001ffffff
8000001ffffff
8000001ffffff
8000001ffffff
8000001ffffff
8000001ffffff
8000001ffffff
8000001ffffff
8000001ffffff
8000001ffffff
8000001ffffff
8000001ffffff
8000001ffffff
8000001ffffff
8000001ffffff
8000001ffffff
8000001ffffff
8000001ffffff
8000001ffffff
8000001ffffff
8000001ffffff
8000001ffffff
8000001ffffff
8000001ffffff
8000001ffffff
8000001ffffff
8000001ffffff
8000001ffffff
8000001ffffff
8000001ffffff
8000001ffffff
8000001ffffff
8000001ffffff
8000001ffffff
8000001ffffff
8000001ffffff
8000001ffffff
8000001ffffff
8000001ffffff
8000001ffffff
8000001ffffff
8000001ffffff
8000001ffffff
8000001ffffff
8000001ffffff
8000001ffffff
8000001ffffff
8000001ffffff
8000001ffffff
8000001ffffff
8000001ffffff
8000001ffffff
8000001ffffff
8000001ffffff
8000001ffffff
8000001ffffff
8000001ffffff
8000001ffffff
8000001ffffff
8000001ffffff
8000001ffffff
8000001ffffff
8000001ffffff
8000001ffffff
8000001ffffff
8000001ffffff
8000001ffffff
8000001ffffff
8000001ffffff
8000001ffffff
8000001ffffff
8000001ffffff
8000001ffffff
8000001ffffff
8000001ffffff
8000001ffffff
8000001ffffff
8000001ffffff
8000001ffffff
8000001ffffff
8000001ffffff
8000001ffffff
8000001ffffff
8000001ffffff
8000001ffffff
8000001ffffff
8000001ffffff
8000001ffffff
8000001ffffff
8000001ffffff
8000001ffffff
8000001ffffff
8000001ffffff
8000001ffffff
8000001ffffff
8000001ffffff
8000001ffffff
8000001ffffff
8000001ffffff
8000001ffffff
8000001ffffff
8000001ffffff
8000001ffffff
8000001ffffff
8000001ffffff
8000001ffffff
8000001ffffff
8000001ffffff
8000001ffffff
8000001ffffff
8000001ffffff
8000001ffffff
8000001ffffff
8000001ffffff
8000001ffffff
8000001ffffff
8000001ffffff
8000001ffffff
8000001ffffff
8000001ffffff
8000001ffffff
8000001ffffff
8000001ffffff
8000001ffffff
8000001ffffff
8000001ffffff
8000001ffffff
8000001ffffff
8000001ffffff
8000001ffffff
8000001ffffff
8000001ffffff
8000001ffffff
8000001ffffff
8000001ffffff
8000001ffffff
8000001ffffff
8000001ffffff
8000001ffffff
8000001ffffff
8000001ffffff
8000001ffffff
8000001ffffff
8000001ffffff
8000001ffffff
8000001ffffff
8000001ffffff
8000001ffffff
8000001ffffff
8000001ffffff
8000001ffffff
8000001ffffff
8000001ffffff
8000001ffffff
8000001ffffff
8000001ffffff
8000001ffffff
8000001ffffff
8000001ffffff
8000001ffffff
8000001ffffff
8000001ffffff
8000001ffffff
8000001ffffff
8000001ffffff
8000001ffffff
8000001ffffff
8000001ffffff
8000001ffffff
8000001ffffff
8000001ffffff
8000001ffffff
8000001ffffff
8000001ffffff
8000001ffffff
8000001ffffff
8000001ffffff
8000001ffffff
8000001ffffff
8000001ffffff
8000001ffffff
8000001ffffff
8000001ffffff
8000001ffffff
8000001ffffff
8000001ffffff
8000001ffffff
8000001ffffff
8000001ffffff
8000001ffffff
8000001ffffff
8000001ffffff
8000001ffffff
8000001ffffff
8000001ffffff
8000001ffffff
8000001ffffff
8000001ffffff
8000001ffffff
8000001ffffff
8000001ffffff
8000001ffffff
8000001ffffff
8000001ffffff
8000002000000
8000002000000
8000002000000
8000002000000
8000002000000
8000002000000
8000002000000
8000002000000
8000002000000
8000002000000
8000002000000
8000002000000
8000002000000
8000002000000
8000002000000
8000002000000
8000002000000
8000002000000
8000002000000
8000002000000
8000002000000
8000002000000
8000002000000
8000002000000
8000002000000
8000002000000
8000002000000
8000002000000
8000002000000
8000002000000
8000002000000
8000002000000
8000002000000
8000002000000
8000002000000
8000002000000
8000002000000
8000002000000
8000002000000
8000002000000
8000002000000
8000002000000
8000002000000
8000002000000
8000002000000
8000002000000
8000002000000
8000002000000
8000002000000
8000002000000
8000002000000
8000002000000
8000002000000
8000002000000
8000002000000
8000002000000
8000002000000
8000002000000
8000002000000
8000002000000
8000002000000
8000002000000
8000002000000
8000002000000
8000002000000
8000002000000
8000002000000
8000002000000
8000002000000
8000002000000
8000002000000
8000002000000
8000002000000
8000002000000
8000002000000
8000002000000
8000002000000
8000002000000
8000002000000
8000002000000
8000002000000
8000002000000
8000002000000
8000002000000
8000002000000
8000002000000
8000002000000
8000002000000
8000002000000
8000002000000
8000002000000
8000002000000
8000002000000
8000002000000
8000002000000
8000002000000
8000002000000
8000002000000
8000002000000
8000002000000
8000002000000
8000002000000
8000002000000
8000002000000
8000002000000
8000002000000
8000002000000
8000002000000
8000002000000
8000002000000
8000002000000
8000002000000
8000002000000
8000002000000
8000002000000
8000002000000
8000002000000
8000002000000
8000002000000
8000002000000
8000002000000
8000002000000
8000002000000
8000002000000
8000002000000
8000002000000
8000002000000
8000002000000
8000002000000
8000002000000
8000002000000
8000002000000
8000002000000
8000002000000
8000002000000
8000002000000
8000002000000
8000002000000
8000002000000
8000002000000
8000002000000
8000002000000
8000002000000
8000002000000
8000002000000
8000002000000
8000002000000
8000002000000
8000002000000
8000002000000
8000002000000
8000002000000
8000002000000
8000002000000
8000002000000
8000002000000
8000002000000
8000002000000
8000002000000
8000002000000
8000002000000
8000002000000
8000002000000
8000002000000
8000002000000
8000002000000
8000002000000
8000002000000
8000002000000
8000002000000
8000002000000
8000002000000
8000002000000
8000002000000
8000002000000
8000002000000
8000002000000
8000002000000
8000002000000
8000002000000
8000002000000
8000002000000
8000002000000
8000002000000
8000002000000
8000002000000
8000002000000
8000002000000
8000002000000
8000002000000
8000002000000
8000002000000
8000002000000
8000002000000
8000002000000
8000002000000
8000002000000
8000002000000
8000002000000
8000002000000
8000002000000
8000002000000
8000002000000
8000002000000
8000002000000
8000002000000
8000002000000
8000002000000
8000002000000
8000002000000
8000002000000
8000002000000
8000002000000
8000002000000
8000002000000
8000002000000
8000002000000
8000002000000
8000002000000
8000002000000
8000002000000
8000002000000
8000002000000
8000002000000
8000002000000
8000002000000
8000002000000
8000002000000
8000002000000
8000002000000
8000002000000
8000002000000
8000002000000
8000002000000
8000002000000
8000002000000
8000002000000
8000002000000
8000002000000
8000002000000
8000002000000
8000002000000
8000002000000
8000002000000
8000002000000
8000002000000
8000002000000
8000002000000
8000002000000
8000002000000
8000002000000
8000002000000
8000002000000
8000002000000
8000002000000
8000002000000
8000002000000
8000002000000
8000002000000
8000002000000
8000002000000
8000002000000
8000002000000
8000002000000
8000002000000
8000002000000
8000002000000
8000002000000
8000002000000
8000002000000
8000002000000
8000002000000
8000002000000
8000002000000
8000002000000
8000002000000
8000002000000
8000002000000
8000002000000
8000002000000
8000002000000
8000002000000
8000002000000
8000002000000
8000002000000
8000002000000
8000002000000
8000002000000
8000002000000
8000002000000
8000002000000
8000002000000
8000002000000
8000002000000
8000002000000
8000002000000
8000002000000
8000002000000
8000002000000
8000002000000
8000002000000
8000002000000
8000002000000
8000002000000
8000002000000
8000002000000
8000002000000
8000002000000
8000002000000
8000002000000
8000002000000
8000002000000
8000002000000
8000002000000
8000002000000
8000002000000
8000002000000
8000002000000
8000002000000
8000002000000
8000002000000
8000002000000
8000002000000
8000002000000
8000002000000
8000002000000
8000002000000
8000002000000
8000002000000
8000002000000
8000002000000
8000002000000
8000002000000
8000002000000
8000002000000
8000002000000
8000002000000
8000002000000
8000002000000
8000002000000
8000002000000
8000002000000
8000002000000
8000002000000
8000002000000
8000002000000
8000002000000
8000002000000
8000002000000
8000002000000
8000002000000
8000002000000
8000002000000
8000002000000
8000002000000
8000002000000
8000002000000
8000002000000
8000002000000
8000002000000
8000002000000
8000002000000
8000002000000
8000002000000
8000002000000
8000002000000
8000002000000
8000002000000
8000002000000
8000002000000
8000002000000
8000002000000
8000002000000
8000002000000
8000002000000
8000002000000
8000002000000
8000002000000
8000002000000
8000002000000
8000002000000
8000002000000
8000002000000
8000002000000
8000002000000
8000002000000
8000002000000
8000002000000
8000002000000
8000002000000
8000002000000
8000002000000
8000002000000
8000002000000
8000002000000
8000002000000
8000002000000
8000002000000
8000002000000
8000002000000
8000002000000
8000002000000
8000002000000
8000002000000
8000002000000
8000002000000
8000002000000
8000002000000
8000002000000
8000002000000
8000002000000
8000002000000
8000002000000
8000002000000
8000002000000
8000002000000
8000002000000
8000002000000
8000002000000
8000002000000
8000002000000
8000002000000
8000002000000
8000002000000
8000002000000
8000002000000
8000002000000
8000002000000
8000002000000
8000002000000
8000002000000
8000002000000
8000002000000
8000002000000
8000002000000
8000002000000
8000002000000
8000002000000
8000002000000
8000002000000
8000002000000
8000002000000
8000002000000
8000002000000
8000002000000
8000002000000
8000002000000
8000002000000
8000002000000
8000002000000
8000002000000
8000002000000
8000002000000
8000002000000
8000002000000
8000002000000
8000002000000
8000002000000
8000002000000
8000002000000
8000002000000
8000002000000
8000002000000
8000002000000
8000002000000
8000002000000
8000002000000
8000002000000
8000002000000
8000002000000
8000002000000
8000002000000
8000002000000
8000002000000
8000002000000
8000002000000
8000002000000
8000002000000
8000002000000
8000002000000
8000002000000
8000002000000
8000002000000
8000002000000
8000002000000
8000002000000
8000002000000
8000002000000
8000002000000
8000002000000
8000002000000
8000002000000
8000002000000
8000002000000
8000002000000
8000002000000
8000002000000
8000002000000
8000002000000
8000002000000
8000002000000
8000002000000
8000002000000
8000002000000
8000002000000
8000002000000
8000002000000
8000002000000
8000002000000
8000002000000
8000002000000
8000002000000
7fffffe000000
7fffffe000000
7fffffe000000
7fffffe000000
7fffffe000000
7fffffe000000
7fffffe000000
7fffffe000000
7fffffe000000
7fffffe000000
7fffffe000000
7fffffe000000
7fffffe000000
7fffffe000000
7fffffe000000
7fffffe000000
7fffffe000000
7fffffe000000
7fffffe000000
7fffffe000000
7fffffe000000
7fffffe000000
7fffffe000000
7fffffe000000
7fffffe000000
7fffffe000000
7fffffe000000
7fffffe000000
7fffffe000000
7fffffe000000
7fffffe000000
7fffffe000000
7fffffe000000
7fffffe000000
7fffffe000000
7fffffe000000
7fffffe000000
7fffffe000000
7fffffe000000
7fffffe000000
7fffffe000000
7fffffe000000
7fffffe000000
7fffffe000000
7fffffe000000
7fffffe000000
7fffffe000000
7fffffe000000
7fffffe000000
7fffffe000000
7fffffe000000
7fffffe000000
7fffffe000000
7fffffe000000
7fffffe000000
7fffffe000000
7fffffe000000
7fffffe000000
7fffffe000000
7fffffe000000
7fffffe000000
7fffffe000000
7fffffe000000
7fffffe000000
7fffffe000000
7fffffe000000
7fffffe000000
7fffffe000000
7fffffe000000
7fffffe000000
7fffffe000000
7fffffe000000
7fffffe000000
7fffffe000000
7fffffe000000
7fffffe000000
7fffffe000000
7fffffe000000
7fffffe000000
7fffffe000000
7fffffe000000
7fffffe000000
7fffffe000000
7fffffe000000
7fffffe000000
7fffffe000000
7fffffe000000
7fffffe000000
7fffffe000000
7fffffe000000
7fffffe000000
7fffffe000000
7fffffe000000
7fffffe000000
7fffffe000000
7fffffe000000
7fffffe000000
7fffffe000000
7fffffe000000
7fffffe000000
7fffffe000000
7fffffe000000
7fffffe000000
7fffffe000000
7fffffe000000
7fffffe000000
7fffffe000000
7fffffe000000
7fffffe000000
7fffffe000000
7fffffe000000
7fffffe000000
7fffffe000000
7fffffe000000
7fffffe000000
7fffffe000000
7fffffe000000
7fffffe000000
7fffffe000000
7fffffe000000
7fffffe000000
7fffffe000000
7fffffe000000
7fffffe000000
7fffffe000000
7fffffe000000
7fffffe000000
7fffffe000000
7fffffe000000
7fffffe000000
7fffffe000000
7fffffe000000
7fffffe000000
7fffffe000000
7fffffe000000
7fffffe000000
7fffffe000000
7fffffe000000
7fffffe000000
7fffffe000000
7fffffe000000
7fffffe000000
7fffffe000000
7fffffe000000
7fffffe000000
7fffffe000000
7fffffe000000
7fffffe000000
7fffffe000000
7fffffe000000
7fffffe000000
7fffffe000000
7fffffe000000
7fffffe000000
7fffffe000000
7fffffe000000
7fffffe000000
7fffffe000000
7fffffe000000
7fffffe000000
7fffffe000000
7fffffe000000
7fffffe000000
7fffffe000000
7fffffe000000
7fffffe000000
7fffffe000000
7fffffe000000
7fffffe000000
7fffffe000000
7fffffe000000
7fffffe000000
7fffffe000000
7fffffe000000
7fffffe000000
7fffffe000000
7fffffe000000
7fffffe000000
7fffffe000000
7fffffe000000
7fffffe000000
7fffffe000000
7fffffe000000
7fffffe000000
7fffffe000000
7fffffe000000
7fffffe000000
7fffffe000000
7fffffe000000
7fffffe000000
7fffffe000000
7fffffe000000
7fffffe000000
7fffffe000000
7fffffe000000
7fffffe000000
7fffffe000000
7fffffe000000
7fffffe000000
7fffffe000000
7fffffe000000
7fffffe000000
7fffffe000000
7fffffe000000
7fffffe000000
7fffffe000000
7fffffe000000
7fffffe000000
7fffffe000000
7fffffe000000
7fffffe000000
7fffffe000000
7fffffe000000
7fffffe000000
7fffffe000000
7fffffe000000
7fffffe000000
7fffffe000000
7fffffe000000
7fffffe000000
7fffffe000000
7fffffe000000
7fffffe000000
7fffffe000000
7fffffe000000
7fffffe000000
7fffffe000000
7fffffe000000
7fffffe000000
7fffffe000000
7fffffe000000
7fffffe000000
7fffffe000000
7fffffe000000
7fffffe000000
7fffffe000000
7fffffe000000
7fffffe000000
7fffffe000000
7fffffe000000
7fffffe000000
7fffffe000000
7fffffe000000
7fffffe000000
7fffffe000000
7fffffe000000
7fffffe000000
7fffffe000000
7fffffe000000
7fffffe000000
7fffffe000000
7fffffe000000
7fffffe000000
7fffffe000000
7fffffe000000
7fffffe000000
7fffffe000000
7fffffe000000
7fffffe000000
7fffffe000000
7fffffe000000
7fffffe000000
7fffffe000000
7fffffe000000
7fffffe000000
7fffffe000000
7fffffe000000
7fffffe000000
7fffffe000000
7fffffe000000
7fffffe000000
7fffffe000000
7fffffe000000
7fffffe000000
7fffffe000000
7fffffe000000
7fffffe000000
7fffffe000000
7fffffe000000
7fffffe000000
7fffffe000000
7fffffe000000
7fffffe000000
7fffffe000000
7fffffe000000
7fffffe000000
7fffffe000000
7fffffe000000
7fffffe000000
7fffffe000000
7fffffe000000
7fffffe000000
7fffffe000000
7fffffe000000
7fffffe000000
7fffffe000000
7fffffe000000
7fffffe000000
7fffffe000000
7fffffe000000
7fffffe000000
7fffffe000000
7fffffe000000
7fffffe000000
7fffffe000000
7fffffe000000
7fffffe000000
7fffffe000000
7fffffe000000
7fffffe000000
7fffffe000000
7fffffe000000
7fffffe000000
7fffffe000000
7fffffe000000
7fffffe000000
7fffffe000000
7fffffe000000
7fffffe000000
7fffffe000000
7fffffe000000
7fffffe000000
7fffffe000000
7fffffe000000
7fffffe000000
7fffffe000000
7fffffe000000
7fffffe000000
7fffffe000000
7fffffe000000
7fffffe000000
7fffffe000000
7fffffe000000
7fffffe000000
7fffffe000000
7fffffe000000
7fffffe000000
7fffffe000000
7fffffe000000
7fffffe000000
7fffffe000000
7fffffe000000
7fffffe000000
7fffffe000000
7fffffe000000
7fffffe000000
7fffffe000000
7fffffe000000
7fffffe000000
7fffffe000000
7fffffe000000
7fffffe000000
7fffffe000000
7fffffe000000
7fffffe000000
7fffffe000000
7fffffe000000
7fffffe000000
7fffffe000000
7fffffe000000
7fffffe000000
7fffffe000000
7fffffe000000
7fffffe000000
7fffffe000000
7fffffe000000
7fffffe000000
7fffffe000000
7fffffe000000
7fffffe000000
7fffffe000000
7fffffe000000
7fffffe000000
7fffffe000000
7fffffe000000
7fffffe000000
7fffffe000000
7fffffe000000
7fffffe000000
7fffffe000000
7fffffe000000
7fffffe000000
7fffffe000000
7fffffe000000
7fffffe000000
7fffffe000000
7fffffe000000
7fffffe000000
7fffffe000000
7fffffe000000
7fffffe000000
7fffffe000000
7fffffe000000
7fffffe000000
7fffffe000000
7fffffe000000
7fffffe000000
7fffffe000000
7fffffe000000
7fffffe000000
7fffffe000000
7fffffe000000
7fffffe000000
7fffffe000000
7fffffe000000
7fffffe000000
7fffffe000000
7fffffe000000
7fffffe000000
7fffffe000000
7fffffe000000
7fffffe000000
7fffffe000000
7fffffe000000
7fffffe000000
7fffffe000000
7fffffe000000
7fffffe000000
7fffffe000000
7fffffe000000
7fffffe000000
7fffffe000000
7fffffe000000
7fffffe000000
7fffffe000000
7fffffe000000
7fffffe000000
7fffffe000000
7fffffe000000
7fffffe000000
7fffffe000000
7fffffe000000
7fffffe000000
7fffffe000000
7fffffe000000
7fffffe000000
7fffffe000000
7fffffe000000
7fffffe000000
7fffffe000000
7fffffe000000
7fffffe000000
7fffffe000000
7fffffe000000
7fffffe000000
7fffffe000000
7fffffe000000
7fffffe000000
7fffffe000000
7fffffe000000
7fffffe000000
7fffffe000000
7fffffe000000
7fffffe000000
7fffffe000000
7fffffe000000
7fffffe000000
7fffffe000000
7fffffe000000
7fffffe000000
7fffffe000000
7fffffe000000
7fffffe000000
7fffffe000000
7fffffe000000
7fffffe000000
7fffffe000000
7fffffe000000
7fffffe000000
7fffffe000000
7fffffe000000
7fffffe000000
7fffffe000000
7fffffe000000
7fffffe000000
7fffffe000000
7fffffe000000
7fffffe000000
7fffffe000000
7fffffe000000
7fffffe000000
7fffffe000000
7fffffe000000
7fffffe000000
7fffffe000000
7fffffe000000
7fffffe000000
7fffffe000000
7fffffe000000
7fffffe000000
7fffffe000000
7fffffe000000
7fffffe000000
7fffffe000000
7fffffe000000
7fffffe000000
7fffffe000000
7fffffe000000
7fffffe000000
7fffffe000000
7fffffe000000
7fffffe000000
7fffffe000000
7fffffe000000
7fffffe000000
7fffffe000000
7fffffe000000
7fffffe000000
7fffffe000000
7fffffe000000
7fffffe000000
7fffffe000000
