01ea97f4fd81ea97f4fd8
7ed187e5c37ed187e5c30
009f07e15b009f07e15b0
000000000000000000000
7e922017297e922017290
000000000000000000000
004ff0200e004ff0200e0
000000000000000000000
7ee947e4b17ee947e4b10
7eaa7018427eaa7018420
7df887fd707df887fd700
000000000000000000000
01bba010c701bba010c70
000000000000000000000
01e107f39e01e107f39e0
000000000000000000000
00ac7fe0c200ac7fe0c20
7df717fe277df717fe270
7edac7e5167edac7e5160
000000000000000000000
004450204400445020440
000000000000000000000
01c620101281c62010128
000000000000000000000
7dfc07fd2afdfc07fd2a8
000000000000000000000
7e9c58178b7e9c58178b0
000000000000000000000
01eb27f49201eb27f4920
000000000000000000000
008d5fe14a008d5fe14a0
000000000000000000000
016e67e916016e67e9160
7e37a7eff87e37a7eff80
7fb7f7dff77fb7f7dff70
000000000000000000000
7f60901eef7f60901eef0
000000000000000000000
0129a01a460129a01a460
000000000000000000000
7e3ef7ef737e3ef7ef730
000000000000000000000
7e20000bf17e20000bf10
000000000000000000000
02087002ee82087002ee8
000000000000000000000
016077e800016077e8000
000000000000000000000
7fc137dfd57fc137dfd50
7e23400d187e23400d180
7e3e37efc47e3e37efc40
000000000000000000000
011de01b2e011de01b2e0
000000000000000000000
020168026a820168026a8
000000000000000000000
7e18a00b13fe18a00b138
000000000000000000000
7f69f01f247f69f01f240
000000000000000000000
01643fe85501643fe8550
000000000000000000000
7fa977dfee7fa977dfee0
000000000000000000000
01b27feeed01b27feeed0
7e7d47eac17e7d47eac10
002cd7dfd5002cd7dfd50
000000000000000000000
7ef6801bdc7ef6801bdc0
000000000000000000000
00c0c01de100c0c01de10
000000000000000000000
7e9297e977fe9297e9778
7f06e01c48ff06e01c488
7e043804bbfe043804bb8
000000000000000000000
01ec100a0481ec100a048
000000000000000000000
01a707edb101a707edb10
000000000000000000000
0033bfe0130033bfe0130
7e028005fe7e028005fe0
7e81c7ea087e81c7ea080
000000000000000000000
00b3d01e6f00b3d01e6f0
000000000000000000000
01f680096381f68009638
000000000000000000000
7dfec004207dfec004200
000000000000000000000
7ef8801bd47ef8801bd40
000000000000000000000
01af3fee2381af3fee238
000000000000000000000
0021f7df830021f7df830
000000000000000000000
010ed7e463010ed7e4630
7e0f97f725fe0f97f7258
7f4327e1dbff4327e1db8
000000000000000000000
7fc99020517fc99020510
000000000000000000000
0180c815f00180c815f00
000000000000000000000
7e1687f5927e1687f5920
000000000000000000000
7e50c012a6fe50c012a68
000000000000000000000
020337fb80820337fb808
000000000000000000000
00fd9fe3c000fd9fe3c00
000000000000000000000
7f51d7e1c67f51d7e1c60
7e58a012a67e58a012a60
7e19c7f6567e19c7f6560
000000000000000000000
01782016cb01782016cb0
000000000000000000000
01ff87fac581ff87fac58
000000000000000000000
7e4de0117afe4de0117a8
000000000000000000000
7fd7d020647fd7d020640
000000000000000000000
010917e415010917e4150
000000000000000000000
7f3dc7e2717f3dc7e2710
000000000000000000000
005e0fed60018c88079d0
00236003f301c737f10b0
004f87f0ad804f87f0ad8
004f87f0ad804f87f0ad8
7f49100b94ff49100b948
7f49100b94ff49100b948
0027f810070027f810070
0027f810070027f810070
7ec9dffe79801f6fe6378
0036b7fd057eb297e7ac0
7efc47feb87efc47feb80
7efc47feb87efc47feb80
00ddd0086380ddd008638
00ddd0086380ddd008638
00f087f9cf00f087f9cf0
00f087f9cf00f087f9cf0
7f51c7ef74815ab7f14d8
00477000a8806507e0198
7f6d67f28b7f6d67f28b0
7f6d67f28b7f6d67f28b0
002228102200222810220
002228102200222810220
00e310080900e31008090
00e310080900e31008090
7efe07fe957efe07fe950
7efe07fe957efe07fe950
7f4e300bc5ff4e300bc58
7f4e300bc5ff4e300bc58
00f597fa4900f597fa490
00f597fa4900f597fa490
0046b7f0a50046b7f0a50
0046b7f0a50046b7f0a50
7fd307ec87019b67fc8f0
0036f002ce013777e6480
7fdbffeffbffdbffeffb8
7fdbffeffbffdbffeffb8
7fb0480f77ffb0480f778
7fb0480f77ffb0480f778
0094d00d230094d00d230
0094d00d230094d00d230
7f1f7ff7b9ff1f7ff7b98
7f1f7ff7b9ff1f7ff7b98
7f100005f8ff100005f88
7f100005f8ff100005f88
010438017701043801770
010438017701043801770
00b03ff40000b03ff4000
00b03ff40000b03ff4000
7ef23ff67680ceffe95e8
00495ffed0ff77dfe1048
7f1f1ff7e27f1f1ff7e20
7f1f1ff7e27f1f1ff7e20
008ef00d97008ef00d970
008ef00d97008ef00d970
0100b001350100b001350
0100b001350100b001350
7f0c50058a7f0c50058a0
7f0c50058a7f0c50058a0
7fb4f80f927fb4f80f920
7fb4f80f927fb4f80f920
00b227f42a80b227f42a8
00b227f42a80b227f42a8
7fd4bfeff77fd4bfeff70
7fd4bfeff77fd4bfeff70
0017e7ecd7019aa002160
002f40038c818337eb608
00166fefea80166fefea8
00166fefea80166fefea8
7f7b400dee7f7b400dee0
7f7b400dee7f7b400dee0
0060600ef08060600ef08
0060600ef08060600ef08
7eccb802e07fc5dfe6978
002b97fc857e6707ecf30
7f0220025e7f0220025e0
7f0220025e7f0220025e0
00f608050200f60805020
00f608050200f60805020
00d387f6d880d387f6d88
00d387f6d880d387f6d88
7f1b27f3088118a7ed0a8
0049d7fff5ffe9f7e01d8
7f40e7f5047f40e7f5040
7f40e7f5047f40e7f5040
0059e80f378059e80f378
0059e80f378059e80f378
00fb4004b200fb4004b20
00fb4004b200fb4004b20
7eff6002107eff6002100
7eff6002107eff6002100
7f7c400dea7f7c400dea0
7f7c400dea7f7c400dea0
00d7a7f71200d7a7f7120
00d7a7f71200d7a7f7120
0010ffefc18010ffefc18
0010ffefc18010ffefc18
7f8f37edc4017fa7f69f0
00409001b500ce47e2ae0
7fa197f0ee7fa197f0ee0
7fa197f0ee7fa197f0ee0
7fe4c81028ffe4c810288
7fe4c81028ffe4c810288
00c0600af800c0600af80
00c0600af800c0600af80
7f0b47fac97f0b47fac90
7f0b47fac97f0b47fac90
7f286009537f286009530
7f286009537f286009530
01019ffdc001019ffdc00
01019ffdc001019ffdc00
007ed7f1e0007ed7f1e00
007ed7f1e0007ed7f1e00
7ed53ffa36007c9fe7900
003e1ffe1e7f13bfe3a80
7f0ce7fb2b7f0ce7fb2b0
7f0ce7fb2b7f0ce7fb2b0
00bc100b6580bc100b658
00bc100b6580bc100b658
00ffc7fd6300ffc7fd630
00ffc7fd6300ffc7fd630
7f26f008bd7f26f008bd0
7f26f008bd7f26f008bd0
7febe810327febe810320
7febe810327febe810320
00848ff20a80848ff20a8
00848ff20a80848ff20a8
7f9ee7f138ff9ee7f1388
7f9ee7f138ff9ee7f1388
0056c7ef07000747fe590
7fd727facd004c4009260
004bb001528140d8064a8
0070d7fc2e815667f4dc8
7fb8800dce7f9097fdc70
000d500a937f3bc001020
0024c0048aff2450070a0
7ff117ff3dff58000c570
7ee317fe997fe6d7ffe10
7fb84003cc007e77f9390
000577fb3a0019f7eafe0
7fade7fa077f04b7eda50
00e72801197ff6a8074a0
00a0effcb1003ce80bb28
003d67fcae00a0700bb60
7ff6e0011200e6f007520
7f5f97f1007ff237fe750
7fa3c7fed000a3b001d90
0041b7fd3c011907f4120
001a3ff80c004acfe80d0
0082a00c15ff9f90040c8
008ed005e47f93580a3e0
00516000f8ffd0d00f298
7fee4000350033e80fed0
7f2618052d7fd7eff9680
7f82b807627f7b4ff7330
7fdd3004d97f20d7f9bc0
000077ff0f7efd97ff860
009e27f57700577004d20
003ceff62700b8a804220
7ffff7faef00f5a7ff5a0
000af0010280eaa7f9468
7fd787ee417ffb87fe460
7fb427fc890082d006450
004d97ff68014dd7fd270
004ddff99980e99fecae8
0022900e4d7f8dc0012a0
00571009177f593806608
00414003157f6f100c620
7feddfffcd7fc2700faa8
7f17c7fed90007c7f8e08
7f5ca803477fc2d7f4730
7fbf80035d7f5ffff45d0
000667ff0e7f1927f8ab8
00da3ffabb802a0006bb8
007c8ff8988087b008de8
002227fb3a00e220063d0
7ffff0011501045000620
7f08aff72c7fe997ff4a0
7fa740018200a227fd4f0
002697fbb680a877eda80
7fdd87f8597f9a57e8ab0
00c7d007667fc72006310
00a910018d7fe5e00c0a0
005127fec6003dd00ed10
7ff39000b2009b600ce50
7f60a00a8e7fabb7fafc0
7fc3b009ef7f48a7fb9b0
0002b8051d7f0998006d0
7ff8c7feec7f1390069e0
004377f211006eb0021a0
7fef17f55f00c317fecc0
7fd8cffb6f80d95ff8bb0
000da800b580a47ff3750
001727ee610000c7fe760
7fc497fb98006ab007f50
004ca00058014e0001be0
005eb7fae1012487f07f0
7fedd00e6f7f8d77ff7f0
0034300a1e7f471003d00
00352003f47f462009fa0
7ff017ff8e7f8b300e600
7ee770029f7fe55000410
7fc96804b500622ff7d00
7ff5e7fb3b7fd007eb5d0
7f9aaffb3ffecc5ff1b38
00e4c7fded00114007150
009207fa980064080a6a0
0031cffbe500c440091d0
7ffc70011100f99003f10
7f2e07f4067fed27ff020
7fa330005200a6a7ffa40
003477fc7e00e437f08c0
7ffa6ff82a7fef8fe7f38
00aa9009f57faf5005430
00a05803b7ffb9900b800
005287ffc20007600f760
7feeb00065806b380ed20
7f3dd007fd7fc197fa130
7f9fd008dd7f5f97f9330
7fef0005267f1067fcea0
7ffd07ff067f0260030a0
007457f36a00635003a80
0015f7f56b00c1b001a70
7fe9e7fb0100edc7fc110
0009f000e700cdb7f62b0
7f9867ef597ff6d7fe6b0
7fa9a7fd9d0096f004180
004747fe43013867f85c0
003347f8c1009b07e9ed0
0052900d907f923002980
00747007b57f705008740
004a2002117f9aa00e170
7fec77fff37ff86010350
7f19d0020e7ff177f8bb0
7f6e2005747f9d27f5550
7fd0380421ff3b0ff6a78
0006a7fedc7f04a7fbed0
00c037f7d000416005f00
005dc7f71400a3e006ac0
000fd7fae980f1d002d68
000410011100fd8ffcaf0
7ef117fab0ffe437ff858
7fadc002b900905ffb650
0017a7fb610064f7ec2f0
7fc487f8e97f4f47eabf0
00dde804647fde2807010
00a9b7ff1f8012600c460
004927fdb50072f00db10
7ff4d000f880c7400a6d0
7f89700c77ff9d87fc458
7fe8000a8a7f3ef7fe330
00150804ff7f11e803be0
7ff637ff167f30c009a70
0011b7f1a18072d000690
7fcc57f5f100b837fc198
7fcc0ffc0e00b887f5fc0
001100006400738ff1a60
0007a7fe6a804f27f09c8
00121002207fc517f8ad0
004c8801747fff2fffde0
002ff7fe608040e7fdce0
7ff1d802a800156ffbb10
0053200a0c7ff927ff1a0
0115e80583002af000c78
011e97f6bd0037d7fe1f0
7fe527ffd97efdf7fec00
001c57fe727f9bf0055a0
0005a7fb157fffd000250
7fdd27fd7b7fd0c7fc8c0
002db8003b7fb91fffa60
008a07f89d7ff470009c0
001687edcf800377fd2e8
7f2e17f0ae7fd6a7fcf70
7ff11ffe8b7f6e7ff2750
0025e0006bff7de7fe648
004327fd29fffe9000128
000b47fc93000efffb790
001980023e7fd8b7fc370
00b250021a7ff167ffbf0
00f2f7f5b7802617fe5a8
003e37ec0c000ca7fc010
7fe227fd527f440007db0
7fbf5ffe6a7fc36008f80
7fd1e800a2000b4804370
0009cfff687ff6afffa70
001287f9f8ffc567ff6f8
7fb8e7f57a7fc27001b90
7f35e7f7ab7feaf002110
7efdd000107fffc7ff760
7ffd0ffe477fda7feffa0
001e20016d7f9607fb1c0
004f4fff5a7ffe48000e0
0021fffd49002be7fc500
00071002b57ff477fb910
00907006bb7ff267ff8a0
012037fd67002da7ffc00
00c137efd7002867fcd78
7ff907fcca7f1ec0020f0
7fd137fcbb7f8b78068c0
7fd0d7ff3dffeeb0041f8
000b37ffbcfffb37ff518
0039c7fb207fce07fdc00
000907f49c7fb9d7ffd70
7f8357f2fb7fdca001620
7f1587f90b8003a7ffa00
7fe847ff497f2077f7e30
00267fff737f80c8020f0
00290ffba17ffd8800150
7ff187fcaaffec07fbae8
002650016c7fc347fdde0
00af17fd1b7ff31000340
009237f039001647fd6f0
7face7ec857fed77fc260
7fd20ffe4fff8e980c3e8
7fb9800042800a3009ac8
7fd9b001cf002910034e0
000447ff347ff487ffb80
7fe6affa08ffc50800f38
7f761ff8677fd28803340
7f0ed7fdfb7ffac002720
7f176807237ffc2fff7b0
00027ffe680014afeff90
00196001d97fab37f9bf0
004f7000657ffd37fff30
002907fdd08035b7fd108
7ffc5802cf80046ffba68
0074e808977ff5cfff5e0
0121280173802cd8004a8
00f43ff30100304ffd7e0
7fe61800467f015802590
00179ffe1c7fb1d006990
7ff557fb10000090002b0
7fd48ffdee7fc627fd510
002b57ff96ffba0000aa8
006aeff706fff74000c98
7fd637ee1ffff9d7fd3d8
7efef7f40c7fcd67fda80
7fec4ffefdff41bff5088
002717fff67f7c20005c0
003607fc56fffe7000278
7ffcd7fca8fffd97fb818
0020a80206ffcc7ffcfb8
00b5cfffa77ff0dffffd0
00c6f7f2a5001d47fde70
7ff3a7ebd97ffbf7fc1a8
7fd917fdb3ff64c00a498
7fb9a7ff487fe63009950
7fd370014c001b9003da0
000717ff667ff5f7ffa00
7ffe0ff9ef7fc38800240
7f96f7f6b17fc8a002820
7f1de7fa987ff28002520
7f0410039a7ffe57ff700
7ff57ffe74ffa2eff0e48
00223000f9ff8777fca38
004987fe397ffdc0000a0
001587fcee801dc7fbd28
00102802a47fe6affbc70
00a57004947ff187ff840
010fc7f9700028a7feec0
0082a7ed91001867fc5c0
7fed07fcef7f2cd0051f0
7fc717fd7c7fa71007f80
7fd0f7ffeb7fff5004370
000bffff847ffaafff580
00283ffa52ffc93ffe688
7fe087f4a8ffbca000ac8
7f5817f4fb7fe2f001ac8
7f0317fc76800197ff768
7fe787ff8a7f0997fb260
002297feed7f8b3003cc0
0018b7fb437ffef0001e0
7fe74ffcf77fdd3ffbf20
002a2000d1ffba17feb40
009f67fad1fff0f800938
00574feeb6000daffd790
7f6b87ee2cffe3c7fc928
7fcd97ff0cffbbe00d6b0
7fbd50013e002ab0094c0
7fe1d0024080333002be8
000147ff20fff4f7fff58
7fd20ffa8c7fcb7801b90
7f5f67fa877fdf9003ac0
7f0f1001560002d802680
7f37100a137ff9b7ff940
7ff667ff22001147ff490
00148000217ffd9001ff0
0019d7fe630032b803110
7ffe47febf0031b7ffa18
000a6000667fe77002420
001ec7ff630034600aa90
0008d7fea0010d1806e30
000298004f011bfff66e0
001d90005f003197f03e0
00164ffee27faecff9cb0
0000b7ffe97ffe7ffff50
0016980117002a4ffcb70
0021cfff89fff3a7fc278
000417ff7ffff517ff9a8
000b4001a6801fb7ff210
002b7000cd000c67fd520
7fe9a7fdee800780009c8
7ff0c7ffd380352000980
000e37ff6d0034f7fdbd0
000717fddf000437feb40
7ff137fe9500285003a90
7fff6ffffa00b2e802200
00153fff1980ddbff69e0
00066ffdf10037cfee1b0
7ff617ff1aff7867f35a8
000b38002e7f72affe368
001c4ffee7ffe248012b0
0007c7fe13800737fd658
7ffde7ff9a7fdad7fc9d0
0019f0003a7fd777ff850
00231ffe790002ffffe10
00059ffe4480070ffdbc8
7ffb07fd8880020000be8
7ff307ff65002b2002080
000f87ffe3803fc7ff768
00147ffe57000d87fef20
7ffc67fe5a800ab0045a8
7ffef7fff780918006c38
001807ffcf010837fd980
001327fe6e00ae17f1690
7ffdb7ff077fdcc7f0f30
0009c0007d7f8c47fa9f0
0020f7ffbd7fdd6000510
0012c7fe78801927fdd78
7fff37ffaf7ff547fbe20
0015a8010e7fdcbffe7c0
002b67ffa900024000170
0011d7fe95001697fe420
7fdd27fecc000b20007d0
7ff110004800356fff2b0
000867ff1c0020b7fc850
7ff6fffdedfffa8ffebd0
7fe877ff29003de002430
7ffeb0000680b067fd148
000c07feb0008637f1890
7ff7c7fe167fb527ee6f0
7ff237ff7d7f2e47f8660
000b57ffc67f758002490
000f57fe397fee3001dc0
7ff757fe387ff4b7fd770
7ffbe7ffe6ffc767fdf78
001ab7ff8f7fd86000a50
00150ffda680013fffc88
7ff7d7fe5a7ff5a7fdcc0
7ff44fff57000e37ff110
001557ffda00041001ff0
0013b7fe0b003bc0025a0
7ff947fecd002fc7ff038
000b28004dfff13002820
001c77ff0600587009910
000477fe83011cb002f08
000340003700f0fff2ca0
001d27fff27ff797f0070
001107fea07f9a37fb1f0
7fffc7ffed7ffd7000060
00191000c8001ca7fc488
001ebfff237fe5b7fc838
00020fff827ff3c7ffdc0
0010d0017e801c07fecc0
002d5000340002fffd4a0
7fe2b7fe588009a000a50
7fefe0000e803737ffe78
000a67ff4d002ba7fd098
7ffeb7fdf57ffe27feb40
7fed57fee9003358031d0
7fffcffff880b607ffae8
001047fed100b6b7f3d40
7ffd87fdff7ff627edda0
7ff32fff5e7f4e97f5aa0
000bc000097f706000530
00166ffe8b7fe808019c0
7fff17fe1e7ffe87fd630
7ffc6fffc77fd017fd348
001a9fffea7fd64000130
001bfffe0a80014fffdc8
7ffdf7fe56fffe07fdc40
7ff147fdb200044000c30
7ff147ff9a0030f001600
000ec7ffa3003ac7fe960
000d97fe0e8007f7fee00
7ff637fe6c801a0004378
7ffe8ffff500a6e8049f0
001657ff7580f977f9fa8
000ce7fe310075c7ef600
7ffa77ff0c7fa887f1d90
000af00044ff7c87fc5f0
001e2fff3bffdf9800ce8
000c07fe3b8011c7fd970
7ffdb7ffa9ffe8fffc1d8
0017c000a67fd9c7fede0
0026e7ff090001c7ffe30
000a97fe6f000dd7fded0
7fda8fff4b000cf8003f0
7ff280007a803017fe728
000557ff08001367fc3b0
7ff04ffe197ff707fede0
7fe5ffff7f00442801520
7ffeb0001000a0b7fac18
00076ffe91004fe7f0250
7ff137fe3aff7a57eff20
7ff027ffb47f1977fb720
000a67ffaf7f80d0041d0
0009f7fe0e7ff50002100
7ff16ffe45ffebd7fdac8
7ff95fffe77fc0bffecd0
001657ff537fdab001400
000ce7fd970000cfffe20
7ff457fe887fef77fe0a8
7ff007fe88000660009a0
00028800060011f8001b0
0012fffed30006dfff900
7ffd97fe4a0000b000750
7ffa07ffb900106000ad0
000f0fffb1000fbfffb20
00093ffe927fff98000e0
7ff957ff3b00094001140
000630001680176000488
000fd7ff3a00067fffa80
0000effeeaffffc800fe8
7fff97ffe100171001360
000d97ffc1001447ffc88
00078fff01fffc88007e0
7ffd17ff9a000e30020d0
000830002400234000a90
000d87ff688003c7ffe08
0000efff517ffca802ae0
000270002180304002ef8
000e57ffe1002367ffc08
000717ff447fe06002fe0
7fff07ffe60035600ac30
000a90004a01029006990
000da7ff8b010e5ff6e30
000137ff97003067f0a70
0004f000647fa9d7f9670
0010c800027fedb7fff30
00082fff66002227fd510
0000a000167ff307fc118
000cd000667fe847ff340
000e37ff9b001187ff860
0000efffc4000b7ffd8e0
7fec17fe2a000ef7ff5e0
7ff24fffe20000bfff830
000a7fff75000508006f0
00011ffe4300136000140
7ff0c7ff12000ba7ff488
7fff000003fffff7fff40
000b2fff26800cd800a88
7ffcaffea380167fffca8
7ff717ffa30006a7ff640
000717ffe60002b000970
0008effefa00180800c30
7ffac7ff0e001807ff6a8
7ffe17fff1000127ffbe0
000b57ffaa000a5001640
000557fef500261000b40
7ffb67ff77001677ff1e0
0004e800067ffd1800b80
000c57ff65001ed002a30
000167ff12003e6000650
7ffde7ffd2000fa7ff200
000a3ffff500007804650
000a97ff358086f0078e0
7ffea7ff54010997fe440
000228001600abeff1530
000d8fffcc7fcf3ff1270
000747ff2c7f8507fb730
7ffe67ffb27fdf00009f0
0008000034801127fda30
000e97ff8f7fe6b7fc530
0002d7ff4b7fd9efff310
0000300025000217fff20
000eb800420007dffe000
7feb87fed80008d0007f0
0002b000010012a7ffd90
000ddffe9d8005dfff6d8
7ff747fe6f000200005e0
7ff9a7ffdf001190006e8
000e07ff80800e77ff858
0003bffe7b0000b800080
7ff687ff62000cc000d50
00067000088016b7ffe98
000c77ff0a000497ff960
7ffc6ffefa00035800f30
7fff0ffff9001a0800cf0
000d0fffa10011b7ff820
00043ffef27ffdd000900
7ffbc7ffb300151001cb8
0009500015802400001e8
000c47ff3b8001f7ffd58
7ffe97ff4900058002b60
000260002100396002390
000e3fffc000218fff430
0005cfff2d7feb6803550
7fff17ffd800596009b90
000aa0001b01121002d60
000b67ff6400e597f3660
000017ff977ff787f0700
00064000487f93f7fad70
000fdfffc27fed9800440
000527ff51001787fcf78
000070001f7fe547fc648
000e0800467fe5bfff960
000d2fff75800edfff568
0000c7ffc3000247fd870
7fe5e7fe7e800b67ff338
7ff2480014fffeffff858
00087fff4f80064800538
7ffadffe430012bfffcc0
7fed8fff4a0008afff220
7ffef00006ffffa7ffee8
0007e7ff01000e7000740
7ff7bffeb480152fff7c8
7ff5f7ffc5000487ff470
0006d7ffc8800420007c0
0004effed1001940006a0
7ff667ff1c8015a7ff1f0
7ffcd800010000dfffa80
0009f7ff8f000dd001170
0001cffee300251800260
7ff907ff82001197feed0
00041ffffa00002800c90
0009c7ff45002730021b0
7ffdefff11003cdfff850
7ffca7ffdf000b57ff010
0009bfffe300104804540
000897ff1e009e5005810
7ffd17ff5180fc67faa90
00020000028073c7ef5d8
000c07ffa17f9c87f2380
00044fff1e7f783ffd410
7ffd8fffbd7fe21001120
000900001e0008c7fd790
000e17ff5e7fdaf7fcbf0
0001a7ff2cffd827ffb18
000057ffff000177ffe40
000da7fffd000037fdf00
7fee0ffe590001f8002f0
7ffa67fff9800828000c8
000e47ff1c0004b7ffb70
7ffd4ffe4780004800028
7ff417ff7f8005f000398
000717ffdc0007ffffd50
0007fffec7000147ffcb0
7ff76fff028001e800388
7ffde7fffc000850001b0
000ac7ff79000517ffc10
000087fee0000060000a0
7ff9a7ff9e0005f000430
0005bfffe30007dfffde0
0006b7ff280000d7ffd90
7ffb57ff4b0001c0004f0
7fff87fff80008b0002c0
0008a7ff9a8004e7ffce0
000107ff2bffffe800258
7ffbefffbd00068800650
000567fff08008f7fff08
000617ff5b000107ffe90
7ffccfff76800238006f8
0000380006000a5800440
0007e7ffba8005c7ffd08
0001b7ff5dffff8000398
7ffd77ffd8000780008c0
0005d00002000af000000
0006a7ff7b000187ffeb0
7ffe47ff8e00026000880
000100000f800bd000568
000847ffce0005f7ffcd0
0002e7ff6e7ffe0800560
7ffe27ffd580084000c48
000510000b000ce800100
0006a7ff9a80003ffff58
7fff97ffa000012000d50
000170000d000ef000a00
000787ffdb00083fffd70
0002ffff8c7ffca000820
7fff47ffea000a00012a0
0005f0001100117000370
0006f7ffa07fff9000080
7fff9fffa800003001570
000160001d0015b001190
00081fffef000c2fffd98
000427ff937ff86800eb0
7fff67ffe2000ed0022b0
0004e0001b801e60008d8
0006ffffc07ffcc800210
000117ffb7fffb9002f68
0002000014002e4002db0
000747fff0001c27ffd10
00038fffa97fdcd803550
7fffe7fff90035800aca0
0005a0002700fcf006720
000747ffc8010717f71b0
000147ffc5002f27f0e20
0002900023ffa747f9438
000817fffa7fe5a7fff90
00042fffad001dfffda40
000037fffe7ff2d7fc140
000600002d7fe247ff070
0007b7ffc80009d7ffbe0
00010fffc3800a77fdca8
7fe8b7feab0002d0002d0
7ffa88001000082ffff10
000a9ffef0000347ffad0
7ff70ffe61800038000d8
7ff2a7ffb3000700002c0
00068fffc580077fffbb0
000357feb100006fffca0
7ff3e7ff2b0002a000370
7ffde0000800089000010
000897ff548003e7ffb58
7ffbeffee500008000150
7ff7c7ffc280075000368
00053fffdf0007d7ffc20
000407ff1c00003fffd60
7ff8efff620002d800510
7fff7000020009e000140
000777ff848004d7ffb70
7ffe3fff2c000058001d0
7ffac7ffd20007a0004f0
00054fffec0008f7ffd40
0004dfff4e0000f7ffdf0
7ffbb7ff7700036000610
7fffd7fff9000ad000220
000637ffa4000537ffc00
7fff97ff6100008000360
7ffd37ffde000910006a0
000597ffea000a4fffd80
000497ff66000097ffeb0
7ffca7ff910003d0008e0
0000980006800d70003f8
000697ffb800069fffbd0
0000a7ff74800020004e8
7ffe07ffe4800ad0009a8
000587fff8000d27ffe10
000537ff810000a7ffed0
7ffe07ff9f00040000bf0
000120000900107000658
0006c7ffc80007b7ffbe0
0001c7ff857fff0000830
7ffef7ffe1000dd000f40
000527fff7001197fff28
0004efff937fffa800030
7ffea7ffae0004b001450
000170000d0018a000c20
000657ffd4000b67ffae0
0001d7ff9c7ffc0000f40
7fffb7fff400156001d70
0005c00003801e40001b0
000567ffa37ffc9000330
7fff97ffc10005f002f50
0002c000170036a002220
00077fffd2001a17ff710
000237ff95ffe94003bf8
7fff77fff50059f009c40
0005a0000e010c7002c80
000597ffac00e007f3ba0
7fff87ffc67ff807f0aa0
0002800024ff9177fab28
0007a7ffe4ffe600005f8
00029fffa48014effd530
7fffb80004ffe58ffc600
00063800217fdf87ff750
0006a7ffb800083fff9e8
00003fffcb00020ffdbc0
7feb67fe820002b7ffd70
7ffa7800067fffeffff40
000c07ff02000240001a0
7ff93ffe5a000417ffed0
7ff327ffa40000f7ffdb8
000697ffca80008000118
00041ffeba0003e0000d0
7ff49fff290002d7ffd98
7ffdf000057ffff7fff70
000867ff5a000260001f0
7ffc27feef000467fff10
7ff857ffc3000157ffdb0
000517ffd58000a8000d8
000307ff1e0003b0000a0
7ff8afff6e0002afffdd0
7fff87fffe800007fff98
000647ff7d800260001d0
7ffd07ff3a800407fff10
7ffaffffdc0000f7ffe10
0004c7ffdc0000a000140
000297ff4d000380000e0
7ffa6fff91000267ffe60
7ffff0000100005000050
000507ff9c0002e0001e8
7ffdefff6e8003cfffef0
7ffcf7ffeb000087ffed0
0004c7ffde00011000240
00022fff6a00047800110
7ffba7ffad0002a7ffe10
0000e0000700002000088
000517ffa900033000250
7ffeafff8100043fffed0
7ffdc7ffec000067ffe90
000447ffe30000d000280
000227ff8400048000170
7ffcd7ffbc8002c7ffe38
0001500002800020000a8
000477ffb200031000290
7ffef7ff96000417fff60
7ffe8ffff30000bffff70
00042fffe40001c8002d0
0001efff92000508000e0
7ffd47ffc800025fffe00
000160000800000000150
000457ffc08003c0002e8
7fffb7ffa6000477ffed0
7fff4ffff100001ffff10
0003b7ffe480013000370
0001d7ffa680052000198
7ffea7ffd4000277ffe40
000227fff97fffe0001b0
000377ffb80003d000380
7ffee7ffb40004a7fff50
7fff8fffff00005ffffa0
0003f7ffe98001b0003d8
0001b7ffaf80059000188
7ffed7ffe1000277ffe40
0002a000017ffff000220
0003c7ffbf000450003b0
7fff6fffbc0004c7fff10
0000380001fffffffffc8
000447ffe60001c000470
0001c7ffad0005f0001b0
7ffee7ffdf000237ffe40
00026000017fff90002e0
000387ffc50004a000470
7fffb7ffc3800507fff38
000097ffff7fffc000038
000407ffe30001f000570
000167ffb380069000218
7ffef7ffe6000257ffe50
00027000037fff8000360
000367ffca0004f000510
7fffd7ffca800547fff68
0000c7fffeffffa0000b8
0003a7ffe200025000610
0000f7ffbc0006e800220
7fff27fff18001b7ffe78
0002c80004fffef8004a8
00032fffc900058800630
7fff6fffd180057ffffc8
0000b8000a7fff30001b0
0003e7ffea8002a8007a8
000147ffc20007b0002e0
7fff67fff60001a7fff30
0002f000087fff5000670
000357ffcf00071000750
7fffd7ffd60005f7fffa0
000100000afffe80002f0
0003dfffec0003a800a00
00016fffca00098800360
000017fff8800177fff28
00036ffffffffef800888
000307ffc50008d000918
7fff37ffd60006c7fff70
0000c0000f7ffd4800470
0003bfffee80048800d60
00010fffcb000be000450
7fff87fffe8000c7fff70
0002f0000d7ffe3000c80
000327ffd5000bd000cb0
7fffd7ffe000086ffff70
00012800117ffb7800710
0003c7fff200064001380
000137ffd300104000640
00000000047fff9000040
000350000d7ffce0014a0
000327ffd700129001420
7fffe7ffe6000c57fff38
00017000177ff70000d40
00040ffff7800ac802338
0001b7ffd8001cb000b50
0000980003fffc30001d8
00038800097ff80802ed8
00032fffd9002b1803020
00004fffeb001bdfffe60
00020000147fdad003410
000447fff08031400ad98
0001b7ffd600fb40069c0
0000c00002010657f7190
0003900003002b97f0df0
0002dfffd67fa46ff96e0
000027ffec7fe580000d0
0002000011801c07fd928
0003c7ffecffef17fc278
000107ffdc7fe147ff2b0
0000a8000c80092fffb18
0003c000070006b7fdc40
01e7d80ae901e7d80ae90
7ed4901a447ed4901a440
009b581ed1009b581ed10
000000000000000000000
7e97ffe8eefe97ffe8ee8
000000000000000000000
004d4fe001004d4fe0010
000000000000000000000
7eedd01aff7eedd01aff0
7ea36fe7a87ea36fe7a80
7dfb0002927dfb0002920
000000000000000000000
01bd97efbc01bd97efbc0
000000000000000000000
01e1b80bb301e1b80bb30
000000000000000000000
00a5581ec700a5581ec70
7df80801f97df80801f90
7edd981b03fedd981b038
000000000000000000000
003f57e03d003f57e03d0
000000000000000000000
01bea7f01d01bea7f01d0
000000000000000000000
7dfd80037a7dfd80037a0
000000000000000000000
7e9f57e852fe9f57e8528
000000000000000000000
01ec380b4101ec380b410
000000000000000000000
0096501ef50096501ef50
000000000000000000000
016b3016d8816b3016d88
7e3da81045fe3da810458
7fb6401ff0ffb6401ff08
000000000000000000000
7f582fe14d7f582fe14d0
000000000000000000000
01201fe57c01201fe57c0
000000000000000000000
7e465010e2fe465010e28
000000000000000000000
7e2367f3eb7e2367f3eb0
000000000000000000000
020737fcc7020737fcc70
000000000000000000000
015790180f815790180f8
000000000000000000000
7fc4b0205d7fc4b0205d0
7e20e7f3c37e20e7f3c30
7e3bb010b07e3bb010b00
000000000000000000000
011c77e4ac011c77e4ac0
000000000000000000000
020e57fdac020e57fdac0
000000000000000000000
7e1647f49e7e1647f49e0
000000000000000000000
7f6567e11a7f6567e11a0
000000000000000000000
016ab017fc016ab017fc0
000000000000000000000
7fab6820887fab6820880
000000000000000000000
01b810116e81b810116e8
7e72b815727e72b815720
0029e8205c8029e8205c8
000000000000000000000
7ef567e411fef567e4118
000000000000000000000
00bddfe1be00bddfe1be0
000000000000000000000
7e8b2016a27e8b2016a20
7f0937e382ff0937e3828
7e027ffb487e027ffb480
000000000000000000000
01e6c7f63101e6c7f6310
000000000000000000000
01ad20120801ad2012080
000000000000000000000
003790206580379020658
7dfe27fa457dfe27fa450
7e879015f3fe879015f38
000000000000000000000
00b59fe1e580b59fe1e58
000000000000000000000
01f1a7f67601f1a7f6760
000000000000000000000
7df9cffc0f7df9cffc0f0
000000000000000000000
7f04b7e3f2ff04b7e3f28
000000000000000000000
01ad9011f301ad9011f30
000000000000000000000
001fc820a0801fc820a08
000000000000000000000
0116a01b988116a01b988
7e0ea809297e0ea809290
7f46f81eb87f46f81eb80
000000000000000000000
7fcd97e005ffcd97e0058
000000000000000000000
0180d7e9ba0180d7e9ba0
000000000000000000000
7e17680a817e17680a810
000000000000000000000
7e5647ed9a7e5647ed9a0
000000000000000000000
020330045202033004520
000000000000000000000
0104e01c600104e01c600
000000000000000000000
7f52e81ec1ff52e81ec18
7e5357ed6d7e5357ed6d0
7e10100a277e10100a270
000000000000000000000
017997e9ab017997e9ab0
000000000000000000000
0201c005308201c005308
000000000000000000000
7e4b27edfe7e4b27edfe0
000000000000000000000
7fda97e0107fda97e0100
000000000000000000000
0109f01c080109f01c080
000000000000000000000
7f3e601df0ff3e601df08
000000000000000000000
005e3012968189a7f8528
01c6100ed00021d7fc190
004db00f68804db00f688
004db00f68804db00f688
7f4c07f4777f4c07f4770
7f4c07f4777f4c07f4770
0026a7f0008026a7f0008
0026a7f0008026a7f0008
7ec8a0015380253019ab8
7eb42818640039a8029b0
7efd8001497efd8001490
7efd8001497efd8001490
00decff7de00decff7de0
00decff7de00decff7de0
00f0e005d980f0e005d98
00f0e005d980f0e005d98
7f4eb010600156a80e670
0062701fa30042e7ff240
7f6ed00d827f6ed00d820
7f6ed00d827f6ed00d820
001faff01e801faff01e8
001faff01e801faff01e8
00df57f80e80df57f80e8
00df57f80e80df57f80e8
7efec001bd7efec001bd0
7efec001bd7efec001bd0
7f4faff4297f4faff4290
7f4faff4297f4faff4290
00f62005a080f62005a08
00f62005a080f62005a08
004b280f7a804b280f7a8
004b280f7a804b280f7a8
7fd470138f0196c003498
0137c0197f003377fd598
7fdb200ff87fdb200ff80
7fdb200ff87fdb200ff80
7fac17f0a6ffac17f0a68
7fac17f0a6ffac17f0a68
009017f2be009017f2be0
009017f2be009017f2be0
7f232808717f232808710
7f232808717f232808710
7f11b7f9f5ff11b7f9f58
7f11b7f9f5ff11b7f9f58
01039ffe6381039ffe638
01039ffe6381039ffe638
00abc80c0800abc80c080
00abc80c0800abc80c080
7ef2c80a1000d1e8164d0
7f80701f2780444001358
7f1dd808587f1dd808580
7f1dd808587f1dd808580
008e3ff256008e3ff2560
008e3ff256008e3ff2560
01072ffed601072ffed60
01072ffed601072ffed60
7f0b27fa4f7f0b27fa4f0
7f0b27fa4f7f0b27fa4f0
7fb2b7f08d7fb2b7f08d0
7fb2b7f08d7fb2b7f08d0
00b5580bfe00b5580bfe0
00b5580bfe00b5580bfe0
7fd5b010447fd5b010440
7fd5b010447fd5b010440
001560137001a2b7fdfe0
018798152180307ffc4d0
0014f0102e0014f0102e0
0014f0102e0014f0102e0
7f7ab7f2097f7ab7f2090
7f7ab7f2097f7ab7f2090
005ef7f0df005ef7f0df0
005ef7f0df005ef7f0df0
7eca2ffd127fc0f819900
7e61a01307802980039a8
7f0147fda47f0147fda40
7f0147fda47f0147fda40
00f367fb1880f367fb188
00f367fb1880f367fb188
00d690090400d69009040
00d690090400d69009040
7f1ad80d55011cb813100
7fedf020420049a000240
7f43c80afa7f43c80afa0
7f43c80afa7f43c80afa0
005ad7f0f3005ad7f0f30
005ad7f0f3005ad7f0f30
00f8d7fb3b00f8d7fb3b0
00f8d7fb3b00f8d7fb3b0
7efce7fe07fefce7fe078
7efce7fe07fefce7fe078
7f825ff1f97f825ff1f90
7f825ff1f97f825ff1f90
00d6c808f980d6c808f98
00d6c808f980d6c808f98
000fe01050000fe010500
000fe01050000fe010500
7f92a0126101840009380
00d4981d5700420ffe418
7fa3800f5c7fa3800f5c0
7fa3800f5c7fa3800f5c0
7fe6cff0037fe6cff0030
7fe6cff0037fe6cff0030
00c06ff4dd00c06ff4dd0
00c06ff4dd00c06ff4dd0
7f0bb00540ff0bb005408
7f0bb00540ff0bb005408
7f2b27f6cd7f2b27f6cd0
7f2b27f6cd7f2b27f6cd0
010198022901019802290
010198022901019802290
0082700e300082700e300
0082700e300082700e300
7ed3200617007fd018aa0
7f14e01cc6003e1001fb0
7f08080513ff080805138
7f08080513ff080805138
00bccff4d580bccff4d58
00bccff4d580bccff4d58
0100e002980100e002980
0100e002980100e002980
7f2597f6ff7f2597f6ff0
7f2597f6ff7f2597f6ff0
7fed4ff0087fed4ff0080
7fed4ff0087fed4ff0080
0084f80e040084f80e040
0084f80e040084f80e040
7f9f300ef87f9f300ef80
7f9f300ef87f9f300ef80
0055f010ff80084001970
0155a80b2300706803ad0
014017f9bc004997fe970
004ca7f6e2ffd53005368
7fb957f23c7f92b0023b0
7f592ff3b97ff2d800be0
7f2607f906802607fb708
7f3ddfff09000e2ff56e0
7ee310014e7fe59000050
7f05f0125cffae3006078
001ce014ea00085004c20
007f80068fffba37fc0b8
00e7d7fedc7ff6f7f9020
00e5a7f8ae7ff927ff300
009e37f46800409803760
003b57f48b00a37803530
7f5ec00ef17feff0016f0
004a5017cd80182007d58
0117600bbd003f4002aa0
00a137fe017fa1b001230
007f87f416ffa037fc080
0031dff0517fedd7ffcd8
7fd04ff115004f67ff0a0
7f93f7f5ef008bbffa2f8
7f2737faf37fd79006ca0
7efe1000948000b001288
7f20a806617fde1ffb5c0
7f7ac008f47f8407f8c90
00a0a00a8d805587fb130
00ed3006a00008f7ff008
00f6e000777fff4005298
00b817fbae003e1009f20
7fd7c811c3fffca801cb8
00e9301335804e9006498
014b2002cc004ba0007e0
00811ff9d87fb25803818
001e17f1b27f8e07fef40
7fbdfff0747fee1800320
7f6bfff3d300401ffcd40
7f581ff9d40053fff6d20
7f1a7001330008c0073e0
7f1b28075a00080001170
7f61400bab7fc1effcc60
7fc3a80b9f7f5f87fcd20
00d7b00536002beff92e0
01029fffa7000107febc8
00e217f9d380219004900
008927f725007a78073e8
7f085009347fea7800dc0
7f9f7017867fe10007a10
00abb0123800263004150
00a14802a77fa2fffe8e8
00cab7f8967fc38ff9c00
009d97f2f17ff0afff650
003dd7f0f200507001640
7fe387f3c400aac7fe920
7f5eeff56e7fac3804e10
7f12d7f966fff85000e88
7f09ffff9200012ffabd0
7f498004537fc1a7f5fc0
0045800e21006fd7fddd0
00a7b80cae800da7ff4f8
00dcd00751ffd89004ac8
00c5a0012e7fefb00ad00
00152811cf00003801a10
0126b80fd30060e0054f0
0152cffe57804fefffa68
006c67f7f87fc42004550
7fecd7f1747f8de000950
7f8957f1927ff16000770
7f4457f60d003667fbfc0
7f4637fc45003487f5c40
7ee5b7fd5b7fe477ffb70
7ec9600e4f7f984004b80
7fcda014be7ff36004d20
00617808447fc80ffb568
00e4f8020e000e6ff90a0
00f897fbfefffad7ff1a0
00c1d7f6d800319004410
0060d7f59e809290057a0
7f2f500c27ffeb88012d8
7ff280182b7ffb7008170
00e6300f6a00369003a60
00a57000597fa437ffcb0
00a9d7f6177fb107fadc0
006a67f14a7ff077ffa90
000747f0b300539000400
7fba77f4aa00a067fc490
7f3fa7f8007fbd4006070
7f02affcd57ffa3801328
7f0e3802f17feeaffb168
7f5b8006c07fa167f7470
0073500ca5006377fc550
00cd4809e7800987ff120
00ede003fe7fe8e004fc0
00c217fe5e8014b80a9b0
7f9b1010defff79001828
00a080162500342007320
013ce0078000472001b80
0098a7fbbe7fa97002840
00539ff2707f9337fd930
7ff877efd17fee6000320
7f9a57f1fe004c87fe050
7f7067f7b1007677f8520
7f1b6ffe077ff048073a0
7f06900414000520012d0
7f3c4009477fcf77fbf90
7f9d100a957f6ea7faab8
00c200082c803f97f9fc8
00ff300337000277fef20
00f257fd01000f5005280
00a2f7f92e805ea808fa8
7eed9005957fe59000820
7f4f8015a97fc560071d0
006880141500175004950
00937004ad7faaa7fd4e0
00ded7fbb77fddf7f91f0
00c7e7f5a8fff4efff2d0
007327f2640049a002720
001247f3d300aa8801028
7f8977f383ff9c20037b8
7f31d7f6447ff3c000bb0
7f130ffc1500128ffaea0
7f3f10018f7fe687f5700
0012100e7e0072e7ff860
0074f00e7080100fff938
00ba400a08ffcac003fb8
00b96003db7fcb900a290
0007a0019e004e500f620
00383001e4811d80093e8
002b87ff38011497fa840
7ffa0800dd00529ff6058
0015f804367ff24ffd610
004030021380303001998
7ffd900011004c07fe860
7fc3b00752001187fde48
7fe57000157efda001390
7fd6a0030dff2f500f4f0
0004c802dd001818120d0
7ff677ff60008910072f0
7fbad8004b002abfffba0
7fd268035e7fdbc802a90
0000e7ffba00077005080
7f9bc7fa88001e7001830
7fef2001847f6fa00d6d0
000c30040f803e2013be0
00267001a600f0f00a170
7ff180003200afb7fdcf0
7fd83803b60017bffdb90
000e10047b000a10035b0
7ffe27ffeb00412002bf0
7f7e800195002337ff8e0
7fe3e802c07f434ff8330
0000e00083fefd3000110
7fea47fde67f3670087b0
7fc0affe567fba180a9e0
7fc46000b900133006110
7ff740008300097000a58
000c87fbdf7fd197ff7d0
7fc3cff70effc03801ba8
7ffaf001bb7fdce010090
002680033680c2b00fff0
002c58005d011ec8026f0
7ff2d00097008e57f9410
7ff5f004760006b7fd560
002c28039f80226802aa0
7ffd37fff3804e70008a8
7f964804fd001c17fe840
7ff9100334ff2167fdfe8
0003f8006c7f173006ee0
7fdda7fea87f83a00d030
7fbaa000280009100b770
7fcdd00240003af004fe0
7ffa7800c2000d8800550
7feee7fc087fd30000be0
7f8d67f999ffd22003388
7fe98000e57f1ed0084f0
7ff08803d87faee813ae0
001688026c0095280fcc0
7ff0c7ffcf00b08002d80
7fc3400252002747fe8a0
7feef0045ffff21003418
7ffe87ffc58027b0044f8
7f7e47fde58024c000a90
7fd23001c7ff8cb7f3a68
7ffdb0008dff1527f8d90
7ffc77fd7e7f0d8002140
7fd34ffcaf7f763807a40
7fc507fef27fe73005ef0
7ff47000310003e000b70
0028f7fc96ffd837fe268
000977f6317fb837ffcb0
00010001a1801430102d8
00306002aa80f6600d288
002ec7ffcd01240ffe8a8
7ff71000a2807557f7558
0004c00461fffb77fd3f8
0036b002fd002a3002520
7ffe00000b0051e7ff9b8
7faa8006440019a7fe110
7fe557ffb4ff0067fda68
7fcb4002557efe200bfa0
7ff79002da7fd61011e40
7ff68fff5a006af008ea0
7fba8fff680029e8004f0
7fc68002ae7fd1c0020a0
000047ffcffff32005028
7fb117f9630016f001f38
7fec90011f7f42c00b080
7ffd6004047ff52014270
001f20022300c7100d470
7ff1a0000300b3d000560
7fcca0030f001ee7fe1f0
7ffe30048f7ffd4003880
7fff2fffe400376803c20
7f7ca7ffb200279000190
7fd9780252ff662ff5ad8
7ffe8000897f0437fc4c0
7ff1d7fda07f1c7005510
7fc6d7fd767f94b0094a0
7fc14fffe87ffbf8061f0
7ff47000808005d000b20
001bb7fc4b7fd2f7fecb8
7fe797f67e7fb9d000c90
7ff75001a77fa3c00f370
001b3803b000854812750
002b40010b8111a006748
7ff370006d80a537fb508
7fe8600428000f37fd5b0
001ee0041200154003200
7ffd57ffde8049d001d98
7f868003638022f7ff208
7feeb0031a7f2cb7faed0
00030000797f0390039b0
7fe2dffe39ff59680b0d8
7fbb57ff487fe1c00b4d0
7fc80801a080284005998
7ffa5000b8000ad000750
7fff7ffbd37fcff800260
7fa717f80e7fc790029d0
7fe63000a67f076004ef0
7fe47003a9ff6b1011ff8
000ff802af80588811658
7ff33fff7b00a03805320
7fbbc001518029d7ff308
7fdeb804097fe6a803140
7fff77ffcd0017e004c80
7f89a7fc2580210001288
7fcdc001017fbbb7f2830
7ffb200067ff36b7f5dc8
000427fd797f0eeffe9c0
7fdf87fc2a7f5f9005650
7fca47fe277fd1e005550
7ff3b7fffc00001000bf0
0032a7fd3a7fdfeffdb00
002a97f6a77fbbf7fec90
7ff68800d980111800c48
000c9002b2002ba7ff328
0020b800e0000acffe580
7ff64000568003c000868
7ff43003bd0021c800790
0029d00328801667feeb0
7ffcf7fff50000a0001c0
7fad280633001688011f0
0030f00fc4001d67ff9e0
011b38098680024fffb80
010b17f91c00098001680
003307f574001f9800910
7fe887fdd78009d7ff898
0032f80052fffd3801470
0031fffcd9001a0801ad0
7ffc37fe05001557ffdf8
7fe98002220005a7ff620
00075002470004e001c90
0002c0001d0023b001890
7fd7000081801a87ffb08
7fdb20036e7ffd2000480
000800029c00061001df0
7fe2f7fecf001b30011c0
7f733001c4000b57ffd10
7f79680c9c7ff63800d10
0038d011cc00055001f20
00ddb8093e00133800d90
00b1e7fdc5fffdd000098
002767fc4b7ff050016e0
000400013f000610021c0
003470022a000cb000950
003397ff51ffefa0003c8
7ffa0002780000f7ff430
0015e001ca0010a0016c8
000237fff9002a3000640
7fdd400190801597ff068
7ff5f0042280000000538
001990022a80129001750
7fde07ffb6001f30003d8
7f8dc00562000897ff9b0
7fde600ef9fffe80010f8
00ae700e75001440018a0
0107600251801770001d8
0090eff9357ffd68000c0
000ac7fb9a7ffbf001bc0
000d1000f580156001b48
003e48007700102800130
002997fdf57ff280008f0
7fddd80156000bafff8f0
7ff80002357ff88801a30
0001f0001800149802540
7fd717ff4d0019b000820
7fc6d002177ffc70003b0
7ff588028a7ff96801d50
7fede7fe0d0010a001b88
7f7317fdb4000b3000320
7f2ca007c27ff230008d0
7fb64011bcfff8a801f18
0088580e80800cd0014b8
00b15802e17fff2ffff70
003dfffdb87fe94800d20
7ffa980143fff77801fe0
002090037c00072000d30
00354000deffef87ffca8
7ff32800ab000dd800f68
0001f002cc002e77ffde0
001c300151801297fe7b8
7ff4b80036000258006c0
7fe6700384001e5000dd8
001d3003bb801987ff418
7ffda7fffa00006000110
7f99a804e80010d8015c0
7ff7501014001ce0001a0
00f2500d50800417ffd80
011e47fd0f0005c0017c0
005847f669801d1000ec0
7ff0a7fd97000ad7ffa90
003160011dfff8d001348
003e3ffda50013a801f70
0004a7fdf000150000210
7fe30001b9000997ff660
7ffec80247fffe9801bc8
0001c00024001d6001ff0
7fd5c7fff1801be000118
7fcfa002e27ffd00002d0
7fff3802b87ffef801d70
7fe987fe700015b001740
7f7157ffab000b5000070
7f4ed00a537ff3f000b50
7ff61012287fff1001ff0
00b6600c310010b001160
00b58000607ffe57fff60
003387fcfc7feb6001230
7fff5001607ffdf002280
002cd002f9800a9000c88
0037700017fff02000018
7ff3000260800457ff468
000fd0020f000b6801a10
0002b8000d00288800fe8
7fd9f8011b80197fff520
7fe9a003e47ffec000440
0012a00262000c4001b00
7fdfb7ff27001da000b80
7f7c4003a5000a47ffbe0
7fa9480e367ffa7801010
007790109d000dc001d80
00fa6005ec00174000880
00a637fb4e7fff0000030
001917fbcf7ff620018c0
000828012f000d1801f10
003b90016e000e40006b0
00313ffea07ff1b800800
7fd9f800d3800c3fffd28
7ff070020f7ff400019a8
0002280020000dd0028f0
7fdb17feb600183000c50
7fc0700131fffb5000200
7febd002557ff2e001b40
7ff4effde8800a8801e48
7f7fa7fbdb000a00004a0
7f17c8049a7fef9800550
7f79a01028fff17001d70
0050200fed00086801790
00a0900544ffffafffed8
004367febaffe67000760
7ff6a0013a7ff00801da0
0013b003d800043000f00
00300001977ff107ff918
7ff000017e000687ff5c0
000bb002750000e0003d0
0011e0007a000ed000660
7fe8b000c8800d97ff8e0
7ff39003e50000a7ffd80
002248029d000788008c0
7fed1ffffd000fdffff80
7fa9200693000417ffa00
0030380f510000b800730
010db00909000d88007d8
01009ff95c800a7fffbf8
0033b7f54cffff5000278
7fe067fd1300082000c40
0023a00039000f6000198
002f17fd070002e7ffd20
7ffb37fd5f80010000a58
0003a00035000d80008f0
0023cfff5c0007dfffd68
000df7fdee7ffcd0006a0
7ffbafff8400081801028
0013800044000e4000350
0016f7feda7fff7000110
000027ff0a00008001120
000690005880100000c68
0016c7ffbc8006a7ffe18
0008f7ff00fff95000b78
00008800040008f801640
0010e8004c800eb000448
00108fff4c7ff948003e0
0000a7ff937ffca001b40
0007b0007a00125001330
001307ffde80025000010
7febf001e7000e1000910
0008b00204800d37ffc58
0002300005000007fff40
7fd96800d20003d800bf0
7fe6f003b7800f00006b0
0011c0025b0007d7ffcf0
7fded7ff5c7fff30005a0
7f84c0049900090000c90
7fd0580ee7000e0800130
00ad800ea30000f7ffd20
010a0801a57ffd5800ac8
008697f865000a5800d00
000067fb93000a6000070
000f7000d37ffda000228
003dafff930000a000e40
001e57fd5d800b4000978
7ffcf7ff44000407ffff0
0015b000dd7ffaf0008f0
002567ff560004d0010e0
000af7feac000aa0005b0
00026000397ffda0001b0
0017c0007afffad000fa8
001677ff360008c001080
0001f7ff788006a000228
00074000a47ff740006b8
0016d0002a7ffd7001600
000c27ff4c000b5000d18
7ffef0000d7ffe7fffff0
000af800c2fff0f800f98
001367fffa00020001ba8
0005e7ff97000a48007c0
000150006f7ff13000200
7feb100132000817ff790
00022802897fffc800430
000f3000b8000d00009a0
7fe6000076000eb7ffc00
7fe5b003ab0000c7ffd90
00188003138004b000a80
7fee87ffbb000f20003f0
7f940005270005afffc10
7ff7680f9b7fffe800790
00e6480ca8000c0800a88
0112e7fd2d000b67ffe20
005997f64b7ffeb0001f0
7febe7fcbb0004c000dc0
00232000c7000e4000568
003ad7fdbd00036fffe80
0005c7fd407ffee000b00
000220002f000bc000c80
002527ffe4800957fff98
001617fe25fffc8000560
7ffdafff5e0004b0010e0
001108007c000d4800610
0019ffff397fff8800088
0003d7ff117ffc9001000
0005000066000bd800f60
0016b0001100063000090
000c8fff2b7ff78800ad0
0000c00000000500017c0
000f200081000df0006b0
00126fff8d7ff868001c0
00026fff977ff668019d8
0005e00089000dc8016e0
001268001c00029800050
7fe680019a000c8000c68
0001c8021a000e0ffff50
0002a00013000027fffa0
7fd85000460001a800d60
7fdb200342000e8000a20
0009300284800977ffdd8
7fe1f7fee67ffdc000410
7f777802c40004c800e10
7f9c900ddd000cb800590
00751010ad800287ffef8
00fd60054dfffd00009e8
009e27fa7800081000d60
00100ffbb700090800180
000c20010d7ffc1000220
003de0007cfffdb000f18
0027a7fde600099800ba0
0000c7ff4180039000050
001310011c7ff85800850
002707ffd3000188012b8
000f27fed3000a60007f0
000130003efffd9000058
00154000ce7ff70000e20
00187fff8f00052801290
0003c7ff8a00068000340
0004e800bf7ff59000420
0015d800807ff7e801580
000eb7ff8200089001060
7fff60000b7fffa7fff80
00084800de7fedd800ae0
001280003b7ffaa001b60
00068fffb90007b800b20
00000000837ff1c7fffd0
7fedf801b280020fffcb8
000af802390000b8003c0
000a10003e0007d0003c0
7fe23800f980067fffcf0
7ff35003ec000047fff90
001e5002508003f0004c8
7fe537fffd0007e800000
7fa6f006c0000237ffd30
002fb80f1d00008000340
01075008d100066000380
00fbd7f97d0004cfffe00
003447f53a7fff7000130
7fdcb7fcb10003b000620
001bf000280007b000110
002d37fd208001e7ffe68
7ffab7fd13000080004c8
7ffc97ffe9000710004c0
001e57ff78000587ffe40
000ebffdda7fff3800140
7ff897ff16800320006d8
000be000220007a000220
0014e7fee9800217fff08
7fffcffeb700005800530
7fffe000010006b000570
001187ffc8000547fff48
000997fedbffff6000250
7ffca7ff8b0003e000790
0008b80030000830001c8
000f57ff63000147ffe90
000197ff307fff1000630
0000e000090006d000710
000d07ffe7800607fff70
0007cfff3dfffeb8001e8
7ffe4fffb680029800868
00070800338007c800328
000c6fff9a80012ffff38
000227ff6c7ffe80006c0
000150000f000630007d0
000ac7fff500052000030
000677ff6a7ffda000360
7ffe3fffce00028000a50
0005400042000840003c0
000aa7ffca7fffe7fff60
000297ff977ffcc000900
000160001b0006c000a90
000940001200062000080
0006c7ff9d7ffc2000350
000047ffdd0000c000c80
0005500031000830005e0
0008d7ffd1ffff1000050
0001efffb47ffae800b60
000178002a0006a000d88
000890001a0005b0001b0
0005ffffb2fff978005e8
00004ffff3800038011e8
000578003d000a8800898
0008a7ffda7ffe0000078
000197ffbd7ff7c000fa8
0000f8003380080001308
00081000260006a0001f0
00058fffbc7ff3c000820
7fff67fffd7ffd4001b70
0004700054000de000df0
0008a7fff67ff9b0000b0
7fe8c8016600024fffcc0
0002d00250ffff6000388
0008f0006380064000548
7fdfb0008c000657ffea0
7fe5d803a87fffd800030
00159802b08002e800630
7fe657ff9c800830001e8
7f913005510002d7ffd60
7ff8300f657fff3000360
00e1180c4d800530005a8
010d2ffd318005bffffb8
0059dff63c7fffb8000f0
7fe997fc4e000250006d0
001b7000960007b000310
0037d7fdd4800307ffe88
000647fd047fff80003c0
7ffd27ffd0000500005f0
001f97ffe080059000040
001657fe137fffc000120
7ffbcffef40001e0006a0
000a78004780069000348
0017ffff40000207fff90
000497fec17fff4000500
7fffffffff00050800670
0011d000090004e000080
000dbfff06fffed000248
7ffec7ff7d00020000830
0007d00047000750003a0
0010d7ff9b00019ffff20
000467ff3dfffe0000598
000110000d0004d0007c0
000d500011000520000b0
000a47ff58fffdd000208
7fff37ffb200009000910
000650004c0006b0004e0
000ddfffc30000dffffd0
0003f7ff6b7ffcd0006e0
000028000f00048800990
0009d0002700055000180
0008a7ff96fffd00002a8
00001fffcdffffd000ab8
000500004600070000630
000ac7ffe10000a000010
000307ffa17ffbb0007e0
000080002b00044000b10
000928003a800518001c0
000847ffb67ffb2000320
000087ffe17ffe6000cf0
0004b8004e000708007a0
000a4ffff4ffff0800050
00039fffaffff8e800a68
000090002280042000eb8
0007c0003900058800280
000747ffc87ff84800400
000067ffe9fffc3001168
0003b0004d00083000a90
0008b000067ffd8000030
000337ffca7ff45000e30
0000c8002d000438014f0
000718003a0006d800310
000637ffd57ff24000470
7fffe7fffcfff68801a10
0003980058800a3001158
0008680009fffa37fffb8
7feb60018c00029800260
00075802440003a7fff50
0009a0004d000077fff10
7fe15000d58000e800240
7fef8003dc0003d000100
001c8002690001d7ffe80
7fe577ffebffffc000118
7fa42806960002c8002a0
002c100f270003affff60
01070808de80004ffff28
00fb07f9570000d000260
003097f5288003b000118
7fdb0ffcc80001afffe90
001c7800167fff7800120
002b07fcf4000230002c0
7ff7b7fd1300030000000
7ffc67ffe700003000020
001d37ff4700012000310
000ae7fdc20003e000180
7ff6a7ff230001f7fff40
000ba0000900004000190
0011effec30002f800270
7ffcbffec0000317fff70
7fffe800007ffff800010
001057ff98800130002f8
0005effec88003a800130
7ffb67ff97000147fff40
0008d0000dfffff000228
000c2fff35000328002e0
7ffe7fff3780031ffff88
0001200003ffffc000058
000bb7ffb080015000370
0003d7ff298003f800140
7ffd1fffc5000137fff18
000760000e7fffa000260
00094fff6580032000350
7ffebfff6e80036ffffd8
000110000b00004000040
00094fffc7000178002e0
000307ff5e000370000c0
7ffdd7ffd8000067fff60
0005d000127fff7000300
000747ff9300036000370
7fff77ff9f000327fff80
00020000147fff6000070
000857ffd50000f0003d0
000317ff830003b0001a0
7fff5fffe48000effff88
0005d00004ffff80002c8
0005f7ff9a0002e000378
7fff37ffb10002b800030
0001d800167fffa000140
000727ffda00017000400
000247ff9a0003b000188
7fff87fff40000cfffff8
000580000a00000000330
00055fffa980034800308
7fff67ffc1000237fffc0
0001f000177fff08001d0
000647ffde0001d000480
0001c7ffab0003d000110
7fff97ffff7fffd7fffe0
000510000fffff6000448
0004bfffb80003e8003e0
7fff67ffd38002a7fff80
00022000227ffe98001a0
000667ffea00017000520
000257ffb600042800190
00003ffffd80000ffffb8
0004e000097fff1000438
000457ffbd0003a000430
7fff97ffd70002a7fffc0
000200001b7ffe8000190
000567ffe9800100004e8
000197ffc4000338001c0
000030000a7fff4000090
0004c0000ffffef000528
00041fffc6800398004a8
7fffc7ffe080022000060
000218001f7ffe68002d0
000557ffef0001c0005d0
0001c7ffc88003c0001b8
00003000087fff10000c0
0004180011ffff08005c0
0003bfffd60003e8004c0
00005fffec0001b800048
000280001a7ffdd000390
0004bfffee0001f800690
000187ffd78003c0001d0
0000f800107ffe6800150
0004a000097fff4000700
000347ffce0004f0004e0
7fffcfffef00017ffffa0
0002500020fffcc000428
0004affff2000228007f0
000187ffda000480001d0
0000d800107ffde0000e0
000438000c7ffe60007b0
000317ffd88004c0005a0
000037fff68000f7fffd0
0002a8001c7ffbd800500
000447ffec0001f000910
0000e7ffde80044000248
0000d00017fffcd0001e8
000450000c7ffe3000990
0002d7ffd600057000660
7fffb7fff8000037fffe0
00023000227ffa90006e0
000427fff68002a000b28
000137ffe50004f000230
0000f00014fffb3000208
0003c0000b7ffd0000bd0
000257ffe10005e0007d0
00001000037fff0000020
00029000207ff86000960
0003affff20002f800e68
000097ffed800520002d8
00010000217ff880003d8
000410000ffffc20010f0
000277ffe400082000a58
00004000067ffdc000010
0002d8001dfff4e800dd0
000377ffed80049001430
000027fff0800680002e8
0000f00028fff2d000598
00045000117ff8f001a60
00024fffe1000b9800fe0
7fffc000097ff9f000020
020830001882083000188
02043ffff302043ffff30
020458003802045800380
000000000000000000000
0206a000020206a000020
000000000000000000000
020777ffe5020777ffe50
000000000000000000000
020667ffec020667ffec0
0205b7ffb20205b7ffb20
0207f800020207f800020
000000000000000000000
020c97ffcd020c97ffcd0
000000000000000000000
020648000782064800078
000000000000000000000
020357ffd9020357ffd90
020b6fffa4020b6fffa40
0207a7ffce0207a7ffce0
000000000000000000000
020040000102004000010
000000000000000000000
020577fffe020577fffe0
000000000000000000000
020787ffec820787ffec8
000000000000000000000
020567ffa5020567ffa50
000000000000000000000
0206f7ff7b0206f7ff7b0
000000000000000000000
020808001502080800150
000000000000000000000
0203c7ffe90203c7ffe90
02087ffff002087ffff00
0209ffffe58209ffffe58
000000000000000000000
0201d7ffd18201d7ffd18
000000000000000000000
0207b7ffd80207b7ffd80
000000000000000000000
0201d000680201d000680
000000000000000000000
0205f000558205f000558
000000000000000000000
0204b8007c0204b8007c0
000000000000000000000
020b40002e820b40002e8
000000000000000000000
01ff00001e01ff00001e0
020388004a020388004a0
020670000702067000070
000000000000000000000
020cb80020020cb800200
000000000000000000000
0206d7ffdc0206d7ffdc0
000000000000000000000
020740005582074000558
000000000000000000000
020210000c020210000c0
000000000000000000000
0206b8000f0206b8000f0
000000000000000000000
020b000012020b0000120
000000000000000000000
020738000402073800040
0206a800078206a800078
020a37ffbc020a37ffbc0
000000000000000000000
0206f7ffda0206f7ffda0
000000000000000000000
0206ffffd40206ffffd40
000000000000000000000
0205e800510205e800510
020da7ffde820da7ffde8
02019ffff202019ffff20
000000000000000000000
020a07fffa020a07fffa0
000000000000000000000
020707fffb020707fffb0
000000000000000000000
020577ffec020577ffec0
020527ff91020527ff910
0200c0001a0200c0001a0
000000000000000000000
02080fffe782080fffe78
000000000000000000000
020707ffda020707ffda0
000000000000000000000
020980001402098000140
000000000000000000000
0203d800640203d800640
000000000000000000000
0204a7fffe0204a7fffe0
000000000000000000000
0209fffff30209fffff30
000000000000000000000
020750003902075000390
020680004c020680004c0
0206f7ffa60206f7ffa60
000000000000000000000
020900001002090000100
000000000000000000000
0205e800120205e800120
000000000000000000000
0202cfffd70202cfffd70
000000000000000000000
020a97ffc0020a97ffc00
000000000000000000000
020b500062020b5000620
000000000000000000000
020307fff1820307fff18
000000000000000000000
020107ffea020107ffea0
020b17ff92820b17ff928
02067fff8d82067fff8d8
000000000000000000000
020ca00017020ca000170
000000000000000000000
02089fffda02089fffda0
000000000000000000000
0204b000458204b000458
000000000000000000000
0208afffcc0208afffcc0
000000000000000000000
020800006702080000670
000000000000000000000
020bd0006e820bd0006e8
000000000000000000000
020630000600020000130
0103b7efea810480102e0
010230001c010230001c0
010230001c010230001c0
010350000101035000010
010350000101035000010
0103bffff28103bffff28
0103bffff28103bffff28
02060fffcf000058001d0
0100c7efc88105a010238
010400000101040000010
010400000101040000010
01064fffe681064fffe68
01064fffe681064fffe68
010320000401032000040
010320000401032000040
020767ffbefffbf0001a8
00fecfef9101048810480
0103d7ffe70103d7ffe70
0103d7ffe70103d7ffe70
010020000081002000008
010020000081002000008
0102bfffff0102bfffff0
0102bfffff0102bfffff0
0103c7fff60103c7fff60
0103c7fff60103c7fff60
0102b7ffd28102b7ffd28
0102b7ffd28102b7ffd28
01037fffbd81037fffbd8
01037fffbd81037fffbd8
010400000a810400000a8
010400000a810400000a8
020627ffecfffda7fffc8
010167efb101026010380
010507fff3010507fff30
010507fff3010507fff30
0100efffe90100efffe90
0100efffe90100efffe90
0103dfffec0103dfffec0
0103dfffec0103dfffec0
0100e800340100e800340
0100e800340100e800340
0102f8002b0102f8002b0
0102f8002b0102f8002b0
010260003e010260003e0
010260003e010260003e0
0105a000170105a000170
0105a000170105a000170
02014000347ffdc7ffea0
0101d7eff300fd30102b0
010338000381033800038
010338000381033800038
010660001001066000100
010660001001066000100
01036fffee01036fffee0
01036fffee01036fffee0
0103a0002b0103a0002b0
0103a0002b0103a0002b0
010108000601010800060
010108000601010800060
010360000781036000078
010360000781036000078
010580000901058000090
010580000901058000090
0206f0000600004ffffe0
0103dfefcd01036010370
01051fffde01051fffde0
01051fffde01051fffde0
01037fffed01037fffed0
01037fffed01037fffed0
010387ffea010387ffea0
010387ffea010387ffea0
0209c000187ffc2000390
0101efefbb81040010958
0100d7fff90100d7fff90
0100d7fff90100d7fff90
010507fffd010507fffd0
010507fffd010507fffd0
010387fffd810387fffd8
010387fffd810387fffd8
02054fffbe800028002d8
00ff47efcd010630101f0
010060000d010060000d0
010060000d010060000d0
010407fff4010407fff40
010407fff4010407fff40
010387ffed010387ffed0
010387ffed010387ffed0
0104c0000a0104c0000a0
0104c0000a0104c0000a0
0101f000320101f000320
0101f000320101f000320
010257ffff010257ffff0
010257ffff010257ffff0
010507fff9810507fff98
010507fff9810507fff98
0206e8004280006ffff68
01060fefe881014810508
01037fffd301037fffd30
01037fffd301037fffd30
010480000801048000080
010480000801048000080
0102f000090102f000090
0102f000090102f000090
010167ffeb810167ffeb8
010167ffeb810167ffeb8
01054fffe001054fffe00
01054fffe001054fffe00
0105a800310105a800310
0105a800310105a800310
010187fff9010187fff90
010187fff9010187fff90
02060fffbe7ffaf8002c0
00fd17ef9c8103f0104d8
010347ffc7010347ffc70
010347ffc7010347ffc70
010650000b810650000b8
010650000b810650000b8
010457ffed010457ffed0
010457ffed010457ffed0
010258002301025800230
010258002301025800230
010457ffe6010457ffe60
010457ffe6010457ffe60
010400003381040000338
010400003381040000338
0105e800370105e800370
0105e800370105e800370
0184300011008207fff50
00ddc7f24a8025f7fda00
0001e7f7f8000020081b0
002790025880dcf00dd58
010387fffa7fffd000070
00dd37fa3e80262005c28
008147f7e3008210081e0
00258ffa4800ddc805b90
018507ffe8008107ffe70
00dc57f226002477fda30
000037f7ee800020082e8
0026e8025280deb80dd10
0104b7fff5000197fff10
00dedffa3b00277005ac0
008347f7da008300080c0
0027a7fa3800deb005ae8
01859fffd30081cfffec0
00dab7f202002417fd8f0
7ffd37f7ef7ffec0082c0
0025e0026f00deb00dd90
01017000007ffeb000010
00db87fa480024a005b80
00800ff7ea80801808160
002497fa4900db9005b78
01033fffe400008800120
00dc57fa3380277005c28
008077f7e580835008108
00256ffa5400de5805a20
0103c7ffe47fffc7ffd98
00dde7fa24002590059a0
008217f7bf00816807ff0
002617fa1c00dd7005a10
018597fff0008097fffd0
00dcb7f20f8024b7fda18
7ffe6ff7d67fff3808260
0024a0025c00ddc00ddc0
010267ffeafffe8ffffe8
00dbe7fa2f80250805b98
007fd7f7d600811008130
002427fa3e00dcc005ab0
0101f0002ffffef800048
00dcfffa700023f005c40
0081d7f802007f2008320
0025dffa5200db1005e20
010400002afffe6000138
00de37fa5f00243005df0
0081eff7f2008078084c0
002537fa4f00dd3005ef0
018240001c007f0000180
00dca7f240002537fdb30
7fff07f7db7ffec0080f0
002300025a00da300dd10
0104e7ffff00018000110
00de87fa460027e005ca0
0082a7f7ed0083c008230
002717fa5300df5005bd0
010250001880015000128
00dcd7fa6a0026d005c10
008207f80d0081a0081e0
002717fa6580dc9005c58
01047000087ffef7ffff0
00de5ffa4000250805c80
0081fff7d800816808300
002577fa3900ddf005ce0
018607fff20080f000140
00dd87f215802667fdb78
7fff17f7d600013008280
0024a0026280dec00dd48
010387ffeb80000000018
00dd07fa3300267805ba0
008117f7da80827008128
002587fa4200ddf805ab0
0185480008808478000f8
00db9ff22e802657fd8d0
7ffddff8167ffe4808230
00271002a080dcf00df50
010447fffd0000c000000
00de37fa420026d005bb0
008277f7e2808290081a8
0026b7fa4380de5005b98
0182d7ffe6008277ffd90
00da97f2410024b7fd8c0
000087f8147fffb0081a0
0028c0026100dd700dbe0
0103c7fff080004000038
00dd57fa370026b005bd0
00816ff7de00829808160
0025d7fa4500de3005af0
010358001e00016fffec0
00deb7fa6380261005a68
0083f7f7f58080d008148
00284ffa4000dc7805ca0
0103affffc7ffea800030
00dd57fa3900250005c60
0080f7f7d780816008278
0024c7fa3d00dd9005c20
018530000b0081b800380
00ddc7f22880284ffdc00
7ffed7f7df8001a008170
0023e8027c80dd600dd40
0103b800088000cfffff8
00de07fa4e80268005b98
00828ff7ec8081f8081b8
0026effa4800dd9805c00
010357ffe67ffe1000060
00dc67fa2480250005c70
007fb7f7cb8081b008200
0023a7fa3b00ddc005b08
0103900015000210001c0
00ddbffa658027f005cb8
0082a7f80c80831008248
0027a7fa6a00de0005c70
0184a7ffc2808167fffb8
00d8f7f1ff802427fd9d0
7ffbb7f7fc7fff4008300
002510028000dee00dcd0
010557fffc000100000f0
00dec7fa3e80279005cd0
008297f7e30083c008280
0026b7fa4c00dfa005bf8
0103500004ffff00001e8
00dca7fa480025b805db0
008067f7ef00820008340
002497fa5a00ddc805c90
0104f000357fff17fffe0
00dfd7fa6400243005d00
0083bff7ea80804808490
0026a7fa3d00dd6005f70
0143d80005804058000b8
00c377f3d7801a57fe730
0000c7f64280012001b58
7ff0b7feff0036e0035a0
00413ffffc0040cffff90
003647fc9c7fefb001040
000007fe4f00002009cc0
001988019f00c3680c368
0144dfffee80402ffff98
00c377f3be8018e7fe678
00006ff62f7fffc801bf0
7ff057fee900369803690
00400fffe70040f800000
00349ffc987fefd8010b0
7fff47fe5a0000e009d48
0019e0019f00c4d00c320
014387ffe9804217ffe98
00c147f3bd001977fe450
7ffe27f647ffff1001a78
7fefb7ff11003630035e0
0040f000008040e7ffeb8
003557fca17feec000ee0
7fffd7fe65fffef009c68
001b7001a800c3400c310
010387ffe47fffc000000
00c2bff7bd80199802760
003f87f6280040f001bd8
7fee77faf00036f7ff640
7fff10000b00017800070
0035f000b97ff18005090
004127fe5880423009b80
001a27fd9180c44008108
0143ffffed00419800030
00c227f3b7001a97fe588
7ffe37f63500003001a10
7feeb7ff090035f003530
004040000a004057fff30
003597fca77fef2000fb0
7fffaffe5e7fff9009c80
001a4001ac00c3800c300
0102f8002d7ffef800028
00c3e7f7f6001910027a0
004147f64900409001b90
7feffffaff0035e7ff530
000018000f7ffee7fff50
00367000b77fed80050d0
004117fe53003e1009df0
001987fd8e00c19008540
014390000d803eb0000e8
00c397f3d1801917fe6e8
000007f6307fff0001ab0
7fef0ffef60033f803640
0040080000003ef800180
0035c7fc977fef70011c0
7ffed7fe3e7ffff009d10
001780019600c2b00c3b0
01036000107ffef000080
00c387f7e400195002860
0040d7f64500413001c80
7ff007fb03003717ff628
0000a000120000b000010
00371000b3ffefc0050d8
004167fe4e00404009d00
00198ffd8d00c30808390
0144c7ffef00414000030
00c317f3b8001a77fe5d0
7fff17f62f80000001a68
7fef17ff0300359003600
004080000a004070000a0
00362ffca77ff03801108
000027fe5780011009d08
001a3001a480c4900c300
0144c0000300408000060
00c2e7f3c80018c7fe668
7fff27f64b7ffeb801cb0
7ff08fff1900368803870
0042400002004240000e0
003617fc8f7ff04000fe0
7ffed7fe51ffff7809d18
00195001ad00c3a00c480
01434fffeb003f8ffffb0
00c1d7f3cf0018c7fe720
000007f64e00008001c60
7ff147ff0000378003610
004157ffea804127ffee8
003567fc8f7fef5000fd0
7fff6ffe4e80004809cb8
001980019700c3f00c270
010380000d7fffd800110
00c3e7f7e1001ad002828
00416ff63f00428801b68
7ff09ffaf60037b7ff4a0
0000d000010000a7ffeb0
0036a000a77fef7004ff8
0040d7fe4c00400009c80
001987fd9600c2f008340
014470000a0040c000010
00c407f3cb0019c7fe5d0
7fffe7f632fffef001ad0
7fef27ff068034c803760
0040d800160040e000220
003717fcab7ff13001150
0000bffe4e8000e809c88
0019f0019b80c3700c388
010377fffdffffe7ffe88
00c377f7d50018f002500
004117f633003ea001980
7ff027fae7003387ff540
7fffeffff2fffe2800138
0035b000a0ffef5005268
004097fe4980412009d68
001a07fd8580c3c0082b0
0144ffffdf003fafffe30
00c1c7f3ad001737fe520
7ffe27f63d7ffd9001bf0
7fefcfff0b00354803750
00412ffff600403800060
003567fc8e7feec0010f0
7fff37fe4c80001009e38
0019c0019200c5200c3b0
010420001d7fff37ffe80
00c48ff7df80181802688
00410ff633003f5801bc0
7fef1ffaf500357fff650
7fff7000177fff9000080
0036e000c57feed005160
004287fe56803f8009dd8
001ae7fd7d80c2e0084b8
01445ffffa7fff80000b8
00ae77f2b8001500011f8
7fe287f697001e47ffab0
7fed07ff510003b7ffae0
0036b7fe8b000a8001710
001317fbfe002330009e0
7ff3b7fedc000c57ff730
001c00002d7ffd8001720
001ffffe0480206002070
7ffe37fe9e001c27ffd50
000d8000877ff3a0012f0
0022f7ff4f0013f0040b0
000977fe8d003760016c0
000330005b7fec8000a90
001dc000597fe26009730
00143ffeed00af300d498
012387ffe700200000030
00b33ff4a2000e0fff1b0
7ffe47f5d57fffe000720
7fda17fdbc0015a001550
0020600009802097fff70
002e77fd1d0006e7ff840
000027fd007fffb001650
7ffd37ffca001e4001de0
00210ffff700210ffff30
001d8ffe1c7ffbe800290
7ffffffe9effff1803090
0007c8006d002e6802f10
002017ffeb0020d000008
0013cffe9fffdaf8024e8
7ffea7ff9b0000500a2b0
000df800f200b5480b3f0
012378000d002087ffe00
00b497f4b8800d97fefe8
7fff87f5d67ffeb0005f0
7fda77fdb700144001520
002080000a001fc000000
002eaffd1c0006efff8b0
7fffe7fcfc7fffc001620
7ffc77ffd1001dd001db0
0020e0000a0020bffff90
001e47fe2a7ffc50002f0
00007ffe9f7fffb803020
0007800073002e7002e00
0020500004002007ffef0
0015b7feb67fd97002450
000157ff977ffe400a310
000fd000d480b3b00b5b8
012378000f00201fffff0
00b507f4bd800e97ff140
00002ff5d37fffd8005d0
7fdab7fdaf00145801470
0020a00003001f67fffd0
002ed7fd0f0006f7ff880
7fff67fce97fff7001550
7ffb07ffc5801c8001d08
001f980010001f1fffff0
001de7fe327ffb30003d0
000037fe9cfffed0030e8
000698006f802d6002f48
001f400008001fb000100
0014f7febcffda80025f8
000057ff9bffffa00a358
000e8800e500b4280b560
0144c7fff9000007fff60
00ae0ff2ae001508010a0
7fe16ff69e801dafff910
7fed1fff660001ffff9d0
0037bffe8f0008c8017b0
001337fbf70022f000b00
7ff36ffee2000cbfff750
001cb80035fffd78016f0
0020d7fdfd80207002058
7ffe47fe94001c37ffc90
000d8000857ff28001218
00231fff4a80127804158
000927fe8900375001810
00031000657fed2800ac0
001ed000617fe24009700
001587fee100af100d4f0
012367fffc001fe7ffef0
00b44ff4ba000d8fff150
000067f5dd7fffa000710
7fdbd7fdac00157001540
0020fffff100205ffff98
002e37fd0a800737ff848
7fff87fcf57fffe0015a0
7ffc57ffc7001d3001d00
002057ffff001f47fffc0
001d77fe287ffb50004a0
000037fea300005003230
0007900071002ff002f00
001fe7fffb002147fff30
0014c7feb47fda9002490
000087ff9d7fffc00a2e8
000f3000dd80b4c00b498
0123f0000400208000060
00b51ff4b3000eefff180
000007f5cb7fffe000678
7fda57fdab0014d0015b0
00201800070020c0000f0
002ea7fd1d000877ff8e0
000017fcf60000b001580
7ffc17ffc4001de001d80
001fa00001802127ffff8
001c9ffe317ffd28002c0
7fff47feb9ffffb002f38
0007a00094002d3002e20
0021800014801f60000d8
001677feb0ffdac002648
000087ff918000700a370
000e7800e900b4f80b4f0
012497fffe002077ffe10
00b497f4a7800d37ff058
7fff1ff5d0ffff08006c8
7fda77fdb800155001530
0020e00006002047fff00
002f17fd11000657ff7d0
00000ffce97fff2801630
7ffbd7ffb7801df001da8
001f17fff8002097ffeb0
001c27fe307ffb1000220
7fff87feb67ffe1003090
0007c00082002d8002f30
0020700003001fc800030
001527feb6ffd9a002588
0000efffa17fff280a430
000ff000dc00b5300b5f0
0133f7fff080107000098
00a787f3278006f7ff908
7fe087f65200020000450
7fdf1ffeeb000de800660
002a6ffee7000c4fffa40
001327fc0a7ffff7fff40
7fec97fe2e00072000ae0
000bd80010001028001d0
001b7ffe44000487ffc00
7ffcc7fdff000170009f0
7ffd97ffe1800ff000a58
001657ff8a000ca7ffc50
000a47fe55ffff3000378
7ff9f7ff6300094000f80
000ba0002d801220002b8
001257ff130001efffda0
7fffdfff067fffa801060
0002b0002b00125000f40
0012a7ffcb000ba7ffe00
0008efff007ffac800ae0
7ffec7ffc9800bc001a78
000c90003c0016a000620
000f87ff58fffcd0001a8
0000b7ff667ffcd0020c0
000438004d001c2801ba0
001077ffef800bb7ffe58
0007b7ff58ffebf001d68
000098000a80135804008
000c880051002ad8011b0
000d57ff907fdf3001190
0000efffbcffe17809b68
000630007e00a9000ccb8
012378000e000007ffff0
00ab87f43400091000848
7feff7f5ed000f97ffe90
7fd607fe16800477ffa08
001f67ffa280012000678
0020e7fc91800dc8008a8
7ff1f7fd38000df7ffc40
7ffb27ffeb000157ffe60
001bffff580004e800b20
000d77fdca0010d000600
7ff717feeb800977ffb38
00086000257fff20004e0
001667ff1c8009f000e78
000437fe8c001180002a0
7ffda7ffbf0003b7ffd80
000fc0000200001000d30
00103ffeef00104800f10
7ffec7ff17000ed7ffe78
00023000287ffc8000370
0010f7ffde00035001740
0009cfff190015f800e70
7ffe87ffb1000867ffda0
0008e000567ff6e0010c0
00111fffaa000cb802310
00055fff4d001b6000ac0
00013800187ffb1800170
000df000417ff1c802c10
000e67ff7700201003690
000197ff8f001e7000600
00043000577fd54001ee0
000f400017ffef000a198
00091fff7c80aa980bdf0
013417fffa8010b7fffe8
00a7e7f32d80062fff808
7fe117f65600005800488
7fdfd7feea000d40007c0
002aeffedc000cd7ffb30
0012d7fbff000067fff80
7febfffe2f00077000b30
000bd000178010f0001e0
001bd7fe47800507ffb60
7ffd17fdfe00013000960
7ffdc7ffe0000fc000a50
001677ff8a800cafffc00
000a87fe587ffea000310
7ffaa7ff6380087001018
000c700023001260003e0
001267ff02800327ffde8
7fff7ffefc00008800fa0
000290002500128000e50
001257ffc0800b57ffd08
000817fef97ff9f000a40
7ffe07ffd0000ac001ab0
000c600042801690006d8
000f67ff5b7ffd50001a0
0000b7ff707ffcc801ff0
0005100053801b6001b20
001167ffe0000ad7ffe90
000717ff41ffeb7001e00
7fff30000a001350040b0
000c200061002b3001200
000dd7ff957fdf6001170
000127ffba7fe12009b60
000670007c00a8a00cd30
01244000017fffb000030
00ab87f427000998008c0
7fefaff5e800105fffe30
7fd5e7fe15000477ff960
001f57ffa20000c800650
002107fc92000da0008b0
7ff257fd32000dc7ffc40
7ffaffffdb00011fffe90
001aa7ff4e00050000b30
000c07fdd780109000598
7ff6efff0480085fffb50
00093800327ffe6800620
001717ff1b000a7000f98
000477fe87001200002a0
7ffd77ffb8000317ffd90
000ee00000ffffa000e88
000f4ffeff80113801068
7fff07ff2f000fe7ffe90
00036000317ffc8000370
001177ffd900036001820
0009c7ff1c00170000f30
7fff27ffb9000957ffd50
0009d0004f7ff6e001090
0010efff9c000cf8023c0
000497ff4f001c9000b08
00012800227ffc00000a0
000e20003f7ff19002b40
000dafff78801f8803698
000117ffa4001e5000698
000530006c7fd59001f88
0010a00014ffefd00a228
000947ff7100abb80bde0
012bb7ffff000847fff10
00a4c7f36c0002c7ffbb0
7fe067f63200002000200
7fd88ffeb500069000360
002407ff15000667ffd20
0012dffc1b00004fffef0
7fe91ffde3000378004b0
000368000b00087000050
0018a7fe7f0002d7ffc50
7ffce7fdd27fffe0002d0
7ff6c7ff988006d000490
000f5fffb28006ffffd78
000a87fe697fffc7ffed0
7ff7bfff08000238005b0
0003a0000a00080000240
000f0fff3580034fffdd8
7fffa7fec7000038003f0
7ffb8fffcf000728005c0
000affffe50007afffe60
0008a7ff09000047fff70
7ffc1fff638002a800660
0003c800140008c800280
000c3fff8200034fffd68
000197ff257fff2000410
7ffdffffdd00064000700
000927fff2800757fffd0
0007d7ff4b7fffe0000d8
7ffde7ff850002b000858
0002f0001100099000400
0009afffad0003afffe30
0001f7ff667ffef800568
7fff3ffff30006f8008b0
000830000500084000050
000767ff7cffff9000140
7fff87ffa8000280009d0
0003b00017000a40004f0
000937ffbf000317ffe50
000287ff7e7ffd7000760
7fffc7fff500076000b90
000718000900091000140
000677ff9a7ffe1000260
7fffdfffc180019800dd8
0003a00022000c5000830
0008a7ffd4800407fff08
0002dfff997ffc58009e0
00007fffff0008c800f90
0006f0000c000b3000200
0005d7ffa67ffc1800340
7fff67ffd200004001340
0003280033800f2800c08
000847ffec800367fff38
000307ffb27ff7d000fc0
0000c00012000b0001958
000720001f000f8000430
000667ffb9fff67000610
00002fffdd7ffca8022f0
000380003a0018b001800
000867fff5000357fff00
000337ffbb7fe8c0021b8
0000c0001a80129803e60
000710002f0023c000ec0
000707ffca7fd830014f0
000127ffe27fe06009d48
0003f8003500a5080c968
012c2ffffe0007effffd0
00a4f7f3690002f7ffc50
7fe087f63200009000240
7fd8d7feb380070000368
002447ff0f0006b7ffcd0
0012c7fc15800017ffe98
7fe8f7fde0000310004f0
00032000080008b0000f8
001817fe800003c7ffc78
7ffc97fddc00008000220
7ff72fffa3800698003c8
000fffffb500067fffd60
000ae7fe667fffa7fff20
7ff817ff05000290005e0
0003d000030008a000200
000eb7ff318003b7ffd10
7fff7ffecd000000002f0
7ffc27ffd200067000530
000b6fffdb0006efffe58
000847ff017fffd7fff80
7ffbcfff6800023800680
0004100015000850002d8
000c37ff7b000337ffe00
000127ff287fff9000480
7ffe57ffe60006c0006d0
0009e7ffed000787fff30
00077fff3e7fff9800040
7ffd27ff8a800210007f8
000358001f0008c800420
000aa7ffa9000337ffec0
000207ff5a7fff2000600
7fff07fff0800770008b8
0008700002000847fffd0
00073fff707ffef000100
7ffe7fffa38001e000a50
0003000023000a4000590
000977ffc9800367ffe98
0002c7ff81fffda000768
7ffff7fff900078000ba0
0007a0000b00095000130
0006bfff947ffe4800220
7fff97ffc00001a000d60
0003d80029000be8007c0
000967ffd2000357ffee0
0002e7ff8e7ffbc000a30
7fffe8000080088801010
0007480018800b1800258
000717ffa3fffc10003b0
000007ffbf000090013b0
0002e00026000fa000bf0
00081fffe500033fffec0
0002d7ffa77ff72000fd0
000008000a000ab801a10
0006980023000ff8004a8
000697ffbafff6c0005f8
000037ffd0fffca0022e8
0002a000300018c001820
000767fffa800377ffee8
0002efffc6ffe88802198
000100002080125003ea8
000760002d0023d000f30
000707ffc47fd86001530
000097ffdd7fe09009d90
000338003900a5680c9a0
012bf7fffeffffc000008
00a25ff34a80026800218
7fdca7f6400003c7fff20
7fd7f7fecc000097ffe90
002357fef60000b0001f0
000ee7fc0a0003f000110
7fe6a7fdff800277ffe38
000348000500002000060
0015c7fe5e0002e000210
7ff907fde40003e7ffee0
7ff667ffb0800067ffe80
000ec7ff930000a0001f8
0006c7fe570003c000120
7ff5a7ff2100021fffe70
0003a7fffc000000000e0
000c17ff1000030000250
7ffbe7fed70003c7fff00
7ffb6fffdf000027fff00
000a27ffbb0000d0002a0
000477fef500043000140
7ff9f7ff7f000227ffe50
00040000037fffd000110
000937ff56000300002c0
7ffda7ff328003f7fff28
7ffdd7ffeb000027fff20
000847ffc40000e0002e8
000357ff3400048000170
7ffb97ffa2000257ffe30
0003600003ffff90000d8
000717ff7e000290002f0
7ffe3fff6b0003bffffb0
7ffeeffff9800057fff98
000727ffd380011000318
0002f7ff63000470001a0
7ffd1fffbe00026fffea0
0003a8000500000800120
000647ff940002f0002b0
7fff07ff87000387fff70
7fffb7fff9000017fffc0
000607ffd600011000330
00024fff8200042800180
7ffe27ffd28001c7ffef0
0003e800017fffb800210
000567ff9e00034000370
7ffef7ff9d0003e7fffc0
0000400000000047ffff0
0005bfffd680013800358
0001b7ff8c80042000198
7ffdd7ffdc800197fff58
000330000b7ffff000280
0004b7ffb500039000380
7fff57ffb60003b7fffc0
0000b0000a00001000080
000587ffe10001a0003e0
0001e7ffa180048000180
7ffeafffe8000187fff50
000380000d000000002d0
0004afffc00003b800350
00000fffc200032ffff90
00017000077fff5000130
000557ffdf0001c000500
0001e7ffab000520001f0
7fff87ffec0001a7fff60
0003d0000180003000338
00040fffb900043800380
7fff87ffc7000347fff40
000130000afffef000158
0004bfffe10001d800550
00014fffb6000518001c0
7fff77fff88000dffff68
0003f00007ffff8000438
0003f7ffbd00048000480
7fff57ffca800387fffa8
0000f0000f7ffef0001e0
000477ffea000260005f0
000167ffbf8005a000180
7fff87fffb800047fff18
000380000b7ffeb800500
000387ffcc00048000580
7fffa7ffdc0003b000020
0001780016fffec000288
0004a7ffee000280006e0
0001a7ffc7000610001f0
7ffff7ffff000057fff80
0003b0000b7fff00005b0
000397ffcf00053000590
7fffffffdd800357fff90
00019000107ffd9000310
000417ffed00023000830
000137ffd1000620002c0
00002800087fffb800050
0003d8000efffed800770
00039fffd50005f8006b0
000057ffe500035ffffe0
00020000107ffcf800460
000417ffea0002e000a10
000127ffd500072000300
000080000a7fff10000a0
00040000077ffe8000960
000317ffd0000730007f0
7fffcfffea00034ffffb0
0001f000187ffb80005e0
000427ffee00034000cb0
000117ffd7000800003d0
000058000cfffdb800198
0003b0000dfffde800d00
000317ffdb00094000a80
00004ffff30003bffffd8
00027000177ff9e000870
000437ffeb000498010e0
000117ffd9000a2000470
000098000c7ffb8000280
0003a000077ffca0012d0
000277ffda000cb800e60
7ffffffffa80036ffff90
000298001c7ff53800e00
00042fffea0006d801ab0
0000b7ffdb800ed000678
00007000147ff600004d0
0003d0000d7ff8e002220
000297ffdc00162001a40
7fffe7fffc000377fff40
000270001fffe65001fc0
000417ffef800e9003f68
0000d7ffe10022f0010b0
0000a000167fd79001390
0003c0000bffdca009c90
000257ffde00a2b80cb80
01ed600a6c01ed600a6c0
7ed6681a407ed6681a400
009b301ef6809b301ef68
000000000000000000000
7e998fe8f97e998fe8f90
000000000000000000000
004d07dfc8004d07dfc80
000000000000000000000
7ee9901b637ee9901b630
7ea667e7767ea667e7760
7dfc60025c7dfc60025c0
000000000000000000000
01b717ef6e01b717ef6e0
000000000000000000000
01df200c2101df200c210
000000000000000000000
00a7801e6a00a7801e6a0
7dfc5001c47dfc5001c40
7edf181b037edf181b030
000000000000000000000
004557dfba004557dfba0
000000000000000000000
01c28feff901c28feff90
000000000000000000000
7dfa4002fa7dfa4002fa0
000000000000000000000
7ea727e8307ea727e8300
000000000000000000000
01e4300bb281e4300bb28
000000000000000000000
0091501f738091501f738
000000000000000000000
01681016fe81681016fe8
7e39f80fd77e39f80fd70
7fb590200e7fb590200e0
000000000000000000000
7f5ef7e1147f5ef7e1140
000000000000000000000
012577e51d012577e51d0
000000000000000000000
7e46b010e07e46b010e00
000000000000000000000
7e2517f4537e2517f4530
000000000000000000000
02027ffd0702027ffd070
000000000000000000000
015a4017ef015a4017ef0
000000000000000000000
7fc0b820307fc0b820300
7e22b7f3defe22b7f3de8
7e3eb010817e3eb010810
000000000000000000000
01230fe4d701230fe4d70
000000000000000000000
0200dffe060200dffe060
000000000000000000000
7e1927f5227e1927f5220
000000000000000000000
7f6ea7e0f3ff6ea7e0f38
000000000000000000000
015f901764815f9017648
000000000000000000000
7fafc0200f7fafc0200f0
000000000000000000000
01bc00115801bc0011580
7e7f50157c7e7f50157c0
002710202400271020240
000000000000000000000
7ef287e42a7ef287e42a0
000000000000000000000
00bc87e1e700bc87e1e70
000000000000000000000
7e8a3016867e8a3016860
7f0697e3c37f0697e3c30
7df9cffb517df9cffb510
000000000000000000000
01eedff5f601eedff5f60
000000000000000000000
01a60012cc01a60012cc0
000000000000000000000
0034e020700034e020700
7e029ffa7c7e029ffa7c0
7e863016517e863016510
000000000000000000000
00b26fe1d700b26fe1d70
000000000000000000000
01eef7f6b801eef7f6b80
000000000000000000000
7dfd3ffc447dfd3ffc440
000000000000000000000
7efb27e3f4fefb27e3f48
000000000000000000000
01aea8123e81aea8123e8
000000000000000000000
002220202700222020270
000000000000000000000
0109801bc50109801bc50
7e0c4008fbfe0c4008fb8
7f45f01e3b7f45f01e3b0
000000000000000000000
7fcccfdf9b7fcccfdf9b0
000000000000000000000
017bafea36017bafea360
000000000000000000000
7e1a800a4f7e1a800a4f0
000000000000000000000
7e5417edac7e5417edac0
000000000000000000000
01ffe004b601ffe004b60
000000000000000000000
00fdf81c5c00fdf81c5c0
000000000000000000000
7f54901edeff54901ede8
7e5f37ed187e5f37ed180
7e0a9009b9fe0a9009b98
000000000000000000000
0178a7e99d8178a7e99d8
000000000000000000000
0200b804f10200b804f10
000000000000000000000
7e4a97ee777e4a97ee770
000000000000000000000
7fe217df79ffe217df798
000000000000000000000
0104201c2a0104201c2a0
000000000000000000000
7f3fc01d81ff3fc01d818
000000000000000000000
0061e01256018b87f8160
01c8b00e830024b7fbe90
004d980f7b004d980f7b0
004d980f7b004d980f7b0
7f4cc7f47cff4cc7f47c8
7f4cc7f47cff4cc7f47c8
002687efe4002687efe40
002687efe4002687efe40
7ec7f8016c80219819f68
7eb078187e80391802e48
7efe30012e7efe30012e0
7efe30012e7efe30012e0
00db8ff7b700db8ff7b70
00db8ff7b700db8ff7b70
00ef90061080ef9006108
00ef90061080ef9006108
7f51e810170155980e530
0061e01f528045a7ff178
7f6f900d81ff6f900d818
7f6f900d81ff6f900d818
0022afefdd0022afefdd0
0022afefdd0022afefdd0
00e147f7fc80e147f7fc8
00e147f7fc80e147f7fc8
7efd20017d7efd20017d0
7efd20017d7efd20017d0
7f5397f4187f5397f4180
7f5397f4187f5397f4180
00f21805d900f21805d90
00f21805d900f21805d90
0048a80fba0048a80fba0
0048a80fba0048a80fba0
7fd100136b01971003940
0132c019af803557fd4f0
7fdac810077fdac810070
7fdac810077fdac810070
7faf7ff08a7faf7ff08a0
7faf7ff08a7faf7ff08a0
0092bff28e8092bff28e8
0092bff28e8092bff28e8
7f235808707f235808700
7f235808707f235808700
7f128ffa29ff128ffa298
7f128ffa29ff128ffa298
010147fe83810147fe838
010147fe83810147fe838
00ad200bf780ad200bf78
00ad200bf780ad200bf78
7ef1b00a0700cf0016290
7f7f501f02804168012d8
7f1f580840ff1f5808408
7f1f580840ff1f5808408
009187f26b809187f26b8
009187f26b809187f26b8
010077ff03010077ff030
010077ff03010077ff030
7f0c97fa917f0c97fa910
7f0c97fa917f0c97fa910
7fb757f07a7fb757f07a0
7fb757f07a7fb757f07a0
00afc80bb200afc80bb20
00afc80bb200afc80bb20
7fd7e01007ffd7e010078
7fd7e01007ffd7e010078
001da8136a019e5ffdee0
0189e014b1803227fca68
001388101200138810120
001388101200138810120
7f7947f2157f7947f2150
7f7947f2157f7947f2150
005e47f0f3805e47f0f38
005e47f0f3805e47f0f38
7ec867fd24ffc1d019618
7e6330130e80270003778
7efce7fda8fefce7fda88
7efce7fda8fefce7fda88
00f777fafb00f777fafb0
00f777fafb00f777fafb0
00d300096600d30009660
00d300096600d30009660
7f1bc00d7601192012fa0
7fee502023004690004d0
7f43180b28ff43180b288
7f43180b28ff43180b288
005937f0eb805937f0eb8
005937f0eb805937f0eb8
00f77ffb5c00f77ffb5c0
00f77ffb5c00f77ffb5c0
7efea7fe227efea7fe220
7efea7fe227efea7fe220
7f7d97f1fa7f7d97f1fa0
7f7d97f1fa7f7d97f1fa0
00d750091f00d750091f0
00d750091f00d750091f0
001110101380111010138
001110101380111010138
7f8ae01260017ea009650
00cca01d80803ce7fe448
7fa2f80f1dffa2f80f1d8
7fa2f80f1dffa2f80f1d8
7fe667efcdffe667efcd8
7fe667efcdffe667efcd8
00bdd7f51b00bdd7f51b0
00bdd7f51b00bdd7f51b0
7f0d400527ff0d4005278
7f0d400527ff0d4005278
7f2a0ff6d67f2a0ff6d60
7f2a0ff6d67f2a0ff6d60
00fff0025b00fff0025b0
00fff0025b00fff0025b0
007f000e2e007f000e2e0
007f000e2e007f000e2e0
7ed9e005fb007ab018e30
7f13081c7600418802690
7f054804dd7f054804dd0
7f054804dd7f054804dd0
00bc57f4cf00bc57f4cf0
00bc57f4cf00bc57f4cf0
010060027881006002788
010060027881006002788
7f254ff73bff254ff73b8
7f254ff73bff254ff73b8
7ff10fefbd7ff10fefbd0
7ff10fefbd7ff10fefbd0
0082100e150082100e150
0082100e150082100e150
7f9fe00ec17f9fe00ec10
7f9fe00ec17f9fe00ec10
0057c010e8800a20016d8
0157580b04007158037f0
01419ff99e0049effe780
004e87f6c4ffd63005248
7fb9a7f2307f9320024c0
7f58e7f3b2fff3e000ca0
7f2587f90a002747fb720
7f3da7ff16800f27f5660
7ee310014d7fe4e0001f0
7f03c0125cffacb806220
001a40150a00076004ed0
007e6006ba7fbabffc2a8
00e597fee47ff607f8d30
00e4c7f8b57ff6c7ff020
009e4ff45f003d4003580
003b67f46b80a028034b8
7f60c00ecc7ff130014b0
004a4017a10017a007b20
0116d80bad003ec002a60
00a24ffdf6ffa35801210
0081f7f3ed7fa0b7fbf00
0033a7f01f7fef07ffbe0
7fd13ff0e4805177fef88
7f9467f5c9808e57fa138
7f285ffacaffd4c806b28
7efe4000587ffee001250
7f1f5006227fddd7fb5b0
7f783008c3ff84f7f8b98
009d600ac98054bffb0f8
00ebb006e1000667fef80
00f6e000a77ffb4005320
00b857fbc20039c00a170
7fd5e011b97ffb2001b20
00e6e01355004be0065a8
014bc002f4004b5000a00
008287f9cfffb2d0037f8
00211ff18c7f8e67fefe0
7fbf97f0467fefe800440
7f6c37f3af00434ffcdb0
7f57d7f9c80057aff6c20
7f1af0014d00086807230
7f1cb007670006a801090
7f62f80ba47fc067fccc0
7fc4a00b887f5ec7fce80
00d730053d802a17f9460
01018fffa9ffffbffeda0
00e067f9d90020e004ab0
008727f733007a2007500
7f088009247fe93000e30
7f9ee817637fe068079f8
00a980121a002580040f0
009ed002a37fa29ffe8b0
00c8fff8b77fc88ff9b40
009dd7f3327ff3b7ff3a0
0040dff1320050a801390
7fe887f3e480a907fe870
7f61f7f585ffaaa0050b8
7f14c7f9677ff7d0012a0
7f0a1fff8e00027ffb030
7f483004617fc467f6300
0043d00ddd006bf7fdd50
00a4600c67000b6fff4b0
00d820071a7fd7a804980
00c0c001117fef080aa10
00189811be00051001ac0
0126c00f9900632005190
014fc7fe5b004ea7ff930
006d17f8367fc51004700
7febc7f1847f8d8000910
7f88d7f1a37ff07000720
7f4447f618803507fbfc8
7f4637fc47803317f5cd8
7ee2a7fd66ffe5c7ffbe0
7ec8c00e6d7f9a7004a10
7fce3014ca7ff3a004980
0061e00849ffc527fb2e0
00e538023080123ff8ca8
00fb87fc26fffbf7fed48
00c6eff6e580308804158
00664ff581009128057a0
7f2f700c4f7fec5001270
7ff38018307ffad007f30
00e5d00f6400335003960
00a53000617fa167ffec0
00a857f6247fb0e7fac80
0069d7f15a7fef67ff920
00077ff0ba0051b800318
7fbadff4a2009e5ffc498
7f3e1ff80e7fc08806140
7f01e7fcfdfffcc001248
7f0f200324ffef87fafd8
7f5e1806e87fa08ff73a0
0074300c99006327fc860
00cca009de000ab7ff410
00ec4004077feb1005180
00c097fe800016c00a9f0
7f96f010bf7ff3f001a10
009af016268031b0075a0
013840079b00466001ca0
0094d7fbd8ffa810026c0
00521ff2747f944ffd590
7ff8b7efdb7fedb7fff28
7f9c0ff1f8004a5ffdd50
7f7277f78f0073f7f83e8
7f1ba7fdff7ff1a007290
7f0720041100062001170
7f3d500943ffcff7fbe40
7f9e700a8bff6ed7fa9c0
00bf78084480407ffa168
00fd1003628002e7fef88
00f16ffd35800e8805258
00a34ff95c005ca808ff0
7eef90056c7fea50008f0
7f4c60157dffc6a006f88
0064401447001670049c0
0094f00506ffaca7fd628
00de5ffba47fddfff92b0
00c6cff59d7ff58fff320
0071f7f264804a60026a8
001187f3dd80aad000f18
7f8b2ff37c7f9a2003bf0
7f3167f632fff3f001090
7f1097fc158014c7fb260
7f3bf001b27fe95ff5890
0010f80e6b00711fffaa0
0072800e62000f97ffb30
00b7100a0bffcb0004098
00b68003f37fcb900a220
0008b0018c004f100f5c0
0038d001d3011e8809310
002c37ff2d011577fa710
7ffb5000d2005337f5f20
001770041e7ff2b7fd500
0040d001f2803080018c8
7ffd57fffa004c9ffe7e0
7fc3a8074a00128ffddb0
7fe4500018fefec001348
7fd5380313ff2e880f490
00035002e90016f012210
7ff4f7ff6f008970074b0
7fb908005f802bdfffbf8
7fd0d003867fdbf0029c0
0000f7ffed80067004ff8
7f9d7ffaa5001d4001850
7ff158015cff6f680d6f8
000c6003dd003de013c40
002570018800f1700a250
7ff110002280b13ffdd40
7fd81803a000191ffdab0
000d280463000a78034f0
7ffcc7ffe380420002c28
7f7dd00199002597ff880
7fe2e002ca7f4587f8008
00011000887efd37ffd00
7feaa7fdd7ff34b0084a8
7fc007fe407fb8300a840
7fc2e000b38011e805ff0
7ff6980096000848008f0
000dfffbf27fcfdfff690
7fc6b7f7037fbe4001b70
7ffb8001a2ffda6010168
002588032c00c15810290
002bf00063811fd002908
7ff3200092008f67f93d0
7ff58004660005a7fd4c0
002b0003970020e002c30
7ffc17fff0004f4000b00
7f94a004f8001e37fe870
7ff91003457f21e7fe080
00044800777f186806f00
7fde07feb07f84f00cf40
7fbb20002e0009800b5a0
7fce600241003a0004e20
7ffae000bf000bc0004a0
7feefffc05ffd16800c68
7f8d5ff99d7fd168034b0
7fe8c000edff1fc008368
7ff12803e47fadc0137f0
0017f002620091900fb80
7ff177ffae00ad6002f50
7fc238022d0026fffeb60
7fecd804517ff390034f0
7ffd2fffd0802858043e8
7f7ebffdee0023e0009d0
7fd2e001b17f8f17f3d40
7ffc4800777f187ff8f00
7ff9a7fd837f1078020b0
7fd0e7fcd47f7750078d0
7fc3ffff267fe6a805e50
7ff480006300035000c70
002987fcc67fd907fe3d0
000a97f6637fb9d7ffcd0
00023001a1001670101d0
003058029700f6680d020
002d7fffd301224ffe880
7ff78000c2007597f7740
000710046a7ffe07fd420
0037d002ea002b50022f0
7ffde000090050c7ff8a0
7fabb8065180195ffe1e8
7fe3f7ffcbfefeb7fd9b0
7fccc0026d7efc000c000
7ff9f002c87fd44012020
7ff6f7ff2f006af0091b0
7fb937ff4d002c9000710
7fc55802a87fd51801f90
7fffc7ffc87ff3e004d00
7fb04ff9530014d801db0
7febe00139ff43900b158
7ffdc804107ff5b814200
001f20022100c6b00d430
7ff158000300b3d8005e0
7fcc68030c801feffe1a8
7ffd680489fffd6803698
7ffde7ffeb00357003ab0
7f7c37ffc800253000240
7fd9200253ff64f7f5ba8
7ffdb0009b7f0437fc620
7ff1e7fdc67f1d40055e0
7fc8d7fd9b7f9548094d0
7fc477fff17ffc1006230
7ff6d000680005f000bd0
001bfffc287fd38ffed50
7fe647f66f7fba4000cb0
7ff4800199ffa2700f258
0018b003b480824012720
002968010d010ed8068e0
7ff0f0006500a3e7fb738
7fe4c0042e000f37fd730
001bf004370015c003230
7ffca000050049c001c50
7f86c00368002157ff040
7fed9003227f2e17fadd0
0002d000927f0450037f0
7fe43ffe4fff59180af40
7fbd67ff4a7fe1100b420
7fc980019100282005980
7ffae800a9000b38006e0
7ffff7fbce7fd00000160
7fa827f80affc6b002918
7fe6f000887f08a004e40
7fe23803927f6a2811eb8
000d7002cf0056d011780
7ff427ffaf80a0d005570
7fbe800158002bd7ff370
7fdf6003f17fe74003078
7ffe9fffce8017d804cd8
7f8a57fc37002250012c0
7fce1000f3ffbd1ff2888
7ff9a0005fff37c7f5d30
0001d7fd8c7f0ec7fe890
7fde17fc55ff5de0055c8
7fca67fe577fcfc005680
7ff4c000207fff3000e90
0033f7fd51ffe0d7fdd48
002bf7f6b77fbd77fed20
7ff68000d200123000ba0
000c4002ae802c97ff248
00208800e4800baffe488
7ff690005e0004c000740
7ff4c003c20022b0005c0
002ac0032e001617fec50
7ffe57fff2ffff0000078
7fae30062400157001260
0031300fb8001de7ffa40
011ba009860002efffab0
010c57f917000920015a0
0033f7f560001f4000920
7fe877fdc7000a47ff890
0032d800517ffda8013c0
0032a7fcdc0019f801a20
7ffd57fe01001547ffda0
7fea200213000747ff490
000788022f8004d801ad8
000240000600233001820
7fd6200073801af7ffaf0
7fda6803697ffdb000370
0007e0029a00055001c90
7fe317fec40019b0011f8
7f72d001ae000b07ffeb0
7f77b80c8c7ff7b000e40
0036b811d580072801ee8
00dce8095b00148800ca0
00b287fddc7ffebffff80
002827fc51fff0f001598
000448014700063002080
003570023a800c9000880
0035b7ff537fefe000350
7ffa48027400013fff2f0
00159801ca000ff001620
000247ffff0029b000650
7fddc0018e001567ff040
7ff5f004187fff90004e0
00191002230011f001740
7fdd67ffb3001eb0003d0
7f8d0005600007a7ff980
7fdd700efc7ffcf0011a0
00adb00e808013a001a88
010730025b0018a000350
009097f9387ffed000050
0009f7fba47ffbb001a80
000cd8010e80140801b48
003f80008b000fc000250
002b17fdef7ff32000980
7fddd0014f000af7ff9e0
7ff78002327ff9b001b20
000168001e00168802440
7fd70fff57001a6800570
7fc710021d7ffb2800100
7ff5d00290fff71001c08
7feeb7fe17800e8001b90
7f74fffdb40009c0003a0
7f2e8007a37ff14000940
7fb6101188fff7b001f68
0085b80e62000bd801560
00aee002ef7ffe8000060
003dd7fdd57fe93000e10
7ffbe001467ff7b002090
0020d0036700079000d78
00341000d57fefd7ffc80
7ff31000b6000f2000eb0
0002d002cc002d87ffcb0
001c700145001107fe8e0
7ff4600032800320008f8
7fe690038600208000e40
001d4803b8001a8fff320
7ffd47fffc0000a0000d0
7f99b004f3801200015e0
7ff8101019001e6000040
00f2b80d4d0003b7ffb50
011ea7fd150003b001730
0059a7f66b001bf001090
7ff1c7fd7d000c47ffc50
00304001047ffb10012b0
003cb7fdb100141001d90
00055ffe0600140000190
7fe28001c6800967ff730
7ffeb00257ffff1001b88
0002380034801ce801ec8
7fd717fff8001a40000b0
7fd0d002d27ffb98003a8
7ffee0029f7ffe9001eb0
7fe7e7fe6a80160001808
7f7087ffbf000bb000090
7f4fa00a637ff3f000b20
7ff71012227ffeb001fe0
00b6680c26801048011c8
00b570005ffffe6ffffe8
003417fcf87febd801228
7fff80014c7ffde0021e0
002bb002e80009c000c30
003608001b7fef2800090
7ff108025e00037fff3c0
000ea0021d800a1001970
0002b000140026b000f90
7fd9a0010f001757ff560
7fe7f803d97ffcc800550
0010f0026c000b0001cb0
7fdf57ff35801d5000cf8
7f7c60039f000a67ffc90
7fa8200e227ffa5001030
0075201098800d2001d98
00f8500600001688008e0
00a577fb677ffe70000c8
001917fbdc7ff62001970
0008200132000da001f10
003b50016b000e70005a0
0030c7fe997ff090006b0
7fda8000be000c77ffca0
7fee9002027ff3a801900
0000100040000d60028f0
7fdbaffee880187800c70
7fc2e801457ffb9800130
7fed60024c7ff20001a50
7ff577fde400093001ea8
7f809ffbdb0009b8005c0
7f189004897ff010005b0
7f78c010177ff16001d48
004ec00ffb000810017d0
00a12005657fffb7fff20
004597fec37fe64000740
7ff8000126ffef4001e10
0013b003c700042801070
002ff001927ff267ff9a0
7ff0500172800637ff5f8
000b9802680000a800470
0011680072000f2000730
7fe85000c7800e47ff968
7ff37003e7000157ffdb0
0022a8029f000818008f0
7feda7fff68010b7fffc0
7fa9100685000527ff9f0
002f600f4e8001d000698
010d700919000e30006d0
0101c7f967800a97ffaf8
0034f7f543ffff00001c8
7fe0b7fd068007c000c08
0023d00037000f00001a0
003007fd020002a7ffda0
7ffbeffd4c80016800b48
0003600023000ed000970
00236fff5700092fffce0
000e3ffdeafffd70005e0
7ffc17ff778008b000fc8
0013600034800f5000278
001667fed17fffb7fff40
7fffd7ff097fff3000fe8
0006b80056000eb800d00
0016f7ffb08006f7fff38
000887fef27ffa7000b90
7fff8ffffe000998015c0
0010100051000f3000410
00103fff537ffa0800360
000097ff977ffd1001a50
0007a8007b00125001270
0012d7ffdf000277fffb0
7fec1001e1800e4000928
0008480203000d57ffc70
000200000c000047fff30
7fd9c000d500040000b90
7fe72003b4000ed000640
0011b00259800767ffc98
7fdf07ff5b7ffe6000580
7f8520048e0007e000d20
7fcfd80ed2000d98002a0
00abd00e990001e7ffe70
01086801b37ffec800a80
008637f87b000a6000bd0
0000c7fb9f00093000050
000f9000d67ffd4000380
003da7ff990001e000f20
001eb7fd63800c60008b8
7ffd97ff400003b7ffef0
0015c800ce7ffa2800940
002477ff49000540011c0
000977feab000bf000590
00013000487ffe6000060
001770008f7ffa8000e50
0016cfff438007e800f98
000227ff7d000580001b0
0006f000ac7ff600006e0
001700003c7ffca0016c0
000d57ff58000b5000dd0
0000280005fffeafffff8
000b1000b27ff0a000f60
0012bffff400015001c00
000587ff9d000a4000880
0001700074fff1b000238
7feac8013e00084fff780
0002980291000038003b0
000fa000b9000cd0008c0
7fe6880074800ddfffbe0
7fe62003a1000077ffe50
001808030800054000b00
7fed97ffc1000fb0003b0
7f9418053900059fffba8
7ff8700f9e7fffa0007b0
00e6a80c9e000c1000af0
0112d7fd2d000bd7ffe80
005a37f64c7fff70001f0
7fec77fca900055000d40
00220000b6000e40004e0
00396ffdca00034fffe70
00062ffd567fff3000b00
000328002a800bf800c08
002487ffd7800907fff38
0014cffe347ffc38005a0
7ffe17ff7d00051001120
0012c80087000db8005d0
001b27ff2fffff6000028
000437ff097ffc7001040
0005800064000c8000fa0
0017600007000707fffd0
000c7fff1c7ff73800990
000007fffb0003b001780
000ea8008b000d48007e0
0012efff9a7ff958002b0
00037fff977ff79801940
000670007e000da0015b0
001268001500019800040
7fe5c0018e000b4000d00
000030021c000e7000010
0001c000290000f7ffeb0
7fd8e000560000c000b90
7fdba8033e000c50009b0
0008f0027f800807ffec8
7fe1e7fee97ffd70004c0
7f77e802bc00047800e30
7f9be00dc9000c4000590
00732810ab0001ffffed0
00fc500564fffc00009b8
009ec7fa880006b000df0
0010b7fbaf000860002d0
000bb001017ffc7000310
003d3800797ffe1800f20
00273ffde280098800b68
000017ff3a80037000018
001210011a7ff800007d0
002627ffd400009001250
000e17fed300094000830
7fffc80047fffd00000d8
00146800e57ff69800e60
0018dfffa2800478012d0
000457ff8b000610003e0
0004d000bbfff58000478
00158000827ff7a001578
000e8fff8500080001090
7fff28000dffff4fffff0
00085800e57fedc800b20
00133000397ffa7001b80
0006cfffa58007a800b48
7ffec000737ff1d7fff80
7fee3001aa000227ffc88
000ab802320000e000360
0009c0003d8007b000348
7fe23800fa00061fffcd8
7ff35003eb000027fffc0
001e780251000430004e0
7fe58ffff900081ffffd8
7fa6f006b2800227ffd28
002ed00f13000090003b0
01065008da000720003f0
00fbe7f98e8005e7ffd90
00351ff5407fffd800030
7fdd37fcae00038000588
001c2000270007b000100
002dcffd2080023fffe18
7ffb57fd0a0000a000430
7ffc97ffdb8006d000478
001dcfff6f8005a7ffe78
000e47fdda7ffff800110
7ff84fff198003c8005e0
000be00026000780000e0
001517feec800157ffe48
000017feb77fffc000520
00002000000006a000560
0011c7ffc6000537ffea8
0009e7fed67ffea0001c0
7ffcb7ff810002e0007d0
00083800280007d800290
000ea7ff64000197ffef0
00014fff36ffff4800608
000100000d0006a0006e0
000d17ffe70005c7fff80
0007b7ff3e7ffe8000220
7ffe3fffba800270008c8
0007200038000800003b0
000c97ff9e0001b7fff88
00024fff6fffff08006b8
0001800015000698007a0
000b3ffffe00057ffffe0
000777ff717ffdb0002e0
7fff87ffc800025000a10
000600002e000830003f0
000a37ffb9000067fff70
0001efff96fffd1800860
0001700022000650009f0
0009b8000e000548000c0
000697ff957ffc1000450
7fffcfffe20001a000d28
0005c0003d000910005a0
0009dfffcfffff57fffe8
000257ffa6fffb2000b78
000130002180078000db0
00087000188006e0000f0
0005e7ffaefff9d000458
7fffcffff3ffff68010b0
000540004900098000870
00096fffe5fffd88000e0
0002a7ffba7ff7d000ff0
000160002a00083001320
00084000230006f0001e0
000617ffba7ff3f8007c0
7ffff7fff3fffd2001b18
0004780048000dd800df0
000877fff1fffa0000098
7fe8400166000287ffd80
0002380256000060003b0
0008d0006f8006d000498
7fe050009300063fffe20
7fe65003a07fffd000010
00153002a90002d0005f0
7fe5dfffa10007b800200
7f915805550002c7ffe40
7ff8300f60000040003e0
00e0600c4e00064000500
010d07fd400005d7ffed0
005ab7f6417fff80000b0
7fe9fffc3f000278006a0
001a80008a800780002b8
0036c7fddd0002a7ffed0
000647fd107fffe800460
7ffd47ffcf0005f0005b8
001edfffdf0005affff80
001577fe207fff6000140
7ffbb7ff0a80026000728
000b300059000798002e0
0018f7ff46800237ffe90
000567febf7ffed0004a0
000067fffa000520006a0
001200000400056000030
000db7ff027ffec8001a0
7ffe77ff7c800190007e8
0007a0004e000700003d0
00114fffa20001a7fff80
0004efff387ffe90005f0
0000c000048005b000798
000cc000170005a7fffe0
000aa7ff627ffda000160
7fffcfffaa00007000910
0005b0003f800720004c8
000c97ffcb800147fff28
0003c7ff837ffcb000620
000110001c00043000940
000a80002600053000150
0008bfff957ffce000250
00000fffd27fff9800a90
000510004d00070000620
000b27ffeb8000b7fffc8
000407ffa87ffb7000770
00018000260003d000ae0
000970002f0004d0001f0
00081fffb2fffb3000348
0000a7ffe27ffe9000ce0
0004d0004c00073000740
000a1ffff6fffeeffffd0
0003b7ffb97ff88000a10
00014000280003d000ea0
000858003600056000270
000777ffc57ff7f0003d0
0000b7ffecfffbc001178
000458004c00082800ae0
000937fffdfffdd7ffff8
000337ffc17ff41000d80
000070002b000340014d0
0007000041000650003d0
0006b7ffdb7ff2a800500
000097fff77ff708019d0
000390004e000a10010d0
0007e0000bfff9bffff88
7feb3801880002f800220
0006f002438003d7ffee8
0009700053000057ffea8
7fe1a000d900009000210
7fefb803d780039800138
001c600266000227ffeb0
7fe567ffec000020000d0
7fa44006910002b000218
002b900f20000347fff30
01063008e4800027fff58
00fb17f9670000d000278
003177f52c0003a000140
7fdb57fcbe0001e7fff00
001c00001300002000140
002aeffcfb0002e000250
7ff827fd14000337fff60
7ffc77ffdf800027fffc0
001c97ff45000130002b0
000a6ffdcb0003d8000f0
7ff6c7ff2e800187ffeb0
000c3000107fffb000160
001287fec300029000290
7ffd37febc0002e7fffb0
000027fffc00000000040
001077ff9500015000310
0005fffec40003e800120
7ffb47ff93000177ffee0
0008a0000d7fffa0001b0
000c27ff36000280002e0
7ffe77ff360002e000008
0000e0000400002000090
000ba7ffb580017000318
000427ff2b00039000130
7ffd1fffc1000127fffa0
0006f0000f80003000288
000927ff72000370002c0
7fff57ff790002fffff68
0001c0000cffffc000088
0009b7ffc700018800370
000387ff610003f000100
7ffe97ffd70000f7fff10
0006600009ffffa000248
00076fff8b0002c8002e0
7fff97ff9a000267fffd0
000220000f7fff5000130
000857ffce00017000400
0002d7ff7f8003c000158
7fff2fffe60000a7fffc0
0006000009ffffc000338
00067fff9b00036000350
7fffb7ffab8002a7fffb0
000200000dffff3000140
000717ffd400016000440
00022fff960003b800188
7fff67fff200006000018
000570000b7fffd0003e0
000587ffaa8003e0003b0
7fffa7ffbe800307fffb8
00021000157fff5000150
000697ffde0001b000450
000237ffa60003e000140
7fffb7fff5000047fffe8
0004c00009ffffb8003e8
0004b7ffba0003c000378
7fffd7ffd0000257fff80
00024800177ffe98001f0
0005ffffe20001b800528
0001e7ffb600043000170
000027ffff800007fffc8
0004e0000b7fff5000430
00047fffbf0003a0003e0
7fffffffd600022ffffc8
0002280015fffe6800258
000557ffe60001d000590
0001afffc200043800170
00005000047fff8fffff0
000490000a7ffef0004e8
0003f7ffc80003c000480
000027ffe000022000010
0002600015fffe40002d8
0004efffe60001e800610
000177ffcc000430001b8
0000b000097fff4800080
00049000047fff40005a0
000347ffc680044000478
7fff87ffe90001d7fffc0
000228001e7ffd9800340
0004c7ffec0001e0006a0
000137ffd1000400001a0
000050000efffe50000d8
000420000f7ffec0006e0
000347ffd580049000538
000017fff0000187ffff0
000260001a7ffcf000468
00043fffec80026800818
0000e7ffdc0004e0001c0
00009000177ffdf0000b0
000430000f7ffe40007d0
0002ffffdb00050800600
00001ffffb00019ffffe0
0002c000217ffc50004b0
000487ffee000220008c0
000117ffde00047000200
0000c800167ffce800180
000440000c7ffe1000950
0002cfffd800056800670
7fffdffffa00008ffffd0
00026000217ffac000650
00040ffff480024800aa8
0000f7ffe700046000250
0000e8001b7ffb28002a0
00041000107ffd9000c30
00029fffe180067800788
00002000047fff37fffb0
0002c800247ff85800930
000447fff500034000e60
00013fffe80005a800270
0001500016fff880002f0
0003e000067ffb8001050
0001ffffe000078800a70
7fffd0000b7ffdb000030
0002f00025fff4e000d98
000407fff080043001418
000097ffea80066000338
0000e000217ff318005b0
00040000107ff92001a18
000257ffe5000b8800fa0
000020000a7ff9e000000
01e987f53401e987f5340
7ed567e5b37ed567e5b30
009ea7e122009ea7e1220
000000000000000000000
7e96d0172d7e96d0172d0
000000000000000000000
004db82013004db820130
000000000000000000000
7ee88fe4bb7ee88fe4bb0
7ea7301838fea73018388
7dfa47fd927dfa47fd920
000000000000000000000
01bac0109101bac010910
000000000000000000000
01e147f3c601e147f3c60
000000000000000000000
00a647e14e00a647e14e0
7df947fe357df947fe350
7edf87e50bfedf87e50b8
000000000000000000000
0041b0200e0041b0200e0
000000000000000000000
01c0f8100001c0f810000
000000000000000000000
7df8e7fcc57df8e7fcc50
000000000000000000000
7e9e5017be7e9e5017be0
000000000000000000000
01e277f48701e277f4870
000000000000000000000
00929fe0db80929fe0db8
000000000000000000000
016e17e904016e17e9040
7e3b17f04d7e3b17f04d0
7fb757dffa7fb757dffa0
000000000000000000000
7f5ce01ea37f5ce01ea30
000000000000000000000
0127381a9e8127381a9e8
000000000000000000000
7e46a7ef1b7e46a7ef1b0
000000000000000000000
7e1e100bcb7e1e100bcb0
000000000000000000000
02051802c302051802c30
000000000000000000000
015e67e7fc015e67e7fc0
000000000000000000000
7fc2efdfe57fc2efdfe50
7e21800c517e21800c510
7e3effefa2fe3effefa28
000000000000000000000
011c981b36011c981b360
000000000000000000000
020360024402036002440
000000000000000000000
7e1a200b30fe1a200b308
000000000000000000000
7f69401ef87f69401ef80
000000000000000000000
0164a7e8998164a7e8998
000000000000000000000
7fad47dff27fad47dff20
000000000000000000000
01b6d7eea901b6d7eea90
7e7d57ea44fe7d57ea448
002c57dfcd802c57dfcd8
000000000000000000000
7ef2b01bb37ef2b01bb30
000000000000000000000
00be601e0000be601e000
000000000000000000000
7e8e4fe95e7e8e4fe95e0
7f06601c597f06601c590
7dff5004bd7dff5004bd0
000000000000000000000
01ee3009f901ee3009f90
000000000000000000000
01ab17ed5581ab17ed558
000000000000000000000
0038d7dfc40038d7dfc40
7e00a00584fe00a005848
7e8597e9fe7e8597e9fe0
000000000000000000000
00b6d01e5c00b6d01e5c0
000000000000000000000
01ef20095701ef2009570
000000000000000000000
7e009804067e009804060
000000000000000000000
7efd601c0f7efd601c0f0
000000000000000000000
01ad67edfb01ad67edfb0
000000000000000000000
001ec7dfa7801ec7dfa78
000000000000000000000
0114c7e47a8114c7e47a8
7e0d77f70cfe0d77f70c8
7f45c7e1c07f45c7e1c00
000000000000000000000
7fd0c820437fd0c820430
000000000000000000000
017e3815fe817e3815fe8
000000000000000000000
7e150ff5a37e150ff5a30
000000000000000000000
7e52881247fe528812478
000000000000000000000
02018ffb8702018ffb870
000000000000000000000
00fb97e3cc00fb97e3cc0
000000000000000000000
7f51e7e18a7f51e7e18a0
7e597012db7e597012db0
7e1017f66b7e1017f66b0
000000000000000000000
017550167701755016770
000000000000000000000
01ffdffadc81ffdffadc8
000000000000000000000
7e4cc011bc7e4cc011bc0
000000000000000000000
7fdae020487fdae020480
000000000000000000000
010837e40a010837e40a0
000000000000000000000
7f3bdfe2027f3bdfe2020
000000000000000000000
005f77ed73818a1007c08
00225803ef01c72ff1450
004f57f091004f57f0910
004f57f091004f57f0910
7f4b680b96ff4b680b968
7f4b680b96ff4b680b968
0026e010098026e010098
0026e010098026e010098
7ec7e7fe7a0020b7e6410
00360ffd247eb287e7970
7efd27fec97efd27fec90
7efd27fec97efd27fec90
00dd60084880dd6008488
00dd60084880dd6008488
00f0a7f9e300f0a7f9e30
00f0a7f9e300f0a7f9e30
7f4fc7efc1815687f18c8
0044c800dd00617fe0710
7f6fc7f2867f6fc7f2860
7f6fc7f2867f6fc7f2860
0020d810070020d810070
0020d810070020d810070
00e080080000e08008000
00e080080000e08008000
7efc77fe62fefc77fe628
7efc77fe62fefc77fe628
7f4f280bdf7f4f280bdf0
7f4f280bdf7f4f280bdf0
00f13ffa4380f13ffa438
00f13ffa4380f13ffa438
004957f06e004957f06e0
004957f06e004957f06e0
7fd497eca8819987fc5b8
00397002a98134a7e65a8
7fdbafeffd7fdbafeffd0
7fdbafeffd7fdbafeffd0
7fae700f51ffae700f518
7fae700f51ffae700f518
0093a00d4f0093a00d4f0
0093a00d4f0093a00d4f0
7f2357f78dff2357f78d8
7f2357f78dff2357f78d8
7f0f0805e5ff0f0805e58
7f0f0805e5ff0f0805e58
010290016181029001618
010290016181029001618
00af37f3fe00af37f3fe0
00af37f3fe00af37f3fe0
7ef237f61b00d0b7e9ca0
004407fee6ff7ef7e0fe8
7f1f87f7d17f1f87f7d10
7f1f87f7d17f1f87f7d10
008e500d9b008e500d9b0
008e500d9b008e500d9b0
0101b001220101b001220
0101b001220101b001220
7f0d1005987f0d1005980
7f0d1005987f0d1005980
7fb4a00f7c7fb4a00f7c0
7fb4a00f7c7fb4a00f7c0
00b257f44d00b257f44d0
00b257f44d00b257f44d0
7fd6a7eff97fd6a7eff90
7fd6a7eff97fd6a7eff90
001a17ec77019cc002320
002d90036a018947eb3f0
00162fefe700162fefe70
00162fefe700162fefe70
7f79580dd9ff79580dd98
7f79580dd9ff79580dd98
005f300f00005f300f000
005f300f00005f300f000
7eca5002dbffc3f7e6828
0029f7fc7c7e6467ece20
7effa8025efeffa8025e8
7effa8025efeffa8025e8
00f71804fc80f71804fc8
00f71804fc80f71804fc8
00d58ff6ab00d58ff6ab0
00d58ff6ab00d58ff6ab0
7f1cbff2a4011c1fed200
004897ffdd7ff047dfe70
7f42cff4ff7f42cff4ff0
7f42cff4ff7f42cff4ff0
005b680f2e005b680f2e0
005b680f2e005b680f2e0
00f79004ab80f79004ab8
00f79004ab80f79004ab8
7f005002037f005002030
7f005002037f005002030
7f7eb00e07ff7eb00e078
7f7eb00e07ff7eb00e078
00d6b7f6fd80d6b7f6fd8
00d6b7f6fd80d6b7f6fd8
000f67efd4000f67efd40
000f67efd4000f67efd40
7f911fedc38183aff6b70
0042c001d200d207e2a90
7fa2e7f0e07fa2e7f0e00
7fa2e7f0e07fa2e7f0e00
7fe8601021ffe86010218
7fe8601021ffe86010218
00bf200aff00bf200aff0
00bf200aff00bf200aff0
7f0a87fad1ff0a87fad18
7f0a87fad1ff0a87fad18
7f294009247f294009240
7f294009247f294009240
0100c7fdc38100c7fdc38
0100c7fdc38100c7fdc38
007dcff1e6007dcff1e60
007dcff1e6007dcff1e60
7ed5affa32807c3fe7578
003fcffdf9ff121fe3908
7f080ffb35ff080ffb358
7f080ffb35ff080ffb358
00baa80b3b80baa80b3b8
00baa80b3b80baa80b3b8
00fff7fd6e00fff7fd6e0
00fff7fd6e00fff7fd6e0
7f266008de7f266008de0
7f266008de7f266008de0
7fed7010247fed7010240
7fed7010247fed7010240
00841ff20500841ff2050
00841ff20500841ff2050
7f9df7f1017f9df7f1010
7f9df7f1017f9df7f1010
005767ef02000817fe710
7fd5effac2004c70092d0
0049900166014080065b0
007047fc570156f7f4ee0
7fb9200dd07f9247fdc68
000e300a9b7f3d4000fc0
00260004947f256807020
7ff2b7ff447f58c00c530
7ee287fea1ffe567ffd88
7fb8a003dc807d6ff9478
0006a7fb37801a17eb098
7fadeff9f27f049feda50
00e70001167ff66007330
00a137fcaa003c300b9f0
003dcffc9f009f980ba90
7ff70800fc80e658074c0
7f5fc7f1247ff007fe9e0
7fa32ffedb00a1a002020
003f77fd48011717f4440
001787f82c0049ffe8450
0080b00c03ffa03004038
008d1005e1ff93d00a258
00507000ffffd0700f078
7fee5000398032900fcd8
7f25d005217fd6a7f9420
7f82d8074c7f799ff7168
7fdd3004b87f1f47f9aa8
7fffe7fee77efc97ff7b0
009d47f5590053f004eb0
003a77f60200b6c004420
7ffc17fad700f537ff6c0
0006a0010400eaa7f93f0
7fd827ee537ffc77fe560
7fb557fc7900842006308
004cafff50814cdffd0b0
004c97f9a400e817ecb68
0021080e507f8d6801010
0056b0091a7f57c006370
0041b0030c7f6cc00c460
7fee57ffb17fc0200fa08
7f1937feb9800a27f8d40
7f5dd0032fffc587f45e0
7fc0d0034eff6287f43f0
000837ff047f1b27f8890
00d8e7fab00029b006b20
007b57f89300874008ce8
00213ffb3700e158062a0
7fff70011081032000510
7f08dff6f67fe95fff250
7fa4500184809fb7fd620
0026e7fbe900a9d7ede10
7fe097f85a7f9e67e8a48
00c800075effc650063c8
00a8b001827fe5a00c190
00503ffec0003e180edb0
7ff27000b5009be00ce60
7f60d80a8a7fac3ffb0e0
7fc37809f07f499ffba80
00026805277f0aa800710
7ff8c7fefd7f1450069b0
00447ff223006dd8022a0
7fefe7f56600c277fee70
7fd8f7fb7180d967f8db8
000d2000bb00a537f3920
001827ee2f0001f7fe480
7fc397fb87006a0007e30
004d980068014f2801ca0
0061c7fad3012787f06c0
7fec400e6d7f8d17ff6d0
0033300a207f463003b98
0034b003f37f44b009e60
7fefe7ff857f89780e550
7ee500029d7fe550003e8
7fc7c004be806237f7bd8
7ff4f7fb447fcf07eb3e8
7f9a3ffb457eca2ff19d0
00e657fdd40010c807290
009247fa7a0064d80a830
0030e7fbd200c630092a8
7ffb40011300fbd003e98
7f2fc7f3d1ffecfffed28
7fa320003900a577ffa40
003607fc7a00e617f0a60
7ffccff8067ff37fe7e10
00a98009ed7fb1f005410
009fa003c57fbbc00b690
005317ffda8008580f538
7ff0980078006ad00eb60
7f3f8008057fc0d7f9fe0
7fa1d008d37f5e87f9300
7ff060050c7f0ff7fcf70
7ffd47fee77f0310031c0
00730ff3690063a803950
001557f57000c160018d8
7fe9fffb0400ecbffbfa0
000a7000df80cc47f61e0
7f9a07ef527ff727fe720
7faae7fd9f0097e004330
0048d7fe44813ad7f8728
003467f8bc009da7e9ed0
0053c00d907f94a002910
0075f807bb7f726808670
004c2802187f9c380e0a0
7feed7fff47ff990102d0
7f19e001fb7ff0a7f8d70
7f6d0805637f9d7ff56e8
7fce60041f7f3c27f6b30
0004e7feec7f05a7fbe50
00bf47f7d500418005ef0
005d17f71e00a3b006a58
000f97faf380f13002d00
000420011680fca7fcad0
7eeedffab47fe6d7ff7e8
7fad2002c60092affb340
0017cffb6b806477ebec0
7fc5a7f8f4ff4c87ea9c0
00dd5004557fdd6006e70
00a94fff0d0011600c2e0
0048c7fd9e0071e00d9d0
7ff45000de80c6600a5d0
7f89e80c817f9c7ffc5d0
7fe7f00a8d7f3e77fe510
0014500503ff121003da8
7ff517ff237f315009bb0
001107f18300731000820
7fca97f5e000b997fc250
7fca17fc1300ba07f5f20
000fe0007a807437f18a8
000847fe69004f27f0990
0011f8021c7fc3f7f8a60
004c20017afffd77ffeb8
00302ffe6a00401ffded0
7ff24002a68015d7fbca8
0052c00a067ff9b7ff270
0115300588002b5000d30
011e77f6c5803887fe288
7fe4c7ffdc7efdc7fec60
001c97fe767f9c1005660
000617fb0c800090002b0
7fdc8ffd6bffd167fc868
002c4800397fb91fff9f0
008917f8ae7ff450009a0
001697edde800387fd2b0
7f2e47f0b2ffd667fcf28
7ff03ffe947f6f8ff2900
0024c000757f7e6ffe660
0041d7fd377ffda000110
000a0ffca4000d7ffb880
001820024dffd7e7fc508
00b080022ffff127ffd28
00f167f5df0025b7fe650
003e07ec3b000bfffc0a0
7fe18ffd3d7f444807e40
7fbdd7fe55ffc50008f68
7fd000009f000d3004190
0008bfff747ff72fff730
0012affa01ffc3ffff408
7fb957f5747fc05001a28
7f35b7f79effe990020c0
7efd38000e7fff5fff6d0
7ffc97fe51ffdb97f0018
001e900167ff96c7fb118
004ecfff48fffde000080
0020a7fd45802bf7fc5e8
00064002c07ff637fb960
00903006c37ff3f7ff6d0
011feffd6f802cf7ff9b8
00c167efe70026b7fcd00
7ff90ffcb57f202802050
7fd127fcb07f8cb0067f8
7fd117ff3a7fefc004140
000be7ffba7ffc57ff4a0
003aa7fb1cffcf87fdb78
0009fff4987fbb8fffc60
7f8477f2f77fde1001480
7f16d7f906000457ff830
7fe877ff2a7f2077f7cc0
0024b7ff707f7fa002140
0028c7fbbdfffe20002b8
7ff2effcb47fedaffba60
00269001607fc2cffdc50
00ae57fd237ff160003f0
009307f0510016d7fd900
7faeb7ec807fefb7fc250
7fd2affe56ff8e300c338
7fb9d000440009a009ac0
7fd9a001d40028d003530
00044fff417ff47fffbc0
7fe777fa187fc4d000f60
7f7787f86d7fd220033b0
7f1017fdf17ffa9802800
7f17d007127ffc87ff890
000237fe4e0015f7efe10
00187001d47fab27f9b30
004fc0006ffffdd7fff88
002a47fdc9003787fd0a0
7ffc6002bb800597fb8c8
0074100898fff5f7ff4a8
0121d00189002d6000410
00f667f302003127fd6a0
7fe5a80038feff5802648
00168ffe127fb13806ac0
7ff427fb130000d000310
7fd427fdfa7fc617fd4b0
002bf7ff997fb96000a58
006b87f6f2fff6b000cb0
7fd54fee00fff9bffd3e0
7efcc7f3fd7fcd77fda00
7feca7fedf7f4327f4f20
0026dffff1ff7c4800478
00378ffc5a7ffe7800200
7ffeeffc8c7ffde7fb7a0
00208001da7fcc77fcf90
00b427ff9bfff15000088
00c6cff2b9001f4ffded0
7ff577ebde7ffe0ffc030
7fd947fdb77f66400a4e0
7fba77ff477fe760098c0
7fd430013f801c3003cc8
000717ff517ff637ff960
7ffd17f9e27fc3c0001c0
7f95bff6b77fc8c802790
7f1d87faacfff270024a8
7f04f003adfffe27ff6e8
7ff6e7fe717fa327f0e10
00239800f8ff874ffca68
004b37fe317ffda000138
001697fcdb001dd7fbe10
00101802947fe70ffbde0
00a5200494fff2c7ff9e8
01101ff977002abffefb8
008357ed91001a57fc5c0
7fec97fce87f2d5005130
7fc657fd7a7fa6b807e90
7fd027ffeefffe4004308
000b47ff8d7ff9a7ff5f0
0027cffa5fffc8dffe778
7fe08ff4b87fbcf000b70
7f58b7f506ffe37001ac8
7f03f7fc760001b7ff6f0
7fe617ff84ff08c7fb2f8
0021e7feecff8b4003d98
001827fb42ffffa800290
7fe707fcfb7fdea7fbf90
002aa000d47fbc37feaa0
00a00ffac57ff2a0006f0
0056ffeea2000d7ffd4a0
7f6a5fee257fe22ffc770
7fcd77ff027fbc700d7f0
7fbc48013d002ba809500
7fe0e0024f80337002b40
000127ff33fff3f7ffef8
7fd257fa967fca3001c70
7f5f3ffa8a7fdf3803c70
7f0e60015f0003b0027b8
7f36b80a287ffa9fff930
7ff687ff228011c7ff468
00149800207ffd6001fc0
0019b7fe6100327003190
7ffde7fec0003257ffaa0
000a10006d7fe83002398
001ec7ff6b0034000a9b0
0008effea5010c4806e30
0002b00052011bc7f6730
001dc0005e803167f03a8
001617fedc7fade7f9ca0
7fffe7ffe97ffd9000020
0015e00124002a37fcc90
0021d7ff997ff407fc320
000467ff87fff557ff9f8
000b6001ae001ff7ff250
002be000d4800ca7fd540
7fe8e7fde880075800ab8
7fef57ffd100357000a40
000ca7ff78003537fdbf0
000637fdf10003d7feb30
7ff0c7fe9f00276003af0
7ffe70000000b210022f8
00140fff2c00dd5ff6b30
000637fe0d0037d7ee2e0
7ff6e7ff267f78a7f36a0
000b4800227f7327fe440
001a97fede7fe31001330
00058ffe260007f7fd620
7ffcf7ffbfffdaf7fc910
001a5000567fd6d7ff7c0
00237ffe8500023fffe00
00056ffe4e000697fdbc0
7ffad7fd830001c000ce0
7ff327ff5d002b70020a8
000f5fffd8803f77ff700
00140ffe51000c9ffef50
7ffc37fe5a000a1004660
7fff07fff400913006cf0
0017ffffca8107f7fda50
001337fe6b00ae37f17c0
7ffdf7feffffdda7f1020
0009a0006f7f8d27faa20
002037ffb47fddb000540
001247fe7a0019b7fde40
7fff57ffac7ff6e7fbea0
00157000ff7fde87fe6e0
002a17ff9e0002e7fffd0
00107ffe9e80163ffe318
7fdd97fec0000ae0006a0
7ff058004700345fff290
000847ff2c802087fc910
7ff7f7fdf7fffb07febc8
7fe937ff24003d60023c0
7ffee0000300af77fd200
000c67feb10086a7f1a00
7ff837fe0e7fb687ee720
7ff1d7ff74ff2ea7f8578
000ac7ffcd7f74e002470
000fd7fe457fee5001e60
7ff847fe32fff567fd738
7ffbc7ffda7fc70ffdeb0
001a27ff93ffd74000ab8
001597fdb1000147ffdf0
7ff8d7fe527ff6e7fdd30
7ff3f7ff43000e47ff0b0
001447ffd480043001ff8
001357fe15803c70025a0
7ff9e7fed0003067fef90
000b7000417ff0f0027b0
001bb7fefd805860099b0
0003b7fe8f011e2002fa0
0003a8004700f2bff2bb0
001e27fff67ff7d7efeb0
00119ffe9d7f998ffb160
000037ffed7ffda0000c0
0019d800c7001daffc430
001f6fff1b7fe62ffc710
000267ff7a7ff397ffd00
001120017a001c47fec70
002da8002e00037ffd3c0
7fe2f7fe4b0009b000940
7ff030000a8036afffe70
000b5fff47002c37fd130
7fff5ffdde7fff97feae0
7feca7fed40033e003060
7ffecffffc80b55fff9f0
0010b7fee200b61ff3d70
7fff17fdfd7ff667ede10
7ff407ff477f4f27f5ab0
000b77fff6ff70d000510
0015f7fe85ffe890019a8
7ffeeffe1c7ffefffd5e0
7ffc27ffc7ffd057fd318
001aa7fff2ffd6b000160
001cf7fe11000267ffdc0
7fff17fe4c7fff07fdb70
7ff1bffdac80052800c48
7ff197ff99803208015f0
000f47ffa3003bf7fe8e0
000dfffe0c00089ffecf0
7ff64ffe6c0019d004280
7ffecffff900a658049b0
0016f7ff7680f937fa008
000d57fe2a007607ef670
7ffa2fff067fa8fff1db0
000a70004a7f7ce7fc5c0
001e27ff49ffdf8000ca0
000c87fe48001157fd990
7ffe5fffb27fe8b7fc2c0
00187000ad7fda57fef10
0027b7ff0f000317ffec0
000b77fe72800ee7fde98
7fd9c7ff43000c5000410
7ff1a8007b80303ffe710
0004c7ff12001367fc310
7ff077fe23fff697fed78
7fe68fff8280441801518
7fff08000c00a107fab90
000767fe8e004f97f0140
7ff13ffe3bff7927efe98
7ff05fffb47f186ffb7b0
000a77ffae7f80d0042c0
0009fffe147ff5b002150
7ff247fe517fec67fda80
7ffb37ffe4ffc107fec58
0017c7ff377fdae001380
000ca7fd740000dfffd60
7ff317fe79ffef1ffdfd8
7fefb7fe858006d0009d0
0001d800060012c0001a0
001237feda000787ff870
7ffd27fe558000c0006a8
7ff9c7ffc200105000ab0
000eb7ffbb801017ffaf8
00091ffea17fffd000040
7ff9dfff490008d801090
0006d000160016f000490
000f77ff330006a7ffa90
7fffcffef300001800f60
7fff37fffb0016b001290
000e77ffd7001367ffc20
000897ff077ffbd000810
7ffd8fff9c000dd802120
0008b0002a00233000aa8
000e47ff68800387ffde0
000137ff4cfffc3002af8
000258002380301802f58
000ea7ffe80023b7ffc20
0007cfff457fe06802f40
7fff77ffe10034900aba0
000ac80046810180069c8
000dffff87810dcff6eb8
000167ff8e003007f0ac0
000490005bffa957f96e8
00102000027fed7000000
0007bfff6e00227ffd5b0
0000a00020fff367fc118
000d30006effe827ff310
000eb7ff9f001147ff860
000147ffc5800b67fd8e8
7fec37fe21800ea7ff618
7ff207ffde000127ff7f0
000a77ff780004f000610
000177fe42001298000f0
7ff0f7ff0d000b47ff4d0
7fff17fffffffff7fff48
000b57ff23000ca800a78
7ffcb7fe9d001687ffce0
7ff6e7ff9f000717ff610
000707ffe50002a0008a0
0008fffef600173800be0
7ffa97ff070017b7ff730
7ffdc7ffee000197ffbe0
000b47ffa8000a3001570
000507feec00251000b20
7ffa87ff738015f7ff2b0
00043000107ffd9000be0
000c7fff6f001ef8029b8
0001a7ff0f003dd000610
7ffd5fffd0000f47ff250
0009d0000000004004660
000af7ff3f00864007900
7ffef7ff51010907fe540
0001d8001600ac5ff1660
000d87ffd6ffd027f12b8
0007e7ff327f8547fb700
7ffea7ffaeffdf1000a58
0007f0003a0011c7fdaa0
000f67ff99ffe787fc508
000457ff43ffda37ff2a8
0000a0000d000247fff00
000df0003500084ffdfc8
7feb77fec7000880007c0
00024ffffc0011ffffd90
000e1ffe9e00053fff770
7ff7b7fe64000230006c0
7ff937ffd100124000700
000d47ff82000e77ff7c0
0003d7fe86ffffe000088
7ff747ff61000c6800e60
0006c7fffd801767fff88
000c37ff05000567ff980
7ffc67fefb8003d000f18
7fff57fff9001a8000ce0
000d57ff9f001217ff7c0
0004a7feef7ffdc0008b0
7ffc3fffaa0014e801d00
000938000900247000250
000bc7ff38000287ffd30
7ffea7ff4e00059002b20
0002f0001b003980023f0
000e27ffb1002247ff480
0004e7ff2a7fec1003510
7ffec7ffe50059a009b60
000b98002281128802d78
000c5fff5880e667f3628
000007ff857ff7d7f0660
0005b80042ff93d7fad38
000fb7ffc3ffedf000488
000567ff4e801857fcf48
0000800016ffe5a7fc5a8
000dc0003dffe5d7ff928
000cc7ff71800f87ff558
000077ffc200030ffd7a0
7fe5c7fe78000c07ff350
7ff2000015ffff97ff840
000887ff550006c0004e0
7ffb3ffe460012c7ffc60
7fede7ff4a00086fff220
7fff200005ffffa7fff38
000827ff01000ed000760
7ff7fffeb100155fff790
7ff5e7ffc1000457ff450
000697ffca8003e0007f8
000517feda00191000700
7ff727ff1f801567ff288
7ffd77fff70000e7ffbb0
0009afff83800ec801298
00011ffee5002698002a0
7ff8f7ff8d001287fee58
0004a0000000009000c50
000a47ff430027c8021c0
7ffe37ff0e003dc7ff800
7ffcd7ffdb000bd7fef40
0009a7ffdc001030044c0
000807ff1c009e60057f0
7ffc97ff5b00fca7faa50
00025000100073b7ef570
000cd7ffa57f9c37f2360
0004c7ff177f7827fd450
7ffd57ffb57fe23001150
000878001f0008dffd7a0
000db7ff687fdb07fcc40
0001c7ff39ffd897ffb78
0000e00009000237ffe30
000e48000200009ffde78
7fedf7fe538001c000320
7ff9e7fff78007f8000e8
000de7ff21000457ffb90
7ffd47fe4cffffe000090
7ff407ff810005c000410
0006e7ffdf0007d7ffdc0
0007f7fecc800127ffd48
7ff7a7ff0600023800430
7ffe0ffffa0008c8001c0
000a87ff750004f7ffbe0
7ffff7fee2ffffe000108
7ff947ffa90005f000520
0005ffffee00087fffe90
00072fff2a80016fffdc8
7ffb3fff4a00025000520
7fff67fffe800950002b8
0008f7ffa2000557ffc60
000177ff2c7fffc000210
7ffbe7ffbb00068000680
000557fff7000957fff10
0006a7ff61000137ffe40
7ffd67ff74000210006d0
0000500001800a7800450
000807ffbb0005ffffcc8
000217ff5b7fff5000330
7ffd97ffd0000700008c0
0005700000000ab000020
000697ff80800127ffed8
7ffeb7ff8d8001f000930
0001100007000c2000670
0007cfffcb0006efffd40
0002a7ff757ffea000510
7ffe77ffd980086000c38
0005500007000d7000130
00068fff978000ffffef8
7fff7fffa100014800c98
000190000f000ec0009c0
0007b7ffda000867ffd60
000317ff897ffcc0007b0
7fff2fffe38009b001258
000588000f001168003a0
0006afffa47ffff800050
7fffd7ffaa800048014b8
000178001600153801130
00078fffe9000bdfffd90
000387ff997ff85000e80
7fff7fffeb000e6002270
000550001b001de000900
0006d7ffb9fffcb000248
0000a7ffba7ffb9002f58
000210001b802e0002da0
0007a7fff0001c17ffd20
0003a7ffa57fdcc0034f0
7fffd7fff68034c00ac38
000598002380fbe806790
000717ffc20106c7f72a0
0000bfffc2002f4ff0ea0
00022000287fa737f9468
000807fffd7fe57000030
000417ffad001e67fdae0
7ffff7fffe7ff377fc140
0005c8002effe25fff028
000777ffc90009d7ffbd0
0000c7ffc5800aa7fdc90
7fe89ffe9f8002d800278
7ffa30000e00081fffee0
000ac7fef300035fffab0
7ff777fe5d00004000070
7ff29fffab80069800258
000647ffc5000707ffbd0
000387feb6000057ffd00
7ff457ff288002f000388
7ffdf000010008d7fffd0
00085fff540003dfffb10
7ffc1ffee900004800128
7ff847ffc100071000380
000577ffd70007e7ffc80
0003e7ff178000c7ffd78
7ff8f7ff6200035000480
7fff9000000009a000090
000787ff82000447ffb60
7ffe67ff2b00004000230
7ffb17ffcc0007e0004f0
000537ffe20008f7ffcf0
000437ff4b0000b7ffdf0
7ffb57ff8100037000640
0000700002800b2800200
000727ff9f00053fffb98
7fffd7ff5280003000328
7ffcd7ffd60008f0006c0
000537ffeb800a87ffd80
0004afff690000bfffe50
7ffcf7ff9100039000858
0000e00002000ce0003b0
0006b7ffb2000617ffbf0
0000a7ff6f7fffd000530
7ffdefffde000a98009e0
000527fff3000cdfffe60
0004b7ff82000087fff50
7ffdf7ffa600044000c60
000180000c0010c000640
0006e7ffc2800797ffb98
000157ff827ffe9000870
7ffea7ffe9000dc000fd0
00057800000011effff80
00057fff957fffe800030
7fff17ffad8004c001440
000200000c00188000c20
000707ffcb000b17ffb10
0001f7ff8e7ffbd000fd0
7fff3fffec0015b001e40
0005780004001ef800210
00056fffa17ffd1800320
7fff67ffbb00063002f70
000258001780372802278
000767ffd7001ae7ff710
00026fff977fe9a803ba0
7fff87fff4005a2009c20
0005b0000f810ce002c80
0005efffad00e07ff3b50
7fffd7ffc37ff807f0a30
00028000217f9157fab28
0007c7ffe57fe63000638
0002ffffa280155ffd520
7fffeffffd7fe5bffc5d8
000610001bffdfc7ff770
000697ffb78008f7ff9e0
000067ffc90002a7fdb10
7feb47fe798002b7ffda0
7ffa1000047fffd7fff38
000be7ff06000200001b0
7ff967fe5a0003e7fff20
7ff317ffa10000f7ffe00
000657ffcc00009000130
000437febf0003c0000d8
7ff4efff290002bfffdd0
7ffe000001000007fff90
000827ff58000260001d0
7ffbf7fef1800407fff10
7ff867ffc70000e7ffe20
00053fffd70000c000170
000327ff1d000400000d0
7ff8a7ff6e00029fffdc0
7fff800000ffffe7fffe0
000677ff8000028000220
7ffd4fff3a00042ffff20
7ffb07ffd70000e7ffe40
000497ffdb8000c0001b8
000287ff5100042000100
7ffab7ff950002b7ffdf0
00006000007ffff000018
000567ff960002a000250
7ffdf7ff66000427fff50
7ffcbfffe58000dfffea8
000477ffdf00010000210
00023fff6e00045800130
7ffbf7ffab8002c7ffe20
0000e8000000002800070
0004c7ffa500031000260
7ffe77ff82800437fff28
7ffdc7ffec8000b7ffed0
000427ffe100013000260
0001f7ff860004a000120
7ffcf7ffbf80028fffe18
0001900002000000000d0
000477ffaf000340002b0
7ffec7ff96800457fff28
7ffe9ffff4000097ffef8
00044fffe3000140002c0
0001ffff908004b000138
7ffd77ffc6800267ffe40
00019000007ffff000160
0003f7ffb680039000328
7fff07ffa5000487fff40
7fff07fff700007ffff40
0003e7ffe600017000350
0001b7ffa280052000170
7ffe37ffd5000277ffe50
00022000007ffff0001b8
0003c7ffb98003e000368
7fff07ffb10004a7fff40
7fff87fffd800057fff90
0003f7ffe78001a0003c0
0001a7ffaa00057000180
7ffe7fffdc800247ffe58
00025000037fffd000250
0003c7ffbf000440003e0
7fff57ffb90004c7fff40
7fffe7ffff800017fffe8
0003ffffe80001d000468
0001a7ffae0005d0001b0
7ffeafffdf00021fffe68
00022000027fffa000300
000357ffc70004a000480
7fff77ffc40004e7fff50
00002000027fffc000070
0003bfffea00020800570
00016fffba80066800218
7fff17ffeb000217ffe90
0002980005ffffa0003d8
000377ffc900055800530
7fffa7ffca000557fff40
00007800047fff68000d0
0003bfffeb00023800670
000177ffc000071000290
7fff67ffef000207ffed8
0002b800047fff98004e0
000337ffcc000620005f0
7fffb7ffd20005a7fff40
0000d00007fffef000198
0003d7ffea0002b0007e0
00014fffc4000808002d0
7fff87fff50001b7ffef0
0002e800067fff2800670
00033fffce00074000770
7fffc7ffd6000647fff70
0000f0000a7ffe6000290
0003b7ffec800350009f8
00013fffc980097800388
7fffb7fffa800177fff30
00031000097ffee0008a0
000347ffd20008e000950
7fffefffdc000707fff80
000140000d7ffd6000440
0003f7ffee00047000d58
000187ffcc000bf000470
000017fff90000effff60
0003100003fffe3000c60
0002e7ffd2000be000ca0
7fffdfffe180088ffff48
000178000e7ffb48006d0
0003cfffec0005e801398
000127ffd100104800690
00001000027fffe000030
00035000077ffcf801440
0002f7ffd4801248013e8
7fffe7ffe5800bfffff38
00019000127ff6c000d60
0003e7ffee800a8002388
000137ffd4801cb000bb8
00004800047ffc6800208
00037000077ff82002ef0
0002dfffd5002b2803050
7fffe7ffe9801c37ffe88
0001b800137fdb08033c0
0003c7ffee0031000ad60
0000f7ffd880faf006a08
000050000b010677f71f0
000390000a002bb7f0e00
0002e7ffd7ffa457f96f0
7ffff7ffeeffe58000148
0001f80016801c6ffd978
0003f7ffedffef87fc268
0000f7ffd8ffe16fff2a0
000050000c000987ffb10
000390000b800717fdbd8
020870001902087000190
0206d000128206d000128
020828001002082800100
000000000000000000000
020680000a020680000a0
000000000000000000000
020530000182053000018
000000000000000000000
0208c000130208c000130
0206b000040206b000040
020667ffeb020667ffeb0
000000000000000000000
0206a000060206a000060
000000000000000000000
0207e7ffeb0207e7ffeb0
000000000000000000000
020760001102076000110
020387fff2820387fff28
02080ffffc02080ffffc0
000000000000000000000
020540000c820540000c8
000000000000000000000
020568000182056800018
000000000000000000000
0205a7ffff0205a7ffff0
000000000000000000000
020690000a820690000a8
000000000000000000000
020968002902096800290
000000000000000000000
0206f7fff30206f7fff30
000000000000000000000
0206d7ffe70206d7ffe70
0206c7ffd90206c7ffd90
0206f000280206f000280
000000000000000000000
020508000502050800050
000000000000000000000
0204e000030204e000030
000000000000000000000
0208e8002a0208e8002a0
000000000000000000000
020748001c820748001c8
000000000000000000000
020710000502071000050
000000000000000000000
020498000302049800030
000000000000000000000
0205f7ffec0205f7ffec0
0206f0000f8206f0000f8
020598001b020598001b0
000000000000000000000
02061ffffe02061ffffe0
000000000000000000000
0206d000140206d000140
000000000000000000000
0207b7fffd0207b7fffd0
000000000000000000000
020517ffe8020517ffe80
000000000000000000000
020620000002062000000
000000000000000000000
0204fffff80204fffff80
000000000000000000000
0207dfffec0207dfffec0
0206d7fff48206d7fff48
0204d000080204d000080
000000000000000000000
0205f7ffff0205f7ffff0
000000000000000000000
020637ffde020637ffde0
000000000000000000000
02049ffff502049ffff50
020640000a820640000a8
0205c7ffdb8205c7ffdb8
000000000000000000000
020547ffee020547ffee0
000000000000000000000
0206c7ffe10206c7ffe10
000000000000000000000
0205c0002e8205c0002e8
020577ffec020577ffec0
0204b7ffff0204b7ffff0
000000000000000000000
0206b000040206b000040
000000000000000000000
020727fffc820727fffc8
000000000000000000000
0205d7ffea0205d7ffea0
000000000000000000000
020710002002071000200
000000000000000000000
0205dfffeb8205dfffeb8
000000000000000000000
020647ffff020647ffff0
000000000000000000000
020687fffd820687fffd8
020467ffe3020467ffe30
0205a000180205a000180
000000000000000000000
020607ffec820607ffec8
000000000000000000000
02070ffff102070ffff10
000000000000000000000
02065fffe902065fffe90
000000000000000000000
020590002402059000240
000000000000000000000
0205a7ffff8205a7ffff8
000000000000000000000
0204e800220204e800220
000000000000000000000
0206f000030206f000030
0204f7ffef0204f7ffef0
0206b7fff28206b7fff28
000000000000000000000
020777ffea020777ffea0
000000000000000000000
020610000002061000000
000000000000000000000
020580001702058000170
000000000000000000000
02064fffef02064fffef0
000000000000000000000
020860000702086000070
000000000000000000000
020687ffff020687ffff0
000000000000000000000
0207a000160000d000030
0104d7efd60103a010430
010410000801041000080
010410000801041000080
010340000501034000050
010340000501034000050
010298000101029800010
010298000101029800010
0207b8000b80010800078
010487efd4010440103f0
010337fff5810337fff58
010337fff5810337fff58
010350000301035000030
010350000301035000030
0103f7fff58103f7fff58
0103f7fff58103f7fff58
02057000020001f0000f0
010347efec81042010248
010407fffe010407fffe0
010407fffe010407fffe0
0102a000060102a000060
0102a000060102a000060
0102b000010102b000010
0102b000010102b000010
0102d7ffff8102d7ffff8
0102d7ffff8102d7ffff8
010348000501034800050
010348000501034800050
0104b000148104b000148
0104b000148104b000148
01037ffff981037ffff98
01037ffff981037ffff98
0206cfffe000000800070
010237efbd8104a010298
010378001401037800140
010378001401037800140
010280000281028000028
010280000281028000028
010270000181027000018
010270000181027000018
010470001501047000150
010470001501047000150
0103a0000e0103a0000e0
0103a0000e0103a0000e0
010388000281038800028
010388000281038800028
010250000181025000018
010250000181025000018
020677fffe7fff87ffee0
010377efbe810280102d8
0102d0000d8102d0000d8
0102d0000d8102d0000d8
010317ffff010317ffff0
010317ffff010317ffff0
010368000a010368000a0
010368000a010368000a0
0103dffffe8103dffffe8
0103dffffe8103dffffe8
01028ffff401028ffff40
01028ffff401028ffff40
010310000001031000000
010310000001031000000
010287fffc010287fffc0
010287fffc010287fffc0
020757fff0000087fffc0
010397efbf810448102c8
010268000401026800040
010268000401026800040
0102ffffff8102ffffff8
0102ffffff8102ffffff8
01031fffef01031fffef0
01031fffef01031fffef0
02057000007fff37fff50
0102a7efc88101f8102c8
0102e7ffee0102e7ffee0
0102e7ffee0102e7ffee0
0102a7fff70102a7fff70
0102a7fff70102a7fff70
010367fff0810367fff08
010367fff0810367fff08
020598000d00002800210
010247efec01038010430
01025fffff81025fffff8
01025fffff81025fffff8
010358000201035800020
010358000201035800020
010397fffe010397fffe0
010397fffe010397fffe0
0102effff50102effff50
0102effff50102effff50
010388001001038800100
010388001001038800100
0102f7fff60102f7fff60
0102f7fff60102f7fff60
010327ffff810327ffff8
010327ffff810327ffff8
020577fff0000110000d0
01025fefdc01042810220
0102d0000c0102d0000c0
0102d0000c0102d0000c0
010307fff6010307fff60
010307fff6010307fff60
010387fff8810387fff88
010387fff8810387fff88
010337fff4810337fff48
010337fff4810337fff48
0102c800120102c800120
0102c800120102c800120
0102d000000102d000000
0102d000000102d000000
010270001101027000110
010270001101027000110
0205f7fff9000100000a0
0102f7efda01040010290
01035ffff901035ffff90
01035ffff901035ffff90
0103bffff50103bffff50
0103bffff50103bffff50
010308000001030800000
010308000001030800000
0102c0000b8102c0000b8
0102c0000b8102c0000b8
010327fff7810327fff78
010327fff7810327fff78
010430000381043000038
010430000381043000038
010347ffff810347ffff8
010347ffff810347ffff8
0185d8000f0081c800070
00de8ff22f00264ffda70
0000aff7e100002808220
002610025f80dd900de38
0102f0000300005000020
00dd17fa4c00263005b90
0081aff7ee00819808170
00263ffa4b00dd0805ba0
0185700000808240000b0
00ddaff22c0026dffda80
000037f7ea0000d8081d0
002640026900de000dd60
0103a7fffc7fffb000070
00dd57fa3f00260005c40
008157f7e200820008210
002587fa4700ddd005bc0
0184b800000080b800020
00dd87f2370025c7fdb60
0000eff7e780010808278
002618025400de080dd00
0102a80003fffff800028
00dcd7fa4c0025d005ba0
00815ff7ed80814808188
0025e7fa4b00dcc005bb0
01031000027fffc7fffd0
00dd37fa470025a005b90
008197f7e5808140081a0
0025dffa4300dcf805bc0
01041000070000a0000d8
00ddf7fa4c0026c005c80
008227f7ee80829008260
00267ffa5100de3805c40
018527fffa0081afffe60
00dd47f22a0024f7fd938
0000a7f7e87fff60081f0
002700025200dda00dd78
010278000200000800008
00dcaffa4c0025d805b70
008157f7ee00813008150
0025effa4b00dc9805b80
010408001180006800038
00de57fa5300262005c20
0082aff7ed8081c808278
0026c7fa4900ddb005cc0
0102f000020000a000008
00dd27fa4c80266805b60
0081d7f7ef0081b808140
00267ffa4b80dd1005b70
0184a000060081d7fff80
00dd87f22c0025f7fd928
000037f7e0ffff50080d8
002610025a00dc700dd38
0103400004ffffd7fffa8
00dd7ffa4780259805b78
0081dff7e4008138081b0
00260ffa4080dd0805be8
010337fff90000a800050
00dd17fa448026c805ba0
008197f7eb00825008138
002647fa4d00dd9805b18
0102cffffe00004800020
00dcdffa4800263805b80
00816ff7ec0081a808140
002617fa4b00dd0005b50
0184e7fffa008277fff60
00dd47f22b802657fd940
000067f7eb00002008110
0026e0025f00dd680dcd8
01030ffff77ffff000080
00dcbffa4000264005bf8
0080f7f7e700820008188
002587fa4c00dd7805b38
01842ffff700814800090
00dc77f225802637fda30
7fff0ff7e380002808118
002510026400dce80dc80
010307fff47fffa000030
00dcb7fa3b0025f005bc0
0080d7f7e08081d008168
002547fa4600dd6005b10
0183f800060081a000070
00dc77f2408025d7fdab8
000017f7fe00001808230
002668026c00dd180dd70
01037000007fffe000020
00dd67fa440025f005be0
0081a7f7e48081c0081d8
0025e7fa4580dd8005bc8
0103380002ffffb7fff28
00dd97fa4400255805b10
0081f7f7de0080f008170
002617fa3900dce005bc0
01030ffffb7fffeffffb0
00dd17fa410025e005b50
008177f7e200818008140
0025dffa4100dd1805b50
018427fffe008157fff20
00dcf7f23a00256ffda20
0000eff7f0000028081d0
0026d8025500dd500dcd0
010347fff77fffc7ffff0
00dd17fa3c8025f005b98
008147f7df0081c008170
00259ffa4200dd6805b40
0103000003000037fff10
00dd87fa490025b005ac0
00822ff7e400810808108
002687fa3c00dcb005b88
0102a00008800037fff78
00dd2ffa500025a805b00
0081f7f7ec8080e008138
00266ffa4400dc6805bc0
0184a7fff900815000000
00dd07f22f8025f7fdaa8
00004ff7ea0000b808200
002628025c00ddd80dcd0
010367fffa80005ffffa8
00dd77fa4100264805b40
0081e7f7e20081e008130
00264ffa4100dd7005b40
0102f00001ffffd0000a0
00dcd7fa490025f005c28
008127f7ed0081a0081f0
002597fa4f00dd3005bc8
0103b8000180007800020
00ddc7fa4700267005bc8
008217f7e8008220081c0
002677fa4780ddc005bc0
014460000900417000060
00c3f7f3d0001aa7fe5f0
000087f63880002001a88
7ff02ffefe0035e803620
0040f000010040d000060
003627fca17ff02801060
000007fe5800002009ca0
001a3001a800c3600c3c0
01448ffffe0040e800020
00c377f3c8001a37fe640
7fffe7f63b00005001af0
7ff007ff0700364003620
00415800080040e800030
0036c7fca17ff01001070
000077fe4f00006809ce0
001a18019e00c3e80c380
0143b0000200410ffffe0
00c357f3d5001a37fe620
000087f63d80006001aa0
7ff027fefa80360003598
004070000100404800010
0035fffcab7fefc8010b0
0000a7fe5c00007009cc0
001a90019e80c3700c318
0103900004ffff87fffd8
00c3aff7d9801988026d8
004127f63880407001ad0
7ff04ffaef003597ff540
000057fff9ffff7000038
00362000a37fef8005160
004097fe490040b009d10
001987fd8c00c38008300
0143d7fffe004157fffc0
00c31ff3cf001a2ffe5b0
000067f63e00004001aa0
7ff097fef900367003590
0040dffff30040d7fff30
00357ffc9a7fef7800f98
7fffc7fe597fffa009c60
001a7001a400c3300c330
010380000a00009000080
00c3dff7e2001a7802710
00419ff63e00411001af0
7ff097faf1003637ff580
00003ffffd00003000070
0035f000adfff03005148
0040bffe5b00411009cd0
001a3ffd9d80c378082e8
0143f000050040b000010
00c397f3cb8019f7fe608
000027f63400001001ad0
7fefd7fefa00364003600
0040c7fffd804117fffa8
00360ffc9b7fefe800f70
7fffd7fe4e7fff8009bf0
0019b0019e00c2c00c360
010307fffb800037fffd8
00c317f7da001a00026b0
0040dff63e0040b801ad0
7ff047faf6003607ff570
000060000000004000050
00365800aafff070050f8
004107fe5100415009c20
001a37fd9100c36808200
0143f7fff88040f000018
00c307f3ca001a47fe618
7ffffff63f00006801ac0
7ff077ff03003670035c0
00417ffffb8040fffffa8
003657fc967ff00000fe0
7fffe7fe4c00004009c50
0019e0019e80c3900c2f0
014397fff580409000018
00c287f3c50019f7fe610
7fff27f63a7ffff001aa0
7fef57ff060035c0035e0
0040c0000780409000018
00363ffca07feff801030
7ffff7fe4e80003809c30
0019a0019d00c3500c2b0
0143b0000300404000030
00c2f7f3d4801987fe6c0
000007f64400001001ba0
7ff027ff0580365003668
0040e000048040c000028
00361ffca47fefb801078
000017fe5500000009ce0
0019c8019f00c3500c380
010327ffff00001800040
00c357f7d6001a40026e0
0040d7f63400412001aa0
7fefd7faeb003647ff4e0
7fffb7fffa000007fff88
0035a000a97fefc005080
004067fe5400409009c30
0019cffd9600c31808260
0143b7fffa80407000038
00c2f7f3cf001a07fe6b0
000037f63d0000c001b30
7ff037fefb0036b0035a0
0040a7fffb0040b7fff70
0035c7fca07fefa801020
7ffffffe5400003009c90
0019d8019e00c3780c2f0
0102d00006000037fffd0
00c387f7df001a00026a0
004157f6380040d001ac0
7ff03ffae900364fff530
7fffd7fff7000067fffa0
0035b000a97ff00005030
0040a7fe5400406009bc0
001a17fd9300c2a008250
014407fffa0040a7ffff0
00c337f3ca0019d7fe650
000027f63800002001b20
7feff7fef980363803628
004087fffd0040d000030
0035d7fca37ff02001078
000027fe568000a009c98
001a18019e00c3c00c2f0
0103500001ffffa000000
00c357f7d900198002700
0040c7f63a00406001b30
7fefe7faf30035b7ff5c0
7ffff800017fffd800090
00360000ac7feff005160
0040b7fe518040f009cd8
0019bffd9100c378082b0
0144700003fffff000058
00aec7f2b900153001170
7fe24ff699001e3fff9f0
7fed27ff5e800317ff9f8
0037c7fe92000930016f0
0013dffbf480224800ac8
7ff397fed6000c77ff820
001c5000307ffde001780
0020cffdfc0020a8020a0
7ffe27fe8a001c87ffd50
000c70007ffff3b001290
002267ff57801380040a8
00098ffe9300374801730
000340005cffece000a98
001de0005c7fe240096e0
0014b7feee00aeb00d4e0
0123a00003002017ffff0
00b4e7f4ba000e77ff1b0
000067f5d3000020006a8
7fdb07fda800152001528
002037fffc80204000048
002e47fd1b0007bfff900
000007fcfd0000a0015f0
7ffc87ffca001e1001d48
002070000300209ffffb0
001daffe2c7ffc8800360
000047fea700002003030
0007a80078002e5802e10
0020700002801fe7fffe8
001567feb1ffda7002598
000067ff970000100a350
000ea000e400b4d00b4e0
0123a8000400202ffffa0
00b4f7f4bb000e37ff140
0000a7f5d47fffc0006a0
7fdb67fda700153001520
002077fff700206ffffc0
002e3ffd16800747ff838
000027fcfdffffa0015b8
7ffd17ffc9001d6001db0
0020effff980206800028
001daffe217ffc80003a0
000027fea200002003080
0007d00073002ea002e60
002087fff6002057fffd0
0014e7fea67fda9002530
7fffc7ff957fffe00a310
000e8000e500b4b00b4e0
012378000000207800050
00b4bff4b6000edfff150
000027f5d180000000628
7fdafffdab0014d8014f0
002087fffd00204000010
002e97fd13800787ff878
7fffeffcf47fffe8015a0
7ffc57ffc5001d6001d90
002047ffff00207000020
001d6ffe287ffc8800390
00000ffea600000803070
0007c00078002e8002e80
002097fffa00208000008
0014f7fea67fdb0002510
7fff77ff958000100a298
000e4000ee00b4800b480
0143c7fff700003000018
00add7f2b600153001140
7fe1aff69e801e57ffa08
7fecf7ff64000387ff9f0
0037d7fe920009b001698
0013c7fbf200229000a40
7ff36ffed3800c7fff788
001c18002efffdc801700
002087fdfc00207002050
7ffde7fe8e001c67ffd40
000c8000857ff3e001270
0022b7ff590013c004030
0009b7fe8f803748016b0
000328005affecd800a38
001de8005fffe25809658
001507feef00ae900d400
012368000100204800020
00b487f4b8800e77ff1c0
7ffff7f5d5000010006f0
7fdac7fdae00156001580
00203000020020b000028
002e57fd1c0007c7ff880
000007fcfd00001001580
7ffc7fffc9001d5001d60
002040000100200000020
001d47fe2b7ffc4000410
7fffe7feaa00003003100
000778007c002ed802eb0
0020300004002097fffe8
001507feb4ffdac002530
000017ff9f7ffff00a2f0
000eb000ec80b4a00b4b8
0123400000002077fffa0
00b4aff4ba000e4fff150
000057f5d27fffe0006b0
7fdaeffda600154801550
002017fffb802097ffff8
002e37fd1a000797ff860
000007fcfafffff801598
7ffc77ffc6001d6801d80
002020000000205000030
001d6ffe2d7ffc98003e0
000057fea8800070030a8
0007c00074002ef002e60
002017fffb8020a7fffb8
0014c7feb37fdae8024f0
00002fffa00000080a290
000f0000e900b4780b460
0123affffe00205ffffc0
00b4aff4b5000e8fff150
000017f5d200001000660
7fdad7fdab001520014e8
002047ffff002047fffe0
002e67fd1a000777ff890
000007fcfb000020015c0
7ffc7fffc8801da001d58
0020500002802057fffc8
001d97fe2dfffc4000378
000057feaa7fffd003080
0007f0007a002e4802e90
0020afffff00202800040
00155ffeae7fdac8025a0
000057ff970000500a330
000ec000e500b5000b4a0
013408000300106800000
00a88ff33280063fff868
7fe177f64e8000d8004a8
7fdf77fee6000db000788
002ab7fee5000d17ffad0
00136ffc05000077ffef8
7fec67fe2a80073000ab8
000bc00015001090001b0
001bf7fe478004e7ffb48
7ffd37fdf90000f000910
7ffd57ffde000f2000a10
001657ff92000c17ffc58
000b17fe5a7ffe8000390
7ffabfff5a00088801028
000bc00021001220003b0
00122fff0e00028fffe00
7ffff7ff0200000001030
0002c0002400127000f30
001267ffc4000be7ffdb0
00089ffefd7ffa7800a28
7ffe97ffc8000aa001a70
000c40003a00161000720
000f37ff5b7ffd4000270
0000bfff6dfffd28020a8
0004b0004e801bf801bb8
0010afffe7000bdfffee0
000737ff53ffec8001d58
000030001180135003f90
000ce00058802a60011a8
000de7ff8c7fdf00011d0
00010fffb5ffe13809b88
000640007900a8700cd50
012390000200001800020
00ab97f43200096000890
7ff087f5eb801027ffe88
7fd697fe0c0004d7ff9b0
001f37ff9680014000608
0020a7fc91800da000850
7ff287fd3b000da7ffc28
7ffbf7ffe0800127ffe88
001bd7ff4600051000b38
000cc7fdc50010e8005c0
7ff717fef1000917ffb10
000910001f7ffec000540
001657ff09000a3000ed0
000327fe808011c000258
7ffc97ffc4800337ffd08
000f58000d7fff2800d80
001047fef9000ff001010
7fff17ff1f000f27fff50
0002e0002bfffce0003e8
00119fffd900039801790
000a17ff0f80165800ec8
7ffe8fffa90008bfffda0
0008d0004e7ff6d0010d0
0010d7ffa2000c9002390
0004cfff49001ba000b98
0000b80018fffbc800218
000d8000427ff2a002c60
000dc7ff7b8020e0036a8
00012fff9b001f2800620
00046000647fd63001ef0
000fc0001d7ff0200a140
000967ff7c80ab500bd18
013397fffc001037fffb0
00a7e7f3310005f7ff850
7fe0f7f6530000c0004c0
7fdf47feec000db000780
002ad7fee7800d07ffaa8
001367fc04000067ffee0
7fec57fe2900071800aa0
000b980014001080001a8
001bb7fe480004d7ffb40
7ffce7fdfd00010000910
7ffd57ffe4000f3000a10
001687ff95000c37ffc40
000b27fe5afffe9000350
7ffabfff5c00087000fe0
000c0000260011f0003a0
001297ff0e000277ffe10
00002ffefe80000801030
0002d0002200126000f20
001297ffc5000bc7ffdb8
0008f7fefa7ffa9000a50
7ffeafffc3000b0801a70
000c200037801670006c8
000f2fff5c7ffd50001c0
0000f7ff6e7ffcd002020
0004f0004d001b8001b80
0010f7ffe4000b77fff00
00077fff4d7fec6801da0
000038000780138803fb8
000c900052802ab001188
000da7ff8bffdf3001180
00011fffb4ffe14009b10
000640007380a8500ccc8
012377ffff7fffd000010
00ab67f43100095000890
7ff057f5eb001007ffe70
7fd647fe0c0004afff9a0
001ef7ff9a80012000610
0020a7fc97000d9000830
7ff297fd3c000d77ffbe8
7ffbc7ffdf8000b7ffe68
001b97ff4a00049000b60
000cd7fdcc00109800610
7ff767fef30008f7ffb50
000920001f7ffea000550
001647ff0c0009d000ef0
000367fe85001160002e0
7ffce7ffc3000347ffdd0
000f58000a7fffa800df0
00101ffefa00105801000
7fff27ff22000f2ffff30
000310002b7ffcd000400
001197ffd80003b0017d0
000a17ff1200168000ee0
7ffec7ffaa8008d7ffdb8
000900004b7ff700010e0
0010a7ffa0000cc002380
0004afff4c001ba800b70
0000d8001cfffbc000218
000dc00043fff2b002c70
000e0fff7c0020e8036a0
000187ff99801f2000620
0004b8005e7fd63001f10
000fc80013fff0400a158
000907ff7700ab700bcf0
012bd0000280084000008
00a557f37100033fffc20
7fe127f62f000050001f0
7fd8f7feac000680003a0
002407ff0e0006b7ffd70
0012e7fc19000097ffec0
7fe957fde100031000490
0003a00006800820000e8
00189ffe7900035fffcf0
7ffcc7fdcf000070002a0
7ff6bfff9900069800450
000f97ffb10006c7ffe10
000a87fe63000097fff70
7ff77fff0400034000560
000360000b00086000160
000f0fff39800327ffd48
7fffeffec8000008003a0
7ffbdfffcc0006e800580
000b2fffde00073fffe60
000897ff0200000ffffb0
7ffbd7ff5e0002c0006a0
00037000110008d000290
000bd7ff82000367ffd90
000157ff297fff7000448
7ffdffffe10006b8006d8
000937fff2000787fff50
00078fff4c7fffa800078
7ffdc7ff8e00027000838
0003700019000970003f0
000a5fffab00038fffe10
000237ff5f7ffed800570
7fff47ffee000700008b0
000847ffff00082000010
00072fff757fff1000118
7ffeefffa60001f000a48
000360001d800a50005b0
000967ffc30003b7ffea0
00029fff7e7ffdd800720
7fffcffff600076800b50
000768000900092800120
0006afff92fffe3800220
7fff77ffba80018000d68
0003400023000be0007e0
0008a7ffd6000377fff00
000297ff977ffbf000a20
7ffff000040008a000fe8
0006e80019000b3800220
000697ffacfffc0000338
000017ffccfffff001368
000360002c000f1000c70
000867ffe5000387fff60
0002d7ffa97ff7a800fa0
000020000e000a8001990
0006b00025800f60004c8
0006a7ffbffff6a000678
000087ffd97ffca802318
000370003380188801880
000847fff2800397fffb8
00031fffb67fe968021f8
00006000148012f003e48
000680002c8023e000ee0
000677ffcb7fd89001520
00006fffe57fe0d009d38
000350004000a5200c950
012b87fffd800817fffe8
00a4e7f36f800307ffc18
7fe0c7f63180003000218
7fd8b7feb0000690003c0
0023f7ff120006e7ffd60
0012e7fc1b000087ffe90
7fe957fde100030000480
0003700006000820000e0
00186ffe7b80034fffcc8
7ffcb7fdd400003000290
7ff6e7ff9c00067000480
000fafffb20006dfffe30
000a97fe65000097fff58
7ff7afff0600031000560
000390000b000870001b0
000f37ff38000367ffd60
000007fec780003000370
7ffbffffcc0006d800560
000b57ffdd000747ffe80
0008b7ff00000047fffa0
7ffbf7ff5c8002b800668
000370000e0008b000290
000bc7ff80000367ffdc0
000157ff2a7fffa000440
7ffe2fffe20006c8006b0
000977fff0800787fff38
0007c7ff477fffb800060
7ffdd7ff8700026800810
0003480013800948003f0
000a17ffa7000397ffe40
0001f7ff5dffff3000570
7fff17ffee80073000850
000827ffff000817fffc0
000707ff757ffef000100
7ffed7ffa80001f000a40
000358001f000a5800590
000967ffc30003a7ffe78
000287ff7e7ffde000700
7fffa7fff800077000b20
000760000c000920000e0
0006cfff95fffe08001e8
7fffb7ffbc00015000d50
0003700023000bc0007e0
0008bfffd580037fffee8
0002c7ff977ffbd0009e0
000030000200084000fc0
0007180014000ad800260
000687ffa87ffbf000390
7fffe7ffca80002001388
000350002c800f1000c58
000867ffe5000367fff60
0002e7ffa87ff7b000fd0
000050000c800ac0019a8
0006e00022000f90004b0
0006a7ffb97ff6b000630
000047ffd57ffc90022d0
000328003300185801850
000817fff4000367fffc0
000307ffb87fe96002220
000070001600131803e58
0006b0002b80240000ed0
000697ffc77fd8a001510
000067ffe07fe0e009d10
000330003d00a5200c8f0
012ba8000000002800028
00a2a7f3500002b000210
7fdd27f63e000407fff10
7fd81ffec58000dfffe68
00232ffef48000d800198
000f07fc0b0003e0000e0
7fe6f7fdfe800267ffe28
000388000180001800050
0015e7fe580002b000210
7ff8f7fdde0003d7fff10
7ff637ffae000097ffeb0
000eb7ff918000e0001f8
000697fe540003f0000f0
7ff557ff20000227ffe40
00038000017fffe0000a0
000c5fff140002b000260
7ffc3ffed40003b7fff40
7ffb77ffdb000077fff10
000a3fffb88000f000258
000497feef80040000128
7ff9b7ff76000227ffe80
000370000100000000100
0008e7ff5a0002f000280
7ffda7ff348003b7fff48
7ffdb7ffec000047fff50
000837ffc7000100002b0
000377ff3700041800150
7ffbb7ffa2000217ffec0
000360000380001000158
000737ff7f000330002c0
7ffe6fff690003cffff60
7ffeeffff600005ffff80
0006ffffd1000148002e0
0002dfff6200045000130
7ffd07ffbc8001e7ffe98
0003800004ffffe000190
000637ff94000330002f0
7ffee7ff870003c7fff70
7fff97fffb000037fffb0
000627ffd800014000310
000277ff7e80043800140
7ffddfffcd00019fffed0
00037000037fffd000200
000557ffa400035000320
7fff0fff9f00038ffff80
00001000017fffe000030
00058fffdd800160003b8
000217ff9500048000178
7ffe7fffdd00019fffef8
00039000057fffd000270
0004d7ffaf00039000360
7fff47ffb1000397fff80
0000800006ffffa000078
00054fffe200016800430
0001ffffa40004a8001c0
7ffeffffe600018ffff30
00039800067fffd8002d8
000477ffb90003d0003a0
7fff97ffbe000397fff80
0000e000087fff80000c8
0004f7ffe300019000490
0001b7ffaf0004c0001c0
7fff3fffef000137fff60
00039800077fffb800390
000417ffc000043000410
7fffa7ffca00039ffff80
000130000d7fff2000120
0004e7ffe68001a000538
0001b7ffb700050000200
7fff8ffff380010ffff88
0003880007ffff8800418
0003d7ffc600045000488
7fffc7ffd3000397fffc0
000170000f7fff00001b0
0004b7ffe80001e0005d0
00019fffbf80052800218
7fffe7fff90000b7fffe0
0003b000067fff9000500
000397ffc70004d0004f0
7fffc7ffd8800367fffc0
00019000117ffe7800290
000487ffe8800260006f8
000167ffc40005d800220
7fffd7fffd000047fffe0
000390000a7fff3000600
000367ffce000570005b0
7fffe7ffde800387fffa8
0001a00012fffdd000320
000447ffec00027800818
000147ffcd00064000280
00001000047fff9800040
0003a8000b7ffec800788
000357ffd2000620006d0
7ffff7ffe400039ffffd0
0001b000137ffd2000440
00040fffee0002f8009d0
000127ffd4000700002d0
00004000097ffed000090
0003b0000b7ffe4000998
000317ffd600074000850
7ffff7ffec0003c7fffe0
0001e800177ffbf0005b0
00040fffef80036000c58
00011fffd900081000390
000070000d7ffdc000150
0003c0000c7ffdc000cb0
0002f7ffd90008f000a50
7ffff7fff2000387fffe0
000220001b7ff9d000870
000437fff1000470010d8
00013fffdb000a0000470
000090000d7ffb7000270
0003a0000afffc50012c0
0002bfffdc000c5800eb0
000017fff6800377ffff8
000240001a7ff56800e00
0003d7ffef0006b001aa0
0000d7ffe1000e90006b8
00009000167ff61000520
0003d0000f7ff8d802228
0002b7ffdf0015d001a90
00001ffffb00037800008
000260001c7fe70002030
0003d7fff0800f2003f40
0000c7ffe500232001090
0000b000187fd7e0013a0
0003d0000f7fdd0009c48
000287ffe300a2a00cb20
01e8980ad581e8980ad58
7ed6201a8b7ed6201a8b0
009ff01ee5809ff01ee58
000000000000000000000
7e9757e8d37e9757e8d30
000000000000000000000
0050c7dff58050c7dff58
000000000000000000000
7ee9881b417ee9881b410
7ea6bfe7bf7ea6bfe7bf0
7dfb00027ffdfb00027f8
000000000000000000000
01bbb7ef4f01bbb7ef4f0
000000000000000000000
01dea00c1681dea00c168
000000000000000000000
00a8181e8b00a8181e8b0
7dfb2801be7dfb2801be0
7ede601ade7ede601ade0
000000000000000000000
004387dfc8804387dfc88
000000000000000000000
01c127f00001c127f0000
000000000000000000000
7dfc180324fdfc1803248
000000000000000000000
7ea077e82d7ea077e82d0
000000000000000000000
01e1f00b6b01e1f00b6b0
000000000000000000000
0090c01f220090c01f220
000000000000000000000
016cf016fd016cf016fd0
7e3ae00fae7e3ae00fae0
7fb8f0203d7fb8f0203d0
000000000000000000000
7f5ea7e14e7f5ea7e14e0
000000000000000000000
0125a7e53b0125a7e53b0
000000000000000000000
7e44f010d67e44f010d60
000000000000000000000
7e1bcff42c7e1bcff42c0
000000000000000000000
020397fd21020397fd210
000000000000000000000
015a501820015a5018200
000000000000000000000
7fc21020407fc21020400
7e233ff3877e233ff3870
7e4090102c7e4090102c0
000000000000000000000
011dc7e4f7011dc7e4f70
000000000000000000000
0203e7fe040203e7fe040
000000000000000000000
7e1957f4e87e1957f4e80
000000000000000000000
7f6b97e0fd7f6b97e0fd0
000000000000000000000
016620179d016620179d0
000000000000000000000
7fabc01fea7fabc01fea0
000000000000000000000
01b5d0114e01b5d0114e0
7e7e8015a77e7e8015a70
002a60205a002a60205a0
000000000000000000000
7ef497e455fef497e4558
000000000000000000000
00c0b7e1e180c0b7e1e18
000000000000000000000
7e8ed016b07e8ed016b00
7f07e7e37cff07e7e37c8
7e0037fb2d7e0037fb2d0
000000000000000000000
01edf7f5e601edf7f5e60
000000000000000000000
01a86012ab01a86012ab0
000000000000000000000
0036c020240036c020240
7e0147fa887e0147fa880
7e848016307e848016300
000000000000000000000
00b49fe18900b49fe1890
000000000000000000000
01ee47f6b881ee47f6b88
000000000000000000000
7dff67fbfe7dff67fbfe0
000000000000000000000
7efd77e3e97efd77e3e90
000000000000000000000
01aef811ea01aef811ea0
000000000000000000000
001f88203e001f88203e0
000000000000000000000
0111f01b820111f01b820
7e0ea008f8fe0ea008f88
7f44801e30ff44801e308
000000000000000000000
7fce67dfc67fce67dfc60
000000000000000000000
017c0fea2a817c0fea2a8
000000000000000000000
7e13f00a457e13f00a450
000000000000000000000
7e544fedbc7e544fedbc0
000000000000000000000
020130044802013004480
000000000000000000000
00fc401c6200fc401c620
000000000000000000000
7f50a81e957f50a81e950
7e5ba7ed2c7e5ba7ed2c0
7e0ff00997fe0ff009978
000000000000000000000
0175f7e9a50175f7e9a50
000000000000000000000
020170052a020170052a0
000000000000000000000
7e4d57ee3f7e4d57ee3f0
000000000000000000000
7fd977dfc07fd977dfc00
000000000000000000000
0107c01c1f0107c01c1f0
000000000000000000000
7f3ac81e077f3ac81e070
000000000000000000000
005f6012b0018947f8250
01c8a00eba001ff7fc1c0
004ff80f73004ff80f730
004ff80f73004ff80f730
7f4baff469ff4baff4698
7f4baff469ff4baff4698
002867effb002867effb0
002867effb002867effb0
7ec820018000216819c10
7eb2c0186b0036d002d60
7efd8001407efd8001400
7efd8001407efd8001400
00dddff7a780dddff7a78
00dddff7a780dddff7a78
00ef50060b00ef50060b0
00ef50060b00ef50060b0
7f51a010248156780e668
0062001f6c004627ff1f0
7f6f300d6f7f6f300d6f0
7f6f300d6f7f6f300d6f0
0021c7efe40021c7efe40
0021c7efe40021c7efe40
00e097f80000e097f8000
00e097f80000e097f8000
7efe1001927efe1001920
7efe1001927efe1001920
7f503ff416ff503ff4168
7f503ff416ff503ff4168
00f0f805b580f0f805b58
00f0f805b580f0f805b58
0048600f910048600f910
0048600f910048600f910
7fd3e8135581990803a78
0133e819a780390ffd558
7fdc78101effdc78101e8
7fdc78101effdc78101e8
7faf57f0a77faf57f0a70
7faf57f0a77faf57f0a70
0092d7f29d8092d7f29d8
0092d7f29d8092d7f29d8
7f2278086b7f2278086b0
7f2278086b7f2278086b0
7f0de7fa167f0de7fa160
7f0de7fa167f0de7fa160
0101cffe908101cffe908
0101cffe908101cffe908
00ad280c1000ad280c100
00ad280c1000ad280c100
7ef2a009e380cf70165c8
7f7d401f060044d0013a0
7f204808167f204808160
7f204808167f204808160
008ee7f27b808ee7f27b8
008ee7f27b808ee7f27b8
0101f7ff020101f7ff020
0101f7ff020101f7ff020
7f0caffa747f0caffa740
7f0caffa747f0caffa740
7fb5cff07effb5cff07e8
7fb5cff07effb5cff07e8
00b3100bce80b3100bce8
00b3100bce80b3100bce8
7fd5e00ff57fd5e00ff50
7fd5e00ff57fd5e00ff50
001a28137a819baffdd38
01882014b3002db7fc9b0
001530102d001530102d0
001530102d001530102d0
7f7a4ff22b7f7a4ff22b0
7f7a4ff22b7f7a4ff22b0
00605ff0f100605ff0f10
00605ff0f100605ff0f10
7ecb5ffd167fc378199a0
7e63501319002b8003970
7f001ffd96ff001ffd968
7f001ffd96ff001ffd968
00f6fffaf300f6fffaf30
00f6fffaf300f6fffaf30
00d430095580d43009558
00d430095580d43009558
7f1c000d56011ac012ce0
7fefa02008004720001c0
7f42400b187f42400b180
7f42400b187f42400b180
005a57f0c4805a57f0c48
005a57f0c4805a57f0c48
00f727fb5c00f727fb5c0
00f727fb5c00f727fb5c0
7effb7fdff7effb7fdff0
7effb7fdff7effb7fdff0
7f7ebff1f4ff7ebff1f48
7f7ebff1f4ff7ebff1f48
00d78008f500d78008f50
00d78008f500d78008f50
000fc0101f000fc0101f0
000fc0101f000fc0101f0
7f9048123d0181a809450
00d0c01d4c004137fe360
7fa2400f187fa2400f180
7fa2400f187fa2400f180
7fe737efe37fe737efe30
7fe737efe37fe737efe30
00be07f51500be07f5150
00be07f51500be07f5150
7f09f80522ff09f805228
7f09f80522ff09f805228
7f2a27f6de7f2a27f6de0
7f2a27f6de7f2a27f6de0
010098022401009802240
010098022401009802240
007e200e31007e200e310
007e200e31007e200e310
7ed62005e0807a8018b48
7f11b01c6d803ef002278
7f07f804cc7f07f804cc0
7f07f804cc7f07f804cc0
00bafff4d280bafff4d28
00bafff4d280bafff4d28
0100b802950100b802950
0100b802950100b802950
7f26aff71fff26aff71f8
7f26aff71fff26aff71f8
7fecbfefe07fecbfefe00
7fecbfefe07fecbfefe00
0083e00e0f8083e00e0f8
0083e00e0f8083e00e0f8
7f9d600f03ff9d600f038
7f9d600f03ff9d600f038
0057b011118007b0019e8
0158000b0f0070a003ab0
01403ff99300490ffe920
004b1ff6d37fd4d805490
7fba07f2327f91a002370
7f5987f3a6fff23000c30
7f25b7f8f2002607fb780
7f3cf7fefa000ebff56f0
7ee2d001607fe55000200
7f0510125d7fadb0060e0
001ab014f48006b004cc8
007de006b07fb8f7fc260
00e697fed97ff747f8ce0
00e5bff8ad7ff827fefa8
009f47f459003e90034e0
003c87f46700a15803408
7f60680eca7ff138015b0
0049d017a900183007c30
0116b00bba003fc002ad0
00a247fe037fa3e0011c0
00812ff3f27fa09ffbf20
003307f027ffeec7ffbc8
7fd0e7f0ed8050e7fef68
7f943ff5d0008d8ffa140
7f2727fad47fd6f006be0
7efd800075000090011d0
7f1fc006477fde57fb4b0
7f79d008e1ff8447f8b08
009cb00aa3005457fb120
00ea2006c20006dffef30
00f50000987ffbf0051e0
00b6f7fbc0803a0009f50
7fd83011ba7ffbb8019b8
00e8901350004b5006580
014d7802f0004b9000b78
008447f9c17fb4c003950
002117f1a27f8e47ff050
7fbfdff059ffef78004d8
7f6c97f3bd0042c7fcea0
7f580ff9d080574ff6d68
7f18300140800a50072a8
7f1a30077800085000f30
7f61f00bc6ffc097fca48
7fc5600ba6ff5d17fcc48
00d7780550002a57f9400
01025fffb8ffff77fed80
00e167f9df00206004b18
0087eff7310079e0075f8
7f097008fd7fe93000e70
7f9d401750ffe00007b58
00a868122c00270804308
009f4002b37fa597fe870
00c86ff8bf7fc67ff9bd0
009d07f3317ff1e7ff4b0
003f87f12e004f60014d0
7fe6a7f3e480a847fe970
7f613ff5797fab7004fb0
7f1467f962fff84801118
7f0a4fff8c000267fae80
7f48e004597fc3d7f61b0
0044780de2006e9ffded0
00a4e80c7a000e2fff550
00d93007387fd9e004960
00c2b001317ff0600a9d0
0017b011d400028001a70
0127100f9a00611005190
014f47fe40004c77ff930
006ae7f81dffc2d0047d8
7fed57f18e7f8cf8009d0
7f8a07f1a1fff04000898
7f44b7f6130035a7fc180
7f45e7fc47803467f5e38
7ee5bffd567fe5a7ffc00
7ec9880e5a7f99c804bf0
7fce7014cc7ff50804ce0
006290084dffc8f7fb498
00e5900224001167f8cf0
00fb57fc167ffbaffedd0
00c62ff6d80030d0041b0
006547f57c0091b005770
7f2f200c377fece0011f0
7ff3801821fffc2007e68
00e6200f550034a003790
00a56800537fa1bfffc90
00a8bff6107fb19ffab40
006a4ff1487ff00fff7c0
00080ff0a9005248001b0
7fbb8ff490009ecffc340
7f3f37f7fa7fc08006050
7f02b7fce3fffd00011b8
7f0f80030a7ff037faf50
7f5e1806d27fa19ff72d0
0073a00c8a0063e7fc6b0
00cc8009d4800b07ff208
00ecb803fcffeac804f88
00c167fe6e0016200a870
7f994010aafff70001928
009ca0160e803420073d8
013990079080481001b48
009727fbd77faa10025f0
00529ff27c7f949ffd670
7ff907efe2ffee3000008
7f9c47f201804af7fde18
7f72aff79b00748ff8480
7f1a17fe007feff007220
7f05b0041080044001120
7f3bf009407fce17fbe20
7f9cf00a867f6d0ffa9d0
00bf60082a804147f9f98
00fd30034d000377fed70
00f1d7fd21000ec005030
00a407f944005ca008e00
7eef1005567fe710008a0
7f4c4815647fc56807098
0063a0141a8016e0049a0
00925004dd7faca7fd4b0
00dddffbb47fdd27f91f0
00c6e7f5a77ff427ff2c0
007227f2638048d0026f0
001157f3d300a9a000ff0
7f89b7f3807f9cf803a00
7f3157f6497ff56000d60
7f1257fc2a001457faf58
7f3ef001b07fe7c7f56f0
0010a00e89807347ff860
0074000e84800fe7ff8b0
00ba100a1d7fc9d003f30
00b9c003e77fca200a290
0008d801a2004ed80f700
00394801d1011eb8093e0
002b07ff1e011537fa750
7ff8a800d9005277f5fa0
00159004427ff227fd5c0
004090021600301001950
7ffd70000c004b97fe860
7fc3480759001197fdf00
7fe4b0001cfefe2001438
7fd638030d7f2ed80f500
0003c002d70016f0121e0
7ff4d7ff61008910074f0
7fb9180056002c3fffca0
7fd0d003737fdce0029b0
7ffff7ffd90006c004f30
7f9be7faa4801d1001818
7ff0c8015e7f6fa00d6c0
000bf003e6803de013c28
002570019380f1400a268
7ff130002b00b117fdd80
7fd83003a9001917fdb20
000d70046e000ac003550
7ffd77ffeb00425002c20
7f7e700199002577ff830
7fe1e802bbff453ff8188
7fff98008d7efdefffe80
7fe9e7fdef7f35e008580
7fc087fe58ffb9500a890
7fc40800bc8012e806018
7ff730008f800960008d8
000d97fbed7fd0c7ff5e0
7fc5d7f70d7fbe7001a30
7ffca001ae7fdb90100c0
0026c0033200c1d0101e0
002d400064012038028c0
7ff440008b009007f9360
7ff600045c0005b7fd400
002b10039700204002c10
7ffcbffff9804ed800be0
7f960004fb001ec7fe9a0
7ff7d003487f2067fdf80
00039000847f16a006f40
7fde07febdff83f00d090
7fbb9800370009c80b6f0
7fcf280243003b2804e80
7ffbb800b6000c98003d0
7fef67fbf27fd13000b20
7f8cd7f9857fd040033f0
7fe8f000de7f2080081f0
7feff003dd7fad5013738
0016d002718091980fba8
7ff14fffc400adf802ef0
7fc28002400026b7fea70
7fed8004667ff28003500
7ffed7ffe1802838044f0
7f80c7fde70024d000a00
7fd2d801adff8e67f3cb8
7ffc90007c7f17d7f8e70
7ffac7fd877f0f8002050
7fd287fcc87f766007910
7fc527ff097fe65005f20
7ff48000410003c800d10
0028a7fcacffd9c7fe3b8
0009a7f6567fba37ffc50
00028001b100153010230
003108029300f6080d070
002d47ffc1012207fe7f0
7ff65000b8007497f7650
000628046c7ffc5ffd3b0
00378002e680299002328
7ffd2ffffc004f4fff970
7faa40064a001897fe330
7fe5a7ffbd7f0017fd990
7fcce0025d7efca80bfd0
7ff98002c87fd4f012040
7ff6f7ff37006ba009160
7fb94fff55002c58006b0
7fc55002b77fd47802080
000087ffdf7ff49004ef0
7fb1eff96080170801e90
7febf00123ff43300b138
7ffdc803ff7ff5b814230
001f20021100c7000d440
7ff117fff300b45800600
7fcc1003030020d7fe1c0
7ffd500482fffed003640
7ffdd7ffe18036d003978
7f7be7ffbf8025d000098
7fd96802427f65cff5b80
7ffde8008a7f04cffc590
7ff207fdb37f1d8005570
7fc877fd877f95a8094b0
7fc39fffe3fffce806218
7ff5f0006700071000b40
001bbffc317fd47ffec40
7fe6d7f6767fbac800b70
7ff5f001937fa3500f170
0019c003ab0082e012638
002a58010a010f3806868
7ff278006500a4affb720
7fe6b8042480104ffd6e0
001d8004220016a0031b0
7ffd97fff2004a8001c20
7f8790035b802287ff038
7fecb803157f2d5ffaeb0
0001e80087ff03c803890
7fe33ffe447f58b80afc0
7fbc17ff3d7fe0e00b490
7fc7c00187002830059b0
7ff8e000a8800b6000698
7ffe37fbd87fcfe0000a0
7fa6eff819ffc62002838
7fe67000857f08a004d10
7fe2500389ff69f011da8
000d3002b800567011630
7ff287ff9a009fd005430
7fbc80015c002a97ff2e0
7fdee004057fe69003048
7fff77ffd500177004c50
7f8b07fc288021a001228
7fcd2801057fbc8ff27b0
7ffab000767f36a7f5d30
00042ffd8c7f0e2ffe9e0
7fdfe7fc3a7f5f1005760
7fcab7fe367fd250056a0
7ff440000c00012000ca0
0033affd487fe0affdae0
002be7f6ab7fbbe7fec40
7ff6c000df00121000c30
000ce802a9002c67ff280
001ff000d3000b17fe4b0
7ff4f0005c0003c0007d0
7ff3a003d08021f000718
002a20033a001677fedc0
7ffd97ffff7fffe0000d0
7fadd8063800157001210
0031880fc7001d57ffa90
011be8098a0002d7ffb40
010c27f919800910015b8
0033c7f565801eb000948
7fe847fdc70009e7ff950
00323800517ffdd801440
0031d7fce50019c001a10
7ffce7fe0d8014b7ffe28
7fe958020d000777ff510
0006a0023900055001ad8
0002300019002340017a8
7fd6d80080001a5fffab0
7fdb10036afffd20003e8
000800029980057001d48
7fe337feca001a4001210
7f735001b5800b27ffe38
7f78900c8c7ff71000e00
00376011cd00068001f60
00dcf8095080144800d60
00b247fdd57ffed000030
0027d7fc4efff14001638
0003f001460006d0020f0
003510023c800d4000858
003577ff5a7ff00000290
7ffa38027b00026fff330
0015f001d40010d0015e0
0003100005002a30005f0
7fdea0018c8015a7fefe8
7ff688040f7fff78004d0
001910021a801200017c8
7fdd37ffb1001f8000488
7f8cf00563800917ff978
7fdd880f037ffe0801090
00ae400e8880139001958
010830025c801808002f8
00915ff92d7ffea800090
0009b7fb957ffc0001ab0
000bf0010f00145001b20
003f30009c000fb000220
002be7fe007ff2e0009a0
7fdde00146000b17ff980
7ff70802317ff8e801ac0
0001680024801568024d0
7fd777ff560019e0006e0
7fc6f802167ffb88002a0
7ff5400291fff84001d48
7fee9ffe2180103801c00
7f7587fdb7000b4000300
7f2ea0079cfff1e000828
7fb5a011897ff7b001eb0
0085c00e6c000be0014f0
00af9002f17ffe77fffe0
003e17fdcb7fe8a000dc0
7ffb5001407ff73002100
002060036e0007d800e10
00344800da7ff08fffc60
7ff41000b7000e7000fa0
00032002c2002de7ffd10
001c20013d001127fe840
7ff3e8003100026800870
7fe6500389801fe000e28
001d8003bb001a07ff2c0
7ffdbffff47fff7000080
7f999004e40010b001660
7ff7601011001dd000120
00f2600d4b0003afffbc0
011e67fd0b0003a001740
0058d7f660801bc001048
7ff0e7fd7d000b87ffbe0
002fe80102fff9a801300
003c0ffda700134001f00
0003fffe06001498002d0
7fe2b001b3000947ff710
7ffeb00246ffff1001b88
0002100023001d1001ee0
7fd677ffe9001aa0000a0
7fd01002cd7ffc0000360
7ffe8802a17ffec801e20
7fe817fe690015c001780
7f70a7ffb7000b4000080
7f4f580a5bfff3d800b80
7ff6b012207fff0002030
00b6500c268010b0011d8
00b588005efffed000018
003437fcf4ffeca001278
7fff9801487fff38021c0
002bc002e3000b1000b48
0035f800177fefdffff28
7ff15002540004a7ff3f0
000ea00215000b2001960
00029000100027c800fa0
7fd9a0010f8018e7ff558
7fe82003db7ffea0004a0
001128026f000c5801b30
7fdfbfff3b001dd800b70
7f7d2003a3800a77ffb80
7fa9000e217ffa5000f60
0075c81094800d1801cf0
00f8d005fd80167000890
00a617fb65fffea0000c8
0019a7fbd87ff6a001960
000870012f000e3001ec0
003b980170000ee800520
003197fea0fff0f000630
7fd9d000c5000ca7ffc00
7fef4002077ff31001828
000100002d000c30028b0
7fdb27feca00176000d00
7fc148013a7ffb3800220
7fec8002547ff26001b10
7ff587fde78009f001ed8
7f8097fbd3000a7000558
7f182804847ff078004d0
7f78c01017fff13001c30
004f400ff100073001720
00a0f0054c7ffee7fff70
004417feafffe680007e8
7ff65001297ff04001db0
00131803d500045800f00
0030500196fff157ff8c0
7ff01001760006b7ff690
000b80026a800168003e8
0011300072000ec000610
7fe7f000cb000d07ff910
7ff33003ed000077ffe30
00226002a40007c000960
7fed77ffff00102000000
7fa938068f0004a7ffa90
002fe00f510001b000760
010d980914000e5000760
01016ff965000abfffb40
00349ff5467fff28001f0
7fe077fd080007d000bf0
002370003a000ec800170
002fa7fd0a000237ffdb0
7ffbe7fd5500010000b80
0003900026000e80009d0
00234fff5500091fffd30
000db7fdec7ffd60005f0
7ffb87ff8100084000fc0
0013500042000ea0002f8
0016dffed97fff9800030
00002fff07ffffb801058
0006800055000ef000cc0
0016c7ffb8000697fff10
0008dffef77ff9f800bd0
7fffd7fffb00094001610
000fe8004d800ec800470
001007ff53fff9e000418
000077ff967ffd6801ae0
000730007a00129001270
001277ffe9800247fff90
7fec1001e0800e30009a8
0008380208000dbfffcc0
00027000120000a7fff30
7fda6000d300044000b98
7fe75003ad000f3800620
0011800258000797ffc30
7fdf17ff5f7ffe2000520
7f8558048e80079800d50
7fcfd00ed3000dc000300
00abf80ea000024fffe88
01093001b67fff0000a60
0086d7f871000a9000bc0
00006ffb9400094800010
000ee000da7ffd1000350
003dafffa580018800f68
001f4ffd6a800c9800958
7ffdf7ff41000477fff20
00161000d2fffac0008b8
002517ff4e00052001110
000a5ffea9000b4800550
0001d0003ffffdb0000d8
0017c00086fffa4000f60
0016e7ff3c0008a0010c8
000227ff770006f000208
0006e000a67ff72000630
0016c000377ffcd0015e0
000ce7ff58000b2000d80
000000000b7ffeb7fffe0
000b7000b7fff09000f38
00132ffff100012801c10
000567ff96800a50008b8
0000f000767ff1f000240
7feb6001350008b7ff820
0002b00284000070003e0
000f4800ac800cd800908
7fe5e0006e000e17ffc30
7fe59803a30000bfffe70
001800030c00058000af0
7feddfffbb000fe000390
7f93f0052d8005a7ffb68
7ff7d00f997fff9000780
00e6500c9f000c1000ac0
0112affd29000bbfffe20
0059d7f6467fff00001b0
7febf7fca80004f000d50
0021b000b4000e30004e8
0038f7fdc400031fffe30
00055ffd56fffea000af8
0002c00033000bb000c70
0024b7ffda800937fff68
0014e7fe2e7ffc4000560
7ffda7ff760004c001110
0012400084800da0005e0
001a97ff2d7fff77ffff0
000377ff0b7ffc0000fd0
0004f8006b000bb800fb0
001740000d00069000050
000c77ff1c7ff74000a00
7fffd7fff90003d0017b0
000e700086000d50007e8
001247ff927ff940002c0
00021fff97fff79001988
000550008e000df001620
001250002a00025000030
7fe590018c800bc000c78
000090021a000e17fffb0
000210001c800087fff38
7fd860004900014000c68
7fdad8033e800d48009c8
0008c00288000867ffe70
7fe237feed7ffd90004e0
7f782002bb00050000e80
7f9c100dc9000cf000580
00738010a900024fffeb0
00fc70055d7ffc6000a00
009e57fa830007c000e28
001027fbb480098000238
000bb0010d7ffcc000220
003db800827ffde000ee0
0027d7fde38009c000bd0
000057ff3a80045000048
001238011f7ff8e800770
0026afffde000120011c0
000f47fed98009a0007c0
00013000427ffd7000080
00155000d3fff70800df8
001907ff900004e001270
0003ffff8000067800380
00045800b87ff5f8003e0
00153800847ff7e0014b0
000eafff8b0007c800fe0
7fffb0000efffef7fffe0
0008a000df7fee0000b70
0012f000377ffb4001b50
0006cfffac80082000a58
7fff7000777ff187ffec0
7fee1001ab000207ffcb0
000aa802360000d800350
0009e0004000075000320
7fe25000fa0005a7ffd10
7ff33803eafffff800028
001e40025300042000510
7fe587ffff0007f000000
7fa72006b7000217ffd80
002f100f150000d0003c0
01069008da000710003a0
00fc1ff98b800557ffd98
00350ff53b7fff90000b0
7fdcc7fcab8003b0005c8
001bc0002e0007b0000c0
002ddffd290001cfffe10
7ffba7fd0d00004000480
7ffcd7ffdb0006c0004b0
001df7ff6e800567ffe68
000e57fdd87fff6000140
7ff83fff1800034800690
000bd00026800780001b8
001527feec0001bfffed0
000017feb400001800530
7fffd7fffe0006b000570
001187ffc9000547ffef0
0009e7fed9fffef8001d8
7ffcc7ff8280031000788
00084800280007a000258
000ec7ff62000147fff18
00012fff327fff4800640
000090000d0006a0006d0
000cf7fff0000587fff90
000837ff437ffe8000260
7ffec7ffb30002a8008b8
0006f0002c0007d000350
000bf7ff99000117fff80
0001c7ff70fffeb000728
00012000180006a0007e0
000ac8000280055ffffd8
000757ff77fffd5000318
7fff9fffcc00021800aa0
000600002f80085000468
000a37ffba000097fffa0
0001efff977ffd4000880
0001600021800670009d8
000998000e80053000088
000697ff967ffba000450
7fffc7ffdf00014000d90
000560003a00092000630
000977ffd27fffb000010
000227ffac7ffb4000b30
000130002600071000d60
000880001c80062000130
00063fffb07ff96000530
000007ffec7fffb0011a0
0004c0003f800a30008c8
000897ffe67ffe00000b0
000237ffc27ff7d000fb0
000140002f00080001320
00080000270006c000200
000607ffc1fff3e000800
000037fff7fffd3801b68
0004900046000e0000e10
000837fff07ffa1000090
7fe87801610002efffd40
000270024e80004000358
0008c00063000688004a0
7fdfb00089800637ffe48
7fe5a003a37ffff000000
00153002af0002d0005d0
7fe62fff9f0007b0001c0
7f9160054e000297ffdf8
7ff7f00f5d7fffe0003c0
00e0580c4c0005f800530
010ce7fd3a0005cfffef0
005a47f63d7fff9000090
7fe997fc4300026000650
001a90008e00072000260
0036effddb00020fffe90
000617fd0d7fff4000498
7ffd27ffd20005a000610
001f27ffe2000597fff90
0015e7fe1d7fff0000110
7ffbffff010001a800750
000b30004d00071000380
001877ff3a800227fff28
00048ffebb7ffee800500
7fffbffffd800540006d8
0011c0000980058000038
000db7ff04fffec000178
7ffe8fff7b000148007e0
0007a000470006d0003f0
0010d7ff9b000177fff70
000427ff3a7ffdf0005d8
000060000d0004f000810
000ce0001c800570000d8
000a97ff637ffe20001f0
7fffbfffaf0000b8008f0
00060000450006d0004b8
000d17ffc9000107fffa0
0003e7ff7c7ffce0006b0
0000f8001980048800958
000aa0002400054000150
0008d7ff8efffcd000280
7fffdfffcbffffb800ac8
0004f0004a00072000620
000b27ffe500009ffffd0
000397ff9e7ffb70007d0
0000c0002180043000b38
0008f00032000540001c8
0007ffffb37ffb2000300
000077ffdefffe3000d10
0004700049800740007d8
0009bffff57fff7800010
000357ffb7fff8f0009e8
0000d000290003f000e80
00080000370005a000270
00072fffc4fff848003a8
000037ffea7ffbd001130
0003b0004e00080800ad0
0008a80004fffde800008
0002f7ffca7ff45000d60
000080003200035001490
0007280042000628003c0
000697ffd87ff2b000540
000027fffa7ff770019f0
0003700058000a80010a0
00086000117ff9f7fff20
7feb4001860002d000250
00070002420003affff40
000970004e000077fff20
7fe16000d48000f000258
7fef5803d90003e000110
001c40026a000207ffe90
7fe587ffee00000000110
7fa45006900002d000270
002b900f20000387fff50
01064808e380004ffff68
00fb17f96300010800290
003137f5290003e000120
7fdaf7fcc00001d7ffeb8
001be000187fffe000160
002b07fcfe0002e0002b0
7ff82ffd1500037ffff80
7ffc8fffe100004ffffa0
001cd7ff45000120002a0
000a9ffdc70003b800110
7ff6bfff28800187ffef8
000bf8000b7fffd8001b8
00122ffec00002f8002c0
7ffcc7febc000357fff80
7fffc7ffff000017ffff0
001057ff99800130002f8
000607fec70003e000128
7ffb57ff93000177fff00
000880000affffc0001d8
000be7ff350002e0002d0
7ffe1fff38800317fff98
0000b000097fffe000040
000bc7ffbb00013000350
000467ff2e0003d000150
7ffd77ffbf000157fff40
0007100009ffffe000228
0008f7ff6b800300002d8
7ffef7ff768002d7fffa0
000180000e7fffa0000a0
000977ffc8000150003b0
000357ff6180040000160
7ffe67ffd8800137fff38
000648000a7fffb800250
000747ff8a0002f000300
7fff37ff9a8002c7fffc8
0001c800137fff98000e0
000837ffd2800160003c0
0002d7ff810003c000150
7fff07ffe58000c7fff98
0005a8000a7fffb800300
000627ff9e80035000338
7fff87ffb10002a7fffb0
0001f000137fff4000130
000717ffd900017000438
000247ff990003f000170
7fff67fff20000a7fffa0
000528000bffff9800340
000547ffaf80035000368
7fffb7ffc5000287fffd0
00023000177fff1000180
000687ffdf00018000480
000217ffaa8003f000170
7fffeffffa80004ffffd0
000520000a7fff70003c0
0004c7ffb5000370003b0
7fffa7ffce000267fffd0
00021800187ffec0001d0
0005d7ffe3000180004f0
0001c7ffb80003e000190
000000000200000000010
0004c8000cffff5800448
000447ffc10003b0003f0
7fffd7ffda800247fffd8
00024000197ffe9000230
00056fffe50001a800550
000177ffc20003e000178
00002000087fff7000030
000480000dffff30004f0
0003e7ffca0003d000420
7fffe7ffe50001effffc0
000268001c7ffdd8002c0
00051fffe90001a800620
000167ffcc000400001a8
000060000dffff0000068
000488000e7ffec0005b0
0003a7ffcf0003e0004d0
7fffffffeb0001c000020
000278001cfffda000368
0004d7ffeb0001e0006c0
000137ffd2000410001d0
00007000107ffe88000d0
000450000efffec0006a0
000347ffd480046000510
7ffff7fff3000157ffff0
00028800207ffcc000440
0004a7ffee000200007f0
000137ffd800045000210
00009800137ffde800130
000428000e7ffe80007d8
0002ffffda0004d8005b0
00000ffff900010fffff0
0002b000207ffc0000530
00046fffee00023800900
0000f7ffdd00046000200
0000b000177ffca0001a8
000428000efffdf0009b8
0002cfffdb000588006b0
000007fffc000097fffe0
000288001ffffab800688
000407fff000027000ae0
0000afffe500048800240
0000a8001dfffaf800278
00041800137ffd2800c60
0002bfffe100066800820
0000200001ffff97ffff8
0002a000227ff8a000910
0003f7fff300032000e30
0000bfffea00056800290
0000e0001e7ff88000350
0003f800107ffbb8010a0
000267ffe40007d000a90
0000080008fffdf800028
0002d000247ff50000d70
0003e7fff2800420013f8
000097ffec00063000340
0000d000217ff310005f0
0003d000117ff96001a50
000237ffe7800bd000f98
000010000d7ffa07fffc0
01e8d7f53581e8d7f5358
7ed537e58a7ed537e58a0
009d47e122809d47e1228
000000000000000000000
7e974817437e974817430
000000000000000000000
004ee02004804ee020048
000000000000000000000
7ee81fe4bd7ee81fe4bd0
7ea820183c7ea820183c0
7dfb47fd7c7dfb47fd7c0
000000000000000000000
01bce010a301bce010a30
000000000000000000000
01e0a7f3de01e0a7f3de0
000000000000000000000
00a85fe15c80a85fe15c8
7dfa7ffe38fdfa7ffe388
7ede57e51efede57e51e8
000000000000000000000
0043b020200043b020200
000000000000000000000
01c2c8100101c2c810010
000000000000000000000
7dfc4ffcc67dfc4ffcc60
000000000000000000000
7e9f9017c17e9f9017c10
000000000000000000000
01e4b7f48801e4b7f4880
000000000000000000000
009257e0ea009257e0ea0
000000000000000000000
016d07e901016d07e9010
7e3a8ff04efe3a8ff04e8
7fb6afdfee7fb6afdfee0
000000000000000000000
7f5d281ec07f5d281ec00
000000000000000000000
0126181aab8126181aab8
000000000000000000000
7e4627ef117e4627ef110
000000000000000000000
7e1d600bcc7e1d600bcc0
000000000000000000000
02044802dc02044802dc0
000000000000000000000
015c4fe7ff815c4fe7ff8
000000000000000000000
7fc1ffdfd87fc1ffdfd80
7e21a00c78fe21a00c788
7e4057efb17e4057efb10
000000000000000000000
011c801b12811c801b128
000000000000000000000
020540022782054002278
000000000000000000000
7e19100b217e19100b210
000000000000000000000
7f68281efa7f68281efa0
000000000000000000000
0164afe87f0164afe87f0
000000000000000000000
7fab3fe00b7fab3fe00b0
000000000000000000000
01b5f7eeab01b5f7eeab0
7e7e37ea607e7e37ea600
002b07dfb8002b07dfb80
000000000000000000000
7ef3601bb67ef3601bb60
000000000000000000000
00bf901e1a00bf901e1a0
000000000000000000000
7e8ddfe9537e8ddfe9530
7f07601c6d7f07601c6d0
7dff4004c47dff4004c40
000000000000000000000
01ed100a0201ed100a020
000000000000000000000
01a92fed7781a92fed778
000000000000000000000
003697dfc8003697dfc80
7e0110057c7e0110057c0
7e85e7e9d77e85e7e9d70
000000000000000000000
00b4881e5e00b4881e5e0
000000000000000000000
01f050095181f05009518
000000000000000000000
7dfdc0040e7dfdc0040e0
000000000000000000000
7efd601c137efd601c130
000000000000000000000
01af97ee1081af97ee108
000000000000000000000
001f87dfaa001f87dfaa0
000000000000000000000
011187e47c011187e47c0
7e0ddff70b7e0ddff70b0
7f45f7e1c47f45f7e1c40
000000000000000000000
7fcf3020417fcf3020410
000000000000000000000
017e1815e2017e1815e20
000000000000000000000
7e1507f5a7fe1507f5a78
000000000000000000000
7e53c8123c7e53c8123c0
000000000000000000000
020187fb98020187fb980
000000000000000000000
00fda7e3c080fda7e3c08
000000000000000000000
7f50efe1837f50efe1830
7e5a4012d77e5a4012d70
7e1137f6597e1137f6590
000000000000000000000
017620166a017620166a0
000000000000000000000
01ffe7fae181ffe7fae18
000000000000000000000
7e4d2011a1fe4d2011a18
000000000000000000000
7fda90204f7fda90204f0
000000000000000000000
0107a7e41c0107a7e41c0
000000000000000000000
7f3b0fe20a7f3b0fe20a0
000000000000000000000
005f07ed600189d007d60
0020b803f101c81ff1440
004ea7f091004ea7f0910
004ea7f091004ea7f0910
7f4ba00ba1ff4ba00ba18
7f4ba00ba1ff4ba00ba18
002770100200277010020
002770100200277010020
7ec827fe7c802007e6408
0035f7fd1dfeb237e79f8
7efda7febe7efda7febe0
7efda7febe7efda7febe0
00de70085180de7008518
00de70085180de7008518
00f057f9ef00f057f9ef0
00f057f9ef00f057f9ef0
7f516fefca8156f7f1920
0045f000da80626fe0820
7f6f2ff28f7f6f2ff28f0
7f6f2ff28f7f6f2ff28f0
0021d810100021d810100
0021d810100021d810100
00e160080080e16008008
00e160080080e16008008
7efe27fe637efe27fe630
7efe27fe637efe27fe630
7f4fc80be0ff4fc80be08
7f4fc80be0ff4fc80be08
00f25ffa4400f25ffa440
00f25ffa4400f25ffa440
00492ff07500492ff0750
00492ff07500492ff0750
7fd3c7eca8019947fc590
0038f002ac013417e6550
7fdb57eff77fdb57eff70
7fdb57eff77fdb57eff70
7fae900f607fae900f600
7fae900f607fae900f600
0093100d560093100d560
0093100d560093100d560
7f2317f788ff2317f7888
7f2317f788ff2317f7888
7f0eb005e67f0eb005e60
7f0eb005e67f0eb005e60
010220016e010220016e0
010220016e010220016e0
00ae27f40000ae27f4000
00ae27f40000ae27f4000
7ef1d7f62800d037e9b00
0044c7fedf7f7d3fe0f90
7f202ff7d8ff202ff7d88
7f202ff7d8ff202ff7d88
008e400d89008e400d890
008e400d89008e400d890
0102a001140102a001140
0102a001140102a001140
7f0c880590ff0c8805908
7f0c880590ff0c8805908
7fb4100f7d7fb4100f7d0
7fb4100f7d7fb4100f7d0
00b257f43f80b257f43f8
00b257f43f80b257f43f8
7fd5a7f005ffd5a7f0058
7fd5a7f005ffd5a7f0058
001a17ec85819be002258
002df803640187ffeb470
001587efdc001587efdc0
001587efdc001587efdc0
7f79b00ddb7f79b00ddb0
7f79b00ddb7f79b00ddb0
005fc80f0d005fc80f0d0
005fc80f0d005fc80f0d0
7ecaa002e07fc347e6730
002a57fc6efe6387ece48
7effa002627effa002620
7effa002627effa002620
00f688050100f68805010
00f688050100f68805010
00d497f6bc00d497f6bc0
00d497f6bc00d497f6bc0
7f1bd7f2a2011ac7ed260
00472fffdbffef6fdfec8
7f42f7f4ebff42f7f4eb8
7f42f7f4ebff42f7f4eb8
005a400f2f005a400f2f0
005a400f2f005a400f2f0
00f82804a900f82804a90
00f82804a900f82804a90
7efee002077efee002070
7efee002077efee002070
7f7eb00e09ff7eb00e098
7f7eb00e09ff7eb00e098
00d7cff70800d7cff7080
00d7cff70800d7cff7080
000fc7efd5000fc7efd50
000fc7efd5000fc7efd50
7f8fb7edc38181d7f6b88
00411801cf00d06fe2ad0
7fa2fff0e27fa2fff0e20
7fa2fff0e27fa2fff0e20
7fe7981020ffe79810208
7fe7981020ffe79810208
00bf100af100bf100af10
00bf100af100bf100af10
7f0a87fad47f0a87fad40
7f0a87fad47f0a87fad40
7f29e0091e7f29e0091e0
7f29e0091e7f29e0091e0
0100c7fdcc0100c7fdcc0
0100c7fdcc0100c7fdcc0
007ed7f1e0007ed7f1e00
007ed7f1e0007ed7f1e00
7ed597fa2d007b57e7560
003f37fdefff11c7e3938
7f089ffb2cff089ffb2c8
7f089ffb2cff089ffb2c8
00bb100b3500bb100b350
00bb100b3500bb100b350
00fff7fd7100fff7fd710
00fff7fd7100fff7fd710
7f269008d17f269008d10
7f269008d17f269008d10
7fed481027ffed4810278
7fed481027ffed4810278
0083d7f20e0083d7f20e0
0083d7f20e0083d7f20e0
7f9d87f1057f9d87f1050
7f9d87f1057f9d87f1050
0056d7eef8800837fe678
7fd4e7fac7004be0092a0
004970017601406006600
0070f7fc5a01572ff4ea0
7fb9880dd27f921ffdd00
000e500a9aff3d5001070
0025e004957f25c0070c0
7ff277ff497f59300c590
7ee2e7fe9d7fe547ffdf0
7fb88003d2807d77f94b0
0005f7fb33001a17eb0d0
7fad57f9f77f04e7eda80
00e76001207ff71007310
00a1e7fcb4003c900b9d0
003eb7fca6009fc00bab0
7ff7f000fe80e68007530
7f604ff12d7ff127fe9e0
7fa3bffee000a23801fa8
003ff7fd50011707f4420
001867f835004a0fe84d0
0081a00c087fa04004080
008de005e17f93f80a2f0
0050f000fd7fd0e80f130
7fee8000390033580fd70
7f26f005227fd737f9410
7f83f007497f7a37f71a0
7fde1004b37f2017f9b00
000097fee37efd97ff800
009dc7f55c80549804e78
003b27f60500b740043f0
7ffcd7fad900f587ff6b0
000760010300eafff9410
7fd78fee4ffffc3ffe588
7fb4d7fc7a00842006320
004c5fff52014ceffd070
004c57f9a500e7c7ecb00
0020d00e5b7f8dc001050
0056b809277f57d806390
0041f80317ff6c980c488
7feebfffb97fbfd80fa70
7f18e7feb7000a37f8d10
7f5d90032f7fc587f4590
7fc0b8034f7f625ff43a0
00083fff03ff1adff8850
00d827fab7002a0006b70
007ac7f8a000876008ce0
002117fb4600e11006280
7fffa0011c01028000520
7f0907f7007fe8d7ff280
7fa5200180009fa7fd5f0
0026e7fbd700a957edd90
7fdfa7f8517f9d9fe8a80
00c870074effc5d0063a8
00a8a8016f7fe5980c1a0
004fc7feaf803e800ed98
7ff1c800ac009c780cdd0
7f60500a877fac47fb0a0
7fc30809f07f4987fba10
00023005287f0a6000690
7ff8c7fefc7f13d006948
0043fff222806e58021d0
7fefcff56900c28ffed60
7fd957fb7300d907f8cd0
000dc000b600a497f38a0
0017cfee3100024ffe550
7fc34ffb83806ab007e08
004cd00067014f1001bf0
006117fadf0126e7f0680
7fecc00e747f8cf7ff670
0033d80a227f45d803b90
00354003ef7f447009ec0
7ff027ff7dff89900e5d8
7ee52002a17fe580003f0
7fc80004b9006257f7b50
7ff4b7fb3cffce97eb368
7f99e7fb457ec9a7f1a00
00e597fdde80110007228
009207fa878064880a798
003127fbdc00c56009250
7ffbb0011500fad003ec0
7f2f67f3c77fec77fedb0
7fa210003080a51fffab0
0034c7fc7b80e607f0aa8
7ffbe7f80efff38fe7de0
00a93009ec7fb11005430
009f3803c1ffbb080b6d8
00526fffd60007d80f590
7fefc00076006a800eb90
7f3ec808087fc01ff9ff0
7fa12008d5ff5dc7f9318
7fefc0050e7f0f27fcf90
7ffc97fee8ff0250031e8
0073c7f36e80640003998
001607f57380c1c801948
7fea97fb0600ed47fc020
000ae000e200ccf7f6260
7f9957ef537ff667fe710
7faa27fd9d8096f004318
0047fffe448139dff8740
003397f8bd009cd7e9f00
0053500d897f944002980
00754007b67f7260086b0
004b5002187f9c400e090
7fee27fff97ff97010270
7f1a3001f97ff057f8db0
7f6d20055eff9d67f5758
7fce30041b7f3c57f6b90
00048ffeec7f05fffbe80
00bfcff7d60040f805f60
005d57f71a00a37006b20
000f67faef80f16002dc8
0003a0011700fd27fcb50
7eef17faad7fe687ff800
7facd002ba809267fb350
001717fb66006447ebf00
7fc517f8f67f4cb7ea9d8
00dd8004537fdd9006e20
00a997ff0b0011800c2a0
004917fd9b0072000d9a0
7ff49000da00c6800a5b0
7f89f00c7c7f9ca7fc550
7fe8100a88ff3e87fe488
00148004fe7f121003d30
7ff54fff1c7f314809b50
0010aff18980732800848
7fca5ff5e800b97ffc260
7fca17fc1b00b9c7f5f30
00100000800073d7f18e0
000837fe65004ea7f0930
001180021dffc367f8a98
004c080183fffd6ffff28
00309ffe6e00405ffdec0
7ff29802a300159ffbc48
0052c80a01fff91fff288
0115380585002b2800db0
011e77f6bf8038bffe2a8
7fe527ffdefefdc7febe8
001cf7fe747f9b90055f0
000637fb07ffffc0002b8
7fdc7ffd687fd0dffc8f0
002c2800377fb91fffa80
0088fff8ad7ff478009e0
001697eddf000387fd2e0
7f2e67f0b07fd687fcf80
7ff0f7fe9aff6f57f2928
00256000757f7e57fe6b0
004237fd37fffdc000188
000a87fca7000de7fb8e0
0018d0024d7fd857fc510
00b11002297ff137ffd18
00f177f5d7002597fe6b0
003dd7ec38000c47fc150
7fe25ffd3f7f449807e30
7fbebffe537fc53808f60
7fd0c00099000d50041a0
000937ff6cfff767ff768
0012d7f9fc7fc467ff450
7fb96ff572ffc0c801a78
7f35f7f7a07fea2002100
7efd98000effffffff718
7ffc37fe557fdb67effa0
001e80016e7f9657fb0c0
004f07ff4c7ffd6000060
0020d7fd45002b87fc600
00064002be7ff5f7fb9a0
00904006c37ff3e7ff6f0
012017fd6d802ce7ff998
00c177efe1802657fcce8
7ff887fcb77f206002000
7fd0effcb7ff8ca806778
7fd157ff417fef68040e0
000c47ffbb7ffc07ff490
003ad7fb18ffcf67fdb88
0009f7f4957fbb97ffc40
7f8477f2f77fddf001430
7f1707f9050003e7ff800
7fe8bfff277f204ff7d90
0024e7ff657f8040021b0
002837fbb1fffeb000258
7ff217fcb2ffed97fb9e8
0026400165ffc297fdc28
00ae57fd227ff150003d0
009297f04b0016c7fd8e0
7fade7ec847fefb7fc240
7fd227fe557f8e300c320
7fb9a0004500097009ab0
7fd9b001d300288003550
000447ff3b7ff487ffc10
7fe70ffa127fc53800f80
7f76f7f86c7fd29003350
7f0fc7fdf4fffaa002748
7f17c007147ffc17ff808
000247fe52801587efde8
0018a001d17faab7f9b20
004f80006a7ffd57fffd0
0029bffdcc00375ffd130
7ffc6002c30005f7fb920
007480089a7ff637ff470
0121f80182802d18003c8
00f627f2fc0030c7fd6c0
7fe55800407effc802610
0016b7fe16ffb15006a28
7ff457fb11800060002b0
7fd427fdf7ffc5c7fd4d8
002bd7ff97ffb9b000a78
006b5ff6f2fff6f800c28
7fd547ee037ff957fd338
7efcf7f4007fccb7fda00
7fec4ffed9ff431ff4ed8
002617ffed7f7c0000438
003697fc5d7ffe30001f0
7ffe47fc967ffda7fb788
00205001e57fcc27fcf60
00b437ffa3fff0e000078
00c717f2bc001ef7fdef0
7ff5a7ebdc7ffde7fc020
7fd947fdbb7f65800a4d0
7fba77ff487fe6b0098d8
7fd420013e001ba003d00
0006e7ff4f7ff5b7ff998
7ffcdff9dfffc340001f8
7f957ff6b37fc848027e8
7f1d1ffaa87ff20802510
7f045003a97ffe07ff760
7ff657fe6e7fa307f0e50
0022d000f87f8757fca60
004a77fe367ffd80000f0
00162ffce1001d6ffbdc0
000ff00296ffe677fbda8
00a4c804937ff22fff9e0
010f97f978002a47fefc0
0082e7ed960019f7fc5a0
7fed07fce7ff2d3005118
7fc677fd757fa6b007e90
7fcfe7ffec7ffe50042f0
000b07ff90fff987ff5b8
0027dffa667fc87ffe750
7fe0eff4bb7fbc7800bb0
7f5907f5047fe35001b50
7f03fffc72800207ff758
7fe64fff807f08cffb2d0
0021d7fee57f8b0003d58
0017d7fb3d7fff4000290
7fe6a7fcf97fde77fbfd0
002a5000d3ffbc37feac8
009fc7fac57ff2a000700
0056c7eea4000d87fd4c0
7f6a5fee26ffe25ffc770
7fcd57ff037fbca00d790
7fbc58013f002bb8094a0
7fe128024f80335802ae8
000167ff307ff3e7ffec0
7fd277fa917fca3001c40
7f5f57fa867fdf3003c28
7f0e80015c80039002768
7f36f00a247ffa67ff910
7ff6afff2200118fff430
001488001ffffcf801fe0
0019affe6300326003208
7ffe07fec100329fffad0
000a20006b7fe87802380
001ebfff690034100a990
0008f7fea4010c4806e10
0002a0004e011bd7f6710
001d40005b803167f0378
0015a7fee37fadc7f9c70
000007fff37ffd6800000
00166001248029fffcc78
0021f7ff92fff3b7fc320
000417ff867ff507ffa30
000b5001b0001fd7ff2b0
002c0000d2800cc7fd580
7fe9a7fded00075000ae0
7ff017ffce00355000a70
000d1fff7300351ffdc48
000687fded000407feba0
7ff10ffe9b8027c803b18
7ffec7fffc00b250022d0
00142fff2700dd4ff6b00
000627fe090037b7ee2f0
7ff6c7ff24ff7897f36e0
000b3000237f7327fe480
001aa7fee17fe32001378
0005c7fe26800827fd678
7ffd27ffbc7fdb37fc950
001a4000527fd6f7ff800
002337fe84800267ffe68
000547fe50800707fdc48
7ffa5ffd860001d800cf0
7ff30fff64002b78020a0
000fafffdd003f5fff6f0
001457fe4f000c87fef60
7ffc37fe56800a1004678
7ffef7fff380915006cf8
001817ffc9810807fda40
00133ffe6680ae3ff17b0
7ffdb7fefa7fddb7f1000
000920006dff8d37fa9e8
001fd7ffb77fdd90004f0
001227fe7d801967fde28
7fff47ffae7ff6b7fbec0
0015580100ffde8ffe6e8
002a0fffa00002dffffa0
00107ffea00015dffe2e8
7fdd77febe000b5000690
7ff058004200348fff230
000807ff26002037fc8c0
7ff767fdf4fffab7febe0
7fe8c7ff27003d80023e0
7ffeb0000600afa7fd1c0
000c37feb1008667f19a0
7ff7d7fe117fb617ee730
7ff1b7ff7b7f2e97f85e0
000b17ffd27f753002490
00103ffe447fee7801e10
7ff85ffe2d7ff53ffd710
7ffb97ffd67fc707fdec8
0019d7ff937fd78000aa0
001567fdb5000167ffd90
7ff907fe577ff6b7fdcd0
7ff3d7ff49000e77ff090
001477ffd500043001fc0
001347fe11803c4002588
7ff997fed0803027fefb8
000b6000457ff100027e0
001be7feff0058a0099b0
0003e7fe8c011e2002f68
0003a0004300f287f2b90
001dcffff17ff7bfefed8
001117fe9d7f99a7fb150
7fffd7fff3fffd8000098
0019e800cd001d77fc460
001f8fff1bffe66ffc768
00023fff7b7ff3ffffcc0
001110017e001c0ffebf0
002dd000300002f7fd3c0
7fe2c7fe4a000980008f0
7fefd00009003647ffe40
000ad7ff48002bc7fd150
7ffeeffde37fff5ffeb30
7fec67feda0033f0030b0
7ffea0000100b597ffa28
0010a7fee500b677f3d70
7fff07fe007ff6a7eddc0
7ff3f7ff4b7f4f27f5a30
000b77fffa7f7090004a0
001607fe88ffe83001968
7fff07fe1d7ffea7fd5b0
7ffc47ffc7ffcfe7fd2e8
001ab7fff27fd63000158
001d07fe100001f7ffdf0
7fff17fe487ffed7fdba0
7ff1affdab0004a800c30
7ff137ff968031a001618
000ec7ffa5003bb7fe910
000dbffe11000877fed00
7ff667fe6f00199004280
7ffed7fff700a600049c0
0016a7ff7400f8f7fa040
000d07fe2c0075e7ef6a0
7ffa17ff097fa8f7f1dc0
000a70004a7f7ce7fc5c0
001e07ff477fdf8000c80
000c47fe47001137fd950
7ffe27ffb37fe857fc278
00186800adffd9c7fef08
0027a7ff0c0002a7fff00
000b27fe6e000ed7fdec0
7fd9d7ff41800c80003e8
7ff1b00078803027fe6c8
0004c7ff0e001317fc2f0
7ff047fe207ff667fed90
7fe657ff8000440001540
7ffed0000a00a0f7fabb0
000747fe8d804f87f0168
7ff127fe3a7f793fefec8
7ff037ffb1ff18a7fb7b8
000a27ffac7f80e0042a0
0009a7fe167ff5a002130
7ff217fe557fec67fda80
7ffb27ffe77fc117fec60
0017b7ff3a7fdaf001360
000ca7fd780000e7ffd40
7ff347fe7b7fef1ffdfc0
7ff027fe87800680009a8
0002300003001258001c0
001267fed8000747ff8b0
7ffd57fe530000b0006e0
7ff9e7ffbf00104000ac0
000ec7ffb7800fffffb18
000917fe9e7fffe000060
7ff9b7ff458008f001088
00068000148016c000470
000f37ff37800677ffab8
7ffff7fef900001000fa0
7fff87fffa0016e0012a8
000e77ffd1801387ffc10
000857ff067ffbc000800
7ffd77ff9f000de002110
0008d8002a00232800a80
000e37ff67000357ffdc0
000117ff4e7ffbe802b00
0002800027802fe002f90
000effffe70023a7ffc60
0007f7ff417fe09002f70
7fff67ffdf0034b00aba0
000ac00047010190069a0
000e17ff87010dc7f6ea0
00017fff8c002feff0ac0
0004980058ffa92ff96e8
001027ffff7fed5000010
0007a7ff6a002267fd5d0
000060001e7ff357fc140
000d00006e7fe807ff350
000e9fff9e00113fff8d0
000127ffc3000ba7fd950
7febe7fe22000e77ff640
7ff1f7ffdf000127ff850
000a77ff7700054000660
00014ffe41001308000e0
7ff0c7ff0e000b77ff480
7fff0000017ffff7fff20
000b4fff23000cc800a60
7ffca7fe9d80169fffc90
7ff6dfff9f0006dfff5b0
0006f7ffe4000230008a0
0008e7fef40016f000c30
7ffa67ff070017c7ff770
7ffd97fff00001b7ffbe0
000b2fffab000a3001560
000527feef0024f000b10
7ffab7ff730015d7ff2d0
000430000d7ffda000c20
000c4fff6d801f30029c8
000177ff11003de8005e0
7ffd67ffd2800f27ff238
0009d7ffff00004004680
000ae7ff3f00867007908
7ffee7ff54010927fe500
000208001800ac37f1630
000dbfffd3ffcffff12c8
0007dfff2e7f855ffb710
7ffe77ffadffdf2000a18
0007d0003b001197fda80
000f57ff9a7fe767fc520
000437ff447fda5fff2a8
000080000e000257ffec0
000dd00037000807fdf80
7feb4ffec9800888007f8
000237fffc001247ffd90
000dd7fe9e000577ff740
7ff75ffe6800023800688
7ff927ffd7001240006e0
000d5fff85000e8fff7a0
0003f7fe86fffff000058
7ff74fff61000c5800e20
0006a7fffd00172ffff40
000c07ff06000517ff970
7ffc47feff00039000f48
7fff6ffffc001a8000d10
000d77ff9f001227ff7d0
000497feef7ffda8008c0
7ffc2fffab0014e801d30
000930000a0024a000260
000bb7ff388002c7ffd08
7ffe97ff4f8005a002ac8
0002f8001e003948023b0
000e37ffb30021f7ff488
000517ff2a7febf003540
7ffef7ffe28059b009b88
000b80001e8112a002d80
000c17ff5780e677f3618
7fffc7ff897ff7f7f0640
0005b800467f93effacf0
000fb7ffc5ffedd000440
000567ff53001817fcf30
0000d0001c7fe59ffc5b0
000e30003d7fe5cfff8f0
000ce7ff6d000f37ff520
00004fffc08002affd7b8
7fe5c7fe76000bf7ff350
7ff1d80012ffff5fff840
000847ff5480068000508
7ffafffe478012c7ffc98
7fedd7ff4b000897ff240
7fff080004ffffcffff28
0007e7ff00000ec000740
7ff7c7feb2001547ff7a0
7ff5b7ffc2000467ff470
00066fffcc000408007e0
0004f7fedb001910006c0
7ff717ff21001537ff260
7ffd6ffff90000bfffba0
0009bfff85000eb001290
000137fee400267000280
7ff8dfff8980124ffee48
00044ffffd80006000c58
0009efff458027b8021c0
7ffe17ff12003da7ff7f0
7ffcd7ffdc800ba7fef38
00099fffdc000ff8044c0
0007e7ff1c809e20057f8
7ffc97ff5d00fc67faa70
00024000100073a7ef5a0
000cbfffa47f9c3ff2380
0004b7ff177f7837fd450
7ffd4fffb57fe23801130
000868001d0008cffd780
000d7fff65ffdadffcc20
000177ff3a7fd857ffb68
0000a0000c000207ffe40
000e400004000097fde80
7fee07fe5500022000330
7ffa07fff6800830000c8
000dffff2000046fffb80
7ffd47fe4b00001000080
7ff407ff810005e0003e0
0006e7ffde0007e7ffd90
0007f7fecb000127ffd30
7ff787ff0500023000408
7ffde7fff98008a0001b0
000a67ff770004d7ffc00
7ffff7fee500000000140
7ff95fffa900062800510
0005f7ffed000887ffe48
000717ff2c000147ffda0
7ffb4fff4c00022800530
7fff87fffd000958002d0
0008e7ffa0800557ffc68
000147ff2d7fffd000210
7ffbf7ffbf00069000688
000597fff700096ffff00
0006b7ff5f000147ffe20
7ffd57ff73000210006c0
0000600003000a6000440
000827ffba0005f7ffcd0
000217ff587fff6000340
7ffd77ffce000728008b0
000567ffff800ac7ffff8
000697ff7f800117ffea8
7ffe97ff8d0001d000910
0001000008000c0000660
0007c7ffcc0006dfffd20
0002a7ff74fffe80004e8
7ffe67ffda00082000c10
0005500008000d0800140
000697ff970000b7fff40
7fff67ff9f00015000cf0
000160000e000ee0009e0
000797ffdb00086fffd68
000317ff897ffcd0007d0
7fff17ffe30009e001250
000550001080117000368
0006afffa8ffffc800030
000007ffad000010014d0
0001a8001580153801150
000797ffe7800bf7ffd98
000377ff997ff85000e70
7fff87ffec000e6002250
0005600019801dc8008e8
0006cfffb77ffc8800250
000077ffb97ffb8002f70
0001e0001e002e0002db0
0007a7fff3801c07ffd28
0003c7ffa5ffdcd003518
7fffd7fff58034e00ac48
000580002400fc1006760
000717ffc30106b7f7270
0000c7ffc2002f2ff0ea0
00020800277fa727f9470
0007dfffffffe57800018
000427ffaf001e47fdae0
000007fffefff357fc158
0005a000307fe267ff050
000767ffcf0009d7ffbe0
000107ffcb000aa7fdca0
7fe887fea00002c0002a0
7ffa10000d000827ffef0
000a87fef3000357ffab0
7ff72ffe6000003000080
7ff297ffaf00069000280
000647ffc6800727ffbe8
000377feb6800087ffd00
7ff447ff2980031000378
7ffdd000018008d7fffb8
000837ff558003d7ffb08
7ffc07feec00004000130
7ff84fffc300072000390
000587ffd80007f7ffc70
0003e7ff180000b7ffd70
7ff8efff6200034000490
7fff77ffff8009c0000a8
000757ff83000467ffb50
7ffe57ff2e80004000210
7ffb27ffcf8007d8004e8
000547ffe38008f7ffcf8
000447ff4b0000d7ffdf0
7ffb67ff8100039000620
0000700001000b10001d8
0006ffff9f00051fffb88
7fffafff5500001800340
7ffcd7ffd88008f0006d8
000537ffed000a87ffd90
00049fff6c0000cfffe70
7ffd07ff950003d000870
0001100004800d2000388
0006dfffb200060fffbb0
0000a7ff6effffb000520
7ffdf7ffe0000aa0009f0
000547fff5000d07ffe40
0004efff8200008ffff20
7ffe17ffa400043000c50
00019000090010b000650
0006e7ffc00007a7ffba0
000157ff817ffea000848
7ffeafffe7800db000fa8
00056ffffd0011c7fff70
000547ff93ffffd000038
7ffedfffb00004b801448
0001f0000f00189000c20
000717ffcd000b17ffb00
0001efff8f7ffbc000fd0
7fff47ffef0015b001e40
0005a00006001f0000200
0005a7ffa07ffd2000300
7fff77ffb900063002f40
000240001680370002248
000757ffd9001aa7ff700
000277ff9a7fe98003ba0
7fffa7fff6005a1009c20
0005e00010010cc002c80
000607ffac00e077f3b60
7fffe7ffc17ff817f0a30
000288001eff9167fab08
0007afffe3ffe62800608
0002e7ffa3001537fd500
7ffff7fffeffe5a7fc5c8
000630001affdf9fff748
000687ffb50008b7ff9d0
00003fffc9000277fdb20
7feb47fe7a8002c7ffda8
7ffa1000037ffff7fff38
000bd7ff05800228001a8
7ff947fe5b000407fff00
7ff317ffa30000f7ffde0
000657ffcc00009000120
00042ffebe8003c8000c8
7ff4d7ff290002b7ffdc0
7ffde00001000007fff88
000807ff5a000260001d0
7ffbf7fef4800407fff08
7ff877ffc78000efffe18
000547ffd68000b000168
00031fff1e0003f8000e0
7ff8a7ff6f0002a7ffdd0
7fff800000000007fffd0
000657ff8000029000208
7ffd37ff3c000417fff10
7ffb27ffda0000d7ffe50
0004bfffdc0000d8001b0
000297ff50000420000f0
7ffab7ff948002a7ffde8
000060000000000000030
000567ff960002c000240
7ffdf7ff66800427fff18
7ffcb7ffe58000c7ffe88
000477ffdf8000f000200
000247ff6f00045000110
7ffc07ffac000297ffe10
000100000000000000080
0004cfffa40002f800280
7ffe6fff8200043ffff28
7ffdc7ffed0000a7ffed0
00043fffe200011800260
000207ff8400049000130
7ffce7ffbd000287ffe20
00016800007ffff8000e0
000457ffae800340002c8
7ffec7ff96000457fff30
7ffe87fff3000097fff00
000417ffe3800140002d0
0001e7ff940004c800150
7ffd97ffca000277ffe30
0001b800017ffff000148
000417ffb600038000318
7fff07ffa5800477fff38
7fff27fff8000067fff40
000407ffe500016000350
0001b7ff9f80051800178
7ffe17ffd4000267ffe50
00020000027fffe0001c0
0003d7ffbc0003d000378
7fff37ffb1000497fff40
7fff97fffc000047fff90
0003f7ffe6000190003e0
0001a7ffa980057000198
7ffe77ffdc000257ffe60
00023000027fffe000250
0003a7ffc1000440003e8
7fff67ffbb0004c7fff40
7ffff00000000017ffff0
0003e7ffe78001c000488
000187ffb20005e0001d0
7ffecfffe300023fffe80
0002600003ffffc0002f8
00037fffc58004b800470
7fff7fffc38004f7fff48
00004800027fffc800060
0003e7ffe900020000550
00017fffb800066800210
7fff17ffe9000217ffea0
00029000037fffa0003d0
000357ffc900055000520
7fff97ffcb000547fff50
00009000067fff70000e0
0003dfffea00025000670
000167ffbe00072000270
7fff57ffee0001f7ffec0
0002b000057fff80004e0
00033fffcc00062000610
7fffafffd10005affff50
0000d000087fff0000190
0003d7ffeb0002c0007e0
00015fffc3000810002d0
7fff8ffff30001bfffef0
0002d000057fff4000670
000327ffce80074000758
7fffbfffd700063ffff60
000100000b7ffe6000290
0003d7ffeb800360009f8
000147ffc800098000378
7fffb7fff8000167fff28
0002f000067ffee0008b0
000317ffd10008f000950
7fffd7ffdc800717fff58
000138000d7ffd4800420
0003d7ffec00045000d50
000137ffcc800bd000478
7fffe7fffc0000d7fff80
00031800077ffe3800c80
000307ffd3000be000cb0
7fffe7ffe1000897fff50
00017000107ffb60006d0
0003dfffed00060801380
000137ffd000104000668
00000800017fffc000020
00033800087ffcd801450
0002efffd500125001400
7fffefffe6000c0ffff30
0001a000127ff6b000d50
0003e7ffed800a8002378
000127ffd4001ca800ba8
00003000057ffc6000200
00036000097ff82002ee0
0002e7ffd7002b2003040
7ffff7ffeb001c17ffe80
0001d00014ffdb00033d0
0003e7ffee0031000ad60
00011fffd700faf8069f0
0000500009010667f71e0
000380000a002baff0e00
0002d7ffd8ffa457f96e8
7ffff7ffef7fe58000120
0002000018001c47fd960
0003f7ffef7fef67fc268
00010fffdb7fe15fff2a0
000070000d000967ffb10
0003a0000b800707fdbe8
020648000002064800000
020648000002064800000
020648000002064800000
000000000000000000000
020648000002064800000
000000000000000000000
020648000002064800000
000000000000000000000
020648000002064800000
020648000002064800000
020650000002065000000
000000000000000000000
020648000002064800000
000000000000000000000
020648000002064800000
000000000000000000000
020648000002064800000
020650000002065000000
020648000002064800000
000000000000000000000
020648000002064800000
000000000000000000000
020640000002064000000
000000000000000000000
020648000002064800000
000000000000000000000
020648000002064800000
000000000000000000000
020648000002064800000
000000000000000000000
020650000002065000000
000000000000000000000
020648000002064800000
020648000002064800000
020648000002064800000
000000000000000000000
020648000002064800000
000000000000000000000
020648000002064800000
000000000000000000000
020648000002064800000
000000000000000000000
020648000002064800000
000000000000000000000
020648000002064800000
000000000000000000000
020648000002064800000
000000000000000000000
020640000002064000000
020650000002065000000
020648000002064800000
000000000000000000000
020648000002064800000
000000000000000000000
020648000002064800000
000000000000000000000
020648000002064800000
000000000000000000000
020648000002064800000
000000000000000000000
020648000002064800000
000000000000000000000
020648000002064800000
000000000000000000000
020648000002064800000
020648000002064800000
020650000002065000000
000000000000000000000
020648000002064800000
000000000000000000000
020648000002064800000
000000000000000000000
020648000002064800000
020650000002065000000
020648000002064800000
000000000000000000000
020640000002064000000
000000000000000000000
020648000002064800000
000000000000000000000
020648000002064800000
020640000002064000000
020648000002064800000
000000000000000000000
020650000002065000000
000000000000000000000
020648000002064800000
000000000000000000000
020648000002064800000
000000000000000000000
020648000002064800000
000000000000000000000
020648000002064800000
000000000000000000000
020650000002065000000
000000000000000000000
020648000002064800000
020648000002064800000
020648000002064800000
000000000000000000000
020648000002064800000
000000000000000000000
020648000002064800000
000000000000000000000
020648000002064800000
000000000000000000000
020648000002064800000
000000000000000000000
020648000002064800000
000000000000000000000
020648000002064800000
000000000000000000000
020648000002064800000
020648000002064800000
020648000002064800000
000000000000000000000
020648000002064800000
000000000000000000000
020648000002064800000
000000000000000000000
020640000002064000000
000000000000000000000
020648000002064800000
000000000000000000000
020648000002064800000
000000000000000000000
020648000002064800000
000000000000000000000
020648000000000000000
010327efce01032010320
010320000001032000000
010320000001032000000
010320000001032000000
010320000001032000000
010320000001032000000
010320000001032000000
020648000000000000000
010327efce01032010320
010328000001032800000
010328000001032800000
010320000001032000000
010320000001032000000
010320000001032000000
010320000001032000000
020650000000000000000
010327efcd81032010328
010320000001032000000
010320000001032000000
010320000001032000000
010320000001032000000
010320000001032000000
010320000001032000000
010320000001032000000
010320000001032000000
010320000001032000000
010320000001032000000
010320000001032000000
010320000001032000000
010328000001032800000
010328000001032800000
020648000000000000000
010327efce01032010320
010320000001032000000
010320000001032000000
010320000001032000000
010320000001032000000
010320000001032000000
010320000001032000000
010320000001032000000
010320000001032000000
010320000001032000000
010320000001032000000
010320000001032000000
010320000001032000000
010320000001032000000
010320000001032000000
02064800007ffff800000
010327efcd81032010328
010320000001032000000
010320000001032000000
010320000001032000000
010320000001032000000
010320000001032000000
010320000001032000000
010320000001032000000
010320000001032000000
010320000001032000000
010320000001032000000
010320000001032000000
010320000001032000000
010320000001032000000
010320000001032000000
020648000000000000000
010327efce01032010320
010328000001032800000
010328000001032800000
010320000001032000000
010320000001032000000
010320000001032000000
010320000001032000000
020650000000000000000
010327efcd81032010328
010320000001032000000
010320000001032000000
010320000001032000000
010320000001032000000
010320000001032000000
010320000001032000000
020640000000000000000
010327efce01032010320
010320000001032000000
010320000001032000000
010328000001032800000
010328000001032800000
010320000001032000000
010320000001032000000
010320000001032000000
010320000001032000000
010320000001032000000
010320000001032000000
010320000001032000000
010320000001032000000
010328000001032800000
010328000001032800000
020648000000000000000
010327efce01032010320
010320000001032000000
010320000001032000000
010320000001032000000
010320000001032000000
010320000001032000000
010320000001032000000
010320000001032000000
010320000001032000000
010320000001032000000
010320000001032000000
010320000001032000000
010320000001032000000
010320000001032000000
010320000001032000000
020648000000000000000
010327efce01032010320
010320000001032000000
010320000001032000000
010320000001032000000
010320000001032000000
010320000001032000000
010320000001032000000
010320000001032000000
010320000001032000000
010320000001032000000
010320000001032000000
010320000001032000000
010320000001032000000
010320000001032000000
010320000001032000000
0184b0000000819000000
00dd37f22d0025f7fda10
000007f7e700000008190
0025f0025f00dd300dd30
010320000000000000000
00dd37fa460025f005ba0
008197f7e700819008190
0025f7fa4600dd3005ba0
0184b8000000819000000
00dd37f22d0025f7fda10
000007f7e700000008190
0025f0025f00dd300dd30
010320000000000000000
00dd37fa460025f005ba0
008197f7e700819008190
0025f7fa4600dd3005ba0
0184b8000000819800000
00dd37f22d0025f7fda08
000007f7e700000008190
0025f0025f80dd300dd30
010320000000000000000
00dd37fa460025f005ba0
008197f7e700819008190
0025f7fa4600dd3005ba0
010320000000000000000
00dd37fa460025f005ba0
008197f7e700819008190
0025f7fa4600dd3005ba0
010320000000000000000
00dd37fa460025f005ba0
008197f7e700819008190
0025f7fa4600dd3005ba0
0184b0000000819000000
00dd37f22d0025f7fda10
000007f7e700000008190
0025f0025f00dd300dd30
010320000000000000000
00dd37fa460025f005ba0
008197f7e700819008190
0025f7fa4600dd3005ba0
010320000000000000000
00dd37fa460025f005ba0
008197f7e700819008190
0025f7fa4600dd3005ba0
010320000000000000000
00dd37fa460025f005ba0
008197f7e700819008190
0025f7fa4600dd3005ba0
0184b0000000819000000
00dd37f22d0025f7fda08
000007f7e700000008190
0025f0025f80dd300dd30
010320000000000000000
00dd37fa460025f005ba0
008197f7e700819008190
0025f7fa4600dd3005ba0
010320000000000000000
00dd37fa460025f005ba0
008197f7e700819008190
0025f7fa4600dd3005ba0
010320000000000000000
00dd37fa460025f005ba0
008197f7e700819008190
0025f7fa4600dd3005ba0
0184b8000000819000000
00dd37f22d0025f7fda10
000007f7e700000008190
0025f0025f00dd300dd30
010320000000000000000
00dd37fa460025f005ba0
008197f7e700819008190
0025f7fa4600dd3005ba0
0184b8000000819800000
00dd37f22d0025f7fda08
000007f7e700000008190
0025f0025f80dd300dd30
010320000000000000000
00dd37fa460025f005ba0
008197f7e700819008190
0025f7fa4600dd3005ba0
0184b0000000819000000
00dd37f22d0025f7fda10
000007f7e700000008190
0025f0025f00dd300dd30
010320000000000000000
00dd37fa460025f805ba0
008197f7e700819008190
0025fffa4600dd3005ba0
010320000000000000000
00dd37fa460025f005ba0
008197f7e700819008190
0025f7fa4600dd3005ba0
010320000000000000000
00dd37fa460025f005ba0
008197f7e700819008190
0025f7fa4600dd3005ba0
0184b0000000819000000
00dd37f22d0025f7fda10
000007f7e700000008190
0025f0025f00dd300dd30
010320000000000000000
00dd37fa460025f005ba0
008197f7e700819008190
0025f7fa4600dd3005ba0
010320000000000000000
00dd37fa460025f005ba0
008197f7e700819008190
0025f7fa4600dd3005ba0
010320000000000000000
00dd37fa460025f005ba0
008197f7e700819008190
0025f7fa4600dd3005ba0
0184b0000000819000000
00dd37f22d0025f7fda10
000007f7e700000008190
0025f0025f00dd300dd30
010320000000000000000
00dd37fa460025f005ba0
008197f7e700819008190
0025f7fa4600dd3005ba0
010320000000000000000
00dd37fa460025f005ba0
008197f7e700819008190
0025f7fa4600dd3005ba0
010320000000000000000
00dd37fa460025f005ba0
008197f7e700819008190
0025f7fa4600dd3005ba0
0143e800000040c800000
00c347f3cc0019f7fe610
000007f63a00000001ad0
7fefeffefe80360803608
0040c800000040c800000
00360ffc9fffefe801018
000007fe5300000009c60
0019f0019f00c3400c340
0143f000000040d000000
00c347f3cc0019f7fe610
000007f63a00000001ad0
7fefeffefe80360803608
0040c800000040c800000
00360ffc9fffefe801018
000007fe5300000009c60
0019f0019f00c3400c340
0143f000000040d000000
00c347f3cc0019f7fe610
000007f63a00000001ad0
7fefeffeff00360803610
0040d000000040d000000
00360ffc9f7fefe801010
000007fe5300000009c60
0019f0019f00c3400c340
010320000000000000000
00c347f7d90019f0026d0
0040cff63a0040c801ad0
7fefeffaf200360fff540
000000000000000000000
00360800ac7fefe8050e0
0040cffe530040c809c60
0019f7fd9300c34008270
0143e800000040c800000
00c347f3cc0019f7fe610
000007f63a00000001ad0
7fefeffefe80360803608
0040c800000040c800000
00360ffc9fffefe801018
000007fe5300000009c60
0019f0019f00c3400c340
010320000000000000000
00c347f7d90019f0026d0
0040cff63a0040c801ad0
7fefeffaf200360fff540
000000000000000000000
00360800ac7fefe8050e0
0040cffe530040c809c60
0019f7fd9300c34008270
0143e800000040c800000
00c347f3cc0019f7fe610
000007f63a00000001ad0
7fefeffeff00360803610
0040c800000040c800000
00360ffc9f7fefe801010
000007fe5300000009c60
0019f0019f00c3400c340
010320000000000000000
00c347f7d90019f0026d0
0040cff63a0040c801ad0
7fefeffaf200360fff540
000000000000000000000
00360800ac7fefe8050e0
0040cffe530040c809c60
0019f7fd9300c34008270
0143f000000040d000000
00c347f3cc0019f7fe610
000007f63a00000001ad0
7fefeffefe80360803608
0040c800000040c800000
00360ffc9fffefe801018
000007fe5300000009c60
0019f0019f00c3400c340
0143f000000040d000000
00c347f3cc0019f7fe610
000007f63a00000001ad0
7fefeffeff00360803610
0040d000000040d000000
00360ffc9f7fefe801010
000007fe5300000009c60
0019f0019f00c3400c340
0143e800000040c800000
00c347f3cc0019f7fe610
000007f63a00000001ad0
7fefeffefe00360803610
0040c800000040c800000
00360ffc9f7fefe801020
000007fe5300000009c60
0019f0019f00c3400c340
010320000000000000000
00c347f7d90019f0026d0
0040cff63a0040c801ad0
7fefeffaf200360fff540
000000000000000000000
00360800ac7fefe8050e0
0040cffe530040c809c60
0019f7fd9300c34008270
0143e800000040c800000
00c347f3cc0019f7fe610
000007f63a00000001ad0
7fefeffefe80360803608
0040c800000040c800000
00360ffc9fffefe801018
000007fe5300000009c60
0019f0019f00c3400c340
010320000000000000000
00c347f7d90019f0026d0
0040cff63a0040c801ad0
7fefeffaf200360fff540
000000000000000000000
00360800ac7fefe8050e0
0040cffe530040c809c60
0019f7fd9300c34008270
0143e800000040c800000
00c347f3cc0019f7fe610
000007f63a00000001ad0
7fefeffefe80360803608
0040c800000040c800000
00360ffc9fffefe801018
000007fe5300000009c60
0019f0019f00c3400c340
010320000000000000000
00c347f7d90019f0026d0
0040cff63a0040c801ad0
7fefeffaf200360fff540
000000000000000000000
00360800ac7fefe8050e0
0040cffe530040c809c60
0019f7fd9300c34008270
0143f0000000000000000
00ae57f2b90014f001130
7fe217f699001df7ffa10
7fecd7ff5c000327ffa30
003757fe91800980016e8
001397fbf800227800a70
7ff3a7fed7800c67ff7b8
001c38002cfffdb801728
002067fdf980206002068
7ffdbffe8d801c3fffd38
000c600084fff3a001288
00227fff5900139004080
000987fe91803750016e8
000320005d7fecd000a40
001df0005f7fe21009670
0014f7feed00ae500d470
012388000000206800000
00b4aff4b6000e9fff160
000007f5d300000000670
7fdad7fdad00152001520
002068000000206800000
002e87fd1800078fff870
000007fcf8800000015a8
7ffc7fffc7801d7801d78
002068000000206800000
001d7ffe28fffc7800388
000007fea580000003078
0007880079002e8002e80
002068000000206800000
001527feae7fdad002530
000007ff990000000a2d0
000e9800ea00b4a80b4a0
012380000000206000000
00b4aff4b6000e9fff160
000007f5d300000000670
7fdad7fdad00152001520
002060000000206000000
002e87fd1800078fff870
000007fcf8800000015a8
7ffc7fffc7801d7801d78
002060000000206000000
001d7ffe28fffc7800388
000007fea580000003078
0007880079002e8002e80
002060000000206000000
001527feae7fdad002530
000007ff990000000a2d0
000e9800ea00b4a80b4a0
012380000000206000000
00b4aff4b6000e9fff160
000007f5d300000000670
7fdad7fdad00152001520
002060000000206000000
002e87fd1800078fff870
000007fcf8800000015a8
7ffc7fffc7801d7801d78
002060000000206000000
001d7ffe28fffc7800388
000007fea580000003078
0007880079002e8002e80
002060000000206000000
001527feae7fdad002530
000007ff990000000a2d0
000e9800ea00b4a80b4a0
0143f0000000000000000
00ae57f2b90014f001130
7fe217f699001df7ffa10
7fecd7ff5c000327ffa28
003757fe91000978016f0
001397fbf800228000a78
7ff3a7fed7800c67ff7b8
001c38002cfffdb801728
00206ffdf980206802068
7ffdbffe8d801c3fffd38
000c600084fff3a001288
002287ff5880139004080
00097ffe91003750016f0
000320005dffecd000a40
001df0005f7fe21009670
0014f7feed00ae500d470
012380000000206000000
00b4aff4b6000e9fff160
000007f5d300000000670
7fdad7fdac80152001518
002060000000206000000
002e87fd1800078fff870
000007fcf8800000015a8
7ffc7fffc7801d7801d78
002060000000206000000
001d7ffe28fffc7800388
000007fea580000003078
0007880079002e8002e80
002060000000206000000
001527feaeffdad002538
000007ff990000000a2d0
000e9800ea00b4a80b4a0
012380000000206000000
00b4aff4b6000e9fff160
000007f5d300000000670
7fdad7fdad00152001520
002060000000206000000
002e87fd1800078fff870
000007fcf8800000015a8
7ffc7fffc7801d7801d78
002060000000206000000
001d7ffe28fffc7800388
000007fea580000003078
0007880079002e8002e80
002060000000206000000
001527feae7fdad002530
000007ff990000000a2d0
000e9800ea00b4a80b4a0
012380000000206000000
00b4aff4b6000e9fff160
000007f5d300000000670
7fdad7fdad00152001520
002060000000206000000
002e87fd1800078fff870
000007fcf8800000015a8
7ffc7fffc7801d7801d78
002060000000206000000
001d7ffe28fffc7800388
000007fea580000003078
0007880079002e8002e80
002060000000206000000
001527feae7fdad002530
000007ff990000000a2d0
000e9800ea00b4a80b4a0
0133c0000000103000000
00a837f331000627ff880
7fe12ff64f0000e8004a0
7fdf3ffee8000d9800740
002aa7fee5800cb7ffac0
001357fc04800047fff38
7fec5ffe2900074800ae0
000ba00012001098001a0
001ba7fe458004c7ffb40
7ffcd7fdfb0000e800928
7ffd37ffe2000f3000a28
00165fff94000c27ffc50
000af7fe597ffe9000380
7ffa87ff5c0008a001010
000bd0002580122000398
00127fff0e00027fffdf0
000007fefd00000001030
000278002100127800f20
001227ffc6800bd7ffda8
0008a7feff7ffa8000a40
7ffe97ffc8000af001a70
000c20003b001658006c0
000f37ff5dfffd30001e0
0000efff6dfffcd002050
0004c0004c001ba001ba8
00109fffe6000ba7ffee0
00074fff527fec5801d70
000040000c80135003fb8
000cb00054002aa0011a8
000d9fff8c7fdf3801180
0000efffb67fe12809b10
000620007800a8300ccf0
012380000000000000000
00ab67f42f00094800870
7ff027f5ec000fe7ffe70
7fd63ffe1000049fff9d0
001f27ff9d00014000630
0020d7fc94800db000838
7ff28ffd3a000d7fffbf0
7ffbc7ffe00000bfffe80
001ba7ff490004c000b70
000cb7fdc88010c800600
7ff707fef2800907ffb30
0008e000247ffea800550
001667ff11000a0000ef0
000387fe840011a0002a0
7ffcdfffc280032fffd68
000f50000c7fff5000de0
001037fefd00103001030
7fff57ff22000f57fff40
0003280029fffcd8003d8
0011a7ffd6000380017c0
000a07ff1100166000ef0
7ffeafffab0008e7ffdc0
000900004d7ff700010d8
0010cfffa0000cb002378
0004c7ff49001ba000b70
0000b800187ffbc000200
000d7800417ff28802c60
000db7ff7c8020d0036b8
000147ff9d001f2000630
00049800637fd63801f00
000fe000197ff0200a140
00094fff7900ab600bd10
0133b8000000103800000
00a837f331000627ff880
7fe12ff64f0000e8004a0
7fdf3ffee7800d9800748
002aa7fee5800cb7ffab8
001357fc04800047fff38
7fec5ffe2900074800ae0
000ba00012001098001a0
001baffe458004c7ffb40
7ffcd7fdfb0000e800928
7ffd37ffe2000f3000a28
001667ff94000c27ffc50
000af7fe597ffe9000380
7ffa8fff5c00089801018
000bd0002580122000398
00127fff0e00027fffdf0
000007fefd00000001030
000278002100127800f20
001227ffc6800bd7ffda8
00089ffefefffa8800a40
7ffe97ffc8000af001a70
000c20003b001660006c0
000f37ff5dfffd30001e0
0000efff6dfffcd002050
0004c0004c001ba801ba8
00109fffe6000ba7ffee0
00074fff527fec5801d70
000040000c80135003fb8
000cb00054802aa0011a8
000d9fff8bffdf3801188
0000efffb67fe12809b10
000620007800a8300ccf0
012380000000000000000
00ab67f42f00094800870
7ff027f5ec000fe7ffe70
7fd63ffe1000049fff9d0
001f27ff9d00014000630
0020d7fc94800db000838
7ff28ffd3a000d7fffbf0
7ffbc7ffe00000bfffe80
001ba7ff490004c000b70
000cb7fdc88010c800600
7ff707fef2800907ffb30
0008e000247ffea800550
001667ff11000a0000ef0
000387fe840011a0002a0
7ffcdfffc280032fffd68
000f50000c7fff5000de0
001037fefd00103001030
7fff57ff22000f57fff40
0003280029fffcd8003d8
0011a7ffd6000380017c0
000a07ff1100166000ef0
7ffeafffab0008e7ffdc0
000900004d7ff700010d8
0010cfffa0000cb002378
0004c7ff49001ba000b70
0000b800187ffbc000200
000d7800417ff28802c60
000db7ff7c8020d0036b8
000147ff9d001f2000630
00049800637fd63801f00
000fe000197ff0200a140
00094fff7900ab600bd10
012ba0000000082000000
00a517f36e800327ffc28
7fe0cff630000060001f0
7fd8b7feb000069000380
0023ffff118006afffd40
0012f7fc1a000067ffeb0
7fe94ffde000031000490
0003780005800828000c8
001867fe7a000347ffcc0
7ffc97fdd180004000298
7ff6afff9c00068800460
000f97ffb50006cfffdf0
000aa7fe66000057fff30
7ff797ff050002f000570
000378000b000858001a8
000f2fff39000357ffd50
000007fec700000000360
7ffbe7ffca0006a000570
000b17ffdd000717ffe98
000887ff02000027fffd0
7ffbdfff5f0002b800690
00037000110008b0002a0
000bdfff8180035fffdc0
000157ff297fff9000450
7ffe07ffe00006c0006c0
000927fff200077ffff40
000797ff4b7fffc000070
7ffdd7ff8c00027000808
0003700016800940003d8
000a37ffa900036fffe30
000207ff5e7ffee000580
7fff17ffee80071000898
000818000000081800000
000717ff76ffff1000118
7ffee7ffa800020000a20
000368001d000a3000570
000947ffc2800377ffe98
000277ff7ffffdd000740
7fffc7fff900079000b50
000778000c000920000e0
0006c7ff947ffe0000200
7fff97ffbb00015000d70
0003580024000bd8007e8
0008b7ffd6000377ffef0
0002bfff977ffbd800a10
000020000300088000fe0
0007100016800b1000230
0006a7ffa97ffbe000360
000007ffca00000001390
000350002b000f2800c70
00085fffe580037ffff50
0002f7ffa97ff79000fb0
000050000d000aa0019a0
0006c80021000f90004b0
00068fffba7ff6a800640
000047ffd6fffc90022e8
000340003400186001860
00082ffff380037ffffa8
000317ffb77fe94802200
00006000150012f003e60
0006a8002c0023f800ee8
000697ffc87fd8b001500
000067ffe17fe0c809d00
000320003d80a5100c918
012ba0000000082000000
00a517f36e800327ffc28
7fe0cff630000060001f0
7fd8b7feaf80069000380
0023ffff118006afffd40
0012f7fc1a000067ffeb0
7fe94ffde000031000490
0003780005800828000c8
00186ffe7a000347ffcc0
7ffc97fdd180004000298
7ff6afff9c00068800460
000f97ffb50006d7ffdf0
000aa7fe66000057fff30
7ff79fff050002f000570
000378000b000858001a8
000f2fff39000357ffd50
000007fec700000000360
7ffbe7ffca0006a000570
000b17ffdd000717ffe98
000887ff0180001ffffd0
7ffbdfff5f0002b800690
00037000110008b0002a0
000bdfff8180035fffdc0
000157ff297fff9000450
7ffe07ffe00006c0006c0
000927fff200077ffff40
000797ff4b7fffc000070
7ffdd7ff8c00027000808
0003700017000940003e0
000a37ffa900036fffe30
000207ff5e7ffee000580
7fff17ffee80071000898
000820000000082000000
000717ff76ffff1000118
7ffee7ffa800020000a20
000368001d000a3000570
000947ffc2000377ffe90
000277ff7ffffdd000740
7fffc7fff900079000b50
000778000c000920000e0
0006c7ff947ffe0000200
7fff97ffbb00015000d70
0003580024000bd8007e8
0008b7ffd6000377ffef0
0002bfff977ffbd800a10
000018000300088000fe8
0007100016800b1000230
0006a7ffa97ffbe000360
000007ffca00000001390
000350002b000f2800c70
00085fffe580037ffff50
0002f7ffa97ff79800fb0
000050000d000aa0019a0
0006d00021000f90004b0
00068fffba7ff6a800640
000047ffd6fffc90022e8
000340003400186801860
00082ffff380037ffffa8
000317ffb77fe94802200
00006000150012f003e60
0006a8002c0023f800ee8
000697ffc87fd8b001508
000067ffe17fe0c809d00
000320003d80a5100c918
012ba0000000000000000
00a297f34e80028000200
7fdcf7f63e0003d7fff20
7fd7fffec70000bfffe90
00232ffef60000d0001c0
000f17fc0b0003e0000f0
7fe6effdfd800267ffe28
000378000100000000050
0015cffe5800029800220
7ff8cffdde0003cffff30
7ff60fffb00000a7ffec0
000eafff950000e800200
0006b7fe560003f000100
7ff557ff20800247ffe48
0003800001000000000a0
000c6fff140002c000250
7ffc47fed30003c7fff40
7ffb67ffda000087fff00
000a17ffb900010000240
00047ffef100040800110
7ff9bfff78000227ffe70
00037800027ffff8000f0
0008ffff5a0002e000280
7ffda7ff340003b7fff50
7ffda7ffeb800067fff48
000817ffc900011000290
000377ff3900042000120
7ffbd7ffa3000207ffe90
00038000037ffff000140
000737ff7e000300002b0
7ffe5fff680003affff60
7ffed7fff6000047fff88
0006f7ffd2000130002e0
0002e7ff6300043000138
7ffd07ffbd0001e7ffeb0
00038000037fffe8001a0
000617ff94800330002e0
7ffed7ff890003a7fff70
7fffa7fffc000027fffd0
000637ffd880014800338
000277ff7f00045000150
7ffddfffce0001bfffed0
00038000047fffd800200
00055fffa400035800320
7fff27ff9f8003a7fff78
0000300001fffff000018
0005b7ffdd00016000398
000237ff9280047000168
7ffe77ffdb000197ffef0
0003800004ffffd000268
0004d7ffaf80039000360
7fff5fffb080039ffff88
00009800067fffb800070
000557ffe080018000408
0001f7ffa200049800180
7ffee7ffe5000167fff20
0003880005ffffb8002e8
000467ffb88003c0003b0
7fff87ffbe000397fff90
0000e000097fff80000c0
000507ffe30001a000490
0001cfffad8004c8001a8
7fff47ffed000127fff40
0003800006ffffa000370
000417ffbf00041000410
7fffa7ffc9000387fff98
000120000c7fff4000130
0004cfffe58001c800528
0001a7ffb7000500001d0
7fff87fff40000e7fff70
00039000077fff8000420
0003c7ffc500046000478
7fffbfffd180038ffffa8
000160000e7ffee0001b0
00049fffe80001f0005e0
000187ffbf800550001f8
7fffbffff900009ffffa0
0003980007ffff58004f8
000397ffca0004d000508
7fffd7ffd9800387fffb8
00019000117ffe7000250
000477ffe9800230006d8
000167ffc68005b000230
7ffff7fffe800037fffe8
0003a00008ffff2000608
00035fffce000558005c0
7fffdfffe0000387fffc0
0001b800137ffdd800320
000457ffeb00027000810
00014fffcc80063000278
00002000037fffa000040
0003a000097ffed000770
000337ffd2000610006b8
7fffefffe6000387fffd0
0001e000157ffd0000430
000437ffec8002e0009d0
000137ffd20006f0002e0
0000400007fffed0000a0
0003a8000a7ffe5800980
000307ffd500073000820
7ffff7ffec000387fffd0
00020000177ffbd0005d0
000427ffee00037000c70
000117ffd700081000370
000060000bfffda000148
0003b0000b7ffda000cc0
0002e7ffd80008f800a60
7ffffffff100037ffffe0
00022000197ff9b800880
00040fffef000478010f0
000107ffdc000a1000470
00008000107ffb6000260
0003c0000c7ffc40012d0
0002c7ffdb000c6800ec0
000007fff6000387ffff0
000240001bfff55000df8
0003f7fff00006b001aa0
0000efffe0000ea8006b0
0000a000147ff60800500
0003c8000d7ff8c802220
00029fffde0015c801a80
000007fffb00037fffff0
000260001dffe6e802028
0003e7fff1000f1003f50
0000d7ffe4002328010a0
0000b800177fd7f801390
0003d0000e7fdcf009c20
000287ffe000a2900cb18
01e8c00aca81e8c00aca8
7ed4f01a787ed4f01a780
009d681edf009d681edf0
000000000000000000000
7e9757e8befe9757e8be8
000000000000000000000
004f0fdffc004f0fdffc0
000000000000000000000
7ee8401b467ee8401b460
7ea7f7e7c47ea7f7e7c40
7dfb380283fdfb3802838
000000000000000000000
01bcb7ef5c01bcb7ef5c0
000000000000000000000
01e0a80c2201e0a80c220
000000000000000000000
00a8201ea300a8201ea30
7dfa7001ca7dfa7001ca0
7edeb01adf7edeb01adf0
000000000000000000000
0043bfdfe58043bfdfe58
000000000000000000000
01c2cff00001c2cff0000
000000000000000000000
7dfc18033afdfc18033a8
000000000000000000000
7e9f97e83e7e9f97e83e0
000000000000000000000
01e4d00b7801e4d00b780
000000000000000000000
0092201f168092201f168
000000000000000000000
016d201703016d2017030
7e3aa00faf7e3aa00faf0
7fb6a020137fb6a020130
000000000000000000000
7f5d37e1407f5d37e1400
000000000000000000000
012617e552012617e5520
000000000000000000000
7e463010f07e463010f00
000000000000000000000
7e1d4ff4327e1d4ff4320
000000000000000000000
020457fd22820457fd228
000000000000000000000
015c3017ff015c3017ff0
000000000000000000000
7fc22020287fc22020280
7e21b7f3887e21b7f3880
7e403010537e403010530
000000000000000000000
011c87e4ec011c87e4ec0
000000000000000000000
020547fdd8020547fdd80
000000000000000000000
7e1927f4e2fe1927f4e28
000000000000000000000
7f6847e1097f6847e1090
000000000000000000000
0164b017808164b017808
000000000000000000000
7fab481ff37fab481ff30
000000000000000000000
01b5d0115481b5d011548
7e7e1015a17e7e1015a10
002ae02049002ae020490
000000000000000000000
7ef387e44c7ef387e44c0
000000000000000000000
00bfb7e1e600bfb7e1e60
000000000000000000000
7e8de016ac7e8de016ac0
7f079fe394ff079fe3948
7dff57fb3cfdff57fb3c8
000000000000000000000
01eceff5fd81eceff5fd8
000000000000000000000
01a910128901a91012890
000000000000000000000
0036b020370036b020370
7e0147fa84fe0147fa848
7e85f01627fe85f016278
000000000000000000000
00b4bfe1a200b4bfe1a20
000000000000000000000
01f04ff6ad01f04ff6ad0
000000000000000000000
7dfdbffbf57dfdbffbf50
000000000000000000000
7efd5fe3ecfefd5fe3ec8
000000000000000000000
01afb011f201afb011f20
000000000000000000000
001fb02054001fb020540
000000000000000000000
0111901b840111901b840
7e0de008f97e0de008f90
7f46001e3a7f46001e3a0
000000000000000000000
7fcf47dfbe7fcf47dfbe0
000000000000000000000
017e37ea1d817e37ea1d8
000000000000000000000
7e14d00a577e14d00a570
000000000000000000000
7e5377edc67e5377edc60
000000000000000000000
020180046602018004660
000000000000000000000
00fd901c4000fd901c400
000000000000000000000
7f50b01e7cff50b01e7c8
7e5a37ed2bfe5a37ed2b8
7e111809a87e111809a80
000000000000000000000
017637e993017637e9930
000000000000000000000
01ffb0051e01ffb0051e0
000000000000000000000
7e4d47ee5e7e4d47ee5e0
000000000000000000000
7fdac7dfaeffdac7dfae8
000000000000000000000
0107a01be40107a01be40
000000000000000000000
7f3b501df77f3b501df70
000000000000000000000
005ed812a10189eff8290
01c8200ebe0020a7fc0d0
004eb00f6f804eb00f6f8
004eb00f6f804eb00f6f8
7f4baff45f7f4baff45f0
7f4baff45f7f4baff45f0
002787effe002787effe0
002787effe002787effe0
7ec818018500202819c10
7eb240186380360002e28
7efda001427efda001420
7efda001427efda001420
00de5ff7ae00de5ff7ae0
00de5ff7ae00de5ff7ae0
00f050061100f05006110
00f050061100f05006110
7f514810368156d80e6c8
0062601f7e0045c7ff250
7f6f580d6fff6f580d6f8
7f6f580d6fff6f580d6f8
0021e7eff30021e7eff30
0021e7eff30021e7eff30
00e167f80000e167f8000
00e167f80000e167f8000
7efe10019d7efe10019d0
7efe10019d7efe10019d0
7f4fcff41f7f4fcff41f0
7f4fcff41f7f4fcff41f0
00f26805bc00f26805bc0
00f26805bc00f26805bc0
0049100f8b0049100f8b0
0049100f8b0049100f8b0
7fd3e0135901994003aa0
01340819ac80391ffd568
7fdb501009ffdb5010098
7fdb501009ffdb5010098
7fae9ff0a07fae9ff0a00
7fae9ff0a07fae9ff0a00
00930ff2a900930ff2a90
00930ff2a900930ff2a90
7f231808787f231808780
7f231808787f231808780
7f0ea7fa197f0ea7fa190
7f0ea7fa197f0ea7fa190
01022ffe9101022ffe910
01022ffe9101022ffe910
00ae180bff80ae180bff8
00ae180bff80ae180bff8
7ef1e809d800d03816500
7f7d501f068044d001218
7f20180829ff201808298
7f20180829ff201808298
008e47f276008e47f2760
008e47f276008e47f2760
0102a7feec0102a7feec0
0102a7feec0102a7feec0
7f0c97fa717f0c97fa710
7f0c97fa717f0c97fa710
7fb427f084ffb427f0848
7fb427f084ffb427f0848
00b2580bc000b2580bc00
00b2580bc000b2580bc00
7fd5a00ff9ffd5a00ff98
7fd5a00ff9ffd5a00ff98
0019f0137b019be7fdda0
0187f014ba002de7fc9b0
001570102480157010248
001570102480157010248
7f79c7f2267f79c7f2260
7f79c7f2267f79c7f2260
005fdff0f3005fdff0f30
005fdff0f3005fdff0f30
7ecac7fd207fc320198c0
7e63901319002a5003930
7effaffd9e7effaffd9e0
7effaffd9e7effaffd9e0
00f677faff00f677faff0
00f677faff00f677faff0
00d488094480d48809448
00d488094480d48809448
7f1bf80d5e011ab812d90
7fef80201180473000258
7f42f80b147f42f80b140
7f42f80b147f42f80b140
005a67f0d1005a67f0d10
005a67f0d1005a67f0d10
00f827fb5680f827fb568
00f827fb5680f827fb568
7efee7fdfafefee7fdfa8
7efee7fdfafefee7fdfa8
7f7eb7f1f67f7eb7f1f60
7f7eb7f1f67f7eb7f1f60
00d7d808f900d7d808f90
00d7d808f900d7d808f90
000fd8102a000fd8102a0
000fd8102a000fd8102a0
7f8fb8123e8181d809458
00d0901d53004107fe310
7fa3000f1d7fa3000f1d0
7fa3000f1d7fa3000f1d0
7fe7a7efdf7fe7a7efdf0
7fe7a7efdf7fe7a7efdf0
00bf1ff50f00bf1ff50f0
00bf1ff50f00bf1ff50f0
7f0a68052bff0a68052b8
7f0a68052bff0a68052b8
7f29bff6e37f29bff6e30
7f29bff6e37f29bff6e30
0100c002330100c002330
0100c002330100c002330
007ec80e20007ec80e200
007ec80e20007ec80e200
7ed57005d4007b4018a88
7f11b01c6d003f0002100
7f089004d47f089004d40
7f089004d47f089004d40
00bb1ff4c980bb1ff4c98
00bb1ff4c980bb1ff4c98
00ffd8028f00ffd8028f0
00ffd8028f00ffd8028f0
7f26a7f72f7f26a7f72f0
7f26a7f72f7f26a7f72f0
7fed67efd77fed67efd70
7fed67efd77fed67efd70
0083d00df20083d00df20
0083d00df20083d00df20
7f9da80efbff9da80efb8
7f9da80efbff9da80efb8
0056c0110800081001990
0157300b170070f003a70
014077f99f00497ffe8a0
004bd7f6d47fd4d005390
7fb997f22eff921002308
7f5947f3a77ff27000b80
7f25c7f8f38025e7fb6b8
7f3d57fef9000e5ff5660
7ee2e00163ffe54000218
7f04e012597fad60060a0
001a2014f380060004cd8
007d7806b57fb88ffc2d8
00e757fedffff707f8ce8
00e677f8ad7ff7e7ff010
009fb7f454803ea003598
003c8ff46280a1d0034b8
7f60500ed37ff0f801638
004a1017b100185007cd0
0116e80bbb803ff002b10
00a207fe057fa3c001200
0081a7f3f9ffa047fbf98
003367f02affee87ffc88
7fd0f7f0ee8050f7ff048
7f9407f5d3008de7fa200
7f26f7fade7fd72006bf0
7efd880080000088011d0
7f200006507fde17fb4d0
7f7a2008e6ff83f7f8b68
009dc00aa38054b7fb188
00eaf006bf800777fefc8
00f5900095fffce005268
00b757fbc2003b2009fa0
7fd79811b17ffc4801a80
00e7c01351004c40065b0
014cf002fa804c5000af8
008447f9cf7fb4e003870
0020d7f1a4ff8dcffefb8
7fbfd7f0597feec800470
7f6c97f3b8004207fce80
7f57e7f9c80056c7f6d80
7f18e00148800a40072f8
7f1ad0077b00084800fd0
7f62500bc77fc0c7fcb10
7fc5800ba87f5d9ffcd00
00d8200548002a0ff9490
010287ffadffffaffee38
00e117f9d800211804b90
008767f732007ac0075f0
7f090009017fe8e800d70
7f9db01758ffdfa007ae0
00a96812270026d004290
009fc002a0ffa517fe810
00c877f8b17fc5d7f9c50
009c7ff322fff1cfff538
003e87f126004fc001500
7fe59ff3e580a8affe908
7f605ff57b7fac3804f60
7f13e7f96cfff8b001048
7f0a77ff97800227fad98
7f4988045f7fc30ff6120
0044000ddd006e67fde30
00a4900c75800dcfff4a8
00d8f807337fd960048d0
00c280012a7fefd00a960
0017b011d000024001ab0
0126e00f9900611005210
014f17fe41804cd7ff988
006ab7f81f7fc330047c0
7fecd7f18cff8cf000998
7f89a7f1a2fff02000838
7f447ff61400354ffc120
7f45dffc470033eff5df0
7ee537fd5f7fe597ffc10
7ec9b00e5f7f99e004ba0
7fce8014c97ff4a004c30
006250084b7fc807fb480
00e58002220010f7f8dd0
00facffc147ffbaffeeb0
00c567f6db00311004240
006487f5868091f005788
7f2f780c397fec8001250
7ff39018217ffbf007f10
00e6000f550034c003840
00a5180055ffa21fffd00
00a947f6147fb127fabd0
006a97f1477fefd7ff8a0
0007e7f0a780528000298
7fbb1ff493009f4ffc3e0
7f3ecff7f87fc01806020
7f0257fce27ffc9001188
7f0f2003087fefc7faf30
7f5dc006cfffa127f72b0
0073d80c91806407fc678
00ccf809da000ae7ff1f0
00ed4003fe7feaa004fb0
00c1c7fe6c0016100a8d0
7f996010ae7ff66001910
009ce0160f8033b007438
0139d0078b00480001bb0
0096e7fbcf7faa2002620
005367f2777f9447fd680
7ff987efd87fee2000070
7f9c4ff1f7004b5ffde80
7f7267f795007547f84a0
7f1a17fe077ff05807240
7f05e0041900048001128
7f3c5009487fce27fbe38
7f9d680a8b7f6d07faa10
00bfc00829804107fa098
00fd20034b0003a7fee80
00f167fd23000f6005100
00a377f94e005d5008e50
7eef0005547fe67000800
7f4cb015637fc500070a0
006440141000170004990
00925004cb7facb7fd450
00dd7ffbac7fdda7f91d0
00c67ff5a57ff4a7ff248
007207f26600491002638
001197f3d600a98800f38
7f8a07f3837f9ca003ac0
7f3157f64a7ff55000e50
7f120ffc2c80149ffb028
7f3e8001b7ffe827f5778
0010c00e77007317ff7b0
0073e00e71000ff7ff810
00b9c00a0c7fca1003e60
00b97003d97fca600a190
000828019b004e980f6d0
0038c001d6011e7009410
002b37ff24011547fa7b0
7ff91000d68052c7f5fd8
001590043c7ff287fd5d0
004060021480309001928
7ffd70000d004c0ffe7d0
7fc3500756001187fde30
7fe5180021fefdc801420
7fd67803097f2e680f500
00038002d20016a012210
7ff47fff6200890007530
7fb9100059002c37ffc90
7fd0e003727fdc8002980
7fffd7ffd500063004f80
7f9ba7faa2001cf0018c0
7ff0f801667f6f580d6d0
000c4803eb003dc813c60
002590019400f1500a270
7ff120002e00b0e7fdd70
7fd84803b00018b7fdb40
000de80472800a68035a8
7ffdd7ffe780422002c98
7f7e58019480256fff8b8
7fe25802c17f449ff81d0
7ffff0008f7efd97fff10
7fea27fdf07f35e008600
7fc0cffe58ffb9580a8e0
7fc45000ba0012d006050
7ff758008900093000940
000d47fbe67fd0d7ff670
7fc537f70affbec001ac0
7ffc3001ab7fdb6010060
002650033200c170101f0
002ce0006801201002930
7ff4000091809047f93d8
7ff600046600064ffd420
002b78039f0020c802bc0
7ffd57fffa804f0000b50
7f965004f5001e97fe920
7ff88003487f2067fe000
0003d000807f170006fb0
7fddeffebd7f84680d0a0
7fbb90003c0009f00b6c0
7fcf680247803ad804e80
7ffc0000b7800c4800458
7fef67fbf27fd16000bf0
7f8caff988ffd0f003478
7fe8b800d97f204808280
7fefc003dc7fadf0137d0
0016c802720092a00fb50
7ff167ffc280ae6002de0
7fc2a0023d002657fe9a0
7fed9004617ff210034d0
7ffea7ffda802830044e8
7f8047fde60024d0009b0
7fd23001ac7f8e37f3cf0
7ffc1800807f17cff8ed0
7ffaaffd8c7f0fc8020b8
7fd297fccb7f76f007940
7fc537ff087fe70005ee0
7ff478003f00043800c58
00287ffcab7fd9affe2e0
00096ff6577fb9a7ffbb0
00024001ae00157010220
0030c8029400f6180d050
002d27ffc38121f7fe7e0
7ff63000b9007487f7660
0005f0046e7ffc57fd3d0
00376002ed0029b002340
7ffd580002804f7fff960
7faaa0064d001897fe2f0
7fe55fffc0feffdffd9e8
7fccb002607efd000bff0
7ff95002cc7fd53011fd0
7ff6ffff3d806b58090d8
7fb9b7ff59002be000680
7fc5c002b27fd42002080
000067ffd57ff44004ee0
7fb157f95e0016b001ea0
7fec600126ff43200b128
7ffdf003fd7ff5a014240
001ef8021100c7080d440
7ff0effff800b430005d0
7fcc28030980205ffe1b8
7ffda804877ffe48036a0
7ffe27ffe10036a003a30
7f7bffffbd00262000130
7fd95002457f657ff5b30
7ffe00008aff0457fc578
7ff20ffdaf7f1d1805590
7fc84ffd82ff9578094d0
7fc34fffe17ffcd006210
7ff5b000670006e000b18
001ba7fc307fd427fec30
7fe6b7f6727fba7000b90
7ff6600192ffa3000f1b8
0019f803a50082e8126a8
002a400103010f9006880
7ff220006200a4c7fb6d0
7fe6700426800ff7fd6a8
001d780424801638031f0
7ffd87fff1004a8001ca0
7f8750035a0022d7ff080
7fece803187f2d2ffaef0
0001f0008b7f03f0038e0
7fe357fe4bff59000afc8
7fbc87ff45ffe0f00b458
7fc878018a0027e0059a0
7ff97800a4000b08006e8
7ffe47fbd0ffcfe000130
7fa6a7f8177fc660028a0
7fe64000807f08c004d40
7fe25003897f6a6011da0
000d8002b40056c0115c0
7ff2a7ff90009fb0053b0
7fbc200153002a57ff2d0
7fde5804037fe6a803070
7fff37ffd70017d004c20
7f8af7fc2b0021c0011a0
7fcd6000fd7fbca7f2860
7ffa60006e7f36f7f5dc0
000387fd897f0e87fea40
7fdf37fc3e7f5f50057a0
7fca2ffe3dffd278056e8
7ff3f0001500016000d00
003377fd51ffe137fdb10
002bc7f6b67fbc67fec20
7ff6a000de00118800bd0
000cc002a9002c07ff2d0
001fd800d5000b5ffe4f0
7ff500005d000410007a0
7ff3b003cf0021e0006d0
002a000339001667fedc0
7ffd700000000000000d0
7fadc00638801590011d8
0031600fc8001d47ffa50
011bd0098f0002a7ffb20
010c4ff91e0008f8015d0
00340ff566801eb800970
7fe86ffdc8000a1fff950
00329000537ffe00013f8
003267fce00019a8019d0
7ffcfffe0200148fffe10
7fe9a80213800757ff528
000700023c00055001af0
0002600019002330017b0
7fd6f00080001a37ffae0
7fdb20036bfffd2000448
00082002990005d001d98
7fe327fec9001ab0011e8
7f732001b8000b37ffdc8
7f78900c927ff6c000db0
0037a011d000062001f60
00dd40094f00141000d80
00b247fdd37ffea000040
0027c7fc4f7ff0f001650
0003f0014700067002138
003508023c000d18008d8
003557ff5a7ff01800320
7ffa5802798001dfff318
0015d001d200108001600
0002d00007002a1000610
7fde98019200156fff000
7ff6b804147fff4800520
001960021d00121001820
7fdd87ffb1801fd000490
7f8d300562000927ff930
7fddb00f007ffdb001060
00ae380e85001338019a0
010810025c00180000370
00915ff930fffee8000d0
000a1ffb987ffc3001aa0
000c80010a80145001b18
003f500091000fb000240
002b87fdf77ff310009b0
7fdd700142800b47ff968
7ff6c002337ff90001a90
0001680027001560024b0
7fd797ff560019d0006c8
7fc7080213fffb9800298
7ff538028f7ff85801d20
7fee77fe1f00103001bb8
7f7547fdb8000b00002e0
7f2ea007a2fff1b000858
7fb620118d7ff7d001f00
0086600e66000c40014f0
00afb002e47ffeb7fffa0
003d8ffdc27fe8c800d80
7ffab001427ff760020b0
00204003740007f000da8
00348000dd7ff057ffbe0
7ff3d000b7000e7000f70
0002f002c4002ddfffd00
001c08014100111ffe828
7ff3f8003400023800850
7fe670038a001f8000e40
001d7003ba0019f7ff330
7ffd87fff67fffd8000c0
7f999804ea00110801630
7ff7b01012001dc000100
00f2700d470003afffbe0
011e27fd0a0003d001740
0058a7f665001be001010
7ff0f7fd81800b67ffbb8
00302001057ff990012f0
003c47fda800133801ee0
000427fe04001470002b0
7fe2d801b600098fff710
7ffed00245ffff2001b78
0001f00021001d0801f00
7fd63fffea801ab0000d8
7fcff002d17ffc4000380
7ffea002a57fff0001e20
7fe837fe698015f001778
7f7097ffb6800b7000068
7f4f280a5dfff3f800b50
7ff6a812247ffef802000
00b6700c29001090011b0
00b590005e7ffea7ffff0
0033fffcf57fec6001268
7fff60014d7ffef0021d0
002bd002ea000ad000b90
003650001b7fefd7fff80
7ff1a002550004c7ff3d0
000ec80214000b3001910
0002a8001000279800f30
7fd9c0010f801867ff528
7fe85003d97ffe20004e0
001130026b000c4801b90
7fdf87ff38801e0000b88
7f7ce003a5000a77ffb50
7fa8f80e24fffa0800f70
0075f01096000cf801d40
00f8f005fc0016a0008c0
00a607fb63fffec000098
001997fbd97ff66001920
0008700130800dc801ee8
003bb0016f800ed0005a8
0031a7fe9f7ff13000690
7fd9d000be800c77ffc18
7fef1002037ff34001860
0000d0002c000cb002880
7fdafffeca0017a800c60
7fc110013b7ffb1000180
7fec600257fff20001ab8
7ff5a7fdec00099001eb0
7f80e7fbd6000a1000550
7f189004857ff030004f0
7f794010147ff12001c60
004f880fe980073801728
00a0e805457ffecffff60
004407feacffe65000808
7ff66001277ff04801e00
00131003d00004c000f20
0030180192fff1afff878
7ff0200179000687ff650
000ba0026c000120003d0
0011400073000ea000620
7fe80000cb000d07ff920
7ff34803ed00006fffe20
00226002a30007a000960
7fed57ffff00102000010
7fa928069100049fffa70
002fe80f5400017800740
010db00916000e2000790
010187f965000ac7ffb90
0034b7f5467fff6000200
7fe08ffd098007e000be8
0023a0003b000ef000180
002fe7fd08000287ffd80
7ffbf7fd5080010800b18
0003580024000e3000990
002327ff570008e7ffd60
000de7fdeefffd8000608
7ffbcfff8080084800f98
001378003f000e68002e0
0016e7fed5ffff8000068
00000fff05fffff801078
0006600055000f3000c90
0016c7ffb9800687ffeb8
0008e7fef87ff9c000ba0
7fffe7fffb80091001618
001008004f000eb000480
00104fff547ff9d000410
0000c7ff92fffd4001ad0
000740007500126001280
001257ffe4000237fffd0
7febe001de000e70009b8
0008080208800dcfffc98
0002500014800087fff28
7fda6800d580043000bc8
7fe76803ae000f5000660
00119002580007d7ffc50
7fdf1fff5f7ffe6800530
7f8560048f8007d000d28
7fd0000ed3800db0002c8
00ac380e9c800207ffe88
01092001b07ffef000ac0
00867ff86f000ae000c10
000047fb978009d800008
000f2000dd7ffd60002e0
003de7ffa200017000ef0
001f37fd64000c5000930
7ffda7ff3f00043ffff30
0015d000d37ffab0008d0
0024f7ff4f80052001118
000a37feab000b3000550
0001b000427ffd9800100
0017b000897ffa6000f90
0016f7ff3e0008e0010b0
000237ff770006f0001c0
0006e000a57ff6d000610
0016a000377ffca001630
000cbfff5a000b4800dd0
7ffff0000e7ffeffffff0
000b6800b87ff0c800f20
00130ffff280014801bf0
00054fff9a800a6800898
000120007b7ff1f000200
7feb500136800887ff808
0002a8028400004800400
000f3000ae000ce000930
7fe5d00071000e37ffc30
7fe5a003a50000d7ffe50
001810030d00056000ad0
7fedd7ffbc000fb0003a0
7f93e805308005b7ffb98
7ff7f00f9bffffc000768
00e6700c9e000c0000a90
0112a7fd28000b87ffe20
0059b7f6487ffef0001d0
7febf7fcab80050000d60
0021f000b7800e30004d8
003947fdc5000307ffe30
000597fd537ffe9000b10
0002c0002f000bb000c80
0024a7ffd9800937fff68
0014f7fe2d7ffc3000558
7ffda7ff7400049001110
0012100083000d7000610
001a87ff2f7fff7000040
000397ff0c7ffc4001000
0005100069000c0000fa0
001720000c0006a000040
000c67ff1e7ff74800a00
7ffff7fffb0003e001790
000e880086000d58007b0
00124fff927ff918002a0
000237ff977ff76001980
000570008b800dc801628
001240002600023000050
7fe5b8018a000be800cb0
0000900217800e47fffc8
000200001c0000affff40
7fd858004980016800c60
7fdad8033f000d78009a0
0008c00288000877ffe30
7fe237feed7ffd50004b0
7f783002bc0004b000e90
7f9c380dc8800cc0005c0
0073a810a600024ffff00
00fc680558fffc8800a38
009e27fa808007e000e30
001007fbb500099000240
000ba0010d7ffcd000240
003da00081fffe1000ee0
0027b7fde40009f000bb0
000077ff3b00045000020
001258011b7ff8d800760
002677ffd7000130011c0
000eb7fed78009b0007b0
0000b000477ffd7000070
00153800dafff71000de8
00191fff940004e801240
000417ff8100066000340
00046000b97ff5b0003e0
00154000867ff7c0014e0
000ec7ff8c0007e001000
7fffc0000e7fff07fffc0
00089800dc7fedc800b60
0012c000367ffb0001b88
000697ffaf00084000ab0
7fff60007c7ff1d7ffed0
7fee0001ab800227ffcd8
000aa0023700010000350
0009d8004200076800310
7fe26000fb0005a7ffd00
7ff35003eb7ffff000020
001e40025200042000510
7fe577ffff0007e000000
7fa72006b8800207ffd88
002f300f160000c0003e0
0106a808d8800708003d8
00fc07f989000587ffdc0
0034e7f53b7fffd0000b0
7fdccffcae8003c0005b0
001c00002e0007a0000d0
002e07fd260001e7ffe20
7ffb87fd0900007000470
7ffc97ffdb0006c800490
001dc7ff71000567ffe60
000e67fddb7fff8000140
7ff867ff1900037000670
000bf0002680079000188
001537feeb8001b7ffea0
000017feb37ffff000520
7fffcffffd80069800578
001177ffc9800557fff00
0009e7fedb7fff00001d0
7ffcd7ff8400031000770
000870002a00079800250
000ee7ff62800167fff18
000167ff327fff6000610
0000c0000b80068000698
000d07ffec000557fff80
000827ff3f7ffe6000260
7ffe87ffb20002a0008b0
0006e0002e0007c000340
000c07ff9a000107fff80
0001d7ff6f7ffe9000730
000110001580069000808
000ac8000100055800000
000737ff757ffd7000320
7fff6fffcc00021000a80
0005f8003300082800460
000a67ffbb800067fffd8
000217ff947ffd50008c0
000138001e0006a800a10
000968000f00058800090
000697ff977ffbf000410
7fffcfffde80014000d30
00055000390008e000600
000967ffd37fff8000030
000237ffacfffb5000b40
000140002500071000d40
000880001b0005f000130
00062fffaffff95800570
000007ffecfffff8011b0
0004d00040000a6000890
0008afffe57ffdd800068
000237ffbf7ff79000fb0
000120002d0007f001350
0007d800268006d800218
0005dfffc1fff3f8007f8
000017fff87ffd3001b50
0004700047800df000e08
000837fff47ffa0000090
7fe88001600002d7ffd60
000270024d00003800370
0008b00063000680004b0
7fdfa0008b800637ffe58
7fe5a803a47ffff800010
00153002b00002e0005d0
7fe627ffa00007b0001c0
7f91600550000287ffe10
7ff8100f5d7fffe0003e0
00e0700c4a00060000540
010cc7fd378005e7fff08
005a17f63e7fffa0000a0
7fe997fc4600026000660
001aa0009080075000270
003707fddc000247ffe90
00062ffd0c7fff6800470
7ffd37ffcf800590005f8
001f0fffdf00059ffffa8
0015b7fe1c7fff4000110
7ffbc7ff030001e000710
000b10005100070000320
001897ff3e0001f7fff10
0004bffebbfffed800508
7fffd7fffc000540006d0
0011c0000900056000030
000db7ff05fffeb000188
7ffea7ff7c000150007f0
0007a800470006e0003f0
0010bfff9b000197fff70
000427ff3b7ffe10005c0
000080000d8004f0007e0
000d00001b000540000b0
000a9fff617ffde8001f8
7fffb7ffae00009800920
00060800450006d8004e0
000d27ffc8000117fffb0
0003d7ff7a7ffd00006b0
0000c8001880049800948
000a80002700053000130
0008efff927ffcc800270
00001fffcbffffa800ab0
00051000478006f000618
000b17ffe3000077ffff0
00038fff9e7ffb68007f0
0000c8002180043800b48
0008f00030800540001d0
0007e7ffb27ffb2000310
00004fffdf7ffe4800d20
000460004b000750007d0
0009bffff67fff7800008
000347ffb77ff8f0009e8
0000b000290003e000e80
0007e8003900058800280
000727ffc77ff850003d0
000047ffed7ffc0001130
0003d0005000083000aa0
0008d000057ffdd7ffff0
000317ffc97ff44000d70
000080003000036001490
000720004180063800398
00069fffd87ff28000520
000037fff87ff73001a00
0003500056000a78010d0
0008280011fffa0ffff38
7feb4001860002c000260
00070002418003a7fff58
000968004f000077fff30
7fe16000d600010000250
7fef6803da0003e800110
001c40026a000207ffe80
7fe587ffeefffff000108
7fa45006918002d000270
002bb00f20000387fff60
01066008e2000057fff70
00faf7f96080011000288
003107f5298003e000118
7fdb07fcc30001cfffeb8
001c1000197ffff000150
002b27fcfd0002e000290
7ff827fd12000367fff70
7ffc6fffe000002ffffb0
001ca7ff45000120002c0
000a87fdc88003e000128
7ff6c7ff2b0001a7ffee0
000c10000d7fffe000190
001257fec08002e0002b0
7ffcdffebb00033ffff80
7fffc7fffe00000800000
001047ff9980013000300
00060ffec80003d800130
7ffb67ff93800177fff08
0008a0000b7fffd0001f0
000be7ff35000300002d0
7ffe47ff39000327fff90
0000d800087fffe800038
000bd7ffb800013000340
000457ff2b0003d000140
7ffd4fffbe80013ffff38
000710000affffd000238
0008ffff6b000308002f0
7ffee7ff758002f7fff98
000160000d7fffb000080
000987ffc900014800380
00035fff608003d800148
7ffe67ffd7000117fff50
000638000affffc000288
000747ff8a80032000310
7fff47ff990002d7fffb0
0001b80011ffff80000c8
000817ffd2800158003c8
0002c7ff820003d000150
7fff07ffe68000cffff80
0005a8000affffa8002e8
000627ff9f00034000340
7fff87ffb18002b7fffb0
0001f000147fff5000110
000727ffd900016000420
000257ff990003d800160
7fff77fff2000097fffa8
000540000b7fff9000350
00055fffae00035000370
7fffafffc300028ffffc0
00021000167fff1000170
000667ffdf00017000480
000207ffaa0003d800170
7fffcffffa00004ffffe0
000500000bffff70003c0
0004c7ffb9000370003b0
7fffc7ffd0000267fffd0
00023800187ffec8001d0
0005e7ffe3000180004e0
0001c7ffb78003e000188
00000000017ffff000010
0004c0000c7fff6000450
000447ffc10003a0003f0
7fffd7ffdb000237fffd0
000248001a7ffe7800240
000577ffe70001a000570
000197ffc20003f0001a0
00004000077fff9000040
000490000cffff30004e8
0003d7ffc90003d000440
7fffe7ffe4000207fffe0
000260001b7ffe10002c0
000517ffe90001b000600
000167ffcb000400001b0
000060000c7fff2000080
000470000d7fff00005a0
000387ffcf00041000498
7ffff7ffeb0001c7ffff0
000270001c7ffd8000360
0004c7ffeb0001d0006c8
000147ffd3800410001c8
00008000107ffe80000d0
000450000d7ffec0006a0
000347ffd400046000510
7ffffffff200016fffff8
000280001e7ffce000430
000487ffed000200007c0
00011fffda000438001e0
0000a000147ffdc000120
000440000d7ffe60007e0
0002ffffd80004c8005c0
000007fff800010000000
000290001f7ffc0000540
000457ffef00024000918
0000f7ffe000046800200
0000c000187ffcb0001a0
000420000efffdf000998
0002cfffdc000560006a0
000007fffd80006000000
0002a000217ffab0006b0
000427fff100028800b00
0000d7ffe50004b000240
0000d0001b7ffb2000260
000410000f7ffd3000c40
000297ffe000065000800
00000000037fff8000000
0002a80022fff8a800918
0003fffff200031800e20
0000b7ffe980054000298
0000e0001efff87000388
00040000107ffbf0010b0
000267ffe300080000a60
00000000077ffde7ffff0
0002b800247ff4d800d70
0003d7fff400042001410
000097ffee00064800330
0000f00021fff300005e0
0003f000107ff94001a50
00022fffe6000bc800fb0
7ffff8000c7ffa0ffffd0
01ea6ff53d81ea6ff53d8
7ed567e5927ed567e5920
009cc7e126009cc7e1260
000000000000000000000
7e970017597e970017590
000000000000000000000
004f40200d804f40200d8
000000000000000000000
7ee747e4cf7ee747e4cf0
7ea7701825fea77018258
7df977fd6dfdf977fd6d8
000000000000000000000
01bcb8108f01bcb8108f0
000000000000000000000
01e0b7f3cf81e0b7f3cf8
000000000000000000000
00a7c7e15900a7c7e1590
7dfb87fe2b7dfb87fe2b0
7edea7e52bfedea7e52b8
000000000000000000000
004360200d004360200d0
000000000000000000000
01c350100801c35010080
000000000000000000000
7dfd7ffcd77dfd7ffcd70
000000000000000000000
7e9e0017cd7e9e0017cd0
000000000000000000000
01e667f48701e667f4870
000000000000000000000
0094afe0e90094afe0e90
000000000000000000000
016b97e8e8816b97e8e88
7e39f7f05d7e39f7f05d0
7fb597dfee7fb597dfee0
000000000000000000000
7f5c501ec17f5c501ec10
000000000000000000000
0124001aaf0124001aaf0
000000000000000000000
7e4687ef007e4687ef000
000000000000000000000
7e1e300bca7e1e300bca0
000000000000000000000
02029802da02029802da0
000000000000000000000
015e27e7f9815e27e7f98
000000000000000000000
7fc2d7dfe37fc2d7dfe30
7e22300c597e22300c590
7e3f87ef967e3f87ef960
000000000000000000000
011bf01b11011bf01b110
000000000000000000000
0204e0021b0204e0021b0
000000000000000000000
7e17880b287e17880b280
000000000000000000000
7f69401f137f69401f130
000000000000000000000
0165e7e8798165e7e8798
000000000000000000000
7faa77e01a7faa77e01a0
000000000000000000000
01b63feea401b63feea40
7e80c7ea70fe80c7ea708
00296fdfa900296fdfa90
000000000000000000000
7ef1181bbd7ef1181bbd0
000000000000000000000
00bf901dfb00bf901dfb0
000000000000000000000
7e8db7e96e7e8db7e96e0
7f05d81c727f05d81c720
7dfdd004b0fdfdd004b08
000000000000000000000
01eca00a0f01eca00a0f0
000000000000000000000
01aa4fed6701aa4fed670
000000000000000000000
003917dfd8803917dfd88
7e017005877e017005870
7e855fe9e8fe855fe9e88
000000000000000000000
00b5901e5100b5901e510
000000000000000000000
01f0d8096581f0d809658
000000000000000000000
7dfd9804017dfd9804010
000000000000000000000
7efd401c037efd401c030
000000000000000000000
01af67ee0881af67ee088
000000000000000000000
002077df93002077df930
000000000000000000000
0112a7e4688112a7e4688
7e0df7f706fe0df7f7068
7f44f7e1d17f44f7e1d10
000000000000000000000
7fced820497fced820490
000000000000000000000
017d5015dc817d5015dc8
000000000000000000000
7e14e7f5a57e14e7f5a50
000000000000000000000
7e5400123a7e5400123a0
000000000000000000000
01ffd7fb8801ffd7fb880
000000000000000000000
00fe27e3b400fe27e3b40
000000000000000000000
7f5227e18bff5227e18b8
7e5b3012ee7e5b3012ee0
7e1227f6607e1227f6600
000000000000000000000
017658166301765816630
000000000000000000000
0200dffafb0200dffafb0
000000000000000000000
7e4b80118a7e4b80118a0
000000000000000000000
7fda102052ffda1020528
000000000000000000000
010647e412810647e4128
000000000000000000000
7f3c37e2137f3c37e2130
000000000000000000000
005fe7ed68018a8007d60
0021c003f401c8a7f14a0
004e67f093004e67f0930
004e67f093004e67f0930
7f4b800bacff4b800bac8
7f4b800bacff4b800bac8
0027a010070027a010070
0027a010070027a010070
7ec75ffe7a001fefe6550
0034d7fd2c7eb277e7a30
7efcbffeb77efcbffeb70
7efcbffeb77efcbffeb70
00de60084780de6008478
00de60084780de6008478
00f05ff9e800f05ff9e80
00f05ff9e800f05ff9e80
7f51a7efc2015627f1970
00453800d080628fe0888
7f6f57f2967f6f57f2960
7f6f57f2967f6f57f2960
0021b010068021b010068
0021b010068021b010068
00e1a8080400e1a808040
00e1a8080400e1a808040
7efec7fe6bfefec7fe6b8
7efec7fe6bfefec7fe6b8
7f4f000be6ff4f000be68
7f4f000be6ff4f000be68
00f337fa4380f337fa438
00f337fa4380f337fa438
004a57f074804a57f0748
004a57f074804a57f0748
7fd2c7eca30198d7fc460
0038b002a50132e7e6440
7fdacfeff77fdacfeff70
7fdacfeff77fdacfeff70
7fae280f60ffae280f608
7fae280f60ffae280f608
0092000d578092000d578
0092000d578092000d578
7f2347f7807f2347f7800
7f2347f7807f2347f7800
7f0f1805e57f0f1805e50
7f0f1805e57f0f1805e50
010150016d010150016d0
010150016d010150016d0
00af17f3fd00af17f3fd0
00af17f3fd00af17f3fd0
7ef287f61e00d057e9c50
004437fee07f7ea7e1030
7f1fc7f7cb7f1fc7f7cb0
7f1fc7f7cb7f1fc7f7cb0
008df80d88808df80d888
008df80d88808df80d888
010270010d810270010d8
010270010d810270010d8
7f0bc005947f0bc005940
7f0bc005947f0bc005940
7fb4a00f89ffb4a00f898
7fb4a00f89ffb4a00f898
00b2f7f43d00b2f7f43d0
00b2f7f43d00b2f7f43d0
7fd53ff00d7fd53ff00d0
7fd53ff00d7fd53ff00d0
001b87ec8a019ac0021a0
002ea0034c01879feb580
0014b7efd48014b7efd48
0014b7efd48014b7efd48
7f78900ddeff78900dde8
7f78900ddeff78900dde8
005fc80efd805fc80efd8
005fc80efd805fc80efd8
7ec9c002f07fc3f7e67e0
002a6ffc887e634fece60
7efee802587efee802580
7efee802587efee802580
00f650050780f65005078
00f650050780f65005078
00d527f6b380d527f6b38
00d527f6b380d527f6b38
7f1d47f2b0011bd7ed290
0048c7ffe17ff057dff80
7f42b7f4f47f42b7f4f40
7f42b7f4f47f42b7f4f40
005ac80f28805ac80f288
005ac80f28805ac80f288
00f87004b300f87004b30
00f87004b300f87004b30
7efed00200fefed002008
7efed00200fefed002008
7f7ea00e01ff7ea00e018
7f7ea00e01ff7ea00e018
00d7b7f70400d7b7f7040
00d7b7f70400d7b7f7040
00103fefc980103fefc98
00103fefc980103fefc98
7f904fedb781825ff6b10
00418001c500d127e2a40
7fa27ff0e8ffa27ff0e88
7fa27ff0e8ffa27ff0e88
7fe7701024ffe77010248
7fe7701024ffe77010248
00bea80aee00bea80aee0
00bea80aee00bea80aee0
7f0a77fad2ff0a77fad28
7f0a77fad2ff0a77fad28
7f2a00091d7f2a00091d0
7f2a00091d7f2a00091d0
00ffeffdc400ffeffdc40
00ffeffdc400ffeffdc40
007f17f1da007f17f1da0
007f17f1da007f17f1da0
7ed6affa3d007b7fe74f0
004087fdec7f11a7e39f0
7f0917fb307f0917fb300
7f0917fb307f0917fb300
00bb300b3180bb300b318
00bb300b3180bb300b318
010077fd7d810077fd7d8
010077fd7d810077fd7d8
7f25c008c57f25c008c50
7f25c008c57f25c008c50
7fed0810297fed0810290
7fed0810297fed0810290
008327f209008327f2090
008327f209008327f2090
7f9e1ff109ff9e1ff1098
7f9e1ff109ff9e1ff1098
005727eefd8008c7fe6a8
7fd557faca804c7009298
0049d801780140a8065e0
00715ffc5e01574ff4ec0
7fb9900dda7f91f7fdd30
000e700aa17f3d10010c0
0025f804997f258807130
7ff26fff4bff59180c610
7ee20ffe98ffe557ffe18
7fb77803dc807d5ff94f8
0005b7fb45001a47eb100
7fada7fa00ff04d7eda28
00e76001187ff70007300
00a1b7fcac803cb00b9b0
003e77fca1009ff00ba68
7ff7c000fc00e6a0074c0
7f607ff12c7ff12ffe960
7fa397fedc80a1a001f40
003fc7fd51011667f4460
00188ff835004a07e8540
0081b00c057fa00004010
008df805dc7f93b80a2a0
0050f800f67fd0b80f108
7fee6800310033480fd50
7f26e005297fd7e7f9428
7f842007547f7aa7f7178
7fde9004be7f2037f9ae0
000147feea7efd87ff818
009ec7f55c00547004e78
003bf7f5fe80b74004450
7ffd47facf00f5f7ff740
00076000fc00ebd7f9470
7fd6c7ee4d7ffc07fe560
7fb47ffc7a008438062b0
004c27ff4d014cb7fcf90
004be7f9a000e707eca40
0020100e5c7f8e1001048
005630092e7f580006328
0041d003207f6c580c400
7feef7ffbf7fbf380fa20
7f1937feb2800a17f8cd8
7f5dd003287fc577f4580
7fc0c803477f627ff4390
000827fefd7f1b27f8830
00d837fab500292006b80
007aa7f8990086b008d40
002097fb3e00e0c0062f0
7ffed0011701028000560
7f0927f6f4ffe967ff298
7fa460017e009fd7fd620
002687fbe480a9d7ede08
7fe037f85d7f9e77e8a60
00c830074b7fc5c0063d8
00a850016dffe5a80c1b0
004f6ffeb1003e900ed80
7ff19000af009c680cd98
7f60300a8f7fab97fb050
7fc32009f37f48a7fba10
00023005257f0990006f0
7ff877fef67f1350069e0
004417f225006ee002180
7ff027f56d00c2d7fed00
7fd9e7fb7500d917f8c80
000e6000b400a497f3890
00181fee2f00036ffe5b0
7fc32ffb79806b7807d28
004c000067814ec001b28
006107faee812697f0698
7fec300e6e7f8c67ff708
0032f00a1e7f45a003c00
00343003f17f446009ed8
7fef3fff857f89580e5a0
7ee45002a47fe570004c0
7fc79004c68062dff7c18
7ff4bffb487fcf3feb360
7f99d7fb4d7ec987f1990
00e5bffddd801098072a0
0091effa848064680a830
0030c7fbdb00c590092d0
7ffb30011800fb2003f00
7f2ffff3d27fed4ffede0
7fa2f0003780a5d7ffa98
00358ffc7f00e64ff0aa0
7ffc9ff8137ff3bfe7e50
00a9a009ee7fb130053b0
009fd003c07fbaf80b680
005307ffd10007d00f580
7ff020006d806aa00ebb0
7f3eb808017fc01ff9ff8
7fa0e008d07f5df7f9310
7fef70050b7f0f67fcf50
7ffc67fee8ff027003180
0073f7f3670063c0039d0
0015e7f56b00c1d001990
7fea27fb0000ed97fc040
000a6000e200cd57f6220
7f9967ef507ff6effe678
7faa57fd9e00973004270
004877fe450139eff86c0
003447f8b9009ce7e9eb0
0053100d897f9460029b0
0074f007b97f7280086b8
004b28021d7f9c480e078
7fee27fffefff95010260
7f1a3801f87ff03ff8db0
7f6d20055d7f9d57f5760
7fce2004197f3c57f6b90
000477feeb7f0607fbe78
00bf87f7cf00407005f50
005cdff71300a31006b10
000ec7fae980f12002da8
000300011400fceffcb00
7eefe7fab6ffe6d7ff868
7fadb802b70092cffb350
001747fb5f006447ebf00
7fc4e7f8f87f4cc7eaa70
00ddd00457ffdd6006da0
00aa17ff0b0011200c268
004987fd950071b00d9c0
7ff4c000d100c6700a600
7f89600c777f9c67fc4e0
7fe7900a84ff3e37fe408
00142804fa7f119803cb0
7ff507ff177f30c009ae0
0010a7f18900728000800
7fca57f5e400b8d7fc250
7fc9e7fc1400b947f5f50
000f88007900739ff1900
00085ffe6c004ecff0920
0011e002227fc377f8a88
004c6001857ffd87fff30
0030e7fe71004087fded0
7ff2f802a60015cffbc50
0053400a027ff937ff270
0115980582802b1000db8
011ea7f6bd0038a7fe2f0
7fe4b7ffd87efd57fec00
001c47fe767f9b4005668
0005dffb107fffd800350
7fdc87fd6dffd127fc930
002c2800397fb92fffa90
0088dff8af7ff48000a10
001687ede10003c7fd2f0
7f2e37f0b07fd6a7fcf20
7ff117fe98ff6f67f2938
0025500070ff7e47fe6c0
0041f7fd35fffdd0001b8
000a57fca6000e3ffb8f0
0018a0024b7fd897fc4b0
00b0a80228fff0ffffcb8
00f127f5db002547fe6b0
003dcfec3d000c3ffc170
7fe2d7fd42ff441007e68
7fbf27fe537fc50009010
7fd0f00099000da004250
000957ff6f7ff7f7ff7b0
001337f9fe7fc4b7ff450
7fb9d7f5707fc0d001a70
7f3617f7997fea2002150
7efd40000a000047ff780
7ffb6ffe54ffdb5feff88
001e2801737f9657fb070
004f07ff4d7ffd2000000
0020d7fd42002b17fc5e0
00062002bafff5e7fb9b8
00901006c07ff42fff6b0
011fdffd6b002cdfff8e0
00c14fefe00025bffcc40
7ff8b7fcb47f208001ff0
7fd0e7fcb17f8cf006770
7fd107ff3d7fefd0040a0
000be7ffbd7ffc47ff400
003acffb1e7fcf4ffdb00
000a37f4987fbb47ffc00
7f84c7f2f5ffddb801438
7f1737f9028003f7ff808
7fe8afff207f207ff7d50
002457ff64ff801002198
0027f7fbbafffe90002a0
7ff267fcbb7fedd7fba20
0026a001677fc2c7fdc30
00ae77fd237ff160003f0
0092c7f04f001717fd920
7fae57ec84fff027fc218
7fd227fe5a7f8e100c350
7fb9e0004800094009ab0
7fd9f001cf00284003560
000437ff337ff447ffc30
7fe68ffa0bffc50800f98
7f7647f86b7fd26003360
7f0f37fdf97ffa6002760
7f178007197ffbd7ff850
000227fe4e8015f7efe08
00181001cd7fab17f9ac0
004ec000717ffd47fff60
0029c7fddc003747fd130
7ffd3802ca800637fb908
00752008937ff667ff3f8
0121e0017c002ce000368
00f60ff2ff00308ffd6b0
7fe50000417eff5002630
001667fe1c7fb13006aa0
7ff42ffb19000090002f0
7fd417fe007fc5c7fd4d0
002c0fffa17fb96800ab0
006beff6f87ff6f000ca0
7fd5b7edff7ff997fd370
7efcd7f3fa7fccb7fd9f0
7fecd7fee07f4337f4f20
0026c7ffee7f7c3000498
003717fc597ffe7000260
7ffe77fc947ffe37fb7f0
00208001e5ffccd7fcf88
00b477ffa47ff16000050
00c737f2bc001f27fdee0
7ff5b7ebde7ffe07fc070
7fd957fdb47f65600a4d0
7fba27ff427fe6c0098e0
7fd3b0013d001bc003ce0
0006b7ff537ff5b7ff960
7ffcf7f9e27fc320001e0
7f95b7f6b27fc840027f0
7f1d2ffaa37ff23802520
7f043003a67ffe47ff720
7ff63ffe6cffa32ff0e38
0022d000fa7f8787fca40
004ac7fe38fffdb0000c8
0016affce0001d9ffbd90
00105002917fe6a7fbd70
00a4e8048d7ff24fff9a0
010f97f974002a57fef80
0082ffed940019effc570
7fece7fce3ff2d6005148
7fc627fd737fa70007ea0
7fcf87ffecfffea0042c8
000ac7ff947ff9b7ff570
0027c7fa6a7fc877fe710
7fe0eff4be7fbc6800b80
7f5917f5067fe34001b30
7f040ffc750001ffff720
7fe6dfff877f090ffb2f8
002287fee27f8b4003d50
0017f7fb357fff50002a0
7fe657fcf77fde97fc010
002a3800d87fbc9ffeae0
009ff7fac97ff2e0006c0
0056f7eea5000d57fd4b0
7f6a7fee297fe24ffc7e0
7fcd07ff007fbc600d770
7fbc08013b002b8809498
7fe0c0024c00336802ae0
0000ffff307ff40fffe70
7fd237fa937fca3001bb0
7f5f47fa877fdef003b90
7f0e80015a80032002708
7f36c80a20fff9ffff8d8
7ff687ff220011d7ff4a0
00146000247ffd8001fe0
0019c7fe690032a0031c0
7ffe47fec48032a7ffac8
000a60006d7fe8a002390
001effff6a8034480a978
000937fea3010c7006df0
0002b0004e011bf7f66f0
001d60005e803167f0338
0015f7fee47fad87f9c48
000057fff0fffd3000028
0016800122002a07fccb0
002207ff927ff3c7fc330
000437ff847ff507ffa30
000b3001af001fe7ff2c0
002bd000d7800cd7fd578
7fe9f7fded80072000ab0
7ff047ffcb00351000a58
000d17ff718034e7fdc40
000687fded0003d7feb90
7ff127fe9900278003b20
7ffe97fff800b21002308
0013d7ff2680dd57f6b48
0005f7fe0e0037d7ee2f0
7ff6e7ff297f7887f36a0
000b8800247f72bffe480
001af7fede7fe2e0013d8
0005e7fe22000857fd6d0
7ffd27ffb77fdb77fc940
001a18004f7fd6e7ff7d0
002327fe82000227ffe90
00052ffe4e000717fdc90
7ffa17fd8400016000d00
7ff2d7ff64002b60020f0
000f77ffdc003f97ff710
001437fe50000ca7fef20
7ffc3ffe570009e804640
7fff07fff100911006cf0
0017f7ffc60107e7fda50
001317fe6400ae37f17c0
7ffda7fef87fddb7f1000
00092000697f8d37fa9e0
001f87ffb27fdda0004e0
001197fe7d001987fde10
7fff17ffb37ff6d7fbe90
00159001027fdea7fe690
002a27ff9a8002bffff38
00102ffe9a801597fe298
7fdd67febd000b4000630
7ff0300043003427ff218
0007f7ff28002007fc930
7ff767fdf67ffb07fec50
7fe8a7ff28803e00023e8
7ffe80000a80aff7fd188
000c57feb8008677f1970
7ff837fe147fb627ee710
7ff1e7ff7a7f2e97f85b0
000b07ffd37f751002470
001047fe487fee5001e20
7ff897fe307ff547fd720
7ffbc7ffd77fc707fdec0
0019f7ff94ffd77000aa8
0015affdb700016fffdb0
7ff967fe53fff6c7fdce0
7ff397ff48000e97ff070
001417ffd600040001f70
0012e7fe19003be002580
7ff9bffedc80300ffeff8
000c10004afff12002800
001c7ffef98058a809998
0003cffe85011e1802f70
000360004500f2a7f2ba0
001e17fff67ff7e7efeb0
001187fe9a7f9997fb120
7fffe7ffee7ffd6000080
0019e000cd001d67fc460
001fd7ff1b7fe667fc750
00027fff747ff3efffcb8
0010e00178001c07febe0
002db800300002d7fd3b0
7fe317fe4a0009c000960
7feff000070036d7ffe70
000ae7ff46802c37fd128
7fff07fde47fff77feb00
7fec97feda8033f0030b0
7ffed7ffff80b5a7ffa48
001097fee400b6a7f3d80
7ffeeffe027ff6cfeddc0
7ff407ff4e7f4f37f5a40
000b8ffffc7f70a8004d0
00160ffe8bffe868019a8
7fff37fe21ffff07fd5d8
7ffc9fffca7fd03ffd2e8
001af7fff17fd67000140
001d0ffe0f00021fffdf0
7fff07fe4c7fff07fdbb0
7ff197fda80004b000c48
7ff117ff970031c001630
000ec7ffa8003c07fe910
000df7fe130008c7fecd0
7ff6a7fe6e0019b004230
7ffef7fff500a5f804980
0016b7ff7200f8e7fa020
000d27fe2a8075e7ef698
7ffa3fff077fa8f7f1dd0
000a8800477f7cfffc5d0
001df7ff447fdfc000c88
000c2ffe45801177fd938
7ffe27ffb37fe887fc240
00187000ad7fd9dffeed0
0027a7ff0b0002b7ffed0
000b27fe6e000ecffde90
7fd9f7ff43800cf000438
7ff1d800758030affe6c8
000497ff0a001367fc2b0
7feff7fe217ff667fed60
7fe63fff8400440001540
7ffee8000c80a10ffabc8
000747fe8e004fb7f0170
7ff117fe3c7f796fefed0
7ff047ffb57f18d7fb7b0
000a47ffad7f810004280
0009a7fe167ff5b002140
7ff1f7fe577feca7fdaa0
7ffb27ffeb7fc187fec30
0017c7ff3d7fdb20012f0
000cb7fd7b8000a7ffcf8
7ff36ffe80ffeee7fdfd8
7ff03ffe88000648009a0
000230000400123000200
00126ffeda00075fff8f0
7ffd77fe550000d0006f8
7ffa07ffbe00106000af0
000ec7ffb7001047ffb30
000917fe9f00002000040
7ff9c7ff488008f001058
0006b000170016b000480
000f87ff36000677ffae0
000027fef480003000fc0
7fff7ffff7001708012b0
000e5fffd00013afffc20
000847ff067ffbf0007e0
7ffd57ff9f000de002100
0008a8002d80232800aa0
000e47ff6c000397ffde0
000157ff50fffc3002ad8
0002a0002700300002f50
000f07ffe88023a7ffc40
000817ff43ffe09002f58
7fffa7ffdf0034a80ab80
000ae80044810188069a8
000e1fff85010ddff6ea0
000167ff8b803007f0a80
0004a000597fa8e7f96b0
00103fffff7fecf800040
0007a7ff69002267fd620
000048001e7ff37ffc150
000d0000707fe807ff330
000ec7ff9e001127ff8e0
00012fffc0000baffd970
7febbffe20800e5fff638
7ff1c7ffe0000117ff840
000a57ff7800052000640
000147fe420012f0000e0
7ff0c7ff0f800b87ff478
7fff000003000007ffee0
000b67ff24000c9000a20
7ffcc7fe9b801657ffc88
7ff6e7ff9c8006c7ff5b8
0006ffffe200022800870
0008d7fef30016b000bf0
7ffa47ff05801757ff778
7ffd8ffff100018fffc20
000b57ffab000a4001570
000547feea0024e000b00
7ffa77ff6d0015c7ff2d8
0003c8000e7ffd9800c20
000c3fff73801f28029b8
0001cfff13003dc8005e0
7ffda7ffcd000f07ff250
0009b7fffa000040046a0
000a97ff3d80868007918
7ffec7ff55010927fe500
0001f0001900ac47f1630
000da7ffd57fd017f12b0
0007e7ff2f7f8557fb6f0
7ffe8fffad7fdf1800a10
0007e000398011a7fda78
000f67ff997fe777fc500
000447ff417fda67ff280
000070000a00024fffea0
000da800340007effdf60
7feb57fec9000840007f0
000217fffb001207ffdb0
000da7fea0800547ff788
7ff787fe6e000240006e0
7ff997ffd900128000710
000db7ff81000ec7ff788
0003dffe837ffff000020
7ff72fff63000c3800e20
0006e00000001737fff60
000c57ff04800537ff958
7ffc67fefd00038000f10
7fff97fffb801a5000d18
000db7ff9c001227ff7f0
0004b7fee9fffdc0008a8
7ffc0fffa80014d801d00
000940000a80247800258
000bffff3580029fffd18
7ffe8fff4800057802af0
0002a8001a803938023d8
000e17ffb5002207ff4b0
000527ff2b7fec0003550
7fff07ffe10059a809b88
000b70001d0112a002da0
000c17ff5700e697f3630
7fffdfff877ff80ff0640
0005b000437f93e7facf0
000fa7ffc27fedc000460
000537ff50001837fcf60
0000a0001a7fe5c7fc5b0
000e00003d7fe5e7ff8f0
000cc7ff6c000f47ff520
000027ffbf8002b7fd7b8
7fe5c7fe76000bd7ff320
7ff1d800117fff3fff860
000827ff540006a000540
7ffaf7fe49801307ffc98
7fedf7ff4d0008b7ff210
7fff3000047fffc7fff10
0007f7feff000ec000730
7ff7d7feb2001557ff780
7ff5e7ffc2000457ff450
000687ffca000400007d0
0004effeda001908006a0
7ff717ff22001527ff240
7ffd87fff98000a7ffb98
0009d7ff84800ea001288
000157fee300265000280
7ff907ff88801227fee58
000477fffb00004000ca0
0009f7ff420027d002210
7ffe17ff10003df7ff810
7ffce7ffdb800be7fef18
0009afffda00100804490
0007e7ff19809e10057e8
7ffc7fff5a00fc6ffaa80
000238000e0073afef5b0
000ca7ffa37f9c57f23a0
0004afff187f7857fd450
7ffd6fffb57fe25801138
000870001a800907fd790
000d57ff647fdb37fcc00
000157ff3b7fd88fffb20
0000c0000d0001f7ffe00
000e580002000077fde70
7fedfffe5400024000340
7ff9f7fff7800840000c8
000df7ff21000487ffb90
7ffd57fe4c80002000088
7ff417ff810005f0003d0
0006efffdf0007dfffd80
000807fecc000117ffd30
7ff79fff0500022800430
7ffdf7fff98008c0001d8
000a87ff75800507ffc08
000007fee280002000120
7ff947ffa8000638004f0
0005e7ffed000877ffe30
000717ff2b000137ffdb0
7ffb37ff4980022000558
7fff37fffe000978002f0
0008c7ffa5800587ffc68
000187ff317fffd000200
7ffc2fffbd000678006a0
000587fff4000987fff40
000697ff60000187ffe40
7ffd57ff75000250006a0
0000700003000a7000420
000837ffba0005f7ffcb0
000217ff597fff5000330
7ffd87ffce000720008b0
000577ffff000ad000000
000687ff7e000127ffeb0
7ffe87ff8c0001d000920
0000e80008000c1800680
0007b7ffcc000717ffd20
00028fff747ffea0004c0
7ffe47ffda00080800c00
000530000a800d0000158
00068fff9a0000d7fff50
7fff77ffa100016000cf0
000168000f000ef800a00
000797ffdc0008b7ffd70
000317ff8a7ffd10007a0
7fff17ffe40009e001218
000550001180116000368
000697ffaaffffe000038
000007ffb1000030014b0
0001e0001880153001128
0007d7ffe8000be7ffda0
00038fff977ff86800e70
7fff87ffec000e6002240
000568001b001dc0008f0
0006f7ffb87ffca000260
000097ffb87ffba002f58
000200001c802e0002d88
0007bffff2801befffd18
0003d7ffa47fdcc003520
7fffc7fff40034e00ac40
000580002400fc0806768
000717ffc30106c7f7270
0000c7ffc1002f47f0e70
0001e00026ffa707f9448
0007b00001ffe54800028
000417ffb2001e57fdb00
00000800007ff377fc150
0005a00030ffe267ff028
000767ffd00009c7ffbe0
000117ffcd000a97fdca0
7fe88ffe9f8002c800298
7ffa00000b800817ffef8
000a57fef4000357ffac0
7ff747fe64000040000a0
7ff2d7ffb10006c000280
000687ffc4000737ffbd0
000367feb4000077ffcf0
7ff437ff2a0002f000390
7ffe0000020008e7fffe0
000867ff538003f7ffb10
7ffc07feea00006000130
7ff867ffc300073000380
0005b7ffd6800807ffc58
000407ff148000b7ffd50
7ff8e7ff5f00032800490
7fff8ffffe8009b8000c0
000777ff8000048fffb58
7ffe37ff29000050001f0
7ffaf7ffcd0007c0004d8
000537ffe40008e7ffd10
000447ff4b0000e7ffe00
7ffb5fff7f0003a800620
0000500000000b20001d0
0006efff9e80052fffb88
7fffafff5480003000328
7ffcd7ffd70008e0006c0
000537ffea000a77ffd80
000477ff6a0000c7ffe60
7ffcd7ff950003d000850
0001000006000d0000370
0006d7ffb10005f7ffbb0
000087ff6d7fffa000520
7ffdb7ffe1000a90009e0
00053ffff7000ccfffe40
0004efff8380005ffff50
7ffe17ffa500043000c90
000190000a0010f000670
0006f7ffc00007d7ffb88
000147ff7ffffeb000828
7ffe87ffe7800db000fa8
000567ffff0011d7fff70
000547ff937ffff000028
7ffec7ffaf0004c001420
0001d0001000188000c10
000717ffcf000b17ffb00
0001ffff8f7ffbc800fb8
7fff47ffee8015a001e18
0005a00006001ee0001f0
0005b7ffa07ffcf000318
7fff77ffb800061002f70
000228001580371002280
000737ffd9801ad7ff718
000267ff9b7fe9a003ba0
7fffa7fff7005a0009c18
0005e00010010cc002ca0
000617ffac00e087f3b70
7fffefffc07ff827f0a40
000270001e7f9177fab10
000797ffe47fe63000620
0002d7ffa3001567fd530
7fffe7ffff7fe5e7fc5c0
000618001cffdfcfff728
000697ffb78008b7ff9a8
000057ffca000267fdb20
7feb47fe7a0002bfffda0
7ffa0000037ffff7fff50
000bb7ff06800240001a8
7ff95ffe5e0003ffffee8
7ff347ffa38000d7ffdd8
000677ffcb00007000140
000427febe0003e0000e0
7ff4d7ff290002c7ffdc0
7ffe0000017ffff7fff90
00082fff58000258001d8
7ffbf7fef2000417fff00
7ff877ffc70000d7ffe10
00054fffd580009800178
000327ff1c0003f0000f0
7ff897ff6c0002a7ffdd0
7fff6000007fffd7fffe0
00064fff8100027800250
7ffd37ff3c000457fff50
7ffb27ffd9000117ffe40
0004b7ffdb0000d000190
000287ff5000041000100
7ffaa7ff950002b7ffe00
000060000000001000030
000567ff960002d000240
7ffdefff6700042ffff20
7ffcb7ffe50000d7ffe90
000467ffde00011000210
000227ff6e00046000100
7ffbe7ffad0002a7ffdf0
0000f000017ffff000070
0004b7ffa400030000280
7ffe4fff82000447fff20
7ffda7ffef0000a7ffeb0
000437ffe400010000268
00020fff8600048000140
7ffcf7ffbe800287ffe28
00017000017ffff8000e0
00045fffae800338002d8
7ffeb7ff97000467fff30
7ffe7ffff500009fffef0
000427ffe5000130002d0
0001d7ff948004c000160
7ffd87ffcc000287ffe50
0001d0000380001000150
00043fffb680039800318
7fff17ffa4000487fff30
7fff1ffff800006ffff40
000407ffe580016000358
0001cfff9f80052800188
7ffe17ffd3000287ffe50
0002000002000000001b0
0003dfffbc8003e000360
7fff47ffb1000497fff30
7fff97fffc000037fff80
0003f7ffe6000190003e0
0001a7ffa9000570001a0
7ffe6fffdb00025fffe60
0002100002ffffd000240
00038fffc3000428003f0
7fff57ffbd0004c7fff50
0000000001000017ffff0
0003f7ffe90001b000480
000197ffb20005d0001e0
7ffedfffe300023fffea0
00027000047fffd000300
000387ffc60004c000468
7fff97ffc40004f7fff50
00006000027fffc000068
0003e7ffe700021000560
00016fffb700067000210
7fff07ffea000217ffe90
0002900005ffff90003d8
000377ffc900055000540
7fffafffca00055ffff60
00009800047fff88000e0
0003dfffe880026000668
000157ffbd00072000260
7fff37ffef000207ffec0
0002b000077fff70004f0
000357ffcd00062000620
7fffc7ffd00005c7fff68
0000c00007ffff1000188
0003c7ffec8002b0007d8
000177ffc5000810002f0
7fffaffff30001dffff10
0002f00003ffff6000668
000327ffcd00075000750
7fffb7ffd6000647fff50
0000f0000a7ffe6000290
0003c7ffec000360009f0
000157ffc900098000370
7fffb7fff9000177fff20
0002e800077ffee8008b0
000327ffd300090000950
7ffff7ffdd000727fff50
000150000c7ffd5000400
0003c7ffec80044000d38
000147ffce800bc000470
000017fffd0000c7fff80
0003300005fffe3000c98
000307ffd2000c0000ce0
7fffe7ffe10008d7fff60
000180000f7ffb90006b0
0003dfffeb00060801360
000127ffd000104000670
00000000017fffe000028
00034000087ffcf001430
0002efffd5001248013e0
7fffe7ffe6800c07fff38
0001a000127ff6c800d50
0003dfffee800a8802358
00012fffd5001c9800ba0
0000500005fffc5000208
00038000077ff82002ee0
0002e7ffd4002b2003048
7fffd7ffe9001c17ffe88
0001c00014ffdb00033d8
0003e7ffee8031000ad58
00011fffd680faf006a00
0000500008010677f71f0
0003800008002bc7f0df0
0002b7ffd77fa457f96d8
7fffe7ffef7fe57000138
0001f00017001c67fd990
0003e7ffef7fef97fc260
0000f7ffdb7fe177ff280
000060000e000967ffb00
0003a0000b8006f7fdbe8
020800000702080000070
0206a8000d0206a8000d0
0205e000050205e000050
000000000000000000000
020620001402062000140
000000000000000000000
0206b000058206b000058
000000000000000000000
020570001682057000168
0205ffffea0205ffffea0
0204b7fff20204b7fff20
000000000000000000000
02062fffeb02062fffeb0
000000000000000000000
02065fffef02065fffef0
000000000000000000000
0205e7fffe0205e7fffe0
020787fff9020787fff90
020690000e020690000e0
000000000000000000000
020647ffed820647ffed8
000000000000000000000
020730000702073000070
000000000000000000000
0207b800140207b800140
000000000000000000000
020500000b020500000b0
000000000000000000000
0207f800000207f800000
000000000000000000000
02089fffff02089fffff0
000000000000000000000
0204c7ffeb8204c7ffeb8
0205c000128205c000128
020568000102056800010
000000000000000000000
02059fffff02059fffff0
000000000000000000000
020477ffff020477ffff0
000000000000000000000
0206b7fff08206b7fff08
000000000000000000000
020747ffff020747ffff0
000000000000000000000
0204b7fffb0204b7fffb0
000000000000000000000
020837fff5820837fff58
000000000000000000000
020760000f820760000f8
020727ffe4020727ffe40
0205a7ffe90205a7ffe90
000000000000000000000
0205c7fffc0205c7fffc0
000000000000000000000
0205f7fff30205f7fff30
000000000000000000000
0204d0000c0204d0000c0
000000000000000000000
020770001802077000180
000000000000000000000
020767fffb020767fffb0
000000000000000000000
020560001102056000110
000000000000000000000
0206a7fff80206a7fff80
020900001502090000150
0204d7fff20204d7fff20
000000000000000000000
020400000582040000058
000000000000000000000
020657ffdf020657ffdf0
000000000000000000000
020670001a820670001a8
020508000602050800060
0204ffffef0204ffffef0
000000000000000000000
020600000b020600000b0
000000000000000000000
020787ffef820787ffef8
000000000000000000000
0208d8000f0208d8000f0
0206b0000c8206b0000c8
0205d000120205d000120
000000000000000000000
020747fff1820747fff18
000000000000000000000
0206f0000f8206f0000f8
000000000000000000000
020657fff7020657fff70
000000000000000000000
020667fff0020667fff00
000000000000000000000
020617fff7020617fff70
000000000000000000000
020747ffea020747ffea0
000000000000000000000
020777ffef020777ffef0
020677ffff820677ffff8
020568001082056800108
000000000000000000000
020630000a020630000a0
000000000000000000000
020587fff6820587fff68
000000000000000000000
02067ffffd82067ffffd8
000000000000000000000
0206c000018206c000018
000000000000000000000
020487fff0020487fff00
000000000000000000000
0206c7fff40206c7fff40
000000000000000000000
0207e000080207e000080
020790001a820790001a8
020740000902074000090
000000000000000000000
02069ffff602069ffff60
000000000000000000000
020760001702076000170
000000000000000000000
0204f7ffe70204f7ffe70
000000000000000000000
020610000182061000018
000000000000000000000
0204f7fff78204f7fff78
000000000000000000000
020750000e020750000e0
000000000000000000000
020750000a0000b7fffd0
01046fefce01039810390
0102f000028102f000028
0102f000028102f000028
010310000a010310000a0
010310000a010310000a0
010358000301035800030
010358000301035800030
0205b000007fffc000160
01020fefdb810368103b0
01025ffff901025ffff90
01025ffff901025ffff90
010317fff5810317fff58
010317fff5810317fff58
010337fff7810337fff78
010337fff7810337fff78
0206b7fffbffff3000028
0102bfefc3010328103b0
010348000701034800070
010348000701034800070
010327fff7010327fff70
010327fff7010327fff70
010398000381039800038
010398000381039800038
0103e0000a0103e0000a0
0103e0000a0103e0000a0
010280000581028000058
010280000581028000058
010400000001040000000
010400000001040000000
010457ffff810457ffff8
010457ffff810457ffff8
020547ffff7fff87ffec8
0102f7efc80101d010240
0102b000008102b000008
0102b000008102b000008
0102d7ffff8102d7ffff8
0102d7ffff8102d7ffff8
01023fffff81023fffff8
01023fffff81023fffff8
01035ffff801035ffff80
01035ffff801035ffff80
0103a7ffff8103a7ffff8
0103a7ffff8103a7ffff8
01025ffffd81025ffffd8
01025ffffd81025ffffd8
01041ffffb01041ffffb0
01041ffffb01041ffffb0
020747fffa00002000160
0102d7efcf01049010410
0102d7fff48102d7fff48
0102d7fff48102d7fff48
0102e7fffe0102e7fffe0
0102e7fffe0102e7fffe0
0102fffff98102fffff98
0102fffff98102fffff98
010268000601026800060
010268000601026800060
0103b8000c0103b8000c0
0103b8000c0103b8000c0
0103b7fffd8103b7fffd8
0103b7fffd8103b7fffd8
0102b000088102b000088
0102b000088102b000088
0207d00006fffed7fff18
0103ffefb40102a810440
01026ffff901026ffff90
01026ffff901026ffff90
010200000301020000030
010200000301020000030
01032fffef81032fffef8
01032fffef81032fffef8
0205c000100000b0000a0
01036fefe501030810358
010287fff7810287fff78
010287fff7810287fff78
010300000581030000058
010300000581030000058
0103c7fff80103c7fff80
0103c7fff80103c7fff80
0207c0000e00011000010
0104d7efd2010408103d0
0102e800090102e800090
0102e800090102e800090
0103a7fff90103a7fff90
0103a7fff90103a7fff90
010378000801037800080
010378000801037800080
01032ffffb81032ffffb8
01032ffffb81032ffffb8
010337fff8010337fff80
010337fff8010337fff80
01030ffffb81030ffffb8
01030ffffb81030ffffb8
0103a7fff50103a7fff50
0103a7fff50103a7fff50
0206f7fff7000087fff80
0103b7efc40103c0102b0
0102b000080102b000080
0102b000080102b000080
010318000501031800050
010318000501031800050
0102c7fffb0102c7fffb0
0102c7fffb0102c7fffb0
010347ffff010347ffff0
010347ffff010347ffff0
010360000101036000010
010360000101036000010
010247fff8010247fff80
010247fff8010247fff80
010367fffa010367fffa0
010367fffa010367fffa0
0207b8001100002ffff70
0104c7efc781032010408
0103a000048103a000048
0103a000048103a000048
010357fffb010357fffb0
010357fffb010357fffb0
0103b0000b8103b0000b8
0103b0000b8103b0000b8
01027ffff381027ffff38
01027ffff381027ffff38
010308000101030800010
010308000101030800010
01027ffffc01027ffffc0
01027ffffc01027ffffc0
0103a800070103a800070
0103a800070103a800070
018520000600823000040
00ddd7f22f00269ffd9f0
000077f7e700004008160
002650026300dd500dd60
0103300006ffffe000038
00dd57fa4b0025c005bf0
0081a7f7ea00817008200
0025effa4900dd2805c10
018407fffc8081b000038
00dc37f2360025d7fda60
7fffaff7f8000018081e0
002630026a80dd300dd08
010327fff6fffff7ffff0
00dd07fa3d80261005b80
008147f7e10081d008140
0025b7fa4380dd6005b20
01850000010081b7fffa0
00dd37f22900258ffd9a0
7fffd7f7e77fff60081b8
002610026000dd180ddb0
010367fffd7fffc7fffa0
00dd77fa400025b005b70
0081b7f7df00817008180
0025e7fa3e00dd4005b90
01033000080000b000020
00dd77fa5100267005b90
008227f7f10081c008190
0026b7fa4d00dd3005bd0
01042800007fffd800000
00de07fa3f00260005c10
008207f7dd80820008228
0025f7fa4000de1005c00
0183f8000000814fffff0
00dcf7f22d002607fd9b0
7fffc7f7e17fffc0080c0
002570025a80dc600dc98
010287ffff80005000000
00dcb7fa4b00262005b50
008167f7ee00817008118
00261ffa4b00dcb805b40
010387fffc7fffe7fffc0
00dd77fa3f0025e005b90
0081aff7df0081b008190
0025e7fa3f80dd7805b88
01033ffffc7fff2000010
00dd07fa3e00255005c00
008107f7de008150081f8
002527fa4100dd4005bc0
01850ffff700823800030
00dcaff22b00262ffda40
7fffb7f7f480007008218
002680026c80de100dd48
0102f7fffc7ffff000020
00dce7fa4400260005ba0
008147f7e70081a008170
0025c7fa4800dd2005b60
01031000097fff5ffffd0
00dd57fa4a00252005bc0
008197f7e50080d008210
0025a7fa4180dcc005c48
0103300003000087fffa8
00dd87fa4a80263005b30
008227f7e900819008140
002697fa4480dd2005b90
01852000000082b000070
00dd37f2220026cffd920
7fff37f7e5ffffa0080c0
0025d0026f00dcd80dd50
010297fff97fff70000a0
00dc47fa420025c005c10
008087f7e8008180081b0
002507fa4d00dd0005b60
01842000040081a0000c0
00dceff239002687fdac0
000017f7f10000a008190
0025f0026780dd180dce0
010367ffff7fffa000070
00dd2ffa428025d805c30
008147f7e50081c008210
002587fa4800dd8005bd0
018550000b80827000028
00de27f2338026b7fd9e8
0000d7f7e900004008180
0026b0026300dd600dda0
0103900000800017fff88
00ddbffa438025e805b58
008217f7e100819008180
002647fa3e00dd6005bb0
010337fffa00000000020
00dd0ffa4100262005bb0
008157f7e40081d008170
0025c7fa4680dd6005b50
010357fff87fffb000030
00dd17fa3d0025f805be0
008137f7e10081e0081b0
002587fa4500dd9005b68
0184d7ffff808227fff78
00dd87f22d802637fd968
000087f7e680000008118
002698025b00dd280dd00
0102f0000000003000050
00dcf7fa4900263005bc0
008167f7ec8081b008188
0025f7fa4c80dd2005b88
01035000007ffff7ffff0
00dd5ffa448025e805ba8
0081aff7e4808198081a8
0025f7fa4400dd5005bb0
0102d7fff97fff77ffff0
00dcb7fa3f00259005b90
0080f7f7e100815008170
002557fa4300dcf005b50
0185b0000b00821000060
00de47f229002687fd9f0
00003ff7defffff008188
0025e0026200dd400dde8
01038000037fffd7fff80
00ddbffa4480259805b68
008207f7e0008150081b0
00261ffa3c80dd3805be8
0102c7fffa7fffbffff90
00dcdffa410025a005b30
008147f7e180813008120
0025b7fa4000dcd005b38
0103100001ffff6ffffa8
00dd37fa4400254805b80
008177f7e1008100081b0
00259ffa3f00dce005bd0
01442800060040f800000
00c3b7f3cf001a27fe600
000057f63a00002001ad0
7ff037ff0180362003618
004130000300410000010
003697fc9f7ff01001000
000057fe4ffffff009c68
001a20019d80c3300c388
014397fff980407000030
00c297f3cd0019a7fe690
7fff97f64200001001b60
7fefefff0600364803650
0040d000020040e000010
0035e7fca1ffeff001048
7fffdffe5580004009c88
0019c001a100c3700c2f8
014437ffff0040d000020
00c34ff3c68019effe628
7fffcff63600000801b10
7fefbffefe00365803620
0040afffff00410ffffb0
0035d7fc9effefc000fb8
7fffb7fe557fffb009c68
0019e001a380c3400c378
0103b000047fff8000040
00c3aff7d88019c802788
004107f63900412001b80
7ff027faf4803697ff588
000058000200005800000
00367800aa7feff8050f0
0040f7fe4d0040d009cc0
0019a7fd8f00c390082e0
01434000000040c000000
00c2f7f3d0001a07fe5d0
7ffffff63a7fffc801a70
7fefd7fefc0035a0035e0
0040a7fffd0040a000020
0035e7fc9c7ff02000ff0
7fffc7fe4f80000009bc8
0019b0019e80c2b00c2b0
010367fffc00002000000
00c337f7d2001a40026d0
004077f63600413801a90
7fef97faf4003657ff4b8
7ffff800057fffeffff70
00365000af7fef90050a0
004117fe520040a009c70
001a17fd9100c36008280
014407fff9804117fffd8
00c2d7f3cb0019e7fe600
7fffc7f6427ffff001b20
7ff037ff0700365003658
004130000200411000010
003627fca17ff00801030
00002ffe5700004809ca0
001a6001a200c3b00c328
01032000067ffff000030
00c387f7dc0019d0026e0
00410ff63600408801af0
7fefd7faeb0035d7ff568
7fff87fffaffffd800028
00356000acffefc0050f8
004057fe5880408009c88
0019c7fd9880c300082c0
0143dffffc80414800038
00c2c7f3c8001a77fe5a0
7fff47f63f7ffff001a60
7fefe7ff0f0035f003600
0041a8000800410fffff0
0036b7fc987ff01800fa0
7fffe7fe4c7fffc009c00
0019d001a280c3080c328
0143c0000180406000028
00c317f3d08019e7fe688
7fffe7f64000003001b10
7fefe7ff0680361003610
004108000900409800030
00369ffca47fefe801080
000077fe4f00003009ca0
0019d0019a00c3500c340
01447000060040e000058
00c3f7f3cc801a37fe670
000077f63600006001b30
7ff027fefd00369003660
004100000100417000020
00364ffc9ffff06800ff0
000027fe5280002009c58
0019f801a180c3680c388
010347fff97ffff000010
00c307f7d2001a08026f0
004067f6380040f001ac0
7fefb7faf5803617ff510
0000180003ffffeffffe8
00364000abffefe0050f8
0040dffe4f0040f809c80
0019d7fd9080c39008248
0143e000000040f000000
00c357f3ce801a37fe5f0
000057f63c80003001aa0
7ff077fefe003630035d0
00413ffffa0040effffd0
003637fc987ff00000fe8
7ffff7fe4e80001009c30
0019f0019e80c3380c318
010317fffc80004000038
00c307f7d6001a58026e0
00407ff63a00413001ab0
7fefb7faf5003647ff4f0
7ffff00004000007fffb0
00361000af7fefd8050b0
0040dffe558040c009c50
001a17fd9600c34008250
014498000700411800040
00c407f3c8001a47fe610
000027f63080002001ae0
7fefa7fefd00364003650
0040c8000480414800018
00364ffca27ff03800fd0
00001ffe537fffd809c58
001a0001a300c3400c3c0
0102effffe7fffdffffc0
00c317f7d50019d0026c0
004077f6358040d001ac0
7fef87faf0003637ff500
7fffb0000100000ffff80
0035f000ae7fefb005050
0040dffe5200405809c00
0019f7fd8f00c2e008248
0143e0000000005000060
00ae3ff2bc00157801130
7fe227f69e001e37ff9c0
7fed17ff60000327ffa10
003797fe938009a0016f8
0013dffbf98022b800a58
7ff3d7fed7000c87ff780
001c60002dfffdc001700
002097fdfc80206002038
7ffe1ffe8f001c0fffd10
000cb000827ff370012b0
002297ff56001390040b0
000997fe9100377001700
000340005b7fecd000a50
001dd0005dffe22009690
0014c7fef180ae700d470
0123f00001802047fffd8
00b4e7f4b2000e77ff140
000007f5d07fffd000660
7fdadffdad0014e001510
002087fffe00202800010
002e77fd14000767ff8a0
7fffb7fcf7000000015e0
7ffc4fffcc001d9801d80
002088000500204ffffd0
001dd7fe297ffc1000390
000047fea37fffc0030e0
0007a80074802eb002ed8
002067fffb8020a7ffff8
001507feab7fdac002510
7fffe7ff967fffd00a300
000e8000e800b4c00b500
012357fffe001ff000020
00b477f4b4800e87ff1b8
7fffcff5d200003000680
7fdaa7fdae001530014e0
002068000080203ffffc8
002e97fd15000757ff870
7fffeffcf4ffffd8015b0
7ffc57ffc6001d6001d88
002067ffff00206000010
001d7ffe247ffc8800390
7fffb7fea000001803070
0007080078002e9802e60
0020200005002087fffd0
001557feb07fdad0024f0
000017ff947ffff00a280
000e4000e500b4700b460
0123900000002077fffa0
00b497f4b6800e47ff148
7ffff7f5d47fffd0006e0
7fdacffdae80156801588
00205000020020e000000
002e67fd1d8007c7ff838
00002ffcff00000001580
7ffcd7ffcb001d9001d70
0020a7ffff002077fffe0
001d87fe297ffc6000370
000017fea9ffffe003088
0007d0007c002e8002e98
0020a0000080207000008
001547feaf7fdac002540
000057ff9a8000000a2f8
000ef800e700b4b80b4b8
0143d7ffff000017fffd8
00ae07f2ba0014c0010e0
7fe1bff69f001d8fffa00
7fecefff678002ffffa78
003807fe970009a001710
00142ffbf200228800a60
7ff387fed0000c67ff7c0
001c00002f7ffdd001740
0020bffdff00209002050
7ffe37fe8a001c47ffd00
000c70007f7ff38001270
002277ff5800138004080
0009c7fe91003748016e0
00035000577fecc000a30
001dc0005a7fe20009660
0014cffeec80ae400d460
0123dfffff80209800068
00b4d7f4b3000f27ff198
000007f5d100007000650
7fdae7fdae801540014e8
0020a0000100206000000
002eb7fd168007a7ff890
7ffffffcf7000028015b0
7ffc67ffc9801d9001d80
002078000300206800020
001daffe2afffc88003c8
000027fea8000040030b0
0007b8007c002ed802ea0
0020b800020020b800000
00156ffeacffdb0002528
000007ff970000200a2e0
000e8000ed00b4e00b4c0
01237ffffe00206800020
00b497f4b6000ec7ff188
000007f5d500005000678
7fdb07fdaf001570014f0
0020b7ffff002097fffb0
002eaffd1500078fff830
000017fcf6ffffe001580
7ffc97ffc6801d6001d80
002097fffe00206000020
001d9ffe247ffc98003b0
7ffff7fea180004003088
0007700077002ec002e60
0020580000002097fffd0
001527feae7fdae002500
00000fff980000080a2b0
000e9000e980b4a00b480
0123c000028020d800048
00b4eff4b2000f1fff160
7fffe7f5cd00004000638
7fda77fdad00153001500
002050000400208000000
002ea7fd1a8007a7ff878
000017fcf8000010015b0
7ffc67ffc9001da001da0
00207000030020b000010
001da7fe29fffca000378
000007fea600002003080
000780007b002ec002ea0
00207000038020d7fffe0
001537feb17fdb00024c0
000017ff9d7fffd00a290
000ec000f000b4800b4c0
0133e80001000fffffff0
00a847f3300005ffff8c0
7fe12ff6500000f8004e0
7fdf67fee9800db000768
002ac7fee5000cd7ffae0
001367fc0400007ffff60
7fec4ffe2a00078800ad0
000bb800158010a800180
001be7fe480004b7ffb48
7ffd27fdfa0000f800950
7ffd5fffde800f5800a38
001657ff90800c47ffc58
000adffe587ffeb800390
7ffa7fff5b0008c801000
000ba0002580123000380
001257ff11000277ffe10
000017ff0100004001050
0002b000220012c800f10
001247ffc5800bf7ffd68
0008a7ff007ffa8000a10
7ffeb7ffca000af001a58
000c60003a801658006b0
000f5fff5b7ffd28001d0
0000e7ff6b7ffce002050
0004b0004c001bb001b70
0010b7ffe6800b67ffea8
00076fff51ffec0801d98
000040000b00135004000
000ca00054002ad0011c0
000da7ff8d7fdf3001180
000117ffb67fe11009b30
000628007500a8480cd20
012377ffff7fffe7ffff0
00ab3ff42f00093800860
7ff007f5ec000fd7ffe60
7fd627fe11800487ff9c8
001f2fff9e00014000620
0020e7fc96000db0007f0
7ff2b7fd3a000d47ffbb0
7ffbe7ffdf000077ffe70
001bb7ff468004b000b88
000cbffdc60010c0005e0
7ff6fffef08008bfffaf8
0008c800227ffe4000560
001657ff118009d000f38
0003affe848011a8002b8
7ffcf7ffbe000327ffd60
000f1000077fff3000de0
000fcffefd80102801048
7fff47ff28000f47fff40
000380002b7ffcb0003d0
0011cfffd1000368017d0
0009d7ff0b00166800f10
7ffe67ffaa0008f7ffdd0
0008e0004e7ff700010d0
0010b7ffa0000cb002388
0004b7ff4a001bb000b70
0000c0001a7ffbc8001f0
000d9000417ff28002c60
000dcfff7b0020d0036b0
000147ff9b001f4000620
0004a000617fd63001ee0
000fe000157ff0100a130
00092fff7680ab480bcf8
0133d7ffff00100000000
00a827f3300005e7ff8a0
7fe0fff6510000c0004e0
7fdf57feee000d9800798
002b17fee8000cf7ffaf0
0013b7fc0000007ffff20
7fec47fe2500074000ab0
000b800015001080001a0
001beffe490004d7ffb60
7ffd2ffdf900010800910
7ffd57ffdf000f2000a00
001677ff93000c07ffc50
000b37fe577ffe90003a0
7ffaa7ff560008b001010
000ba8002300121800370
00127fff0e800257ffde0
000047fefa7fffd001038
000278001a00124800f40
0011d7ffc3000bbfffdd0
00086fff00fffa9000a70
7ffea7ffc9000b0001a80
000c300039001658006d0
000f2fff5cfffd38001f8
0000f7ff6dfffce002068
0004e0004a801bb001ba8
0010b7ffe2000b97ffee0
000737ff4effec5001d88
000010000a80137003fd8
000c880053002ac0011b0
000d7fff8b7fdf4801180
0000d7ffb57fe13009b10
000600007600a8400cd00
0123a000007fffe7fffe0
00ab77f42d00092000890
7ff007f5ea001007ffeb0
7fd627fe120004e7ff9d0
001f57ff9e80016000608
0020fffc94000db000810
7ff297fd38000d87ffbe0
7ffbd7ffe08000c7ffe60
001bd7ff488004c000b58
000cd7fdc58010c0005e8
7ff707fef10008f7ffb10
0008e00023fffe9000538
001687ff110009e000ef0
0003a7fe84001180002a0
7ffd07ffc2000317ffd60
000f78000b7fff1800de8
00105ffefa00101001080
7fff67ff1f800f67fff90
00033000287ffd20003f8
0011b7ffd48003c0017a8
000a17ff0d00168000ee0
7ffea7ffa80008e7ffdb0
0008f0004b7ff6f0010d0
0010c7ff9e800ca002398
0004afff48001bb800ba0
0000b000197ffbe000220
000d9000417ff2b002c78
000dc7ff7a002100036c0
00011fff9b001f7800620
0004780064ffd66801eb8
000ff8001a7ff0100a110
000967ff7780ab400bd08
012bb0000000084000010
00a507f36e000347ffc20
7fe0bff631000070001f0
7fd8b7feb10006b000380
002417ff120006b7ffd30
001307fc1a000067ffea0
7fe957fde00002f0004a0
0003900006000828000f0
001887fe79800367ffce8
7ffcb7fdd0000070002a0
7ff6b7ff998006a800450
000f7fffb30006dfffde0
000a97fe6600004ffff20
7ff7a7ff040002d000570
0003500009000850001d0
000ee7ff3a000377ffd70
7fffeffecc00002800350
7ffc1fffcd00069800550
000b4fffdb0006ffffeb0
000877ff0000003000000
7ffbb7ff60000300006a0
00037800120008e800280
000befff81000377ffda0
000157ff287fff9000430
7ffe07ffe08006b0006b8
000947fff2000777fff48
0007a7ff4a7fffd000070
7ffdc7ff8a80028000808
0003580016000948003e0
000a2fffa900037fffe40
0001ffff5e7fff1800580
7fff07ffee00072000870
0007f00000800807fffe8
0006f7ff797fff0800130
7ffeefffaa80021000a38
000370001f000a4000578
00094fffc400038fffea0
000277ff817ffe1000750
7fffcffffb0007c000b20
000780000d000920000b0
0006cfff947ffde800200
7fff97ffbd00016800d80
0003600027000bf0007c0
0008e7ffd9000367ffed0
0002f7ff97fffbc000a18
000038000180089000fe8
0007180016000b1800220
0006a7ffab7ffbd000360
000037ffcb000010013a0
000380002b000f5000c60
000877ffe4800387fff20
0002ffffa77ff78800fa0
000058000b000a98019a8
0006c80020000f90004b0
000687ffba7ff6a000630
000057ffd67ffc90022f0
000340003200187001850
000807fff2000367fff88
0002f7ffb8ffe92002210
00006000180012f003e80
0006b0002d00242000ef0
00068fffc97fd8a8014f0
000067ffe37fe0b009d00
000340004000a5100c920
012bbfffff80081fffff8
00a50ff36d00031fffc30
7fe0a7f63000006000210
7fd8b7feb40006a0003a0
002457ff130006c7ffd50
001337fc17000087ffe90
7fe947fddd00030000480
0003700007000810000e0
0018a7fe7a800357ffce8
7ffcc7fdcf000068002a0
7ff6b7ff9a0006a000450
000f9fffb40006dfffdf0
000ad7fe64000067fff30
7ff7b7ff010002f000550
0003700009000838001a0
000f37ff38000347ffd60
000027fec400002000360
7ffbd7ffc50006a000550
000ae7ffda8006f7ffe88
000867ff0200000fffff0
7ffbd7ff5e0002d0006b0
000360000f0008d0002a0
000bc7ff8100036fffdc0
000157ff297fffa000450
7ffe07ffe00006e0006b0
000937fff0000787fff20
000787ff497fffb000060
7ffda7ff8a00027000800
0003480017000940003c0
000a37ffa9800357ffe18
000207ff5d7ffed000580
7ffeffffed00070800890
0007f00001000817ffff0
000707ff797ffee000110
7ffef7ffa90001d000a50
000360001d800a38005c0
000957ffc30003a7ffec0
000287ff7f7ffe0000730
7fffb7fff800079000b30
000760000c000920000e0
0006c7ff957ffe1000210
7fffa7ffbb00017000d60
0003480023800bd8007c8
0008a7ffd7000367ffee0
0002c7ff997ffbd000a10
000030000380088000fd8
0007100016000b0800210
0006a7ffaa7ffbb000340
000017ffc9ffffc0013a0
000350002a000f0000ca0
000847ffe4800387fff88
0002d7ffa9fff7c000fd8
000048000d000ab8019b0
0006c00022000f90004b0
000697ffbb7ff6a800640
00005fffd77ffc8802300
000340003280187001880
000817fff2000387fffc0
000307ffb77fe95002220
000060001600131003e80
000690002c00243000ef0
00067fffca7fd8d0014e0
000077ffe37fe0c009ce0
000340003e00a5000c920
012bb0000000000000000
00a287f34d80028000208
7fdcdff63e0003e7fff30
7fd807feca0000b7ffe70
002367fef68000b0001b8
000f37fc098003d000108
7fe6e7fdfc000277ffe40
000380000200001000040
0015f7fe5700029000220
7ff8f7fddc0003c7fff40
7ff617ffad8000a7ffec0
000ea7ff938000e0001f8
0006bffe550003d800110
7ff567ff1e000247ffe60
000367fffffffff000098
000c47ff140002a000260
7ffc47fed40003b7fff80
7ffb67ffd90000b7fff40
000a17ffb700013800240
000467fef0800410000f8
7ff9a7ff78000217ffe80
000370000200000800100
0008f7ff5a0002f000270
7ffda7ff338003b7fff48
7ffda7ffec000067fff50
00081fffc8000128002a0
000377ff3800043000120
7ffbb7ffa2800217ffe80
00036000037ffff000130
000737ff7e800300002a8
7ffe57ff680003b7fff60
7ffebffff600004ffff80
0006d7ffd4000120002d0
0002d7ff6580042000138
7ffd17ffbe0001d7ffec0
00038000057ffff0001a0
000627ff95000328002f0
7ffed7ff890003a7fff80
7fff9ffffd000037fffe0
000637ffda00015000330
000287ff7f80045000148
7ffde7ffce8001b7ffee8
00038000067fffe000210
000577ffa600037000330
7fff4fffa00003affff78
00004000007ffff800010
0005b7ffdd00017000390
000237ff9380047000178
7ffe8fffda8001affff08
00039000047ffff000270
0004d7ffaf8003a000350
7fff67ffb08003a7fff68
00009800057fffc000060
000557ffe0800178003f8
0001f7ffa200049000180
7ffef7ffe4000167fff20
0003800004ffffc0002d8
000447ffb80003c0003a0
7fff77ffbf000387fff90
0000e0000a7fff80000e0
00050fffe48001a800488
0001d7ffaf0004b0001a0
7fff57ffed000117fff60
0003a000077fffa000390
000427ffc000042000410
7fffb7ffc9000397fff90
000140000c7fff3000130
0004efffe50001c800530
0001b7ffb6000500001d0
7fff77fff28000f7fff78
00037800087fff7800420
0003d7ffc700045800480
7fffdfffd200038ffffc8
000170000d7fff00001d0
0004a7ffe7000210005e0
000187ffbf000550001f0
7fffb7fff8000097fffa0
00037800087fff58004f0
00038fffcc0004c800510
7fffefffdb00038ffffc0
0001a0000f7ffe9000260
000467ffe9000230006c0
00015fffc80005a000230
000010000000002000000
0003c800087fff3800620
000377ffcc000580005c0
7fffe7ffdf000397fffb0
0001b00011fffde000318
00043fffea00027800810
000137ffcd00064000270
00002800047fffa800030
0003a80009fffed800770
00032fffd3000620006b0
7ffff7ffe800038ffffc0
0002000015fffd2000428
000447ffeb8002e0009b8
000127ffd20006e0002c8
0000500009fffec000098
0003d0000b7ffe4000988
000327ffd380072000840
7fffffffea00039000000
00020800177ffc08005e0
000437ffed00039000c50
000117ffd600081000350
000050000b7ffd9000150
0003b0000bfffdc000cc8
0002e7ffd800091000a40
7ffff7fff1000377fffc0
0002180019fff9a800880
000417ffef800480010f0
000107ffdc000a1800460
00008800117ffb4800250
0003e8000d7ffc28012d0
0002f7ffd9800c6000ec8
000007fff3000387ffff0
00023000197ff56000e10
0003e7fff00006b001ab0
0000efffe0000ea8006b0
0000a000137ff60000500
0003d0000cfff8c002228
0002a7ffdc0015d001a90
7ffff7fff9800377ffff0
000248001d7fe6d802040
0003d7fff1000f2003f70
0000cfffe4002358010b0
0000a000187fd80001370
0003d0000f7fdce009c10
00028fffe000a2880cb20
01ea600ad001ea600ad00
7ed5801a857ed5801a850
009cc01ee4009cc01ee40
000000000000000000000
7e970fe8cffe970fe8cf8
000000000000000000000
004f3fe002804f3fe0028
000000000000000000000
7ee7501b5c7ee7501b5c0
7ea777e7af7ea777e7af0
7df99002767df99002760
000000000000000000000
01bc7fef4a01bc7fef4a0
000000000000000000000
01e0a00c0e01e0a00c0e0
000000000000000000000
00a7c01ea300a7c01ea30
7dfb8001c87dfb8001c80
7edec01aed7edec01aed0
000000000000000000000
00435fdfce00435fdfce0
000000000000000000000
01c3aff00301c3aff0030
000000000000000000000
7dfda003517dfda003510
000000000000000000000
7e9e27e84b7e9e27e84b0
000000000000000000000
01e6600b7881e6600b788
000000000000000000000
0094a01f120094a01f120
000000000000000000000
016b4016e9816b4016e98
7e3a000fc77e3a000fc70
7fb59020137fb59020130
000000000000000000000
7f5c57e13d7f5c57e13d0
000000000000000000000
012407e550012407e5500
000000000000000000000
7e466010e27e466010e20
000000000000000000000
7e1df7f4337e1df7f4330
000000000000000000000
0202affd1c8202affd1c8
000000000000000000000
015e5017f4015e5017f40
000000000000000000000
7fc2d020387fc2d020380
7e2237f3707e2237f3700
7e3f70103d7e3f70103d0
000000000000000000000
011bf7e4e7811bf7e4e78
000000000000000000000
0204a7fdcc0204a7fdcc0
000000000000000000000
7e176ff4ee7e176ff4ee0
000000000000000000000
7f6947e11e7f6947e11e0
000000000000000000000
0165b8177a0165b8177a0
000000000000000000000
7faa7020097faa7020090
000000000000000000000
01b640114c01b640114c0
7e80d015b87e80d015b80
002970203c002970203c0
000000000000000000000
7ef127e44f7ef127e44f0
000000000000000000000
00bf87e1c600bf87e1c60
000000000000000000000
7e8dc016c67e8dc016c60
7f05d7e3997f05d7e3990
7dfdc7fb2dfdfdc7fb2d8
000000000000000000000
01ec87f60801ec87f6080
000000000000000000000
01aa50127881aa5012788
000000000000000000000
003918204880391820488
7e014ffa91fe014ffa918
7e8550163d7e8550163d0
000000000000000000000
00b587e19480b587e1948
000000000000000000000
01f117f6b881f117f6b88
000000000000000000000
7dfd97fbed7dfd97fbed0
000000000000000000000
7efd47e3dc7efd47e3dc0
000000000000000000000
01af6011e601af6011e60
000000000000000000000
002070204100207020410
000000000000000000000
0112901b738112901b738
7e0df008f8fe0df008f88
7f45001e4d7f45001e4d0
000000000000000000000
7fced7dfc6ffced7dfc68
000000000000000000000
017d27ea13017d27ea130
000000000000000000000
7e14d00a577e14d00a570
000000000000000000000
7e53a7edc57e53a7edc50
000000000000000000000
01ff90045701ff9004570
000000000000000000000
00fe201c3400fe201c340
000000000000000000000
7f52101e867f52101e860
7e5b4fed497e5b4fed490
7e11f009b37e11f009b30
000000000000000000000
01765fe98981765fe9898
000000000000000000000
0200f005340200f005340
000000000000000000000
7e4bcfee467e4bcfee460
000000000000000000000
7fda17dfb27fda17dfb20
000000000000000000000
0106401bdc0106401bdc0
000000000000000000000
7f3c401e077f3c401e070
000000000000000000000
005ff012aa818a77f8258
01c9580ebc00210ffc140
004e600f72004e600f720
004e600f72004e600f720
7f4b87f4687f4b87f4680
7f4b87f4687f4b87f4680
0027a7f0010027a7f0010
0027a7f0010027a7f0010
7ec7600185801ff019d68
7eb120187280363002e98
7efcc8013b7efcc8013b0
7efcc8013b7efcc8013b0
00de47f7a500de47f7a50
00de47f7a500de47f7a50
00f050060700f05006070
00f050060700f05006070
7f51a010358156200e6d8
0062201f758045a7ff2d8
7f6f600d76ff6f600d768
7f6f600d76ff6f600d768
0021b7efe70021b7efe70
0021b7efe70021b7efe70
00e1d7f80180e1d7f8018
00e1d7f80180e1d7f8018
7efed001a8fefed001a88
7efed001a8fefed001a88
7f4f17f425ff4f17f4258
7f4f17f425ff4f17f4258
00f33005bc00f33005bc0
00f33005bc00f33005bc0
004a500f89004a500f890
004a500f89004a500f890
7fd2a013580198a003910
0133d819a500376ffd450
7fdac81009ffdac810098
7fdac81009ffdac810098
7fae2ff09effae2ff09e8
7fae2ff09effae2ff09e8
009207f2a8009207f2a80
009207f2a8009207f2a80
7f233008717f233008710
7f233008717f233008710
7f0efffa19ff0efffa198
7f0efffa19ff0efffa198
010157fe8e010157fe8e0
010157fe8e010157fe8e0
00af280bfa00af280bfa0
00af280bfa00af280bfa0
7ef28009d400d05016640
7f7ce81f0a8045e8012d8
7f1fb8081eff1fb8081e8
7f1fb8081eff1fb8081e8
008dfff274008dfff2740
008dfff274008dfff2740
010257fee6010257fee60
010257fee6010257fee60
7f0bb7fa777f0bb7fa770
7f0bb7fa777f0bb7fa770
7fb4a7f08f7fb4a7f08f0
7fb4a7f08f7fb4a7f08f0
00b2e00bbd00b2e00bbd0
00b2e00bbd00b2e00bbd0
7fd5381004ffd53810048
7fd5381004ffd53810048
001b881382019abffdca0
0188e0149f802d67fcac8
0014b8101e0014b8101e0
0014b8101e0014b8101e0
7f7897f227ff7897f2278
7f7897f227ff7897f2278
005fc7f0e3005fc7f0e30
005fc7f0e3005fc7f0e30
7ec9cffd2fffc3f819968
7e63a81334802a1803918
7efee7fd977efee7fd970
7efee7fd977efee7fd970
00f647fb0400f647fb040
00f647fb0400f647fb040
00d528093c00d528093c0
00d528093c00d528093c0
7f1d300d6d011be812db8
7ff118201a004800002e8
7f42a80b1eff42a80b1e8
7f42a80b1eff42a80b1e8
005ac7f0ca005ac7f0ca0
005ac7f0ca005ac7f0ca0
00f88ffb5c00f88ffb5c0
00f88ffb5c00f88ffb5c0
7efecffdf6fefecffdf68
7efecffdf6fefecffdf68
7f7ea7f1ee7f7ea7f1ee0
7f7ea7f1ee7f7ea7f1ee0
00d7b008f300d7b008f30
00d7b008f300d7b008f30
001038102080103810208
001038102080103810208
7f90401236018250093d8
00d1101d4a004187fe290
7fa2800f26ffa2800f268
7fa2800f26ffa2800f268
7fe76fefe37fe76fefe30
7fe76fefe37fe76fefe30
00be97f50980be97f5098
00be97f50980be97f5098
7f0a68052bff0a68052b8
7f0a68052bff0a68052b8
7f29d7f6e2ff29d7f6e28
7f29d7f6e2ff29d7f6e28
00ffc8022b80ffc8022b8
00ffc8022b80ffc8022b8
007f100e1a007f100e1a0
007f100e1a007f100e1a0
7ed6b005e7807b60189e8
7f13501c69003ec0021d0
7f08f804d9ff08f804d98
7f08f804d9ff08f804d98
00bb37f4c500bb37f4c50
00bb37f4c500bb37f4c50
010078029a010078029a0
010078029a010078029a0
7f25e7f7237f25e7f7230
7f25e7f7237f25e7f7230
7fed0fefd97fed0fefd90
7fed0fefd97fed0fefd90
0083200dee0083200dee0
0083200dee0083200dee0
7f9e200f03ff9e200f038
7f9e200f03ff9e200f038
005728110e0008c8019c0
0157c00b1880719803a38
0140cff9a00049affe860
004c37f6d97fd4e0053b0
7fb997f234ff91f002338
7f5947f3ac7ff24000bc0
7f25cff8f70025bffb710
7f3d47fefc000e47f56c0
7ee21001607fe55000250
7f03e012637fad40060f8
0019d0150500062004d18
007db006c07fb887fc2a0
00e74ffed67ff6fff8cf0
00e637f8a4fff817ff008
009f5ff450003ee803550
003c47f46180a20003438
7f60800ed67ff120015f8
004a1817af80180807c60
0116c00bbc003f6002b20
00a227fe067fa38001270
0081c7f3f47f9ff7fbf30
003377f022ffee47ffc48
7fd0e7f0e50050d7ff020
7f93cff5ca008deffa1d0
7f26f7fae77fd7e006c18
7efdd0008c000100011c0
7f2090065c7fde47fb4d0
7f7ae808ee7f83eff8ba8
009ec00aa2805477fb198
00ebc006b8000777ff040
00f5e0008bfffd5005308
00b737fbbb803c000a008
7fd6b011b17ffbf001a70
00e7801350804c6006548
014ca002f2004c00009f0
008397f9c9ffb3d0037b8
002017f1a37f8e17fefb0
7fbf3ff05dffeef000410
7f6c57f3bf0041d7fcdf0
7f57fff9cd005637f6d18
7f19100145000a20072c0
7f1b00077600083000fb0
7f62600bc17fc0d7fcb00
7fc5700ba27f5dc7fccf0
00d8400544002917f94a0
010257ffa47fff07feea0
00e07ff9ce0020d804c00
008687f72c007ad007620
7f092008f97fe96000db0
7f9d1817597fdfd007b20
00a920123400273004300
00a03002acffa5c7fe810
00c827f8ad7fc5d7f9c70
009c17f3217ff1e7ff530
003e37f127804fd0014c8
7fe577f3e880a897fe8b8
7f602ff5837fab8804f40
7f13dff9707ff7d801070
7f0a57ff96800167fae08
7f4920045bffc297f61b8
0044100de1006ed7fddc0
00a4f00c7a000df7ff430
00d99007357fd95004880
00c33001277fefb00a960
00182011d000036801b20
0126f00f8d0061f005120
014e57fe3f004c77ff8b0
006a8ff82e7fc2d8047e0
7fec2ff1857f8c6800a20
7f88a7f19e7feff000890
7f4367f616003537fc120
7f44f7fc4e0033a7f5d98
7ee457fd637fe577ffcc0
7ec9480e6f7f9a6004c60
7fceb014d47ff54004c20
0062500851ffc7c7fb400
00e5b00220001097f8e40
00fabffc107ffb8ffef40
00c507f6d9003140042b0
006407f588809240057b8
7f2ff00c467fed4001270
7ff480182afffc9807ef8
00e6e80f5880350003830
00a5d800587fa22fffd68
00a9a7f6137fb127fab70
006b07f1437fefc7ff870
000847f0a100528000290
7fbb47f48b009f87fc3f0
7f3eb7f7f27fc01006040
7f0217fcddfffcb801190
7f0ed003067feff7faf00
7f5d8806d0ffa147f7260
0073f00c8a0063c7fc690
00ccd009d1800ae7ff218
00ece003f87fead004fb0
00c15ffe6a0016580a890
7f996010ae7ff6e001880
009d3016110033e007390
013a60078b0047f001b30
009787fbca7faa00025f0
005307f2767f9477fd6d0
7ff917efdb7fee5800080
7f9c07f1fd004b6ffde60
7f7257f79c00751ff8470
7f1a27fe077ff05007248
7f05e8041800048001130
7f3c4809477fce27fbe40
7f9d600a8aff6d17faa10
00bf700823004067fa090
00fc900343000337fee80
00f0b7fd1d000f10050e0
00a2c7f94b005d1008e10
7eefd00560ffe6e000870
7f4dc015617fc59007080
00648014078016e004970
00922004cd7faca7fd500
00ddd7fbafffdd67f9158
00c707f5a37ff437ff220
00726ff25f0048c802660
0011a7f3cc00a99000f90
7f8977f37e7f9c7003a50
7f30e7f6477ff50000dc0
7f11bffc2900142ffafa0
7f3e4001b37fe7a7f5700
0010a00e79007287ff750
0073e00e6f800f47ff7e8
00b9b00a067fc97003e80
00b91803d27fca080a1c0
00086001a1004ed00f6d0
00392001d9011ea009400
002b77ff2601155ffa7a0
7ff95000da0052e7f5ff0
001600043efff2cffd5d8
0040e002138030c001900
7ffdb0000a004bf7fe7c0
7fc378075500116ffde60
7fe4b0001b7efd6001450
7fd5c0030b7f2e200f580
00032002db0016b0122a0
7ff487ff6980893007568
7fb920005b002c37ffca0
7fd0c003737fdc80029c0
7fffb7ffd700067004fa0
7f9b6ffaa3001d1801870
7ff12001657f6f600d710
000c4003e6003de013c98
002540019180f1800a2a8
7ff0e0002f00b147fdd70
7fd82803b00018fffdaf0
000db00471800a5803548
7ffd87ffea0041e002c80
7f7e300199002557ff8e0
7fe2d802c57f441ff8220
000060008f7efd77fffd0
7fea57fdf0ff3640086b8
7fc0fffe5c7fb9f00a920
7fc4c000bd00132006040
7ff7d0008700093000950
000d77fbe07fd0d7ff6d0
7fc4e7f7077fbf1001b40
7ffb6001aa7fdb5010070
0025f0033600c190101b0
002cc80067011fd8028b0
7ff3d0008f008fc7f93a8
7ff5d00463000627fd440
002b50039c00211002b88
7ffd0ffff6804ef800a88
7f960004f4001dd7fe880
7ff8a80344ff206ffe008
0003b8007a7f174806fc0
7fdd87feba7f84e00d070
7fbb30003e800a400b638
7fcf60024d803ac004de8
7ffc4000ba000bf000410
7fefb7fbf07fd12000c00
7f8cc7f986ffd10003488
7fe8a000d37f208008260
7fef4003dd7fade0137c0
001690027a8092900fb98
7ff1a7ffca00ae9002e20
7fc2e8023f00267ffe9c0
7feda00462fff230034f8
7ffebfffdf00287804510
7f8097fde880253000988
7fd22001b27f8e17f3d10
7ffc500082ff178ff8ed8
7ffadffd897f0f78020e0
7fd277fcc3ff76b007980
7fc4a7ff03ffe6e005f08
7ff3d0004100041000c60
002807fcb17fd967fe2f8
00093ff65c7fb95fffc00
00022001aa80160010258
003050028f00f6a00cfe0
002c67ffc90121f7fe760
7ff62800c8807467f7658
0006c004767ffca7fd3c0
00380002e58029f0022c8
7ffd37fffc004f47ff8f0
7faa80065100185ffe2d0
7fe507ffc1feff57fda18
7fcc6802667efce00c090
7ff93802d37fd57812010
7ff6f7ff45006b60090c8
7fb9dfff61802b98006a8
7fc65002b77fd410020f0
0000d7ffd17ff47004f10
7fb11ff9580016a801e80
7fecc8012cff43280b198
7ffe9003ff7ff5f0142c0
001f70020e00c7800d4a0
7ff11ffff700b4c000610
7fcc58030a8020effe1c8
7ffde804877ffeb003688
7ffe47ffe00036c003a30
7f7befffbf00264000180
7fd950023e7f6567f5b40
7ffdb000857f0467fc590
7ff1a7fdae7f1d3005580
7fc80ffd85ff9580094b0
7fc357ffe47ffcc006200
7ff5e000670006e000b20
001ba7fc2d7fd457fec30
7fe697f6717fbab000b50
7ff63001927fa3300f1c0
0019f803a880833812688
002a900107010fd006840
7ff2a0006100a4e7fb690
7fe6d8042080100ffd678
001d90041d801650031b8
7ffd77ffed004a8001c60
7f8740035a0022c7ff050
7fecc803157f2d5ffaf20
0001a00088ff0450038f8
7fe2effe4d7f59600afa0
7fbc47ff4a7fe1200b410
7fc870018f0027e005950
7ff99000a7800af0006b8
7ffe57fbd37fcfd000110
7fa6bff819ffc65802878
7fe6d000887f090004d88
7fe31003867f6ab011db0
000da002ab0056e0115c8
7ff247ff8e809fe0053e8
7fbc200158802ac7ff2e8
7fdea004067fe6f003020
7fff47ffd70017a004c00
7f8afffc2e0021a801220
7fcd0800fbffbc6ff2828
7ffa28006c7f36bff5db0
00033ffd857f0e87fea40
7fdecffc3cff5f7805768
7fc9e7fe3effd29005668
7ff3d8001600012800c60
00337ffd507fe0b7fdaa0
002bb7f6b27fbbf7febe0
7ff68800de0011d800c30
000c9802ac802c8fff2c8
001fe800db000b8ffe4b0
7ff540006180041000788
7ff3f003d0002210006e0
002a4003390016a7feda0
7ffd9fffff800018000a8
7fadd8063a0015a0011b0
0031900fcb801d47ffa18
011c30098f800277ffb08
010c97f91b8008c0015e8
003427f565001ec0009a0
7fe897fdc8000a37ff958
0032c000507ffe0001400
003247fcde0019b0019e0
7ffcd7fe0600149fffe00
7fea000215000727ff500
000730023880051001ad8
00025000178022f0017a0
7fd6f000810019f7ffae0
7fdb50036a7ffcd800460
00081002950005a001dd0
7fe2d7fec8001ab001220
7f72f001bc000b47ffdd0
7f78c00c987ff6a000d90
00381011d20005d001f80
00dd90094c0013f000de8
00b267fdce7ffee000090
0027c7fc4b7ff13801640
0003f0014380066802110
0035000238000ce000900
00352fff56fff02800378
7ffa000277000167ff330
00158801d100106801650
0002900006802a3800608
7fde600193001577fefc0
7ff6c004157fff10004e0
001970021a8011e001818
7fdd67ffad001fa8004a0
7f8cf00560800917ff938
7fddb00f007ffda001070
00ae480e81001348019a0
0107c0025580181000358
0090cff92f7ffef8000b0
0009d7fb9d7ffc5001a70
000cb0010c00146001ac0
003f70008b000f88001d8
002b17fdf17ff2c000970
7fdd600142800b47ff908
7ff6a002347ff8a001a90
000160002980153002510
7fd787ff57001a2000730
7fc6e002167ffc0800290
7ff52002947ff88001ce0
7fee97fe2600102801b90
7f758ffdbb000b08002d0
7f2ec807a2fff1b800838
7fb620118efff7c001ed8
0086800e6a000c10014f8
00aff002e67ffea7fffc0
003dbffdc2ffe8c000d98
7ffad80143fff758020c0
00208003750007f000dc0
0034e000da7ff057ffbe8
7ff39000b6000e9000f48
00029802c5002dbfffca0
001bb001470010b7fe820
7ff410003f000218008a0
7fe7100390001fb000e60
001e0803b38019ffff320
7ffd67ffef7fffd0000d0
7f995004ed80113001638
7ff8101018001df0000d0
00f3000d438003a7ffba8
011e37fd038003c001728
005897f665001bd001008
7ff147fd82000b67ffba0
00306000fefff990012e0
003c1ffda280132801ec8
00040ffe0400145000290
7fe31001b50009c7ff770
7ffef002447fffa001bb0
0001f80020801d7801ed8
7fd647ffec801ad0000a8
7fd01802d37ffc4000380
7ffed002a3ffff1801e38
7fe827fe6880162001778
7f707fffb8800b7000068
7f4f300a627ff3f000b80
7ff6e01227ffff1002048
00b6a00c2c0010e0011e0
00b5c800607ffef800010
003447fcf67feca801260
7fff90014c7fff20021d0
002bc002ea000b0000b90
003638001ffff00ffff88
7ff18002538004b7ff3e8
000ea00215000b6001940
0002a000140027f000f30
7fda0001120018a7ff4f0
7fe89803d87ffe4000490
0011580268000c3801b58
7fdf8fff36801de800b68
7f7cf003a4000a57ffb60
7fa9280e237ffa0800f90
0076181092000d2001d60
00f8f005f80016e0008c0
00a5e7fb61ffff0000078
001987fbd97ff688018e8
0008780130800dd801eb0
003bb8016f000ec800570
00319ffe9f7ff12800660
7fd9f000c2000ce7ffc60
7fef5002017ff3c001850
0000b00026000cf002850
7fda9ffeca0017a800c40
7fc100013ffffb2000190
7fec80025a7ff22001ac0
7ff5a7fdeb8009a001eb8
7f80c7fbd8000a4000560
7f189004897ff070004f8
7f796010167ff15001c50
004f980fea00074801730
00a0e00546ffff07fff80
004407feafffe6c0007f0
7ff6700129fff08001d88
00132003d400048000ec0
00304001997ff16fff890
7ff0400179800647ff648
000ba0026b80010000410
0011400075800eb000658
7fe82000ce000d27ff940
7ff37803ec00007fffe40
00227002a18007d000978
7fed40000000105800000
7fa93006948004a7ffa58
0030300f5700016000750
010e100914000e20007b8
0101b7f961000ae7ffba8
0034a7f543ffff8000218
7fe087fd0880081000bf8
0023a00039000f2000170
002fb7fd06800297ffd78
7ffbc7fd5380011000b28
0003700028800e70009a8
002367ff5900092fffd38
000df7fdeefffd98005c8
7ffbd7ff8180084000f70
0013a80041000e68002d0
001727fed57fff8000050
000037ff037ffff001070
0006680053000f3800c80
0016c7ffb9000687ffe88
0008fffef87ff97800b88
7ffff7fffa0008d001640
001000004d000ec0004d0
001037ff53fffa0000420
0000c7ff947ffd4001ac0
0007680074001248012a0
00125fffe1000247ffff0
7febb001dd000e50009a0
0007d00208800db7ffc88
0002300015800067fff10
7fda4800d700041800bc0
7fe76003b0000f6000650
0011a002590007d7ffc10
7fdf37ff5f7ffe30004e0
7f8570048e80078000d20
7fd0100ed2800da0002d8
00ac480e9b000207ffe60
01092001ad7ffea000a88
008657f86d000a7800c20
00002ffb988009a800048
000f4000dcfffd70002f8
003e07ff9d00017000ee0
001eeffd5e000c2800930
7ffd37ff3f800437fff38
0015c800d8fffaa0008c8
00253fff5000050001100
000a67fea5000b1000570
000178003cfffd9800118
00177000897ffa7000f90
0016d7ff3f0008e0010b0
000227ff770006f0001c0
0006c000a67ff6e000610
0016a000387ffcb001620
000cdfff5a000b3800dc0
000008000cfffef7fffe8
000b8000b67ff0d000f10
001317ffef80015001bc8
00053fff96800a5000870
0001000078fff1c0001e8
7feb500135800847ff808
000290028400001000410
000f0000b0000cb000970
7fe5e00077000e37ffc80
7fe61003a9000107ffe70
001870030800059800ab8
7fedb7ffb8000fb000370
7f93c00533800597ffba0
7ff8400fa07fffd000780
00e6e00c9c000c2000a70
0112cffd24800b6fffdf0
0059c7f646fffed0001e8
7fec2ffcaa00051800d80
00221000b3000e50004c0
003937fdc30002f7ffe00
0005affd547ffe6000b00
000300002c000b9000c80
0024afffd2000917fff80
00149ffe2a7ffc1800580
7ffd7fff760004a001140
0012300084000d8000620
001a87ff2dffff7000048
000387ff0b7ffc5001020
0005200069000c1000fa8
001750000a0006a000030
000c77ff1afff73000a00
7fffd7fff70003f0017b0
000e600084000d70007d0
001227ff90fff94000298
000227ff967ff77001980
000550008a000dd801620
001210002500024000040
7fe5b8018b000bc800c90
0000900217000e17fffe0
0001e0001b8000c7fff88
7fd850004b8001b000c68
7fdb000340800d9000978
0008f0028700086fffe10
7fe237feec7ffd50004a8
7f783002bc8004c000e78
7f9c680dc9000cc0005a0
0073d010a4000247ffee0
00fc7005567ffc8000a20
009e17fa800007d000e18
001017fbb580097000238
000bc0010d7ffcb800240
003dc000817ffdf000ee0
0027e7fde38009b800bb8
00008fff3800042800060
0012600118fff900007b8
00267fffd5000178011e0
000ec7fed60009e000790
0000c800447ffd7800050
00153000d87ff71000de0
001917ff930004e001240
000407ff8000065000360
00044800b8fff5c000408
0015380086fff7e8014f8
000ee7ff8b80080001008
7fffd0000b7fff37fffc8
00087000da7fee1000b48
0012a00037fffb3801b38
0006a7ffb100082800a60
7fff78007a7ff1b7ffec0
7fedf801ab00024fffce0
000a80023680012000350
0009c8004400077800320
7fe26000fd8005c7ffd08
7ff36803eb00001000010
001e500252000420004f8
7fe57fffff0007c800010
7fa73006ba000207ffdb0
002f500f170000e000400
0106e008d7000730003d0
00fc17f9860005a7ffdb0
0034c7f53a7fffe0000a0
7fdcc7fcaf0003c0005a0
001c10002c800790000c8
002ddffd220001dfffe40
7ffb37fd0a00009000498
7ffc7fffe00006f800488
001e07ff74000567ffe50
000e87fdd97fff7000150
7ff84fff17000388006b0
000bd000278007d800198
001547feed0001e7ffe80
00002ffeb300000800500
7fffcffffd0006a000560
001177ffca000557ffef0
0009f7fedb7fff08001d0
7ffce7ff8280031000778
00086000280007a000250
000ed7ff61000167fff20
000147ff327fff8000620
0000b0000b0006c000690
000cf7ffeb800567fff58
0007f7ff407ffe5000250
7ffe77ffb4800290008c8
0006e000308007d000350
000c17ff9c000117fff80
0001d7ff6ffffea000748
00011000170006c000810
000ac00002800597fffd8
000747ff777ffd60002e8
7fff67ffcd00020000a80
0005e8003500083800470
000a6fffbf00007ffffb0
000247ff977ffd40008a8
000178001e00069800a10
000980000e0005a000090
000697ff977ffc0000400
7fffe7ffe000013000d30
000578003a0008f800608
000987ffd2ffffa000010
000247ffac7ffb5800b10
00015000240006f000d30
000880001a0005e800130
000627ffaefff96000568
000007ffec7ffff0011b0
0004d8003f800a6000888
0008a7ffe3fffde000050
000207ffbefff77000fa0
000108002f0007c801350
0007e000290006e000240
0005f7ffc2fff410007f8
000007fff8fffd4001b38
000470004a000de000e00
00084ffff67ff9f800090
7fe88001600002d7ffd50
000260024d00003000370
0008800064000680004c0
7fdfa8008f80063fffe78
7fe5f803a680001800028
00157802ac8002f8005b8
7fe617ff9d0007a0001b0
7f91500551800277ffe20
7ff8500f5f7ffff000410
00e0b00c4700063000550
010cd7fd348005f7fff00
005a17f63d7fffb000090
7fe9b7fc4500027800650
001ac0008d80075000258
003707fdda000237ffe90
000647fd0bffff6800488
7ffd47ffcc0005c000600
001f07ffda0005affff80
001577fe19ffff2000108
7ffba7ff038001d000728
000b10005000072000340
001887ff3d000207fff08
0004affebb7ffed800500
7fffd7fffc000550006d0
0011d0000900058000010
000dc7ff047ffeb000168
7ffe97ff79000140007e0
00078000450006e0003f0
001097ff9b000197fff50
000427ff3c7ffe00005a0
000088000c8004c8007d8
000cd0001a000540000b0
000a6fff627ffdd8001e8
7fffa7ffb000007000910
00061000460006a000510
000d27ffc800011000000
0003d7ff7a7ffd30006d0
0000d000180004c000930
000a78002500053800120
0008d7ff927ffcc000280
000017ffccffffc000ab8
000510004700071000600
000b07ffe200006ffffd0
000377ffa07ffb60007f0
0000d8002300044000b50
0009080030000548001c0
0007e7ffb17ffb10002f0
000047ffdffffe2000d08
000470004a000720007e0
0009bffff47fff5800040
00032fffb67ff8f000a20
000098002a00040800ea0
0007e0003a0005a000280
000727ffc87ff850003d0
000057ffee7ffc0001140
0003e8004f00082800ab0
0008d000037ffdd000000
0002f7ffc87ff44000d80
0000780030000378014b0
0007180042000658003b0
000687ffd87ff2c000510
000017fffa7ff760019e0
0003600058000a78010a0
0008400011fffa07fff28
7feb4001858002c000258
0006e002410003a7fff50
0009480050800087fff38
7fe16000d900010000240
7fefa003db0003d000100
001c7002680001e7ffea0
7fe577ffed00000000120
7fa45806930002d800270
002be00f21000377fff60
01069008df000057fff80
00fb07f95d80011000288
0030f7f5288003d000118
7fdb0ffcc28001bfffec8
001c2000167ffff000160
002b0ffcfa0002d000280
7ff807fd12000337fff80
7ffc5fffe0800027ffff8
001cb7ff4400015000300
000a77fdc700041000120
7ff6a7ff2a8001a7ffec8
000bf8000d7fffd8001a0
00124ffec10002f8002c0
7ffce7febb000357fff80
7fffc7fffd80000fffff8
00104fff9980012800308
000617fec70003e000140
7ffb5fff9200018ffff08
000878000a7fffe8001e0
000bd7ff35800300002b8
7ffe37ff39000317fff90
0000d000077fffe000040
000bb7ffb880014000330
00042fff2d0003c800130
7ffd4fffc100012ffff40
000718000c7fffc800250
000907ff6c00031000300
7ffee7ff760002f7fffa0
000160000e7fffb000090
000977ffc900015000398
000367ff620003e000150
7ffe67ffd8000107fff50
000630000b7fffb8002a0
00073fff8c00033000330
7fff67ff9c0002e7fffb0
0001e000117fff90000d0
000827ffd1000160003d0
0002c7ff820003d000150
7fff17ffe78000d7fff88
0005b8000a7fffc000300
00062fff9e80035800340
7fff87ffb20002c7fffa0
00020000147fff5000100
000727ffd900016000410
000257ff990003d000160
7fff87fff1800087fffa8
000540000a7fff9000358
000547ffad00036000368
7fff8fffc300027ffffb0
00020800177fff0000180
000677ffe000017000490
000217ffab8003e000170
7fffd7fffb800037fffd0
000510000c7fff60003e0
0004cfffb9000380003d0
7fffd7ffd0800287fffd8
00024800187ffed8001d0
0005f7ffe3000180004f0
0001e7ffb78003e000190
00002000007ffff000010
0004b8000affff6800450
000437ffc20003a0003f0
7fffe7ffdd000227fffe0
000270001a7ffe7000260
000587ffe50001b000580
0001a7ffc1000400001a0
00004000067fffa000040
000488000bffff38004e8
0003c7ffc90003d000440
7fffe7ffe58001fffffe8
000280001c7ffe10002d0
00052fffe78001d000610
000157ffcb000410001a0
000060000d7fff1000080
000490000f7fff00005c0
0003b7ffce000430004b0
000007ffea0001e7fffe0
000270001b7ffd9000350
0004c7ffea0001e0006c0
00012fffd3000428001c0
0000780010fffe90000c8
000450000e7ffec000690
000347ffd400046000510
7ffff7fff3000177ffff0
00028800207ffcf800420
0004b7ffee000210007b0
000127ffd8800440001d0
00009800147ffdb800110
000440000f7ffe50007d0
00032fffd90004a8005c0
000027fff68000f000018
000290001efffc1000560
000457ffef00027000920
000107ffdf000490001f0
0000c000167ffca000190
000410000e7ffdf0009a0
0002c7ffdd000580006a0
000007fffd000077fffe0
00029800207ffaa8006a0
00041ffff100028000b00
0000dfffe50004c800240
0000e0001c7ffb2000240
00041800107ffd1800c30
0002b7ffe000064000800
0000280000ffff7800008
0002b0001f7ff8a000920
0003dffff000031800e30
0000a7ffe9000548002a0
0000e8001e7ff87800380
000400000ffffbf0010b8
000267ffe280080000a60
00000000067ffde7ffff0
0002a800237ff4c800d70
0003b7fff300041801420
000087ffee80066000358
0000e000227ff330005e0
0003e00010fff96001a30
000227ffe7000bc000f90
7ffff8000cfffa07fffc8
027610076082761007608
0228f00fe60228f00fe60
0257800be40257800be40
000000000000000000000
7f9e27f66d7f9e27f66d0
000000000000000000000
7fc4b7f217ffc4b7f2178
000000000000000000000
007b9016b8807b9016b88
7ff72011a17ff72011a10
0034a014ae0034a014ae0
000000000000000000000
01af67ea3801af67ea380
000000000000000000000
01f1f7ecca01f1f7ecca0
000000000000000000000
01ae8015d081ae8015d08
011680184201168018420
016440178101644017810
000000000000000000000
007c67e924007c67e9240
000000000000000000000
00c7e7e80c00c7e7e80c0
000000000000000000000
7f9d88098c7f9d88098c0
000000000000000000000
7f873004e37f873004e30
000000000000000000000
0276e7f8b00276e7f8b00
000000000000000000000
028527fd9a028527fd9a0
000000000000000000000
0229c00fd20229c00fd20
01ade015d481ade015d48
01f0b8133b01f0b8133b0
000000000000000000000
7ff7cfee56fff7cfee568
000000000000000000000
003667eb62003667eb620
000000000000000000000
7ff700118e7ff700118e0
000000000000000000000
7fc3200dd57fc3200dd50
000000000000000000000
022a37f021022a37f0210
000000000000000000000
0257d7f4480257d7f4480
000000000000000000000
0116f8183f0116f8183f0
007b1016d4807b1016d48
00c910181100c91018110
000000000000000000000
011787e7c8811787e7c88
000000000000000000000
016547e87e816547e87e8
000000000000000000000
7f7f07fff27f7f07fff20
000000000000000000000
7f8647fb1a7f8647fb1a0
000000000000000000000
0284d0027e0284d0027e0
000000000000000000000
027660074e827660074e8
000000000000000000000
0257200bcc0257200bcc0
01f0a8132d81f0a8132d8
022a880fe5022a880fe50
000000000000000000000
7fc417f219ffc417f2198
000000000000000000000
7ff6f7ee617ff6f7ee610
000000000000000000000
003638149180363814918
7fc4980dec7fc4980dec0
7ff708119afff708119a8
000000000000000000000
01f087ecce01f087ecce0
000000000000000000000
022bb7f031022bb7f0310
000000000000000000000
016408179301640817930
00c840180c00c840180c0
011610183101161018310
000000000000000000000
00c8bfe7fa00c8bfe7fa0
000000000000000000000
01167fe7bc01167fe7bc0
000000000000000000000
7f866004d9ff866004d98
000000000000000000000
7f7e77fffe7f7e77fffe0
000000000000000000000
0286d7fd8e0286d7fd8e0
000000000000000000000
0285f002870285f002870
000000000000000000000
01f1d0133b01f1d0133b0
016450178481645017848
01adc815d601adc815d60
000000000000000000000
0034b7eb590034b7eb590
000000000000000000000
007cf7e93c007cf7e93c0
000000000000000000000
7fc3f00dd67fc3f00dd60
000000000000000000000
7f9d38098d7f9d38098d0
000000000000000000000
02578ff44582578ff4458
000000000000000000000
027657f8bc027657f8bc0
000000000000000000000
00c8c017f300c8c017f30
0035f814920035f814920
007c1016be007c1016be0
000000000000000000000
01650fe86b01650fe86b0
000000000000000000000
01afb7ea3501afb7ea350
000000000000000000000
7f8667fb0c7f8667fb0c0
000000000000000000000
7f9dd7f6677f9dd7f6670
000000000000000000000
0276d007390276d007390
000000000000000000000
0257500bcc0257500bcc0
000000000000000000000
024f800ba3002697fbbd0
01ba3ff26900bbd814f80
012bc005f2012bc005f20
012bc005f2012bc005f20
7fcf17fb36ffcf17fb368
7fcf17fb36ffcf17fb368
7fe25ff90c7fe25ff90c0
7fe25ff90c7fe25ff90c0
003958142d004238028c0
00cad00ba37fb0c00b150
001a500a57001a500a570
001a500a57001a500a570
00d7b7f51c00d7b7f51c0
00d7b7f51c00d7b7f51c0
00f8fff66500f8fff6650
00f8fff66500f8fff6650
0162801709004c07fec70
0199500234001530139c0
00b2200bc080b2200bc08
00b2200bc080b2200bc08
003e37f492003e37f4920
003e37f492003e37f4920
0063f7f4060063f7f4060
0063f7f4060063f7f4060
7fcec004c67fcec004c60
7fcec004c67fcec004c60
7fc3980271ffc39802718
7fc3980271ffc39802718
013b77fc58013b77fc580
013b77fc58013b77fc580
014297fecd014297fecd0
014297fecd014297fecd0
01ebd012d3003df7fcff0
01c387fa7a00664015580
00f860099d80f860099d8
00f860099d80f860099d8
7ffbe7f72b7ffbe7f72b0
7ffbe7f72b7ffbe7f72b0
001b37f5b1001b37f5b10
001b37f5b1001b37f5b10
7ffb8008c77ffb8008c70
7ffb8008c77ffb8008c70
7fe19006eaffe19006ea8
7fe19006eaffe19006ea8
01151ff81081151ff8108
01151ff81081151ff8108
012beffa24012beffa240
012beffa24012beffa240
00c900178a004df000b50
01422008477fd4d80ff80
0064880c088064880c088
0064880c088064880c088
008bc7f3e4008bc7f3e40
008bc7f3e4008bc7f3e40
00b2a7f43f00b2a7f43f0
00b2a7f43f00b2a7f43f0
7fbf87fff97fbf87fff90
7fbf87fff97fbf87fff90
7fc327fd8d7fc327fd8d0
7fc327fd8d7fc327fd8d0
014268013f014268013f0
014268013f014268013f0
013b3003a7013b3003a70
013b3003a7013b3003a70
0223e00f7d003347fc4f0
01c507f661009220156b0
01154007f281154007f28
01154007f281154007f28
7fe20ff90d7fe20ff90d0
7fe20ff90d7fe20ff90d0
7ffb7ff730fffb7ff7308
7ffb7ff730fffb7ff7308
7ffd68113f0038d003530
008a800c247fabc0086d8
7ffb8008cd7ffb8008cd0
7ffb8008cd7ffb8008cd0
00f847f66700f847f6670
00f847f66700f847f6670
0115dff8188115dff8188
0115dff8188115dff8188
01162017cf804de7ffc38
0172600587fff1a0120b8
008b080c18808b080c188
008b080c18808b080c188
006467f3fd006467f3fd0
006467f3fd006467f3fd0
008b47f3de008b47f3de0
008b47f3de008b47f3de0
7fc330026d7fc330026d0
7fc330026d7fc330026d0
7fbf3fffff7fbf3fffff0
7fbf3fffff7fbf3fffff0
01436ffec701436ffec70
01436ffec701436ffec70
0142f801438142f801438
0142f801438142f801438
01ab1015600046c7fddb0
01b517fe7b003cc014c00
00d6e00aeb00d6e00aeb0
00d6e00aeb00d6e00aeb0
001a5ff5ac801a5ff5ac8
001a5ff5ac801a5ff5ac8
003e7ff49e003e7ff49e0
003e7ff49e003e7ff49e0
7fe1f806eb7fe1f806eb0
7fe1f806eb7fe1f806eb0
7fcea004c6ffcea004c68
7fcea004c6ffcea004c68
012bc7fa23012bc7fa230
012bc7fa23012bc7fa230
013b2ffc5e013b2ffc5e0
013b2ffc5e013b2ffc5e0
007f60164280496001b08
0108f00a4a7fbfd00da90
003e080b5f003e080b5f0
003e080b5f003e080b5f0
00b287f43580b287f4358
00b287f43580b287f4358
00d7dff51a80d7dff51a8
00d7dff51a80d7dff51a8
7fc337fd867fc337fd860
7fc337fd867fc337fd860
7fceeffb33ffceeffb338
7fceeffb33ffceeffb338
013b68039c813b68039c8
013b68039c813b68039c8
012ba805e6012ba805e60
012ba805e6012ba805e60
01bda008ca8091e002d88
0168bff4af005187fdba0
0042dff480ffe3b8073c8
00159001c200a64013360
7fd8b7fa217ff66001150
7fb5bffbce00195fff690
7fafeffe88801f2ffcae0
7fcab000b8000467fa7e0
0029d00f42000f8004eb0
00a93008e48021a002be8
0073d00073ffce6002188
000990014e7fa73009c70
00e857f5c0ffef67ff5b8
008d8ff1a8004a2803740
001f07f2c600b8b002560
7fdd87f87300fa37fca90
010a50116500583005a40
014e200152004b3000e20
008407f9d2ffc80004f48
000e1801b700071811e50
005117f44c7fed2000460
7ffeb7f3d8003f8000ba0
7fbf4ff729807eeffd688
7fb807fc50008637f8420
7fc930039c000590012a0
7fdfd804967feee800300
7ffaf004467fd3d000800
000a9002dbffc43001ea8
013f07fd92fffc77fec58
010907f69f00327005b90
009427f41780a75008408
0024e7f77801169004e00
0172180e380079b8049b0
016ff7fb26005397ff540
006be7f6bcffd21006428
0011b001c9005490138f0
000b8ff66e7ff05800bd0
7fcd47f757002ea7ffd40
7fab7ffabc00506ffc6f0
7fba07fea10041e7f88a0
7fee8807d9000cf800ee0
001a2007827fe16001450
00351005577fc67003700
002fa0029e7fcbe006290
012087f91a7ff49ffef60
00d377f3558041a804bb0
005bb7f2a900b97005678
7fff67f77a0115b800968
0096c011c900324005c10
0108b0062c003970021b0
008747fd367fc6b0037f0
000af001827fc9e00e760
009f37f411ffec97ffd28
00428ff1d8004938020c0
7fe7dff45d00a3efff870
7fc447fa2780c787f9bc8
7fc157fec37ffe3001360
7fbc600077000327ff820
7fcc2801e3fff35ffe158
7fe7700232ffd817fdc68
013ed002730003a7fecc0
012557faf3001d20064c0
00be77f6c60084000a790
004677f85e00fc0008e10
019c900bb800875003c50
017187f7df805387fe818
005937f57dffda1006d18
00140001c6007e2013a50
7feec7f81f7ff34800ee0
7fbd97f983002477ff8a0
7faa8ffcab003787fc620
7fc0cfffbd802147f94f8
7ffc700d060000f004390
007570094800151002dc0
0062d001cdffd60001858
00094001347fa280073a0
010717f7407ff137ff270
00b1a7f2440046a004230
003ce7f28500bb6003e20
7fed37f7db010b17fe8c0
00d09011f400459005db8
012ec003f80043a0018f8
0087b7fb89ffc630043a0
000c1001acffe590105f0
0077d7f3edffec90000f8
001ecff2a1004598015c0
7fd127f5a4809347fe588
7fbc57fb3500a817f8c80
7fc130013600020001370
7fcab002a4fff887ffc88
7fe190033d7fe1a7ff300
7ff87802a57fcabfffc80
014330000500003ffec20
011b0ff8b300286006140
00abd7f54c009798097b0
0036b7f7ce010cc006f90
0140f81025806a18053a8
016447fe5a0050d000210
007abff836ffcc0805a48
00103001c4002c9012fc0
002c6ff5257fedf000870
7fe2e7f56e803780003e0
7fb227f8e2806847fcca0
7fb6b7fd7b0063aff8310
7fd85005d90009b001120
7ffa90063d7fe77000ae0
0017300500ffcac801ea8
001d7002dcffc480040e8
013377fb40fff857fee28
00f0c7f4d2003b0005510
0078d7f33800b2f006eb0
0011eff7638119d802bf8
005eb010d10020b005720
00dab807cb002e38027f0
007faffee87fc9b802c88
000a500170ffb5800c388
00c537f4a87fed57ff8d8
0067f7f17b804a9002ba0
000217f35c00b07000d98
7fcf57f93000e337fb058
7fc917fc5d7ffa2001290
7fb51ffe26800e1fff5f8
7fbb30004c000807fd3a0
7fd7d0018b7feb67fbfb0
01338804c10007e7fedb0
012907fd4500126006578
00cce7f871006e800b2b8
005527f91900e6480a830
00cb28017600f27807550
008537f94b00e387fb640
7ffcd7fb8080460ff9000
0005e0028e000fb7ff340
00519801b9004048011f0
001f97fe3e8031f7ff7b8
7fd410041a800fa803220
0040400c19006600071d0
00891002817fa0c00cc10
006a17fc21003f200cc40
7ffa17fadd0079c005960
7fc6600034004330011a0
0002a002fa800ce001f08
001c27fe92000580042c8
7fb327fc24001b4005f48
7f55d0037080516006568
00adb002d8805ca00e8c8
008147fb0f80cce006428
7ff927fb37808ae7fe9b0
7fde00023b003017ff7c0
002e4803690029e8023b0
001ed7fe78002c60026a0
7fa8780097001f88045d8
7fade00aeb00594006fa0
00841800977f451803050
004da7facaff923809cb8
7fee7ffaa7000c78099f0
7fcd4ffebb003d4804200
7ff8f000b1800ca000788
00181ffd8b7fd6d002a50
7fdd77f9a37ff66006dd0
7f705ffb600053d8068a8
00bed0025300b3480be50
008607fa2e00e9f000f80
7ffa47fb600071a7fb5d0
7ff15002a7002067ff220
0042c002cb0036f001d00
001f9ffe5a0033f800fa0
7fb870029d0019a003a50
7ff5000c70005f90071f0
0087800079ff6700075f8
0047f7fb607fd2300c220
7fef87fbed80459009698
7fd8b7ffb20056f002ec0
7ffe3000d2000ed0001c0
00071ffdd5ffda48036f8
7fc047fbb600063007ba0
7f6777ff7d00647006ac0
009af802ed7ffbc80edc0
0077c7fbc00090f00a6c0
7ff947fb06808e00022f8
7fced0015c003c2000260
0017b0037c001a9002450
001ddffe8c001b98038f0
7fa6bffe4b001ff805340
7f75a007bd00544006b90
008010009b7f4147fe280
00563ffa647f662806130
7ff53ff979ffd6f0086a0
7fc8cffd9b001ea804980
7ff578007e0008b800b80
002a8ffdb57fd89801cd0
000647f86c7fed1805a90
7f92d7f7c600454006010
00c5a801eb80d6e809cc8
008637f9bc00eb57fe240
7ffb8ffb75005daffa090
7ffc0002a9801807ff1c8
004b180248003c38017d0
001f67fe4a00342000378
7fc4f00376001520035b0
001b380c840062e807210
0081c002237f7ab00ae30
0062bffc2c0012b80d1c0
7ffab7faca00682007030
7fc4d7ff96004470019e0
7ff9b0029300074001a60
001b9ffe99fff97804428
7fbebffb3f00174806460
7f5170011700511006230
00a43002f1002c600f030
007caffb7080b21808878
7ff8b7fb24808f0000650
7fd5a801e000366fffcd0
002340038900225002520
001e97fe83002510030d0
7fa5b7ff7200208004c80
7f8f10098300568006dc0
008230009dff3f0000988
0051c7fa90ff78f008140
7ff107fa0a7ff09009330
7fca27fe2d002e5804780
7ff710009a000af0009d0
002177fd907fd71002388
7ff0dff8e4fff0c8064b8
7f7e97f975004c2806530
00b6b002a5008a480d800
008457faa480dff003b58
7ff997fb50008127fce70
7fe77002848028c7ff3f8
003940032e0030d0020d0
001f97fe6a80314001b68
7faf0001a7001d0803fd0
7fd0580be8005c3807140
0085e0008d7f5270054c0
004a47fb13ffb0500b298
7fee07fb5000293009b08
7fd287ff44004af003988
7ffbf000c6800dc0004b8
000fbffd9effd7b8030f8
7fcd47fa8f7ffd80075b8
7f687ffd63805c0806ab0
0091f002bcffccc00e148
0070f7fbf28069d00bd88
7ff917faf00086a003f80
7fc98000d28040d0009e0
000cc0034e8013f002238
001d07fe9300113803ec0
7fab4ffd31001e7005970
7f629005b18052f006870
007e50008f7f4ac7fbce0
005b67fa437f59b003e38
7ffb47f8f37fbff007590
7fc937fcfe000ea0048d0
7ff3e8005580063800d38
00326ffdf17fdbb0016e0
001c27f8397febe005010
7fab87f661803fe005998
00aa2001fb802117ff7a8
007097fa1a0014a7ff310
7febf7fb730010e0000d8
7febe0025d001a0000310
003a9001db001707ffde0
000e17fdfe80118000400
7fbed0038880154000920
002a800b9a0015c0007f0
00df4006a480133000b08
00cfc7fa840013c000e00
003507f7ea80110801158
7ffc87fd8d00133001a70
002697ff970019b801880
002947fde90008b001928
000d7ffe7d00023004a50
001507fff400510007290
0098e001b80014d001210
005e97fa810022b0008f0
7fe41ffb5900150fffde8
7fd44001780009c000c30
001890021b0015b8014e0
0005c7fded001910008b0
7f9e9800130009e000840
7fa4a0096900094001820
0046780d1d801628016f0
00be00058a000ee000b88
008a2ffd1a0000b801810
002277fd01000da0027b0
00132800ab8016c0018f8
00331000d2fff95001978
00293fff20fff650053d0
000dbfffc5004b8807350
00a3280166001ba800ed0
005f17fa620026f7ffcc0
7fe90ffc0100113fff5f0
7fe6f001e2000a6000c50
00256001ba001d6001110
000367fe64001c47fff60
7fb050025380082000498
7fe7a00ad8000d6001980
0094a00aba801ea8012a8
00d8a000b480115000438
007117f9df000090017e0
000b7ffc7f0014e802a30
0016d8008a00201801460
0038f7ffb77ffb0801430
0021a7fe2e7ff80005770
0008f7ffad0056a007720
008d8001c4000d7001290
005d6ffa99001a5801270
7fe3b7faa080159000660
7fc5d000a480090000b78
000ae80226000cc801560
000b87fd8800126001040
7f9c97fd84000a3000c70
7f6fa0066a00060001530
7fef200d64000ca001780
00872009558009d001168
008d1000ab0000f001848
003427fe0080080002258
000e4000b0000c5001950
00263001b77ff56801d80
002a100036fff5f004fd8
00118fffff0042b806ba0
00a3b002070021f7ffe40
006d8ffa630018afff590
7feb67fb6280103000128
7fe3900230001870007a0
0031e0023100193800170
000e0ffe0a00115800400
7fb2d802b500121800c10
0005200bb700161800cd0
00c290091100146000bc0
00dab7fd380010a000ec0
004ec7f8ab800ef0015d8
0003c7fd5400144001c88
0024e00000001758017d0
002fb7fe7380047001c40
001307fe8000022004db0
001348000f804fa007118
00933001c7001100012a0
005df7fa8e001eb800e20
7fe337faff00158000250
7fcc50011d00095000c30
0011e0022d801160015b8
000867fdb600163000cd0
7f9b6ffecd000a4800a50
7f87900816000780016d0
001af00d8980117001798
00a5a0079e000c8000ea0
008e77fee200009001830
002c17fd74800a6002588
0010c000b3801190019e8
002d7001507ff7a001bd0
002a97ffaa7ff5f0051e0
000fcfffdd0046b806ff0
009e480199001868010c0
005ee7fa7400257000300
7fe627fbb5001377ff9b0
7fdd8801be0009e800c60
001f9001f40019b0013a0
000457fe23801b4000470
7fa590014000097000670
7fc4e80a58000b7001900
006f800c2c801ac001538
00cf5003350010a000800
008057fb688000d0017e8
00177ffcad80114802920
001538009e001b98016f0
0036f80048fffa48016e0
002637fea07ff6d8055d0
000b67ffb50050d0075f0
00882001a60009d001170
005c57fa9a0014a001580
7fe4c7fa4500145000ab0
7fc098001d0008e800b60
000400020a0008c001448
000ed7fd68000e30012b0
7fa197fc4c0009c000e50
7f5d90047f80050001320
7fc4d00cb40007f001600
0063a00aa400063001348
0085e0026d8000c0018a8
003aa7feaa00063001f40
000c7000a400078001800
001e1001ff7ff32801ed0
0027d000b97ff6a004de0
0012e0002100401006660
00a18001da0008a000220
00630ffa07000d8800130
7fe107fb9d000af7ffd60
7fe470024800077000150
002f10019b000b8000400
0001c7fdff800c57ffff0
7fb740037d000790000b8
0021b00b400008d0005a0
00d2c00667000c80003e0
00c667fa6d00096000170
002d9ff790000768005a0
7ff147fd1f000b40006e0
001be7ff5f000ab000380
002257fd8c0006f0005d0
0003effde500099000980
00095fff8a000ba8006a0
001997ff1700078000640
000d17fe7d00079000b40
000567ff65000b8000a88
001177ffb1800890007f8
001107ff0e80060000cf8
0006b7ff4e800ad000f18
000b57ffe30009f000af0
001147ff8c00048000f30
0009e7ff5900095001570
0007cfffdd000bf801030
000eefffe7800220012e0
000cf7ff88000640021f0
000727ffc600129801c20
000b4000167ffd70017d0
000e07ffd07ff43004d50
000897ffc300487007660
0098500195000ad7ffd10
0059cffa37800548002a8
7fde47fb8a000ac800770
7fd92001c7000dd0001b0
001e5001ba00071000000
7ffd77fdf00005f000740
7fa3c801db000c8800780
7fdc900ac3000b1000150
0090180a7900048800420
00d0e0000c8007c000a80
00642ff975000ce8006a0
0003f7fc5700079000280
001347fffd0003a0008d0
002f27fef70009d000c00
001697fdd2000b10005c0
000557ff4b0003a000620
001720000b00049000e20
001b67ff06000b9000c60
0009a7fefc00079800630
000960000300010000c20
001627ffe880074001288
0010f7ff3c000b5000ba0
00066fffaa0001b800a00
000cf8003b000068015d0
001337ffc9000b8001618
000a67ff840006f000bf0
0006a000197ff9f001650
000f0000410005e002620
000f37ffc20010e001840
0006e7ffd87ff430016b0
0008b800597fef48051e0
000f60002c00474007460
009b7001e700084000200
006147fa32000c5000310
7fdfc7fb6a000ba7fff88
7fdba002188007f000178
0027e001e3000a00004e0
000217fde3000bf000270
7faa40029a000890001b0
7ffd100b5f00081000580
00b76008b9000b3000580
00d107fd060009b000320
004787f85300074000590
7ffa57fcd9800970007a8
001ad7ffa6800a1000598
002887fe0f00073000650
000b07fdea00080000960
000957ff888009f000870
001a4fff6a0007a8007a0
0011dffead0006d000ac0
000727ff5d00091000b58
0010b7ffd98007c000a08
001357ff488005e800ce8
00091fff5300084000ed0
000a87ffee0007a000d30
001187ffc40004a001090
000c67ff7600080001460
000827ffdc00088001100
000df0000b00010001520
000e67ffb40005e002140
000887ffc9000ed001b40
000a400020fffa3001a38
000e07fffb7ff42004e00
000a27ffd6004580073b8
009330019f800b17fff98
005927fa420005c000320
7fdcc7fb36000960007f0
7fd0b00180000cd8003e0
0017e001df0007b000150
7ffeeffdb5000568006e8
7f9b1000b9800a8000868
7fba800a21800a6800368
006ab00be30004d0004a0
00c910029280064000a28
007587fae6800ad000820
001027fc6880075800450
0011b80012800380008b8
002f27ff880007d800c00
001ca7fe2a00099000760
0007a7ff460003c0006f0
0014f0003780038000d48
001c6fff6300090800cd0
000d07ff1d800670007d8
00092000048000d000c18
001488001e000528011c0
001287ff790008c000ce0
0007f7ffb300018000b40
000b8800487fffe801480
001258000080086801530
000c0fffa900049800d70
0006f000187ff9e001668
000d480055000400023d0
000ef7ffef000cb001800
0007c7ffe97ff28001850
0007a0005a7fef4005030
000d90004e00434007110
009ce801b780049800228
005c17f9fd0006f0000a0
7fdc37fbb10004d7ffec0
7fe110023300036000150
00291801770005f800240
7ffba7fe05000627fffb0
7fb3d0037800037000050
001d300b10800480002f8
00cc0006510006c000160
00c1c7fa720004a7fffb0
002a4ff76c00035000240
7feb47fced80060000318
0015e7ff5900060000060
001f2ffd7b00032800110
7fffa7fda8000450003d0
0002dfff6580068000248
001537ff0c800460000a8
0009f7fe4800032000350
7fff77ff248005f000408
000b9fff9d8005d800140
000e0ffeed8002f800210
000277ff01000440004e0
0004d7ffb000068000330
000d17ff7500043000170
000707ff140002e000450
000207ff8b8005d000518
00092fffc50005c000230
000a47ff578002b000308
000327ff6600040000600
0004e7ffd200066000440
000a37ffa70003d000290
00060fff68000288005b0
0002dfffba8005c800678
0007ffffde00059000350
0008a7ff8f00025000470
000397ff9b0003e0007a0
000517ffe880067000578
0008f7ffc3000360003c0
000597ff9480020000770
00032fffd60005a800840
00074ffff1000538004d0
0007cfffaf80019800678
000397ffb90003d000a10
0004c7fff900068000750
000807ffdd0002b0005b0
000567ffb600019000a70
000387ffea80061000ad8
0006e7fffe8004c8006b8
000727ffc8000060009c0
0003afffd28003e800e18
0004c800078006b800a10
000787ffed00011000928
000527ffcc0000e001030
000397fffa80074000f70
000690000a80036000a48
0006c7ffda7ffdc001190
000397ffe50005c001720
0004c0001500074000ee0
000737fffa7ffaf001340
0004efffdc00015802430
0003600008800f3001b98
00063800197ff73801640
000677ffec7fedc004e90
000387fff50044f007710
00975001c300042000240
005ae7fa18000660001a0
7fda97fb6e800537fffb8
7fd830020200037000170
00229001b7000550002c0
7ffc17fdd7000600000c0
7fa68002900003c0000a0
7ff9200b300003f0002f0
00b160089380060000258
00cc37fcfd0004d000090
004457f82f00033000240
7ff557fca000050000398
00151fff8c0005b8001a0
0024f7fdf700039000180
000747fdae0003c0003c0
000397ff568005c000320
0015c7ff5200048000180
000ed7fe7980030000338
00023fff160004e800470
000b37ffb380058000260
001027ff2400033000248
0005b7ff08000368004b0
000507ffad00058000410
000d47ff9e00044000260
0009bfff338002a800428
00038fff8500049800570
0008b7ffd400054000370
000b67ff7d00030000370
000537ff6e000350005b0
000507ffd1000540004f0
000a37ffc50003d000360
0007d7ff8080025000558
0003f7ffb780045000688
000797ffe90004c000480
000957ffab800250004d0
0004f7ffa180030000760
0004e7ffe900052000650
0008afffdc000348004b0
0006cfffa98001c800718
0003e7ffd480043000838
0006d7fffa000460005e0
00081fffc900019800690
0004afffc180029800978
0004b7fff90004c000818
0007b7ffef000260006b0
000617ffc7000120009e0
0003d7ffea80043000ab8
00064800080003a8007f0
00074fffde000060009c0
000467ffd980027000d28
000488000980048800ac0
00072fffff00009800a20
0005c7ffda00003000f40
0003b7fffa00049000f30
0005d000148001d000be8
0006c7fff0fffde001188
000437ffed0003d001590
000458001680042800f98
0006b0000c7ffa5001460
00055fffec00008802280
000388000a000b4801aa0
00059000217ff4a001820
000657ffff7fedd004e10
0003f7fffc004190073f8
009a2001bd0002d7fffa0
005a57f9f90001c000040
7fd9a7fb9f00029000120
7fdde0023100033000020
002718017b000207fffc0
7ff9c7fdf40001e000110
7fb0a80369800328000e8
001a800b148002b7fffc0
00ca6006480001a000090
00bf37fa5b00029000170
002717f76700033000050
7fe94ffced0001f800000
001407ff440001e000150
001c07fd6980032800118
7ffcfffda90002afffff0
000137ff598001b0000c0
001297fef30002a000190
0006d7fe4180032000068
7ffd9fff210001d800038
0009bfff840001e000190
000ae7fed900032000148
7fffe7fefe00029000030
00033fffa000019800100
000a87ff58800290001c8
000407ff0a000300000a0
000047ff830001c000080
000747ffa78001e8001d8
00071fff4000032800170
0000b7ff6000027000060
000367ffbd00018000150
0007a7ff8700029000200
00031fff5b0002f0000d0
00013fffad0001a0000d0
000617ffbb0001e000230
000587ff74000320001b0
00012fff91000268000a0
000387ffcf000190001a0
000647ffa00002b000230
0002a7ff850002f0000f8
000197ffc500019000110
000567ffc98001e800278
0004a7ff92000330001d0
000157ffac800240000c8
00035fffda000168001f0
00055fffb40002a800290
000277ffa30002f000130
0001f7ffd500019000158
0004f7ffd30001f0002b8
0003ffffa800032800200
000187ffc200022800110
000377ffe300015800240
0004dfffc00002a8002d0
000247ffb48002e000178
00021fffe0000178001a8
0004a7ffdb0001f000300
0003a7ffb680032000238
0001a7ffd00001f000150
000377ffea000150002b0
000477ffc90002c000310
00022fffc20002c0001a0
000237ffe900013000200
00045fffe10001e000380
00035fffc380031800288
0001b7ffdb0001d0001a0
000377fff000013000320
000437ffd20002c000380
000227ffcd0002b0001f0
00024fffee00011800270
00041fffe58001e0003e8
000317ffcd000310002e0
0001c7ffe40001b000210
000367fff5000120003b0
0003f7ffd80002d0003e0
000217ffd700029000240
000267fff50000f0002f0
000417ffea8001f000470
0002f7ffd380031000328
0001c7ffea00017000270
000357fff800010000450
0003b7ffde0002d000460
000207ffdf800260002b0
000277fffa0000b0003b0
0003f7ffed80020000530
0002c7ffda000318003a0
0001c7fff1800140002f8
000357fffd0000f000510
000397ffe30002f000500
0001f7ffe480024000328
000277fffe00007000470
0003d7fff200020000600
0002b7ffdf80031000438
0001cffff48000e8003c0
000327ffff0000e000610
00035fffe8800308005b8
0001e7ffec0001f0003d0
000268000280002000588
0003b7fff680022000710
0002a7ffe60002f0004f0
0001f7fffa800060004c8
00033000010000b000790
000347ffeb000330006d0
0001dffff0000188004c0
0002600005ffffa000718
000387fff9000230008b0
000277ffec0002d000610
0001e00000ffffb800670
0003400005000090009c0
000337ffef80035000858
0001e7fff50000d000660
00028000097fff10009e0
000377fffb0002a000b28
000257fff0000270007c0
0001e000057ffe8000970
00033000078000b800da0
00030ffff30003b000ae0
0001dffffb7fff3800980
000290000c7ffe5000f70
000377fffd0003d000fa0
000247fff200012000b20
0001d00007fffbf001118
000320000a0002a001680
0002effff680045800f78
0001cffffffff92801348
000280000f7ffed002340
0003480000000be801b98
000237fff87ff510016c0
0001e0000c7febe004dd0
000320000c0041d007650
01ea67f53e01ea67f53e0
7ed537e5947ed537e5940
009cb7e125809cb7e1258
000000000000000000000
7e970817597e970817590
000000000000000000000
004f58200d004f58200d0
000000000000000000000
7ee747e4cf7ee747e4cf0
7ea7901827fea79018278
7df967fd6f7df967fd6f0
000000000000000000000
01bcb8108e01bcb8108e0
000000000000000000000
01e0b7f3cd01e0b7f3cd0
000000000000000000000
00a7bfe15900a7bfe1590
7dfb87fe2e7dfb87fe2e0
7ede97e52d7ede97e52d0
000000000000000000000
004370200d004370200d0
000000000000000000000
01c360100601c36010060
000000000000000000000
7dfd77fcd87dfd77fcd80
000000000000000000000
7e9e1017ce7e9e1017ce0
000000000000000000000
01e65ff48601e65ff4860
000000000000000000000
009487e0e9009487e0e90
000000000000000000000
016b97e8e8816b97e8e88
7e39e7f05f7e39e7f05f0
7fb57fdfee7fb57fdfee0
000000000000000000000
7f5c501ec27f5c501ec20
000000000000000000000
0124201aae0124201aae0
000000000000000000000
7e4687ef007e4687ef000
000000000000000000000
7e1e300bcb7e1e300bcb0
000000000000000000000
0202a002d80202a002d80
000000000000000000000
015e0fe7f8015e0fe7f80
000000000000000000000
7fc2d7dfe47fc2d7dfe40
7e22380c5c7e22380c5c0
7e3f77ef97fe3f77ef978
000000000000000000000
011bf01b10011bf01b100
000000000000000000000
0204e802180204e802180
000000000000000000000
7e17900b28fe17900b288
000000000000000000000
7f69581f137f69581f130
000000000000000000000
0165d7e8790165d7e8790
000000000000000000000
7faa47e01b7faa47e01b0
000000000000000000000
01b63feea401b63feea40
7e80a7ea727e80a7ea720
002967dfa9002967dfa90
000000000000000000000
7ef1201bbd7ef1201bbd0
000000000000000000000
00bfb01dfa80bfb01dfa8
000000000000000000000
7e8dafe96e7e8dafe96e0
7f06101c747f06101c740
7dfdd004b27dfdd004b20
000000000000000000000
01ecb00a0e01ecb00a0e0
000000000000000000000
01aa37ed6481aa37ed648
000000000000000000000
00391fdfd880391fdfd88
7e0180058a7e0180058a0
7e8557e9ea7e8557e9ea0
000000000000000000000
00b5901e5080b5901e508
000000000000000000000
01f0e0096381f0e009638
000000000000000000000
7dfda004027dfda004020
000000000000000000000
7efd501c047efd501c040
000000000000000000000
01af57ee0701af57ee070
000000000000000000000
002047df93002047df930
000000000000000000000
011297e468011297e4680
7e0de7f7097e0de7f7090
7f44e7e1d27f44e7e1d20
000000000000000000000
7fcee02048ffcee020488
000000000000000000000
017d6015dc017d6015dc0
000000000000000000000
7e14eff5a57e14eff5a50
000000000000000000000
7e5418123bfe5418123b8
000000000000000000000
01ffd7fb8701ffd7fb870
000000000000000000000
00fdf7e3b280fdf7e3b28
000000000000000000000
7f5217e18c7f5217e18c0
7e5b4012f07e5b4012f00
7e121ff6617e121ff6610
000000000000000000000
017660166281766016628
000000000000000000000
0200e7faf98200e7faf98
000000000000000000000
7e4b90118b7e4b90118b0
000000000000000000000
7fda302052ffda3020528
000000000000000000000
010637e412010637e4120
000000000000000000000
7f3c0fe214ff3c0fe2148
000000000000000000000
005fcfed69018a9807d50
0021d003f581c897f1488
004e5ff093004e5ff0930
004e5ff093004e5ff0930
7f4b800bacff4b800bac8
7f4b800bacff4b800bac8
0027b010068027b010068
0027b010068027b010068
7ec76ffe7b001fdfe6540
0034e7fd2b7eb267e7a40
7efcb7feb7fefcb7feb78
7efcb7feb7fefcb7feb78
00de60084700de6008470
00de60084700de6008470
00f05ff9e680f05ff9e68
00f05ff9e680f05ff9e68
7f51a7efc3815627f1958
00455000d0806277e0888
7f6f4ff296ff6f4ff2968
7f6f4ff296ff6f4ff2968
0021b810068021b810068
0021b810068021b810068
00e1b0080300e1b008030
00e1b0080300e1b008030
7efebffe6c7efebffe6c0
7efebffe6c7efebffe6c0
7f4f080be77f4f080be70
7f4f080be77f4f080be70
00f337fa4300f337fa430
00f337fa4300f337fa430
004a47f074804a47f0748
004a47f074804a47f0748
7fd2bfeca40198dffc450
0038c002a50132d7e6430
7fdac7eff77fdac7eff70
7fdac7eff77fdac7eff70
7fae280f617fae280f610
7fae280f617fae280f610
0092100d570092100d570
0092100d570092100d570
7f2347f7807f2347f7800
7f2347f7807f2347f7800
7f0f1805e5ff0f1805e58
7f0f1805e5ff0f1805e58
010150016c010150016c0
010150016c010150016c0
00af07f3fc00af07f3fc0
00af07f3fc00af07f3fc0
7ef287f62000d057e9c40
00444ffee07f7e8fe1040
7f1fbff7cc7f1fbff7cc0
7f1fbff7cc7f1fbff7cc0
008df80d88008df80d880
008df80d88008df80d880
010270010c010270010c0
010270010c010270010c0
7f0bc805947f0bc805940
7f0bc805947f0bc805940
7fb4b00f89ffb4b00f898
7fb4b00f89ffb4b00f898
00b2eff43c80b2eff43c8
00b2eff43c80b2eff43c8
7fd527f00dffd527f00d8
7fd527f00dffd527f00d8
001b77ec8b019ad002190
002eb0034d018797eb570
0014b7efd48014b7efd48
0014b7efd48014b7efd48
7f78900ddeff78900dde8
7f78900ddeff78900dde8
005fd80efd005fd80efd0
005fd80efd005fd80efd0
7ec9e002f17fc3d7e67d0
002a77fc86fe6337ece78
7efee802597efee802590
7efee802597efee802590
00f658050700f65805070
00f658050700f65805070
00d51ff6b200d51ff6b20
00d51ff6b200d51ff6b20
7f1d57f2b1011bd7ed270
0048e7ffe07ff047dff80
7f42aff4f57f42aff4f50
7f42aff4f57f42aff4f50
005ac80f28005ac80f280
005ac80f28005ac80f280
00f87004b200f87004b20
00f87004b200f87004b20
7efed002017efed002010
7efed002017efed002010
7f7ea80e027f7ea80e020
7f7ea80e027f7ea80e020
00d7aff70380d7aff7038
00d7aff70380d7aff7038
001027efc9801027efc98
001027efc9801027efc98
7f903fedb881825ff6af8
00419001c500d107e2a30
7fa277f0e97fa277f0e90
7fa277f0e97fa277f0e90
7fe77010247fe77010240
7fe77010247fe77010240
00beb00aee00beb00aee0
00beb00aee00beb00aee0
7f0a77fad2ff0a77fad28
7f0a77fad2ff0a77fad28
7f2a10091e7f2a10091e0
7f2a10091e7f2a10091e0
00ffeffdc380ffeffdc38
00ffeffdc380ffeffdc38
007efff1d9007efff1d90
007efff1d9007efff1d90
7ed6affa3e007b6fe74e0
00408ffdec7f118fe3a00
7f0917fb30ff0917fb308
7f0917fb30ff0917fb308
00bb300b3100bb300b310
00bb300b3100bb300b310
010077fd7d010077fd7d0
010077fd7d010077fd7d0
7f25c808c5ff25c808c58
7f25c808c5ff25c808c58
7fed1810297fed1810290
7fed1810297fed1810290
00831ff20900831ff2090
00831ff20900831ff2090
7f9e07f10a7f9e07f10a0
7f9e07f10a7f9e07f10a0
005717eefe0008bffe6b0
7fd55ffacb804c78092a0
0049e001780140b0065d0
007157fc5d015747f4eb0
7fb9980dd9ff91effdd30
000e700aa07f3d10010c0
0025f004997f259007140
7ff267ff4b7f59200c610
7ee217fe997fe567ffe20
7fb78003dc007d67f94f0
0005affb44801a37eb0f8
7fada7fa017f04c7eda30
00e76001177ff70007300
00a1affcac003cb80b9b0
003e67fca100a0000ba60
7ff7b000fc00e6b0074b0
7f6077f12d7ff137fe968
7fa3a7fedd00a1b001f38
003fc7fd50811667f4450
001887f8350049f7e8540
0081b00c057fa00004020
008df805dc7f93c00a2b0
0050f000f67fd0c00f110
7fee6000318033500fd50
7f26e00529ffd7dff9428
7f842007547f7a9ff7180
7fde9004be7f2027f9ae0
000147feea7efd7fff820
009ebff55c00547804e70
003beff5fe80b74804448
7ffd47facf80f5f7ff738
00076800fc80ebcff9468
7fd6c7ee4dfffc07fe568
7fb487fc7a008440062b0
004c27ff4c814cb7fcf88
004be7f99f80e6f7eca38
0020200e5c7f8e1001050
005630092e7f57f806330
0041d003207f6c600c410
7feeefffbf7fbf400fa20
7f1937feb3000a17f8cd0
7f5dd00328ffc577f4578
7fc0d003477f6277f4390
00082ffefd7f1b1ff8830
00d82ffab400292806b80
007a97f8988086c008d38
00208ffb3e00e0c8062e0
7ffed0011781028000548
7f0927f6f67fe967ff2a0
7fa470017e009fdffd620
00268ffbe400a9cfede00
7fe02ff85d7f9e67e8a70
00c830074a7fc5c0063e0
00a848016d7fe5b00c1b0
004f67feb0803ea00ed78
7ff18800af009c700cd90
7f60400a8f7fab97fb050
7fc32809f27f48a7fba20
0002300524ff0998006f8
7ff86ffef67f1360069e0
004407f225006ee002178
7ff017f56d80c2d7fecf0
7fd9e7fb7500d90ff8c70
000e6800b400a487f3880
001817ee30000367fe5b0
7fc337fb7a006b8007d30
004c100067014ec001b20
006107faee012697f0690
7fec300e6e7f8c67ff710
0032f00a1e7f45a003c10
00343003f0ff446009ee0
7fef37ff84ff89600e5a0
7ee46002a57fe580004c0
7fc7a004c60062d7f7c08
7ff4b7fb477fcf27eb360
7f99c7fb4dfec977f19a0
00e5bffddc8010a0072a8
0091e7fa840064780a830
0030c7fbdb00c5a0092c0
7ffb30011800fb2003ef0
7f3007f3d37fed57fede0
7fa308003780a5dfffa88
003597fc7e00e647f0a90
7ffc9ff812fff3afe7e58
00a9a009ed7fb130053b0
009fc803bfffbb000b688
0052f7ffd08007d00f578
7ff020006e006ab00eba0
7f3ec00801ffc017f9ff8
7fa0f008d07f5de7f9310
7fef78050b7f0f5ffcf60
7ffc67fee87f027003190
0073e7f3668063c0039d0
0015d7f56b00c1d801988
7fea27fb0100ed8ffc030
000a6800e200cd47f6218
7f9957ef517ff6e7fe680
7faa5ffd9e00973804270
004877fe440139e7f86b0
00343ff8b8809ccfe9ea8
0053100d897f9460029b0
0074f807b8ff7278086b8
004b28021cff9c480e078
7fee27fffe7ff95010260
7f1a4001f87ff037f8da0
7f6d28055d7f9d4ff5760
7fce2804197f3c4ff6ba0
000477feea7f0607fbe80
00bf77f7ce00407805f50
005ccff71280a32006b10
000ec7faea00f13002d98
000300011480fceffcaf0
7eefe7fab77fe6d7ff870
7fadc002b78092cffb348
00173ffb5e806437ebef8
7fc4e7f8f87f4cb7eaa80
00ddd004577fdd6006da0
00aa17ff0a8011200c268
004987fd950071b00d9c0
7ff4b800d100c6780a600
7f89700c777f9c5ffc4e0
7fe7a00a847f3e2ffe410
00143004fa7f11a003cb8
7ff507ff177f30d009ae8
001097f189807290007f8
7fca47f5e500b8d7fc240
7fc9e7fc1480b947f5f48
000f90007900738ff1900
000857fe6c004ec7f0920
0011e002227fc37ff8a98
004c600185fffd87fff28
0030d7fe70804087fdec8
7ff2f002a60015c7fbc50
0053400a02fff937ff278
0115a00581802b1000db8
011ea7f6bc8038a7fe2e8
7fe4bfffd87efd5ffec10
001c47fe75ff9b4005668
0005d7fb107fffd800340
7fdc87fd6e7fd127fc930
002c3000397fb937ffa90
0088dff8ae7ff48800a10
001677ede00003c7fd2f0
7f2e27f0b17fd6a7fcf20
7ff117fe997f6f67f2940
00255000717f7e57fe6c0
0041f7fd357ffdd0001b0
000a57fca6000e37fb8f0
0018a8024b7fd88ffc4b0
00b0b002287ff107ffcc0
00f127f5da002547fe6b0
003dc7ec3d000c37fc170
7fe2d7fd437f441007e70
7fbf27fe537fc50009010
7fd0f00099000da004250
000957ff6efff7f7ff7b8
001327f9fdffc4b7ff450
7fb9c7f5707fc0d001a80
7f3607f799ffea2002148
7efd40000a800047ff778
7ffb77fe557fdb57eff90
001e3001737f9657fb070
004f07ff4d7ffd2000000
0020d7fd42002b17fc5e0
00062802bb7ff5dffb9c0
00901806c07ff42fff6b0
011fe7fd6a002cd7ff8e0
00c147efdf0025b7fcc40
7ff8b7fcb3ff208001ff8
7fd0e7fcb1ff8cf006770
7fd107ff3d7fefd0040a0
000bf7ffbd7ffc47ff400
003acffb1d7fcf4ffdb00
000a37f497ffbb47ffc00
7f84b7f2f5ffddc001438
7f1727f9030003f7ff800
7fe8afff207f207ff7d60
002457ff64ff802002198
0027f7fbba7ffea0002a0
7ff267fcbb7fedd7fba20
0026a001677fc2c7fdc30
00ae77fd22fff170003f8
0092b7f04e801717fd918
7fae47ec857ff027fc220
7fd227fe5a7f8e200c350
7fb9d8004780095009aa8
7fd9f001cf00284003560
00042fff337ff447ffc30
7fe687fa0bffc51000f98
7f7647f86bffd26003368
7f0f37fdfa7ffa6002760
7f1788071a7ffbdfff840
000227fe4f0015f7efe10
00181801cdffab1ff9ac8
004ec000717ffd57fff60
0029bffddc00374ffd120
7ffd3802ca80062ffb908
00752808937ff65fff400
0121e0017c002ce000360
00f607f2fe803097fd6a8
7fe51000417eff5002640
00166ffe1c7fb13806aa0
7ff427fb18800090002e8
7fd40ffe007fc5bffd4d8
002c17ffa17fb97000ab0
006be7f6f77ff6f000ca0
7fd597edff7ff997fd370
7efcc7f3fb7fccb7fd9f0
7fecd7fee07f4337f4f30
0026d7ffee7f7c40004a0
003717fc597ffe8000250
7ffe77fc947ffe2ffb7f0
00208001e5ffccd7fcf88
00b477ffa3fff16800050
00c72ff2bc001f1ffded0
7ff5a7ebdefffe0ffc070
7fd957fdb47f65700a4d8
7fba27ff427fe6d0098e0
7fd3c0013d001bc003ce0
0006b7ff527ff5b7ff960
7ffcf7f9e27fc320001e0
7f95a7f6b27fc840027f0
7f1d27faa47ff23802520
7f043003a77ffe47ff720
7ff637fe6d7fa327f0e40
0022d800fa7f8787fca40
004ac7fe387ffdb0000c0
0016a7fce0001d9ffbd88
00104802917fe69ffbd70
00a4f0048d7ff257ff9a0
010f97f974002a57fef70
0082f7ed940019e7fc568
7fecdffce37f2d6805150
7fc627fd737fa71007ea0
7fcf87ffed7ffea0042c0
000acfff947ff9afff560
0027c7fa697fc877fe710
7fe0e7f4bdffbc6000b88
7f5907f5077fe35001b30
7f0407fc76000207ff720
7fe6dfff877f090ffb300
002287fee27f8b4003d60
0017f7fb34ffff50002a0
7fe657fcf77fde97fc010
002a3800d8ffbc9ffeae8
009ff7fac8fff2e0006c0
0056e7eea5000d57fd4b0
7f6a77ee29ffe247fc7e8
7fcd07ff007fbc700d770
7fbc10013b802b9009488
7fe0c8024c80336802ad8
0000ffff307ff40fffe70
7fd22ffa92ffca3001bb8
7f5f37fa87ffdef803b98
7f0e80015b00032002708
7f36d80a217ff9ffff8d8
7ff687ff220011d7ff4a0
0014600023fffd8001fe8
0019c7fe690032a0031c8
7ffe3ffec480329fffac0
000a58006d7fe89802390
001ef7ff6a8034500a980
000927fea3010c8006de8
0002b8004f011beff66e0
001d68005e00315ff0340
0015f7fee4ffad8ff9c50
00004ffff0fffd3800020
0016800122002a07fccb0
002207ff927ff3c7fc330
00042fff847ff50fffa40
000b3001af001fe7ff2c0
002bd000d7000cd7fd570
7fe9f7fdee00072000ab0
7ff047ffcb00351000a60
000d17ff710034e7fdc40
000687fded0003d7feb90
7ff11ffe9900279003b20
7ffe97fff800b22002300
0013d7ff2680dd57f6b38
0005f7fe0e0037d7ee2f0
7ff6efff29ff787ff36a8
000b9000247f72c7fe480
001af7fede7fe2e0013d0
0005e7fe22000857fd6d0
7ffd27ffb77fdb77fc940
001a20004effd6e7ff7d8
00231ffe8280022fffe88
000527fe4e000717fdc90
7ffa17fd8400016000d10
7ff2d7ff64002b60020f0
000f77ffdc003f97ff710
001437fe50000ca7fef20
7ffc3ffe570009f004640
7fff07fff100911806cf0
0017f7ffc58107f7fda48
001317fe6400ae37f17b0
7ffda7fef8ffddb7f1008
00092000697f8d37fa9e0
001f87ffb27fdda0004e0
001197fe7d001987fde10
7fff17ffb37ff6cffbe90
00159001027fdea7fe690
002a1fff9a8002bffff38
001027fe9a801597fe298
7fdd67febd000b4000630
7ff0300043003427ff220
0007f7ff27802007fc928
7ff767fdf67ffb07fec50
7fe8a7ff29003e00023e0
7ffe88000a80afeffd180
000c57feb8008667f1968
7ff837fe147fb617ee710
7ff1e7ff7a7f2e97f85c0
000b07ffd27f752002470
001047fe487fee6001e20
7ff897fe307ff547fd720
7ffbbfffd77fc70ffdec0
0019ffff94ffd77800ab0
0015affdb700016fffda8
7ff95ffe547ff6cffdce0
7ff39fff48000e8fff070
001417ffd680040001f70
0012e7fe19003be002580
7ff9b7fedc80300ffeff8
000c18004afff12002800
001c77fef98058b809998
0003c7fe86011e2002f60
000368004500f29ff2b90
001e1ffff67ff7dfefeb0
001187fe9a7f9997fb128
7fffe7ffee7ffd7000080
0019e000cc801d67fc458
001fd7ff1b7fe667fc758
000277ff747ff3e7ffcc0
0010e00178001c07febe0
002dc000300002d7fd3a8
7fe317fe4a0009c000960
7ff00000070036d7ffe70
000ae7ff46802c37fd128
7fff07fde47fff77feb00
7fec97feda8033f0030b0
7ffec8000000b5afffa40
001097fee400b69ff3d80
7ffeeffe027ff6bfeddc0
7ff407ff4e7f4f37f5a50
000b97fffc7f70b0004e0
001617fe8b7fe870019a0
7fff37fe21fffefffd5d8
7ffc9fffca7fd03ffd2e8
001afffff17fd67000140
001d07fe0e000217ffdf0
7fff07fe4c7fff07fdbb0
7ff187fda80004b000c50
7ff117ff970031c801630
000ec7ffa8003c07fe900
000df7fe130008b7fecd0
7ff697fe6e0019b004230
7ffef7fff500a60004980
0016c7ff7300f8d7fa010
000d27fe2b0075d7ef690
7ffa3fff077fa8eff1dd0
000a8000467f7d07fc5e0
001df7ff447fdfc000c80
000c27fe46001177fd930
7ffe27ffb37fe87ffc240
00187800ad7fd9dffeed0
0027a7ff0a8002b7ffec8
000b1ffe6e000ecffde90
7fd9f7ff43800cf000438
7ff1e000760030a7fe6c0
000497ff0a001367fc2b0
7feff7fe217ff667fed60
7fe637ff8400440001540
7ffee8000d00a10ffabb8
000747fe8e004fa7f0170
7ff117fe3c7f7967efed8
7ff047ffb4ff18d7fb7b8
000a3fffadff810804288
0009a7fe167ff5b002140
7ff1f7fe577feca7fdaa0
7ffb27ffeb7fc17ffec40
0017bfff3cffdb28012f8
000cb7fd7b8000a7ffcf8
7ff367fe817feee7fdfe0
7ff03ffe88000648009a0
000230000400123000200
00126ffeda00075fff8f0
7ffd6ffe550000d0006f8
7ffa07ffbe00105800af0
000ebfffb700103fffb30
000907fe9f00002000040
7ff9cfff490008f001060
0006c000168016a800478
000f87ff36000677ffae0
00001ffef480003000fc0
7fff7ffff7001708012b0
000e5fffd00013afffc20
00083fff05fffbf0007e8
7ffd57ff9f000de002100
0008a8002d80232800a98
000e47ff6c000397ffde0
000157ff517ffc3002ae0
0002a0002700300002f50
000effffe80023a7ffc40
000817ff437fe09002f60
7fffa7ffdf0034b00ab90
000af00044810190069a0
000e17ff84810dd7f6e98
00016fff8c002ff7f0a80
0004a00059ffa8e7f96b8
00103fffff7fed0000030
0007a7ff69002267fd620
000048001e7ff37ffc150
000d0000707fe807ff340
000ec7ff9e001127ff8e0
00012fffc0000baffd970
7febbffe20800e5fff638
7ff1c7ffe0000117ff840
000a57ff7780052000648
000147fe420012f0000e0
7ff0c7ff10000b87ff470
7fff000003000007ffee0
000b67ff24000c9000a20
7ffcc7fe9b801657ffc88
7ff6e7ff9d0006c7ff5c0
0006f7ffe200023000870
0008d7fef30016b000bf0
7ffa47ff05801757ff778
7ffd8ffff100018fffc20
000b57ffaa800a4001578
000547feea0024e000b00
7ffa77ff6d0015b7ff2d0
0003c8000efffd9800c28
000c47ff73801f20029b8
0001c7ff13003dd0005e0
7ffda7ffcd000f07ff250
0009b7fffa000040046a0
000a97ff3e00868007910
7ffecfff5501092ffe4f0
0001f8001880ac3ff1628
000db7ffd4ffd007f12c0
0007d7ff2eff8567fb6f8
7ffe87ffad7fdf2000a10
0007e000398011a7fda78
000f5fff997fe777fc500
000447ff417fda67ff280
000070000a00024fffe98
000da000340007f7fdf60
7feb57fec9000840007f0
00021ffffb0011ffffdb0
000da7fea0800547ff788
7ff77ffe6e000238006e0
7ff997ffd900128800710
000db7ff81000ec7ff780
0003d7fe837ffff000030
7ff737ff63000c4000e20
0006e0000000173ffff60
000c57ff04000537ff960
7ffc67fefd00038000f10
7fff97fffb001a5000d10
000db7ff9c001227ff7f0
0004b7fee97ffdc0008b0
7ffc07ffa80014e001d00
000940000a80248000258
000bf7ff35800297ffd18
7ffe8fff4800057802af0
0002a8001a803938023d8
000e17ffb5002207ff4b0
000527ff2b7fec0003550
7fff07ffe10059b809b90
000b80001d0112a002d90
000c17ff5700e68ff3620
7fffe7ff877ff807f0640
0005b80042ff93dffad00
000fa7ffc27fedd000460
000537ff50001837fcf58
0000a0001a7fe5c7fc5b0
000e00003d7fe5e7ff8f0
000ccfff6c000f3fff520
000027ffbf0002b7fd7b0
7fe5bffe76000bcfff320
7ff1e000117fff37ff860
000827ff540006a000540
7ffaf7fe49801307ffc98
7fede7ff4d0008b7ff210
7fff3000047fffc7fff10
0007fffeff800ec800738
7ff7d7feb2801557ff788
7ff5e7ffc200045fff450
000687ffca000400007c0
0004effeda001908006a0
7ff70fff2200151fff240
7ffd87fff98000a7ffb98
0009d7ff84800ea001288
000157fee300265000280
7ff907ff89001217fee50
000477fffb00004000ca0
0009f7ff420027d802210
7ffe17ff10003df7ff800
7ffcd7ffdb800be7fef18
0009afffda00100804490
0007e7ff1a009e20057e0
7ffc77ff5a00fc67faa70
000238000e00739fef5b0
000ca7ffa37f9c47f23a0
0004b7ff187f7857fd460
7ffd6fffb57fe25801130
000870001a000907fd790
000d5fff63ffdb27fcc08
000157ff3b7fd897ffb20
0000c0000d0001f7ffdf8
000e580002000077fde70
7fedfffe5400024000340
7ff9f7fff7800840000c8
000df7ff21000487ffb90
7ffd4ffe4c80002000088
7ff417ff810005f0003d0
0006e7ffdf0007d7ffd80
0007f7fecc000117ffd30
7ff7a7ff0580023000438
7ffdfffff98008c8001d0
000a87ff76000507ffc00
7ffffffee280002000120
7ff947ffa8000638004f0
0005e7ffed000877ffe30
000717ff2a80012fffdb0
7ffb37ff4980022000558
7fff37fffe000978002f0
0008cfffa600057fffc60
000187ff317fffd000200
7ffc27ffbd80068000698
000587fff400097ffff40
000697ff5f800187ffe38
7ffd57ff75000250006a0
0000780002800a7800420
000827ffb90005f7ffcb0
000217ff58ffff5800338
7ffd7fffce800728008b0
00056fffff000ad000000
000687ff7e000127ffeb0
7ffe87ff8c8001d000918
0000e80008000c1800680
0007b7ffcc000717ffd20
00028fff74fffea0004b8
7ffe47ffda00080800c00
000530000a800d0000158
000697ff9a0000d7fff50
7fff77ffa100016000cf0
000160000f000ef800a00
000797ffdc0008afffd70
000317ff8a7ffd10007a0
7fff17ffe40009e001220
000550001100116000360
000697ffaa7fffe000040
000007ffb1000030014b0
0001e0001880153001128
0007d7ffe8000be7ffda0
00038fff977ff86800e78
7fff87ffec000e6002240
000568001b001dc0008e8
0006f7ffb87ffca000260
000097ffb8fffba002f58
0001f8001c802e0802d88
0007bffff2801befffd18
0003d7ffa47fdcc003520
7fffcffff48034e80ac48
000580002400fc1006760
000717ffc30106c7f7270
0000c7ffc0802f37f0e78
0001e000267fa707f9450
0007b000017fe55000020
000417ffb2001e57fdb00
00000800007ff377fc150
0005a000317fe267ff030
000767ffd08009c7ffbd8
000117ffcd000a9ffdca0
7fe887fe9f8002d000298
7ffa00000b800817ffef8
000a57fef4000357ffac0
7ff73ffe64000040000a0
7ff2d7ffb10006c000280
000687ffc4000737ffbd0
000367feb4000077ffcf0
7ff447ff2a8002f000388
7ffe0000020008e7fffe0
000867ff530003f7ffb10
7ffc07feea00006000130
7ff867ffc300073000380
0005b7ffd6800807ffc58
000407ff140000b7ffd50
7ff8e7ff5f00032000490
7fff8fffff0009b8000c0
000777ff80000487ffb58
7ffe37ff29000050001f0
7ffaf7ffcd0007c0004d8
000537ffe40008e7ffd10
000447ff4b0000e7ffe00
7ffb67ff7f0003a000620
0000500000800b30001c8
0006efff9e80052fffb88
7fffb7ff5480003000328
7ffcd7ffd70008e0006c0
000537ffea000a77ffd80
00046fff6a0000cfffe60
7ffcd7ff950003d000850
0001000006000d0000370
0006d7ffb10005f7ffbb0
000087ff6d7fffa000520
7ffdb7ffe1000a90009e0
000537fff7000cc7ffe40
0004efff8380005ffff50
7ffe0fffa500043000c90
000190000a0010f000670
0006f7ffc00007d7ffb80
00014fff7ffffea800838
7ffe97ffe7000db000fb0
000567ffff0011dffff70
000547ff93fffff000028
7ffec7ffaf0004c001420
0001d8001000187800c10
000717ffcf000b17ffb00
0001ffff8f7ffbc800fc0
7fff47ffee8015a001e18
0005a00007001ee0001f0
0005afffa07ffce800318
7fff6fffb780061002f78
000220001600371802278
000737ffd9801ad7ff718
000267ff9b7fe9a003ba0
7fffa7fff7005a1009c20
0005e00010810cc002c88
000617ffab80e077f3b68
7fffefffc07ff81ff0a40
000270001e7f9167fab20
00079fffe47fe63800620
0002d7ffa3001567fd528
7fffe7ffff7fe5e7fc5c0
000610001c7fdfd7ff730
000697ffb80008b7ff9a0
000057ffc9800267fdb18
7feb47fe7a0002c7ffda0
7ffa0000037ffff7fff50
000bb7ff06800240001a8
7ff957fe5e0003ffffee8
7ff347ffa38000d7ffdd8
000677ffcb00007000140
000427febe0003d0000e0
7ff4e7ff2a0002c7ffdc0
7ffe0000017ffff7fff90
00082fff58000258001e0
7ffbf7fef200040ffff00
7ff877ffc70000d7ffe10
00054fffd580009800178
000327ff1b0003f0000f0
7ff897ff6c0002a7ffdd0
7fff6000007fffd7fffe0
000657ff8100028000250
7ffd37ff3c000457fff50
7ffb1fffd900010fffe48
0004b7ffdb0000d000190
000287ff50000410000f8
7ffaafff948002afffe08
000060000000001800020
00055fff960002c800230
7ffdf7ff66000427fff20
7ffcb7ffe50000cfffe90
000467ffde00010800210
000227ff6e00046000100
7ffbe7ffad0002a7ffdf8
0000f000017ffff000070
0004b7ffa400030000280
7ffe4fff82000447fff20
7ffda7ffef0000a7ffeb0
000437ffe400010000268
000217ff8600048000140
7ffcf7ffbf000287ffe20
00017000017ffff0000e0
00045fffae800338002d8
7ffeb7ff96800467fff38
7ffe87fff4000097fff00
000427ffe4800130002c8
0001d7ff948004c000158
7ffd87ffcc000287ffe50
0001d0000300001000150
00043fffb680039800318
7fff17ffa4000487fff30
7fff1ffff800006ffff40
000417ffe600016000350
0001cfffa000052800180
7ffe17ffd4000287ffe50
0002000002000000001a8
0003dfffbc8003e000360
7fff47ffb1000497fff30
7fff97fffc00003ffff88
0003ffffe6800188003d8
0001a7ffa9000570001a0
7ffe6fffdb00025fffe60
00021000027fffd000240
00038fffc2000428003f0
7fff57ffbd0004c7fff50
0000000001000017ffff0
0003efffe90001b800480
00019fffb20005c8001e8
7ffed7ffe3000247ffea0
0002700003ffffd000308
000387ffc60004c000468
7fff97ffc40004f7fff50
00006000027fffc000068
0003e7ffe700021000560
000167ffb700067000210
7fff07ffea000217ffe90
00029000067fffa0003e0
00037fffc900055000540
7fffafffca00055ffff60
00009800047fff88000e0
0003dfffe880026000668
000157ffbd00072000260
7fff37ffef0001ffffec0
0002b000077fff70004e8
000357ffcd00062000620
7fffbfffd00005c7fff60
0000c00007ffff1000188
0003cfffec0002b8007d0
000177ffc5000810002f0
7fffaffff30001dffff08
0002f00003ffff6000668
000327ffcd00075800750
7fffb7ffd6000647fff50
0000f0000afffe6800290
0003cfffec000360009f0
000157ffc900098000370
7fffb7fff8800177fff28
0002e800077ffee8008a8
000327ffd300090000950
7ffff7ffdd000727fff50
000150000c7ffd5000400
0003c7ffec80044000d38
00014fffce800bb800470
000017fffd0000c7fff80
0003300005fffe3000c98
000307ffd2000c0000ce0
7fffe7ffe18008d7fff58
000180000efffb90006b8
0003e7ffeb00060001370
000127ffcf80104000668
00000000017fffe000030
00034000087ffcf001430
0002f7ffd5001240013e0
7fffe7ffe6800c07fff38
0001a00012fff6c800d50
0003dfffee800a8802358
00012fffd5001c9800b98
0000500005fffc5000208
00038800077ff81802ee8
0002e7ffd4002b2003040
7fffd7ffe9001c17ffe88
0001c00014ffdb00033d8
0003e7ffee0031080ad60
00011fffd700faf8069f0
000058000901066ff71e0
0003800008002bb7f0df0
0002c7ffd77fa447f96e0
7fffe7ffef7fe57000130
0001f00017001c67fd990
0003e7ffef7fef97fc260
0000efffdb7fe17fff280
000060000e000967ffaf0
0003a8000c0006f7fdbe0
01ea700ad001ea700ad00
7ed5501a837ed5501a830
009cb01ee4809cb01ee48
000000000000000000000
7e970fe8cf7e970fe8cf0
000000000000000000000
004f57e003004f57e0030
000000000000000000000
7ee7501b5cfee7501b5c8
7ea797e7adfea797e7ad8
7df99002747df99002740
000000000000000000000
01bc87ef4a01bc87ef4a0
000000000000000000000
01e0900c1001e0900c100
000000000000000000000
00a7c01ea300a7c01ea30
7dfb8001c47dfb8001c40
7edea81aecfedea81aec8
000000000000000000000
004377dfce804377dfce8
000000000000000000000
01c3c7f00501c3c7f0050
000000000000000000000
7dfda00350fdfda003508
000000000000000000000
7e9e37e84a7e9e37e84a0
000000000000000000000
01e6580b7981e6580b798
000000000000000000000
0094801f130094801f130
000000000000000000000
016b4016e9816b4016e98
7e39e80fc57e39e80fc50
7fb57820137fb57820130
000000000000000000000
7f5c67e13d7f5c67e13d0
000000000000000000000
01241fe55181241fe5518
000000000000000000000
7e466010e27e466010e20
000000000000000000000
7e1df7f4317e1df7f4310
000000000000000000000
0202a7fd1e8202a7fd1e8
000000000000000000000
015e3017f6015e3017f60
000000000000000000000
7fc2d020387fc2d020380
7e224ff36d7e224ff36d0
7e3f60103b7e3f60103b0
000000000000000000000
011c07e4e8011c07e4e80
000000000000000000000
0204affdcf0204affdcf0
000000000000000000000
7e1767f4ee7e1767f4ee0
000000000000000000000
7f6957e11d7f6957e11d0
000000000000000000000
0165b0177b0165b0177b0
000000000000000000000
7faa402008ffaa4020088
000000000000000000000
01b640114c01b640114c0
7e80c015b6fe80c015b68
002958203c002958203c0
000000000000000000000
7ef12fe44f7ef12fe44f0
000000000000000000000
00bfa7e1c700bfa7e1c70
000000000000000000000
7e8dc016c67e8dc016c60
7f060fe3977f060fe3970
7dfdd7fb2c7dfdd7fb2c0
000000000000000000000
01ec87f60881ec87f6088
000000000000000000000
01aa30127a81aa30127a8
000000000000000000000
003920204800392020480
7e0157fa8efe0157fa8e8
7e8540163c7e8540163c0
000000000000000000000
00b587e19480b587e1948
000000000000000000000
01f117f6ba81f117f6ba8
000000000000000000000
7dfd8ffbec7dfd8ffbec0
000000000000000000000
7efd57e3dc7efd57e3dc0
000000000000000000000
01af6011e781af6011e78
000000000000000000000
002040204100204020410
000000000000000000000
0112801b740112801b740
7e0de808f67e0de808f60
7f44f01e4cff44f01e4c8
000000000000000000000
7fcee7dfc67fcee7dfc60
000000000000000000000
017d2fea14817d2fea148
000000000000000000000
7e14c80a577e14c80a570
000000000000000000000
7e53b7edc37e53b7edc30
000000000000000000000
01ff90045801ff9004580
000000000000000000000
00fe001c3580fe001c358
000000000000000000000
7f52081e867f52081e860
7e5b6fed46fe5b6fed468
7e11e009b17e11e009b10
000000000000000000000
017667e98a017667e98a0
000000000000000000000
0200e005350200e005350
000000000000000000000
7e4bd7ee45fe4bd7ee458
000000000000000000000
7fda37dfb17fda37dfb10
000000000000000000000
0106301bdd0106301bdd0
000000000000000000000
7f3c181e067f3c181e060
000000000000000000000
005fe012a9818a97f8268
01c9500ebd802127fc128
004e580f72004e580f720
004e580f72004e580f720
7f4b87f467ff4b87f4678
7f4b87f467ff4b87f4678
0027aff0018027aff0018
0027aff0018027aff0018
7ec7700185001fe019d78
7eb110187200364002eb0
7efcc8013a7efcc8013a0
7efcc8013a7efcc8013a0
00de47f7a500de47f7a50
00de47f7a500de47f7a50
00f048060800f04806080
00f048060800f04806080
7f51a010338156200e6f8
0062001f758045c7ff2d8
7f6f500d767f6f500d760
7f6f500d767f6f500d760
0021bfefe70021bfefe70
0021bfefe70021bfefe70
00e1e7f80280e1e7f8028
00e1e7f80280e1e7f8028
7efed001a87efed001a80
7efed001a87efed001a80
7f4f1ff4257f4f1ff4250
7f4f1ff4257f4f1ff4250
00f33005bd00f33005bd0
00f33005bd00f33005bd0
004a400f89804a400f898
004a400f89804a400f898
7fd29013570198b003920
0133c819a580377ffd440
7fdac01009ffdac010098
7fdac01009ffdac010098
7fae37f09effae37f09e8
7fae37f09effae37f09e8
009217f2a9009217f2a90
009217f2a9009217f2a90
7f233008717f233008710
7f233008717f233008710
7f0efffa18ff0efffa188
7f0efffa18ff0efffa188
010157fe8f010157fe8f0
010157fe8f010157fe8f0
00af180bfb00af180bfb0
00af180bfb00af180bfb0
7ef29009d280d04016658
7f7cd01f0a004600012e0
7f1fb0081dff1fb0081d8
7f1fb0081dff1fb0081d8
008e07f274008e07f2740
008e07f274008e07f2740
010257fee7810257fee78
010257fee7810257fee78
7f0bb7fa777f0bb7fa770
7f0bb7fa777f0bb7fa770
7fb4aff08effb4aff08e8
7fb4aff08effb4aff08e8
00b2d80bbd80b2d80bbd8
00b2d80bbd80b2d80bbd8
7fd52010047fd52010040
7fd52010047fd52010040
001b801381019ac7fdcb0
0188d014a0002d77fcac0
0014b0101e0014b0101e0
0014b0101e0014b0101e0
7f7897f227ff7897f2278
7f7897f227ff7897f2278
005fd7f0e3805fd7f0e38
005fd7f0e3805fd7f0e38
7ec9e7fd2effc3e019978
7e63981333002a2803930
7efeeffd967efeeffd960
7efeeffd967efeeffd960
00f647fb0400f647fb040
00f647fb0400f647fb040
00d518093d00d518093d0
00d518093d00d518093d0
7f1d380d6b011be812dd0
7ff1002019804820002e8
7f42a00b1e7f42a00b1e0
7f42a00b1e7f42a00b1e0
005ac7f0ca005ac7f0ca0
005ac7f0ca005ac7f0ca0
00f88ffb5d00f88ffb5d0
00f88ffb5d00f88ffb5d0
7efec7fdf67efec7fdf60
7efec7fdf67efec7fdf60
7f7eaff1ee7f7eaff1ee0
7f7eaff1ee7f7eaff1ee0
00d7b008f400d7b008f40
00d7b008f400d7b008f40
001020102080102010208
001020102080102010208
7f90301235018250093f0
00d0f01d4b004197fe290
7fa2780f267fa2780f260
7fa2780f267fa2780f260
7fe777efe37fe777efe30
7fe777efe37fe777efe30
00be97f50a00be97f50a0
00be97f50a00be97f50a0
7f0a60052bff0a60052b8
7f0a60052bff0a60052b8
7f29dff6e1ff29dff6e18
7f29dff6e1ff29dff6e18
00ffc8022c00ffc8022c0
00ffc8022c00ffc8022c0
007f000e1b007f000e1b0
007f000e1b007f000e1b0
7ed6b805e6007b5018a00
7f13381c68003ed0021e0
7f08f004d8ff08f004d88
7f08f004d8ff08f004d88
00bb37f4c500bb37f4c50
00bb37f4c500bb37f4c50
010070029a810070029a8
010070029a810070029a8
7f25eff7237f25eff7230
7f25eff7237f25eff7230
7fed1fefd8ffed1fefd88
7fed1fefd8ffed1fefd88
0083180dee8083180dee8
0083180dee8083180dee8
7f9e100f037f9e100f030
7f9e100f037f9e100f030
005720110e0008c0019c0
0157c00b1980719003a40
0140dff9a08049bffe860
004c47f6d87fd4e0053a8
7fb997f234ff91f002330
7f5957f3ac7ff23000bc0
7f25d7f8f68025b7fb710
7f3d47fefb000e47f56c8
7ee220015fffe55000258
7f03d01262ffad40060f8
0019c0150580062004d20
007db806c17fb88ffc2a0
00e747fed6fff707f8ce8
00e637f8a57ff817ff000
009f67f450003ee003550
003c57f46180a1f003438
7f60780ed57ff128015f0
004a0017af80180007c60
0116c00bbd003f6002b20
00a237fe077fa39001268
0081d7f3f57f9ff7fbf20
003387f022ffee37ffc48
7fd0f7f0e48050cfff028
7f93d7f5c9008df7fa1e0
7f26f7fae6ffd7e006c18
7efdd0008c000100011c0
7f2090065b7fde47fb4d0
7f7ae008ee7f83f7f8ba0
009eb80aa300547ffb1a0
00ebc006b9000777ff040
00f5e0008cfffd5005308
00b747fbbc003bf00a010
7fd6a811b07ffbe801a70
00e7701351004c5806548
014ca002f3004c10009f0
0083a7f9c97fb3d8037b0
002027f1a47f8e17fefb0
7fbf47f05dffeef000410
7f6c67f3bf0041d7fce00
7f5807f9cc805637f6d20
7f19100145000a20072c0
7f1af8077580083800fb8
7f62600bc17fc0d7fcb00
7fc5680ba2ff5dcffcce8
00d8300545002927f94a0
010257ffa57fff07feea0
00e087f9cf0020d004c00
008687f72d007ad007620
7f092008f87fe97000da8
7f9d001758ffdfd007b18
00a910123500273004300
00a03802adffa5cffe808
00c82ff8ae7fc5dff9c60
009c27f321fff1e7ff528
003e47f127804fc0014c8
7fe57ff3e800a88ffe8c0
7f6037f5837fab8004f40
7f13dff9707ff7d801070
7f0a57ff96000167fae10
7f4920045bffc297f61b8
0044000de1006ee7fddd0
00a4e00c7b000e07ff430
00d99007367fd95004880
00c33001287fefb00a960
00181811cf80036801b18
0126e00f8e0061f005120
014e57fe40004c77ff8b0
006a97f82e7fc2e0047e0
7fec37f185ff8c6000a20
7f88b7f19e7fefe000898
7f4367f615003537fc120
7f44f7fc4d8033a7f5da0
7ee467fd627fe587ffcc0
7ec9400e6d7f9a5804c60
7fcea014d4fff54004c30
00625008527fc7dffb410
00e5b00220801097f8e38
00fabffc117ffb8ffef30
00c50ff6d9003138042b0
006417f588809230057b8
7f2ff00c44ffed5001268
7ff470182a7ffc9007ef0
00e6e00f5980350003838
00a5e800587fa23fffd60
00a9a7f613ffb127fab68
006b07f143ffefc7ff868
00084ff0a100527800290
7fbb4ff48b009f7ffc3f0
7f3eb7f7f27fc01006040
7f0217fcdd7ffcb001190
7f0ed003067feff7faf00
7f5d8006d07fa147f7260
0073e80c8a0063cffc6a0
00ccc009d2800af7ff218
00ece003f97fead004fb0
00c167fe6b0016500a890
7f995010adfff6e001878
009d1816120033d807390
013a58078c0047f801b30
009797fbcaffaa00025e8
005307f276ff9477fd6c8
7ff91fefdbffee5800078
7f9c0ff1fd004b6ffde60
7f725ff79b80751ff8478
7f1a27fe06fff04007250
7f05e0041800048001140
7f3c4009477fce27fbe48
7f9d500a8aff6d17faa10
00bf600823804067fa088
00fc900344000337fee80
00f0c7fd1e000f10050e0
00a2cff94b005d0008e10
7eefd0055f7fe6e000870
7f4db015607fc59007080
00647014088016e004978
00923004ce7faca7fd500
00ddd7fbb07fdd67f9150
00c707f5a3fff437ff218
007277f25f0048c002660
0011aff3cc00a98800f90
7f8987f37e7f9c6803a50
7f30e7f6467ff50000dd0
7f11bffc29001437fafa0
7f3e4001b2ffe7aff5708
0010900e79007287ff760
0073d80e70000f47ff7e8
00b9a00a077fc97003e80
00b91803d2ffca000a1c0
00085801a1004ec80f6d0
00392001d9011ea009400
002b7fff25811567fa7b0
7ff95000d98052f7f5fe8
0015f8043efff2cffd5d8
0040e002140030b001900
7ffdc0000a804bfffe7b8
7fc378075400116ffde60
7fe4b0001b7efd7001448
7fd5b8030b7f2e180f580
00032002db0016a0122a0
7ff487ff6980893007578
7fb920005b002c37ffcb0
7fd0c00373ffdc80029c0
7fffb7ffd800067004fa0
7f9b77faa3001d1001870
7ff12001657f6f500d700
000c3803e6003dc813c98
002548019100f1780a2c0
7ff0e0002f00b157fdd80
7fd82003b0001907fdaf0
000db00472000a5003540
7ffd8fffea0041d802c80
7f7e300198802567ff8e0
7fe2d002c57f4427f8220
000060008f7efd77fffd0
7fea57fdf07f3640086b0
7fc0fffe5c7fb9e80a920
7fc4c000bd00132006048
7ff7d0008700093000950
000d77fbe07fd0d7ff6d0
7fc4eff706ffbf0801b38
7ffb6001aa7fdb4010060
0025f0033600c180101b0
002cd00067811fd0028b8
7ff3d0008e808fd7f93a8
7ff5d00463000627fd440
002b50039c00210802b88
7ffd17fff6004f0000a90
7f960004f3001ddffe880
7ff8a003457f2077fe000
0003b8007a7f174006fb8
7fdd8ffeba7f84d80d070
7fbb38003f000a300b638
7fcf60024d003ac004df0
7ffc4800ba000bf000410
7fefb7fbf0ffd12000bf8
7f8cc7f9867fd10003480
7fe8a000d37f208008250
7fef3803dcffadc8137c0
001690027b0092800fba0
7ff1a7ffca80ae9002e30
7fc2e8023e80268ffe9c0
7fed9804627ff238034f0
7ffec7ffdf00287004510
7f809ffde800253000980
7fd21801b27f8e1ff3d10
7ffc5000837f1797f8ed0
7ffae7fd897f0f70020d0
7fd277fcc47f76b007980
7fc4afff037fe6d805f10
7ff3c8004000041000c70
002807fcb17fd967fe300
00093ff65c7fb95fffc00
00022001aa8015f010250
003050028f80f6900cfe8
002c67ffc90121f7fe770
7ff62800c880746ff7658
0006c004767ffca7fd3c0
00380802e60029e8022c0
7ffd37fffc004f47ff8f0
7faa800651001867fe2d0
7fe50fffc17eff5ffda10
7fcc6802667efcd80c070
7ff93002d37fd57012010
7ff6f7ff45006b60090d0
7fb9e7ff61802ba0006a8
7fc64002b7ffd410020e8
0000d7ffd27ff47004f10
7fb137f9588016b001e88
7fecc8012c7f43280b188
7ffe8803ff7ff5e8142b0
001f68020f00c7780d4b0
7ff127fff700b4c800610
7fcc60030a0020f7fe1c0
7ffde004877ffeb003680
7ffe47ffe10036c003a30
7f7bf7ffbf00264000170
7fd950023e7f6567f5b40
7ffdb000857f0467fc580
7ff1a7fdaeff1d3005578
7fc817fd857f9570094b0
7fc35fffe47ffcb806200
7ff5d000660006e000b30
001ba7fc2d7fd457fec30
7fe697f6717fbab000b50
7ff62801927fa3280f1b8
0019f003a900832812690
002a900107010fc806850
7ff2a0006100a4f7fb690
7fe6d00420001017fd670
001d80041d801650031b8
7ffd77ffed004a8801c60
7f8740035a0022c7ff050
7fecc003157f2d67faf18
0001a000897f0440038f0
7fe2f7fe4d7f59500afa0
7fbc47ff49ffe1100b410
7fc860018f8027e005958
7ff99000a8000af0006c0
7ffe57fbd3ffcfd000110
7fa6c7f81a7fc65002870
7fe6d00087ff090004d78
7fe3100385ff6aa011da8
000d9002ab0056e0115d0
7ff24fff8f009fe8053f0
7fbc180158802acfff2e8
7fdea004067fe6f003020
7fff4fffd700179804c00
7f8b07fc2e0021a001220
7fcd0800fbffbc7ff2828
7ffa28006c7f36bff5da0
00033ffd867f0e87fea30
7fded7fc3cff5f7005760
7fc9e7fe3effd28005668
7ff3d8001680012800c68
003387fd507fe0b7fdaa0
002bbff6b27fbbf7febe8
7ff68000de0011d000c30
000c9002ac802c97ff2c8
001ff000db000b97fe4b0
7ff540006100041000780
7ff3f003d0002208006e0
002a40033a0016a7feda0
7ffda80000000018000a8
7fadd806390015a0011b0
0031880fcb001d47ffa20
011c300990000277ffb00
010ca7f91c8008c0015e8
003437f564801ec0009a0
7fe89ffdc7800a37ff960
0032b000507ffe0001400
003247fcdd8019b8019e0
7ffcd7fe06001497ffe00
7fe9f8021500072fff500
000730023880051001ad8
00025000170022f8017a0
7fd6f000810019f7ffae0
7fdb50036a7ffcd000460
00081002950005a001dd0
7fe2dffec8001ab001220
7f72e801bc000b4fffdd0
7f78b80c977ff69800d90
00380011d20005c001f80
00dd90094d0013e800df0
00b277fdcefffee000098
0027cffc4b7ff13801640
0003f0014300066002110
0034f80238000ce000900
003537ff577ff03000370
7ffa000277800167ff328
00158801d100106801650
0002900007002a4000610
7fde68019300156ffefb0
7ff6c004157fff10004e0
001970021a8011e001818
7fdd67ffad001fb000490
7f8cf00560000917ff930
7fdda00efffffda001068
00ae400e81001340019a0
0107c0025600181000358
0090d7f92fffff00000b0
0009dffb9d7ffc4801a70
000cb0010c00145801ac0
003f70008b800f90001d8
002b1ffdf1fff2c000968
7fdd600142800b47ff908
7ff69802347ff8a001a80
000160002a00153002510
7fd787ff57801a2000730
7fc6e00215fffc0800290
7ff51002947ff88801ce0
7fee97fe2600103001b90
7f7597fdbb000b10002d0
7f2ec807a27ff1b800830
7fb610118efff7b801ed8
0086700e6a800c10014f8
00aff002e77ffea7fffc0
003dc7fdc2ffe8c000d98
7ffae001437ff758020c0
00208003750007f000dc0
0034e000da7ff057ffbe0
7ff39000b6000e9000f50
00029802c5002dbfffca0
001bb001470010b7fe820
7ff410003f000218008a0
7fe7100390001fb000e60
001e1003b4001a07ff320
7ffd77ffef7fffc0000d0
7f995804ed00112801640
7ff8001018001df0000d0
00f2f00d440003a7ffba0
011e37fd040003c001730
005897f665001bd001008
7ff147fd81800b67ffba8
00306000fefff990012d8
003c1ffda280132801ec8
000417fe0380145000298
7fe31001b50009c7ff770
7ffef002447fff9801bb0
0001f80021001d7001ee0
7fd64fffec001ad8000b0
7fd02002d27ffc4000380
7ffec002a3ffff2001e38
7fe827fe6900162001780
7f7087ffb8800b7000068
7f4f300a617ff3f000b70
7ff6d012277fff1802040
00b6a00c2c0010e0011f0
00b5d00060fffef800008
00344ffcf67feca801260
7fff98014b7fff18021d0
002bc002ea000b0000b90
003638001f7ff00ffff80
7ff17002538004b7ff3e8
000e980215000b5801940
0002a800138027e800f38
7fda0001120018a7ff4f0
7fe89003d87ffe4000480
0011500268000c3001b50
7fdf97ff36801de000b68
7f7cf003a4000a57ffb60
7fa9200e237ffa0800f90
0076101093000d1801d60
00f8e805f90016e0008c0
00a5f7fb627fff0000070
001987fbd8fff690018e8
0008800130000dd001eb0
003bc0016f000ed000570
0031a7fe9f7ff12000660
7fd9f000c1800ce7ffc60
7fef5002017ff3c001850
0000b00027000ce002840
7fdaa7feca8017b000c48
7fc100013ffffb2000190
7fec80025a7ff22001ac0
7ff5a7fdeb0009a801ec0
7f80c7fbd7800a4000568
7f189004887ff070004f8
7f795010167ff15001c48
004f900fea00075001730
00a0e005477fff0ffff80
00440ffeb07fe6c0007f0
7ff67001297ff08001d90
00132003d400048000ec0
00304001997ff167ff890
7ff0400179800647ff648
000b98026b8000f800410
0011400075000eb000660
7fe82000cd800d27ff938
7ff37803ec00007fffe40
00227002a20007d000980
7fed50000000106000000
7fa93006940004afffa50
0030280f5600016000750
010e100915000e20007b0
0101bff962000aefffba8
0034b7f5437fff8000218
7fe087fd0800081000bf0
0023900039000f2000170
002fb7fd06800297ffd70
7ffbc7fd5300011000b30
0003680028000e68009b0
002367ff59000937ffd38
000df7fdee7ffda0005d0
7ffbd7ff8100084000f70
0013a00041000e60002d0
001727fed57fff8000050
000037ff037ffff001070
0006600053000f4000c80
0016c7ffb9800687ffe88
000907fef87ff97000b80
7ffffffffa0008c801648
001000004d000ec0004d0
001037ff547ffa0000420
0000c7ff947ffd4001ac0
0007700074001250012a0
001257ffe1000247ffff0
7febb001dd000e50009a8
0007d00208800dbfffc88
000238001600005ffff10
7fda5000d700042000bc0
7fe76003b0000f6000650
0011a002598007d7ffc10
7fdf37ff5f7ffe30004e0
7f8570048e00078000d20
7fd0000ed2000da0002d8
00ac400e9b000207ffe60
01092001ae7ffea000a80
008667f86d800a7000c20
000037fb980009b000050
000f4000dc7ffd7000300
003e07ff9d00017000ee8
001ef7fd5e800c3000930
7ffd37ff3f000437fff30
0015c000d8fffaa8008c8
002547ff5080050001108
000a5ffea5000b1000560
000178003cfffd9800118
0017700088fffa7000f90
0016d7ff3e0008e0010b0
000227ff770006f0001c0
0006c000a67ff6e000610
0016a000387ffca001620
000cdfff5a000b3800dc0
000010000cfffef7fffe8
000b8000b67ff0d000f10
001317ffef80014801bc8
000547ff96800a5000870
0001000078fff1c0001e0
7feb500135800847ff808
000290028400001000410
000f0000b0800cb000968
7fe5e00077000e37ffc80
7fe61003a8000107ffe80
00187003088005a000ab8
7fedc7ffb8800fb000368
7f93d00533000597ffba0
7ff8300f9fffffd000788
00e6d00c9d000c2000a70
0112cffd25000b6fffdf0
0059d7f646fffec0001e8
7fec37fca980051000d80
00220800b2800e58004c0
003937fdc30002f7ffe00
0005affd53fffe6800b00
000300002c800b9000c88
0024afffd2800917fff78
0014a7fe2a7ffc1000580
7ffd87ff760004a001140
0012300084000d8000620
001a8fff2d7fff7800050
000387ff0b7ffc4001020
0005200069000c1000fb0
001748000a0006a800030
000c67ff1a7ff74000a00
7fffdffff70003e8017c0
000e600084000d70007c8
001227ff917ff940002a0
000227ff967ff77001978
000550008a000dd801620
001210002500024000040
7fe5b0018a800bc000c90
0000900217000e0ffffe0
0001e8001c0000c7fff80
7fd850004c0001b000c60
7fdb000340800d9000978
0008f00287000867ffe10
7fe23ffeec7ffd58004b0
7f783002bc8004c000e78
7f9c600dc9000cc0005a0
0073c810a500024fffee0
00fc6805577ffc8000a20
009e27fa808007d000e18
001017fbb500097000230
000bc0010c7ffcc000240
003dc800817ffdf800ee0
0027e7fde38009c000bb8
00008fff3800042800060
0012600118fff8f8007b8
002677ffd6000178011d8
000ec7fed60009e000790
0000c800437ffd7800050
00152800d7fff70800dd8
00190fff920004d801240
000407ff8000065000360
00044800b8fff5c000408
00153000877ff7e8014f0
000edfff8b00080801010
7fffd0000b7fff37fffc0
00087800da7fee1800b48
0012a000377ffb3001b40
0006a7ffb100083000a60
7fff78007a7ff1afffec0
7fedf801ab00024fffce0
000a80023680011800350
0009d0004400077000310
7fe26800fd0005bfffd00
7ff36803eb00001000010
001e500252800420004f8
7fe587ffff0007d000010
7fa73006b9000207ffdb0
002f480f168000e0003f8
0106d808d7000738003e0
00fc27f9870005a7ffdb0
0034d7f539ffffe000098
7fdcc7fcae0003c0005a0
001c00002c000790000d0
002ddffd220001dfffe40
7ffb37fd0a00009000490
7ffc77ffe00006f800480
001e07ff74000567ffe50
000e97fdd97fff6000150
7ff84fff17000388006a0
000bd000278007d000198
001547feed0001e7ffe80
000027feb300001000500
7fffc7fffd0006a000560
001177ffca800557ffef0
0009f7fedb7fff10001d0
7ffce7ff8280031000778
00086000278007a000258
000ed7ff61800167fff28
000147ff327fff8000620
0000b0000b0006c000690
000cf7ffeb800567fff58
0007f7ff407ffe5000250
7ffe77ffb4000290008d0
0006e000310007d000350
000c17ff9b000117fff80
0001d7ff6ffffea000748
00011000170006c000810
000ac8000280059ffffd8
000747ff777ffd68002e0
7fff67ffcd00020000a80
0005e8003480083800468
000a6fffbf000087fffb0
000247ff977ffd40008a0
000178001e00069800a10
000988000e00059800090
00069fff977ffbf800400
7fffdfffe000013800d30
000570003a8008f800608
000987ffd2ffffb000010
00024fffac7ffb5800b10
00014800240006f800d30
000880001a0005e000130
000627ffaefff96000568
000007ffec7ffff0011b0
0004e0003f800a6000888
0008a7ffe3fffde000050
00020fffbefff76800f98
000100002f0007c001358
0007e000290006e000240
0005f7ffc2fff410007f8
00000ffff97ffd3801b30
000470004a000de000e00
00084ffff67ff9f800090
7fe88001600002d7ffd58
000260024d00003000370
0008880065000678004c0
7fdfa8009000063fffe70
7fe5f803a600001800020
00157802ad0002f8005c0
7fe627ff9d0007a0001b0
7f9158055100027fffe20
7ff8480f5f7fffe800408
00e0b00c4880062000548
010cd7fd358005f7ffef8
005a27f63d7fffb000090
7fe9b7fc4480028000650
001ab8008d00075000258
00370ffdda00022fffe90
000647fd0b7fff6800480
7ffd47ffcc8005c000600
001f07ffda8005affff80
001587fe1a7fff2000100
7ffbafff038001d800728
000b10004f80072000348
001887ff3d000217fff00
0004a7febb7ffee000500
7fffd7fffc000550006d0
0011c8000900058000010
000dc7ff047ffea000160
7ffe97ff79000140007e0
00078000450006e0003f0
001097ff9b000197fff60
000427ff3c7ffe00005a0
000088000c8004c8007d8
000cd0001a000540000b0
000a6fff627ffdd8001e0
7fffa7ffb080007000908
00061000460006a000510
000d1fffc800011800000
0003d7ff7b7ffd30006d0
0000e000188004c000930
000a78002500053800120
0008d7ff927ffcc000280
000017ffcd7fffc000ac0
000510004700071000600
000b07ffe200006ffffd0
00036fffa07ffb58007f0
0000d0002380044000b48
0009100030000550001c0
0007e7ffb17ffb10002f0
000047ffdf7ffe2000d10
000470004a800720007e0
0009c7fff47fff5000040
000327ffb67ff8f000a20
000098002a00040800ea0
0007e0003a0005a000280
000727ffc8fff850003c8
000057ffee7ffbf001140
0003e8004f80082800ab8
0008d000037ffdd000000
0002ffffc87ff44800d80
0000700030800378014b8
0007100042000660003b0
000687ffd8fff2c000518
00001ffffa7ff758019e0
0003600058000a80010a0
0008400011fffa07fff28
7feb4001858002c000258
0006e002410003a7fff50
0009500051000087fff30
7fe16800d900010000240
7fefa003db0003d000100
001c7002680001e7ffea0
7fe587ffed00000000120
7fa45806920002d800270
002bd80f21000377fff58
01069008e000004ffff70
00fb07f95e80012000288
003107f5280003d000110
7fdb0ffcc20001bfffec0
001c1000167ffff000160
002b0ffcfa0002d000280
7ff807fd12000337fff80
7ffc57ffe1000027ffff0
001cb7ff4400015000300
000a87fdc700041000120
7ff6afff2a0001a7ffed0
000bf0000d7fffe0001a8
00124ffec10002f8002c0
7ffcd7febb000357fff80
7fffc7fffd800007ffff8
001047ff9a00013000308
000617fec70003e000140
7ffb5fff9200018ffff08
000878000a7fffe8001d8
000bd7ff36000300002c0
7ffe37ff39000317fff90
0000d000077fffe000040
000bb7ffb880014000330
00042fff2d0003c800130
7ffd57ffc1000127fff30
000718000c7fffc800250
000907ff6c000310002f0
7ffeefff760002effff98
000168000dffffa800098
000977ffc900015800398
000367ff620003e000150
7ffe67ffd8000107fff50
000630000b7fffb800298
00073fff8c00033000330
7fff67ff9c0002e7fffb0
0001e800127fff90000c0
000827ffd1000160003d0
0002c7ff820003d800150
7fff0fffe78000d7fff88
0005b8000b7fffb800300
00062fff9e00035800340
7fff87ffb20002d7fffa0
00020000147fff5000100
000727ffd900016000410
00025fff990003c800158
7fff87fff1800087fffa8
000550000a7fff9000358
000547ffad00036000368
7fff97ffc3000287fffb8
0002080017fffef800178
000677ffe080017000488
000217ffab8003e000170
7fffd7fffb800037fffd8
000510000c7fff60003e0
0004cfffb9000380003d0
7fffd7ffd080027ffffd8
00024000187ffed0001d0
0005f7ffe3000180004e0
0001dfffb70003e000190
00001800007ffff800010
0004c0000affff6000450
000437ffc20003a0003f0
7fffe7ffdc800227fffe8
000270001a7ffe7000250
000587ffe60001b000580
00019fffc180040800198
00004000067fffa000038
000488000b7fff38004f0
0003c7ffc90003d000440
7fffe7ffe60001fffffe0
000280001c7ffe10002d0
00052fffe70001d000610
000157ffcb000410001a0
000050000dffff1000078
000490000e7fff00005c0
0003b7ffce000420004b8
000007ffe98001e7fffe8
000278001b7ffd9800350
0004c7ffea0001e0006c0
00012fffd3000428001c0
00008000117ffe90000c0
000450000e7ffec000690
000347ffd400046000518
7ffff7fff300017000000
00028800207ffcf800420
0004b7ffee000210007b0
000127ffd8800440001d0
00009000147ffdc000110
00044000107ffe50007d0
00032fffd90004a8005c0
000027fff60000f000020
000290001efffc1000560
000457ffef00027000920
00010fffdf000490001f0
0000c00015fffca800188
000418000dfffde8009a8
0002c7ffdc800580006a0
00000ffffd00007ffffe0
0002a000207ffaa0006a0
000417fff100028000b00
0000d7ffe50004c800240
0000d8001c7ffb2000240
00042000107ffd2000c30
0002b7ffe000064000800
0000300000ffff8000008
0002b0001f7ff8a000920
0003e7fff000032000e30
0000a7ffe9000540002a0
0000e0001efff88000380
000408000ffffbe8010b8
000267ffe200080000a60
00000000067ffde7ffff0
0002a000227ff4c800d70
0003b7fff300041001430
000087ffee80066000358
0000e00021fff330005e0
0003e000107ff95801a30
000227ffe7000bc000f90
7ffff8000cfffa07fffc8
0259100dec0259100dec0
001ca025fe001ca025fe0
7e8c57e04a7e8c57e04a0
000000000000000000000
00b33ffe1a00b33ffe1a0
000000000000000000000
7f4227f7dbff4227f7db8
000000000000000000000
7efc6011ad7efc6011ad0
7f0267f844ff0267f8448
014897fbe9014897fbe90
000000000000000000000
7ebd101c2c7ebd101c2c0
000000000000000000000
022367f313022367f3130
000000000000000000000
009380216380938021638
7e83d01213fe83d012138
00a497e14e00a497e14e0
000000000000000000000
0093b0164f0093b0164f0
000000000000000000000
005f57e5a5005f57e5a50
000000000000000000000
7f6297fa557f6297fa550
000000000000000000000
00175008e000175008e00
000000000000000000000
7d7e6000197d7e6000190
000000000000000000000
021b90163a821b90163a8
000000000000000000000
019dc01be8019dc01be80
7f19801f7a7f19801f7a0
7fa317dbf37fa317dbf30
000000000000000000000
00e9e009ed00e9e009ed0
000000000000000000000
7f96b7ec2c7f96b7ec2c0
000000000000000000000
7eef40043a7eef40043a0
000000000000000000000
00ce38064d80ce38064d8
000000000000000000000
7de1981164fde19811648
000000000000000000000
027070047702707004770
000000000000000000000
7f96c81d217f96c81d210
7e81b003117e81b003110
013f3fed96813f3fed968
000000000000000000000
7fc2081d9b7fc2081d9b0
000000000000000000000
015887e7c5015887e7c50
000000000000000000000
001757f812001757f8120
000000000000000000000
7f78980334ff789803348
000000000000000000000
7dbf67edce7dbf67edce0
000000000000000000000
013ea022c5013ea022c50
000000000000000000000
020ae015c1820ae015c18
7f931023d87f931023d80
7f142fdcd67f142fdcd60
000000000000000000000
00df30038f00df30038f0
000000000000000000000
7f5a47f1bcff5a47f1bc8
000000000000000000000
7ee3d80ae97ee3d80ae90
7f5eb7f5b57f5eb7f5b50
01184001db01184001db0
000000000000000000000
7e45b817d07e45b817d00
000000000000000000000
025e07fb55025e07fb550
000000000000000000000
000c702069000c7020690
7e6fa00a6efe6fa00a6e8
0101a7e6f10101a7e6f10
000000000000000000000
0036901ae30036901ae30
000000000000000000000
00daf7e57500daf7e5750
000000000000000000000
7fba2ff81c7fba2ff81c0
000000000000000000000
7fbf0807027fbf0807020
000000000000000000000
7d898ff6a7fd898ff6a78
000000000000000000000
01bac01d8101bac01d810
000000000000000000000
011d901fec011d901fec0
7ebd4019577ebd4019570
002ca7dd80002ca7dd800
000000000000000000000
00d100105600d10010560
000000000000000000000
7ff067e7f57ff067e7f50
000000000000000000000
7f1bd7fe897f1bd7fe890
000000000000000000000
00750008b680750008b68
000000000000000000000
7d9d2809267d9d2809260
000000000000000000000
025ab00da2025ab00da20
000000000000000000000
7f3a00180a7f3a00180a0
7eb627fcf0feb627fcf08
01550ff4e701550ff4e70
000000000000000000000
7f41781e347f41781e340
000000000000000000000
01c9f7ec6901c9f7ec690
000000000000000000000
006e87fa1e006e87fa1e0
000000000000000000000
7f4cb7fdf57f4cb7fdf50
000000000000000000000
7e1577e6307e1577e6300
000000000000000000000
00b11025ad00b11025ad0
000000000000000000000
013ad819f5011e3ff3f70
025c7806117ffc9807db0
7f462ff0257f462ff0250
7f462ff0257f462ff0250
0059a7ff0d0059a7ff0d0
0059a7ff0d0059a7ff0d0
7fa117fbee7fa117fbee0
7fa117fbee7fa117fbee0
7eff6004f97ffd000cb40
7f405010c3ffbc1000e98
00a44ffdf480a44ffdf48
00a44ffdf480a44ffdf48
7f5e880e167f5e880e160
7f5e880e167f5e880e160
0111b7f9898111b7f9898
0111b7f9898111b7f9898
7f8ba819bb8107d807a80
00da601c937fb92004d00
00524ff0a700524ff0a70
00524ff0a700524ff0a70
0049d80b278049d80b278
0049d80b278049d80b278
002faff2d2802faff2d28
002faff2d2802faff2d28
7fb14ffd2affb14ffd2a8
7fb14ffd2affb14ffd2a8
000ba80470000ba804700
000ba80470000ba804700
7ebf30000cfebf30000c8
7ebf30000cfebf30000c8
010dc80b1d010dc80b1d0
010dc80b1d010dc80b1d0
005ba01db1014227fe370
01cab015287fd31006c00
7fd18fedf9ffd18fedf98
7fd18fedf9ffd18fedf98
0074f004f68074f004f68
0074f004f68074f004f68
7fcb5ff6167fcb5ff6160
7fcb5ff6167fcb5ff6160
7f77a0021d7f77a0021d0
7f77a0021d7f77a0021d0
006720032700672003270
006720032700672003270
7ef0d008b27ef0d008b20
7ef0d008b27ef0d008b20
013838023b813838023b8
013838023b813838023b8
7f0c401019008a900d080
7fe3f01a837fb2e0029e0
009fa7f6cb009fa7f6cb0
009fa7f6cb009fa7f6cb0
7fe1000ecdffe1000ecd8
7fe1000ecdffe1000ecd8
00ac47f3e280ac47f3e28
00ac47f3e280ac47f3e28
000baffc09000baffc090
000baffc09000baffc090
7fbc50019a7fbc50019a0
7fbc50019a7fbc50019a0
7edfb7f6e77edfb7f6e70
7edfb7f6e77edfb7f6e70
009f501162809f5011628
009f501162809f5011628
00cef81ccd013beff8f50
0224300e487fe6b007790
7f8a17ee6b7f8a17ee6b0
7f8a17ee6b7f8a17ee6b0
006f9801c7806f9801c78
006f9801c7806f9801c78
7fad27f8de7fad27f8de0
7fad27f8de7fad27f8de0
7f2140004f7fc2900a9a0
7f1f900a7f7fc440006a0
008c2000ed808c2000ed8
008c2000ed808c2000ed8
7f22e00be87f22e00be80
7f22e00be87f22e00be80
012f07fdaa812f07fdaa8
012f07fdaa812f07fdaa8
7f3e08156c00ce680afd0
0059b01cb7ffb2c003b18
0080d7f3788080d7f3788
0080d7f3788080d7f3788
001b480d71801b480d718
001b480d71801b480d718
006d7ff2ba806d7ff2ba8
006d7ff2ba806d7ff2ba8
7fdd17fc0e7fdd17fc0e0
7fdd17fc0e7fdd17fc0e0
7fdf8003817fdf8003810
7fdf8003817fdf8003810
7ec4c7fb547ec4c7fb540
7ec4c7fb547ec4c7fb540
00dd600ec080dd600ec08
00dd600ec080dd600ec08
7fed681ca1813028034a8
0159801a0c7fc41005e00
001657eec0001657eec00
001657eec0001657eec00
006880082b006880082b0
006880082b006880082b0
7ff837f3fafff837f3fa8
7ff837f3fafff837f3fa8
7f8defff44ff8defff448
7f8defff44ff8defff448
003a80045b003a80045b0
003a80045b003a80045b0
7ece9004937ece9004930
7ece9004937ece9004930
012d5806d1012d5806d10
012d5806d1012d5806d10
7ef8100a7d0041f00d8d0
7f848016547fb58001b60
00aa87fa7380aa87fa738
00aa87fa7380aa87fa738
7fa0c00f1a7fa0c00f1a0
7fa0c00f1a7fa0c00f1a0
00e4fff63480e4fff6348
00e4fff63480e4fff6348
003747fd0f003747fd0f0
003747fd0f003747fd0f0
7fa65ffefaffa65ffefa8
7fa65ffefaffa65ffefa8
7f0abff3187f0abff3180
7f0abff3187f0abff3180
00588812d680588812d68
00588812d680588812d68
004080050d00fa5814e80
0092d8018901c9a004880
001047ffca010df7f42d0
7fe6500da400164ffa370
7ffd5ffd7d805c48018f8
7ff438002f00656ffede0
000c40027e004d67fc8f0
0037600310002247fbfd0
7fd1d001777f2d9003820
7fceb004077f71a00cbc0
7fee200138000ee00b7c0
7f9867fd8c8023b0035d0
00382003d07f26700a460
7feb7ffeb67f73100f600
7f7b97fe7dffe2f80f988
7f29f003480034980ace0
7feef805317f9cb0148a0
003370070b00a6f015880
000920014200feb006660
7f68a8060400507ffecc0
003cc7fefd000d180c2a8
7feb3fffdd805ea00b4a0
7fbb800416808e5807110
7fc988092f00805001f88
7fde7800cd7fd2d7fc5d0
7ff5e7ffe57fbb77fd458
7ffc27fe387fb527fef28
7feda7fcc27fc3a800690
7fe68005957ed8b7fa780
7ffddffdfe7ec158020e8
7fb887f7987f06b008748
7f3f17f6227f802009ea0
00169005d500451017dc0
006ef0053b815bc00fec8
0010e0008f013147fda80
7f94000ac6003f17fbfa0
002027fd860054d007700
7fefc0002400853004d30
7feb2804208089c800d60
0015000726805ff7fdd00
7fef6002a27f8847ff7b0
7ff227ffe4ff858002388
7fd50ffdd5ffa29804478
7fa937fdaa7fce7004730
00148005777edc50033b0
7ff377fe3d7efd600a750
7f8a47fa977f66900e1b0
7f16affca97fda280c090
7fd5f003727f36500ca70
7ff65006797feda0140a0
7ffba00187008ef00b810
7f6cf001090045f001950
0046a001587f9a600d758
7fe8e7ff507ff8200f7e0
7f8f9002050051700cc90
7f6f1007e10071f006ec8
7fe407fed18027b7fd378
7ff6f000140014b7fbf50
0012a000227ff907fbe70
0026d7fef2ffe4dffd168
7fbf8004257f2037f2c20
000a87fe147ed537f8d30
7ffaf7f6797ee4c0006e0
7f99e7f1c97f45d0051e0
002c80059c00a27017310
0084f00388019f400ac00
001150002a012aa7f8cb0
7fb9900c8f002d27faea0
000e67fd5300614004750
7ff2200033007d7001948
7ffec0037b0070e7fe4d0
002cc0053e0042dffc890
7fd6b0009e7f4a97ffb10
7fc690027b7f590008040
7fe8b000ec7fd9e009ae0
7fb5d7fcc8000e7003a20
0028f004c97ef9f0071f0
7fef67fe6f7f33800d790
7f7ec7fc7c7fa4200f6c0
7f192000150009c00bd30
7fdf7004727f5ea010fa0
001380071500463015a28
0002f8017800cb7009850
7f64f0036e004dd000438
00446000167fd6e80d5b8
7fe947ff9c0032000dd50
7fa378034d0077d00a248
7f9be008ff007f7004730
7fde4fffc7fffecffc468
7ff6e7fffc7fe637fc120
000a97ff0b7fd287fd030
000ddffd827fcf3ffe8c0
7fd110050a7ef3b7f64a0
00041ffdfd7ec0affd570
7fd867f6bf7eec6004950
7f6797f38eff5d3007c58
0001e005b17feb9016f10
005310066e810670139d8
000e1000f301221002580
7f7890088b004b87fd550
00305ffe130038280a180
7fed800002007b0008290
7fd410045400947003d70
7ff3000882007587ffa90
7fe43001d07fa9b7fd750
7ff44fffe1ff99a7ff630
7fe9d7fdce7fa42001760
7fcaeffccd7fc30002778
7ffdf005b27ed0a7fee10
7ff867fe0a7ed63006890
7f9dd7f8df7f30c00bb40
7f2357f9387fab400b5b0
7fd14802787f26c808050
7fdf20056f7fa56010e50
7ff4900172804d600c1a8
7f7f17ff0d00367002a90
0042e002a77f5de00c730
7fe9f7ff077fb6d010130
7f82000065001ec00eb50
7f480005f40058c009260
7feed7fe05004877ff0a0
7ff6200026004127fce90
00137001550023d7fbba0
00359000df0001b7fc300
7fb1a002f77f591ff0210
000f3ffe407efb87f4d80
001c17f6c87eeeaffc500
7fd0a7f0ee7f3a18022a0
001ef0014500219003c80
00449000fe004e50008b0
001a9000817ff5b7ff490
00146005cf7fd1f007d50
0089a807920070b00d560
00c90fff8e01009804fa0
005827f99800b5d7fa950
7fef0ffe8d002747fbaa0
0004f802a3ffccdffed38
7fd9e801aa7ff4c8025d0
7fbfb00300802e77fe378
7fbb8005957fdce7f7f78
7fe8f8088dff449ffaf48
004570077eff2c30053d8
0069f000df7fa4f00a9d0
001aa7fc10000910074d0
0015e002177fd920031a0
000fb003b50023c003560
00037803968005affdab8
7fedc80656ff7ae7ffad8
002fb009dc7f6d000aae0
0094d005e00012200fa80
007507fd8e0089b008d80
7ff307fcf4005d7801d80
7fe28003317ffc07fd9c0
7ff3d7ff0c00021000d90
7fb547fdb78046e000808
7f88f802100064affab20
7fbd2807690015aff4f40
0029e007717f9197f5d40
00628801fe7f529ffcf40
003b47fd27ff886803418
001b5801adfffb3804278
00306002e0003e90025b0
00186802337ff87ffe5c0
0002e006267f912004a00
005e080947ffe7080e948
00b810033180a3b00cbb0
006ca7fb7d00c4a0022b0
7fec87fdda005297fe200
0001f0040cffed77fe958
7fede7ff48000440009c0
7fa24fff9b0032c7fe3a0
7f8f4004ee0019f7f8bc0
7fddf808db7faa4ff6a00
0041880693ff43fffba50
005758008b7f4b4003bc8
001d97fd1e7fb0e007550
000e4802657fc7a8010d0
7fee6003320007f003470
7fe18003f6001a27fd910
7fd4f806367f97fffad30
0006d00980ff2f8003268
006ad007487f82d00cc20
007307ff6f001bf00c120
00038ffc3b004268055a0
7fd1c0017b001247fd560
7ffa77ff06fffc80010d8
7fd1a7fccf00410003530
7f96d7ffb4009007ff3f0
7fa9e8059a007dcff79d0
000e8007fa800637f3fa8
006310040f7f95f7f7d80
00581ffe687f8cc7feae8
001d700177800f1004248
003cb0020600484001820
001be801577ff56ffed30
000c1805fdffad7806918
0074e0088e802d900ea28
00c350017380dbf0094c8
0063d7fa8100c6d7fe4a0
7fed17fe42004017fca80
7fffd002b3ffd6e7fdea8
7fd6d000b77fefc001c40
7fb2c002130035f7fed90
7faf58051280067ff7b58
7fde4008097f6c57f7a80
0037300755ff21d000ae8
0064a8016b7f753808430
0026f7fc3d7fe78007650
0011e802447fcd88022e0
7ffe1003a200157003730
7ff37003f2000f8ffd860
7fe1d006547f8327fd1a0
001a3009c67f447007340
007fc006ba7fc6700ee80
0074c7fe870056b00afe0
7ff9affc8d80542803b60
7fd7b002690006a7fd5f0
7ff737ff03ffffb000f88
7fc2f7fd200047a001eb0
7f8dc800c6008017fcbc0
7fb1b00686004d17f5c10
001c8807c3ffc9aff44e8
0064a002fa7f6de7fa090
004aa7fda1ff84a000ea8
00192001e27fe8c003cf0
002100037100321002fe0
00100002fa7ffe17fdf90
7ff8b006467f7fe002450
00468809b77fa5080d3a0
00a80004b2005e700eeb8
007247fc8900afd005cf0
7fee77fd6b005d17ffea0
7ff11003c17ff327fe0f0
7ff0a7ff200003b000c10
7fa9e7fe8d003ff7ff410
7f892003798041d7f9538
7fcbe00835ffddd7f53f8
003618070aff638ff8588
005d90012c7f4690004a0
002b6ffd007f979805770
000a10028fffc737ffe88
7fe26002887ffcc002e70
7fcff803a600249ffdcd0
7fc85005fa7fb6c7f9130
7ff7000913ff2fd7fef18
005780077c7f4de009690
006f00002c7fde600bee0
000e47fc0b002830069e0
7fd038007e001e9ffd870
7ffcc7ff15fff96001108
7fdf87fcc90033f0048c0
7fa257feeb80934001f38
7fa54004bc00a337fa4e0
7ffff0081c004137f4cd0
005db005357fc627f6850
0062e7ff767f9ed7fcba0
0011f001f4000d07ff510
001230018b003267ff730
7ff8c002688021d7fe188
000680066a000de7ff650
006d100751801c9800408
00a9a8000e001f67ff800
0046c7f9e8001167ffb00
7fdb3ffe130013d0007a0
000760037d001a30004b0
003ad0006280138000288
7fe4cffea50010e800a40
7fbd50070f8014a000c58
005e100c980012a000be0
00efa003fd0010f000fd0
00a57ff97a001058011b0
001a97fa32000cb001780
7ffc3002a40019b7ff730
0000600176000f50023f0
7fd83801a2002b4001f48
7fce900618001f30003f0
002a20090700059000d50
00878803eb000d4801f50
005c17fc500018f0013e0
7fe8f7fc62000a1000920
7fd97001ad7fffb0016d0
0018500186000b7001d00
7ff907fcb1000cb000fa0
7f7e37feb2fffcb000fb0
7f706008c47ffca001ea0
0009c00df980086001ae8
008ba007e77ffe1000f10
006e78000e7fef0001ca0
000ea002dd000cb7fed08
000e30013200223001ae0
7fdfb0020a0038b000290
7fe8780715001a6fff110
00551008860008f000c20
009a0001b8801e1001790
004b0ffb5380219800298
7fe287fdbd000a00001d0
7ff24802a80008f0017f0
0023a000fd001af0015e0
7fe577fe0e001310004e0
7f910803a800001800f80
7fdcc80c80000a4002150
008ca80b71001708014a0
00c140018500036000a60
005b8ffbf37ff708022d0
7ff00001f0001e4000750
7ff2f001277ffb70020b0
7fd190010f800ff002e68
7fbd7004cf00178801670
0004a808a200022800de0
006e80057b7ffc5001cd0
006a77fda200089001cd0
7ffde7fb428005b000f88
7fce87fff4fff92001188
000c9001a57ffb6001a20
001937fc450000f0014c0
7f9efff9e17ff90000f20
7f3bd801c37ff3a801640
7f89680b457ff968017d0
0026000b127ff5f001000
0057a80406ffeac001538
000ea00215800ed7ff620
000b40019d00317000690
7ff0a0028d002b4ffeca0
7ffb10068100110fff7c8
005bf007dd8018f000b10
00a1c00154002190001f0
004fa7fa9e001437ffe30
7fdcd7fd9180104000b08
7ff6e0035b00183000c90
00339001148014b0006d8
7fe7e7fe13000d9000c00
7f9dc8056b000fb001260
001bd00d880011c0011a8
00cd600839000e9001130
00bcd7fcfd000a00014d0
00379ffada00087801ce0
7ff4d00256801d27ffed8
7ff93001630004e0023f0
7fd4b00160001ec002920
7fc4e00578001cf000dc0
00165008ec8003e000d98
007b7004c700045001f30
0063a7fced80112001998
7ff187fbc200082000cb8
7fd1c000e27ffbd0014c0
00126001a400031001cf0
000847fc5400075001320
7f8847fc21fffae000f88
7f4d000585fff77001ae8
7fc5d80d4200009801a60
005c900a007ffa2000fe0
0068000228ffec20018d8
00051802d180140fff108
0007980163001968020e0
7fdbc801d900343801210
7fda6006a5001e57ffa10
003f4808e900074000ce0
0091e002e600162001cc0
0053b7fbca801e9000be8
7fe3f7fd16000a8000550
7fe4d8024e8003e801808
001e98014f00137801af0
7fed4ffd488010c800b08
7f814001477ffea000fe0
7fa1c80b2b800340020e8
004e400d5c00103001900
00ae7004fd00016000d20
006a47fdea7ff2d002000
7fed200187001cf001090
7fee3000d67ff43001b20
7fcf2000ba0000d802ec0
7fb868042a800fe801cf8
7ff63008378000d000dc0
0061b005ff7ff5d0017d0
006feffe60ffff1801cb8
000c97faf00001b0011b0
7fcfd7fefffff76000e90
000760018d7ff560015a0
0029fffc887ffaa001450
7fbf77f82b7ff75000e80
7f3e07fde17ff1d001108
7f5a10083b7ff3d0012e0
7fece00b097ff18000e50
003ea005827fe990011c0
000710024c000ae7ffa80
000a70017f0007c0000c0
7feb70023f000d5000290
7ff9c00692000cc7ffd80
0065a00753000777fffe0
009f67ffc2000a48004c0
003947f9d2000d8000160
7fd25ffe190008e7fffa0
7fff8803300007d8004d0
002e900016800c40004c0
7fda77fe96000a58000f0
7fb6e006cd00067000428
0054580c1f0009b800790
00e43003bb000b7000420
009e67f93b000720003f0
001327f9aa00077000880
00021ffedb000ae800760
002a57ff23800810004f8
001c0ffd880005c800908
000457feba80099000aa8
001367ffce80093800720
001a67feec00050000940
000a07feda00076000d60
000a47ffd080099000a98
001547ffa60004f000a50
000e8fff270004f801020
000787ffb200096000f20
000f78000080052800c50
0010c7ff870001e001370
000867ff9d00089001600
000a98001a0005c001010
001037ffe5fffc8001928
7fff500266800f5000768
0001800136000cb7fffc0
7fdab801d28004f800378
7fdf9006720008f000a30
0047200832000df000540
00926001a60007a000120
004747fad50003c8007f0
7fd867fd14000a2000a90
7fe7600268000ae000400
001ff800b60003a800470
7fe0effd5600048800b80
7f8670030f000a9000990
7fd5e00c400006e800400
008b600ae7000140008a0
00bb3000ad00061000d80
005227fb7200097000810
000a07fe760002b0005a0
00219000e20000a000cc0
003197ff4f00072000da0
001487fea00005e000710
000a780026fffe78009b8
001ca0006a000170010f0
001a67ff5c00073000ce0
000937ff9c8000d000808
000d1800837ffbd800fc0
001790002500036001390
000eefff9900042800b50
0006b0002c7ff96000cc0
000f10008c7ffb3001890
001227fffe0004e8014c0
000837ffe57ffb3000c10
000720007e7fefe801af0
0001b80236000cefffdf8
00035001848007f000188
7fe5380237000b6800560
7fedf00668000d2000190
00539807ca00085800140
00995000f400087000600
004397fa4d000c1000510
7fd347fd6e80099000230
7ff01003030006d000580
0029c0009e0009d000770
7fddd7fdcd800a1000458
7f9760051900066800520
0014780cfd800758008a8
00c3c007c60009a000730
00b5e7fca20006f0005b0
003217fa4c000580008e0
0006d7fec8000800009a0
002a67fff180071000778
0026d7fe3380047800968
000ae7fec100062000bc0
00120000120006f0009f0
001d87ff7b80041000a38
001007ff0e00043000d50
000a7fffe58005c800cb0
0014e8000700034800c20
00125fff7400025800f90
000917ffc000048001000
000dc000390001f000ed0
001207ffe0ffffc0013a0
000ad7ffbe0003c001550
0009700033000090011a0
000f5800317ff920019d0
7ff920022c000c0000a50
7ffb98012a000c0000390
7fd71001940004b800450
7fd4a005f70005c000ae0
003440085e000b00008b0
008aa002a7800740003e8
00512ffb4700028800830
7fdd27fc560006d000c00
7fdbb801dd00092000710
001b3800f800036000570
7feb3ffc9680021000b20
7f7a28009280071800b48
7f9c180ac80005b000640
004e100cd600003000860
00abf0042800028000d50
006417fd4780063000a28
001257fea10001c000700
001ac801507ffea000be0
0030f0004100034000e00
001ab7ff138003a0008d8
0009d000377ffd7000970
0017f800d47ffe2800f80
001b7fffe600031800d90
000b97ffc67ffef0008f0
000a28009f7ff9c000e20
0014b000887ffec001270
001047ffe900008000c78
0006900039fff81000c48
000b7000b57ff7d0015a0
0010b000547fff80013c0
000930000f7ff83000c30
00057000847fed60017c0
00033002590003e7fff30
000670015a00040000250
7fe49802250006d8001a0
7ff460069f000567fff30
006280073f00032000140
0099e7ff9100058000310
0032bff9ca80068800078
7fcea7fe170003b000020
7ffbc003000003c800300
00282ffff000066800260
7fd57ffe938004f800028
7fb3e006aa00030000230
004f200be2800540003c8
00de0003a600063000150
009afff92a00036800110
000f87f96c0003a0003e0
7ffbe7feaa00063800310
0025afff170004a8000d0
001977fd59000290002f0
7fff77fe710004e0004a0
000d9fffac0005c800220
001767fecd000300001f0
0006b7fe8c000350004e0
00044fff908005f800400
0010efff8b000458001b0
000c57fee8000230003f0
0002d7ff580004b0005a0
0009e7ffd2000598002f0
000e27ff5b0002a0002c0
000577ff3f0002f0005e0
0004e7ffca8005c0004f8
000c37ffbd00040000288
000927ff598001c0004e8
000377ffa1000450006b0
000827ffea000530003f0
000ac7ff99000200003f0
0004f7ff8980028000748
0004c7ffe900058000630
000a07ffdb800380003a8
0007b7ff9400013000660
0003b7ffca00042800830
00075ffffc8004e8004f8
000937ffbc00013000530
0004a7ffb18001d000910
0004a7fffd000520007c0
0008d7fff00002a000520
0006e7ffb580004000898
00038fffe10003e800a70
000680000c000470006a0
000817ffd900000000770
000477ffd000015000c10
000488000c000508009f0
0007f7ffff00014000730
000647ffd07ffec000c40
000397fff50003d000e10
000620001800037000918
00076fffeb7ffd8800ba0
000437ffe48000c8011d8
000458001900050800d90
000758000cfffdd000b88
0005b7ffe27ffc3001550
0003600006000530015a0
0005e000247fffe000dd0
0006f7fff87ff590019a0
7ffd70023100045000050
7fffe80159000368002c0
7fdf8002050005c000320
7fe880065a000570000e0
00508007ae000320001c0
00951000b6000440003e0
003da7fa278005f000258
7fcf57fd5c0003f000130
7fecf802cd00031800360
0024800062000540003c0
7fd8e7fdb40004f000198
7f94a004f20002c000270
0010a00cb60003d800470
00be600797000560002f0
00b287fc84000360001e0
002f87fa0a80029000418
000227fe800004b000480
0025f7ffcb00047000270
002487fe0000025000340
000777fe6e80037000528
000d2fffd70004d8003b0
001a9fff500002e8002c0
000dc7febf000240004f0
000617ff9300046800530
001107ffd70003f000300
0010afff350001b0003f0
000637ff600002e000600
000977fff080045000488
000fafffa800025800380
000947ff61000190005d0
0005a7ffd10003d000620
000bf7fff000037000410
000ba7ff9000015000500
000577ffab000280006d8
0007a000020003c800540
000b87ffd20001a000470
000767ffa6000100006e0
000547fff000033000700
0009900002000280004f0
00094fffbe00004800650
0004f7ffd30001e000850
0006a0001080033000668
000977ffea0000a0005b0
00063fffca00003000880
0004b000040002a800870
000820001080018000628
0007d7ffdaffff2000808
000477ffec00011000a20
0005e0001b800220007e8
00080ffffd7fff08007b0
000577ffe47fff1000b20
00044000140001e000a80
000728001c7fffc800830
0006d7ffef7ffd4000b48
0003f7ffff00004000d60
000548002880008000a28
000740000c7ffc1000b60
0004e7fff57ffd8001040
0003d0001f8000b000e08
0006500026fffba000c68
00060000007ff9c0013a0
000390000f00003001460
0004c000327ffbd000e80
00067000187ff2b001850
00005002450002e000140
000370015980030000008
7fe2e002218001c000038
7ff230068800023000170
005f500733000330000c0
0097a7ff9100024000000
0030fff9b90001c000120
7fcbbffe010002e800160
7ff8e802fd0002d800030
002697ffe800019800080
7fd357fe78800230001b0
7fb0c0069c000320000e0
004d080bdf80021800030
00dc70039000019000160
009827f9100002d8001a0
000cc7f9658002c000068
7ffa57fe9d000190000d0
002387fef8000228001f0
001667fd4800031000110
7ffd6ffe6a80020800068
000c07ff92000198001a0
001497feb10002d0001c0
000417fe840002a000080
0002e7ff8000016800100
000ed7ff6900021800220
000957fed400030000140
0000efff4e0001e8000a0
000867ffb4800180001d8
000b67ff3c0002c0001f0
0002ffff33000278000c0
00038fffb580015800150
000a17ff9700022000260
000637ff438002f000160
0001b7ff940001c0000d0
0006b7ffc880017000218
000817ff780002b000210
0002a7ff7a800250000f0
00039fffce800128001a8
0007e7ffb1000220002a8
0004d7ff7a0002e0001a0
000217ffb80001a000120
0005e7ffd600017800268
000677ff978002c000248
000267ffa000024000110
00038fffde000118001f0
0006b7ffc2000220002e0
000417ff9a0002d0001b0
00021fffcc00017000150
000537ffe0000150002c0
000567ffb00002b000290
000257ffba00022000160
00038fffe900010000230
0005dfffcd00021800320
000387ffb10002c0001f0
000247ffdc00015000190
0004e7ffe700014000310
0004cfffbe0002a0002d0
000237ffcb00020000198
000377fff10000f000280
000547ffd680021800360
000327ffc100029000210
00024fffe7000118001f0
0004a7ffed00014000370
000457ffc90002a0002f0
00021fffd70001c8001c0
000357fff70000b0002e0
0004dfffde000200003c0
0002f7ffcd80027000258
00024ffff00000d800240
00046ffff3000118003e0
000407ffd200029000358
00021fffe000019800220
000347fffa80008800358
000477ffe38001f000428
0002afffd8000250002b0
000257fff70000b0002c0
000437fff680011000460
0003a7ffda000290003b0
000207ffea00016000270
0003400000000060003e0
000457ffe80001f000490
000297ffde000220002f0
000247fffc00005000330
0003fffffa0000e800500
000367ffe100026800410
000207fff0800100002e8
0003300003000020004b0
000407ffec0001f800540
000257ffe600020000350
00023800027ffff8003d0
0003e7fffe0000d0005c0
000347ffe600025800490
0001f7fff60000b000360
00032800077fffc800570
0003e7fff00001e0005f0
00024fffea0001b8003e8
0002300003ffff90004b0
0003a000000000b0006b0
0002f7ffec00024000530
0001d7fffc00003000430
000310000b7fff70006a0
0003a7fff60001e0006d0
00023ffff180014800490
0002500008fffee0005d8
0003a0000200009000810
0002d7ffef00021800610
0001c800007fff6800530
0002f0000cfffee000848
000367fff88001c000838
00020ffff7800098005a8
000240000e7ffe00007c0
000380000600006000a10
0002c7fff40001b000760
0001d000057ffe3000720
0002f8000f7ffe5800b20
000347fffb0001c000a40
0001f7fffb7fff5000780
00023000117ffc9000b30
000368000800006800d90
00029ffff88000d800990
0001d0000a7ffbb800b00
00030000127ffdc0010b8
000337fffd0001d000dc0
0001dffffe7ffbf800ba8
00023000137ffa0001420
000340000a0001f001500
000267fffc7ffd8000e10
0001c0000d7ff3d0018d0
033750004303375000430
0322780b408322780b408
0331c005ca8331c005ca8
000000000000000000000
0335c003088335c003088
000000000000000000000
032b580889832b5808898
000000000000000000000
0336d001a60336d001a60
031d300c98031d300c980
032ed0072a832ed0072a8
000000000000000000000
033410046a033410046a0
000000000000000000000
03273009e503273009e50
000000000000000000000
03372000f383372000f38
031ff00bec031ff00bec0
033050067c033050067c0
000000000000000000000
03350003ba03350003ba0
000000000000000000000
032960093783296009378
000000000000000000000
033670025703367002570
000000000000000000000
032d3007d9832d3007d98
000000000000000000000
0332f8051b0332f8051b0
000000000000000000000
0324e80a920324e80a920
000000000000000000000
033750009c033750009c0
0321500b960321500b960
033128062303312806230
000000000000000000000
033578036203357803620
000000000000000000000
032a7008e0832a7008e08
000000000000000000000
0336a801fd8336a801fd8
000000000000000000000
032e100783032e1007830
000000000000000000000
03339004c403339004c40
000000000000000000000
0326300a3c0326300a3c0
000000000000000000000
033700014c833700014c8
031eb00c42831eb00c428
032fb006d2032fb006d20
000000000000000000000
0334a804118334a804118
000000000000000000000
032860098e032860098e0
000000000000000000000
03361802b003361802b00
000000000000000000000
032c580831832c5808318
000000000000000000000
033270057303327005730
000000000000000000000
0323d00aea0323d00aea0
000000000000000000000
033740006f033740006f0
0321e00b6b0321e00b6b0
03317005f703317005f70
000000000000000000000
033588033283358803328
000000000000000000000
032ad008b4032ad008b40
000000000000000000000
0336b801d30336b801d30
031c900cc3831c900cc38
032e700756032e7007560
000000000000000000000
0333c004970333c004970
000000000000000000000
0326b00a110326b00a110
000000000000000000000
033710012003371001200
031f500c18031f500c180
032ff806a8032ff806a80
000000000000000000000
0334b003e58334b003e58
000000000000000000000
0328e009640328e009640
000000000000000000000
033630028403363002840
000000000000000000000
032cc00805832cc008058
000000000000000000000
0332a005460332a005460
000000000000000000000
0324600abe0324600abe0
000000000000000000000
03374000c803374000c80
0320a00bc20320a00bc20
0330b0064e0330b0064e0
000000000000000000000
033540038c833540038c8
000000000000000000000
0329e0090c0329e0090c0
000000000000000000000
033688022b833688022b8
000000000000000000000
032da007ae032da007ae0
000000000000000000000
03334804ee83334804ee8
000000000000000000000
0325900a680325900a680
000000000000000000000
0336f801798336f801798
031de80c6d831de80c6d8
032f5806fe032f5806fe0
000000000000000000000
033460043e833460043e8
000000000000000000000
0327d009ba8327d009ba8
000000000000000000000
03360002db83360002db8
000000000000000000000
032bc8085e032bc8085e0
000000000000000000000
033220059e833220059e8
000000000000000000000
0323200b158323200b158
000000000000000000000
032ce005c2000a77fa810
01f5b7e70e0141a019350
0198e002e50198e002e50
0198e002e50198e002e50
019ae00184019ae001840
019ae00184019ae001840
0195b004450195b004450
0195b004450195b004450
032a00071f000cd7fa870
02002fe7e98136a819bc8
019768039501976803950
019768039501976803950
019a080235019a0802350
019a080235019a0802350
01939804f281939804f28
01939804f281939804f28
032b880670000b9ffa840
01faf7e77a013c3019790
019828033e019828033e0
019828033e019828033e0
019a8001dd019a8001dd0
019a8001dd019a8001dd0
0194b0049c0194b0049c0
0194b0049c0194b0049c0
019b38012b819b38012b8
019b38012b819b38012b8
01969803ed01969803ed0
01969803ed01969803ed0
019980028d819980028d8
019980028d819980028d8
019270054901927005490
019270054901927005490
032c500619000b07fa830
01f85fe743813ef819588
019890031181989003118
019890031181989003118
019ac001b1019ac001b10
019ac001b1019ac001b10
019538047001953804700
019538047001953804700
019b5000ff019b5000ff0
019b5000ff019b5000ff0
01970803c181970803c18
01970803c181970803c18
0199c802620199c802620
0199c802620199c802620
019318051e019318051e0
019318051e019318051e0
032ad806c7800c2ffa850
01fd97e7b1013970199c0
0197d803690197d803690
0197d803690197d803690
019a500209019a5002090
019a500209019a5002090
01943004c701943004c70
01943004c701943004c70
019b100158019b1001580
019b100158019b1001580
019630041901963004190
019630041901963004190
01993802b981993802b98
01993802b981993802b98
0191e805750191e805750
0191e805750191e805750
032c9005ed000ab7fa820
01f6ffe72881404819468
0198b802fb8198b802fb8
0198b802fb8198b802fb8
019ac00199019ac001990
019ac00199019ac001990
019568045a019568045a0
019568045a019568045a0
0329a0074b000d17fa880
02017fe80501354019ce0
01973803ab01973803ab0
01973803ab01973803ab0
0199e0024b8199e0024b8
0199e0024b8199e0024b8
019358050881935805088
019358050881935805088
032b30069c000be7fa840
01fc4fe795813ac8198a8
019800035401980003540
019800035401980003540
019a5801f3019a5801f30
019a5801f3019a5801f30
01947004b201947004b20
01947004b201947004b20
019b180142019b1801420
019b180142019b1801420
019660040301966004030
019660040301966004030
01995002a301995002a30
01995002a301995002a30
019230055f019230055f0
019230055f019230055f0
032bf00645000b57fa830
01f9b7e75f013d9019690
019858032701985803270
019858032701985803270
019aa001c6019aa001c60
019aa001c6019aa001c60
0194f004860194f004860
0194f004860194f004860
019b400116019b4001160
019b400116019b4001160
0196d003d70196d003d70
0196d003d70196d003d70
0199a002770199a002770
0199a002770199a002770
0192c805340192c805340
0192c805340192c805340
032a7006f3800c8ffa860
01feefe7cd81381019ac0
0197b0037f0197b0037f0
0197b0037f0197b0037f0
019a30021f019a30021f0
019a30021f019a30021f0
0193e804dd0193e804dd0
0193e804dd0193e804dd0
019b00016e019b00016e0
019b00016e019b00016e0
0195e0042f0195e0042f0
0195e0042f0195e0042f0
01991002cf01991002cf0
01991002cf01991002cf0
019190058b019190058b0
019190058b019190058b0
0262e0045380ca00016e8
019bcfeb840059effb8a0
001c67f079ffee100a078
0020a0028b81210016a98
01984802e480029ffe9f8
017507f94d8025e008368
00ef9ff41480ab480d6f8
00562ff6490144b80b3b0
0260b0055a00c95001c50
01a467ec38005bcffbb10
002317f0887fe9c009ff0
001f90029981172017230
0196d0039400033ffea10
0177b7f9ef00225808460
00f49ff47e00a5700db70
005a57f670013fb80bc50
0261d804d700c9b001990
01a027ebdd805ad7fb9c8
001fc7f0817febe00a030
0020200292011c1016e70
019798033c8002effea08
01766ff99e802418083e8
00f227f44900a8600d940
005847f65c0142400b810
0198e8028c000257fe9f0
017397f8fd0027a8082e8
00ed07f3e100ae300d4a8
005417f6368147280af50
0195f803eb00038ffea20
0178f7fa40802090084d0
00f70ff4b300a2780dda0
005c67f684013d200c0a0
026270049500c9e001840
019e07ebb0005a67fb930
001e17f07d7fecf00a060
002060028f011e9016c90
01980003108002c7fea08
0175c7f976002500083b0
00f0e7f42f00a9e00d820
005737f6528143900b5e8
0199300260000227fe9f0
0172d7f8d5002880082a0
00ebb7f3c700afa00d380
005307f62d0148500ad20
01967003c000035ffea20
017867fa18002170084a0
00f5d7f49800a3f00dca0
005b57f679813e700be88
026158051800c98001af0
01a247ec0a005b57fba70
002167f0847fead00a010
001fd002960119a017060
0197400368000317fea10
017717f9c680234008428
00f367f46300a6f00da60
00594ff6660141080ba30
0198a002b8800277fe9f8
017457f9250026c008330
00ee57f3fa80acc00d5d8
005527f63f8145f00b188
01959004170003affea20
017997fa69001fa008500
00f847f4cd80a0f00dec0
005d67f68d013bd00c2c0
0262a0047400c9f001790
019ce7eb9a005a27fb8e8
001d37f07b7fed800a070
002080028d011fc816b90
01981002f98002b7fe9f8
017557f96100257008380
00f037f42100aa900d780
0056aff64d0144180b4c0
026070057b00c93001d00
01a577ec4f005c07fbb60
0023e7f08a7fe93009fe0
001f68029b8115d817328
0196a003aa000347fea18
017807fa040021e008480
00f537f48b00a4b00dc08
005ad7f674813f100bd70
02619804f800c99801a40
01a13febf4005b17fba18
002097f0827feb500a020
001ff80294011ad016f68
01976003528002f7fea08
0176bff9b30023a008400
00f2c7f45600a7a00d9d0
0058c7f6610141980b920
0198c002a2800267fe9f8
0173f7f91100273008310
00eda7f3ee00ad700d540
005497f63b0146880b070
0195c00401000397fea20
017947fa54802010084e8
00f7a7f4c000a1b00de30
005cdff688013c780c1b0
02622004b600c9d0018f0
019f17ebc7005aa7fb980
001ee7f07f7fec700a040
0020400291011d5016d80
0197c803260002dffea00
017617f98a002490083c0
00f187f43b80a9200d8a8
0057c7f6570142e00b6f0
019908027680023ffe9f8
017337f8e9002810082d0
00ec5ff3d480aee80d418
005387f6320147c00ae40
01963003d5800377fea18
0178affa2c0020f8084b0
00f677f4a500a3300dd20
005bdff67e013dc80bf90
026110053900c96001ba0
01a367ec21005b8ffbac8
002247f085ffea500a008
001fb0029701186017150
019710037e000327fea10
01776ff9db0022c808440
00f407f47000a6300daf0
0059d7f66a8140600bb48
01987002ce800297fe9f8
0174b7f93a00265008340
00eefff40800ac080d660
0055b7f6440145500b2a0
019550042d0003c7fea20
0179e7fa7d801f3008518
00f8e7f4db00a0300df40
005deff692013b280c3d0
01fd90039c00655000b78
0165b7ee3400361ffd500
001f7feebafffce801bf0
7fd907fced0047a0059e8
005a0000a280700000cc0
00626ffb1b7ff780006f0
000687fc7b7fe7900d8d0
001ce0024281042014670
01fbc004770064f000e30
016d2feed080373ffd678
0026efeecb7ffc2801bd0
7fda67fcdd00453005bd0
0059b000c9006fa000fc0
00647ffb45fff750006b8
0007fffc7e7fe1c80d810
001be8024f00fb3814d40
01fcb8040a00652000cd0
016987ee820036a7fd5b8
002337eec2fffc9001be8
7fd9b7fce480467005ad8
0059e000b5006fd000e40
006377fb307ff760006d0
00073ffc7c7fe4a80d870
001c60024880ffb0149e8
019770033b80017fff508
015657f555001d4003a80
008deff07c005f1803650
7ff5a7f6a0005e77ff968
7ff63fff33000c1fff6c0
004af001907fdcb0069e8
006c07fe288042300f220
0035f7fc200111380ed50
01fd3803d300653800c20
0167a7ee5a803667fd558
00215feebefffcb801be8
7fd95ffce900470805a60
0059f000ac006ff000d80
0062f7fb257ff770006e0
0006d7fc7bffe6200d8a8
001ca002458101f014838
0197d00310000167ff500
015537f530001da003a50
008c47f06c805f70035a8
7ff497f6a1005e77ff8c0
7ff627ff35000c07ff6a0
004b2001887fdd6006a20
006be7fe1c8043c00f1b8
003587fc1a0112d00eb80
01fc50044000651000d80
016b57eea90036f7fd610
00250feec67ffc5801be0
7fda0ffce10045c805b50
0059c800bf006fb800f00
0063f7fb3a7ff760006d0
00079ffc7d7fe3380d840
001c20024c00fd8014ba0
019718036800018fff510
015777f579801ce003ab8
008f97f08b805ec0036f0
7ff69ff69f005e8fffa10
7ff64fff32800c2fff6d0
004ac00198ffdc00069a8
006c47fe340040800f290
00365ffc26010f980ef28
01fd5803b700654800bd0
0166a7ee47003647fd530
002067eebc7ffcd001bf0
7fd927fceb00476005a20
0059f000a700700000d20
0062a7fb207ff780006e8
0006a7fc7bffe6e00d8b8
001cc0024401030014750
01fb8804928064e800e88
016e1feee500375ffd6a0
0027d7eecd7ffc1001bd0
7fda8ffcdb0044e005c08
0059a000ce006f9001020
0064bffb4b7ff748006b0
00082ffc7f7fe1080d7f0
001bc8025000fa1014e20
01fc80042500652000d30
016a77ee960036d7fd5e0
002427eec47ffc7001be0
7fd9e7fce300462005b10
0059d000ba806fc800e98
0063b7fb357ff760006c0
00076ffc7d7fe3e80d850
001c40024a80fe9014ac0
0197400352000187ff510
0156e7f567001d1003aa0
008ebff084005ee8036a0
7ff617f69f805e87ff9b8
7ff647ff33000c27ff6c0
004ae001957fdc50069c0
006c27fe2e8041500f258
003627fc230110600ee40
01fcf003ee00653000c80
016897ee6e003687fd590
002247eec07ffca001bf0
7fd987fce70046c005aa0
0059e800b1006fe800de0
006337fb2afff770006d8
00070ffc7c7fe5680d880
001c8002478100d014908
0197a00326000177ff508
0155c7f542001d7003a70
008d17f074805f4803600
7ff517f6a0805e77ff918
7ff62fff34000c17ff6b0
004b00018cffdd1006a08
006bf7fe230042f80f1f0
0035c7fc1d0112000ec70
01fc10045b80650000dd8
016c57eebc803717fd648
002607eec87ffc4001bd8
7fda37fcde00458005b90
0059b800c4006fa800f60
006437fb407ff750006c0
0007d7fc7e7fe2800d830
001c08024d80fc5814c78
0196e0037e000197ff510
01580ff58c801ca803ad8
009077f093805e8803748
7ff727f69e005e97ffa60
7ff65fff32000c3fff6e0
004ab0019c7fdba006980
006c57fe3a003fb80f2c0
003697fc29010ec00f010
01fca804098000efff928
014b1fec72801a9801c18
7fed0feef3003277ffc70
7fcef7fdd0000a17ff1d0
00512ffe9d0008d802058
002daff9a10034c0017a0
7feadffd57001bafff240
00234800807ff99801c28
0039c7fd34002b9003830
000157fd378034d000188
000c0800a77ff0e001180
0036c7ff6b0010e006338
001627fd958059e003368
0001400031fff640003d8
002b1000e67fbc800ca70
002767fe7500dcc015f20
01ca1003a30032a000670
014bffefef801d8ffe928
0023a7ee847fff90003e8
7fbee7faba801ad0022a0
0024f000490034f0006c0
0050f7fc15001287ff1b0
000aaffac5fffc9001b68
7ff517ff1c002750032c0
002d10005b00381000720
003527fd6d000187ffee8
000537fd7a7ff76004440
0006400080004030052d8
0030600062003f7000820
0027cffe137fcf98025a0
000217fefb7fe2900e8c0
001100015f00eeb013400
01ca8003718032b000618
014a47efcb001d67fe8f0
0021c7ee807fff90003e8
7fbe47fac2001b1002270
00250000460034f000660
005087fc0c001277ff190
000a1ffac47ffcb801b78
7ff4f7ff1d8027b003280
002d200056003820006c0
0034e7fd67000187ffee0
0004e7fd79fff7d004450
000640007f0040c005270
003068005d003f88007b0
00279ffe0f7fcfd8025f0
000207fefb7fe4200e8f0
001130015d00f0c013268
01c9b003d40032a0006c0
014da7f013001db7fe960
002587ee887fff80003e0
7fbf77fab4001aa0022d0
0024e8004e0034e000710
00515ffc1d00129fff1d0
000b47fac6fffc6001b68
7ff527ff1b80270003308
002d10006000380000780
003577fd72000187ffef0
000577fd7afff6f004438
0006280080003fa005350
0030500067003f6800890
002807fe187fcf6002550
00023ffefc7fe1000e880
0010e0016100eca013590
01fc7004250000efff920
014c27ec85001a8001c20
7fedf7eef2003277ffca0
7fcf07fdcd000a27ff1e0
005137fea10008c002060
002e07f9a30034a0017d0
7feafffd56001bafff260
00234000827ff98001c20
0039effd37002b6003860
000177fd380034d0001b0
000c0000a7fff0d001178
0036d7ff6e00109006340
001647fd970059c0033b0
0001400031fff640003d0
002b1000e8ffbbd00ca30
00277ffe7680db8815fe8
01c9e003bb8032a000698
014cd7f001801da7fe948
002497ee867fff90003e0
7fbf27fab8001ac0022b0
0024f0004c0034e0006e8
005137fc19001287ff1c0
000af7fac67ffc7001b70
7ff51fff1c002728032e8
002d18005d80380800758
003557fd6f800187ffee8
000557fd7a7ff72004440
0006300080003ff005310
0030500064803f7000850
0027effe157fcf7802570
00022ffefb7fe1c00e8a0
0010f0015f80eda0134c8
01ca48038a0032a800640
014b27efdd001d77fe910
0022b7ee827fff90003e0
7fbe97fabe801af002288
0024f800480034f000690
0050c7fc10801277ff1a0
000a67fac57ffca001b70
7ff507ff1d002780032a8
002d200058803810006f8
00350ffd6a00017fffef0
00050ffd7a7ff79804450
000640007f804080052a8
003060005f803f80007e8
0027b7fe117fcfc0025d0
000217fefb7fe3580e8d0
001120015d80efb013330
01c97803ed003298006f0
014e97f025001dc7fe970
002687ee8a7fff80003e0
7fbfb7fab0001a80022e0
0024e000500034d000740
005197fc220012a7ff1e0
000b87fac7fffc5001b68
7ff537ff1b0026d003330
002d0800620037f8007b0
00359ffd7580017fffef0
000597fd7b7ff6b004430
0006200080803f6005388
0030480069803f60008c8
002817fe1a7fcf4002520
000247fefc7fe0400e870
0010d0016180eb8813660
01e36003d600195000330
013e27ed36800cf7ff3c0
7fecb7eeaf00005000440
7fbc17fcf98012e000d68
003a87feff0016a7ff9e0
002bc7f9e50001efffbc0
7fe2a7fc5000084001070
0008e0001f801a6000608
002ed7fdbb000af7ff790
00019ffc827fffb800b50
7ff6b7ff7d80156001298
002067ffa7801667ffc38
001727fd787fff00001d8
7ff7affea100099801910
000dc00049001d50009d0
001f77fec40007f7ffb10
0003b7fe347ffd40015e0
0000800007801a2001ba0
001b37ffe1001747ffe60
0011b7fe717ff86000ac0
7ffd6fff67000b70029f0
000fb0007080251001098
001a37ff2f000187fff50
0003f7feecfff5a802d60
000480005c00271003270
001980000b801b50000d0
000f07feec7fe1e0022c0
7fffafffdf00113806540
001130009d0048b002998
0017c7ff6f7fde8000ce8
000367ff5f7fb9200d480
0006b000aa00d61015480
01ca1803a300006fffcf0
013ea7eef3000ba000d80
000807ee748019c0000b8
7fb3f7fb6e000a57ff540
002487ffd600008000700
003d7ffb1c80130800ef8
7ff287fb0400179fffc00
7ff1c7ff6e000337ffb00
0028a7ff4e00048001080
001b9ffc9980194800cd8
7ff337fde50011b7ff940
00082000327ffe20004d0
002477fedd000c0001800
000b07fd8e801c9000808
7ff947ff530008c7ffa80
0014680039fffcc801238
001cbffe9c0015f801c60
0001fffe6d001b6800220
0001c0001d7ffdd000210
001a57fff70000c002300
0013a7fe9680215001cf8
7ffe97ff3f0013e7ffda0
000ac0007a7ff1f0013d8
001b37ffa0000c8003880
000af7fecf002d30019d0
7fffd7fff60001b7fff80
0012a000857fe53003c00
0017f7ff580028d005cf0
000427ff3c003b70013f0
0004a000837fcb4001dc0
0017f000587fcc300e370
0011d7ff3900def013ed0
01e32803f000194800350
013f27ed48000d07ff3d0
7feda7eeae00005000440
7fbc37fcf60012d000d70
003a97ff028016a7ff9e8
002c17f9e70001f7ffbc0
7fe2d7fc4e00083001080
0008e00020001a6000620
002efffdbd800af7ff798
0001c7fc827fffb000b60
7ff6b7ff7d001550012a8
002067ffa9801677ffc48
001747fd7a7fff00001d0
7ff7c7fea000098001918
000dc0004a001d50009f0
001f87fec60007ffffb10
0003c7fe347ffd28015e0
0000800007001a0001bb0
001b2fffe280174fffe78
0011cffe727ff85800ac0
7ffd77ff67000b50029f0
000fb000720024f0010b0
001a3fff31000177fff50
000407feecfff58002d58
000478005c8026e803298
001980000d001b50000e0
000f17feed7fe1c0022a0
7fffb7ffdf0010e006550
001128009e004898029d0
0017cfff70ffde7800cc8
000377ff5fffb8600d438
0006a800aa80d4e015540
01c9e003bb80006fffce8
013fa7ef04800b8000d88
0008ffee750019b8000d0
7fb437fb6a000a67ff548
00247fffd800008000700
003dc7fb2000130000f08
7ff2c7fb040017a7ffc10
7ff1cfff6d00033fffb00
0028afff5000047801080
001bd7fc9b00194000cf0
7ff357fde50011c7ff950
00082000337ffe20004d0
00247ffedf000be801808
000b27fd8f001c9000820
7ff94fff528008cfffa88
001460003a7ffcc001230
001cd7fe9d0015e001c70
00020ffe6d001b6800240
0001c0001d7ffdd000210
001a57fff88000a002300
0013bffe9800213801d10
7ffe9fff3f0013dfffdb0
000ac0007a7ff1e0013d0
001b3fffa1800c4803890
000afffed0002d1801a00
7fffd7fff68001a7fff88
0012a000867fe50003bf0
001807ff5900288005d18
00042fff3c003b5801420
0004980083ffcb2801d98
0017f000587fcb700e350
0011e7ff3a00ddd013f90
01d6c003bc800ca000198
013787ed9a0006a7ff9c0
7fec97ee9600002000190
7fb317fc9300090000660
002ee7ff32000ba7ffcd0
002a37fa1c000197ffc90
7fdf4ffbe5000358006b0
7ffc37fff1800cb0002e0
002817fe0f0006c7ffac0
0001a7fc597ffff000290
7fedc7ff018008f0007c0
00147fffc8000befffe00
0015affda100017fffd70
7ff4a7fe2100031000800
0000d80004000ce800450
001887ff0a0006f7ffba0
000427fdfa7fff90003a0
7ff797ff710008f000970
000edfffef000c5ffff20
001077fe8d000147ffe40
7ffac7fecc8002a0009a8
0002500010800d6000600
001307ff68800737ffc68
000517fe9d7ffee0004f8
7ffb8fffa30008f800b90
000c700005800d1000060
000e37fefb0000d7fff10
7ffda7ff2100020000be0
000300001b000e3000820
001047ff9c800787ffd28
00059ffef57ffdc8006a0
7ffd97ffc200092000e80
000b200016000e30001d0
000cf7ff3c00000000000
7fff47ff5480011000ef8
0003600026000f8000b00
000eb7ffc00007f7ffde0
0005efff2d7ffc00008f0
7ffecfffd8000978012f0
000a500026001010003b0
000c47ff697ffeb000100
000047ff787fff70013d0
00039000318011d000f80
000dc7ffdb0008a7ffe90
000627ff547ff8e000c90
7fff87ffeb000a1001a60
0009c0003400139000690
000bd7ff8a7ffc2000270
0000e7ff927ffc6001cc0
0003a0003d001680017d0
000d27fff1000a27fff50
000657ff71fff210013a8
7ffff7fffb000b8002a40
0009600043001bb000c60
000ba7ffa3fff5e000518
000147ffa87ff468032e0
000398004a80237802dc8
000cc80006000e8800070
00067fff897fdb6802a30
0000200009801120064a8
0009200053803f9002460
000b87ffba7fd30001150
000187ffba7fb7a00d8e0
000380005900d29014ef0
01d68003d6000ca0001a0
013887edab8006a7ff9c8
7fed87ee9500002000190
7fb33ffc8f0008f800670
002ef7ff35000ba7ffce0
002a87fa1e000197ffc90
7fdf87fbe3000350006b0
7ffc37fff1000cb0002f0
00282ffe110006d7ffac8
0001d7fc597ffff000290
7fedd7ff010008e0007c0
001487ffc9000be7ffe00
0015c7fda3000187ffd70
7ff4b7fe2000031000800
0000d80004000ce800460
001887ff0b000707ffbb0
00043ffdf9ffff88003a8
7ff79fff700008e800970
000ed7fff0000c57fff30
001097fe8e000147ffe40
7ffadffecc000298009b0
0002500011000d6000610
001307ff6980073fffc78
00052ffe9d7ffed8004f0
7ffb97ffa30008e800b98
000c700006000d1000070
000e47fefb0000d7fff20
7ffdb7ff2100020000be0
0002f8001b000e3000830
001057ff9d800787ffd30
0005a7fef5fffdd0006a0
7ffd9fffc180091000e90
000b180017000e30001e0
000cffff3d00000800000
7fff57ff5480010000ef8
0003580026000f7800b10
000eb7ffc08007f7ffde0
0005f7ff2d7ffc00008f0
7ffecfffd800096801300
000a500026001010003c0
000c47ff697ffeb000100
000057ff787fff60013e0
00038800310011c800f90
000dc7ffdb0008b7ffe90
000637ff54fff8d000c88
7fff87ffea800a0001a70
0009c00035001390006a0
000bd7ff8a7ffc2800270
0000e7ff92fffc4001cb8
0003a0003d001660017e0
000d27fff2000a27fff58
00065fff727ff200013a0
7ffff7fffa800b6002a48
0009600044001b9000c70
000ba7ffa47ff5d000510
000157ffa87ff430032e0
000398004a80235002df0
000cd00006000e8000080
000687ff897fdb4002a10
00002000090010c0064c0
0009280054003f7002490
000b97ffba7fd2f001128
000187ffb97fb6e00d8a0
000380005980d16014fa8
01d6a003c9000027fff30
013467ed6600032000340
7fe637ee9f800667fff68
7fb13ffcbf8001dfffd38
002e37ff0f0000b000230
002477f9f90005c000230
7fdac7fc10000497ffd50
7ffc27fff6800017fffb0
0024b7fdd600036000390
7ffb57fc61000657fff80
7fec27ff288001a7ffd90
0013afff9e0000d0002a0
000fc7fd7c8005e800248
7ff047fe49000467ffd80
0000e0000180000000028
0014f7fecc000390003e0
7ffdd7fe00800657fff98
7ff627ff92000177ffdf0
000defffbd8000f000318
000a77fe6600060000270
7ff697fef2000437ffda8
0002700006ffffe0000a0
000f47ff258003c000430
7ffecffea280064ffffa8
7ffa57ffbe80013fffe48
000b6fffcc00010800398
0007f7fed1000640002a0
7ff9a7ff44000407ffdd0
00033000097fffd000120
000c57ff540003f000490
7fff4ffef9800657fffb8
7ffc97ffd8000107ffea0
000a07ffd480012000418
00068fff10000668002c0
7ffb77ff750003d7ffe00
0003b0000b7fffb0001b0
000a7fff71000438004f0
7fff97ff30000657fffd0
7ffe0fffe80000c7fff00
00091fffda800138004b8
0005a7ff390006a000300
7ffca7ff958003a7ffe28
000400000d7fff9000248
000947ff8500048000560
7fffd7ff56000657fffe0
7fff0ffff400007ffff70
000877ffdf00015000550
0004f7ff570006e000330
7ffd77ffad800377ffe48
000440000effff60002e8
000867ff930004c0005e0
7ffff7ff72000667ffff0
7fffd7fffd000027fffe0
000807ffe200016000610
000477ff6c00073000370
7ffe17ffc0000337ffe80
00047000107fff28003a0
0007b7ff9e80052000678
00000fff8800067000010
00005800047fffc800050
0007a7ffe5000180006e8
000407ff7e000780003c0
7ffe97ffcf0002f7ffeb0
0004980011fffee800478
000727ffa800058000720
000027ff9a00068000020
0000d8000b7fff48000e0
000767ffe80001a0007e0
0003b7ff8c8007f000408
7fff07ffdb800297ffed8
0004c00013fffea000578
0006b7ffaf000600007f0
00002fffa900069800030
0001380010fffeb800188
00072fffea0001c800920
00036fff9900088000470
7fff57ffe6000237fff10
0004d800157ffe38006b0
00065fffb5800690008f8
000037ffb50006c000050
00019000157ffe0000250
000707ffec0001f000ab0
000337ffa3000930004f0
7fff97ffef0001b7fff50
0004f80016fffda800840
00060fffbb00075800a50
00003fffc00006f800060
0001d0001afffd1000350
0006d7ffee00022000cb0
0002f7ffab800a20005a8
7fffd7fff7800107fff98
00051000187ffcf000a60
0005c7ffc000087000c20
000047ffca80074000080
000210001e7ffbb0004c0
0006bfffef00026800f90
0002c7ffb4000b7000690
000000000000000000000
000530001a7ffbe000d60
000587ffc4000a0000ec0
000047ffd40007b0000a0
00025000237ff9b0006c0
0006a7fff08002e0013e8
000297ffbb000d8000800
00003000077ffe8000090
000550001b7ffa2001220
00054fffc8000c8801300
000037ffdc000870000d0
00029000277ff65000a20
000687fff200039001b40
000267ffc200113000a70
000050000e7ffbd000190
000570001d7ff6f001af0
000527ffcc00116001b10
000037ffe40009f000110
0002c0002b7fef50010f0
000677fff400051002b00
00023fffc800197800fe0
00008000157ff560003c0
000590001effeee0030f8
0004efffcf001e90030e0
000037ffec000e60001b0
0002f800307fd87002730
000677fff5000ab006558
000207ffce003d9002780
000098001c7fd26800f90
0005a000217fb2000d6d0
0004c7ffd200cdd0151d0
028217ecb1028217ecb10
011bb02946011bb029460
029c500ffc029c500ffc0
000000000000000000000
7d4a10021a7d4a10021a0
000000000000000000000
7e047fe0fb7e047fe0fb0
000000000000000000000
00b2002ac000b2002ac00
7d42b808d5fd42b808d58
7e8c9025247e8c9025240
000000000000000000000
00645fd47b80645fd47b8
000000000000000000000
024ec7e6f5824ec7e6f58
000000000000000000000
028880120502888012050
7ebf9026647ebf9026640
00e6f0296a00e6f0296a0
000000000000000000000
7e2797deea7e2797deea0
000000000000000000000
003417d39d803417d39d8
000000000000000000000
7e59e0235ffe59e0235f8
000000000000000000000
7d42d005b77d42d005b70
000000000000000000000
0260f7ea318260f7ea318
000000000000000000000
02a5200c5f82a5200c5f8
000000000000000000000
02c4b7ffce02c4b7ffce0
7fd7802ba37fd7802ba30
01e2c01f3a81e2c01f3a8
000000000000000000000
7d70d7ef13fd70d7ef138
000000000000000000000
7f0b3fd6d57f0b3fd6d50
000000000000000000000
7f84d02afa7f84d02afa0
000000000000000000000
7dabe818257dabe818250
000000000000000000000
019227dbce019227dbce0
000000000000000000000
02bde7f9a502bde7f9a50
000000000000000000000
01cca0220881cca022088
7dd2501a11fdd2501a118
7fadd02bfd7fadd02bfd0
000000000000000000000
7f3517d5b57f3517d5b50
000000000000000000000
016417da31016417da310
000000000000000000000
7d932815787d932815780
000000000000000000000
7d6a77f2647d6a77f2640
000000000000000000000
02c117fc7002c117fc700
000000000000000000000
020dd01d0c820dd01d0c8
000000000000000000000
02b157f5a882b157f5a88
0081302ab40081302ab40
0251d0183d0251d0183d0
000000000000000000000
7d4947f89ffd4947f89f8
000000000000000000000
7e7697db217e7697db210
000000000000000000000
001b282caa001b282caa0
7d4167ff07fd4167ff078
7e09001f7b7e09001f7b0
000000000000000000000
0102a7d7240102a7d7240
000000000000000000000
028717ef77028717ef770
000000000000000000000
0230c01a790230c01a790
7e38e021fdfe38e021fd8
004cf82ba9004cf82ba90
000000000000000000000
7ea3a7d9817ea3a7d9810
000000000000000000000
00d797d58800d797d5880
000000000000000000000
7dee701d397dee701d390
000000000000000000000
7d37a7fba77d37a7fba70
000000000000000000000
02a1b7f31402a1b7f3140
000000000000000000000
026c981503026c9815030
000000000000000000000
02baf808fd82baf808fd8
7f40902a3e7f40902a3e0
017258251301725825130
000000000000000000000
7dba67e64a7dba67e64a0
000000000000000000000
7f90b7d418ff90b7d4188
000000000000000000000
7ee8f028537ee8f028530
000000000000000000000
7d5a980ed67d5a980ed60
000000000000000000000
01ff1fe25681ff1fe2568
000000000000000000000
02c998029602c99802960
000000000000000000000
01423026b281423026b28
7d7a8011837d7a8011830
7f18502a9b7f18502a9b0
000000000000000000000
7fd3b7d4277fd3b7d4270
000000000000000000000
01e55fdf4a81e55fdf4a8
000000000000000000000
7d4b280c007d4b280c000
000000000000000000000
7daa2fe9247daa2fe9240
000000000000000000000
02bcb0061e82bcb0061e8
000000000000000000000
019ef023d6019ef023d60
000000000000000000000
01cee00afb80b337e1b58
028b3fed7b7ff6dfff360
014e2807fe014e2807fe0
014e2807fe014e2807fe0
7ea508010d7ea508010d0
7ea508010d7ea508010d0
7f0247f07dff0247f07d8
7f0247f07dff0247f07d8
7efa6019cb01b7a010f50
009fb02b4a001257ff760
7f464812927f464812920
7f464812927f464812920
003237ea3e003237ea3e0
003237ea3e003237ea3e0
012767f37b012767f37b0
012767f37b012767f37b0
00a4081c3481e47ff5d08
0277601306001127feff0
00737814b500737814b50
00737814b500737814b50
7f13cfef757f13cfef750
7f13cfef757f13cfef750
001a0fe9cf001a0fe9cf0
001a0fe9cf001a0fe9cf0
7f2cf011b07f2cf011b00
7f2cf011b07f2cf011b00
7ea16802dbfea16802db8
7ea16802dbfea16802db8
01307ff51901307ff5190
01307ff51901307ff5190
015290063001529006300
015290063001529006300
014e1815b881769fea158
02bf70012b000547fea30
00f1600f9d00f1600f9d0
00f1600f9d00f1600f9d0
7eb86ff78a7eb86ff78a0
7eb86ff78a7eb86ff78a0
7f85a7eb6aff85a7eb6a8
7f85a7eb6aff85a7eb6a8
7fc268157d7fc268157d0
7fc268157d7fc268157d0
7ed5f00c12fed5f00c128
7ed5f00c12fed5f00c128
00c917ede700c917ede70
00c917ede700c917ede70
015ef7fcd2815ef7fcd28
015ef7fcd2815ef7fcd28
7fcf781e0d01fd2803fb8
01b6e022720015c7ff970
7fd6e815feffd6e815fe8
7fd6e815feffd6e815fe8
7f9a8feadaff9a8feada8
7f9a8feadaff9a8feada8
00b20fed1880b20fed188
00b20fed1880b20fed188
7ec9900abc7ec9900abc0
7ec9900abc7ec9900abc0
7eb53ff9327eb53ff9320
7eb53ff9327eb53ff9320
01608ffe3801608ffe380
01608ffe3801608ffe380
0106e80e860106e80e860
0106e80e860106e80e860
019940102e011817e57a0
02ae4ff6cb00030ffede0
0128e80c1e8128e80c1e8
0128e80c1e8128e80c1e8
7ea4a7fc507ea4a7fc500
7ea4a7fc507ea4a7fc500
7f3b4fed90ff3b4fed908
7f3b4fed90ff3b4fed908
7eae4015d9016ce016d10
0005d02c4a00155800600
7f04800fbdff04800fbd8
7f04800fbdff04800fbd8
008157eb92008157eb920
008157eb92008157eb920
01438ff7bb81438ff7bb8
01438ff7bb81438ff7bb8
0034d01e3b01fbf7fc3e0
0228501b75800877ff038
00268015d480268015d48
00268015d480268015d48
7f51d7ecc0ff51d7ecc08
7f51d7ecc0ff51d7ecc08
006bcfeac4006bcfeac40
006bcfeac4006bcfeac40
7ef7380e9cfef7380e9c8
7ef7380e9cfef7380e9c8
7e9bd7fdd3fe9bd7fdd38
7e9bd7fdd3fe9bd7fdd38
0150dff98a0150dff98a0
0150dff98a0150dff98a0
0136500a818136500a818
0136500a818136500a818
00fdc0199e01bd37ef600
02af700a7a000b97fe830
00b930128980b93012898
00b930128980b93012898
7edd37f3257edd37f3250
7edd37f3257edd37f3250
7fc85fea0c7fc85fea0c0
7fc85fea0c7fc85fea0c0
7f74781429ff747814298
7f74781429ff747814298
7ead50076b7ead50076b0
7ead50076b7ead50076b0
00ff97f12b00ff97f12b0
00ff97f12b00ff97f12b0
0164d0014b0164d0014b0
0164d0014b0164d0014b0
7f5e581c1b01e3d80a980
012d302785001507ff2d0
7f8c28154dff8c28154d8
7f8c28154dff8c28154d8
7fe9dfea13ffe9dfea138
7fe9dfea13ffe9dfea138
00f2b7efa500f2b7efa50
00f2b7efa500f2b7efa50
7ea59006007ea59006000
7ea59006007ea59006000
7ed517f4927ed517f4920
7ed517f4927ed517f4920
015e58030f015e58030f0
015e58030f015e58030f0
00cf7811eb00cf7811eb0
00cf7811eb00cf7811eb0
018e80097d004060017f0
01e8fff22e80a247fb4c8
00998fe6698019affb4c0
7fb287f56500446009d10
7ed3a7f8c57fd16008480
7ea11000a60003f800670
7ed6700874ffce9ff8988
7f54800b9e7f508ff56f0
7f2050162effda10039c8
00774020508028700af98
0170600e4800474002ad0
00b3e7fd457f5e7002310
00accfeedcff856ffb618
003ab7ea2b7ff78000130
7fb4f7ebe4007d47fe5a0
7f69dff30500c85ff7390
008bc0187500184803c00
01d9a80e48009db804be0
0197e7f74c804c97fe840
0054e7f5a07fbc40095f0
7f96efeca27f7ce002d30
7f1597ef4f7ffe3800260
7ed867f6ea003b77f88b0
7f032fff000010a7f0750
7ee7300a460045c0076a0
7f2ab0119a00024000160
7fad5013cd7f7fa7fde30
0022980f957f0a58021b0
014187fda4ffeef7f7748
0132f7f5417ffd8fffd80
00c9c7eff80066c005210
00438ff0e100ecf004380
011fc012ab002e60030e0
020d6000c500b21000660
013837ed80003e67fc960
0005a7f4777fffa00a2c0
7f1f07f17a7f996006100
7ebc87f7327ffbe800580
7eb78fff980000e7f7f20
7f130805c07fa567f1ca0
7f4c3010c800764004b50
7fbc201599000657ffe40
0041c8140f7f80a0016e0
008ee00d107f3388086d0
011407f55d7fb517f88a0
00cea7ee137ffa77ffd40
004b27ebfc007df001eb0
7fd687f05200f297fd950
7fd3301a067ffc4804070
01495019e8006d90088a0
01ae880346804ea000b50
0095d7f8ed7f7ff006aa0
00264febf9ff7447fee10
7fa147eacf7ff940000b0
7f360fefdd006487fafd8
7f2367f82d007727f2ad0
7ebf6001f7000a3008c50
7ec9580a4500003800770
7f2e580fb47f9b3ffb080
7fb3400f157f1657fba70
0133b8065f002cd7f7d90
015f67fe6f00012fffc90
012477f6e5003c1007530
00a57ff42a00bb100a0e0
0161100e2600383002080
0204b7f91f00a9a7fdac0
00ed07e976002b17fc040
7fdd1ff4968025f00a478
7eeff7f4f07fb4b007600
7ea47ffbfc00002800540
7ebed0044e7fe5d7f8020
7f2f900905ff7517f34a8
7ed96012cb7fd4e0030e0
00030821440002c80b060
0134601344803880038c8
00bca0002e7f58b800320
00e277f1a77f9ee7f9eb0
008447ebb6fffd17ffdb8
7ffe87ebad0082d7ffe50
7f9f87f18f00e1d7fa030
002da81a0800072804330
019d401499008b1006dd0
01aca7fceb004f57ff530
00721ff6f07f965808130
7fded7ebc27f730000fe0
7f56e7ec7d7ffaf000440
7eff0ff3020052cff9be8
7f0ab7fb80804727f1400
7ec9800638002db008648
7ef1600e688005d800340
7f6a3812707f8d07fc2d0
7fed400ff27f09fffeaa8
0143900206000d47f7840
015197f9a0ffff4fffe98
00fc7ff31280546006778
007627f23300dab007570
00db781614002248038a0
02021007b300ad6002c70
0172e7f1e6804a57fd798
002d37f49c7fde6009e70
7f52c7ee98ff8a70048c8
7edec7f30a7ffe70001b0
7ebefffb50001e3ff7d50
7f061002907fd727f0950
7f10e00dca006390065f0
7f6c701430000807fff98
7ff59014aa7f7ee7ff7f0
005bf00ef17f188805380
013237f93b7fcd67f7f00
010547f1287ffa5000030
008a27ed6f00757003bc0
0008f7f03e00f6a000ed0
7f754018b47fe91803670
00e6201dda00471009ab0
019c5808eb00478001ad0
00abfffa9e7f6908048f0
006e47ecdc7f7b97fd370
7fee37e9e4fffba0002f0
7f7217ed740077c7fc9f0
7f429ff57500a747f49e0
7ebd57fd497fe84008b70
7ea8700590fffd20006f8
7ef7580c57ffae3ff9a88
7f7bd00da5ff29c7f85a8
0116e80a7d004777f8920
015de0034800007fffc70
013e87fb0c001fd008030
00cb37f69c0093280c730
0031100121015d70085c0
005467fd960194a7f4980
001367fcc5008627e9a40
000e5001df7fa437f3860
0062700234ffddf7ff4a8
00535ffd75004eeffdd70
7ff468015c002547f9f00
0052e00be37ff187fdee0
7fe6900285ff39c013a90
0013e0055f0063601af20
002be001b08144800c978
7fdd40007c80d6a7fcc88
7fc81005a3001207fdf98
00166005b800121005418
7fee07ff2700594003860
7f37d002c10026a7ff700
001150028b807a7015e98
004d70023c018c380c0c0
003007fef80167e7f8540
7ff2b001ec006237f3b40
0022c005f97ff597fdc70
0050500265004d7002590
7fe7100095006587fdef0
7fa6e00bab001567fdb40
00145803f57ed2d806510
000240002aff2870116f8
7fc357ffc67fea0014070
7fae7002f30074200ca20
7fde80043d806740032c8
00007000250001d7fff10
7fb887fadc7fc72003070
7f24a7fc457fe5b005d60
001f60021281006010988
005650003001b71000950
0025b7fddd011287efa30
7ffff8022c8005aff24a8
0047b004bc7fe6b7fe520
005c6000408055b000258
7ff150011f004d17fb770
7ffe300cbc000177fd700
0030180312ff1c180db58
0006a0000c7fb580158d0
7fca38014b00779012c40
7fcba004bb00c34008550
7fff7004b20076d000030
0002f00023800367ffc08
7f9ea7fd417fe200042d0
7f2250026e00113805ff0
7ffcc003007fd67017060
003800044c011150159c0
00349000650179f002e10
7fe6e0015600aef7f7970
7ff5300661800727fda58
003860047500353004150
7fe777ffe780673000cd8
7f60280810001fcffe9a0
7ff990042b7ec5d7fdcc0
0002300035fec7280a0f8
7fcb17fe2bff634811888
7fa1d000800011700e950
7fc3e002fc00465005c90
7ffe50003d8001f000398
7fe1d7f9997fb968016f0
7f538ff6f27fc2c804b50
002880018b0138900c9b0
005587fedc81af37fa428
001d57fd5980cfb7ec1c8
000958020a7fd3c7f28d0
005718035effe11ffea98
005737fec5005277fee70
7ff1900169803987fa9a8
002c400cac7ff9b7fd9b8
7fdde802397efb7810920
00008005ae0002881b960
0026b0027b010db010c90
7fe120001d00db8000110
7fb9c80490001b1ffe7e0
0000e805a00001e005660
7fed6ffeec004b1804a10
7f31b8002a00270000080
00064002e500277017230
0044c0034f015880114a0
0031ffff8b017aaffd600
7fe8e001b1008947f53f0
000b800681fffba7fdb18
004878038700429803560
7fe700000b806857ff478
7f7d280a00001937fe130
000688041f7ec2f802190
00012000397ef0400e2f0
7fc547ff127fa500135e0
7fa73801ec0046080e060
7fd2f803c8005ab8049c0
000268002380037000108
7fcd47f9f07fbfc0023d0
7f3677f9547fd38805570
001720025600c46013be0
0053c0015201ae5006610
002d77fe63014577f3838
7ff9b00203003387f2990
0035880571ffecc7fe188
0057c0016a0055a0015d0
7fec4000f5005e17fc848
7fd2e00c90000b87fd570
0021880382feef580a478
000170001d7f6b0014130
7fc29800b70032f813f30
7fbb38043280a0b80abe8
7ff14804c4807248019a8
00053000260002d7ffd30
7fab17fbd57fd3d003aa0
7f1d37ff3bfffb6005fc8
7ff1c002c87f838015ec0
00272804ed00bef818ed0
003310010a01694007e10
7fe3d000c280c82ff9db8
7fde4005d7000ad7fd900
0025b804ed00215804be0
7fe657ff63006130024a0
7f446805898024a7ff058
7fea2003e37ed337f9660
7fffe0001d7ea89005730
7fd047fd627f27100ef60
7f9f67ff297fdc700e7c8
7fb8b00220002f9006970
7ffcd0003f00005000300
7ff937f94b7fb508005d0
7f7707f4aaffb2c003b00
000bd001d3002547ff4e0
003c50014e001817fc480
002327fea47ff047fe210
7ffae001be00137000210
003d500455002527fde00
0055f7ffbc7ffd77fdb90
7ff08001098003e800528
002b800c59002767ff8a0
014c000a60001177fdfc0
01940ff49f80009ffff88
00620fe90b00241800990
7f8117f514002327fe720
7fdd27fff70000d7ff540
003757fc6c0017a0016b0
7ff437fa46003117ffaa0
7fe4f7ff01000c97feed0
0012d003407ffe87ff4b0
002810012f002560010d0
7ffb40001b0034c7fedd0
7fe490039a800e27fe518
001d80053a00054000bf0
002940013a002710012b0
7fbfe0015f002737ff360
7fa0c00c31800627ff798
006fc0145e000ab0018b8
0163f00aee002848011e0
014c37f8f7801bb7ff5c8
0064e7f3537ffd5000610
7fe847fb7c000d50024b0
0025b0012b0027c0012e0
005657fe3f800f37ffaf8
0020b7fc26fff4b0018d8
0027c00292fff7a7ff800
002e8000138027d0001c8
7ffdf0002c0027c7fdb10
7fff4003f68000c7fe360
003e30040a00098000b20
002ff00016802c70002a0
7fd1c002d9001f97fe460
7ffc880d660001afff560
00ede00f6b801280012d0
018be00079002b30001c0
00fd17f0c6801577fedc8
000407f1c20001a000888
7fc96ffc88001d4801ca0
002858001e002d5800070
004137fc29800be7ff4d8
0001a7fbacffffd001c38
7ffb28039580019fff6a8
001d68023d001a98020f0
7ffc3ffffc00385800690
7fce800283001867fed30
7ff63805937ffef800ce8
001d500257001b10021e0
7fbea7ff990028d0004e0
7f5830086f0007f7ffa10
7fd9981554fffcd801b18
00f6201369801b3002328
015c90029c001d6000450
00b3a7f74afffb50004c8
000b77fb39fffbb0026c0
001ac801ea001a68022b0
0058980095000e9800380
003547fd5e7fea80013c0
00033001e2002557ffa90
0033e002368021a7fca60
002827ff5c7ff537fdfe0
7ff858019a00110000700
002c8804d9802a97fe850
00514000ec8005f7fdd88
7fed40010900045000600
0003500cad0028f7ffff0
0120d80e720017bffe290
01afd7fa5cffff67ffe60
00b057eb0f001f60010e0
7fad5ff38e00266ffeff0
7fde77ff440002afff658
004077fd2c80120001ba8
000847fa4400314000568
7fe9c7fe8d000ff7ff0e8
00066003827fffe7ff630
00234801c2002178018d0
7ffb00000b8036ffff7f8
7fd81003300010d7fe810
000b38059600004800ec0
0025d001bd0022a001ca0
7fbd000054002a07ffb78
7f76900a8700069fff790
002480157a0002f001a90
0136100f9700227001b30
015de7fd9c001cc7ffc40
008e77f4e8fffad000568
7ff7d7fb360003d0027b0
002028019500227001c10
0058b7ff60000fa7ffe80
002ac7fcb0ffee7001628
001c5002ec7ffad7ff6a0
002ac000b5002900009d0
7ffc9000420030e7fe210
7ff2e803f20006cffe110
00308804bb80050000b60
002e50009d00297000cd0
7fc7100222002537fed30
7fcd500d28800597ff678
00b4701264000ff0015a0
01833005cc002b2000950
012c6ff47800190fff0c0
003497f223fffef000758
7fd717fbf50015b002240
0028e000b5002cc000a80
004eaffd18000f6fff6c0
001167fbc37ffa2001940
7fedf003558003d7ff728
0013b0028500137802680
7ffb7fffe200379801280
7fc60001b5001dd7ff0d0
7fe1f0053f7ffc5000980
0013a0029d00122002500
7fc04ffe9b00260800c80
7f3be805dd000887ffad0
7f8cf0145cfff690018f8
00abc0167500134002780
014cb80757001c88008a0
00ce57f9d47ff9d800070
0019e7fb66fff0f002298
001160024a000ff802740
00545801df800cd8006a8
003df7fe2cffe6b000d90
000f500289fffc87ff498
003300011e00095000300
000f67ff670013c7ff3d0
7ff8b002d8000237fee60
003c48043a000108001b0
0041cfffcd00142fffef0
7fe3b00234000cd7fed60
002ed00cc6fffcb7ff928
0140b809eb000b4800750
017e87f52e00158fff718
005e87e9f0000387ff1b0
7f7ee7f4c5800230004e8
7fc8a7ffce00148000290
002a17fd41000d47ff2b0
7ff4c7fa527fff77fff40
7fd577fe4c000f8000b50
000cffffb300184fff9b0
001297fced000587ff5b0
7fea17fd8f00063000920
7ffad7ffe30018a0003e0
001717fea5000e17ff3b0
7ffdc7fd82ffffb000368
7ff1d7ff5d00121800f60
000e87ffca0018e7ffc00
000db7fe360003c7ffc60
7ff667fec1000a3001370
0003b0001580206000838
001437ff18000ef7ff5a0
00014ffe727fff8800e20
7ffb8fffc9001c1801a20
00109fffe500207fffc50
000d27feb9ffff7000338
0011700314001657ff7e8
0027a001100006e7ff040
7ffd18001a0000d800120
7fedc803a200117800550
002ba004b6001297ff540
002db800a500023fff720
7fcbe802640005d800750
7fe8300d49001450001d0
00e2001019800be7ff520
018c1000737fffd000060
00f0bff00e000c5800b80
7feee7f1e0001527ffe20
7fc39ffd058005d7ff828
0026bfff890001a000950
002dd7fb6c00136000bd0
7fee7ffc0d00132fff9f0
7ff727ffb3000087ffcd0
002307ff210004d000fc0
00119ffd14001628009d0
7ff3dffe8c000cefffaa0
000ae800397ffe9800790
001ecffed6000da801540
00067ffdfe00191800480
7ffc07ff980005a7ffbe0
0013f0000f7ffe90011e0
001647feaa8014f001718
7fffb7fecf0015c0000d8
00040000347ffda000540
001817ffd400054001f60
000f17febd001e40014a0
7fff27ff74800cc7ffd90
000b9000557ff440016e0
0004c802b27ffe6fff300
002ce001df80070000570
0011b7ffbb801677ffa08
7ff07802b00007e7feea0
002c9004df000007fffa8
003fe000ac00116000408
7fdc4001d1001107ff380
0001f80d2200015fff8b0
0116d00e02000a0800700
019ab7faa3001527ffba0
00a977ebc60006e7ff490
7faa07f33d00036000510
7fca47fef400143000500
003107fddb000f77ff520
0007e7fa5a800067ffe98
7fdca7fdc8800d2000c48
000dc7ffd5801797ffd38
001b87fd35000627ff710
7ff157fd5c0003e000a20
7ffaa7ffef00166000810
001c17ff13000e87ff720
000777fd8c7ffe80004c8
7ff4a7ff2d000fb001330
000f2000018019d7fffd8
00143ffe6d800387ffbb8
7ffb07fe9c000460014a0
0002b00020001cb000ee0
0016c7ff6d000fa7ff920
00072ffe827ffb8000e40
7ffc9fffb680156802040
0010d0001f00207000380
0011d7fee4fffe20002a0
0005200321001737ffcb0
002120018c0009a7ff290
7ffbe000190000b000290
7fe1b0035100114000a10
001a70052600161fff950
0029b0012b8004a7ff718
7fc2d80198000438008a0
7fb8a00cbb8014b0006d0
00a4b812f0000fbfff740
0182f005df800047ffec8
012377f3a10008f000d70
001f67f1ee00153000360
7fce87fc5a000897ff9b0
002880002a800060008a8
003e47fc2500106800f30
7ffd37fbdd801437ffe58
7ff907ff968001d7ffd38
0026b7ff9500025001080
001c1ffd3f8014c800e18
7ff7d7fe47800f07ffc98
00079800597ffd68005d0
0020c7ff5b0008b001720
000d3ffe350017f8009e0
7ffe17ff99800787ffce0
00142000557ffbd001050
001aaffef480107801a08
000317fece001600003e0
000248004f7ffca800268
0018700040fffd4001e38
001477ff0280185001a58
000217ff6e000d67fffe0
000a5000727fefd001220
00106002cf7ffef7ffbb0
002db0010700055000170
000657ffc3000917ffa40
7ff798034d00011fff8b0
003ae0042800016000120
003857ffde00097fffef0
7fde7802b800053fff7c0
0030000ce4fffed7ffe20
013a1009b18006b000398
0173d7f580000ab7ffae0
005d47ea64000147ff8c0
7f7e07f49a8000e0002b0
7fbdffffb6800aa800178
002267fdb80007b7ff890
7ff4dffa7bffffefffd68
7fcf07fe0e000670003e0
0001a7fff0800b57ffc28
000fe7fd5c0002b7ff910
7fe897fd6d80018000218
7ff077ffd1000a6000120
001017ff1a000707ff8b0
7ffed7fda1fffef7ffe10
7fec47ff0800059000550
000377ffec000b17ffde0
000b1ffe8a80029fffab8
7ff4e7fe7f80018000418
7ff8b7ffe1000b0000350
000c2fff7300080fffa50
0001a7fe787fffa7fffa0
7ff4e7ff558006a000738
0003f7fff3000cb7fff20
000987ff028003a7ffb70
7ffa37fef200025000570
7ffca7ffe7000cb000490
000a67ff97000967ffa60
000277fee2ffffc000038
7ff977ff8d000798008e0
000587fff7800eaffff78
000917ff2d0003c7ffa90
7ffbcfff2b0000e800670
7ffe580004000cf000710
000affffb9000a97ffb90
0003efff0b7fff9800100
7ffae7ff9e00075000b08
0005600011000f2000180
0009e7ff5f000367ffcc0
7ffe27ff4600015000ae0
7fff10000980107000ab8
000adfffdd000d77ffbe0
000647ff367fff4000250
7ffda7ff9c00089000f60
0005880004001318003a0
0009bfff7180045fffc98
7fff77ff5100004000e50
7fff17fffc80131000f98
000907ffea800fe7ffd58
0005f7ff637ffdd000630
7fff27ffb5000b1001820
0005e80009001a78007b0
000947ff890005b7ffd10
000047ff737fff48016f0
000098000a001b8001980
0009c7ffec0016b7ffd90
000627ff67fff95000cc0
0004f002e9ffffd7ffc88
00279801a880054800370
0006e7ffed800ad7ffce0
7fed20031f800357ff908
002b4804cc80014800128
003670009600097000160
7fd490023a0007b7ff970
0001b00d50000047ffd20
0111780dc8000558003a0
019057facd800a67ffd58
00a697ec238002e7ffa28
7fa89ff31500016800280
7fc057fed20009f000220
002997fe3d800777ff9d8
000877fa747fff77ffe70
7fd717fd6b000590005d0
000217ffed000bb7ffe88
001847fd91000347ffa40
7ff097fd210000c0003b0
7fefd7ffa9000ad000460
001277ff700009a7ffa30
0007bffdbb7fffbfffd10
7ff0cffecd0003d800600
000447fff9000ae000090
001077feb20003d7ffbb0
7ffa27fe580000e000440
7ff8a7ffcc000a1000540
000e17ffae8008b7ffbe8
0007f7fe87ffff3ffffa8
7ff7f7ff270004a0008f8
0003fffff8000cd800270
000cbfff2300051fffc20
7ffd97fede8000e000518
7ffc97ffe4000a7000730
000c77ffc9000a07ffd80
0007affee100003800090
7ffa97ff5a00057000a00
0003d0000e000d9000330
000c07ff68000507ffd00
000067ff170000f000740
7ffdffffde800c1000918
0009f7ffdf000b37ffdb0
000747ff337fffa000160
7ffdb7ff890005b000c80
000518000b000f1800450
000b17ff7d000467ffd50
0000e7ff427fff8000a70
7fff37fff3800df000d10
000a2fffef000d6fffe40
0007c7ff4a7ffe6000270
7ffe67ff9080058001118
000428000f00123800720
0009f7ff9e000497ffd40
00017fff647ffd0800e90
7fffa7fff980101001398
0008dffffc0010f800020
0006d7ff727ffcb000498
7ffed7ffb480059001958
000460002600185000c80
0009c7ffbd0005e7ffd50
000217ff897ff970015b0
0000a000150014d001ef0
00099000128016e000258
00079fff8afff688009f8
000aa802dc0005bffff30
002af001500002c7ffb70
000697ffd5ffffc7ffed8
7ff4380340000360000d0
0036c00455000427ffd30
0037c00004000097ffda0
7fdc6002a9000220000f0
002b080cff0004ffffe60
0138a009f0000177ffc18
01741ff5797fffb800070
0058d7ea4c00047000180
7f7957f4ce0004b7ffcc0
7fbdc7ffdf000037ffd80
002087fd9e0001e0001a0
7fef77fa8a80056ffff10
7fccfffe4880020fffc58
00018fffe900001800070
000b27fd428004c000198
7fe387fd9f000517ffce0
7fefc7fffc0000b7ffd50
000e17ff0800020000120
7ff9d7fdb5800507ffec0
7feab7ff3f000197ffc90
000367ffe1000010000b0
000697fe7100048000190
7ff06ffead80047fffd20
7ff86fffff00004fffe20
000a17ff54000220001f0
7ffc77fe82000537fff60
7ff2f7ff830001f7ffd30
000347ffe10000b000120
00049ffeeb0004e800178
7ff5d7ff20800467ffd18
7ffc87fffe000027ffe90
00081fff6f00024800280
7ffcf7fee5000587fffd0
7ff707ffb3800277ffd98
000447ffe8000140000f8
000457ff1c0004c000110
7ff817ff500003c7ffdb0
7ffdc000060000a7fffe0
000747ff908003b000288
7ffe57ff1f000597ffec0
7ff9a7ffc2000147ffdc0
000437ffe7000130002a0
0003c7ff43000620001c0
7ff9e7ff74000447ffd20
7fff00000800001000010
0006e7ffa00003f8003d0
7fff3fff4080070ffff58
7ffb47ffc7800267ffd48
0003e7ffe50001b0001f0
000367ff5e80065800130
7ffb3fff8800043fffc90
7fff4800007fffcffffc0
00055fffb00003a8003b0
7fff4fff6e0006affff50
7ffd27ffdd800207ffd78
000477ffe500017000240
000327ff7300062000160
7ffc8fffa30003bfffd00
0000f800017fffa000090
0005b7ffaa00041000420
7fff87ff758006a7fff20
7ffdc7ffdf000137ffdc0
000457ffe080010000368
0002b7ff7d00066000270
7ffcf7ffaf000427ffdc0
000137fffe00003000140
0004dfffab0004a000440
7ffed7ff89000677fff30
7ffdfffff30000dfffef0
00049fffed000218004c0
0002efff8b0007c800230
7ffd77ffbb0003d7ffd10
00017000057fff7000260
0004efffbb0005c0005d0
7fffc7ff9b8007f7ffed8
7fff57fff400009fffe30
0004f7ffe500018000590
0002c7ff8f00089000330
7ffe17ffc30004a7ffce0
000247ffff7fff4000230
0004b7ffac0005b000660
7ffeb7ff97800857fff38
7ffe47fffe0000b7ffe30
000467fff7800130005d8
0002e7ffa3000830003b0
7ffe77ffcf80042fffdc0
0002400007ffff40003a0
0004a7ffc100066000740
7fffc7ffb0000857fff50
7ffff00003ffffb7fff68
000537ffef00017000850
0002f7ffa00009c000520
7ffeafffd30004ffffe40
0002a0000a7fffb0004d0
000517ffc10007a000880
000027ffac000947fffa0
7ffffffffd7fffc800060
0004e7ffed8002b800a08
0002ffffa5000bb000528
7ffeffffd00004cfffd90
00022800007ffec000670
000407ffc68008f000aa8
7ffff7ffbc000aa7fffd0
00005000007fff4800100
000447ffeb00031000c60
0001f7ffb5000d3000630
7fff27ffe9800447ffe28
000320000d7ffe3000a10
000487ffc9000bf000e28
000037ffc3000d47fffb0
0000d000057ffe7000200
000497ffeb800400010a8
000207ffb900111000810
7fff9fffef0004c7ffda0
0003800008fffcc000dc8
000427ffc5800ef001340
7fffb7ffcc00103000098
00010000137ffcd000500
0004f7fff200062001900
000227ffbe00185800bd0
7fffc7fff80005f7ffd90
0003f800107ffb50015f0
000487ffc900170001cf0
000007ffd10016b000080
00018000187ff7d000b40
000000000000000000000
000000000000000000000
000000000000000000000
000000000000000000000
000000000000000000000
000000000000000000000
000000000000000000000
000000000000000000000
000000000000000000000
000000000000000000000
000000000000000000000
000000000000000000000
000000000000000000000
000000000000000000000
000000000000000000000
000000000000000000000
000000000000000000000
000000000000000000000
000000000000000000000
000000000000000000000
000000000000000000000
000000000000000000000
000000000000000000000
000000000000000000000
000000000000000000000
000000000000000000000
000000000000000000000
000000000000000000000
000000000000000000000
000000000000000000000
000000000000000000000
000000000000000000000
000000000000000000000
000000000000000000000
000000000000000000000
000000000000000000000
000000000000000000000
000000000000000000000
000000000000000000000
000000000000000000000
000000000000000000000
000000000000000000000
000000000000000000000
000000000000000000000
000000000000000000000
000000000000000000000
000000000000000000000
000000000000000000000
000000000000000000000
000000000000000000000
000000000000000000000
000000000000000000000
000000000000000000000
000000000000000000000
000000000000000000000
000000000000000000000
000000000000000000000
000000000000000000000
000000000000000000000
000000000000000000000
000000000000000000000
000000000000000000000
000000000000000000000
000000000000000000000
000000000000000000000
000000000000000000000
000000000000000000000
000000000000000000000
000000000000000000000
000000000000000000000
000000000000000000000
000000000000000000000
000000000000000000000
000000000000000000000
000000000000000000000
000000000000000000000
000000000000000000000
000000000000000000000
000000000000000000000
000000000000000000000
000000000000000000000
000000000000000000000
000000000000000000000
000000000000000000000
000000000000000000000
000000000000000000000
000000000000000000000
000000000000000000000
000000000000000000000
000000000000000000000
000000000000000000000
000000000000000000000
000000000000000000000
000000000000000000000
000000000000000000000
000000000000000000000
000000000000000000000
000000000000000000000
000000000000000000000
000000000000000000000
000000000000000000000
000000000000000000000
000000000000000000000
000000000000000000000
000000000000000000000
000000000000000000000
000000000000000000000
000000000000000000000
000000000000000000000
000000000000000000000
000000000000000000000
000000000000000000000
000000000000000000000
000000000000000000000
000000000000000000000
000000000000000000000
000000000000000000000
000000000000000000000
000000000000000000000
000000000000000000000
000000000000000000000
000000000000000000000
000000000000000000000
000000000000000000000
000000000000000000000
000000000000000000000
000000000000000000000
000000000000000000000
000000000000000000000
000000000000000000000
000000000000000000000
000000000000000000000
000000000000000000000
000000000000000000000
000000000000000000000
000000000000000000000
000000000000000000000
000000000000000000000
000000000000000000000
000000000000000000000
000000000000000000000
000000000000000000000
000000000000000000000
000000000000000000000
000000000000000000000
000000000000000000000
000000000000000000000
000000000000000000000
000000000000000000000
000000000000000000000
000000000000000000000
000000000000000000000
000000000000000000000
000000000000000000000
000000000000000000000
000000000000000000000
000000000000000000000
000000000000000000000
000000000000000000000
000000000000000000000
000000000000000000000
000000000000000000000
000000000000000000000
000000000000000000000
000000000000000000000
000000000000000000000
000000000000000000000
000000000000000000000
000000000000000000000
000000000000000000000
000000000000000000000
000000000000000000000
000000000000000000000
000000000000000000000
000000000000000000000
000000000000000000000
000000000000000000000
000000000000000000000
000000000000000000000
000000000000000000000
000000000000000000000
000000000000000000000
000000000000000000000
000000000000000000000
000000000000000000000
000000000000000000000
000000000000000000000
000000000000000000000
000000000000000000000
000000000000000000000
000000000000000000000
000000000000000000000
000000000000000000000
000000000000000000000
000000000000000000000
000000000000000000000
000000000000000000000
000000000000000000000
000000000000000000000
000000000000000000000
000000000000000000000
000000000000000000000
000000000000000000000
000000000000000000000
000000000000000000000
000000000000000000000
000000000000000000000
000000000000000000000
000000000000000000000
000000000000000000000
000000000000000000000
000000000000000000000
000000000000000000000
000000000000000000000
000000000000000000000
000000000000000000000
000000000000000000000
000000000000000000000
000000000000000000000
000000000000000000000
000000000000000000000
000000000000000000000
000000000000000000000
000000000000000000000
000000000000000000000
000000000000000000000
000000000000000000000
000000000000000000000
000000000000000000000
000000000000000000000
000000000000000000000
000000000000000000000
000000000000000000000
000000000000000000000
000000000000000000000
000000000000000000000
000000000000000000000
000000000000000000000
000000000000000000000
000000000000000000000
000000000000000000000
000000000000000000000
000000000000000000000
000000000000000000000
000000000000000000000
000000000000000000000
000000000000000000000
000000000000000000000
000000000000000000000
000000000000000000000
000000000000000000000
000000000000000000000
000000000000000000000
000000000000000000000
000000000000000000000
000000000000000000000
000000000000000000000
000000000000000000000
000000000000000000000
000000000000000000000
000000000000000000000
000000000000000000000
000000000000000000000
000000000000000000000
000000000000000000000
000000000000000000000
000000000000000000000
000000000000000000000
000000000000000000000
000000000000000000000
000000000000000000000
000000000000000000000
000000000000000000000
000000000000000000000
000000000000000000000
000000000000000000000
000000000000000000000
000000000000000000000
000000000000000000000
000000000000000000000
000000000000000000000
000000000000000000000
000000000000000000000
000000000000000000000
000000000000000000000
000000000000000000000
000000000000000000000
000000000000000000000
000000000000000000000
000000000000000000000
000000000000000000000
000000000000000000000
000000000000000000000
000000000000000000000
000000000000000000000
000000000000000000000
000000000000000000000
000000000000000000000
000000000000000000000
000000000000000000000
000000000000000000000
000000000000000000000
000000000000000000000
000000000000000000000
000000000000000000000
000000000000000000000
000000000000000000000
000000000000000000000
000000000000000000000
000000000000000000000
000000000000000000000
000000000000000000000
000000000000000000000
000000000000000000000
000000000000000000000
000000000000000000000
000000000000000000000
000000000000000000000
000000000000000000000
000000000000000000000
000000000000000000000
000000000000000000000
000000000000000000000
000000000000000000000
000000000000000000000
000000000000000000000
000000000000000000000
000000000000000000000
000000000000000000000
000000000000000000000
000000000000000000000
000000000000000000000
000000000000000000000
000000000000000000000
000000000000000000000
000000000000000000000
000000000000000000000
000000000000000000000
000000000000000000000
000000000000000000000
000000000000000000000
000000000000000000000
000000000000000000000
000000000000000000000
000000000000000000000
000000000000000000000
000000000000000000000
000000000000000000000
000000000000000000000
000000000000000000000
000000000000000000000
000000000000000000000
000000000000000000000
000000000000000000000
000000000000000000000
000000000000000000000
000000000000000000000
000000000000000000000
000000000000000000000
000000000000000000000
000000000000000000000
000000000000000000000
000000000000000000000
000000000000000000000
000000000000000000000
000000000000000000000
000000000000000000000
000000000000000000000
000000000000000000000
000000000000000000000
000000000000000000000
000000000000000000000
000000000000000000000
000000000000000000000
000000000000000000000
000000000000000000000
000000000000000000000
000000000000000000000
000000000000000000000
000000000000000000000
000000000000000000000
000000000000000000000
000000000000000000000
000000000000000000000
000000000000000000000
000000000000000000000
000000000000000000000
000000000000000000000
000000000000000000000
000000000000000000000
000000000000000000000
000000000000000000000
000000000000000000000
000000000000000000000
000000000000000000000
000000000000000000000
000000000000000000000
000000000000000000000
000000000000000000000
000000000000000000000
000000000000000000000
000000000000000000000
000000000000000000000
000000000000000000000
000000000000000000000
000000000000000000000
000000000000000000000
000000000000000000000
000000000000000000000
000000000000000000000
000000000000000000000
000000000000000000000
000000000000000000000
000000000000000000000
000000000000000000000
000000000000000000000
000000000000000000000
000000000000000000000
000000000000000000000
000000000000000000000
000000000000000000000
000000000000000000000
000000000000000000000
000000000000000000000
000000000000000000000
000000000000000000000
000000000000000000000
000000000000000000000
000000000000000000000
000000000000000000000
000000000000000000000
000000000000000000000
000000000000000000000
000000000000000000000
000000000000000000000
000000000000000000000
000000000000000000000
000000000000000000000
000000000000000000000
000000000000000000000
000000000000000000000
000000000000000000000
000000000000000000000
000000000000000000000
000000000000000000000
000000000000000000000
000000000000000000000
000000000000000000000
000000000000000000000
000000000000000000000
000000000000000000000
000000000000000000000
000000000000000000000
000000000000000000000
000000000000000000000
000000000000000000000
000000000000000000000
000000000000000000000
000000000000000000000
000000000000000000000
000000000000000000000
000000000000000000000
000000000000000000000
000000000000000000000
000000000000000000000
000000000000000000000
000000000000000000000
000000000000000000000
000000000000000000000
000000000000000000000
000000000000000000000
000000000000000000000
000000000000000000000
000000000000000000000
000000000000000000000
000000000000000000000
000000000000000000000
000000000000000000000
000000000000000000000
000000000000000000000
000000000000000000000
000000000000000000000
000000000000000000000
000000000000000000000
000000000000000000000
000000000000000000000
000000000000000000000
000000000000000000000
000000000000000000000
000000000000000000000
000000000000000000000
000000000000000000000
000000000000000000000
000000000000000000000
000000000000000000000
000000000000000000000
000000000000000000000
000000000000000000000
000000000000000000000
000000000000000000000
000000000000000000000
000000000000000000000
000000000000000000000
000000000000000000000
000000000000000000000
000000000000000000000
000000000000000000000
000000000000000000000
000000000000000000000
000000000000000000000
000000000000000000000
000000000000000000000
000000000000000000000
000000000000000000000
000000000000000000000
000000000000000000000
000000000000000000000
000000000000000000000
000000000000000000000
000000000000000000000
000000000000000000000
000000000000000000000
000000000000000000000
000000000000000000000
000000000000000000000
000000000000000000000
000000000000000000000
000000000000000000000
000000000000000000000
000000000000000000000
000000000000000000000
000000000000000000000
000000000000000000000
000000000000000000000
000000000000000000000
000000000000000000000
000000000000000000000
000000000000000000000
000000000000000000000
000000000000000000000
000000000000000000000
000000000000000000000
000000000000000000000
000000000000000000000
000000000000000000000
000000000000000000000
000000000000000000000
000000000000000000000
000000000000000000000
000000000000000000000
000000000000000000000
000000000000000000000
000000000000000000000
000000000000000000000
000000000000000000000
000000000000000000000
000000000000000000000
000000000000000000000
000000000000000000000
000000000000000000000
000000000000000000000
000000000000000000000
000000000000000000000
000000000000000000000
000000000000000000000
000000000000000000000
000000000000000000000
000000000000000000000
000000000000000000000
000000000000000000000
000000000000000000000
000000000000000000000
000000000000000000000
000000000000000000000
000000000000000000000
000000000000000000000
000000000000000000000
000000000000000000000
000000000000000000000
000000000000000000000
000000000000000000000
000000000000000000000
000000000000000000000
000000000000000000000
000000000000000000000
000000000000000000000
000000000000000000000
000000000000000000000
000000000000000000000
000000000000000000000
000000000000000000000
000000000000000000000
000000000000000000000
000000000000000000000
000000000000000000000
000000000000000000000
000000000000000000000
000000000000000000000
000000000000000000000
000000000000000000000
000000000000000000000
000000000000000000000
000000000000000000000
000000000000000000000
000000000000000000000
000000000000000000000
000000000000000000000
000000000000000000000
000000000000000000000
000000000000000000000
000000000000000000000
000000000000000000000
000000000000000000000
000000000000000000000
000000000000000000000
000000000000000000000
000000000000000000000
000000000000000000000
000000000000000000000
000000000000000000000
000000000000000000000
000000000000000000000
000000000000000000000
000000000000000000000
000000000000000000000
000000000000000000000
000000000000000000000
000000000000000000000
000000000000000000000
000000000000000000000
000000000000000000000
000000000000000000000
000000000000000000000
000000000000000000000
000000000000000000000
000000000000000000000
000000000000000000000
000000000000000000000
000000000000000000000
000000000000000000000
000000000000000000000
000000000000000000000
000000000000000000000
000000000000000000000
000000000000000000000
000000000000000000000
000000000000000000000
000000000000000000000
000000000000000000000
000000000000000000000
000000000000000000000
000000000000000000000
000000000000000000000
000000000000000000000
000000000000000000000
000000000000000000000
000000000000000000000
000000000000000000000
000000000000000000000
000000000000000000000
000000000000000000000
000000000000000000000
000000000000000000000
000000000000000000000
000000000000000000000
000000000000000000000
000000000000000000000
000000000000000000000
000000000000000000000
000000000000000000000
000000000000000000000
000000000000000000000
000000000000000000000
000000000000000000000
000000000000000000000
000000000000000000000
000000000000000000000
000000000000000000000
000000000000000000000
000000000000000000000
000000000000000000000
000000000000000000000
000000000000000000000
000000000000000000000
000000000000000000000
000000000000000000000
000000000000000000000
000000000000000000000
000000000000000000000
000000000000000000000
000000000000000000000
000000000000000000000
000000000000000000000
000000000000000000000
000000000000000000000
000000000000000000000
000000000000000000000
000000000000000000000
000000000000000000000
000000000000000000000
000000000000000000000
000000000000000000000
000000000000000000000
000000000000000000000
000000000000000000000
000000000000000000000
000000000000000000000
000000000000000000000
000000000000000000000
000000000000000000000
000000000000000000000
000000000000000000000
000000000000000000000
000000000000000000000
000000000000000000000
000000000000000000000
000000000000000000000
000000000000000000000
000000000000000000000
000000000000000000000
000000000000000000000
000000000000000000000
000000000000000000000
000000000000000000000
000000000000000000000
000000000000000000000
000000000000000000000
000000000000000000000
000000000000000000000
000000000000000000000
000000000000000000000
000000000000000000000
000000000000000000000
000000000000000000000
000000000000000000000
000000000000000000000
000000000000000000000
000000000000000000000
000000000000000000000
000000000000000000000
000000000000000000000
000000000000000000000
000000000000000000000
000000000000000000000
000000000000000000000
000000000000000000000
000000000000000000000
000000000000000000000
000000000000000000000
000000000000000000000
000000000000000000000
000000000000000000000
000000000000000000000
000000000000000000000
000000000000000000000
000000000000000000000
000000000000000000000
000000000000000000000
000000000000000000000
000000000000000000000
000000000000000000000
000000000000000000000
000000000000000000000
000000000000000000000
000000000000000000000
000000000000000000000
000000000000000000000
000000000000000000000
000000000000000000000
000000000000000000000
000000000000000000000
000000000000000000000
000000000000000000000
000000000000000000000
000000000000000000000
000000000000000000000
000000000000000000000
000000000000000000000
000000000000000000000
000000000000000000000
000000000000000000000
000000000000000000000
000000000000000000000
000000000000000000000
000000000000000000000
000000000000000000000
000000000000000000000
000000000000000000000
000000000000000000000
000000000000000000000
000000000000000000000
000000000000000000000
000000000000000000000
000000000000000000000
000000000000000000000
000000000000000000000
000000000000000000000
000000000000000000000
000000000000000000000
000000000000000000000
000000000000000000000
000000000000000000000
000000000000000000000
000000000000000000000
000000000000000000000
000000000000000000000
000000000000000000000
000000000000000000000
000000000000000000000
000000000000000000000
000000000000000000000
000000000000000000000
000000000000000000000
000000000000000000000
000000000000000000000
000000000000000000000
000000000000000000000
000000000000000000000
000000000000000000000
000000000000000000000
000000000000000000000
000000000000000000000
000000000000000000000
000000000000000000000
000000000000000000000
000000000000000000000
000000000000000000000
000000000000000000000
000000000000000000000
000000000000000000000
000000000000000000000
000000000000000000000
000000000000000000000
000000000000000000000
000000000000000000000
000000000000000000000
000000000000000000000
000000000000000000000
000000000000000000000
000000000000000000000
000000000000000000000
000000000000000000000
000000000000000000000
000000000000000000000
000000000000000000000
000000000000000000000
000000000000000000000
000000000000000000000
000000000000000000000
000000000000000000000
000000000000000000000
000000000000000000000
000000000000000000000
000000000000000000000
000000000000000000000
000000000000000000000
000000000000000000000
000000000000000000000
000000000000000000000
000000000000000000000
000000000000000000000
000000000000000000000
000000000000000000000
000000000000000000000
000000000000000000000
000000000000000000000
000000000000000000000
000000000000000000000
000000000000000000000
000000000000000000000
000000000000000000000
000000000000000000000
000000000000000000000
000000000000000000000
000000000000000000000
000000000000000000000
000000000000000000000
000000000000000000000
000000000000000000000
000000000000000000000
000000000000000000000
000000000000000000000
000000000000000000000
000000000000000000000
000000000000000000000
000000000000000000000
000000000000000000000
000000000000000000000
000000000000000000000
000000000000000000000
000000000000000000000
000000000000000000000
000000000000000000000
000000000000000000000
000000000000000000000
000000000000000000000
000000000000000000000
000000000000000000000
000000000000000000000
000000000000000000000
000000000000000000000
000000000000000000000
000000000000000000000
000000000000000000000
000000000000000000000
000000000000000000000
000000000000000000000
000000000000000000000
000000000000000000000
000000000000000000000
000000000000000000000
000000000000000000000
000000000000000000000
000000000000000000000
000000000000000000000
000000000000000000000
000000000000000000000
000000000000000000000
000000000000000000000
000000000000000000000
000000000000000000000
000000000000000000000
000000000000000000000
000000000000000000000
000000000000000000000
000000000000000000000
000000000000000000000
000000000000000000000
000000000000000000000
000000000000000000000
000000000000000000000
000000000000000000000
000000000000000000000
000000000000000000000
000000000000000000000
000000000000000000000
000000000000000000000
000000000000000000000
000000000000000000000
000000000000000000000
000000000000000000000
000000000000000000000
000000000000000000000
000000000000000000000
000000000000000000000
000000000000000000000
000000000000000000000
000000000000000000000
000000000000000000000
000000000000000000000
000000000000000000000
000000000000000000000
000000000000000000000
000000000000000000000
000000000000000000000
000000000000000000000
000000000000000000000
000000000000000000000
000000000000000000000
000000000000000000000
000000000000000000000
000000000000000000000
000000000000000000000
000000000000000000000
000000000000000000000
000000000000000000000
000000000000000000000
000000000000000000000
000000000000000000000
000000000000000000000
000000000000000000000
000000000000000000000
000000000000000000000
000000000000000000000
000000000000000000000
000000000000000000000
000000000000000000000
000000000000000000000
000000000000000000000
000000000000000000000
000000000000000000000
000000000000000000000
000000000000000000000
000000000000000000000
000000000000000000000
000000000000000000000
000000000000000000000
000000000000000000000
000000000000000000000
000000000000000000000
000000000000000000000
000000000000000000000
000000000000000000000
000000000000000000000
000000000000000000000
000000000000000000000
000000000000000000000
000000000000000000000
000000000000000000000
000000000000000000000
000000000000000000000
000000000000000000000
000000000000000000000
000000000000000000000
000000000000000000000
000000000000000000000
000000000000000000000
000000000000000000000
000000000000000000000
000000000000000000000
000000000000000000000
000000000000000000000
000000000000000000000
000000000000000000000
000000000000000000000
000000000000000000000
000000000000000000000
000000000000000000000
000000000000000000000
000000000000000000000
000000000000000000000
000000000000000000000
000000000000000000000
000000000000000000000
000000000000000000000
000000000000000000000
000000000000000000000
000000000000000000000
000000000000000000000
000000000000000000000
000000000000000000000
000000000000000000000
000000000000000000000
000000000000000000000
000000000000000000000
000000000000000000000
000000000000000000000
000000000000000000000
000000000000000000000
000000000000000000000
000000000000000000000
000000000000000000000
000000000000000000000
000000000000000000000
000000000000000000000
000000000000000000000
000000000000000000000
000000000000000000000
000000000000000000000
000000000000000000000
000000000000000000000
000000000000000000000
000000000000000000000
000000000000000000000
000000000000000000000
000000000000000000000
000000000000000000000
000000000000000000000
000000000000000000000
000000000000000000000
000000000000000000000
000000000000000000000
000000000000000000000
000000000000000000000
000000000000000000000
000000000000000000000
000000000000000000000
000000000000000000000
000000000000000000000
000000000000000000000
000000000000000000000
000000000000000000000
000000000000000000000
000000000000000000000
000000000000000000000
000000000000000000000
000000000000000000000
000000000000000000000
000000000000000000000
000000000000000000000
000000000000000000000
000000000000000000000
000000000000000000000
000000000000000000000
000000000000000000000
000000000000000000000
000000000000000000000
000000000000000000000
000000000000000000000
000000000000000000000
000000000000000000000
000000000000000000000
000000000000000000000
000000000000000000000
000000000000000000000
000000000000000000000
000000000000000000000
000000000000000000000
000000000000000000000
000000000000000000000
000000000000000000000
000000000000000000000
000000000000000000000
000000000000000000000
000000000000000000000
000000000000000000000
000000000000000000000
000000000000000000000
000000000000000000000
000000000000000000000
000000000000000000000
000000000000000000000
000000000000000000000
000000000000000000000
000000000000000000000
000000000000000000000
000000000000000000000
000000000000000000000
000000000000000000000
000000000000000000000
000000000000000000000
000000000000000000000
000000000000000000000
000000000000000000000
000000000000000000000
000000000000000000000
000000000000000000000
000000000000000000000
000000000000000000000
000000000000000000000
000000000000000000000
000000000000000000000
000000000000000000000
000000000000000000000
000000000000000000000
000000000000000000000
000000000000000000000
000000000000000000000
000000000000000000000
000000000000000000000
000000000000000000000
000000000000000000000
000000000000000000000
000000000000000000000
000000000000000000000
000000000000000000000
000000000000000000000
000000000000000000000
000000000000000000000
000000000000000000000
000000000000000000000
000000000000000000000
000000000000000000000
000000000000000000000
000000000000000000000
000000000000000000000
000000000000000000000
000000000000000000000
000000000000000000000
000000000000000000000
000000000000000000000
000000000000000000000
000000000000000000000
000000000000000000000
000000000000000000000
000000000000000000000
000000000000000000000
000000000000000000000
000000000000000000000
000000000000000000000
000000000000000000000
000000000000000000000
000000000000000000000
000000000000000000000
000000000000000000000
000000000000000000000
000000000000000000000
000000000000000000000
000000000000000000000
000000000000000000000
000000000000000000000
000000000000000000000
000000000000000000000
000000000000000000000
000000000000000000000
000000000000000000000
000000000000000000000
000000000000000000000
000000000000000000000
000000000000000000000
000000000000000000000
000000000000000000000
000000000000000000000
000000000000000000000
000000000000000000000
000000000000000000000
000000000000000000000
000000000000000000000
000000000000000000000
000000000000000000000
000000000000000000000
000000000000000000000
000000000000000000000
000000000000000000000
000000000000000000000
000000000000000000000
000000000000000000000
000000000000000000000
000000000000000000000
000000000000000000000
000000000000000000000
000000000000000000000
000000000000000000000
000000000000000000000
000000000000000000000
000000000000000000000
000000000000000000000
000000000000000000000
000000000000000000000
000000000000000000000
000000000000000000000
000000000000000000000
000000000000000000000
000000000000000000000
000000000000000000000
000000000000000000000
000000000000000000000
000000000000000000000
000000000000000000000
000000000000000000000
000000000000000000000
000000000000000000000
000000000000000000000
000000000000000000000
000000000000000000000
000000000000000000000
000000000000000000000
000000000000000000000
000000000000000000000
000000000000000000000
000000000000000000000
000000000000000000000
000000000000000000000
000000000000000000000
000000000000000000000
000000000000000000000
000000000000000000000
000000000000000000000
000000000000000000000
000000000000000000000
000000000000000000000
000000000000000000000
000000000000000000000
000000000000000000000
000000000000000000000
000000000000000000000
000000000000000000000
000000000000000000000
000000000000000000000
000000000000000000000
000000000000000000000
000000000000000000000
000000000000000000000
000000000000000000000
000000000000000000000
000000000000000000000
000000000000000000000
000000000000000000000
000000000000000000000
000000000000000000000
000000000000000000000
000000000000000000000
000000000000000000000
000000000000000000000
000000000000000000000
000000000000000000000
000000000000000000000
000000000000000000000
000000000000000000000
000000000000000000000
000000000000000000000
000000000000000000000
000000000000000000000
000000000000000000000
000000000000000000000
000000000000000000000
000000000000000000000
000000000000000000000
000000000000000000000
000000000000000000000
000000000000000000000
000000000000000000000
000000000000000000000
000000000000000000000
000000000000000000000
000000000000000000000
000000000000000000000
000000000000000000000
000000000000000000000
000000000000000000000
000000000000000000000
000000000000000000000
000000000000000000000
000000000000000000000
000000000000000000000
000000000000000000000
000000000000000000000
000000000000000000000
000000000000000000000
000000000000000000000
000000000000000000000
000000000000000000000
000000000000000000000
000000000000000000000
000000000000000000000
000000000000000000000
000000000000000000000
000000000000000000000
000000000000000000000
000000000000000000000
000000000000000000000
000000000000000000000
000000000000000000000
000000000000000000000
000000000000000000000
000000000000000000000
000000000000000000000
000000000000000000000
000000000000000000000
000000000000000000000
000000000000000000000
000000000000000000000
000000000000000000000
000000000000000000000
000000000000000000000
000000000000000000000
000000000000000000000
000000000000000000000
000000000000000000000
000000000000000000000
000000000000000000000
000000000000000000000
000000000000000000000
000000000000000000000
000000000000000000000
000000000000000000000
000000000000000000000
000000000000000000000
000000000000000000000
000000000000000000000
000000000000000000000
000000000000000000000
000000000000000000000
000000000000000000000
000000000000000000000
000000000000000000000
000000000000000000000
000000000000000000000
000000000000000000000
000000000000000000000
000000000000000000000
000000000000000000000
000000000000000000000
000000000000000000000
000000000000000000000
000000000000000000000
000000000000000000000
000000000000000000000
000000000000000000000
000000000000000000000
000000000000000000000
000000000000000000000
000000000000000000000
000000000000000000000
000000000000000000000
000000000000000000000
000000000000000000000
000000000000000000000
000000000000000000000
000000000000000000000
000000000000000000000
000000000000000000000
000000000000000000000
000000000000000000000
000000000000000000000
000000000000000000000
000000000000000000000
000000000000000000000
000000000000000000000
000000000000000000000
000000000000000000000
000000000000000000000
000000000000000000000
000000000000000000000
000000000000000000000
000000000000000000000
000000000000000000000
000000000000000000000
000000000000000000000
000000000000000000000
000000000000000000000
000000000000000000000
000000000000000000000
000000000000000000000
000000000000000000000
000000000000000000000
000000000000000000000
000000000000000000000
000000000000000000000
000000000000000000000
000000000000000000000
000000000000000000000
000000000000000000000
000000000000000000000
000000000000000000000
000000000000000000000
000000000000000000000
000000000000000000000
000000000000000000000
000000000000000000000
000000000000000000000
000000000000000000000
000000000000000000000
000000000000000000000
000000000000000000000
000000000000000000000
000000000000000000000
000000000000000000000
000000000000000000000
000000000000000000000
000000000000000000000
000000000000000000000
000000000000000000000
000000000000000000000
000000000000000000000
000000000000000000000
000000000000000000000
000000000000000000000
000000000000000000000
000000000000000000000
000000000000000000000
000000000000000000000
000000000000000000000
000000000000000000000
000000000000000000000
000000000000000000000
000000000000000000000
000000000000000000000
000000000000000000000
000000000000000000000
000000000000000000000
000000000000000000000
000000000000000000000
000000000000000000000
000000000000000000000
000000000000000000000
000000000000000000000
000000000000000000000
000000000000000000000
000000000000000000000
000000000000000000000
000000000000000000000
000000000000000000000
000000000000000000000
000000000000000000000
000000000000000000000
000000000000000000000
000000000000000000000
000000000000000000000
000000000000000000000
000000000000000000000
000000000000000000000
000000000000000000000
000000000000000000000
000000000000000000000
000000000000000000000
000000000000000000000
000000000000000000000
000000000000000000000
000000000000000000000
000000000000000000000
000000000000000000000
000000000000000000000
000000000000000000000
000000000000000000000
000000000000000000000
000000000000000000000
000000000000000000000
000000000000000000000
000000000000000000000
000000000000000000000
000000000000000000000
000000000000000000000
000000000000000000000
000000000000000000000
000000000000000000000
000000000000000000000
000000000000000000000
000000000000000000000
000000000000000000000
000000000000000000000
000000000000000000000
000000000000000000000
000000000000000000000
000000000000000000000
000000000000000000000
000000000000000000000
000000000000000000000
000000000000000000000
000000000000000000000
000000000000000000000
000000000000000000000
000000000000000000000
000000000000000000000
000000000000000000000
000000000000000000000
000000000000000000000
000000000000000000000
000000000000000000000
000000000000000000000
000000000000000000000
000000000000000000000
000000000000000000000
000000000000000000000
000000000000000000000
000000000000000000000
000000000000000000000
000000000000000000000
000000000000000000000
000000000000000000000
000000000000000000000
000000000000000000000
000000000000000000000
000000000000000000000
000000000000000000000
000000000000000000000
000000000000000000000
000000000000000000000
000000000000000000000
000000000000000000000
000000000000000000000
000000000000000000000
000000000000000000000
000000000000000000000
000000000000000000000
000000000000000000000
000000000000000000000
000000000000000000000
000000000000000000000
000000000000000000000
000000000000000000000
000000000000000000000
000000000000000000000
000000000000000000000
000000000000000000000
000000000000000000000
000000000000000000000
000000000000000000000
000000000000000000000
000000000000000000000
000000000000000000000
000000000000000000000
000000000000000000000
000000000000000000000
000000000000000000000
000000000000000000000
000000000000000000000
000000000000000000000
000000000000000000000
000000000000000000000
000000000000000000000
000000000000000000000
000000000000000000000
000000000000000000000
000000000000000000000
000000000000000000000
000000000000000000000
000000000000000000000
000000000000000000000
000000000000000000000
000000000000000000000
000000000000000000000
000000000000000000000
000000000000000000000
000000000000000000000
000000000000000000000
000000000000000000000
000000000000000000000
000000000000000000000
000000000000000000000
000000000000000000000
000000000000000000000
000000000000000000000
000000000000000000000
000000000000000000000
000000000000000000000
000000000000000000000
000000000000000000000
000000000000000000000
000000000000000000000
000000000000000000000
000000000000000000000
000000000000000000000
000000000000000000000
000000000000000000000
000000000000000000000
000000000000000000000
000000000000000000000
000000000000000000000
000000000000000000000
000000000000000000000
000000000000000000000
000000000000000000000
000000000000000000000
000000000000000000000
000000000000000000000
000000000000000000000
000000000000000000000
000000000000000000000
000000000000000000000
000000000000000000000
000000000000000000000
000000000000000000000
000000000000000000000
000000000000000000000
000000000000000000000
000000000000000000000
000000000000000000000
000000000000000000000
000000000000000000000
000000000000000000000
000000000000000000000
000000000000000000000
000000000000000000000
000000000000000000000
000000000000000000000
000000000000000000000
000000000000000000000
000000000000000000000
000000000000000000000
000000000000000000000
000000000000000000000
000000000000000000000
000000000000000000000
000000000000000000000
000000000000000000000
000000000000000000000
000000000000000000000
000000000000000000000
000000000000000000000
000000000000000000000
000000000000000000000
000000000000000000000
000000000000000000000
000000000000000000000
000000000000000000000
000000000000000000000
000000000000000000000
000000000000000000000
000000000000000000000
000000000000000000000
000000000000000000000
000000000000000000000
000000000000000000000
000000000000000000000
000000000000000000000
000000000000000000000
000000000000000000000
000000000000000000000
000000000000000000000
000000000000000000000
000000000000000000000
000000000000000000000
000000000000000000000
000000000000000000000
000000000000000000000
000000000000000000000
000000000000000000000
000000000000000000000
000000000000000000000
000000000000000000000
000000000000000000000
000000000000000000000
000000000000000000000
000000000000000000000
000000000000000000000
000000000000000000000
000000000000000000000
000000000000000000000
000000000000000000000
000000000000000000000
000000000000000000000
000000000000000000000
000000000000000000000
000000000000000000000
000000000000000000000
000000000000000000000
000000000000000000000
000000000000000000000
000000000000000000000
000000000000000000000
000000000000000000000
000000000000000000000
000000000000000000000
000000000000000000000
000000000000000000000
000000000000000000000
000000000000000000000
000000000000000000000
000000000000000000000
000000000000000000000
000000000000000000000
000000000000000000000
000000000000000000000
000000000000000000000
000000000000000000000
000000000000000000000
000000000000000000000
000000000000000000000
000000000000000000000
000000000000000000000
000000000000000000000
000000000000000000000
000000000000000000000
000000000000000000000
000000000000000000000
000000000000000000000
000000000000000000000
000000000000000000000
000000000000000000000
000000000000000000000
000000000000000000000
000000000000000000000
000000000000000000000
000000000000000000000
000000000000000000000
000000000000000000000
000000000000000000000
000000000000000000000
000000000000000000000
000000000000000000000
000000000000000000000
000000000000000000000
000000000000000000000
000000000000000000000
000000000000000000000
000000000000000000000
000000000000000000000
000000000000000000000
000000000000000000000
000000000000000000000
000000000000000000000
000000000000000000000
000000000000000000000
000000000000000000000
000000000000000000000
000000000000000000000
000000000000000000000
000000000000000000000
000000000000000000000
000000000000000000000
000000000000000000000
000000000000000000000
000000000000000000000
000000000000000000000
000000000000000000000
000000000000000000000
000000000000000000000
000000000000000000000
000000000000000000000
000000000000000000000
000000000000000000000
000000000000000000000
000000000000000000000
000000000000000000000
000000000000000000000
000000000000000000000
000000000000000000000
000000000000000000000
000000000000000000000
000000000000000000000
000000000000000000000
000000000000000000000
000000000000000000000
000000000000000000000
000000000000000000000
000000000000000000000
000000000000000000000
000000000000000000000
000000000000000000000
000000000000000000000
000000000000000000000
000000000000000000000
000000000000000000000
000000000000000000000
000000000000000000000
000000000000000000000
000000000000000000000
000000000000000000000
000000000000000000000
000000000000000000000
000000000000000000000
000000000000000000000
000000000000000000000
000000000000000000000
000000000000000000000
000000000000000000000
000000000000000000000
000000000000000000000
000000000000000000000
000000000000000000000
000000000000000000000
000000000000000000000
000000000000000000000
000000000000000000000
000000000000000000000
000000000000000000000
000000000000000000000
000000000000000000000
000000000000000000000
000000000000000000000
000000000000000000000
000000000000000000000
000000000000000000000
000000000000000000000
000000000000000000000
000000000000000000000
000000000000000000000
000000000000000000000
000000000000000000000
000000000000000000000
000000000000000000000
000000000000000000000
000000000000000000000
000000000000000000000
000000000000000000000
000000000000000000000
000000000000000000000
000000000000000000000
000000000000000000000
000000000000000000000
000000000000000000000
000000000000000000000
000000000000000000000
000000000000000000000
000000000000000000000
000000000000000000000
000000000000000000000
000000000000000000000
000000000000000000000
000000000000000000000
000000000000000000000
000000000000000000000
000000000000000000000
000000000000000000000
000000000000000000000
000000000000000000000
000000000000000000000
000000000000000000000
000000000000000000000
000000000000000000000
000000000000000000000
000000000000000000000
000000000000000000000
000000000000000000000
000000000000000000000
000000000000000000000
000000000000000000000
000000000000000000000
000000000000000000000
000000000000000000000
000000000000000000000
000000000000000000000
000000000000000000000
000000000000000000000
000000000000000000000
000000000000000000000
000000000000000000000
000000000000000000000
000000000000000000000
000000000000000000000
000000000000000000000
000000000000000000000
000000000000000000000
000000000000000000000
000000000000000000000
000000000000000000000
000000000000000000000
000000000000000000000
000000000000000000000
000000000000000000000
000000000000000000000
000000000000000000000
000000000000000000000
000000000000000000000
000000000000000000000
000000000000000000000
000000000000000000000
000000000000000000000
000000000000000000000
000000000000000000000
000000000000000000000
000000000000000000000
000000000000000000000
000000000000000000000
000000000000000000000
000000000000000000000
000000000000000000000
000000000000000000000
000000000000000000000
000000000000000000000
000000000000000000000
000000000000000000000
000000000000000000000
000000000000000000000
000000000000000000000
000000000000000000000
000000000000000000000
000000000000000000000
000000000000000000000
000000000000000000000
000000000000000000000
000000000000000000000
000000000000000000000
000000000000000000000
000000000000000000000
000000000000000000000
000000000000000000000
000000000000000000000
000000000000000000000
000000000000000000000
000000000000000000000
000000000000000000000
000000000000000000000
000000000000000000000
000000000000000000000
000000000000000000000
000000000000000000000
000000000000000000000
000000000000000000000
000000000000000000000
000000000000000000000
000000000000000000000
000000000000000000000
000000000000000000000
000000000000000000000
000000000000000000000
000000000000000000000
000000000000000000000
000000000000000000000
000000000000000000000
000000000000000000000
000000000000000000000
000000000000000000000
000000000000000000000
000000000000000000000
000000000000000000000
000000000000000000000
000000000000000000000
000000000000000000000
000000000000000000000
000000000000000000000
000000000000000000000
000000000000000000000
000000000000000000000
000000000000000000000
000000000000000000000
000000000000000000000
000000000000000000000
000000000000000000000
000000000000000000000
000000000000000000000
000000000000000000000
000000000000000000000
000000000000000000000
000000000000000000000
000000000000000000000
000000000000000000000
000000000000000000000
000000000000000000000
000000000000000000000
000000000000000000000
000000000000000000000
000000000000000000000
000000000000000000000
000000000000000000000
000000000000000000000
000000000000000000000
000000000000000000000
000000000000000000000
000000000000000000000
000000000000000000000
000000000000000000000
000000000000000000000
000000000000000000000
000000000000000000000
000000000000000000000
000000000000000000000
000000000000000000000
000000000000000000000
000000000000000000000
000000000000000000000
000000000000000000000
000000000000000000000
000000000000000000000
000000000000000000000
000000000000000000000
000000000000000000000
000000000000000000000
000000000000000000000
000000000000000000000
000000000000000000000
000000000000000000000
000000000000000000000
000000000000000000000
000000000000000000000
000000000000000000000
000000000000000000000
000000000000000000000
000000000000000000000
000000000000000000000
000000000000000000000
000000000000000000000
000000000000000000000
000000000000000000000
000000000000000000000
000000000000000000000
000000000000000000000
000000000000000000000
000000000000000000000
000000000000000000000
000000000000000000000
000000000000000000000
000000000000000000000
000000000000000000000
000000000000000000000
000000000000000000000
000000000000000000000
000000000000000000000
000000000000000000000
000000000000000000000
000000000000000000000
000000000000000000000
000000000000000000000
000000000000000000000
000000000000000000000
000000000000000000000
000000000000000000000
000000000000000000000
000000000000000000000
000000000000000000000
000000000000000000000
000000000000000000000
000000000000000000000
000000000000000000000
000000000000000000000
000000000000000000000
000000000000000000000
000000000000000000000
000000000000000000000
000000000000000000000
000000000000000000000
000000000000000000000
000000000000000000000
000000000000000000000
000000000000000000000
000000000000000000000
000000000000000000000
000000000000000000000
000000000000000000000
000000000000000000000
000000000000000000000
000000000000000000000
000000000000000000000
000000000000000000000
000000000000000000000
000000000000000000000
000000000000000000000
000000000000000000000
000000000000000000000
000000000000000000000
000000000000000000000
000000000000000000000
000000000000000000000
000000000000000000000
000000000000000000000
000000000000000000000
000000000000000000000
000000000000000000000
000000000000000000000
000000000000000000000
000000000000000000000
000000000000000000000
000000000000000000000
000000000000000000000
000000000000000000000
000000000000000000000
000000000000000000000
000000000000000000000
000000000000000000000
000000000000000000000
000000000000000000000
000000000000000000000
000000000000000000000
000000000000000000000
000000000000000000000
000000000000000000000
000000000000000000000
000000000000000000000
000000000000000000000
000000000000000000000
000000000000000000000
000000000000000000000
000000000000000000000
000000000000000000000
000000000000000000000
000000000000000000000
000000000000000000000
000000000000000000000
000000000000000000000
000000000000000000000
000000000000000000000
000000000000000000000
000000000000000000000
000000000000000000000
000000000000000000000
000000000000000000000
000000000000000000000
000000000000000000000
000000000000000000000
000000000000000000000
000000000000000000000
000000000000000000000
000000000000000000000
000000000000000000000
000000000000000000000
000000000000000000000
000000000000000000000
000000000000000000000
000000000000000000000
000000000000000000000
000000000000000000000
000000000000000000000
000000000000000000000
000000000000000000000
000000000000000000000
000000000000000000000
000000000000000000000
000000000000000000000
000000000000000000000
000000000000000000000
000000000000000000000
000000000000000000000
000000000000000000000
000000000000000000000
000000000000000000000
000000000000000000000
000000000000000000000
000000000000000000000
000000000000000000000
000000000000000000000
000000000000000000000
000000000000000000000
000000000000000000000
000000000000000000000
000000000000000000000
000000000000000000000
000000000000000000000
000000000000000000000
000000000000000000000
000000000000000000000
000000000000000000000
000000000000000000000
000000000000000000000
000000000000000000000
60001600011ffff1ffff0
000000000000000000000
000000000000000000000
000000000000000000000
000000000000000000000
000000000000000000000
000000000000000000000
000000000000000000000
000000000000000000000
000000000000000000000
000000000000000000000
000000000000000000000
000000000000000000000
000000000000000000000
000000000000000000000
000000000000000000000
000000000000000000000
000000000000000000000
000000000000000000000
000000000000000000000
000000000000000000000
000000000000000000000
000000000000000000000
000000000000000000000
000000000000000000000
000000000000000000000
000000000000000000000
000000000000000000000
000000000000000000000
000000000000000000000
000000000000000000000
000000000000000000000
000000000000000000000
000000000000000000000
000000000000000000000
000000000000000000000
000000000000000000000
000000000000000000000
000000000000000000000
000000000000000000000
000000000000000000000
000000000000000000000
000000000000000000000
000000000000000000000
000000000000000000000
000000000000000000000
000000000000000000000
000000000000000000000
000000000000000000000
000000000000000000000
000000000000000000000
000000000000000000000
000000000000000000000
000000000000000000000
000000000000000000000
000000000000000000000
000000000000000000000
000000000000000000000
000000000000000000000
000000000000000000000
000000000000000000000
000000000000000000000
000000000000000000000
000000000000000000000
000000000000000000000
000000000000000000000
000000000000000000000
000000000000000000000
000000000000000000000
000000000000000000000
000000000000000000000
000000000000000000000
000000000000000000000
000000000000000000000
000000000000000000000
000000000000000000000
000000000000000000000
000000000000000000000
000000000000000000000
000000000000000000000
000000000000000000000
000000000000000000000
000000000000000000000
000000000000000000000
000000000000000000000
000000000000000000000
000000000000000000000
000000000000000000000
000000000000000000000
000000000000000000000
000000000000000000000
000000000000000000000
000000000000000000000
000000000000000000000
000000000000000000000
000000000000000000000
000000000000000000000
000000000000000000000
000000000000000000000
000000000000000000000
000000000000000000000
000000000000000000000
000000000000000000000
000000000000000000000
000000000000000000000
000000000000000000000
000000000000000000000
000000000000000000000
000000000000000000000
000000000000000000000
000000000000000000000
000000000000000000000
000000000000000000000
000000000000000000000
000000000000000000000
000000000000000000000
000000000000000000000
000000000000000000000
000000000000000000000
000000000000000000000
000000000000000000000
000000000000000000000
000000000000000000000
000000000000000000000
000000000000000000000
000000000000000000000
000000000000000000000
70001700010ffff0ffff0
0fffff0000f00008ffff8
000000000000000000000
000000000000000000000
000000000000000000000
000000000000000000000
000000000000000000000
000000000000000000000
000000000000000000000
000000000000000000000
000000000000000000000
000000000000000000000
000000000000000000000
000000000000000000000
000000000000000000000
000000000000000000000
000000000000000000000
000000000000000000000
000000000000000000000
000000000000000000000
000000000000000000000
000000000000000000000
000000000000000000000
000000000000000000000
000000000000000000000
000000000000000000000
000000000000000000000
000000000000000000000
000000000000000000000
000000000000000000000
000000000000000000000
000000000000000000000
000000000000000000000
000000000000000000000
000000000000000000000
000000000000000000000
000000000000000000000
000000000000000000000
000000000000000000000
000000000000000000000
000000000000000000000
000000000000000000000
000000000000000000000
000000000000000000000
000000000000000000000
000000000000000000000
000000000000000000000
000000000000000000000
000000000000000000000
000000000000000000000
000000000000000000000
000000000000000000000
000000000000000000000
000000000000000000000
000000000000000000000
000000000000000000000
000000000000000000000
000000000000000000000
000000000000000000000
000000000000000000000
000000000000000000000
000000000000000000000
000000000000000000000
000000000000000000000
000000000000000000000
000000000000000000000
000000000000000000000
000000000000000000000
000000000000000000000
000000000000000000000
000000000000000000000
000000000000000000000
000000000000000000000
000000000000000000000
000000000000000000000
000000000000000000000
000000000000000000000
000000000000000000000
000000000000000000000
000000000000000000000
000000000000000000000
000000000000000000000
000000000000000000000
000000000000000000000
000000000000000000000
000000000000000000000
000000000000000000000
000000000000000000000
000000000000000000000
000000000000000000000
000000000000000000000
000000000000000000000
000000000000000000000
000000000000000000000
000000000000000000000
000000000000000000000
000000000000000000000
000000000000000000000
000000000000000000000
000000000000000000000
000000000000000000000
000000000000000000000
000000000000000000000
000000000000000000000
000000000000000000000
000000000000000000000
000000000000000000000
000000000000000000000
000000000000000000000
000000000000000000000
000000000000000000000
000000000000000000000
000000000000000000000
000000000000000000000
000000000000000000000
000000000000000000000
000000000000000000000
000000000000000000000
000000000000000000000
000000000000000000000
000000000000000000000
000000000000000000000
000000000000000000000
000000000000000000000
000000000000000000000
000000000000000000000
780017800107fff07fff0
0000074afb000000b5050
07ffff8000f800087fff8
0b5050000074afb000000
000000000000000000000
000000000000000000000
000000000000000000000
000000000000000000000
000000000000000000000
000000000000000000000
000000000000000000000
000000000000000000000
000000000000000000000
000000000000000000000
000000000000000000000
000000000000000000000
000000000000000000000
000000000000000000000
000000000000000000000
000000000000000000000
000000000000000000000
000000000000000000000
000000000000000000000
000000000000000000000
000000000000000000000
000000000000000000000
000000000000000000000
000000000000000000000
000000000000000000000
000000000000000000000
000000000000000000000
000000000000000000000
000000000000000000000
000000000000000000000
000000000000000000000
000000000000000000000
000000000000000000000
000000000000000000000
000000000000000000000
000000000000000000000
000000000000000000000
000000000000000000000
000000000000000000000
000000000000000000000
000000000000000000000
000000000000000000000
000000000000000000000
000000000000000000000
000000000000000000000
000000000000000000000
000000000000000000000
000000000000000000000
000000000000000000000
000000000000000000000
000000000000000000000
000000000000000000000
000000000000000000000
000000000000000000000
000000000000000000000
000000000000000000000
000000000000000000000
000000000000000000000
000000000000000000000
000000000000000000000
000000000000000000000
000000000000000000000
000000000000000000000
000000000000000000000
000000000000000000000
000000000000000000000
000000000000000000000
000000000000000000000
000000000000000000000
000000000000000000000
000000000000000000000
000000000000000000000
000000000000000000000
000000000000000000000
000000000000000000000
000000000000000000000
000000000000000000000
000000000000000000000
000000000000000000000
000000000000000000000
000000000000000000000
000000000000000000000
000000000000000000000
000000000000000000000
000000000000000000000
000000000000000000000
000000000000000000000
000000000000000000000
000000000000000000000
000000000000000000000
000000000000000000000
000000000000000000000
000000000000000000000
000000000000000000000
000000000000000000000
000000000000000000000
000000000000000000000
000000000000000000000
000000000000000000000
000000000000000000000
000000000000000000000
000000000000000000000
000000000000000000000
000000000000000000000
000000000000000000000
000000000000000000000
000000000000000000000
000000000000000000000
000000000000000000000
000000000000000000000
000000000000000000000
000000000000000000000
000000000000000000000
000000000000000000000
000000000000000000000
000000000000000000000
000000000000000000000
000000000000000000000
000000000000000000000
000000000000000000000
7c000fc00083fff83fff8
7dd5d7ac61022a30539f0
000007a57e0000005a820
022a37ac617dd5d0539f0
03ffffc000fc00083fff8
0539f7dd5d7ac61022a30
05a82000007a57e000000
0539f022a37ac617dd5d0
000000000000000000000
000000000000000000000
000000000000000000000
000000000000000000000
000000000000000000000
000000000000000000000
000000000000000000000
000000000000000000000
000000000000000000000
000000000000000000000
000000000000000000000
000000000000000000000
000000000000000000000
000000000000000000000
000000000000000000000
000000000000000000000
000000000000000000000
000000000000000000000
000000000000000000000
000000000000000000000
000000000000000000000
000000000000000000000
000000000000000000000
000000000000000000000
000000000000000000000
000000000000000000000
000000000000000000000
000000000000000000000
000000000000000000000
000000000000000000000
000000000000000000000
000000000000000000000
000000000000000000000
000000000000000000000
000000000000000000000
000000000000000000000
000000000000000000000
000000000000000000000
000000000000000000000
000000000000000000000
000000000000000000000
000000000000000000000
000000000000000000000
000000000000000000000
000000000000000000000
000000000000000000000
000000000000000000000
000000000000000000000
000000000000000000000
000000000000000000000
000000000000000000000
000000000000000000000
000000000000000000000
000000000000000000000
000000000000000000000
000000000000000000000
000000000000000000000
000000000000000000000
000000000000000000000
000000000000000000000
000000000000000000000
000000000000000000000
000000000000000000000
000000000000000000000
000000000000000000000
000000000000000000000
000000000000000000000
000000000000000000000
000000000000000000000
000000000000000000000
000000000000000000000
000000000000000000000
000000000000000000000
000000000000000000000
000000000000000000000
000000000000000000000
000000000000000000000
000000000000000000000
000000000000000000000
000000000000000000000
000000000000000000000
000000000000000000000
000000000000000000000
000000000000000000000
000000000000000000000
000000000000000000000
000000000000000000000
000000000000000000000
000000000000000000000
000000000000000000000
000000000000000000000
000000000000000000000
000000000000000000000
000000000000000000000
000000000000000000000
000000000000000000000
000000000000000000000
000000000000000000000
000000000000000000000
000000000000000000000
000000000000000000000
000000000000000000000
000000000000000000000
000000000000000000000
000000000000000000000
000000000000000000000
000000000000000000000
000000000000000000000
000000000000000000000
000000000000000000000
000000000000000000000
000000000000000000000
7e0007e00002000020000
7e6dbfda5f01924825a10
7eeaefd63101151829cf0
7f72c7d39d008d402c630
000007d2bf0000002d410
008d47d39d7f72c02c630
01151fd6317eeae829cf0
01924fda5f7e6db825a10
020007e0007e000020000
025a17e6dbfda5f019248
029cf7eeaefd631011518
02c637f72c7d39d008d40
02d41000007d2bf000000
02c63008d47d39d7f72c0
029cf01151fd6317eeae8
025a101924fda5f7e6db8
000000000000000000000
000000000000000000000
000000000000000000000
000000000000000000000
000000000000000000000
000000000000000000000
000000000000000000000
000000000000000000000
000000000000000000000
000000000000000000000
000000000000000000000
000000000000000000000
000000000000000000000
000000000000000000000
000000000000000000000
000000000000000000000
000000000000000000000
000000000000000000000
000000000000000000000
000000000000000000000
000000000000000000000
000000000000000000000
000000000000000000000
000000000000000000000
000000000000000000000
000000000000000000000
000000000000000000000
000000000000000000000
000000000000000000000
000000000000000000000
000000000000000000000
000000000000000000000
000000000000000000000
000000000000000000000
000000000000000000000
000000000000000000000
000000000000000000000
000000000000000000000
000000000000000000000
000000000000000000000
000000000000000000000
000000000000000000000
000000000000000000000
000000000000000000000
000000000000000000000
000000000000000000000
000000000000000000000
000000000000000000000
000000000000000000000
000000000000000000000
000000000000000000000
000000000000000000000
000000000000000000000
000000000000000000000
000000000000000000000
000000000000000000000
000000000000000000000
000000000000000000000
000000000000000000000
000000000000000000000
000000000000000000000
000000000000000000000
000000000000000000000
000000000000000000000
000000000000000000000
000000000000000000000
000000000000000000000
000000000000000000000
000000000000000000000
000000000000000000000
000000000000000000000
000000000000000000000
000000000000000000000
000000000000000000000
000000000000000000000
000000000000000000000
000000000000000000000
000000000000000000000
000000000000000000000
000000000000000000000
000000000000000000000
000000000000000000000
000000000000000000000
000000000000000000000
000000000000000000000
000000000000000000000
000000000000000000000
000000000000000000000
000000000000000000000
000000000000000000000
000000000000000000000
000000000000000000000
000000000000000000000
000000000000000000000
000000000000000000000
000000000000000000000
7f0007f00001000010000
7f1a57ee8200e5b0117e0
7f36e7ed3000c92012d00
7f555fec0b00aaa813f50
7f7577eb18808a9014e78
7f96e7ea5900692015a70
7fb967e9cf0046a016310
7fdc87e97b00238016850
000007e95f80000016a08
002387e97b7fdc8016850
0046a7e9cf7fb96016310
006927ea597f96e015a70
008a97eb18ff757014e78
00aaafec0b7f555813f50
00c927ed307f36e012d00
00e5b7ee827f1a50117e0
010007f0007f000010000
0117e7f1a57ee8200e5b0
012d07f36e7ed3000c920
013f57f555fec0b00aaa8
014e7ff7577eb18808a90
015a77f96e7ea59006920
016317fb967e9cf0046a0
016857fdc87e97b002380
016a0800007e95f800000
01685002387e97b7fdc80
016310046a7e9cf7fb960
015a7006927ea597f96e0
014e7808a97eb18ff7570
013f500aaafec0b7f5558
012d000c927ed307f36e0
0117e00e5b7ee827f1a50
000000000000000000000
000000000000000000000
000000000000000000000
000000000000000000000
000000000000000000000
000000000000000000000
000000000000000000000
000000000000000000000
000000000000000000000
000000000000000000000
000000000000000000000
000000000000000000000
000000000000000000000
000000000000000000000
000000000000000000000
000000000000000000000
000000000000000000000
000000000000000000000
000000000000000000000
000000000000000000000
000000000000000000000
000000000000000000000
000000000000000000000
000000000000000000000
000000000000000000000
000000000000000000000
000000000000000000000
000000000000000000000
000000000000000000000
000000000000000000000
000000000000000000000
000000000000000000000
000000000000000000000
000000000000000000000
000000000000000000000
000000000000000000000
000000000000000000000
000000000000000000000
000000000000000000000
000000000000000000000
000000000000000000000
000000000000000000000
000000000000000000000
000000000000000000000
000000000000000000000
000000000000000000000
000000000000000000000
000000000000000000000
000000000000000000000
000000000000000000000
000000000000000000000
000000000000000000000
000000000000000000000
000000000000000000000
000000000000000000000
000000000000000000000
000000000000000000000
000000000000000000000
000000000000000000000
000000000000000000000
000000000000000000000
000000000000000000000
000000000000000000000
000000000000000000000
7f8007f80000800008000
7f8677f79e00799008620
7f8d37f7410072d008bf0
7f9437f6e9806bd009168
7f9b77f69800649009680
7fa2f7f64c005d1009b40
7faab7f60600555009fa0
7fb29ff5c6004d680a3a0
7fbac7f58c0045400a740
7fc307f559003d000aa70
7fcb77f52c8034900ad38
7fd40ff506802bf80af98
7fdcb7f4e70023500b190
7fe577f4cf001a900b310
7fee47f4be0011c00b420
7ff727f4b30008e00b4d0
000007f4b00000000b500
0008e7f4b37ff7200b4d0
0011c7f4be7fee400b420
001a97f4cf7fe5700b310
002357f4e77fdcb00b190
002bfff506ffd4080af98
003497f52cffcb700ad38
003d07f5597fc3000aa70
004547f58c7fbac00a740
004d6ff5c67fb2980a3a0
005557f6067faab009fa0
005d17f64c7fa2f009b40
006497f6987f9b7009680
006bd7f6e9ff943009168
0072d7f7417f8d3008bf0
007997f79e7f867008620
008007f8007f800008000
008627f8677f79e007990
008bf7f8d37f7410072d0
00916ff9437f6e9806bd0
009687f9b77f698006490
009b47fa2f7f64c005d10
009fa7faab7f606005550
00a3a7fb29ff5c6004d68
00a747fbac7f58c004540
00aa77fc307f559003d00
00ad3ffcb77f52c803490
00af9ffd40ff506802bf8
00b197fdcb7f4e7002350
00b317fe577f4cf001a90
00b427fee47f4be0011c0
00b4d7ff727f4b30008e0
00b50000007f4b0000000
00b4d0008e7f4b37ff720
00b420011c7f4be7fee40
00b31001a97f4cf7fe570
00b19002357f4e77fdcb0
00af9802bfff506ffd408
00ad3803497f52cffcb70
00aa7003d07f5597fc300
00a74004547f58c7fbac0
00a3a004d6ff5c67fb298
009fa005557f6067faab0
009b4005d17f64c7fa2f0
00968006497f6987f9b70
00916806bd7f6e9ff9430
008bf0072d7f7417f8d30
00862007997f79e7f8670
7fc007fc0000400004000
7fc19ffbe7003e6804190
7fc347fbcf003cc004310
7fc4e7fbb7003b2004490
7fc697fba1003970045f0
7fc857fb8a8037b004758
7fca1ffb750035e8048b0
7fcbe7fb6000342004a00
7fcdbffb4c00324804b40
7fcf97fb3880307004c78
7fd17ffb26002e8804da0
7fd367fb14002ca004ec0
7fd557fb03002ab004fd0
7fd757faf28028b0050d8
7fd957fae30026b0051d0
7fdb57fad40024b0052c0
7fdd67fac60022a0053a0
7fdf77fab900209005470
7fe187faad001e8005530
7fe3a7faa1001c60055f0
7fe5bffa96001a48056a0
7fe7e7fa8c00182005740
7fea07fa83001600057d0
7fec37fa7b0013d005850
7fee57fa740011b0058c0
7ff08ffa6d000f7805930
7ff2bffa68000d4805980
7ff4f7fa63000b10059d0
7ff727fa5f0008e005a10
7ff957fa5c0006b005a40
7ffb97fa5a00047005a60
7ffdcffa5800023805a80
000007fa5800000005a80
00023ffa587ffdc805a80
000477fa5a7ffb9005a60
0006b7fa5c7ff95005a40
0008e7fa5f7ff72005a10
000b17fa637ff4f0059d0
000d4ffa687ff2b805980
000f7ffa6d7ff08805930
0011b7fa747fee50058c0
0013d7fa7b7fec3005850
001607fa837fea00057d0
001827fa8c7fe7e005740
001a4ffa967fe5b8056a0
001c67faa17fe3a0055f0
001e87faad7fe18005530
002097fab97fdf7005470
0022a7fac67fdd60053a0
0024b7fad47fdb50052c0
0026b7fae37fd950051d0
0028b7faf2ffd750050d8
002ab7fb037fd55004fd0
002ca7fb147fd36004ec0
002e8ffb267fd17804da0
003077fb38ffcf9004c78
00324ffb4c7fcdb804b40
003427fb607fcbe004a00
0035effb757fca18048b0
0037b7fb8affc85004758
003977fba17fc690045f0
003b27fbb77fc4e004490
003cc7fbcf7fc34004310
003e6ffbe77fc19804190
004007fc007fc00004000
004197fc19ffbe7003e68
004317fc347fbcf003cc0
004497fc4e7fbb7003b20
0045f7fc697fba1003970
00475ffc857fb8a8037b0
0048b7fca1ffb750035e8
004a07fcbe7fb60003420
004b47fcdbffb4c003248
004c7ffcf97fb38803070
004da7fd17ffb26002e88
004ec7fd367fb14002ca0
004fd7fd557fb03002ab0
0050dffd757faf28028b0
0051d7fd957fae30026b0
0052c7fdb57fad40024b0
0053a7fdd67fac60022a0
005477fdf77fab9002090
005537fe187faad001e80
0055f7fe3a7faa1001c60
0056a7fe5bffa96001a48
005747fe7e7fa8c001820
0057d7fea07fa83001600
005857fec37fa7b0013d0
0058c7fee57fa740011b0
005937ff08ffa6d000f78
005987ff2bffa68000d48
0059d7ff4f7fa63000b10
005a17ff727fa5f0008e0
005a47ff957fa5c0006b0
005a67ffb97fa5a000470
005a87ffdcffa58000238
005a8000007fa58000000
005a800023ffa587ffdc8
005a6000477fa5a7ffb90
005a40006b7fa5c7ff950
005a10008e7fa5f7ff720
0059d000b17fa637ff4f0
00598000d4ffa687ff2b8
00593000f7ffa6d7ff088
0058c0011b7fa747fee50
005850013d7fa7b7fec30
0057d001607fa837fea00
00574001827fa8c7fe7e0
0056a001a4ffa967fe5b8
0055f001c67faa17fe3a0
00553001e87faad7fe180
00547002097fab97fdf70
0053a0022a7fac67fdd60
0052c0024b7fad47fdb50
0051d0026b7fae37fd950
0050d8028b7faf2ffd750
004fd002ab7fb037fd550
004ec002ca7fb147fd360
004da002e8ffb267fd178
004c7803077fb38ffcf90
004b400324ffb4c7fcdb8
004a0003427fb607fcbe0
0048b0035effb757fca18
004758037b7fb8affc850
0045f003977fba17fc690
00449003b27fbb77fc4e0
00431003cc7fbcf7fc340
00419003e6ffbe77fc198
3fffebfffe80001000010
3fffebfffe80001000010
3fffebfffe80001000010
3fffebfffe80001000010
3fffebfffe80001000010
3fffebfffe80001000010
3fffebfffe80001000010
3fffebfffe80001000010
3fffebfffe80001000010
3fffebfffe80001000010
3fffebfffe80001000010
3fffebfffe80001000010
3fffebfffe80001000010
3fffebfffe80001000010
3fffebfffe80001000010
3fffebfffe80001000010
3fffebfffe80001000010
3fffebfffe80001000010
3fffebfffe80001000010
3fffebfffe80001000010
3fffebfffe80001000010
3fffebfffe80001000010
3fffebfffe80001000010
3fffebfffe80001000010
3fffebfffe80001000010
3fffebfffe80001000010
3fffebfffe80001000010
3fffebfffe80001000010
3fffebfffe80001000010
3fffebfffe80001000010
3fffebfffe80001000010
3fffebfffe80001000010
3fffebfffe80001000010
3fffebfffe80001000010
3fffebfffe80001000010
3fffebfffe80001000010
3fffebfffe80001000010
3fffebfffe80001000010
3fffebfffe80001000010
3fffebfffe80001000010
3fffebfffe80001000010
3fffebfffe80001000010
3fffebfffe80001000010
3fffebfffe80001000010
3fffebfffe80001000010
3fffebfffe80001000010
3fffebfffe80001000010
3fffebfffe80001000010
3fffebfffe80001000010
3fffebfffe80001000010
3fffebfffe80001000010
3fffebfffe80001000010
3fffebfffe80001000010
3fffebfffe80001000010
3fffebfffe80001000010
3fffebfffe80001000010
3fffebfffe80001000010
3fffebfffe80001000010
3fffebfffe80001000010
3fffebfffe80001000010
3fffebfffe80001000010
3fffebfffe80001000010
3fffebfffe80001000010
3fffebfffe80001000010
3fffebfffe80001000010
3fffebfffe80001000010
3fffebfffe80001000010
3fffebfffe80001000010
3fffebfffe80001000010
3fffebfffe80001000010
3fffebfffe80001000010
3fffebfffe80001000010
3fffebfffe80001000010
3fffebfffe80001000010
3fffebfffe80001000010
3fffebfffe80001000010
3fffebfffe80001000010
3fffebfffe80001000010
3fffebfffe80001000010
3fffebfffe80001000010
3fffebfffe80001000010
3fffebfffe80001000010
3fffebfffe80001000010
3fffebfffe80001000010
3fffebfffe80001000010
3fffebfffe80001000010
3fffebfffe80001000010
3fffebfffe80001000010
3fffebfffe80001000010
3fffebfffe80001000010
3fffebfffe80001000010
3fffebfffe80001000010
3fffebfffe80001000010
3fffebfffe80001000010
3fffebfffe80001000010
3fffebfffe80001000010
3fffebfffe80001000010
3fffebfffe80001000010
3fffebfffe80001000010
3fffebfffe80001000010
3fffebfffe80001000010
3fffebfffe80001000010
3fffebfffe80001000010
3fffebfffe80001000010
3fffebfffe80001000010
3fffebfffe80001000010
3fffebfffe80001000010
3fffebfffe80001000010
3fffebfffe80001000010
3fffebfffe80001000010
3fffebfffe80001000010
3fffebfffe80001000010
3fffebfffe80001000010
3fffebfffe80001000010
3fffebfffe80001000010
3fffebfffe80001000010
3fffebfffe80001000010
3fffebfffe80001000010
3fffebfffe80001000010
3fffebfffe80001000010
3fffebfffe80001000010
3fffebfffe80001000010
3fffebfffe80001000010
3fffebfffe80001000010
3fffebfffe80001000010
3fffebfffe80001000010
3fffebfffe80001000010
3fffebfffe80001000010
3fffdbfffd80001000010
000010000000000000010
3fffdbfffd80001000010
000010000000000000010
3fffdbfffd80001000010
000010000000000000010
3fffdbfffd80001000010
000010000000000000010
3fffdbfffd80001000010
000010000000000000010
3fffdbfffd80001000010
000010000000000000010
3fffdbfffd80001000010
000010000000000000010
3fffdbfffd80001000010
000010000000000000010
3fffdbfffd80001000010
000010000000000000010
3fffdbfffd80001000010
000010000000000000010
3fffdbfffd80001000010
000010000000000000010
3fffdbfffd80001000010
000010000000000000010
3fffdbfffd80001000010
000010000000000000010
3fffdbfffd80001000010
000010000000000000010
3fffdbfffd80001000010
000010000000000000010
3fffdbfffd80001000010
000010000000000000010
3fffdbfffd80001000010
000010000000000000010
3fffdbfffd80001000010
000010000000000000010
3fffdbfffd80001000010
000010000000000000010
3fffdbfffd80001000010
000010000000000000010
3fffdbfffd80001000010
000010000000000000010
3fffdbfffd80001000010
000010000000000000010
3fffdbfffd80001000010
000010000000000000010
3fffdbfffd80001000010
000010000000000000010
3fffdbfffd80001000010
000010000000000000010
3fffdbfffd80001000010
000010000000000000010
3fffdbfffd80001000010
000010000000000000010
3fffdbfffd80001000010
000010000000000000010
3fffdbfffd80001000010
000010000000000000010
3fffdbfffd80001000010
000010000000000000010
3fffdbfffd80001000010
000010000000000000010
3fffdbfffd80001000010
000010000000000000010
3fffdbfffd80001000010
000010000000000000010
3fffdbfffd80001000010
000010000000000000010
3fffdbfffd80001000010
000010000000000000010
3fffdbfffd80001000010
000010000000000000010
3fffdbfffd80001000010
000010000000000000010
3fffdbfffd80001000010
000010000000000000010
3fffdbfffd80001000010
000010000000000000010
3fffdbfffd80001000010
000010000000000000010
3fffdbfffd80001000010
000010000000000000010
3fffdbfffd80001000010
000010000000000000010
3fffdbfffd80001000010
000010000000000000010
3fffdbfffd80001000010
000010000000000000010
3fffdbfffd80001000010
000010000000000000010
3fffdbfffd80001000010
000010000000000000010
3fffdbfffd80001000010
000010000000000000010
3fffdbfffd80001000010
000010000000000000010
3fffdbfffd80001000010
000010000000000000010
3fffdbfffd80001000010
000010000000000000010
3fffdbfffd80001000010
000010000000000000010
3fffdbfffd80001000010
000010000000000000010
3fffdbfffd80001000010
000010000000000000010
3fffdbfffd80001000010
000010000000000000010
3fffdbfffd80001000010
000010000000000000010
3fffdbfffd80001000010
000010000000000000010
3fffdbfffd80001000010
000010000000000000010
3fffdbfffd80001000010
000010000000000000010
3fffdbfffd80001000010
000010000000000000010
3fffdbfffd80001000010
000010000000000000010
3fffdbfffd80001000010
000010000000000000010
3fffdbfffd80001000010
000010000000000000010
3fffdbfffd80001000010
000010000000000000010
3fffdbfffd80001000010
000010000000000000010
3fffcbfffc80001000010
000010000000000000000
000010000000000000010
000000000000000000010
3fffcbfffc80001000010
000010000000000000000
000010000000000000010
000000000000000000010
3fffcbfffc80001000010
000010000000000000000
000010000000000000010
000000000000000000010
3fffcbfffc80001000010
000010000000000000000
000010000000000000010
000000000000000000010
3fffcbfffc80001000010
000010000000000000000
000010000000000000010
000000000000000000010
3fffcbfffc80001000010
000010000000000000000
000010000000000000010
000000000000000000010
3fffcbfffc80001000010
000010000000000000000
000010000000000000010
000000000000000000010
3fffcbfffc80001000010
000010000000000000000
000010000000000000010
000000000000000000010
3fffcbfffc80001000010
000010000000000000000
000010000000000000010
000000000000000000010
3fffcbfffc80001000010
000010000000000000000
000010000000000000010
000000000000000000010
3fffcbfffc80001000010
000010000000000000000
000010000000000000010
000000000000000000010
3fffcbfffc80001000010
000010000000000000000
000010000000000000010
000000000000000000010
3fffcbfffc80001000010
000010000000000000000
000010000000000000010
000000000000000000010
3fffcbfffc80001000010
000010000000000000000
000010000000000000010
000000000000000000010
3fffcbfffc80001000010
000010000000000000000
000010000000000000010
000000000000000000010
3fffcbfffc80001000010
000010000000000000000
000010000000000000010
000000000000000000010
3fffcbfffc80001000010
000010000000000000000
000010000000000000010
000000000000000000010
3fffcbfffc80001000010
000010000000000000000
000010000000000000010
000000000000000000010
3fffcbfffc80001000010
000010000000000000000
000010000000000000010
000000000000000000010
3fffcbfffc80001000010
000010000000000000000
000010000000000000010
000000000000000000010
3fffcbfffc80001000010
000010000000000000000
000010000000000000010
000000000000000000010
3fffcbfffc80001000010
000010000000000000000
000010000000000000010
000000000000000000010
3fffcbfffc80001000010
000010000000000000000
000010000000000000010
000000000000000000010
3fffcbfffc80001000010
000010000000000000000
000010000000000000010
000000000000000000010
3fffcbfffc80001000010
000010000000000000000
000010000000000000010
000000000000000000010
3fffcbfffc80001000010
000010000000000000000
000010000000000000010
000000000000000000010
3fffcbfffc80001000010
000010000000000000000
000010000000000000010
000000000000000000010
3fffcbfffc80001000010
000010000000000000000
000010000000000000010
000000000000000000010
3fffcbfffc80001000010
000010000000000000000
000010000000000000010
000000000000000000010
3fffcbfffc80001000010
000010000000000000000
000010000000000000010
000000000000000000010
3fffcbfffc80001000010
000010000000000000000
000010000000000000010
000000000000000000010
3fffcbfffc80001000010
000010000000000000000
000010000000000000010
000000000000000000010
3fffbbfffb80001000010
000010000000000000000
000010000000000000000
000000000000000000000
000010000000000000010
000000000000000000000
000000000000000000010
000000000000000000010
3fffbbfffb80001000010
000010000000000000000
000010000000000000000
000000000000000000000
000010000000000000010
000000000000000000000
000000000000000000010
000000000000000000010
3fffbbfffb80001000010
000010000000000000000
000010000000000000000
000000000000000000000
000010000000000000010
000000000000000000000
000000000000000000010
000000000000000000010
3fffbbfffb80001000010
000010000000000000000
000010000000000000000
000000000000000000000
000010000000000000010
000000000000000000000
000000000000000000010
000000000000000000010
3fffbbfffb80001000010
000010000000000000000
000010000000000000000
000000000000000000000
000010000000000000010
000000000000000000000
000000000000000000010
000000000000000000010
3fffbbfffb80001000010
000010000000000000000
000010000000000000000
000000000000000000000
000010000000000000010
000000000000000000000
000000000000000000010
000000000000000000010
3fffbbfffb80001000010
000010000000000000000
000010000000000000000
000000000000000000000
000010000000000000010
000000000000000000000
000000000000000000010
000000000000000000010
3fffbbfffb80001000010
000010000000000000000
000010000000000000000
000000000000000000000
000010000000000000010
000000000000000000000
000000000000000000010
000000000000000000010
3fffbbfffb80001000010
000010000000000000000
000010000000000000000
000000000000000000000
000010000000000000010
000000000000000000000
000000000000000000010
000000000000000000010
3fffbbfffb80001000010
000010000000000000000
000010000000000000000
000000000000000000000
000010000000000000010
000000000000000000000
000000000000000000010
000000000000000000010
3fffbbfffb80001000010
000010000000000000000
000010000000000000000
000000000000000000000
000010000000000000010
000000000000000000000
000000000000000000010
000000000000000000010
3fffbbfffb80001000010
000010000000000000000
000010000000000000000
000000000000000000000
000010000000000000010
000000000000000000000
000000000000000000010
000000000000000000010
3fffbbfffb80001000010
000010000000000000000
000010000000000000000
000000000000000000000
000010000000000000010
000000000000000000000
000000000000000000010
000000000000000000010
3fffbbfffb80001000010
000010000000000000000
000010000000000000000
000000000000000000000
000010000000000000010
000000000000000000000
000000000000000000010
000000000000000000010
3fffbbfffb80001000010
000010000000000000000
000010000000000000000
000000000000000000000
000010000000000000010
000000000000000000000
000000000000000000010
000000000000000000010
3fffbbfffb80001000010
000010000000000000000
000010000000000000000
000000000000000000000
000010000000000000010
000000000000000000000
000000000000000000010
000000000000000000010
3fffabfffa80001000010
000010000000000000000
000010000000000000000
000000000000000000000
000010000000000000000
000000000000000000000
000000000000000000000
000000000000000000000
000010000000000000010
000000000000000000000
000000000000000000000
000000000000000000000
000000000000000000010
000000000000000000000
000000000000000000010
000000000000000000010
3fffabfffa80001000010
000010000000000000000
000010000000000000000
000000000000000000000
000010000000000000000
000000000000000000000
000000000000000000000
000000000000000000000
000010000000000000010
000000000000000000000
000000000000000000000
000000000000000000000
000000000000000000010
000000000000000000000
000000000000000000010
000000000000000000010
3fffabfffa80001000010
000010000000000000000
000010000000000000000
000000000000000000000
000010000000000000000
000000000000000000000
000000000000000000000
000000000000000000000
000010000000000000010
000000000000000000000
000000000000000000000
000000000000000000000
000000000000000000010
000000000000000000000
000000000000000000010
000000000000000000010
3fffabfffa80001000010
000010000000000000000
000010000000000000000
000000000000000000000
000010000000000000000
000000000000000000000
000000000000000000000
000000000000000000000
000010000000000000010
000000000000000000000
000000000000000000000
000000000000000000000
000000000000000000010
000000000000000000000
000000000000000000010
000000000000000000010
3fffabfffa80001000010
000010000000000000000
000010000000000000000
000000000000000000000
000010000000000000000
000000000000000000000
000000000000000000000
000000000000000000000
000010000000000000010
000000000000000000000
000000000000000000000
000000000000000000000
000000000000000000010
000000000000000000000
000000000000000000010
000000000000000000010
3fffabfffa80001000010
000010000000000000000
000010000000000000000
000000000000000000000
000010000000000000000
000000000000000000000
000000000000000000000
000000000000000000000
000010000000000000010
000000000000000000000
000000000000000000000
000000000000000000000
000000000000000000010
000000000000000000000
000000000000000000010
000000000000000000010
3fffabfffa80001000010
000010000000000000000
000010000000000000000
000000000000000000000
000010000000000000000
000000000000000000000
000000000000000000000
000000000000000000000
000010000000000000010
000000000000000000000
000000000000000000000
000000000000000000000
000000000000000000010
000000000000000000000
000000000000000000010
000000000000000000010
3fffabfffa80001000010
000010000000000000000
000010000000000000000
000000000000000000000
000010000000000000000
000000000000000000000
000000000000000000000
000000000000000000000
000010000000000000010
000000000000000000000
000000000000000000000
000000000000000000000
000000000000000000010
000000000000000000000
000000000000000000010
000000000000000000010
3fff9bfff980001000010
000010000000000000000
000010000000000000000
000000000000000000000
000010000000000000000
000000000000000000000
000000000000000000000
000000000000000000000
000010000000000000000
000000000000000000000
000000000000000000000
000000000000000000000
000000000000000000000
000000000000000000000
000000000000000000000
000000000000000000000
000010000000000000010
000000000000000000000
000000000000000000000
000000000000000000000
000000000000000000000
000000000000000000000
000000000000000000000
000000000000000000000
000000000000000000010
000000000000000000000
000000000000000000000
000000000000000000000
000000000000000000010
000000000000000000000
000000000000000000010
000000000000000000010
3fff9bfff980001000010
000010000000000000000
000010000000000000000
000000000000000000000
000010000000000000000
000000000000000000000
000000000000000000000
000000000000000000000
000010000000000000000
000000000000000000000
000000000000000000000
000000000000000000000
000000000000000000000
000000000000000000000
000000000000000000000
000000000000000000000
000010000000000000010
000000000000000000000
000000000000000000000
000000000000000000000
000000000000000000000
000000000000000000000
000000000000000000000
000000000000000000000
000000000000000000010
000000000000000000000
000000000000000000000
000000000000000000000
000000000000000000010
000000000000000000000
000000000000000000010
000000000000000000010
3fff9bfff980001000010
000010000000000000000
000010000000000000000
000000000000000000000
000010000000000000000
000000000000000000000
000000000000000000000
000000000000000000000
000010000000000000000
000000000000000000000
000000000000000000000
000000000000000000000
000000000000000000000
000000000000000000000
000000000000000000000
000000000000000000000
000010000000000000010
000000000000000000000
000000000000000000000
000000000000000000000
000000000000000000000
000000000000000000000
000000000000000000000
000000000000000000000
000000000000000000010
000000000000000000000
000000000000000000000
000000000000000000000
000000000000000000010
000000000000000000000
000000000000000000010
000000000000000000010
3fff9bfff980001000010
000010000000000000000
000010000000000000000
000000000000000000000
000010000000000000000
000000000000000000000
000000000000000000000
000000000000000000000
000010000000000000000
000000000000000000000
000000000000000000000
000000000000000000000
000000000000000000000
000000000000000000000
000000000000000000000
000000000000000000000
000010000000000000010
000000000000000000000
000000000000000000000
000000000000000000000
000000000000000000000
000000000000000000000
000000000000000000000
000000000000000000000
000000000000000000010
000000000000000000000
000000000000000000000
000000000000000000000
000000000000000000010
000000000000000000000
000000000000000000010
000000000000000000010
3fff8bfff880001000010
000010000000000000000
000010000000000000000
000000000000000000000
000010000000000000000
000000000000000000000
000000000000000000000
000000000000000000000
000010000000000000000
000000000000000000000
000000000000000000000
000000000000000000000
000000000000000000000
000000000000000000000
000000000000000000000
000000000000000000000
000010000000000000000
000000000000000000000
000000000000000000000
000000000000000000000
000000000000000000000
000000000000000000000
000000000000000000000
000000000000000000000
000000000000000000000
000000000000000000000
000000000000000000000
000000000000000000000
000000000000000000000
000000000000000000000
000000000000000000000
000000000000000000000
000010000000000000010
000000000000000000000
000000000000000000000
000000000000000000000
000000000000000000000
000000000000000000000
000000000000000000000
000000000000000000000
000000000000000000000
000000000000000000000
000000000000000000000
000000000000000000000
000000000000000000000
000000000000000000000
000000000000000000000
000000000000000000000
000000000000000000010
000000000000000000000
000000000000000000000
000000000000000000000
000000000000000000000
000000000000000000000
000000000000000000000
000000000000000000000
000000000000000000010
000000000000000000000
000000000000000000000
000000000000000000000
000000000000000000010
000000000000000000000
000000000000000000010
000000000000000000010
3fff8bfff880001000010
000010000000000000000
000010000000000000000
000000000000000000000
000010000000000000000
000000000000000000000
000000000000000000000
000000000000000000000
000010000000000000000
000000000000000000000
000000000000000000000
000000000000000000000
000000000000000000000
000000000000000000000
000000000000000000000
000000000000000000000
000010000000000000000
000000000000000000000
000000000000000000000
000000000000000000000
000000000000000000000
000000000000000000000
000000000000000000000
000000000000000000000
000000000000000000000
000000000000000000000
000000000000000000000
000000000000000000000
000000000000000000000
000000000000000000000
000000000000000000000
000000000000000000000
000010000000000000010
000000000000000000000
000000000000000000000
000000000000000000000
000000000000000000000
000000000000000000000
000000000000000000000
000000000000000000000
000000000000000000000
000000000000000000000
000000000000000000000
000000000000000000000
000000000000000000000
000000000000000000000
000000000000000000000
000000000000000000000
000000000000000000010
000000000000000000000
000000000000000000000
000000000000000000000
000000000000000000000
000000000000000000000
000000000000000000000
000000000000000000000
000000000000000000010
000000000000000000000
000000000000000000000
000000000000000000000
000000000000000000010
000000000000000000000
000000000000000000010
000000000000000000010
3fff7bfff780001000010
000010000000000000000
000010000000000000000
000000000000000000000
000010000000000000000
000000000000000000000
000000000000000000000
000000000000000000000
000010000000000000000
000000000000000000000
000000000000000000000
000000000000000000000
000000000000000000000
000000000000000000000
000000000000000000000
000000000000000000000
000010000000000000000
000000000000000000000
000000000000000000000
000000000000000000000
000000000000000000000
000000000000000000000
000000000000000000000
000000000000000000000
000000000000000000000
000000000000000000000
000000000000000000000
000000000000000000000
000000000000000000000
000000000000000000000
000000000000000000000
000000000000000000000
000010000000000000000
000000000000000000000
000000000000000000000
000000000000000000000
000000000000000000000
000000000000000000000
000000000000000000000
000000000000000000000
000000000000000000000
000000000000000000000
000000000000000000000
000000000000000000000
000000000000000000000
000000000000000000000
000000000000000000000
000000000000000000000
000000000000000000000
000000000000000000000
000000000000000000000
000000000000000000000
000000000000000000000
000000000000000000000
000000000000000000000
000000000000000000000
000000000000000000000
000000000000000000000
000000000000000000000
000000000000000000000
000000000000000000000
000000000000000000000
000000000000000000000
000000000000000000000
000010000000000000010
000000000000000000000
000000000000000000000
000000000000000000000
000000000000000000000
000000000000000000000
000000000000000000000
000000000000000000000
000000000000000000000
000000000000000000000
000000000000000000000
000000000000000000000
000000000000000000000
000000000000000000000
000000000000000000000
000000000000000000000
000000000000000000000
000000000000000000000
000000000000000000000
000000000000000000000
000000000000000000000
000000000000000000000
000000000000000000000
000000000000000000000
000000000000000000000
000000000000000000000
000000000000000000000
000000000000000000000
000000000000000000000
000000000000000000000
000000000000000000000
000000000000000000000
000000000000000000010
000000000000000000000
000000000000000000000
000000000000000000000
000000000000000000000
000000000000000000000
000000000000000000000
000000000000000000000
000000000000000000000
000000000000000000000
000000000000000000000
000000000000000000000
000000000000000000000
000000000000000000000
000000000000000000000
000000000000000000000
000000000000000000010
000000000000000000000
000000000000000000000
000000000000000000000
000000000000000000000
000000000000000000000
000000000000000000000
000000000000000000000
000000000000000000010
000000000000000000000
000000000000000000000
000000000000000000000
000000000000000000010
000000000000000000000
000000000000000000010
000000000000000000010
40001400017ffff7ffff0
40001400017ffff7ffff0
40001400017ffff7ffff0
40001400017ffff7ffff0
40001400017ffff7ffff0
40001400017ffff7ffff0
40001400017ffff7ffff0
40001400017ffff7ffff0
40001400017ffff7ffff0
40001400017ffff7ffff0
40001400017ffff7ffff0
40001400017ffff7ffff0
40001400017ffff7ffff0
40001400017ffff7ffff0
40001400017ffff7ffff0
40001400017ffff7ffff0
40001400017ffff7ffff0
40001400017ffff7ffff0
40001400017ffff7ffff0
40001400017ffff7ffff0
40001400017ffff7ffff0
40001400017ffff7ffff0
40001400017ffff7ffff0
40001400017ffff7ffff0
40001400017ffff7ffff0
40001400017ffff7ffff0
40001400017ffff7ffff0
40001400017ffff7ffff0
40001400017ffff7ffff0
40001400017ffff7ffff0
40001400017ffff7ffff0
40001400017ffff7ffff0
40001400017ffff7ffff0
40001400017ffff7ffff0
40001400017ffff7ffff0
40001400017ffff7ffff0
40001400017ffff7ffff0
40001400017ffff7ffff0
40001400017ffff7ffff0
40001400017ffff7ffff0
40001400017ffff7ffff0
40001400017ffff7ffff0
40001400017ffff7ffff0
40001400017ffff7ffff0
40001400017ffff7ffff0
40001400017ffff7ffff0
40001400017ffff7ffff0
40001400017ffff7ffff0
40001400017ffff7ffff0
40001400017ffff7ffff0
40001400017ffff7ffff0
40001400017ffff7ffff0
40001400017ffff7ffff0
40001400017ffff7ffff0
40001400017ffff7ffff0
40001400017ffff7ffff0
40001400017ffff7ffff0
40001400017ffff7ffff0
40001400017ffff7ffff0
40001400017ffff7ffff0
40001400017ffff7ffff0
40001400017ffff7ffff0
40001400017ffff7ffff0
40001400017ffff7ffff0
40001400017ffff7ffff0
40001400017ffff7ffff0
40001400017ffff7ffff0
40001400017ffff7ffff0
40001400017ffff7ffff0
40001400017ffff7ffff0
40001400017ffff7ffff0
40001400017ffff7ffff0
40001400017ffff7ffff0
40001400017ffff7ffff0
40001400017ffff7ffff0
40001400017ffff7ffff0
40001400017ffff7ffff0
40001400017ffff7ffff0
40001400017ffff7ffff0
40001400017ffff7ffff0
40001400017ffff7ffff0
40001400017ffff7ffff0
40001400017ffff7ffff0
40001400017ffff7ffff0
40001400017ffff7ffff0
40001400017ffff7ffff0
40001400017ffff7ffff0
40001400017ffff7ffff0
40001400017ffff7ffff0
40001400017ffff7ffff0
40001400017ffff7ffff0
40001400017ffff7ffff0
40001400017ffff7ffff0
40001400017ffff7ffff0
40001400017ffff7ffff0
40001400017ffff7ffff0
40001400017ffff7ffff0
40001400017ffff7ffff0
40001400017ffff7ffff0
40001400017ffff7ffff0
40001400017ffff7ffff0
40001400017ffff7ffff0
40001400017ffff7ffff0
40001400017ffff7ffff0
40001400017ffff7ffff0
40001400017ffff7ffff0
40001400017ffff7ffff0
40001400017ffff7ffff0
40001400017ffff7ffff0
40001400017ffff7ffff0
40001400017ffff7ffff0
40001400017ffff7ffff0
40001400017ffff7ffff0
40001400017ffff7ffff0
40001400017ffff7ffff0
40001400017ffff7ffff0
40001400017ffff7ffff0
40001400017ffff7ffff0
40001400017ffff7ffff0
40001400017ffff7ffff0
40001400017ffff7ffff0
40001400017ffff7ffff0
40001400017ffff7ffff0
40001400017ffff7ffff0
40001400017ffff7ffff0
40001400017ffff7ffff0
40001400017ffff7ffff0
40001400017ffff7ffff0
40002400027ffff7ffff0
7ffff00000000007ffff0
40002400027ffff7ffff0
7ffff00000000007ffff0
40002400027ffff7ffff0
7ffff00000000007ffff0
40002400027ffff7ffff0
7ffff00000000007ffff0
40002400027ffff7ffff0
7ffff00000000007ffff0
40002400027ffff7ffff0
7ffff00000000007ffff0
40002400027ffff7ffff0
7ffff00000000007ffff0
40002400027ffff7ffff0
7ffff00000000007ffff0
40002400027ffff7ffff0
7ffff00000000007ffff0
40002400027ffff7ffff0
7ffff00000000007ffff0
40002400027ffff7ffff0
7ffff00000000007ffff0
40002400027ffff7ffff0
7ffff00000000007ffff0
40002400027ffff7ffff0
7ffff00000000007ffff0
40002400027ffff7ffff0
7ffff00000000007ffff0
40002400027ffff7ffff0
7ffff00000000007ffff0
40002400027ffff7ffff0
7ffff00000000007ffff0
40002400027ffff7ffff0
7ffff00000000007ffff0
40002400027ffff7ffff0
7ffff00000000007ffff0
40002400027ffff7ffff0
7ffff00000000007ffff0
40002400027ffff7ffff0
7ffff00000000007ffff0
40002400027ffff7ffff0
7ffff00000000007ffff0
40002400027ffff7ffff0
7ffff00000000007ffff0
40002400027ffff7ffff0
7ffff00000000007ffff0
40002400027ffff7ffff0
7ffff00000000007ffff0
40002400027ffff7ffff0
7ffff00000000007ffff0
40002400027ffff7ffff0
7ffff00000000007ffff0
40002400027ffff7ffff0
7ffff00000000007ffff0
40002400027ffff7ffff0
7ffff00000000007ffff0
40002400027ffff7ffff0
7ffff00000000007ffff0
40002400027ffff7ffff0
7ffff00000000007ffff0
40002400027ffff7ffff0
7ffff00000000007ffff0
40002400027ffff7ffff0
7ffff00000000007ffff0
40002400027ffff7ffff0
7ffff00000000007ffff0
40002400027ffff7ffff0
7ffff00000000007ffff0
40002400027ffff7ffff0
7ffff00000000007ffff0
40002400027ffff7ffff0
7ffff00000000007ffff0
40002400027ffff7ffff0
7ffff00000000007ffff0
40002400027ffff7ffff0
7ffff00000000007ffff0
40002400027ffff7ffff0
7ffff00000000007ffff0
40002400027ffff7ffff0
7ffff00000000007ffff0
40002400027ffff7ffff0
7ffff00000000007ffff0
40002400027ffff7ffff0
7ffff00000000007ffff0
40002400027ffff7ffff0
7ffff00000000007ffff0
40002400027ffff7ffff0
7ffff00000000007ffff0
40002400027ffff7ffff0
7ffff00000000007ffff0
40002400027ffff7ffff0
7ffff00000000007ffff0
40002400027ffff7ffff0
7ffff00000000007ffff0
40002400027ffff7ffff0
7ffff00000000007ffff0
40002400027ffff7ffff0
7ffff00000000007ffff0
40002400027ffff7ffff0
7ffff00000000007ffff0
40002400027ffff7ffff0
7ffff00000000007ffff0
40002400027ffff7ffff0
7ffff00000000007ffff0
40002400027ffff7ffff0
7ffff00000000007ffff0
40002400027ffff7ffff0
7ffff00000000007ffff0
40002400027ffff7ffff0
7ffff00000000007ffff0
40002400027ffff7ffff0
7ffff00000000007ffff0
40002400027ffff7ffff0
7ffff00000000007ffff0
40002400027ffff7ffff0
7ffff00000000007ffff0
40002400027ffff7ffff0
7ffff00000000007ffff0
40002400027ffff7ffff0
7ffff00000000007ffff0
40002400027ffff7ffff0
7ffff00000000007ffff0
40002400027ffff7ffff0
7ffff00000000007ffff0
40002400027ffff7ffff0
7ffff00000000007ffff0
40002400027ffff7ffff0
7ffff00000000007ffff0
40003400037ffff7ffff0
7ffff0000000000000000
7ffff00000000007ffff0
0000000000000007ffff0
40003400037ffff7ffff0
7ffff0000000000000000
7ffff00000000007ffff0
0000000000000007ffff0
40003400037ffff7ffff0
7ffff0000000000000000
7ffff00000000007ffff0
0000000000000007ffff0
40003400037ffff7ffff0
7ffff0000000000000000
7ffff00000000007ffff0
0000000000000007ffff0
40003400037ffff7ffff0
7ffff0000000000000000
7ffff00000000007ffff0
0000000000000007ffff0
40003400037ffff7ffff0
7ffff0000000000000000
7ffff00000000007ffff0
0000000000000007ffff0
40003400037ffff7ffff0
7ffff0000000000000000
7ffff00000000007ffff0
0000000000000007ffff0
40003400037ffff7ffff0
7ffff0000000000000000
7ffff00000000007ffff0
0000000000000007ffff0
40003400037ffff7ffff0
7ffff0000000000000000
7ffff00000000007ffff0
0000000000000007ffff0
40003400037ffff7ffff0
7ffff0000000000000000
7ffff00000000007ffff0
0000000000000007ffff0
40003400037ffff7ffff0
7ffff0000000000000000
7ffff00000000007ffff0
0000000000000007ffff0
40003400037ffff7ffff0
7ffff0000000000000000
7ffff00000000007ffff0
0000000000000007ffff0
40003400037ffff7ffff0
7ffff0000000000000000
7ffff00000000007ffff0
0000000000000007ffff0
40003400037ffff7ffff0
7ffff0000000000000000
7ffff00000000007ffff0
0000000000000007ffff0
40003400037ffff7ffff0
7ffff0000000000000000
7ffff00000000007ffff0
0000000000000007ffff0
40003400037ffff7ffff0
7ffff0000000000000000
7ffff00000000007ffff0
0000000000000007ffff0
40003400037ffff7ffff0
7ffff0000000000000000
7ffff00000000007ffff0
0000000000000007ffff0
40003400037ffff7ffff0
7ffff0000000000000000
7ffff00000000007ffff0
0000000000000007ffff0
40003400037ffff7ffff0
7ffff0000000000000000
7ffff00000000007ffff0
0000000000000007ffff0
40003400037ffff7ffff0
7ffff0000000000000000
7ffff00000000007ffff0
0000000000000007ffff0
40003400037ffff7ffff0
7ffff0000000000000000
7ffff00000000007ffff0
0000000000000007ffff0
40003400037ffff7ffff0
7ffff0000000000000000
7ffff00000000007ffff0
0000000000000007ffff0
40003400037ffff7ffff0
7ffff0000000000000000
7ffff00000000007ffff0
0000000000000007ffff0
40003400037ffff7ffff0
7ffff0000000000000000
7ffff00000000007ffff0
0000000000000007ffff0
40003400037ffff7ffff0
7ffff0000000000000000
7ffff00000000007ffff0
0000000000000007ffff0
40003400037ffff7ffff0
7ffff0000000000000000
7ffff00000000007ffff0
0000000000000007ffff0
40003400037ffff7ffff0
7ffff0000000000000000
7ffff00000000007ffff0
0000000000000007ffff0
40003400037ffff7ffff0
7ffff0000000000000000
7ffff00000000007ffff0
0000000000000007ffff0
40003400037ffff7ffff0
7ffff0000000000000000
7ffff00000000007ffff0
0000000000000007ffff0
40003400037ffff7ffff0
7ffff0000000000000000
7ffff00000000007ffff0
0000000000000007ffff0
40003400037ffff7ffff0
7ffff0000000000000000
7ffff00000000007ffff0
0000000000000007ffff0
40003400037ffff7ffff0
7ffff0000000000000000
7ffff00000000007ffff0
0000000000000007ffff0
40004400047ffff7ffff0
7ffff0000000000000000
7ffff0000000000000000
000000000000000000000
7ffff00000000007ffff0
000000000000000000000
0000000000000007ffff0
0000000000000007ffff0
40004400047ffff7ffff0
7ffff0000000000000000
7ffff0000000000000000
000000000000000000000
7ffff00000000007ffff0
000000000000000000000
0000000000000007ffff0
0000000000000007ffff0
40004400047ffff7ffff0
7ffff0000000000000000
7ffff0000000000000000
000000000000000000000
7ffff00000000007ffff0
000000000000000000000
0000000000000007ffff0
0000000000000007ffff0
40004400047ffff7ffff0
7ffff0000000000000000
7ffff0000000000000000
000000000000000000000
7ffff00000000007ffff0
000000000000000000000
0000000000000007ffff0
0000000000000007ffff0
40004400047ffff7ffff0
7ffff0000000000000000
7ffff0000000000000000
000000000000000000000
7ffff00000000007ffff0
000000000000000000000
0000000000000007ffff0
0000000000000007ffff0
40004400047ffff7ffff0
7ffff0000000000000000
7ffff0000000000000000
000000000000000000000
7ffff00000000007ffff0
000000000000000000000
0000000000000007ffff0
0000000000000007ffff0
40004400047ffff7ffff0
7ffff0000000000000000
7ffff0000000000000000
000000000000000000000
7ffff00000000007ffff0
000000000000000000000
0000000000000007ffff0
0000000000000007ffff0
40004400047ffff7ffff0
7ffff0000000000000000
7ffff0000000000000000
000000000000000000000
7ffff00000000007ffff0
000000000000000000000
0000000000000007ffff0
0000000000000007ffff0
40004400047ffff7ffff0
7ffff0000000000000000
7ffff0000000000000000
000000000000000000000
7ffff00000000007ffff0
000000000000000000000
0000000000000007ffff0
0000000000000007ffff0
40004400047ffff7ffff0
7ffff0000000000000000
7ffff0000000000000000
000000000000000000000
7ffff00000000007ffff0
000000000000000000000
0000000000000007ffff0
0000000000000007ffff0
40004400047ffff7ffff0
7ffff0000000000000000
7ffff0000000000000000
000000000000000000000
7ffff00000000007ffff0
000000000000000000000
0000000000000007ffff0
0000000000000007ffff0
40004400047ffff7ffff0
7ffff0000000000000000
7ffff0000000000000000
000000000000000000000
7ffff00000000007ffff0
000000000000000000000
0000000000000007ffff0
0000000000000007ffff0
40004400047ffff7ffff0
7ffff0000000000000000
7ffff0000000000000000
000000000000000000000
7ffff00000000007ffff0
000000000000000000000
0000000000000007ffff0
0000000000000007ffff0
40004400047ffff7ffff0
7ffff0000000000000000
7ffff0000000000000000
000000000000000000000
7ffff00000000007ffff0
000000000000000000000
0000000000000007ffff0
0000000000000007ffff0
40004400047ffff7ffff0
7ffff0000000000000000
7ffff0000000000000000
000000000000000000000
7ffff00000000007ffff0
000000000000000000000
0000000000000007ffff0
0000000000000007ffff0
40004400047ffff7ffff0
7ffff0000000000000000
7ffff0000000000000000
000000000000000000000
7ffff00000000007ffff0
000000000000000000000
0000000000000007ffff0
0000000000000007ffff0
40005400057ffff7ffff0
7ffff0000000000000000
7ffff0000000000000000
000000000000000000000
7ffff0000000000000000
000000000000000000000
000000000000000000000
000000000000000000000
7ffff00000000007ffff0
000000000000000000000
000000000000000000000
000000000000000000000
0000000000000007ffff0
000000000000000000000
0000000000000007ffff0
0000000000000007ffff0
40005400057ffff7ffff0
7ffff0000000000000000
7ffff0000000000000000
000000000000000000000
7ffff0000000000000000
000000000000000000000
000000000000000000000
000000000000000000000
7ffff00000000007ffff0
000000000000000000000
000000000000000000000
000000000000000000000
0000000000000007ffff0
000000000000000000000
0000000000000007ffff0
0000000000000007ffff0
40005400057ffff7ffff0
7ffff0000000000000000
7ffff0000000000000000
000000000000000000000
7ffff0000000000000000
000000000000000000000
000000000000000000000
000000000000000000000
7ffff00000000007ffff0
000000000000000000000
000000000000000000000
000000000000000000000
0000000000000007ffff0
000000000000000000000
0000000000000007ffff0
0000000000000007ffff0
40005400057ffff7ffff0
7ffff0000000000000000
7ffff0000000000000000
000000000000000000000
7ffff0000000000000000
000000000000000000000
000000000000000000000
000000000000000000000
7ffff00000000007ffff0
000000000000000000000
000000000000000000000
000000000000000000000
0000000000000007ffff0
000000000000000000000
0000000000000007ffff0
0000000000000007ffff0
40005400057ffff7ffff0
7ffff0000000000000000
7ffff0000000000000000
000000000000000000000
7ffff0000000000000000
000000000000000000000
000000000000000000000
000000000000000000000
7ffff00000000007ffff0
000000000000000000000
000000000000000000000
000000000000000000000
0000000000000007ffff0
000000000000000000000
0000000000000007ffff0
0000000000000007ffff0
40005400057ffff7ffff0
7ffff0000000000000000
7ffff0000000000000000
000000000000000000000
7ffff0000000000000000
000000000000000000000
000000000000000000000
000000000000000000000
7ffff00000000007ffff0
000000000000000000000
000000000000000000000
000000000000000000000
0000000000000007ffff0
000000000000000000000
0000000000000007ffff0
0000000000000007ffff0
40005400057ffff7ffff0
7ffff0000000000000000
7ffff0000000000000000
000000000000000000000
7ffff0000000000000000
000000000000000000000
000000000000000000000
000000000000000000000
7ffff00000000007ffff0
000000000000000000000
000000000000000000000
000000000000000000000
0000000000000007ffff0
000000000000000000000
0000000000000007ffff0
0000000000000007ffff0
40005400057ffff7ffff0
7ffff0000000000000000
7ffff0000000000000000
000000000000000000000
7ffff0000000000000000
000000000000000000000
000000000000000000000
000000000000000000000
7ffff00000000007ffff0
000000000000000000000
000000000000000000000
000000000000000000000
0000000000000007ffff0
000000000000000000000
0000000000000007ffff0
0000000000000007ffff0
40006400067ffff7ffff0
7ffff0000000000000000
7ffff0000000000000000
000000000000000000000
7ffff0000000000000000
000000000000000000000
000000000000000000000
000000000000000000000
7ffff0000000000000000
000000000000000000000
000000000000000000000
000000000000000000000
000000000000000000000
000000000000000000000
000000000000000000000
000000000000000000000
7ffff00000000007ffff0
000000000000000000000
000000000000000000000
000000000000000000000
000000000000000000000
000000000000000000000
000000000000000000000
000000000000000000000
0000000000000007ffff0
000000000000000000000
000000000000000000000
000000000000000000000
0000000000000007ffff0
000000000000000000000
0000000000000007ffff0
0000000000000007ffff0
40006400067ffff7ffff0
7ffff0000000000000000
7ffff0000000000000000
000000000000000000000
7ffff0000000000000000
000000000000000000000
000000000000000000000
000000000000000000000
7ffff0000000000000000
000000000000000000000
000000000000000000000
000000000000000000000
000000000000000000000
000000000000000000000
000000000000000000000
000000000000000000000
7ffff00000000007ffff0
000000000000000000000
000000000000000000000
000000000000000000000
000000000000000000000
000000000000000000000
000000000000000000000
000000000000000000000
0000000000000007ffff0
000000000000000000000
000000000000000000000
000000000000000000000
0000000000000007ffff0
000000000000000000000
0000000000000007ffff0
0000000000000007ffff0
40006400067ffff7ffff0
7ffff0000000000000000
7ffff0000000000000000
000000000000000000000
7ffff0000000000000000
000000000000000000000
000000000000000000000
000000000000000000000
7ffff0000000000000000
000000000000000000000
000000000000000000000
000000000000000000000
000000000000000000000
000000000000000000000
000000000000000000000
000000000000000000000
7ffff00000000007ffff0
000000000000000000000
000000000000000000000
000000000000000000000
000000000000000000000
000000000000000000000
000000000000000000000
000000000000000000000
0000000000000007ffff0
000000000000000000000
000000000000000000000
000000000000000000000
0000000000000007ffff0
000000000000000000000
0000000000000007ffff0
0000000000000007ffff0
40006400067ffff7ffff0
7ffff0000000000000000
7ffff0000000000000000
000000000000000000000
7ffff0000000000000000
000000000000000000000
000000000000000000000
000000000000000000000
7ffff0000000000000000
000000000000000000000
000000000000000000000
000000000000000000000
000000000000000000000
000000000000000000000
000000000000000000000
000000000000000000000
7ffff00000000007ffff0
000000000000000000000
000000000000000000000
000000000000000000000
000000000000000000000
000000000000000000000
000000000000000000000
000000000000000000000
0000000000000007ffff0
000000000000000000000
000000000000000000000
000000000000000000000
0000000000000007ffff0
000000000000000000000
0000000000000007ffff0
0000000000000007ffff0
40007400077ffff7ffff0
7ffff0000000000000000
7ffff0000000000000000
000000000000000000000
7ffff0000000000000000
000000000000000000000
000000000000000000000
000000000000000000000
7ffff0000000000000000
000000000000000000000
000000000000000000000
000000000000000000000
000000000000000000000
000000000000000000000
000000000000000000000
000000000000000000000
7ffff0000000000000000
000000000000000000000
000000000000000000000
000000000000000000000
000000000000000000000
000000000000000000000
000000000000000000000
000000000000000000000
000000000000000000000
000000000000000000000
000000000000000000000
000000000000000000000
000000000000000000000
000000000000000000000
000000000000000000000
000000000000000000000
7ffff00000000007ffff0
000000000000000000000
000000000000000000000
000000000000000000000
000000000000000000000
000000000000000000000
000000000000000000000
000000000000000000000
000000000000000000000
000000000000000000000
000000000000000000000
000000000000000000000
000000000000000000000
000000000000000000000
000000000000000000000
000000000000000000000
0000000000000007ffff0
000000000000000000000
000000000000000000000
000000000000000000000
000000000000000000000
000000000000000000000
000000000000000000000
000000000000000000000
0000000000000007ffff0
000000000000000000000
000000000000000000000
000000000000000000000
0000000000000007ffff0
000000000000000000000
0000000000000007ffff0
0000000000000007ffff0
40007400077ffff7ffff0
7ffff0000000000000000
7ffff0000000000000000
000000000000000000000
7ffff0000000000000000
000000000000000000000
000000000000000000000
000000000000000000000
7ffff0000000000000000
000000000000000000000
000000000000000000000
000000000000000000000
000000000000000000000
000000000000000000000
000000000000000000000
000000000000000000000
7ffff0000000000000000
000000000000000000000
000000000000000000000
000000000000000000000
000000000000000000000
000000000000000000000
000000000000000000000
000000000000000000000
000000000000000000000
000000000000000000000
000000000000000000000
000000000000000000000
000000000000000000000
000000000000000000000
000000000000000000000
000000000000000000000
7ffff00000000007ffff0
000000000000000000000
000000000000000000000
000000000000000000000
000000000000000000000
000000000000000000000
000000000000000000000
000000000000000000000
000000000000000000000
000000000000000000000
000000000000000000000
000000000000000000000
000000000000000000000
000000000000000000000
000000000000000000000
000000000000000000000
0000000000000007ffff0
000000000000000000000
000000000000000000000
000000000000000000000
000000000000000000000
000000000000000000000
000000000000000000000
000000000000000000000
0000000000000007ffff0
000000000000000000000
000000000000000000000
000000000000000000000
0000000000000007ffff0
000000000000000000000
0000000000000007ffff0
0000000000000007ffff0
40008400087ffff7ffff0
7ffff0000000000000000
7ffff0000000000000000
000000000000000000000
7ffff0000000000000000
000000000000000000000
000000000000000000000
000000000000000000000
7ffff0000000000000000
000000000000000000000
000000000000000000000
000000000000000000000
000000000000000000000
000000000000000000000
000000000000000000000
000000000000000000000
7ffff0000000000000000
000000000000000000000
000000000000000000000
000000000000000000000
000000000000000000000
000000000000000000000
000000000000000000000
000000000000000000000
000000000000000000000
000000000000000000000
000000000000000000000
000000000000000000000
000000000000000000000
000000000000000000000
000000000000000000000
000000000000000000000
7ffff0000000000000000
000000000000000000000
000000000000000000000
000000000000000000000
000000000000000000000
000000000000000000000
000000000000000000000
000000000000000000000
000000000000000000000
000000000000000000000
000000000000000000000
000000000000000000000
000000000000000000000
000000000000000000000
000000000000000000000
000000000000000000000
000000000000000000000
000000000000000000000
000000000000000000000
000000000000000000000
000000000000000000000
000000000000000000000
000000000000000000000
000000000000000000000
000000000000000000000
000000000000000000000
000000000000000000000
000000000000000000000
000000000000000000000
000000000000000000000
000000000000000000000
000000000000000000000
7ffff00000000007ffff0
000000000000000000000
000000000000000000000
000000000000000000000
000000000000000000000
000000000000000000000
000000000000000000000
000000000000000000000
000000000000000000000
000000000000000000000
000000000000000000000
000000000000000000000
000000000000000000000
000000000000000000000
000000000000000000000
000000000000000000000
000000000000000000000
000000000000000000000
000000000000000000000
000000000000000000000
000000000000000000000
000000000000000000000
000000000000000000000
000000000000000000000
000000000000000000000
000000000000000000000
000000000000000000000
000000000000000000000
000000000000000000000
000000000000000000000
000000000000000000000
000000000000000000000
0000000000000007ffff0
000000000000000000000
000000000000000000000
000000000000000000000
000000000000000000000
000000000000000000000
000000000000000000000
000000000000000000000
000000000000000000000
000000000000000000000
000000000000000000000
000000000000000000000
000000000000000000000
000000000000000000000
000000000000000000000
000000000000000000000
0000000000000007ffff0
000000000000000000000
000000000000000000000
000000000000000000000
000000000000000000000
000000000000000000000
000000000000000000000
000000000000000000000
0000000000000007ffff0
000000000000000000000
000000000000000000000
000000000000000000000
0000000000000007ffff0
000000000000000000000
0000000000000007ffff0
0000000000000007ffff0
3fffec0001000017ffff0
3fffec0001000017ffff0
3fffec0001000017ffff0
3fffec0001000017ffff0
3fffec0001000017ffff0
3fffec0001000017ffff0
3fffec0001000017ffff0
3fffec0001000017ffff0
3fffec0001000017ffff0
3fffec0001000017ffff0
3fffec0001000017ffff0
3fffec0001000017ffff0
3fffec0001000017ffff0
3fffec0001000017ffff0
3fffec0001000017ffff0
3fffec0001000017ffff0
3fffec0001000017ffff0
3fffec0001000017ffff0
3fffec0001000017ffff0
3fffec0001000017ffff0
3fffec0001000017ffff0
3fffec0001000017ffff0
3fffec0001000017ffff0
3fffec0001000017ffff0
3fffec0001000017ffff0
3fffec0001000017ffff0
3fffec0001000017ffff0
3fffec0001000017ffff0
3fffec0001000017ffff0
3fffec0001000017ffff0
3fffec0001000017ffff0
3fffec0001000017ffff0
3fffec0001000017ffff0
3fffec0001000017ffff0
3fffec0001000017ffff0
3fffec0001000017ffff0
3fffec0001000017ffff0
3fffec0001000017ffff0
3fffec0001000017ffff0
3fffec0001000017ffff0
3fffec0001000017ffff0
3fffec0001000017ffff0
3fffec0001000017ffff0
3fffec0001000017ffff0
3fffec0001000017ffff0
3fffec0001000017ffff0
3fffec0001000017ffff0
3fffec0001000017ffff0
3fffec0001000017ffff0
3fffec0001000017ffff0
3fffec0001000017ffff0
3fffec0001000017ffff0
3fffec0001000017ffff0
3fffec0001000017ffff0
3fffec0001000017ffff0
3fffec0001000017ffff0
3fffec0001000017ffff0
3fffec0001000017ffff0
3fffec0001000017ffff0
3fffec0001000017ffff0
3fffec0001000017ffff0
3fffec0001000017ffff0
3fffec0001000017ffff0
3fffec0001000017ffff0
400013fffefffff000010
400013fffefffff000010
400013fffefffff000010
400013fffefffff000010
400013fffefffff000010
400013fffefffff000010
400013fffefffff000010
400013fffefffff000010
400013fffefffff000010
400013fffefffff000010
400013fffefffff000010
400013fffefffff000010
400013fffefffff000010
400013fffefffff000010
400013fffefffff000010
400013fffefffff000010
400013fffefffff000010
400013fffefffff000010
400013fffefffff000010
400013fffefffff000010
400013fffefffff000010
400013fffefffff000010
400013fffefffff000010
400013fffefffff000010
400013fffefffff000010
400013fffefffff000010
400013fffefffff000010
400013fffefffff000010
400013fffefffff000010
400013fffefffff000010
400013fffefffff000010
400013fffefffff000010
400013fffefffff000010
400013fffefffff000010
400013fffefffff000010
400013fffefffff000010
400013fffefffff000010
400013fffefffff000010
400013fffefffff000010
400013fffefffff000010
400013fffefffff000010
400013fffefffff000010
400013fffefffff000010
400013fffefffff000010
400013fffefffff000010
400013fffefffff000010
400013fffefffff000010
400013fffefffff000010
400013fffefffff000010
400013fffefffff000010
400013fffefffff000010
400013fffefffff000010
400013fffefffff000010
400013fffefffff000010
400013fffefffff000010
400013fffefffff000010
400013fffefffff000010
400013fffefffff000010
400013fffefffff000010
400013fffefffff000010
400013fffefffff000010
400013fffefffff000010
400013fffefffff000010
400013fffefffff000010
3fffdc0002000017ffff0
000007ffff00001000000
3fffdc0002000017ffff0
000007ffff00001000000
3fffdc0002000017ffff0
000007ffff00001000000
3fffdc0002000017ffff0
000007ffff00001000000
3fffdc0002000017ffff0
000007ffff00001000000
3fffdc0002000017ffff0
000007ffff00001000000
3fffdc0002000017ffff0
000007ffff00001000000
3fffdc0002000017ffff0
000007ffff00001000000
3fffdc0002000017ffff0
000007ffff00001000000
3fffdc0002000017ffff0
000007ffff00001000000
3fffdc0002000017ffff0
000007ffff00001000000
3fffdc0002000017ffff0
000007ffff00001000000
3fffdc0002000017ffff0
000007ffff00001000000
3fffdc0002000017ffff0
000007ffff00001000000
3fffdc0002000017ffff0
000007ffff00001000000
3fffdc0002000017ffff0
000007ffff00001000000
3fffdc0002000017ffff0
000007ffff00001000000
3fffdc0002000017ffff0
000007ffff00001000000
3fffdc0002000017ffff0
000007ffff00001000000
3fffdc0002000017ffff0
000007ffff00001000000
3fffdc0002000017ffff0
000007ffff00001000000
3fffdc0002000017ffff0
000007ffff00001000000
3fffdc0002000017ffff0
000007ffff00001000000
3fffdc0002000017ffff0
000007ffff00001000000
3fffdc0002000017ffff0
000007ffff00001000000
3fffdc0002000017ffff0
000007ffff00001000000
3fffdc0002000017ffff0
000007ffff00001000000
3fffdc0002000017ffff0
000007ffff00001000000
3fffdc0002000017ffff0
000007ffff00001000000
3fffdc0002000017ffff0
000007ffff00001000000
3fffdc0002000017ffff0
000007ffff00001000000
3fffdc0002000017ffff0
000007ffff00001000000
400023fffdfffff000010
00000000017ffff000000
400023fffdfffff000010
00000000017ffff000000
400023fffdfffff000010
00000000017ffff000000
400023fffdfffff000010
00000000017ffff000000
400023fffdfffff000010
00000000017ffff000000
400023fffdfffff000010
00000000017ffff000000
400023fffdfffff000010
00000000017ffff000000
400023fffdfffff000010
00000000017ffff000000
400023fffdfffff000010
00000000017ffff000000
400023fffdfffff000010
00000000017ffff000000
400023fffdfffff000010
00000000017ffff000000
400023fffdfffff000010
00000000017ffff000000
400023fffdfffff000010
00000000017ffff000000
400023fffdfffff000010
00000000017ffff000000
400023fffdfffff000010
00000000017ffff000000
400023fffdfffff000010
00000000017ffff000000
400023fffdfffff000010
00000000017ffff000000
400023fffdfffff000010
00000000017ffff000000
400023fffdfffff000010
00000000017ffff000000
400023fffdfffff000010
00000000017ffff000000
400023fffdfffff000010
00000000017ffff000000
400023fffdfffff000010
00000000017ffff000000
400023fffdfffff000010
00000000017ffff000000
400023fffdfffff000010
00000000017ffff000000
400023fffdfffff000010
00000000017ffff000000
400023fffdfffff000010
00000000017ffff000000
400023fffdfffff000010
00000000017ffff000000
400023fffdfffff000010
00000000017ffff000000
400023fffdfffff000010
00000000017ffff000000
400023fffdfffff000010
00000000017ffff000000
400023fffdfffff000010
00000000017ffff000000
400023fffdfffff000010
00000000017ffff000000
3fffcc0003000017ffff0
000007ffff00000000000
000007ffff00001000000
000000000000001000000
3fffcc0003000017ffff0
000007ffff00000000000
000007ffff00001000000
000000000000001000000
3fffcc0003000017ffff0
000007ffff00000000000
000007ffff00001000000
000000000000001000000
3fffcc0003000017ffff0
000007ffff00000000000
000007ffff00001000000
000000000000001000000
3fffcc0003000017ffff0
000007ffff00000000000
000007ffff00001000000
000000000000001000000
3fffcc0003000017ffff0
000007ffff00000000000
000007ffff00001000000
000000000000001000000
3fffcc0003000017ffff0
000007ffff00000000000
000007ffff00001000000
000000000000001000000
3fffcc0003000017ffff0
000007ffff00000000000
000007ffff00001000000
000000000000001000000
3fffcc0003000017ffff0
000007ffff00000000000
000007ffff00001000000
000000000000001000000
3fffcc0003000017ffff0
000007ffff00000000000
000007ffff00001000000
000000000000001000000
3fffcc0003000017ffff0
000007ffff00000000000
000007ffff00001000000
000000000000001000000
3fffcc0003000017ffff0
000007ffff00000000000
000007ffff00001000000
000000000000001000000
3fffcc0003000017ffff0
000007ffff00000000000
000007ffff00001000000
000000000000001000000
3fffcc0003000017ffff0
000007ffff00000000000
000007ffff00001000000
000000000000001000000
3fffcc0003000017ffff0
000007ffff00000000000
000007ffff00001000000
000000000000001000000
3fffcc0003000017ffff0
000007ffff00000000000
000007ffff00001000000
000000000000001000000
400033fffcfffff000010
000000000100000000000
00000000017ffff000000
00000000007ffff000000
400033fffcfffff000010
000000000100000000000
00000000017ffff000000
00000000007ffff000000
400033fffcfffff000010
000000000100000000000
00000000017ffff000000
00000000007ffff000000
400033fffcfffff000010
000000000100000000000
00000000017ffff000000
00000000007ffff000000
400033fffcfffff000010
000000000100000000000
00000000017ffff000000
00000000007ffff000000
400033fffcfffff000010
000000000100000000000
00000000017ffff000000
00000000007ffff000000
400033fffcfffff000010
000000000100000000000
00000000017ffff000000
00000000007ffff000000
400033fffcfffff000010
000000000100000000000
00000000017ffff000000
00000000007ffff000000
400033fffcfffff000010
000000000100000000000
00000000017ffff000000
00000000007ffff000000
400033fffcfffff000010
000000000100000000000
00000000017ffff000000
00000000007ffff000000
400033fffcfffff000010
000000000100000000000
00000000017ffff000000
00000000007ffff000000
400033fffcfffff000010
000000000100000000000
00000000017ffff000000
00000000007ffff000000
400033fffcfffff000010
000000000100000000000
00000000017ffff000000
00000000007ffff000000
400033fffcfffff000010
000000000100000000000
00000000017ffff000000
00000000007ffff000000
400033fffcfffff000010
000000000100000000000
00000000017ffff000000
00000000007ffff000000
400033fffcfffff000010
000000000100000000000
00000000017ffff000000
00000000007ffff000000
3fffbc0004000017ffff0
000007ffff00000000000
000007ffff00000000000
000000000000000000000
000007ffff00001000000
000000000000000000000
000000000000001000000
000000000000001000000
3fffbc0004000017ffff0
000007ffff00000000000
000007ffff00000000000
000000000000000000000
000007ffff00001000000
000000000000000000000
000000000000001000000
000000000000001000000
3fffbc0004000017ffff0
000007ffff00000000000
000007ffff00000000000
000000000000000000000
000007ffff00001000000
000000000000000000000
000000000000001000000
000000000000001000000
3fffbc0004000017ffff0
000007ffff00000000000
000007ffff00000000000
000000000000000000000
000007ffff00001000000
000000000000000000000
000000000000001000000
000000000000001000000
3fffbc0004000017ffff0
000007ffff00000000000
000007ffff00000000000
000000000000000000000
000007ffff00001000000
000000000000000000000
000000000000001000000
000000000000001000000
3fffbc0004000017ffff0
000007ffff00000000000
000007ffff00000000000
000000000000000000000
000007ffff00001000000
000000000000000000000
000000000000001000000
000000000000001000000
3fffbc0004000017ffff0
000007ffff00000000000
000007ffff00000000000
000000000000000000000
000007ffff00001000000
000000000000000000000
000000000000001000000
000000000000001000000
3fffbc0004000017ffff0
000007ffff00000000000
000007ffff00000000000
000000000000000000000
000007ffff00001000000
000000000000000000000
000000000000001000000
000000000000001000000
400043fffbfffff000010
000000000100000000000
000000000100000000000
000000000000000000000
00000000017ffff000000
000000000000000000000
00000000007ffff000000
00000000007ffff000000
400043fffbfffff000010
000000000100000000000
000000000100000000000
000000000000000000000
00000000017ffff000000
000000000000000000000
00000000007ffff000000
00000000007ffff000000
400043fffbfffff000010
000000000100000000000
000000000100000000000
000000000000000000000
00000000017ffff000000
000000000000000000000
00000000007ffff000000
00000000007ffff000000
400043fffbfffff000010
000000000100000000000
000000000100000000000
000000000000000000000
00000000017ffff000000
000000000000000000000
00000000007ffff000000
00000000007ffff000000
400043fffbfffff000010
000000000100000000000
000000000100000000000
000000000000000000000
00000000017ffff000000
000000000000000000000
00000000007ffff000000
00000000007ffff000000
400043fffbfffff000010
000000000100000000000
000000000100000000000
000000000000000000000
00000000017ffff000000
000000000000000000000
00000000007ffff000000
00000000007ffff000000
400043fffbfffff000010
000000000100000000000
000000000100000000000
000000000000000000000
00000000017ffff000000
000000000000000000000
00000000007ffff000000
00000000007ffff000000
400043fffbfffff000010
000000000100000000000
000000000100000000000
000000000000000000000
00000000017ffff000000
000000000000000000000
00000000007ffff000000
00000000007ffff000000
3fffac0005000017ffff0
000007ffff00000000000
000007ffff00000000000
000000000000000000000
000007ffff00000000000
000000000000000000000
000000000000000000000
000000000000000000000
000007ffff00001000000
000000000000000000000
000000000000000000000
000000000000000000000
000000000000001000000
000000000000000000000
000000000000001000000
000000000000001000000
3fffac0005000017ffff0
000007ffff00000000000
000007ffff00000000000
000000000000000000000
000007ffff00000000000
000000000000000000000
000000000000000000000
000000000000000000000
000007ffff00001000000
000000000000000000000
000000000000000000000
000000000000000000000
000000000000001000000
000000000000000000000
000000000000001000000
000000000000001000000
3fffac0005000017ffff0
000007ffff00000000000
000007ffff00000000000
000000000000000000000
000007ffff00000000000
000000000000000000000
000000000000000000000
000000000000000000000
000007ffff00001000000
000000000000000000000
000000000000000000000
000000000000000000000
000000000000001000000
000000000000000000000
000000000000001000000
000000000000001000000
3fffac0005000017ffff0
000007ffff00000000000
000007ffff00000000000
000000000000000000000
000007ffff00000000000
000000000000000000000
000000000000000000000
000000000000000000000
000007ffff00001000000
000000000000000000000
000000000000000000000
000000000000000000000
000000000000001000000
000000000000000000000
000000000000001000000
000000000000001000000
400053fffafffff000010
000000000100000000000
000000000100000000000
000000000000000000000
000000000100000000000
000000000000000000000
000000000000000000000
000000000000000000000
00000000017ffff000000
000000000000000000000
000000000000000000000
000000000000000000000
00000000007ffff000000
000000000000000000000
00000000007ffff000000
00000000007ffff000000
400053fffafffff000010
000000000100000000000
000000000100000000000
000000000000000000000
000000000100000000000
000000000000000000000
000000000000000000000
000000000000000000000
00000000017ffff000000
000000000000000000000
000000000000000000000
000000000000000000000
00000000007ffff000000
000000000000000000000
00000000007ffff000000
00000000007ffff000000
400053fffafffff000010
000000000100000000000
000000000100000000000
000000000000000000000
000000000100000000000
000000000000000000000
000000000000000000000
000000000000000000000
00000000017ffff000000
000000000000000000000
000000000000000000000
000000000000000000000
00000000007ffff000000
000000000000000000000
00000000007ffff000000
00000000007ffff000000
400053fffafffff000010
000000000100000000000
000000000100000000000
000000000000000000000
000000000100000000000
000000000000000000000
000000000000000000000
000000000000000000000
00000000017ffff000000
000000000000000000000
000000000000000000000
000000000000000000000
00000000007ffff000000
000000000000000000000
00000000007ffff000000
00000000007ffff000000
3fff9c0006000017ffff0
000007ffff00000000000
000007ffff00000000000
000000000000000000000
000007ffff00000000000
000000000000000000000
000000000000000000000
000000000000000000000
000007ffff00000000000
000000000000000000000
000000000000000000000
000000000000000000000
000000000000000000000
000000000000000000000
000000000000000000000
000000000000000000000
000007ffff00001000000
000000000000000000000
000000000000000000000
000000000000000000000
000000000000000000000
000000000000000000000
000000000000000000000
000000000000000000000
000000000000001000000
000000000000000000000
000000000000000000000
000000000000000000000
000000000000001000000
000000000000000000000
000000000000001000000
000000000000001000000
3fff9c0006000017ffff0
000007ffff00000000000
000007ffff00000000000
000000000000000000000
000007ffff00000000000
000000000000000000000
000000000000000000000
000000000000000000000
000007ffff00000000000
000000000000000000000
000000000000000000000
000000000000000000000
000000000000000000000
000000000000000000000
000000000000000000000
000000000000000000000
000007ffff00001000000
000000000000000000000
000000000000000000000
000000000000000000000
000000000000000000000
000000000000000000000
000000000000000000000
000000000000000000000
000000000000001000000
000000000000000000000
000000000000000000000
000000000000000000000
000000000000001000000
000000000000000000000
000000000000001000000
000000000000001000000
400063fff9fffff000010
000000000100000000000
000000000100000000000
000000000000000000000
000000000100000000000
000000000000000000000
000000000000000000000
000000000000000000000
000000000100000000000
000000000000000000000
000000000000000000000
000000000000000000000
000000000000000000000
000000000000000000000
000000000000000000000
000000000000000000000
00000000017ffff000000
000000000000000000000
000000000000000000000
000000000000000000000
000000000000000000000
000000000000000000000
000000000000000000000
000000000000000000000
00000000007ffff000000
000000000000000000000
000000000000000000000
000000000000000000000
00000000007ffff000000
000000000000000000000
00000000007ffff000000
00000000007ffff000000
400063fff9fffff000010
000000000100000000000
000000000100000000000
000000000000000000000
000000000100000000000
000000000000000000000
000000000000000000000
000000000000000000000
000000000100000000000
000000000000000000000
000000000000000000000
000000000000000000000
000000000000000000000
000000000000000000000
000000000000000000000
000000000000000000000
00000000017ffff000000
000000000000000000000
000000000000000000000
000000000000000000000
000000000000000000000
000000000000000000000
000000000000000000000
000000000000000000000
00000000007ffff000000
000000000000000000000
000000000000000000000
000000000000000000000
00000000007ffff000000
000000000000000000000
00000000007ffff000000
00000000007ffff000000
3fff8c0007000017ffff0
000007ffff00000000000
000007ffff00000000000
000000000000000000000
000007ffff00000000000
000000000000000000000
000000000000000000000
000000000000000000000
000007ffff00000000000
000000000000000000000
000000000000000000000
000000000000000000000
000000000000000000000
000000000000000000000
000000000000000000000
000000000000000000000
000007ffff00000000000
000000000000000000000
000000000000000000000
000000000000000000000
000000000000000000000
000000000000000000000
000000000000000000000
000000000000000000000
000000000000000000000
000000000000000000000
000000000000000000000
000000000000000000000
000000000000000000000
000000000000000000000
000000000000000000000
000000000000000000000
000007ffff00001000000
000000000000000000000
000000000000000000000
000000000000000000000
000000000000000000000
000000000000000000000
000000000000000000000
000000000000000000000
000000000000000000000
000000000000000000000
000000000000000000000
000000000000000000000
000000000000000000000
000000000000000000000
000000000000000000000
000000000000000000000
000000000000001000000
000000000000000000000
000000000000000000000
000000000000000000000
000000000000000000000
000000000000000000000
000000000000000000000
000000000000000000000
000000000000001000000
000000000000000000000
000000000000000000000
000000000000000000000
000000000000001000000
000000000000000000000
000000000000001000000
000000000000001000000
400073fff8fffff000010
000000000100000000000
000000000100000000000
000000000000000000000
000000000100000000000
000000000000000000000
000000000000000000000
000000000000000000000
000000000100000000000
000000000000000000000
000000000000000000000
000000000000000000000
000000000000000000000
000000000000000000000
000000000000000000000
000000000000000000000
000000000100000000000
000000000000000000000
000000000000000000000
000000000000000000000
000000000000000000000
000000000000000000000
000000000000000000000
000000000000000000000
000000000000000000000
000000000000000000000
000000000000000000000
000000000000000000000
000000000000000000000
000000000000000000000
000000000000000000000
000000000000000000000
00000000017ffff000000
000000000000000000000
000000000000000000000
000000000000000000000
000000000000000000000
000000000000000000000
000000000000000000000
000000000000000000000
000000000000000000000
000000000000000000000
000000000000000000000
000000000000000000000
000000000000000000000
000000000000000000000
000000000000000000000
000000000000000000000
00000000007ffff000000
000000000000000000000
000000000000000000000
000000000000000000000
000000000000000000000
000000000000000000000
000000000000000000000
000000000000000000000
00000000007ffff000000
000000000000000000000
000000000000000000000
000000000000000000000
00000000007ffff000000
000000000000000000000
00000000007ffff000000
00000000007ffff000000
000017ffff3fff8400080
0000000000000007ffff0
0000000000000007ffff0
000000000000000000000
0000000000000007ffff0
000000000000000000000
000000000000000000000
000000000000000000000
0000000000000007ffff0
000000000000000000000
000000000000000000000
000000000000000000000
000000000000000000000
000000000000000000000
000000000000000000000
000000000000000000000
0000000000000007ffff0
000000000000000000000
000000000000000000000
000000000000000000000
000000000000000000000
000000000000000000000
000000000000000000000
000000000000000000000
000000000000000000000
000000000000000000000
000000000000000000000
000000000000000000000
000000000000000000000
000000000000000000000
000000000000000000000
000000000000000000000
0000000000000007ffff0
000000000000000000000
000000000000000000000
000000000000000000000
000000000000000000000
000000000000000000000
000000000000000000000
000000000000000000000
000000000000000000000
000000000000000000000
000000000000000000000
000000000000000000000
000000000000000000000
000000000000000000000
000000000000000000000
000000000000000000000
000000000000000000000
000000000000000000000
000000000000000000000
000000000000000000000
000000000000000000000
000000000000000000000
000000000000000000000
000000000000000000000
000000000000000000000
000000000000000000000
000000000000000000000
000000000000000000000
000000000000000000000
000000000000000000000
000000000000000000000
000000000000000000000
0000100000000007ffff0
000000000000000000000
000000000000000000000
000000000000000000000
000000000000000000000
000000000000000000000
000000000000000000000
000000000000000000000
000000000000000000000
000000000000000000000
000000000000000000000
000000000000000000000
000000000000000000000
000000000000000000000
000000000000000000000
000000000000000000000
000000000000000000000
000000000000000000000
000000000000000000000
000000000000000000000
000000000000000000000
000000000000000000000
000000000000000000000
000000000000000000000
000000000000000000000
000000000000000000000
000000000000000000000
000000000000000000000
000000000000000000000
000000000000000000000
000000000000000000000
000000000000000000000
000010000000000000000
000000000000000000000
000000000000000000000
000000000000000000000
000000000000000000000
000000000000000000000
000000000000000000000
000000000000000000000
000000000000000000000
000000000000000000000
000000000000000000000
000000000000000000000
000000000000000000000
000000000000000000000
000000000000000000000
000000000000000000000
000010000000000000000
000000000000000000000
000000000000000000000
000000000000000000000
000000000000000000000
000000000000000000000
000000000000000000000
000000000000000000000
000010000000000000000
000000000000000000000
000000000000000000000
000000000000000000000
000010000000000000000
000000000000000000000
000010000000000000000
000010000000000000000
7fffe7fffe7fffdfffff0
00000fffff7fffdfffff0
7ffff7fffe800027ffff0
000027ffff800027ffff0
0000100001ffffdfffff0
7ffff7ffff00002000020
0000200002000027ffff0
00000000007fffd800020
7ffff800007fffd800020
00002000017fffd800020
000010000000002000020
7fffeffffe7fffdfffff0
7fffe00000000027ffff0
0000000001000027ffff0
7ffff00000ffffdfffff0
0000180001ffffdfffff0
7ffff00000800027ffff0
0000100001800027ffff0
00000000017fffdfffff0
7fffe00002000027ffff0
000020000100002000020
7ffffffffeffffdfffff0
7fffe7fffe000027ffff0
000017ffff000027ffff0
000007ffff000027ffff0
7fffe000007fffdfffff0
00001fffffffffdfffff0
7ffff00000800027ffff0
7fffefffff7fffd800020
00001000007fffd800020
000000000000002000020
000020000100002000020
000017ffff00002000020
7fffe800007fffd800020
00002000007fffd800020
000000000100002000020
7ffff7ffffffffdfffff0
0000180000ffffdfffff0
0000000000000027ffff0
7fffe000017fffdfffff0
0000200001000027ffff0
00000000027fffdfffff0
7ffff00001800027ffff0
000017ffff00002000020
00000ffffe7fffdfffff0
7fffe7ffff000027ffff0
000027fffe800027ffff0
7fffffffffffffdfffff0
00001ffffeffffdfffff0
7ffff7ffff800027ffff0
7fffe7ffff7fffdfffff0
00000800007fffdfffff0
0000000002000027ffff0
000020000000002000020
000017ffff7fffd800020
7ffff0000000002000020
7fffe0000000002000020
000017fffe000027ffff0
7ffff800017fffd800020
000027fffeffffdfffff0
0000100000800027ffff0
7ffff00001ffffdfffff0
7fffe00001000027ffff0
0000000002000027ffff0
000020000000002000020
7ffffffffe7fffdfffff0
7fffe0000100002000020
000017fffe800027ffff0
0000000000ffffdfffff0
7fffe00001800027ffff0
0000100001000027ffff0
7ffff000027fffdfffff0
7fffe800027fffdfffff0
00001000007fffd800020
000007ffff00002000020
000020000000002000020
00001fffff7fffdfffff0
7ffff00000000027ffff0
7fffe7ffffffffdfffff0
0000080000ffffdfffff0
7fffe7ffff800027ffff0
0000000000800027ffff0
7ffff000007fffdfffff0
00001800017fffdfffff0
000010000000002000020
7fffe800017fffd800020
00002000007fffd800020
000007fffe000027ffff0
7ffff7fffe000027ffff0
000027ffff000027ffff0
00000ffffeffffdfffff0
7fffe7ffff800027ffff0
0000200001800027ffff0
000007ffff7fffd800020
7ffff00002000027ffff0
000010000000002000020
0000000001800027ffff0
000027ffff00002000020
00001000027fffdfffff0
7ffff0000000002000020
7fffe7fffeffffdfffff0
00000fffffffffdfffff0
7ffff7ffff000027ffff0
0000200000000027ffff0
0000100000000027ffff0
7ffff000017fffdfffff0
7fffe00000800027ffff0
0000000001800027ffff0
7ffff800007fffd800020
000027fffe7fffdfffff0
000010000100002000020
7fffeffffeffffdfffff0
00000800017fffd800020
7fffe7fffe800027ffff0
000027fffe000027ffff0
7fffffffff7fffdfffff0
7ffff00001000027ffff0
0000100002000027ffff0
0000000001ffffdfffff0
7fffe7ffff00002000020
000027ffff7fffd800020
000000000000002000020
7fffe800007fffd800020
00001000017fffd800020
000007ffff800027ffff0
7fffe00000ffffdfffff0
00001800007fffdfffff0
7ffff00001000027ffff0
7ffff7fffefffff7ffff8
7fffe000017ffff7fffe0
00000fffff7fffefffff8
00000ffffe80001800008
000000000000001000010
000007fffeffffe000008
000010000100001000010
0000200001000007fffe0
0000100000fffff7ffff8
00000000027fffe000000
000007ffff00001000010
000008000200001800000
7ffff00000fffff7ffff8
00000ffffe80001800008
00000000017ffff7ffff8
7fffe000017ffff7fffe0
00000000017ffff7ffff8
00000ffffe80001800008
7ffff00001800017ffff8
7fffe7fffefffff000008
000010000000001000010
000008000200001800000
7ffffffffeffffefffff8
00000ffffe80001800008
7ffff7ffff800017ffff8
000008000100001ffffe0
0000000000000017ffff8
7fffe7fffefffff000008
000007fffffffff7ffff8
00000000027fffe000000
0000100000fffff7ffff8
000020000000000000020
000007ffff800017ffff8
000020000200000000000
0000100000800017ffff8
00000000007fffe000020
00000000007ffff7ffff8
7fffe000017ffff7fffe0
7ffff00000800017ffff8
000008000100001ffffe0
0000100001800017ffff8
000008000100001ffffe0
00000000007ffff000010
000027fffe80000000008
7ffff7fffe800017ffff8
7fffe7fffefffff000008
000017ffff000017ffff8
000008000100001ffffe0
000007ffff000017ffff8
7fffe7fffefffff000008
7ffff7fffffffff7ffff8
7fffe000017ffff7fffe0
00001000017ffff000010
000027fffe80000000008
000007ffff800017ffff8
00000000007fffe000020
7fffffffff7fffe800010
000008000000001800020
00001000007ffff000010
7fffe000027ffff000000
0000000001000017ffff8
000008000100001ffffe0
7ffff00001fffff7ffff8
00000ffffe80001800008
000017ffff00001000010
000008000200001800000
7ffff800007fffe800010
000008000000001800020
7ffff00001000017ffff8
7fffe7fffefffff000008
0000000001800017ffff8
000008000100001ffffe0
00000000017ffff000010
00000000017fffe7fffe0
000017fffffffff7ffff8
000020000000000000020
000007ffff800017ffff8
7fffe7fffefffff000008
7ffff000007ffff7ffff8
7fffe000017ffff7fffe0
7ffff000007ffff7ffff8
00000ffffe80001800008
0000000000fffff7ffff8
7fffe000017ffff7fffe0
0000000000800017ffff8
000020000200000000000
000017ffff00001000010
7fffe000007ffff000020
00000ffffeffffefffff8
00000ffffe80001800008
7ffff7ffff000017ffff8
7fffe7fffefffff000008
000010000000001000010
0000200001000007fffe0
00000000017ffff000010
000027fffe80000000008
00001000007ffff000010
000027fffe80000000008
000000000100001000010
000007fffeffffe000008
7ffff7ffff7ffff7ffff8
7fffe000017ffff7fffe0
00000fffffffffefffff8
00000ffffe80001800008
0000000000800017ffff8
000008000100001ffffe0
7ffff000017ffff7ffff8
00000ffffe80001800008
000017ffff7ffff000010
7fffe000027ffff000000
000000000000001000010
000008000200001800000
7ffff0000000001000010
7fffe000007ffff000020
000017fffe800017ffff8
000008000100001ffffe0
0000000001fffff7ffff8
00000ffffe80001800008
7ffff0000000001000010
000007fffeffffe000008
000017ffff800017ffff8
00000000007fffe000020
0000000000fffff7ffff8
00000000027fffe000000
7ffff00000000017ffff8
000008000100001ffffe0
0000000000800017ffff8
7fffe7fffefffff000008
000007ffff7ffff000000
7ffff000007ffff000010
7ffff00000800007ffff0
7ffff7fffe00000000000
0000080000ffffffffff8
000017ffff7ffff7ffff8
000010000000000000010
7fffe00001000007ffff8
000008000000000800010
0000100001fffff000008
000007ffff7ffff000000
7fffeffffffffff800008
7ffff800017ffff800000
000000000000000ffffe0
7ffff00000000007ffff0
0000080001000017ffff0
7ffff8000100000800000
7ffff7ffff80001fffff0
7ffff7ffff00000000000
000010000080000000000
000007ffff00001000010
000000000000000800020
000000000100001000000
00000fffff00001000010
7ffff800007ffff800000
7ffff0000100001800000
000007ffff00001000000
000017ffff000007ffff0
00000800007fffffffff8
00001000007ffff000020
7ffff00000000007ffff0
000007ffff7fffe000010
00000800007fffffffff8
000010000100001000010
000007ffff00001000000
00001800007fffe800000
7ffff8000000000800000
7ffff800017fffe800000
7ffff7ffff00000000000
7fffe7ffff000017ffff0
000008000100000800010
00000fffff00000000020
0000100000000007ffff0
000017ffff00000fffff0
000007ffff7ffff000000
7fffffffffffffefffff0
000007ffff00001000000
7fffe0000080001000000
7fffffffff00000800000
7ffff000007ffff7fffe0
0000000000000017ffff0
7ffff00001000007ffff0
000008000000000800010
000017ffff000017ffff0
7ffff0000000000000010
00001800007fffe800000
000007fffffffff7ffff8
0000000001800007fffe8
00000000017ffff000000
000010000100000800010
7ffff8000100000800000
000000000000000800010
0000000000000017ffff0
00000ffffe00001000000
000007ffff800017ffff8
000008000100000000010
000010000100000000000
000017ffff00000800010
7ffff800017ffff800000
7fffffffffffffefffff0
000007ffff00001000000
7fffe0000080001000000
00000800007ffff800010
00001000007ffff000010
7ffff0000100000000000
000007fffe7fffe000000
7ffff8000000000800000
7ffff000007ffff7fffe0
0000000000000017ffff0
7ffff00001000007ffff0
7ffff800007ffff800000
000000000000000ffffe0
7ffff00000000007ffff0
0000080001000017ffff0
00000800007ffff800010
000000000200002000000
000017ffff00000000000
00001000007ffff000000
000007ffff00001000000
7ffff7ffff80001fffff0
7ffff7ffff7ffff800000
000010000080000000000
000008000080000fffff8
000017ffff00001000020
000010000100000000000
000007ffff000007ffff0
000008000080000fffff8
00000fffff00001800000
00000000007ffff000010
00001000017ffff000000
000007ffff7ffff000000
7ffff000007ffff000010
7ffff00000800007ffff0
7ffff7fffe00000000000
7ffff8000100000800000
000000000000000800010
0000000000000017ffff0
00000ffffe00001000000
00000fffff80000fffff8
0000000001ffffe000008
00000000007ffff000010
7ffff7ffff80000000008
000007ffff7ffff000010
7ffff800007fffe800000
000000000000001000010
7fffe0000100001000010
7ffff8000100000800010
000007ffff00001000000
000007ffff7ffff000000
000020000100000000000
000008000000000fffff8
00001000017ffff7ffff0
0000000000000017ffff0
00000000027fffe000000
7ffff800007ffff800000
7ffff0000100001800000
000007ffff00001000000
000017ffff000007ffff0
0000000000000007ffff0
000007ffff7ffff000010
00000000007ffff000008
7ffff800007ffffffffe0
7ffff0000000000000000
7ffff800017ffff800000
000007ffff00000000000
000000000000000000000
000000000080000fffff8
000008000100000800010
0000000000000007ffff0
00000000007ffff000000
000000000100000000000
7fffe8000080000800000
7ffff0000000000000000
7ffff0000080000800000
000000000000000000010
7ffff800007ffff800000
00000000007ffff7ffff0
000000000000001000010
000017ffff80000000008
00001fffff00000000000
000000000000000000000
000007ffff00000000010
00000000007ffff800000
00000000007ffff000010
0000000000000007ffff0
000007ffff00001000000
7ffff8000000000000000
000020000000000000000
000000000000001000000
000017fffffffff7ffff8
000000000000000800000
000008000100000800000
7ffff7ffff800017ffff8
000000000100001fffff0
000007ffff80000000000
000010000100000000000
000008000000000800000
7fffe8000000000000000
000000000000000000010
000007ffff00000800000
000000000000001000000
0000000000800017fffe8
000000000100000000000
000000000200000000000
000007ffff00000000000
000007ffff00001000000
000007ffffffffffffff8
000007ffff7ffff000010
000000000000000000000
00000000007ffff000010
000010000000000000000
7ffff7ffff000007ffff0
000017ffff00000000000
00001000007ffff7ffff0
0000000000000007ffff0
000000000100000000010
000000000080000000008
000000000000001000010
7ffffffffffffff800000
000007ffff00000000000
7ffff0000000000000000
000000000000001000010
0000000000000007ffff0
000000000000000800010
000000000000001000010
0000000000800017fffe8
000008000000000fffff8
0000000001800007ffff8
000000000000000000000
000000000000001000010
000000000000000800000
000000000000001000000
7ffff80000fffff800008
0000000000000007fffe0
000000000000000000010
7ffff0000100000000000
7ffff0000000001000000
7ffff00000fffff7ffff8
00000000007ffff800000
00000800017fffffffff0
7fffffffff7ffff800010
000008000000000000010
00000000007ffff000000
000007fffe00001000000
000007ffff800007ffff8
0000100000000007ffff0
0000000000000007ffff0
000007ffff7ffff000008
000007fffffffff7ffff8
000000000000001000008
000000000000001000000
00001fffff00000000000
000000000000000000000
0000000000800007ffff8
000000000000000000010
0000000000000017ffff0
0000000000800007ffff8
7ffff8000080001800008
0000000000000007ffff0
000018000000000000000
7ffff0000100000000000
7ffff800007ffff800000
00000000007ffff800010
0000000001000007ffff0
000000000000000000000
000007ffff000017ffff0
000000000000000800000
000010000100000000000
000017ffff800007ffff8
000008000000000800000
0000000000000007ffff0
7fffffffff80000000008
000000000000000000000
00000000007fffe000010
00000000007ffff000010
7ffff7fffffffff800008
000010000100000000000
000008000080000800008
000000000000000800000
000000000100001000000
000000000000000000000
000000000000000000020
0000000000000007ffff8
7ffff7ffff00000000000
000007ffff00001000000
7ffff00000fffff7ffff8
000000000000000000000
0000000000000007ffff0
000000000000000000000
000000000000000000000
00000000007ffff000000
7ffff8000100000000000
0000000000000007ffff0
0000000000800007ffff8
000007ffff00000000000
00000000007ffff000010
7ffff0000080000000000
000007fffffffffffffe8
000000000000000000000
7ffff8000000000000000
000000000000000000000
000000000000000000000
000000000000000000000
000000000000000000000
000000000000000000000
000007ffff80000000008
0000000000000017ffff8
000017ffff00000000000
000000000000000000000
000007ffff00000000000
000000000100000000000
0000000000fffff7ffff8
7ffff00000000007ffff0
000000000000001000010
000000000000000000000
000000000000000000000
7ffff8000000000800000
00000800017ffff800000
000000000000000000000
000000000000000000010
7ffff800007ffff800000
000000000100000000000
0000000000000007ffff8
000010000100000000000
000000000000001000000
7ffff0000000000000000
000010000000000000000
000000000000000000000
000007ffff00001000000
000007ffff800027ffff8
000000000000000000000
000000000000000000000
000000000000000000000
7ffff8000000000800000
000000000000000000000
0000000000000007ffff0
000000000000000000000
000000000000000000000
000000000000001000000
7ffff7ffff00000000000
0000000000000017ffff0
000008000000000800000
7ffff0000000000000000
0000000000fffff000008
000000000000000000000
00000000007ffff000010
000000000000000000000
000007ffff800007ffff8
000000000000000000000
7ffff7ffff00000000000
000000000000000000000
000000000000000000000
000000000000000000000
000000000000000000000
000000000000000000000
000000000180000000000
0000000000800007ffff8
0000000000800007ffff8
000007ffff00000000000
000000000000000000010
000010000100000000000
0000000000000017ffff0
00000fffff80000000000
000000000000000000000
7ffff8000000000800000
000010000100000000000
000000000000000000000
000000000000000000010
000007ffff00000000000
000000000000000000000
000000000000000000000
000007fffe00000000000
000000000000000000000
000010000000000000000
7ffff0000000000000000
00000000007fffffffff0
000000000100000000000
000000000000000000010
7ffff0000000000000000
000008000000000800000
000000000000000000000
0000000000000007ffff0
000000000000000000000
0000000000800007ffff8
000000000000000000000
7ffff8000000000000010
000000000000000000000
000018000000000000000
7ffff800007ffff800010
000000000000000000000
00000800017ffff800000
000007ffff800017ffff8
000000000000000000000
000000000000001800008
000007ffff00000000000
000000000000000000000
000000000000000000000
7ffff8000000000000000
000000000000000000000
0000000000000007ffff0
000000000000000000000
000000000000000000000
000000000000000000000
7ffff00000000007ffff8
000000000000001000010
000008000100000000000
000007ffff00000000000
000000000000000000010
000000000000000000000
00000000007fffe000010
7ffff0000100000000000
000000000000000000000
7ffff8000000000800000
000010000080000000000
000000000000000000000
000000000000000000000
000000000000000000000
000000000000000000000
000000000000000000000
00000000007ffff800010
000000000000000000000
000000000000000000010
0000000000000007ffff0
000000000000000000000
7ffff0000100000000000
000000000000000000000
000000000000000000000
000000000000000000000
000000000000000000000
00000800007ffff800000
000000000000000000000
000007ffff800007ffff8
000000000000000000000
000000000000000000000
7ffff0000000000000000
000000000000000000000
000007ffff800007ffff8
000000000000000000000
000000000000000000000
00000000017ffff000000
0000000000800007ffff8
7ffffffffe80000000000
000000000000000000000
000000000000000000000
000000000000000000000
000000000000000000000
000000000000000000000
000000000000000000000
000000000000000000000
000000000080000000008
000000000000000000000
000000000000001000010
000000000000000000000
00000000007ffff000000
000000000000001000000
000000000000000000000
000007ffff800007ffff8
000000000000000000000
000000000000000000000
000000000000000000000
000000000000000000000
7ffff00000800007ffff8
000000000000000000000
7ffff8000080000800008
000000000000000000000
000000000000000000000
000007ffff00000000000
000000000000000000000
000000000000001000000
000000000000000000000
000000000000000000000
00000800007ffff800000
000008000000000800000
000027ffff80000000000
000000000000000000000
000000000000000000000
000000000000000000000
000000000000000000000
000000000000000000000
000000000000000000000
000007ffff80000000008
000000000000000000000
000000000000000000000
7ffff8000000000800020
000000000000000000000
00000800007ffff800008
0000000000000007ffff0
000000000000000000000
000010000100000000000
000000000000000000000
000000000000000fffff0
000000000000000000000
000000000000000000000
000008000080000800008
000000000000000000000
00000800007ffff800000
000000000000000000000
000000000000000000000
000000000000000000000
000000000000000000000
000000000000000000000
000000000000000000000
000000000000000000000
000000000100000000000
000000000000000000000
000017ffff00000000000
000000000000000000000
000000000000000000000
000000000000000000000
0000000000800007ffff8
000000000000000000000
000000000000000000000
000000000000000000000
000000000000000000000
000000000000000000000
000000000000001000000
000000000000000000000
00000800007ffff800000
000000000000000800010
000000000000000000000
000000000000000000000
000000000000000000000
0000000000000007ffff0
000000000000000000000
000000000000000000000
000007fffffffff800008
000000000000000000000
7ffff8000000000800000
000000000000000000000
000000000080000000008
000000000000000000000
000000000000000000000
00000000007ffff800010
000000000000000000000
000000000000000000000
000017ffff00000000000
000000000000000000000
000020000000000000000
000000000000000000000
000000000000000000000
000000000000000000000
000000000000000000000
000000000000000000000
000000000000000000000
000000000000000000000
000000000000000000000
000000000000000000000
000000000000000000000
000000000000000000000
000000000000000000000
000000000000000000000
000000000000000000000
7ffff800007ffff800010
000000000000000000000
000000000000000000000
000000000000000000000
000000000000000000000
000000000080000fffff8
000000000000000000000
0000000000000007ffff8
000000000000000000000
000000000000000000000
7ffff0000000000000000
000000000000000000000
000000000000000000000
000000000000000000000
000000000000000000000
000000000000000000010
000000000000000000008
000007fffe00000000000
000000000000000000000
000000000000000000000
000000000000000000000
000000000000000000000
000000000000000000000
000000000000000000000
000000000000000000000
000000000000000000000
000000000000000000000
00000000007ffff800010
000000000000000000000
000000000100000000000
000007ffff00000000000
000000000000000000000
000000000000000000000
000000000000000000000
000000000000000000000
000000000000000000000
000000000000000000000
7ffff8000000000000000
000000000000000000000
000007ffff80000000000
000000000000000000000
000000000000000000000
000000000000000000000
000000000000000000000
7fffffffff80000800000
000000000000000000000
000000000000000000000
00000000007ffff000000
000000000000000000000
000000000000000000000
000000000000000000000
000000000000000000000
000000000000000000000
000000000000000000000
000000000000000000000
000000000000000000000
000000000000000000000
000000000000000000000
000000000000000000000
000000000000000000000
000000000000000000000
000008000000000000000
000000000000000000000
000000000000000000000
000008000080000800008
000000000000000000000
000000000000000000000
000000000000000000000
000000000000000000000
000000000000000800008
000000000000000000000
000000000000000800000
000000000000000000000
000000000000000000000
000000000000000000000
000000000000000000000
000000000000000000000
000000000000000000000
000000000000000000000
000000000000000000010
000000000000000000000
000017fffe80000000008
000000000000000000000
000000000000000000000
000000000000000000000
000000000000000000000
000000000000000000000
000000000000000000000
000000000000000000000
000000000000000000000
000000000000000000000
000000000080000000018
000000000000000000000
000000000080000000000
000007ffff00000000000
000000000000000000000
000000000000000000000
000000000000000000000
0000000000000017ffff0
000000000000000000000
000000000000000000000
000008000000000000000
000000000000000000000
7ffff8000000000000000
000000000000000000000
000000000000000000000
000000000000000000000
000000000000000000000
00000800007ffff800000
000000000000000000000
000000000000000000000
000000000000000000000
000000000000000000000
000000000000000000000
000000000000000000000
000000000000000000000
000000000000000000000
000000000000000000000
000000000000000000000
000000000000000000000
000000000000000000000
000000000000000000000
000000000000000000000
000000000000000000000
000000000000000000000
000000000000000000000
000000000000000000000
000000000000000000000
00000000007ffff800000
000000000000000000000
000000000000000000000
000000000000000000000
000000000000000000000
000000000000000000000
000000000000000000000
000000000000000000000
000000000000000000000
000000000000000000000
7ffff800007ffff800000
000000000000000000000
000000000000000000000
000000000000000000000
000000000000000000000
000000000000000000000
000000000000000000000
000007fffe00000000000
000000000000000000000
000000000000000000000
000000000000000000000
000000000000000000000
000000000000000000000
000000000000000000000
000000000000000000000
000000000000000000000
000000000000000000000
000000000000000000000
000000000000000000000
000000000100000000000
7fffffffff00000800000
000000000000000000000
000000000000000000000
000000000000000000000
000000000000000000000
000000000000000000000
000000000000000000000
000000000000000000000
000000000000000000000
0000000000000007ffff8
000000000000000000000
000000000000000000000
000000000000000000000
000000000000000000000
000007ffff80000000000
000000000000000000000
000000000000000000000
000000000000000000000
000000000000000000000
000000000000000000000
000000000000000000000
000000000000000000000
000000000000000000000
000000000000000000000
000000000000000000000
000000000000000000000
000000000000000000000
000000000000000000000
000000000000000000000
000000000000000000000
000000000000000000000
000000000000000000000
000000000000000000000
000000000000000000000
00000000007ffff800010
000000000000000000000
000000000000000000000
000000000000000000000
000000000000000000000
00000fffff80000000000
000000000000000000000
000007ffff80000000000
000000000000000000000
000000000000000000000
000000000000000000000
000000000000000000000
000000000000000000000
000000000000000000000
000000000000000000000
00000800007ffff800010
000000000000000000000
000000000000000000000
000000000000000000000
000000000000000000000
000000000000000000000
000000000000000000000
000000000000000000000
000000000000000000000
000000000000000000000
000000000000000000000
000000000000000000000
00000000007ffff000010
000000000000000000000
000000000000000000000
000000000000000000000
000000000000000000000
000000000000000000000
000000000000000000000
7ffff0000000001000000
000000000000000000000
000000000000000000000
000000000000000000000
000000000000000000000
000000000000000000000
000000000000000000000
000000000000000000000
000000000000000000000
000000000000000000000
000008000000000000000
000000000000000000000
000000000000000000000
7ffff800007ffff800000
000000000000000000000
000000000000000000000
000000000000000000000
000000000000000000000
000000000000000000000
000000000000000000000
00001000013ffff3ffff0
7ffff00001400013ffff0
00001000013ffff3ffff0
7ffff00001400013ffff0
00001000013ffff3ffff0
7ffff00001400013ffff0
00001000013ffff3ffff0
7ffff00001400013ffff0
00001000013ffff3ffff0
7ffff00001400013ffff0
00001000013ffff3ffff0
7ffff00001400013ffff0
00001000013ffff3ffff0
7ffff00001400013ffff0
00001000013ffff3ffff0
7ffff00001400013ffff0
00001000013ffff3ffff0
7ffff00001400013ffff0
00001000013ffff3ffff0
7ffff00001400013ffff0
00001000013ffff3ffff0
7ffff00001400013ffff0
00001000013ffff3ffff0
7ffff00001400013ffff0
00001000013ffff3ffff0
7ffff00001400013ffff0
00001000013ffff3ffff0
7ffff00001400013ffff0
00001000013ffff3ffff0
7ffff00001400013ffff0
00001000013ffff3ffff0
7ffff00001400013ffff0
00001000013ffff3ffff0
7ffff00001400013ffff0
00001000013ffff3ffff0
7ffff00001400013ffff0
00001000013ffff3ffff0
7ffff00001400013ffff0
00001000013ffff3ffff0
7ffff00001400013ffff0
00001000013ffff3ffff0
7ffff00001400013ffff0
00001000013ffff3ffff0
7ffff00001400013ffff0
00001000013ffff3ffff0
7ffff00001400013ffff0
00001000013ffff3ffff0
7ffff00001400013ffff0
00001000013ffff3ffff0
7ffff00001400013ffff0
00001000013ffff3ffff0
7ffff00001400013ffff0
00001000013ffff3ffff0
7ffff00001400013ffff0
00001000013ffff3ffff0
7ffff00001400013ffff0
00001000013ffff3ffff0
7ffff00001400013ffff0
00001000013ffff3ffff0
7ffff00001400013ffff0
00001000013ffff3ffff0
7ffff00001400013ffff0
00001000013ffff3ffff0
7ffff00001400013ffff0
00001000013ffff3ffff0
7ffff00001400013ffff0
00001000013ffff3ffff0
7ffff00001400013ffff0
00001000013ffff3ffff0
7ffff00001400013ffff0
00001000013ffff3ffff0
7ffff00001400013ffff0
00001000013ffff3ffff0
7ffff00001400013ffff0
00001000013ffff3ffff0
7ffff00001400013ffff0
00001000013ffff3ffff0
7ffff00001400013ffff0
00001000013ffff3ffff0
7ffff00001400013ffff0
00001000013ffff3ffff0
7ffff00001400013ffff0
00001000013ffff3ffff0
7ffff00001400013ffff0
00001000013ffff3ffff0
7ffff00001400013ffff0
00001000013ffff3ffff0
7ffff00001400013ffff0
00001000013ffff3ffff0
7ffff00001400013ffff0
00001000013ffff3ffff0
7ffff00001400013ffff0
00001000013ffff3ffff0
7ffff00001400013ffff0
00001000013ffff3ffff0
7ffff00001400013ffff0
00001000013ffff3ffff0
7ffff00001400013ffff0
00001000013ffff3ffff0
7ffff00001400013ffff0
00001000013ffff3ffff0
7ffff00001400013ffff0
00001000013ffff3ffff0
7ffff00001400013ffff0
00001000013ffff3ffff0
7ffff00001400013ffff0
00001000013ffff3ffff0
7ffff00001400013ffff0
00001000013ffff3ffff0
7ffff00001400013ffff0
00001000013ffff3ffff0
7ffff00001400013ffff0
00001000013ffff3ffff0
7ffff00001400013ffff0
00001000013ffff3ffff0
7ffff00001400013ffff0
00001000013ffff3ffff0
7ffff00001400013ffff0
00001000013ffff3ffff0
7ffff00001400013ffff0
00001000013ffff3ffff0
7ffff00001400013ffff0
00001000013ffff3ffff0
7ffff00001400013ffff0
00001000013ffff3ffff0
7ffff00001400013ffff0
00001000013ffff3ffff0
7ffff00001400013ffff0
000000000100001000000
3ffff3ffff00000000000
000000000100001000000
3ffff3ffff00000000000
000000000100001000000
3ffff3ffff00000000000
000000000100001000000
3ffff3ffff00000000000
000000000100001000000
3ffff3ffff00000000000
000000000100001000000
3ffff3ffff00000000000
000000000100001000000
3ffff3ffff00000000000
000000000100001000000
3ffff3ffff00000000000
000000000100001000000
3ffff3ffff00000000000
000000000100001000000
3ffff3ffff00000000000
000000000100001000000
3ffff3ffff00000000000
000000000100001000000
3ffff3ffff00000000000
000000000100001000000
3ffff3ffff00000000000
000000000100001000000
3ffff3ffff00000000000
000000000100001000000
3ffff3ffff00000000000
000000000100001000000
3ffff3ffff00000000000
000000000100001000000
3ffff3ffff00000000000
000000000100001000000
3ffff3ffff00000000000
000000000100001000000
3ffff3ffff00000000000
000000000100001000000
3ffff3ffff00000000000
000000000100001000000
3ffff3ffff00000000000
000000000100001000000
3ffff3ffff00000000000
000000000100001000000
3ffff3ffff00000000000
000000000100001000000
3ffff3ffff00000000000
000000000100001000000
3ffff3ffff00000000000
000000000100001000000
3ffff3ffff00000000000
000000000100001000000
3ffff3ffff00000000000
000000000100001000000
3ffff3ffff00000000000
000000000100001000000
3ffff3ffff00000000000
000000000100001000000
3ffff3ffff00000000000
000000000100001000000
3ffff3ffff00000000000
000000000100001000000
3ffff3ffff00000000000
000000000100001000000
3ffff3ffff00000000000
000000000100001000000
3ffff3ffff00000000000
000000000100001000000
3ffff3ffff00000000000
000000000100001000000
3ffff3ffff00000000000
000000000100001000000
3ffff3ffff00000000000
000000000100001000000
3ffff3ffff00000000000
000000000100001000000
3ffff3ffff00000000000
000000000100001000000
3ffff3ffff00000000000
000000000100001000000
3ffff3ffff00000000000
000000000100001000000
3ffff3ffff00000000000
000000000100001000000
3ffff3ffff00000000000
000000000100001000000
3ffff3ffff00000000000
000000000100001000000
3ffff3ffff00000000000
000000000100001000000
3ffff3ffff00000000000
000000000100001000000
3ffff3ffff00000000000
000000000100001000000
3ffff3ffff00000000000
000000000100001000000
3ffff3ffff00000000000
000000000100001000000
3ffff3ffff00000000000
000000000100001000000
3ffff3ffff00000000000
000000000100001000000
3ffff3ffff00000000000
000000000100001000000
3ffff3ffff00000000000
000000000100001000000
3ffff3ffff00000000000
000000000100001000000
3ffff3ffff00000000000
000000000100001000000
3ffff3ffff00000000000
000000000100001000000
3ffff3ffff00000000000
000000000100001000000
3ffff3ffff00000000000
000000000100001000000
3ffff3ffff00000000000
000000000100001000000
3ffff3ffff00000000000
000000000100001000000
3ffff3ffff00000000000
000000000100001000000
3ffff3ffff00000000000
000000000100001000000
3ffff3ffff00000000000
000000000100001000000
3ffff3ffff00000000000
000000000100000000000
3ffff9fffff2bec1ffff9
00000fffff80000800008
000000000000000000000
000000000100000000000
3ffff9fffff2bec1ffff9
00000fffff80000800008
000000000000000000000
000000000100000000000
3ffff9fffff2bec1ffff9
00000fffff80000800008
000000000000000000000
000000000100000000000
3ffff9fffff2bec1ffff9
00000fffff80000800008
000000000000000000000
000000000100000000000
3ffff9fffff2bec1ffff9
00000fffff80000800008
000000000000000000000
000000000100000000000
3ffff9fffff2bec1ffff9
00000fffff80000800008
000000000000000000000
000000000100000000000
3ffff9fffff2bec1ffff9
00000fffff80000800008
000000000000000000000
000000000100000000000
3ffff9fffff2bec1ffff9
00000fffff80000800008
000000000000000000000
000000000100000000000
3ffff9fffff2bec1ffff9
00000fffff80000800008
000000000000000000000
000000000100000000000
3ffff9fffff2bec1ffff9
00000fffff80000800008
000000000000000000000
000000000100000000000
3ffff9fffff2bec1ffff9
00000fffff80000800008
000000000000000000000
000000000100000000000
3ffff9fffff2bec1ffff9
00000fffff80000800008
000000000000000000000
000000000100000000000
3ffff9fffff2bec1ffff9
00000fffff80000800008
000000000000000000000
000000000100000000000
3ffff9fffff2bec1ffff9
00000fffff80000800008
000000000000000000000
000000000100000000000
3ffff9fffff2bec1ffff9
00000fffff80000800008
000000000000000000000
000000000100000000000
3ffff9fffff2bec1ffff9
00000fffff80000800008
000000000000000000000
000000000100000000000
3ffff9fffff2bec1ffff9
00000fffff80000800008
000000000000000000000
000000000100000000000
3ffff9fffff2bec1ffff9
00000fffff80000800008
000000000000000000000
000000000100000000000
3ffff9fffff2bec1ffff9
00000fffff80000800008
000000000000000000000
000000000100000000000
3ffff9fffff2bec1ffff9
00000fffff80000800008
000000000000000000000
000000000100000000000
3ffff9fffff2bec1ffff9
00000fffff80000800008
000000000000000000000
000000000100000000000
3ffff9fffff2bec1ffff9
00000fffff80000800008
000000000000000000000
000000000100000000000
3ffff9fffff2bec1ffff9
00000fffff80000800008
000000000000000000000
000000000100000000000
3ffff9fffff2bec1ffff9
00000fffff80000800008
000000000000000000000
000000000100000000000
3ffff9fffff2bec1ffff9
00000fffff80000800008
000000000000000000000
000000000100000000000
3ffff9fffff2bec1ffff9
00000fffff80000800008
000000000000000000000
000000000100000000000
3ffff9fffff2bec1ffff9
00000fffff80000800008
000000000000000000000
000000000100000000000
3ffff9fffff2bec1ffff9
00000fffff80000800008
000000000000000000000
000000000100000000000
3ffff9fffff2bec1ffff9
00000fffff80000800008
000000000000000000000
000000000100000000000
3ffff9fffff2bec1ffff9
00000fffff80000800008
000000000000000000000
000000000100000000000
3ffff9fffff2bec1ffff9
00000fffff80000800008
000000000000000000000
000000000100000000000
3ffff9fffff2bec1ffff9
00000fffff80000800008
000000000000000000000
000000000100000000000
3ffff928947c5018d76b9
000007ffff80000000000
000000000000000000000
000000000000000000000
0ab0d90000680de8ffff8
000000000000000000008
000000000000000000000
000000000100000000000
3ffff928947c5018d76b9
000007ffff80000000000
000000000000000000000
000000000000000000000
0ab0d90000680de8ffff8
000000000000000000008
000000000000000000000
000000000100000000000
3ffff928947c5018d76b9
000007ffff80000000000
000000000000000000000
000000000000000000000
0ab0d90000680de8ffff8
000000000000000000008
000000000000000000000
000000000100000000000
3ffff928947c5018d76b9
000007ffff80000000000
000000000000000000000
000000000000000000000
0ab0d90000680de8ffff8
000000000000000000008
000000000000000000000
000000000100000000000
3ffff928947c5018d76b9
000007ffff80000000000
000000000000000000000
000000000000000000000
0ab0d90000680de8ffff8
000000000000000000008
000000000000000000000
000000000100000000000
3ffff928947c5018d76b9
000007ffff80000000000
000000000000000000000
000000000000000000000
0ab0d90000680de8ffff8
000000000000000000008
000000000000000000000
000000000100000000000
3ffff928947c5018d76b9
000007ffff80000000000
000000000000000000000
000000000000000000000
0ab0d90000680de8ffff8
000000000000000000008
000000000000000000000
000000000100000000000
3ffff928947c5018d76b9
000007ffff80000000000
000000000000000000000
000000000000000000000
0ab0d90000680de8ffff8
000000000000000000008
000000000000000000000
000000000100000000000
3ffff928947c5018d76b9
000007ffff80000000000
000000000000000000000
000000000000000000000
0ab0d90000680de8ffff8
000000000000000000008
000000000000000000000
000000000100000000000
3ffff928947c5018d76b9
000007ffff80000000000
000000000000000000000
000000000000000000000
0ab0d90000680de8ffff8
000000000000000000008
000000000000000000000
000000000100000000000
3ffff928947c5018d76b9
000007ffff80000000000
000000000000000000000
000000000000000000000
0ab0d90000680de8ffff8
000000000000000000008
000000000000000000000
000000000100000000000
3ffff928947c5018d76b9
000007ffff80000000000
000000000000000000000
000000000000000000000
0ab0d90000680de8ffff8
000000000000000000008
000000000000000000000
000000000100000000000
3ffff928947c5018d76b9
000007ffff80000000000
000000000000000000000
000000000000000000000
0ab0d90000680de8ffff8
000000000000000000008
000000000000000000000
000000000100000000000
3ffff928947c5018d76b9
000007ffff80000000000
000000000000000000000
000000000000000000000
0ab0d90000680de8ffff8
000000000000000000008
000000000000000000000
000000000100000000000
3ffff928947c5018d76b9
000007ffff80000000000
000000000000000000000
000000000000000000000
0ab0d90000680de8ffff8
000000000000000000008
000000000000000000000
000000000100000000000
3ffff928947c5018d76b9
000007ffff80000000000
000000000000000000000
000000000000000000000
0ab0d90000680de8ffff8
000000000000000000008
000000000000000000000
000000000100000000000
3ffff8c1d7fece9066bc9
000007ffff80000000000
000000000000000000000
000000000000000000000
0ef78080007bb95080000
000000000000000000000
000000000000000000000
000000000000000000000
051e6073a0f731c063cb0
000000000000000000000
000000000000000000000
000000000000000000000
026d40800065a0b07fff0
000000000000000000008
000000000000000000000
000000000100000000000
3ffff8c1d7fece9066bc9
000007ffff80000000000
000000000000000000000
000000000000000000000
0ef78080007bb95080000
000000000000000000000
000000000000000000000
000000000000000000000
051e6073a0f731c063cb0
000000000000000000000
000000000000000000000
000000000000000000000
026d40800065a0b07fff0
000000000000000000008
000000000000000000000
000000000100000000000
3ffff8c1d7fece9066bc9
000007ffff80000000000
000000000000000000000
000000000000000000000
0ef78080007bb95080000
000000000000000000000
000000000000000000000
000000000000000000000
051e6073a0f731c063cb0
000000000000000000000
000000000000000000000
000000000000000000000
026d40800065a0b07fff0
000000000000000000008
000000000000000000000
000000000100000000000
3ffff8c1d7fece9066bc9
000007ffff80000000000
000000000000000000000
000000000000000000000
0ef78080007bb95080000
000000000000000000000
000000000000000000000
000000000000000000000
051e6073a0f731c063cb0
000000000000000000000
000000000000000000000
000000000000000000000
026d40800065a0b07fff0
000000000000000000008
000000000000000000000
000000000100000000000
3ffff8c1d7fece9066bc9
000007ffff80000000000
000000000000000000000
000000000000000000000
0ef78080007bb95080000
000000000000000000000
000000000000000000000
000000000000000000000
051e6073a0f731c063cb0
000000000000000000000
000000000000000000000
000000000000000000000
026d40800065a0b07fff0
000000000000000000008
000000000000000000000
000000000100000000000
3ffff8c1d7fece9066bc9
000007ffff80000000000
000000000000000000000
000000000000000000000
0ef78080007bb95080000
000000000000000000000
000000000000000000000
000000000000000000000
051e6073a0f731c063cb0
000000000000000000000
000000000000000000000
000000000000000000000
026d40800065a0b07fff0
000000000000000000008
000000000000000000000
000000000100000000000
3ffff8c1d7fece9066bc9
000007ffff80000000000
000000000000000000000
000000000000000000000
0ef78080007bb95080000
000000000000000000000
000000000000000000000
000000000000000000000
051e6073a0f731c063cb0
000000000000000000000
000000000000000000000
000000000000000000000
026d40800065a0b07fff0
000000000000000000008
000000000000000000000
000000000100000000000
3ffff8c1d7fece9066bc9
000007ffff80000000000
000000000000000000000
000000000000000000000
0ef78080007bb95080000
000000000000000000000
000000000000000000000
000000000000000000000
051e6073a0f731c063cb0
000000000000000000000
000000000000000000000
000000000000000000000
026d40800065a0b07fff0
000000000000000000008
000000000000000000000
000000000100000000000
3ffff88f317f8f7032a69
000007ffff80000000000
000000000000000000000
000000000000000000000
0ff80040007eff8040000
000000000000000000000
000000000000000000000
000000000000000000000
06f9e03ed67e248034ca8
000000000000000000000
000000000000000000000
000000000000000000000
0564b040007d089040000
000000000000000000000
000000000000000000000
000000000000000000000
02a83037d57c26602ee78
000000000000000000000
000000000000000000000
000000000000000000000
0265c0400079539040000
000000000000000000000
000000000000000000000
000000000000000000000
00faa038047637202bc70
000000000000000000000
000000000000000000000
000000000000000000000
0097e040006508d03fff0
000000000000000000008
000000000000000000000
000000000100000000000
3ffff88f317f8f7032a69
000007ffff80000000000
000000000000000000000
000000000000000000000
0ff80040007eff8040000
000000000000000000000
000000000000000000000
000000000000000000000
06f9e03ed67e248034ca8
000000000000000000000
000000000000000000000
000000000000000000000
0564b040007d089040000
000000000000000000000
000000000000000000000
000000000000000000000
02a83037d57c26602ee78
000000000000000000000
000000000000000000000
000000000000000000000
0265c0400079539040000
000000000000000000000
000000000000000000000
000000000000000000000
00faa038047637202bc70
000000000000000000000
000000000000000000000
000000000000000000000
0097e040006508d03fff0
000000000000000000008
000000000000000000000
000000000100000000000
3ffff88f317f8f7032a69
000007ffff80000000000
000000000000000000000
000000000000000000000
0ff80040007eff8040000
000000000000000000000
000000000000000000000
000000000000000000000
06f9e03ed67e248034ca8
000000000000000000000
000000000000000000000
000000000000000000000
0564b040007d089040000
000000000000000000000
000000000000000000000
000000000000000000000
02a83037d57c26602ee78
000000000000000000000
000000000000000000000
000000000000000000000
0265c0400079539040000
000000000000000000000
000000000000000000000
000000000000000000000
00faa038047637202bc70
000000000000000000000
000000000000000000000
000000000000000000000
0097e040006508d03fff0
000000000000000000008
000000000000000000000
000000000100000000000
3ffff88f317f8f7032a69
000007ffff80000000000
000000000000000000000
000000000000000000000
0ff80040007eff8040000
000000000000000000000
000000000000000000000
000000000000000000000
06f9e03ed67e248034ca8
000000000000000000000
000000000000000000000
000000000000000000000
0564b040007d089040000
000000000000000000000
000000000000000000000
000000000000000000000
02a83037d57c26602ee78
000000000000000000000
000000000000000000000
000000000000000000000
0265c0400079539040000
000000000000000000000
000000000000000000000
000000000000000000000
00faa038047637202bc70
000000000000000000000
000000000000000000000
000000000000000000000
0097e040006508d03fff0
000000000000000000008
000000000000000000000
000000000100000000000
3ffff875fc7fd1b019351
000007ffff80000000000
000000000000000000000
000000000000000000000
10372820007fc0d820000
000000000000000000000
000000000000000000000
000000000000000000000
077b1023f57f7ed01ae10
000000000000000000000
000000000000000000000
000000000000000000000
060dd020007f56e020000
000000000000000000000
000000000000000000000
000000000000000000000
0383701eea7f24c018eb0
000000000000000000000
000000000000000000000
000000000000000000000
0387d020007eddf020000
000000000000000000000
000000000000000000000
000000000000000000000
024d701e127ead3019f20
000000000000000000000
000000000000000000000
000000000000000000000
02518820007e465820000
000000000000000000000
000000000000000000000
000000000000000000000
015f301b98fe3040170e0
000000000000000000000
000000000000000000000
000000000000000000000
018f9020007d6ff020000
000000000000000000000
000000000000000000000
000000000000000000000
00f5b01c8b7d2ed0183f8
000000000000000000000
000000000000000000000
000000000000000000000
0101b820007c06d820000
000000000000000000000
000000000000000000000
000000000000000000000
007c501ac2fbaa1014250
000000000000000000000
000000000000000000000
000000000000000000000
008db0200078c5e020000
000000000000000000000
000000000000000000000
000000000000000000000
002cc01ba6f60a6010208
000000000000000000000
000000000000000000000
000000000000000000000
0025c0200064e3101fff0
000000000000000000008
000000000000000000000
000000000100000000000
3ffff875fc7fd1b019351
000007ffff80000000000
000000000000000000000
000000000000000000000
10372820007fc0d820000
000000000000000000000
000000000000000000000
000000000000000000000
077b1023f57f7ed01ae10
000000000000000000000
000000000000000000000
000000000000000000000
060dd020007f56e020000
000000000000000000000
000000000000000000000
000000000000000000000
0383701eea7f24c018eb0
000000000000000000000
000000000000000000000
000000000000000000000
0387d020007eddf020000
000000000000000000000
000000000000000000000
000000000000000000000
024d701e127ead3019f20
000000000000000000000
000000000000000000000
000000000000000000000
02518820007e465820000
000000000000000000000
000000000000000000000
000000000000000000000
015f301b98fe3040170e0
000000000000000000000
000000000000000000000
000000000000000000000
018f9020007d6ff020000
000000000000000000000
000000000000000000000
000000000000000000000
00f5b01c8b7d2ed0183f8
000000000000000000000
000000000000000000000
000000000000000000000
0101b820007c06d820000
000000000000000000000
000000000000000000000
000000000000000000000
007c501ac2fbaa1014250
000000000000000000000
000000000000000000000
000000000000000000000
008db0200078c5e020000
000000000000000000000
000000000000000000000
000000000000000000000
002cc01ba6f60a6010208
000000000000000000000
000000000000000000000
000000000000000000000
0025c0200064e3101fff0
000000000000000000008
000000000000000000000
000000000100000000000
3ffff86966ffeb400c959
000007ffff80000000000
000000000000000000000
000000000000000000000
1046e010007ff04810000
000000000000000000000
000000000000000000000
000000000000000000000
07a2d01668ffd8400d8c8
000000000000000000000
000000000000000000000
000000000000000000000
06370010007fd6d010000
000000000000000000000
000000000000000000000
000000000000000000000
03c1101232ffc2600cb78
000000000000000000000
000000000000000000000
000000000000000000000
03cb4810007fbc8810000
000000000000000000000
000000000000000000000
000000000000000000000
02a23010b97fab400d590
000000000000000000000
000000000000000000000
000000000000000000000
02b0b010007fa0d810000
000000000000000000000
000000000000000000000
000000000000000000000
01c8900f5d7f96a00c3b8
000000000000000000000
000000000000000000000
000000000000000000000
020c8010007f831010000
000000000000000000000
000000000000000000000
000000000000000000000
017d800f6bff78300d1f8
000000000000000000000
000000000000000000000
000000000000000000000
019f7810007f624010000
000000000000000000000
000000000000000000000
000000000000000000000
011c400e927f60100c308
000000000000000000000
000000000000000000000
000000000000000000000
01507810007f3d3810000
000000000000000000000
000000000000000000000
000000000000000000000
00f4200ecfff38a00cd70
000000000000000000000
000000000000000000000
000000000000000000000
01139010007f123010000
000000000000000000000
000000000000000000000
000000000000000000000
00b3000dbe7f1eb00b770
000000000000000000000
000000000000000000000
000000000000000000000
00e26010007ede8010000
000000000000000000000
000000000000000000000
000000000000000000000
009f600e6f7edf700c720
000000000000000000000
000000000000000000000
000000000000000000000
00b91010007e9dd010000
000000000000000000000
000000000000000000000
000000000000000000000
0075100dacfeafb00b3e8
000000000000000000000
000000000000000000000
000000000000000000000
00953010007e48c010000
000000000000000000000
000000000000000000000
000000000000000000000
0061d80e297e4b580bc90
000000000000000000000
000000000000000000000
000000000000000000000
00754010007dd11810000
000000000000000000000
000000000000000000000
000000000000000000000
003f400d2c7df10009e20
000000000000000000000
000000000000000000000
000000000000000000000
00581010007d17e010000
000000000000000000000
000000000000000000000
000000000000000000000
002fd80df07cfef80a4f0
000000000000000000000
000000000000000000000
000000000000000000000
003cd010007bca1010000
000000000000000000000
000000000000000000000
000000000000000000000
0014d00d28fb954006fc8
000000000000000000000
000000000000000000000
000000000000000000000
0022c0100078a32010000
000000000000000000000
000000000000000000000
000000000000000000000
0003480dbdf6071802630
000000000000000000000
000000000000000000000
000000000000000000000
000970100064d9a00fff0
000000000000000000008
000000000000000000000
