Frame,Index,Lane,Abs,Phase,I,Q
6002,0,0,5632,0,721,734
6002,0,1,5633,858993,-3332,-1978
6002,0,2,5634,1717986,-4633,-2050
6002,0,3,5635,2576979,567,1258
6002,1,0,5636,3435972,1202,1074
6002,1,1,5637,4294965,-100,1113
6002,1,2,5638,5153958,-342,1398
6002,1,3,5639,6012951,-2678,-2770
6002,2,0,5640,6871944,-2801,-2484
6002,2,1,5641,7730937,778,3012
6002,2,2,5642,8589930,-2316,-1614
6002,2,3,5643,9448923,-7062,-3270
6002,3,0,5644,10307916,2918,3769
6002,3,1,5645,11166909,8619,-461
6002,3,2,5646,12025902,-3568,-5462
6002,3,3,5647,12884895,-7171,-2782
6002,4,0,5648,13743888,1539,1205
6002,4,1,5649,14602881,2374,5412
6002,4,2,5650,15461874,-3539,2760
6002,4,3,5651,16320867,-2286,-1880
6002,5,0,5652,17179860,5022,-4555
6002,5,1,5653,18038853,4600,-3598
6002,5,2,5654,18897846,-1712,-146
6002,5,3,5655,19756839,-2749,-303
6002,6,0,5656,20615832,-135,3563
6002,6,1,5657,21474825,528,-1630
6002,6,2,5658,22333818,405,-6779
6002,6,3,5659,23192811,2315,5167
6002,7,0,5660,24051804,4532,-54
6002,7,1,5661,24910797,3589,-3945
6002,7,2,5662,25769790,-375,5618
6002,7,3,5663,26628783,1590,-3727
6002,8,0,5664,27487776,8072,-5043
6002,8,1,5665,28346769,3244,277
6002,8,2,5666,29205762,-2803,-1010
6002,8,3,5667,30064755,2325,4461
6002,9,0,5668,30923748,3983,836
6002,9,1,5669,31782741,-2081,102
6002,9,2,5670,32641734,-6439,-325
6002,9,3,5671,33500727,-3555,-6405
6002,10,0,5672,34359720,-876,2382
6002,10,1,5673,35218713,-1958,-2
6002,10,2,5674,36077706,2428,-6245
6002,10,3,5675,36936699,2587,-74
6002,11,0,5676,37795692,-1450,-1608
6002,11,1,5677,38654685,60,3760
6002,11,2,5678,39513678,-1257,6833
6002,11,3,5679,40372671,617,-556
6002,12,0,5680,41231664,1705,-3116
6002,12,1,5681,42090657,-3490,-6429
6002,12,2,5682,42949650,-1650,-868
6002,12,3,5683,43808643,-935,1409
6002,13,0,5684,44667636,-837,-3822
6002,13,1,5685,45526629,-1920,1663
6002,13,2,5686,46385622,-9812,-4093
6002,13,3,5687,47244615,-3701,-8228
6002,14,0,5688,48103608,4221,5232
6002,14,1,5689,48962601,-1236,5389
6002,14,2,5690,49821594,-3095,-2688
6002,14,3,5691,50680587,-1272,-4960
6002,15,0,5692,51539580,487,-3258
6002,15,1,5693,52398573,-3622,2294
6002,15,2,5694,53257566,-4447,3431
6002,15,3,5695,54116559,5703,1373
6002,16,0,5696,54975552,2935,-2055
6002,16,1,5697,55834545,832,-3506
6002,16,2,5698,56693538,5299,2344
6002,16,3,5699,57552531,-5089,2723
6002,17,0,5700,58411524,-6288,-2207
6002,17,1,5701,59270517,-1527,794
6002,17,2,5702,60129510,-6742,1416
6002,17,3,5703,60988503,-1820,-3731
6002,18,0,5704,61847496,2142,530
6002,18,1,5705,62706489,1480,162
6002,18,2,5706,63565482,4723,-10488
6002,18,3,5707,64424475,-2997,-5206
6002,19,0,5708,65283468,-7743,1366
6002,19,1,5709,66142461,-61,-1464
6002,19,2,5710,67001454,1535,6145
6002,19,3,5711,67860447,-2086,3172
6002,20,0,5712,68719440,-4403,-7694
6002,20,1,5713,69578433,-619,1757
6002,20,2,5714,70437426,7008,6129
6002,20,3,5715,71296419,5629,-2408
6002,21,0,5716,72155412,3229,-2198
6002,21,1,5717,73014405,3315,1712
6002,21,2,5718,73873398,-547,2460
6002,21,3,5719,74732391,1250,-798
6002,22,0,5720,75591384,184,-2940
6002,22,1,5721,76450377,-4689,1496
6002,22,2,5722,77309370,1680,1615
6002,22,3,5723,78168363,-1030,-1225
6002,23,0,5724,79027356,-8831,3782
6002,23,1,5725,79886349,-660,5145
6002,23,2,5726,80745342,1419,-3636
6002,23,3,5727,81604335,-1830,-5053
6002,24,0,5728,82463328,516,2298
6002,24,1,5729,83322321,-1944,2841
6002,24,2,5730,84181314,-1121,-780
6002,24,3,5731,85040307,1388,-4057
6002,25,0,5732,85899300,-352,-4594
6002,25,1,5733,86758293,710,1878
6002,25,2,5734,87617286,-363,1322
6002,25,3,5735,88476279,-3905,-3324
6002,26,0,5736,89335272,-2421,248
6002,26,1,5737,90194265,3868,-938
6002,26,2,5738,91053258,5195,570
6002,26,3,5739,91912251,2605,8862
6002,27,0,5740,92771244,2594,6498
6002,27,1,5741,93630237,-6028,2116
6002,27,2,5742,94489230,-8625,-3600
6002,27,3,5743,95348223,1346,-8218
6002,28,0,5744,96207216,-1362,2186
6002,28,1,5745,97066209,-350,5342
6002,28,2,5746,97925202,5640,794
6002,28,3,5747,98784195,1244,5633
6002,29,0,5748,99643188,2624,3921
6002,29,1,5749,100502181,-913,1621
6002,29,2,5750,101361174,-1767,6990
6002,29,3,5751,102220167,7980,6585
6002,30,0,5752,103079160,822,2899
6002,30,1,5753,103938153,-2956,-2095
6002,30,2,5754,104797146,185,-2034
6002,30,3,5755,105656139,-4002,5207
6002,31,0,5756,106515132,2369,731
6002,31,1,5757,107374125,-383,-7362
6002,31,2,5758,108233118,-8626,-3188
6002,31,3,5759,109092111,-1150,971
6002,32,0,5760,109951104,1721,1335
6002,32,1,5761,110810097,3787,259
6002,32,2,5762,111669090,300,-3627
6002,32,3,5763,112528083,-8764,-737
6002,33,0,5764,113387076,-1952,6645
6002,33,1,5765,114246069,-3064,5656
6002,33,2,5766,115105062,-6049,2749
6002,33,3,5767,115964055,4257,5435
6002,34,0,5768,116823048,115,2403
6002,34,1,5769,117682041,-3539,-7369
6002,34,2,5770,118541034,-590,-4564
6002,34,3,5771,119400027,-4323,5211
6002,35,0,5772,120259020,-464,779
6002,35,1,5773,121118013,-625,-2869
6002,35,2,5774,121977006,-1158,2462
6002,35,3,5775,122835999,6443,1370
6002,36,0,5776,123694992,-741,704
6002,36,1,5777,124553985,-5622,1046
6002,36,2,5778,125412978,2771,-1443
6002,36,3,5779,126271971,4534,-1110
6002,37,0,5780,127130964,1209,-4474
6002,37,1,5781,127989957,-3362,-856
6002,37,2,5782,128848950,-1613,6195
6002,37,3,5783,129707943,2730,-1498
6002,38,0,5784,130566936,613,-1918
6002,38,1,5785,131425929,4394,404
6002,38,2,5786,132284922,6460,-5561
6002,38,3,5787,133143915,-1610,2812
6002,39,0,5788,134002908,-7464,6608
6002,39,1,5789,134861901,-2860,-1361
6002,39,2,5790,135720894,7345,363
6002,39,3,5791,136579887,3729,-1226
6002,40,0,5792,137438880,-341,-5896
6002,40,1,5793,138297873,9300,-4326
6002,40,2,5794,139156866,8922,-1014
6002,40,3,5795,140015859,3491,860
6002,41,0,5796,140874852,562,-5047
6002,41,1,5797,141733845,-1565,-4942
6002,41,2,5798,142592838,4861,114
6002,41,3,5799,143451831,4667,-6599
6002,42,0,5800,144310824,4136,-3826
6002,42,1,5801,145169817,6721,6488
6002,42,2,5802,146028810,-4041,2751
6002,42,3,5803,146887803,-2955,723
6002,43,0,5804,147746796,5164,2267
6002,43,1,5805,148605789,-4542,-1581
6002,43,2,5806,149464782,-5578,-224
6002,43,3,5807,150323775,3433,2261
6002,44,0,5808,151182768,4089,-1944
6002,44,1,5809,152041761,5148,-2145
6002,44,2,5810,152900754,5847,692
6002,44,3,5811,153759747,2925,-2737
6002,45,0,5812,154618740,-1334,-3062
6002,45,1,5813,155477733,-7633,-541
6002,45,2,5814,156336726,-8055,-2188
6002,45,3,5815,157195719,-4974,2689
6002,46,0,5816,158054712,-4229,6023
6002,46,1,5817,158913705,624,-1015
6002,46,2,5818,159772698,-224,-2965
6002,46,3,5819,160631691,-5977,14
6002,47,0,5820,161490684,-877,2796
6002,47,1,5821,162349677,1792,4450
6002,47,2,5822,163208670,782,2138
6002,47,3,5823,164067663,4711,2621
6002,48,0,5824,164926656,3347,1717
6002,48,1,5825,165785649,1393,-2542
6002,48,2,5826,166644642,352,85
6002,48,3,5827,167503635,-780,1740
6002,49,0,5828,168362628,276,-4209
6002,49,1,5829,169221621,-2588,-6253
6002,49,2,5830,170080614,1518,26
6002,49,3,5831,170939607,4416,3645
6002,50,0,5832,171798600,-4214,-1123
6002,50,1,5833,172657593,-2862,-5593
6002,50,2,5834,173516586,2480,-2422
6002,50,3,5835,174375579,3689,3902
6002,51,0,5836,175234572,3448,949
6002,51,1,5837,176093565,-2721,-4983
6002,51,2,5838,176952558,212,-1487
6002,51,3,5839,177811551,3743,-1217
6002,52,0,5840,178670544,-3871,-1430
6002,52,1,5841,179529537,-1186,4506
6002,52,2,5842,180388530,4985,2675
6002,52,3,5843,181247523,1834,281
6002,53,0,5844,182106516,2004,420
6002,53,1,5845,182965509,2445,-1540
6002,53,2,5846,183824502,-2098,1792
6002,53,3,5847,184683495,-196,1293
6002,54,0,5848,185542488,4159,-1417
6002,54,1,5849,186401481,607,466
6002,54,2,5850,187260474,-2754,-2333
6002,54,3,5851,188119467,-1372,-1646
6002,55,0,5852,188978460,4906,3468
6002,55,1,5853,189837453,8839,1239
6002,55,2,5854,190696446,820,-2290
6002,55,3,5855,191555439,-1002,-2462
6002,56,0,5856,192414432,3929,-169
6002,56,1,5857,193273425,-366,3333
6002,56,2,5858,194132418,614,3111
6002,56,3,5859,194991411,4859,2502
6002,57,0,5860,195850404,-613,3904
6002,57,1,5861,196709397,-2284,851
6002,57,2,5862,197568390,2352,-2716
6002,57,3,5863,198427383,2550,-2316
6002,58,0,5864,199286376,1743,-2171
6002,58,1,5865,200145369,691,287
6002,58,2,5866,201004362,-4108,-1449
6002,58,3,5867,201863355,-2003,-7302
6002,59,0,5868,202722348,2548,-885
6002,59,1,5869,203581341,886,4768
6002,59,2,5870,204440334,2357,407
6002,59,3,5871,205299327,381,-22
6002,60,0,5872,206158320,-1102,1023
6002,60,1,5873,207017313,2546,2691
6002,60,2,5874,207876306,549,4208
6002,60,3,5875,208735299,4695,2409
6002,61,0,5876,209594292,3887,1456
6002,61,1,5877,210453285,-4405,-2112
6002,61,2,5878,211312278,1527,-1351
6002,61,3,5879,212171271,946,5411
6002,62,0,5880,213030264,-4966,2663
6002,62,1,5881,213889257,-3068,-2717
6002,62,2,5882,214748250,-4011,-597
6002,62,3,5883,215607243,-2405,-442
6002,63,0,5884,216466236,-3366,-2434
6002,63,1,5885,217325229,-3218,-1816
6002,63,2,5886,218184222,4244,-5802
6002,63,3,5887,219043215,4876,-3950
6002,64,0,5888,219902208,-483,6493
6002,64,1,5889,220761201,-3089,-811
6002,64,2,5890,221620194,2851,-6236
6002,64,3,5891,222479187,2921,4757
6002,65,0,5892,223338180,35,153
6002,65,1,5893,224197173,9168,-5898
6002,65,2,5894,225056166,6090,-1268
6002,65,3,5895,225915159,2663,-217
6002,66,0,5896,226774152,4571,2532
6002,66,1,5897,227633145,-3137,395
6002,66,2,5898,228492138,6046,-2765
6002,66,3,5899,229351131,6024,-1847
6002,67,0,5900,230210124,-9160,-531
6002,67,1,5901,231069117,129,5640
6002,67,2,5902,231928110,4469,949
6002,67,3,5903,232787103,-1585,-3609
6002,68,0,5904,233646096,1498,5418
6002,68,1,5905,234505089,145,3365
6002,68,2,5906,235364082,-4079,-1665
6002,68,3,5907,236223075,-2947,261
6002,69,0,5908,237082068,-767,-1035
6002,69,1,5909,237941061,-5411,-1773
6002,69,2,5910,238800054,-4015,-3002
6002,69,3,5911,239659047,-870,-3753
6002,70,0,5912,240518040,-7411,-474
6002,70,1,5913,241377033,-1921,2101
6002,70,2,5914,242236026,-638,-317
6002,70,3,5915,243095019,-3705,-995
6002,71,0,5916,243954012,5392,4225
6002,71,1,5917,244813005,-3494,4315
6002,71,2,5918,245671998,-9991,310
6002,71,3,5919,246530991,218,-4526
6002,72,0,5920,247389984,406,-5693
6002,72,1,5921,248248977,-890,838
6002,72,2,5922,249107970,-199,-659
6002,72,3,5923,249966963,2135,-2989
6002,73,0,5924,250825956,-916,-990
6002,73,1,5925,251684949,-6175,-2932
6002,73,2,5926,252543942,4294,1058
6002,73,3,5927,253402935,7427,1026
6002,74,0,5928,254261928,-1024,-2249
6002,74,1,5929,255120921,-5175,-2401
6002,74,2,5930,255979914,-3957,-5915
6002,74,3,5931,256838907,2219,-1041
6002,75,0,5932,257697900,-300,-2191
6002,75,1,5933,258556893,-3442,-7477
6002,75,2,5934,259415886,-2552,832
6002,75,3,5935,260274879,-2197,1658
6002,76,0,5936,261133872,4134,753
6002,76,1,5937,261992865,1485,1157
6002,76,2,5938,262851858,-2357,-2315
6002,76,3,5939,263710851,1255,2553
6002,77,0,5940,264569844,1473,1186
6002,77,1,5941,265428837,3685,635
6002,77,2,5942,266287830,421,6409
6002,77,3,5943,267146823,-3202,977
6002,78,0,5944,268005816,-593,-1697
6002,78,1,5945,268864809,740,-1539
6002,78,2,5946,269723802,3256,-6111
6002,78,3,5947,270582795,-398,-3412
6002,79,0,5948,271441788,-4287,4227
6002,79,1,5949,272300781,-8110,5720
6002,79,2,5950,273159774,-9700,4003
6002,79,3,5951,274018767,1286,6067
6002,80,0,5952,274877760,-885,12
6002,80,1,5953,275736753,-4354,-5001
6002,80,2,5954,276595746,2499,4679
6002,80,3,5955,277454739,-2030,5608
6002,81,0,5956,278313732,469,-588
6002,81,1,5957,279172725,2068,-2912
6002,81,2,5958,280031718,-4005,-2237
6002,81,3,5959,280890711,-950,2023
6002,82,0,5960,281749704,-2566,-2871
6002,82,1,5961,282608697,-414,-4208
6002,82,2,5962,283467690,5290,349
6002,82,3,5963,284326683,4316,-440
6002,83,0,5964,285185676,7477,4438
6002,83,1,5965,286044669,6365,-623
6002,83,2,5966,286903662,1387,-7382
6002,83,3,5967,287762655,-2016,1094
6002,84,0,5968,288621648,-1328,725
6002,84,1,5969,289480641,3719,249
6002,84,2,5970,290339634,1187,4400
6002,84,3,5971,291198627,-187,159
6002,85,0,5972,292057620,-1401,-1561
6002,85,1,5973,292916613,-1729,-2953
6002,85,2,5974,293775606,5753,-6140
6002,85,3,5975,294634599,-1078,-3444
6002,86,0,5976,295493592,-5182,2007
6002,86,1,5977,296352585,4621,-1064
6002,86,2,5978,297211578,3562,-7617
6002,86,3,5979,298070571,7751,-1085
6002,87,0,5980,298929564,8461,1415
6002,87,1,5981,299788557,-4479,-3929
6002,87,2,5982,300647550,2088,194
6002,87,3,5983,301506543,6946,1630
6002,88,0,5984,302365536,-3327,1347
6002,88,1,5985,303224529,2171,2844
6002,88,2,5986,304083522,6555,-727
6002,88,3,5987,304942515,-1153,55
6002,89,0,5988,305801508,-4220,3708
6002,89,1,5989,306660501,-5338,5131
6002,89,2,5990,307519494,-916,827
6002,89,3,5991,308378487,2949,-4445
6002,90,0,5992,309237480,-903,2469
6002,90,1,5993,310096473,274,6408
6002,90,2,5994,310955466,678,2923
6002,90,3,5995,311814459,-1956,1384
6002,91,0,5996,312673452,1560,-3225
6002,91,1,5997,313532445,4937,-125
6002,91,2,5998,314391438,-941,4697
6002,91,3,5999,315250431,-8752,-1948
6002,92,0,6000,316109424,-2245,-4062
6002,92,1,6001,316968417,2361,-2620
6002,92,2,6002,317827410,-1742,947
6002,92,3,6003,318686403,2057,7003
6002,93,0,6004,319545396,87,-1624
6002,93,1,6005,320404389,-528,-7166
6002,93,2,6006,321263382,3222,466
6002,93,3,6007,322122375,-1760,253
6002,94,0,6008,322981368,2885,4184
6002,94,1,6009,323840361,4014,8973
6002,94,2,6010,324699354,-1733,-2832
6002,94,3,6011,325558347,-2967,-5718
6002,95,0,6012,326417340,-8415,4722
6002,95,1,6013,327276333,-1306,6382
6002,95,2,6014,328135326,-3449,1946
6002,95,3,6015,328994319,-13226,191
6002,96,0,6016,329853312,2964,2489
6002,96,1,6017,330712305,6972,3370
6002,96,2,6018,331571298,1921,-565
6002,96,3,6019,332430291,4395,-1345
6002,97,0,6020,333289284,413,4433
6002,97,1,6021,334148277,1500,3942
6002,97,2,6022,335007270,-5549,-6163
6002,97,3,6023,335866263,-6429,-4392
6002,98,0,6024,336725256,1010,3108
6002,98,1,6025,337584249,-8003,731
6002,98,2,6026,338443242,-2401,4812
6002,98,3,6027,339302235,2657,3549
6002,99,0,6028,340161228,-6464,-6259
6002,99,1,6029,341020221,-2817,1021
6002,99,2,6030,341879214,-2108,5218
6002,99,3,6031,342738207,-1639,-343
6002,100,0,6032,343597200,-968,2185
6002,100,1,6033,344456193,-3840,2493
6002,100,2,6034,345315186,-333,2260
6002,100,3,6035,346174179,-5206,5765
6002,101,0,6036,347033172,-4841,6525
6002,101,1,6037,347892165,2235,683
6002,101,2,6038,348751158,-2487,-7827
6002,101,3,6039,349610151,-4193,-1707
6002,102,0,6040,350469144,-4367,5653
6002,102,1,6041,351328137,-2619,839
6002,102,2,6042,352187130,2994,61
6002,102,3,6043,353046123,-437,-3404
6002,103,0,6044,353905116,-1430,-5311
6002,103,1,6045,354764109,1756,2982
6002,103,2,6046,355623102,-1199,3387
6002,103,3,6047,356482095,-756,1509
6002,104,0,6048,357341088,3107,298
6002,104,1,6049,358200081,627,-4694
6002,104,2,6050,359059074,-2567,-2263
6002,104,3,6051,359918067,-3992,-723
6002,105,0,6052,360777060,-4150,-1254
6002,105,1,6053,361636053,2125,159
6002,105,2,6054,362495046,5170,-3490
6002,105,3,6055,363354039,3323,-1388
6002,106,0,6056,364213032,-3259,2535
6002,106,1,6057,365072025,-10874,352
6002,106,2,6058,365931018,-123,1796
6002,106,3,6059,366790011,801,1240
6002,107,0,6060,367649004,-9008,-1361
6002,107,1,6061,368507997,2928,229
6002,107,2,6062,369366990,3454,1317
6002,107,3,6063,370225983,-1603,-2548
6002,108,0,6064,371084976,2051,-6881
6002,108,1,6065,371943969,-3126,-719
6002,108,2,6066,372802962,5553,-149
6002,108,3,6067,373661955,4463,-6267
6002,109,0,6068,374520948,-9435,2490
6002,109,1,6069,375379941,-266,1276
6002,109,2,6070,376238934,622,-6487
6002,109,3,6071,377097927,-5226,2763
6002,110,0,6072,377956920,-2395,398
6002,110,1,6073,378815913,-4016,-6396
6002,110,2,6074,379674906,-1512,1144
6002,110,3,6075,380533899,-2871,3756
6002,111,0,6076,381392892,-5657,1918
6002,111,1,6077,382251885,2071,424
6002,111,2,6078,383110878,8317,-972
6002,111,3,6079,383969871,3947,-1544
6002,112,0,6080,384828864,-3738,-1592
6002,112,1,6081,385687857,-1142,3861
6002,112,2,6082,386546850,-1753,4435
6002,112,3,6083,387405843,-3382,-1705
6002,113,0,6084,388264836,5767,-1485
6002,113,1,6085,389123829,4214,2367
6002,113,2,6086,389982822,700,4566
6002,113,3,6087,390841815,484,4955
6002,114,0,6088,391700808,-4329,1834
6002,114,1,6089,392559801,913,-2519
6002,114,2,6090,393418794,3792,1478
6002,114,3,6091,394277787,1019,5277
6002,115,0,6092,395136780,1976,-2262
6002,115,1,6093,395995773,1664,-1615
6002,115,2,6094,396854766,3096,991
6002,115,3,6095,397713759,3371,-6120
6002,116,0,6096,398572752,7452,-2583
6002,116,1,6097,399431745,8788,-1466
6002,116,2,6098,400290738,1937,-8940
6002,116,3,6099,401149731,4304,-4471
6002,117,0,6100,402008724,-1581,-428
6002,117,1,6101,402867717,-9727,-2414
6002,117,2,6102,403726710,2233,-69
6002,117,3,6103,404585703,2617,592
6002,118,0,6104,405444696,-4110,-2527
6002,118,1,6105,406303689,2548,-1455
6002,118,2,6106,407162682,2192,740
6002,118,3,6107,408021675,215,-2111
6002,119,0,6108,408880668,3095,680
6002,119,1,6109,409739661,-1191,5522
6002,119,2,6110,410598654,-2277,198
6002,119,3,6111,411457647,974,-902
6002,120,0,6112,412316640,2006,5084
6002,120,1,6113,413175633,4589,1505
6002,120,2,6114,414034626,-3528,-7114
6002,120,3,6115,414893619,-9836,-2952
6002,121,0,6116,415752612,2792,2499
6002,121,1,6117,416611605,1145,-4472
6002,121,2,6118,417470598,-10379,-524
6002,121,3,6119,418329591,-3498,6675
6002,122,0,6120,419188584,1622,-1371
6002,122,1,6121,420047577,-403,-2240
6002,122,2,6122,420906570,-1146,-2479
6002,122,3,6123,421765563,-3424,-6576
6002,123,0,6124,422624556,-3015,-222
6002,123,1,6125,423483549,-845,-376
6002,123,2,6126,424342542,2012,-4541
6002,123,3,6127,425201535,1460,-4531
6002,124,0,6128,426060528,-2382,-6725
6002,124,1,6129,426919521,-430,-2305
6002,124,2,6130,427778514,1353,2120
6002,124,3,6131,428637507,-1297,2892
6002,125,0,6132,429496500,-185,4917
6002,125,1,6133,430355493,3508,-1712
6002,125,2,6134,431214486,745,-7512
6002,125,3,6135,432073479,-1308,-5959
6002,126,0,6136,432932472,1271,-4992
6002,126,1,6137,433791465,-4240,1691
6002,126,2,6138,434650458,-5293,2363
6002,126,3,6139,435509451,2912,-5717
6002,127,0,6140,436368444,1233,524
6002,127,1,6141,437227437,-4628,3097
6002,127,2,6142,438086430,-3921,-6984
6002,127,3,6143,438945423,3211,-2675
6002,128,0,6144,439804416,3727,6508
6002,128,1,6145,440663409,-1786,5832
6002,128,2,6146,441522402,3760,-2080
6002,128,3,6147,442381395,3059,-8129
6002,129,0,6148,443240388,-1846,-629
6002,129,1,6149,444099381,-67,3348
6002,129,2,6150,444958374,-6130,1374
6002,129,3,6151,445817367,-5061,-293
6002,130,0,6152,446676360,-1170,-7696
6002,130,1,6153,447535353,-1255,-3997
6002,130,2,6154,448394346,5336,-191
6002,130,3,6155,449253339,1678,-4056
6002,131,0,6156,450112332,1311,1614
6002,131,1,6157,450971325,4581,1660
6002,131,2,6158,451830318,-3763,-1113
6002,131,3,6159,452689311,1659,-2334
6002,132,0,6160,453548304,6701,-4592
6002,132,1,6161,454407297,-400,3693
6002,132,2,6162,455266290,1549,4087
6002,132,3,6163,456125283,5075,-1161
6002,133,0,6164,456984276,2947,-3373
6002,133,1,6165,457843269,-3573,-4750
6002,133,2,6166,458702262,-3277,7473
6002,133,3,6167,459561255,3226,3424
6002,134,0,6168,460420248,-2225,-12371
6002,134,1,6169,461279241,-4740,-5375
6002,134,2,6170,462138234,3228,-471
6002,134,3,6171,462997227,5447,-1735
6002,135,0,6172,463856220,1070,-3006
6002,135,1,6173,464715213,-462,-4600
6002,135,2,6174,465574206,2678,2847
6002,135,3,6175,466433199,1048,1858
6002,136,0,6176,467292192,-405,-632
6002,136,1,6177,468151185,1062,3009
6002,136,2,6178,469010178,1509,-2535
6002,136,3,6179,469869171,5721,-2066
6002,137,0,6180,470728164,2898,5648
6002,137,1,6181,471587157,-1620,2815
6002,137,2,6182,472446150,-3231,-3261
6002,137,3,6183,473305143,-11967,235
6002,138,0,6184,474164136,-6987,4128
6002,138,1,6185,475023129,2621,701
6002,138,2,6186,475882122,-2282,2205
6002,138,3,6187,476741115,-3793,2433
6002,139,0,6188,477600108,-3995,-2365
6002,139,1,6189,478459101,-477,-777
6002,139,2,6190,479318094,5717,-485
6002,139,3,6191,480177087,1173,-1613
6002,140,0,6192,481036080,3004,-1953
6002,140,1,6193,481895073,9569,-1297
6002,140,2,6194,482754066,6508,3659
6002,140,3,6195,483613059,-799,172
6002,141,0,6196,484472052,-7221,-4475
6002,141,1,6197,485331045,-2600,-714
6002,141,2,6198,486190038,5659,2338
6002,141,3,6199,487049031,7031,8498
6002,142,0,6200,487908024,6267,8516
6002,142,1,6201,488767017,-1090,-700
6002,142,2,6202,489626010,-3738,-320
6002,142,3,6203,490485003,2541,999
6002,143,0,6204,491343996,917,-3948
6002,143,1,6205,492202989,-634,-690
6002,143,2,6206,493061982,2370,3822
6002,143,3,6207,493920975,3036,988
6002,144,0,6208,494779968,1023,3032
6002,144,1,6209,495638961,-4103,6779
6002,144,2,6210,496497954,-762,1269
6002,144,3,6211,497356947,4319,-4574
6002,145,0,6212,498215940,-1294,-3499
6002,145,1,6213,499074933,-1928,-858
6002,145,2,6214,499933926,1010,1509
6002,145,3,6215,500792919,644,5015
6002,146,0,6216,501651912,-168,1820
6002,146,1,6217,502510905,-3938,-4098
6002,146,2,6218,503369898,-468,718
6002,146,3,6219,504228891,4725,1894
6002,147,0,6220,505087884,219,-4267
6002,147,1,6221,505946877,-3301,-3817
6002,147,2,6222,506805870,-5215,-2493
6002,147,3,6223,507664863,-4471,-1262
6002,148,0,6224,508523856,-111,-368
6002,148,1,6225,509382849,-880,659
6002,148,2,6226,510241842,-2486,2221
6002,148,3,6227,511100835,351,-629
6002,149,0,6228,511959828,4402,3959
6002,149,1,6229,512818821,3473,5078
6002,149,2,6230,513677814,-3044,-1863
6002,149,3,6231,514536807,-7888,1750
6002,150,0,6232,515395800,-5464,126
6002,150,1,6233,516254793,2675,-73
6002,150,2,6234,517113786,3988,7078
6002,150,3,6235,517972779,3174,1984
6002,151,0,6236,518831772,7517,2261
6002,151,1,6237,519690765,2667,5231
6002,151,2,6238,520549758,-4539,-1471
6002,151,3,6239,521408751,-3432,-2456
6002,152,0,6240,522267744,2293,3221
6002,152,1,6241,523126737,4564,4123
6002,152,2,6242,523985730,-2443,-5420
6002,152,3,6243,524844723,-188,-4049
6002,153,0,6244,525703716,2803,5087
6002,153,1,6245,526562709,-3611,2113
6002,153,2,6246,527421702,1848,4948
6002,153,3,6247,528280695,4991,4581
6002,154,0,6248,529139688,3743,-547
6002,154,1,6249,529998681,4990,207
6002,154,2,6250,530857674,740,-4287
6002,154,3,6251,531716667,2739,624
6002,155,0,6252,532575660,-1837,-1186
6002,155,1,6253,533434653,-2753,-8637
6002,155,2,6254,534293646,7087,4611
6002,155,3,6255,535152639,-1032,5085
6002,156,0,6256,536011632,2468,-232
6002,156,1,6257,536870625,8382,1123
6002,156,2,6258,537729618,-4298,-2165
6002,156,3,6259,538588611,4186,6844
6002,157,0,6260,539447604,8509,4763
6002,157,1,6261,540306597,-3181,-1513
6002,157,2,6262,541165590,-4075,5226
6002,157,3,6263,542024583,-2391,-4473
6002,158,0,6264,542883576,4564,-6306
6002,158,1,6265,543742569,3232,3703
6002,158,2,6266,544601562,-1268,-2940
6002,158,3,6267,545460555,6052,-5439
6002,159,0,6268,546319548,8,3183
6002,159,1,6269,547178541,-6204,4029
6002,159,2,6270,548037534,-2552,-3438
6002,159,3,6271,548896527,-2979,-2935
6002,160,0,6272,549755520,-268,-2735
6002,160,1,6273,550614513,1078,-5805
6002,160,2,6274,551473506,2309,3911
6002,160,3,6275,552332499,3913,3070
6002,161,0,6276,553191492,-95,707
6002,161,1,6277,554050485,-3520,8588
6002,161,2,6278,554909478,-5672,-2371
6002,161,3,6279,555768471,-2343,-1449
6002,162,0,6280,556627464,2133,10278
6002,162,1,6281,557486457,1842,2871
6002,162,2,6282,558345450,518,2426
6002,162,3,6283,559204443,-2731,1014
6002,163,0,6284,560063436,-707,-869
6002,163,1,6285,560922429,487,4412
6002,163,2,6286,561781422,-2852,-3754
6002,163,3,6287,562640415,-2169,-2900
6002,164,0,6288,563499408,-5575,2483
6002,164,1,6289,564358401,-5741,-7338
6002,164,2,6290,565217394,-445,-9316
6002,164,3,6291,566076387,88,-4954
6002,165,0,6292,566935380,2254,-1177
6002,165,1,6293,567794373,2209,-380
6002,165,2,6294,568653366,1341,-3512
6002,165,3,6295,569512359,1867,854
6002,166,0,6296,570371352,-1234,-1466
6002,166,1,6297,571230345,124,-6463
6002,166,2,6298,572089338,4086,-85
6002,166,3,6299,572948331,7972,-3987
6002,167,0,6300,573807324,6999,-8495
6002,167,1,6301,574666317,278,-970
6002,167,2,6302,575525310,2846,-3184
6002,167,3,6303,576384303,1703,-2867
6002,168,0,6304,577243296,-5894,6129
6002,168,1,6305,578102289,-1163,615
6002,168,2,6306,578961282,2656,-4873
6002,168,3,6307,579820275,541,-1350
6002,169,0,6308,580679268,1988,-2382
6002,169,1,6309,581538261,2383,2370
6002,169,2,6310,582397254,-95,6732
6002,169,3,6311,583256247,165,914
6002,170,0,6312,584115240,4158,-471
6002,170,1,6313,584974233,-1554,-1346
6002,170,2,6314,585833226,-10614,-2476
6002,170,3,6315,586692219,-1501,-154
6002,171,0,6316,587551212,6184,-2229
6002,171,1,6317,588410205,-3428,-30
6002,171,2,6318,589269198,-5846,3221
6002,171,3,6319,590128191,1865,671
6002,172,0,6320,590987184,2764,1454
6002,172,1,6321,591846177,2972,42
6002,172,2,6322,592705170,2566,-533
6002,172,3,6323,593564163,-2716,3013
6002,173,0,6324,594423156,-210,-784
6002,173,1,6325,595282149,-851,-5851
6002,173,2,6326,596141142,-7206,-4403
6002,173,3,6327,597000135,-764,644
6002,174,0,6328,597859128,429,-778
6002,174,1,6329,598718121,-2882,-7002
6002,174,2,6330,599577114,4209,-2413
6002,174,3,6331,600436107,2115,-747
6002,175,0,6332,601295100,-3225,-3863
6002,175,1,6333,602154093,-2200,3377
6002,175,2,6334,603013086,-2969,2972
6002,175,3,6335,603872079,-2632,95
6002,176,0,6336,604731072,-4862,7171
6002,176,1,6337,605590065,-6155,6391
6002,176,2,6338,606449058,-5939,4695
6002,176,3,6339,607308051,-3598,5655
6002,177,0,6340,608167044,6345,-240
6002,177,1,6341,609026037,3704,386
6002,177,2,6342,609885030,-1324,1072
6002,177,3,6343,610744023,7422,-8172
6002,178,0,6344,611603016,4539,-4646
6002,178,1,6345,612462009,-3340,4412
6002,178,2,6346,613321002,-3400,-2802
6002,178,3,6347,614179995,-1583,-4054
6002,179,0,6348,615038988,6155,1752
6002,179,1,6349,615897981,7380,-2854
6002,179,2,6350,616756974,865,-233
6002,179,3,6351,617615967,1400,3254
6002,180,0,6352,618474960,3213,-2679
6002,180,1,6353,619333953,-1417,383
6002,180,2,6354,620192946,-3909,2726
6002,180,3,6355,621051939,1385,-2602
6002,181,0,6356,621910932,-883,-4418
6002,181,1,6357,622769925,-3430,-3768
6002,181,2,6358,623628918,5460,-1356
6002,181,3,6359,624487911,826,-830
6002,182,0,6360,625346904,-3166,-664
6002,182,1,6361,626205897,6975,1422
6002,182,2,6362,627064890,908,-903
6002,182,3,6363,627923883,-3296,-4438
6002,183,0,6364,628782876,5892,-1591
6002,183,1,6365,629641869,766,6580
6002,183,2,6366,630500862,-4982,4440
6002,183,3,6367,631359855,1860,-2696
6002,184,0,6368,632218848,2816,3372
6002,184,1,6369,633077841,-4281,3288
6002,184,2,6370,633936834,-2466,-2423
6002,184,3,6371,634795827,5397,1592
6002,185,0,6372,635654820,1057,-2011
6002,185,1,6373,636513813,-2991,-8028
6002,185,2,6374,637372806,1989,-3642
6002,185,3,6375,638231799,-1540,1095
6002,186,0,6376,639090792,-4131,-305
6002,186,1,6377,639949785,776,-3973
6002,186,2,6378,640808778,-992,-737
6002,186,3,6379,641667771,473,390
6002,187,0,6380,642526764,2768,-6990
6002,187,1,6381,643385757,-3000,-6668
6002,187,2,6382,644244750,3871,2772
6002,187,3,6383,645103743,7724,6761
6002,188,0,6384,645962736,-5465,1738
6002,188,1,6385,646821729,-2219,-2032
6002,188,2,6386,647680722,3193,-3309
6002,188,3,6387,648539715,-3858,-4245
6002,189,0,6388,649398708,-173,-3642
6002,189,1,6389,650257701,-891,-5450
6002,189,2,6390,651116694,-3439,2094
6002,189,3,6391,651975687,3912,10151
6002,190,0,6392,652834680,2340,2113
6002,190,1,6393,653693673,-592,1026
6002,190,2,6394,654552666,-1739,1518
6002,190,3,6395,655411659,-2838,-5758
6002,191,0,6396,656270652,-874,-3505
6002,191,1,6397,657129645,-5416,766
6002,191,2,6398,657988638,-2392,6268
6002,191,3,6399,658847631,3512,7069
6002,192,0,6400,659706624,-324,-2117
6002,192,1,6401,660565617,-333,2101
6002,192,2,6402,661424610,-2810,7503
6002,192,3,6403,662283603,-3023,-1313
6002,193,0,6404,663142596,-2684,-2516
6002,193,1,6405,664001589,-8740,2872
6002,193,2,6406,664860582,1784,-1925
6002,193,3,6407,665719575,7698,-7529
6002,194,0,6408,666578568,-2131,-3371
6002,194,1,6409,667437561,948,-344
6002,194,2,6410,668296554,2930,-612
6002,194,3,6411,669155547,1435,443
6002,195,0,6412,670014540,4328,1225
6002,195,1,6413,670873533,-2088,731
6002,195,2,6414,671732526,-6633,-3114
6002,195,3,6415,672591519,-2883,566
6002,196,0,6416,673450512,838,5392
6002,196,1,6417,674309505,4061,-526
6002,196,2,6418,675168498,2070,-359
6002,196,3,6419,676027491,-188,-481
6002,197,0,6420,676886484,5742,-350
6002,197,1,6421,677745477,7313,8110
6002,197,2,6422,678604470,1851,5666
6002,197,3,6423,679463463,3278,3018
6002,198,0,6424,680322456,2196,3440
6002,198,1,6425,681181449,-1129,-506
6002,198,2,6426,682040442,2950,4328
6002,198,3,6427,682899435,-2241,6061
6002,199,0,6428,683758428,-3080,1854
6002,199,1,6429,684617421,4580,-142
6002,199,2,6430,685476414,-3503,-3361
6002,199,3,6431,686335407,-2062,-7224
6002,200,0,6432,687194400,5751,-9921
6002,200,1,6433,688053393,-943,-3885
6002,200,2,6434,688912386,933,-2543
6002,200,3,6435,689771379,-2491,-4609
6002,201,0,6436,690630372,-10573,4355
6002,201,1,6437,691489365,-32,2959
6002,201,2,6438,692348358,4023,2341
6002,201,3,6439,693207351,-91,8916
6002,202,0,6440,694066344,-958,2281
6002,202,1,6441,694925337,-4546,-1870
6002,202,2,6442,695784330,-2375,-920
6002,202,3,6443,696643323,-824,3093
6002,203,0,6444,697502316,-2697,5283
6002,203,1,6445,698361309,-396,-2361
6002,203,2,6446,699220302,-1137,11
6002,203,3,6447,700079295,-1376,-183
6002,204,0,6448,700938288,-130,-7496
6002,204,1,6449,701797281,-1785,-2574
6002,204,2,6450,702656274,150,255
6002,204,3,6451,703515267,1923,-882
6002,205,0,6452,704374260,1351,-1102
6002,205,1,6453,705233253,859,-992
6002,205,2,6454,706092246,-1922,739
6002,205,3,6455,706951239,-711,-1430
6002,206,0,6456,707810232,1118,-1353
6002,206,1,6457,708669225,-471,-947
6002,206,2,6458,709528218,1378,-393
6002,206,3,6459,710387211,-2903,-729
6002,207,0,6460,711246204,-6781,-6282
6002,207,1,6461,712105197,2480,-1680
6002,207,2,6462,712964190,1504,405
6002,207,3,6463,713823183,-7263,-4612
6002,208,0,6464,714682176,-2517,829
6002,208,1,6465,715541169,816,902
6002,208,2,6466,716400162,-3901,-916
6002,208,3,6467,717259155,-5206,2290
6002,209,0,6468,718118148,-2940,-1039
6002,209,1,6469,718977141,-109,-1111
6002,209,2,6470,719836134,3118,977
6002,209,3,6471,720695127,2965,28
6002,210,0,6472,721554120,-1686,-160
6002,210,1,6473,722413113,-332,-1762
6002,210,2,6474,723272106,1284,-1605
6002,210,3,6475,724131099,-4908,638
6002,211,0,6476,724990092,-1457,2913
6002,211,1,6477,725849085,4882,3918
6002,211,2,6478,726708078,2680,2030
6002,211,3,6479,727567071,6230,1639
6002,212,0,6480,728426064,6219,3424
6002,212,1,6481,729285057,-1931,2756
6002,212,2,6482,730144050,-2157,2618
6002,212,3,6483,731003043,-569,4581
6002,213,0,6484,731862036,-786,-1191
6002,213,1,6485,732721029,3625,-5783
6002,213,2,6486,733580022,4461,248
6002,213,3,6487,734439015,548,1793
6002,214,0,6488,735298008,793,571
6002,214,1,6489,736157001,1878,9
6002,214,2,6490,737015994,3741,469
6002,214,3,6491,737874987,7072,3303
6002,215,0,6492,738733980,3535,-3119
6002,215,1,6493,739592973,2311,-2175
6002,215,2,6494,740451966,3527,2385
6002,215,3,6495,741310959,-3758,-5929
6002,216,0,6496,742169952,-985,-1131
6002,216,1,6497,743028945,7213,3084
6002,216,2,6498,743887938,-1552,-223
6002,216,3,6499,744746931,-6524,7146
6002,217,0,6500,745605924,1191,2837
6002,217,1,6501,746464917,-910,-1753
6002,217,2,6502,747323910,-6606,3601
6002,217,3,6503,748182903,187,1739
6002,218,0,6504,749041896,2212,2398
6002,218,1,6505,749900889,-3970,1336
6002,218,2,6506,750759882,537,-865
6002,218,3,6507,751618875,3768,696
6002,219,0,6508,752477868,1359,-2367
6002,219,1,6509,753336861,3530,-548
6002,219,2,6510,754195854,580,2759
6002,219,3,6511,755054847,-3964,351
6002,220,0,6512,755913840,-6426,-2771
6002,220,1,6513,756772833,-6401,-5046
6002,220,2,6514,757631826,-126,-2045
6002,220,3,6515,758490819,788,1928
6002,221,0,6516,759349812,3402,3469
6002,221,1,6517,760208805,7276,1876
6002,221,2,6518,761067798,-105,-2066
6002,221,3,6519,761926791,402,-3158
6002,222,0,6520,762785784,7566,-6743
6002,222,1,6521,763644777,4166,-5860
6002,222,2,6522,764503770,-1958,2497
6002,222,3,6523,765362763,-2138,3430
6002,223,0,6524,766221756,-627,2751
6002,223,1,6525,767080749,-4330,4805
6002,223,2,6526,767939742,-4556,1037
6002,223,3,6527,768798735,-2536,-3737
6002,224,0,6528,769657728,-4077,-3156
6002,224,1,6529,770516721,1035,-2792
6002,224,2,6530,771375714,1439,-3001
6002,224,3,6531,772234707,-1537,1334
6002,225,0,6532,773093700,4987,588
6002,225,1,6533,773952693,3384,-3177
6002,225,2,6534,774811686,-4279,-581
6002,225,3,6535,775670679,-2813,27
6002,226,0,6536,776529672,1774,2736
6002,226,1,6537,777388665,-728,5598
6002,226,2,6538,778247658,-4815,528
6002,226,3,6539,779106651,-2482,-888
6002,227,0,6540,779965644,-5376,-965
6002,227,1,6541,780824637,-4307,-2776
6002,227,2,6542,781683630,2831,-754
6002,227,3,6543,782542623,-1549,209
6002,228,0,6544,783401616,59,13
6002,228,1,6545,784260609,1880,728
6002,228,2,6546,785119602,-2966,290
6002,228,3,6547,785978595,1575,-3005
6002,229,0,6548,786837588,-6,-926
6002,229,1,6549,787696581,-684,4841
6002,229,2,6550,788555574,-747,-2287
6002,229,3,6551,789414567,-6883,-4553
6002,230,0,6552,790273560,1348,4131
6002,230,1,6553,791132553,-334,-618
6002,230,2,6554,791991546,-5192,-3093
6002,230,3,6555,792850539,4970,3254
6002,231,0,6556,793709532,-362,-661
6002,231,1,6557,794568525,-599,-1414
6002,231,2,6558,795427518,2776,5446
6002,231,3,6559,796286511,-10465,3760
6002,232,0,6560,797145504,-7310,2789
6002,232,1,6561,798004497,2025,7271
6002,232,2,6562,798863490,-122,1409
6002,232,3,6563,799722483,-2262,-2044
6002,233,0,6564,800581476,-2001,4493
6002,233,1,6565,801440469,2082,-844
6002,233,2,6566,802299462,-123,-5226
6002,233,3,6567,803158455,-264,477
6002,234,0,6568,804017448,4692,-44
6002,234,1,6569,804876441,-130,2145
6002,234,2,6570,805735434,-2475,5715
6002,234,3,6571,806594427,-2854,3219
6002,235,0,6572,807453420,-3911,-638
6002,235,1,6573,808312413,-1482,-3073
6002,235,2,6574,809171406,-2824,6221
6002,235,3,6575,810030399,1193,8113
6002,236,0,6576,810889392,3701,-5288
6002,236,1,6577,811748385,-2047,-756
6002,236,2,6578,812607378,-3382,8306
6002,236,3,6579,813466371,-4152,2536
6002,237,0,6580,814325364,-1320,-748
6002,237,1,6581,815184357,2894,-1499
6002,237,2,6582,816043350,1936,957
6002,237,3,6583,816902343,3309,6685
6002,238,0,6584,817761336,427,3687
6002,238,1,6585,818620329,-3954,-2788
6002,238,2,6586,819479322,-979,-5109
6002,238,3,6587,820338315,1748,-3213
6002,239,0,6588,821197308,2285,3149
6002,239,1,6589,822056301,1897,4433
6002,239,2,6590,822915294,1796,-5082
6002,239,3,6591,823774287,2032,-9764
6002,240,0,6592,824633280,-1043,-1232
6002,240,1,6593,825492273,-6837,5442
6002,240,2,6594,826351266,-6230,4490
6002,240,3,6595,827210259,1266,2097
6002,241,0,6596,828069252,-2007,13
6002,241,1,6597,828928245,-6559,223
6002,241,2,6598,829787238,1403,1001
6002,241,3,6599,830646231,4291,345
6002,242,0,6600,831505224,3998,-445
6002,242,1,6601,832364217,2895,2368
6002,242,2,6602,833223210,-3049,9039
6002,242,3,6603,834082203,-482,7103
6002,243,0,6604,834941196,4243,798
6002,243,1,6605,835800189,4192,2819
6002,243,2,6606,836659182,2736,2900
6002,243,3,6607,837518175,-715,-1577
6002,244,0,6608,838377168,-1303,-5712
6002,244,1,6609,839236161,-2515,-7168
6002,244,2,6610,840095154,-3194,-2385
6002,244,3,6611,840954147,-837,-1686
6002,245,0,6612,841813140,-231,-3495
6002,245,1,6613,842672133,-1289,682
6002,245,2,6614,843531126,-5540,4381
6002,245,3,6615,844390119,-2762,3512
6002,246,0,6616,845249112,2298,-2676
6002,246,1,6617,846108105,-4600,-2250
6002,246,2,6618,846967098,-2826,2136
6002,246,3,6619,847826091,5946,-2467
6002,247,0,6620,848685084,578,723
6002,247,1,6621,849544077,-3861,3171
6002,247,2,6622,850403070,2486,-301
6002,247,3,6623,851262063,1308,8170
6002,248,0,6624,852121056,-6527,6633
6002,248,1,6625,852980049,-1263,1515
6002,248,2,6626,853839042,3024,6585
6002,248,3,6627,854698035,-583,1640
6002,249,0,6628,855557028,3249,1002
6002,249,1,6629,856416021,2106,2089
6002,249,2,6630,857275014,2049,-2003
6002,249,3,6631,858134007,4260,4526
6002,250,0,6632,858993000,-4910,3008
6002,250,1,6633,859851993,-2312,-3198
6002,250,2,6634,860710986,2849,2609
6002,250,3,6635,861569979,-1611,7231
6002,251,0,6636,862428972,260,2753
6002,251,1,6637,863287965,1629,-4660
6002,251,2,6638,864146958,5590,-885
6002,251,3,6639,865005951,3099,-3014
6002,252,0,6640,865864944,-4473,-11746
6002,252,1,6641,866723937,-223,68
6002,252,2,6642,867582930,-4097,3689
6002,252,3,6643,868441923,-4188,235
6002,253,0,6644,869300916,805,7558
6002,253,1,6645,870159909,-6494,-926
6002,253,2,6646,871018902,-1254,-3350
6002,253,3,6647,871877895,1554,4795
6002,254,0,6648,872736888,-3334,-956
6002,254,1,6649,873595881,2779,-1092
6002,254,2,6650,874454874,288,974
6002,254,3,6651,875313867,-776,223
6002,255,0,6652,876172860,2522,3382
6002,255,1,6653,877031853,-4158,106
6002,255,2,6654,877890846,-2566,-377
6002,255,3,6655,878749839,4217,3315
6002,256,0,6656,879608832,-251,449
6002,256,1,6657,880467825,-5031,-1860
6002,256,2,6658,881326818,1664,1990
6002,256,3,6659,882185811,2084,3600
6002,257,0,6660,883044804,-4202,-381
6002,257,1,6661,883903797,215,778
6002,257,2,6662,884762790,-981,264
6002,257,3,6663,885621783,-523,-2940
6002,258,0,6664,886480776,2558,2342
6002,258,1,6665,887339769,-4900,1183
6002,258,2,6666,888198762,3511,-683
6002,258,3,6667,889057755,4186,5051
6002,259,0,6668,889916748,-6863,3268
6002,259,1,6669,890775741,1990,3692
6002,259,2,6670,891634734,-1001,5422
6002,259,3,6671,892493727,58,226
6002,260,0,6672,893352720,12351,-2331
6002,260,1,6673,894211713,948,-4218
6002,260,2,6674,895070706,-2169,-5227
6002,260,3,6675,895929699,3120,-3825
6002,261,0,6676,896788692,-2482,1218
6002,261,1,6677,897647685,-5320,5155
6002,261,2,6678,898506678,-3714,-1064
6002,261,3,6679,899365671,3935,298
6002,262,0,6680,900224664,4,5758
6002,262,1,6681,901083657,-6086,-1264
6002,262,2,6682,901942650,636,-2794
6002,262,3,6683,902801643,-2882,-703
6002,263,0,6684,903660636,-2553,-2245
6002,263,1,6685,904519629,-1092,1355
6002,263,2,6686,905378622,-7194,866
6002,263,3,6687,906237615,-630,1869
6002,264,0,6688,907096608,-2239,9032
6002,264,1,6689,907955601,-7648,3159
6002,264,2,6690,908814594,-1044,-2276
6002,264,3,6691,909673587,-683,4949
6002,265,0,6692,910532580,-919,-114
6002,265,1,6693,911391573,-1007,-6358
6002,265,2,6694,912250566,-342,3526
6002,265,3,6695,913109559,4323,2744
6002,266,0,6696,913968552,1079,-3358
6002,266,1,6697,914827545,-1549,4191
6002,266,2,6698,915686538,-837,7013
6002,266,3,6699,916545531,93,1455
6002,267,0,6700,917404524,3099,-1631
6002,267,1,6701,918263517,1875,-168
6002,267,2,6702,919122510,3704,1474
6002,267,3,6703,919981503,7424,-1606
6002,268,0,6704,920840496,5550,-1877
6002,268,1,6705,921699489,1718,-215
6002,268,2,6706,922558482,-3903,-815
6002,268,3,6707,923417475,-4595,-2098
6002,269,0,6708,924276468,-2899,-3198
6002,269,1,6709,925135461,-5802,4126
6002,269,2,6710,925994454,-6109,7327
6002,269,3,6711,926853447,-3532,-1229
6002,270,0,6712,927712440,-1712,-3640
6002,270,1,6713,928571433,-2538,-3477
6002,270,2,6714,929430426,-1587,-672
6002,270,3,6715,930289419,3241,5707
6002,271,0,6716,931148412,1038,1717
6002,271,1,6717,932007405,-2449,18
6002,271,2,6718,932866398,-568,7658
6002,271,3,6719,933725391,-1062,8673
6002,272,0,6720,934584384,1596,245
6002,272,1,6721,935443377,7259,-6839
6002,272,2,6722,936302370,3392,-4189
6002,272,3,6723,937161363,-4771,701
6002,273,0,6724,938020356,-3879,-300
6002,273,1,6725,938879349,1824,-3170
6002,273,2,6726,939738342,4867,-1838
6002,273,3,6727,940597335,4444,1912
6002,274,0,6728,941456328,-3366,1565
6002,274,1,6729,942315321,-7429,676
6002,274,2,6730,943174314,-1828,-1150
6002,274,3,6731,944033307,-236,-3250
6002,275,0,6732,944892300,1328,733
6002,275,1,6733,945751293,10,4865
6002,275,2,6734,946610286,-5311,7227
6002,275,3,6735,947469279,1715,1349
6002,276,0,6736,948328272,2572,-5920
6002,276,1,6737,949187265,-7539,3226
6002,276,2,6738,950046258,-3826,5661
6002,276,3,6739,950905251,3394,-344
6002,277,0,6740,951764244,2590,2999
6002,277,1,6741,952623237,-1251,4116
6002,277,2,6742,953482230,-3576,5099
6002,277,3,6743,954341223,-1760,1232
6002,278,0,6744,955200216,-2416,-4022
6002,278,1,6745,956059209,-269,474
6002,278,2,6746,956918202,4518,-2629
6002,278,3,6747,957777195,-370,-2216
6002,279,0,6748,958636188,-2782,4056
6002,279,1,6749,959495181,2925,859
6002,279,2,6750,960354174,-1137,841
6002,279,3,6751,961213167,-7256,2077
6002,280,0,6752,962072160,1447,7689
6002,280,1,6753,962931153,2269,10886
6002,280,2,6754,963790146,-6093,483
6002,280,3,6755,964649139,1519,-229
6002,281,0,6756,965508132,753,-37
6002,281,1,6757,966367125,-5373,-2534
6002,281,2,6758,967226118,5352,2808
6002,281,3,6759,968085111,702,-39
6002,282,0,6760,968944104,-4226,1012
6002,282,1,6761,969803097,7481,3486
6002,282,2,6762,970662090,2340,-560
6002,282,3,6763,971521083,-3768,3115
6002,283,0,6764,972380076,793,-479
6002,283,1,6765,973239069,1737,-2914
6002,283,2,6766,974098062,1305,2680
6002,283,3,6767,974957055,-1604,-1221
6002,284,0,6768,975816048,-42,-44
6002,284,1,6769,976675041,632,1429
6002,284,2,6770,977534034,-838,-2807
6002,284,3,6771,978393027,4619,2219
6002,285,0,6772,979252020,3634,4077
6002,285,1,6773,980111013,2055,1651
6002,285,2,6774,980970006,2068,4380
6002,285,3,6775,981828999,-4390,3549
6002,286,0,6776,982687992,-3260,-81
6002,286,1,6777,983546985,1448,2411
6002,286,2,6778,984405978,2733,3343
6002,286,3,6779,985264971,938,-4545
6002,287,0,6780,986123964,-3110,-3943
6002,287,1,6781,986982957,-333,2007
6002,287,2,6782,987841950,1806,-2796
6002,287,3,6783,988700943,1838,-2343
6002,288,0,6784,989559936,4822,1825
6002,288,1,6785,990418929,4511,207
6002,288,2,6786,991277922,1499,4426
6002,288,3,6787,992136915,-1831,6204
6002,289,0,6788,992995908,-2017,1974
6002,289,1,6789,993854901,-1806,3616
6002,289,2,6790,994713894,-1104,2974
6002,289,3,6791,995572887,2816,-6616
6002,290,0,6792,996431880,1790,-9976
6002,290,1,6793,997290873,2481,-1995
6002,290,2,6794,998149866,1816,-991
6002,290,3,6795,999008859,-5404,-5220
6002,291,0,6796,999867852,-4736,-1085
6002,291,1,6797,1000726845,-2055,337
6002,291,2,6798,1001585838,1809,-962
6002,291,3,6799,1002444831,7649,2816
6002,292,0,6800,1003303824,5723,4027
6002,292,1,6801,1004162817,1774,3563
6002,292,2,6802,1005021810,-2655,948
6002,292,3,6803,1005880803,-1379,-3295
6002,293,0,6804,1006739796,1307,-2397
6002,293,1,6805,1007598789,-2564,-2847
6002,293,2,6806,1008457782,457,-910
6002,293,3,6807,1009316775,937,4083
6002,294,0,6808,1010175768,-3201,-632
6002,294,1,6809,1011034761,-1580,750
6002,294,2,6810,1011893754,386,7514
6002,294,3,6811,1012752747,1971,-141
6002,295,0,6812,1013611740,-3041,469
6002,295,1,6813,1014470733,-2678,9298
6002,295,2,6814,1015329726,1002,1206
6002,295,3,6815,1016188719,-6401,-4534
6002,296,0,6816,1017047712,1479,247
6002,296,1,6817,1017906705,7019,102
6002,296,2,6818,1018765698,-3877,-1759
6002,296,3,6819,1019624691,645,-3107
6002,297,0,6820,1020483684,810,-4644
6002,297,1,6821,1021342677,-6514,-4300
6002,297,2,6822,1022201670,-2356,-2943
6002,297,3,6823,1023060663,-991,-1596
6002,298,0,6824,1023919656,-902,-377
6002,298,1,6825,1024778649,-1815,471
6002,298,2,6826,1025637642,-2545,-3673
6002,298,3,6827,1026496635,3033,-6114
6002,299,0,6828,1027355628,1426,47
6002,299,1,6829,1028214621,-3607,2881
6002,299,2,6830,1029073614,-1103,3208
6002,299,3,6831,1029932607,-1339,3088
6002,300,0,6832,1030791600,-6171,-3509
6002,300,1,6833,1031650593,-4655,-4452
6002,300,2,6834,1032509586,-3132,-1222
6002,300,3,6835,1033368579,-5893,-2112
6002,301,0,6836,1034227572,-1721,2765
6002,301,1,6837,1035086565,2023,4517
6002,301,2,6838,1035945558,696,-1934
6002,301,3,6839,1036804551,1676,-638
6002,302,0,6840,1037663544,1018,1353
6002,302,1,6841,1038522537,-1574,-2513
6002,302,2,6842,1039381530,-2464,-2147
6002,302,3,6843,1040240523,1004,-488
6002,303,0,6844,1041099516,2423,1963
6002,303,1,6845,1041958509,771,5635
6002,303,2,6846,1042817502,2821,2846
6002,303,3,6847,1043676495,-1195,-224
6002,304,0,6848,1044535488,610,2579
6002,304,1,6849,1045394481,7730,3778
6002,304,2,6850,1046253474,-1132,-1070
6002,304,3,6851,1047112467,135,-2992
6002,305,0,6852,1047971460,8901,2494
6002,305,1,6853,1048830453,2140,2093
6002,305,2,6854,1049689446,-386,-1380
6002,305,3,6855,1050548439,1053,-94
6002,306,0,6856,1051407432,568,-1661
6002,306,1,6857,1052266425,1590,-142
6002,306,2,6858,1053125418,375,2025
6002,306,3,6859,1053984411,397,-1251
6002,307,0,6860,1054843404,233,-1728
6002,307,1,6861,1055702397,-254,-2100
6002,307,2,6862,1056561390,-296,6
6002,307,3,6863,1057420383,3128,175
6002,308,0,6864,1058279376,6457,-3810
6002,308,1,6865,1059138369,875,1078
6002,308,2,6866,1059997362,585,975
6002,308,3,6867,1060856355,2220,-898
6002,309,0,6868,1061715348,-3092,5062
6002,309,1,6869,1062574341,-2205,2320
6002,309,2,6870,1063433334,2026,1543
6002,309,3,6871,1064292327,3971,2897
6002,310,0,6872,1065151320,-1443,2009
6002,310,1,6873,1066010313,-7552,4741
6002,310,2,6874,1066869306,-4100,-2205
6002,310,3,6875,1067728299,-2505,1575
6002,311,0,6876,1068587292,1818,11289
6002,311,1,6877,1069446285,5232,-288
6002,311,2,6878,1070305278,1680,-2125
6002,311,3,6879,1071164271,3804,-1229
6002,312,0,6880,1072023264,5447,-10091
6002,312,1,6881,1072882257,7235,-2021
6002,312,2,6882,1073741250,4697,1228
6002,312,3,6883,1074600243,-2274,-3978
6002,313,0,6884,1075459236,30,3595
6002,313,1,6885,1076318229,-3994,5080
6002,313,2,6886,1077177222,-5232,-250
6002,313,3,6887,1078036215,1022,697
6002,314,0,6888,1078895208,-4081,-72
6002,314,1,6889,1079754201,-4287,-1215
6002,314,2,6890,1080613194,-5797,1386
6002,314,3,6891,1081472187,-10737,-1992
6002,315,0,6892,1082331180,-2704,-5077
6002,315,1,6893,1083190173,509,-91
6002,315,2,6894,1084049166,-777,-1952
6002,315,3,6895,1084908159,-1676,-3736
6002,316,0,6896,1085767152,-5034,2106
6002,316,1,6897,1086626145,1025,2753
6002,316,2,6898,1087485138,6124,4025
6002,316,3,6899,1088344131,469,2162
6002,317,0,6900,1089203124,-3307,-3048
6002,317,1,6901,1090062117,-1128,-992
6002,317,2,6902,1090921110,-1011,-2817
6002,317,3,6903,1091780103,-203,-988
6002,318,0,6904,1092639096,3988,53
6002,318,1,6905,1093498089,2391,-10499
6002,318,2,6906,1094357082,708,-2527
6002,318,3,6907,1095216075,2124,8951
6002,319,0,6908,1096075068,3548,971
6002,319,1,6909,1096934061,2701,1890
6002,319,2,6910,1097793054,-4925,6319
6002,319,3,6911,1098652047,-1616,1382
6002,320,0,6912,1099511040,1974,-832
6002,320,1,6913,1100370033,-7862,704
6002,320,2,6914,1101229026,-4091,5317
6002,320,3,6915,1102088019,2180,5017
6002,321,0,6916,1102947012,3444,-1088
6002,321,1,6917,1103806005,6392,-593
6002,321,2,6918,1104664998,-384,2276
6002,321,3,6919,1105523991,-565,1042
6002,322,0,6920,1106382984,-3025,-889
6002,322,1,6921,1107241977,-10698,1975
6002,322,2,6922,1108100970,14,4026
6002,322,3,6923,1108959963,5111,-2091
6002,323,0,6924,1109818956,3194,-1758
6002,323,1,6925,1110677949,5636,1069
6002,323,2,6926,1111536942,1150,-4452
6002,323,3,6927,1112395935,2893,829
6002,324,0,6928,1113254928,1377,5567
6002,324,1,6929,1114113921,-9802,-3047
6002,324,2,6930,1114972914,-4388,-1850
6002,324,3,6931,1115831907,7252,-931
6002,325,0,6932,1116690900,4510,-6015
6002,325,1,6933,1117549893,-580,-200
6002,325,2,6934,1118408886,1147,460
6002,325,3,6935,1119267879,2980,-2739
6002,326,0,6936,1120126872,2421,3361
6002,326,1,6937,1120985865,-127,1886
6002,326,2,6938,1121844858,2064,-3600
6002,326,3,6939,1122703851,8407,-1649
6002,327,0,6940,1123562844,1161,-1952
6002,327,1,6941,1124421837,-4180,-3767
6002,327,2,6942,1125280830,3355,835
6002,327,3,6943,1126139823,-563,5369
6002,328,0,6944,1126998816,-4347,-636
6002,328,1,6945,1127857809,1325,-2995
6002,328,2,6946,1128716802,-1179,6568
6002,328,3,6947,1129575795,-6009,2789
6002,329,0,6948,1130434788,-1726,-5854
6002,329,1,6949,1131293781,5506,488
6002,329,2,6950,1132152774,295,-1246
6002,329,3,6951,1133011767,-4860,-5201
6002,330,0,6952,1133870760,2222,2351
6002,330,1,6953,1134729753,275,-1138
6002,330,2,6954,1135588746,-1700,-5363
6002,330,3,6955,1136447739,5006,952
6002,331,0,6956,1137306732,4227,-1558
6002,331,1,6957,1138165725,1494,-2541
6002,331,2,6958,1139024718,-278,4757
6002,331,3,6959,1139883711,415,1408
6002,332,0,6960,1140742704,603,-4140
6002,332,1,6961,1141601697,-3505,509
6002,332,2,6962,1142460690,-254,-859
6002,332,3,6963,1143319683,-1427,-7783
6002,333,0,6964,1144178676,-4713,-4330
6002,333,1,6965,1145037669,4283,-771
6002,333,2,6966,1145896662,4167,1432
6002,333,3,6967,1146755655,-2013,5154
6002,334,0,6968,1147614648,1586,-6299
6002,334,1,6969,1148473641,3083,-10600
6002,334,2,6970,1149332634,-221,1689
6002,334,3,6971,1150191627,-2266,-2955
6002,335,0,6972,1151050620,-3114,-5534
6002,335,1,6973,1151909613,-2938,6024
6002,335,2,6974,1152768606,-895,7517
6002,335,3,6975,1153627599,-2228,8589
6002,336,0,6976,1154486592,-3569,7895
6002,336,1,6977,1155345585,1295,2293
6002,336,2,6978,1156204578,-980,4085
6002,336,3,6979,1157063571,-1728,3641
6002,337,0,6980,1157922564,4979,728
6002,337,1,6981,1158781557,-469,-2193
6002,337,2,6982,1159640550,-144,-4850
6002,337,3,6983,1160499543,7475,-1206
6002,338,0,6984,1161358536,439,-772
6002,338,1,6985,1162217529,-149,988
6002,338,2,6986,1163076522,7522,3838
6002,338,3,6987,1163935515,5432,-2335
6002,339,0,6988,1164794508,778,-231
6002,339,1,6989,1165653501,-1148,3891
6002,339,2,6990,1166512494,-887,-2466
6002,339,3,6991,1167371487,-1590,-2512
6002,340,0,6992,1168230480,-2685,-1595
6002,340,1,6993,1169089473,-1548,-1238
6002,340,2,6994,1169948466,312,6667
6002,340,3,6995,1170807459,1819,2906
6002,341,0,6996,1171666452,-1334,-6436
6002,341,1,6997,1172525445,916,1198
6002,341,2,6998,1173384438,7661,7751
6002,341,3,6999,1174243431,1960,621
6002,342,0,7000,1175102424,-1773,-3791
6002,342,1,7001,1175961417,-865,338
6002,342,2,7002,1176820410,-5688,3602
6002,342,3,7003,1177679403,-3266,-791
6002,343,0,7004,1178538396,990,-2940
6002,343,1,7005,1179397389,867,-1167
6002,343,2,7006,1180256382,2764,-4812
6002,343,3,7007,1181115375,84,1313
6002,344,0,7008,1181974368,-2141,8229
6002,344,1,7009,1182833361,1553,-2951
6002,344,2,7010,1183692354,1225,-4091
6002,344,3,7011,1184551347,681,-744
6002,345,0,7012,1185410340,3579,-10409
6002,345,1,7013,1186269333,-771,-8881
6002,345,2,7014,1187128326,-2065,-3526
6002,345,3,7015,1187987319,5443,-3486
6002,346,0,7016,1188846312,1894,285
6002,346,1,7017,1189705305,-1704,-1145
6002,346,2,7018,1190564298,2292,-2980
6002,346,3,7019,1191423291,-831,-2082
6002,347,0,7020,1192282284,-175,-2537
6002,347,1,7021,1193141277,4176,-2666
6002,347,2,7022,1194000270,8173,-4493
6002,347,3,7023,1194859263,9257,1055
6002,348,0,7024,1195718256,800,6050
6002,348,1,7025,1196577249,3606,332
6002,348,2,7026,1197436242,4691,468
6002,348,3,7027,1198295235,-4015,1892
6002,349,0,7028,1199154228,1111,148
6002,349,1,7029,1200013221,565,2858
6002,349,2,7030,1200872214,-2339,828
6002,349,3,7031,1201731207,-3410,-68
6002,350,0,7032,1202590200,-9875,3558
6002,350,1,7033,1203449193,2460,1240
6002,350,2,7034,1204308186,4988,3594
6002,350,3,7035,1205167179,-5479,7492
6002,351,0,7036,1206026172,-552,451
6002,351,1,7037,1206885165,-4663,-1729
6002,351,2,7038,1207744158,-4542,77
6002,351,3,7039,1208603151,4383,-3955
6002,352,0,7040,1209462144,2471,-1202
6002,352,1,7041,1210321137,4060,1004
6002,352,2,7042,1211180130,4265,377
6002,352,3,7043,1212039123,-189,7395
6002,353,0,7044,1212898116,-2717,1658
6002,353,1,7045,1213757109,1470,-8003
6002,353,2,7046,1214616102,3169,-457
6002,353,3,7047,1215475095,-4847,-818
6002,354,0,7048,1216334088,2988,-7188
6002,354,1,7049,1217193081,5063,-302
6002,354,2,7050,1218052074,-2323,6206
6002,354,3,7051,1218911067,2953,1920
6002,355,0,7052,1219770060,-8510,-4761
6002,355,1,7053,1220629053,-8023,12
6002,355,2,7054,1221488046,4093,2531
6002,355,3,7055,1222347039,-5341,-6557
6002,356,0,7056,1223206032,-1093,-2225
6002,356,1,7057,1224065025,-3795,3539
6002,356,2,7058,1224924018,-7637,-3628
6002,356,3,7059,1225783011,8802,-2171
6002,357,0,7060,1226642004,1972,945
6002,357,1,7061,1227500997,-1964,-2009
6002,357,2,7062,1228359990,3267,-2873
6002,357,3,7063,1229218983,-2787,-4144
6002,358,0,7064,1230077976,-1491,-3476
6002,358,1,7065,1230936969,-6515,-1858
6002,358,2,7066,1231795962,-5184,1013
6002,358,3,7067,1232654955,88,4183
6002,359,0,7068,1233513948,-5802,272
6002,359,1,7069,1234372941,3549,-1957
6002,359,2,7070,1235231934,5898,-753
6002,359,3,7071,1236090927,-5901,-1733
6002,360,0,7072,1236949920,-3945,-270
6002,360,1,7073,1237808913,3889,1641
6002,360,2,7074,1238667906,3628,3099
6002,360,3,7075,1239526899,-5853,463
6002,361,0,7076,1240385892,-5859,-5225
6002,361,1,7077,1241244885,-3351,-1667
6002,361,2,7078,1242103878,-8118,303
6002,361,3,7079,1242962871,-1337,-2318
6002,362,0,7080,1243821864,2751,4723
6002,362,1,7081,1244680857,2634,7639
6002,362,2,7082,1245539850,3180,1620
6002,362,3,7083,1246398843,-6145,-304
6002,363,0,7084,1247257836,-5676,-1682
6002,363,1,7085,1248116829,353,-628
6002,363,2,7086,1248975822,-592,3280
6002,363,3,7087,1249834815,-101,1095
6002,364,0,7088,1250693808,372,-98
6002,364,1,7089,1251552801,3414,3150
6002,364,2,7090,1252411794,4852,3141
6002,364,3,7091,1253270787,4980,817
6002,365,0,7092,1254129780,3523,-2418
6002,365,1,7093,1254988773,-4086,-3036
6002,365,2,7094,1255847766,-367,774
6002,365,3,7095,1256706759,5553,1213
6002,366,0,7096,1257565752,-1463,1096
6002,366,1,7097,1258424745,-4611,2075
6002,366,2,7098,1259283738,-1815,-72
6002,366,3,7099,1260142731,1739,1195
6002,367,0,7100,1261001724,3659,-727
6002,367,1,7101,1261860717,1640,-6074
6002,367,2,7102,1262719710,-683,1314
6002,367,3,7103,1263578703,-3632,7043
6002,368,0,7104,1264437696,-3119,714
6002,368,1,7105,1265296689,-2430,-2071
6002,368,2,7106,1266155682,-4497,-21
6002,368,3,7107,1267014675,920,180
6002,369,0,7108,1267873668,2885,-2846
6002,369,1,7109,1268732661,-2181,-1643
6002,369,2,7110,1269591654,2228,3019
6002,369,3,7111,1270450647,1167,563
6002,370,0,7112,1271309640,-10536,-887
6002,370,1,7113,1272168633,-10921,-1548
6002,370,2,7114,1273027626,-4953,-3600
6002,370,3,7115,1273886619,1968,1842
6002,371,0,7116,1274745612,7591,3813
6002,371,1,7117,1275604605,272,771
6002,371,2,7118,1276463598,-6522,-3633
6002,371,3,7119,1277322591,-3900,-8834
6002,372,0,7120,1278181584,94,-3582
6002,372,1,7121,1279040577,762,-1843
6002,372,2,7122,1279899570,-2576,-5126
6002,372,3,7123,1280758563,912,1
6002,373,0,7124,1281617556,4105,2168
6002,373,1,7125,1282476549,-90,4505
6002,373,2,7126,1283335542,-686,3098
6002,373,3,7127,1284194535,-1968,-1867
6002,374,0,7128,1285053528,136,8114
6002,374,1,7129,1285912521,6059,10323
6002,374,2,7130,1286771514,4469,1048
6002,374,3,7131,1287630507,-1552,2853
6002,375,0,7132,1288489500,-6329,484
6002,375,1,7133,1289348493,-1232,-5956
6002,375,2,7134,1290207486,1372,-2612
6002,375,3,7135,1291066479,-3120,668
6002,376,0,7136,1291925472,751,15
6002,376,1,7137,1292784465,-2132,79
6002,376,2,7138,1293643458,-3827,-793
6002,376,3,7139,1294502451,4162,-2012
6002,377,0,7140,1295361444,2003,-2484
6002,377,1,7141,1296220437,-1370,-5550
6002,377,2,7142,1297079430,-1287,-2997
6002,377,3,7143,1297938423,7061,1228
6002,378,0,7144,1298797416,11708,-4575
6002,378,1,7145,1299656409,-4606,-959
6002,378,2,7146,1300515402,-4655,6702
6002,378,3,7147,1301374395,5917,561
6002,379,0,7148,1302233388,1334,-4276
6002,379,1,7149,1303092381,-1664,-4933
6002,379,2,7150,1303951374,-4294,817
6002,379,3,7151,1304810367,-2938,2272
6002,380,0,7152,1305669360,409,-8113
6002,380,1,7153,1306528353,1121,-2635
6002,380,2,7154,1307387346,2917,2625
6002,380,3,7155,1308246339,-3811,-3036
6002,381,0,7156,1309105332,-2061,-273
6002,381,1,7157,1309964325,2579,-3552
6002,381,2,7158,1310823318,-2628,-4648
6002,381,3,7159,1311682311,4063,-1021
6002,382,0,7160,1312541304,7171,-3028
6002,382,1,7161,1313400297,2897,4160
6002,382,2,7162,1314259290,2035,5944
6002,382,3,7163,1315118283,-2818,1808
6002,383,0,7164,1315977276,1501,1245
6002,383,1,7165,1316836269,5328,-6859
6002,383,2,7166,1317695262,-194,-4293
6002,383,3,7167,1318554255,-4037,4573
6002,384,0,7168,1319413248,-7496,227
6002,384,1,7169,1320272241,600,-4135
6002,384,2,7170,1321131234,8004,-311
6002,384,3,7171,1321990227,-219,5565
6002,385,0,7172,1322849220,-1092,-777
6002,385,1,7173,1323708213,3350,-5473
6002,385,2,7174,1324567206,755,5747
6002,385,3,7175,1325426199,777,4498
6002,386,0,7176,1326285192,3590,-3694
6002,386,1,7177,1327144185,5763,-2002
6002,386,2,7178,1328003178,6013,-4563
6002,386,3,7179,1328862171,-376,-3885
6002,387,0,7180,1329721164,-4094,2729
6002,387,1,7181,1330580157,-1786,2618
6002,387,2,7182,1331439150,-2515,-44
6002,387,3,7183,1332298143,2190,-839
6002,388,0,7184,1333157136,6978,-1487
6002,388,1,7185,1334016129,3098,-3615
6002,388,2,7186,1334875122,2818,-4090
6002,388,3,7187,1335734115,763,523
6002,389,0,7188,1336593108,1766,2453
6002,389,1,7189,1337452101,7396,-521
6002,389,2,7190,1338311094,2713,-320
6002,389,3,7191,1339170087,2120,-828
6002,390,0,7192,1340029080,321,-2099
6002,390,1,7193,1340888073,-3859,6473
6002,390,2,7194,1341747066,5875,8572
6002,390,3,7195,1342606059,3213,-3315
6002,391,0,7196,1343465052,-3591,-1073
6002,391,1,7197,1344324045,7661,6840
6002,391,2,7198,1345183038,7909,-714
6002,391,3,7199,1346042031,-3682,-3124
6002,392,0,7200,1346901024,-5382,949
6002,392,1,7201,1347760017,259,-1302
6002,392,2,7202,1348619010,1022,2045
6002,392,3,7203,1349478003,-4084,3903
6002,393,0,7204,1350336996,-2198,-2282
6002,393,1,7205,1351195989,1687,-1287
6002,393,2,7206,1352054982,-1777,-1481
6002,393,3,7207,1352913975,-92,-2933
6002,394,0,7208,1353772968,4303,2182
6002,394,1,7209,1354631961,-1873,-1921
6002,394,2,7210,1355490954,-1109,-1940
6002,394,3,7211,1356349947,7145,7028
6002,395,0,7212,1357208940,1191,1124
6002,395,1,7213,1358067933,1560,-6007
6002,395,2,7214,1358926926,6607,-6327
6002,395,3,7215,1359785919,-3347,-8257
6002,396,0,7216,1360644912,-1696,-7702
6002,396,1,7217,1361503905,3453,-6074
6002,396,2,7218,1362362898,-2464,-2121
6002,396,3,7219,1363221891,506,-2263
6002,397,0,7220,1364080884,895,-2868
6002,397,1,7221,1364939877,-5030,1891
6002,397,2,7222,1365798870,-3243,-2459
6002,397,3,7223,1366657863,1669,-2096
6002,398,0,7224,1367516856,701,4649
6002,398,1,7225,1368375849,-4476,2179
6002,398,2,7226,1369234842,-4258,1792
6002,398,3,7227,1370093835,-4221,-2354
6002,399,0,7228,1370952828,-1751,-5692
6002,399,1,7229,1371811821,3222,1991
6002,399,2,7230,1372670814,-2863,3813
6002,399,3,7231,1373529807,-2693,2992
6002,400,0,7232,1374388800,3312,2353
6002,400,1,7233,1375247793,-749,-4172
6002,400,2,7234,1376106786,-3522,-7597
6002,400,3,7235,1376965779,-1444,-1543
6002,401,0,7236,1377824772,1324,5824
6002,401,1,7237,1378683765,-1700,4411
6002,401,2,7238,1379542758,-185,1887
6002,401,3,7239,1380401751,7552,78
6002,402,0,7240,1381260744,913,2250
6002,402,1,7241,1382119737,378,5899
6002,402,2,7242,1382978730,5203,-3923
6002,402,3,7243,1383837723,-949,894
6002,403,0,7244,1384696716,2813,9344
6002,403,1,7245,1385555709,3007,-7082
6002,403,2,7246,1386414702,-2777,-4811
6002,403,3,7247,1387273695,2248,2288
6002,404,0,7248,1388132688,4792,-5347
6002,404,1,7249,1388991681,3010,33
6002,404,2,7250,1389850674,-2929,-2255
6002,404,3,7251,1390709667,-1727,-2376
6002,405,0,7252,1391568660,5872,6965
6002,405,1,7253,1392427653,-1475,-34
6002,405,2,7254,1393286646,-1466,1044
6002,405,3,7255,1394145639,5387,9452
6002,406,0,7256,1395004632,-456,4103
6002,406,1,7257,1395863625,-555,-3558
6002,406,2,7258,1396722618,271,-6231
6002,406,3,7259,1397581611,-1247,-1729
6002,407,0,7260,1398440604,3239,2881
6002,407,1,7261,1399299597,2704,3024
6002,407,2,7262,1400158590,3271,1004
6002,407,3,7263,1401017583,3673,-2990
6002,408,0,7264,1401876576,-1880,-2493
6002,408,1,7265,1402735569,-891,1433
6002,408,2,7266,1403594562,-2260,2793
6002,408,3,7267,1404453555,-3460,63
6002,409,0,7268,1405312548,5274,-1559
6002,409,1,7269,1406171541,3130,-1408
6002,409,2,7270,1407030534,-1618,-2520
6002,409,3,7271,1407889527,655,2671
6002,410,0,7272,1408748520,-2534,6678
6002,410,1,7273,1409607513,3648,2681
6002,410,2,7274,1410466506,7972,-1973
6002,410,3,7275,1411325499,-1751,-1548
6002,411,0,7276,1412184492,-3029,7539
6002,411,1,7277,1413043485,-2190,7453
6002,411,2,7278,1413902478,-1752,1466
6002,411,3,7279,1414761471,-116,4577
6002,412,0,7280,1415620464,-1356,1967
6002,412,1,7281,1416479457,1150,1218
6002,412,2,7282,1417338450,-3345,4526
6002,412,3,7283,1418197443,603,2935
6002,413,0,7284,1419056436,8716,2236
6002,413,1,7285,1419915429,-4414,-409
6002,413,2,7286,1420774422,-2845,4563
6002,413,3,7287,1421633415,3563,7203
6002,414,0,7288,1422492408,-3178,765
6002,414,1,7289,1423351401,7106,3182
6002,414,2,7290,1424210394,8155,1506
6002,414,3,7291,1425069387,-4144,783
6002,415,0,7292,1425928380,-3994,1967
6002,415,1,7293,1426787373,-1153,-4449
6002,415,2,7294,1427646366,-523,-1933
6002,415,3,7295,1428505359,-6518,-4180
6002,416,0,7296,1429364352,-3672,-1224
6002,416,1,7297,1430223345,6755,11373
6002,416,2,7298,1431082338,145,3958
6002,416,3,7299,1431941331,-4756,4451
6002,417,0,7300,1432800324,377,9642
6002,417,1,7301,1433659317,6426,-462
6002,417,2,7302,1434518310,3320,-5
6002,417,3,7303,1435377303,-9747,1272
6002,418,0,7304,1436236296,-5075,-271
6002,418,1,7305,1437095289,705,1632
6002,418,2,7306,1437954282,-2083,-2502
6002,418,3,7307,1438813275,6384,-3298
6002,419,0,7308,1439672268,1338,-924
6002,419,1,7309,1440531261,-7044,1909
6002,419,2,7310,1441390254,104,1980
6002,419,3,7311,1442249247,999,-3383
6002,420,0,7312,1443108240,4636,-211
6002,420,1,7313,1443967233,6238,6441
6002,420,2,7314,1444826226,-3511,3259
6002,420,3,7315,1445685219,-2476,-4273
6002,421,0,7316,1446544212,1933,-3016
6002,421,1,7317,1447403205,-157,2391
6002,421,2,7318,1448262198,-2846,951
6002,421,3,7319,1449121191,-5605,3118
6002,422,0,7320,1449980184,-1632,2061
6002,422,1,7321,1450839177,2246,-4839
6002,422,2,7322,1451698170,-225,1213
6002,422,3,7323,1452557163,-1582,7233
6002,423,0,7324,1453416156,-953,5536
6002,423,1,7325,1454275149,556,1011
6002,423,2,7326,1455134142,-2809,-5967
6002,423,3,7327,1455993135,-3560,-363
6002,424,0,7328,1456852128,592,3540
6002,424,1,7329,1457711121,-5022,-5067
6002,424,2,7330,1458570114,-1257,-1678
6002,424,3,7331,1459429107,5692,1762
6002,425,0,7332,1460288100,-5632,-6471
6002,425,1,7333,1461147093,-3130,-7174
6002,425,2,7334,1462006086,4629,-7020
6002,425,3,7335,1462865079,-1510,-4495
6002,426,0,7336,1463724072,1000,5466
6002,426,1,7337,1464583065,3499,-883
6002,426,2,7338,1465442058,2225,-8115
6002,426,3,7339,1466301051,3421,-71
6002,427,0,7340,1467160044,2063,377
6002,427,1,7341,1468019037,-38,243
6002,427,2,7342,1468878030,-4371,1290
6002,427,3,7343,1469737023,-2157,-3039
6002,428,0,7344,1470596016,76,1511
6002,428,1,7345,1471455009,122,2290
6002,428,2,7346,1472314002,5567,-5043
6002,428,3,7347,1473172995,-2798,-5751
6002,429,0,7348,1474031988,-7693,-4051
6002,429,1,7349,1474890981,-1882,-3909
6002,429,2,7350,1475749974,-3064,-4326
6002,429,3,7351,1476608967,3804,-1848
6002,430,0,7352,1477467960,3789,685
6002,430,1,7353,1478326953,-1227,1868
6002,430,2,7354,1479185946,4001,2244
6002,430,3,7355,1480044939,1400,-3286
6002,431,0,7356,1480903932,256,-708
6002,431,1,7357,1481762925,-3718,4663
6002,431,2,7358,1482621918,-5295,317
6002,431,3,7359,1483480911,6540,1095
6002,432,0,7360,1484339904,452,761
6002,432,1,7361,1485198897,-5844,2078
6002,432,2,7362,1486057890,1661,10361
6002,432,3,7363,1486916883,-633,9905
6002,433,0,7364,1487775876,-1360,5865
6002,433,1,7365,1488634869,3116,-1446
6002,433,2,7366,1489493862,3506,-5972
6002,433,3,7367,1490352855,924,-1436
6002,434,0,7368,1491211848,1757,-382
6002,434,1,7369,1492070841,842,3240
6002,434,2,7370,1492929834,-5683,2994
6002,434,3,7371,1493788827,-2469,-2809
6002,435,0,7372,1494647820,-1781,-635
6002,435,1,7373,1495506813,-2833,265
6002,435,2,7374,1496365806,3206,798
6002,435,3,7375,1497224799,-1763,-661
6002,436,0,7376,1498083792,-2805,-3130
6002,436,1,7377,1498942785,-264,2740
6002,436,2,7378,1499801778,625,2610
6002,436,3,7379,1500660771,8173,-977
6002,437,0,7380,1501519764,2024,-890
6002,437,1,7381,1502378757,-273,-2436
6002,437,2,7382,1503237750,7112,279
6002,437,3,7383,1504096743,4754,3155
6002,438,0,7384,1504955736,2452,-303
6002,438,1,7385,1505814729,-4759,-5793
6002,438,2,7386,1506673722,-3148,-3106
6002,438,3,7387,1507532715,5729,3729
6002,439,0,7388,1508391708,1323,263
6002,439,1,7389,1509250701,1430,-3383
6002,439,2,7390,1510109694,666,-176
6002,439,3,7391,1510968687,-248,1197
6002,440,0,7392,1511827680,4640,-3324
6002,440,1,7393,1512686673,3744,-2553
6002,440,2,7394,1513545666,4961,8678
6002,440,3,7395,1514404659,-1850,5235
6002,441,0,7396,1515263652,-6421,-2386
6002,441,1,7397,1516122645,2786,2638
6002,441,2,7398,1516981638,604,379
6002,441,3,7399,1517840631,-786,2736
6002,442,0,7400,1518699624,4280,6069
6002,442,1,7401,1519558617,3654,-1221
6002,442,2,7402,1520417610,4658,1852
6002,442,3,7403,1521276603,4342,3684
6002,443,0,7404,1522135596,1283,112
6002,443,1,7405,1522994589,1318,2648
6002,443,2,7406,1523853582,3552,2606
6002,443,3,7407,1524712575,-2944,1636
6002,444,0,7408,1525571568,-5401,1557
6002,444,1,7409,1526430561,3905,-537
6002,444,2,7410,1527289554,-3146,-3312
6002,444,3,7411,1528148547,-4875,2840
6002,445,0,7412,1529007540,5244,7530
6002,445,1,7413,1529866533,-1577,-6100
6002,445,2,7414,1530725526,-805,-6599
6002,445,3,7415,1531584519,1304,2880
6002,446,0,7416,1532443512,-4549,-2571
6002,446,1,7417,1533302505,-1208,-2383
6002,446,2,7418,1534161498,-2105,-5853
6002,446,3,7419,1535020491,231,-10899
6002,447,0,7420,1535879484,-148,50
6002,447,1,7421,1536738477,-5582,-1
6002,447,2,7422,1537597470,3824,-5691
6002,447,3,7423,1538456463,2307,2209
6002,448,0,7424,1539315456,-5281,3808
6002,448,1,7425,1540174449,816,-6222
6002,448,2,7426,1541033442,2725,-6651
6002,448,3,7427,1541892435,3232,1793
6002,449,0,7428,1542751428,3835,1596
6002,449,1,7429,1543610421,1635,1819
6002,449,2,7430,1544469414,2607,3106
6002,449,3,7431,1545328407,3920,1194
6002,450,0,7432,1546187400,328,5626
6002,450,1,7433,1547046393,-5106,2024
6002,450,2,7434,1547905386,353,-2007
6002,450,3,7435,1548764379,4104,2649
6002,451,0,7436,1549623372,-3274,-2551
6002,451,1,7437,1550482365,-4509,-2742
6002,451,2,7438,1551341358,-3873,1733
6002,451,3,7439,1552200351,-3625,-762
6002,452,0,7440,1553059344,-295,1474
6002,452,1,7441,1553918337,-180,-337
6002,452,2,7442,1554777330,-1580,-1796
6002,452,3,7443,1555636323,-4528,1739
6002,453,0,7444,1556495316,-579,-2634
6002,453,1,7445,1557354309,7271,-2112
6002,453,2,7446,1558213302,3383,2744
6002,453,3,7447,1559072295,-606,-439
6002,454,0,7448,1559931288,939,-2621
6002,454,1,7449,1560790281,640,-3385
6002,454,2,7450,1561649274,1084,-3425
6002,454,3,7451,1562508267,469,2392
6002,455,0,7452,1563367260,-3007,2565
6002,455,1,7453,1564226253,-4674,-2832
6002,455,2,7454,1565085246,-2973,1104
6002,455,3,7455,1565944239,-2650,2055
6002,456,0,7456,1566803232,-1911,-3437
6002,456,1,7457,1567662225,2622,-434
6002,456,2,7458,1568521218,1523,-1896
6002,456,3,7459,1569380211,-5679,-6885
6002,457,0,7460,1570239204,-5522,-2368
6002,457,1,7461,1571098197,2120,308
6002,457,2,7462,1571957190,3429,1128
6002,457,3,7463,1572816183,-715,-274
6002,458,0,7464,1573675176,-968,-4286
6002,458,1,7465,1574534169,-1000,844
6002,458,2,7466,1575393162,-430,2725
6002,458,3,7467,1576252155,33,-2889
6002,459,0,7468,1577111148,-1406,-1488
6002,459,1,7469,1577970141,-1198,-1416
6002,459,2,7470,1578829134,-4887,-2850
6002,459,3,7471,1579688127,-3220,3367
6002,460,0,7472,1580547120,3244,2551
6002,460,1,7473,1581406113,-920,-3827
6002,460,2,7474,1582265106,1156,-959
6002,460,3,7475,1583124099,5670,-287
6002,461,0,7476,1583983092,-2612,-2443
6002,461,1,7477,1584842085,-5255,-1103
6002,461,2,7478,1585701078,768,-3381
6002,461,3,7479,1586560071,6264,-486
6002,462,0,7480,1587419064,3161,3004
6002,462,1,7481,1588278057,-5416,-1858
6002,462,2,7482,1589137050,-816,-1280
6002,462,3,7483,1589996043,6683,-1064
6002,463,0,7484,1590855036,3443,-2437
6002,463,1,7485,1591714029,-1075,1575
6002,463,2,7486,1592573022,-257,-256
6002,463,3,7487,1593432015,1438,-2517
6002,464,0,7488,1594291008,-3214,-1955
6002,464,1,7489,1595150001,-4698,-2645
6002,464,2,7490,1596008994,-2231,452
6002,464,3,7491,1596867987,-4730,800
6002,465,0,7492,1597726980,-1924,2210
6002,465,1,7493,1598585973,3114,5102
6002,465,2,7494,1599444966,2644,-1360
6002,465,3,7495,1600303959,539,-1063
6002,466,0,7496,1601162952,-2921,6755
6002,466,1,7497,1602021945,310,5646
6002,466,2,7498,1602880938,6078,5721
6002,466,3,7499,1603739931,4454,6223
6002,467,0,7500,1604598924,3308,-464
6002,467,1,7501,1605457917,803,-3924
6002,467,2,7502,1606316910,-3648,-4622
6002,467,3,7503,1607175903,-865,-5510
6002,468,0,7504,1608034896,-481,-4502
6002,468,1,7505,1608893889,-3723,-1743
6002,468,2,7506,1609752882,3109,4637
6002,468,3,7507,1610611875,3723,3044
6002,469,0,7508,1611470868,-4633,-3216
6002,469,1,7509,1612329861,930,2897
6002,469,2,7510,1613188854,-231,4884
6002,469,3,7511,1614047847,-9045,-2335
6002,470,0,7512,1614906840,1098,-5527
6002,470,1,7513,1615765833,3184,-7429
6002,470,2,7514,1616624826,-2640,-4083
6002,470,3,7515,1617483819,5031,-1252
6002,471,0,7516,1618342812,4007,-3118
6002,471,1,7517,1619201805,-2559,-2526
6002,471,2,7518,1620060798,-3802,-8135
6002,471,3,7519,1620919791,-1177,-10189
6002,472,0,7520,1621778784,5203,-2793
6002,472,1,7521,1622637777,-905,-3820
6002,472,2,7522,1623496770,-4151,-6070
6002,472,3,7523,1624355763,2655,1726
6002,473,0,7524,1625214756,-1728,9818
6002,473,1,7525,1626073749,-1555,2844
6002,473,2,7526,1626932742,1361,-8414
6002,473,3,7527,1627791735,-2643,-3534
6002,474,0,7528,1628650728,1314,-1526
6002,474,1,7529,1629509721,-151,-3111
6002,474,2,7530,1630368714,-4437,4615
6002,474,3,7531,1631227707,2488,2418
6002,475,0,7532,1632086700,3181,-3370
6002,475,1,7533,1632945693,-1425,-4445
6002,475,2,7534,1633804686,-220,-3116
6002,475,3,7535,1634663679,2049,5339
6002,476,0,7536,1635522672,-212,999
6002,476,1,7537,1636381665,-4537,-4775
6002,476,2,7538,1637240658,-1492,2275
6002,476,3,7539,1638099651,2772,-968
6002,477,0,7540,1638958644,-421,803
6002,477,1,7541,1639817637,-2180,6410
6002,477,2,7542,1640676630,4198,-1884
6002,477,3,7543,1641535623,8132,-837
6002,478,0,7544,1642394616,-2108,1159
6002,478,1,7545,1643253609,-6859,-786
6002,478,2,7546,1644112602,820,6594
6002,478,3,7547,1644971595,-3218,5570
6002,479,0,7548,1645830588,-4642,5139
6002,479,1,7549,1646689581,5212,7085
6002,479,2,7550,1647548574,2935,-2153
6002,479,3,7551,1648407567,-2202,-3092
6002,480,0,7552,1649266560,-2038,-768
6002,480,1,7553,1650125553,-226,1488
6002,480,2,7554,1650984546,7229,5685
6002,480,3,7555,1651843539,6475,-3524
6002,481,0,7556,1652702532,-1862,-1637
6002,481,1,7557,1653561525,-2345,6135
6002,481,2,7558,1654420518,1637,-1222
6002,481,3,7559,1655279511,3332,1424
6002,482,0,7560,1656138504,-2901,816
6002,482,1,7561,1656997497,-9786,-3358
6002,482,2,7562,1657856490,-5034,5163
6002,482,3,7563,1658715483,-904,1626
6002,483,0,7564,1659574476,-4714,-186
6002,483,1,7565,1660433469,-5452,1886
6002,483,2,7566,1661292462,-3627,-4392
6002,483,3,7567,1662151455,-4370,3092
6002,484,0,7568,1663010448,-1151,2304
6002,484,1,7569,1663869441,6300,-5446
6002,484,2,7570,1664728434,7579,5468
6002,484,3,7571,1665587427,1349,6244
6002,485,0,7572,1666446420,-6895,1188
6002,485,1,7573,1667305413,-8916,2415
6002,485,2,7574,1668164406,-3203,-4129
6002,485,3,7575,1669023399,-1223,-3787
6002,486,0,7576,1669882392,1054,2193
6002,486,1,7577,1670741385,4875,1590
6002,486,2,7578,1671600378,-937,1000
6002,486,3,7579,1672459371,-1972,377
6002,487,0,7580,1673318364,4099,-2103
6002,487,1,7581,1674177357,2732,-3304
6002,487,2,7582,1675036350,1251,548
6002,487,3,7583,1675895343,-1404,3143
6002,488,0,7584,1676754336,-2229,762
6002,488,1,7585,1677613329,5264,-1084
6002,488,2,7586,1678472322,2357,-3112
6002,488,3,7587,1679331315,-4040,3254
6002,489,0,7588,1680190308,1396,9505
6002,489,1,7589,1681049301,1583,237
6002,489,2,7590,1681908294,-2255,-587
6002,489,3,7591,1682767287,1177,4779
6002,490,0,7592,1683626280,2409,-1694
6002,490,1,7593,1684485273,26,-1483
6002,490,2,7594,1685344266,-1810,1753
6002,490,3,7595,1686203259,-3193,-1930
6002,491,0,7596,1687062252,185,-3902
6002,491,1,7597,1687921245,-891,-6057
6002,491,2,7598,1688780238,-8889,-2767
6002,491,3,7599,1689639231,-1174,1446
6002,492,0,7600,1690498224,8861,-271
6002,492,1,7601,1691357217,-1613,3437
6002,492,2,7602,1692216210,-6040,1906
6002,492,3,7603,1693075203,1280,-714
6002,493,0,7604,1693934196,2886,7314
6002,493,1,7605,1694793189,6005,-169
6002,493,2,7606,1695652182,6469,-9511
6002,493,3,7607,1696511175,-912,-1177
6002,494,0,7608,1697370168,-1572,-1548
6002,494,1,7609,1698229161,4132,-400
6002,494,2,7610,1699088154,2319,6487
6002,494,3,7611,1699947147,122,1717
6002,495,0,7612,1700806140,5170,4205
6002,495,1,7613,1701665133,341,5761
6002,495,2,7614,1702524126,-4769,-3291
6002,495,3,7615,1703383119,2553,-2543
6002,496,0,7616,1704242112,217,-3576
6002,496,1,7617,1705101105,-4153,-4143
6002,496,2,7618,1705960098,-598,5585
6002,496,3,7619,1706819091,-61,4287
6002,497,0,7620,1707678084,2522,-2119
6002,497,1,7621,1708537077,4893,-1510
6002,497,2,7622,1709396070,3910,1232
6002,497,3,7623,1710255063,-3947,3872
6002,498,0,7624,1711114056,-6667,-862
6002,498,1,7625,1711973049,8949,-1149
6002,498,2,7626,1712832042,8620,6222
6002,498,3,7627,1713691035,-414,2506
6002,499,0,7628,1714550028,3696,-1285
6002,499,1,7629,1715409021,-712,1534
6002,499,2,7630,1716268014,1603,953
6002,499,3,7631,1717127007,7305,-388
6002,500,0,7632,1717986000,1764,-3083
6002,500,1,7633,1718844993,152,-817
6002,500,2,7634,1719703986,-5167,4645
6002,500,3,7635,1720562979,-3236,1915
6002,501,0,7636,1721421972,2128,395
6002,501,1,7637,1722280965,-1290,-2243
6002,501,2,7638,1723139958,4053,-5336
6002,501,3,7639,1723998951,1026,1668
6002,502,0,7640,1724857944,-1572,1993
6002,502,1,7641,1725716937,7319,-320
6002,502,2,7642,1726575930,3645,5319
6002,502,3,7643,1727434923,1002,1827
6002,503,0,7644,1728293916,-2796,-2958
6002,503,1,7645,1729152909,-5018,351
6002,503,2,7646,1730011902,2327,1861
6002,503,3,7647,1730870895,-1933,-2620
6002,504,0,7648,1731729888,76,-9518
6002,504,1,7649,1732588881,2345,-3305
6002,504,2,7650,1733447874,-4592,3258
6002,504,3,7651,1734306867,1486,-5122
6002,505,0,7652,1735165860,-2324,-3891
6002,505,1,7653,1736024853,-5615,729
6002,505,2,7654,1736883846,5565,-3891
6002,505,3,7655,1737742839,1113,-1303
6002,506,0,7656,1738601832,-2966,1979
6002,506,1,7657,1739460825,1696,2184
6002,506,2,7658,1740319818,1020,1382
6002,506,3,7659,1741178811,660,-5802
6002,507,0,7660,1742037804,1256,-6663
6002,507,1,7661,1742896797,2798,965
6002,507,2,7662,1743755790,-501,4460
6002,507,3,7663,1744614783,-5855,807
6002,508,0,7664,1745473776,-1832,-682
6002,508,1,7665,1746332769,6122,4657
6002,508,2,7666,1747191762,6522,184
6002,508,3,7667,1748050755,-4115,-7587
6002,509,0,7668,1748909748,-4738,-516
6002,509,1,7669,1749768741,6481,4309
6002,509,2,7670,1750627734,2587,1130
6002,509,3,7671,1751486727,-2974,912
6002,510,0,7672,1752345720,3582,1089
6002,510,1,7673,1753204713,3762,834
6002,510,2,7674,1754063706,-1012,1023
6002,510,3,7675,1754922699,-896,667
6002,511,0,7676,1755781692,-1544,-463
6002,511,1,7677,1756640685,-1369,175
6002,511,2,7678,1757499678,4171,2877
6002,511,3,7679,1758358671,3428,1805
6002,512,0,8192,2199022080,-664,-786
6002,512,1,8193,2199881073,3173,2223
6002,512,2,8194,2200740066,4466,2393
6002,512,3,8195,2201599059,-471,-1297
6002,513,0,8196,2202458052,-1118,-1161
6002,513,1,8197,2203317045,183,-1102
6002,513,2,8198,2204176038,447,-1368
6002,513,3,8199,2205035031,2462,2964
6002,514,0,8200,2205894024,2606,2688
6002,514,1,8201,2206753017,-549,-3062
6002,514,2,8202,2207612010,2188,1784
6002,514,3,8203,2208471003,6796,3793
6002,515,0,8204,2209329996,-2626,-3978
6002,515,1,8205,2210188989,-8629,-190
6002,515,2,8206,2211047982,3146,5716
6002,515,3,8207,2211906975,6941,3314
6002,516,0,8208,2212765968,-1444,-1318
6002,516,1,8209,2213624961,-1960,-5575
6002,516,2,8210,2214483954,3737,-2485
6002,516,3,8211,2215342947,2138,2047
6002,517,0,8212,2216201940,-5351,4164
6002,517,1,8213,2217060933,-4858,3241
6002,517,2,8214,2217919926,1696,275
6002,517,3,8215,2218778919,2718,509
6002,518,0,8216,2219637912,404,-3543
6002,518,1,8217,2220496905,-650,1586
6002,518,2,8218,2221355898,-915,6729
6002,518,3,8219,2222214891,-1919,-5327
6002,519,0,8220,2223073884,-4523,-288
6002,519,1,8221,2223932877,-3876,3664
6002,519,2,8222,2224791870,797,-5574
6002,519,3,8223,2225650863,-1866,3597
6002,520,0,8224,2226509856,-8429,4421
6002,520,1,8225,2227368849,-3214,-520
6002,520,2,8226,2228227842,2719,1218
6002,520,3,8227,2229086835,-1983,-4623
6002,521,0,8228,2229945828,-3909,-1134
6002,521,1,8229,2230804821,2083,55
6002,521,2,8230,2231663814,6397,809
6002,521,3,8231,2232522807,3063,6655
6002,522,0,8232,2233381800,1053,-2310
6002,522,1,8233,2234240793,1953,150
6002,522,2,8234,2235099786,-2892,6045
6002,522,3,8235,2235958779,-2585,-121
6002,523,0,8236,2236817772,1324,1712
6002,523,1,8237,2237676765,223,-3754
6002,523,2,8238,2238535758,1768,-6719
6002,523,3,8239,2239394751,-657,508
6002,524,0,8240,2240253744,-1935,2979
6002,524,1,8241,2241112737,2996,6673
6002,524,2,8242,2241971730,1580,990
6002,524,3,8243,2242830723,1038,-1335
6002,525,0,8244,2243689716,547,3874
6002,525,1,8245,2244548709,2039,-1514
6002,525,2,8246,2245407702,9475,4821
6002,525,3,8247,2246266695,3071,8484
6002,526,0,8248,2247125688,-3815,-5535
6002,526,1,8249,2247984681,1638,-5281
6002,526,2,8250,2248843674,2884,2914
6002,526,3,8251,2249702667,895,5041
6002,527,0,8252,2250561660,-731,3212
6002,527,1,8253,2251420653,3785,-2015
6002,527,2,8254,2252279646,4693,-3086
6002,527,3,8255,2253138639,-5583,-1799
6002,528,0,8256,2253997632,-3081,1829
6002,528,1,8257,2254856625,-1093,3433
6002,528,2,8258,2255715618,-5108,-2736
6002,528,3,8259,2256574611,5279,-2332
6002,529,0,8260,2257433604,6104,2674
6002,529,1,8261,2258292597,1582,-677
6002,529,2,8262,2259151590,6829,-904
6002,529,3,8263,2260010583,1534,3858
6002,530,0,8264,2260869576,-2096,-690
6002,530,1,8265,2261728569,-1464,-273
6002,530,2,8266,2262587562,-5499,10103
6002,530,3,8267,2263446555,2596,5417
6002,531,0,8268,2264305548,7824,-779
6002,531,1,8269,2265164541,-50,1465
6002,531,2,8270,2266023534,-1068,-6243
6002,531,3,8271,2266882527,2319,-3006
6002,532,0,8272,2267741520,3811,8004
6002,532,1,8273,2268600513,749,-1705
6002,532,2,8274,2269459506,-6526,-6639
6002,532,3,8275,2270318499,-5794,1978
6002,533,0,8276,2271177492,-3385,1948
6002,533,1,8277,2272036485,-3177,-1957
6002,533,2,8278,2272895478,731,-2412
6002,533,3,8279,2273754471,-1307,702
6002,534,0,8280,2274613464,-405,2918
6002,534,1,8281,2275472457,4788,-1139
6002,534,2,8282,2276331450,-1553,-1737
6002,534,3,8283,2277190443,934,1299
6002,535,0,8284,2278049436,9091,-3106
6002,535,1,8285,2278908429,1046,-5081
6002,535,2,8286,2279767422,-1689,3519
6002,535,3,8287,2280626415,1444,5177
6002,536,0,8288,2281485408,-342,-2330
6002,536,1,8289,2282344401,2153,-2686
6002,536,2,8290,2283203394,1059,862
6002,536,3,8291,2284062387,-1689,3940
6002,537,0,8292,2284921380,5,4607
6002,537,1,8293,2285780373,-567,-1926
6002,537,2,8294,2286639366,461,-1291
6002,537,3,8295,2287498359,3643,3608
6002,538,0,8296,2288357352,2433,-65
6002,538,1,8297,2289216345,-3927,644
6002,538,2,8298,2290075338,-5137,-960
6002,538,3,8299,2290934331,-1930,-9033
6002,539,0,8300,2291793324,-2097,-6675
6002,539,1,8301,2292652317,6170,-1656
6002,539,2,8302,2293511310,8329,4239
6002,539,3,8303,2294370303,-1962,8093
6002,540,0,8304,2295229296,1523,-2077
6002,540,1,8305,2296088289,751,-5301
6002,540,2,8306,2296947282,-5564,-1217
6002,540,3,8307,2297806275,-816,-5711
6002,541,0,8308,2298665268,-2321,-4107
6002,541,1,8309,2299524261,1033,-1548
6002,541,2,8310,2300383254,2289,-6837
6002,541,3,8311,2301242247,-7462,-7167
6002,542,0,8312,2302101240,-602,-2953
6002,542,1,8313,2302960233,2790,2311
6002,542,2,8314,2303819226,-338,2014
6002,542,3,8315,2304678219,4383,-4891
6002,543,0,8316,2305537212,-2307,-907
6002,543,1,8317,2306396205,-173,7370
6002,543,2,8318,2307255198,8361,3829
6002,543,3,8319,2308114191,1220,-881
6002,544,0,8320,2308973184,-1615,-1461
6002,544,1,8321,2309832177,-3757,-544
6002,544,2,8322,2310691170,-573,3594
6002,544,3,8323,2311550163,8684,1395
6002,545,0,8324,2312409156,2447,-6479
6002,545,1,8325,2313268149,3481,-5409
6002,545,2,8326,2314127142,6239,-2286
6002,545,3,8327,2314986135,-3836,-5740
6002,546,0,8328,2315845128,67,-2405
6002,546,1,8329,2316704121,2974,7615
6002,546,2,8330,2317563114,245,4595
6002,546,3,8331,2318422107,4703,-4870
6002,547,0,8332,2319281100,522,-742
6002,547,1,8333,2320140093,407,2908
6002,547,2,8334,2320999086,1340,-2367
6002,547,3,8335,2321858079,-6322,-1851
6002,548,0,8336,2322717072,792,-646
6002,548,1,8337,2323576065,5685,-619
6002,548,2,8338,2324435058,-2872,1230
6002,548,3,8339,2325294051,-4605,765
6002,549,0,8340,2326153044,-1542,4370
6002,549,1,8341,2327012037,3288,1106
6002,549,2,8342,2327871030,2075,-6056
6002,549,3,8343,2328730023,-2835,1288
6002,550,0,8344,2329589016,-756,1866
6002,550,1,8345,2330448009,-4351,-734
6002,550,2,8346,2331307002,-6860,5058
6002,550,3,8347,2332165995,1818,-2683
6002,551,0,8348,2333024988,7941,-6027
6002,551,1,8349,2333883981,2749,1572
6002,551,2,8350,2334742974,-7297,-915
6002,551,3,8351,2335601967,-3811,942
6002,552,0,8352,2336460960,-104,5905
6002,552,1,8353,2337319953,-9599,3613
6002,552,2,8354,2338178946,-8973,339
6002,552,3,8355,2339037939,-3417,-1121
6002,553,0,8356,2339896932,-940,4990
6002,553,1,8357,2340755925,1188,5046
6002,553,2,8358,2341614918,-4839,-480
6002,553,3,8359,2342473911,-5151,6229
6002,554,0,8360,2343332904,-4413,3504
6002,554,1,8361,2344191897,-6213,-6976
6002,554,2,8362,2345050890,4237,-2439
6002,554,3,8363,2345909883,3001,-498
6002,555,0,8364,2346768876,-4979,-2649
6002,555,1,8365,2347627869,4410,1918
6002,555,2,8366,2348486862,5546,644
6002,555,3,8367,2349345855,-3253,-2514
6002,556,0,8368,2350204848,-4224,1631
6002,556,1,8369,2351063841,-5295,1751
6002,556,2,8370,2351922834,-5778,-1131
6002,556,3,8371,2352781827,-3122,2509
6002,557,0,8372,2353640820,1100,3154
6002,557,1,8373,2354499813,7571,1115
6002,557,2,8374,2355358806,7868,2789
6002,557,3,8375,2356217799,5163,-2307
6002,558,0,8376,2357076792,4671,-5687
6002,558,1,8377,2357935785,-699,965
6002,558,2,8378,2358794778,0,2974
6002,558,3,8379,2359653771,5962,436
6002,559,0,8380,2360512764,1085,-2722
6002,559,1,8381,2361371757,-1452,-4572
6002,559,2,8382,2362230750,-618,-2191
6002,559,3,8383,2363089743,-4500,-2968
6002,560,0,8384,2363948736,-3208,-1965
6002,560,1,8385,2364807729,-1580,2430
6002,560,2,8386,2365666722,-345,-112
6002,560,3,8387,2366525715,909,-1676
6002,561,0,8388,2367384708,-592,4177
6002,561,1,8389,2368243701,2110,6430
6002,561,2,8390,2369102694,-1511,-141
6002,561,3,8391,2369961687,-4129,-3967
6002,562,0,8392,2370820680,4117,1437
6002,562,1,8393,2371679673,2433,5793
6002,562,2,8394,2372538666,-2655,2229
6002,562,3,8395,2373397659,-3385,-4169
6002,563,0,8396,2374256652,-3367,-1206
6002,563,1,8397,2375115645,2338,5173
6002,563,2,8398,2375974638,-324,1467
6002,563,3,8399,2376833631,-3824,932
6002,564,0,8400,2377692624,3752,1718
6002,564,1,8401,2378551617,1522,-4404
6002,564,2,8402,2379410610,-4769,-3042
6002,564,3,8403,2380269603,-1807,-418
6002,565,0,8404,2381128596,-1966,-570
6002,565,1,8405,2381987589,-2554,1351
6002,565,2,8406,2382846582,2227,-1628
6002,565,3,8407,2383705575,293,-1275
6002,566,0,8408,2384564568,-4254,1100
6002,566,1,8409,2385423561,-570,-510
6002,566,2,8410,2386282554,2571,2533
6002,566,3,8411,2387141547,1244,1745
6002,567,0,8412,2388000540,-4631,-3828
6002,567,1,8413,2388859533,-8720,-1902
6002,567,2,8414,2389718526,-990,2221
6002,567,3,8415,2390577519,814,2530
6002,568,0,8416,2391436512,-3931,-128
6002,568,1,8417,2392295505,616,-3296
6002,568,2,8418,2393154498,-378,-3149
6002,568,3,8419,2394013491,-4657,-2861
6002,569,0,8420,2394872484,906,-3847
6002,569,1,8421,2395731477,2341,-677
6002,569,2,8422,2396590470,-2550,2531
6002,569,3,8423,2397449463,-2717,2118
6002,570,0,8424,2398308456,-1902,2033
6002,570,1,8425,2399167449,-668,-338
6002,570,2,8426,2400026442,3987,1754
6002,570,3,8427,2400885435,1447,7432
6002,571,0,8428,2401744428,-2608,690
6002,571,1,8429,2402603421,-525,-4822
6002,571,2,8430,2403462414,-2320,-584
6002,571,3,8431,2404321407,-382,-6
6002,572,0,8432,2405180400,1176,-937
6002,572,1,8433,2406039393,-2336,-2875
6002,572,2,8434,2406898386,-230,-4237
6002,572,3,8435,2407757379,-4500,-2756
6002,573,0,8436,2408616372,-3766,-1745
6002,573,1,8437,2409475365,4233,2438
6002,573,2,8438,2410334358,-1624,1232
6002,573,3,8439,2411193351,-535,-5467
6002,574,0,8440,2412052344,5153,-2282
6002,574,1,8441,2412911337,2855,2940
6002,574,2,8442,2413770330,3955,897
6002,574,3,8443,2414629323,2365,622
6002,575,0,8444,2415488316,3173,2680
6002,575,1,8445,2416347309,3072,2054
6002,575,2,8446,2417206302,-4668,5465
6002,575,3,8447,2418065295,-5160,3571
6002,576,0,8448,2418924288,971,-6438
6002,576,1,8449,2419783281,3020,1042
6002,576,2,8450,2420642274,-3312,6003
6002,576,3,8451,2421501267,-2554,-4963
6002,577,0,8452,2422360260,-23,-155
6002,577,1,8453,2423219253,-9587,5190
6002,577,2,8454,2424078246,-6168,805
6002,577,3,8455,2424937239,-2672,16
6002,578,0,8456,2425796232,-4367,-2869
6002,578,1,8457,2426655225,3158,-157
6002,578,2,8458,2427514218,-6237,2302
6002,578,3,8459,2428373211,-6146,1388
6002,579,0,8460,2429232204,9094,1220
6002,579,1,8461,2430091197,296,-5634
6002,579,2,8462,2430950190,-4385,-1283
6002,579,3,8463,2431809183,1308,3718
6002,580,0,8464,2432668176,-1086,-5515
6002,580,1,8465,2433527169,109,-3366
6002,580,2,8466,2434386162,3942,1967
6002,580,3,8467,2435245155,2958,-39
6002,581,0,8468,2436104148,686,1089
6002,581,1,8469,2436963141,5262,2176
6002,581,2,8470,2437822134,3777,3296
6002,581,3,8471,2438681127,585,3808
6002,582,0,8472,2439540120,7354,1031
6002,582,1,8473,2440399113,2074,-1951
6002,582,2,8474,2441258106,613,364
6002,582,3,8475,2442117099,3620,1272
6002,583,0,8476,2442976092,-5059,-4619
6002,583,1,8477,2443835085,3809,-4039
6002,583,2,8478,2444694078,9986,443
6002,583,3,8479,2445553071,-558,4497
6002,584,0,8480,2446412064,-834,5646
6002,584,1,8481,2447271057,951,-768
6002,584,2,8482,2448130050,148,672
6002,584,3,8483,2448989043,-2354,2819
6002,585,0,8484,2449848036,839,1056
6002,585,1,8485,2450707029,5937,3389
6002,585,2,8486,2451566022,-4202,-1379
6002,585,3,8487,2452425015,-7328,-1582
6002,586,0,8488,2453284008,852,2319
6002,586,1,8489,2454143001,4980,2784
6002,586,2,8490,2455001994,3500,6197
6002,586,3,8491,2455860987,-2291,871
6002,587,0,8492,2456719980,134,2207
6002,587,1,8493,2457578973,2869,7715
6002,587,2,8494,2458437966,2607,-637
6002,587,3,8495,2459296959,2316,-1488
6002,588,0,8496,2460155952,-4066,-1063
6002,588,1,8497,2461014945,-1394,-1266
6002,588,2,8498,2461873938,2176,2485
6002,588,3,8499,2462732931,-1060,-2640
6002,589,0,8500,2463591924,-1379,-1293
6002,589,1,8501,2464450917,-3627,-911
6002,589,2,8502,2465309910,63,-6423
6002,589,3,8503,2466168903,3267,-733
6002,590,0,8504,2467027896,464,1737
6002,590,1,8505,2467886889,-854,1478
6002,590,2,8506,2468745882,-3707,5849
6002,590,3,8507,2469604875,140,3433
6002,591,0,8508,2470463868,4593,-3892
6002,591,1,8509,2471322861,8518,-5093
6002,591,2,8510,2472181854,9974,-3261
6002,591,3,8511,2473040847,-825,-6147
6002,592,0,8512,2473899840,883,54
6002,592,1,8513,2474758833,3965,5315
6002,592,2,8514,2475617826,-2140,-4853
6002,592,3,8515,2476476819,2447,-5439
6002,593,0,8516,2477335812,-512,551
6002,593,1,8517,2478194805,-2282,2748
6002,593,2,8518,2479053798,3826,2532
6002,593,3,8519,2479912791,1100,-1946
6002,594,0,8520,2480771784,2342,3056
6002,594,1,8521,2481630777,96,4228
6002,594,2,8522,2482489770,-5248,-746
6002,594,3,8523,2483348763,-4337,114
6002,595,0,8524,2484207756,-7121,-4989
6002,595,1,8525,2485066749,-6394,141
6002,595,2,8526,2485925742,-1939,7257
6002,595,3,8527,2486784735,2092,-939
6002,596,0,8528,2487643728,1379,-623
6002,596,1,8529,2488502721,-3689,-528
6002,596,2,8530,2489361714,-852,-4477
6002,596,3,8531,2490220707,198,-144
6002,597,0,8532,2491079700,1279,1663
6002,597,1,8533,2491938693,1501,3075
6002,597,2,8534,2492797686,-6199,5690
6002,597,3,8535,2493656679,816,3516
6002,598,0,8536,2494515672,5318,-1611
6002,598,1,8537,2495374665,-4688,713
6002,598,2,8538,2496233658,-4126,7327
6002,598,3,8539,2497092651,-7811,498
6002,599,0,8540,2497951644,-8331,-2048
6002,599,1,8541,2498810637,4170,4256
6002,599,2,8542,2499669630,-2067,-351
6002,599,3,8543,2500528623,-6803,-2149
6002,600,0,8544,2501387616,3419,-1093
6002,600,1,8545,2502246609,-1951,-3000
6002,600,2,8546,2503105602,-6591,231
6002,600,3,8547,2503964595,1153,32
6002,601,0,8548,2504823588,4487,-3380
6002,601,1,8549,2505682581,5709,-4715
6002,601,2,8550,2506541574,976,-755
6002,601,3,8551,2507400567,-3276,4210
6002,602,0,8552,2508259560,1087,-2394
6002,602,1,8553,2509118553,209,-6411
6002,602,2,8554,2509977546,-456,-2965
6002,602,3,8555,2510836539,2055,-1233
6002,603,0,8556,2511695532,-1798,3099
6002,603,1,8557,2512554525,-4932,-248
6002,603,2,8558,2513413518,1292,-4613
6002,603,3,8559,2514272511,8580,2602
6002,604,0,8560,2515131504,1933,4219
6002,604,1,8561,2515990497,-2552,2435
6002,604,2,8562,2516849490,1809,-813
6002,604,3,8563,2517708483,-1524,-7138
6002,605,0,8564,2518567476,-210,1613
6002,605,1,8565,2519426469,-14,7186
6002,605,2,8566,2520285462,-3178,-708
6002,605,3,8567,2521144455,1774,-119
6002,606,0,8568,2522003448,-2562,-4389
6002,606,1,8569,2522862441,-3326,-9250
6002,606,2,8570,2523721434,1514,2955
6002,606,3,8571,2524580427,2528,5926
6002,607,0,8572,2525439420,8747,-4074
6002,607,1,8573,2526298413,1783,-6265
6002,607,2,8574,2527157406,3586,-1681
6002,607,3,8575,2528016399,13203,806
6002,608,0,8576,2528875392,-2768,-2705
6002,608,1,8577,2529734385,-6698,-3885
6002,608,2,8578,2530593378,-1958,419
6002,608,3,8579,2531452371,-4484,1010
6002,609,0,8580,2532311364,-78,-4452
6002,609,1,8581,2533170357,-1199,-4043
6002,609,2,8582,2534029350,5069,6563
6002,609,3,8583,2534888343,6080,4864
6002,610,0,8584,2535747336,-773,-3176
6002,610,1,8585,2536606329,8035,-126
6002,610,2,8586,2537465322,2757,-4617
6002,610,3,8587,2538324315,-2382,-3739
6002,611,0,8588,2539183308,5974,6728
6002,611,1,8589,2540042301,2886,-806
6002,611,2,8590,2540901294,2495,-5045
6002,611,3,8591,2541760287,1609,465
6002,612,0,8592,2542619280,1130,-2105
6002,612,1,8593,2543478273,4017,-2197
6002,612,2,8594,2544337266,503,-2228
6002,612,3,8595,2545196259,5626,-5356
6002,613,0,8596,2546055252,5319,-6142
6002,613,1,8597,2546914245,-2177,-849
6002,613,2,8598,2547773238,1891,7992
6002,613,3,8599,2548632231,4053,2018
6002,614,0,8600,2549491224,4780,-5308
6002,614,1,8601,2550350217,2675,-640
6002,614,2,8602,2551209210,-2981,-287
6002,614,3,8603,2552068203,179,3427
6002,615,0,8604,2552927196,1026,5404
6002,615,1,8605,2553786189,-1527,-3106
6002,615,2,8606,2554645182,1451,-3287
6002,615,3,8607,2555504175,867,-1448
6002,616,0,8608,2556363168,-3076,-532
6002,616,1,8609,2557222161,-979,4633
6002,616,2,8610,2558081154,2389,2450
6002,616,3,8611,2558940147,3926,1021
6002,617,0,8612,2559799140,4043,1563
6002,617,1,8613,2560658133,-2107,-318
6002,617,2,8614,2561517126,-5418,3090
6002,617,3,8615,2562376119,-3418,1134
6002,618,0,8616,2563235112,3440,-2282
6002,618,1,8617,2564094105,10869,468
6002,618,2,8618,2564953098,258,-1781
6002,618,3,8619,2565812091,-705,-1296
6002,619,0,8620,2566671084,8880,2036
6002,619,1,8621,2567530077,-2902,-449
6002,619,2,8622,2568389070,-3345,-1574
6002,619,3,8623,2569248063,1406,2662
6002,620,0,8624,2570107056,-2564,6707
6002,620,1,8625,2570966049,3063,953
6002,620,2,8626,2571825042,-5549,-269
6002,620,3,8627,2572684035,-4922,5913
6002,621,0,8628,2573543028,9596,-1772
6002,621,1,8629,2574402021,361,-1253
6002,621,2,8630,2575261014,-1109,6421
6002,621,3,8631,2576120007,5419,-2362
6002,622,0,8632,2576979000,2419,-217
6002,622,1,8633,2577837993,3523,6681
6002,622,2,8634,2578696986,1593,-1027
6002,622,3,8635,2579555979,3145,-3529
6002,623,0,8636,2580414972,5785,-1486
6002,623,1,8637,2581273965,-2033,-578
6002,623,2,8638,2582132958,-8367,343
6002,623,3,8639,2582991951,-4052,1242
6002,624,0,8640,2583850944,3607,1869
6002,624,1,8641,2584709937,1429,-3764
6002,624,2,8642,2585568930,2082,-4290
6002,624,3,8643,2586427923,3244,1955
6002,625,0,8644,2587286916,-5862,1046
6002,625,1,8645,2588145909,-4023,-2677
6002,625,2,8646,2589004902,-354,-4606
6002,625,3,8647,2589863895,-109,-4977
6002,626,0,8648,2590722888,4455,-1503
6002,626,1,8649,2591581881,-1100,2443
6002,626,2,8650,2592440874,-3670,-1759
6002,626,3,8651,2593299867,-619,-5338
6002,627,0,8652,2594158860,-2141,2107
6002,627,1,8653,2595017853,-1781,1485
6002,627,2,8654,2595876846,-3013,-1222
6002,627,3,8655,2596735839,-3823,5848
6002,628,0,8656,2597594832,-7625,2015
6002,628,1,8657,2598453825,-8874,800
6002,628,2,8658,2599312818,-2605,8769
6002,628,3,8659,2600171811,-4628,4135
6002,629,0,8660,2601030804,1544,545
6002,629,1,8661,2601889797,9517,3140
6002,629,2,8662,2602748790,-2232,-99
6002,629,3,8663,2603607783,-2565,-787
6002,630,0,8664,2604466776,3908,2829
6002,630,1,8665,2605325769,-2650,1259
6002,630,2,8666,2606184762,-2130,-903
6002,630,3,8667,2607043755,-373,2089
6002,631,0,8668,2607902748,-3035,-911
6002,631,1,8669,2608761741,1603,-5417
6002,631,2,8670,2609620734,2286,-26
6002,631,3,8671,2610479727,-1039,826
6002,632,0,8672,2611338720,-1618,-5221
6002,632,1,8673,2612197713,-4462,-1846
6002,632,2,8674,2613056706,2982,7360
6002,632,3,8675,2613915699,9586,3684
6002,633,0,8676,2614774692,-2596,-2702
6002,633,1,8677,2615633685,-1479,4373
6002,633,2,8678,2616492678,10310,1304
6002,633,3,8679,2617351671,3991,-6393
6002,634,0,8680,2618210664,-1720,1245
6002,634,1,8681,2619069657,233,2264
6002,634,2,8682,2619928650,956,2559
6002,634,3,8683,2620787643,2919,6816
6002,635,0,8684,2621646636,2989,449
6002,635,1,8685,2622505629,814,439
6002,635,2,8686,2623364622,-2348,4376
6002,635,3,8687,2624223615,-1797,4408
6002,636,0,8688,2625082608,1869,6885
6002,636,1,8689,2625941601,256,2331
6002,636,2,8690,2626800594,-1189,-2216
6002,636,3,8691,2627659587,1511,-2786
6002,637,0,8692,2628518580,555,-4889
6002,637,1,8693,2629377573,-3627,1443
6002,637,2,8694,2630236566,-1308,7434
6002,637,3,8695,2631095559,855,6040
6002,638,0,8696,2631954552,-1643,4882
6002,638,1,8697,2632813545,4356,-1367
6002,638,2,8698,2633672538,5456,-1957
6002,638,3,8699,2634531531,-3335,5482
6002,639,0,8700,2635390524,-1190,-616
6002,639,1,8701,2636249517,4848,-2740
6002,639,2,8702,2637108510,3384,7260
6002,639,3,8703,2637967503,-3403,2425
6002,640,0,8704,2638826496,-3226,-6770
6002,640,1,8705,2639685489,2220,-5681
6002,640,2,8706,2640544482,-3906,1791
6002,640,3,8707,2641403475,-3663,7875
6002,641,0,8708,2642262468,1793,766
6002,641,1,8709,2643121461,319,-3333
6002,641,2,8710,2643980454,6216,-908
6002,641,3,8711,2644839447,5024,674
6002,642,0,8712,2645698440,587,7762
6002,642,1,8713,2646557433,951,4080
6002,642,2,8714,2647416426,-5335,-211
6002,642,3,8715,2648275419,-1979,3918
6002,643,0,8716,2649134412,-1186,-1708
6002,643,1,8717,2649993405,-4443,-2001
6002,643,2,8718,2650852398,3668,1393
6002,643,3,8719,2651711391,-1830,2202
6002,644,0,8720,2652570384,-7027,4074
6002,644,1,8721,2653429377,677,-3652
6002,644,2,8722,2654288370,-1237,-4192
6002,644,3,8723,2655147363,-5148,776
6002,645,0,8724,2656006356,-3192,3142
6002,645,1,8725,2656865349,3205,5006
6002,645,2,8726,2657724342,3831,-7205
6002,645,3,8727,2658583335,-2959,-3657
6002,646,0,8728,2659442328,1286,12504
6002,646,1,8729,2660301321,4321,5717
6002,646,2,8730,2661160314,-3254,226
6002,646,3,8731,2662019307,-5563,1320
6002,647,0,8732,2662878300,-1293,2917
6002,647,1,8733,2663737293,114,4621
6002,647,2,8734,2664596286,-2456,-3041
6002,647,3,8735,2665455279,-905,-1932
6002,648,0,8736,2666314272,356,661
6002,648,1,8737,2667173265,-833,-3080
6002,648,2,8738,2668032258,-1695,2415
6002,648,3,8739,2668891251,-5860,1629
6002,649,0,8740,2669750244,-2464,-5850
6002,649,1,8741,2670609237,1828,-2685
6002,649,2,8742,2671468230,2976,3495
6002,649,3,8743,2672327223,11951,667
6002,650,0,8744,2673186216,7278,-3590
6002,650,1,8745,2674045209,-2560,-897
6002,650,2,8746,2674904202,2441,-2027
6002,650,3,8747,2675763195,3965,-2141
6002,651,0,8748,2676622188,3805,2659
6002,651,1,8749,2677481181,417,810
6002,651,2,8750,2678340174,-5737,53
6002,651,3,8751,2679199167,-1291,1520
6002,652,0,8752,2680058160,-3142,1721
6002,652,1,8753,2680917153,-9640,572
6002,652,2,8754,2681776146,-6214,-4139
6002,652,3,8755,2682635139,810,-111
6002,653,0,8756,2683494132,6863,5007
6002,653,1,8757,2684353125,2539,908
6002,653,2,8758,2685212118,-5467,-2758
6002,653,3,8759,2686071111,-6371,-9004
6002,654,0,8760,2686930104,-5608,-8964
6002,654,1,8761,2687789097,1034,780
6002,654,2,8762,2688648090,3703,601
6002,654,3,8763,2689507083,-2459,-1188
6002,655,0,8764,2690366076,-1212,3868
6002,655,1,8765,2691225069,581,736
6002,655,2,8766,2692084062,-2076,-3990
6002,655,3,8767,2692943055,-2953,-1214
6002,656,0,8768,2693802048,-792,-3101
6002,656,1,8769,2694661041,4602,-6451
6002,656,2,8770,2695520034,856,-1208
6002,656,3,8771,2696379027,-4651,4236
6002,657,0,8772,2697238020,1027,3586
6002,657,1,8773,2698097013,1858,1001
6002,657,2,8774,2698956006,-894,-1581
6002,657,3,8775,2699814999,-264,-5049
6002,658,0,8776,2700673992,305,-1802
6002,658,1,8777,2701532985,3618,4383
6002,658,2,8778,2702391978,520,-681
6002,658,3,8779,2703250971,-4569,-2245
6002,659,0,8780,2704109964,-540,4239
6002,659,1,8781,2704968957,3004,4055
6002,659,2,8782,2705827950,5012,2879
6002,659,3,8783,2706686943,4363,1596
6002,660,0,8784,2707545936,83,375
6002,660,1,8785,2708404929,927,-591
6002,660,2,8786,2709263922,2646,-2027
6002,660,3,8787,2710122915,-397,601
6002,661,0,8788,2710981908,-4092,-4279
6002,661,1,8789,2711840901,-3081,-5325
6002,661,2,8790,2712699894,2895,2087
6002,661,3,8791,2713558887,7998,-1151
6002,662,0,8792,2714417880,5458,286
6002,662,1,8793,2715276873,-2673,-129
6002,662,2,8794,2716135866,-3443,-7358
6002,662,3,8795,2716994859,-3016,-2218
6002,663,0,8796,2717853852,-7326,-2821
6002,663,1,8797,2718712845,-2265,-5417
6002,663,2,8798,2719571838,4415,1809
6002,663,3,8799,2720430831,3238,2708
6002,664,0,8800,2721289824,-2044,-3385
6002,664,1,8801,2722148817,-4240,-4455
6002,664,2,8802,2723007810,2028,5589
6002,664,3,8803,2723866803,-117,4051
6002,665,0,8804,2724725796,-2412,-5284
6002,665,1,8805,2725584789,3760,-1835
6002,665,2,8806,2726443782,-1470,-5073
6002,665,3,8807,2727302775,-4632,-4944
6002,666,0,8808,2728161768,-3773,264
6002,666,1,8809,2729020761,-4960,-583
6002,666,2,8810,2729879754,-1061,4219
6002,666,3,8811,2730738747,-2685,-828
6002,667,0,8812,2731597740,1742,1321
6002,667,1,8813,2732456733,2095,8820
6002,667,2,8814,2733315726,-6719,-5132
6002,667,3,8815,2734174719,1412,-4993
6002,668,0,8816,2735033712,-2478,45
6002,668,1,8817,2735892705,-8274,-1751
6002,668,2,8818,2736751698,4123,2482
6002,668,3,8819,2737610691,-3659,-7140
6002,669,0,8820,2738469684,-8126,-5391
6002,669,1,8821,2739328677,3058,1748
6002,669,2,8822,2740187670,4457,-4904
6002,669,3,8823,2741046663,2047,4640
6002,670,0,8824,2741905656,-5026,5945
6002,670,1,8825,2742764649,-2944,-3936
6002,670,2,8826,2743623642,1043,3028
6002,670,3,8827,2744482635,-6444,4968
6002,671,0,8828,2745341628,232,-3174
6002,671,1,8829,2746200621,6490,-3550
6002,671,2,8830,2747059614,2286,3620
6002,671,3,8831,2747918607,2750,3151
6002,672,0,8832,2748777600,61,2748
6002,672,1,8833,2749636593,-1512,5707
6002,672,2,8834,2750495586,-2008,-4074
6002,672,3,8835,2751354579,-3670,-3356
6002,673,0,8836,2752213572,148,-697
6002,673,1,8837,2753072565,4157,-8299
6002,673,2,8838,2753931558,5477,2792
6002,673,3,8839,2754790551,2228,1621
6002,674,0,8840,2755649544,-1352,-10409
6002,674,1,8841,2756508537,-1620,-3001
6002,674,2,8842,2757367530,-333,-2458
6002,674,3,8843,2758226523,2800,-805
6002,675,0,8844,2759085516,640,920
6002,675,1,8845,2759944509,-154,-4436
6002,675,2,8846,2760803502,2561,3958
6002,675,3,8847,2761662495,1944,3055
6002,676,0,8848,2762521488,5746,-2056
6002,676,1,8849,2763380481,5172,7749
6002,676,2,8850,2764239474,-258,9323
6002,676,3,8851,2765098467,-461,4933
6002,677,0,8852,2765957460,-2336,1004
6002,677,1,8853,2766816453,-2231,213
6002,677,2,8854,2767675446,-1602,3401
6002,677,3,8855,2768534439,-1798,-992
6002,678,0,8856,2769393432,1120,1554
6002,678,1,8857,2770252425,-611,6435
6002,678,2,8858,2771111418,-4080,-223
6002,678,3,8859,2771970411,-8250,3376
6002,679,0,8860,2772829404,-7619,7943
6002,679,1,8861,2773688397,-350,946
6002,679,2,8862,2774547390,-3078,2960
6002,679,3,8863,2775406383,-1914,2731
6002,680,0,8864,2776265376,6339,-5667
6002,680,1,8865,2777124369,1206,-525
6002,680,2,8866,2777983362,-3015,4659
6002,680,3,8867,2778842355,-642,1305
6002,681,0,8868,2779701348,-2162,2225
6002,681,1,8869,2780560341,-2197,-2543
6002,681,2,8870,2781419334,601,-6706
6002,681,3,8871,2782278327,-95,-923
6002,682,0,8872,2783137320,-4182,157
6002,682,1,8873,2783996313,1449,1459
6002,682,2,8874,2784855306,10397,3268
6002,682,3,8875,2785714299,1485,267
6002,683,0,8876,2786573292,-6334,1757
6002,683,1,8877,2787432285,3416,288
6002,683,2,8878,2788291278,6072,-2772
6002,683,3,8879,2789150271,-1809,-810
6002,684,0,8880,2790009264,-2647,-1658
6002,684,1,8881,2790868257,-2961,-265
6002,684,2,8882,2791727250,-2599,339
6002,684,3,8883,2792586243,2935,-2800
6002,685,0,8884,2793445236,150,797
6002,685,1,8885,2794304229,408,5898
6002,685,2,8886,2795163222,6854,4934
6002,685,3,8887,2796022215,810,-584
6002,686,0,8888,2796881208,-486,743
6002,686,1,8889,2797740201,2346,7199
6002,686,2,8890,2798599194,-4379,2089
6002,686,3,8891,2799458187,-2165,586
6002,687,0,8892,2800317180,2925,4095
6002,687,1,8893,2801176173,2448,-3201
6002,687,2,8894,2802035166,3184,-2740
6002,687,3,8895,2802894159,2632,103
6002,688,0,8896,2803753152,5389,-6784
6002,688,1,8897,2804612145,6619,-5909
6002,688,2,8898,2805471138,6276,-4234
6002,688,3,8899,2806330131,4013,-5368
6002,689,0,8900,2807189124,-6346,-239
6002,689,1,8901,2808048117,-3664,-664
6002,689,2,8902,2808907110,1401,-969
6002,689,3,8903,2809766103,-8017,7589
6002,690,0,8904,2810625096,-4876,4291
6002,690,1,8905,2811484089,3663,-4148
6002,690,2,8906,2812343082,3179,3051
6002,690,3,8907,2813202075,1273,4162
6002,691,0,8908,2814061068,-6006,-2211
6002,691,1,8909,2814920061,-7574,2290
6002,691,2,8910,2815779054,-880,167
6002,691,3,8911,2816638047,-1151,-3350
6002,692,0,8912,2817497040,-3406,2430
6002,692,1,8913,2818356033,1442,-275
6002,692,2,8914,2819215026,4103,-2423
6002,692,3,8915,2820074019,-1577,2491
6002,693,0,8916,2820933012,548,4472
6002,693,1,8917,2821792005,3136,4016
6002,693,2,8918,2822650998,-5547,941
6002,693,3,8919,2823509991,-886,765
6002,694,0,8920,2824368984,3107,900
6002,694,1,8921,2825227977,-6848,-1943
6002,694,2,8922,2826086970,-973,833
6002,694,3,8923,2826945963,2952,4673
6002,695,0,8924,2827804956,-5996,1143
6002,695,1,8925,2828663949,-268,-6619
6002,695,2,8926,2829522942,5302,-4052
6002,695,3,8927,2830381935,-2058,2549
6002,696,0,8928,2831240928,-2554,-3575
6002,696,1,8929,2832099921,4517,-2956
6002,696,2,8930,2832958914,2277,2602
6002,696,3,8931,2833817907,-5262,-1994
6002,697,0,8932,2834676900,-1205,1925
6002,697,1,8933,2835535893,2378,8230
6002,697,2,8934,2836394886,-2258,3482
6002,697,3,8935,2837253879,1619,-976
6002,698,0,8936,2838112872,4096,616
6002,698,1,8937,2838971865,-1073,3903
6002,698,2,8938,2839830858,934,810
6002,698,3,8939,2840689851,-443,-424
6002,699,0,8940,2841548844,-3287,6762
6002,699,1,8941,2842407837,2489,6875
6002,699,2,8942,2843266830,-3652,-3056
6002,699,3,8943,2844125823,-7192,-7324
6002,700,0,8944,2844984816,5580,-1322
6002,700,1,8945,2845843809,2060,2193
6002,700,2,8946,2846702802,-3433,3059
6002,700,3,8947,2847561795,3528,4523
6002,701,0,8948,2848420788,-102,3644
6002,701,1,8949,2849279781,478,5501
6002,701,2,8950,2850138774,3587,-1829
6002,701,3,8951,2850997767,-3136,-10417
6002,702,0,8952,2851856760,-2174,-2283
6002,702,1,8953,2852715753,668,-979
6002,702,2,8954,2853574746,1848,-1383
6002,702,3,8955,2854433739,2396,5955
6002,703,0,8956,2855292732,608,3561
6002,703,1,8957,2856151725,5458,-356
6002,703,2,8958,2857010718,2857,-6070
6002,703,3,8959,2857869711,-2970,-7314
6002,704,0,8960,2858728704,163,2136
6002,704,1,8961,2859587697,490,-2070
6002,704,2,8962,2860446690,3367,-7270
6002,704,3,8963,2861305683,2916,1537
6002,705,0,8964,2862164676,2486,2711
6002,705,1,8965,2863023669,8931,-2205
6002,705,2,8966,2863882662,-1924,1785
6002,705,3,8967,2864741655,-8243,6928
6002,706,0,8968,2865600648,1871,3522
6002,706,1,8969,2866459641,-971,272
6002,706,2,8970,2867318634,-2968,389
6002,706,3,8971,2868177627,-1398,-549
6002,707,0,8972,2869036620,-4223,-1547
6002,707,1,8973,2869895613,2137,-572
6002,707,2,8974,2870754606,6380,3605
6002,707,3,8975,2871613599,2917,-348
6002,708,0,8976,2872472592,-430,-5440
6002,708,1,8977,2873331585,-4089,219
6002,708,2,8978,2874190578,-2091,202
6002,708,3,8979,2875049571,152,494
6002,709,0,8980,2875908564,-5752,-83
6002,709,1,8981,2876767557,-6682,-8638
6002,709,2,8982,2877626550,-1419,-5789
6002,709,3,8983,2878485543,-3042,-3257
6002,710,0,8984,2879344536,-1930,-3596
6002,710,1,8985,2880203529,1087,590
6002,710,2,8986,2881062522,-2616,-4538
6002,710,3,8987,2881921515,2691,-5875
6002,711,0,8988,2882780508,3211,-1617
6002,711,1,8989,2883639501,-4578,-203
6002,711,2,8990,2884498494,3240,3616
6002,711,3,8991,2885357487,1512,7359
6002,712,0,8992,2886216480,-6482,9459
6002,712,1,8993,2887075473,647,3945
6002,712,2,8994,2887934466,-1122,2466
6002,712,3,8995,2888793459,2137,4784
6002,713,0,8996,2889652452,10871,-3546
6002,713,1,8997,2890511445,255,-2948
6002,713,2,8998,2891370438,-3836,-2638
6002,713,3,8999,2892229431,762,-8884
6002,714,0,9000,2893088424,1127,-2202
6002,714,1,9001,2893947417,4392,2207
6002,714,2,9002,2894806410,2299,1096
6002,714,3,9003,2895665403,1054,-3022
6002,715,0,9004,2896524396,3088,-5065
6002,715,1,9005,2897383389,217,2385
6002,715,2,9006,2898242382,1135,74
6002,715,3,9007,2899101375,1359,286
6002,716,0,9008,2899960368,-435,7485
6002,716,1,9009,2900819361,1586,2701
6002,716,2,9010,2901678354,-130,-266
6002,716,3,9011,2902537347,-1984,734
6002,717,0,9012,2903396340,-1430,997
6002,717,1,9013,2904255333,-931,925
6002,717,2,9014,2905114326,1973,-592
6002,717,3,9015,2905973319,601,1479
6002,718,0,9016,2906832312,-1217,1265
6002,718,1,9017,2907691305,398,980
6002,718,2,9018,2908550298,-1403,288
6002,718,3,9019,2909409291,2840,946
6002,719,0,9020,2910268284,6289,6775
6002,719,1,9021,2911127277,-2599,1489
6002,719,2,9022,2911986270,-1469,-517
6002,719,3,9023,2912845263,6895,5146
6002,720,0,9024,2913704256,2573,-637
6002,720,1,9025,2914563249,-746,-960
6002,720,2,9026,2915422242,3821,1207
6002,720,3,9027,2916281235,5364,-1891
6002,721,0,9028,2917140228,2854,1257
6002,721,1,9029,2917999221,25,1116
6002,721,2,9030,2918858214,-3036,-1210
6002,721,3,9031,2919717207,-2955,-251
6002,722,0,9032,2920576200,1669,287
6002,722,1,9033,2921435193,199,1782
6002,722,2,9034,2922294186,-1401,1503
6002,722,3,9035,2923153179,4942,-267
6002,723,0,9036,2924012172,1672,-2795
6002,723,1,9037,2924871165,-4573,-4274
6002,723,2,9038,2925730158,-2519,-2226
6002,723,3,9039,2926589151,-6088,-2103
6002,724,0,9040,2927448144,-5943,-3883
6002,724,1,9041,2928307137,2133,-2603
6002,724,2,9042,2929166130,2348,-2448
6002,724,3,9043,2930025123,912,-4525
6002,725,0,9044,2930884116,694,1247
6002,725,1,9045,2931743109,-4050,5493
6002,725,2,9046,2932602102,-4430,-583
6002,725,3,9047,2933461095,-411,-1829
6002,726,0,9048,2934320088,-748,-629
6002,726,1,9049,2935179081,-1872,-151
6002,726,2,9050,2936038074,-3695,-749
6002,726,3,9051,2936897067,-6803,-3827
6002,727,0,9052,2937756060,-3760,2844
6002,727,1,9053,2938615053,-2468,1995
6002,727,2,9054,2939474046,-3337,-2644
6002,727,3,9055,2940333039,3300,6195
6002,728,0,9056,2941192032,897,1202
6002,728,1,9057,2942051025,-6960,-3619
6002,728,2,9058,2942910018,1531,339
6002,728,3,9059,2943769011,7044,-6634
6002,729,0,9060,2944628004,-974,-2918
6002,729,1,9061,2945486997,776,1817
6002,729,2,9062,2946345990,6858,-3094
6002,729,3,9063,2947204983,-56,-1749
6002,730,0,9064,2948063976,-2026,-2557
6002,730,1,9065,2948922969,4059,-1034
6002,730,2,9066,2949781962,-600,822
6002,730,3,9067,2950640955,-3705,-978
6002,731,0,9068,2951499948,-1534,2258
6002,731,1,9069,2952358941,-3561,281
6002,731,2,9070,2953217934,-371,-2795
6002,731,3,9071,2954076927,3980,-52
6002,732,0,9072,2954935920,6199,3247
6002,732,1,9073,2955794913,6003,5514
6002,732,2,9074,2956653906,-28,2049
6002,732,3,9075,2957512899,-641,-1981
6002,733,0,9076,2958371892,-3131,-3716
6002,733,1,9077,2959230885,-7114,-2419
6002,733,2,9078,2960089878,-51,2068
6002,733,3,9079,2960948871,-639,3119
6002,734,0,9080,2961807864,-8053,6154
6002,734,1,9081,2962666857,-4596,5530
6002,734,2,9082,2963525850,2140,-2342
6002,734,3,9083,2964384843,2390,-3260
6002,735,0,9084,2965243836,833,-2696
6002,735,1,9085,2966102829,4680,-4466
6002,735,2,9086,2966961822,4621,-691
6002,735,3,9087,2967820815,2247,3917
6002,736,0,9088,2968679808,3828,3454
6002,736,1,9089,2969538801,-1243,2706
6002,736,2,9090,2970397794,-1661,2884
6002,736,3,9091,2971256787,1633,-1214
6002,737,0,9092,2972115780,-4928,-962
6002,737,1,9093,2972974773,-3613,2913
6002,737,2,9094,2973833766,4223,902
6002,737,3,9095,2974692759,2807,185
6002,738,0,9096,2975551752,-1563,-2862
6002,738,1,9097,2976410745,1148,-5527
6002,738,2,9098,2977269738,4841,-164
6002,738,3,9099,2978128731,2408,1073
6002,739,0,9100,2978987724,5288,1367
6002,739,1,9101,2979846717,4086,3093
6002,739,2,9102,2980705710,-2879,539
6002,739,3,9103,2981564703,1560,-92
6002,740,0,9104,2982423696,-58,-17
6002,740,1,9105,2983282689,-1820,-868
6002,740,2,9106,2984141682,2980,-65
6002,740,3,9107,2985000675,-1797,2877
6002,741,0,9108,2985859668,-63,924
6002,741,1,9109,2986718661,1047,-4775
6002,741,2,9110,2987577654,573,2337
6002,741,3,9111,2988436647,6521,5058
6002,742,0,9112,2989295640,-1033,-4221
6002,742,1,9113,2990154633,286,642
6002,742,2,9114,2991013626,4944,3475
6002,742,3,9115,2991872619,-4711,-3619
6002,743,0,9116,2992731612,311,686
6002,743,1,9117,2993590605,491,1455
6002,743,2,9118,2994449598,-2358,-5639
6002,743,3,9119,2995308591,10719,-2961
6002,744,0,9120,2996167584,7499,-2230
6002,744,1,9121,2997026577,-1471,-7403
6002,744,2,9122,2997885570,228,-1396
6002,744,3,9123,2998744563,2102,2208
6002,745,0,9124,2999603556,2334,-4329
6002,745,1,9125,3000462549,-2140,684
6002,745,2,9126,3001321542,-271,5220
6002,745,3,9127,3002180535,299,-456
6002,746,0,9128,3003039528,-4682,-310
6002,746,1,9129,3003898521,291,-2129
6002,746,2,9130,3004757514,2899,-5512
6002,746,3,9131,3005616507,3088,-2995
6002,747,0,9132,3006475500,3851,931
6002,747,1,9133,3007334493,1246,3176
6002,747,2,9134,3008193486,3284,-5991
6002,747,3,9135,3009052479,-579,-8180
6002,748,0,9136,3009911472,-4088,4994
6002,748,1,9137,3010770465,1984,908
6002,748,2,9138,3011629458,3998,-8028
6002,748,3,9139,3012488451,4331,-2216
6002,749,0,9140,3013347444,1259,845
6002,749,1,9141,3014206437,-2998,1277
6002,749,2,9142,3015065430,-1858,-1100
6002,749,3,9143,3015924423,-2796,-6915
6002,750,0,9144,3016783416,-148,-3709
6002,750,1,9145,3017642409,3733,3078
6002,750,2,9146,3018501402,591,5169
6002,750,3,9147,3019360395,-1985,3072
6002,751,0,9148,3020219388,-2041,-3312
6002,751,1,9149,3021078381,-1558,-4563
6002,751,2,9150,3021937374,-2174,4932
6002,751,3,9151,3022796367,-2762,9583
6002,752,0,9152,3023655360,948,1307
6002,752,1,9153,3024514353,7227,-4911
6002,752,2,9154,3025373346,6551,-4007
6002,752,3,9155,3026232339,-1104,-2186
6002,753,0,9156,3027091332,2002,138
6002,753,1,9157,3027950325,6558,272
6002,753,2,9158,3028809318,-1323,-1104
6002,753,3,9159,3029668311,-4253,-667
6002,754,0,9160,3030527304,-4020,142
6002,754,1,9161,3031386297,-2708,-2579
6002,754,2,9162,3032245290,3722,-8784
6002,754,3,9163,3033104283,1016,-7046
6002,755,0,9164,3033963276,-4170,-1116
6002,755,1,9165,3034822269,-3968,-3127
6002,755,2,9166,3035681262,-2510,-3098
6002,755,3,9167,3036540255,594,1626
6002,756,0,9168,3037399248,869,5794
6002,756,1,9169,3038258241,1968,7337
6002,756,2,9170,3039117234,3005,2619
6002,756,3,9171,3039976227,708,1744
6002,757,0,9172,3040835220,-33,3502
6002,757,1,9173,3041694213,1337,-583
6002,757,2,9174,3042553206,5854,-3952
6002,757,3,9175,3043412199,3019,-3294
6002,758,0,9176,3044271192,-2493,2495
6002,758,1,9177,3045130185,4417,2590
6002,758,2,9178,3045989178,2979,-1917
6002,758,3,9179,3046848171,-6115,2012
6002,759,0,9180,3047707164,-522,-765
6002,759,1,9181,3048566157,4089,-2871
6002,759,2,9182,3049425150,-2501,112
6002,759,3,9183,3050284143,-689,-8246
6002,760,0,9184,3051143136,7008,-6122
6002,760,1,9185,3052002129,1374,-1415
6002,760,2,9186,3052861122,-2520,-6794
6002,760,3,9187,3053720115,705,-1591
6002,761,0,9188,3054579108,-3164,-1244
6002,761,1,9189,3055438101,-1943,-2242
6002,761,2,9190,3056297094,-2194,1843
6002,761,3,9191,3057156087,-3907,-4834
6002,762,0,9192,3058015080,5122,-2630
6002,762,1,9193,3058874073,2065,3363
6002,762,2,9194,3059733066,-2645,-2816
6002,762,3,9195,3060592059,2151,-7089
6002,763,0,9196,3061451052,-52,-2764
6002,763,1,9197,3062310045,-1975,4524
6002,763,2,9198,3063169038,-5641,462
6002,763,3,9199,3064028031,-3317,2772
6002,764,0,9200,3064887024,3576,12050
6002,764,1,9201,3065746017,228,-51
6002,764,2,9202,3066605010,4363,-3370
6002,764,3,9203,3067464003,4193,81
6002,765,0,9204,3068322996,-233,-7598
6002,765,1,9205,3069181989,6406,1413
6002,765,2,9206,3070040982,998,3435
6002,765,3,9207,3070899975,-1188,-4898
6002,766,0,9208,3071758968,3253,1204
6002,766,1,9209,3072617961,-2854,879
6002,766,2,9210,3073476954,-214,-993
6002,766,3,9211,3074335947,790,-164
6002,767,0,9212,3075194940,-2260,-3562
6002,767,1,9213,3076053933,4154,207
6002,767,2,9214,3076912926,2530,569
6002,767,3,9215,3077771919,-3955,-3623
6002,768,0,9216,3078630912,284,-429
6002,768,1,9217,3079489905,4876,2234
6002,768,2,9218,3080348898,-1509,-2109
6002,768,3,9219,3081207891,-1807,-3746
6002,769,0,9220,3082066884,4161,696
6002,769,1,9221,3082925877,-156,-792
6002,769,2,9222,3083784870,998,-189
6002,769,3,9223,3084643863,300,2971
6002,770,0,9224,3085502856,-2375,-2528
6002,770,1,9225,3086361849,4975,-811
6002,770,2,9226,3087220842,-3553,417
6002,770,3,9227,3088079835,-3794,-5351
6002,771,0,9228,3088938828,7090,-2741
6002,771,1,9229,3089797821,-1706,-3832
6002,771,2,9230,3090656814,1407,-5331
6002,771,3,9231,3091515807,-41,-230
6002,772,0,9232,3092374800,-12491,1394
6002,772,1,9233,3093233793,-1263,4135
6002,772,2,9234,3094092786,1769,5376
6002,772,3,9235,3094951779,-3399,3579
6002,773,0,9236,3095810772,2567,-1028
6002,773,1,9237,3096669765,5693,-4740
6002,773,2,9238,3097528758,3623,1341
6002,773,3,9239,3098387751,-3902,-593
6002,774,0,9240,3099246744,430,-5742
6002,774,1,9241,3100105737,5973,1718
6002,774,2,9242,3100964730,-844,2738
6002,774,3,9243,3101823723,2821,918
6002,775,0,9244,3102682716,2377,2431
6002,775,1,9245,3103541709,1191,-1268
6002,775,2,9246,3104400702,7239,-322
6002,775,3,9247,3105259695,769,-1816
6002,776,0,9248,3106118688,2913,-8838
6002,776,1,9249,3106977681,7864,-2574
6002,776,2,9250,3107836674,870,2348
6002,776,3,9251,3108695667,1054,-4883
6002,777,0,9252,3109554660,907,183
6002,777,1,9253,3110413653,525,6416
6002,777,2,9254,3111272646,606,-3490
6002,777,3,9255,3112131639,-4104,-3062
6002,778,0,9256,3112990632,-1329,3268
6002,778,1,9257,3113849625,1860,-4062
6002,778,2,9258,3114708618,1363,-6930
6002,778,3,9259,3115567611,17,-1458
6002,779,0,9260,3116426604,-3214,1393
6002,779,1,9261,3117285597,-1882,26
6002,779,2,9262,3118144590,-3582,-1749
6002,779,3,9263,3119003583,-7524,1042
6002,780,0,9264,3119862576,-5675,1454
6002,780,1,9265,3120721569,-1729,85
6002,780,2,9266,3121580562,3830,1106
6002,780,3,9267,3122439555,4424,2438
6002,781,0,9268,3123298548,2650,3408
6002,781,1,9269,3124157541,6096,-3677
6002,781,2,9270,3125016534,6644,-6846
6002,781,3,9271,3125875527,3429,1492
6002,782,0,9272,3126734520,1433,3758
6002,782,1,9273,3127593513,2269,3659
6002,782,2,9274,3128452506,1532,790
6002,782,3,9275,3129311499,-2802,-5935
6002,783,0,9276,3130170492,-906,-1790
6002,783,1,9277,3131029485,2444,167
6002,783,2,9278,3131888478,1143,-7594
6002,783,3,9279,3132747471,1712,-8569
6002,784,0,9280,3133606464,-1573,-364
6002,784,1,9281,3134465457,-7754,6273
6002,784,2,9282,3135324450,-3698,3922
6002,784,3,9283,3136183443,4810,-340
6002,785,0,9284,3137042436,3845,592
6002,785,1,9285,3137901429,-2057,3024
6002,785,2,9286,3138760422,-4992,1466
6002,785,3,9287,3139619415,-4287,-2242
6002,786,0,9288,3140478408,3474,-1307
6002,786,1,9289,3141337401,7458,-115
6002,786,2,9290,3142196394,1736,1284
6002,786,3,9291,3143055387,-10,3259
6002,787,0,9292,3143914380,-1269,-831
6002,787,1,9293,3144773373,356,-4852
6002,787,2,9294,3145632366,5840,-6807
6002,787,3,9295,3146491359,-1608,-1475
6002,788,0,9296,3147350352,-3010,5709
6002,788,1,9297,3148209345,7761,-2649
6002,788,2,9298,3149068338,4241,-5356
6002,788,3,9299,3149927331,-3411,88
6002,789,0,9300,3150786324,-2356,-3186
6002,789,1,9301,3151645317,1557,-4010
6002,789,2,9302,3152504310,3950,-4815
6002,789,3,9303,3153363303,1848,-1096
6002,790,0,9304,3154222296,2107,4192
6002,790,1,9305,3155081289,304,-453
6002,790,2,9306,3155940282,-4703,2281
6002,790,3,9307,3156799275,202,2237
6002,791,0,9308,3157658268,3080,-3835
6002,791,1,9309,3158517261,-2852,-1077
6002,791,2,9310,3159376254,1197,-753
6002,791,3,9311,3160235247,7392,-1525
6002,792,0,9312,3161094240,-863,-7776
6002,792,1,9313,3161953233,-1442,-11026
6002,792,2,9314,3162812226,6112,-22
6002,792,3,9315,3163671219,-1532,114
6002,793,0,9316,3164530212,-753,-19
6002,793,1,9317,3165389205,5167,2932
6002,793,2,9318,3166248198,-5125,-3203
6002,793,3,9319,3167107191,-702,-14
6002,794,0,9320,3167966184,4290,-691
6002,794,1,9321,3168825177,-7197,-4039
6002,794,2,9322,3169684170,-2376,382
6002,794,3,9323,3170543163,3992,-2822
6002,795,0,9324,3171402156,-827,418
6002,795,1,9325,3172261149,-1952,2775
6002,795,2,9326,3173120142,-1099,-2770
6002,795,3,9327,3173979135,1507,1339
6002,796,0,9328,3174838128,38,47
6002,796,1,9329,3175697121,-523,-1473
6002,796,2,9330,3176556114,624,2862
6002,796,3,9331,3177415107,-4439,-2561
6002,797,0,9332,3178274100,-3317,-4340
6002,797,1,9333,3179133093,-1925,-1801
6002,797,2,9334,3179992086,-1732,-4524
6002,797,3,9335,3180851079,4645,-3208
6002,798,0,9336,3181710072,3245,326
6002,798,1,9337,3182569065,-1262,-2514
6002,798,2,9338,3183428058,-2473,-3539
6002,798,3,9339,3184287051,-1277,4462
6002,799,0,9340,3185146044,2804,4166
6002,799,1,9341,3186005037,483,-1977
6002,799,2,9342,3186864030,-2011,2652
6002,799,3,9343,3187723023,-2009,2198
6002,800,0,9344,3188582016,-4671,-2183
6002,800,1,9345,3189441009,-4483,-546
6002,800,2,9346,3190300002,-1162,-4526
6002,800,3,9347,3191158995,2293,-6048
6002,801,0,9348,3192017988,2160,-1816
6002,801,1,9349,3192876981,2073,-3470
6002,801,2,9350,3193735974,1325,-2883
6002,801,3,9351,3194594967,-3306,6385
6002,802,0,9352,3195453960,-2536,9812
6002,802,1,9353,3196312953,-2624,1802
6002,802,2,9354,3197171946,-1885,851
6002,802,3,9355,3198030939,4996,5612
6002,803,0,9356,3198889932,4641,1439
6002,803,1,9357,3199748925,2075,-181
6002,803,2,9358,3200607918,-1876,823
6002,803,3,9359,3201466911,-7415,-3385
6002,804,0,9360,3202325904,-5403,-4447
6002,804,1,9361,3203184897,-1501,-3686
6002,804,2,9362,3204043890,2719,-745
6002,804,3,9363,3204902883,1127,3389
6002,805,0,9364,3205761876,-1484,2291
6002,805,1,9365,3206620869,2342,3032
6002,805,2,9366,3207479862,-524,873
6002,805,3,9367,3208338855,-627,-4142
6002,806,0,9368,3209197848,3144,871
6002,806,1,9369,3210056841,1633,-629
6002,806,2,9370,3210915834,182,-7521
6002,806,3,9371,3211774827,-1976,-8
6002,807,0,9372,3212633820,3067,-238
6002,807,1,9373,3213492813,3371,-9070
6002,807,2,9374,3214351806,-908,-1279
6002,807,3,9375,3215210799,6041,5004
6002,808,0,9376,3216069792,-1456,-358
6002,808,1,9377,3216928785,-6991,-630
6002,808,2,9378,3217787778,3734,2046
6002,808,3,9379,3218646771,-878,3050
6002,809,0,9380,3219505764,-1157,4570
6002,809,1,9381,3220364757,6172,4778
6002,809,2,9382,3221223750,2128,3112
6002,809,3,9383,3222082743,867,1666
6002,810,0,9384,3222941736,871,444
6002,810,1,9385,3223800729,1845,-333
6002,810,2,9386,3224659722,2261,3854
6002,810,3,9387,3225518715,-3485,5869
6002,811,0,9388,3226377708,-1419,-154
6002,811,1,9389,3227236701,3814,-2601
6002,811,2,9390,3228095694,1341,-3116
6002,811,3,9391,3228954687,1568,-2978
6002,812,0,9392,3229813680,5889,3964
6002,812,1,9393,3230672673,4307,4790
6002,812,2,9394,3231531666,3031,1454
6002,812,3,9395,3232390659,5717,2550
6002,813,0,9396,3233249652,1924,-2628
6002,813,1,9397,3234108645,-1677,-4657
6002,813,2,9398,3234967638,-840,1876
6002,813,3,9399,3235826631,-1719,510
6002,814,0,9400,3236685624,-914,-1426
6002,814,1,9401,3237544617,1381,2624
6002,814,2,9402,3238403610,2295,2326
6002,814,3,9403,3239262603,-1038,411
6002,815,0,9404,3240121596,-2268,-2140
6002,815,1,9405,3240980589,-345,-5677
6002,815,2,9406,3241839582,-2598,-3050
6002,815,3,9407,3242698575,1175,314
6002,816,0,9408,3243557568,-414,-2618
6002,816,1,9409,3244416561,-7424,-4349
6002,816,2,9410,3245275554,1048,1152
6002,816,3,9411,3246134547,-360,2974
6002,817,0,9412,3246993540,-8688,-3157
6002,817,1,9413,3247852533,-1976,-2248
6002,817,2,9414,3248711526,281,1405
6002,817,3,9415,3249570519,-1058,15
6002,818,0,9416,3250429512,-692,1613
6002,818,1,9417,3251288505,-1596,22
6002,818,2,9418,3252147498,-222,-2048
6002,818,3,9419,3253006491,-490,1218
6002,819,0,9420,3253865484,-362,1706
6002,819,1,9421,3254724477,95,2113
6002,819,2,9422,3255583470,296,17
6002,819,3,9423,3256442463,-3106,-410
6002,820,0,9424,3257301456,-6726,3312
6002,820,1,9425,3258160449,-792,-1140
6002,820,2,9426,3259019442,-510,-1017
6002,820,3,9427,3259878435,-2281,728
6002,821,0,9428,3260737428,3464,-4815
6002,821,1,9429,3261596421,2374,-2147
6002,821,2,9430,3262455414,-1904,-1691
6002,821,3,9431,3263314407,-3742,-3188
6002,822,0,9432,3264173400,1590,-1895
6002,822,1,9433,3265032393,7888,-4158
6002,822,2,9434,3265891386,3922,2507
6002,822,3,9435,3266750379,2616,-1382
6002,823,0,9436,3267609372,-963,-11394
6002,823,1,9437,3268468365,-5238,-107
6002,823,2,9438,3269327358,-1835,1993
6002,823,3,9439,3270186351,-3886,938
6002,824,0,9440,3271045344,-6192,9652
6002,824,1,9441,3271904337,-7367,1470
6002,824,2,9442,3272763330,-4591,-1578
6002,824,3,9443,3273622323,1968,4138
6002,825,0,9444,3274481316,241,-3587
6002,825,1,9445,3275340309,4365,-4765
6002,825,2,9446,3276199302,5198,644
6002,825,3,9447,3277058295,-966,-772
6002,826,0,9448,3277917288,4064,379
6002,826,1,9449,3278776281,4183,1535
6002,826,2,9450,3279635274,5885,-945
6002,826,3,9451,3280494267,10557,2795
6002,827,0,9452,3281353260,2314,5266
6002,827,1,9453,3282212253,-514,53
6002,827,2,9454,3283071246,627,2005
6002,827,3,9455,3283930239,1389,3852
6002,828,0,9456,3284789232,5178,-1720
6002,828,1,9457,3285648225,-815,-2823
6002,828,2,9458,3286507218,-5803,-4474
6002,828,3,9459,3287366211,-305,-2191
6002,829,0,9460,3288225204,3068,3289
6002,829,1,9461,3289084197,1050,1074
6002,829,2,9462,3289943190,796,2886
6002,829,3,9463,3290802183,128,1000
6002,830,0,9464,3291661176,-3973,-353
6002,830,1,9465,3292520169,-3175,10289
6002,830,2,9466,3293379162,-896,2467
6002,830,3,9467,3294238155,-1443,-9085
6002,831,0,9468,3295097148,-3465,-1236
6002,831,1,9469,3295956141,-2551,-2088
6002,831,2,9470,3296815134,5387,-5931
6002,831,3,9471,3297674127,1716,-1257
6002,832,0,9472,3298533120,-2031,680
6002,832,1,9473,3299392113,7893,-110
6002,832,2,9474,3300251106,4480,-4994
6002,832,3,9475,3301110099,-1796,-5167
6002,833,0,9476,3301969092,-3517,825
6002,833,1,9477,3302828085,-6418,110
6002,833,2,9478,3303687078,555,-2241
6002,833,3,9479,3304546071,642,-996
6002,834,0,9480,3305405064,2949,1114
6002,834,1,9481,3306264057,10817,-1164
6002,834,2,9482,3307123050,289,-4016
6002,834,3,9483,3307982043,-5254,1700
6002,835,0,9484,3308841036,-3318,1512
6002,835,1,9485,3309700029,-5539,-1490
6002,835,2,9486,3310559022,-1482,4352
6002,835,3,9487,3311418015,-2822,-1044
6002,836,0,9488,3312277008,-953,-5655
6002,836,1,9489,3313136001,9545,3776
6002,836,2,9490,3313994994,4236,2175
6002,836,3,9491,3314853987,-7302,382
6002,837,0,9492,3315712980,-4950,5658
6002,837,1,9493,3316571973,563,243
6002,837,2,9494,3317430966,-1109,-545
6002,837,3,9495,3318289959,-3178,2507
6002,838,0,9496,3319148952,-2161,-3534
6002,838,1,9497,3320007945,269,-1871
6002,838,2,9498,3320866938,-2329,3435
6002,838,3,9499,3321725931,-8507,1011
6002,839,0,9500,3322584924,-1305,1859
6002,839,1,9501,3323443917,3884,4071
6002,839,2,9502,3324302910,-3282,-1085
6002,839,3,9503,3325161903,966,-5311
6002,840,0,9504,3326020896,4287,962
6002,840,1,9505,3326879889,-1547,2887
6002,840,2,9506,3327738882,1670,-6461
6002,840,3,9507,3328597875,6202,-2328
6002,841,0,9508,3329456868,1280,5968
6002,841,1,9509,3330315861,-5453,-901
6002,841,2,9510,3331174854,-388,1220
6002,841,3,9511,3332033847,4454,5552
6002,842,0,9512,3332892840,-2038,-2512
6002,842,1,9513,3333751833,-360,1114
6002,842,2,9514,3334610826,1292,5476
6002,842,3,9515,3335469819,-4920,-1327
6002,843,0,9516,3336328812,-4333,1235
6002,843,1,9517,3337187805,-1681,2422
6002,843,2,9518,3338046798,636,-4723
6002,843,3,9519,3338905791,-307,-1436
6002,844,0,9520,3339764784,-913,4083
6002,844,1,9521,3340623777,3534,-243
6002,844,2,9522,3341482770,189,876
6002,844,3,9523,3342341763,837,7868
6002,845,0,9524,3343200756,4373,4672
6002,845,1,9525,3344059749,-4329,447
6002,845,2,9526,3344918742,-4047,-1742
6002,845,3,9527,3345777735,2396,-4988
6002,846,0,9528,3346636728,-2056,6161
6002,846,1,9529,3347495721,-3872,10338
6002,846,2,9530,3348354714,348,-1668
6002,846,3,9531,3349213707,2037,3117
6002,847,0,9532,3350072700,2689,5753
6002,847,1,9533,3350931693,3383,-5785
6002,847,2,9534,3351790686,1459,-7428
6002,847,3,9535,3352649679,2868,-8397
6002,848,0,9536,3353508672,4153,-7604
6002,848,1,9537,3354367665,-1119,-2384
6002,848,2,9538,3355226658,1285,-3999
6002,848,3,9539,3356085651,1997,-3500
6002,849,0,9540,3356944644,-4910,-1101
6002,849,1,9541,3357803637,302,2222
6002,849,2,9542,3358662630,-221,4847
6002,849,3,9543,3359521623,-7545,639
6002,850,0,9544,3360380616,-496,737
6002,850,1,9545,3361239609,223,-974
6002,850,2,9546,3362098602,-7211,-4394
6002,850,3,9547,3362957595,-5592,1919
6002,851,0,9548,3363816588,-793,172
6002,851,1,9549,3364675581,1438,-3793
6002,851,2,9550,3365534574,699,2526
6002,851,3,9551,3366393567,1396,2624
6002,852,0,9552,3367252560,2557,1793
6002,852,1,9553,3368111553,1450,1352
6002,852,2,9554,3368970546,191,-6672
6002,852,3,9555,3369829539,-1595,-3034
6002,853,0,9556,3370688532,846,6519
6002,853,1,9557,3371547525,-823,-1264
6002,853,2,9558,3372406518,-7056,-8306
6002,853,3,9559,3373265511,-1908,-767
6002,854,0,9560,3374124504,1483,3913
6002,854,1,9561,3374983497,888,-271
6002,854,2,9562,3375842490,5943,-3163
6002,854,3,9563,3376701483,3198,1035
6002,855,0,9564,3377560476,-1209,2857
6002,855,1,9565,3378419469,-953,1099
6002,855,2,9566,3379278462,-3119,4590
6002,855,3,9567,3380137455,15,-1315
6002,856,0,9568,3380996448,2755,-8044
6002,856,1,9569,3381855441,-1771,2826
6002,856,2,9570,3382714434,-1530,3987
6002,856,3,9571,3383573427,-735,690
6002,857,0,9572,3384432420,-4353,10110
6002,857,1,9573,3385291413,100,8914
6002,857,2,9574,3386150406,1793,3672
6002,857,3,9575,3387009399,-5690,3066
6002,858,0,9576,3387868392,-1868,-427
6002,858,1,9577,3388727385,1613,1270
6002,858,2,9578,3389586378,-2510,2799
6002,858,3,9579,3390445371,672,2138
6002,859,0,9580,3391304364,-16,2543
6002,859,1,9581,3392163357,-4365,2344
6002,859,2,9582,3393022350,-8488,3865
6002,859,3,9583,3393881343,-9151,-1750
6002,860,0,9584,3394740336,-342,-6093
6002,860,1,9585,3395599329,-3571,-602
6002,860,2,9586,3396458322,-4643,-820
6002,860,3,9587,3397317315,4146,-1584
6002,861,0,9588,3398176308,-1097,-232
6002,861,1,9589,3399035301,-348,-2893
6002,861,2,9590,3399894294,2394,-649
6002,861,3,9591,3400753287,3395,325
6002,862,0,9592,3401612280,10115,-2804
6002,862,1,9593,3402471273,-2360,-1421
6002,862,2,9594,3403330266,-4703,-3959
6002,862,3,9595,3404189259,6028,-7058
6002,863,0,9596,3405048252,585,-408
6002,863,1,9597,3405907245,4520,2075
6002,863,2,9598,3406766238,4535,265
6002,863,3,9599,3407625231,-4669,3614
6002,864,0,9600,3408484224,-2555,1013
6002,864,1,9601,3409343217,-3972,-1307
6002,864,2,9602,3410202210,-4224,-697
6002,864,3,9603,3411061203,746,-7360
6002,865,0,9604,3411920196,2834,-1449
6002,865,1,9605,3412779189,-2069,7869
6002,865,2,9606,3413638182,-3195,217
6002,865,3,9607,3414497175,4772,1180
6002,866,0,9608,3415356168,-3521,6943
6002,866,1,9609,3416215161,-5071,-80
6002,866,2,9610,3417074154,2784,-6013
6002,866,3,9611,3417933147,-2800,-2137
6002,867,0,9612,3418792140,8128,5389
6002,867,1,9613,3419651133,8001,593
6002,867,2,9614,3420510126,-3891,-2832
6002,867,3,9615,3421369119,4832,6940
6002,868,0,9616,3422228112,922,2301
6002,868,1,9617,3423087105,4051,-3243
6002,868,2,9618,3423946098,7342,4193
6002,868,3,9619,3424805091,-8940,1502
6002,869,0,9620,3425664084,-1895,-1091
6002,869,1,9621,3426523077,1808,2151
6002,869,2,9622,3427382070,-3474,2619
6002,869,3,9623,3428241063,2467,4343
6002,870,0,9624,3429100056,1225,3579
6002,870,1,9625,3429959049,6357,2343
6002,870,2,9626,3430818042,5245,-620
6002,870,3,9627,3431677035,228,-4177
6002,871,0,9628,3432536028,5806,166
6002,871,1,9629,3433395021,-3686,1684
6002,871,2,9630,3434254014,-5938,306
6002,871,3,9631,3435113007,5753,2173
6002,872,0,9632,3435972000,3914,566
6002,872,1,9633,3436830993,-3754,-1929
6002,872,2,9634,3437689986,-3384,-3363
6002,872,3,9635,3438548979,5872,-21
6002,873,0,9636,3439407972,5449,5651
6002,873,1,9637,3440266965,3216,1915
6002,873,2,9638,3441125958,8118,309
6002,873,3,9639,3441984951,1159,2412
6002,874,0,9640,3442843944,-2387,-4916
6002,874,1,9641,3443702937,-2051,-7815
6002,874,2,9642,3444561930,-3049,-1855
6002,874,3,9643,3445420923,6105,766
6002,875,0,9644,3446279916,5534,2104
6002,875,1,9645,3447138909,-399,600
6002,875,2,9646,3447997902,838,-3226
6002,875,3,9647,3448856895,183,-1084
6002,876,0,9648,3449715888,-378,70
6002,876,1,9649,3450574881,-3167,-3398
6002,876,2,9650,3451433874,-4602,-3497
6002,876,3,9651,3452292867,-4904,-1190
6002,877,0,9652,3453151860,-3695,2146
6002,877,1,9653,3454010853,3846,3335
6002,877,2,9654,3454869846,425,-744
6002,877,3,9655,3455728839,-5445,-1628
6002,878,0,9656,3456587832,1542,-982
6002,878,1,9657,3457446825,4754,-1721
6002,878,2,9658,3458305818,1804,208
6002,878,3,9659,3459164811,-1644,-1322
6002,879,0,9660,3460023804,-3703,449
6002,879,1,9661,3460882797,-2092,5933
6002,879,2,9662,3461741790,780,-1258
6002,879,3,9663,3462600783,4152,-6749
6002,880,0,9664,3463459776,3164,-477
6002,880,1,9665,3464318769,2267,2248
6002,880,2,9666,3465177762,4483,360
6002,880,3,9667,3466036755,-904,-249
6002,881,0,9668,3466895748,-3091,2621
6002,881,1,9669,3467754741,2051,1803
6002,881,2,9670,3468613734,-1995,-3178
6002,881,3,9671,3469472727,-1121,-649
6002,882,0,9672,3470331720,10439,1678
6002,882,1,9673,3471190713,10773,2366
6002,882,2,9674,3472049706,4667,3963
6002,882,3,9675,3472908699,-1824,-1985
6002,883,0,9676,3473767692,-7282,-4374
6002,883,1,9677,3474626685,-213,-789
6002,883,2,9678,3475485678,6230,4114
6002,883,3,9679,3476344671,3223,9103
6002,884,0,9680,3477203664,-363,3565
6002,884,1,9681,3478062657,-898,1781
6002,884,2,9682,3478921650,2183,5306
6002,884,3,9683,3479780643,-909,-69
6002,885,0,9684,3480639636,-3930,-2471
6002,885,1,9685,3481498629,429,-4486
6002,885,2,9686,3482357622,917,-3037
6002,885,3,9687,3483216615,1822,2010
6002,886,0,9688,3484075608,476,-8102
6002,886,1,9689,3484934601,-5264,-10750
6002,886,2,9690,3485793594,-4378,-1382
6002,886,3,9691,3486652587,1762,-2728
6002,887,0,9692,3487511580,6348,-6
6002,887,1,9693,3488370573,779,6032
6002,887,2,9694,3489229566,-1565,2501
6002,887,3,9695,3490088559,3162,-431
6002,888,0,9696,3490947552,-747,-71
6002,888,1,9697,3491806545,2132,82
6002,888,2,9698,3492665538,3757,1079
6002,888,3,9699,3493524531,-4301,1693
6002,889,0,9700,3494383524,-2184,2327
6002,889,1,9701,3495242517,948,5638
6002,889,2,9702,3496101510,1057,3086
6002,889,3,9703,3496960503,-6948,-1757
6002,890,0,9704,3497819496,-12019,3680
6002,890,1,9705,3498678489,4521,1303
6002,890,2,9706,3499537482,5147,-6332
6002,890,3,9707,3500396475,-5858,-1005
6002,891,0,9708,3501255468,-1652,4163
6002,891,1,9709,3502114461,1288,5044
6002,891,2,9710,3502973454,4343,-491
6002,891,3,9711,3503832447,3101,-2044
6002,892,0,9712,3504691440,-1019,8059
6002,892,1,9713,3505550433,-1317,2543
6002,892,2,9714,3506409426,-2711,-2837
6002,892,3,9715,3507268419,3572,3315
6002,893,0,9716,3508127412,2035,428
6002,893,1,9717,3508986405,-2839,3347
6002,893,2,9718,3509845398,2270,4833
6002,893,3,9719,3510704391,-4129,712
6002,894,0,9720,3511563384,-7379,2479
6002,894,1,9721,3512422377,-2575,-4366
6002,894,2,9722,3513281370,-1582,-6080
6002,894,3,9723,3514140363,2947,-1590
6002,895,0,9724,3514999356,-1403,-1354
6002,895,1,9725,3515858349,-5829,6438
6002,895,2,9726,3516717342,-130,4295
6002,895,3,9727,3517576335,4370,-4256
6002,896,0,9728,3518435328,7492,338
6002,896,1,9729,3519294321,-910,4078
6002,896,2,9730,3520153314,-8004,-292
6002,896,3,9731,3521012307,638,-5532
6002,897,0,9732,3521871300,1031,857
6002,897,1,9733,3522730293,-3753,5205
6002,897,2,9734,3523589286,-320,-5788
6002,897,3,9735,3524448279,-435,-4544
6002,898,0,9736,3525307272,-3858,3413
6002,898,1,9737,3526166265,-5897,1562
6002,898,2,9738,3527025258,-6339,4098
6002,898,3,9739,3527884251,82,3902
6002,899,0,9740,3528743244,4288,-2413
6002,899,1,9741,3529602237,1978,-2476
6002,899,2,9742,3530461230,2504,234
6002,899,3,9743,3531320223,-2247,671
6002,900,0,9744,3532179216,-7070,957
6002,900,1,9745,3533038209,-3362,3371
6002,900,2,9746,3533897202,-3118,3866
6002,900,3,9747,3534756195,-721,-579
6002,901,0,9748,3535615188,-1576,-2579
6002,901,1,9749,3536474181,-7414,-37
6002,901,2,9750,3537333174,-2729,114
6002,901,3,9751,3538192167,-2176,666
6002,902,0,9752,3539051160,-478,2069
6002,902,1,9753,3539910153,4336,-6164
6002,902,2,9754,3540769146,-5213,-8990
6002,902,3,9755,3541628139,-3453,3064
6002,903,0,9756,3542487132,3500,1340
6002,903,1,9757,3543346125,-7124,-7397
6002,903,2,9758,3544205118,-7940,116
6002,903,3,9759,3545064111,3437,3393
6002,904,0,9760,3545923104,5439,-541
6002,904,1,9761,3546782097,-357,1279
6002,904,2,9762,3547641090,-865,-2116
6002,904,3,9763,3548500083,4366,-3584
6002,905,0,9764,3549359076,2020,2441
6002,905,1,9765,3550218069,-1779,1157
6002,905,2,9766,3551077062,1660,1611
6002,905,3,9767,3551936055,-129,2931
6002,906,0,9768,3552795048,-4127,-2499
6002,906,1,9769,3553654041,1723,2056
6002,906,2,9770,3554513034,960,2018
6002,906,3,9771,3555372027,-6595,-7546
6002,907,0,9772,3556231020,-1103,-1210
6002,907,1,9773,3557090013,-2008,5872
6002,907,2,9774,3557949006,-7065,5811
6002,907,3,9775,3558807999,2716,8486
6002,908,0,9776,3559666992,1111,7808
6002,908,1,9777,3560525985,-3900,5797
6002,908,2,9778,3561384978,2298,2300
6002,908,3,9779,3562243971,-675,2218
6002,909,0,9780,3563102964,-1108,2792
6002,909,1,9781,3563961957,5159,-1507
6002,909,2,9782,3564820950,3048,2696
6002,909,3,9783,3565679943,-1823,1964
6002,910,0,9784,3566538936,-349,-4688
6002,910,1,9785,3567397929,4628,-1836
6002,910,2,9786,3568256922,4380,-1466
6002,910,3,9787,3569115915,4032,2665
6002,911,0,9788,3569974908,1317,5808
6002,911,1,9789,3570833901,-3063,-2228
6002,911,2,9790,3571692894,3142,-3587
6002,911,3,9791,3572551887,2911,-2781
6002,912,0,9792,3573410880,-3125,-2596
6002,912,1,9793,3574269873,432,4216
6002,912,2,9794,3575128866,2940,7841
6002,912,3,9795,3575987859,1324,1648
6002,913,0,9796,3576846852,-882,-5908
6002,913,1,9797,3577705845,2027,-4270
6002,913,2,9798,3578564838,326,-1868
6002,913,3,9799,3579423831,-7525,-646
6002,914,0,9800,3580282824,-741,-2312
6002,914,1,9801,3581141817,67,-5911
6002,914,2,9802,3582000810,-5484,3520
6002,914,3,9803,3582859803,1013,-820
6002,915,0,9804,3583718796,-2101,-9530
6002,915,1,9805,3584577789,-3532,6835
6002,915,2,9806,3585436782,2407,5007
6002,915,3,9807,3586295775,-2069,-2451
6002,916,0,9808,3587154768,-5181,4971
6002,916,1,9809,3588013761,-2999,-260
6002,916,2,9810,3588872754,2751,2469
6002,916,3,9811,3589731747,1543,2499
6002,917,0,9812,3590590740,-5330,-7388
6002,917,1,9813,3591449733,1469,145
6002,917,2,9814,3592308726,1541,-931
6002,917,3,9815,3593167719,-4660,-9831
6002,918,0,9816,3594026712,764,-4057
6002,918,1,9817,3594885705,285,3590
6002,918,2,9818,3595744698,-739,6193
6002,918,3,9819,3596603691,1113,1818
6002,919,0,9820,3597462684,-3013,-3116
6002,919,1,9821,3598321677,-2468,-3219
6002,919,2,9822,3599180670,-3186,-1248
6002,919,3,9823,3600039663,-3888,2705
6002,920,0,9824,3600898656,1686,2627
6002,920,1,9825,3601757649,997,-1362
6002,920,2,9826,3602616642,2464,-2615
6002,920,3,9827,3603475635,3455,198
6002,921,0,9828,3604334628,-5377,1157
6002,921,1,9829,3605193621,-3227,1168
6002,921,2,9830,3606052614,1424,2635
6002,921,3,9831,3606911607,-451,-2713
6002,922,0,9832,3607770600,3030,-6469
6002,922,1,9833,3608629593,-3436,-2948
6002,922,2,9834,3609488586,-8098,1367
6002,922,3,9835,3610347579,1629,1675
6002,923,0,9836,3611206572,3588,-7289
6002,923,1,9837,3612065565,2745,-7267
6002,923,2,9838,3612924558,1857,-1330
6002,923,3,9839,3613783551,461,-4555
6002,924,0,9840,3614642544,1500,-1860
6002,924,1,9841,3615501537,-1055,-1301
6002,924,2,9842,3616360530,3677,-4261
6002,924,3,9843,3617219523,-381,-2972
6002,925,0,9844,3618078516,-8523,-2886
6002,925,1,9845,3618937509,4371,740
6002,925,2,9846,3619796502,3181,-4336
6002,925,3,9847,3620655495,-3010,-7451
6002,926,0,9848,3621514488,3226,-523
6002,926,1,9849,3622373481,-6846,-3708
6002,926,2,9850,3623232474,-8018,-2116
6002,926,3,9851,3624091467,4191,-468
6002,927,0,9852,3624950460,4131,-1661
6002,927,1,9853,3625809453,814,4524
6002,927,2,9854,3626668446,376,1967
6002,927,3,9855,3627527439,6185,4659
6002,928,0,9856,3628386432,3569,1497
6002,928,1,9857,3629245425,-5880,-11849
6002,928,2,9858,3630104418,153,-3957
6002,928,3,9859,3630963411,5078,-4080
6002,929,0,9860,3631822404,350,-9643
6002,929,1,9861,3632681397,-6442,-24
6002,929,2,9862,3633540390,-3311,-245
6002,929,3,9863,3634399383,9815,-535
6002,930,0,9864,3635258376,5040,652
6002,930,1,9865,3636117369,-580,-1681
6002,930,2,9866,3636976362,1888,2652
6002,930,3,9867,3637835355,-6614,2808
6002,931,0,9868,3638694348,-1404,820
6002,931,1,9869,3639553341,7168,-1373
6002,931,2,9870,3640412334,46,-1983
6002,931,3,9871,3641271327,-1250,3298
6002,932,0,9872,3642130320,-4639,-139
6002,932,1,9873,3642989313,-5735,-6892
6002,932,2,9874,3643848306,3747,-2985
6002,932,3,9875,3644707299,2147,4447
6002,933,0,9876,3645566292,-2155,2862
6002,933,1,9877,3646425285,336,-2372
6002,933,2,9878,3647284278,2909,-734
6002,933,3,9879,3648143271,5824,-2687
6002,934,0,9880,3649002264,1783,-1932
6002,934,1,9881,3649861257,-2604,4656
6002,934,2,9882,3650720250,316,-1193
6002,934,3,9883,3651579243,2122,-7094
6002,935,0,9884,3652438236,1368,-5448
6002,935,1,9885,3653297229,-478,-1050
6002,935,2,9886,3654156222,2351,6161
6002,935,3,9887,3655015215,3522,630
6002,936,0,9888,3655874208,-323,-3575
6002,936,1,9889,3656733201,4626,5431
6002,936,2,9890,3657592194,1127,1768
6002,936,3,9891,3658451187,-5543,-2186
6002,937,0,9892,3659310180,5128,6877
6002,937,1,9893,3660169173,2580,7389
6002,937,2,9894,3661028166,-5144,6651
6002,937,3,9895,3661887159,1167,4596
6002,938,0,9896,3662746152,-585,-5526
6002,938,1,9897,3663605145,-3556,616
6002,938,2,9898,3664464138,-2830,7924
6002,938,3,9899,3665323131,-3416,-187
6002,939,0,9900,3666182124,-2029,-531
6002,939,1,9901,3667041117,56,-239
6002,939,2,9902,3667900110,4456,-957
6002,939,3,9903,3668759103,1922,3193
6002,940,0,9904,3669618096,38,-1512
6002,940,1,9905,3670477089,51,-2293
6002,940,2,9906,3671336082,-5931,4610
6002,940,3,9907,3672195075,2357,5945
6002,941,0,9908,3673054068,7366,4619
6002,941,1,9909,3673913061,1582,4040
6002,941,2,9910,3674772054,2730,4545
6002,941,3,9911,3675631047,-3932,1556
6002,942,0,9912,3676490040,-3726,-968
6002,942,1,9913,3677349033,1365,-1770
6002,942,2,9914,3678208026,-3821,-2539
6002,942,3,9915,3679067019,-1643,3171
6002,943,0,9916,3679926012,-309,687
6002,943,1,9917,3680785005,4059,-4370
6002,943,2,9918,3681643998,5304,83
6002,943,3,9919,3682502991,-6439,-1585
6002,944,0,9920,3683361984,-394,-793
6002,944,1,9921,3684220977,5984,-1632
6002,944,2,9922,3685079970,-876,-10457
6002,944,3,9923,3685938963,1378,-9829
6002,945,0,9924,3686797956,1798,-5746
6002,945,1,9925,3687656949,-3216,1207
6002,945,2,9926,3688515942,-3946,5691
6002,945,3,9927,3689374935,-1030,1362
6002,946,0,9928,3690233928,-1780,249
6002,946,1,9929,3691092921,-596,-3295
6002,946,2,9930,3691951914,5892,-2557
6002,946,3,9931,3692810907,2250,2987
6002,947,0,9932,3693669900,1728,767
6002,947,1,9933,3694528893,2844,-51
6002,947,2,9934,3695387886,-3136,-1038
6002,947,3,9935,3696246879,1708,792
6002,948,0,9936,3697105872,2561,3332
6002,948,1,9937,3697964865,470,-2712
6002,948,2,9938,3698823858,-427,-2650
6002,948,3,9939,3699682851,-8223,359
6002,949,0,9940,3700541844,-2085,735
6002,949,1,9941,3701400837,89,2449
6002,949,2,9942,3702259830,-7070,-814
6002,949,3,9943,3703118823,-4502,-3504
6002,950,0,9944,3703977816,-2468,117
6002,950,1,9945,3704836809,4309,6135
6002,950,2,9946,3705695802,2905,3335
6002,950,3,9947,3706554795,-5432,-4150
6002,951,0,9948,3707413788,-1300,-362
6002,951,1,9949,3708272781,-1681,3266
6002,951,2,9950,3709131774,-677,125
6002,951,3,9951,3709990767,338,-1175
6002,952,0,9952,3710849760,-4877,2965
6002,952,1,9953,3711708753,-3925,2264
6002,952,2,9954,3712567746,-4293,-9027
6002,952,3,9955,3713426739,2239,-5081
6002,953,0,9956,3714285732,6223,2863
6002,953,1,9957,3715144725,-2580,-2840
6002,953,2,9958,3716003718,-573,-423
6002,953,3,9959,3716862711,990,-2669
6002,954,0,9960,3717721704,-3811,-6374
6002,954,1,9961,3718580697,-3735,942
6002,954,2,9962,3719439690,-4506,-2197
6002,954,3,9963,3720298683,-4052,-4001
6002,955,0,9964,3721157676,-1271,-208
6002,955,1,9965,3722016669,-1115,-2740
6002,955,2,9966,3722875662,-3346,-2866
6002,955,3,9967,3723734655,3059,-1410
6002,956,0,9968,3724593648,5503,-1145
6002,956,1,9969,3725452641,-3934,241
6002,956,2,9970,3726311634,2888,3540
6002,956,3,9971,3727170627,5075,-2465
6002,957,0,9972,3728029620,-4662,-7903
6002,957,1,9973,3728888613,1113,6202
6002,957,2,9974,3729747606,306,6641
6002,957,3,9975,3730606599,-1084,-2970
6002,958,0,9976,3731465592,4342,2906
6002,958,1,9977,3732324585,1025,2467
6002,958,2,9978,3733183578,1658,5995
6002,958,3,9979,3734042571,-1051,10851
6002,959,0,9980,3734901564,152,-39
6002,959,1,9981,3735760557,5566,422
6002,959,2,9982,3736619550,-4242,5387
6002,959,3,9983,3737478543,-2135,-2376
6002,960,0,9984,3738337536,5553,-3399
6002,960,1,9985,3739196529,-1282,6143
6002,960,2,9986,3740055522,-3219,6427
6002,960,3,9987,3740914515,-3087,-2031
6002,961,0,9988,3741773508,-3704,-1880
6002,961,1,9989,3742632501,-1493,-1937
6002,961,2,9990,3743491494,-2365,-3294
6002,961,3,9991,3744350487,-3819,-1486
6002,962,0,9992,3745209480,97,-5634
6002,962,1,9993,3746068473,5244,-1634
6002,962,2,9994,3746927466,-503,1975
6002,962,3,9995,3747786459,-3893,-2951
6002,963,0,9996,3748645452,3073,2790
6002,963,1,9997,3749504445,4290,3074
6002,963,2,9998,3750363438,3993,-1437
6002,963,3,9999,3751222431,3557,1033
6002,964,0,10000,3752081424,405,-1447
6002,964,1,10001,3752940417,155,349
6002,964,2,10002,3753799410,1440,1910
6002,964,3,10003,3754658403,4646,-1393
6002,965,0,10004,3755517396,379,2671
6002,965,1,10005,3756376389,-7409,1558
6002,965,2,10006,3757235382,-3167,-2991
6002,965,3,10007,3758094375,571,483
6002,966,0,10008,3758953368,-1133,2543
6002,966,1,10009,3759812361,-894,3327
6002,966,2,10010,3760671354,-1339,3334
6002,966,3,10011,3761530347,-288,-2420
6002,967,0,10012,3762389340,3191,-2331
6002,967,1,10013,3763248333,4448,3176
6002,967,2,10014,3764107326,3048,-877
6002,967,3,10015,3764966319,2797,-1849
6002,968,0,10016,3765825312,1647,3571
6002,968,1,10017,3766684305,-2648,235
6002,968,2,10018,3767543298,-1661,1776
6002,968,3,10019,3768402291,5145,7294
6002,969,0,10020,3769261284,5328,2777
6002,969,1,10021,3770120277,-2091,-467
6002,969,2,10022,3770979270,-3334,-1383
6002,969,3,10023,3771838263,692,327
6002,970,0,10024,3772697256,642,4347
6002,970,1,10025,3773556249,1060,-766
6002,970,2,10026,3774415242,634,-2685
6002,970,3,10027,3775274235,-251,2879
6002,971,0,10028,3776133228,1290,1590
6002,971,1,10029,3776992221,1088,1502
6002,971,2,10030,3777851214,4658,3210
6002,971,3,10031,3778710207,3465,-3115
6002,972,0,10032,3779569200,-3042,-2789
6002,972,1,10033,3780428193,630,3885
6002,972,2,10034,3781287186,-1225,869
6002,972,3,10035,3782146179,-5675,-141
6002,973,0,10036,3783005172,2420,2633
6002,973,1,10037,3783864165,5157,1496
6002,973,2,10038,3784723158,-1020,3313
6002,973,3,10039,3785582151,-6283,13
6002,974,0,10040,3786441144,-2926,-3234
6002,974,1,10041,3787300137,5261,2260
6002,974,2,10042,3788159130,717,1338
6002,974,3,10043,3789018123,-6744,558
6002,975,0,10044,3789877116,-3617,2171
6002,975,1,10045,3790736109,1191,-1489
6002,975,2,10046,3791595102,237,274
6002,975,3,10047,3792454095,-1624,2401
6002,976,0,10048,3793313088,3058,2191
6002,976,1,10049,3794172081,4485,2991
6002,976,2,10050,3795031074,2259,-283
6002,976,3,10051,3795890067,4777,-442
6002,977,0,10052,3796749060,2085,-2058
6002,977,1,10053,3797608053,-2721,-5322
6002,977,2,10054,3798467046,-2739,1157
6002,977,3,10055,3799326039,-617,1019
6002,978,0,10056,3800185032,3422,-6516
6002,978,1,10057,3801044025,116,-5654
6002,978,2,10058,3801903018,-5630,-6163
6002,978,3,10059,3802762011,-3972,-6541
6002,979,0,10060,3803621004,-3333,214
6002,979,1,10061,3804479997,-1097,3853
6002,979,2,10062,3805338990,3290,4883
6002,979,3,10063,3806197983,447,5559
6002,980,0,10064,3807056976,141,4525
6002,980,1,10065,3807915969,3581,2019
6002,980,2,10066,3808774962,-2751,-4858
6002,980,3,10067,3809633955,-3483,-3316
6002,981,0,10068,3810492948,4378,3556
6002,981,1,10069,3811351941,-709,-2959
6002,981,2,10070,3812210934,599,-4852
6002,981,3,10071,3813069927,8844,3009
6002,982,0,10072,3813928920,-1511,5428
6002,982,1,10073,3814787913,-3734,7168
6002,982,2,10074,3815646906,2325,4271
6002,982,3,10075,3816505899,-5111,869
6002,983,0,10076,3817364892,-4231,2807
6002,983,1,10077,3818223885,2362,2711
6002,983,2,10078,3819082878,3178,8398
6002,983,3,10079,3819941871,407,10249
6002,984,0,10080,3820800864,-5399,2393
6002,984,1,10081,3821659857,615,3877
6002,984,2,10082,3822518850,3682,6366
6002,984,3,10083,3823377843,-2518,-1921
6002,985,0,10084,3824236836,2462,-9660
6002,985,1,10085,3825095829,1765,-2718
6002,985,2,10086,3825954822,-1991,8288
6002,985,3,10087,3826813815,2369,3723
6002,986,0,10088,3827672808,-1425,1423
6002,986,1,10089,3828531801,-84,3113
6002,986,2,10090,3829390794,4772,-4268
6002,986,3,10091,3830249787,-2299,-2599
6002,987,0,10092,3831108780,-3426,3121
6002,987,1,10093,3831967773,1086,4540
6002,987,2,10094,3832826766,-16,3124
6002,987,3,10095,3833685759,-1641,-5478
6002,988,0,10096,3834544752,287,-981
6002,988,1,10097,3835403745,4165,5103
6002,988,2,10098,3836262738,1659,-2156
6002,988,3,10099,3837121731,-2837,757
6002,989,0,10100,3837980724,480,-769
6002,989,1,10101,3838839717,2657,-6227
6002,989,2,10102,3839698710,-4328,1562
6002,989,3,10103,3840557703,-8172,223
6002,990,0,10104,3841416696,2189,-997
6002,990,1,10105,3842275689,6780,1300
6002,990,2,10106,3843134682,-321,-6637
6002,990,3,10107,3843993675,3629,-5311
6002,991,0,10108,3844852668,5016,-4775
6002,991,1,10109,3845711661,-4664,-7457
6002,991,2,10110,3846570654,-3088,1926
6002,991,3,10111,3847429647,1963,3249
6002,992,0,10112,3848288640,1974,920
6002,992,1,10113,3849147633,337,-1467
6002,992,2,10114,3850006626,-6780,-6213
6002,992,3,10115,3850865619,-6722,3026
6002,993,0,10116,3851724612,1733,1773
6002,993,1,10117,3852583605,2800,-5941
6002,993,2,10118,3853442598,-1724,1095
6002,993,3,10119,3854301591,-3215,-1671
6002,994,0,10120,3855160584,2955,-595
6002,994,1,10121,3856019577,9505,4085
6002,994,2,10122,3856878570,5408,-4769
6002,994,3,10123,3857737563,1024,-1554
6002,995,0,10124,3858596556,4687,541
6002,995,1,10125,3859455549,5578,-1470
6002,995,2,10126,3860314542,3286,4652
6002,995,3,10127,3861173535,4591,-2754
6002,996,0,10128,3862032528,1321,-2211
6002,996,1,10129,3862891521,-6692,4956
6002,996,2,10130,3863750514,-7146,-6024
6002,996,3,10131,3864609507,-875,-6328
6002,997,0,10132,3865468500,6965,-665
6002,997,1,10133,3866327493,9072,-1736
6002,997,2,10134,3867186486,2883,4359
6002,997,3,10135,3868045479,935,3868
6002,998,0,10136,3868904472,-886,-2266
6002,998,1,10137,3869763465,-4742,-1953
6002,998,2,10138,3870622458,1010,-927
6002,998,3,10139,3871481451,1995,-227
6002,999,0,10140,3872340444,-4246,1788
6002,999,1,10141,3873199437,-2973,3089
6002,999,2,10142,3874058430,-1207,-640
6002,999,3,10143,3874917423,1637,-3028
6002,1000,0,10144,3875776416,2280,-592
6002,1000,1,10145,3876635409,-5331,684
6002,1000,2,10146,3877494402,-2585,2925
6002,1000,3,10147,3878353395,4273,-2940
6002,1001,0,10148,3879212388,-676,-9583
6002,1001,1,10149,3880071381,-1561,-355
6002,1001,2,10150,3880930374,2204,755
6002,1001,3,10151,3881789367,-814,-4854
6002,1002,0,10152,3882648360,-2530,1508
6002,1002,1,10153,3883507353,-138,1477
6002,1002,2,10154,3884366346,1937,-1611
6002,1002,3,10155,3885225339,3039,2165
6002,1003,0,10156,3886084332,-478,3877
6002,1003,1,10157,3886943325,433,6107
6002,1003,2,10158,3887802318,8655,3429
6002,1003,3,10159,3888661311,1279,-1353
6002,1004,0,10160,3889520304,-8856,-397
6002,1004,1,10161,3890379297,1867,-3306
6002,1004,2,10162,3891238290,6166,-1445
6002,1004,3,10163,3892097283,-1330,616
6002,1005,0,10164,3892956276,-2327,-7511
6002,1005,1,10165,3893815269,-6000,-284
6002,1005,2,10166,3894674262,-7167,8997
6002,1005,3,10167,3895533255,821,1242
6002,1006,0,10168,3896392248,1451,1662
6002,1006,1,10169,3897251241,-4151,88
6002,1006,2,10170,3898110234,-1824,-6643
6002,1006,3,10171,3898969227,8,-1721
6002,1007,0,10172,3899828220,-4838,-4583
6002,1007,1,10173,3900687213,94,-5771
6002,1007,2,10174,3901546206,4508,3641
6002,1007,3,10175,3902405199,-2737,2343
6002,1008,0,10176,3903264192,-486,3550
6002,1008,1,10177,3904123185,3829,4444
6002,1008,2,10178,3904982178,1017,-5524
6002,1008,3,10179,3905841171,383,-4270
6002,1009,0,10180,3906700164,-2675,1923
6002,1009,1,10181,3907559157,-4993,1137
6002,1009,2,10182,3908418150,-3806,-1523
6002,1009,3,10183,3909277143,4227,-3564
6002,1010,0,10184,3910136136,6583,1361
6002,1010,1,10185,3910995129,-9010,472
6002,1010,2,10186,3911854122,-8127,-6853
6002,1010,3,10187,3912713115,601,-2468
6002,1011,0,10188,3913572108,-3782,1003
6002,1011,1,10189,3914431101,826,-1476
6002,1011,2,10190,3915290094,-1526,-1071
6002,1011,3,10191,3916149087,-7313,-164
6002,1012,0,10192,3917008080,-1992,2942
6002,1012,1,10193,3917867073,-213,803
6002,1012,2,10194,3918726066,5502,-4243
6002,1012,3,10195,3919585059,3371,-1666
6002,1013,0,10196,3920444052,-2093,-554
6002,1013,1,10197,3921303045,1117,2334
6002,1013,2,10198,3922162038,-4444,5016
6002,1013,3,10199,3923021031,-898,-1741
6002,1014,0,10200,3923880024,1718,-1868
6002,1014,1,10201,3924739017,-7322,-232
6002,1014,2,10202,3925598010,-3234,-5578
6002,1014,3,10203,3926457003,-861,-1897
6002,1015,0,10204,3927315996,2565,3160
6002,1015,1,10205,3928174989,5030,28
6002,1015,2,10206,3929033982,-2180,-2031
6002,1015,3,10207,3929892975,1730,2758
6002,1016,0,10208,3930751968,-793,9485
6002,1016,1,10209,3931610961,-2588,3119
6002,1016,2,10210,3932469954,4824,-2903
6002,1016,3,10211,3933328947,-1867,4996
6002,1017,0,10212,3934187940,2025,4055
6002,1017,1,10213,3935046933,5654,-304
6002,1017,2,10214,3935905926,-5843,3461
6002,1017,3,10215,3936764919,-1208,1216
6002,1018,0,10216,3937623912,3107,-1750
6002,1018,1,10217,3938482905,-1526,-2306
6002,1018,2,10218,3939341898,-913,-1455
6002,1018,3,10219,3940200891,-1096,5736
6002,1019,0,10220,3941059884,-1754,6549
6002,1019,1,10221,3941918877,-2718,-1173
6002,1019,2,10222,3942777870,836,-4409
6002,1019,3,10223,3943636863,5899,-364
6002,1020,0,10224,3944495856,1776,818
6002,1020,1,10225,3945354849,-5753,-5105
6002,1020,2,10226,3946213842,-6489,-675
6002,1020,3,10227,3947072835,3532,7875
6002,1021,0,10228,3947931828,4686,871
6002,1021,1,10229,3948790821,-6138,-4785
6002,1021,2,10230,3949649814,-2495,-1322
6002,1021,3,10231,3950508807,3035,-686
6002,1022,0,10232,3951367800,-3490,-1355
6002,1022,1,10233,3952226793,-3688,-1115
6002,1022,2,10234,3953085786,1086,-944
6002,1022,3,10235,3953944779,944,-598
6002,1023,0,10236,3954803772,1505,578
6002,1023,1,10237,3955662765,1378,-71
6002,1023,2,10238,3956521758,-3942,-3183
6002,1023,3,10239,3957380751,-3282,-2059
6002,1024,0,10752,103076864,603,834
6002,1024,1,10753,103935857,-2108,-3248
6002,1024,2,10754,104794850,-1331,-4946
6002,1024,3,10755,105653843,-1165,1097
6002,1025,0,10756,106512836,-889,1185
6002,1025,1,10757,107371829,-1021,-433
6002,1025,2,10758,108230822,-993,-1097
6002,1025,3,10759,109089815,3906,895
6002,1026,0,10760,109948808,3170,1848
6002,1026,1,10761,110807801,-344,-3090
6002,1026,2,10762,111666794,1321,2512
6002,1026,3,10763,112525787,2445,7483
6002,1027,0,10764,113384780,2202,-4353
6002,1027,1,10765,114243773,-791,-8231
6002,1027,2,10766,115102766,-6366,1528
6002,1027,3,10767,115961759,-6521,4143
6002,1028,0,10768,116820752,1911,618
6002,1028,1,10769,117679745,3772,3720
6002,1028,2,10770,118538738,-4305,3491
6002,1028,3,10771,119397731,-735,-3523
6002,1029,0,10772,120256724,6649,509
6002,1029,1,10773,121115717,4337,3273
6002,1029,2,10774,121974710,1792,-2607
6002,1029,3,10775,122833703,-1249,-2047
6002,1030,0,10776,123692696,-1114,-2326
6002,1030,1,10777,124551689,210,1532
6002,1030,2,10778,125410682,-80,6069
6002,1030,3,10779,126269675,688,-3913
6002,1031,0,10780,127128668,-6581,-4209
6002,1031,1,10781,127987661,-3856,2162
6002,1031,2,10782,128846654,5114,-2576
6002,1031,3,10783,129705647,-4179,-3136
6002,1032,0,10784,130564640,-2788,-5532
6002,1032,1,10785,131423633,2996,-6513
6002,1032,2,10786,132282626,-3916,3413
6002,1032,3,10787,133141619,3954,3159
6002,1033,0,10788,134000612,5544,-175
6002,1033,1,10789,134859605,-5181,1077
6002,1033,2,10790,135718598,-317,-5668
6002,1033,3,10791,136577591,1234,-5879
6002,1034,0,10792,137436584,-1775,-352
6002,1034,1,10793,138295577,2126,-1011
6002,1034,2,10794,139154570,1098,3240
6002,1034,3,10795,140013563,306,4904
6002,1035,0,10796,140872556,676,-1500
6002,1035,1,10797,141731549,84,-3047
6002,1035,2,10798,142590542,3440,-4198
6002,1035,3,10799,143449535,267,-3266
6002,1036,0,10800,144308528,-5915,2964
6002,1036,1,10801,145167521,-3782,2354
6002,1036,2,10802,146026514,-1938,1570
6002,1036,3,10803,146885507,-884,1637
6002,1037,0,10804,147744500,438,-2598
6002,1037,1,10805,148603493,-5018,908
6002,1037,2,10806,149462486,-6928,-3108
6002,1037,3,10807,150321479,-963,-9772
6002,1038,0,10808,151180472,-984,5295
6002,1038,1,10809,152039465,-3584,4597
6002,1038,2,10810,152898458,1430,-7456
6002,1038,3,10811,153757451,5494,2718
6002,1039,0,10812,154616444,2893,1178
6002,1039,1,10813,155475437,1939,-5406
6002,1039,2,10814,156334430,1635,-1763
6002,1039,3,10815,157193423,-3387,-4274
6002,1040,0,10816,158052416,-5444,2970
6002,1040,1,10817,158911409,-2163,1683
6002,1040,2,10818,159770402,369,-6316
6002,1040,3,10819,160629395,1026,5409
6002,1041,0,10820,161488388,-243,5026
6002,1041,1,10821,162347381,-2372,1872
6002,1041,2,10822,163206374,-3380,5285
6002,1041,3,10823,164065367,-2075,-2976
6002,1042,0,10824,164924360,168,-49
6002,1042,1,10825,165783353,3930,965
6002,1042,2,10826,166642346,8618,-6016
6002,1042,3,10827,167501339,3768,-5191
6002,1043,0,10828,168360332,-1958,-7102
6002,1043,1,10829,169219325,155,-802
6002,1043,2,10830,170078318,-3975,-289
6002,1043,3,10831,170937311,-1714,-4817
6002,1044,0,10832,171796304,7743,6016
6002,1044,1,10833,172655297,1175,-1166
6002,1044,2,10834,173514290,-5672,-9234
6002,1044,3,10835,174373283,-4850,481
6002,1045,0,10836,175232276,-4126,-2979
6002,1045,1,10837,176091269,1104,-2920
6002,1045,2,10838,176950262,2438,1376
6002,1045,3,10839,177809255,-46,-2850
6002,1046,0,10840,178668248,-2210,-803
6002,1046,1,10841,179527241,-3166,2073
6002,1046,2,10842,180386234,1640,1736
6002,1046,3,10843,181245227,-694,-1407
6002,1047,0,10844,182104220,-8545,-2508
6002,1047,1,10845,182963213,-5078,2270
6002,1047,2,10846,183822206,4597,725
6002,1047,3,10847,184681199,5397,-1491
6002,1048,0,10848,185540192,-2007,-601
6002,1048,1,10849,186399185,-687,-2540
6002,1048,2,10850,187258178,2346,-437
6002,1048,3,10851,188117171,-1968,5114
6002,1049,0,10852,188976164,-197,4556
6002,1049,1,10853,189835157,858,-1767
6002,1049,2,10854,190694150,-525,-295
6002,1049,3,10855,191553143,-28,5283
6002,1050,0,10856,192412136,-2331,1624
6002,1050,1,10857,193271129,1382,-3365
6002,1050,2,10858,194130122,4155,-3105
6002,1050,3,10859,194989115,4556,4728
6002,1051,0,10860,195848108,4496,8570
6002,1051,1,10861,196707101,-7326,-2559
6002,1051,2,10862,197566094,-5051,-6955
6002,1051,3,10863,198425087,7464,-3800
6002,1052,0,10864,199284080,-1682,-3523
6002,1052,1,10865,200143073,-6318,1624
6002,1052,2,10866,201002066,-864,2203
6002,1052,3,10867,201861059,-5436,-2469
6002,1053,0,10868,202720052,-3959,-2378
6002,1053,1,10869,203579045,3182,-2493
6002,1053,2,10870,204438038,1241,-6445
6002,1053,3,10871,205297031,-424,-9431
6002,1054,0,10872,206156024,1307,-2904
6002,1054,1,10873,207015017,-872,3286
6002,1054,2,10874,207874010,-719,1194
6002,1054,3,10875,208733003,3005,3492
6002,1055,0,10876,209591996,2531,920
6002,1055,1,10877,210450989,-3289,-7460
6002,1055,2,10878,211309982,-8554,-2212
6002,1055,3,10879,212168975,-2133,2053
6002,1056,0,10880,213027968,3323,170
6002,1056,1,10881,213886961,274,4202
6002,1056,2,10882,214745954,5513,-1472
6002,1056,3,10883,215604947,1798,-8875
6002,1057,0,10884,216463940,-7021,-4255
6002,1057,1,10885,217322933,1622,-5285
6002,1057,2,10886,218181926,1694,-6206
6002,1057,3,10887,219040919,-2805,-3486
6002,1058,0,10888,219899912,1241,-1755
6002,1058,1,10889,220758905,-1713,7217
6002,1058,2,10890,221617898,-354,6588
6002,1058,3,10891,222476891,4856,347
6002,1059,0,10892,223335884,1865,2770
6002,1059,1,10893,224194877,-2803,545
6002,1059,2,10894,225053870,360,1083
6002,1059,3,10895,225912863,6738,1429
6002,1060,0,10896,226771856,-1426,-1712
6002,1060,1,10897,227630849,-5953,2045
6002,1060,2,10898,228489842,2734,222
6002,1060,3,10899,229348835,3545,720
6002,1061,0,10900,230207828,4149,1845
6002,1061,1,10901,231066821,956,-6331
6002,1061,2,10902,231925814,-5543,-2513
6002,1061,3,10903,232784807,-255,2603
6002,1062,0,10904,233643800,1241,-44
6002,1062,1,10905,234502793,-4235,2412
6002,1062,2,10906,235361786,-5857,2073
6002,1062,3,10907,236220779,3302,-499
6002,1063,0,10908,237079772,10881,1065
6002,1063,1,10909,237938765,1226,1934
6002,1063,2,10910,238797758,214,-4467
6002,1063,3,10911,239656751,1592,-5787
6002,1064,0,10912,240515744,-4818,-874
6002,1064,1,10913,241374737,5948,-7856
6002,1064,2,10914,242233730,9585,-3638
6002,1064,3,10915,243092723,2001,4750
6002,1065,0,10916,243951716,4417,-5800
6002,1065,1,10917,244810709,985,-2161
6002,1065,2,10918,245669702,1545,5162
6002,1065,3,10919,246528695,7726,3571
6002,1066,0,10920,247387688,-419,7268
6002,1066,1,10921,248246681,-7286,255
6002,1066,2,10922,249105674,-573,-3561
6002,1066,3,10923,249964667,2235,-1649
6002,1067,0,10924,250823660,-3951,-3595
6002,1067,1,10925,251682653,494,3789
6002,1067,2,10926,252541646,6194,2872
6002,1067,3,10927,253400639,-1286,-4267
6002,1068,0,10928,254259632,-2093,-4522
6002,1068,1,10929,255118625,789,-6277
6002,1068,2,10930,255977618,1686,-4901
6002,1068,3,10931,256836611,3819,-4439
6002,1069,0,10932,257695604,-3367,-3210
6002,1069,1,10933,258554597,-6710,-1430
6002,1069,2,10934,259413590,-4466,-5234
6002,1069,3,10935,260272583,-7032,-2616
6002,1070,0,10936,261131576,-4123,-48
6002,1070,1,10937,261990569,430,-602
6002,1070,2,10938,262849562,4016,670
6002,1070,3,10939,263708555,4908,-3939
6002,1071,0,10940,264567548,-1212,-4537
6002,1071,1,10941,265426541,-1394,-1231
6002,1071,2,10942,266285534,-54,-3351
6002,1071,3,10943,267144527,-2551,-3490
6002,1072,0,10944,268003520,-815,-2080
6002,1072,1,10945,268862513,-1327,-920
6002,1072,2,10946,269721506,-564,1554
6002,1072,3,10947,270580499,3138,1247
6002,1073,0,10948,271439492,-3189,-1654
6002,1073,1,10949,272298485,-6219,-2579
6002,1073,2,10950,273157478,3047,732
6002,1073,3,10951,274016471,3337,3647
6002,1074,0,10952,274875464,-2654,-1076
6002,1074,1,10953,275734457,1542,-5666
6002,1074,2,10954,276593450,3279,1002
6002,1074,3,10955,277452443,-3178,6002
6002,1075,0,10956,278311436,-1244,2504
6002,1075,1,10957,279170429,5459,1453
6002,1075,2,10958,280029422,1008,1593
6002,1075,3,10959,280888415,-2743,2622
6002,1076,0,10960,281747408,3646,2308
6002,1076,1,10961,282606401,3129,-3568
6002,1076,2,10962,283465394,-1989,-4521
6002,1076,3,10963,284324387,-564,-1140
6002,1077,0,10964,285183380,-2,-1491
6002,1077,1,10965,286042373,-571,-1524
6002,1077,2,10966,286901366,-260,2714
6002,1077,3,10967,287760359,1153,2625
6002,1078,0,10968,288619352,2936,-2405
6002,1078,1,10969,289478345,-14,483
6002,1078,2,10970,290337338,-1853,-923
6002,1078,3,10971,291196331,-861,-3791
6002,1079,0,10972,292055324,-922,8034
6002,1079,1,10973,292914317,59,8507
6002,1079,2,10974,293773310,1799,343
6002,1079,3,10975,294632303,1612,2055
6002,1080,0,10976,295491296,-2308,419
6002,1080,1,10977,296350289,-1876,-1919
6002,1080,2,10978,297209282,-546,-3927
6002,1080,3,10979,298068275,-3465,-4823
6002,1081,0,10980,298927268,2287,-1438
6002,1081,1,10981,299786261,3204,-695
6002,1081,2,10982,300645254,-3475,-131
6002,1081,3,10983,301504247,-1220,-3441
6002,1082,0,10984,302363240,-284,-3181
6002,1082,1,10985,303222233,91,2211
6002,1082,2,10986,304081226,-2275,-2150
6002,1082,3,10987,304940219,-3755,-4305
6002,1083,0,10988,305799212,3697,-503
6002,1083,1,10989,306658205,-1068,4053
6002,1083,2,10990,307517198,-1793,4795
6002,1083,3,10991,308376191,3916,-1366
6002,1084,0,10992,309235184,-4482,607
6002,1084,1,10993,310094177,-2264,1059
6002,1084,2,10994,310953170,-2234,-2563
6002,1084,3,10995,311812163,-8844,-150
6002,1085,0,10996,312671156,-17,-481
6002,1085,1,10997,313530149,670,2367
6002,1085,2,10998,314389142,-848,699
6002,1085,3,10999,315248135,4750,-3461
6002,1086,0,11000,316107128,2481,3127
6002,1086,1,11001,316966121,-1063,4152
6002,1086,2,11002,317825114,-3006,3036
6002,1086,3,11003,318684107,-1354,1881
6002,1087,0,11004,319543100,-3642,-341
6002,1087,1,11005,320402093,-4331,-459
6002,1087,2,11006,321261086,7167,-5199
6002,1087,3,11007,322120079,4165,1012
6002,1088,0,11008,322979072,-4710,3300
6002,1088,1,11009,323838065,325,-3234
6002,1088,2,11010,324697058,2471,3910
6002,1088,3,11011,325556051,-1303,450
6002,1089,0,11012,326415044,-4840,-852
6002,1089,1,11013,327274037,-3678,9470
6002,1089,2,11014,328133030,-4902,1834
6002,1089,3,11015,328992023,-5917,-3509
6002,1090,0,11016,329851016,1926,-1511
6002,1090,1,11017,330710009,173,-2472
6002,1090,2,11018,331569002,-2527,-3581
6002,1090,3,11019,332427995,-118,-5664
6002,1091,0,11020,333286988,-2630,4619
6002,1091,1,11021,334145981,5294,7900
6002,1091,2,11022,335004974,7238,-4028
6002,1091,3,11023,335863967,-1204,-1423
6002,1092,0,11024,336722960,1621,6975
6002,1092,1,11025,337581953,1134,3616
6002,1092,2,11026,338440946,-1707,-2469
6002,1092,3,11027,339299939,606,-551
6002,1093,0,11028,340158932,1386,695
6002,1093,1,11029,341017925,3838,-2749
6002,1093,2,11030,341876918,4107,1306
6002,1093,3,11031,342735911,3878,3867
6002,1094,0,11032,343594904,5017,726
6002,1094,1,11033,344453897,2718,-277
6002,1094,2,11034,345312890,18,1721
6002,1094,3,11035,346171883,-441,3002
6002,1095,0,11036,347030876,3111,-3684
6002,1095,1,11037,347889869,2971,1565
6002,1095,2,11038,348748862,-3190,11232
6002,1095,3,11039,349607855,-3549,-2369
6002,1096,0,11040,350466848,-1919,-6105
6002,1096,1,11041,351325841,-2048,3079
6002,1096,2,11042,352184834,1592,-785
6002,1096,3,11043,353043827,2564,-712
6002,1097,0,11044,353902820,57,-424
6002,1097,1,11045,354761813,1050,-4840
6002,1097,2,11046,355620806,-1467,3731
6002,1097,3,11047,356479799,-4207,9839
6002,1098,0,11048,357338792,2498,680
6002,1098,1,11049,358197785,5005,241
6002,1098,2,11050,359056778,2261,6645
6002,1098,3,11051,359915771,-91,997
6002,1099,0,11052,360774764,-5336,2182
6002,1099,1,11053,361633757,-2302,8565
6002,1099,2,11054,362492750,895,2174
6002,1099,3,11055,363351743,-909,74
6002,1100,0,11056,364210736,3271,-630
6002,1100,1,11057,365069729,229,-4501
6002,1100,2,11058,365928722,-3287,1105
6002,1100,3,11059,366787715,1833,1962
6002,1101,0,11060,367646708,2429,-763
6002,1101,1,11061,368505701,1605,4463
6002,1101,2,11062,369364694,-1670,3483
6002,1101,3,11063,370223687,-2891,-1682
6002,1102,0,11064,371082680,2201,26
6002,1102,1,11065,371941673,2663,2639
6002,1102,2,11066,372800666,2561,6140
6002,1102,3,11067,373659659,2402,5506
6002,1103,0,11068,374518652,3364,-4579
6002,1103,1,11069,375377645,8134,-3370
6002,1103,2,11070,376236638,8494,2475
6002,1103,3,11071,377095631,4764,-3765
6002,1104,0,11072,377954624,-3483,1364
6002,1104,1,11073,378813617,-4510,6878
6002,1104,2,11074,379672610,3437,-431
6002,1104,3,11075,380531603,811,3790
6002,1105,0,11076,381390596,-1014,2717
6002,1105,1,11077,382249589,-541,-6669
6002,1105,2,11078,383108582,-6172,-663
6002,1105,3,11079,383967575,-3226,856
6002,1106,0,11080,384826568,11,-5775
6002,1106,1,11081,385685561,-404,-1726
6002,1106,2,11082,386544554,2229,3780
6002,1106,3,11083,387403547,-3347,2971
6002,1107,0,11084,388262540,-8196,2795
6002,1107,1,11085,389121533,-3880,4305
6002,1107,2,11086,389980526,-620,3976
6002,1107,3,11087,390839519,2794,972
6002,1108,0,11088,391698512,1996,-2992
6002,1108,1,11089,392557505,-2200,-3073
6002,1108,2,11090,393416498,2957,-2178
6002,1108,3,11091,394275491,3186,-1975
6002,1109,0,11092,395134484,-4075,2494
6002,1109,1,11093,395993477,-586,-353
6002,1109,2,11094,396852470,955,-7897
6002,1109,3,11095,397711463,-3238,-2545
6002,1110,0,11096,398570456,-2292,3726
6002,1110,1,11097,399429449,2238,137
6002,1110,2,11098,400288442,9013,-1092
6002,1110,3,11099,401147435,4072,7053
6002,1111,0,11100,402006428,-1334,8615
6002,1111,1,11101,402865421,4738,-1055
6002,1111,2,11102,403724414,-2937,701
6002,1111,3,11103,404583407,-7186,4776
6002,1112,0,11104,405442400,1404,-2247
6002,1112,1,11105,406301393,-3575,-3288
6002,1112,2,11106,407160386,-7215,-749
6002,1112,3,11107,408019379,-676,-504
6002,1113,0,11108,408878372,4756,2006
6002,1113,1,11109,409737365,5078,3695
6002,1113,2,11110,410596358,-285,117
6002,1113,3,11111,411455351,-2206,-4520
6002,1114,0,11112,412314344,-192,1135
6002,1114,1,11113,413173337,2926,6198
6002,1114,2,11114,414032330,403,2548
6002,1114,3,11115,414891323,-2863,248
6002,1115,0,11116,415750316,3985,-639
6002,1115,1,11117,416609309,1137,3426
6002,1115,2,11118,417468302,-4220,1086
6002,1115,3,11119,418327295,2253,-8295
6002,1116,0,11120,419186288,3109,-354
6002,1116,1,11121,420045281,592,5282
6002,1116,2,11122,420904274,-1798,-3697
6002,1116,3,11123,421763267,-2168,-5052
6002,1117,0,11124,422622260,-2258,414
6002,1117,1,11125,423481253,-5759,3938
6002,1117,2,11126,424340246,-1808,-283
6002,1117,3,11127,425199239,-630,-3880
6002,1118,0,11128,426058232,3259,49
6002,1118,1,11129,426917225,9535,-1940
6002,1118,2,11130,427776218,-2751,-3878
6002,1118,3,11131,428635211,-7659,-1918
6002,1119,0,11132,429494204,-4311,564
6002,1119,1,11133,430353197,-6175,6807
6002,1119,2,11134,431212190,-2368,-1746
6002,1119,3,11135,432071183,-5477,-11740
6002,1120,0,11136,432930176,-5186,2804
6002,1120,1,11137,433789169,275,7629
6002,1120,2,11138,434648162,-3028,221
6002,1120,3,11139,435507155,-1611,4740
6002,1121,0,11140,436366148,-2019,-2932
6002,1121,1,11141,437225141,-2877,-6524
6002,1121,2,11142,438084134,2620,9970
6002,1121,3,11143,438943127,2898,4802
6002,1122,0,11144,439802120,489,-2913
6002,1122,1,11145,440661113,1178,6697
6002,1122,2,11146,441520106,6023,1503
6002,1122,3,11147,442379099,1223,-3642
6002,1123,0,11148,443238092,-7421,17
6002,1123,1,11149,444097085,-2562,-681
6002,1123,2,11150,444956078,-1413,2455
6002,1123,3,11151,445815071,-724,228
6002,1124,0,11152,446674064,28,-4218
6002,1124,1,11153,447533057,-4385,-315
6002,1124,2,11154,448392050,297,-2039
6002,1124,3,11155,449251043,-2700,-7216
6002,1125,0,11156,450110036,-5149,-6321
6002,1125,1,11157,450969029,3943,-47
6002,1125,2,11158,451828022,4137,5939
6002,1125,3,11159,452687015,7480,1739
6002,1126,0,11160,453546008,7941,-3655
6002,1126,1,11161,454405001,1458,-121
6002,1126,2,11162,455263994,1934,745
6002,1126,3,11163,456122987,-4100,29
6002,1127,0,11164,456981980,-4177,3054
6002,1127,1,11165,457840973,4097,885
6002,1127,2,11166,458699966,1504,1785
6002,1127,3,11167,459558959,546,4728
6002,1128,0,11168,460417952,3212,-1735
6002,1128,1,11169,461276945,1640,-3273
6002,1128,2,11170,462135938,-920,-2571
6002,1128,3,11171,462994931,-1489,-4850
6002,1129,0,11172,463853924,-392,-2230
6002,1129,1,11173,464712917,547,610
6002,1129,2,11174,465571910,1376,7052
6002,1129,3,11175,466430903,-1026,3999
6002,1130,0,11176,467289896,2736,-4978
6002,1130,1,11177,468148889,9480,-106
6002,1130,2,11178,469007882,2196,-2958
6002,1130,3,11179,469866875,-733,-637
6002,1131,0,11180,470725868,4516,8179
6002,1131,1,11181,471584861,1114,-3212
6002,1131,2,11182,472443854,-941,-3012
6002,1131,3,11183,473302847,-527,792
6002,1132,0,11184,474161840,-4724,-6146
6002,1132,1,11185,475020833,-2976,875
6002,1132,2,11186,475879826,7211,-303
6002,1132,3,11187,476738819,4633,-6631
6002,1133,0,11188,477597812,-7780,-865
6002,1133,1,11189,478456805,-628,449
6002,1133,2,11190,479315798,7084,-1272
6002,1133,3,11191,480174791,-1993,-3529
6002,1134,0,11192,481033784,1219,-1961
6002,1134,1,11193,481892777,7953,2688
6002,1134,2,11194,482751770,1077,-171
6002,1134,3,11195,483610763,2048,-2381
6002,1135,0,11196,484469756,5645,729
6002,1135,1,11197,485328749,-2897,1015
6002,1135,2,11198,486187742,-6920,-3800
6002,1135,3,11199,487046735,-5163,-1153
6002,1136,0,11200,487905728,-3709,5319
6002,1136,1,11201,488764721,1665,3501
6002,1136,2,11202,489623714,-1710,4180
6002,1136,3,11203,490482707,-5597,1219
6002,1137,0,11204,491341700,1549,-3902
6002,1137,1,11205,492200693,790,1530
6002,1137,2,11206,493059686,-3801,3529
6002,1137,3,11207,493918679,-6102,-161
6002,1138,0,11208,494777672,-5378,-4677
6002,1138,1,11209,495636665,1278,-3320
6002,1138,2,11210,496495658,-3219,-368
6002,1138,3,11211,497354651,-5424,-5234
6002,1139,0,11212,498213644,1080,-1359
6002,1139,1,11213,499072637,-813,-937
6002,1139,2,11214,499931630,-611,-4446
6002,1139,3,11215,500790623,-3266,1504
6002,1140,0,11216,501649616,-4788,-5668
6002,1140,1,11217,502508609,-1496,-8363
6002,1140,2,11218,503367602,-6374,-2488
6002,1140,3,11219,504226595,-74,-5124
6002,1141,0,11220,505085588,1590,1434
6002,1141,1,11221,505944581,-6704,4083
6002,1141,2,11222,506803574,4005,1257
6002,1141,3,11223,507662567,4680,1568
6002,1142,0,11224,508521560,-1829,-1965
6002,1142,1,11225,509380553,3613,2326
6002,1142,2,11226,510239546,1158,3406
6002,1142,3,11227,511098539,1145,1838
6002,1143,0,11228,511957532,-502,3354
6002,1143,1,11229,512816525,-5198,-3098
6002,1143,2,11230,513675518,1271,-1169
6002,1143,3,11231,514534511,-124,1155
6002,1144,0,11232,515393504,-3746,-5571
6002,1144,1,11233,516252497,-1882,-3124
6002,1144,2,11234,517111490,-3263,6603
6002,1144,3,11235,517970483,2414,9596
6002,1145,0,11236,518829476,3748,-2755
6002,1145,1,11237,519688469,-4649,-4091
6002,1145,2,11238,520547462,-3764,10374
6002,1145,3,11239,521406455,1929,6098
6002,1146,0,11240,522265448,2252,-1291
6002,1146,1,11241,523124441,683,-373
6002,1146,2,11242,523983434,1119,-4008
6002,1146,3,11243,524842427,1627,-4227
6002,1147,0,11244,525701420,-106,-2855
6002,1147,1,11245,526560413,248,256
6002,1147,2,11246,527419406,3126,4308
6002,1147,3,11247,528278399,4253,3848
6002,1148,0,11248,529137392,4081,4430
6002,1148,1,11249,529996385,1478,2477
6002,1148,2,11250,530855378,-2059,-2152
6002,1148,3,11251,531714371,1263,-2851
6002,1149,0,11252,532573364,3415,-3322
6002,1149,1,11253,533432357,-3616,-3700
6002,1149,2,11254,534291350,-7504,384
6002,1149,3,11255,535150343,-5704,-606
6002,1150,0,11256,536009336,-2838,-4586
6002,1150,1,11257,536868329,-1826,3753
6002,1150,2,11258,537727322,-2407,3464
6002,1150,3,11259,538586315,3602,-5947
6002,1151,0,11260,539445308,2347,974
6002,1151,1,11261,540304301,-4054,-95
6002,1151,2,11262,541163294,4819,-6635
6002,1151,3,11263,542022287,4570,3626
6002,1152,0,11264,542881280,-6236,3492
6002,1152,1,11265,543740273,-3571,-3324
6002,1152,2,11266,544599266,-907,5102
6002,1152,3,11267,545458259,327,9799
6002,1153,0,11268,546317252,2160,1342
6002,1153,1,11269,547176245,864,-2132
6002,1153,2,11270,548035238,5631,3352
6002,1153,3,11271,548894231,2491,4913
6002,1154,0,11272,549753224,-7920,3511
6002,1154,1,11273,550612217,-3663,899
6002,1154,2,11274,551471210,1690,-4389
6002,1154,3,11275,552330203,-1453,-3861
6002,1155,0,11276,553189196,2092,1198
6002,1155,1,11277,554048189,4122,1780
6002,1155,2,11278,554907182,-2662,-2000
6002,1155,3,11279,555766175,2240,-412
6002,1156,0,11280,556625168,7597,3285
6002,1156,1,11281,557484161,-3542,593
6002,1156,2,11282,558343154,-5162,1771
6002,1156,3,11283,559202147,-443,4531
6002,1157,0,11284,560061140,-1017,4962
6002,1157,1,11285,560920133,5279,2476
6002,1157,2,11286,561779126,3154,-8354
6002,1157,3,11287,562638119,-4063,-4304
6002,1158,0,11288,563497112,-2849,10305
6002,1158,1,11289,564356105,-3391,6126
6002,1158,2,11290,565215098,113,-3831
6002,1158,3,11291,566074091,792,-6208
6002,1159,0,11292,566933084,-3439,-3924
6002,1159,1,11293,567792077,990,-1897
6002,1159,2,11294,568651070,3364,-349
6002,1159,3,11295,569510063,4049,2543
6002,1160,0,11296,570369056,2742,765
6002,1160,1,11297,571228049,-215,1771
6002,1160,2,11298,572087042,6591,4291
6002,1160,3,11299,572946035,4436,4371
6002,1161,0,11300,573805028,-4090,5772
6002,1161,1,11301,574664021,-716,966
6002,1161,2,11302,575523014,4979,234
6002,1161,3,11303,576382007,10599,62
6002,1162,0,11304,577241000,6181,-4368
6002,1162,1,11305,578099993,-3452,2042
6002,1162,2,11306,578958986,1625,2309
6002,1162,3,11307,579817979,3055,1679
6002,1163,0,11308,580676972,-3555,7906
6002,1163,1,11309,581535965,-2193,-110
6002,1163,2,11310,582394958,-415,-4408
6002,1163,3,11311,583253951,-2377,-1428
6002,1164,0,11312,584112944,689,-4535
6002,1164,1,11313,584971937,7405,-1824
6002,1164,2,11314,585830930,5148,3176
6002,1164,3,11315,586689923,-1548,-660
6002,1165,0,11316,587548916,-1367,-8938
6002,1165,1,11317,588407909,113,-4174
6002,1165,2,11318,589266902,-2385,6071
6002,1165,3,11319,590125895,-9948,2301
6002,1166,0,11320,590984888,-9954,-571
6002,1166,1,11321,591843881,1946,474
6002,1166,2,11322,592702874,4177,-954
6002,1166,3,11323,593561867,-1506,518
6002,1167,0,11324,594420860,-2541,2202
6002,1167,1,11325,595279853,289,2417
6002,1167,2,11326,596138846,3030,-2226
6002,1167,3,11327,596997839,1200,-3715
6002,1168,0,11328,597856832,2855,3203
6002,1168,1,11329,598715825,3013,6524
6002,1168,2,11330,599574818,-539,3344
6002,1168,3,11331,600433811,2932,-3875
6002,1169,0,11332,601292804,-122,-4032
6002,1169,1,11333,602151797,-3108,1005
6002,1169,2,11334,603010790,227,1603
6002,1169,3,11335,603869783,-5789,3992
6002,1170,0,11336,604728776,-2977,1135
6002,1170,1,11337,605587769,4872,-1894
6002,1170,2,11338,606446762,-2566,783
6002,1170,3,11339,607305755,-5975,1148
6002,1171,0,11340,608164748,-1373,5133
6002,1171,1,11341,609023741,670,4701
6002,1171,2,11342,609882734,1386,3838
6002,1171,3,11343,610741727,-282,5075
6002,1172,0,11344,611600720,-2330,-2159
6002,1172,1,11345,612459713,-1563,404
6002,1172,2,11346,613318706,-563,1547
6002,1172,3,11347,614177699,-1032,-4490
6002,1173,0,11348,615036692,3328,705
6002,1173,1,11349,615895685,5794,-589
6002,1173,2,11350,616754678,-3846,-4150
6002,1173,3,11351,617613671,-7460,-4624
6002,1174,0,11352,618472664,-537,-7215
6002,1174,1,11353,619331657,60,522
6002,1174,2,11354,620190650,-1862,2723
6002,1174,3,11355,621049643,-1397,804
6002,1175,0,11356,621908636,-3593,3917
6002,1175,1,11357,622767629,-1222,-1869
6002,1175,2,11358,623626622,6818,-742
6002,1175,3,11359,624485615,5749,5404
6002,1176,0,11360,625344608,1828,-2900
6002,1176,1,11361,626203601,1489,-4192
6002,1176,2,11362,627062594,-3986,6730
6002,1176,3,11363,627921587,-1555,3642
6002,1177,0,11364,628780580,3650,-880
6002,1177,1,11365,629639573,-10,7543
6002,1177,2,11366,630498566,3409,4731
6002,1177,3,11367,631357559,4436,1370
6002,1178,0,11368,632216552,1760,4940
6002,1178,1,11369,633075545,4613,-2570
6002,1178,2,11370,633934538,675,-372
6002,1178,3,11371,634793531,-475,1918
6002,1179,0,11372,635652524,3667,-5816
6002,1179,1,11373,636511517,3296,794
6002,1179,2,11374,637370510,-925,-160
6002,1179,3,11375,638229503,-4991,-5797
6002,1180,0,11376,639088496,-800,-360
6002,1180,1,11377,639947489,-2116,-1425
6002,1180,2,11378,640806482,-396,513
6002,1180,3,11379,641665475,9347,-4130
6002,1181,0,11380,642524468,417,-11643
6002,1181,1,11381,643383461,1457,4598
6002,1181,2,11382,644242454,7928,9854
6002,1181,3,11383,645101447,-4321,-2807
6002,1182,0,11384,645960440,1740,-925
6002,1182,1,11385,646819433,5467,2909
6002,1182,2,11386,647678426,-558,-95
6002,1182,3,11387,648537419,7246,1499
6002,1183,0,11388,649396412,-1444,3235
6002,1183,1,11389,650255405,-7839,235
6002,1183,2,11390,651114398,2433,-1384
6002,1183,3,11391,651973391,2450,-379
6002,1184,0,11392,652832384,1675,3219
6002,1184,1,11393,653691377,789,5894
6002,1184,2,11394,654550370,-3221,-577
6002,1184,3,11395,655409363,-5872,-2992
6002,1185,0,11396,656268356,-506,573
6002,1185,1,11397,657127349,8168,-1679
6002,1185,2,11398,657986342,-1203,4064
6002,1185,3,11399,658845335,-1355,7413
6002,1186,0,11400,659704328,9506,-1848
6002,1186,1,11401,660563321,2171,1313
6002,1186,2,11402,661422314,-268,4858
6002,1186,3,11403,662281307,-1438,-858
6002,1187,0,11404,663140300,-5623,3401
6002,1187,1,11405,663999293,-291,2883
6002,1187,2,11406,664858286,-2188,-4334
6002,1187,3,11407,665717279,-2905,-2889
6002,1188,0,11408,666576272,-963,-5945
6002,1188,1,11409,667435265,2030,-5956
6002,1188,2,11410,668294258,10049,3709
6002,1188,3,11411,669153251,1953,2080
6002,1189,0,11412,670012244,-3574,-890
6002,1189,1,11413,670871237,283,1577
6002,1189,2,11414,671730230,-3480,-1563
6002,1189,3,11415,672589223,958,-683
6002,1190,0,11416,673448216,859,759
6002,1190,1,11417,674307209,-4531,-227
6002,1190,2,11418,675166202,1789,-1341
6002,1190,3,11419,676025195,2869,-9994
6002,1191,0,11420,676884188,170,-8183
6002,1191,1,11421,677743181,1333,880
6002,1191,2,11422,678602174,4055,-1283
6002,1191,3,11423,679461167,1600,1001
6002,1192,0,11424,680320160,-7610,3843
6002,1192,1,11425,681179153,-2797,2206
6002,1192,2,11426,682038146,4054,3960
6002,1192,3,11427,682897139,-289,2898
6002,1193,0,11428,683756132,-1529,4469
6002,1193,1,11429,684615125,-5164,1375
6002,1193,2,11430,685474118,-5491,-5568
6002,1193,3,11431,686333111,-2436,-525
6002,1194,0,11432,687192104,-5983,-570
6002,1194,1,11433,688051097,-1763,1242
6002,1194,2,11434,688910090,3105,10353
6002,1194,3,11435,689769083,-1120,393
6002,1195,0,11436,690628076,-2292,-6448
6002,1195,1,11437,691487069,-1865,3532
6002,1195,2,11438,692346062,-1960,5426
6002,1195,3,11439,693205055,1198,2023
6002,1196,0,11440,694064048,3219,977
6002,1196,1,11441,694923041,1930,2522
6002,1196,2,11442,695782034,739,3194
6002,1196,3,11443,696641027,-3596,363
6002,1197,0,11444,697500020,-3900,2223
6002,1197,1,11445,698359013,5619,991
6002,1197,2,11446,699218006,3097,-3421
6002,1197,3,11447,700076999,-4608,-229
6002,1198,0,11448,700935992,-1266,2592
6002,1198,1,11449,701794985,-3415,4585
6002,1198,2,11450,702653978,-6812,2663
6002,1198,3,11451,703512971,-6991,-2697
6002,1199,0,11452,704371964,-5767,1760
6002,1199,1,11453,705230957,1033,1452
6002,1199,2,11454,706089950,-1051,-3630
6002,1199,3,11455,706948943,-3897,1781
6002,1200,0,11456,707807936,-188,3597
6002,1200,1,11457,708666929,-3960,3459
6002,1200,2,11458,709525922,-7711,3484
6002,1200,3,11459,710384915,-3751,-1693
6002,1201,0,11460,711243908,3826,447
6002,1201,1,11461,712102901,2787,-1330
6002,1201,2,11462,712961894,-249,-5104
6002,1201,3,11463,713820887,7867,4526
6002,1202,0,11464,714679880,5318,1991
6002,1202,1,11465,715538873,-152,-8229
6002,1202,2,11466,716397866,6554,-2169
6002,1202,3,11467,717256859,4561,1098
6002,1203,0,11468,718115852,-3492,-4477
6002,1203,1,11469,718974845,-5095,-3992
6002,1203,2,11470,719833838,1775,-942
6002,1203,3,11471,720692831,5325,-3887
6002,1204,0,11472,721551824,36,-4246
6002,1204,1,11473,722410817,1818,2591
6002,1204,2,11474,723269810,2803,3055
6002,1204,3,11475,724128803,847,-1070
6002,1205,0,11476,724987796,620,-4206
6002,1205,1,11477,725846789,-925,-3935
6002,1205,2,11478,726705782,4939,3181
6002,1205,3,11479,727564775,4033,-150
6002,1206,0,11480,728423768,-1889,-2116
6002,1206,1,11481,729282761,-201,7228
6002,1206,2,11482,730141754,1186,1245
6002,1206,3,11483,731000747,4246,-86
6002,1207,0,11484,731859740,-2301,4362
6002,1207,1,11485,732718733,-2960,-7260
6002,1207,2,11486,733577726,6707,-4216
6002,1207,3,11487,734436719,-1778,836
6002,1208,0,11488,735295712,1083,-5306
6002,1208,1,11489,736154705,7022,2532
6002,1208,2,11490,737013698,-1433,2146
6002,1208,3,11491,737872691,5306,-4444
6002,1209,0,11492,738731684,1001,-1486
6002,1209,1,11493,739590677,-5933,-4349
6002,1209,2,11494,740449670,3547,-2371
6002,1209,3,11495,741308663,-1573,2129
6002,1210,0,11496,742167656,-2568,-81
6002,1210,1,11497,743026649,3592,-182
6002,1210,2,11498,743885642,-731,-132
6002,1210,3,11499,744744635,-955,2982
6002,1211,0,11500,745603628,4370,4711
6002,1211,1,11501,746462621,5300,2509
6002,1211,2,11502,747321614,-6740,-107
6002,1211,3,11503,748180607,-10347,-5870
6002,1212,0,11504,749039600,2774,-2287
6002,1212,1,11505,749898593,1109,1034
6002,1212,2,11506,750757586,-6041,-2672
6002,1212,3,11507,751616579,-2548,2449
6002,1213,0,11508,752475572,-2191,-1052
6002,1213,1,11509,753334565,-5073,-5547
6002,1213,2,11510,754193558,2058,4097
6002,1213,3,11511,755052551,11626,2521
6002,1214,0,11512,755911544,5832,-403
6002,1214,1,11513,756770537,1501,2356
6002,1214,2,11514,757629530,3223,-2622
6002,1214,3,11515,758488523,2555,-2980
6002,1215,0,11516,759347516,7457,-2545
6002,1215,1,11517,760206509,1584,-3988
6002,1215,2,11518,761065502,-6216,-1111
6002,1215,3,11519,761924495,-1909,274
6002,1216,0,11520,762783488,-1624,3585
6002,1216,1,11521,763642481,2681,54
6002,1216,2,11522,764501474,3768,-5624
6002,1216,3,11523,765360467,-408,2637
6002,1217,0,11524,766219460,3722,6561
6002,1217,1,11525,767078453,3137,4750
6002,1217,2,11526,767937446,-515,58
6002,1217,3,11527,768796439,-5344,-9170
6002,1218,0,11528,769655432,-5018,-2245
6002,1218,1,11529,770514425,3441,1684
6002,1218,2,11530,771373418,2098,-4904
6002,1218,3,11531,772232411,3911,2007
6002,1219,0,11532,773091404,5521,2762
6002,1219,1,11533,773950397,-522,-2738
6002,1219,2,11534,774809390,2774,-3406
6002,1219,3,11535,775668383,996,-5220
6002,1220,0,11536,776527376,-2815,3173
6002,1220,1,11537,777386369,801,5500
6002,1220,2,11538,778245362,1263,1515
6002,1220,3,11539,779104355,1677,6178
6002,1221,0,11540,779963348,-2570,-220
6002,1221,1,11541,780822341,-3180,-5308
6002,1221,2,11542,781681334,3771,-2287
6002,1221,3,11543,782540327,3438,-2346
6002,1222,0,11544,783399320,1672,2956
6002,1222,1,11545,784258313,2155,3101
6002,1222,2,11546,785117306,3881,4412
6002,1222,3,11547,785976299,2008,10061
6002,1223,0,11548,786835292,-1633,6396
6002,1223,1,11549,787694285,1435,4416
6002,1223,2,11550,788553278,-1829,-823
6002,1223,3,11551,789412271,-199,-2906
6002,1224,0,11552,790271264,9080,3376
6002,1224,1,11553,791130257,1675,1360
6002,1224,2,11554,791989250,-2370,4408
6002,1224,3,11555,792848243,3423,2043
6002,1225,0,11556,793707236,326,-8223
6002,1225,1,11557,794566229,-4578,-1463
6002,1225,2,11558,795425222,-6610,-1451
6002,1225,3,11559,796284215,-2581,-8169
6002,1226,0,11560,797143208,1144,-797
6002,1226,1,11561,798002201,-3613,4074
6002,1226,2,11562,798861194,-2826,2146
6002,1226,3,11563,799720187,1688,1448
6002,1227,0,11564,800579180,-243,2576
6002,1227,1,11565,801438173,-2343,171
6002,1227,2,11566,802297166,-3387,-1490
6002,1227,3,11567,803156159,-3008,-57
6002,1228,0,11568,804015152,297,-6097
6002,1228,1,11569,804874145,-1195,-5207
6002,1228,2,11570,805733138,-3260,2131
6002,1228,3,11571,806592131,-2,458
6002,1229,0,11572,807451124,-1782,1203
6002,1229,1,11573,808310117,-3015,699
6002,1229,2,11574,809169110,-286,-2930
6002,1229,3,11575,810028103,-2987,-1241
6002,1230,0,11576,810887096,-2678,29
6002,1230,1,11577,811746089,-2085,-1807
6002,1230,2,11578,812605082,-3144,-4280
6002,1230,3,11579,813464075,-314,928
6002,1231,0,11580,814323068,-3914,3082
6002,1231,1,11581,815182061,-2030,-5193
6002,1231,2,11582,816041054,2417,-4645
6002,1231,3,11583,816900047,-5690,-1249
6002,1232,0,11584,817759040,-1435,-549
6002,1232,1,11585,818618033,5926,-274
6002,1232,2,11586,819477026,-1913,-3475
6002,1232,3,11587,820336019,-2043,-776
6002,1233,0,11588,821195012,2826,-1370
6002,1233,1,11589,822054005,2796,-605
6002,1233,2,11590,822912998,1708,7572
6002,1233,3,11591,823771991,126,3852
6002,1234,0,11592,824630984,2070,2549
6002,1234,1,11593,825489977,911,5639
6002,1234,2,11594,826348970,-1285,3420
6002,1234,3,11595,827207963,2468,5358
6002,1235,0,11596,828066956,1369,-8
6002,1235,1,11597,828925949,-2842,-3675
6002,1235,2,11598,829784942,-2510,-1006
6002,1235,3,11599,830643935,-512,-5964
6002,1236,0,11600,831502928,690,-3058
6002,1236,1,11601,832361921,-1893,2400
6002,1236,2,11602,833220914,-4532,2701
6002,1236,3,11603,834079907,-3761,3534
6002,1237,0,11604,834938900,-2104,-3622
6002,1237,1,11605,835797893,1775,-4716
6002,1237,2,11606,836656886,1847,1062
6002,1237,3,11607,837515879,-3849,-1581
6002,1238,0,11608,838374872,-2680,-2133
6002,1238,1,11609,839233865,43,-410
6002,1238,2,11610,840092858,-5315,-1505
6002,1238,3,11611,840951851,-6635,-971
6002,1239,0,11612,841810844,-3259,451
6002,1239,1,11613,842669837,-2551,-1504
6002,1239,2,11614,843528830,-718,-4142
6002,1239,3,11615,844387823,-1178,2149
6002,1240,0,11616,845246816,-162,1459
6002,1240,1,11617,846105809,4721,-9366
6002,1240,2,11618,846964802,1064,-427
6002,1240,3,11619,847823795,854,9742
6002,1241,0,11620,848682788,6046,310
6002,1241,1,11621,849541781,-2108,-1904
6002,1241,2,11622,850400774,-5332,2207
6002,1241,3,11623,851259767,807,1636
6002,1242,0,11624,852118760,-1251,1817
6002,1242,1,11625,852977753,-604,-1545
6002,1242,2,11626,853836746,510,-1604
6002,1242,3,11627,854695739,-1350,3745
6002,1243,0,11628,855554732,1355,2681
6002,1243,1,11629,856413725,-1685,6
6002,1243,2,11630,857272718,-1664,-1363
6002,1243,3,11631,858131711,6064,-1659
6002,1244,0,11632,858990704,4710,5287
6002,1244,1,11633,859849697,1232,7864
6002,1244,2,11634,860708690,922,667
6002,1244,3,11635,861567683,1667,-1064
6002,1245,0,11636,862426676,6987,-1043
6002,1245,1,11637,863285669,6832,-4067
6002,1245,2,11638,864144662,-297,-658
6002,1245,3,11639,865003655,672,-683
6002,1246,0,11640,865862648,8592,-5001
6002,1246,1,11641,866721641,5815,-607
6002,1246,2,11642,867580634,-3839,1832
6002,1246,3,11643,868439627,-5302,895
6002,1247,0,11644,869298620,-5252,877
6002,1247,1,11645,870157613,-5044,-4768
6002,1247,2,11646,871016606,-1168,-4497
6002,1247,3,11647,871875599,1739,1220
6002,1248,0,11648,872734592,2300,830
6002,1248,1,11649,873593585,-3418,300
6002,1248,2,11650,874452578,-4382,-3
6002,1248,3,11651,875311571,1377,-2958
6002,1249,0,11652,876170564,-1916,-7748
6002,1249,1,11653,877029557,-2986,-6086
6002,1249,2,11654,877888550,-253,1515
6002,1249,3,11655,878747543,-7,-362
6002,1250,0,11656,879606536,5139,180
6002,1250,1,11657,880465529,3237,4395
6002,1250,2,11658,881324522,-2452,-155
6002,1250,3,11659,882183515,-524,-962
6002,1251,0,11660,883042508,-388,-3798
6002,1251,1,11661,883901501,235,-3632
6002,1251,2,11662,884760494,2046,4381
6002,1251,3,11663,885619487,-82,-52
6002,1252,0,11664,886478480,-2446,317
6002,1252,1,11665,887337473,-1965,2626
6002,1252,2,11666,888196466,-615,-3172
6002,1252,3,11667,889055459,-3304,3125
6002,1253,0,11668,889914452,-2238,-611
6002,1253,1,11669,890773445,2052,-7682
6002,1253,2,11670,891632438,-2873,1761
6002,1253,3,11671,892491431,-3079,829
6002,1254,0,11672,893350424,4370,-2435
6002,1254,1,11673,894209417,762,-3313
6002,1254,2,11674,895068410,-1877,-4300
6002,1254,3,11675,895927403,6058,1353
6002,1255,0,11676,896786396,6372,-4188
6002,1255,1,11677,897645389,2052,-1703
6002,1255,2,11678,898504382,2017,6011
6002,1255,3,11679,899363375,-2268,-6683
6002,1256,0,11680,900222368,-4272,-5543
6002,1256,1,11681,901081361,-2016,3491
6002,1256,2,11682,901940354,-1328,887
6002,1256,3,11683,902799347,3520,2542
6002,1257,0,11684,903658340,1761,-1444
6002,1257,1,11685,904517333,-4834,446
6002,1257,2,11686,905376326,-1728,8086
6002,1257,3,11687,906235319,-1730,-1136
6002,1258,0,11688,907094312,-4028,-4676
6002,1258,1,11689,907953305,926,-323
6002,1258,2,11690,908812298,4066,-199
6002,1258,3,11691,909671291,906,3045
6002,1259,0,11692,910530284,-2960,-1487
6002,1259,1,11693,911389277,-1317,-5243
6002,1259,2,11694,912248270,-1060,4039
6002,1259,3,11695,913107263,1040,5035
6002,1260,0,11696,913966256,9196,-3040
6002,1260,1,11697,914825249,2954,-3710
6002,1260,2,11698,915684242,-5274,-2429
6002,1260,3,11699,916543235,1759,-4273
6002,1261,0,11700,917402228,4367,-820
6002,1261,1,11701,918261221,2057,4440
6002,1261,2,11702,919120214,358,552
6002,1261,3,11703,919979207,-1180,-5366
6002,1262,0,11704,920838200,2792,-2058
6002,1262,1,11705,921697193,3061,5084
6002,1262,2,11706,922556186,-2269,4970
6002,1262,3,11707,923415179,-1841,-732
6002,1263,0,11708,924274172,5150,-1355
6002,1263,1,11709,925133165,6671,902
6002,1263,2,11710,925992158,260,-4836
6002,1263,3,11711,926851151,661,-9268
6002,1264,0,11712,927710144,1748,-529
6002,1264,1,11713,928569137,-5009,4185
6002,1264,2,11714,929428130,-4239,1258
6002,1264,3,11715,930287123,1841,4158
6002,1265,0,11716,931146116,3289,567
6002,1265,1,11717,932005109,3118,-3726
6002,1265,2,11718,932864102,1205,4163
6002,1265,3,11719,933723095,-705,6577
6002,1266,0,11720,934582088,-2325,5309
6002,1266,1,11721,935441081,-1035,2445
6002,1266,2,11722,936300074,5999,-4503
6002,1266,3,11723,937159067,5212,-1595
6002,1267,0,11724,938018060,-1200,143
6002,1267,1,11725,938877053,1652,-2149
6002,1267,2,11726,939736046,3405,1794
6002,1267,3,11727,940595039,-1696,2631
6002,1268,0,11728,941454032,-4830,238
6002,1268,1,11729,942313025,-5159,-1679
6002,1268,2,11730,943172018,-3322,741
6002,1268,3,11731,944031011,-339,2780
6002,1269,0,11732,944890004,1532,503
6002,1269,1,11733,945748997,-1869,3892
6002,1269,2,11734,946607990,-6764,996
6002,1269,3,11735,947466983,-4829,737
6002,1270,0,11736,948325976,-1102,9309
6002,1270,1,11737,949184969,2130,1972
6002,1270,2,11738,950043962,-2318,1443
6002,1270,3,11739,950902955,-10609,7588
6002,1271,0,11740,951761948,-4114,1332
6002,1271,1,11741,952620941,-2314,2832
6002,1271,2,11742,953479934,-5917,-652
6002,1271,3,11743,954338927,1237,-2967
6002,1272,0,11744,955197920,-396,6391
6002,1272,1,11745,956056913,-2308,1659
6002,1272,2,11746,956915906,-91,-1323
6002,1272,3,11747,957774899,-2657,1111
6002,1273,0,11748,958633892,-432,-2799
6002,1273,1,11749,959492885,-1441,-1887
6002,1273,2,11750,960351878,378,-589
6002,1273,3,11751,961210871,-1302,-471
6002,1274,0,11752,962069864,-7001,-4016
6002,1274,1,11753,962928857,3321,-5485
6002,1274,2,11754,963787850,-2299,-1585
6002,1274,3,11755,964646843,-8201,-6763
6002,1275,0,11756,965505836,3293,-4717
6002,1275,1,11757,966364829,-4571,2809
6002,1275,2,11758,967223822,-4295,-1381
6002,1275,3,11759,968082815,-2262,487
6002,1276,0,11760,968941808,-9273,6494
6002,1276,1,11761,969800801,3775,3045
6002,1276,2,11762,970659794,2582,-907
6002,1276,3,11763,971518787,-63,4066
6002,1277,0,11764,972377780,7440,4963
6002,1277,1,11765,973236773,-4108,-2447
6002,1277,2,11766,974095766,-1971,652
6002,1277,3,11767,974954759,4153,1883
6002,1278,0,11768,975813752,-1543,-1502
6002,1278,1,11769,976672745,3211,2695
6002,1278,2,11770,977531738,2984,576
6002,1278,3,11771,978390731,-1804,1106
6002,1279,0,11772,979249724,-1539,2900
6002,1279,1,11773,980108717,2305,-1663
6002,1279,2,11774,980967710,1852,595
6002,1279,3,11775,981826703,-5150,-374
6002,1280,0,11776,982685696,-632,812
6002,1280,1,11777,983544689,1631,4900
6002,1280,2,11778,984403682,-1033,-1649
6002,1280,3,11779,985262675,1044,-2644
6002,1281,0,11780,986121668,-2431,2206
6002,1281,1,11781,986980661,-628,2021
6002,1281,2,11782,987839654,-1293,-2750
6002,1281,3,11783,988698647,-3403,-2449
6002,1282,0,11784,989557640,1835,1125
6002,1282,1,11785,990416633,-2847,-3561
6002,1282,2,11786,991275626,-147,2070
6002,1282,3,11787,992134619,3383,3378
6002,1283,0,11788,992993612,-6642,-5989
6002,1283,1,11789,993852605,-3926,1062
6002,1283,2,11790,994711598,243,-2726
6002,1283,3,11791,995570591,-3881,-2909
6002,1284,0,11792,996429584,-4011,10587
6002,1284,1,11793,997288577,85,2312
6002,1284,2,11794,998147570,2396,3822
6002,1284,3,11795,999006563,-1597,5122
6002,1285,0,11796,999865556,3761,-4353
6002,1285,1,11797,1000724549,8574,6283
6002,1285,2,11798,1001583542,2102,1838
6002,1285,3,11799,1002442535,4498,-4569
6002,1286,0,11800,1003301528,5616,5796
6002,1286,1,11801,1004160521,777,1146
6002,1286,2,11802,1005019514,478,-511
6002,1286,3,11803,1005878507,2184,932
6002,1287,0,11804,1006737500,2819,-271
6002,1287,1,11805,1007596493,-423,2849
6002,1287,2,11806,1008455486,1305,-237
6002,1287,3,11807,1009314479,-1040,2645
6002,1288,0,11808,1010173472,-6097,1958
6002,1288,1,11809,1011032465,2572,-1930
6002,1288,2,11810,1011891458,2089,5574
6002,1288,3,11811,1012750451,-2175,2940
6002,1289,0,11812,1013609444,-278,4315
6002,1289,1,11813,1014468437,-4741,12151
6002,1289,2,11814,1015327430,-828,2602
6002,1289,3,11815,1016186423,-2436,-1579
6002,1290,0,11816,1017045416,-8751,3360
6002,1290,1,11817,1017904409,474,4862
6002,1290,2,11818,1018763402,701,6801
6002,1290,3,11819,1019622395,-3312,2770
6002,1291,0,11820,1020481388,-865,-1361
6002,1291,1,11821,1021340381,-2611,1013
6002,1291,2,11822,1022199374,100,3403
6002,1291,3,11823,1023058367,2897,4586
6002,1292,0,11824,1023917360,959,4740
6002,1292,1,11825,1024776353,-2132,2291
6002,1292,2,11826,1025635346,-2578,-2858
6002,1292,3,11827,1026494339,1676,-2130
6002,1293,0,11828,1027353332,157,1198
6002,1293,1,11829,1028212325,263,-5444
6002,1293,2,11830,1029071318,2887,-6923
6002,1293,3,11831,1029930311,-2115,1606
6002,1294,0,11832,1030789304,-4573,3561
6002,1294,1,11833,1031648297,-6201,2303
6002,1294,2,11834,1032507290,-4332,-143
6002,1294,3,11835,1033366283,2844,-3940
6002,1295,0,11836,1034225276,-1359,-3048
6002,1295,1,11837,1035084269,-4484,-760
6002,1295,2,11838,1035943262,-175,4418
6002,1295,3,11839,1036802255,-2823,5885
6002,1296,0,11840,1037661248,82,-1824
6002,1296,1,11841,1038520241,8820,-2923
6002,1296,2,11842,1039379234,4623,-1443
6002,1296,3,11843,1040238227,-2517,-6243
6002,1297,0,11844,1041097220,45,-5325
6002,1297,1,11845,1041956213,1163,1604
6002,1297,2,11846,1042815206,-4258,3423
6002,1297,3,11847,1043674199,-5681,-1714
6002,1298,0,11848,1044533192,1307,-3213
6002,1298,1,11849,1045392185,5491,-178
6002,1298,2,11850,1046251178,-623,-211
6002,1298,3,11851,1047110171,-4809,-900
6002,1299,0,11852,1047969164,-280,-4435
6002,1299,1,11853,1048828157,3708,-2757
6002,1299,2,11854,1049687150,3652,4514
6002,1299,3,11855,1050546143,2868,-3777
6002,1300,0,11856,1051405136,682,-9662
6002,1300,1,11857,1052264129,-5136,232
6002,1300,2,11858,1053123122,-3654,2022
6002,1300,3,11859,1053982115,5406,-15
6002,1301,0,11860,1054841108,2171,2502
6002,1301,1,11861,1055700101,-3175,-128
6002,1301,2,11862,1056559094,-808,-3989
6002,1301,3,11863,1057418087,85,-977
6002,1302,0,11864,1058277080,5524,2752
6002,1302,1,11865,1059136073,1527,1397
6002,1302,2,11866,1059995066,-7411,3666
6002,1302,3,11867,1060854059,758,4795
6002,1303,0,11868,1061713052,966,-2063
6002,1303,1,11869,1062572045,-3331,-2786
6002,1303,2,11870,1063431038,-533,1505
6002,1303,3,11871,1064290031,-2887,2814
6002,1304,0,11872,1065149024,6424,2775
6002,1304,1,11873,1066008017,7036,553
6002,1304,2,11874,1066867010,-6323,-474
6002,1304,3,11875,1067726003,1145,-2409
6002,1305,0,11876,1068584996,2490,-7207
6002,1305,1,11877,1069443989,-2803,-5538
6002,1305,2,11878,1070302982,4629,760
6002,1305,3,11879,1071161975,3023,-1555
6002,1306,0,11880,1072020968,1284,-4835
6002,1306,1,11881,1072879961,-45,3188
6002,1306,2,11882,1073738954,-1000,3219
6002,1306,3,11883,1074597947,6940,-3881
6002,1307,0,11884,1075456940,1143,2019
6002,1307,1,11885,1076315933,-2215,3972
6002,1307,2,11886,1077174926,3225,-185
6002,1307,3,11887,1078033919,-2061,2551
6002,1308,0,11888,1078892912,296,2449
6002,1308,1,11889,1079751905,71,67
6002,1308,2,11890,1080610898,-4750,-904
6002,1308,3,11891,1081469891,3463,-1123
6002,1309,0,11892,1082328884,3776,-559
6002,1309,1,11893,1083187877,1062,271
6002,1309,2,11894,1084046870,754,2339
6002,1309,3,11895,1084905863,-5057,-2055
6002,1310,0,11896,1085764856,-1440,-4936
6002,1310,1,11897,1086623849,353,-83
6002,1310,2,11898,1087482842,-1407,618
6002,1310,3,11899,1088341835,6634,1395
6002,1311,0,11900,1089200828,7981,-51
6002,1311,1,11901,1090059821,2528,-2063
6002,1311,2,11902,1090918814,1082,4247
6002,1311,3,11903,1091777807,551,3387
6002,1312,0,11904,1092636800,-1371,-2024
6002,1312,1,11905,1093495793,-1611,-1385
6002,1312,2,11906,1094354786,4646,25
6002,1312,3,11907,1095213779,5863,3714
6002,1313,0,11908,1096072772,444,5306
6002,1313,1,11909,1096931765,438,5359
6002,1313,2,11910,1097790758,-830,4172
6002,1313,3,11911,1098649751,-844,-5785
6002,1314,0,11912,1099508744,2731,-9559
6002,1314,1,11913,1100367737,497,-820
6002,1314,2,11914,1101226730,711,126
6002,1314,3,11915,1102085723,2259,-7623
6002,1315,0,11916,1102944716,-710,-7029
6002,1315,1,11917,1103803709,620,-1878
6002,1315,2,11918,1104662702,-874,-730
6002,1315,3,11919,1105521695,-7925,742
6002,1316,0,11920,1106380688,-6284,-3263
6002,1316,1,11921,1107239681,114,-6286
6002,1316,2,11922,1108098674,1731,1277
6002,1316,3,11923,1108957667,409,1635
6002,1317,0,11924,1109816660,-2932,-653
6002,1317,1,11925,1110675653,-3297,2230
6002,1317,2,11926,1111534646,1429,-890
6002,1317,3,11927,1112393639,1646,205
6002,1318,0,11928,1113252632,-1453,1660
6002,1318,1,11929,1114111625,-1784,-379
6002,1318,2,11930,1114970618,-826,5711
6002,1318,3,11931,1115829611,2364,1574
6002,1319,0,11932,1116688604,-1789,-5783
6002,1319,1,11933,1117547597,-9652,1572
6002,1319,2,11934,1118406590,152,-1136
6002,1319,3,11935,1119265583,7915,-6882
6002,1320,0,11936,1120124576,-1375,516
6002,1320,1,11937,1120983569,-1793,1671
6002,1320,2,11938,1121842562,4192,-324
6002,1320,3,11939,1122701555,2086,2102
6002,1321,0,11940,1123560548,365,3270
6002,1321,1,11941,1124419541,2575,6192
6002,1321,2,11942,1125278534,2768,4781
6002,1321,3,11943,1126137527,386,-143
6002,1322,0,11944,1126996520,2727,2072
6002,1322,1,11945,1127855513,2480,3342
6002,1322,2,11946,1128714506,-1484,-1529
6002,1322,3,11947,1129573499,4134,-2882
6002,1323,0,11948,1130432492,4028,1148
6002,1323,1,11949,1131291485,-2499,4515
6002,1323,2,11950,1132150478,-1502,5057
6002,1323,3,11951,1133009471,-1859,2426
6002,1324,0,11952,1133868464,2794,-1422
6002,1324,1,11953,1134727457,5906,-973
6002,1324,2,11954,1135586450,1594,2185
6002,1324,3,11955,1136445443,4262,1849
6002,1325,0,11956,1137304436,-330,-1329
6002,1325,1,11957,1138163429,-5801,-1073
6002,1325,2,11958,1139022422,-2998,2087
6002,1325,3,11959,1139881415,-5689,505
6002,1326,0,11960,1140740408,-2980,-1379
6002,1326,1,11961,1141599401,-3764,827
6002,1326,2,11962,1142458394,-7760,209
6002,1326,3,11963,1143317387,-102,-2859
6002,1327,0,11964,1144176380,632,-3077
6002,1327,1,11965,1145035373,1255,1789
6002,1327,2,11966,1145894366,3839,998
6002,1327,3,11967,1146753359,-1194,-5811
6002,1328,0,11968,1147612352,885,1256
6002,1328,1,11969,1148471345,2612,5208
6002,1328,2,11970,1149330338,3907,-3487
6002,1328,3,11971,1150189331,5533,688
6002,1329,0,11972,1151048324,-2024,4553
6002,1329,1,11973,1151907317,-822,533
6002,1329,2,11974,1152766310,4922,1994
6002,1329,3,11975,1153625303,2265,1576
6002,1330,0,11976,1154484296,631,2603
6002,1330,1,11977,1155343289,1938,2590
6002,1330,2,11978,1156202282,2910,-444
6002,1330,3,11979,1157061275,65,3094
6002,1331,0,11980,1157920268,-727,2024
6002,1331,1,11981,1158779261,-443,115
6002,1331,2,11982,1159638254,-1262,3684
6002,1331,3,11983,1160497247,5341,-124
6002,1332,0,11984,1161356240,5836,-1789
6002,1332,1,11985,1162215233,796,2902
6002,1332,2,11986,1163074226,2278,2916
6002,1332,3,11987,1163933219,411,2313
6002,1333,0,11988,1164792212,-2437,870
6002,1333,1,11989,1165651205,-1819,-1280
6002,1333,2,11990,1166510198,-1384,3268
6002,1333,3,11991,1167369191,-3059,4505
6002,1334,0,11992,1168228184,491,-1305
6002,1334,1,11993,1169087177,8553,490
6002,1334,2,11994,1169946170,3034,6049
6002,1334,3,11995,1170805163,2545,4077
6002,1335,0,11996,1171664156,7890,-2341
6002,1335,1,11997,1172523149,-2823,-2814
6002,1335,2,11998,1173382142,-3689,3382
6002,1335,3,11999,1174241135,-1731,-1288
6002,1336,0,12000,1175100128,-5508,-7969
6002,1336,1,12001,1175959121,2866,-523
6002,1336,2,12002,1176818114,1249,1570
6002,1336,3,12003,1177677107,-4633,-303
6002,1337,0,12004,1178536100,-5797,3158
6002,1337,1,12005,1179395093,-10246,531
6002,1337,2,12006,1180254086,-5232,-2675
6002,1337,3,12007,1181113079,-3536,-1325
6002,1338,0,12008,1181972072,-3276,-893
6002,1338,1,12009,1182831065,1427,-3910
6002,1338,2,12010,1183690058,1288,-4218
6002,1338,3,12011,1184549051,5927,1775
6002,1339,0,12012,1185408044,846,2437
6002,1339,1,12013,1186267037,-6401,-104
6002,1339,2,12014,1187126030,-1780,-851
6002,1339,3,12015,1187985023,-5528,578
6002,1340,0,12016,1188844016,-2382,3509
6002,1340,1,12017,1189703009,4814,-2250
6002,1340,2,12018,1190562002,2618,-3527
6002,1340,3,12019,1191420995,2782,-169
6002,1341,0,12020,1192279988,-4037,-4671
6002,1341,1,12021,1193138981,-2908,-3296
6002,1341,2,12022,1193997974,4237,-3241
6002,1341,3,12023,1194856967,-2479,-2921
6002,1342,0,12024,1195715960,3411,4311
6002,1342,1,12025,1196574953,10204,2922
6002,1342,2,12026,1197433946,70,513
6002,1342,3,12027,1198292939,-5377,-1871
6002,1343,0,12028,1199151932,-7276,-1992
6002,1343,1,12029,1200010925,-2455,1045
6002,1343,2,12030,1200869918,4523,-5037
6002,1343,3,12031,1201728911,-713,-2585
6002,1344,0,12032,1202587904,-3075,2456
6002,1344,1,12033,1203446897,204,1918
6002,1344,2,12034,1204305890,2608,5750
6002,1344,3,12035,1205164883,3475,-2517
6002,1345,0,12036,1206023876,630,-7854
6002,1345,1,12037,1206882869,2259,-3210
6002,1345,2,12038,1207741862,1748,-3770
6002,1345,3,12039,1208600855,-2653,-874
6002,1346,0,12040,1209459848,-1046,-5752
6002,1346,1,12041,1210318841,-5307,-10647
6002,1346,2,12042,1211177834,-4478,-986
6002,1346,3,12043,1212036827,6626,3550
6002,1347,0,12044,1212895820,1559,1864
6002,1347,1,12045,1213754813,-1746,3073
6002,1347,2,12046,1214613806,4078,5197
6002,1347,3,12047,1215472799,-1275,-820
6002,1348,0,12048,1216331792,1534,-3252
6002,1348,1,12049,1217190785,8237,8583
6002,1348,2,12050,1218049778,1764,6506
6002,1348,3,12051,1218908771,-3737,-4518
6002,1349,0,12052,1219767764,-5643,-3076
6002,1349,1,12053,1220626757,-2655,1660
6002,1349,2,12054,1221485750,308,676
6002,1349,3,12055,1222344743,-708,-3526
6002,1350,0,12056,1223203736,711,2469
6002,1350,1,12057,1224062729,-1676,2049
6002,1350,2,12058,1224921722,1425,-4022
6002,1350,3,12059,1225780715,5676,4679
6002,1351,0,12060,1226639708,1194,-1336
6002,1351,1,12061,1227498701,3000,-6237
6002,1351,2,12062,1228357694,-1727,1918
6002,1351,3,12063,1229216687,-4183,-6183
6002,1352,0,12064,1230075680,4876,-2356
6002,1352,1,12065,1230934673,-372,1929
6002,1352,2,12066,1231793666,2435,-7539
6002,1352,3,12067,1232652659,7765,1081
6002,1353,0,12068,1233511652,-3662,3304
6002,1353,1,12069,1234370645,-962,-4137
6002,1353,2,12070,1235229638,-1499,-842
6002,1353,3,12071,1236088631,-6956,1975
6002,1354,0,12072,1236947624,2516,1310
6002,1354,1,12073,1237806617,-848,-3946
6002,1354,2,12074,1238665610,-4299,-4003
6002,1354,3,12075,1239524603,4042,-72
6002,1355,0,12076,1240383596,3924,-1637
6002,1355,1,12077,1241242589,828,-1084
6002,1355,2,12078,1242101582,-3652,-1965
6002,1355,3,12079,1242960575,-2959,-1124
6002,1356,0,12080,1243819568,4107,-1080
6002,1356,1,12081,1244678561,2456,-6118
6002,1356,2,12082,1245537554,476,-1952
6002,1356,3,12083,1246396547,5124,3956
6002,1357,0,12084,1247255540,5199,2282
6002,1357,1,12085,1248114533,-2188,-4150
6002,1357,2,12086,1248973526,488,-6886
6002,1357,3,12087,1249832519,8013,-1880
6002,1358,0,12088,1250691512,-3240,-4664
6002,1358,1,12089,1251550505,-6324,-6510
6002,1358,2,12090,1252409498,5008,-1016
6002,1358,3,12091,1253268491,603,-3029
6002,1359,0,12092,1254127484,-1375,-3598
6002,1359,1,12093,1254986477,2565,3219
6002,1359,2,12094,1255845470,-1478,8332
6002,1359,3,12095,1256704463,-2377,4689
6002,1360,0,12096,1257563456,-3440,1068
6002,1360,1,12097,1258422449,-767,4215
6002,1360,2,12098,1259281442,3777,124
6002,1360,3,12099,1260140435,-1661,-643
6002,1361,0,12100,1260999428,-285,6023
6002,1361,1,12101,1261858421,4335,6112
6002,1361,2,12102,1262717414,-903,7258
6002,1361,3,12103,1263576407,-3603,4439
6002,1362,0,12104,1264435400,-2201,1865
6002,1362,1,12105,1265294393,1357,4409
6002,1362,2,12106,1266153386,2553,-3844
6002,1362,3,12107,1267012379,-2344,-5202
6002,1363,0,12108,1267871372,-1195,4327
6002,1363,1,12109,1268730365,534,3574
6002,1363,2,12110,1269589358,-3277,70
6002,1363,3,12111,1270448351,-2919,-1249
6002,1364,0,12112,1271307344,-1739,-2879
6002,1364,1,12113,1272166337,-2256,-663
6002,1364,2,12114,1273025330,-4776,3236
6002,1364,3,12115,1273884323,-2964,2677
6002,1365,0,12116,1274743316,6814,633
6002,1365,1,12117,1275602309,-105,1182
6002,1365,2,12118,1276461302,-10799,-460
6002,1365,3,12119,1277320295,-770,2015
6002,1366,0,12120,1278179288,2025,5658
6002,1366,1,12121,1279038281,1109,2232
6002,1366,2,12122,1279897274,6749,3951
6002,1366,3,12123,1280756267,-61,5343
6002,1367,0,12124,1281615260,-3955,2582
6002,1367,1,12125,1282474253,-2738,994
6002,1367,2,12126,1283333246,-4837,-2954
6002,1367,3,12127,1284192239,-1449,3254
6002,1368,0,12128,1285051232,-1850,8322
6002,1368,1,12129,1285910225,-1364,-1305
6002,1368,2,12130,1286769218,245,-4246
6002,1368,3,12131,1287628211,-1182,-1075
6002,1369,0,12132,1288487204,7889,-2180
6002,1369,1,12133,1289346197,8980,-5242
6002,1369,2,12134,1290205190,860,-2064
6002,1369,3,12135,1291064183,1336,4336
6002,1370,0,12136,1291923176,-947,-646
6002,1370,1,12137,1292782169,426,-1097
6002,1370,2,12138,1293641162,2372,2987
6002,1370,3,12139,1294500155,-1598,114
6002,1371,0,12140,1295359148,1742,3245
6002,1371,1,12141,1296218141,-2496,-1381
6002,1371,2,12142,1297077134,-6070,-8826
6002,1371,3,12143,1297936127,5273,-3434
6002,1372,0,12144,1298795120,5999,-531
6002,1372,1,12145,1299654113,3515,2104
6002,1372,2,12146,1300513106,4739,1053
6002,1372,3,12147,1301372099,-2723,992
6002,1373,0,12148,1302231092,-1912,6288
6002,1373,1,12149,1303090085,1186,1183
6002,1373,2,12150,1303949078,-4642,1456
6002,1373,3,12151,1304808071,-1807,-1781
6002,1374,0,12152,1305667064,-550,-9668
6002,1374,1,12153,1306526057,-6851,3139
6002,1374,2,12154,1307385050,-3642,2167
6002,1374,3,12155,1308244043,-384,-8330
6002,1375,0,12156,1309103036,-431,631
6002,1375,1,12157,1309962029,4346,4955
6002,1375,2,12158,1310821022,1352,2980
6002,1375,3,12159,1311680015,-5907,686
6002,1376,0,12160,1312539008,-3532,-831
6002,1376,1,12161,1313398001,-236,-2468
6002,1376,2,12162,1314256994,742,-2699
6002,1376,3,12163,1315115987,1703,7656
6002,1377,0,12164,1315974980,-2780,2196
6002,1377,1,12165,1316833973,-3237,-6653
6002,1377,2,12166,1317692966,229,518
6002,1377,3,12167,1318551959,-4166,-4582
6002,1378,0,12168,1319410952,468,-1914
6002,1378,1,12169,1320269945,3784,3497
6002,1378,2,12170,1321128938,-11503,-5257
6002,1378,3,12171,1321987931,-4816,-280
6002,1379,0,12172,1322846924,11182,-3272
6002,1379,1,12173,1323705917,1701,-10076
6002,1379,2,12174,1324564910,-400,510
6002,1379,3,12175,1325423903,1902,1700
6002,1380,0,12176,1326282896,546,686
6002,1380,1,12177,1327141889,6848,3410
6002,1380,2,12178,1328000882,383,857
6002,1380,3,12179,1328859875,-1581,-2999
6002,1381,0,12180,1329718868,4734,-4986
6002,1381,1,12181,1330577861,-1742,932
6002,1381,2,12182,1331436854,194,-746
6002,1381,3,12183,1332295847,1355,-5104
6002,1382,0,12184,1333154840,-5222,-489
6002,1382,1,12185,1334013833,-2420,-3962
6002,1382,2,12186,1334872826,-5425,-2139
6002,1382,3,12187,1335731819,-7309,1867
6002,1383,0,12188,1336590812,-46,-3754
6002,1383,1,12189,1337449805,-3147,2404
6002,1383,2,12190,1338308798,-5541,5521
6002,1383,3,12191,1339167791,3696,-2475
6002,1384,0,12192,1340026784,2360,-2486
6002,1384,1,12193,1340885777,-6653,-4241
6002,1384,2,12194,1341744770,-960,-6791
6002,1384,3,12195,1342603763,2112,724
6002,1385,0,12196,1343462756,-2911,4447
6002,1385,1,12197,1344321749,-436,1552
6002,1385,2,12198,1345180742,-2181,2475
6002,1385,3,12199,1346039735,-521,70
6002,1386,0,12200,1346898728,7125,-1256
6002,1386,1,12201,1347757721,6318,6092
6002,1386,2,12202,1348616714,4969,2705
6002,1386,3,12203,1349475707,-856,-5761
6002,1387,0,12204,1350334700,-1503,-3052
6002,1387,1,12205,1351193693,4606,-105
6002,1387,2,12206,1352052686,-1361,927
6002,1387,3,12207,1352911679,-7,1614
6002,1388,0,12208,1353770672,2666,1727
6002,1388,1,12209,1354629665,-4849,1523
6002,1388,2,12210,1355488658,-4062,-398
6002,1388,3,12211,1356347651,-4722,508
6002,1389,0,12212,1357206644,-4637,2595
6002,1389,1,12213,1358065637,359,6074
6002,1389,2,12214,1358924630,-127,2679
6002,1389,3,12215,1359783623,636,-5188
6002,1390,0,12216,1360642616,-367,3165
6002,1390,1,12217,1361501609,-2443,6594
6002,1390,2,12218,1362360602,-1610,174
6002,1390,3,12219,1363219595,-209,3260
6002,1391,0,12220,1364078588,3938,-875
6002,1391,1,12221,1364937581,3034,-3796
6002,1391,2,12222,1365796574,-3108,1345
6002,1391,3,12223,1366655567,-7065,-1314
6002,1392,0,12224,1367514560,-3808,-1978
6002,1392,1,12225,1368373553,3305,-2078
6002,1392,2,12226,1369232546,1411,-3485
6002,1392,3,12227,1370091539,-2414,315
6002,1393,0,12228,1370950532,-1508,3005
6002,1393,1,12229,1371809525,-131,1587
6002,1393,2,12230,1372668518,-104,-4283
6002,1393,3,12231,1373527511,-938,-1770
6002,1394,0,12232,1374386504,3005,9507
6002,1394,1,12233,1375245497,219,10208
6002,1394,2,12234,1376104490,-5297,3806
6002,1394,3,12235,1376963483,4018,-1137
6002,1395,0,12236,1377822476,8999,-876
6002,1395,1,12237,1378681469,1021,1338
6002,1395,2,12238,1379540462,-4345,-4207
6002,1395,3,12239,1380399455,-56,-7626
6002,1396,0,12240,1381258448,4226,-1784
6002,1396,1,12241,1382117441,1969,1952
6002,1396,2,12242,1382976434,4374,-683
6002,1396,3,12243,1383835427,646,2098
6002,1397,0,12244,1384694420,-6787,5392
6002,1397,1,12245,1385553413,-2380,-2547
6002,1397,2,12246,1386412406,-2638,-1006
6002,1397,3,12247,1387271399,-1129,3848
6002,1398,0,12248,1388130392,2711,-7066
6002,1398,1,12249,1388989385,-2670,-10257
6002,1398,2,12250,1389848378,-1453,-4768
6002,1398,3,12251,1390707371,-759,932
6002,1399,0,12252,1391566364,-4587,5386
6002,1399,1,12253,1392425357,-5329,-3223
6002,1399,2,12254,1393284350,-5782,-5332
6002,1399,3,12255,1394143343,-1664,644
6002,1400,0,12256,1395002336,-1417,-2469
6002,1400,1,12257,1395861329,-3462,-3298
6002,1400,2,12258,1396720322,-491,-3346
6002,1400,3,12259,1397579315,1595,-1426
6002,1401,0,12260,1398438308,4650,2367
6002,1401,1,12261,1399297301,5821,-2296
6002,1401,2,12262,1400156294,3685,-1053
6002,1401,3,12263,1401015287,-5102,4795
6002,1402,0,12264,1401874280,-9286,5299
6002,1402,1,12265,1402733273,5172,2877
6002,1402,2,12266,1403592266,7320,-5114
6002,1402,3,12267,1404451259,-3700,-4507
6002,1403,0,12268,1405310252,-4559,2208
6002,1403,1,12269,1406169245,-4282,1545
6002,1403,2,12270,1407028238,-445,5440
6002,1403,3,12271,1407887231,298,3579
6002,1404,0,12272,1408746224,-5054,-6554
6002,1404,1,12273,1409605217,-152,-2272
6002,1404,2,12274,1410464210,2594,2087
6002,1404,3,12275,1411323203,-2740,-3557
6002,1405,0,12276,1412182196,-1676,-1732
6002,1405,1,12277,1413041189,4100,457
6002,1405,2,12278,1413900182,3838,-2718
6002,1405,3,12279,1414759175,30,3771
6002,1406,0,12280,1415618168,-1452,8541
6002,1406,1,12281,1416477161,-5375,-1205
6002,1406,2,12282,1417336154,-4636,-4632
6002,1406,3,12283,1418195147,1854,-1362
6002,1407,0,12284,1419054140,-1832,-1763
6002,1407,1,12285,1419913133,-9578,2096
6002,1407,2,12286,1420772126,-4722,2135
6002,1407,3,12287,1421631119,4101,2643
6002,1408,0,12288,1422490112,-1849,6904
6002,1408,1,12289,1423349105,-4640,-3536
6002,1408,2,12290,1424208098,5244,-6305
6002,1408,3,12291,1425067091,1090,3905
6002,1409,0,12292,1425926084,-1522,-2035
6002,1409,1,12293,1426785077,4877,-4955
6002,1409,2,12294,1427644070,-2765,3186
6002,1409,3,12295,1428503063,-3188,2693
6002,1410,0,12296,1429362056,5143,1621
6002,1410,1,12297,1430221049,1992,5380
6002,1410,2,12298,1431080042,1476,7367
6002,1410,3,12299,1431939035,4477,2594
6002,1411,0,12300,1432798028,2379,-4128
6002,1411,1,12301,1433657021,2452,-1926
6002,1411,2,12302,1434516014,2592,1465
6002,1411,3,12303,1435375007,-2765,-823
6002,1412,0,12304,1436234000,-5298,-2864
6002,1412,1,12305,1437092993,-4777,-3174
6002,1412,2,12306,1437951986,-4945,-1969
6002,1412,3,12307,1438810979,-309,-177
6002,1413,0,12308,1439669972,2793,-600
6002,1413,1,12309,1440528965,3696,-2618
6002,1413,2,12310,1441387958,3609,-2071
6002,1413,3,12311,1442246951,193,-754
6002,1414,0,12312,1443105944,696,-2501
6002,1414,1,12313,1443964937,-6385,-368
6002,1414,2,12314,1444823930,-9128,6202
6002,1414,3,12315,1445682923,5110,3498
6002,1415,0,12316,1446541916,1747,-4311
6002,1415,1,12317,1447400909,-9895,24
6002,1415,2,12318,1448259902,-5596,4789
6002,1415,3,12319,1449118895,3492,1054
6002,1416,0,12320,1449977888,6322,2259
6002,1416,1,12321,1450836881,-1089,405
6002,1416,2,12322,1451695874,820,-1519
6002,1416,3,12323,1452554867,4283,4275
6002,1417,0,12324,1453413860,-3127,1313
6002,1417,1,12325,1454272853,-2063,-657
6002,1417,2,12326,1455131846,-3587,-284
6002,1417,3,12327,1455990839,-3144,-2929
6002,1418,0,12328,1456849832,2355,1289
6002,1418,1,12329,1457708825,-2672,-4150
6002,1418,2,12330,1458567818,-2204,-3573
6002,1418,3,12331,1459426811,-2306,7503
6002,1419,0,12332,1460285804,-1781,-1189
6002,1419,1,12333,1461144797,4984,-1190
6002,1419,2,12334,1462003790,3981,5565
6002,1419,3,12335,1462862783,8473,-609
6002,1420,0,12336,1463721776,6672,3245
6002,1420,1,12337,1464580769,-653,3536
6002,1420,2,12338,1465439762,4459,-503
6002,1420,3,12339,1466298755,1108,557
6002,1421,0,12340,1467157748,1051,-1381
6002,1421,1,12341,1468016741,6409,3968
6002,1421,2,12342,1468875734,1149,3030
6002,1421,3,12343,1469734727,2903,-2056
6002,1422,0,12344,1470593720,5858,4061
6002,1422,1,12345,1471452713,1659,5874
6002,1422,2,12346,1472311706,-2484,4553
6002,1422,3,12347,1473170699,-1677,-389
6002,1423,0,12348,1474029692,3400,-2462
6002,1423,1,12349,1474888685,197,5725
6002,1423,2,12350,1475747678,-3630,2686
6002,1423,3,12351,1476606671,-3804,-752
6002,1424,0,12352,1477465664,-4241,4905
6002,1424,1,12353,1478324657,2389,4720
6002,1424,2,12354,1479183650,5387,5771
6002,1424,3,12355,1480042643,-270,3058
6002,1425,0,12356,1480901636,-2097,-5291
6002,1425,1,12357,1481760629,1803,-2572
6002,1425,2,12358,1482619622,-100,-1086
6002,1425,3,12359,1483478615,-4564,-7046
6002,1426,0,12360,1484337608,1601,-1664
6002,1426,1,12361,1485196601,3911,1063
6002,1426,2,12362,1486055594,-512,-7179
6002,1426,3,12363,1486914587,-280,720
6002,1427,0,12364,1487773580,2754,7327
6002,1427,1,12365,1488632573,5286,-6123
6002,1427,2,12366,1489491566,-1482,-7064
6002,1427,3,12367,1490350559,-115,3100
6002,1428,0,12368,1491209552,7120,3065
6002,1428,1,12369,1492068545,-638,706
6002,1428,2,12370,1492927538,3151,170
6002,1428,3,12371,1493786531,2838,-1871
6002,1429,0,12372,1494645524,-9039,-2362
6002,1429,1,12373,1495504517,797,554
6002,1429,2,12374,1496363510,2326,-2857
6002,1429,3,12375,1497222503,-2231,-9214
6002,1430,0,12376,1498081496,4150,-3878
6002,1430,1,12377,1498940489,-3623,1980
6002,1430,2,12378,1499799482,-7174,403
6002,1430,3,12379,1500658475,-726,-380
6002,1431,0,12380,1501517468,2258,-169
6002,1431,1,12381,1502376461,5068,249
6002,1431,2,12382,1503235454,2718,258
6002,1431,3,12383,1504094447,2769,-2395
6002,1432,0,12384,1504953440,891,-3540
6002,1432,1,12385,1505812433,-4717,635
6002,1432,2,12386,1506671426,-2101,-1018
6002,1432,3,12387,1507530419,-1866,-3753
6002,1433,0,12388,1508389412,-1931,4800
6002,1433,1,12389,1509248405,981,3981
6002,1433,2,12390,1510107398,-1198,-1691
6002,1433,3,12391,1510966391,-242,-1443
6002,1434,0,12392,1511825384,1587,-8597
6002,1434,1,12393,1512684377,-3527,-6822
6002,1434,2,12394,1513543370,-6775,-2547
6002,1434,3,12395,1514402363,-926,-3833
6002,1435,0,12396,1515261356,7395,3434
6002,1435,1,12397,1516120349,7659,840
6002,1435,2,12398,1516979342,1903,-790
6002,1435,3,12399,1517838335,1385,4172
6002,1436,0,12400,1518697328,4081,-1065
6002,1436,1,12401,1519556321,-43,758
6002,1436,2,12402,1520415314,-2031,1974
6002,1436,3,12403,1521274307,1291,2316
6002,1437,0,12404,1522133300,1811,7197
6002,1437,1,12405,1522992293,3229,-2082
6002,1437,2,12406,1523851286,-2940,-5467
6002,1437,3,12407,1524710279,-6780,508
6002,1438,0,12408,1525569272,2703,-1191
6002,1438,1,12409,1526428265,-5367,-1626
6002,1438,2,12410,1527287258,-10308,-85
6002,1438,3,12411,1528146251,7032,1182
6002,1439,0,12412,1529005244,3339,1235
6002,1439,1,12413,1529864237,-4197,2729
6002,1439,2,12414,1530723230,531,2989
6002,1439,3,12415,1531582223,-7462,1612
6002,1440,0,12416,1532441216,-1441,5717
6002,1440,1,12417,1533300209,12727,2417
6002,1440,2,12418,1534159202,2275,1866
6002,1440,3,12419,1535018195,-5076,7661
6002,1441,0,12420,1535877188,515,4317
6002,1441,1,12421,1536736181,3745,6951
6002,1441,2,12422,1537595174,4436,1712
6002,1441,3,12423,1538454167,-467,-9720
6002,1442,0,12424,1539313160,-850,-3146
6002,1442,1,12425,1540172153,3916,-345
6002,1442,2,12426,1541031146,719,1682
6002,1442,3,12427,1541890139,-2399,6551
6002,1443,0,12428,1542749132,155,2291
6002,1443,1,12429,1543608125,5430,857
6002,1443,2,12430,1544467118,4026,832
6002,1443,3,12431,1545326111,-5265,727
6002,1444,0,12432,1546185104,-423,-3100
6002,1444,1,12433,1547044097,7485,-4226
6002,1444,2,12434,1547903090,-14,4357
6002,1444,3,12435,1548762083,-3601,-258
6002,1445,0,12436,1549621076,-362,-4019
6002,1445,1,12437,1550480069,464,2836
6002,1445,2,12438,1551339062,-2568,237
6002,1445,3,12439,1552198055,-6728,-1310
6002,1446,0,12440,1553057048,-1053,465
6002,1446,1,12441,1553916041,4924,1025
6002,1446,2,12442,1554775034,-43,305
6002,1446,3,12443,1555634027,-4831,-4012
6002,1447,0,12444,1556493020,-3116,-4115
6002,1447,1,12445,1557352013,655,531
6002,1447,2,12446,1558211006,2502,6808
6002,1447,3,12447,1559069999,4067,2655
6002,1448,0,12448,1559928992,1832,-1915
6002,1448,1,12449,1560787985,-2860,8140
6002,1448,2,12450,1561646978,44,3019
6002,1448,3,12451,1562505971,-145,-4852
6002,1449,0,12452,1563364964,-8022,3414
6002,1449,1,12453,1564223957,-7839,-2210
6002,1449,2,12454,1565082950,-1161,-9004
6002,1449,3,12455,1565941943,-684,-2136
6002,1450,0,12456,1566800936,-3047,3139
6002,1450,1,12457,1567659929,3264,2512
6002,1450,2,12458,1568518922,7419,-2870
6002,1450,3,12459,1569377915,487,481
6002,1451,0,12460,1570236908,-1414,4564
6002,1451,1,12461,1571095901,1130,-3575
6002,1451,2,12462,1571954894,1383,-3403
6002,1451,3,12463,1572813887,3520,1375
6002,1452,0,12464,1573672880,2408,-2672
6002,1452,1,12465,1574531873,-1630,-2469
6002,1452,2,12466,1575390866,-3701,1580
6002,1452,3,12467,1576249859,-3217,4821
6002,1453,0,12468,1577108852,-691,8632
6002,1453,1,12469,1577967845,-2055,3975
6002,1453,2,12470,1578826838,-4212,-1230
6002,1453,3,12471,1579685831,1773,-34
6002,1454,0,12472,1580544824,5594,-1433
6002,1454,1,12473,1581403817,-36,3338
6002,1454,2,12474,1582262810,2162,5819
6002,1454,3,12475,1583121803,6597,-1118
6002,1455,0,12476,1583980796,-2384,1652
6002,1455,1,12477,1584839789,-3873,147
6002,1455,2,12478,1585698782,-429,-3437
6002,1455,3,12479,1586557775,-5556,6065
6002,1456,0,12480,1587416768,-465,3712
6002,1456,1,12481,1588275761,2476,-5544
6002,1456,2,12482,1589134754,-4491,-7623
6002,1456,3,12483,1589993747,1263,-8713
6002,1457,0,12484,1590852740,3610,-4388
6002,1457,1,12485,1591711733,-5928,-972
6002,1457,2,12486,1592570726,-6581,-971
6002,1457,3,12487,1593429719,-3214,-1931
6002,1458,0,12488,1594288712,-567,-2127
6002,1458,1,12489,1595147705,2342,2388
6002,1458,2,12490,1596006698,-2965,2477
6002,1458,3,12491,1596865691,-4721,-456
6002,1459,0,12492,1597724684,142,-2542
6002,1459,1,12493,1598583677,-2353,-1294
6002,1459,2,12494,1599442670,-261,3457
6002,1459,3,12495,1600301663,4306,-1330
6002,1460,0,12496,1601160656,-195,-3325
6002,1460,1,12497,1602019649,152,899
6002,1460,2,12498,1602878642,-2327,-332
6002,1460,3,12499,1603737635,-7734,4340
6002,1461,0,12500,1604596628,-801,5709
6002,1461,1,12501,1605455621,-944,334
6002,1461,2,12502,1606314614,-6997,-555
6002,1461,3,12503,1607173607,-1466,-4792
6002,1462,0,12504,1608032600,-1274,-2254
6002,1462,1,12505,1608891593,-8500,6501
6002,1462,2,12506,1609750586,-3255,2340
6002,1462,3,12507,1610609579,4433,-2210
6002,1463,0,12508,1611468572,397,-160
6002,1463,1,12509,1612327565,59,-2661
6002,1463,2,12510,1613186558,369,-1737
6002,1463,3,12511,1614045551,-2480,2743
6002,1464,0,12512,1614904544,6390,356
6002,1464,1,12513,1615763537,3170,2857
6002,1464,2,12514,1616622530,-10101,5858
6002,1464,3,12515,1617481523,-2248,-2494
6002,1465,0,12516,1618340516,2804,-3923
6002,1465,1,12517,1619199509,-2801,1166
6002,1465,2,12518,1620058502,-1673,406
6002,1465,3,12519,1620917495,-400,-2703
6002,1466,0,12520,1621776488,-1939,-4684
6002,1466,1,12521,1622635481,-4703,-2807
6002,1466,2,12522,1623494474,-2277,-3659
6002,1466,3,12523,1624353467,1719,-4397
6002,1467,0,12524,1625212460,-1015,-1172
6002,1467,1,12525,1626071453,384,-723
6002,1467,2,12526,1626930446,2814,1047
6002,1467,3,12527,1627789439,-3784,-209
6002,1468,0,12528,1628648432,-7160,147
6002,1468,1,12529,1629507425,1676,817
6002,1468,2,12530,1630366418,2122,-8007
6002,1468,3,12531,1631225411,-8961,-3185
6002,1469,0,12532,1632084404,-3830,3686
6002,1469,1,12533,1632943397,5519,-1280
6002,1469,2,12534,1633802390,4093,1567
6002,1469,3,12535,1634661383,2353,-776
6002,1470,0,12536,1635520376,991,-2239
6002,1470,1,12537,1636379369,4858,4871
6002,1470,2,12538,1637238362,-570,5203
6002,1470,3,12539,1638097355,-8273,5897
6002,1471,0,12540,1638956348,2018,4481
6002,1471,1,12541,1639815341,-115,1374
6002,1471,2,12542,1640674334,-4399,-1432
6002,1471,3,12543,1641533327,3055,-1111
6002,1472,0,12544,1642392320,-2039,5378
6002,1472,1,12545,1643251313,-2006,-3787
6002,1472,2,12546,1644110306,3274,-8226
6002,1472,3,12547,1644969299,1512,4085
6002,1473,0,12548,1645828292,1227,3446
6002,1473,1,12549,1646687285,-1489,1776
6002,1473,2,12550,1647546278,-2202,3661
6002,1473,3,12551,1648405271,-3762,2053
6002,1474,0,12552,1649264264,-3642,-1635
6002,1474,1,12553,1650123257,2184,-5456
6002,1474,2,12554,1650982250,-469,994
6002,1474,3,12555,1651841243,-2459,-67
6002,1475,0,12556,1652700236,470,-102
6002,1475,1,12557,1653559229,2323,8535
6002,1475,2,12558,1654418222,3034,1534
6002,1475,3,12559,1655277215,-469,2455
6002,1476,0,12560,1656136208,515,4493
6002,1476,1,12561,1656995201,359,-4132
6002,1476,2,12562,1657854194,-4206,2918
6002,1476,3,12563,1658713187,-3666,2033
6002,1477,0,12564,1659572180,-423,-3707
6002,1477,1,12565,1660431173,5098,2579
6002,1477,2,12566,1661290166,2644,1676
6002,1477,3,12567,1662149159,-2165,456
6002,1478,0,12568,1663008152,3153,-508
6002,1478,1,12569,1663867145,3636,335
6002,1478,2,12570,1664726138,982,3335
6002,1478,3,12571,1665585131,-115,-3276
6002,1479,0,12572,1666444124,831,-2571
6002,1479,1,12573,1667303117,5528,2171
6002,1479,2,12574,1668162110,3940,-438
6002,1479,3,12575,1669021103,2322,1346
6002,1480,0,12576,1669880096,163,2340
6002,1480,1,12577,1670739089,-2389,-1057
6002,1480,2,12578,1671598082,-776,-1659
6002,1480,3,12579,1672457075,-8260,2037
6002,1481,0,12580,1673316068,-7559,2872
6002,1481,1,12581,1674175061,3886,-99
6002,1481,2,12582,1675034054,1351,1569
6002,1481,3,12583,1675893047,-465,132
6002,1482,0,12584,1676752040,1608,-3438
6002,1482,1,12585,1677611033,-2828,-472
6002,1482,2,12586,1678470026,-2567,920
6002,1482,3,12587,1679329019,1618,178
6002,1483,0,12588,1680188012,1445,-365
6002,1483,1,12589,1681047005,1244,266
6002,1483,2,12590,1681905998,4872,815
6002,1483,3,12591,1682764991,2688,-3912
6002,1484,0,12592,1683623984,-3135,-2965
6002,1484,1,12593,1684482977,-1866,3304
6002,1484,2,12594,1685341970,-1792,-585
6002,1484,3,12595,1686200963,-2752,-4933
6002,1485,0,12596,1687059956,-2120,1822
6002,1485,1,12597,1687918949,-5035,4558
6002,1485,2,12598,1688777942,-1779,-2931
6002,1485,3,12599,1689636935,5112,-2890
6002,1486,0,12600,1690495928,1696,2308
6002,1486,1,12601,1691354921,-4356,-2336
6002,1486,2,12602,1692213914,-1460,-2773
6002,1486,3,12603,1693072907,4031,5393
6002,1487,0,12604,1693931900,2388,2684
6002,1487,1,12605,1694790893,-1981,-2734
6002,1487,2,12606,1695649886,-1367,929
6002,1487,3,12607,1696508879,1218,1060
6002,1488,0,12608,1697367872,2216,278
6002,1488,1,12609,1698226865,4010,1613
6002,1488,2,12610,1699085858,3261,-773
6002,1488,3,12611,1699944851,1536,1048
6002,1489,0,12612,1700803844,4696,57
6002,1489,1,12613,1701662837,2609,-5726
6002,1489,2,12614,1702521830,-1638,-3727
6002,1489,3,12615,1703380823,477,-565
6002,1490,0,12616,1704239816,1062,3984
6002,1490,1,12617,1705098809,4268,6172
6002,1490,2,12618,1705957802,6173,3040
6002,1490,3,12619,1706816795,3039,6151
6002,1491,0,12620,1707675788,3940,2473
6002,1491,1,12621,1708534781,3362,-4794
6002,1491,2,12622,1709393774,4335,-2841
6002,1491,3,12623,1710252767,5889,-2311
6002,1492,0,12624,1711111760,4898,915
6002,1492,1,12625,1711970753,4452,196
6002,1492,2,12626,1712829746,-4309,-5296
6002,1492,3,12627,1713688739,-3794,454
6002,1493,0,12628,1714547732,4457,2944
6002,1493,1,12629,1715406725,1048,-2572
6002,1493,2,12630,1716265718,3592,-321
6002,1493,3,12631,1717124711,1548,7125
6002,1494,0,12632,1717983704,-6941,2196
6002,1494,1,12633,1718842697,-5363,-6609
6002,1494,2,12634,1719701690,-5383,-226
6002,1494,3,12635,1720560683,1851,-1487
6002,1495,0,12636,1721419676,4534,-5709
6002,1495,1,12637,1722278669,-5096,-770
6002,1495,2,12638,1723137662,1165,-10186
6002,1495,3,12639,1723996655,6150,-7699
6002,1496,0,12640,1724855648,2033,4455
6002,1496,1,12641,1725714641,5217,-2968
6002,1496,2,12642,1726573634,4277,-1307
6002,1496,3,12643,1727432627,-2176,-712
6002,1497,0,12644,1728291620,-3712,-10283
6002,1497,1,12645,1729150613,-330,-3324
6002,1497,2,12646,1730009606,-567,6188
6002,1497,3,12647,1730868599,-1295,4699
6002,1498,0,12648,1731727592,-263,-1214
6002,1498,1,12649,1732586585,-2460,889
6002,1498,2,12650,1733445578,3800,4753
6002,1498,3,12651,1734304571,5901,-2485
6002,1499,0,12652,1735163564,-2810,-3567
6002,1499,1,12653,1736022557,-1571,-3259
6002,1499,2,12654,1736881550,-889,-2595
6002,1499,3,12655,1737740543,-516,6274
6002,1500,0,12656,1738599536,2010,961
6002,1500,1,12657,1739458529,-3044,-6178
6002,1500,2,12658,1740317522,-1138,-82
6002,1500,3,12659,1741176515,162,2851
6002,1501,0,12660,1742035508,-3144,-1125
6002,1501,1,12661,1742894501,-1532,-4621
6002,1501,2,12662,1743753494,-6297,1965
6002,1501,3,12663,1744612487,-6573,3437
6002,1502,0,12664,1745471480,1395,-1635
6002,1502,1,12665,1746330473,4069,1860
6002,1502,2,12666,1747189466,5597,-3170
6002,1502,3,12667,1748048459,4723,-2874
6002,1503,0,12668,1748907452,5853,5757
6002,1503,1,12669,1749766445,8159,-3928
6002,1503,2,12670,1750625438,69,-5706
6002,1503,3,12671,1751484431,-4140,769
6002,1504,0,12672,1752343424,-983,-3179
6002,1504,1,12673,1753202417,-1465,2573
6002,1504,2,12674,1754061410,4250,7746
6002,1504,3,12675,1754920403,8040,1350
6002,1505,0,12676,1755779396,-1515,-2226
6002,1505,1,12677,1756638389,-4124,-2052
6002,1505,2,12678,1757497382,-980,991
6002,1505,3,12679,1758356375,-2970,1654
6002,1506,0,12680,1759215368,2493,-1982
6002,1506,1,12681,1760074361,9245,-1911
6002,1506,2,12682,1760933354,5941,-2790
6002,1506,3,12683,1761792347,1633,-3698
6002,1507,0,12684,1762651340,3280,3252
6002,1507,1,12685,1763510333,3731,4661
6002,1507,2,12686,1764369326,-1923,1380
6002,1507,3,12687,1765228319,-18,6523
6002,1508,0,12688,1766087312,3829,763
6002,1508,1,12689,1766946305,1845,-8169
6002,1508,2,12690,1767805298,7985,3183
6002,1508,3,12691,1768664291,4284,6470
6002,1509,0,12692,1769523284,-9413,-2248
6002,1509,1,12693,1770382277,-5704,-3251
6002,1509,2,12694,1771241270,1986,-4792
6002,1509,3,12695,1772100263,2921,-2168
6002,1510,0,12696,1772959256,-1000,2659
6002,1510,1,12697,1773818249,-5114,1328
6002,1510,2,12698,1774677242,416,437
6002,1510,3,12699,1775536235,1501,-1267
6002,1511,0,12700,1776395228,-4368,1313
6002,1511,1,12701,1777254221,-4472,3167
6002,1511,2,12702,1778113214,-155,-2382
6002,1511,3,12703,1778972207,2630,40
6002,1512,0,12704,1779831200,1077,1797
6002,1512,1,12705,1780690193,116,-5598
6002,1512,2,12706,1781549186,-1835,-4276
6002,1512,3,12707,1782408179,-950,5480
6002,1513,0,12708,1783267172,4535,7664
6002,1513,1,12709,1784126165,1535,326
6002,1513,2,12710,1784985158,-2086,-1162
6002,1513,3,12711,1785844151,-1229,3579
6002,1514,0,12712,1786703144,1323,1944
6002,1514,1,12713,1787562137,2773,-657
6002,1514,2,12714,1788421130,-1934,-2024
6002,1514,3,12715,1789280123,2558,-1789
6002,1515,0,12716,1790139116,3904,3266
6002,1515,1,12717,1790998109,729,4819
6002,1515,2,12718,1791857102,10346,3223
6002,1515,3,12719,1792716095,841,-1426
6002,1516,0,12720,1793575088,-7738,-6023
6002,1516,1,12721,1794434081,5091,475
6002,1516,2,12722,1795293074,1259,3781
6002,1516,3,12723,1796152067,739,-348
6002,1517,0,12724,1797011060,7366,148
6002,1517,1,12725,1797870053,4103,-4930
6002,1517,2,12726,1798729046,3708,-9834
6002,1517,3,12727,1799588039,-1903,-3572
6002,1518,0,12728,1800447032,6,-175
6002,1518,1,12729,1801306025,3396,1279
6002,1518,2,12730,1802165018,-4290,4577
6002,1518,3,12731,1803024011,-1230,2760
6002,1519,0,12732,1803883004,-4811,1473
6002,1519,1,12733,1804741997,-5495,338
6002,1519,2,12734,1805600990,6031,-1913
6002,1519,3,12735,1806459983,-1098,2511
6002,1520,0,12736,1807318976,-1538,6008
6002,1520,1,12737,1808177969,4976,2230
6002,1520,2,12738,1809036962,1306,-2019
6002,1520,3,12739,1809895955,4762,-3210
6002,1521,0,12740,1810754948,-1854,-2513
6002,1521,1,12741,1811613941,-3987,-4655
6002,1521,2,12742,1812472934,6874,-3222
6002,1521,3,12743,1813331927,-3573,4606
6002,1522,0,12744,1814190920,-4889,2258
6002,1522,1,12745,1815049913,9708,-1473
6002,1522,2,12746,1815908906,4718,5950
6002,1522,3,12747,1816767899,356,5087
6002,1523,0,12748,1817626892,2410,-1064
6002,1523,1,12749,1818485885,-1368,1260
6002,1523,2,12750,1819344878,-1044,2265
6002,1523,3,12751,1820203871,-1351,4245
6002,1524,0,12752,1821062864,-1416,6462
6002,1524,1,12753,1821921857,3099,-1063
6002,1524,2,12754,1822780850,3222,-4368
6002,1524,3,12755,1823639843,2933,-832
6002,1525,0,12756,1824498836,1288,-1024
6002,1525,1,12757,1825357829,-4829,911
6002,1525,2,12758,1826216822,-3410,-266
6002,1525,3,12759,1827075815,456,-2309
6002,1526,0,12760,1827934808,778,1634
6002,1526,1,12761,1828793801,5394,-2644
6002,1526,2,12762,1829652794,5572,-1088
6002,1526,3,12763,1830511787,232,5287
6002,1527,0,12764,1831370780,-1195,-5416
6002,1527,1,12765,1832229773,-4035,-3054
6002,1527,2,12766,1833088766,-2343,4635
6002,1527,3,12767,1833947759,5575,-4508
6002,1528,0,12768,1834806752,6048,1340
6002,1528,1,12769,1835665745,4069,3278
6002,1528,2,12770,1836524738,1237,-5591
6002,1528,3,12771,1837383731,-1146,4269
6002,1529,0,12772,1838242724,5700,5342
6002,1529,1,12773,1839101717,3624,-1631
6002,1529,2,12774,1839960710,-5862,1572
6002,1529,3,12775,1840819703,-1536,173
6002,1530,0,12776,1841678696,2528,507
6002,1530,1,12777,1842537689,2292,706
6002,1530,2,12778,1843396682,2086,-2379
6002,1530,3,12779,1844255675,-4240,-3398
6002,1531,0,12780,1845114668,-2130,-6319
6002,1531,1,12781,1845973661,3595,-155
6002,1531,2,12782,1846832654,-2323,5032
6002,1531,3,12783,1847691647,-4534,-2740
6002,1532,0,12784,1848550640,-1070,-1700
6002,1532,1,12785,1849409633,-2409,7340
6002,1532,2,12786,1850268626,87,6547
6002,1532,3,12787,1851127619,8173,-1260
6002,1533,0,12788,1851986612,3676,-3206
6002,1533,1,12789,1852845605,-7854,-527
6002,1533,2,12790,1853704598,-2760,-661
6002,1533,3,12791,1854563591,3079,-427
6002,1534,0,12792,1855422584,-2572,-2617
6002,1534,1,12793,1856281577,-1830,-3565
6002,1534,2,12794,1857140570,1307,693
6002,1534,3,12795,1857999563,671,883
6002,1535,0,12796,1858858556,-930,1154
6002,1535,1,12797,1859717549,-776,1399
6002,1535,2,12798,1860576542,5121,72
6002,1535,3,12799,1861435535,3667,1243
6002,1536,0,13312,2302098944,-538,-877
6002,1536,1,13313,2302957937,1857,3397
6002,1536,2,13314,2303816930,954,5032
6002,1536,3,13315,2304675923,1244,-1006
6002,1537,0,13316,2305534916,976,-1115
6002,1537,1,13317,2306393909,986,509
6002,1537,2,13318,2307252902,908,1168
6002,1537,3,13319,2308111895,-3827,-1187
6002,1538,0,13320,2308970888,-3021,-2082
6002,1538,1,13321,2309829881,110,3107
6002,1538,2,13322,2310688874,-1128,-2605
6002,1538,3,13323,2311547867,-1875,-7646
6002,1539,0,13324,2312406860,-2524,4174
6002,1539,1,13325,2313265853,169,8267
6002,1539,2,13326,2314124846,6463,-1044
6002,1539,3,13327,2314983839,6814,-3640
6002,1540,0,13328,2315842832,-1859,-761
6002,1540,1,13329,2316701825,-3481,-3994
6002,1540,2,13330,2317560818,4556,-3157
6002,1540,3,13331,2318419811,467,3568
6002,1541,0,13332,2319278804,-6592,-1008
6002,1541,1,13333,2320137797,-4079,-3590
6002,1541,2,13334,2320996790,-1983,2465
6002,1541,3,13335,2321855783,1091,2136
6002,1542,0,13336,2322714776,936,2403
6002,1542,1,13337,2323573769,-94,-1543
6002,1542,2,13338,2324432762,537,-6046
6002,1542,3,13339,2325291755,-981,3851
6002,1543,0,13340,2326150748,6245,4692
6002,1543,1,13341,2327009741,4007,-1866
6002,1543,2,13342,2327868734,-5294,2183
6002,1543,3,13343,2328727727,3931,3442
6002,1544,0,13344,2329586720,2364,5726
6002,1544,1,13345,2330445713,-3478,6269
6002,1544,2,13346,2331304706,4161,-3108
6002,1544,3,13347,2332163699,-3705,-3448
6002,1545,0,13348,2333022692,-5541,-243
6002,1545,1,13349,2333881685,5248,-684
6002,1545,2,13350,2334740678,-111,5676
6002,1545,3,13351,2335599671,-1674,5770
6002,1546,0,13352,2336458664,1744,484
6002,1546,1,13353,2337317657,-2196,848
6002,1546,2,13354,2338176650,-851,-3313
6002,1546,3,13355,2339035643,64,-4913
6002,1547,0,13356,2339894636,-787,1445
6002,1547,1,13357,2340753629,-314,3032
6002,1547,2,13358,2341612622,-3746,3927
6002,1547,3,13359,2342471615,-512,3236
6002,1548,0,13360,2343330608,6121,-2510
6002,1548,1,13361,2344189601,3948,-2063
6002,1548,2,13362,2345048594,2051,-1419
6002,1548,3,13363,2345907587,1005,-1565
6002,1549,0,13364,2346766580,-633,2557
6002,1549,1,13365,2347625573,5072,-527
6002,1549,2,13366,2348484566,6674,3621
6002,1549,3,13367,2349343559,224,9817
6002,1550,0,13368,2350202552,1380,-5206
6002,1550,1,13369,2351061545,3921,-4314
6002,1550,2,13370,2351920538,-1988,7327
6002,1550,3,13371,2352779531,-5274,-3124
6002,1551,0,13372,2353638524,-2796,-1393
6002,1551,1,13373,2354497517,-2340,5245
6002,1551,2,13374,2355356510,-1763,1635
6002,1551,3,13375,2356215503,3055,4517
6002,1552,0,13376,2357074496,5652,-2552
6002,1552,1,13377,2357933489,2284,-1515
6002,1552,2,13378,2358792482,-843,6270
6002,1552,3,13379,2359651475,-615,-5471
6002,1553,0,13380,2360510468,621,-4993
6002,1553,1,13381,2361369461,2507,-1688
6002,1553,2,13382,2362228454,3768,-5016
6002,1553,3,13383,2363087447,1845,3124
6002,1554,0,13384,2363946440,-171,36
6002,1554,1,13385,2364805433,-3846,-1258
6002,1554,2,13386,2365664426,-9046,5350
6002,1554,3,13387,2366523419,-4148,4892
6002,1555,0,13388,2367382412,1417,7230
6002,1555,1,13389,2368241405,-215,788
6002,1555,2,13390,2369100398,3942,587
6002,1555,3,13391,2369959391,1346,4933
6002,1556,0,13392,2370818384,-7267,-6582
6002,1556,1,13393,2371677377,-1259,1074
6002,1556,2,13394,2372536370,4960,9635
6002,1556,3,13395,2373395363,4872,-114
6002,1557,0,13396,2374254356,3890,3282
6002,1557,1,13397,2375113349,-1320,2828
6002,1557,2,13398,2375972342,-2327,-1555
6002,1557,3,13399,2376831335,-169,2845
6002,1558,0,13400,2377690328,2143,967
6002,1558,1,13401,2378549321,3313,-1829
6002,1558,2,13402,2379408314,-1505,-1855
6002,1558,3,13403,2380267307,586,1456
6002,1559,0,13404,2381126300,8332,3145
6002,1559,1,13405,2381985293,5234,-1881
6002,1559,2,13406,2382844286,-4529,-1069
6002,1559,3,13407,2383703279,-5494,1080
6002,1560,0,13408,2384562272,1956,751
6002,1560,1,13409,2385421265,493,2584
6002,1560,2,13410,2386280258,-2373,259
6002,1560,3,13411,2387139251,2348,-4951
6002,1561,0,13412,2387998244,539,-4529
6002,1561,1,13413,2388857237,-989,1697
6002,1561,2,13414,2389716230,502,334
6002,1561,3,13415,2390575223,426,-5266
6002,1562,0,13416,2391434216,2446,-1444
6002,1562,1,13417,2392293209,-1632,3252
6002,1562,2,13418,2393152202,-4377,2783
6002,1562,3,13419,2394011195,-4187,-5058
6002,1563,0,13420,2394870188,-3838,-8884
6002,1563,1,13421,2395729181,7112,3104
6002,1563,2,13422,2396588174,4513,7316
6002,1563,3,13423,2397447167,-7729,3227
6002,1564,0,13424,2398306160,1412,3640
6002,1564,1,13425,2399165153,6422,-1143
6002,1564,2,13426,2400024146,1027,-2132
6002,1564,3,13427,2400883139,5235,2871
6002,1565,0,13428,2401742132,3769,2669
6002,1565,1,13429,2402601125,-3361,2247
6002,1565,2,13430,2403460118,-1723,6333
6002,1565,3,13431,2404319111,-287,9436
6002,1566,0,13432,2405178104,-1522,2798
6002,1566,1,13433,2406037097,1117,-3211
6002,1566,2,13434,2406896090,807,-1137
6002,1566,3,13435,2407755083,-2733,-3708
6002,1567,0,13436,2408614076,-2455,-1108
6002,1567,1,13437,2409473069,2717,7686
6002,1567,2,13438,2410332062,8363,2850
6002,1567,3,13439,2411191055,2282,-1887
6002,1568,0,13440,2412050048,-3301,-420
6002,1568,1,13441,2412909041,43,-4211
6002,1568,2,13442,2413768034,-5608,1052
6002,1568,3,13443,2414627027,-2461,8714
6002,1569,0,13444,2415486020,6681,4772
6002,1569,1,13445,2416345013,-2016,5148
6002,1569,2,13446,2417204006,-2157,6061
6002,1569,3,13447,2418062999,2534,3687
6002,1570,0,13448,2418921992,-1370,1656
6002,1570,1,13449,2419780985,2252,-7068
6002,1570,2,13450,2420639978,849,-6542
6002,1570,3,13451,2421498971,-4817,-712
6002,1571,0,13452,2422357964,-1651,-2903
6002,1571,1,13453,2423216957,2836,-332
6002,1571,2,13454,2424075950,-277,-1107
6002,1571,3,13455,2424934943,-6611,-1932
6002,1572,0,13456,2425793936,1293,1814
6002,1572,1,13457,2426652929,6091,-1591
6002,1572,2,13458,2427511922,-2709,-427
6002,1572,3,13459,2428370915,-3481,-985
6002,1573,0,13460,2429229908,-3999,-2152
6002,1573,1,13461,2430088901,-1430,6241
6002,1573,2,13462,2430947894,5338,2923
6002,1573,3,13463,2431806887,451,-2576
6002,1574,0,13464,2432665880,-1241,-50
6002,1574,1,13465,2433524873,4405,-2087
6002,1574,2,13466,2434383866,5997,-1626
6002,1574,3,13467,2435242859,-3331,249
6002,1575,0,13468,2436101852,-10769,-1882
6002,1575,1,13469,2436960845,-1077,-2020
6002,1575,2,13470,2437819838,-550,4438
6002,1575,3,13471,2438678831,-2023,5651
6002,1576,0,13472,2439537824,4739,1234
6002,1576,1,13473,2440396817,-6522,7386
6002,1576,2,13474,2441255810,-9832,2905
6002,1576,3,13475,2442114803,-1637,-4887
6002,1577,0,13476,2442973796,-4841,5451
6002,1577,1,13477,2443832789,-1145,2080
6002,1577,2,13478,2444691782,-1152,-5263
6002,1577,3,13479,2445550775,-7435,-4143
6002,1578,0,13480,2446409768,965,-7215
6002,1578,1,13481,2447268761,7285,295
6002,1578,2,13482,2448127754,303,3594
6002,1578,3,13483,2448986747,-2353,1476
6002,1579,0,13484,2449845740,3669,3882
6002,1579,1,13485,2450704733,-207,-3815
6002,1579,2,13486,2451563726,-5960,-3330
6002,1579,3,13487,2452422719,961,4352
6002,1580,0,13488,2453281712,1747,4666
6002,1580,1,13489,2454140705,-1260,6199
6002,1580,2,13490,2454999698,-2051,4760
6002,1580,3,13491,2455858691,-4142,4139
6002,1581,0,13492,2456717684,3115,3454
6002,1581,1,13493,2457576677,6583,1932
6002,1581,2,13494,2458435670,4059,5556
6002,1581,3,13495,2459294663,6815,3139
6002,1582,0,13496,2460153656,4108,359
6002,1582,1,13497,2461012649,-474,568
6002,1582,2,13498,2461871642,-3954,-971
6002,1582,3,13499,2462730635,-5190,3558
6002,1583,0,13500,2463589628,867,4616
6002,1583,1,13501,2464448621,1297,1333
6002,1583,2,13502,2465307614,-199,3346
6002,1583,3,13503,2466166607,2281,3672
6002,1584,0,13504,2467025600,656,2135
6002,1584,1,13505,2467884593,1254,1017
6002,1584,2,13506,2468743586,680,-1507
6002,1584,3,13507,2469602579,-3035,-1480
6002,1585,0,13508,2470461572,3055,1889
6002,1585,1,13509,2471320565,6007,3040
6002,1585,2,13510,2472179558,-2983,-960
6002,1585,3,13511,2473038551,-3052,-3888
6002,1586,0,13512,2473897544,2566,1272
6002,1586,1,13513,2474756537,-1965,5534
6002,1586,2,13514,2475615530,-3194,-1246
6002,1586,3,13515,2476474523,3621,-5746
6002,1587,0,13516,2477333516,1429,-2403
6002,1587,1,13517,2478192509,-5334,-1860
6002,1587,2,13518,2479051502,-885,-1665
6002,1587,3,13519,2479910495,2933,-2408
6002,1588,0,13520,2480769488,-3462,-2577
6002,1588,1,13521,2481628481,-3389,3322
6002,1588,2,13522,2482487474,1643,4658
6002,1588,3,13523,2483346467,477,1179
6002,1589,0,13524,2484205460,-110,1487
6002,1589,1,13525,2485064453,454,1563
6002,1589,2,13526,2485923446,464,-2687
6002,1589,3,13527,2486782439,-952,-2705
6002,1590,0,13528,2487641432,-3109,2177
6002,1590,1,13529,2488500425,50,-480
6002,1590,2,13530,2489359418,1778,1060
6002,1590,3,13531,2490218411,573,3845
6002,1591,0,13532,2491077404,1525,-7941
6002,1591,1,13533,2491936397,582,-8487
6002,1591,2,13534,2492795390,-1768,-478
6002,1591,3,13535,2493654383,-1453,-2171
6002,1592,0,13536,2494513376,2333,-244
6002,1592,1,13537,2495372369,1726,2055
6002,1592,2,13538,2496231362,249,3957
6002,1592,3,13539,2497090355,3092,5070
6002,1593,0,13540,2497949348,-2389,1262
6002,1593,1,13541,2498808341,-3247,452
6002,1593,2,13542,2499667334,3455,392
6002,1593,3,13543,2500526327,957,3523
6002,1594,0,13544,2501385320,44,3193
6002,1594,1,13545,2502244313,76,-2211
6002,1594,2,13546,2503103306,2107,2316
6002,1594,3,13547,2503962299,3420,4576
6002,1595,0,13548,2504821292,-3724,223
6002,1595,1,13549,2505680285,1370,-3961
6002,1595,2,13550,2506539278,2149,-4647
6002,1595,3,13551,2507398271,-4008,1067
6002,1596,0,13552,2508257264,4515,-268
6002,1596,1,13553,2509116257,2338,-886
6002,1596,2,13554,2509975250,2035,2724
6002,1596,3,13555,2510834243,8808,816
6002,1597,0,13556,2511693236,-19,481
6002,1597,1,13557,2512552229,-490,-2410
6002,1597,2,13558,2513411222,899,-634
6002,1597,3,13559,2514270215,-4997,3093
6002,1598,0,13560,2515129208,-2239,-3305
6002,1598,1,13561,2515988201,1373,-4060
6002,1598,2,13562,2516847194,3226,-2801
6002,1598,3,13563,2517706187,1492,-1773
6002,1599,0,13564,2518565180,3606,614
6002,1599,1,13565,2519424173,4285,784
6002,1599,2,13566,2520283166,-7538,4644
6002,1599,3,13567,2521142159,-4077,-1323
6002,1600,0,13568,2522001152,4946,-2936
6002,1600,1,13569,2522860145,-567,3200
6002,1600,2,13570,2523719138,-2170,-4085
6002,1600,3,13571,2524578131,1334,-350
6002,1601,0,13572,2525437124,4762,1214
6002,1601,1,13573,2526296117,4381,-9166
6002,1601,2,13574,2527155110,5026,-1460
6002,1601,3,13575,2528014103,5636,3945
6002,1602,0,13576,2528873096,-2035,1362
6002,1602,1,13577,2529732089,-359,2452
6002,1602,2,13578,2530591082,2250,3761
6002,1602,3,13579,2531450075,-309,5657
6002,1603,0,13580,2532309068,2970,-4408
6002,1603,1,13581,2533168061,-4684,-8277
6002,1603,2,13582,2534027054,-7520,3472
6002,1603,3,13583,2534886047,1093,1510
6002,1604,0,13584,2535745040,-1091,-7077
6002,1604,1,13585,2536604033,-858,-3691
6002,1604,2,13586,2537463026,1516,2591
6002,1604,3,13587,2538322019,-646,503
6002,1605,0,13588,2539181012,-1330,-798
6002,1605,1,13589,2540040005,-4035,2452
6002,1605,2,13590,2540898998,-3997,-1611
6002,1605,3,13591,2541757991,-3576,-4148
6002,1606,0,13592,2542616984,-4948,-1102
6002,1606,1,13593,2543475977,-2732,72
6002,1606,2,13594,2544334970,111,-1718
6002,1606,3,13595,2545193963,666,-2960
6002,1607,0,13596,2546052956,-3380,3439
6002,1607,1,13597,2546911949,-2845,-1784
6002,1607,2,13598,2547770942,4027,-10960
6002,1607,3,13599,2548629935,3361,2630
6002,1608,0,13600,2549488928,1454,6233
6002,1608,1,13601,2550347921,2274,-2916
6002,1608,2,13602,2551206914,-1647,663
6002,1608,3,13603,2552065907,-2610,517
6002,1609,0,13604,2552924900,-89,419
6002,1609,1,13605,2553783893,-1412,4747
6002,1609,2,13606,2554642886,1744,-3610
6002,1609,3,13607,2555501879,4936,-9495
6002,1610,0,13608,2556360872,-2440,-866
6002,1610,1,13609,2557219865,-4973,-617
6002,1610,2,13610,2558078858,-1754,-6796
6002,1610,3,13611,2558937851,166,-987
6002,1611,0,13612,2559796844,5485,-1774
6002,1611,1,13613,2560655837,2940,-8367
6002,1611,2,13614,2561514830,-729,-2235
6002,1611,3,13615,2562373823,912,-5
6002,1612,0,13616,2563232816,-3309,382
6002,1612,1,13617,2564091809,-567,4471
6002,1612,2,13618,2564950802,3361,-854
6002,1612,3,13619,2565809795,-1680,-2095
6002,1613,0,13620,2566668788,-2480,578
6002,1613,1,13621,2567527781,-1264,-4571
6002,1613,2,13622,2568386774,1928,-3348
6002,1613,3,13623,2569245767,2756,1895
6002,1614,0,13624,2570104760,-2193,-191
6002,1614,1,13625,2570963753,-2456,-2832
6002,1614,2,13626,2571822746,-2092,-6315
6002,1614,3,13627,2572681739,-1980,-5672
6002,1615,0,13628,2573540732,-3699,4313
6002,1615,1,13629,2574399725,-8365,2748
6002,1615,2,13630,2575258718,-8284,-3108
6002,1615,3,13631,2576117711,-5034,3395
6002,1616,0,13632,2576976704,3576,-1098
6002,1616,1,13633,2577835697,5015,-6519
6002,1616,2,13634,2578694690,-3460,171
6002,1616,3,13635,2579553683,-524,-3841
6002,1617,0,13636,2580412676,1216,-2633
6002,1617,1,13637,2581271669,37,6691
6002,1617,2,13638,2582130662,6104,1126
6002,1617,3,13639,2582989655,3282,-611
6002,1618,0,13640,2583848648,-446,5758
6002,1618,1,13641,2584707641,273,1752
6002,1618,2,13642,2585566634,-1938,-3937
6002,1618,3,13643,2586425627,3561,-2710
6002,1619,0,13644,2587284620,8383,-2170
6002,1619,1,13645,2588143613,4193,-4001
6002,1619,2,13646,2589002606,917,-3918
6002,1619,3,13647,2589861599,-2713,-1180
6002,1620,0,13648,2590720592,-2216,2833
6002,1620,1,13649,2591579585,1962,3230
6002,1620,2,13650,2592438578,-3113,1949
6002,1620,3,13651,2593297571,-3326,1729
6002,1621,0,13652,2594156564,4251,-2180
6002,1621,1,13653,2595015557,557,396
6002,1621,2,13654,2595874550,-1547,7803
6002,1621,3,13655,2596733543,3037,2781
6002,1622,0,13656,2597592536,2566,-3543
6002,1622,1,13657,2598451529,-2222,-305
6002,1622,2,13658,2599310522,-9069,410
6002,1622,3,13659,2600169515,-3529,-7340
6002,1623,0,13660,2601028508,1979,-8491
6002,1623,1,13661,2601887501,-4804,695
6002,1623,2,13662,2602746494,2982,-477
6002,1623,3,13663,2603605487,7525,-4221
6002,1624,0,13664,2604464480,-1570,2135
6002,1624,1,13665,2605323473,3317,3548
6002,1624,2,13666,2606182466,7138,1290
6002,1624,3,13667,2607041459,636,554
6002,1625,0,13668,2607900452,-4591,-2359
6002,1625,1,13669,2608759445,-4785,-4067
6002,1625,2,13670,2609618438,293,-95
6002,1625,3,13671,2610477431,1859,4674
6002,1626,0,13672,2611336424,277,-1117
6002,1626,1,13673,2612195417,-2451,-6401
6002,1626,2,13674,2613054410,-210,-2571
6002,1626,3,13675,2613913403,2873,-32
6002,1627,0,13676,2614772396,-4022,337
6002,1627,1,13677,2615631389,-876,-3502
6002,1627,2,13678,2616490382,4290,-765
6002,1627,3,13679,2617349375,-2871,8102
6002,1628,0,13680,2618208368,-3127,119
6002,1628,1,13681,2619067361,-193,-5312
6002,1628,2,13682,2619926354,1515,3822
6002,1628,3,13683,2620785347,1781,5201
6002,1629,0,13684,2621644340,2283,-242
6002,1629,1,13685,2622503333,6039,-3493
6002,1629,2,13686,2623362326,1781,418
6002,1629,3,13687,2624221319,336,3916
6002,1630,0,13688,2625080312,-3246,-294
6002,1630,1,13689,2625939305,-9654,1217
6002,1630,2,13690,2626798298,2452,4074
6002,1630,3,13691,2627657291,7493,2489
6002,1631,0,13692,2628516284,4341,-237
6002,1631,1,13693,2629375277,6670,-6322
6002,1631,2,13694,2630234270,2230,1919
6002,1631,3,13695,2631093263,4577,12119
6002,1632,0,13696,2631952256,5383,-2406
6002,1632,1,13697,2632811249,300,-7628
6002,1632,2,13698,2633670242,3036,8
6002,1632,3,13699,2634529235,1964,-4605
6002,1633,0,13700,2635388228,1793,3076
6002,1633,1,13701,2636247221,2378,6722
6002,1633,2,13702,2637106214,-1862,-10139
6002,1633,3,13703,2637965207,-2528,-5006
6002,1634,0,13704,2638824200,-707,2868
6002,1634,1,13705,2639683193,-670,-6766
6002,1634,2,13706,2640542186,-5893,-1952
6002,1634,3,13707,2641401179,-1494,3540
6002,1635,0,13708,2642260172,7402,542
6002,1635,1,13709,2643119165,2504,872
6002,1635,2,13710,2643978158,1594,-2342
6002,1635,3,13711,2644837151,739,-173
6002,1636,0,13712,2645696144,-345,4204
6002,1636,1,13713,2646555137,4349,645
6002,1636,2,13714,2647414130,-450,2011
6002,1636,3,13715,2648273123,2149,7399
6002,1637,0,13716,2649132116,4659,6691
6002,1637,1,13717,2649991109,-3935,-250
6002,1637,2,13718,2650850102,-3678,-6234
6002,1637,3,13719,2651709095,-7328,-2297
6002,1638,0,13720,2652568088,-8194,3047
6002,1638,1,13721,2653427081,-1463,10
6002,1638,2,13722,2654286074,-1872,-888
6002,1638,3,13723,2655145067,4091,280
6002,1639,0,13724,2656004060,4395,-2730
6002,1639,1,13725,2656863053,-4018,-1191
6002,1639,2,13726,2657722046,-1366,-1894
6002,1639,3,13727,2658581039,-188,-4756
6002,1640,0,13728,2659440032,-3334,1488
6002,1640,1,13729,2660299025,-1881,3141
6002,1640,2,13730,2661158018,723,2633
6002,1640,3,13731,2662017011,1120,4949
6002,1641,0,13732,2662876004,223,2253
6002,1641,1,13733,2663734997,-500,-650
6002,1641,2,13734,2664593990,-841,-7136
6002,1641,3,13735,2665452983,1325,-3910
6002,1642,0,13736,2666311976,-3104,4757
6002,1642,1,13737,2667170969,-9461,-608
6002,1642,2,13738,2668029962,-2413,2784
6002,1642,3,13739,2668888955,683,690
6002,1643,0,13740,2669747948,-3887,-8496
6002,1643,1,13741,2670606941,-1353,3119
6002,1643,2,13742,2671465934,712,3074
6002,1643,3,13743,2672324927,585,-750
6002,1644,0,13744,2673183920,4248,6484
6002,1644,1,13745,2674042913,3033,-648
6002,1644,2,13746,2674901906,-7213,-241
6002,1644,3,13747,2675760899,-5119,6264
6002,1645,0,13748,2676619892,7693,1448
6002,1645,1,13749,2677478885,660,-400
6002,1645,2,13750,2678337878,-7159,735
6002,1645,3,13751,2679196871,1722,3669
6002,1646,0,13752,2680055864,-1363,1864
6002,1646,1,13753,2680914857,-7728,-3279
6002,1646,2,13754,2681773850,-1087,89
6002,1646,3,13755,2682632843,-2222,2220
6002,1647,0,13756,2683491836,-5574,-1152
6002,1647,1,13757,2684350829,2965,-794
6002,1647,2,13758,2685209822,6614,4311
6002,1647,3,13759,2686068815,5062,1539
6002,1648,0,13760,2686927808,4099,-5024
6002,1648,1,13761,2687786801,-1397,-3617
6002,1648,2,13762,2688645794,2020,-4039
6002,1648,3,13763,2689504787,5673,-794
6002,1649,0,13764,2690363780,-1838,3774
6002,1649,1,13765,2691222773,-672,-1585
6002,1649,2,13766,2692081766,4056,-3233
6002,1649,3,13767,2692940759,6073,621
6002,1650,0,13768,2693799752,5010,5069
6002,1650,1,13769,2694658745,-1524,3214
6002,1650,2,13770,2695517738,3183,609
6002,1650,3,13771,2696376731,5014,5628
6002,1651,0,13772,2697235724,-1179,1273
6002,1651,1,13773,2698094717,740,995
6002,1651,2,13774,2698953710,274,4479
6002,1651,3,13775,2699812703,3370,-1253
6002,1652,0,13776,2700671696,4347,6012
6002,1652,1,13777,2701530689,862,8452
6002,1652,2,13778,2702389682,6169,2961
6002,1652,3,13779,2703248675,-312,5115
6002,1653,0,13780,2704107668,-1478,-1549
6002,1653,1,13781,2704966661,6993,-3566
6002,1653,2,13782,2705825654,-3899,-1555
6002,1653,3,13783,2706684647,-4548,-1916
6002,1654,0,13784,2707543640,1676,2097
6002,1654,1,13785,2708402633,-3427,-2592
6002,1654,2,13786,2709261626,-899,-3484
6002,1654,3,13787,2710120619,-1003,-1919
6002,1655,0,13788,2710979612,754,-3306
6002,1655,1,13789,2711838605,4950,3481
6002,1655,2,13790,2712697598,-1355,1070
6002,1655,3,13791,2713556591,211,-1143
6002,1656,0,13792,2714415584,3316,5837
6002,1656,1,13793,2715274577,1641,3257
6002,1656,2,13794,2716133570,3751,-6338
6002,1656,3,13795,2716992563,-1684,-9750
6002,1657,0,13796,2717851556,-3945,2465
6002,1657,1,13797,2718710549,4327,4430
6002,1657,2,13798,2719569542,4534,-10061
6002,1657,3,13799,2720428535,-1464,-6226
6002,1658,0,13800,2721287528,-2343,1117
6002,1658,1,13801,2722146521,-709,320
6002,1658,2,13802,2723005514,-1417,3912
6002,1658,3,13803,2723864507,-1941,4092
6002,1659,0,13804,2724723500,-110,2855
6002,1659,1,13805,2725582493,-228,-274
6002,1659,2,13806,2726441486,-2793,-4531
6002,1659,3,13807,2727300479,-3951,-4157
6002,1660,0,13808,2728159472,-3735,-4725
6002,1660,1,13809,2729018465,-1288,-2582
6002,1660,2,13810,2729877458,1891,2301
6002,1660,3,13811,2730736451,-1474,2748
6002,1661,0,13812,2731595444,-3656,3055
6002,1661,1,13813,2732454437,3327,3962
6002,1661,2,13814,2733313430,7511,182
6002,1661,3,13815,2734172423,5643,1034
6002,1662,0,13816,2735031416,2484,4786
6002,1662,1,13817,2735890409,2103,-3605
6002,1662,2,13818,2736749402,2661,-3273
6002,1662,3,13819,2737608395,-4039,5659
6002,1663,0,13820,2738467388,-2267,-1148
6002,1663,1,13821,2739326381,4035,400
6002,1663,2,13822,2740185374,-5305,6253
6002,1663,3,13823,2741044367,-4284,-3960
6002,1664,0,13824,2741903360,6481,-3012
6002,1664,1,13825,2742762353,3311,3584
6002,1664,2,13826,2743621346,1288,-5019
6002,1664,3,13827,2744480339,412,-9796
6002,1665,0,13828,2745339332,-2053,-1501
6002,1665,1,13829,2746198325,-1022,2061
6002,1665,2,13830,2747057318,-5362,-3767
6002,1665,3,13831,2747916311,-2114,-5087
6002,1666,0,13832,2748775304,8162,-2904
6002,1666,1,13833,2749634297,3720,-621
6002,1666,2,13834,2750493290,-2015,4250
6002,1666,3,13835,2751352283,1158,3960
6002,1667,0,13836,2752211276,-1996,-1352
6002,1667,1,13837,2753070269,-3976,-2085
6002,1667,2,13838,2753929262,2504,2195
6002,1667,3,13839,2754788255,-2265,243
6002,1668,0,13840,2755647248,-7328,-3847
6002,1668,1,13841,2756506241,3577,-324
6002,1668,2,13842,2757365234,5281,-1377
6002,1668,3,13843,2758224227,783,-4484
6002,1669,0,13844,2759083220,1388,-4872
6002,1669,1,13845,2759942213,-5077,-2867
6002,1669,2,13846,2760801206,-3774,8093
6002,1669,3,13847,2761660199,3727,4598
6002,1670,0,13848,2762519192,3617,-10061
6002,1670,1,13849,2763378185,3843,-5853
6002,1670,2,13850,2764237178,-402,3812
6002,1670,3,13851,2765096171,-1257,6130
6002,1671,0,13852,2765955164,3134,4172
6002,1671,1,13853,2766814157,-1130,1817
6002,1671,2,13854,2767673150,-3380,94
6002,1671,3,13855,2768532143,-3846,-2841
6002,1672,0,13856,2769391136,-2677,-969
6002,1672,1,13857,2770250129,348,-1750
6002,1672,2,13858,2771109122,-6249,-4775
6002,1672,3,13859,2771968115,-4094,-4693
6002,1673,0,13860,2772827108,4513,-5448
6002,1673,1,13861,2773686101,787,-909
6002,1673,2,13862,2774545094,-4948,-609
6002,1673,3,13863,2775404087,-10564,-861
6002,1674,0,13864,2776263080,-6492,3890
6002,1674,1,13865,2777122073,3596,-1776
6002,1674,2,13866,2777981066,-1446,-2425
6002,1674,3,13867,2778840059,-2920,-1905
6002,1675,0,13868,2779699052,4140,-7616
6002,1675,1,13869,2780558045,2178,275
6002,1675,2,13870,2781417038,82,4426
6002,1675,3,13871,2782276031,2263,1603
6002,1676,0,13872,2783135024,-1028,4471
6002,1676,1,13873,2783994017,-7521,1261
6002,1676,2,13874,2784853010,-4894,-3554
6002,1676,3,13875,2785712003,1494,775
6002,1677,0,13876,2786570996,689,9015
6002,1677,1,13877,2787429989,-427,4154
6002,1677,2,13878,2788288982,2835,-5874
6002,1677,3,13879,2789147975,10093,-1546
6002,1678,0,13880,2790006968,9883,1319
6002,1678,1,13881,2790865961,-1905,-619
6002,1678,2,13882,2791724954,-4237,637
6002,1678,3,13883,2792583947,1540,-403
6002,1679,0,13884,2793442940,2700,-2004
6002,1679,1,13885,2794301933,-107,-2432
6002,1679,2,13886,2795160926,-3189,1992
6002,1679,3,13887,2796019919,-1476,3614
6002,1680,0,13888,2796878912,-2605,-3409
6002,1680,1,13889,2797737905,-2513,-6732
6002,1680,2,13890,2798596898,789,-3294
6002,1680,3,13891,2799455891,-3216,3643
6002,1681,0,13892,2800314884,-182,4030
6002,1681,1,13893,2801173877,3175,-768
6002,1681,2,13894,2802032870,-106,-1616
6002,1681,3,13895,2802891863,6074,-3544
6002,1682,0,13896,2803750856,3055,-907
6002,1682,1,13897,2804609849,-5001,1521
6002,1682,2,13898,2805468842,2617,-587
6002,1682,3,13899,2806327835,6045,-694
6002,1683,0,13900,2807186828,1756,-5015
6002,1683,1,13901,2808045821,-314,-4738
6002,1683,2,13902,2808904814,-1093,-3932
6002,1683,3,13903,2809763807,664,-5040
6002,1684,0,13904,2810622800,2161,2328
6002,1684,1,13905,2811481793,1588,-285
6002,1684,2,13906,2812340786,678,-1500
6002,1684,3,13907,2813199779,691,4555
6002,1685,0,13908,2814058772,-3266,-954
6002,1685,1,13909,2814917765,-5822,151
6002,1685,2,13910,2815776758,3522,4428
6002,1685,3,13911,2816635751,7091,5172
6002,1686,0,13912,2817494744,-8,7235
6002,1686,1,13913,2818353737,-21,-525
6002,1686,2,13914,2819212730,2062,-2575
6002,1686,3,13915,2820071723,1454,-697
6002,1687,0,13916,2820930716,3878,-3635
6002,1687,1,13917,2821789709,1077,1955
6002,1687,2,13918,2822648702,-6855,226
6002,1687,3,13919,2823507695,-5326,-5821
6002,1688,0,13920,2824366688,-2041,2754
6002,1688,1,13921,2825225681,-1800,4068
6002,1688,2,13922,2826084674,4482,-6410
6002,1688,3,13923,2826943667,1825,-3515
6002,1689,0,13924,2827802660,-3706,602
6002,1689,1,13925,2828661653,578,-7521
6002,1689,2,13926,2829520646,-3043,-4975
6002,1689,3,13927,2830379639,-4321,-1700
6002,1690,0,13928,2831238632,-1383,-5059
6002,1690,1,13929,2832097625,-4794,2215
6002,1690,2,13930,2832956618,-701,320
6002,1690,3,13931,2833815611,618,-1877
6002,1691,0,13932,2834674604,-4094,5523
6002,1691,1,13933,2835533597,-3227,-1040
6002,1691,2,13934,2836392590,910,229
6002,1691,3,13935,2837251583,4541,6157
6002,1692,0,13936,2838110576,770,420
6002,1692,1,13937,2838969569,2003,1581
6002,1692,2,13938,2839828562,433,-482
6002,1692,3,13939,2840687555,-9631,3414
6002,1693,0,13940,2841546548,-1293,11578
6002,1693,1,13941,2842405541,-1106,-4695
6002,1693,2,13942,2843264534,-7163,-10423
6002,1693,3,13943,2844123527,4098,3124
6002,1694,0,13944,2844982520,-1804,791
6002,1694,1,13945,2845841513,-5232,-3313
6002,1694,2,13946,2846700506,550,137
6002,1694,3,13947,2847559499,-7112,-2040
6002,1695,0,13948,2848418492,1684,-3117
6002,1695,1,13949,2849277485,7835,357
6002,1695,2,13950,2850136478,-2531,1197
6002,1695,3,13951,2850995471,-2472,194
6002,1696,0,13952,2851854464,-1428,-3336
6002,1696,1,13953,2852713457,-343,-5936
6002,1696,2,13954,2853572450,3168,817
6002,1696,3,13955,2854431443,5630,3426
6002,1697,0,13956,2855290436,548,-533
6002,1697,1,13957,2856149429,-8271,1059
6002,1697,2,13958,2857008422,1506,-3962
6002,1697,3,13959,2857867415,1910,-7290
6002,1698,0,13960,2858726408,-9618,1126
6002,1698,1,13961,2859585401,-2066,-1473
6002,1698,2,13962,2860444394,633,-4824
6002,1698,3,13963,2861303387,1369,964
6002,1699,0,13964,2862162380,5864,-2968
6002,1699,1,13965,2863021373,507,-2853
6002,1699,2,13966,2863880366,1855,4486
6002,1699,3,13967,2864739359,2679,3099
6002,1700,0,13968,2865598352,512,6000
6002,1700,1,13969,2866457345,-2473,5786
6002,1700,2,13970,2867316338,-9741,-4456
6002,1700,3,13971,2868175331,-1791,-2221
6002,1701,0,13972,2869034324,3497,1156
6002,1701,1,13973,2869893317,-164,-1594
6002,1701,2,13974,2870752310,3352,1821
6002,1701,3,13975,2871611303,-1007,608
6002,1702,0,13976,2872470296,-800,-821
6002,1702,1,13977,2873329289,4502,567
6002,1702,2,13978,2874188282,-1885,1203
6002,1702,3,13979,2875047275,-3614,9749
6002,1703,0,13980,2875906268,-786,8147
6002,1703,1,13981,2876765261,-1262,-978
6002,1703,2,13982,2877624254,-4140,974
6002,1703,3,13983,2878483247,-1521,-1119
6002,1704,0,13984,2879342240,7878,-3258
6002,1704,1,13985,2880201233,2956,-1989
6002,1704,2,13986,2881060226,-3745,-4255
6002,1704,3,13987,2881919219,507,-2868
6002,1705,0,13988,2882778212,1861,-4341
6002,1705,1,13989,2883637205,5253,-982
6002,1705,2,13990,2884496198,5056,5966
6002,1705,3,13991,2885355191,2390,707
6002,1706,0,13992,2886214184,5923,1019
6002,1706,1,13993,2887073177,1852,-1106
6002,1706,2,13994,2887932170,-2317,-10557
6002,1706,3,13995,2888791163,1147,-307
6002,1707,0,13996,2889650156,1800,6603
6002,1707,1,13997,2890509149,2125,-3381
6002,1707,2,13998,2891368142,2363,-5263
6002,1707,3,13999,2892227135,-1042,-2108
6002,1708,0,14000,2893086128,-3136,-1217
6002,1708,1,14001,2893945121,-1734,-2660
6002,1708,2,14002,2894804114,-497,-3240
6002,1708,3,14003,2895663107,3613,-91
6002,1709,0,14004,2896522100,4056,-1923
6002,1709,1,14005,2897381093,-5528,-1411
6002,1709,2,14006,2898240086,-3346,3178
6002,1709,3,14007,2899099079,4577,575
6002,1710,0,14008,2899958072,1457,-2489
6002,1710,1,14009,2900817065,3751,-4315
6002,1710,2,14010,2901676058,6994,-2142
6002,1710,3,14011,2902535051,6768,3216
6002,1711,0,14012,2903394044,5884,-1320
6002,1711,1,14013,2904253037,-920,-1525
6002,1711,2,14014,2905112030,774,3699
6002,1711,3,14015,2905971023,4020,-1483
6002,1712,0,14016,2906830016,458,-3572
6002,1712,1,14017,2907689009,4209,-3151
6002,1712,2,14018,2908548002,7952,-2893
6002,1712,3,14019,2909406995,3613,1971
6002,1713,0,14020,2910265988,-3781,-734
6002,1713,1,14021,2911124981,-2879,1117
6002,1713,2,14022,2911983974,-137,5108
6002,1713,3,14023,2912842967,-7504,-5106
6002,1714,0,14024,2913701960,-5153,-2386
6002,1714,1,14025,2914560953,-469,8217
6002,1714,2,14026,2915419946,-6698,1669
6002,1714,3,14027,2916278939,-4465,-1439
6002,1715,0,14028,2917137932,3145,4727
6002,1715,1,14029,2917996925,4780,4364
6002,1715,2,14030,2918855918,-1841,806
6002,1715,3,14031,2919714911,-5602,3475
6002,1716,0,14032,2920573904,-355,4232
6002,1716,1,14033,2921432897,-1618,-2721
6002,1716,2,14034,2922291890,-2565,-3258
6002,1716,3,14035,2923150883,-925,1003
6002,1717,0,14036,2924009876,-935,4147
6002,1717,1,14037,2924868869,626,3993
6002,1717,2,14038,2925727862,-4685,-3544
6002,1717,3,14039,2926586855,-4033,-155
6002,1718,0,14040,2927445848,1724,2252
6002,1718,1,14041,2928304841,745,-7193
6002,1718,2,14042,2929163834,-1088,-1331
6002,1718,3,14043,2930022827,-4241,-234
6002,1719,0,14044,2930881820,2623,-4177
6002,1719,1,14045,2931740813,2405,7462
6002,1719,2,14046,2932599806,-7006,3699
6002,1719,3,14047,2933458799,1836,-700
6002,1720,0,14048,2934317792,-1480,5209
6002,1720,1,14049,2935176785,-6812,-3054
6002,1720,2,14050,2936035778,1591,-2032
6002,1720,3,14051,2936894771,-5626,4032
6002,1721,0,14052,2937753764,-1110,1407
6002,1721,1,14053,2938612757,5588,4784
6002,1721,2,14054,2939471750,-3716,2098
6002,1721,3,14055,2940330743,1729,-2004
6002,1722,0,14056,2941189736,2555,274
6002,1722,1,14057,2942048729,-3595,-89
6002,1722,2,14058,2942907722,719,186
6002,1722,3,14059,2943766715,1177,-2902
6002,1723,0,14060,2944625708,-4003,-5027
6002,1723,1,14061,2945484701,-5096,-2901
6002,1723,2,14062,2946343694,6713,615
6002,1723,3,14063,2947202687,9876,6632
6002,1724,0,14064,2948061680,-2938,2072
6002,1724,1,14065,2948920673,-1028,-1115
6002,1724,2,14066,2949779666,5822,3120
6002,1724,3,14067,2950638659,2725,-2250
6002,1725,0,14068,2951497652,2105,1214
6002,1725,1,14069,2952356645,4640,5914
6002,1725,2,14070,2953215638,-1744,-4241
6002,1725,3,14071,2954074631,-11403,-3390
6002,1726,0,14072,2954933624,-5846,-38
6002,1726,1,14073,2955792617,-1319,-2463
6002,1726,2,14074,2956651610,-3411,2372
6002,1726,3,14075,2957510603,-2772,2779
6002,1727,0,14076,2958369596,-7628,1976
6002,1727,1,14077,2959228589,-1880,3857
6002,1727,2,14078,2960087582,6114,1577
6002,1727,3,14079,2960946575,1924,-130
6002,1728,0,14080,2961805568,1889,-3452
6002,1728,1,14081,2962664561,-2669,-256
6002,1728,2,14082,2963523554,-4181,5324
6002,1728,3,14083,2964382547,605,-2599
6002,1729,0,14084,2965241540,-3217,-6823
6002,1729,1,14085,2966100533,-2770,-4973
6002,1729,2,14086,2966959526,518,-20
6002,1729,3,14087,2967818519,4639,9546
6002,1730,0,14088,2968677512,4835,2616
6002,1730,1,14089,2969536505,-3305,-1938
6002,1730,2,14090,2970395498,-2461,4733
6002,1730,3,14091,2971254491,-3748,-2296
6002,1731,0,14092,2972113484,-5297,-3170
6002,1731,1,14093,2972972477,314,2770
6002,1731,2,14094,2973831470,-3022,3187
6002,1731,3,14095,2974690463,-1386,5130
6002,1732,0,14096,2975549456,3046,-2952
6002,1732,1,14097,2976408449,-384,-5544
6002,1732,2,14098,2977267442,-1145,-1606
6002,1732,3,14099,2978126435,-1207,-6287
6002,1733,0,14100,2978985428,2546,413
6002,1733,1,14101,2979844421,2771,5532
6002,1733,2,14102,2980703414,-3933,1997
6002,1733,3,14103,2981562407,-3605,2080
6002,1734,0,14104,2982421400,-1445,-3073
6002,1734,1,14105,2983280393,-1916,-3255
6002,1734,2,14106,2984139386,-3538,-4692
6002,1734,3,14107,2984998379,-1245,-10184
6002,1735,0,14108,2985857372,2110,-6255
6002,1735,1,14109,2986716365,-1098,-4511
6002,1735,2,14110,2987575358,1762,959
6002,1735,3,14111,2988434351,-20,2913
6002,1736,0,14112,2989293344,-8799,-4051
6002,1736,1,14113,2990152337,-1568,-1483
6002,1736,2,14114,2991011330,2695,-4217
6002,1736,3,14115,2991870323,-3259,-2295
6002,1737,0,14116,2992729316,-944,8175
6002,1737,1,14117,2993588309,4455,1803
6002,1737,2,14118,2994447302,6482,1944
6002,1737,3,14119,2995306295,1958,8340
6002,1738,0,14120,2996165288,-1201,709
6002,1738,1,14121,2997024281,3909,-3790
6002,1738,2,14122,2997883274,2980,-1927
6002,1738,3,14123,2998742267,-1574,-1571
6002,1739,0,14124,2999601260,437,-2551
6002,1739,1,14125,3000460253,2349,5
6002,1739,2,14126,3001319246,3265,1740
6002,1739,3,14127,3002178239,2996,283
6002,1740,0,14128,3003037232,-755,6057
6002,1740,1,14129,3003896225,799,5282
6002,1740,2,14130,3004755218,3411,-1879
6002,1740,3,14131,3005614211,37,-457
6002,1741,0,14132,3006473204,1868,-1065
6002,1741,1,14133,3007332197,3059,-470
6002,1741,2,14134,3008191190,65,2943
6002,1741,3,14135,3009050183,2886,1462
6002,1742,0,14136,3009909176,2673,172
6002,1742,1,14137,3010768169,1943,1959
6002,1742,2,14138,3011627162,2813,4504
6002,1742,3,14139,3012486155,383,-902
6002,1743,0,14140,3013345148,4135,-2779
6002,1743,1,14141,3014204141,1633,5332
6002,1743,2,14142,3015063134,-2760,4450
6002,1743,3,14143,3015922127,5580,1674
6002,1744,0,14144,3016781120,1390,655
6002,1744,1,14145,3017640113,-5930,-173
6002,1744,2,14146,3018499106,1646,3609
6002,1744,3,14147,3019358099,1979,928
6002,1745,0,14148,3020217092,-2922,1153
6002,1745,1,14149,3021076085,-2834,393
6002,1745,2,14150,3021935078,-1133,-7680
6002,1745,3,14151,3022794071,165,-3850
6002,1746,0,14152,3023653064,-1873,-2697
6002,1746,1,14153,3024512057,-484,-5691
6002,1746,2,14154,3025371050,1539,-3314
6002,1746,3,14155,3026230043,-2058,-5528
6002,1747,0,14156,3027089036,-1365,-95
6002,1747,1,14157,3027948029,2557,3879
6002,1747,2,14158,3028807022,2427,1193
6002,1747,3,14159,3029666015,61,5985
6002,1748,0,14160,3030525008,-919,2997
6002,1748,1,14161,3031384001,2069,-2250
6002,1748,2,14162,3032242994,4722,-2352
6002,1748,3,14163,3033101987,4016,-3241
6002,1749,0,14164,3033960980,1825,3770
6002,1749,1,14165,3034819973,-2125,4569
6002,1749,2,14166,3035678966,-1762,-1198
6002,1749,3,14167,3036537959,3719,1866
6002,1750,0,14168,3037396952,2512,2329
6002,1750,1,14169,3038255945,-74,405
6002,1750,2,14170,3039114938,5186,1901
6002,1750,3,14171,3039973931,6543,1468
6002,1751,0,14172,3040832924,3284,-204
6002,1751,1,14173,3041691917,2431,1691
6002,1751,2,14174,3042550910,404,4185
6002,1751,3,14175,3043409903,1336,-2054
6002,1752,0,14176,3044268896,271,-1443
6002,1752,1,14177,3045127889,-5413,8984
6002,1752,2,14178,3045986882,-1093,345
6002,1752,3,14179,3046845875,-118,-9779
6002,1753,0,14180,3047704868,-6005,-765
6002,1753,1,14181,3048563861,1958,2057
6002,1753,2,14182,3049422854,5483,-1799
6002,1753,3,14183,3050281847,-681,-1692
6002,1754,0,14184,3051140840,1385,-1717
6002,1754,1,14185,3051999833,486,1586
6002,1754,2,14186,3052858826,-630,1561
6002,1754,3,14187,3053717819,1628,-3632
6002,1755,0,14188,3054576812,-1149,-2775
6002,1755,1,14189,3055435805,1681,121
6002,1755,2,14190,3056294798,1557,1484
6002,1755,3,14191,3057153791,-6172,1197
6002,1756,0,14192,3058012784,-4298,-5627
6002,1756,1,14193,3058871777,-636,-7934
6002,1756,2,14194,3059730770,-869,-735
6002,1756,3,14195,3060589763,-1742,935
6002,1757,0,14196,3061448756,-7046,514
6002,1757,1,14197,3062307749,-7119,3541
6002,1757,2,14198,3063166742,247,679
6002,1757,3,14199,3064025735,-722,631
6002,1758,0,14200,3064884728,-8944,4340
6002,1758,1,14201,3065743721,-5844,167
6002,1758,2,14202,3066602714,3966,-1538
6002,1758,3,14203,3067461707,5354,-493
6002,1759,0,14204,3068320700,5303,-478
6002,1759,1,14205,3069179693,4670,5135
6002,1759,2,14206,3070038686,826,4572
6002,1759,3,14207,3070897679,-1642,-1348
6002,1760,0,14208,3071756672,-2230,-1001
6002,1760,1,14209,3072615665,3431,-42
6002,1760,2,14210,3073474658,4370,333
6002,1760,3,14211,3074333651,-1595,2846
6002,1761,0,14212,3075192644,1327,7870
6002,1761,1,14213,3076051637,2519,6294
6002,1761,2,14214,3076910630,366,-1492
6002,1761,3,14215,3077769623,-20,362
6002,1762,0,14216,3078628616,-5111,-567
6002,1762,1,14217,3079487609,-2897,-4626
6002,1762,2,14218,3080346602,2434,339
6002,1762,3,14219,3081205595,450,999
6002,1763,0,14220,3082064588,101,3816
6002,1763,1,14221,3082923581,-508,3604
6002,1763,2,14222,3083782574,-1710,-4523
6002,1763,3,14223,3084641567,78,58
6002,1764,0,14224,3085500560,2463,-131
6002,1764,1,14225,3086359553,2157,-2471
6002,1764,2,14226,3087218546,374,3209
6002,1764,3,14227,3088077539,3530,-2867
6002,1765,0,14228,3088936532,2186,777
6002,1765,1,14229,3089795525,-2625,7506
6002,1765,2,14230,3090654518,2998,-1540
6002,1765,3,14231,3091513511,3133,-595
6002,1766,0,14232,3092372504,-4541,2099
6002,1766,1,14233,3093231497,-1010,3246
6002,1766,2,14234,3094090490,1547,4429
6002,1766,3,14235,3094949483,-5939,-1806
6002,1767,0,14236,3095808476,-6670,3696
6002,1767,1,14237,3096667469,-2175,1544
6002,1767,2,14238,3097526462,-1558,-6146
6002,1767,3,14239,3098385455,1758,6835
6002,1768,0,14240,3099244448,3842,5849
6002,1768,1,14241,3100103441,2273,-3329
6002,1768,2,14242,3100962434,1391,-785
6002,1768,3,14243,3101821427,-3319,-2800
6002,1769,0,14244,3102680420,-1865,1308
6002,1769,1,14245,3103539413,4854,-81
6002,1769,2,14246,3104398406,2332,-7933
6002,1769,3,14247,3105257399,1639,1263
6002,1770,0,14248,3106116392,3664,4966
6002,1770,1,14249,3106975385,-948,252
6002,1770,2,14250,3107834378,-4069,-108
6002,1770,3,14251,3108693371,-674,-3105
6002,1771,0,14252,3109552364,2839,1706
6002,1771,1,14253,3110411357,918,5327
6002,1771,2,14254,3111270350,1361,-3948
6002,1771,3,14255,3112129343,-658,-5099
6002,1772,0,14256,3112988336,-9399,2338
6002,1772,1,14257,3113847329,-3225,3476
6002,1772,2,14258,3114706322,5076,2819
6002,1772,3,14259,3115565315,-2076,4128
6002,1773,0,14260,3116424308,-4417,489
6002,1773,1,14261,3117283301,-1716,-4582
6002,1773,2,14262,3118142294,-316,-577
6002,1773,3,14263,3119001287,772,5439
6002,1774,0,14264,3119860280,-2939,1842
6002,1774,1,14265,3120719273,-2669,-5300
6002,1774,2,14266,3121578266,2637,-4785
6002,1774,3,14267,3122437259,1781,869
6002,1775,0,14268,3123296252,-5237,963
6002,1775,1,14269,3124155245,-6584,-1402
6002,1775,2,14270,3125014238,-624,4802
6002,1775,3,14271,3125873231,-1357,9192
6002,1776,0,14272,3126732224,-1783,395
6002,1776,1,14273,3127591217,5310,-3796
6002,1776,2,14274,3128450210,4322,-935
6002,1776,3,14275,3129309203,-1523,-4285
6002,1777,0,14276,3130168196,-3237,-813
6002,1777,1,14277,3131027189,-3390,3481
6002,1777,2,14278,3131886182,-888,-4242
6002,1777,3,14279,3132745175,1198,-6505
6002,1778,0,14280,3133604168,2718,-5118
6002,1778,1,14281,3134463161,1217,-2360
6002,1778,2,14282,3135322154,-6321,4038
6002,1778,3,14283,3136181147,-5317,1198
6002,1779,0,14284,3137040140,1208,-52
6002,1779,1,14285,3137899133,-1809,2018
6002,1779,2,14286,3138758126,-3260,-2046
6002,1779,3,14287,3139617119,1889,-2496
6002,1780,0,14288,3140476112,4835,127
6002,1780,1,14289,3141335105,5018,2062
6002,1780,2,14290,3142194098,3369,-489
6002,1780,3,14291,3143053091,547,-2747
6002,1781,0,14292,3143912084,-1490,-617
6002,1781,1,14293,3144771077,2157,-3740
6002,1781,2,14294,3145630070,6820,-483
6002,1781,3,14295,3146489063,4871,-372
6002,1782,0,14296,3147348056,1800,-9199
6002,1782,1,14297,3148207049,-1975,-2127
6002,1782,2,14298,3149066042,2421,-1265
6002,1782,3,14299,3149925035,11151,-6767
6002,1783,0,14300,3150784028,4203,-1019
6002,1783,1,14301,3151643021,2521,-2650
6002,1783,2,14302,3152502014,5851,1095
6002,1783,3,14303,3153361007,-1457,2866
6002,1784,0,14304,3154220000,877,-6343
6002,1784,1,14305,3155078993,2426,-1481
6002,1784,2,14306,3155937986,-9,1327
6002,1784,3,14307,3156796979,2733,-908
6002,1785,0,14308,3157655972,220,2824
6002,1785,1,14309,3158514965,1295,1990
6002,1785,2,14310,3159373958,-421,559
6002,1785,3,14311,3160232951,1263,567
6002,1786,0,14312,3161091944,6679,4532
6002,1786,1,14313,3161950937,-3725,5219
6002,1786,2,14314,3162809930,2173,1753
6002,1786,3,14315,3163668923,7668,7361
6002,1787,0,14316,3164527916,-3639,4456
6002,1787,1,14317,3165386909,4769,-2457
6002,1787,2,14318,3166245902,4178,1700
6002,1787,3,14319,3167104895,2292,-315
6002,1788,0,14320,3167963888,9736,-5777
6002,1788,1,14321,3168822881,-3535,-3321
6002,1788,2,14322,3169681874,-2643,710
6002,1788,3,14323,3170540867,369,-4050
6002,1789,0,14324,3171399860,-7045,-5509
6002,1789,1,14325,3172258853,3912,2749
6002,1789,2,14326,3173117846,2014,-502
6002,1789,3,14327,3173976839,-3999,-2190
6002,1790,0,14328,3174835832,1425,1614
6002,1790,1,14329,3175694825,-2999,-2929
6002,1790,2,14330,3176553818,-2932,-799
6002,1790,3,14331,3177412811,1882,-967
6002,1791,0,14332,3178271804,1753,-2775
6002,1791,1,14333,3179130797,-2424,1485
6002,1791,2,14334,3179989790,-1802,-733
6002,1791,3,14335,3180848783,5108,761
6002,1792,0,14336,3181707776,691,-762
6002,1792,1,14337,3182566769,-1257,-5009
6002,1792,2,14338,3183425762,906,1722
6002,1792,3,14339,3184284755,-1241,2558
6002,1793,0,14340,3185143748,2591,-2017
6002,1793,1,14341,3186002741,778,-1968
6002,1793,2,14342,3186861734,1082,2840
6002,1793,3,14343,3187720727,3209,2698
6002,1794,0,14344,3188579720,-1746,-1260
6002,1794,1,14345,3189438713,2571,3765
6002,1794,2,14346,3190297706,302,-2053
6002,1794,3,14347,3191156699,-3119,-3624
6002,1795,0,14348,3192015692,6172,6472
6002,1795,1,14349,3192874685,3994,-763
6002,1795,2,14350,3193733678,-448,2700
6002,1795,3,14351,3194592671,3651,3193
6002,1796,0,14352,3195451664,4797,-10255
6002,1796,1,14353,3196310657,89,-2312
6002,1796,2,14354,3197169650,-2101,-3992
6002,1796,3,14355,3198028643,1978,-4987
6002,1797,0,14356,3198887636,-4078,4057
6002,1797,1,14357,3199746629,-8076,-6911
6002,1797,2,14358,3200605622,-1957,-1991
6002,1797,3,14359,3201464615,-4829,4218
6002,1798,0,14360,3202323608,-5164,-6203
6002,1798,1,14361,3203182601,-688,-1202
6002,1798,2,14362,3204041594,-515,474
6002,1798,3,14363,3204900587,-2107,-1094
6002,1799,0,14364,3205759580,-2832,58
6002,1799,1,14365,3206618573,636,-2809
6002,1799,2,14366,3207477566,-1319,138
6002,1799,3,14367,3208336559,1236,-2560
6002,1800,0,14368,3209195552,6227,-1493
6002,1800,1,14369,3210054545,-2710,1730
6002,1800,2,14370,3210913538,-1663,-5716
6002,1800,3,14371,3211772531,2390,-2768
6002,1801,0,14372,3212631524,603,-4282
6002,1801,1,14373,3213490517,5643,-11759
6002,1801,2,14374,3214349510,1022,-2533
6002,1801,3,14375,3215208503,2310,1758
6002,1802,0,14376,3216067496,8979,-2692
6002,1802,1,14377,3216926489,-107,-4884
6002,1802,2,14378,3217785482,-186,-6835
6002,1802,3,14379,3218644475,3511,-2513
6002,1803,0,14380,3219503468,760,1423
6002,1803,1,14381,3220362461,2680,-813
6002,1803,2,14382,3221221454,157,-3400
6002,1803,3,14383,3222080447,-2544,-4792
6002,1804,0,14384,3222939440,-599,-4799
6002,1804,1,14385,3223798433,2299,-2124
6002,1804,2,14386,3224657426,2355,3044
6002,1804,3,14387,3225516419,-1832,1998
6002,1805,0,14388,3226375412,-67,-1207
6002,1805,1,14389,3227234405,-672,5409
6002,1805,2,14390,3228093398,-3400,6686
6002,1805,3,14391,3228952391,2230,-1442
6002,1806,0,14392,3229811384,4828,-3206
6002,1806,1,14393,3230670377,6357,-1829
6002,1806,2,14394,3231529370,4309,469
6002,1806,3,14395,3232388363,-3132,3715
6002,1807,0,14396,3233247356,1126,3142
6002,1807,1,14397,3234106349,4414,1096
6002,1807,2,14398,3234965342,507,-4392
6002,1807,3,14399,3235824335,3258,-5656
6002,1808,0,14400,3236683328,-219,1813
6002,1808,1,14401,3237542321,-9015,2250
6002,1808,2,14402,3238401314,-4718,1091
6002,1808,3,14403,3239260307,2039,6415
6002,1809,0,14404,3240119300,-446,5306
6002,1809,1,14405,3240978293,-1039,-1687
6002,1809,2,14406,3241837286,4504,-3093
6002,1809,3,14407,3242696279,5536,2138
6002,1810,0,14408,3243555272,-1546,3105
6002,1810,1,14409,3244414265,-5489,-236
6002,1810,2,14410,3245273258,605,258
6002,1810,3,14411,3246132251,4728,1260
6002,1811,0,14412,3246991244,-54,4443
6002,1811,1,14413,3247850237,-3905,2470
6002,1811,2,14414,3248709230,-3302,-4776
6002,1811,3,14415,3249568223,-3144,3550
6002,1812,0,14416,3250427216,-1407,9583
6002,1812,1,14417,3251286209,5139,156
6002,1812,2,14418,3252145202,3796,-1741
6002,1812,3,14419,3253004195,-5392,-392
6002,1813,0,14420,3253863188,-1976,-2659
6002,1813,1,14421,3254722181,3156,367
6002,1813,2,14422,3255581174,506,4039
6002,1813,3,14423,3256440167,-158,968
6002,1814,0,14424,3257299160,-5301,-3161
6002,1814,1,14425,3258158153,-1417,-1508
6002,1814,2,14426,3259017146,7666,-3097
6002,1814,3,14427,3259876139,-394,-4838
6002,1815,0,14428,3260735132,-1119,1984
6002,1815,1,14429,3261594125,3111,3029
6002,1815,2,14430,3262453118,645,-1461
6002,1815,3,14431,3263312111,3090,-2588
6002,1816,0,14432,3264171104,-6197,-3251
6002,1816,1,14433,3265030097,-6975,-1081
6002,1816,2,14434,3265889090,6269,949
6002,1816,3,14435,3266748083,-1323,2316
6002,1817,0,14436,3267607076,-3025,6999
6002,1817,1,14437,3268466069,2378,5734
6002,1817,2,14438,3269325062,-4559,-1106
6002,1817,3,14439,3270184055,-3132,1322
6002,1818,0,14440,3271043048,-1645,4725
6002,1818,1,14441,3271902041,286,-3176
6002,1818,2,14442,3272761034,1239,-3134
6002,1818,3,14443,3273620027,-7213,3347
6002,1819,0,14444,3274479020,-988,-2100
6002,1819,1,14445,3275338013,2508,-3794
6002,1819,2,14446,3276197006,-3230,-59
6002,1819,3,14447,3277055999,2248,-2388
6002,1820,0,14448,3277914992,-110,-2464
6002,1820,1,14449,3278773985,-65,-72
6002,1820,2,14450,3279632978,4669,1259
6002,1820,3,14451,3280491971,-3537,859
6002,1821,0,14452,3281350964,-3808,273
6002,1821,1,14453,3282209957,-1038,-350
6002,1821,2,14454,3283068950,-576,-2389
6002,1821,3,14455,3283927943,4888,2430
6002,1822,0,14456,3284786936,1064,5031
6002,1822,1,14457,3285645929,-358,56
6002,1822,2,14458,3286504922,1449,-511
6002,1822,3,14459,3287363915,-6510,-1891
6002,1823,0,14460,3288222908,-7962,-551
6002,1823,1,14461,3289081901,-2676,1866
6002,1823,2,14462,3289940894,-759,-4316
6002,1823,3,14463,3290799887,-294,-3419
6002,1824,0,14464,3291658880,1214,2122
6002,1824,1,14465,3292517873,1502,1502
6002,1824,2,14466,3293376866,-4631,-375
6002,1824,3,14467,3294235859,-5567,-4145
6002,1825,0,14468,3295094852,-43,-5325
6002,1825,1,14469,3295953845,-33,-5377
6002,1825,2,14470,3296812838,1142,-4098
6002,1825,3,14471,3297671831,406,5833
6002,1826,0,14472,3298530824,-3444,9326
6002,1826,1,14473,3299389817,-557,780
6002,1826,2,14474,3300248810,-700,-179
6002,1826,3,14475,3301107803,-2827,7431
6002,1827,0,14476,3301966796,178,7062
6002,1827,1,14477,3302825789,-760,1826
6002,1827,2,14478,3303684782,816,793
6002,1827,3,14479,3304543775,7958,-143
6002,1828,0,14480,3305402768,6021,3727
6002,1828,1,14481,3306261761,-587,6259
6002,1828,2,14482,3307120754,-1630,-1404
6002,1828,3,14483,3307979747,-285,-1661
6002,1829,0,14484,3308838740,2874,872
6002,1829,1,14485,3309697733,3456,-1976
6002,1829,2,14486,3310556726,-1492,780
6002,1829,3,14487,3311415719,-1626,-328
6002,1830,0,14488,3312274712,1573,-1546
6002,1830,1,14489,3313133705,1751,512
6002,1830,2,14490,3313992698,1254,-5633
6002,1830,3,14491,3314851691,-2239,-1748
6002,1831,0,14492,3315710684,1349,5901
6002,1831,1,14493,3316569677,9743,-840
6002,1831,2,14494,3317428670,-237,1121
6002,1831,3,14495,3318287663,-8411,6266
6002,1832,0,14496,3319146656,1410,-411
6002,1832,1,14497,3320005649,1914,-1531
6002,1832,2,14498,3320864642,-4204,7
6002,1832,3,14499,3321723635,-1921,-2254
6002,1833,0,14500,3322582628,-118,-3288
6002,1833,1,14501,3323441621,-2101,-6368
6002,1833,2,14502,3324300614,-2400,-4975
6002,1833,3,14503,3325159607,-396,113
6002,1834,0,14504,3326018600,-2564,-2272
6002,1834,1,14505,3326877593,-2221,-3519
6002,1834,2,14506,3327736586,1365,1636
6002,1834,3,14507,3328595579,-4339,2562
6002,1835,0,14508,3329454572,-3930,-1448
6002,1835,1,14509,3330313565,2832,-4314
6002,1835,2,14510,3331172558,1878,-4930
6002,1835,3,14511,3332031551,2037,-2279
6002,1836,0,14512,3332890544,-2893,1208
6002,1836,1,14513,3333749537,-5962,525
6002,1836,2,14514,3334608530,-1424,-2299
6002,1836,3,14515,3335467523,-4110,-2165
6002,1837,0,14516,3336326516,229,1350
6002,1837,1,14517,3337185509,5703,1507
6002,1837,2,14518,3338044502,3147,-1856
6002,1837,3,14519,3338903495,5711,-75
6002,1838,0,14520,3339762488,2868,1600
6002,1838,1,14521,3340621481,3816,-541
6002,1838,2,14522,3341480474,7754,376
6002,1838,3,14523,3342339467,-113,2859
6002,1839,0,14524,3343198460,-862,3021
6002,1839,1,14525,3344057453,-1117,-1879
6002,1839,2,14526,3344916446,-3753,-1285
6002,1839,3,14527,3345775439,753,5884
6002,1840,0,14528,3346634432,-788,-1319
6002,1840,1,14529,3347493425,-2212,-5390
6002,1840,2,14530,3348352418,-4159,3183
6002,1840,3,14531,3349211411,-5466,-1103
6002,1841,0,14532,3350070404,2361,-4387
6002,1841,1,14533,3350929397,860,-469
6002,1841,2,14534,3351788390,-4758,-2359
6002,1841,3,14535,3352647383,-2139,-1742
6002,1842,0,14536,3353506376,-433,-2643
6002,1842,1,14537,3354365369,-1738,-2729
6002,1842,2,14538,3355224362,-2936,224
6002,1842,3,14539,3356083355,168,-3090
6002,1843,0,14540,3356942348,877,-1963
6002,1843,1,14541,3357801341,451,-81
6002,1843,2,14542,3358660334,1536,-3578
6002,1843,3,14543,3359519327,-5335,-279
6002,1844,0,14544,3360378320,-5954,1345
6002,1844,1,14545,3361237313,-575,-2954
6002,1844,2,14546,3362096306,-2052,-3079
6002,1844,3,14547,3362955299,-235,-2338
6002,1845,0,14548,3363814292,2496,-684
6002,1845,1,14549,3364673285,1717,1413
6002,1845,2,14550,3365532278,1626,-3154
6002,1845,3,14551,3366391271,3390,-4262
6002,1846,0,14552,3367250264,-588,1264
6002,1846,1,14553,3368109257,-8492,-1133
6002,1846,2,14554,3368968250,-2569,-6260
6002,1846,3,14555,3369827243,-2231,-4257
6002,1847,0,14556,3370686236,-8043,1740
6002,1847,1,14557,3371545229,2603,3019
6002,1847,2,14558,3372404222,3933,-3095
6002,1847,3,14559,3373263215,1629,1415
6002,1848,0,14560,3374122208,4892,8361
6002,1848,1,14561,3374981201,-2897,305
6002,1848,2,14562,3375840194,-1127,-1660
6002,1848,3,14563,3376699187,4597,651
6002,1849,0,14564,3377558180,6018,-2712
6002,1849,1,14565,3378417173,10257,242
6002,1849,2,14566,3379276166,5016,3062
6002,1849,3,14567,3380135159,3426,1588
6002,1850,0,14568,3380994152,3200,1137
6002,1850,1,14569,3381853145,-1717,3791
6002,1850,2,14570,3382712138,-1602,4109
6002,1850,3,14571,3383571131,-5777,-2216
6002,1851,0,14572,3384430124,-660,-2494
6002,1851,1,14573,3385289117,6375,586
6002,1851,2,14574,3386148110,1711,982
6002,1851,3,14575,3387007103,5555,-160
6002,1852,0,14576,3387866096,2640,-3320
6002,1852,1,14577,3388725089,-4970,1881
6002,1852,2,14578,3389584082,-2876,3320
6002,1852,3,14579,3390443075,-2787,-41
6002,1853,0,14580,3391302068,3673,4962
6002,1853,1,14581,3392161061,2652,3506
6002,1853,2,14582,3393020054,-4469,2912
6002,1853,3,14583,3393879047,2252,3099
6002,1854,0,14584,3394738040,-3077,-4555
6002,1854,1,14585,3395597033,-9954,-3682
6002,1854,2,14586,3396456026,-31,-517
6002,1854,3,14587,3397315019,5220,2270
6002,1855,0,14588,3398174012,7105,2534
6002,1855,1,14589,3399033005,2527,-857
6002,1855,2,14590,3399891998,-4890,4682
6002,1855,3,14591,3400750991,516,2631
6002,1856,0,14592,3401609984,3251,-2218
6002,1856,1,14593,3402468977,-59,-1928
6002,1856,2,14594,3403327970,-2167,-5931
6002,1856,3,14595,3404186963,-3655,2248
6002,1857,0,14596,3405045956,-1220,7784
6002,1857,1,14597,3405904949,-2494,3030
6002,1857,2,14598,3406763942,-2027,3627
6002,1857,3,14599,3407622935,2580,1072
6002,1858,0,14600,3408481928,610,5815
6002,1858,1,14601,3409340921,4489,11017
6002,1858,2,14602,3410199914,4391,1320
6002,1858,3,14603,3411058907,-6339,-4039
6002,1859,0,14604,3411917900,-1414,-1976
6002,1859,1,14605,3412776893,1972,-2932
6002,1859,2,14606,3413635886,-3675,-5489
6002,1859,3,14607,3414494879,1210,914
6002,1860,0,14608,3415353872,-1774,3127
6002,1860,1,14609,3416212865,-7567,-9179
6002,1860,2,14610,3417071858,-1269,-6620
6002,1860,3,14611,3417930851,3386,4787
6002,1861,0,14612,3418789844,5395,3492
6002,1861,1,14613,3419648837,2773,-1456
6002,1861,2,14614,3420507830,-256,-698
6002,1861,3,14615,3421366823,440,3569
6002,1862,0,14616,3422225816,-523,-2516
6002,1862,1,14617,3423084809,1826,-1917
6002,1862,2,14618,3423943802,-1724,3903
6002,1862,3,14619,3424802795,-5308,-5093
6002,1863,0,14620,3425661788,-1291,1243
6002,1863,1,14621,3426520781,-3462,5993
6002,1863,2,14622,3427379774,1866,-1782
6002,1863,3,14623,3428238767,3706,6480
6002,1864,0,14624,3429097760,-5040,1982
6002,1864,1,14625,3429956753,517,-1896
6002,1864,2,14626,3430815746,-2996,7334
6002,1864,3,14627,3431674739,-7662,-1663
6002,1865,0,14628,3432533732,3900,-3019
6002,1865,1,14629,3433392725,648,4197
6002,1865,2,14630,3434251718,1431,953
6002,1865,3,14631,3435110711,7085,-1445
6002,1866,0,14632,3435969704,-2410,-1496
6002,1866,1,14633,3436828697,549,3999
6002,1866,2,14634,3437687690,3986,4316
6002,1866,3,14635,3438546683,-4035,-232
6002,1867,0,14636,3439405676,-4036,1337
6002,1867,1,14637,3440264669,-908,1019
6002,1867,2,14638,3441123662,3493,2234
6002,1867,3,14639,3441982655,2866,1344
6002,1868,0,14640,3442841648,-4176,768
6002,1868,1,14641,3443700641,-2910,5915
6002,1868,2,14642,3444559634,-622,1911
6002,1868,3,14643,3445418627,-4811,-4330
6002,1869,0,14644,3446277620,-5012,-2667
6002,1869,1,14645,3447136613,1869,4303
6002,1869,2,14646,3447995606,-1006,6829
6002,1869,3,14647,3448854599,-8132,1271
6002,1870,0,14648,3449713592,2879,4895
6002,1870,1,14649,3450572585,5816,6968
6002,1870,2,14650,3451431578,-5070,636
6002,1870,3,14651,3452290571,-829,2975
6002,1871,0,14652,3453149564,1100,3691
6002,1871,1,14653,3454008557,-2315,-3403
6002,1871,2,14654,3454867550,2101,-8197
6002,1871,3,14655,3455726543,2724,-4497
6002,1872,0,14656,3456585536,3510,-806
6002,1872,1,14657,3457444529,1082,-4146
6002,1872,2,14658,3458303522,-3757,-408
6002,1872,3,14659,3459162515,1608,767
6002,1873,0,14660,3460021508,738,-5985
6002,1873,1,14661,3460880501,-3863,-6421
6002,1873,2,14662,3461739494,1448,-7170
6002,1873,3,14663,3462598487,3927,-4155
6002,1874,0,14664,3463457480,2335,-1694
6002,1874,1,14665,3464316473,-1021,-4499
6002,1874,2,14666,3465175466,-2835,3641
6002,1874,3,14667,3466034459,1945,5363
6002,1875,0,14668,3466893452,1517,-4225
6002,1875,1,14669,3467752445,-263,-3604
6002,1875,2,14670,3468611438,3273,177
6002,1875,3,14671,3469470431,2817,1466
6002,1876,0,14672,3470329424,1518,3002
6002,1876,1,14673,3471188417,2200,831
6002,1876,2,14674,3472047410,5006,-2867
6002,1876,3,14675,3472906403,3157,-2446
6002,1877,0,14676,3473765396,-6747,-1145
6002,1877,1,14677,3474624389,193,-1171
6002,1877,2,14678,3475483382,10733,1273
6002,1877,3,14679,3476342375,919,-1951
6002,1878,0,14680,3477201368,-1593,-5795
6002,1878,1,14681,3478060361,-938,-2309
6002,1878,2,14682,3478919354,-6432,-4448
6002,1878,3,14683,3479778347,463,-5324
6002,1879,0,14684,3480637340,4138,-2277
6002,1879,1,14685,3481496333,2805,-785
6002,1879,2,14686,3482355326,4601,3310
6002,1879,3,14687,3483214319,1690,-3136
6002,1880,0,14688,3484073312,2472,-8159
6002,1880,1,14689,3484932305,1262,1404
6002,1880,2,14690,3485791298,-564,4216
6002,1880,3,14691,3486650291,1097,1161
6002,1881,0,14692,3487509284,-8031,1579
6002,1881,1,14693,3488368277,-9349,4551
6002,1881,2,14694,3489227270,-1013,1994
6002,1881,3,14695,3490086263,-1005,-4424
6002,1882,0,14696,3490945256,896,715
6002,1882,1,14697,3491804249,-507,1062
6002,1882,2,14698,3492663242,-2140,-3158
6002,1882,3,14699,3493522235,1602,7
6002,1883,0,14700,3494381228,-1493,-3367
6002,1883,1,14701,3495240221,2385,1565
6002,1883,2,14702,3496099214,5388,9258
6002,1883,3,14703,3496958207,-5516,3027
6002,1884,0,14704,3497817200,-6022,78
6002,1884,1,14705,3498676193,-3346,-2363
6002,1884,2,14706,3499535186,-4646,-1407
6002,1884,3,14707,3500394179,2790,-784
6002,1885,0,14708,3501253172,2380,-6126
6002,1885,1,14709,3502112165,-1094,-1269
6002,1885,2,14710,3502971158,4739,-1102
6002,1885,3,14711,3503830151,1668,1912
6002,1886,0,14712,3504689144,-180,9682
6002,1886,1,14713,3505548137,7068,-2614
6002,1886,2,14714,3506407130,3795,-1886
6002,1886,3,14715,3507266123,-244,8335
6002,1887,0,14716,3508125116,477,-597
6002,1887,1,14717,3508984109,-3960,-5268
6002,1887,2,14718,3509843102,-1124,-3073
6002,1887,3,14719,3510702095,5942,-240
6002,1888,0,14720,3511561088,3460,1095
6002,1888,1,14721,3512420081,49,2479
6002,1888,2,14722,3513279074,-944,2636
6002,1888,3,14723,3514138067,-1122,-7762
6002,1889,0,14724,3514997060,2937,-1981
6002,1889,1,14725,3515856053,2727,6878
6002,1889,2,14726,3516715046,-190,-534
6002,1889,3,14727,3517574039,3809,4883
6002,1890,0,14728,3518433032,-611,1873
6002,1890,1,14729,3519292025,-3510,-3772
6002,1890,2,14730,3520151018,11074,6108
6002,1890,3,14731,3521010011,4781,642
6002,1891,0,14732,3521869004,-11396,2420
6002,1891,1,14733,3522727997,-2455,9919
6002,1891,2,14734,3523586990,437,-478
6002,1891,3,14735,3524445983,-1769,-1838
6002,1892,0,14736,3525304976,-493,-725
6002,1892,1,14737,3526163969,-6572,-3916
6002,1892,2,14738,3527022962,-317,-883
6002,1892,3,14739,3527881955,1351,3110
6002,1893,0,14740,3528740948,-5096,4615
6002,1893,1,14741,3529599941,1808,-799
6002,1893,2,14742,3530458934,-250,729
6002,1893,3,14743,3531317927,-1736,4987
6002,1894,0,14744,3532176920,5170,881
6002,1894,1,14745,3533035913,2115,4133
6002,1894,2,14746,3533894906,5249,2542
6002,1894,3,14747,3534753899,7429,-1311
6002,1895,0,14748,3535612892,-237,3747
6002,1895,1,14749,3536471885,3319,-2160
6002,1895,2,14750,3537330878,5941,-5088
6002,1895,3,14751,3538189871,-3872,2190
6002,1896,0,14752,3539048864,-2541,2301
6002,1896,1,14753,3539907857,6315,4730
6002,1896,2,14754,3540766850,445,6844
6002,1896,3,14755,3541625843,-2051,-881
6002,1897,0,14756,3542484836,3238,-4215
6002,1897,1,14757,3543343829,551,-1515
6002,1897,2,14758,3544202822,2361,-2304
6002,1897,3,14759,3545061815,525,-31
6002,1898,0,14760,3545920808,-7199,716
6002,1898,1,14761,3546779801,-5841,-6551
6002,1898,2,14762,3547638794,-4752,-3072
6002,1898,3,14763,3548497787,420,5809
6002,1899,0,14764,3549356780,1269,3157
6002,1899,1,14765,3550215773,-4600,-242
6002,1899,2,14766,3551074766,1427,-822
6002,1899,3,14767,3551933759,128,-1609
6002,1900,0,14768,3552792752,-2529,-1923
6002,1900,1,14769,3553651745,4950,-1154
6002,1900,2,14770,3554510738,4020,703
6002,1900,3,14771,3555369731,4747,-151
6002,1901,0,14772,3556228724,4819,-2238
6002,1901,1,14773,3557087717,99,-6083
6002,1901,2,14774,3557946710,328,-2662
6002,1901,3,14775,3558805703,-1025,5126
6002,1902,0,14776,3559664696,604,-3129
6002,1902,1,14777,3560523689,2933,-6391
6002,1902,2,14778,3561382682,1618,-53
6002,1902,3,14779,3562241675,454,-3235
6002,1903,0,14780,3563100668,-3993,576
6002,1903,1,14781,3563959661,-3311,3557
6002,1903,2,14782,3564818654,3201,-1108
6002,1903,3,14783,3565677647,6946,1842
6002,1904,0,14784,3566536640,3648,2259
6002,1904,1,14785,3567395633,-3453,1823
6002,1904,2,14786,3568254626,-1670,3369
6002,1904,3,14787,3569113619,2431,-132
6002,1905,0,14788,3569972612,1731,-2883
6002,1905,1,14789,3570831605,250,-1572
6002,1905,2,14790,3571690598,-219,4279
6002,1905,3,14791,3572549591,802,1835
6002,1906,0,14792,3573408584,-2280,-9706
6002,1906,1,14793,3574267577,550,-10195
6002,1906,2,14794,3575126570,5568,-3396
6002,1906,3,14795,3575985563,-4092,831
6002,1907,0,14796,3576844556,-9039,196
6002,1907,1,14797,3577703549,-917,-1411
6002,1907,2,14798,3578562542,4016,4522
6002,1907,3,14799,3579421535,-519,7609
6002,1908,0,14800,3580280528,-4349,1461
6002,1908,1,14801,3581139521,-1817,-2095
6002,1908,2,14802,3581998514,-4413,351
6002,1908,3,14803,3582857507,-486,-2141
6002,1909,0,14804,3583716500,7174,-4866
6002,1909,1,14805,3584575493,2181,2719
6002,1909,2,14806,3585434486,2555,1202
6002,1909,3,14807,3586293479,1416,-3752
6002,1910,0,14808,3587152472,-3236,6842
6002,1910,1,14809,3588011465,1890,10429
6002,1910,2,14810,3588870458,1090,4864
6002,1910,3,14811,3589729451,828,-872
6002,1911,0,14812,3590588444,4980,-5025
6002,1911,1,14813,3591447437,5071,3616
6002,1911,2,14814,3592306430,5364,5752
6002,1911,3,14815,3593165423,1707,-517
6002,1912,0,14816,3594024416,1227,2569
6002,1912,1,14817,3594883409,3204,3549
6002,1912,2,14818,3595742402,237,3373
6002,1912,3,14819,3596601395,-1698,1302
6002,1913,0,14820,3597460388,-4458,-2710
6002,1913,1,14821,3598319381,-5978,1851
6002,1913,2,14822,3599178374,-3754,773
6002,1913,3,14823,3600037367,5449,-4397
6002,1914,0,14824,3600896360,9659,-4584
6002,1914,1,14825,3601755353,-4941,-3259
6002,1914,2,14826,3602614346,-7684,4548
6002,1914,3,14827,3603473339,3350,4773
6002,1915,0,14828,3604332332,4712,-1858
6002,1915,1,14829,3605191325,4386,-1218
6002,1915,2,14830,3606050318,854,-5391
6002,1915,3,14831,3606909311,-28,-3592
6002,1916,0,14832,3607768304,4546,6917
6002,1916,1,14833,3608627297,-20,2277
6002,1916,2,14834,3609486290,-2429,-2277
6002,1916,3,14835,3610345283,2465,3753
6002,1917,0,14836,3611204276,1541,1854
6002,1917,1,14837,3612063269,-4054,-764
6002,1917,2,14838,3612922262,-4032,2422
6002,1917,3,14839,3613781255,254,-3763
6002,1918,0,14840,3614640248,2091,-8407
6002,1918,1,14841,3615499241,5269,1606
6002,1918,2,14842,3616358234,4274,4968
6002,1918,3,14843,3617217227,-1951,1219
6002,1919,0,14844,3618076220,1694,1896
6002,1919,1,14845,3618935213,9708,-1368
6002,1919,2,14846,3619794206,4869,-1773
6002,1919,3,14847,3620653199,-3890,-2944
6002,1920,0,14848,3621512192,2364,-6745
6002,1920,1,14849,3622371185,4361,3876
6002,1920,2,14850,3623230178,-5704,5892
6002,1920,3,14851,3624089171,-793,-3976
6002,1921,0,14852,3624948164,1365,2144
6002,1921,1,14853,3625807157,-5237,4574
6002,1921,2,14854,3626666150,2997,-2968
6002,1921,3,14855,3627525143,3381,-2446
6002,1922,0,14856,3628384136,-5007,-2004
6002,1922,1,14857,3629243129,-1581,-5514
6002,1922,2,14858,3630102122,-917,-7458
6002,1922,3,14859,3630961115,-4269,-2924
6002,1923,0,14860,3631820108,-2683,3937
6002,1923,1,14861,3632679101,-2591,1736
6002,1923,2,14862,3633538094,-2475,-1657
6002,1923,3,14863,3634397087,2695,1029
6002,1924,0,14864,3635256080,5067,3255
6002,1924,1,14865,3636115073,4524,3525
6002,1924,2,14866,3636974066,4782,2336
6002,1924,3,14867,3637833059,295,200
6002,1925,0,14868,3638692052,-2830,388
6002,1925,1,14869,3639551045,-3883,2332
6002,1925,2,14870,3640410038,-3754,1793
6002,1925,3,14871,3641269031,-249,737
6002,1926,0,14872,3642128024,-883,2441
6002,1926,1,14873,3642987017,6339,848
6002,1926,2,14874,3643846010,9569,-5497
6002,1926,3,14875,3644705003,-4832,-3873
6002,1927,0,14876,3645563996,-2067,4167
6002,1927,1,14877,3646422989,9868,722
6002,1927,2,14878,3647281982,5940,-4353
6002,1927,3,14879,3648140975,-3402,-1314
6002,1928,0,14880,3648999968,-6134,-2728
6002,1928,1,14881,3649858961,1117,-322
6002,1928,2,14882,3650717954,-932,1453
6002,1928,3,14883,3651576947,-3949,-4586
6002,1929,0,14884,3652435940,3217,-1074
6002,1929,1,14885,3653294933,2008,811
6002,1929,2,14886,3654153926,3555,553
6002,1929,3,14887,3655012919,2915,3157
6002,1930,0,14888,3655871912,-2251,-1463
6002,1930,1,14889,3656730905,2352,4339
6002,1930,2,14890,3657589898,1929,3728
6002,1930,3,14891,3658448891,2865,-7308
6002,1931,0,14892,3659307884,1686,1319
6002,1931,1,14893,3660166877,-5060,811
6002,1931,2,14894,3661025870,-3550,-5849
6002,1931,3,14895,3661884863,-8495,-31
6002,1932,0,14896,3662743856,-6409,-3738
6002,1932,1,14897,3663602849,917,-3477
6002,1932,2,14898,3664461842,-4484,166
6002,1932,3,14899,3665320835,-1063,-639
6002,1933,0,14900,3666179828,-1152,1298
6002,1933,1,14901,3667038821,-6092,-4439
6002,1933,2,14902,3667897814,-918,-3108
6002,1933,3,14903,3668756807,-3050,1832
6002,1934,0,14904,3669615800,-5535,-4490
6002,1934,1,14905,3670474793,-1212,-5983
6002,1934,2,14906,3671333786,2820,-4353
6002,1934,3,14907,3672192779,1643,514
6002,1935,0,14908,3673051772,-3576,2199
6002,1935,1,14909,3673910765,235,-5723
6002,1935,2,14910,3674769758,3822,-2405
6002,1935,3,14911,3675628751,3736,1036
6002,1936,0,14912,3676487744,4599,-4571
6002,1936,1,14913,3677346737,-2027,-4887
6002,1936,2,14914,3678205730,-4937,-6160
6002,1936,3,14915,3679064723,500,-3029
6002,1937,0,14916,3679923716,1692,5434
6002,1937,1,14917,3680782709,-1992,2428
6002,1937,2,14918,3681641702,18,1091
6002,1937,3,14919,3682500695,4020,7370
6002,1938,0,14920,3683359688,-1722,1539
6002,1938,1,14921,3684218681,-3820,-1355
6002,1938,2,14922,3685077674,-31,7197
6002,1938,3,14923,3685936667,334,-696
6002,1939,0,14924,3686795660,-2194,-7514
6002,1939,1,14925,3687654653,-5733,5708
6002,1939,2,14926,3688513646,946,7155
6002,1939,3,14927,3689372639,348,-3082
6002,1940,0,14928,3690231632,-6869,-3593
6002,1940,1,14929,3691090625,689,-656
6002,1940,2,14930,3691949618,-3129,-407
6002,1940,3,14931,3692808611,-2971,1652
6002,1941,0,14932,3693667604,8836,3037
6002,1941,1,14933,3694526597,-753,-612
6002,1941,2,14934,3695385590,-2534,2674
6002,1941,3,14935,3696244583,1531,9356
6002,1942,0,14936,3697103576,-4431,3554
6002,1942,1,14937,3697962569,3762,-1701
6002,1942,2,14938,3698821562,7184,139
6002,1942,3,14939,3699680555,696,434
6002,1943,0,14940,3700539548,-2264,-2
6002,1943,1,14941,3701398541,-5034,-630
6002,1943,2,14942,3702257534,-2691,-462
6002,1943,3,14943,3703116527,-2941,2180
6002,1944,0,14944,3703975520,-1155,3463
6002,1944,1,14945,3704834513,4752,-278
6002,1944,2,14946,3705693506,2018,1174
6002,1944,3,14947,3706552499,1578,3883
6002,1945,0,14948,3707411492,2287,-4641
6002,1945,1,14949,3708270485,-679,-4044
6002,1945,2,14950,3709129478,1067,1776
6002,1945,3,14951,3709988471,133,1457
6002,1946,0,14952,3710847464,-2230,8453
6002,1946,1,14953,3711706457,3003,7068
6002,1946,2,14954,3712565450,6564,3050
6002,1946,3,14955,3713424443,634,3892
6002,1947,0,14956,3714283436,-7115,-3981
6002,1947,1,14957,3715142429,-7574,-1414
6002,1947,2,14958,3716001422,-1957,645
6002,1947,3,14959,3716860415,-1067,-4265
6002,1948,0,14960,3717719408,-4150,755
6002,1948,1,14961,3718578401,100,-752
6002,1948,2,14962,3719437394,2174,-1816
6002,1948,3,14963,3720296387,-1113,-2406
6002,1949,0,14964,3721155380,-1264,-7313
6002,1949,1,14965,3722014373,-3376,1833
6002,1949,2,14966,3722873366,2519,5673
6002,1949,3,14967,3723732359,6799,5
6002,1950,0,14968,3724591352,-2785,984
6002,1950,1,14969,3725450345,5230,2026
6002,1950,2,14970,3726309338,10272,861
6002,1950,3,14971,3727168331,-6923,-1708
6002,1951,0,14972,3728027324,-3236,-1483
6002,1951,1,14973,3728886317,4390,-2405
6002,1951,2,14974,3729745310,-305,-3021
6002,1951,3,14975,3730604303,7562,-1045
6002,1952,0,14976,3731463296,1867,-5592
6002,1952,1,14977,3732322289,-12509,-3369
6002,1952,2,14978,3733181282,-2128,-2032
6002,1952,3,14979,3734040275,5639,-7257
6002,1953,0,14980,3734899268,-189,-4344
6002,1953,1,14981,3735758261,-3211,-7214
6002,1953,2,14982,3736617254,-4294,-2041
6002,1953,3,14983,3737476247,-266,9727
6002,1954,0,14984,3738335240,610,3201
6002,1954,1,14985,3739194233,-3930,49
6002,1954,2,14986,3740053226,-591,-1732
6002,1954,3,14987,3740912219,2886,-6352
6002,1955,0,14988,3741771212,18,-2296
6002,1955,1,14989,3742630205,-5350,-1264
6002,1955,2,14990,3743489198,-3952,-1133
6002,1955,3,14991,3744348191,5305,-328
6002,1956,0,14992,3745207184,188,3123
6002,1956,1,14993,3746066177,-7782,3650
6002,1956,2,14994,3746925170,342,-4344
6002,1956,3,14995,3747784163,3571,529
6002,1957,0,14996,3748643156,58,4035
6002,1957,1,14997,3749502149,-249,-2862
6002,1957,2,14998,3750361142,2579,-43
6002,1957,3,14999,3751220135,6610,1813
6002,1958,0,15000,3752079128,1085,-385
6002,1958,1,15001,3752938121,-4833,-1393
6002,1958,2,15002,3753797114,66,-301
6002,1958,3,15003,3754656107,4515,4364
6002,1959,0,15004,3755515100,2797,4338
6002,1959,1,15005,3756374093,-613,-579
6002,1959,2,15006,3757233086,-1983,-6977
6002,1959,3,15007,3758092079,-3855,-2954
6002,1960,0,15008,3758951072,-1971,1771
6002,1960,1,15009,3759810065,3465,-7902
6002,1960,2,15010,3760669058,183,-3014
6002,1960,3,15011,3761528051,-221,4849
6002,1961,0,15012,3762387044,8256,-2801
6002,1961,1,15013,3763246037,7650,2794
6002,1961,2,15014,3764105030,479,9066
6002,1961,3,15015,3764964023,521,2181
6002,1962,0,15016,3765823016,3275,-2900
6002,1962,1,15017,3766682009,-3065,-2750
6002,1962,2,15018,3767541002,-7614,2303
6002,1962,3,15019,3768399995,-449,-516
6002,1963,0,15020,3769258988,1754,-4444
6002,1963,1,15021,3770117981,-1396,3479
6002,1963,2,15022,3770976974,-1635,3289
6002,1963,3,15023,3771835967,-3407,-1636
6002,1964,0,15024,3772694960,-2602,2483
6002,1964,1,15025,3773553953,1439,2585
6002,1964,2,15026,3774412946,3809,-1296
6002,1964,3,15027,3775271939,3571,-4565
6002,1965,0,15028,3776130932,1339,-8555
6002,1965,1,15029,3776989925,2349,-3809
6002,1965,2,15030,3777848918,4108,1544
6002,1965,3,15031,3778707911,-1770,-100
6002,1966,0,15032,3779566904,-5687,1007
6002,1966,1,15033,3780425897,287,-3326
6002,1966,2,15034,3781284890,-1718,-5965
6002,1966,3,15035,3782143883,-6662,618
6002,1967,0,15036,3783002876,2501,-1468
6002,1967,1,15037,3783861869,3873,145
6002,1967,2,15038,3784720862,169,3460
6002,1967,3,15039,3785579855,5997,-5629
6002,1968,0,15040,3786438848,743,-3667
6002,1968,1,15041,3787297841,-2886,5342
6002,1968,2,15042,3788156834,3904,7940
6002,1968,3,15043,3789015827,-1916,8594
6002,1969,0,15044,3789874820,-3930,4103
6002,1969,1,15045,3790733813,5838,1415
6002,1969,2,15046,3791592806,6490,1464
6002,1969,3,15047,3792451799,3059,2168
6002,1970,0,15048,3793310792,405,2164
6002,1970,1,15049,3794169785,-2156,-2558
6002,1970,2,15050,3795028778,3143,-2246
6002,1970,3,15051,3795887771,4673,811
6002,1971,0,15052,3796746764,-333,2524
6002,1971,1,15053,3797605757,2249,1467
6002,1971,2,15054,3798464750,521,-3428
6002,1971,3,15055,3799323743,-4394,1002
6002,1972,0,15056,3800182736,-56,3331
6002,1972,1,15057,3801041729,-84,-908
6002,1972,2,15058,3801900722,2296,506
6002,1972,3,15059,3802759715,8039,-3745
6002,1973,0,15060,3803618708,1229,-5633
6002,1973,1,15061,3804477701,966,-262
6002,1973,2,15062,3805336694,6935,1080
6002,1973,3,15063,3806195687,1101,4888
6002,1974,0,15064,3807054680,1101,2343
6002,1974,1,15065,3807913673,8966,-5842
6002,1974,2,15066,3808772666,3422,-2089
6002,1974,3,15067,3809631659,-4586,1869
6002,1975,0,15068,3810490652,-408,130
6002,1975,1,15069,3811349645,-259,2649
6002,1975,2,15070,3812208638,-499,1704
6002,1975,3,15071,3813067631,2680,-2548
6002,1976,0,15072,3813926624,-6345,-837
6002,1976,1,15073,3814785617,-2946,-3087
6002,1976,2,15074,3815644610,10514,-5080
6002,1976,3,15075,3816503603,2054,2657
6002,1977,0,15076,3817362596,-3092,3700
6002,1977,1,15077,3818221589,2881,-952
6002,1977,2,15078,3819080582,1699,-279
6002,1977,3,15079,3819939575,196,2726
6002,1978,0,15080,3820798568,1581,4816
6002,1978,1,15081,3821657561,4478,3153
6002,1978,2,15082,3822516554,1995,3820
6002,1978,3,15083,3823375547,-2045,4255
6002,1979,0,15084,3824234540,924,1245
6002,1979,1,15085,3825093533,-438,692
6002,1979,2,15086,3825952526,-2727,-1256
6002,1979,3,15087,3826811519,3758,493
6002,1980,0,15088,3827670512,7150,393
6002,1980,1,15089,3828529505,-1609,-940
6002,1980,2,15090,3829388498,-2719,7824
6002,1980,3,15091,3830247491,8695,3851
6002,1981,0,15092,3831106484,4096,-3387
6002,1981,1,15093,3831965477,-5599,861
6002,1981,2,15094,3832824470,-3964,-1871
6002,1981,3,15095,3833683463,-2405,597
6002,1982,0,15096,3834542456,-1156,2158
6002,1982,1,15097,3835401449,-4478,-5223
6002,1982,2,15098,3836260442,961,-5145
6002,1982,3,15099,3837119435,8694,-5257
6002,1983,0,15100,3837978428,-1675,-4620
6002,1983,1,15101,3838837421,218,-1361
6002,1983,2,15102,3839696414,4278,1760
6002,1983,3,15103,3840555407,-3130,878
6002,1984,0,15104,3841414400,2438,-5209
6002,1984,1,15105,3842273393,1715,3928
6002,1984,2,15106,3843132386,-3885,7956
6002,1984,3,15107,3843991379,-1200,-4187
6002,1985,0,15108,3844850372,-964,-3528
6002,1985,1,15109,3845709365,1619,-1659
6002,1985,2,15110,3846568358,2472,-3484
6002,1985,3,15111,3847427351,3906,-1764
6002,1986,0,15112,3848286344,3508,1905
6002,1986,1,15113,3849145337,-2589,5276
6002,1986,2,15114,3850004330,543,-956
6002,1986,3,15115,3850863323,2447,252
6002,1987,0,15116,3851722316,-477,66
6002,1987,1,15117,3852581309,-1674,-8686
6002,1987,2,15118,3853440302,-2910,-1758
6002,1987,3,15119,3854299295,653,-2413
6002,1988,0,15120,3855158288,-175,-4519
6002,1988,1,15121,3856017281,-670,4093
6002,1988,2,15122,3856876274,4414,-2593
6002,1988,3,15123,3857735267,3808,-1751
6002,1989,0,15124,3858594260,143,3728
6002,1989,1,15125,3859453253,-4889,-2956
6002,1989,2,15126,3860312246,-2511,-1870
6002,1989,3,15127,3861171239,2193,-292
6002,1990,0,15128,3862030232,-3182,269
6002,1990,1,15129,3862889225,-3600,-608
6002,1990,2,15130,3863748218,-728,-3400
6002,1990,3,15131,3864607211,-132,3276
6002,1991,0,15132,3865466204,-1022,2501
6002,1991,1,15133,3866325197,-5348,-2581
6002,1991,2,15134,3867184190,-3962,140
6002,1991,3,15135,3868043183,-2214,-1517
6002,1992,0,15136,3868902176,14,-2346
6002,1992,1,15137,3869761169,2302,1234
6002,1992,2,15138,3870620162,649,1712
6002,1992,3,15139,3871479155,8390,-1410
6002,1993,0,15140,3872338148,7754,-2294
6002,1993,1,15141,3873197141,-3882,-194
6002,1993,2,15142,3874056134,-1229,-1666
6002,1993,3,15143,3874915127,473,-97
6002,1994,0,15144,3875774120,-1863,3307
6002,1994,1,15145,3876633113,2785,683
6002,1994,2,15146,3877492106,2629,-724
6002,1994,3,15147,3878351099,-1600,-299
6002,1995,0,15148,3879210092,-1469,255
6002,1995,1,15149,3880069085,-1220,-359
6002,1995,2,15150,3880928078,-4797,-1179
6002,1995,3,15151,3881787071,-2975,3698
6002,1996,0,15152,3882646064,2903,3193
6002,1996,1,15153,3883505057,2110,-3154
6002,1996,2,15154,3884364050,1743,718
6002,1996,3,15155,3885223043,2373,5127
6002,1997,0,15156,3886082036,2251,-1657
6002,1997,1,15157,3886941029,5364,-4165
6002,1997,2,15158,3887800022,1553,3057
6002,1997,3,15159,3888659015,-5315,2497
6002,1998,0,15160,3889518008,-1517,-2429
6002,1998,1,15161,3890377001,4168,2657
6002,1998,2,15162,3891235994,1247,2875
6002,1998,3,15163,3892094987,-3613,-5681
6002,1999,0,15164,3892953980,-2179,-2856
6002,1999,1,15165,3893812973,1770,2875
6002,1999,2,15166,3894671966,1433,-824
6002,1999,3,15167,3895530959,-1135,-1149
6002,2000,0,15168,3896389952,-2189,-444
6002,2000,1,15169,3897248945,-3877,-1911
6002,2000,2,15170,3898107938,-3310,525
6002,2000,3,15171,3898966931,-1453,-1161
6002,2001,0,15172,3899825924,-4678,-411
6002,2001,1,15173,3900684917,-3033,5514
6002,2001,2,15174,3901543910,1353,3840
6002,2001,3,15175,3902402903,-519,527
6002,2002,0,15176,3903261896,-759,-4053
6002,2002,1,15177,3904120889,-3791,-6476
6002,2002,2,15178,3904979882,-5926,-3496
6002,2002,3,15179,3905838875,-2567,-6362
6002,2003,0,15180,3906697868,-3742,-2762
6002,2003,1,15181,3907556861,-3714,4527
6002,2003,2,15182,3908415854,-4537,2507
6002,2003,3,15183,3909274847,-6046,1860
6002,2004,0,15184,3910133840,-4815,-1282
6002,2004,1,15185,3910992833,-4425,-530
6002,2004,2,15186,3911851826,3897,5606
6002,2004,3,15187,3912710819,3817,-167
6002,2005,0,15188,3913569812,-4223,-3271
6002,2005,1,15189,3914428805,-1239,2486
6002,2005,2,15190,3915287798,-3606,50
6002,2005,3,15191,3916146791,-1007,-7221
6002,2006,0,15192,3917005784,7086,-1667
6002,2006,1,15193,3917864777,4850,6994
6002,2006,2,15194,3918723770,5351,631
6002,2006,3,15195,3919582763,-1958,1343
6002,2007,0,15196,3920441756,-4951,5351
6002,2007,1,15197,3921300749,5024,1151
6002,2007,2,15198,3922159742,-1929,10069
6002,2007,3,15199,3923018735,-6712,7214
6002,2008,0,15200,3923877728,-1692,-4595
6002,2008,1,15201,3924736721,-5426,2567
6002,2008,2,15202,3925595714,-4363,981
6002,2008,3,15203,3926454707,2116,874
6002,2009,0,15204,3927313700,2927,10534
6002,2009,1,15205,3928172693,79,3339
6002,2009,2,15206,3929031686,1031,-6127
6002,2009,3,15207,3929890679,1645,-4588
6002,2010,0,15208,3930749672,171,1230
6002,2010,1,15209,3931608665,2520,-701
6002,2010,2,15210,3932467658,-3431,-5026
6002,2010,3,15211,3933326651,-6071,2034
6002,2011,0,15212,3934185644,2533,3769
6002,2011,1,15213,3935044637,1321,3368
6002,2011,2,15214,3935903630,691,2654
6002,2011,3,15215,3936762623,987,-6217
6002,2012,0,15216,3937621616,-1932,-1110
6002,2012,1,15217,3938480609,2570,6390
6002,2012,2,15218,3939339602,1129,167
6002,2012,3,15219,3940198595,53,-2855
6002,2013,0,15220,3941057588,3051,1359
6002,2013,1,15221,3941916581,1180,4724
6002,2013,2,15222,3942775574,6428,-1485
6002,2013,3,15223,3943634567,6813,-2933
6002,2014,0,15224,3944493560,-1514,1525
6002,2014,1,15225,3945352553,-3917,-2161
6002,2014,2,15226,3946211546,-5820,2740
6002,2014,3,15227,3947070539,-4926,2510
6002,2015,0,15228,3947929532,-5403,-6182
6002,2015,1,15229,3948788525,-8431,3302
6002,2015,2,15230,3949647518,-498,5684
6002,2015,3,15231,3950506511,4186,-455
6002,2016,0,15232,3951365504,741,3244
6002,2016,1,15233,3952224497,1654,-2456
6002,2016,2,15234,3953083490,-3654,-8044
6002,2016,3,15235,3953942483,-7915,-1952
6002,2017,0,15236,3954801476,1343,2334
6002,2017,1,15237,3955660469,3958,2357
6002,2017,2,15238,3956519462,1052,-915
6002,2017,3,15239,3957378455,3086,-1426
6002,2018,0,15240,3958237448,-2635,1789
6002,2018,1,15241,3959096441,-9363,1209
6002,2018,2,15242,3959955434,-6134,2335
6002,2018,3,15243,3960814427,-1907,3564
6002,2019,0,15244,3961673420,-3025,-3490
6002,2019,1,15245,3962532413,-3370,-4929
6002,2019,2,15246,3963391406,2021,-1231
6002,2019,3,15247,3964250399,509,-6504
6002,2020,0,15248,3965109392,-3760,-1049
6002,2020,1,15249,3965968385,-2455,8007
6002,2020,2,15250,3966827378,-7723,-3775
6002,2020,3,15251,3967686371,-3785,-6774
6002,2021,0,15252,3968545364,9217,2950
6002,2021,1,15253,3969404357,5443,3672
6002,2021,2,15254,3970263350,-2341,4628
6002,2021,3,15255,3971122343,-3076,1942
6002,2022,0,15256,3971981336,1198,-2576
6002,2022,1,15257,3972840329,5199,-939
6002,2022,2,15258,3973699322,-382,-467
6002,2022,3,15259,3974558315,-1593,1150
6002,2023,0,15260,3975417308,4454,-980
6002,2023,1,15261,3976276301,4698,-2821
6002,2023,2,15262,3977135294,-25,2386
6002,2023,3,15263,3977994287,-2620,-238
6002,2024,0,15264,3978853280,-939,-1873
6002,2024,1,15265,3979712273,-537,5574
6002,2024,2,15266,3980571266,1508,4402
6002,2024,3,15267,3981430259,1360,-5393
6002,2025,0,15268,3982289252,-3945,-7984
6002,2025,1,15269,3983148245,-1506,-440
6002,2025,2,15270,3984007238,1993,1316
6002,2025,3,15271,3984866231,1496,-3476
6002,2026,0,15272,3985725224,-1172,-2038
6002,2026,1,15273,3986584217,-2815,447
6002,2026,2,15274,3987443210,1776,2164
6002,2026,3,15275,3988302203,-2686,1591
6002,2027,0,15276,3989161196,-3647,-3550
6002,2027,1,15277,3990020189,-364,-4860
6002,2027,2,15278,3990879182,-10074,-3993
6002,2027,3,15279,3991738175,-946,1359
6002,2028,0,15280,3992597168,7262,6588
6002,2028,1,15281,3993456161,-5041,-857
6002,2028,2,15282,3994315154,-970,-3865
6002,2028,3,15283,3995174147,-763,291
6002,2029,0,15284,3996033140,-7334,-703
6002,2029,1,15285,3996892133,-4463,4607
6002,2029,2,15286,3997751126,-4439,9526
6002,2029,3,15287,3998610119,1629,3705
6002,2030,0,15288,3999469112,-19,174
6002,2030,1,15289,4000328105,-3290,-1531
6002,2030,2,15290,4001187098,4623,-4241
6002,2030,3,15291,4002046091,1435,-2660
6002,2031,0,15292,4002905084,4908,-1107
6002,2031,1,15293,4003764077,5505,77
6002,2031,2,15294,4004623070,-6158,1453
6002,2031,3,15295,4005482063,1285,-2421
6002,2032,0,15296,4006341056,1987,-5875
6002,2032,1,15297,4007200049,-4794,-2598
6002,2032,2,15298,4008059042,-1455,1914
6002,2032,3,15299,4008918035,-4990,2842
6002,2033,0,15300,4009777028,1660,2646
6002,2033,1,15301,4010636021,3625,4943
6002,2033,2,15302,4011495014,-7097,2695
6002,2033,3,15303,4012354007,3909,-4324
6002,2034,0,15304,4013213000,5046,-1883
6002,2034,1,15305,4014071993,-9792,738
6002,2034,2,15306,4014930986,-4256,-6288
6002,2034,3,15307,4015789979,28,-5100
6002,2035,0,15308,4016648972,-2483,880
6002,2035,1,15309,4017507965,1459,-1154
6002,2035,2,15310,4018366958,1212,-2180
6002,2035,3,15311,4019225951,1667,-4131
6002,2036,0,15312,4020084944,1899,-6337
6002,2036,1,15313,4020943937,-3171,826
6002,2036,2,15314,4021802930,-3542,4113
6002,2036,3,15315,4022661923,-2987,609
6002,2037,0,15316,4023520916,-1361,924
6002,2037,1,15317,4024379909,4883,-544
6002,2037,2,15318,4025238902,3381,522
6002,2037,3,15319,4026097895,-629,2268
6002,2038,0,15320,4026956888,-653,-1688
6002,2038,1,15321,4027815881,-5578,2230
6002,2038,2,15322,4028674874,-5638,665
6002,2038,3,15323,4029533867,167,-5289
6002,2039,0,15324,4030392860,784,5491
6002,2039,1,15325,4031251853,3794,3350
6002,2039,2,15326,4032110846,2686,-4446
6002,2039,3,15327,4032969839,-5898,4075
6002,2040,0,15328,4033828832,-5930,-1792
6002,2040,1,15329,4034687825,-3810,-3575
6002,2040,2,15330,4035546818,-1655,5482
6002,2040,3,15331,4036405811,1464,-4171
6002,2041,0,15332,4037264804,-5281,-5756
6002,2041,1,15333,4038123797,-3736,1353
6002,2041,2,15334,4038982790,5964,-1126
6002,2041,3,15335,4039841783,1545,-57
6002,2042,0,15336,4040700776,-2483,-696
6002,2042,1,15337,4041559769,-2232,-877
6002,2042,2,15338,4042418762,-2259,2215
6002,2042,3,15339,4043277755,3972,3708
6002,2043,0,15340,4044136748,1648,6461
6002,2043,1,15341,4044995741,-3597,-116
6002,2043,2,15342,4045854734,2696,-4843
6002,2043,3,15343,4046713727,4315,3074
6002,2044,0,15344,4047572720,939,1775
6002,2044,1,15345,4048431713,2955,-7138
6002,2044,2,15346,4049290706,407,-6535
6002,2044,3,15347,4050149699,-8244,641
6002,2045,0,15348,4051008692,-3908,2920
6002,2045,1,15349,4051867685,7792,1118
6002,2045,2,15350,4052726678,2703,868
6002,2045,3,15351,4053585671,-3103,194
6002,2046,0,15352,4054444664,2368,2803
6002,2046,1,15353,4055303657,1556,3693
6002,2046,2,15354,4056162650,-1251,-789
6002,2046,3,15355,4057021643,-603,-931
6002,2047,0,15356,4057880636,1014,-1080
6002,2047,1,15357,4058739629,879,-1336
6002,2047,2,15358,4059598622,-5101,-457
6002,2047,3,15359,4060457615,-3563,-1516
6002,2048,0,15872,206153728,471,915
6002,2048,1,15873,207012721,787,-3225
6002,2048,2,15874,207871714,4640,-4335
6002,2048,3,15875,208730707,-1470,1140
6002,2049,0,15876,209589700,1278,-3292
6002,2049,1,15877,210448693,993,478
6002,2049,2,15878,211307686,-2015,2648
6002,2049,3,15879,212166679,3595,-4972
6002,2050,0,15880,213025672,-1902,-2668
6002,2050,1,15881,213884665,231,-1454
6002,2050,2,15882,214743658,1643,2192
6002,2050,3,15883,215602651,-2431,6958
6002,2051,0,15884,216461644,7363,1050
6002,2051,1,15885,217320637,5965,-1887
6002,2051,2,15886,218179630,4120,-5147
6002,2051,3,15887,219038623,4633,-6162
6002,2052,0,15888,219897616,-3101,-2035
6002,2052,1,15889,220756609,2798,-2915
6002,2052,2,15890,221615602,1911,843
6002,2052,3,15891,222474595,-2489,1541
6002,2053,0,15892,223333588,6033,-3006
6002,2053,1,15893,224192581,4396,1917
6002,2053,2,15894,225051574,1499,1725
6002,2053,3,15895,225910567,3646,-3234
6002,2054,0,15896,226769560,1020,-155
6002,2054,1,15897,227628553,-1067,-935
6002,2054,2,15898,228487546,-270,-5133
6002,2054,3,15899,229346539,-1768,1038
6002,2055,0,15900,230205532,-3145,9523
6002,2055,1,15901,231064525,3999,3391
6002,2055,2,15902,231923518,1010,-5636
6002,2055,3,15903,232782511,-6835,-2959
6002,2056,0,15904,233641504,2713,-3162
6002,2056,1,15905,234500497,4387,-5705
6002,2056,2,15906,235359490,-2556,-295
6002,2056,3,15907,236218483,-4786,994
6002,2057,0,15908,237077476,-4424,248
6002,2057,1,15909,237936469,3187,3265
6002,2057,2,15910,238795462,-902,1505
6002,2057,3,15911,239654455,-8189,1051
6002,2058,0,15912,240513448,-502,1339
6002,2058,1,15913,241372441,2414,-1960
6002,2058,2,15914,242231434,-527,2556
6002,2058,3,15915,243090427,-1308,5384
6002,2059,0,15916,243949420,1327,-761
6002,2059,1,15917,244808413,2898,1111
6002,2059,2,15918,245667406,-107,5995
6002,2059,3,15919,246526399,1283,2546
6002,2060,0,15920,247385392,4567,294
6002,2060,1,15921,248244385,5498,2009
6002,2060,2,15922,249103378,780,1682
6002,2060,3,15923,249962371,-493,777
6002,2061,0,15924,250821364,2053,-640
6002,2061,1,15925,251680357,-7383,-4354
6002,2061,2,15926,252539350,-646,-4162
6002,2061,3,15927,253398343,9683,-3274
6002,2062,0,15928,254257336,-3694,-5745
6002,2062,1,15929,255116329,-732,-1112
6002,2062,2,15930,255975322,1689,2254
6002,2062,3,15931,256834315,-6069,-2941
6002,2063,0,15932,257693308,1942,-3755
6002,2063,1,15933,258552301,-2016,-3864
6002,2063,2,15934,259411294,-4135,-3849
6002,2063,3,15935,260270287,1043,-1305
6002,2064,0,15936,261129280,-7864,-3394
6002,2064,1,15937,261988273,-1761,-322
6002,2064,2,15938,262847266,6371,2574
6002,2064,3,15939,263706259,-2386,-4648
6002,2065,0,15940,264565252,-2850,-4380
6002,2065,1,15941,265424245,5148,357
6002,2065,2,15942,266283238,6476,-538
6002,2065,3,15943,267142231,-2331,1460
6002,2066,0,15944,268001224,-1474,2729
6002,2066,1,15945,268860217,8087,-1694
6002,2066,2,15946,269719210,6119,-3443
6002,2066,3,15947,270578203,7678,434
6002,2067,0,15948,271437196,7617,-1201
6002,2067,1,15949,272296189,-1103,-3408
6002,2067,2,15950,273155182,2569,4391
6002,2067,3,15951,274014175,3291,713
6002,2068,0,15952,274873168,-4505,-8274
6002,2068,1,15953,275732161,-3535,-374
6002,2068,2,15954,276591154,-5721,3074
6002,2068,3,15955,277450147,-8507,868
6002,2069,0,15956,278309140,-1029,413
6002,2069,1,15957,279168133,2005,-3630
6002,2069,2,15958,280027126,258,1720
6002,2069,3,15959,280886119,2643,3295
6002,2070,0,15960,281745112,3646,-3142
6002,2070,1,15961,282604105,1417,-1254
6002,2070,2,15962,283463098,-824,-1850
6002,2070,3,15963,284322091,-886,1752
6002,2071,0,15964,285181084,-1762,9309
6002,2071,1,15965,286040077,-1917,4640
6002,2071,2,15966,286899070,5073,36
6002,2071,3,15967,287758063,5173,-1656
6002,2072,0,15968,288617056,-1081,-2559
6002,2072,1,15969,289476049,1950,529
6002,2072,2,15970,290335042,977,326
6002,2072,3,15971,291194035,-2229,-3979
6002,2073,0,15972,292053028,821,-4595
6002,2073,1,15973,292912021,-1328,1324
6002,2073,2,15974,293771014,59,1339
6002,2073,3,15975,294630007,4496,899
6002,2074,0,15976,295489000,248,4530
6002,2074,1,15977,296347993,-9,-3943
6002,2074,2,15978,297206986,4476,-1368
6002,2074,3,15979,298065979,-2071,9413
6002,2075,0,15980,298924972,-8364,575
6002,2075,1,15981,299783965,4125,-1086
6002,2075,2,15982,300642958,7697,3248
6002,2075,3,15983,301501951,-8049,1150
6002,2076,0,15984,302360944,-4326,4763
6002,2076,1,15985,303219937,5715,4256
6002,2076,2,15986,304078930,-1386,2282
6002,2076,3,15987,304937923,-4441,42
6002,2077,0,15988,305796916,-3100,-2823
6002,2077,1,15989,306655909,1988,259
6002,2077,2,15990,307514902,9689,-456
6002,2077,3,15991,308373895,6271,2160
6002,2078,0,15992,309232888,2010,3849
6002,2078,1,15993,310091881,622,-2871
6002,2078,2,15994,310950874,-726,-2007
6002,2078,3,15995,311809867,2591,-1897
6002,2079,0,15996,312668860,415,-4613
6002,2079,1,15997,313527853,-8413,-1689
6002,2079,2,15998,314386846,-9312,-25
6002,2079,3,15999,315245839,-1842,937
6002,2080,0,16000,316104832,-43,1757
6002,2080,1,16001,316963825,-3444,2202
6002,2080,2,16002,317822818,-2265,4026
6002,2080,3,16003,318681811,1488,8392
6002,2081,0,16004,319540804,4217,7340
6002,2081,1,16005,320399797,-2686,-525
6002,2081,2,16006,321258790,-10628,809
6002,2081,3,16007,322117783,-2729,-191
6002,2082,0,16008,322976776,15,-3256
6002,2082,1,16009,323835769,-4579,5418
6002,2082,2,16010,324694762,-511,5481
6002,2082,3,16011,325553755,-768,1681
6002,2083,0,16012,326412748,-1370,1265
6002,2083,1,16013,327271741,2553,-3002
6002,2083,2,16014,328130734,-399,-2607
6002,2083,3,16015,328989727,-3735,-3401
6002,2084,0,16016,329848720,-850,1104
6002,2084,1,16017,330707713,2972,6264
6002,2084,2,16018,331566706,2481,-2074
6002,2084,3,16019,332425699,3144,-756
6002,2085,0,16020,333284692,5588,3268
6002,2085,1,16021,334143685,4188,-4011
6002,2085,2,16022,335002678,3512,-5571
6002,2085,3,16023,335861671,-1531,-1553
6002,2086,0,16024,336720664,-1782,127
6002,2086,1,16025,337579657,7713,-1009
6002,2086,2,16026,338438650,3735,1400
6002,2086,3,16027,339297643,1277,-1569
6002,2087,0,16028,340156636,4995,-9263
6002,2087,1,16029,341015629,214,-414
6002,2087,2,16030,341874622,3116,770
6002,2087,3,16031,342733615,1473,-8870
6002,2088,0,16032,343592608,-1068,-234
6002,2088,1,16033,344451601,6049,7218
6002,2088,2,16034,345310594,-3532,5256
6002,2088,3,16035,346169587,-7204,1507
6002,2089,0,16036,347028580,-1603,-1925
6002,2089,1,16037,347887573,-6266,1954
6002,2089,2,16038,348746566,5519,-2268
6002,2089,3,16039,349605559,11129,-4903
6002,2090,0,16040,350464552,-2685,5315
6002,2090,1,16041,351323545,-2623,1231
6002,2090,2,16042,352182538,-77,-4856
6002,2090,3,16043,353041531,1717,1971
6002,2091,0,16044,353900524,4932,-905
6002,2091,1,16045,354759517,-3435,-6370
6002,2091,2,16046,355618510,-6375,-2266
6002,2091,3,16047,356477503,-1280,1324
6002,2092,0,16048,357336496,-2848,1837
6002,2092,1,16049,358195489,-4665,-3144
6002,2092,2,16050,359054482,342,-7226
6002,2092,3,16051,359913475,4794,-4039
6002,2093,0,16052,360772468,1172,-4914
6002,2093,1,16053,361631461,-276,-5606
6002,2093,2,16054,362490454,6296,-2417
6002,2093,3,16055,363349447,8138,-2682
6002,2094,0,16056,364208440,3125,-34
6002,2094,1,16057,365067433,-415,1276
6002,2094,2,16058,365926426,-2346,-3389
6002,2094,3,16059,366785419,-4474,-4841
6002,2095,0,16060,367644412,-4255,-1917
6002,2095,1,16061,368503405,-1090,-350
6002,2095,2,16062,369362398,1729,-4045
6002,2095,3,16063,370221391,1657,-3828
6002,2096,0,16064,371080384,2545,30
6002,2096,1,16065,371939377,3362,-436
6002,2096,2,16066,372798370,-1754,429
6002,2096,3,16067,373657363,-2144,-5
6002,2097,0,16068,374516356,813,4121
6002,2097,1,16069,375375349,-1706,7102
6002,2097,2,16070,376234342,2068,-2303
6002,2097,3,16071,377093335,2412,-1085
6002,2098,0,16072,377952328,-1784,-416
6002,2098,1,16073,378811321,3462,-5574
6002,2098,2,16074,379670314,684,1966
6002,2098,3,16075,380529307,-3928,-1840
6002,2099,0,16076,381388300,-1813,-4865
6002,2099,1,16077,382247293,-4281,2591
6002,2099,2,16078,383106286,-143,-2084
6002,2099,3,16079,383965279,4207,-699
6002,2100,0,16080,384824272,1980,-1200
6002,2100,1,16081,385683265,-703,-7065
6002,2100,2,16082,386542258,-4104,-562
6002,2100,3,16083,387401251,514,-1392
6002,2101,0,16084,388260244,2348,-1664
6002,2101,1,16085,389119237,21,2115
6002,2101,2,16086,389978230,558,-2349
6002,2101,3,16087,390837223,-4893,1429
6002,2102,0,16088,391696216,-2094,3447
6002,2102,1,16089,392555209,1236,215
6002,2102,2,16090,393414202,-4177,2794
6002,2102,3,16091,394273195,-607,1580
6002,2103,0,16092,395132188,1956,4988
6002,2103,1,16093,395991181,2473,8787
6002,2103,2,16094,396850174,2035,1835
6002,2103,3,16095,397709167,-2669,372
6002,2104,0,16096,398568160,244,330
6002,2104,1,16097,399427153,1398,-2486
6002,2104,2,16098,400286146,1519,3710
6002,2104,3,16099,401145139,1938,5462
6002,2105,0,16100,402004132,-3297,-2691
6002,2105,1,16101,402863125,-1622,-2831
6002,2105,2,16102,403722118,-1242,1105
6002,2105,3,16103,404581111,-2198,-3127
6002,2106,0,16104,405440104,972,-3848
6002,2106,1,16105,406299097,-359,1333
6002,2106,2,16106,407158090,3676,-2330
6002,2106,3,16107,408017083,4642,-2355
6002,2107,0,16108,408876076,-1173,4294
6002,2107,1,16109,409735069,1051,-2566
6002,2107,2,16110,410594062,1024,-5105
6002,2107,3,16111,411453055,-2100,1282
6002,2108,0,16112,412312048,-1412,370
6002,2108,1,16113,413171041,-1075,3104
6002,2108,2,16114,414030034,-3304,-1553
6002,2108,3,16115,414889027,-5795,-6977
6002,2109,0,16116,415748020,-1810,1921
6002,2109,1,16117,416607013,2170,-893
6002,2109,2,16118,417466006,99,-574
6002,2109,3,16119,418324999,-2042,6006
6002,2110,0,16120,419183992,-411,-1978
6002,2110,1,16121,420042985,3356,-1683
6002,2110,2,16122,420901978,3281,2226
6002,2110,3,16123,421760971,1243,2854
6002,2111,0,16124,422619964,-3284,2651
6002,2111,1,16125,423478957,-3493,-3090
6002,2111,2,16126,424337950,6927,2647
6002,2111,3,16127,425196943,4622,1530
6002,2112,0,16128,426055936,-3598,-3856
6002,2112,1,16129,426914929,1507,3454
6002,2112,2,16130,427773922,575,-1837
6002,2112,3,16131,428632915,-3353,-589
6002,2113,0,16132,429491908,4172,7169
6002,2113,1,16133,430350901,7475,2645
6002,2113,2,16134,431209894,-2514,4132
6002,2113,3,16135,432068887,-6712,-441
6002,2114,0,16136,432927880,1252,-3992
6002,2114,1,16137,433786873,3279,-1669
6002,2114,2,16138,434645866,3770,-4615
6002,2114,3,16139,435504859,6502,1540
6002,2115,0,16140,436363852,1967,-3485
6002,2115,1,16141,437222845,-4334,-9488
6002,2115,2,16142,438081838,-7736,2445
6002,2115,3,16143,438940831,-525,1955
6002,2116,0,16144,439799824,6870,924
6002,2116,1,16145,440658817,1069,3214
6002,2116,2,16146,441517810,-1315,-2314
6002,2116,3,16147,442376803,-1146,-1100
6002,2117,0,16148,443235796,-115,1115
6002,2117,1,16149,444094789,2370,3249
6002,2117,2,16150,444953782,-2888,1462
6002,2117,3,16151,445812775,-4838,-3746
6002,2118,0,16152,446671768,-3657,-1402
6002,2118,1,16153,447530761,-971,-2920
6002,2118,2,16154,448389754,2548,-426
6002,2118,3,16155,449248747,1250,2780
6002,2119,0,16156,450107740,4923,-5084
6002,2119,1,16157,450966733,-29,1324
6002,2119,2,16158,451825726,-7458,7414
6002,2119,3,16159,452684719,2396,-3356
6002,2120,0,16160,453543712,5485,-2003
6002,2120,1,16161,454402705,1158,1527
6002,2120,2,16162,455261698,-1434,-2861
6002,2120,3,16163,456120691,-3559,2146
6002,2121,0,16164,456979684,-1288,748
6002,2121,1,16165,457838677,-3526,-4428
6002,2121,2,16166,458697670,-2290,5609
6002,2121,3,16167,459556663,718,7340
6002,2122,0,16168,460415656,327,786
6002,2122,1,16169,461274649,3105,2834
6002,2122,2,16170,462133642,-3128,767
6002,2122,3,16171,462992635,-1893,-1677
6002,2123,0,16172,463851628,8665,-3572
6002,2123,1,16173,464710621,4747,-7828
6002,2123,2,16174,465569614,2315,-1379
6002,2123,3,16175,466428607,2240,2338
6002,2124,0,16176,467287600,-189,-3203
6002,2124,1,16177,468146593,-442,-2783
6002,2124,2,16178,469005586,-3921,378
6002,2124,3,16179,469864579,699,2270
6002,2125,0,16180,470723572,3064,2348
6002,2125,1,16181,471582565,-3740,-1565
6002,2125,2,16182,472441558,994,-2373
6002,2125,3,16183,473300551,5723,1303
6002,2126,0,16184,474159544,305,265
6002,2126,1,16185,475018537,1975,-1763
6002,2126,2,16186,475877530,9071,2013
6002,2126,3,16187,476736523,5145,2133
6002,2127,0,16188,477595516,1621,-844
6002,2127,1,16189,478454509,7649,1492
6002,2127,2,16190,479313502,3030,7712
6002,2127,3,16191,480172495,-1304,7648
6002,2128,0,16192,481031488,3378,-5254
6002,2128,1,16193,481890481,-2879,-8877
6002,2128,2,16194,482749474,-3937,-1315
6002,2128,3,16195,483608467,4158,-3432
6002,2129,0,16196,484467460,1124,-3576
6002,2129,1,16197,485326453,-3675,-199
6002,2129,2,16198,486185446,-4130,681
6002,2129,3,16199,487044439,-1289,800
6002,2130,0,16200,487903432,5073,-3785
6002,2130,1,16201,488762425,3667,-680
6002,2130,2,16202,489621418,-2327,2674
6002,2130,3,16203,490480411,1594,-2785
6002,2131,0,16204,491339404,8884,-2348
6002,2131,1,16205,492198397,6802,-391
6002,2131,2,16206,493057390,3100,173
6002,2131,3,16207,493916383,2629,-336
6002,2132,0,16208,494775376,-1909,-2029
6002,2132,1,16209,495634369,-3112,-388
6002,2132,2,16210,496493362,3582,756
6002,2132,3,16211,497352355,2780,1731
6002,2133,0,16212,498211348,-3134,-1412
6002,2133,1,16213,499070341,175,535
6002,2133,2,16214,499929334,2349,8778
6002,2133,3,16215,500788327,2033,4098
6002,2134,0,16216,501647320,3915,412
6002,2134,1,16217,502506313,-1729,-2430
6002,2134,2,16218,503365306,627,-6636
6002,2134,3,16219,504224299,6684,3508
6002,2135,0,16220,505083292,-782,8141
6002,2135,1,16221,505942285,1055,3803
6002,2135,2,16222,506801278,889,-3324
6002,2135,3,16223,507660271,-7348,-7186
6002,2136,0,16224,508519264,616,2962
6002,2136,1,16225,509378257,5284,3388
6002,2136,2,16226,510237250,2989,1798
6002,2136,3,16227,511096243,1498,3387
6002,2137,0,16228,511955236,-308,-5919
6002,2137,1,16229,512814229,5022,-1840
6002,2137,2,16230,513673222,-713,640
6002,2137,3,16231,514532215,-4177,-5997
6002,2138,0,16232,515391208,404,876
6002,2138,1,16233,516250201,-8548,2017
6002,2138,2,16234,517109194,-2421,-1523
6002,2138,3,16235,517968187,3499,-1902
6002,2139,0,16236,518827180,-5793,-4020
6002,2139,1,16237,519686173,3664,-493
6002,2139,2,16238,520545166,3095,-261
6002,2139,3,16239,521404159,-6073,-3641
6002,2140,0,16240,522263152,3304,-710
6002,2140,1,16241,523122145,2985,3530
6002,2140,2,16242,523981138,357,-720
6002,2140,3,16243,524840131,3617,-4802
6002,2141,0,16244,525699124,-489,-720
6002,2141,1,16245,526558117,-80,-5275
6002,2141,2,16246,527417110,895,-2818
6002,2141,3,16247,528276103,-1660,6753
6002,2142,0,16248,529135096,-1487,-6250
6002,2142,1,16249,529994089,-2775,-9903
6002,2142,2,16250,530853082,-4266,205
6002,2142,3,16251,531712075,-3758,-910
6002,2143,0,16252,532571068,-3846,1564
6002,2143,1,16253,533430061,-4819,824
6002,2143,2,16254,534289054,3340,-313
6002,2143,3,16255,535148047,14356,2397
6002,2144,0,16256,536007040,5287,-3502
6002,2144,1,16257,536866033,-3543,-1423
6002,2144,2,16258,537725026,4346,3540
6002,2144,3,16259,538584019,1314,2849
6002,2145,0,16260,539443012,-7968,3415
6002,2145,1,16261,540302005,-5802,75
6002,2145,2,16262,541160998,-2670,5625
6002,2145,3,16263,542019991,473,8327
6002,2146,0,16264,542878984,614,-4130
6002,2146,1,16265,543737977,-7470,-1882
6002,2146,2,16266,544596970,-6992,5374
6002,2146,3,16267,545455963,3250,985
6002,2147,0,16268,546314956,5119,982
6002,2147,1,16269,547173949,2107,2313
6002,2147,2,16270,548032942,2921,1314
6002,2147,3,16271,548891935,399,-732
6002,2148,0,16272,549750928,-4020,-3213
6002,2148,1,16273,550609921,-2677,-676
6002,2148,2,16274,551468914,957,-2660
6002,2148,3,16275,552327907,6137,-6216
6002,2149,0,16276,553186900,8017,-1415
6002,2149,1,16277,554045893,-603,-295
6002,2149,2,16278,554904886,-5620,-3632
6002,2149,3,16279,555763879,-3930,-4699
6002,2150,0,16280,556622872,-5717,-4274
6002,2150,1,16281,557481865,-1348,-930
6002,2150,2,16282,558340858,2775,1288
6002,2150,3,16283,559199851,-5246,1009
6002,2151,0,16284,560058844,-5814,2359
6002,2151,1,16285,560917837,805,3922
6002,2151,2,16286,561776830,-2518,781
6002,2151,3,16287,562635823,-4816,-2092
6002,2152,0,16288,563494816,-2056,1664
6002,2152,1,16289,564353809,-2124,2701
6002,2152,2,16290,565212802,-930,2359
6002,2152,3,16291,566071795,-2677,2685
6002,2153,0,16292,566930788,-4257,-1226
6002,2153,1,16293,567789781,2272,2537
6002,2153,2,16294,568648774,251,5699
6002,2153,3,16295,569507767,-3975,1559
6002,2154,0,16296,570366760,3452,3013
6002,2154,1,16297,571225753,952,3797
6002,2154,2,16298,572084746,-3665,3935
6002,2154,3,16299,572943739,3940,-2095
6002,2155,0,16300,573802732,1780,-11164
6002,2155,1,16301,574661725,-3777,-2519
6002,2155,2,16302,575520718,2074,3398
6002,2155,3,16303,576379711,2665,-1729
6002,2156,0,16304,577238704,-4418,-2155
6002,2156,1,16305,578097697,-1528,1757
6002,2156,2,16306,578956690,7323,7400
6002,2156,3,16307,579815683,6554,2972
6002,2157,0,16308,580674676,4154,-2988
6002,2157,1,16309,581533669,1190,-2142
6002,2157,2,16310,582392662,-6251,-230
6002,2157,3,16311,583251655,-2206,4742
6002,2158,0,16312,584110648,4255,-2252
6002,2158,1,16313,584969641,3527,-6532
6002,2158,2,16314,585828634,6032,471
6002,2158,3,16315,586687627,5369,-335
6002,2159,0,16316,587546620,4105,5417
6002,2159,1,16317,588405613,3357,3343
6002,2159,2,16318,589264606,1345,-4981
6002,2159,3,16319,590123599,5639,1916
6002,2160,0,16320,590982592,1366,-3069
6002,2160,1,16321,591841585,-3411,-5282
6002,2160,2,16322,592700578,4166,4664
6002,2160,3,16323,593559571,763,1776
6002,2161,0,16324,594418564,-3245,-1212
6002,2161,1,16325,595277557,1533,1856
6002,2161,2,16326,596136550,-2989,3306
6002,2161,3,16327,596995543,-4250,-3080
6002,2162,0,16328,597854536,2273,-3721
6002,2162,1,16329,598713529,3134,4169
6002,2162,2,16330,599572522,1685,-142
6002,2162,3,16331,600431515,1017,3703
6002,2163,0,16332,601290508,208,4885
6002,2163,1,16333,602149501,-2718,-6497
6002,2163,2,16334,603008494,-4352,1759
6002,2163,3,16335,603867487,309,2065
6002,2164,0,16336,604726480,596,-8345
6002,2164,1,16337,605585473,46,-5744
6002,2164,2,16338,606444466,7899,-3773
6002,2164,3,16339,607303459,5846,1924
6002,2165,0,16340,608162452,-268,4672
6002,2165,1,16341,609021445,4826,1419
6002,2165,2,16342,609880438,-602,-776
6002,2165,3,16343,610739431,-8424,-181
6002,2166,0,16344,611598424,-606,5844
6002,2166,1,16345,612457417,1854,-179
6002,2166,2,16346,613316410,-363,510
6002,2166,3,16347,614175403,553,9048
6002,2167,0,16348,615034396,-1290,-1471
6002,2167,1,16349,615893389,-267,-1060
6002,2167,2,16350,616752382,333,4489
6002,2167,3,16351,617611375,23,1943
6002,2168,0,16352,618470368,-163,8727
6002,2168,1,16353,619329361,-2252,7178
6002,2168,2,16354,620188354,3604,2349
6002,2168,3,16355,621047347,5717,279
6002,2169,0,16356,621906340,-3701,-5533
6002,2169,1,16357,622765333,-8357,-1911
6002,2169,2,16358,623624326,-9173,4267
6002,2169,3,16359,624483319,-6007,4933
6002,2170,0,16360,625342312,1034,962
6002,2170,1,16361,626201305,1174,-318
6002,2170,2,16362,627060298,-691,4677
6002,2170,3,16363,627919291,-1019,4805
6002,2171,0,16364,628778284,-2347,3310
6002,2171,1,16365,629637277,-231,1500
6002,2171,2,16366,630496270,4079,791
6002,2171,3,16367,631355263,4917,3558
6002,2172,0,16368,632214256,1348,5582
6002,2172,1,16369,633073249,-1895,5436
6002,2172,2,16370,633932242,-1228,-1258
6002,2172,3,16371,634791235,-968,2237
6002,2173,0,16372,635650228,-2811,7678
6002,2173,1,16373,636509221,-293,301
6002,2173,2,16374,637368214,3681,5037
6002,2173,3,16375,638227207,-851,3240
6002,2174,0,16376,639086200,-6456,-2218
6002,2174,1,16377,639945193,-2453,5890
6002,2174,2,16378,640804186,2702,-2688
6002,2174,3,16379,641663179,1772,-4039
6002,2175,0,16380,642522172,2638,1420
6002,2175,1,16381,643381165,4027,-3635
6002,2175,2,16382,644240158,-1513,6976
6002,2175,3,16383,645099151,-1152,4038
6002,2176,0,16384,645958144,2929,-3416
6002,2176,1,16385,646817137,-1833,7288
6002,2176,2,16386,647676130,2063,2383
6002,2176,3,16387,648535123,6428,44
6002,2177,0,16388,649394116,-2077,801
6002,2177,1,16389,650253109,-580,-5346
6002,2177,2,16390,651112102,1016,3429
6002,2177,3,16391,651971095,-4749,1755
6002,2178,0,16392,652830088,-832,-10274
6002,2178,1,16393,653689081,1574,-5039
6002,2178,2,16394,654548074,80,4545
6002,2178,3,16395,655407067,-258,3672
6002,2179,0,16396,656266060,-571,-3133
6002,2179,1,16397,657125053,851,-2821
6002,2179,2,16398,657984046,-3073,-1657
6002,2179,3,16399,658843039,-125,-1049
6002,2180,0,16400,659702032,6825,3323
6002,2180,1,16401,660561025,-1307,-3863
6002,2180,2,16402,661420018,-4243,-6590
6002,2180,3,16403,662279011,120,-1346
6002,2181,0,16404,663138004,-1949,-6613
6002,2181,1,16405,663996997,-3904,-1567
6002,2181,2,16406,664855990,-7305,6572
6002,2181,3,16407,665714983,-2414,3907
6002,2182,0,16408,666573976,6929,8224
6002,2182,1,16409,667432969,1884,6214
6002,2182,2,16410,668291962,-1111,-4075
6002,2182,3,16411,669150955,3292,-5680
6002,2183,0,16412,670009948,3413,-4534
6002,2183,1,16413,670868941,2604,460
6002,2183,2,16414,671727934,-668,4479
6002,2183,3,16415,672586927,-3201,314
6002,2184,0,16416,673445920,-1530,1015
6002,2184,1,16417,674304913,126,2519
6002,2184,2,16418,675163906,3477,-3180
6002,2184,3,16419,676022899,2147,789
6002,2185,0,16420,676881892,-4825,9045
6002,2185,1,16421,677740885,-4660,1894
6002,2185,2,16422,678599878,-990,1304
6002,2185,3,16423,679458871,-1159,11170
6002,2186,0,16424,680317864,-20,3063
6002,2186,1,16425,681176857,180,-5126
6002,2186,2,16426,682035850,-2403,-3610
6002,2186,3,16427,682894843,1151,-5428
6002,2187,0,16428,683753836,6338,1025
6002,2187,1,16429,684612829,2361,2995
6002,2187,2,16430,685471822,-4358,-1676
6002,2187,3,16431,686330815,-4261,563
6002,2188,0,16432,687189808,1833,-564
6002,2188,1,16433,688048801,1000,5527
6002,2188,2,16434,688907794,-6695,6996
6002,2188,3,16435,689766787,-3162,-1376
6002,2189,0,16436,690625780,-611,6534
6002,2189,1,16437,691484773,-5053,2296
6002,2189,2,16438,692343766,1890,-6362
6002,2189,3,16439,693202759,1134,6374
6002,2190,0,16440,694061752,-7112,3611
6002,2190,1,16441,694920745,1270,-5245
6002,2190,2,16442,695779738,5065,-3759
6002,2190,3,16443,696638731,-616,-5261
6002,2191,0,16444,697497724,-786,-3674
6002,2191,1,16445,698356717,-595,-2972
6002,2191,2,16446,699215710,698,1989
6002,2191,3,16447,700074703,618,4057
6002,2192,0,16448,700933696,787,-6354
6002,2192,1,16449,701792689,5109,-4485
6002,2192,2,16450,702651682,4732,166
6002,2192,3,16451,703510675,602,-5215
6002,2193,0,16452,704369668,-1375,-3887
6002,2193,1,16453,705228661,-35,1092
6002,2193,2,16454,706087654,-1432,384
6002,2193,3,16455,706946647,-2997,-3088
6002,2194,0,16456,707805640,693,-478
6002,2194,1,16457,708664633,-3232,3873
6002,2194,2,16458,709523626,-2298,4116
6002,2194,3,16459,710382619,5578,4440
6002,2195,0,16460,711241612,-194,1207
6002,2195,1,16461,712100605,-105,869
6002,2195,2,16462,712959598,1308,3182
6002,2195,3,16463,713818591,-6025,-478
6002,2196,0,16464,714677584,-2832,-3338
6002,2196,1,16465,715536577,-3023,-6043
6002,2196,2,16466,716395570,-2714,-4799
6002,2196,3,16467,717254563,2534,-182
6002,2197,0,16468,718113556,-3934,-3881
6002,2197,1,16469,718972549,-4793,-5511
6002,2197,2,16470,719831542,-2668,2016
6002,2197,3,16471,720690535,-5304,3487
6002,2198,0,16472,721549528,-2995,-6518
6002,2198,1,16473,722408521,-1365,-5730
6002,2198,2,16474,723267514,1976,2493
6002,2198,3,16475,724126507,382,-5423
6002,2199,0,16476,724985500,-1095,-5346
6002,2199,1,16477,725844493,5047,3230
6002,2199,2,16478,726703486,-1822,-1060
6002,2199,3,16479,727562479,-5843,-171
6002,2200,0,16480,728421472,-1289,160
6002,2200,1,16481,729280465,-5139,301
6002,2200,2,16482,730139458,-302,7805
6002,2200,3,16483,730998451,3412,1122
6002,2201,0,16484,731857444,-3323,-3644
6002,2201,1,16485,732716437,-2701,2716
6002,2201,2,16486,733575430,-2479,220
6002,2201,3,16487,734434423,-2361,-2820
6002,2202,0,16488,735293416,863,-3053
6002,2202,1,16489,736152409,-215,-3389
6002,2202,2,16490,737011402,4229,549
6002,2202,3,16491,737870395,6907,-537
6002,2203,0,16492,738729388,209,-4228
6002,2203,1,16493,739588381,3095,1531
6002,2203,2,16494,740447374,4595,1645
6002,2203,3,16495,741306367,-4139,-4613
6002,2204,0,16496,742165360,333,864
6002,2204,1,16497,743024353,3761,-202
6002,2204,2,16498,743883346,-3361,-2157
6002,2204,3,16499,744742339,-2232,11792
6002,2205,0,16500,745601332,-2186,9513
6002,2205,1,16501,746460325,2691,-3930
6002,2205,2,16502,747319318,8572,-6128
6002,2205,3,16503,748178311,-2798,-1687
6002,2206,0,16504,749037304,-792,5336
6002,2206,1,16505,749896297,7889,139
6002,2206,2,16506,750755290,-743,560
6002,2206,3,16507,751614283,-1563,9264
6002,2207,0,16508,752473276,1761,-2523
6002,2207,1,16509,753332269,153,-6475
6002,2207,2,16510,754191262,4,2900
6002,2207,3,16511,755050255,-2607,-570
6002,2208,0,16512,755909248,1117,-4229
6002,2208,1,16513,756768241,5252,-365
6002,2208,2,16514,757627234,-1713,2536
6002,2208,3,16515,758486227,-7416,-1944
6002,2209,0,16516,759345220,-897,-380
6002,2209,1,16517,760204213,6475,4693
6002,2209,2,16518,761063206,-1640,-4623
6002,2209,3,16519,761922199,-7990,-3557
6002,2210,0,16520,762781192,-2774,4552
6002,2210,1,16521,763640185,65,-2042
6002,2210,2,16522,764499178,4170,-3814
6002,2210,3,16523,765358171,4534,2860
6002,2211,0,16524,766217164,2300,7770
6002,2211,1,16525,767076157,4286,4299
6002,2211,2,16526,767935150,-2530,-1665
6002,2211,3,16527,768794143,-2976,-1557
6002,2212,0,16528,769653136,6810,-3107
6002,2212,1,16529,770512129,1106,2713
6002,2212,2,16530,771371122,-6897,6322
6002,2212,3,16531,772230115,-2960,-2303
6002,2213,0,16532,773089108,2513,-595
6002,2213,1,16533,773948101,4082,2191
6002,2213,2,16534,774807094,567,31
6002,2213,3,16535,775666087,1079,2655
6002,2214,0,16536,776525080,2921,2343
6002,2214,1,16537,777384073,-2799,1944
6002,2214,2,16538,778243066,88,3054
6002,2214,3,16539,779102059,9343,4317
6002,2215,0,16540,779961052,5288,3869
6002,2215,1,16541,780820045,-5239,1174
6002,2215,2,16542,781679038,-8472,985
6002,2215,3,16543,782538031,-1407,-1965
6002,2216,0,16544,783397024,3174,-146
6002,2216,1,16545,784256017,1693,2961
6002,2216,2,16546,785115010,6749,-3455
6002,2216,3,16547,785974003,3456,-194
6002,2217,0,16548,786832996,-4267,4902
6002,2217,1,16549,787691989,2746,-2836
6002,2217,2,16550,788550982,3754,-4805
6002,2217,3,16551,789409975,2797,1430
6002,2218,0,16552,790268968,5631,2603
6002,2218,1,16553,791127961,-590,-2830
6002,2218,2,16554,791986954,1152,-4198
6002,2218,3,16555,792845947,-1054,-1858
6002,2219,0,16556,793704940,-10519,-1622
6002,2219,1,16557,794563933,-3291,1897
6002,2219,2,16558,795422926,-935,1819
6002,2219,3,16559,796281919,-2880,-1152
6002,2220,0,16560,797140912,2469,788
6002,2220,1,16561,797999905,-1888,-1262
6002,2220,2,16562,798858898,-1512,-3816
6002,2220,3,16563,799717891,6406,-1444
6002,2221,0,16564,800576884,4580,-1717
6002,2221,1,16565,801435877,578,-5332
6002,2221,2,16566,802294870,-2093,-4431
6002,2221,3,16567,803153863,-1869,2109
6002,2222,0,16568,804012856,1873,3821
6002,2222,1,16569,804871849,-2254,1359
6002,2222,2,16570,805730842,-4223,-1615
6002,2222,3,16571,806589835,4810,-5924
6002,2223,0,16572,807448828,3500,-3641
6002,2223,1,16573,808307821,-2315,3172
6002,2223,2,16574,809166814,1264,6763
6002,2223,3,16575,810025807,3,4412
6002,2224,0,16576,810884800,170,1106
6002,2224,1,16577,811743793,-2142,5032
6002,2224,2,16578,812602786,-10849,4221
6002,2224,3,16579,813461779,-5289,-3814
6002,2225,0,16580,814320772,-781,-5295
6002,2225,1,16581,815179765,2752,-3162
6002,2225,2,16582,816038758,7414,-4106
6002,2225,3,16583,816897751,-4209,-5854
6002,2226,0,16584,817756744,-1969,-344
6002,2226,1,16585,818615737,4805,3698
6002,2226,2,16586,819474730,-1041,-3148
6002,2226,3,16587,820333723,4657,-2417
6002,2227,0,16588,821192716,-225,2516
6002,2227,1,16589,822051709,-6658,276
6002,2227,2,16590,822910702,4188,1934
6002,2227,3,16591,823769695,6467,2580
6002,2228,0,16592,824628688,4334,117
6002,2228,1,16593,825487681,-1611,253
6002,2228,2,16594,826346674,-4331,-530
6002,2228,3,16595,827205667,2291,1025
6002,2229,0,16596,828064660,-2298,3452
6002,2229,1,16597,828923653,-2540,2820
6002,2229,2,16598,829782646,6349,-705
6002,2229,3,16599,830641639,3771,-4322
6002,2230,0,16600,831500632,-3776,1054
6002,2230,1,16601,832359625,-2233,5868
6002,2230,2,16602,833218618,804,1256
6002,2230,3,16603,834077611,-3319,665
6002,2231,0,16604,834936604,4014,285
6002,2231,1,16605,835795597,6005,-1600
6002,2231,2,16606,836654590,-4732,5519
6002,2231,3,16607,837513583,4637,3905
6002,2232,0,16608,838372576,4219,-4038
6002,2232,1,16609,839231569,-923,3250
6002,2232,2,16610,840090562,11232,5432
6002,2232,3,16611,840949555,2782,-61
6002,2233,0,16612,841808548,229,2816
6002,2233,1,16613,842667541,6679,1233
6002,2233,2,16614,843526534,-3619,687
6002,2233,3,16615,844385527,25,4285
6002,2234,0,16616,845244520,1656,-130
6002,2234,1,16617,846103513,-3539,-1029
6002,2234,2,16618,846962506,246,2655
6002,2234,3,16619,847821499,1560,2652
6002,2235,0,16620,848680492,9160,2812
6002,2235,1,16621,849539485,4436,3167
6002,2235,2,16622,850398478,-6455,-681
6002,2235,3,16623,851257471,1582,-5894
6002,2236,0,16624,852116464,-299,1075
6002,2236,1,16625,852975457,-2490,8526
6002,2236,2,16626,853834450,5313,1663
6002,2236,3,16627,854693443,889,1111
6002,2237,0,16628,855552436,-4482,7215
6002,2237,1,16629,856411429,-6265,6743
6002,2237,2,16630,857270422,-1805,2461
6002,2237,3,16631,858129415,7138,-2545
6002,2238,0,16632,858988408,836,-70
6002,2238,1,16633,859847401,-5434,1935
6002,2238,2,16634,860706394,-569,-1246
6002,2238,3,16635,861565387,-2118,1627
6002,2239,0,16636,862424380,-6080,2125
6002,2239,1,16637,863283373,-2531,253
6002,2239,2,16638,864142366,2807,1058
6002,2239,3,16639,865001359,3588,-1195
6002,2240,0,16640,865860352,1867,-1060
6002,2240,1,16641,866719345,3335,-3053
6002,2240,2,16642,867578338,2959,-7765
6002,2240,3,16643,868437331,-1294,-290
6002,2241,0,16644,869296324,-2968,6906
6002,2241,1,16645,870155317,-4059,-12
6002,2241,2,16646,871014310,596,-1594
6002,2241,3,16647,871873303,9543,4528
6002,2242,0,16648,872732296,6779,614
6002,2242,1,16649,873591289,-554,-3819
6002,2242,2,16650,874450282,-1177,-2746
6002,2242,3,16651,875309275,4513,-2650
6002,2243,0,16652,876168268,8113,-129
6002,2243,1,16653,877027261,2379,-1325
6002,2243,2,16654,877886254,3929,-1437
6002,2243,3,16655,878745247,6536,1684
6002,2244,0,16656,879604240,-2146,-3585
6002,2244,1,16657,880463233,-4226,-3162
6002,2244,2,16658,881322226,-1927,-1206
6002,2244,3,16659,882181219,1774,-5801
6002,2245,0,16660,883040212,1486,671
6002,2245,1,16661,883899205,-5810,2895
6002,2245,2,16662,884758198,1296,-5199
6002,2245,3,16663,885617191,5163,-4256
6002,2246,0,16664,886476184,-332,1313
6002,2246,1,16665,887335177,3091,4646
6002,2246,2,16666,888194170,-1989,1883
6002,2246,3,16667,889053163,-6313,-3174
6002,2247,0,16668,889912156,1778,-4332
6002,2247,1,16669,890771149,5395,-3402
6002,2247,2,16670,891630142,2367,4939
6002,2247,3,16671,892489135,1331,6926
6002,2248,0,16672,893348128,7790,-1680
6002,2248,1,16673,894207121,2418,4609
6002,2248,2,16674,895066114,-6583,13236
6002,2248,3,16675,895925107,1574,6596
6002,2249,0,16676,896784100,-18,903
6002,2249,1,16677,897643093,-2786,-2581
6002,2249,2,16678,898502086,2705,-2911
6002,2249,3,16679,899361079,-2837,3552
6002,2250,0,16680,900220072,-1857,759
6002,2250,1,16681,901079065,3012,-3515
6002,2250,2,16682,901938058,1983,1168
6002,2250,3,16683,902797051,3026,-356
6002,2251,0,16684,903656044,266,178
6002,2251,1,16685,904515037,-1596,2654
6002,2251,2,16686,905374030,-2470,-4586
6002,2251,3,16687,906233023,-2003,-2216
6002,2252,0,16688,907092016,3046,4036
6002,2252,1,16689,907951009,2619,252
6002,2252,2,16690,908810002,276,-2169
6002,2252,3,16691,909668995,875,-3778
6002,2253,0,16692,910527988,2060,-1365
6002,2253,1,16693,911386981,1102,706
6002,2253,2,16694,912245974,-247,-2891
6002,2253,3,16695,913104967,571,-1192
6002,2254,0,16696,913963960,-1848,-1083
6002,2254,1,16697,914822953,2068,-1001
6002,2254,2,16698,915681946,5474,323
6002,2254,3,16699,916540939,-1520,-3421
6002,2255,0,16700,917399932,776,454
6002,2255,1,16701,918258925,892,2214
6002,2255,2,16702,919117918,-6367,-223
6002,2255,3,16703,919976911,-2416,4192
6002,2256,0,16704,920835904,3362,-659
6002,2256,1,16705,921694897,4942,-6004
6002,2256,2,16706,922553890,2663,-2795
6002,2256,3,16707,923412883,2437,-2066
6002,2257,0,16708,924271876,5753,3236
6002,2257,1,16709,925130869,629,5325
6002,2257,2,16710,925989862,-1731,-1364
6002,2257,3,16711,926848855,273,-2064
6002,2258,0,16712,927707848,253,647
6002,2258,1,16713,928566841,4302,1337
6002,2258,2,16714,929425834,3972,3595
6002,2258,3,16715,930284827,1796,5671
6002,2259,0,16716,931143820,1293,2597
6002,2259,1,16717,932002813,-3608,-2836
6002,2259,2,16718,932861806,-3157,-2004
6002,2259,3,16719,933720799,2854,2211
6002,2260,0,16720,934579792,1147,828
6002,2260,1,16721,935438785,-2925,-3100
6002,2260,2,16722,936297778,4274,-2617
6002,2260,3,16723,937156771,5470,-460
6002,2261,0,16724,938015764,-4762,-499
6002,2261,1,16725,938874757,-871,-1857
6002,2261,2,16726,939733750,2969,-1836
6002,2261,3,16727,940592743,-2181,76
6002,2262,0,16728,941451736,145,-199
6002,2262,1,16729,942310729,470,724
6002,2262,2,16730,943169722,1427,920
6002,2262,3,16731,944028715,3700,-2840
6002,2263,0,16732,944887708,-378,1817
6002,2263,1,16733,945746701,-2757,4046
6002,2263,2,16734,946605694,-5603,-943
6002,2263,3,16735,947464687,-3634,2503
6002,2264,0,16736,948323680,1643,-3469
6002,2264,1,16737,949182673,404,-12417
6002,2264,2,16738,950041666,56,-2141
6002,2264,3,16739,950900659,-3228,5098
6002,2265,0,16740,951759652,-2801,3998
6002,2265,1,16741,952618645,5808,1325
6002,2265,2,16742,953477638,3460,-4279
6002,2265,3,16743,954336631,-1572,-1862
6002,2266,0,16744,955195624,205,1746
6002,2266,1,16745,956054617,-2379,-1691
6002,2266,2,16746,956913610,-4655,-2309
6002,2266,3,16747,957772603,164,788
6002,2267,0,16748,958631596,1664,-930
6002,2267,1,16749,959490589,-669,-6150
6002,2267,2,16750,960349582,4586,-3753
6002,2267,3,16751,961208575,4843,2407
6002,2268,0,16752,962067568,-1535,-516
6002,2268,1,16753,962926561,3296,-5448
6002,2268,2,16754,963785554,5201,1468
6002,2268,3,16755,964644547,743,6323
6002,2269,0,16756,965503540,2054,-1984
6002,2269,1,16757,966362533,-351,-452
6002,2269,2,16758,967221526,-3960,5910
6002,2269,3,16759,968080519,-1967,2917
6002,2270,0,16760,968939512,608,7273
6002,2270,1,16761,969798505,-1870,5905
6002,2270,2,16762,970657498,-6271,-5661
6002,2270,3,16763,971516491,-275,-6044
6002,2271,0,16764,972375484,4736,-2097
6002,2271,1,16765,973234477,-1773,1693
6002,2271,2,16766,974093470,-3199,1504
6002,2271,3,16767,974952463,2751,-3236
6002,2272,0,16768,975811456,3478,-1139
6002,2272,1,16769,976670449,-3078,668
6002,2272,2,16770,977529442,-4101,-138
6002,2272,3,16771,978388435,3349,-312
6002,2273,0,16772,979247428,5367,662
6002,2273,1,16773,980106421,3964,2167
6002,2273,2,16774,980965414,723,-1885
6002,2273,3,16775,981824407,-5115,-2682
6002,2274,0,16776,982683400,-1137,-3147
6002,2274,1,16777,983542393,3330,-6159
6002,2274,2,16778,984401386,-1602,414
6002,2274,3,16779,985260379,-1785,1021
6002,2275,0,16780,986119372,2406,-5729
6002,2275,1,16781,986978365,-121,-1869
6002,2275,2,16782,987837358,-4274,3229
6002,2275,3,16783,988696351,-1384,-107
6002,2276,0,16784,989555344,696,-4188
6002,2276,1,16785,990414337,-1829,-1720
6002,2276,2,16786,991273330,470,35
6002,2276,3,16787,992132323,987,-136
6002,2277,0,16788,992991316,-2237,-354
6002,2277,1,16789,993850309,-1504,-6606
6002,2277,2,16790,994709302,-4588,-4576
6002,2277,3,16791,995568295,-3414,2177
6002,2278,0,16792,996427288,4849,-1712
6002,2278,1,16793,997286281,3309,-1612
6002,2278,2,16794,998145274,1802,-68
6002,2278,3,16795,999004267,-1283,-3177
6002,2279,0,16796,999863260,-9464,-2459
6002,2279,1,16797,1000722253,1285,-2350
6002,2279,2,16798,1001581246,9244,-4504
6002,2279,3,16799,1002440239,-3152,-4940
6002,2280,0,16800,1003299232,-3443,-721
6002,2280,1,16801,1004158225,2956,2288
6002,2280,2,16802,1005017218,-197,2039
6002,2280,3,16803,1005876211,-169,6306
6002,2281,0,16804,1006735204,2554,5239
6002,2281,1,16805,1007594197,2020,-3038
6002,2281,2,16806,1008453190,909,-5038
6002,2281,3,16807,1009312183,-199,1001
6002,2282,0,16808,1010171176,-3948,4787
6002,2282,1,16809,1011030169,-2091,-1902
6002,2282,2,16810,1011889162,4589,-4311
6002,2282,3,16811,1012748155,12,-228
6002,2283,0,16812,1013607148,-490,-3065
6002,2283,1,16813,1014466141,5002,-5407
6002,2283,2,16814,1015325134,-2168,-4368
6002,2283,3,16815,1016184127,-4431,-669
6002,2284,0,16816,1017043120,-3491,2714
6002,2284,1,16817,1017902113,-3469,2990
6002,2284,2,16818,1018761106,3903,5034
6002,2284,3,16819,1019620099,-234,-1404
6002,2285,0,16820,1020479092,665,-4737
6002,2285,1,16821,1021338085,8532,4410
6002,2285,2,16822,1022197078,789,403
6002,2285,3,16823,1023056071,3991,-4292
6002,2286,0,16824,1023915064,4921,3112
6002,2286,1,16825,1024774057,-5952,316
6002,2286,2,16826,1025633050,1830,-4748
6002,2286,3,16827,1026492043,2885,-739
6002,2287,0,16828,1027351036,-2157,-1850
6002,2287,1,16829,1028210029,2718,-5406
6002,2287,2,16830,1029069022,-2560,-2292
6002,2287,3,16831,1029928015,-347,-1796
6002,2288,0,16832,1030787008,4781,-22
6002,2288,1,16833,1031646001,-2877,6564
6002,2288,2,16834,1032504994,-1572,4114
6002,2288,3,16835,1033363987,-1671,3384
6002,2289,0,16836,1034222980,-4454,9999
6002,2289,1,16837,1035081973,-29,7346
6002,2289,2,16838,1035940966,-1555,-729
6002,2289,3,16839,1036799959,2665,-1133
6002,2290,0,16840,1037658952,6992,5395
6002,2290,1,16841,1038517945,-545,3310
6002,2290,2,16842,1039376938,1456,-2158
6002,2290,3,16843,1040235931,3153,1967
6002,2291,0,16844,1041094924,-3541,2204
6002,2291,1,16845,1041953917,-3415,3745
6002,2291,2,16846,1042812910,-5862,4553
6002,2291,3,16847,1043671903,-6737,-4328
6002,2292,0,16848,1044530896,145,-3157
6002,2292,1,16849,1045389889,682,331
6002,2292,2,16850,1046248882,1043,-2561
6002,2292,3,16851,1047107875,3715,-4469
6002,2293,0,16852,1047966868,3478,-3858
6002,2293,1,16853,1048825861,3716,2256
6002,2293,2,16854,1049684854,-870,-971
6002,2293,3,16855,1050543847,-3779,-1757
6002,2294,0,16856,1051402840,-2328,5843
6002,2294,1,16857,1052261833,-5261,1854
6002,2294,2,16858,1053120826,663,2470
6002,2294,3,16859,1053979819,9293,-255
6002,2295,0,16860,1054838812,2068,-3536
6002,2295,1,16861,1055697805,-3465,7691
6002,2295,2,16862,1056556798,-1251,712
6002,2295,3,16863,1057415791,-3334,-4717
6002,2296,0,16864,1058274784,-2848,4280
6002,2296,1,16865,1059133777,809,-615
6002,2296,2,16866,1059992770,77,-4180
6002,2296,3,16867,1060851763,518,-3264
6002,2297,0,16868,1061710756,3809,299
6002,2297,1,16869,1062569749,3893,929
6002,2297,2,16870,1063428742,1674,-4243
6002,2297,3,16871,1064287735,1676,4586
6002,2298,0,16872,1065146728,3351,3178
6002,2298,1,16873,1066005721,1124,-4536
6002,2298,2,16874,1066864714,-55,1986
6002,2298,3,16875,1067723707,4849,-1794
6002,2299,0,16876,1068582700,3796,547
6002,2299,1,16877,1069441693,968,8766
6002,2299,2,16878,1070300686,2382,3143
6002,2299,3,16879,1071159679,-506,3696
6002,2300,0,16880,1072018672,857,3495
6002,2300,1,16881,1072877665,-2420,-2400
6002,2300,2,16882,1073736658,-11724,-1365
6002,2300,3,16883,1074595651,-1038,1216
6002,2301,0,16884,1075454644,4964,-1927
6002,2301,1,16885,1076313637,-6362,-7000
6002,2301,2,16886,1077172630,-4987,-1079
6002,2301,3,16887,1078031623,2026,2779
6002,2302,0,16888,1078890616,1762,-2368
6002,2302,1,16889,1079749609,-3759,353
6002,2302,2,16890,1080608602,-4014,2210
6002,2302,3,16891,1081467595,3689,-77
6002,2303,0,16892,1082326588,420,-796
6002,2303,1,16893,1083185581,-2263,-1255
6002,2303,2,16894,1084044574,831,-354
6002,2303,3,16895,1084903567,-4194,-1000
6002,2304,0,16896,1085762560,-3359,3186
6002,2304,1,16897,1086621553,778,4241
6002,2304,2,16898,1087480546,397,-811
6002,2304,3,16899,1088339539,1134,2326
6002,2305,0,16900,1089198532,817,-377
6002,2305,1,16901,1090057525,271,-3680
6002,2305,2,16902,1090916518,-2419,3892
6002,2305,3,16903,1091775511,-551,3735
6002,2306,0,16904,1092634504,2457,-1634
6002,2306,1,16905,1093493497,-2668,-2170
6002,2306,2,16906,1094352490,815,5037
6002,2306,3,16907,1095211483,6655,6723
6002,2307,0,16908,1096070476,2186,-4856
6002,2307,1,16909,1096929469,-1269,972
6002,2307,2,16910,1097788462,745,11780
6002,2307,3,16911,1098647455,2269,2543
6002,2308,0,16912,1099506448,-3445,-1040
6002,2308,1,16913,1100365441,-3718,311
6002,2308,2,16914,1101224434,-3013,-2544
6002,2308,3,16915,1102083427,-8703,-1429
6002,2309,0,16916,1102942420,-346,-3819
6002,2309,1,16917,1103801413,2047,-4747
6002,2309,2,16918,1104660406,-1986,-50
6002,2309,3,16919,1105519399,4589,-883
6002,2310,0,16920,1106378392,-2997,-3514
6002,2310,1,16921,1107237385,-4491,-1916
6002,2310,2,16922,1108096378,4325,-1448
6002,2310,3,16923,1108955371,-722,-3937
6002,2311,0,16924,1109814364,-98,-3820
6002,2311,1,16925,1110673357,3286,-345
6002,2311,2,16926,1111532350,4178,144
6002,2311,3,16927,1112391343,657,-775
6002,2312,0,16928,1113250336,-4425,2618
6002,2312,1,16929,1114109329,4535,3579
6002,2312,2,16930,1114968322,-777,1212
6002,2312,3,16931,1115827315,-7863,3054
6002,2313,0,16932,1116686308,3640,-1879
6002,2313,1,16933,1117545301,745,-9267
6002,2313,2,16934,1118404294,-2432,-793
6002,2313,3,16935,1119263287,-2128,5156
6002,2314,0,16936,1120122280,-5958,2017
6002,2314,1,16937,1120981273,1555,3867
6002,2314,2,16938,1121840266,924,920
6002,2314,3,16939,1122699259,-2057,-3830
6002,2315,0,16940,1123558252,4036,-3270
6002,2315,1,16941,1124417245,4659,-3474
6002,2315,2,16942,1125276238,2613,-906
6002,2315,3,16943,1126135231,-295,-699
6002,2316,0,16944,1126994224,3160,22
6002,2316,1,16945,1127853217,3966,6956
6002,2316,2,16946,1128712210,-4856,5613
6002,2316,3,16947,1129571203,-3920,3213
6002,2317,0,16948,1130430196,-2388,3420
6002,2317,1,16949,1131289189,-1798,-3253
6002,2317,2,16950,1132148182,2231,-1340
6002,2317,3,16951,1133007175,-3334,370
6002,2318,0,16952,1133866168,-5019,-7267
6002,2318,1,16953,1134725161,1272,-2601
6002,2318,2,16954,1135584154,646,1591
6002,2318,3,16955,1136443147,-7338,-359
6002,2319,0,16956,1137302140,-10220,3920
6002,2319,1,16957,1138161133,-3468,1490
6002,2319,2,16958,1139020126,-4191,1353
6002,2319,3,16959,1139879119,-6706,2526
6002,2320,0,16960,1140738112,274,-4773
6002,2320,1,16961,1141597105,1775,442
6002,2320,2,16962,1142456098,2154,2677
6002,2320,3,16963,1143315091,5541,-2429
6002,2321,0,16964,1144174084,1734,2252
6002,2321,1,16965,1145033077,890,-2842
6002,2321,2,16966,1145892070,4838,-1577
6002,2321,3,16967,1146751063,-629,5927
6002,2322,0,16968,1147610056,-2848,-5078
6002,2322,1,16969,1148469049,4497,-3759
6002,2322,2,16970,1149328042,-361,-809
6002,2322,3,16971,1150187035,-3953,-8753
6002,2323,0,16972,1151046028,4765,-414
6002,2323,1,16973,1151905021,1389,308
6002,2323,2,16974,1152764014,-4821,-4164
6002,2323,3,16975,1153623007,-3169,3307
6002,2324,0,16976,1154482000,-2895,3343
6002,2324,1,16977,1155340993,435,4460
6002,2324,2,16978,1156199986,4248,2396
6002,2324,3,16979,1157058979,5663,-4710
6002,2325,0,16980,1157917972,3035,651
6002,2325,1,16981,1158776965,228,0
6002,2325,2,16982,1159635958,4547,-4356
6002,2325,3,16983,1160494951,1789,2189
6002,2326,0,16984,1161353944,-4989,3689
6002,2326,1,16985,1162212937,-1010,146
6002,2326,2,16986,1163071930,5079,-642
6002,2326,3,16987,1163930923,3140,-1857
6002,2327,0,16988,1164789916,-5097,-2827
6002,2327,1,16989,1165648909,-6306,-164
6002,2327,2,16990,1166507902,-2047,89
6002,2327,3,16991,1167366895,-2129,-3073
6002,2328,0,16992,1168225888,539,3477
6002,2328,1,16993,1169084881,4767,3409
6002,2328,2,16994,1169943874,4985,-8993
6002,2328,3,16995,1170802867,2414,-1159
6002,2329,0,16996,1171661860,1957,9580
6002,2329,1,16997,1172520853,3105,1449
6002,2329,2,16998,1173379846,163,-1796
6002,2329,3,16999,1174238839,1785,-3219
6002,2330,0,17000,1175097832,1966,-4752
6002,2330,1,17001,1175956825,-2354,3294
6002,2330,2,17002,1176815818,4327,4823
6002,2330,3,17003,1177674811,6517,1851
6002,2331,0,17004,1178533804,236,2252
6002,2331,1,17005,1179392797,187,-979
6002,2331,2,17006,1180251790,-11,-471
6002,2331,3,17007,1181110783,1622,1918
6002,2332,0,17008,1181969776,4219,-474
6002,2332,1,17009,1182828769,34,1388
6002,2332,2,17010,1183687762,-3450,4098
6002,2332,3,17011,1184546755,1860,219
6002,2333,0,17012,1185405748,5848,-2101
6002,2333,1,17013,1186264741,-1114,1729
6002,2333,2,17014,1187123734,-498,1578
6002,2333,3,17015,1187982727,6326,-3000
6002,2334,0,17016,1188841720,3083,1301
6002,2334,1,17017,1189700713,2408,5250
6002,2334,2,17018,1190559706,1920,-622
6002,2334,3,17019,1191418699,-1955,-4073
6002,2335,0,17020,1192277692,-378,-5395
6002,2335,1,17021,1193136685,488,-3328
6002,2335,2,17022,1193995678,-79,4102
6002,2335,3,17023,1194854671,-830,3038
6002,2336,0,17024,1195713664,1321,-3414
6002,2336,1,17025,1196572657,3377,-2577
6002,2336,2,17026,1197431650,-1671,3116
6002,2336,3,17027,1198290643,-1784,1681
6002,2337,0,17028,1199149636,2344,-4619
6002,2337,1,17029,1200008629,6021,594
6002,2337,2,17030,1200867622,5322,6560
6002,2337,3,17031,1201726615,-5996,1555
6002,2338,0,17032,1202585608,-7231,-991
6002,2338,1,17033,1203444601,-3017,1811
6002,2338,2,17034,1204303594,-6110,3643
6002,2338,3,17035,1205162587,433,374
6002,2339,0,17036,1206021580,2090,-1947
6002,2339,1,17037,1206880573,-6275,-1076
6002,2339,2,17038,1207739566,-1191,-5272
6002,2339,3,17039,1208598559,5614,-3004
6002,2340,0,17040,1209457552,435,1560
6002,2340,1,17041,1210316545,-2149,-4963
6002,2340,2,17042,1211175538,3990,-4381
6002,2340,3,17043,1212034531,6106,993
6002,2341,0,17044,1212893524,1016,-1612
6002,2341,1,17045,1213752517,-778,-205
6002,2341,2,17046,1214611510,2061,4770
6002,2341,3,17047,1215470503,1563,2465
6002,2342,0,17048,1216329496,-1733,-296
6002,2342,1,17049,1217188489,1776,1668
6002,2342,2,17050,1218047482,4456,-3229
6002,2342,3,17051,1218906475,-1017,-5870
6002,2343,0,17052,1219765468,-4140,2586
6002,2343,1,17053,1220624461,-5261,2955
6002,2343,2,17054,1221483454,2141,57
6002,2343,3,17055,1222342447,12421,252
6002,2344,0,17056,1223201440,3551,-1458
6002,2344,1,17057,1224060433,-2691,3497
6002,2344,2,17058,1224919426,646,5645
6002,2344,3,17059,1225778419,-4186,2539
6002,2345,0,17060,1226637412,-1835,281
6002,2345,1,17061,1227496405,3031,-3545
6002,2345,2,17062,1228355398,-844,-1474
6002,2345,3,17063,1229214391,-698,-507
6002,2346,0,17064,1230073384,207,-135
6002,2346,1,17065,1230932377,-191,2174
6002,2346,2,17066,1231791370,1990,-2868
6002,2346,3,17067,1232650363,1808,967
6002,2347,0,17068,1233509356,248,4782
6002,2347,1,17069,1234368349,748,-5438
6002,2347,2,17070,1235227342,2839,-4130
6002,2347,3,17071,1236086335,2942,3084
6002,2348,0,17072,1236945328,-767,-1189
6002,2348,1,17073,1237804321,-2057,-2967
6002,2348,2,17074,1238663314,1835,3259
6002,2348,3,17075,1239522307,2642,3752
6002,2349,0,17076,1240381300,-2525,-1428
6002,2349,1,17077,1241240293,-5568,-2093
6002,2349,2,17078,1242099286,-3380,-4156
6002,2349,3,17079,1242958279,-1108,-4367
6002,2350,0,17080,1243817272,-632,-287
6002,2350,1,17081,1244676265,2076,-164
6002,2350,2,17082,1245535258,1271,1801
6002,2350,3,17083,1246394251,-5284,-909
6002,2351,0,17084,1247253244,-2928,-5916
6002,2351,1,17085,1248112237,2192,-2325
6002,2351,2,17086,1248971230,2932,-2512
6002,2351,3,17087,1249830223,6257,-4618
6002,2352,0,17088,1250689216,835,-3322
6002,2352,1,17089,1251548209,-4313,2191
6002,2352,2,17090,1252407202,-113,6370
6002,2352,3,17091,1253266195,-2163,-1008
6002,2353,0,17092,1254125188,-412,-798
6002,2353,1,17093,1254984181,3336,1699
6002,2353,2,17094,1255843174,-34,-5483
6002,2353,3,17095,1256702167,1109,-2013
6002,2354,0,17096,1257561160,984,1902
6002,2354,1,17097,1258420153,1221,-507
6002,2354,2,17098,1259279146,2874,399
6002,2354,3,17099,1260138139,-647,-1138
6002,2355,0,17100,1260997132,1472,-1985
6002,2355,1,17101,1261856125,3819,-675
6002,2355,2,17102,1262715118,2180,-161
6002,2355,3,17103,1263574111,-114,-2629
6002,2356,0,17104,1264433104,-3870,-3254
6002,2356,1,17105,1265292097,2107,2117
6002,2356,2,17106,1266151090,4449,2708
6002,2356,3,17107,1267010083,-2734,1454
6002,2357,0,17108,1267869076,-164,-275
6002,2357,1,17109,1268728069,516,-3003
6002,2357,2,17110,1269587062,-1061,-2042
6002,2357,3,17111,1270446055,3669,-2823
6002,2358,0,17112,1271305048,-856,1814
6002,2358,1,17113,1272164041,-3697,2645
6002,2358,2,17114,1273023034,3049,-2548
6002,2358,3,17115,1273882027,2430,2918
6002,2359,0,17116,1274741020,-902,-30
6002,2359,1,17117,1275600013,-6504,-1920
6002,2359,2,17118,1276459006,-13565,5876
6002,2359,3,17119,1277317999,-4475,-2658
6002,2360,0,17120,1278176992,2089,-7691
6002,2360,1,17121,1279035985,-6846,-1694
6002,2360,2,17122,1279894978,-4807,-2625
6002,2360,3,17123,1280753971,3682,-5208
6002,2361,0,17124,1281612964,4420,-1547
6002,2361,1,17125,1282471957,2836,6471
6002,2361,2,17126,1283330950,-1986,1887
6002,2361,3,17127,1284189943,-4477,-3332
6002,2362,0,17128,1285048936,-1329,262
6002,2362,1,17129,1285907929,4523,-4932
6002,2362,2,17130,1286766922,5260,-1020
6002,2362,3,17131,1287625915,-3198,5649
6002,2363,0,17132,1288484908,-592,-1519
6002,2363,1,17133,1289343901,5886,-1465
6002,2363,2,17134,1290202894,1103,1988
6002,2363,3,17135,1291061887,2935,4387
6002,2364,0,17136,1291920880,3466,2332
6002,2364,1,17137,1292779873,-1336,-6616
6002,2364,2,17138,1293638866,1642,-3847
6002,2364,3,17139,1294497859,1449,-2305
6002,2365,0,17140,1295356852,557,-8095
6002,2365,1,17141,1296215845,2885,-4367
6002,2365,2,17142,1297074838,2680,1320
6002,2365,3,17143,1297933831,3785,755
6002,2366,0,17144,1298792824,-256,-6802
6002,2366,1,17145,1299651817,-4018,-9768
6002,2366,2,17146,1300510810,1623,-511
6002,2366,3,17147,1301369803,-202,4054
6002,2367,0,17148,1302228796,-7053,2599
6002,2367,1,17149,1303087789,221,1308
6002,2367,2,17150,1303946782,7911,-2545
6002,2367,3,17151,1304805775,3225,-3169
6002,2368,0,17152,1305664768,1157,-1808
6002,2368,1,17153,1306523761,1382,-3520
6002,2368,2,17154,1307382754,-908,-2859
6002,2368,3,17155,1308241747,-386,2514
6002,2369,0,17156,1309100740,-2442,5959
6002,2369,1,17157,1309959733,-1737,2029
6002,2369,2,17158,1310818726,1214,634
6002,2369,3,17159,1311677719,-2219,5324
6002,2370,0,17160,1312536712,114,-831
6002,2370,1,17161,1313395705,2918,-6994
6002,2370,2,17162,1314254698,-2553,1673
6002,2370,3,17163,1315113691,-7064,5900
6002,2371,0,17164,1315972684,-7441,4095
6002,2371,1,17165,1316831677,-1063,-946
6002,2371,2,17166,1317690670,-1381,-5393
6002,2371,3,17167,1318549663,-8646,2037
6002,2372,0,17168,1319408656,-1090,242
6002,2372,1,17169,1320267649,5969,-1269
6002,2372,2,17170,1321126642,340,6482
6002,2372,3,17171,1321985635,-2928,-4597
6002,2373,0,17172,1322844628,-2325,-9295
6002,2373,1,17173,1323703621,-2566,-1698
6002,2373,2,17174,1324562614,-2639,-386
6002,2373,3,17175,1325421607,841,3588
6002,2374,0,17176,1326280600,217,-1647
6002,2374,1,17177,1327139593,-4278,-251
6002,2374,2,17178,1327998586,-877,3578
6002,2374,3,17179,1328857579,-879,-6735
6002,2375,0,17180,1329716572,-2800,-377
6002,2375,1,17181,1330575565,207,-2775
6002,2375,2,17182,1331434558,-4831,-11503
6002,2375,3,17183,1332293551,-3294,750
6002,2376,0,17184,1333152544,4255,-4000
6002,2376,1,17185,1334011537,-3655,-4836
6002,2376,2,17186,1334870530,-5761,4434
6002,2376,3,17187,1335729523,1915,-5913
6002,2377,0,17188,1336588516,-73,-4024
6002,2377,1,17189,1337447509,-840,3279
6002,2377,2,17190,1338306502,-1212,-869
6002,2377,3,17191,1339165495,-5978,1920
6002,2378,0,17192,1340024488,-1251,3715
6002,2378,1,17193,1340883481,4515,-3538
6002,2378,2,17194,1341742474,1038,-6303
6002,2378,3,17195,1342601467,-2950,2388
6002,2379,0,17196,1343460460,-3569,2113
6002,2379,1,17197,1344319453,-902,-2342
6002,2379,2,17198,1345178446,300,4353
6002,2379,3,17199,1346037439,-337,1595
6002,2380,0,17200,1346896432,112,-4334
6002,2380,1,17201,1347755425,-2235,-6594
6002,2380,2,17202,1348614418,-1710,-4285
6002,2380,3,17203,1349473411,-627,6634
6002,2381,0,17204,1350332404,-2524,92
6002,2381,1,17205,1351191397,2659,-4523
6002,2381,2,17206,1352050390,3089,1206
6002,2381,3,17207,1352909383,-3439,-4993
6002,2382,0,17208,1353768376,240,1985
6002,2382,1,17209,1354627369,5624,4512
6002,2382,2,17210,1355486362,4492,-7187
6002,2382,3,17211,1356345355,3303,-2582
6002,2383,0,17212,1357204348,5247,1059
6002,2383,1,17213,1358063341,3530,5483
6002,2383,2,17214,1358922334,-4787,10611
6002,2383,3,17215,1359781327,-5138,1874
6002,2384,0,17216,1360640320,-1096,-228
6002,2384,1,17217,1361499313,-4406,-236
6002,2384,2,17218,1362358306,-6687,-1619
6002,2384,3,17219,1363217299,-3290,2144
6002,2385,0,17220,1364076292,3821,-3303
6002,2385,1,17221,1364935285,6170,-4490
6002,2385,2,17222,1365794278,1390,4302
6002,2385,3,17223,1366653271,-1476,2179
6002,2386,0,17224,1367512264,-3717,-2072
6002,2386,1,17225,1368371257,-2205,1755
6002,2386,2,17226,1369230250,4314,2324
6002,2386,3,17227,1370089243,5355,-296
6002,2387,0,17228,1370948236,1956,-4483
6002,2387,1,17229,1371807229,1780,-6321
6002,2387,2,17230,1372666222,3731,1711
6002,2387,3,17231,1373525215,1161,1952
6002,2388,0,17232,1374384208,-656,-2507
6002,2388,1,17233,1375243201,999,2937
6002,2388,2,17234,1376102194,-1866,838
6002,2388,3,17235,1376961187,-2068,3187
6002,2389,0,17236,1377820180,1065,10590
6002,2389,1,17237,1378679173,1800,1150
6002,2389,2,17238,1379538166,4253,-929
6002,2389,3,17239,1380397159,2795,739
6002,2390,0,17240,1381256152,-2303,-5760
6002,2390,1,17241,1382115145,-1280,-2869
6002,2390,2,17242,1382974138,4996,-3495
6002,2390,3,17243,1383833131,2977,-2592
6002,2391,0,17244,1384692124,-5121,4002
6002,2391,1,17245,1385551117,376,-3441
6002,2391,2,17246,1386410110,3807,-6558
6002,2391,3,17247,1387269103,-2868,-1846
6002,2392,0,17248,1388128096,313,-3162
6002,2392,1,17249,1388987089,1888,1509
6002,2392,2,17250,1389846082,-1431,8408
6002,2392,3,17251,1390705075,-1449,5170
6002,2393,0,17252,1391564068,-3584,-5484
6002,2393,1,17253,1392423061,-3818,-9558
6002,2393,2,17254,1393282054,-3045,-249
6002,2393,3,17255,1394141047,-2089,2693
6002,2394,0,17256,1395000040,-2185,-3041
6002,2394,1,17257,1395859033,-2595,-1218
6002,2394,2,17258,1396718026,-1,-568
6002,2394,3,17259,1397577019,-1973,-4192
6002,2395,0,17260,1398436012,727,-2478
6002,2395,1,17261,1399295005,2143,3078
6002,2395,2,17262,1400153998,-6677,6554
6002,2395,3,17263,1401012991,-2651,-1247
6002,2396,0,17264,1401871984,3462,-6636
6002,2396,1,17265,1402730977,1398,3054
6002,2396,2,17266,1403589970,1530,2614
6002,2396,3,17267,1404448963,-4067,-4506
6002,2397,0,17268,1405307956,-7638,-2707
6002,2397,1,17269,1406166949,-2617,-4679
6002,2397,2,17270,1407025942,4029,-3963
6002,2397,3,17271,1407884935,2042,43
6002,2398,0,17272,1408743928,-4692,2530
6002,2398,1,17273,1409602921,3131,8166
6002,2398,2,17274,1410461914,4530,1882
6002,2398,3,17275,1411320907,-4345,-6714
6002,2399,0,17276,1412179900,332,916
6002,2399,1,17277,1413038893,1550,7509
6002,2399,2,17278,1413897886,-2623,1576
6002,2399,3,17279,1414756879,641,-5226
6002,2400,0,17280,1415615872,4282,-892
6002,2400,1,17281,1416474865,431,2633
6002,2400,2,17282,1417333858,-2896,-157
6002,2400,3,17283,1418192851,6474,189
6002,2401,0,17284,1419051844,2613,-1626
6002,2401,1,17285,1419910837,-9333,1072
6002,2401,2,17286,1420769830,-598,713
6002,2401,3,17287,1421628823,277,-7885
6002,2402,0,17288,1422487816,-5370,510
6002,2402,1,17289,1423346809,1537,2883
6002,2402,2,17290,1424205802,6572,-8237
6002,2402,3,17291,1425064795,4067,-2480
6002,2403,0,17292,1425923788,-9615,1681
6002,2403,1,17293,1426782781,-11893,1607
6002,2403,2,17294,1427641774,1977,3470
6002,2403,3,17295,1428500767,400,-3745
6002,2404,0,17296,1429359760,-845,-378
6002,2404,1,17297,1430218753,4388,4376
6002,2404,2,17298,1431077746,-1401,-4675
6002,2404,3,17299,1431936739,-1366,-3171
6002,2405,0,17300,1432795732,4233,14
6002,2405,1,17301,1433654725,901,-6869
6002,2405,2,17302,1434513718,-325,-4252
6002,2405,3,17303,1435372711,3373,394
6002,2406,0,17304,1436231704,3094,-700
6002,2406,1,17305,1437090697,2691,2507
6002,2406,2,17306,1437949690,-350,2463
6002,2406,3,17307,1438808683,-2855,2554
6002,2407,0,17308,1439667676,3464,3511
6002,2407,1,17309,1440526669,-941,-3467
6002,2407,2,17310,1441385662,-7810,-110
6002,2407,3,17311,1442244655,-572,5116
6002,2408,0,17312,1443103648,-228,1279
6002,2408,1,17313,1443962641,-138,5844
6002,2408,2,17314,1444821634,963,1875
6002,2408,3,17315,1445680627,-2959,-5210
6002,2409,0,17316,1446539620,5281,1375
6002,2409,1,17317,1447398613,5436,-96
6002,2409,2,17318,1448257606,-2385,-2105
6002,2409,3,17319,1449116599,5650,1666
6002,2410,0,17320,1449975592,6351,3335
6002,2410,1,17321,1450834585,-3761,5112
6002,2410,2,17322,1451693578,-2154,2558
6002,2410,3,17323,1452552571,5251,5077
6002,2411,0,17324,1453411564,3668,4133
6002,2411,1,17325,1454270557,315,-2521
6002,2411,2,17326,1455129550,4649,2964
6002,2411,3,17327,1455988543,5876,3337
6002,2412,0,17328,1456847536,3184,3004
6002,2412,1,17329,1457706529,159,6042
6002,2412,2,17330,1458565522,-3108,-1474
6002,2412,3,17331,1459424515,-873,59
6002,2413,0,17332,1460283508,-1216,130
6002,2413,1,17333,1461142501,-4139,-5805
6002,2413,2,17334,1462001494,-4231,2077
6002,2413,3,17335,1462860487,-4038,3024
6002,2414,0,17336,1463719480,514,-667
6002,2414,1,17337,1464578473,2926,3156
6002,2414,2,17338,1465437466,-459,1410
6002,2414,3,17339,1466296459,-1092,-22
6002,2415,0,17340,1467155452,3809,1578
6002,2415,1,17341,1468014445,5240,-326
6002,2415,2,17342,1468873438,84,-4735
6002,2415,3,17343,1469732431,4748,-4865
6002,2416,0,17344,1470591424,6387,-450
6002,2416,1,17345,1471450417,-4019,-831
6002,2416,2,17346,1472309410,-1950,-802
6002,2416,3,17347,1473168403,2936,751
6002,2417,0,17348,1474027396,3627,979
6002,2417,1,17349,1474886389,5221,893
6002,2417,2,17350,1475745382,4021,-4859
6002,2417,3,17351,1476604375,5305,-992
6002,2418,0,17352,1477463368,-3981,6911
6002,2418,1,17353,1478322361,-6305,-1469
6002,2418,2,17354,1479181354,6453,-1552
6002,2418,3,17355,1480040347,-2560,4924
6002,2419,0,17356,1480899340,-6557,266
6002,2419,1,17357,1481758333,1207,3230
6002,2419,2,17358,1482617326,-7340,6317
6002,2419,3,17359,1483476319,-5466,-1290
6002,2420,0,17360,1484335312,660,-1801
6002,2420,1,17361,1485194305,-787,4226
6002,2420,2,17362,1486053298,1444,4440
6002,2420,3,17363,1486912291,-2867,-2515
6002,2421,0,17364,1487771284,-689,-6383
6002,2421,1,17365,1488630277,5481,-863
6002,2421,2,17366,1489489270,3478,2590
6002,2421,3,17367,1490348263,5129,91
6002,2422,0,17368,1491207256,-3059,-142
6002,2422,1,17369,1492066249,-11216,568
6002,2422,2,17370,1492925242,-1355,920
6002,2422,3,17371,1493784235,-2137,4554
6002,2423,0,17372,1494643228,-9287,4341
6002,2423,1,17373,1495502221,-675,-2186
6002,2423,2,17374,1496361214,3359,-3304
6002,2423,3,17375,1497220207,-2508,-259
6002,2424,0,17376,1498079200,-1095,1474
6002,2424,1,17377,1498938193,-482,3180
6002,2424,2,17378,1499797186,-4508,431
6002,2424,3,17379,1500656179,-322,-2624
6002,2425,0,17380,1501515172,4708,-3169
6002,2425,1,17381,1502374165,5846,-2988
6002,2425,2,17382,1503233158,4011,1324
6002,2425,3,17383,1504092151,-6106,-2209
6002,2426,0,17384,1504951144,-7847,-7353
6002,2426,1,17385,1505810137,-4028,2204
6002,2426,2,17386,1506669130,-6948,6948
6002,2426,3,17387,1507528123,1359,3981
6002,2427,0,17388,1508387116,6501,2295
6002,2427,1,17389,1509246109,1351,-49
6002,2427,2,17390,1510105102,6357,4585
6002,2427,3,17391,1510964095,3789,1509
6002,2428,0,17392,1511823088,-2959,-6991
6002,2428,1,17393,1512682081,1041,180
6002,2428,2,17394,1513541074,1492,3156
6002,2428,3,17395,1514400067,2862,-701
6002,2429,0,17396,1515259060,3098,736
6002,2429,1,17397,1516118053,-3680,64
6002,2429,2,17398,1516977046,-4534,-320
6002,2429,3,17399,1517836039,5115,-1306
6002,2430,0,17400,1518695032,10216,1373
6002,2430,1,17401,1519554025,-2003,4650
6002,2430,2,17402,1520413018,-3370,-1195
6002,2430,3,17403,1521272011,5308,862
6002,2431,0,17404,1522131004,-909,2032
6002,2431,1,17405,1522989997,295,-6422
6002,2431,2,17406,1523848990,-2271,-2186
6002,2431,3,17407,1524707983,-7375,1446
6002,2432,0,17408,1525566976,3566,-2745
6002,2432,1,17409,1526425969,-4094,937
6002,2432,2,17410,1527284962,-7046,1143
6002,2432,3,17411,1528143955,3843,-3829
6002,2433,0,17412,1529002948,-1278,-2710
6002,2433,1,17413,1529861941,4127,-1556
6002,2433,2,17414,1530720934,2827,-2557
6002,2433,3,17415,1531579927,-6011,2138
6002,2434,0,17416,1532438920,1874,6564
6002,2434,1,17417,1533297913,-3281,678
6002,2434,2,17418,1534156906,-4836,-3942
6002,2434,3,17419,1535015899,-316,276
6002,2435,0,17420,1535874892,-7816,2402
6002,2435,1,17421,1536733885,-2285,848
6002,2435,2,17422,1537592878,1191,1293
6002,2435,3,17423,1538451871,-5528,1606
6002,2436,0,17424,1539310864,-5504,-1640
6002,2436,1,17425,1540169857,-3294,-5098
6002,2436,2,17426,1541028850,-575,-4115
6002,2436,3,17427,1541887843,-1510,151
6002,2437,0,17428,1542746836,-3429,2169
6002,2437,1,17429,1543605829,-4852,764
6002,2437,2,17430,1544464822,-4707,444
6002,2437,3,17431,1545323815,380,-1156
6002,2438,0,17432,1546182808,-906,-1083
6002,2438,1,17433,1547041801,-5243,5738
6002,2438,2,17434,1547900794,-4745,8935
6002,2438,3,17435,1548759787,1468,8447
6002,2439,0,17436,1549618780,5330,3988
6002,2439,1,17437,1550477773,23,-5724
6002,2439,2,17438,1551336766,-2156,-3723
6002,2439,3,17439,1552195759,-7287,1870
6002,2440,0,17440,1553054752,-8724,-298
6002,2440,1,17441,1553913745,-1939,-126
6002,2440,2,17442,1554772738,-4466,-569
6002,2440,3,17443,1555631731,1044,323
6002,2441,0,17444,1556490724,1401,1365
6002,2441,1,17445,1557349717,-9007,-1030
6002,2441,2,17446,1558208710,-528,335
6002,2441,3,17447,1559067703,277,-1842
6002,2442,0,17448,1559926696,-5868,297
6002,2442,1,17449,1560785689,-264,8422
6002,2442,2,17450,1561644682,743,642
6002,2442,3,17451,1562503675,-1163,-4894
6002,2443,0,17452,1563362668,-4680,21
6002,2443,1,17453,1564221661,-1613,-5939
6002,2443,2,17454,1565080654,4185,-7689
6002,2443,3,17455,1565939647,5738,257
6002,2444,0,17456,1566798640,8364,-155
6002,2444,1,17457,1567657633,-2046,-417
6002,2444,2,17458,1568516626,-1986,4253
6002,2444,3,17459,1569375619,6344,3057
6002,2445,0,17460,1570234612,-4867,-466
6002,2445,1,17461,1571093605,-3644,-1211
6002,2445,2,17462,1571952598,231,-1676
6002,2445,3,17463,1572811591,-3997,-3350
6002,2446,0,17464,1573670584,3835,-2074
6002,2446,1,17465,1574529577,2851,4406
6002,2446,2,17466,1575388570,-3459,2810
6002,2446,3,17467,1576247563,-1773,-1629
6002,2447,0,17468,1577106556,1039,3305
6002,2447,1,17469,1577965549,-1734,-856
6002,2447,2,17470,1578824542,-4438,-4406
6002,2447,3,17471,1579683535,5095,3685
6002,2448,0,17472,1580542528,3136,-1202
6002,2448,1,17473,1581401521,-1616,-5732
6002,2448,2,17474,1582260514,5045,-1081
6002,2448,3,17475,1583119507,-3161,-3529
6002,2449,0,17476,1583978500,-5192,-4385
6002,2449,1,17477,1584837493,618,-5344
6002,2449,2,17478,1585696486,-152,-6048
6002,2449,3,17479,1586555479,6709,-3177
6002,2450,0,17480,1587414472,2474,-4130
6002,2450,1,17481,1588273465,-4852,1953
6002,2450,2,17482,1589132458,-100,6254
6002,2450,3,17483,1589991451,2202,-1075
6002,2451,0,17484,1590850444,3203,-3990
6002,2451,1,17485,1591709437,-2622,-6701
6002,2451,2,17486,1592568430,-7004,-7703
6002,2451,3,17487,1593427423,-1836,1433
6002,2452,0,17488,1594286416,1919,4526
6002,2452,1,17489,1595145409,1867,-2570
6002,2452,2,17490,1596004402,-3284,-2251
6002,2452,3,17491,1596863395,2316,3904
6002,2453,0,17492,1597722388,11242,-1188
6002,2453,1,17493,1598581381,2300,-3824
6002,2453,2,17494,1599440374,-4123,3452
6002,2453,3,17495,1600299367,-3742,-1151
6002,2454,0,17496,1601158360,-2827,-3606
6002,2454,1,17497,1602017353,-1767,3887
6002,2454,2,17498,1602876346,-5678,-551
6002,2454,3,17499,1603735339,-2414,-2403
6002,2455,0,17500,1604594332,1000,4315
6002,2455,1,17501,1605453325,-2822,2531
6002,2455,2,17502,1606312318,-2405,805
6002,2455,3,17503,1607171311,-2809,1979
6002,2456,0,17504,1608030304,-1771,1966
6002,2456,1,17505,1608889297,1835,4920
6002,2456,2,17506,1609748290,-913,2473
6002,2456,3,17507,1610607283,-3874,-1011
6002,2457,0,17508,1611466276,-2663,5681
6002,2457,1,17509,1612325269,-1284,5186
6002,2457,2,17510,1613184262,-1140,-2839
6002,2457,3,17511,1614043255,857,1396
6002,2458,0,17512,1614902248,3966,5934
6002,2458,1,17513,1615761241,4486,4172
6002,2458,2,17514,1616620234,3331,5804
6002,2458,3,17515,1617479227,263,618
6002,2459,0,17516,1618338220,1835,-7931
6002,2459,1,17517,1619197213,6531,-5800
6002,2459,2,17518,1620056206,2707,-816
6002,2459,3,17519,1620915199,534,2709
6002,2460,0,17520,1621774192,2996,4184
6002,2460,1,17521,1622633185,752,-360
6002,2460,2,17522,1623492178,-1158,-2987
6002,2460,3,17523,1624351171,-2198,-2226
6002,2461,0,17524,1625210164,-711,-5164
6002,2461,1,17525,1626069157,-812,-3297
6002,2461,2,17526,1626928150,-5736,6699
6002,2461,3,17527,1627787143,1485,7559
6002,2462,0,17528,1628646136,4157,-395
6002,2462,1,17529,1629505129,-8291,-912
6002,2462,2,17530,1630364122,-5758,2370
6002,2462,3,17531,1631223115,-381,5790
6002,2463,0,17532,1632082108,-3831,7777
6002,2463,1,17533,1632941101,-2776,-1462
6002,2463,2,17534,1633800094,-3306,-4527
6002,2463,3,17535,1634659087,1235,3613
6002,2464,0,17536,1635518080,3776,-5095
6002,2464,1,17537,1636377073,-1636,-14462
6002,2464,2,17538,1637236066,489,-3318
6002,2464,3,17539,1638095059,-1077,4769
6002,2465,0,17540,1638954052,-1765,3759
6002,2465,1,17541,1639813045,711,3801
6002,2465,2,17542,1640672038,-429,4249
6002,2465,3,17543,1641531031,9742,3293
6002,2466,0,17544,1642390024,6162,1814
6002,2466,1,17545,1643249017,-6831,1301
6002,2466,2,17546,1644108010,2862,-745
6002,2466,3,17547,1644967003,5263,358
6002,2467,0,17548,1645825996,693,526
6002,2467,1,17549,1646684989,4986,-3358
6002,2467,2,17550,1647543982,738,-318
6002,2467,3,17551,1648402975,-3368,-3167
6002,2468,0,17552,1649261968,883,-3262
6002,2468,1,17553,1650120961,3315,6257
6002,2468,2,17554,1650979954,423,-3077
6002,2468,3,17555,1651838947,685,-3633
6002,2469,0,17556,1652697940,3709,5997
6002,2469,1,17557,1653556933,2084,-3394
6002,2469,2,17558,1654415926,1393,2498
6002,2469,3,17559,1655274919,-2465,8430
6002,2470,0,17560,1656133912,-853,-449
6002,2470,1,17561,1656992905,5769,4487
6002,2470,2,17562,1657851898,-677,678
6002,2470,3,17563,1658710891,2103,-4918
6002,2471,0,17564,1659569884,5895,619
6002,2471,1,17565,1660428877,-3304,-1675
6002,2471,2,17566,1661287870,-1638,-3080
6002,2471,3,17567,1662146863,-3105,-5455
6002,2472,0,17568,1663005856,-2925,-772
6002,2472,1,17569,1663864849,6789,7717
6002,2472,2,17570,1664723842,3367,-712
6002,2472,3,17571,1665582835,-3742,-1255
6002,2473,0,17572,1666441828,-8171,351
6002,2473,1,17573,1667300821,-3150,-6860
6002,2473,2,17574,1668159814,6660,-276
6002,2473,3,17575,1669018807,2336,1855
6002,2474,0,17576,1669877800,-205,-3931
6002,2474,1,17577,1670736793,-3985,-2246
6002,2474,2,17578,1671595786,-8642,-2809
6002,2474,3,17579,1672454779,-525,-203
6002,2475,0,17580,1673313772,1245,3204
6002,2475,1,17581,1674172765,-1582,-2867
6002,2475,2,17582,1675031758,-566,-3617
6002,2475,3,17583,1675890751,223,3128
6002,2476,0,17584,1676749744,1926,2014
6002,2476,1,17585,1677608737,474,-2608
6002,2476,2,17586,1678467730,-9,-3105
6002,2476,3,17587,1679326723,749,-6771
6002,2477,0,17588,1680185716,2813,-8748
6002,2477,1,17589,1681044709,2865,-1445
6002,2477,2,17590,1681903702,-2793,2182
6002,2477,3,17591,1682762695,873,-3626
6002,2478,0,17592,1683621688,4047,-4866
6002,2478,1,17593,1684480681,-867,1245
6002,2478,2,17594,1685339674,-898,4089
6002,2478,3,17595,1686198667,5,3680
6002,2479,0,17596,1687057660,3631,-934
6002,2479,1,17597,1687916653,3647,-3971
6002,2479,2,17598,1688775646,1106,4001
6002,2479,3,17599,1689634639,8712,3343
6002,2480,0,17600,1690493632,5425,-3096
6002,2480,1,17601,1691352625,-7706,898
6002,2480,2,17602,1692211618,-7542,-3433
6002,2480,3,17603,1693070611,-1087,-7717
6002,2481,0,17604,1693929604,928,-1575
6002,2481,1,17605,1694788597,-1858,-5251
6002,2481,2,17606,1695647590,-1532,-9164
6002,2481,3,17607,1696506583,1865,-1879
6002,2482,0,17608,1697365576,-248,-318
6002,2482,1,17609,1698224569,-999,-5784
6002,2482,2,17610,1699083562,2422,-868
6002,2482,3,17611,1699942555,1366,3817
6002,2483,0,17612,1700801548,-2183,-3183
6002,2483,1,17613,1701660541,-2230,-817
6002,2483,2,17614,1702519534,-584,3895
6002,2483,3,17615,1703378527,2756,589
6002,2484,0,17616,1704237520,3189,358
6002,2484,1,17617,1705096513,-2217,-2361
6002,2484,2,17618,1705955506,1499,-2239
6002,2484,3,17619,1706814499,8067,-4328
6002,2485,0,17620,1707673492,4024,-8464
6002,2485,1,17621,1708532485,1575,1979
6002,2485,2,17622,1709391478,-931,3083
6002,2485,3,17623,1710250471,-2666,-3250
6002,2486,0,17624,1711109464,-768,-368
6002,2486,1,17625,1711968457,-7292,-1105
6002,2486,2,17626,1712827450,-5721,1991
6002,2486,3,17627,1713686443,4236,3755
6002,2487,0,17628,1714545436,-815,1247
6002,2487,1,17629,1715404429,-2330,3441
6002,2487,2,17630,1716263422,2782,1582
6002,2487,3,17631,1717122415,-1464,-1237
6002,2488,0,17632,1717981408,2290,-5372
6002,2488,1,17633,1718840401,3478,-2215
6002,2488,2,17634,1719699394,-7797,7057
6002,2488,3,17635,1720558387,-1324,-41
6002,2489,0,17636,1721417380,5337,-4648
6002,2489,1,17637,1722276373,-2710,-1394
6002,2489,2,17638,1723135366,560,-2522
6002,2489,3,17639,1723994359,2865,1124
6002,2490,0,17640,1724853352,1207,3726
6002,2490,1,17641,1725712345,3486,5029
6002,2490,2,17642,1726571338,-1612,2807
6002,2490,3,17643,1727430331,-3119,-2538
6002,2491,0,17644,1728289324,-1119,56
6002,2491,1,17645,1729148317,1038,1202
6002,2491,2,17646,1730007310,2241,1436
6002,2491,3,17647,1730866303,-3153,-1237
6002,2492,0,17648,1731725296,-560,-6909
6002,2492,1,17649,1732584289,-1980,421
6002,2492,2,17650,1733443282,-2850,7596
6002,2492,3,17651,1734302275,9247,4829
6002,2493,0,17652,1735161268,3584,-1780
6002,2493,1,17653,1736020261,-1194,-6575
6002,2493,2,17654,1736879254,4808,-3521
6002,2493,3,17655,1737738247,1840,-3186
6002,2494,0,17656,1738597240,4052,-1039
6002,2494,1,17657,1739456233,87,6726
6002,2494,2,17658,1740315226,-4259,2292
6002,2494,3,17659,1741174219,-2247,-7604
6002,2495,0,17660,1742033212,-6939,-4544
6002,2495,1,17661,1742892205,411,3379
6002,2495,2,17662,1743751198,1865,-477
6002,2495,3,17663,1744610191,-3370,-1688
6002,2496,0,17664,1745469184,3661,3797
6002,2496,1,17665,1746328177,-1284,-4696
6002,2496,2,17666,1747187170,-2278,-7057
6002,2496,3,17667,1748046163,2902,3652
6002,2497,0,17668,1748905156,-2820,3140
6002,2497,1,17669,1749764149,-2785,-1392
6002,2497,2,17670,1750623142,-2050,-3394
6002,2497,3,17671,1751482135,1857,-3262
6002,2498,0,17672,1752341128,1954,515
6002,2498,1,17673,1753200121,-6106,1722
6002,2498,2,17674,1754059114,578,-69
6002,2498,3,17675,1754918107,1006,-2120
6002,2499,0,17676,1755777100,-2013,1706
6002,2499,1,17677,1756636093,6662,6155
6002,2499,2,17678,1757495086,1376,3381
6002,2499,3,17679,1758354079,-3156,910
6002,2500,0,17680,1759213072,-444,1390
6002,2500,1,17681,1760072065,-1391,2030
6002,2500,2,17682,1760931058,5152,-753
6002,2500,3,17683,1761790051,2618,-914
6002,2501,0,17684,1762649044,-4350,945
6002,2501,1,17685,1763508037,2597,-4511
6002,2501,2,17686,1764367030,2521,-3548
6002,2501,3,17687,1765226023,-1350,289
6002,2502,0,17688,1766085016,3894,-768
6002,2502,1,17689,1766944009,3007,2360
6002,2502,2,17690,1767803002,-1169,1182
6002,2502,3,17691,1768661995,2742,1769
6002,2503,0,17692,1769520988,2513,3435
6002,2503,1,17693,1770379981,-5352,-2223
6002,2503,2,17694,1771238974,-3625,-1713
6002,2503,3,17695,1772097967,2557,-1265
6002,2504,0,17696,1772956960,-317,-261
6002,2504,1,17697,1773815953,-512,2645
6002,2504,2,17698,1774674946,-1725,-2129
6002,2504,3,17699,1775533939,-8645,-2933
6002,2505,0,17700,1776392932,-4878,-2216
6002,2505,1,17701,1777251925,-1610,523
6002,2505,2,17702,1778110918,-3010,4024
6002,2505,3,17703,1778969911,-149,-1246
6002,2506,0,17704,1779828904,-3553,1910
6002,2506,1,17705,1780687897,-1685,4811
6002,2506,2,17706,1781546890,2375,-434
6002,2506,3,17707,1782405883,-2111,-132
6002,2507,0,17708,1783264876,1785,-2256
6002,2507,1,17709,1784123869,1417,-440
6002,2507,2,17710,1784982862,345,4128
6002,2507,3,17711,1785841855,7018,1075
6002,2508,0,17712,1786700848,1303,-1914
6002,2508,1,17713,1787559841,920,-4164
6002,2508,2,17714,1788418834,2074,253
6002,2508,3,17715,1789277827,-2813,4139
6002,2509,0,17716,1790136820,4762,2067
6002,2509,1,17717,1790995813,1630,4020
6002,2509,2,17718,1791854806,-1927,-787
6002,2509,3,17719,1792713799,5749,-3163
6002,2510,0,17720,1793572792,322,1803
6002,2510,1,17721,1794431785,1210,-2352
6002,2510,2,17722,1795290778,2409,-1944
6002,2510,3,17723,1796149771,-7182,1329
6002,2511,0,17724,1797008764,-4072,-1029
6002,2511,1,17725,1797867757,-108,2141
6002,2511,2,17726,1798726750,-521,1729
6002,2511,3,17727,1799585743,612,-3334
6002,2512,0,17728,1800444736,105,-2543
6002,2512,1,17729,1801303729,3910,-1453
6002,2512,2,17730,1802162722,4130,-1513
6002,2512,3,17731,1803021715,292,1107
6002,2513,0,17732,1803880708,1690,4350
6002,2513,1,17733,1804739701,4598,4723
6002,2513,2,17734,1805598694,3260,2522
6002,2513,3,17735,1806457687,-1296,347
6002,2514,0,17736,1807316680,199,-3119
6002,2514,1,17737,1808175673,3107,-7985
6002,2514,2,17738,1809034666,2745,-6160
6002,2514,3,17739,1809893659,5584,571
6002,2515,0,17740,1810752652,4969,-911
6002,2515,1,17741,1811611645,4286,-4574
6002,2515,2,17742,1812470638,7234,40
6002,2515,3,17743,1813329631,2893,4825
6002,2516,0,17744,1814188624,-1985,2747
6002,2516,1,17745,1815047617,-1390,1208
6002,2516,2,17746,1815906610,1926,6486
6002,2516,3,17747,1816765603,6180,3767
6002,2517,0,17748,1817624596,1164,-4877
6002,2517,1,17749,1818483589,-1877,-1818
6002,2517,2,17750,1819342582,4845,333
6002,2517,3,17751,1820201575,-1367,2555
6002,2518,0,17752,1821060568,-5449,2401
6002,2518,1,17753,1821919561,5483,-10855
6002,2518,2,17754,1822778554,2556,-5392
6002,2518,3,17755,1823637547,-2282,6154
6002,2519,0,17756,1824496540,1838,1703
6002,2519,1,17757,1825355533,-1885,7115
6002,2519,2,17758,1826214526,-5435,3250
6002,2519,3,17759,1827073519,-6889,-6422
6002,2520,0,17760,1827932512,177,1079
6002,2520,1,17761,1828791505,8935,-1003
6002,2520,2,17762,1829650498,-605,-3152
6002,2520,3,17763,1830509491,424,-192
6002,2521,0,17764,1831368484,9513,-4499
6002,2521,1,17765,1832227477,1634,-1193
6002,2521,2,17766,1833086470,-1201,-3804
6002,2521,3,17767,1833945463,1414,-7649
6002,2522,0,17768,1834804456,-221,1773
6002,2522,1,17769,1835663449,1470,1611
6002,2522,2,17770,1836522442,5748,-3213
6002,2522,3,17771,1837381435,4226,-3970
6002,2523,0,17772,1838240428,-2969,-5753
6002,2523,1,17773,1839099421,921,-3099
6002,2523,2,17774,1839958414,2202,-2368
6002,2523,3,17775,1840817407,-6098,-3299
6002,2524,0,17776,1841676400,-1147,790
6002,2524,1,17777,1842535393,3199,3909
6002,2524,2,17778,1843394386,2583,536
6002,2524,3,17779,1844253379,3133,-2391
6002,2525,0,17780,1845112372,-1336,1301
6002,2525,1,17781,1845971365,-1719,678
6002,2525,2,17782,1846830358,-5500,221
6002,2525,3,17783,1847689351,-5652,4287
6002,2526,0,17784,1848548344,3252,156
6002,2526,1,17785,1849407337,47,2735
6002,2526,2,17786,1850266330,-1368,10571
6002,2526,3,17787,1851125323,382,2710
6002,2527,0,17788,1851984316,-7107,-4598
6002,2527,1,17789,1852843309,-8302,-1928
6002,2527,2,17790,1853702302,-4140,2050
6002,2527,3,17791,1854561295,-2380,3323
6002,2528,0,17792,1855420288,-1757,-50
6002,2528,1,17793,1856279281,-1033,1790
6002,2528,2,17794,1857138274,-467,9301
6002,2528,3,17795,1857997267,1242,8490
6002,2529,0,17796,1858856260,4629,-171
6002,2529,1,17797,1859715253,2031,-2487
6002,2529,2,17798,1860574246,1966,831
6002,2529,3,17799,1861433239,2900,-469
6002,2530,0,17800,1862292232,-3738,-2210
6002,2530,1,17801,1863151225,-1826,-6376
6002,2530,2,17802,1864010218,966,-9652
6002,2530,3,17803,1864869211,-154,-1999
6002,2531,0,17804,1865728204,2655,3244
6002,2531,1,17805,1866587197,-276,4433
6002,2531,2,17806,1867446190,-2352,1264
6002,2531,3,17807,1868305183,-3949,-5931
6002,2532,0,17808,1869164176,-4985,4069
6002,2532,1,17809,1870023169,-1573,7977
6002,2532,2,17810,1870882162,-2837,-7857
6002,2532,3,17811,1871741155,1302,-4062
6002,2533,0,17812,1872600148,-1016,8322
6002,2533,1,17813,1873459141,-9509,1572
6002,2533,2,17814,1874318134,1603,-4398
6002,2533,3,17815,1875177127,3937,217
6002,2534,0,17816,1876036120,-4511,-487
6002,2534,1,17817,1876895113,-661,-4537
6002,2534,2,17818,1877754106,-1334,-130
6002,2534,3,17819,1878613099,-1393,1256
6002,2535,0,17820,1879472092,4632,-578
6002,2535,1,17821,1880331085,3856,2436
6002,2535,2,17822,1881190078,-274,-993
6002,2535,3,17823,1882049071,-425,-1975
6002,2536,0,17824,1882908064,2499,1215
6002,2536,1,17825,1883767057,1927,-5078
6002,2536,2,17826,1884626050,232,-5068
6002,2536,3,17827,1885485043,-4735,1670
6002,2537,0,17828,1886344036,-9389,1269
6002,2537,1,17829,1887203029,-1796,793
6002,2537,2,17830,1888062022,1804,920
6002,2537,3,17831,1888921015,1327,-1349
6002,2538,0,17832,1889780008,3330,-3475
6002,2538,1,17833,1890639001,-3151,-2814
6002,2538,2,17834,1891497994,-1704,-348
6002,2538,3,17835,1892356987,3731,-1811
6002,2539,0,17836,1893215980,-467,1006
6002,2539,1,17837,1894074973,-1316,8450
6002,2539,2,17838,1894933966,-3371,5550
6002,2539,3,17839,1895792959,187,3549
6002,2540,0,17840,1896651952,8025,4935
6002,2540,1,17841,1897510945,-539,-3324
6002,2540,2,17842,1898369938,-4249,-2798
6002,2540,3,17843,1899228931,3345,1282
6002,2541,0,17844,1900087924,1601,-7543
6002,2541,1,17845,1900946917,-28,-7690
6002,2541,2,17846,1901805910,3761,-5928
6002,2541,3,17847,1902664903,2118,-7987
6002,2542,0,17848,1903523896,-2803,1328
6002,2542,1,17849,1904382889,-1581,2251
6002,2542,2,17850,1905241882,879,-6438
6002,2542,3,17851,1906100875,-85,-5160
6002,2543,0,17852,1906959868,4223,3077
6002,2543,1,17853,1907818861,4516,2628
6002,2543,2,17854,1908677854,-2235,-6497
6002,2543,3,17855,1909536847,228,1775
6002,2544,0,17856,1910395840,2975,8032
6002,2544,1,17857,1911254833,1358,-973
6002,2544,2,17858,1912113826,3626,4332
6002,2544,3,17859,1912972819,3752,2217
6002,2545,0,17860,1913831812,3852,-1741
6002,2545,1,17861,1914690805,2616,6216
6002,2545,2,17862,1915549798,-2162,-1806
6002,2545,3,17863,1916408791,1072,790
6002,2546,0,17864,1917267784,5542,3992
6002,2546,1,17865,1918126777,3780,-9497
6002,2546,2,17866,1918985770,4123,865
6002,2546,3,17867,1919844763,3958,7602
6002,2547,0,17868,1920703756,748,-2017
6002,2547,1,17869,1921562749,-802,451
6002,2547,2,17870,1922421742,-1639,-867
6002,2547,3,17871,1923280735,-1716,-5597
6002,2548,0,17872,1924139728,-53,-4576
6002,2548,1,17873,1924998721,-2474,-1416
6002,2548,2,17874,1925857714,-5992,-210
6002,2548,3,17875,1926716707,-957,-2953
6002,2549,0,17876,1927575700,830,-1285
6002,2549,1,17877,1928434693,-5446,1022
6002,2549,2,17878,1929293686,-2580,391
6002,2549,3,17879,1930152679,2085,-2307
6002,2550,0,17880,1931011672,-1364,431
6002,2550,1,17881,1931870665,-1481,8122
6002,2550,2,17882,1932729658,-1550,821
6002,2550,3,17883,1933588651,-3092,-3355
6002,2551,0,17884,1934447644,-481,4405
6002,2551,1,17885,1935306637,-1245,4727
6002,2551,2,17886,1936165630,160,2568
6002,2551,3,17887,1937024623,5929,-4080
6002,2552,0,17888,1937883616,3300,-2542
6002,2552,1,17889,1938742609,2594,6982
6002,2552,2,17890,1939601602,5681,-711
6002,2552,3,17891,1940460595,-3175,-4172
6002,2553,0,17892,1941319588,-9676,2639
6002,2553,1,17893,1942178581,-1129,1711
6002,2553,2,17894,1943037574,5112,540
6002,2553,3,17895,1943896567,877,1115
6002,2554,0,17896,1944755560,209,-1010
6002,2554,1,17897,1945614553,3422,-3470
6002,2554,2,17898,1946473546,-1644,-1588
6002,2554,3,17899,1947332539,-1682,-4491
6002,2555,0,17900,1948191532,3320,-5866
6002,2555,1,17901,1949050525,-1670,2405
6002,2555,2,17902,1949909518,-741,-1953
6002,2555,3,17903,1950768511,3059,-2640
6002,2556,0,17904,1951627504,1869,3204
6002,2556,1,17905,1952486497,6398,-4301
6002,2556,2,17906,1953345490,5358,-3842
6002,2556,3,17907,1954204483,2199,-5857
6002,2557,0,17908,1955063476,-661,-7408
6002,2557,1,17909,1955922469,-7076,2061
6002,2557,2,17910,1956781462,-2103,-1756
6002,2557,3,17911,1957640455,1464,-154
6002,2558,0,17912,1958499448,2564,2040
6002,2558,1,17913,1959358441,5155,-3328
6002,2558,2,17914,1960217434,-2750,1872
6002,2558,3,17915,1961076427,-425,-1017
6002,2559,0,17916,1961935420,3355,-1102
6002,2559,1,17917,1962794413,-1215,1408
6002,2559,2,17918,1963653406,4574,-4405
6002,2559,3,17919,1964512399,3262,-616
6002,2560,0,18432,2405175808,-400,-948
6002,2560,1,18433,2406034801,-1028,3157
6002,2560,2,18434,2406893794,-4954,3973
6002,2560,3,18435,2407752787,1551,-1026
6002,2561,0,18436,2408611780,-1522,3187
6002,2561,1,18437,2409470773,-954,-551
6002,2561,2,18438,2410329766,2208,-2489
6002,2561,3,18439,2411188759,-3960,4688
6002,2562,0,18440,2412047752,1695,2803
6002,2562,1,18441,2412906745,-340,1433
6002,2562,2,18442,2413765738,-1473,-2310
6002,2562,3,18443,2414624731,2949,-6755
6002,2563,0,18444,2415483724,-7263,-1602
6002,2563,1,18445,2416342717,-6090,1432
6002,2563,2,18446,2417201710,-4496,4822
6002,2563,3,18447,2418060703,-5084,5796
6002,2564,0,18448,2418919696,2939,2263
6002,2564,1,18449,2419778689,-3009,2696
6002,2564,2,18450,2420637682,-1842,-984
6002,2564,3,18451,2421496675,2598,-1349
6002,2565,0,18452,2422355668,-6242,2543
6002,2565,1,18453,2423214661,-4239,-2243
6002,2565,2,18454,2424073654,-1365,-1833
6002,2565,3,18455,2424932647,-3879,2950
6002,2566,0,18456,2425791640,-1029,78
6002,2566,1,18457,2426650633,993,1012
6002,2566,2,18458,2427509626,-118,5139
6002,2566,3,18459,2428368619,1841,-901
6002,2567,0,18460,2429227612,3854,-9259
6002,2567,1,18461,2430086605,-3732,-3683
6002,2567,2,18462,2430945598,-1431,5544
6002,2567,3,18463,2431804591,6593,3465
6002,2568,0,18464,2432663584,-2943,2948
6002,2568,1,18465,2433522577,-4804,5359
6002,2568,2,18466,2434381570,2527,487
6002,2568,3,18467,2435240563,4848,-631
6002,2569,0,18468,2436099556,4430,86
6002,2569,1,18469,2436958549,-2932,-3496
6002,2569,2,18470,2437817542,1013,-1433
6002,2569,3,18471,2438676535,8245,-431
6002,2570,0,18472,2439535528,602,-1297
6002,2570,1,18473,2440394521,-2555,1773
6002,2570,2,18474,2441253514,718,-2509
6002,2570,3,18475,2442112507,1710,-5270
6002,2571,0,18476,2442971500,-1381,659
6002,2571,1,18477,2443830493,-2806,-1326
6002,2571,2,18478,2444689486,558,-5970
6002,2571,3,18479,2445548479,-1088,-2635
6002,2572,0,18480,2446407472,-4532,-637
6002,2572,1,18481,2447266465,-5331,-2418
6002,2572,2,18482,2448125458,-651,-1736
6002,2572,3,18483,2448984451,550,-738
6002,2573,0,18484,2449843444,-2096,484
6002,2573,1,18485,2450702437,7034,4897
6002,2573,2,18486,2451561430,331,4199
6002,2573,3,18487,2452420423,-9902,2535
6002,2574,0,18488,2453279416,3251,6007
6002,2574,1,18489,2454138409,646,1164
6002,2574,2,18490,2454997402,-1514,-2375
6002,2574,3,18491,2455856395,5830,3389
6002,2575,0,18492,2456715388,-2219,3598
6002,2575,1,18493,2457574381,1719,4005
6002,2575,2,18494,2458433374,3833,4150
6002,2575,3,18495,2459292367,-1138,1223
6002,2576,0,18496,2460151360,7586,3977
6002,2576,1,18497,2461010353,1732,453
6002,2576,2,18498,2461869346,-6158,-3047
6002,2576,3,18499,2462728339,2029,4815
6002,2577,0,18500,2463587332,2512,4582
6002,2577,1,18501,2464446325,-5107,-743
6002,2577,2,18502,2465305318,-6498,49
6002,2577,3,18503,2466164311,2434,-1281
6002,2578,0,18504,2467023304,1675,-2610
6002,2578,1,18505,2467882297,-8192,1080
6002,2578,2,18506,2468741290,-6361,2972
6002,2578,3,18507,2469600283,-7623,-1011
6002,2579,0,18508,2470459276,-7685,624
6002,2579,1,18509,2471318269,843,3481
6002,2579,2,18510,2472177262,-2231,-4572
6002,2579,3,18511,2473036255,-3228,-959
6002,2580,0,18512,2473895248,3869,8590
6002,2580,1,18513,2474754241,3496,639
6002,2580,2,18514,2475613234,5936,-2634
6002,2580,3,18515,2476472227,8549,-225
6002,2581,0,18516,2477331220,1057,-335
6002,2581,1,18517,2478190213,-2273,3469
6002,2581,2,18518,2479049206,-127,-1735
6002,2581,3,18519,2479908199,-2388,-3485
6002,2582,0,18520,2480767192,-3873,2858
6002,2582,1,18521,2481626185,-1508,1144
6002,2582,2,18522,2482485178,682,1907
6002,2582,3,18523,2483344171,1016,-1680
6002,2583,0,18524,2484203164,2458,-9150
6002,2583,1,18525,2485062157,2261,-4482
6002,2583,2,18526,2485921150,-5056,-418
6002,2583,3,18527,2486780143,-5283,1262
6002,2584,0,18528,2487639136,885,2633
6002,2584,1,18529,2488498129,-1905,-674
6002,2584,2,18530,2489357122,-950,-399
6002,2584,3,18531,2490216115,1923,4136
6002,2585,0,18532,2491075108,-1165,4520
6002,2585,1,18533,2491934101,1424,-1221
6002,2585,2,18534,2492793094,42,-1339
6002,2585,3,18535,2493652087,-4416,-1235
6002,2586,0,18536,2494511080,94,-4536
6002,2586,1,18537,2495370073,-288,3932
6002,2586,2,18538,2496229066,-4567,1027
6002,2586,3,18539,2497088059,2774,-9230
6002,2587,0,18540,2497947052,8384,57
6002,2587,1,18541,2498806045,-4195,772
6002,2587,2,18542,2499665038,-7430,-3818
6002,2587,3,18543,2500524031,8113,-540
6002,2588,0,18544,2501383024,4672,-4424
6002,2588,1,18545,2502242017,-5378,-4675
6002,2588,2,18546,2503101010,1554,-2171
6002,2588,3,18547,2503960003,4432,293
6002,2589,0,18548,2504818996,2878,3048
6002,2589,1,18549,2505677989,-1963,-408
6002,2589,2,18550,2506536982,-9696,-275
6002,2589,3,18551,2507395975,-6091,-2626
6002,2590,0,18552,2508254968,-1714,-3989
6002,2590,1,18553,2509113961,-836,2816
6002,2590,2,18554,2509972954,573,2056
6002,2590,3,18555,2510831947,-2726,1697
6002,2591,0,18556,2511690940,-761,4569
6002,2591,1,18557,2512549933,8261,2318
6002,2591,2,18558,2513408926,9284,726
6002,2591,3,18559,2514267919,1907,-796
6002,2592,0,18560,2515126912,175,-1749
6002,2592,1,18561,2515985905,3600,-1936
6002,2592,2,18562,2516844898,2562,-3844
6002,2592,3,18563,2517703891,-851,-8480
6002,2593,0,18564,2518562884,-3652,-7636
6002,2593,1,18565,2519421877,2639,725
6002,2593,2,18566,2520280870,10659,-6
6002,2593,3,18567,2521139863,2707,396
6002,2594,0,18568,2521998856,-261,3245
6002,2594,1,18569,2522857849,4974,-5058
6002,2594,2,18570,2523716842,923,-5427
6002,2594,3,18571,2524575835,893,-1618
6002,2595,0,18572,2525434828,1461,-1158
6002,2595,1,18573,2526293821,-2772,2801
6002,2595,2,18574,2527152814,202,2630
6002,2595,3,18575,2528011807,3468,3673
6002,2596,0,18576,2528870800,931,-1037
6002,2596,1,18577,2529729793,-2492,-6470
6002,2596,2,18578,2530588786,-2630,1881
6002,2596,3,18579,2531447779,-3192,517
6002,2597,0,18580,2532306772,-5326,-3680
6002,2597,1,18581,2533165765,-4478,3684
6002,2597,2,18582,2534024758,-3922,5290
6002,2597,3,18583,2534883751,1410,1664
6002,2598,0,18584,2535742744,1787,7
6002,2598,1,18585,2536601737,-7767,425
6002,2598,2,18586,2537460730,-3619,-1677
6002,2598,3,18587,2538319723,-1392,1468
6002,2599,0,18588,2539178716,-5679,8860
6002,2599,1,18589,2540037709,-245,396
6002,2599,2,18590,2540896702,-3049,-1003
6002,2599,3,18591,2541755695,-2137,8733
6002,2600,0,18592,2542614688,1047,314
6002,2600,1,18593,2543473681,-5488,-7653
6002,2600,2,18594,2544332674,3918,-4975
6002,2600,3,18595,2545191667,7297,-960
6002,2601,0,18596,2546050660,1454,2040
6002,2601,1,18597,2546909653,6395,-1476
6002,2601,2,18598,2547768646,-5674,1846
6002,2601,3,18599,2548627639,-11467,4051
6002,2602,0,18600,2549486632,3078,-5097
6002,2602,1,18601,2550345625,2708,-1030
6002,2602,2,18602,2551204618,-289,4848
6002,2602,3,18603,2552063611,-1563,-2094
6002,2603,0,18604,2552922604,-4986,531
6002,2603,1,18605,2553781597,2946,6610
6002,2603,2,18606,2554640590,6186,2739
6002,2603,3,18607,2555499583,1376,-1224
6002,2604,0,18608,2556358576,2978,-1618
6002,2604,1,18609,2557217569,4415,3486
6002,2604,2,18610,2558076562,-885,7180
6002,2604,3,18611,2558935555,-5084,3666
6002,2605,0,18612,2559794548,-1539,4812
6002,2605,1,18613,2560653541,-147,5611
6002,2605,2,18614,2561512534,-6460,1936
6002,2605,3,18615,2562371527,-8317,2061
6002,2606,0,18616,2563230520,-3118,-202
6002,2606,1,18617,2564089513,510,-1241
6002,2606,2,18618,2564948506,2084,3556
6002,2606,3,18619,2565807499,4096,5164
6002,2607,0,18620,2566666492,4099,2232
6002,2607,1,18621,2567525485,1060,431
6002,2607,2,18622,2568384478,-2028,3903
6002,2607,3,18623,2569243471,-1941,3693
6002,2608,0,18624,2570102464,-2535,-221
6002,2608,1,18625,2570961457,-3385,181
6002,2608,2,18626,2571820450,1782,-296
6002,2608,3,18627,2572679443,2138,167
6002,2609,0,18628,2573538436,-500,-4170
6002,2609,1,18629,2574397429,2236,-6953
6002,2609,2,18630,2575256422,-2236,2140
6002,2609,3,18631,2576115415,-2487,900
6002,2610,0,18632,2576974408,1748,549
6002,2610,1,18633,2577833401,-3872,5298
6002,2610,2,18634,2578692394,-534,-2012
6002,2610,3,18635,2579551387,3779,2131
6002,2611,0,18636,2580410380,1441,4988
6002,2611,1,18637,2581269373,4464,-2261
6002,2611,2,18638,2582128366,-14,2089
6002,2611,3,18639,2582987359,-4247,380
6002,2612,0,18640,2583846352,-2064,1048
6002,2612,1,18641,2584705345,169,7098
6002,2612,2,18642,2585564338,4050,870
6002,2612,3,18643,2586423331,-618,1349
6002,2613,0,18644,2587282324,-2466,1482
6002,2613,1,18645,2588141317,139,-2110
6002,2613,2,18646,2589000310,-734,2301
6002,2613,3,18647,2589859303,4987,-1057
6002,2614,0,18648,2590718296,2348,-3280
6002,2614,1,18649,2591577289,-1216,-307
6002,2614,2,18650,2592436282,4376,-2471
6002,2614,3,18651,2593295275,724,-1530
6002,2615,0,18652,2594154268,-1575,-5122
6002,2615,1,18653,2595013261,-1804,-8949
6002,2615,2,18654,2595872254,-1891,-1983
6002,2615,3,18655,2596731247,2689,-169
6002,2616,0,18656,2597590240,-218,-347
6002,2616,1,18657,2598449233,-1581,2374
6002,2616,2,18658,2599308226,-1235,-3814
6002,2616,3,18659,2600167219,-1521,-5592
6002,2617,0,18660,2601026212,3085,2932
6002,2617,1,18661,2601885205,1404,2946
6002,2617,2,18662,2602744198,1322,-1008
6002,2617,3,18663,2603603191,1956,3284
6002,2618,0,18664,2604462184,-1260,3764
6002,2618,1,18665,2605321177,459,-1302
6002,2618,2,18666,2606180170,-3842,2046
6002,2618,3,18667,2607039163,-4806,1999
6002,2619,0,18668,2607898156,1493,-4193
6002,2619,1,18669,2608757149,-1241,2480
6002,2619,2,18670,2609616142,-1406,5014
6002,2619,3,18671,2610475135,2191,-1120
6002,2620,0,18672,2611334128,1436,-262
6002,2620,1,18673,2612193121,1306,-3014
6002,2620,2,18674,2613052114,3177,1797
6002,2620,3,18675,2613911107,5253,7394
6002,2621,0,18676,2614770100,1949,-1779
6002,2621,1,18677,2615629093,-2231,727
6002,2621,2,18678,2616488086,-142,565
6002,2621,3,18679,2617347079,2488,-5836
6002,2622,0,18680,2618206072,261,2004
6002,2622,1,18681,2619065065,-3473,1425
6002,2622,2,18682,2619924058,-3104,-2467
6002,2622,3,18683,2620783051,-1025,-2940
6002,2623,0,18684,2621642044,3475,-2396
6002,2623,1,18685,2622501037,3251,3345
6002,2623,2,18686,2623360030,-6708,-3162
6002,2623,3,18687,2624219023,-4494,-1874
6002,2624,0,18688,2625078016,3298,4116
6002,2624,1,18689,2625937009,-1243,-3558
6002,2624,2,18690,2626796002,-712,1788
6002,2624,3,18691,2627654995,3299,840
6002,2625,0,18692,2628513988,-3620,-7463
6002,2625,1,18693,2629372981,-7254,-3200
6002,2625,2,18694,2630231974,2818,-3931
6002,2625,3,18695,2631090967,6660,946
6002,2626,0,18696,2631949960,-1549,3886
6002,2626,1,18697,2632808953,-3395,1417
6002,2626,2,18698,2633667946,-4107,4318
6002,2626,3,18699,2634526939,-6368,-2025
6002,2627,0,18700,2635385932,-2224,3327
6002,2627,1,18701,2636244925,3607,9788
6002,2627,2,18702,2637103918,7898,-1855
6002,2627,3,18703,2637962911,671,-1910
6002,2628,0,18704,2638821904,-6781,-1439
6002,2628,1,18705,2639680897,-824,-3285
6002,2628,2,18706,2640539890,1137,2407
6002,2628,3,18707,2641398883,1060,1183
6002,2629,0,18708,2642257876,199,-1103
6002,2629,1,18709,2643116869,-2118,-3418
6002,2629,2,18710,2643975862,2990,-1240
6002,2629,3,18711,2644834855,4542,4100
6002,2630,0,18712,2645693848,3541,1674
6002,2630,1,18713,2646552841,749,2985
6002,2630,2,18714,2647411834,-2573,233
6002,2630,3,18715,2648270827,-1037,-2866
6002,2631,0,18716,2649129820,-5292,4699
6002,2631,1,18717,2649988813,129,-1318
6002,2631,2,18718,2650847806,7996,-6831
6002,2631,3,18719,2651706799,-2642,3166
6002,2632,0,18720,2652565792,-5620,1584
6002,2632,1,18721,2653424785,-1040,-1610
6002,2632,2,18722,2654283778,1214,2961
6002,2632,3,18723,2655142771,3710,-1871
6002,2633,0,18724,2656001764,1341,-649
6002,2633,1,18725,2656860757,3183,4682
6002,2633,2,18726,2657719750,2706,-5420
6002,2633,3,18727,2658578743,-163,-7373
6002,2634,0,18728,2659437736,-267,-809
6002,2634,1,18729,2660296729,-2882,-3059
6002,2634,2,18730,2661155722,3177,-529
6002,2634,3,18731,2662014715,1762,1815
6002,2635,0,18732,2662873708,-8909,2909
6002,2635,1,18733,2663732701,-5323,7448
6002,2635,2,18734,2664591694,-2412,1201
6002,2635,3,18735,2665450687,-2058,-2500
6002,2636,0,18736,2666309680,-52,3208
6002,2636,1,18737,2667168673,232,2808
6002,2636,2,18738,2668027666,3938,-81
6002,2636,3,18739,2668886659,-526,-2316
6002,2637,0,18740,2669745652,-2878,-2572
6002,2637,1,18741,2670604645,3611,1843
6002,2637,2,18742,2671463638,-1170,2291
6002,2637,3,18743,2672322631,-5609,-1730
6002,2638,0,18744,2673181624,-284,-287
6002,2638,1,18745,2674040617,-2102,1609
6002,2638,2,18746,2674899610,-8893,-2691
6002,2638,3,18747,2675758603,-4970,-2514
6002,2639,0,18748,2676617596,-1680,719
6002,2639,1,18749,2677476589,-7515,-2064
6002,2639,2,18750,2678335582,-2440,-7919
6002,2639,3,18751,2679194575,1876,-7528
6002,2640,0,18752,2680053568,-3764,4984
6002,2640,1,18753,2680912561,2202,9068
6002,2640,2,18754,2681771554,3826,1608
6002,2640,3,18755,2682630547,-4405,3109
6002,2641,0,18756,2683489540,-1390,3482
6002,2641,1,18757,2684348533,3649,475
6002,2641,2,18758,2685207526,4170,-368
6002,2641,3,18759,2686066519,1345,-700
6002,2642,0,18760,2686925512,-5343,3392
6002,2642,1,18761,2687784505,-3708,402
6002,2642,2,18762,2688643498,2522,-2491
6002,2642,3,18763,2689502491,-1799,2657
6002,2643,0,18764,2690361484,-9036,1672
6002,2643,1,18765,2691220477,-6812,-123
6002,2643,2,18766,2692079470,-3078,-406
6002,2643,3,18767,2692938463,-2647,137
6002,2644,0,18768,2693797456,1751,2167
6002,2644,1,18769,2694656449,3074,621
6002,2644,2,18770,2695515442,-3515,-1024
6002,2644,3,18771,2696374435,-2641,-1935
6002,2645,0,18772,2697233428,3019,1644
6002,2645,1,18773,2698092421,-134,-547
6002,2645,2,18774,2698951414,-1682,-8930
6002,2645,3,18775,2699810407,-1718,-4239
6002,2646,0,18776,2700669400,-3872,-706
6002,2646,1,18777,2701528393,1541,2554
6002,2646,2,18778,2702387386,-1125,6570
6002,2646,3,18779,2703246379,-6401,-4001
6002,2647,0,18780,2704105372,1393,-8059
6002,2647,1,18781,2704964365,-766,-3872
6002,2647,2,18782,2705823358,-1137,3248
6002,2647,3,18783,2706682351,6786,7719
6002,2648,0,18784,2707541344,-391,-3000
6002,2648,1,18785,2708400337,-5014,-3777
6002,2648,2,18786,2709259330,-2845,-2018
6002,2648,3,18787,2710118323,-1238,-3491
6002,2649,0,18788,2710977316,-139,5926
6002,2649,1,18789,2711836309,-5147,1457
6002,2649,2,18790,2712695302,759,-585
6002,2649,3,18791,2713554295,3713,6295
6002,2650,0,18792,2714413288,-337,-904
6002,2650,1,18793,2715272281,8676,-1367
6002,2650,2,18794,2716131274,2300,1701
6002,2650,3,18795,2716990267,-3632,1633
6002,2651,0,18796,2717849260,5474,4445
6002,2651,1,18797,2718708253,-3691,215
6002,2651,2,18798,2719567246,-3106,27
6002,2651,3,18799,2720426239,5782,4088
6002,2652,0,18800,2721285232,-3348,459
6002,2652,1,18801,2722144225,-2710,-3745
6002,2652,2,18802,2723003218,-410,691
6002,2652,3,18803,2723862211,-3968,4516
6002,2653,0,18804,2724721204,433,754
6002,2653,1,18805,2725580197,-318,5266
6002,2653,2,18806,2726439190,-1105,2743
6002,2653,3,18807,2727298183,2164,-6609
6002,2654,0,18808,2728157176,1012,6344
6002,2654,1,18809,2729016169,2021,10083
6002,2654,2,18810,2729875162,4269,117
6002,2654,3,18811,2730734155,3679,1191
6002,2655,0,18812,2731593148,3953,-1270
6002,2655,1,18813,2732452141,4867,-459
6002,2655,2,18814,2733311134,-3354,61
6002,2655,3,18815,2734170127,-14135,-3471
6002,2656,0,18816,2735029120,-5536,3093
6002,2656,1,18817,2735888113,3426,1686
6002,2656,2,18818,2736747106,-4067,-3857
6002,2656,3,18819,2737606099,-1096,-2940
6002,2657,0,18820,2738465092,8203,-2805
6002,2657,1,18821,2739324085,5791,363
6002,2657,2,18822,2740183078,3086,-5407
6002,2657,3,18823,2741042071,156,-8339
6002,2658,0,18824,2741901064,-923,4072
6002,2658,1,18825,2742760057,7308,2439
6002,2658,2,18826,2743619050,7377,-4832
6002,2658,3,18827,2744478043,-3167,-1227
6002,2659,0,18828,2745337036,-5031,-1365
6002,2659,1,18829,2746196029,-1927,-2465
6002,2659,2,18830,2747055022,-2814,-1530
6002,2659,3,18831,2747914015,-453,700
6002,2660,0,18832,2748773008,3767,3506
6002,2660,1,18833,2749632001,2618,876
6002,2660,2,18834,2750490994,-1155,2580
6002,2660,3,18835,2751349987,-6588,5736
6002,2661,0,18836,2752208980,-8100,807
6002,2661,1,18837,2753067973,579,340
6002,2661,2,18838,2753926966,5331,4045
6002,2661,3,18839,2754785959,3565,4982
6002,2662,0,18840,2755644952,5379,4692
6002,2662,1,18841,2756503945,1275,1029
6002,2662,2,18842,2757362938,-2670,-1494
6002,2662,3,18843,2758221931,5307,-611
6002,2663,0,18844,2759080924,5975,-1914
6002,2663,1,18845,2759939917,-508,-3971
6002,2663,2,18846,2760798910,2570,-589
6002,2663,3,18847,2761657903,4645,2449
6002,2664,0,18848,2762516896,2176,-1505
6002,2664,1,18849,2763375889,2321,-2533
6002,2664,2,18850,2764234882,1106,-2282
6002,2664,3,18851,2765093875,2871,-2476
6002,2665,0,18852,2765952868,4152,1543
6002,2665,1,18853,2766811861,-2075,-2701
6002,2665,2,18854,2767670854,179,-5702
6002,2665,3,18855,2768529847,4081,-1255
6002,2666,0,18856,2769388840,-3215,-3265
6002,2666,1,18857,2770247833,-663,-3858
6002,2666,2,18858,2771106826,3951,-3648
6002,2666,3,18859,2771965819,-4086,1792
6002,2667,0,18860,2772824812,-2616,10998
6002,2667,1,18861,2773683805,3576,2796
6002,2667,2,18862,2774542798,-1812,-3545
6002,2667,3,18863,2775401791,-2787,1523
6002,2668,0,18864,2776260784,4243,2482
6002,2668,1,18865,2777119777,1656,-1637
6002,2668,2,18866,2777978770,-6745,-7931
6002,2668,3,18867,2778837763,-6311,-3457
6002,2669,0,18868,2779696756,-4367,2667
6002,2669,1,18869,2780555749,-1348,2046
6002,2669,2,18870,2781414742,6216,700
6002,2669,3,18871,2782273735,2557,-4562
6002,2670,0,18872,2783132728,-4412,1925
6002,2670,1,18873,2783991721,-4009,6248
6002,2670,2,18874,2784850714,-5979,-924
6002,2670,3,18875,2785709707,-5379,-70
6002,2671,0,18876,2786568700,-3685,-5710
6002,2671,1,18877,2787427693,-3096,-3586
6002,2671,2,18878,2788286686,-1717,4865
6002,2671,3,18879,2789145679,-5478,-2335
6002,2672,0,18880,2790004672,-1593,2957
6002,2672,1,18881,2790863665,3003,5524
6002,2672,2,18882,2791722658,-3803,-4965
6002,2672,3,18883,2792581651,-627,-1829
6002,2673,0,18884,2793440644,3145,1453
6002,2673,1,18885,2794299637,-1389,-1966
6002,2673,2,18886,2795158630,3229,-3071
6002,2673,3,18887,2796017623,4006,3391
6002,2674,0,18888,2796876616,-2547,3539
6002,2674,1,18889,2797735609,-2811,-4393
6002,2674,2,18890,2798594602,-1691,15
6002,2674,3,18891,2799453595,-735,-3769
6002,2675,0,18892,2800312588,160,-4887
6002,2675,1,18893,2801171581,2221,6683
6002,2675,2,18894,2802030574,4472,-1426
6002,2675,3,18895,2802889567,-152,-2083
6002,2676,0,18896,2803748560,-1223,8276
6002,2676,1,18897,2804607553,-479,5724
6002,2676,2,18898,2805466546,-8161,3167
6002,2676,3,18899,2806325539,-5684,-2359
6002,2677,0,18900,2807184532,619,-4638
6002,2677,1,18901,2808043525,-4706,-1779
6002,2677,2,18902,2808902518,542,819
6002,2677,3,18903,2809761511,8386,815
6002,2678,0,18904,2810620504,1044,-5782
6002,2678,1,18905,2811479497,-1863,39
6002,2678,2,18906,2812338490,400,-481
6002,2678,3,18907,2813197483,130,-9064
6002,2679,0,18908,2814056476,1175,1564
6002,2679,1,18909,2814915469,186,1077
6002,2679,2,18910,2815774462,6,-4502
6002,2679,3,18911,2816633455,123,-1939
6002,2680,0,18912,2817492448,820,-8690
6002,2680,1,18913,2818351441,2786,-6988
6002,2680,2,18914,2819210434,-3417,-2614
6002,2680,3,18915,2820069427,-5680,-708
6002,2681,0,18916,2820928420,3274,5796
6002,2681,1,18917,2821787413,8190,2536
6002,2681,2,18918,2822646406,9469,-3564
6002,2681,3,18919,2823505399,6361,-4467
6002,2682,0,18920,2824364392,-958,-1037
6002,2682,1,18921,2825223385,-1195,229
6002,2682,2,18922,2826082378,1042,-4611
6002,2682,3,18923,2826941371,1378,-4715
6002,2683,0,18924,2827800364,2590,-3123
6002,2683,1,18925,2828659357,343,-1479
6002,2683,2,18926,2829518350,-4008,-1096
6002,2683,3,18927,2830377343,-4635,-3918
6002,2684,0,18928,2831236336,-924,-5668
6002,2684,1,18929,2832095329,2300,-5278
6002,2684,2,18930,2832954322,1130,1347
6002,2684,3,18931,2833813315,1134,-2158
6002,2685,0,18932,2834672308,3382,-7445
6002,2685,1,18933,2835531301,315,-278
6002,2685,2,18934,2836390294,-3291,-5300
6002,2685,3,18935,2837249287,1092,-3167
6002,2686,0,18936,2838108280,6270,2698
6002,2686,1,18937,2838967273,2889,-5688
6002,2686,2,18938,2839826266,-2897,2477
6002,2686,3,18939,2840685259,-2071,3894
6002,2687,0,18940,2841544252,-2524,-1614
6002,2687,1,18941,2842403245,-4289,3322
6002,2687,2,18942,2843262238,2035,-6842
6002,2687,3,18943,2844121231,1453,-3940
6002,2688,0,18944,2844980224,-3178,3186
6002,2688,1,18945,2845839217,2377,-7129
6002,2688,2,18946,2846698210,-1878,-2532
6002,2688,3,18947,2847557203,-6407,-528
6002,2689,0,18948,2848416196,2131,-642
6002,2689,1,18949,2849275189,176,5375
6002,2689,2,18950,2850134182,-755,-3495
6002,2689,3,18951,2850993175,4868,-1392
6002,2690,0,18952,2851852168,56,10307
6002,2690,1,18953,2852711161,-1949,4906
6002,2690,2,18954,2853570154,262,-4538
6002,2690,3,18955,2854429147,534,-3642
6002,2691,0,18956,2855288140,334,3167
6002,2691,1,18957,2856147133,-1061,2749
6002,2691,2,18958,2857006126,2940,1884
6002,2691,3,18959,2857865119,45,1056
6002,2692,0,18960,2858724112,-6555,-3828
6002,2692,1,18961,2859583105,1012,3951
6002,2692,2,18962,2860442098,3735,6891
6002,2692,3,18963,2861301091,-221,1333
6002,2693,0,18964,2862160084,1446,6741
6002,2693,1,18965,2863019077,3775,1857
6002,2693,2,18966,2863878070,7779,-6003
6002,2693,3,18967,2864737063,2701,-3714
6002,2694,0,18968,2865596056,-6290,-8723
6002,2694,1,18969,2866455049,-1410,-6338
6002,2694,2,18970,2867314042,801,4147
6002,2694,3,18971,2868173035,-3711,5416
6002,2695,0,18972,2869032028,-3745,4264
6002,2695,1,18973,2869891021,-2561,-655
6002,2695,2,18974,2870750014,1004,-4416
6002,2695,3,18975,2871609007,3215,-72
6002,2696,0,18976,2872468000,1602,-897
6002,2696,1,18977,2873326993,64,-2521
6002,2696,2,18978,2874185986,-3707,2909
6002,2696,3,18979,2875044979,-2082,-949
6002,2697,0,18980,2875903972,5493,-8656
6002,2697,1,18981,2876762965,4790,-1537
6002,2697,2,18982,2877621958,1085,-1226
6002,2697,3,18983,2878480951,1997,-11051
6002,2698,0,18984,2879339944,251,-3052
6002,2698,1,18985,2880198937,-566,5098
6002,2698,2,18986,2881057930,2124,3781
6002,2698,3,18987,2881916923,-1557,5326
6002,2699,0,18988,2882775916,-6243,-1500
6002,2699,1,18989,2883634909,-2128,-3165
6002,2699,2,18990,2884493902,4219,1999
6002,2699,3,18991,2885352895,4292,-240
6002,2700,0,18992,2886211888,-1870,424
6002,2700,1,18993,2887070881,-581,-5586
6002,2700,2,18994,2887929874,7203,-6472
6002,2700,3,18995,2888788867,3049,1610
6002,2701,0,18996,2889647860,1102,-6469
6002,2701,1,18997,2890506853,5211,-1909
6002,2701,2,18998,2891365846,-2364,6201
6002,2701,3,18999,2892224839,-651,-6441
6002,2702,0,19000,2893083832,7364,-3065
6002,2702,1,19001,2893942825,-1662,5135
6002,2702,2,19002,2894801818,-5333,3367
6002,2702,3,19003,2895660811,218,5292
6002,2703,0,19004,2896519804,507,3723
6002,2703,1,19005,2897378797,370,3008
6002,2703,2,19006,2898237790,-546,-2036
6002,2703,3,19007,2899096783,-310,-4092
6002,2704,0,19008,2899955776,-1263,6277
6002,2704,1,19009,2900814769,-5432,4087
6002,2704,2,19010,2901673762,-4706,-522
6002,2704,3,19011,2902532755,-993,5155
6002,2705,0,19012,2903391748,1078,3980
6002,2705,1,19013,2904250741,117,-1086
6002,2705,2,19014,2905109734,1457,-275
6002,2705,3,19015,2905968727,2756,3305
6002,2706,0,19016,2906827720,-727,425
6002,2706,1,19017,2907686713,3515,-3619
6002,2706,2,19018,2908545706,2601,-3931
6002,2706,3,19019,2909404699,-5228,-4847
6002,2707,0,19020,2910263692,285,-1189
6002,2707,1,19021,2911122685,170,-859
6002,2707,2,19022,2911981678,-1065,-3271
6002,2707,3,19023,2912840671,5972,930
6002,2708,0,19024,2913699664,2573,3542
6002,2708,1,19025,2914558657,2559,6254
6002,2708,2,19026,2915417650,2345,4989
6002,2708,3,19027,2916276643,-2540,-10
6002,2709,0,19028,2917135636,3630,4167
6002,2709,1,19029,2917994629,4364,5856
6002,2709,2,19030,2918853622,2812,-1809
6002,2709,3,19031,2919712615,5551,-3077
6002,2710,0,19032,2920571608,2496,6726
6002,2710,1,19033,2921430601,930,5816
6002,2710,2,19034,2922289594,-1783,-2635
6002,2710,3,19035,2923148587,-790,5379
6002,2711,0,19036,2924007580,689,5414
6002,2711,1,19037,2924866573,-4789,-3601
6002,2711,2,19038,2925725566,1737,1194
6002,2711,3,19039,2926584559,5814,610
6002,2712,0,19040,2927443552,1298,-63
6002,2712,1,19041,2928302545,5147,87
6002,2712,2,19042,2929161538,889,-7760
6002,2712,3,19043,2930020531,-3318,-1376
6002,2713,0,19044,2930879524,3039,3884
6002,2713,1,19045,2931738517,2898,-2505
6002,2713,2,19046,2932597510,2488,-32
6002,2713,3,19047,2933456503,2142,2990
6002,2714,0,19048,2934315496,-1090,2979
6002,2714,1,19049,2935174489,-41,3396
6002,2714,2,19050,2936033482,-4176,-866
6002,2714,3,19051,2936892475,-6928,15
6002,2715,0,19052,2937751468,-527,4200
6002,2715,1,19053,2938610461,-2971,-1760
6002,2715,2,19054,2939469454,-4458,-1987
6002,2715,3,19055,2940328447,3779,4911
6002,2716,0,19056,2941187440,-267,-886
6002,2716,1,19057,2942046433,-3765,-82
6002,2716,2,19058,2942905426,3189,2404
6002,2716,3,19059,2943764419,3114,-11590
6002,2717,0,19060,2944623412,2896,-9321
6002,2717,1,19061,2945482405,-2979,3716
6002,2717,2,19062,2946341398,-9009,5465
6002,2717,3,19063,2947200391,2663,1893
6002,2718,0,19064,2948059384,1192,-5261
6002,2718,1,19065,2948918377,-7856,-733
6002,2718,2,19066,2949777370,783,-502
6002,2718,3,19067,2950636363,2256,-9120
6002,2719,0,19068,2951495356,-1946,2383
6002,2719,1,19069,2952354349,-640,6445
6002,2719,2,19070,2953213342,215,-2892
6002,2719,3,19071,2954072335,2557,765
6002,2720,0,19072,2954931328,-1432,4133
6002,2720,1,19073,2955790321,-5265,-32
6002,2720,2,19074,2956649314,1899,-2400
6002,2720,3,19075,2957508307,7249,2497
6002,2721,0,19076,2958367300,866,446
6002,2721,1,19077,2959226293,-6103,-5167
6002,2721,2,19078,2960085286,1287,4733
6002,2721,3,19079,2960944279,7699,4149
6002,2722,0,19080,2961803272,3109,-4330
6002,2722,1,19081,2962662265,-219,2031
6002,2722,2,19082,2963521258,-4445,3489
6002,2722,3,19083,2964380251,-4306,-3193
6002,2723,0,19084,2965239244,-1708,-7922
6002,2723,1,19085,2966098237,-3950,-4609
6002,2723,2,19086,2966957230,2397,1851
6002,2723,3,19087,2967816223,2850,1777
6002,2724,0,19088,2968675216,-7024,2586
6002,2724,1,19089,2969534209,-898,-2789
6002,2724,2,19090,2970393202,7354,-5784
6002,2724,3,19091,2971252195,2779,2519
6002,2725,0,19092,2972111188,-2550,404
6002,2725,1,19093,2972970181,-3905,-2493
6002,2725,2,19094,2973829174,-563,-74
6002,2725,3,19095,2974688167,-876,-2729
6002,2726,0,19096,2975547160,-2736,-2556
6002,2726,1,19097,2976406153,2938,-1727
6002,2726,2,19098,2977265146,142,-3052
6002,2726,3,19099,2978124139,-8992,-5009
6002,2727,0,19100,2978983132,-4981,-4256
6002,2727,1,19101,2979842125,5313,-776
6002,2727,2,19102,2980701118,8522,-344
6002,2727,3,19103,2981560111,1255,2065
6002,2728,0,19104,2982419104,-3176,-93
6002,2728,1,19105,2983278097,-1465,-3080
6002,2728,2,19106,2984137090,-6990,2937
6002,2728,3,19107,2984996083,-3460,-67
6002,2729,0,19108,2985855076,4624,-4567
6002,2729,1,19109,2986714069,-2951,2621
6002,2729,2,19110,2987573062,-4105,4508
6002,2729,3,19111,2988432055,-2682,-1636
6002,2730,0,19112,2989291048,-5419,-3020
6002,2730,1,19113,2990150041,375,2867
6002,2730,2,19114,2991009034,-1465,4100
6002,2730,3,19115,2991868027,911,1932
6002,2731,0,19116,2992727020,10367,2410
6002,2731,1,19117,2993586013,3425,-1643
6002,2731,2,19118,2994445006,1069,-1743
6002,2731,3,19119,2995303999,2785,1366
6002,2732,0,19120,2996162992,-2403,-971
6002,2732,1,19121,2997021985,1788,1401
6002,2732,2,19122,2997880978,1220,3919
6002,2732,3,19123,2998739971,-6497,958
6002,2733,0,19124,2999598964,-4696,1367
6002,2733,1,19125,3000457957,-978,5274
6002,2733,2,19126,3001316950,1754,4576
6002,2733,3,19127,3002175943,2023,-1962
6002,2734,0,19128,3003034936,-1580,-3951
6002,2734,1,19129,3003893929,2350,-1185
6002,2734,2,19130,3004752922,4089,1928
6002,2734,3,19131,3005611915,-5242,5545
6002,2735,0,19132,3006470908,-3764,3367
6002,2735,1,19133,3007329901,2547,-2989
6002,2735,2,19134,3008188894,-750,-6839
6002,2735,3,19135,3009047887,329,-4400
6002,2736,0,19136,3009906880,-86,-1116
6002,2736,1,19137,3010765873,2515,-4857
6002,2736,2,19138,3011624866,11136,-3391
6002,2736,3,19139,3012483859,4986,4201
6002,2737,0,19140,3013342852,380,5339
6002,2737,1,19141,3014201845,-2983,2946
6002,2737,2,19142,3015060838,-7702,3536
6002,2737,3,19143,3015919831,3756,6154
6002,2738,0,19144,3016778824,1938,492
6002,2738,1,19145,3017637817,-4513,-4049
6002,2738,2,19146,3018496810,801,3218
6002,2738,3,19147,3019355803,-4826,2059
6002,2739,0,19148,3020214796,414,-2491
6002,2739,1,19149,3021073789,6660,226
6002,2739,2,19150,3021932782,-4031,-2244
6002,2739,3,19151,3022791775,-6255,-3060
6002,2740,0,19152,3023650768,-4313,-443
6002,2740,1,19153,3024509761,1625,-131
6002,2740,2,19154,3025368754,4279,854
6002,2740,3,19155,3026227747,-2207,-1194
6002,2741,0,19156,3027086740,2552,-3269
6002,2741,1,19157,3027945733,2746,-2621
6002,2741,2,19158,3028804726,-6384,224
6002,2741,3,19159,3029663719,-4086,4026
6002,2742,0,19160,3030522712,3845,-766
6002,2742,1,19161,3031381705,2669,-5683
6002,2742,2,19162,3032240698,-707,-1313
6002,2742,3,19163,3033099691,3360,-414
6002,2743,0,19164,3033958684,-3981,-586
6002,2743,1,19165,3034817677,-6109,1144
6002,2743,2,19166,3035676670,5134,-5147
6002,2743,3,19167,3036535663,-4329,-4243
6002,2744,0,19168,3037394656,-4511,3709
6002,2744,1,19169,3038253649,1165,-3171
6002,2744,2,19170,3039112642,-10791,-6262
6002,2744,3,19171,3039971635,-2779,-149
6002,2745,0,19172,3040830628,-16,-2825
6002,2745,1,19173,3041689621,-6567,-1733
6002,2745,2,19174,3042548614,3661,-413
6002,2745,3,19175,3043407607,298,-4275
6002,2746,0,19176,3044266600,-1662,5
6002,2746,1,19177,3045125593,3451,1293
6002,2746,2,19178,3045984586,-46,-2666
6002,2746,3,19179,3046843579,-1356,-2762
6002,2747,0,19180,3047702572,-8922,-3494
6002,2747,1,19181,3048561565,-4185,-3492
6002,2747,2,19182,3049420558,6386,1166
6002,2747,3,19183,3050279551,-2022,5758
6002,2748,0,19184,3051138544,379,-1050
6002,2748,1,19185,3051997537,3125,-8314
6002,2748,2,19186,3052856530,-5172,-2059
6002,2748,3,19187,3053715523,-803,-1175
6002,2749,0,19188,3054574516,5013,-6857
6002,2749,1,19189,3055433509,6755,-6252
6002,2749,2,19190,3056292502,1986,-2318
6002,2749,3,19191,3057151495,-7309,2000
6002,2750,0,19192,3058010488,-839,7
6002,2750,1,19193,3058869481,5564,-1520
6002,2750,2,19194,3059728474,474,1285
6002,2750,3,19195,3060587467,2234,-1463
6002,2751,0,19196,3061446460,6222,-1661
6002,2751,1,19197,3062305453,2543,-62
6002,2751,2,19198,3063164446,-2720,-1266
6002,2751,3,19199,3064023439,-3667,921
6002,2752,0,19200,3064882432,-1941,916
6002,2752,1,19201,3065741425,-3556,2793
6002,2752,2,19202,3066600418,-3535,7521
6002,2752,3,19203,3067459411,1269,387
6002,2753,0,19204,3068318404,3480,-6662
6002,2753,1,19205,3069177397,4046,318
6002,2753,2,19206,3070036390,-714,1545
6002,2753,3,19207,3070895383,-9175,-5233
6002,2754,0,19208,3071754376,-6713,-1123
6002,2754,1,19209,3072613369,265,3850
6002,2754,2,19210,3073472362,967,2826
6002,2754,3,19211,3074331355,-4700,2303
6002,2755,0,19212,3075190348,-8100,-483
6002,2755,1,19213,3076049341,-2472,1142
6002,2755,2,19214,3076908334,-4026,1137
6002,2755,3,19215,3077767327,-6390,-2171
6002,2756,0,19216,3078626320,1870,3736
6002,2756,1,19217,3079485313,3976,3472
6002,2756,2,19218,3080344306,1831,1348
6002,2756,3,19219,3081203299,-2206,5651
6002,2757,0,19220,3082062292,-1431,-781
6002,2757,1,19221,3082921285,6012,-2449
6002,2757,2,19222,3083780278,-1684,5087
6002,2757,3,19223,3084639271,-5469,3855
6002,2758,0,19224,3085498264,430,-1284
6002,2758,1,19225,3086357257,-2733,-4866
6002,2758,2,19226,3087216250,2125,-1728
6002,2758,3,19227,3088075243,6056,3640
6002,2759,0,19228,3088934236,-2100,4186
6002,2759,1,19229,3089793229,-5636,2986
6002,2759,2,19230,3090652222,-1989,-5103
6002,2759,3,19231,3091511215,-805,-7006
6002,2760,0,19232,3092370208,-7895,1089
6002,2760,1,19233,3093229201,-2064,-4778
6002,2760,2,19234,3094088194,7562,-12702
6002,2760,3,19235,3094947187,-1073,-6696
6002,2761,0,19236,3095806180,86,-899
6002,2761,1,19237,3096665173,2583,2783
6002,2761,2,19238,3097524166,-2917,2699
6002,2761,3,19239,3098383159,3096,-3328
6002,2762,0,19240,3099242152,1909,-617
6002,2762,1,19241,3100101145,-3268,3278
6002,2762,2,19242,3100960138,-1889,-1314
6002,2762,3,19243,3101819131,-3044,128
6002,2763,0,19244,3102678124,-252,-197
6002,2763,1,19245,3103537117,1792,-2526
6002,2763,2,19246,3104396110,2118,4759
6002,2763,3,19247,3105255103,1830,2361
6002,2764,0,19248,3106114096,-2733,-4254
6002,2764,1,19249,3106973089,-2593,-449
6002,2764,2,19250,3107832082,-438,2142
6002,2764,3,19251,3108691075,-1158,3701
6002,2765,0,19252,3109550068,-2157,1206
6002,2765,1,19253,3110409061,-1046,-787
6002,2765,2,19254,3111268054,28,2901
6002,2765,3,19255,3112127047,-659,1146
6002,2766,0,19256,3112986040,1761,1219
6002,2766,1,19257,3113845033,-2138,842
6002,2766,2,19258,3114704026,-5434,-735
6002,2766,3,19259,3115563019,1258,3526
6002,2767,0,19260,3116422012,-739,-511
6002,2767,1,19261,3117281005,-723,-2274
6002,2767,2,19262,3118139998,6332,702
6002,2767,3,19263,3118998991,2724,-3998
6002,2768,0,19264,3119857984,-3402,404
6002,2768,1,19265,3120716977,-5380,5615
6002,2768,2,19266,3121575970,-2866,2587
6002,2768,3,19267,3122434963,-2586,1877
6002,2769,0,19268,3123293956,-5493,-3661
6002,2769,1,19269,3124152949,-226,-5357
6002,2769,2,19270,3125011942,1624,1491
6002,2769,3,19271,3125870935,-428,2038
6002,2770,0,19272,3126729928,-204,-664
6002,2770,1,19273,3127588921,-4189,-1657
6002,2770,2,19274,3128447914,-3690,-3884
6002,2770,3,19275,3129306907,-1364,-5790
6002,2771,0,19276,3130165900,-1094,-2687
6002,2771,1,19277,3131024893,3384,3100
6002,2771,2,19278,3131883886,2997,2237
6002,2771,3,19279,3132742879,-2679,-2420
6002,2772,0,19280,3133601872,-1082,-912
6002,2772,1,19281,3134460865,2683,3312
6002,2772,2,19282,3135319858,-4459,2287
6002,2772,3,19283,3136178851,-5489,47
6002,2773,0,19284,3137037844,4711,857
6002,2773,1,19285,3137896837,728,1917
6002,2773,2,19286,3138755830,-3099,1607
6002,2773,3,19287,3139614823,2180,89
6002,2774,0,19288,3140473816,-160,188
6002,2774,1,19289,3141332809,-414,-757
6002,2774,2,19290,3142191802,-1354,-1025
6002,2774,3,19291,3143050795,-3904,2553
6002,2775,0,19292,3143909788,513,-1784
6002,2775,1,19293,3144768781,3053,-3827
6002,2775,2,19294,3145627774,5516,1363
6002,2775,3,19295,3146486767,3812,-2222
6002,2776,0,19296,3147345760,-1900,3336
6002,2776,1,19297,3148204753,-1338,12351
6002,2776,2,19298,3149063746,-217,2130
6002,2776,3,19299,3149922739,3603,-4840
6002,2777,0,19300,3150781732,3094,-3776
6002,2777,1,19301,3151640725,-5692,-1759
6002,2777,2,19302,3152499718,-3772,4007
6002,2777,3,19303,3153358711,1427,1975
6002,2778,0,19304,3154217704,-73,-1756
6002,2778,1,19305,3155076697,2245,1865
6002,2778,2,19306,3155935690,4467,2653
6002,2778,3,19307,3156794683,-104,-798
6002,2779,0,19308,3157653676,-1729,802
6002,2779,1,19309,3158512669,204,6182
6002,2779,2,19310,3159371662,-4855,3397
6002,2779,3,19311,3160230655,-4648,-2765
6002,2780,0,19312,3161089648,1492,630
6002,2780,1,19313,3161948641,-3697,5184
6002,2780,2,19314,3162807634,-5076,-1856
6002,2780,3,19315,3163666627,-265,-6361
6002,2781,0,19316,3164525620,-2198,1824
6002,2781,1,19317,3165384613,316,477
6002,2781,2,19318,3166243606,4394,-5595
6002,2781,3,19319,3167102599,2181,-2761
6002,2782,0,19320,3167961592,-59,-7298
6002,2782,1,19321,3168820585,2309,-5748
6002,2782,2,19322,3169679578,5826,6117
6002,2782,3,19323,3170538571,-181,6048
6002,2783,0,19324,3171397564,-4880,1735
6002,2783,1,19325,3172256557,1895,-1555
6002,2783,2,19326,3173115550,3304,-1259
6002,2783,3,19327,3173974543,-2987,3020
6002,2784,0,19328,3174833536,-3554,874
6002,2784,1,19329,3175692529,3119,-434
6002,2784,2,19330,3176551522,4079,446
6002,2784,3,19331,3177410515,-3363,59
6002,2785,0,19332,3178269508,-5302,-1065
6002,2785,1,19333,3179128501,-3789,-2459
6002,2785,2,19334,3179987494,-862,1825
6002,2785,3,19335,3180846487,4899,3059
6002,2786,0,19336,3181705480,897,3224
6002,2786,1,19337,3182564473,-3784,5891
6002,2786,2,19338,3183423466,1628,-293
6002,2786,3,19339,3184282459,1857,-884
6002,2787,0,19340,3185141452,-2831,5532
6002,2787,1,19341,3186000445,-20,1873
6002,2787,2,19342,3186859438,4505,-2898
6002,2787,3,19343,3187718431,1372,211
6002,2788,0,19344,3188577424,-1009,4124
6002,2788,1,19345,3189436417,1695,1853
6002,2788,2,19346,3190295410,-466,-71
6002,2788,3,19347,3191154403,-994,61
6002,2789,0,19348,3192013396,2204,522
6002,2789,1,19349,3192872389,1002,6700
6002,2789,2,19350,3193731382,4230,4908
6002,2789,3,19351,3194590375,3568,-1913
6002,2790,0,19352,3195449368,-4964,1342
6002,2790,1,19353,3196308361,-3421,1359
6002,2790,2,19354,3197167354,-1802,-68
6002,2790,3,19355,3198026347,1041,3264
6002,2791,0,19356,3198885340,9252,3165
6002,2791,1,19357,3199744333,-1458,2246
6002,2791,2,19358,3200603326,-9557,3794
6002,2791,3,19359,3201462319,2771,5164
6002,2792,0,19360,3202321312,3379,979
6002,2792,1,19361,3203180305,-2775,-2504
6002,2792,2,19362,3204039298,350,-2019
6002,2792,3,19363,3204898291,644,-6275
6002,2793,0,19364,3205757284,-2153,-5417
6002,2793,1,19365,3206616277,-2243,2877
6002,2793,2,19366,3207475270,-1286,4955
6002,2793,3,19367,3208334263,274,-983
6002,2794,0,19368,3209193256,4297,-4476
6002,2794,1,19369,3210052249,1942,2054
6002,2794,2,19370,3210911242,-4901,3953
6002,2794,3,19371,3211770235,-29,226
6002,2795,0,19372,3212629228,257,3093
6002,2795,1,19373,3213488221,-5395,5015
6002,2795,2,19374,3214347214,1833,4519
6002,2795,3,19375,3215206207,4368,1001
6002,2796,0,19376,3216065200,3685,-2444
6002,2796,1,19377,3216924193,3685,-2721
6002,2796,2,19378,3217783186,-3513,-5314
6002,2796,3,19379,3218642179,128,1417
6002,2797,0,19380,3219501172,-1020,4673
6002,2797,1,19381,3220360165,-8175,-5040
6002,2797,2,19382,3221219158,-756,-462
6002,2797,3,19383,3222078151,-4303,3979
6002,2798,0,19384,3222937144,-4673,-3473
6002,2798,1,19385,3223796137,5959,134
6002,2798,2,19386,3224655130,-2182,4596
6002,2798,3,19387,3225514123,-2932,519
6002,2799,0,19388,3226373116,2012,2007
6002,2799,1,19389,3227232109,-3118,5186
6002,2799,2,19390,3228091102,2380,2478
6002,2799,3,19391,3228950095,211,1817
6002,2800,0,19392,3229809088,-4769,-338
6002,2800,1,19393,3230668081,3363,-6328
6002,2800,2,19394,3231527074,1877,-3984
6002,2800,3,19395,3232386067,1921,-3249
6002,2801,0,19396,3233245060,5195,-9635
6002,2801,1,19397,3234104053,582,-7323
6002,2801,2,19398,3234963046,1496,844
6002,2801,3,19399,3235822039,-2742,929
6002,2802,0,19400,3236681032,-6566,-5907
6002,2802,1,19401,3237540025,793,-3260
6002,2802,2,19402,3238399018,-1614,2042
6002,2802,3,19403,3239258011,-2996,-2199
6002,2803,0,19404,3240117004,3697,-1932
6002,2803,1,19405,3240975997,3688,-3477
6002,2803,2,19406,3241834990,6188,-4098
6002,2803,3,19407,3242693983,6392,4823
6002,2804,0,19408,3243552976,-382,3137
6002,2804,1,19409,3244411969,-655,-382
6002,2804,2,19410,3245270962,-1233,2475
6002,2804,3,19411,3246129955,-4041,4176
6002,2805,0,19412,3246988948,-3759,3585
6002,2805,1,19413,3247847941,-3536,-2530
6002,2805,2,19414,3248706934,794,1034
6002,2805,3,19415,3249565927,3636,2037
6002,2806,0,19416,3250424920,2762,-5651
6002,2806,1,19417,3251283913,5385,-1452
6002,2806,2,19418,3252142906,-475,-2513
6002,2806,3,19419,3253001899,-9286,-446
6002,2807,0,19420,3253860892,-2329,3370
6002,2807,1,19421,3254719885,4034,-7408
6002,2807,2,19422,3255578878,1301,-616
6002,2807,3,19423,3256437871,2970,4955
6002,2808,0,19424,3257296864,3163,-4054
6002,2808,1,19425,3258155857,-853,553
6002,2808,2,19426,3259014850,-391,4162
6002,2808,3,19427,3259873843,-762,3215
6002,2809,0,19428,3260732836,-3776,-585
6002,2809,1,19429,3261591829,-3812,-1219
6002,2809,2,19430,3262450822,-1989,4105
6002,2809,3,19431,3263309815,-1326,-4699
6002,2810,0,19432,3264168808,-3102,-3421
6002,2810,1,19433,3265027801,-1463,4438
6002,2810,2,19434,3265886794,204,-1976
6002,2810,3,19435,3266745787,-4970,1424
6002,2811,0,19436,3267604780,-3744,-831
6002,2811,1,19437,3268463773,-304,-8814
6002,2811,2,19438,3269322766,-2138,-3314
6002,2811,3,19439,3270181759,783,-3647
6002,2812,0,19440,3271040752,-591,-3550
6002,2812,1,19441,3271899745,2232,2575
6002,2812,2,19442,3272758738,11588,2245
6002,2812,3,19443,3273617731,1127,-1134
6002,2813,0,19444,3274476724,-5095,1548
6002,2813,1,19445,3275335717,5817,7460
6002,2813,2,19446,3276194710,4891,1452
6002,2813,3,19447,3277053703,-1811,-2923
6002,2814,0,19448,3277912696,-1935,2228
6002,2814,1,19449,3278771689,3775,-69
6002,2814,2,19450,3279630682,4169,-1902
6002,2814,3,19451,3280489675,-3684,-201
6002,2815,0,19452,3281348668,-478,762
6002,2815,1,19453,3282207661,2162,1422
6002,2815,2,19454,3283066654,-855,290
6002,2815,3,19455,3283925647,4107,1313
6002,2816,0,19456,3284784640,3590,-2924
6002,2816,1,19457,3285643633,-456,-4288
6002,2816,2,19458,3286502626,-457,779
6002,2816,3,19459,3287361619,-955,-2405
6002,2817,0,19460,3288220612,-843,315
6002,2817,1,19461,3289079605,-548,3649
6002,2817,2,19462,3289938598,2705,-3698
6002,2817,3,19463,3290797591,831,-3683
6002,2818,0,19464,3291656584,-2574,1444
6002,2818,1,19465,3292515577,2497,2365
6002,2818,2,19466,3293374570,-433,-5084
6002,2818,3,19467,3294233563,-6130,-7205
6002,2819,0,19468,3295092556,-2546,4677
6002,2819,1,19469,3295951549,1339,-874
6002,2819,2,19470,3296810542,144,-11802
6002,2819,3,19471,3297669535,-2071,-2707
6002,2820,0,19472,3298528528,3357,1297
6002,2820,1,19473,3299387521,3730,-30
6002,2820,2,19474,3300246514,2813,2764
6002,2820,3,19475,3301105507,8571,2080
6002,2821,0,19476,3301964500,57,3835
6002,2821,1,19477,3302823493,-2399,4579
6002,2821,2,19478,3303682486,1977,200
6002,2821,3,19479,3304541479,-4642,535
6002,2822,0,19480,3305400472,2724,3729
6002,2822,1,19481,3306259465,4334,2249
6002,2822,2,19482,3307118458,-4422,1118
6002,2822,3,19483,3307977451,423,3980
6002,2823,0,19484,3308836444,-190,3816
6002,2823,1,19485,3309695437,-3303,97
6002,2823,2,19486,3310554430,-4155,-458
6002,2823,3,19487,3311413423,-714,724
6002,2824,0,19488,3312272416,4609,-2278
6002,2824,1,19489,3313131409,-4252,-3910
6002,2824,2,19490,3313990402,866,-1150
6002,2824,3,19491,3314849395,8070,-2453
6002,2825,0,19492,3315708388,-3772,1599
6002,2825,1,19493,3316567381,-1440,9184
6002,2825,2,19494,3317426374,2365,974
6002,2825,3,19495,3318285367,2511,-4981
6002,2826,0,19496,3319144360,6093,-1562
6002,2826,1,19497,3320003353,-1259,-3973
6002,2826,2,19498,3320862346,-852,-987
6002,2826,3,19499,3321721339,1763,3974
6002,2827,0,19500,3322580332,-4271,2956
6002,2827,1,19501,3323439325,-4907,3113
6002,2827,2,19502,3324298318,-2674,707
6002,2827,3,19503,3325157311,241,719
6002,2828,0,19504,3326016304,-3149,-260
6002,2828,1,19505,3326875297,-3431,-7235
6002,2828,2,19506,3327734290,5265,-5232
6002,2828,3,19507,3328593283,4150,-2909
6002,2829,0,19508,3329452276,2639,-3230
6002,2829,1,19509,3330311269,1548,3379
6002,2829,2,19510,3331170262,-2326,1168
6002,2829,3,19511,3332029255,3353,-118
6002,2830,0,19512,3332888248,4457,7624
6002,2830,1,19513,3333747241,-1464,2498
6002,2830,2,19514,3334606234,-524,-1636
6002,2830,3,19515,3335465227,7290,910
6002,2831,0,19516,3336324220,10486,-3140
6002,2831,1,19517,3337183213,3570,-1224
6002,2831,2,19518,3338042206,4281,-1033
6002,2831,3,19519,3338901199,6877,-2014
6002,2832,0,19520,3339760192,-633,4739
6002,2832,1,19521,3340619185,-1737,-574
6002,2832,2,19522,3341478178,-1946,-2832
6002,2832,3,19523,3342337171,-5709,2005
6002,2833,0,19524,3343196164,-1559,-2376
6002,2833,1,19525,3344055157,-1101,2767
6002,2833,2,19526,3344914150,-4943,1208
6002,2833,3,19527,3345773143,1074,-5863
6002,2834,0,19528,3346632136,2457,5278
6002,2834,1,19529,3347491129,-4767,3410
6002,2834,2,19530,3348350122,299,834
6002,2834,3,19531,3349209115,3283,9025
6002,2835,0,19532,3350068108,-4783,54
6002,2835,1,19533,3350927101,-1362,-412
6002,2835,2,19534,3351786094,4494,4515
6002,2835,3,19535,3352645087,3409,-3059
6002,2836,0,19536,3353504080,3138,-3115
6002,2836,1,19537,3354363073,-97,-4480
6002,2836,2,19538,3355222066,-4055,-2709
6002,2836,3,19539,3356081059,-6002,4270
6002,2837,0,19540,3356940052,-2978,-878
6002,2837,1,19541,3357799045,-228,-17
6002,2837,2,19542,3358658038,-4862,4001
6002,2837,3,19543,3359517031,-1619,-2317
6002,2838,0,19544,3360376024,5253,-3303
6002,2838,1,19545,3361235017,1018,-70
6002,2838,2,19546,3362094010,-5112,258
6002,2838,3,19547,3362953003,-3271,1615
6002,2839,0,19548,3363811996,4870,3203
6002,2839,1,19549,3364670989,6276,638
6002,2839,2,19550,3365529982,2048,65
6002,2839,3,19551,3366388975,1891,3224
6002,2840,0,19552,3367247968,-275,-3507
6002,2840,1,19553,3368106961,-4497,-3758
6002,2840,2,19554,3368965954,-5648,8592
6002,2840,3,19555,3369824947,-2495,974
6002,2841,0,19556,3370683940,-1230,-9700
6002,2841,1,19557,3371542933,-2987,-1679
6002,2841,2,19558,3372401926,-298,1779
6002,2841,3,19559,3373260919,-2022,3076
6002,2842,0,19560,3374119912,-2318,4591
6002,2842,1,19561,3374978905,2595,-3108
6002,2842,2,19562,3375837898,-3952,-5135
6002,2842,3,19563,3376696891,-6359,-2336
6002,2843,0,19564,3377555884,-66,-2264
6002,2843,1,19565,3378414877,-261,962
6002,2843,2,19566,3379273870,-25,471
6002,2843,3,19567,3380132863,-1473,-2034
6002,2844,0,19568,3380991856,-4243,155
6002,2844,1,19569,3381850849,71,-1387
6002,2844,2,19570,3382709842,3749,-3826
6002,2844,3,19571,3383568835,-1838,-359
6002,2845,0,19572,3384427828,-5990,1654
6002,2845,1,19573,3385286821,1241,-1640
6002,2845,2,19574,3386145814,616,-1536
6002,2845,3,19575,3387004807,-6534,2515
6002,2846,0,19576,3387863800,-2976,-1530
6002,2846,1,19577,3388722793,-2006,-5416
6002,2846,2,19578,3389581786,-1962,476
6002,2846,3,19579,3390440779,1642,4208
6002,2847,0,19580,3391299772,-29,5408
6002,2847,1,19581,3392158765,-738,3282
6002,2847,2,19582,3393017758,388,-4085
6002,2847,3,19583,3393876751,1056,-2967
6002,2848,0,19584,3394735744,-1574,3304
6002,2848,1,19585,3395594737,-3562,2315
6002,2848,2,19586,3396453730,1901,-2981
6002,2848,3,19587,3397312723,1906,-1542
6002,2849,0,19588,3398171716,-2686,4429
6002,2849,1,19589,3399030709,-5960,-1046
6002,2849,2,19590,3399889702,-4813,-6943
6002,2849,3,19591,3400748695,6096,-1099
6002,2850,0,19592,3401607688,7136,1533
6002,2850,1,19593,3402466681,3145,-1578
6002,2850,2,19594,3403325674,6367,-3172
6002,2850,3,19595,3404184667,-404,-406
6002,2851,0,19596,3405043660,-2230,1784
6002,2851,1,19597,3405902653,6176,1546
6002,2851,2,19598,3406761646,791,5346
6002,2851,3,19599,3407620639,-5824,2572
6002,2852,0,19600,3408479632,-316,-1588
6002,2852,1,19601,3409338625,1769,5111
6002,2852,2,19602,3410197618,-4308,4068
6002,2852,3,19603,3411056611,-6013,-1450
6002,2853,0,19604,3411915604,-1135,1531
6002,2853,1,19605,3412774597,761,263
6002,2853,2,19606,3413633590,-1695,-4912
6002,2853,3,19607,3414492583,-1373,-2576
6002,2854,0,19608,3415351576,1705,426
6002,2854,1,19609,3416210569,-1646,-1797
6002,2854,2,19610,3417069562,-4687,2885
6002,2854,3,19611,3417928555,572,5930
6002,2855,0,19612,3418787548,4323,-2267
6002,2855,1,19613,3419646541,5469,-2550
6002,2855,2,19614,3420505534,-2130,-218
6002,2855,3,19615,3421364527,-12367,-1186
6002,2856,0,19616,3422223520,-3651,1186
6002,2856,1,19617,3423082513,2947,-3284
6002,2856,2,19618,3423941506,-219,-5677
6002,2856,3,19619,3424800499,4365,-2217
6002,2857,0,19620,3425659492,1851,-142
6002,2857,1,19621,3426518485,-3289,3307
6002,2857,2,19622,3427377478,730,1533
6002,2857,3,19623,3428236471,658,558
6002,2858,0,19624,3429095464,-216,119
6002,2858,1,19625,3429954457,354,-2153
6002,2858,2,19626,3430813450,-2200,2710
6002,2858,3,19627,3431672443,-1730,-1101
6002,2859,0,19628,3432531436,113,-4787
6002,2859,1,19629,3433390429,-1155,5366
6002,2859,2,19630,3434249422,-3142,3905
6002,2859,3,19631,3435108415,-2701,-3297
6002,2860,0,19632,3435967408,675,1244
6002,2860,1,19633,3436826401,1828,3113
6002,2860,2,19634,3437685394,-1584,-3388
6002,2860,3,19635,3438544387,-2352,-3941
6002,2861,0,19636,3439403380,2410,1615
6002,2861,1,19637,3440262373,5395,2506
6002,2861,2,19638,3441121366,3057,4399
6002,2861,3,19639,3441980359,776,4438
6002,2862,0,19640,3442839352,609,334
6002,2862,1,19641,3443698345,-2082,7
6002,2862,2,19642,3444557338,-1131,-1891
6002,2862,3,19643,3445416331,5201,1304
6002,2863,0,19644,3446275324,2474,6120
6002,2863,1,19645,3447134317,-2361,2153
6002,2863,2,19646,3447993310,-3113,2284
6002,2863,3,19647,3448852303,-6587,4134
6002,2864,0,19648,3449711296,-1083,3250
6002,2864,1,19649,3450570289,4466,-1860
6002,2864,2,19650,3451429282,592,-6344
6002,2864,3,19651,3452288275,2081,1168
6002,2865,0,19652,3453147268,351,827
6002,2865,1,19653,3454006261,-3199,-1945
6002,2865,2,19654,3454865254,-379,5470
6002,2865,3,19655,3455724247,-1257,1923
6002,2866,0,19656,3456583240,-838,-1971
6002,2866,1,19657,3457442233,-1256,413
6002,2866,2,19658,3458301226,-2836,-614
6002,2866,3,19659,3459160219,559,1183
6002,2867,0,19660,3460019212,-1618,1868
6002,2867,1,19661,3460878205,-3859,385
6002,2867,2,19662,3461737198,-2186,-4
6002,2867,3,19663,3462596191,-84,2630
6002,2868,0,19664,3463455184,3613,3536
6002,2868,1,19665,3464314177,-1942,-2270
6002,2868,2,19666,3465173170,-4232,-3036
6002,2868,3,19667,3466032163,2836,-1244
6002,2869,0,19668,3466891156,142,286
6002,2869,1,19669,3467750149,-740,2956
6002,2869,2,19670,3468609142,905,2116
6002,2869,3,19671,3469468135,-3871,2538
6002,2870,0,19672,3470327128,990,-1745
6002,2870,1,19673,3471186121,3886,-2360
6002,2870,2,19674,3472045114,-3232,2311
6002,2870,3,19675,3472904107,-2204,-3093
6002,2871,0,19676,3473763100,898,97
6002,2871,1,19677,3474622093,6341,2405
6002,2871,2,19678,3475481086,13969,-4838
6002,2871,3,19679,3476340079,4262,2987
6002,2872,0,19680,3477199072,-2662,7512
6002,2872,1,19681,3478058065,6699,2205
6002,2872,2,19682,3478917058,4596,2979
6002,2872,3,19683,3479776051,-4064,4916
6002,2873,0,19684,3480635044,-4524,1210
6002,2873,1,19685,3481494037,-2341,-6667
6002,2873,2,19686,3482353030,2122,-1732
6002,2873,3,19687,3483212023,4213,3660
6002,2874,0,19688,3484071016,1345,-161
6002,2874,1,19689,3484930009,-4882,4577
6002,2874,2,19690,3485789002,-5322,621
6002,2874,3,19691,3486647995,3614,-5392
6002,2875,0,19692,3487506988,476,1560
6002,2875,1,19693,3488365981,-5980,1018
6002,2875,2,19694,3489224974,-950,-2066
6002,2875,3,19695,3490083967,-2596,-4596
6002,2876,0,19696,3490942960,-3281,-2587
6002,2876,1,19697,3491801953,834,6697
6002,2876,2,19698,3492660946,-1927,3713
6002,2876,3,19699,3493519939,-1618,2190
6002,2877,0,19700,3494378932,-1165,8030
6002,2877,1,19701,3495237925,-3205,4137
6002,2877,2,19702,3496096918,-2573,-1518
6002,2877,3,19703,3496955911,-3717,-1038
6002,2878,0,19704,3497814904,-258,6802
6002,2878,1,19705,3498673897,3271,10043
6002,2878,2,19706,3499532890,-1657,387
6002,2878,3,19707,3500391883,507,-4027
6002,2879,0,19708,3501250876,7228,-2061
6002,2879,1,19709,3502109869,-122,-1321
6002,2879,2,19710,3502968862,-8080,1942
6002,2879,3,19711,3503827855,-3454,2917
6002,2880,0,19712,3504686848,-1289,1716
6002,2880,1,19713,3505545841,-1644,3405
6002,2880,2,19714,3506404834,690,2920
6002,2880,3,19715,3507263827,575,-2478
6002,2881,0,19716,3508122820,2884,-5758
6002,2881,1,19717,3508981813,1884,-1892
6002,2881,2,19718,3509840806,-1163,-724
6002,2881,3,19719,3510699799,2614,-5142
6002,2882,0,19720,3511558792,-177,821
6002,2882,1,19721,3512417785,-3437,6754
6002,2882,2,19722,3513276778,2672,-1476
6002,2882,3,19723,3514135771,7489,-5351
6002,2883,0,19724,3514994764,7729,-3523
6002,2883,1,19725,3515853757,988,1024
6002,2883,2,19726,3516712750,970,5482
6002,2883,3,19727,3517571743,8775,-1380
6002,2884,0,19728,3518430736,1105,-159
6002,2884,1,19729,3519289729,-6048,816
6002,2884,2,19730,3520148722,149,-6489
6002,2884,3,19731,3521007715,2574,4804
6002,2885,0,19732,3521866708,1618,9444
6002,2885,1,19733,3522725701,2431,1886
6002,2885,2,19734,3523584694,2602,584
6002,2885,3,19735,3524443687,-569,-3641
6002,2886,0,19736,3525302680,-340,1626
6002,2886,1,19737,3526161673,4247,572
6002,2886,2,19738,3527020666,1144,-3502
6002,2886,3,19739,3527879659,369,6782
6002,2887,0,19740,3528738652,2764,587
6002,2887,1,19741,3529597645,-416,2751
6002,2887,2,19742,3530456638,3951,11834
6002,2887,3,19743,3531315631,3341,-500
6002,2888,0,19744,3532174624,-4544,3668
6002,2888,1,19745,3533033617,3280,5098
6002,2888,2,19746,3533892610,6079,-3987
6002,2888,3,19747,3534751603,-2355,5751
6002,2889,0,19748,3535610596,-231,4018
6002,2889,1,19749,3536469589,1084,-3207
6002,2889,2,19750,3537328582,1143,958
6002,2889,3,19751,3538187575,6105,-1464
6002,2890,0,19752,3539046568,1528,-3610
6002,2890,1,19753,3539905561,-4769,3188
6002,2890,2,19754,3540764554,-1510,6207
6002,2890,3,19755,3541623547,3122,-2159
6002,2891,0,19756,3542482540,3718,-1838
6002,2891,1,19757,3543341533,723,2403
6002,2891,2,19758,3544200526,28,-4363
6002,2891,3,19759,3545059519,457,-1565
6002,2892,0,19760,3545918512,-438,4314
6002,2892,1,19761,3546777505,1732,6744
6002,2892,2,19762,3547636498,1382,4401
6002,2892,3,19763,3548495491,1125,-6568
6002,2893,0,19764,3549354484,2524,98
6002,2893,1,19765,3550213477,-2992,4310
6002,2893,2,19766,3551072470,-2990,-1435
6002,2893,3,19767,3551931463,3053,5238
6002,2894,0,19768,3552790456,-90,-1997
6002,2894,1,19769,3553649449,-5268,-4923
6002,2894,2,19770,3554508442,-5020,6828
6002,2894,3,19771,3555367435,-3488,2325
6002,2895,0,19772,3556226428,-5152,-1452
6002,2895,1,19773,3557085421,-3107,-5733
6002,2895,2,19774,3557944414,5573,-10220
6002,2895,3,19775,3558803407,5265,-1481
6002,2896,0,19776,3559662400,1075,310
6002,2896,1,19777,3560521393,4375,567
6002,2896,2,19778,3561380386,6546,2118
6002,2896,3,19779,3562239379,3442,-1890
6002,2897,0,19780,3563098372,-4059,3006
6002,2897,1,19781,3563957365,-6491,4013
6002,2897,2,19782,3564816358,-1062,-4394
6002,2897,3,19783,3565675351,1636,-2062
6002,2898,0,19784,3566534344,3550,2346
6002,2898,1,19785,3567393337,2331,-1584
6002,2898,2,19786,3568252330,-4127,-2643
6002,2898,3,19787,3569111323,-5362,-108
6002,2899,0,19788,3569970316,-2289,4323
6002,2899,1,19789,3570829309,-2251,6169
6002,2899,2,19790,3571688302,-3592,-1988
6002,2899,3,19791,3572547295,-1011,-2034
6002,2900,0,19792,3573406288,466,2549
6002,2900,1,19793,3574265281,-774,-3004
6002,2900,2,19794,3575124274,1923,-695
6002,2900,3,19795,3575983267,2302,-3022
6002,2901,0,19796,3576842260,-264,-10640
6002,2901,1,19797,3577701253,-1708,-1282
6002,2901,2,19798,3578560246,-4311,606
6002,2901,3,19799,3579419239,-2732,-947
6002,2902,0,19800,3580278232,1862,5917
6002,2902,1,19801,3581137225,1061,2957
6002,2902,2,19802,3581996218,-5245,3109
6002,2902,3,19803,3582855211,-3164,2361
6002,2903,0,19804,3583714204,5408,-3605
6002,2903,1,19805,3584573197,-634,3403
6002,2903,2,19806,3585432190,-4290,6252
6002,2903,3,19807,3586291183,2721,2057
6002,2904,0,19808,3587150176,-551,3129
6002,2904,1,19809,3588009169,-1769,-1647
6002,2904,2,19810,3588868162,2060,-8277
6002,2904,3,19811,3589727155,1834,-5046
6002,2905,0,19812,3590586148,3161,5739
6002,2905,1,19813,3591445141,3087,9818
6002,2905,2,19814,3592304134,3017,478
6002,2905,3,19815,3593163127,2286,-2528
6002,2906,0,19816,3594022120,1950,3197
6002,2906,1,19817,3594881113,2495,1410
6002,2906,2,19818,3595740106,-42,567
6002,2906,3,19819,3596599099,1652,4329
6002,2907,0,19820,3597458092,-912,2416
6002,2907,1,19821,3598317085,-1905,-3231
6002,2907,2,19822,3599176078,7152,-6032
6002,2907,3,19823,3600035071,2549,1443
6002,2908,0,19824,3600894064,-3952,6357
6002,2908,1,19825,3601753057,-1164,-3151
6002,2908,2,19826,3602612050,-1328,-2722
6002,2908,3,19827,3603471043,3716,4800
6002,2909,0,19828,3604330036,7413,3274
6002,2909,1,19829,3605189029,2257,4863
6002,2909,2,19830,3606048022,-4316,3648
6002,2909,3,19831,3606907015,-2033,-196
6002,2910,0,19832,3607766008,4869,-2169
6002,2910,1,19833,3608625001,-2507,-8379
6002,2910,2,19834,3609483994,-4375,-2218
6002,2910,3,19835,3610342987,3827,7022
6002,2911,0,19836,3611201980,-262,-938
6002,2911,1,19837,3612060973,-980,-7604
6002,2911,2,19838,3612919966,2735,-1374
6002,2911,3,19839,3613778959,-1033,5162
6002,2912,0,19840,3614637952,-4337,567
6002,2912,1,19841,3615496945,-232,-2658
6002,2912,2,19842,3616355938,2875,374
6002,2912,3,19843,3617214931,-6441,-676
6002,2913,0,19844,3618073924,-2728,1424
6002,2913,1,19845,3618932917,9388,-366
6002,2913,2,19846,3619791910,650,-666
6002,2913,3,19847,3620650903,-870,7842
6002,2914,0,19848,3621509896,5394,-104
6002,2914,1,19849,3622368889,-1315,-2991
6002,2914,2,19850,3623227882,-7174,7718
6002,2914,3,19851,3624086875,-4242,2166
6002,2915,0,19852,3624945868,9714,-952
6002,2915,1,19853,3625804861,11980,-706
6002,2915,2,19854,3626663854,-1710,-3609
6002,2915,3,19855,3627522847,-681,3704
6002,2916,0,19856,3628381840,814,441
6002,2916,1,19857,3629240833,-4046,-4694
6002,2916,2,19858,3630099826,1045,4767
6002,2916,3,19859,3630958819,1123,3265
6002,2917,0,19860,3631817812,-4220,-333
6002,2917,1,19861,3632676805,-1416,6782
6002,2917,2,19862,3633535798,4,4265
6002,2917,3,19863,3634394791,-3334,-647
6002,2918,0,19864,3635253784,-3138,465
6002,2918,1,19865,3636112777,-2495,-2702
6002,2918,2,19866,3636971770,535,-2430
6002,2918,3,19867,3637830763,3039,-2332
6002,2919,0,19868,3638689756,-3190,-3762
6002,2919,1,19869,3639548749,677,3528
6002,2919,2,19870,3640407742,7780,698
6002,2919,3,19871,3641266735,956,-5058
6002,2920,0,19872,3642125728,324,-1258
6002,2920,1,19873,3642984721,578,-5817
6002,2920,2,19874,3643843714,-819,-1942
6002,2920,3,19875,3644702707,2558,5418
6002,2921,0,19876,3645561700,-5163,-1769
6002,2921,1,19877,3646420693,-5428,-314
6002,2921,2,19878,3647279686,2220,2279
6002,2921,3,19879,3648138679,-5508,-2087
6002,2922,0,19880,3648997672,-6082,-3804
6002,2922,1,19881,3649856665,4136,-4815
6002,2922,2,19882,3650715658,2341,-2388
6002,2922,3,19883,3651574651,-4853,-5458
6002,2923,0,19884,3652433644,-3347,-4397
6002,2923,1,19885,3653292637,-504,2490
6002,2923,2,19886,3654151630,-4412,-3305
6002,2923,3,19887,3655010623,-5608,-3771
6002,2924,0,19888,3655869616,-2949,-3236
6002,2924,1,19889,3656728609,296,-6037
6002,2924,2,19890,3657587602,2988,1704
6002,2924,3,19891,3658446595,875,7
6002,2925,0,19892,3659305588,1222,-38
6002,2925,1,19893,3660164581,3690,6100
6002,2925,2,19894,3661023574,4376,-1753
6002,2925,3,19895,3661882567,4255,-2711
6002,2926,0,19896,3662741560,-563,626
6002,2926,1,19897,3663600553,-2680,-3368
6002,2926,2,19898,3664459546,564,-1371
6002,2926,3,19899,3665318539,1087,105
6002,2927,0,19900,3666177532,-3679,-1861
6002,2927,1,19901,3667036525,-5249,-70
6002,2927,2,19902,3667895518,-440,4715
6002,2927,3,19903,3668754511,-5101,4493
6002,2928,0,19904,3669613504,-6403,-32
6002,2928,1,19905,3670472497,3945,1131
6002,2928,2,19906,3671331490,1884,947
6002,2928,3,19907,3672190483,-2871,-970
6002,2929,0,19908,3673049476,-3543,-1249
6002,2929,1,19909,3673908469,-5139,-1283
6002,2929,2,19910,3674767462,-4376,4543
6002,2929,3,19911,3675626455,-5365,590
6002,2930,0,19912,3676485448,4490,-6592
6002,2930,1,19913,3677344441,6177,1939
6002,2930,2,19914,3678203434,-6551,1061
6002,2930,3,19915,3679062427,2923,-4718
6002,2931,0,19916,3679921420,6558,229
6002,2931,1,19917,3680780413,-961,-3311
6002,2931,2,19918,3681639406,7795,-5746
6002,2931,3,19919,3682498399,5354,1698
6002,2932,0,19920,3683357392,-793,1746
6002,2932,1,19921,3684216385,1103,-4155
6002,2932,2,19922,3685075378,-1105,-4536
6002,2932,3,19923,3685934371,2669,2724
6002,2933,0,19924,3686793364,206,6417
6002,2933,1,19925,3687652357,-5531,448
6002,2933,2,19926,3688511350,-3273,-2845
6002,2933,3,19927,3689370343,-5107,-477
6002,2934,0,19928,3690229336,3040,372
6002,2934,1,19929,3691088329,11227,278
6002,2934,2,19930,3691947322,1420,-815
6002,2934,3,19931,3692806315,2474,-4380
6002,2935,0,19932,3693665308,9588,-3629
6002,2935,1,19933,3694524301,508,2231
6002,2935,2,19934,3695383294,-3598,3042
6002,2935,3,19935,3696242287,2482,447
6002,2936,0,19936,3697101280,1203,-1387
6002,2936,1,19937,3697960273,720,-3134
6002,2936,2,19938,3698819266,4528,-90
6002,2936,3,19939,3699678259,123,2641
6002,2937,0,19940,3700537252,-4933,2806
6002,2937,1,19941,3701396245,-6054,2539
6002,2937,2,19942,3702255238,-3900,-1623
6002,2937,3,19943,3703114231,5922,2663
6002,2938,0,19944,3703973224,7271,7923
6002,2938,1,19945,3704832217,4183,-1895
6002,2938,2,19946,3705691210,7452,-6405
6002,2938,3,19947,3706550203,-1056,-4072
6002,2939,0,19948,3707409196,-6310,-2779
6002,2939,1,19949,3708268189,-1351,-53
6002,2939,2,19950,3709127182,-5993,-5051
6002,2939,3,19951,3709986175,-3665,-1790
6002,2940,0,19952,3710845168,2424,7194
6002,2940,1,19953,3711704161,-1025,-258
6002,2940,2,19954,3712563154,-1250,-3260
6002,2940,3,19955,3713422147,-2906,484
6002,2941,0,19956,3714281140,-3034,-967
6002,2941,1,19957,3715140133,3675,213
6002,2941,2,19958,3715999126,4497,661
6002,2941,3,19959,3716858119,-5198,917
6002,2942,0,19960,3717717112,-10083,-2139
6002,2942,1,19961,3718576105,2347,-4486
6002,2942,2,19962,3719435098,3271,1446
6002,2942,3,19963,3720294091,-5228,-1259
6002,2943,0,19964,3721153084,1060,-1957
6002,2943,1,19965,3722012077,-778,6381
6002,2943,2,19966,3722871070,2100,2351
6002,2943,3,19967,3723730063,7463,-887
6002,2944,0,19968,3724589056,-3762,2468
6002,2944,1,19969,3725448049,4153,-626
6002,2944,2,19970,3726307042,7112,-609
6002,2944,3,19971,3727166035,-4120,3529
6002,2945,0,19972,3728025028,1071,2798
6002,2945,1,19973,3728884021,-4232,1241
6002,2945,2,19974,3729743014,-3011,2337
6002,2945,3,19975,3730602007,6155,-1680
6002,2946,0,19976,3731461000,-1375,-6686
6002,2946,1,19977,3732319993,3323,-429
6002,2946,2,19978,3733178986,4525,4295
6002,2946,3,19979,3734037979,336,-252
6002,2947,0,19980,3734896972,7975,-1807
6002,2947,1,19981,3735755965,2342,-674
6002,2947,2,19982,3736614958,-1090,-1379
6002,2947,3,19983,3737473951,5634,-1185
6002,2948,0,19984,3738332944,5364,2050
6002,2948,1,19985,3739191937,2900,5332
6002,2948,2,19986,3740050930,263,4147
6002,2948,3,19987,3740909923,1518,-37
6002,2949,0,19988,3741768916,3583,-1905
6002,2949,1,19989,3742627909,4896,-396
6002,2949,2,19990,3743486902,4727,-88
6002,2949,3,19991,3744345895,-466,1124
6002,2950,0,19992,3745204888,822,1148
6002,2950,1,19993,3746063881,5661,-5327
6002,2950,2,19994,3746922874,5404,-8553
6002,2950,3,19995,3747781867,-827,-8533
6002,2951,0,19996,3748640860,-5015,-4378
6002,2951,1,19997,3749499853,-454,5706
6002,2951,2,19998,3750358846,1869,3875
6002,2951,3,19999,3751217839,7407,-1316
6002,2952,0,20000,3752076832,8676,954
6002,2952,1,20001,3752935825,1924,272
6002,2952,2,20002,3753794818,4410,904
6002,2952,3,20003,3754653811,-1017,-400
6002,2953,0,20004,3755512804,-1294,-1467
6002,2953,1,20005,3756371797,8903,1705
6002,2953,2,20006,3757230790,552,-295
6002,2953,3,20007,3758089783,-415,1816
6002,2954,0,20008,3758948776,5874,146
6002,2954,1,20009,3759807769,898,-8378
6002,2954,2,20010,3760666762,-693,-696
6002,2954,3,20011,3761525755,791,4968
6002,2955,0,20012,3762384748,4668,332
6002,2955,1,20013,3763243741,1161,6044
6002,2955,2,20014,3764102734,-4752,7352
6002,2955,3,20015,3764961727,-5703,-689
6002,2956,0,20016,3765820720,-8352,-475
6002,2956,1,20017,3766679713,2009,570
6002,2956,2,20018,3767538706,2301,-4091
6002,2956,3,20019,3768397699,-6096,-3526
6002,2957,0,20020,3769256692,4818,831
6002,2957,1,20021,3770115685,3543,1482
6002,2957,2,20022,3770974678,-356,1653
6002,2957,3,20023,3771833671,3734,3641
6002,2958,0,20024,3772692664,-3981,1779
6002,2958,1,20025,3773551657,-2511,-4609
6002,2958,2,20026,3774410650,3661,-2542
6002,2958,3,20027,3775269643,1645,1758
6002,2959,0,20028,3776128636,-787,-3374
6002,2959,1,20029,3776987629,1664,984
6002,2959,2,20030,3777846622,4093,4728
6002,2959,3,20031,3778705615,-4803,-4058
6002,2960,0,20032,3779564608,-3218,962
6002,2960,1,20033,3780423601,1180,5837
6002,2960,2,20034,3781282594,-5112,698
6002,2960,3,20035,3782141587,2886,3757
6002,2961,0,20036,3783000580,4847,4764
6002,2961,1,20037,3783859573,-1019,5282
6002,2961,2,20038,3784718566,-304,6042
6002,2961,3,20039,3785577559,-6929,2663
6002,2962,0,20040,3786436552,-2778,3932
6002,2962,1,20041,3787295545,4985,-1582
6002,2962,2,20042,3788154538,571,-6229
6002,2962,3,20043,3789013531,-2276,906
6002,2963,0,20044,3789872524,-3495,3738
6002,2963,1,20045,3790731517,2109,6880
6002,2963,2,20046,3791590510,6404,8209
6002,2963,3,20047,3792449503,1938,-1290
6002,2964,0,20048,3793308496,-1573,-4657
6002,2964,1,20049,3794167489,-2055,2422
6002,2964,2,20050,3795026482,3105,2492
6002,2964,3,20051,3795885475,-2016,-4068
6002,2965,0,20052,3796744468,-11299,338
6002,2965,1,20053,3797603461,-2581,3640
6002,2965,2,20054,3798462454,4372,-3132
6002,2965,3,20055,3799321447,3644,1429
6002,2966,0,20056,3800180440,2548,3808
6002,2966,1,20057,3801039433,2055,-3743
6002,2966,2,20058,3801898426,5620,977
6002,2966,3,20059,3802757419,2226,2578
6002,2967,0,20060,3803616412,-672,-4378
6002,2967,1,20061,3804475405,3005,-2312
6002,2967,2,20062,3805334398,2459,-621
6002,2967,3,20063,3806193391,2950,-1761
6002,2968,0,20064,3807052384,1914,-1827
6002,2968,1,20065,3807911377,-1459,-5044
6002,2968,2,20066,3808770370,1097,-2397
6002,2968,3,20067,3809629363,3786,1300
6002,2969,0,20068,3810488356,3083,-5464
6002,2969,1,20069,3811347349,1671,-5074
6002,2969,2,20070,3812206342,923,2917
6002,2969,3,20071,3813065335,-750,-1456
6002,2970,0,20072,3813924328,-3508,-6216
6002,2970,1,20073,3814783321,-4158,-4498
6002,2970,2,20074,3815642314,-2884,-6038
6002,2970,3,20075,3816501307,-215,-636
6002,2971,0,20076,3817360300,-2428,7770
6002,2971,1,20077,3818219293,-6949,5292
6002,2971,2,20078,3819078286,-2760,610
6002,2971,3,20079,3819937279,-328,-2741
6002,2972,0,20080,3820796272,-2673,-4398
6002,2972,1,20081,3821655265,-777,302
6002,2972,2,20082,3822514258,929,3065
6002,2972,3,20083,3823373251,2024,2385
6002,2973,0,20084,3824232244,320,5203
6002,2973,1,20085,3825091237,562,3349
6002,2973,2,20086,3825950230,6224,-6248
6002,2973,3,20087,3826809223,-911,-7650
6002,2974,0,20088,3827668216,-4175,81
6002,2974,1,20089,3828527209,8198,1534
6002,2974,2,20090,3829386202,5920,-1929
6002,2974,3,20091,3830245195,816,-5745
6002,2975,0,20092,3831104188,4406,-7466
6002,2975,1,20093,3831963181,2658,1667
6002,2975,2,20094,3832822174,2955,4763
6002,2975,3,20095,3833681167,-959,-3696
6002,2976,0,20096,3834540160,-4149,4796
6002,2976,1,20097,3835399153,542,14545
6002,2976,2,20098,3836258146,-738,3272
6002,2976,3,20099,3837117139,1433,-4674
6002,2977,0,20100,3837976132,2043,-3615
6002,2977,1,20101,3838835125,-422,-3844
6002,2977,2,20102,3839694118,748,-4205
6002,2977,3,20103,3840553111,-9467,-4018
6002,2978,0,20104,3841412104,-6008,-2273
6002,2978,1,20105,3842271097,6910,-783
6002,2978,2,20106,3843130090,-2910,527
6002,2978,3,20107,3843989083,-5221,-753
6002,2979,0,20108,3844848076,-651,-577
6002,2979,1,20109,3845707069,-5225,2973
6002,2979,2,20110,3846566062,-760,262
6002,2979,3,20111,3847425055,3120,3411
6002,2980,0,20112,3848284048,-1127,3186
6002,2980,1,20113,3849143041,-2834,-6489
6002,2980,2,20114,3850002034,-654,3037
6002,2980,3,20115,3850861027,-957,3571
6002,2981,0,20116,3851720020,-3247,-6259
6002,2981,1,20117,3852579013,-2334,3227
6002,2981,2,20118,3853438006,-1201,-2596
6002,2981,3,20119,3854296999,3093,-8220
6002,2982,0,20120,3855155992,817,512
6002,2982,1,20121,3856014985,-5414,-4909
6002,2982,2,20122,3856873978,726,-625
6002,2982,3,20123,3857732971,-2467,4746
6002,2983,0,20124,3858591964,-5831,-1062
6002,2983,1,20125,3859450957,3168,1919
6002,2983,2,20126,3860309950,1401,3194
6002,2983,3,20127,3861168943,2685,5674
6002,2984,0,20128,3862027936,2859,990
6002,2984,1,20129,3862886929,-6188,-8207
6002,2984,2,20130,3863745922,-3411,457
6002,2984,3,20131,3864604915,3637,1533
6002,2985,0,20132,3865463908,8175,266
6002,2985,1,20133,3866322901,2624,7077
6002,2985,2,20134,3867181894,-6662,-226
6002,2985,3,20135,3868040887,-2189,-2025
6002,2986,0,20136,3868899880,-92,3935
6002,2986,1,20137,3869758873,3804,2540
6002,2986,2,20138,3870617866,8406,3452
6002,2986,3,20139,3871476859,509,242
6002,2987,0,20140,3872335852,-1000,-3289
6002,2987,1,20141,3873194845,1361,2978
6002,2987,2,20142,3874053838,292,3649
6002,2987,3,20143,3874912831,13,-3136
6002,2988,0,20144,3875771824,-1769,-2153
6002,2988,1,20145,3876630817,-670,2565
6002,2988,2,20146,3877489810,-225,3097
6002,2988,3,20147,3878348803,-1257,6696
6002,2989,0,20148,3879207796,-3464,8511
6002,2989,1,20149,3880066789,-2966,1225
6002,2989,2,20150,3880925782,2950,-1966
6002,2989,3,20151,3881784775,-1143,3550
6002,2990,0,20152,3882643768,-4402,4547
6002,2990,1,20153,3883502761,958,-1176
6002,2990,2,20154,3884361754,1204,-4009
6002,2990,3,20155,3885220747,272,-3670
6002,2991,0,20156,3886079740,-3691,657
6002,2991,1,20157,3886938733,-3936,3686
6002,2991,2,20158,3887797726,-801,-4073
6002,2991,3,20159,3888656719,-8436,-3990
6002,2992,0,20160,3889515712,-5642,2678
6002,2992,1,20161,3890374705,7752,-315
6002,2992,2,20162,3891233698,7262,3991
6002,2992,3,20163,3892092691,502,7777
6002,2993,0,20164,3892951684,-1044,1500
6002,2993,1,20165,3893810677,1457,5376
6002,2993,2,20166,3894669670,837,9254
6002,2993,3,20167,3895528663,-2001,1733
6002,2994,0,20168,3896387656,224,336
6002,2994,1,20169,3897246649,561,5843
6002,2994,2,20170,3898105642,-2480,683
6002,2994,3,20171,3898964635,-1075,-3909
6002,2995,0,20172,3899823628,1937,3339
6002,2995,1,20173,3900682621,2162,983
6002,2995,2,20174,3901541614,876,-3840
6002,2995,3,20175,3902400607,-2704,-795
6002,2996,0,20176,3903259600,-3153,-597
6002,2996,1,20177,3904118593,2033,2521
6002,2996,2,20178,3904977586,-1664,2119
6002,2996,3,20179,3905836579,-8370,3708
6002,2997,0,20180,3906695572,-4650,8137
6002,2997,1,20181,3907554565,-1421,-2092
6002,2997,2,20182,3908413558,1161,-3004
6002,2997,3,20183,3909272551,2414,3441
6002,2998,0,20184,3910131544,738,425
6002,2998,1,20185,3910990537,7188,1651
6002,2998,2,20186,3911849530,5855,-1554
6002,2998,3,20187,3912708523,-3941,-4064
6002,2999,0,20188,3913567516,907,-1182
6002,2999,1,20189,3914426509,2583,-3255
6002,2999,2,20190,3915285502,-2655,-1788
6002,2999,3,20191,3916144495,1367,1344
6002,3000,0,20192,3917003488,-2688,5184
6002,3000,1,20193,3917862481,-3635,1947
6002,3000,2,20194,3918721474,8306,-6449
6002,3000,3,20195,3919580467,1317,140
6002,3001,0,20196,3920439460,-5672,4233
6002,3001,1,20197,3921298453,2597,1595
6002,3001,2,20198,3922157446,-748,2473
6002,3001,3,20199,3923016439,-2772,-1337
6002,3002,0,20200,3923875432,-923,-3806
6002,3002,1,20201,3924734425,-3097,-5277
6002,3002,2,20202,3925593418,1819,-2677
6002,3002,3,20203,3926452411,2919,2765
6002,3003,0,20204,3927311404,1121,28
6002,3003,1,20205,3928170397,-944,-1277
6002,3003,2,20206,3929029390,-2127,-1600
6002,3003,3,20207,3929888383,3051,1471
6002,3004,0,20208,3930747376,38,6932
6002,3004,1,20209,3931606369,2006,-271
6002,3004,2,20210,3932465362,3414,-7360
6002,3004,3,20211,3933324355,-8857,-5512
6002,3005,0,20212,3934183348,-3708,1505
6002,3005,1,20213,3935042341,696,6646
6002,3005,2,20214,3935901334,-5059,3149
6002,3005,3,20215,3936760327,-2074,3039
6002,3006,0,20216,3937619320,-4119,731
6002,3006,1,20217,3938478313,420,-6714
6002,3006,2,20218,3939337306,4419,-1965
6002,3006,3,20219,3940196299,1668,7751
6002,3007,0,20220,3941055292,6577,5054
6002,3007,1,20221,3941914285,-155,-3401
6002,3007,2,20222,3942773278,-1895,335
6002,3007,3,20223,3943632271,3233,1937
6002,3008,0,20224,3944491264,-3364,-4062
6002,3008,1,20225,3945350257,926,4780
6002,3008,2,20226,3946209250,1740,7209
6002,3008,3,20227,3947068243,-2619,-3860
6002,3009,0,20228,3947927236,3049,-2919
6002,3009,1,20229,3948786229,2672,1598
6002,3009,2,20230,3949645222,1789,3539
6002,3009,3,20231,3950504215,-2098,3113
6002,3010,0,20232,3951363208,-1910,-661
6002,3010,1,20233,3952222201,6218,-1257
6002,3010,2,20234,3953081194,-582,25
6002,3010,3,20235,3953940187,-1163,2038
6002,3011,0,20236,3954799180,2136,-1549
6002,3011,1,20237,3955658173,-6179,-6640
6002,3011,2,20238,3956517166,-1118,-3475
6002,3011,3,20239,3957376159,3216,-669
6002,3012,0,20240,3958235152,547,-1353
6002,3012,1,20241,3959094145,1540,-1919
6002,3012,2,20242,3959953138,-5194,363
6002,3012,3,20243,3960812131,-2679,715
6002,3013,0,20244,3961671124,4409,-614
6002,3013,1,20245,3962530117,-2929,4303
6002,3013,2,20246,3963389110,-2781,3348
6002,3013,3,20247,3964248103,1368,-186
6002,3014,0,20248,3965107096,-3941,473
6002,3014,1,20249,3965966089,-2820,-2579
6002,3014,2,20250,3966825082,1255,-1091
6002,3014,3,20251,3967684075,-2601,-1971
6002,3015,0,20252,3968543068,-2248,-3614
6002,3015,1,20253,3969402061,5169,2620
6002,3015,2,20254,3970261054,3485,1981
6002,3015,3,20255,3971120047,-2645,1069
6002,3016,0,20256,3971979040,296,284
6002,3016,1,20257,3972838033,710,-2599
6002,3016,2,20258,3973697026,1559,2253
6002,3016,3,20259,3974556019,8399,3576
6002,3017,0,20260,3975415012,4697,2578
6002,3017,1,20261,3976274005,1644,-400
6002,3017,2,20262,3977132998,3305,-3786
6002,3017,3,20263,3977991991,55,1253
6002,3018,0,20264,3978850984,3687,-1636
6002,3018,1,20265,3979709977,2043,-4670
6002,3018,2,20266,3980568970,-2401,254
6002,3018,3,20267,3981427963,2095,291
6002,3019,0,20268,3982286956,-1950,2116
6002,3019,1,20269,3983145949,-1446,332
6002,3019,2,20270,3984004942,-33,-4143
6002,3019,3,20271,3984863935,-6917,-1601
6002,3020,0,20272,3985722928,-1443,1810
6002,3020,1,20273,3986581921,-1231,4083
6002,3020,2,20274,3987440914,-2049,-408
6002,3020,3,20275,3988299907,3117,-3915
6002,3021,0,20276,3989158900,-4593,-2420
6002,3021,1,20277,3990017893,-1323,-4131
6002,3021,2,20278,3990876886,1862,930
6002,3021,3,20279,3991735879,-5971,2721
6002,3022,0,20280,3992594872,-185,-1823
6002,3022,1,20281,3993453865,-1384,2254
6002,3022,2,20282,3994312858,-2548,1757
6002,3022,3,20283,3995171851,7262,-784
6002,3023,0,20284,3996030844,3983,1333
6002,3023,1,20285,3996889837,269,-2127
6002,3023,2,20286,3997748830,650,-1685
6002,3023,3,20287,3998607823,-862,3279
6002,3024,0,20288,3999466816,-296,2528
6002,3024,1,20289,4000325809,-4009,1154
6002,3024,2,20290,4001184802,-4232,1197
6002,3024,3,20291,4002043795,-208,-1126
6002,3025,0,20292,4002902788,-1357,-4465
6002,3025,1,20293,4003761781,-4230,-5056
6002,3025,2,20294,4004620774,-3061,-2760
6002,3025,3,20295,4005479767,1318,-248
6002,3026,0,20296,4006338760,-433,3095
6002,3026,1,20297,4007197753,-3700,7728
6002,3026,2,20298,4008056746,-3202,5936
6002,3026,3,20299,4008915739,-5525,-990
6002,3027,0,20300,4009774732,-5024,534
6002,3027,1,20301,4010633725,-4618,4238
6002,3027,2,20302,4011492718,-7210,-585
6002,3027,3,20303,4012351711,-2522,-5029
6002,3028,0,20304,4013210704,2186,-2589
6002,3028,1,20305,4014069697,1477,-1100
6002,3028,2,20306,4014928690,-1432,-6612
6002,3028,3,20307,4015787683,-5878,-4221
6002,3029,0,20308,4016646676,-1528,4776
6002,3029,1,20309,4017505669,1735,1954
6002,3029,2,20310,4018364662,-4807,-697
6002,3029,3,20311,4019223655,1556,-2444
6002,3030,0,20312,4020082648,5614,-1984
6002,3030,1,20313,4020941641,-6285,10411
6002,3030,2,20314,4021800634,-2955,5184
6002,3030,3,20315,4022659627,2739,-5965
6002,3031,0,20316,4023518620,-1704,-1836
6002,3031,1,20317,4024377613,2415,-6953
6002,3031,2,20318,4025236606,5665,-2831
6002,3031,3,20319,4026095599,6386,6922
6002,3032,0,20320,4026954592,-96,-1089
6002,3032,1,20321,4027813585,-8985,327
6002,3032,2,20322,4028672578,366,3189
6002,3032,3,20323,4029531571,-438,159
6002,3033,0,20324,4030390564,-9825,3770
6002,3033,1,20325,4031249557,-1719,1066
6002,3033,2,20326,4032108550,911,3883
6002,3033,3,20327,4032967543,-1986,7520
6002,3034,0,20328,4033826536,354,-1752
6002,3034,1,20329,4034685529,-1345,-1717
6002,3034,2,20330,4035544522,-5974,2771
6002,3034,3,20331,4036403515,-4513,3641
6002,3035,0,20332,4037262508,2527,5960
6002,3035,1,20333,4038121501,-1152,3021
6002,3035,2,20334,4038980494,-2374,2195
6002,3035,3,20335,4039839487,5832,3749
6002,3036,0,20336,4040698480,1204,-702
6002,3036,1,20337,4041557473,-2896,-4139
6002,3036,2,20338,4042416466,-2535,-729
6002,3036,3,20339,4043275459,-3304,2148
6002,3037,0,20340,4044134452,1430,-1197
6002,3037,1,20341,4044993445,1765,-547
6002,3037,2,20342,4045852438,5501,194
6002,3037,3,20343,4046711431,5959,-3849
6002,3038,0,20344,4047570424,-3231,-401
6002,3038,1,20345,4048429417,159,-2731
6002,3038,2,20346,4049288410,2161,-10438
6002,3038,3,20347,4050147403,-177,-2731
6002,3039,0,20348,4051006396,6740,5120
6002,3039,1,20349,4051865389,8133,2548
6002,3039,2,20350,4052724382,4282,-1732
6002,3039,3,20351,4053583375,2624,-3134
6002,3040,0,20352,4054442368,1748,182
6002,3040,1,20353,4055301361,1165,-1707
6002,3040,2,20354,4056160354,1166,-9239
6002,3040,3,20355,4057019347,-599,-8559
6002,3041,0,20356,4057878340,-4628,-178
6002,3041,1,20357,4058737333,-2213,2327
6002,3041,2,20358,4059596326,-1897,-977
6002,3041,3,20359,4060455319,-2927,249
6002,3042,0,20360,4061314312,3560,2485
6002,3042,1,20361,4062173305,1340,6496
6002,3042,2,20362,4063032298,-1691,9552
6002,3042,3,20363,4063891291,3,2004
6002,3043,0,20364,4064750284,-2404,-3435
6002,3043,1,20365,4065609277,609,-4399
6002,3043,2,20366,4066468270,2440,-1083
6002,3043,3,20367,4067327263,3491,6212
6002,3044,0,20368,4068186256,5277,-3682
6002,3044,1,20369,4069045249,2169,-7836
6002,3044,2,20370,4069904242,2237,8049
6002,3044,3,20371,4070763235,-1605,3952
6002,3045,0,20372,4071622228,1640,-8222
6002,3045,1,20373,4072481221,9600,-851
6002,3045,2,20374,4073340214,-1929,4265
6002,3045,3,20375,4074199207,-3909,-513
6002,3046,0,20376,4075058200,4462,825
6002,3046,1,20377,4075917193,317,4574
6002,3046,2,20378,4076776186,1320,230
6002,3046,3,20379,4077635179,1483,-1148
6002,3047,0,20380,4078494172,-4663,227
6002,3047,1,20381,4079353165,-3662,-2719
6002,3047,2,20382,4080212158,198,1011
6002,3047,3,20383,4081071151,275,2002
6002,3048,0,20384,4081930144,-2400,-1399
6002,3048,1,20385,4082789137,-2304,4919
6002,3048,2,20386,4083648130,-613,5036
6002,3048,3,20387,4084507123,4847,-1309
6002,3049,0,20388,4085366116,9458,-558
6002,3049,1,20389,4086225109,1851,-655
6002,3049,2,20390,4087084102,-1730,-1053
6002,3049,3,20391,4087943095,-1425,1245
6002,3050,0,20392,4088802088,-3582,3215
6002,3050,1,20393,4089661081,2930,3043
6002,3050,2,20394,4090520074,1673,475
6002,3050,3,20395,4091379067,-3857,1524
6002,3051,0,20396,4092238060,542,-968
6002,3051,1,20397,4093097053,1949,-8327
6002,3051,2,20398,4093956046,3780,-5281
6002,3051,3,20399,4094815039,81,-3553
6002,3052,0,20400,4095674032,-7631,-5526
6002,3052,1,20401,4096533025,287,3356
6002,3052,2,20402,4097392018,4026,3110
6002,3052,3,20403,4098251011,-3239,-1530
6002,3053,0,20404,4099110004,-2165,7401
6002,3053,1,20405,4099968997,-551,7670
6002,3053,2,20406,4100827990,-4197,5628
6002,3053,3,20407,4101686983,-2714,7804
6002,3054,0,20408,4102545976,2895,-1113
6002,3054,1,20409,4103404969,1746,-2125
6002,3054,2,20410,4104263962,-1362,6354
6002,3054,3,20411,4105122955,-304,5152
6002,3055,0,20412,4105981948,-3980,-3387
6002,3055,1,20413,4106840941,-4305,-2960
6002,3055,2,20414,4107699934,1739,6647
6002,3055,3,20415,4108558927,-94,-1788
6002,3056,0,20416,4109417920,-2361,-8233
6002,3056,1,20417,4110276913,-1428,868
6002,3056,2,20418,4111135906,-3289,-4593
6002,3056,3,20419,4111994899,-3575,-2493
6002,3057,0,20420,4112853892,-3972,1446
6002,3057,1,20421,4113712885,-2141,-6395
6002,3057,2,20422,4114571878,2019,1963
6002,3057,3,20423,4115430871,-1009,-868
6002,3058,0,20424,4116289864,-5226,-4398
6002,3058,1,20425,4117148857,-4485,9185
6002,3058,2,20426,4118007850,-4046,-1173
6002,3058,3,20427,4118866843,-3374,-7879
6002,3059,0,20428,4119725836,-897,1955
6002,3059,1,20429,4120584829,834,-389
6002,3059,2,20430,4121443822,1569,988
6002,3059,3,20431,4122302815,1290,5710
6002,3060,0,20432,4123161808,-292,4567
6002,3060,1,20433,4124020801,2361,1598
6002,3060,2,20434,4124879794,5959,660
6002,3060,3,20435,4125738787,731,3016
6002,3061,0,20436,4126597780,-924,1219
6002,3061,1,20437,4127456773,5507,-609
6002,3061,2,20438,4128315766,2602,-196
6002,3061,3,20439,4129174759,-2253,2144
6002,3062,0,20440,4130033752,1392,-327
6002,3062,1,20441,4130892745,2089,-7988
6002,3062,2,20442,4131751738,1608,-702
6002,3062,3,20443,4132610731,2831,3578
6002,3063,0,20444,4133469724,811,-4356
6002,3063,1,20445,4134328717,1598,-4620
6002,3063,2,20446,4135187710,34,-2573
6002,3063,3,20447,4136046703,-6219,3621
6002,3064,0,20448,4136905696,-3483,2287
6002,3064,1,20449,4137764689,-2061,-7157
6002,3064,2,20450,4138623682,-5718,281
6002,3064,3,20451,4139482675,2852,4400
6002,3065,0,20452,4140341668,9847,-1902
6002,3065,1,20453,4141200661,1255,-1621
6002,3065,2,20454,4142059654,-5057,-924
6002,3065,3,20455,4142918647,-791,-1178
6002,3066,0,20456,4143777640,-284,992
6002,3066,1,20457,4144636633,-3673,3202
6002,3066,2,20458,4145495626,1520,1708
6002,3066,3,20459,4146354619,1339,4605
6002,3067,0,20460,4147213612,-3753,5599
6002,3067,1,20461,4148072605,1846,-2272
6002,3067,2,20462,4148931598,592,2003
6002,3067,3,20463,4149790591,-3249,2402
6002,3068,0,20464,4150649584,-1622,-3336
6002,3068,1,20465,4151508577,-6704,3807
6002,3068,2,20466,4152367570,-5632,3428
6002,3068,3,20467,4153226563,-2634,5675
6002,3069,0,20468,4154085556,101,7437
6002,3069,1,20469,4154944549,7212,-1522
6002,3069,2,20470,4155803542,1964,1910
6002,3069,3,20471,4156662535,-1472,44
6002,3070,0,20472,4157521528,-2403,-2227
6002,3070,1,20473,4158380521,-5391,2930
6002,3070,2,20474,4159239514,2884,-1660
6002,3070,3,20475,4160098507,347,1046
6002,3071,0,20476,4160957500,-3429,846
6002,3071,1,20477,4161816493,1318,-1312
6002,3071,2,20478,4162675486,-4893,4048
6002,3071,3,20479,4163534479,-3299,369
6002,3072,0,20992,309230592,328,975
6002,3072,1,20993,310089585,5208,-840
6002,3072,2,20994,310948578,2312,611
6002,3072,3,20995,311807571,-9,2843
6002,3073,0,20996,312666564,1421,753
6002,3073,1,20997,313525557,-907,-685
6002,3073,2,20998,314384550,392,412
6002,3073,3,20999,315243543,-672,-2034
6002,3074,0,21000,316102536,-5806,-3403
6002,3074,1,21001,316961529,20,732
6002,3074,2,21002,317820522,556,2591
6002,3074,3,21003,318679515,-5910,843
6002,3075,0,21004,319538508,-4613,5248
6002,3075,1,21005,320397501,-2413,8794
6002,3075,2,21006,321256494,-2846,2686
6002,3075,3,21007,322115487,-7457,2769
6002,3076,0,21008,322974480,-3665,4596
6002,3076,1,21009,323833473,3599,-3509
6002,3076,2,21010,324692466,-3190,-2516
6002,3076,3,21011,325551459,190,3802
6002,3077,0,21012,326410452,6304,1362
6002,3077,1,21013,327269445,-1682,2413
6002,3077,2,21014,328128438,-2142,4230
6002,3077,3,21015,328987431,-1478,1207
6002,3078,0,21016,329846424,-1571,1786
6002,3078,1,21017,330705417,39,1078
6002,3078,2,21018,331564410,-4562,-765
6002,3078,3,21019,332423403,-1511,4118
6002,3079,0,21020,333282396,1993,8029
6002,3079,1,21021,334141389,1005,5465
6002,3079,2,21022,335000382,5607,-2243
6002,3079,3,21023,335859375,4631,-6380
6002,3080,0,21024,336718368,-1158,3419
6002,3080,1,21025,337577361,-2454,7453
6002,3080,2,21026,338436354,1693,887
6002,3080,3,21027,339295347,2720,3912
6002,3081,0,21028,340154340,-837,4128
6002,3081,1,21029,341013333,3712,705
6002,3081,2,21030,341872326,382,935
6002,3081,3,21031,342731319,-8547,-4451
6002,3082,0,21032,343590312,-1022,-238
6002,3082,1,21033,344449305,1830,3564
6002,3082,2,21034,345308298,-1129,-4796
6002,3082,3,21035,346167291,1899,-2768
6002,3083,0,21036,347026284,-390,-1745
6002,3083,1,21037,347885277,612,-2529
6002,3083,2,21038,348744270,4637,3678
6002,3083,3,21039,349603263,3038,1677
6002,3084,0,21040,350462256,3325,2327
6002,3084,1,21041,351321249,2003,4820
6002,3084,2,21042,352180242,-2334,1044
6002,3084,3,21043,353039235,-1623,-359
6002,3085,0,21044,353898228,1026,-404
6002,3085,1,21045,354757221,532,6471
6002,3085,2,21046,355616214,568,3545
6002,3085,3,21047,356475207,-2677,-11231
6002,3086,0,21048,357334200,-7442,-3925
6002,3086,1,21049,358193193,-122,4588
6002,3086,2,21050,359052186,2828,-3451
6002,3086,3,21051,359911179,-2760,-2828
6002,3087,0,21052,360770172,4588,2492
6002,3087,1,21053,361629165,6199,2134
6002,3087,2,21054,362488158,-385,1968
6002,3087,3,21055,363347151,1431,4448
6002,3088,0,21056,364206144,-2438,4945
6002,3088,1,21057,365065137,-1437,2346
6002,3088,2,21058,365924130,5894,-90
6002,3088,3,21059,366783123,363,-6166
6002,3089,0,21060,367642116,-845,-5618
6002,3089,1,21061,368501109,1160,5404
6002,3089,2,21062,369360102,-2789,5180
6002,3089,3,21063,370219095,2161,-2588
6002,3090,0,21064,371078088,2384,-3063
6002,3090,1,21065,371937081,-5691,-4346
6002,3090,2,21066,372796074,-1557,-7519
6002,3090,3,21067,373655067,5253,-5031
6002,3091,0,21068,374514060,6814,-2322
6002,3091,1,21069,375373053,3474,-2093
6002,3091,2,21070,376232046,-5138,2705
6002,3091,3,21071,377091039,84,6427
6002,3092,0,21072,377950032,8576,2768
6002,3092,1,21073,378809025,3418,-236
6002,3092,2,21074,379668018,4636,2822
6002,3092,3,21075,380527011,4974,6716
6002,3093,0,21076,381386004,-1830,1368
6002,3093,1,21077,382244997,-482,-4181
6002,3093,2,21078,383103990,-123,1595
6002,3093,3,21079,383962983,245,3958
6002,3094,0,21080,384821976,2647,1931
6002,3094,1,21081,385680969,1593,3179
6002,3094,2,21082,386539962,1493,363
6002,3094,3,21083,387398955,1443,-2275
6002,3095,0,21084,388257948,7418,-1667
6002,3095,1,21085,389116941,7000,-1519
6002,3095,2,21086,389975934,126,-1198
6002,3095,3,21087,390834927,5709,-3730
6002,3096,0,21088,391693920,691,-2892
6002,3096,1,21089,392552913,-3536,2845
6002,3096,2,21090,393411906,4455,1124
6002,3096,3,21091,394270899,-629,395
6002,3097,0,21092,395129892,1632,5501
6002,3097,1,21093,395988885,2500,141
6002,3097,2,21094,396847878,-2866,-3933
6002,3097,3,21095,397706871,5337,1016
6002,3098,0,21096,398565864,338,-2351
6002,3098,1,21097,399424857,73,-1528
6002,3098,2,21098,400283850,4164,2557
6002,3098,3,21099,401142843,-8269,-4304
6002,3099,0,21100,402001836,-588,-2863
6002,3099,1,21101,402860829,520,-699
6002,3099,2,21102,403719822,-9119,-2766
6002,3099,3,21103,404578815,5639,5302
6002,3100,0,21104,405437808,7876,3086
6002,3100,1,21105,406296801,2410,-2358
6002,3100,2,21106,407155794,1742,2632
6002,3100,3,21107,408014787,-6463,-1458
6002,3101,0,21108,408873780,-984,-4804
6002,3101,1,21109,409732773,852,1850
6002,3101,2,21110,410591766,-8475,5553
6002,3101,3,21111,411450759,-5172,-90
6002,3102,0,21112,412309752,-1036,-6638
6002,3102,1,21113,413168745,-2600,-778
6002,3102,2,21114,414027738,-1447,686
6002,3102,3,21115,414886731,2003,-5987
6002,3103,0,21116,415745724,187,-4273
6002,3103,1,21117,416604717,-4513,-6567
6002,3103,2,21118,417463710,-1895,-8760
6002,3103,3,21119,418322703,310,-1700
6002,3104,0,21120,419181696,697,-517
6002,3104,1,21121,420040689,3701,-1468
6002,3104,2,21122,420899682,4738,-478
6002,3104,3,21123,421758675,7662,-2436
6002,3105,0,21124,422617668,7839,-667
6002,3105,1,21125,423476661,-3430,1767
6002,3105,2,21126,424335654,-10679,-1733
6002,3105,3,21127,425194647,-2523,-2395
6002,3106,0,21128,426053640,3211,-883
6002,3106,1,21129,426912633,-882,-6662
6002,3106,2,21130,427771626,-1565,-6992
6002,3106,3,21131,428630619,2108,938
6002,3107,0,21132,429489612,2780,-177
6002,3107,1,21133,430348605,-2668,-1905
6002,3107,2,21134,431207598,-4494,507
6002,3107,3,21135,432066591,-1851,-2502
6002,3108,0,21136,432925584,-5776,220
6002,3108,1,21137,433784577,-3366,5886
6002,3108,2,21138,434643570,1036,1998
6002,3108,3,21139,435502563,-3407,-406
6002,3109,0,21140,436361556,-3797,-675
6002,3109,1,21141,437220549,-5657,-3020
6002,3109,2,21142,438079542,-5085,396
6002,3109,3,21143,438938535,-945,1517
6002,3110,0,21144,439797528,-203,-123
6002,3110,1,21145,440656521,6258,3783
6002,3110,2,21146,441515514,3539,1963
6002,3110,3,21147,442374507,-747,2744
6002,3111,0,21148,443233500,4862,8828
6002,3111,1,21149,444092493,416,197
6002,3111,2,21150,444951486,-5339,-2849
6002,3111,3,21151,445810479,-7613,4867
6002,3112,0,21152,446669472,-50,-226
6002,3112,1,21153,447528465,9348,-1493
6002,3112,2,21154,448387458,-2840,4798
6002,3112,3,21155,449246451,-5792,853
6002,3113,0,21156,450105444,-3,-6501
6002,3113,1,21157,450964437,-1745,-4556
6002,3113,2,21158,451823430,-1936,4508
6002,3113,3,21159,452682423,-7990,3588
6002,3114,0,21160,453541416,1838,-1918
6002,3114,1,21161,454400409,7504,-225
6002,3114,2,21162,455259402,-6170,-1176
6002,3114,3,21163,456118395,4010,555
6002,3115,0,21164,456977388,7716,-60
6002,3115,1,21165,457836381,-881,-7771
6002,3115,2,21166,458695374,3021,-4784
6002,3115,3,21167,459554367,-1880,-2311
6002,3116,0,21168,460413360,1696,-2812
6002,3116,1,21169,461272353,5056,4448
6002,3116,2,21170,462131346,-5398,3260
6002,3116,3,21171,462990339,-3699,-2894
6002,3117,0,21172,463849332,-2662,-3764
6002,3117,1,21173,464708325,-1553,-4296
6002,3117,2,21174,465567318,7244,378
6002,3117,3,21175,466426311,6997,6434
6002,3118,0,21176,467285304,181,3951
6002,3118,1,21177,468144297,-2234,-16
6002,3118,2,21178,469003290,2104,3079
6002,3118,3,21179,469862283,1574,6101
6002,3119,0,21180,470721276,-1187,3862
6002,3119,1,21181,471580269,-141,111
6002,3119,2,21182,472439262,-2145,-4927
6002,3119,3,21183,473298255,1887,-4809
6002,3120,0,21184,474157248,3822,862
6002,3120,1,21185,475016241,182,2207
6002,3120,2,21186,475875234,3297,106
6002,3120,3,21187,476734227,860,-3182
6002,3121,0,21188,477593220,-198,-3267
6002,3121,1,21189,478452213,5625,-2220
6002,3121,2,21190,479311206,505,-4695
6002,3121,3,21191,480170199,-4292,-315
6002,3122,0,21192,481029192,2782,964
6002,3122,1,21193,481888185,3984,-4829
6002,3122,2,21194,482747178,-2170,473
6002,3122,3,21195,483606171,2597,2115
6002,3123,0,21196,484465164,6300,-3927
6002,3123,1,21197,485324157,-21,68
6002,3123,2,21198,486183150,-201,1818
6002,3123,3,21199,487042143,-1488,-3270
6002,3124,0,21200,487901136,-4573,-3826
6002,3124,1,21201,488760129,-3622,-2133
6002,3124,2,21202,489619122,-3668,-1671
6002,3124,3,21203,490478115,1844,-675
6002,3125,0,21204,491337108,3069,1901
6002,3125,1,21205,492196101,-661,2341
6002,3125,2,21206,493055094,1936,1383
6002,3125,3,21207,493914087,2966,1925
6002,3126,0,21208,494773080,3274,-381
6002,3126,1,21209,495632073,-489,-181
6002,3126,2,21210,496491066,-3625,4710
6002,3126,3,21211,497350059,1133,3206
6002,3127,0,21212,498209052,-1583,2674
6002,3127,1,21213,499068045,-4967,7468
6002,3127,2,21214,499927038,-1817,1568
6002,3127,3,21215,500786031,339,-5084
6002,3128,0,21216,501645024,629,150
6002,3128,1,21217,502504017,-1953,150
6002,3128,2,21218,503363010,2588,-3313
6002,3128,3,21219,504222003,5833,-1332
6002,3129,0,21220,505080996,-3091,-1066
6002,3129,1,21221,505939989,-4297,429
6002,3129,2,21222,506798982,693,-762
6002,3129,3,21223,507657975,248,-3377
6002,3130,0,21224,508516968,2258,933
6002,3130,1,21225,509375961,1922,72
6002,3130,2,21226,510234954,-6087,-692
6002,3130,3,21227,511093947,-3731,2330
6002,3131,0,21228,511952940,4533,-2581
6002,3131,1,21229,512811933,-1500,-3523
6002,3131,2,21230,513670926,-2968,-1797
6002,3131,3,21231,514529919,1650,-2287
6002,3132,0,21232,515388912,-3214,1801
6002,3132,1,21233,516247905,-962,-36
6002,3132,2,21234,517106898,4593,-1513
6002,3132,3,21235,517965891,5948,3430
6002,3133,0,21236,518824884,4447,1760
6002,3133,1,21237,519683877,-3843,-1830
6002,3133,2,21238,520542870,-1767,1502
6002,3133,3,21239,521401863,2516,5340
6002,3134,0,21240,522260856,-930,-1522
6002,3134,1,21241,523119849,1382,-3559
6002,3134,2,21242,523978842,-320,5812
6002,3134,3,21243,524837835,-2300,-1057
6002,3135,0,21244,525696828,1112,-5706
6002,3135,1,21245,526555821,964,2814
6002,3135,2,21246,527414814,80,-4748
6002,3135,3,21247,528273807,-4215,-6534
6002,3136,0,21248,529132800,-3489,4449
6002,3136,1,21249,529991793,3221,2258
6002,3136,2,21250,530850786,265,-3848
6002,3136,3,21251,531709779,-4328,-2321
6002,3137,0,21252,532568772,-4998,6116
6002,3137,1,21253,533427765,-4300,4302
6002,3137,2,21254,534286758,771,-6604
6002,3137,3,21255,535145751,5039,-311
6002,3138,0,21256,536004744,2247,2892
6002,3138,1,21257,536863737,-3510,-6263
6002,3138,2,21258,537722730,-61,-3225
6002,3138,3,21259,538581723,8066,-88
6002,3139,0,21260,539440716,6081,-4905
6002,3139,1,21261,540299709,1053,-6602
6002,3139,2,21262,541158702,1357,-5675
6002,3139,3,21263,542017695,-2319,-1399
6002,3140,0,21264,542876688,-6853,1902
6002,3140,1,21265,543735681,-674,80
6002,3140,2,21266,544594674,1086,713
6002,3140,3,21267,545453667,-3727,2323
6002,3141,0,21268,546312660,1866,1560
6002,3141,1,21269,547171653,3332,3339
6002,3141,2,21270,548030646,-2418,-209
6002,3141,3,21271,548889639,37,-5580
6002,3142,0,21272,549748632,4199,-606
6002,3142,1,21273,550607625,2608,849
6002,3142,2,21274,551466618,-2220,1144
6002,3142,3,21275,552325611,-1676,1615
6002,3143,0,21276,553184604,-1625,-5776
6002,3143,1,21277,554043597,-5006,3517
6002,3143,2,21278,554902590,658,11047
6002,3143,3,21279,555761583,3031,-2192
6002,3144,0,21280,556620576,1571,1096
6002,3144,1,21281,557479569,2762,5842
6002,3144,2,21282,558338562,97,-2001
6002,3144,3,21283,559197555,3284,42
6002,3145,0,21284,560056548,795,1798
6002,3145,1,21285,560915541,-3855,5096
6002,3145,2,21286,561774534,4892,7614
6002,3145,3,21287,562633527,3034,1026
6002,3146,0,21288,563492520,-2669,3144
6002,3146,1,21289,564351513,-1237,3483
6002,3146,2,21290,565210506,-3573,-5222
6002,3146,3,21291,566069499,-2539,-2425
6002,3147,0,21292,566928492,-2776,6808
6002,3147,1,21293,567787485,-4768,5665
6002,3147,2,21294,568646478,-2819,-1807
6002,3147,3,21295,569505471,302,-3337
6002,3148,0,21296,570364464,-107,-2728
6002,3148,1,21297,571223457,-5328,-3144
6002,3148,2,21298,572082450,-1574,207
6002,3148,3,21299,572941443,-328,1212
6002,3149,0,21300,573800436,-2418,365
6002,3149,1,21301,574659429,5723,-26
6002,3149,2,21302,575518422,755,-1644
6002,3149,3,21303,576377415,-3718,394
6002,3150,0,21304,577236408,1302,593
6002,3150,1,21305,578095401,-1011,-2254
6002,3150,2,21306,578954394,5572,-1756
6002,3150,3,21307,579813387,5463,-1277
6002,3151,0,21308,580672380,-858,2586
6002,3151,1,21309,581531373,1045,7249
6002,3151,2,21310,582390366,-8977,636
6002,3151,3,21311,583249359,-9244,-5366
6002,3152,0,21312,584108352,-779,1828
6002,3152,1,21313,584967345,-2856,7615
6002,3152,2,21314,585826338,1361,1726
6002,3152,3,21315,586685331,28,-6671
6002,3153,0,21316,587544324,-2885,-5176
6002,3153,1,21317,588403317,104,421
6002,3153,2,21318,589262310,-3705,-3406
6002,3153,3,21319,590121303,46,-1396
6002,3154,0,21320,590980296,3331,6619
6002,3154,1,21321,591839289,-213,176
6002,3154,2,21322,592698282,2495,-1797
6002,3154,3,21323,593557275,404,603
6002,3155,0,21324,594416268,-2083,-7878
6002,3155,1,21325,595275261,3838,-5878
6002,3155,2,21326,596134254,6122,1213
6002,3155,3,21327,596993247,3024,906
6002,3156,0,21328,597852240,2083,-102
6002,3156,1,21329,598711233,583,-1260
6002,3156,2,21330,599570226,-3385,3569
6002,3156,3,21331,600429219,-998,3282
6002,3157,0,21332,601288212,591,175
6002,3157,1,21333,602147205,1019,4503
6002,3157,2,21334,603006198,8813,-726
6002,3157,3,21335,603865191,5297,59
6002,3158,0,21336,604724184,-1039,5640
6002,3158,1,21337,605583177,4249,-4352
6002,3158,2,21338,606442170,637,-974
6002,3158,3,21339,607301163,-5395,6544
6002,3159,0,21340,608160156,-3929,-5060
6002,3159,1,21341,609019149,-3117,-7051
6002,3159,2,21342,609878142,-3135,5074
6002,3159,3,21343,610737135,-3131,8978
6002,3160,0,21344,611596128,3049,1439
6002,3160,1,21345,612455121,5975,504
6002,3160,2,21346,613314114,589,7137
6002,3160,3,21347,614173107,980,2526
6002,3161,0,21348,615032100,-586,861
6002,3161,1,21349,615891093,-2412,5981
6002,3161,2,21350,616750086,258,411
6002,3161,3,21351,617609079,-2771,-138
6002,3162,0,21352,618468072,246,4745
6002,3162,1,21353,619327065,3241,1400
6002,3162,2,21354,620186058,-3151,801
6002,3162,3,21355,621045051,876,-1979
6002,3163,0,21356,621904044,2667,-7021
6002,3163,1,21357,622763037,-3844,1721
6002,3163,2,21358,623622030,3824,5718
6002,3163,3,21359,624481023,5827,-2937
6002,3164,0,21360,625340016,-4073,-1567
6002,3164,1,21361,626199009,-89,-527
6002,3164,2,21362,627058002,1548,-6078
6002,3164,3,21363,627916995,-3736,-1186
6002,3165,0,21364,628775988,2302,-290
6002,3165,1,21365,629634981,3892,-4340
6002,3165,2,21366,630493974,-782,2833
6002,3165,3,21367,631352967,-960,3913
6002,3166,0,21368,632211960,978,3747
6002,3166,1,21369,633070953,6129,11338
6002,3166,2,21370,633929946,2400,4284
6002,3166,3,21371,634788939,-3280,564
6002,3167,0,21372,635647932,-420,8506
6002,3167,1,21373,636506925,-3857,890
6002,3167,2,21374,637365918,932,-1198
6002,3167,3,21375,638224911,11425,6873
6002,3168,0,21376,639083904,6094,999
6002,3168,1,21377,639942897,-833,-1343
6002,3168,2,21378,640801890,-6794,1027
6002,3168,3,21379,641660883,-4675,-1210
6002,3169,0,21380,642519876,5295,995
6002,3169,1,21381,643378869,547,2551
6002,3169,2,21382,644237862,-2,4187
6002,3169,3,21383,645096855,5631,2021
6002,3170,0,21384,645955848,-2511,-6605
6002,3170,1,21385,646814841,-7276,-8394
6002,3170,2,21386,647673834,-4972,-6569
6002,3170,3,21387,648532827,-3993,-1228
6002,3171,0,21388,649391820,-2417,2402
6002,3171,1,21389,650250813,-981,-4322
6002,3171,2,21390,651109806,88,-4031
6002,3171,3,21391,651968799,-383,1454
6002,3172,0,21392,652827792,-1794,2239
6002,3172,1,21393,653686785,-3649,2409
6002,3172,2,21394,654545778,1809,139
6002,3172,3,21395,655404771,7727,3429
6002,3173,0,21396,656263764,-1222,8633
6002,3173,1,21397,657122757,-3223,3396
6002,3173,2,21398,657981750,2480,-145
6002,3173,3,21399,658840743,-2963,4944
6002,3174,0,21400,659699736,-4913,4452
6002,3174,1,21401,660558729,-1969,-4141
6002,3174,2,21402,661417722,-753,-4990
6002,3174,3,21403,662276715,-1657,-2692
6002,3175,0,21404,663135708,-5277,-3695
6002,3175,1,21405,663994701,-1246,790
6002,3175,2,21406,664853694,4258,-823
6002,3175,3,21407,665712687,3861,-2704
6002,3176,0,21408,666571680,2604,3249
6002,3176,1,21409,667430673,1071,-878
6002,3176,2,21410,668289666,-556,-206
6002,3176,3,21411,669148659,-3947,4270
6002,3177,0,21412,670007652,-4351,-3260
6002,3177,1,21413,670866645,-3148,-1068
6002,3177,2,21414,671725638,-3056,342
6002,3177,3,21415,672584631,-945,-7384
6002,3178,0,21416,673443624,-3460,-3515
6002,3178,1,21417,674302617,19,-2675
6002,3178,2,21418,675161610,6755,-5882
6002,3178,3,21419,676020603,-3089,-1595
6002,3179,0,21420,676879596,-10729,-1754
6002,3179,1,21421,677738589,-4199,71
6002,3179,2,21422,678597582,3073,2654
6002,3179,3,21423,679456575,3080,-4241
6002,3180,0,21424,680315568,360,-5884
6002,3180,1,21425,681174561,-153,-3231
6002,3180,2,21426,682033554,-6883,-3349
6002,3180,3,21427,682892547,-7404,-449
6002,3181,0,21428,683751540,-125,-266
6002,3181,1,21429,684610533,-2462,627
6002,3181,2,21430,685469526,-1600,6922
6002,3181,3,21431,686328519,1726,6435
6002,3182,0,21432,687187512,3165,-2413
6002,3182,1,21433,688046505,5550,-4383
6002,3182,2,21434,688905498,368,5407
6002,3182,3,21435,689764491,-1995,3313
6002,3183,0,21436,690623484,-4026,-7545
6002,3183,1,21437,691482477,-4875,-2580
6002,3183,2,21438,692341470,2416,-1588
6002,3183,3,21439,693200463,1086,-6042
6002,3184,0,21440,694059456,327,-2807
6002,3184,1,21441,694918449,1322,-2166
6002,3184,2,21442,695777442,-376,5056
6002,3184,3,21443,696636435,4813,5596
6002,3185,0,21444,697495428,-265,-2934
6002,3185,1,21445,698354421,-2568,1282
6002,3185,2,21446,699213414,4658,-284
6002,3185,3,21447,700072407,-1458,797
6002,3186,0,21448,700931400,-1930,5338
6002,3186,1,21449,701790393,3567,-5492
6002,3186,2,21450,702649386,1095,-1428
6002,3186,3,21451,703508379,288,7343
6002,3187,0,21452,704367372,265,609
6002,3187,1,21453,705226365,1891,-2263
6002,3187,2,21454,706085358,669,-4786
6002,3187,3,21455,706944351,-2006,-1622
6002,3188,0,21456,707803344,-1473,7248
6002,3188,1,21457,708662337,-5615,3418
6002,3188,2,21458,709521330,-2799,-6942
6002,3188,3,21459,710380323,4130,-7170
6002,3189,0,21460,711239316,3476,3589
6002,3189,1,21461,712098309,5963,5008
6002,3189,2,21462,712957302,4415,-3027
6002,3189,3,21463,713816295,-2231,-4736
6002,3190,0,21464,714675288,-2254,-1073
6002,3190,1,21465,715534281,-2526,3329
6002,3190,2,21466,716393274,-1476,94
6002,3190,3,21467,717252267,2940,-2009
6002,3191,0,21468,718111260,-848,109
6002,3191,1,21469,718970253,-5881,-1995
6002,3191,2,21470,719829246,-389,2886
6002,3191,3,21471,720688239,-161,2680
6002,3192,0,21472,721547232,-9197,-2749
6002,3192,1,21473,722406225,-7518,286
6002,3192,2,21474,723265218,-3421,-2606
6002,3192,3,21475,724124211,-6890,-525
6002,3193,0,21476,724983204,-3286,6434
6002,3193,1,21477,725842197,1156,5672
6002,3193,2,21478,726701190,-2074,7327
6002,3193,3,21479,727560183,-1830,3052
6002,3194,0,21480,728419176,2315,-3176
6002,3194,1,21481,729278169,3606,-2776
6002,3194,2,21482,730137162,437,-3148
6002,3194,3,21483,730996155,77,-3421
6002,3195,0,21484,731855148,5747,-3384
6002,3195,1,21485,732714141,3854,831
6002,3195,2,21486,733573134,-271,-515
6002,3195,3,21487,734432127,4213,-3848
6002,3196,0,21488,735291120,3802,5573
6002,3196,1,21489,736150113,28,4527
6002,3196,2,21490,737009106,-1228,-2355
6002,3196,3,21491,737868099,-3519,-799
6002,3197,0,21492,738727092,-1493,-4204
6002,3197,1,21493,739586085,-651,-3294
6002,3197,2,21494,740445078,332,-1020
6002,3197,3,21495,741304071,5025,-838
6002,3198,0,21496,742163064,2938,7838
6002,3198,1,21497,743022057,2525,8753
6002,3198,2,21498,743881050,3552,-1364
6002,3198,3,21499,744740043,-1260,-4260
6002,3199,0,21500,745599036,396,3468
6002,3199,1,21501,746458029,3628,4230
6002,3199,2,21502,747317022,-1257,-7236
6002,3199,3,21503,748176015,-4309,-4008
6002,3200,0,21504,749035008,3268,5686
6002,3200,1,21505,749894001,8506,-2366
6002,3200,2,21506,750752994,3276,-2130
6002,3200,3,21507,751611987,3242,5446
6002,3201,0,21508,752470980,1626,-1086
6002,3201,1,21509,753329973,-5004,1844
6002,3201,2,21510,754188966,-3480,5024
6002,3201,3,21511,755047959,-1528,-3365
6002,3202,0,21512,755906952,1673,5419
6002,3202,1,21513,756765945,1643,7159
6002,3202,2,21514,757624938,-759,-5099
6002,3202,3,21515,758483931,3584,-814
6002,3203,0,21516,759342924,-2194,1131
6002,3203,1,21517,760201917,-4341,70
6002,3203,2,21518,761060910,572,788
6002,3203,3,21519,761919903,-5487,1432
6002,3204,0,21520,762778896,-2244,10868
6002,3204,1,21521,763637889,2625,3940
6002,3204,2,21522,764496882,-703,-550
6002,3204,3,21523,765355875,-2716,8453
6002,3205,0,21524,766214868,-7682,569
6002,3205,1,21525,767073861,-5664,3749
6002,3205,2,21526,767932854,-2343,8317
6002,3205,3,21527,768791847,-825,-282
6002,3206,0,21528,769650840,186,5974
6002,3206,1,21529,770509833,-3771,2704
6002,3206,2,21530,771368826,3333,-5354
6002,3206,3,21531,772227819,3315,2058
6002,3207,0,21532,773086812,-4051,3075
6002,3207,1,21533,773945805,2049,-3744
6002,3207,2,21534,774804798,1660,-5616
6002,3207,3,21535,775663791,2153,1532
6002,3208,0,21536,776522784,2246,716
6002,3208,1,21537,777381777,-26,-3318
6002,3208,2,21538,778240770,8991,1913
6002,3208,3,21539,779099763,1802,-3155
6002,3209,0,21540,779958756,-4584,-5528
6002,3209,1,21541,780817749,5260,-2202
6002,3209,2,21542,781676742,4649,-4321
6002,3209,3,21543,782535735,7203,-1543
6002,3210,0,21544,783394728,6554,-1573
6002,3210,1,21545,784253721,-5488,1397
6002,3210,2,21546,785112714,-5339,925
6002,3210,3,21547,785971707,2770,-3455
6002,3211,0,21548,786830700,1430,6137
6002,3211,1,21549,787689693,-4372,4515
6002,3211,2,21550,788548686,2731,-1831
6002,3211,3,21551,789407679,2831,-692
6002,3212,0,21552,790266672,-6419,-2133
6002,3212,1,21553,791125665,3448,2418
6002,3212,2,21554,791984658,3874,436
6002,3212,3,21555,792843651,-7038,3801
6002,3213,0,21556,793702644,-3339,6657
6002,3213,1,21557,794561637,-2770,-6778
6002,3213,2,21558,795420630,-3509,-2162
6002,3213,3,21559,796279623,-321,-3513
6002,3214,0,21560,797138616,628,-12016
6002,3214,1,21561,797997609,-110,1626
6002,3214,2,21562,798856602,-2694,2137
6002,3214,3,21563,799715595,-2529,-1302
6002,3215,0,21564,800574588,-3667,1653
6002,3215,1,21565,801433581,-1278,-1112
6002,3215,2,21566,802292574,78,3110
6002,3215,3,21567,803151567,-3850,1879
6002,3216,0,21568,804010560,2924,555
6002,3216,1,21569,804869553,1547,2747
6002,3216,2,21570,805728546,-6708,-844
6002,3216,3,21571,806587539,-2339,1070
6002,3217,0,21572,807446532,-422,-533
6002,3217,1,21573,808305525,2331,-3753
6002,3217,2,21574,809164518,2385,-2860
6002,3217,3,21575,810023511,-1112,-3679
6002,3218,0,21576,810882504,3734,-1751
6002,3218,1,21577,811741497,162,-3313
6002,3218,2,21578,812600490,-4685,-2341
6002,3218,3,21579,813459483,-45,781
6002,3219,0,21580,814318476,1506,-2778
6002,3219,1,21581,815177469,3672,-1649
6002,3219,2,21582,816036462,7018,483
6002,3219,3,21583,816895455,3367,3058
6002,3220,0,21584,817754448,-2519,4168
6002,3220,1,21585,818613441,1399,-3387
6002,3220,2,21586,819472434,3146,-1687
6002,3220,3,21587,820331427,-158,5212
6002,3221,0,21588,821190420,6739,3687
6002,3221,1,21589,822049413,4753,2085
6002,3221,2,21590,822908406,1186,1133
6002,3221,3,21591,823767399,4682,1630
6002,3222,0,21592,824626392,-6472,2277
6002,3222,1,21593,825485385,-5801,-94
6002,3222,2,21594,826344378,4251,-1131
6002,3222,3,21595,827203371,3183,-3578
6002,3223,0,21596,828062364,5222,-2512
6002,3223,1,21597,828921357,-623,5745
6002,3223,2,21598,829780350,34,4963
6002,3223,3,21599,830639343,7110,-538
6002,3224,0,21600,831498336,-2605,3382
6002,3224,1,21601,832357329,-222,5330
6002,3224,2,21602,833216322,6462,767
6002,3224,3,21603,834075315,-1094,-4033
6002,3225,0,21604,834934308,-3898,-4732
6002,3225,1,21605,835793301,-3706,-1814
6002,3225,2,21606,836652294,189,-4298
6002,3225,3,21607,837511287,5132,-3025
6002,3226,0,21608,838370280,4303,3550
6002,3226,1,21609,839229273,1689,2529
6002,3226,2,21610,840088266,-1208,-587
6002,3226,3,21611,840947259,-1381,-5207
6002,3227,0,21612,841806252,-2687,-3089
6002,3227,1,21613,842665245,2749,4360
6002,3227,2,21614,843524238,8264,-994
6002,3227,3,21615,844383231,-511,-3186
6002,3228,0,21616,845242224,824,2157
6002,3228,1,21617,846101217,3324,5185
6002,3228,2,21618,846960210,-467,3352
6002,3228,3,21619,847819203,9599,-5458
6002,3229,0,21620,848678196,5609,-2293
6002,3229,1,21621,849537189,-6151,146
6002,3229,2,21622,850396182,-2114,-7124
6002,3229,3,21623,851255175,-5705,-1745
6002,3230,0,21624,852114168,-6007,4790
6002,3230,1,21625,852973161,2225,6458
6002,3230,2,21626,853832154,-1453,-1946
6002,3230,3,21627,854691147,-4994,-9668
6002,3231,0,21628,855550140,-3048,3568
6002,3231,1,21629,856409133,-694,4282
6002,3231,2,21630,857268126,1689,-473
6002,3231,3,21631,858127119,-694,2884
6002,3232,0,21632,858986112,20,-3399
6002,3232,1,21633,859845105,3681,1282
6002,3232,2,21634,860704098,-469,1640
6002,3232,3,21635,861563091,-1696,-5280
6002,3233,0,21636,862422084,281,1442
6002,3233,1,21637,863281077,-7078,1074
6002,3233,2,21638,864140070,-5545,6115
6002,3233,3,21639,864999063,4319,11169
6002,3234,0,21640,865858056,-1147,864
6002,3234,1,21641,866717049,-4573,-1780
6002,3234,2,21642,867576042,1484,-4923
6002,3234,3,21643,868435035,256,-1762
6002,3235,0,21644,869294028,-4209,7564
6002,3235,1,21645,870153021,-4586,-43
6002,3235,2,21646,871012014,3803,-1527
6002,3235,3,21647,871871007,4020,2386
6002,3236,0,21648,872730000,-7095,-2917
6002,3236,1,21649,873588993,590,1070
6002,3236,2,21650,874447986,4802,5672
6002,3236,3,21651,875306979,-4961,-723
6002,3237,0,21652,876165972,1104,-2018
6002,3237,1,21653,877024965,4466,920
6002,3237,2,21654,877883958,646,-1131
6002,3237,3,21655,878742951,622,-1158
6002,3238,0,21656,879601944,-557,-48
6002,3238,1,21657,880460937,5589,284
6002,3238,2,21658,881319930,4518,-642
6002,3238,3,21659,882178923,1597,-5848
6002,3239,0,21660,883037916,6364,-893
6002,3239,1,21661,883896909,-6325,4745
6002,3239,2,21662,884755902,-11316,-1311
6002,3239,3,21663,885614895,977,-1415
6002,3240,0,21664,886473888,228,-1357
6002,3240,1,21665,887332881,-2309,267
6002,3240,2,21666,888191874,-1934,4629
6002,3240,3,21667,889050867,1625,17
6002,3241,0,21668,889909860,7361,3248
6002,3241,1,21669,890768853,1587,3724
6002,3241,2,21670,891627846,-489,-2595
6002,3241,3,21671,892486839,1693,6969
6002,3242,0,21672,893345832,75,10441
6002,3242,1,21673,894204825,1144,2402
6002,3242,2,21674,895063818,-2888,2715
6002,3242,3,21675,895922811,-1260,4532
6002,3243,0,21676,896781804,6817,1104
6002,3243,1,21677,897640797,1298,-931
6002,3243,2,21678,898499790,-3604,2161
6002,3243,3,21679,899358783,-745,1134
6002,3244,0,21680,900217776,-2763,-1206
6002,3244,1,21681,901076769,-3418,-1338
6002,3244,2,21682,901935762,-79,-3326
6002,3244,3,21683,902794755,-1363,3033
6002,3245,0,21684,903653748,-2808,6134
6002,3245,1,21685,904512741,-431,1575
6002,3245,2,21686,905371734,-922,3167
6002,3245,3,21687,906230727,1460,-1572
6002,3246,0,21688,907089720,4991,-5007
6002,3246,1,21689,907948713,-1587,1092
6002,3246,2,21690,908807706,-1916,-1416
6002,3246,3,21691,909666699,7697,-4399
6002,3247,0,21692,910525692,5911,934
6002,3247,1,21693,911384685,-2239,408
6002,3247,2,21694,912243678,-3797,-4587
6002,3247,3,21695,913102671,-3234,-1649
6002,3248,0,21696,913961664,45,480
6002,3248,1,21697,914820657,4619,1703
6002,3248,2,21698,915679650,-2269,9613
6002,3248,3,21699,916538643,-8326,3332
6002,3249,0,21700,917397636,-485,-7970
6002,3249,1,21701,918256629,2083,-563
6002,3249,2,21702,919115622,3684,6059
6002,3249,3,21703,919974615,8527,1075
6002,3250,0,21704,920833608,-771,-4395
6002,3250,1,21705,921692601,-6725,-295
6002,3250,2,21706,922551594,-2777,1467
6002,3250,3,21707,923410587,-3752,-5877
6002,3251,0,21708,924269580,-4114,-81
6002,3251,1,21709,925128573,-2888,2839
6002,3251,2,21710,925987566,583,-2032
6002,3251,3,21711,926846559,2215,6728
6002,3252,0,21712,927705552,133,4562
6002,3252,1,21713,928564545,3224,-3112
6002,3252,2,21714,929423538,1790,1121
6002,3252,3,21715,930282531,-641,-606
6002,3253,0,21716,931141524,2177,420
6002,3253,1,21717,932000517,452,2259
6002,3253,2,21718,932859510,2504,-5300
6002,3253,3,21719,933718503,3511,-6712
6002,3254,0,21720,934577496,-3259,-2977
6002,3254,1,21721,935436489,-4806,-1121
6002,3254,2,21722,936295482,396,769
6002,3254,3,21723,937154475,4578,941
6002,3255,0,21724,938013468,-3706,323
6002,3255,1,21725,938872461,-7925,3374
6002,3255,2,21726,939731454,4005,5852
6002,3255,3,21727,940590447,1747,-821
6002,3256,0,21728,941449440,-5924,-5302
6002,3256,1,21729,942308433,-2462,2559
6002,3256,2,21730,943167426,-2598,7046
6002,3256,3,21731,944026419,-1041,759
6002,3257,0,21732,944885412,-2845,-3670
6002,3257,1,21733,945744405,-5572,-1852
6002,3257,2,21734,946603398,2585,214
6002,3257,3,21735,947462391,3899,-700
6002,3258,0,21736,948321384,-1201,-1944
6002,3258,1,21737,949180377,-5182,1698
6002,3258,2,21738,950039370,-4393,2988
6002,3258,3,21739,950898363,1482,1302
6002,3259,0,21740,951757356,-4615,6232
6002,3259,1,21741,952616349,-3714,2516
6002,3259,2,21742,953475342,5195,-4810
6002,3259,3,21743,954334335,-2907,1811
6002,3260,0,21744,955193328,-41,2269
6002,3260,1,21745,956052321,8374,-3556
6002,3260,2,21746,956911314,718,-4505
6002,3260,3,21747,957770307,-1041,-1423
6002,3261,0,21748,958629300,-5886,3487
6002,3261,1,21749,959488293,-10962,-3533
6002,3261,2,21750,960347286,-1868,-3907
6002,3261,3,21751,961206279,298,4526
6002,3262,0,21752,962065272,1167,-856
6002,3262,1,21753,962924265,5827,-112
6002,3262,2,21754,963783258,1698,2578
6002,3262,3,21755,964642251,-1727,2029
6002,3263,0,21756,965501244,-3536,7242
6002,3263,1,21757,966360237,-5290,-119
6002,3263,2,21758,967219230,-1167,-2388
6002,3263,3,21759,968078223,1511,1557
6002,3264,0,21760,968937216,779,-4317
6002,3264,1,21761,969796209,620,2567
6002,3264,2,21762,970655202,-402,6309
6002,3264,3,21763,971514195,2848,-875
6002,3265,0,21764,972373188,6781,2704
6002,3265,1,21765,973232181,-1422,2431
6002,3265,2,21766,974091174,-4175,-1381
6002,3265,3,21767,974950167,5864,2338
6002,3266,0,21768,975809160,3440,-259
6002,3266,1,21769,976668153,330,-7983
6002,3266,2,21770,977527146,5740,-5821
6002,3266,3,21771,978386139,733,-2741
6002,3267,0,21772,979245132,-2226,-5841
6002,3267,1,21773,980104125,2940,-2518
6002,3267,2,21774,980963118,6953,-2557
6002,3267,3,21775,981822111,7720,-4418
6002,3268,0,21776,982681104,490,3098
6002,3268,1,21777,983540097,-2052,-770
6002,3268,2,21778,984399090,857,-2374
6002,3268,3,21779,985258083,128,6967
6002,3269,0,21780,986117076,2257,-821
6002,3269,1,21781,986976069,716,-4994
6002,3269,2,21782,987835062,-3794,2833
6002,3269,3,21783,988694055,-3935,-2134
6002,3270,0,21784,989553048,712,-4071
6002,3270,1,21785,990412041,6540,3490
6002,3270,2,21786,991271034,7,395
6002,3270,3,21787,992130027,-1891,-6278
6002,3271,0,21788,992989020,6413,564
6002,3271,1,21789,993848013,1531,7428
6002,3271,2,21790,994707006,-1174,-778
6002,3271,3,21791,995565999,-2173,-6178
6002,3272,0,21792,996424992,-7402,-1615
6002,3272,1,21793,997283985,3004,1312
6002,3272,2,21794,998142978,6604,7921
6002,3272,3,21795,999001971,-1384,9860
6002,3273,0,21796,999860964,-366,-3468
6002,3273,1,21797,1000719957,-1957,-6607
6002,3273,2,21798,1001578950,-170,-576
6002,3273,3,21799,1002437943,4374,-6784
6002,3274,0,21800,1003296936,-36,-5402
6002,3274,1,21801,1004155929,534,2999
6002,3274,2,21802,1005014922,2062,-2067
6002,3274,3,21803,1005873915,574,-3065
6002,3275,0,21804,1006732908,1012,3506
6002,3275,1,21805,1007591901,-2484,1464
6002,3275,2,21806,1008450894,-1357,-4329
6002,3275,3,21807,1009309887,266,-4411
6002,3276,0,21808,1010168880,-4401,-795
6002,3276,1,21809,1011027873,-1465,-364
6002,3276,2,21810,1011886866,2246,726
6002,3276,3,21811,1012745859,143,1983
6002,3277,0,21812,1013604852,579,-548
6002,3277,1,21813,1014463845,1895,1125
6002,3277,2,21814,1015322838,939,1177
6002,3277,3,21815,1016181831,-1844,-1339
6002,3278,0,21816,1017040824,-950,1672
6002,3278,1,21817,1017899817,-179,1926
6002,3278,2,21818,1018758810,-3534,2857
6002,3278,3,21819,1019617803,-316,4604
6002,3279,0,21820,1020476796,2197,-1960
6002,3279,1,21821,1021335789,-1077,-2048
6002,3279,2,21822,1022194782,-564,7119
6002,3279,3,21823,1023053775,906,5841
6002,3280,0,21824,1023912768,2304,-2889
6002,3280,1,21825,1024771761,3280,-3549
6002,3280,2,21826,1025630754,3964,22
6002,3280,3,21827,1026489747,605,386
6002,3281,0,21828,1027348740,-6581,-1593
6002,3281,1,21829,1028207733,-612,-3844
6002,3281,2,21830,1029066726,3550,-1311
6002,3281,3,21831,1029925719,-3021,2163
6002,3282,0,21832,1030784712,1312,452
6002,3282,1,21833,1031643705,4429,-845
6002,3282,2,21834,1032502698,539,2748
6002,3282,3,21835,1033361691,-2527,5212
6002,3283,0,21836,1034220684,-3795,-1550
6002,3283,1,21837,1035079677,4504,-4867
6002,3283,2,21838,1035938670,5572,-2116
6002,3283,3,21839,1036797663,455,-5384
6002,3284,0,21840,1037656656,3158,-581
6002,3284,1,21841,1038515649,633,3386
6002,3284,2,21842,1039374642,1885,-2309
6002,3284,3,21843,1040233635,4896,930
6002,3285,0,21844,1041092628,-3204,-138
6002,3285,1,21845,1041951621,-3385,-691
6002,3285,2,21846,1042810614,2057,3936
6002,3285,3,21847,1043669607,-483,-3150
6002,3286,0,21848,1044528600,-1014,-2010
6002,3286,1,21849,1045387593,2091,444
6002,3286,2,21850,1046246586,533,-5011
6002,3286,3,21851,1047105579,53,-964
6002,3287,0,21852,1047964572,1664,2243
6002,3287,1,21853,1048823565,-2609,4923
6002,3287,2,21854,1049682558,-5037,824
6002,3287,3,21855,1050541551,-4302,-5727
6002,3288,0,21856,1051400544,87,6449
6002,3288,1,21857,1052259537,5777,9127
6002,3288,2,21858,1053118530,15,426
6002,3288,3,21859,1053977523,2742,783
6002,3289,0,21860,1054836516,8432,-318
6002,3289,1,21861,1055695509,416,-2450
6002,3289,2,21862,1056554502,2069,-4925
6002,3289,3,21863,1057413495,-1112,-1763
6002,3290,0,21864,1058272488,-5450,2021
6002,3290,1,21865,1059131481,3740,-3448
6002,3290,2,21866,1059990474,651,-2694
6002,3290,3,21867,1060849467,602,-1791
6002,3291,0,21868,1061708460,-495,-389
6002,3291,1,21869,1062567453,-7843,3485
6002,3291,2,21870,1063426446,1797,-3203
6002,3291,3,21871,1064285439,1367,-1884
6002,3292,0,21872,1065144432,-883,2157
6002,3292,1,21873,1066003425,4960,-956
6002,3292,2,21874,1066862418,-3713,3771
6002,3292,3,21875,1067721411,-6069,3094
6002,3293,0,21876,1068580404,-4057,-426
6002,3293,1,21877,1069439397,-1077,1543
6002,3293,2,21878,1070298390,5177,-1763
6002,3293,3,21879,1071157383,1740,-1602
6002,3294,0,21880,1072016376,4373,4930
6002,3294,1,21881,1072875369,-38,3728
6002,3294,2,21882,1073734362,-8348,-6676
6002,3294,3,21883,1074593355,1503,-5675
6002,3295,0,21884,1075452348,1215,2176
6002,3295,1,21885,1076311341,-2067,-4541
6002,3295,2,21886,1077170334,1660,-4585
6002,3295,3,21887,1078029327,-3337,1042
6002,3296,0,21888,1078888320,-2912,-2565
6002,3296,1,21889,1079747313,-833,2845
6002,3296,2,21890,1080606306,-3548,4309
6002,3296,3,21891,1081465299,-502,-1818
6002,3297,0,21892,1082324292,1263,1949
6002,3297,1,21893,1083183285,-3719,1908
6002,3297,2,21894,1084042278,-2286,-3760
6002,3297,3,21895,1084901271,5393,-5917
6002,3298,0,21896,1085760264,84,-3573
6002,3298,1,21897,1086619257,-3463,-541
6002,3298,2,21898,1087478250,4134,-1614
6002,3298,3,21899,1088337243,2733,-1346
6002,3299,0,21900,1089196236,1989,-3545
6002,3299,1,21901,1090055229,816,-3594
6002,3299,2,21902,1090914222,-5431,1631
6002,3299,3,21903,1091773215,-1371,-1080
6002,3300,0,21904,1092632208,2117,-513
6002,3300,1,21905,1093491201,794,1002
6002,3300,2,21906,1094350194,49,-5353
6002,3300,3,21907,1095209187,-553,-2204
6002,3301,0,21908,1096068180,1233,406
6002,3301,1,21909,1096927173,-2928,-4537
6002,3301,2,21910,1097786166,-6656,-2372
6002,3301,3,21911,1098645159,-1441,1586
6002,3302,0,21912,1099504152,3080,2788
6002,3302,1,21913,1100363145,220,2805
6002,3302,2,21914,1101222138,-3233,649
6002,3302,3,21915,1102081131,3029,-15
6002,3303,0,21916,1102940124,4888,2446
6002,3303,1,21917,1103799117,-90,-2280
6002,3303,2,21918,1104658110,12,-12520
6002,3303,3,21919,1105517103,-3076,-6222
6002,3304,0,21920,1106376096,-603,2680
6002,3304,1,21921,1107235089,5369,300
6002,3304,2,21922,1108094082,-519,2911
6002,3304,3,21923,1108953075,-4039,-986
6002,3305,0,21924,1109812068,-2404,-2961
6002,3305,1,21925,1110671061,-2454,6215
6002,3305,2,21926,1111530054,-1841,2541
6002,3305,3,21927,1112389047,841,3567
6002,3306,0,21928,1113248040,2542,8317
6002,3306,1,21929,1114107033,-1082,341
6002,3306,2,21930,1114966026,-53,1489
6002,3306,3,21931,1115825019,1827,2064
6002,3307,0,21932,1116684012,-2923,689
6002,3307,1,21933,1117543005,-2946,7883
6002,3307,2,21934,1118401998,-380,4556
6002,3307,3,21935,1119260991,103,-1659
6002,3308,0,21936,1120119984,-1128,-447
6002,3308,1,21937,1120978977,1261,1027
6002,3308,2,21938,1121837970,4483,-3046
6002,3308,3,21939,1122696963,-1720,-8197
6002,3309,0,21940,1123555956,674,-1976
6002,3309,1,21941,1124414949,3681,74
6002,3309,2,21942,1125273942,-3846,-458
6002,3309,3,21943,1126132935,1334,2026
6002,3310,0,21944,1126991928,2928,-6366
6002,3310,1,21945,1127850921,306,-1800
6002,3310,2,21946,1128709914,6426,3061
6002,3310,3,21947,1129568907,1742,-6607
6002,3311,0,21948,1130427900,1578,1989
6002,3311,1,21949,1131286893,7059,2774
6002,3311,2,21950,1132145886,1975,-3987
6002,3311,3,21951,1133004879,-1155,9342
6002,3312,0,21952,1133863872,-3988,7276
6002,3312,1,21953,1134722865,-4873,-3329
6002,3312,2,21954,1135581858,-4373,-1506
6002,3312,3,21955,1136440851,-2827,-624
6002,3313,0,21956,1137299844,4561,2286
6002,3313,1,21957,1138158837,-994,290
6002,3313,2,21958,1139017830,-5343,-5156
6002,3313,3,21959,1139876823,1715,-3494
6002,3314,0,21960,1140735816,-3553,-626
6002,3314,1,21961,1141594809,-3543,-443
6002,3314,2,21962,1142453802,2455,-4411
6002,3314,3,21963,1143312795,-3016,-4112
6002,3315,0,21964,1144171788,2253,-1036
6002,3315,1,21965,1145030781,9289,-301
6002,3315,2,21966,1145889774,-1847,3792
6002,3315,3,21967,1146748767,-6770,-62
6002,3316,0,21968,1147607760,-616,-5772
6002,3316,1,21969,1148466753,-323,-2944
6002,3316,2,21970,1149325746,988,-1573
6002,3316,3,21971,1150184739,3055,2502
6002,3317,0,21972,1151043732,-1862,781
6002,3317,1,21973,1151902725,-3276,-6109
6002,3317,2,21974,1152761718,-723,-1674
6002,3317,3,21975,1153620711,1399,408
6002,3318,0,21976,1154479704,2105,327
6002,3318,1,21977,1155338697,-1969,1777
6002,3318,2,21978,1156197690,1500,-1125
6002,3318,3,21979,1157056683,7889,3618
6002,3319,0,21980,1157915676,3643,1402
6002,3319,1,21981,1158774669,1341,-9825
6002,3319,2,21982,1159633662,1682,-2930
6002,3319,3,21983,1160492655,2593,5040
6002,3320,0,21984,1161351648,6079,551
6002,3320,1,21985,1162210641,1114,-2573
6002,3320,2,21986,1163069634,-3617,-5117
6002,3320,3,21987,1163928627,1065,-4101
6002,3321,0,21988,1164787620,3473,-380
6002,3321,1,21989,1165646613,1948,569
6002,3321,2,21990,1166505606,2331,1042
6002,3321,3,21991,1167364599,1442,-4549
6002,3322,0,21992,1168223592,-2821,-6896
6002,3322,1,21993,1169082585,-1479,2230
6002,3322,2,21994,1169941578,3564,622
6002,3322,3,21995,1170800571,2955,-7743
6002,3323,0,21996,1171659564,1494,-69
6002,3323,1,21997,1172518557,19,7635
6002,3323,2,21998,1173377550,-2030,1512
6002,3323,3,21999,1174236543,-4174,-4010
6002,3324,0,22000,1175095536,-4141,-4307
6002,3324,1,22001,1175954529,6270,-2317
6002,3324,2,22002,1176813522,11236,492
6002,3324,3,22003,1177672515,5152,-2360
6002,3325,0,22004,1178531508,2431,-6427
6002,3325,1,22005,1179390501,-4051,-3948
6002,3325,2,22006,1180249494,-4406,785
6002,3325,3,22007,1181108487,5375,3692
6002,3326,0,22008,1181967480,3973,828
6002,3326,1,22009,1182826473,1217,-4215
6002,3326,2,22010,1183685466,1855,-3034
6002,3326,3,22011,1184544459,-2056,-2204
6002,3327,0,22012,1185403452,-1954,-1849
6002,3327,1,22013,1186262445,652,448
6002,3327,2,22014,1187121438,1729,-2898
6002,3327,3,22015,1187980431,-917,-3248
6002,3328,0,22016,1188839424,-2955,2058
6002,3328,1,22017,1189698417,2728,1987
6002,3328,2,22018,1190557410,3318,-617
6002,3328,3,22019,1191416403,-194,-767
6002,3329,0,22020,1192275396,1056,2475
6002,3329,1,22021,1193134389,1354,2693
6002,3329,2,22022,1193993382,3489,-687
6002,3329,3,22023,1194852375,4375,321
6002,3330,0,22024,1195711368,602,-4014
6002,3330,1,22025,1196570361,-1597,-6322
6002,3330,2,22026,1197429354,-2265,3860
6002,3330,3,22027,1198288347,2297,5169
6002,3331,0,22028,1199147340,6871,-50
6002,3331,1,22029,1200006333,4001,-4013
6002,3331,2,22030,1200865326,3437,-10709
6002,3331,3,22031,1201724319,4348,-5076
6002,3332,0,22032,1202583312,2603,5378
6002,3332,1,22033,1203442305,2313,5307
6002,3332,2,22034,1204301298,-2123,1380
6002,3332,3,22035,1205160291,-7154,-2667
6002,3333,0,22036,1206019284,584,-1377
6002,3333,1,22037,1206878277,8287,-84
6002,3333,2,22038,1207737270,653,-3559
6002,3333,3,22039,1208596263,-2605,613
6002,3334,0,22040,1209455256,5488,5039
6002,3334,1,22041,1210314249,4767,227
6002,3334,2,22042,1211173242,-169,-2548
6002,3334,3,22043,1212032235,142,-2025
6002,3335,0,22044,1212891228,1561,-3125
6002,3335,1,22045,1213750221,4216,424
6002,3335,2,22046,1214609214,3544,5168
6002,3335,3,22047,1215468207,2800,-152
6002,3336,0,22048,1216327200,1593,-5892
6002,3336,1,22049,1217186193,-3827,-4180
6002,3336,2,22050,1218045186,3332,-561
6002,3336,3,22051,1218904179,9680,2152
6002,3337,0,22052,1219763172,-51,-3903
6002,3337,1,22053,1220622165,-656,-8655
6002,3337,2,22054,1221481158,1575,-1016
6002,3337,3,22055,1222340151,-2350,1230
6002,3338,0,22056,1223199144,423,-2087
6002,3338,1,22057,1224058137,103,-1453
6002,3338,2,22058,1224917130,1319,1259
6002,3338,3,22059,1225776123,4592,5192
6002,3339,0,22060,1226635116,-1378,1475
6002,3339,1,22061,1227494109,-1286,-3733
6002,3339,2,22062,1228353102,1818,-381
6002,3339,3,22063,1229212095,2649,1325
6002,3340,0,22064,1230071088,5200,2581
6002,3340,1,22065,1230930081,-2291,6371
6002,3340,2,22066,1231789074,-4197,416
6002,3340,3,22067,1232648067,3506,-8607
6002,3341,0,22068,1233507060,1753,-1754
6002,3341,1,22069,1234366053,2810,4255
6002,3341,2,22070,1235225046,4989,-772
6002,3341,3,22071,1236084039,-814,3476
6002,3342,0,22072,1236943032,-646,3549
6002,3342,1,22073,1237802025,3872,-396
6002,3342,2,22074,1238661018,2981,6800
6002,3342,3,22075,1239520011,-616,831
6002,3343,0,22076,1240379004,-561,-5071
6002,3343,1,22077,1241237997,-395,2868
6002,3343,2,22078,1242096990,-105,4624
6002,3343,3,22079,1242955983,1431,5725
6002,3344,0,22080,1243814976,-8208,1215
6002,3344,1,22081,1244673969,-9162,-2158
6002,3344,2,22082,1245532962,4425,-469
6002,3344,3,22083,1246391955,-153,-7583
6002,3345,0,22084,1247250948,-1318,-2170
6002,3345,1,22085,1248109941,6801,658
6002,3345,2,22086,1248968934,-641,-7089
6002,3345,3,22087,1249827927,1794,337
6002,3346,0,22088,1250686920,6986,-537
6002,3346,1,22089,1251545913,-1437,-1955
6002,3346,2,22090,1252404906,-906,3766
6002,3346,3,22091,1253263899,1208,-3478
6002,3347,0,22092,1254122892,2087,54
6002,3347,1,22093,1254981885,7091,4457
6002,3347,2,22094,1255840878,4413,-3148
6002,3347,3,22095,1256699871,-525,-1539
6002,3348,0,22096,1257558864,28,1213
6002,3348,1,22097,1258417857,1592,479
6002,3348,2,22098,1259276850,-4405,-1225
6002,3348,3,22099,1260135843,-8416,28
6002,3349,0,22100,1260994836,-1661,2502
6002,3349,1,22101,1261853829,-1301,-2429
6002,3349,2,22102,1262712822,-1415,-467
6002,3349,3,22103,1263571815,-695,896
6002,3350,0,22104,1264430808,-6918,-5270
6002,3350,1,22105,1265289801,-3054,-2027
6002,3350,2,22106,1266148794,-3022,845
6002,3350,3,22107,1267007787,-6680,145
6002,3351,0,22108,1267866780,1942,3282
6002,3351,1,22109,1268725773,-477,4130
6002,3351,2,22110,1269584766,-2910,-523
6002,3351,3,22111,1270443759,1582,-5140
6002,3352,0,22112,1271302752,-2723,-364
6002,3352,1,22113,1272161745,4768,5044
6002,3352,2,22114,1273020738,11746,4333
6002,3352,3,22115,1273879731,2107,875
6002,3353,0,22116,1274738724,-597,-5433
6002,3353,1,22117,1275597717,1065,-2836
6002,3353,2,22118,1276456710,-1730,2807
6002,3353,3,22119,1277315703,-2554,-1180
6002,3354,0,22120,1278174696,-1546,-3856
6002,3354,1,22121,1279033689,-1988,802
6002,3354,2,22122,1279892682,-85,7065
6002,3354,3,22123,1280751675,3239,4320
6002,3355,0,22124,1281610668,47,-1297
6002,3355,1,22125,1282469661,1875,1284
6002,3355,2,22126,1283328654,5037,1812
6002,3355,3,22127,1284187647,-664,-1092
6002,3356,0,22128,1285046640,1216,-1808
6002,3356,1,22129,1285905633,537,1660
6002,3356,2,22130,1286764626,-3415,4528
6002,3356,3,22131,1287623619,3654,481
6002,3357,0,22132,1288482612,4015,-636
6002,3357,1,22133,1289341605,2211,-2096
6002,3357,2,22134,1290200598,2948,-3317
6002,3357,3,22135,1291059591,-694,3435
6002,3358,0,22136,1291918584,3380,1161
6002,3358,1,22137,1292777577,7421,-3005
6002,3358,2,22138,1293636570,2733,3449
6002,3358,3,22139,1294495563,-3080,2826
6002,3359,0,22140,1295354556,-1390,-1860
6002,3359,1,22141,1296213549,1531,1102
6002,3359,2,22142,1297072542,-5272,1832
6002,3359,3,22143,1297931535,-2957,-206
6002,3360,0,22144,1298790528,1395,3622
6002,3360,1,22145,1299649521,-2135,2768
6002,3360,2,22146,1300508514,4876,34
6002,3360,3,22147,1301367507,3542,3515
6002,3361,0,22148,1302226500,-1619,-1895
6002,3361,1,22149,1303085493,5844,559
6002,3361,2,22150,1303944486,3365,10146
6002,3361,3,22151,1304803479,-3510,-1258
6002,3362,0,22152,1305662472,-3106,-5812
6002,3362,1,22153,1306521465,2106,-1076
6002,3362,2,22154,1307380458,3450,-4243
6002,3362,3,22155,1308239451,-1821,475
6002,3363,0,22156,1309098444,-1008,3953
6002,3363,1,22157,1309957437,-5008,4619
6002,3363,2,22158,1310816430,-4825,2174
6002,3363,3,22159,1311675423,2618,-4320
6002,3364,0,22160,1312534416,-2330,80
6002,3364,1,22161,1313393409,2241,-629
6002,3364,2,22162,1314252402,3627,-574
6002,3364,3,22163,1315111395,-5990,6147
6002,3365,0,22164,1315970388,193,599
6002,3365,1,22165,1316829381,1889,57
6002,3365,2,22166,1317688374,2753,324
6002,3365,3,22167,1318547367,4532,-2311
6002,3366,0,22168,1319406360,-3786,4410
6002,3366,1,22169,1320265353,1268,1654
6002,3366,2,22170,1321124346,5337,-231
6002,3366,3,22171,1321983339,2442,460
6002,3367,0,22172,1322842332,3224,-7797
6002,3367,1,22173,1323701325,217,-2843
6002,3367,2,22174,1324560318,-394,-162
6002,3367,3,22175,1325419311,-6555,-8585
6002,3368,0,22176,1326278304,-6018,-2319
6002,3368,1,22177,1327137297,3878,6022
6002,3368,2,22178,1327996290,-2520,4438
6002,3368,3,22179,1328855283,-5522,739
6002,3369,0,22180,1329714276,-1526,-2339
6002,3369,1,22181,1330573269,923,285
6002,3369,2,22182,1331432262,4884,1239
6002,3369,3,22183,1332291255,309,-2115
6002,3370,0,22184,1333150248,1533,1649
6002,3370,1,22185,1334009241,2787,1546
6002,3370,2,22186,1334868234,-2978,-3295
6002,3370,3,22187,1335727227,-526,3415
6002,3371,0,22188,1336586220,-983,3053
6002,3371,1,22189,1337445213,826,-4915
6002,3371,2,22190,1338304206,2819,-967
6002,3371,3,22191,1339163199,-2956,-1769
6002,3372,0,22192,1340022192,1641,-2760
6002,3372,1,22193,1340881185,5207,1441
6002,3372,2,22194,1341740178,3918,-4491
6002,3372,3,22195,1342599171,6128,-2536
6002,3373,0,22196,1343458164,137,4098
6002,3373,1,22197,1344317157,-5764,561
6002,3373,2,22198,1345176150,-2390,-1459
6002,3373,3,22199,1346035143,2330,-3861
6002,3374,0,22200,1346894136,31,-1387
6002,3374,1,22201,1347753129,-3077,2083
6002,3374,2,22202,1348612122,2461,-2875
6002,3374,3,22203,1349471115,3393,1907
6002,3375,0,22204,1350330108,-790,6725
6002,3375,1,22205,1351189101,-152,-701
6002,3375,2,22206,1352048094,1354,-3725
6002,3375,3,22207,1352907087,4467,-1845
6002,3376,0,22208,1353766080,3509,-1158
6002,3376,1,22209,1354625073,-5164,-2876
6002,3376,2,22210,1355484066,-6872,-1941
6002,3376,3,22211,1356343059,1547,1721
6002,3377,0,22212,1357202052,2601,-1381
6002,3377,1,22213,1358061045,-4428,-1301
6002,3377,2,22214,1358920038,-3906,2323
6002,3377,3,22215,1359779031,-1869,-501
6002,3378,0,22216,1360638024,-1898,311
6002,3378,1,22217,1361497017,616,2194
6002,3378,2,22218,1362356010,-778,-1289
6002,3378,3,22219,1363215003,-398,-2168
6002,3379,0,22220,1364073996,715,-353
6002,3379,1,22221,1364932989,-1810,-822
6002,3379,2,22222,1365791982,99,-2358
6002,3379,3,22223,1366650975,-167,1500
6002,3380,0,22224,1367509968,-781,4403
6002,3380,1,22225,1368368961,4229,1282
6002,3380,2,22226,1369227954,3589,2775
6002,3380,3,22227,1370086947,-2235,1822
6002,3381,0,22228,1370945940,-2937,-2165
6002,3381,1,22229,1371804933,3073,525
6002,3381,2,22230,1372663926,2654,-1217
6002,3381,3,22231,1373522919,-2628,-1542
6002,3382,0,22232,1374381912,5054,1909
6002,3382,1,22233,1375240905,7880,-1748
6002,3382,2,22234,1376099898,481,360
6002,3382,3,22235,1376958891,5517,4128
6002,3383,0,22236,1377817884,3125,1547
6002,3383,1,22237,1378676877,-9728,-2123
6002,3383,2,22238,1379535870,-5137,-8942
6002,3383,3,22239,1380394863,-188,-3272
6002,3384,0,22240,1381253856,-1054,7503
6002,3384,1,22241,1382112849,5040,4182
6002,3384,2,22242,1382971842,323,1371
6002,3384,3,22243,1383830835,-6435,-4013
6002,3385,0,22244,1384689828,1696,-6210
6002,3385,1,22245,1385548821,5232,3952
6002,3385,2,22246,1386407814,-368,-144
6002,3385,3,22247,1387266807,-1004,-7345
6002,3386,0,22248,1388125800,4065,745
6002,3386,1,22249,1388984793,636,4431
6002,3386,2,22250,1389843786,-3973,2576
6002,3386,3,22251,1390702779,4932,1062
6002,3387,0,22252,1391561772,1553,-1831
6002,3387,1,22253,1392420765,-6490,-2537
6002,3387,2,22254,1393279758,2524,20
6002,3387,3,22255,1394138751,10,2192
6002,3388,0,22256,1394997744,-2735,-1535
6002,3388,1,22257,1395856737,6823,-5707
6002,3388,2,22258,1396715730,4811,-5633
6002,3388,3,22259,1397574723,3381,-1884
6002,3389,0,22260,1398433716,4706,4114
6002,3389,1,22261,1399292709,2825,264
6002,3389,2,22262,1400151702,7451,-3364
6002,3389,3,22263,1401010695,7602,2460
6002,3390,0,22264,1401869688,1437,-3137
6002,3390,1,22265,1402728681,-158,-6311
6002,3390,2,22266,1403587674,-154,4395
6002,3390,3,22267,1404446667,-2773,491
6002,3391,0,22268,1405305660,-183,-7298
6002,3391,1,22269,1406164653,1809,-2367
6002,3391,2,22270,1407023646,-6056,-1812
6002,3391,3,22271,1407882639,-2192,-1472
6002,3392,0,22272,1408741632,4319,767
6002,3392,1,22273,1409600625,-936,-1957
6002,3392,2,22274,1410459618,1834,1923
6002,3392,3,22275,1411318611,-1724,5002
6002,3393,0,22276,1412177604,-8019,803
6002,3393,1,22277,1413036597,-2503,916
6002,3393,2,22278,1413895590,-1829,-2487
6002,3393,3,22279,1414754583,2127,-5427
6002,3394,0,22280,1415613576,1208,-798
6002,3394,1,22281,1416472569,-4141,-1850
6002,3394,2,22282,1417331562,3016,3108
6002,3394,3,22283,1418190555,-490,11507
6002,3395,0,22284,1419049548,-5313,4310
6002,3395,1,22285,1419908541,974,1470
6002,3395,2,22286,1420767534,4475,890
6002,3395,3,22287,1421626527,6241,-6619
6002,3396,0,22288,1422485520,-2143,-749
6002,3396,1,22289,1423344513,-2707,2098
6002,3396,2,22290,1424203506,6314,-3203
6002,3396,3,22291,1425062499,-3648,2610
6002,3397,0,22292,1425921492,-7446,2166
6002,3397,1,22293,1426780485,-707,-1841
6002,3397,2,22294,1427639478,-4326,3083
6002,3397,3,22295,1428498471,-3391,4271
6002,3398,0,22296,1429357464,1406,1801
6002,3398,1,22297,1430216457,2009,-3414
6002,3398,2,22298,1431075450,696,-2498
6002,3398,3,22299,1431934443,-196,5869
6002,3399,0,22300,1432793436,2454,3941
6002,3399,1,22301,1433652429,-1073,712
6002,3399,2,22302,1434511422,-7510,-8
6002,3399,3,22303,1435370415,-3254,1421
6002,3400,0,22304,1436229408,2917,7395
6002,3400,1,22305,1437088401,1376,-1354
6002,3400,2,22306,1437947394,-4099,-5787
6002,3400,3,22307,1438806387,-5915,6262
6002,3401,0,22308,1439665380,-1589,3363
6002,3401,1,22309,1440524373,706,-4620
6002,3401,2,22310,1441383366,-584,-638
6002,3401,3,22311,1442242359,-616,4896
6002,3402,0,22312,1443101352,1661,4090
6002,3402,1,22313,1443960345,7514,-964
6002,3402,2,22314,1444819338,5840,-509
6002,3402,3,22315,1445678331,-1962,-1208
6002,3403,0,22316,1446537324,362,-2188
6002,3403,1,22317,1447396317,346,811
6002,3403,2,22318,1448255310,-430,-2067
6002,3403,3,22319,1449114303,4037,-1944
6002,3404,0,22320,1449973296,-4232,-1707
6002,3404,1,22321,1450832289,-5542,-4412
6002,3404,2,22322,1451691282,2108,158
6002,3404,3,22323,1452550275,-3665,1723
6002,3405,0,22324,1453409268,-1351,3887
6002,3405,1,22325,1454268261,4210,5558
6002,3405,2,22326,1455127254,-2339,2095
6002,3405,3,22327,1455986247,-2057,6410
6002,3406,0,22328,1456845240,3854,2248
6002,3406,1,22329,1457704233,1951,-8370
6002,3406,2,22330,1458563226,-4404,-5558
6002,3406,3,22331,1459422219,1251,-1758
6002,3407,0,22332,1460281212,7307,3220
6002,3407,1,22333,1461140205,-6014,6652
6002,3407,2,22334,1461999198,-9803,-1207
6002,3407,3,22335,1462858191,6,-4923
6002,3408,0,22336,1463717184,-434,-209
6002,3408,1,22337,1464576177,424,3606
6002,3408,2,22338,1465435170,2984,5153
6002,3408,3,22339,1466294163,-1160,1959
6002,3409,0,22340,1467153156,1175,-5868
6002,3409,1,22341,1468012149,6796,-5692
6002,3409,2,22342,1468871142,663,2289
6002,3409,3,22343,1469730135,-1575,1110
6002,3410,0,22344,1470589128,6428,-2943
6002,3410,1,22345,1471448121,1981,-824
6002,3410,2,22346,1472307114,-3290,-234
6002,3410,3,22347,1473166107,-1626,-142
6002,3411,0,22348,1474025100,-6727,505
6002,3411,1,22349,1474884093,-3318,226
6002,3411,2,22350,1475743086,3091,1228
6002,3411,3,22351,1476602079,68,3670
6002,3412,0,22352,1477461072,173,3010
6002,3412,1,22353,1478320065,-1322,306
6002,3412,2,22354,1479179058,-3278,2630
6002,3412,3,22355,1480038051,1324,-894
6002,3413,0,22356,1480897044,1330,-6776
6002,3413,1,22357,1481756037,-4687,-391
6002,3413,2,22358,1482615030,-3548,1766
6002,3413,3,22359,1483474023,-1855,-1906
6002,3414,0,22360,1484333016,-9766,-3694
6002,3414,1,22361,1485192009,-5948,-4006
6002,3414,2,22362,1486051002,2264,1359
6002,3414,3,22363,1486909995,-2942,-2780
6002,3415,0,22364,1487768988,-492,-8031
6002,3415,1,22365,1488627981,548,-1530
6002,3415,2,22366,1489486974,-5013,207
6002,3415,3,22367,1490345967,-1052,2073
6002,3416,0,22368,1491204960,1352,257
6002,3416,1,22369,1492063953,1666,-426
6002,3416,2,22370,1492922946,-2697,11067
6002,3416,3,22371,1493781939,-6645,4285
6002,3417,0,22372,1494640932,3046,-5658
6002,3417,1,22373,1495499925,6039,531
6002,3417,2,22374,1496358918,2170,-4014
6002,3417,3,22375,1497217911,1674,-5340
6002,3418,0,22376,1498076904,-149,539
6002,3418,1,22377,1498935897,1302,-181
6002,3418,2,22378,1499794890,1285,-214
6002,3418,3,22379,1500653883,687,-4507
6002,3419,0,22380,1501512876,2275,-335
6002,3419,1,22381,1502371869,-1044,4904
6002,3419,2,22382,1503230862,-3653,-6472
6002,3419,3,22383,1504089855,-799,-924
6002,3420,0,22384,1504948848,274,7667
6002,3420,1,22385,1505807841,-843,-4598
6002,3420,2,22386,1506666834,2752,-3037
6002,3420,3,22387,1507525827,-1551,4316
6002,3421,0,22388,1508384820,-8554,1323
6002,3421,1,22389,1509243813,1741,371
6002,3421,2,22390,1510102806,5132,317
6002,3421,3,22391,1510961799,82,4907
6002,3422,0,22392,1511820792,-1208,776
6002,3422,1,22393,1512679785,-8977,-7926
6002,3422,2,22394,1513538778,-7659,3079
6002,3422,3,22395,1514397771,-3463,6265
6002,3423,0,22396,1515256764,-1255,-764
6002,3423,1,22397,1516115757,4363,3423
6002,3423,2,22398,1516974750,-1701,-129
6002,3423,3,22399,1517833743,75,-3897
6002,3424,0,22400,1518692736,3194,1161
6002,3424,1,22401,1519551729,-2945,-349
6002,3424,2,22402,1520410722,1030,-1420
6002,3424,3,22403,1521269715,-4257,-835
6002,3425,0,22404,1522128708,-4404,1621
6002,3425,1,22405,1522987701,7335,8039
6002,3425,2,22406,1523846694,1321,2038
6002,3425,3,22407,1524705687,-5285,-4328
6002,3426,0,22408,1525564680,-6577,3971
6002,3426,1,22409,1526423673,-344,5956
6002,3426,2,22410,1527282666,5948,4455
6002,3426,3,22411,1528141659,-2271,5718
6002,3427,0,22412,1529000652,4097,-4465
6002,3427,1,22413,1529859645,8450,-7109
6002,3427,2,22414,1530718638,-3306,-725
6002,3427,3,22415,1531577631,-3709,-4916
6002,3428,0,22416,1532436624,-1737,-1522
6002,3428,1,22417,1533295617,2810,1585
6002,3428,2,22418,1534154610,3800,-7406
6002,3428,3,22419,1535013603,-3135,-4091
6002,3429,0,22420,1535872596,1965,3592
6002,3429,1,22421,1536731589,4404,3102
6002,3429,2,22422,1537590582,132,1337
6002,3429,3,22423,1538449575,-1785,-2461
6002,3430,0,22424,1539308568,-1836,-5267
6002,3430,1,22425,1540167561,4618,-3763
6002,3430,2,22426,1541026554,4096,1314
6002,3430,3,22427,1541885547,415,4106
6002,3431,0,22428,1542744540,3086,5298
6002,3431,1,22429,1543603533,3403,2425
6002,3431,2,22430,1544462526,1523,-6327
6002,3431,3,22431,1545321519,-5075,-1641
6002,3432,0,22432,1546180512,-4076,1269
6002,3432,1,22433,1547039505,2972,-6482
6002,3432,2,22434,1547898498,-4643,-1754
6002,3432,3,22435,1548757491,-5604,-1410
6002,3433,0,22436,1549616484,4168,-4026
6002,3433,1,22437,1550475477,4460,-1744
6002,3433,2,22438,1551334470,2536,-3595
6002,3433,3,22439,1552193463,-1925,5473
6002,3434,0,22440,1553052456,-4381,5280
6002,3434,1,22441,1553911449,96,-4956
6002,3434,2,22442,1554770442,-651,-1505
6002,3434,3,22443,1555629435,-306,-5182
6002,3435,0,22444,1556488428,-1119,-7600
6002,3435,1,22445,1557347421,-4943,-1661
6002,3435,2,22446,1558206414,2674,-2365
6002,3435,3,22447,1559065407,3663,-137
6002,3436,0,22448,1559924400,-4783,916
6002,3436,1,22449,1560783393,-1700,-4219
6002,3436,2,22450,1561642386,1982,-6750
6002,3436,3,22451,1562501379,2821,-2872
6002,3437,0,22452,1563360372,3128,-449
6002,3437,1,22453,1564219365,-748,-228
6002,3437,2,22454,1565078358,570,5206
6002,3437,3,22455,1565937351,3163,998
6002,3438,0,22456,1566796344,2938,-2894
6002,3438,1,22457,1567655337,3065,2320
6002,3438,2,22458,1568514330,3510,-1245
6002,3438,3,22459,1569373323,4329,-883
6002,3439,0,22460,1570232316,353,581
6002,3439,1,22461,1571091309,-1815,1822
6002,3439,2,22462,1571950302,-1536,6584
6002,3439,3,22463,1572809295,-2040,-2404
6002,3440,0,22464,1573668288,494,-2935
6002,3440,1,22465,1574527281,-3098,2959
6002,3440,2,22466,1575386274,-2889,-1153
6002,3440,3,22467,1576245267,600,1584
6002,3441,0,22468,1577104260,-2823,2866
6002,3441,1,22469,1577963253,344,2823
6002,3441,2,22470,1578822246,-2939,1785
6002,3441,3,22471,1579681239,-1563,-461
6002,3442,0,22472,1580540232,11487,3581
6002,3442,1,22473,1581399225,3183,1520
6002,3442,2,22474,1582258218,810,4042
6002,3442,3,22475,1583117211,5396,4950
6002,3443,0,22476,1583976204,-7402,821
6002,3443,1,22477,1584835197,-6007,5282
6002,3443,2,22478,1585694190,935,-3785
6002,3443,3,22479,1586553183,-1071,-4073
6002,3444,0,22480,1587412176,-227,6760
6002,3444,1,22481,1588271169,1631,-2415
6002,3444,2,22482,1589130162,2665,-1926
6002,3444,3,22483,1589989155,-5752,2533
6002,3445,0,22484,1590848148,-5259,-3470
6002,3445,1,22485,1591707141,4201,-1399
6002,3445,2,22486,1592566134,-2720,4686
6002,3445,3,22487,1593425127,-3214,4662
6002,3446,0,22488,1594284120,3749,-5601
6002,3446,1,22489,1595143113,3947,-6220
6002,3446,2,22490,1596002106,5665,-2860
6002,3446,3,22491,1596861099,3890,-4169
6002,3447,0,22492,1597720092,3594,6218
6002,3447,1,22493,1598579085,3585,-596
6002,3447,2,22494,1599438078,1326,-9096
6002,3447,3,22495,1600297071,3103,1175
6002,3448,0,22496,1601156064,108,-2355
6002,3448,1,22497,1602015057,-690,-2551
6002,3448,2,22498,1602874050,5843,392
6002,3448,3,22499,1603733043,4222,-622
6002,3449,0,22500,1604592036,-4289,2732
6002,3449,1,22501,1605451029,-780,-3823
6002,3449,2,22502,1606310022,6178,-1268
6002,3449,3,22503,1607169015,-3845,2598
6002,3450,0,22504,1608028008,-5538,-2248
6002,3450,1,22505,1608887001,-22,872
6002,3450,2,22506,1609745994,-8613,-688
6002,3450,3,22507,1610604987,-5481,4012
6002,3451,0,22508,1611463980,-3199,7007
6002,3451,1,22509,1612322973,-8870,-386
6002,3451,2,22510,1613181966,272,850
6002,3451,3,22511,1614040959,-2784,-3829
6002,3452,0,22512,1614899952,-10972,-1667
6002,3452,1,22513,1615758945,-3247,4649
6002,3452,2,22514,1616617938,-540,-810
6002,3452,3,22515,1617476931,-1572,4047
6002,3453,0,22516,1618335924,-1822,1665
6002,3453,1,22517,1619194917,2007,-3079
6002,3453,2,22518,1620053910,4519,2481
6002,3453,3,22519,1620912903,-6144,-4025
6002,3454,0,22520,1621771896,-4502,-3450
6002,3454,1,22521,1622630889,2626,2601
6002,3454,2,22522,1623489882,-5920,1520
6002,3454,3,22523,1624348875,-3466,4053
6002,3455,0,22524,1625207868,1583,-1148
6002,3455,1,22525,1626066861,-3983,-4931
6002,3455,2,22526,1626925854,3134,-2333
6002,3455,3,22527,1627784847,5170,-7157
6002,3456,0,22528,1628643840,-4198,-5038
6002,3456,1,22529,1629502833,2264,5432
6002,3456,2,22530,1630361826,6350,3690
6002,3456,3,22531,1631220819,-2708,-4870
6002,3457,0,22532,1632079812,-3115,-1575
6002,3457,1,22533,1632938805,3558,2660
6002,3457,2,22534,1633797798,2512,-2858
6002,3457,3,22535,1634656791,-7334,-5405
6002,3458,0,22536,1635515784,-6332,-5476
6002,3458,1,22537,1636374777,2530,-4422
6002,3458,2,22538,1637233770,1072,42
6002,3458,3,22539,1638092763,2863,1754
6002,3459,0,22540,1638951756,3425,2860
6002,3459,1,22541,1639810749,-472,3578
6002,3459,2,22542,1640669742,1783,1969
6002,3459,3,22543,1641528735,-4236,-1597
6002,3460,0,22544,1642387728,-3907,-5500
6002,3460,1,22545,1643246721,5071,-2616
6002,3460,2,22546,1644105714,389,432
6002,3460,3,22547,1644964707,558,-3903
6002,3461,0,22548,1645823700,5168,-4215
6002,3461,1,22549,1646682693,3235,1115
6002,3461,2,22550,1647541686,3104,682
6002,3461,3,22551,1648400679,3855,-2419
6002,3462,0,22552,1649259672,3782,-1069
6002,3462,1,22553,1650118665,-3498,657
6002,3462,2,22554,1650977658,-7591,-598
6002,3462,3,22555,1651836651,-4918,-3052
6002,3463,0,22556,1652695644,-7174,850
6002,3463,1,22557,1653554637,-1898,6644
6002,3463,2,22558,1654413630,1257,4113
6002,3463,3,22559,1655272623,-2877,6951
6002,3464,0,22560,1656131616,-613,9579
6002,3464,1,22561,1656990609,-2569,-779
6002,3464,2,22562,1657849602,-2841,-637
6002,3464,3,22563,1658708595,-169,6208
6002,3465,0,22564,1659567588,-396,757
6002,3465,1,22565,1660426581,2905,-2060
6002,3465,2,22566,1661285574,-600,1351
6002,3465,3,22567,1662144567,-3998,1214
6002,3466,0,22568,1663003560,224,2486
6002,3466,1,22569,1663862553,3668,3736
6002,3466,2,22570,1664721546,4371,-3090
6002,3466,3,22571,1665580539,-2627,-7330
6002,3467,0,22572,1666439532,-2160,-4505
6002,3467,1,22573,1667298525,8158,-1385
6002,3467,2,22574,1668157518,5539,5034
6002,3467,3,22575,1669016511,-5154,4080
6002,3468,0,22576,1669875504,-7309,-1134
6002,3468,1,22577,1670734497,825,2444
6002,3468,2,22578,1671593490,4721,1033
6002,3468,3,22579,1672452483,2779,-988
6002,3469,0,22580,1673311476,-479,-460
6002,3469,1,22581,1674170469,-6787,-2818
6002,3469,2,22582,1675029462,1719,-532
6002,3469,3,22583,1675888455,6388,-1440
6002,3470,0,22584,1676747448,-5676,-42
6002,3470,1,22585,1677606441,-1253,1090
6002,3470,2,22586,1678465434,1883,-4270
6002,3470,3,22587,1679324427,-2094,1963
6002,3471,0,22588,1680183420,2660,1267
6002,3471,1,22589,1681042413,-3579,-6455
6002,3471,2,22590,1681901406,-4873,-1402
6002,3471,3,22591,1682760399,2490,-488
6002,3472,0,22592,1683619392,2746,667
6002,3472,1,22593,1684478385,6044,1078
6002,3472,2,22594,1685337378,2327,-1715
6002,3472,3,22595,1686196371,728,5467
6002,3473,0,22596,1687055364,5679,6394
6002,3473,1,22597,1687914357,-3800,721
6002,3473,2,22598,1688773350,-4944,-2222
6002,3473,3,22599,1689632343,6036,-3684
6002,3474,0,22600,1690491336,3361,-2131
6002,3474,1,22601,1691350329,-5436,-3851
6002,3474,2,22602,1692209322,-7047,-902
6002,3474,3,22603,1693068315,-1443,2091
6002,3475,0,22604,1693927308,206,209
6002,3475,1,22605,1694786301,-2148,7099
6002,3475,2,22606,1695645294,752,7617
6002,3475,3,22607,1696504287,2977,1264
6002,3476,0,22608,1697363280,5643,1704
6002,3476,1,22609,1698222273,5047,-1417
6002,3476,2,22610,1699081266,-1423,-3804
6002,3476,3,22611,1699940259,-1524,3913
6002,3477,0,22612,1700799252,-2077,10671
6002,3477,1,22613,1701658245,424,3451
6002,3477,2,22614,1702517238,7861,-4295
6002,3477,3,22615,1703376231,2516,910
6002,3478,0,22616,1704235224,2096,4465
6002,3478,1,22617,1705094217,6598,3448
6002,3478,2,22618,1705953210,-1381,2747
6002,3478,3,22619,1706812203,-91,3323
6002,3479,0,22620,1707671196,1547,5211
6002,3479,1,22621,1708530189,-5374,2220
6002,3479,2,22622,1709389182,0,593
6002,3479,3,22623,1710248175,1195,-700
6002,3480,0,22624,1711107168,-2143,-3570
6002,3480,1,22625,1711966161,3875,-2683
6002,3480,2,22626,1712825154,2249,-3708
6002,3480,3,22627,1713684147,-1173,894
6002,3481,0,22628,1714543140,1635,6231
6002,3481,1,22629,1715402133,1950,2488
6002,3481,2,22630,1716261126,4419,2438
6002,3481,3,22631,1717120119,3200,3284
6002,3482,0,22632,1717979112,-5880,3063
6002,3482,1,22633,1718838105,-5665,1064
6002,3482,2,22634,1719697098,996,-2276
6002,3482,3,22635,1720556091,-4303,1844
6002,3483,0,22636,1721415084,-8521,-1849
6002,3483,1,22637,1722274077,-535,-8437
6002,3483,2,22638,1723133070,497,-1745
6002,3483,3,22639,1723992063,-3526,2587
6002,3484,0,22640,1724851056,-2723,906
6002,3484,1,22641,1725710049,-1497,-145
6002,3484,2,22642,1726569042,3811,1316
6002,3484,3,22643,1727428035,3713,2419
6002,3485,0,22644,1728287028,-3091,1434
6002,3485,1,22645,1729146021,-234,4171
6002,3485,2,22646,1730005014,4436,6943
6002,3485,3,22647,1730864007,5348,9736
6002,3486,0,22648,1731723000,5323,4647
6002,3486,1,22649,1732581993,58,-5982
6002,3486,2,22650,1733440986,-3927,-1451
6002,3486,3,22651,1734299979,-2203,-1398
6002,3487,0,22652,1735158972,905,-5312
6002,3487,1,22653,1736017965,-488,4805
6002,3487,2,22654,1736876958,-3321,6015
6002,3487,3,22655,1737735951,971,1247
6002,3488,0,22656,1738594944,1178,-6062
6002,3488,1,22657,1739453937,-2482,-13100
6002,3488,2,22658,1740312930,1447,-459
6002,3488,3,22659,1741171923,-2173,3308
6002,3489,0,22660,1742030916,-8123,-2558
6002,3489,1,22661,1742889909,-1667,2880
6002,3489,2,22662,1743748902,-3185,-3737
6002,3489,3,22663,1744607895,-8507,-9683
6002,3490,0,22664,1745466888,-3175,-2217
6002,3490,1,22665,1746325881,-4003,-458
6002,3490,2,22666,1747184874,-2928,-250
6002,3490,3,22667,1748043867,5421,-2144
6002,3491,0,22668,1748902860,1070,-2058
6002,3491,1,22669,1749761853,-184,3915
6002,3491,2,22670,1750620846,6238,658
6002,3491,3,22671,1751479839,463,266
6002,3492,0,22672,1752338832,57,4363
6002,3492,1,22673,1753197825,4776,-4446
6002,3492,2,22674,1754056818,-4036,-5570
6002,3492,3,22675,1754915811,-2948,3008
6002,3493,0,22676,1755774804,7510,-65
6002,3493,1,22677,1756633797,2160,-135
6002,3493,2,22678,1757492790,-1845,2677
6002,3493,3,22679,1758351783,-188,-3526
6002,3494,0,22680,1759210776,-4365,-1877
6002,3494,1,22681,1760069769,-832,2647
6002,3494,2,22682,1760928762,-296,-385
6002,3494,3,22683,1761787755,-6446,187
6002,3495,0,22684,1762646748,-1011,251
6002,3495,1,22685,1763505741,-2029,-1795
6002,3495,2,22686,1764364734,-6489,-3029
6002,3495,3,22687,1765223727,1600,-5778
6002,3496,0,22688,1766082720,-291,-3359
6002,3496,1,22689,1766941713,-9507,-179
6002,3496,2,22690,1767800706,-5846,1179
6002,3496,3,22691,1768659699,5531,5370
6002,3497,0,22692,1769518692,3383,5441
6002,3497,1,22693,1770377685,-8009,2789
6002,3497,2,22694,1771236678,1135,-259
6002,3497,3,22695,1772095671,5556,-2475
6002,3498,0,22696,1772954664,-5650,-983
6002,3498,1,22697,1773813657,1782,-4988
6002,3498,2,22698,1774672650,3739,-8013
6002,3498,3,22699,1775531643,-3870,-2518
6002,3499,0,22700,1776390636,41,-615
6002,3499,1,22701,1777249629,-3424,-203
6002,3499,2,22702,1778108622,-4522,1937
6002,3499,3,22703,1778967615,1384,-110
6002,3500,0,22704,1779826608,818,-1918
6002,3500,1,22705,1780685601,200,-3150
6002,3500,2,22706,1781544594,987,-6162
6002,3500,3,22707,1782403587,6844,-1560
6002,3501,0,22708,1783262580,6666,4688
6002,3501,1,22709,1784121573,-425,-588
6002,3501,2,22710,1784980566,2551,-1717
6002,3501,3,22711,1785839559,-239,139
6002,3502,0,22712,1786698552,-5052,-5420
6002,3502,1,22713,1787557545,1325,441
6002,3502,2,22714,1788416538,1909,4657
6002,3502,3,22715,1789275531,-359,-244
6002,3503,0,22716,1790134524,3853,4502
6002,3503,1,22717,1790993517,6266,2289
6002,3503,2,22718,1791852510,-1146,-1875
6002,3503,3,22719,1792711503,-8133,36
6002,3504,0,22720,1793570496,-1985,96
6002,3504,1,22721,1794429489,1825,10532
6002,3504,2,22722,1795288482,-3711,8199
6002,3504,3,22723,1796147475,-6436,-3496
6002,3505,0,22724,1797006468,-2723,-93
6002,3505,1,22725,1797865461,3094,-4681
6002,3505,2,22726,1798724454,3580,-4617
6002,3505,3,22727,1799583447,1763,1730
6002,3506,0,22728,1800442440,-104,-1427
6002,3506,1,22729,1801301433,-1659,3350
6002,3506,2,22730,1802160426,1804,-137
6002,3506,3,22731,1803019419,2010,-5359
6002,3507,0,22732,1803878412,-1182,2141
6002,3507,1,22733,1804737405,-1251,-113
6002,3507,2,22734,1805596398,-740,1405
6002,3507,3,22735,1806455391,1100,6088
6002,3508,0,22736,1807314384,2521,1047
6002,3508,1,22737,1808173377,3235,875
6002,3508,2,22738,1809032370,716,3270
6002,3508,3,22739,1809891363,-6967,2506
6002,3509,0,22740,1810750356,-7348,241
6002,3509,1,22741,1811609349,1393,3223
6002,3509,2,22742,1812468342,3658,5163
6002,3509,3,22743,1813327335,-3696,-49
6002,3510,0,22744,1814186328,-3875,1412
6002,3510,1,22745,1815045321,90,-3202
6002,3510,2,22746,1815904314,-5443,-7230
6002,3510,3,22747,1816763307,-6117,1847
6002,3511,0,22748,1817622300,-1410,-1370
6002,3511,1,22749,1818481293,1101,-3094
6002,3511,2,22750,1819340286,1910,604
6002,3511,3,22751,1820199279,-4521,-4617
6002,3512,0,22752,1821058272,-483,-1854
6002,3512,1,22753,1821917265,3108,-2082
6002,3512,2,22754,1822776258,-10132,-4450
6002,3512,3,22755,1823635251,-5036,3475
6002,3513,0,22756,1824494244,4853,3529
6002,3513,1,22757,1825353237,-2097,1012
6002,3513,2,22758,1826212230,-1843,1685
6002,3513,3,22759,1827071223,109,-2741
6002,3514,0,22760,1827930216,2026,-3728
6002,3514,1,22761,1828789209,5246,1901
6002,3514,2,22762,1829648202,-643,2340
6002,3514,3,22763,1830507195,-1975,-4283
6002,3515,0,22764,1831366188,-815,-2291
6002,3515,1,22765,1832225181,-3472,2690
6002,3515,2,22766,1833084174,-292,-1266
6002,3515,3,22767,1833943167,-309,605
6002,3516,0,22768,1834802160,-4162,5767
6002,3516,1,22769,1835661153,508,2661
6002,3516,2,22770,1836520146,5793,696
6002,3516,3,22771,1837379139,6557,1304
6002,3517,0,22772,1838238132,6710,-4001
6002,3517,1,22773,1839097125,2882,-7534
6002,3517,2,22774,1839956118,3003,1176
6002,3517,3,22775,1840815111,4655,5465
6002,3518,0,22776,1841674104,-1933,-3111
6002,3518,1,22777,1842533097,2040,-4618
6002,3518,2,22778,1843392090,6461,1568
6002,3518,3,22779,1844251083,-5526,2540
6002,3519,0,22780,1845110076,-7471,2565
6002,3519,1,22781,1845969069,675,4865
6002,3519,2,22782,1846828062,3701,1087
6002,3519,3,22783,1847687055,-1000,-3804
6002,3520,0,22784,1848546048,-5384,1728
6002,3520,1,22785,1849405041,4665,6221
6002,3520,2,22786,1850264034,4481,1572
6002,3520,3,22787,1851123027,-2305,-1881
6002,3521,0,22788,1851982020,5737,937
6002,3521,1,22789,1852841013,194,2523
6002,3521,2,22790,1853700006,-5562,-1717
6002,3521,3,22791,1854558999,3817,-61
6002,3522,0,22792,1855417992,1105,1400
6002,3522,1,22793,1856276985,-4135,-4212
6002,3522,2,22794,1857135978,-2022,1136
6002,3522,3,22795,1857994971,383,4240
6002,3523,0,22796,1858853964,-108,-4781
6002,3523,1,22797,1859712957,-1152,-6769
6002,3523,2,22798,1860571950,3013,-3783
6002,3523,3,22799,1861430943,-300,914
6002,3524,0,22800,1862289936,-2804,2389
6002,3524,1,22801,1863148929,2717,-754
6002,3524,2,22802,1864007922,656,3407
6002,3524,3,22803,1864866915,2783,2629
6002,3525,0,22804,1865725908,3993,-3356
6002,3525,1,22805,1866584901,-3480,2690
6002,3525,2,22806,1867443894,-1463,5949
6002,3525,3,22807,1868302887,600,-1827
6002,3526,0,22808,1869161880,-92,-2442
6002,3526,1,22809,1870020873,3253,939
6002,3526,2,22810,1870879866,955,-386
6002,3526,3,22811,1871738859,-1893,3882
6002,3527,0,22812,1872597852,-73,3268
6002,3527,1,22813,1873456845,3273,-5008
6002,3527,2,22814,1874315838,4006,-1278
6002,3527,3,22815,1875174831,-819,1780
6002,3528,0,22816,1876033824,77,-642
6002,3528,1,22817,1876892817,4886,1446
6002,3528,2,22818,1877751810,-2101,1160
6002,3528,3,22819,1878610803,-8727,2067
6002,3529,0,22820,1879469796,-3058,557
6002,3529,1,22821,1880328789,-2614,-2175
6002,3529,2,22822,1881187782,-5675,1766
6002,3529,3,22823,1882046775,0,521
6002,3530,0,22824,1882905768,1494,-2938
6002,3530,1,22825,1883764761,-776,-3449
6002,3530,2,22826,1884623754,-625,-2296
6002,3530,3,22827,1885482747,-2424,-192
6002,3531,0,22828,1886341740,-717,-3538
6002,3531,1,22829,1887200733,1273,-1495
6002,3531,2,22830,1888059726,295,4020
6002,3531,3,22831,1888918719,743,4137
6002,3532,0,22832,1889777712,2001,5616
6002,3532,1,22833,1890636705,2550,2530
6002,3532,2,22834,1891495698,-1774,-442
6002,3532,3,22835,1892354691,-71,-4
6002,3533,0,22836,1893213684,5869,-4546
6002,3533,1,22837,1894072677,-1082,-3169
6002,3533,2,22838,1894931670,-1197,1871
6002,3533,3,22839,1895790663,5911,-2061
6002,3534,0,22840,1896649656,61,-2944
6002,3534,1,22841,1897508649,-1194,4135
6002,3534,2,22842,1898367642,4578,1155
6002,3534,3,22843,1899226635,4034,-4506
6002,3535,0,22844,1900085628,2996,1319
6002,3535,1,22845,1900944621,3283,297
6002,3535,2,22846,1901803614,1044,-3129
6002,3535,3,22847,1902662607,-2006,-937
6002,3536,0,22848,1903521600,518,-3883
6002,3536,1,22849,1904380593,5165,-101
6002,3536,2,22850,1905239586,3876,3722
6002,3536,3,22851,1906098579,-153,93
6002,3537,0,22852,1906957572,-4034,-227
6002,3537,1,22853,1907816565,-5176,-3594
6002,3537,2,22854,1908675558,-2157,-3042
6002,3537,3,22855,1909534551,-760,2101
6002,3538,0,22856,1910393544,-3643,-1540
6002,3538,1,22857,1911252537,-3606,-8795
6002,3538,2,22858,1912111530,2159,-6925
6002,3538,3,22859,1912970523,3491,2947
6002,3539,0,22860,1913829516,2606,3802
6002,3539,1,22861,1914688509,1431,4473
6002,3539,2,22862,1915547502,-4930,3931
6002,3539,3,22863,1916406495,-2418,-6286
6002,3540,0,22864,1917265488,3226,-615
6002,3540,1,22865,1918124481,1516,2565
6002,3540,2,22866,1918983474,5535,-1173
6002,3540,3,22867,1919842467,6982,3523
6002,3541,0,22868,1920701460,2733,-7216
6002,3541,1,22869,1921560453,871,-3953
6002,3541,2,22870,1922419446,-1038,6194
6002,3541,3,22871,1923278439,2815,-6960
6002,3542,0,22872,1924137432,2437,-1058
6002,3542,1,22873,1924996425,-6138,6249
6002,3542,2,22874,1925855418,-4899,251
6002,3542,3,22875,1926714411,3668,3217
6002,3543,0,22876,1927573404,6096,2259
6002,3543,1,22877,1928432397,-2810,5136
6002,3543,2,22878,1929291390,-5486,999
6002,3543,3,22879,1930150383,4644,-8249
6002,3544,0,22880,1931009376,194,125
6002,3544,1,22881,1931868369,-7206,5451
6002,3544,2,22882,1932727362,819,5996
6002,3544,3,22883,1933586355,-40,-459
6002,3545,0,22884,1934445348,-6592,-7623
6002,3545,1,22885,1935304341,-2833,-252
6002,3545,2,22886,1936163334,-613,-4000
6002,3545,3,22887,1937022327,-1376,-7182
6002,3546,0,22888,1937881320,45,233
6002,3546,1,22889,1938740313,-1750,360
6002,3546,2,22890,1939599306,-2136,4632
6002,3546,3,22891,1940458299,870,6353
6002,3547,0,22892,1941317292,-685,3795
6002,3547,1,22893,1942176285,-801,3336
6002,3547,2,22894,1943035278,-1515,-1665
6002,3547,3,22895,1943894271,-6689,1114
6002,3548,0,22896,1944753264,-2211,5341
6002,3548,1,22897,1945612257,1704,2604
6002,3548,2,22898,1946471250,-2035,4039
6002,3548,3,22899,1947330243,861,3163
6002,3549,0,22900,1948189236,1131,-2546
6002,3549,1,22901,1949048229,-148,-2302
6002,3549,2,22902,1949907222,6014,3894
6002,3549,3,22903,1950766215,5942,3139
6002,3550,0,22904,1951625208,1943,-2705
6002,3550,1,22905,1952484201,1371,3198
6002,3550,2,22906,1953343194,-2080,10617
6002,3550,3,22907,1954202187,-2847,2604
6002,3551,0,22908,1955061180,3346,-7120
6002,3551,1,22909,1955920173,4944,-6341
6002,3551,2,22910,1956779166,2092,-4277
6002,3551,3,22911,1957638159,2661,-2962
6002,3552,0,22912,1958497152,727,-474
6002,3552,1,22913,1959356145,1702,299
6002,3552,2,22914,1960215138,7558,4818
6002,3552,3,22915,1961074131,4593,6511
6002,3553,0,22916,1961933124,4073,1307
6002,3553,1,22917,1962792117,6310,199
6002,3553,2,22918,1963651110,-1146,1119
6002,3553,3,22919,1964510103,-172,2709
6002,3554,0,22920,1965369096,5866,3275
6002,3554,1,22921,1966228089,-1710,4882
6002,3554,2,22922,1967087082,-8149,6022
6002,3554,3,22923,1967946075,-1439,-1441
6002,3555,0,22924,1968805068,4164,2590
6002,3555,1,22925,1969664061,-875,6568
6002,3555,2,22926,1970523054,-1865,-2547
6002,3555,3,22927,1971382047,3048,-1442
6002,3556,0,22928,1972241040,-161,-8458
6002,3556,1,22929,1973100033,-3015,-7129
6002,3556,2,22930,1973959026,-570,9512
6002,3556,3,22931,1974818019,836,-245
6002,3557,0,22932,1975677012,2481,1545
6002,3557,1,22933,1976536005,1168,9248
6002,3557,2,22934,1977394998,-953,-4792
6002,3557,3,22935,1978253991,1459,462
6002,3558,0,22936,1979112984,2323,499
6002,3558,1,22937,1979971977,900,-5358
6002,3558,2,22938,1980830970,2694,4052
6002,3558,3,22939,1981689963,735,-2393
6002,3559,0,22940,1982548956,-4593,-3439
6002,3559,1,22941,1983407949,-589,453
6002,3559,2,22942,1984266942,492,-4569
6002,3559,3,22943,1985125935,-3896,2329
6002,3560,0,22944,1985984928,2952,355
6002,3560,1,22945,1986843921,5479,-4060
6002,3560,2,22946,1987702914,1168,298
6002,3560,3,22947,1988561907,3854,-6038
6002,3561,0,22948,1989420900,4138,-6379
6002,3561,1,22949,1990279893,2635,-564
6002,3561,2,22950,1991138886,178,-1526
6002,3561,3,22951,1991997879,-2428,-2597
6002,3562,0,22952,1992856872,-892,-3152
6002,3562,1,22953,1993715865,-3627,-1604
6002,3562,2,22954,1994574858,-1538,-438
6002,3562,3,22955,1995433851,3754,1902
6002,3563,0,22956,1996292844,-1918,1242
6002,3563,1,22957,1997151837,-4573,-6995
6002,3563,2,22958,1998010830,-1038,-5327
6002,3563,3,22959,1998869823,1407,-3123
6002,3564,0,22960,1999728816,379,-9004
6002,3564,1,22961,2000587809,-5998,-2309
6002,3564,2,22962,2001446802,-4320,3880
6002,3564,3,22963,2002305795,3169,-2531
6002,3565,0,22964,2003164788,4542,-5585
6002,3565,1,22965,2004023781,6541,-3181
6002,3565,2,22966,2004882774,6512,4070
6002,3565,3,22967,2005741767,2101,6845
6002,3566,0,22968,2006600760,3700,-1173
6002,3566,1,22969,2007459753,3177,-1129
6002,3566,2,22970,2008318746,-5826,819
6002,3566,3,22971,2009177739,-4665,-2963
6002,3567,0,22972,2010036732,4975,2742
6002,3567,1,22973,2010895725,5909,1799
6002,3567,2,22974,2011754718,2130,-5497
6002,3567,3,22975,2012613711,-2699,534
6002,3568,0,22976,2013472704,-5484,571
6002,3568,1,22977,2014331697,-3675,-2886
6002,3568,2,22978,2015190690,-1979,-321
6002,3568,3,22979,2016049683,149,-6554
6002,3569,0,22980,2016908676,-745,-5168
6002,3569,1,22981,2017767669,1695,3570
6002,3569,2,22982,2018626662,4218,-1455
6002,3569,3,22983,2019485655,-4345,-1478
6002,3570,0,22984,2020344648,1099,8341
6002,3570,1,22985,2021203641,9604,6408
6002,3570,2,22986,2022062634,-3128,-1763
6002,3570,3,22987,2022921627,-5885,-2745
6002,3571,0,22988,2023780620,735,-822
6002,3571,1,22989,2024639613,-226,1646
6002,3571,2,22990,2025498606,-1789,1827
6002,3571,3,22991,2026357599,-3825,-3551
6002,3572,0,22992,2027216592,-1028,-3926
6002,3572,1,22993,2028075585,-518,-3431
6002,3572,2,22994,2028934578,-1840,-5625
6002,3572,3,22995,2029793571,2584,304
6002,3573,0,22996,2030652564,1501,972
6002,3573,1,22997,2031511557,3254,-820
6002,3573,2,22998,2032370550,4106,2723
6002,3573,3,22999,2033229543,-2708,-2953
6002,3574,0,23000,2034088536,-131,1041
6002,3574,1,23001,2034947529,1208,9561
6002,3574,2,23002,2035806522,-745,-683
6002,3574,3,23003,2036665515,627,-3726
6002,3575,0,23004,2037524508,-4162,-648
6002,3575,1,23005,2038383501,-2725,-3909
6002,3575,2,23006,2039242494,-245,-1895
6002,3575,3,23007,2040101487,-7842,-285
6002,3576,0,23008,2040960480,-3608,-100
6002,3576,1,23009,2041819473,7590,-2130
6002,3576,2,23010,2042678466,4049,-4480
6002,3576,3,23011,2043537459,-4776,-2839
6002,3577,0,23012,2044396452,-6839,-4655
6002,3577,1,23013,2045255445,-4386,-12
6002,3577,2,23014,2046114438,-865,4544
6002,3577,3,23015,2046973431,-997,-410
6002,3578,0,23016,2047832424,-2221,854
6002,3578,1,23017,2048691417,-1645,967
6002,3578,2,23018,2049550410,-4711,541
6002,3578,3,23019,2050409403,-2846,741
6002,3579,0,23020,2051268396,910,-6385
6002,3579,1,23021,2052127389,-3499,-1498
6002,3579,2,23022,2052986382,1253,3865
6002,3579,3,23023,2053845375,4540,-2158
6002,3580,0,23024,2054704368,-5582,1842
6002,3580,1,23025,2055563361,-5184,6033
6002,3580,2,23026,2056422354,-3506,1737
6002,3580,3,23027,2057281347,-9085,-789
6002,3581,0,23028,2058140340,-6523,2505
6002,3581,1,23029,2058999333,-2842,5251
6002,3581,2,23030,2059858326,-2237,-1420
6002,3581,3,23031,2060717319,-680,-273
6002,3582,0,23032,2061576312,1177,6626
6002,3582,1,23033,2062435305,1674,1336
6002,3582,2,23034,2063294298,-250,-511
6002,3582,3,23035,2064153291,328,1088
6002,3583,0,23036,2065012284,-214,-1594
6002,3583,1,23037,2065871277,-2669,-978
6002,3583,2,23038,2066730270,229,-2380
6002,3583,3,23039,2067589263,2595,-4593
6002,3584,0,23552,2508252672,-253,-997
6002,3584,1,23553,2509111665,-5256,445
6002,3584,2,23554,2509970658,-2259,-783
6002,3584,3,23555,2510829651,223,-2834
6002,3585,0,23556,2511688644,-1360,-858
6002,3585,1,23557,2512547637,852,751
6002,3585,2,23558,2513406630,-360,-440
6002,3585,3,23559,2514265623,517,2079
6002,3586,0,23560,2515124616,5533,3831
6002,3586,1,23561,2515983609,35,-732
6002,3586,2,23562,2516842602,-359,-2625
6002,3586,3,23563,2517701595,5957,-395
6002,3587,0,23564,2518560588,4995,-4886
6002,3587,1,23565,2519419581,3068,-8588
6002,3587,2,23566,2520278574,3040,-2464
6002,3587,3,23567,2521137567,7645,-2199
6002,3588,0,23568,2521996560,4001,-4307
6002,3588,1,23569,2522855553,-3853,3228
6002,3588,2,23570,2523714546,2991,2749
6002,3588,3,23571,2524573539,97,-3805
6002,3589,0,23572,2525432532,-6184,-1833
6002,3589,1,23573,2526291525,1859,-2279
6002,3589,2,23574,2527150518,2454,-4057
6002,3589,3,23575,2528009511,1565,-1092
6002,3590,0,23576,2528868504,1702,-1663
6002,3590,1,23577,2529727497,43,-1077
6002,3590,2,23578,2530586490,4491,1107
6002,3590,3,23579,2531445483,1817,-3992
6002,3591,0,23580,2532304476,-1382,-8157
6002,3591,1,23581,2533163469,-591,-5525
6002,3591,2,23582,2534022462,-5760,1814
6002,3591,3,23583,2534881455,-5099,6013
6002,3592,0,23584,2535740448,1412,-3322
6002,3592,1,23585,2536599441,3009,-7247
6002,3592,2,23586,2537458434,-1621,-1012
6002,3592,3,23587,2538317427,-2418,-4105
6002,3593,0,23588,2539176420,1145,-4053
6002,3593,1,23589,2540035413,-3649,-983
6002,3593,2,23590,2540894406,-310,-962
6002,3593,3,23591,2541753399,8188,5082
6002,3594,0,23592,2542612392,1001,314
6002,3594,1,23593,2543471385,-1557,-3692
6002,3594,2,23594,2544330378,765,4867
6002,3594,3,23595,2545189371,-2102,2617
6002,3595,0,23596,2546048364,258,1770
6002,3595,1,23597,2546907357,-800,2475
6002,3595,2,23598,2547766350,-4347,-4017
6002,3595,3,23599,2548625343,-2904,-1901
6002,3596,0,23600,2549484336,-3141,-2571
6002,3596,1,23601,2550343329,-1634,-4957
6002,3596,2,23602,2551202322,2406,-866
6002,3596,3,23603,2552061315,1591,480
6002,3597,0,23604,2552920308,-1054,326
6002,3597,1,23605,2553779301,-43,-6493
6002,3597,2,23606,2554638294,-299,-3578
6002,3597,3,23607,2555497287,1824,11400
6002,3598,0,23608,2556356280,7125,4475
6002,3598,1,23609,2557215273,467,-4566
6002,3598,2,23610,2558074266,-3080,3228
6002,3598,3,23611,2558933259,2539,3028
6002,3599,0,23612,2559792252,-4388,-2830
6002,3599,1,23613,2560651245,-6021,-2595
6002,3599,2,23614,2561510238,533,-1933
6002,3599,3,23615,2562369231,-1092,-4543
6002,3600,0,23616,2563228224,2804,-4747
6002,3600,1,23617,2564087217,1610,-2231
6002,3600,2,23618,2564946210,-5884,-354
6002,3600,3,23619,2565805203,-827,6121
6002,3601,0,23620,2566664196,419,5665
6002,3601,1,23621,2567523189,-750,-5476
6002,3601,2,23622,2568382182,3172,-4955
6002,3601,3,23623,2569241175,-2349,2417
6002,3602,0,23624,2570100168,-2608,2875
6002,3602,1,23625,2570959161,5347,4762
6002,3602,2,23626,2571818154,987,7615
6002,3602,3,23627,2572677147,-5617,4621
6002,3603,0,23628,2573536140,-6969,1802
6002,3603,1,23629,2574395133,-3622,1826
6002,3603,2,23630,2575254126,5327,-2310
6002,3603,3,23631,2576113119,400,-6415
6002,3604,0,23632,2576972112,-8343,-3407
6002,3604,1,23633,2577831105,-3426,-22
6002,3604,2,23634,2578690098,-4410,-3163
6002,3604,3,23635,2579549091,-4454,-7072
6002,3605,0,23636,2580408084,1928,-1226
6002,3605,1,23637,2581267077,165,4205
6002,3605,2,23638,2582126070,243,-1581
6002,3605,3,23639,2582985063,54,-3966
6002,3606,0,23640,2583844056,-2494,-2125
6002,3606,1,23641,2584703049,-1349,-3290
6002,3606,2,23642,2585562042,-1461,-474
6002,3606,3,23643,2586421035,-1610,2160
6002,3607,0,23644,2587280028,-7523,1104
6002,3607,1,23645,2588139021,-7095,988
6002,3607,2,23646,2588998014,-215,1186
6002,3607,3,23647,2589857007,-5974,3289
6002,3608,0,23648,2590716000,-907,2832
6002,3608,1,23649,2591574993,3740,-2571
6002,3608,2,23650,2592433986,-4358,-1456
6002,3608,3,23651,2593292979,657,-346
6002,3609,0,23652,2594151972,-1213,-5609
6002,3609,1,23653,2595010965,-2482,-329
6002,3609,2,23654,2595869958,2561,4138
6002,3609,3,23655,2596728951,-5245,-1415
6002,3610,0,23656,2597587944,-514,2319
6002,3610,1,23657,2598446937,-188,1519
6002,3610,2,23658,2599305930,-3959,-2863
6002,3610,3,23659,2600164923,7921,4915
6002,3611,0,23660,2601023916,370,2899
6002,3611,1,23661,2601882909,-571,658
6002,3611,2,23662,2602741902,8884,3445
6002,3611,3,23663,2603600895,-5224,-5711
6002,3612,0,23664,2604459888,-7622,-3671
6002,3612,1,23665,2605318881,-2581,2170
6002,3612,2,23666,2606177874,-1538,-2756
6002,3612,3,23667,2607036867,6335,1941
6002,3613,0,23668,2607895860,619,4865
6002,3613,1,23669,2608754853,-711,-1909
6002,3613,2,23670,2609613846,8870,-4899
6002,3613,3,23671,2610472839,5151,480
6002,3614,0,23672,2611331832,533,6697
6002,3614,1,23673,2612190825,2534,972
6002,3614,2,23674,2613049818,1495,-576
6002,3614,3,23675,2613908811,-2448,5819
6002,3615,0,23676,2614767804,-508,4247
6002,3615,1,23677,2615626797,4005,6888
6002,3615,2,23678,2616485790,1230,8878
6002,3615,3,23679,2617344783,-437,1672
6002,3616,0,23680,2618203776,-734,463
6002,3616,1,23681,2619062769,-3801,1185
6002,3616,2,23682,2619921762,-4760,120
6002,3616,3,23683,2620780755,-7824,1852
6002,3617,0,23684,2621639748,-7867,75
6002,3617,1,23685,2622498741,3554,-1503
6002,3617,2,23686,2623357734,10518,2533
6002,3617,3,23687,2624216727,2336,2579
6002,3618,0,23688,2625075720,-3269,639
6002,3618,1,23689,2625934713,378,6710
6002,3618,2,23690,2626793706,1034,7090
6002,3618,3,23691,2627652699,-2031,-1094
6002,3619,0,23692,2628511692,-2786,-33
6002,3619,1,23693,2629370685,2517,2101
6002,3619,2,23694,2630229678,4520,-167
6002,3619,3,23695,2631088671,1657,2634
6002,3620,0,23696,2631947664,5776,216
6002,3620,1,23697,2632806657,3800,-5616
6002,3620,2,23698,2633665650,-882,-2071
6002,3620,3,23699,2634524643,3366,662
6002,3621,0,23700,2635383636,3735,959
6002,3621,1,23701,2636242629,5413,3438
6002,3621,2,23702,2637101622,5100,-11
6002,3621,3,23703,2637960615,1056,-1441
6002,3622,0,23704,2638819608,193,138
6002,3622,1,23705,2639678601,-5956,-4244
6002,3622,2,23706,2640537594,-3381,-2224
6002,3622,3,23707,2641396587,951,-2680
6002,3623,0,23708,2642255580,-4183,-9169
6002,3623,1,23709,2643114573,-400,-227
6002,3623,2,23710,2643973566,5109,3243
6002,3623,3,23711,2644832559,7958,-4280
6002,3624,0,23712,2645691552,33,229
6002,3624,1,23713,2646550545,-9434,784
6002,3624,2,23714,2647409538,3193,-4571
6002,3624,3,23715,2648268531,5840,-414
6002,3625,0,23716,2649127524,-487,6483
6002,3625,1,23717,2649986517,1396,4675
6002,3625,2,23718,2650845510,2270,-4349
6002,3625,3,23719,2651704503,8238,-2976
6002,3626,0,23720,2652563496,-1977,1775
6002,3626,1,23721,2653422489,-7500,-341
6002,3626,2,23722,2654281482,6064,1637
6002,3626,3,23723,2655140475,-3956,-856
6002,3627,0,23724,2655999468,-7698,-522
6002,3627,1,23725,2656858461,293,7815
6002,3627,2,23726,2657717454,-3373,4543
6002,3627,3,23727,2658576447,1700,2446
6002,3628,0,23728,2659435440,-1903,2676
6002,3628,1,23729,2660294433,-4707,-4817
6002,3628,2,23730,2661153426,5628,-2844
6002,3628,3,23731,2662012419,3470,3164
6002,3629,0,23732,2662871412,2371,3954
6002,3629,1,23733,2663730405,1225,4401
6002,3629,2,23734,2664589398,-7195,-923
6002,3629,3,23735,2665448391,-6493,-6943
6002,3630,0,23736,2666307384,118,-3953
6002,3630,1,23737,2667166377,2227,184
6002,3630,2,23738,2668025370,-1867,-3229
6002,3630,3,23739,2668884363,-1110,-6203
6002,3631,0,23740,2669743356,1474,-3762
6002,3631,1,23741,2670602349,149,-100
6002,3631,2,23742,2671461342,1768,5075
6002,3631,3,23743,2672320335,-2244,4653
6002,3632,0,23744,2673179328,-3746,-1147
6002,3632,1,23745,2674038321,-15,-2214
6002,3632,2,23746,2674897314,-3279,-354
6002,3632,3,23747,2675756307,-1098,3108
6002,3633,0,23748,2676615300,-49,3273
6002,3633,1,23749,2677474293,-5777,1790
6002,3633,2,23750,2678333286,-858,4643
6002,3633,3,23751,2679192279,4257,637
6002,3634,0,23752,2680051272,-2702,-1171
6002,3634,1,23753,2680910265,-4337,4515
6002,3634,2,23754,2681769258,2199,-309
6002,3634,3,23755,2682628251,-2430,-2304
6002,3635,0,23756,2683487244,-6578,3441
6002,3635,1,23757,2684346237,26,-67
6002,3635,2,23758,2685205230,338,-1797
6002,3635,3,23759,2686064223,1238,3372
6002,3636,0,23760,2686923216,4271,4159
6002,3636,1,23761,2687782209,3451,2399
6002,3636,2,23762,2688641202,3532,1943
6002,3636,3,23763,2689500195,-1889,534
6002,3637,0,23764,2690359188,-2917,-2126
6002,3637,1,23765,2691218181,835,-2284
6002,3637,2,23766,2692077174,-1827,-1525
6002,3637,3,23767,2692936167,-2812,-2143
6002,3638,0,23768,2693795160,-3294,134
6002,3638,1,23769,2694654153,474,217
6002,3638,2,23770,2695513146,3970,-4423
6002,3638,3,23771,2696372139,-888,-3282
6002,3639,0,23772,2697231132,1780,-2548
6002,3639,1,23773,2698090125,5515,-7072
6002,3639,2,23774,2698949118,1930,-1427
6002,3639,3,23775,2699808111,-721,5044
6002,3640,0,23776,2700667104,-616,-197
6002,3640,1,23777,2701526097,1959,-3
6002,3640,2,23778,2702385090,-2830,3109
6002,3640,3,23779,2703244083,-5917,889
6002,3641,0,23780,2704103076,3002,1295
6002,3641,1,23781,2704962069,4317,-104
6002,3641,2,23782,2705821062,-749,708
6002,3641,3,23783,2706680055,-501,3348
6002,3642,0,23784,2707539048,-2181,-1101
6002,3642,1,23785,2708398041,-1911,-216
6002,3642,2,23786,2709257034,6017,1149
6002,3642,3,23787,2710116027,3896,-2042
6002,3643,0,23788,2710975020,-4714,2232
6002,3643,1,23789,2711834013,1230,3626
6002,3643,2,23790,2712693006,2824,2016
6002,3643,3,23791,2713551999,-1817,2156
6002,3644,0,23792,2714410992,3340,-1554
6002,3644,1,23793,2715269985,956,108
6002,3644,2,23794,2716128978,-4694,1163
6002,3644,3,23795,2716987971,-5673,-3868
6002,3645,0,23796,2717846964,-4302,-2090
6002,3645,1,23797,2718705957,3694,2115
6002,3645,2,23798,2719564950,1876,-1365
6002,3645,3,23799,2720423943,-2106,-5514
6002,3646,0,23800,2721282936,812,1588
6002,3646,1,23801,2722141929,-1646,3445
6002,3646,2,23802,2723000922,757,-5772
6002,3646,3,23803,2723859915,2213,1227
6002,3647,0,23804,2724718908,-1539,5606
6002,3647,1,23805,2725577901,-749,-2879
6002,3647,2,23806,2726436894,-438,4729
6002,3647,3,23807,2727295887,3711,6833
6002,3648,0,23808,2728154880,3814,-4174
6002,3648,1,23809,2729013873,-3042,-2494
6002,3648,2,23810,2729872866,-554,3817
6002,3648,3,23811,2730731859,4141,2641
6002,3649,0,23812,2731590852,5444,-5723
6002,3649,1,23813,2732449845,4612,-3966
6002,3649,2,23814,2733308838,-1267,6527
6002,3649,3,23815,2734167831,-5048,-69
6002,3650,0,23816,2735026824,-2023,-3053
6002,3650,1,23817,2735885817,3029,6509
6002,3650,2,23818,2736744810,-182,3220
6002,3650,3,23819,2737603803,-8050,-520
6002,3651,0,23820,2738462796,-6433,4433
6002,3651,1,23821,2739321789,-1547,6503
6002,3651,2,23822,2740180782,-1781,5557
6002,3651,3,23823,2741039775,2207,1570
6002,3652,0,23824,2741898768,6977,-1381
6002,3652,1,23825,2742757761,678,-29
6002,3652,2,23826,2743616754,-1029,-793
6002,3652,3,23827,2744475747,3892,-2036
6002,3653,0,23828,2745334740,-1743,-1696
6002,3653,1,23829,2746193733,-3071,-3581
6002,3653,2,23830,2747052726,2396,390
6002,3653,3,23831,2747911719,-457,5561
6002,3654,0,23832,2748770712,-4233,288
6002,3654,1,23833,2749629705,-2537,-1043
6002,3654,2,23834,2750488698,2299,-973
6002,3654,3,23835,2751347691,1793,-1485
6002,3655,0,23836,2752206684,1186,5882
6002,3655,1,23837,2753065677,5257,-3130
6002,3655,2,23838,2753924670,176,-11065
6002,3655,3,23839,2754783663,-3187,1958
6002,3656,0,23840,2755642656,-1484,-1211
6002,3656,1,23841,2756501649,-2314,-6033
6002,3656,2,23842,2757360642,-247,1988
6002,3656,3,23843,2758219635,-3272,-289
6002,3657,0,23844,2759078628,-657,-1853
6002,3657,1,23845,2759937621,4228,-4791
6002,3657,2,23846,2760796614,-4305,-7961
6002,3657,3,23847,2761655607,-2949,-1252
6002,3658,0,23848,2762514600,2898,-2935
6002,3658,1,23849,2763373593,1495,-3380
6002,3658,2,23850,2764232586,3170,5476
6002,3658,3,23851,2765091579,2349,2609
6002,3659,0,23852,2765950572,3281,-6579
6002,3659,1,23853,2766809565,5182,-5289
6002,3659,2,23854,2767668558,2675,2014
6002,3659,3,23855,2768527551,-552,3305
6002,3660,0,23856,2769386544,-99,2728
6002,3660,1,23857,2770245537,5076,3537
6002,3660,2,23858,2771104530,1586,-88
6002,3660,3,23859,2771963523,418,-1184
6002,3661,0,23860,2772822516,2439,-182
6002,3661,1,23861,2773681509,-5709,-405
6002,3661,2,23862,2774540502,-877,1583
6002,3661,3,23863,2775399495,3737,-112
6002,3662,0,23864,2776258488,-1254,-689
6002,3662,1,23865,2777117481,838,2324
6002,3662,2,23866,2777976474,-5689,1331
6002,3662,3,23867,2778835467,-5544,862
6002,3663,0,23868,2779694460,1051,-2514
6002,3663,1,23869,2780553453,-496,-7307
6002,3663,2,23870,2781412446,9000,42
6002,3663,3,23871,2782271439,8814,6047
6002,3664,0,23872,2783130432,915,-1764
6002,3664,1,23873,2783989425,3421,-7379
6002,3664,2,23874,2784848418,-1227,-1823
6002,3664,3,23875,2785707411,-530,6650
6002,3665,0,23876,2786566404,2487,5379
6002,3665,1,23877,2787425397,-72,-428
6002,3665,2,23878,2788284390,3438,3676
6002,3665,3,23879,2789143383,-151,1389
6002,3666,0,23880,2790002376,-2823,-6851
6002,3666,1,23881,2790861369,225,-159
6002,3666,2,23882,2791720362,-2623,1604
6002,3666,3,23883,2792579355,-357,-632
6002,3667,0,23884,2793438348,1484,8013
6002,3667,1,23885,2794297341,-4270,5572
6002,3667,2,23886,2795156334,-6013,-1670
6002,3667,3,23887,2796015327,-2947,-1131
6002,3668,0,23888,2796874320,-2085,-56
6002,3668,1,23889,2797733313,-677,1212
6002,3668,2,23890,2798592306,3645,-3304
6002,3668,3,23891,2799451299,1242,-3197
6002,3669,0,23892,2800310292,-577,-219
6002,3669,1,23893,2801169285,-676,-4567
6002,3669,2,23894,2802028278,-8843,60
6002,3669,3,23895,2802887271,-5277,-458
6002,3670,0,23896,2803746264,1461,-5546
6002,3670,1,23897,2804605257,-4565,4019
6002,3670,2,23898,2805464250,-708,923
6002,3670,3,23899,2806323243,5872,-6119
6002,3671,0,23900,2807182236,3536,5342
6002,3671,1,23901,2808041229,2577,7266
6002,3671,2,23902,2808900222,3508,-4823
6002,3671,3,23903,2809759215,3798,-8717
6002,3672,0,23904,2810618208,-2932,-1664
6002,3672,1,23905,2811477201,-5920,-953
6002,3672,2,23906,2812336194,-50,-7161
6002,3672,3,23907,2813195187,-787,-2592
6002,3673,0,23908,2814054180,649,-815
6002,3673,1,23909,2814913173,2856,-5782
6002,3673,2,23910,2815772166,-226,-429
6002,3673,3,23911,2816631159,2753,347
6002,3674,0,23912,2817490152,112,-4750
6002,3674,1,23913,2818349145,-3127,-1640
6002,3674,2,23914,2819208138,3202,-561
6002,3674,3,23915,2820067131,-1023,1907
6002,3675,0,23916,2820926124,-3189,6800
6002,3675,1,23917,2821785117,3962,-1426
6002,3675,2,23918,2822644110,-3382,-5990
6002,3675,3,23919,2823503103,-6032,2490
6002,3676,0,23920,2824362096,3943,1870
6002,3676,1,23921,2825221089,49,532
6002,3676,2,23922,2826080082,-2001,5944
6002,3676,3,23923,2826939075,3636,1464
6002,3677,0,23924,2827798068,-2317,116
6002,3677,1,23925,2828657061,-4207,4035
6002,3677,2,23926,2829516054,993,-2766
6002,3677,3,23927,2830375047,1252,-3829
6002,3678,0,23928,2831234040,-693,-3810
6002,3678,1,23929,2832093033,-5258,-11768
6002,3678,2,23930,2832952026,-2070,-4453
6002,3678,3,23931,2833811019,3313,-315
6002,3679,0,23932,2834670012,1059,-8450
6002,3679,1,23933,2835529005,3913,-597
6002,3679,2,23934,2836387998,-1020,1124
6002,3679,3,23935,2837246991,-10875,-7714
6002,3680,0,23936,2838105984,-6002,-1455
6002,3680,1,23937,2838964977,729,1402
6002,3680,2,23938,2839823970,6852,-512
6002,3680,3,23939,2840682963,4571,1559
6002,3681,0,23940,2841541956,-5205,-1391
6002,3681,1,23941,2842400949,-353,-2585
6002,3681,2,23942,2843259942,318,-4175
6002,3681,3,23943,2844118935,-5462,-2439
6002,3682,0,23944,2844977928,2007,6776
6002,3682,1,23945,2845836921,6623,8918
6002,3682,2,23946,2846695914,4463,6925
6002,3682,3,23947,2847554907,3890,1525
6002,3683,0,23948,2848413900,2591,-2213
6002,3683,1,23949,2849272893,652,4383
6002,3683,2,23950,2850131886,-391,4013
6002,3683,3,23951,2850990879,492,-1421
6002,3684,0,23952,2851849872,1958,-2098
6002,3684,1,23953,2852708865,3820,-2127
6002,3684,2,23954,2853567858,-1793,-275
6002,3684,3,23955,2854426851,-7447,-4002
6002,3685,0,23956,2855285844,1869,-8517
6002,3685,1,23957,2856144837,3469,-3143
6002,3685,2,23958,2857003830,-2484,-42
6002,3685,3,23959,2857862823,3327,-4707
6002,3686,0,23960,2858721816,5234,-4069
6002,3686,1,23961,2859580809,1652,4277
6002,3686,2,23962,2860439802,375,5033
6002,3686,3,23963,2861298795,1449,2809
6002,3687,0,23964,2862157788,4983,4082
6002,3687,1,23965,2863016781,1302,-694
6002,3687,2,23966,2863875774,-4308,500
6002,3687,3,23967,2864734767,-4054,2405
6002,3688,0,23968,2865593760,-2352,-3436
6002,3688,1,23969,2866452753,-1134,794
6002,3688,2,23970,2867311746,539,247
6002,3688,3,23971,2868170739,4257,-3960
6002,3689,0,23972,2869029732,4093,3578
6002,3689,1,23973,2869888725,3059,1302
6002,3689,2,23974,2870747718,3073,-111
6002,3689,3,23975,2871606711,386,7434
6002,3690,0,23976,2872465704,3185,3766
6002,3690,1,23977,2873324697,-221,2666
6002,3690,2,23978,2874183690,-7179,5357
6002,3690,3,23979,2875042683,2960,1824
6002,3691,0,23980,2875901676,10566,2558
6002,3691,1,23981,2876760669,4192,245
6002,3691,2,23982,2877619662,-2865,-2878
6002,3691,3,23983,2878478655,-3391,3997
6002,3692,0,23984,2879337648,-802,5840
6002,3692,1,23985,2880196641,-91,3233
6002,3692,2,23986,2881055634,6611,3858
6002,3692,3,23987,2881914627,7349,1005
6002,3693,0,23988,2882773620,105,275
6002,3693,1,23989,2883632613,2502,-440
6002,3693,2,23990,2884491606,2117,-6782
6002,3693,3,23991,2885350599,-1236,-6547
6002,3694,0,23992,2886209592,-3338,2168
6002,3694,1,23993,2887068585,-5864,3952
6002,3694,2,23994,2887927578,40,-5420
6002,3694,3,23995,2888786571,2239,-3154
6002,3695,0,23996,2889645564,3447,7827
6002,3695,1,23997,2890504557,4667,2940
6002,3695,2,23998,2891363550,-2529,1401
6002,3695,3,23999,2892222543,-1538,5943
6002,3696,0,24000,2893081536,-538,2775
6002,3696,1,24001,2893940529,-1481,2060
6002,3696,2,24002,2894799522,756,-5014
6002,3696,3,24003,2895658515,-4377,-5943
6002,3697,0,24004,2896517508,43,2946
6002,3697,1,24005,2897376501,2657,-1085
6002,3697,2,24006,2898235494,-4666,-68
6002,3697,3,24007,2899094487,1513,-685
6002,3698,0,24008,2899953480,2327,-5178
6002,3698,1,24009,2900812473,-3970,5207
6002,3698,2,24010,2901671466,-1200,1342
6002,3698,3,24011,2902530459,266,-7344
6002,3699,0,24012,2903389452,-218,-627
6002,3699,1,24013,2904248445,-2056,2114
6002,3699,2,24014,2905107438,-1028,4722
6002,3699,3,24015,2905966431,1878,1768
6002,3700,0,24016,2906825424,2015,-7117
6002,3700,1,24017,2907684417,5856,-2986
6002,3700,2,24018,2908543410,2269,7133
6002,3700,3,24019,2909402403,-4658,6839
6002,3701,0,24020,2910261396,-3196,-3841
6002,3701,1,24021,2911120389,-5569,-5442
6002,3701,2,24022,2911979382,-4630,2686
6002,3701,3,24023,2912838375,1868,4891
6002,3702,0,24024,2913697368,2166,1240
6002,3702,1,24025,2914556361,2769,-3129
6002,3702,2,24026,2915415354,1478,17
6002,3702,3,24027,2916274347,-3083,1782
6002,3703,0,24028,2917133340,854,-45
6002,3703,1,24029,2917992333,5714,2432
6002,3703,2,24030,2918851326,605,-2848
6002,3703,3,24031,2919710319,362,-2660
6002,3704,0,24032,2920569312,8964,3434
6002,3704,1,24033,2921428305,7518,281
6002,3704,2,24034,2922287298,3215,2857
6002,3704,3,24035,2923146291,6830,1043
6002,3705,0,24036,2924005284,3762,-6168
6002,3705,1,24037,2924864277,-726,-5743
6002,3705,2,24038,2925723270,2620,-7150
6002,3705,3,24039,2926582263,2055,-2906
6002,3706,0,24040,2927441256,-2548,2993
6002,3706,1,24041,2928300249,-3805,2496
6002,3706,2,24042,2929159242,-673,3106
6002,3706,3,24043,2930018235,-334,3406
6002,3707,0,24044,2930877228,-5985,2942
6002,3707,1,24045,2931736221,-3780,-1119
6002,3707,2,24046,2932595214,231,534
6002,3707,3,24047,2933454207,-4491,3520
6002,3708,0,24048,2934313200,-3371,-5843
6002,3708,1,24049,2935172193,313,-4516
6002,3708,2,24050,2936031186,1047,2441
6002,3708,3,24051,2936890179,3449,1062
6002,3709,0,24052,2937749172,1173,4305
6002,3709,1,24053,2938608165,401,3333
6002,3709,2,24054,2939467158,-408,992
6002,3709,3,24055,2940326151,-5074,457
6002,3710,0,24056,2941185144,-2340,-8037
6002,3710,1,24057,2942044137,-1858,-8919
6002,3710,2,24058,2942903130,-3645,1092
6002,3710,3,24059,2943762123,936,4343
6002,3711,0,24060,2944621116,-134,-3488
6002,3711,1,24061,2945480109,-3299,-4491
6002,3711,2,24062,2946339102,708,7310
6002,3711,3,24063,2947198095,3995,4321
6002,3712,0,24064,2948057088,-2831,-5916
6002,3712,1,24065,2948916081,-8660,1718
6002,3712,2,24066,2949775074,-3427,1877
6002,3712,3,24067,2950634067,-2823,-5675
6002,3713,0,24068,2951493060,-1703,960
6002,3713,1,24069,2952352053,5129,-1462
6002,3713,2,24070,2953211046,3849,-4748
6002,3713,3,24071,2954070039,1270,3471
6002,3714,0,24072,2954929032,-1260,-5529
6002,3714,1,24073,2955788025,-1099,-7262
6002,3714,2,24074,2956647018,373,5142
6002,3714,3,24075,2957506011,-3635,541
6002,3715,0,24076,2958365004,2273,-963
6002,3715,1,24077,2959223997,4334,257
6002,3715,2,24078,2960082990,-511,-829
6002,3715,3,24079,2960941983,5580,-1015
6002,3716,0,24080,2961800976,3056,-10668
6002,3716,1,24081,2962659969,-2321,-4126
6002,3716,2,24082,2963518962,660,602
6002,3716,3,24083,2964377955,3345,-8225
6002,3717,0,24084,2965236948,7703,11
6002,3717,1,24085,2966095941,5931,-3311
6002,3717,2,24086,2966954934,2963,-8117
6002,3717,3,24087,2967813927,802,343
6002,3718,0,24088,2968672920,264,-5971
6002,3718,1,24089,2969531913,3964,-2413
6002,3718,2,24090,2970390906,-3727,5088
6002,3718,3,24091,2971249899,-3151,-2302
6002,3719,0,24092,2972108892,4271,-2761
6002,3719,1,24093,2972967885,-2325,3579
6002,3719,2,24094,2973826878,-2078,5475
6002,3719,3,24095,2974685871,-2032,-1690
6002,3720,0,24096,2975544864,-2185,-883
6002,3720,1,24097,2976403857,-224,3311
6002,3720,2,24098,2977262850,-8822,-2584
6002,3720,3,24099,2978121843,-2035,3011
6002,3721,0,24100,2978980836,4154,5858
6002,3721,1,24101,2979839829,-5411,1799
6002,3721,2,24102,2980698822,-4961,3958
6002,3721,3,24103,2981557815,-7299,996
6002,3722,0,24104,2982416808,-6654,1075
6002,3722,1,24105,2983275801,5577,-979
6002,3722,2,24106,2984134794,5393,-520
6002,3722,3,24107,2984993787,-3023,3236
6002,3723,0,24108,2985852780,-963,-6227
6002,3723,1,24109,2986711773,4700,-4173
6002,3723,2,24110,2987570766,-2862,1620
6002,3723,3,24111,2988429759,-2875,476
6002,3724,0,24112,2989288752,6240,2610
6002,3724,1,24113,2990147745,-3256,-2670
6002,3724,2,24114,2991006738,-3830,-727
6002,3724,3,24115,2991865731,7305,-3260
6002,3725,0,24116,2992724724,3830,-6387
6002,3725,1,24117,2993583717,2252,6968
6002,3725,2,24118,2994442710,3336,2421
6002,3725,3,24119,2995301703,55,3527
6002,3726,0,24120,2996160696,-1531,11935
6002,3726,1,24121,2997019689,232,-1613
6002,3726,2,24122,2997878682,2847,-1928
6002,3726,3,24123,2998737675,2423,1489
6002,3727,0,24124,2999596668,3781,-1372
6002,3727,1,24125,3000455661,1191,1205
6002,3727,2,24126,3001314654,156,-3107
6002,3727,3,24127,3002173647,3981,-1583
6002,3728,0,24128,3003032640,-2874,-773
6002,3728,1,24129,3003891633,-1336,-2856
6002,3728,2,24130,3004750626,6626,1347
6002,3728,3,24131,3005609619,2413,-891
6002,3729,0,24132,3006468612,381,563
6002,3729,1,24133,3007327605,-2607,3567
6002,3729,2,24134,3008186598,-2594,2672
6002,3729,3,24135,3009045591,832,3753
6002,3730,0,24136,3009904584,-3855,1465
6002,3730,1,24137,3010763577,-411,3292
6002,3730,2,24138,3011622570,4495,2687
6002,3730,3,24139,3012481563,104,-775
6002,3731,0,24140,3013340556,-1711,2657
6002,3731,1,24141,3014199549,-3786,1368
6002,3731,2,24142,3015058542,-6962,-1011
6002,3731,3,24143,3015917535,-3127,-3303
6002,3732,0,24144,3016776528,2826,-3966
6002,3732,1,24145,3017635521,-1651,3272
6002,3732,2,24146,3018494514,-3264,1445
6002,3732,3,24147,3019353507,550,-5185
6002,3733,0,24148,3020212500,-6443,-4184
6002,3733,1,24149,3021071493,-4583,-2437
6002,3733,2,24150,3021930486,-1097,-1219
6002,3733,3,24151,3022789479,-4546,-1978
6002,3734,0,24152,3023648472,6625,-1783
6002,3734,1,24153,3024507465,5777,530
6002,3734,2,24154,3025366458,-4324,808
6002,3734,3,24155,3026225451,-3444,3328
6002,3735,0,24156,3027084444,-5397,2112
6002,3735,1,24157,3027943437,1054,-5682
6002,3735,2,24158,3028802430,340,-4952
6002,3735,3,24159,3029661423,-7131,1
6002,3736,0,24160,3030520416,2852,-3176
6002,3736,1,24161,3031379409,623,-5298
6002,3736,2,24162,3032238402,-6386,-1252
6002,3736,3,24163,3033097395,787,4104
6002,3737,0,24164,3033956388,3530,5012
6002,3737,1,24165,3034815381,3559,2088
6002,3737,2,24166,3035674374,-512,4271
6002,3737,3,24167,3036533367,-5345,2630
6002,3738,0,24168,3037392360,-4023,-3864
6002,3738,1,24169,3038251353,-1494,-2649
6002,3738,2,24170,3039110346,1161,677
6002,3738,3,24171,3039969339,985,5296
6002,3739,0,24172,3040828332,2447,3282
6002,3739,1,24173,3041687325,-2413,-4554
6002,3739,2,24174,3042546318,-8316,369
6002,3739,3,24175,3043405311,270,3215
6002,3740,0,24176,3044264304,-659,-2213
6002,3740,1,24177,3045123297,-2924,-5420
6002,3740,2,24178,3045982290,718,-3307
6002,3740,3,24179,3046841283,-9983,4720
6002,3741,0,24180,3047700276,-5766,1864
6002,3741,1,24181,3048559269,6144,318
6002,3741,2,24182,3049418262,1572,7263
6002,3741,3,24183,3050277255,5557,2169
6002,3742,0,24184,3051136248,6350,-4324
6002,3742,1,24185,3051995241,-1732,-6607
6002,3742,2,24186,3052854234,1302,2050
6002,3742,3,24187,3053713227,4252,10017
6002,3743,0,24188,3054572220,3308,-3328
6002,3743,1,24189,3055431213,1015,-4218
6002,3743,2,24190,3056290206,-1720,345
6002,3743,3,24191,3057149199,910,-2823
6002,3744,0,24192,3058008192,-276,3387
6002,3744,1,24193,3058867185,-3574,-1556
6002,3744,2,24194,3059726178,591,-1600
6002,3744,3,24195,3060585171,1293,5393
6002,3745,0,24196,3061444164,-172,-1459
6002,3745,1,24197,3062303157,7138,-538
6002,3745,2,24198,3063162150,5990,-5679
6002,3745,3,24199,3064021143,-3465,-11463
6002,3746,0,24200,3064880136,1209,-775
6002,3746,1,24201,3065739129,4426,2119
6002,3746,2,24202,3066598122,-1851,4798
6002,3746,3,24203,3067457115,-388,1738
6002,3747,0,24204,3068316108,4767,-7225
6002,3747,1,24205,3069175101,4570,388
6002,3747,2,24206,3070034094,-3908,1236
6002,3747,3,24207,3070893087,-3829,-2682
6002,3748,0,24208,3071752080,6855,3443
6002,3748,1,24209,3072611073,-507,-1111
6002,3748,2,24210,3073470066,-4361,-6018
6002,3748,3,24211,3074329059,4893,1094
6002,3749,0,24212,3075188052,-1253,1929
6002,3749,1,24213,3076047045,-4384,-1254
6002,3749,2,24214,3076906038,-730,1079
6002,3749,3,24215,3077765031,-707,1108
6002,3750,0,24216,3078624024,552,89
6002,3750,1,24217,3079483017,-5552,-704
6002,3750,2,24218,3080342010,-4553,300
6002,3750,3,24219,3081201003,-2033,5711
6002,3751,0,24220,3082059996,-6413,411
6002,3751,1,24221,3082918989,6664,-4255
6002,3751,2,24222,3083777982,11185,2160
6002,3751,3,24223,3084636975,-1081,1337
6002,3752,0,24224,3085495968,-330,1336
6002,3752,1,24225,3086354961,2323,-92
6002,3752,2,24226,3087213954,2277,-4471
6002,3752,3,24227,3088072947,-1619,-140
6002,3753,0,24228,3088931940,-7096,-3793
6002,3753,1,24229,3089790933,-1302,-3833
6002,3753,2,24230,3090649926,292,2624
6002,3753,3,24231,3091508919,-1164,-7076
6002,3754,0,24232,3092367912,712,-10417
6002,3754,1,24233,3093226905,-960,-2481
6002,3754,2,24234,3094085898,3084,-2490
6002,3754,3,24235,3094944891,1598,-4424
6002,3755,0,24236,3095803884,-6714,-1615
6002,3755,1,24237,3096662877,-1365,831
6002,3755,2,24238,3097521870,3757,-1884
6002,3755,3,24239,3098380863,828,-1074
6002,3756,0,24240,3099239856,2664,1411
6002,3756,1,24241,3100098849,3308,1591
6002,3756,2,24242,3100957842,-171,3322
6002,3756,3,24243,3101816835,1588,-2922
6002,3757,0,24244,3102675828,3262,-5905
6002,3757,1,24245,3103534821,548,-1538
6002,3757,2,24246,3104393814,1158,-3088
6002,3757,3,24247,3105252807,-1575,1458
6002,3758,0,24248,3106111800,-5354,4617
6002,3758,1,24249,3106970793,1665,-969
6002,3758,2,24250,3107829786,1804,1556
6002,3758,3,24251,3108688779,-8006,3806
6002,3759,0,24252,3109547772,-5824,-1376
6002,3759,1,24253,3110406765,2264,-238
6002,3759,2,24254,3111265758,3441,4860
6002,3759,3,24255,3112124751,3101,1888
6002,3760,0,24256,3112983744,-9,-482
6002,3760,1,24257,3113842737,-4477,-2046
6002,3760,2,24258,3114701730,2987,-9414
6002,3760,3,24259,3115560723,8553,-2695
6002,3761,0,24260,3116419716,-117,7984
6002,3761,1,24261,3117278709,-2119,405
6002,3761,2,24262,3118137702,-3217,-6320
6002,3761,3,24263,3118996695,-8422,-1714
6002,3762,0,24264,3119855688,438,4441
6002,3762,1,24265,3120714681,6684,801
6002,3762,2,24266,3121573674,2879,-1254
6002,3762,3,24267,3122432667,3299,6143
6002,3763,0,24268,3123291660,4096,391
6002,3763,1,24269,3124150653,3093,-2614
6002,3763,2,24270,3125009646,-734,1982
6002,3763,3,24271,3125868639,-1702,-6876
6002,3764,0,24272,3126727632,211,-4559
6002,3764,1,24273,3127586625,-3449,2860
6002,3764,2,24274,3128445618,-1700,-1252
6002,3764,3,24275,3129304611,593,652
6002,3765,0,24276,3130163604,-2140,-582
6002,3765,1,24277,3131022597,-281,-2287
6002,3765,2,24278,3131881590,-2896,5097
6002,3765,3,24279,3132740583,-4007,6429
6002,3766,0,24280,3133599576,3026,3214
6002,3766,1,24281,3134458569,4708,1480
6002,3766,2,24282,3135317562,-337,-797
6002,3766,3,24283,3136176555,-4495,-1283
6002,3767,0,24284,3137035548,3719,-43
6002,3767,1,24285,3137894541,8157,-2768
6002,3767,2,24286,3138753534,-3553,-6137
6002,3767,3,24287,3139612527,-1804,687
6002,3768,0,24288,3140471520,5508,5733
6002,3768,1,24289,3141330513,2647,-2366
6002,3768,2,24290,3142189506,3121,-6831
6002,3768,3,24291,3143048499,1095,-679
6002,3769,0,24292,3143907492,2560,3873
6002,3769,1,24293,3144766485,5417,2267
6002,3769,2,24294,3145625478,-2561,-408
6002,3769,3,24295,3146484471,-3941,404
6002,3770,0,24296,3147343464,1051,2029
6002,3770,1,24297,3148202457,5296,-1303
6002,3770,2,24298,3149061450,4605,-2648
6002,3770,3,24299,3149920443,-1379,-1410
6002,3771,0,24300,3150779436,5071,-5867
6002,3771,1,24301,3151638429,3893,-2229
6002,3771,2,24302,3152497422,-5543,4405
6002,3771,3,24303,3153356415,3036,-1587
6002,3772,0,24304,3154215408,211,-2260
6002,3772,1,24305,3155074401,-8618,2916
6002,3772,2,24306,3155933394,-1055,4439
6002,3772,3,24307,3156792387,931,1498
6002,3773,0,24308,3157651380,6132,-3034
6002,3773,1,24309,3158510373,10665,4349
6002,3773,2,24310,3159369366,1569,4037
6002,3773,3,24311,3160228359,44,-4536
6002,3774,0,24312,3161087352,-1228,765
6002,3774,1,24313,3161946345,-5819,-328
6002,3774,2,24314,3162805338,-1499,-2699
6002,3774,3,24315,3163664331,1875,-1893
6002,3775,0,24316,3164523324,4071,-6955
6002,3775,1,24317,3165382317,5266,517
6002,3775,2,24318,3166241310,984,2469
6002,3775,3,24319,3167100303,-1389,-1666
6002,3776,0,24320,3167959296,-1102,4246
6002,3776,1,24321,3168818289,-425,-2606
6002,3776,2,24322,3169677282,876,-6260
6002,3776,3,24323,3170536275,-2906,658
6002,3777,0,24324,3171395268,-6558,-3207
6002,3777,1,24325,3172254261,1601,-2317
6002,3777,2,24326,3173113254,4059,1691
6002,3777,3,24327,3173972247,-5671,-2773
6002,3778,0,24328,3174831240,-3450,-1
6002,3778,1,24329,3175690233,-931,7936
6002,3778,2,24330,3176549226,-6163,5372
6002,3778,3,24331,3177408219,-937,2678
6002,3779,0,24332,3178267212,1780,5992
6002,3779,1,24333,3179126205,-3122,2289
6002,3779,2,24334,3179985198,-7125,2026
6002,3779,3,24335,3180844191,-8031,3824
6002,3780,0,24336,3181703184,-256,-3126
6002,3780,1,24337,3182562177,1989,923
6002,3780,2,24338,3183421170,-1033,2303
6002,3780,3,24339,3184280163,398,-6957
6002,3781,0,24340,3185139156,-2312,649
6002,3781,1,24341,3185998149,-1090,4926
6002,3781,2,24342,3186857142,3997,-2539
6002,3781,3,24343,3187716135,3763,2425
6002,3782,0,24344,3188575128,-1017,4006
6002,3782,1,24345,3189434121,-6259,-3973
6002,3782,2,24346,3190293114,23,-395
6002,3782,3,24347,3191152107,1413,6403
6002,3783,0,24348,3192011100,-6352,-1046
6002,3783,1,24349,3192870093,-967,-7522
6002,3783,2,24350,3193729086,1112,864
6002,3783,3,24351,3194588079,1702,6325
6002,3784,0,24352,3195447072,7260,2168
6002,3784,1,24353,3196306065,-2896,-1534
6002,3784,2,24354,3197165058,-5988,-8396
6002,3784,3,24355,3198024051,2123,-9728
6002,3785,0,24356,3198883044,104,3485
6002,3785,1,24357,3199742037,1454,6735
6002,3785,2,24358,3200601030,126,587
6002,3785,3,24359,3201460023,-4872,6435
6002,3786,0,24360,3202319016,-371,5390
6002,3786,1,24361,3203178009,-307,-3031
6002,3786,2,24362,3204037002,-2212,1906
6002,3786,3,24363,3204895995,-803,3013
6002,3787,0,24364,3205754988,-745,-3572
6002,3787,1,24365,3206613981,2587,-1272
6002,3787,2,24366,3207472974,1027,4419
6002,3787,3,24367,3208331967,-597,4379
6002,3788,0,24368,3209190960,4328,1124
6002,3788,1,24369,3210049953,1433,473
6002,3788,2,24370,3210908946,-2185,-893
6002,3788,3,24371,3211767939,7,-1988
6002,3789,0,24372,3212626932,-619,503
6002,3789,1,24373,3213485925,-1805,-1265
6002,3789,2,24374,3214344918,-848,-1244
6002,3789,3,24375,3215203911,1738,1474
6002,3790,0,24376,3216062904,1073,-1595
6002,3790,1,24377,3216921897,323,-1907
6002,3790,2,24378,3217780890,3739,-2583
6002,3790,3,24379,3218639883,662,-4568
6002,3791,0,24380,3219498876,-2339,1789
6002,3791,1,24381,3220357869,920,2123
6002,3791,2,24382,3221216862,1098,-7056
6002,3791,3,24383,3222075855,-463,-5893
6002,3792,0,24384,3222934848,-2515,2707
6002,3792,1,24385,3223793841,-3538,3292
6002,3792,2,24386,3224652834,-3951,-321
6002,3792,3,24387,3225511827,-574,-430
6002,3793,0,24388,3226370820,6442,2084
6002,3793,1,24389,3227229813,320,3879
6002,3793,2,24390,3228088806,-3639,1039
6002,3793,3,24391,3228947799,3176,-1930
6002,3794,0,24392,3229806792,-1274,-549
6002,3794,1,24393,3230665785,-4480,509
6002,3794,2,24394,3231524778,-330,-2781
6002,3794,3,24395,3232383771,2912,-5006
6002,3795,0,24396,3233242764,3668,1832
6002,3795,1,24397,3234101757,-4858,4514
6002,3795,2,24398,3234960750,-5715,1690
6002,3795,3,24399,3235819743,-859,5334
6002,3796,0,24400,3236678736,-3193,341
6002,3796,1,24401,3237537729,-376,-3424
6002,3796,2,24402,3238396722,-2054,2160
6002,3796,3,24403,3239255715,-4812,-1297
6002,3797,0,24404,3240114708,3185,379
6002,3797,1,24405,3240973701,3323,944
6002,3797,2,24406,3241832694,-1755,-4080
6002,3797,3,24407,3242691687,244,3177
6002,3798,0,24408,3243550680,860,2081
6002,3798,1,24409,3244409673,-2051,-600
6002,3798,2,24410,3245268666,-909,4956
6002,3798,3,24411,3246127659,-125,958
6002,3799,0,24412,3246986652,-1490,-2362
6002,3799,1,24413,3247845645,2973,-4712
6002,3799,2,24414,3248704638,5084,-442
6002,3799,3,24415,3249563631,3859,6035
6002,3800,0,24416,3250422624,399,-6437
6002,3800,1,24417,3251281617,-5073,-9536
6002,3800,2,24418,3252140610,17,-426
6002,3800,3,24419,3252999603,-2675,-988
6002,3801,0,24420,3253858596,-8432,-318
6002,3801,1,24421,3254717589,-599,2412
6002,3801,2,24422,3255576582,-2434,4755
6002,3801,3,24423,3256435575,976,1842
6002,3802,0,24424,3257294568,5586,-1604
6002,3802,1,24425,3258153561,-3989,3157
6002,3802,2,24426,3259012554,-852,2638
6002,3802,3,24427,3259871547,-736,1741
6002,3803,0,24428,3260730540,464,425
6002,3803,1,24429,3261589533,8083,-2884
6002,3803,2,24430,3262448526,-2033,3058
6002,3803,3,24431,3263307519,-1505,1775
6002,3804,0,24432,3264166512,1043,-2084
6002,3804,1,24433,3265025505,-5018,580
6002,3804,2,24434,3265884498,3987,-3480
6002,3804,3,24435,3266743491,6285,-2628
6002,3805,0,24436,3267602484,4014,731
6002,3805,1,24437,3268461477,1190,-1457
6002,3805,2,24438,3269320470,-5295,1368
6002,3805,3,24439,3270179463,-1856,1466
6002,3806,0,24440,3271038456,-3990,-5245
6002,3806,1,24441,3271897449,319,-3715
6002,3806,2,24442,3272756442,7821,7286
6002,3806,3,24443,3273615435,-1926,5546
6002,3807,0,24444,3274474428,-1048,-2261
6002,3807,1,24445,3275333421,1719,4684
6002,3807,2,24446,3276192414,-2001,4447
6002,3807,3,24447,3277051407,3406,-787
6002,3808,0,24448,3277910400,2711,2777
6002,3808,1,24449,3278769393,1044,-2774
6002,3808,2,24450,3279628386,3862,-4029
6002,3808,3,24451,3280487379,364,1851
6002,3809,0,24452,3281346372,-1112,-2038
6002,3809,1,24453,3282205365,3852,-1622
6002,3809,2,24454,3283064358,1996,3922
6002,3809,3,24455,3283923351,-5824,5494
6002,3810,0,24456,3284782344,-353,3556
6002,3810,1,24457,3285641337,3412,800
6002,3810,2,24458,3286500330,-4244,1298
6002,3810,3,24459,3287359323,-2826,1137
6002,3811,0,24460,3288218316,-2250,3385
6002,3811,1,24461,3289077309,-1085,3522
6002,3811,2,24462,3289936302,5539,-1218
6002,3811,3,24463,3290795295,1285,1180
6002,3812,0,24464,3291654288,-2150,352
6002,3812,1,24465,3292513281,-717,-1059
6002,3812,2,24466,3293372274,-452,5334
6002,3812,3,24467,3294231267,386,2239
6002,3813,0,24468,3295090260,-1199,-497
6002,3813,1,24469,3295949253,2578,4744
6002,3813,2,24470,3296808246,6458,2867
6002,3813,3,24471,3297667239,1557,-1473
6002,3814,0,24472,3298526232,-2861,-3012
6002,3814,1,24473,3299385225,-8,-2814
6002,3814,2,24474,3300244218,3272,-403
6002,3814,3,24475,3301103211,-3021,-214
6002,3815,0,24476,3301962204,-4690,-2807
6002,3815,1,24477,3302821197,-82,2280
6002,3815,2,24478,3303680190,-955,12483
6002,3815,3,24479,3304539183,2599,6436
6002,3816,0,24480,3305398176,804,-2627
6002,3816,1,24481,3306257169,-5331,-704
6002,3816,2,24482,3307116162,737,-2864
6002,3816,3,24483,3307975155,3953,1287
6002,3817,0,24484,3308834148,2175,3133
6002,3817,1,24485,3309693141,2916,-6012
6002,3817,2,24486,3310552134,2027,-2395
6002,3817,3,24487,3311411127,-570,-3621
6002,3818,0,24488,3312270120,-1908,-8485
6002,3818,1,24489,3313129113,1104,-258
6002,3818,2,24490,3313988106,165,-1481
6002,3818,3,24491,3314847099,-1666,-2195
6002,3819,0,24492,3315706092,2966,-467
6002,3819,1,24493,3316565085,3532,-7639
6002,3819,2,24494,3317424078,722,-4514
6002,3819,3,24495,3318283071,-228,1647
6002,3820,0,24496,3319142064,1091,531
6002,3820,1,24497,3320001057,-1180,-1119
6002,3820,2,24498,3320860050,-4700,2700
6002,3820,3,24499,3321719043,1098,8303
6002,3821,0,24500,3322578036,-821,1920
6002,3821,1,24501,3323437029,-3665,-351
6002,3821,2,24502,3324296022,3801,746
6002,3821,3,24503,3325155015,-1178,-2121
6002,3822,0,24504,3326014008,-3399,6127
6002,3822,1,24505,3326873001,-441,1771
6002,3822,2,24506,3327731994,-6177,-3537
6002,3822,3,24507,3328590987,-2235,6457
6002,3823,0,24508,3329449980,-1423,-2102
6002,3823,1,24509,3330308973,-6830,-3298
6002,3823,2,24510,3331167966,-2270,3827
6002,3823,3,24511,3332026959,1856,-9228
6002,3824,0,24512,3332885952,4524,-6955
6002,3824,1,24513,3333744945,4608,3686
6002,3824,2,24514,3334603938,4247,1831
6002,3824,3,24515,3335462931,2772,836
6002,3825,0,24516,3336321924,-4376,-2623
6002,3825,1,24517,3337180917,1013,-214
6002,3825,2,24518,3338039910,4939,5544
6002,3825,3,24519,3338898903,-1973,3355
6002,3826,0,24520,3339757896,3495,892
6002,3826,1,24521,3340616889,3499,708
6002,3826,2,24522,3341475882,-2780,4214
6002,3826,3,24523,3342334875,2697,4327
6002,3827,0,24524,3343193868,-2325,863
6002,3827,1,24525,3344052861,-9285,-399
6002,3827,2,24526,3344911854,2127,-3642
6002,3827,3,24527,3345770847,6746,572
6002,3828,0,24528,3346629840,179,5802
6002,3828,1,24529,3347488833,101,2960
6002,3828,2,24530,3348347826,-1104,1494
6002,3828,3,24531,3349206819,-2858,-2725
6002,3829,0,24532,3350065812,1915,-638
6002,3829,1,24533,3350924805,2807,6338
6002,3829,2,24534,3351783798,595,1724
6002,3829,3,24535,3352642791,-1364,-512
6002,3830,0,24536,3353501784,-2074,-485
6002,3830,1,24537,3354360777,2097,-1624
6002,3830,2,24538,3355219770,-1580,1009
6002,3830,3,24539,3356078763,-7594,-4202
6002,3831,0,24540,3356937756,-3527,-1673
6002,3831,1,24541,3357796749,-2077,9697
6002,3831,2,24542,3358655742,-1898,2795
6002,3831,3,24543,3359514735,-2206,-5221
6002,3832,0,24544,3360373728,-6020,-1007
6002,3832,1,24545,3361232721,-1305,2482
6002,3832,2,24546,3362091714,3222,5375
6002,3832,3,24547,3362950707,-1371,4009
6002,3833,0,24548,3363809700,-3492,117
6002,3833,1,24549,3364668693,-1900,-714
6002,3833,2,24550,3365527686,-2246,-1215
6002,3833,3,24551,3366386679,-1780,4428
6002,3834,0,24552,3367245672,2294,7089
6002,3834,1,24553,3368104665,1642,-2112
6002,3834,2,24554,3368963658,-3507,-889
6002,3834,3,24555,3369822651,-3530,7499
6002,3835,0,24556,3370681644,-1495,-43
6002,3835,1,24557,3371540637,556,-7615
6002,3835,2,24558,3372399630,2139,-1355
6002,3835,3,24559,3373258623,3860,4313
6002,3836,0,24560,3374117616,3804,4607
6002,3836,1,24561,3374976609,-6426,1838
6002,3836,2,24562,3375835602,-11167,-1337
6002,3836,3,24563,3376694595,-5315,1965
6002,3837,0,24564,3377553588,-2908,6225
6002,3837,1,24565,3378412581,3742,4242
6002,3837,2,24566,3379271574,4453,-451
6002,3837,3,24567,3380130567,-5082,-4086
6002,3838,0,24568,3380989560,-3900,-1125
6002,3838,1,24569,3381848553,-1531,4111
6002,3838,2,24570,3382707546,-2079,2886
6002,3838,3,24571,3383566539,1885,2353
6002,3839,0,24572,3384425532,1810,1991
6002,3839,1,24573,3385284525,-616,-496
6002,3839,2,24574,3386143518,-1943,2759
6002,3839,3,24575,3387002511,670,3308
6002,3840,0,24576,3387861504,3102,-1829
6002,3840,1,24577,3388720497,-2571,-2187
6002,3840,2,24578,3389579490,-3355,365
6002,3840,3,24579,3390438483,136,779
6002,3841,0,24580,3391297476,-867,-2547
6002,3841,1,24581,3392156469,-1147,-2788
6002,3841,2,24582,3393015462,-3531,423
6002,3841,3,24583,3393874455,-4338,-650
6002,3842,0,24584,3394733448,-903,3957
6002,3842,1,24585,3395592441,1116,6424
6002,3842,2,24586,3396451434,2549,-3678
6002,3842,3,24587,3397310427,-1901,-5328
6002,3843,0,24588,3398169420,-6855,-468
6002,3843,1,24589,3399028413,-4292,3700
6002,3843,2,24590,3399887406,-4234,10419
6002,3843,3,24591,3400746399,-4718,4734
6002,3844,0,24592,3401605392,-2190,-5559
6002,3844,1,24593,3402464385,-1906,-5466
6002,3844,2,24594,3403323378,2221,-1216
6002,3844,3,24595,3404182371,6933,3199
6002,3845,0,24596,3405041364,-686,1330
6002,3845,1,24597,3405900357,-8270,-540
6002,3845,2,24598,3406759350,-919,3499
6002,3845,3,24599,3407618343,2643,-415
6002,3846,0,24600,3408477336,-5093,-5438
6002,3846,1,24601,3409336329,-4736,-585
6002,3846,2,24602,3410195322,-24,2553
6002,3846,3,24603,3411054315,-294,2008
6002,3847,0,24604,3411913308,-1792,2999
6002,3847,1,24605,3412772301,-4172,-740
6002,3847,2,24606,3413631294,-3145,-5420
6002,3847,3,24607,3414490287,-2803,-59
6002,3848,0,24608,3415349280,-2032,5755
6002,3848,1,24609,3416208273,3501,4457
6002,3848,2,24610,3417067266,-3365,308
6002,3848,3,24611,3417926259,-9491,-2875
6002,3849,0,24612,3418785252,-243,3896
6002,3849,1,24613,3419644245,2,8679
6002,3849,2,24614,3420503238,-1647,894
6002,3849,3,24615,3421362231,2436,-1049
6002,3850,0,24616,3422221224,-579,2050
6002,3850,1,24617,3423080217,-212,1441
6002,3850,2,24618,3423939210,-1221,-1355
6002,3850,3,24619,3424798203,-4188,-5524
6002,3851,0,24620,3425657196,1485,-1367
6002,3851,1,24621,3426516189,1002,3819
6002,3851,2,24622,3427375182,-1841,243
6002,3851,3,24623,3428234175,-2542,-1521
6002,3852,0,24624,3429093168,-4991,-2965
6002,3852,1,24625,3429952161,2764,-6180
6002,3852,2,24626,3430811154,4217,-99
6002,3852,3,24627,3431670147,-4144,8319
6002,3853,0,24628,3432529140,-1880,1616
6002,3853,1,24629,3433388133,-2481,-4454
6002,3853,2,24630,3434247126,-5033,394
6002,3853,3,24631,3435106119,1074,-3405
6002,3854,0,24632,3435965112,911,-3490
6002,3854,1,24633,3436824105,-3891,103
6002,3854,2,24634,3437683098,-2461,-7005
6002,3854,3,24635,3438542091,677,-782
6002,3855,0,24636,3439401084,177,5099
6002,3855,1,24637,3440260077,610,-2830
6002,3855,2,24638,3441119070,453,-4603
6002,3855,3,24639,3441978063,-996,-5816
6002,3856,0,24640,3442837056,8276,-593
6002,3856,1,24641,3443696049,8974,2842
6002,3856,2,24642,3444555042,-4448,134
6002,3856,3,24643,3445414035,-419,7573
6002,3857,0,24644,3446273028,1151,2263
6002,3857,1,24645,3447132021,-6732,-1169
6002,3857,2,24646,3447991014,106,7117
6002,3857,3,24647,3448850007,-1764,-471
6002,3858,0,24648,3449709000,-7007,9
6002,3858,1,24649,3450567993,1286,2057
6002,3858,2,24650,3451426986,1187,-3687
6002,3858,3,24651,3452285979,-1467,3377
6002,3859,0,24652,3453144972,-2077,-211
6002,3859,1,24653,3454003965,-6735,-4979
6002,3859,2,24654,3454862958,-4637,2806
6002,3859,3,24655,3455721951,408,1574
6002,3860,0,24656,3456580944,64,-1212
6002,3860,1,24657,3457439937,-1551,-598
6002,3860,2,24658,3458298930,4300,1553
6002,3860,3,24659,3459157923,8394,606
6002,3861,0,24660,3460016916,1844,-2370
6002,3861,1,24661,3460875909,1115,2520
6002,3861,2,24662,3461734902,1376,572
6002,3861,3,24663,3462593895,760,-841
6002,3862,0,24664,3463452888,6501,5776
6002,3862,1,24665,3464311881,2893,2251
6002,3862,2,24666,3465170874,3077,-615
6002,3862,3,24667,3466029867,6672,358
6002,3863,0,24668,3466888860,-1690,-3419
6002,3863,1,24669,3467747853,786,-4082
6002,3863,2,24670,3468606846,2863,741
6002,3863,3,24671,3469465839,-1964,5006
6002,3864,0,24672,3470324832,2688,568
6002,3864,1,24673,3471183825,-4375,-5389
6002,3864,2,24674,3472042818,-11386,-5206
6002,3864,3,24675,3472901811,-2036,-1031
6002,3865,0,24676,3473760804,187,5463
6002,3865,1,24677,3474619797,-1275,2747
6002,3865,2,24678,3475478790,1937,-2669
6002,3865,3,24679,3476337783,2458,1369
6002,3866,0,24680,3477196776,1252,3961
6002,3866,1,24681,3478055769,2042,-650
6002,3866,2,24682,3478914762,617,-7039
6002,3866,3,24683,3479773755,-2904,-4552
6002,3867,0,24684,3480632748,-145,1290
6002,3867,1,24685,3481491741,-1773,-1421
6002,3867,2,24686,3482350734,-4887,-2186
6002,3867,3,24687,3483209727,579,1139
6002,3868,0,24688,3484068720,-1348,1711
6002,3868,1,24689,3484927713,-411,-1696
6002,3868,2,24690,3485786706,3746,-4258
6002,3868,3,24691,3486645699,-3607,-755
6002,3869,0,24692,3487504692,-4051,331
6002,3869,1,24693,3488363685,-2362,1923
6002,3869,2,24694,3489222678,-3190,3085
6002,3869,3,24695,3490081671,951,-3373
6002,3870,0,24696,3490940664,-3283,-1413
6002,3870,1,24697,3491799657,-7626,2438
6002,3870,2,24698,3492658650,-2466,-3645
6002,3870,3,24699,3493517643,3284,-2586
6002,3871,0,24700,3494376636,1246,1960
6002,3871,1,24701,3495235629,-1443,-1214
6002,3871,2,24702,3496094622,5395,-1430
6002,3871,3,24703,3496953615,2933,429
6002,3872,0,24704,3497812608,-1118,-3716
6002,3872,1,24705,3498671601,2337,-2599
6002,3872,2,24706,3499530594,-4860,-401
6002,3872,3,24707,3500389587,-3267,-3771
6002,3873,0,24708,3501248580,1472,2011
6002,3873,1,24709,3502107573,-5785,-998
6002,3873,2,24710,3502966566,-2591,-10370
6002,3873,3,24711,3503825559,3405,1519
6002,3874,0,24712,3504684552,2659,6030
6002,3874,1,24713,3505543545,-2181,915
6002,3874,2,24714,3506402538,-3760,3971
6002,3874,3,24715,3507261531,1851,-336
6002,3875,0,24716,3508120524,1303,-3866
6002,3875,1,24717,3508979517,5341,-4229
6002,3875,2,24718,3509838510,4975,-1804
6002,3875,3,24719,3510697503,-2936,4111
6002,3876,0,24720,3511556496,2329,96
6002,3876,1,24721,3512415489,-2282,458
6002,3876,2,24722,3513274482,-3660,299
6002,3876,3,24723,3514133475,6436,-5678
6002,3877,0,24724,3514992468,-148,-612
6002,3877,1,24725,3515851461,-1879,-199
6002,3877,2,24726,3516710454,-2721,-530
6002,3877,3,24727,3517569447,-4693,1963
6002,3878,0,24728,3518428440,4108,-4112
6002,3878,1,24729,3519287433,-1140,-1745
6002,3878,2,24730,3520146426,-5339,-172
6002,3878,3,24731,3521005419,-2400,-643
6002,3879,0,24732,3521864412,-3802,7532
6002,3879,1,24733,3522723405,-430,2819
6002,3879,2,24734,3523582398,381,192
6002,3879,3,24735,3524441391,5890,9054
6002,3880,0,24736,3525300384,5826,2766
6002,3880,1,24737,3526159377,-3414,-6297
6002,3880,2,24738,3527018370,2847,-4235
6002,3880,3,24739,3527877363,5562,-321
6002,3881,0,24740,3528736356,1346,2447
6002,3881,1,24741,3529595349,-899,-354
6002,3881,2,24742,3530454342,-4777,-1603
6002,3881,3,24743,3531313335,-468,2085
6002,3882,0,24744,3532172328,-1405,-1759
6002,3882,1,24745,3533031321,-2662,-1751
6002,3882,2,24746,3533890314,2721,3510
6002,3882,3,24747,3534749307,782,-3365
6002,3883,0,24748,3535608300,1210,-2970
6002,3883,1,24749,3536467293,-1194,4838
6002,3883,2,24750,3537326286,-2884,752
6002,3883,3,24751,3538185279,2814,1987
6002,3884,0,24752,3539044272,-1844,2629
6002,3884,1,24753,3539903265,-5084,-1829
6002,3884,2,24754,3540762258,-4245,4183
6002,3884,3,24755,3541621251,-6301,2067
6002,3885,0,24756,3542480244,172,-4096
6002,3885,1,24757,3543339237,5790,-125
6002,3885,2,24758,3544198230,2274,1635
6002,3885,3,24759,3545057223,-2614,3674
6002,3886,0,24760,3545916216,-136,1381
6002,3886,1,24761,3546775209,3226,-1845
6002,3886,2,24762,3547634202,-2671,2681
6002,3886,3,24763,3548493195,-3240,-2158
6002,3887,0,24764,3549352188,1294,-6646
6002,3887,1,24765,3550211181,98,711
6002,3887,2,24766,3551070174,-1631,3613
6002,3887,3,24767,3551929167,-4593,1503
6002,3888,0,24768,3552788160,-3586,891
6002,3888,1,24769,3553647153,4933,3257
6002,3888,2,24770,3554506146,6706,2454
6002,3888,3,24771,3555365139,-1413,-1833
6002,3889,0,24772,3556224132,-2697,1181
6002,3889,1,24773,3557083125,4317,1631
6002,3889,2,24774,3557942118,4070,-2022
6002,3889,3,24775,3558801111,1826,640
6002,3890,0,24776,3559660104,1916,-167
6002,3890,1,24777,3560519097,-449,-2234
6002,3890,2,24778,3561378090,678,1344
6002,3890,3,24779,3562237083,233,2192
6002,3891,0,24780,3563096076,-739,298
6002,3891,1,24781,3563955069,1743,956
6002,3891,2,24782,3564814062,-276,2344
6002,3891,3,24783,3565673055,280,-1483
6002,3892,0,24784,3566532048,1111,-4332
6002,3892,1,24785,3567391041,-4121,-1597
6002,3892,2,24786,3568250034,-3370,-3038
6002,3892,3,24787,3569109027,2365,-1648
6002,3893,0,24788,3569968020,2766,2381
6002,3893,1,24789,3570827013,-3025,-755
6002,3893,2,24790,3571686006,-2738,1013
6002,3893,3,24791,3572544999,2504,1735
6002,3894,0,24792,3573403992,-4896,-2284
6002,3894,1,24793,3574262985,-7989,1149
6002,3894,2,24794,3575121978,-453,-395
6002,3894,3,24795,3575980971,-5190,-4532
6002,3895,0,24796,3576839964,-3000,-1778
6002,3895,1,24797,3577698957,9540,2850
6002,3895,2,24798,3578557950,4449,9304
6002,3895,3,24799,3579416943,-59,3277
6002,3896,0,24800,3580275936,1616,-7402
6002,3896,1,24801,3581134929,-4711,-4550
6002,3896,2,24802,3581993922,-218,-1391
6002,3896,3,24803,3582852915,6115,4487
6002,3897,0,24804,3583711908,-2159,6065
6002,3897,1,24805,3584570901,-4920,-4335
6002,3897,2,24806,3585429894,356,171
6002,3897,3,24807,3586288887,448,7400
6002,3898,0,24808,3587147880,-3997,-1049
6002,3898,1,24809,3588006873,-301,-4466
6002,3898,2,24810,3588865866,4156,-2269
6002,3898,3,24811,3589724859,-4838,-1430
6002,3899,0,24812,3590583852,-1687,1709
6002,3899,1,24813,3591442845,6281,3019
6002,3899,2,24814,3592301838,-2515,-210
6002,3899,3,24815,3593160831,155,-2187
6002,3900,0,24816,3594019824,2612,1737
6002,3900,1,24817,3594878817,-7233,5177
6002,3900,2,24818,3595737810,-5222,5255
6002,3900,3,24819,3596596803,-3514,1624
6002,3901,0,24820,3597455796,-4382,-4457
6002,3901,1,24821,3598314789,-2797,-476
6002,3901,2,24822,3599173782,-7684,2793
6002,3901,3,24823,3600032775,-7395,-3026
6002,3902,0,24824,3600891768,-1669,3019
6002,3902,1,24825,3601750761,-318,6305
6002,3902,2,24826,3602609754,485,-4371
6002,3902,3,24827,3603468747,2802,-280
6002,3903,0,24828,3604327740,-367,7291
6002,3903,1,24829,3605186733,-1982,2224
6002,3903,2,24830,3606045726,5902,2263
6002,3903,3,24831,3606904719,2075,1633
6002,3904,0,24832,3607763712,-4249,-1090
6002,3904,1,24833,3608622705,786,2022
6002,3904,2,24834,3609481698,-1684,-2056
6002,3904,3,24835,3610340691,2095,-4858
6002,3905,0,24836,3611199684,8057,-197
6002,3905,1,24837,3612058677,2565,-725
6002,3905,2,24838,3612917670,1636,2618
6002,3905,3,24839,3613776663,-2530,5251
6002,3906,0,24840,3614635656,-1264,705
6002,3906,1,24841,3615494649,3990,2157
6002,3906,2,24842,3616353642,-2773,-3326
6002,3906,3,24843,3617212635,1356,-11438
6002,3907,0,24844,3618071628,5622,-3898
6002,3907,1,24845,3618930621,-860,-1539
6002,3907,2,24846,3619789614,-4395,-1225
6002,3907,3,24847,3620648607,-6722,6131
6002,3908,0,24848,3621507600,2080,909
6002,3908,1,24849,3622366593,2858,-1889
6002,3908,2,24850,3623225586,-6537,2718
6002,3908,3,24851,3624084579,3835,-2327
6002,3909,0,24852,3624943572,7588,-1599
6002,3909,1,24853,3625802565,566,1889
6002,3909,2,24854,3626661558,4546,-2749
6002,3909,3,24855,3627520551,3703,-4004
6002,3910,0,24856,3628379544,-1267,-1902
6002,3910,1,24857,3629238537,-2261,3253
6002,3910,2,24858,3630097530,-882,2439
6002,3910,3,24859,3630956523,638,-5837
6002,3911,0,24860,3631815516,-2150,-4115
6002,3911,1,24861,3632674509,1124,-630
6002,3911,2,24862,3633533502,7488,574
6002,3911,3,24863,3634392495,3352,-1171
6002,3912,0,24864,3635251488,-2352,-7594
6002,3912,1,24865,3636110481,-1474,1246
6002,3912,2,24866,3636969474,3651,6079
6002,3912,3,24867,3637828467,6369,-5798
6002,3913,0,24868,3638687460,1838,-3234
6002,3913,1,24869,3639546453,-1052,4554
6002,3913,2,24870,3640405446,534,681
6002,3913,3,24871,3641264439,983,-4836
6002,3914,0,24872,3642123432,-1348,-4203
6002,3914,1,24873,3642982425,-7565,395
6002,3914,2,24874,3643841418,-5862,67
6002,3914,3,24875,3644700411,1865,1352
6002,3915,0,24876,3645559404,-526,2154
6002,3915,1,24877,3646418397,-284,-835
6002,3915,2,24878,3647277390,273,2094
6002,3915,3,24879,3648136383,-4172,1634
6002,3916,0,24880,3648995376,4091,2021
6002,3916,1,24881,3649854369,5194,4817
6002,3916,2,24882,3650713362,-2090,-317
6002,3916,3,24883,3651572355,3784,-1442
6002,3917,0,24884,3652431348,1640,-3774
6002,3917,1,24885,3653290341,-3779,-5859
6002,3917,2,24886,3654149334,2491,-1913
6002,3917,3,24887,3655008327,2534,-6236
6002,3918,0,24888,3655867320,-3674,-2532
6002,3918,1,24889,3656726313,-2576,8200
6002,3918,2,24890,3657585306,3973,5874
6002,3918,3,24891,3658444299,-1380,1659
6002,3919,0,24892,3659303292,-7043,-3761
6002,3919,1,24893,3660162285,6498,-6180
6002,3919,2,24894,3661021278,9684,1942
6002,3919,3,24895,3661880271,-377,4908
6002,3920,0,24896,3662739264,417,241
6002,3920,1,24897,3663598257,-151,-3627
6002,3920,2,24898,3664457250,-2588,-5363
6002,3920,3,24899,3665316243,1304,-1866
6002,3921,0,24900,3666175236,-1614,5762
6002,3921,1,24901,3667034229,-7205,5164
6002,3921,2,24902,3667893222,-489,-2332
6002,3921,3,24903,3668752215,1654,-988
6002,3922,0,24904,3669611208,-6631,2450
6002,3922,1,24905,3670470201,-2038,672
6002,3922,2,24906,3671329194,3263,482
6002,3922,3,24907,3672188187,1611,265
6002,3923,0,24908,3673047180,6746,3
6002,3923,1,24909,3673906173,3325,25
6002,3923,2,24910,3674765166,-2990,-1458
6002,3923,3,24911,3675624159,208,-3665
6002,3924,0,24912,3676483152,55,-3015
6002,3924,1,24913,3677342145,1341,-205
6002,3924,2,24914,3678201138,3467,-2376
6002,3924,3,24915,3679060131,-1388,792
6002,3925,0,24916,3679919124,-1836,6657
6002,3925,1,24917,3680778117,4644,743
6002,3925,2,24918,3681637110,3671,-1494
6002,3925,3,24919,3682496103,1706,2041
6002,3926,0,24920,3683355096,9460,4419
6002,3926,1,24921,3684214089,5629,4443
6002,3926,2,24922,3685073082,-2155,-1526
6002,3926,3,24923,3685932075,2724,2994
6002,3927,0,24924,3686791068,-115,8045
6002,3927,1,24925,3687650061,-661,1485
6002,3927,2,24926,3688509054,5014,171
6002,3927,3,24927,3689368047,1205,-1988
6002,3928,0,24928,3690227040,-1329,-358
6002,3928,1,24929,3691086033,-1693,299
6002,3928,2,24930,3691945026,3523,-10833
6002,3928,3,24931,3692804019,6949,-3772
6002,3929,0,24932,3693663012,-3463,5413
6002,3929,1,24933,3694522005,-5982,-985
6002,3929,2,24934,3695380998,-2466,3839
6002,3929,3,24935,3696239991,-2071,5199
6002,3930,0,24936,3697098984,189,-526
6002,3930,1,24937,3697957977,-1312,83
6002,3930,2,24938,3698816970,-1298,116
6002,3930,3,24939,3699675963,-1024,4443
6002,3931,0,24940,3700534956,-2294,163
6002,3931,1,24941,3701393949,1410,-4811
6002,3931,2,24942,3702252942,3155,6729
6002,3931,3,24943,3703111935,727,982
6002,3932,0,24944,3703970928,304,-7665
6002,3932,1,24945,3704829921,494,4648
6002,3932,2,24946,3705688914,-2973,2821
6002,3932,3,24947,3706547907,1872,-4187
6002,3933,0,24948,3707406900,8630,-675
6002,3933,1,24949,3708265893,-1708,-501
6002,3933,2,24950,3709124886,-5094,-702
6002,3933,3,24951,3709983879,288,-4899
6002,3934,0,24952,3710842872,1263,-682
6002,3934,1,24953,3711701865,8354,8580
6002,3934,2,24954,3712560858,7869,-2493
6002,3934,3,24955,3713419851,3925,-5987
6002,3935,0,24956,3714278844,1194,856
6002,3935,1,24957,3715137837,-4093,-3742
6002,3935,2,24958,3715996830,1687,257
6002,3935,3,24959,3716855823,-368,3880
6002,3936,0,24960,3717714816,-3098,-1398
6002,3936,1,24961,3718573809,2911,570
6002,3936,2,24962,3719432802,-1134,1338
6002,3936,3,24963,3720291795,4182,1153
6002,3937,0,24964,3721150788,4513,-1284
6002,3937,1,24965,3722009781,-6708,-8568
6002,3937,2,24966,3722868774,-1163,-2132
6002,3937,3,24967,3723727767,4944,4714
6002,3938,0,24968,3724586760,6857,-3465
6002,3938,1,24969,3725445753,791,-5913
6002,3938,2,24970,3726304746,-5595,-4890
6002,3938,3,24971,3727163739,2696,-5531
6002,3939,0,24972,3728022732,-4421,4144
6002,3939,1,24973,3728881725,-8962,6452
6002,3939,2,24974,3729740718,3242,972
6002,3939,3,24975,3730599711,3328,5182
6002,3940,0,24976,3731458704,1618,1648
6002,3940,1,24977,3732317697,-2683,-1792
6002,3940,2,24978,3733176690,-4347,7099
6002,3940,3,24979,3734035683,2818,4316
6002,3941,0,24980,3734894676,-1688,-3730
6002,3941,1,24981,3735753669,-4158,-3425
6002,3941,2,24982,3736612662,-31,-1343
6002,3941,3,24983,3737471655,1595,2589
6002,3942,0,24984,3738330648,1434,5391
6002,3942,1,24985,3739189641,-4888,3404
6002,3942,2,24986,3740048634,-3985,-1619
6002,3942,3,24987,3740907627,-105,-4125
6002,3943,0,24988,3741766620,-2678,-5515
6002,3943,1,24989,3742625613,-3211,-2675
6002,3943,2,24990,3743484606,-1995,6194
6002,3943,3,24991,3744343599,4937,2019
6002,3944,0,24992,3745202592,4160,-959
6002,3944,1,24993,3746061585,-3451,6240
6002,3944,2,24994,3746920578,4498,2099
6002,3944,3,24995,3747779571,5482,1828
6002,3945,0,24996,3748638564,-4460,3700
6002,3945,1,24997,3749497557,-4579,1403
6002,3945,2,24998,3750356550,-2800,3393
6002,3945,3,24999,3751215543,2332,-5312
6002,3946,0,25000,3752074536,4766,-4935
6002,3946,1,25001,3752933529,-469,4935
6002,3946,2,25002,3753792522,536,1550
6002,3946,3,25003,3754651515,-85,5190
6002,3947,0,25004,3755510508,544,7663
6002,3947,1,25005,3756369501,4803,2028
6002,3947,2,25006,3757228494,-2844,2157
6002,3947,3,25007,3758087487,-3662,-139
6002,3948,0,25008,3758946480,4838,-554
6002,3948,1,25009,3759805473,1377,4335
6002,3948,2,25010,3760664466,-2485,6581
6002,3948,3,25011,3761523459,-3029,2651
6002,3949,0,25012,3762382452,-3153,212
6002,3949,1,25013,3763241445,729,284
6002,3949,2,25014,3764100438,-176,-5234
6002,3949,3,25015,3764959431,-3079,-1234
6002,3950,0,25016,3765818424,-3147,2665
6002,3950,1,25017,3766677417,-2881,-2544
6002,3950,2,25018,3767536410,-3593,977
6002,3950,3,25019,3768395403,-4383,555
6002,3951,0,25020,3769254396,-308,-605
6002,3951,1,25021,3770113389,1947,-1680
6002,3951,2,25022,3770972382,2028,-6450
6002,3951,3,25023,3771831375,1853,2551
6002,3952,0,25024,3772690368,-714,2889
6002,3952,1,25025,3773549361,3312,-2717
6002,3952,2,25026,3774408354,2794,1367
6002,3952,3,25027,3775267347,-479,-1625
6002,3953,0,25028,3776126340,3031,-2645
6002,3953,1,25029,3776985333,-130,-2841
6002,3953,2,25030,3777844326,3065,-1559
6002,3953,3,25031,3778703319,1524,577
6002,3954,0,25032,3779562312,-11185,-4436
6002,3954,1,25033,3780421305,-3060,-1755
6002,3954,2,25034,3781280298,-504,-4091
6002,3954,3,25035,3782139291,-5008,-5342
6002,3955,0,25036,3782998284,7443,-261
6002,3955,1,25037,3783857277,6388,-4815
6002,3955,2,25038,3784716270,-1218,3703
6002,3955,3,25039,3785575263,761,4142
6002,3956,0,25040,3786434256,736,-6724
6002,3956,1,25041,3787293249,-1808,2285
6002,3956,2,25042,3788152242,-2803,1720
6002,3956,3,25043,3789011235,5926,-2093
6002,3957,0,25044,3789870228,4983,3857
6002,3957,1,25045,3790729221,-4295,1079
6002,3957,2,25046,3791588214,3066,-4468
6002,3957,3,25047,3792447207,3556,-4407
6002,3958,0,25048,3793306200,-4161,5303
6002,3958,1,25049,3794165193,-4404,5905
6002,3958,2,25050,3795024186,-5865,2426
6002,3958,3,25051,3795883179,-4193,3864
6002,3959,0,25052,3796742172,-3116,-6471
6002,3959,1,25053,3797601165,-3619,324
6002,3959,2,25054,3798460158,-2008,8971
6002,3959,3,25055,3799319151,-3006,-1406
6002,3960,0,25056,3800178144,-285,2340
6002,3960,1,25057,3801037137,496,2596
6002,3960,2,25058,3801896130,-5797,-831
6002,3960,3,25059,3802755123,-4257,303
6002,3961,0,25060,3803614116,4483,-2401
6002,3961,1,25061,3804473109,490,3871
6002,3961,2,25062,3805332102,-6256,799
6002,3961,3,25063,3806191095,4030,-2301
6002,3962,0,25064,3807050088,5353,2659
6002,3962,1,25065,3807909081,88,-867
6002,3962,2,25066,3808768074,8537,1335
6002,3962,3,25067,3809627067,5768,-3587
6002,3963,0,25068,3810486060,3718,-6746
6002,3963,1,25069,3811345053,8816,1053
6002,3963,2,25070,3812204046,-207,-869
6002,3963,3,25071,3813063039,2488,4028
6002,3964,0,25072,3813922032,10815,2488
6002,3964,1,25073,3814781025,3588,-4392
6002,3964,2,25074,3815640018,478,848
6002,3964,3,25075,3816499011,1873,-3917
6002,3965,0,25076,3817358004,1942,-1523
6002,3965,1,25077,3818216997,-2233,2919
6002,3965,2,25078,3819075990,-4319,-2814
6002,3965,3,25079,3819934983,5823,4477
6002,3966,0,25080,3820793976,4229,3779
6002,3966,1,25081,3821652969,-2423,-2791
6002,3966,2,25082,3822511962,6018,-1070
6002,3966,3,25083,3823370955,3762,-3780
6002,3967,0,25084,3824229948,-1665,1026
6002,3967,1,25085,3825088941,3600,5217
6002,3967,2,25086,3825947934,-3301,2090
6002,3967,3,25087,3826806927,-5695,6747
6002,3968,0,25088,3827665920,3807,5340
6002,3968,1,25089,3828524913,-1848,-5587
6002,3968,2,25090,3829383906,-6054,-4157
6002,3968,3,25091,3830242899,2334,5060
6002,3969,0,25092,3831101892,2988,1805
6002,3969,1,25093,3831960885,-3348,-2920
6002,3969,2,25094,3832819878,-2720,2661
6002,3969,3,25095,3833678871,6906,5942
6002,3970,0,25096,3834537864,5901,5937
6002,3970,1,25097,3835396857,-2856,4218
6002,3970,2,25098,3836255850,-1066,-123
6002,3970,3,25099,3837114843,-2723,-1964
6002,3971,0,25100,3837973836,-3200,-3109
6002,3971,1,25101,3838832829,740,-3532
6002,3971,2,25102,3839691822,-1630,-2098
6002,3971,3,25103,3840550815,4104,1912
6002,3972,0,25104,3841409808,3482,5778
6002,3972,1,25105,3842268801,-5254,2227
6002,3972,2,25106,3843127794,-356,-461
6002,3972,3,25107,3843986787,-851,3850
6002,3973,0,25108,3844845780,-5471,3814
6002,3973,1,25109,3845704773,-3142,-1356
6002,3973,2,25110,3846563766,-3044,-914
6002,3973,3,25111,3847422759,-4026,2121
6002,3974,0,25112,3848281752,-3852,781
6002,3974,1,25113,3849140745,3537,-392
6002,3974,2,25114,3849999738,7525,1168
6002,3974,3,25115,3850858731,4674,3414
6002,3975,0,25116,3851717724,7218,-307
6002,3975,1,25117,3852576717,2393,-6482
6002,3975,2,25118,3853435710,-944,-4196
6002,3975,3,25119,3854294703,3392,-6715
6002,3976,0,25120,3855153696,1333,-9506
6002,3976,1,25121,3856012689,2503,971
6002,3976,2,25122,3856871682,2785,849
6002,3976,3,25123,3857730675,637,-6177
6002,3977,0,25124,3858589668,452,-725
6002,3977,1,25125,3859448661,-3052,1835
6002,3977,2,25126,3860307654,700,-1302
6002,3977,3,25127,3861166647,4078,-909
6002,3978,0,25128,3862025640,-36,-2496
6002,3978,1,25129,3862884633,-3376,-4001
6002,3978,2,25130,3863743626,-4591,2752
6002,3978,3,25131,3864602619,2068,7507
6002,3979,0,25132,3865461612,1815,4655
6002,3979,1,25133,3866320605,-8239,766
6002,3979,2,25134,3867179598,-5144,-5437
6002,3979,3,25135,3868038591,5447,-3680
6002,3980,0,25136,3868897584,7203,1681
6002,3980,1,25137,3869756577,-638,-2500
6002,3980,2,25138,3870615570,-4629,-1386
6002,3980,3,25139,3871474563,-2845,776
6002,3981,0,25140,3872333556,443,495
6002,3981,1,25141,3873192549,6555,3321
6002,3981,2,25142,3874051542,-1754,401
6002,3981,3,25143,3874910535,-6478,954
6002,3982,0,25144,3875769528,5657,470
6002,3982,1,25145,3876628521,1332,-993
6002,3982,2,25146,3877487514,-2199,4116
6002,3982,3,25147,3878346507,2236,-1800
6002,3983,0,25148,3879205500,-2557,-1464
6002,3983,1,25149,3880064493,3082,6707
6002,3983,2,25150,3880923486,4753,1765
6002,3983,3,25151,3881782479,-2520,299
6002,3984,0,25152,3882641472,-2688,-872
6002,3984,1,25153,3883500465,-5945,-1530
6002,3984,2,25154,3884359458,-2450,1535
6002,3984,3,25155,3885218451,-314,-5507
6002,3985,0,25156,3886077444,-5182,-6804
6002,3985,1,25157,3886936437,3843,-433
6002,3985,2,25158,3887795430,4762,2588
6002,3985,3,25159,3888654423,-6297,3219
6002,3986,0,25160,3889513416,-3512,1872
6002,3986,1,25161,3890372409,5131,4250
6002,3986,2,25162,3891231402,6959,1430
6002,3986,3,25163,3892090395,1596,-1976
6002,3987,0,25164,3892949388,-190,-224
6002,3987,1,25165,3893808381,2677,-6917
6002,3987,2,25166,3894667374,-176,-7652
6002,3987,3,25167,3895526367,-2873,-1485
6002,3988,0,25168,3896385360,-5499,-2124
6002,3988,1,25169,3897244353,-5139,1033
6002,3988,2,25170,3898103346,1132,3900
6002,3988,3,25171,3898962339,1814,-3787
6002,3989,0,25172,3899821332,2875,-10484
6002,3989,1,25173,3900680325,-163,-3473
6002,3989,2,25174,3901539318,-8162,3690
6002,3989,3,25175,3902398311,-2440,-1097
6002,3990,0,25176,3903257304,-1754,-4610
6002,3990,1,25177,3904116297,-6319,-3936
6002,3990,2,25178,3904975290,1584,-2636
6002,3990,3,25179,3905834283,341,-3307
6002,3991,0,25180,3906693276,-1150,-5313
6002,3991,1,25181,3907552269,5526,-1809
6002,3991,2,25182,3908411262,45,-592
6002,3991,3,25183,3909270255,-1244,608
6002,3992,0,25184,3910129248,1868,3721
6002,3992,1,25185,3910988241,-4066,2384
6002,3992,2,25186,3911847234,-2522,3528
6002,3992,3,25187,3912706227,1237,-803
6002,3993,0,25188,3913565220,-1161,-6336
6002,3993,1,25189,3914424213,-1757,-2628
6002,3993,2,25190,3915283206,-4222,-2764
6002,3993,3,25191,3916142199,-2944,-3516
6002,3994,0,25192,3917001192,6094,-2611
6002,3994,1,25193,3917860185,5729,-634
6002,3994,2,25194,3918719178,-1165,2194
6002,3994,3,25195,3919578171,4430,-1515
6002,3995,0,25196,3920437164,8358,2486
6002,3995,1,25197,3921296157,-102,8453
6002,3995,2,25198,3922155150,-627,1702
6002,3995,3,25199,3923014143,3710,-2314
6002,3996,0,25200,3923873136,2783,-698
6002,3996,1,25201,3924732129,1481,257
6002,3996,2,25202,3925591122,-3701,-1600
6002,3996,3,25203,3926450115,-3520,-2692
6002,3997,0,25204,3927309108,3191,-1197
6002,3997,1,25205,3928168101,548,-4142
6002,3997,2,25206,3929027094,-3900,-7257
6002,3997,3,25207,3929886087,-4599,-10111
6002,3998,0,25208,3930745080,-4958,-5035
6002,3998,1,25209,3931604073,-509,5961
6002,3998,2,25210,3932463066,3807,1742
6002,3998,3,25211,3933322059,2091,1560
6002,3999,0,25212,3934181052,-1302,5228
6002,3999,1,25213,3935040045,848,-4754
6002,3999,2,25214,3935899038,3764,-5748
6002,3999,3,25215,3936758031,-874,-1317
6002,4000,0,25216,3937617024,-1632,5956
6002,4000,1,25217,3938476017,1488,13250
6002,4000,2,25218,3939335010,-1477,349
6002,4000,3,25219,3940194003,2416,-3135
6002,4001,0,25220,3941052996,7907,3163
6002,4001,1,25221,3941911989,1879,-2746
6002,4001,2,25222,3942770982,2895,3967
6002,4001,3,25223,3943629975,7753,10296
6002,4002,0,25224,3944488968,2999,2450
6002,4002,1,25225,3945347961,3957,758
6002,4002,2,25226,3946206954,2901,469
6002,4002,3,25227,3947065947,-5567,1729
6002,4003,0,25228,3947924940,-1222,1972
6002,4003,1,25229,3948783933,479,-3890
6002,4003,2,25230,3949642926,-6170,-1126
6002,4003,3,25231,3950501919,-442,-301
6002,4004,0,25232,3951360912,272,-4355
6002,4004,1,25233,3952219905,-5098,4073
6002,4004,2,25234,3953078898,3605,5858
6002,4004,3,25235,3953937891,3166,-2777
6002,4005,0,25236,3954796884,-7494,-501
6002,4005,1,25237,3955655877,-2164,-28
6002,4005,2,25238,3956514870,2041,-2531
6002,4005,3,25239,3957373863,-78,3530
6002,4006,0,25240,3958232856,4211,2201
6002,4006,1,25241,3959091849,1029,-2577
6002,4006,2,25242,3959950842,266,406
6002,4006,3,25243,3960809835,6442,299
6002,4007,0,25244,3961668828,1027,-174
6002,4007,1,25245,3962527821,1888,1943
6002,4007,2,25246,3963386814,6242,3509
6002,4007,3,25247,3964245807,-2031,5641
6002,4008,0,25248,3965104800,37,3372
6002,4008,1,25249,3965963793,9466,895
6002,4008,2,25250,3966822786,5918,-736
6002,4008,3,25251,3967681779,-5111,-5771
6002,4009,0,25252,3968540772,-2963,-5680
6002,4009,1,25253,3969399765,8197,-2177
6002,4009,2,25254,3970258758,-1151,173
6002,4009,3,25255,3971117751,-5727,2050
6002,4010,0,25256,3971976744,5560,1406
6002,4010,1,25257,3972835737,-2153,4840
6002,4010,2,25258,3973694730,-4332,7709
6002,4010,3,25259,3974553723,3669,2802
6002,4011,0,25260,3975412716,-87,611
6002,4011,1,25261,3976271709,3399,460
6002,4011,2,25262,3977130702,4655,-1591
6002,4011,3,25263,3977989695,-1388,6
6002,4012,0,25264,3978848688,-960,1851
6002,4012,1,25265,3979707681,-437,3126
6002,4012,2,25266,3980566674,-1448,6070
6002,4012,3,25267,3981425667,-6943,1040
6002,4013,0,25268,3982284660,-6294,-5176
6002,4013,1,25269,3983143653,380,618
6002,4013,2,25270,3984002646,-2673,1520
6002,4013,3,25271,3984861639,248,-120
6002,4014,0,25272,3985720632,4629,5786
6002,4014,1,25273,3986579625,-1288,-540
6002,4014,2,25274,3987438618,-1553,-4788
6002,4014,3,25275,3988297611,339,270
6002,4015,0,25276,3989156604,-3503,-4779
6002,4015,1,25277,3990015597,-6076,-2754
6002,4015,2,25278,3990874590,1002,1956
6002,4015,3,25279,3991733583,8113,577
6002,4016,0,25280,3992592576,1987,53
6002,4016,1,25281,3993451569,-1026,-10639
6002,4016,2,25282,3994310562,4318,-7896
6002,4016,3,25283,3995169555,6154,3970
6002,4017,0,25284,3996028548,2709,297
6002,4017,1,25285,3996887541,-3437,4435
6002,4017,2,25286,3997746534,-3918,4334
6002,4017,3,25287,3998605527,-1628,-1858
6002,4018,0,25288,3999464520,-4,1431
6002,4018,1,25289,4000323513,1907,-3216
6002,4018,2,25290,4001182506,-1809,1
6002,4018,3,25291,4002041499,-2408,5192
6002,4019,0,25292,4002900492,1340,-2046
6002,4019,1,25293,4003759485,1238,207
6002,4019,2,25294,4004618478,844,-1345
6002,4019,3,25295,4005477471,-638,-6153
6002,4020,0,25296,4006336464,-2435,-1234
6002,4020,1,25297,4007195457,-3159,-1116
6002,4020,2,25298,4008054450,-468,-3315
6002,4020,3,25299,4008913443,7136,-1975
6002,4021,0,25300,4009772436,7345,313
6002,4021,1,25301,4010631429,-1146,-3319
6002,4021,2,25302,4011490422,-3258,-5424
6002,4021,3,25303,4012349415,3682,327
6002,4022,0,25304,4013208408,3970,-1116
6002,4022,1,25305,4014067401,-331,3186
6002,4022,2,25306,4014926394,4883,7620
6002,4022,3,25307,4015785387,6239,-1381
6002,4023,0,25308,4016644380,1303,1472
6002,4023,1,25309,4017503373,-1331,3003
6002,4023,2,25310,4018362366,-1859,-746
6002,4023,3,25311,4019221359,4160,4945
6002,4024,0,25312,4020080352,342,1885
6002,4024,1,25313,4020939345,-3255,1842
6002,4024,2,25314,4021798338,9768,5201
6002,4024,3,25315,4022657331,5283,-3085
6002,4025,0,25316,4023516324,-4574,-3884
6002,4025,1,25317,4024375317,2167,-851
6002,4025,2,25318,4025234310,1964,-1541
6002,4025,3,25319,4026093303,-315,2724
6002,4026,0,25320,4026952296,-2301,3565
6002,4026,1,25321,4027811289,-5088,-2291
6002,4026,2,25322,4028670282,818,-2285
6002,4026,3,25323,4029529275,1647,4420
6002,4027,0,25324,4030388268,640,2346
6002,4027,1,25325,4031247261,3665,-2420
6002,4027,2,25326,4032106254,195,1284
6002,4027,3,25327,4032965247,353,-580
6002,4028,0,25328,4033824240,4584,-5437
6002,4028,1,25329,4034683233,-306,-2691
6002,4028,2,25330,4035542226,-5725,-1131
6002,4028,3,25331,4036401219,-6440,-1794
6002,4029,0,25332,4037260212,-6993,3484
6002,4029,1,25333,4038119205,-3441,7296
6002,4029,2,25334,4038978198,-2906,-1399
6002,4029,3,25335,4039837191,-4230,-5801
6002,4030,0,25336,4040696184,1693,3248
6002,4030,1,25337,4041555177,-2382,4451
6002,4030,2,25338,4042414170,-6324,-2050
6002,4030,3,25339,4043273163,5702,-2116
6002,4031,0,25340,4044132156,7643,-1995
6002,4031,1,25341,4044991149,-307,-4902
6002,4031,2,25342,4045850142,-3608,-1362
6002,4031,3,25343,4046709135,710,3869
6002,4032,0,25344,4047568128,5498,-1318
6002,4032,1,25345,4048427121,-4183,-6554
6002,4032,2,25346,4049286114,-4350,-1906
6002,4032,3,25347,4050145107,2157,2049
6002,4033,0,25348,4051004100,-5650,-1366
6002,4033,1,25349,4051863093,-3,-2531
6002,4033,2,25350,4052722086,5417,2131
6002,4033,3,25351,4053581079,-3811,-227
6002,4034,0,25352,4054440072,-997,-1479
6002,4034,1,25353,4055299065,3806,4512
6002,4034,2,25354,4056158058,2102,-981
6002,4034,3,25355,4057017051,-63,-4256
6002,4035,0,25356,4057876044,-253,4776
6002,4035,1,25357,4058735037,639,6836
6002,4035,2,25358,4059594030,-3290,3545
6002,4035,3,25359,4060453023,368,-889
6002,4036,0,25360,4061312016,2976,-2171
6002,4036,1,25361,4062171009,-2766,547
6002,4036,2,25362,4063030002,-397,-3446
6002,4036,3,25363,4063888995,-2577,-2831
6002,4037,0,25364,4064747988,-4235,3045
6002,4037,1,25365,4065606981,3673,-2421
6002,4037,2,25366,4066465974,1907,-5822
6002,4037,3,25367,4067324967,-736,1777
6002,4038,0,25368,4068183960,-93,2441
6002,4038,1,25369,4069042953,-3173,-1182
6002,4038,2,25370,4069901946,-982,313
6002,4038,3,25371,4070760939,2180,-3728
6002,4039,0,25372,4071619932,319,-3254
6002,4039,1,25373,4072478925,-3641,4747
6002,4039,2,25374,4073337918,-4091,972
6002,4039,3,25375,4074196911,951,-1713
6002,4040,0,25376,4075055904,-126,634
6002,4040,1,25377,4075914897,-4763,-1810
6002,4040,2,25378,4076773890,2183,-998
6002,4040,3,25379,4077632883,8858,-1403
6002,4041,0,25380,4078491876,3091,-325
6002,4041,1,25381,4079350869,2442,2366
6002,4041,2,25382,4080209862,5792,-1333
6002,4041,3,25383,4081068855,39,-520
6002,4042,0,25384,4081927848,-1711,2818
6002,4042,1,25385,4082786841,514,3498
6002,4042,2,25386,4083645834,451,2337
6002,4042,3,25387,4084504827,2403,374
6002,4043,0,25388,4085363820,449,3582
6002,4043,1,25389,4086222813,-1382,1395
6002,4043,2,25390,4087081806,9,-4031
6002,4043,3,25391,4087940799,-429,-4182
6002,4044,0,25392,4088799792,-1572,-5751
6002,4044,1,25393,4089658785,-2352,-2715
6002,4044,2,25394,4090517778,1736,574
6002,4044,3,25395,4091376771,71,10
6002,4045,0,25396,4092235764,-6195,4091
6002,4045,1,25397,4093094757,840,3242
6002,4045,2,25398,4093953750,1334,-1775
6002,4045,3,25399,4094812743,-6050,1610
6002,4046,0,25400,4095671736,-283,2931
6002,4046,1,25401,4096530729,1502,-4033
6002,4046,2,25402,4097389722,-4478,-1497
6002,4046,3,25403,4098248715,-4362,4189
6002,4047,0,25404,4099107708,-2888,-1541
6002,4047,1,25405,4099966701,-3251,-544
6002,4047,2,25406,4100825694,-1277,3041
6002,4047,3,25407,4101684687,1930,1085
6002,4048,0,25408,4102543680,-809,3833
6002,4048,1,25409,4103402673,-5158,-288
6002,4048,2,25410,4104261666,-3585,-4003
6002,4048,3,25411,4105120659,159,-82
6002,4049,0,25412,4105979652,4005,530
6002,4049,1,25413,4106838645,4891,3973
6002,4049,2,25414,4107697638,1922,3196
6002,4049,3,25415,4108556631,916,-2038
6002,4050,0,25416,4109415624,3516,1810
6002,4050,1,25417,4110274617,2933,9042
6002,4050,2,25418,4111133610,-2675,6743
6002,4050,3,25419,4111992603,-3259,-3202
6002,4051,0,25420,4112851596,-2313,-3988
6002,4051,1,25421,4113710589,-1090,-4568
6002,4051,2,25422,4114569582,5212,-3549
6002,4051,3,25423,4115428575,1937,6450
6002,4052,0,25424,4116287568,-3263,370
6002,4052,1,25425,4117146561,-1318,-2672
6002,4052,2,25426,4118005554,-5608,753
6002,4052,3,25427,4118864547,-6697,-4039
6002,4053,0,25428,4119723540,-3269,6989
6002,4053,1,25429,4120582533,-1166,3876
6002,4053,2,25430,4121441526,1502,-6099
6002,4053,3,25431,4122300519,-3331,6728
6002,4054,0,25432,4123159512,-2510,871
6002,4054,1,25433,4124018505,6591,-5769
6002,4054,2,25434,4124877498,4904,119
6002,4054,3,25435,4125736491,-3415,-3484
6002,4055,0,25436,4126595484,-5909,-2711
6002,4055,1,25437,4127454477,3189,-4910
6002,4055,2,25438,4128313470,5545,-583
6002,4055,3,25439,4129172463,-5252,7876
6002,4056,0,25440,4130031456,-184,-140
6002,4056,1,25441,4130890449,7596,-4893
6002,4056,2,25442,4131749442,-365,-6040
6002,4056,3,25443,4132608435,5,460
6002,4057,0,25444,4133467428,5999,8098
6002,4057,1,25445,4134326421,2806,464
6002,4057,2,25446,4135185414,310,4035
6002,4057,3,25447,4136044407,832,7266
6002,4058,0,25448,4136903400,-27,-236
6002,4058,1,25449,4137762393,1773,-227
6002,4058,2,25450,4138621386,2478,-4458
6002,4058,3,25451,4139480379,-389,-6400
6002,4059,0,25452,4140339372,969,-3733
6002,4059,1,25453,4141198365,1050,-3266
6002,4059,2,25454,4142057358,1385,1774
6002,4059,3,25455,4142916351,6754,-607
6002,4060,0,25456,4143775344,2607,-5159
6002,4060,1,25457,4144634337,-1503,-2725
6002,4060,2,25458,4145493330,2334,-3874
6002,4060,3,25459,4146352323,-621,-3219
6002,4061,0,25460,4147211316,-1319,2453
6002,4061,1,25461,4148070309,-25,2307
6002,4061,2,25462,4148929302,-5704,-4336
6002,4061,3,25463,4149788295,-5689,-3578
6002,4062,0,25464,4150647288,-2141,2551
6002,4062,1,25465,4151506281,-1126,-3292
6002,4062,2,25466,4152365274,2874,-10430
6002,4062,3,25467,4153224267,3035,-2382
6002,4063,0,25468,4154083260,-3873,6848
6002,4063,1,25469,4154942253,-5407,5950
6002,4063,2,25470,4155801246,-2409,4107
6002,4063,3,25471,4156660239,-2877,2753
6002,4064,0,25472,4157519232,-761,418
6002,4064,1,25473,4158378225,-1675,-427
6002,4064,2,25474,4159237218,-7174,-5373
6002,4064,3,25475,4160096211,-4089,-6838
6002,4065,0,25476,4160955204,-3963,-1610
6002,4065,1,25477,4161814197,-6277,-674
6002,4065,2,25478,4162673190,1227,-1029
6002,4065,3,25479,4163532183,376,-2688
6002,4066,0,25480,4164391176,-5603,-3707
6002,4066,1,25481,4165250169,2073,-4740
6002,4066,2,25482,4166109162,8580,-5391
6002,4066,3,25483,4166968155,1327,1546
6002,4067,0,25484,4167827148,-3957,-2896
6002,4067,1,25485,4168686141,1367,-6483
6002,4067,2,25486,4169545134,1667,2680
6002,4067,3,25487,4170404127,-3148,1208
6002,4068,0,25488,4171263120,-476,8446
6002,4068,1,25489,4172122113,2470,7336
6002,4068,2,25490,4172981106,1285,-9442
6002,4068,3,25491,4173840099,-852,181
6002,4069,0,25492,4174699092,-2358,-1727
6002,4069,1,25493,4175558085,-468,-9310
6002,4069,2,25494,4176417078,589,4850
6002,4069,3,25495,4177276071,-1420,-571
6002,4070,0,25496,4178135064,-2278,-672
6002,4070,1,25497,4178994057,-1301,5275
6002,4070,2,25498,4179853050,-2381,-4244
6002,4070,3,25499,4180712043,-913,2331
6002,4071,0,25500,4181571036,4321,3775
6002,4071,1,25501,4182430029,621,-407
6002,4071,2,25502,4183289022,-835,4519
6002,4071,3,25503,4184148015,4060,-2029
6002,4072,0,25504,4185007008,-2917,-577
6002,4072,1,25505,4185866001,-5769,3636
6002,4072,2,25506,4186724994,-1142,-385
6002,4072,3,25507,4187583987,-4298,5730
6002,4073,0,25508,4188442980,-4607,6049
6002,4073,1,25509,4189301973,-2669,364
6002,4073,2,25510,4190160966,-292,1508
6002,4073,3,25511,4191019959,2226,2773
6002,4074,0,25512,4191878952,652,3211
6002,4074,1,25513,4192737945,3496,1872
6002,4074,2,25514,4193596938,1501,553
6002,4074,3,25515,4194455931,-3600,-2180
6002,4075,0,25516,4195314924,2006,-1094
6002,4075,1,25517,4196173917,4033,7320
6002,4075,2,25518,4197032910,633,5390
6002,4075,3,25519,4197891903,-1639,3009
6002,4076,0,25520,4198750896,-1056,8949
6002,4076,1,25521,4199609889,5807,2754
6002,4076,2,25522,4200468882,4600,-3544
6002,4076,3,25523,4201327875,-3350,2286
6002,4077,0,25524,4202186868,-4949,5227
6002,4077,1,25525,4203045861,-6762,2679
6002,4077,2,25526,4203904854,-6187,-4549
6002,4077,3,25527,4204763847,-1580,-6984
6002,4078,0,25528,4205622840,-3778,891
6002,4078,1,25529,4206481833,-3253,886
6002,4078,2,25530,4207340826,5871,-377
6002,4078,3,25531,4208199819,4429,3306
6002,4079,0,25532,4209058812,-4755,-3109
6002,4079,1,25533,4209917805,-5757,-2239
6002,4079,2,25534,4210776798,-2538,5321
6002,4079,3,25535,4211635791,2731,-329
6002,4080,0,25536,4212494784,5511,-156
6002,4080,1,25537,4213353777,3447,3154
6002,4080,2,25538,4214212770,1949,469
6002,4080,3,25539,4215071763,-643,6525
6002,4081,0,25540,4215930756,353,5209
6002,4081,1,25541,4216789749,-1421,-3687
6002,4081,2,25542,4217648742,-4316,1133
6002,4081,3,25543,4218507735,4222,1801
6002,4082,0,25544,4219366728,-468,-8400
6002,4082,1,25545,4220225721,-9094,-7113
6002,4082,2,25546,4221084714,2986,1994
6002,4082,3,25547,4221943707,5661,3180
6002,4083,0,25548,4222802700,-795,764
6002,4083,1,25549,4223661693,349,-1625
6002,4083,2,25550,4224520686,1922,-1687
6002,4083,3,25551,4225379679,3547,3829
6002,4084,0,25552,4226238672,730,3992
6002,4084,1,25553,4227097665,258,3461
6002,4084,2,25554,4227956658,1411,5748
6002,4084,3,25555,4228815651,-2553,-498
6002,4085,0,25556,4229674644,-1424,-1082
6002,4085,1,25557,4230533637,-3307,573
6002,4085,2,25558,4231392630,-3889,-3025
6002,4085,3,25559,4232251623,2478,3149
6002,4086,0,25560,4233110616,209,-1028
6002,4086,1,25561,4233969609,-485,-9624
6002,4086,2,25562,4234828602,691,737
6002,4086,3,25563,4235687595,-906,3668
6002,4087,0,25564,4236546588,4101,959
6002,4087,1,25565,4237405581,2422,4103
6002,4087,2,25566,4238264574,101,1908
6002,4087,3,25567,4239123567,7798,875
6002,4088,0,25568,4239982560,3590,372
6002,4088,1,25569,4240841553,-7729,1552
6002,4088,2,25570,4241700546,-4375,4163
6002,4088,3,25571,4242559539,4549,3191
6002,4089,0,25572,4243418532,6469,5157
6002,4089,1,25573,4244277525,4373,342
6002,4089,2,25574,4245136518,1205,-4466
6002,4089,3,25575,4245995511,964,484
6002,4090,0,25576,4246854504,2279,-684
6002,4090,1,25577,4247713497,1713,-841
6002,4090,2,25578,4248572490,4738,-184
6002,4090,3,25579,4249431483,2894,-524
6002,4091,0,25580,4250290476,-1389,6299
6002,4091,1,25581,4251149469,3377,1757
6002,4091,2,25582,4252008462,-958,-3948
6002,4091,3,25583,4252867455,-4690,1809
6002,4092,0,25584,4253726448,5705,-1417
6002,4092,1,25585,4254585441,5624,-5625
6002,4092,2,25586,4255444434,3627,-1468
6002,4092,3,25587,4256303427,9000,1471
6002,4093,0,25588,4257162420,6693,-2006
6002,4093,1,25589,4258021413,3229,-5022
6002,4093,2,25590,4258880406,2123,1585
6002,4093,3,25591,4259739399,657,324
6002,4094,0,25592,4260598392,-675,-6696
6002,4094,1,25593,4261457385,-1569,-1459
6002,4094,2,25594,4262316378,211,528
6002,4094,3,25595,4263175371,-245,-1109
6002,4095,0,25596,4264034364,93,1605
6002,4095,1,25597,4264893357,2588,1176
6002,4095,2,25598,4265752350,-408,2356
6002,4095,3,25599,4266611343,-2933,4384
