Vivado Simulator v2021.1
Copyright 1986-1999, 2001-2021 Xilinx, Inc. All Rights Reserved.
Running: C:/NIFPGA/programs/Vivado2021_1/bin/unwrapped/win64.o/xelab.exe -wto e5ffb644d27d4a329463daf932bffb67 --incr --debug typical --relax --mt 16 -L xil_defaultlib -L xbip_utils_v3_0_10 -L axi_utils_v2_0_6 -L fir_compiler_v7_2_16 -L xbip_pipe_v3_0_6 -L xbip_bram18k_v3_0_6 -L mult_gen_v12_0_17 -L c_reg_fd_v12_0_6 -L xbip_dsp48_wrapper_v3_0_4 -L xbip_dsp48_addsub_v3_0_6 -L xbip_addsub_v3_0_6 -L c_addsub_v12_0_14 -L c_mux_bit_v12_0_6 -L c_shift_ram_v12_0_14 -L cmpy_v6_0_20 -L floating_point_v7_0_19 -L xfft_v9_1_6 -L xbip_dsp48_mult_v3_0_6 -L xbip_dsp48_multadd_v3_0_6 -L div_gen_v5_1_18 -L cordic_v6_0_17 -L dds_compiler_v6_0_21 -L uvm -L unisims_ver -L unimacro_ver -L secureip -L xpm --snapshot sync_sfo_full_frame_tb_behav xil_defaultlib.sync_sfo_full_frame_tb xil_defaultlib.glbl -log elaborate.log 
Using 16 slave threads.
Starting static elaboration
Pass Through NonSizing Optimizer
WARNING: [VRFC 10-5021] port 'm_axis_data_tuser' is not connected on this instance [D:/008_MA_Dev/Sync_SFO/work/FN01/project/rtl/fft_service/sfo_initial_fft_service.sv:162]
Completed static elaboration
Starting simulation data flow analysis
WARNING: [XSIM 43-3980] File "D:/008_MA_Dev/Sync_SFO/work/FN01/project/sim/tb/sync_sfo_full_frame_tb.sv" Line 36 : The SystemVerilog feature ": Sensitivity on Associative Array" is not supported yet for simulation.
Completed simulation data flow analysis
Time Resolution for simulation is 1ps
Compiling package std.standard
Compiling package std.textio
Compiling package ieee.std_logic_1164
Compiling package ieee.numeric_std
Compiling package mult_gen_v12_0_17.mult_gen_v12_0_17_viv_comp
Compiling package xbip_utils_v3_0_10.xbip_utils_v3_0_10_pkg
Compiling package mult_gen_v12_0_17.mult_gen_v12_0_17_pkg
Compiling package ieee.std_logic_arith
Compiling package ieee.std_logic_signed
Compiling package unisim.vcomponents
Compiling package mult_gen_v12_0_17.dsp_pkg
Compiling package ieee.vital_timing
Compiling package ieee.vital_primitives
Compiling package unisim.vpkg
Compiling package xbip_utils_v3_0_10.xcc_utils_v3_0
Compiling package dds_compiler_v6_0_21.dds_compiler_v6_0_21_viv_comp
Compiling package dds_compiler_v6_0_21.pkg_dds_compiler_v6_0_21
Compiling package dds_compiler_v6_0_21.dds_compiler_v6_0_21_hdl_comps
Compiling package xbip_pipe_v3_0_6.xbip_pipe_v3_0_6_viv_comp
Compiling package axi_utils_v2_0_6.axi_utils_v2_0_6_pkg
Compiling package ieee.math_real
Compiling package axi_utils_v2_0_6.global_util_pkg
Compiling package axi_utils_v2_0_6.axi_utils_comps
Compiling package ieee.std_logic_unsigned
Compiling package dds_compiler_v6_0_21.pkg_betas
Compiling package dds_compiler_v6_0_21.pkg_alphas
Compiling package xbip_dsp48_multadd_v3_0_6.xbip_dsp48_multadd_v3_0_6_viv_co...
Compiling package xbip_dsp48_multadd_v3_0_6.xbip_dsp48_multadd_v3_0_6_pkg
Compiling package cmpy_v6_0_20.cmpy_v6_0_20_viv_comp
Compiling package cmpy_v6_0_20.cmpy_v6_0_20_pkg
Compiling package div_gen_v5_1_18.div_gen_v5_1_18_viv_comp
Compiling package xbip_bram18k_v3_0_6.xbip_bram18k_v3_0_6_pkg
Compiling package div_gen_v5_1_18.div_gen_pkg
Compiling package div_gen_v5_1_18.pkg_addsub
Compiling package cordic_v6_0_17.cordic_v6_0_17_viv_comp
Compiling package cordic_v6_0_17.cordic_pack
Compiling package cordic_v6_0_17.cordic_hdl_comps
Compiling package c_addsub_v12_0_14.c_addsub_v12_0_14_viv_comp
Compiling package xbip_addsub_v3_0_6.xbip_addsub_v3_0_6_viv_comp
Compiling package c_addsub_v12_0_14.c_addsub_v12_0_14_pkg
Compiling package c_addsub_v12_0_14.c_addsub_v12_0_14_pkg_legacy
Compiling package c_reg_fd_v12_0_6.c_reg_fd_v12_0_6_viv_comp
Compiling package xfft_v9_1_6.xfft_v9_1_6_viv_comp
Compiling package floating_point_v7_0_19.floating_point_v7_0_19_consts
Compiling package floating_point_v7_0_19.floating_point_v7_0_19_exp_table...
Compiling package floating_point_v7_0_19.floating_point_v7_0_19_pkg
Compiling package xfft_v9_1_6.pkg
Compiling package xfft_v9_1_6.xfft_v9_1_6_axi_pkg
Compiling package c_shift_ram_v12_0_14.c_shift_ram_v12_0_14_pkg
Compiling package c_mux_bit_v12_0_6.c_mux_bit_v12_0_6_viv_comp
Compiling package xpm.vcomponents
Compiling package ieee.std_logic_textio
Compiling package xfft_v9_1_6.quarter_sin_tw_table
Compiling package xfft_v9_1_6.half_sincos_tw_table
Compiling package xfft_v9_1_6.quarter2_sin_tw_table
Compiling package fir_compiler_v7_2_16.fir_compiler_v7_2_16_viv_comp
Compiling package fir_compiler_v7_2_16.globals_pkg
Compiling package fir_compiler_v7_2_16.components
Compiling package xil_defaultlib.sfo_stream_pkg
Compiling module xil_defaultlib.xpm_fifo_rst(SIM_ASSERT_CHK=1)
Compiling module xil_defaultlib.xpm_fifo_reg_bit
Compiling module xil_defaultlib.xpm_counter_updn(COUNTER_WIDTH=6...
Compiling module xil_defaultlib.xpm_counter_updn(COUNTER_WIDTH=5...
Compiling module xil_defaultlib.xpm_memory_base(MEMORY_TYPE=1,ME...
Compiling module xil_defaultlib.xpm_counter_updn(COUNTER_WIDTH=2...
Compiling module xil_defaultlib.sfo_fifo_history_observer
Compiling module xil_defaultlib.xpm_fifo_base(FIFO_MEMORY_TYPE=2...
Compiling module xil_defaultlib.xpm_fifo_sync(FIFO_MEMORY_TYPE="...
Compiling module xil_defaultlib.sfo_sync_fifo(WIDTH=32'b01011110...
Compiling module xil_defaultlib.xpm_memory_base(MEMORY_TYPE=1,ME...
Compiling module xil_defaultlib.xpm_fifo_base(FIFO_MEMORY_TYPE=2...
Compiling module xil_defaultlib.xpm_fifo_sync(FIFO_MEMORY_TYPE="...
Compiling module xil_defaultlib.sfo_sync_fifo(WIDTH=32'b01100000...
Compiling module xil_defaultlib.sfo_initial_frame_context_join_d...
Compiling module xil_defaultlib.xpm_memory_base(MEMORY_TYPE=1,ME...
Compiling module xil_defaultlib.xpm_memory_sdpram(MEMORY_SIZE=66...
Compiling module xil_defaultlib.sfo_training_capture_buffer(FIRS...
Compiling module xil_defaultlib.xpm_fifo_rst_default
Compiling module xil_defaultlib.xpm_counter_updn
Compiling module xil_defaultlib.xpm_memory_base(MEMORY_TYPE=1,ME...
Compiling module xil_defaultlib.xpm_fifo_base(FIFO_MEMORY_TYPE=1...
Compiling module xil_defaultlib.xpm_fifo_sync(FIFO_MEMORY_TYPE="...
Compiling module xil_defaultlib.sfo_initial_raw_reader_4lane(DEP...
Compiling module xil_defaultlib.sfo_initial_raw_reader_local_cap...
Compiling module xil_defaultlib.sfo_cfo_phase_increment
Compiling architecture xilinx of entity mult_gen_v12_0_17.delay_line [\delay_line(c_xdevicefamily="vir...]
Compiling architecture xilinx of entity mult_gen_v12_0_17.delay_line [\delay_line(c_xdevicefamily="vir...]
Compiling architecture xilinx of entity mult_gen_v12_0_17.delay_line [\delay_line(c_xdevicefamily="vir...]
Compiling architecture xilinx of entity mult_gen_v12_0_17.delay_line [\delay_line(c_xdevicefamily="vir...]
Compiling architecture dsp48e2_v of entity unisim.DSP48E2 [\DSP48E2(alumodereg=0,carryinreg...]
Compiling architecture srl16e_v of entity unisim.SRL16E [\SRL16E(0,15)\]
Compiling architecture fdre_v of entity unisim.FDRE [fdre_default]
Compiling architecture xilinx of entity mult_gen_v12_0_17.delay_line [\delay_line(c_xdevicefamily="vir...]
Compiling architecture xilinx of entity mult_gen_v12_0_17.delay_line [\delay_line(c_xdevicefamily="vir...]
Compiling architecture dsp48e2_v of entity unisim.DSP48E2 [\DSP48E2(a_input="CASCADE",bcasc...]
Compiling architecture xilinx of entity mult_gen_v12_0_17.delay_line [\delay_line(c_xdevicefamily="vir...]
Compiling architecture xilinx of entity mult_gen_v12_0_17.delay_line [\delay_line(c_xdevicefamily="vir...]
Compiling architecture xilinx of entity mult_gen_v12_0_17.op_resize [\op_resize(ai_width=19,bi_width=...]
Compiling architecture xilinx of entity mult_gen_v12_0_17.dsp [\dsp(c_xdevicefamily="virtexuplu...]
Compiling architecture xilinx of entity mult_gen_v12_0_17.mult_gen_v12_0_17_viv [\mult_gen_v12_0_17_viv(c_verbosi...]
Compiling architecture xilinx of entity mult_gen_v12_0_17.mult_gen_v12_0_17 [\mult_gen_v12_0_17(c_xdevicefami...]
Compiling architecture t05_mult_cfo_s19_const40_full59_arch of entity xil_defaultlib.t05_mult_cfo_s19_const40_full59 [t05_mult_cfo_s19_const40_full59_...]
Compiling module xil_defaultlib.sfo_cfo_scale_vendor_adapter
Compiling module xil_defaultlib.sfo_initial_ps3_ps10_job_sequenc...
Compiling architecture synth of entity xbip_pipe_v3_0_6.xbip_pipe_v3_0_6_viv [\xbip_pipe_v3_0_6_viv(c_latency=...]
Compiling architecture xilinx of entity axi_utils_v2_0_6.glb_srl_fifo [\glb_srl_fifo(width=65,has_uvpro...]
Compiling architecture xilinx of entity axi_utils_v2_0_6.glb_ifx_slave [\glb_ifx_slave(width=65,has_uvpr...]
Compiling architecture synth of entity xbip_pipe_v3_0_6.xbip_pipe_v3_0_6_viv [\xbip_pipe_v3_0_6_viv(c_latency=...]
Compiling architecture synth of entity xbip_pipe_v3_0_6.xbip_pipe_v3_0_6_viv [\xbip_pipe_v3_0_6_viv(c_latency=...]
Compiling architecture xilinx of entity axi_utils_v2_0_6.glb_srl_fifo [\glb_srl_fifo(width=69,has_uvpro...]
Compiling architecture xilinx of entity axi_utils_v2_0_6.glb_ifx_master [\glb_ifx_master(width=69,afull_t...]
Compiling architecture synth of entity xbip_pipe_v3_0_6.xbip_pipe_v3_0_6_viv [\xbip_pipe_v3_0_6_viv(c_latency=...]
Compiling architecture synth of entity dds_compiler_v6_0_21.dds_compiler_v6_0_21_rdy [\dds_compiler_v6_0_21_rdy(c_has_...]
Compiling architecture synth of entity xbip_pipe_v3_0_6.xbip_pipe_v3_0_6_viv [\xbip_pipe_v3_0_6_viv(c_latency=...]
Compiling architecture synth of entity xbip_pipe_v3_0_6.xbip_pipe_v3_0_6_viv [\xbip_pipe_v3_0_6_viv(c_has_ce=1...]
Compiling architecture synth of entity xbip_pipe_v3_0_6.xbip_pipe_v3_0_6_viv [\xbip_pipe_v3_0_6_viv(c_latency=...]
Compiling architecture synth of entity xbip_pipe_v3_0_6.xbip_pipe_v3_0_6_viv [\xbip_pipe_v3_0_6_viv(c_has_ce=1...]
Compiling architecture synth of entity xbip_pipe_v3_0_6.xbip_pipe_v3_0_6_viv [\xbip_pipe_v3_0_6_viv(c_has_ce=1...]
Compiling architecture synth of entity xbip_pipe_v3_0_6.xbip_pipe_v3_0_6_viv [\xbip_pipe_v3_0_6_viv(c_latency=...]
Compiling architecture synth of entity dds_compiler_v6_0_21.pipe_add [\pipe_add(c_width=32,c_num_segs=...]
Compiling architecture synth of entity dds_compiler_v6_0_21.accum [\accum(c_xdevicefamily="virtexup...]
Compiling architecture synth of entity xbip_pipe_v3_0_6.xbip_pipe_v3_0_6_viv [\xbip_pipe_v3_0_6_viv(c_latency=...]
Compiling architecture synth of entity xbip_pipe_v3_0_6.xbip_pipe_v3_0_6_viv [\xbip_pipe_v3_0_6_viv(c_latency=...]
Compiling architecture synth of entity xbip_pipe_v3_0_6.xbip_pipe_v3_0_6_viv [\xbip_pipe_v3_0_6_viv(c_has_ce=1...]
Compiling architecture synth of entity dds_compiler_v6_0_21.sin_cos [\sin_cos(c_xdevicefamily="virtex...]
Compiling architecture dsp48e2_v of entity unisim.DSP48E2 [\DSP48E2(adreg=0,carryinselreg=0...]
Compiling architecture synth of entity xbip_dsp48_wrapper_v3_0_4.xbip_dsp48e2_wrapper_v3_0 [\xbip_dsp48e2_wrapper_v3_0(areg=...]
Compiling architecture synth of entity xbip_dsp48_multadd_v3_0_6.xbip_dsp48_multadd_synth [\xbip_dsp48_multadd_synth(c_xdev...]
Compiling architecture synth of entity xbip_dsp48_multadd_v3_0_6.xbip_dsp48_multadd_v3_0_6_viv [\xbip_dsp48_multadd_v3_0_6_viv(c...]
Compiling architecture synth of entity xbip_pipe_v3_0_6.xbip_pipe_v3_0_6_viv [\xbip_pipe_v3_0_6_viv(c_latency=...]
Compiling architecture synth of entity dds_compiler_v6_0_21.dds_compiler_v6_0_21_eff [\dds_compiler_v6_0_21_eff(c_xdev...]
Compiling architecture synth of entity xbip_pipe_v3_0_6.xbip_pipe_v3_0_6_viv [\xbip_pipe_v3_0_6_viv(c_has_ce=1...]
Compiling architecture synth of entity dds_compiler_v6_0_21.dds_compiler_v6_0_21_core [\dds_compiler_v6_0_21_core(c_xde...]
Compiling architecture synth of entity dds_compiler_v6_0_21.dds_compiler_v6_0_21_viv [\dds_compiler_v6_0_21_viv(c_xdev...]
Compiling architecture xilinx of entity dds_compiler_v6_0_21.dds_compiler_v6_0_21 [\dds_compiler_v6_0_21(c_xdevicef...]
Compiling architecture t06_dds_phase_s32_sincos18_arch of entity xil_defaultlib.t06_dds_phase_s32_sincos18 [t06_dds_phase_s32_sincos18_defau...]
Compiling module xil_defaultlib.sfo_initial_dds_phase_4lane_defa...
Compiling architecture xilinx of entity cmpy_v6_0_20.delay_line [\delay_line(c_xdevicefamily="vir...]
Compiling architecture xilinx of entity cmpy_v6_0_20.delay_line [\delay_line(c_xdevicefamily="vir...]
Compiling architecture xilinx of entity cmpy_v6_0_20.delay_line [\delay_line(c_xdevicefamily="vir...]
Compiling architecture dsp48e2_v of entity unisim.DSP48E2 [\DSP48E2(adreg=0,alumodereg=0,ca...]
Compiling architecture dsp48e2_v of entity unisim.DSP48E2 [\DSP48E2(acascreg=2,adreg=0,alum...]
Compiling architecture xilinx of entity cmpy_v6_0_20.delay_line [\delay_line(c_xdevicefamily="vir...]
Compiling architecture xilinx of entity mult_gen_v12_0_17.op_resize [\op_resize(ai_width=18,bi_width=...]
Compiling architecture xilinx of entity cmpy_v6_0_20.cmpy_4_dsp48_mult [\cmpy_4_dsp48_mult(c_xdevicefami...]
Compiling architecture xilinx of entity cmpy_v6_0_20.cmpy_4_dsp48 [\cmpy_4_dsp48(c_xdevicefamily="v...]
Compiling architecture xilinx of entity cmpy_v6_0_20.cmpy_v6_0_20_synth [\cmpy_v6_0_20_synth(c_xdevicefam...]
Compiling architecture xilinx of entity cmpy_v6_0_20.cmpy_v6_0_20_viv [\cmpy_v6_0_20_viv(c_xdevicefamil...]
Compiling architecture xilinx of entity cmpy_v6_0_20.cmpy_v6_0_20 [\cmpy_v6_0_20(c_xdevicefamily="v...]
Compiling architecture t05_cmpy_rotate_18x18_arch of entity xil_defaultlib.t05_cmpy_rotate_18x18 [t05_cmpy_rotate_18x18_default]
Compiling module xil_defaultlib.xpm_memory_base(MEMORY_TYPE=1,ME...
Compiling module xil_defaultlib.xpm_fifo_base(FIFO_MEMORY_TYPE=2...
Compiling module xil_defaultlib.xpm_fifo_sync(FIFO_MEMORY_TYPE="...
Compiling module xil_defaultlib.sfo_initial_derotate_wide_4lane_...
Compiling architecture xilinx of entity mult_gen_v12_0_17.delay_line [\delay_line(c_xdevicefamily="vir...]
Compiling architecture xilinx of entity mult_gen_v12_0_17.delay_line [\delay_line(c_xdevicefamily="vir...]
Compiling architecture xilinx of entity mult_gen_v12_0_17.delay_line [\delay_line(c_xdevicefamily="vir...]
Compiling architecture dsp48e2_v of entity unisim.DSP48E2 [\DSP48E2(alumodereg=0,carryinreg...]
Compiling architecture xilinx of entity mult_gen_v12_0_17.delay_line [\delay_line(c_xdevicefamily="vir...]
Compiling architecture dsp48e2_v of entity unisim.DSP48E2 [\DSP48E2(acascreg=2,alumodereg=0...]
Compiling architecture xilinx of entity mult_gen_v12_0_17.delay_line [\delay_line(c_xdevicefamily="vir...]
Compiling architecture xilinx of entity mult_gen_v12_0_17.op_resize [\op_resize(ai_width=37,ai_type=1...]
Compiling architecture xilinx of entity mult_gen_v12_0_17.dsp [\dsp(c_xdevicefamily="virtexuplu...]
Compiling architecture xilinx of entity mult_gen_v12_0_17.mult_gen_v12_0_17_viv [\mult_gen_v12_0_17_viv(c_verbosi...]
Compiling architecture xilinx of entity mult_gen_v12_0_17.mult_gen_v12_0_17 [\mult_gen_v12_0_17(c_xdevicefami...]
Compiling architecture t06_sg_mult_u37_u16_arch of entity xil_defaultlib.t06_sg_mult_u37_u16 [t06_sg_mult_u37_u16_default]
Compiling architecture synth of entity xbip_pipe_v3_0_6.xbip_pipe_v3_0_6_viv [\xbip_pipe_v3_0_6_viv(c_latency=...]
Compiling architecture synth of entity xbip_pipe_v3_0_6.xbip_pipe_v3_0_6_viv [\xbip_pipe_v3_0_6_viv(c_latency=...]
Compiling architecture synth of entity xbip_pipe_v3_0_6.xbip_pipe_v3_0_6_viv [\xbip_pipe_v3_0_6_viv(c_latency=...]
Compiling architecture synth of entity xbip_pipe_v3_0_6.xbip_pipe_v3_0_6_viv [\xbip_pipe_v3_0_6_viv(c_latency=...]
Compiling architecture synth of entity xbip_pipe_v3_0_6.xbip_pipe_v3_0_6_viv [\xbip_pipe_v3_0_6_viv(c_latency=...]
Compiling architecture synth of entity xbip_pipe_v3_0_6.xbip_pipe_v3_0_6_viv [\xbip_pipe_v3_0_6_viv(c_latency=...]
Compiling architecture muxcy_v of entity unisim.MUXCY [muxcy_default]
Compiling architecture xorcy_v of entity unisim.XORCY [xorcy_default]
Compiling architecture rtl of entity div_gen_v5_1_18.c_addsub_lut6 [\c_addsub_lut6(c_width=38,c_add_...]
Compiling architecture synth of entity div_gen_v5_1_18.c_addsub_viv [\c_addsub_viv(c_a_width=38,c_b_w...]
Compiling architecture virtex of entity div_gen_v5_1_18.addsubreg_v [\addsubreg_v(c_bus_width=38,c_ai...]
Compiling architecture synth of entity xbip_pipe_v3_0_6.xbip_pipe_v3_0_6_viv [\xbip_pipe_v3_0_6_viv(c_latency=...]
Compiling architecture synth of entity xbip_pipe_v3_0_6.xbip_pipe_v3_0_6_viv [\xbip_pipe_v3_0_6_viv(c_latency=...]
Compiling architecture synth of entity xbip_pipe_v3_0_6.xbip_pipe_v3_0_6_viv [\xbip_pipe_v3_0_6_viv(c_latency=...]
Compiling architecture synth of entity xbip_pipe_v3_0_6.xbip_pipe_v3_0_6_viv [\xbip_pipe_v3_0_6_viv(c_latency=...]
Compiling architecture synth of entity xbip_pipe_v3_0_6.xbip_pipe_v3_0_6_viv [\xbip_pipe_v3_0_6_viv(c_latency=...]
Compiling architecture synth of entity xbip_pipe_v3_0_6.xbip_pipe_v3_0_6_viv [\xbip_pipe_v3_0_6_viv(c_latency=...]
Compiling architecture synth of entity xbip_pipe_v3_0_6.xbip_pipe_v3_0_6_viv [\xbip_pipe_v3_0_6_viv(c_latency=...]
Compiling architecture synth of entity xbip_pipe_v3_0_6.xbip_pipe_v3_0_6_viv [\xbip_pipe_v3_0_6_viv(c_latency=...]
Compiling architecture synth of entity xbip_pipe_v3_0_6.xbip_pipe_v3_0_6_viv [\xbip_pipe_v3_0_6_viv(c_latency=...]
Compiling architecture synth of entity xbip_pipe_v3_0_6.xbip_pipe_v3_0_6_viv [\xbip_pipe_v3_0_6_viv(c_latency=...]
Compiling architecture synth of entity xbip_pipe_v3_0_6.xbip_pipe_v3_0_6_viv [\xbip_pipe_v3_0_6_viv(c_latency=...]
Compiling architecture synth of entity xbip_pipe_v3_0_6.xbip_pipe_v3_0_6_viv [\xbip_pipe_v3_0_6_viv(c_latency=...]
Compiling architecture synth of entity xbip_pipe_v3_0_6.xbip_pipe_v3_0_6_viv [\xbip_pipe_v3_0_6_viv(c_latency=...]
Compiling architecture synth of entity xbip_pipe_v3_0_6.xbip_pipe_v3_0_6_viv [\xbip_pipe_v3_0_6_viv(c_latency=...]
Compiling architecture synth of entity xbip_pipe_v3_0_6.xbip_pipe_v3_0_6_viv [\xbip_pipe_v3_0_6_viv(c_latency=...]
Compiling architecture synth of entity xbip_pipe_v3_0_6.xbip_pipe_v3_0_6_viv [\xbip_pipe_v3_0_6_viv(c_latency=...]
Compiling architecture synth of entity xbip_pipe_v3_0_6.xbip_pipe_v3_0_6_viv [\xbip_pipe_v3_0_6_viv(c_latency=...]
Compiling architecture synth of entity xbip_pipe_v3_0_6.xbip_pipe_v3_0_6_viv [\xbip_pipe_v3_0_6_viv(c_latency=...]
Compiling architecture synth of entity xbip_pipe_v3_0_6.xbip_pipe_v3_0_6_viv [\xbip_pipe_v3_0_6_viv(c_latency=...]
Compiling architecture synth of entity xbip_pipe_v3_0_6.xbip_pipe_v3_0_6_viv [\xbip_pipe_v3_0_6_viv(c_latency=...]
Compiling architecture synth of entity xbip_pipe_v3_0_6.xbip_pipe_v3_0_6_viv [\xbip_pipe_v3_0_6_viv(c_latency=...]
Compiling architecture synth of entity xbip_pipe_v3_0_6.xbip_pipe_v3_0_6_viv [\xbip_pipe_v3_0_6_viv(c_latency=...]
Compiling architecture synth of entity xbip_pipe_v3_0_6.xbip_pipe_v3_0_6_viv [\xbip_pipe_v3_0_6_viv(c_latency=...]
Compiling architecture synth of entity xbip_pipe_v3_0_6.xbip_pipe_v3_0_6_viv [\xbip_pipe_v3_0_6_viv(c_latency=...]
Compiling architecture synth of entity xbip_pipe_v3_0_6.xbip_pipe_v3_0_6_viv [\xbip_pipe_v3_0_6_viv(c_latency=...]
Compiling architecture synth of entity xbip_pipe_v3_0_6.xbip_pipe_v3_0_6_viv [\xbip_pipe_v3_0_6_viv(c_latency=...]
Compiling architecture synth of entity xbip_pipe_v3_0_6.xbip_pipe_v3_0_6_viv [\xbip_pipe_v3_0_6_viv(c_latency=...]
Compiling architecture synth of entity xbip_pipe_v3_0_6.xbip_pipe_v3_0_6_viv [\xbip_pipe_v3_0_6_viv(c_latency=...]
Compiling architecture synth of entity xbip_pipe_v3_0_6.xbip_pipe_v3_0_6_viv [\xbip_pipe_v3_0_6_viv(c_latency=...]
Compiling architecture synth of entity xbip_pipe_v3_0_6.xbip_pipe_v3_0_6_viv [\xbip_pipe_v3_0_6_viv(c_latency=...]
Compiling architecture synth of entity xbip_pipe_v3_0_6.xbip_pipe_v3_0_6_viv [\xbip_pipe_v3_0_6_viv(c_latency=...]
Compiling architecture synth of entity xbip_pipe_v3_0_6.xbip_pipe_v3_0_6_viv [\xbip_pipe_v3_0_6_viv(c_latency=...]
Compiling architecture synth of entity xbip_pipe_v3_0_6.xbip_pipe_v3_0_6_viv [\xbip_pipe_v3_0_6_viv(c_latency=...]
Compiling architecture synth of entity xbip_pipe_v3_0_6.xbip_pipe_v3_0_6_viv [\xbip_pipe_v3_0_6_viv(c_latency=...]
Compiling architecture synth of entity xbip_pipe_v3_0_6.xbip_pipe_v3_0_6_viv [\xbip_pipe_v3_0_6_viv(c_latency=...]
Compiling architecture synth of entity xbip_pipe_v3_0_6.xbip_pipe_v3_0_6_viv [\xbip_pipe_v3_0_6_viv(c_latency=...]
Compiling architecture synth of entity xbip_pipe_v3_0_6.xbip_pipe_v3_0_6_viv [\xbip_pipe_v3_0_6_viv(c_latency=...]
Compiling architecture synth of entity xbip_pipe_v3_0_6.xbip_pipe_v3_0_6_viv [\xbip_pipe_v3_0_6_viv(c_latency=...]
Compiling architecture synth of entity xbip_pipe_v3_0_6.xbip_pipe_v3_0_6_viv [\xbip_pipe_v3_0_6_viv(c_latency=...]
Compiling architecture synth of entity xbip_pipe_v3_0_6.xbip_pipe_v3_0_6_viv [\xbip_pipe_v3_0_6_viv(c_latency=...]
Compiling architecture synth of entity xbip_pipe_v3_0_6.xbip_pipe_v3_0_6_viv [\xbip_pipe_v3_0_6_viv(c_latency=...]
Compiling architecture synth of entity xbip_pipe_v3_0_6.xbip_pipe_v3_0_6_viv [\xbip_pipe_v3_0_6_viv(c_latency=...]
Compiling architecture synth of entity xbip_pipe_v3_0_6.xbip_pipe_v3_0_6_viv [\xbip_pipe_v3_0_6_viv(c_latency=...]
Compiling architecture synth of entity xbip_pipe_v3_0_6.xbip_pipe_v3_0_6_viv [\xbip_pipe_v3_0_6_viv(c_latency=...]
Compiling architecture synth of entity xbip_pipe_v3_0_6.xbip_pipe_v3_0_6_viv [\xbip_pipe_v3_0_6_viv(c_latency=...]
Compiling architecture synth of entity xbip_pipe_v3_0_6.xbip_pipe_v3_0_6_viv [\xbip_pipe_v3_0_6_viv(c_latency=...]
Compiling architecture synth of entity xbip_pipe_v3_0_6.xbip_pipe_v3_0_6_viv [\xbip_pipe_v3_0_6_viv(c_latency=...]
Compiling architecture synth of entity xbip_pipe_v3_0_6.xbip_pipe_v3_0_6_viv [\xbip_pipe_v3_0_6_viv(c_latency=...]
Compiling architecture synth of entity xbip_pipe_v3_0_6.xbip_pipe_v3_0_6_viv [\xbip_pipe_v3_0_6_viv(c_latency=...]
Compiling architecture synth of entity xbip_pipe_v3_0_6.xbip_pipe_v3_0_6_viv [\xbip_pipe_v3_0_6_viv(c_latency=...]
Compiling architecture synth of entity xbip_pipe_v3_0_6.xbip_pipe_v3_0_6_viv [\xbip_pipe_v3_0_6_viv(c_latency=...]
Compiling architecture synth of entity xbip_pipe_v3_0_6.xbip_pipe_v3_0_6_viv [\xbip_pipe_v3_0_6_viv(c_latency=...]
Compiling architecture synth of entity xbip_pipe_v3_0_6.xbip_pipe_v3_0_6_viv [\xbip_pipe_v3_0_6_viv(c_latency=...]
Compiling architecture synth of entity xbip_pipe_v3_0_6.xbip_pipe_v3_0_6_viv [\xbip_pipe_v3_0_6_viv(c_latency=...]
Compiling architecture synth of entity xbip_pipe_v3_0_6.xbip_pipe_v3_0_6_viv [\xbip_pipe_v3_0_6_viv(c_latency=...]
Compiling architecture synth of entity xbip_pipe_v3_0_6.xbip_pipe_v3_0_6_viv [\xbip_pipe_v3_0_6_viv(c_latency=...]
Compiling architecture synth of entity xbip_pipe_v3_0_6.xbip_pipe_v3_0_6_viv [\xbip_pipe_v3_0_6_viv(c_latency=...]
Compiling architecture synth of entity xbip_pipe_v3_0_6.xbip_pipe_v3_0_6_viv [\xbip_pipe_v3_0_6_viv(c_latency=...]
Compiling architecture synth of entity xbip_pipe_v3_0_6.xbip_pipe_v3_0_6_viv [\xbip_pipe_v3_0_6_viv(c_latency=...]
Compiling architecture synth of entity xbip_pipe_v3_0_6.xbip_pipe_v3_0_6_viv [\xbip_pipe_v3_0_6_viv(c_latency=...]
Compiling architecture synth of entity xbip_pipe_v3_0_6.xbip_pipe_v3_0_6_viv [\xbip_pipe_v3_0_6_viv(c_latency=...]
Compiling architecture synth of entity xbip_pipe_v3_0_6.xbip_pipe_v3_0_6_viv [\xbip_pipe_v3_0_6_viv(c_latency=...]
Compiling architecture synth of entity xbip_pipe_v3_0_6.xbip_pipe_v3_0_6_viv [\xbip_pipe_v3_0_6_viv(c_latency=...]
Compiling architecture synth of entity xbip_pipe_v3_0_6.xbip_pipe_v3_0_6_viv [\xbip_pipe_v3_0_6_viv(c_latency=...]
Compiling architecture synth of entity xbip_pipe_v3_0_6.xbip_pipe_v3_0_6_viv [\xbip_pipe_v3_0_6_viv(c_latency=...]
Compiling architecture synth of entity xbip_pipe_v3_0_6.xbip_pipe_v3_0_6_viv [\xbip_pipe_v3_0_6_viv(c_latency=...]
Compiling architecture synth of entity xbip_pipe_v3_0_6.xbip_pipe_v3_0_6_viv [\xbip_pipe_v3_0_6_viv(c_latency=...]
Compiling architecture synth of entity xbip_pipe_v3_0_6.xbip_pipe_v3_0_6_viv [\xbip_pipe_v3_0_6_viv(c_latency=...]
Compiling architecture synth of entity xbip_pipe_v3_0_6.xbip_pipe_v3_0_6_viv [\xbip_pipe_v3_0_6_viv(c_latency=...]
Compiling architecture synth of entity xbip_pipe_v3_0_6.xbip_pipe_v3_0_6_viv [\xbip_pipe_v3_0_6_viv(c_latency=...]
Compiling architecture synth of entity xbip_pipe_v3_0_6.xbip_pipe_v3_0_6_viv [\xbip_pipe_v3_0_6_viv(c_latency=...]
Compiling architecture synth of entity xbip_pipe_v3_0_6.xbip_pipe_v3_0_6_viv [\xbip_pipe_v3_0_6_viv(c_latency=...]
Compiling architecture synth of entity xbip_pipe_v3_0_6.xbip_pipe_v3_0_6_viv [\xbip_pipe_v3_0_6_viv(c_latency=...]
Compiling architecture synth of entity xbip_pipe_v3_0_6.xbip_pipe_v3_0_6_viv [\xbip_pipe_v3_0_6_viv(c_latency=...]
Compiling architecture synth of entity xbip_pipe_v3_0_6.xbip_pipe_v3_0_6_viv [\xbip_pipe_v3_0_6_viv(c_latency=...]
Compiling architecture synth of entity xbip_pipe_v3_0_6.xbip_pipe_v3_0_6_viv [\xbip_pipe_v3_0_6_viv(c_latency=...]
Compiling architecture synth of entity xbip_pipe_v3_0_6.xbip_pipe_v3_0_6_viv [\xbip_pipe_v3_0_6_viv(c_latency=...]
Compiling architecture synth of entity xbip_pipe_v3_0_6.xbip_pipe_v3_0_6_viv [\xbip_pipe_v3_0_6_viv(c_latency=...]
Compiling architecture synth of entity xbip_pipe_v3_0_6.xbip_pipe_v3_0_6_viv [\xbip_pipe_v3_0_6_viv(c_latency=...]
Compiling architecture synth of entity xbip_pipe_v3_0_6.xbip_pipe_v3_0_6_viv [\xbip_pipe_v3_0_6_viv(c_latency=...]
Compiling architecture synth of entity xbip_pipe_v3_0_6.xbip_pipe_v3_0_6_viv [\xbip_pipe_v3_0_6_viv(c_latency=...]
Compiling architecture synth of entity xbip_pipe_v3_0_6.xbip_pipe_v3_0_6_viv [\xbip_pipe_v3_0_6_viv(c_latency=...]
Compiling architecture synth of entity xbip_pipe_v3_0_6.xbip_pipe_v3_0_6_viv [\xbip_pipe_v3_0_6_viv(c_latency=...]
Compiling architecture synth of entity xbip_pipe_v3_0_6.xbip_pipe_v3_0_6_viv [\xbip_pipe_v3_0_6_viv(c_latency=...]
Compiling architecture synth of entity xbip_pipe_v3_0_6.xbip_pipe_v3_0_6_viv [\xbip_pipe_v3_0_6_viv(c_latency=...]
Compiling architecture synth of entity xbip_pipe_v3_0_6.xbip_pipe_v3_0_6_viv [\xbip_pipe_v3_0_6_viv(c_latency=...]
Compiling architecture synth of entity xbip_pipe_v3_0_6.xbip_pipe_v3_0_6_viv [\xbip_pipe_v3_0_6_viv(c_latency=...]
Compiling architecture synth of entity xbip_pipe_v3_0_6.xbip_pipe_v3_0_6_viv [\xbip_pipe_v3_0_6_viv(c_latency=...]
Compiling architecture synth of entity xbip_pipe_v3_0_6.xbip_pipe_v3_0_6_viv [\xbip_pipe_v3_0_6_viv(c_latency=...]
Compiling architecture synth of entity xbip_pipe_v3_0_6.xbip_pipe_v3_0_6_viv [\xbip_pipe_v3_0_6_viv(c_latency=...]
Compiling architecture synth of entity xbip_pipe_v3_0_6.xbip_pipe_v3_0_6_viv [\xbip_pipe_v3_0_6_viv(c_latency=...]
Compiling architecture synth of entity xbip_pipe_v3_0_6.xbip_pipe_v3_0_6_viv [\xbip_pipe_v3_0_6_viv(c_latency=...]
Compiling architecture synth of entity xbip_pipe_v3_0_6.xbip_pipe_v3_0_6_viv [\xbip_pipe_v3_0_6_viv(c_latency=...]
Compiling architecture synth of entity xbip_pipe_v3_0_6.xbip_pipe_v3_0_6_viv [\xbip_pipe_v3_0_6_viv(c_latency=...]
Compiling architecture synth of entity xbip_pipe_v3_0_6.xbip_pipe_v3_0_6_viv [\xbip_pipe_v3_0_6_viv(c_latency=...]
Compiling architecture synth of entity xbip_pipe_v3_0_6.xbip_pipe_v3_0_6_viv [\xbip_pipe_v3_0_6_viv(c_latency=...]
Compiling architecture synth of entity xbip_pipe_v3_0_6.xbip_pipe_v3_0_6_viv [\xbip_pipe_v3_0_6_viv(c_latency=...]
Compiling architecture synth of entity xbip_pipe_v3_0_6.xbip_pipe_v3_0_6_viv [\xbip_pipe_v3_0_6_viv(c_latency=...]
Compiling architecture synth of entity xbip_pipe_v3_0_6.xbip_pipe_v3_0_6_viv [\xbip_pipe_v3_0_6_viv(c_latency=...]
Compiling architecture synth of entity xbip_pipe_v3_0_6.xbip_pipe_v3_0_6_viv [\xbip_pipe_v3_0_6_viv(c_latency=...]
Compiling architecture synth of entity xbip_pipe_v3_0_6.xbip_pipe_v3_0_6_viv [\xbip_pipe_v3_0_6_viv(c_latency=...]
Compiling architecture rtl of entity div_gen_v5_1_18.c_addsub_lut6 [\c_addsub_lut6(c_width=38,c_add_...]
Compiling architecture synth of entity div_gen_v5_1_18.c_addsub_viv [\c_addsub_viv(c_a_width=38,c_b_w...]
Compiling architecture virtex of entity div_gen_v5_1_18.addsubreg_v [\addsubreg_v(c_bus_width=38,c_ha...]
Compiling architecture virtex of entity div_gen_v5_1_18.dividervdc_v [\dividervdc_v(bus_num=53,bus_div...]
Compiling architecture synth of entity div_gen_v5_1_18.bip_sdivider_synth [\bip_sdivider_synth(c_xdevicefam...]
Compiling architecture synth of entity div_gen_v5_1_18.div_gen_synth [\div_gen_synth(c_xdevicefamily="...]
Compiling architecture synth of entity xbip_pipe_v3_0_6.xbip_pipe_v3_0_6_viv [\xbip_pipe_v3_0_6_viv(c_latency=...]
Compiling architecture synth of entity div_gen_v5_1_18.div_gen_v5_1_18_viv [\div_gen_v5_1_18_viv(c_xdevicefa...]
Compiling architecture xilinx of entity div_gen_v5_1_18.div_gen_v5_1_18 [\div_gen_v5_1_18(c_xdevicefamily...]
Compiling architecture t06_sg_div_u53_u37_arch of entity xil_defaultlib.t06_sg_div_u53_u37 [t06_sg_div_u53_u37_default]
Compiling module xil_defaultlib.sfo_initial_shared_gain_s16_lane
Compiling module xil_defaultlib.sfo_initial_shared_gain_s16_4lan...
Compiling module xil_defaultlib.xpm_memory_base(MEMORY_TYPE=1,ME...
Compiling module xil_defaultlib.xpm_fifo_base(FIFO_MEMORY_TYPE=2...
Compiling module xil_defaultlib.xpm_fifo_sync(FIFO_MEMORY_TYPE="...
Compiling module xil_defaultlib.sfo_initial_cfo_derotate_s16_4la...
Compiling module xil_defaultlib.sfo_initial_raw_to_fft_frontend
Compiling module xil_defaultlib.xpm_memory_base(MEMORY_TYPE=1,ME...
Compiling module xil_defaultlib.xpm_memory_sdpram(MEMORY_SIZE=65...
Compiling module xil_defaultlib.sfo_initial_fft_pair_extractor_m...
Compiling module xil_defaultlib.xpm_counter_updn(COUNTER_WIDTH=1...
Compiling module xil_defaultlib.xpm_counter_updn(COUNTER_WIDTH=9...
Compiling module xil_defaultlib.xpm_counter_updn(COUNTER_WIDTH=1...
Compiling module xil_defaultlib.xpm_memory_base(MEMORY_TYPE=1,ME...
Compiling module xil_defaultlib.xpm_fifo_base(FIFO_MEMORY_TYPE=2...
Compiling module xil_defaultlib.xpm_fifo_sync(FIFO_MEMORY_TYPE="...
Compiling module xil_defaultlib.sfo_initial_fft_pair_extractor_f...
Compiling module xil_defaultlib.sfo_initial_fft_pair_extractor
Compiling architecture xilinx of entity mult_gen_v12_0_17.op_resize [\op_resize(ai_width=17,ao_width=...]
Compiling architecture xilinx of entity cmpy_v6_0_20.cmpy_4_dsp48_mult [\cmpy_4_dsp48_mult(c_xdevicefami...]
Compiling architecture xilinx of entity cmpy_v6_0_20.cmpy_4_dsp48 [\cmpy_4_dsp48(c_xdevicefamily="v...]
Compiling architecture xilinx of entity cmpy_v6_0_20.cmpy_v6_0_20_synth [\cmpy_v6_0_20_synth(c_xdevicefam...]
Compiling architecture xilinx of entity cmpy_v6_0_20.cmpy_v6_0_20_viv [\cmpy_v6_0_20_viv(c_xdevicefamil...]
Compiling architecture xilinx of entity cmpy_v6_0_20.cmpy_v6_0_20 [\cmpy_v6_0_20(c_xdevicefamily="v...]
Compiling architecture t04_cmpy_17x16_arch of entity xil_defaultlib.t04_cmpy_17x16 [t04_cmpy_17x16_default]
Compiling module xil_defaultlib.xpm_memory_base(MEMORY_TYPE=1,ME...
Compiling module xil_defaultlib.xpm_fifo_base(FIFO_MEMORY_TYPE=2...
Compiling module xil_defaultlib.xpm_fifo_sync(FIFO_MEMORY_TYPE="...
Compiling module xil_defaultlib.sfo_initial_pair_phasor_bfp
Compiling module xil_defaultlib.xpm_fifo_base(FIFO_MEMORY_TYPE=2...
Compiling module xil_defaultlib.xpm_fifo_sync(FIFO_MEMORY_TYPE="...
Compiling module xil_defaultlib.sfo_initial_observation_engine_f...
Compiling architecture synth of entity xbip_pipe_v3_0_6.xbip_pipe_v3_0_6_viv [\xbip_pipe_v3_0_6_viv(c_latency=...]
Compiling architecture structural of entity c_reg_fd_v12_0_6.c_reg_fd_v12_0_6_viv [\c_reg_fd_v12_0_6_viv(c_width=56...]
Compiling architecture rtl of entity c_addsub_v12_0_14.c_addsub_v12_0_14_lut6_legacy [\c_addsub_v12_0_14_lut6_legacy(c...]
Compiling architecture synth of entity c_addsub_v12_0_14.c_addsub_v12_0_14_fabric_legacy [\c_addsub_v12_0_14_fabric_legacy...]
Compiling architecture synth of entity c_addsub_v12_0_14.c_addsub_v12_0_14_legacy [\c_addsub_v12_0_14_legacy(c_fami...]
Compiling architecture synth of entity c_addsub_v12_0_14.c_addsub_v12_0_14_viv [\c_addsub_v12_0_14_viv(c_xdevice...]
Compiling architecture synth of entity cordic_v6_0_17.addsub [\addsub(family="virtexuplus",add...]
Compiling architecture rtl of entity c_addsub_v12_0_14.c_addsub_v12_0_14_lut6_legacy [\c_addsub_v12_0_14_lut6_legacy(c...]
Compiling architecture synth of entity c_addsub_v12_0_14.c_addsub_v12_0_14_fabric_legacy [\c_addsub_v12_0_14_fabric_legacy...]
Compiling architecture synth of entity c_addsub_v12_0_14.c_addsub_v12_0_14_legacy [\c_addsub_v12_0_14_legacy(c_fami...]
Compiling architecture synth of entity c_addsub_v12_0_14.c_addsub_v12_0_14_viv [\c_addsub_v12_0_14_viv(c_xdevice...]
Compiling architecture synth of entity cordic_v6_0_17.addsub [\addsub(family="virtexuplus",add...]
Compiling architecture struct_all of entity cordic_v6_0_17.delay [\delay(delay_len=1,family="virte...]
Compiling architecture structural of entity c_reg_fd_v12_0_6.c_reg_fd_v12_0_6_viv [\c_reg_fd_v12_0_6_viv(c_width=55...]
Compiling architecture rtl of entity c_addsub_v12_0_14.c_addsub_v12_0_14_lut6_legacy [\c_addsub_v12_0_14_lut6_legacy(c...]
Compiling architecture synth of entity c_addsub_v12_0_14.c_addsub_v12_0_14_fabric_legacy [\c_addsub_v12_0_14_fabric_legacy...]
Compiling architecture synth of entity c_addsub_v12_0_14.c_addsub_v12_0_14_legacy [\c_addsub_v12_0_14_legacy(c_fami...]
Compiling architecture synth of entity c_addsub_v12_0_14.c_addsub_v12_0_14_viv [\c_addsub_v12_0_14_viv(c_xdevice...]
Compiling architecture synth of entity cordic_v6_0_17.addsub [\addsub(family="virtexuplus",add...]
Compiling architecture struct_all of entity cordic_v6_0_17.delay [\delay(delay_len=1,family="virte...]
Compiling architecture struct_all of entity cordic_v6_0_17.delay_bit [\delay_bit(delay_len=2,family="v...]
Compiling architecture synth of entity cordic_v6_0_17.cordic_inp_config [\cordic_inp_config(p_xdevicefami...]
Compiling architecture synth of entity cordic_v6_0_17.cordic_dat_acc_slice_par [\cordic_dat_acc_slice_par(p_xdev...]
Compiling architecture synth of entity cordic_v6_0_17.cordic_pha_acc_slice_par [\cordic_pha_acc_slice_par(p_xdev...]
Compiling architecture struct_all of entity cordic_v6_0_17.delay [\delay(delay_len=1,family="virte...]
Compiling architecture struct_all of entity cordic_v6_0_17.delay_bit [\delay_bit(delay_len=1,family="v...]
Compiling architecture synth of entity cordic_v6_0_17.cordic_ctrl_slice_par [\cordic_ctrl_slice_par(p_xdevice...]
Compiling architecture synth of entity cordic_v6_0_17.cordic_eng_slice_par [\cordic_eng_slice_par(p_xdevicef...]
Compiling architecture synth of entity cordic_v6_0_17.cordic_dat_acc_slice_par [\cordic_dat_acc_slice_par(p_xdev...]
Compiling architecture synth of entity cordic_v6_0_17.cordic_eng_slice_par [\cordic_eng_slice_par(p_xdevicef...]
Compiling architecture synth of entity cordic_v6_0_17.cordic_dat_acc_slice_par [\cordic_dat_acc_slice_par(p_xdev...]
Compiling architecture synth of entity cordic_v6_0_17.cordic_eng_slice_par [\cordic_eng_slice_par(p_xdevicef...]
Compiling architecture synth of entity cordic_v6_0_17.cordic_dat_acc_slice_par [\cordic_dat_acc_slice_par(p_xdev...]
Compiling architecture synth of entity cordic_v6_0_17.cordic_eng_slice_par [\cordic_eng_slice_par(p_xdevicef...]
Compiling architecture synth of entity cordic_v6_0_17.cordic_dat_acc_slice_par [\cordic_dat_acc_slice_par(p_xdev...]
Compiling architecture synth of entity cordic_v6_0_17.cordic_eng_slice_par [\cordic_eng_slice_par(p_xdevicef...]
Compiling architecture synth of entity cordic_v6_0_17.cordic_dat_acc_slice_par [\cordic_dat_acc_slice_par(p_xdev...]
Compiling architecture synth of entity cordic_v6_0_17.cordic_eng_slice_par [\cordic_eng_slice_par(p_xdevicef...]
Compiling architecture synth of entity cordic_v6_0_17.cordic_dat_acc_slice_par [\cordic_dat_acc_slice_par(p_xdev...]
Compiling architecture synth of entity cordic_v6_0_17.cordic_eng_slice_par [\cordic_eng_slice_par(p_xdevicef...]
Compiling architecture synth of entity cordic_v6_0_17.cordic_dat_acc_slice_par [\cordic_dat_acc_slice_par(p_xdev...]
Compiling architecture synth of entity cordic_v6_0_17.cordic_eng_slice_par [\cordic_eng_slice_par(p_xdevicef...]
Compiling architecture synth of entity cordic_v6_0_17.cordic_dat_acc_slice_par [\cordic_dat_acc_slice_par(p_xdev...]
Compiling architecture synth of entity cordic_v6_0_17.cordic_eng_slice_par [\cordic_eng_slice_par(p_xdevicef...]
Compiling architecture synth of entity cordic_v6_0_17.cordic_dat_acc_slice_par [\cordic_dat_acc_slice_par(p_xdev...]
Compiling architecture synth of entity cordic_v6_0_17.cordic_eng_slice_par [\cordic_eng_slice_par(p_xdevicef...]
Compiling architecture synth of entity cordic_v6_0_17.cordic_dat_acc_slice_par [\cordic_dat_acc_slice_par(p_xdev...]
Compiling architecture synth of entity cordic_v6_0_17.cordic_eng_slice_par [\cordic_eng_slice_par(p_xdevicef...]
Compiling architecture synth of entity cordic_v6_0_17.cordic_dat_acc_slice_par [\cordic_dat_acc_slice_par(p_xdev...]
Compiling architecture synth of entity cordic_v6_0_17.cordic_eng_slice_par [\cordic_eng_slice_par(p_xdevicef...]
Compiling architecture synth of entity cordic_v6_0_17.cordic_dat_acc_slice_par [\cordic_dat_acc_slice_par(p_xdev...]
Compiling architecture synth of entity cordic_v6_0_17.cordic_eng_slice_par [\cordic_eng_slice_par(p_xdevicef...]
Compiling architecture synth of entity cordic_v6_0_17.cordic_dat_acc_slice_par [\cordic_dat_acc_slice_par(p_xdev...]
Compiling architecture synth of entity cordic_v6_0_17.cordic_eng_slice_par [\cordic_eng_slice_par(p_xdevicef...]
Compiling architecture synth of entity cordic_v6_0_17.cordic_dat_acc_slice_par [\cordic_dat_acc_slice_par(p_xdev...]
Compiling architecture synth of entity cordic_v6_0_17.cordic_eng_slice_par [\cordic_eng_slice_par(p_xdevicef...]
Compiling architecture synth of entity cordic_v6_0_17.cordic_dat_acc_slice_par [\cordic_dat_acc_slice_par(p_xdev...]
Compiling architecture synth of entity cordic_v6_0_17.cordic_eng_slice_par [\cordic_eng_slice_par(p_xdevicef...]
Compiling architecture synth of entity cordic_v6_0_17.cordic_dat_acc_slice_par [\cordic_dat_acc_slice_par(p_xdev...]
Compiling architecture synth of entity cordic_v6_0_17.cordic_eng_slice_par [\cordic_eng_slice_par(p_xdevicef...]
Compiling architecture synth of entity cordic_v6_0_17.cordic_dat_acc_slice_par [\cordic_dat_acc_slice_par(p_xdev...]
Compiling architecture synth of entity cordic_v6_0_17.cordic_eng_slice_par [\cordic_eng_slice_par(p_xdevicef...]
Compiling architecture synth of entity cordic_v6_0_17.cordic_dat_acc_slice_par [\cordic_dat_acc_slice_par(p_xdev...]
Compiling architecture synth of entity cordic_v6_0_17.cordic_eng_slice_par [\cordic_eng_slice_par(p_xdevicef...]
Compiling architecture synth of entity cordic_v6_0_17.cordic_dat_acc_slice_par [\cordic_dat_acc_slice_par(p_xdev...]
Compiling architecture synth of entity cordic_v6_0_17.cordic_eng_slice_par [\cordic_eng_slice_par(p_xdevicef...]
Compiling architecture synth of entity cordic_v6_0_17.cordic_dat_acc_slice_par [\cordic_dat_acc_slice_par(p_xdev...]
Compiling architecture synth of entity cordic_v6_0_17.cordic_eng_slice_par [\cordic_eng_slice_par(p_xdevicef...]
Compiling architecture synth of entity cordic_v6_0_17.cordic_dat_acc_slice_par [\cordic_dat_acc_slice_par(p_xdev...]
Compiling architecture synth of entity cordic_v6_0_17.cordic_eng_slice_par [\cordic_eng_slice_par(p_xdevicef...]
Compiling architecture synth of entity cordic_v6_0_17.cordic_dat_acc_slice_par [\cordic_dat_acc_slice_par(p_xdev...]
Compiling architecture synth of entity cordic_v6_0_17.cordic_eng_slice_par [\cordic_eng_slice_par(p_xdevicef...]
Compiling architecture synth of entity cordic_v6_0_17.cordic_dat_acc_slice_par [\cordic_dat_acc_slice_par(p_xdev...]
Compiling architecture synth of entity cordic_v6_0_17.cordic_eng_slice_par [\cordic_eng_slice_par(p_xdevicef...]
Compiling architecture synth of entity cordic_v6_0_17.cordic_dat_acc_slice_par [\cordic_dat_acc_slice_par(p_xdev...]
Compiling architecture synth of entity cordic_v6_0_17.cordic_eng_slice_par [\cordic_eng_slice_par(p_xdevicef...]
Compiling architecture synth of entity cordic_v6_0_17.cordic_dat_acc_slice_par [\cordic_dat_acc_slice_par(p_xdev...]
Compiling architecture synth of entity cordic_v6_0_17.cordic_eng_slice_par [\cordic_eng_slice_par(p_xdevicef...]
Compiling architecture synth of entity cordic_v6_0_17.cordic_dat_acc_slice_par [\cordic_dat_acc_slice_par(p_xdev...]
Compiling architecture synth of entity cordic_v6_0_17.cordic_eng_slice_par [\cordic_eng_slice_par(p_xdevicef...]
Compiling architecture synth of entity cordic_v6_0_17.cordic_dat_acc_slice_par [\cordic_dat_acc_slice_par(p_xdev...]
Compiling architecture synth of entity cordic_v6_0_17.cordic_eng_slice_par [\cordic_eng_slice_par(p_xdevicef...]
Compiling architecture synth of entity cordic_v6_0_17.cordic_dat_acc_slice_par [\cordic_dat_acc_slice_par(p_xdev...]
Compiling architecture synth of entity cordic_v6_0_17.cordic_eng_slice_par [\cordic_eng_slice_par(p_xdevicef...]
Compiling architecture synth of entity cordic_v6_0_17.cordic_dat_acc_slice_par [\cordic_dat_acc_slice_par(p_xdev...]
Compiling architecture synth of entity cordic_v6_0_17.cordic_eng_slice_par [\cordic_eng_slice_par(p_xdevicef...]
Compiling architecture synth of entity cordic_v6_0_17.cordic_dat_acc_slice_par [\cordic_dat_acc_slice_par(p_xdev...]
Compiling architecture synth of entity cordic_v6_0_17.cordic_eng_slice_par [\cordic_eng_slice_par(p_xdevicef...]
Compiling architecture synth of entity cordic_v6_0_17.cordic_dat_acc_slice_par [\cordic_dat_acc_slice_par(p_xdev...]
Compiling architecture synth of entity cordic_v6_0_17.cordic_eng_slice_par [\cordic_eng_slice_par(p_xdevicef...]
Compiling architecture synth of entity cordic_v6_0_17.cordic_dat_acc_slice_par [\cordic_dat_acc_slice_par(p_xdev...]
Compiling architecture synth of entity cordic_v6_0_17.cordic_eng_slice_par [\cordic_eng_slice_par(p_xdevicef...]
Compiling architecture synth of entity cordic_v6_0_17.cordic_dat_acc_slice_par [\cordic_dat_acc_slice_par(p_xdev...]
Compiling architecture synth of entity cordic_v6_0_17.cordic_eng_slice_par [\cordic_eng_slice_par(p_xdevicef...]
Compiling architecture synth of entity cordic_v6_0_17.cordic_dat_acc_slice_par [\cordic_dat_acc_slice_par(p_xdev...]
Compiling architecture synth of entity cordic_v6_0_17.cordic_eng_slice_par [\cordic_eng_slice_par(p_xdevicef...]
Compiling architecture synth of entity cordic_v6_0_17.cordic_dat_acc_slice_par [\cordic_dat_acc_slice_par(p_xdev...]
Compiling architecture synth of entity cordic_v6_0_17.cordic_eng_slice_par [\cordic_eng_slice_par(p_xdevicef...]
Compiling architecture synth of entity cordic_v6_0_17.cordic_dat_acc_slice_par [\cordic_dat_acc_slice_par(p_xdev...]
Compiling architecture synth of entity cordic_v6_0_17.cordic_eng_slice_par [\cordic_eng_slice_par(p_xdevicef...]
Compiling architecture synth of entity cordic_v6_0_17.cordic_dat_acc_slice_par [\cordic_dat_acc_slice_par(p_xdev...]
Compiling architecture synth of entity cordic_v6_0_17.cordic_eng_slice_par [\cordic_eng_slice_par(p_xdevicef...]
Compiling architecture synth of entity cordic_v6_0_17.cordic_dat_acc_slice_par [\cordic_dat_acc_slice_par(p_xdev...]
Compiling architecture synth of entity cordic_v6_0_17.cordic_eng_slice_par [\cordic_eng_slice_par(p_xdevicef...]
Compiling architecture synth of entity cordic_v6_0_17.cordic_dat_acc_slice_par [\cordic_dat_acc_slice_par(p_xdev...]
Compiling architecture synth of entity cordic_v6_0_17.cordic_eng_slice_par [\cordic_eng_slice_par(p_xdevicef...]
Compiling architecture synth of entity cordic_v6_0_17.cordic_dat_acc_slice_par [\cordic_dat_acc_slice_par(p_xdev...]
Compiling architecture synth of entity cordic_v6_0_17.cordic_eng_slice_par [\cordic_eng_slice_par(p_xdevicef...]
Compiling architecture synth of entity cordic_v6_0_17.cordic_dat_acc_slice_par [\cordic_dat_acc_slice_par(p_xdev...]
Compiling architecture synth of entity cordic_v6_0_17.cordic_eng_slice_par [\cordic_eng_slice_par(p_xdevicef...]
Compiling architecture synth of entity cordic_v6_0_17.cordic_dat_acc_slice_par [\cordic_dat_acc_slice_par(p_xdev...]
Compiling architecture synth of entity cordic_v6_0_17.cordic_eng_slice_par [\cordic_eng_slice_par(p_xdevicef...]
Compiling architecture synth of entity cordic_v6_0_17.cordic_dat_acc_slice_par [\cordic_dat_acc_slice_par(p_xdev...]
Compiling architecture synth of entity cordic_v6_0_17.cordic_eng_slice_par [\cordic_eng_slice_par(p_xdevicef...]
Compiling architecture synth of entity cordic_v6_0_17.cordic_dat_acc_slice_par [\cordic_dat_acc_slice_par(p_xdev...]
Compiling architecture synth of entity cordic_v6_0_17.cordic_eng_slice_par [\cordic_eng_slice_par(p_xdevicef...]
Compiling architecture synth of entity cordic_v6_0_17.cordic_dat_acc_slice_par [\cordic_dat_acc_slice_par(p_xdev...]
Compiling architecture synth of entity cordic_v6_0_17.cordic_eng_slice_par [\cordic_eng_slice_par(p_xdevicef...]
Compiling architecture synth of entity cordic_v6_0_17.cordic_eng [\cordic_eng(p_xdevicefamily="vir...]
Compiling architecture struct_all of entity cordic_v6_0_17.delay [\delay(delay_len=2,family="virte...]
Compiling architecture xilinx of entity mult_gen_v12_0_17.ccm_dist_mem [\ccm_dist_mem(c_addr_width=6,c_d...]
Compiling architecture xilinx of entity mult_gen_v12_0_17.ccm_syncmem [\ccm_syncmem(c_xdevicefamily="vi...]
Compiling architecture xilinx of entity mult_gen_v12_0_17.ccm_scaled_adder [\ccm_scaled_adder(a_width=58,b_w...]
Compiling architecture xilinx of entity mult_gen_v12_0_17.ccm_scaled_adder [\ccm_scaled_adder(a_width=65,b_w...]
Compiling architecture xilinx of entity mult_gen_v12_0_17.ccm_scaled_adder [\ccm_scaled_adder(a_width=78,b_w...]
Compiling architecture xilinx of entity mult_gen_v12_0_17.ccm_dist_mem [\ccm_dist_mem(c_addr_width=6,c_d...]
Compiling architecture xilinx of entity mult_gen_v12_0_17.ccm_syncmem [\ccm_syncmem(c_xdevicefamily="vi...]
Compiling architecture xilinx of entity mult_gen_v12_0_17.delay_line [\delay_line(c_xdevicefamily="vir...]
Compiling architecture xilinx of entity mult_gen_v12_0_17.ccm_scaled_adder [\ccm_scaled_adder(a_width=103,b_...]
Compiling architecture xilinx of entity mult_gen_v12_0_17.delay_line [\delay_line(c_xdevicefamily="vir...]
Compiling architecture xilinx of entity mult_gen_v12_0_17.ccm_operation [\ccm_operation(c_xdevicefamily="...]
Compiling architecture xilinx of entity mult_gen_v12_0_17.ccm [\ccm(c_xdevicefamily="virtexuplu...]
Compiling architecture xilinx of entity mult_gen_v12_0_17.mult_gen_v12_0_17_viv [\mult_gen_v12_0_17_viv(c_verbosi...]
Compiling architecture synth of entity cordic_v6_0_17.cordic_scale [\cordic_scale(p_xdevicefamily="v...]
Compiling architecture struct_all of entity cordic_v6_0_17.delay [\delay(delay_len=5,family="virte...]
Compiling architecture struct_all of entity cordic_v6_0_17.delay_bit [\delay_bit(delay_len=5,family="v...]
Compiling architecture structural of entity c_reg_fd_v12_0_6.c_reg_fd_v12_0_6_viv [\c_reg_fd_v12_0_6_viv(c_width=55...]
Compiling architecture rtl of entity c_addsub_v12_0_14.c_addsub_v12_0_14_lut6_legacy [\c_addsub_v12_0_14_lut6_legacy(c...]
Compiling architecture synth of entity c_addsub_v12_0_14.c_addsub_v12_0_14_fabric_legacy [\c_addsub_v12_0_14_fabric_legacy...]
Compiling architecture synth of entity c_addsub_v12_0_14.c_addsub_v12_0_14_legacy [\c_addsub_v12_0_14_legacy(c_fami...]
Compiling architecture synth of entity c_addsub_v12_0_14.c_addsub_v12_0_14_viv [\c_addsub_v12_0_14_viv(c_xdevice...]
Compiling architecture synth of entity cordic_v6_0_17.addsub [\addsub(family="virtexuplus",add...]
Compiling architecture synth of entity cordic_v6_0_17.cordic_round [\cordic_round(p_xdevicefamily="v...]
Compiling architecture struct_all of entity cordic_v6_0_17.delay_bit [\delay_bit(delay_len=0,family="v...]
Compiling architecture synth of entity cordic_v6_0_17.cordic_out_config [\cordic_out_config(p_xdevicefami...]
Compiling architecture synth of entity cordic_v6_0_17.cordic_v6_0_17_synth [\cordic_v6_0_17_synth(c_architec...]
Compiling architecture synth of entity cordic_v6_0_17.cordic_v6_0_17_viv [\cordic_v6_0_17_viv(c_architectu...]
Compiling architecture xilinx of entity cordic_v6_0_17.cordic_v6_0_17 [\cordic_v6_0_17(c_architecture=2...]
Compiling architecture t06_cordic_translate48_parallel_arch of entity xil_defaultlib.t06_cordic_translate48_parallel [t06_cordic_translate48_parallel_...]
Compiling architecture xilinx of entity mult_gen_v12_0_17.delay_line [\delay_line(c_xdevicefamily="vir...]
Compiling architecture xilinx of entity mult_gen_v12_0_17.op_resize [\op_resize(ao_width=27)\]
Compiling architecture xilinx of entity mult_gen_v12_0_17.dsp [\dsp(c_xdevicefamily="virtexuplu...]
Compiling architecture xilinx of entity mult_gen_v12_0_17.mult_gen_v12_0_17_viv [\mult_gen_v12_0_17_viv(c_verbosi...]
Compiling architecture xilinx of entity mult_gen_v12_0_17.mult_gen_v12_0_17 [\mult_gen_v12_0_17(c_xdevicefami...]
Compiling architecture t06_observation_engine_square_arch of entity xil_defaultlib.t06_observation_engine_square [t06_observation_engine_square_de...]
Compiling architecture xilinx of entity mult_gen_v12_0_17.delay_line [\delay_line(c_xdevicefamily="vir...]
Compiling architecture xilinx of entity mult_gen_v12_0_17.delay_line [\delay_line(c_xdevicefamily="vir...]
Compiling architecture dsp48e2_v of entity unisim.DSP48E2 [\DSP48E2(alumodereg=0,a_input="C...]
Compiling architecture dsp48e2_v of entity unisim.DSP48E2 [\DSP48E2(acascreg=2,areg=2,bcasc...]
Compiling architecture xilinx of entity mult_gen_v12_0_17.delay_line [\delay_line(c_xdevicefamily="vir...]
Compiling architecture xilinx of entity mult_gen_v12_0_17.op_resize [\op_resize(ai_width=32,bi_width=...]
Compiling architecture xilinx of entity mult_gen_v12_0_17.dsp [\dsp(c_xdevicefamily="virtexuplu...]
Compiling architecture xilinx of entity mult_gen_v12_0_17.mult_gen_v12_0_17_viv [\mult_gen_v12_0_17_viv(c_verbosi...]
Compiling architecture xilinx of entity mult_gen_v12_0_17.mult_gen_v12_0_17 [\mult_gen_v12_0_17(c_xdevicefami...]
Compiling architecture t06_observation_engine_weight_product_arch of entity xil_defaultlib.t06_observation_engine_weight_product [t06_observation_engine_weight_pr...]
Compiling module xil_defaultlib.xpm_counter_updn(COUNTER_WIDTH=8...
Compiling module xil_defaultlib.xpm_counter_updn(COUNTER_WIDTH=7...
Compiling module xil_defaultlib.xpm_memory_base(MEMORY_TYPE=1,ME...
Compiling module xil_defaultlib.xpm_fifo_base(FIFO_MEMORY_TYPE=2...
Compiling module xil_defaultlib.xpm_fifo_sync(FIFO_MEMORY_TYPE="...
Compiling module xil_defaultlib.sfo_initial_observation_engine_f...
Compiling module xil_defaultlib.sfo_initial_observation_engine_d...
Compiling module xil_defaultlib.sfo_initial_observation_engine_2...
Compiling architecture xilinx of entity mult_gen_v12_0_17.delay_line [\delay_line(c_xdevicefamily="vir...]
Compiling architecture xilinx of entity mult_gen_v12_0_17.delay_line [\delay_line(c_xdevicefamily="vir...]
Compiling architecture dsp48e2_v of entity unisim.DSP48E2 [\DSP48E2(alumodereg=0,carryinreg...]
Compiling architecture dsp48e2_v of entity unisim.DSP48E2 [\DSP48E2(acascreg=0,areg=0,a_inp...]
Compiling architecture dsp48e2_v of entity unisim.DSP48E2 [\DSP48E2(acascreg=2,alumodereg=0...]
Compiling architecture dsp48e2_v of entity unisim.DSP48E2 [\DSP48E2(alumodereg=0,amultsel="...]
Compiling architecture dsp48e2_v of entity unisim.DSP48E2 [\DSP48E2(acascreg=2,alumodereg=0...]
Compiling architecture dsp48e2_v of entity unisim.DSP48E2 [\DSP48E2(amultsel="AD",bcascreg=...]
Compiling architecture dsp48e2_v of entity unisim.DSP48E2 [\DSP48E2(acascreg=2,alumodereg=0...]
Compiling architecture xilinx of entity mult_gen_v12_0_17.op_resize [\op_resize(ai_width=64,bi_width=...]
Compiling architecture xilinx of entity mult_gen_v12_0_17.dsp [\dsp(c_xdevicefamily="virtexuplu...]
Compiling architecture xilinx of entity mult_gen_v12_0_17.mult_gen_v12_0_17_viv [\mult_gen_v12_0_17_viv(c_verbosi...]
Compiling architecture xilinx of entity mult_gen_v12_0_17.mult_gen_v12_0_17 [\mult_gen_v12_0_17(c_xdevicefami...]
Compiling architecture t06_pair_max_tracker_2lane_cross_arch of entity xil_defaultlib.t06_pair_max_tracker_2lane_cross [t06_pair_max_tracker_2lane_cross...]
Compiling module xil_defaultlib.sfo_initial_pair_max_tracker_2la...
Compiling module xil_defaultlib.xpm_memory_base(MEMORY_TYPE=1,ME...
Compiling module xil_defaultlib.xpm_memory_sdpram(MEMORY_SIZE=59...
Compiling module xil_defaultlib.sfo_initial_observation_store_ba...
Compiling module xil_defaultlib.sfo_initial_observation_store
Compiling architecture xilinx of entity mult_gen_v12_0_17.delay_line [\delay_line(c_xdevicefamily="vir...]
Compiling architecture xilinx of entity mult_gen_v12_0_17.delay_line [\delay_line(c_xdevicefamily="vir...]
Compiling architecture xilinx of entity mult_gen_v12_0_17.delay_line [\delay_line(c_xdevicefamily="vir...]
Compiling architecture xilinx of entity mult_gen_v12_0_17.delay_line [\delay_line(c_xdevicefamily="vir...]
Compiling architecture xilinx of entity mult_gen_v12_0_17.dsp [\dsp(c_xdevicefamily="virtexuplu...]
Compiling architecture xilinx of entity mult_gen_v12_0_17.mult_gen_v12_0_17_viv [\mult_gen_v12_0_17_viv(c_verbosi...]
Compiling architecture xilinx of entity mult_gen_v12_0_17.mult_gen_v12_0_17 [\mult_gen_v12_0_17(c_xdevicefami...]
Compiling architecture t06_wp_mult_u64_u33_arch of entity xil_defaultlib.t06_wp_mult_u64_u33 [t06_wp_mult_u64_u33_default]
Compiling module xil_defaultlib.sfo_initial_weight_pack
Compiling module xil_defaultlib.xpm_memory_base(MEMORY_TYPE=1,ME...
Compiling module xil_defaultlib.xpm_fifo_base(FIFO_MEMORY_TYPE=2...
Compiling module xil_defaultlib.xpm_fifo_sync(FIFO_MEMORY_TYPE="...
Compiling module xil_defaultlib.sfo_initial_unsigned_divider_ser...
Compiling architecture synth of entity xbip_pipe_v3_0_6.xbip_pipe_v3_0_6_viv [\xbip_pipe_v3_0_6_viv(c_latency=...]
Compiling architecture synth of entity xbip_pipe_v3_0_6.xbip_pipe_v3_0_6_viv [\xbip_pipe_v3_0_6_viv(c_latency=...]
Compiling architecture synth of entity xbip_pipe_v3_0_6.xbip_pipe_v3_0_6_viv [\xbip_pipe_v3_0_6_viv(c_latency=...]
Compiling architecture synth of entity xbip_pipe_v3_0_6.xbip_pipe_v3_0_6_viv [\xbip_pipe_v3_0_6_viv(c_latency=...]
Compiling architecture synth of entity xbip_pipe_v3_0_6.xbip_pipe_v3_0_6_viv [\xbip_pipe_v3_0_6_viv(c_latency=...]
Compiling architecture synth of entity xbip_pipe_v3_0_6.xbip_pipe_v3_0_6_viv [\xbip_pipe_v3_0_6_viv(c_latency=...]
Compiling architecture rtl of entity div_gen_v5_1_18.c_addsub_lut6 [\c_addsub_lut6(c_width=48,c_add_...]
Compiling architecture synth of entity div_gen_v5_1_18.c_addsub_viv [\c_addsub_viv(c_a_width=48,c_b_w...]
Compiling architecture virtex of entity div_gen_v5_1_18.addsubreg_v [\addsubreg_v(c_bus_width=48,c_ha...]
Compiling architecture synth of entity xbip_pipe_v3_0_6.xbip_pipe_v3_0_6_viv [\xbip_pipe_v3_0_6_viv(c_latency=...]
Compiling architecture synth of entity xbip_pipe_v3_0_6.xbip_pipe_v3_0_6_viv [\xbip_pipe_v3_0_6_viv(c_latency=...]
Compiling architecture synth of entity xbip_pipe_v3_0_6.xbip_pipe_v3_0_6_viv [\xbip_pipe_v3_0_6_viv(c_latency=...]
Compiling architecture synth of entity xbip_pipe_v3_0_6.xbip_pipe_v3_0_6_viv [\xbip_pipe_v3_0_6_viv(c_latency=...]
Compiling architecture rtl of entity div_gen_v5_1_18.c_addsub_lut6 [\c_addsub_lut6(c_width=48,c_add_...]
Compiling architecture synth of entity div_gen_v5_1_18.c_addsub_viv [\c_addsub_viv(c_a_width=48,c_b_w...]
Compiling architecture virtex of entity div_gen_v5_1_18.addsubreg_v [\addsubreg_v(c_bus_width=48,c_ha...]
Compiling architecture synth of entity xbip_pipe_v3_0_6.xbip_pipe_v3_0_6_viv [\xbip_pipe_v3_0_6_viv(c_latency=...]
Compiling architecture virtex of entity div_gen_v5_1_18.dividervdc_v [\dividervdc_v(bus_num=63,bus_div...]
Compiling architecture synth of entity div_gen_v5_1_18.bip_sdivider_synth [\bip_sdivider_synth(c_xdevicefam...]
Compiling architecture synth of entity div_gen_v5_1_18.div_gen_synth [\div_gen_synth(c_xdevicefamily="...]
Compiling architecture synth of entity xbip_pipe_v3_0_6.xbip_pipe_v3_0_6_viv [\xbip_pipe_v3_0_6_viv(c_latency=...]
Compiling architecture synth of entity div_gen_v5_1_18.div_gen_v5_1_18_viv [\div_gen_v5_1_18_viv(c_xdevicefa...]
Compiling architecture xilinx of entity div_gen_v5_1_18.div_gen_v5_1_18 [\div_gen_v5_1_18(c_xdevicefamily...]
Compiling architecture t04_div_u63_u47_arch of entity xil_defaultlib.t04_div_u63_u47 [t04_div_u63_u47_default]
Compiling module xil_defaultlib.xpm_memory_base(MEMORY_TYPE=1,ME...
Compiling module xil_defaultlib.xpm_fifo_base(FIFO_MEMORY_TYPE=2...
Compiling module xil_defaultlib.xpm_fifo_sync(FIFO_MEMORY_TYPE="...
Compiling module xil_defaultlib.sfo_initial_unsigned_divider_ser...
Compiling module xil_defaultlib.xpm_memory_base(MEMORY_TYPE=1,ME...
Compiling module xil_defaultlib.xpm_fifo_base(FIFO_MEMORY_TYPE=2...
Compiling module xil_defaultlib.xpm_fifo_sync(FIFO_MEMORY_TYPE="...
Compiling module xil_defaultlib.sfo_initial_unsigned_divider_ser...
Compiling module xil_defaultlib.sfo_initial_unsigned_divider_ser...
Compiling architecture xilinx of entity mult_gen_v12_0_17.delay_line [\delay_line(c_xdevicefamily="vir...]
Compiling architecture xilinx of entity mult_gen_v12_0_17.op_resize [\op_resize(ai_width=18,bi_width=...]
Compiling architecture xilinx of entity mult_gen_v12_0_17.dsp [\dsp(c_xdevicefamily="virtexuplu...]
Compiling architecture xilinx of entity mult_gen_v12_0_17.mult_gen_v12_0_17_viv [\mult_gen_v12_0_17_viv(c_verbosi...]
Compiling architecture xilinx of entity mult_gen_v12_0_17.mult_gen_v12_0_17 [\mult_gen_v12_0_17(c_xdevicefami...]
Compiling architecture t06_fs_mult_u18_s11_arch of entity xil_defaultlib.t06_fs_mult_u18_s11 [t06_fs_mult_u18_s11_default]
Compiling architecture xilinx of entity mult_gen_v12_0_17.delay_line [\delay_line(c_xdevicefamily="vir...]
Compiling architecture xilinx of entity mult_gen_v12_0_17.delay_line [\delay_line(c_xdevicefamily="vir...]
Compiling architecture xilinx of entity mult_gen_v12_0_17.delay_line [\delay_line(c_xdevicefamily="vir...]
Compiling architecture xilinx of entity mult_gen_v12_0_17.delay_line [\delay_line(c_xdevicefamily="vir...]
Compiling architecture xilinx of entity mult_gen_v12_0_17.delay_line [\delay_line(c_xdevicefamily="vir...]
Compiling architecture xilinx of entity mult_gen_v12_0_17.delay_line [\delay_line(c_xdevicefamily="vir...]
Compiling architecture xilinx of entity mult_gen_v12_0_17.op_resize [\op_resize(ai_width=18,bi_width=...]
Compiling architecture xilinx of entity mult_gen_v12_0_17.dsp [\dsp(c_xdevicefamily="virtexuplu...]
Compiling architecture xilinx of entity mult_gen_v12_0_17.mult_gen_v12_0_17_viv [\mult_gen_v12_0_17_viv(c_verbosi...]
Compiling architecture xilinx of entity mult_gen_v12_0_17.mult_gen_v12_0_17 [\mult_gen_v12_0_17(c_xdevicefami...]
Compiling architecture t06_fs_mult_u18_s48_arch of entity xil_defaultlib.t06_fs_mult_u18_s48 [t06_fs_mult_u18_s48_default]
Compiling architecture xilinx of entity mult_gen_v12_0_17.delay_line [\delay_line(c_xdevicefamily="vir...]
Compiling architecture xilinx of entity mult_gen_v12_0_17.op_resize [\op_resize(ai_width=29,bi_width=...]
Compiling architecture xilinx of entity mult_gen_v12_0_17.dsp [\dsp(c_xdevicefamily="virtexuplu...]
Compiling architecture xilinx of entity mult_gen_v12_0_17.mult_gen_v12_0_17_viv [\mult_gen_v12_0_17_viv(c_verbosi...]
Compiling architecture xilinx of entity mult_gen_v12_0_17.mult_gen_v12_0_17 [\mult_gen_v12_0_17(c_xdevicefami...]
Compiling architecture t06_fs_mult_s29_s11_arch of entity xil_defaultlib.t06_fs_mult_s29_s11 [t06_fs_mult_s29_s11_default]
Compiling architecture dsp48e2_v of entity unisim.DSP48E2 [\DSP48E2(alumodereg=0,amultsel="...]
Compiling architecture dsp48e2_v of entity unisim.DSP48E2 [\DSP48E2(acascreg=0,alumodereg=0...]
Compiling architecture dsp48e2_v of entity unisim.DSP48E2 [\DSP48E2(alumodereg=0,amultsel="...]
Compiling architecture xilinx of entity mult_gen_v12_0_17.op_resize [\op_resize(ai_width=29,bi_width=...]
Compiling architecture xilinx of entity mult_gen_v12_0_17.dsp [\dsp(c_xdevicefamily="virtexuplu...]
Compiling architecture xilinx of entity mult_gen_v12_0_17.mult_gen_v12_0_17_viv [\mult_gen_v12_0_17_viv(c_verbosi...]
Compiling architecture xilinx of entity mult_gen_v12_0_17.mult_gen_v12_0_17 [\mult_gen_v12_0_17(c_xdevicefami...]
Compiling architecture t06_fs_mult_s29_s48_arch of entity xil_defaultlib.t06_fs_mult_s29_s48 [t06_fs_mult_s29_s48_default]
Compiling module xil_defaultlib.sfo_initial_five_sum_accumulator
Compiling architecture xilinx of entity mult_gen_v12_0_17.delay_line [\delay_line(c_xdevicefamily="vir...]
Compiling architecture xilinx of entity mult_gen_v12_0_17.delay_line [\delay_line(c_xdevicefamily="vir...]
Compiling architecture dsp48e2_v of entity unisim.DSP48E2 [\DSP48E2(acascreg=2,alumodereg=0...]
Compiling architecture dsp48e2_v of entity unisim.DSP48E2 [\DSP48E2(acascreg=2,alumodereg=0...]
Compiling architecture xilinx of entity mult_gen_v12_0_17.delay_line [\delay_line(c_xdevicefamily="vir...]
Compiling architecture dsp48e2_v of entity unisim.DSP48E2 [\DSP48E2(acascreg=0,areg=0,a_inp...]
Compiling architecture dsp48e2_v of entity unisim.DSP48E2 [\DSP48E2(acascreg=2,amultsel="AD...]
Compiling architecture xilinx of entity mult_gen_v12_0_17.op_resize [\op_resize(ai_width=30,bi_width=...]
Compiling architecture xilinx of entity mult_gen_v12_0_17.dsp [\dsp(c_xdevicefamily="virtexuplu...]
Compiling architecture xilinx of entity mult_gen_v12_0_17.mult_gen_v12_0_17_viv [\mult_gen_v12_0_17_viv(c_verbosi...]
Compiling architecture xilinx of entity mult_gen_v12_0_17.mult_gen_v12_0_17 [\mult_gen_v12_0_17(c_xdevicefami...]
Compiling architecture t06_rt_mult_u30_u48_arch of entity xil_defaultlib.t06_rt_mult_u30_u48 [t06_rt_mult_u30_u48_default]
Compiling architecture xilinx of entity mult_gen_v12_0_17.delay_line [\delay_line(c_xdevicefamily="vir...]
Compiling architecture dsp48e2_v of entity unisim.DSP48E2 [\DSP48E2(acascreg=2,areg=2,bcasc...]
Compiling architecture dsp48e2_v of entity unisim.DSP48E2 [\DSP48E2(bcascreg=0,breg=0,b_inp...]
Compiling architecture dsp48e2_v of entity unisim.DSP48E2 [\DSP48E2(acascreg=2,amultsel="AD...]
Compiling architecture xilinx of entity mult_gen_v12_0_17.delay_line [\delay_line(c_xdevicefamily="vir...]
Compiling architecture dsp48e2_v of entity unisim.DSP48E2 [\DSP48E2(acascreg=2,alumodereg=0...]
Compiling architecture xilinx of entity mult_gen_v12_0_17.delay_line [\delay_line(c_xdevicefamily="vir...]
Compiling architecture xilinx of entity mult_gen_v12_0_17.op_resize [\op_resize(ai_width=41,bi_width=...]
Compiling architecture xilinx of entity mult_gen_v12_0_17.dsp [\dsp(c_xdevicefamily="virtexuplu...]
Compiling architecture xilinx of entity mult_gen_v12_0_17.mult_gen_v12_0_17_viv [\mult_gen_v12_0_17_viv(c_verbosi...]
Compiling architecture xilinx of entity mult_gen_v12_0_17.mult_gen_v12_0_17 [\mult_gen_v12_0_17(c_xdevicefami...]
Compiling architecture t06_rt_mult_s41_s41_arch of entity xil_defaultlib.t06_rt_mult_s41_s41 [t06_rt_mult_s41_s41_default]
Compiling architecture xilinx of entity mult_gen_v12_0_17.delay_line [\delay_line(c_xdevicefamily="vir...]
Compiling architecture dsp48e2_v of entity unisim.DSP48E2 [\DSP48E2(acascreg=0,areg=0,a_inp...]
Compiling architecture xilinx of entity mult_gen_v12_0_17.op_resize [\op_resize(ai_width=30,bi_width=...]
Compiling architecture xilinx of entity mult_gen_v12_0_17.dsp [\dsp(c_xdevicefamily="virtexuplu...]
Compiling architecture xilinx of entity mult_gen_v12_0_17.mult_gen_v12_0_17_viv [\mult_gen_v12_0_17_viv(c_verbosi...]
Compiling architecture xilinx of entity mult_gen_v12_0_17.mult_gen_v12_0_17 [\mult_gen_v12_0_17(c_xdevicefami...]
Compiling architecture t06_rt_mult_u30_u43_arch of entity xil_defaultlib.t06_rt_mult_u30_u43 [t06_rt_mult_u30_u43_default]
Compiling architecture xilinx of entity mult_gen_v12_0_17.delay_line [\delay_line(c_xdevicefamily="vir...]
Compiling architecture xilinx of entity mult_gen_v12_0_17.op_resize [\op_resize(ai_width=30,bi_width=...]
Compiling architecture xilinx of entity mult_gen_v12_0_17.dsp [\dsp(c_xdevicefamily="virtexuplu...]
Compiling architecture xilinx of entity mult_gen_v12_0_17.mult_gen_v12_0_17_viv [\mult_gen_v12_0_17_viv(c_verbosi...]
Compiling architecture xilinx of entity mult_gen_v12_0_17.mult_gen_v12_0_17 [\mult_gen_v12_0_17(c_xdevicefami...]
Compiling architecture t06_rt_mult_u30_s42_arch of entity xil_defaultlib.t06_rt_mult_u30_s42 [t06_rt_mult_u30_s42_default]
Compiling architecture xilinx of entity mult_gen_v12_0_17.delay_line [\delay_line(c_xdevicefamily="vir...]
Compiling architecture xilinx of entity mult_gen_v12_0_17.op_resize [\op_resize(ai_width=41,bi_width=...]
Compiling architecture xilinx of entity mult_gen_v12_0_17.dsp [\dsp(c_xdevicefamily="virtexuplu...]
Compiling architecture xilinx of entity mult_gen_v12_0_17.mult_gen_v12_0_17_viv [\mult_gen_v12_0_17_viv(c_verbosi...]
Compiling architecture xilinx of entity mult_gen_v12_0_17.mult_gen_v12_0_17 [\mult_gen_v12_0_17(c_xdevicefami...]
Compiling architecture t06_rt_mult_s41_u38_arch of entity xil_defaultlib.t06_rt_mult_s41_u38 [t06_rt_mult_s41_u38_default]
Compiling architecture xilinx of entity mult_gen_v12_0_17.delay_line [\delay_line(c_xdevicefamily="vir...]
Compiling architecture xilinx of entity mult_gen_v12_0_17.op_resize [\op_resize(ai_width=41,bi_width=...]
Compiling architecture xilinx of entity mult_gen_v12_0_17.dsp [\dsp(c_xdevicefamily="virtexuplu...]
Compiling architecture xilinx of entity mult_gen_v12_0_17.mult_gen_v12_0_17_viv [\mult_gen_v12_0_17_viv(c_verbosi...]
Compiling architecture xilinx of entity mult_gen_v12_0_17.mult_gen_v12_0_17 [\mult_gen_v12_0_17(c_xdevicefami...]
Compiling architecture t06_rt_mult_s41_s38_arch of entity xil_defaultlib.t06_rt_mult_s41_s38 [t06_rt_mult_s41_s38_default]
Compiling architecture xilinx of entity mult_gen_v12_0_17.delay_line [\delay_line(c_xdevicefamily="vir...]
Compiling architecture xilinx of entity mult_gen_v12_0_17.op_resize [\op_resize(ai_width=48,bi_width=...]
Compiling architecture xilinx of entity mult_gen_v12_0_17.dsp [\dsp(c_xdevicefamily="virtexuplu...]
Compiling architecture xilinx of entity mult_gen_v12_0_17.mult_gen_v12_0_17_viv [\mult_gen_v12_0_17_viv(c_verbosi...]
Compiling architecture xilinx of entity mult_gen_v12_0_17.mult_gen_v12_0_17 [\mult_gen_v12_0_17(c_xdevicefami...]
Compiling architecture t06_rt_mult_u48_u20_arch of entity xil_defaultlib.t06_rt_mult_u48_u20 [t06_rt_mult_u48_u20_default]
Compiling module xil_defaultlib.sfo_initial_regression_tail
Compiling module xil_defaultlib.sfo_initial_swls_weighted_backen...
Compiling module xil_defaultlib.sfo_initial_fft_swls_backend
Compiling module xil_defaultlib.sfo_initial_estimation_service
Compiling module xil_defaultlib.xpm_cdc_array_single(DEST_SYNC_F...
Compiling module xil_defaultlib.xpm_cdc_sync_rst(INIT_SYNC_FF=1,...
Compiling module xil_defaultlib.xpm_cdc_sync_rst(DEST_SYNC_FF=2,...
Compiling module xil_defaultlib.xpm_fifo_rst(COMMON_CLOCK=0)
Compiling module xil_defaultlib.xpm_memory_base(MEMORY_TYPE=1,ME...
Compiling module xil_defaultlib.xpm_cdc_gray(DEST_SYNC_FF=2,INIT...
Compiling module xil_defaultlib.xpm_fifo_reg_vec(REG_WIDTH=6)
Compiling module xil_defaultlib.xpm_cdc_gray(INIT_SYNC_FF=1,WIDT...
Compiling module xil_defaultlib.xpm_fifo_reg_vec(REG_WIDTH=7)
Compiling module xil_defaultlib.xpm_cdc_gray(DEST_SYNC_FF=2,INIT...
Compiling module xil_defaultlib.xpm_fifo_reg_vec(REG_WIDTH=8)
Compiling module xil_defaultlib.xpm_cdc_gray(DEST_SYNC_FF=2,INIT...
Compiling module xil_defaultlib.xpm_fifo_reg_vec(REG_WIDTH=9)
Compiling module xil_defaultlib.xpm_fifo_base(COMMON_CLOCK=0,FIF...
Compiling module xil_defaultlib.xpm_fifo_async(FIFO_MEMORY_TYPE=...
Compiling architecture synth of entity xfft_v9_1_6.axi_wrapper_output_fifo [\axi_wrapper_output_fifo(c_fifo_...]
Compiling architecture synth of entity xfft_v9_1_6.axi_wrapper_input_fifo [\axi_wrapper_input_fifo(c_fifo_w...]
Compiling architecture synth of entity xfft_v9_1_6.axi_wrapper_input_fifo [\axi_wrapper_input_fifo(c_fifo_w...]
Compiling architecture synth of entity xfft_v9_1_6.axi_wrapper_output_fifo [\axi_wrapper_output_fifo(c_fifo_...]
Compiling architecture synth of entity xfft_v9_1_6.axi_wrapper [\axi_wrapper(c_nfft_max=11,c_arc...]
Compiling architecture rtl of entity c_addsub_v12_0_14.c_addsub_v12_0_14_lut6_legacy [\c_addsub_v12_0_14_lut6_legacy(c...]
Compiling architecture synth of entity c_addsub_v12_0_14.c_addsub_v12_0_14_fabric_legacy [\c_addsub_v12_0_14_fabric_legacy...]
Compiling architecture synth of entity c_addsub_v12_0_14.c_addsub_v12_0_14_legacy [\c_addsub_v12_0_14_legacy(c_fami...]
Compiling architecture synth of entity c_addsub_v12_0_14.c_addsub_v12_0_14_viv [\c_addsub_v12_0_14_viv(c_xdevice...]
Compiling architecture xilinx of entity xfft_v9_1_6.cnt_tc_rtl_b [\cnt_tc_rtl_b(c_xdevicefamily="v...]
Compiling architecture struct of entity c_shift_ram_v12_0_14.c_shift_ram_v12_0_14_legacy [\c_shift_ram_v12_0_14_legacy(c_x...]
Compiling architecture synth of entity c_shift_ram_v12_0_14.c_shift_ram_v12_0_14_viv [\c_shift_ram_v12_0_14_viv(c_xdev...]
Compiling architecture xilinx of entity xfft_v9_1_6.shift_ram [\shift_ram(c_xdevicefamily="virt...]
Compiling architecture xilinx of entity xfft_v9_1_6.equ_rtl [\equ_rtl(c_xdevicefamily="virtex...]
Compiling architecture xilinx of entity xfft_v9_1_6.r22_cnt_ctrl [\r22_cnt_ctrl(c_xdevicefamily="v...]
Compiling architecture xilinx of entity xfft_v9_1_6.r22_cnt_ctrl [\r22_cnt_ctrl(c_xdevicefamily="v...]
Compiling architecture struct of entity c_shift_ram_v12_0_14.c_shift_ram_v12_0_14_legacy [\c_shift_ram_v12_0_14_legacy(c_x...]
Compiling architecture synth of entity c_shift_ram_v12_0_14.c_shift_ram_v12_0_14_viv [\c_shift_ram_v12_0_14_viv(c_xdev...]
Compiling architecture xilinx of entity xfft_v9_1_6.shift_ram [\shift_ram(c_xdevicefamily="virt...]
Compiling architecture struct of entity c_shift_ram_v12_0_14.c_shift_ram_v12_0_14_legacy [\c_shift_ram_v12_0_14_legacy(c_x...]
Compiling architecture synth of entity c_shift_ram_v12_0_14.c_shift_ram_v12_0_14_viv [\c_shift_ram_v12_0_14_viv(c_xdev...]
Compiling architecture xilinx of entity xfft_v9_1_6.shift_ram [\shift_ram(c_xdevicefamily="virt...]
Compiling architecture fd_v of entity unisim.FD [fd_default]
Compiling architecture struct of entity c_shift_ram_v12_0_14.c_shift_ram_v12_0_14_legacy [\c_shift_ram_v12_0_14_legacy(c_x...]
Compiling architecture synth of entity c_shift_ram_v12_0_14.c_shift_ram_v12_0_14_viv [\c_shift_ram_v12_0_14_viv(c_xdev...]
Compiling architecture xilinx of entity xfft_v9_1_6.shift_ram [\shift_ram(c_xdevicefamily="virt...]
Compiling architecture fde_v of entity unisim.FDE [fde_default]
Compiling architecture struct of entity c_shift_ram_v12_0_14.c_shift_ram_v12_0_14_legacy [\c_shift_ram_v12_0_14_legacy(c_x...]
Compiling architecture synth of entity c_shift_ram_v12_0_14.c_shift_ram_v12_0_14_viv [\c_shift_ram_v12_0_14_viv(c_xdev...]
Compiling architecture xilinx of entity xfft_v9_1_6.shift_ram [\shift_ram(c_xdevicefamily="virt...]
Compiling architecture xilinx of entity xfft_v9_1_6.shift_ram [\shift_ram(c_xdevicefamily="virt...]
Compiling architecture xilinx of entity xfft_v9_1_6.shift_ram [\shift_ram(c_xdevicefamily="virt...]
Compiling architecture struct of entity c_shift_ram_v12_0_14.c_shift_ram_v12_0_14_legacy [\c_shift_ram_v12_0_14_legacy(c_x...]
Compiling architecture synth of entity c_shift_ram_v12_0_14.c_shift_ram_v12_0_14_viv [\c_shift_ram_v12_0_14_viv(c_xdev...]
Compiling architecture xilinx of entity xfft_v9_1_6.shift_ram [\shift_ram(c_xdevicefamily="virt...]
Compiling architecture struct of entity c_shift_ram_v12_0_14.c_shift_ram_v12_0_14_legacy [\c_shift_ram_v12_0_14_legacy(c_x...]
Compiling architecture synth of entity c_shift_ram_v12_0_14.c_shift_ram_v12_0_14_viv [\c_shift_ram_v12_0_14_viv(c_xdev...]
Compiling architecture xilinx of entity xfft_v9_1_6.shift_ram [\shift_ram(c_xdevicefamily="virt...]
Compiling architecture xilinx of entity xfft_v9_1_6.shift_ram [\shift_ram(c_xdevicefamily="virt...]
Compiling architecture xilinx of entity xfft_v9_1_6.shift_ram [\shift_ram(c_xdevicefamily="virt...]
Compiling architecture xilinx of entity xfft_v9_1_6.shift_ram [\shift_ram(c_xdevicefamily="virt...]
Compiling architecture lut3_v of entity unisim.LUT3 [\LUT3(init="11001010")(0,7)\]
Compiling architecture xilinx of entity xfft_v9_1_6.mux_bus2 [\mux_bus2(c_xdevicefamily="virte...]
Compiling architecture xilinx of entity xfft_v9_1_6.r22_delay_mux [\r22_delay_mux(c_xdevicefamily="...]
Compiling architecture xilinx of entity xfft_v9_1_6.r22_delay_mux [\r22_delay_mux(c_xdevicefamily="...]
Compiling architecture xilinx of entity xfft_v9_1_6.shift_ram [\shift_ram(c_xdevicefamily="virt...]
Compiling architecture xilinx of entity xfft_v9_1_6.shift_ram [\shift_ram(c_xdevicefamily="virt...]
Compiling architecture rb18_internal_vhdl_v of entity unisim.RB18_INTERNAL_VHDL [\RB18_INTERNAL_VHDL(bram_size=18...]
Compiling architecture ramb18e1_v of entity unisim.RAMB18E1 [\RAMB18E1(dob_reg=1,read_width_b...]
Compiling architecture ramb18_v of entity unisim.RAMB18 [\RAMB18(dob_reg=1,read_width_b=1...]
Compiling architecture xilinx of entity xfft_v9_1_6.dpm [\dpm(c_xdevicefamily="virtexuplu...]
Compiling architecture xilinx of entity xfft_v9_1_6.r22_memory [\r22_memory(c_xdevicefamily="vir...]
Compiling architecture structural of entity c_reg_fd_v12_0_6.c_reg_fd_v12_0_6_viv [\c_reg_fd_v12_0_6_viv(c_width=18...]
Compiling architecture rtl of entity c_addsub_v12_0_14.c_addsub_v12_0_14_lut6_legacy [\c_addsub_v12_0_14_lut6_legacy(c...]
Compiling architecture synth of entity c_addsub_v12_0_14.c_addsub_v12_0_14_fabric_legacy [\c_addsub_v12_0_14_fabric_legacy...]
Compiling architecture synth of entity c_addsub_v12_0_14.c_addsub_v12_0_14_legacy [\c_addsub_v12_0_14_legacy(c_fami...]
Compiling architecture synth of entity c_addsub_v12_0_14.c_addsub_v12_0_14_viv [\c_addsub_v12_0_14_viv(c_xdevice...]
Compiling architecture xilinx of entity xfft_v9_1_6.adder_bypass [\adder_bypass(c_xdevicefamily="v...]
Compiling architecture structural of entity c_reg_fd_v12_0_6.c_reg_fd_v12_0_6_viv [\c_reg_fd_v12_0_6_viv(c_width=18...]
Compiling architecture rtl of entity c_addsub_v12_0_14.c_addsub_v12_0_14_lut6_legacy [\c_addsub_v12_0_14_lut6_legacy(c...]
Compiling architecture synth of entity c_addsub_v12_0_14.c_addsub_v12_0_14_fabric_legacy [\c_addsub_v12_0_14_fabric_legacy...]
Compiling architecture synth of entity c_addsub_v12_0_14.c_addsub_v12_0_14_legacy [\c_addsub_v12_0_14_legacy(c_fami...]
Compiling architecture synth of entity c_addsub_v12_0_14.c_addsub_v12_0_14_viv [\c_addsub_v12_0_14_viv(c_xdevice...]
Compiling architecture xilinx of entity xfft_v9_1_6.sub_byp [\sub_byp(c_xdevicefamily="virtex...]
Compiling architecture xilinx of entity xfft_v9_1_6.r22_bfly_byp [\r22_bfly_byp(c_xdevicefamily="v...]
Compiling architecture xilinx of entity xfft_v9_1_6.r22_bf [\r22_bf(c_xdevicefamily="virtexu...]
Compiling architecture xilinx of entity xfft_v9_1_6.shift_ram [\shift_ram(c_xdevicefamily="virt...]
Compiling architecture synth of entity xfft_v9_1_6.r22_twos_comp_mux [\r22_twos_comp_mux(c_xdevicefami...]
Compiling architecture synth of entity xfft_v9_1_6.r22_twos_comp_mux [\r22_twos_comp_mux(c_xdevicefami...]
Compiling architecture xilinx of entity xfft_v9_1_6.shift_ram [\shift_ram(c_xdevicefamily="virt...]
Compiling architecture xilinx of entity xfft_v9_1_6.shift_ram [\shift_ram(c_xdevicefamily="virt...]
Compiling architecture xilinx of entity xfft_v9_1_6.shift_ram [\shift_ram(c_xdevicefamily="virt...]
Compiling architecture xilinx of entity xfft_v9_1_6.mux_bus2 [\mux_bus2(c_xdevicefamily="virte...]
Compiling architecture xilinx of entity xfft_v9_1_6.r22_delay_mux [\r22_delay_mux(c_xdevicefamily="...]
Compiling architecture xilinx of entity xfft_v9_1_6.r22_delay_mux [\r22_delay_mux(c_xdevicefamily="...]
Compiling architecture xilinx of entity xfft_v9_1_6.shift_ram [\shift_ram(c_xdevicefamily="virt...]
Compiling architecture xilinx of entity xfft_v9_1_6.shift_ram [\shift_ram(c_xdevicefamily="virt...]
Compiling architecture rb18_internal_vhdl_v of entity unisim.RB18_INTERNAL_VHDL [\RB18_INTERNAL_VHDL(bram_size=18...]
Compiling architecture ramb18e1_v of entity unisim.RAMB18E1 [\RAMB18E1(doa_reg=1,dob_reg=1,ra...]
Compiling architecture xilinx of entity xfft_v9_1_6.dpm [\dpm(c_xdevicefamily="virtexuplu...]
Compiling architecture xilinx of entity xfft_v9_1_6.r22_memory [\r22_memory(c_xdevicefamily="vir...]
Compiling architecture structural of entity c_reg_fd_v12_0_6.c_reg_fd_v12_0_6_viv [\c_reg_fd_v12_0_6_viv(c_width=19...]
Compiling architecture rtl of entity c_addsub_v12_0_14.c_addsub_v12_0_14_lut6_legacy [\c_addsub_v12_0_14_lut6_legacy(c...]
Compiling architecture synth of entity c_addsub_v12_0_14.c_addsub_v12_0_14_fabric_legacy [\c_addsub_v12_0_14_fabric_legacy...]
Compiling architecture synth of entity c_addsub_v12_0_14.c_addsub_v12_0_14_legacy [\c_addsub_v12_0_14_legacy(c_fami...]
Compiling architecture synth of entity c_addsub_v12_0_14.c_addsub_v12_0_14_viv [\c_addsub_v12_0_14_viv(c_xdevice...]
Compiling architecture xilinx of entity xfft_v9_1_6.adder_bypass [\adder_bypass(c_xdevicefamily="v...]
Compiling architecture structural of entity c_reg_fd_v12_0_6.c_reg_fd_v12_0_6_viv [\c_reg_fd_v12_0_6_viv(c_width=19...]
Compiling architecture rtl of entity c_addsub_v12_0_14.c_addsub_v12_0_14_lut6_legacy [\c_addsub_v12_0_14_lut6_legacy(c...]
Compiling architecture synth of entity c_addsub_v12_0_14.c_addsub_v12_0_14_fabric_legacy [\c_addsub_v12_0_14_fabric_legacy...]
Compiling architecture synth of entity c_addsub_v12_0_14.c_addsub_v12_0_14_legacy [\c_addsub_v12_0_14_legacy(c_fami...]
Compiling architecture synth of entity c_addsub_v12_0_14.c_addsub_v12_0_14_viv [\c_addsub_v12_0_14_viv(c_xdevice...]
Compiling architecture xilinx of entity xfft_v9_1_6.sub_byp [\sub_byp(c_xdevicefamily="virtex...]
Compiling architecture xilinx of entity xfft_v9_1_6.r22_bfly_byp [\r22_bfly_byp(c_xdevicefamily="v...]
Compiling architecture xilinx of entity xfft_v9_1_6.r22_bf [\r22_bf(c_xdevicefamily="virtexu...]
Compiling architecture xilinx of entity xfft_v9_1_6.shift_ram [\shift_ram(c_xdevicefamily="virt...]
Compiling architecture struct of entity c_shift_ram_v12_0_14.c_shift_ram_v12_0_14_legacy [\c_shift_ram_v12_0_14_legacy(c_x...]
Compiling architecture synth of entity c_shift_ram_v12_0_14.c_shift_ram_v12_0_14_viv [\c_shift_ram_v12_0_14_viv(c_xdev...]
Compiling architecture xilinx of entity xfft_v9_1_6.shift_ram [\shift_ram(c_xdevicefamily="virt...]
Compiling architecture structural of entity c_reg_fd_v12_0_6.c_reg_fd_v12_0_6_viv [\c_reg_fd_v12_0_6_viv(c_width=11...]
Compiling architecture rtl of entity c_addsub_v12_0_14.c_addsub_v12_0_14_lut6_legacy [\c_addsub_v12_0_14_lut6_legacy(c...]
Compiling architecture synth of entity c_addsub_v12_0_14.c_addsub_v12_0_14_fabric_legacy [\c_addsub_v12_0_14_fabric_legacy...]
Compiling architecture synth of entity c_addsub_v12_0_14.c_addsub_v12_0_14_legacy [\c_addsub_v12_0_14_legacy(c_fami...]
Compiling architecture synth of entity c_addsub_v12_0_14.c_addsub_v12_0_14_viv [\c_addsub_v12_0_14_viv(c_xdevice...]
Compiling architecture xilinx of entity xfft_v9_1_6.adder [\adder(c_xdevicefamily="virtexup...]
Compiling architecture lut6_v of entity unisim.LUT6 [\LUT6(init="11111111000000001111...]
Compiling architecture xilinx of entity xfft_v9_1_6.mux_bus4 [\mux_bus4(c_xdevicefamily="virte...]
Compiling architecture xilinx of entity xfft_v9_1_6.shift_ram [\shift_ram(c_xdevicefamily="virt...]
Compiling architecture xilinx of entity xfft_v9_1_6.twos_comp [\twos_comp(c_data_width=9,c_has_...]
Compiling architecture lut6_v of entity unisim.LUT6 [\LUT6(init="10000000000000000000...]
Compiling architecture xilinx of entity xfft_v9_1_6.logic_gate [\logic_gate(c_xdevicefamily="vir...]
Compiling architecture xilinx of entity xfft_v9_1_6.twgen_quarter_sin [\twgen_quarter_sin(c_xdevicefami...]
Compiling architecture xilinx of entity xfft_v9_1_6.twiddle_gen [\twiddle_gen(c_xdevicefamily="vi...]
Compiling architecture xilinx of entity xfft_v9_1_6.r22_tw_gen [\r22_tw_gen(c_xdevicefamily="vir...]
Compiling architecture xilinx of entity cmpy_v6_0_20.delay_line [\delay_line(c_xdevicefamily="vir...]
Compiling architecture xilinx of entity cmpy_v6_0_20.delay_line [\delay_line(c_xdevicefamily="vir...]
Compiling architecture xilinx of entity mult_gen_v12_0_17.delay_line [\delay_line(c_xdevicefamily="vir...]
Compiling architecture xilinx of entity mult_gen_v12_0_17.delay_line [\delay_line(c_xdevicefamily="vir...]
Compiling architecture dsp48e2_v of entity unisim.DSP48E2 [\DSP48E2(acascreg=2,alumodereg=0...]
Compiling architecture xilinx of entity mult_gen_v12_0_17.delay_line [\delay_line(c_xdevicefamily="vir...]
Compiling architecture xilinx of entity mult_gen_v12_0_17.dsp [\dsp(c_xdevicefamily="virtexuplu...]
Compiling architecture xilinx of entity cmpy_v6_0_20.cmpy_3_dsp48_mult [\cmpy_3_dsp48_mult(c_xdevicefami...]
Compiling architecture xilinx of entity mult_gen_v12_0_17.delay_line [\delay_line(c_xdevicefamily="vir...]
Compiling architecture xilinx of entity mult_gen_v12_0_17.delay_line [\delay_line(c_xdevicefamily="vir...]
Compiling architecture dsp48e2_v of entity unisim.DSP48E2 [\DSP48E2(alumodereg=0,amultsel="...]
Compiling architecture xilinx of entity mult_gen_v12_0_17.op_resize [\op_resize(ai_width=19,bi_width=...]
Compiling architecture xilinx of entity mult_gen_v12_0_17.dsp [\dsp(c_xdevicefamily="virtexuplu...]
Compiling architecture xilinx of entity cmpy_v6_0_20.cmpy_3_dsp48_mult [\cmpy_3_dsp48_mult(c_xdevicefami...]
Compiling architecture xilinx of entity mult_gen_v12_0_17.dsp [\dsp(c_xdevicefamily="virtexuplu...]
Compiling architecture xilinx of entity cmpy_v6_0_20.cmpy_3_dsp48_mult [\cmpy_3_dsp48_mult(c_xdevicefami...]
Compiling architecture xilinx of entity cmpy_v6_0_20.input_negation [\input_negation(c_xdevicefamily=...]
Compiling architecture xilinx of entity cmpy_v6_0_20.delay_line [\delay_line(c_xdevicefamily="vir...]
Compiling architecture xilinx of entity cmpy_v6_0_20.delay_line [\delay_line(c_xdevicefamily="vir...]
Compiling architecture xilinx of entity cmpy_v6_0_20.cmpy_3_dsp48 [\cmpy_3_dsp48(c_xdevicefamily="v...]
Compiling architecture xilinx of entity cmpy_v6_0_20.cmpy_v6_0_20_synth [\cmpy_v6_0_20_synth(c_xdevicefam...]
Compiling architecture xilinx of entity xfft_v9_1_6.cmpy [\cmpy(c_xdevicefamily="virtexupl...]
Compiling architecture xilinx of entity xfft_v9_1_6.mux_bus4 [\mux_bus4(c_xdevicefamily="virte...]
Compiling architecture xilinx of entity xfft_v9_1_6.arith_shift3 [\arith_shift3(c_xdevicefamily="v...]
Compiling architecture rtl of entity c_addsub_v12_0_14.c_addsub_v12_0_14_lut6_legacy [\c_addsub_v12_0_14_lut6_legacy(c...]
Compiling architecture synth of entity c_addsub_v12_0_14.c_addsub_v12_0_14_fabric_legacy [\c_addsub_v12_0_14_fabric_legacy...]
Compiling architecture synth of entity c_addsub_v12_0_14.c_addsub_v12_0_14_legacy [\c_addsub_v12_0_14_legacy(c_fami...]
Compiling architecture synth of entity c_addsub_v12_0_14.c_addsub_v12_0_14_viv [\c_addsub_v12_0_14_viv(c_xdevice...]
Compiling architecture xilinx of entity xfft_v9_1_6.equ_rtl [\equ_rtl(c_xdevicefamily="virtex...]
Compiling architecture xilinx of entity xfft_v9_1_6.cnt_tc_rtl [\cnt_tc_rtl(c_xdevicefamily="vir...]
Compiling architecture structural of entity c_reg_fd_v12_0_6.c_reg_fd_v12_0_6_viv [\c_reg_fd_v12_0_6_viv(c_sync_pri...]
Compiling architecture struct of entity c_shift_ram_v12_0_14.c_shift_ram_v12_0_14_legacy [\c_shift_ram_v12_0_14_legacy(c_x...]
Compiling architecture synth of entity c_shift_ram_v12_0_14.c_shift_ram_v12_0_14_viv [\c_shift_ram_v12_0_14_viv(c_xdev...]
Compiling architecture xilinx of entity xfft_v9_1_6.shift_ram [\shift_ram(c_xdevicefamily="virt...]
Compiling architecture xilinx of entity xfft_v9_1_6.r22_ovflo [r22_ovflo_default]
Compiling architecture lut6_v of entity unisim.LUT6 [\LUT6(init="00000000000000000000...]
Compiling architecture xilinx of entity xfft_v9_1_6.logic_gate [\logic_gate(c_xdevicefamily="vir...]
Compiling architecture xilinx of entity xfft_v9_1_6.shift_ram [\shift_ram(c_xdevicefamily="virt...]
Compiling architecture xilinx of entity xfft_v9_1_6.logic_gate [\logic_gate(c_xdevicefamily="vir...]
Compiling architecture rtl of entity c_addsub_v12_0_14.c_addsub_v12_0_14_lut6_legacy [\c_addsub_v12_0_14_lut6_legacy(c...]
Compiling architecture synth of entity c_addsub_v12_0_14.c_addsub_v12_0_14_fabric_legacy [\c_addsub_v12_0_14_fabric_legacy...]
Compiling architecture synth of entity c_addsub_v12_0_14.c_addsub_v12_0_14_legacy [\c_addsub_v12_0_14_legacy(c_fami...]
Compiling architecture synth of entity c_addsub_v12_0_14.c_addsub_v12_0_14_viv [\c_addsub_v12_0_14_viv(c_xdevice...]
Compiling architecture xilinx of entity xfft_v9_1_6.unbiased_round [\unbiased_round(c_xdevicefamily=...]
Compiling architecture xilinx of entity xfft_v9_1_6.shift_ram [\shift_ram(c_xdevicefamily="virt...]
Compiling architecture xilinx of entity xfft_v9_1_6.shift_ram [\shift_ram(c_xdevicefamily="virt...]
Compiling architecture xilinx of entity xfft_v9_1_6.r22_pe [\r22_pe(c_xdevicefamily="virtexu...]
Compiling architecture synth of entity xfft_v9_1_6.srl_fifo [\srl_fifo(c_width=1)\]
Compiling architecture xilinx of entity xfft_v9_1_6.r22_cnt_ctrl [\r22_cnt_ctrl(c_xdevicefamily="v...]
Compiling architecture xilinx of entity xfft_v9_1_6.r22_cnt_ctrl [\r22_cnt_ctrl(c_xdevicefamily="v...]
Compiling architecture struct of entity c_shift_ram_v12_0_14.c_shift_ram_v12_0_14_legacy [\c_shift_ram_v12_0_14_legacy(c_x...]
Compiling architecture synth of entity c_shift_ram_v12_0_14.c_shift_ram_v12_0_14_viv [\c_shift_ram_v12_0_14_viv(c_xdev...]
Compiling architecture xilinx of entity xfft_v9_1_6.shift_ram [\shift_ram(c_xdevicefamily="virt...]
Compiling architecture struct of entity c_shift_ram_v12_0_14.c_shift_ram_v12_0_14_legacy [\c_shift_ram_v12_0_14_legacy(c_x...]
Compiling architecture synth of entity c_shift_ram_v12_0_14.c_shift_ram_v12_0_14_viv [\c_shift_ram_v12_0_14_viv(c_xdev...]
Compiling architecture xilinx of entity xfft_v9_1_6.shift_ram [\shift_ram(c_xdevicefamily="virt...]
Compiling architecture xilinx of entity xfft_v9_1_6.r22_delay_mux [\r22_delay_mux(c_xdevicefamily="...]
Compiling architecture xilinx of entity xfft_v9_1_6.r22_delay_mux [\r22_delay_mux(c_xdevicefamily="...]
Compiling architecture xilinx of entity xfft_v9_1_6.shift_ram [\shift_ram(c_xdevicefamily="virt...]
Compiling architecture xilinx of entity xfft_v9_1_6.shift_ram [\shift_ram(c_xdevicefamily="virt...]
Compiling architecture xilinx of entity xfft_v9_1_6.dpm [\dpm(c_xdevicefamily="virtexuplu...]
Compiling architecture xilinx of entity xfft_v9_1_6.r22_memory [\r22_memory(c_xdevicefamily="vir...]
Compiling architecture xilinx of entity xfft_v9_1_6.r22_bf [\r22_bf(c_xdevicefamily="virtexu...]
Compiling architecture xilinx of entity xfft_v9_1_6.r22_delay_mux [\r22_delay_mux(c_xdevicefamily="...]
Compiling architecture xilinx of entity xfft_v9_1_6.r22_delay_mux [\r22_delay_mux(c_xdevicefamily="...]
Compiling architecture xilinx of entity xfft_v9_1_6.shift_ram [\shift_ram(c_xdevicefamily="virt...]
Compiling architecture xilinx of entity xfft_v9_1_6.shift_ram [\shift_ram(c_xdevicefamily="virt...]
Compiling architecture xilinx of entity xfft_v9_1_6.dpm [\dpm(c_xdevicefamily="virtexuplu...]
Compiling architecture xilinx of entity xfft_v9_1_6.r22_memory [\r22_memory(c_xdevicefamily="vir...]
Compiling architecture xilinx of entity xfft_v9_1_6.r22_bf [\r22_bf(c_xdevicefamily="virtexu...]
Compiling architecture xilinx of entity xfft_v9_1_6.shift_ram [\shift_ram(c_xdevicefamily="virt...]
Compiling architecture structural of entity c_reg_fd_v12_0_6.c_reg_fd_v12_0_6_viv [\c_reg_fd_v12_0_6_viv(c_width=9,...]
Compiling architecture rtl of entity c_addsub_v12_0_14.c_addsub_v12_0_14_lut6_legacy [\c_addsub_v12_0_14_lut6_legacy(c...]
Compiling architecture synth of entity c_addsub_v12_0_14.c_addsub_v12_0_14_fabric_legacy [\c_addsub_v12_0_14_fabric_legacy...]
Compiling architecture synth of entity c_addsub_v12_0_14.c_addsub_v12_0_14_legacy [\c_addsub_v12_0_14_legacy(c_fami...]
Compiling architecture synth of entity c_addsub_v12_0_14.c_addsub_v12_0_14_viv [\c_addsub_v12_0_14_viv(c_xdevice...]
Compiling architecture xilinx of entity xfft_v9_1_6.adder [\adder(c_xdevicefamily="virtexup...]
Compiling architecture xilinx of entity xfft_v9_1_6.mux_bus4 [\mux_bus4(c_xdevicefamily="virte...]
Compiling architecture vcc_v of entity unisim.VCC [vcc_default]
Compiling architecture xilinx of entity xfft_v9_1_6.twgen_half_sincos [\twgen_half_sincos(c_xdevicefami...]
Compiling architecture xilinx of entity xfft_v9_1_6.twiddle_gen [\twiddle_gen(c_xdevicefamily="vi...]
Compiling architecture xilinx of entity xfft_v9_1_6.r22_tw_gen [\r22_tw_gen(c_xdevicefamily="vir...]
Compiling architecture xilinx of entity xfft_v9_1_6.shift_ram [\shift_ram(c_xdevicefamily="virt...]
Compiling architecture xilinx of entity xfft_v9_1_6.shift_ram [\shift_ram(c_xdevicefamily="virt...]
Compiling architecture xilinx of entity xfft_v9_1_6.r22_pe [\r22_pe(c_xdevicefamily="virtexu...]
Compiling architecture xilinx of entity xfft_v9_1_6.r22_cnt_ctrl [\r22_cnt_ctrl(c_xdevicefamily="v...]
Compiling architecture xilinx of entity xfft_v9_1_6.r22_cnt_ctrl [\r22_cnt_ctrl(c_xdevicefamily="v...]
Compiling architecture struct of entity c_shift_ram_v12_0_14.c_shift_ram_v12_0_14_legacy [\c_shift_ram_v12_0_14_legacy(c_x...]
Compiling architecture synth of entity c_shift_ram_v12_0_14.c_shift_ram_v12_0_14_viv [\c_shift_ram_v12_0_14_viv(c_xdev...]
Compiling architecture xilinx of entity xfft_v9_1_6.shift_ram [\shift_ram(c_xdevicefamily="virt...]
Compiling architecture struct of entity c_shift_ram_v12_0_14.c_shift_ram_v12_0_14_legacy [\c_shift_ram_v12_0_14_legacy(c_x...]
Compiling architecture synth of entity c_shift_ram_v12_0_14.c_shift_ram_v12_0_14_viv [\c_shift_ram_v12_0_14_viv(c_xdev...]
Compiling architecture xilinx of entity xfft_v9_1_6.shift_ram [\shift_ram(c_xdevicefamily="virt...]
Compiling architecture xilinx of entity xfft_v9_1_6.r22_delay_mux [\r22_delay_mux(c_xdevicefamily="...]
Compiling architecture xilinx of entity xfft_v9_1_6.r22_delay_mux [\r22_delay_mux(c_xdevicefamily="...]
Compiling architecture xilinx of entity xfft_v9_1_6.shift_ram [\shift_ram(c_xdevicefamily="virt...]
Compiling architecture xilinx of entity xfft_v9_1_6.shift_ram [\shift_ram(c_xdevicefamily="virt...]
Compiling architecture struct of entity c_shift_ram_v12_0_14.c_shift_ram_v12_0_14_legacy [\c_shift_ram_v12_0_14_legacy(c_x...]
Compiling architecture synth of entity c_shift_ram_v12_0_14.c_shift_ram_v12_0_14_viv [\c_shift_ram_v12_0_14_viv(c_xdev...]
Compiling architecture synth of entity xfft_v9_1_6.r22_srl_memory [\r22_srl_memory(c_xdevicefamily=...]
Compiling architecture xilinx of entity xfft_v9_1_6.r22_memory [\r22_memory(c_xdevicefamily="vir...]
Compiling architecture xilinx of entity xfft_v9_1_6.r22_bf [\r22_bf(c_xdevicefamily="virtexu...]
Compiling architecture xilinx of entity xfft_v9_1_6.r22_delay_mux [\r22_delay_mux(c_xdevicefamily="...]
Compiling architecture xilinx of entity xfft_v9_1_6.r22_delay_mux [\r22_delay_mux(c_xdevicefamily="...]
Compiling architecture xilinx of entity xfft_v9_1_6.shift_ram [\shift_ram(c_xdevicefamily="virt...]
Compiling architecture xilinx of entity xfft_v9_1_6.shift_ram [\shift_ram(c_xdevicefamily="virt...]
Compiling architecture struct of entity c_shift_ram_v12_0_14.c_shift_ram_v12_0_14_legacy [\c_shift_ram_v12_0_14_legacy(c_x...]
Compiling architecture synth of entity c_shift_ram_v12_0_14.c_shift_ram_v12_0_14_viv [\c_shift_ram_v12_0_14_viv(c_xdev...]
Compiling architecture synth of entity xfft_v9_1_6.r22_srl_memory [\r22_srl_memory(c_xdevicefamily=...]
Compiling architecture xilinx of entity xfft_v9_1_6.r22_memory [\r22_memory(c_xdevicefamily="vir...]
Compiling architecture xilinx of entity xfft_v9_1_6.r22_bf [\r22_bf(c_xdevicefamily="virtexu...]
Compiling architecture structural of entity c_reg_fd_v12_0_6.c_reg_fd_v12_0_6_viv [\c_reg_fd_v12_0_6_viv(c_width=7,...]
Compiling architecture rtl of entity c_addsub_v12_0_14.c_addsub_v12_0_14_lut6_legacy [\c_addsub_v12_0_14_lut6_legacy(c...]
Compiling architecture synth of entity c_addsub_v12_0_14.c_addsub_v12_0_14_fabric_legacy [\c_addsub_v12_0_14_fabric_legacy...]
Compiling architecture synth of entity c_addsub_v12_0_14.c_addsub_v12_0_14_legacy [\c_addsub_v12_0_14_legacy(c_fami...]
Compiling architecture synth of entity c_addsub_v12_0_14.c_addsub_v12_0_14_viv [\c_addsub_v12_0_14_viv(c_xdevice...]
Compiling architecture xilinx of entity xfft_v9_1_6.adder [\adder(c_xdevicefamily="virtexup...]
Compiling architecture xilinx of entity xfft_v9_1_6.mux_bus4 [\mux_bus4(c_xdevicefamily="virte...]
Compiling architecture xilinx of entity xfft_v9_1_6.shift_ram [\shift_ram(c_xdevicefamily="virt...]
Compiling architecture xilinx of entity xfft_v9_1_6.twgen_distmem [\twgen_distmem(theta_width=6,pip...]
Compiling architecture xilinx of entity xfft_v9_1_6.twiddle_gen [\twiddle_gen(c_xdevicefamily="vi...]
Compiling architecture xilinx of entity xfft_v9_1_6.r22_tw_gen [\r22_tw_gen(c_xdevicefamily="vir...]
Compiling architecture xilinx of entity xfft_v9_1_6.shift_ram [\shift_ram(c_xdevicefamily="virt...]
Compiling architecture xilinx of entity xfft_v9_1_6.shift_ram [\shift_ram(c_xdevicefamily="virt...]
Compiling architecture xilinx of entity xfft_v9_1_6.r22_pe [\r22_pe(c_xdevicefamily="virtexu...]
Compiling architecture xilinx of entity xfft_v9_1_6.r22_cnt_ctrl [\r22_cnt_ctrl(c_xdevicefamily="v...]
Compiling architecture xilinx of entity xfft_v9_1_6.r22_cnt_ctrl [\r22_cnt_ctrl(c_xdevicefamily="v...]
Compiling architecture struct of entity c_shift_ram_v12_0_14.c_shift_ram_v12_0_14_legacy [\c_shift_ram_v12_0_14_legacy(c_x...]
Compiling architecture synth of entity c_shift_ram_v12_0_14.c_shift_ram_v12_0_14_viv [\c_shift_ram_v12_0_14_viv(c_xdev...]
Compiling architecture xilinx of entity xfft_v9_1_6.shift_ram [\shift_ram(c_xdevicefamily="virt...]
Compiling architecture struct of entity c_shift_ram_v12_0_14.c_shift_ram_v12_0_14_legacy [\c_shift_ram_v12_0_14_legacy(c_x...]
Compiling architecture synth of entity c_shift_ram_v12_0_14.c_shift_ram_v12_0_14_viv [\c_shift_ram_v12_0_14_viv(c_xdev...]
Compiling architecture xilinx of entity xfft_v9_1_6.shift_ram [\shift_ram(c_xdevicefamily="virt...]
Compiling architecture struct of entity c_shift_ram_v12_0_14.c_shift_ram_v12_0_14_legacy [\c_shift_ram_v12_0_14_legacy(c_x...]
Compiling architecture synth of entity c_shift_ram_v12_0_14.c_shift_ram_v12_0_14_viv [\c_shift_ram_v12_0_14_viv(c_xdev...]
Compiling architecture xilinx of entity xfft_v9_1_6.shift_ram [\shift_ram(c_xdevicefamily="virt...]
Compiling architecture struct of entity c_shift_ram_v12_0_14.c_shift_ram_v12_0_14_legacy [\c_shift_ram_v12_0_14_legacy(c_x...]
Compiling architecture synth of entity c_shift_ram_v12_0_14.c_shift_ram_v12_0_14_viv [\c_shift_ram_v12_0_14_viv(c_xdev...]
Compiling architecture xilinx of entity xfft_v9_1_6.shift_ram [\shift_ram(c_xdevicefamily="virt...]
Compiling architecture struct of entity c_shift_ram_v12_0_14.c_shift_ram_v12_0_14_legacy [\c_shift_ram_v12_0_14_legacy(c_x...]
Compiling architecture synth of entity c_shift_ram_v12_0_14.c_shift_ram_v12_0_14_viv [\c_shift_ram_v12_0_14_viv(c_xdev...]
Compiling architecture xilinx of entity xfft_v9_1_6.shift_ram [\shift_ram(c_xdevicefamily="virt...]
Compiling architecture struct of entity c_shift_ram_v12_0_14.c_shift_ram_v12_0_14_legacy [\c_shift_ram_v12_0_14_legacy(c_x...]
Compiling architecture synth of entity c_shift_ram_v12_0_14.c_shift_ram_v12_0_14_viv [\c_shift_ram_v12_0_14_viv(c_xdev...]
Compiling architecture xilinx of entity xfft_v9_1_6.shift_ram [\shift_ram(c_xdevicefamily="virt...]
Compiling architecture struct of entity c_shift_ram_v12_0_14.c_shift_ram_v12_0_14_legacy [\c_shift_ram_v12_0_14_legacy(c_x...]
Compiling architecture synth of entity c_shift_ram_v12_0_14.c_shift_ram_v12_0_14_viv [\c_shift_ram_v12_0_14_viv(c_xdev...]
Compiling architecture xilinx of entity xfft_v9_1_6.shift_ram [\shift_ram(c_xdevicefamily="virt...]
Compiling architecture struct of entity c_shift_ram_v12_0_14.c_shift_ram_v12_0_14_legacy [\c_shift_ram_v12_0_14_legacy(c_x...]
Compiling architecture synth of entity c_shift_ram_v12_0_14.c_shift_ram_v12_0_14_viv [\c_shift_ram_v12_0_14_viv(c_xdev...]
Compiling architecture xilinx of entity xfft_v9_1_6.shift_ram [\shift_ram(c_xdevicefamily="virt...]
Compiling architecture structural of entity c_reg_fd_v12_0_6.c_reg_fd_v12_0_6_viv [\c_reg_fd_v12_0_6_viv(c_width=17...]
Compiling architecture rtl of entity c_addsub_v12_0_14.c_addsub_v12_0_14_lut6_legacy [\c_addsub_v12_0_14_lut6_legacy(c...]
Compiling architecture synth of entity c_addsub_v12_0_14.c_addsub_v12_0_14_fabric_legacy [\c_addsub_v12_0_14_fabric_legacy...]
Compiling architecture synth of entity c_addsub_v12_0_14.c_addsub_v12_0_14_legacy [\c_addsub_v12_0_14_legacy(c_fami...]
Compiling architecture synth of entity c_addsub_v12_0_14.c_addsub_v12_0_14_viv [\c_addsub_v12_0_14_viv(c_xdevice...]
Compiling architecture xilinx of entity xfft_v9_1_6.adder [\adder(c_xdevicefamily="virtexup...]
Compiling architecture struct of entity c_shift_ram_v12_0_14.c_shift_ram_v12_0_14_legacy [\c_shift_ram_v12_0_14_legacy(c_x...]
Compiling architecture synth of entity c_shift_ram_v12_0_14.c_shift_ram_v12_0_14_viv [\c_shift_ram_v12_0_14_viv(c_xdev...]
Compiling architecture xilinx of entity xfft_v9_1_6.shift_ram [\shift_ram(c_xdevicefamily="virt...]
Compiling architecture xilinx of entity xfft_v9_1_6.shift_ram [\shift_ram(c_xdevicefamily="virt...]
Compiling architecture xilinx of entity xfft_v9_1_6.mux_bus2 [\mux_bus2(c_xdevicefamily="virte...]
Compiling architecture xilinx of entity xfft_v9_1_6.shift_ram [\shift_ram(c_xdevicefamily="virt...]
Compiling architecture xilinx of entity xfft_v9_1_6.r22_bf_sp [\r22_bf_sp(c_xdevicefamily="virt...]
Compiling architecture rtl of entity c_addsub_v12_0_14.c_addsub_v12_0_14_lut6_legacy [\c_addsub_v12_0_14_lut6_legacy(c...]
Compiling architecture synth of entity c_addsub_v12_0_14.c_addsub_v12_0_14_fabric_legacy [\c_addsub_v12_0_14_fabric_legacy...]
Compiling architecture synth of entity c_addsub_v12_0_14.c_addsub_v12_0_14_legacy [\c_addsub_v12_0_14_legacy(c_fami...]
Compiling architecture synth of entity c_addsub_v12_0_14.c_addsub_v12_0_14_viv [\c_addsub_v12_0_14_viv(c_xdevice...]
Compiling architecture xilinx of entity xfft_v9_1_6.adder [\adder(c_xdevicefamily="virtexup...]
Compiling architecture struct of entity c_shift_ram_v12_0_14.c_shift_ram_v12_0_14_legacy [\c_shift_ram_v12_0_14_legacy(c_x...]
Compiling architecture synth of entity c_shift_ram_v12_0_14.c_shift_ram_v12_0_14_viv [\c_shift_ram_v12_0_14_viv(c_xdev...]
Compiling architecture xilinx of entity xfft_v9_1_6.shift_ram [\shift_ram(c_xdevicefamily="virt...]
Compiling architecture xilinx of entity xfft_v9_1_6.shift_ram [\shift_ram(c_xdevicefamily="virt...]
Compiling architecture xilinx of entity xfft_v9_1_6.r22_bf_sp [\r22_bf_sp(c_xdevicefamily="virt...]
Compiling architecture struct of entity c_shift_ram_v12_0_14.c_shift_ram_v12_0_14_legacy [\c_shift_ram_v12_0_14_legacy(c_x...]
Compiling architecture synth of entity c_shift_ram_v12_0_14.c_shift_ram_v12_0_14_viv [\c_shift_ram_v12_0_14_viv(c_xdev...]
Compiling architecture xilinx of entity xfft_v9_1_6.shift_ram [\shift_ram(c_xdevicefamily="virt...]
Compiling architecture struct of entity c_shift_ram_v12_0_14.c_shift_ram_v12_0_14_legacy [\c_shift_ram_v12_0_14_legacy(c_x...]
Compiling architecture synth of entity c_shift_ram_v12_0_14.c_shift_ram_v12_0_14_viv [\c_shift_ram_v12_0_14_viv(c_xdev...]
Compiling architecture xilinx of entity xfft_v9_1_6.shift_ram [\shift_ram(c_xdevicefamily="virt...]
Compiling architecture structural of entity c_reg_fd_v12_0_6.c_reg_fd_v12_0_6_viv [\c_reg_fd_v12_0_6_viv(c_width=5,...]
Compiling architecture rtl of entity c_addsub_v12_0_14.c_addsub_v12_0_14_lut6_legacy [\c_addsub_v12_0_14_lut6_legacy(c...]
Compiling architecture synth of entity c_addsub_v12_0_14.c_addsub_v12_0_14_fabric_legacy [\c_addsub_v12_0_14_fabric_legacy...]
Compiling architecture synth of entity c_addsub_v12_0_14.c_addsub_v12_0_14_legacy [\c_addsub_v12_0_14_legacy(c_fami...]
Compiling architecture synth of entity c_addsub_v12_0_14.c_addsub_v12_0_14_viv [\c_addsub_v12_0_14_viv(c_xdevice...]
Compiling architecture xilinx of entity xfft_v9_1_6.adder [\adder(c_xdevicefamily="virtexup...]
Compiling architecture xilinx of entity xfft_v9_1_6.mux_bus4 [\mux_bus4(c_xdevicefamily="virte...]
Compiling architecture xilinx of entity xfft_v9_1_6.twgen_distmem [\twgen_distmem(theta_width=4,pip...]
Compiling architecture xilinx of entity xfft_v9_1_6.twiddle_gen [\twiddle_gen(c_xdevicefamily="vi...]
Compiling architecture xilinx of entity xfft_v9_1_6.r22_tw_gen [\r22_tw_gen(c_xdevicefamily="vir...]
Compiling architecture struct of entity c_shift_ram_v12_0_14.c_shift_ram_v12_0_14_legacy [\c_shift_ram_v12_0_14_legacy(c_x...]
Compiling architecture synth of entity c_shift_ram_v12_0_14.c_shift_ram_v12_0_14_viv [\c_shift_ram_v12_0_14_viv(c_xdev...]
Compiling architecture xilinx of entity xfft_v9_1_6.shift_ram [\shift_ram(c_xdevicefamily="virt...]
Compiling architecture xilinx of entity xfft_v9_1_6.shift_ram [\shift_ram(c_xdevicefamily="virt...]
Compiling architecture xilinx of entity xfft_v9_1_6.r22_pe [\r22_pe(c_xdevicefamily="virtexu...]
Compiling architecture xilinx of entity xfft_v9_1_6.r22_cnt_ctrl [\r22_cnt_ctrl(c_xdevicefamily="v...]
Compiling architecture xilinx of entity xfft_v9_1_6.r22_cnt_ctrl [\r22_cnt_ctrl(c_xdevicefamily="v...]
Compiling architecture struct of entity c_shift_ram_v12_0_14.c_shift_ram_v12_0_14_legacy [\c_shift_ram_v12_0_14_legacy(c_x...]
Compiling architecture synth of entity c_shift_ram_v12_0_14.c_shift_ram_v12_0_14_viv [\c_shift_ram_v12_0_14_viv(c_xdev...]
Compiling architecture xilinx of entity xfft_v9_1_6.shift_ram [\shift_ram(c_xdevicefamily="virt...]
Compiling architecture struct of entity c_shift_ram_v12_0_14.c_shift_ram_v12_0_14_legacy [\c_shift_ram_v12_0_14_legacy(c_x...]
Compiling architecture synth of entity c_shift_ram_v12_0_14.c_shift_ram_v12_0_14_viv [\c_shift_ram_v12_0_14_viv(c_xdev...]
Compiling architecture xilinx of entity xfft_v9_1_6.shift_ram [\shift_ram(c_xdevicefamily="virt...]
Compiling architecture struct of entity c_shift_ram_v12_0_14.c_shift_ram_v12_0_14_legacy [\c_shift_ram_v12_0_14_legacy(c_x...]
Compiling architecture synth of entity c_shift_ram_v12_0_14.c_shift_ram_v12_0_14_viv [\c_shift_ram_v12_0_14_viv(c_xdev...]
Compiling architecture xilinx of entity xfft_v9_1_6.shift_ram [\shift_ram(c_xdevicefamily="virt...]
Compiling architecture struct of entity c_shift_ram_v12_0_14.c_shift_ram_v12_0_14_legacy [\c_shift_ram_v12_0_14_legacy(c_x...]
Compiling architecture synth of entity c_shift_ram_v12_0_14.c_shift_ram_v12_0_14_viv [\c_shift_ram_v12_0_14_viv(c_xdev...]
Compiling architecture xilinx of entity xfft_v9_1_6.shift_ram [\shift_ram(c_xdevicefamily="virt...]
Compiling architecture struct of entity c_shift_ram_v12_0_14.c_shift_ram_v12_0_14_legacy [\c_shift_ram_v12_0_14_legacy(c_x...]
Compiling architecture synth of entity c_shift_ram_v12_0_14.c_shift_ram_v12_0_14_viv [\c_shift_ram_v12_0_14_viv(c_xdev...]
Compiling architecture xilinx of entity xfft_v9_1_6.shift_ram [\shift_ram(c_xdevicefamily="virt...]
Compiling architecture struct of entity c_shift_ram_v12_0_14.c_shift_ram_v12_0_14_legacy [\c_shift_ram_v12_0_14_legacy(c_x...]
Compiling architecture synth of entity c_shift_ram_v12_0_14.c_shift_ram_v12_0_14_viv [\c_shift_ram_v12_0_14_viv(c_xdev...]
Compiling architecture xilinx of entity xfft_v9_1_6.shift_ram [\shift_ram(c_xdevicefamily="virt...]
Compiling architecture struct of entity c_shift_ram_v12_0_14.c_shift_ram_v12_0_14_legacy [\c_shift_ram_v12_0_14_legacy(c_x...]
Compiling architecture synth of entity c_shift_ram_v12_0_14.c_shift_ram_v12_0_14_viv [\c_shift_ram_v12_0_14_viv(c_xdev...]
Compiling architecture xilinx of entity xfft_v9_1_6.shift_ram [\shift_ram(c_xdevicefamily="virt...]
Compiling architecture struct of entity c_shift_ram_v12_0_14.c_shift_ram_v12_0_14_legacy [\c_shift_ram_v12_0_14_legacy(c_x...]
Compiling architecture synth of entity c_shift_ram_v12_0_14.c_shift_ram_v12_0_14_viv [\c_shift_ram_v12_0_14_viv(c_xdev...]
Compiling architecture xilinx of entity xfft_v9_1_6.shift_ram [\shift_ram(c_xdevicefamily="virt...]
Compiling architecture struct of entity c_shift_ram_v12_0_14.c_shift_ram_v12_0_14_legacy [\c_shift_ram_v12_0_14_legacy(c_x...]
Compiling architecture synth of entity c_shift_ram_v12_0_14.c_shift_ram_v12_0_14_viv [\c_shift_ram_v12_0_14_viv(c_xdev...]
Compiling architecture xilinx of entity xfft_v9_1_6.shift_ram [\shift_ram(c_xdevicefamily="virt...]
Compiling architecture xilinx of entity xfft_v9_1_6.shift_ram [\shift_ram(c_xdevicefamily="virt...]
Compiling architecture xilinx of entity xfft_v9_1_6.r22_bf_sp [\r22_bf_sp(c_xdevicefamily="virt...]
Compiling architecture xilinx of entity xfft_v9_1_6.shift_ram [\shift_ram(c_xdevicefamily="virt...]
Compiling architecture xilinx of entity xfft_v9_1_6.r22_bf_sp [\r22_bf_sp(c_xdevicefamily="virt...]
Compiling architecture xilinx of entity xfft_v9_1_6.shift_ram [\shift_ram(c_xdevicefamily="virt...]
Compiling architecture struct of entity c_shift_ram_v12_0_14.c_shift_ram_v12_0_14_legacy [\c_shift_ram_v12_0_14_legacy(c_x...]
Compiling architecture synth of entity c_shift_ram_v12_0_14.c_shift_ram_v12_0_14_viv [\c_shift_ram_v12_0_14_viv(c_xdev...]
Compiling architecture xilinx of entity xfft_v9_1_6.shift_ram [\shift_ram(c_xdevicefamily="virt...]
Compiling architecture structural of entity c_reg_fd_v12_0_6.c_reg_fd_v12_0_6_viv [\c_reg_fd_v12_0_6_viv(c_width=3,...]
Compiling architecture rtl of entity c_addsub_v12_0_14.c_addsub_v12_0_14_lut6_legacy [\c_addsub_v12_0_14_lut6_legacy(c...]
Compiling architecture synth of entity c_addsub_v12_0_14.c_addsub_v12_0_14_fabric_legacy [\c_addsub_v12_0_14_fabric_legacy...]
Compiling architecture synth of entity c_addsub_v12_0_14.c_addsub_v12_0_14_legacy [\c_addsub_v12_0_14_legacy(c_fami...]
Compiling architecture synth of entity c_addsub_v12_0_14.c_addsub_v12_0_14_viv [\c_addsub_v12_0_14_viv(c_xdevice...]
Compiling architecture xilinx of entity xfft_v9_1_6.adder [\adder(c_xdevicefamily="virtexup...]
Compiling architecture xilinx of entity xfft_v9_1_6.mux_bus4 [\mux_bus4(c_xdevicefamily="virte...]
Compiling architecture xilinx of entity xfft_v9_1_6.twgen_distmem [\twgen_distmem(theta_width=2,pip...]
Compiling architecture xilinx of entity xfft_v9_1_6.twiddle_gen [\twiddle_gen(c_xdevicefamily="vi...]
Compiling architecture xilinx of entity xfft_v9_1_6.r22_tw_gen [\r22_tw_gen(c_xdevicefamily="vir...]
Compiling architecture xilinx of entity xfft_v9_1_6.shift_ram [\shift_ram(c_xdevicefamily="virt...]
Compiling architecture xilinx of entity xfft_v9_1_6.shift_ram [\shift_ram(c_xdevicefamily="virt...]
Compiling architecture xilinx of entity xfft_v9_1_6.r22_pe [\r22_pe(c_xdevicefamily="virtexu...]
Compiling architecture struct of entity c_shift_ram_v12_0_14.c_shift_ram_v12_0_14_legacy [\c_shift_ram_v12_0_14_legacy(c_x...]
Compiling architecture synth of entity c_shift_ram_v12_0_14.c_shift_ram_v12_0_14_viv [\c_shift_ram_v12_0_14_viv(c_xdev...]
Compiling architecture xilinx of entity xfft_v9_1_6.shift_ram [\shift_ram(c_xdevicefamily="virt...]
Compiling architecture xilinx of entity xfft_v9_1_6.shift_ram [\shift_ram(c_xdevicefamily="virt...]
Compiling architecture xilinx of entity xfft_v9_1_6.shift_ram [\shift_ram(c_xdevicefamily="virt...]
Compiling architecture xilinx of entity xfft_v9_1_6.shift_ram [\shift_ram(c_xdevicefamily="virt...]
Compiling architecture xilinx of entity xfft_v9_1_6.shift_ram [\shift_ram(c_xdevicefamily="virt...]
Compiling architecture xilinx of entity xfft_v9_1_6.shift_ram [\shift_ram(c_xdevicefamily="virt...]
Compiling architecture xilinx of entity xfft_v9_1_6.shift_ram [\shift_ram(c_xdevicefamily="virt...]
Compiling architecture xilinx of entity xfft_v9_1_6.shift_ram [\shift_ram(c_xdevicefamily="virt...]
Compiling architecture xilinx of entity xfft_v9_1_6.r22_bf_sp [\r22_bf_sp(c_xdevicefamily="virt...]
Compiling architecture xilinx of entity xfft_v9_1_6.arith_shift1 [\arith_shift1(c_xdevicefamily="v...]
Compiling architecture xilinx of entity xfft_v9_1_6.shift_ram [\shift_ram(c_xdevicefamily="virt...]
Compiling architecture xilinx of entity xfft_v9_1_6.r22_ovflo [\r22_ovflo(c_width=2)\]
Compiling architecture xilinx of entity xfft_v9_1_6.unbiased_round [\unbiased_round(c_xdevicefamily=...]
Compiling architecture xilinx of entity xfft_v9_1_6.shift_ram [\shift_ram(c_xdevicefamily="virt...]
Compiling architecture xilinx of entity xfft_v9_1_6.shift_ram [\shift_ram(c_xdevicefamily="virt...]
Compiling architecture xilinx of entity xfft_v9_1_6.shift_ram [\shift_ram(c_xdevicefamily="virt...]
Compiling architecture xilinx of entity xfft_v9_1_6.r22_pe [\r22_pe(c_xdevicefamily="virtexu...]
Compiling architecture xilinx of entity xfft_v9_1_6.shift_ram [\shift_ram(c_xdevicefamily="virt...]
Compiling architecture xilinx of entity xfft_v9_1_6.shift_ram [\shift_ram(c_xdevicefamily="virt...]
Compiling architecture xilinx of entity xfft_v9_1_6.shift_ram [\shift_ram(c_xdevicefamily="virt...]
Compiling architecture xilinx of entity xfft_v9_1_6.shift_ram [\shift_ram(c_xdevicefamily="virt...]
Compiling architecture rb18_internal_vhdl_v of entity unisim.RB18_INTERNAL_VHDL [\RB18_INTERNAL_VHDL(bram_size=18...]
Compiling architecture ramb18e1_v of entity unisim.RAMB18E1 [\RAMB18E1(dob_reg=1,read_width_b...]
Compiling architecture ramb18_v of entity unisim.RAMB18 [\RAMB18(dob_reg=1,read_width_b=9...]
Compiling architecture xilinx of entity xfft_v9_1_6.dpm [\dpm(c_xdevicefamily="virtexuplu...]
Compiling architecture xilinx of entity xfft_v9_1_6.r22_memory [\r22_memory(c_xdevicefamily="vir...]
Compiling architecture xilinx of entity xfft_v9_1_6.shift_ram [\shift_ram(c_xdevicefamily="virt...]
Compiling architecture xilinx of entity xfft_v9_1_6.shift_ram [\shift_ram(c_xdevicefamily="virt...]
Compiling architecture xilinx of entity xfft_v9_1_6.shift_ram [\shift_ram(c_xdevicefamily="virt...]
Compiling architecture xilinx of entity xfft_v9_1_6.r22_busy [\r22_busy(c_xdevicefamily="virte...]
Compiling architecture rtl of entity c_addsub_v12_0_14.c_addsub_v12_0_14_lut6_legacy [\c_addsub_v12_0_14_lut6_legacy(c...]
Compiling architecture synth of entity c_addsub_v12_0_14.c_addsub_v12_0_14_fabric_legacy [\c_addsub_v12_0_14_fabric_legacy...]
Compiling architecture synth of entity c_addsub_v12_0_14.c_addsub_v12_0_14_legacy [\c_addsub_v12_0_14_legacy(c_fami...]
Compiling architecture synth of entity c_addsub_v12_0_14.c_addsub_v12_0_14_viv [\c_addsub_v12_0_14_viv(c_xdevice...]
Compiling architecture xilinx of entity xfft_v9_1_6.logic_gate [\logic_gate(c_xdevicefamily="vir...]
Compiling architecture fdse_v of entity unisim.FDSE [fdse_default]
Compiling architecture xilinx of entity xfft_v9_1_6.cnt_sat [\cnt_sat(c_xdevicefamily="virtex...]
Compiling architecture rtl of entity c_addsub_v12_0_14.c_addsub_v12_0_14_lut6_legacy [\c_addsub_v12_0_14_lut6_legacy(c...]
Compiling architecture synth of entity c_addsub_v12_0_14.c_addsub_v12_0_14_fabric_legacy [\c_addsub_v12_0_14_fabric_legacy...]
Compiling architecture synth of entity c_addsub_v12_0_14.c_addsub_v12_0_14_legacy [\c_addsub_v12_0_14_legacy(c_fami...]
Compiling architecture synth of entity c_addsub_v12_0_14.c_addsub_v12_0_14_viv [\c_addsub_v12_0_14_viv(c_xdevice...]
Compiling architecture xilinx of entity xfft_v9_1_6.logic_gate [\logic_gate(c_xdevicefamily="vir...]
Compiling architecture xilinx of entity xfft_v9_1_6.cnt_sat [\cnt_sat(c_xdevicefamily="virtex...]
Compiling architecture rtl of entity c_addsub_v12_0_14.c_addsub_v12_0_14_lut6_legacy [\c_addsub_v12_0_14_lut6_legacy(c...]
Compiling architecture synth of entity c_addsub_v12_0_14.c_addsub_v12_0_14_fabric_legacy [\c_addsub_v12_0_14_fabric_legacy...]
Compiling architecture synth of entity c_addsub_v12_0_14.c_addsub_v12_0_14_legacy [\c_addsub_v12_0_14_legacy(c_fami...]
Compiling architecture synth of entity c_addsub_v12_0_14.c_addsub_v12_0_14_viv [\c_addsub_v12_0_14_viv(c_xdevice...]
Compiling architecture xilinx of entity xfft_v9_1_6.logic_gate [\logic_gate(c_xdevicefamily="vir...]
Compiling architecture xilinx of entity xfft_v9_1_6.cnt_sat [\cnt_sat(c_xdevicefamily="virtex...]
Compiling architecture xilinx of entity xfft_v9_1_6.logic_gate [\logic_gate(c_xdevicefamily="vir...]
Compiling architecture xilinx of entity xfft_v9_1_6.cnt_sat [\cnt_sat(c_xdevicefamily="virtex...]
Compiling architecture rtl of entity c_addsub_v12_0_14.c_addsub_v12_0_14_lut6_legacy [\c_addsub_v12_0_14_lut6_legacy(c...]
Compiling architecture synth of entity c_addsub_v12_0_14.c_addsub_v12_0_14_fabric_legacy [\c_addsub_v12_0_14_fabric_legacy...]
Compiling architecture synth of entity c_addsub_v12_0_14.c_addsub_v12_0_14_legacy [\c_addsub_v12_0_14_legacy(c_fami...]
Compiling architecture synth of entity c_addsub_v12_0_14.c_addsub_v12_0_14_viv [\c_addsub_v12_0_14_viv(c_xdevice...]
Compiling architecture xilinx of entity xfft_v9_1_6.logic_gate [\logic_gate(c_xdevicefamily="vir...]
Compiling architecture xilinx of entity xfft_v9_1_6.cnt_sat [\cnt_sat(c_xdevicefamily="virtex...]
Compiling architecture rtl of entity c_addsub_v12_0_14.c_addsub_v12_0_14_lut6_legacy [\c_addsub_v12_0_14_lut6_legacy(c...]
Compiling architecture synth of entity c_addsub_v12_0_14.c_addsub_v12_0_14_fabric_legacy [\c_addsub_v12_0_14_fabric_legacy...]
Compiling architecture synth of entity c_addsub_v12_0_14.c_addsub_v12_0_14_legacy [\c_addsub_v12_0_14_legacy(c_fami...]
Compiling architecture synth of entity c_addsub_v12_0_14.c_addsub_v12_0_14_viv [\c_addsub_v12_0_14_viv(c_xdevice...]
Compiling architecture xilinx of entity xfft_v9_1_6.logic_gate [\logic_gate(c_xdevicefamily="vir...]
Compiling architecture xilinx of entity xfft_v9_1_6.cnt_sat [\cnt_sat(c_xdevicefamily="virtex...]
Compiling architecture structural of entity c_reg_fd_v12_0_6.c_reg_fd_v12_0_6_viv [\c_reg_fd_v12_0_6_viv(c_width=11...]
Compiling architecture rtl of entity c_addsub_v12_0_14.c_addsub_v12_0_14_lut6_legacy [\c_addsub_v12_0_14_lut6_legacy(c...]
Compiling architecture synth of entity c_addsub_v12_0_14.c_addsub_v12_0_14_fabric_legacy [\c_addsub_v12_0_14_fabric_legacy...]
Compiling architecture synth of entity c_addsub_v12_0_14.c_addsub_v12_0_14_legacy [\c_addsub_v12_0_14_legacy(c_fami...]
Compiling architecture synth of entity c_addsub_v12_0_14.c_addsub_v12_0_14_viv [\c_addsub_v12_0_14_viv(c_xdevice...]
Compiling architecture lut6_v of entity unisim.LUT6 [\LUT6(init="10010000000010010000...]
Compiling architecture xilinx of entity xfft_v9_1_6.equ_rtl [\equ_rtl(c_xdevicefamily="virtex...]
Compiling architecture xilinx of entity xfft_v9_1_6.cnt_tc_rtl_a [\cnt_tc_rtl_a(c_xdevicefamily="v...]
Compiling architecture struct of entity c_shift_ram_v12_0_14.c_shift_ram_v12_0_14_legacy [\c_shift_ram_v12_0_14_legacy(c_x...]
Compiling architecture synth of entity c_shift_ram_v12_0_14.c_shift_ram_v12_0_14_viv [\c_shift_ram_v12_0_14_viv(c_xdev...]
Compiling architecture xilinx of entity xfft_v9_1_6.shift_ram [\shift_ram(c_xdevicefamily="virt...]
Compiling architecture xilinx of entity xfft_v9_1_6.r22_flow_ctrl [\r22_flow_ctrl(c_xdevicefamily="...]
Compiling architecture lut3_v of entity unisim.LUT3 [\LUT3(init="10101110")(0,7)\]
Compiling architecture xilinx of entity xfft_v9_1_6.r22_cnt_ctrl [\r22_cnt_ctrl(c_xdevicefamily="v...]
Compiling architecture xilinx of entity xfft_v9_1_6.shift_ram [\shift_ram(c_xdevicefamily="virt...]
Compiling architecture fdr_v of entity unisim.FDR [fdr_default]
Compiling architecture xilinx of entity xfft_v9_1_6.shift_ram [\shift_ram(c_xdevicefamily="virt...]
Compiling architecture xilinx of entity xfft_v9_1_6.shift_ram [\shift_ram(c_xdevicefamily="virt...]
Compiling architecture xilinx of entity xfft_v9_1_6.xfft_v9_1_6_d [\xfft_v9_1_6_d(c_xdevicefamily="...]
Compiling architecture synth of entity xfft_v9_1_6.xfft_v9_1_6_core [\xfft_v9_1_6_core(c_xdevicefamil...]
Compiling architecture synth of entity xfft_v9_1_6.xfft_v9_1_6_viv [\xfft_v9_1_6_viv(c_xdevicefamily...]
Compiling architecture xilinx of entity xfft_v9_1_6.xfft_v9_1_6 [\xfft_v9_1_6(c_xdevicefamily="vi...]
Compiling architecture t03_xfft_2048_main_arch of entity xil_defaultlib.t03_xfft_2048_main [t03_xfft_2048_main_default]
Compiling module xil_defaultlib.xpm_memory_base(MEMORY_TYPE=1,ME...
Compiling module xil_defaultlib.xpm_cdc_gray(INIT_SYNC_FF=1,WIDT...
Compiling module xil_defaultlib.xpm_cdc_gray(DEST_SYNC_FF=2,INIT...
Compiling module xil_defaultlib.xpm_fifo_base(COMMON_CLOCK=0,FIF...
Compiling module xil_defaultlib.xpm_fifo_async(FIFO_MEMORY_TYPE=...
Compiling module xil_defaultlib.sfo_initial_fft_service
Compiling module xil_defaultlib.sfo_initial_fft_arbiter
Compiling module xil_defaultlib.sfo_initial_estimator
Compiling module xil_defaultlib.sfo_residual_nominal_window_read...
Compiling module xil_defaultlib.xpm_counter_updn(COUNTER_WIDTH=1...
Compiling module xil_defaultlib.xpm_counter_updn(COUNTER_WIDTH=1...
Compiling module xil_defaultlib.xpm_memory_base(MEMORY_TYPE=1,ME...
Compiling module xil_defaultlib.xpm_cdc_gray(DEST_SYNC_FF=2,INIT...
Compiling module xil_defaultlib.xpm_fifo_reg_vec(REG_WIDTH=12)
Compiling module xil_defaultlib.xpm_cdc_gray(INIT_SYNC_FF=1,WIDT...
Compiling module xil_defaultlib.xpm_fifo_reg_vec(REG_WIDTH=13)
Compiling module xil_defaultlib.xpm_cdc_gray(DEST_SYNC_FF=2,INIT...
Compiling module xil_defaultlib.xpm_fifo_reg_vec(REG_WIDTH=10)
Compiling module xil_defaultlib.xpm_cdc_gray(DEST_SYNC_FF=2,INIT...
Compiling module xil_defaultlib.xpm_fifo_reg_vec(REG_WIDTH=11)
Compiling module xil_defaultlib.xpm_fifo_base(COMMON_CLOCK=0,FIF...
Compiling module xil_defaultlib.xpm_fifo_async(FIFO_MEMORY_TYPE=...
Compiling module xil_defaultlib.sfo_residual_fft_service4
Compiling module xil_defaultlib.sfo_residual_fft_window4
Compiling module xil_defaultlib.sfo_residual_pilot_select_phase4
Compiling module xil_defaultlib.sfo_residual_pilot_rotate2
Compiling module xil_defaultlib.sfo_residual_pilot_front2
Compiling module xil_defaultlib.sfo_residual_pilot_grid4
Compiling module xil_defaultlib.sfo_residual_fft_grid_stage4
Compiling module xil_defaultlib.sfo_residual_grid_packet_queue2
Compiling architecture synth of entity xfft_v9_1_6.axi_wrapper_input_fifo [\axi_wrapper_input_fifo(c_fifo_w...]
Compiling architecture synth of entity xfft_v9_1_6.axi_wrapper [\axi_wrapper(c_nfft_max=14,c_arc...]
Compiling architecture structural of entity c_reg_fd_v12_0_6.c_reg_fd_v12_0_6_viv [\c_reg_fd_v12_0_6_viv(c_width=6,...]
Compiling architecture rtl of entity c_addsub_v12_0_14.c_addsub_v12_0_14_lut6_legacy [\c_addsub_v12_0_14_lut6_legacy(c...]
Compiling architecture synth of entity c_addsub_v12_0_14.c_addsub_v12_0_14_fabric_legacy [\c_addsub_v12_0_14_fabric_legacy...]
Compiling architecture synth of entity c_addsub_v12_0_14.c_addsub_v12_0_14_legacy [\c_addsub_v12_0_14_legacy(c_fami...]
Compiling architecture synth of entity c_addsub_v12_0_14.c_addsub_v12_0_14_viv [\c_addsub_v12_0_14_viv(c_xdevice...]
Compiling architecture xilinx of entity xfft_v9_1_6.subtracter [\subtracter(c_xdevicefamily="vir...]
Compiling architecture rtl of entity c_addsub_v12_0_14.c_addsub_v12_0_14_lut6_legacy [\c_addsub_v12_0_14_lut6_legacy(c...]
Compiling architecture synth of entity c_addsub_v12_0_14.c_addsub_v12_0_14_fabric_legacy [\c_addsub_v12_0_14_fabric_legacy...]
Compiling architecture synth of entity c_addsub_v12_0_14.c_addsub_v12_0_14_legacy [\c_addsub_v12_0_14_legacy(c_fami...]
Compiling architecture synth of entity c_addsub_v12_0_14.c_addsub_v12_0_14_viv [\c_addsub_v12_0_14_viv(c_xdevice...]
Compiling architecture xilinx of entity xfft_v9_1_6.cnt_tc_rtl_b [\cnt_tc_rtl_b(c_xdevicefamily="v...]
Compiling architecture xilinx of entity xfft_v9_1_6.equ_rtl [\equ_rtl(c_xdevicefamily="virtex...]
Compiling architecture xilinx of entity xfft_v9_1_6.r22_cnt_ctrl [\r22_cnt_ctrl(c_xdevicefamily="v...]
Compiling architecture xilinx of entity xfft_v9_1_6.r22_cnt_ctrl [\r22_cnt_ctrl(c_xdevicefamily="v...]
Compiling architecture struct of entity c_shift_ram_v12_0_14.c_shift_ram_v12_0_14_legacy [\c_shift_ram_v12_0_14_legacy(c_x...]
Compiling architecture synth of entity c_shift_ram_v12_0_14.c_shift_ram_v12_0_14_viv [\c_shift_ram_v12_0_14_viv(c_xdev...]
Compiling architecture xilinx of entity xfft_v9_1_6.shift_ram [\shift_ram(c_xdevicefamily="virt...]
Compiling architecture struct of entity c_shift_ram_v12_0_14.c_shift_ram_v12_0_14_legacy [\c_shift_ram_v12_0_14_legacy(c_x...]
Compiling architecture synth of entity c_shift_ram_v12_0_14.c_shift_ram_v12_0_14_viv [\c_shift_ram_v12_0_14_viv(c_xdev...]
Compiling architecture xilinx of entity xfft_v9_1_6.shift_ram [\shift_ram(c_xdevicefamily="virt...]
Compiling architecture lut4_v of entity unisim.LUT4 [\LUT4(init="0000101011001010")(0...]
Compiling architecture xilinx of entity xfft_v9_1_6.shift_ram [\shift_ram(c_xdevicefamily="virt...]
Compiling architecture xilinx of entity xfft_v9_1_6.shift_ram [\shift_ram(c_xdevicefamily="virt...]
Compiling architecture xilinx of entity xfft_v9_1_6.r22_delay_mux [\r22_delay_mux(c_xdevicefamily="...]
Compiling architecture xilinx of entity xfft_v9_1_6.r22_delay_mux [\r22_delay_mux(c_xdevicefamily="...]
Compiling architecture xilinx of entity xfft_v9_1_6.shift_ram [\shift_ram(c_xdevicefamily="virt...]
Compiling architecture xilinx of entity xfft_v9_1_6.shift_ram [\shift_ram(c_xdevicefamily="virt...]
Compiling architecture rb18_internal_vhdl_v of entity unisim.RB18_INTERNAL_VHDL [\RB18_INTERNAL_VHDL(bram_size=18...]
Compiling architecture ramb18e1_v of entity unisim.RAMB18E1 [\RAMB18E1(dob_reg=1,read_width_b...]
Compiling architecture ramb18_v of entity unisim.RAMB18 [\RAMB18(dob_reg=1,read_width_b=2...]
Compiling architecture xilinx of entity xfft_v9_1_6.dpm [\dpm(c_xdevicefamily="virtexuplu...]
Compiling architecture xilinx of entity xfft_v9_1_6.r22_memory [\r22_memory(c_xdevicefamily="vir...]
Compiling architecture xilinx of entity xfft_v9_1_6.r22_bf [\r22_bf(c_xdevicefamily="virtexu...]
Compiling architecture xilinx of entity xfft_v9_1_6.r22_delay_mux [\r22_delay_mux(c_xdevicefamily="...]
Compiling architecture xilinx of entity xfft_v9_1_6.r22_delay_mux [\r22_delay_mux(c_xdevicefamily="...]
Compiling architecture xilinx of entity xfft_v9_1_6.shift_ram [\shift_ram(c_xdevicefamily="virt...]
Compiling architecture xilinx of entity xfft_v9_1_6.shift_ram [\shift_ram(c_xdevicefamily="virt...]
Compiling architecture xilinx of entity xfft_v9_1_6.mux_bus2 [\mux_bus2(c_xdevicefamily="virte...]
Compiling architecture xilinx of entity xfft_v9_1_6.dpm [\dpm(c_xdevicefamily="virtexuplu...]
Compiling architecture xilinx of entity xfft_v9_1_6.r22_memory [\r22_memory(c_xdevicefamily="vir...]
Compiling architecture xilinx of entity xfft_v9_1_6.r22_bf [\r22_bf(c_xdevicefamily="virtexu...]
Compiling architecture xilinx of entity xfft_v9_1_6.mux_bus2 [\mux_bus2(c_xdevicefamily="virte...]
Compiling architecture xilinx of entity xfft_v9_1_6.shift_ram [\shift_ram(c_xdevicefamily="virt...]
Compiling architecture structural of entity c_reg_fd_v12_0_6.c_reg_fd_v12_0_6_viv [\c_reg_fd_v12_0_6_viv(c_width=14...]
Compiling architecture rtl of entity c_addsub_v12_0_14.c_addsub_v12_0_14_lut6_legacy [\c_addsub_v12_0_14_lut6_legacy(c...]
Compiling architecture synth of entity c_addsub_v12_0_14.c_addsub_v12_0_14_fabric_legacy [\c_addsub_v12_0_14_fabric_legacy...]
Compiling architecture synth of entity c_addsub_v12_0_14.c_addsub_v12_0_14_legacy [\c_addsub_v12_0_14_legacy(c_fami...]
Compiling architecture synth of entity c_addsub_v12_0_14.c_addsub_v12_0_14_viv [\c_addsub_v12_0_14_viv(c_xdevice...]
Compiling architecture xilinx of entity xfft_v9_1_6.adder [\adder(c_xdevicefamily="virtexup...]
Compiling architecture xilinx of entity xfft_v9_1_6.mux_bus4 [\mux_bus4(c_xdevicefamily="virte...]
Compiling architecture xilinx of entity xfft_v9_1_6.twos_comp [\twos_comp(c_data_width=12,c_has...]
Compiling architecture xilinx of entity xfft_v9_1_6.logic_gate [\logic_gate(c_xdevicefamily="vir...]
Compiling architecture xilinx of entity xfft_v9_1_6.twgen_quarter_sin [\twgen_quarter_sin(c_xdevicefami...]
Compiling architecture xilinx of entity xfft_v9_1_6.twiddle_gen [\twiddle_gen(c_xdevicefamily="vi...]
Compiling architecture xilinx of entity xfft_v9_1_6.r22_tw_gen [\r22_tw_gen(c_xdevicefamily="vir...]
Compiling architecture xilinx of entity xfft_v9_1_6.shift_ram [\shift_ram(c_xdevicefamily="virt...]
Compiling architecture xilinx of entity xfft_v9_1_6.shift_ram [\shift_ram(c_xdevicefamily="virt...]
Compiling architecture xilinx of entity xfft_v9_1_6.r22_pe [\r22_pe(c_xdevicefamily="virtexu...]
Compiling architecture xilinx of entity xfft_v9_1_6.r22_cnt_ctrl [\r22_cnt_ctrl(c_xdevicefamily="v...]
Compiling architecture xilinx of entity xfft_v9_1_6.r22_cnt_ctrl [\r22_cnt_ctrl(c_xdevicefamily="v...]
Compiling architecture xilinx of entity xfft_v9_1_6.r22_delay_mux [\r22_delay_mux(c_xdevicefamily="...]
Compiling architecture xilinx of entity xfft_v9_1_6.r22_delay_mux [\r22_delay_mux(c_xdevicefamily="...]
Compiling architecture xilinx of entity xfft_v9_1_6.shift_ram [\shift_ram(c_xdevicefamily="virt...]
Compiling architecture xilinx of entity xfft_v9_1_6.shift_ram [\shift_ram(c_xdevicefamily="virt...]
Compiling architecture xilinx of entity xfft_v9_1_6.dpm [\dpm(c_xdevicefamily="virtexuplu...]
Compiling architecture xilinx of entity xfft_v9_1_6.r22_memory [\r22_memory(c_xdevicefamily="vir...]
Compiling architecture xilinx of entity xfft_v9_1_6.r22_bf [\r22_bf(c_xdevicefamily="virtexu...]
Compiling architecture xilinx of entity xfft_v9_1_6.r22_delay_mux [\r22_delay_mux(c_xdevicefamily="...]
Compiling architecture xilinx of entity xfft_v9_1_6.r22_delay_mux [\r22_delay_mux(c_xdevicefamily="...]
Compiling architecture xilinx of entity xfft_v9_1_6.shift_ram [\shift_ram(c_xdevicefamily="virt...]
Compiling architecture xilinx of entity xfft_v9_1_6.dpm [\dpm(c_xdevicefamily="virtexuplu...]
Compiling architecture xilinx of entity xfft_v9_1_6.r22_memory [\r22_memory(c_xdevicefamily="vir...]
Compiling architecture xilinx of entity xfft_v9_1_6.r22_bf [\r22_bf(c_xdevicefamily="virtexu...]
Compiling architecture xilinx of entity xfft_v9_1_6.mux_bus2 [\mux_bus2(c_xdevicefamily="virte...]
Compiling architecture xilinx of entity xfft_v9_1_6.shift_ram [\shift_ram(c_xdevicefamily="virt...]
Compiling architecture structural of entity c_reg_fd_v12_0_6.c_reg_fd_v12_0_6_viv [\c_reg_fd_v12_0_6_viv(c_width=12...]
Compiling architecture rtl of entity c_addsub_v12_0_14.c_addsub_v12_0_14_lut6_legacy [\c_addsub_v12_0_14_lut6_legacy(c...]
Compiling architecture synth of entity c_addsub_v12_0_14.c_addsub_v12_0_14_fabric_legacy [\c_addsub_v12_0_14_fabric_legacy...]
Compiling architecture synth of entity c_addsub_v12_0_14.c_addsub_v12_0_14_legacy [\c_addsub_v12_0_14_legacy(c_fami...]
Compiling architecture synth of entity c_addsub_v12_0_14.c_addsub_v12_0_14_viv [\c_addsub_v12_0_14_viv(c_xdevice...]
Compiling architecture xilinx of entity xfft_v9_1_6.adder [\adder(c_xdevicefamily="virtexup...]
Compiling architecture xilinx of entity xfft_v9_1_6.mux_bus4 [\mux_bus4(c_xdevicefamily="virte...]
Compiling architecture xilinx of entity xfft_v9_1_6.twos_comp [\twos_comp(c_data_width=10,c_has...]
Compiling architecture xilinx of entity xfft_v9_1_6.logic_gate [\logic_gate(c_xdevicefamily="vir...]
Compiling architecture xilinx of entity xfft_v9_1_6.twgen_quarter_sin [\twgen_quarter_sin(c_xdevicefami...]
Compiling architecture xilinx of entity xfft_v9_1_6.twiddle_gen [\twiddle_gen(c_xdevicefamily="vi...]
Compiling architecture xilinx of entity xfft_v9_1_6.r22_tw_gen [\r22_tw_gen(c_xdevicefamily="vir...]
Compiling architecture xilinx of entity xfft_v9_1_6.shift_ram [\shift_ram(c_xdevicefamily="virt...]
Compiling architecture xilinx of entity xfft_v9_1_6.r22_pe [\r22_pe(c_xdevicefamily="virtexu...]
Compiling architecture xilinx of entity xfft_v9_1_6.r22_cnt_ctrl [\r22_cnt_ctrl(c_xdevicefamily="v...]
Compiling architecture xilinx of entity xfft_v9_1_6.r22_cnt_ctrl [\r22_cnt_ctrl(c_xdevicefamily="v...]
Compiling architecture xilinx of entity xfft_v9_1_6.r22_delay_mux [\r22_delay_mux(c_xdevicefamily="...]
Compiling architecture xilinx of entity xfft_v9_1_6.r22_delay_mux [\r22_delay_mux(c_xdevicefamily="...]
Compiling architecture xilinx of entity xfft_v9_1_6.shift_ram [\shift_ram(c_xdevicefamily="virt...]
Compiling architecture xilinx of entity xfft_v9_1_6.dpm [\dpm(c_xdevicefamily="virtexuplu...]
Compiling architecture xilinx of entity xfft_v9_1_6.r22_memory [\r22_memory(c_xdevicefamily="vir...]
Compiling architecture xilinx of entity xfft_v9_1_6.r22_bf [\r22_bf(c_xdevicefamily="virtexu...]
Compiling architecture xilinx of entity xfft_v9_1_6.r22_delay_mux [\r22_delay_mux(c_xdevicefamily="...]
Compiling architecture xilinx of entity xfft_v9_1_6.r22_delay_mux [\r22_delay_mux(c_xdevicefamily="...]
Compiling architecture xilinx of entity xfft_v9_1_6.shift_ram [\shift_ram(c_xdevicefamily="virt...]
Compiling architecture xilinx of entity xfft_v9_1_6.dpm [\dpm(c_xdevicefamily="virtexuplu...]
Compiling architecture xilinx of entity xfft_v9_1_6.r22_memory [\r22_memory(c_xdevicefamily="vir...]
Compiling architecture xilinx of entity xfft_v9_1_6.r22_bf [\r22_bf(c_xdevicefamily="virtexu...]
Compiling architecture xilinx of entity xfft_v9_1_6.mux_bus2 [\mux_bus2(c_xdevicefamily="virte...]
Compiling architecture xilinx of entity xfft_v9_1_6.shift_ram [\shift_ram(c_xdevicefamily="virt...]
Compiling architecture structural of entity c_reg_fd_v12_0_6.c_reg_fd_v12_0_6_viv [\c_reg_fd_v12_0_6_viv(c_width=10...]
Compiling architecture rtl of entity c_addsub_v12_0_14.c_addsub_v12_0_14_lut6_legacy [\c_addsub_v12_0_14_lut6_legacy(c...]
Compiling architecture synth of entity c_addsub_v12_0_14.c_addsub_v12_0_14_fabric_legacy [\c_addsub_v12_0_14_fabric_legacy...]
Compiling architecture synth of entity c_addsub_v12_0_14.c_addsub_v12_0_14_legacy [\c_addsub_v12_0_14_legacy(c_fami...]
Compiling architecture synth of entity c_addsub_v12_0_14.c_addsub_v12_0_14_viv [\c_addsub_v12_0_14_viv(c_xdevice...]
Compiling architecture xilinx of entity xfft_v9_1_6.adder [\adder(c_xdevicefamily="virtexup...]
Compiling architecture xilinx of entity xfft_v9_1_6.mux_bus4 [\mux_bus4(c_xdevicefamily="virte...]
Compiling architecture xilinx of entity xfft_v9_1_6.twgen_half_sincos [\twgen_half_sincos(c_xdevicefami...]
Compiling architecture xilinx of entity xfft_v9_1_6.twiddle_gen [\twiddle_gen(c_xdevicefamily="vi...]
Compiling architecture xilinx of entity xfft_v9_1_6.r22_tw_gen [\r22_tw_gen(c_xdevicefamily="vir...]
Compiling architecture xilinx of entity xfft_v9_1_6.shift_ram [\shift_ram(c_xdevicefamily="virt...]
Compiling architecture xilinx of entity xfft_v9_1_6.r22_pe [\r22_pe(c_xdevicefamily="virtexu...]
Compiling architecture xilinx of entity xfft_v9_1_6.r22_cnt_ctrl [\r22_cnt_ctrl(c_xdevicefamily="v...]
Compiling architecture xilinx of entity xfft_v9_1_6.r22_cnt_ctrl [\r22_cnt_ctrl(c_xdevicefamily="v...]
Compiling architecture xilinx of entity xfft_v9_1_6.r22_delay_mux [\r22_delay_mux(c_xdevicefamily="...]
Compiling architecture xilinx of entity xfft_v9_1_6.r22_delay_mux [\r22_delay_mux(c_xdevicefamily="...]
Compiling architecture xilinx of entity xfft_v9_1_6.shift_ram [\shift_ram(c_xdevicefamily="virt...]
Compiling architecture xilinx of entity xfft_v9_1_6.dpm [\dpm(c_xdevicefamily="virtexuplu...]
Compiling architecture xilinx of entity xfft_v9_1_6.r22_memory [\r22_memory(c_xdevicefamily="vir...]
Compiling architecture xilinx of entity xfft_v9_1_6.r22_bf [\r22_bf(c_xdevicefamily="virtexu...]
Compiling architecture xilinx of entity xfft_v9_1_6.r22_delay_mux [\r22_delay_mux(c_xdevicefamily="...]
Compiling architecture xilinx of entity xfft_v9_1_6.r22_delay_mux [\r22_delay_mux(c_xdevicefamily="...]
Compiling architecture xilinx of entity xfft_v9_1_6.shift_ram [\shift_ram(c_xdevicefamily="virt...]
Compiling architecture structural of entity c_reg_fd_v12_0_6.c_reg_fd_v12_0_6_viv [\c_reg_fd_v12_0_6_viv(c_width=36...]
Compiling architecture struct of entity c_shift_ram_v12_0_14.c_shift_ram_v12_0_14_legacy [\c_shift_ram_v12_0_14_legacy(c_x...]
Compiling architecture synth of entity c_shift_ram_v12_0_14.c_shift_ram_v12_0_14_viv [\c_shift_ram_v12_0_14_viv(c_xdev...]
Compiling architecture synth of entity xfft_v9_1_6.r22_srl_memory [\r22_srl_memory(c_xdevicefamily=...]
Compiling architecture xilinx of entity xfft_v9_1_6.r22_memory [\r22_memory(c_xdevicefamily="vir...]
Compiling architecture xilinx of entity xfft_v9_1_6.r22_bf [\r22_bf(c_xdevicefamily="virtexu...]
Compiling architecture xilinx of entity xfft_v9_1_6.mux_bus2 [\mux_bus2(c_xdevicefamily="virte...]
Compiling architecture xilinx of entity xfft_v9_1_6.shift_ram [\shift_ram(c_xdevicefamily="virt...]
Compiling architecture structural of entity c_reg_fd_v12_0_6.c_reg_fd_v12_0_6_viv [\c_reg_fd_v12_0_6_viv(c_width=8,...]
Compiling architecture rtl of entity c_addsub_v12_0_14.c_addsub_v12_0_14_lut6_legacy [\c_addsub_v12_0_14_lut6_legacy(c...]
Compiling architecture synth of entity c_addsub_v12_0_14.c_addsub_v12_0_14_fabric_legacy [\c_addsub_v12_0_14_fabric_legacy...]
Compiling architecture synth of entity c_addsub_v12_0_14.c_addsub_v12_0_14_legacy [\c_addsub_v12_0_14_legacy(c_fami...]
Compiling architecture synth of entity c_addsub_v12_0_14.c_addsub_v12_0_14_viv [\c_addsub_v12_0_14_viv(c_xdevice...]
Compiling architecture xilinx of entity xfft_v9_1_6.adder [\adder(c_xdevicefamily="virtexup...]
Compiling architecture xilinx of entity xfft_v9_1_6.mux_bus4 [\mux_bus4(c_xdevicefamily="virte...]
Compiling architecture xilinx of entity xfft_v9_1_6.twgen_distmem [\twgen_distmem(theta_width=7,pip...]
Compiling architecture xilinx of entity xfft_v9_1_6.twiddle_gen [\twiddle_gen(c_xdevicefamily="vi...]
Compiling architecture xilinx of entity xfft_v9_1_6.r22_tw_gen [\r22_tw_gen(c_xdevicefamily="vir...]
Compiling architecture xilinx of entity xfft_v9_1_6.shift_ram [\shift_ram(c_xdevicefamily="virt...]
Compiling architecture xilinx of entity xfft_v9_1_6.r22_pe [\r22_pe(c_xdevicefamily="virtexu...]
Compiling architecture xilinx of entity xfft_v9_1_6.r22_cnt_ctrl [\r22_cnt_ctrl(c_xdevicefamily="v...]
Compiling architecture xilinx of entity xfft_v9_1_6.r22_cnt_ctrl [\r22_cnt_ctrl(c_xdevicefamily="v...]
Compiling architecture struct of entity c_shift_ram_v12_0_14.c_shift_ram_v12_0_14_legacy [\c_shift_ram_v12_0_14_legacy(c_x...]
Compiling architecture synth of entity c_shift_ram_v12_0_14.c_shift_ram_v12_0_14_viv [\c_shift_ram_v12_0_14_viv(c_xdev...]
Compiling architecture xilinx of entity xfft_v9_1_6.shift_ram [\shift_ram(c_xdevicefamily="virt...]
Compiling architecture struct of entity c_shift_ram_v12_0_14.c_shift_ram_v12_0_14_legacy [\c_shift_ram_v12_0_14_legacy(c_x...]
Compiling architecture synth of entity c_shift_ram_v12_0_14.c_shift_ram_v12_0_14_viv [\c_shift_ram_v12_0_14_viv(c_xdev...]
Compiling architecture xilinx of entity xfft_v9_1_6.shift_ram [\shift_ram(c_xdevicefamily="virt...]
Compiling architecture struct of entity c_shift_ram_v12_0_14.c_shift_ram_v12_0_14_legacy [\c_shift_ram_v12_0_14_legacy(c_x...]
Compiling architecture synth of entity c_shift_ram_v12_0_14.c_shift_ram_v12_0_14_viv [\c_shift_ram_v12_0_14_viv(c_xdev...]
Compiling architecture xilinx of entity xfft_v9_1_6.shift_ram [\shift_ram(c_xdevicefamily="virt...]
Compiling architecture struct of entity c_shift_ram_v12_0_14.c_shift_ram_v12_0_14_legacy [\c_shift_ram_v12_0_14_legacy(c_x...]
Compiling architecture synth of entity c_shift_ram_v12_0_14.c_shift_ram_v12_0_14_viv [\c_shift_ram_v12_0_14_viv(c_xdev...]
Compiling architecture xilinx of entity xfft_v9_1_6.shift_ram [\shift_ram(c_xdevicefamily="virt...]
Compiling architecture struct of entity c_shift_ram_v12_0_14.c_shift_ram_v12_0_14_legacy [\c_shift_ram_v12_0_14_legacy(c_x...]
Compiling architecture synth of entity c_shift_ram_v12_0_14.c_shift_ram_v12_0_14_viv [\c_shift_ram_v12_0_14_viv(c_xdev...]
Compiling architecture xilinx of entity xfft_v9_1_6.shift_ram [\shift_ram(c_xdevicefamily="virt...]
Compiling architecture struct of entity c_shift_ram_v12_0_14.c_shift_ram_v12_0_14_legacy [\c_shift_ram_v12_0_14_legacy(c_x...]
Compiling architecture synth of entity c_shift_ram_v12_0_14.c_shift_ram_v12_0_14_viv [\c_shift_ram_v12_0_14_viv(c_xdev...]
Compiling architecture xilinx of entity xfft_v9_1_6.shift_ram [\shift_ram(c_xdevicefamily="virt...]
Compiling architecture struct of entity c_shift_ram_v12_0_14.c_shift_ram_v12_0_14_legacy [\c_shift_ram_v12_0_14_legacy(c_x...]
Compiling architecture synth of entity c_shift_ram_v12_0_14.c_shift_ram_v12_0_14_viv [\c_shift_ram_v12_0_14_viv(c_xdev...]
Compiling architecture xilinx of entity xfft_v9_1_6.shift_ram [\shift_ram(c_xdevicefamily="virt...]
Compiling architecture struct of entity c_shift_ram_v12_0_14.c_shift_ram_v12_0_14_legacy [\c_shift_ram_v12_0_14_legacy(c_x...]
Compiling architecture synth of entity c_shift_ram_v12_0_14.c_shift_ram_v12_0_14_viv [\c_shift_ram_v12_0_14_viv(c_xdev...]
Compiling architecture xilinx of entity xfft_v9_1_6.shift_ram [\shift_ram(c_xdevicefamily="virt...]
Compiling architecture xilinx of entity xfft_v9_1_6.r22_delay_mux [\r22_delay_mux(c_xdevicefamily="...]
Compiling architecture xilinx of entity xfft_v9_1_6.r22_delay_mux [\r22_delay_mux(c_xdevicefamily="...]
Compiling architecture xilinx of entity xfft_v9_1_6.shift_ram [\shift_ram(c_xdevicefamily="virt...]
Compiling architecture structural of entity c_reg_fd_v12_0_6.c_reg_fd_v12_0_6_viv [\c_reg_fd_v12_0_6_viv(c_width=34...]
Compiling architecture srlc32e_v of entity unisim.SRLC32E [\SRLC32E(31,0)\]
Compiling architecture xilinx of entity c_shift_ram_v12_0_14.sr [\sr(addr_width=5,use_carry=0,sri...]
Compiling architecture struct of entity c_shift_ram_v12_0_14.c_shift_ram_v12_0_14_legacy [\c_shift_ram_v12_0_14_legacy(c_x...]
Compiling architecture synth of entity c_shift_ram_v12_0_14.c_shift_ram_v12_0_14_viv [\c_shift_ram_v12_0_14_viv(c_xdev...]
Compiling architecture synth of entity xfft_v9_1_6.r22_srl_memory [\r22_srl_memory(c_xdevicefamily=...]
Compiling architecture xilinx of entity xfft_v9_1_6.r22_memory [\r22_memory(c_xdevicefamily="vir...]
Compiling architecture xilinx of entity xfft_v9_1_6.r22_bf [\r22_bf(c_xdevicefamily="virtexu...]
Compiling architecture lut1_v of entity unisim.LUT1 [\LUT1(init="0001")(0,3)\]
Compiling architecture xilinx of entity xfft_v9_1_6.r22_delay_mux [\r22_delay_mux(c_xdevicefamily="...]
Compiling architecture xilinx of entity xfft_v9_1_6.r22_delay_mux [\r22_delay_mux(c_xdevicefamily="...]
Compiling architecture structural of entity c_reg_fd_v12_0_6.c_reg_fd_v12_0_6_viv [\c_reg_fd_v12_0_6_viv(c_sync_pri...]
Compiling architecture srl16e_v of entity unisim.SRL16E [\SRL16E(15,0)\]
Compiling architecture xilinx of entity c_shift_ram_v12_0_14.sr [\sr(addr_width=4,use_carry=0,sri...]
Compiling architecture struct of entity c_shift_ram_v12_0_14.c_shift_ram_v12_0_14_legacy [\c_shift_ram_v12_0_14_legacy(c_x...]
Compiling architecture synth of entity c_shift_ram_v12_0_14.c_shift_ram_v12_0_14_viv [\c_shift_ram_v12_0_14_viv(c_xdev...]
Compiling architecture xilinx of entity xfft_v9_1_6.shift_ram [\shift_ram(c_xdevicefamily="virt...]
Compiling architecture structural of entity c_reg_fd_v12_0_6.c_reg_fd_v12_0_6_viv [\c_reg_fd_v12_0_6_viv(c_width=18...]
Compiling architecture struct of entity c_shift_ram_v12_0_14.c_shift_ram_v12_0_14_legacy [\c_shift_ram_v12_0_14_legacy(c_x...]
Compiling architecture synth of entity c_shift_ram_v12_0_14.c_shift_ram_v12_0_14_viv [\c_shift_ram_v12_0_14_viv(c_xdev...]
Compiling architecture xilinx of entity xfft_v9_1_6.shift_ram [\shift_ram(c_xdevicefamily="virt...]
Compiling architecture xilinx of entity xfft_v9_1_6.r22_bf_sp [\r22_bf_sp(c_xdevicefamily="virt...]
Compiling architecture xilinx of entity xfft_v9_1_6.mux_bus2 [\mux_bus2(c_xdevicefamily="virte...]
Compiling architecture struct of entity c_shift_ram_v12_0_14.c_shift_ram_v12_0_14_legacy [\c_shift_ram_v12_0_14_legacy(c_x...]
Compiling architecture synth of entity c_shift_ram_v12_0_14.c_shift_ram_v12_0_14_viv [\c_shift_ram_v12_0_14_viv(c_xdev...]
Compiling architecture xilinx of entity xfft_v9_1_6.shift_ram [\shift_ram(c_xdevicefamily="virt...]
Compiling architecture struct of entity c_shift_ram_v12_0_14.c_shift_ram_v12_0_14_legacy [\c_shift_ram_v12_0_14_legacy(c_x...]
Compiling architecture synth of entity c_shift_ram_v12_0_14.c_shift_ram_v12_0_14_viv [\c_shift_ram_v12_0_14_viv(c_xdev...]
Compiling architecture xilinx of entity xfft_v9_1_6.shift_ram [\shift_ram(c_xdevicefamily="virt...]
Compiling architecture rtl of entity c_addsub_v12_0_14.c_addsub_v12_0_14_lut6_legacy [\c_addsub_v12_0_14_lut6_legacy(c...]
Compiling architecture synth of entity c_addsub_v12_0_14.c_addsub_v12_0_14_fabric_legacy [\c_addsub_v12_0_14_fabric_legacy...]
Compiling architecture synth of entity c_addsub_v12_0_14.c_addsub_v12_0_14_legacy [\c_addsub_v12_0_14_legacy(c_fami...]
Compiling architecture synth of entity c_addsub_v12_0_14.c_addsub_v12_0_14_viv [\c_addsub_v12_0_14_viv(c_xdevice...]
Compiling architecture xilinx of entity xfft_v9_1_6.adder [\adder(c_xdevicefamily="virtexup...]
Compiling architecture xilinx of entity xfft_v9_1_6.mux_bus4 [\mux_bus4(c_xdevicefamily="virte...]
Compiling architecture xilinx of entity xfft_v9_1_6.twgen_distmem [\twgen_distmem(theta_width=5,pip...]
Compiling architecture xilinx of entity xfft_v9_1_6.twiddle_gen [\twiddle_gen(c_xdevicefamily="vi...]
Compiling architecture xilinx of entity xfft_v9_1_6.r22_tw_gen [\r22_tw_gen(c_xdevicefamily="vir...]
Compiling architecture xilinx of entity xfft_v9_1_6.shift_ram [\shift_ram(c_xdevicefamily="virt...]
Compiling architecture xilinx of entity xfft_v9_1_6.shift_ram [\shift_ram(c_xdevicefamily="virt...]
Compiling architecture xilinx of entity xfft_v9_1_6.r22_pe [\r22_pe(c_xdevicefamily="virtexu...]
Compiling architecture xilinx of entity xfft_v9_1_6.r22_cnt_ctrl [\r22_cnt_ctrl(c_xdevicefamily="v...]
Compiling architecture xilinx of entity xfft_v9_1_6.r22_cnt_ctrl [\r22_cnt_ctrl(c_xdevicefamily="v...]
Compiling architecture struct of entity c_shift_ram_v12_0_14.c_shift_ram_v12_0_14_legacy [\c_shift_ram_v12_0_14_legacy(c_x...]
Compiling architecture synth of entity c_shift_ram_v12_0_14.c_shift_ram_v12_0_14_viv [\c_shift_ram_v12_0_14_viv(c_xdev...]
Compiling architecture xilinx of entity xfft_v9_1_6.shift_ram [\shift_ram(c_xdevicefamily="virt...]
Compiling architecture struct of entity c_shift_ram_v12_0_14.c_shift_ram_v12_0_14_legacy [\c_shift_ram_v12_0_14_legacy(c_x...]
Compiling architecture synth of entity c_shift_ram_v12_0_14.c_shift_ram_v12_0_14_viv [\c_shift_ram_v12_0_14_viv(c_xdev...]
Compiling architecture xilinx of entity xfft_v9_1_6.shift_ram [\shift_ram(c_xdevicefamily="virt...]
Compiling architecture struct of entity c_shift_ram_v12_0_14.c_shift_ram_v12_0_14_legacy [\c_shift_ram_v12_0_14_legacy(c_x...]
Compiling architecture synth of entity c_shift_ram_v12_0_14.c_shift_ram_v12_0_14_viv [\c_shift_ram_v12_0_14_viv(c_xdev...]
Compiling architecture xilinx of entity xfft_v9_1_6.shift_ram [\shift_ram(c_xdevicefamily="virt...]
Compiling architecture struct of entity c_shift_ram_v12_0_14.c_shift_ram_v12_0_14_legacy [\c_shift_ram_v12_0_14_legacy(c_x...]
Compiling architecture synth of entity c_shift_ram_v12_0_14.c_shift_ram_v12_0_14_viv [\c_shift_ram_v12_0_14_viv(c_xdev...]
Compiling architecture xilinx of entity xfft_v9_1_6.shift_ram [\shift_ram(c_xdevicefamily="virt...]
Compiling architecture struct of entity c_shift_ram_v12_0_14.c_shift_ram_v12_0_14_legacy [\c_shift_ram_v12_0_14_legacy(c_x...]
Compiling architecture synth of entity c_shift_ram_v12_0_14.c_shift_ram_v12_0_14_viv [\c_shift_ram_v12_0_14_viv(c_xdev...]
Compiling architecture xilinx of entity xfft_v9_1_6.shift_ram [\shift_ram(c_xdevicefamily="virt...]
Compiling architecture struct of entity c_shift_ram_v12_0_14.c_shift_ram_v12_0_14_legacy [\c_shift_ram_v12_0_14_legacy(c_x...]
Compiling architecture synth of entity c_shift_ram_v12_0_14.c_shift_ram_v12_0_14_viv [\c_shift_ram_v12_0_14_viv(c_xdev...]
Compiling architecture xilinx of entity xfft_v9_1_6.shift_ram [\shift_ram(c_xdevicefamily="virt...]
Compiling architecture struct of entity c_shift_ram_v12_0_14.c_shift_ram_v12_0_14_legacy [\c_shift_ram_v12_0_14_legacy(c_x...]
Compiling architecture synth of entity c_shift_ram_v12_0_14.c_shift_ram_v12_0_14_viv [\c_shift_ram_v12_0_14_viv(c_xdev...]
Compiling architecture xilinx of entity xfft_v9_1_6.shift_ram [\shift_ram(c_xdevicefamily="virt...]
Compiling architecture struct of entity c_shift_ram_v12_0_14.c_shift_ram_v12_0_14_legacy [\c_shift_ram_v12_0_14_legacy(c_x...]
Compiling architecture synth of entity c_shift_ram_v12_0_14.c_shift_ram_v12_0_14_viv [\c_shift_ram_v12_0_14_viv(c_xdev...]
Compiling architecture xilinx of entity xfft_v9_1_6.shift_ram [\shift_ram(c_xdevicefamily="virt...]
Compiling architecture xilinx of entity xfft_v9_1_6.r22_delay_mux [\r22_delay_mux(c_xdevicefamily="...]
Compiling architecture xilinx of entity xfft_v9_1_6.r22_delay_mux [\r22_delay_mux(c_xdevicefamily="...]
Compiling architecture struct of entity c_shift_ram_v12_0_14.c_shift_ram_v12_0_14_legacy [\c_shift_ram_v12_0_14_legacy(c_x...]
Compiling architecture synth of entity c_shift_ram_v12_0_14.c_shift_ram_v12_0_14_viv [\c_shift_ram_v12_0_14_viv(c_xdev...]
Compiling architecture xilinx of entity xfft_v9_1_6.shift_ram [\shift_ram(c_xdevicefamily="virt...]
Compiling architecture structural of entity c_reg_fd_v12_0_6.c_reg_fd_v12_0_6_viv [\c_reg_fd_v12_0_6_viv(c_width=16...]
Compiling architecture struct of entity c_shift_ram_v12_0_14.c_shift_ram_v12_0_14_legacy [\c_shift_ram_v12_0_14_legacy(c_x...]
Compiling architecture synth of entity c_shift_ram_v12_0_14.c_shift_ram_v12_0_14_viv [\c_shift_ram_v12_0_14_viv(c_xdev...]
Compiling architecture xilinx of entity xfft_v9_1_6.shift_ram [\shift_ram(c_xdevicefamily="virt...]
Compiling architecture structural of entity c_reg_fd_v12_0_6.c_reg_fd_v12_0_6_viv [\c_reg_fd_v12_0_6_viv(c_width=17...]
Compiling architecture struct of entity c_shift_ram_v12_0_14.c_shift_ram_v12_0_14_legacy [\c_shift_ram_v12_0_14_legacy(c_x...]
Compiling architecture synth of entity c_shift_ram_v12_0_14.c_shift_ram_v12_0_14_viv [\c_shift_ram_v12_0_14_viv(c_xdev...]
Compiling architecture xilinx of entity xfft_v9_1_6.shift_ram [\shift_ram(c_xdevicefamily="virt...]
Compiling architecture xilinx of entity xfft_v9_1_6.r22_bf_sp [\r22_bf_sp(c_xdevicefamily="virt...]
Compiling architecture xilinx of entity xfft_v9_1_6.r22_delay_mux [\r22_delay_mux(c_xdevicefamily="...]
Compiling architecture xilinx of entity xfft_v9_1_6.r22_delay_mux [\r22_delay_mux(c_xdevicefamily="...]
Compiling architecture struct of entity c_shift_ram_v12_0_14.c_shift_ram_v12_0_14_legacy [\c_shift_ram_v12_0_14_legacy(c_x...]
Compiling architecture synth of entity c_shift_ram_v12_0_14.c_shift_ram_v12_0_14_viv [\c_shift_ram_v12_0_14_viv(c_xdev...]
Compiling architecture xilinx of entity xfft_v9_1_6.shift_ram [\shift_ram(c_xdevicefamily="virt...]
Compiling architecture struct of entity c_shift_ram_v12_0_14.c_shift_ram_v12_0_14_legacy [\c_shift_ram_v12_0_14_legacy(c_x...]
Compiling architecture synth of entity c_shift_ram_v12_0_14.c_shift_ram_v12_0_14_viv [\c_shift_ram_v12_0_14_viv(c_xdev...]
Compiling architecture xilinx of entity xfft_v9_1_6.shift_ram [\shift_ram(c_xdevicefamily="virt...]
Compiling architecture xilinx of entity xfft_v9_1_6.r22_bf_sp [\r22_bf_sp(c_xdevicefamily="virt...]
Compiling architecture xilinx of entity xfft_v9_1_6.mux_bus2 [\mux_bus2(c_xdevicefamily="virte...]
Compiling architecture xilinx of entity xfft_v9_1_6.shift_ram [\shift_ram(c_xdevicefamily="virt...]
Compiling architecture struct of entity c_shift_ram_v12_0_14.c_shift_ram_v12_0_14_legacy [\c_shift_ram_v12_0_14_legacy(c_x...]
Compiling architecture synth of entity c_shift_ram_v12_0_14.c_shift_ram_v12_0_14_viv [\c_shift_ram_v12_0_14_viv(c_xdev...]
Compiling architecture xilinx of entity xfft_v9_1_6.shift_ram [\shift_ram(c_xdevicefamily="virt...]
Compiling architecture structural of entity c_reg_fd_v12_0_6.c_reg_fd_v12_0_6_viv [\c_reg_fd_v12_0_6_viv(c_width=4,...]
Compiling architecture rtl of entity c_addsub_v12_0_14.c_addsub_v12_0_14_lut6_legacy [\c_addsub_v12_0_14_lut6_legacy(c...]
Compiling architecture synth of entity c_addsub_v12_0_14.c_addsub_v12_0_14_fabric_legacy [\c_addsub_v12_0_14_fabric_legacy...]
Compiling architecture synth of entity c_addsub_v12_0_14.c_addsub_v12_0_14_legacy [\c_addsub_v12_0_14_legacy(c_fami...]
Compiling architecture synth of entity c_addsub_v12_0_14.c_addsub_v12_0_14_viv [\c_addsub_v12_0_14_viv(c_xdevice...]
Compiling architecture xilinx of entity xfft_v9_1_6.adder [\adder(c_xdevicefamily="virtexup...]
Compiling architecture xilinx of entity xfft_v9_1_6.mux_bus4 [\mux_bus4(c_xdevicefamily="virte...]
Compiling architecture xilinx of entity xfft_v9_1_6.twgen_distmem [\twgen_distmem(theta_width=3,pip...]
Compiling architecture xilinx of entity xfft_v9_1_6.twiddle_gen [\twiddle_gen(c_xdevicefamily="vi...]
Compiling architecture xilinx of entity xfft_v9_1_6.r22_tw_gen [\r22_tw_gen(c_xdevicefamily="vir...]
Compiling architecture xilinx of entity xfft_v9_1_6.shift_ram [\shift_ram(c_xdevicefamily="virt...]
Compiling architecture xilinx of entity xfft_v9_1_6.shift_ram [\shift_ram(c_xdevicefamily="virt...]
Compiling architecture xilinx of entity xfft_v9_1_6.r22_pe [\r22_pe(c_xdevicefamily="virtexu...]
Compiling architecture xilinx of entity xfft_v9_1_6.shift_ram [\shift_ram(c_xdevicefamily="virt...]
Compiling architecture xilinx of entity xfft_v9_1_6.mux_bus2 [\mux_bus2(c_xdevicefamily="virte...]
Compiling architecture xilinx of entity xfft_v9_1_6.r22_delay_mux [\r22_delay_mux(c_xdevicefamily="...]
Compiling architecture struct of entity c_shift_ram_v12_0_14.c_shift_ram_v12_0_14_legacy [\c_shift_ram_v12_0_14_legacy(c_x...]
Compiling architecture synth of entity c_shift_ram_v12_0_14.c_shift_ram_v12_0_14_viv [\c_shift_ram_v12_0_14_viv(c_xdev...]
Compiling architecture xilinx of entity xfft_v9_1_6.shift_ram [\shift_ram(c_xdevicefamily="virt...]
Compiling architecture struct of entity c_shift_ram_v12_0_14.c_shift_ram_v12_0_14_legacy [\c_shift_ram_v12_0_14_legacy(c_x...]
Compiling architecture synth of entity c_shift_ram_v12_0_14.c_shift_ram_v12_0_14_viv [\c_shift_ram_v12_0_14_viv(c_xdev...]
Compiling architecture xilinx of entity xfft_v9_1_6.shift_ram [\shift_ram(c_xdevicefamily="virt...]
Compiling architecture xilinx of entity xfft_v9_1_6.shift_ram [\shift_ram(c_xdevicefamily="virt...]
Compiling architecture xilinx of entity xfft_v9_1_6.mux_bus2 [\mux_bus2(c_xdevicefamily="virte...]
Compiling architecture xilinx of entity xfft_v9_1_6.r22_delay_mux [\r22_delay_mux(c_xdevicefamily="...]
Compiling architecture xilinx of entity xfft_v9_1_6.r22_delay_mux [\r22_delay_mux(c_xdevicefamily="...]
Compiling architecture xilinx of entity xfft_v9_1_6.shift_ram [\shift_ram(c_xdevicefamily="virt...]
Compiling architecture xilinx of entity xfft_v9_1_6.shift_ram [\shift_ram(c_xdevicefamily="virt...]
Compiling architecture struct of entity c_shift_ram_v12_0_14.c_shift_ram_v12_0_14_legacy [\c_shift_ram_v12_0_14_legacy(c_x...]
Compiling architecture synth of entity c_shift_ram_v12_0_14.c_shift_ram_v12_0_14_viv [\c_shift_ram_v12_0_14_viv(c_xdev...]
Compiling architecture xilinx of entity xfft_v9_1_6.shift_ram [\shift_ram(c_xdevicefamily="virt...]
Compiling architecture struct of entity c_shift_ram_v12_0_14.c_shift_ram_v12_0_14_legacy [\c_shift_ram_v12_0_14_legacy(c_x...]
Compiling architecture synth of entity c_shift_ram_v12_0_14.c_shift_ram_v12_0_14_viv [\c_shift_ram_v12_0_14_viv(c_xdev...]
Compiling architecture xilinx of entity xfft_v9_1_6.shift_ram [\shift_ram(c_xdevicefamily="virt...]
Compiling architecture xilinx of entity xfft_v9_1_6.r22_delay_mux [\r22_delay_mux(c_xdevicefamily="...]
Compiling architecture xilinx of entity xfft_v9_1_6.r22_delay_mux [\r22_delay_mux(c_xdevicefamily="...]
Compiling architecture xilinx of entity xfft_v9_1_6.shift_ram [\shift_ram(c_xdevicefamily="virt...]
Compiling architecture xilinx of entity xfft_v9_1_6.shift_ram [\shift_ram(c_xdevicefamily="virt...]
Compiling architecture xilinx of entity xfft_v9_1_6.shift_ram [\shift_ram(c_xdevicefamily="virt...]
Compiling architecture xilinx of entity xfft_v9_1_6.r22_bf_sp [\r22_bf_sp(c_xdevicefamily="virt...]
Compiling architecture xilinx of entity xfft_v9_1_6.shift_ram [\shift_ram(c_xdevicefamily="virt...]
Compiling architecture xilinx of entity xfft_v9_1_6.r22_delay_mux [\r22_delay_mux(c_xdevicefamily="...]
Compiling architecture xilinx of entity xfft_v9_1_6.r22_delay_mux [\r22_delay_mux(c_xdevicefamily="...]
Compiling architecture xilinx of entity xfft_v9_1_6.shift_ram [\shift_ram(c_xdevicefamily="virt...]
Compiling architecture xilinx of entity xfft_v9_1_6.r22_bf_sp [\r22_bf_sp(c_xdevicefamily="virt...]
Compiling architecture xilinx of entity xfft_v9_1_6.mux_bus4 [\mux_bus4(c_xdevicefamily="virte...]
Compiling architecture xilinx of entity xfft_v9_1_6.arith_shift3 [\arith_shift3(c_xdevicefamily="v...]
Compiling architecture xilinx of entity xfft_v9_1_6.unbiased_round [\unbiased_round(c_xdevicefamily=...]
Compiling architecture xilinx of entity xfft_v9_1_6.shift_ram [\shift_ram(c_xdevicefamily="virt...]
Compiling architecture xilinx of entity xfft_v9_1_6.shift_ram [\shift_ram(c_xdevicefamily="virt...]
Compiling architecture xilinx of entity xfft_v9_1_6.shift_ram [\shift_ram(c_xdevicefamily="virt...]
Compiling architecture xilinx of entity xfft_v9_1_6.r22_pe [\r22_pe(c_xdevicefamily="virtexu...]
Compiling architecture muxf7_v of entity unisim.MUXF7 [muxf7_default]
Compiling architecture muxf8_v of entity unisim.MUXF8 [muxf8_default]
Compiling architecture xilinx of entity xfft_v9_1_6.mux_bus16 [\mux_bus16(c_xdevicefamily="virt...]
Compiling architecture xilinx of entity xfft_v9_1_6.shift_ram [\shift_ram(c_xdevicefamily="virt...]
Compiling architecture xilinx of entity xfft_v9_1_6.mux_bus16 [\mux_bus16(c_xdevicefamily="virt...]
Compiling architecture xilinx of entity xfft_v9_1_6.shift_ram [\shift_ram(c_xdevicefamily="virt...]
Compiling architecture xilinx of entity xfft_v9_1_6.so_run_addr_gen_left_shift [\so_run_addr_gen_left_shift(c_xd...]
Compiling architecture xilinx of entity xfft_v9_1_6.shift_ram [\shift_ram(c_xdevicefamily="virt...]
Compiling architecture xilinx of entity xfft_v9_1_6.shift_ram [\shift_ram(c_xdevicefamily="virt...]
Compiling architecture rb18_internal_vhdl_v of entity unisim.RB18_INTERNAL_VHDL [\RB18_INTERNAL_VHDL(bram_size=18...]
Compiling architecture ramb18e1_v of entity unisim.RAMB18E1 [\RAMB18E1(dob_reg=1,read_width_b...]
Compiling architecture ramb18_v of entity unisim.RAMB18 [\RAMB18(dob_reg=1,read_width_b=1...]
Compiling architecture xilinx of entity xfft_v9_1_6.dpm [\dpm(c_xdevicefamily="virtexuplu...]
Compiling architecture xilinx of entity xfft_v9_1_6.r22_memory [\r22_memory(c_xdevicefamily="vir...]
Compiling architecture xilinx of entity xfft_v9_1_6.shift_ram [\shift_ram(c_xdevicefamily="virt...]
Compiling architecture xilinx of entity xfft_v9_1_6.logic_gate [\logic_gate(c_xdevicefamily="vir...]
Compiling architecture xilinx of entity xfft_v9_1_6.cnt_sat [\cnt_sat(c_xdevicefamily="virtex...]
Compiling architecture xilinx of entity xfft_v9_1_6.logic_gate [\logic_gate(c_xdevicefamily="vir...]
Compiling architecture xilinx of entity xfft_v9_1_6.cnt_sat [\cnt_sat(c_xdevicefamily="virtex...]
Compiling architecture xilinx of entity xfft_v9_1_6.logic_gate [\logic_gate(c_xdevicefamily="vir...]
Compiling architecture xilinx of entity xfft_v9_1_6.cnt_sat [\cnt_sat(c_xdevicefamily="virtex...]
Compiling architecture xilinx of entity xfft_v9_1_6.logic_gate [\logic_gate(c_xdevicefamily="vir...]
Compiling architecture xilinx of entity xfft_v9_1_6.cnt_sat [\cnt_sat(c_xdevicefamily="virtex...]
Compiling architecture structural of entity c_reg_fd_v12_0_6.c_reg_fd_v12_0_6_viv [\c_reg_fd_v12_0_6_viv(c_width=14...]
Compiling architecture rtl of entity c_addsub_v12_0_14.c_addsub_v12_0_14_lut6_legacy [\c_addsub_v12_0_14_lut6_legacy(c...]
Compiling architecture synth of entity c_addsub_v12_0_14.c_addsub_v12_0_14_fabric_legacy [\c_addsub_v12_0_14_fabric_legacy...]
Compiling architecture synth of entity c_addsub_v12_0_14.c_addsub_v12_0_14_legacy [\c_addsub_v12_0_14_legacy(c_fami...]
Compiling architecture synth of entity c_addsub_v12_0_14.c_addsub_v12_0_14_viv [\c_addsub_v12_0_14_viv(c_xdevice...]
Compiling architecture xilinx of entity xfft_v9_1_6.equ_rtl [\equ_rtl(c_xdevicefamily="virtex...]
Compiling architecture xilinx of entity xfft_v9_1_6.cnt_tc_rtl_a [\cnt_tc_rtl_a(c_xdevicefamily="v...]
Compiling architecture xilinx of entity xfft_v9_1_6.r22_flow_ctrl [\r22_flow_ctrl(c_xdevicefamily="...]
Compiling architecture xilinx of entity xfft_v9_1_6.r22_cnt_ctrl [\r22_cnt_ctrl(c_xdevicefamily="v...]
Compiling architecture xilinx of entity xfft_v9_1_6.shift_ram [\shift_ram(c_xdevicefamily="virt...]
Compiling architecture xilinx of entity xfft_v9_1_6.xfft_v9_1_6_d [\xfft_v9_1_6_d(c_xdevicefamily="...]
Compiling architecture synth of entity xfft_v9_1_6.xfft_v9_1_6_core [\xfft_v9_1_6_core(c_xdevicefamil...]
Compiling architecture synth of entity xfft_v9_1_6.xfft_v9_1_6_viv [\xfft_v9_1_6_viv(c_xdevicefamily...]
Compiling architecture xilinx of entity xfft_v9_1_6.xfft_v9_1_6 [\xfft_v9_1_6(c_xdevicefamily="vi...]
Compiling architecture t03_xfft_16384_aux_arch of entity xil_defaultlib.t03_xfft_16384_aux [t03_xfft_16384_aux_default]
Compiling module xil_defaultlib.sfo_residual_ifft_service4
Compiling module xil_defaultlib.sfo_residual_power4
Compiling module xil_defaultlib.sfo_residual_peak_triplet4
Compiling module xil_defaultlib.sfo_residual_div_u80_u49_rne
Compiling module xil_defaultlib.sfo_residual_peak_interpolate
Compiling module xil_defaultlib.sfo_residual_ls74
Compiling module xil_defaultlib.sfo_residual_delay_backend4
Compiling module xil_defaultlib.sfo_residual_estimator4
Compiling module xil_defaultlib.xpm_cdc_async_rst(INIT_SYNC_FF=1...
Compiling module xil_defaultlib.sfo_domain_reset
Compiling module xil_defaultlib.xpm_cdc_single(DEST_SYNC_FF=2,IN...
Compiling module xil_defaultlib.xpm_cdc_single(DEST_SYNC_FF=2,IN...
Compiling module xil_defaultlib.xpm_fifo_rst(COMMON_CLOCK=0,SIM_...
Compiling module xil_defaultlib.xpm_memory_base(MEMORY_TYPE=1,ME...
Compiling module xil_defaultlib.xpm_cdc_gray(INIT_SYNC_FF=1,WIDT...
Compiling module xil_defaultlib.xpm_fifo_base(COMMON_CLOCK=0,FIF...
Compiling module xil_defaultlib.xpm_fifo_async(FIFO_MEMORY_TYPE=...
Compiling module xil_defaultlib.sfo_record_cdc_fifo_default
Compiling module xil_defaultlib.xpm_memory_base(MEMORY_TYPE=1,ME...
Compiling module xil_defaultlib.xpm_cdc_gray(DEST_SYNC_FF=2,INIT...
Compiling module xil_defaultlib.xpm_fifo_reg_vec(REG_WIDTH=5)
Compiling module xil_defaultlib.xpm_cdc_gray(INIT_SYNC_FF=1,WIDT...
Compiling module xil_defaultlib.xpm_fifo_base(COMMON_CLOCK=0,FIF...
Compiling module xil_defaultlib.xpm_fifo_async(FIFO_MEMORY_TYPE=...
Compiling module xil_defaultlib.sfo_record_cdc_fifo(WIDTH=236,DE...
Compiling module xil_defaultlib.xpm_memory_base(MEMORY_TYPE=1,ME...
Compiling module xil_defaultlib.xpm_fifo_base(COMMON_CLOCK=0,FIF...
Compiling module xil_defaultlib.xpm_fifo_async(FIFO_MEMORY_TYPE=...
Compiling module xil_defaultlib.sfo_record_cdc_fifo(WIDTH=222,DE...
Compiling module xil_defaultlib.xpm_memory_base(MEMORY_TYPE=1,ME...
Compiling module xil_defaultlib.xpm_fifo_base(COMMON_CLOCK=0,FIF...
Compiling module xil_defaultlib.xpm_fifo_async(FIFO_MEMORY_TYPE=...
Compiling module xil_defaultlib.sfo_record_cdc_fifo(WIDTH=102,DE...
Compiling module xil_defaultlib.xpm_memory_base(MEMORY_TYPE=1,ME...
Compiling module xil_defaultlib.xpm_fifo_base(COMMON_CLOCK=0,FIF...
Compiling module xil_defaultlib.xpm_fifo_async(FIFO_MEMORY_TYPE=...
Compiling module xil_defaultlib.sfo_record_cdc_fifo(WIDTH=235)
Compiling module xil_defaultlib.xpm_memory_base(MEMORY_TYPE=1,ME...
Compiling module xil_defaultlib.xpm_fifo_base(COMMON_CLOCK=0,FIF...
Compiling module xil_defaultlib.xpm_fifo_async(FIFO_MEMORY_TYPE=...
Compiling module xil_defaultlib.sfo_record_cdc_fifo(WIDTH=160,DE...
Compiling module xil_defaultlib.xpm_memory_base(MEMORY_TYPE=1,ME...
Compiling module xil_defaultlib.xpm_memory_sdpram(MEMORY_SIZE=50...
Compiling module xil_defaultlib.sfo_uram_frame_bank(DEPTH_BEATS=...
Compiling module xil_defaultlib.xpm_memory_base(MEMORY_TYPE=1,ME...
Compiling module xil_defaultlib.xpm_fifo_base(FIFO_MEMORY_TYPE=2...
Compiling module xil_defaultlib.xpm_fifo_sync(FIFO_MEMORY_TYPE="...
Compiling module xil_defaultlib.sfo_sync_fifo(WIDTH=32'b01000000...
Compiling module xil_defaultlib.sfo_raw_frame_ring_default
Compiling module xil_defaultlib.sfo_first_pass_descriptor_defaul...
Compiling architecture xilinx of entity axi_utils_v2_0_6.glb_srl_fifo [\glb_srl_fifo(width=64,has_ifx=t...]
Compiling architecture xilinx of entity axi_utils_v2_0_6.glb_ifx_slave [\glb_ifx_slave(width=64,has_ifx=...]
Compiling architecture synth of entity fir_compiler_v7_2_16.cntrl_delay [\cntrl_delay(c_delay_len=0,c_mem...]
Compiling architecture synth of entity fir_compiler_v7_2_16.sp_mem [\sp_mem(c_xdevicefamily="virtexu...]
Compiling architecture synth of entity fir_compiler_v7_2_16.sp_mem [\sp_mem(c_xdevicefamily="virtexu...]
Compiling architecture synth of entity fir_compiler_v7_2_16.filt_mem [\filt_mem(c_xdevicefamily="virte...]
Compiling architecture synth of entity fir_compiler_v7_2_16.sp_mem [\sp_mem(c_xdevicefamily="virtexu...]
Compiling architecture synth of entity fir_compiler_v7_2_16.sp_mem [\sp_mem(c_xdevicefamily="virtexu...]
Compiling architecture synth of entity fir_compiler_v7_2_16.filt_mem [\filt_mem(c_xdevicefamily="virte...]
Compiling architecture synth of entity fir_compiler_v7_2_16.sp_mem [\sp_mem(c_xdevicefamily="virtexu...]
Compiling architecture synth of entity fir_compiler_v7_2_16.sp_mem [\sp_mem(c_xdevicefamily="virtexu...]
Compiling architecture synth of entity fir_compiler_v7_2_16.filt_mem [\filt_mem(c_xdevicefamily="virte...]
Compiling architecture synth of entity fir_compiler_v7_2_16.sp_mem [\sp_mem(c_xdevicefamily="virtexu...]
Compiling architecture synth of entity fir_compiler_v7_2_16.sp_mem [\sp_mem(c_xdevicefamily="virtexu...]
Compiling architecture synth of entity fir_compiler_v7_2_16.filt_mem [\filt_mem(c_xdevicefamily="virte...]
Compiling architecture synth of entity fir_compiler_v7_2_16.sp_mem [\sp_mem(c_xdevicefamily="virtexu...]
Compiling architecture synth of entity fir_compiler_v7_2_16.sp_mem [\sp_mem(c_xdevicefamily="virtexu...]
Compiling architecture synth of entity fir_compiler_v7_2_16.filt_mem [\filt_mem(c_xdevicefamily="virte...]
Compiling architecture synth of entity fir_compiler_v7_2_16.sp_mem [\sp_mem(c_xdevicefamily="virtexu...]
Compiling architecture synth of entity fir_compiler_v7_2_16.sp_mem [\sp_mem(c_xdevicefamily="virtexu...]
Compiling architecture synth of entity fir_compiler_v7_2_16.filt_mem [\filt_mem(c_xdevicefamily="virte...]
Compiling architecture synth of entity fir_compiler_v7_2_16.delay [\delay(c_delay_len=11,c_xdevicef...]
Compiling architecture synth of entity fir_compiler_v7_2_16.delay [\delay(c_delay_len=10,c_xdevicef...]
Compiling architecture synth of entity fir_compiler_v7_2_16.delay [\delay(c_delay_len=9,c_xdevicefa...]
Compiling architecture synth of entity fir_compiler_v7_2_16.delay [\delay(c_delay_len=1,c_xdevicefa...]
Compiling architecture synth of entity fir_compiler_v7_2_16.buff [\buff(c_xdevicefamily="virtexupl...]
Compiling architecture synth of entity fir_compiler_v7_2_16.delay [\delay(c_delay_len=8,c_xdevicefa...]
Compiling architecture synth of entity fir_compiler_v7_2_16.delay [\delay(c_delay_len=7,c_xdevicefa...]
Compiling architecture synth of entity fir_compiler_v7_2_16.delay [\delay(c_delay_len=6,c_xdevicefa...]
Compiling architecture synth of entity fir_compiler_v7_2_16.delay [\delay(c_delay_len=5,c_xdevicefa...]
Compiling architecture synth of entity fir_compiler_v7_2_16.delay [\delay(c_delay_len=4,c_xdevicefa...]
Compiling architecture synth of entity fir_compiler_v7_2_16.delay [\delay(c_delay_len=3,c_xdevicefa...]
Compiling architecture synth of entity fir_compiler_v7_2_16.delay [\delay(c_delay_len=2,c_xdevicefa...]
Compiling architecture synth of entity fir_compiler_v7_2_16.delay [\delay(c_delay_len=1,c_xdevicefa...]
Compiling architecture synth of entity fir_compiler_v7_2_16.delay [\delay(c_delay_len=0,c_xdevicefa...]
Compiling architecture synth of entity fir_compiler_v7_2_16.buff [\buff(c_xdevicefamily="virtexupl...]
Compiling architecture synth of entity fir_compiler_v7_2_16.delay [\delay(c_delay_len=0,c_xdevicefa...]
Compiling architecture synth of entity fir_compiler_v7_2_16.delay [\delay(c_delay_len=0,c_xdevicefa...]
Compiling architecture dsp48e2_v of entity unisim.DSP48E2 [\DSP48E2(amultsel="AD",mask="111...]
Compiling architecture synth of entity fir_compiler_v7_2_16.calc [\calc(c_xdevicefamily="virtexupl...]
Compiling architecture synth of entity fir_compiler_v7_2_16.addsub_mult_add [\addsub_mult_add(c_xdevicefamily...]
Compiling architecture dsp48e2_v of entity unisim.DSP48E2 [\DSP48E2(amultsel="AD",mask="111...]
Compiling architecture synth of entity fir_compiler_v7_2_16.calc [\calc(c_xdevicefamily="virtexupl...]
Compiling architecture synth of entity fir_compiler_v7_2_16.addsub_mult_add [\addsub_mult_add(c_xdevicefamily...]
Compiling architecture synth of entity fir_compiler_v7_2_16.calc [\calc(c_xdevicefamily="virtexupl...]
Compiling architecture synth of entity fir_compiler_v7_2_16.addsub_mult_add [\addsub_mult_add(c_xdevicefamily...]
Compiling architecture synth of entity fir_compiler_v7_2_16.calc [\calc(c_xdevicefamily="virtexupl...]
Compiling architecture synth of entity fir_compiler_v7_2_16.addsub_mult_add [\addsub_mult_add(c_xdevicefamily...]
Compiling architecture synth of entity fir_compiler_v7_2_16.calc [\calc(c_xdevicefamily="virtexupl...]
Compiling architecture synth of entity fir_compiler_v7_2_16.addsub_mult_add [\addsub_mult_add(c_xdevicefamily...]
Compiling architecture synth of entity fir_compiler_v7_2_16.delay [\delay(c_delay_len=0,c_xdevicefa...]
Compiling architecture synth of entity fir_compiler_v7_2_16.addsub_mult_add [\addsub_mult_add(c_xdevicefamily...]
Compiling architecture synth of entity fir_compiler_v7_2_16.sp_mem [\sp_mem(c_xdevicefamily="virtexu...]
Compiling architecture synth of entity fir_compiler_v7_2_16.sp_mem [\sp_mem(c_xdevicefamily="virtexu...]
Compiling architecture synth of entity fir_compiler_v7_2_16.filt_mem [\filt_mem(c_xdevicefamily="virte...]
Compiling architecture synth of entity fir_compiler_v7_2_16.sp_mem [\sp_mem(c_xdevicefamily="virtexu...]
Compiling architecture synth of entity fir_compiler_v7_2_16.sp_mem [\sp_mem(c_xdevicefamily="virtexu...]
Compiling architecture synth of entity fir_compiler_v7_2_16.filt_mem [\filt_mem(c_xdevicefamily="virte...]
Compiling architecture synth of entity fir_compiler_v7_2_16.sp_mem [\sp_mem(c_xdevicefamily="virtexu...]
Compiling architecture synth of entity fir_compiler_v7_2_16.sp_mem [\sp_mem(c_xdevicefamily="virtexu...]
Compiling architecture synth of entity fir_compiler_v7_2_16.filt_mem [\filt_mem(c_xdevicefamily="virte...]
Compiling architecture synth of entity fir_compiler_v7_2_16.sp_mem [\sp_mem(c_xdevicefamily="virtexu...]
Compiling architecture synth of entity fir_compiler_v7_2_16.sp_mem [\sp_mem(c_xdevicefamily="virtexu...]
Compiling architecture synth of entity fir_compiler_v7_2_16.filt_mem [\filt_mem(c_xdevicefamily="virte...]
Compiling architecture synth of entity fir_compiler_v7_2_16.sp_mem [\sp_mem(c_xdevicefamily="virtexu...]
Compiling architecture synth of entity fir_compiler_v7_2_16.sp_mem [\sp_mem(c_xdevicefamily="virtexu...]
Compiling architecture synth of entity fir_compiler_v7_2_16.filt_mem [\filt_mem(c_xdevicefamily="virte...]
Compiling architecture synth of entity fir_compiler_v7_2_16.sp_mem [\sp_mem(c_xdevicefamily="virtexu...]
Compiling architecture synth of entity fir_compiler_v7_2_16.sp_mem [\sp_mem(c_xdevicefamily="virtexu...]
Compiling architecture synth of entity fir_compiler_v7_2_16.filt_mem [\filt_mem(c_xdevicefamily="virte...]
Compiling architecture synth of entity fir_compiler_v7_2_16.calc [\calc(c_xdevicefamily="virtexupl...]
Compiling architecture synth of entity fir_compiler_v7_2_16.addsub_mult_add [\addsub_mult_add(c_xdevicefamily...]
Compiling architecture synth of entity fir_compiler_v7_2_16.calc [\calc(c_xdevicefamily="virtexupl...]
Compiling architecture synth of entity fir_compiler_v7_2_16.addsub_mult_add [\addsub_mult_add(c_xdevicefamily...]
Compiling architecture synth of entity fir_compiler_v7_2_16.calc [\calc(c_xdevicefamily="virtexupl...]
Compiling architecture synth of entity fir_compiler_v7_2_16.addsub_mult_add [\addsub_mult_add(c_xdevicefamily...]
Compiling architecture synth of entity fir_compiler_v7_2_16.calc [\calc(c_xdevicefamily="virtexupl...]
Compiling architecture synth of entity fir_compiler_v7_2_16.addsub_mult_add [\addsub_mult_add(c_xdevicefamily...]
Compiling architecture synth of entity fir_compiler_v7_2_16.calc [\calc(c_xdevicefamily="virtexupl...]
Compiling architecture synth of entity fir_compiler_v7_2_16.addsub_mult_add [\addsub_mult_add(c_xdevicefamily...]
Compiling architecture synth of entity fir_compiler_v7_2_16.addsub_mult_add [\addsub_mult_add(c_xdevicefamily...]
Compiling architecture synth of entity fir_compiler_v7_2_16.calc [\calc(c_xdevicefamily="virtexupl...]
Compiling architecture synth of entity fir_compiler_v7_2_16.addsub_mult_add [\addsub_mult_add(c_xdevicefamily...]
Compiling architecture synth of entity fir_compiler_v7_2_16.calc [\calc(c_xdevicefamily="virtexupl...]
Compiling architecture synth of entity fir_compiler_v7_2_16.addsub_mult_add [\addsub_mult_add(c_xdevicefamily...]
Compiling architecture synth of entity fir_compiler_v7_2_16.calc [\calc(c_xdevicefamily="virtexupl...]
Compiling architecture synth of entity fir_compiler_v7_2_16.addsub_mult_add [\addsub_mult_add(c_xdevicefamily...]
Compiling architecture synth of entity fir_compiler_v7_2_16.calc [\calc(c_xdevicefamily="virtexupl...]
Compiling architecture synth of entity fir_compiler_v7_2_16.addsub_mult_add [\addsub_mult_add(c_xdevicefamily...]
Compiling architecture synth of entity fir_compiler_v7_2_16.calc [\calc(c_xdevicefamily="virtexupl...]
Compiling architecture synth of entity fir_compiler_v7_2_16.addsub_mult_add [\addsub_mult_add(c_xdevicefamily...]
Compiling architecture synth of entity fir_compiler_v7_2_16.addsub_mult_add [\addsub_mult_add(c_xdevicefamily...]
Compiling architecture synth of entity fir_compiler_v7_2_16.calc [\calc(c_xdevicefamily="virtexupl...]
Compiling architecture synth of entity fir_compiler_v7_2_16.addsub_mult_add [\addsub_mult_add(c_xdevicefamily...]
Compiling architecture synth of entity fir_compiler_v7_2_16.calc [\calc(c_xdevicefamily="virtexupl...]
Compiling architecture synth of entity fir_compiler_v7_2_16.addsub_mult_add [\addsub_mult_add(c_xdevicefamily...]
Compiling architecture synth of entity fir_compiler_v7_2_16.calc [\calc(c_xdevicefamily="virtexupl...]
Compiling architecture synth of entity fir_compiler_v7_2_16.addsub_mult_add [\addsub_mult_add(c_xdevicefamily...]
Compiling architecture synth of entity fir_compiler_v7_2_16.calc [\calc(c_xdevicefamily="virtexupl...]
Compiling architecture synth of entity fir_compiler_v7_2_16.addsub_mult_add [\addsub_mult_add(c_xdevicefamily...]
Compiling architecture synth of entity fir_compiler_v7_2_16.calc [\calc(c_xdevicefamily="virtexupl...]
Compiling architecture synth of entity fir_compiler_v7_2_16.addsub_mult_add [\addsub_mult_add(c_xdevicefamily...]
Compiling architecture synth of entity fir_compiler_v7_2_16.addsub_mult_add [\addsub_mult_add(c_xdevicefamily...]
Compiling architecture synth of entity fir_compiler_v7_2_16.calc [\calc(c_xdevicefamily="virtexupl...]
Compiling architecture synth of entity fir_compiler_v7_2_16.addsub_mult_add [\addsub_mult_add(c_xdevicefamily...]
Compiling architecture synth of entity fir_compiler_v7_2_16.addsub_mult_add [\addsub_mult_add(c_xdevicefamily...]
Compiling architecture synth of entity fir_compiler_v7_2_16.calc [\calc(c_xdevicefamily="virtexupl...]
Compiling architecture synth of entity fir_compiler_v7_2_16.addsub_mult_add [\addsub_mult_add(c_xdevicefamily...]
Compiling architecture synth of entity fir_compiler_v7_2_16.addsub_mult_add [\addsub_mult_add(c_xdevicefamily...]
Compiling architecture synth of entity fir_compiler_v7_2_16.calc [\calc(c_xdevicefamily="virtexupl...]
Compiling architecture synth of entity fir_compiler_v7_2_16.addsub_mult_add [\addsub_mult_add(c_xdevicefamily...]
Compiling architecture synth of entity fir_compiler_v7_2_16.addsub_mult_add [\addsub_mult_add(c_xdevicefamily...]
Compiling architecture synth of entity fir_compiler_v7_2_16.calc [\calc(c_xdevicefamily="virtexupl...]
Compiling architecture synth of entity fir_compiler_v7_2_16.addsub_mult_add [\addsub_mult_add(c_xdevicefamily...]
Compiling architecture synth of entity fir_compiler_v7_2_16.addsub_mult_add [\addsub_mult_add(c_xdevicefamily...]
Compiling architecture synth of entity fir_compiler_v7_2_16.delay [\delay(c_delay_len=1,c_xdevicefa...]
Compiling architecture synth of entity fir_compiler_v7_2_16.delay [\delay(c_delay_len=1,c_xdevicefa...]
Compiling architecture synth of entity fir_compiler_v7_2_16.delay [\delay(c_delay_len=1,c_xdevicefa...]
Compiling architecture synth of entity fir_compiler_v7_2_16.delay [\delay(c_delay_len=16,c_xdevicef...]
Compiling architecture xilinx of entity axi_utils_v2_0_6.glb_srl_fifo [\glb_srl_fifo(width=144,has_uvpr...]
Compiling architecture xilinx of entity axi_utils_v2_0_6.glb_ifx_master [\glb_ifx_master(width=144)\]
Compiling architecture synth of entity fir_compiler_v7_2_16.polyphase_interpolation_sym_ssr [\polyphase_interpolation_sym_ssr...]
Compiling architecture synth of entity fir_compiler_v7_2_16.fir_compiler_v7_2_16_viv [\fir_compiler_v7_2_16_viv(c_xdev...]
Compiling architecture xilinx of entity fir_compiler_v7_2_16.fir_compiler_v7_2_16 [\fir_compiler_v7_2_16(c_xdevicef...]
Compiling architecture t07_g3_up47_arch of entity xil_defaultlib.t07_g3_up47 [t07_g3_up47_default]
Compiling module xil_defaultlib.sfo_fir_up47_default
Compiling architecture xilinx of entity axi_utils_v2_0_6.glb_srl_fifo [\glb_srl_fifo(width=128,has_ifx=...]
Compiling architecture xilinx of entity axi_utils_v2_0_6.glb_ifx_slave [\glb_ifx_slave(width=128,has_ifx...]
Compiling architecture synth of entity fir_compiler_v7_2_16.sp_mem [\sp_mem(c_xdevicefamily="virtexu...]
Compiling architecture synth of entity fir_compiler_v7_2_16.sp_mem [\sp_mem(c_xdevicefamily="virtexu...]
Compiling architecture synth of entity fir_compiler_v7_2_16.filt_mem [\filt_mem(c_xdevicefamily="virte...]
Compiling architecture synth of entity fir_compiler_v7_2_16.sp_mem [\sp_mem(c_xdevicefamily="virtexu...]
Compiling architecture synth of entity fir_compiler_v7_2_16.sp_mem [\sp_mem(c_xdevicefamily="virtexu...]
Compiling architecture synth of entity fir_compiler_v7_2_16.filt_mem [\filt_mem(c_xdevicefamily="virte...]
Compiling architecture synth of entity fir_compiler_v7_2_16.calc [\calc(c_xdevicefamily="virtexupl...]
Compiling architecture synth of entity fir_compiler_v7_2_16.addsub_mult_add [\addsub_mult_add(c_xdevicefamily...]
Compiling architecture synth of entity fir_compiler_v7_2_16.calc [\calc(c_xdevicefamily="virtexupl...]
Compiling architecture synth of entity fir_compiler_v7_2_16.addsub_mult_add [\addsub_mult_add(c_xdevicefamily...]
Compiling architecture synth of entity fir_compiler_v7_2_16.calc [\calc(c_xdevicefamily="virtexupl...]
Compiling architecture synth of entity fir_compiler_v7_2_16.addsub_mult_add [\addsub_mult_add(c_xdevicefamily...]
Compiling architecture synth of entity fir_compiler_v7_2_16.calc [\calc(c_xdevicefamily="virtexupl...]
Compiling architecture synth of entity fir_compiler_v7_2_16.addsub_mult_add [\addsub_mult_add(c_xdevicefamily...]
Compiling architecture synth of entity fir_compiler_v7_2_16.sp_mem [\sp_mem(c_xdevicefamily="virtexu...]
Compiling architecture synth of entity fir_compiler_v7_2_16.sp_mem [\sp_mem(c_xdevicefamily="virtexu...]
Compiling architecture synth of entity fir_compiler_v7_2_16.filt_mem [\filt_mem(c_xdevicefamily="virte...]
Compiling architecture synth of entity fir_compiler_v7_2_16.sp_mem [\sp_mem(c_xdevicefamily="virtexu...]
Compiling architecture synth of entity fir_compiler_v7_2_16.sp_mem [\sp_mem(c_xdevicefamily="virtexu...]
Compiling architecture synth of entity fir_compiler_v7_2_16.filt_mem [\filt_mem(c_xdevicefamily="virte...]
Compiling architecture synth of entity fir_compiler_v7_2_16.calc [\calc(c_xdevicefamily="virtexupl...]
Compiling architecture synth of entity fir_compiler_v7_2_16.addsub_mult_add [\addsub_mult_add(c_xdevicefamily...]
Compiling architecture synth of entity fir_compiler_v7_2_16.calc [\calc(c_xdevicefamily="virtexupl...]
Compiling architecture synth of entity fir_compiler_v7_2_16.addsub_mult_add [\addsub_mult_add(c_xdevicefamily...]
Compiling architecture synth of entity fir_compiler_v7_2_16.calc [\calc(c_xdevicefamily="virtexupl...]
Compiling architecture synth of entity fir_compiler_v7_2_16.addsub_mult_add [\addsub_mult_add(c_xdevicefamily...]
Compiling architecture synth of entity fir_compiler_v7_2_16.calc [\calc(c_xdevicefamily="virtexupl...]
Compiling architecture synth of entity fir_compiler_v7_2_16.addsub_mult_add [\addsub_mult_add(c_xdevicefamily...]
Compiling architecture synth of entity fir_compiler_v7_2_16.calc [\calc(c_xdevicefamily="virtexupl...]
Compiling architecture synth of entity fir_compiler_v7_2_16.addsub_mult_add [\addsub_mult_add(c_xdevicefamily...]
Compiling architecture synth of entity fir_compiler_v7_2_16.calc [\calc(c_xdevicefamily="virtexupl...]
Compiling architecture synth of entity fir_compiler_v7_2_16.addsub_mult_add [\addsub_mult_add(c_xdevicefamily...]
Compiling architecture synth of entity fir_compiler_v7_2_16.calc [\calc(c_xdevicefamily="virtexupl...]
Compiling architecture synth of entity fir_compiler_v7_2_16.addsub_mult_add [\addsub_mult_add(c_xdevicefamily...]
Compiling architecture synth of entity fir_compiler_v7_2_16.calc [\calc(c_xdevicefamily="virtexupl...]
Compiling architecture synth of entity fir_compiler_v7_2_16.addsub_mult_add [\addsub_mult_add(c_xdevicefamily...]
Compiling architecture synth of entity fir_compiler_v7_2_16.calc [\calc(c_xdevicefamily="virtexupl...]
Compiling architecture synth of entity fir_compiler_v7_2_16.addsub_mult_add [\addsub_mult_add(c_xdevicefamily...]
Compiling architecture synth of entity fir_compiler_v7_2_16.calc [\calc(c_xdevicefamily="virtexupl...]
Compiling architecture synth of entity fir_compiler_v7_2_16.addsub_mult_add [\addsub_mult_add(c_xdevicefamily...]
Compiling architecture synth of entity fir_compiler_v7_2_16.calc [\calc(c_xdevicefamily="virtexupl...]
Compiling architecture synth of entity fir_compiler_v7_2_16.addsub_mult_add [\addsub_mult_add(c_xdevicefamily...]
Compiling architecture synth of entity fir_compiler_v7_2_16.calc [\calc(c_xdevicefamily="virtexupl...]
Compiling architecture synth of entity fir_compiler_v7_2_16.addsub_mult_add [\addsub_mult_add(c_xdevicefamily...]
Compiling architecture synth of entity fir_compiler_v7_2_16.calc [\calc(c_xdevicefamily="virtexupl...]
Compiling architecture synth of entity fir_compiler_v7_2_16.addsub_mult_add [\addsub_mult_add(c_xdevicefamily...]
Compiling architecture synth of entity fir_compiler_v7_2_16.calc [\calc(c_xdevicefamily="virtexupl...]
Compiling architecture synth of entity fir_compiler_v7_2_16.addsub_mult_add [\addsub_mult_add(c_xdevicefamily...]
Compiling architecture synth of entity fir_compiler_v7_2_16.calc [\calc(c_xdevicefamily="virtexupl...]
Compiling architecture synth of entity fir_compiler_v7_2_16.addsub_mult_add [\addsub_mult_add(c_xdevicefamily...]
Compiling architecture synth of entity fir_compiler_v7_2_16.calc [\calc(c_xdevicefamily="virtexupl...]
Compiling architecture synth of entity fir_compiler_v7_2_16.addsub_mult_add [\addsub_mult_add(c_xdevicefamily...]
Compiling architecture synth of entity fir_compiler_v7_2_16.calc [\calc(c_xdevicefamily="virtexupl...]
Compiling architecture synth of entity fir_compiler_v7_2_16.addsub_mult_add [\addsub_mult_add(c_xdevicefamily...]
Compiling architecture synth of entity fir_compiler_v7_2_16.calc [\calc(c_xdevicefamily="virtexupl...]
Compiling architecture synth of entity fir_compiler_v7_2_16.addsub_mult_add [\addsub_mult_add(c_xdevicefamily...]
Compiling architecture synth of entity fir_compiler_v7_2_16.calc [\calc(c_xdevicefamily="virtexupl...]
Compiling architecture synth of entity fir_compiler_v7_2_16.addsub_mult_add [\addsub_mult_add(c_xdevicefamily...]
Compiling architecture synth of entity fir_compiler_v7_2_16.calc [\calc(c_xdevicefamily="virtexupl...]
Compiling architecture synth of entity fir_compiler_v7_2_16.addsub_mult_add [\addsub_mult_add(c_xdevicefamily...]
Compiling architecture synth of entity fir_compiler_v7_2_16.calc [\calc(c_xdevicefamily="virtexupl...]
Compiling architecture synth of entity fir_compiler_v7_2_16.addsub_mult_add [\addsub_mult_add(c_xdevicefamily...]
Compiling architecture synth of entity fir_compiler_v7_2_16.calc [\calc(c_xdevicefamily="virtexupl...]
Compiling architecture synth of entity fir_compiler_v7_2_16.addsub_mult_add [\addsub_mult_add(c_xdevicefamily...]
Compiling architecture synth of entity fir_compiler_v7_2_16.calc [\calc(c_xdevicefamily="virtexupl...]
Compiling architecture synth of entity fir_compiler_v7_2_16.addsub_mult_add [\addsub_mult_add(c_xdevicefamily...]
Compiling architecture synth of entity fir_compiler_v7_2_16.calc [\calc(c_xdevicefamily="virtexupl...]
Compiling architecture synth of entity fir_compiler_v7_2_16.addsub_mult_add [\addsub_mult_add(c_xdevicefamily...]
Compiling architecture synth of entity fir_compiler_v7_2_16.calc [\calc(c_xdevicefamily="virtexupl...]
Compiling architecture synth of entity fir_compiler_v7_2_16.addsub_mult_add [\addsub_mult_add(c_xdevicefamily...]
Compiling architecture synth of entity fir_compiler_v7_2_16.calc [\calc(c_xdevicefamily="virtexupl...]
Compiling architecture synth of entity fir_compiler_v7_2_16.addsub_mult_add [\addsub_mult_add(c_xdevicefamily...]
Compiling architecture synth of entity fir_compiler_v7_2_16.calc [\calc(c_xdevicefamily="virtexupl...]
Compiling architecture synth of entity fir_compiler_v7_2_16.addsub_mult_add [\addsub_mult_add(c_xdevicefamily...]
Compiling architecture synth of entity fir_compiler_v7_2_16.calc [\calc(c_xdevicefamily="virtexupl...]
Compiling architecture synth of entity fir_compiler_v7_2_16.addsub_mult_add [\addsub_mult_add(c_xdevicefamily...]
Compiling architecture synth of entity fir_compiler_v7_2_16.calc [\calc(c_xdevicefamily="virtexupl...]
Compiling architecture synth of entity fir_compiler_v7_2_16.addsub_mult_add [\addsub_mult_add(c_xdevicefamily...]
Compiling architecture synth of entity fir_compiler_v7_2_16.calc [\calc(c_xdevicefamily="virtexupl...]
Compiling architecture synth of entity fir_compiler_v7_2_16.addsub_mult_add [\addsub_mult_add(c_xdevicefamily...]
Compiling architecture synth of entity fir_compiler_v7_2_16.calc [\calc(c_xdevicefamily="virtexupl...]
Compiling architecture synth of entity fir_compiler_v7_2_16.addsub_mult_add [\addsub_mult_add(c_xdevicefamily...]
Compiling architecture synth of entity fir_compiler_v7_2_16.calc [\calc(c_xdevicefamily="virtexupl...]
Compiling architecture synth of entity fir_compiler_v7_2_16.addsub_mult_add [\addsub_mult_add(c_xdevicefamily...]
Compiling architecture synth of entity fir_compiler_v7_2_16.calc [\calc(c_xdevicefamily="virtexupl...]
Compiling architecture synth of entity fir_compiler_v7_2_16.addsub_mult_add [\addsub_mult_add(c_xdevicefamily...]
Compiling architecture synth of entity fir_compiler_v7_2_16.calc [\calc(c_xdevicefamily="virtexupl...]
Compiling architecture synth of entity fir_compiler_v7_2_16.addsub_mult_add [\addsub_mult_add(c_xdevicefamily...]
Compiling architecture synth of entity fir_compiler_v7_2_16.calc [\calc(c_xdevicefamily="virtexupl...]
Compiling architecture synth of entity fir_compiler_v7_2_16.addsub_mult_add [\addsub_mult_add(c_xdevicefamily...]
Compiling architecture synth of entity fir_compiler_v7_2_16.calc [\calc(c_xdevicefamily="virtexupl...]
Compiling architecture synth of entity fir_compiler_v7_2_16.addsub_mult_add [\addsub_mult_add(c_xdevicefamily...]
Compiling architecture synth of entity fir_compiler_v7_2_16.calc [\calc(c_xdevicefamily="virtexupl...]
Compiling architecture synth of entity fir_compiler_v7_2_16.addsub_mult_add [\addsub_mult_add(c_xdevicefamily...]
Compiling architecture synth of entity fir_compiler_v7_2_16.calc [\calc(c_xdevicefamily="virtexupl...]
Compiling architecture synth of entity fir_compiler_v7_2_16.addsub_mult_add [\addsub_mult_add(c_xdevicefamily...]
Compiling architecture synth of entity fir_compiler_v7_2_16.calc [\calc(c_xdevicefamily="virtexupl...]
Compiling architecture synth of entity fir_compiler_v7_2_16.addsub_mult_add [\addsub_mult_add(c_xdevicefamily...]
Compiling architecture synth of entity fir_compiler_v7_2_16.calc [\calc(c_xdevicefamily="virtexupl...]
Compiling architecture synth of entity fir_compiler_v7_2_16.addsub_mult_add [\addsub_mult_add(c_xdevicefamily...]
Compiling architecture synth of entity fir_compiler_v7_2_16.calc [\calc(c_xdevicefamily="virtexupl...]
Compiling architecture synth of entity fir_compiler_v7_2_16.addsub_mult_add [\addsub_mult_add(c_xdevicefamily...]
Compiling architecture synth of entity fir_compiler_v7_2_16.calc [\calc(c_xdevicefamily="virtexupl...]
Compiling architecture synth of entity fir_compiler_v7_2_16.addsub_mult_add [\addsub_mult_add(c_xdevicefamily...]
Compiling architecture synth of entity fir_compiler_v7_2_16.calc [\calc(c_xdevicefamily="virtexupl...]
Compiling architecture synth of entity fir_compiler_v7_2_16.addsub_mult_add [\addsub_mult_add(c_xdevicefamily...]
Compiling architecture synth of entity fir_compiler_v7_2_16.calc [\calc(c_xdevicefamily="virtexupl...]
Compiling architecture synth of entity fir_compiler_v7_2_16.addsub_mult_add [\addsub_mult_add(c_xdevicefamily...]
Compiling architecture synth of entity fir_compiler_v7_2_16.calc [\calc(c_xdevicefamily="virtexupl...]
Compiling architecture synth of entity fir_compiler_v7_2_16.addsub_mult_add [\addsub_mult_add(c_xdevicefamily...]
Compiling architecture synth of entity fir_compiler_v7_2_16.calc [\calc(c_xdevicefamily="virtexupl...]
Compiling architecture synth of entity fir_compiler_v7_2_16.addsub_mult_add [\addsub_mult_add(c_xdevicefamily...]
Compiling architecture synth of entity fir_compiler_v7_2_16.calc [\calc(c_xdevicefamily="virtexupl...]
Compiling architecture synth of entity fir_compiler_v7_2_16.addsub_mult_add [\addsub_mult_add(c_xdevicefamily...]
Compiling architecture synth of entity fir_compiler_v7_2_16.calc [\calc(c_xdevicefamily="virtexupl...]
Compiling architecture synth of entity fir_compiler_v7_2_16.addsub_mult_add [\addsub_mult_add(c_xdevicefamily...]
Compiling architecture synth of entity fir_compiler_v7_2_16.calc [\calc(c_xdevicefamily="virtexupl...]
Compiling architecture synth of entity fir_compiler_v7_2_16.addsub_mult_add [\addsub_mult_add(c_xdevicefamily...]
Compiling architecture synth of entity fir_compiler_v7_2_16.calc [\calc(c_xdevicefamily="virtexupl...]
Compiling architecture synth of entity fir_compiler_v7_2_16.addsub_mult_add [\addsub_mult_add(c_xdevicefamily...]
Compiling architecture synth of entity fir_compiler_v7_2_16.calc [\calc(c_xdevicefamily="virtexupl...]
Compiling architecture synth of entity fir_compiler_v7_2_16.addsub_mult_add [\addsub_mult_add(c_xdevicefamily...]
Compiling architecture synth of entity fir_compiler_v7_2_16.calc [\calc(c_xdevicefamily="virtexupl...]
Compiling architecture synth of entity fir_compiler_v7_2_16.addsub_mult_add [\addsub_mult_add(c_xdevicefamily...]
Compiling architecture synth of entity fir_compiler_v7_2_16.calc [\calc(c_xdevicefamily="virtexupl...]
Compiling architecture synth of entity fir_compiler_v7_2_16.addsub_mult_add [\addsub_mult_add(c_xdevicefamily...]
Compiling architecture synth of entity fir_compiler_v7_2_16.calc [\calc(c_xdevicefamily="virtexupl...]
Compiling architecture synth of entity fir_compiler_v7_2_16.addsub_mult_add [\addsub_mult_add(c_xdevicefamily...]
Compiling architecture synth of entity fir_compiler_v7_2_16.calc [\calc(c_xdevicefamily="virtexupl...]
Compiling architecture synth of entity fir_compiler_v7_2_16.addsub_mult_add [\addsub_mult_add(c_xdevicefamily...]
Compiling architecture synth of entity fir_compiler_v7_2_16.calc [\calc(c_xdevicefamily="virtexupl...]
Compiling architecture synth of entity fir_compiler_v7_2_16.addsub_mult_add [\addsub_mult_add(c_xdevicefamily...]
Compiling architecture synth of entity fir_compiler_v7_2_16.calc [\calc(c_xdevicefamily="virtexupl...]
Compiling architecture synth of entity fir_compiler_v7_2_16.addsub_mult_add [\addsub_mult_add(c_xdevicefamily...]
Compiling architecture synth of entity fir_compiler_v7_2_16.calc [\calc(c_xdevicefamily="virtexupl...]
Compiling architecture synth of entity fir_compiler_v7_2_16.addsub_mult_add [\addsub_mult_add(c_xdevicefamily...]
Compiling architecture synth of entity fir_compiler_v7_2_16.calc [\calc(c_xdevicefamily="virtexupl...]
Compiling architecture synth of entity fir_compiler_v7_2_16.addsub_mult_add [\addsub_mult_add(c_xdevicefamily...]
Compiling architecture synth of entity fir_compiler_v7_2_16.calc [\calc(c_xdevicefamily="virtexupl...]
Compiling architecture synth of entity fir_compiler_v7_2_16.addsub_mult_add [\addsub_mult_add(c_xdevicefamily...]
Compiling architecture synth of entity fir_compiler_v7_2_16.delay [\delay(c_delay_len=1,c_xdevicefa...]
Compiling architecture synth of entity fir_compiler_v7_2_16.delay [\delay(c_delay_len=8,c_xdevicefa...]
Compiling architecture xilinx of entity axi_utils_v2_0_6.glb_srl_fifo [\glb_srl_fifo(width=272,has_uvpr...]
Compiling architecture xilinx of entity axi_utils_v2_0_6.glb_ifx_master [\glb_ifx_master(width=272)\]
Compiling architecture synth of entity fir_compiler_v7_2_16.polyphase_interpolation_sym_ssr [\polyphase_interpolation_sym_ssr...]
Compiling architecture synth of entity fir_compiler_v7_2_16.fir_compiler_v7_2_16_viv [\fir_compiler_v7_2_16_viv(c_xdev...]
Compiling architecture xilinx of entity fir_compiler_v7_2_16.fir_compiler_v7_2_16 [\fir_compiler_v7_2_16(c_xdevicef...]
Compiling architecture t07_g3_up15_arch of entity xil_defaultlib.t07_g3_up15 [t07_g3_up15_default]
Compiling module xil_defaultlib.sfo_fir_up15_default
Compiling architecture xilinx of entity mult_gen_v12_0_17.op_resize [\op_resize(ai_width=17,bi_width=...]
Compiling architecture xilinx of entity mult_gen_v12_0_17.dsp [\dsp(c_xdevicefamily="virtexuplu...]
Compiling architecture xilinx of entity mult_gen_v12_0_17.mult_gen_v12_0_17_viv [\mult_gen_v12_0_17_viv(c_verbosi...]
Compiling architecture xilinx of entity mult_gen_v12_0_17.mult_gen_v12_0_17 [\mult_gen_v12_0_17(c_xdevicefami...]
Compiling architecture farrow_mul_t16_arch of entity xil_defaultlib.farrow_mul_t16 [farrow_mul_t16_default]
Compiling architecture structural of entity c_reg_fd_v12_0_6.c_reg_fd_v12_0_6_viv [\c_reg_fd_v12_0_6_viv(c_width=18...]
Compiling architecture rtl of entity c_addsub_v12_0_14.c_addsub_v12_0_14_lut6_legacy [\c_addsub_v12_0_14_lut6_legacy(c...]
Compiling architecture synth of entity c_addsub_v12_0_14.c_addsub_v12_0_14_fabric_legacy [\c_addsub_v12_0_14_fabric_legacy...]
Compiling architecture synth of entity c_addsub_v12_0_14.c_addsub_v12_0_14_legacy [\c_addsub_v12_0_14_legacy(c_fami...]
Compiling architecture synth of entity c_addsub_v12_0_14.c_addsub_v12_0_14_viv [\c_addsub_v12_0_14_viv(c_xdevice...]
Compiling architecture xilinx of entity c_addsub_v12_0_14.c_addsub_v12_0_14 [\c_addsub_v12_0_14(c_xdevicefami...]
Compiling architecture farrow_add_18_arch of entity xil_defaultlib.farrow_add_18 [farrow_add_18_default]
Compiling module xil_defaultlib.sfo_farrow_add_default
Compiling architecture structural of entity c_reg_fd_v12_0_6.c_reg_fd_v12_0_6_viv [\c_reg_fd_v12_0_6_viv(c_width=32...]
Compiling architecture rtl of entity c_addsub_v12_0_14.c_addsub_v12_0_14_lut6_legacy [\c_addsub_v12_0_14_lut6_legacy(c...]
Compiling architecture synth of entity c_addsub_v12_0_14.c_addsub_v12_0_14_fabric_legacy [\c_addsub_v12_0_14_fabric_legacy...]
Compiling architecture synth of entity c_addsub_v12_0_14.c_addsub_v12_0_14_legacy [\c_addsub_v12_0_14_legacy(c_fami...]
Compiling architecture synth of entity c_addsub_v12_0_14.c_addsub_v12_0_14_viv [\c_addsub_v12_0_14_viv(c_xdevice...]
Compiling architecture xilinx of entity c_addsub_v12_0_14.c_addsub_v12_0_14 [\c_addsub_v12_0_14(c_xdevicefami...]
Compiling architecture farrow_add_32_arch of entity xil_defaultlib.farrow_add_32 [farrow_add_32_default]
Compiling module xil_defaultlib.sfo_farrow_add(W=32)
Compiling architecture structural of entity c_reg_fd_v12_0_6.c_reg_fd_v12_0_6_viv [\c_reg_fd_v12_0_6_viv(c_width=28...]
Compiling architecture rtl of entity c_addsub_v12_0_14.c_addsub_v12_0_14_lut6_legacy [\c_addsub_v12_0_14_lut6_legacy(c...]
Compiling architecture synth of entity c_addsub_v12_0_14.c_addsub_v12_0_14_fabric_legacy [\c_addsub_v12_0_14_fabric_legacy...]
Compiling architecture synth of entity c_addsub_v12_0_14.c_addsub_v12_0_14_legacy [\c_addsub_v12_0_14_legacy(c_fami...]
Compiling architecture synth of entity c_addsub_v12_0_14.c_addsub_v12_0_14_viv [\c_addsub_v12_0_14_viv(c_xdevice...]
Compiling architecture xilinx of entity c_addsub_v12_0_14.c_addsub_v12_0_14 [\c_addsub_v12_0_14(c_xdevicefami...]
Compiling architecture farrow_add_28_arch of entity xil_defaultlib.farrow_add_28 [farrow_add_28_default]
Compiling module xil_defaultlib.sfo_farrow_add(W=28)
Compiling architecture xilinx of entity mult_gen_v12_0_17.op_resize [\op_resize(ai_width=19,bi_width=...]
Compiling architecture xilinx of entity mult_gen_v12_0_17.dsp [\dsp(c_xdevicefamily="virtexuplu...]
Compiling architecture xilinx of entity mult_gen_v12_0_17.mult_gen_v12_0_17_viv [\mult_gen_v12_0_17_viv(c_verbosi...]
Compiling architecture xilinx of entity mult_gen_v12_0_17.mult_gen_v12_0_17 [\mult_gen_v12_0_17(c_xdevicefami...]
Compiling architecture farrow_mul_h16_arch of entity xil_defaultlib.farrow_mul_h16 [farrow_mul_h16_default]
Compiling module xil_defaultlib.sfo_farrow_horner_default
Compiling module xil_defaultlib.sfo_farrow_real_default
Compiling module xil_defaultlib.sfo_farrow_parallel_default
Compiling module xil_defaultlib.sfo_guarded_farrow_stream(NOMINA...
Compiling architecture xilinx of entity axi_utils_v2_0_6.glb_srl_fifo [\glb_srl_fifo(width=256,has_ifx=...]
Compiling architecture xilinx of entity axi_utils_v2_0_6.glb_ifx_slave [\glb_ifx_slave(width=256,has_ifx...]
Compiling architecture synth of entity fir_compiler_v7_2_16.cntrl_delay [\cntrl_delay(c_delay_len=0,c_mem...]
Compiling architecture synth of entity fir_compiler_v7_2_16.sp_mem [\sp_mem(c_xdevicefamily="virtexu...]
Compiling architecture synth of entity fir_compiler_v7_2_16.filt_mem [\filt_mem(c_xdevicefamily="virte...]
Compiling architecture synth of entity fir_compiler_v7_2_16.sp_mem [\sp_mem(c_xdevicefamily="virtexu...]
Compiling architecture synth of entity fir_compiler_v7_2_16.sp_mem [\sp_mem(c_xdevicefamily="virtexu...]
Compiling architecture synth of entity fir_compiler_v7_2_16.filt_mem [\filt_mem(c_xdevicefamily="virte...]
Compiling architecture synth of entity fir_compiler_v7_2_16.sp_mem [\sp_mem(c_xdevicefamily="virtexu...]
Compiling architecture synth of entity fir_compiler_v7_2_16.filt_mem [\filt_mem(c_xdevicefamily="virte...]
Compiling architecture synth of entity fir_compiler_v7_2_16.sp_mem [\sp_mem(c_xdevicefamily="virtexu...]
Compiling architecture synth of entity fir_compiler_v7_2_16.filt_mem [\filt_mem(c_xdevicefamily="virte...]
Compiling architecture synth of entity fir_compiler_v7_2_16.delay [\delay(c_delay_len=0,c_xdevicefa...]
Compiling architecture dsp48e2_v of entity unisim.DSP48E2 [\DSP48E2(amultsel="AD",mask="111...]
Compiling architecture synth of entity fir_compiler_v7_2_16.calc [\calc(c_xdevicefamily="virtexupl...]
Compiling architecture synth of entity fir_compiler_v7_2_16.addsub_mult_add [\addsub_mult_add(c_xdevicefamily...]
Compiling architecture dsp48e2_v of entity unisim.DSP48E2 [\DSP48E2(amultsel="AD",mask="111...]
Compiling architecture synth of entity fir_compiler_v7_2_16.calc [\calc(c_xdevicefamily="virtexupl...]
Compiling architecture synth of entity fir_compiler_v7_2_16.addsub_mult_add [\addsub_mult_add(c_xdevicefamily...]
Compiling architecture synth of entity fir_compiler_v7_2_16.calc [\calc(c_xdevicefamily="virtexupl...]
Compiling architecture synth of entity fir_compiler_v7_2_16.addsub_mult_add [\addsub_mult_add(c_xdevicefamily...]
Compiling architecture synth of entity fir_compiler_v7_2_16.calc [\calc(c_xdevicefamily="virtexupl...]
Compiling architecture synth of entity fir_compiler_v7_2_16.addsub_mult_add [\addsub_mult_add(c_xdevicefamily...]
Compiling architecture synth of entity fir_compiler_v7_2_16.calc [\calc(c_xdevicefamily="virtexupl...]
Compiling architecture synth of entity fir_compiler_v7_2_16.addsub_mult_add [\addsub_mult_add(c_xdevicefamily...]
Compiling architecture synth of entity fir_compiler_v7_2_16.calc [\calc(c_xdevicefamily="virtexupl...]
Compiling architecture synth of entity fir_compiler_v7_2_16.addsub_mult_add [\addsub_mult_add(c_xdevicefamily...]
Compiling architecture synth of entity fir_compiler_v7_2_16.calc [\calc(c_xdevicefamily="virtexupl...]
Compiling architecture synth of entity fir_compiler_v7_2_16.addsub_mult_add [\addsub_mult_add(c_xdevicefamily...]
Compiling architecture synth of entity fir_compiler_v7_2_16.calc [\calc(c_xdevicefamily="virtexupl...]
Compiling architecture synth of entity fir_compiler_v7_2_16.addsub_mult_add [\addsub_mult_add(c_xdevicefamily...]
Compiling architecture synth of entity fir_compiler_v7_2_16.delay [\delay(c_delay_len=2,c_xdevicefa...]
Compiling architecture synth of entity fir_compiler_v7_2_16.buff [\buff(c_xdevicefamily="virtexupl...]
Compiling architecture synth of entity fir_compiler_v7_2_16.calc [\calc(c_xdevicefamily="virtexupl...]
Compiling architecture synth of entity fir_compiler_v7_2_16.addsub_mult_add [\addsub_mult_add(c_xdevicefamily...]
Compiling architecture synth of entity fir_compiler_v7_2_16.calc [\calc(c_xdevicefamily="virtexupl...]
Compiling architecture synth of entity fir_compiler_v7_2_16.addsub_mult_add [\addsub_mult_add(c_xdevicefamily...]
Compiling architecture synth of entity fir_compiler_v7_2_16.calc [\calc(c_xdevicefamily="virtexupl...]
Compiling architecture synth of entity fir_compiler_v7_2_16.addsub_mult_add [\addsub_mult_add(c_xdevicefamily...]
Compiling architecture synth of entity fir_compiler_v7_2_16.calc [\calc(c_xdevicefamily="virtexupl...]
Compiling architecture synth of entity fir_compiler_v7_2_16.addsub_mult_add [\addsub_mult_add(c_xdevicefamily...]
Compiling architecture synth of entity fir_compiler_v7_2_16.calc [\calc(c_xdevicefamily="virtexupl...]
Compiling architecture synth of entity fir_compiler_v7_2_16.addsub_mult_add [\addsub_mult_add(c_xdevicefamily...]
Compiling architecture synth of entity fir_compiler_v7_2_16.calc [\calc(c_xdevicefamily="virtexupl...]
Compiling architecture synth of entity fir_compiler_v7_2_16.addsub_mult_add [\addsub_mult_add(c_xdevicefamily...]
Compiling architecture synth of entity fir_compiler_v7_2_16.calc [\calc(c_xdevicefamily="virtexupl...]
Compiling architecture synth of entity fir_compiler_v7_2_16.addsub_mult_add [\addsub_mult_add(c_xdevicefamily...]
Compiling architecture synth of entity fir_compiler_v7_2_16.calc [\calc(c_xdevicefamily="virtexupl...]
Compiling architecture synth of entity fir_compiler_v7_2_16.addsub_mult_add [\addsub_mult_add(c_xdevicefamily...]
Compiling architecture synth of entity fir_compiler_v7_2_16.calc [\calc(c_xdevicefamily="virtexupl...]
Compiling architecture synth of entity fir_compiler_v7_2_16.addsub_mult_add [\addsub_mult_add(c_xdevicefamily...]
Compiling architecture synth of entity fir_compiler_v7_2_16.calc [\calc(c_xdevicefamily="virtexupl...]
Compiling architecture synth of entity fir_compiler_v7_2_16.addsub_mult_add [\addsub_mult_add(c_xdevicefamily...]
Compiling architecture synth of entity fir_compiler_v7_2_16.calc [\calc(c_xdevicefamily="virtexupl...]
Compiling architecture synth of entity fir_compiler_v7_2_16.addsub_mult_add [\addsub_mult_add(c_xdevicefamily...]
Compiling architecture synth of entity fir_compiler_v7_2_16.calc [\calc(c_xdevicefamily="virtexupl...]
Compiling architecture synth of entity fir_compiler_v7_2_16.addsub_mult_add [\addsub_mult_add(c_xdevicefamily...]
Compiling architecture synth of entity fir_compiler_v7_2_16.calc [\calc(c_xdevicefamily="virtexupl...]
Compiling architecture synth of entity fir_compiler_v7_2_16.addsub_mult_add [\addsub_mult_add(c_xdevicefamily...]
Compiling architecture synth of entity fir_compiler_v7_2_16.calc [\calc(c_xdevicefamily="virtexupl...]
Compiling architecture synth of entity fir_compiler_v7_2_16.addsub_mult_add [\addsub_mult_add(c_xdevicefamily...]
Compiling architecture synth of entity fir_compiler_v7_2_16.calc [\calc(c_xdevicefamily="virtexupl...]
Compiling architecture synth of entity fir_compiler_v7_2_16.addsub_mult_add [\addsub_mult_add(c_xdevicefamily...]
Compiling architecture synth of entity fir_compiler_v7_2_16.calc [\calc(c_xdevicefamily="virtexupl...]
Compiling architecture synth of entity fir_compiler_v7_2_16.addsub_mult_add [\addsub_mult_add(c_xdevicefamily...]
Compiling architecture synth of entity fir_compiler_v7_2_16.calc [\calc(c_xdevicefamily="virtexupl...]
Compiling architecture synth of entity fir_compiler_v7_2_16.addsub_mult_add [\addsub_mult_add(c_xdevicefamily...]
Compiling architecture synth of entity fir_compiler_v7_2_16.calc [\calc(c_xdevicefamily="virtexupl...]
Compiling architecture synth of entity fir_compiler_v7_2_16.addsub_mult_add [\addsub_mult_add(c_xdevicefamily...]
Compiling architecture synth of entity fir_compiler_v7_2_16.calc [\calc(c_xdevicefamily="virtexupl...]
Compiling architecture synth of entity fir_compiler_v7_2_16.addsub_mult_add [\addsub_mult_add(c_xdevicefamily...]
Compiling architecture synth of entity fir_compiler_v7_2_16.calc [\calc(c_xdevicefamily="virtexupl...]
Compiling architecture synth of entity fir_compiler_v7_2_16.addsub_mult_add [\addsub_mult_add(c_xdevicefamily...]
Compiling architecture synth of entity fir_compiler_v7_2_16.calc [\calc(c_xdevicefamily="virtexupl...]
Compiling architecture synth of entity fir_compiler_v7_2_16.addsub_mult_add [\addsub_mult_add(c_xdevicefamily...]
Compiling architecture synth of entity fir_compiler_v7_2_16.calc [\calc(c_xdevicefamily="virtexupl...]
Compiling architecture synth of entity fir_compiler_v7_2_16.addsub_mult_add [\addsub_mult_add(c_xdevicefamily...]
Compiling architecture synth of entity fir_compiler_v7_2_16.calc [\calc(c_xdevicefamily="virtexupl...]
Compiling architecture synth of entity fir_compiler_v7_2_16.addsub_mult_add [\addsub_mult_add(c_xdevicefamily...]
Compiling architecture synth of entity fir_compiler_v7_2_16.calc [\calc(c_xdevicefamily="virtexupl...]
Compiling architecture synth of entity fir_compiler_v7_2_16.addsub_mult_add [\addsub_mult_add(c_xdevicefamily...]
Compiling architecture synth of entity fir_compiler_v7_2_16.calc [\calc(c_xdevicefamily="virtexupl...]
Compiling architecture synth of entity fir_compiler_v7_2_16.addsub_mult_add [\addsub_mult_add(c_xdevicefamily...]
Compiling architecture synth of entity fir_compiler_v7_2_16.calc [\calc(c_xdevicefamily="virtexupl...]
Compiling architecture synth of entity fir_compiler_v7_2_16.addsub_mult_add [\addsub_mult_add(c_xdevicefamily...]
Compiling architecture synth of entity fir_compiler_v7_2_16.calc [\calc(c_xdevicefamily="virtexupl...]
Compiling architecture synth of entity fir_compiler_v7_2_16.addsub_mult_add [\addsub_mult_add(c_xdevicefamily...]
Compiling architecture synth of entity fir_compiler_v7_2_16.calc [\calc(c_xdevicefamily="virtexupl...]
Compiling architecture synth of entity fir_compiler_v7_2_16.addsub_mult_add [\addsub_mult_add(c_xdevicefamily...]
Compiling architecture synth of entity fir_compiler_v7_2_16.calc [\calc(c_xdevicefamily="virtexupl...]
Compiling architecture synth of entity fir_compiler_v7_2_16.addsub_mult_add [\addsub_mult_add(c_xdevicefamily...]
Compiling architecture synth of entity fir_compiler_v7_2_16.calc [\calc(c_xdevicefamily="virtexupl...]
Compiling architecture synth of entity fir_compiler_v7_2_16.addsub_mult_add [\addsub_mult_add(c_xdevicefamily...]
Compiling architecture synth of entity fir_compiler_v7_2_16.calc [\calc(c_xdevicefamily="virtexupl...]
Compiling architecture synth of entity fir_compiler_v7_2_16.addsub_mult_add [\addsub_mult_add(c_xdevicefamily...]
Compiling architecture synth of entity fir_compiler_v7_2_16.calc [\calc(c_xdevicefamily="virtexupl...]
Compiling architecture synth of entity fir_compiler_v7_2_16.addsub_mult_add [\addsub_mult_add(c_xdevicefamily...]
Compiling architecture synth of entity fir_compiler_v7_2_16.calc [\calc(c_xdevicefamily="virtexupl...]
Compiling architecture synth of entity fir_compiler_v7_2_16.addsub_mult_add [\addsub_mult_add(c_xdevicefamily...]
Compiling architecture synth of entity fir_compiler_v7_2_16.calc [\calc(c_xdevicefamily="virtexupl...]
Compiling architecture synth of entity fir_compiler_v7_2_16.addsub_mult_add [\addsub_mult_add(c_xdevicefamily...]
Compiling architecture synth of entity fir_compiler_v7_2_16.calc [\calc(c_xdevicefamily="virtexupl...]
Compiling architecture synth of entity fir_compiler_v7_2_16.addsub_mult_add [\addsub_mult_add(c_xdevicefamily...]
Compiling architecture synth of entity fir_compiler_v7_2_16.calc [\calc(c_xdevicefamily="virtexupl...]
Compiling architecture synth of entity fir_compiler_v7_2_16.addsub_mult_add [\addsub_mult_add(c_xdevicefamily...]
Compiling architecture synth of entity fir_compiler_v7_2_16.calc [\calc(c_xdevicefamily="virtexupl...]
Compiling architecture synth of entity fir_compiler_v7_2_16.addsub_mult_add [\addsub_mult_add(c_xdevicefamily...]
Compiling architecture synth of entity fir_compiler_v7_2_16.calc [\calc(c_xdevicefamily="virtexupl...]
Compiling architecture synth of entity fir_compiler_v7_2_16.addsub_mult_add [\addsub_mult_add(c_xdevicefamily...]
Compiling architecture synth of entity fir_compiler_v7_2_16.calc [\calc(c_xdevicefamily="virtexupl...]
Compiling architecture synth of entity fir_compiler_v7_2_16.addsub_mult_add [\addsub_mult_add(c_xdevicefamily...]
Compiling architecture synth of entity fir_compiler_v7_2_16.calc [\calc(c_xdevicefamily="virtexupl...]
Compiling architecture synth of entity fir_compiler_v7_2_16.addsub_mult_add [\addsub_mult_add(c_xdevicefamily...]
Compiling architecture synth of entity fir_compiler_v7_2_16.calc [\calc(c_xdevicefamily="virtexupl...]
Compiling architecture synth of entity fir_compiler_v7_2_16.addsub_mult_add [\addsub_mult_add(c_xdevicefamily...]
Compiling architecture synth of entity fir_compiler_v7_2_16.calc [\calc(c_xdevicefamily="virtexupl...]
Compiling architecture synth of entity fir_compiler_v7_2_16.addsub_mult_add [\addsub_mult_add(c_xdevicefamily...]
Compiling architecture synth of entity fir_compiler_v7_2_16.calc [\calc(c_xdevicefamily="virtexupl...]
Compiling architecture synth of entity fir_compiler_v7_2_16.addsub_mult_add [\addsub_mult_add(c_xdevicefamily...]
Compiling architecture synth of entity fir_compiler_v7_2_16.calc [\calc(c_xdevicefamily="virtexupl...]
Compiling architecture synth of entity fir_compiler_v7_2_16.addsub_mult_add [\addsub_mult_add(c_xdevicefamily...]
Compiling architecture synth of entity fir_compiler_v7_2_16.calc [\calc(c_xdevicefamily="virtexupl...]
Compiling architecture synth of entity fir_compiler_v7_2_16.addsub_mult_add [\addsub_mult_add(c_xdevicefamily...]
Compiling architecture synth of entity fir_compiler_v7_2_16.calc [\calc(c_xdevicefamily="virtexupl...]
Compiling architecture synth of entity fir_compiler_v7_2_16.addsub_mult_add [\addsub_mult_add(c_xdevicefamily...]
Compiling architecture synth of entity fir_compiler_v7_2_16.calc [\calc(c_xdevicefamily="virtexupl...]
Compiling architecture synth of entity fir_compiler_v7_2_16.addsub_mult_add [\addsub_mult_add(c_xdevicefamily...]
Compiling architecture synth of entity fir_compiler_v7_2_16.calc [\calc(c_xdevicefamily="virtexupl...]
Compiling architecture synth of entity fir_compiler_v7_2_16.addsub_mult_add [\addsub_mult_add(c_xdevicefamily...]
Compiling architecture synth of entity fir_compiler_v7_2_16.calc [\calc(c_xdevicefamily="virtexupl...]
Compiling architecture synth of entity fir_compiler_v7_2_16.addsub_mult_add [\addsub_mult_add(c_xdevicefamily...]
Compiling architecture synth of entity fir_compiler_v7_2_16.calc [\calc(c_xdevicefamily="virtexupl...]
Compiling architecture synth of entity fir_compiler_v7_2_16.addsub_mult_add [\addsub_mult_add(c_xdevicefamily...]
Compiling architecture synth of entity fir_compiler_v7_2_16.calc [\calc(c_xdevicefamily="virtexupl...]
Compiling architecture synth of entity fir_compiler_v7_2_16.addsub_mult_add [\addsub_mult_add(c_xdevicefamily...]
Compiling architecture synth of entity fir_compiler_v7_2_16.calc [\calc(c_xdevicefamily="virtexupl...]
Compiling architecture synth of entity fir_compiler_v7_2_16.addsub_mult_add [\addsub_mult_add(c_xdevicefamily...]
Compiling architecture synth of entity fir_compiler_v7_2_16.calc [\calc(c_xdevicefamily="virtexupl...]
Compiling architecture synth of entity fir_compiler_v7_2_16.addsub_mult_add [\addsub_mult_add(c_xdevicefamily...]
Compiling architecture synth of entity fir_compiler_v7_2_16.calc [\calc(c_xdevicefamily="virtexupl...]
Compiling architecture synth of entity fir_compiler_v7_2_16.addsub_mult_add [\addsub_mult_add(c_xdevicefamily...]
Compiling architecture synth of entity fir_compiler_v7_2_16.calc [\calc(c_xdevicefamily="virtexupl...]
Compiling architecture synth of entity fir_compiler_v7_2_16.addsub_mult_add [\addsub_mult_add(c_xdevicefamily...]
Compiling architecture synth of entity fir_compiler_v7_2_16.calc [\calc(c_xdevicefamily="virtexupl...]
Compiling architecture synth of entity fir_compiler_v7_2_16.addsub_mult_add [\addsub_mult_add(c_xdevicefamily...]
Compiling architecture synth of entity fir_compiler_v7_2_16.delay [\delay(c_delay_len=1,c_xdevicefa...]
Compiling architecture synth of entity fir_compiler_v7_2_16.delay [\delay(c_delay_len=12,c_xdevicef...]
Compiling architecture xilinx of entity axi_utils_v2_0_6.glb_srl_fifo [\glb_srl_fifo(width=136,has_uvpr...]
Compiling architecture xilinx of entity axi_utils_v2_0_6.glb_ifx_master [\glb_ifx_master(width=136)\]
Compiling architecture synth of entity fir_compiler_v7_2_16.single_rate [\single_rate(c_xdevicefamily="vi...]
Compiling architecture synth of entity fir_compiler_v7_2_16.fir_compiler_v7_2_16_viv [\fir_compiler_v7_2_16_viv(c_xdev...]
Compiling architecture xilinx of entity fir_compiler_v7_2_16.fir_compiler_v7_2_16 [\fir_compiler_v7_2_16(c_xdevicef...]
Compiling architecture t07_g3_down15_arch of entity xil_defaultlib.t07_g3_down15 [t07_g3_down15_default]
Compiling module xil_defaultlib.sfo_fir_down15_default
Compiling architecture synth of entity fir_compiler_v7_2_16.filt_mem [\filt_mem(c_xdevicefamily="virte...]
Compiling architecture synth of entity fir_compiler_v7_2_16.sp_mem [\sp_mem(c_xdevicefamily="virtexu...]
Compiling architecture synth of entity fir_compiler_v7_2_16.filt_mem [\filt_mem(c_xdevicefamily="virte...]
Compiling architecture synth of entity fir_compiler_v7_2_16.sp_mem [\sp_mem(c_xdevicefamily="virtexu...]
Compiling architecture synth of entity fir_compiler_v7_2_16.filt_mem [\filt_mem(c_xdevicefamily="virte...]
Compiling architecture synth of entity fir_compiler_v7_2_16.sp_mem [\sp_mem(c_xdevicefamily="virtexu...]
Compiling architecture synth of entity fir_compiler_v7_2_16.sp_mem [\sp_mem(c_xdevicefamily="virtexu...]
Compiling architecture synth of entity fir_compiler_v7_2_16.filt_mem [\filt_mem(c_xdevicefamily="virte...]
Compiling architecture synth of entity fir_compiler_v7_2_16.sp_mem [\sp_mem(c_xdevicefamily="virtexu...]
Compiling architecture synth of entity fir_compiler_v7_2_16.sp_mem [\sp_mem(c_xdevicefamily="virtexu...]
Compiling architecture synth of entity fir_compiler_v7_2_16.filt_mem [\filt_mem(c_xdevicefamily="virte...]
Compiling architecture synth of entity fir_compiler_v7_2_16.sp_mem [\sp_mem(c_xdevicefamily="virtexu...]
Compiling architecture synth of entity fir_compiler_v7_2_16.sp_mem [\sp_mem(c_xdevicefamily="virtexu...]
Compiling architecture synth of entity fir_compiler_v7_2_16.filt_mem [\filt_mem(c_xdevicefamily="virte...]
Compiling architecture synth of entity fir_compiler_v7_2_16.sp_mem [\sp_mem(c_xdevicefamily="virtexu...]
Compiling architecture synth of entity fir_compiler_v7_2_16.filt_mem [\filt_mem(c_xdevicefamily="virte...]
Compiling architecture synth of entity fir_compiler_v7_2_16.sp_mem [\sp_mem(c_xdevicefamily="virtexu...]
Compiling architecture synth of entity fir_compiler_v7_2_16.filt_mem [\filt_mem(c_xdevicefamily="virte...]
Compiling architecture synth of entity fir_compiler_v7_2_16.sp_mem [\sp_mem(c_xdevicefamily="virtexu...]
Compiling architecture synth of entity fir_compiler_v7_2_16.filt_mem [\filt_mem(c_xdevicefamily="virte...]
Compiling architecture synth of entity fir_compiler_v7_2_16.sp_mem [\sp_mem(c_xdevicefamily="virtexu...]
Compiling architecture synth of entity fir_compiler_v7_2_16.filt_mem [\filt_mem(c_xdevicefamily="virte...]
Compiling architecture synth of entity fir_compiler_v7_2_16.sp_mem [\sp_mem(c_xdevicefamily="virtexu...]
Compiling architecture synth of entity fir_compiler_v7_2_16.filt_mem [\filt_mem(c_xdevicefamily="virte...]
Compiling architecture synth of entity fir_compiler_v7_2_16.sp_mem [\sp_mem(c_xdevicefamily="virtexu...]
Compiling architecture synth of entity fir_compiler_v7_2_16.filt_mem [\filt_mem(c_xdevicefamily="virte...]
Compiling architecture synth of entity fir_compiler_v7_2_16.delay [\delay(c_delay_len=23,c_xdevicef...]
Compiling architecture synth of entity fir_compiler_v7_2_16.delay [\delay(c_delay_len=22,c_xdevicef...]
Compiling architecture synth of entity fir_compiler_v7_2_16.delay [\delay(c_delay_len=21,c_xdevicef...]
Compiling architecture synth of entity fir_compiler_v7_2_16.delay [\delay(c_delay_len=20,c_xdevicef...]
Compiling architecture synth of entity fir_compiler_v7_2_16.delay [\delay(c_delay_len=19,c_xdevicef...]
Compiling architecture synth of entity fir_compiler_v7_2_16.delay [\delay(c_delay_len=18,c_xdevicef...]
Compiling architecture synth of entity fir_compiler_v7_2_16.delay [\delay(c_delay_len=17,c_xdevicef...]
Compiling architecture synth of entity fir_compiler_v7_2_16.delay [\delay(c_delay_len=16,c_xdevicef...]
Compiling architecture synth of entity fir_compiler_v7_2_16.delay [\delay(c_delay_len=15,c_xdevicef...]
Compiling architecture synth of entity fir_compiler_v7_2_16.delay [\delay(c_delay_len=14,c_xdevicef...]
Compiling architecture synth of entity fir_compiler_v7_2_16.delay [\delay(c_delay_len=13,c_xdevicef...]
Compiling architecture synth of entity fir_compiler_v7_2_16.delay [\delay(c_delay_len=12,c_xdevicef...]
Compiling architecture synth of entity fir_compiler_v7_2_16.addsub_mult_add [\addsub_mult_add(c_xdevicefamily...]
Compiling architecture synth of entity fir_compiler_v7_2_16.calc [\calc(c_xdevicefamily="virtexupl...]
Compiling architecture synth of entity fir_compiler_v7_2_16.addsub_mult_add [\addsub_mult_add(c_xdevicefamily...]
Compiling architecture synth of entity fir_compiler_v7_2_16.addsub_mult_add [\addsub_mult_add(c_xdevicefamily...]
Compiling architecture synth of entity fir_compiler_v7_2_16.calc [\calc(c_xdevicefamily="virtexupl...]
Compiling architecture synth of entity fir_compiler_v7_2_16.addsub_mult_add [\addsub_mult_add(c_xdevicefamily...]
Compiling architecture synth of entity fir_compiler_v7_2_16.addsub_mult_add [\addsub_mult_add(c_xdevicefamily...]
Compiling architecture synth of entity fir_compiler_v7_2_16.addsub_mult_add [\addsub_mult_add(c_xdevicefamily...]
Compiling architecture synth of entity fir_compiler_v7_2_16.calc [\calc(c_xdevicefamily="virtexupl...]
Compiling architecture synth of entity fir_compiler_v7_2_16.addsub_mult_add [\addsub_mult_add(c_xdevicefamily...]
Compiling architecture synth of entity fir_compiler_v7_2_16.calc [\calc(c_xdevicefamily="virtexupl...]
Compiling architecture synth of entity fir_compiler_v7_2_16.addsub_mult_add [\addsub_mult_add(c_xdevicefamily...]
Compiling architecture synth of entity fir_compiler_v7_2_16.delay [\delay(c_delay_len=28,c_xdevicef...]
Compiling architecture xilinx of entity axi_utils_v2_0_6.glb_srl_fifo [\glb_srl_fifo(width=68,has_uvpro...]
Compiling architecture xilinx of entity axi_utils_v2_0_6.glb_ifx_master [\glb_ifx_master(width=68)\]
Compiling architecture synth of entity fir_compiler_v7_2_16.single_rate [\single_rate(c_xdevicefamily="vi...]
Compiling architecture synth of entity fir_compiler_v7_2_16.fir_compiler_v7_2_16_viv [\fir_compiler_v7_2_16_viv(c_xdev...]
Compiling architecture xilinx of entity fir_compiler_v7_2_16.fir_compiler_v7_2_16 [\fir_compiler_v7_2_16(c_xdevicef...]
Compiling architecture t07_g3_down47_arch of entity xil_defaultlib.t07_g3_down47 [t07_g3_down47_default]
Compiling module xil_defaultlib.sfo_fir_down47_default
Compiling module xil_defaultlib.sfo_guarded_resampling_core(NOMI...
Compiling module xil_defaultlib.sfo_nominal_pack4(SAMPLE_COUNT=3...
Compiling module xil_defaultlib.sfo_first_frame_scheduler(SAMPLE...
Compiling module xil_defaultlib.sfo_first_resampler_default
Compiling module xil_defaultlib.sfo_second_pass_descriptor_defau...
Compiling module xil_defaultlib.sfo_guarded_farrow_stream(NOMINA...
Compiling module xil_defaultlib.sfo_guarded_resampling_core(NOMI...
Compiling module xil_defaultlib.sfo_nominal_pack4(SAMPLE_COUNT=3...
Compiling module xil_defaultlib.sfo_first_frame_scheduler(SAMPLE...
Compiling module xil_defaultlib.sfo_second_resampler_default
Compiling module xil_defaultlib.xpm_memory_base(MEMORY_TYPE=1,ME...
Compiling module xil_defaultlib.xpm_memory_sdpram(MEMORY_SIZE=42...
Compiling module xil_defaultlib.sfo_uram_frame_bank(DEPTH_BEATS=...
Compiling module xil_defaultlib.sfo_intermediate_frame_bank
Compiling module xil_defaultlib.xpm_memory_base(MEMORY_TYPE=1,ME...
Compiling module xil_defaultlib.xpm_memory_sdpram(MEMORY_SIZE=83...
Compiling module xil_defaultlib.sfo_uram_frame_bank(DEPTH_BEATS=...
Compiling module xil_defaultlib.xpm_memory_base(MEMORY_TYPE=1,ME...
Compiling module xil_defaultlib.xpm_fifo_base(FIFO_MEMORY_TYPE=2...
Compiling module xil_defaultlib.xpm_fifo_sync(FIFO_MEMORY_TYPE="...
Compiling module xil_defaultlib.sfo_sync_fifo(WIDTH=32'b01000000...
Compiling module xil_defaultlib.sfo_output_buffer_default
Compiling module xil_defaultlib.sfo_two_pass_transport(OUTPUT_CL...
Compiling module xil_defaultlib.sync_sfo_top
Compiling module xil_defaultlib.sync_sfo_full_frame_tb
Compiling module xil_defaultlib.glbl
Built simulation snapshot sync_sfo_full_frame_tb_behav
