Frame,Index,Lane,Abs,Phase,I,Q
6003,0,0,5632,0,-1374,-2492
6003,0,1,5633,858993,543,683
6003,0,2,5634,1717986,-4109,-2438
6003,0,3,5635,2576979,-3975,-1514
6003,1,0,5636,3435972,1105,1474
6003,1,1,5637,4294965,913,920
6003,1,2,5638,5153958,-111,1310
6003,1,3,5639,6012951,-569,1011
6003,2,0,5640,6871944,-3025,-3360
6003,2,1,5641,7730937,-2313,-1563
6003,2,2,5642,8589930,973,3074
6003,2,3,5643,9448923,-3484,-2707
6003,3,0,5644,10307916,-6512,-2239
6003,3,1,5645,11166909,4928,4041
6003,3,2,5646,12025902,7510,-1745
6003,3,3,5647,12884895,-5340,-5348
6003,4,0,5648,13743888,-6115,-2244
6003,4,1,5649,14602881,2488,1980
6003,4,2,5650,15461874,1548,5531
6003,4,3,5651,16320867,-4051,1928
6003,5,0,5652,17179860,-1232,-2365
6003,5,1,5653,18038853,5692,-4787
6003,5,2,5654,18897846,3689,-2964
6003,5,3,5655,19756839,-2339,-69
6003,6,0,5656,20615832,-2401,10
6003,6,1,5657,21474825,143,3819
6003,6,2,5658,22333818,460,-3376
6003,6,3,5659,23192811,552,-5512
6003,7,0,5660,24051804,2719,6058
6003,7,1,5661,24910797,4666,-1997
6003,7,2,5662,25769790,3057,-2387
6003,7,3,5663,26628783,-710,5435
6003,8,0,5664,27487776,2680,-5318
6003,8,1,5665,28346769,8244,-3791
6003,8,2,5666,29205762,1801,42
6003,8,3,5667,30064755,-2578,-442
6003,9,0,5668,30923748,3189,4721
6003,9,1,5669,31782741,3372,-26
6003,9,2,5670,32641734,-3070,701
6003,9,3,5671,33500727,-6457,-1527
6003,10,0,5672,34359720,-2826,-5913
6003,10,1,5673,35218713,-1036,3462
6003,10,2,5674,36077706,-1683,-1700
6003,10,3,5675,36936699,3094,-5602
6003,11,0,5676,37795692,1839,229
6003,11,1,5677,38654685,-1463,-1654
6003,11,2,5678,39513678,141,5097
6003,11,3,5679,40372671,-1432,5908
6003,12,0,5680,41231664,1260,-1223
6003,12,1,5681,42090657,1011,-3568
6003,12,2,5682,42949650,-3748,-6379
6003,12,3,5683,43808643,-1162,367
6003,13,0,5684,44667636,-1167,456
6003,13,1,5685,45526629,-537,-3518
6003,13,2,5686,46385622,-3009,2021
6003,13,3,5687,47244615,-10127,-5830
6003,14,0,5688,48103608,-1823,-6785
6003,14,1,5689,48962601,3963,6606
6003,14,2,5690,49821594,-2017,4086
6003,14,3,5691,50680587,-2881,-3341
6003,15,0,5692,51539580,-955,-5003
6003,15,1,5693,52398573,385,-2541
6003,15,2,5694,53257566,-4521,2877
6003,15,3,5695,54116559,-3199,3181
6003,16,0,5696,54975552,6432,1011
6003,16,1,5697,55834545,1782,-2639
6003,16,2,5698,56693538,1773,-2980
6003,16,3,5699,57552531,4616,3089
6003,17,0,5700,58411524,-6528,1935
6003,17,1,5701,59270517,-5141,-2313
6003,17,2,5702,60129510,-2019,1467
6003,17,3,5703,60988503,-6900,651
6003,18,0,5704,61847496,-611,-3805
6003,18,1,5705,62706489,1882,1420
6003,18,2,5706,63565482,1975,-1320
6003,18,3,5707,64424475,4439,-11014
6003,19,0,5708,65283468,-4545,-3497
6003,19,1,5709,66142461,-7027,1005
6003,19,2,5710,67001454,826,-1034
6003,19,3,5711,67860447,1087,7097
6003,20,0,5712,68719440,-2558,1151
6003,20,1,5713,69578433,-4389,-7555
6003,20,2,5714,70437426,571,3560
6003,20,3,5715,71296419,7463,5120
6003,21,0,5716,72155412,4972,-3106
6003,21,1,5717,73014405,3355,-1555
6003,21,2,5718,73873398,2882,2026
6003,21,3,5719,74732391,-774,2252
6003,22,0,5720,75591384,1712,-1433
6003,22,1,5721,76450377,-779,-2592
6003,22,2,5722,77309370,-4372,2047
6003,22,3,5723,78168363,2435,1037
6003,23,0,5724,79027356,-2636,-990
6003,23,1,5725,79886349,-8486,4641
6003,23,2,5726,80745342,566,4263
6003,23,3,5727,81604335,728,-4690
6003,24,0,5728,82463328,-1624,-4162
6003,24,1,5729,83322321,512,2969
6003,24,2,5730,84181314,-2301,2346
6003,24,3,5731,85040307,-542,-1221
6003,25,0,5732,85899300,1248,-4500
6003,25,1,5733,86758293,-413,-3962
6003,25,2,5734,87617286,874,2570
6003,25,3,5735,88476279,-891,418
6003,26,0,5736,89335272,-4116,-3184
6003,26,1,5737,90194265,-1675,605
6003,26,2,5738,91053258,4573,-1381
6003,26,3,5739,91912251,4770,1754
6003,27,0,5740,92771244,2609,9286
6003,27,1,5741,93630237,2041,5671
6003,27,2,5742,94489230,-7446,1669
6003,27,3,5743,95348223,-7395,-4792
6003,28,0,5744,96207216,1902,-7539
6003,28,1,5745,97066209,-2115,3687
6003,28,2,5746,97925202,843,4528
6003,28,3,5747,98784195,5408,1036
6003,29,0,5748,99643188,931,6115
6003,29,1,5749,100502181,2836,3118
6003,29,2,5750,101361174,-1907,2179
6003,29,3,5751,102220167,-432,7430
6003,30,0,5752,103079160,8176,6106
6003,30,1,5753,103938153,-699,2321
6003,30,2,5754,104797146,-2248,-2693
6003,30,3,5755,105656139,-297,-1119
6003,31,0,5756,106515132,-3825,5574
6003,31,1,5757,107374125,3200,-773
6003,31,2,5758,108233118,-2047,-7446
6003,31,3,5759,109092111,-8300,-2288
6003,32,0,5760,109951104,-150,1098
6003,32,1,5761,110810097,1734,1360
6003,32,2,5762,111669090,4119,-220
6003,32,3,5763,112528083,-1253,-3849
6003,33,0,5764,113387076,-8694,345
6003,33,1,5765,114246069,-1000,7102
6003,33,2,5766,115105062,-4228,5035
6003,33,3,5767,115964055,-4930,2884
6003,34,0,5768,116823048,4846,5674
6003,34,1,5769,117682041,-1144,1127
6003,34,2,5770,118541034,-2990,-8062
6003,34,3,5771,119400027,-911,-3039
6003,35,0,5772,120259020,-4372,5526
6003,35,1,5773,121118013,181,-360
6003,35,2,5774,121977006,-1262,-2329
6003,35,3,5775,122835999,-165,2809
6003,36,0,5776,123694992,6548,967
6003,36,1,5777,124553985,-2309,946
6003,36,2,5778,125412978,-4840,704
6003,36,3,5779,126271971,3607,-1493
6003,37,0,5780,127130964,4215,-1296
6003,37,1,5781,127989957,613,-4789
6003,37,2,5782,128848950,-3696,510
6003,37,3,5783,129707943,-798,5888
6003,38,0,5784,130566936,2667,-2505
6003,38,1,5785,131425929,585,-1082
6003,38,2,5786,132284922,5216,-355
6003,38,3,5787,133143915,5796,-5446
6003,39,0,5788,134002908,-2775,4356
6003,39,1,5789,134861901,-7553,5647
6003,39,2,5790,135720894,-1438,-1738
6003,39,3,5791,136579887,7890,739
6003,40,0,5792,137438880,2476,-2041
6003,40,1,5793,138297873,498,-5981
6003,40,2,5794,139156866,10194,-3944
6003,40,3,5795,140015859,8030,-519
6003,41,0,5796,140874852,3156,490
6003,41,1,5797,141733845,-6,-5801
6003,41,2,5798,142592838,-1091,-4019
6003,41,3,5799,143451831,5525,-195
6003,42,0,5800,144310824,4111,-7341
6003,42,1,5801,145169817,4797,-2231
6003,42,2,5802,146028810,5950,6780
6003,42,3,5803,146887803,-5221,1945
6003,43,0,5804,147746796,-1417,1083
6003,43,1,5805,148605789,4748,1956
6003,43,2,5806,149464782,-5819,-1888
6003,43,3,5807,150323775,-4389,366
6003,44,0,5808,151182768,3986,1992
6003,44,1,5809,152041761,3991,-2436
6003,44,2,5810,152900754,5454,-1656
6003,44,3,5811,153759747,5589,577
6003,45,0,5812,154618740,2493,-3217
6003,45,1,5813,155477733,-2114,-2609
6003,45,2,5814,156336726,-8181,-644
6003,45,3,5815,157195719,-7596,-2094
6003,46,0,5816,158054712,-4858,3660
6003,46,1,5817,158913705,-3860,5484
6003,46,2,5818,159772698,1169,-1812
6003,46,3,5819,160631691,-1120,-2638
6003,47,0,5820,161490684,-5944,346
6003,47,1,5821,162349677,0,3184
6003,47,2,5822,163208670,1509,4298
6003,47,3,5823,164067663,1147,1938
6003,48,0,5824,164926656,4953,2823
6003,48,1,5825,165785649,2908,1140
6003,48,2,5826,166644642,1362,-2660
6003,48,3,5827,167503635,64,681
6003,49,0,5828,168362628,-616,1280
6003,49,1,5829,169221621,80,-4953
6003,49,2,5830,170080614,-2696,-5793
6003,49,3,5831,170939607,2503,900
6003,50,0,5832,171798600,3645,3425
6003,50,1,5833,172657593,-4898,-1932
6003,50,2,5834,173516586,-1966,-5657
6003,50,3,5835,174375579,2697,-1554
6003,51,0,5836,175234572,3897,4205
6003,51,1,5837,176093565,2856,-53
6003,51,2,5838,176952558,-3131,-4991
6003,51,3,5839,177811551,1207,-989
6003,52,0,5840,178670544,3106,-1594
6003,52,1,5841,179529537,-4426,-791
6003,52,2,5842,180388530,-73,4842
6003,52,3,5843,181247523,4953,2080
6003,53,0,5844,182106516,1467,386
6003,53,1,5845,182965509,2331,147
6003,53,2,5846,183824502,1994,-1421
6003,53,3,5847,184683495,-2397,2194
6003,54,0,5848,185542488,542,762
6003,54,1,5849,186401481,4129,-1279
6003,54,2,5850,187260474,-38,439
6003,54,3,5851,188119467,-2815,-2733
6003,55,0,5852,188978460,-884,-960
6003,55,1,5853,189837453,5855,3642
6003,55,2,5854,190696446,8383,659
6003,55,3,5855,191555439,-188,-2456
6003,56,0,5856,192414432,-291,-2331
6003,56,1,5857,193273425,3860,290
6003,56,2,5858,194132418,-887,3551
6003,56,3,5859,194991411,1391,2902
6003,57,0,5860,195850404,4640,2671
6003,57,1,5861,196709397,-1350,3848
6003,57,2,5862,197568390,-1810,240
6003,57,3,5863,198427383,2693,-2801
6003,58,0,5864,199286376,2346,-2271
6003,58,1,5865,200145369,1781,-2036
6003,58,2,5866,201004362,203,556
6003,58,3,5867,201863355,-4419,-2281
6003,59,0,5868,202722348,-1225,-7286
6003,59,1,5869,203581341,2541,352
6003,59,2,5870,204440334,825,4527
6003,59,3,5871,205299327,2514,4
6003,60,0,5872,206158320,-167,178
6003,60,1,5873,207017313,-664,1093
6003,60,2,5874,207876306,2552,3024
6003,60,3,5875,208735299,522,4087
6003,61,0,5876,209594292,5390,2253
6003,61,1,5877,210453285,2734,1216
6003,61,2,5878,211312278,-4421,-2521
6003,61,3,5879,212171271,2321,-576
6003,62,0,5880,213030264,-12,5746
6003,62,1,5881,213889257,-4970,1786
6003,62,2,5882,214748250,-2987,-2783
6003,62,3,5883,215607243,-4057,-278
6003,63,0,5884,216466236,-2183,-753
6003,63,1,5885,217325229,-3744,-2410
6003,63,2,5886,218184222,-2509,-1974
6003,63,3,5887,219043215,4860,-6309
6003,64,0,5888,219902208,4387,-2702
6003,64,1,5889,220761201,-1111,6800
6003,64,2,5890,221620194,-2776,-2409
6003,64,3,5891,222479187,3541,-5272
6003,65,0,5892,223338180,2191,5358
6003,65,1,5893,224197173,719,-1179
6003,65,2,5894,225056166,9804,-5576
6003,65,3,5895,225915159,5040,-942
6003,66,0,5896,226774152,3177,-41
6003,66,1,5897,227633145,3840,2722
6003,66,2,5898,228492138,-3191,-216
6003,66,3,5899,229351131,7511,-2708
6003,67,0,5900,230210124,4095,-1844
6003,67,1,5901,231069117,-9408,60
6003,67,2,5902,231928110,1708,5927
6003,67,3,5903,232787103,3684,-226
6003,68,0,5904,233646096,-1603,-2925
6003,68,1,5905,234505089,1798,6059
6003,68,2,5906,235364082,-427,2436
6003,68,3,5907,236223075,-4264,-1589
6003,69,0,5908,237082068,-2532,319
6003,69,1,5909,237941061,-990,-1238
6003,69,2,5910,238800054,-5877,-1802
6003,69,3,5911,239659047,-3244,-3234
6003,70,0,5912,240518040,-1420,-3557
6003,70,1,5913,241377033,-7598,-17
6003,70,2,5914,242236026,-952,2072
6003,70,3,5915,243095019,-1433,-706
6003,71,0,5916,243954012,-2917,-559
6003,71,1,5917,244813005,5634,4654
6003,71,2,5918,245671998,-5251,3912
6003,71,3,5919,246530991,-9148,-157
6003,72,0,5920,247389984,903,-5070
6003,72,1,5921,248248977,41,-5141
6003,72,2,5922,249107970,-811,1272
6003,72,3,5923,249966963,-63,-1264
6003,73,0,5924,250825956,2329,-2721
6003,73,1,5925,251684949,-1868,-1121
6003,73,2,5926,252543942,-5718,-2853
6003,73,3,5927,253402935,5564,1561
6003,74,0,5928,254261928,6654,496
6003,74,1,5929,255120921,-1758,-2225
6003,74,2,5930,255979914,-5368,-2755
6003,74,3,5931,256838907,-3330,-5874
6003,75,0,5932,257697900,2520,-413
6003,75,1,5933,258556893,-973,-3145
6003,75,2,5934,259415886,-3320,-7050
6003,75,3,5935,260274879,-2654,1606
6003,76,0,5936,261133872,-1686,1247
6003,76,1,5937,261992865,4529,1044
6003,76,2,5938,262851858,664,704
6003,76,3,5939,263710851,-2086,-2150
6003,77,0,5940,264569844,1438,2990
6003,77,1,5941,265428837,1582,623
6003,77,2,5942,266287830,3780,1335
6003,77,3,5943,267146823,-289,6385
6003,78,0,5944,268005816,-3052,206
6003,78,1,5945,268864809,-400,-1497
6003,78,2,5946,269723802,998,-1954
6003,78,3,5947,270582795,3259,-6333
6003,79,0,5948,271441788,-1038,-2598
6003,79,1,5949,272300781,-4494,4798
6003,79,2,5950,273159774,-8760,5467
6003,79,3,5951,274018767,-8883,4124
6003,80,0,5952,274877760,2072,6014
6003,80,1,5953,275736753,-1899,-1096
6003,80,2,5954,276595746,-3656,-4442
6003,80,3,5955,277454739,2555,5578
6003,81,0,5956,278313732,-2468,4909
6003,81,1,5957,279172725,1230,-970
6003,81,2,5958,280031718,1369,-3077
6003,81,3,5959,280890711,-4051,-1765
6003,82,0,5960,281749704,-710,2024
6003,82,1,5961,282608697,-2869,-3594
6003,82,2,5962,283467690,396,-3634
6003,82,3,5963,284326683,5348,371
6003,83,0,5964,285185676,4405,-205
6003,83,1,5965,286044669,7779,4738
6003,83,2,5966,286903662,5823,-1894
6003,83,3,5967,287762655,983,-6938
6003,84,0,5968,288621648,-2277,1758
6003,84,1,5969,289480641,-788,228
6003,84,2,5970,290339634,3859,807
6003,84,3,5971,291198627,757,4298
6003,85,0,5972,292057620,-94,-316
6003,85,1,5973,292916613,-1787,-1529
6003,85,2,5974,293775606,-1053,-3346
6003,85,3,5975,294634599,5946,-6195
6003,86,0,5976,295493592,-2330,-2837
6003,86,1,5977,296352585,-4346,2247
6003,86,2,5978,297211578,5096,-1955
6003,86,3,5979,298070571,3368,-7566
6003,87,0,5980,298929564,8615,-174
6003,87,1,5981,299788557,7261,835
6003,87,2,5982,300647550,-4980,-3951
6003,87,3,5983,301506543,3483,728
6003,88,0,5984,302365536,6071,1432
6003,88,1,5985,303224529,-3702,1602
6003,88,2,5986,304083522,3281,2648
6003,88,3,5987,304942515,6014,-994
6003,89,0,5988,305801508,-1774,453
6003,89,1,5989,306660501,-4353,3972
6003,89,2,5990,307519494,-5254,5047
6003,89,3,5991,308378487,-192,36
6003,90,0,5992,309237480,2747,-4292
6003,90,1,5993,310096473,-1135,3383
6003,90,2,5994,310955466,590,6141
6003,90,3,5995,311814459,357,2730
6003,91,0,5996,312673452,-1910,1041
6003,91,1,5997,313532445,2108,-3486
6003,91,2,5998,314391438,4831,701
6003,91,3,5999,315250431,-1975,4423
6003,92,0,6000,316109424,-8797,-2607
6003,92,1,6001,316968417,-1214,-3869
6003,92,2,6002,317827410,1999,-2538
6003,92,3,6003,318686403,-1713,1717
6003,93,0,6004,319545396,2369,6895
6003,93,1,6005,320404389,-436,-2880
6003,93,2,6006,321263382,28,-6653
6003,93,3,6007,322122375,2958,916
6003,94,0,6008,322981368,-1921,100
6003,94,1,6009,323840361,3627,5107
6003,94,2,6010,324699354,3358,8420
6003,94,3,6011,325558347,-1873,-4028
6003,95,0,6012,326417340,-3444,-4886
6003,95,1,6013,327276333,-8420,5452
6003,95,2,6014,328135326,-433,6012
6003,95,3,6015,328994319,-4906,1589
6003,96,0,6016,329853312,-12636,267
6003,96,1,6017,330712305,4583,2771
6003,96,2,6018,331571298,6188,3139
6003,96,3,6019,332430291,2134,-943
6003,97,0,6020,333289284,4202,-977
6003,97,1,6021,334148277,261,4935
6003,97,2,6022,335007270,1409,3134
6003,97,3,6023,335866263,-6483,-6799
6003,98,0,6024,336725256,-5445,-3450
6003,98,1,6025,337584249,680,3181
6003,98,2,6026,338443242,-8546,656
6003,98,3,6027,339302235,-1109,5385
6003,99,0,6028,340161228,1896,2510
6003,99,1,6029,341020221,-6721,-6389
6003,99,2,6030,341879214,-2313,2104
6003,99,3,6031,342738207,-2341,4730
6003,100,0,6032,343597200,-1308,-464
6003,100,1,6033,344456193,-1342,2505
6003,100,2,6034,345315186,-3662,2292
6003,100,3,6035,346174179,-299,2530
6003,101,0,6036,347033172,-5832,6021
6003,101,1,6037,347892165,-4021,6323
6003,101,2,6038,348751158,2243,-264
6003,101,3,6039,349610151,-3010,-8013
6003,102,0,6040,350469144,-4081,-572
6003,102,1,6041,351328137,-4488,5526
6003,102,2,6042,352187130,-2032,462
6003,102,3,6043,353046123,3089,73
6003,103,0,6044,353905116,-914,-3995
6003,103,1,6045,354764109,-1070,-4764
6003,103,2,6046,355623102,1720,3538
6003,103,3,6047,356482095,-1490,3042
6003,104,0,6048,357341088,-346,1560
6003,104,1,6049,358200081,3176,-155
6003,104,2,6050,359059074,210,-4844
6003,104,3,6051,359918067,-2697,-1856
6003,105,0,6052,360777060,-4164,-871
6003,105,1,6053,361636053,-3811,-1073
6003,105,2,6054,362495046,2730,0
6003,105,3,6055,363354039,5087,-3723
6003,106,0,6056,364213032,3048,-822
6003,106,1,6057,365072025,-4263,2470
6003,106,2,6058,365931018,-10657,270
6003,106,3,6059,366790011,1032,1988
6003,107,0,6060,367649004,-370,930
6003,107,1,6061,368507997,-8732,-1373
6003,107,2,6062,369366990,4021,440
6003,107,3,6063,370225983,2570,1211
6003,108,0,6064,371084976,-1252,-3129
6003,108,1,6065,371943969,1804,-6760
6003,108,2,6066,372802962,-3125,-48
6003,108,3,6067,373661955,6583,-857
6003,109,0,6068,374520948,2989,-6063
6003,109,1,6069,375379941,-9515,3291
6003,109,2,6070,376238934,724,231
6003,109,3,6071,377097927,-169,-6190
6003,110,0,6072,377956920,-5117,3446
6003,110,1,6073,378815913,-2361,-597
6003,110,2,6074,379674906,-4054,-6145
6003,110,3,6075,380533899,-1247,1810
6003,111,0,6076,381392892,-3363,3594
6003,111,1,6077,382251885,-5347,1813
6003,111,2,6078,383110878,2911,246
6003,111,3,6079,383969871,8389,-1005
6003,112,0,6080,384828864,3138,-1653
6003,112,1,6081,385687857,-3937,-1317
6003,112,2,6082,386546850,-771,4331
6003,112,3,6083,387405843,-2228,3964
6003,113,0,6084,388264836,-2821,-2035
6003,113,1,6085,389123829,6284,-1159
6003,113,2,6086,389982822,3613,2634
6003,113,3,6087,390841815,806,4682
6003,114,0,6088,391700808,84,4853
6003,114,1,6089,392559801,-4355,1384
6003,114,2,6090,393418794,1579,-2593
6003,114,3,6091,394277787,3540,2142
6003,115,0,6092,395136780,1003,4942
6003,115,1,6093,395995773,2007,-2801
6003,115,2,6094,396854766,1698,-1052
6003,115,3,6095,397713759,3201,546
6003,116,0,6096,398572752,3456,-6397
6003,116,1,6097,399431745,7967,-1966
6003,116,2,6098,400290738,8276,-2092
6003,116,3,6099,401149731,1730,-9109
6003,117,0,6100,402008724,4505,-3790
6003,117,1,6101,402867717,-2755,-543
6003,117,2,6102,403726710,-9321,-2410
6003,117,3,6103,404585703,3182,193
6003,118,0,6104,405444696,1774,377
6003,118,1,6105,406303689,-3927,-2678
6003,118,2,6106,407162682,3028,-1153
6003,118,3,6107,408021675,1774,640
6003,119,0,6108,408880668,461,-2260
6003,119,1,6109,409739661,3031,1278
6003,119,2,6110,410598654,-1621,5431
6003,119,3,6111,411457647,-1991,-326
6003,120,0,6112,412316640,1082,-457
6003,120,1,6113,413175633,2222,5306
6003,120,2,6114,414034626,4487,701
6003,120,3,6115,414893619,-4618,-7368
6003,121,0,6116,415752612,-9299,-2151
6003,121,1,6117,416611605,3674,2242
6003,121,2,6118,417470598,-18,-4873
6003,121,3,6119,418329591,-10499,442
6003,122,0,6120,419188584,-2641,6435
6003,122,1,6121,420047577,1523,-1969
6003,122,2,6122,420906570,-483,-1937
6003,122,3,6123,421765563,-1290,-2952
6003,123,0,6124,422624556,-3541,-6395
6003,123,1,6125,423483549,-2856,262
6003,123,2,6126,424342542,-639,-842
6003,123,3,6127,425201535,2193,-4581
6003,124,0,6128,426060528,1140,-4671
6003,124,1,6129,426919521,-2484,-6703
6003,124,2,6130,427778514,-116,-1735
6003,124,3,6131,428637507,1228,2179
6003,125,0,6132,429496500,-1444,3096
6003,125,1,6133,430355493,151,4775
6003,125,2,6134,431214486,3571,-2474
6003,125,3,6135,432073479,349,-7525
6003,126,0,6136,432932472,-1113,-5875
6003,126,1,6137,433791465,1188,-4720
6003,126,2,6138,434650458,-4804,2269
6003,126,3,6139,435509451,-4734,1730
6003,127,0,6140,436368444,3270,-5858
6003,127,1,6141,437227437,702,1337
6003,127,2,6142,438086430,-4863,2435
6003,127,3,6143,438945423,-3516,-7362
6003,128,0,6144,439804416,3713,-1773
6003,128,1,6145,440663409,3226,6806
6003,128,2,6146,441522402,-1754,5440
6003,128,3,6147,442381395,4240,-2856
6003,129,0,6148,443240388,2482,-7989
6003,129,1,6149,444099381,-1769,96
6003,129,2,6150,444958374,-236,3192
6003,129,3,6151,445817367,-6560,1362
6003,130,0,6152,446676360,-4537,-764
6003,130,1,6153,447535353,-1258,-7983
6003,130,2,6154,448394346,-877,-3318
6003,130,3,6155,449253339,5558,-486
6003,131,0,6156,450112332,1165,-3956
6003,131,1,6157,450971325,1824,2048
6003,131,2,6158,451830318,4168,1304
6003,131,3,6159,452689311,-4067,-1102
6003,132,0,6160,453548304,2541,-2653
6003,132,1,6161,454407297,6320,-4290
6003,132,2,6162,455266290,-678,4277
6003,132,3,6163,456125283,1966,3594
6003,133,0,6164,456984276,5103,-1303
6003,133,1,6165,457843269,2561,-3700
6003,133,2,6166,458702262,-3988,-4234
6003,133,3,6167,459561255,-2741,8226
6003,134,0,6168,460420248,3285,2016
6003,134,1,6169,461279241,-2845,-12627
6003,134,2,6170,462138234,-4329,-4542
6003,134,3,6171,462997227,3733,-586
6003,135,0,6172,463856220,5247,-1717
6003,135,1,6173,464715213,744,-3292
6003,135,2,6174,465574206,-293,-4280
6003,135,3,6175,466433199,2791,3272
6003,136,0,6176,467292192,781,1401
6003,136,1,6177,468151185,-293,-361
6003,136,2,6178,469010178,1066,2930
6003,136,3,6179,469869171,1722,-2980
6003,137,0,6180,470728164,5895,-1491
6003,137,1,6181,471587157,2385,5884
6003,137,2,6182,472446150,-1646,2255
6003,137,3,6183,473305143,-3715,-3362
6003,138,0,6184,474164136,-12328,727
6003,138,1,6185,475023129,-6000,4032
6003,138,2,6186,475882122,2643,538
6003,138,3,6187,476741115,-2673,2473
6003,139,0,6188,477600108,-3718,2096
6003,139,1,6189,478459101,-4031,-2484
6003,139,2,6190,479318094,113,-584
6003,139,3,6191,480177087,5707,-620
6003,140,0,6192,481036080,848,-1606
6003,140,1,6193,481895073,3581,-2033
6003,140,2,6194,482754066,9674,-1000
6003,140,3,6195,483613059,6058,3812
6003,141,0,6196,484472052,-1375,-379
6003,141,1,6197,485331045,-7341,-4395
6003,141,2,6198,486190038,-1901,-441
6003,141,3,6199,487049031,5940,2623
6003,142,0,6200,487908024,7050,8924
6003,142,1,6201,488767017,5992,7965
6003,142,2,6202,489626010,-1672,-1101
6003,142,3,6203,490485003,-3395,-2
6003,143,0,6204,491343996,2768,719
6003,143,1,6205,492202989,608,-4088
6003,143,2,6206,493061982,-469,-194
6003,143,3,6207,493920975,2505,3785
6003,144,0,6208,494779968,3011,844
6003,144,1,6209,495638961,700,3424
6003,144,2,6210,496497954,-4270,6702
6003,144,3,6211,497356947,-200,712
6003,145,0,6212,498215940,4201,-4701
6003,145,1,6213,499074933,-1672,-3293
6003,145,2,6214,499933926,-1667,-725
6003,145,3,6215,500792919,1041,1748
6003,146,0,6216,501651912,636,5112
6003,146,1,6217,502510905,-370,1299
6003,146,2,6218,503369898,-4053,-4115
6003,146,3,6219,504228891,62,1161
6003,147,0,6220,505087884,4680,1523
6003,147,1,6221,505946877,-162,-4482
6003,147,2,6222,506805870,-3415,-3655
6003,147,3,6223,507664863,-5332,-2461
6003,148,0,6224,508523856,-4199,-1139
6003,148,1,6225,509382849,42,-375
6003,148,2,6226,510241842,-1072,842
6003,148,3,6227,511100835,-2430,2106
6003,149,0,6228,511959828,641,-655
6003,149,1,6229,512818821,4559,4426
6003,149,2,6230,513677814,3156,4622
6003,149,3,6231,514536807,-3491,-1958
6003,150,0,6232,515395800,-7997,2015
6003,150,1,6233,516254793,-5002,-237
6003,150,2,6234,517113786,3078,421
6003,150,3,6235,517972779,3803,7131
6003,151,0,6236,518831772,3403,1585
6003,151,1,6237,519690765,7591,2656
6003,151,2,6238,520549758,2058,4993
6003,151,3,6239,521408751,-4704,-1847
6003,152,0,6240,522267744,-3163,-2196
6003,152,1,6241,523126737,2692,3570
6003,152,2,6242,523985730,4291,3732
6003,152,3,6243,524844723,-2757,-5925
6003,153,0,6244,525703716,305,-3355
6003,153,1,6245,526562709,2473,5198
6003,153,2,6246,527421702,-3703,1960
6003,153,3,6247,528280695,2383,5282
6003,154,0,6248,529139688,4831,4154
6003,154,1,6249,529998681,3878,-553
6003,154,2,6250,530857674,4814,50
6003,154,3,6251,531716667,639,-4379
6003,155,0,6252,532575660,2840,1070
6003,155,1,6253,533434653,-2372,-1924
6003,155,2,6254,534293646,-2118,-8310
6003,155,3,6255,535152639,7125,5366
6003,156,0,6256,536011632,-1566,4514
6003,156,1,6257,536870625,3328,-123
6003,156,2,6258,537729618,7819,921
6003,156,3,6259,538588611,-4595,-1989
6003,157,0,6260,539447604,5121,7373
6003,157,1,6261,540306597,7904,4048
6003,157,2,6262,541165590,-3582,-1224
6003,157,3,6263,542024583,-3974,5220
6003,158,0,6264,542883576,-2146,-5254
6003,158,1,6265,543742569,4940,-5645
6003,158,2,6266,544601562,2721,3791
6003,158,3,6267,545460555,-1004,-3513
6003,159,0,6268,546319548,6237,-5066
6003,159,1,6269,547178541,-701,3602
6003,159,2,6270,548037534,-6085,3667
6003,159,3,6271,548896527,-2462,-3729
6003,160,0,6272,549755520,-2963,-2694
6003,160,1,6273,550614513,-59,-3042
6003,160,2,6274,551473506,1059,-5543
6003,160,3,6275,552332499,2494,4420
6003,161,0,6276,553191492,3804,2573
6003,161,1,6277,554050485,-358,1176
6003,161,2,6278,554909478,-3682,8514
6003,161,3,6279,555768471,-5678,-3105
6003,162,0,6280,556627464,-1991,-575
6003,162,1,6281,557486457,2210,10282
6003,162,2,6282,558345450,1795,2442
6003,162,3,6283,559204443,354,2626
6003,163,0,6284,560063436,-2818,657
6003,163,1,6285,560922429,-465,-548
6003,163,2,6286,561781422,309,4322
6003,163,3,6287,562640415,-2905,-4245
6003,164,0,6288,563499408,-2190,-2350
6003,164,1,6289,564358401,-5831,2225
6003,164,2,6290,565217394,-5450,-7850
6003,164,3,6291,566076387,-296,-9078
6003,165,0,6292,566935380,119,-4757
6003,165,1,6293,567794373,2389,-963
6003,165,2,6294,568653366,2088,-571
6003,165,3,6295,569512359,1409,-3471
6003,166,0,6296,570371352,1759,1087
6003,166,1,6297,571230345,-1341,-1932
6003,166,2,6298,572089338,348,-6309
6003,166,3,6299,572948331,4288,142
6003,167,0,6300,573807324,8150,-4526
6003,167,1,6301,574666317,6647,-8243
6003,167,2,6302,575525310,125,-720
6003,167,3,6303,576384303,3105,-3506
6003,168,0,6304,577243296,1250,-2389
6003,168,1,6305,578102289,-5989,6289
6003,168,2,6306,578961282,-733,42
6003,168,3,6307,579820275,2581,-4770
6003,169,0,6308,580679268,515,-1277
6003,169,1,6309,581538261,2100,-2390
6003,169,2,6310,582397254,2292,2821
6003,169,3,6311,583256247,-213,6591
6003,170,0,6312,584115240,355,638
6003,170,1,6313,584974233,4217,-419
6003,170,2,6314,585833226,-2193,-1497
6003,170,3,6315,586692219,-10629,-2368
6003,171,0,6316,587551212,-734,-149
6003,171,1,6317,588410205,6001,-2321
6003,171,2,6318,589269198,-3962,259
6003,171,3,6319,590128191,-5518,3166
6003,172,0,6320,590987184,2133,599
6003,172,1,6321,591846177,2684,1512
6003,172,2,6322,592705170,3073,-124
6003,172,3,6323,593564163,2331,-360
6003,173,0,6324,594423156,-2836,3045
6003,173,1,6325,595282149,34,-1134
6003,173,2,6326,596141142,-1230,-5940
6003,173,3,6327,597000135,-7201,-4177
6003,174,0,6328,597859128,-350,826
6003,174,1,6329,598718121,133,-1129
6003,174,2,6330,599577114,-2698,-7064
6003,174,3,6331,600436107,4470,-2057
6003,175,0,6332,601295100,1722,-980
6003,175,1,6333,602154093,-3254,-3715
6003,175,2,6334,603013086,-2184,3709
6003,175,3,6335,603872079,-2992,2653
6003,176,0,6336,604731072,-2644,307
6003,176,1,6337,605590065,-5023,7420
6003,176,2,6338,606449058,-6117,6164
6003,176,3,6339,607308051,-5973,4803
6003,177,0,6340,608167044,-3205,5491
6003,177,1,6341,609026037,6664,-473
6003,177,2,6342,609885030,3218,616
6003,177,3,6343,610744023,-1098,751
6003,178,0,6344,611603016,7721,-8470
6003,178,1,6345,612462009,4046,-4056
6003,178,2,6346,613321002,-3470,4415
6003,178,3,6347,614179995,-3369,-3237
6003,179,0,6348,615038988,-1339,-3716
6003,179,1,6349,615897981,6506,1736
6003,179,2,6350,616756974,7110,-3043
6003,179,3,6351,617615967,684,133
6003,180,0,6352,618474960,1567,3071
6003,180,1,6353,619333953,3134,-2819
6003,180,2,6354,620192946,-1698,691
6003,180,3,6355,621051939,-3772,2558
6003,181,0,6356,621910932,1563,-2804
6003,181,1,6357,622769925,-1213,-4417
6003,181,2,6358,623628918,-3155,-3692
6003,181,3,6359,624487911,5696,-1252
6003,182,0,6360,625346904,309,-872
6003,182,1,6361,626205897,-2820,-570
6003,182,2,6362,627064890,7180,1440
6003,182,3,6363,627923883,352,-1104
6003,183,0,6364,628782876,-2971,-4490
6003,183,1,6365,629641869,6074,-1257
6003,183,2,6366,630500862,273,6821
6003,183,3,6367,631359855,-4862,4024
6003,184,0,6368,632218848,2166,-2696
6003,184,1,6369,633077841,2564,3696
6003,184,2,6370,633936834,-4497,2953
6003,184,3,6371,634795827,-2090,-2405
6003,185,0,6372,635654820,5515,1719
6003,185,1,6373,636513813,676,-2400
6003,185,2,6374,637372806,-2858,-8031
6003,185,3,6375,638231799,2088,-3353
6003,186,0,6376,639090792,-1845,1172
6003,186,1,6377,639949785,-3968,-491
6003,186,2,6378,640808778,869,-4001
6003,186,3,6379,641667771,-1115,-511
6003,187,0,6380,642526764,708,175
6003,187,1,6381,643385757,2596,-7248
6003,187,2,6382,644244750,-3075,-6360
6003,187,3,6383,645103743,4390,3147
6003,188,0,6384,645962736,7339,6682
6003,188,1,6385,646821729,-5829,1484
6003,188,2,6386,647680722,-1730,-2092
6003,188,3,6387,648539715,2991,-3381
6003,189,0,6388,649398708,-3973,-4217
6003,189,1,6389,650257701,60,-3689
6003,189,2,6390,651116694,-1157,-5418
6003,189,3,6391,651975687,-3236,2634
6003,190,0,6392,652834680,4100,10075
6003,190,1,6393,653693673,2122,1774
6003,190,2,6394,654552666,-603,1210
6003,190,3,6395,655411659,-1850,1262
6003,191,0,6396,656270652,-2752,-5899
6003,191,1,6397,657129645,-933,-3281
6003,191,2,6398,657988638,-5568,912
6003,191,3,6399,658847631,-2030,6525
6003,192,0,6400,659706624,3483,6776
6003,192,1,6401,660565617,-442,-2314
6003,192,2,6402,661424610,-313,2525
6003,192,3,6403,662283603,-2966,7347
6003,193,0,6404,663142596,-2882,-1645
6003,193,1,6405,664001589,-2916,-2287
6003,193,2,6406,664860582,-8718,2911
6003,193,3,6407,665719575,2392,-2262
6003,194,0,6408,666578568,7421,-7528
6003,194,1,6409,667437561,-2323,-3149
6003,194,2,6410,668296554,1216,-343
6003,194,3,6411,669155547,2807,-591
6003,195,0,6412,670014540,1539,479
6003,195,1,6413,670873533,4288,1254
6003,195,2,6414,671732526,-2429,621
6003,195,3,6415,672591519,-6584,-3189
6003,196,0,6416,673450512,-2722,881
6003,196,1,6417,674309505,978,5308
6003,196,2,6418,675168498,4110,-711
6003,196,3,6419,676027491,1902,-241
6003,197,0,6420,676886484,-100,-610
6003,197,1,6421,677745477,5987,-100
6003,197,2,6422,678604470,7147,8283
6003,197,3,6423,679463463,1751,5425
6003,198,0,6424,680322456,3389,3090
6003,198,1,6425,681181449,1998,3307
6003,198,2,6426,682040442,-1057,-511
6003,198,3,6427,682899435,2996,4566
6003,199,0,6428,683758428,-2539,5930
6003,199,1,6429,684617421,-2774,1754
6003,199,2,6430,685476414,4569,-229
6003,199,3,6431,686335407,-3825,-3486
6003,200,0,6432,687194400,-1657,-7382
6003,200,1,6433,688053393,5690,-9863
6003,200,2,6434,688912386,-1113,-3632
6003,200,3,6435,689771379,1088,-2709
6003,201,0,6436,690630372,-2900,-4429
6003,201,1,6437,691489365,-10494,4585
6003,201,2,6438,692348358,390,2736
6003,201,3,6439,693207351,3884,2591
6003,202,0,6440,694066344,-140,8917
6003,202,1,6441,694925337,-1047,1979
6003,202,2,6442,695784330,-4607,-1857
6003,202,3,6443,696643323,-2225,-873
6003,203,0,6444,697502316,-895,3304
6003,203,1,6445,698361309,-2677,5116
6003,203,2,6446,699220302,-337,-2518
6003,203,3,6447,700079295,-1208,213
6003,204,0,6448,700938288,-1312,-447
6003,204,1,6449,701797281,-159,-7536
6003,204,2,6450,702656274,-1803,-2344
6003,204,3,6451,703515267,259,215
6003,205,0,6452,704374260,1913,-883
6003,205,1,6453,705233253,1349,-1130
6003,205,2,6454,706092246,796,-931
6003,205,3,6455,706951239,-1981,730
6003,206,0,6456,707810232,-598,-1499
6003,206,1,6457,708669225,1082,-1303
6003,206,2,6458,709528218,-464,-970
6003,206,3,6459,710387211,1402,-329
6003,207,0,6460,711246204,-3160,-877
6003,207,1,6461,712105197,-6645,-6342
6003,207,2,6462,712964190,2737,-1434
6003,207,3,6463,713823183,1197,240
6003,208,0,6464,714682176,-7330,-4600
6003,208,1,6465,715541169,-2276,1009
6003,208,2,6466,716400162,737,762
6003,208,3,6467,717259155,-4026,-827
6003,209,0,6468,718118148,-5166,2290
6003,209,1,6469,718977141,-2861,-1152
6003,209,2,6470,719836134,-16,-1018
6003,209,3,6471,720695127,3194,972
6003,210,0,6472,721554120,2859,13
6003,210,1,6473,722413113,-1775,-183
6003,210,2,6474,723272106,-196,-1806
6003,210,3,6475,724131099,1168,-1552
6003,211,0,6476,724990092,-5018,704
6003,211,1,6477,725849085,-1193,2974
6003,211,2,6478,726708078,4894,3896
6003,211,3,6479,727567071,2659,1973
6003,212,0,6480,728426064,6380,1680
6003,212,1,6481,729285057,6028,3452
6003,212,2,6482,730144050,-2082,2710
6003,212,3,6483,731003043,-2069,2678
6003,213,0,6484,731862036,-590,4556
6003,213,1,6485,732721029,-724,-1433
6003,213,2,6486,733580022,3748,-5720
6003,213,3,6487,734439015,4373,407
6003,214,0,6488,735298008,483,1743
6003,214,1,6489,736157001,843,572
6003,214,2,6490,737015994,1889,-29
6003,214,3,6491,737874987,3846,563
6003,215,0,6492,738733980,7078,3260
6003,215,1,6493,739592973,3403,-3299
6003,215,2,6494,740451966,2387,-1958
6003,215,3,6495,741310959,3425,2273
6003,216,0,6496,742169952,-3909,-6056
6003,216,1,6497,743028945,-707,-857
6003,216,2,6498,743887938,7206,2975
6003,216,3,6499,744746931,-1864,-139
6003,217,0,6500,745605924,-6408,7267
6003,217,1,6501,746464917,1327,2578
6003,217,2,6502,747323910,-1116,-1659
6003,217,3,6503,748182903,-6583,3652
6003,218,0,6504,749041896,397,1680
6003,218,1,6505,749900889,2075,2448
6003,218,2,6506,750759882,-4014,1238
6003,218,3,6507,751618875,721,-834
6003,219,0,6508,752477868,3715,675
6003,219,1,6509,753336861,1367,-2426
6003,219,2,6510,754195854,3555,-426
6003,219,3,6511,755054847,443,2753
6003,220,0,6512,755913840,-4025,276
6003,220,1,6513,756772833,-6487,-2847
6003,220,2,6514,757631826,-6301,-5045
6003,220,3,6515,758490819,-13,-1933
6003,221,0,6516,759349812,763,1984
6003,221,1,6517,760208805,3552,3481
6003,221,2,6518,761067798,7215,1787
6003,221,3,6519,761926791,-264,-2119
6003,222,0,6520,762785784,577,-3193
6003,222,1,6521,763644777,7619,-6830
6003,222,2,6522,764503770,4009,-5709
6003,222,3,6523,765362763,-2032,2626
6003,223,0,6524,766221756,-2086,3378
6003,223,1,6525,767080749,-654,2796
6003,223,2,6526,767939742,-4414,4800
6003,223,3,6527,768798735,-4487,907
6003,224,0,6528,769657728,-2560,-3777
6003,224,1,6529,770516721,-4051,-3119
6003,224,2,6530,771375714,1157,-2818
6003,224,3,6531,772234707,1336,-2951
6003,225,0,6532,773093700,-1480,1410
6003,225,1,6533,773952693,5100,489
6003,225,2,6534,774811686,3219,-3178
6003,225,3,6535,775670679,-4352,-526
6003,226,0,6536,776529672,-2709,25
6003,226,1,6537,777388665,1810,2841
6003,226,2,6538,778247658,-843,5559
6003,226,3,6539,779106651,-4814,432
6003,227,0,6540,779965644,-2458,-864
6003,227,1,6541,780824637,-5465,-1007
6003,227,2,6542,781683630,-4157,-2772
6003,227,3,6543,782542623,2853,-708
6003,228,0,6544,783401616,-1640,203
6003,228,1,6545,784260609,176,19
6003,228,2,6546,785119602,1790,741
6003,228,3,6547,785978595,-2963,250
6003,229,0,6548,786837588,1649,-3051
6003,229,1,6549,787696581,-93,-801
6003,229,2,6550,788555574,-621,4840
6003,229,3,6551,789414567,-862,-2462
6003,230,0,6552,790273560,-6871,-4424
6003,230,1,6553,791132553,1502,4192
6003,230,2,6554,791991546,-518,-769
6003,230,3,6555,792850539,-5081,-2999
6003,231,0,6556,793709532,5051,3288
6003,231,1,6557,794568525,-517,-766
6003,231,2,6558,795427518,-457,-1317
6003,231,3,6559,796286511,2645,5506
6003,232,0,6560,797145504,-10619,3684
6003,232,1,6561,798004497,-7106,2855
6003,232,2,6562,798863490,2059,7280
6003,232,3,6563,799722483,-174,1263
6003,233,0,6564,800581476,-2283,-1971
6003,233,1,6565,801440469,-1955,4533
6003,233,2,6566,802299462,2117,-995
6003,233,3,6567,803158455,-192,-5174
6003,234,0,6568,804017448,-181,529
6003,234,1,6569,804876441,4695,-68
6003,234,2,6570,805735434,-222,2225
6003,234,3,6571,806594427,-2462,5713
6003,235,0,6572,807453420,-2888,3170
6003,235,1,6573,808312413,-3884,-705
6003,235,2,6574,809171406,-1475,-3031
6003,235,3,6575,810030399,-2829,6380
6003,236,0,6576,810889392,1286,7970
6003,236,1,6577,811748385,3651,-5397
6003,236,2,6578,812607378,-2106,-572
6003,236,3,6579,813466371,-3381,8307
6003,237,0,6580,814325364,-4158,2445
6003,237,1,6581,815184357,-1244,-755
6003,237,2,6582,816043350,2903,-1507
6003,237,3,6583,816902343,1933,1034
6003,238,0,6584,817761336,3322,6715
6003,238,1,6585,818620329,350,3601
6003,238,2,6586,819479322,-3958,-2843
6003,238,3,6587,820338315,-928,-5114
6003,239,0,6588,821197308,1762,-3157
6003,239,1,6589,822056301,2286,3222
6003,239,2,6590,822915294,1890,4373
6003,239,3,6591,823774287,1803,-5204
6003,240,0,6592,824633280,2022,-9727
6003,240,1,6593,825492273,-1102,-1115
6003,240,2,6594,826351266,-6887,5463
6003,240,3,6595,827210259,-6160,4464
6003,241,0,6596,828069252,1311,2071
6003,241,1,6597,828928245,-2099,1
6003,241,2,6598,829787238,-6526,235
6003,241,3,6599,830646231,1486,1001
6003,242,0,6600,831505224,4279,335
6003,242,1,6601,832364217,4009,-444
6003,242,2,6602,833223210,2845,2428
6003,242,3,6603,834082203,-3080,9081
6003,243,0,6604,834941196,-420,7033
6003,243,1,6605,835800189,4257,779
6003,243,2,6606,836659182,4186,2850
6003,243,3,6607,837518175,2709,2869
6003,244,0,6608,838377168,-737,-1616
6003,244,1,6609,839236161,-1301,-5746
6003,244,2,6610,840095154,-2534,-7148
6003,244,3,6611,840954147,-3180,-2345
6003,245,0,6612,841813140,-823,-1710
6003,245,1,6613,842672133,-231,-3483
6003,245,2,6614,843531126,-1313,724
6003,245,3,6615,844390119,-5563,4396
6003,246,0,6616,845249112,-2701,3479
6003,246,1,6617,846108105,2285,-2717
6003,246,2,6618,846967098,-4650,-2205
6003,246,3,6619,847826091,-2753,2128
6003,247,0,6620,848685084,5963,-2492
6003,247,1,6621,849544077,512,775
6003,247,2,6622,850403070,-3842,3141
6003,247,3,6623,851262063,2525,-282
6003,248,0,6624,852121056,1254,8222
6003,248,1,6625,852980049,-6543,6574
6003,248,2,6626,853839042,-1204,1532
6003,248,3,6627,854698035,3008,6593
6003,249,0,6628,855557028,-584,1600
6003,249,1,6629,856416021,3271,1028
6003,249,2,6630,857275014,2082,2063
6003,249,3,6631,858134007,2076,-1996
6003,250,0,6632,858993000,4234,4561
6003,250,1,6633,859851993,-4946,2964
6003,250,2,6634,860710986,-2264,-3197
6003,250,3,6635,861569979,2838,2648
6003,251,0,6636,862428972,-1621,7232
6003,251,1,6637,863287965,273,2713
6003,251,2,6638,864146958,1635,-4671
6003,251,3,6639,865005951,5608,-860
6003,252,0,6640,865864944,3060,-3061
6003,252,1,6641,866723937,-4476,-11741
6003,252,2,6642,867582930,-211,124
6003,252,3,6643,868441923,-4124,3664
6003,253,0,6644,869300916,-4160,253
6003,253,1,6645,870159909,794,7564
6003,253,2,6646,871018902,-6508,-967
6003,253,3,6647,871877895,-1222,-3323
6003,254,0,6648,872736888,1536,4798
6003,254,1,6649,873595881,-3329,-974
6003,254,2,6650,874454874,2791,-1080
6003,254,3,6651,875313867,273,970
6003,255,0,6652,876172860,-764,229
6003,255,1,6653,877031853,2517,3384
6003,255,2,6654,877890846,-4170,97
6003,255,3,6655,878749839,-2551,-370
6003,256,0,6656,879608832,4220,3316
6003,256,1,6657,880467825,-264,442
6003,256,2,6658,881326818,-5028,-1859
6003,256,3,6659,882185811,1673,1996
6003,257,0,6660,883044804,2076,3597
6003,257,1,6661,883903797,-4203,-383
6003,257,2,6662,884762790,219,781
6003,257,3,6663,885621783,-984,260
6003,258,0,6664,886480776,-520,-2939
6003,258,1,6665,887339769,2557,2344
6003,258,2,6666,888198762,-4900,1182
6003,258,3,6667,889057755,3513,-683
6003,259,0,6668,889916748,4186,5050
6003,259,1,6669,890775741,-6863,3268
6003,259,2,6670,891634734,1987,3691
6003,259,3,6671,892493727,-996,5423
6003,260,0,6672,893352720,49,229
6003,260,1,6673,894211713,12350,-2330
6003,260,2,6674,895070706,962,-4216
6003,260,3,6675,895929699,-2177,-5228
6003,261,0,6676,896788692,3121,-3828
6003,261,1,6677,897647685,-2474,1209
6003,261,2,6678,898506678,-5319,5158
6003,261,3,6679,899365671,-3723,-1054
6003,262,0,6680,900224664,3926,283
6003,262,1,6681,901083657,26,5761
6003,262,2,6682,901942650,-6092,-1247
6003,262,3,6683,902801643,627,-2802
6003,263,0,6684,903660636,-2867,-700
6003,263,1,6685,904519629,-2569,-2247
6003,263,2,6686,905378622,-1076,1345
6003,263,3,6687,906237615,-7194,875
6003,264,0,6688,907096608,-653,1849
6003,264,1,6689,907955601,-2210,9024
6003,264,2,6690,908814594,-7656,3196
6003,264,3,6691,909673587,-1063,-2288
6003,265,0,6692,910532580,-675,4932
6003,265,1,6693,911391573,-924,-69
6003,265,2,6694,912250566,-1001,-6373
6003,265,3,6695,913109559,-360,3489
6003,266,0,6696,913968552,4317,2782
6003,266,1,6697,914827545,1103,-3365
6003,266,2,6698,915686538,-1551,4150
6003,266,3,6699,916545531,-837,7030
6003,267,0,6700,917404524,79,1481
6003,267,1,6701,918263517,3094,-1627
6003,267,2,6702,919122510,1883,-184
6003,267,3,6703,919981503,3678,1480
6003,268,0,6704,920840496,7420,-1589
6003,268,1,6705,921699489,5567,-1889
6003,268,2,6706,922558482,1747,-216
6003,268,3,6707,923417475,-3876,-811
6003,269,0,6708,924276468,-4611,-2084
6003,269,1,6709,925135461,-2893,-3214
6003,269,2,6710,925994454,-5784,4066
6003,269,3,6711,926853447,-6122,7359
6003,270,0,6712,927712440,-3549,-1179
6003,270,1,6713,928571433,-1716,-3646
6003,270,2,6714,929430426,-2528,-3474
6003,270,3,6715,930289419,-1617,-721
6003,271,0,6716,931148412,3222,5692
6003,271,1,6717,932007405,1079,1767
6003,271,2,6718,932866398,-2450,-19
6003,271,3,6719,933725391,-578,7607
6003,272,0,6720,934584384,-1056,8711
6003,272,1,6721,935443377,1546,325
6003,272,2,6722,936302370,7241,-6819
6003,272,3,6723,937161363,3464,-4239
6003,273,0,6724,938020356,-4731,683
6003,273,1,6725,938879349,-3925,-273
6003,273,2,6726,939738342,1784,-3158
6003,273,3,6727,940597335,4850,-1872
6003,274,0,6728,941456328,4481,1893
6003,274,1,6729,942315321,-3281,1580
6003,274,2,6730,943174314,-7453,680
6003,274,3,6731,944033307,-1876,-1117
6003,275,0,6732,944892300,-234,-3260
6003,275,1,6733,945751293,1303,682
6003,275,2,6734,946610286,71,4833
6003,275,3,6735,947469279,-5312,7227
6003,276,0,6736,948328272,1619,1461
6003,276,1,6737,949187265,2663,-5932
6003,276,2,6738,950046258,-7483,3109
6003,276,3,6739,950905251,-3928,5728
6003,277,0,6740,951764244,3364,-332
6003,277,1,6741,952623237,2623,2955
6003,277,2,6742,953482230,-1205,4119
6003,277,3,6743,954341223,-3580,5089
6003,278,0,6744,955200216,-1776,1326
6003,278,1,6745,956059209,-2402,-4034
6003,278,2,6746,956918202,-337,441
6003,278,3,6747,957777195,4512,-2561
6003,279,0,6748,958636188,-282,-2302
6003,279,1,6749,959495181,-2829,4041
6003,279,2,6750,960354174,2885,903
6003,279,3,6751,961213167,-1017,815
6003,280,0,6752,962072160,-7277,2058
6003,280,1,6753,962931153,1316,7578
6003,280,2,6754,963790146,2385,10960
6003,280,3,6755,964649139,-6080,597
6003,281,0,6756,965508132,1392,-285
6003,281,1,6757,966367125,890,25
6003,281,2,6758,967226118,-5431,-2575
6003,281,3,6759,968085111,5240,2771
6003,282,0,6760,968944104,884,25
6003,282,1,6761,969803097,-4334,931
6003,282,2,6762,970662090,7386,3532
6003,282,3,6763,971521083,2511,-555
6003,283,0,6764,972380076,-3795,3071
6003,283,1,6765,973239069,742,-365
6003,283,2,6766,974098062,1738,-2986
6003,283,3,6767,974957055,1332,2661
6003,284,0,6768,975816048,-1574,-1153
6003,284,1,6769,976675041,-97,-123
6003,284,2,6770,977534034,676,1491
6003,284,3,6771,978393027,-880,-2803
6003,285,0,6772,979252020,4551,2115
6003,285,1,6773,980111013,3703,4122
6003,285,2,6774,980970006,2028,1644
6003,285,3,6775,981828999,2137,4338
6003,286,0,6776,982687992,-4312,3613
6003,286,1,6777,983546985,-3351,-61
6003,286,2,6778,984405978,1405,2337
6003,286,3,6779,985264971,2726,3420
6003,287,0,6780,986123964,1011,-4428
6003,287,1,6781,986982957,-3088,-4068
6003,287,2,6782,987841950,-413,2000
6003,287,3,6783,988700943,1815,-2700
6003,288,0,6784,989559936,1803,-2442
6003,288,1,6785,990418929,4784,1822
6003,288,2,6786,991277922,4551,206
6003,288,3,6787,992136915,1563,4318
6003,289,0,6788,992995908,-1790,6262
6003,289,1,6789,993854901,-2038,2013
6003,289,2,6790,994713894,-1790,3555
6003,289,3,6791,995572887,-1165,3087
6003,290,0,6792,996431880,2776,-6434
6003,290,1,6793,997290873,1829,-10053
6003,290,2,6794,998149866,2429,-2137
6003,290,3,6795,999008859,1926,-898
6003,291,0,6796,999867852,-5312,-5216
6003,291,1,6797,1000726845,-4812,-1189
6003,291,2,6798,1001585838,-2085,380
6003,291,3,6799,1002444831,1676,-994
6003,292,0,6800,1003303824,7603,2743
6003,292,1,6801,1004162817,5806,4038
6003,292,2,6802,1005021810,1857,3574
6003,292,3,6803,1005880803,-2589,1047
6003,293,0,6804,1006739796,-1481,-3259
6003,293,1,6805,1007598789,1347,-2428
6003,293,2,6806,1008457782,-2525,-2818
6003,293,3,6807,1009316775,350,-1033
6003,294,0,6808,1010175768,1031,4071
6003,294,1,6809,1011034761,-3176,-507
6003,294,2,6810,1011893754,-1632,567
6003,294,3,6811,1012752747,337,7520
6003,295,0,6812,1013611740,1994,54
6003,295,1,6813,1014470733,-2911,249
6003,295,2,6814,1015329726,-2822,9268
6003,295,3,6815,1016188719,1082,1477
6003,296,0,6816,1017047712,-6317,-4580
6003,296,1,6817,1017906705,1147,166
6003,296,2,6818,1018765698,7184,156
6003,296,3,6819,1019624691,-3748,-1734
6003,297,0,6820,1020483684,448,-3065
6003,297,1,6821,1021342677,1005,-4629
6003,297,2,6822,1022201670,-6485,-4324
6003,297,3,6823,1023060663,-2475,-2979
6003,298,0,6824,1023919656,-967,-1621
6003,298,1,6825,1024778649,-925,-414
6003,298,2,6826,1025637642,-1747,497
6003,298,3,6827,1026496635,-2624,-3533
6003,299,0,6828,1027355628,2929,-6178
6003,299,1,6829,1028214621,1580,-112
6003,299,2,6830,1029073614,-3578,2885
6003,299,3,6831,1029932607,-1188,3169
6003,300,0,6832,1030791600,-1234,3180
6003,300,1,6833,1031650593,-6104,-3353
6003,300,2,6834,1032509586,-4756,-4547
6003,300,3,6835,1033368579,-3079,-1232
6003,301,0,6836,1034227572,-5882,-2131
6003,301,1,6837,1035086565,-1890,2594
6003,301,2,6838,1035945558,2025,4631
6003,301,3,6839,1036804551,710,-1822
6003,302,0,6840,1037663544,1645,-762
6003,302,1,6841,1038522537,1077,1411
6003,302,2,6842,1039381530,-1514,-2439
6003,302,3,6843,1040240523,-2495,-2207
6003,303,0,6844,1041099516,890,-516
6003,303,1,6845,1041958509,2472,1849
6003,303,2,6846,1042817502,752,5604
6003,303,3,6847,1043676495,2813,2983
6003,304,0,6848,1044535488,-1052,-229
6003,304,1,6849,1045394481,360,2479
6003,304,2,6850,1046253474,7753,3835
6003,304,3,6851,1047112467,-862,-913
6003,305,0,6852,1047971460,-174,-3074
6003,305,1,6853,1048830453,8884,2362
6003,305,2,6854,1049689446,2373,2221
6003,305,3,6855,1050548439,-446,-1368
6003,306,0,6856,1051407432,1068,-110
6003,306,1,6857,1052266425,547,-1609
6003,306,2,6858,1053125418,1591,-261
6003,306,3,6859,1053984411,410,2066
6003,307,0,6860,1054843404,379,-1174
6003,307,1,6861,1055702397,255,-1739
6003,307,2,6862,1056561390,-249,-2094
6003,307,3,6863,1057420383,-317,-97
6003,308,0,6864,1058279376,2959,297
6003,308,1,6865,1059138369,6502,-3807
6003,308,2,6866,1059997362,1048,903
6003,308,3,6867,1060856355,463,1125
6003,309,0,6868,1061715348,2313,-1018
6003,309,1,6869,1062574341,-2974,4968
6003,309,2,6870,1063433334,-2334,2475
6003,309,3,6871,1064292327,1919,1449
6003,310,0,6872,1065151320,3991,2950
6003,310,1,6873,1066010313,-1167,1935
6003,310,2,6874,1066869306,-7530,4780
6003,310,3,6875,1067728299,-4227,-1979
6003,311,0,6876,1068587292,-2534,1142
6003,311,1,6877,1069446285,1603,11339
6003,311,2,6878,1070305278,5287,114
6003,311,3,6879,1071164271,1734,-2324
6003,312,0,6880,1072023264,3689,-976
6003,312,1,6881,1072882257,5432,-10017
6003,312,2,6882,1073741250,7166,-2409
6003,312,3,6883,1074600243,4947,1419
6003,313,0,6884,1075459236,-2203,-4012
6003,313,1,6885,1076318229,-37,3310
6003,313,2,6886,1077177222,-3750,5250
6003,313,3,6887,1078036215,-5439,-173
6003,314,0,6888,1078895208,992,639
6003,314,1,6889,1079754201,-3883,18
6003,314,2,6890,1080613194,-4396,-1268
6003,314,3,6891,1081472187,-5561,1349
6003,315,0,6892,1082331180,-10794,-1779
6003,315,1,6893,1083190173,-3016,-5150
6003,315,2,6894,1084049166,567,-221
6003,315,3,6895,1084908159,-788,-1764
6003,316,0,6896,1085767152,-1554,-3864
6003,316,1,6897,1086626145,-5036,1957
6003,316,2,6898,1087485138,703,2778
6003,316,3,6899,1088344131,6159,3951
6003,317,0,6900,1089203124,718,2376
6003,317,1,6901,1090062117,-3311,-3004
6003,317,2,6902,1090921110,-1206,-1055
6003,317,3,6903,1091780103,-968,-2711
6003,318,0,6904,1092639096,-332,-1197
6003,318,1,6905,1093498089,3907,311
6003,318,2,6906,1094357082,2523,-10283
6003,318,3,6907,1095216075,680,-3165
6003,319,0,6908,1096075068,2082,8955
6003,319,1,6909,1096934061,3481,1262
6003,319,2,6910,1097793054,2893,1620
6003,319,3,6911,1098652047,-4729,6368
6003,320,0,6912,1099511040,-1958,1571
6003,320,1,6913,1100370033,2186,-834
6003,320,2,6914,1101229026,-7620,585
6003,320,3,6915,1102088019,-4467,5158
6003,321,0,6916,1102947012,2139,5207
6003,321,1,6917,1103806005,3297,-934
6003,321,2,6918,1104664998,6462,-728
6003,321,3,6919,1105523991,-130,2241
6003,322,0,6920,1106382984,-704,1139
6003,322,1,6921,1107241977,-2652,-881
6003,322,2,6922,1108100970,-10730,1791
6003,322,3,6923,1108959963,-508,4128
6003,323,0,6924,1109818956,5215,-1867
6003,323,1,6925,1110677949,3118,-1964
6003,323,2,6926,1111536942,5670,1173
6003,323,3,6927,1112395935,1304,-4329
6003,324,0,6928,1113254928,2703,414
6003,324,1,6929,1114113921,1754,5732
6003,324,2,6930,1114972914,-9555,-2782
6003,324,3,6931,1115831907,-4935,-2078
6003,325,0,6932,1116690900,7047,-722
6003,325,1,6933,1117549893,4797,-6005
6003,325,2,6934,1118408886,-524,-489
6003,325,3,6935,1119267879,1028,668
6003,326,0,6936,1120126872,2958,-2827
6003,326,1,6937,1120985865,2489,3143
6003,326,2,6938,1121844858,-41,2164
6003,326,3,6939,1122703851,1787,-3539
6003,327,0,6940,1123562844,8346,-1756
6003,327,1,6941,1124421837,1654,-1840
6003,327,2,6942,1125280830,-4338,-3799
6003,327,3,6943,1126139823,3159,546
6003,328,0,6944,1126998816,-193,5378
6003,328,1,6945,1127857809,-4482,-280
6003,328,2,6946,1128716802,1177,-3239
6003,328,3,6947,1129575795,-907,6273
6003,329,0,6948,1130434788,-5961,3297
6003,329,1,6949,1131293781,-2079,-5837
6003,329,2,6950,1132152774,5391,205
6003,329,3,6951,1133011767,725,-903
6003,330,0,6952,1133870760,-4975,-5356
6003,330,1,6953,1134729753,1979,2123
6003,330,2,6954,1135588746,560,-748
6003,330,3,6955,1136447739,-1898,-5500
6003,331,0,6956,1137306732,4812,772
6003,331,1,6957,1138165725,4388,-1296
6003,331,2,6958,1139024718,1567,-2782
6003,331,3,6959,1139883711,-212,4568
6003,332,0,6960,1140742704,307,1781
6003,332,1,6961,1141601697,753,-4146
6003,332,2,6962,1142460690,-3442,288
6003,332,3,6963,1143319683,-456,-536
6003,333,0,6964,1144178676,-1145,-7661
6003,333,1,6965,1145037669,-4873,-4617
6003,333,2,6966,1145896662,3896,-800
6003,333,3,6967,1146755655,4498,1195
6003,334,0,6968,1147614648,-1953,5260
6003,334,1,6969,1148473641,1357,-5619
6003,334,2,6970,1149332634,3175,-10985
6003,334,3,6971,1150191627,-77,1354
6003,335,0,6972,1151050620,-2212,-2455
6003,335,1,6973,1151909613,-3085,-5903
6003,335,2,6974,1152768606,-2999,5632
6003,335,3,6975,1153627599,-964,7597
6003,336,0,6976,1154486592,-2065,8447
6003,336,1,6977,1155345585,-3690,8145
6003,336,2,6978,1156204578,1133,2406
6003,336,3,6979,1157063571,-715,3948
6003,337,0,6980,1157922564,-2001,3792
6003,337,1,6981,1158781557,4877,824
6003,337,2,6982,1159640550,-91,-1994
6003,337,3,6983,1160499543,-558,-4884
6003,338,0,6984,1161358536,7436,-1383
6003,338,1,6985,1162217529,863,-708
6003,338,2,6986,1163076522,-499,747
6003,338,3,6987,1163935515,7340,3947
6003,339,0,6988,1164794508,5689,-2077
6003,339,1,6989,1165653501,938,-597
6003,339,2,6990,1166512494,-1114,4004
6003,339,3,6991,1167371487,-911,-2194
6003,340,0,6992,1168230480,-1507,-2673
6003,340,1,6993,1169089473,-2692,-1502
6003,340,2,6994,1169948466,-1622,-1489
6003,340,3,6995,1170807459,195,6379
6003,341,0,6996,1171666452,1850,3476
6003,341,1,6997,1172525445,-1171,-6337
6003,341,2,6998,1173384438,535,587
6003,341,3,6999,1174243431,7584,7818
6003,342,0,7000,1175102424,2395,1058
6003,342,1,7001,1175961417,-1845,-3813
6003,342,2,7002,1176820410,-737,50
6003,342,3,7003,1177679403,-5518,3628
6003,343,0,7004,1178538396,-3583,-497
6003,343,1,7005,1179397389,943,-3034
6003,343,2,7006,1180256382,822,-1110
6003,343,3,7007,1181115375,2719,-4703
6003,344,0,7008,1181974368,332,686
6003,344,1,7009,1182833361,-2223,8386
6003,344,2,7010,1183692354,1393,-2353
6003,344,3,7011,1184551347,1356,-4458
6003,345,0,7012,1185410340,555,-497
6003,345,1,7013,1186269333,3552,-10003
6003,345,2,7014,1187128326,-426,-9289
6003,345,3,7015,1187987319,-2348,-3577
6003,346,0,7016,1188846312,5210,-3591
6003,346,1,7017,1189705305,2322,142
6003,346,2,7018,1190564298,-1839,-943
6003,346,3,7019,1191423291,2226,-3015
6003,347,0,7020,1192282284,-619,-2078
6003,347,1,7021,1193141277,-415,-2539
6003,347,2,7022,1194000270,4003,-2593
6003,347,3,7023,1194859263,7908,-4497
6003,348,0,7024,1195718256,9527,568
6003,348,1,7025,1196577249,1132,6130
6003,348,2,7026,1197436242,3174,619
6003,348,3,7027,1198295235,5114,268
6003,349,0,7028,1199154228,-3856,1992
6003,349,1,7029,1200013221,734,111
6003,349,2,7030,1200872214,895,2752
6003,349,3,7031,1201731207,-2419,1058
6003,350,0,7032,1202590200,-3040,-244
6003,350,1,7033,1203449193,-9919,3498
6003,350,2,7034,1204308186,1583,1387
6003,350,3,7035,1205167179,5583,3236
6003,351,0,7036,1206026172,-5341,7588
6003,351,1,7037,1206885165,-800,894
6003,351,2,7038,1207744158,-4209,-1888
6003,351,3,7039,1208603151,-5044,181
6003,352,0,7040,1209462144,4184,-3811
6003,352,1,7041,1210321137,2615,-1522
6003,352,2,7042,1211180130,3857,1111
6003,352,3,7043,1212039123,4456,159
6003,353,0,7044,1212898116,44,7121
6003,353,1,7045,1213757109,-2705,2438
6003,353,2,7046,1214616102,1078,-7970
6003,353,3,7047,1215475095,3502,-953
6003,354,0,7048,1216334088,-4667,-361
6003,354,1,7049,1217193081,2268,-7166
6003,354,2,7050,1218052074,5573,-886
6003,354,3,7051,1218911067,-2370,6123
6003,355,0,7052,1219770060,2921,2387
6003,355,1,7053,1220629053,-7634,-4628
6003,355,2,7054,1221488046,-8915,-481
6003,355,3,7055,1222347039,4102,2859
6003,356,0,7056,1223206032,-4901,-6204
6003,356,1,7057,1224065025,-1607,-2866
6003,356,2,7058,1224924018,-3067,3690
6003,356,3,7059,1225783011,-8269,-3286
6003,357,0,7060,1226642004,8226,-2522
6003,357,1,7061,1227500997,2833,1012
6003,357,2,7062,1228359990,-2377,-1869
6003,357,3,7063,1229218983,3393,-2837
6003,358,0,7064,1230077976,-2574,-4080
6003,358,1,7065,1230936969,-1552,-3589
6003,358,2,7066,1231795962,-6091,-1940
6003,358,3,7067,1232654955,-5720,746
6003,359,0,7068,1233513948,259,4182
6003,359,1,7069,1234372941,-5730,594
6003,359,2,7070,1235231934,2743,-2012
6003,359,3,7071,1236090927,6464,-749
6003,360,0,7072,1236949920,-5451,-1707
6003,360,1,7073,1237808913,-4426,-419
6003,360,2,7074,1238667906,3545,1552
6003,360,3,7075,1239526899,4016,3046
6003,361,0,7076,1240385892,-5360,838
6003,361,1,7077,1241244885,-6216,-5089
6003,361,2,7078,1242103878,-3140,-2051
6003,361,3,7079,1242962871,-8071,480
6003,362,0,7080,1243821864,-1937,-2400
6003,362,1,7081,1244680857,2816,4169
6003,362,2,7082,1245539850,2473,7860
6003,362,3,7083,1246398843,3481,1935
6003,363,0,7084,1247257836,-5618,-274
6003,363,1,7085,1248116829,-6134,-1577
6003,363,2,7086,1248975822,231,-877
6003,363,3,7087,1249834815,-528,3179
6003,364,0,7088,1250693808,-154,1341
6003,364,1,7089,1251552801,300,-226
6003,364,2,7090,1252411794,3180,2991
6003,364,3,7091,1253270787,4885,3252
6003,365,0,7092,1254129780,4905,990
6003,365,1,7093,1254988773,3888,-2216
6003,365,2,7094,1255847766,-3763,-3185
6003,365,3,7095,1256706759,-991,566
6003,366,0,7096,1257565752,5625,1298
6003,366,1,7097,1258424745,-940,999
6003,366,2,7098,1259283738,-4687,2129
6003,366,3,7099,1260142731,-2024,22
6003,367,0,7100,1261001724,1501,1049
6003,367,1,7101,1261860717,3681,-317
6003,367,2,7102,1262719710,1801,-6043
6003,367,3,7103,1263578703,-511,579
6003,368,0,7104,1264437696,-3486,7142
6003,368,1,7105,1265296689,-3277,1172
6003,368,2,7106,1266155682,-2301,-2123
6003,368,3,7107,1267014675,-4535,-149
6003,369,0,7108,1267873668,435,293
6003,369,1,7109,1268732661,3155,-2666
6003,369,2,7110,1269591654,-2068,-1968
6003,369,3,7111,1270450647,1798,2899
6003,370,0,7112,1271309640,1785,836
6003,370,1,7113,1272168633,-9952,-939
6003,370,2,7114,1273027626,-11277,-1350
6003,370,3,7115,1273886619,-5325,-3688
6003,371,0,7116,1274745612,1397,1411
6003,371,1,7117,1275604605,7588,3952
6003,371,2,7118,1276463598,1007,965
6003,371,3,7119,1277322591,-6424,-3190
6003,372,0,7120,1278181584,-4193,-8773
6003,372,1,7121,1279040577,-129,-4091
6003,372,2,7122,1279899570,918,-1575
6003,372,3,7123,1280758563,-2463,-5187
6003,373,0,7124,1281617556,460,-383
6003,373,1,7125,1282476549,4221,2137
6003,373,2,7126,1283335542,147,4277
6003,373,3,7127,1284194535,-709,3551
6003,374,0,7128,1285053528,-1847,-1969
6003,374,1,7129,1285912521,-280,7263
6003,374,2,7130,1286771514,5839,10864
6003,374,3,7131,1287630507,4794,1390
6003,375,0,7132,1288489500,-1082,2595
6003,375,1,7133,1289348493,-6266,1021
6003,375,2,7134,1290207486,-1787,-5813
6003,375,3,7135,1291066479,1629,-3008
6003,376,0,7136,1291925472,-3060,626
6003,376,1,7137,1292784465,475,59
6003,376,2,7138,1293643458,-1625,67
6003,376,3,7139,1294502451,-4232,-672
6003,377,0,7140,1295361444,3818,-1991
6003,377,1,7141,1296220437,2398,-2361
6003,377,2,7142,1297079430,-1285,-5379
6003,377,3,7143,1297938423,-1447,-3468
6003,378,0,7144,1298797416,6175,1312
6003,378,1,7145,1299656409,12231,-4198
6003,378,2,7146,1300515402,-3489,-1713
6003,378,3,7147,1301374395,-5540,6644
6003,379,0,7148,1302233388,5707,1157
6003,379,1,7149,1303092381,1792,-4125
6003,379,2,7150,1303951374,-1563,-5028
6003,379,3,7151,1304810367,-4100,230
6003,380,0,7152,1305669360,-3276,2795
6003,380,1,7153,1306528353,354,-7654
6003,380,2,7154,1307387346,939,-3515
6003,380,3,7155,1308246339,3062,2881
6003,381,0,7156,1309105332,-3315,-2879
6003,381,1,7157,1309964325,-2673,-474
6003,381,2,7158,1310823318,2757,-3083
6003,381,3,7159,1311682311,-2501,-4978
6003,382,0,7160,1312541304,3319,-988
6003,382,1,7161,1313400297,7452,-3102
6003,382,2,7162,1314259290,3018,3496
6003,382,3,7163,1315118283,2261,6290
6003,383,0,7164,1315977276,-2608,1867
6003,383,1,7165,1316836269,870,1547
6003,383,2,7166,1317695262,5505,-6319
6003,383,3,7167,1318554255,199,-5075
6003,384,0,7168,1319413248,-3732,4352
6003,384,1,7169,1320272241,-7490,787
6003,384,2,7170,1321131234,-389,-4095
6003,384,3,7171,1321990227,8112,-832
6003,385,0,7172,1322849220,439,5426
6003,385,1,7173,1323708213,-1491,65
6003,385,2,7174,1324567206,3286,-5839
6003,385,3,7175,1325426199,991,4974
6003,386,0,7176,1326285192,586,5251
6003,386,1,7177,1327144185,3409,-3492
6003,386,2,7178,1328003178,5596,-2118
6003,386,3,7179,1328862171,6223,-4247
6003,387,0,7180,1329721164,216,-4321
6003,387,1,7181,1330580157,-4148,2384
6003,387,2,7182,1331439150,-1879,2841
6003,387,3,7183,1332298143,-2501,88
6003,388,0,7184,1333157136,1565,-809
6003,388,1,7185,1334016129,7013,-1393
6003,388,2,7186,1334875122,3373,-3423
6003,388,3,7187,1335734115,2760,-4259
6003,389,0,7188,1336593108,1040,121
6003,389,1,7189,1337452101,1289,2568
6003,389,2,7190,1338311094,7309,-335
6003,389,3,7191,1339170087,3171,-439
6003,390,0,7192,1340029080,1912,-610
6003,390,1,7193,1340888073,861,-2321
6003,390,2,7194,1341747066,-4097,5651
6003,390,3,7195,1342606059,5146,9159
6003,391,0,7196,1343465052,4127,-2566
6003,391,1,7197,1344324045,-3826,-1926
6003,391,2,7198,1345183038,6736,6804
6003,391,3,7199,1346042031,8667,50
6003,392,0,7200,1346901024,-2974,-3446
6003,392,1,7201,1347760017,-5674,886
6003,392,2,7202,1348619010,-159,-1168
6003,392,3,7203,1349478003,1309,1546
6003,393,0,7204,1350336996,-3794,4211
6003,393,1,7205,1351195989,-2657,-1931
6003,393,2,7206,1352054982,1687,-1564
6003,393,3,7207,1352913975,-1486,-1188
6003,394,0,7208,1353772968,-583,-3176
6003,394,1,7209,1354631961,4337,1957
6003,394,2,7210,1355490954,-1274,-1338
6003,394,3,7211,1356349947,-1804,-2588
6003,395,0,7212,1357208940,6940,6700
6003,395,1,7213,1358067933,1876,2029
6003,395,2,7214,1358926926,898,-5830
6003,395,3,7215,1359785919,6853,-6242
6003,396,0,7216,1360644912,-2578,-8152
6003,396,1,7217,1361503905,-2463,-7815
6003,396,2,7218,1362362898,3640,-6284
6003,396,3,7219,1363221891,-2153,-2431
6003,397,0,7220,1364080884,27,-2007
6003,397,1,7221,1364939877,1322,-3165
6003,397,2,7222,1365798870,-4749,1738
6003,397,3,7223,1366657863,-3662,-1919
6003,398,0,7224,1367516856,1395,-2681
6003,398,1,7225,1368375849,1085,4446
6003,398,2,7226,1369234842,-4192,2455
6003,398,3,7227,1370093835,-4406,1763
6003,399,0,7228,1370952828,-4138,-1725
6003,399,1,7229,1371811821,-2279,-5954
6003,399,2,7230,1372670814,3212,1365
6003,399,3,7231,1373529807,-2238,3967
6003,400,0,7232,1374388800,-3268,2925
6003,400,1,7233,1375247793,3188,2656
6003,400,2,7234,1376106786,-251,-3563
6003,400,3,7235,1376965779,-3531,-7675
6003,401,0,7236,1377824772,-1722,-2324
6003,401,1,7237,1378683765,1255,5519
6003,401,2,7238,1379542758,-1319,4734
6003,401,3,7239,1380401751,-867,2005
6003,402,0,7240,1381260744,7368,235
6003,402,1,7241,1382119737,1713,1719
6003,402,2,7242,1382978730,-239,6157
6003,402,3,7243,1383837723,5361,-3126
6003,403,0,7244,1384696716,-591,-448
6003,403,1,7245,1385555709,2195,9819
6003,403,2,7246,1386414702,3585,-5771
6003,403,3,7247,1387273695,-2717,-6016
6003,404,0,7248,1388132688,1696,2630
6003,404,1,7249,1388991681,4817,-5086
6003,404,2,7250,1389850674,3312,-547
6003,404,3,7251,1390709667,-2396,-1582
6003,405,0,7252,1391568660,-2453,-3170
6003,405,1,7253,1392427653,5745,6736
6003,405,2,7254,1393286646,-631,771
6003,405,3,7255,1394145639,-2209,189
6003,406,0,7256,1395004632,5348,9235
6003,406,1,7257,1395863625,103,4896
6003,406,2,7258,1396722618,-882,-3047
6003,406,3,7259,1397581611,505,-6282
6003,407,0,7260,1398440604,-1423,-2306
6003,407,1,7261,1399299597,2920,2694
6003,407,2,7262,1400158590,2913,3091
6003,407,3,7263,1401017583,3002,1317
6003,408,0,7264,1401876576,4008,-2723
6003,408,1,7265,1402735569,-1542,-2779
6003,408,2,7266,1403594562,-1140,1123
6003,408,3,7267,1404453555,-1828,2859
6003,409,0,7268,1405312548,-3901,373
6003,409,1,7269,1406171541,4645,-1580
6003,409,2,7270,1407030534,3858,-1313
6003,409,3,7271,1407889527,-1677,-2593
6003,410,0,7272,1408748520,670,1997
6003,410,1,7273,1409607513,-2370,6716
6003,410,2,7274,1410466506,2656,3162
6003,410,3,7275,1411325499,8392,-1638
6003,411,0,7276,1412184492,-977,-2035
6003,411,1,7277,1413043485,-3278,6763
6003,411,2,7278,1413902478,-2085,8098
6003,411,3,7279,1414761471,-1992,1572
6003,412,0,7280,1415620464,-40,4330
6003,412,1,7281,1416479457,-1432,2437
6003,412,2,7282,1417338450,1084,883
6003,412,3,7283,1418197443,-2826,4472
6003,413,0,7284,1419056436,-545,3066
6003,413,1,7285,1419915429,8958,2383
6003,413,2,7286,1420774422,-3176,-308
6003,413,3,7287,1421633415,-3972,3789
6003,414,0,7288,1422492408,3903,7615
6003,414,1,7289,1423351401,-3074,1072
6003,414,2,7290,1424210394,5833,2848
6003,414,3,7291,1425069387,9155,1954
6003,415,0,7292,1425928380,-3435,449
6003,415,1,7293,1426787373,-4331,2347
6003,415,2,7294,1427646366,-1357,-4106
6003,415,3,7295,1428505359,-318,-2299
6003,416,0,7296,1429364352,-5933,-3651
6003,416,1,7297,1430223345,-4725,-2419
6003,416,2,7298,1431082338,6397,10929
6003,416,3,7299,1431941331,1177,4977
6003,417,0,7300,1432800324,-4894,3543
6003,417,1,7301,1433659317,-223,10019
6003,417,2,7302,1434518310,5981,350
6003,417,3,7303,1435377303,4379,-494
6003,418,0,7304,1436236296,-8963,1534
6003,418,1,7305,1437095289,-6213,-416
6003,418,2,7306,1437954282,915,1689
6003,418,3,7307,1438813275,-2323,-2057
6003,419,0,7308,1439672268,5682,-3497
6003,419,1,7309,1440531261,2641,-1128
6003,419,2,7310,1441390254,-7117,1598
6003,419,3,7311,1442249247,-544,2347
6003,420,0,7312,1443108240,1114,-3044
6003,420,1,7313,1443967233,3955,-965
6003,420,2,7314,1444826226,6808,6146
6003,420,3,7315,1445685219,-2764,3975
6003,421,0,7316,1446544212,-3104,-3769
6003,421,1,7317,1447403205,1872,-3602
6003,421,2,7318,1448262198,103,2181
6003,421,3,7319,1449121191,-2524,1117
6003,422,0,7320,1449980184,-5546,2722
6003,422,1,7321,1450839177,-2269,2718
6003,422,2,7322,1451698170,2224,-4597
6003,422,3,7323,1452557163,61,215
6003,423,0,7324,1453416156,-1555,7123
6003,423,1,7325,1454275149,-1104,5780
6003,423,2,7326,1455134142,543,1727
6003,423,3,7327,1455993135,-2315,-5658
6003,424,0,7328,1456852128,-3962,-1378
6003,424,1,7329,1457711121,574,3981
6003,424,2,7330,1458570114,-4417,-4448
6003,424,3,7331,1459429107,-2407,-2560
6003,425,0,7332,1460288100,5968,2168
6003,425,1,7333,1461147093,-4548,-5776
6003,425,2,7334,1462006086,-4321,-7426
6003,425,3,7335,1462865079,4689,-6833
6003,426,0,7336,1463724072,-1017,-5342
6003,426,1,7337,1464583065,378,4901
6003,426,2,7338,1465442058,3633,460
6003,426,3,7339,1466301051,2171,-8306
6003,427,0,7340,1467160044,3404,-827
6003,427,1,7341,1468019037,2232,713
6003,427,2,7342,1468878030,308,-76
6003,427,3,7343,1469737023,-4070,1595
6003,428,0,7344,1470596016,-2690,-2875
6003,428,1,7345,1471455009,214,813
6003,428,2,7346,1472314002,-296,2845
6003,428,3,7347,1473172995,5408,-4486
6003,429,0,7348,1474031988,-1474,-5948
6003,429,1,7349,1474890981,-8097,-4149
6003,429,2,7350,1475749974,-2119,-3863
6003,429,3,7351,1476608967,-3114,-4364
6003,430,0,7352,1477467960,2919,-2227
6003,430,1,7353,1478326953,4542,570
6003,430,2,7354,1479185946,-1352,1670
6003,430,3,7355,1480044939,3637,2523
6003,431,0,7356,1480903932,1891,-2794
6003,431,1,7357,1481762925,186,-1531
6003,431,2,7358,1482621918,-2917,4673
6003,431,3,7359,1483480911,-6070,726
6003,432,0,7360,1484339904,5728,802
6003,432,1,7361,1485198897,1884,1036
6003,432,2,7362,1486057890,-6202,1399
6003,432,3,7363,1486916883,1149,9749
6003,433,0,7364,1487775876,-95,10314
6003,433,1,7365,1488634869,-1729,6326
6003,433,2,7366,1489493862,2769,-503
6003,433,3,7367,1490352855,3689,-6089
6003,434,0,7368,1491211848,1136,-1859
6003,434,1,7369,1492070841,1493,-441
6003,434,2,7370,1492929834,1406,2725
6003,434,3,7371,1493788827,-5305,3570
6003,435,0,7372,1494647820,-3095,-2534
6003,435,1,7373,1495506813,-1369,-1010
6003,435,2,7374,1496365806,-3289,336
6003,435,3,7375,1497224799,2935,658
6003,436,0,7376,1498083792,-972,-210
6003,436,1,7377,1498942785,-3246,-3311
6003,436,2,7378,1499801778,-182,2110
6003,436,3,7379,1500660771,35,3089
6003,437,0,7380,1501519764,7761,-862
6003,437,1,7381,1502378757,3156,-817
6003,437,2,7382,1503237750,-949,-2367
6003,437,3,7383,1504096743,6762,-220
6003,438,0,7384,1504955736,5144,3136
6003,438,1,7385,1505814729,2806,317
6003,438,2,7386,1506673722,-3929,-5425
6003,438,3,7387,1507532715,-4211,-3904
6003,439,0,7388,1508391708,5435,3394
6003,439,1,7389,1509250701,1914,985
6003,439,2,7390,1510109694,1111,-3410
6003,439,3,7391,1510968687,1098,-595
6003,440,0,7392,1511827680,-650,1353
6003,440,1,7393,1512686673,4370,-2742
6003,440,2,7394,1513545666,3844,-3400
6003,440,3,7395,1514404659,4922,7745
6003,441,0,7396,1515263652,-624,6487
6003,441,1,7397,1516122645,-6903,-2372
6003,441,2,7398,1516981638,2027,2209
6003,441,3,7399,1517840631,1330,838
6003,442,0,7400,1518699624,-1256,1918
6003,442,1,7401,1519558617,3998,6459
6003,442,2,7402,1520417610,3770,-668
6003,442,3,7403,1521276603,4459,1095
6003,443,0,7404,1522135596,4603,4057
6003,443,1,7405,1522994589,1565,192
6003,443,2,7406,1523853582,1059,2335
6003,443,3,7407,1524712575,3586,2797
6003,444,0,7408,1525571568,-1884,1638
6003,444,1,7409,1526430561,-6088,1634
6003,444,2,7410,1527289554,3352,-174
6003,444,3,7411,1528148547,-1774,-3261
6003,445,0,7412,1529007540,-5919,1677
6003,445,1,7413,1529866533,4884,8040
6003,445,2,7414,1530725526,-600,-4503
6003,445,3,7415,1531584519,-1599,-7788
6003,446,0,7416,1532443512,1841,2619
6003,446,1,7417,1533302505,-4337,-1871
6003,446,2,7418,1534161498,-1614,-2719
6003,446,3,7419,1535020491,-1841,-4816
6003,447,0,7420,1535879484,-359,-11266
6003,447,1,7421,1536738477,610,-1192
6003,447,2,7422,1537597470,-5713,911
6003,447,3,7423,1538456463,2676,-5776
6003,448,0,7424,1539315456,3474,1137
6003,448,1,7425,1540174449,-5220,4488
6003,448,2,7426,1541033442,32,-5184
6003,448,3,7427,1541892435,2832,-7423
6003,449,0,7428,1542751428,3001,1127
6003,449,1,7429,1543610421,4008,1921
6003,449,2,7430,1544469414,1778,1476
6003,449,3,7431,1545328407,2366,3308
6003,450,0,7432,1546187400,3935,1091
6003,450,1,7433,1547046393,1058,5184
6003,450,2,7434,1547905386,-4899,2990
6003,450,3,7435,1548764379,-694,-2275
6003,451,0,7436,1549623372,4455,2458
6003,451,1,7437,1550482365,-2490,-1718
6003,451,2,7438,1551341358,-4734,-3399
6003,451,3,7439,1552200351,-3759,1696
6003,452,0,7440,1553059344,-3905,-600
6003,452,1,7441,1553918337,-575,1147
6003,452,2,7442,1554777330,-67,220
6003,452,3,7443,1555636323,-1325,-2133
6003,453,0,7444,1556495316,-4297,1669
6003,453,1,7445,1557354309,-1602,-2000
6003,453,2,7446,1558213302,6865,-2751
6003,453,3,7447,1559072295,4232,2580
6003,454,0,7448,1559931288,-583,102
6003,454,1,7449,1560790281,808,-2584
6003,454,2,7450,1561649274,707,-3192
6003,454,3,7451,1562508267,982,-3753
6003,455,0,7452,1563367260,735,1688
6003,455,1,7453,1564226253,-2585,3149
6003,455,2,7454,1565085246,-4703,-2567
6003,455,3,7455,1565944239,-3194,352
6003,456,0,7456,1566803232,-2565,2601
6003,456,1,7457,1567662225,-2258,-3149
6003,456,2,7458,1568521218,2152,-956
6003,456,3,7459,1569380211,2176,-1143
6003,457,0,7460,1570239204,-4967,-6805
6003,457,1,7461,1571098197,-6151,-3066
6003,457,2,7462,1571957190,1304,253
6003,457,3,7463,1572816183,3794,975
6003,458,0,7464,1573675176,-365,250
6003,458,1,7465,1574534169,-1067,-4193
6003,458,2,7466,1575393162,-935,-39
6003,458,3,7467,1576252155,-611,3180
6003,459,0,7468,1577111148,165,-2456
6003,459,1,7469,1577970141,-1347,-1899
6003,459,2,7470,1578829134,-1097,-1057
6003,459,3,7471,1579688127,-4377,-3128
6003,460,0,7472,1580547120,-4068,2616
6003,460,1,7473,1581406113,2999,3340
6003,460,2,7474,1582265106,-284,-3492
6003,460,3,7475,1583124099,235,-1530
6003,461,0,7476,1583983092,5889,50
6003,461,1,7477,1584842085,-1480,-2463
6003,461,2,7478,1585701078,-5615,-1120
6003,461,3,7479,1586560071,-64,-3120
6003,462,0,7480,1587419064,5862,-1264
6003,462,1,7481,1588278057,4184,3163
6003,462,2,7482,1589137050,-4844,-1330
6003,462,3,7483,1589996043,-2045,-1653
6003,463,0,7484,1590855036,6358,-739
6003,463,1,7485,1591714029,4161,-2655
6003,463,2,7486,1592573022,-777,1206
6003,463,3,7487,1593432015,-606,288
6003,464,0,7488,1594291008,1553,-2552
6003,464,1,7489,1595150001,-2511,-1884
6003,464,2,7490,1596008994,-4991,-2744
6003,464,3,7491,1596867987,-2249,47
6003,465,0,7492,1597726980,-4461,958
6003,465,1,7493,1598585973,-2695,1678
6003,465,2,7494,1599444966,2822,5246
6003,465,3,7495,1600303959,2829,-449
6003,466,0,7496,1601162952,924,-1925
6003,466,1,7497,1602021945,-2663,6176
6003,466,2,7498,1602880938,-557,6044
6003,466,3,7499,1603739931,5768,5386
6003,467,0,7500,1604598924,4818,6628
6003,467,1,7501,1605457917,3329,414
6003,467,2,7502,1606316910,1423,-3811
6003,467,3,7503,1607175903,-3423,-4465
6003,468,0,7504,1608034896,-1427,-5515
6003,468,1,7505,1608893889,-22,-4672
6003,468,2,7506,1609752882,-3783,-2341
6003,468,3,7507,1610611875,2013,3951
6003,469,0,7508,1611470868,4633,3952
6003,469,1,7509,1612329861,-4167,-3032
6003,469,2,7510,1613188854,-153,1803
6003,469,3,7511,1614047847,1044,5455
6003,470,0,7512,1614906840,-8900,-1546
6003,470,1,7513,1615765833,-564,-5262
6003,470,2,7514,1616624826,4087,-7346
6003,470,3,7515,1617483819,-2725,-4793
6003,471,0,7516,1618342812,4023,-1172
6003,471,1,7517,1619201805,4926,-3033
6003,471,2,7518,1620060798,-2082,-2435
6003,471,3,7519,1620919791,-3759,-7141
6003,472,0,7520,1621778784,-1952,-10740
6003,472,1,7521,1622637777,4849,-3532
6003,472,2,7522,1623496770,411,-3193
6003,472,3,7523,1624355763,-4745,-6334
6003,473,0,7524,1625214756,2248,350
6003,473,1,7525,1626073749,-884,9405
6003,473,2,7526,1626932742,-2246,4601
6003,473,3,7527,1627791735,1607,-7809
6003,474,0,7528,1628650728,-2433,-4604
6003,474,1,7529,1629509721,634,-1074
6003,474,2,7530,1630368714,721,-3575
6003,474,3,7531,1631227707,-4600,3783
6003,475,0,7532,1632086700,1523,3394
6003,475,1,7533,1632945693,3749,-3037
6003,475,2,7534,1633804686,-1109,-4274
6003,475,3,7535,1634663679,-604,-3840
6003,476,0,7536,1635522672,1936,4517
6003,476,1,7537,1636381665,387,2429
6003,476,2,7538,1637240658,-4258,-5073
6003,476,3,7539,1638099651,-2289,1629
6003,477,0,7540,1638958644,2650,-163
6003,477,1,7541,1639817637,197,-317
6003,477,2,7542,1640676630,-2420,6616
6003,477,3,7543,1641535623,3094,-841
6003,478,0,7544,1642394616,8431,-1649
6003,478,1,7545,1643253609,-404,1557
6003,478,2,7546,1644112602,-7363,-1157
6003,478,3,7547,1644971595,140,5734
6003,479,0,7548,1645830588,-2107,6221
6003,479,1,7549,1646689581,-5513,4579
6003,479,2,7550,1647548574,4279,7582
6003,479,3,7551,1648407567,3913,-976
6003,480,0,7552,1649266560,-1974,-3614
6003,480,1,7553,1650125553,-2065,-766
6003,480,2,7554,1650984546,-845,719
6003,480,3,7555,1651843539,6315,5877
6003,481,0,7556,1652702532,7398,-2185
6003,481,1,7557,1653561525,-1037,-3099
6003,481,2,7558,1654420518,-2742,6180
6003,481,3,7559,1655279511,1122,-356
6003,482,0,7560,1656138504,3470,529
6003,482,1,7561,1656997497,-1641,1789
6003,482,2,7562,1657856490,-9491,-3769
6003,482,3,7563,1658715483,-6082,4279
6003,483,0,7564,1659574476,-859,2739
6003,483,1,7565,1660433469,-4154,-774
6003,483,2,7566,1661292462,-5694,2397
6003,483,3,7567,1662151455,-3709,-4079
6003,484,0,7568,1663010448,-4303,1685
6003,484,1,7569,1663869441,-2017,3701
6003,484,2,7570,1664728434,5452,-5567
6003,484,3,7571,1665587427,7945,3838
6003,485,0,7572,1666446420,2447,7199
6003,485,1,7573,1667305413,-5925,1223
6003,485,2,7574,1668164406,-9273,2631
6003,485,3,7575,1669023399,-3971,-3173
6003,486,0,7576,1669882392,-1215,-4603
6003,486,1,7577,1670741385,375,1757
6003,486,2,7578,1671600378,4869,1837
6003,486,3,7579,1672459371,85,978
6003,487,0,7580,1673318364,-2635,595
6003,487,1,7581,1674177357,3607,-1729
6003,487,2,7582,1675036350,3173,-3416
6003,487,3,7583,1675895343,1322,-160
6003,488,0,7584,1676754336,-810,3189
6003,488,1,7585,1677613329,-2788,1108
6003,488,2,7586,1678472322,4419,-799
6003,488,3,7587,1679331315,3590,-3077
6003,489,0,7588,1680190308,-3936,1780
6003,489,1,7589,1681049301,505,9662
6003,489,2,7590,1681908294,2210,1693
6003,489,3,7591,1682767287,-2162,-1515
6003,490,0,7592,1683626280,557,4800
6003,490,1,7593,1684485273,2613,-716
6003,490,2,7594,1685344266,319,-2194
6003,490,3,7595,1686203259,-1521,1838
6003,491,0,7596,1687062252,-3234,-1409
6003,491,1,7597,1687921245,-415,-3678
6003,491,2,7598,1688780238,28,-5868
6003,491,3,7599,1689639231,-8285,-3663
6003,492,0,7600,1690498224,-3286,1380
6003,492,1,7601,1691357217,8744,-214
6003,492,2,7602,1692216210,312,2798
6003,492,3,7603,1693075203,-6608,2767
6003,493,0,7604,1693934196,469,-1237
6003,493,1,7605,1694793189,2820,6537
6003,493,2,7606,1695652182,5372,1997
6003,493,3,7607,1696511175,7055,-9550
6003,494,0,7608,1697370168,68,-2344
6003,494,1,7609,1698229161,-2183,-877
6003,494,2,7610,1699088154,3577,-1449
6003,494,3,7611,1699947147,3038,6231
6003,495,0,7612,1700806140,-189,2469
6003,495,1,7613,1701665133,4674,3194
6003,495,2,7614,1702524126,1734,6562
6003,495,3,7615,1703383119,-5045,-2343
6003,496,0,7616,1704242112,1636,-3058
6003,496,1,7617,1705101105,1294,-2913
6003,496,2,7618,1705960098,-4227,-4939
6003,496,3,7619,1706819091,-1026,4420
6003,497,0,7620,1707678084,-88,5336
6003,497,1,7621,1708537077,1976,-1669
6003,497,2,7622,1709396070,4767,-1797
6003,497,3,7623,1710255063,4346,719
6003,498,0,7624,1711114056,-2461,3858
6003,498,1,7625,1711973049,-7686,56
6003,498,2,7626,1712832042,6789,-1979
6003,498,3,7627,1713691035,10234,5599
6003,499,0,7628,1714550028,-159,3598
6003,499,1,7629,1715409021,3292,-1383
6003,499,2,7630,1716268014,200,1241
6003,499,3,7631,1717127007,322,1178
6003,500,0,7632,1717986000,7400,-147
6003,500,1,7633,1718844993,2494,-2737
6003,500,2,7634,1719703986,379,-1696
6003,500,3,7635,1720562979,-4307,4321
6003,501,0,7636,1721421972,-4395,2532
6003,501,1,7637,1722280965,2178,382
6003,501,2,7638,1723139958,-1163,-1464
6003,501,3,7639,1723998951,3178,-5565
6003,502,0,7640,1724857944,2302,571
6003,502,1,7641,1725716937,-2395,2680
6003,502,2,7642,1726575930,6539,-680
6003,502,3,7643,1727434923,4656,4721
6003,503,0,7644,1728293916,1008,2960
6003,503,1,7645,1729152909,-1763,-2892
6003,503,2,7646,1730011902,-5681,-235
6003,503,3,7647,1730870895,1742,1965
6003,504,0,7648,1731729888,-1000,-1535
6003,504,1,7649,1732588881,-1058,-9024
6003,504,2,7650,1733447874,3118,-5030
6003,504,3,7651,1734306867,-4273,3449
6003,505,0,7652,1735165860,461,-3883
6003,505,1,7653,1736024853,-771,-4999
6003,505,2,7654,1736883846,-6571,852
6003,505,3,7655,1737742839,4438,-3367
6003,506,0,7656,1738601832,2606,-2140
6003,506,1,7657,1739460825,-3325,1879
6003,506,2,7658,1740319818,1258,2054
6003,506,3,7659,1741178811,1277,1948
6003,507,0,7660,1742037804,598,-4720
6003,507,1,7661,1742896797,1106,-7343
6003,507,2,7662,1743755790,2664,-162
6003,507,3,7663,1744614783,456,4464
6003,508,0,7664,1745473776,-5534,1557
6003,508,1,7665,1746332769,-2966,-1079
6003,508,2,7666,1747191762,5134,4053
6003,508,3,7667,1748050755,7337,1724
6003,509,0,7668,1748909748,-2478,-7324
6003,509,1,7669,1749768741,-5999,-2054
6003,509,2,7670,1750627734,5343,4380
6003,509,3,7671,1751486727,4099,1544
6003,510,0,7672,1752345720,-3129,781
6003,510,1,7673,1753204713,2565,1153
6003,510,2,7674,1754063706,4434,820
6003,510,3,7675,1754922699,-575,1014
6003,511,0,7676,1755781692,-1055,778
6003,511,1,7677,1756640685,-1267,-300
6003,511,2,7678,1757499678,-1826,-165
6003,511,3,7679,1758358671,3388,2603
6003,512,0,8192,2199022080,2185,4650
6003,512,1,8193,2199881073,-546,-431
6003,512,2,8194,2200740066,1959,1285
6003,512,3,8195,2201599059,5007,3030
6003,513,0,8196,2202458052,567,-679
6003,513,1,8197,2203317045,-1442,-1441
6003,513,2,8198,2204176038,60,-873
6003,513,3,8199,2205035031,271,-1681
6003,514,0,8200,2205894024,1933,1833
6003,514,1,8201,2206753017,3016,3731
6003,514,2,8202,2207612010,38,-2310
6003,514,3,8203,2208471003,764,-99
6003,515,0,8204,2209329996,6703,4757
6003,515,1,8205,2210188989,467,-2642
6003,515,2,8206,2211047982,-9114,-2141
6003,515,3,8207,2211906975,17,5220
6003,516,0,8208,2212765968,7787,4198
6003,516,1,8209,2213624961,355,-92
6003,516,2,8210,2214483954,-2883,-5078
6003,516,3,8211,2215342947,2678,-3753
6003,517,0,8212,2216201940,3447,1308
6003,517,1,8213,2217060933,-3883,3774
6003,517,2,8214,2217919926,-5979,3936
6003,517,3,8215,2218778919,411,591
6003,518,0,8216,2219637912,3056,677
6003,518,1,8217,2220496905,880,-2620
6003,518,2,8218,2221355898,-518,-930
6003,518,3,8219,2222214891,-862,7517
6003,519,0,8220,2223073884,-1506,-2824
6003,519,1,8221,2223932877,-3945,-3271
6003,519,2,8222,2224791870,-4614,5039
6003,519,3,8223,2225650863,-82,-4641
6003,520,0,8224,2226509856,-277,700
6003,520,1,8225,2227368849,-7635,6024
6003,520,2,8226,2228227842,-5360,-507
6003,520,3,8227,2229086835,2378,1503
6003,521,0,8228,2229945828,-506,-3471
6003,521,1,8229,2230804821,-4336,-2730
6003,521,2,8230,2231663814,396,760
6003,521,3,8231,2232522807,6085,-573
6003,522,0,8232,2233381800,4222,6486
6003,522,1,8233,2234240793,901,82
6003,522,2,8234,2235099786,2189,-2222
6003,522,3,8235,2235958779,-1627,6292
6003,523,0,8236,2236817772,-3563,924
6003,523,1,8237,2237676765,947,1127
6003,523,2,8238,2238535758,432,-1540
6003,523,3,8239,2239394751,1350,-7553
6003,524,0,8240,2240253744,455,-885
6003,524,1,8241,2241112737,-2551,2410
6003,524,2,8242,2241971730,2142,6142
6003,524,3,8243,2242830723,2315,3157
6003,525,0,8244,2243689716,782,-2315
6003,525,1,8245,2244548709,1001,3589
6003,525,2,8246,2245407702,732,-316
6003,525,3,8247,2246266695,8353,1958
6003,526,0,8248,2247125688,5852,9880
6003,526,1,8249,2247984681,-3632,-2463
6003,526,2,8250,2248843674,216,-7082
6003,526,3,8251,2249702667,3186,1514
6003,527,0,8252,2250561660,1390,4880
6003,527,1,8253,2251420653,-637,4129
6003,527,2,8254,2252279646,2162,-919
6003,527,3,8255,2253138639,5979,-3256
6003,528,0,8256,2253997632,-3534,-2178
6003,528,1,8257,2254856625,-4907,699
6003,528,2,8258,2255715618,-144,3908
6003,528,3,8259,2256574611,-5328,-1224
6003,529,0,8260,2257433604,2421,-3492
6003,529,1,8261,2258292597,7626,2105
6003,529,2,8262,2259151590,1425,540
6003,529,3,8263,2260010583,5945,-1819
6003,530,0,8264,2260869576,3662,3288
6003,530,1,8265,2261728569,-2315,968
6003,530,2,8266,2262587562,-902,-1965
6003,530,3,8267,2263446555,-5139,8274
6003,531,0,8268,2264305548,-304,7960
6003,531,1,8269,2265164541,8241,-653
6003,531,2,8270,2266023534,1836,1554
6003,531,3,8271,2266882527,-1727,-4111
6003,532,0,8272,2267741520,1676,-5841
6003,532,1,8273,2268600513,3632,6930
6003,532,2,8274,2269459506,2207,1757
6003,532,3,8275,2270318499,-5150,-7437
6003,533,0,8276,2271177492,-6727,148
6003,533,1,8277,2272036485,-3455,2871
6003,533,2,8278,2272895478,-3637,-1295
6003,533,3,8279,2273754471,-24,-2617
6003,534,0,8280,2274613464,-310,-314
6003,534,1,8281,2275472457,-1702,2991
6003,534,2,8282,2276331450,4460,31
6003,534,3,8283,2277190443,318,-2358
6003,535,0,8284,2278049436,-1377,1029
6003,535,1,8285,2278908429,8509,-1511
6003,535,2,8286,2279767422,3628,-5774
6003,535,3,8287,2280626415,-2366,1245
6003,536,0,8288,2281485408,1284,6170
6003,536,1,8289,2282344401,-94,-725
6003,536,2,8290,2283203394,1374,-3401
6003,536,3,8291,2284062387,1990,125
6003,537,0,8292,2284921380,-1561,3113
6003,537,1,8293,2285780373,-372,5210
6003,537,2,8294,2286639366,-279,-294
6003,537,3,8295,2287498359,-195,-2615
6003,538,0,8296,2288357352,3040,3223
6003,538,1,8297,2289216345,3373,988
6003,538,2,8298,2290075338,-2364,-115
6003,538,3,8299,2290934331,-5733,565
6003,539,0,8300,2291793324,-2313,-7624
6003,539,1,8301,2292652317,-2402,-8122
6003,539,2,8302,2293511310,3487,-2617
6003,539,3,8303,2294370303,9771,2348
6003,540,0,8304,2295229296,-115,8464
6003,540,1,8305,2296088289,-276,890
6003,540,2,8306,2296947282,2518,-6079
6003,540,3,8307,2297806275,-5189,-1457
6003,541,0,8308,2298665268,-1968,-4483
6003,541,1,8309,2299524261,-1510,-5404
6003,541,2,8310,2300383254,-795,-1221
6003,541,3,8311,2301242247,3747,-5544
6003,542,0,8312,2302101240,-5921,-7784
6003,542,1,8313,2302960233,-3485,-4128
6003,542,2,8314,2303819226,3636,1091
6003,542,3,8315,2304678219,-634,3124
6003,543,0,8316,2305537212,3805,-3571
6003,543,1,8317,2306396205,-91,-3198
6003,543,2,8318,2307255198,-2643,6260
6003,543,3,8319,2308114191,7750,5475
6003,544,0,8320,2308973184,3418,-262
6003,544,1,8321,2309832177,-1624,-1401
6003,544,2,8322,2310691170,-2891,-1129
6003,544,3,8323,2311550163,-2821,2648
6003,545,0,8324,2312409156,7585,2987
6003,545,1,8325,2313268149,4621,-4965
6003,545,2,8326,2314127142,1674,-6564
6003,545,3,8327,2314986135,7297,-2343
6003,546,0,8328,2315845128,-1822,-4852
6003,546,1,8329,2316704121,-2154,-4457
6003,546,2,8330,2317563114,3629,5674
6003,546,3,8331,2318422107,52,6917
6003,547,0,8332,2319281100,3927,-3440
6003,547,1,8333,2320140093,2147,-2773
6003,547,2,8334,2320999086,-668,3215
6003,547,3,8335,2321858079,2421,-1166
6003,548,0,8336,2322717072,-5092,-2571
6003,548,1,8337,2323576065,-2252,-526
6003,548,2,8338,2324435058,6306,-971
6003,548,3,8339,2325294051,-806,1025
6003,549,0,8340,2326153044,-4984,693
6003,549,1,8341,2327012037,-2482,3336
6003,549,2,8342,2327871030,2156,3244
6003,549,3,8343,2328730023,3356,-5521
6003,550,0,8344,2329589016,-2282,-1077
6003,550,1,8345,2330448009,-1319,3155
6003,550,2,8346,2331307002,-2698,-1342
6003,550,3,8347,2332165995,-7435,4251
6003,551,0,8348,2333024988,-771,305
6003,551,1,8349,2333883981,7330,-7086
6003,551,2,8350,2334742974,5145,297
6003,551,3,8351,2335601967,-5491,189
6003,552,0,8352,2336460960,-5985,-562
6003,552,1,8353,2337319953,584,5384
6003,552,2,8354,2338178946,-7263,4491
6003,552,3,8355,2339037939,-10488,1171
6003,553,0,8356,2339896932,-4270,-1381
6003,553,1,8357,2340755925,-1795,3134
6003,553,2,8358,2341614918,1383,6425
6003,553,3,8359,2342473911,-3123,-97
6003,554,0,8360,2343332904,-6011,4157
6003,554,1,8361,2344191897,-3710,6107
6003,554,2,8362,2345050890,-6856,-5502
6003,554,3,8363,2345909883,1361,-4398
6003,555,0,8364,2346768876,5393,112
6003,555,1,8365,2347627869,-4537,-2806
6003,555,2,8366,2348486862,1426,746
6003,555,3,8367,2349345855,7145,1817
6003,556,0,8368,2350204848,-1553,-2459
6003,556,1,8369,2351063841,-4418,395
6003,556,2,8370,2351922834,-4747,2524
6003,556,3,8371,2352781827,-6078,-942
6003,557,0,8372,2353640820,-3878,1307
6003,557,1,8373,2354499813,-321,3721
6003,557,2,8374,2355358806,6135,1161
6003,557,3,8375,2356217799,8570,2600
6003,558,0,8376,2357076792,5481,-323
6003,558,1,8377,2357935785,5118,-6036
6003,558,2,8378,2358794778,837,-874
6003,558,3,8379,2359653771,-1420,3252
6003,559,0,8380,2360512764,5234,1104
6003,559,1,8381,2361371757,2964,-1791
6003,559,2,8382,2362230750,-1728,-4613
6003,559,3,8383,2363089743,-246,-2776
6003,560,0,8384,2363948736,-3667,-2447
6003,560,1,8385,2364807729,-4022,-2919
6003,560,2,8386,2365666722,-1672,1726
6003,560,3,8387,2366525715,-953,1085
6003,561,0,8388,2367384708,1052,-2113
6003,561,1,8389,2368243701,-518,2445
6003,561,2,8390,2369102694,1418,6819
6003,561,3,8391,2369961687,314,1929
6003,562,0,8392,2370820680,-4873,-3974
6003,562,1,8393,2371679673,2164,-392
6003,562,2,8394,2372538666,4089,5363
6003,562,3,8395,2373397659,-2013,3841
6003,563,0,8396,2374256652,-3095,-2975
6003,563,1,8397,2375115645,-3975,-3083
6003,563,2,8398,2375974638,964,4393
6003,563,3,8399,2376833631,1506,2886
6003,564,0,8400,2377692624,-4271,217
6003,564,1,8401,2378551617,1854,2416
6003,564,2,8402,2379410610,3490,-3009
6003,564,3,8403,2380269603,-4087,-4221
6003,565,0,8404,2381128596,-2840,-494
6003,565,1,8405,2381987589,-1314,-856
6003,565,2,8406,2382846582,-3109,1158
6003,565,3,8407,2383705575,1117,-619
6003,566,0,8408,2384564568,1717,-2100
6003,566,1,8409,2385423561,-3789,1043
6003,566,2,8410,2386282554,-1993,-308
6003,566,3,8411,2387141547,2267,1467
6003,567,0,8412,2388000540,1938,2916
6003,567,1,8413,2388859533,-2655,-2816
6003,567,2,8414,2389718526,-8801,-3094
6003,567,3,8415,2390577519,-3467,1474
6003,568,0,8416,2391436512,1802,2780
6003,568,1,8417,2392295505,-3450,791
6003,568,2,8418,2393154498,-903,-2702
6003,568,3,8419,2394013491,1034,-3458
6003,569,0,8420,2394872484,-4463,-2662
6003,569,1,8421,2395731477,-934,-3823
6003,569,2,8422,2396590470,3038,-1899
6003,569,3,8423,2397449463,-1462,2146
6003,570,0,8424,2398308456,-3127,2267
6003,570,1,8425,2399167449,-1884,2153
6003,570,2,8426,2400026442,-1478,385
6003,570,3,8427,2400885435,2997,240
6003,571,0,8428,2401744428,2999,6773
6003,571,1,8429,2402603421,-2347,3437
6003,571,2,8430,2403462414,-966,-4686
6003,571,3,8431,2404321407,-1655,-1750
6003,572,0,8432,2405180400,-1573,295
6003,572,1,8433,2406039393,1686,-761
6003,572,2,8434,2406898386,-1873,-2143
6003,572,3,8435,2407757379,-751,-4294
6003,573,0,8436,2408616372,-2713,-3094
6003,573,1,8437,2409475365,-5636,-2221
6003,573,2,8438,2410334358,3220,1247
6003,573,3,8439,2411193351,498,2658
6003,574,0,8440,2412052344,-2363,-4235
6003,574,1,8441,2412911337,4657,-4098
6003,574,2,8442,2413770330,3398,2307
6003,574,3,8443,2414629323,3553,1731
6003,575,0,8444,2415488316,3074,146
6003,575,1,8445,2416347309,2366,2423
6003,575,2,8446,2417206302,4121,2117
6003,575,3,8447,2418065295,-2716,4212
6003,576,0,8448,2418924288,-6097,5608
6003,576,1,8449,2419783281,-700,-4674
6003,576,2,8450,2420642274,3430,-2572
6003,576,3,8451,2421501267,-1476,7087
6003,577,0,8452,2422360260,-4042,-2584
6003,577,1,8453,2423219253,790,-3034
6003,577,2,8454,2424078246,-7264,5319
6003,577,3,8455,2424937239,-8592,1752
6003,578,0,8456,2425796232,-2075,254
6003,578,1,8457,2426655225,-5179,-2176
6003,578,2,8458,2427514218,1893,-1568
6003,578,3,8459,2428373211,-2389,2401
6003,579,0,8460,2429232204,-9351,1272
6003,579,1,8461,2430091197,6666,1966
6003,579,2,8462,2430950190,4231,-3966
6003,579,3,8463,2431809183,-5241,-3969
6003,580,0,8464,2432668176,478,4216
6003,580,1,8465,2433527169,-214,-3151
6003,580,2,8466,2434386162,-894,-5420
6003,580,3,8467,2435245155,3211,1551
6003,581,0,8468,2436104148,3768,452
6003,581,1,8469,2436963141,707,526
6003,581,2,8470,2437822134,3802,2032
6003,581,3,8471,2438681127,5377,2878
6003,582,0,8472,2439540120,103,3975
6003,582,1,8473,2440399113,5926,2038
6003,582,2,8474,2441258106,4597,-1511
6003,582,3,8475,2442117099,-700,-723
6003,583,0,8476,2442976092,4364,1935
6003,583,1,8477,2443835085,-3312,-3111
6003,583,2,8478,2444694078,-387,-5097
6003,583,3,8479,2445553071,10846,-599
6003,584,0,8480,2446412064,2004,3263
6003,584,1,8481,2447271057,-1758,6316
6003,584,2,8482,2448130050,920,848
6003,584,3,8483,2448989043,462,-690
6003,585,0,8484,2449848036,-1648,3131
6003,585,1,8485,2450707029,-1130,994
6003,585,2,8486,2451566022,5931,3105
6003,585,3,8487,2452425015,-762,366
6003,586,0,8488,2453284008,-8357,-2688
6003,586,1,8489,2454143001,-1278,1875
6003,586,2,8490,2455001994,4335,2256
6003,586,3,8491,2455860987,4661,5740
6003,587,0,8492,2456719980,-1094,2858
6003,587,1,8493,2457578973,-1328,194
6003,587,2,8494,2458437966,2832,7704
6003,587,3,8495,2459296959,2362,1863
6003,588,0,8496,2460155952,3122,-2342
6003,588,1,8497,2461014945,-2517,-432
6003,588,2,8498,2461873938,-3244,-2103
6003,588,3,8499,2462732931,2277,2213
6003,589,0,8500,2463591924,-366,-1027
6003,589,1,8501,2464450917,-1243,-2661
6003,589,2,8502,2465309910,-3121,295
6003,589,3,8503,2466168903,-1690,-5762
6003,590,0,8504,2467027896,3328,-2903
6003,590,1,8505,2467886889,1127,2035
6003,590,2,8506,2468745882,-340,885
6003,590,3,8507,2469604875,-3197,4854
6003,591,0,8508,2470463868,-1618,5045
6003,591,1,8509,2471322861,3859,-2102
6003,591,2,8510,2472181854,6977,-5601
6003,591,3,8511,2473040847,11049,-3236
6003,592,0,8512,2473899840,2071,-5542
6003,592,1,8513,2474758833,-1301,-2866
6003,592,2,8514,2475617826,4809,5717
6003,592,3,8515,2476476819,-1249,-1850
6003,593,0,8516,2477335812,874,-6893
6003,593,1,8517,2478194805,1505,-611
6003,593,2,8518,2479053798,-3359,2168
6003,593,3,8519,2479912791,2857,3317
6003,594,0,8520,2480771784,2103,-1197
6003,594,1,8521,2481630777,1497,912
6003,594,2,8522,2482489770,1790,5350
6003,594,3,8523,2483348763,-4560,-92
6003,595,0,8524,2484207756,-4503,174
6003,595,1,8525,2485066749,-6152,-3495
6003,595,2,8526,2485925742,-7333,-2984
6003,595,3,8527,2486784735,-3130,7138
6003,596,0,8528,2487643728,1057,1455
6003,596,1,8529,2488502721,2506,-1820
6003,596,2,8530,2489361714,-2820,567
6003,596,3,8531,2490220707,-2137,-4177
6003,597,0,8532,2491079700,500,-1629
6003,597,1,8533,2491938693,372,1640
6003,597,2,8534,2492797686,2638,2294
6003,597,3,8535,2493656679,-4631,5287
6003,598,0,8536,2494515672,-2683,4671
6003,598,1,8537,2495374665,6341,-385
6003,598,2,8538,2496233658,-2322,-1151
6003,598,3,8539,2497092651,-4999,6454
6003,599,0,8540,2497951644,-5674,3352
6003,599,1,8541,2498810637,-10318,-3107
6003,599,2,8542,2499669630,1463,3234
6003,599,3,8543,2500528623,1586,1612
6003,600,0,8544,2501387616,-7903,-2619
6003,600,1,8545,2502246609,1178,-801
6003,600,2,8546,2503105602,1106,-2874
6003,600,3,8547,2503964595,-7087,-853
6003,601,0,8548,2504823588,-1047,782
6003,601,1,8549,2505682581,4029,-2555
6003,601,2,8550,2506541574,5593,-4652
6003,601,3,8551,2507400567,3064,-2586
6003,602,0,8552,2508259560,-3186,3769
6003,602,1,8553,2509118553,-167,236
6003,602,2,8554,2509977546,1129,-6526
6003,602,3,8555,2510836539,-998,-3820
6003,603,0,8556,2511695532,1795,-1894
6003,603,1,8557,2512554525,-205,2002
6003,603,2,8558,2513413518,-4831,1831
6003,603,3,8559,2514272511,-1361,-4704
6003,604,0,8560,2515131504,7635,305
6003,604,1,8561,2515990497,4871,4761
6003,604,2,8562,2516849490,-2841,2631
6003,604,3,8563,2517708483,1049,950
6003,605,0,8564,2518567476,-247,-6314
6003,605,1,8565,2519426469,-1423,-2162
6003,605,2,8566,2520285462,1041,7690
6003,605,3,8567,2521144455,-3269,1265
6003,606,0,8568,2522003448,606,-905
6003,606,1,8569,2522862441,-440,-1856
6003,606,2,8570,2523721434,-4584,-9685
6003,606,3,8571,2524580427,882,-1097
6003,607,0,8572,2525439420,1593,7288
6003,607,1,8573,2526298413,7555,-1403
6003,607,2,8574,2527157406,4837,-6733
6003,607,3,8575,2528016399,371,-3137
6003,608,0,8576,2528875392,12874,743
6003,608,1,8577,2529734385,2771,-1408
6003,608,2,8578,2530593378,-8234,-4330
6003,608,3,8579,2531452371,-2008,-860
6003,609,0,8580,2532311364,-4423,1625
6003,609,1,8581,2533170357,-1211,-2741
6003,609,2,8582,2534029350,-725,-5634
6003,609,3,8583,2534888343,2264,3690
6003,610,0,8584,2535747336,7927,7295
6003,610,1,8585,2536606329,-384,-2079
6003,610,2,8586,2537465322,5390,-1095
6003,610,3,8587,2538324315,6310,-2414
6003,611,0,8588,2539183308,-3234,-6082
6003,611,1,8589,2540042301,4240,4919
6003,611,2,8590,2540901294,4449,2733
6003,611,3,8591,2541760287,1885,-5747
6003,612,0,8592,2542619280,2542,-525
6003,612,1,8593,2543478273,341,-987
6003,612,2,8594,2544337266,3956,-2728
6003,612,3,8595,2545196259,1244,-1656
6003,613,0,8596,2546055252,3393,-4565
6003,613,1,8597,2546914245,7179,-6273
6003,613,2,8598,2547773238,-1001,-3325
6003,613,3,8599,2548632231,124,6298
6003,614,0,8600,2549491224,4054,5306
6003,614,1,8601,2550350217,4352,-4759
6003,614,2,8602,2551209210,4177,-2105
6003,614,3,8603,2552068203,-2010,7
6003,615,0,8604,2552927196,-1308,1547
6003,615,1,8605,2553786189,1690,6303
6003,615,2,8606,2554645182,-1311,-752
6003,615,3,8607,2555504175,400,-4288
6003,616,0,8608,2556363168,1834,-1385
6003,616,1,8609,2557222161,-2324,-1491
6003,616,2,8610,2558081154,-2162,3499
6003,616,3,8611,2558940147,1728,3742
6003,617,0,8612,2559799140,3435,733
6003,617,1,8613,2560658133,4598,1910
6003,617,2,8614,2561517126,8,-202
6003,617,3,8615,2562376119,-5274,1971
6003,618,0,8616,2563235112,-4228,2660
6003,618,1,8617,2564094105,574,-2175
6003,618,2,8618,2564953098,10214,-174
6003,618,3,8619,2565812091,4416,-726
6003,619,0,8620,2566671084,-3277,-2282
6003,619,1,8621,2567530077,7990,1606
6003,619,2,8622,2568389070,1381,581
6003,619,3,8623,2569248063,-5623,-1803
6003,620,0,8624,2570107056,1741,969
6003,620,1,8625,2570966049,-2371,6331
6003,620,2,8626,2571825042,1760,3318
6003,620,3,8627,2572684035,-1625,-1564
6003,621,0,8628,2573543028,-8386,5091
6003,621,1,8629,2574402021,7206,1298
6003,621,2,8630,2575261014,4417,-3645
6003,621,3,8631,2576120007,-3051,5805
6003,622,0,8632,2576979000,4735,673
6003,622,1,8633,2577837993,3239,-2954
6003,622,2,8634,2578696986,3036,6313
6003,622,3,8635,2579555979,2505,1666
6003,623,0,8636,2580414972,1784,-3878
6003,623,1,8637,2581273965,6058,-1883
6003,623,2,8638,2582132958,878,-919
6003,623,3,8639,2582991951,-7460,200
6003,624,0,8640,2583850944,-6390,767
6003,624,1,8641,2584709937,2119,2245
6003,624,2,8642,2585568930,2732,-1813
6003,624,3,8643,2586427923,850,-5421
6003,625,0,8644,2587286916,4290,454
6003,625,1,8645,2588145909,-3376,2100
6003,625,2,8646,2589004902,-5956,-1786
6003,625,3,8647,2589863895,-435,-4132
6003,626,0,8648,2590722888,-912,-5186
6003,626,1,8649,2591581881,3679,-2935
6003,626,2,8650,2592440874,1362,1822
6003,626,3,8651,2593299867,-4200,342
6003,627,0,8652,2594158860,-1031,-5586
6003,627,1,8653,2595017853,-1671,-298
6003,627,2,8654,2595876846,-1969,3112
6003,627,3,8655,2596735839,-2461,-1818
6003,628,0,8656,2597594832,-3643,4057
6003,628,1,8657,2598453825,-5981,4344
6003,628,2,8658,2599312818,-9776,-640
6003,628,3,8659,2600171811,-4027,7135
6003,629,0,8660,2601030804,-3599,6607
6003,629,1,8661,2601889797,-2085,385
6003,629,2,8662,2602748790,9318,2762
6003,629,3,8663,2603607783,1836,1229
6003,630,0,8664,2604466776,-4798,-1401
6003,630,1,8665,2605325769,3465,1973
6003,630,2,8666,2606184762,-457,2348
6003,630,3,8667,2607043755,-3429,-915
6003,631,0,8668,2607902748,65,1226
6003,631,1,8669,2608761741,-2801,961
6003,631,2,8670,2609620734,-166,-5076
6003,631,3,8671,2610479727,3099,-2094
6003,632,0,8672,2611338720,-453,1865
6003,632,1,8673,2612197713,-1219,-3748
6003,632,2,8674,2613056706,-3935,-4247
6003,632,3,8675,2613915699,-667,5275
6003,633,0,8676,2614774692,9778,6357
6003,633,1,8677,2615633685,1533,-2264
6003,633,2,8678,2616492678,-4596,1919
6003,633,3,8679,2617351671,8191,4225
6003,634,0,8680,2618210664,7236,-5743
6003,634,1,8681,2619069657,-1310,-1521
6003,634,2,8682,2619928650,-329,3200
6003,634,3,8683,2620787643,699,1300
6003,635,0,8684,2621646636,2305,6531
6003,635,1,8685,2622505629,3306,2744
6003,635,2,8686,2623364622,1621,-873
6003,635,3,8687,2624223615,-1461,3862
6003,636,0,8688,2625082608,-2654,4129
6003,636,1,8689,2625941601,1083,6413
6003,636,2,8690,2626800594,1243,4503
6003,636,3,8691,2627659587,-1333,-1646
6003,637,0,8692,2628518580,675,-2333
6003,637,1,8693,2629377573,1558,-4713
6003,637,2,8694,2630236566,-2704,-1359
6003,637,3,8695,2631095559,-2727,6666
6003,638,0,8696,2631954552,1073,6574
6003,638,1,8697,2632813545,-1356,5485
6003,638,2,8698,2633672538,1832,928
6003,638,3,8699,2634531531,6892,-3420
6003,639,0,8700,2635390524,-1101,3991
6003,639,1,8701,2636249517,-3160,2466
6003,639,2,8702,2637108510,3637,-4244
6003,639,3,8703,2637967503,4662,4815
6003,640,0,8704,2638826496,-1337,5684
6003,640,1,8705,2639685489,-4679,-5014
6003,640,2,8706,2640544482,1491,-6849
6003,640,3,8707,2641403475,-1405,-1004
6003,641,0,8708,2642262468,-5410,7249
6003,641,1,8709,2643121461,1140,3795
6003,641,2,8710,2643980454,402,-3428
6003,641,3,8711,2644839447,4052,-1354
6003,642,0,8712,2645698440,6860,-442
6003,642,1,8713,2646557433,911,5829
6003,642,2,8714,2647416426,1533,6679
6003,642,3,8715,2648275419,-3596,-453
6003,643,0,8716,2649134412,-4128,3280
6003,643,1,8717,2649993405,147,563
6003,643,2,8718,2650852398,-4867,-3204
6003,643,3,8719,2651711391,1405,1005
6003,644,0,8720,2652570384,1645,1501
6003,644,1,8721,2653429377,-7491,4341
6003,644,2,8722,2654288370,-1425,-891
6003,644,3,8723,2655147363,456,-5578
6003,645,0,8724,2656006356,-4599,-153
6003,645,1,8725,2656865349,-4344,1978
6003,645,2,8726,2657724342,1080,5759
6003,645,3,8727,2658583335,5076,-3017
6003,646,0,8728,2659442328,-1424,-8128
6003,646,1,8729,2660301321,-1150,9390
6003,646,2,8730,2661160314,4881,9422
6003,646,3,8731,2662019307,-751,441
6003,647,0,8732,2662878300,-5918,1222
6003,647,1,8733,2663737293,-2728,1868
6003,647,2,8734,2664596286,368,5147
6003,647,3,8735,2665455279,-1796,-582
6003,648,0,8736,2666314272,-1858,-3685
6003,648,1,8737,2667173265,498,1132
6003,648,2,8738,2668032258,-646,-2582
6003,648,3,8739,2668891251,-1022,217
6003,649,0,8740,2669750244,-4769,3477
6003,649,1,8741,2670609237,-4550,-4222
6003,649,2,8742,2671468230,1435,-4795
6003,649,3,8743,2672327223,1750,2272
6003,650,0,8744,2673186216,9332,2458
6003,650,1,8745,2674045209,10925,-3080
6003,650,2,8746,2674904202,-1146,-1898
6003,650,3,8747,2675763195,319,-1030
6003,651,0,8748,2676622188,4292,-3064
6003,651,1,8749,2677481181,3590,1568
6003,651,2,8750,2678340174,2493,1917
6003,651,3,8751,2679199167,-4816,-327
6003,652,0,8752,2680058160,-3130,1299
6003,652,1,8753,2680917153,-1086,1583
6003,652,2,8754,2681776146,-8502,1510
6003,652,3,8755,2682635139,-8070,-2993
6003,653,0,8756,2683494132,-1501,-2513
6003,653,1,8757,2684353125,5614,4549
6003,653,2,8758,2685212118,5175,2507
6003,653,3,8759,2686071111,-3711,-1632
6003,654,0,8760,2686930104,-6450,-6820
6003,654,1,8761,2687789097,-6202,-10640
6003,654,2,8762,2688648090,-1576,-1972
6003,654,3,8763,2689507083,4337,1922
6003,655,0,8764,2690366076,-738,-1703
6003,655,1,8765,2691225069,-2471,2515
6003,655,2,8766,2692084062,766,2812
6003,655,3,8767,2692943055,-1282,-3453
6003,656,0,8768,2693802048,-2893,-2218
6003,656,1,8769,2694661041,-2046,-1649
6003,656,2,8770,2695520034,3241,-6204
6003,656,3,8771,2696379027,3316,-3517
6003,657,0,8772,2697238020,-4192,3170
6003,657,1,8773,2698097013,-1152,4273
6003,657,2,8774,2698956006,2686,1754
6003,657,3,8775,2699814999,-501,-602
6003,658,0,8776,2700673992,-448,-4191
6003,658,1,8777,2701532985,-153,-3912
6003,658,2,8778,2702391978,2665,3360
6003,658,3,8779,2703250971,2548,1736
6003,659,0,8780,2704109964,-3900,-3264
6003,659,1,8781,2704968957,-2335,2515
6003,659,2,8782,2705827950,2299,4741
6003,659,3,8783,2706686943,4346,3004
6003,660,0,8784,2707545936,5249,2237
6003,660,1,8785,2708404929,1210,490
6003,660,2,8786,2709263922,56,45
6003,660,3,8787,2710122915,2596,-2102
6003,661,0,8788,2710981908,934,-10
6003,661,1,8789,2711840901,-3216,-1875
6003,661,2,8790,2712699894,-4091,-6756
6003,661,3,8791,2713558887,748,487
6003,662,0,8792,2714417880,6908,479
6003,662,1,8793,2715276873,7336,-1247
6003,662,2,8794,2716135866,-348,1621
6003,662,3,8795,2716994859,-4167,-6053
6003,663,0,8796,2717853852,-2282,-4517
6003,663,1,8797,2718712845,-6398,-1196
6003,663,2,8798,2719571838,-4981,-5918
6003,663,3,8799,2720430831,3144,-586
6003,664,0,8800,2721289824,4233,3590
6003,664,1,8801,2722148817,-126,-1291
6003,664,2,8802,2723007810,-4678,-5548
6003,664,3,8803,2723866803,28,2218
6003,665,0,8804,2724725796,1883,6861
6003,665,1,8805,2725584789,-3207,-3637
6003,665,2,8806,2726443782,2379,-3257
6003,665,3,8807,2727302775,1227,-3054
6003,666,0,8808,2728161768,-4846,-6564
6003,666,1,8809,2729020761,-3449,-443
6003,666,2,8810,2729879754,-5222,-762
6003,666,3,8811,2730738747,-2106,2872
6003,667,0,8812,2731597740,-1891,1829
6003,667,1,8813,2732456733,-748,-1787
6003,667,2,8814,2733315726,4139,8768
6003,667,3,8815,2734174719,-5243,-114
6003,668,0,8816,2735033712,-1984,-7606
6003,668,1,8817,2735892705,1374,91
6003,668,2,8818,2736751698,-9266,-2159
6003,668,3,8819,2737610691,809,2002
6003,669,0,8820,2738469684,1061,-3255
6003,669,1,8821,2739328677,-9566,-8615
6003,669,2,8822,2740187670,-87,1611
6003,669,3,8823,2741046663,4890,-3451
6003,670,0,8824,2741905656,3206,160
6003,670,1,8825,2742764649,-2700,8410
6003,670,2,8826,2743623642,-5281,-2183
6003,670,3,8827,2744482635,1491,-256
6003,671,0,8828,2745341628,-4453,6183
6003,671,1,8829,2746200621,-3631,-673
6003,671,2,8830,2747059614,6295,-4803
6003,671,3,8831,2747918607,3425,1493
6003,672,0,8832,2748777600,2440,4332
6003,672,1,8833,2749636593,1384,1731
6003,672,2,8834,2750495586,-1564,5943
6003,672,3,8835,2751354579,-1425,-462
6003,673,0,8836,2752213572,-3605,-5670
6003,673,1,8837,2753072565,-1500,525
6003,673,2,8838,2753931558,3136,-7087
6003,673,3,8839,2754790551,5437,-2018
6003,674,0,8840,2755649544,3749,5369
6003,674,1,8841,2756508537,-634,-8533
6003,674,2,8842,2757367530,-1668,-6102
6003,674,3,8843,2758226523,-1102,-1389
6003,675,0,8844,2759085516,2043,-2566
6003,675,1,8845,2759944509,1898,1926
6003,675,2,8846,2760803502,-734,-3743
6003,675,3,8847,2761662495,2071,505
6003,676,0,8848,2762521488,1999,5541
6003,676,1,8849,2763380481,4153,-2247
6003,676,2,8850,2764239474,6559,4258
6003,676,3,8851,2765098467,1017,10305
6003,677,0,8852,2765957460,-570,6183
6003,677,1,8853,2766816453,-1513,2399
6003,677,2,8854,2767675446,-2752,-458
6003,677,3,8855,2768534439,-1402,2954
6003,678,0,8856,2769393432,-2185,779
6003,678,1,8857,2770252425,319,-791
6003,678,2,8858,2771111418,532,6315
6003,678,3,8859,2771970411,-3028,1999
6003,679,0,8860,2772829404,-6771,566
6003,679,1,8861,2773688397,-9121,8155
6003,679,2,8862,2774547390,-2221,3142
6003,679,3,8863,2775406383,-1241,1159
6003,680,0,8864,2776265376,-4032,4497
6003,680,1,8865,2777124369,4569,-3649
6003,680,2,8866,2777983362,4067,-3656
6003,680,3,8867,2778842355,-2882,4415
6003,681,0,8868,2779701348,-1219,2227
6003,681,1,8869,2780560341,-1382,1807
6003,681,2,8870,2781419334,-2708,20
6003,681,3,8871,2782278327,-266,-6710
6003,682,0,8872,2783137320,837,-2968
6003,682,1,8873,2783996313,-3199,483
6003,682,2,8874,2784855306,-1925,407
6003,682,3,8875,2785714299,8859,3415
6003,683,0,8876,2786573292,6114,1093
6003,683,1,8877,2787432285,-5934,910
6003,683,2,8878,2788291278,-528,1599
6003,683,3,8879,2789150271,7203,-2454
6003,684,0,8880,2790009264,544,-1438
6003,684,1,8881,2790868257,-3132,-1162
6003,684,2,8882,2791727250,-2354,-1224
6003,684,3,8883,2792586243,-3602,901
6003,685,0,8884,2793445236,1450,-2121
6003,685,1,8885,2794304229,1958,-1172
6003,685,2,8886,2795163222,-1233,4717
6003,685,3,8887,2796022215,5663,6011
6003,686,0,8888,2796881208,3695,1208
6003,686,1,8889,2797740201,-1664,-1078
6003,686,2,8890,2798599194,2604,5898
6003,686,3,8891,2799458187,-2139,4723
6003,687,0,8892,2800317180,-4308,-478
6003,687,1,8893,2801176173,2101,4013
6003,687,2,8894,2802035166,2589,-415
6003,687,3,8895,2802894159,3002,-4460
6003,688,0,8896,2803753152,2728,533
6003,688,1,8897,2804612145,4113,-4538
6003,688,2,8898,2805471138,6799,-7275
6003,688,3,8899,2806330131,6080,-3928
6003,689,0,8900,2807189124,5907,-5649
6003,689,1,8901,2808048117,-3112,-2078
6003,689,2,8902,2808907110,-6594,464
6003,689,3,8903,2809766103,1685,-2154
6003,690,0,8904,2810625096,-4844,4869
6003,690,1,8905,2811484089,-7999,7419
6003,690,2,8906,2812343082,1923,-2817
6003,690,3,8907,2813202075,3694,-304
6003,691,0,8908,2814061068,2311,5790
6003,691,1,8909,2814920061,-3240,-1079
6003,691,2,8910,2815779054,-8581,328
6003,691,3,8911,2816638047,-2915,2304
6003,692,0,8912,2817497040,-120,-3585
6003,692,1,8913,2818356033,-3315,666
6003,692,2,8914,2819215026,-751,1690
6003,692,3,8915,2820074019,4388,-2884
6003,693,0,8916,2820933012,377,850
6003,693,1,8917,2821792005,-1516,4182
6003,693,2,8918,2822650998,3905,4472
6003,693,3,8919,2823509991,-2845,2027
6003,694,0,8920,2824368984,-4357,296
6003,694,1,8921,2825227977,4109,1422
6003,694,2,8922,2826086970,-4019,-1254
6003,694,3,8923,2826945963,-4839,-796
6003,695,0,8924,2827804956,4020,3954
6003,695,1,8925,2828663949,-3602,3287
6003,695,2,8926,2829522942,-3890,-4396
6003,695,3,8927,2830381935,5251,-6528
6003,696,0,8928,2831240928,721,1561
6003,696,1,8929,2832099921,-3921,-846
6003,696,2,8930,2832958914,2422,-4953
6003,696,3,8931,2833817907,4528,1919
6003,697,0,8932,2834676900,-3501,-304
6003,697,1,8933,2835535893,-3767,-892
6003,697,2,8934,2836394886,2548,7325
6003,697,3,8935,2837253879,-941,5782
6003,698,0,8936,2838112872,-730,-124
6003,698,1,8937,2838971865,4658,-517
6003,698,2,8938,2839830858,350,3230
6003,698,3,8939,2840689851,-357,2502
6003,699,0,8940,2841548844,1161,-1191
6003,699,1,8941,2842407837,-3544,4180
6003,699,2,8942,2843266830,770,8418
6003,699,3,8943,2844125823,85,566
6003,700,0,8944,2844984816,-8553,-7325
6003,700,1,8945,2845843809,1505,-3773
6003,700,2,8946,2846702802,5590,1734
6003,700,3,8947,2847561795,-3676,2515
6003,701,0,8948,2848420788,1565,4372
6003,701,1,8949,2849279781,2077,3758
6003,701,2,8950,2850138774,-1232,4990
6003,701,3,8951,2850997767,3894,2276
6003,702,0,8952,2851856760,-871,-9385
6003,702,1,8953,2852715753,-3584,-5767
6003,702,2,8954,2853574746,245,166
6003,702,3,8955,2854433739,1176,-2685
6003,703,0,8956,2855292732,2821,3954
6003,703,1,8957,2856151725,643,5343
6003,703,2,8958,2857010718,3581,697
6003,703,3,8959,2857869711,5271,-3600
6003,704,0,8960,2858728704,-2125,-8687
6003,704,1,8961,2859587697,-1081,-715
6003,704,2,8962,2860446690,621,1236
6003,704,3,8963,2861305683,1961,-7390
6003,705,0,8964,2862164676,4073,-1814
6003,705,1,8965,2863023669,1252,3912
6003,705,2,8966,2863882662,7648,-1120
6003,705,3,8967,2864741655,3646,-562
6003,706,0,8968,2865600648,-8995,6037
6003,706,1,8969,2866459641,-1174,5336
6003,706,2,8970,2867318634,1401,790
6003,706,3,8971,2868177627,-3581,367
6003,707,0,8972,2869036620,-1106,-138
6003,707,1,8973,2869895613,-3790,-1248
6003,707,2,8974,2870754606,-927,-1431
6003,707,3,8975,2871613599,6179,2391
6003,708,0,8976,2872472592,4275,2288
6003,708,1,8977,2873331585,787,-5053
6003,708,2,8978,2874190578,-3094,-1967
6003,708,3,8979,2875049571,-3551,1120
6003,709,0,8980,2875908564,315,-426
6003,709,1,8981,2876767557,-3344,1490
6003,709,2,8982,2877626550,-7706,-6143
6003,709,3,8983,2878485543,-2830,-8061
6003,710,0,8984,2879344536,-1902,-2969
6003,710,1,8985,2880203529,-3334,-4357
6003,710,2,8986,2881062522,1000,-269
6003,710,3,8987,2881921515,-1567,-2016
6003,711,0,8988,2882780508,-203,-6767
6003,711,1,8989,2883639501,5156,-2733
6003,711,2,8990,2884498494,-3122,-795
6003,711,3,8991,2885357487,-417,2111
6003,712,0,8992,2886216480,4667,6106
6003,712,1,8993,2887075473,-5557,9349
6003,712,2,8994,2887934466,-2073,6487
6003,712,3,8995,2888793459,710,1555
6003,713,0,8996,2889652452,-1165,5163
6003,713,1,8997,2890511445,9696,-446
6003,713,2,8998,2891370438,5120,-4652
6003,713,3,8999,2892229431,-4545,-1102
6003,714,0,9000,2893088424,-294,-7711
6003,714,1,9001,2893947417,838,-5513
6003,714,2,9002,2894806410,3308,1818
6003,714,3,9003,2895665403,3770,1569
6003,715,0,9004,2896524396,588,-996
6003,715,1,9005,2897383389,2901,-5768
6003,715,2,9006,2898242382,1296,-60
6003,715,3,9007,2899101375,248,2132
6003,716,0,9008,2899960368,1952,-1564
6003,716,1,9009,2900819361,-276,5911
6003,716,2,9010,2901678354,892,5278
6003,716,3,9011,2902537347,1009,-221
6003,717,0,9012,2903396340,-1823,572
6003,717,1,9013,2904255333,-1538,764
6003,717,2,9014,2905114326,-1392,1306
6003,717,3,9015,2905973319,1011,-368
6003,718,0,9016,2906832312,1755,604
6003,718,1,9017,2907691305,-1239,1757
6003,718,2,9018,2908550298,86,775
6003,718,3,9019,2909409291,-756,928
6003,719,0,9020,2910268284,291,-259
6003,719,1,9021,2911127277,6672,5263
6003,719,2,9022,2911986270,809,4556
6003,719,3,9023,2912845263,-3980,-1702
6003,720,0,9024,2913704256,4979,4093
6003,720,1,9025,2914563249,5184,2059
6003,720,2,9026,2915422242,-807,-2246
6003,720,3,9027,2916281235,2037,1460
6003,721,0,9028,2917140228,5502,-1211
6003,721,1,9029,2917999221,3896,-247
6003,721,2,9030,2918858214,1022,2025
6003,721,3,9031,2919717207,-1980,-860
6003,722,0,9032,2920576200,-3742,-630
6003,722,1,9033,2921435193,146,50
6003,722,2,9034,2922294186,1671,1245
6003,722,3,9035,2923153179,-2002,1923
6003,723,0,9036,2924012172,2800,395
6003,723,1,9037,2924871165,4407,-1779
6003,723,2,9038,2925730158,-3517,-4198
6003,723,3,9039,2926589151,-3263,-3088
6003,724,0,9040,2927448144,-4123,-1662
6003,724,1,9041,2928307137,-7528,-3454
6003,724,2,9042,2929166130,-425,-3355
6003,724,3,9043,2930025123,3231,-1926
6003,725,0,9044,2930884116,910,-4240
6003,725,1,9045,2931743109,1271,-1726
6003,725,2,9046,2932602102,-2229,5427
6003,725,3,9047,2933461095,-5277,1830
6003,726,0,9048,2934320088,-1601,-2309
6003,726,1,9049,2935179081,-161,-723
6003,726,2,9050,2936038074,-1665,-571
6003,726,3,9051,2936897067,-2619,170
6003,727,0,9052,2937756060,-6142,-3474
6003,727,1,9053,2938615053,-5408,-174
6003,727,2,9054,2939474046,-2050,4297
6003,727,3,9055,2940333039,-3831,-2780
6003,728,0,9056,2941192032,750,3110
6003,728,1,9057,2942051025,3680,5031
6003,728,2,9058,2942910018,-5500,-3995
6003,728,3,9059,2943769011,-2953,-43
6003,729,0,9060,2944628004,7204,-3926
6003,729,1,9061,2945486997,1990,-6091
6003,729,2,9062,2946345990,-1646,1864
6003,729,3,9063,2947204983,5937,-1635
6003,730,0,9064,2948063976,3303,-2627
6003,730,1,9065,2948922969,-3147,-1845
6003,730,2,9066,2949781962,2534,-2338
6003,730,3,9067,2950640955,2116,978
6003,731,0,9068,2951499948,-3840,-780
6003,731,1,9069,2952358941,-1876,983
6003,731,2,9070,2953217934,-2869,1930
6003,731,3,9071,2954076927,-2299,-2478
6003,732,0,9072,2954935920,2885,-1295
6003,732,1,9073,2955794913,5331,2034
6003,732,2,9074,2956653906,6938,5177
6003,732,3,9075,2957512899,2097,3863
6003,733,0,9076,2958371892,-1122,-909
6003,733,1,9077,2959230885,-1196,-3212
6003,733,2,9078,2960089878,-6883,-3540
6003,733,3,9079,2960948871,-3059,661
6003,734,0,9080,2961807864,1426,2940
6003,734,1,9081,2962666857,-6146,4690
6003,734,2,9082,2963525850,-7046,7051
6003,734,3,9083,2964384843,224,320
6003,735,0,9084,2965243836,3061,-3870
6003,735,1,9085,2966102829,857,-2313
6003,735,2,9086,2966961822,3015,-4192
6003,735,3,9087,2967820815,5610,-2685
6003,736,0,9088,2968679808,2432,2754
6003,736,1,9089,2969538801,3597,4066
6003,736,2,9090,2970397794,1161,2616
6003,736,3,9091,2971256787,-2940,3213
6003,737,0,9092,2972115780,1518,480
6003,737,1,9093,2972974773,-2221,-2119
6003,737,2,9094,2973833766,-5841,2063
6003,737,3,9095,2974692759,2019,1953
6003,738,0,9096,2975551752,4377,168
6003,738,1,9097,2976410745,-484,-1075
6003,738,2,9098,2977269738,-699,-5602
6003,738,3,9099,2978128731,4324,-2336
6003,739,0,9100,2978987724,3306,1397
6003,739,1,9101,2979846717,3539,718
6003,739,2,9102,2980705710,6140,2937
6003,739,3,9103,2981564703,-1345,1629
6003,740,0,9104,2982423696,-673,-254
6003,740,1,9105,2983282689,1948,171
6003,740,2,9106,2984141682,-2709,-640
6003,740,3,9107,2985000675,2047,-658
6003,741,0,9108,2985859668,330,1791
6003,741,1,9109,2986718661,-1899,2769
6003,741,2,9110,2987577654,1863,-3571
6003,741,3,9111,2988436647,-571,-1538
6003,742,0,9112,2989295640,5239,6384
6003,742,1,9113,2990154633,2694,-1418
6003,742,2,9114,2991013626,-2605,-2779
6003,742,3,9115,2991872619,5485,4494
6003,743,0,9116,2992731612,-1596,-1646
6003,743,1,9117,2993590605,-3118,-1981
6003,743,2,9118,2994449598,2655,2923
6003,743,3,9119,2995308591,-3568,-3605
6003,744,0,9120,2996167584,6022,-4931
6003,744,1,9121,2997026577,11295,-1127
6003,744,2,9122,2997885570,380,-6156
6003,744,3,9123,2998744563,-818,-4823
6003,745,0,9124,2999603556,1482,2720
6003,745,1,9125,3000462549,2837,-2290
6003,745,2,9126,3001321542,-515,-2676
6003,745,3,9127,3002180535,-1943,5253
6003,746,0,9128,3003039528,1438,1573
6003,746,1,9129,3003898521,-3587,-996
6003,746,2,9130,3004757514,-2319,-599
6003,746,3,9131,3005616507,2910,-4968
6003,747,0,9132,3006475500,2547,-4274
6003,747,1,9133,3007334493,4187,-661
6003,747,2,9134,3008193486,1885,3304
6003,747,3,9135,3009052479,2389,-1601
6003,748,0,9136,3009911472,1953,-10101
6003,748,1,9137,3010770465,-4193,521
6003,748,2,9138,3011629458,-433,5042
6003,748,3,9139,3012488451,3901,-6543
6003,749,0,9140,3013347444,4169,-5056
6003,749,1,9141,3014206437,3144,551
6003,749,2,9142,3015065430,-2124,999
6003,749,3,9143,3015924423,-2385,640
6003,750,0,9144,3016783416,-2271,-5273
6003,750,1,9145,3017642409,-1955,-6077
6003,750,2,9146,3018501402,3064,986
6003,750,3,9147,3019360395,2215,4889
6003,751,0,9148,3020219388,-1469,4435
6003,751,1,9149,3021078381,-2134,-787
6003,751,2,9150,3021937374,-1726,-5516
6003,751,3,9151,3022796367,-1734,815
6003,752,0,9152,3023655360,-2873,9578
6003,752,1,9153,3024514353,-1018,5133
6003,752,2,9154,3025373346,5078,-3678
6003,752,3,9155,3026232339,8201,-4683
6003,753,0,9156,3027091332,1386,-2897
6003,753,1,9157,3027950325,-751,-692
6003,753,2,9158,3028809318,6431,627
6003,753,3,9159,3029668311,2100,-727
6003,754,0,9160,3030527304,-4300,-1020
6003,754,1,9161,3031386297,-3729,-7
6003,754,2,9162,3032245290,-4105,-867
6003,754,3,9163,3033104283,1657,-6714
6003,755,0,9164,3033963276,3302,-9041
6003,755,1,9165,3034822269,-2976,-2628
6003,755,2,9166,3035681262,-4282,-1781
6003,755,3,9167,3036540255,-3305,-4016
6003,756,0,9168,3037399248,-465,-175
6003,756,1,9169,3038258241,1073,4287
6003,756,2,9170,3039117234,1168,7515
6003,756,3,9171,3039976227,3124,4674
6003,757,0,9172,3040835220,1596,1105
6003,757,1,9173,3041694213,13,3444
6003,757,2,9174,3042553206,406,1329
6003,757,3,9175,3043412199,4220,-3100
6003,758,0,9176,3044271192,5508,-4174
6003,758,1,9177,3045130185,-1730,108
6003,758,2,9178,3045989178,1191,3965
6003,758,3,9179,3046848171,5723,-1065
6003,759,0,9180,3047707164,-3791,251
6003,759,1,9181,3048566157,-4085,1545
6003,759,2,9182,3049425150,4045,-3566
6003,759,3,9183,3050284143,180,84
6003,760,0,9184,3051143136,-3173,-4709
6003,760,1,9185,3052002129,5105,-9038
6003,760,2,9186,3052861122,4803,-1379
6003,760,3,9187,3053720115,-2653,-5273
6003,761,0,9188,3054579108,44,-4440
6003,761,1,9189,3055438101,-1401,113
6003,761,2,9190,3056297094,-3342,-3220
6003,761,3,9191,3057156087,-903,1277
6003,762,0,9192,3058015080,-4686,-1850
6003,762,1,9193,3058874073,1732,-5407
6003,762,2,9194,3059733066,5191,2518
6003,762,3,9195,3060592059,-2576,224
6003,763,0,9196,3061451052,622,-6417
6003,763,1,9197,3062310045,1405,-5420
6003,763,2,9198,3063169038,-1498,2568
6003,763,3,9199,3064028031,-3952,3048
6003,764,0,9200,3064887024,-5824,-503
6003,764,1,9201,3065746017,2125,10412
6003,764,2,9202,3066605010,1693,6045
6003,764,3,9203,3067464003,1710,-4952
6003,765,0,9204,3068322996,6132,649
6003,765,1,9205,3069181989,-79,-5432
6003,765,2,9206,3070040982,4064,-3706
6003,765,3,9207,3070899975,4611,5604
6003,766,0,9208,3071758968,-2443,-3140
6003,766,1,9209,3072617961,2807,-1795
6003,766,2,9210,3073476954,-430,2422
6003,766,3,9211,3074335947,-2501,-1267
6003,767,0,9212,3075194940,1899,246
6003,767,1,9213,3076053933,-2187,-2644
6003,767,2,9214,3076912926,1467,-1888
6003,767,3,9215,3077771919,4805,1691
6003,768,0,9216,3078630912,-2342,-2591
6003,768,1,9217,3079489905,-2479,-2357
6003,768,2,9218,3080348898,4376,2069
6003,768,3,9219,3081207891,1561,10
6003,769,0,9220,3082066884,-3514,-4214
6003,769,1,9221,3082925877,2844,-853
6003,769,2,9222,3083784870,1989,506
6003,769,3,9223,3084643863,-554,-1537
6003,770,0,9224,3085502856,2011,2758
6003,770,1,9225,3086361849,-2955,-221
6003,770,2,9226,3087220842,2749,-2755
6003,770,3,9227,3088079835,1464,1431
6003,771,0,9228,3088938828,-7092,-3687
6003,771,1,9229,3089797821,4918,-4353
6003,771,2,9230,3090656814,2405,-2360
6003,771,3,9231,3091515807,-1966,-5861
6003,772,0,9232,3092374800,3707,-2130
6003,772,1,9233,3093233793,-9735,1067
6003,772,2,9234,3094092786,-7255,2795
6003,772,3,9235,3094951779,3396,5471
6003,773,0,9236,3095810772,-2765,4398
6003,773,1,9237,3096669765,-140,1294
6003,773,2,9238,3097528758,5137,-4451
6003,773,3,9239,3098387751,5264,-1375
6003,774,0,9240,3099246744,-1235,1957
6003,774,1,9241,3100105737,-3201,-5272
6003,774,2,9242,3100964730,5854,-1642
6003,774,3,9243,3101823723,1530,3758
6003,775,0,9244,3102682716,307,804
6003,775,1,9245,3103541709,4110,2348
6003,775,2,9246,3104400702,-15,286
6003,775,3,9247,3105259695,5862,-1444
6003,776,0,9248,3106118688,4016,129
6003,776,1,9249,3106977681,-13,-6907
6003,776,2,9250,3107836674,7750,-6559
6003,776,3,9251,3108695667,3606,2435
6003,777,0,9252,3109554660,58,-2198
6003,777,1,9253,3110413653,1648,-3790
6003,777,2,9254,3111272646,44,6115
6003,777,3,9255,3112131639,1388,874
6003,778,0,9256,3112990632,-2563,-5536
6003,778,1,9257,3113849625,-3348,2231
6003,778,2,9258,3114708618,1366,-356
6003,778,3,9259,3115567611,1532,-7408
6003,779,0,9260,3116426604,955,-3672
6003,779,1,9261,3117285597,-2265,818
6003,779,2,9262,3118144590,-2747,987
6003,779,3,9263,3119003583,-2039,-1546
6003,780,0,9264,3119862576,-6570,-300
6003,780,1,9265,3120721569,-6871,1937
6003,780,2,9266,3121580562,-3473,294
6003,780,3,9267,3122439555,1745,648
6003,781,0,9268,3123298548,5112,1760
6003,781,1,9269,3124157541,2766,3621
6003,781,2,9270,3125016534,4511,-82
6003,781,3,9271,3125875527,7178,-7455
6003,782,0,9272,3126734520,4731,-1915
6003,782,1,9273,3127593513,1903,3891
6003,782,2,9274,3128452506,1694,3418
6003,782,3,9275,3129311499,2499,2968
6003,783,0,9276,3130170492,-1316,-4046
6003,783,1,9277,3131029485,-2581,-4536
6003,783,2,9278,3131888478,1816,1009
6003,783,3,9279,3132747471,1709,-4447
6003,784,0,9280,3133606464,1348,-9639
6003,784,1,9281,3134465457,661,-4078
6003,784,2,9282,3135324450,-5973,4603
6003,784,3,9283,3136183443,-6708,5749
6003,785,0,9284,3137042436,2107,823
6003,785,1,9285,3137901429,5483,-298
6003,785,2,9286,3138760422,73,2294
6003,785,3,9287,3139619415,-4186,2715
6003,786,0,9288,3140478408,-5289,-1116
6003,786,1,9289,3141337401,-161,-2154
6003,786,2,9290,3142196394,7422,-284
6003,786,3,9291,3143055387,4192,332
6003,787,0,9292,3143914380,3,3035
6003,787,1,9293,3144773373,-413,1291
6003,787,2,9294,3145632366,-1442,-3625
6003,787,3,9295,3146491359,4623,-6340
6003,788,0,9296,3147350352,2521,-4900
6003,788,1,9297,3148209345,-4966,4364
6003,788,2,9298,3149068338,4078,1817
6003,788,3,9299,3149927331,7590,-6441
6003,789,0,9300,3150786324,-1418,-1266
6003,789,1,9301,3151645317,-3451,-1422
6003,789,2,9302,3152504310,-83,-4229
6003,789,3,9303,3153363303,3585,-4268
6003,790,0,9304,3154222296,2843,-3767
6003,790,1,9305,3155081289,1569,3389
6003,790,2,9306,3155940282,1959,1535
6003,790,3,9307,3156799275,-3407,73
6003,791,0,9308,3157658268,-2794,3924
6003,791,1,9309,3158517261,3488,-2258
6003,791,2,9310,3159376254,-659,-2659
6003,791,3,9311,3160235247,-2081,-297
6003,792,0,9312,3161094240,6508,-1219
6003,792,1,9313,3161953233,3299,-4256
6003,792,2,9314,3162812226,-3586,-11884
6003,792,3,9315,3163671219,4380,-4484
6003,793,0,9316,3164530212,2579,1767
6003,793,1,9317,3165389205,-3585,-1436
6003,793,2,9318,3166248198,4852,3068
6003,793,3,9319,3167107191,-769,-946
6003,794,0,9320,3167966184,-5102,-2352
6003,794,1,9321,3168825177,5107,1187
6003,794,2,9322,3169684170,-2964,-4050
6003,794,3,9323,3170543163,-6603,-1004
6003,795,0,9324,3171402156,3344,-1068
6003,795,1,9325,3172261149,1208,-2274
6003,795,2,9326,3173120142,-2013,3566
6003,795,3,9327,3173979135,-1625,-1234
6003,796,0,9328,3174838128,523,-928
6003,796,1,9329,3175697121,1246,1892
6003,796,2,9330,3176556114,-1106,-2242
6003,796,3,9331,3177415107,942,1825
6003,797,0,9332,3178274100,-2374,405
6003,797,1,9333,3179133093,-4756,-4970
6003,797,2,9334,3179992086,-1654,-2219
6003,797,3,9335,3180851079,-2704,-3284
6003,798,0,9336,3181710072,2195,-4582
6003,798,1,9337,3182569065,5057,-574
6003,798,2,9338,3183428058,33,-709
6003,798,3,9339,3184287051,-2111,-4372
6003,799,0,9340,3185146044,-2373,1007
6003,799,1,9341,3186005037,1491,6163
6003,799,2,9342,3186864030,2199,-512
6003,799,3,9343,3187723023,-1675,99
6003,800,0,9344,3188582016,-1716,3878
6003,800,1,9345,3189441009,-3576,-1272
6003,800,2,9346,3190300002,-5107,-1144
6003,800,3,9347,3191158995,-2690,-2206
6003,801,0,9348,3192017988,1167,-6668
6003,801,1,9349,3192876981,2620,-3229
6003,801,2,9350,3193735974,1762,-2168
6003,801,3,9351,3194594967,2300,-4322
6003,802,0,9352,3195453960,-1633,2254
6003,802,1,9353,3196312953,-3488,10196
6003,802,2,9354,3197171946,-1941,5375
6003,802,3,9355,3198030939,-3241,-446
6003,803,0,9356,3198889932,2419,4439
6003,803,1,9357,3199748925,5791,3829
6003,803,2,9358,3200607918,2812,-563
6003,803,3,9359,3201466911,407,1066
6003,804,0,9360,3202325904,-5851,-1550
6003,804,1,9361,3203184897,-6917,-4605
6003,804,2,9362,3204043890,-3053,-3950
6003,804,3,9363,3204902883,1157,-2505
6003,805,0,9364,3205761876,2805,2259
6003,805,1,9365,3206620869,-1455,3025
6003,805,2,9366,3207479862,954,2340
6003,805,3,9367,3208338855,1415,2807
6003,806,0,9368,3209197848,-1814,-3002
6003,806,1,9369,3210056841,2222,-1859
6003,806,2,9370,3210915834,2464,1925
6003,806,3,9371,3211774827,869,-6054
6003,807,0,9372,3212633820,-1474,-4064
6003,807,1,9373,3213492813,234,2326
6003,807,2,9374,3214351806,5029,-6700
6003,807,3,9375,3215210799,-551,-6146
6003,808,0,9376,3216069792,3241,4391
6003,808,1,9377,3216928785,3941,2025
6003,808,2,9378,3217787778,-7750,-1479
6003,808,3,9379,3218646771,-106,1210
6003,809,0,9380,3219505764,2717,2643
6003,809,1,9381,3220364757,-3373,3947
6003,809,2,9382,3221223750,4333,4982
6003,809,3,9383,3222082743,4422,3894
6003,810,0,9384,3222941736,604,2132
6003,810,1,9385,3223800729,1177,1043
6003,810,2,9386,3224659722,926,-407
6003,810,3,9387,3225518715,3009,1613
6003,811,0,9388,3226377708,-1193,6198
6003,811,1,9389,3227236701,-3650,2595
6003,811,2,9390,3228095694,2516,-2416
6003,811,3,9391,3228954687,2847,-2556
6003,812,0,9392,3229813680,503,-3857
6003,812,1,9393,3230672673,4428,893
6003,812,2,9394,3231531666,5691,5828
6003,812,3,9395,3232390659,2730,2196
6003,813,0,9396,3233249652,4921,2253
6003,813,1,9397,3234108645,4286,303
6003,813,2,9398,3234967638,-1019,-5405
6003,813,3,9399,3235826631,-1155,-640
6003,814,0,9400,3236685624,-1260,2217
6003,814,1,9401,3237544617,-1612,-1654
6003,814,2,9402,3238403610,457,994
6003,814,3,9403,3239262603,2320,3105
6003,815,0,9404,3240121596,726,1024
6003,815,1,9405,3240980589,-2634,-705
6003,815,2,9406,3241839582,-670,-4646
6003,815,3,9407,3242698575,-1743,-4896
6003,816,0,9408,3243557568,-1135,-391
6003,816,1,9409,3244416561,2169,-878
6003,816,2,9410,3245275554,-5990,-4511
6003,816,3,9411,3246134547,-3389,-1601
6003,817,0,9412,3246993540,2899,3583
6003,817,1,9413,3247852533,-6889,-621
6003,817,2,9414,3248711526,-5601,-3893
6003,817,3,9415,3249570519,670,647
6003,818,0,9416,3250429512,-964,587
6003,818,1,9417,3251288505,-582,692
6003,818,2,9418,3252147498,-1437,1464
6003,818,3,9419,3253006491,-843,-2011
6003,819,0,9420,3253865484,-149,-174
6003,819,1,9421,3254724477,-632,1853
6003,819,2,9422,3255583470,5,1857
6003,819,3,9423,3256442463,270,1399
6003,820,0,9424,3257301456,-949,-1250
6003,820,1,9425,3258160449,-6294,2351
6003,820,2,9426,3259019442,-3747,1345
6003,820,3,9427,3259878435,783,-2424
6003,821,0,9428,3260737428,-2703,1248
6003,821,1,9429,3261596421,1129,-2799
6003,821,2,9430,3262455414,3911,-4164
6003,821,3,9431,3263314407,-368,-770
6003,822,0,9432,3264173400,-3429,-3357
6003,822,1,9433,3265032393,-1737,-1844
6003,822,2,9434,3265891386,6490,-3724
6003,822,3,9435,3266750379,6104,-926
6003,823,0,9436,3267609372,2538,3016
6003,823,1,9437,3268468365,1511,-9459
6003,823,2,9438,3269327358,-4590,-6059
6003,823,3,9439,3270186351,-3290,3628
6003,824,0,9440,3271045344,-2251,-661
6003,824,1,9441,3271904337,-5733,6984
6003,824,2,9442,3272763330,-6739,6608
6003,824,3,9443,3273622323,-6912,-2861
6003,825,0,9444,3274481316,25,2972
6003,825,1,9445,3275340309,1324,498
6003,825,2,9446,3276199302,1542,-6198
6003,825,3,9447,3277058295,6724,-941
6003,826,0,9448,3277917288,651,195
6003,826,1,9449,3278776281,1275,-752
6003,826,2,9450,3279635274,5299,1761
6003,826,3,9451,3280494267,3721,-149
6003,827,0,9452,3281353260,9987,383
6003,827,1,9453,3282212253,6480,5484
6003,827,2,9454,3283071246,-776,2214
6003,827,3,9455,3283930239,635,25
6003,828,0,9456,3284789232,381,4340
6003,828,1,9457,3285648225,4151,581
6003,828,2,9458,3286507218,2878,-2873
6003,828,3,9459,3287366211,-5165,-3484
6003,829,0,9460,3288225204,-3190,-4331
6003,829,1,9461,3289084197,2564,1830
6003,829,2,9462,3289943190,2069,2299
6003,829,3,9463,3290802183,496,1477
6003,830,0,9464,3291661176,1000,3073
6003,830,1,9465,3292520169,-2369,-1673
6003,830,2,9466,3293379162,-4271,6129
6003,830,3,9467,3294238155,-1449,8835
6003,831,0,9468,3295097148,-1044,-6817
6003,831,1,9469,3295956141,-2422,-5265
6003,831,2,9470,3296815134,-4067,191
6003,831,3,9471,3297674127,2234,-5606
6003,832,0,9472,3298533120,5194,-3423
6003,832,1,9473,3299392113,-2659,351
6003,832,2,9474,3300251106,3830,613
6003,832,3,9475,3301110099,7998,-2656
6003,833,0,9476,3301969092,-390,-6437
6003,833,1,9477,3302828085,-2259,-1417
6003,833,2,9478,3303687078,-6154,1300
6003,833,3,9479,3304546071,-2862,-1697
6003,834,0,9480,3305405064,2011,-1830
6003,834,1,9481,3306264057,41,406
6003,834,2,9482,3307123050,9063,563
6003,834,3,9483,3307982043,6275,-3742
6003,835,0,9484,3308841036,-5088,-1192
6003,835,1,9485,3309700029,-3419,3126
6003,835,2,9486,3310559022,-5036,-1457
6003,835,3,9487,3311418015,-3500,1946
6003,836,0,9488,3312277008,-1236,3091
6003,836,1,9489,3313136001,-3595,-5950
6003,836,2,9490,3313994994,5749,-266
6003,836,3,9491,3314853987,8892,4622
6003,837,0,9492,3315712980,-3605,-531
6003,837,1,9493,3316571973,-7480,4149
6003,837,2,9494,3317430966,-997,3455
6003,837,3,9495,3318289959,206,-1842
6003,838,0,9496,3319148952,-2711,2316
6003,838,1,9497,3320007945,-2883,-716
6003,838,2,9498,3320866938,-697,-4170
6003,838,3,9499,3321725931,-91,2106
6003,839,0,9500,3322584924,-6727,2412
6003,839,1,9501,3323443917,-5995,664
6003,839,2,9502,3324302910,3856,3812
6003,839,3,9503,3325161903,-411,1868
6003,840,0,9504,3326020896,-2482,-4641
6003,840,1,9505,3326879889,4671,-2591
6003,840,2,9506,3327738882,646,4025
6003,840,3,9507,3328597875,-947,-2599
6003,841,0,9508,3329456868,5230,-6505
6003,841,1,9509,3330315861,4423,4268
6003,841,2,9510,3331174854,-3456,2682
6003,841,3,9511,3332033847,-4011,-1751
6003,842,0,9512,3332892840,4075,5561
6003,842,1,9513,3333751833,918,960
6003,842,2,9514,3334610826,-2514,-2392
6003,842,3,9515,3335469819,2057,5497
6003,843,0,9516,3336328812,-2458,1493
6003,843,1,9517,3337187805,-5476,-1213
6003,843,2,9518,3338046798,-2625,3554
6003,843,3,9519,3338905791,-346,-1987
6003,844,0,9520,3339764784,765,-4421
6003,844,1,9521,3340623777,-1594,2915
6003,844,2,9522,3341482770,1962,2142
6003,844,3,9523,3342341763,2465,-1179
6003,845,0,9524,3343200756,-988,5504
6003,845,1,9525,3344059749,4241,7251
6003,845,2,9526,3344918742,-48,1461
6003,845,3,9527,3345777735,-6321,-236
6003,846,0,9528,3346636728,688,-4633
6003,846,1,9529,3347495721,677,-127
6003,846,2,9530,3348354714,-4282,11694
6003,846,3,9531,3349213707,-1503,3011
6003,847,0,9532,3350072700,1733,-1200
6003,847,1,9533,3350931693,2258,7290
6003,847,2,9534,3351790686,3366,-1032
6003,847,3,9535,3352649679,2381,-7955
6003,848,0,9536,3353508672,1542,-7330
6003,848,1,9537,3354367665,4569,-9079
6003,848,2,9538,3355226658,1124,-4096
6003,848,3,9539,3356085651,-985,-2787
6003,849,0,9540,3356944644,3388,-4418
6003,849,1,9541,3357803637,-2626,-1954
6003,849,2,9542,3358662630,-3146,352
6003,849,3,9543,3359521623,2244,4601
6003,850,0,9544,3360380616,-5687,2663
6003,850,1,9545,3361239609,-4589,-58
6003,850,2,9546,3362098602,2024,845
6003,850,3,9547,3362957595,-4580,-4047
6003,851,0,9548,3363816588,-7358,-1167
6003,851,1,9549,3364675581,-2678,2653
6003,851,2,9550,3365534574,896,-3521
6003,851,3,9551,3366393567,1175,-446
6003,852,0,9552,3367252560,708,3700
6003,852,1,9553,3368111553,2391,1389
6003,852,2,9554,3368970546,1991,2588
6003,852,3,9555,3369829539,864,-3210
6003,853,0,9556,3370688532,-1069,-6915
6003,853,1,9557,3371547525,-637,3806
6003,853,2,9558,3372406518,1256,3941
6003,853,3,9559,3373265511,-5170,-7224
6003,854,0,9560,3374124504,-5308,-4925
6003,854,1,9561,3374983497,1334,3215
6003,854,2,9562,3375842490,420,2097
6003,854,3,9563,3376701483,3813,-2763
6003,855,0,9564,3377560476,5676,-1320
6003,855,1,9565,3378419469,-178,3065
6003,855,2,9566,3379278462,-924,1355
6003,855,3,9567,3380137455,-2220,3013
6003,856,0,9568,3380996448,-2233,3104
6003,856,1,9569,3381855441,2646,-7259
6003,856,2,9570,3382714434,365,-2777
6003,856,3,9571,3383573427,-2554,5918
6003,857,0,9572,3384432420,-220,373
6003,857,1,9573,3385291413,-3102,5812
6003,857,2,9574,3386150406,-2896,11376
6003,857,3,9575,3387009399,2812,5015
6003,858,0,9576,3387868392,-2753,3595
6003,858,1,9577,3388727385,-5129,991
6003,858,2,9578,3389586378,1702,-190
6003,858,3,9579,3390445371,-1117,2761
6003,859,0,9580,3391304364,-1306,2207
6003,859,1,9581,3392163357,1423,2518
6003,859,2,9582,3393022350,-2719,2185
6003,859,3,9583,3393881343,-6399,3448
6003,860,0,9584,3394740336,-10354,1777
6003,860,1,9585,3395599329,-4071,-5705
6003,860,2,9586,3396458322,-289,-3201
6003,860,3,9587,3397317315,-6537,278
6003,861,0,9588,3398176308,1287,-2014
6003,861,1,9589,3399035301,2291,-292
6003,861,2,9590,3399894294,-2441,-1775
6003,861,3,9591,3400753287,2432,-2343
6003,862,0,9592,3401612280,1587,857
6003,862,1,9593,3402471273,8406,-1745
6003,862,2,9594,3403330266,4978,-2315
6003,862,3,9595,3404189259,-7437,-1882
6003,863,0,9596,3405048252,2898,-6799
6003,863,1,9597,3405907245,3672,-3965
6003,863,2,9598,3406766238,1047,2321
6003,863,3,9599,3407625231,6997,473
6003,864,0,9600,3408484224,-1613,2089
6003,864,1,9601,3409343217,-4189,3168
6003,864,2,9602,3410202210,-2467,-1328
6003,864,3,9603,3411061203,-5159,-132
6003,865,0,9604,3411920196,-1448,-4420
6003,865,1,9605,3412779189,2583,-6463
6003,865,2,9606,3413638182,882,5808
6003,865,3,9607,3414497175,-4584,4440
6003,866,0,9608,3415356168,2003,-1435
6003,866,1,9609,3416215161,2016,5758
6003,866,2,9610,3417074154,-7493,4030
6003,866,3,9611,3417933147,1058,-4474
6003,867,0,9612,3418792140,-578,-5039
6003,867,1,9613,3419651133,1281,2763
6003,867,2,9614,3420510126,12165,4384
6003,867,3,9615,3421369119,-1012,-3504
6003,868,0,9616,3422228112,392,2740
6003,868,1,9617,3423087105,4554,6698
6003,868,2,9618,3423946098,-166,-2997
6003,868,3,9619,3424805091,9336,968
6003,869,0,9620,3425664084,-2433,4154
6003,869,1,9621,3426523077,-7955,-1225
6003,869,2,9622,3427382070,3233,913
6003,869,3,9623,3428241063,-2707,2481
6003,870,0,9624,3429100056,-71,3530
6003,870,1,9625,3429959049,2223,4343
6003,870,2,9626,3430818042,3025,2707
6003,870,3,9627,3431677035,7939,1305
6003,871,0,9628,3432536028,670,-3386
6003,871,1,9629,3433395021,3871,-2358
6003,871,2,9630,3434254014,2260,2012
6003,871,3,9631,3435113007,-8056,460
6003,872,0,9632,3435972000,1131,1390
6003,872,1,9633,3436830993,6582,1781
6003,872,2,9634,3437689986,-723,-1000
6003,872,3,9635,3438548979,-5103,-2897
6003,873,0,9636,3439407972,1730,-2461
6003,873,1,9637,3440266965,7417,3883
6003,873,2,9638,3441125958,2721,4511
6003,873,3,9639,3441984951,6585,-222
6003,874,0,9640,3442843944,5474,2274
6003,874,1,9641,3443702937,-2376,-857
6003,874,2,9642,3444561930,-1414,-8183
6003,874,3,9643,3445420923,-3723,-4626
6003,875,0,9644,3446279916,1653,123
6003,875,1,9645,3447138909,7874,1475
6003,875,2,9646,3447997902,1297,1984
6003,875,3,9647,3448856895,63,-1933
6003,876,0,9648,3449715888,736,-2699
6003,876,1,9649,3450574881,-142,391
6003,876,2,9650,3451433874,-1589,-1847
6003,876,3,9651,3452292867,-4508,-4030
6003,877,0,9652,3453151860,-4461,-2294
6003,877,1,9653,3454010853,-5219,513
6003,877,2,9654,3454869846,621,3564
6003,877,3,9655,3455728839,3871,1274
6003,878,0,9656,3456587832,-4381,-1944
6003,878,1,9657,3457446825,-2355,-899
6003,878,2,9658,3458305818,4576,-1672
6003,878,3,9659,3459164811,3300,-662
6003,879,0,9660,3460023804,-58,-152
6003,879,1,9661,3460882797,-3242,-1579
6003,879,2,9662,3461741790,-3105,4361
6003,879,3,9663,3462600783,-647,3413
6003,880,0,9664,3463459776,2835,-6073
6003,880,1,9665,3464318769,4262,-3786
6003,880,2,9666,3465177762,1943,1995
6003,880,3,9667,3466036755,3906,1318
6003,881,0,9668,3466895748,2397,-390
6003,881,1,9669,3467754741,-3690,1109
6003,881,2,9670,3468613734,149,3234
6003,881,3,9671,3469472727,863,-1378
6003,882,0,9672,3470331720,-3629,-2652
6003,882,1,9673,3471190713,5469,1340
6003,882,2,9674,3472049706,12439,1608
6003,882,3,9675,3472908699,7272,3895
6003,883,0,9676,3473767692,1512,1317
6003,883,1,9677,3474626685,-5927,-4536
6003,883,2,9678,3475485678,-4728,-2498
6003,883,3,9679,3476344671,4696,1456
6003,884,0,9680,3477203664,5144,7731
6003,884,1,9681,3478062657,1039,7070
6003,884,2,9682,3478921650,-1284,936
6003,884,3,9683,3479780643,890,4546
6003,885,0,9684,3480639636,1523,2928
6003,885,1,9685,3481498629,-3716,-2149
6003,885,2,9686,3482357622,-1659,-3136
6003,885,3,9687,3483216615,1256,-5061
6003,886,0,9688,3484075608,1016,951
6003,886,1,9689,3484934601,2064,-2164
6003,886,2,9690,3485793594,-2949,-12344
6003,886,3,9691,3486652587,-5783,-5030
6003,887,0,9692,3487511580,-1334,-1138
6003,887,1,9693,3488370573,5186,-2742
6003,887,2,9694,3489229566,4345,4280
6003,887,3,9695,3490088559,-2218,4877
6003,888,0,9696,3490947552,1649,231
6003,888,1,9697,3491806545,1542,-286
6003,888,2,9698,3492665538,-672,-7
6003,888,3,9699,3493524531,4913,512
6003,889,0,9700,3494383524,-1006,1606
6003,889,1,9701,3495242517,-4397,1714
6003,889,2,9702,3496101510,167,4119
6003,889,3,9703,3496960503,1303,5492
6003,890,0,9704,3497819496,-1841,-620
6003,890,1,9705,3498678489,-12478,600
6003,890,2,9706,3499537482,-3955,4431
6003,890,3,9707,3500396475,8677,-4069
6003,891,0,9708,3501255468,-2361,-4557
6003,891,1,9709,3502114461,-4606,2569
6003,891,2,9710,3502973454,560,5077
6003,891,3,9711,3503832447,2676,2928
6003,892,0,9712,3504691440,4837,-3420
6003,892,1,9713,3505550433,198,3771
6003,892,2,9714,3506409426,-1005,7431
6003,892,3,9715,3507268419,-2598,-2704
6003,893,0,9716,3508127412,131,933
6003,893,1,9717,3508986405,4746,2399
6003,893,2,9718,3509845398,-2178,685
6003,893,3,9719,3510704391,152,5739
6003,894,0,9720,3511563384,322,1849
6003,894,1,9721,3512422377,-7864,1881
6003,894,2,9722,3513281370,-4340,-229
6003,894,3,9723,3514140363,-2223,-7195
6003,895,0,9724,3514999356,940,-2915
6003,895,1,9725,3515858349,2098,-1941
6003,895,2,9726,3516717342,-5348,2436
6003,895,3,9727,3517576335,-3111,7622
6003,896,0,9728,3518435328,2488,-1548
6003,896,1,9729,3519294321,6708,-2933
6003,896,2,9730,3520153314,4590,3451
6003,896,3,9731,3521012307,-6922,2475
6003,897,0,9732,3521871300,-3998,-3924
6003,897,1,9733,3522730293,2832,-3602
6003,897,2,9734,3523589286,-2484,5438
6003,897,3,9735,3524448279,-2339,-317
6003,898,0,9736,3525307272,562,-7702
6003,898,1,9737,3526166265,-2455,951
6003,898,2,9738,3527025258,-4979,2778
6003,898,3,9739,3527884251,-6756,2156
6003,899,0,9740,3528743244,-3576,5312
6003,899,1,9741,3529602237,3541,283
6003,899,2,9742,3530461230,3046,-3363
6003,899,3,9743,3531320223,2111,-812
6003,900,0,9744,3532179216,1039,701
6003,900,1,9745,3533038209,-6091,613
6003,900,2,9746,3533897202,-5305,2076
6003,900,3,9747,3534756195,-2748,4316
6003,901,0,9748,3535615188,-2466,1765
6003,901,1,9749,3536474181,265,-2455
6003,901,2,9750,3537333174,-5558,-1306
6003,901,3,9751,3538192167,-5714,486
6003,902,0,9752,3539051160,-1225,-127
6003,902,1,9753,3539910153,-2732,2141
6003,902,2,9754,3540769146,3560,-1311
6003,902,3,9755,3541628139,7,-10099
6003,903,0,9756,3542487132,-7046,-2745
6003,903,1,9757,3543346125,2295,4948
6003,903,2,9758,3544205118,-1214,-4898
6003,903,3,9759,3545064111,-10293,-4702
6003,904,0,9760,3545923104,-1647,3763
6003,904,1,9761,3546782097,6134,777
6003,904,2,9762,3547641090,2454,235
6003,904,3,9763,3548500083,-1880,410
6003,905,0,9764,3549359076,2152,-4339
6003,905,1,9765,3550218069,4311,-160
6003,905,2,9766,3551077062,-959,2661
6003,905,3,9767,3551936055,-232,351
6003,906,0,9768,3552795048,1931,3439
6003,906,1,9769,3553654041,-3255,-235
6003,906,2,9770,3554513034,-1706,-1390
6003,906,3,9771,3555372027,3338,4341
6003,907,0,9772,3556231020,-4066,-3949
6003,907,1,9773,3557090013,-4803,-6122
6003,907,2,9774,3557949006,601,4062
6003,907,3,9775,3558807999,-6454,5696
6003,908,0,9776,3559666992,-2438,7223
6003,908,1,9777,3560525985,4313,8625
6003,908,2,9778,3561384978,-3363,6755
6003,908,3,9779,3562243971,-550,4079
6003,909,0,9780,3563102964,1967,1410
6003,909,1,9781,3563961957,-2524,3420
6003,909,2,9782,3564820950,2663,147
6003,909,3,9783,3565679943,5151,-218
6003,910,0,9784,3566538936,19,4174
6003,910,1,9785,3567397929,-2002,-2489
6003,910,2,9786,3568256922,2606,-3753
6003,910,3,9787,3569115915,5092,-1112
6003,911,0,9788,3569974908,3862,-393
6003,911,1,9789,3570833901,3516,5968
6003,911,2,9790,3571692894,-2009,1838
6003,911,3,9791,3572551887,-537,-4219
6003,912,0,9792,3573410880,4930,-2561
6003,912,1,9793,3574269873,-1165,-3412
6003,912,2,9794,3575128866,-2030,564
6003,912,3,9795,3575987859,2496,7290
6003,913,0,9796,3576846852,2366,5597
6003,913,1,9797,3577705845,-139,-3217
6003,913,2,9798,3578564838,51,-5969
6003,913,3,9799,3579423831,2847,-2495
6003,914,0,9800,3580282824,-4827,-1412
6003,914,1,9801,3581141817,-5377,-499
6003,914,2,9802,3582000810,2088,-5438
6003,914,3,9803,3582859803,-4299,-1674
6003,915,0,9804,3583718796,-2359,4574
6003,915,1,9805,3584577789,1033,-8517
6003,915,2,9806,3585436782,-4755,-1862
6003,915,3,9807,3586295775,353,9776
6003,916,0,9808,3587154768,1005,-1633
6003,916,1,9809,3588013761,-4636,1937
6003,916,2,9810,3588872754,-4472,3261
6003,916,3,9811,3589731747,-155,-791
6003,917,0,9812,3590590740,3915,5093
6003,917,1,9813,3591449733,-3155,-4007
6003,917,2,9814,3592308726,-2927,-4852
6003,917,3,9815,3593167719,3804,2349
6003,918,0,9816,3594026712,-2987,-6962
6003,918,1,9817,3594885705,-2377,-8167
6003,918,2,9818,3595744698,1801,553
6003,918,3,9819,3596603691,-1286,5700
6003,919,0,9820,3597462684,944,4670
6003,919,1,9821,3598321677,-932,-1419
6003,919,2,9822,3599180670,-3455,-3528
6003,919,3,9823,3600039663,-2038,-2496
6003,920,0,9824,3600898656,-4579,871
6003,920,1,9825,3601757649,-869,3477
6003,920,2,9826,3602616642,2136,561
6003,920,3,9827,3603475635,728,-2649
6003,921,0,9828,3604334628,4455,-1347
6003,921,1,9829,3605193621,-1146,1230
6003,921,2,9830,3606052614,-6196,771
6003,921,3,9831,3606911607,549,2345
6003,922,0,9832,3607770600,57,645
6003,922,1,9833,3608629593,1356,-5818
6003,922,2,9834,3609488586,1358,-5014
6003,922,3,9835,3610347579,-8155,-644
6003,923,0,9836,3611206572,-3317,2729
6003,923,1,9837,3612065565,4058,-2622
6003,923,2,9838,3612924558,2685,-9418
6003,923,3,9839,3613783551,2802,-3093
6003,924,0,9840,3614642544,529,-2731
6003,924,1,9841,3615501537,1424,-4126
6003,924,2,9842,3616360530,-46,-317
6003,924,3,9843,3617219523,660,-3478
6003,925,0,9844,3618078516,4084,-3543
6003,925,1,9845,3618937509,-6975,-3178
6003,925,2,9846,3619796502,-2877,-961
6003,925,3,9847,3620655495,7079,-410
6003,926,0,9848,3621514488,-2395,-8005
6003,926,1,9849,3622373481,945,-3373
6003,926,2,9850,3623232474,-325,-1270
6003,926,3,9851,3624091467,-10746,-4275
6003,927,0,9852,3624950460,-952,52
6003,927,1,9853,3625809453,5552,-2206
6003,927,2,9854,3626668446,2158,1818
6003,927,3,9855,3627527439,-69,4040
6003,928,0,9856,3628386432,3024,2007
6003,928,1,9857,3629245425,7013,5823
6003,928,2,9858,3630104418,-2516,-6982
6003,928,3,9859,3630963411,-4354,-9674
6003,929,0,9860,3631822404,4257,-1060
6003,929,1,9861,3632681397,3246,-9086
6003,929,2,9862,3633540390,-3361,-4927
6003,929,3,9863,3634399383,-7098,1438
6003,930,0,9864,3635258376,4250,-1532
6003,930,1,9865,3636117369,9844,1008
6003,930,2,9866,3636976362,24,-1146
6003,930,3,9867,3637835355,1675,202
6003,931,0,9868,3638694348,-2165,3667
6003,931,1,9869,3639553341,-6680,1494
6003,931,2,9870,3640412334,5238,32
6003,931,3,9871,3641271327,4024,-2647
6003,932,0,9872,3642130320,-1631,847
6003,932,1,9873,3642989313,-1945,3070
6003,932,2,9874,3643848306,-7038,-4548
6003,932,3,9875,3644707299,-714,-6164
6003,933,0,9876,3645566292,4710,1395
6003,933,1,9877,3646425285,-1125,5013
6003,933,2,9878,3647284278,-1121,-538
6003,933,3,9879,3648143271,1588,-1932
6003,934,0,9880,3649002264,4757,-939
6003,934,1,9881,3649861257,4753,-3767
6003,934,2,9882,3650720250,-1470,2176
6003,934,3,9883,3651579243,-1514,3161
6003,935,0,9884,3652438236,1690,-5542
6003,935,1,9885,3653297229,1984,-6544
6003,935,2,9886,3654156222,250,-3874
6003,935,3,9887,3655015215,267,3287
6003,936,0,9888,3655874208,4129,5109
6003,936,1,9889,3656733201,996,-3736
6003,936,2,9890,3657592194,1519,1056
6003,936,3,9891,3658451187,5096,5671
6003,937,0,9892,3659310180,-4386,-2356
6003,937,1,9893,3660169173,-788,2296
6003,937,2,9894,3661028166,6766,8576
6003,937,3,9895,3661887159,-3343,6170
6003,938,0,9896,3662746152,-2279,7077
6003,938,1,9897,3663605145,1718,-1100
6003,938,2,9898,3664464138,-3044,-4884
6003,938,3,9899,3665323131,-2964,6688
6003,939,0,9900,3666182124,-3307,4183
6003,939,1,9901,3667041117,-2782,-1773
6003,939,2,9902,3667900110,-1290,585
6003,939,3,9903,3668759103,2504,-1576
6003,940,0,9904,3669618096,4207,1610
6003,940,1,9905,3670477089,-133,1746
6003,940,2,9906,3671336082,1079,-3581
6003,940,3,9907,3672195075,-3554,1412
6003,941,0,9908,3673054068,-3586,6069
6003,941,1,9909,3673913061,7388,5265
6003,941,2,9910,3674772054,3869,4112
6003,941,3,9911,3675631047,2101,4419
6003,942,0,9912,3676490040,296,3520
6003,942,1,9913,3677349033,-6025,-299
6003,942,2,9914,3678208026,293,-1097
6003,942,3,9915,3679067019,-1185,-2842
6003,943,0,9916,3679926012,-3702,131
6003,943,1,9917,3680785005,-309,3668
6003,943,2,9918,3681643998,788,-3271
6003,943,3,9919,3682502991,6967,-2236
6003,944,0,9920,3683361984,-1050,73
6003,944,1,9921,3684220977,-6057,-2193
6003,944,2,9922,3685079970,5330,321
6003,944,3,9923,3685938963,2350,-6435
6003,945,0,9924,3686797956,-852,-11441
6003,945,1,9925,3687656949,2825,-7641
6003,945,2,9926,3688515942,-873,-2844
6003,945,3,9927,3689374935,-4333,4904
6003,946,0,9928,3690233928,-2463,3677
6003,946,1,9929,3691092921,-771,430
6003,946,2,9930,3691951914,-2365,-1050
6003,946,3,9931,3692810907,3230,-4357
6003,947,0,9932,3693669900,5170,934
6003,947,1,9933,3694528893,514,2445
6003,947,2,9934,3695387886,3640,-133
6003,947,3,9935,3696246879,-688,-266
6003,948,0,9936,3697105872,-1815,-1008
6003,948,1,9937,3697964865,3706,3134
6003,948,2,9938,3698823858,603,609
6003,948,3,9939,3699682851,1151,-3997
6003,949,0,9940,3700541844,-4868,-553
6003,949,1,9941,3701400837,-6919,355
6003,949,2,9942,3702259830,1445,1849
6003,949,3,9943,3703118823,-4323,1418
6003,950,0,9944,3703977816,-6446,-2893
6003,950,1,9945,3704836809,-3394,-2389
6003,950,2,9946,3705695802,378,3497
6003,950,3,9947,3706554795,5923,6320
6003,951,0,9948,3707413788,-2534,-1286
6003,951,1,9949,3708272781,-4101,-3492
6003,951,2,9950,3709131774,-450,2579
6003,951,3,9951,3709990767,-2234,1963
6003,952,0,9952,3710849760,1076,-1162
6003,952,1,9953,3711708753,-2627,423
6003,952,2,9954,3712567746,-4863,4417
6003,952,3,9955,3713426739,-3962,-3561
6003,953,0,9956,3714285732,-2355,-9779
6003,953,1,9957,3715144725,6419,911
6003,953,2,9958,3716003718,1768,237
6003,953,3,9959,3716862711,-3205,-2756
6003,954,0,9960,3717721704,1696,204
6003,954,1,9961,3718580697,-1748,-6269
6003,954,2,9962,3719439690,-4145,-2637
6003,954,3,9963,3720298683,-3866,881
6003,955,0,9964,3721157676,-4749,-4647
6003,955,1,9965,3722016669,-2655,-1533
6003,955,2,9966,3722875662,-566,-1086
6003,955,3,9967,3723734655,-2623,-3432
6003,956,0,9968,3724593648,-1333,-1947
6003,956,1,9969,3725452641,6567,-1230
6003,956,2,9970,3726311634,297,-813
6003,956,3,9971,3727170627,-2708,2147
6003,957,0,9972,3728029620,7001,2191
6003,957,1,9973,3728888613,-907,-7498
6003,957,2,9974,3729747606,-3002,-1914
6003,957,3,9975,3730606599,2612,9973
6003,958,0,9976,3731465592,-2114,170
6003,958,1,9977,3732324585,2389,-824
6003,958,2,9978,3733183578,3128,3946
6003,958,3,9979,3734042571,711,2422
6003,959,0,9980,3734901564,1228,10443
6003,959,1,9981,3735760557,-2266,5992
6003,959,2,9982,3736619550,4396,-2263
6003,959,3,9983,3737478543,1493,4437
6003,960,0,9984,3738337536,-6030,2229
6003,960,1,9985,3739196529,3501,-4883
6003,960,2,9986,3740055522,2868,1238
6003,960,3,9987,3740914515,-3443,8331
6003,961,0,9988,3741773508,-2648,1872
6003,961,1,9989,3742632501,-3865,-3065
6003,961,2,9990,3743491494,-2541,-1035
6003,961,3,9991,3744350487,-1462,-3353
6003,962,0,9992,3745209480,-3451,-1909
6003,962,1,9993,3746068473,-2701,-3346
6003,962,2,9994,3746927466,3508,-5222
6003,962,3,9995,3747786459,3619,1911
6003,963,0,9996,3748645452,-3942,-964
6003,963,1,9997,3749504445,-601,-1165
6003,963,2,9998,3750363438,4672,4823
6003,963,3,9999,3751222431,3726,-159
6003,964,0,10000,3752081424,4318,-210
6003,964,1,10001,3752940417,1852,281
6003,964,2,10002,3753799410,-47,-1626
6003,964,3,10003,3754658403,554,2280
6003,965,0,10004,3755517396,3126,-224
6003,965,1,10005,3756376389,4023,49
6003,965,2,10006,3757235382,-4505,3556
6003,965,3,10007,3758094375,-6541,-1530
6003,966,0,10008,3758953368,-210,-1860
6003,966,1,10009,3759812361,-278,2118
6003,966,2,10010,3760671354,-1181,2673
6003,966,3,10011,3761530347,-971,3998
6003,967,0,10012,3762389340,-1282,777
6003,967,1,10013,3763248333,1429,-3883
6003,967,2,10014,3764107326,4295,989
6003,967,3,10015,3764966319,3837,2227
6003,968,0,10016,3765825312,2685,-2957
6003,968,1,10017,3766684305,2725,1385
6003,968,2,10018,3767543298,-480,2719
6003,968,3,10019,3768402291,-3314,-593
6003,969,0,10020,3769261284,1711,5467
6003,969,1,10021,3770120277,6669,5881
6003,969,2,10022,3770979270,1769,429
6003,969,3,10023,3771838263,-4035,-836
6003,970,0,10024,3772697256,-1124,-1342
6003,970,1,10025,3773556249,1070,2964
6003,970,2,10026,3774415242,568,2790
6003,970,3,10027,3775274235,1274,-3281
6003,971,0,10028,3776133228,-223,266
6003,971,1,10029,3776992221,601,3111
6003,971,2,10030,3777851214,1159,611
6003,971,3,10031,3778710207,2367,3156
6003,972,0,10032,3779569200,5608,593
6003,972,1,10033,3780428193,-505,-4750
6003,972,2,10034,3781287186,-2094,1153
6003,972,3,10035,3782146179,1419,3402
6003,973,0,10036,3783005172,-4825,-803
6003,973,1,10037,3783864165,-2499,1699
6003,973,2,10038,3784723158,5442,2082
6003,973,3,10039,3785582151,2491,2174
6003,974,0,10040,3786441144,-4178,2807
6003,974,1,10041,3787300137,-6091,-2884
6003,974,2,10042,3788159130,1808,-697
6003,974,3,10043,3789018123,4815,2899
6003,975,0,10044,3789877116,-4057,10
6003,975,1,10045,3790736109,-6243,2005
6003,975,2,10046,3791595102,-737,438
6003,975,3,10047,3792454095,1455,-1525
6003,976,0,10048,3793313088,-1311,1997
6003,976,1,10049,3794172081,137,2032
6003,976,2,10050,3795031074,4876,2929
6003,976,3,10051,3795890067,2924,1614
6003,977,0,10052,3796749060,3332,-996
6003,977,1,10053,3797608053,4510,-324
6003,977,2,10054,3798467046,-850,-4579
6003,977,3,10055,3799326039,-3091,-2861
6003,978,0,10056,3800185032,-2066,3038
6003,978,1,10057,3801044025,1585,-3207
6003,978,2,10058,3801903018,3062,-6929
6003,978,3,10059,3802762011,-3502,-5113
6003,979,0,10060,3803621004,-5356,-7302
6003,979,1,10061,3804479997,-3238,-3569
6003,979,2,10062,3805338990,-2993,2765
6003,979,3,10063,3806197983,1589,4274
6003,980,0,10064,3807056976,2641,5485
6003,980,1,10065,3807915969,-877,5095
6003,980,2,10066,3808774962,2506,3826
6003,980,3,10067,3809633955,1464,-1245
6003,981,0,10068,3810492948,-5217,-5980
6003,981,1,10069,3811351941,1053,1082
6003,981,2,10070,3812210934,3280,1677
6003,981,3,10071,3813069927,-2567,-5941
6003,982,0,10072,3813928920,6182,-897
6003,982,1,10073,3814787913,5383,4795
6003,982,2,10074,3815646906,-5431,6255
6003,982,3,10075,3816505899,556,6675
6003,983,0,10076,3817364892,-530,1734
6003,983,1,10077,3818223885,-6709,1799
6003,983,2,10078,3819082878,-344,2727
6003,983,3,10079,3819941871,3156,4597
6003,984,0,10080,3820800864,2598,11101
6003,984,1,10081,3821659857,-3009,6343
6003,984,2,10082,3822518850,-4015,1627
6003,984,3,10083,3823377843,4204,6306
6003,985,0,10084,3824236836,82,3328
6003,985,1,10085,3825095829,-1157,-6865
6003,985,2,10086,3825954822,3958,-8319
6003,985,3,10087,3826813815,-1361,3986
6003,986,0,10088,3827672808,268,7615
6003,986,1,10089,3828531801,1467,973
6003,986,2,10090,3829390794,-2532,3301
6003,986,3,10091,3830249787,3551,-214
6003,987,0,10092,3831108780,2094,-5229
6003,987,1,10093,3831967773,-4500,899
6003,987,2,10094,3832826766,-813,3861
6003,987,3,10095,3833685759,1115,4909
6003,988,0,10096,3834544752,-1116,-1139
6003,988,1,10097,3835403745,-1244,-5628
6003,988,2,10098,3836262738,2423,4043
6003,988,3,10099,3837121731,3996,1698
6003,989,0,10100,3837980724,-1212,-2184
6003,989,1,10101,3838839717,-2041,2064
6003,989,2,10102,3839698710,2579,-4995
6003,989,3,10103,3840557703,114,-2961
6003,990,0,10104,3841416696,-7852,2658
6003,990,1,10105,3842275689,-4308,-1889
6003,990,2,10106,3843134682,6706,1314
6003,990,3,10107,3843993675,3199,-2263
6003,991,0,10108,3844852668,-24,-7619
6003,991,1,10109,3845711661,6383,-3502
6003,991,2,10110,3846570654,199,-7386
6003,991,3,10111,3847429647,-5692,-3517
6003,992,0,10112,3848288640,137,4324
6003,992,1,10113,3849147633,2137,1437
6003,992,2,10114,3850006626,1768,746
6003,992,3,10115,3850865619,-2815,-4909
6003,993,0,10116,3851724612,-8537,-2845
6003,993,1,10117,3852583605,-2559,5326
6003,993,2,10118,3853442598,3532,-3738
6003,993,3,10119,3854301591,696,-3030
6003,994,0,10120,3855160584,-3224,1407
6003,994,1,10121,3856019577,-1161,-3270
6003,994,2,10122,3856878570,7069,3433
6003,994,3,10123,3857737563,8722,73
6003,995,0,10124,3858596556,2252,-5209
6003,995,1,10125,3859455549,2281,1301
6003,995,2,10126,3860314542,6019,-1748
6003,995,3,10127,3861173535,4195,1937
6003,996,0,10128,3862032528,3697,2635
6003,996,1,10129,3862891521,4173,-5347
6003,996,2,10130,3863750514,-2795,3122
6003,996,3,10131,3864609507,-8165,745
6003,997,0,10132,3865468500,-4562,-8791
6003,997,1,10133,3866327493,2964,-2408
6003,997,2,10134,3867186486,9316,-1490
6003,997,3,10135,3868045479,6406,614
6003,998,0,10136,3868904472,1060,5834
6003,998,1,10137,3869763465,870,416
6003,998,2,10138,3870622458,-3486,-2729
6003,998,3,10139,3871481451,-2888,-1250
6003,999,0,10140,3872340444,3225,-722
6003,999,1,10141,3873199437,-1367,584
6003,999,2,10142,3874058430,-4475,2840
6003,999,3,10143,3874917423,-1768,1867
6003,1000,0,10144,3875776416,-355,-2617
6003,1000,1,10145,3876635409,3192,-1955
6003,1000,2,10146,3877494402,-1265,58
6003,1000,3,10147,3878353395,-6032,1868
6003,1001,0,10148,3879212388,1902,1676
6003,1001,1,10149,3880071381,2801,-7832
6003,1001,2,10150,3880930374,-2519,-6295
6003,1001,3,10151,3881789367,745,2587
6003,1002,0,10152,3882648360,1422,-3084
6003,1002,1,10153,3883507353,-2399,-2580
6003,1002,2,10154,3884366346,-1509,3130
6003,1002,3,10155,3885225339,893,-944
6003,1003,0,10156,3886084332,2829,-43
6003,1003,1,10157,3886943325,1841,3264
6003,1003,2,10158,3887802318,-1579,4862
6003,1003,3,10159,3888661311,4777,5914
6003,1004,0,10160,3889520304,7734,410
6003,1004,1,10161,3890379297,-5740,-1021
6003,1004,2,10162,3891238290,-5443,-1305
6003,1004,3,10163,3892097283,6509,-3727
6003,1005,0,10164,3892956276,2423,1068
6003,1005,1,10165,3893815269,-2412,-3307
6003,1005,2,10166,3894674262,-3301,-6777
6003,1005,3,10167,3895533255,-7975,6441
6003,1006,0,10168,3896392248,-3645,6003
6003,1006,1,10169,3897251241,2753,-148
6003,1006,2,10170,3898110234,-1555,2709
6003,1006,3,10171,3898969227,-4126,-4223
6003,1007,0,10172,3899828220,207,-4961
6003,1007,1,10173,3900687213,-2412,-1399
6003,1007,2,10174,3901546206,-4106,-7195
6003,1007,3,10175,3902405199,3959,-1023
6003,1008,0,10176,3903264192,1315,4312
6003,1008,1,10177,3904123185,-3415,1569
6003,1008,2,10178,3904982178,2712,5626
6003,1008,3,10179,3905841171,2622,-161
6003,1009,0,10180,3906700164,558,-6975
6003,1009,1,10181,3907559157,-638,-547
6003,1009,2,10182,3908418150,-4244,2073
6003,1009,3,10183,3909277143,-4927,59
6003,1010,0,10184,3910136136,-943,-3081
6003,1010,1,10185,3910995129,7907,-1847
6003,1010,2,10186,3911854122,-190,2719
6003,1010,3,10187,3912713115,-12080,-3679
6003,1011,0,10188,3913572108,-2223,-6139
6003,1011,1,10189,3914431101,-1283,426
6003,1011,2,10190,3915290094,-2727,-241
6003,1011,3,10191,3916149087,1871,-1543
6003,1012,0,10192,3917008080,-5808,-769
6003,1012,1,10193,3917867073,-5106,1186
6003,1012,2,10194,3918726066,-870,3122
6003,1012,3,10195,3919585059,1964,-2283
6003,1013,0,10196,3920444052,6487,-3625
6003,1013,1,10197,3921303045,-628,-632
6003,1013,2,10198,3922162038,-318,3
6003,1013,3,10199,3923021031,-800,4729
6003,1014,0,10200,3923880024,-4840,2309
6003,1014,1,10201,3924739017,2648,-3297
6003,1014,2,10202,3925598010,-3013,36
6003,1014,3,10203,3926457003,-6863,-2841
6003,1015,0,10204,3927315996,-1010,-5297
6003,1015,1,10205,3928174989,-408,1519
6003,1015,2,10206,3929033982,5441,2258
6003,1015,3,10207,3929892975,1321,-1588
6003,1016,0,10208,3930751968,-1501,-740
6003,1016,1,10209,3931610961,2460,6707
6003,1016,2,10210,3932469954,-3786,8290
6003,1016,3,10211,3933328947,1797,-1613
6003,1017,0,10212,3934187940,2731,214
6003,1017,1,10213,3935046933,-2578,6495
6003,1017,2,10214,3935905926,6402,854
6003,1017,3,10215,3936764919,32,1308
6003,1018,0,10216,3937623912,-5967,3407
6003,1018,1,10217,3938482905,2723,-793
6003,1018,2,10218,3939341898,747,-1882
6003,1018,3,10219,3940200891,-1705,-2648
6003,1019,0,10220,3941059884,-682,1571
6003,1019,1,10221,3941918877,-1456,7723
6003,1019,2,10222,3942777870,-2249,3171
6003,1019,3,10223,3943636863,-1970,-3758
6003,1020,0,10224,3944495856,3937,-3054
6003,1020,1,10225,3945354849,5089,1374
6003,1020,2,10226,3946213842,-1953,-1924
6003,1020,3,10227,3947072835,-7555,-5058
6003,1021,0,10228,3947931828,-2488,4633
6003,1021,1,10229,3948790821,6605,6206
6003,1021,2,10230,3949649814,-674,-3324
6003,1021,3,10231,3950508807,-6661,-3458
6003,1022,0,10232,3951367800,1744,-459
6003,1022,1,10233,3952226793,532,-1155
6003,1022,2,10234,3953085786,-5076,-1264
6003,1022,3,10235,3953944779,-1104,-1027
6003,1023,0,10236,3954803772,1474,-850
6003,1023,1,10237,3955662765,796,-121
6003,1023,2,10238,3956521758,2126,787
6003,1023,3,10239,3957380751,-899,-1621
6003,1024,0,10752,103076864,-4824,-3682
6003,1024,1,10753,103935857,-374,-1312
6003,1024,2,10754,104794850,-368,301
6003,1024,3,10755,105653843,-2247,-5277
6003,1025,0,10756,106512836,-941,-2644
6003,1025,1,10757,107371829,-1316,1993
6003,1025,2,10758,108230822,-591,327
6003,1025,3,10759,109089815,-1554,-713
6003,1026,0,10760,109948808,707,-854
6003,1026,1,10761,110807801,4731,2134
6003,1026,2,10762,111666794,1338,-99
6003,1026,3,10763,112525787,-96,-2651
6003,1027,0,10764,113384780,2036,6288
6003,1027,1,10765,114243773,2461,4093
6003,1027,2,10766,115102766,1555,-8204
6003,1027,3,10767,115961759,-2957,-4918
6003,1028,0,10768,116820752,-7571,4052
6003,1028,1,10769,117679745,-3826,2574
6003,1028,2,10770,118538738,4432,1011
6003,1028,3,10771,119397731,679,5009
6003,1029,0,10772,120256724,-4874,523
6003,1029,1,10773,121115717,3080,-3482
6003,1029,2,10774,121974710,6483,3094
6003,1029,3,10775,122833703,3143,1004
6003,1030,0,10776,123692696,743,-3151
6003,1030,1,10777,124551689,-1883,-1689
6003,1030,2,10778,125410682,-192,-2074
6003,1030,3,10779,126269675,-171,4664
6003,1031,0,10780,127128668,678,3237
6003,1031,1,10781,127987661,-1404,-6419
6003,1031,2,10782,128846654,-8005,-761
6003,1031,3,10783,129705647,1044,1035
6003,1032,0,10784,130564640,2942,-3666
6003,1032,1,10785,131423633,-6376,-3100
6003,1032,2,10786,132282626,1213,-7348
6003,1032,3,10787,133141619,340,-3049
6003,1033,0,10788,134000612,-2910,5154
6003,1033,1,10789,134859605,7391,935
6003,1033,2,10790,135718598,799,705
6003,1033,3,10791,136577591,-4985,-807
6003,1034,0,10792,137436584,1944,-7434
6003,1034,1,10793,138295577,-669,-3265
6003,1034,2,10794,139154570,-511,-307
6003,1034,3,10795,140013563,2511,-253
6003,1035,0,10796,140872556,227,5182
6003,1035,1,10797,141731549,790,2633
6003,1035,2,10798,142590542,94,-2829
6003,1035,3,10799,143449535,1221,-3104
6003,1036,0,10800,144308528,3500,-4749
6003,1036,1,10801,145167521,-2734,-838
6003,1036,2,10802,146026514,-5883,3708
6003,1036,3,10803,146885507,-2578,1372
6003,1037,0,10804,147744500,-1861,2258
6003,1037,1,10805,148603493,104,-160
6003,1037,2,10806,149462486,-961,-2116
6003,1037,3,10807,150321479,-7015,1471
6003,1038,0,10808,151180472,-4877,-7571
6003,1038,1,10809,152039465,155,-5639
6003,1038,2,10810,152898458,-2528,9000
6003,1038,3,10811,153757451,-2479,-1757
6003,1039,0,10812,154616444,3806,-5200
6003,1039,1,10813,155475437,4945,5029
6003,1039,2,10814,156334430,1995,-2927
6003,1039,3,10815,157193423,2266,-3920
6003,1040,0,10816,158052416,92,-2522
6003,1040,1,10817,158911409,-5002,-2909
6003,1040,2,10818,159770402,-4478,5220
6003,1040,3,10819,160629395,-945,-3066
6003,1041,0,10820,161488388,814,-3148
6003,1041,1,10821,162347381,775,7917
6003,1041,2,10822,163206374,-1066,2116
6003,1041,3,10823,164065367,-2971,4087
6003,1042,0,10824,164924360,-3158,2701
6003,1042,1,10825,165783353,-1224,-3807
6003,1042,2,10826,166642346,1188,2269
6003,1042,3,10827,167501339,6119,-2221
6003,1043,0,10828,168360332,8136,-6066
6003,1043,1,10829,169219325,548,-5766
6003,1043,2,10830,170078318,-1328,-5998
6003,1043,3,10831,170937311,-548,1569
6003,1044,0,10832,171796304,-5087,-3523
6003,1044,1,10833,172655297,2620,-1298
6003,1044,2,10834,173514290,7165,6529
6003,1044,3,10835,174373283,-2717,-6914
6003,1045,0,10836,175232276,-5524,-5802
6003,1045,1,10837,176091269,-4840,939
6003,1045,2,10838,176950262,-2532,-4768
6003,1045,3,10839,177809255,2541,-312
6003,1046,0,10840,178668248,1454,33
6003,1046,1,10841,179527241,-726,-3066
6003,1046,2,10842,180386234,-3164,789
6003,1046,3,10843,181245227,-1672,2154
6003,1047,0,10844,182104220,2311,963
6003,1047,1,10845,182963213,-4096,-2714
6003,1047,2,10846,183822206,-8851,-789
6003,1047,3,10847,184681199,-1313,2684
6003,1048,0,10848,185540192,6478,-755
6003,1048,1,10849,186399185,2678,-1007
6003,1048,2,10850,187258178,-2963,-1182
6003,1048,3,10851,188117171,1426,-2579
6003,1049,0,10852,188976164,897,1741
6003,1049,1,10853,189835157,-2225,6000
6003,1049,2,10854,190694150,989,2229
6003,1049,3,10855,191553143,5,-2629
6003,1050,0,10856,192412136,-119,2350
6003,1050,1,10857,193271129,-903,4944
6003,1050,2,10858,194130122,-1828,-687
6003,1050,3,10859,194989115,3254,-3999
6003,1051,0,10860,195848108,3883,-1021
6003,1051,1,10861,196707101,5537,7883
6003,1051,2,10862,197566094,883,5439
6003,1051,3,10863,198425087,-9684,-6030
6003,1052,0,10864,199284080,896,-5576
6003,1052,1,10865,200143073,6274,-3782
6003,1052,2,10866,201002066,-5767,-2122
6003,1052,3,10867,201861059,-3834,3064
6003,1053,0,10868,202720052,-1686,306
6003,1053,1,10869,203579045,-6540,-2962
6003,1053,2,10870,204438038,-807,-2011
6003,1053,3,10871,205297031,3438,-3568
6003,1054,0,10872,206156024,-107,-8221
6003,1054,1,10873,207015017,355,-8158
6003,1054,2,10874,207874010,904,472
6003,1054,3,10875,208733003,-1555,2833
6003,1055,0,10876,209591996,707,1349
6003,1055,1,10877,210450989,3523,4090
6003,1055,2,10878,211309982,916,-2802
6003,1055,3,10879,212168975,-6001,-7133
6003,1056,0,10880,213027968,-7592,749
6003,1056,1,10881,213886961,1296,1010
6003,1056,2,10882,214745954,2130,1418
6003,1056,3,10883,215604947,1329,3895
6003,1057,0,10884,216463940,6446,-5563
6003,1057,1,10885,217322933,-2913,-7799
6003,1057,2,10886,218181926,-5132,-3501
6003,1057,3,10887,219040919,3860,-6535
6003,1058,0,10888,219899912,-1105,-4927
6003,1058,1,10889,220758905,-1389,-3364
6003,1058,2,10890,221617898,980,1083
6003,1058,3,10891,222476891,-2539,9015
6003,1059,0,10892,223335884,2112,3456
6003,1059,1,10893,224194877,4638,851
6003,1059,2,10894,225053870,-208,2666
6003,1059,3,10895,225912863,-2893,-176
6003,1060,0,10896,226771856,3478,2128
6003,1060,1,10897,227630849,5453,-228
6003,1060,2,10898,228489842,-5222,-709
6003,1060,3,10899,229348835,-3015,2339
6003,1061,0,10900,230207828,4126,-743
6003,1061,1,10901,231066821,3235,2341
6003,1061,2,10902,231925814,4248,-1036
6003,1061,3,10903,232784807,-2263,-6824
6003,1062,0,10904,233643800,-4655,647
6003,1062,1,10905,234502793,1643,1640
6003,1062,2,10906,235361786,-616,328
6003,1062,3,10907,236220779,-5690,3077
6003,1063,0,10908,237079772,-3873,850
6003,1063,1,10909,237938765,7844,-374
6003,1063,2,10910,238797758,8531,1983
6003,1063,3,10911,239656751,-1269,293
6003,1064,0,10912,240515744,2249,-6534
6003,1064,1,10913,241374737,-1406,-3368
6003,1064,2,10914,242233730,-2793,-2418
6003,1064,3,10915,243092723,9963,-8996
6003,1065,0,10916,243951716,6274,1374
6003,1065,1,10917,244810709,2234,1851
6003,1065,2,10918,245669702,4260,-7224
6003,1065,3,10919,246528695,-453,2087
6003,1066,0,10920,247387688,4550,4349
6003,1066,1,10921,248246681,6393,4927
6003,1066,2,10922,249105674,-4459,6191
6003,1066,3,10923,249964667,-5878,-2793
6003,1067,0,10924,250823660,1953,-2279
6003,1067,1,10925,251682653,83,-2773
6003,1067,2,10926,252541646,-4118,-1721
6003,1067,3,10927,253400639,3999,5445
6003,1068,0,10928,254259632,4247,-343
6003,1068,1,10929,255118625,-3060,-4693
6003,1068,2,10930,255977618,-550,-5004
6003,1068,3,10931,256836611,790,-6276
6003,1069,0,10932,257695604,2946,-4274
6003,1069,1,10933,258554597,2208,-4575
6003,1069,2,10934,259413590,-5986,-1928
6003,1069,3,10935,260272583,-5553,-2673
6003,1070,0,10936,261131576,-5225,-5301
6003,1070,1,10937,261990569,-6889,-906
6003,1070,2,10938,262849562,-2154,-508
6003,1070,3,10939,263708555,1574,103
6003,1071,0,10940,264567548,5225,-404
6003,1071,1,10941,265426541,2986,-5290
6003,1071,2,10942,266285534,-2376,-2975
6003,1071,3,10943,267144527,-261,-1579
6003,1072,0,10944,268003520,-1058,-3940
6003,1072,1,10945,268862513,-2328,-2851
6003,1072,2,10946,269721506,-430,-1827
6003,1072,3,10947,270580499,-1842,-27
6003,1073,0,10948,271439492,1220,1934
6003,1073,1,10949,272298485,2058,278
6003,1073,2,10950,273157478,-5958,-2426
6003,1073,3,10951,274016471,-3422,-1827
6003,1074,0,10952,274875464,5005,2305
6003,1074,1,10953,275734457,646,2884
6003,1074,2,10954,276593450,-2230,-3657
6003,1074,3,10955,277452443,3464,-4391
6003,1075,0,10956,278311436,1141,3972
6003,1075,1,10957,279170429,-4021,5153
6003,1075,2,10958,280029422,1714,1603
6003,1075,3,10959,280888415,5205,1615
6003,1076,0,10960,281747408,-1604,1681
6003,1076,1,10961,282606401,-949,3164
6003,1076,2,10962,283465394,4915,485
6003,1076,3,10963,284324387,856,-4937
6003,1077,0,10964,285183380,-2043,-3215
6003,1077,1,10965,286042373,71,-813
6003,1077,2,10966,286901366,-345,-1952
6003,1077,3,10967,287760359,-473,-312
6003,1078,0,10968,288619352,-26,3769
6003,1078,1,10969,289478345,2094,583
6003,1078,2,10970,290337338,2373,-2257
6003,1078,3,10971,291196331,-1216,1396
6003,1079,0,10972,292055324,-1503,-3298
6003,1079,1,10973,292914317,-821,-537
6003,1079,2,10974,293773310,-763,10765
6003,1079,3,10975,294632303,677,4890
6003,1080,0,10976,295491296,2184,282
6003,1080,1,10977,296350289,402,2250
6003,1080,2,10978,297209282,-3023,-790
6003,1080,3,10979,298068275,-715,-2347
6003,1081,0,10980,298927268,-1789,-4860
6003,1081,1,10981,299786261,-2467,-3697
6003,1081,2,10982,300645254,4332,-875
6003,1081,3,10983,301504247,477,-477
6003,1082,0,10984,302363240,-3538,-732
6003,1082,1,10985,303222233,-269,-4570
6003,1082,2,10986,304081226,-442,-851
6003,1082,3,10987,304940219,70,1706
6003,1083,0,10988,305799212,-3995,-3992
6003,1083,1,10989,306658205,-1166,-3153
6003,1083,2,10990,307517198,3734,986
6003,1083,3,10991,308376191,-3412,5364
6003,1084,0,10992,309235184,1350,2677
6003,1084,1,10993,310094177,1745,-1837
6003,1084,2,10994,310953170,-5647,1935
6003,1084,3,10995,311812163,-258,-716
6003,1085,0,10996,312671156,-5637,-1989
6003,1085,1,10997,313530149,-6877,52
6003,1085,2,10998,314389142,2127,-54
6003,1085,3,10999,315248135,-1085,3091
6003,1086,0,11000,316107128,1277,-1739
6003,1086,1,11001,316966121,4866,-1805
6003,1086,2,11002,317825114,978,4649
6003,1086,3,11003,318684107,-1949,3325
6003,1087,0,11004,319543100,-2791,3134
6003,1087,1,11005,320402093,-1184,657
6003,1087,2,11006,321261086,-5356,-12
6003,1087,3,11007,322120079,-702,-2125
6003,1088,0,11008,322979072,8731,-4643
6003,1088,1,11009,323838065,-173,3930
6003,1088,2,11010,324697058,-3980,241
6003,1088,3,11011,325556051,2116,-1695
6003,1089,0,11012,326415044,1454,4843
6003,1089,1,11013,327274037,-2849,-2324
6003,1089,2,11014,328133030,-4927,3324
6003,1089,3,11015,328992023,-3306,8828
6003,1090,0,11016,329851016,-6264,-1742
6003,1090,1,11017,330710009,-3479,-2599
6003,1090,2,11018,331569002,2936,-1818
6003,1090,3,11019,332427995,-1915,-2537
6003,1091,0,11020,333286988,-1271,-4872
6003,1091,1,11021,334145981,-1083,-3505
6003,1091,2,11022,335004974,-1223,8301
6003,1091,3,11023,335863967,8168,3914
6003,1092,0,11024,336722960,3942,-5421
6003,1092,1,11025,337581953,-1348,2301
6003,1092,2,11026,338440946,2655,7086
6003,1092,3,11027,339299939,-506,999
6003,1093,0,11028,340158932,-1048,-2702
6003,1093,1,11029,341017925,984,746
6003,1093,2,11030,341876918,2030,-668
6003,1093,3,11031,342735911,4418,-2268
6003,1094,0,11032,343594904,3695,3154
6003,1094,1,11033,344453897,4451,2904
6003,1094,2,11034,345312890,4582,47
6003,1094,3,11035,346171883,1642,18
6003,1095,0,11036,347030876,-526,2881
6003,1095,1,11037,347889869,448,1140
6003,1095,2,11038,348748862,4072,-4316
6003,1095,3,11039,349607855,918,6663
6003,1096,0,11040,350466848,-4225,8528
6003,1096,1,11041,351325841,-2642,-6730
6003,1096,2,11042,352184834,-2129,-2367
6003,1096,3,11043,353043827,-1158,2908
6003,1097,0,11044,353902820,2682,-1988
6003,1097,1,11045,354761813,1585,444
6003,1097,2,11046,355620806,100,-2441
6003,1097,3,11047,356479799,986,-3475
6003,1098,0,11048,357338792,-3248,7658
6003,1098,1,11049,358197785,-2629,7562
6003,1098,2,11050,359056778,4544,-1508
6003,1098,3,11051,359915771,3993,3154
6003,1099,0,11052,360774764,1758,5750
6003,1099,1,11053,361633757,-1968,-476
6003,1099,2,11054,362492750,-5525,5303
6003,1099,3,11055,363351743,-211,7388
6003,1100,0,11056,364210736,1,225
6003,1100,1,11057,365069729,159,654
6003,1100,2,11058,365928722,3578,-2487
6003,1100,3,11059,366787715,-2104,-3436
6003,1101,0,11060,367646708,-1820,2759
6003,1101,1,11061,368505701,2736,354
6003,1101,2,11062,369364694,2049,548
6003,1101,3,11063,370223687,979,5444
6003,1102,0,11064,371082680,-3011,1298
6003,1102,1,11065,371941673,-1283,-1764
6003,1102,2,11066,372800666,3021,1085
6003,1102,3,11067,373659659,2333,3569
6003,1103,0,11068,374518652,2769,7147
6003,1103,1,11069,375377645,2163,2404
6003,1103,2,11070,376236638,4967,-6269
6003,1103,3,11071,377095631,8916,-240
6003,1104,0,11072,377954624,7643,917
6003,1104,1,11073,378813617,2322,-4090
6003,1104,2,11074,379672610,-5553,5040
6003,1104,3,11075,380531603,-1667,4570
6003,1105,0,11076,381390596,3876,-537
6003,1105,1,11077,382249589,-856,5553
6003,1105,2,11078,383108582,-139,-1214
6003,1105,3,11079,383967575,-2411,-6166
6003,1106,0,11080,384826568,-6409,1683
6003,1106,1,11081,385685561,-1262,-1720
6003,1106,2,11082,386544554,-421,-5702
6003,1106,3,11083,387403547,600,828
6003,1107,0,11084,388262540,1488,3944
6003,1107,1,11085,389121533,-6094,2559
6003,1107,2,11086,389980526,-7264,3323
6003,1107,3,11087,390839519,-2463,4490
6003,1108,0,11088,391698512,388,3258
6003,1108,1,11089,392557505,3492,-495
6003,1108,2,11090,393416498,120,-3564
6003,1108,3,11091,394275491,-1414,-2497
6003,1109,0,11092,395134484,4658,-2423
6003,1109,1,11093,395993477,408,-708
6003,1109,2,11094,396852470,-4117,3013
6003,1109,3,11095,397711463,1128,-3527
6003,1110,0,11096,398570456,-596,-7593
6003,1110,1,11097,399429449,-3494,562
6003,1110,2,11098,400288442,-1211,3293
6003,1110,3,11099,401147435,4769,-1310
6003,1111,0,11100,402006428,9099,972
6003,1111,1,11101,402865421,715,9365
6003,1111,2,11102,403724414,583,5569
6003,1111,3,11103,404583407,4134,-2322
6003,1112,0,11104,405442400,-6610,3269
6003,1112,1,11105,406301393,-4186,2994
6003,1112,2,11106,407160386,1435,-3803
6003,1112,3,11107,408019379,-6259,-2137
6003,1113,0,11108,408878372,-5504,-693
6003,1113,1,11109,409737365,1512,84
6003,1113,2,11110,410596358,5654,2930
6003,1113,3,11111,411455351,3545,3196
6003,1114,0,11112,412314344,-1620,-2001
6003,1114,1,11113,413173337,-1763,-3828
6003,1114,2,11114,414032330,887,3910
6003,1114,3,11115,414891323,3083,5432
6003,1115,0,11116,415750316,-1645,1466
6003,1115,1,11117,416609309,-1113,-266
6003,1115,2,11118,417468302,4900,169
6003,1115,3,11119,418327295,-1904,4354
6003,1116,0,11120,419186288,-2669,-2679
6003,1116,1,11121,420045281,3637,-7711
6003,1116,2,11122,420904274,2128,3562
6003,1116,3,11123,421763267,-76,2839
6003,1117,0,11124,422622260,-2447,-5566
6003,1117,1,11125,423481253,-1638,-3431
6003,1117,2,11126,424340246,-3641,2118
6003,1117,3,11127,425199239,-5226,3457
6003,1118,0,11128,426058232,-558,-2431
6003,1118,1,11129,426917225,-653,-2817
6003,1118,2,11130,427776218,6605,331
6003,1118,3,11131,428635211,7083,-3309
6003,1119,0,11132,429494204,-6638,-3193
6003,1119,1,11133,430353197,-5993,-1556
6003,1119,2,11134,431212190,-5053,2793
6003,1119,3,11135,432071183,-5249,6320
6003,1120,0,11136,432930176,-2288,-7125
6003,1120,1,11137,433789169,-6861,-8899
6003,1120,2,11138,434648162,-2743,7352
6003,1120,3,11139,435507155,-311,4541
6003,1121,0,11140,436366148,-3378,1026
6003,1121,1,11141,437225141,-891,4395
6003,1121,2,11142,438084134,-3106,-6942
6003,1121,3,11143,438943127,-1222,-1446
6003,1122,0,11144,439802120,3520,11631
6003,1122,1,11145,440661113,2022,-85
6003,1122,2,11146,441520106,153,-84
6003,1122,3,11147,442379099,2699,7132
6003,1123,0,11148,443238092,6173,-1777
6003,1123,1,11149,444097085,-2637,-2374
6003,1123,2,11150,444956078,-6871,-11
6003,1123,3,11151,445815071,-1112,-108
6003,1124,0,11152,446674064,-1933,2942
6003,1124,1,11153,447533057,413,-2020
6003,1124,2,11154,448392050,-1739,-3391
6003,1124,3,11155,449251043,-3617,248
6003,1125,0,11156,450110036,971,-4068
6003,1125,1,11157,450969029,-5162,-7649
6003,1125,2,11158,451828022,-2295,-4764
6003,1125,3,11159,452687015,5021,2516
6003,1126,0,11160,453546008,4218,5781
6003,1126,1,11161,454405001,9082,-847
6003,1126,2,11162,455263994,5481,-3154
6003,1126,3,11163,456122987,1266,963
6003,1127,0,11164,456981980,936,37
6003,1127,1,11165,457840973,-5972,1033
6003,1127,2,11166,458699966,-1091,2977
6003,1127,3,11167,459558959,4359,181
6003,1128,0,11168,460417952,249,3476
6003,1128,1,11169,461276945,1637,3294
6003,1128,2,11170,462135938,3117,-3375
6003,1128,3,11171,462994931,722,-2477
6003,1129,0,11172,463853924,-1407,-3546
6003,1129,1,11173,464712917,-1161,-4390
6003,1129,2,11174,465571910,-127,-1353
6003,1129,3,11175,466430903,1009,2375
6003,1130,0,11176,467289896,829,8042
6003,1130,1,11177,468148889,-1092,113
6003,1130,2,11178,469007882,5783,-4322
6003,1130,3,11179,469866875,8460,477
6003,1131,0,11180,470725868,-443,-4393
6003,1131,1,11181,471584861,1192,3571
6003,1131,2,11182,472443854,4333,6001
6003,1131,3,11183,473302847,-341,-5805
6003,1132,0,11184,474161840,-465,-75
6003,1132,1,11185,475020833,-1593,-1761
6003,1132,2,11186,475879826,-5477,-5238
6003,1132,3,11187,476738819,140,2674
6003,1133,0,11188,477597812,8727,-3455
6003,1133,1,11189,478456805,64,-5462
6003,1133,2,11190,479315798,-7983,488
6003,1133,3,11191,480174791,3850,-163
6003,1134,0,11192,481033784,4857,-1884
6003,1134,1,11193,481892777,-3185,-3867
6003,1134,2,11194,482751770,4714,-115
6003,1134,3,11195,483610763,6514,2562
6003,1135,0,11196,484469756,-242,-1557
6003,1135,1,11197,485328749,4244,-1679
6003,1135,2,11198,486187742,3790,1554
6003,1135,3,11199,487046735,-5451,-401
6003,1136,0,11200,487905728,-6303,-4286
6003,1136,1,11201,488764721,-5021,1507
6003,1136,2,11202,489623714,-2063,5334
6003,1136,3,11203,490482707,2001,3151
6003,1137,0,11204,491341700,-4184,4320
6003,1137,1,11205,492200693,-3785,-1222
6003,1137,2,11206,493059686,2710,-2974
6003,1137,3,11207,493918679,-1053,3177
6003,1138,0,11208,494777672,-4491,2599
6003,1138,1,11209,495636665,-6748,-1657
6003,1138,2,11210,496495658,-3161,-5271
6003,1138,3,11211,497354651,1338,-1585
6003,1139,0,11212,498213644,-5526,-1697
6003,1139,1,11213,499072637,-3158,-5258
6003,1139,2,11214,499931630,1245,323
6003,1139,3,11215,500790623,-1337,-3037
6003,1140,0,11216,501649616,-586,-2651
6003,1140,1,11217,502508609,-4828,968
6003,1140,2,11218,503367602,-3241,-8596
6003,1140,3,11219,504226595,-2702,-5898
6003,1141,0,11220,505085588,-6114,-3076
6003,1141,1,11221,505944581,2751,-4275
6003,1141,2,11222,506803574,-1904,3777
6003,1141,3,11223,507662567,-4995,2756
6003,1142,0,11224,508521560,6884,1600
6003,1142,1,11225,509380553,1430,426
6003,1142,2,11226,510239546,-495,-1565
6003,1142,3,11227,511098539,3882,3845
6003,1143,0,11228,511957532,205,2255
6003,1143,1,11229,512816525,1763,2785
6003,1143,2,11230,513675518,-2822,1790
6003,1143,3,11231,514534511,-3849,-4002
6003,1144,0,11232,515393504,2374,812
6003,1144,1,11233,516252497,-2146,-825
6003,1144,2,11234,517111490,-3060,-6236
6003,1144,3,11235,517970483,-2303,-255
6003,1145,0,11236,518829476,-2396,9063
6003,1145,1,11237,519688469,4378,6864
6003,1145,2,11238,520547462,1229,-6037
6003,1145,3,11239,521406455,-5788,589
6003,1146,0,11240,522265448,-1707,11522
6003,1146,1,11241,523124441,2610,2490
6003,1146,2,11242,523983434,1684,-1028
6003,1146,3,11243,524842427,572,-1157
6003,1147,0,11244,525701420,1491,-4727
6003,1147,1,11245,526560413,1217,-3663
6003,1147,2,11246,527419406,-444,-2352
6003,1147,3,11247,528278399,1116,1890
6003,1148,0,11248,529137392,3736,4461
6003,1148,1,11249,529996385,4283,3809
6003,1148,2,11250,530855378,3672,4435
6003,1148,3,11251,531714371,60,894
6003,1149,0,11252,532573364,-1832,-2804
6003,1149,1,11253,533432357,2873,-2755
6003,1149,2,11254,534291350,1837,-3785
6003,1149,3,11255,535150343,-5714,-2746
6003,1150,0,11256,536009336,-7225,1196
6003,1150,1,11257,536868329,-4871,-2557
6003,1150,2,11258,537727322,-2067,-3079
6003,1150,3,11259,538586315,-2324,5941
6003,1151,0,11260,539445308,-1116,-211
6003,1151,1,11261,540304301,4901,-5276
6003,1151,2,11262,541163294,-532,2895
6003,1151,3,11263,542022287,-2598,-3421
6003,1152,0,11264,542881280,7160,-4569
6003,1152,1,11265,543740273,727,5883
6003,1152,2,11266,544599266,-6776,426
6003,1152,3,11267,545458259,-1989,-2085
6003,1153,0,11268,546317252,-930,8179
6003,1153,1,11269,547176245,1344,7944
6003,1153,2,11270,548035238,1601,-1065
6003,1153,3,11271,548894231,1793,-781
6003,1154,0,11272,549753224,6430,4578
6003,1154,1,11273,550612217,-1245,4451
6003,1154,2,11274,551471210,-8318,3085
6003,1154,3,11275,552330203,-907,-758
6003,1155,0,11276,553189196,955,-5146
6003,1155,1,11277,554048189,-1384,-2317
6003,1155,2,11278,554907182,3899,2120
6003,1155,3,11279,555766175,2176,688
6003,1156,0,11280,556625168,-2965,-2414
6003,1156,1,11281,557484161,5497,1217
6003,1156,2,11282,558343154,5140,2871
6003,1156,3,11283,559202147,-6061,154
6003,1157,0,11284,560061140,-3087,2995
6003,1157,1,11285,560920133,-735,4638
6003,1157,2,11286,561779126,351,5067
6003,1157,3,11287,562638119,6349,-554
6003,1158,0,11288,563497112,259,-9794
6003,1158,1,11289,564356105,-4171,861
6003,1158,2,11290,565215098,-2751,11225
6003,1158,3,11291,566074091,-3024,2520
6003,1159,0,11292,566933084,1430,-5302
6003,1159,1,11293,567792077,-878,-5825
6003,1159,2,11294,568651070,-2867,-3032
6003,1159,3,11295,569510063,2438,-1662
6003,1160,0,11296,570369056,3331,711
6003,1160,1,11297,571228049,4348,2444
6003,1160,2,11298,572087042,1202,349
6003,1160,3,11299,572946035,1165,2936
6003,1161,0,11300,573805028,7838,4195
6003,1161,1,11301,574664021,1162,5003
6003,1161,2,11302,575523014,-4158,4911
6003,1161,3,11303,576382007,1149,-279
6003,1162,0,11304,577241000,6794,1058
6003,1162,1,11305,578099993,10946,-1754
6003,1162,2,11306,578958986,2462,-3360
6003,1162,3,11307,579817979,-3301,3613
6003,1163,0,11308,580676972,3603,903
6003,1163,1,11309,581535965,924,3990
6003,1163,2,11310,582394958,-4063,6987
6003,1163,3,11311,583253951,-1095,-3043
6003,1164,0,11312,584112944,-964,-3191
6003,1164,1,11313,584971937,-2293,-2055
6003,1164,2,11314,585830930,2920,-4720
6003,1164,3,11315,586689923,7994,148
6003,1165,0,11316,587548916,2799,3123
6003,1165,1,11317,588407909,-2204,-3444
6003,1165,2,11318,589266902,-679,-9400
6003,1165,3,11319,590125895,-88,-279
6003,1166,0,11320,590984888,-4351,6249
6003,1166,1,11321,591843881,-11611,489
6003,1166,2,11322,592702874,-6764,-49
6003,1166,3,11323,593561867,4326,44
6003,1167,0,11324,594420860,2434,-832
6003,1167,1,11325,595279853,-2391,1144
6003,1167,2,11326,596138846,-2009,2540
6003,1167,3,11327,596997839,1488,1542
6003,1168,0,11328,597856832,2761,-3709
6003,1168,1,11329,598715825,1053,-2041
6003,1168,2,11330,599574818,3736,4964
6003,1168,3,11331,600433811,1596,6195
6003,1169,0,11332,601292804,25,1272
6003,1169,1,11333,602151797,3242,-5161
6003,1169,2,11334,603010790,-2114,-2293
6003,1169,3,11335,603869783,-1836,1427
6003,1170,0,11336,604728776,-778,2139
6003,1170,1,11337,605587769,-6880,4045
6003,1170,2,11338,606446762,384,-552
6003,1170,3,11339,607305755,3901,-1168
6003,1171,0,11340,608164748,-4994,976
6003,1171,1,11341,609023741,-4739,1949
6003,1171,2,11342,609882734,-449,5928
6003,1171,3,11343,610741727,993,3700
6003,1172,0,11344,611600720,1184,4853
6003,1172,1,11345,612459713,-1080,3284
6003,1172,2,11346,613318706,-2394,-2937
6003,1172,3,11347,614177699,-1061,2240
6003,1173,0,11348,615036692,-757,-738
6003,1173,1,11349,615895685,-419,-3812
6003,1173,2,11350,616754678,5124,1725
6003,1173,3,11351,617613671,3825,-2382
6003,1174,0,11352,618472664,-6552,-3927
6003,1174,1,11353,619331657,-5668,-5828
6003,1174,2,11354,620190650,619,-5868
6003,1174,3,11355,621049643,-818,2651
6003,1175,0,11356,621908636,-1702,1498
6003,1175,1,11357,622767629,-1805,1919
6003,1175,2,11358,623626622,-3889,3057
6003,1175,3,11359,624485615,1228,-3229
6003,1176,0,11360,625344608,7774,1922
6003,1176,1,11361,626203601,4057,4187
6003,1176,2,11362,627062594,1880,-5331
6003,1176,3,11363,627921587,217,-997
6003,1177,0,11364,628780580,-4721,7775
6003,1177,1,11365,629639573,857,891
6003,1177,2,11366,630498566,2880,1137
6003,1177,3,11367,631357559,-4,8496
6003,1178,0,11368,632216552,4819,2395
6003,1178,1,11369,633075545,3147,2879
6003,1178,2,11370,633934538,2517,3527
6003,1178,3,11371,634793531,4293,-3782
6003,1179,0,11372,635652524,-710,1930
6003,1179,1,11373,636511517,839,-665
6003,1179,2,11374,637370510,4055,-5265
6003,1179,3,11375,638229503,2463,2550
6003,1180,0,11376,639088496,-2687,-2924
6003,1180,1,11377,639947489,-4372,-4556
6003,1180,2,11378,640806482,-43,97
6003,1180,3,11379,641665475,-3234,-1595
6003,1181,0,11380,642524468,3116,895
6003,1181,1,11381,643383461,8512,-7861
6003,1181,2,11382,644242454,-2008,-8871
6003,1181,3,11383,645101447,5147,9280
6003,1182,0,11384,645960440,4954,6201
6003,1182,1,11385,646819433,-5202,-4076
6003,1182,2,11386,647678426,5189,1137
6003,1182,3,11387,648537419,2789,2171
6003,1183,0,11388,649396412,1190,-267
6003,1183,1,11389,650255405,7168,2479
6003,1183,2,11390,651114398,-5673,2659
6003,1183,3,11391,651973391,-5150,-616
6003,1184,0,11392,652832384,3714,-1261
6003,1184,1,11393,653691377,1663,309
6003,1184,2,11394,654550370,1923,4629
6003,1184,3,11395,655409363,-347,4808
6003,1185,0,11396,656268356,-4226,-2515
6003,1185,1,11397,657127349,-5615,-1720
6003,1185,2,11398,657986342,2944,221
6003,1185,3,11399,658845335,7112,-1297
6003,1186,0,11400,659704328,-3916,6631
6003,1186,1,11401,660563321,2631,5020
6003,1186,2,11402,661422314,8915,-2733
6003,1186,3,11403,662281307,-28,3709
6003,1187,0,11404,663140300,400,3167
6003,1187,1,11405,663999293,-3395,-723
6003,1187,2,11406,664858286,-4507,4782
6003,1187,3,11407,665717279,235,406
6003,1188,0,11408,666576272,-3290,-4560
6003,1188,1,11409,667435265,-1979,-2840
6003,1188,2,11410,668294258,-917,-7330
6003,1188,3,11411,669153251,4736,-3242
6003,1189,0,11412,670012244,9584,4760
6003,1189,1,11413,670871237,-1433,313
6003,1189,2,11414,671730230,-2169,-37
6003,1189,3,11415,672589223,-456,1100
6003,1190,0,11416,673448216,-3340,-2090
6003,1190,1,11417,674307209,2496,251
6003,1190,2,11418,675166202,-1421,305
6003,1190,3,11419,676025195,-3534,-45
6003,1191,0,11420,676884188,3276,-3367
6003,1191,1,11421,677743181,1794,-11440
6003,1191,2,11422,678602174,227,-4972
6003,1191,3,11423,679461167,2021,1093
6003,1192,0,11424,680320160,4451,-1664
6003,1192,1,11425,681179153,-1175,2570
6003,1192,2,11426,682038146,-8112,3262
6003,1192,3,11427,682897139,354,2568
6003,1193,0,11428,683756132,3308,3956
6003,1193,1,11429,684615125,-1089,2877
6003,1193,2,11430,685474118,-2046,4779
6003,1193,3,11431,686333111,-6237,-1280
6003,1194,0,11432,687192104,-4149,-5065
6003,1194,1,11433,688051097,-3167,673
6003,1194,2,11434,688910090,-6004,-1472
6003,1194,3,11435,689769083,553,4388
6003,1195,0,11436,690628076,2379,9638
6003,1195,1,11437,691487069,-2075,-3680
6003,1195,2,11438,692346062,-1984,-4248
6003,1195,3,11439,693205055,-2073,5442
6003,1196,0,11440,694064048,-1356,4353
6003,1196,1,11441,694923041,2178,1509
6003,1196,2,11442,695782034,3010,1113
6003,1196,3,11443,696641027,1604,3181
6003,1197,0,11444,697500020,-61,2388
6003,1197,1,11445,698359013,-4860,357
6003,1197,2,11446,699218006,-1504,2759
6003,1197,3,11447,700076999,6853,-645
6003,1198,0,11448,700935992,73,-3183
6003,1198,1,11449,701794985,-4306,949
6003,1198,2,11450,702653978,-839,3048
6003,1198,3,11451,703512971,-4940,4889
6003,1199,0,11452,704371964,-6806,752
6003,1199,1,11453,705230957,-7215,-2358
6003,1199,2,11454,706089950,-3966,3043
6003,1199,3,11455,706948943,1730,-569
6003,1200,0,11456,707807936,-2770,-2911
6003,1200,1,11457,708666929,-2846,3222
6003,1200,2,11458,709525922,-356,3145
6003,1200,3,11459,710384915,-5652,4030
6003,1201,0,11460,711243908,-7351,2064
6003,1201,1,11461,712102901,-1558,-1957
6003,1201,2,11462,712961894,4820,1177
6003,1201,3,11463,713820887,1022,-3406
6003,1202,0,11464,714679880,1455,-3193
6003,1202,1,11465,715538873,9007,6127
6003,1202,2,11466,716397866,2633,-1722
6003,1202,3,11467,717256859,1179,-7974
6003,1203,0,11468,718115852,7489,105
6003,1203,1,11469,718974845,2142,-292
6003,1203,2,11470,719833838,-4808,-5228
6003,1203,3,11471,720692831,-3872,-2832
6003,1204,0,11472,721551824,3922,-1196
6003,1204,1,11473,722410817,4057,-4882
6003,1204,2,11474,723269810,-408,-2579
6003,1204,3,11475,724128803,2852,3759
6003,1205,0,11476,724987796,2006,1864
6003,1205,1,11477,725846789,957,-1948
6003,1205,2,11478,726705782,-83,-4915
6003,1205,3,11479,727564775,68,-2110
6003,1206,0,11480,728423768,6152,3783
6003,1206,1,11481,729282761,1862,-2272
6003,1206,2,11482,730141754,-1865,530
6003,1206,3,11483,731000747,211,7345
6003,1207,0,11484,731859740,2087,-1093
6003,1207,1,11485,732718733,3682,2295
6003,1207,2,11486,733577726,-4542,1966
6003,1207,3,11487,734436719,345,-8853
6003,1208,0,11488,735295712,5884,-1145
6003,1208,1,11489,736154705,-3532,-1083
6003,1208,2,11490,737013698,4541,-4440
6003,1208,3,11491,737872691,4673,4449
6003,1209,0,11492,738731684,-1032,-490
6003,1209,1,11493,739590677,6601,-3962
6003,1209,2,11494,740449670,-2774,-1588
6003,1209,3,11495,741308663,-3637,-4946
6003,1210,0,11496,742167656,3915,-511
6003,1210,1,11497,743026649,-3659,1819
6003,1210,2,11498,743885642,-275,-411
6003,1210,3,11499,744744635,3111,-127
6003,1211,0,11500,745603628,-1731,280
6003,1211,1,11501,746462621,320,4058
6003,1211,2,11502,747321614,5619,4150
6003,1211,3,11503,748180607,3079,2078
6003,1212,0,11504,749039600,-10009,-1719
6003,1212,1,11505,749898593,-7149,-6157
6003,1212,2,11506,750757586,4499,-277
6003,1212,3,11507,751616579,-1683,-160
6003,1213,0,11508,752475572,-5767,-1982
6003,1213,1,11509,753334565,-1633,3164
6003,1213,2,11510,754193558,-3236,-3696
6003,1213,3,11511,755052551,-4433,-3447
6003,1214,0,11512,755911544,5523,5363
6003,1214,1,11513,756770537,11476,669
6003,1214,2,11514,757629530,3481,649
6003,1214,3,11515,758488523,2136,1543
6003,1215,0,11516,759347516,2851,-3601
6003,1215,1,11517,760206509,3608,-2325
6003,1215,2,11518,761065502,7570,-3259
6003,1215,3,11519,761924495,-1736,-3398
6003,1216,0,11520,762783488,-5563,-597
6003,1216,1,11521,763642481,-1315,978
6003,1216,2,11522,764501474,-1239,3852
6003,1216,3,11523,765360467,4150,-2397
6003,1217,0,11524,766219460,2233,-4446
6003,1217,1,11525,767078453,158,4935
6003,1217,2,11526,767937446,4459,6012
6003,1217,3,11527,768796439,2047,4308
6003,1218,0,11528,769655432,-1543,-2857
6003,1218,1,11529,770514425,-6494,-9101
6003,1218,2,11530,771373418,-2676,652
6003,1218,3,11531,772232411,4115,-394
6003,1219,0,11532,773091404,1516,-4273
6003,1219,1,11533,773950397,5416,3859
6003,1219,2,11534,774809390,3792,844
6003,1219,3,11535,775668383,-512,-2949
6003,1220,0,11536,776527376,3531,-4174
6003,1220,1,11537,777386369,-808,-3985
6003,1220,2,11538,778245362,-2077,5455
6003,1220,3,11539,779104355,1277,3817
6003,1221,0,11540,779963348,1353,2516
6003,1221,1,11541,780822341,1153,5947
6003,1221,2,11542,781681334,-3866,-2895
6003,1221,3,11543,782540327,-1346,-4468
6003,1222,0,11544,783399320,4544,-2314
6003,1222,1,11545,784258313,2657,-1382
6003,1222,2,11546,785117306,1698,3937
6003,1222,3,11547,785976299,2511,2482
6003,1223,0,11548,786835292,4075,6357
6003,1223,1,11549,787694285,563,9790
6003,1223,2,11550,788553278,-1136,5415
6003,1223,3,11551,789412271,1489,3756
6003,1224,0,11552,790271264,-2954,-2631
6003,1224,1,11553,791130257,2785,-1159
6003,1224,2,11554,791989250,8776,3546
6003,1224,3,11555,792848243,-1055,1192
6003,1225,0,11556,793707236,-768,5494
6003,1225,1,11557,794566229,3555,-1329
6003,1225,2,11558,795425222,-1252,-7926
6003,1225,3,11559,796284215,-5423,465
6003,1226,0,11560,797143208,-6263,-3995
6003,1226,1,11561,798002201,-852,-7333
6003,1226,2,11562,798861194,355,1500
6003,1226,3,11563,799720187,-4457,3811
6003,1227,0,11564,800579180,-1302,1676
6003,1227,1,11565,801438173,1722,1738
6003,1227,2,11566,802297166,-1061,2433
6003,1227,3,11567,803156159,-2582,-838
6003,1228,0,11568,804015152,-3637,-872
6003,1228,1,11569,804874145,-2180,-1017
6003,1228,2,11570,805733138,587,-7352
6003,1228,3,11571,806592131,-2256,-2880
6003,1229,0,11572,807451124,-2588,2377
6003,1229,1,11573,808310117,257,38
6003,1229,2,11574,809169110,-2775,1748
6003,1229,3,11575,810028103,-2159,-481
6003,1230,0,11576,810887096,-550,-2930
6003,1230,1,11577,811746089,-3553,-609
6003,1230,2,11578,812605082,-2037,-156
6003,1230,3,11579,813464075,-2701,-2717
6003,1231,0,11580,814323068,-2409,-3767
6003,1231,1,11581,815182061,-575,2736
6003,1231,2,11582,816041054,-4725,1205
6003,1231,3,11583,816900047,85,-6303
6003,1232,0,11584,817759040,912,-3312
6003,1232,1,11585,818618033,-6605,-1143
6003,1232,2,11586,819477026,1774,-114
6003,1232,3,11587,820336019,4693,-1132
6003,1233,0,11588,821195012,-3384,-3382
6003,1233,1,11589,822054005,-433,-94
6003,1233,2,11590,822912998,3119,-2218
6003,1233,3,11591,823771991,2615,1660
6003,1234,0,11592,824630984,1162,7879
6003,1234,1,11593,825489977,338,2325
6003,1234,2,11594,826348970,2413,3812
6003,1234,3,11595,827207963,-131,5116
6003,1235,0,11596,828066956,-614,3672
6003,1235,1,11597,828925949,3021,5032
6003,1235,2,11598,829784942,61,-2093
6003,1235,3,11599,830643935,-3166,-2726
6003,1236,0,11600,831502928,-2023,-1821
6003,1236,1,11601,832361921,0,-6514
6003,1236,2,11602,833220914,413,-1002
6003,1236,3,11603,834079907,-2884,2517
6003,1237,0,11604,834938900,-4548,3195
6003,1237,1,11605,835797893,-3426,2391
6003,1237,2,11606,836656886,-1292,-5311
6003,1237,3,11607,837515879,2585,-2960
6003,1238,0,11608,838374872,472,1096
6003,1238,1,11609,839233865,-4513,-2404
6003,1238,2,11610,840092858,-1385,-1462
6003,1238,3,11611,840951851,-811,-578
6003,1239,0,11612,841810844,-6549,-1620
6003,1239,1,11613,842669837,-5721,-536
6003,1239,2,11614,843528830,-2905,425
6003,1239,3,11615,844387823,-2228,-2619
6003,1240,0,11616,845246816,-435,-3312
6003,1240,1,11617,846105809,-1539,3692
6003,1240,2,11618,846964802,1253,-1584
6003,1240,3,11619,847823795,4684,-9435
6003,1241,0,11620,848682788,-185,3907
6003,1241,1,11621,849541781,2652,8453
6003,1241,2,11622,850400774,5188,-1813
6003,1241,3,11623,851259767,-4518,-571
6003,1242,0,11624,852118760,-3675,2279
6003,1242,1,11625,852977753,1019,1653
6003,1242,2,11626,853836746,-1836,1371
6003,1242,3,11627,854695739,243,-2409
6003,1243,0,11628,855554732,-191,-217
6003,1243,1,11629,856413725,-851,4225
6003,1243,2,11630,857272718,1359,1747
6003,1243,3,11631,858131711,-2797,-269
6003,1244,0,11632,858990704,299,-1858
6003,1244,1,11633,859849697,6803,-498
6003,1244,2,11634,860708690,3414,7099
6003,1244,3,11635,861567683,1098,6417
6003,1245,0,11636,862426676,796,-659
6003,1245,1,11637,863285669,2740,-625
6003,1245,2,11638,864144662,7974,-1944
6003,1245,3,11639,865003655,5145,-3828
6003,1246,0,11640,865862648,-1281,287
6003,1246,1,11641,866721641,2710,-2088
6003,1246,2,11642,867580634,9357,-4666
6003,1246,3,11643,868439627,3189,764
6003,1247,0,11644,869298620,-5053,1438
6003,1247,1,11645,870157613,-5012,1141
6003,1247,2,11646,871016606,-5545,-150
6003,1247,3,11647,871875599,-4230,-5822
6003,1248,0,11648,872734592,-274,-2882
6003,1248,1,11649,873593585,2264,1668
6003,1248,2,11650,874452578,1386,445
6003,1248,3,11651,875311571,-4803,406
6003,1249,0,11652,876170564,-2797,-489
6003,1249,1,11653,877029557,1449,-4137
6003,1249,2,11654,877888550,-3074,-8387
6003,1249,3,11655,878747543,-2053,-4025
6003,1250,0,11656,879606536,-316,2032
6003,1250,1,11657,880465529,961,-1252
6003,1250,2,11658,881324522,5852,1747
6003,1250,3,11659,882183515,1340,3782
6003,1251,0,11660,883042508,-2462,-987
6003,1251,1,11661,883901501,-72,-1004
6003,1251,2,11662,884760494,-600,-4926
6003,1251,3,11663,885619487,896,-1443
6003,1252,0,11664,886478480,1841,4473
6003,1252,1,11665,887337473,-840,-1355
6003,1252,2,11666,888196466,-2637,1916
6003,1252,3,11667,889055459,-1451,1012
6003,1253,0,11668,889914452,-951,-2638
6003,1253,1,11669,890773445,-3847,4215
6003,1253,2,11670,891632438,-814,-3747
6003,1253,3,11671,892491431,1636,-6068
6003,1254,0,11672,893350424,-4199,3095
6003,1254,1,11673,894209417,-1107,-691
6003,1254,2,11674,895068410,4705,-2280
6003,1254,3,11675,895927403,-989,-4197
6003,1255,0,11676,896786396,-332,-2903
6003,1255,1,11677,897645389,7360,1161
6003,1255,2,11678,898504382,5012,-5567
6003,1255,3,11679,899363375,1909,1474
6003,1256,0,11680,900222368,1470,4122
6003,1256,1,11681,901081361,-3477,-8938
6003,1256,2,11682,901940354,-3678,-2383
6003,1256,3,11683,902799347,-1903,3294
6003,1257,0,11684,903658340,-464,883
6003,1257,1,11685,904517333,4286,2391
6003,1257,2,11686,905376326,-279,-2513
6003,1257,3,11687,906235319,-4840,3092
6003,1258,0,11688,907094312,-868,7163
6003,1258,1,11689,907953305,-2743,-3600
6003,1258,2,11690,908812298,-3325,-3408
6003,1258,3,11691,909671291,2271,-210
6003,1259,0,11692,910530284,3785,436
6003,1259,1,11693,911389277,-346,3039
6003,1259,2,11694,912248270,-3013,-3530
6003,1259,3,11695,913107263,-799,-3664
6003,1260,0,11696,913966256,-1329,5836
6003,1260,1,11697,914825249,3132,3086
6003,1260,2,11698,915684242,9455,-4070
6003,1260,3,11699,916543235,-246,-3071
6003,1261,0,11700,917402228,-4483,-2841
6003,1261,1,11701,918261221,3439,-4153
6003,1261,2,11702,919120214,3744,851
6003,1261,3,11703,919979207,1753,4425
6003,1262,0,11704,920838200,-312,-1326
6003,1262,1,11705,921697193,-625,-5499
6003,1262,2,11706,922556186,3671,-164
6003,1262,3,11707,923415179,1854,5957
6003,1263,0,11708,924274172,-3010,3680
6003,1263,1,11709,925133165,-415,-1620
6003,1263,2,11710,925992158,6533,-570
6003,1263,3,11711,926851151,5336,355
6003,1264,0,11712,927710144,-607,-6861
6003,1264,1,11713,928569137,1637,-8109
6003,1264,2,11714,929428130,413,1822
6003,1264,3,11715,930287123,-5976,3454
6003,1265,0,11716,931146116,-2631,1518
6003,1265,1,11717,932005109,2595,4412
6003,1265,2,11718,932864102,3310,-1419
6003,1265,3,11719,933723095,2839,-2500
6003,1266,0,11720,934582088,628,5771
6003,1266,1,11721,935441081,-1053,6080
6003,1266,2,11722,936300074,-2595,5212
6003,1266,3,11723,937159067,451,595
6003,1267,0,11724,938018060,7032,-4820
6003,1267,1,11725,938877053,3403,-328
6003,1267,2,11726,939736046,-1390,-681
6003,1267,3,11727,940595039,2830,-1608
6003,1268,0,11728,941454032,2471,2595
6003,1268,1,11729,942313025,-2818,2109
6003,1268,2,11730,943172018,-5094,-340
6003,1268,3,11731,944031011,-4918,-1633
6003,1269,0,11732,944890004,-2634,1782
6003,1269,1,11733,945748997,339,2174
6003,1269,2,11734,946607990,1317,884
6003,1269,3,11735,947466983,-3367,4238
6003,1270,0,11736,948325976,-6909,-402
6003,1270,1,11737,949184969,-3865,3067
6003,1270,2,11738,950043962,-245,9041
6003,1270,3,11739,950902955,2194,-45
6003,1271,0,11740,951761948,-4895,3727
6003,1271,1,11741,952620941,-10333,6628
6003,1271,2,11742,953479934,-2218,724
6003,1271,3,11743,954338927,-3819,3246
6003,1272,0,11744,955197920,-4728,-2574
6003,1272,1,11745,956056913,2116,-807
6003,1272,2,11746,956915906,-1718,6792
6003,1272,3,11747,957774899,-1458,-269
6003,1273,0,11748,958633892,-635,-362
6003,1273,1,11749,959492885,-2524,415
6003,1273,2,11750,960351878,-157,-3172
6003,1273,3,11751,961210871,-1696,-1319
6003,1274,0,11752,962069864,1160,-533
6003,1274,1,11753,962928857,-3494,-813
6003,1274,2,11754,963787850,-5480,-5159
6003,1274,3,11755,964646843,4503,-4404
6003,1275,0,11756,965505836,-5797,-2029
6003,1275,1,11757,966364829,-5503,-7779
6003,1275,2,11758,967223822,3272,-2331
6003,1275,3,11759,968082815,-6605,2582
6003,1276,0,11760,968941808,-2228,-2129
6003,1276,1,11761,969800801,-4652,2318
6003,1276,2,11762,970659794,-7560,6526
6003,1276,3,11763,971518787,5968,1562
6003,1277,0,11764,972377780,180,-443
6003,1277,1,11765,973236773,2387,5409
6003,1277,2,11766,974095766,6002,3240
6003,1277,3,11767,974954759,-5988,-2869
6003,1278,0,11768,975813752,816,1991
6003,1278,1,11769,976672745,2878,671
6003,1278,2,11770,977531738,-1358,-847
6003,1278,3,11771,978390731,4306,2998
6003,1279,0,11772,979249724,1604,-177
6003,1279,1,11773,980108717,-2144,2197
6003,1279,2,11774,980967710,-911,1859
6003,1279,3,11775,981826703,3142,-1745
6003,1280,0,11776,982685696,108,1057
6003,1280,1,11777,983544689,-5282,-963
6003,1280,2,11778,984403682,991,2314
6003,1280,3,11779,985262675,660,4083
6003,1281,0,11780,986121668,-551,-2992
6003,1281,1,11781,986980661,637,-1458
6003,1281,2,11782,987839654,-2803,2730
6003,1281,3,11783,988698647,130,1130
6003,1282,0,11784,989557640,-2531,-3576
6003,1282,1,11785,990416633,-2179,-1168
6003,1282,2,11786,991275626,1643,413
6003,1282,3,11787,992134619,-3715,-3655
6003,1283,0,11788,992993612,1941,4147
6003,1283,1,11789,993852605,1441,781
6003,1283,2,11790,994711598,-7618,-5554
6003,1283,3,11791,995570591,-2033,2112
6003,1284,0,11792,996429584,-484,-4922
6003,1284,1,11793,997288577,-4438,702
6003,1284,2,11794,998147570,-3345,10423
6003,1284,3,11795,999006563,1194,527
6003,1285,0,11796,999865556,1664,5958
6003,1285,1,11797,1000724549,-1608,2267
6003,1285,2,11798,1001583542,6008,-3258
6003,1285,3,11799,1002442535,7395,7831
6003,1286,0,11800,1003301528,1586,-1493
6003,1286,1,11801,1004160521,5654,-2389
6003,1286,2,11802,1005019514,4488,6235
6003,1286,3,11803,1005878507,288,-448
6003,1287,0,11804,1006737500,784,384
6003,1287,1,11805,1007596493,2642,287
6003,1287,2,11806,1008455486,2208,508
6003,1287,3,11807,1009314479,-630,2564
6003,1288,0,11808,1010173472,1806,-446
6003,1288,1,11809,1011032465,-2947,3636
6003,1288,2,11810,1011891458,-4967,306
6003,1288,3,11811,1012750451,4057,-681
6003,1289,0,11812,1013609444,357,6277
6003,1289,1,11813,1014468437,-1603,1748
6003,1289,2,11814,1015327430,-1017,6789
6003,1289,3,11815,1016186423,-4853,11329
6003,1290,0,11816,1017045416,282,154
6003,1290,1,11817,1017904409,-4720,-474
6003,1290,2,11818,1018763402,-7594,3883
6003,1290,3,11819,1019622395,2106,5351
6003,1291,0,11820,1020481388,-859,6573
6003,1291,1,11821,1021340381,-2824,1309
6003,1291,2,11822,1022199374,-979,-1213
6003,1291,3,11823,1023058367,-2641,1722
6003,1292,0,11824,1023917360,1196,3731
6003,1292,1,11825,1024776353,2696,4744
6003,1292,2,11826,1025635346,329,4505
6003,1292,3,11827,1026494339,-2756,1181
6003,1293,0,11828,1027353332,-1696,-3524
6003,1293,1,11829,1028212325,1989,-954
6003,1293,2,11830,1029071318,-503,490
6003,1293,3,11831,1029930311,1229,-7036
6003,1294,0,11832,1030789304,2260,-5237
6003,1294,1,11833,1031648297,-3188,2867
6003,1294,2,11834,1032507290,-4725,3211
6003,1294,3,11835,1033366283,-6575,2058
6003,1295,0,11836,1034225276,-2564,-1165
6003,1295,1,11837,1035084269,3064,-4137
6003,1295,2,11838,1035943262,-3038,-2565
6003,1295,3,11839,1036802255,-3530,64
6003,1296,0,11840,1037661248,-155,5630
6003,1296,1,11841,1038520241,-3321,4538
6003,1296,2,11842,1039379234,2324,-3060
6003,1296,3,11843,1040238227,9206,-2145
6003,1297,0,11844,1041097220,2458,-2235
6003,1297,1,11845,1041956213,-2649,-6921
6003,1297,2,11846,1042815206,935,-3904
6003,1297,3,11847,1043674199,269,2761
6003,1298,0,11848,1044533192,-5328,2618
6003,1298,1,11849,1045392185,-4657,-2736
6003,1298,2,11850,1046251178,3027,-2561
6003,1298,3,11851,1047110171,4841,92
6003,1299,0,11852,1047969164,-2298,-349
6003,1299,1,11853,1048828157,-4340,-1387
6003,1299,2,11854,1049687150,978,-5079
6003,1299,3,11855,1050546143,3946,-822
6003,1300,0,11856,1051405136,3450,4221
6003,1300,1,11857,1052264129,2669,-6584
6003,1300,2,11858,1053123122,-439,-8121
6003,1300,3,11859,1053982115,-5964,1856
6003,1301,0,11860,1054841108,-1588,1183
6003,1301,1,11861,1055700101,6053,449
6003,1301,2,11862,1056559094,275,2542
6003,1301,3,11863,1057418087,-2905,-1301
6003,1302,0,11864,1058277080,-564,-3940
6003,1302,1,11865,1059136073,892,214
6003,1302,2,11866,1059995066,6198,2712
6003,1302,3,11867,1060854059,-1266,1337
6003,1303,0,11868,1061713052,-6768,4588
6003,1303,1,11869,1062572045,2403,3640
6003,1303,2,11870,1063431038,-693,-3160
6003,1303,3,11871,1064290031,-2698,-1803
6003,1304,0,11872,1065149024,-910,2023
6003,1304,1,11873,1066008017,-2139,2927
6003,1304,2,11874,1066867010,8765,2438
6003,1304,3,11875,1067726003,3775,108
6003,1305,0,11876,1068584996,-6506,-565
6003,1305,1,11877,1069443989,3301,-3450
6003,1305,2,11878,1070302982,521,-7679
6003,1305,3,11879,1071161975,-1690,-4070
6003,1306,0,11880,1072020968,5409,1218
6003,1306,1,11881,1072879961,1996,-2965
6003,1306,2,11882,1073738954,1524,-3787
6003,1306,3,11883,1074597947,-1025,4666
6003,1307,0,11884,1075456940,589,1286
6003,1307,1,11885,1076315933,7217,-3646
6003,1307,2,11886,1077174926,-1019,3582
6003,1307,3,11887,1078033919,-739,2862
6003,1308,0,11888,1078892912,2726,-55
6003,1308,1,11889,1079751905,-2672,3086
6003,1308,2,11890,1080610898,1419,1831
6003,1308,3,11891,1081469891,-1606,-192
6003,1309,0,11892,1082328884,-3738,-1074
6003,1309,1,11893,1083187877,4818,-975
6003,1309,2,11894,1084046870,2643,-523
6003,1309,3,11895,1084905863,1377,807
6003,1310,0,11896,1085764856,-438,2078
6003,1310,1,11897,1086623849,-5279,-3440
6003,1310,2,11898,1087482842,-141,-4140
6003,1310,3,11899,1088341835,-496,559
6003,1311,0,11900,1089200828,-267,531
6003,1311,1,11901,1090059821,8074,1610
6003,1311,2,11902,1090918814,6809,-997
6003,1311,3,11903,1091777807,1864,-1143
6003,1312,0,11904,1092636800,1036,5169
6003,1312,1,11905,1093495793,269,1944
6003,1312,2,11906,1094354786,-1836,-2271
6003,1312,3,11907,1095213779,-695,-1090
6003,1313,0,11908,1096072772,5860,600
6003,1313,1,11909,1096931765,4728,4460
6003,1313,2,11910,1097790758,-39,5187
6003,1313,3,11911,1098649751,557,5573
6003,1314,0,11912,1099508744,-1354,2670
6003,1314,1,11913,1100367737,16,-7871
6003,1314,2,11914,1101226730,2733,-8210
6003,1314,3,11915,1102085723,-35,633
6003,1315,0,11916,1102944716,1389,-1413
6003,1315,1,11917,1103803709,1758,-8503
6003,1315,2,11918,1104662702,-905,-5784
6003,1315,3,11919,1105521695,1042,-1401
6003,1316,0,11920,1106380688,-2371,-448
6003,1316,1,11921,1107239681,-8573,590
6003,1316,2,11922,1108098674,-4824,-4695
6003,1316,3,11923,1108957667,889,-5194
6003,1317,0,11924,1109816660,1615,2446
6003,1317,1,11925,1110675653,-167,634
6003,1317,2,11926,1111534646,-3536,-40
6003,1317,3,11927,1112393639,-2475,2053
6003,1318,0,11928,1113252632,2108,-1417
6003,1318,1,11929,1114111625,932,1099
6003,1318,2,11930,1114970618,-1729,952
6003,1318,3,11931,1115829611,-1712,429
6003,1319,0,11932,1116688604,-245,6359
6003,1319,1,11933,1117547597,2535,-891
6003,1319,2,11934,1118406590,-3995,-4993
6003,1319,3,11935,1119265583,-9190,2549
6003,1320,0,11936,1120124576,3238,-3226
6003,1320,1,11937,1120983569,6738,-5996
6003,1320,2,11938,1121842562,-2872,1770
6003,1320,3,11939,1122701555,-265,905
6003,1321,0,11940,1123560548,4359,48
6003,1321,1,11941,1124419541,1335,2428
6003,1321,2,11942,1125278534,651,3718
6003,1321,3,11943,1126137527,2984,6581
6003,1322,0,11944,1126996520,2240,3581
6003,1322,1,11945,1127855513,408,-307
6003,1322,2,11946,1128714506,3374,2892
6003,1322,3,11947,1129573499,1386,2598
6003,1323,0,11948,1130432492,-1056,-2391
6003,1323,1,11949,1131291485,5300,-2297
6003,1323,2,11950,1132150478,2442,2056
6003,1323,3,11951,1133009471,-2764,4860
6003,1324,0,11952,1133868464,-1336,4789
6003,1324,1,11953,1134727457,-1630,1546
6003,1324,2,11954,1135586450,4292,-1796
6003,1324,3,11955,1136445443,5032,-309
6003,1325,0,11956,1137304436,1635,2519
6003,1325,1,11957,1138163429,4434,1244
6003,1325,2,11958,1139022422,-2279,-1737
6003,1325,3,11959,1139881415,-5343,-388
6003,1326,0,11960,1140740408,-3161,2253
6003,1326,1,11961,1141599401,-5869,-217
6003,1326,2,11962,1142458394,-2150,-1088
6003,1326,3,11963,1143317387,-5200,1099
6003,1327,0,11964,1144176380,-6799,-400
6003,1327,1,11965,1145035373,1058,-3302
6003,1327,2,11966,1145894366,68,-2372
6003,1327,3,11967,1146753359,2299,2597
6003,1328,0,11968,1147612352,3049,-603
6003,1328,1,11969,1148471345,-1559,-5686
6003,1328,2,11970,1149330338,1747,3454
6003,1328,3,11971,1150189331,2467,3622
6003,1329,0,11972,1151048324,4769,-3998
6003,1329,1,11973,1151907317,4444,2448
6003,1329,2,11974,1152766310,-3034,3770
6003,1329,3,11975,1153625303,771,424
6003,1330,0,11976,1154484296,4897,2253
6003,1330,1,11977,1155343289,1581,1403
6003,1330,2,11978,1156202282,757,3094
6003,1330,3,11979,1157061275,2312,1785
6003,1331,0,11980,1157920268,2614,-164
6003,1331,1,11981,1158779261,-521,3640
6003,1331,2,11982,1159638254,-421,1098
6003,1331,3,11983,1160497247,-875,805
6003,1332,0,11984,1161356240,-436,3630
6003,1332,1,11985,1162215233,6504,-1225
6003,1332,2,11986,1163074226,4600,-928
6003,1332,3,11987,1163933219,713,3365
6003,1333,0,11988,1164792212,2433,2627
6003,1333,1,11989,1165651205,-429,2297
6003,1333,2,11990,1166510198,-2489,186
6003,1333,3,11991,1167369191,-1612,-883
6003,1334,0,11992,1168228184,-1586,4309
6003,1334,1,11993,1169087177,-3171,3473
6003,1334,2,11994,1169946170,2414,-1849
6003,1334,3,11995,1170805163,8606,1823
6003,1335,0,11996,1171664156,1537,6350
6003,1335,1,11997,1172523149,4294,2862
6003,1335,2,11998,1173382142,6697,-3258
6003,1335,3,11999,1174241135,-4571,-1642
6003,1336,0,12000,1175100128,-2427,3707
6003,1336,1,12001,1175959121,-2872,-3432
6003,1336,2,12002,1176818114,-4551,-7316
6003,1336,3,12003,1177677107,4019,939
6003,1337,0,12004,1178536100,-497,838
6003,1337,1,12005,1179395093,-4723,262
6003,1337,2,12006,1180254086,-6774,3292
6003,1337,3,12007,1181113079,-10057,-481
6003,1338,0,12008,1181972072,-4049,-2624
6003,1338,1,12009,1182831065,-4035,-1013
6003,1338,2,12010,1183690058,-2209,-1249
6003,1338,3,12011,1184549051,1559,-4541
6003,1339,0,12012,1185408044,1833,-3253
6003,1339,1,12013,1186267037,6292,2602
6003,1339,2,12014,1187126030,-1509,1835
6003,1339,3,12015,1187985023,-5827,-315
6003,1340,0,12016,1188844016,-1710,-904
6003,1340,1,12017,1189703009,-6209,1402
6003,1340,2,12018,1190562002,-333,3061
6003,1340,3,12019,1191420995,4716,-3495
6003,1341,0,12020,1192279988,2527,-2512
6003,1341,1,12021,1193138981,2126,-697
6003,1341,2,12022,1193997974,-5281,-5115
6003,1341,3,12023,1194856967,-854,-2678
6003,1342,0,12024,1195715960,3589,-3829
6003,1342,1,12025,1196574953,-3007,-1567
6003,1342,2,12026,1197433946,5990,4869
6003,1342,3,12027,1198292939,8995,2122
6003,1343,0,12028,1199151932,-1762,305
6003,1343,1,12029,1200010925,-5786,-2496
6003,1343,2,12030,1200869918,-7201,-1078
6003,1343,3,12031,1201728911,-533,383
6003,1344,0,12032,1202587904,4315,-5781
6003,1344,1,12033,1203446897,-1951,-963
6003,1344,2,12034,1204305890,-2516,2246
6003,1344,3,12035,1205164883,707,2646
6003,1345,0,12036,1206023876,3060,5348
6003,1345,1,12037,1206882869,3036,-4773
6003,1345,2,12038,1207741862,451,-7016
6003,1345,3,12039,1208600855,2798,-3040
6003,1346,0,12040,1209459848,714,-3522
6003,1346,1,12041,1210318841,-2656,-749
6003,1346,2,12042,1211177834,-1137,-7654
6003,1346,3,12043,1212036827,-6408,-9533
6003,1347,0,12044,1212895820,-2277,822
6003,1347,1,12045,1213754813,7171,3301
6003,1347,2,12046,1214613806,-331,1780
6003,1347,3,12047,1215472799,-458,3673
6003,1348,0,12048,1216331792,3809,4806
6003,1348,1,12049,1217190785,-2072,-2431
6003,1348,2,12050,1218049778,3491,-1507
6003,1348,3,12051,1218908771,7793,10012
6003,1349,0,12052,1219767764,246,4040
6003,1349,1,12053,1220626757,-4278,-5211
6003,1349,2,12054,1221485750,-5558,-2012
6003,1349,3,12055,1222344743,-1681,2075
6003,1350,0,12056,1223203736,137,-333
6003,1350,1,12057,1224062729,-524,-3220
6003,1350,2,12058,1224921722,591,3745
6003,1350,3,12059,1225780715,-1938,222
6003,1351,0,12060,1226639708,2884,-3051
6003,1351,1,12061,1227498701,5064,5394
6003,1351,2,12062,1228357694,978,-3859
6003,1351,3,12063,1229216687,3134,-4507
6003,1352,0,12064,1230075680,-3408,1479
6003,1352,1,12065,1230934673,-2481,-7305
6003,1352,2,12066,1231793666,5065,-77
6003,1352,3,12067,1232652659,-1453,95
6003,1353,0,12068,1233511652,4630,-7415
6003,1353,1,12069,1234370645,6129,3147
6003,1353,2,12070,1235229638,-4677,1622
6003,1353,3,12071,1236088631,316,-4222
6003,1354,0,12072,1236947624,-3329,36
6003,1354,1,12073,1237806617,-5787,2113
6003,1354,2,12074,1238665610,3444,599
6003,1354,3,12075,1239524603,-2645,-4756
6003,1355,0,12076,1240383596,-2953,-3044
6003,1355,1,12077,1241242589,4851,-99
6003,1355,2,12078,1242101582,3274,-1790
6003,1355,3,12079,1242960575,169,-987
6003,1356,0,12080,1243819568,-4350,-2193
6003,1356,1,12081,1244678561,-1607,-619
6003,1356,2,12082,1245537554,4600,-2022
6003,1356,3,12083,1246396547,1580,-6244
6003,1357,0,12084,1247255540,1052,-423
6003,1357,1,12085,1248114533,5866,4172
6003,1357,2,12086,1248973526,4045,1331
6003,1357,3,12087,1249832519,-2982,-5363
6003,1358,0,12088,1250691512,2516,-6162
6003,1358,1,12089,1251550505,7278,-1536
6003,1358,2,12090,1252409498,-5676,-5772
6003,1358,3,12091,1253268491,-4196,-5556
6003,1359,0,12092,1254127484,5530,-708
6003,1359,1,12093,1254986477,-842,-3748
6003,1359,2,12094,1255845470,-351,-2686
6003,1359,3,12095,1256704463,2222,4601
6003,1360,0,12096,1257563456,-2073,8351
6003,1360,1,12097,1258422449,-2352,3472
6003,1360,2,12098,1259281442,-3594,1487
6003,1360,3,12099,1260140435,525,4193
6003,1361,0,12100,1260999428,3327,-943
6003,1361,1,12101,1261858421,-2441,597
6003,1361,2,12102,1262717414,1052,6515
6003,1361,3,12103,1263576407,3924,6065
6003,1362,0,12104,1264435400,-1931,7356
6003,1362,1,12105,1265294393,-3476,3374
6003,1362,2,12106,1266153386,-1746,2469
6003,1362,3,12107,1267012379,2087,3735
6003,1363,0,12108,1267871372,1836,-5458
6003,1363,1,12109,1268730365,-2823,-3513
6003,1363,2,12110,1269589358,-420,5136
6003,1363,3,12111,1270448351,-21,2687
6003,1364,0,12112,1271307344,-3646,-168
6003,1364,1,12113,1272166337,-2538,-1622
6003,1364,2,12114,1273025330,-1763,-2835
6003,1364,3,12115,1273884323,-2523,132
6003,1365,0,12116,1274743316,-5221,3556
6003,1365,1,12117,1275602309,-1257,2153
6003,1365,2,12118,1276461302,7361,659
6003,1365,3,12119,1277320295,-3107,1063
6003,1366,0,12120,1278179288,-10140,-593
6003,1366,1,12121,1279038281,1071,3081
6003,1366,2,12122,1279897274,1221,5337
6003,1366,3,12123,1280756267,2247,1915
6003,1367,0,12124,1281615260,6514,4693
6003,1367,1,12125,1282474253,-1679,4841
6003,1367,2,12126,1283333246,-3537,2365
6003,1367,3,12127,1284192239,-3163,269
6003,1368,0,12128,1285051232,-4579,-2869
6003,1368,1,12129,1285910225,-988,5164
6003,1368,2,12130,1286769218,-2240,7257
6003,1368,3,12131,1287628211,-710,-2847
6003,1369,0,12132,1288487204,-226,-3638
6003,1369,1,12133,1289346197,-299,-924
6003,1369,2,12134,1290205190,9466,-2749
6003,1369,3,12135,1291064183,7385,-5400
6003,1370,0,12136,1291923176,426,-587
6003,1370,1,12137,1292782169,1352,4250
6003,1370,2,12138,1293641162,-1377,-1712
6003,1370,3,12139,1294500155,1325,-1
6003,1371,0,12140,1295359148,1651,2662
6003,1371,1,12141,1296218141,-1496,180
6003,1371,2,12142,1297077134,2051,3560
6003,1371,3,12143,1297936127,-4164,-3389
6003,1372,0,12144,1298795120,-4611,-8516
6003,1372,1,12145,1299654113,6690,-2461
6003,1372,2,12146,1300513106,5013,-244
6003,1372,3,12147,1301372099,4004,2471
6003,1373,0,12148,1302231092,3869,403
6003,1373,1,12149,1303090085,-3667,2096
6003,1373,2,12150,1303949078,-742,6087
6003,1373,3,12151,1304808071,397,355
6003,1374,0,12152,1305667064,-5031,2002
6003,1374,1,12153,1306526057,-764,-3915
6003,1374,2,12154,1307385050,-1645,-8641
6003,1374,3,12155,1308244043,-7123,5133
6003,1375,0,12156,1309103036,-2545,-438
6003,1375,1,12157,1309962029,-551,-7875
6003,1375,2,12158,1310821022,215,2385
6003,1375,3,12159,1311680015,4748,4638
6003,1376,0,12160,1312539008,-204,2691
6003,1376,1,12161,1313398001,-6193,197
6003,1376,2,12162,1314256994,-2653,-860
6003,1376,3,12163,1315115987,-88,-3108
6003,1377,0,12164,1315974980,1076,-1281
6003,1377,1,12165,1316833973,1294,8542
6003,1377,2,12166,1317692966,-3565,-473
6003,1377,3,12167,1318551959,-2397,-5830
6003,1378,0,12168,1319410952,-120,746
6003,1378,1,12169,1320269945,-4520,-5609
6003,1378,2,12170,1321128938,2275,67
6003,1378,3,12171,1321987931,1781,2243
6003,1379,0,12172,1322846924,-12945,-5560
6003,1379,1,12173,1323705917,-951,739
6003,1379,2,12174,1324564910,10973,-5421
6003,1379,3,12175,1325423903,-78,-8976
6003,1380,0,12176,1326282896,573,1891
6003,1380,1,12177,1327141889,1305,993
6003,1380,2,12178,1328000882,1489,1307
6003,1380,3,12179,1328859875,6913,3278
6003,1381,0,12180,1329718868,-1264,242
6003,1381,1,12181,1330577861,-141,-3731
6003,1381,2,12182,1331436854,4299,-4382
6003,1381,3,12183,1332295847,-2516,1677
6003,1382,0,12184,1333154840,1311,-2082
6003,1382,1,12185,1334013833,110,-4530
6003,1382,2,12186,1334872826,-5318,-375
6003,1382,3,12187,1335731819,-2099,-4638
6003,1383,0,12188,1336590812,-6558,-794
6003,1383,1,12189,1337449805,-6209,1099
6003,1383,2,12190,1338308798,414,-3807
6003,1383,3,12191,1339167791,-4374,4051
6003,1384,0,12192,1340026784,-4400,4321
6003,1384,1,12193,1340885777,4809,-3156
6003,1384,2,12194,1341744770,534,-2223
6003,1384,3,12195,1342603763,-6783,-5138
6003,1385,0,12196,1343462756,549,-6093
6003,1385,1,12197,1344321749,1213,2105
6003,1385,2,12198,1345180742,-2951,4045
6003,1385,3,12199,1346039735,-151,1422
6003,1386,0,12200,1346898728,-2720,2562
6003,1386,1,12201,1347757721,921,-750
6003,1386,2,12202,1348616714,7544,-283
6003,1386,3,12203,1349475707,5981,6731
6003,1387,0,12204,1350334700,4463,873
6003,1387,1,12205,1351193693,-1947,-6001
6003,1387,2,12206,1352052686,-226,-2246
6003,1387,3,12207,1352911679,4345,51
6003,1388,0,12208,1353770672,-2244,1141
6003,1388,1,12209,1354629665,1220,1593
6003,1388,2,12210,1355488658,1610,1818
6003,1388,3,12211,1356347651,-5435,1217
6003,1389,0,12212,1357206644,-3655,-496
6003,1389,1,12213,1358065637,-5239,845
6003,1389,2,12214,1358924630,-3762,3085
6003,1389,3,12215,1359783623,633,6377
6003,1390,0,12216,1360642616,-241,978
6003,1390,1,12217,1361501609,812,-4959
6003,1390,2,12218,1362360602,-897,5011
6003,1390,3,12219,1363219595,-2398,5412
6003,1391,0,12220,1364078588,-1489,164
6003,1391,1,12221,1364937581,371,3477
6003,1391,2,12222,1365796574,4381,-2183
6003,1391,3,12223,1366655567,2137,-2966
6003,1392,0,12224,1367514560,-4054,1467
6003,1392,1,12225,1368373553,-7150,-1888
6003,1392,2,12226,1369232546,-2503,-1705
6003,1392,3,12227,1370091539,3739,-2509
6003,1393,0,12228,1370950532,490,-3142
6003,1393,1,12229,1371809525,-2478,1002
6003,1393,2,12230,1372668518,-1262,3104
6003,1393,3,12231,1373527511,49,782
6003,1394,0,12232,1374386504,-372,-4895
6003,1394,1,12233,1375245497,-561,33
6003,1394,2,12234,1376104490,3422,10617
6003,1394,3,12235,1376963483,-1211,9275
6003,1395,0,12236,1377822476,-4701,2810
6003,1395,1,12237,1378681469,5868,-1562
6003,1395,2,12238,1379540462,8230,-303
6003,1395,3,12239,1380399455,-415,972
6003,1396,0,12240,1381258448,-4260,-5371
6003,1396,1,12241,1382117441,1097,-7136
6003,1396,2,12242,1382976434,4049,-673
6003,1396,3,12243,1383835427,1951,1747
6003,1397,0,12244,1384694420,4684,-880
6003,1397,1,12245,1385553413,-1026,3182
6003,1397,2,12246,1386412406,-6675,4628
6003,1397,3,12247,1387271399,-1757,-3519
6003,1398,0,12248,1388130392,-3047,486
6003,1398,1,12249,1388989385,-74,2871
6003,1398,2,12250,1389848378,2205,-8741
6003,1398,3,12251,1390707371,-3193,-9447
6003,1399,0,12252,1391566364,-802,-4006
6003,1399,1,12253,1392425357,-1415,2143
6003,1399,2,12254,1393284350,-4841,4791
6003,1399,3,12255,1394143343,-5497,-4713
6003,1400,0,12256,1395002336,-5413,-4221
6003,1400,1,12257,1395861329,-1060,687
6003,1400,2,12258,1396720322,-1979,-3040
6003,1400,3,12259,1397579315,-3196,-3114
6003,1401,0,12260,1398438308,-46,-3459
6003,1401,1,12261,1399297301,1978,-535
6003,1401,2,12262,1400156294,5095,2076
6003,1401,3,12263,1401015287,5696,-2919
6003,1402,0,12264,1401874280,2826,50
6003,1402,1,12265,1402733273,-6832,5163
6003,1402,2,12266,1403592266,-7852,5192
6003,1402,3,12267,1404451259,7237,1841
6003,1403,0,12268,1405310252,5547,-6034
6003,1403,1,12269,1406169245,-4529,-3235
6003,1403,2,12270,1407028238,-4376,2447
6003,1403,3,12271,1407887231,-4089,1664
6003,1404,0,12272,1408746224,360,6137
6003,1404,1,12273,1409605217,-624,1874
6003,1404,2,12274,1410464210,-5049,-7028
6003,1404,3,12275,1411323203,1003,-812
6003,1405,0,12276,1412182196,1932,1451
6003,1405,1,12277,1413041189,-3237,-4004
6003,1405,2,12278,1413900182,-760,-901
6003,1405,3,12279,1414759175,4614,-38
6003,1406,0,12280,1415618168,3198,-2525
6003,1406,1,12281,1416477161,-291,5359
6003,1406,2,12282,1417336154,-1862,7678
6003,1406,3,12283,1418195147,-5914,-2701
6003,1407,0,12284,1419054140,-3600,-4055
6003,1407,1,12285,1419913133,2184,-1331
6003,1407,2,12286,1420772126,-3317,-1481
6003,1407,3,12287,1421631119,-9824,2647
6003,1408,0,12288,1422490112,-2960,1696
6003,1408,1,12289,1423349105,4216,3586
6003,1408,2,12290,1424208098,-3356,6282
6003,1408,3,12291,1425067091,-3308,-5427
6003,1409,0,12292,1425926084,5842,-4692
6003,1409,1,12293,1426785077,-336,4206
6003,1409,2,12294,1427644070,-383,-3570
6003,1409,3,12295,1428503063,4617,-3827
6003,1410,0,12296,1429362056,-4088,3816
6003,1410,1,12297,1430221049,-1702,2164
6003,1410,2,12298,1431080042,5369,2035
6003,1410,3,12299,1431939035,1293,5960
6003,1411,0,12300,1432798028,2098,7139
6003,1411,1,12301,1433657021,4409,1327
6003,1411,2,12302,1434516014,2076,-4430
6003,1411,3,12303,1435375007,2738,-1099
6003,1412,0,12304,1436234000,2035,1386
6003,1412,1,12305,1437092993,-3575,-1281
6003,1412,2,12306,1437951986,-5193,-2996
6003,1412,3,12307,1438810979,-4886,-3100
6003,1413,0,12308,1439669972,-4559,-1661
6003,1413,1,12309,1440528965,505,-48
6003,1413,2,12310,1441387958,2884,-903
6003,1413,3,12311,1442246951,3935,-2773
6003,1414,0,12312,1443105944,3099,-1751
6003,1414,1,12313,1443964937,65,-873
6003,1414,2,12314,1444823930,410,-2663
6003,1414,3,12315,1445682923,-7973,632
6003,1415,0,12316,1446541916,-7440,6662
6003,1415,1,12317,1447400909,6396,2110
6003,1415,2,12318,1448259902,-527,-4558
6003,1415,3,12319,1449118895,-10211,1332
6003,1416,0,12320,1449977888,-4188,4458
6003,1416,1,12321,1450836881,4606,801
6003,1416,2,12322,1451695874,5582,2526
6003,1416,3,12323,1452554867,-1844,-394
6003,1417,0,12324,1453413860,2039,-798
6003,1417,1,12325,1454272853,3420,4573
6003,1417,2,12326,1455131846,-3658,462
6003,1417,3,12327,1455990839,-1702,-314
6003,1418,0,12328,1456849832,-4221,-843
6003,1418,1,12329,1457708825,-2059,-2559
6003,1418,2,12330,1458567818,2127,1386
6003,1418,3,12331,1459426811,-3276,-5364
6003,1419,0,12332,1460285804,-1735,-1629
6003,1419,1,12333,1461144797,-2785,7444
6003,1419,2,12334,1462003790,-723,-2689
6003,1419,3,12335,1462862783,5252,429
6003,1420,0,12336,1463721776,4054,5025
6003,1420,1,12337,1464580769,9251,-905
6003,1420,2,12338,1465439762,5139,4137
6003,1420,3,12339,1466298755,-400,2635
6003,1421,0,12340,1467157748,4830,-382
6003,1421,1,12341,1468016741,195,312
6003,1421,2,12342,1468875734,2186,-1118
6003,1421,3,12343,1469734727,6088,4758
6003,1422,0,12344,1470593720,628,1858
6003,1422,1,12345,1471452713,3773,-1660
6003,1422,2,12346,1472311706,5519,4896
6003,1422,3,12347,1473170699,932,5663
6003,1423,0,12348,1474029692,-2832,4220
6003,1423,1,12349,1474888685,-903,-1393
6003,1423,2,12350,1475747678,3579,-1501
6003,1423,3,12351,1476606671,-727,6301
6003,1424,0,12352,1477465664,-3655,1494
6003,1424,1,12353,1478324657,-4022,-92
6003,1424,2,12354,1479183650,-3716,5316
6003,1424,3,12355,1480042643,3477,4577
6003,1425,0,12356,1480901636,4856,6006
6003,1425,1,12357,1481760629,-1037,1752
6003,1425,2,12358,1482619622,-1678,-5709
6003,1425,3,12359,1483478615,2140,-1687
6003,1426,0,12360,1484337608,-1049,-1928
6003,1426,1,12361,1485196601,-4288,-7155
6003,1426,2,12362,1486055594,2664,-360
6003,1426,3,12363,1486914587,3307,-21
6003,1427,0,12364,1487773580,-801,-7383
6003,1427,1,12365,1488632573,17,2827
6003,1427,2,12366,1489491566,3387,6136
6003,1427,3,12367,1490350559,4854,-7736
6003,1428,0,12368,1491209552,-2413,-5540
6003,1428,1,12369,1492068545,1414,3791
6003,1428,2,12370,1492927538,6648,2567
6003,1428,3,12371,1493786531,-1317,618
6003,1429,0,12372,1494645524,4428,-21
6003,1429,1,12373,1495504517,844,-2181
6003,1429,2,12374,1496363510,-8950,-2026
6003,1429,3,12375,1497222503,2470,693
6003,1430,0,12376,1498081496,1042,-4038
6003,1430,1,12377,1498940489,-1447,-9221
6003,1430,2,12378,1499799482,4081,-2597
6003,1430,3,12379,1500658475,-5151,2047
6003,1431,0,12380,1501517468,-6350,121
6003,1431,1,12381,1502376461,-140,-341
6003,1431,2,12382,1503235454,2737,-147
6003,1431,3,12383,1504094447,5050,342
6003,1432,0,12384,1504953440,2368,48
6003,1432,1,12385,1505812433,2980,-2851
6003,1432,2,12386,1506671426,-57,-3150
6003,1432,3,12387,1507530419,-4816,1035
6003,1433,0,12388,1508389412,-1641,-1876
6003,1433,1,12389,1509248405,-2183,-3016
6003,1433,2,12390,1510107398,-1446,5737
6003,1433,3,12391,1510966391,948,2825
6003,1434,0,12392,1511825384,-1471,-1669
6003,1434,1,12393,1512684377,275,-2050
6003,1434,2,12394,1513543370,1237,-9322
6003,1434,3,12395,1514402363,-4396,-5709
6003,1435,0,12396,1515261356,-6491,-2857
6003,1435,1,12397,1516120349,381,-3177
6003,1435,2,12398,1516979342,8057,4027
6003,1435,3,12399,1517838335,6964,-163
6003,1436,0,12400,1518697328,1325,104
6003,1436,1,12401,1519556321,1873,3898
6003,1436,2,12402,1520415314,3939,-1545
6003,1436,3,12403,1521274307,-797,1452
6003,1437,0,12404,1522133300,-1631,1579
6003,1437,1,12405,1522992293,1514,3192
6003,1437,2,12406,1523851286,1959,6784
6003,1437,3,12407,1524710279,3063,-3603
6003,1438,0,12408,1525569272,-4312,-4617
6003,1438,1,12409,1526428265,-5756,710
6003,1438,2,12410,1527287258,3095,-1543
6003,1438,3,12411,1528146251,-7506,-1408
6003,1439,0,12412,1529005244,-8451,104
6003,1439,1,12413,1529864237,8386,1276
6003,1439,2,12414,1530723230,1362,1261
6003,1439,3,12415,1531582223,-3595,3047
6003,1440,0,12416,1532441216,159,2626
6003,1440,1,12417,1533300209,-8273,1991
6003,1440,2,12418,1534159202,1151,5919
6003,1440,3,12419,1535018195,12679,1610
6003,1441,0,12420,1535877188,224,2815
6003,1441,1,12421,1536736181,-4634,7610
6003,1441,2,12422,1537595174,1186,4105
6003,1441,3,12423,1538454167,4028,7349
6003,1442,0,12424,1539313160,4073,-322
6003,1442,1,12425,1540172153,-1127,-9756
6003,1442,2,12426,1541031146,-132,-2041
6003,1442,3,12427,1541890139,3997,-534
6003,1443,0,12428,1542749132,-12,2617
6003,1443,1,12429,1543608125,-2331,6387
6003,1443,2,12430,1544467118,801,1720
6003,1443,3,12431,1545326111,5947,941
6003,1444,0,12432,1546185104,2824,773
6003,1444,1,12433,1547044097,-5764,585
6003,1444,2,12434,1547903090,1237,-3884
6003,1444,3,12435,1548762083,7195,-3243
6003,1445,0,12436,1549621076,-1182,4802
6003,1445,1,12437,1550480069,-3264,-1585
6003,1445,2,12438,1551339062,-61,-3221
6003,1445,3,12439,1552198055,330,3138
6003,1446,0,12440,1553057048,-3303,-404
6003,1446,1,12441,1553916041,-6639,-1028
6003,1446,2,12442,1554775034,204,538
6003,1446,3,12443,1555634027,4803,1132
6003,1447,0,12444,1556493020,-995,-182
6003,1447,1,12445,1557352013,-4941,-4397
6003,1447,2,12446,1558211006,-2592,-3715
6003,1447,3,12447,1559069999,1014,1430
6003,1448,0,12448,1559928992,2702,7104
6003,1448,1,12449,1560787985,4139,1362
6003,1448,2,12450,1561646978,1085,-1058
6003,1448,3,12451,1562505971,-2938,8888
6003,1449,0,12452,1563364964,601,1126
6003,1449,1,12453,1564223957,-1034,-4193
6003,1449,2,12454,1565082950,-8712,3869
6003,1449,3,12455,1565941943,-7017,-3828
6003,1450,0,12456,1566800936,-589,-8608
6003,1450,1,12457,1567659929,-1144,-1126
6003,1450,2,12458,1568518922,-2772,3430
6003,1450,3,12459,1569377915,4406,1889
6003,1451,0,12460,1570236908,6923,-3176
6003,1451,1,12461,1571095901,-357,1556
6003,1451,2,12462,1571954894,-1036,3959
6003,1451,3,12463,1572813887,1210,-4435
6003,1452,0,12464,1573672880,1559,-2504
6003,1452,1,12465,1574531873,3703,1224
6003,1452,2,12466,1575390866,1895,-3156
6003,1452,3,12467,1576249859,-2036,-1915
6003,1453,0,12468,1577108852,-3806,1952
6003,1453,1,12469,1577967845,-2917,5422
6003,1453,2,12470,1578826838,-538,8622
6003,1453,3,12471,1579685831,-2548,2927
6003,1454,0,12472,1580544824,-3912,-1228
6003,1454,1,12473,1581403817,2795,-70
6003,1454,2,12474,1582262810,5177,-1370
6003,1454,3,12475,1583121803,-529,4312
6003,1455,0,12476,1583980796,3191,5059
6003,1455,1,12477,1584839789,6039,-1430
6003,1455,2,12478,1585698782,-3488,2209
6003,1455,3,12479,1586557775,-3114,-838
6003,1456,0,12480,1587416768,-857,-2669
6003,1456,1,12481,1588275761,-5730,6891
6003,1456,2,12482,1589134754,689,2319
6003,1456,3,12483,1589993747,1647,-6089
6003,1457,0,12484,1590852740,-4619,-7830
6003,1457,1,12485,1591711733,2418,-8506
6003,1457,2,12486,1592570726,2631,-3672
6003,1457,3,12487,1593429719,-6728,-902
6003,1458,0,12488,1594288712,-6059,-996
6003,1458,1,12489,1595147705,-2975,-2158
6003,1458,2,12490,1596006698,-25,-1719
6003,1458,3,12491,1596865691,2141,2817
6003,1459,0,12492,1597724684,-3792,2083
6003,1459,1,12493,1598583677,-4114,-729
6003,1459,2,12494,1599442670,254,-2736
6003,1459,3,12495,1600301663,-2700,-620
6003,1460,0,12496,1601160656,636,3460
6003,1460,1,12497,1602019649,4076,-2201
6003,1460,2,12498,1602878642,-614,-2750
6003,1460,3,12499,1603737635,397,944
6003,1461,0,12500,1604596628,-3319,-227
6003,1461,1,12501,1605455621,-7451,5120
6003,1461,2,12502,1606314614,60,5058
6003,1461,3,12503,1607173607,-1934,36
6003,1462,0,12504,1608032600,-6884,-822
6003,1462,1,12505,1608891593,-686,-5227
6003,1462,2,12506,1609750586,-2203,-1024
6003,1462,3,12507,1610609579,-8720,6774
6003,1463,0,12508,1611468572,-1884,1326
6003,1463,1,12509,1612327565,4440,-2065
6003,1463,2,12510,1613186558,-160,-169
6003,1463,3,12511,1614045551,456,-3012
6003,1464,0,12512,1614904544,-188,-1063
6003,1464,1,12513,1615763537,-1963,2775
6003,1464,2,12514,1616622530,7324,116
6003,1464,3,12515,1617481523,1227,3665
6003,1465,0,12516,1618340516,-10316,5275
6003,1465,1,12517,1619199509,-735,-3424
6003,1465,2,12518,1620058502,2227,-3271
6003,1465,3,12519,1620917495,-3077,1409
6003,1466,0,12520,1621776488,-1331,60
6003,1466,1,12521,1622635481,-476,-3089
6003,1466,2,12522,1623494474,-2272,-4620
6003,1466,3,12523,1624353467,-4827,-2620
6003,1467,0,12524,1625212460,-1573,-3996
6003,1467,1,12525,1626071453,1655,-4059
6003,1467,2,12526,1626930446,-1280,-972
6003,1467,3,12527,1627789439,950,-628
6003,1468,0,12528,1628648432,2463,1185
6003,1468,1,12529,1629507425,-4764,-521
6003,1468,2,12530,1630366418,-6579,607
6003,1468,3,12531,1631225411,2708,10
6003,1469,0,12532,1632084404,867,-8534
6003,1469,1,12533,1632943397,-9495,-1712
6003,1469,2,12534,1633802390,-2275,3321
6003,1469,3,12535,1634661383,5743,-1427
6003,1470,0,12536,1635520376,3815,1909
6003,1470,1,12537,1636379369,2109,-1519
6003,1470,2,12538,1637238362,1200,-1497
6003,1470,3,12539,1638097355,5105,5317
6003,1471,0,12540,1638956348,-2109,5101
6003,1471,1,12541,1639815341,-7717,6017
6003,1471,2,12542,1640674334,2959,4028
6003,1471,3,12543,1641533327,-1343,1132
6003,1472,0,12544,1642392320,-3628,-1832
6003,1472,1,12545,1643251313,3197,-320
6003,1472,2,12546,1644110306,-2826,5321
6003,1472,3,12547,1644969299,-1164,-5417
6003,1473,0,12548,1645828292,3285,-7065
6003,1473,1,12549,1646687285,1378,4912
6003,1473,2,12550,1647546278,1080,2823
6003,1473,3,12551,1648405271,-1798,2098
6003,1474,0,12552,1649264264,-2169,3574
6003,1474,1,12553,1650123257,-4118,1817
6003,1474,2,12554,1650982250,-3003,-2350
6003,1474,3,12555,1651841243,2420,-5147
6003,1475,0,12556,1652700236,-1081,1633
6003,1475,1,12557,1653559229,-2178,-766
6003,1475,2,12558,1654418222,715,1007
6003,1475,3,12559,1655277215,2563,8528
6003,1476,0,12560,1656136208,2761,654
6003,1476,1,12561,1656995201,-717,3406
6003,1476,2,12562,1657854194,846,3483
6003,1476,3,12563,1658713187,-165,-4164
6003,1477,0,12564,1659572180,-4437,3851
6003,1477,1,12565,1660431173,-3392,907
6003,1477,2,12566,1661290166,166,-3309
6003,1477,3,12567,1662149159,5444,3016
6003,1478,0,12568,1663008152,1765,1285
6003,1478,1,12569,1663867145,-1933,513
6003,1478,2,12570,1664726138,3706,-743
6003,1478,3,12571,1665585131,3243,892
6003,1479,0,12572,1666444124,860,2983
6003,1479,1,12573,1667303117,-252,-3927
6003,1479,2,12574,1668162110,1349,-1780
6003,1479,3,12575,1669021103,5734,2089
6003,1480,0,12576,1669880096,3555,-580
6003,1480,1,12577,1670739089,2295,1737
6003,1480,2,12578,1671598082,-350,2052
6003,1480,3,12579,1672457075,-2199,-1370
6003,1481,0,12580,1673316068,-1106,-1393
6003,1481,1,12581,1674175061,-9151,2451
6003,1481,2,12582,1675034054,-6243,2543
6003,1481,3,12583,1675893047,4393,-163
6003,1482,0,12584,1676752040,659,1781
6003,1482,1,12585,1677611033,-86,-431
6003,1482,2,12586,1678470026,1348,-3382
6003,1482,3,12587,1679329019,-3237,-81
6003,1483,0,12588,1680188012,-2078,839
6003,1483,1,12589,1681047005,1851,128
6003,1483,2,12590,1681905998,1253,-416
6003,1483,3,12591,1682764991,1546,477
6003,1484,0,12592,1683623984,5107,500
6003,1484,1,12593,1684482977,1932,-4355
6003,1484,2,12594,1685341970,-3337,-2209
6003,1484,3,12595,1686200963,-1605,3479
6003,1485,0,12596,1687059956,-2026,-1450
6003,1485,1,12597,1687918949,-2626,-4649
6003,1485,2,12598,1688777942,-2319,2703
6003,1485,3,12599,1689636935,-5187,4005
6003,1486,0,12600,1690495928,-880,-3585
6003,1486,1,12601,1691354921,5321,-2186
6003,1486,2,12602,1692213914,843,2288
6003,1486,3,12603,1693072907,-4517,-3001
6003,1487,0,12604,1693931900,-739,-1969
6003,1487,1,12605,1694790893,4253,5829
6003,1487,2,12606,1695649886,1849,1783
6003,1487,3,12607,1696508879,-2198,-2651
6003,1488,0,12608,1697367872,-1054,1306
6003,1488,1,12609,1698226865,1378,787
6003,1488,2,12610,1699085858,2359,488
6003,1488,3,12611,1699944851,4154,1469
6003,1489,0,12612,1700803844,2941,-877
6003,1489,1,12613,1701662837,1707,1363
6003,1489,2,12614,1702521830,4920,-611
6003,1489,3,12615,1703380823,1956,-5921
6003,1490,0,12616,1704239816,-1627,-3282
6003,1490,1,12617,1705098809,685,-252
6003,1490,2,12618,1705957802,1151,4577
6003,1490,3,12619,1706816795,4782,5857
6003,1491,0,12620,1707675788,5895,3071
6003,1491,1,12621,1708534781,2925,6398
6003,1491,2,12622,1709393774,4056,1440
6003,1491,3,12623,1710252767,3237,-4913
6003,1492,0,12624,1711111760,4662,-2617
6003,1492,1,12625,1711970753,5768,-2218
6003,1492,2,12626,1712829746,4969,1330
6003,1492,3,12627,1713688739,3904,-514
6003,1493,0,12628,1714547732,-5150,-5241
6003,1493,1,12629,1715406725,-2730,1269
6003,1493,2,12630,1716265718,4533,2473
6003,1493,3,12631,1717124711,796,-2885
6003,1494,0,12632,1717983704,4062,504
6003,1494,1,12633,1718842697,494,7410
6003,1494,2,12634,1719701690,-7158,917
6003,1494,3,12635,1720560683,-5199,-6559
6003,1495,0,12636,1721419676,-5184,467
6003,1495,1,12637,1722278669,2918,-2388
6003,1495,2,12638,1723137662,3626,-5229
6003,1495,3,12639,1723996655,-5374,-1013
6003,1496,0,12640,1724855648,2340,-11191
6003,1496,1,12641,1725714641,5765,-6047
6003,1496,2,12642,1726573634,2022,4422
6003,1496,3,12643,1727432627,5569,-3670
6003,1497,0,12644,1728291620,3664,-534
6003,1497,1,12645,1729150613,-2675,-1722
6003,1497,2,12646,1730009606,-3465,-10480
6003,1497,3,12647,1730868599,-82,-1982
6003,1498,0,12648,1731727592,-805,6508
6003,1498,1,12649,1732586585,-1111,4111
6003,1498,2,12650,1733445578,-451,-1544
6003,1498,3,12651,1734304571,-2334,1609
6003,1499,0,12652,1735163564,4686,4389
6003,1499,1,12653,1736022557,5139,-3136
6003,1499,2,12654,1736881550,-3252,-3273
6003,1499,3,12655,1737740543,-1170,-3544
6003,1500,0,12656,1738599536,-1113,-1809
6003,1500,1,12657,1739458529,-87,6638
6003,1500,2,12658,1740317522,1733,-259
6003,1500,3,12659,1741176515,-3363,-5979
6003,1501,0,12660,1742035508,-619,588
6003,1501,1,12661,1742894501,-239,2697
6003,1501,2,12662,1743753494,-3099,-1713
6003,1501,3,12663,1744612487,-1625,-4407
6003,1502,0,12664,1745471480,-6890,2742
6003,1502,1,12665,1746330473,-5863,2819
6003,1502,2,12666,1747189466,1947,-1560
6003,1502,3,12667,1748048459,4191,1957
6003,1503,0,12668,1748907452,5680,-3935
6003,1503,1,12669,1749766445,4568,-1812
6003,1503,2,12670,1750625438,6286,5606
6003,1503,3,12671,1751484431,7805,-5057
6003,1504,0,12672,1752343424,-871,-4851
6003,1504,1,12673,1753202417,-3895,666
6003,1504,2,12674,1754061410,-897,-3281
6003,1504,3,12675,1754920403,-1340,3588
6003,1505,0,12676,1755779396,5118,7432
6003,1505,1,12677,1756638389,7520,721
6003,1505,2,12678,1757497382,-2410,-2316
6003,1505,3,12679,1758356375,-3725,-1880
6003,1506,0,12680,1759215368,-1056,1315
6003,1506,1,12681,1760074361,-2927,1358
6003,1506,2,12682,1760933354,3423,-2190
6003,1506,3,12683,1761792347,9336,-1807
6003,1507,0,12684,1762651340,5357,-3079
6003,1507,1,12685,1763510333,1538,-3315
6003,1507,2,12686,1764369326,3585,3915
6003,1507,3,12687,1765228319,3322,4209
6003,1508,0,12688,1766087312,-2265,1596
6003,1508,1,12689,1766946305,620,6801
6003,1508,2,12690,1767805298,3678,-583
6003,1508,3,12691,1768664291,2049,-7849
6003,1509,0,12692,1769523284,8522,4424
6003,1509,1,12693,1770382277,2874,5699
6003,1509,2,12694,1771241270,-9937,-2689
6003,1509,3,12695,1772100263,-4730,-3256
6003,1510,0,12696,1772959256,2301,-4906
6003,1510,1,12697,1773818249,2789,-1551
6003,1510,2,12698,1774677242,-1614,2733
6003,1510,3,12699,1775536235,-4964,1172
6003,1511,0,12700,1776395228,1011,328
6003,1511,1,12701,1777254221,1008,-1324
6003,1511,2,12702,1778113214,-4711,1795
6003,1511,3,12703,1778972207,-4159,2788
6003,1512,0,12704,1779831200,271,-2655
6003,1512,1,12705,1780690193,2627,605
6003,1512,2,12706,1781549186,903,1298
6003,1512,3,12707,1782408179,41,-6088
6003,1513,0,12708,1783267172,-2052,-3475
6003,1513,1,12709,1784126165,-435,6208
6003,1513,2,12710,1784985158,4700,7212
6003,1513,3,12711,1785844151,972,-295
6003,1514,0,12712,1786703144,-2100,-745
6003,1514,1,12713,1787562137,-1103,3752
6003,1514,2,12714,1788421130,1680,1589
6003,1514,3,12715,1789280123,2454,-764
6003,1515,0,12716,1790139116,-2064,-2178
6003,1515,1,12717,1790998109,3255,-1451
6003,1515,2,12718,1791857102,3319,3668
6003,1515,3,12719,1792716095,1309,4717
6003,1516,0,12720,1793575088,10686,3000
6003,1516,1,12721,1794434081,-900,-2072
6003,1516,2,12722,1795293074,-6932,-5885
6003,1516,3,12723,1796152067,5685,1250
6003,1517,0,12724,1797011060,463,3467
6003,1517,1,12725,1797870053,1547,-486
6003,1517,2,12726,1798729046,7323,96
6003,1517,3,12727,1799588039,3923,-5720
6003,1518,0,12728,1800447032,3494,-9620
6003,1518,1,12729,1801306025,-2365,-2947
6003,1518,2,12730,1802165018,755,-149
6003,1518,3,12731,1803024011,2853,1618
6003,1519,0,12732,1803883004,-4533,4636
6003,1519,1,12733,1804741997,-912,2503
6003,1519,2,12734,1805600990,-5586,1481
6003,1519,3,12735,1806459983,-4462,60
6003,1520,0,12736,1807318976,6242,-1821
6003,1520,1,12737,1808177969,-1996,3079
6003,1520,2,12738,1809036962,-679,5906
6003,1520,3,12739,1809895955,4826,1769
6003,1521,0,12740,1810754948,1311,-2263
6003,1521,1,12741,1811613941,4867,-3160
6003,1521,2,12742,1812472934,-2853,-2558
6003,1521,3,12743,1813331927,-3002,-4873
6003,1522,0,12744,1814190920,6921,-2597
6003,1522,1,12745,1815049913,-4820,4980
6003,1522,2,12746,1815908906,-3598,1590
6003,1522,3,12747,1816767899,10163,-1122
6003,1523,0,12748,1817626892,3821,6481
6003,1523,1,12749,1818485885,593,4419
6003,1523,2,12750,1819344878,2238,-1160
6003,1523,3,12751,1820203871,-1594,1538
6003,1524,0,12752,1821062864,-894,2244
6003,1524,1,12753,1821921857,-1538,4640
6003,1524,2,12754,1822780850,-1098,6162
6003,1524,3,12755,1823639843,3351,-1795
6003,1525,0,12756,1824498836,3090,-4116
6003,1525,1,12757,1825357829,2994,-706
6003,1525,2,12758,1826216822,808,-1010
6003,1525,3,12759,1827075815,-5125,1092
6003,1526,0,12760,1827934808,-2944,-646
6003,1526,1,12761,1828793801,514,-2055
6003,1526,2,12762,1829652794,987,1682
6003,1526,3,12763,1830511787,5784,-3124
6003,1527,0,12764,1831370780,5143,-252
6003,1527,1,12765,1832229773,-43,4934
6003,1527,2,12766,1833088766,-1315,-6220
6003,1527,3,12767,1833947759,-4265,-1923
6003,1528,0,12768,1834806752,-1715,4221
6003,1528,1,12769,1835665745,5990,-4878
6003,1528,2,12770,1836524738,5818,2300
6003,1528,3,12771,1837383731,3966,2395
6003,1529,0,12772,1838242724,830,-5468
6003,1529,1,12773,1839101717,-861,5204
6003,1529,2,12774,1839960710,6194,4573
6003,1529,3,12775,1840819703,2717,-1625
6003,1530,0,12776,1841678696,-6067,1741
6003,1530,1,12777,1842537689,-885,-39
6003,1530,2,12778,1843396682,2497,720
6003,1530,3,12779,1844255675,2395,437
6003,1531,0,12780,1845114668,1727,-2480
6003,1531,1,12781,1845973661,-4610,-3622
6003,1531,2,12782,1846832654,-1442,-6292
6003,1531,3,12783,1847691647,3499,697
6003,1532,0,12784,1848550640,-2906,4711
6003,1532,1,12785,1849409633,-4261,-3271
6003,1532,2,12786,1850268626,-991,-967
6003,1532,3,12787,1851127619,-2537,7768
6003,1533,0,12788,1851986612,724,5987
6003,1533,1,12789,1852845605,8495,-1761
6003,1533,2,12790,1853704598,2608,-3011
6003,1533,3,12791,1854563591,-8162,-431
6003,1534,0,12792,1855422584,-1872,-689
6003,1534,1,12793,1856281577,2862,-448
6003,1534,2,12794,1857140570,-2909,-2900
6003,1534,3,12795,1857999563,-1461,-3308
6003,1535,0,12796,1858858556,1344,920
6003,1535,1,12797,1859717549,581,786
6003,1535,2,12798,1860576542,-1089,1282
6003,1535,3,12799,1861435535,-440,1256
6003,1536,0,13312,2302098944,4066,3141
6003,1536,1,13313,2302957937,2170,3181
6003,1536,2,13314,2303816930,-534,-880
6003,1536,3,13315,2304675923,1860,3417
6003,1537,0,13316,2305534916,951,5019
6003,1537,1,13317,2306393909,1247,-1017
6003,1537,2,13318,2307252902,973,-1109
6003,1537,3,13319,2308111895,989,511
6003,1538,0,13320,2308970888,901,1168
6003,1538,1,13321,2309829881,-3835,-1195
6003,1538,2,13322,2310688874,-3013,-2074
6003,1538,3,13323,2311547867,111,3110
6003,1539,0,13324,2312406860,-1130,-2623
6003,1539,1,13325,2313265853,-1876,-7638
6003,1539,2,13326,2314124846,-2523,4193
6003,1539,3,13327,2314983839,176,8260
6003,1540,0,13328,2315842832,6469,-1053
6003,1540,1,13329,2316701825,6809,-3637
6003,1540,2,13330,2317560818,-1866,-760
6003,1540,3,13331,2318419811,-3477,-3996
6003,1541,0,13332,2319278804,4558,-3153
6003,1541,1,13333,2320137797,464,3569
6003,1541,2,13334,2320996790,-6592,-1010
6003,1541,3,13335,2321855783,-4078,-3590
6003,1542,0,13336,2322714776,-1983,2464
6003,1542,1,13337,2323573769,1090,2136
6003,1542,2,13338,2324432762,937,2403
6003,1542,3,13339,2325291755,-95,-1539
6003,1543,0,13340,2326150748,538,-6048
6003,1543,1,13341,2327009741,-983,3842
6003,1543,2,13342,2327868734,6238,4700
6003,1543,3,13343,2328727727,4021,-1865
6003,1544,0,13344,2329586720,-5295,2177
6003,1544,1,13345,2330445713,3916,3443
6003,1544,2,13346,2331304706,2381,5719
6003,1544,3,13347,2332163699,-3486,6279
6003,1545,0,13348,2333022692,4157,-3094
6003,1545,1,13349,2333881685,-3680,-3458
6003,1545,2,13350,2334740678,-5564,-242
6003,1545,3,13351,2335599671,5239,-690
6003,1546,0,13352,2336458664,-89,5660
6003,1546,1,13353,2337317657,-1687,5785
6003,1546,2,13354,2338176650,1748,490
6003,1546,3,13355,2339035643,-2188,849
6003,1547,0,13356,2339894636,-861,-3295
6003,1547,1,13357,2340753629,69,-4927
6003,1547,2,13358,2341612622,-790,1428
6003,1547,3,13359,2342471615,-307,3034
6003,1548,0,13360,2343330608,-3738,3920
6003,1548,1,13361,2344189601,-543,3254
6003,1548,2,13362,2345048594,6112,-2495
6003,1548,3,13363,2345907587,3965,-2075
6003,1549,0,13364,2346766580,2051,-1412
6003,1549,1,13365,2347625573,1018,-1580
6003,1549,2,13366,2348484566,-641,2552
6003,1549,3,13367,2349343559,5040,-510
6003,1550,0,13368,2350202552,6697,3565
6003,1550,1,13369,2351061545,246,9846
6003,1550,2,13370,2351920538,1354,-5128
6003,1550,3,13371,2352779531,3932,-4396
6003,1551,0,13372,2353638524,-1950,7330
6003,1551,1,13373,2354497517,-5278,-3064
6003,1551,2,13374,2355356510,-2809,-1458
6003,1551,3,13375,2356215503,-2336,5255
6003,1552,0,13376,2357074496,-1781,1635
6003,1552,1,13377,2357933489,3022,4516
6003,1552,2,13378,2358792482,5658,-2493
6003,1552,3,13379,2359651475,2313,-1591
6003,1553,0,13380,2360510468,-835,6293
6003,1553,1,13381,2361369461,-623,-5395
6003,1553,2,13382,2362228454,611,-5053
6003,1553,3,13383,2363087447,2491,-1656
6003,1554,0,13384,2363946440,3771,-5042
6003,1554,1,13385,2364805433,1865,3080
6003,1554,2,13386,2365664426,-158,97
6003,1554,3,13387,2366523419,-3800,-1310
6003,1555,0,13388,2367382412,-9035,5332
6003,1555,1,13389,2368241405,-4220,4886
6003,1555,2,13390,2369100398,1416,7231
6003,1555,3,13391,2369959391,-218,860
6003,1556,0,13392,2370818384,3903,516
6003,1556,1,13393,2371677377,1432,4985
6003,1556,2,13394,2372536370,-7248,-6518
6003,1556,3,13395,2373395363,-1350,917
6003,1557,0,13396,2374254356,4947,9682
6003,1557,1,13397,2375113349,4872,-63
6003,1557,2,13398,2375972342,3923,3219
6003,1557,3,13399,2376831335,-1276,2896
6003,1558,0,13400,2377690328,-2347,-1572
6003,1558,1,13401,2378549321,-186,2818
6003,1558,2,13402,2379408314,2112,1012
6003,1558,3,13403,2380267307,3338,-1819
6003,1559,0,13404,2381126300,-1463,-1866
6003,1559,1,13405,2381985293,503,1406
6003,1559,2,13406,2382844286,8291,3176
6003,1559,3,13407,2383703279,5330,-1841
6003,1560,0,13408,2384562272,-4446,-1111
6003,1560,1,13409,2385421265,-5558,1083
6003,1560,2,13410,2386280258,1900,739
6003,1560,3,13411,2387139251,561,2574
6003,1561,0,13412,2387998244,-2402,317
6003,1561,1,13413,2388857237,2314,-4908
6003,1561,2,13414,2389716230,591,-4585
6003,1561,3,13415,2390575223,-1009,1642
6003,1562,0,13416,2391434216,503,414
6003,1562,1,13417,2392293209,407,-5250
6003,1562,2,13418,2393152202,2447,-1524
6003,1562,3,13419,2394011195,-1556,3223
6003,1563,0,13420,2394870188,-4387,2831
6003,1563,1,13421,2395729181,-4163,-4930
6003,1563,2,13422,2396588174,-3918,-8955
6003,1563,3,13423,2397447167,6984,2938
6003,1564,0,13424,2398306160,4703,7365
6003,1564,1,13425,2399165153,-7696,3242
6003,1564,2,13426,2400024146,1226,3656
6003,1564,3,13427,2400883139,6486,-1063
6003,1565,0,13428,2401742132,1041,-2191
6003,1565,1,13429,2402601125,5165,2829
6003,1565,2,13430,2403460118,3877,2697
6003,1565,3,13431,2404319111,-3315,2220
6003,1566,0,13432,2405178104,-1780,6255
6003,1566,1,13433,2406037097,-267,9454
6003,1566,2,13434,2406896090,-1533,2942
6003,1566,3,13435,2407755083,1076,-3204
6003,1567,0,13436,2408614076,857,-1152
6003,1567,1,13437,2409473069,-2699,-3655
6003,1567,2,13438,2410332062,-2495,-1250
6003,1567,3,13439,2411191055,2604,7635
6003,1568,0,13440,2412050048,8347,2994
6003,1568,1,13441,2412909041,2446,-1901
6003,1568,2,13442,2413768034,-3324,-397
6003,1568,3,13443,2414627027,43,-4176
6003,1569,0,13444,2415486020,-5504,873
6003,1569,1,13445,2416345013,-2663,8700
6003,1569,2,13446,2417204006,6687,4842
6003,1569,3,13447,2418062999,-1854,5091
6003,1570,0,13448,2418921992,-2287,6100
6003,1570,1,13449,2419780985,2564,3702
6003,1570,2,13450,2420639978,-1350,1755
6003,1570,3,13451,2421498971,2172,-6937
6003,1571,0,13452,2422357964,969,-6673
6003,1571,1,13453,2423216957,-4791,-725
6003,1571,2,13454,2424075950,-1753,-2884
6003,1571,3,13455,2424934943,2803,-394
6003,1572,0,13456,2425793936,-138,-1035
6003,1572,1,13457,2426652929,-6600,-2001
6003,1572,2,13458,2427511922,1069,1812
6003,1572,3,13459,2428370915,6184,-1531
6003,1573,0,13460,2429229908,-2584,-492
6003,1573,1,13461,2430088901,-3519,-900
6003,1573,2,13462,2430947894,-3961,-2255
6003,1573,3,13463,2431806887,-1581,6134
6003,1574,0,13464,2432665880,5312,3102
6003,1574,1,13465,2433524873,586,-2586
6003,1574,2,13466,2434383866,-1317,-68
6003,1574,3,13467,2435242859,4303,-2035
6003,1575,0,13468,2436101852,6060,-1684
6003,1575,1,13469,2436960845,-3065,256
6003,1575,2,13470,2437819838,-10819,-1829
6003,1575,3,13471,2438678831,-1279,-2090
6003,1576,0,13472,2439537824,-416,4297
6003,1576,1,13473,2440396817,-2163,5753
6003,1576,2,13474,2441255810,4755,1219
6003,1576,3,13475,2442114803,-6217,7264
6003,1577,0,13476,2442973796,-10006,3182
6003,1577,1,13477,2443832789,-1679,-4958
6003,1577,2,13478,2444691782,-4787,5268
6003,1577,3,13479,2445550775,-1286,2333
6003,1578,0,13480,2446409768,-993,-5260
6003,1578,1,13481,2447268761,-7437,-4101
6003,1578,2,13482,2448127754,696,-7228
6003,1578,3,13483,2448986747,7321,71
6003,1579,0,13484,2449845740,488,3670
6003,1579,1,13485,2450704733,-2439,1425
6003,1579,2,13486,2451563726,3585,3931
6003,1579,3,13487,2452422719,9,-3630
6003,1580,0,13488,2453281712,-5997,-3521
6003,1580,1,13489,2454140705,797,4272
6003,1580,2,13490,2454999698,1843,4662
6003,1580,3,13491,2455858691,-1249,6174
6003,1581,0,13492,2456717684,-1985,4821
6003,1581,1,13493,2457576677,-4186,4116
6003,1581,2,13494,2458435670,2898,3522
6003,1581,3,13495,2459294663,6642,1889
6003,1582,0,13496,2460153656,4046,5501
6003,1582,1,13497,2461012649,6773,3266
6003,1582,2,13498,2461871642,4245,350
6003,1582,3,13499,2462730635,-398,607
6003,1583,0,13500,2463589628,-3853,-995
6003,1583,1,13501,2464448621,-5271,3422
6003,1583,2,13502,2465307614,732,4700
6003,1583,3,13503,2466166607,1379,1350
6003,1584,0,13504,2467025600,-243,3279
6003,1584,1,13505,2467884593,2261,3713
6003,1584,2,13506,2468743586,707,2158
6003,1584,3,13507,2469602579,1197,1068
6003,1585,0,13508,2470461572,787,-1452
6003,1585,1,13509,2471320565,-3039,-1539
6003,1585,2,13510,2472179558,2823,1802
6003,1585,3,13511,2473038551,6139,3081
6003,1586,0,13512,2473897544,-2774,-822
6003,1586,1,13513,2474756537,-3228,-3909
6003,1586,2,13514,2475615530,2541,1068
6003,1586,3,13515,2476474523,-1790,5570
6003,1587,0,13516,2477333516,-3327,-1004
6003,1587,1,13517,2478192509,3492,-5771
6003,1587,2,13518,2479051502,1643,-2483
6003,1587,3,13519,2479910495,-5276,-1841
6003,1588,0,13520,2480769488,-1109,-1684
6003,1588,1,13521,2481628481,3004,-2350
6003,1588,2,13522,2482487474,-3292,-2670
6003,1588,3,13523,2483346467,-3541,3160
6003,1589,0,13524,2484205460,1585,4738
6003,1589,1,13525,2485064453,541,1240
6003,1589,2,13526,2485923446,-133,1440
6003,1589,3,13527,2486782439,453,1631
6003,1590,0,13528,2487641432,466,-2564
6003,1590,1,13529,2488500425,-868,-2836
6003,1590,2,13530,2489359418,-3115,2122
6003,1590,3,13531,2490218411,-75,-364
6003,1591,0,13532,2491077404,1807,865
6003,1591,1,13533,2491936397,575,4005
6003,1591,2,13534,2492795390,1502,-7602
6003,1591,3,13535,2493654383,651,-8754
6003,1592,0,13536,2494513376,-1716,-558
6003,1592,1,13537,2495372369,-1533,-2115
6003,1592,2,13538,2496231362,2240,-365
6003,1592,3,13539,2497090355,1832,2031
6003,1593,0,13540,2497949348,183,3860
6003,1593,1,13541,2498808341,3095,5139
6003,1593,2,13542,2499667334,-2159,1357
6003,1593,3,13543,2500526327,-3444,446
6003,1594,0,13544,2501385320,3372,370
6003,1594,1,13545,2502244313,1084,3394
6003,1594,2,13546,2503103306,5,3366
6003,1594,3,13547,2503962299,101,-2170
6003,1595,0,13548,2504821292,1955,2098
6003,1595,1,13549,2505680285,3576,4661
6003,1595,2,13550,2506539278,-3610,364
6003,1595,3,13551,2507398271,1078,-3834
6003,1596,0,13552,2508257264,2414,-4769
6003,1596,1,13553,2509116257,-4074,936
6003,1596,2,13554,2509975250,4271,-127
6003,1596,3,13555,2510834243,2590,-1012
6003,1597,0,13556,2511693236,1755,2703
6003,1597,1,13557,2512552229,8851,878
6003,1597,2,13558,2513411222,289,501
6003,1597,3,13559,2514270215,-679,-2303
6003,1598,0,13560,2515129208,1067,-846
6003,1598,1,13561,2515988201,-4915,3166
6003,1598,2,13562,2516847194,-2410,-3099
6003,1598,3,13563,2517706187,1289,-4153
6003,1599,0,13564,2518565180,3210,-2785
6003,1599,1,13565,2519424173,1564,-1884
6003,1599,2,13566,2520283166,3415,611
6003,1599,3,13567,2521142159,4546,692
6003,1600,0,13568,2522001152,-7227,4608
6003,1600,1,13569,2522860145,-4523,-998
6003,1600,2,13570,2523719138,4919,-3185
6003,1600,3,13571,2524578131,-337,3234
6003,1601,0,13572,2525437124,-2256,-3861
6003,1601,1,13573,2526296117,1198,-701
6003,1601,2,13574,2527155110,4683,1548
6003,1601,3,13575,2528014103,4445,-9046
6003,1602,0,13576,2528873096,4911,-1907
6003,1602,1,13577,2529732089,5802,4012
6003,1602,2,13578,2530591082,-1820,1376
6003,1602,3,13579,2531450075,-598,2421
6003,1603,0,13580,2532309068,2353,3653
6003,1603,1,13581,2533168061,-359,5757
6003,1603,2,13582,2534027054,2966,-3925
6003,1603,3,13583,2534886047,-4270,-8553
6003,1604,0,13584,2535745040,-7776,3145
6003,1604,1,13585,2536604033,928,1883
6003,1604,2,13586,2537463026,-925,-6948
6003,1604,3,13587,2538322019,-1013,-3982
6003,1605,0,13588,2539181012,1551,2492
6003,1605,1,13589,2540040005,-592,673
6003,1605,2,13590,2540898998,-1276,-903
6003,1605,3,13591,2541757991,-3939,2430
6003,1606,0,13592,2542616984,-4065,-1376
6003,1606,1,13593,2543475977,-3519,-4209
6003,1606,2,13594,2544334970,-4954,-1205
6003,1606,3,13595,2545193963,-2858,74
6003,1607,0,13596,2546052956,24,-1588
6003,1607,1,13597,2546911949,737,-3080
6003,1607,2,13598,2547770942,-3212,3241
6003,1607,3,13599,2548629935,-3071,-1235
6003,1608,0,13600,2549488928,3847,-11049
6003,1608,1,13601,2550347921,3513,1984
6003,1608,2,13602,2551206914,1421,6576
6003,1608,3,13603,2552065907,2325,-2785
6003,1609,0,13604,2552924900,-1467,457
6003,1609,1,13605,2553783893,-2710,667
6003,1609,2,13606,2554642886,-113,224
6003,1609,3,13607,2555501879,-1374,4770
6003,1610,0,13608,2556360872,1488,-3109
6003,1610,1,13609,2557219865,5038,-9616
6003,1610,2,13610,2558078858,-2102,-1222
6003,1610,3,13611,2558937851,-5084,-319
6003,1611,0,13612,2559796844,-1828,-6774
6003,1611,1,13613,2560655837,0,-1282
6003,1611,2,13614,2561514830,5338,-1435
6003,1611,3,13615,2562373823,3219,-8351
6003,1612,0,13616,2563232816,-768,-2559
6003,1612,1,13617,2564091809,959,80
6003,1612,2,13618,2564950802,-3158,195
6003,1612,3,13619,2565809795,-877,4469
6003,1613,0,13620,2566668788,3438,-563
6003,1613,1,13621,2567527781,-1487,-2263
6003,1613,2,13622,2568386774,-2540,649
6003,1613,3,13623,2569245767,-1324,-4365
6003,1614,0,13624,2570104760,1748,-3615
6003,1614,1,13625,2570963753,2905,1820
6003,1614,2,13626,2571822746,-2035,-33
6003,1614,3,13627,2572681739,-2520,-2736
6003,1615,0,13628,2573540732,-2069,-6140
6003,1615,1,13629,2574399725,-2002,-5974
6003,1615,2,13630,2575258718,-3504,3961
6003,1615,3,13631,2576117711,-8237,3146
6003,1616,0,13632,2576976704,-8366,-3176
6003,1616,1,13633,2577835697,-5285,3170
6003,1616,2,13634,2578694690,3177,-609
6003,1616,3,13635,2579553683,5319,-6665
6003,1617,0,13636,2580412676,-3250,6
6003,1617,1,13637,2581271669,-816,-3526
6003,1617,2,13638,2582130662,1354,-3078
6003,1617,3,13639,2582989655,-129,6555
6003,1618,0,13640,2583848648,5925,1524
6003,1618,1,13641,2584707641,3595,-867
6003,1618,2,13642,2585566634,-464,5634
6003,1618,3,13643,2586425627,336,2118
6003,1619,0,13644,2587284620,-1939,-3849
6003,1619,1,13645,2588143613,3159,-2817
6003,1619,2,13646,2589002606,8413,-2109
6003,1619,3,13647,2589861599,4420,-3936
6003,1620,0,13648,2590720592,1046,-3984
6003,1620,1,13649,2591579585,-2548,-1363
6003,1620,2,13650,2592438578,-2435,2688
6003,1620,3,13651,2593297571,1945,3310
6003,1621,0,13652,2594156564,-2789,1950
6003,1621,1,13653,2595015557,-3655,1824
6003,1621,2,13654,2595874550,4089,-2020
6003,1621,3,13655,2596733543,889,7
6003,1622,0,13656,2597592536,-1709,7675
6003,1622,1,13657,2598451529,2899,3239
6003,1622,2,13658,2599310522,2696,-3487
6003,1622,3,13659,2600169515,-1874,-532
6003,1623,0,13660,2601028508,-8919,616
6003,1623,1,13661,2601887501,-4073,-6949
6003,1623,2,13662,2602746494,2142,-8802
6003,1623,3,13663,2603605487,-4662,354
6003,1624,0,13664,2604464480,2326,-141
6003,1624,1,13665,2605323473,7839,-4329
6003,1624,2,13666,2606182466,-1344,1819
6003,1624,3,13667,2607041459,2847,3667
6003,1625,0,13668,2607900452,7288,1338
6003,1625,1,13669,2608759445,987,635
6003,1625,2,13670,2609618438,-4418,-2192
6003,1625,3,13671,2610477431,-4951,-4095
6003,1626,0,13672,2611336424,60,-424
6003,1626,1,13673,2612195417,1898,4649
6003,1626,2,13674,2613054410,390,-651
6003,1626,3,13675,2613913403,-2350,-6413
6003,1627,0,13676,2614772396,-507,-2798
6003,1627,1,13677,2615631389,3011,-100
6003,1627,2,13678,2616490382,-3728,411
6003,1627,3,13679,2617349375,-1365,-3300
6003,1628,0,13680,2618208368,4420,-1261
6003,1628,1,13681,2619067361,-2540,7975
6003,1628,2,13682,2619926354,-3321,797
6003,1628,3,13683,2620785347,-275,-5536
6003,1629,0,13684,2621644340,1413,3392
6003,1629,1,13685,2622503333,1852,5409
6003,1629,2,13686,2623362326,2093,38
6003,1629,3,13687,2624221319,6006,-3474
6003,1630,0,13688,2625080312,2081,72
6003,1630,1,13689,2625939305,269,3985
6003,1630,2,13690,2626798298,-2752,-110
6003,1630,3,13691,2627657291,-9771,960
6003,1631,0,13692,2628516284,1662,4086
6003,1631,1,13693,2629375277,7694,2569
6003,1631,2,13694,2630234270,4280,53
6003,1631,3,13695,2631093263,6707,-6184
6003,1632,0,13696,2631952256,2438,1040
6003,1632,1,13697,2632811249,4260,12232
6003,1632,2,13698,2633670242,5662,-1433
6003,1632,3,13699,2634529235,364,-8016
6003,1633,0,13700,2635388228,2883,-66
6003,1633,1,13701,2636247221,2127,-4429
6003,1633,2,13702,2637106214,1661,2297
6003,1633,3,13703,2637965207,2525,7321
6003,1634,0,13704,2638824200,-1672,-9488
6003,1634,1,13705,2639683193,-2595,-5880
6003,1634,2,13706,2640542186,-817,3110
6003,1634,3,13707,2641401179,-500,-6423
6003,1635,0,13708,2642260172,-5675,-2558
6003,1635,1,13709,2643119165,-2130,3609
6003,1635,2,13710,2643978158,7294,613
6003,1635,3,13711,2644837151,2852,915
6003,1636,0,13712,2645696144,1463,-2169
6003,1636,1,13713,2646555137,972,-534
6003,1636,2,13714,2647414130,-574,4208
6003,1636,3,13715,2648273123,4309,845
6003,1637,0,13716,2649132116,-154,1703
6003,1637,1,13717,2649991109,1689,7207
6003,1637,2,13718,2650850102,4987,6932
6003,1637,3,13719,2651709095,-3613,231
6003,1638,0,13720,2652568088,-3768,-6125
6003,1638,1,13721,2653427081,-6942,-2735
6003,1638,2,13722,2654286074,-8543,2984
6003,1638,3,13723,2655145067,-1642,257
6003,1639,0,13724,2656004060,-1907,-1011
6003,1639,1,13725,2656863053,3630,366
6003,1639,2,13726,2657722046,4846,-2616
6003,1639,3,13727,2658581039,-3780,-1368
6003,1640,0,13728,2659440032,-1678,-1631
6003,1640,1,13729,2660299025,-16,-4858
6003,1640,2,13730,2661158018,-3257,1087
6003,1640,3,13731,2662017011,-2056,3269
6003,1641,0,13732,2662876004,618,2490
6003,1641,1,13733,2663734997,1161,4954
6003,1641,2,13734,2664593990,265,2444
6003,1641,3,13735,2665452983,-440,-395
6003,1642,0,13736,2666311976,-909,-6799
6003,1642,1,13737,2667170969,1259,-4575
6003,1642,2,13738,2668029962,-2564,4690
6003,1642,3,13739,2668888955,-9453,-316
6003,1643,0,13740,2669747948,-2987,2345
6003,1643,1,13741,2670606941,892,1416
6003,1643,2,13742,2671465934,-3766,-8563
6003,1643,3,13743,2672324927,-1626,2348
6003,1644,0,13744,2673183920,735,3644
6003,1644,1,13745,2674042913,484,-1079
6003,1644,2,13746,2674901906,4014,6380
6003,1644,3,13747,2675760899,3469,-80
6003,1645,0,13748,2676619892,-6674,-772
6003,1645,1,13749,2677478885,-5875,6244
6003,1645,2,13750,2678337878,7303,1789
6003,1645,3,13751,2679196871,1583,-437
6003,1646,0,13752,2680055864,-7331,621
6003,1646,1,13753,2680914857,1259,3505
6003,1646,2,13754,2681773850,-713,2234
6003,1646,3,13755,2682632843,-7804,-3185
6003,1647,0,13756,2683491836,-1489,-248
6003,1647,1,13757,2684350829,-1806,2317
6003,1647,2,13758,2685209822,-5765,-953
6003,1647,3,13759,2686068815,2367,-1043
6003,1648,0,13760,2686927808,6693,4089
6003,1648,1,13761,2687786801,5072,2033
6003,1648,2,13762,2688645794,4337,-4861
6003,1648,3,13763,2689504787,-1159,-3750
6003,1649,0,13764,2690363780,1496,-3970
6003,1649,1,13765,2691222773,5897,-1247
6003,1649,2,13766,2692081766,-1442,3817
6003,1649,3,13767,2692940759,-1059,-1188
6003,1650,0,13768,2693799752,3898,-3375
6003,1650,1,13769,2694658745,5928,319
6003,1650,2,13770,2695517738,5374,4877
6003,1650,3,13771,2696376731,-1328,3572
6003,1651,0,13772,2697235724,2639,436
6003,1651,1,13773,2698094717,5369,5465
6003,1651,2,13774,2698953710,-1014,1737
6003,1651,3,13775,2699812703,578,592
6003,1652,0,13776,2700671696,343,4678
6003,1652,1,13777,2701530689,2996,-1125
6003,1652,2,13778,2702389682,4647,5285
6003,1652,3,13779,2703248675,749,8852
6003,1653,0,13780,2704107668,5983,2994
6003,1653,1,13781,2704966661,410,5146
6003,1653,2,13782,2705825654,-2108,-984
6003,1653,3,13783,2706684647,7010,-3791
6003,1654,0,13784,2707543640,-3042,-1480
6003,1654,1,13785,2708402633,-5165,-2115
6003,1654,2,13786,2709261626,1754,2025
6003,1654,3,13787,2710120619,-3216,-2153
6003,1655,0,13788,2710979612,-1183,-3736
6003,1655,1,13789,2711838605,-824,-1763
6003,1655,2,13790,2712697598,314,-3515
6003,1655,3,13791,2713556591,5062,3109
6003,1656,0,13792,2714415584,-969,1562
6003,1656,1,13793,2715274577,-213,-1458
6003,1656,2,13794,2716133570,3402,5521
6003,1656,3,13795,2716992563,1592,3797
6003,1657,0,13796,2717851556,3743,-5695
6003,1657,1,13797,2718710549,-1127,-10053
6003,1657,2,13798,2719569542,-4278,1490
6003,1657,3,13799,2720428535,3834,5189
6003,1658,0,13800,2721287528,4898,-9409
6003,1658,1,13801,2722146521,-1159,-7034
6003,1658,2,13802,2723005514,-2448,1039
6003,1658,3,13803,2723864507,-764,248
6003,1659,0,13804,2724723500,-1312,3671
6003,1659,1,13805,2725582493,-2002,4216
6003,1659,2,13806,2726441486,-233,2923
6003,1659,3,13807,2727300479,-95,93
6003,1660,0,13808,2728159472,-2628,-4401
6003,1660,1,13809,2729018465,-3930,-4206
6003,1660,2,13810,2729877458,-3793,-4674
6003,1660,3,13811,2730736451,-1568,-2927
6003,1661,0,13812,2731595444,1834,2071
6003,1661,1,13813,2732454437,-1073,2813
6003,1661,2,13814,2733313430,-3855,2934
6003,1661,3,13815,2734172423,2753,4052
6003,1662,0,13816,2735031416,7479,472
6003,1662,1,13817,2735890409,5856,645
6003,1662,2,13818,2736749402,2685,4909
6003,1662,3,13819,2737608395,1969,-2906
6003,1663,0,13820,2738467388,2877,-3979
6003,1663,1,13821,2739326381,-3568,5519
6003,1663,2,13822,2740185374,-2913,-529
6003,1663,3,13823,2741044367,4128,-313
6003,1664,0,13824,2741903360,-4547,6472
6003,1664,1,13825,2742762353,-5099,-3234
6003,1664,2,13826,2743621346,6132,-3691
6003,1664,3,13827,2744480339,3749,3624
6003,1665,0,13828,2745339332,1220,-4177
6003,1665,1,13829,2746198325,661,-10007
6003,1665,2,13830,2747057318,-2064,-2199
6003,1665,3,13831,2747916311,-954,2251
6003,1666,0,13832,2748775304,-5031,-3350
6003,1666,1,13833,2749634297,-2893,-5230
6003,1666,2,13834,2750493290,7785,-3020
6003,1666,3,13835,2751352283,4445,-915
6003,1667,0,13836,2752211276,-2019,3952
6003,1667,1,13837,2753070269,995,4262
6003,1667,2,13838,2753929262,-1528,-1006
6003,1667,3,13839,2754788255,-4269,-2304
6003,1668,0,13840,2755647248,2194,1959
6003,1668,1,13841,2756506241,-1469,680
6003,1668,2,13842,2757365234,-7623,-3842
6003,1668,3,13843,2758224227,2733,-599
6003,1669,0,13844,2759083220,5707,-1044
6003,1669,1,13845,2759942213,822,-4418
6003,1669,2,13846,2760801206,1553,-4802
6003,1669,3,13847,2761660199,-4571,-3409
6003,1670,0,13848,2762519192,-4389,7377
6003,1670,1,13849,2763378185,3445,5721
6003,1670,2,13850,2764237178,3676,-9450
6003,1670,3,13851,2765096171,3893,-6726
6003,1671,0,13852,2765955164,44,3341
6003,1671,1,13853,2766814157,-1595,6136
6003,1671,2,13854,2767673150,3073,4411
6003,1671,3,13855,2768532143,-683,1919
6003,1672,0,13856,2769391136,-3406,327
6003,1672,1,13857,2770250129,-3735,-2751
6003,1672,2,13858,2771109122,-3016,-1182
6003,1672,3,13859,2771968115,466,-1451
6003,1673,0,13860,2772827108,-5717,-4710
6003,1673,1,13861,2773686101,-4860,-4637
6003,1673,2,13862,2774545094,4262,-5545
6003,1673,3,13863,2775404087,1315,-1310
6003,1674,0,13864,2776263080,-4522,-349
6003,1674,1,13865,2777122073,-10248,-1215
6003,1674,2,13866,2777981066,-7381,3838
6003,1674,3,13867,2778840059,3282,-1205
6003,1675,0,13868,2779699052,-770,-2764
6003,1675,1,13869,2780558045,-3381,-1478
6003,1675,2,13870,2781417038,3822,-7560
6003,1675,3,13871,2782276031,2563,-615
6003,1676,0,13872,2783135024,-10,4631
6003,1676,1,13873,2783994017,2182,1577
6003,1676,2,13874,2784853010,-485,4316
6003,1676,3,13875,2785712003,-7220,1790
6003,1677,0,13876,2786570996,-5473,-3448
6003,1677,1,13877,2787429989,1226,84
6003,1677,2,13878,2788288982,904,8640
6003,1677,3,13879,2789147975,-491,5126
6003,1678,0,13880,2790006968,2382,-5564
6003,1678,1,13881,2790865961,9535,-2159
6003,1678,2,13882,2791724954,10518,1454
6003,1678,3,13883,2792583947,-1028,-609
6003,1679,0,13884,2793442940,-4597,570
6003,1679,1,13885,2794301933,1183,-245
6003,1679,2,13886,2795160926,2782,-1893
6003,1679,3,13887,2796019919,232,-2543
6003,1680,0,13888,2796878912,-3124,1513
6003,1680,1,13889,2797737905,-1638,3906
6003,1680,2,13890,2798596898,-2357,-2805
6003,1680,3,13891,2799455891,-2828,-6749
6003,1681,0,13892,2800314884,808,-3788
6003,1681,1,13893,2801173877,-2913,3151
6003,1681,2,13894,2802032870,-802,4389
6003,1681,3,13895,2802891863,3377,-524
6003,1682,0,13896,2803750856,-153,-1544
6003,1682,1,13897,2804609849,5526,-3438
6003,1682,2,13898,2805468842,3963,-1336
6003,1682,3,13899,2806327835,-4949,1615
6003,1683,0,13900,2807186828,1779,-514
6003,1683,1,13901,2808045821,6256,-560
6003,1683,2,13902,2808904814,2063,-4641
6003,1683,3,13903,2809763807,-193,-5035
6003,1684,0,13904,2810622800,-1118,-3698
6003,1684,1,13905,2811481793,460,-5356
6003,1684,2,13906,2812340786,2123,1839
6003,1684,3,13907,2813199779,1688,335
6003,1685,0,13908,2814058772,701,-2011
6003,1685,1,13909,2814917765,761,4474
6003,1685,2,13910,2815776758,-2744,-414
6003,1685,3,13911,2816635751,-6096,-396
6003,1686,0,13912,2817494744,2575,4361
6003,1686,1,13913,2818353737,7438,4926
6003,1686,2,13914,2819212730,484,7411
6003,1686,3,13915,2820071723,-318,251
6003,1687,0,13916,2820930716,2076,-2882
6003,1687,1,13917,2821789709,1395,-505
6003,1687,2,13918,2822648702,3689,-3667
6003,1687,3,13919,2823507695,1727,1406
6003,1688,0,13920,2824366688,-6411,963
6003,1688,1,13921,2825225681,-5803,-5882
6003,1688,2,13922,2826084674,-2045,1830
6003,1688,3,13923,2826943667,-2084,4758
6003,1689,0,13924,2827802660,4011,-5787
6003,1689,1,13925,2828661653,2578,-4302
6003,1689,2,13926,2829520646,-3750,911
6003,1689,3,13927,2830379639,327,-6944
6003,1690,0,13928,2831238632,-2464,-5685
6003,1690,1,13929,2832097625,-4668,-1427
6003,1690,2,13930,2832956618,-1291,-5181
6003,1690,3,13931,2833815611,-4652,1570
6003,1691,0,13932,2834674604,-1277,1027
6003,1691,1,13933,2835533597,965,-2406
6003,1691,2,13934,2836392590,-3854,5324
6003,1691,3,13935,2837251583,-3482,-269
6003,1692,0,13936,2838110576,441,-598
6003,1692,1,13937,2838969569,4518,6273
6003,1692,2,13938,2839828562,1151,804
6003,1692,3,13939,2840687555,1582,1356
6003,1693,0,13940,2841546548,1295,-120
6003,1693,1,13941,2842405541,-9323,2350
6003,1693,2,13942,2843264534,-2390,11791
6003,1693,3,13943,2844123527,-175,-2830
6003,1694,0,13944,2844982520,-7560,-11250
6003,1694,1,13945,2845841513,3358,2286
6003,1694,2,13946,2846700506,-616,1558
6003,1694,3,13947,2847559499,-5866,-3448
6003,1695,0,13948,2848418492,727,-33
6003,1695,1,13949,2849277485,-6693,-1682
6003,1695,2,13950,2850136478,224,-3306
6003,1695,3,13951,2850995471,8355,78
6003,1696,0,13952,2851854464,-1825,1248
6003,1696,1,13953,2852713457,-2791,337
6003,1696,2,13954,2853572450,-1359,-2871
6003,1696,3,13955,2854431443,-638,-6089
6003,1697,0,13956,2855290436,2881,47
6003,1697,1,13957,2856149429,5525,3706
6003,1697,2,13958,2857008422,1560,-394
6003,1697,3,13959,2857867415,-8148,961
6003,1698,0,13960,2858726408,277,-3143
6003,1698,1,13961,2859585401,3011,-7686
6003,1698,2,13962,2860444394,-9290,515
6003,1698,3,13963,2861303387,-3060,-716
6003,1699,0,13964,2862162380,904,-5138
6003,1699,1,13965,2863021373,825,681
6003,1699,2,13966,2863880366,5928,-2347
6003,1699,3,13967,2864739359,962,-3499
6003,1700,0,13968,2865598352,1433,4142
6003,1700,1,13969,2866457345,2938,3299
6003,1700,2,13970,2867316338,561,5455
6003,1700,3,13971,2868175331,-1789,6508
6003,1701,0,13972,2869034324,-9521,-3780
6003,1701,1,13973,2869893317,-3001,-2927
6003,1701,2,13974,2870752310,3753,1334
6003,1701,3,13975,2871611303,-173,-1587
6003,1702,0,13976,2872470296,3159,1495
6003,1702,1,13977,2873329289,-358,989
6003,1702,2,13978,2874188282,-1446,-972
6003,1702,3,13979,2875047275,4527,602
6003,1703,0,13980,2875906268,-1166,787
6003,1703,1,13981,2876765261,-3872,8959
6003,1703,2,13982,2877624254,-924,9089
6003,1703,3,13983,2878483247,-1089,-591
6003,1704,0,13984,2879342240,-3876,691
6003,1704,1,13985,2880201233,-2329,-620
6003,1704,2,13986,2881060226,7346,-3394
6003,1704,3,13987,2881919219,4036,-1894
6003,1705,0,13988,2882778212,-3741,-4151
6003,1705,1,13989,2883637205,105,-3010
6003,1705,2,13990,2884496198,1770,-4112
6003,1705,3,13991,2885355191,4845,-1835
6003,1706,0,13992,2886214184,5455,5845
6003,1706,1,13993,2887073177,2283,1315
6003,1706,2,13994,2887932170,5715,614
6003,1706,3,13995,2888791163,2604,-156
6003,1707,0,13996,2889650156,-2372,-10298
6003,1707,1,13997,2890509149,819,-1905
6003,1707,2,13998,2891368142,1867,6994
6003,1707,3,13999,2892227135,2000,-2461
6003,1708,0,14000,2893086128,2513,-5558
6003,1708,1,14001,2893945121,-644,-2313
6003,1708,2,14002,2894804114,-3134,-1225
6003,1708,3,14003,2895663107,-1894,-2417
6003,1709,0,14004,2896522100,-673,-3443
6003,1709,1,14005,2897381093,3086,-278
6003,1709,2,14006,2898240086,4630,-1588
6003,1709,3,14007,2899099079,-4716,-1861
6003,1710,0,14008,2899958072,-4331,2985
6003,1710,1,14009,2900817065,4353,1035
6003,1710,2,14010,2901676058,1796,-2307
6003,1710,3,14011,2902535051,3176,-4156
6003,1711,0,14012,2903394044,6974,-2738
6003,1711,1,14013,2904253037,6693,3054
6003,1711,2,14014,2905112030,6319,-656
6003,1711,3,14015,2905971023,-364,-2111
6003,1712,0,14016,2906830016,133,3620
6003,1712,1,14017,2907689009,4180,-795
6003,1712,2,14018,2908548002,629,-3715
6003,1712,3,14019,2909406995,3544,-3007
6003,1713,0,14020,2910265988,7945,-3257
6003,1713,1,14021,2911124981,4353,1698
6003,1713,2,14022,2911983974,-3224,-278
6003,1713,3,14023,2912842967,-3435,362
6003,1714,0,14024,2913701960,149,5456
6003,1714,1,14025,2914560953,-6828,-4094
6003,1714,2,14026,2915419946,-6021,-3676
6003,1714,3,14027,2916278939,-278,7884
6003,1715,0,14028,2917137932,-6153,2697
6003,1715,1,14029,2917996925,-5238,-1816
6003,1715,2,14030,2918855918,2541,4221
6003,1715,3,14031,2919714911,5011,4773
6003,1716,0,14032,2920573904,-949,940
6003,1716,1,14033,2921432897,-5816,3006
6003,1716,2,14034,2922291890,-786,4643
6003,1716,3,14035,2923150883,-1208,-2058
6003,1717,0,14036,2924009876,-2780,-3648
6003,1717,1,14037,2924868869,-916,642
6003,1717,2,14038,2925727862,-1104,3807
6003,1717,3,14039,2926586855,734,4495
6003,1718,0,14040,2927445848,-4050,-2951
6003,1718,1,14041,2928304841,-4694,-1085
6003,1718,2,14042,2929163834,1467,2925
6003,1718,3,14043,2930022827,928,-6653
6003,1719,0,14044,2930881820,-759,-2414
6003,1719,1,14045,2931740813,-4221,541
6003,1719,2,14046,2932599806,1611,-4689
6003,1719,3,14047,2933458799,3474,6441
6003,1720,0,14048,2934317792,-6847,4927
6003,1720,1,14049,2935176785,776,-1208
6003,1720,2,14050,2936035778,-156,5190
6003,1720,3,14051,2936894771,-7382,-2046
6003,1721,0,14052,2937753764,1294,-2968
6003,1721,1,14053,2938612757,-4710,4005
6003,1721,2,14054,2939471750,-2578,1485
6003,1721,3,14055,2940330743,6048,4405
6003,1722,0,14056,2941189736,-3129,2835
6003,1722,1,14057,2942048729,701,-2018
6003,1722,2,14058,2942907722,3314,105
6003,1722,3,14059,2943766715,-3478,-26
6003,1723,0,14060,2944625708,161,208
6003,1723,1,14061,2945484701,1535,-2397
6003,1723,2,14062,2946343694,-3410,-5112
6003,1723,3,14063,2947202687,-5611,-3133
6003,1724,0,14064,2948061680,5210,-20
6003,1724,1,14065,2948920673,10743,6302
6003,1724,2,14066,2949779666,-1852,3004
6003,1724,3,14067,2950638659,-2048,-1466
6003,1725,0,14068,2951497652,5641,3077
6003,1725,1,14069,2952356645,3175,-1630
6003,1725,2,14070,2953215638,1847,128
6003,1725,3,14071,2954074631,4596,6350
6003,1726,0,14072,2954933624,-474,-3246
6003,1726,1,14073,2955792617,-10974,-4145
6003,1726,2,14074,2956651610,-6928,150
6003,1726,3,14075,2957510603,-1197,-2529
6003,1727,0,14076,2958369596,-3407,1790
6003,1727,1,14077,2959228589,-2577,3080
6003,1727,2,14078,2960087582,-7226,1766
6003,1727,3,14079,2960946575,-3231,3863
6003,1728,0,14080,2961805568,6018,1862
6003,1728,1,14081,2962664561,2348,97
6003,1728,2,14082,2963523554,1852,-3143
6003,1728,3,14083,2964382547,-1877,-1152
6003,1729,0,14084,2965241540,-4678,5367
6003,1729,1,14085,2966100533,484,-1461
6003,1729,2,14086,2966959526,-2718,-6911
6003,1729,3,14087,2967818519,-3183,-5142
6003,1730,0,14088,2968677512,218,-1089
6003,1730,1,14089,2969536505,4068,9036
6003,1730,2,14090,2970395498,5474,4032
6003,1730,3,14091,2971254491,-2647,-2467
6003,1731,0,14092,2972113484,-2853,4517
6003,1731,1,14093,2972972477,-3171,-1216
6003,1731,2,14094,2973831470,-5737,-3889
6003,1731,3,14095,2974690463,11,2497
6003,1732,0,14096,2975549456,-2476,3005
6003,1732,1,14097,2976408449,-2138,5262
6003,1732,2,14098,2977267442,3053,-1756
6003,1732,3,14099,2978126435,-5,-6077
6003,1733,0,14100,2978985428,-1167,-1486
6003,1733,1,14101,2979844421,-1292,-6008
6003,1733,2,14102,2980703414,1974,-879
6003,1733,3,14103,2981562407,3334,5726
6003,1734,0,14104,2982421400,-3370,2172
6003,1734,1,14105,2983280393,-3965,2261
6003,1734,2,14106,2984139386,-1526,-2454
6003,1734,3,14107,2984998379,-1779,-3578
6003,1735,0,14108,2985857372,-3406,-3973
6003,1735,1,14109,2986716365,-1827,-10042
6003,1735,2,14110,2987575358,2140,-6808
6003,1735,3,14111,2988434351,-821,-4639
6003,1736,0,14112,2989293344,1175,29
6003,1736,1,14113,2990152337,1006,3505
6003,1736,2,14114,2991011330,-8431,-3638
6003,1736,3,14115,2991870323,-2913,-1890
6003,1737,0,14116,2992729316,3087,-3527
6003,1737,1,14117,2993588309,-2814,-3505
6003,1737,2,14118,2994447302,-1612,7697
6003,1737,3,14119,2995306295,3946,2907
6003,1738,0,14120,2996165288,6540,986
6003,1738,1,14121,2997024281,2739,8333
6003,1738,2,14122,2997883274,-1380,1858
6003,1738,3,14123,2998742267,3334,-3792
6003,1739,0,14124,2999601260,3594,-2139
6003,1739,1,14125,3000460253,-1368,-1480
6003,1739,2,14126,3001319246,37,-2531
6003,1739,3,14127,3002178239,2263,-484
6003,1740,0,14128,3003037232,3112,1894
6003,1740,1,14129,3003896225,3284,136
6003,1740,2,14130,3004755218,-410,5280
6003,1740,3,14131,3005614211,260,6126
6003,1741,0,14132,3006473204,3511,-1457
6003,1741,1,14133,3007332197,361,-762
6003,1741,2,14134,3008191190,1355,-792
6003,1741,3,14135,3009050183,3356,-895
6003,1742,0,14136,3009909176,153,2777
6003,1742,1,14137,3010768169,2473,1761
6003,1742,2,14138,3011627162,2983,181
6003,1742,3,14139,3012486155,1750,1564
6003,1743,0,14140,3013345148,2997,4512
6003,1743,1,14141,3014204141,436,36
6003,1743,2,14142,3015063134,3603,-3368
6003,1743,3,14143,3015922127,2588,4574
6003,1744,0,14144,3016781120,-3072,5022
6003,1744,1,14145,3017640113,4710,1732
6003,1744,2,14146,3018499106,2810,949
6003,1744,3,14147,3019358099,-6005,-443
6003,1745,0,14148,3020217092,671,3357
6003,1745,1,14149,3021076085,2601,1443
6003,1745,2,14150,3021935078,-2602,735
6003,1745,3,14151,3022794071,-2980,1189
6003,1746,0,14152,3023653064,-1396,-7136
6003,1746,1,14153,3024512057,203,-4714
6003,1746,2,14154,3025371050,-1634,-2195
6003,1746,3,14155,3026230043,-942,-5775
6003,1747,0,14156,3027089036,1663,-3382
6003,1747,1,14157,3027948029,-1632,-5377
6003,1747,2,14158,3028807022,-1833,-1209
6003,1747,3,14159,3029666015,2245,4107
6003,1748,0,14160,3030525008,2641,1118
6003,1748,1,14161,3031384001,358,5448
6003,1748,2,14162,3032242994,-1009,3946
6003,1748,3,14163,3033101987,1571,-2070
6003,1749,0,14164,3033960980,4603,-2202
6003,1749,1,14165,3034819973,4197,-3491
6003,1749,2,14166,3035678966,2212,2765
6003,1749,3,14167,3036537959,-1677,5259
6003,1750,0,14168,3037396952,-2269,-923
6003,1750,1,14169,3038255945,3205,1311
6003,1750,2,14170,3039114938,3086,2650
6003,1750,3,14171,3039973931,-227,407
6003,1751,0,14172,3040832924,4440,1726
6003,1751,1,14173,3041691917,6853,1681
6003,1751,2,14174,3042550910,3556,-100
6003,1751,3,14175,3043409903,2559,1195
6003,1752,0,14176,3044268896,625,4306
6003,1752,1,14177,3045127889,1039,-1089
6003,1752,2,14178,3045986882,908,-2556
6003,1752,3,14179,3046845875,-5077,8311
6003,1753,0,14180,3047704868,-2010,2439
6003,1753,1,14181,3048563861,584,-9747
6003,1753,2,14182,3049422854,-5863,-2124
6003,1753,3,14183,3050281847,519,2470
6003,1754,0,14184,3051140840,6014,-1556
6003,1754,1,14185,3051999833,-258,-1723
6003,1754,2,14186,3052858826,951,-1832
6003,1754,3,14187,3053717819,959,1077
6003,1755,0,14188,3054576812,-912,2066
6003,1755,1,14189,3055435805,1655,-3163
6003,1755,2,14190,3056294798,-884,-3216
6003,1755,3,14191,3057153791,1023,-105
6003,1756,0,14192,3058012784,2313,1292
6003,1756,1,14193,3058871777,-5503,1592
6003,1756,2,14194,3059730770,-5020,-4617
6003,1756,3,14195,3060589763,-763,-8379
6003,1757,0,14196,3061448756,-865,-1627
6003,1757,1,14197,3062307749,-1378,1162
6003,1757,2,14198,3063166742,-6342,229
6003,1757,3,14199,3064025735,-7759,3375
6003,1758,0,14200,3064884728,-561,1239
6003,1758,1,14201,3065743721,156,116
6003,1758,2,14202,3066602714,-8199,4259
6003,1758,3,14203,3067461707,-7065,892
6003,1759,0,14204,3068320700,3068,-1722
6003,1759,1,14205,3069179693,5505,-422
6003,1759,2,14206,3070038686,5175,-803
6003,1759,3,14207,3070897679,5027,4403
6003,1760,0,14208,3071756672,1287,5292
6003,1760,1,14209,3072615665,-1369,-874
6003,1760,2,14210,3073474658,-2472,-1259
6003,1760,3,14211,3074333651,2546,-53
6003,1761,0,14212,3075192644,4987,197
6003,1761,1,14213,3076051637,-1177,2328
6003,1761,2,14214,3076910630,636,7291
6003,1761,3,14215,3077769623,2836,7202
6003,1762,0,14216,3078628616,406,-865
6003,1762,1,14217,3079487609,322,-212
6003,1762,2,14218,3080346602,-4533,180
6003,1762,3,14219,3081205595,-3796,-4692
6003,1763,0,14220,3082064588,2209,-319
6003,1763,1,14221,3082923581,793,1124
6003,1763,2,14222,3083782574,1,3120
6003,1763,3,14223,3084641567,-264,4495
6003,1764,0,14224,3085500560,-1727,-3989
6003,1764,1,14225,3086359553,-262,-910
6003,1764,2,14226,3087218546,2220,661
6003,1764,3,14227,3088077539,2437,-2988
6003,1765,0,14228,3088936532,362,2991
6003,1765,1,14229,3089795525,3032,-1903
6003,1765,2,14230,3090654518,2952,-765
6003,1765,3,14231,3091513511,-2533,7787
6003,1766,0,14232,3092372504,2012,-441
6003,1766,1,14233,3093231497,4004,-1369
6003,1766,2,14234,3094090490,-3957,2161
6003,1766,3,14235,3094949483,-1990,2742
6003,1767,0,14236,3095808476,1992,4934
6003,1767,1,14237,3096667469,-4965,-1373
6003,1767,2,14238,3097526462,-7214,2572
6003,1767,3,14239,3098385455,-2543,3061
6003,1768,0,14240,3099244448,-1653,-6423
6003,1768,1,14241,3100103441,1137,4973
6003,1768,2,14242,3100962434,3920,7406
6003,1768,3,14243,3101821427,2407,-2994
6003,1769,0,14244,3102680420,1700,-1019
6003,1769,1,14245,3103539413,-2678,-2563
6003,1769,2,14246,3104398406,-2771,422
6003,1769,3,14247,3105257399,4395,1135
6003,1770,0,14248,3106116392,2960,-7771
6003,1770,1,14249,3106975385,1269,-418
6003,1770,2,14250,3107834378,3763,5462
6003,1770,3,14251,3108693371,-134,570
6003,1771,0,14252,3109552364,-4056,70
6003,1771,1,14253,3110411357,-1374,-2862
6003,1771,2,14254,3111270350,2702,518
6003,1771,3,14255,3112129343,1259,5782
6003,1772,0,14256,3112988336,1064,-2634
6003,1772,1,14257,3113847329,325,-5856
6003,1772,2,14258,3114706322,-8669,1530
6003,1772,3,14259,3115565315,-5021,3674
6003,1773,0,14260,3116424308,5000,2703
6003,1773,1,14261,3117283301,-889,4096
6003,1773,2,14262,3118142294,-4721,1357
6003,1773,3,14263,3119001287,-1948,-4300
6003,1774,0,14264,3119860280,-592,-1622
6003,1774,1,14265,3120719273,908,5073
6003,1774,2,14266,3121578266,-2370,2867
6003,1774,3,14267,3122437259,-3234,-4605
6003,1775,0,14268,3123296252,2060,-5402
6003,1775,1,14269,3124155245,2447,225
6003,1775,2,14270,3125014238,-4290,1391
6003,1775,3,14271,3125873231,-7082,-1470
6003,1776,0,14272,3126732224,-1302,3539
6003,1776,1,14273,3127591217,-817,9448
6003,1776,2,14274,3128450210,-2375,1899
6003,1776,3,14275,3129309203,4473,-4029
6003,1777,0,14276,3130168196,5119,-994
6003,1777,1,14277,3131027189,-943,-3824
6003,1777,2,14278,3131886182,-3124,-1941
6003,1777,3,14279,3132745175,-3508,3742
6003,1778,0,14280,3133604168,-1329,-3071
6003,1778,1,14281,3134463161,1012,-6744
6003,1778,2,14282,3135322154,2491,-5166
6003,1778,3,14283,3136181147,1939,-3212
6003,1779,0,14284,3137040140,-5390,3536
6003,1779,1,14285,3137899133,-6262,1972
6003,1779,2,14286,3138758126,770,-429
6003,1779,3,14287,3139617119,-1043,2142
6003,1780,0,14288,3140476112,-3634,-1449
6003,1780,1,14289,3141335105,1146,-2786
6003,1780,2,14290,3142194098,4637,-238
6003,1780,3,14291,3143053091,5105,1946
6003,1781,0,14292,3143912084,3701,172
6003,1781,1,14293,3144771077,987,-2893
6003,1781,2,14294,3145630070,-1446,-653
6003,1781,3,14295,3146489063,1278,-3317
6003,1782,0,14296,3147348056,6559,-1442
6003,1782,1,14297,3148207049,5358,701
6003,1782,2,14298,3149066042,2264,-8664
6003,1782,3,14299,3149925035,-1575,-3652
6003,1783,0,14300,3150784028,944,-216
6003,1783,1,14301,3151643021,10751,-6861
6003,1783,2,14302,3152502014,5649,-1683
6003,1783,3,14303,3153361007,1764,-2191
6003,1784,0,14304,3154220000,6209,-90
6003,1784,1,14305,3155078993,-586,3780
6003,1784,2,14306,3155937986,-46,-5567
6003,1784,3,14307,3156796979,2893,-2785
6003,1785,0,14308,3157655972,-146,1725
6003,1785,1,14309,3158514965,2585,-1071
6003,1785,2,14310,3159373958,610,2394
6003,1785,3,14311,3160232951,954,2353
6003,1786,0,14312,3161091944,179,646
6003,1786,1,14313,3161950937,131,409
6003,1786,2,14314,3162809930,6983,3780
6003,1786,3,14315,3163668923,-2334,5763
6003,1787,0,14316,3164527916,-36,1711
6003,1787,1,14317,3165386909,8702,6498
6003,1787,2,14318,3166245902,-2878,5811
6003,1787,3,14319,3167104895,3022,-2252
6003,1788,0,14320,3167963888,5504,1045
6003,1788,1,14321,3168822881,1151,622
6003,1788,2,14322,3169681874,9901,-5398
6003,1788,3,14323,3170540867,-1413,-4095
6003,1789,0,14324,3171399860,-4175,558
6003,1789,1,14325,3172258853,1383,-2969
6003,1789,2,14326,3173117846,-7053,-6274
6003,1789,3,14327,3173976839,2140,1900
6003,1790,0,14328,3174835832,3630,598
6003,1790,1,14329,3175694825,-4280,-2802
6003,1790,2,14330,3176553818,1046,1658
6003,1790,3,14331,3177412811,-2079,-2353
6003,1791,0,14332,3178271804,-3641,-1487
6003,1791,1,14333,3179130797,1441,-349
6003,1791,2,14334,3179989790,2072,-3140
6003,1791,3,14335,3180848783,-1732,1159
6003,1792,0,14336,3181707776,-2675,-307
6003,1792,1,14337,3182566769,4574,240
6003,1792,2,14338,3183425762,1820,153
6003,1792,3,14339,3184284755,-1701,-5128
6003,1793,0,14340,3185143748,1064,601
6003,1793,1,14341,3186002741,-1262,3150
6003,1793,2,14342,3186861734,2043,-1535
6003,1793,3,14343,3187720727,1435,-2342
6003,1794,0,14344,3188579720,405,2067
6003,1794,1,14345,3189438713,3609,3419
6003,1794,2,14346,3190297706,-1394,-1310
6003,1794,3,14347,3191156699,1693,3168
6003,1795,0,14348,3192015692,1516,-416
6003,1795,1,14349,3192874685,-3728,-4921
6003,1795,2,14350,3193733678,5001,5913
6003,1795,3,14351,3194592671,5162,575
6003,1796,0,14352,3195451664,-499,1081
6003,1796,1,14353,3196310657,2970,4935
6003,1796,2,14354,3197169650,5051,-9364
6003,1796,3,14355,3198028643,989,-3979
6003,1797,0,14356,3198887636,-2418,-2540
6003,1797,1,14357,3199746629,1682,-6410
6003,1797,2,14358,3200605622,-2542,3977
6003,1797,3,14359,3201464615,-8532,-5183
6003,1798,0,14360,3202323608,-2553,-4246
6003,1798,1,14361,3203182601,-4013,5039
6003,1798,2,14362,3204041594,-5778,-5243
6003,1798,3,14363,3204900587,-1113,-2549
6003,1799,0,14364,3205759580,-384,1017
6003,1799,1,14365,3206618573,-1766,-1369
6003,1799,2,14366,3207477566,-3085,333
6003,1799,3,14367,3208336559,250,-2709
6003,1800,0,14368,3209195552,-778,-272
6003,1800,1,14369,3210054545,34,-1806
6003,1800,2,14370,3210913538,6471,-2443
6003,1800,3,14371,3211772531,-1293,2168
6003,1801,0,14372,3212631524,-2816,-4824
6003,1801,1,14373,3213490517,2569,-3775
6003,1801,2,14374,3214349510,341,-2901
6003,1801,3,14375,3215208503,5140,-11624
6003,1802,0,14376,3216067496,2182,-4423
6003,1802,1,14377,3216926489,928,2111
6003,1802,2,14378,3217785482,9057,-2141
6003,1802,3,14379,3218644475,1438,-4513
6003,1803,0,14380,3219503468,-1159,-6819
6003,1803,1,14381,3220362461,3642,-3526
6003,1803,2,14382,3221221454,927,1294
6003,1803,3,14383,3222080447,2400,-307
6003,1804,0,14384,3222939440,919,-3083
6003,1804,1,14385,3223798433,-2529,-4651
6003,1804,2,14386,3224657426,-1006,-4918
6003,1804,3,14387,3225516419,1844,-2817
6003,1805,0,14388,3226375412,2815,2390
6003,1805,1,14389,3227234405,-1400,2738
6003,1805,2,14390,3228093398,-615,-1323
6003,1805,3,14391,3228952391,-15,4118
6003,1806,0,14392,3229811384,-3569,7484
6003,1806,1,14393,3230670377,1227,-323
6003,1806,2,14394,3231529370,4748,-3396
6003,1806,3,14395,3232388363,6000,-1997
6003,1807,0,14396,3233247356,5355,-105
6003,1807,1,14397,3234106349,-2466,3429
6003,1807,2,14398,3234965342,-172,3385
6003,1807,3,14399,3235824335,4747,1582
6003,1808,0,14400,3236683328,791,-3391
6003,1808,1,14401,3237542321,2707,-6288
6003,1808,2,14402,3238401314,1225,733
6003,1808,3,14403,3239260307,-8256,2785
6003,1809,0,14404,3240119300,-6169,690
6003,1809,1,14405,3240978293,1615,5654
6003,1809,2,14406,3241837286,216,6172
6003,1809,3,14407,3242696279,-1511,-696
6003,1810,0,14408,3243555272,3606,-3487
6003,1810,1,14409,3244414265,6034,1279
6003,1810,2,14410,3245273258,-223,3509
6003,1810,3,14411,3246132251,-5596,103
6003,1811,0,14412,3246991244,-692,37
6003,1811,1,14413,3247850237,4761,1046
6003,1811,2,14414,3248709230,961,3865
6003,1811,3,14415,3249568223,-3676,3628
6003,1812,0,14416,3250427216,-3476,-4340
6003,1812,1,14417,3251286209,-3094,1371
6003,1812,2,14418,3252145202,-2097,10023
6003,1812,3,14419,3253004195,4149,1682
6003,1813,0,14420,3253863188,5029,-2164
6003,1813,1,14421,3254722181,-4403,-188
6003,1813,2,14422,3255581174,-3353,-2504
6003,1813,3,14423,3256440167,3093,-466
6003,1814,0,14424,3257299160,853,3835
6003,1814,1,14425,3258158153,115,1855
6003,1814,2,14426,3259017146,-4438,-2902
6003,1814,3,14427,3259876139,-3236,-1869
6003,1815,0,14428,3260735132,7326,-2403
6003,1815,1,14429,3261594125,1291,-5230
6003,1815,2,14430,3262453118,-2128,808
6003,1815,3,14431,3263312111,3192,3607
6003,1816,0,14432,3264171104,668,-931
6003,1816,1,14433,3265030097,3074,-2489
6003,1816,2,14434,3265889090,-4076,-3247
6003,1816,3,14435,3266748083,-8772,-1620
6003,1817,0,14436,3267607076,5162,826
6003,1817,1,14437,3268466069,723,1820
6003,1817,2,14438,3269325062,-4197,6300
6003,1817,3,14439,3270184055,2542,6675
6003,1818,0,14440,3271043048,-3542,-324
6003,1818,1,14441,3271902041,-3922,237
6003,1818,2,14442,3272761034,-1486,5038
6003,1818,3,14443,3273620027,-519,-1752
6003,1819,0,14444,3274479020,2081,-4248
6003,1819,1,14445,3275338013,-6324,3001
6003,1819,2,14446,3276197006,-2901,-818
6003,1819,3,14447,3277055999,3288,-4345
6003,1820,0,14448,3277914992,-3043,-278
6003,1820,1,14449,3278773985,1311,-1880
6003,1820,2,14450,3279632978,932,-2799
6003,1820,3,14451,3280491971,-1098,-411
6003,1821,0,14452,3281350964,4842,1125
6003,1821,1,14453,3282209957,-2079,1048
6003,1821,2,14454,3283068950,-4623,253
6003,1821,3,14455,3283927943,-963,-20
6003,1822,0,14456,3284786936,-1197,-2356
6003,1822,1,14457,3285645929,4347,1245
6003,1822,2,14458,3286504922,2180,5404
6003,1822,3,14459,3287363915,-896,751
6003,1823,0,14460,3288222908,1885,-605
6003,1823,1,14461,3289081901,-5084,-1521
6003,1823,2,14462,3289940894,-8589,-1280
6003,1823,3,14463,3290799887,-3413,2142
6003,1824,0,14464,3291658880,-885,-3260
6003,1824,1,14465,3292517873,-390,-4407
6003,1824,2,14466,3293376866,848,1624
6003,1824,3,14467,3294235859,1920,1800
6003,1825,0,14468,3295094852,-3484,49
6003,1825,1,14469,3295953845,-6246,-3501
6003,1825,2,14470,3296812838,-700,-5418
6003,1825,3,14471,3297671831,155,-5201
6003,1826,0,14472,3298530824,739,-4938
6003,1826,1,14473,3299389817,1058,3961
6003,1826,2,14474,3300248810,-3199,9915
6003,1826,3,14475,3301107803,-1236,2245
6003,1827,0,14476,3301966796,-149,-1033
6003,1827,1,14477,3302825789,-2924,6345
6003,1827,2,14478,3303684782,-269,7879
6003,1827,3,14479,3304543775,-345,2441
6003,1828,0,14480,3305402768,-149,871
6003,1828,1,14481,3306261761,7052,-96
6003,1828,2,14482,3307120754,7128,2635
6003,1828,3,14483,3307979747,218,6723
6003,1829,0,14484,3308838740,-1747,-96
6003,1829,1,14485,3309697733,-612,-2418
6003,1829,2,14486,3310556726,2260,1056
6003,1829,3,14487,3311415719,3892,-1760
6003,1830,0,14488,3312274712,-685,176
6003,1830,1,14489,3313133705,-2144,361
6003,1830,2,14490,3313992698,1243,-1945
6003,1830,3,14491,3314851691,1783,744
6003,1831,0,14492,3315710684,1527,-4603
6003,1831,1,14493,3316569677,-1668,-3590
6003,1831,2,14494,3317428670,-252,5732
6003,1831,3,14495,3318287663,9251,448
6003,1832,0,14496,3319146656,2541,-286
6003,1832,1,14497,3320005649,-8650,6377
6003,1832,2,14498,3320864642,-387,845
6003,1832,3,14499,3321723635,2987,-1993
6003,1833,0,14500,3322582628,-3700,147
6003,1833,1,14501,3323441621,-2630,-1929
6003,1833,2,14502,3324300614,-56,-3025
6003,1833,3,14503,3325159607,-1712,-5832
6003,1834,0,14504,3326018600,-2651,-5841
6003,1834,1,14505,3326877593,-572,-369
6003,1834,2,14506,3327736586,-1966,-1477
6003,1834,3,14507,3328595579,-2908,-3935
6003,1835,0,14508,3329454572,1320,741
6003,1835,1,14509,3330313565,-3099,2947
6003,1835,2,14510,3331172558,-5055,-716
6003,1835,3,14511,3332031551,2192,-3971
6003,1836,0,14512,3332890544,2187,-5023
6003,1836,1,14513,3333749537,2034,-2972
6003,1836,2,14514,3334608530,-1530,814
6003,1836,3,14515,3335467523,-6373,956
6003,1837,0,14516,3336326516,-1830,-1896
6003,1837,1,14517,3337185509,-3560,-2528
6003,1837,2,14518,3338044502,-1371,736
6003,1837,3,14519,3338903495,5653,1961
6003,1838,0,14520,3339762488,3329,-1480
6003,1838,1,14521,3340621481,5286,-726
6003,1838,2,14522,3341480474,3751,1727
6003,1838,3,14523,3342339467,2742,-246
6003,1839,0,14524,3343198460,8029,-44
6003,1839,1,14525,3344057453,1328,2482
6003,1839,2,14526,3344916446,-1426,3365
6003,1839,3,14527,3345775439,-411,-897
6003,1840,0,14528,3346634432,-3954,-2382
6003,1840,1,14529,3347493425,88,5284
6003,1840,2,14530,3348352418,-110,809
6003,1840,3,14531,3349211411,-2262,-6177
6003,1841,0,14532,3350070404,-3408,2132
6003,1841,1,14533,3350929397,-6071,473
6003,1841,2,14534,3351788390,1070,-4809
6003,1841,3,14535,3352647383,2114,-789
6003,1842,0,14536,3353506376,-4413,-1950
6003,1842,1,14537,3354365369,-2819,-2044
6003,1842,2,14538,3355224362,-457,-2175
6003,1842,3,14539,3356083355,-1369,-3238
6003,1843,0,14540,3356942348,-3009,116
6003,1843,1,14541,3357801341,-515,-2404
6003,1843,2,14542,3358660334,1156,-2731
6003,1843,3,14543,3359519327,156,217
6003,1844,0,14544,3360378320,1866,-3218
6003,1844,1,14545,3361237313,-3922,-1276
6003,1844,2,14546,3362096306,-6853,1761
6003,1844,3,14547,3362955299,-1046,-2321
6003,1845,0,14548,3363814292,-1691,-3332
6003,1845,1,14549,3364673285,-968,-2377
6003,1845,2,14550,3365532278,2340,-1243
6003,1845,3,14551,3366391271,1914,1466
6003,1846,0,14552,3367250264,1468,-2076
6003,1846,1,14553,3368109257,3140,-4886
6003,1846,2,14554,3368968250,949,524
6003,1846,3,14555,3369827243,-7854,-17
6003,1847,0,14556,3370686236,-4240,-5788
6003,1847,1,14557,3371545229,-904,-5096
6003,1847,2,14558,3372404222,-8213,656
6003,1847,3,14559,3373263215,399,3598
6003,1848,0,14560,3374122208,4939,-2216
6003,1848,1,14561,3374981201,1085,-489
6003,1848,2,14562,3375840194,5103,8296
6003,1848,3,14563,3376699187,-1428,2083
6003,1849,0,14564,3377558180,-2557,-2280
6003,1849,1,14565,3378417173,4230,846
6003,1849,2,14566,3379276166,5349,-2318
6003,1849,3,14567,3380135159,9998,-720
6003,1850,0,14568,3380994152,6343,3009
6003,1850,1,14569,3381853145,3002,1896
6003,1850,2,14570,3382712138,3947,1012
6003,1850,3,14571,3383571131,-1227,3144
6003,1851,0,14572,3384430124,-1473,4716
6003,1851,1,14573,3385289117,-5048,-1115
6003,1851,2,14574,3386148110,-2707,-3103
6003,1851,3,14575,3387007103,6307,292
6003,1852,0,14576,3387866096,2309,922
6003,1852,1,14577,3388725089,4499,407
6003,1852,2,14578,3389584082,4374,-3170
6003,1852,3,14579,3390443075,-4464,511
6003,1853,0,14580,3391302068,-3268,4013
6003,1853,1,14581,3392161061,-2992,-114
6003,1853,2,14582,3393020054,2188,4071
6003,1853,3,14583,3393879047,4213,4325
6003,1854,0,14584,3394738040,-4276,2392
6003,1854,1,14585,3395597033,1008,3913
6003,1854,2,14586,3396456026,-742,-3382
6003,1854,3,14587,3397315019,-10237,-4506
6003,1855,0,14588,3398174012,-2099,-854
6003,1855,1,14589,3399033005,4819,1574
6003,1855,2,14590,3399891998,6851,3175
6003,1855,3,14591,3400750991,4235,-849
6003,1856,0,14592,3401609984,-4401,3544
6003,1856,1,14593,3402468977,-978,3993
6003,1856,2,14594,3403327970,3553,-2074
6003,1856,3,14595,3404186963,470,-1528
6003,1857,0,14596,3405045956,-1727,-5656
6003,1857,1,14597,3405904949,-3696,-114
6003,1857,2,14598,3406763942,-1665,8085
6003,1857,3,14599,3407622935,-1910,3598
6003,1858,0,14600,3408481928,-2812,3532
6003,1858,1,14601,3409340921,2180,1557
6003,1858,2,14602,3410199914,1001,4020
6003,1858,3,14603,3411058907,3189,11299
6003,1859,0,14604,3411917900,5828,3519
6003,1859,1,14605,3412776893,-4970,-3937
6003,1859,2,14606,3413635886,-3385,-2351
6003,1859,3,14607,3414494879,2712,-2356
6003,1860,0,14608,3415353872,-3295,-5464
6003,1860,1,14609,3416212865,108,-872
6003,1860,2,14610,3417071858,-112,4249
6003,1860,3,14611,3417930851,-7516,-7063
6003,1861,0,14612,3418789844,-2752,-8802
6003,1861,1,14613,3419648837,2845,3443
6003,1861,2,14614,3420507830,5193,4458
6003,1861,3,14615,3421366823,3690,-748
6003,1862,0,14616,3422225816,-147,-1498
6003,1862,1,14617,3423084809,453,3337
6003,1862,2,14618,3423943802,-515,-920
6003,1862,3,14619,3424802795,1402,-3435
6003,1863,0,14620,3425661788,-359,4125
6003,1863,1,14621,3426520781,-5551,-3572
6003,1863,2,14622,3427379774,-1736,-1404
6003,1863,3,14623,3428238767,-3032,7031
6003,1864,0,14624,3429097760,73,-1387
6003,1864,1,14625,3429956753,4909,4730
6003,1864,2,14626,3430815746,-4189,4334
6003,1864,3,14627,3431674739,-964,-3082
6003,1865,0,14628,3432533732,-885,6598
6003,1865,1,14629,3433392725,-8583,775
6003,1865,2,14630,3434251718,2127,-4413
6003,1865,3,14631,3435110711,2231,3647
6003,1866,0,14632,3435969704,-197,1844
6003,1866,1,14633,3436828697,7412,-1184
6003,1866,2,14634,3437687690,-691,-1856
6003,1866,3,14635,3438546683,-1238,2781
6003,1867,0,14636,3439405676,4702,5161
6003,1867,1,14637,3440264669,-2738,155
6003,1867,2,14638,3441123662,-4641,961
6003,1867,3,14639,3441982655,-1511,1189
6003,1868,0,14640,3442841648,2593,1832
6003,1868,1,14641,3443700641,3891,1946
6003,1868,2,14642,3444559634,-3156,173
6003,1868,3,14643,3445418627,-3784,5242
6003,1869,0,14644,3446277620,-463,3473
6003,1869,1,14645,3447136613,-3878,-3700
6003,1869,2,14646,3447995606,-5780,-3537
6003,1869,3,14647,3448854599,680,2809
6003,1870,0,14648,3449713592,783,7311
6003,1870,1,14649,3450572585,-7986,2076
6003,1870,2,14650,3451431578,1,3459
6003,1870,3,14651,3452290571,7264,7685
6003,1871,0,14652,3453149564,-3700,1493
6003,1871,1,14653,3454008557,-2493,1994
6003,1871,2,14654,3454867550,1825,4381
6003,1871,3,14655,3455726543,-2334,-1859
6003,1872,0,14656,3456585536,1200,-7850
6003,1872,1,14657,3457444529,2918,-5771
6003,1872,2,14658,3458303522,3181,-772
6003,1872,3,14659,3459162515,2276,-3658
6003,1873,0,14660,3460021508,-3586,-1703
6003,1873,1,14661,3460880501,328,1610
6003,1873,2,14662,3461739494,1929,-4964
6003,1873,3,14663,3462598487,-3771,-6612
6003,1874,0,14664,3463457480,139,-6953
6003,1874,1,14665,3464316473,3999,-5283
6003,1874,2,14666,3465175466,2712,-1358
6003,1874,3,14667,3466034459,-154,-4550
6003,1875,0,14668,3466893452,-3120,1525
6003,1875,1,14669,3467752445,999,6578
6003,1875,2,14670,3468611438,2223,-2725
6003,1875,3,14671,3469470431,-494,-4530
6003,1876,0,14672,3470329424,2654,-244
6003,1876,1,14673,3471188417,3253,1145
6003,1876,2,14674,3472047410,1566,2872
6003,1876,3,14675,3472906403,1944,1602
6003,1877,0,14676,3473765396,4342,-2353
6003,1877,1,14677,3474624389,4584,-2844
6003,1877,2,14678,3475483382,-5314,-1171
6003,1877,3,14679,3476342375,-2878,-1376
6003,1878,0,14680,3477201368,10386,896
6003,1878,1,14681,3478060361,3346,-679
6003,1878,2,14682,3478919354,-2309,-5798
6003,1878,3,14683,3479778347,-75,-2910
6003,1879,0,14684,3480637340,-6053,-3562
6003,1879,1,14685,3481496333,-1517,-5812
6003,1879,2,14686,3482355326,4375,-2636
6003,1879,3,14687,3483214319,2630,-1393
6003,1880,0,14688,3484073312,4570,2881
6003,1880,1,14689,3484932305,2293,-934
6003,1880,2,14690,3485791298,2004,-8618
6003,1880,3,14691,3486650291,2060,-674
6003,1881,0,14692,3487509284,-861,4617
6003,1881,1,14693,3488368277,1453,1580
6003,1881,2,14694,3489227270,-5812,1197
6003,1881,3,14695,3490086263,-10639,4005
6003,1882,0,14696,3490945256,-2142,3364
6003,1882,1,14697,3491804249,-778,-3876
6003,1882,2,14698,3492663242,312,-810
6003,1882,3,14699,3493522235,375,2120
6003,1883,0,14700,3494381228,-2584,-3110
6003,1883,1,14701,3495240221,1265,-370
6003,1883,2,14702,3496099214,-772,-2538
6003,1883,3,14703,3496958207,677,-683
6003,1884,0,14704,3497817200,6250,8976
6003,1884,1,14705,3498676193,-3373,4555
6003,1884,2,14706,3499535186,-7059,269
6003,1884,3,14707,3500394179,-3111,-1731
6003,1885,0,14708,3501253172,-5053,-2193
6003,1885,1,14709,3502112165,1171,-3
6003,1885,2,14710,3502971158,3568,-5632
6003,1885,3,14711,3503830151,-1371,-2629
6003,1886,0,14712,3504689144,3717,-396
6003,1886,1,14713,3505548137,3116,-62
6003,1886,2,14714,3506407130,-1011,9616
6003,1886,3,14715,3507266123,5982,405
6003,1887,0,14716,3508125116,5305,-4297
6003,1887,1,14717,3508984109,-189,7777
6003,1887,2,14718,3509843102,727,1846
6003,1887,3,14719,3510702095,-3086,-5329
6003,1888,0,14720,3511561088,-2692,-3538
6003,1888,1,14721,3512420081,5142,-904
6003,1888,2,14722,3513279074,4504,1117
6003,1888,3,14723,3514138067,401,1803
6003,1889,0,14724,3514997060,-691,3670
6003,1889,1,14725,3515856053,-1440,-5892
6003,1889,2,14726,3516715046,2034,-5010
6003,1889,3,14727,3517574039,3469,6943
6003,1890,0,14728,3518433032,-188,569
6003,1890,1,14729,3519292025,3022,3124
6003,1890,2,14730,3520151018,1331,4173
6003,1890,3,14731,3521010011,-4752,-4475
6003,1891,0,14732,3521869004,8290,4636
6003,1891,1,14733,3522727997,8750,2649
6003,1891,2,14734,3523586990,-10042,213
6003,1891,3,14735,3524445983,-5158,10028
6003,1892,0,14736,3525304976,1246,1871
6003,1892,1,14737,3526163969,-2121,-2671
6003,1892,2,14738,3527022962,47,-164
6003,1892,3,14739,3527881955,-5744,-3709
6003,1893,0,14740,3528740948,-2500,-1792
6003,1893,1,14741,3529599941,2648,2308
6003,1893,2,14742,3530458934,-4838,4906
6003,1893,3,14743,3531317927,222,405
6003,1894,0,14744,3532176920,1259,-615
6003,1894,1,14745,3533035913,-2780,5038
6003,1894,2,14746,3533894906,4395,1507
6003,1894,3,14747,3534753899,2975,3052
6003,1895,0,14748,3535612892,3725,3910
6003,1895,1,14749,3536471885,8254,-1566
6003,1895,2,14750,3537330878,983,3065
6003,1895,3,14751,3538189871,1627,-91
6003,1896,0,14752,3539048864,6756,-5889
6003,1896,1,14753,3539907857,-1850,981
6003,1896,2,14754,3540766850,-4394,2631
6003,1896,3,14755,3541625843,5407,3645
6003,1897,0,14756,3542484836,2460,7311
6003,1897,1,14757,3543343829,-2844,1000
6003,1897,2,14758,3544202822,2700,-4405
6003,1897,3,14759,3545061815,1249,-1895
6003,1898,0,14760,3545920808,1508,-2060
6003,1898,1,14761,3546779801,2037,-941
6003,1898,2,14762,3547638794,-6214,1484
6003,1898,3,14763,3548497787,-6463,-5216
6003,1899,0,14764,3549356780,-4961,-5126
6003,1899,1,14765,3550215773,-1102,4766
6003,1899,2,14766,3551074766,2348,4325
6003,1899,3,14767,3551933759,-4194,68
6003,1900,0,14768,3552792752,-171,-666
6003,1900,1,14769,3553651745,1574,-1488
6003,1900,2,14770,3554510738,-3247,-1874
6003,1900,3,14771,3555369731,3678,-1520
6003,1901,0,14772,3556228724,4715,463
6003,1901,1,14773,3557087717,4044,212
6003,1901,2,14774,3557946710,5585,-1656
6003,1901,3,14775,3558805703,754,-5346
6003,1902,0,14776,3559664696,185,-4519
6003,1902,1,14777,3560523689,-648,4524
6003,1902,2,14778,3561382682,-209,-524
6003,1902,3,14779,3562241675,2890,-7339
6003,1903,0,14780,3563100668,1856,-702
6003,1903,1,14781,3563959661,957,-2442
6003,1903,2,14782,3564818654,-3036,-1102
6003,1903,3,14783,3565677647,-4266,4066
6003,1904,0,14784,3566536640,1818,-544
6003,1904,1,14785,3567395633,6592,888
6003,1904,2,14786,3568254626,5081,2702
6003,1904,3,14787,3569113619,-2365,1460
6003,1905,0,14788,3569972612,-2810,3425
6003,1905,1,14789,3570831605,2018,830
6003,1905,2,14790,3571690598,2042,-2578
6003,1905,3,14791,3572549591,587,-2341
6003,1906,0,14792,3573408584,-382,3069
6003,1906,1,14793,3574267577,845,3726
6003,1906,2,14794,3575126570,-1542,-7598
6003,1906,3,14795,3575985563,-1034,-11252
6003,1907,0,14796,3576844556,5622,-4796
6003,1907,1,14797,3577703549,-1340,242
6003,1907,2,14798,3578562542,-9447,782
6003,1907,3,14799,3579421535,-2973,-1617
6003,1908,0,14800,3580280528,3785,2849
6003,1908,1,14801,3581139521,987,7895
6003,1908,2,14802,3581998514,-4298,3071
6003,1908,3,14803,3582857507,-2191,-2037
6003,1909,0,14804,3583716500,-3643,-155
6003,1909,1,14805,3584575493,-2552,-940
6003,1909,2,14806,3585434486,6621,-5251
6003,1909,3,14807,3586293479,3520,969
6003,1910,0,14808,3587152472,1769,2904
6003,1910,1,14809,3588011465,2656,-4041
6003,1910,2,14810,3588870458,-3118,4094
6003,1910,3,14811,3589729451,690,11034
6003,1911,0,14812,3590588444,1937,6038
6003,1911,1,14813,3591447437,88,649
6003,1911,2,14814,3592306430,4416,-5117
6003,1911,3,14815,3593165423,5096,1212
6003,1912,0,14816,3594024416,5497,6805
6003,1912,1,14817,3594883409,2703,204
6003,1912,2,14818,3595742402,677,1531
6003,1912,3,14819,3596601395,3240,3803
6003,1913,0,14820,3597460388,977,3208
6003,1913,1,14821,3598319381,-1340,2375
6003,1913,2,14822,3599178374,-3749,-2524
6003,1913,3,14823,3600037367,-5946,641
6003,1914,0,14824,3600896360,-4709,1984
6003,1914,1,14825,3601755353,2890,-3754
6003,1914,2,14826,3602614346,10572,-4621
6003,1914,3,14827,3603473339,-1314,-4069
6003,1915,0,14828,3604332332,-9298,2693
6003,1915,1,14829,3605191325,1430,6047
6003,1915,2,14830,3606050318,4976,-996
6003,1915,3,14831,3606909311,4450,-1390
6003,1916,0,14832,3607768304,2005,-4063
6003,1916,1,14833,3608627297,-763,-5506
6003,1916,2,14834,3609486290,4044,5365
6003,1916,3,14835,3610345283,1574,4470
6003,1917,0,14836,3611204276,-2873,-2602
6003,1917,1,14837,3612063269,1486,2571
6003,1917,2,14838,3612922262,2502,3085
6003,1917,3,14839,3613781255,-2982,-1011
6003,1918,0,14840,3614640248,-4734,2082
6003,1918,1,14841,3615499241,-556,-1526
6003,1918,2,14842,3616358234,1719,-8830
6003,1918,3,14843,3617217227,4481,-986
6003,1919,0,14844,3618076220,5349,5509
6003,1919,1,14845,3618935213,-952,1642
6003,1919,2,14846,3619794206,-200,1846
6003,1919,3,14847,3620653199,8624,-416
6003,1920,0,14848,3621512192,7182,-2211
6003,1920,1,14849,3622371185,-2967,-1870
6003,1920,2,14850,3623230178,64,-6921
6003,1920,3,14851,3624089171,5706,844
6003,1921,0,14852,3624948164,-4082,7534
6003,1921,1,14853,3625807157,-3048,-2697
6003,1921,2,14854,3626666150,2566,-192
6003,1921,3,14855,3627525143,-4778,5591
6003,1922,0,14856,3628384136,540,-1671
6003,1922,1,14857,3629243129,5065,-3100
6003,1922,2,14858,3630102122,-3974,-1583
6003,1922,3,14859,3630961115,-2878,-4674
6003,1923,0,14860,3631820108,-218,-7416
6003,1923,1,14861,3632679101,-3912,-4618
6003,1923,2,14862,3633538094,-3208,2953
6003,1923,3,14863,3634397087,-2295,2928
6003,1924,0,14864,3635256080,-2983,-1489
6003,1924,1,14865,3636115073,1387,204
6003,1924,2,14866,3636974066,5071,2982
6003,1924,3,14867,3637833059,4470,3563
6003,1925,0,14868,3638692052,5026,2774
6003,1925,1,14869,3639551045,1588,601
6003,1925,2,14870,3640410038,-2548,52
6003,1925,3,14871,3641269031,-3514,1988
6003,1926,0,14872,3642128024,-4292,2173
6003,1926,1,14873,3642987017,-766,718
6003,1926,2,14874,3643846010,-829,2013
6003,1926,3,14875,3644705003,3766,1872
6003,1927,0,14876,3645563996,10926,-4213
6003,1927,1,14877,3646422989,-1734,-5407
6003,1927,2,14878,3647281982,-4949,2876
6003,1927,3,14879,3648140975,8328,2559
6003,1928,0,14880,3648999968,7905,-4164
6003,1928,1,14881,3649858961,-1416,-1926
6003,1928,2,14882,3650717954,-6670,-2166
6003,1928,3,14883,3651576947,-498,-1584
6003,1929,0,14884,3652435940,726,2139
6003,1929,1,14885,3653294933,-4604,-3602
6003,1929,2,14886,3654153926,1895,-2573
6003,1929,3,14887,3655012919,2763,1211
6003,1930,0,14888,3655871912,2569,-78
6003,1930,1,14889,3656730905,4167,3281
6003,1930,2,14890,3657589898,-1935,-652
6003,1930,3,14891,3658448891,1163,2110
6003,1931,0,14892,3659307884,2555,6002
6003,1931,1,14893,3660166877,2087,-6154
6003,1931,2,14894,3661025870,3068,-1476
6003,1931,3,14895,3661884863,-4213,2924
6003,1932,0,14896,3662743856,-3872,-5795
6003,1932,1,14897,3663602849,-6878,-1102
6003,1932,2,14898,3664461842,-8487,-2247
6003,1932,3,14899,3665320835,527,-4635
6003,1933,0,14900,3666179828,-3273,49
6003,1933,1,14901,3667038821,-2674,-823
6003,1933,2,14902,3667897814,221,1304
6003,1933,3,14903,3668756807,-5979,-2826
6003,1934,0,14904,3669615800,-2105,-4729
6003,1934,1,14905,3670474793,-1735,1819
6003,1934,2,14906,3671333786,-5781,-2847
6003,1934,3,14907,3672192779,-2380,-6307
6003,1935,0,14908,3673051772,2089,-4755
6003,1935,1,14909,3673910765,2690,-1059
6003,1935,2,14910,3674769758,-2853,3086
6003,1935,3,14911,3675628751,-1342,-4207
6003,1936,0,14912,3676487744,3682,-4288
6003,1936,1,14913,3677346737,3478,1475
6003,1936,2,14914,3678205730,4912,-3445
6003,1936,3,14915,3679064723,-74,-5118
6003,1937,0,14916,3679923716,-5334,-5657
6003,1937,1,14917,3680782709,-825,-4823
6003,1937,2,14918,3681641702,2130,4107
6003,1937,3,14919,3682500695,-1246,3974
6003,1938,0,14920,3683359688,-1229,162
6003,1938,1,14921,3684218681,3869,6470
6003,1938,2,14922,3685077674,65,3893
6003,1938,3,14923,3685936667,-4319,-2385
6003,1939,0,14924,3686795660,-714,5820
6003,1939,1,14925,3687654653,477,2742
6003,1939,2,14926,3688513646,-1184,-8123
6003,1939,3,14927,3689372639,-5586,2307
6003,1940,0,14928,3690231632,-1144,8861
6003,1940,1,14929,3691090625,2233,-1149
6003,1940,2,14930,3691949618,-6525,-4318
6003,1940,3,14931,3692808611,-1209,-1067
6003,1941,0,14932,3693667604,-860,-450
6003,1941,1,14933,3694526597,-5311,903
6003,1941,2,14934,3695385590,7500,3258
6003,1941,3,14935,3696244583,2547,206
6003,1942,0,14936,3697103576,-4092,831
6003,1942,1,14937,3697962569,2027,8686
6003,1942,2,14938,3698821562,-3736,5731
6003,1942,3,14939,3699680555,904,-1356
6003,1943,0,14940,3700539548,8006,-368
6003,1943,1,14941,3701398541,1981,556
6003,1943,2,14942,3702257534,-1567,81
6003,1943,3,14943,3703116527,-4722,-450
6003,1944,0,14944,3703975520,-3451,-723
6003,1944,1,14945,3704834513,-2458,1402
6003,1944,2,14946,3705693506,-2466,3675
6003,1944,3,14947,3706552499,3954,672
6003,1945,0,14948,3707411492,3091,-38
6003,1945,1,14949,3708270485,1046,4328
6003,1945,2,14950,3709129478,2702,-2434
6003,1945,3,14951,3709988471,-247,-5672
6003,1946,0,14952,3710847464,432,1262
6003,1946,1,14953,3711706457,956,1067
6003,1946,2,14954,3712565450,-2273,6645
6003,1946,3,14955,3713424443,1299,8671
6003,1947,0,14956,3714283436,6570,3005
6003,1947,1,14957,3715142429,2696,4498
6003,1947,2,14958,3716001422,-5675,-2185
6003,1947,3,14959,3716860415,-8294,-3233
6003,1948,0,14960,3717719408,-3328,1559
6003,1948,1,14961,3718578401,-473,-3928
6003,1948,2,14962,3719437394,-3859,-585
6003,1948,3,14963,3720296387,-1416,408
6003,1949,0,14964,3721155380,2563,-2326
6003,1949,1,14965,3722014373,-562,-1293
6003,1949,2,14966,3722873366,-1177,-7083
6003,1949,3,14967,3723732359,-3005,-1166
6003,1950,0,14968,3724591352,58,6376
6003,1950,1,14969,3725450345,7553,974
6003,1950,2,14970,3726309338,-924,364
6003,1950,3,14971,3727168331,1418,2035
6003,1951,0,14972,3728027324,11980,1332
6003,1951,1,14973,3728886317,-3185,-1175
6003,1951,2,14974,3729745310,-6486,-1770
6003,1951,3,14975,3730604303,4472,-1800
6003,1952,0,14976,3731463296,59,-3454
6003,1952,1,14977,3732322289,5294,-979
6003,1952,2,14978,3733181282,5764,-4437
6003,1952,3,14979,3734040275,-10911,-4809
6003,1953,0,14980,3734899268,-6124,-1135
6003,1953,1,14981,3735758261,5611,-6642
6003,1953,2,14982,3736617254,1315,-5113
6003,1953,3,14983,3737476247,-2740,-6054
6003,1954,0,14984,3738335240,-4349,-5178
6003,1954,1,14985,3739194233,-1594,8346
6003,1954,2,14986,3740053226,1358,5623
6003,1954,3,14987,3740912219,-3243,-177
6003,1955,0,14988,3741771212,-2045,-438
6003,1955,1,14989,3742630205,2680,-6027
6003,1955,2,14990,3743489198,1132,-3507
6003,1955,3,14991,3744348191,-4124,-1056
6003,1956,0,14992,3745207184,-5560,-1387
6003,1956,1,14993,3746066177,3556,-518
6003,1956,2,14994,3746925170,3075,1870
6003,1956,3,14995,3747784163,-7400,4755
6003,1957,0,14996,3748643156,-2215,-2851
6003,1957,1,14997,3749502149,3979,-1900
6003,1957,2,14998,3750361142,727,4801
6003,1957,3,14999,3751220135,-426,-1629
6003,1958,0,15000,3752079128,1469,-1435
6003,1958,1,15001,3752938121,6167,2102
6003,1958,2,15002,3753797114,3333,28
6003,1958,3,15003,3754656107,-4408,-1158
6003,1959,0,15004,3755515100,-1690,-1077
6003,1959,1,15005,3756374093,4024,3342
6003,1959,2,15006,3757233086,3627,4939
6003,1959,3,15007,3758092079,77,1001
6003,1960,0,15008,3758951072,-1714,-5813
6003,1960,1,15009,3759810065,-3369,-5185
6003,1960,2,15010,3760669058,-3201,2228
6003,1960,3,15011,3761528051,2639,-5580
6003,1961,0,15012,3762387044,1627,-6216
6003,1961,1,15013,3763246037,-1389,4832
6003,1961,2,15014,3764105030,6334,-1127
6003,1961,3,15015,3764964023,9042,-82
6003,1962,0,15016,3765823016,1943,9061
6003,1962,1,15017,3766682009,-292,4226
6003,1962,2,15018,3767541002,3200,-2091
6003,1962,3,15019,3768399995,-761,-3423
6003,1963,0,15020,3769258988,-7760,1181
6003,1963,1,15021,3770117981,-2549,1251
6003,1963,2,15022,3770976974,2233,-4724
6003,1963,3,15023,3771835967,-870,1317
6003,1964,0,15024,3772694960,-1573,4702
6003,1964,1,15025,3773553953,-2891,-1265
6003,1964,2,15026,3774412946,-3325,1192
6003,1964,3,15027,3775271939,461,3366
6003,1965,0,15028,3776130932,3432,-484
6003,1965,1,15029,3776989925,3926,-3500
6003,1965,2,15030,3777848918,1824,-8025
6003,1965,3,15031,3778707911,1647,-5851
6003,1966,0,15032,3779566904,4224,1091
6003,1966,1,15033,3780425897,283,266
6003,1966,2,15034,3781284890,-5840,721
6003,1966,3,15035,3782143883,-1312,-1485
6003,1967,0,15036,3783002876,110,-6615
6003,1967,1,15037,3783861869,-6737,-728
6003,1967,2,15038,3784720862,-262,-300
6003,1967,3,15039,3785579855,5112,-1430
6003,1968,0,15040,3786438848,-26,4002
6003,1968,1,15041,3787297841,4768,-3310
6003,1968,2,15042,3788156834,3271,-5830
6003,1968,3,15043,3789015827,-3651,3671
6003,1969,0,15044,3789874820,2791,7513
6003,1969,1,15045,3790733813,544,8834
6003,1969,2,15046,3791592806,-5185,5513
6003,1969,3,15047,3792451799,3601,1593
6003,1970,0,15048,3793310792,7344,1493
6003,1970,1,15049,3794169785,3675,1781
6003,1970,2,15050,3795028778,1333,2714
6003,1970,3,15051,3795887771,-2108,-1396
6003,1971,0,15052,3796746764,1340,-3017
6003,1971,1,15053,3797605757,5454,246
6003,1971,2,15054,3798464750,490,2073
6003,1971,3,15055,3799323743,1180,2437
6003,1972,0,15056,3800182736,2049,-2660
6003,1972,1,15057,3801041729,-4049,-907
6003,1972,2,15058,3801900722,-1359,3939
6003,1972,3,15059,3802759715,511,-286
6003,1973,0,15060,3803618708,612,152
6003,1973,1,15061,3804477701,7613,-2006
6003,1973,2,15062,3805336694,3506,-6317
6003,1973,3,15063,3806195687,-533,-1399
6003,1974,0,15064,3807054680,6371,790
6003,1974,1,15065,3807913673,3124,3783
6003,1974,2,15066,3808772666,-428,4290
6003,1974,3,15067,3809631659,7622,-4516
6003,1975,0,15068,3810490652,6221,-3979
6003,1975,1,15069,3811349645,-3757,1751
6003,1975,2,15070,3812208638,-1884,364
6003,1975,3,15071,3813067631,538,1779
6003,1976,0,15072,3813926624,-1368,2758
6003,1976,1,15073,3814785617,2847,-1951
6003,1976,2,15074,3815644610,-3647,-1458
6003,1976,3,15075,3816503603,-6338,-1783
6003,1977,0,15076,3817362596,8651,-5653
6003,1977,1,15077,3818221589,5635,505
6003,1977,2,15078,3819080582,-3648,4614
6003,1977,3,15079,3819939575,1708,-117
6003,1978,0,15080,3820798568,2513,-867
6003,1978,1,15081,3821657561,239,1879
6003,1978,2,15082,3822516554,988,4634
6003,1978,3,15083,3823375547,3878,3692
6003,1979,0,15084,3824234540,3389,3241
6003,1979,1,15085,3825093533,-1721,4695
6003,1979,2,15086,3825952526,23,1862
6003,1979,3,15087,3826811519,640,828
6003,1980,0,15088,3827670512,-2934,-764
6003,1980,1,15089,3828529505,1572,-411
6003,1980,2,15090,3829388498,7540,1239
6003,1980,3,15091,3830247491,1139,-1711
6003,1981,0,15092,3831106484,-4429,5653
6003,1981,1,15093,3831965477,6255,6668
6003,1981,2,15094,3832824470,7188,-3030
6003,1981,3,15095,3833683463,-4288,-42
6003,1982,0,15096,3834542456,-4758,-791
6003,1982,1,15097,3835401449,-2738,-1025
6003,1982,2,15098,3836260442,-1189,3130
6003,1982,3,15099,3837119435,-3527,-3617
6003,1983,0,15100,3837978428,-2044,-5711
6003,1983,1,15101,3838837421,8550,-4874
6003,1983,2,15102,3839696414,1344,-5288
6003,1983,3,15103,3840555407,-2211,-2142
6003,1984,0,15104,3841414400,5088,878
6003,1984,1,15105,3842273393,-1926,2149
6003,1984,2,15106,3843132386,258,-4440
6003,1984,3,15107,3843991379,3478,239
6003,1985,0,15108,3844850372,-3411,9357
6003,1985,1,15109,3845709365,-1927,-1403
6003,1985,2,15110,3846568358,-971,-4925
6003,1985,3,15111,3847427351,729,-1277
6003,1986,0,15112,3848286344,2592,-3400
6003,1986,1,15113,3849145337,3140,-2322
6003,1986,2,15114,3850004330,4578,529
6003,1986,3,15115,3850863323,-1447,5292
6003,1987,0,15116,3851722316,-1039,905
6003,1987,1,15117,3852581309,2860,-1242
6003,1987,2,15118,3853440302,82,1833
6003,1987,3,15119,3854299295,-1236,-7461
6003,1988,0,15120,3855158288,-3001,-4361
6003,1988,1,15121,3856017281,-383,-533
6003,1988,2,15122,3856876274,717,-5815
6003,1988,3,15123,3857735267,-1422,2741
6003,1989,0,15124,3858594260,3307,28
6003,1989,1,15125,3859453253,4525,-3858
6003,1989,2,15126,3860312246,1295,3782
6003,1989,3,15127,3861171239,-3741,-1256
6003,1990,0,15128,3862030232,-4221,-2959
6003,1990,1,15129,3862889225,1971,-198
6003,1990,2,15130,3863748218,-1487,-182
6003,1990,3,15131,3864607211,-4403,342
6003,1991,0,15132,3865466204,-1140,-3516
6003,1991,1,15133,3866325197,-337,1243
6003,1991,2,15134,3867184190,-255,4093
6003,1991,3,15135,3868043183,-4438,-2116
6003,1992,0,15136,3868902176,-4855,-623
6003,1992,1,15137,3869761169,-2358,-562
6003,1992,2,15138,3870620162,-1037,-2805
6003,1992,3,15139,3871479155,2390,327
6003,1993,0,15140,3872338148,527,2063
6003,1993,1,15141,3873197141,5765,-475
6003,1993,2,15142,3874056134,10073,-2599
6003,1993,3,15143,3874915127,-1616,-542
6003,1994,0,15144,3875774120,-3017,-1102
6003,1994,1,15145,3876633113,1118,-1189
6003,1994,2,15146,3877492106,-1944,2954
6003,1994,3,15147,3878351099,1406,1660
6003,1995,0,15148,3879210092,3539,-723
6003,1995,1,15149,3880069085,-729,-381
6003,1995,2,15150,3880928078,-1888,57
6003,1995,3,15151,3881787071,-824,110
6003,1996,0,15152,3882646064,-3858,-1477
6003,1996,1,15153,3883505057,-4405,2188
6003,1996,2,15154,3884364050,1787,4523
6003,1996,3,15155,3885223043,2771,-1993
6003,1997,0,15156,3886082036,1426,-1336
6003,1997,1,15157,3886941029,2500,5078
6003,1997,2,15158,3887800022,1899,694
6003,1997,3,15159,3888659015,4672,-4858
6003,1998,0,15160,3889518008,3609,1115
6003,1998,1,15161,3890377001,-4232,3900
6003,1998,2,15162,3891235994,-3480,-1910
6003,1998,3,15163,3892094987,3347,726
6003,1999,0,15164,3892953980,2750,4323
6003,1999,1,15165,3893812973,-2750,-3791
6003,1999,2,15166,3894671966,-3184,-4954
6003,1999,3,15167,3895530959,943,2341
6003,2000,0,15168,3896389952,2001,450
6003,2000,1,15169,3897248945,-554,-1707
6003,2000,2,15170,3898107938,-1939,-121
6003,2000,3,15171,3898966931,-3374,-1898
6003,2001,0,15172,3899825924,-3939,-113
6003,2001,1,15173,3900684917,-1485,-240
6003,2001,2,15174,3901543910,-3682,-1618
6003,2001,3,15175,3902402903,-4398,4339
6003,2002,0,15176,3903261896,805,4934
6003,2002,1,15177,3904120889,145,1297
6003,2002,2,15178,3904979882,-831,-2482
6003,2002,3,15179,3905838875,-2439,-6710
6003,2003,0,15180,3906697868,-6189,-3973
6003,2003,1,15181,3907556861,-3289,-5357
6003,2003,2,15182,3908415854,-3120,-5040
6003,2003,3,15183,3909274847,-4047,3478
6003,2004,0,15184,3910133840,-3849,3359
6003,2004,1,15185,3910992833,-6113,1877
6003,2004,2,15186,3911851826,-4928,-40
6003,2004,3,15187,3912710819,-5095,-1961
6003,2005,0,15188,3913569812,1235,4718
6003,2005,1,15189,3914428805,5741,2302
6003,2005,2,15190,3915287798,-3011,-3815
6003,2005,3,15191,3916146791,-2322,1086
6003,2006,0,15192,3917005784,-2287,1912
6003,2006,1,15193,3917864777,-3298,-5885
6003,2006,2,15194,3918723770,5914,-4722
6003,2006,3,15195,3919582763,5653,6034
6003,2007,0,15196,3920441756,5200,2989
6003,2007,1,15197,3921300749,1134,-460
6003,2007,2,15198,3922159742,-6333,5620
6003,2007,3,15199,3923018735,3071,1522
6003,2008,0,15200,3923877728,1507,6935
6003,2008,1,15201,3924736721,-7263,10688
6003,2008,2,15202,3925595714,-2454,-3167
6003,2008,3,15203,3926454707,-4011,39
6003,2009,0,15204,3927313700,-5776,2898
6003,2009,1,15205,3928172693,605,-1043
6003,2009,2,15206,3929031686,3380,8845
6003,2009,3,15207,3929890679,736,6872
6003,2010,0,15208,3930749672,338,-4610
6003,2010,1,15209,3931608665,2024,-5860
6003,2010,2,15210,3932467658,124,-163
6003,2010,3,15211,3933326651,2130,980
6003,2011,0,15212,3934185644,-862,-4955
6003,2011,1,15213,3935044637,-7101,-313
6003,2011,2,15214,3935903630,484,4312
6003,2011,3,15215,3936762623,2552,2845
6003,2012,0,15216,3937621616,68,4013
6003,2012,1,15217,3938480609,1707,-4169
6003,2012,2,15218,3939339602,-1804,-4267
6003,2012,3,15219,3940198595,1192,5859
6003,2013,0,15220,3941057588,2397,2388
6003,2013,1,15221,3941916581,-624,-2931
6003,2013,2,15222,3942775574,2802,-233
6003,2013,3,15223,3943634567,1443,4624
6003,2014,0,15224,3944493560,4365,812
6003,2014,1,15225,3945352553,8252,-3961
6003,2014,2,15226,3946211546,522,1102
6003,2014,3,15227,3947070539,-3647,-1192
6003,2015,0,15228,3947929532,-5238,400
6003,2015,1,15229,3948788525,-5607,4621
6003,2015,2,15230,3949647518,-4481,-5111
6003,2015,3,15231,3950506511,-8392,-431
6003,2016,0,15232,3951365504,-3516,7168
6003,2016,1,15233,3952224497,4260,200
6003,2016,2,15234,3953083490,1452,2266
6003,2016,3,15235,3953942483,1369,383
6003,2017,0,15236,3954801476,-1194,-7902
6003,2017,1,15237,3955660469,-8251,-4055
6003,2017,2,15238,3956519462,-1672,1657
6003,2017,3,15239,3957378455,4624,2719
6003,2018,0,15240,3958237448,1254,144
6003,2018,1,15241,3959096441,2733,-1967
6003,2018,2,15242,3959955434,-37,1084
6003,2018,3,15243,3960814427,-8433,1636
6003,2019,0,15244,3961673420,-7710,1492
6003,2019,1,15245,3962532413,-2621,4033
6003,2019,2,15246,3963391406,-2297,-1154
6003,2019,3,15247,3964250399,-3997,-5850
6003,2020,0,15248,3965109392,521,-1451
6003,2020,1,15249,3965968385,2044,-4875
6003,2020,2,15250,3966827378,-3362,-4542
6003,2020,3,15251,3967686371,-2503,7419
6003,2021,0,15252,3968545364,-5912,567
6003,2021,1,15253,3969404357,-6982,-8385
6003,2021,2,15254,3970263350,6560,753
6003,2021,3,15255,3971122343,8101,4006
6003,2022,0,15256,3971981336,-895,4152
6003,2022,1,15257,3972840329,-3361,3538
6003,2022,2,15258,3973699322,-550,-1992
6003,2022,3,15259,3974558315,4968,-1543
6003,2023,0,15260,3975417308,1690,-524
6003,2023,1,15261,3976276301,-2512,636
6003,2023,2,15262,3977135294,2899,296
6003,2023,3,15263,3977994287,5422,-3278
6003,2024,0,15264,3978853280,1439,1073
6003,2024,1,15265,3979712273,-2440,1445
6003,2024,2,15266,3980571266,-1495,-2701
6003,2024,3,15267,3981430259,-538,3505
6003,2025,0,15268,3982289252,609,6199
6003,2025,1,15269,3983148245,2298,-2624
6003,2025,2,15270,3984007238,-2765,-8617
6003,2025,3,15271,3984866231,-3018,-2837
6003,2026,0,15272,3985725224,1565,2075
6003,2026,1,15273,3986584217,1769,-2429
6003,2026,2,15274,3987443210,-46,-3017
6003,2026,3,15275,3988302203,-3201,-20
6003,2027,0,15276,3989161196,719,1589
6003,2027,1,15277,3990020189,-451,2432
6003,2027,2,15278,3990879182,-4986,-2133
6003,2027,3,15279,3991738175,250,-4950
6003,2028,0,15280,3992597168,-7615,-4373
6003,2028,1,15281,3993456161,-6055,-923
6003,2028,2,15282,3994315154,8000,6268
6003,2028,3,15283,3995174147,-1980,1998
6003,2029,0,15284,3996033140,-3656,-4450
6003,2029,1,15285,3996892133,1173,-466
6003,2029,2,15286,3997751126,-6595,-428
6003,2029,3,15287,3998610119,-5268,2145
6003,2030,0,15288,3999469112,-4626,9343
6003,2030,1,15289,4000328105,-486,5803
6003,2030,2,15290,4001187098,2042,589
6003,2030,3,15291,4002046091,-4062,-723
6003,2031,0,15292,4002905084,2837,-3785
6003,2031,1,15293,4003764077,3029,-3431
6003,2031,2,15294,4004623070,2458,-1325
6003,2031,3,15295,4005482063,7706,-480
6003,2032,0,15296,4006341056,-3944,1437
6003,2032,1,15297,4007200049,-2219,-816
6003,2032,2,15298,4008059042,4083,-5533
6003,2032,3,15299,4008918035,-4186,-4059
6003,2033,0,15300,4009777028,-2119,877
6003,2033,1,15301,4010636021,-3897,2927
6003,2033,2,15302,4011495014,-1699,2466
6003,2033,3,15303,4012354007,5657,4234
6003,2034,0,15304,4013213000,-5358,4333
6003,2034,1,15305,4014071993,-851,-2731
6003,2034,2,15306,4014930986,8076,-3648
6003,2034,3,15307,4015789979,-6759,1220
6003,2035,0,15308,4016648972,-7487,-4180
6003,2035,1,15309,4017507965,373,-6848
6003,2035,2,15310,4018366958,-2429,-130
6003,2035,3,15311,4019225951,261,-149
6003,2036,0,15312,4020084944,1774,-2235
6003,2036,1,15313,4020943937,1026,-3013
6003,2036,2,15314,4021802930,2584,-6556
6003,2036,3,15315,4022661923,-1762,-1813
6003,2037,0,15316,4023520916,-3998,4379
6003,2037,1,15317,4024379909,-2848,1424
6003,2037,2,15318,4025238902,-2564,671
6003,2037,3,15319,4026097895,3283,135
6003,2038,0,15320,4026956888,4848,-480
6003,2038,1,15321,4027815881,-90,2590
6003,2038,2,15322,4028674874,-374,-823
6003,2038,3,15323,4029533867,-3836,402
6003,2039,0,15324,4030392860,-6831,2835
6003,2039,1,15325,4031251853,-1168,-5169
6003,2039,2,15326,4032110846,803,1798
6003,2039,3,15327,4032969839,2536,6546
6003,2040,0,15328,4033828832,4328,-4235
6003,2040,1,15329,4034687825,-3695,1727
6003,2040,2,15330,4035546818,-6859,1628
6003,2040,3,15331,4036405811,-4035,-5581
6003,2041,0,15332,4037264804,-2863,4251
6003,2041,1,15333,4038123797,1413,-251
6003,2041,2,15334,4038982790,-2847,-7560
6003,2041,3,15335,4039841783,-6172,263
6003,2042,0,15336,4040700776,4089,-204
6003,2042,1,15337,4041559769,3965,-780
6003,2042,2,15338,4042418762,-2276,21
6003,2042,3,15339,4043277755,-1987,-1499
6003,2043,0,15340,4044136748,-2938,1528
6003,2043,1,15341,4044995741,2132,3044
6003,2043,2,15342,4045854734,3755,6091
6003,2043,3,15343,4046713727,-3245,2895
6003,2044,0,15344,4047572720,346,-5118
6003,2044,1,15345,4048431713,5019,588
6003,2044,2,15346,4049290706,1491,3846
6003,2044,3,15347,4050149699,2125,-4959
6003,2045,0,15348,4051008692,2333,-7933
6003,2045,1,15349,4051867685,-6105,-1433
6003,2045,2,15350,4052726678,-7177,3027
6003,2045,3,15351,4053585671,5400,1556
6003,2046,0,15352,4054444664,5829,922
6003,2046,1,15353,4055303657,-2951,292
6003,2046,2,15354,4056162650,684,1629
6003,2046,3,15355,4057021643,2697,4276
6003,2047,0,15356,4057880636,-902,434
6003,2047,1,15357,4058739629,-894,-1329
6003,2047,2,15358,4059598622,377,-703
6003,2047,3,15359,4060457615,1663,-1620
6003,2048,0,15872,206153728,-2956,1341
6003,2048,1,15873,207012721,-6064,-606
6003,2048,2,15874,207871714,573,15
6003,2048,3,15875,208730707,-399,-655
6003,2049,0,15876,209589700,4237,-5631
6003,2049,1,15877,210448693,1002,-22
6003,2049,2,15878,211307686,-1057,-1277
6003,2049,3,15879,212166679,2815,-2458
6003,2050,0,15880,213025672,-2442,3796
6003,2050,1,15881,213884665,2120,-2618
6003,2050,2,15882,214743658,895,-4419
6003,2050,3,15883,215602651,-2289,-1294
6003,2051,0,15884,216461644,3019,-289
6003,2051,1,15885,217320637,-2438,6414
6003,2051,2,15886,218179630,3347,3773
6003,2051,3,15887,219038623,8357,-1396
6003,2052,0,15888,219897616,3281,-3416
6003,2052,1,15889,220756609,5979,-6889
6003,2052,2,15890,221615602,-918,-3218
6003,2052,3,15891,222474595,-611,-2441
6003,2053,0,15892,223333588,4424,-1321
6003,2053,1,15893,224192581,-2667,2685
6003,2053,2,15894,225051574,2761,-2041
6003,2053,3,15895,225910567,6541,-609
6003,2054,0,15896,226769560,1489,3317
6003,2054,1,15897,227628553,3155,-2121
6003,2054,2,15898,228487546,2429,-1798
6003,2054,3,15899,229346539,-709,483
6003,2055,0,15900,230205532,-666,-4210
6003,2055,1,15901,231064525,-629,-2683
6003,2055,2,15902,231923518,-3570,7423
6003,2055,3,15903,232782511,982,7469
6003,2056,0,15904,233641504,4406,-3449
6003,2056,1,15905,234500497,-5639,-4742
6003,2056,2,15906,235359490,-1943,-1964
6003,2056,3,15907,236218483,5989,-5624
6003,2057,0,15908,237077476,-410,-2739
6003,2057,1,15909,237936469,-4069,1484
6003,2057,2,15910,238795462,-5502,-113
6003,2057,3,15911,239654455,305,2301
6003,2058,0,15912,240513448,2790,2687
6003,2058,1,15913,241372441,-7178,574
6003,2058,2,15914,242231434,-4203,1896
6003,2058,3,15915,243090427,2661,-1033
6003,2059,0,15916,243949420,510,-172
6003,2059,1,15917,244808413,-1338,5757
6003,2059,2,15918,245667406,-81,1590
6003,2059,3,15919,246526399,3039,-994
6003,2060,0,15920,247385392,992,4988
6003,2060,1,15921,248244385,83,4478
6003,2060,2,15922,249103378,3472,423
6003,2060,3,15923,249962371,5621,1351
6003,2061,0,15924,250821364,3170,2110
6003,2061,1,15925,251680357,-1383,1000
6003,2061,2,15926,252539350,2299,260
6003,2061,3,15927,253398343,-3463,-2973
6003,2062,0,15928,254257336,-6491,-4899
6003,2062,1,15929,255116329,8858,-2997
6003,2062,2,15930,255975322,1924,-5080
6003,2062,3,15931,256834315,-4638,-3842
6003,2063,0,15932,257693308,3547,2268
6003,2063,1,15933,258552301,-4639,-790
6003,2063,2,15934,259411294,-1632,-4152
6003,2063,3,15935,260270287,1599,-3390
6003,2064,0,15936,261129280,-5688,-4452
6003,2064,1,15937,261988273,650,-1915
6003,2064,2,15938,262847266,-4249,-2399
6003,2064,3,15939,263706259,-6754,-2582
6003,2065,0,15940,264565252,5616,2831
6003,2065,1,15941,265424245,1485,-1599
6003,2065,2,15942,266283238,-4495,-6014
6003,2065,3,15943,267142231,2076,-811
6003,2066,0,15944,268001224,7464,-30
6003,2066,1,15945,268860217,1383,160
6003,2066,2,15946,269719210,-4082,2984
6003,2066,3,15947,270578203,5236,337
6003,2067,0,15948,271437196,7749,-3667
6003,2067,1,15949,272296189,5916,-1126
6003,2067,2,15950,273155182,9371,502
6003,2067,3,15951,274014175,1716,-3825
6003,2068,0,15952,274873168,-242,1161
6003,2068,1,15953,275732161,4922,4512
6003,2068,2,15954,276591154,-2013,-6475
6003,2068,3,15955,277450147,-4620,-4603
6003,2069,0,15956,278309140,-3776,3385
6003,2069,1,15957,279168133,-8668,1219
6003,2069,2,15958,280027126,-4467,1159
6003,2069,3,15959,280886119,2046,-2466
6003,2070,0,15960,281745112,610,-1455
6003,2070,1,15961,282604105,1411,4537
6003,2070,2,15962,283463098,3770,-1225
6003,2070,3,15963,284322091,2471,-2540
6003,2071,0,15964,285181084,-135,-1048
6003,2071,1,15965,286040077,-1067,-1121
6003,2071,2,15966,286899070,-1058,7414
6003,2071,3,15967,287758063,-2660,7536
6003,2072,0,15968,288617056,1993,1072
6003,2072,1,15969,289476049,6867,-835
6003,2072,2,15970,290335042,635,-2744
6003,2072,3,15971,291194035,91,-778
6003,2073,0,15972,292053028,2601,1137
6003,2073,1,15973,292912021,-1919,-2188
6003,2073,2,15974,293771014,-293,-5359
6003,2073,3,15975,294630007,71,-1102
6003,2074,0,15976,295489000,-1682,2434
6003,2074,1,15977,296347993,3600,-65
6003,2074,2,15978,297206986,2494,4059
6003,2074,3,15979,298065979,-1201,190
6003,2075,0,15980,298924972,3336,-5328
6003,2075,1,15981,299783965,1992,7046
6003,2075,2,15982,300642958,-7832,5338
6003,2075,3,15983,301501951,-2249,-2659
6003,2076,0,15984,302360944,9757,2622
6003,2076,1,15985,303219937,-2079,1678
6003,2076,2,15986,304078930,-9003,3003
6003,2076,3,15987,304937923,3812,5331
6003,2077,0,15988,305796916,2302,2649
6003,2077,1,15989,306655909,-4441,1500
6003,2077,2,15990,307514902,-3589,-2446
6003,2077,3,15991,308373895,-1043,-1047
6003,2078,0,15992,309232888,7515,265
6003,2078,1,15993,310091881,8750,182
6003,2078,2,15994,310950874,2978,4573
6003,2078,3,15995,311809867,1370,-333
6003,2079,0,15996,312668860,-693,-3333
6003,2079,1,15997,313527853,1100,-955
6003,2079,2,15998,314386846,2621,-4146
6003,2079,3,15999,315245839,-5036,-3148
6003,2080,0,16000,316104832,-10486,-346
6003,2080,1,16001,316963825,-4923,445
6003,2080,2,16002,317822818,443,1565
6003,2080,3,16003,318681811,-2304,1944
6003,2081,0,16004,319540804,-3328,3004
6003,2081,1,16005,320399797,-105,6544
6003,2081,2,16006,321258790,3709,9182
6003,2081,3,16007,322117783,1506,2211
6003,2082,0,16008,322976776,-9103,-769
6003,2082,1,16009,323835769,-7029,1586
6003,2082,2,16010,324694762,911,-3459
6003,2082,3,16011,325553755,-3527,1597
6003,2083,0,16012,326412748,-2599,7181
6003,2083,1,16013,327271741,333,2356
6003,2083,2,16014,328130734,-2095,1923
6003,2083,3,16015,328989727,1345,-1437
6003,2084,0,16016,329848720,1604,-3194
6003,2084,1,16017,330707713,-3117,-2810
6003,2084,2,16018,331566706,-2568,-2052
6003,2084,3,16019,332425699,1834,5895
6003,2085,0,16020,333284692,3064,1687
6003,2085,1,16021,334143685,2278,-3254
6003,2085,2,16022,335002678,5009,3221
6003,2085,3,16023,335861671,4913,-758
6003,2086,0,16024,336720664,3823,-6182
6003,2086,1,16025,337579657,1147,-3185
6003,2086,2,16026,338438650,-3612,-32
6003,2086,3,16027,339297643,4430,-642
6003,2087,0,16028,340156636,7002,51
6003,2087,1,16029,341015629,444,1263
6003,2087,2,16030,341874622,4487,-7479
6003,2087,3,16031,342733615,2166,-5407
6003,2088,0,16032,343592608,993,3201
6003,2088,1,16033,344451601,3779,-6298
6003,2088,2,16034,345310594,-1898,-5509
6003,2088,3,16035,346169587,3994,5925
6003,2089,0,16036,347028580,2131,6303
6003,2089,1,16037,347887573,-8513,3432
6003,2089,2,16038,348746566,-2488,-1409
6003,2089,3,16039,349605559,-4809,248
6003,2090,0,16040,350464552,-1403,922
6003,2090,1,16041,351323545,12446,-5964
6003,2090,2,16042,352182538,2660,1373
6003,2090,3,16043,353041531,-4500,5151
6003,2091,0,16044,353900524,-222,-4359
6003,2091,1,16045,354759517,132,-907
6003,2091,2,16046,355618510,4743,1953
6003,2091,3,16047,356477503,771,-5355
6003,2092,0,16048,357336496,-6979,-4493
6003,2092,1,16049,358195489,-3040,292
6003,2092,2,16050,359054482,-1412,2076
6003,2092,3,16051,359913475,-4682,-442
6003,2093,0,16052,360772468,-2317,-6596
6003,2093,1,16053,361631461,3844,-5531
6003,2093,2,16054,362490454,3323,-3795
6003,2093,3,16055,363349447,-886,-6145
6003,2094,0,16056,364208440,3350,-3479
6003,2094,1,16057,365067433,8591,-2418
6003,2094,2,16058,365926426,5384,-1666
6003,2094,3,16059,366785419,635,1674
6003,2095,0,16060,367644412,-1517,-1343
6003,2095,1,16061,368503405,-3705,-4973
6003,2095,2,16062,369362398,-4777,-3351
6003,2095,3,16063,370221391,-2586,-345
6003,2096,0,16064,371080384,892,-2266
6003,2096,1,16065,371939377,1911,-4960
6003,2096,2,16066,372798370,1788,-1117
6003,2096,3,16067,373657363,3671,-62
6003,2097,0,16068,374516356,656,-87
6003,2097,1,16069,375375349,-3202,327
6003,2097,2,16070,376234342,321,1380
6003,2097,3,16071,377093335,-739,7625
6003,2098,0,16072,377952328,-307,1705
6003,2098,1,16073,378811321,3789,-3372
6003,2098,2,16074,379670314,-1058,1179
6003,2098,3,16075,380529307,990,-4796
6003,2099,0,16076,381388300,3434,-1490
6003,2099,1,16077,382247293,-3311,1807
6003,2099,2,16078,383106286,-2396,-5951
6003,2099,3,16079,383965279,-3199,379
6003,2100,0,16080,384824272,-2977,628
6003,2100,1,16081,385683265,3514,-2693
6003,2100,2,16082,386542258,3043,827
6003,2100,3,16083,387401251,673,-5951
6003,2101,0,16084,388260244,-3254,-3746
6003,2101,1,16085,389119237,-2195,387
6003,2101,2,16086,389978230,2867,-3011
6003,2101,3,16087,390837223,404,1603
6003,2102,0,16088,391696216,833,-511
6003,2102,1,16089,392555209,-2490,-1323
6003,2102,2,16090,393414202,-4817,4069
6003,2102,3,16091,394273195,1473,906
6003,2103,0,16092,395132188,-2285,1649
6003,2103,1,16093,395991181,-3074,2464
6003,2103,2,16094,396850174,1786,2397
6003,2103,3,16095,397709167,1849,8628
6003,2104,0,16096,398568160,3106,5101
6003,2104,1,16097,399427153,-1165,-188
6003,2104,2,16098,400286146,-1698,1197
6003,2104,3,16099,401145139,1750,-2023
6003,2105,0,16100,402004132,865,343
6003,2105,1,16101,402863125,2639,6509
6003,2105,2,16102,403722118,-1293,696
6003,2105,3,16103,404581111,-3185,-4249
6003,2106,0,16104,405440104,-461,224
6003,2106,1,16105,406299097,-2624,-720
6003,2106,2,16106,407158090,0,-4916
6003,2106,3,16107,408017083,285,-342
6003,2107,0,16108,408876076,1155,160
6003,2107,1,16109,409735069,5792,-4092
6003,2107,2,16110,410594062,740,2436
6003,2107,3,16111,411453055,-597,1630
6003,2108,0,16112,412312048,2016,-6173
6003,2108,1,16113,413171041,-1201,-781
6003,2108,2,16114,414030034,-1946,1039
6003,2108,3,16115,414889027,-964,1561
6003,2109,0,16116,415748020,-2019,2172
6003,2109,1,16117,416607013,-5260,-6807
6003,2109,2,16118,417466006,-4218,-1861
6003,2109,3,16119,418324999,1288,2011
6003,2110,0,16120,419183992,1380,-2945
6003,2110,1,16121,420042985,-1485,4811
6003,2110,2,16122,420901978,-1632,2009
6003,2110,3,16123,421760971,1980,-3625
6003,2111,0,16124,422619964,3825,1482
6003,2111,1,16125,423478957,2185,2223
6003,2111,2,16126,424337950,-1020,3763
6003,2111,3,16127,425196943,-5059,-1265
6003,2112,0,16128,426055936,2542,-885
6003,2112,1,16129,426914929,8038,4316
6003,2112,2,16130,427773922,-1628,-3497
6003,2112,3,16131,428632915,-1348,608
6003,2113,0,16132,429491908,2575,1854
6003,2113,1,16133,430350901,-2915,-3669
6003,2113,2,16134,431209894,155,5524
6003,2113,3,16135,432068887,7919,4726
6003,2114,0,16136,432927880,2445,2934
6003,2114,1,16137,433786873,-6985,2871
6003,2114,2,16138,434645866,-2349,-4129
6003,2114,3,16139,435504859,3553,-1835
6003,2115,0,16140,436363852,2831,-3898
6003,2115,1,16141,437222845,5942,-1557
6003,2115,2,16142,438081838,4616,1088
6003,2115,3,16143,438940831,-1844,-9662
6003,2116,0,16144,439799824,-7093,-2745
6003,2116,1,16145,440658817,-4975,4099
6003,2116,2,16146,441517810,5402,-140
6003,2116,3,16147,442376803,4236,3394
6003,2117,0,16148,443235796,-1339,-52
6003,2117,1,16149,444094789,-882,-2512
6003,2117,2,16150,444953782,-1224,552
6003,2117,3,16151,445812775,2072,2151
6003,2118,0,16152,446671768,-168,3367
6003,2118,1,16153,447530761,-4959,-2320
6003,2118,2,16154,448389754,-4006,-2716
6003,2118,3,16155,449248747,-2706,-1644
6003,2119,0,16156,450107740,1767,-2840
6003,2119,1,16157,450966733,1658,3075
6003,2119,2,16158,451825726,3051,-1897
6003,2119,3,16159,452684719,4066,-3705
6003,2120,0,16160,453543712,-6297,7456
6003,2120,1,16161,454402705,-2762,1399
6003,2120,2,16162,455261698,6143,-4690
6003,2120,3,16163,456120691,2693,1645
6003,2121,0,16164,456979684,-164,-1516
6003,2121,1,16165,457838677,-3267,-776
6003,2121,2,16166,458697670,-2197,3278
6003,2121,3,16167,459556663,-2083,-3850
6003,2122,0,16168,460415656,-3880,437
6003,2122,1,16169,461274649,231,8975
6003,2122,2,16170,462133642,52,2738
6003,2122,3,16171,462992635,2338,1546
6003,2123,0,16172,463851628,448,2522
6003,2123,1,16173,464710621,-4928,-1293
6003,2123,2,16174,465569614,5248,-2045
6003,2123,3,16175,466428607,7736,-6758
6003,2124,0,16176,467287600,2183,-5266
6003,2124,1,16177,468146593,2939,2452
6003,2124,2,16178,469005586,434,-856
6003,2124,3,16179,469864579,-4,-3912
6003,2125,0,16180,470723572,-2614,-753
6003,2125,1,16181,471582565,-2478,1497
6003,2125,2,16182,472441558,3861,2838
6003,2125,3,16183,473300551,-1246,297
6003,2126,0,16184,474159544,-2592,-2898
6003,2126,1,16185,475018537,5270,-199
6003,2126,2,16186,475877530,2854,1513
6003,2126,3,16187,476736523,-315,-1605
6003,2127,0,16188,477595516,6711,131
6003,2127,1,16189,478454509,8217,3003
6003,2127,2,16190,479313502,1540,78
6003,2127,3,16191,480172495,5194,-255
6003,2128,0,16192,481031488,6680,4982
6003,2128,1,16193,481890481,-1243,9426
6003,2128,2,16194,482749474,1861,887
6003,2128,3,16195,483608467,968,-9855
6003,2129,0,16196,484467460,-5653,-4075
6003,2129,1,16197,485326453,1305,-1538
6003,2129,2,16198,486185446,3742,-4637
6003,2129,3,16199,487044439,-2322,-1236
6003,2130,0,16200,487903432,-4177,232
6003,2130,1,16201,488762425,-3209,1350
6003,2130,2,16202,489621418,2561,-1853
6003,2130,3,16203,490480411,5658,-3348
6003,2131,0,16204,491339404,-344,2643
6003,2131,1,16205,492198397,-1488,-385
6003,2131,2,16206,493057390,6526,-3458
6003,2131,3,16207,493916383,8748,-828
6003,2132,0,16208,494775376,4081,-164
6003,2132,1,16209,495634369,2994,304
6003,2132,2,16210,496493362,501,-1638
6003,2132,3,16211,497352355,-3882,-1285
6003,2133,0,16212,498211348,591,359
6003,2133,1,16213,499070341,4708,1500
6003,2133,2,16214,499929334,-1294,409
6003,2133,3,16215,500788327,-2154,-1987
6003,2134,0,16216,501647320,2349,6091
6003,2134,1,16217,502506313,1618,7445
6003,2134,2,16218,503365306,3677,887
6003,2134,3,16219,504224299,1193,-173
6003,2135,0,16220,505083292,-2408,-6227
6003,2135,1,16221,505942285,5722,-1915
6003,2135,2,16222,506801278,2875,8015
6003,2135,3,16223,507660271,-1465,5886
6003,2136,0,16224,508519264,3132,347
6003,2136,1,16225,509378257,-4970,-7366
6003,2136,2,16226,510237250,-4340,-1905
6003,2136,3,16227,511096243,5053,5173
6003,2137,0,16228,511955236,3691,1045
6003,2137,1,16229,512814229,2587,4110
6003,2137,2,16230,513673222,-416,-1928
6003,2137,3,16231,514532215,2780,-5698
6003,2138,0,16232,515391208,3540,1911
6003,2138,1,16233,516250201,-4944,-4182
6003,2138,2,16234,517109194,-268,-3093
6003,2138,3,16235,517968187,-4278,3249
6003,2139,0,16236,518827180,-7942,-659
6003,2139,1,16237,519686173,4020,-1444
6003,2139,2,16238,520545166,-2705,-3459
6003,2139,3,16239,521404159,-2219,-2518
6003,2140,0,16240,522263152,6766,705
6003,2140,1,16241,523122145,-4216,-2604
6003,2140,2,16242,523981138,-1571,-2783
6003,2140,3,16243,524840131,5202,2308
6003,2141,0,16244,525699124,47,2230
6003,2141,1,16245,526558117,2841,-4328
6003,2141,2,16246,527417110,1663,-2386
6003,2141,3,16247,528276103,-1208,-2196
6003,2142,0,16248,529135096,1242,-6483
6003,2142,1,16249,529994089,-736,4509
6003,2142,2,16250,530853082,-1713,1307
6003,2142,3,16251,531712075,-1892,-11794
6003,2143,0,16252,532571068,-3880,-3301
6003,2143,1,16253,533430061,-4116,225
6003,2143,2,16254,534289054,-3516,-231
6003,2143,3,16255,535148047,-4767,2279
6003,2144,0,16256,536007040,-1860,-962
6003,2144,1,16257,536866033,11088,2049
6003,2144,2,16258,537725026,11609,-584
6003,2144,3,16259,538584019,-2154,-3989
6003,2145,0,16260,539443012,429,2381
6003,2145,1,16261,540302005,4984,3053
6003,2145,2,16262,541160998,-5023,3492
6003,2145,3,16263,542019991,-7715,1489
6003,2146,0,16264,542878984,-3678,1674
6003,2146,1,16265,543737977,-1177,9594
6003,2146,2,16266,544596970,1746,1369
6003,2146,3,16267,545455963,-3703,-5487
6003,2147,0,16268,546314956,-9223,3755
6003,2147,1,16269,547173949,-1134,3343
6003,2147,2,16270,548032942,5743,70
6003,2147,3,16271,548891935,3060,2216
6003,2148,0,16272,549750928,2397,1749
6003,2148,1,16273,550609921,2283,525
6003,2148,2,16274,551468914,-2559,-2630
6003,2148,3,16275,552327907,-3908,-2055
6003,2149,0,16276,553186900,-699,-703
6003,2149,1,16277,554045893,3612,-5605
6003,2149,2,16278,554904886,8442,-4024
6003,2149,3,16279,555763879,3962,298
6003,2150,0,16280,556622872,-4838,-2296
6003,2150,1,16281,557481865,-4501,-4444
6003,2150,2,16282,558340858,-4847,-4754
6003,2150,3,16283,559199851,-4472,-2658
6003,2151,0,16284,560058844,2481,780
6003,2151,1,16285,560917837,-1093,1140
6003,2151,2,16286,561776830,-7554,1467
6003,2151,3,16287,562635823,-1432,3579
6003,2152,0,16288,563494816,-17,2785
6003,2152,1,16289,564353809,-4881,-1628
6003,2152,2,16290,565212802,-3139,-380
6003,2152,3,16291,566071795,-1920,2997
6003,2153,0,16292,566930788,-1644,2059
6003,2153,1,16293,567789781,-1148,3137
6003,2153,2,16294,568648774,-4627,370
6003,2153,3,16295,569507767,-814,-332
6003,2154,0,16296,570366760,2900,5665
6003,2154,1,16297,571225753,-3642,3236
6003,2154,2,16298,572084746,-148,1764
6003,2154,3,16299,572943739,4052,3895
6003,2155,0,16300,573802732,-3342,3810
6003,2155,1,16301,574661725,295,2117
6003,2155,2,16302,575520718,4673,-8617
6003,2155,3,16303,576379711,-2641,-8123
6003,2156,0,16304,577238704,-1214,2881
6003,2156,1,16305,578097697,4063,594
6003,2156,2,16306,578956690,-1517,-2686
6003,2156,3,16307,579815683,-4582,-509
6003,2157,0,16308,580674676,4019,5402
6003,2157,1,16309,581533669,8031,6390
6003,2157,2,16310,582392662,4691,-1421
6003,2157,3,16311,583251655,3412,-2691
6003,2158,0,16312,584110648,-3392,-1611
6003,2158,1,16313,584969641,-5724,3003
6003,2158,2,16314,585828634,2530,2536
6003,2158,3,16315,586687627,3891,-6924
6003,2159,0,16316,587546620,4643,-2237
6003,2159,1,16317,588405613,6379,375
6003,2159,2,16318,589264606,4170,1852
6003,2159,3,16319,590123599,4224,6846
6003,2160,0,16320,590982592,1588,-3068
6003,2160,1,16321,591841585,3558,-1575
6003,2160,2,16322,592700578,4981,1242
6003,2160,3,16323,593559571,-3134,-6930
6003,2161,0,16324,594418564,671,839
6003,2161,1,16325,595277557,4163,4517
6003,2161,2,16326,596136550,-3171,-960
6003,2161,3,16327,596995543,-249,241
6003,2162,0,16328,597854536,94,3382
6003,2162,1,16329,598713529,-5307,533
6003,2162,2,16330,599572522,-508,-5536
6003,2162,3,16331,600431515,3544,1485
6003,2163,0,16332,601290508,2204,2652
6003,2163,1,16333,602149501,1295,2
6003,2163,2,16334,603008494,672,7155
6003,2163,3,16335,603867487,-1067,-2500
6003,2164,0,16336,604726480,-4418,-3907
6003,2164,1,16337,605585473,-2089,5127
6003,2164,2,16338,606444466,1528,-4913
6003,2164,3,16339,607303459,-831,-7758
6003,2165,0,16340,608162452,4211,-4420
6003,2165,1,16341,609021445,8797,-1329
6003,2165,2,16342,609880438,1093,4725
6003,2165,3,16343,610739431,2218,2820
6003,2166,0,16344,611598424,3995,263
6003,2166,1,16345,612457417,-6799,-1496
6003,2166,2,16346,613316410,-5032,3633
6003,2166,3,16347,614175403,2330,3972
6003,2167,0,16348,615034396,96,-2575
6003,2167,1,16349,615893389,316,7031
6003,2167,2,16350,616752382,-374,4433
6003,2167,3,16351,617611375,-1199,-4022
6003,2168,0,16352,618470368,518,3661
6003,2168,1,16353,619329361,-123,2433
6003,2168,2,16354,620188354,375,5185
6003,2168,3,16355,621047347,-1748,9650
6003,2169,0,16356,621906340,6,3625
6003,2169,1,16357,622765333,6616,1859
6003,2169,2,16358,623624326,911,-3300
6003,2169,3,16359,624483319,-7252,-4878
6003,2170,0,16360,625342312,-8885,2084
6003,2170,1,16361,626201305,-8390,5260
6003,2170,2,16362,627060298,-1809,3162
6003,2170,3,16363,627919291,2039,-839
6003,2171,0,16364,628778284,-201,2416
6003,2171,1,16365,629637277,-738,5502
6003,2171,2,16366,630496270,-1851,3787
6003,2171,3,16367,631355263,-1789,2570
6003,2172,0,16368,632214256,2263,516
6003,2172,1,16369,633073249,5174,2260
6003,2172,2,16370,633932242,3317,4694
6003,2172,3,16371,634791235,-858,6307
6003,2173,0,16372,635650228,-1882,1922
6003,2173,1,16373,636509221,-667,-1443
6003,2173,2,16374,637368214,-2087,7194
6003,2173,3,16375,638227207,-2219,3541
6003,2174,0,16376,639086200,2513,1368
6003,2174,1,16377,639945193,2292,6590
6003,2174,2,16378,640804186,-4828,-1955
6003,2174,3,16379,641663179,-5305,2663
6003,2175,0,16380,642522172,1085,3180
6003,2175,1,16381,643381165,2607,-6432
6003,2175,2,16382,644240158,1585,848
6003,2175,3,16383,645099151,4161,-2181
6003,2176,0,16384,645958144,1398,925
6003,2176,1,16385,646817137,-2832,8850
6003,2176,2,16386,647676130,2051,-2873
6003,2176,3,16387,648535123,649,2509
6003,2177,0,16388,649394116,-1499,6718
6003,2177,1,16389,650253109,6349,-951
6003,2177,2,16390,651112102,2015,2101
6003,2177,3,16391,651971095,-3002,-3598
6003,2178,0,16392,652830088,1927,-1769
6003,2178,1,16393,653689081,-2647,5605
6003,2178,2,16394,654548074,-3644,-5980
6003,2178,3,16395,655407067,1520,-9483
6003,2179,0,16396,656266060,559,1023
6003,2179,1,16397,657125053,24,5514
6003,2179,2,16398,657984046,-780,-266
6003,2179,3,16399,658843039,521,-3980
6003,2180,0,16400,659702032,-854,-1509
6003,2180,1,16401,660561025,-3305,-2157
6003,2180,2,16402,661420018,5050,1939
6003,2180,3,16403,662279011,3648,778
6003,2181,0,16404,663138004,-4879,-7515
6003,2181,1,16405,663996997,-1332,-2828
6003,2181,2,16406,664855990,-565,-3721
6003,2181,3,16407,665714983,-3051,-6111
6003,2182,0,16408,666573976,-5753,4494
6003,2182,1,16409,667432969,-6459,5184
6003,2182,2,16410,668291962,3843,5413
6003,2182,3,16411,669150955,5606,9205
6003,2183,0,16412,670009948,-1307,154
6003,2183,1,16413,670868941,1403,-5910
6003,2183,2,16414,671727934,3821,-5121
6003,2183,3,16415,672586927,2997,-2561
6003,2184,0,16416,673445920,1271,3746
6003,2184,1,16417,674304913,-2675,2561
6003,2184,2,16418,675163906,-2469,-395
6003,2184,3,16419,676022899,-708,2871
6003,2185,0,16420,676881892,1830,-492
6003,2185,1,16421,677740885,3951,-3011
6003,2185,2,16422,678599878,-1779,6613
6003,2185,3,16423,679458871,-5924,6564
6003,2186,0,16424,680317864,-2291,-1056
6003,2186,1,16425,681176857,-854,7585
6003,2186,2,16426,682035850,-880,9052
6003,2186,3,16427,682894843,673,-3284
6003,2187,0,16428,683753836,-1415,-4131
6003,2187,1,16429,684612829,-1504,-4806
6003,2187,2,16430,685471822,4715,-3004
6003,2187,3,16431,686330815,5304,3956
6003,2188,0,16432,687189808,-1688,-230
6003,2188,1,16433,688048801,-5405,-645
6003,2188,2,16434,688907794,-1104,153
6003,2188,3,16435,689766787,3036,1380
6003,2189,0,16436,690625780,-3625,8787
6003,2189,1,16437,691484773,-6307,1369
6003,2189,2,16438,692343766,-140,1625
6003,2189,3,16439,693202759,-3686,7543
6003,2190,0,16440,694061752,-2384,-5160
6003,2190,1,16441,694920745,3984,-203
6003,2190,2,16442,695779738,-4647,8021
6003,2190,3,16443,696638731,-4138,-2771
6003,2191,0,16444,697497724,5444,-4568
6003,2191,1,16445,698356717,1784,-4422
6003,2191,2,16446,699215710,-1237,-4821
6003,2191,3,16447,700074703,-554,-3072
6003,2192,0,16448,700933696,-129,-1317
6003,2192,1,16449,701792689,1116,5070
6003,2192,2,16450,702651682,60,-1424
6003,2192,3,16451,703510675,3086,-7531
6003,2193,0,16452,704369668,5798,-466
6003,2193,1,16453,705228661,2524,-2525
6003,2193,2,16454,706087654,-925,-5776
6003,2193,3,16455,706946647,-827,-825
6003,2194,0,16456,707805640,-94,1511
6003,2194,1,16457,708664633,-3107,-1745
6003,2194,2,16458,709523626,-873,-2634
6003,2194,3,16459,710382619,-388,2398
6003,2195,0,16460,711241612,-4773,4150
6003,2195,1,16461,712100605,2969,4446
6003,2195,2,16462,712959598,3609,3112
6003,2195,3,16463,713818591,-1969,67
6003,2196,0,16464,714677584,2335,2673
6003,2196,1,16465,715536577,-3049,1675
6003,2196,2,16466,716395570,-5401,-2318
6003,2196,3,16467,717254563,-1638,-4677
6003,2197,0,16468,718113556,-4331,-6419
6003,2197,1,16469,718972549,1052,-1769
6003,2197,2,16470,719831542,-31,-1239
6003,2197,3,16471,720690535,-5999,-6084
6003,2198,0,16472,721549528,-2710,-1979
6003,2198,1,16473,722408521,-4367,4634
6003,2198,2,16474,723267514,-4451,-1488
6003,2198,3,16475,724126507,-1999,-8607
6003,2199,0,16476,724985500,212,-45
6003,2199,1,16477,725844493,2281,-336
6003,2199,2,16478,726703486,-1819,-8107
6003,2199,3,16479,727562479,2617,433
6003,2200,0,16480,728421472,3126,1727
6003,2200,1,16481,729280465,-6094,-1807
6003,2200,2,16482,730139458,-2725,1115
6003,2200,3,16483,730998451,-3037,-1170
6003,2201,0,16484,731857444,-4202,4820
6003,2201,1,16485,732716437,3551,6170
6003,2201,2,16486,733575430,-212,-3573
6003,2201,3,16487,734434423,-3955,-92
6003,2202,0,16488,735293416,-1866,2570
6003,2202,1,16489,736152409,-3180,-2152
6003,2202,2,16490,737011402,-287,-2744
6003,2202,3,16491,737870395,415,-3684
6003,2203,0,16492,738729388,1102,-1502
6003,2203,1,16493,739588381,7206,1153
6003,2203,2,16494,740447374,3357,-3338
6003,2203,3,16495,741306367,167,-1972
6003,2204,0,16496,742165360,5813,3473
6003,2204,1,16497,743024353,-338,-2553
6003,2204,2,16498,743883346,-3694,-2685
6003,2204,3,16499,744742339,4181,2258
6003,2205,0,16500,745601332,-212,-3422
6003,2205,1,16501,746460325,-3668,4822
6003,2205,2,16502,747319318,-1621,13958
6003,2205,3,16503,748178311,-1229,1547
6003,2206,0,16504,749037304,7775,-6265
6003,2206,1,16505,749896297,3453,-4589
6003,2206,2,16506,750755290,-4932,2706
6003,2206,3,16507,751614283,5783,4050
6003,2207,0,16508,752473276,4265,-2226
6003,2207,1,16509,753332269,-3096,6682
6003,2207,2,16510,754191262,1069,5007
6003,2207,3,16511,755050255,833,-7810
6003,2208,0,16512,755909248,233,-881
6003,2208,1,16513,756768241,-1393,2533
6003,2208,2,16514,757627234,-1809,-3593
6003,2208,3,16515,758486227,4498,-2735
6003,2209,0,16516,759345220,2594,1973
6003,2209,1,16517,760204213,-5941,708
6003,2209,2,16518,761063206,-5416,-2858
6003,2209,3,16519,761922199,4400,3720
6003,2210,0,16520,762781192,3834,721
6003,2210,1,16521,763640185,-6831,-6797
6003,2210,2,16522,764499178,-5651,2161
6003,2210,3,16523,765358171,-918,2155
6003,2211,0,16524,766217164,1888,-4655
6003,2211,1,16525,767076157,5459,-589
6003,2211,2,16526,767935150,2651,6082
6003,2211,3,16527,768794143,3695,7177
6003,2212,0,16528,769653136,1747,422
6003,2212,1,16529,770512129,-5147,-1804
6003,2212,2,16530,771371122,2804,-2371
6003,2212,3,16531,772230115,5981,-1399
6003,2213,0,16532,773089108,-4561,6613
6003,2213,1,16533,773948101,-5770,1882
6003,2213,2,16534,774807094,194,-3090
6003,2213,3,16535,775666087,4047,2075
6003,2214,0,16536,776525080,2498,655
6003,2214,1,16537,777384073,-160,1185
6003,2214,2,16538,778243066,2953,3036
6003,2214,3,16539,779102059,212,1740
6003,2215,0,16540,779961052,-3265,2564
6003,2215,1,16541,780820045,5713,3625
6003,2215,2,16542,781679038,9086,4635
6003,2215,3,16543,782538031,-451,2249
6003,2216,0,16544,783397024,-8323,1053
6003,2216,1,16545,784256017,-5627,-259
6003,2216,2,16546,785115010,2285,-2251
6003,2216,3,16547,785974003,2072,2707
6003,2217,0,16548,786832996,3834,-139
6003,2217,1,16549,787691989,7151,-3663
6003,2217,2,16550,788550982,-2073,4075
6003,2217,3,16551,789409975,-1611,1600
6003,2218,0,16552,790268968,4951,-5525
6003,2218,1,16553,791127961,2049,-1682
6003,2218,2,16554,791986954,5185,3179
6003,2218,3,16555,792845947,2730,23
6003,2219,0,16556,793704940,-1091,-4537
6003,2219,1,16557,794563933,2226,-2751
6003,2219,2,16558,795422926,-7234,-1826
6003,2219,3,16559,796281919,-8303,-131
6003,2220,0,16560,797140912,-55,2883
6003,2220,1,16561,797999905,-3174,-253
6003,2220,2,16562,798858898,210,-333
6003,2220,3,16563,799717891,1338,530
6003,2221,0,16564,800576884,-3637,-3282
6003,2221,1,16565,801435877,3149,-2796
6003,2221,2,16566,802294870,6612,-903
6003,2221,3,16567,803153863,2164,-3588
6003,2222,0,16568,804012856,-787,-5893
6003,2222,1,16569,804871849,-2783,-1137
6003,2222,2,16570,805730842,390,3979
6003,2222,3,16571,806589835,848,2562
6003,2223,0,16572,807448828,-4968,125
6003,2223,1,16573,808307821,213,-4097
6003,2223,2,16574,809166814,6222,-5862
6003,2223,3,16575,810025807,-676,-70
6003,2224,0,16576,810884800,-805,5653
6003,2224,1,16577,811743793,1439,6312
6003,2224,2,16578,812602786,-738,2005
6003,2224,3,16579,813461779,558,2560
6003,2225,0,16580,814320772,-7438,6137
6003,2225,1,16581,815179765,-9620,-31
6003,2225,2,16582,816038758,-1640,-5633
6003,2225,3,16583,816897751,-184,-4041
6003,2226,0,16584,817756744,6904,-3174
6003,2226,1,16585,818615737,2251,-5458
6003,2226,2,16586,819474730,-6180,-4025
6003,2226,3,16587,820333723,3725,3221
6003,2227,0,16588,821192716,1416,636
6003,2227,1,16589,822051709,934,-4517
6003,2227,2,16590,822910702,4772,998
6003,2227,3,16591,823769695,-6037,1619
6003,2228,0,16592,824628688,-1616,431
6003,2228,1,16593,825487681,6953,3070
6003,2228,2,16594,826346674,5269,1086
6003,2228,3,16595,827205667,2145,81
6003,2229,0,16596,828064660,-4807,-74
6003,2229,1,16597,828923653,-592,-232
6003,2229,2,16598,829782646,1318,2583
6003,2229,3,16599,830641639,-4537,3467
6003,2230,0,16600,831500632,2454,1440
6003,2230,1,16601,832359625,6744,-3203
6003,2230,2,16602,833218618,-640,-2723
6003,2230,3,16603,834077611,-4283,4829
6003,2231,0,16604,834936604,395,3939
6003,2231,1,16605,835795597,-1445,45
6003,2231,2,16606,836654590,-1334,1275
6003,2231,3,16607,837513583,8033,-1548
6003,2232,0,16608,838372576,-614,1469
6003,2232,1,16609,839231569,-1922,6959
6003,2232,2,16610,840090562,7785,-1402
6003,2232,3,16611,840949555,-1175,-1713
6003,2233,0,16612,841808548,5644,6493
6003,2233,1,16613,842667541,9667,1934
6003,2233,2,16614,843526534,-1948,894
6003,2233,3,16615,844385527,5562,3013
6003,2234,0,16616,845244520,1776,-217
6003,2234,1,16617,846103513,-4020,3126
6003,2234,2,16618,846962506,3115,2728
6003,2234,3,16619,847821499,-2085,-1800
6003,2235,0,16620,848680492,-1811,1100
6003,2235,1,16621,849539485,814,2982
6003,2235,2,16622,850398478,4906,2513
6003,2235,3,16623,851257471,9752,3227
6003,2236,0,16624,852116464,-3197,1955
6003,2236,1,16625,852975457,-3381,-4071
6003,2236,2,16626,853834450,2881,-4081
6003,2236,3,16627,854693443,-3521,6613
6003,2237,0,16628,855552436,2003,5917
6003,2237,1,16629,856411429,4541,-463
6003,2237,2,16630,857270422,-2644,4639
6003,2237,3,16631,858129415,-5524,7739
6003,2238,0,16632,858988408,-5465,4933
6003,2238,1,16633,859847401,3675,-506
6003,2238,2,16634,860706394,5866,-2303
6003,2238,3,16635,861565387,-4113,2021
6003,2239,0,16636,862424380,-3256,64
6003,2239,1,16637,863283373,-82,-432
6003,2239,2,16638,864142366,-4844,2809
6003,2239,3,16639,865001359,-5090,720
6003,2240,0,16640,865860352,482,809
6003,2240,1,16641,866719345,3880,132
6003,2240,2,16642,867578338,2551,-1611
6003,2240,3,16643,868437331,2250,-1097
6003,2241,0,16644,869296324,3898,-6193
6003,2241,1,16645,870155317,791,-5598
6003,2241,2,16646,871014310,-2460,5063
6003,2241,3,16647,871873303,-3581,4398
6003,2242,0,16648,872732296,-2993,-2687
6003,2242,1,16649,873591289,5740,1946
6003,2242,2,16650,874450282,9829,3868
6003,2242,3,16651,875309275,2559,-2626
6003,2243,0,16652,876168268,-1777,-3323
6003,2243,1,16653,877027261,1092,-2791
6003,2243,2,16654,877886254,7568,-1518
6003,2243,3,16655,878745247,5626,7
6003,2244,0,16656,879604240,1545,-2379
6003,2244,1,16657,880463233,6787,811
6003,2244,2,16658,881322226,2583,-346
6003,2244,3,16659,882181219,-4555,-4866
6003,2245,0,16660,883040212,-2967,-917
6003,2245,1,16661,883899205,-478,-3957
6003,2245,2,16662,884758198,3182,-3904
6003,2245,3,16663,885617191,-2811,3908
6003,2246,0,16664,886476184,-4085,-1341
6003,2246,1,16665,887335177,5535,-6109
6003,2246,2,16666,888194170,1730,-1367
6003,2246,3,16667,889053163,978,3450
6003,2247,0,16668,889912156,2223,4169
6003,2247,1,16669,890771149,-6016,-1070
6003,2247,2,16670,891630142,-2783,-4015
6003,2247,3,16671,892489135,4736,-4472
6003,2248,0,16672,893348128,4324,35
6003,2248,1,16673,894207121,807,8122
6003,2248,2,16674,895066114,4433,2243
6003,2248,3,16675,895925107,7555,-879
6003,2249,0,16676,896784100,-4080,10743
6003,2249,1,16677,897643093,-3390,11042
6003,2249,2,16678,898502086,2986,2943
6003,2249,3,16679,899361079,-3273,-649
6003,2250,0,16680,900220072,649,-3897
6003,2250,1,16681,901079065,826,376
6003,2250,2,16682,901938058,-4154,3773
6003,2250,3,16683,902797051,1500,-2698
6003,2251,0,16684,903656044,2512,-1349
6003,2251,1,16685,904515037,2503,1389
6003,2251,2,16686,905374030,2180,-1330
6003,2251,3,16687,906233023,-1195,2570
6003,2252,0,16688,907092016,-1765,-612
6003,2252,1,16689,907951009,-2999,-5416
6003,2252,2,16690,908810002,550,2092
6003,2252,3,16691,909668995,3740,2760
6003,2253,0,16692,910527988,1078,-1401
6003,2253,1,16693,911386981,354,-2974
6003,2253,2,16694,912245974,1524,-3375
6003,2253,3,16695,913104967,1998,642
6003,2254,0,16696,913963960,24,-1165
6003,2254,1,16697,914822953,347,-2689
6003,2254,2,16698,915681946,-505,-431
6003,2254,3,16699,916540939,-1194,-1737
6003,2255,0,16700,917399932,5356,364
6003,2255,1,16701,918258925,2101,-1632
6003,2255,2,16702,919117918,-1857,-2607
6003,2255,3,16703,919976911,2639,2730
6003,2256,0,16704,920835904,-3313,215
6003,2256,1,16705,921694897,-5769,1911
6003,2256,2,16706,922553890,1060,3398
6003,2256,3,16707,923412883,4540,-4733
6003,2257,0,16708,924271876,4269,-4552
6003,2257,1,16709,925130869,1589,-2324
6003,2257,2,16710,925989862,4613,-214
6003,2257,3,16711,926848855,4100,5787
6003,2258,0,16712,927707848,-1771,2158
6003,2258,1,16713,928566841,-402,-2831
6003,2258,2,16714,929425834,-10,-475
6003,2258,3,16715,930284827,2016,1024
6003,2259,0,16716,931143820,5101,2170
6003,2259,1,16717,932002813,2396,5004
6003,2259,2,16718,932861806,1948,4913
6003,2259,3,16719,933720799,-895,-393
6003,2260,0,16720,934579792,-4691,-3423
6003,2260,1,16721,935438785,21,350
6003,2260,2,16722,936297778,3319,2377
6003,2260,3,16723,937156771,-1822,-1385
6003,2261,0,16724,938015764,-474,-3457
6003,2261,1,16725,938874757,7226,-1388
6003,2261,2,16726,939733750,62,-199
6003,2261,3,16727,940592743,-4885,-1132
6003,2262,0,16728,941451736,2842,-2215
6003,2262,1,16729,942310729,168,-850
6003,2262,2,16730,943169722,-1788,216
6003,2262,3,16731,944028715,1055,-192
6003,2263,0,16732,944887708,136,1573
6003,2263,1,16733,945746701,3288,-1203
6003,2263,2,16734,946605694,2027,-1732
6003,2263,3,16735,947464687,-1866,4564
6003,2264,0,16736,948323680,-4016,1098
6003,2264,1,16737,949182673,-5818,167
6003,2264,2,16738,950041666,-423,1845
6003,2264,3,16739,950900659,1481,-9820
6003,2265,0,16740,951759652,24,-9007
6003,2265,1,16741,952618645,-932,3148
6003,2265,2,16742,953477638,-4597,4715
6003,2265,3,16743,954336631,1634,3250
6003,2266,0,16744,955195624,6398,-1695
6003,2266,1,16745,956054617,-18,-4320
6003,2266,2,16746,956913610,-857,824
6003,2266,3,16747,957772603,-275,461
6003,2267,0,16748,958631596,-4369,-2826
6003,2267,1,16749,959490589,-2786,-720
6003,2267,2,16750,960349582,1985,880
6003,2267,3,16751,961208575,43,-3766
6003,2268,0,16752,962067568,1130,-6257
6003,2268,1,16753,962926561,6466,-214
6003,2268,2,16754,963785554,1074,2280
6003,2268,3,16755,964644547,-412,-3884
6003,2269,0,16756,965503540,5821,-3451
6003,2269,1,16757,966362533,2629,5714
6003,2269,2,16758,967221526,999,2784
6003,2269,3,16759,968080519,1779,-3438
6003,2270,0,16760,968939512,-2739,3868
6003,2270,1,16761,969798505,-3487,4630
6003,2270,2,16762,970657498,-407,3947
6003,2270,3,16763,971516491,260,8864
6003,2271,0,16764,972375484,-4688,-102
6003,2271,1,16765,973234477,-4690,-7396
6003,2271,2,16766,974093470,3720,-3943
6003,2271,3,16767,974952463,2217,-350
6003,2272,0,16768,975811456,-3948,2690
6003,2272,1,16769,976670449,-418,-1137
6003,2272,2,16770,977529442,4291,-3027
6003,2272,3,16771,978388435,633,383
6003,2273,0,16772,979247428,-5101,204
6003,2273,1,16773,980106421,-652,-206
6003,2273,2,16774,980965414,5370,-212
6003,2273,3,16775,981824407,4585,1882
6003,2274,0,16776,982683400,3091,634
6003,2274,1,16777,983542393,-2588,-3154
6003,2274,2,16778,984401386,-4580,-2066
6003,2274,3,16779,985260379,2289,-5328
6003,2275,0,16780,986119372,1420,-3837
6003,2275,1,16781,986978365,-2930,2645
6003,2275,2,16782,987837358,589,-2811
6003,2275,3,16783,988696351,2139,-5211
6003,2276,0,16784,989555344,-2739,1515
6003,2276,1,16785,990414337,-3638,2467
6003,2276,2,16786,991273330,486,-2730
6003,2276,3,16787,992132323,-607,-3625
6003,2277,0,16788,992991316,-1377,-253
6003,2277,1,16789,993850309,1677,-302
6003,2277,2,16790,994709302,-884,370
6003,2277,3,16791,995568295,-2039,-3090
6003,2278,0,16792,996427288,-2362,-7511
6003,2278,1,16793,997286281,-5616,-286
6003,2278,2,16794,998145274,970,1056
6003,2278,3,16795,999004267,5333,-2825
6003,2279,0,16796,999863260,1753,-51
6003,2279,1,16797,1000722253,1699,-1628
6003,2279,2,16798,1001581246,-6214,-3302
6003,2279,3,16799,1002440239,-6806,-1946
6003,2280,0,16800,1003299232,8195,-3347
6003,2280,1,16801,1004158225,3994,-5184
6003,2280,2,16802,1005017218,-5899,-3410
6003,2280,3,16803,1005876211,680,1467
6003,2281,0,16804,1006735204,2025,1919
6003,2281,1,16805,1007594197,-1095,3716
6003,2281,2,16806,1008453190,1413,7262
6003,2281,3,16807,1009312183,2636,1270
6003,2282,0,16808,1010171176,1354,-5242
6003,2282,1,16809,1011030169,625,-2752
6003,2282,2,16810,1011889162,-1857,4026
6003,2282,3,16811,1012748155,-4454,2409
6003,2283,0,16812,1013607148,1784,-4620
6003,2283,1,16813,1014466141,3658,-2017
6003,2283,2,16814,1015325134,-2141,-814
6003,2283,3,16815,1016184127,3155,-4817
6003,2284,0,16816,1017043120,2625,-5116
6003,2284,1,16817,1017902113,-4831,-3032
6003,2284,2,16818,1018761106,-3195,1527
6003,2284,3,16819,1019620099,-4536,2721
6003,2285,0,16820,1020479092,227,4183
6003,2285,1,16821,1021338085,3536,3280
6003,2285,2,16822,1022197078,-2266,-5116
6003,2285,3,16823,1023056071,5920,-369
6003,2286,0,16824,1023915064,5690,4691
6003,2286,1,16825,1024774057,-2,-3787
6003,2286,2,16826,1025633050,7199,-906
6003,2286,3,16827,1026492043,-1292,3581
6003,2287,0,16828,1027351036,-4150,-3314
6003,2287,1,16829,1028210029,4996,-3241
6003,2287,2,16830,1029069022,-1022,-77
6003,2287,3,16831,1029928015,353,-4251
6003,2288,0,16832,1030787008,1283,-4366
6003,2288,1,16833,1031646001,-3719,-1360
6003,2288,2,16834,1032504994,3874,-1986
6003,2288,3,16835,1033363987,1422,3467
6003,2289,0,16836,1034222980,-3699,6597
6003,2289,1,16837,1035081973,-224,2311
6003,2289,2,16838,1035940966,-4031,6703
6003,2289,3,16839,1036799959,-2343,10299
6003,2290,0,16840,1037658952,-129,3227
6003,2290,1,16841,1038517945,-1078,-2305
6003,2290,2,16842,1039376938,6429,1972
6003,2290,3,16843,1040235931,3684,6065
6003,2291,0,16844,1041094924,-1286,-323
6003,2291,1,16845,1041953917,3886,-767
6003,2291,2,16846,1042812910,-194,2955
6003,2291,3,16847,1043671903,-4202,1976
6003,2292,0,16848,1044530896,-3689,5553
6003,2292,1,16849,1045389889,-7600,461
6003,2292,2,16850,1046248882,-3508,-5531
6003,2292,3,16851,1047107875,1369,-453
6003,2293,0,16852,1047966868,129,-890
6003,2293,1,16853,1048825861,2639,-3546
6003,2293,2,16854,1049684854,3677,-4991
6003,2293,3,16855,1050543847,3745,-912
6003,2294,0,16856,1051402840,2244,2249
6003,2294,1,16857,1052261833,-3265,-3339
6003,2294,2,16858,1053120826,-2782,2542
6003,2294,3,16859,1053979819,-3601,4933
6003,2295,0,16860,1054838812,-4278,923
6003,2295,1,16861,1055697805,6193,2922
6003,2295,2,16862,1056556798,7430,-3929
6003,2295,3,16863,1057415791,-2089,1777
6003,2296,0,16864,1058274784,-2392,7323
6003,2296,1,16865,1059133777,-1748,-4827
6003,2296,2,16866,1059992770,-3995,17
6003,2296,3,16867,1060851763,-842,3550
6003,2297,0,16868,1061710756,914,-3532
6003,2297,1,16869,1062569749,-317,-3705
6003,2297,2,16870,1063428742,2122,-2238
6003,2297,3,16871,1064287735,4404,2108
6003,2298,0,16872,1065146728,2827,-2400
6003,2298,1,16873,1066005721,1237,-1338
6003,2298,2,16874,1066864714,2614,6867
6003,2298,3,16875,1067723707,2886,-2267
6003,2299,0,16876,1068582700,-316,-1793
6003,2299,1,16877,1069441693,2092,1720
6003,2299,2,16878,1070300686,5529,-3129
6003,2299,3,16879,1071159679,1708,5886
6003,2300,0,16880,1072018672,1802,6889
6003,2300,1,16881,1072877665,1325,2052
6003,2300,2,16882,1073736658,-692,4934
6003,2300,3,16883,1074595651,1209,401
6003,2301,0,16884,1075454644,-8006,-2785
6003,2301,1,16885,1076313637,-9084,236
6003,2301,2,16886,1077172630,4885,647
6003,2301,3,16887,1078031623,-181,-5020
6003,2302,0,16888,1078890616,-7912,-5583
6003,2302,1,16889,1079749609,-1046,2421
6003,2302,2,16890,1080608602,2775,271
6003,2302,3,16891,1081467595,-483,-2159
6003,2303,0,16892,1082326588,-5472,2200
6003,2303,1,16893,1083185581,-164,1028
6003,2303,2,16894,1084044574,3758,-446
6003,2303,3,16895,1084903567,-2328,-1214
6003,2304,0,16896,1085762560,-219,-746
6003,2304,1,16897,1086621553,-960,-708
6003,2304,2,16898,1087480546,-5231,204
6003,2304,3,16899,1088339539,-796,5118
6003,2305,0,16900,1089198532,715,1419
6003,2305,1,16901,1090057525,664,-32
6003,2305,2,16902,1090916518,1124,2598
6003,2305,3,16903,1091775511,665,-3445
6003,2306,0,16904,1092634504,-820,-500
6003,2306,1,16905,1093493497,-2621,5382
6003,2306,2,16906,1094352490,1871,995
6003,2306,3,16907,1095211483,310,-2735
6003,2307,0,16908,1096070476,-2741,381
6003,2307,1,16909,1096929469,4702,8026
6003,2307,2,16910,1097788462,5363,1381
6003,2307,3,16911,1098647455,-143,-5362
6003,2308,0,16912,1099506448,-867,8202
6003,2308,1,16913,1100365441,2217,8902
6003,2308,2,16914,1101224434,114,-1000
6003,2308,3,16915,1102083427,-4960,297
6003,2309,0,16916,1102942420,-2079,-1186
6003,2309,1,16917,1103801413,-6282,-2284
6003,2309,2,16918,1104660406,-6459,-1828
6003,2309,3,16919,1105519399,3245,-5270
6003,2310,0,16920,1106378392,-1231,-2554
6003,2310,1,16921,1107237385,1183,486
6003,2310,2,16922,1108096378,3037,-2558
6003,2310,3,16923,1108955371,-6591,-3106
6003,2311,0,16924,1109814364,673,-1204
6003,2311,1,16925,1110673357,3000,-2504
6003,2311,2,16926,1111532350,-1946,-4512
6003,2311,3,16927,1112391343,2101,-2266
6003,2312,0,16928,1113250336,3621,483
6003,2312,1,16929,1114109329,3803,-636
6003,2312,2,16930,1114968322,-3142,392
6003,2312,3,16931,1115827315,-982,3914
6003,2313,0,16932,1116686308,5139,2205
6003,2313,1,16933,1117545301,-6841,1825
6003,2313,2,16934,1118404294,-2844,2336
6003,2313,3,16935,1119263287,4597,-6614
6003,2314,0,16936,1120122280,-2362,-6999
6003,2314,1,16937,1120981273,-1222,3785
6003,2314,2,16938,1121840266,-4756,3622
6003,2314,3,16939,1122699259,-3302,2462
6003,2315,0,16940,1123558252,3232,3652
6003,2315,1,16941,1124417245,-1865,-1998
6003,2315,2,16942,1125276238,616,-3766
6003,2315,3,16943,1126135231,5162,-3367
6003,2316,0,16944,1126994224,3811,-2651
6003,2316,1,16945,1127853217,1133,-91
6003,2316,2,16946,1128712210,258,-1353
6003,2316,3,16947,1129571203,5234,3246
6003,2317,0,16948,1130430196,-158,7689
6003,2317,1,16949,1131289189,-5854,3579
6003,2317,2,16950,1132148182,-2306,4018
6003,2317,3,16951,1133007175,-2966,576
6003,2318,0,16952,1133866168,621,-4003
6003,2318,1,16953,1134725161,697,1126
6003,2318,2,16954,1135584154,-5725,-3365
6003,2318,3,16955,1136443147,-2123,-6903
6003,2319,0,16956,1137302140,2285,879
6003,2319,1,16957,1138161133,-2642,164
6003,2319,2,16958,1139020126,-10176,1427
6003,2319,3,16959,1139879119,-7445,3883
6003,2320,0,16960,1140738112,-2253,118
6003,2320,1,16961,1141597105,-6550,3196
6003,2320,2,16962,1142456098,-3939,-989
6003,2320,3,16963,1143315091,2106,-4191
6003,2321,0,16964,1144174084,1161,3598
6003,2321,1,16965,1145033077,4140,-598
6003,2321,2,16966,1145892070,4568,-562
6003,2321,3,16967,1146751063,100,1448
6003,2322,0,16968,1147610056,3159,-4878
6003,2322,1,16969,1148469049,3514,3659
6003,2322,2,16970,1149328042,-3445,2010
6003,2322,3,16971,1150187035,676,-7274
6003,2323,0,16972,1151046028,4164,-83
6003,2323,1,16973,1151905021,-4069,-5232
6003,2323,2,16974,1152764014,-34,-6582
6003,2323,3,16975,1153623007,5260,2485
6003,2324,0,16976,1154482000,-2613,-3301
6003,2324,1,16977,1155340993,-4327,-1065
6003,2324,2,16978,1156199986,-2945,4437
6003,2324,3,16979,1157058979,-1936,3014
6003,2325,0,16980,1157917972,2502,5093
6003,2325,1,16981,1158776965,5143,-1764
6003,2325,2,16982,1159635958,5159,-3350
6003,2325,3,16983,1160494951,940,2226
6003,2326,0,16984,1161353944,1847,-3170
6003,2326,1,16985,1162212937,4898,-2061
6003,2326,2,16986,1163071930,-2106,4218
6003,2326,3,16987,1163930923,-4424,1918
6003,2327,0,16988,1164789916,2328,-441
6003,2327,1,16989,1165648909,5430,-990
6003,2327,2,16990,1166507902,-511,-2614
6003,2327,3,16991,1167366895,-7089,-1996
6003,2328,0,16992,1168225888,-4109,859
6003,2328,1,16993,1169084881,-1768,-1835
6003,2328,2,16994,1169943874,-1617,-1264
6003,2328,3,16995,1170802867,2781,6014
6003,2329,0,16996,1171661860,5374,-2709
6003,2329,1,16997,1172520853,3966,-8596
6003,2329,2,16998,1173379846,1624,6047
6003,2329,3,16999,1174238839,2854,7046
6003,2330,0,17000,1175097832,1962,-1409
6003,2330,1,17001,1175956825,14,-1669
6003,2330,2,17002,1176815818,3055,-5005
6003,2330,3,17003,1177674811,-620,-1651
6003,2331,0,17004,1178533804,-533,5520
6003,2331,1,17005,1179392797,7194,3000
6003,2331,2,17006,1180251790,3481,2128
6003,2331,3,17007,1181110783,-449,1121
6003,2332,0,17008,1181969776,418,-1693
6003,2332,1,17009,1182828769,74,1185
6003,2332,2,17010,1183687762,3368,1005
6003,2332,3,17011,1184546755,3063,-477
6003,2333,0,17012,1185405748,-2377,3278
6003,2333,1,17013,1186264741,-2046,2950
6003,2333,2,17014,1187123734,4981,-1674
6003,2333,3,17015,1187982727,3391,-739
6003,2334,0,17016,1188841720,-2823,2779
6003,2334,1,17017,1189700713,3352,-837
6003,2334,2,17018,1190559706,5725,-2326
6003,2334,3,17019,1191418699,1858,4357
6003,2335,0,17020,1192277692,3019,3207
6003,2335,1,17021,1193136685,-154,-2888
6003,2335,2,17022,1193995678,-1775,-4585
6003,2335,3,17023,1194854671,437,-5463
6003,2336,0,17024,1195713664,211,89
6003,2336,1,17025,1196572657,-409,5155
6003,2336,2,17026,1197431650,-495,-158
6003,2336,3,17027,1198290643,3059,-4180
6003,2337,0,17028,1199149636,1513,42
6003,2337,1,17029,1200008629,-2885,3885
6003,2337,2,17030,1200867622,164,-1684
6003,2337,3,17031,1201726615,3882,-3892
6003,2338,0,17032,1202585608,7126,4599
6003,2338,1,17033,1203444601,722,5083
6003,2338,2,17034,1204303594,-8749,-539
6003,2338,3,17035,1205162587,-4331,-11
6003,2339,0,17036,1206021580,-4500,3090
6003,2339,1,17037,1206880573,-4511,2771
6003,2339,2,17038,1207739566,3359,-1411
6003,2339,3,17039,1208598559,-2040,-1255
6003,2340,0,17040,1209457552,-5949,-2587
6003,2340,1,17041,1210316545,3215,-5780
6003,2340,2,17042,1211175538,4262,220
6003,2340,3,17043,1212034531,-2005,-666
6003,2341,0,17044,1212893524,88,-6477
6003,2341,1,17045,1213752517,6136,-1235
6003,2341,2,17046,1214611510,4152,386
6003,2341,3,17047,1215470503,-637,-2115
6003,2342,0,17048,1216329496,348,2427
6003,2342,1,17049,1217188489,2614,4687
6003,2342,2,17050,1218047482,-201,477
6003,2342,3,17051,1218906475,-1127,620
6003,2343,0,17052,1219765468,4080,603
6003,2343,1,17053,1220624461,2453,-6049
6003,2343,2,17054,1221483454,-2954,-2470
6003,2343,3,17055,1222342447,-4843,4327
6003,2344,0,17056,1223201440,-3683,1000
6003,2344,1,17057,1224060433,8163,398
6003,2344,2,17058,1224919426,10566,-789
6003,2344,3,17059,1225778419,-1378,-51
6003,2345,0,17060,1226637412,-801,5630
6003,2345,1,17061,1227496405,-901,4199
6003,2345,2,17062,1228355398,-4819,1749
6003,2345,3,17063,1229214391,1434,-1624
6003,2346,0,17064,1230073384,1701,-3389
6003,2346,1,17065,1230932377,-1587,-293
6003,2346,2,17066,1231791370,172,-1036
6003,2346,3,17067,1232650363,-257,1547
6003,2347,0,17068,1233509356,684,300
6003,2347,1,17069,1234368349,2374,-2993
6003,2347,2,17070,1235227342,994,4575
6003,2347,3,17071,1236086335,170,764
6003,2348,0,17072,1236945328,1613,-7229
6003,2348,1,17073,1237804321,3402,71
6003,2348,2,17074,1238663314,1561,2234
6003,2348,3,17075,1239522307,-2086,-3278
6003,2349,0,17076,1240381300,-643,-519
6003,2349,1,17077,1241240293,3090,4810
6003,2349,2,17078,1242099286,727,1321
6003,2349,3,17079,1242958279,-4573,-2187
6003,2350,0,17080,1243817272,-5033,-2507
6003,2350,1,17081,1244676265,-2067,-5163
6003,2350,2,17082,1245535258,-928,-2396
6003,2350,3,17083,1246394251,271,61
6003,2351,0,17084,1247253244,2824,387
6003,2351,1,17085,1248112237,-1729,1825
6003,2351,2,17086,1248971230,-5730,-3985
6003,2351,3,17087,1249830223,59,-4897
6003,2352,0,17088,1250689216,2403,-1450
6003,2352,1,17089,1251548209,4480,-3855
6003,2352,2,17090,1252407202,5352,-4368
6003,2352,3,17091,1253266195,-2911,-1612
6003,2353,0,17092,1254125188,-2582,5292
6003,2353,1,17093,1254984181,-205,3882
6003,2353,2,17094,1255843174,-2694,-2785
6003,2353,3,17095,1256702167,2184,1731
6003,2354,0,17096,1257561160,2034,-1415
6003,2354,1,17097,1258420153,-187,-5633
6003,2354,2,17098,1259279146,1681,967
6003,2354,3,17099,1260138139,410,745
6003,2355,0,17100,1260997132,2538,-302
6003,2355,1,17101,1261856125,1462,156
6003,2355,2,17102,1262715118,-694,-1961
6003,2355,3,17103,1263574111,3260,-1443
6003,2356,0,17104,1264433104,3123,-245
6003,2356,1,17105,1265292097,1585,-827
6003,2356,2,17106,1266151090,-2233,-3795
6003,2356,3,17107,1267010083,-2504,-1079
6003,2357,0,17108,1267869076,5022,3245
6003,2357,1,17109,1268728069,1112,1889
6003,2357,2,17110,1269587062,-2848,1158
6003,2357,3,17111,1270446055,1373,-1882
6003,2358,0,17112,1271305048,-1079,-2676
6003,2358,1,17113,1272164041,1072,-2341
6003,2358,2,17114,1273023034,3108,-1696
6003,2358,3,17115,1273882027,-3723,3838
6003,2359,0,17116,1274741020,-874,-380
6003,2359,1,17117,1275600013,3980,-906
6003,2359,2,17118,1276459006,710,3514
6003,2359,3,17119,1277317999,-2429,-2913
6003,2360,0,17120,1278176992,-10613,2121
6003,2360,1,17121,1279035985,-11605,4155
6003,2360,2,17122,1279894978,718,-7082
6003,2360,3,17123,1280753971,-1281,-5040
6003,2361,0,17124,1281612964,-8195,-1154
6003,2361,1,17125,1282471957,-461,-4116
6003,2361,2,17126,1283330950,4688,-4717
6003,2361,3,17127,1284189943,3951,2354
6003,2362,0,17128,1285048936,1100,6391
6003,2362,1,17129,1285907929,-3849,-1997
6003,2362,2,17130,1286766922,-3611,-1511
6003,2362,3,17131,1287625915,1038,-1220
6003,2363,0,17132,1288484908,6281,-5454
6003,2363,1,17133,1289343901,1792,3573
6003,2363,2,17134,1290202894,-4214,3188
6003,2363,3,17135,1291061887,3519,-2980
6003,2364,0,17136,1291920880,4338,431
6003,2364,1,17137,1292779873,615,2846
6003,2364,2,17138,1293638866,4532,4888
6003,2364,3,17139,1294497859,892,-1846
6003,2365,0,17140,1295356852,-704,-7039
6003,2365,1,17141,1296215845,2469,-1585
6003,2365,2,17142,1297074838,385,-5134
6003,2365,3,17143,1297933831,1718,-7749
6003,2366,0,17144,1298792824,2887,-1367
6003,2366,1,17145,1299651817,3115,1964
6003,2366,2,17146,1300510810,3032,-1873
6003,2366,3,17147,1301369803,-3013,-9741
6003,2367,0,17148,1302228796,-2093,-6530
6003,2367,1,17149,1303087789,2619,2791
6003,2367,2,17150,1303946782,-4007,3471
6003,2367,3,17151,1304805775,-5705,2252
6003,2368,0,17152,1305664768,5016,-204
6003,2368,1,17153,1306523761,6764,-3513
6003,2368,2,17154,1307382754,1368,-2312
6003,2368,3,17155,1308241747,1694,-2326
6003,2369,0,17156,1309100740,267,-3904
6003,2369,1,17157,1309959733,-848,-908
6003,2369,2,17158,1310818726,-831,4766
6003,2369,3,17159,1311677719,-3083,4980
6003,2370,0,17160,1312536712,161,252
6003,2370,1,17161,1313395705,56,2843
6003,2370,2,17162,1314254698,-2393,4426
6003,2370,3,17163,1315113691,2354,-5204
6003,2371,0,17164,1315972684,1109,-4307
6003,2371,1,17165,1316831677,-4897,4883
6003,2371,2,17166,1317690670,-7955,5241
6003,2371,3,17167,1318549663,-5250,2720
6003,2372,0,17168,1319408656,667,-4106
6003,2372,1,17169,1320267649,-5185,-2911
6003,2372,2,17170,1321126642,-7334,3285
6003,2372,3,17171,1321985635,3653,-2448
6003,2373,0,17172,1322844628,4325,2889
6003,2373,1,17173,1323703621,-1881,3923
6003,2373,2,17174,1324562614,-2763,-9496
6003,2373,3,17175,1325421607,-2237,-5658
6003,2374,0,17176,1326280600,-2903,-991
6003,2374,1,17177,1327139593,-1456,1396
6003,2374,2,17178,1327998586,1696,2585
6003,2374,3,17179,1328857579,-2179,-3301
6003,2375,0,17180,1329716572,-3605,3432
6003,2375,1,17181,1330575565,288,-881
6003,2375,2,17182,1331434558,-2520,-6226
6003,2375,3,17183,1332293551,-1282,1978
6003,2376,0,17184,1333152544,-1029,-8941
6003,2376,1,17185,1334011537,-6232,-7007
6003,2376,2,17186,1334870530,997,1630
6003,2376,3,17187,1335729523,2415,-7525
6003,2377,0,17188,1336588516,-6832,714
6003,2377,1,17189,1337447509,-2129,1379
6003,2377,2,17190,1338306502,2141,-8039
6003,2377,3,17191,1339165495,-1276,645
6003,2378,0,17192,1340024488,-149,1814
6003,2378,1,17193,1340883481,-3510,-810
6003,2378,2,17194,1341742474,-5375,3839
6003,2378,3,17195,1342601467,2221,1312
6003,2379,0,17196,1343460460,3814,-6298
6003,2379,1,17197,1344319453,-1018,-3197
6003,2379,2,17198,1345178446,-3645,4329
6003,2379,3,17199,1346037439,-2705,-1033
6003,2380,0,17200,1346896432,102,49
6003,2380,1,17201,1347755425,-114,4988
6003,2380,2,17202,1348614418,-27,-1694
6003,2380,3,17203,1349473411,-623,-5182
6003,2381,0,17204,1350332404,-2724,-7174
6003,2381,1,17205,1351191397,-632,698
6003,2381,2,17206,1352050390,-1741,6414
6003,2381,3,17207,1352909383,-1132,-4385
6003,2382,0,17208,1353768376,4470,-1240
6003,2382,1,17209,1354627369,-23,-895
6003,2382,2,17210,1355486362,-3278,-4389
6003,2382,3,17211,1356345355,3273,6071
6003,2383,0,17212,1357204348,5660,-985
6003,2383,1,17213,1358063341,3636,-7097
6003,2383,2,17214,1358922334,3877,137
6003,2383,3,17215,1359781327,5606,1679
6003,2384,0,17216,1360640320,155,9131
6003,2384,1,17217,1361499313,-6468,7786
6003,2384,2,17218,1362358306,-2873,-539
6003,2384,3,17219,1363217299,-1792,591
6003,2385,0,17220,1364076292,-6042,-1606
6003,2385,1,17221,1364935285,-5907,163
6003,2385,2,17222,1365794278,-479,1079
6003,2385,3,17223,1366653271,5973,-5737
6003,2386,0,17224,1367512264,4465,-700
6003,2386,1,17225,1368371257,-194,5096
6003,2386,2,17226,1369230250,-2349,-618
6003,2386,3,17227,1370089243,-4018,-904
6003,2387,0,17228,1370948236,496,2787
6003,2387,1,17229,1371807229,5750,1280
6003,2387,2,17230,1372666222,3958,-1691
6003,2387,3,17231,1373525215,1278,-6352
6003,2388,0,17232,1374384208,2789,-3609
6003,2388,1,17233,1375243201,3266,3740
6003,2388,2,17234,1376102194,-296,-949
6003,2388,3,17235,1376961187,183,-650
6003,2389,0,17236,1377820180,303,3349
6003,2389,1,17237,1378679173,-2839,-181
6003,2389,2,17238,1379538166,-558,7633
6003,2389,3,17239,1380397159,1418,8050
6003,2390,0,17240,1381256152,2673,-1891
6003,2390,1,17241,1382115145,4546,1109
6003,2390,2,17242,1382974138,515,-2175
6003,2390,3,17243,1383833131,-2940,-5588
6003,2391,0,17244,1384692124,1307,-1925
6003,2391,1,17245,1385551117,5863,-4633
6003,2391,2,17246,1386410110,-1015,943
6003,2391,3,17247,1387269103,-4572,2410
6003,2392,0,17248,1388128096,3700,-6663
6003,2392,1,17249,1388987089,903,-4227
6003,2392,2,17250,1389846082,-2834,-2068
6003,2392,3,17251,1390705075,2211,-2465
6003,2393,0,17252,1391564068,240,5090
6003,2393,1,17253,1392423061,-1522,8448
6003,2393,2,17254,1393282054,-2104,1098
6003,2393,3,17255,1394141047,-4128,-8947
6003,2394,0,17256,1395000040,-3377,-6590
6003,2394,1,17257,1395859033,-2797,2853
6003,2394,2,17258,1396718026,-1736,170
6003,2394,3,17259,1397577019,-2808,-3249
6003,2395,0,17260,1398436012,-1419,10
6003,2395,1,17261,1399295005,-354,-2231
6003,2395,2,17262,1400153998,-2024,-4258
6003,2395,3,17263,1401012991,2890,-416
6003,2396,0,17264,1401871984,-1466,5355
6003,2396,1,17265,1402730977,-7108,4742
6003,2396,2,17266,1403589970,1205,-5399
6003,2396,3,17267,1404448963,2715,-3430
6003,2397,0,17268,1405307956,1469,5208
6003,2397,1,17269,1406166949,65,-1175
6003,2397,2,17270,1407025942,-6666,-4249
6003,2397,3,17271,1407884935,-6282,-2817
6003,2398,0,17272,1408743928,379,-5433
6003,2398,1,17273,1409602921,4829,-1957
6003,2398,2,17274,1410461914,-1612,685
6003,2398,3,17275,1411320907,-3036,5061
6003,2399,0,17276,1412179900,6223,7580
6003,2399,1,17277,1413038893,232,-3145
6003,2399,2,17278,1413897886,-3846,-5138
6003,2399,3,17279,1414756879,2429,5022
6003,2400,0,17280,1415615872,-660,6303
6003,2400,1,17281,1416474865,-2065,-2146
6003,2400,2,17282,1417333858,2675,-4654
6003,2400,3,17283,1418192851,3740,1690
6003,2401,0,17284,1419051844,-2260,1501
6003,2401,1,17285,1419910837,162,-242
6003,2401,2,17286,1420769830,8010,-268
6003,2401,3,17287,1421628823,-3924,-1507
6003,2402,0,17288,1422487816,-7517,2658
6003,2402,1,17289,1423346809,2312,-3401
6003,2402,2,17290,1424205802,-3221,-6595
6003,2402,3,17291,1425064795,-3481,4472
6003,2403,0,17292,1425923788,4393,-2271
6003,2403,1,17293,1426782781,6765,-7861
6003,2403,2,17294,1427641774,-616,803
6003,2403,3,17295,1428500767,-13719,954
6003,2404,0,17296,1429359760,-6116,3179
6003,2404,1,17297,1430218753,3520,971
6003,2404,2,17298,1431077746,-1858,-4487
6003,2404,3,17299,1431936739,2010,3361
6003,2405,0,17300,1432795732,2979,1195
6003,2405,1,17301,1433654725,-3105,-6064
6003,2405,2,17302,1434513718,1505,-393
6003,2405,3,17303,1435372711,3760,-2614
6003,2406,0,17304,1436231704,-639,-7418
6003,2406,1,17305,1437090697,1258,-1411
6003,2406,2,17306,1437949690,3728,-88
6003,2406,3,17307,1438808683,2746,182
6003,2407,0,17308,1439667676,2167,3281
6003,2407,1,17309,1440526669,-2403,1763
6003,2407,2,17310,1441385662,-630,3800
6003,2407,3,17311,1442244655,3811,959
6003,2408,0,17312,1443103648,-5358,-4066
6003,2408,1,17313,1443962641,-5614,3469
6003,2408,2,17314,1444821634,977,3461
6003,2408,3,17315,1445680627,-1216,2292
6003,2409,0,17316,1446539620,1321,6391
6003,2409,1,17317,1447398613,-1173,-2579
6003,2409,2,17318,1448257606,-908,-3178
6003,2409,3,17319,1449116599,7885,2333
6003,2410,0,17320,1449975592,1154,-2054
6003,2410,1,17321,1450834585,-553,-514
6003,2410,2,17322,1451693578,8339,2361
6003,2410,3,17323,1452552571,2049,4354
6003,2411,0,17324,1453411564,-4929,4334
6003,2411,1,17325,1454270557,1252,2638
6003,2411,2,17326,1455129550,5849,6290
6003,2411,3,17327,1455988543,1539,679
6003,2412,0,17328,1456847536,1495,-1385
6003,2412,1,17329,1457706529,6064,4607
6003,2412,2,17330,1458565522,4787,1985
6003,2412,3,17331,1459424515,2217,5185
6003,2413,0,17332,1460283508,-1560,3557
6003,2413,1,17333,1461142501,-2719,-2564
6003,2413,2,17334,1462001494,-178,1856
6003,2413,3,17335,1462860487,-2678,-3215
6003,2414,0,17336,1463719480,-4295,-3801
6003,2414,1,17337,1464578473,-4375,4421
6003,2414,2,17338,1465437466,-2735,612
6003,2414,3,17339,1466296459,2368,684
6003,2415,0,17340,1467155452,1836,3316
6003,2415,1,17341,1468014445,-1433,148
6003,2415,2,17342,1468873438,432,728
6003,2415,3,17343,1469732431,5550,1344
6003,2416,0,17344,1470591424,3091,-2063
6003,2416,1,17345,1471450417,460,-5712
6003,2416,2,17346,1472309410,7437,-3035
6003,2416,3,17347,1473168403,2258,43
6003,2417,0,17348,1474027396,-5124,-1359
6003,2417,1,17349,1474886389,911,65
6003,2417,2,17350,1475745382,3032,722
6003,2417,3,17351,1476604375,4592,1436
6003,2418,0,17352,1477463368,4642,-1098
6003,2418,1,17353,1478322361,4684,-5387
6003,2418,2,17354,1479181354,3186,3575
6003,2418,3,17355,1480040347,-7910,4857
6003,2419,0,17356,1480899340,-671,-3873
6003,2419,1,17357,1481758333,5661,2075
6003,2419,2,17358,1482617326,-7286,3675
6003,2419,3,17359,1483476319,-2358,-121
6003,2420,0,17360,1484335312,-1020,5902
6003,2420,1,17361,1485194305,-9033,3742
6003,2420,2,17362,1486053298,-1748,-3015
6003,2420,3,17363,1486912291,-34,633
6003,2421,0,17364,1487771284,135,5369
6003,2421,1,17365,1488630277,471,2189
6003,2421,2,17366,1489489270,-3754,-5164
6003,2421,3,17367,1490348263,2719,-4945
6003,2422,0,17368,1491207256,4923,1463
6003,2422,1,17369,1492066249,3877,1830
6003,2422,2,17370,1492925242,3826,-472
6003,2422,3,17371,1493784235,-8345,336
6003,2423,0,17372,1494643228,-8384,459
6003,2423,1,17373,1495502221,898,2078
6003,2423,2,17374,1496361214,-6221,5524
6003,2423,3,17375,1497220207,-7321,1920
6003,2424,0,17376,1498079200,2836,-3674
6003,2424,1,17377,1498938193,1068,-2038
6003,2424,2,17378,1499797186,-2996,450
6003,2424,3,17379,1500656179,157,2337
6003,2425,0,17380,1501515172,-2348,2716
6003,2425,1,17381,1502374165,-3951,-1224
6003,2425,2,17382,1503233158,2324,-2838
6003,2425,3,17383,1504092151,5251,-3512
6003,2426,0,17384,1504951144,6023,-1433
6003,2426,1,17385,1505810137,524,1487
6003,2426,2,17386,1506669130,-8700,-5590
6003,2426,3,17387,1507528123,-5569,-4818
6003,2427,0,17388,1508387116,-5220,5771
6003,2427,1,17389,1509246109,-5352,5758
6003,2427,2,17390,1510105102,5455,3450
6003,2427,3,17391,1510964095,4162,988
6003,2428,0,17392,1511823088,2361,1126
6003,2428,1,17393,1512682081,7349,5387
6003,2428,2,17394,1513541074,4,-2945
6003,2428,3,17395,1514400067,-1996,-5668
6003,2429,0,17396,1515259060,1950,3124
6003,2429,1,17397,1516118053,1390,1274
6003,2429,2,17398,1516977046,3910,-441
6003,2429,3,17399,1517836039,731,845
6003,2430,0,17400,1518695032,-5372,-291
6003,2430,1,17401,1519554025,-1658,-535
6003,2430,2,17402,1520413018,9045,-1161
6003,2430,3,17403,1521272011,6681,3627
6003,2431,0,17404,1522131004,-5501,2813
6003,2431,1,17405,1522989997,1094,-1938
6003,2431,2,17406,1523848990,3938,2978
6003,2431,3,17407,1524707983,-2061,-1424
6003,2432,0,17408,1525566976,1351,-6563
6003,2432,1,17409,1526425969,-6228,787
6003,2432,2,17410,1527284962,-3392,-403
6003,2432,3,17411,1528143955,3479,-2167
6003,2433,0,17412,1529002948,-8575,2282
6003,2433,1,17413,1529861941,-1810,-1040
6003,2433,2,17414,1530720934,2857,-4114
6003,2433,3,17415,1531579927,-1133,-1741
6003,2434,0,17416,1532438920,6496,-2151
6003,2434,1,17417,1533297913,-2294,-1555
6003,2434,2,17418,1534156906,-3613,4766
6003,2434,3,17419,1535015899,2040,5326
6003,2435,0,17420,1535874892,-6224,-2235
6003,2435,1,17421,1536733885,-1715,-2892
6003,2435,2,17422,1537592878,-3013,1845
6003,2435,3,17423,1538451871,-7657,1833
6003,2436,0,17424,1539310864,1038,717
6003,2436,1,17425,1540169857,-1472,1729
6003,2436,2,17426,1541028850,-6342,741
6003,2436,3,17427,1541887843,-4658,-3291
6003,2437,0,17428,1542746836,-2194,-5329
6003,2437,1,17429,1543605829,-347,-2593
6003,2437,2,17430,1544464822,-2510,1480
6003,2437,3,17431,1545323815,-3796,1760
6003,2438,0,17432,1546182808,-5484,464
6003,2438,1,17433,1547041801,-2822,172
6003,2438,2,17434,1547900794,998,-1929
6003,2438,3,17435,1548759787,-2912,1143
6003,2439,0,17436,1549618780,-5698,7845
6003,2439,1,17437,1550477773,-2967,8800
6003,2439,2,17438,1551336766,4127,7734
6003,2439,3,17439,1552195759,3751,21
6003,2440,0,17440,1553054752,-1369,-6787
6003,2440,1,17441,1553913745,-3287,-677
6003,2440,2,17442,1554772738,-9509,1422
6003,2440,3,17443,1555631731,-5743,-663
6003,2441,0,17444,1556490724,-2201,21
6003,2441,1,17445,1557349717,-3980,-745
6003,2441,2,17446,1558208710,3752,1285
6003,2441,3,17447,1559067703,-3530,352
6003,2442,0,17448,1559926696,-7627,-807
6003,2442,1,17449,1560785689,2397,185
6003,2442,2,17450,1561644682,-3270,-2580
6003,2442,3,17451,1562503675,-4337,4132
6003,2443,0,17452,1563362668,1048,7385
6003,2443,1,17453,1564221661,67,-3481
6003,2443,2,17454,1565080654,-2427,-2817
6003,2443,3,17455,1565939647,-4816,-928
6003,2444,0,17456,1566798640,1315,-8474
6003,2444,1,17457,1567657633,4590,-4605
6003,2444,2,17458,1568516626,7403,1252
6003,2444,3,17459,1569375619,5735,-1180
6003,2445,0,17460,1570234612,-5069,1441
6003,2445,1,17461,1571093605,2862,4675
6003,2445,2,17462,1571952598,3311,1471
6003,2445,3,17463,1572811591,-7108,-997
6003,2446,0,17464,1573670584,-353,-1273
6003,2446,1,17465,1574529577,-2090,-2220
6003,2446,2,17466,1575388570,-1897,-3646
6003,2446,3,17467,1576247563,5488,303
6003,2447,0,17468,1577106556,-286,5317
6003,2447,1,17469,1577965549,-3487,149
6003,2447,2,17470,1578824542,-475,-171
6003,2447,3,17471,1579683535,937,3450
6003,2448,0,17472,1580542528,-3971,-3994
6003,2448,1,17473,1581401521,-1530,-1388
6003,2448,2,17474,1582260514,6793,3792
6003,2448,3,17475,1583119507,-471,-4598
6003,2449,0,17476,1583978500,1148,-3878
6003,2449,1,17477,1584837493,3723,-1242
6003,2449,2,17478,1585696486,-6340,-4502
6003,2449,3,17479,1586555479,-2155,-4227
6003,2450,0,17480,1587414472,120,-6280
6003,2450,1,17481,1588273465,1938,-4774
6003,2450,2,17482,1589132458,7326,-3405
6003,2450,3,17483,1589991451,-1747,-3046
6003,2451,0,17484,1590850444,-3673,5129
6003,2451,1,17485,1591709437,1273,4026
6003,2451,2,17486,1592568430,2757,-3048
6003,2451,3,17487,1593427423,2040,-4454
6003,2452,0,17488,1594286416,-5549,-8183
6003,2452,1,17489,1595145409,-5565,-4955
6003,2452,2,17490,1596004402,-5,4282
6003,2452,3,17491,1596863395,2549,2196
6003,2453,0,17492,1597722388,35,-4027
6003,2453,1,17493,1598581381,-3231,536
6003,2453,2,17494,1599440374,7176,3394
6003,2453,3,17495,1600299367,9477,-3895
6003,2454,0,17496,1601158360,-1572,-1015
6003,2454,1,17497,1602017353,-4035,3421
6003,2454,2,17498,1602876346,-3707,-3937
6003,2454,3,17499,1603735339,-1908,-579
6003,2455,0,17500,1604594332,-3103,3755
6003,2455,1,17501,1605453325,-5689,-2945
6003,2455,2,17502,1606312318,-44,278
6003,2455,3,17503,1607171311,-298,4711
6003,2456,0,17504,1608030304,-3225,1149
6003,2456,1,17505,1608889297,-2127,1418
6003,2456,2,17506,1609748290,-3115,1799
6003,2456,3,17507,1610607283,-95,2921
6003,2457,0,17508,1611466276,1545,5078
6003,2457,1,17509,1612325269,-2535,220
6003,2457,2,17510,1613184262,-3733,749
6003,2457,3,17511,1614043255,-1973,7386
6003,2458,0,17512,1614902248,-1196,1700
6003,2458,1,17513,1615761241,-766,-2780
6003,2458,2,17514,1616620234,2179,4203
6003,2458,3,17515,1617479227,4449,5267
6003,2459,0,17516,1618338220,4261,4579
6003,2459,1,17517,1619197213,2268,5240
6003,2459,2,17518,1620056206,-138,-3283
6003,2459,3,17519,1620915199,4059,-8336
6003,2460,0,17520,1621774192,6043,-3680
6003,2460,1,17521,1622633185,886,498
6003,2460,2,17522,1623492178,1621,3853
6003,2460,3,17523,1624351171,2647,3009
6003,2461,0,17524,1625210164,-261,-2077
6003,2461,1,17525,1626069157,-1541,-2581
6003,2461,2,17526,1626928150,-2133,-2959
6003,2461,3,17527,1627787143,157,-5772
6003,2462,0,17528,1628646136,-2959,212
6003,2462,1,17529,1629505129,-4700,8846
6003,2462,2,17530,1630364122,4898,4603
6003,2462,3,17531,1631223115,-289,-1737
6003,2463,0,17532,1632082108,-9738,422
6003,2463,1,17533,1632941101,-2369,3374
6003,2463,2,17534,1633800094,-1588,7387
6003,2463,3,17535,1634659087,-3848,5467
6003,2464,0,17536,1635518080,-2726,-4764
6003,2464,1,17537,1636377073,-2631,-1255
6003,2464,2,17538,1637236066,3573,2877
6003,2464,3,17539,1638095059,1658,-10700
6003,2465,0,17540,1638954052,-1626,-11957
6003,2465,1,17541,1639813045,933,1245
6003,2465,2,17542,1640672038,-2396,4733
6003,2465,3,17543,1641531031,-217,3526
6003,2466,0,17544,1642390024,-240,4058
6003,2466,1,17545,1643249017,2342,4103
6003,2466,2,17546,1644108010,11725,2631
6003,2466,3,17547,1644967003,-247,1659
6003,2467,0,17548,1645825996,-5236,653
6003,2467,1,17549,1646684989,6234,-949
6003,2467,2,17550,1647543982,2584,1235
6003,2467,3,17551,1648402975,2094,-1188
6003,2468,0,17552,1649261968,4730,-2845
6003,2468,1,17553,1650120961,-1846,-23
6003,2468,2,17554,1650979954,-2333,-5135
6003,2468,3,17555,1651838947,2474,875
6003,2469,0,17556,1652697940,2589,4983
6003,2469,1,17557,1653556933,-312,-6534
6003,2469,2,17558,1654415926,2130,1435
6003,2469,3,17559,1655274919,3439,3639
6003,2470,0,17560,1656133912,1683,-4229
6003,2470,1,17561,1656992905,502,7314
6003,2470,2,17562,1657851898,-3466,4885
6003,2470,3,17563,1658710891,2466,50
6003,2471,0,17564,1659569884,4406,5315
6003,2471,1,17565,1660428877,-1810,-3077
6003,2471,2,17566,1661287870,5379,-2955
6003,2471,3,17567,1662146863,2655,680
6003,2472,0,17568,1663005856,-4078,-2697
6003,2472,1,17569,1663864849,-814,-3572
6003,2472,2,17570,1664723842,-4752,-5520
6003,2472,3,17571,1665582835,878,3658
6003,2473,0,17572,1666441828,7278,5970
6003,2473,1,17573,1667300821,344,-3003
6003,2473,2,17574,1668159814,-5615,878
6003,2473,3,17575,1669018807,-8087,-2655
6003,2474,0,17576,1669877800,1386,-6054
6003,2474,1,17577,1670736793,6391,2449
6003,2474,2,17578,1671595786,451,-681
6003,2474,3,17579,1672454779,-514,-3860
6003,2475,0,17580,1673313772,-6877,-1969
6003,2475,1,17581,1674172765,-6554,-2790
6003,2475,2,17582,1675031758,1667,1913
6003,2475,3,17583,1675890751,-218,1707
6003,2476,0,17584,1676749744,-1339,-4624
6003,2476,1,17585,1677608737,-359,-1139
6003,2476,2,17586,1678467730,931,3963
6003,2476,3,17587,1679326723,1761,-37
6003,2477,0,17588,1680185716,-90,-2995
6003,2477,1,17589,1681044709,322,-3837
6003,2477,2,17590,1681903702,1165,-8459
6003,2477,3,17591,1682762695,3707,-6840
6003,2478,0,17592,1683621688,770,1150
6003,2478,1,17593,1684480681,-2860,623
6003,2478,2,17594,1685339674,3303,-5298
6003,2478,3,17595,1686198667,2382,-2909
6003,2479,0,17596,1687057660,-1507,2906
6003,2479,1,17597,1687916653,-501,4168
6003,2479,2,17598,1688775646,869,2668
6003,2479,3,17599,1689634639,4743,-3157
6003,2480,0,17600,1690493632,1904,-1807
6003,2480,1,17601,1691352625,3199,5779
6003,2480,2,17602,1692211618,9959,137
6003,2480,3,17603,1693070611,243,-2235
6003,2481,0,17604,1693929604,-9413,969
6003,2481,1,17605,1694788597,-5106,-6484
6003,2481,2,17606,1695647590,342,-5681
6003,2481,3,17607,1696506583,205,-1349
6003,2482,0,17608,1697365576,-2531,-7958
6003,2482,1,17609,1698224569,-67,-7235
6003,2482,2,17610,1699083562,1721,183
6003,2482,3,17611,1699942555,-1247,-2468
6003,2483,0,17612,1700801548,206,-5528
6003,2483,1,17613,1701660541,2789,2263
6003,2483,2,17614,1702519534,-82,1776
6003,2483,3,17615,1703378527,-2612,-4083
6003,2484,0,17616,1704237520,-1729,1949
6003,2484,1,17617,1705096513,389,2926
6003,2484,2,17618,1705955506,3793,205
6003,2484,3,17619,1706814499,1310,-199
6003,2485,0,17620,1707673492,-2463,-3040
6003,2485,1,17621,1708532485,4795,-1856
6003,2485,2,17622,1709391478,7442,-6917
6003,2485,3,17623,1710250471,2515,-5882
6003,2486,0,17624,1711109464,1168,4758
6003,2486,1,17625,1711968457,-2296,-6
6003,2486,2,17626,1712827450,-1641,-2662
6003,2486,3,17627,1713686443,-2271,-132
6003,2487,0,17628,1714545436,-8895,-879
6003,2487,1,17629,1715404429,-1484,3640
6003,2487,2,17630,1716263422,4057,2531
6003,2487,3,17631,1717122415,-3144,1833
6003,2488,0,17632,1717981408,122,3413
6003,2488,1,17633,1718840401,1846,437
6003,2488,2,17634,1719699394,-1689,-2482
6003,2488,3,17635,1720558387,4723,-5968
6003,2489,0,17636,1721417380,-620,1883
6003,2489,1,17637,1722276373,-8115,6345
6003,2489,2,17638,1723135366,3230,-3406
6003,2489,3,17639,1723994359,2721,-3254
6003,2490,0,17640,1724853352,-3163,-1691
6003,2490,1,17641,1725712345,2669,-1857
6003,2490,2,17642,1726571338,1703,2580
6003,2490,3,17643,1727430331,2261,4059
6003,2491,0,17644,1728289324,2411,5151
6003,2491,1,17645,1729148317,-3201,448
6003,2491,2,17646,1730007310,-2208,-2359
6003,2491,3,17647,1730866303,-726,1081
6003,2492,0,17648,1731725296,2278,1014
6003,2492,1,17649,1732584289,423,1437
6003,2492,2,17650,1733443282,-3325,-3895
6003,2492,3,17651,1734302275,420,-5841
6003,2493,0,17652,1735161268,-4085,4141
6003,2493,1,17653,1736020261,1386,7394
6003,2493,2,17654,1736879254,9841,2792
6003,2493,3,17655,1737738247,-306,-4248
6003,2494,0,17656,1738597240,1318,-6071
6003,2494,1,17657,1739456233,4299,-2680
6003,2494,2,17658,1740315226,1859,-3493
6003,2494,3,17659,1741174219,4183,1935
6003,2495,0,17660,1742033212,-2793,7022
6003,2495,1,17661,1742892205,-3061,-1802
6003,2495,2,17662,1743751198,-3876,-8270
6003,2495,3,17663,1744610191,-5978,-1108
6003,2496,0,17664,1745469184,3226,3333
6003,2496,1,17665,1746328177,-1160,-2444
6003,2496,2,17666,1747187170,-1267,795
6003,2496,3,17667,1748046163,3696,2367
6003,2497,0,17668,1748905156,-3653,-7884
6003,2497,1,17669,1749764149,499,-3336
6003,2497,2,17670,1750623142,1443,5081
6003,2497,3,17671,1751482135,-3785,1179
6003,2498,0,17672,1752341128,-2164,-2165
6003,2498,1,17673,1753200121,-1501,-3856
6003,2498,2,17674,1754059114,3552,-2065
6003,2498,3,17675,1754918107,-1381,1411
6003,2499,0,17676,1755777100,-5328,1338
6003,2499,1,17677,1756636093,2833,-1038
6003,2499,2,17678,1757495086,-1534,-1611
6003,2499,3,17679,1758354079,916,3920
6003,2500,0,17680,1759213072,6809,5794
6003,2500,1,17681,1760072065,-1815,2107
6003,2500,2,17682,1760931058,-1887,856
6003,2500,3,17683,1761790051,-987,1813
6003,2501,0,17684,1762649044,239,1427
6003,2501,1,17685,1763508037,6302,-1609
6003,2501,2,17686,1764367030,-999,289
6003,2501,3,17687,1765226023,-2898,-465
6003,2502,0,17688,1766085016,4284,-5545
6003,2502,1,17689,1766944009,296,-1520
6003,2502,2,17690,1767803002,-37,-134
6003,2502,3,17691,1768661995,4885,17
6003,2503,0,17692,1769520988,964,2711
6003,2503,1,17693,1770379981,-513,483
6003,2503,2,17694,1771238974,3972,3176
6003,2503,3,17695,1772097967,-156,1697
6003,2504,0,17696,1772956960,-6374,-2980
6003,2504,1,17697,1773815953,-833,-956
6003,2504,2,17698,1774674946,2312,-1635
6003,2504,3,17699,1775533939,-1221,1333
6003,2505,0,17700,1776392932,97,1522
6003,2505,1,17701,1777251925,-4356,-3270
6003,2505,2,17702,1778110918,-8723,-2376
6003,2505,3,17703,1778969911,-2632,-2028
6003,2506,0,17704,1779828904,-2444,2575
6003,2506,1,17705,1780687897,-2026,2610
6003,2506,2,17706,1781546890,-595,-1657
6003,2506,3,17707,1782405883,-4339,4251
6003,2507,0,17708,1783264876,765,2992
6003,2507,1,17709,1784123869,946,-838
6003,2507,2,17710,1784982862,-1830,-351
6003,2507,3,17711,1785841855,3081,-2740
6003,2508,0,17712,1786700848,-268,1758
6003,2508,1,17713,1787559841,2976,3657
6003,2508,2,17714,1788418834,6359,-150
6003,2508,3,17715,1789277827,-521,-2884
6003,2509,0,17716,1790136820,2636,-3618
6003,2509,1,17717,1790995813,-286,2564
6003,2509,2,17718,1791854806,-1113,3380
6003,2509,3,17719,1792713799,5899,2530
6003,2510,0,17720,1793572792,-1513,3489
6003,2510,1,17721,1794431785,988,-3040
6003,2510,2,17722,1795290778,5212,-1184
6003,2510,3,17723,1796149771,-1175,1278
6003,2511,0,17724,1797008764,3287,-3536
6003,2511,1,17725,1797867757,-937,-112
6003,2511,2,17726,1798726750,-7797,556
6003,2511,3,17727,1799585743,-1730,-603
6003,2512,0,17728,1800444736,-419,3113
6003,2512,1,17729,1801303729,4,-235
6003,2512,2,17730,1802162722,335,-3696
6003,2512,3,17731,1803021715,949,-1832
6003,2513,0,17732,1803880708,4957,-1615
6003,2513,1,17733,1804739701,2630,-935
6003,2513,2,17734,1805598694,143,2355
6003,2513,3,17735,1806457687,2864,4890
6003,2514,0,17736,1807316680,4807,4113
6003,2514,1,17737,1808175673,1620,1735
6003,2514,2,17738,1809034666,-1687,-515
6003,2514,3,17739,1809893659,1683,-4913
6003,2515,0,17740,1810752652,2934,-8487
6003,2515,1,17741,1811611645,3444,-3693
6003,2515,2,17742,1812470638,6086,1239
6003,2515,3,17743,1813329631,4090,-2774
6003,2516,0,17744,1814188624,5458,-3831
6003,2516,1,17745,1815047617,6716,2260
6003,2516,2,17746,1815906610,603,4809
6003,2516,3,17747,1816765603,-2175,1497
6003,2517,0,17748,1817624596,-642,2629
6003,2517,1,17749,1818483589,3749,7253
6003,2517,2,17750,1819342582,5673,239
6003,2517,3,17751,1820201575,-1324,-5019
6003,2518,0,17752,1821060568,350,-289
6003,2518,1,17753,1821919561,4666,370
6003,2518,2,17754,1822778554,-4857,4032
6003,2518,3,17755,1823637547,-2089,-1707
6003,2519,0,17756,1824496540,6688,-12265
6003,2519,1,17757,1825355533,-492,298
6003,2519,2,17758,1826214526,-872,5191
6003,2519,3,17759,1827073519,1505,2204
6003,2520,0,17760,1827932512,-3595,8372
6003,2520,1,17761,1828791505,-6052,-1547
6003,2520,2,17762,1829650498,-6065,-4872
6003,2520,3,17763,1830509491,4575,2226
6003,2521,0,17764,1831368484,7151,-3144
6003,2521,1,17765,1832227477,-2989,-1495
6003,2521,2,17766,1833086470,4669,-1507
6003,2521,3,17767,1833945463,8240,-4303
6003,2522,0,17768,1834804456,-916,-458
6003,2522,1,17769,1835663449,62,-6531
6003,2522,2,17770,1836522442,1013,-5094
6003,2522,3,17771,1837381435,-233,3499
6003,2523,0,17772,1838240428,2922,-561
6003,2523,1,17773,1839099421,6371,-3475
6003,2523,2,17774,1839958414,1604,-4698
6003,2523,3,17775,1840817407,-3146,-5344
6003,2524,0,17776,1841676400,3089,-2209
6003,2524,1,17777,1842535393,-820,-3026
6003,2524,2,17778,1843394386,-6061,-2408
6003,2524,3,17779,1844253379,1498,2392
6003,2525,0,17780,1845112372,2745,3457
6003,2525,1,17781,1845971365,3158,-1141
6003,2525,2,17782,1846830358,1849,-1538
6003,2525,3,17783,1847689351,-1999,1974
6003,2526,0,17784,1848548344,-2129,-321
6003,2526,1,17785,1849407337,-7120,1846
6003,2526,2,17786,1850266330,-2512,3716
6003,2526,3,17787,1851125323,3663,-746
6003,2527,0,17788,1851984316,-1733,6225
6003,2527,1,17789,1852843309,31,9602
6003,2527,2,17790,1853702302,-1585,-978
6003,2527,3,17791,1854561295,-8792,-4356
6003,2528,0,17792,1855420288,-6862,-525
6003,2528,1,17793,1856279281,-3308,3016
6003,2528,2,17794,1857138274,-2109,2446
6003,2528,3,17795,1857997267,-1584,-549
6003,2529,0,17796,1858856260,-751,4320
6003,2529,1,17797,1859715253,-280,10425
6003,2529,2,17798,1860574246,2587,5826
6003,2529,3,17799,1861433239,4435,-2135
6003,2530,0,17800,1862292232,1099,-1327
6003,2530,1,17801,1863151225,3103,936
6003,2530,2,17802,1864010218,920,-1224
6003,2530,3,17803,1864869211,-4458,-2982
6003,2531,0,17804,1865728204,-16,-8389
6003,2531,1,17805,1866587197,285,-8026
6003,2531,2,17806,1867446190,746,656
6003,2531,3,17807,1868305183,2425,3642
6003,2532,0,17808,1869164176,-1541,4454
6003,2532,1,17809,1870023169,-2461,-1784
6003,2532,2,17810,1870882162,-4960,-4678
6003,2532,3,17811,1871741155,-3772,8233
6003,2533,0,17812,1872600148,-1670,3207
6003,2533,1,17813,1873459141,-2353,-9895
6003,2533,2,17814,1874318134,2497,1304
6003,2533,3,17815,1875177127,-4930,7929
6003,2534,0,17816,1876036120,-7659,-1789
6003,2534,1,17817,1876895113,5079,-3388
6003,2534,2,17818,1877754106,500,1139
6003,2534,3,17819,1878613099,-4192,-2326
6003,2535,0,17820,1879472092,229,-3874
6003,2535,1,17821,1880331085,-2393,1358
6003,2535,2,17822,1881190078,628,201
6003,2535,3,17823,1882049071,5325,318
6003,2536,0,17824,1882908064,2400,2223
6003,2536,1,17825,1883767057,-934,-2467
6003,2536,2,17826,1884626050,550,-389
6003,2536,3,17827,1885485043,2786,-58
6003,2537,0,17828,1886344036,1312,-6666
6003,2537,1,17829,1887203029,-689,-2597
6003,2537,2,17830,1888062022,-7200,2259
6003,2537,3,17831,1888921015,-7957,733
6003,2538,0,17832,1889780008,695,1080
6003,2538,1,17833,1890639001,1161,343
6003,2538,2,17834,1891497994,2423,-2170
6003,2538,3,17835,1892356987,1880,-3703
6003,2539,0,17836,1893215980,-4407,-1860
6003,2539,1,17837,1894074973,961,-437
6003,2539,2,17838,1894933966,2882,-1993
6003,2539,3,17839,1895792959,-1316,3786
6003,2540,0,17840,1896651952,-1550,8726
6003,2540,1,17841,1897510945,-3674,3848
6003,2540,2,17842,1898369938,3631,4632
6003,2540,3,17843,1899228931,6886,2937
6003,2541,0,17844,1900087924,-3772,-5027
6003,2541,1,17845,1900946917,-1788,-294
6003,2541,2,17846,1901805910,3967,-868
6003,2541,3,17847,1902664903,207,-9251
6003,2542,0,17848,1903523896,1137,-6104
6003,2542,1,17849,1904382889,4110,-7259
6003,2542,2,17850,1905241882,333,-5888
6003,2542,3,17851,1906100875,-3221,3659
6003,2543,0,17852,1906959868,-325,-700
6003,2543,1,17853,1907818861,536,-7427
6003,2543,2,17854,1908677854,650,-2631
6003,2543,3,17855,1909536847,5604,4656
6003,2544,0,17856,1910395840,2225,-629
6003,2544,1,17857,1911254833,-2629,-6175
6003,2544,2,17858,1912113826,1933,6151
6003,2544,3,17859,1912972819,2337,5139
6003,2545,0,17860,1913831812,1786,-868
6003,2545,1,17861,1914690805,4108,5863
6003,2545,2,17862,1915549798,3491,-882
6003,2545,3,17863,1916408791,4067,1121
6003,2546,0,17864,1917267784,938,5205
6003,2546,1,17865,1918126777,-2222,-3614
6003,2546,2,17866,1918985770,3187,4269
6003,2546,3,17867,1919844763,5305,-511
6003,2547,0,17868,1920703756,3464,-9228
6003,2547,1,17869,1921562749,4507,5936
6003,2547,2,17870,1922421742,3020,4426
6003,2547,3,17871,1923280735,-13,-2448
6003,2548,0,17872,1924139728,-1021,1304
6003,2548,1,17873,1924998721,-1903,-2867
6003,2548,2,17874,1925857714,-1189,-5732
6003,2548,3,17875,1926716707,-135,-3699
6003,2549,0,17876,1927575700,-4131,-472
6003,2549,1,17877,1928434693,-5236,-1031
6003,2549,2,17878,1929293686,879,-3055
6003,2549,3,17879,1930152679,-1094,-206
6003,2550,0,17880,1931011672,-5912,1056
6003,2550,1,17881,1931870665,-249,-312
6003,2550,2,17882,1932729658,1422,-2654
6003,2550,3,17883,1933588651,-2060,3424
6003,2551,0,17884,1934447644,-1008,7541
6003,2551,1,17885,1935306637,-2366,-2411
6003,2551,2,17886,1936165630,-2478,-1038
6003,2551,3,17887,1937024623,-160,5430
6003,2552,0,17888,1937883616,-1686,4106
6003,2552,1,17889,1938742609,2233,998
6003,2552,2,17890,1939601602,6061,-5572
6003,2552,3,17891,1940460595,2029,1199
6003,2553,0,17892,1941319588,4102,6328
6003,2553,1,17893,1942178581,4207,-3761
6003,2553,2,17894,1943037574,-6759,-1934
6003,2553,3,17895,1943896567,-8141,3196
6003,2554,0,17896,1944755560,2066,897
6003,2554,1,17897,1945614553,4448,821
6003,2554,2,17898,1946473546,-364,798
6003,2554,3,17899,1947332539,1607,-2106
6003,2555,0,17900,1948191532,2608,-3176
6003,2555,1,17901,1949050525,-3079,-1546
6003,2555,2,17902,1949909518,475,-6221
6003,2555,3,17903,1950768511,2523,-3319
6003,2556,0,17904,1951627504,-2759,2720
6003,2556,1,17905,1952486497,1174,-4079
6003,2556,2,17906,1953345490,2561,134
6003,2556,3,17907,1954204483,2843,1636
6003,2557,0,17908,1955063476,7172,-5553
6003,2557,1,17909,1955922469,3871,-3100
6003,2557,2,17910,1956781462,1930,-7931
6003,2557,3,17911,1957640455,-3038,-4330
6003,2558,0,17912,1958499448,-6805,2307
6003,2558,1,17913,1959358441,87,-2953
6003,2558,2,17914,1960217434,1197,1997
6003,2558,3,17915,1961076427,4131,-136
6003,2559,0,17916,1961935420,3302,-2369
6003,2559,1,17917,1962794413,-3918,2348
6003,2559,2,17918,1963653406,2143,-2514
6003,2559,3,17919,1964512399,1662,769
6003,2560,0,18432,2405175808,-574,-364
6003,2560,1,18433,2406034801,7123,-118
6003,2560,2,18434,2406893794,1126,1123
6003,2560,3,18435,2407752787,115,-841
6003,2561,0,18436,2408611780,-2490,4493
6003,2561,1,18437,2409470773,-3927,2431
6003,2561,2,18438,2410329766,2099,-574
6003,2561,3,18439,2411188759,-2750,3516
6003,2562,0,18440,2412047752,773,-2237
6003,2562,1,18441,2412906745,723,-798
6003,2562,2,18442,2413765738,-3641,5102
6003,2562,3,18443,2414624731,2703,2028
6003,2563,0,18444,2415483724,-1943,1254
6003,2563,1,18445,2416342717,332,-4000
6003,2563,2,18446,2417201710,1344,-6133
6003,2563,3,18447,2418060703,-8670,-431
6003,2564,0,18448,2418919696,-4608,1909
6003,2564,1,18449,2419778689,-5545,5725
6003,2564,2,18450,2420637682,-3114,4911
6003,2564,3,18451,2421496675,2847,2137
6003,2565,0,18452,2422355668,-4452,2389
6003,2565,1,18453,2423214661,305,-1964
6003,2565,2,18454,2424073654,992,-130
6003,2565,3,18455,2424932647,-7169,2081
6003,2566,0,18456,2425791640,-2748,-3225
6003,2566,1,18457,2426650633,-2032,-382
6003,2566,2,18458,2427509626,-3672,2819
6003,2566,3,18459,2428368619,-192,-515
6003,2567,0,18460,2429227612,854,2269
6003,2567,1,18461,2430086605,-163,4816
6003,2567,2,18462,2430945598,2865,-3394
6003,2567,3,18463,2431804591,2722,-9376
6003,2568,0,18464,2432663584,-4949,-974
6003,2568,1,18465,2433522577,1272,5955
6003,2568,2,18466,2434381570,5651,2601
6003,2568,3,18467,2435240563,-5096,3837
6003,2569,0,18468,2436099556,-2994,4742
6003,2569,1,18469,2436958549,3353,-526
6003,2569,2,18470,2437817542,5243,-69
6003,2569,3,18471,2438676535,3033,-684
6003,2570,0,18472,2439535528,-3658,-3642
6003,2570,1,18473,2440394521,3628,-647
6003,2570,2,18474,2441253514,7431,-935
6003,2570,3,18475,2442112507,-1171,-638
6003,2571,0,18476,2442971500,-1908,1658
6003,2571,1,18477,2443830493,1255,-4053
6003,2571,2,18478,2444689486,1351,-4168
6003,2571,3,18479,2445548479,-2253,1272
6003,2572,0,18480,2446407472,-2124,-2857
6003,2572,1,18481,2447266465,781,-5774
6003,2572,2,18482,2448125458,-2008,-1673
6003,2572,3,18483,2448984451,-5015,-967
6003,2573,0,18484,2449843444,-4770,-2560
6003,2573,1,18485,2450702437,546,-1353
6003,2573,2,18486,2451561430,-572,-704
6003,2573,3,18487,2452420423,-704,1373
6003,2574,0,18488,2453279416,7964,5452
6003,2574,1,18489,2454138409,-3728,3335
6003,2574,2,18490,2454997402,-8002,3259
6003,2574,3,18491,2455856395,4944,5887
6003,2575,0,18492,2456715388,-1597,-599
6003,2575,1,18493,2457574381,762,-1362
6003,2575,2,18494,2458433374,4876,4122
6003,2575,3,18495,2459292367,-3087,3256
6003,2576,0,18496,2460151360,3747,4510
6003,2576,1,18497,2461010353,2020,3324
6003,2576,2,18498,2461869346,183,1477
6003,2576,3,18499,2462728339,8318,4172
6003,2577,0,18500,2463587332,-1403,-1241
6003,2577,1,18501,2464446325,-5055,-1812
6003,2577,2,18502,2465305318,3422,6036
6003,2577,3,18503,2466164311,970,3079
6003,2578,0,18504,2467023304,-6409,-930
6003,2578,1,18505,2467882297,-5011,156
6003,2578,2,18506,2468741290,3915,-1917
6003,2578,3,18507,2469600283,-778,-2141
6003,2579,0,18508,2470459276,-8756,2031
6003,2579,1,18509,2471318269,-5748,2356
6003,2579,2,18510,2472177262,-8637,-1536
6003,2579,3,18511,2473036255,-5803,1960
6003,2580,0,18512,2473895248,1380,2261
6003,2580,1,18513,2474754241,-3589,-5614
6003,2580,2,18514,2475613234,-1629,2015
6003,2580,3,18515,2476472227,4443,8076
6003,2581,0,18516,2477331220,3321,-1365
6003,2581,1,18517,2478190213,7194,-1830
6003,2581,2,18518,2479049206,7511,-434
6003,2581,3,18519,2479908199,-579,478
6003,2582,0,18520,2480767192,-1784,3300
6003,2582,1,18521,2481626185,-220,-3331
6003,2582,2,18522,2482485178,-3084,-1984
6003,2582,3,18523,2483344171,-3564,3102
6003,2583,0,18524,2484203164,-875,789
6003,2583,1,18525,2485062157,870,2118
6003,2583,2,18526,2485921150,1124,-3826
6003,2583,3,18527,2486780143,2920,-9075
6003,2584,0,18528,2487639136,1050,-3003
6003,2584,1,18529,2488498129,-6314,-192
6003,2584,2,18530,2489357122,-3699,1884
6003,2584,3,18531,2490216115,978,2143
6003,2585,0,18532,2491075108,-2563,-1199
6003,2585,1,18533,2491934101,198,484
6003,2585,2,18534,2492793094,1367,4878
6003,2585,3,18535,2493652087,-1168,3480
6003,2586,0,18536,2494511080,2014,-2037
6003,2586,1,18537,2495370073,-1376,-683
6003,2586,2,18538,2496229066,-4015,-2345
6003,2586,3,18539,2497088059,969,-3542
6003,2587,0,18540,2497947052,-1580,5341
6003,2587,1,18541,2498806045,-4063,-2134
6003,2587,2,18542,2499665038,5173,-8501
6003,2587,3,18543,2500524031,6903,1945
6003,2588,0,18544,2501383024,-7090,-931
6003,2588,1,18545,2502242017,-4473,-3196
6003,2588,2,18546,2503101010,9796,-758
6003,2588,3,18547,2503960003,1454,-5251
6003,2589,0,18548,2504818996,-4894,-3932
6003,2589,1,18549,2505677989,3128,-1908
6003,2589,2,18550,2506536982,4049,1268
6003,2589,3,18551,2507395975,2463,2610
6003,2590,0,18552,2508254968,-3987,-860
6003,2590,1,18553,2509113961,-9938,-164
6003,2590,2,18554,2509972954,-4608,-3690
6003,2590,3,18555,2510831947,-1565,-2722
6003,2591,0,18556,2511690940,-358,3524
6003,2591,1,18557,2512549933,183,1348
6003,2591,2,18558,2513408926,-3225,2518
6003,2591,3,18559,2514267919,1062,4420
6003,2592,0,18560,2515126912,9564,1777
6003,2592,1,18561,2515985905,7953,492
6003,2592,2,18562,2516844898,692,-1155
6003,2592,3,18563,2517703891,909,-1753
6003,2593,0,18564,2518562884,3834,-2137
6003,2593,1,18565,2519421877,1889,-4677
6003,2593,2,18566,2520280870,-1668,-9235
6003,2593,3,18567,2521139863,-3359,-5917
6003,2594,0,18568,2521998856,5140,1559
6003,2594,1,18569,2522857849,10149,-751
6003,2594,2,18570,2523716842,675,1608
6003,2594,3,18571,2524575835,1065,2089
6003,2595,0,18572,2525434828,4777,-6393
6003,2595,1,18573,2526293821,113,-4214
6003,2595,2,18574,2527152814,1591,-1636
6003,2595,3,18575,2528011807,515,-407
6003,2596,0,18576,2528870800,-2848,3157
6003,2596,1,18577,2529729793,1338,2586
6003,2596,2,18578,2530588786,3313,3635
6003,2596,3,18579,2531447779,69,-3091
6003,2597,0,18580,2532306772,-2818,-5403
6003,2597,1,18581,2533165765,-2474,3088
6003,2597,2,18582,2534024758,-3747,-1224
6003,2597,3,18583,2534883751,-5332,-2649
6003,2598,0,18584,2535742744,-4344,4927
6003,2598,1,18585,2536601737,-3340,4582
6003,2598,2,18586,2537460730,2688,1063
6003,2598,3,18587,2538319723,-197,47
6003,2599,0,18588,2539178716,-8313,247
6003,2599,1,18589,2540037709,-1920,-1971
6003,2599,2,18590,2540896702,-2703,3516
6003,2599,3,18591,2541755695,-4988,8393
6003,2600,0,18592,2542614688,187,-1722
6003,2600,1,18593,2543473681,-4023,1364
6003,2600,2,18594,2544332674,-591,8600
6003,2600,3,18595,2545191667,-302,-2464
6003,2601,0,18596,2546050660,-5081,-7526
6003,2601,1,18597,2546909653,6465,-4224
6003,2601,2,18598,2547768646,5519,56
6003,2601,3,18599,2548627639,2233,1644
6003,2602,0,18600,2549486632,5745,-1763
6003,2602,1,18601,2550345625,-9164,3344
6003,2602,2,18602,2551204618,-8844,2427
6003,2602,3,18603,2552063611,4652,-5857
6003,2603,0,18604,2552922604,1424,1232
6003,2603,1,18605,2553781597,-114,3894
6003,2603,2,18606,2554640590,-2677,-2854
6003,2603,3,18607,2555499583,-4196,2370
6003,2604,0,18608,2556358576,4760,6451
6003,2604,1,18609,2557217569,5231,1613
6003,2604,2,18610,2558076562,1078,-1613
6003,2604,3,18611,2558935555,3735,-1041
6003,2605,0,18612,2559794548,3776,4867
6003,2605,1,18613,2560653541,-2252,6742
6003,2605,2,18614,2561512534,-4896,3272
6003,2605,3,18615,2562371527,-575,5508
6003,2606,0,18616,2563230520,-1090,4864
6003,2606,1,18617,2564089513,-7618,1668
6003,2606,2,18618,2564948506,-7537,2002
6003,2606,3,18619,2565807499,-2047,-937
6003,2607,0,18620,2566666492,859,-487
6003,2607,1,18621,2567525485,2494,4381
6003,2607,2,18622,2568384478,4363,4798
6003,2607,3,18623,2569243471,3671,1513
6003,2608,0,18624,2570102464,273,823
6003,2608,1,18625,2570961457,-2268,4531
6003,2608,2,18626,2571820450,-1798,2763
6003,2608,3,18627,2572679443,-3003,-413
6003,2609,0,18628,2573538436,-2708,243
6003,2609,1,18629,2574397429,2682,-333
6003,2609,2,18630,2575256422,1241,-26
6003,2609,3,18631,2576115415,-54,-5670
6003,2610,0,18632,2576974408,2059,-5535
6003,2610,1,18633,2577833401,-3340,3187
6003,2610,2,18634,2578692394,-1154,-240
6003,2610,3,18635,2579551387,1082,2060
6003,2611,0,18636,2580410380,-4407,4394
6003,2611,1,18637,2581269373,1151,-2682
6003,2611,2,18638,2582128366,3255,4050
6003,2611,3,18639,2582987359,1802,3363
6003,2612,0,18640,2583846352,4468,-2195
6003,2612,1,18641,2584705345,-1578,2776
6003,2612,2,18642,2585564338,-3949,-588
6003,2612,3,18643,2586423331,-1751,2774
6003,2613,0,18644,2587282324,1098,6551
6003,2613,1,18645,2588141317,3883,-78
6003,2613,2,18646,2589000310,-1866,2185
6003,2613,3,18647,2589859303,-1690,345
6003,2614,0,18648,2590718296,-127,-1537
6003,2614,1,18649,2591577289,2,2552
6003,2614,2,18650,2592436282,5648,-2306
6003,2614,3,18651,2593295275,744,-2541
6003,2615,0,18652,2594154268,-207,-490
6003,2615,1,18653,2595013261,4520,-2622
6003,2615,2,18654,2595872254,-393,-1496
6003,2615,3,18655,2596731247,-1349,-6592
6003,2616,0,18656,2597590240,-2250,-8112
6003,2616,1,18657,2598449233,-969,-770
6003,2616,2,18658,2599308226,2796,-612
6003,2616,3,18659,2600167219,-1076,399
6003,2617,0,18660,2601026212,-1232,1871
6003,2617,1,18661,2601885205,-1630,-5262
6003,2617,2,18662,2602744198,-703,-4164
6003,2617,3,18663,2603603191,3387,4008
6003,2618,0,18664,2604462184,809,1809
6003,2618,1,18665,2605321177,1900,-712
6003,2618,2,18666,2606180170,1218,4206
6003,2618,3,18667,2607039163,-1166,2668
6003,2619,0,18668,2607898156,329,-1392
6003,2619,1,18669,2608757149,-5026,3006
6003,2619,2,18670,2609616142,-3466,529
6003,2619,3,18671,2610475135,1691,-3958
6003,2620,0,18672,2611334128,-2003,4224
6003,2620,1,18673,2612193121,-534,3719
6003,2620,2,18674,2613052114,2311,-1368
6003,2620,3,18675,2613911107,1224,-370
6003,2621,0,18676,2614770100,1533,-3264
6003,2621,1,18677,2615629093,3730,3963
6003,2621,2,18678,2616488086,5126,6128
6003,2621,3,18679,2617347079,807,-2679
6003,2622,0,18680,2618206072,-2279,2005
6003,2622,1,18681,2619065065,610,-1288
6003,2622,2,18682,2619924058,2462,-5087
6003,2622,3,18683,2620783051,-610,3169
6003,2623,0,18684,2621642044,-3741,163
6003,2623,1,18685,2622501037,-2743,-2436
6003,2623,2,18686,2623360030,-383,-3341
6003,2623,3,18687,2624219023,4331,-1154
6003,2624,0,18688,2625078016,1576,3106
6003,2624,1,18689,2625937009,-7804,-4504
6003,2624,2,18690,2626796002,-2405,210
6003,2624,3,18691,2627654995,3162,3010
6003,2625,0,18692,2628513988,-2115,-3856
6003,2625,1,18693,2629372981,498,3240
6003,2625,2,18694,2630231974,2759,-1400
6003,2625,3,18695,2631090967,-5333,-7202
6003,2626,0,18696,2631949960,-6062,-2781
6003,2626,1,18697,2632808953,4835,-3876
6003,2626,2,18698,2633667946,5429,2470
6003,2626,3,18699,2634526939,-2693,3092
6003,2627,0,18700,2635385932,-3150,2021
6003,2627,1,18701,2636244925,-4805,3728
6003,2627,2,18702,2637103918,-6014,-2682
6003,2627,3,18703,2637962911,-1100,5938
6003,2628,0,18704,2638821904,4784,8186
6003,2628,1,18705,2639680897,7596,-3254
6003,2628,2,18706,2640539890,-1659,-1004
6003,2628,3,18707,2641398883,-6322,-2346
6003,2629,0,18708,2642257876,276,-2357
6003,2629,1,18709,2643116869,894,2861
6003,2629,2,18710,2643975862,1273,516
6003,2629,3,18711,2644834855,-555,-1416
6003,2630,0,18712,2645693848,-1582,-3714
6003,2630,1,18713,2646552841,3892,114
6003,2630,2,18714,2647411834,4257,4052
6003,2630,3,18715,2648270827,3380,1421
6003,2631,0,18716,2649129820,-262,3279
6003,2631,1,18717,2649988813,-2335,-1151
6003,2631,2,18718,2650847806,-1424,-1707
6003,2631,3,18719,2651706799,-5652,5084
6003,2632,0,18720,2652565792,2639,-3656
6003,2632,1,18721,2653424785,7002,-5427
6003,2632,2,18722,2654283778,-4587,4256
6003,2632,3,18723,2655142771,-4634,150
6003,2633,0,18724,2656001764,-637,-733
6003,2633,1,18725,2656860757,1903,2808
6003,2633,2,18726,2657719750,3486,-2829
6003,2633,3,18727,2658578743,1200,1014
6003,2634,0,18728,2659437736,3697,3730
6003,2634,1,18729,2660296729,1896,-7292
6003,2634,2,18730,2661155722,-100,-5878
6003,2634,3,18731,2662014715,-821,-742
6003,2635,0,18732,2662873708,-2482,-3264
6003,2635,1,18733,2663732701,4352,406
6003,2635,2,18734,2664591694,-512,1660
6003,2635,3,18735,2665450687,-9352,3919
6003,2636,0,18736,2666309680,-4100,7212
6003,2636,1,18737,2667168673,-2592,-469
6003,2636,2,18738,2668027666,-1525,-1637
6003,2636,3,18739,2668886659,-108,3792
6003,2637,0,18740,2669745652,852,2164
6003,2637,1,18741,2670604645,3967,-474
6003,2637,2,18742,2671463638,-1915,-2711
6003,2637,3,18743,2672322631,-1718,-1954
6003,2638,0,18744,2673181624,3806,2519
6003,2638,1,18745,2674040617,-2822,1561
6003,2638,2,18746,2674899610,-4958,-2024
6003,2638,3,18747,2675758603,330,466
6003,2639,0,18748,2676617596,-3582,1093
6003,2639,1,18749,2677476589,-9108,-3305
6003,2639,2,18750,2678335582,-3557,-1744
6003,2639,3,18751,2679194575,-2568,701
6003,2640,0,18752,2680053568,-7745,-3123
6003,2640,1,18753,2680912561,-636,-8718
6003,2640,2,18754,2681771554,916,-5842
6003,2640,3,18755,2682630547,-3715,7169
6003,2641,0,18756,2683489540,3744,7806
6003,2641,1,18757,2684348533,2289,1075
6003,2641,2,18758,2685207526,-4863,3779
6003,2641,3,18759,2686066519,-68,2802
6003,2642,0,18760,2686925512,3938,298
6003,2642,1,18761,2687784505,4044,-654
6003,2642,2,18762,2688643498,133,-109
6003,2642,3,18763,2689502491,-5975,3666
6003,2643,0,18764,2690361484,-2332,-817
6003,2643,1,18765,2691220477,2666,-1742
6003,2643,2,18766,2692079470,-3491,3108
6003,2643,3,18767,2692938463,-9356,1064
6003,2644,0,18768,2693797456,-5827,-117
6003,2644,1,18769,2694656449,-2955,-528
6003,2644,2,18770,2695515442,-2207,603
6003,2644,3,18771,2696374435,2672,2128
6003,2645,0,18772,2697233428,2138,242
6003,2645,1,18773,2698092421,-4320,-1305
6003,2645,2,18774,2698951414,-1358,-1638
6003,2645,3,18775,2699810407,3072,2226
6003,2646,0,18776,2700669400,-943,-2339
6003,2646,1,18777,2701528393,-1397,-9084
6003,2646,2,18778,2702387386,-2316,-2925
6003,2646,3,18779,2703246379,-3353,-654
6003,2647,0,18780,2704105372,2229,3937
6003,2647,1,18781,2704964365,-2844,5507
6003,2647,2,18782,2705823358,-5525,-5906
6003,2647,3,18783,2706682351,2208,-7427
6003,2648,0,18784,2707541344,-1950,-2996
6003,2648,1,18785,2708400337,544,4968
6003,2648,2,18786,2709259330,6643,6505
6003,2648,3,18787,2710118323,-2181,-4517
6003,2649,0,18788,2710977316,-4638,-2730
6003,2649,1,18789,2711836309,-2679,-2834
6003,2649,2,18790,2712695302,-666,-2132
6003,2649,3,18791,2713554295,-905,6589
6003,2650,0,18792,2714413288,-5197,-239
6003,2650,1,18793,2715272281,2467,992
6003,2650,2,18794,2716131274,2547,5870
6003,2650,3,18795,2716990267,685,-2105
6003,2651,0,18796,2717849260,9380,-400
6003,2651,1,18797,2718708253,-292,1527
6003,2651,2,18798,2719567246,-2018,2204
6003,2651,3,18799,2720426239,5281,4220
6003,2652,0,18800,2721285232,-5538,-589
6003,2652,1,18801,2722144225,-714,938
6003,2652,2,18802,2723003218,5035,4036
6003,2652,3,18803,2723862211,-4579,-649
6003,2653,0,18804,2724721204,-1527,-3623
6003,2653,1,18805,2725580197,-1230,1980
6003,2653,2,18806,2726439190,-3617,4022
6003,2653,3,18807,2727298183,991,767
6003,2654,0,18808,2728157176,-953,6212
6003,2654,1,18809,2729016169,-469,424
6003,2654,2,18810,2729875162,2243,-5839
6003,2654,3,18811,2730734155,831,8964
6003,2655,0,18812,2731593148,2561,8185
6003,2655,1,18813,2732452141,4324,-357
6003,2655,2,18814,2733311134,3540,1296
6003,2655,3,18815,2734170127,4268,-1802
6003,2656,0,18816,2735029120,4331,259
6003,2656,1,18817,2735888113,-5836,-858
6003,2656,2,18818,2736747106,-14186,-2886
6003,2656,3,18819,2737606099,-2834,3972
6003,2657,0,18820,2738465092,2797,299
6003,2657,1,18821,2739324085,-4961,-3900
6003,2657,2,18822,2740183078,958,-2933
6003,2657,3,18823,2741042071,8531,-2359
6003,2658,0,18824,2741901064,5008,314
6003,2658,1,18825,2742760057,2822,-7099
6003,2658,2,18826,2743619050,-584,-6646
6003,2658,3,18827,2744478043,66,5411
6003,2659,0,18828,2745337036,8510,583
6003,2659,1,18829,2746196029,5730,-4695
6003,2659,2,18830,2747055022,-4432,-716
6003,2659,3,18831,2747914015,-4377,-1792
6003,2660,0,18832,2748773008,-1876,-2318
6003,2660,1,18833,2749632001,-2843,-1350
6003,2660,2,18834,2750490994,446,1395
6003,2660,3,18835,2751349987,3977,3364
6003,2661,0,18836,2752208980,2036,537
6003,2661,1,18837,2753067973,-1971,3535
6003,2661,2,18838,2753926966,-7488,5287
6003,2661,3,18839,2754785959,-7155,55
6003,2662,0,18840,2755644952,2180,1028
6003,2662,1,18841,2756503945,5084,4376
6003,2662,2,18842,2757362938,3673,5050
6003,2662,3,18843,2758221931,5385,4305
6003,2663,0,18844,2759080924,-71,289
6003,2663,1,18845,2759939917,-1892,-1448
6003,2663,2,18846,2760798910,6536,-571
6003,2663,3,18847,2761657903,4715,-2420
6003,2664,0,18848,2762516896,-694,-3835
6003,2664,1,18849,2763375889,3464,338
6003,2664,2,18850,2764234882,4241,2121
6003,2664,3,18851,2765093875,2050,-2147
6003,2665,0,18852,2765952868,2262,-2279
6003,2665,1,18853,2766811861,993,-2571
6003,2665,2,18854,2767670854,3558,-1852
6003,2665,3,18855,2768529847,3361,1616
6003,2666,0,18856,2769388840,-2684,-3952
6003,2666,1,18857,2770247833,1498,-5010
6003,2666,2,18858,2771106826,3279,-1099
6003,2666,3,18859,2771965819,-3966,-3740
6003,2667,0,18860,2772824812,862,-3684
6003,2667,1,18861,2773683805,3106,-3506
6003,2667,2,18862,2774542798,-5043,3800
6003,2667,3,18863,2775401791,-1115,10903
6003,2668,0,18864,2776260784,3349,677
6003,2668,1,18865,2777119777,-2856,-3002
6003,2668,2,18866,2777978770,-1701,2147
6003,2668,3,18867,2778837763,4812,2131
6003,2669,0,18868,2779696756,85,-2847
6003,2669,1,18869,2780555749,-7362,-8137
6003,2669,2,18870,2781414742,-5749,-1907
6003,2669,3,18871,2782273735,-4266,2759
6003,2670,0,18872,2783132728,-51,2010
6003,2670,1,18873,2783991721,6669,-152
6003,2670,2,18874,2784850714,957,-4596
6003,2670,3,18875,2785709707,-4634,3761
6003,2671,0,18876,2786568700,-4083,5157
6003,2671,1,18877,2787427693,-6281,-1281
6003,2671,2,18878,2788286686,-4904,-262
6003,2671,3,18879,2789145679,-3705,-6748
6003,2672,0,18880,2790004672,-2699,-1519
6003,2672,1,18881,2790863665,-2100,4335
6003,2672,2,18882,2791722658,-5735,-2872
6003,2672,3,18883,2792581651,-113,4738
6003,2673,0,18884,2793440644,2261,3828
6003,2673,1,18885,2794299637,-4370,-5542
6003,2673,2,18886,2795158630,754,-666
6003,2673,3,18887,2796017623,2456,1098
6003,2674,0,18888,2796876616,-1353,-2529
6003,2674,1,18889,2797735609,4230,-2475
6003,2674,2,18890,2798594602,2940,4480
6003,2674,3,18891,2799453595,-3090,2048
6003,2675,0,18892,2800312588,-2519,-4442
6003,2675,1,18893,2801171581,-1600,575
6003,2675,2,18894,2802030574,-522,-5261
6003,2675,3,18895,2802889567,294,-2879
6003,2676,0,18896,2803748560,2837,6828
6003,2676,1,18897,2804607553,4138,-3208
6003,2676,2,18898,2805466546,-955,-87
6003,2676,3,18899,2806325539,-702,8613
6003,2677,0,18900,2807184532,-1404,5078
6003,2677,1,18901,2808043525,-8939,2625
6003,2677,2,18902,2808902518,-4079,-3351
6003,2677,3,18903,2809761511,223,-4210
6003,2678,0,18904,2810620504,-5090,-1430
6003,2678,1,18905,2811479497,2568,1337
6003,2678,2,18906,2812338490,7968,-217
6003,2678,3,18907,2813197483,-249,-5896
6003,2679,0,18908,2814056476,-1424,1377
6003,2679,1,18909,2814915469,419,-2446
6003,2679,2,18910,2815774462,237,-8399
6003,2679,3,18911,2816633455,1201,3091
6003,2680,0,18912,2817492448,-29,-532
6003,2680,1,18913,2818351441,139,-4033
6003,2680,2,18914,2819210434,22,-2521
6003,2680,3,18915,2820069427,1307,-9444
6003,2681,0,18916,2820928420,2382,-5838
6003,2681,1,18917,2821787413,-4651,-2568
6003,2681,2,18918,2822646406,-4636,333
6003,2681,3,18919,2823505399,4602,6128
6003,2682,0,18920,2824364392,8469,1295
6003,2682,1,18921,2825223385,9466,-4032
6003,2682,2,18922,2826082378,5154,-4185
6003,2682,3,18923,2826941371,-1608,-357
6003,2683,0,18924,2827800364,-698,-386
6003,2683,1,18925,2828659357,1113,-5100
6003,2683,2,18926,2829518350,1562,-4359
6003,2683,3,18927,2830377343,2570,-2963
6003,2684,0,18928,2831236336,-395,-1148
6003,2684,1,18929,2832095329,-4451,-1481
6003,2684,2,18930,2832954322,-4265,-4266
6003,2684,3,18931,2833813315,-190,-5918
6003,2685,0,18932,2834672308,2369,-4473
6003,2685,1,18933,2835531301,849,1932
6003,2685,2,18934,2836390294,1537,-3801
6003,2685,3,18935,2837249287,3346,-6595
6003,2686,0,18936,2838108280,-561,-36
6003,2686,1,18937,2838967273,-3138,-6327
6003,2686,2,18938,2839826266,2220,-1355
6003,2686,3,18939,2840685259,6356,1642
6003,2687,0,18940,2841544252,1769,-5778
6003,2687,1,18941,2842403245,-3201,4233
6003,2687,2,18942,2843262238,-1747,2365
6003,2687,3,18943,2844121231,-3091,-859
6003,2688,0,18944,2844980224,-3721,2726
6003,2688,1,18945,2845839217,2880,-8213
6003,2688,2,18946,2846698210,316,-1712
6003,2688,3,18947,2847557203,-2734,1984
6003,2689,0,18948,2848416196,2814,-7711
6003,2689,1,18949,2849275189,-3462,-1216
6003,2689,2,18950,2850134182,-5439,-1221
6003,2689,3,18951,2850993175,2847,580
6003,2690,0,18952,2851852168,-772,4873
6003,2690,1,18953,2852711161,277,-4748
6003,2690,2,18954,2853570154,4788,782
6003,2690,3,18955,2854429147,-884,10672
6003,2691,0,18956,2855288140,-1548,3104
6003,2691,1,18957,2856147133,347,-5189
6003,2691,2,18958,2857006126,626,-2591
6003,2691,3,18959,2857865119,23,3709
6003,2692,0,18960,2858724112,-769,2275
6003,2692,1,18961,2859583105,3394,2137
6003,2692,2,18962,2860442098,-1437,164
6003,2692,3,18963,2861301091,-6205,-3563
6003,2693,0,18964,2862160084,2359,5526
6003,2693,1,18965,2863019077,3042,5834
6003,2693,2,18966,2863878070,-274,1613
6003,2693,3,18967,2864737063,1803,7209
6003,2694,0,18968,2865596056,4348,-16
6003,2694,1,18969,2866455049,7935,-5885
6003,2694,2,18970,2867314042,892,-3919
6003,2694,3,18971,2868173035,-6389,-9441
6003,2695,0,18972,2869032028,-324,-4624
6003,2695,1,18973,2869891021,148,4969
6003,2695,2,18974,2870750014,-4031,5214
6003,2695,3,18975,2871609007,-3569,3901
6003,2696,0,18976,2872468000,-2224,-1714
6003,2696,1,18977,2873326993,1648,-4064
6003,2696,2,18978,2874185986,3079,407
6003,2696,3,18979,2875044979,1388,-1554
6003,2697,0,18980,2875903972,-385,-1910
6003,2697,1,18981,2876762965,-4108,3305
6003,2697,2,18982,2877621958,-952,-2577
6003,2697,3,18983,2878480951,6108,-8465
6003,2698,0,18984,2879339944,4021,-251
6003,2698,1,18985,2880198937,1041,-2864
6003,2698,2,18986,2881057930,2026,-11179
6003,2698,3,18987,2881916923,-194,-969
6003,2699,0,18988,2882775916,-168,5030
6003,2699,1,18989,2883634909,2120,3973
6003,2699,2,18990,2884493902,-2591,4945
6003,2699,3,18991,2885352895,-6183,-2692
6003,2700,0,18992,2886211888,-1038,-2223
6003,2700,1,18993,2887070881,4767,1982
6003,2700,2,18994,2887929874,3557,-387
6003,2700,3,18995,2888788867,-2532,222
6003,2701,0,18996,2889647860,704,-6817
6003,2701,1,18997,2890506853,7456,-5009
6003,2701,2,18998,2891365846,1963,1328
6003,2701,3,18999,2892224839,1927,-7457
6003,2702,0,19000,2893083832,4749,389
6003,2702,1,19001,2893942825,-3377,5035
6003,2702,2,19002,2894801818,1038,-7607
6003,2702,3,19003,2895660811,6989,-1149
6003,2703,0,19004,2896519804,-3251,5075
6003,2703,1,19005,2897378797,-4567,3452
6003,2703,2,19006,2898237790,607,5372
6003,2703,3,19007,2899096783,403,3429
6003,2704,0,19008,2899955776,335,2791
6003,2704,1,19009,2900814769,-680,-3170
6003,2704,2,19010,2901673762,-173,-2884
6003,2704,3,19011,2902532755,-1860,7152
6003,2705,0,19012,2903391748,-5743,2778
6003,2705,1,19013,2904250741,-4184,6
6003,2705,2,19014,2905109734,-516,5680
6003,2705,3,19015,2905968727,1089,3129
6003,2706,0,19016,2906827720,4,-1412
6003,2706,1,19017,2907686713,1957,321
6003,2706,2,19018,2908545706,2306,3391
6003,2706,3,19019,2909404699,-714,-417
6003,2707,0,19020,2910263692,4316,-3748
6003,2707,1,19021,2911122685,1215,-4096
6003,2707,2,19022,2911981678,-5202,-4632
6003,2707,3,19023,2912840671,1167,-617
6003,2708,0,19024,2913699664,-649,-1422
6003,2708,1,19025,2914558657,-69,-2979
6003,2708,2,19026,2915417650,6189,1556
6003,2708,3,19027,2916276643,1906,3812
6003,2709,0,19028,2917135636,3099,6594
6003,2709,1,19029,2917994629,1415,4112
6003,2709,2,19030,2918853622,-2255,-7
6003,2709,3,19031,2919712615,4514,5044
6003,2710,0,19032,2920571608,3765,5088
6003,2710,1,19033,2921430601,3265,-2813
6003,2710,2,19034,2922289594,5424,-2022
6003,2710,3,19035,2923148587,2051,7797
6003,2711,0,19036,2924007580,728,4272
6003,2711,1,19037,2924866573,-2142,-2466
6003,2711,2,19038,2925725566,-136,6709
6003,2711,3,19039,2926584559,-24,3813
6003,2712,0,19040,2927443552,-4808,-3621
6003,2712,1,19041,2928302545,3211,1859
6003,2712,2,19042,2929161538,5119,5
6003,2712,3,19043,2930020531,1432,446
6003,2713,0,19044,2930879524,5415,-953
6003,2713,1,19045,2931738517,-402,-7994
6003,2713,2,19046,2932597510,-2686,280
6003,2713,3,19047,2933456503,3591,3183
6003,2714,0,19048,2934315496,2546,-2866
6003,2714,1,19049,2935174489,2711,761
6003,2714,2,19050,2936033482,1626,2949
6003,2714,3,19051,2936892475,-1140,3163
6003,2715,0,19052,2937751468,-96,3024
6003,2715,1,19053,2938610461,-5148,-1352
6003,2715,2,19054,2939469454,-6264,845
6003,2715,3,19055,2940328447,-61,3950
6003,2716,0,19056,2941187440,-3889,-2702
6003,2716,1,19057,2942046433,-3441,-835
6003,2716,2,19058,2942905426,4220,4849
6003,2716,3,19059,2943764419,-1523,-1782
6003,2717,0,19060,2944623412,-2993,1038
6003,2717,1,19061,2945482405,3720,1019
6003,2717,2,19062,2946341398,2867,-12951
6003,2717,3,19063,2947200391,2784,-7257
6003,2718,0,19064,2948059384,-4547,4588
6003,2718,1,19065,2948918377,-8157,5255
6003,2718,2,19066,2949777370,4017,860
6003,2718,3,19067,2950636363,-646,-5528
6003,2719,0,19068,2951495356,-7485,358
6003,2719,1,19069,2952354349,1986,-1983
6003,2719,2,19070,2953213342,1459,-8767
6003,2719,3,19071,2954072335,-1947,4377
6003,2720,0,19072,2954931328,-507,5149
6003,2720,1,19073,2955790321,511,-3245
6003,2720,2,19074,2956649314,2550,1737
6003,2720,3,19075,2957508307,-2425,3845
6003,2721,0,19076,2958367300,-4837,-712
6003,2721,1,19077,2959226293,3155,-2055
6003,2721,2,19078,2960085286,7050,3054
6003,2721,3,19079,2960944279,-558,-792
6003,2722,0,19080,2961803272,-5949,-4571
6003,2722,1,19081,2962662265,2833,5990
6003,2722,2,19082,2963521258,7465,2596
6003,2722,3,19083,2964380251,2452,-4203
6003,2723,0,19084,2965239244,-660,3019
6003,2723,1,19085,2966098237,-4937,2749
6003,2723,2,19086,2966957230,-3720,-4087
6003,2723,3,19087,2967816223,-1955,-8065
6003,2724,0,19088,2968675216,-3716,-3534
6003,2724,1,19089,2969534209,3456,2139
6003,2724,2,19090,2970393202,1498,1773
6003,2724,3,19091,2971252195,-7377,2440
6003,2725,0,19092,2972111188,830,-3928
6003,2725,1,19093,2972970181,7312,-4915
6003,2725,2,19094,2973829174,1866,3111
6003,2725,3,19095,2974688167,-3003,-492
6003,2726,0,19096,2975547160,-3659,-2134
6003,2726,1,19097,2976406153,-161,-188
6003,2726,2,19098,2977265146,-1397,-3023
6003,2726,3,19099,2978124139,-2275,-2298
6003,2727,0,19100,2978983132,3460,-1840
6003,2727,1,19101,2979842125,-1258,-3288
6003,2727,2,19102,2980701118,-9364,-5201
6003,2727,3,19103,2981560111,-3583,-3761
6003,2728,0,19104,2982419104,6354,-578
6003,2728,1,19105,2983278097,8045,-191
6003,2728,2,19106,2984137090,83,2292
6003,2728,3,19107,2984996083,-2940,-897
6003,2729,0,19108,2985855076,-1803,-2574
6003,2729,1,19109,2986714069,-7540,3389
6003,2729,2,19110,2987573062,-1897,-1191
6003,2729,3,19111,2988432055,4350,-4084
6003,2730,0,19112,2989291048,-3968,3555
6003,2730,1,19113,2990150041,-3494,3896
6003,2730,2,19114,2991009034,-3220,-2338
6003,2730,3,19115,2991868027,-5000,-2472
6003,2731,0,19116,2992727020,844,3535
6003,2731,1,19117,2993586013,-2044,3721
6003,2731,2,19118,2994445006,2434,1973
6003,2731,3,19119,2995303999,10373,2163
6003,2732,0,19120,2996162992,2246,-2174
6003,2732,1,19121,2997021985,1659,-1171
6003,2732,2,19122,2997880978,2172,1257
6003,2732,3,19123,2998739971,-2481,-1101
6003,2733,0,19124,2999598964,2511,2042
6003,2733,1,19125,3000457957,138,3700
6003,2733,2,19126,3001316950,-6858,666
6003,2733,3,19127,3002175943,-4067,1828
6003,2734,0,19128,3003034936,-653,5616
6003,2734,1,19129,3003893929,2098,3884
6003,2734,2,19130,3004752922,1568,-2676
6003,2734,3,19131,3005611915,-1631,-3687
6003,2735,0,19132,3006470908,3213,-825
6003,2735,1,19133,3007329901,3195,2459
6003,2735,2,19134,3008188894,-6058,5702
6003,2735,3,19135,3009047887,-2601,2608
6003,2736,0,19136,3009906880,2475,-3734
6003,2736,1,19137,3010765873,-1034,-6915
6003,2736,2,19138,3011624866,634,-3734
6003,2736,3,19139,3012483859,-363,-1281
6003,2737,0,19140,3013342852,3782,-5288
6003,2737,1,19141,3014201845,11249,-2437
6003,2737,2,19142,3015060838,3779,4814
6003,2737,3,19143,3015919831,374,5051
6003,2738,0,19144,3016778824,-4081,2765
6003,2738,1,19145,3017637817,-6925,3940
6003,2738,2,19146,3018496810,4919,6028
6003,2738,3,19147,3019355803,431,-671
6003,2739,0,19148,3020214796,-3974,-3524
6003,2739,1,19149,3021073789,701,3907
6003,2739,2,19150,3021932782,-5331,1144
6003,2739,3,19151,3022791775,2074,-2334
6003,2740,0,19152,3023650768,5810,313
6003,2740,1,19153,3024509761,-5083,-2726
6003,2740,2,19154,3025368754,-5960,-2698
6003,2740,3,19155,3026227747,-3958,-329
6003,2741,0,19156,3027086740,2627,-28
6003,2741,1,19157,3027945733,3540,827
6003,2741,2,19158,3028804726,-2354,-1612
6003,2741,3,19159,3029663719,3428,-3286
6003,2742,0,19160,3030522712,1631,-2439
6003,2742,1,19161,3031381705,-6920,828
6003,2742,2,19162,3032240698,-3013,3998
6003,2742,3,19163,3033099691,4341,-1798
6003,2743,0,19164,3033958684,1935,-5495
6003,2743,1,19165,3034817677,-381,-781
6003,2743,2,19166,3035676670,3343,-659
6003,2743,3,19167,3036535663,-5389,-226
6003,2744,0,19168,3037394656,-4654,774
6003,2744,1,19169,3038253649,5190,-5896
6003,2744,2,19170,3039112642,-5802,-3072
6003,2744,3,19171,3039971635,-3019,3719
6003,2745,0,19172,3040830628,54,-4397
6003,2745,1,19173,3041689621,-11252,-5514
6003,2745,2,19174,3042548614,-1097,2
6003,2745,3,19175,3043407607,-1302,-3208
6003,2746,0,19176,3044266600,-5862,-1176
6003,2746,1,19177,3045125593,4391,-909
6003,2746,2,19178,3045984586,-789,-4229
6003,2746,3,19179,3046843579,-821,683
6003,2747,0,19180,3047702572,3296,810
6003,2747,1,19181,3048561565,-304,-2878
6003,2747,2,19182,3049420558,-1905,-2729
6003,2747,3,19183,3050279551,-9586,-3655
6003,2748,0,19184,3051138544,-2296,-3186
6003,2748,1,19185,3051997537,6100,1969
6003,2748,2,19186,3052856530,-2827,5647
6003,2748,3,19187,3053715523,1490,-2450
6003,2749,0,19188,3054574516,2195,-8125
6003,2749,1,19189,3055433509,-5458,-1239
6003,2749,2,19190,3056292502,228,-1887
6003,2749,3,19191,3057151495,5317,-7155
6003,2750,0,19192,3058010488,6752,-5877
6003,2750,1,19193,3058869481,663,-1711
6003,2750,2,19194,3059728474,-7498,2172
6003,2750,3,19195,3060587467,579,-507
6003,2751,0,19196,3061446460,5257,-1186
6003,2751,1,19197,3062305453,90,1269
6003,2751,2,19198,3063164446,2951,-1850
6003,2751,3,19199,3064023439,6161,-1321
6003,2752,0,19200,3064882432,1823,-192
6003,2752,1,19201,3065741425,-3115,-1181
6003,2752,2,19202,3066600418,-3468,1156
6003,2752,3,19203,3067459411,-1918,799
6003,2753,0,19204,3068318404,-3844,3498
6003,2753,1,19205,3069177397,-3082,7417
6003,2753,2,19206,3070036390,1747,-1005
6003,2753,3,19207,3070895383,3582,-6416
6003,2754,0,19208,3071754376,3926,1233
6003,2754,1,19209,3072613369,-1826,729
6003,2754,2,19210,3073472362,-9591,-5435
6003,2754,3,19211,3074331355,-5790,-175
6003,2755,0,19212,3075190348,732,3867
6003,2755,1,19213,3076049341,580,2762
6003,2755,2,19214,3076908334,-5522,2065
6003,2755,3,19215,3077767327,-7735,-646
6003,2756,0,19216,3078626320,-1993,1540
6003,2756,1,19217,3079485313,-4768,584
6003,2756,2,19218,3080344306,-5750,-1899
6003,2756,3,19219,3081203299,2670,4374
6003,2757,0,19220,3082062292,3739,2838
6003,2757,1,19221,3082921285,1530,1839
6003,2757,2,19222,3083780278,-2703,5541
6003,2757,3,19223,3084639271,-481,-1748
6003,2758,0,19224,3085498264,6022,-1631
6003,2758,1,19225,3086357257,-3002,5503
6003,2758,2,19226,3087216250,-4744,3264
6003,2758,3,19227,3088075243,440,-1837
6003,2759,0,19228,3088934236,-2883,-4940
6003,2759,1,19229,3089793229,3186,-958
6003,2759,2,19230,3090652222,5482,3889
6003,2759,3,19231,3091511215,-2988,4184
6003,2760,0,19232,3092370208,-5470,2424
6003,2760,1,19233,3093229201,-1456,-6086
6003,2760,2,19234,3094088194,-1394,-6157
6003,2760,3,19235,3094947187,-8299,1370
6003,2761,0,19236,3095806180,-371,-6194
6003,2761,1,19237,3096665173,7254,-12586
6003,2761,2,19238,3097524166,-1912,-5773
6003,2761,3,19239,3098383159,976,-485
6003,2762,0,19240,3099242152,1891,3155
6003,2762,1,19241,3100101145,-2780,2101
6003,2762,2,19242,3100960138,3745,-3655
6003,2762,3,19243,3101819131,1039,204
6003,2763,0,19244,3102678124,-3250,2983
6003,2763,1,19245,3103537117,-1903,-1611
6003,2763,2,19246,3104396110,-3022,523
6003,2763,3,19247,3105255103,211,-746
6003,2764,0,19248,3106114096,1769,-2032
6003,2764,1,19249,3106973089,2262,5330
6003,2764,2,19250,3107832082,1427,1302
6003,2764,3,19251,3108691075,-3081,-4227
6003,2765,0,19252,3109550068,-2262,60
6003,2765,1,19253,3110409061,-405,2299
6003,2765,2,19254,3111268054,-1303,3745
6003,2765,3,19255,3112127047,-2172,670
6003,2766,0,19256,3112986040,-805,-459
6003,2766,1,19257,3113845033,-71,3032
6003,2766,2,19258,3114704026,-505,863
6003,2766,3,19259,3115563019,1835,1441
6003,2767,0,19260,3116422012,-2975,456
6003,2767,1,19261,3117281005,-4928,-381
6003,2767,2,19262,3118139998,1666,3638
6003,2767,3,19263,3118998991,-1312,-1243
6003,2768,0,19264,3119857984,85,-1786
6003,2768,1,19265,3120716977,6547,420
6003,2768,2,19266,3121575970,1898,-4212
6003,2768,3,19267,3122434963,-3815,1411
6003,2769,0,19268,3123293956,-5321,5456
6003,2769,1,19269,3124152949,-2504,2401
6003,2769,2,19270,3125011942,-3004,1609
6003,2769,3,19271,3125870935,-5317,-4387
6003,2770,0,19272,3126729928,439,-4768
6003,2770,1,19273,3127588921,1322,2006
6003,2770,2,19274,3128447914,-384,1700
6003,2770,3,19275,3129306907,-460,-813
6003,2771,0,19276,3130165900,-4527,-1811
6003,2771,1,19277,3131024893,-3291,-4189
6003,2771,2,19278,3131883886,-1383,-5758
6003,2771,3,19279,3132742879,-782,-2023
6003,2772,0,19280,3133601872,3791,3437
6003,2772,1,19281,3134460865,2416,1705
6003,2772,2,19282,3135319858,-2999,-2638
6003,2772,3,19283,3136178851,-449,-393
6003,2773,0,19284,3137037844,2433,3491
6003,2773,1,19285,3137896837,-5365,1954
6003,2773,2,19286,3138755830,-4492,10
6003,2773,3,19287,3139614823,5169,1009
6003,2774,0,19288,3140473816,-266,1965
6003,2774,1,19289,3141332809,-2619,1463
6003,2774,2,19290,3142191802,2332,-4
6003,2774,3,19291,3143050795,-504,228
6003,2775,0,19292,3143909788,-231,-986
6003,2775,1,19293,3144768781,-1806,-678
6003,2775,2,19294,3145627774,-3690,2590
6003,2775,3,19295,3146486767,984,-2522
6003,2776,0,19296,3147345760,3228,-3280
6003,2776,1,19297,3148204753,5729,1392
6003,2776,2,19298,3149063746,3150,-2492
6003,2776,3,19299,3149922739,-2135,4767
6003,2777,0,19300,3150781732,-1157,12090
6003,2777,1,19301,3151640725,-27,768
6003,2777,2,19302,3152499718,4062,-4832
6003,2777,3,19303,3153358711,2281,-3710
6003,2778,0,19304,3154217704,-6197,-1209
6003,2778,1,19305,3155076697,-2990,4312
6003,2778,2,19306,3155935690,1459,1342
6003,2778,3,19307,3156794683,-135,-1636
6003,2779,0,19308,3157653676,2709,2263
6003,2779,1,19309,3158512669,4249,2351
6003,2779,2,19310,3159371662,-620,-998
6003,2779,3,19311,3160230655,-1470,1382
6003,2780,0,19312,3161089648,17,6405
6003,2780,1,19313,3161948641,-5415,2626
6003,2780,2,19314,3162807634,-3914,-2923
6003,2780,3,19315,3163666627,1507,1374
6003,2781,0,19316,3164525620,-4413,5005
6003,2781,1,19317,3165384613,-4526,-2875
6003,2781,2,19318,3166243606,-199,-5883
6003,2781,3,19319,3167102599,-2342,2473
6003,2782,0,19320,3167961592,920,-412
6003,2782,1,19321,3168820585,4409,-5530
6003,2782,2,19322,3169679578,1836,-2741
6003,2782,3,19323,3170538571,-69,-7897
6003,2783,0,19324,3171397564,2807,-4594
6003,2783,1,19325,3172256557,5718,6789
6003,2783,2,19326,3173115550,-1107,5536
6003,2783,3,19327,3173974543,-4566,1415
6003,2784,0,19328,3174833536,2575,-1839
6003,2784,1,19329,3175692529,2800,-808
6003,2784,2,19330,3176551522,-3475,3128
6003,2784,3,19331,3177410515,-3071,516
6003,2785,0,19332,3178269508,3718,-317
6003,2785,1,19333,3179128501,3509,427
6003,2785,2,19334,3179987494,-3961,29
6003,2785,3,19335,3180846487,-5135,-1308
6003,2786,0,19336,3181705480,-3684,-2274
6003,2786,1,19337,3182564473,-252,2274
6003,2786,2,19338,3183423466,5067,2884
6003,2786,3,19339,3184282459,75,3586
6003,2787,0,19340,3185141452,-3566,5678
6003,2787,1,19341,3186000445,2132,-960
6003,2787,2,19342,3186859438,1359,-214
6003,2787,3,19343,3187718431,-2962,5692
6003,2788,0,19344,3188577424,587,1162
6003,2788,1,19345,3189436417,4543,-2917
6003,2788,2,19346,3190295410,869,745
6003,2788,3,19347,3191154403,-825,4171
6003,2789,0,19348,3192013396,1775,1488
6003,2789,1,19349,3192872389,-819,-36
6003,2789,2,19350,3193731382,-649,-25
6003,2789,3,19351,3194590375,2236,930
6003,2790,0,19352,3195449368,1004,7154
6003,2790,1,19353,3196308361,4671,4077
6003,2790,2,19354,3197167354,2787,-1991
6003,2790,3,19355,3198026347,-5359,1721
6003,2791,0,19356,3198885340,-2975,1030
6003,2791,1,19357,3199744333,-1905,161
6003,2791,2,19358,3200603326,1943,3469
6003,2791,3,19359,3201462319,9224,3005
6003,2792,0,19360,3202321312,-3106,2292
6003,2792,1,19361,3203180305,-8900,4025
6003,2792,2,19362,3204039298,3742,5035
6003,2792,3,19363,3204898291,2597,411
6003,2793,0,19364,3205757284,-2794,-2479
6003,2793,1,19365,3206616277,681,-2205
6003,2793,2,19366,3207475270,368,-6665
6003,2793,3,19367,3208334263,-2292,-4740
6003,2794,0,19368,3209193256,-2148,3495
6003,2794,1,19369,3210052249,-1211,4646
6003,2794,2,19370,3210911242,586,-1655
6003,2794,3,19371,3211770235,4544,-4207
6003,2795,0,19372,3212629228,1177,2717
6003,2795,1,19373,3213488221,-4975,3571
6003,2795,2,19374,3214347214,608,213
6003,2795,3,19375,3215206207,-444,3460
6003,2796,0,19376,3216065200,-5228,5011
6003,2796,1,19377,3216924193,2595,4377
6003,2796,2,19378,3217783186,4129,513
6003,2796,3,19379,3218642179,3915,-2479
6003,2797,0,19380,3219501172,3132,-2936
6003,2797,1,19381,3220360165,-3783,-5227
6003,2797,2,19382,3221219158,717,2360
6003,2797,3,19383,3222078151,-1957,3969
6003,2798,0,19384,3222937144,-7948,-5458
6003,2798,1,19385,3223796137,-284,523
6003,2798,2,19386,3224655130,-5118,3472
6003,2798,3,19387,3225514123,-3599,-3785
6003,2799,0,19388,3226373116,6023,904
6003,2799,1,19389,3227232109,-3118,4407
6003,2799,2,19390,3228091102,-2140,278
6003,2799,3,19391,3228950095,1679,2457
6003,2800,0,19392,3229809088,-3129,5125
6003,2800,1,19393,3230668081,2918,2228
6003,2800,2,19394,3231527074,-673,1868
6003,2800,3,19395,3232386067,-4323,-901
6003,2801,0,19396,3233245060,3819,-6533
6003,2801,1,19397,3234104053,1436,-3543
6003,2801,2,19398,3234963046,2430,-3736
6003,2801,3,19399,3235822039,4951,-9949
6003,2802,0,19400,3236681032,366,-6597
6003,2802,1,19401,3237540025,1579,1329
6003,2802,2,19402,3238399018,-3511,385
6003,2802,3,19403,3239258011,-6133,-6236
6003,2803,0,19404,3240117004,1168,-2528
6003,2803,1,19405,3240975997,-2191,1933
6003,2803,2,19406,3241834990,-2462,-2502
6003,2803,3,19407,3242693983,3992,-1761
6003,2804,0,19408,3243552976,3641,-3897
6003,2804,1,19409,3244411969,6567,-3479
6003,2804,2,19410,3245270962,5875,5297
6003,2804,3,19411,3246129955,-746,2541
6003,2805,0,19412,3246988948,-497,-236
6003,2805,1,19413,3247847941,-1534,2672
6003,2805,2,19414,3248706934,-4102,4319
6003,2805,3,19415,3249565927,-3747,3147
6003,2806,0,19416,3250424920,-3367,-2775
6003,2806,1,19417,3251283913,1283,1677
6003,2806,2,19418,3252142906,3557,1333
6003,2806,3,19419,3253001899,2893,-5749
6003,2807,0,19420,3253860892,5418,-1068
6003,2807,1,19421,3254719885,-1508,-2857
6003,2807,2,19422,3255578878,-9325,317
6003,2807,3,19423,3256437871,-1366,2734
6003,2808,0,19424,3257296864,3972,-7842
6003,2808,1,19425,3258155857,1181,630
6003,2808,2,19426,3259014850,3241,4297
6003,2808,3,19427,3259873843,2839,-4286
6003,2809,0,19428,3260732836,-1022,1224
6003,2809,1,19429,3261591829,-256,4105
6003,2809,2,19430,3262450822,-1010,3091
6003,2809,3,19431,3263309815,-3928,-1040
6003,2810,0,19432,3264168808,-3683,-677
6003,2810,1,19433,3265027801,-1842,3916
6003,2810,2,19434,3265886794,-1418,-5475
6003,2810,3,19435,3266745787,-3186,-2418
6003,2811,0,19436,3267604780,-1128,4233
6003,2811,1,19437,3268463773,-55,-2257
6003,2811,2,19438,3269322766,-5295,1903
6003,2811,3,19439,3270181759,-3267,-1757
6003,2812,0,19440,3271040752,-393,-8753
6003,2812,1,19441,3271899745,-2091,-2894
6003,2812,2,19442,3272758738,982,-3964
6003,2812,3,19443,3273617731,-857,-3077
6003,2813,0,19444,3274476724,3152,2867
6003,2813,1,19445,3275335717,11580,1945
6003,2813,2,19446,3276194710,-183,-1245
6003,2813,3,19447,3277053703,-4472,2139
6003,2814,0,19448,3277912696,6421,7491
6003,2814,1,19449,3278771689,4251,648
6003,2814,2,19450,3279630682,-2096,-2627
6003,2814,3,19451,3280489675,-1634,2412
6003,2815,0,19452,3281348668,4250,-452
6003,2815,1,19453,3282207661,3593,-1775
6003,2815,2,19454,3283066654,-3969,-126
6003,2815,3,19455,3283925647,113,881
6003,2816,0,19456,3284784640,1867,1336
6003,2816,1,19457,3285643633,-718,318
6003,2816,2,19458,3286502626,4477,1255
6003,2816,3,19459,3287361619,3169,-3415
6003,2817,0,19460,3288220612,-548,-3873
6003,2817,1,19461,3289079605,-469,829
6003,2817,2,19462,3289938598,-969,-2647
6003,2817,3,19463,3290797591,-852,920
6003,2818,0,19464,3291656584,-387,3289
6003,2818,1,19465,3292515577,2898,-4153
6003,2818,2,19466,3293374570,352,-3273
6003,2818,3,19467,3294233563,-2374,1739
6003,2819,0,19468,3295092556,2758,2086
6003,2819,1,19469,3295951549,-1089,-5814
6003,2819,2,19470,3296810542,-6138,-6497
6003,2819,3,19471,3297669535,-2117,5222
6003,2820,0,19472,3298528528,1452,-2166
6003,2820,1,19473,3299387521,-149,-11688
6003,2820,2,19474,3300246514,-1904,-1861
6003,2820,3,19475,3301105507,3796,1103
6003,2821,0,19476,3301964500,3384,138
6003,2821,1,19477,3302823493,3267,2847
6003,2821,2,19478,3303682486,8507,2038
6003,2821,3,19479,3304541479,-816,4089
6003,2822,0,19480,3305400472,-1838,4328
6003,2822,1,19481,3306259465,1651,-46
6003,2822,2,19482,3307118458,-4750,820
6003,2822,3,19483,3307977451,3586,3799
6003,2823,0,19484,3308836444,3563,2027
6003,2823,1,19485,3309695437,-4484,1249
6003,2823,2,19486,3310554430,816,4169
6003,2823,3,19487,3311413423,-574,3571
6003,2824,0,19488,3312272416,-3352,-117
6003,2824,1,19489,3313131409,-4207,-335
6003,2824,2,19490,3313990402,-60,662
6003,2824,3,19491,3314849395,4329,-2592
6003,2825,0,19492,3315708388,-4746,-3752
6003,2825,1,19493,3316567381,1990,-1074
6003,2825,2,19494,3317426374,7533,-2544
6003,2825,3,19495,3318285367,-4350,2355
6003,2826,0,19496,3319144360,-788,9153
6003,2826,1,19497,3320003353,2219,58
6003,2826,2,19498,3320862346,2881,-4807
6003,2826,3,19499,3321721339,5882,-1532
6003,2827,0,19500,3322580332,-1764,-4112
6003,2827,1,19501,3323439325,-379,-450
6003,2827,2,19502,3324298318,1452,4020
6003,2827,3,19503,3325157311,-4585,2913
6003,2828,0,19504,3326016304,-4769,3059
6003,2828,1,19505,3326875297,-2446,514
6003,2828,2,19506,3327734290,283,873
6003,2828,3,19507,3328593283,-3560,-718
6003,2829,0,19508,3329452276,-2876,-7500
6003,2829,1,19509,3330311269,5617,-4822
6003,2829,2,19510,3331170262,3826,-3048
6003,2829,3,19511,3332029255,2735,-2893
6003,2830,0,19512,3332888248,1178,3682
6003,2830,1,19513,3333747241,-2234,692
6003,2830,2,19514,3334606234,3837,388
6003,2830,3,19515,3335465227,4070,7804
6003,2831,0,19516,3336324220,-1717,1813
6003,2831,1,19517,3337183213,-108,-1432
6003,2831,2,19518,3338042206,7870,790
6003,2831,3,19519,3338901199,10198,-3323
6003,2832,0,19520,3339760192,3171,-922
6003,2832,1,19521,3340619185,4714,-1326
6003,2832,2,19522,3341478178,6559,-1616
6003,2832,3,19523,3342337171,-1080,4888
6003,2833,0,19524,3343196164,-1553,-1220
6003,2833,1,19525,3344055157,-2260,-2394
6003,2833,2,19526,3344914150,-5685,1894
6003,2833,3,19527,3345773143,-1194,-2467
6003,2834,0,19528,3346632136,-1448,3278
6003,2834,1,19529,3347491129,-4859,411
6003,2834,2,19530,3348350122,1611,-5534
6003,2834,3,19531,3349209115,1984,5919
6003,2835,0,19532,3350068108,-4921,2717
6003,2835,1,19533,3350927101,945,1440
6003,2835,2,19534,3351786094,2846,8979
6003,2835,3,19535,3352645087,-5067,-669
6003,2836,0,19536,3353504080,-746,210
6003,2836,1,19537,3354363073,4544,4222
6003,2836,2,19538,3355222066,3353,-3420
6003,2836,3,19539,3356081059,3053,-2977
6003,2837,0,19540,3356940052,-417,-4709
6003,2837,1,19541,3357799045,-4262,-2127
6003,2837,2,19542,3358658038,-5997,4288
6003,2837,3,19543,3359517031,-2606,-1273
6003,2838,0,19544,3360376024,-393,463
6003,2838,1,19545,3361235017,-5064,3808
6003,2838,2,19546,3362094010,-1008,-2717
6003,2838,3,19547,3362953003,5326,-3064
6003,2839,0,19548,3363811996,492,28
6003,2839,1,19549,3364670989,-5292,276
6003,2839,2,19550,3365529982,-2808,1774
6003,2839,3,19551,3366388975,5315,3173
6003,2840,0,19552,3367247968,6007,401
6003,2840,1,19553,3368106961,1908,305
6003,2840,2,19554,3368965954,1894,3138
6003,2840,3,19555,3369824947,-567,-4087
6003,2841,0,19556,3370683940,-4704,-3009
6003,2841,1,19557,3371542933,-5555,8925
6003,2841,2,19558,3372401926,-2244,-159
6003,2841,3,19559,3373260919,-1360,-9604
6003,2842,0,19560,3374119912,-2934,-1092
6003,2842,1,19561,3374978905,-167,1732
6003,2842,2,19562,3375837898,-2298,3343
6003,2842,3,19563,3376696891,-1963,4309
6003,2843,0,19564,3377555884,2562,-3592
6003,2843,1,19565,3378414877,-4530,-4926
6003,2843,2,19566,3379273870,-5999,-2301
6003,2843,3,19567,3380132863,142,-2158
6003,2844,0,19568,3380991856,-350,1149
6003,2844,1,19569,3381850849,34,230
6003,2844,2,19570,3382709842,-1734,-1993
6003,2844,3,19571,3383568835,-4188,251
6003,2845,0,19572,3384427828,478,-1647
6003,2845,1,19573,3385286821,3672,-3764
6003,2845,2,19574,3386145814,-2367,-74
6003,2845,3,19575,3387004807,-5789,1557
6003,2846,0,19576,3387863800,1676,-1846
6003,2846,1,19577,3388722793,81,-1274
6003,2846,2,19578,3389581786,-6615,2569
6003,2846,3,19579,3390440779,-2671,-1999
6003,2847,0,19580,3391299772,-2143,-5267
6003,2847,1,19581,3392158765,-1730,890
6003,2847,2,19582,3393017758,1702,4285
6003,2847,3,19583,3393876751,-189,5467
6003,2848,0,19584,3394735744,-671,2871
6003,2848,1,19585,3395594737,447,-4381
6003,2848,2,19586,3396453730,1033,-2556
6003,2848,3,19587,3397312723,-1855,3507
6003,2849,0,19588,3398171716,-3381,2008
6003,2849,1,19589,3399030709,2196,-3189
6003,2849,2,19590,3399889702,1626,-1134
6003,2849,3,19591,3400748695,-2904,4502
6003,2850,0,19592,3401607688,-6137,-1664
6003,2850,1,19593,3402466681,-4331,-6847
6003,2850,2,19594,3403325674,6651,-691
6003,2850,3,19595,3404184667,6751,1422
6003,2851,0,19596,3405043660,3260,-1768
6003,2851,1,19597,3405902653,6328,-3130
6003,2851,2,19598,3406761646,-964,-163
6003,2851,3,19599,3407620639,-1763,1757
6003,2852,0,19600,3408479632,6349,1675
6003,2852,1,19601,3409338625,134,5499
6003,2852,2,19602,3410197618,-5764,2125
6003,2852,3,19603,3411056611,82,-1414
6003,2853,0,19604,3411915604,1544,5455
6003,2853,1,19605,3412774597,-4652,3632
6003,2853,2,19606,3413633590,-5828,-1469
6003,2853,3,19607,3414492583,-859,1714
6003,2854,0,19608,3415351576,683,-75
6003,2854,1,19609,3416210569,-1822,-5021
6003,2854,2,19610,3417069562,-1185,-2269
6003,2854,3,19611,3417928555,1738,367
6003,2855,0,19612,3418787548,-1999,-1806
6003,2855,1,19613,3419646541,-4555,3344
6003,2855,2,19614,3420505534,912,5641
6003,2855,3,19615,3421364527,4443,-2645
6003,2856,0,19616,3422223520,5377,-2289
6003,2856,1,19617,3423082513,-2915,-294
6003,2856,2,19618,3423941506,-12409,-1086
6003,2856,3,19619,3424800499,-2877,1171
6003,2857,0,19620,3425659492,2811,-3653
6003,2857,1,19621,3426518485,-165,-5525
6003,2857,2,19622,3427377478,4588,-2082
6003,2857,3,19623,3428236471,1393,42
6003,2858,0,19624,3429095464,-3231,3388
6003,2858,1,19625,3429954457,928,1342
6003,2858,2,19626,3430813450,518,635
6003,2858,3,19627,3431672443,-147,-77
6003,2859,0,19628,3432531436,267,-2031
6003,2859,1,19629,3433390429,-2306,2886
6003,2859,2,19630,3434249422,-1593,-1612
6003,2859,3,19631,3435108415,125,-4446
6003,2860,0,19632,3435967408,-1282,5795
6003,2860,1,19633,3436826401,-3204,3379
6003,2860,2,19634,3437685394,-2568,-3332
6003,2860,3,19635,3438544387,859,1597
6003,2861,0,19636,3439403380,1726,2882
6003,2861,1,19637,3440262373,-1776,-3697
6003,2861,2,19638,3441121366,-2196,-3670
6003,2861,3,19639,3441980359,2696,1803
6003,2862,0,19640,3442839352,5384,2511
6003,2862,1,19641,3443698345,2869,4556
6003,2862,2,19642,3444557338,750,4230
6003,2862,3,19643,3445416331,545,223
6003,2863,0,19644,3446275324,-2233,-22
6003,2863,1,19645,3447134317,-818,-1958
6003,2863,2,19646,3447993310,5364,1696
6003,2863,3,19647,3448852303,2101,6077
6003,2864,0,19648,3449711296,-2418,1958
6003,2864,1,19649,3450570289,-3264,2443
6003,2864,2,19650,3451429282,-6616,4133
6003,2864,3,19651,3452288275,-568,3136
6003,2865,0,19652,3453147268,4387,-2274
6003,2865,1,19653,3454006261,481,-6197
6003,2865,2,19654,3454865254,2209,1540
6003,2865,3,19655,3455724247,54,475
6003,2866,0,19656,3456583240,-3144,-1679
6003,2866,1,19657,3457442233,-293,5666
6003,2866,2,19658,3458301226,-1343,1508
6003,2866,3,19659,3459160219,-747,-1879
6003,2867,0,19660,3460019212,-1410,429
6003,2867,1,19661,3460878205,-2734,-626
6003,2867,2,19662,3461737198,650,1314
6003,2867,3,19663,3462596191,-1855,1802
6003,2868,0,19664,3463455184,-3804,330
6003,2868,1,19665,3464314177,-2125,39
6003,2868,2,19666,3465173170,128,2818
6003,2868,3,19667,3466032163,3605,3347
6003,2869,0,19668,3466891156,-2354,-2511
6003,2869,1,19669,3467750149,-3941,-2912
6003,2869,2,19670,3468609142,2992,-1215
6003,2869,3,19671,3469468135,-121,448
6003,2870,0,19672,3470327128,-554,2977
6003,2870,1,19673,3471186121,734,2098
6003,2870,2,19674,3472045114,-3943,2493
6003,2870,3,19675,3472904107,1405,-2026
6003,2871,0,19676,3473763100,3634,-2078
6003,2871,1,19677,3474622093,-3446,2252
6003,2871,2,19678,3475481086,-1986,-3299
6003,2871,3,19679,3476340079,999,504
6003,2872,0,19680,3477199072,6820,2074
6003,2872,1,19681,3478058065,13953,-4868
6003,2872,2,19682,3478917058,3548,3542
6003,2872,3,19683,3479776051,-2425,7319
6003,2873,0,19684,3480635044,7031,2073
6003,2873,1,19685,3481494037,4123,3115
6003,2873,2,19686,3482353030,-4261,4915
6003,2873,3,19687,3483212023,-4447,825
6003,2874,0,19688,3484071016,-2182,-6811
6003,2874,1,19689,3484930009,2331,-1242
6003,2874,2,19690,3485789002,4176,3538
6003,2874,3,19691,3486647995,1110,-146
6003,2875,0,19692,3487506988,-5153,4768
6003,2875,1,19693,3488365981,-5001,123
6003,2875,2,19694,3489224974,3872,-5251
6003,2875,3,19695,3490083967,6,1805
6003,2876,0,19696,3490942960,-5919,812
6003,2876,1,19697,3491801953,-778,-2140
6003,2876,2,19698,3492660946,-2815,-4725
6003,2876,3,19699,3493519939,-3072,-2189
6003,2877,0,19700,3494378932,847,6897
6003,2877,1,19701,3495237925,-2058,3398
6003,2877,2,19702,3496096918,-1506,2441
6003,2877,3,19703,3496955911,-1269,8103
6003,2878,0,19704,3497814904,-3213,3809
6003,2878,1,19705,3498673897,-2581,-1643
6003,2878,2,19706,3499532890,-3725,-833
6003,2878,3,19707,3500391883,25,7198
6003,2879,0,19708,3501250876,3184,9815
6003,2879,1,19709,3502109869,-1838,-50
6003,2879,2,19710,3502968862,873,-3975
6003,2879,3,19711,3503827855,7245,-2017
6003,2880,0,19712,3504686848,-660,-1238
6003,2880,1,19713,3505545841,-8091,2085
6003,2880,2,19714,3506404834,-3199,2856
6003,2880,3,19715,3507263827,-1345,1731
6003,2881,0,19716,3508122820,-1559,3484
6003,2881,1,19717,3508981813,732,2767
6003,2881,2,19718,3509840806,596,-2731
6003,2881,3,19719,3510699799,2993,-5724
6003,2882,0,19720,3511558792,1686,-1683
6003,2882,1,19721,3512417785,-1104,-887
6003,2882,2,19722,3513276778,2717,-5176
6003,2882,3,19723,3514135771,-456,1271
6003,2883,0,19724,3514994764,-3323,6636
6003,2883,1,19725,3515853757,2957,-1854
6003,2883,2,19726,3516712750,7602,-5306
6003,2883,3,19727,3517571743,7577,-3436
6003,2884,0,19728,3518430736,705,1326
6003,2884,1,19729,3519289729,1302,5387
6003,2884,2,19730,3520148722,8830,-1633
6003,2884,3,19731,3521007715,574,114
6003,2885,0,19732,3521866708,-5971,495
6003,2885,1,19733,3522725701,407,-6439
6003,2885,2,19734,3523584694,2535,5403
6003,2885,3,19735,3524443687,1619,9167
6003,2886,0,19736,3525302680,2476,1752
6003,2886,1,19737,3526161673,2537,461
6003,2886,2,19738,3527020666,-700,-3675
6003,2886,3,19739,3527879659,-159,1909
6003,2887,0,19740,3528738652,4296,211
6003,2887,1,19741,3529597645,953,-3230
6003,2887,2,19742,3530456638,514,6954
6003,2887,3,19743,3531315631,2696,202
6003,2888,0,19744,3532174624,-440,3319
6003,2888,1,19745,3533033617,4192,11635
6003,2888,2,19746,3533892610,3000,-833
6003,2888,3,19747,3534751603,-4564,4108
6003,2889,0,19748,3535610596,3703,4672
6003,2889,1,19749,3536469589,5802,-3926
6003,2889,2,19750,3537328582,-2505,6108
6003,2889,3,19751,3538187575,-46,3600
6003,2890,0,19752,3539046568,1004,-3174
6003,2890,1,19753,3539905561,1306,1053
6003,2890,2,19754,3540764554,6166,-1666
6003,2890,3,19755,3541623547,1192,-3494
6003,2891,0,19756,3542482540,-4804,3485
6003,2891,1,19757,3543341533,-1304,6042
6003,2891,2,19758,3544200526,3227,-2432
6003,2891,3,19759,3545059519,3648,-1570
6003,2892,0,19760,3545918512,623,2287
6003,2892,1,19761,3546777505,68,-4531
6003,2892,2,19762,3547636498,419,-1271
6003,2892,3,19763,3548495491,-412,4404
6003,2893,0,19764,3549354484,1804,6840
6003,2893,1,19765,3550213477,1309,4041
6003,2893,2,19766,3551072470,1208,-6724
6003,2893,3,19767,3551931463,2444,550
6003,2894,0,19768,3552790456,-3192,4075
6003,2894,1,19769,3553649449,-2774,-1362
6003,2894,2,19770,3554508442,3128,5352
6003,2894,3,19771,3555367435,-322,-2450
6003,2895,0,19772,3556226428,-5346,-4559
6003,2895,1,19773,3557085421,-4952,6985
6003,2895,2,19774,3557944414,-3489,2041
6003,2895,3,19775,3558803407,-5217,-1469
6003,2896,0,19776,3559662400,-2857,-6023
6003,2896,1,19777,3560521393,5780,-10087
6003,2896,2,19778,3561380386,5073,-1211
6003,2896,3,19779,3562239379,1076,227
6003,2897,0,19780,3563098372,4522,690
6003,2897,1,19781,3563957365,6528,2015
6003,2897,2,19782,3564816358,3245,-1912
6003,2897,3,19783,3565675351,-4293,3245
6003,2898,0,19784,3566534344,-6383,3782
6003,2898,1,19785,3567393337,-899,-4548
6003,2898,2,19786,3568252330,1680,-1826
6003,2898,3,19787,3569111323,3610,2317
6003,2899,0,19788,3569970316,2162,-1718
6003,2899,1,19789,3570829309,-4293,-2584
6003,2899,2,19790,3571688302,-5283,-9
6003,2899,3,19791,3572547295,-2220,4493
6003,2900,0,19792,3573406288,-2308,6033
6003,2900,1,19793,3574265281,-3577,-2226
6003,2900,2,19794,3575124274,-899,-1815
6003,2900,3,19795,3575983267,428,2484
6003,2901,0,19796,3576842260,-755,-3118
6003,2901,1,19797,3577701253,2019,-545
6003,2901,2,19798,3578560246,2226,-3342
6003,2901,3,19799,3579419239,-314,-10588
6003,2902,0,19800,3580278232,-1776,-966
6003,2902,1,19801,3581137225,-4357,445
6003,2902,2,19802,3581996218,-2595,-777
6003,2902,3,19803,3582855211,1950,5997
6003,2903,0,19804,3583714204,913,2821
6003,2903,1,19805,3584573197,-5384,3215
6003,2903,2,19806,3585432190,-2891,2157
6003,2903,3,19807,3586291183,5476,-3598
6003,2904,0,19808,3587150176,-938,3674
6003,2904,1,19809,3588009169,-4132,6132
6003,2904,2,19810,3588868162,2806,2030
6003,2904,3,19811,3589727155,-722,3126
6003,2905,0,19812,3590586148,-1654,-1889
6003,2905,1,19813,3591445141,2096,-8343
6003,2905,2,19814,3592304134,1839,-4803
6003,2905,3,19815,3593163127,3198,6032
6003,2906,0,19816,3594022120,3065,9695
6003,2906,1,19817,3594881113,3026,202
6003,2906,2,19818,3595740106,2241,-2400
6003,2906,3,19819,3596599099,1988,3275
6003,2907,0,19820,3597458092,2446,1298
6003,2907,1,19821,3598317085,-65,657
6003,2907,2,19822,3599176078,1699,4375
6003,2907,3,19823,3600035071,-1069,2284
6003,2908,0,19824,3600894064,-1719,-3379
6003,2908,1,19825,3601753057,7279,-5979
6003,2908,2,19826,3602612050,2259,1726
6003,2908,3,19827,3603471043,-3937,6241
6003,2909,0,19828,3604330036,-1127,-3377
6003,2909,1,19829,3605189029,-1299,-2492
6003,2909,2,19830,3606048022,3904,4855
6003,2909,3,19831,3606907015,7373,3237
6003,2910,0,19832,3607766008,2068,4928
6003,2910,1,19833,3608625001,-4413,3522
6003,2910,2,19834,3609483994,-1821,-229
6003,2910,3,19835,3610342987,4875,-2299
6003,2911,0,19836,3611201980,-2762,-8446
6003,2911,1,19837,3612060973,-4178,-1887
6003,2911,2,19838,3612919966,3888,7025
6003,2911,3,19839,3613778959,-416,-1227
6003,2912,0,19840,3614637952,-863,-7588
6003,2912,1,19841,3615496945,2729,-1144
6003,2912,2,19842,3616355938,-1162,5184
6003,2912,3,19843,3617214931,-4334,392
6003,2913,0,19844,3618073924,-66,-2608
6003,2913,1,19845,3618932917,2771,397
6003,2913,2,19846,3619791910,-6630,-687
6003,2913,3,19847,3620650903,-2373,1482
6003,2914,0,19848,3621509896,9415,-485
6003,2914,1,19849,3622368889,390,-491
6003,2914,2,19850,3623227882,-685,7894
6003,2914,3,19851,3624086875,5377,-396
6003,2915,0,19852,3624945868,-1518,-2772
6003,2915,1,19853,3625804861,-7220,7801
6003,2915,2,19854,3626663854,-4030,1959
6003,2915,3,19855,3627522847,10015,-893
6003,2916,0,19856,3628381840,11739,-801
6003,2916,1,19857,3629240833,-1899,-3542
6003,2916,2,19858,3630099826,-536,3830
6003,2916,3,19859,3630958819,700,217
6003,2917,0,19860,3631817812,-4042,-4593
6003,2917,1,19861,3632676805,1172,4925
6003,2917,2,19862,3633535798,999,3096
6003,2917,3,19863,3634394791,-4250,-245
6003,2918,0,19864,3635253784,-1320,6879
6003,2918,1,19865,3636112777,-48,4106
6003,2918,2,19866,3636971770,-3376,-649
6003,2918,3,19867,3637830763,-3111,451
6003,2919,0,19868,3638689756,-2482,-2767
6003,2919,1,19869,3639548749,640,-2376
6003,2919,2,19870,3640407742,2978,-2398
6003,2919,3,19871,3641266735,-3280,-3684
6003,2920,0,19872,3642125728,892,3637
6003,2920,1,19873,3642984721,7752,511
6003,2920,2,19874,3643843714,827,-5027
6003,2920,3,19875,3644702707,388,-1249
6003,2921,0,19876,3645561700,511,-5907
6003,2921,1,19877,3646420693,-757,-1724
6003,2921,2,19878,3647279686,2531,5382
6003,2921,3,19879,3648138679,-5333,-1881
6003,2922,0,19880,3648997672,-5258,-195
6003,2922,1,19881,3649856665,2217,2224
6003,2922,2,19882,3650715658,-5679,-2143
6003,2922,3,19883,3651574651,-5919,-3833
6003,2923,0,19884,3652433644,4243,-4795
6003,2923,1,19885,3653292637,2200,-2371
6003,2923,2,19886,3654151630,-4914,-5542
6003,2923,3,19887,3655010623,-3262,-4258
6003,2924,0,19888,3655869616,-524,2496
6003,2924,1,19889,3656728609,-4486,-3421
6003,2924,2,19890,3657587602,-5575,-3698
6003,2924,3,19891,3658446595,-2903,-3316
6003,2925,0,19892,3659305588,362,-5975
6003,2925,1,19893,3660164581,2989,1802
6003,2925,2,19894,3661023574,837,-93
6003,2925,3,19895,3661882567,1268,85
6003,2926,0,19896,3662741560,3709,6080
6003,2926,1,19897,3663600553,4390,-1890
6003,2926,2,19898,3664459546,4216,-2621
6003,2926,3,19899,3665318539,-647,594
6003,2927,0,19900,3666177532,-2653,-3400
6003,2927,1,19901,3667036525,610,-1309
6003,2927,2,19902,3667895518,1049,80
6003,2927,3,19903,3668754511,-3761,-1872
6003,2928,0,19904,3669613504,-5195,-7
6003,2928,1,19905,3670472497,-415,4770
6003,2928,2,19906,3671331490,-5218,4430
6003,2928,3,19907,3672190483,-6287,-62
6003,2929,0,19908,3673049476,4035,1165
6003,2929,1,19909,3673908469,1778,909
6003,2929,2,19910,3674767462,-2883,-974
6003,2929,3,19911,3675626455,-3572,-1267
6003,2930,0,19912,3676485448,-5133,-1237
6003,2930,1,19913,3677344441,-4389,4599
6003,2930,2,19914,3678203434,-5325,442
6003,2930,3,19915,3679062427,4655,-6565
6003,2931,0,19916,3679921420,6023,2049
6003,2931,1,19917,3680780413,-6598,947
6003,2931,2,19918,3681639406,3115,-4699
6003,2931,3,19919,3682498399,6444,267
6003,2932,0,19920,3683357392,-939,-3404
6003,2932,1,19921,3684216385,7891,-5688
6003,2932,2,19922,3685075378,5230,1770
6003,2932,3,19923,3685934371,-786,1684
6003,2933,0,19924,3686793364,1095,-4207
6003,2933,1,19925,3687652357,-1105,-4486
6003,2933,2,19926,3688511350,2715,2817
6003,2933,3,19927,3689370343,112,6392
6003,2934,0,19928,3690229336,-5531,370
6003,2934,1,19929,3691088329,-3268,-2836
6003,2934,2,19930,3691947322,-5107,-452
6003,2934,3,19931,3692806315,3194,370
6003,2935,0,19932,3693665308,11195,278
6003,2935,1,19933,3694524301,1323,-844
6003,2935,2,19934,3695383294,2579,-4410
6003,2935,3,19935,3696242287,9573,-3581
6003,2936,0,19936,3697101280,394,2276
6003,2936,1,19937,3697960273,-3557,3018
6003,2936,2,19938,3698819266,2517,429
6003,2936,3,19939,3699678259,1166,-1410
6003,2937,0,19940,3700537252,757,-3132
6003,2937,1,19941,3701396245,4532,-48
6003,2937,2,19942,3702255238,57,2645
6003,2937,3,19943,3703114231,-4952,2813
6003,2938,0,19944,3703973224,-6061,2514
6003,2938,1,19945,3704832217,-3839,-1642
6003,2938,2,19946,3705691210,5995,2744
6003,2938,3,19947,3706550203,7229,7896
6003,2939,0,19948,3707409196,4200,-1986
6003,2939,1,19949,3708268189,7446,-6390
6003,2939,2,19950,3709127182,-1154,-4065
6003,2939,3,19951,3709986175,-6280,-2753
6003,2940,0,19952,3710845168,-1346,-60
6003,2940,1,19953,3711704161,-6031,-5088
6003,2940,2,19954,3712563154,-3601,-1706
6003,2940,3,19955,3713422147,2424,7198
6003,2941,0,19956,3714281140,-1047,-328
6003,2941,1,19957,3715140133,-1245,-3233
6003,2941,2,19958,3715999126,-2929,487
6003,2941,3,19959,3716858119,-3004,-973
6003,2942,0,19960,3717717112,3713,225
6003,2942,1,19961,3718576105,4465,659
6003,2942,2,19962,3719435098,-5269,916
6003,2942,3,19963,3720294091,-10051,-2172
6003,2943,0,19964,3721153084,2421,-4466
6003,2943,1,19965,3722012077,3212,1467
6003,2943,2,19966,3722871070,-5228,-1295
6003,2943,3,19967,3723730063,1090,-1918
6003,2944,0,19968,3724589056,-805,6401
6003,2944,1,19969,3725448049,2155,2310
6003,2944,2,19970,3726307042,7431,-873
6003,2944,3,19971,3727166035,-3790,2470
6003,2945,0,19972,3728025028,4222,-644
6003,2945,1,19973,3728884021,7061,-591
6003,2945,2,19974,3729743014,-4130,3539
6003,2945,3,19975,3730602007,1087,2787
6003,2946,0,19976,3731461000,-4270,1242
6003,2946,1,19977,3732319993,-2963,2336
6003,2946,2,19978,3733178986,6150,-1707
6003,2946,3,19979,3734037979,-1393,-6685
6003,2947,0,19980,3734896972,3355,-398
6003,2947,1,19981,3735755965,4501,4290
6003,2947,2,19982,3736614958,349,-267
6003,2947,3,19983,3737473951,7986,-1803
6003,2948,0,19984,3738332944,2312,-673
6003,2948,1,19985,3739191937,-1077,-1381
6003,2948,2,19986,3740050930,5644,-1181
6003,2948,3,19987,3740909923,5358,2060
6003,2949,0,19988,3741768916,2894,5335
6003,2949,1,19989,3742627909,260,4140
6003,2949,2,19990,3743486902,1523,-45
6003,2949,3,19991,3744345895,3584,-1904
6003,2950,0,19992,3745204888,4899,-394
6003,2950,1,19993,3746063881,4721,-88
6003,2950,2,19994,3746922874,-471,1127
6003,2950,3,19995,3747781867,828,1144
6003,2951,0,19996,3748640860,5663,-5334
6003,2951,1,19997,3749499853,5401,-8553
6003,2951,2,19998,3750358846,-833,-8533
6003,2951,3,19999,3751217839,-5014,-4373
6003,2952,0,20000,3752076832,-452,5708
6003,2952,1,20001,3752935825,1870,3873
6003,2952,2,20002,3753794818,7408,-1316
6003,2952,3,20003,3754653811,8676,954
6003,2953,0,20004,3755512804,1924,272
6003,2953,1,20005,3756371797,4410,904
6003,2953,2,20006,3757230790,-1013,-399
6003,2953,3,20007,3758089783,-1300,-1469
6003,2954,0,20008,3758948776,8902,1705
6003,2954,1,20009,3759807769,562,-293
6003,2954,2,20010,3760666762,-423,1812
6003,2954,3,20011,3761525755,5874,157
6003,2955,0,20012,3762384748,905,-8375
6003,2955,1,20013,3763243741,-694,-715
6003,2955,2,20014,3764102734,786,4973
6003,2955,3,20015,3764961727,4664,333
6003,2956,0,20016,3765820720,1177,6028
6003,2956,1,20017,3766679713,-4749,7366
6003,2956,2,20018,3767538706,-5695,-677
6003,2956,3,20019,3768397699,-8359,-484
6003,2957,0,20020,3769256692,1978,578
6003,2957,1,20021,3770115685,2332,-4082
6003,2957,2,20022,3770974678,-6103,-3538
6003,2957,3,20023,3771833671,4788,822
6003,2958,0,20024,3772692664,3573,1484
6003,2958,1,20025,3773551657,-371,1649
6003,2958,2,20026,3774410650,3741,3637
6003,2958,3,20027,3775269643,-3955,1799
6003,2959,0,20028,3776128636,-2542,-4593
6003,2959,1,20029,3776987629,3655,-2569
6003,2959,2,20030,3777846622,1658,1764
6003,2959,3,20031,3778705615,-784,-3359
6003,2960,0,20032,3779564608,1641,942
6003,2960,1,20033,3780423601,4112,4753
6003,2960,2,20034,3781282594,-4766,-4035
6003,2960,3,20035,3782141587,-3262,910
6003,2961,0,20036,3783000580,1201,5854
6003,2961,1,20037,3783859573,-5107,707
6003,2961,2,20038,3784718566,2829,3733
6003,2961,3,20039,3785577559,4885,4772
6003,2962,0,20040,3786436552,-1015,5267
6003,2962,1,20041,3787295545,-288,6058
6003,2962,2,20042,3788154538,-6899,2669
6003,2962,3,20043,3789013531,-2846,3931
6003,2963,0,20044,3789872524,4983,-1524
6003,2963,1,20045,3790731517,604,-6248
6003,2963,2,20046,3791590510,-2265,862
6003,2963,3,20047,3792449503,-3502,3733
6003,2964,0,20048,3793308496,2054,6845
6003,2964,1,20049,3794167489,6413,8243
6003,2964,2,20050,3795026482,1973,-1220
6003,2964,3,20051,3795885475,-1554,-4686
6003,2965,0,20052,3796744468,-2078,2375
6003,2965,1,20053,3797603461,3080,2538
6003,2965,2,20054,3798462454,-1919,-4047
6003,2965,3,20055,3799321447,-11297,272
6003,2966,0,20056,3800180440,-2680,3675
6003,2966,1,20057,3801039433,4363,-3104
6003,2966,2,20058,3801898426,3650,1356
6003,2966,3,20059,3802757419,2564,3860
6003,2967,0,20060,3803616412,2034,-3718
6003,2967,1,20061,3804475405,5606,907
6003,2967,2,20062,3805334398,2283,2631
6003,2967,3,20063,3806193391,-691,-4348
6003,2968,0,20064,3807052384,2985,-2353
6003,2968,1,20065,3807911377,2471,-609
6003,2968,2,20066,3808770370,2937,-1763
6003,2968,3,20067,3809629363,1951,-1808
6003,2969,0,20068,3810488356,-1452,-5024
6003,2969,1,20069,3811347349,1055,-2461
6003,2969,2,20070,3812206342,3780,1321
6003,2969,3,20071,3813065335,3098,-5392
6003,2970,0,20072,3813924328,1683,-5157
6003,2970,1,20073,3814783321,930,2884
6003,2970,2,20074,3815642314,-721,-1365
6003,2970,3,20075,3816501307,-3487,-6220
6003,2971,0,20076,3817360300,-4163,-4500
6003,2971,1,20077,3818219293,-2910,-6035
6003,2971,2,20078,3819078286,-233,-751
6003,2971,3,20079,3819937279,-2363,7733
6003,2972,0,20080,3820796272,-6943,5358
6003,2972,1,20081,3821655265,-2832,648
6003,2972,2,20082,3822514258,-307,-2698
6003,2972,3,20083,3823373251,-2666,-4418
6003,2973,0,20084,3824232244,-811,233
6003,2973,1,20085,3825091237,917,3070
6003,2973,2,20086,3825950230,2018,2374
6003,2973,3,20087,3826809223,359,5168
6003,2974,0,20088,3827668216,496,3443
6003,2974,1,20089,3828527209,6207,-6141
6003,2974,2,20090,3829386202,-760,-7722
6003,2974,3,20091,3830245195,-4283,-3
6003,2975,0,20092,3831104188,8083,1569
6003,2975,1,20093,3831963181,6048,-1884
6003,2975,2,20094,3832822174,792,-5685
6003,2975,3,20095,3833681167,4387,-7515
6003,2976,0,20096,3834540160,2685,1514
6003,2976,1,20097,3835399153,2950,4854
6003,2976,2,20098,3836258146,-858,-3649
6003,2976,3,20099,3837117139,-4189,4561
6003,2977,0,20100,3837976132,506,14572
6003,2977,1,20101,3838835125,-711,3483
6003,2977,2,20102,3839694118,1366,-4656
6003,2977,3,20103,3840553111,2101,-3628
6003,2978,0,20104,3841412104,-445,-3834
6003,2978,1,20105,3842271097,811,-4201
6003,2978,2,20106,3843130090,-9314,-4033
6003,2978,3,20107,3843989083,-6258,-2303
6003,2979,0,20108,3844848076,6887,-804
6003,2979,1,20109,3845707069,-2710,518
6003,2979,2,20110,3846566062,-5331,-715
6003,2979,3,20111,3847425055,-622,-635
6003,2980,0,20112,3848284048,-5192,2964
6003,2980,1,20113,3849143041,-891,302
6003,2980,2,20114,3850002034,3146,3302
6003,2980,3,20115,3850861027,-1053,3344
6003,2981,0,20116,3851720020,-2851,-6457
6003,2981,1,20117,3852579013,-689,2809
6003,2981,2,20118,3853438006,-913,3787
6003,2981,3,20119,3854296999,-3236,-6281
6003,2982,0,20120,3855155992,-2354,3092
6003,2982,1,20121,3856014985,-1243,-2339
6003,2982,2,20122,3856873978,3023,-8343
6003,2982,3,20123,3857732971,967,471
6003,2983,0,20124,3858591964,-5424,-4806
6003,2983,1,20125,3859450957,623,-833
6003,2983,2,20126,3860309950,-2293,4813
6003,2983,3,20127,3861168943,-5944,-1020
6003,2984,0,20128,3862027936,3068,1839
6003,2984,1,20129,3862886929,1480,3191
6003,2984,2,20130,3863745922,2583,5622
6003,2984,3,20131,3864604915,3001,1224
6003,2985,0,20132,3865463908,-6090,-8207
6003,2985,1,20133,3866322901,-3561,260
6003,2985,2,20134,3867181894,3522,1648
6003,2985,3,20135,3868040887,8142,140
6003,2986,0,20136,3868899880,2861,7059
6003,2986,1,20137,3869758873,-6618,-28
6003,2986,2,20138,3870617866,-2316,-2151
6003,2986,3,20139,3871476859,-87,3897
6003,2987,0,20140,3872335852,3638,2567
6003,2987,1,20141,3873194845,8460,3432
6003,2987,2,20142,3874053838,674,378
6003,2987,3,20143,3874912831,-1073,-3332
6003,2988,0,20144,3875771824,1368,2837
6003,2988,1,20145,3876630817,301,3765
6003,2988,2,20146,3877489810,40,-3037
6003,2988,3,20147,3878348803,-1750,-2267
6003,2989,0,20148,3879207796,-711,2515
6003,2989,1,20149,3880066789,-205,3078
6003,2989,2,20150,3880925782,-1232,6581
6003,2989,3,20151,3881784775,-3402,8585
6003,2990,0,20152,3882643768,-3078,1407
6003,2990,1,20153,3883502761,2888,-2022
6003,2990,2,20154,3884361754,-962,3425
6003,2990,3,20155,3885220747,-4475,4633
6003,2991,0,20156,3886079740,871,-1051
6003,2991,1,20157,3886938733,1235,-3993
6003,2991,2,20158,3887797726,309,-3708
6003,2991,3,20159,3888656719,-3579,510
6003,2992,0,20160,3889515712,-4045,3754
6003,2992,1,20161,3890374705,-743,-3884
6003,2992,2,20162,3891233698,-8260,-4172
6003,2992,3,20163,3892092691,-5947,2646
6003,2993,0,20164,3892951684,7549,-257
6003,2993,1,20165,3893810677,7425,3778
6003,2993,2,20166,3894669670,619,7866
6003,2993,3,20167,3895528663,-1075,1587
6003,2994,0,20168,3896387656,1402,5169
6003,2994,1,20169,3897246649,919,9330
6003,2994,2,20170,3898105642,-1988,1926
6003,2994,3,20171,3898964635,145,213
6003,2995,0,20172,3899823628,628,5793
6003,2995,1,20173,3900682621,-2441,926
6003,2995,2,20174,3901541614,-1164,-3991
6003,2995,3,20175,3902400607,1894,3192
6003,2996,0,20176,3903259600,2179,1191
6003,2996,1,20177,3904118593,936,-3859
6003,2996,2,20178,3904977586,-2603,-847
6003,2996,3,20179,3905836579,-3253,-617
6003,2997,0,20180,3906695572,1952,2433
6003,2997,1,20181,3907554565,-1426,2191
6003,2997,2,20182,3908413558,-8334,3526
6003,2997,3,20183,3909272551,-4800,8217
6003,2998,0,20184,3910131544,-1463,-1793
6003,2998,1,20185,3910990537,1063,-3223
6003,2998,2,20186,3911849530,2469,3425
6003,2998,3,20187,3912708523,686,483
6003,2999,0,20188,3913567516,6993,1611
6003,2999,1,20189,3914426509,6132,-1381
6003,2999,2,20190,3915285502,-3836,-4130
6003,2999,3,20191,3916144495,669,-1192
6003,3000,0,20192,3917003488,2743,-3206
6003,3000,1,20193,3917862481,-2647,-1886
6003,3000,2,20194,3918721474,1276,1255
6003,3000,3,20195,3919580467,-2446,5096
6003,3001,0,20196,3920439460,-3906,2226
6003,3001,1,20197,3921298453,8126,-6393
6003,3001,2,20198,3922157446,1751,-156
6003,3001,3,20199,3923016439,-5798,4300
6003,3002,0,20200,3923875432,2453,1599
6003,3002,1,20201,3924734425,-535,2498
6003,3002,2,20202,3925593418,-2866,-1198
6003,3002,3,20203,3926452411,-869,-3776
6003,3003,0,20204,3927311404,-3126,-5240
6003,3003,1,20205,3928170397,1652,-2874
6003,3003,2,20206,3929029390,2992,2721
6003,3003,3,20207,3929888383,1142,148
6003,3004,0,20208,3930747376,-829,-1291
6003,3004,1,20209,3931606369,-2234,-1582
6003,3004,2,20210,3932465362,2972,1252
6003,3004,3,20211,3933324355,182,6931
6003,3005,0,20212,3934183348,1775,69
6003,3005,1,20213,3935042341,3685,-7293
6003,3005,2,20214,3935901334,-8623,-5659
6003,3005,3,20215,3936760327,-4092,1239
6003,3006,0,20216,3937619320,858,6642
6003,3006,1,20217,3938478313,-5028,3268
6003,3006,2,20218,3939337306,-2139,2981
6003,3006,3,20219,3940196299,-4049,969
6003,3007,0,20220,3941055292,124,-6603
6003,3007,1,20221,3941914285,4513,-2317
6003,3007,2,20222,3942773278,1600,7579
6003,3007,3,20223,3943632271,6520,5353
6003,3008,0,20224,3944491264,186,-3277
6003,3008,1,20225,3945350257,-2132,85
6003,3008,2,20226,3946209250,3307,2131
6003,3008,3,20227,3947068243,-3228,-4057
6003,3009,0,20228,3947927236,657,4371
6003,3009,1,20229,3948786229,1957,7497
6003,3009,2,20230,3949645222,-2682,-3614
6003,3009,3,20231,3950504215,2895,-3118
6003,3010,0,20232,3951363208,2761,1513
6003,3010,1,20233,3952222201,1805,3479
6003,3010,2,20234,3953081194,-1894,3219
6003,3010,3,20235,3953940187,-2184,-565
6003,3011,0,20236,3954799180,6149,-1283
6003,3011,1,20237,3955658173,-253,-44
6003,3011,2,20238,3956517166,-1415,2018
6003,3011,3,20239,3957376159,2310,-1306
6003,3012,0,20240,3958235152,-6015,-6603
6003,3012,1,20241,3959094145,-1480,-3649
6003,3012,2,20242,3959953138,3302,-688
6003,3012,3,20243,3960812131,532,-1311
6003,3013,0,20244,3961671124,1625,-1942
6003,3013,1,20245,3962530117,-4961,259
6003,3013,2,20246,3963389110,-3049,800
6003,3013,3,20247,3964248103,4437,-687
6003,3014,0,20248,3965107096,-2643,4137
6003,3014,1,20249,3965966089,-3022,3541
6003,3014,2,20250,3966825082,1423,-183
6003,3014,3,20251,3967684075,-3762,518
6003,3015,0,20252,3968543068,-3033,-2500
6003,3015,1,20253,3969402061,1256,-1202
6003,3015,2,20254,3970261054,-2426,-1806
6003,3015,3,20255,3971120047,-2467,-3750
6003,3016,0,20256,3971979040,4969,2445
6003,3016,1,20257,3972838033,3763,2111
6003,3016,2,20258,3973697026,-2578,1016
6003,3016,3,20259,3974556019,134,434
6003,3017,0,20260,3975415012,803,-2638
6003,3017,1,20261,3976274005,1333,2048
6003,3017,2,20262,3977132998,8268,3636
6003,3017,3,20263,3977991991,4986,2594
6003,3018,0,20264,3978850984,1566,-177
6003,3018,1,20265,3979709977,3370,-3850
6003,3018,2,20266,3980568970,96,1101
6003,3018,3,20267,3981427963,3499,-1350
6003,3019,0,20268,3982286956,2333,-4789
6003,3019,1,20269,3983145949,-2470,129
6003,3019,2,20270,3984004942,2016,308
6003,3019,3,20271,3984863935,-1715,2021
6003,3020,0,20272,3985722928,-1675,560
6003,3020,1,20273,3986581921,197,-4104
6003,3020,2,20274,3987440914,-6834,-1759
6003,3020,3,20275,3988299907,-1748,1678
6003,3021,0,20276,3989158900,-1012,4090
6003,3021,1,20277,3990017893,-2293,-126
6003,3021,2,20278,3990876886,3173,-3947
6003,3021,3,20279,3991735879,-4303,-2401
6003,3022,0,20280,3992594872,-1740,-4137
6003,3022,1,20281,3993453865,2132,628
6003,3022,2,20282,3994312858,-5884,2903
6003,3022,3,20283,3995171851,-485,-1797
6003,3023,0,20284,3996030844,-1085,2052
6003,3023,1,20285,3996889837,-2870,1951
6003,3023,2,20286,3997748830,7030,-837
6003,3023,3,20287,3998607823,4308,1335
6003,3024,0,20288,3999466816,247,-1950
6003,3024,1,20289,4000325809,711,-1893
6003,3024,2,20290,4001184802,-863,3165
6003,3024,3,20291,4002043795,-254,2634
6003,3025,0,20292,4002902788,-3823,1156
6003,3025,1,20293,4003761781,-4396,1230
6003,3025,2,20294,4004620774,-298,-974
6003,3025,3,20295,4005479767,-1218,-4356
6003,3026,0,20296,4006338760,-4156,-5108
6003,3026,1,20297,4007197753,-3234,-2881
6003,3026,2,20298,4008056746,1202,-355
6003,3026,3,20299,4008915739,-221,2892
6003,3027,0,20300,4009774732,-3677,7590
6003,3027,1,20301,4010633725,-3178,6221
6003,3027,2,20302,4011492718,-5421,-796
6003,3027,3,20303,4012351711,-5134,284
6003,3028,0,20304,4013210704,-4504,4256
6003,3028,1,20305,4014069697,-7212,-273
6003,3028,2,20306,4014928690,-2848,-4984
6003,3028,3,20307,4015787683,2123,-2778
6003,3029,0,20308,4016646676,1551,-981
6003,3029,1,20309,4017505669,-1217,-6386
6003,3029,2,20310,4018364662,-5802,-4649
6003,3029,3,20311,4019223655,-1898,4583
6003,3030,0,20312,4020082648,1911,2228
6003,3030,1,20313,4020941641,-4653,-703
6003,3030,2,20314,4021800634,998,-2257
6003,3030,3,20315,4022659627,5946,-2368
6003,3031,0,20316,4023518620,-5886,9988
6003,3031,1,20317,4024377613,-3464,5929
6003,3031,2,20318,4025236606,2837,-5903
6003,3031,3,20319,4026095599,-1631,-1931
6003,3032,0,20320,4026954592,2116,-6640
6003,3032,1,20321,4027813585,5625,-3482
6003,3032,2,20322,4028672578,6398,6931
6003,3032,3,20323,4029531571,496,-711
6003,3033,0,20324,4030390564,-8985,-28
6003,3033,1,20325,4031249557,-168,3342
6003,3033,2,20326,4032108550,122,113
6003,3033,3,20327,4032967543,-9788,3676
6003,3034,0,20328,4033826536,-2215,1244
6003,3034,1,20329,4034685529,1092,3490
6003,3034,2,20330,4035544522,-2006,7731
6003,3034,3,20331,4036403515,273,-1351
6003,3035,0,20332,4037262508,-1132,-2006
6003,3035,1,20333,4038121501,-5807,2699
6003,3035,2,20334,4038980494,-4830,3534
6003,3035,3,20335,4039839487,2346,5943
6003,3036,0,20336,4040698480,-777,3224
6003,3036,1,20337,4041557473,-2711,2082
6003,3036,2,20338,4042416466,5643,3806
6003,3036,3,20339,4043275459,1637,-406
6003,3037,0,20340,4044134452,-2925,-4135
6003,3037,1,20341,4044993445,-2450,-994
6003,3037,2,20342,4045852438,-3429,2186
6003,3037,3,20343,4046711431,1239,-1032
6003,3038,0,20344,4047570424,1787,-719
6003,3038,1,20345,4048429417,5177,362
6003,3038,2,20346,4049288410,6332,-3783
6003,3038,3,20347,4050147403,-2967,-636
6003,3039,0,20348,4051006396,-224,-2264
6003,3039,1,20349,4051865389,2351,-10365
6003,3039,2,20350,4052724382,-312,-3371
6003,3039,3,20351,4053583375,6375,5023
6003,3040,0,20352,4054442368,8302,2784
6003,3040,1,20353,4055301361,4433,-1539
6003,3040,2,20354,4056160354,2681,-3209
6003,3040,3,20355,4057019347,1784,28
6003,3041,0,20356,4057878340,1188,-1360
6003,3041,1,20357,4058737333,1160,-8945
6003,3041,2,20358,4059596326,-384,-8891
6003,3041,3,20359,4060455319,-4539,-584
6003,3042,0,20360,4061314312,-2430,2443
6003,3042,1,20361,4062173305,-1723,-874
6003,3042,2,20362,4063032298,-3130,94
6003,3042,3,20363,4063891291,3308,2380
6003,3043,0,20364,4064750284,1687,6178
6003,3043,1,20365,4065609277,-1769,9668
6003,3043,2,20366,4066468270,46,2513
6003,3043,3,20367,4067327263,-2351,-3337
6003,3044,0,20368,4068186256,355,-4363
6003,3044,1,20369,4069045249,2466,-1529
6003,3044,2,20370,4069904242,3316,6152
6003,3044,3,20371,4070763235,5355,-2847
6003,3045,0,20372,4071622228,2282,-8381
6003,3045,1,20373,4072481221,2261,7389
6003,3045,2,20374,4073340214,-1353,4828
6003,3045,3,20375,4074199207,1035,-8070
6003,3046,0,20376,4075058200,9667,-1481
6003,3046,1,20377,4075917193,-1154,4366
6003,3046,2,20378,4076776186,-4411,-296
6003,3046,3,20379,4077635179,4346,530
6003,3047,0,20380,4078494172,583,4582
6003,3047,1,20381,4079353165,1075,540
6003,3047,2,20382,4080212158,1769,-1281
6003,3047,3,20383,4081071151,-4442,320
6003,3048,0,20384,4081930144,-3896,-2659
6003,3048,1,20385,4082789137,53,679
6003,3048,2,20386,4083648130,393,2240
6003,3048,3,20387,4084507123,-2286,-1464
6003,3049,0,20388,4085366116,-2386,4509
6003,3049,1,20389,4086225109,-753,5396
6003,3049,2,20390,4087084102,4390,-1125
6003,3049,3,20391,4087943095,9542,-673
6003,3050,0,20392,4088802088,2390,-563
6003,3050,1,20393,4089661081,-1808,-1132
6003,3050,2,20394,4090520074,-1265,1104
6003,3050,3,20395,4091379067,-3692,3129
6003,3051,0,20396,4092238060,2542,3163
6003,3051,1,20397,4093097053,2127,562
6003,3051,2,20398,4093956046,-3859,1417
6003,3051,3,20399,4094815039,267,-539
6003,3052,0,20400,4095674032,1941,-8109
6003,3052,1,20401,4096533025,3656,-5655
6003,3052,2,20402,4097392018,647,-3355
6003,3052,3,20403,4098251011,-7566,-5729
6003,3053,0,20404,4099110004,-399,2819
6003,3053,1,20405,4099968997,4310,3576
6003,3053,2,20406,4100827990,-2943,-1707
6003,3053,3,20407,4101686983,-2425,6882
6003,3054,0,20408,4102545976,-428,7995
6003,3054,1,20409,4103404969,-4027,5449
6003,3054,2,20410,4104263962,-3031,7984
6003,3054,3,20411,4105122955,2674,-522
6003,3055,0,20412,4105981948,2018,-2558
6003,3055,1,20413,4106840941,-1344,6007
6003,3055,2,20414,4107699934,-293,5559
6003,3055,3,20415,4108558927,-3670,-2927
6003,3056,0,20416,4109417920,-4610,-3485
6003,3056,1,20417,4110276913,1520,6393
6003,3056,2,20418,4111135906,197,-829
6003,3056,3,20419,4111994899,-2402,-8574
6003,3057,0,20420,4112853892,-1398,607
6003,3057,1,20421,4113712885,-3179,-4094
6003,3057,2,20422,4114571878,-3597,-3118
6003,3057,3,20423,4115430871,-3935,1817
6003,3058,0,20424,4116289864,-2420,-6303
6003,3058,1,20425,4117148857,1916,1346
6003,3058,2,20426,4118007850,-640,-107
6003,3058,3,20427,4118866843,-5132,-5015
6003,3059,0,20428,4119725836,-4572,8787
6003,3059,1,20429,4120584829,-4037,-3
6003,3059,2,20430,4121443822,-3487,-8305
6003,3059,3,20431,4122302815,-1059,1618
6003,3060,0,20432,4123161808,767,-104
6003,3060,1,20433,4124020801,1534,603
6003,3060,2,20434,4124879794,1374,5604
6003,3060,3,20435,4125738787,-251,4728
6003,3061,0,20436,4126597780,2020,1794
6003,3061,1,20437,4127456773,5978,557
6003,3061,2,20438,4128315766,1189,2944
6003,3061,3,20439,4129174759,-1214,1430
6003,3062,0,20440,4130033752,5237,-586
6003,3062,1,20441,4130892745,3093,-269
6003,3062,2,20442,4131751738,-2248,1984
6003,3062,3,20443,4132610731,1124,194
6003,3063,0,20444,4133469724,2197,-7831
6003,3063,1,20445,4134328717,1517,-1488
6003,3063,2,20446,4135187710,2858,3895
6003,3063,3,20447,4136046703,928,-3976
6003,3064,0,20448,4136905696,1465,-4770
6003,3064,1,20449,4137764689,418,-2779
6003,3064,2,20450,4138623682,-6000,3169
6003,3064,3,20451,4139482675,-3867,2935
6003,3065,0,20452,4140341668,-1813,-6961
6003,3065,1,20453,4141200661,-5761,-510
6003,3065,2,20454,4142059654,1993,4676
6003,3065,3,20455,4142918647,9924,-1624
6003,3066,0,20456,4143777640,2028,-1768
6003,3066,1,20457,4144636633,-5044,-881
6003,3066,2,20458,4145495626,-1142,-1228
6003,3066,3,20459,4146354619,-20,778
6003,3067,0,20460,4147213612,-3690,3181
6003,3067,1,20461,4148072605,1083,1788
6003,3067,2,20462,4148931598,1772,4221
6003,3067,3,20463,4149790591,-3765,5984
6003,3068,0,20464,4150649584,1438,-1968
6003,3068,1,20465,4151508577,1042,1444
6003,3068,2,20466,4152367570,-3307,2920
6003,3068,3,20467,4153226563,-1528,-3417
6003,3069,0,20468,4154085556,-6367,3345
6003,3069,1,20469,4154944549,-5982,3673
6003,3069,2,20470,4155803542,-2661,5180
6003,3069,3,20471,4156662535,-388,7890
6003,3070,0,20472,4157521528,7025,-1192
6003,3070,1,20473,4158380521,2568,1513
6003,3070,2,20474,4159239514,-1553,558
6003,3070,3,20475,4160098507,-2064,-2564
6003,3071,0,20476,4160957500,-5598,2905
6003,3071,1,20477,4161816493,2363,-1382
6003,3071,2,20478,4162675486,989,644
6003,3071,3,20479,4163534479,-3697,1234
6003,3072,0,20992,309230592,1540,2363
6003,3072,1,20993,310089585,-641,1820
6003,3072,2,20994,310948578,-4707,2475
6003,3072,3,20995,311807571,-723,1323
6003,3073,0,20996,312666564,4954,-724
6003,3073,1,20997,313525557,3041,186
6003,3073,2,20998,314384550,-96,2746
6003,3073,3,20999,315243543,1412,1238
6003,3074,0,21000,316102536,-561,-761
6003,3074,1,21001,316961529,-71,389
6003,3074,2,21002,317820522,141,-1493
6003,3074,3,21003,318679515,-5635,-3605
6003,3075,0,21004,319538508,-1143,11
6003,3075,1,21005,320397501,1404,2725
6003,3075,2,21006,321256494,-5355,896
6003,3075,3,21007,322115487,-5098,4190
6003,3076,0,21008,322974480,-2604,9000
6003,3076,1,21009,323833473,-2476,3648
6003,3076,2,21010,324692466,-6852,2085
6003,3076,3,21011,325551459,-5134,5095
6003,3077,0,21012,326410452,3475,-2343
6003,3077,1,21013,327269445,-2092,-3596
6003,3077,2,21014,328128438,-1399,3439
6003,3077,3,21015,328987431,6540,1852
6003,3078,0,21016,329846424,-517,1838
6003,3078,1,21017,330705417,-2629,4408
6003,3078,2,21018,331564410,-1203,1566
6003,3078,3,21019,332423403,-1953,1525
6003,3079,0,21020,333282396,281,1511
6003,3079,1,21021,334141389,-4010,-881
6003,3079,2,21022,335000382,-2536,3129
6003,3079,3,21023,335859375,2058,7862
6003,3080,0,21024,336718368,800,6230
6003,3080,1,21025,337577361,4910,-888
6003,3080,2,21026,338436354,5396,-6676
6003,3080,3,21027,339295347,-439,1549
6003,3081,0,21028,340154340,-2664,8024
6003,3081,1,21029,341013333,926,1503
6003,3081,2,21030,341872326,3169,3062
6003,3081,3,21031,342731319,-709,4779
6003,3082,0,21032,343590312,2865,785
6003,3082,1,21033,344449305,2004,1265
6003,3082,2,21034,345308298,-8169,-3771
6003,3082,3,21035,346167291,-2640,-1682
6003,3083,0,21036,347026284,2341,4147
6003,3083,1,21037,347885277,-1192,-3798
6003,3083,2,21038,348744270,1595,-3657
6003,3083,3,21039,349603263,161,-1257
6003,3084,0,21040,350462256,-114,-3116
6003,3084,1,21041,351321249,4422,3032
6003,3084,2,21042,352180242,3338,2318
6003,3084,3,21043,353039235,3138,1648
6003,3085,0,21044,353898228,2590,4990
6003,3085,1,21045,354757221,-1853,1588
6003,3085,2,21046,355616214,-2090,-226
6003,3085,3,21047,356475207,825,-751
6003,3086,0,21048,357334200,671,5258
6003,3086,1,21049,358193193,548,5549
6003,3086,2,21050,359052186,-1707,-9840
6003,3086,3,21051,359911179,-7359,-6367
6003,3087,0,21052,360770172,-1733,4731
6003,3087,1,21053,361629165,3493,-2223
6003,3087,2,21054,362488158,-2528,-3754
6003,3087,3,21055,363347151,2990,2049
6003,3088,0,21056,364206144,7120,2359
6003,3088,1,21057,365065137,72,1780
6003,3088,2,21058,365924130,1167,4024
6003,3088,3,21059,366783123,-1488,5185
6003,3089,0,21060,367642116,-2620,2728
6003,3089,1,21061,368501109,5491,477
6003,3089,2,21062,369360102,1596,-5151
6003,3089,3,21063,370219095,-1439,-6765
6003,3090,0,21064,371078088,1479,3888
6003,3090,1,21065,371937081,-2521,6286
6003,3090,2,21066,372796074,996,-1756
6003,3090,3,21067,373655067,3419,-3257
6003,3091,0,21068,374514060,-4932,-3785
6003,3091,1,21069,375373053,-2941,-7316
6003,3091,2,21070,376232046,4616,-5711
6003,3091,3,21071,377091039,6736,-2449
6003,3092,0,21072,377950032,4637,-2315
6003,3092,1,21073,378809025,-4216,1673
6003,3092,2,21074,379668018,-1839,6373
6003,3092,3,21075,380527011,8292,3587
6003,3093,0,21076,381386004,4334,-143
6003,3093,1,21077,382244997,3832,1998
6003,3093,2,21078,383103990,5795,6550
6003,3093,3,21079,383962983,-1130,2795
6003,3094,0,21080,384821976,-1010,-4111
6003,3094,1,21081,385680969,132,404
6003,3094,2,21082,386539962,-179,4227
6003,3094,3,21083,387398955,2537,1983
6003,3095,0,21084,388257948,1754,3084
6003,3095,1,21085,389116941,1531,1090
6003,3095,2,21086,389975934,1173,-2185
6003,3095,3,21087,390834927,6252,-1748
6003,3096,0,21088,391693920,8170,-1579
6003,3096,1,21089,392552913,391,-1112
6003,3096,2,21090,393411906,4778,-3234
6003,3096,3,21091,394270899,2536,-3629
6003,3097,0,21092,395129892,-4308,2200
6003,3097,1,21093,395988885,3823,1855
6003,3097,2,21094,396847878,477,-204
6003,3097,3,21095,397706871,402,5085
6003,3098,0,21096,398565864,3563,1647
6003,3098,1,21097,399424857,-3075,-4252
6003,3098,2,21098,400283850,4233,519
6003,3098,3,21099,401142843,1992,-1449
6003,3099,0,21100,402001836,-1308,-2524
6003,3099,1,21101,402860829,5077,2754
6003,3099,2,21102,403719822,-6845,-3206
6003,3099,3,21103,404578815,-2979,-3858
6003,3100,0,21104,405437808,2397,-269
6003,3100,1,21105,406296801,-9226,-3157
6003,3100,2,21106,407155794,2857,4006
6003,3100,3,21107,408014787,9113,4529
6003,3101,0,21108,408873780,2487,-2456
6003,3101,1,21109,409732773,2575,2025
6003,3101,2,21110,410591766,-5581,-151
6003,3101,3,21111,411450759,-2679,-5140
6003,3102,0,21112,412309752,1964,601
6003,3102,1,21113,413168745,-7502,5546
6003,3102,2,21114,414027738,-6397,1396
6003,3102,3,21115,414886731,-1123,-6337
6003,3103,0,21116,415745724,-2372,-2185
6003,3103,1,21117,416604717,-1938,1522
6003,3103,2,21118,417463710,1576,-5335
6003,3103,3,21119,418322703,1025,-4771
6003,3104,0,21120,419181696,-4144,-5605
6003,3104,1,21121,420040689,-2655,-9245
6003,3104,2,21122,420899682,296,-2832
6003,3104,3,21123,421758675,387,-178
6003,3105,0,21124,422617668,3266,-1618
6003,3105,1,21125,423476661,4599,-418
6003,3105,2,21126,424335654,6981,-2157
6003,3105,3,21127,425194647,8627,-1327
6003,3106,0,21128,426053640,-1139,1800
6003,3106,1,21129,426912633,-10646,-1022
6003,3106,2,21130,427771626,-4387,-2764
6003,3106,3,21131,428630619,3164,-675
6003,3107,0,21132,429489612,-101,-5502
6003,3107,1,21133,430348605,-1944,-7936
6003,3107,2,21134,431207598,1506,-67
6003,3107,3,21135,432066591,3143,604
6003,3108,0,21136,432925584,-1603,-2201
6003,3108,1,21137,433784577,-4858,441
6003,3108,2,21138,434643570,-1885,-1961
6003,3108,3,21139,435502563,-5056,-964
6003,3109,0,21140,436361556,-4545,5568
6003,3109,1,21141,437220549,1084,2975
6003,3109,2,21142,438079542,-2681,-446
6003,3109,3,21143,438938535,-3947,-336
6003,3110,0,21144,439797528,-5094,-2908
6003,3110,1,21145,440656521,-5810,-434
6003,3110,2,21146,441515514,-1253,1883
6003,3110,3,21147,442374507,-676,-296
6003,3111,0,21148,443233500,5226,3199
6003,3111,1,21149,444092493,4957,2705
6003,3111,2,21150,444951486,-1077,1696
6003,3111,3,21151,445810479,4249,8593
6003,3112,0,21152,446669472,1808,2289
6003,3112,1,21153,447528465,-4729,-3789
6003,3112,2,21154,448387458,-7498,4191
6003,3112,3,21155,449246451,-2408,1192
6003,3113,0,21156,450105444,9269,-2349
6003,3113,1,21157,450964437,-235,4192
6003,3113,2,21158,451823430,-6846,2232
6003,3113,3,21159,452682423,-254,-5652
6003,3114,0,21160,453541416,-1606,-5762
6003,3114,1,21161,454400409,-1455,3222
6003,3114,2,21162,455259402,-7344,4683
6003,3114,3,21163,456118395,-1127,-1549
6003,3115,0,21164,456977388,8858,-558
6003,3115,1,21165,457836381,-4812,-877
6003,3115,2,21166,458695374,1044,-104
6003,3115,3,21167,459554367,9127,933
6003,3116,0,21168,460413360,-469,-6875
6003,3116,1,21169,461272353,2577,-5938
6003,3116,2,21170,462131346,-781,-2037
6003,3116,3,21171,462990339,-27,-3384
6003,3117,0,21172,463849332,6004,3275
6003,3117,1,21173,464708325,-4009,4375
6003,3117,2,21174,465567318,-4671,-2239
6003,3117,3,21175,466426311,-2238,-3704
6003,3118,0,21176,467285304,-2609,-4372
6003,3118,1,21177,468144297,5971,-918
6003,3118,2,21178,469003290,7873,5884
6003,3118,3,21179,469862283,1318,4894
6003,3119,0,21180,470721276,-2445,213
6003,3119,1,21181,471580269,1326,2195
6003,3119,2,21182,472439262,2257,6004
6003,3119,3,21183,473298255,-1146,4442
6003,3120,0,21184,474157248,-118,885
6003,3120,1,21185,475016241,-1935,-4129
6003,3120,2,21186,475875234,732,-5494
6003,3120,3,21187,476734227,4312,-18
6003,3121,0,21188,477593220,366,2355
6003,3121,1,21189,478452213,2722,597
6003,3121,2,21190,479311206,1836,-2649
6003,3121,3,21191,480170199,-914,-3624
6003,3122,0,21192,481029192,5055,-2017
6003,3122,1,21193,481888185,2144,-4506
6003,3122,2,21194,482747178,-4461,-1515
6003,3122,3,21195,483606171,1322,1728
6003,3123,0,21196,484465164,4804,-4344
6003,3123,1,21197,485324157,-1551,-1009
6003,3123,2,21198,486183150,1041,2934
6003,3123,3,21199,487042143,6699,-3378
6003,3124,0,21200,487901136,976,-1113
6003,3124,1,21201,488760129,-567,2325
6003,3124,2,21202,489619122,-750,-2496
6003,3124,3,21203,490478115,-4449,-4098
6003,3125,0,21204,491337108,-3697,-2349
6003,3125,1,21205,492196101,-3924,-1715
6003,3125,2,21206,493055094,637,-1005
6003,3125,3,21207,493914087,3675,1459
6003,3126,0,21208,494773080,-435,2524
6003,3126,1,21209,495632073,1333,1400
6003,3126,2,21210,496491066,2978,1934
6003,3126,3,21211,497350059,3275,184
6003,3127,0,21212,498209052,638,-809
6003,3127,1,21213,499068045,-3853,4067
6003,3127,2,21214,499927038,427,3919
6003,3127,3,21215,500786031,-454,2060
6003,3128,0,21216,501645024,-5020,7020
6003,3128,1,21217,502504017,-2431,3468
6003,3128,2,21218,503363010,38,-4907
6003,3128,3,21219,504222003,886,-969
6003,3129,0,21220,505080996,-1695,916
6003,3129,1,21221,505939989,1156,-3166
6003,3129,2,21222,506798982,6356,-1717
6003,3129,3,21223,507657975,-1398,-1038
6003,3130,0,21224,508516968,-5103,51
6003,3130,1,21225,509375961,183,-52
6003,3130,2,21226,510234954,406,-3476
6003,3130,3,21227,511093947,1626,135
6003,3131,0,21228,511952940,2777,762
6003,3131,1,21229,512811933,-4786,-1207
6003,3131,2,21230,513670926,-5388,2291
6003,3131,3,21231,514529919,3942,-1472
6003,3132,0,21232,515388912,149,-3999
6003,3132,1,21233,516247905,-3851,-1717
6003,3132,2,21234,517106898,1548,-2571
6003,3132,3,21235,517965891,-2283,1144
6003,3133,0,21236,518824884,-2205,841
6003,3133,1,21237,519683877,4037,-1989
6003,3133,2,21238,520542870,5705,2723
6003,3133,3,21239,521401863,5418,2629
6003,3134,0,21240,522260856,-2555,-1606
6003,3134,1,21241,523119849,-3128,436
6003,3134,2,21242,523978842,2618,5307
6003,3134,3,21243,524837835,-548,256
6003,3135,0,21244,525696828,801,-4625
6003,3135,1,21245,526555821,545,4690
6003,3135,2,21246,527414814,-2584,1363
6003,3135,3,21247,528273807,641,-6581
6003,3136,0,21248,529132800,1141,1977
6003,3136,1,21249,529991793,397,-2514
6003,3136,2,21250,530850786,-3302,-7954
6003,3136,3,21251,531709779,-4536,2988
6003,3137,0,21252,532568772,2448,3597
6003,3137,1,21253,533427765,1447,-3165
6003,3137,2,21254,534286758,-3895,-3316
6003,3137,3,21255,535145751,-4922,4610
6003,3138,0,21256,536004744,-4732,6124
6003,3138,1,21257,536863737,-393,-5462
6003,3138,2,21258,537722730,4683,-2461
6003,3138,3,21259,538581723,3318,3881
6003,3139,0,21260,539440716,-2817,-5035
6003,3139,1,21261,540299709,-1584,-4612
6003,3139,2,21262,541158702,7067,218
6003,3139,3,21263,542017695,7196,-4031
6003,3140,0,21264,542876688,1543,-6573
6003,3140,1,21265,543735681,1260,-6041
6003,3140,2,21266,544594674,-1077,-2424
6003,3140,3,21267,545453667,-6764,1757
6003,3141,0,21268,546312660,-2226,481
6003,3141,1,21269,547171653,1820,256
6003,3141,2,21270,548030646,-3423,2309
6003,3141,3,21271,548889639,365,1561
6003,3142,0,21272,549748632,4117,3033
6003,3142,1,21273,550607625,-1735,1160
6003,3142,2,21274,551466618,-975,-5358
6003,3142,3,21275,552325611,3781,-1820
6003,3143,0,21276,553184604,3372,1170
6003,3143,1,21277,554043597,-1497,593
6003,3143,2,21278,554902590,-2209,2409
6003,3143,3,21279,555761583,-1017,-4907
6003,3144,0,21280,556620576,-4906,336
6003,3144,1,21281,557479569,-793,11824
6003,3144,2,21282,558338562,3355,47
6003,3144,3,21283,559197555,1443,-1042
6003,3145,0,21284,560056548,2877,6502
6003,3145,1,21285,560915541,408,-923
6003,3145,2,21286,561774534,2421,-872
6003,3145,3,21287,562633527,2291,1787
6003,3146,0,21288,563492520,-4188,3947
6003,3146,1,21289,564351513,3237,8096
6003,3146,2,21290,565210506,4594,2090
6003,3146,3,21291,566069499,-2419,2037
6003,3147,0,21292,566928492,-1315,4562
6003,3147,1,21293,567787485,-3121,-3912
6003,3147,2,21294,568646478,-3011,-4109
6003,3147,3,21295,569505471,-2300,5530
6003,3148,0,21296,570364464,-4699,6816
6003,3148,1,21297,571223457,-3368,-594
6003,3148,2,21298,572082450,-277,-3542
6003,3148,3,21299,572941443,620,-2610
6003,3149,0,21300,573800436,-4691,-3339
6003,3149,1,21301,574659429,-2883,-520
6003,3149,2,21302,575518422,404,1380
6003,3149,3,21303,576377415,-3014,394
6003,3150,0,21304,577236408,4442,227
6003,3150,1,21305,578095401,2867,-1515
6003,3150,2,21306,578954394,-4252,-187
6003,3150,3,21307,579813387,920,1033
6003,3151,0,21308,580672380,-795,-1908
6003,3151,1,21309,581531373,3796,-1978
6003,3151,2,21310,582390366,6915,-1393
6003,3151,3,21311,583249359,-610,1356
6003,3152,0,21312,584108352,1259,7044
6003,3152,1,21313,584967345,-6602,2629
6003,3152,2,21314,585826338,-10950,-5259
6003,3152,3,21315,586685331,-1449,-144
6003,3153,0,21316,587544324,-2562,7409
6003,3153,1,21317,588403317,264,3545
6003,3153,2,21318,589262310,1187,-5530
6003,3153,3,21319,590121303,-3194,-6361
6003,3154,0,21320,590980296,14,-44
6003,3154,1,21321,591839289,-3010,-2328
6003,3154,2,21322,592698282,-1453,-3015
6003,3154,3,21323,593557275,3659,5980
6003,3155,0,21324,594416268,93,2054
6003,3155,1,21325,595275261,1864,-2586
6003,3155,2,21326,596134254,1445,1143
6003,3155,3,21327,596993247,-2385,-6288
6003,3156,0,21328,597852240,2525,-7492
6003,3156,1,21329,598711233,6329,490
6003,3156,2,21330,599570226,3631,1134
6003,3156,3,21331,600429219,2055,203
6003,3157,0,21332,601288212,1269,-1398
6003,3157,1,21333,602147205,-2900,2419
6003,3157,2,21334,603006198,-1898,4240
6003,3157,3,21335,603865191,828,-48
6003,3158,0,21336,604724184,197,4005
6003,3158,1,21337,605583177,7486,833
6003,3158,2,21338,606442170,7220,-1491
6003,3158,3,21339,607301163,-956,5883
6003,3159,0,21340,608160156,3280,-2310
6003,3159,1,21341,609019149,2308,-3361
6003,3159,2,21342,609878142,-4942,6737
6003,3159,3,21343,610737135,-4347,-2373
6003,3160,0,21344,611596128,-3176,-8422
6003,3160,1,21345,612455121,-3034,2695
6003,3160,2,21346,613314114,-3468,9420
6003,3160,3,21347,614173107,1438,3107
6003,3161,0,21348,615032100,6414,-506
6003,3161,1,21349,615891093,1477,6387
6003,3161,2,21350,616750086,573,4110
6003,3161,3,21351,617609079,243,27
6003,3162,0,21352,618468072,-2695,5633
6003,3162,1,21353,619327065,81,1934
6003,3162,2,21354,620186058,-2101,-1121
6003,3162,3,21355,621045051,-1148,4405
6003,3163,0,21356,621904044,3738,2261
6003,3163,1,21357,622763037,-2178,573
6003,3163,2,21358,623622030,-759,-678
6003,3163,3,21359,624481023,3631,-6919
6003,3164,0,21360,625340016,-3301,-728
6003,3164,1,21361,626199009,1515,6484
6003,3164,2,21362,627058002,7169,-1456
6003,3164,3,21363,627916995,-2734,-2690
6003,3165,0,21364,628775988,-1758,294
6003,3165,1,21365,629634981,2468,-5529
6003,3165,2,21366,630493974,-3418,-2703
6003,3165,3,21367,631352967,645,641
6003,3166,0,21368,632211960,4601,-4382
6003,3166,1,21369,633070953,-149,1112
6003,3166,2,21370,633929946,-1107,4649
6003,3166,3,21371,634788939,231,2699
6003,3167,0,21372,635647932,5317,10442
6003,3167,1,21373,636506925,4117,6748
6003,3167,2,21374,637365918,-3077,-415
6003,3167,3,21375,638224911,-796,7682
6003,3168,0,21376,639083904,-2949,3304
6003,3168,1,21377,639942897,-1468,-2514
6003,3168,2,21378,640801890,10410,6104
6003,3168,3,21379,641660883,7968,2816
6003,3169,0,21380,642519876,281,-1874
6003,3169,1,21381,643378869,-5606,1071
6003,3169,2,21382,644237862,-6484,-937
6003,3169,3,21383,645096855,4100,306
6003,3170,0,21384,645955848,2290,2426
6003,3170,1,21385,646814841,-1262,3748
6003,3170,2,21386,647673834,5480,3321
6003,3170,3,21387,648532827,-287,-5060
6003,3171,0,21388,649391820,-7275,-8629
6003,3171,1,21389,650250813,-5390,-7029
6003,3171,2,21390,651109806,-4192,-2748
6003,3171,3,21391,651968799,-2772,2657
6003,3172,0,21392,652827792,-1264,-2843
6003,3172,1,21393,653686785,-33,-5111
6003,3172,2,21394,654545778,-185,726
6003,3172,3,21395,655404771,-1393,2182
6003,3173,0,21396,656263764,-3532,2559
6003,3173,1,21397,657122757,-120,540
6003,3173,2,21398,657981750,7708,2018
6003,3173,3,21399,658840743,1109,8319
6003,3174,0,21400,659699736,-4286,5011
6003,3174,1,21401,660558729,2096,-311
6003,3174,2,21402,661417722,-1429,3770
6003,3174,3,21403,662276715,-5322,5602
6003,3175,0,21404,663135708,-2425,-2520
6003,3175,1,21405,663994701,-967,-5658
6003,3175,2,21406,664853694,-1039,-2666
6003,3175,3,21407,665712687,-4857,-3855
6003,3176,0,21408,666571680,-2757,-203
6003,3176,1,21409,667430673,3663,327
6003,3176,2,21410,668289666,4147,-3361
6003,3176,3,21411,669148659,2884,2463
6003,3177,0,21412,670007652,1377,538
6003,3177,1,21413,670866645,-79,-1571
6003,3177,2,21414,671725638,-3242,4488
6003,3177,3,21415,672584631,-4676,-1722
6003,3178,0,21416,673443624,-3162,-2561
6003,3178,1,21417,674302617,-3326,1415
6003,3178,2,21418,675161610,-1156,-6369
6003,3178,3,21419,676020603,-2786,-4963
6003,3179,0,21420,676879596,-1790,-1840
6003,3179,1,21421,677738589,6494,-5930
6003,3179,2,21422,678597582,-101,-2494
6003,3179,3,21423,679456575,-10512,-1354
6003,3180,0,21424,680315568,-6135,-946
6003,3180,1,21425,681174561,2021,2971
6003,3180,2,21426,682033554,3678,-2608
6003,3180,3,21427,682892547,623,-6395
6003,3181,0,21428,683751540,288,-3456
6003,3181,1,21429,684610533,-5180,-3491
6003,3181,2,21430,685469526,-8617,-1128
6003,3181,3,21431,686328519,-1062,58
6003,3182,0,21432,687187512,-1575,-196
6003,3182,1,21433,688046505,-2504,5681
6003,3182,2,21434,688905498,1426,7536
6003,3182,3,21435,689764491,2548,-464
6003,3183,0,21436,690623484,5587,-5295
6003,3183,1,21437,691482477,1741,3360
6003,3183,2,21438,692341470,-1994,5535
6003,3183,3,21439,693200463,-3149,-6281
6003,3184,0,21440,694059456,-5663,-4398
6003,3184,1,21441,694918449,1113,-538
6003,3184,2,21442,695777442,2057,-5868
6003,3184,3,21443,696636435,-208,-3457
6003,3185,0,21444,697495428,1728,-2454
6003,3185,1,21445,698354421,-673,3038
6003,3185,2,21446,699213414,3932,7133
6003,3185,3,21447,700072407,1769,-2014
6003,3186,0,21448,700931400,-3651,36
6003,3186,1,21449,701790393,3925,854
6003,3186,2,21450,702649386,435,-718
6003,3186,3,21451,703508379,-3149,5821
6003,3187,0,21452,704367372,3098,-3203
6003,3187,1,21453,705226365,1792,-4188
6003,3187,2,21454,706085358,239,7036
6003,3187,3,21455,706944351,234,2282
6003,3188,0,21456,707803344,1461,-2057
6003,3188,1,21457,708662337,1446,-4145
6003,3188,2,21458,709521330,-1883,-3393
6003,3188,3,21459,710380323,-1290,5982
6003,3189,0,21460,711239316,-4687,5428
6003,3189,1,21461,712098309,-4463,-5060
6003,3189,2,21462,712957302,3331,-8467
6003,3189,3,21463,713816295,3688,1279
6003,3190,0,21464,714675288,5179,6117
6003,3190,1,21465,715534281,5670,-1509
6003,3190,2,21466,716393274,-1208,-4989
6003,3190,3,21467,717252267,-2586,-2170
6003,3191,0,21468,718111260,-2226,2808
6003,3191,1,21469,718970253,-2264,1343
6003,3191,2,21470,719829246,2338,-2336
6003,3191,3,21471,720688239,764,90
6003,3192,0,21472,721547232,-5665,-1802
6003,3192,1,21473,722406225,-1977,1403
6003,3192,2,21474,723265218,1117,3942
6003,3192,3,21475,724124211,-7585,-2379
6003,3193,0,21476,724983204,-8939,-314
6003,3193,1,21477,725842197,-3442,-1571
6003,3193,2,21478,726701190,-6268,-2141
6003,3193,3,21479,727560183,-4831,5644
6003,3194,0,21480,728419176,978,5881
6003,3194,1,21481,729278169,-1250,6958
6003,3194,2,21482,730137162,-2481,4810
6003,3194,3,21483,730996155,1468,-2495
6003,3195,0,21484,731855148,3751,-2973
6003,3195,1,21485,732714141,1304,-2995
6003,3195,2,21486,733573134,-602,-3349
6003,3195,3,21487,734432127,4657,-3664
6003,3196,0,21488,735291120,5169,-218
6003,3196,1,21489,736150113,-183,765
6003,3196,2,21490,737009106,3089,-4300
6003,3196,3,21491,737868099,4664,3366
6003,3197,0,21492,738727092,532,6314
6003,3197,1,21493,739586085,-825,-1774
6003,3197,2,21494,740445078,-3225,-1011
6003,3197,3,21495,741304071,-2217,-3242
6003,3198,0,21496,742163064,-450,-4219
6003,3198,1,21497,743022057,-468,-922
6003,3198,2,21498,743881050,4337,-1583
6003,3198,3,21499,744740043,3821,5731
6003,3199,0,21500,745599036,1994,10015
6003,3199,1,21501,746458029,3973,867
6003,3199,2,21502,747317022,-304,-4799
6003,3199,3,21503,748176015,-713,1510
6003,3200,0,21504,749035008,3595,5633
6003,3200,1,21505,749894001,238,-4956
6003,3200,2,21506,750752994,-4521,-6606
6003,3200,3,21507,751611987,986,4980
6003,3201,0,21508,752470980,8508,33
6003,3201,1,21509,753329973,4510,-3978
6003,3201,2,21510,754188966,2670,4980
6003,3201,3,21511,755047959,2924,594
6003,3202,0,21512,755906952,-4051,-166
6003,3202,1,21513,756765945,-4258,6012
6003,3202,2,21514,757624938,-1824,-2301
6003,3202,3,21515,758483931,754,2312
6003,3203,0,21516,759342924,2425,9163
6003,3203,1,21517,760201917,-992,-3349
6003,3203,2,21518,761060910,2935,-2660
6003,3203,3,21519,761919903,-67,1671
6003,3204,0,21520,762778896,-5338,-252
6003,3204,1,21521,763637889,418,1110
6003,3204,2,21522,764496882,-4069,264
6003,3204,3,21523,765355875,-4158,9233
6003,3205,0,21524,766214868,2602,7067
6003,3205,1,21525,767073861,-31,-1794
6003,3205,2,21526,767932854,-2018,7540
6003,3205,3,21527,768791847,-6733,2850
6003,3206,0,21528,769650840,-6845,1225
6003,3206,1,21529,770509833,-2603,9279
6003,3206,2,21530,771368826,-1493,799
6003,3206,3,21531,772227819,696,3997
6003,3207,0,21532,773086812,-3442,5258
6003,3207,1,21533,773945805,1095,-5067
6003,3207,2,21534,774804798,5086,79
6003,3207,3,21535,775663791,-3587,3997
6003,3208,0,21536,776522784,464,-2189
6003,3208,1,21537,777381777,2495,-6169
6003,3208,2,21538,778240770,1317,-169
6003,3208,3,21539,779099763,3182,2135
6003,3209,0,21540,779958756,-728,-3506
6003,3209,1,21541,780817749,7299,1041
6003,3209,2,21542,781676742,5143,-1173
6003,3209,3,21543,782535735,-5307,-6213
6003,3210,0,21544,783394728,3387,-2319
6003,3210,1,21545,784253721,5383,-4080
6003,3210,2,21546,785112714,5863,-2304
6003,3210,3,21547,785971707,8276,-1337
6003,3211,0,21548,786830700,-3062,220
6003,3211,1,21549,787689693,-6814,2228
6003,3211,2,21550,788548686,1293,-3695
6003,3211,3,21551,789407679,2845,3762
6003,3212,0,21552,790266672,-3898,6525
6003,3212,1,21553,791125665,398,-1441
6003,3212,2,21554,791984658,4765,-658
6003,3212,3,21555,792843651,-5617,-2222
6003,3213,0,21556,793702644,314,1389
6003,3213,1,21557,794561637,6088,1438
6003,3213,2,21558,795420630,-5641,1721
6003,3213,3,21559,796279623,-4761,8064
6003,3214,0,21560,797138616,-2139,-4262
6003,3214,1,21561,797997609,-3950,-4629
6003,3214,2,21562,798856602,-916,-885
6003,3214,3,21563,799715595,523,-12172
6003,3215,0,21564,800574588,348,-1821
6003,3215,1,21565,801433581,-2262,3827
6003,3215,2,21566,802292574,-2638,-1754
6003,3215,3,21567,803151567,-3340,1648
6003,3216,0,21568,804010560,-2381,-836
6003,3216,1,21569,804869553,708,1913
6003,3216,2,21570,805728546,-3620,2980
6003,3216,3,21571,806587539,910,0
6003,3217,0,21572,807446532,3569,2888
6003,3217,1,21573,808305525,-5878,-194
6003,3217,2,21574,809164518,-3755,325
6003,3217,3,21575,810023511,-456,579
6003,3218,0,21576,810882504,1316,-3600
6003,3218,1,21577,811741497,3294,-2900
6003,3218,2,21578,812600490,-1083,-3661
6003,3218,3,21579,813459483,2623,-2183
6003,3219,0,21580,814318476,2077,-2630
6003,3219,1,21581,815177469,-4645,-3307
6003,3219,2,21582,816036462,-1220,738
6003,3219,3,21583,816895455,1464,-1945
6003,3220,0,21584,817754448,2764,-2441
6003,3220,1,21585,818613441,6639,242
6003,3220,2,21586,819472434,4939,2092
6003,3220,3,21587,820331427,-1786,4864
6003,3221,0,21588,821190420,-187,-1663
6003,3221,1,21589,822049413,3838,-3399
6003,3221,2,21590,822908406,-203,4305
6003,3221,3,21591,823767399,4934,4418
6003,3222,0,21592,824626392,6567,2260
6003,3222,1,21593,825485385,667,1383
6003,3222,2,21594,826344378,4912,1257
6003,3222,3,21595,827203371,-3377,2470
6003,3223,0,21596,828062364,-8185,465
6003,3223,1,21597,828921357,3017,-937
6003,3223,2,21598,829780350,3460,-2840
6003,3223,3,21599,830639343,4879,-3713
6003,3224,0,21600,831498336,1424,3958
6003,3224,1,21601,832357329,-1920,6355
6003,3224,2,21602,833216322,6953,28
6003,3224,3,21603,834075315,-27,1973
6003,3225,0,21604,834934308,-2664,5669
6003,3225,1,21605,835793301,6439,2058
6003,3225,2,21606,836652294,904,-3057
6003,3225,3,21607,837511287,-3873,-5173
6003,3226,0,21608,838370280,-3807,-2227
6003,3226,1,21609,839229273,-1289,-3383
6003,3226,2,21610,840088266,4490,-4334
6003,3226,3,21611,840947259,4787,2449
6003,3227,0,21612,841806252,2443,3302
6003,3227,1,21613,842665245,-741,186
6003,3227,2,21614,843524238,-1369,-4096
6003,3227,3,21615,844383231,-2458,-4831
6003,3228,0,21616,845242224,461,3468
6003,3228,1,21617,846101217,8435,1012
6003,3228,2,21618,846960210,1717,-3860
6003,3228,3,21619,847819203,-884,991
6003,3229,0,21620,848678196,4112,4621
6003,3229,1,21621,849537189,-701,4766
6003,3229,2,21622,850396182,6969,-3733
6003,3229,3,21623,851255175,8884,-4270
6003,3230,0,21624,852114168,-4912,1127
6003,3230,1,21625,852973161,-3275,-6028
6003,3230,2,21626,853832154,-3939,-4007
6003,3230,3,21627,854691147,-7498,3820
6003,3231,0,21628,855550140,956,6498
6003,3231,1,21629,856409133,258,1328
6003,3231,2,21630,857268126,-4924,-9903
6003,3231,3,21631,858127119,-3562,-36
6003,3232,0,21632,858986112,-1417,6156
6003,3232,1,21633,859845105,1474,-735
6003,3232,2,21634,860704098,94,2898
6003,3232,3,21635,861563091,-893,-1999
6003,3233,0,21636,862422084,3359,-936
6003,3233,1,21637,863281077,962,3402
6003,3233,2,21638,864140070,-2296,-4923
6003,3233,3,21639,864999063,587,-305
6003,3234,0,21640,865858056,-5042,1770
6003,3234,1,21641,866717049,-7679,3572
6003,3234,2,21642,867576042,2901,11776
6003,3234,3,21643,868435035,1233,3369
6003,3235,0,21644,869294028,-5180,-1814
6003,3235,1,21645,870153021,273,-3770
6003,3235,2,21646,871012014,1277,-4142
6003,3235,3,21647,871871007,-3267,6607
6003,3236,0,21648,872730000,-5279,2577
6003,3236,1,21649,873588993,1391,-2733
6003,3236,2,21650,874447986,5945,2484
6003,3236,3,21651,875306979,-5322,-1775
6003,3237,0,21652,876165972,-2817,-986
6003,3237,1,21653,877024965,6079,5764
6003,3237,2,21654,877883958,-3406,1061
6003,3237,3,21655,878742951,-1479,-2642
6003,3238,0,21656,879601944,5063,622
6003,3238,1,21657,880460937,1117,-466
6003,3238,2,21658,881319930,816,-1542
6003,3238,3,21659,882178923,-757,-113
6003,3239,0,21660,883037916,3836,73
6003,3239,1,21661,883896909,6063,175
6003,3239,2,21662,884755902,981,-4898
6003,3239,3,21663,885614895,6176,-3280
6003,3240,0,21664,886473888,-1996,4730
6003,3240,1,21665,887332881,-12763,229
6003,3240,2,21666,888191874,-1538,-2039
6003,3240,3,21667,889050867,1508,-922
6003,3241,0,21668,889909860,-2293,-990
6003,3241,1,21669,890768853,-1952,4421
6003,3241,2,21670,891627846,-33,1173
6003,3241,3,21671,892486839,6843,1530
6003,3242,0,21672,893345832,3586,5139
6003,3242,1,21673,894204825,-1030,-2166
6003,3242,2,21674,895063818,1679,3733
6003,3242,3,21675,895922811,261,11462
6003,3243,0,21676,896781804,1048,4039
6003,3243,1,21677,897640797,-1547,1897
6003,3243,2,21678,898499790,-3060,4601
6003,3243,3,21679,899358783,5672,2219
6003,3244,0,21680,900217776,3679,-1031
6003,3244,1,21681,901076769,-3527,1374
6003,3244,2,21682,901935762,-1294,1987
6003,3244,3,21683,902794755,-1867,-1068
6003,3245,0,21684,903653748,-3907,-996
6003,3245,1,21685,904512741,-722,-3267
6003,3245,2,21686,905371734,-590,786
6003,3245,3,21687,906230727,-2957,6672
6003,3246,0,21688,907089720,-947,2276
6003,3246,1,21689,907948713,-617,2713
6003,3246,2,21690,908807706,189,473
6003,3246,3,21691,909666699,4969,-5465
6003,3247,0,21692,910525692,493,-216
6003,3247,1,21693,911384685,-3427,137
6003,3247,2,21694,912243678,5665,-4651
6003,3247,3,21695,913102671,7741,-467
6003,3248,0,21696,913961664,-642,1535
6003,3248,1,21697,914820657,-3887,-3849
6003,3248,2,21698,915679650,-3395,-2953
6003,3248,3,21699,916538643,-1312,590
6003,3249,0,21700,917397636,4173,538
6003,3249,1,21701,918256629,496,7993
6003,3249,2,21702,919115622,-8306,6796
6003,3249,3,21703,919974615,-2813,-6681
6003,3250,0,21704,920833608,2371,-3558
6003,3250,1,21705,921692601,2362,5653
6003,3250,2,21706,922551594,8302,2942
6003,3250,3,21707,923410587,2508,-3710
6003,3251,0,21708,924269580,-6742,-2072
6003,3251,1,21709,925128573,-3588,2421
6003,3251,2,21710,925987566,-3178,-4562
6003,3251,3,21711,926846559,-4327,-2716
6003,3252,0,21712,927705552,-3275,3837
6003,3252,1,21713,928564545,-549,-1936
6003,3252,2,21714,929423538,2482,4179
6003,3252,3,21715,930282531,296,7029
6003,3253,0,21716,931141524,2291,-2526
6003,3253,1,21717,932000517,2929,19
6003,3253,2,21718,932859510,-799,375
6003,3253,3,21719,933718503,1703,-719
6003,3254,0,21720,934577496,1044,2864
6003,3254,1,21721,935436489,1369,-3279
6003,3254,2,21722,936295482,4252,-7341
6003,3254,3,21723,937154475,-1518,-3779
6003,3255,0,21724,938013468,-5248,-1555
6003,3255,1,21725,938872461,-1296,334
6003,3255,2,21726,939731454,4399,1133
6003,3255,3,21727,940590447,-609,271
6003,3256,0,21728,941449440,-8928,2212
6003,3256,1,21729,942308433,1068,5957
6003,3256,2,21730,943167426,4272,1532
6003,3256,3,21731,944026419,-5250,-5418
6003,3257,0,21732,944885412,-3450,-24
6003,3257,1,21733,945744405,-2280,7137
6003,3257,2,21734,946603398,-1735,2789
6003,3257,3,21735,947462391,-1517,-3257
6003,3258,0,21736,948321384,-6010,-2599
6003,3258,1,21737,949180377,276,-81
6003,3258,2,21738,950039370,4769,-189
6003,3258,3,21739,950898363,7,-2002
6003,3259,0,21740,951757356,-4216,460
6003,3259,1,21741,952616349,-5607,3399
6003,3259,2,21742,953475342,682,1152
6003,3259,3,21743,954334335,-2273,4902
6003,3260,0,21744,955193328,-5977,4934
6003,3260,1,21745,956052321,4327,-4239
6003,3260,2,21746,956911314,-260,-378
6003,3260,3,21747,957770307,-2935,3507
6003,3261,0,21748,958629300,7930,-2462
6003,3261,1,21749,959488293,2986,-4562
6003,3261,2,21750,960347286,-1278,-2841
6003,3261,3,21751,961206279,-3520,3035
6003,3262,0,21752,962065272,-11220,-979
6003,3262,1,21753,962924265,-4474,-5760
6003,3262,2,21754,963783258,779,3432
6003,3262,3,21755,964642251,53,1077
6003,3263,0,21756,965501244,5271,-1532
6003,3263,1,21757,966360237,3305,2838
6003,3263,2,21758,967219230,-1330,1311
6003,3263,3,21759,968078223,-2805,6521
6003,3264,0,21760,968937216,-5348,2730
6003,3264,1,21761,969796209,-2557,-3536
6003,3264,2,21762,970655202,1346,1722
6003,3264,3,21763,971514195,947,-3158
6003,3265,0,21764,972373188,718,-487
6003,3265,1,21765,973232181,-218,7253
6003,3265,2,21766,974091174,1327,358
6003,3265,3,21767,974950167,6719,1147
6003,3266,0,21768,975809160,1481,3628
6003,3266,1,21769,976668153,-5378,-1173
6003,3266,2,21770,977527146,3585,1269
6003,3266,3,21771,978386139,5446,1571
6003,3267,0,21772,979245132,-259,-6529
6003,3267,1,21773,980104125,4843,-7311
6003,3267,2,21774,980963118,2877,-2655
6003,3267,3,21775,981822111,-2640,-5272
6003,3268,0,21776,982681104,1515,-3885
6003,3268,1,21777,983540097,6012,-1526
6003,3268,2,21778,984399090,8292,-5073
6003,3268,3,21779,985258083,2717,1343
6003,3269,0,21780,986117076,-2481,1542
6003,3269,1,21781,986976069,450,-3901
6003,3269,2,21782,987835062,257,5419
6003,3269,3,21783,988694055,1554,2623
6003,3270,0,21784,989553048,1862,-5992
6003,3270,1,21785,990412041,-2942,1443
6003,3270,2,21786,991271034,-4289,158
6003,3270,3,21787,992130027,-1124,-5119
6003,3271,0,21788,992989020,5859,1858
6003,3271,1,21789,993848013,2628,2513
6003,3271,2,21790,994707006,-3246,-5510
6003,3271,3,21791,995565999,4964,-2384
6003,3272,0,21792,996424992,3773,7049
6003,3272,1,21793,997283985,-1544,2235
6003,3272,2,21794,998142978,-844,-6107
6003,3272,3,21795,999001971,-7124,-2952
6003,3273,0,21796,999860964,-724,562
6003,3273,1,21797,1000719957,7796,5665
6003,3273,2,21798,1001578950,129,11103
6003,3273,3,21799,1002437943,-1017,429
6003,3274,0,21800,1003296936,-1094,-7804
6003,3274,1,21801,1004155929,-1676,-1233
6003,3274,2,21802,1005014922,4085,-4595
6003,3274,3,21803,1005873915,1309,-7556
6003,3275,0,21804,1006732908,-386,1820
6003,3275,1,21805,1007591901,2274,37
6003,3275,2,21806,1008450894,684,-4211
6003,3275,3,21807,1009309887,1167,2169
6003,3276,0,21808,1010168880,-1459,2934
6003,3276,1,21809,1011027873,-2426,-3103
6003,3276,2,21810,1011886866,727,-5063
6003,3276,3,21811,1012745859,-3383,-1629
6003,3277,0,21812,1013604852,-3101,-212
6003,3277,1,21813,1014463845,2032,78
6003,3277,2,21814,1015322838,723,2142
6003,3277,3,21815,1016181831,141,19
6003,3278,0,21816,1017040824,1703,274
6003,3278,1,21817,1017899817,1490,1862
6003,3278,2,21818,1018758810,-1201,-1174
6003,3278,3,21819,1019617803,-1656,708
6003,3279,0,21820,1020476796,251,2287
6003,3279,1,21821,1021335789,-2893,2040
6003,3279,2,21822,1022194782,-1849,4910
6003,3279,3,21823,1023053775,2390,116
6003,3280,0,21824,1023912768,-300,-3551
6003,3280,1,21825,1024771761,-1075,4926
6003,3280,2,21826,1025630754,614,7664
6003,3280,3,21827,1026489747,1858,-901
6003,3281,0,21828,1027348740,3133,-4287
6003,3281,1,21829,1028207733,3792,-737
6003,3281,2,21830,1029066726,2412,589
6003,3281,3,21831,1029925719,-5384,-874
6003,3282,0,21832,1030784712,-3436,-3514
6003,3282,1,21833,1031643705,4136,-2519
6003,3282,2,21834,1032502698,-1692,1693
6003,3282,3,21835,1033361691,-844,1239
6003,3283,0,21836,1034220684,4735,-942
6003,3283,1,21837,1035079677,1541,1391
6003,3283,2,21838,1035938670,-1574,5378
6003,3283,3,21839,1036797663,-4336,835
6003,3284,0,21840,1037656656,1884,-5158
6003,3284,1,21841,1038515649,6848,-2357
6003,3284,2,21842,1039374642,1027,-4514
6003,3284,3,21843,1040233635,2413,-3019
6003,3285,0,21844,1041092628,1810,3833
6003,3285,1,21845,1041951621,461,-1188
6003,3285,2,21846,1042810614,5279,-489
6003,3285,3,21847,1043669607,-782,1152
6003,3286,0,21848,1044528600,-4774,-1816
6003,3286,1,21849,1045387593,1249,3684
6003,3286,2,21850,1046246586,632,-880
6003,3286,3,21851,1047105579,-1596,-3741
6003,3287,0,21852,1047964572,1512,1164
6003,3287,1,21853,1048823565,1331,-4098
6003,3287,2,21854,1049682558,-388,-2688
6003,3287,3,21855,1050541551,1690,1793
6003,3288,0,21856,1051400544,-1101,4107
6003,3288,1,21857,1052259537,-4938,3355
6003,3288,2,21858,1053118530,-4571,-5642
6003,3288,3,21859,1053977523,-1869,2278
6003,3289,0,21860,1054836516,5226,10748
6003,3289,1,21861,1055695509,2010,2109
6003,3289,2,21862,1056554502,263,288
6003,3289,3,21863,1057413495,8573,375
6003,3290,0,21864,1058272488,2529,-1909
6003,3290,1,21865,1059131481,725,-4340
6003,3290,2,21866,1059990474,1323,-3522
6003,3290,3,21867,1060849467,-6143,2090
6003,3291,0,21868,1061708460,1582,-1911
6003,3291,1,21869,1062567453,2539,-3662
6003,3291,2,21870,1063426446,-592,-1458
6003,3291,3,21871,1064285439,1490,-1635
6003,3292,0,21872,1065144432,-7279,3383
6003,3292,1,21873,1066003425,-1457,-1065
6003,3292,2,21874,1066862418,3347,-3689
6003,3292,3,21875,1067721411,-2014,2205
6003,3293,0,21876,1068580404,4490,-559
6003,3293,1,21877,1069439397,-665,2082
6003,3293,2,21878,1070298390,-6782,4428
6003,3293,3,21879,1071157383,-4124,-259
6003,3294,0,21880,1072016376,-2858,1234
6003,3294,1,21881,1072875369,4358,-482
6003,3294,2,21882,1073734362,2836,-2672
6003,3294,3,21883,1074593355,3026,3229
6003,3295,0,21884,1075452348,3059,5464
6003,3295,1,21885,1076311341,-7926,-3906
6003,3295,2,21886,1077170334,-1685,-7836
6003,3295,3,21887,1078029327,3046,1184
6003,3296,0,21888,1078888320,-2495,-1928
6003,3296,1,21889,1079747313,1290,-6327
6003,3296,2,21890,1080606306,-1636,601
6003,3296,3,21891,1081465299,-4030,-1754
6003,3297,0,21892,1082324292,-612,441
6003,3297,1,21893,1083183285,-3073,5529
6003,3297,2,21894,1084042278,-1867,-848
6003,3297,3,21895,1084901271,1615,374
6003,3298,0,21896,1085760264,-2218,3003
6003,3298,1,21897,1086619257,-4029,-2325
6003,3298,2,21898,1087478250,3955,-5754
6003,3298,3,21899,1088337243,2804,-4656
6003,3299,0,21900,1089196236,-4200,-954
6003,3299,1,21901,1090055229,2295,-1224
6003,3299,2,21902,1090914222,3948,-1514
6003,3299,3,21903,1091773215,1481,-2513
6003,3300,0,21904,1092632208,2171,-4564
6003,3300,1,21905,1093491201,-4300,625
6003,3300,2,21906,1094350194,-3359,215
6003,3300,3,21907,1095209187,1984,-1641
6003,3301,0,21908,1096068180,1095,1692
6003,3301,1,21909,1096927173,372,-3835
6003,3301,2,21910,1097786166,-716,-4152
6003,3301,3,21911,1098645159,942,912
6003,3302,0,21912,1099504152,-1045,-3415
6003,3302,1,21913,1100363145,-6563,-3738
6003,3302,2,21914,1101222138,-3407,830
6003,3302,3,21915,1102081131,2443,2537
6003,3303,0,21916,1102940124,1718,3033
6003,3303,1,21917,1103799117,-3126,1359
6003,3303,2,21918,1104658110,704,-267
6003,3303,3,21919,1105517103,5708,1852
6003,3304,0,21920,1106376096,917,403
6003,3304,1,21921,1107235089,-78,-10520
6003,3304,2,21922,1108094082,-1952,-9798
6003,3304,3,21923,1108953075,-2563,1655
6003,3305,0,21924,1109812068,4722,939
6003,3305,1,21925,1110671061,1834,1934
6003,3305,2,21926,1111530054,-3995,1259
6003,3305,3,21927,1112389047,-2759,-4236
6003,3306,0,21928,1113248040,-2384,4190
6003,3306,1,21929,1114107033,-2189,4601
6003,3306,2,21930,1114966026,-149,1585
6003,3306,3,21931,1115825019,2656,8497
6003,3307,0,21932,1116684012,38,2629
6003,3307,1,21933,1117543005,-1143,51
6003,3307,2,21934,1118401998,2138,2998
6003,3307,3,21935,1119260991,-1545,-82
6003,3308,0,21936,1120119984,-3637,6076
6003,3308,1,21937,1120978977,-917,6842
6003,3308,2,21938,1121837970,159,-729
6003,3308,3,21939,1122696963,-754,-1143
6003,3309,0,21940,1123555956,-154,920
6003,3309,1,21941,1124414949,4544,-1100
6003,3309,2,21942,1125273942,220,-7714
6003,3309,3,21943,1126132935,-1453,-4391
6003,3310,0,21944,1126991928,4488,662
6003,3310,1,21945,1127850921,-2229,-1218
6003,3310,2,21946,1128709914,-1254,2364
6003,3310,3,21947,1129568907,4050,-3875
6003,3311,0,21948,1130427900,-187,-5133
6003,3311,1,21949,1131286893,5089,4067
6003,3311,2,21950,1132145886,4002,-4705
6003,3311,3,21951,1133004879,-8,-1924
6003,3312,0,21952,1133863872,6505,5220
6003,3312,1,21953,1134722865,3873,-4190
6003,3312,2,21954,1135581858,-672,5142
6003,3312,3,21955,1136440851,-2966,10566
6003,3313,0,21956,1137299844,-5155,-1645
6003,3313,1,21957,1138158837,-4181,-2408
6003,3313,2,21958,1139017830,-4189,-799
6003,3313,3,21959,1139876823,2911,1308
6003,3314,0,21960,1140735816,2100,1886
6003,3314,1,21961,1141594809,-6014,-4186
6003,3314,2,21962,1142453802,264,-4469
6003,3314,3,21963,1143312795,-1071,-1294
6003,3315,0,21964,1144171788,-5352,-12
6003,3315,1,21965,1145030781,1930,-3178
6003,3315,2,21966,1145889774,-1325,-5010
6003,3315,3,21967,1146748767,-1030,-1516
6003,3316,0,21968,1147607760,9144,-835
6003,3316,1,21969,1148466753,2252,2743
6003,3316,2,21970,1149325746,-7235,2231
6003,3316,3,21971,1150184739,-2239,-5144
6003,3317,0,21972,1151043732,119,-3952
6003,3317,1,21973,1151902725,-19,-1929
6003,3317,2,21974,1152761718,3196,1077
6003,3317,3,21975,1153620711,-178,2671
6003,3318,0,21976,1154479704,-3647,-4999
6003,3318,1,21977,1155338697,-1406,-3667
6003,3318,2,21978,1156197690,695,681
6003,3318,3,21979,1157056683,2487,-209
6003,3319,0,21980,1157915676,-845,1964
6003,3319,1,21981,1158774669,-758,-606
6003,3319,2,21982,1159633662,7036,1629
6003,3319,3,21983,1160492655,5447,4081
6003,3320,0,21984,1161351648,1308,-7617
6003,3320,1,21985,1162210641,1797,-6708
6003,3320,2,21986,1163069634,1796,4317
6003,3320,3,21987,1163928627,5499,2228
6003,3321,0,21988,1164787620,3481,-1936
6003,3321,1,21989,1165646613,-3331,-4380
6003,3321,2,21990,1166505606,-693,-5067
6003,3321,3,21991,1167364599,3460,-1202
6003,3322,0,21992,1168223592,2346,349
6003,3322,1,21993,1169082585,2036,1241
6003,3322,2,21994,1169941578,2217,-2277
6003,3322,3,21995,1170800571,-1667,-7732
6003,3323,0,21996,1171659564,-2792,-527
6003,3323,1,21997,1172518557,2479,3024
6003,3323,2,21998,1173377550,3587,-6434
6003,3323,3,21999,1174236543,1756,-3762
6003,3324,0,22000,1175095536,646,6913
6003,3324,1,22001,1175954529,-1517,4064
6003,3324,2,22002,1176813522,-3374,-3085
6003,3324,3,22003,1177672515,-5122,-4476
6003,3325,0,22004,1178531508,2543,-3194
6003,3325,1,22005,1179390501,11503,-16
6003,3325,2,22006,1180249494,6945,-849
6003,3325,3,22007,1181108487,3151,-5790
6003,3326,0,22008,1181967480,-1675,-5245
6003,3326,1,22009,1182826473,-6109,-563
6003,3326,2,22010,1183685466,2926,3221
6003,3326,3,22011,1184544459,5574,2399
6003,3327,0,22012,1185403452,1197,-3209
6003,3327,1,22013,1186262445,2152,-3837
6003,3327,2,22014,1187121438,-861,-2042
6003,3327,3,22015,1187980431,-2612,-2393
6003,3328,0,22016,1188839424,-7,139
6003,3328,1,22017,1189698417,1635,-1485
6003,3328,2,22018,1190557410,351,-4161
6003,3328,3,22019,1191416403,-3204,672
6003,3329,0,22020,1192275396,788,2653
6003,3329,1,22021,1193134389,4220,22
6003,3329,2,22022,1193993382,380,-1107
6003,3329,3,22023,1194852375,529,1353
6003,3330,0,22024,1195711368,1354,3405
6003,3330,1,22025,1196570361,2524,-30
6003,3330,2,22026,1197429354,4778,-41
6003,3330,3,22027,1198288347,1788,-1848
6003,3331,0,22028,1199147340,-1133,-7245
6003,3331,1,22029,1200006333,-2368,635
6003,3331,2,22030,1200865326,289,6344
6003,3331,3,22031,1201724319,6320,1166
6003,3332,0,22032,1202583312,5168,-2332
6003,3332,1,22033,1203442305,3022,-9219
6003,3332,2,22034,1204301298,4461,-8416
6003,3332,3,22035,1205160291,3066,3153
6003,3333,0,22036,1206019284,2440,6153
6003,3333,1,22037,1206878277,-61,2682
6003,3333,2,22038,1207737270,-6616,-1713
6003,3333,3,22039,1208596263,-2988,-2407
6003,3334,0,22040,1209455256,7514,308
6003,3334,1,22041,1210314249,3879,-2795
6003,3334,2,22042,1211173242,-3423,-1582
6003,3334,3,22043,1212032235,3150,4755
6003,3335,0,22044,1212891228,6270,2106
6003,3335,1,22045,1213750221,776,-2394
6003,3335,2,22046,1214609214,-216,-2015
6003,3335,3,22047,1215468207,990,-2901
6003,3336,0,22048,1216327200,3493,-1394
6003,3336,1,22049,1217186193,4176,4535
6003,3336,2,22050,1218045186,2635,2359
6003,3336,3,22051,1218904179,2715,-5011
6003,3337,0,22052,1219763172,-2722,-5127
6003,3337,1,22053,1220622165,-375,-1769
6003,3337,2,22054,1221481158,9815,1908
6003,3337,3,22055,1222340151,3183,-1126
6003,3338,0,22056,1223199144,-2016,-8685
6003,3338,1,22057,1224058137,2013,-3768
6003,3338,2,22058,1224917130,-1591,1796
6003,3338,3,22059,1225776123,-766,-1389
6003,3339,0,22060,1226635116,812,-1932
6003,3339,1,22061,1227494109,17,131
6003,3339,2,22062,1228353102,4564,4350
6003,3339,3,22063,1229212095,702,3602
6003,3340,0,22064,1230071088,-2450,-3054
6003,3340,1,22065,1230930081,1453,-1817
6003,3340,2,22066,1231789074,1952,1324
6003,3340,3,22067,1232648067,5095,1650
6003,3341,0,22068,1233507060,776,5651
6003,3341,1,22069,1234366053,-5508,3603
6003,3341,2,22070,1235225046,1707,-7057
6003,3341,3,22071,1236084039,2958,-5289
6003,3342,0,22072,1236943032,1508,4144
6003,3342,1,22073,1237802025,5347,501
6003,3342,2,22074,1238661018,1047,1281
6003,3342,3,22075,1239520011,-1749,5120
6003,3343,0,22076,1240379004,2809,-557
6003,3343,1,22077,1241237997,3896,4743
6003,3343,2,22078,1242096990,289,4490
6003,3343,3,22079,1242955983,-950,-5316
6003,3344,0,22080,1243814976,-129,436
6003,3344,1,22081,1244673969,-702,4677
6003,3344,2,22082,1245532962,1765,5364
6003,3344,3,22083,1246391955,-4405,3529
6003,3345,0,22084,1247250948,-11606,-2407
6003,3345,1,22085,1248109941,1088,-46
6003,3345,2,22086,1248968934,3019,-5541
6003,3345,3,22087,1249827927,-3322,-5498
6003,3346,0,22088,1250686920,5673,2101
6003,3346,1,22089,1251545913,2258,-5877
6003,3346,2,22090,1252404906,-985,-2666
6003,3346,3,22091,1253263899,7248,1457
6003,3347,0,22092,1254122892,1171,-3296
6003,3347,1,22093,1254981885,-2249,3206
6003,3347,2,22094,1255840878,1265,-936
6003,3347,3,22095,1256699871,1096,-2874
6003,3348,0,22096,1257558864,5884,4993
6003,3348,1,22097,1258417857,6156,-1044
6003,3348,2,22098,1259276850,516,-3039
6003,3348,3,22099,1260135843,-654,971
6003,3349,0,22100,1260994836,1621,782
6003,3349,1,22101,1261853829,-1750,-623
6003,3349,2,22102,1262712822,-8603,-1068
6003,3349,3,22103,1263571815,-3903,2557
6003,3350,0,22104,1264430808,-446,-812
6003,3350,1,22105,1265289801,-2199,-2154
6003,3350,2,22106,1266148794,138,1836
6003,3350,3,22107,1267007787,-5364,-3806
6003,3351,0,22108,1267866780,-5235,-3949
6003,3351,1,22109,1268725773,-1422,805
6003,3351,2,22110,1269584766,-7012,-5
6003,3351,3,22111,1270443759,-781,2154
6003,3352,0,22112,1271302752,1860,4458
6003,3352,1,22113,1272161745,-3775,1435
6003,3352,2,22114,1273020738,1072,-4451
6003,3352,3,22115,1273879731,-1461,-2739
6003,3353,0,22116,1274738724,683,4121
6003,3353,1,22117,1275597717,11733,4862
6003,3353,2,22118,1276456710,5531,2462
6003,3353,3,22119,1277315703,-1082,-3761
6003,3354,0,22120,1278174696,1089,-4939
6003,3354,1,22121,1279033689,-751,1973
6003,3354,2,22122,1279892682,-2688,682
6003,3354,3,22123,1280751675,-1780,-3838
6003,3355,0,22124,1281610668,-1772,-1295
6003,3355,1,22125,1282469661,-1259,5610
6003,3355,2,22126,1283328654,2779,6338
6003,3355,3,22127,1284187647,1339,-336
6003,3356,0,22128,1285046640,183,27
6003,3356,1,22129,1285905633,5230,2357
6003,3356,2,22130,1286764626,1063,-264
6003,3356,3,22131,1287623619,-266,-1945
6003,3357,0,22132,1288482612,2082,103
6003,3357,1,22133,1289341605,-3362,4416
6003,3357,2,22134,1290200598,1124,2001
6003,3357,3,22135,1291059591,5104,-832
6003,3358,0,22136,1291918584,2009,-1033
6003,3358,1,22137,1292777577,3331,-3952
6003,3358,2,22138,1293636570,186,1323
6003,3358,3,22139,1294495563,1163,3321
6003,3359,0,22140,1295354556,7148,-3026
6003,3359,1,22141,1296213549,4820,1213
6003,3359,2,22142,1297072542,-1680,4345
6003,3359,3,22143,1297931535,-2916,-1096
6003,3360,0,22144,1298790528,1718,-289
6003,3360,1,22145,1299649521,-2954,2402
6003,3360,2,22146,1300508514,-5299,-83
6003,3360,3,22147,1301367507,1453,2149
6003,3361,0,22148,1302226500,-1676,4083
6003,3361,1,22149,1303085493,2052,-48
6003,3361,2,22150,1303944486,5904,2777
6003,3361,3,22151,1304803479,-1603,568
6003,3362,0,22152,1305662472,3415,-2525
6003,3362,1,22153,1306521465,5724,8869
6003,3362,2,22154,1307380458,-2035,3756
6003,3362,3,22155,1308239451,-3897,-6747
6003,3363,0,22156,1309098444,175,-1615
6003,3363,1,22157,1309957437,4219,-3421
6003,3363,2,22158,1310816430,-464,-1855
6003,3363,3,22159,1311675423,-1553,3667
6003,3364,0,22160,1312534416,-2889,4186
6003,3364,1,22161,1313393409,-6712,4054
6003,3364,2,22162,1314252402,1352,-3117
6003,3364,3,22163,1315111395,-400,-1931
6003,3365,0,22164,1315970388,-799,800
6003,3365,1,22165,1316829381,5585,-2145
6003,3365,2,22166,1317688374,-4044,4943
6003,3365,3,22167,1318547367,-2805,3080
6003,3366,0,22168,1319406360,2672,-1009
6003,3366,1,22169,1320265353,1334,1377
6003,3366,2,22170,1321124346,5484,-2593
6003,3366,3,22171,1321983339,-1553,2308
6003,3367,0,22172,1322842332,-1864,3784
6003,3367,1,22173,1323701325,5592,-927
6003,3367,2,22174,1324560318,2873,1543
6003,3367,3,22175,1325419311,3244,-5541
6003,3368,0,22176,1326278304,1215,-6010
6003,3368,1,22177,1327137297,-183,1105
6003,3368,2,22178,1327996290,-3887,-6568
6003,3368,3,22179,1328855283,-8379,-6000
6003,3369,0,22180,1329714276,1816,4556
6003,3369,1,22181,1330573269,818,5488
6003,3369,2,22182,1331432262,-6202,2028
6003,3369,3,22183,1332291255,-2428,-1773
6003,3370,0,22184,1333150248,-332,-1080
6003,3370,1,22185,1334009241,4311,1834
6003,3370,2,22186,1334868234,2189,-1455
6003,3370,3,22187,1335727227,-65,-159
6003,3371,0,22188,1336586220,3763,2934
6003,3371,1,22189,1337445213,-1667,-2669
6003,3371,2,22190,1338304206,-1783,529
6003,3371,3,22191,1339163199,-235,5183
6003,3372,0,22192,1340022192,-712,-3353
6003,3372,1,22193,1340881185,3434,-2873
6003,3372,2,22194,1341740178,-1478,-351
6003,3372,3,22195,1342599171,-980,-3698
6003,3373,0,22196,1343458164,5256,918
6003,3373,1,22197,1344317157,3808,-2109
6003,3373,2,22198,1345176150,5786,-4931
6003,3373,3,22199,1346035143,3037,3070
6003,3374,0,22200,1346894136,-4873,2119
6003,3374,1,22201,1347753129,-4185,-1095
6003,3374,2,22202,1348612122,1278,-2994
6003,3374,3,22203,1349471115,1618,-3203
6003,3375,0,22204,1350330108,-2988,2101
6003,3375,1,22205,1351189101,249,-1385
6003,3375,2,22206,1352048094,4286,-1058
6003,3375,3,22207,1352907087,210,6760
6003,3376,0,22208,1353766080,-708,2102
6003,3376,1,22209,1354625073,819,-3718
6003,3376,2,22210,1355484066,3315,-2471
6003,3376,3,22211,1356343059,4943,-1131
6003,3377,0,22212,1357202052,-2186,-2174
6003,3377,1,22213,1358061045,-7882,-2981
6003,3377,2,22214,1358920038,-1371,1021
6003,3377,3,22215,1359779031,3833,127
6003,3378,0,22216,1360638024,-2398,-2378
6003,3378,1,22217,1361497017,-4988,1760
6003,3378,2,22218,1362356010,-1988,681
6003,3378,3,22219,1363215003,-2238,-728
6003,3379,0,22220,1364073996,-57,2261
6003,3379,1,22221,1364932989,34,3
6003,3379,2,22222,1365791982,-1128,-2435
6003,3379,3,22223,1366650975,960,-888
6003,3380,0,22224,1367509968,-1193,-289
6003,3380,1,22225,1368368961,-881,-2197
6003,3380,2,22226,1369227954,568,-369
6003,3380,3,22227,1370086947,-1354,4357
6003,3381,0,22228,1370945940,2566,2252
6003,3381,1,22229,1371804933,4840,1767
6003,3381,2,22230,1372663926,-406,3120
6003,3381,3,22231,1373522919,-3692,-1543
6003,3382,0,22232,1374381912,959,-532
6003,3382,1,22233,1375240905,4202,78
6003,3382,2,22234,1376099898,-1830,-2471
6003,3382,3,22235,1376958891,1418,1445
6003,3383,0,22236,1377817884,9043,-326
6003,3383,1,22237,1378676877,2209,-1434
6003,3383,2,22238,1379535870,2866,3752
6003,3383,3,22239,1380394863,6383,2574
6003,3384,0,22240,1381253856,-6552,-455
6003,3384,1,22241,1382112849,-8374,-7030
6003,3384,2,22242,1382971842,-367,-7176
6003,3384,3,22243,1383830835,-1541,5311
6003,3385,0,22244,1384689828,3122,6132
6003,3385,1,22245,1385548821,3622,1881
6003,3385,2,22246,1386407814,-5852,-1423
6003,3385,3,22247,1387266807,-1788,-7353
6003,3386,0,22248,1388125800,5595,777
6003,3386,1,22249,1388984793,1598,3380
6003,3386,2,22250,1389843786,-1849,-6775
6003,3386,3,22251,1390702779,2579,-2600
6003,3387,0,22252,1391561772,3135,4395
6003,3387,1,22253,1392420765,-4011,3122
6003,3387,2,22254,1393279758,1639,1745
6003,3387,3,22255,1394138751,5120,-890
6003,3388,0,22256,1394997744,-5859,-2705
6003,3388,1,22257,1395856737,-829,-1107
6003,3388,2,22258,1396715730,2818,1965
6003,3388,3,22259,1397574723,-3952,292
6003,3389,0,22260,1398433716,4057,-4802
6003,3389,1,22261,1399292709,6678,-5992
6003,3389,2,22262,1400151702,2806,-3742
6003,3389,3,22263,1401010695,4941,2615
6003,3390,0,22264,1401869688,2970,2778
6003,3390,1,22265,1402728681,5501,-3638
6003,3390,2,22266,1403587674,8785,791
6003,3390,3,22267,1404446667,3375,232
6003,3391,0,22268,1405305660,-228,-7479
6003,3391,1,22269,1406164653,193,1054
6003,3391,2,22270,1407023646,-1970,3972
6003,3391,3,22271,1407882639,-1912,-6267
6003,3392,0,22272,1408741632,2469,-4419
6003,3392,1,22273,1409600625,-3439,-1169
6003,3392,2,22274,1410459618,-5453,-2331
6003,3392,3,22275,1411318611,3846,656
6003,3393,0,22276,1412177604,712,-1150
6003,3393,1,22277,1413036597,201,-307
6003,3393,2,22278,1413895590,1207,5152
6003,3393,3,22279,1414754583,-7461,2122
6003,3394,0,22280,1415613576,-4510,567
6003,3394,1,22281,1416472569,-1625,-499
6003,3394,2,22282,1417331562,132,-5592
6003,3394,3,22283,1418190555,3198,-2247
6003,3395,0,22284,1419049548,-3729,-1027
6003,3395,1,22285,1419908541,379,-193
6003,3395,2,22286,1420767534,2512,10150
6003,3395,3,22287,1421626527,-5369,7722
6003,3396,0,22288,1422485520,-1271,972
6003,3396,1,22289,1423344513,3491,2393
6003,3396,2,22290,1424203506,6361,-4755
6003,3396,3,22291,1425062499,1545,-4120
6003,3397,0,22292,1425921492,-5007,3065
6003,3397,1,22293,1426780485,4666,-2290
6003,3397,2,22294,1427639478,1220,16
6003,3397,3,22295,1428498471,-8638,3882
6003,3398,0,22296,1429357464,-2149,-1579
6003,3398,1,22297,1430216457,-2548,1157
6003,3398,2,22298,1431075450,-4880,4587
6003,3398,3,22299,1431934443,205,2878
6003,3399,0,22300,1432793436,2095,-1485
6003,3399,1,22301,1433652429,1342,-4360
6003,3399,2,22302,1434511422,-347,3526
6003,3399,3,22303,1435370415,1596,5729
6003,3400,0,22304,1436229408,1270,1133
6003,3400,1,22305,1437088401,-6151,464
6003,3400,2,22306,1437947394,-5798,-79
6003,3400,3,22307,1438806387,1521,6157
6003,3401,0,22308,1439665380,2702,3254
6003,3401,1,22309,1440524373,-2222,-6993
6003,3401,2,22310,1441383366,-6117,2369
6003,3401,3,22311,1442242359,-3362,6573
6003,3402,0,22312,1443101352,564,-3166
6003,3402,1,22313,1443960345,-139,-2865
6003,3402,2,22314,1444819338,-786,3445
6003,3402,3,22315,1445678331,398,5287
6003,3403,0,22316,1446537324,5525,490
6003,3403,1,22317,1447396317,7963,-1194
6003,3403,2,22318,1448255310,10,-332
6003,3403,3,22319,1449114303,-1257,-2609
6003,3404,0,22320,1449973296,1397,138
6003,3404,1,22321,1450832289,-1316,-666
6003,3404,2,22322,1451691282,3324,-2767
6003,3404,3,22323,1452550275,-329,-942
6003,3405,0,22324,1453409268,-7466,-4145
6003,3405,1,22325,1454268261,659,-1778
6003,3405,2,22326,1455127254,-1032,1799
6003,3405,3,22327,1455986247,-4022,2488
6003,3406,0,22328,1456845240,3818,5983
6003,3406,1,22329,1457704233,245,2788
6003,3406,2,22330,1458563226,-3583,4495
6003,3406,3,22331,1459422219,2222,5724
6003,3407,0,22332,1460281212,3754,-5861
6003,3407,1,22333,1461140205,-2779,-7563
6003,3407,2,22334,1461999198,-2376,-2666
6003,3407,3,22335,1462858191,7331,888
6003,3408,0,22336,1463717184,-350,6756
6003,3408,1,22337,1464576177,-11298,2133
6003,3408,2,22338,1465435170,-2882,-4987
6003,3408,3,22339,1466294163,644,-2113
6003,3409,0,22340,1467153156,-824,2571
6003,3409,1,22341,1468012149,2939,4905
6003,3409,2,22342,1468871142,379,3888
6003,3409,3,22343,1469730135,-921,-3250
6003,3410,0,22344,1470589128,5812,-7326
6003,3410,1,22345,1471448121,3800,-171
6003,3410,2,22346,1472307114,-2687,2793
6003,3410,3,22347,1473166107,4072,-2287
6003,3411,0,22348,1474025100,5129,-1796
6003,3411,1,22349,1474884093,-2875,-96
6003,3411,2,22350,1475743086,-1671,-376
6003,3411,3,22351,1476602079,-4794,413
6003,3412,0,22352,1477461072,-6116,303
6003,3412,1,22353,1478320065,2061,626
6003,3412,2,22354,1479179058,1371,2851
6003,3412,3,22355,1480038051,-325,3871
6003,3413,0,22356,1480897044,-131,806
6003,3413,1,22357,1481756037,-3383,1619
6003,3413,2,22358,1482615030,-529,1646
6003,3413,3,22359,1483474023,2487,-5956
6003,3414,0,22360,1484333016,-2763,-3359
6003,3414,1,22361,1485192009,-5030,2366
6003,3414,2,22362,1486051002,-1174,-852
6003,3414,3,22363,1486909995,-6965,-3002
6003,3415,0,22364,1487768988,-9429,-4638
6003,3415,1,22365,1488627981,1011,-421
6003,3415,2,22366,1489486974,-795,234
6003,3415,3,22367,1490345967,-2633,-7794
6003,3416,0,22368,1491204960,1769,-4048
6003,3416,1,22369,1492063953,-3804,259
6003,3416,2,22370,1492922946,-3107,1062
6003,3416,3,22371,1493781939,1144,1959
6003,3417,0,22372,1494640932,1566,-2030
6003,3417,1,22373,1495499925,-185,7386
6003,3417,2,22374,1496358918,-6802,9453
6003,3417,3,22375,1497217911,-1010,-4558
6003,3418,0,22376,1498076904,6694,-1601
6003,3418,1,22377,1498935897,3128,-1101
6003,3418,2,22378,1499794890,1902,-6681
6003,3418,3,22379,1500653883,389,-875
6003,3419,0,22380,1501512876,466,276
6003,3419,1,22381,1502371869,1804,-26
6003,3419,2,22382,1503230862,419,-2798
6003,3419,3,22383,1504089855,2014,-3594
6003,3420,0,22384,1504948848,644,5228
6003,3420,1,22385,1505807841,-3424,-2332
6003,3420,2,22386,1506666834,-2100,-5837
6003,3420,3,22387,1507525827,517,7432
6003,3421,0,22388,1508384820,-872,116
6003,3421,1,22389,1509243813,1365,-6104
6003,3421,2,22390,1510102806,1643,3117
6003,3421,3,22391,1510961799,-7784,2632
6003,3422,0,22392,1511820792,-2990,458
6003,3422,1,22393,1512679785,6098,20
6003,3422,2,22394,1513538778,1227,3057
6003,3422,3,22395,1514397771,-195,4263
6003,3423,0,22396,1515256764,-6140,-6646
6003,3423,1,22397,1516115757,-9681,-2185
6003,3423,2,22398,1516974750,-4067,7798
6003,3423,3,22399,1517833743,-2918,662
6003,3424,0,22400,1518692736,3283,1570
6003,3424,1,22401,1519551729,1139,2584
6003,3424,2,22402,1520410722,-2409,-4068
6003,3424,3,22403,1521269715,3918,-457
6003,3425,0,22404,1522128708,-1498,893
6003,3425,1,22405,1522987701,-708,-1628
6003,3425,2,22406,1523846694,-856,-825
6003,3425,3,22407,1524705687,-7078,-124
6003,3426,0,22408,1525564680,4298,6337
6003,3426,1,22409,1526423673,5130,5829
6003,3426,2,22410,1527282666,-3998,-3902
6003,3426,3,22411,1528141659,-6354,429
6003,3427,0,22412,1529000652,-3978,6714
6003,3427,1,22413,1529859645,5667,4150
6003,3427,2,22414,1530718638,646,6191
6003,3427,3,22415,1531577631,-384,1
6003,3428,0,22416,1532436624,9693,-8423
6003,3428,1,22417,1533295617,636,-2104
6003,3428,2,22418,1534154610,-4865,-2959
6003,3428,3,22419,1535013603,-2134,-4308
6003,3429,0,22420,1535872596,492,2391
6003,3429,1,22421,1536731589,5120,-4352
6003,3429,2,22422,1537590582,-1343,-7169
6003,3429,3,22423,1538449575,-1001,1820
6003,3430,0,22424,1539308568,5000,3717
6003,3430,1,22425,1540167561,1450,2089
6003,3430,2,22426,1541026554,-1108,-888
6003,3430,3,22427,1541885547,-2587,-4673
6003,3431,0,22428,1542744540,2152,-4867
6003,3431,1,22429,1543603533,5639,-618
6003,3431,2,22430,1544462526,899,3564
6003,3431,3,22431,1545321519,1996,4807
6003,3432,0,22432,1546180512,3639,4669
6003,3432,1,22433,1547039505,2625,-3769
6003,3432,2,22434,1547898498,-2454,-4998
6003,3432,3,22435,1548757491,-6288,2364
6003,3433,0,22436,1549616484,1621,-4382
6003,3433,1,22437,1550475477,-791,-4510
6003,3433,2,22438,1551334470,-7594,25
6003,3433,3,22439,1552193463,1154,-4173
6003,3434,0,22440,1553052456,5290,-1977
6003,3434,1,22441,1553911449,3134,-3498
6003,3434,2,22442,1554770442,226,1254
6003,3434,3,22443,1555629435,-4632,8111
6003,3435,0,22444,1556488428,-1437,-2533
6003,3435,1,22445,1557347421,203,-3331
6003,3435,2,22446,1558206414,-1025,-2436
6003,3435,3,22447,1559065407,156,-8434
6003,3436,0,22448,1559924400,-4471,-3386
6003,3436,1,22449,1560783393,-959,-1738
6003,3436,2,22450,1561642386,5474,-1585
6003,3436,3,22451,1562501379,-2412,1467
6003,3437,0,22452,1563360372,-3973,-2143
6003,3437,1,22453,1564219365,1407,-6586
6003,3437,2,22454,1565078358,2286,-4767
6003,3437,3,22455,1565937351,3626,-566
6003,3438,0,22456,1566796344,586,-958
6003,3438,1,22457,1567655337,-684,3380
6003,3438,2,22458,1568514330,2689,4013
6003,3438,3,22459,1569373323,3028,-3173
6003,3439,0,22460,1570232316,3041,862
6003,3439,1,22461,1571091309,3150,730
6003,3439,2,22462,1571950302,4387,-2104
6003,3439,3,22463,1572809295,2235,832
6003,3440,0,22464,1573668288,-1737,296
6003,3440,1,22465,1574527281,-1335,5962
6003,3440,2,22466,1575386274,-2290,1799
6003,3440,3,22467,1576245267,-199,-5072
6003,3441,0,22468,1577104260,-1145,2144
6003,3441,1,22469,1577963253,-4304,339
6003,3441,2,22470,1578822246,317,-206
6003,3441,3,22471,1579681239,-1782,3169
6003,3442,0,22472,1580540232,-1255,2429
6003,3442,1,22473,1581399225,-421,2913
6003,3442,2,22474,1582258218,-4697,-513
6003,3442,3,22475,1583117211,7996,2239
6003,3443,0,22476,1583976204,8239,2792
6003,3443,1,22477,1584835197,-1146,2005
6003,3443,2,22478,1585694190,5834,6175
6003,3443,3,22479,1586553183,-2388,1213
6003,3444,0,22480,1587412176,-9061,4038
6003,3444,1,22481,1588271169,-246,1054
6003,3444,2,22482,1589130162,-278,-7225
6003,3444,3,22483,1589989155,-828,4619
6003,3445,0,22484,1590848148,781,2038
6003,3445,1,22485,1591707141,3083,-4475
6003,3445,2,22486,1592566134,-1983,2588
6003,3445,3,22487,1593425127,-7957,-1398
6003,3446,0,22488,1594284120,2047,-3300
6003,3446,1,22489,1595143113,1000,2613
6003,3446,2,22490,1596002106,-5161,6080
6003,3446,3,22491,1596861099,1955,-1557
6003,3447,0,22492,1597720092,4016,-7932
6003,3447,1,22493,1598579085,5026,-2815
6003,3447,2,22494,1599438078,4987,-4884
6003,3447,3,22495,1600297071,3104,2305
6003,3448,0,22496,1601156064,4215,4936
6003,3448,1,22497,1602015057,1719,-8974
6003,3448,2,22498,1602874050,2459,-2383
6003,3448,3,22499,1603733043,1900,464
6003,3449,0,22500,1604592036,-1634,-4189
6003,3449,1,22501,1605451029,3477,449
6003,3449,2,22502,1606310022,6394,-1068
6003,3449,3,22503,1607169015,-1567,2204
6003,3450,0,22504,1608028008,-3990,-893
6003,3450,1,22505,1608887001,5267,-4126
6003,3450,2,22506,1609745994,985,2940
6003,3450,3,22507,1610604987,-7451,-1065
6003,3451,0,22508,1611463980,-450,-526
6003,3451,1,22509,1612322973,-5141,368
6003,3451,2,22510,1613181966,-8621,834
6003,3451,3,22511,1614040959,-1877,7921
6003,3452,0,22512,1614899952,-8115,1823
6003,3452,1,22513,1615758945,-3776,51
6003,3452,2,22514,1616617938,1026,-1248
6003,3452,3,22515,1617476931,-9870,-4581
6003,3453,0,22516,1618335924,-6782,4016
6003,3453,1,22517,1619194917,-385,997
6003,3453,2,22518,1620053910,-1402,1280
6003,3453,3,22519,1620912903,-1760,4612
6003,3454,0,22520,1621771896,-281,-3188
6003,3454,1,22521,1622630889,5217,1036
6003,3454,2,22522,1623489882,-1790,-637
6003,3454,3,22523,1624348875,-7683,-5719
6003,3455,0,22524,1625207868,1835,1431
6003,3455,1,22525,1626066861,-2263,1755
6003,3455,2,22526,1626925854,-6555,3200
6003,3455,3,22527,1627784847,1513,1928
6003,3456,0,22528,1628643840,-2344,-4935
6003,3456,1,22529,1629502833,-986,-2769
6003,3456,2,22530,1630361826,6919,-4906
6003,3456,3,22531,1631220819,-1533,-7678
6003,3457,0,22532,1632079812,-1894,1945
6003,3457,1,22533,1632938805,7012,6275
6003,3457,2,22534,1633797798,784,-2399
6003,3457,3,22535,1634656791,-4563,-4215
6003,3458,0,22536,1635515784,1224,2350
6003,3458,1,22537,1636374777,4433,-367
6003,3458,2,22538,1637233770,-3644,-5190
6003,3458,3,22539,1638092763,-8861,-5303
6003,3459,0,22540,1638951756,34,-5371
6003,3459,1,22541,1639810749,2302,-1622
6003,3459,2,22542,1640669742,1254,1479
6003,3459,3,22543,1641528735,4459,2280
6003,3460,0,22544,1642387728,267,3603
6003,3460,1,22545,1643246721,1091,2771
6003,3460,2,22546,1644105714,-1000,73
6003,3460,3,22547,1644964707,-6323,-4490
6003,3461,0,22548,1645823700,2759,-4532
6003,3461,1,22549,1646682693,3145,189
6003,3461,2,22550,1647541686,-1126,-1904
6003,3461,3,22551,1648400679,4256,-5238
6003,3462,0,22552,1649259672,4152,-754
6003,3462,1,22553,1650118665,2862,1745
6003,3462,2,22554,1650977658,3524,-1634
6003,3462,3,22555,1651836651,4339,-1987
6003,3463,0,22556,1652695644,19,287
6003,3463,1,22557,1653554637,-7488,256
6003,3463,2,22558,1654413630,-5522,-2408
6003,3463,3,22559,1655272623,-6353,-1659
6003,3464,0,22560,1656131616,-5025,5315
6003,3464,1,22561,1656990609,1644,5478
6003,3464,2,22562,1657849602,-1787,4605
6003,3464,3,22563,1658708595,-1736,10281
6003,3465,0,22564,1659567588,-1101,3522
6003,3465,1,22565,1660426581,-3725,-2927
6003,3465,2,22566,1661285574,-649,4734
6003,3465,3,22567,1662144567,-635,3763
6003,3466,0,22568,1663003560,1726,-2265
6003,3466,1,22569,1663862553,1798,184
6003,3466,2,22570,1664721546,-3846,1591
6003,3466,3,22571,1665580539,-1632,1471
6003,3467,0,22572,1666439532,2506,4052
6003,3467,1,22573,1667298525,4893,177
6003,3467,2,22574,1668157518,516,-6879
6003,3467,3,22575,1669016511,-4427,-5763
6003,3468,0,22576,1669875504,4682,-2857
6003,3468,1,22577,1670734497,8519,2516
6003,3468,2,22578,1671593490,-1334,5990
6003,3468,3,22579,1672452483,-8051,-87
6003,3469,0,22580,1673311476,-2748,734
6003,3469,1,22581,1674170469,4435,2570
6003,3469,2,22582,1675029462,3498,-1017
6003,3469,3,22583,1675888455,1478,-157
6003,3470,0,22584,1676747448,-5112,-2222
6003,3470,1,22585,1677606441,-3429,-1649
6003,3470,2,22586,1678465434,7552,-537
6003,3470,3,22587,1679324427,-1453,-1506
6003,3471,0,22588,1680183420,-5061,1947
6003,3471,1,22589,1681042413,2800,-2851
6003,3471,2,22590,1681901406,-1714,-1482
6003,3471,3,22591,1682760399,1088,3847
6003,3472,0,22592,1683619392,111,-4794
6003,3472,1,22593,1684478385,-6554,-3985
6003,3472,2,22594,1685337378,365,73
6003,3472,3,22595,1686196371,2768,-523
6003,3473,0,22596,1687055364,4675,1977
6003,3473,1,22597,1687914357,4964,-1560
6003,3473,2,22598,1688773350,-408,2118
6003,3473,3,22599,1689632343,4876,7670
6003,3474,0,22600,1690491336,980,2650
6003,3474,1,22601,1691350329,-7221,-1169
6003,3474,2,22602,1692209322,2423,-3596
6003,3474,3,22603,1693068315,6226,-2601
6003,3475,0,22604,1693927308,-2451,-3012
6003,3475,1,22605,1694786301,-7553,-3016
6003,3475,2,22606,1695645294,-3904,2026
6003,3475,3,22607,1696504287,622,328
6003,3476,0,22608,1697363280,-1655,3781
6003,3476,1,22609,1698222273,-769,9244
6003,3476,2,22610,1699081266,2398,3108
6003,3476,3,22611,1699940259,4357,1227
6003,3477,0,22612,1700799252,6406,559
6003,3477,1,22613,1701658245,853,-3967
6003,3477,2,22614,1702517238,-2185,-1
6003,3477,3,22615,1703376231,-1349,9351
6003,3478,0,22616,1704235224,-1903,7738
6003,3478,1,22617,1705094217,5876,-2792
6003,3478,2,22618,1705953210,5735,-1977
6003,3478,3,22619,1706812203,307,4029
6003,3479,0,22620,1707671196,6266,3855
6003,3479,1,22621,1708530189,2112,3035
6003,3479,2,22622,1709389182,-2356,2696
6003,3479,3,22623,1710248175,2711,4842
6003,3480,0,22624,1711107168,-3382,3808
6003,3480,1,22625,1711966161,-3250,693
6003,3480,2,22626,1712825154,2477,328
6003,3480,3,22627,1713684147,-1988,-2873
6003,3481,0,22628,1714543140,1346,-3082
6003,3481,1,22629,1715402133,4259,-3253
6003,3481,2,22630,1716261126,-845,-2025
6003,3481,3,22631,1717120119,527,5334
6003,3482,0,22632,1717979112,1988,4259
6003,3482,1,22633,1718838105,3081,1741
6003,3482,2,22634,1719697098,5005,3347
6003,3482,3,22635,1720556091,-2351,3002
6003,3483,0,22636,1721415084,-7559,2515
6003,3483,1,22637,1722274077,-852,-1729
6003,3483,2,22638,1723133070,-839,-49
6003,3483,3,22639,1723992063,-8603,1304
6003,3484,0,22640,1724851056,-4050,-7275
6003,3484,1,22641,1725710049,1628,-5285
6003,3484,2,22642,1726569042,-2477,2018
6003,3484,3,22643,1727428035,-3251,1706
6003,3485,0,22644,1728287028,-2227,50
6003,3485,1,22645,1729146021,1387,428
6003,3485,2,22646,1730005014,5292,2438
6003,3485,3,22647,1730864007,-908,1592
6003,3486,0,22648,1731723000,-2551,2734
6003,3486,1,22649,1732581993,3259,5997
6003,3486,2,22650,1733440986,5009,8724
6003,3486,3,22651,1734299979,5809,8406
6003,3487,0,22652,1735158972,2610,-2938
6003,3487,1,22653,1736017965,-3080,-4588
6003,3487,2,22654,1736876958,-3365,569
6003,3487,3,22655,1737735951,-109,-5445
6003,3488,0,22656,1738594944,807,327
6003,3488,1,22657,1739453937,-2869,7370
6003,3488,2,22658,1740312930,-1234,2837
6003,3488,3,22659,1741171923,2374,-2080
6003,3489,0,22660,1742030916,-1806,-12268
6003,3489,1,22661,1742889909,-381,-6853
6003,3489,2,22662,1743748902,892,4713
6003,3489,3,22663,1744607895,-7240,-1553
6003,3490,0,22664,1745466888,-4740,674
6003,3490,1,22665,1746325881,-731,833
6003,3490,2,22666,1747184874,-7709,-9492
6003,3490,3,22667,1748043867,-5628,-5357
6003,3491,0,22668,1748902860,-2538,-318
6003,3491,1,22669,1749761853,-4999,-518
6003,3491,2,22670,1750620846,2813,-848
6003,3491,3,22671,1751479839,4174,-3268
6003,3492,0,22672,1752338832,-1622,1960
6003,3492,1,22673,1753197825,4549,2996
6003,3492,2,22674,1754056818,3791,-1137
6003,3492,3,22675,1754915811,-1717,3884
6003,3493,0,22676,1755774804,4247,-21
6003,3493,1,22677,1756633797,229,-7514
6003,3493,2,22678,1757492790,-6027,360
6003,3493,3,22679,1758351783,4492,2211
6003,3494,0,22680,1759210776,5842,-1512
6003,3494,1,22681,1760069769,-1802,2675
6003,3494,2,22682,1760928762,-166,-842
6003,3494,3,22683,1761787755,-2775,-4071
6003,3495,0,22684,1762646748,-3325,1871
6003,3495,1,22685,1763505741,1229,1003
6003,3495,2,22686,1764364734,-4872,-625
6003,3495,3,22687,1765223727,-4033,823
6003,3496,0,22688,1766082720,273,-1187
6003,3496,1,22689,1766941713,-6258,-2294
6003,3496,2,22690,1767800706,-2018,-4884
6003,3496,3,22691,1768659699,2638,-5055
6003,3497,0,22692,1769518692,-6629,-941
6003,3497,1,22693,1770377685,-9129,303
6003,3497,2,22694,1771236678,1308,3699
6003,3497,3,22695,1772095671,6840,6140
6003,3498,0,22696,1772954664,-4738,3797
6003,3498,1,22697,1773813657,-4811,1174
6003,3498,2,22698,1774672650,7067,-2150
6003,3498,3,22699,1775531643,-2076,-1492
6003,3499,0,22700,1776390636,-3141,-2521
6003,3499,1,22701,1777249629,5705,-8005
6003,3499,2,22702,1778108622,-2021,-5027
6003,3499,3,22703,1778967615,-1871,-606
6003,3500,0,22704,1779826608,-801,-812
6003,3500,1,22705,1780685601,-5728,1369
6003,3500,2,22706,1781544594,-529,1135
6003,3500,3,22707,1782403587,1549,-1557
6003,3501,0,22708,1783262580,239,-2293
6003,3501,1,22709,1784121573,289,-5240
6003,3501,2,22710,1784980566,4052,-4662
6003,3501,3,22711,1785839559,8517,3347
6003,3502,0,22712,1786698552,1677,2359
6003,3502,1,22713,1787557545,649,-2703
6003,3502,2,22714,1788416538,2483,504
6003,3502,3,22715,1789275531,-4553,-3438
6003,3503,0,22716,1790134524,-1655,-3556
6003,3503,1,22717,1790993517,2932,4938
6003,3503,2,22718,1791852510,-148,1092
6003,3503,3,22719,1792711503,1659,1989
6003,3504,0,22720,1793570496,6259,4815
6003,3504,1,22721,1794429489,2931,-1446
6003,3504,2,22722,1795288482,-6699,-368
6003,3504,3,22723,1796147475,-5551,-713
6003,3505,0,22724,1797006468,1762,5685
6003,3505,1,22725,1797865461,-1124,12285
6003,3505,2,22726,1798724454,-6143,-395
6003,3505,3,22727,1799583447,-4896,-2005
6003,3506,0,22728,1800442440,1038,-1470
6003,3506,1,22729,1801301433,4100,-6817
6003,3506,2,22730,1802160426,2371,427
6003,3506,3,22731,1803019419,885,-262
6003,3507,0,22732,1803878412,-1553,728
6003,3507,1,22733,1804737405,95,3343
6003,3507,2,22734,1805596398,2822,-5250
6003,3507,3,22735,1806455391,-135,-806
6003,3508,0,22736,1807314384,-1465,1947
6003,3508,1,22737,1808173377,-1000,-851
6003,3508,2,22738,1809032370,191,5433
6003,3508,3,22739,1809891363,2133,3404
6003,3509,0,22740,1810750356,2970,-21
6003,3509,1,22741,1811609349,2597,2620
6003,3509,2,22742,1812468342,-3824,3181
6003,3509,3,22743,1813327335,-8782,983
6003,3510,0,22744,1814186328,-2399,1179
6003,3510,1,22745,1815045321,4350,5613
6003,3510,2,22746,1815904314,-497,1873
6003,3510,3,22747,1816763307,-5344,249
6003,3511,0,22748,1817622300,-601,252
6003,3511,1,22749,1818481293,-2577,-7663
6003,3511,2,22750,1819340286,-7246,-1751
6003,3511,3,22751,1820199279,-3056,1670
6003,3512,0,22752,1821058272,15,-4210
6003,3512,1,22753,1821917265,2455,206
6003,3512,2,22754,1822776258,-1787,-2457
6003,3512,3,22755,1823635251,-4128,-4050
6003,3513,0,22756,1824494244,4179,-524
6003,3513,1,22757,1825353237,-4706,-4861
6003,3513,2,22758,1826212230,-10328,28
6003,3513,3,22759,1827071223,3128,4922
6003,3514,0,22760,1827930216,1241,1274
6003,3514,1,22761,1828789209,-3265,1812
6003,3514,2,22762,1829648202,-36,-550
6003,3514,3,22763,1830507195,469,-4411
6003,3515,0,22764,1831366188,4851,-604
6003,3515,1,22765,1832225181,2322,3494
6003,3515,2,22766,1833084174,-2630,-1674
6003,3515,3,22767,1833943167,-553,-4625
6003,3516,0,22768,1834802160,-2695,1690
6003,3516,1,22769,1835661153,-2153,742
6003,3516,2,22770,1836520146,842,-1534
6003,3516,3,22771,1837379139,-3174,4459
6003,3517,0,22772,1838238132,-2379,4592
6003,3517,1,22773,1839097125,4337,777
6003,3517,2,22774,1839956118,6360,1425
6003,3517,3,22775,1840815111,6964,-1074
6003,3518,0,22776,1841674104,4757,-7427
6003,3518,1,22777,1842533097,1891,-3406
6003,3518,2,22778,1843392090,5038,5673
6003,3518,3,22779,1844251083,853,858
6003,3519,0,22780,1845110076,-1538,-5700
6003,3519,1,22781,1845969069,6817,-838
6003,3519,2,22782,1846828062,54,2841
6003,3519,3,22783,1847687055,-9020,2085
6003,3520,0,22784,1848546048,-2536,4139
6003,3520,1,22785,1849405041,3258,3637
6003,3520,2,22786,1850264034,1960,-2744
6003,3520,3,22787,1851123027,-5121,-1580
6003,3521,0,22788,1851982020,-353,5575
6003,3521,1,22789,1852841013,7279,4095
6003,3521,2,22790,1853700006,-1293,-1220
6003,3521,3,22791,1854558999,2107,-755
6003,3522,0,22792,1855417992,4950,2735
6003,3522,1,22793,1856276985,-5717,116
6003,3522,2,22794,1857135978,-4,-1833
6003,3522,3,22795,1857994971,4062,2088
6003,3523,0,22796,1858853964,-3057,-2247
6003,3523,1,22797,1859712957,-3247,-2563
6003,3523,2,22798,1860571950,-471,4964
6003,3523,3,22799,1861430943,643,-871
6003,3524,0,22800,1862289936,-1393,-7180
6003,3524,1,22801,1863148929,1292,-5124
6003,3524,2,22802,1864007922,2341,-1292
6003,3524,3,22803,1864866915,-3299,2843
6003,3525,0,22804,1865725908,739,113
6003,3525,1,22805,1866584901,2170,1017
6003,3525,2,22806,1867443894,711,4570
6003,3525,3,22807,1868302887,5071,-1754
6003,3526,0,22808,1869161880,-633,-1057
6003,3526,1,22809,1870020873,-3530,6387
6003,3526,2,22810,1870879866,721,1639
6003,3526,3,22811,1871738859,-402,-3631
6003,3527,0,22812,1872597852,1989,181
6003,3527,1,22813,1873456845,2722,72
6003,3527,2,22814,1874315838,-1329,1405
6003,3527,3,22815,1875174831,-1181,5326
6003,3528,0,22816,1876033824,1818,-2185
6003,3528,1,22817,1876892817,4485,-4234
6003,3528,2,22818,1877751810,1371,1830
6003,3528,3,22819,1878610803,-1622,-35
6003,3529,0,22820,1879469796,3679,421
6003,3529,1,22821,1880328789,2260,1592
6003,3529,2,22822,1881187782,-7547,1357
6003,3529,3,22823,1882046775,-6066,2025
6003,3530,0,22824,1882905768,-1349,-1860
6003,3530,1,22825,1883764761,-5317,-73
6003,3530,2,22826,1884623754,-2900,2054
6003,3530,3,22827,1885482747,2018,-1945
6003,3531,0,22828,1886341740,-191,-3330
6003,3531,1,22829,1887200733,-572,-3217
6003,3531,2,22830,1888059726,-1660,-569
6003,3531,3,22831,1888918719,-2036,-1840
6003,3532,0,22832,1889777712,962,-3651
6003,3532,1,22833,1890636705,693,2359
6003,3532,2,22834,1891495698,385,4234
6003,3532,3,22835,1892354691,1366,4975
6003,3533,0,22836,1893213684,2792,4638
6003,3533,1,22837,1894072677,348,-24
6003,3533,2,22838,1894931670,-2372,232
6003,3533,3,22839,1895790663,4487,-2407
6003,3534,0,22840,1896649656,2853,-5099
6003,3534,1,22841,1897508649,-3382,512
6003,3534,2,22842,1898367642,4007,414
6003,3534,3,22843,1899226635,3565,-4040
6003,3535,0,22844,1900085628,-2397,1283
6003,3535,1,22845,1900944621,2525,4165
6003,3535,2,22846,1901803614,4908,-3498
6003,3535,3,22847,1902662607,3069,-1646
6003,3536,0,22848,1903521600,3306,2279
6003,3536,1,22849,1904380593,2382,-2755
6003,3536,2,22850,1905239586,-1042,-1537
6003,3536,3,22851,1906098579,-1393,-2468
6003,3537,0,22852,1906957572,3659,-2975
6003,3537,1,22853,1907816565,5127,3409
6003,3537,2,22854,1908675558,1594,1586
6003,3537,3,22855,1909534551,-2461,-247
6003,3538,0,22856,1910393544,-5294,-1718
6003,3538,1,22857,1911252537,-3678,-4543
6003,3538,2,22858,1912111530,-764,452
6003,3538,3,22859,1912970523,-2170,1184
6003,3539,0,22860,1913829516,-4564,-6109
6003,3539,1,22861,1914688509,-397,-9407
6003,3539,2,22862,1915547502,3781,-1014
6003,3539,3,22863,1916406495,2649,4682
6003,3540,0,22864,1917265488,2653,3204
6003,3540,1,22865,1918124481,-2272,5883
6003,3540,2,22866,1918983474,-5115,-2451
6003,3540,3,22867,1919842467,1874,-5120
6003,3541,0,22868,1920701460,2265,3554
6003,3541,1,22869,1921560453,3033,-972
6003,3541,2,22870,1922419446,7612,2301
6003,3541,3,22871,1923278439,4397,-1321
6003,3542,0,22872,1924137432,1622,-9194
6003,3542,1,22873,1924996425,-544,4934
6003,3542,2,22874,1925855418,529,-925
6003,3542,3,22875,1926714411,4222,-6888
6003,3543,0,22876,1927573404,-2683,5918
6003,3543,1,22877,1928432397,-7104,2226
6003,3543,2,22878,1929291390,18,1537
6003,3543,3,22879,1930150383,6491,3146
6003,3544,0,22880,1931009376,1849,3169
6003,3544,1,22881,1931868369,-6658,5011
6003,3544,2,22882,1932727362,469,-6024
6003,3544,3,22883,1933586355,4563,-4759
6003,3545,0,22884,1934445348,-6035,4468
6003,3545,1,22885,1935304341,-3254,5845
6003,3545,2,22886,1936163334,2419,3849
6003,3545,3,22887,1937022327,-4784,-6434
6003,3546,0,22888,1937881320,-5249,-3791
6003,3546,1,22889,1938740313,-707,-363
6003,3546,2,22890,1939599306,-1331,-7943
6003,3546,3,22891,1940458299,-501,-2597
6003,3547,0,22892,1941317292,-539,750
6003,3547,1,22893,1942176285,-2726,1974
6003,3547,2,22894,1943035278,-183,6858
6003,3547,3,22895,1943894271,447,4439
6003,3548,0,22896,1944753264,-1350,3990
6003,3548,1,22897,1945612257,-303,491
6003,3548,2,22898,1946471250,-4855,-1468
6003,3548,3,22899,1947330243,-5468,4627
6003,3549,0,22900,1948189236,1451,3815
6003,3549,1,22901,1949048229,-621,2889
6003,3549,2,22902,1949907222,-1116,4525
6003,3549,3,22903,1950766215,2085,-172
6003,3550,0,22904,1951625208,-567,-3575
6003,3550,1,22905,1952484201,3143,1225
6003,3550,2,22906,1953343194,7265,4913
6003,3550,3,22907,1954202187,3233,-823
6003,3551,0,22908,1955061180,1613,-996
6003,3551,1,22909,1955920173,-193,8886
6003,3551,2,22910,1956779166,-3576,7698
6003,3551,3,22911,1957638159,414,-4076
6003,3552,0,22912,1958497152,5362,-7577
6003,3552,1,22913,1959356145,3080,-4798
6003,3552,2,22914,1960215138,2243,-3819
6003,3552,3,22915,1961074131,2028,-1364
6003,3553,0,22916,1961933124,99,-127
6003,3553,1,22917,1962792117,5519,2342
6003,3553,2,22918,1963651110,6833,6977
6003,3553,3,22919,1964510103,3003,3629
6003,3554,0,22920,1965369096,6412,18
6003,3554,1,22921,1966228089,2526,761
6003,3554,2,22922,1967087082,-2566,1875
6003,3554,3,22923,1967946075,4401,3333
6003,3555,0,22924,1968805068,2971,3593
6003,3555,1,22925,1969664061,-6931,6636
6003,3555,2,22926,1970523054,-5469,1903
6003,3555,3,22927,1971382047,3064,-1277
6003,3556,0,22928,1972241040,2017,7163
6003,3556,1,22929,1973100033,-2872,1123
6003,3556,2,22930,1973959026,1343,-2704
6003,3556,3,22931,1974818019,2203,-3651
6003,3557,0,22932,1975677012,-2697,-11543
6003,3557,1,22933,1976536005,-1739,4000
6003,3557,2,22934,1977394998,313,6361
6003,3557,3,22935,1978253991,1800,-3209
6003,3558,0,22936,1979112984,2301,9182
6003,3558,1,22937,1979971977,-505,1230
6003,3558,2,22938,1980830970,65,-4397
6003,3558,3,22939,1981689963,2541,3567
6003,3559,0,22940,1982548956,1297,-5167
6003,3559,1,22941,1983407949,1670,263
6003,3559,2,22942,1984266942,2652,2318
6003,3559,3,22943,1985125935,-2901,-5472
6003,3560,0,22944,1985984928,-3336,453
6003,3560,1,22945,1986843921,1557,-3070
6003,3560,2,22946,1987702914,-2785,-1555
6003,3560,3,22947,1988561907,-1108,3420
6003,3561,0,22948,1989420900,6139,-3885
6003,3561,1,22949,1990279893,2517,-1029
6003,3561,2,22950,1991138886,2177,-2322
6003,3561,3,22951,1991997879,4720,-8112
6003,3562,0,22952,1992856872,3113,-2460
6003,3562,1,22953,1993715865,1713,-635
6003,3562,2,22954,1994574858,-1903,-2286
6003,3562,3,22955,1995433851,-1495,-3023
6003,3563,0,22956,1996292844,-1982,-2519
6003,3563,1,22957,1997151837,-3860,-781
6003,3563,2,22958,1998010830,2462,515
6003,3563,3,22959,1998869823,1462,2812
6003,3564,0,22960,1999728816,-4680,-3472
6003,3564,1,22961,2000587809,-2658,-7689
6003,3564,2,22962,2001446802,486,-2526
6003,3564,3,22963,2002305795,1687,-6863
6003,3565,0,22964,2003164788,-3184,-7010
6003,3565,1,22965,2004023781,-6687,2987
6003,3565,2,22966,2004882774,319,863
6003,3565,3,22967,2005741767,4445,-5170
6003,3566,0,22968,2006600760,5286,-4756
6003,3566,1,22969,2007459753,7419,370
6003,3566,2,22970,2008318746,3848,7303
6003,3566,3,22971,2009177739,2185,2613
6003,3567,0,22972,2010036732,4790,-2714
6003,3567,1,22973,2010895725,-1783,1150
6003,3567,2,22974,2011754718,-7282,-1813
6003,3567,3,22975,2012613711,1094,-679
6003,3568,0,22976,2013472704,6692,4372
6003,3568,1,22977,2014331697,3899,-3478
6003,3568,2,22978,2015190690,-398,-3083
6003,3568,3,22979,2016049683,-4946,2332
6003,3569,0,22980,2016908676,-4677,-2482
6003,3569,1,22981,2017767669,-2732,-1008
6003,3569,2,22982,2018626662,-692,-3005
6003,3569,3,22983,2019485655,-6,-8052
6003,3570,0,22984,2020344648,-413,770
6003,3570,1,22985,2021203641,4535,2017
6003,3570,2,22986,2022062634,-339,-3599
6003,3570,3,22987,2022921627,-4116,4319
6003,3571,0,22988,2023780620,8367,9164
6003,3571,1,22989,2024639613,3711,1379
6003,3571,2,22990,2025498606,-7368,-3155
6003,3571,3,22991,2026357599,-1501,-1666
6003,3572,0,22992,2027216592,708,407
6003,3572,1,22993,2028075585,-1079,2571
6003,3572,2,22994,2028934578,-3128,-1026
6003,3572,3,22995,2029793571,-2867,-4726
6003,3573,0,22996,2030652564,239,-2850
6003,3573,1,22997,2031511557,-2078,-5299
6003,3573,2,22998,2032370550,654,-2959
6003,3573,3,22999,2033229543,2638,2138
6003,3574,0,23000,2034088536,1469,-1104
6003,3574,1,23001,2034947529,5142,1701
6003,3574,2,23002,2035806522,47,262
6003,3574,3,23003,2036665515,-2469,-3244
6003,3575,0,23004,2037524508,1803,7757
6003,3575,1,23005,2038383501,-517,5138
6003,3575,2,23006,2039242494,427,-4558
6003,3575,3,23007,2040101487,-1626,-1097
6003,3576,0,23008,2040960480,-4825,-2511
6003,3576,1,23009,2041819473,110,-3446
6003,3576,2,23010,2042678466,-4340,-524
6003,3576,3,23011,2043537459,-7872,-239
6003,3577,0,23012,2044396452,3605,-646
6003,3577,1,23013,2045255445,7504,-4087
6003,3577,2,23014,2046114438,-1352,-3445
6003,3577,3,23015,2046973431,-6733,-3707
6003,3578,0,23016,2047832424,-5831,-3398
6003,3578,1,23017,2048691417,-2288,3983
6003,3578,2,23018,2049550410,-357,1903
6003,3578,3,23019,2050409403,-2042,-590
6003,3579,0,23020,2051268396,-1672,1752
6003,3579,1,23021,2052127389,-3088,-19
6003,3579,2,23022,2052986382,-4897,1697
6003,3579,3,23023,2053845375,280,-3315
6003,3580,0,23024,2054704368,-1405,-5691
6003,3580,1,23025,2055563361,-2528,3389
6003,3580,2,23026,2056422354,5199,471
6003,3580,3,23027,2057281347,-872,-1455
6003,3581,0,23028,2058140340,-7161,5459
6003,3581,1,23029,2058999333,-2828,4051
6003,3581,2,23030,2059858326,-6859,-275
6003,3581,3,23031,2060717319,-8743,313
6003,3582,0,23032,2061576312,-3895,5088
6003,3582,1,23033,2062435305,-2525,2121
6003,3582,2,23034,2063294298,-1480,-2820
6003,3582,3,23035,2064153291,328,4604
6003,3583,0,23036,2065012284,1848,4699
6003,3583,1,23037,2065871277,613,-998
6003,3583,2,23038,2066730270,-302,1005
6003,3583,3,23039,2067589263,630,-420
6003,3584,0,23552,2508252672,-356,-2369
6003,3584,1,23553,2509111665,-964,-1959
6003,3584,2,23554,2509970658,4005,-1959
6003,3584,3,23555,2510829651,3273,-1827
6003,3585,0,23556,2511688644,-3391,-148
6003,3585,1,23557,2512547637,-4683,275
6003,3585,2,23558,2513406630,-267,-2027
6003,3585,3,23559,2514265623,-673,-2398
6003,3586,0,23560,2515124616,-614,420
6003,3586,1,23561,2515983609,1024,126
6003,3586,2,23562,2516842602,-1160,170
6003,3586,3,23563,2517701595,3573,3665
6003,3587,0,23564,2518560588,3979,2162
6003,3587,1,23565,2519419581,-1958,-2546
6003,3587,2,23566,2520278574,3063,-1378
6003,3587,3,23567,2521137567,6234,-1472
6003,3588,0,23568,2521996560,3905,-7871
6003,3588,1,23569,2522855553,2602,-6272
6003,3588,2,23570,2523714546,4920,-877
6003,3588,3,23571,2524573539,7913,-4273
6003,3589,0,23572,2525432532,-1069,-1303
6003,3589,1,23573,2526291525,-1646,4923
6003,3589,2,23574,2527150518,4107,-972
6003,3589,3,23575,2528009511,-4680,-3620
6003,3590,0,23576,2528868504,-3024,-1130
6003,3590,1,23577,2529727497,3588,-3772
6003,3590,2,23578,2530586490,1256,-2775
6003,3590,3,23579,2531445483,2298,-798
6003,3591,0,23580,2532304476,285,-2100
6003,3591,1,23581,2533163469,1939,502
6003,3591,2,23582,2534022462,4544,-480
6003,3591,3,23583,2534881455,-704,-6769
6003,3592,0,23584,2535740448,-545,-7637
6003,3592,1,23585,2536599441,-2635,-2582
6003,3592,2,23586,2537458434,-6840,5179
6003,3592,3,23587,2538317427,-2010,2895
6003,3593,0,23588,2539176420,3085,-7312
6003,3593,1,23589,2540035413,1276,-4077
6003,3593,2,23590,2540894406,-3194,-1377
6003,3593,3,23591,2541753399,-219,-5437
6003,3594,0,23592,2542612392,-383,-1892
6003,3594,1,23593,2543471385,-4293,-1523
6003,3594,2,23594,2544330378,5003,1752
6003,3594,3,23595,2545189371,6209,4818
6003,3595,0,23596,2546048364,-1955,-3660
6003,3595,1,23597,2546907357,256,267
6003,3595,2,23598,2547766350,-639,5352
6003,3595,3,23599,2548625343,-1584,860
6003,3596,0,23600,2549484336,836,3311
6003,3596,1,23601,2550343329,-3010,-726
6003,3596,2,23602,2551202322,-3930,-4067
6003,3596,3,23603,2552061315,-2695,-974
6003,3597,0,23604,2552920308,-3088,-4613
6003,3597,1,23605,2553779301,422,-3218
6003,3597,2,23606,2554638294,2779,103
6003,3597,3,23607,2555497287,40,820
6003,3598,0,23608,2556356280,-875,-2142
6003,3598,1,23609,2557215273,198,-7998
6003,3598,2,23610,2558074266,-276,4145
6003,3598,3,23611,2558933259,4919,11346
6003,3599,0,23612,2559792252,5563,-2067
6003,3599,1,23613,2560651245,-3185,-1705
6003,3599,2,23614,2561510238,27,4965
6003,3599,3,23615,2562369231,787,-130
6003,3600,0,23616,2563228224,-7348,-3356
6003,3600,1,23617,2564087217,-2353,-1870
6003,3600,2,23618,2564946210,192,-2935
6003,3600,3,23619,2565805203,-259,-5291
6003,3601,0,23620,2566664196,4178,-3492
6003,3601,1,23621,2567523189,-2740,-1632
6003,3601,2,23622,2568382182,-4721,2173
6003,3601,3,23623,2569241175,1205,7913
6003,3602,0,23624,2570100168,-1098,571
6003,3602,1,23625,2570959161,1445,-7375
6003,3602,2,23626,2571818154,1721,-1047
6003,3602,3,23627,2572677147,-4478,3225
6003,3603,0,23628,2573536140,1572,3094
6003,3603,1,23629,2574395133,4986,6580
6003,3603,2,23630,2575254126,-2836,6864
6003,3603,3,23631,2576113119,-6540,2787
6003,3604,0,23632,2576972112,-6523,1892
6003,3604,1,23633,2577831105,767,604
6003,3604,2,23634,2578690098,5452,-4889
6003,3604,3,23635,2579549091,-5165,-5780
6003,3605,0,23636,2580408084,-6874,-1282
6003,3605,1,23637,2581267077,-2510,-644
6003,3605,2,23638,2582126070,-5894,-5674
6003,3605,3,23639,2582985063,-1120,-5636
6003,3606,0,23640,2583844056,1922,2576
6003,3606,1,23641,2584703049,-558,2381
6003,3606,2,23642,2585562042,902,-3866
6003,3606,3,23643,2586421035,-1500,-2823
6003,3607,0,23644,2587280028,-2107,-2638
6003,3607,1,23645,2588139021,-1289,-2651
6003,3607,2,23646,2588998014,-1286,1327
6003,3607,3,23647,2589857007,-3604,1790
6003,3608,0,23648,2590716000,-9349,910
6003,3608,1,23649,2591574993,-2919,1012
6003,3608,2,23650,2592433986,-2065,1884
6003,3608,3,23651,2593292979,-6037,3964
6003,3609,0,23652,2594151972,3646,348
6003,3609,1,23653,2595010965,-369,-3168
6003,3609,2,23654,2595869958,-3371,161
6003,3609,3,23655,2596728951,1784,-2917
6003,3610,0,23656,2597587944,-3797,-4859
6003,3610,1,23657,2598446937,1084,3443
6003,3610,2,23658,2599305930,-565,1549
6003,3610,3,23659,2600164923,-5180,-927
6003,3611,0,23660,2601023916,2203,3797
6003,3611,1,23661,2601882909,-4098,-1843
6003,3611,2,23662,2602741902,1493,156
6003,3611,3,23663,2603600895,7297,5896
6003,3612,0,23664,2604459888,-3701,260
6003,3612,1,23665,2605318881,5797,2987
6003,3612,2,23666,2606177874,4182,-31
6003,3612,3,23667,2607036867,-9406,-7245
6003,3613,0,23668,2607895860,-4165,567
6003,3613,1,23669,2608754853,-3024,23
6003,3613,2,23670,2609613846,2326,-2089
6003,3613,3,23671,2610472839,5603,4865
6003,3614,0,23672,2611331832,-2471,2170
6003,3614,1,23673,2612190825,4137,-4219
6003,3614,2,23674,2613049818,8877,-3478
6003,3614,3,23675,2613908811,1967,4282
6003,3615,0,23676,2614767804,1224,5320
6003,3615,1,23677,2615626797,2765,-1582
6003,3615,2,23678,2616485790,-411,2700
6003,3615,3,23679,2617344783,-2638,5812
6003,3616,0,23680,2618203776,2109,4269
6003,3616,1,23681,2619062769,3462,9155
6003,3616,2,23682,2619921762,-193,5902
6003,3616,3,23683,2620780755,-154,22
6003,3617,0,23684,2621639748,-2124,1288
6003,3617,1,23685,2622498741,-4414,430
6003,3617,2,23686,2623357734,-5679,825
6003,3617,3,23687,2624216727,-9136,1699
6003,3618,0,23688,2625075720,-3746,-1347
6003,3618,1,23689,2625934713,8584,7
6003,3618,2,23690,2626793706,8062,3532
6003,3618,3,23691,2627652699,-1652,1018
6003,3619,0,23692,2628511692,-2049,2670
6003,3619,1,23693,2629370685,1450,8669
6003,3619,2,23694,2630229678,-233,3262
6003,3619,3,23695,2631088671,-3028,-1994
6003,3620,0,23696,2631947664,-963,1857
6003,3620,1,23697,2632806657,4610,835
6003,3620,2,23698,2633665650,2840,676
6003,3620,3,23699,2634524643,2917,2888
6003,3621,0,23700,2635383636,6469,-3122
6003,3621,1,23701,2636242629,620,-4983
6003,3621,2,23702,2637101622,630,-35
6003,3621,3,23703,2637960615,4191,432
6003,3622,0,23704,2638819608,3867,2292
6003,3622,1,23705,2639678601,6315,2651
6003,3622,2,23706,2640537594,2875,-1679
6003,3622,3,23707,2641396587,908,-148
6003,3623,0,23708,2642255580,-2230,-1596
6003,3623,1,23709,2643114573,-6644,-4498
6003,3623,2,23710,2643973566,32,-785
6003,3623,3,23711,2644832559,-1332,-6447
6003,3624,0,23712,2645691552,-3813,-6925
6003,3624,1,23713,2646550545,2556,3861
6003,3624,2,23714,2647409538,6708,-629
6003,3624,3,23715,2648268531,6498,-3569
6003,3625,0,23716,2649127524,-6366,2183
6003,3625,1,23717,2649986517,-5516,-2158
6003,3625,2,23718,2650845510,7374,-3920
6003,3625,3,23719,2651704503,2020,3087
6003,3626,0,23720,2652563496,187,7201
6003,3626,1,23721,2653422489,1387,543
6003,3626,2,23722,2654281482,5069,-5521
6003,3626,3,23723,2655140475,6387,93
6003,3627,0,23724,2655999468,-8120,935
6003,3627,1,23725,2656858461,-871,124
6003,3627,2,23726,2657717454,4593,1534
6003,3627,3,23727,2658576447,-9101,-2368
6003,3628,0,23728,2659435440,-2916,3558
6003,3628,1,23729,2660294433,-1141,7840
6003,3628,2,23730,2661153426,-2080,2320
6003,3628,3,23731,2662012419,2254,3558
6003,3629,0,23732,2662871412,-5492,-526
6003,3629,1,23733,2663730405,41,-5655
6003,3629,2,23734,2664589398,6267,463
6003,3629,3,23735,2665448391,1789,3751
6003,3630,0,23736,2666307384,3154,4370
6003,3630,1,23737,2667166377,-2604,2958
6003,3630,2,23738,2668025370,-8384,-4359
6003,3630,3,23739,2668884363,-3572,-6662
6003,3631,0,23740,2669743356,2012,-1423
6003,3631,1,23741,2670602349,677,-545
6003,3631,2,23742,2671461342,-2593,-5277
6003,3631,3,23743,2672320335,683,-5499
6003,3632,0,23744,2673179328,778,-2302
6003,3632,1,23745,2674038321,803,2172
6003,3632,2,23746,2674897314,918,6085
6003,3632,3,23747,2675756307,-4258,2014
6003,3633,0,23748,2676615300,-1607,-2308
6003,3633,1,23749,2677474293,-1007,-1568
6003,3633,2,23750,2678333286,-3475,1058
6003,3633,3,23751,2679192279,720,3961
6003,3634,0,23752,2680051272,-2854,2078
6003,3634,1,23753,2680910265,-5173,3046
6003,3634,2,23754,2681769258,2809,3988
6003,3634,3,23755,2682628251,2081,-1680
6003,3635,0,23756,2683487244,-5191,1638
6003,3635,1,23757,2684346237,-1204,3760
6003,3635,2,23758,2685205230,1825,-2898
6003,3635,3,23759,2686064223,-5890,549
6003,3636,0,23760,2686923216,-3972,3035
6003,3636,1,23761,2687782209,1203,-2090
6003,3636,2,23762,2688641202,-164,372
6003,3636,3,23763,2689500195,3096,4482
6003,3637,0,23764,2690359188,3938,3292
6003,3637,1,23765,2691218181,3697,2110
6003,3637,2,23766,2692077174,1792,1600
6003,3637,3,23767,2692936167,-3741,-679
6003,3638,0,23768,2693795160,-770,-2621
6003,3638,1,23769,2694654153,140,-1733
6003,3638,2,23770,2695513146,-2697,-1871
6003,3638,3,23771,2696372139,-2955,-1536
6003,3639,0,23772,2697231132,-2571,1033
6003,3639,1,23773,2698090125,3130,-1841
6003,3639,2,23774,2698949118,2084,-4854
6003,3639,3,23775,2699808111,-1103,-1981
6003,3640,0,23776,2700667104,4423,-4734
6003,3640,1,23777,2701526097,4335,-6237
6003,3640,2,23778,2702385090,475,2809
6003,3640,3,23779,2703244083,-1154,3453
6003,3641,0,23780,2704103076,682,-1494
6003,3641,1,23781,2704962069,1042,2055
6003,3641,2,23782,2705821062,-5772,2282
6003,3641,3,23783,2706680055,-2633,749
6003,3642,0,23784,2707539048,5360,1130
6003,3642,1,23785,2708398041,1763,-621
6003,3642,2,23786,2709257034,-1063,2547
6003,3642,3,23787,2710116027,-681,1826
6003,3643,0,23788,2710975020,-3143,-1873
6003,3643,1,23789,2711834013,1288,1365
6003,3643,2,23790,2712693006,7267,-596
6003,3643,3,23791,2713551999,-816,-965
6003,3644,0,23792,2714410992,-3638,3902
6003,3644,1,23793,2715269985,3892,2525
6003,3644,2,23794,2716128978,-51,2407
6003,3644,3,23795,2716987971,-137,671
6003,3645,0,23796,2717846964,3939,-1799
6003,3645,1,23797,2718705957,-2224,1614
6003,3645,2,23798,2719564950,-5204,-1027
6003,3645,3,23799,2720423943,-5944,-4243
6003,3646,0,23800,2721282936,-959,279
6003,3646,1,23801,2722141929,4696,1604
6003,3646,2,23802,2723000922,-1038,-4081
6003,3646,3,23803,2723859915,-724,-3635
6003,3647,0,23804,2724718908,171,4606
6003,3647,1,23805,2725577901,-1641,-894
6003,3647,2,23806,2726436894,2515,-5075
6003,3647,3,23807,2727295887,371,5717
6003,3648,0,23808,2728154880,-1552,1479
6003,3648,1,23809,2729013873,-571,-1597
6003,3648,2,23810,2729872866,736,8372
6003,3648,3,23811,2730731859,5231,1858
6003,3649,0,23812,2731590852,606,-5300
6003,3649,1,23813,2732449845,-3287,718
6003,3649,2,23814,2733308838,2008,4473
6003,3649,3,23815,2734167831,4833,-682
6003,3650,0,23816,2735026824,5652,-7330
6003,3650,1,23817,2735885817,2492,1376
6003,3650,2,23818,2736744810,-3653,5775
6003,3650,3,23819,2737603803,-4511,-3832
6003,3651,0,23820,2738462796,490,1261
6003,3651,1,23821,2739321789,3031,6910
6003,3651,2,23822,2740180782,-3985,243
6003,3651,3,23823,2741039775,-8722,1292
6003,3652,0,23824,2741898768,-3814,5909
6003,3652,1,23825,2742757761,-1361,6367
6003,3652,2,23826,2743616754,-1062,4222
6003,3652,3,23827,2744475747,5236,-290
6003,3653,0,23828,2745334740,5303,-1009
6003,3653,1,23829,2746193733,-1780,120
6003,3653,2,23830,2747052726,1644,-1667
6003,3653,3,23831,2747911719,2593,-1737
6003,3654,0,23832,2748770712,-4003,-2456
6003,3654,1,23833,2749629705,-351,-3051
6003,3654,2,23834,2750488698,2178,3642
6003,3654,3,23835,2751347691,-2619,4094
6003,3655,0,23836,2752206684,-4190,-1433
6003,3655,1,23837,2753065677,-425,-252
6003,3655,2,23838,2753924670,3006,-2237
6003,3655,3,23839,2754783663,622,1761
6003,3656,0,23840,2755642656,3230,4805
6003,3656,1,23841,2756501649,4273,-9506
6003,3656,2,23842,2757360642,-2508,-6134
6003,3656,3,23843,2758219635,-2189,3557
6003,3657,0,23844,2759078628,-1978,-5523
6003,3657,1,23845,2759937621,-1459,-2539
6003,3657,2,23846,2760796614,-872,2290
6003,3657,3,23847,2761655607,-3817,-1761
6003,3658,0,23848,2762514600,2872,-2106
6003,3658,1,23849,2763373593,1319,-7371
6003,3658,2,23850,2764232586,-5890,-5448
6003,3658,3,23851,2765091579,562,-455
6003,3659,0,23852,2765950572,2428,-4779
6003,3659,1,23853,2766809565,1933,443
6003,3659,2,23854,2767668558,3281,6273
6003,3659,3,23855,2768527551,2076,-1806
6003,3660,0,23856,2769386544,4582,-7569
6003,3660,1,23857,2770245537,4456,-2060
6003,3660,2,23858,2771104530,1262,3471
6003,3660,3,23859,2771963523,-1262,2678
6003,3661,0,23860,2772822516,2276,3374
6003,3661,1,23861,2773681509,4823,2394
6003,3661,2,23862,2774540502,-385,-1282
6003,3661,3,23863,2775399495,2426,-504
6003,3662,0,23864,2776258488,-785,-467
6003,3662,1,23865,2777117481,-5903,405
6003,3662,2,23866,2777976474,3075,1462
6003,3662,3,23867,2778835467,1234,-1123
6003,3663,0,23868,2779694460,-570,737
6003,3663,1,23869,2780553453,-674,2321
6003,3663,2,23870,2781412446,-7924,881
6003,3663,3,23871,2782271439,-1673,301
6003,3664,0,23872,2783130432,180,-5357
6003,3664,1,23873,2783989425,2314,-5670
6003,3664,2,23874,2784848418,11656,4185
6003,3664,3,23875,2785707411,4321,3882
6003,3665,0,23876,2786566404,1707,-5421
6003,3665,1,23877,2787425397,2401,-6185
6003,3665,2,23878,2788284390,-2539,2167
6003,3665,3,23879,2789143383,1820,7693
6003,3666,0,23880,2790002376,1074,2255
6003,3666,1,23881,2790861369,1103,370
6003,3666,2,23882,2791720362,3232,4715
6003,3666,3,23883,2792579355,-2588,-3103
6003,3667,0,23884,2793438348,-1181,-5493
6003,3667,1,23885,2794297341,-615,2503
6003,3667,2,23886,2795156334,-2707,-585
6003,3667,3,23887,2796015327,1481,2618
6003,3668,0,23888,2796874320,-576,9122
6003,3668,1,23889,2797733313,-5954,1644
6003,3668,2,23890,2798592306,-4846,-1912
6003,3668,3,23891,2799451299,-2172,-729
6003,3669,0,23892,2800310292,-2053,782
6003,3669,1,23893,2801169285,1309,-60
6003,3669,2,23894,2802028278,3608,-4647
6003,3669,3,23895,2802887271,-436,-1015
6003,3670,0,23896,2803746264,245,-2016
6003,3670,1,23897,2804605257,-3832,-3881
6003,3670,2,23898,2805464250,-9628,1864
6003,3670,3,23899,2806323243,-881,-3992
6003,3671,0,23900,2807182236,-572,-2388
6003,3671,1,23901,2808041229,-4866,5512
6003,3671,2,23902,2808900222,3163,-3997
6003,3671,3,23903,2809759215,5395,-2588
6003,3672,0,23904,2810618208,2719,8823
6003,3672,1,23905,2811477201,2827,2584
6003,3672,2,23906,2812336194,4091,-8233
6003,3672,3,23907,2813195187,1833,-6334
6003,3673,0,23908,2814054180,-5747,316
6003,3673,1,23909,2814913173,-3521,-3956
6003,3673,2,23910,2815772166,514,-6596
6003,3673,3,23911,2816631159,-1185,-208
6003,3674,0,23912,2817490152,2467,-3397
6003,3674,1,23913,2818349145,1416,-4628
6003,3674,2,23914,2819208138,437,1559
6003,3674,3,23915,2820067131,3067,-2316
6003,3675,0,23916,2820926124,-2603,-4182
6003,3675,1,23917,2821785117,-610,-486
6003,3675,2,23918,2822644110,3141,-507
6003,3675,3,23919,2823503103,-3857,4755
6003,3676,0,23920,2824362096,241,4916
6003,3676,1,23921,2825221089,2759,-5406
6003,3676,2,23922,2826080082,-6986,-2814
6003,3676,3,23923,2826939075,-1655,3853
6003,3677,0,23924,2827798068,4207,25
6003,3677,1,23925,2828657061,-2658,3049
6003,3677,2,23926,2829516054,912,5335
6003,3677,3,23927,2830375047,2390,-690
6003,3678,0,23928,2831234040,-4748,2497
6003,3678,1,23929,2832093033,-1874,2123
6003,3678,2,23930,2832952026,1616,-4784
6003,3678,3,23931,2833811019,752,-2417
6003,3679,0,23932,2834670012,-2583,-7459
6003,3679,1,23933,2835529005,-5392,-10889
6003,3679,2,23934,2836387998,1140,-239
6003,3679,3,23935,2837246991,2552,-4146
6003,3680,0,23936,2838105984,1641,-7142
6003,3680,1,23937,2838964977,3876,2823
6003,3680,2,23938,2839823970,-6206,-3328
6003,3680,3,23939,2840682963,-10347,-6682
6003,3681,0,23940,2841541956,-2802,1338
6003,3681,1,23941,2842400949,3165,26
6003,3681,2,23942,2843259942,7891,496
6003,3681,3,23943,2844118935,-172,835
6003,3682,0,23944,2844977928,-4851,-2383
6003,3682,1,23945,2845836921,1949,-2837
6003,3682,2,23946,2846695914,-2977,-4708
6003,3682,3,23947,2847554907,-3675,1262
6003,3683,0,23948,2848413900,5287,8814
6003,3683,1,23949,2849272893,5814,8167
6003,3683,2,23950,2850131886,4089,5406
6003,3683,3,23951,2850990879,3535,-1241
6003,3684,0,23952,2851849872,1803,-81
6003,3684,1,23953,2852708865,-4,5836
6003,3684,2,23954,2853567858,-179,1367
6003,3684,3,23955,2854426851,988,-2009
6003,3685,0,23956,2855285844,2933,-2250
6003,3685,1,23957,2856144837,2814,-1385
6003,3685,2,23958,2857003830,-5573,-756
6003,3685,3,23959,2857862823,-4817,-6780
6003,3686,0,23960,2858721816,4811,-7217
6003,3686,1,23961,2859580809,216,-734
6003,3686,2,23962,2860439802,-1150,-1551
6003,3686,3,23963,2861298795,5470,-5832
6003,3687,0,23964,2862157788,3662,-784
6003,3687,1,23965,2863016781,943,5963
6003,3687,2,23966,2863875774,304,3489
6003,3687,3,23967,2864734767,3092,3608
6003,3688,0,23968,2865593760,4595,2644
6003,3688,1,23969,2866452753,-1562,-1610
6003,3688,2,23970,2867311746,-4731,2559
6003,3688,3,23971,2868170739,-3343,-142
6003,3689,0,23972,2869029732,-1769,-2958
6003,3689,1,23973,2869888725,-720,2400
6003,3689,2,23974,2870747718,2030,-2739
6003,3689,3,23975,2871606711,4874,-1391
6003,3690,0,23976,2872465704,3254,4467
6003,3690,1,23977,2873324697,3441,-1060
6003,3690,2,23978,2874183690,1841,3288
6003,3690,3,23979,2875042683,927,7263
6003,3691,0,23980,2875901676,3514,1931
6003,3691,1,23981,2876760669,-4293,4435
6003,3691,2,23982,2877619662,-4877,4131
6003,3691,3,23983,2878478655,7937,1502
6003,3692,0,23984,2879337648,8992,2654
6003,3692,1,23985,2880196641,823,-2041
6003,3692,2,23986,2881055634,-3975,-796
6003,3692,3,23987,2881914627,-2125,6090
6003,3693,0,23988,2882773620,-701,4433
6003,3693,1,23989,2883632613,1902,3488
6003,3693,2,23990,2884491606,8754,3120
6003,3693,3,23991,2885350599,4027,57
6003,3694,0,23992,2886209592,66,706
6003,3694,1,23993,2887068585,3475,-2782
6003,3694,2,23994,2887927578,360,-8136
6003,3694,3,23995,2888786571,-1732,-3381
6003,3695,0,23996,2889645564,-5002,4618
6003,3695,1,23997,2890504557,-4210,589
6003,3695,2,23998,2891363550,1979,-7052
6003,3695,3,23999,2892222543,2004,2145
6003,3696,0,24000,2893081536,4973,7577
6003,3696,1,24001,2893940529,2004,473
6003,3696,2,24002,2894799522,-3482,3932
6003,3696,3,24003,2895658515,-127,5031
6003,3697,0,24004,2896517508,-1654,2297
6003,3697,1,24005,2897376501,-44,286
6003,3697,2,24006,2898235494,-959,-7657
6003,3697,3,24007,2899094487,-4366,-1772
6003,3698,0,24008,2899953480,3102,2544
6003,3698,1,24009,2900812473,-739,-2175
6003,3698,2,24010,2901671466,-3690,1373
6003,3698,3,24011,2902530459,3911,-3872
6003,3699,0,24012,2903389452,-854,-1818
6003,3699,1,24013,2904248445,-3603,6623
6003,3699,2,24014,2905107438,-49,-3936
6003,3699,3,24015,2905966431,106,-5490
6003,3700,0,24016,2906825424,-780,1312
6003,3700,1,24017,2907684417,-2379,2785
6003,3700,2,24018,2908543410,530,5088
6003,3700,3,24019,2909402403,1805,-2310
6003,3701,0,24020,2910261396,3324,-7323
6003,3701,1,24021,2911120389,5975,1408
6003,3701,2,24022,2911979382,-1359,8809
6003,3701,3,24023,2912838375,-4526,2938
6003,3702,0,24024,2913697368,-3418,-6465
6003,3702,1,24025,2914556361,-6473,-2297
6003,3702,2,24026,2915415354,-1793,4555
6003,3702,3,24027,2916274347,2644,3929
6003,3703,0,24028,2917133340,2022,-930
6003,3703,1,24029,2917992333,3045,-2803
6003,3703,2,24030,2918851326,-645,1745
6003,3703,3,24031,2919710319,-2743,591
6003,3704,0,24032,2920569312,3757,1030
6003,3704,1,24033,2921428305,4516,1324
6003,3704,2,24034,2922287298,-1133,-4625
6003,3704,3,24035,2923146291,3769,556
6003,3705,0,24036,2924005284,10067,2662
6003,3705,1,24037,2924864277,4864,321
6003,3705,2,24038,2925723270,4343,3776
6003,3705,3,24039,2926582263,6901,-2452
6003,3706,0,24040,2927441256,1072,-6457
6003,3706,1,24041,2928300249,152,-6042
6003,3706,2,24042,2929159242,3356,-6663
6003,3706,3,24043,2930018235,197,218
6003,3707,0,24044,2930877228,-3635,3108
6003,3707,1,24045,2931736221,-2919,2529
6003,3707,2,24046,2932595214,412,3332
6003,3707,3,24047,2933454207,-2488,3461
6003,3708,0,24048,2934313200,-6523,1639
6003,3708,1,24049,2935172193,-1197,-1812
6003,3708,2,24050,2936031186,-1197,2997
6003,3708,3,24051,2936890179,-5268,505
6003,3709,0,24052,2937749172,-1395,-7626
6003,3709,1,24053,2938608165,484,-779
6003,3709,2,24054,2939467158,2099,2122
6003,3709,3,24055,2940326151,3140,1782
6003,3710,0,24056,2941185144,199,5002
6003,3710,1,24057,2942044137,826,1718
6003,3710,2,24058,2942903130,-2498,1427
6003,3710,3,24059,2943762123,-4869,-2306
6003,3711,0,24060,2944621116,-1111,-10298
6003,3711,1,24061,2945480109,-3235,-5356
6003,3711,2,24062,2946339102,-2124,3933
6003,3711,3,24063,2947198095,1625,2003
6003,3712,0,24064,2948057088,-1978,-5945
6003,3712,1,24065,2948916081,-2466,-140
6003,3712,2,24066,2949775074,2835,8984
6003,3712,3,24067,2950634067,2488,-1060
6003,3713,0,24068,2951493060,-6428,-4507
6003,3713,1,24069,2952352053,-7280,4277
6003,3713,2,24070,2953211046,-2091,-2165
6003,3713,3,24071,2954070039,-3515,-4107
6003,3714,0,24072,2954929032,1212,2172
6003,3714,1,24073,2955788025,5631,-4696
6003,3714,2,24074,2956647018,2506,-1207
6003,3714,3,24075,2957506011,509,2172
6003,3715,0,24076,2958365004,-2007,-9430
6003,3715,1,24077,2959223997,200,-1722
6003,3715,2,24078,2960082990,-1290,5126
6003,3715,3,24079,2960941983,-2722,-1617
6003,3716,0,24080,2961800976,4975,350
6003,3716,1,24081,2962659969,1670,-767
6003,3716,2,24082,2963518962,1142,87
6003,3716,3,24083,2964377955,6465,-4619
6003,3717,0,24084,2965236948,-133,-10828
6003,3717,1,24085,2966095941,-1524,510
6003,3717,2,24086,2966954934,1645,-3545
6003,3717,3,24087,2967813927,5094,-6519
6003,3718,0,24088,2968672920,7970,1584
6003,3718,1,24089,2969531913,4310,-7585
6003,3718,2,24090,2970390906,2458,-4396
6003,3718,3,24091,2971249899,-313,-703
6003,3719,0,24092,2972108892,2197,-7204
6003,3719,1,24093,2972967885,2177,2239
6003,3719,2,24094,2973826878,-5969,2979
6003,3719,3,24095,2974685871,966,-4020
6003,3720,0,24096,2975544864,2575,-432
6003,3720,1,24097,2976403857,-3642,5406
6003,3720,2,24098,2977262850,-1028,3263
6003,3720,3,24099,2978121843,-3147,-3243
6003,3721,0,24100,2978980836,-321,1995
6003,3721,1,24101,2979839829,-3304,1160
6003,3721,2,24102,2980698822,-8819,-2123
6003,3721,3,24103,2981557815,2842,5945
6003,3722,0,24104,2982416808,677,3718
6003,3722,1,24105,2983275801,-6515,2532
6003,3722,2,24106,2984134794,-4668,3361
6003,3722,3,24107,2984993787,-8907,344
6003,3723,0,24108,2985852780,-2078,1114
6003,3723,1,24109,2986711773,7698,-2174
6003,3723,2,24110,2987570766,1850,2069
6003,3723,3,24111,2988429759,-3846,371
6003,3724,0,24112,2989288752,2131,-7815
6003,3724,1,24113,2990147745,3097,-635
6003,3724,2,24114,2991006738,-5387,911
6003,3724,3,24115,2991865731,1663,1598
6003,3725,0,24116,2992724724,4440,1107
6003,3725,1,24117,2993583717,-6498,-3249
6003,3725,2,24118,2994442710,1214,211
6003,3725,3,24119,2995301703,7411,-6633
6003,3726,0,24120,2996160696,2067,-1491
6003,3726,1,24121,2997019689,3206,7840
6003,3726,2,24122,2997878682,2261,-236
6003,3726,3,24123,2998737675,-917,8798
6003,3727,0,24124,2999596668,-1281,8038
6003,3727,1,24125,3000455661,1527,-4513
6003,3727,2,24126,3001314654,2816,896
6003,3727,3,24127,3002173647,2748,-179
6003,3728,0,24128,3003032640,3602,-257
6003,3728,1,24129,3003891633,-350,151
6003,3728,2,24130,3004750626,2164,-3764
6003,3728,3,24131,3005609619,2348,-121
6003,3729,0,24132,3006468612,-4539,-2336
6003,3729,1,24133,3007327605,2706,-1274
6003,3729,2,24134,3008186598,5928,1246
6003,3729,3,24135,3009045591,966,-1452
6003,3730,0,24136,3009904584,-203,2426
6003,3730,1,24137,3010763577,-3758,3094
6003,3730,2,24138,3011622570,-592,3187
6003,3730,3,24139,3012481563,-543,3094
6003,3731,0,24140,3013340556,-4123,1447
6003,3731,1,24141,3014199549,2605,4125
6003,3731,2,24142,3015058542,3305,731
6003,3731,3,24143,3015917535,-1139,177
6003,3732,0,24144,3016776528,-2042,3053
6003,3732,1,24145,3017635521,-5331,59
6003,3732,2,24146,3018494514,-6541,-1484
6003,3732,3,24147,3019353507,-209,-4531
6003,3733,0,24148,3020212500,2295,-1492
6003,3733,1,24149,3021071493,-3763,4314
6003,3733,2,24150,3021930486,-1115,-1687
6003,3733,3,24151,3022789479,-1298,-5466
6003,3734,0,24152,3023648472,-7732,-3351
6003,3734,1,24153,3024507465,-1719,-1931
6003,3734,2,24154,3025366458,-3180,-1210
6003,3734,3,24155,3026225451,-1576,-2367
6003,3735,0,24156,3027084444,9331,-800
6003,3735,1,24157,3027943437,903,728
6003,3735,2,24158,3028802430,-4467,1419
6003,3735,3,24159,3029661423,-4032,3989
6003,3736,0,24160,3030520416,-4209,-787
6003,3736,1,24161,3031379409,3213,-6902
6003,3736,2,24162,3032238402,-3892,-2527
6003,3736,3,24163,3033097395,-4540,-384
6003,3737,0,24164,3033956388,4774,-4767
6003,3737,1,24165,3034815381,-3635,-4272
6003,3737,2,24166,3035674374,-4434,879
6003,3737,3,24167,3036533367,2767,5275
6003,3738,0,24168,3037392360,3540,3776
6003,3738,1,24169,3038251353,2829,2325
6003,3738,2,24170,3039110346,-2979,4867
6003,3738,3,24171,3039969339,-5308,-159
6003,3739,0,24172,3040828332,-3144,-4291
6003,3739,1,24173,3041687325,-310,-1340
6003,3739,2,24174,3042546318,1291,2241
6003,3739,3,24175,3043405311,1313,6094
6003,3740,0,24176,3044264304,2035,-261
6003,3740,1,24177,3045123297,-6056,-4162
6003,3740,2,24178,3045982290,-5988,2895
6003,3740,3,24179,3046841283,1980,1377
6003,3741,0,24180,3047700276,-3081,-3774
6003,3741,1,24181,3048559269,-592,-5648
6003,3741,2,24182,3049418262,-2305,-195
6003,3741,3,24183,3050277255,-11689,5284
6003,3742,0,24184,3051136248,335,-396
6003,3742,1,24185,3051995241,5299,3265
6003,3742,2,24186,3052854234,1444,6834
6003,3742,3,24187,3053713227,7801,-901
6003,3743,0,24188,3054572220,2927,-5632
6003,3743,1,24189,3055431213,-1855,-5184
6003,3743,2,24190,3056290206,3206,7228
6003,3743,3,24191,3057149199,3958,6392
6003,3744,0,24192,3058008192,2817,-6529
6003,3744,1,24193,3058867185,-435,-1039
6003,3744,2,24194,3059726178,-1155,-1382
6003,3744,3,24195,3060585171,1435,-907
6003,3745,0,24196,3061444164,-2100,3329
6003,3745,1,24197,3062303157,-2648,-3922
6003,3745,2,24198,3063162150,1896,2225
6003,3745,3,24199,3064021143,25,3552
6003,3746,0,24200,3064880136,1901,-2372
6003,3746,1,24201,3065739129,8801,-480
6003,3746,2,24202,3066598122,1918,-9818
6003,3746,3,24203,3067457115,-3444,-8221
6003,3747,0,24204,3068316108,4020,1641
6003,3747,1,24205,3069175101,2186,2413
6003,3747,2,24206,3070034094,-2518,5547
6003,3747,3,24207,3070893087,1726,-2660
6003,3748,0,24208,3071752080,5649,-5897
6003,3748,1,24209,3072611073,2054,2830
6003,3748,2,24210,3073470066,-6153,-1375
6003,3748,3,24211,3074329059,616,-664
6003,3749,0,24212,3075188052,6476,3533
6003,3749,1,24213,3076047045,-4518,-4425
6003,3749,2,24214,3076906038,-563,-4000
6003,3749,3,24215,3077765031,4426,2790
6003,3750,0,24216,3078624024,-4168,285
6003,3750,1,24217,3079483017,-2663,-758
6003,3750,2,24218,3080342010,-783,1635
6003,3750,3,24219,3081201003,84,523
6003,3751,0,24220,3082059996,-1027,-17
6003,3751,1,24221,3082918989,-6876,-1058
6003,3751,2,24222,3083777982,-2247,2458
6003,3751,3,24223,3084636975,-4323,5375
6003,3752,0,24224,3085495968,-3588,-2900
6003,3752,1,24225,3086354961,11530,-2162
6003,3752,2,24226,3087213954,6631,2907
6003,3752,3,24227,3088072947,-2503,568
6003,3753,0,24228,3088931940,1345,1858
6003,3753,1,24229,3089790933,2259,-2452
6003,3753,2,24230,3090649926,1792,-3294
6003,3753,3,24231,3091508919,-4501,-107
6003,3754,0,24232,3092367912,-5926,-5673
6003,3754,1,24233,3093226905,579,-522
6003,3754,2,24234,3094085898,-834,641
6003,3754,3,24235,3094944891,-256,-10577
6003,3755,0,24236,3095803884,147,-7480
6003,3755,1,24237,3096662877,-245,-1412
6003,3755,2,24238,3097521870,4258,-3617
6003,3755,3,24239,3098380863,-2017,-3884
6003,3756,0,24240,3099239856,-6405,-183
6003,3756,1,24241,3100098849,1798,173
6003,3756,2,24242,3100957842,2842,-2402
6003,3756,3,24243,3101816835,803,255
6003,3757,0,24244,3102675828,3675,1312
6003,3757,1,24245,3103534821,1975,2465
6003,3757,2,24246,3104393814,-277,2073
6003,3757,3,24247,3105252807,2855,-5493
6003,3758,0,24248,3106111800,2337,-4123
6003,3758,1,24249,3106970793,360,-1697
6003,3758,2,24250,3107829786,1093,-2615
6003,3758,3,24251,3108688779,-3834,3976
6003,3759,0,24252,3109547772,-3700,2676
6003,3759,1,24253,3110406765,3692,-1262
6003,3759,2,24254,3111265758,-1865,3428
6003,3759,3,24255,3112124751,-9080,2167
6003,3760,0,24256,3112983744,-2466,-2195
6003,3760,1,24257,3113842737,3395,2035
6003,3760,2,24258,3114701730,3230,4690
6003,3760,3,24259,3115560723,2656,283
6003,3761,0,24260,3116419716,-2257,-294
6003,3761,1,24261,3117278709,-3263,-4794
6003,3761,2,24262,3118137702,6743,-9336
6003,3761,3,24263,3118996695,6186,2653
6003,3762,0,24264,3119855688,-2287,6962
6003,3762,1,24265,3120714681,-1425,-3370
6003,3762,2,24266,3121573674,-5800,-5635
6003,3762,3,24267,3122432667,-6805,1054
6003,3763,0,24268,3123291660,4377,4377
6003,3763,1,24269,3124150653,5529,-1437
6003,3763,2,24270,3125009646,2432,1485
6003,3763,3,24271,3125868639,3861,5916
6003,3764,0,24272,3126727632,3930,-2689
6003,3764,1,24273,3127586625,2024,-107
6003,3764,2,24274,3128445618,-1916,-244
6003,3764,3,24275,3129304611,-623,-8521
6003,3765,0,24276,3130163604,-764,-576
6003,3765,1,24277,3131022597,-3894,1815
6003,3765,2,24278,3131881590,-13,-1458
6003,3765,3,24279,3132740583,-497,1329
6003,3766,0,24280,3133599576,-1825,-2273
6003,3766,1,24281,3134458569,-325,-42
6003,3766,2,24282,3135317562,-4438,6772
6003,3766,3,24283,3136176555,-1773,5185
6003,3767,0,24284,3137035548,4674,2547
6003,3767,1,24285,3137894541,3408,694
6003,3767,2,24286,3138753534,-2612,-1331
6003,3767,3,24287,3139612527,-3036,-789
6003,3768,0,24288,3140471520,7469,-338
6003,3768,1,24289,3141330513,4561,-4629
6003,3768,2,24290,3142189506,-5445,-4868
6003,3768,3,24291,3143048499,1943,3898
6003,3769,0,24292,3143907492,4927,3862
6003,3769,1,24293,3144766485,2349,-5378
6003,3769,2,24294,3145625478,2967,-5333
6003,3769,3,24295,3146484471,500,1690
6003,3770,0,24296,3147343464,4601,3825
6003,3770,1,24297,3148202457,3258,1119
6003,3770,2,24298,3149061450,-4560,-594
6003,3770,3,24299,3149920443,-2163,1313
6003,3771,0,24300,3150779436,2579,1352
6003,3771,1,24301,3151638429,6217,-2554
6003,3771,2,24302,3152497422,2026,-1807
6003,3771,3,24303,3153356415,-477,-2666
6003,3772,0,24304,3154215408,7157,-6218
6003,3772,1,24305,3155074401,-639,1218
6003,3772,2,24306,3155933394,-3931,3223
6003,3772,3,24307,3156792387,4883,-3304
6003,3773,0,24308,3157651380,-4530,-246
6003,3773,1,24309,3158510373,-6885,3822
6003,3773,2,24310,3159369366,753,4151
6003,3773,3,24311,3160228359,1452,-823
6003,3774,0,24312,3161087352,9343,-1586
6003,3774,1,24313,3161946345,8073,6548
6003,3774,2,24314,3162805338,-366,137
6003,3774,3,24315,3163664331,626,-3760
6003,3775,0,24316,3164523324,-3446,1980
6003,3775,1,24317,3165382317,-5095,-2259
6003,3775,2,24318,3166241310,269,-1654
6003,3775,3,24319,3167100303,2414,-3939
6003,3776,0,24320,3167959296,5064,-5826
6003,3776,1,24321,3168818289,4133,3301
6003,3776,2,24322,3169677282,-398,-22
6003,3776,3,24323,3170536275,-1338,250
6003,3777,0,24324,3171395268,-1002,3712
6003,3777,1,24325,3172254261,173,-6009
6003,3777,2,24326,3173113254,339,-3515
6003,3777,3,24327,3173972247,-5110,365
6003,3778,0,24328,3174831240,-4817,-4362
6003,3778,1,24329,3175690233,4497,-69
6003,3778,2,24330,3176549226,754,561
6003,3778,3,24331,3177408219,-6700,-3316
6003,3779,0,24332,3178267212,-1137,3271
6003,3779,1,24333,3179126205,-3018,8301
6003,3779,2,24334,3179985198,-5551,3434
6003,3779,3,24335,3180844191,1342,3906
6003,3780,0,24336,3181703184,261,5546
6003,3780,1,24337,3182562177,-4616,968
6003,3780,2,24338,3183421170,-8258,3620
6003,3780,3,24339,3184280163,-5971,1598
6003,3781,0,24340,3185139156,1961,-3445
6003,3781,1,24341,3185998149,564,3437
6003,3781,2,24342,3186857142,-639,-1345
6003,3781,3,24343,3187716135,-46,-6389
6003,3782,0,24344,3188575128,-2946,4374
6003,3782,1,24345,3189434121,971,2113
6003,3782,2,24346,3190293114,4514,-2303
6003,3782,3,24347,3191152107,2645,4732
6003,3783,0,24348,3192011100,-3516,1157
6003,3783,1,24349,3192870093,-5330,-4488
6003,3783,2,24350,3193729086,2459,2964
6003,3783,3,24351,3194588079,-1736,5343
6003,3784,0,24352,3195447072,-5890,-4794
6003,3784,1,24353,3196306065,1191,-5828
6003,3784,2,24354,3197165058,181,4164
6003,3784,3,24355,3198024051,4363,5346
6003,3785,0,24356,3198883044,5369,773
6003,3785,1,24357,3199742037,-6449,-3396
6003,3785,2,24358,3200601030,-2789,-10592
6003,3785,3,24359,3201460023,2296,-5997
6003,3786,0,24360,3202319016,-315,6951
6003,3786,1,24361,3203178009,2224,4076
6003,3786,2,24362,3204037002,-2302,1470
6003,3786,3,24363,3204895995,-4015,8108
6003,3787,0,24364,3205754988,740,1771
6003,3787,1,24365,3206613981,-1518,-2648
6003,3787,2,24366,3207472974,-1658,3894
6003,3787,3,24367,3208331967,-889,562
6003,3788,0,24368,3209190960,175,-3989
6003,3788,1,24369,3210049953,3002,1005
6003,3788,2,24370,3210908946,-449,5147
6003,3788,3,24371,3211767939,1043,3230
6003,3789,0,24372,3212626932,4507,574
6003,3789,1,24373,3213485925,-631,353
6003,3789,2,24374,3214344918,-1602,-1740
6003,3789,3,24375,3215203911,232,-1172
6003,3790,0,24376,3216062904,-1225,489
6003,3790,1,24377,3216921897,-1737,-2055
6003,3790,2,24378,3217780890,20,76
6003,3790,3,24379,3218639883,2080,857
6003,3791,0,24380,3219498876,248,-2350
6003,3791,1,24381,3220357869,1493,-1519
6003,3791,2,24382,3221216862,3656,-3841
6003,3791,3,24383,3222075855,-1215,-3103
6003,3792,0,24384,3222934848,-1442,3572
6003,3792,1,24385,3223793841,1508,-935
6003,3792,2,24386,3224652834,556,-8422
6003,3792,3,24387,3225511827,-1088,-2785
6003,3793,0,24388,3226370820,-3103,4045
6003,3793,1,24389,3227229813,-3632,1937
6003,3793,2,24390,3228088806,-3701,-812
6003,3793,3,24391,3228947799,2304,258
6003,3794,0,24392,3229806792,6009,3036
6003,3794,1,24393,3230665785,-2830,3430
6003,3794,2,24394,3231524778,-1270,-394
6003,3794,3,24395,3232383771,3121,-1829
6003,3795,0,24396,3233242764,-3647,156
6003,3795,1,24397,3234101757,-3204,-116
6003,3795,2,24398,3234960750,782,-4304
6003,3795,3,24399,3235819743,3985,-3477
6003,3796,0,24400,3236678736,1431,4096
6003,3796,1,24401,3237537729,-6933,3156
6003,3796,2,24402,3238396722,-3429,2629
6003,3796,3,24403,3239255715,-1387,5125
6003,3797,0,24404,3240114708,-2926,-2508
6003,3797,1,24405,3240973701,299,-1411
6003,3797,2,24406,3241832694,-4102,1890
6003,3797,3,24407,3242691687,-2659,-2045
6003,3798,0,24408,3243550680,4837,1983
6003,3798,1,24409,3244409673,1151,-1484
6003,3798,2,24410,3245268666,-1715,-2547
6003,3798,3,24411,3246127659,1119,4659
6003,3799,0,24412,3246986652,-156,-188
6003,3799,1,24413,3247845645,-2230,1463
6003,3799,2,24414,3248704638,-108,4647
6003,3799,3,24415,3249563631,-870,-798
6003,3800,0,24416,3250422624,-554,-2971
6003,3800,1,24417,3251281617,4465,-4773
6003,3800,2,24418,3252140610,4632,3143
6003,3800,3,24419,3252999603,3361,3419
6003,3801,0,24420,3253858596,-2045,-10202
6003,3801,1,24421,3254717589,-4299,-6147
6003,3801,2,24422,3255576582,1085,294
6003,3801,3,24423,3256435575,-6074,-1403
6003,3802,0,24424,3257294568,-6291,672
6003,3802,1,24425,3258153561,199,3284
6003,3802,2,24426,3259012554,-3168,4680
6003,3802,3,24427,3259871547,4314,-179
6003,3803,0,24428,3260730540,2622,-394
6003,3803,1,24429,3261589533,-4625,3912
6003,3803,2,24430,3262448526,724,1765
6003,3803,3,24431,3263307519,-2056,2010
6003,3804,0,24432,3264166512,4093,-1325
6003,3804,1,24433,3265025505,6070,-1551
6003,3804,2,24434,3265884498,-4309,4195
6003,3804,3,24435,3266743491,1131,-461
6003,3805,0,24436,3267602484,-1689,-1126
6003,3805,1,24437,3268461477,-3303,-112
6003,3805,2,24438,3269320470,6536,-4424
6003,3805,3,24439,3270179463,4970,-825
6003,3806,0,24440,3271038456,3971,85
6003,3806,1,24441,3271897449,-1588,-1170
6003,3806,2,24442,3272756442,-4829,2432
6003,3806,3,24443,3273615435,-1554,-594
6003,3807,0,24444,3274474428,-4499,-6368
6003,3807,1,24445,3275333421,4391,-151
6003,3807,2,24446,3276192414,5567,8917
6003,3807,3,24447,3277051407,-3740,1932
6003,3808,0,24448,3277910400,1247,-1150
6003,3808,1,24449,3278769393,1,6557
6003,3808,2,24450,3279628386,-838,1758
6003,3808,3,24451,3280487379,4421,228
6003,3809,0,24452,3281346372,1310,2168
6003,3809,1,24453,3282205365,2176,-4899
6003,3809,2,24454,3283064358,3382,-1597
6003,3809,3,24455,3283923351,-1014,1403
6003,3810,0,24456,3284782344,276,-3126
6003,3810,1,24457,3285641337,4656,353
6003,3810,2,24458,3286500330,-1013,4911
6003,3810,3,24459,3287359323,-5690,5221
6003,3811,0,24460,3288218316,2616,2403
6003,3811,1,24461,3289077309,1028,726
6003,3811,2,24462,3289936302,-4979,1380
6003,3811,3,24463,3290795295,-1753,1414
6003,3812,0,24464,3291654288,-2895,4314
6003,3812,1,24465,3292513281,1443,1790
6003,3812,2,24466,3293372274,5383,-1197
6003,3812,3,24467,3294231267,-832,1945
6003,3813,0,24468,3295090260,-1635,-1094
6003,3813,1,24469,3295949253,-684,938
6003,3813,2,24470,3296808246,-21,5722
6003,3813,3,24471,3297667239,-74,119
6003,3814,0,24472,3298526232,-835,1145
6003,3814,1,24473,3299385225,4668,5161
6003,3814,2,24474,3300244218,5577,1136
6003,3814,3,24475,3301103211,-502,-2170
6003,3815,0,24476,3301962204,-2728,-3221
6003,3815,1,24477,3302821197,1797,-2132
6003,3815,2,24478,3303680190,2044,152
6003,3815,3,24479,3304539183,-4991,-1102
6003,3816,0,24480,3305398176,-2902,-2520
6003,3816,1,24481,3306257169,-79,6192
6003,3816,2,24482,3307116162,-436,12658
6003,3816,3,24483,3307975155,3471,2203
6003,3817,0,24484,3308834148,-1976,-2444
6003,3817,1,24485,3309693141,-4436,-903
6003,3817,2,24486,3310552134,2936,-2809
6003,3817,3,24487,3311411127,3250,3610
6003,3818,0,24488,3312270120,2293,66
6003,3818,1,24489,3313129113,2912,-6353
6003,3818,2,24490,3313988106,1296,-934
6003,3818,3,24491,3314847099,-1434,-6497
6003,3819,0,24492,3315706092,-1191,-6364
6003,3819,1,24493,3316565085,1615,898
6003,3819,2,24494,3317424078,-1081,-2930
6003,3819,3,24495,3318283071,-500,-697
6003,3820,0,24496,3319142064,3972,-2571
6003,3820,1,24497,3320001057,2579,-8256
6003,3820,2,24498,3320860050,148,-1761
6003,3820,3,24499,3321719043,50,1792
6003,3821,0,24500,3322578036,1145,-214
6003,3821,1,24501,3323437029,-3039,-772
6003,3821,2,24502,3324296022,-3450,5248
6003,3821,3,24503,3325155015,2094,7370
6003,3822,0,24504,3326014008,-3138,-255
6003,3822,1,24505,3326873001,-1279,796
6003,3822,2,24506,3327731994,3817,-766
6003,3822,3,24507,3328590987,-3545,-216
6003,3823,0,24508,3329449980,-1635,7190
6003,3823,1,24509,3330308973,-2087,-2122
6003,3823,2,24510,3331167966,-6257,-259
6003,3823,3,24511,3332026959,-411,5965
6003,3824,0,24512,3332885952,-3696,-5384
6003,3824,1,24513,3333744945,-6253,568
6003,3824,2,24514,3334603938,-440,823
6003,3824,3,24515,3335462931,2677,-11584
6003,3825,0,24516,3336321924,5054,-2379
6003,3825,1,24517,3337180917,4129,3821
6003,3825,2,24518,3338039910,4549,1300
6003,3825,3,24519,3338898903,356,26
6003,3826,0,24520,3339757896,-4404,-3075
6003,3826,1,24521,3340616889,4049,2217
6003,3826,2,24522,3341475882,2592,5501
6003,3826,3,24523,3342334875,-1632,2288
6003,3827,0,24524,3343193868,5424,534
6003,3827,1,24525,3344052861,627,1522
6003,3827,2,24526,3344911854,-1710,5088
6003,3827,3,24527,3345770847,3119,3051
6003,3828,0,24528,3346629840,-6163,476
6003,3828,1,24529,3347488833,-7011,-1430
6003,3828,2,24530,3348347826,5665,-3479
6003,3828,3,24531,3349206819,4730,3143
6003,3829,0,24532,3350065812,-634,5287
6003,3829,1,24533,3350924805,391,2311
6003,3829,2,24534,3351783798,-2294,519
6003,3829,3,24535,3352642791,-1703,-3506
6003,3830,0,24536,3353501784,3007,2241
6003,3830,1,24537,3354360777,2024,5921
6003,3830,2,24538,3355219770,94,25
6003,3830,3,24539,3356078763,-2117,-54
6003,3831,0,24540,3356937756,-892,-1303
6003,3831,1,24541,3357796749,2280,-657
6003,3831,2,24542,3358655742,-4357,211
6003,3831,3,24543,3359514735,-7015,-5468
6003,3832,0,24544,3360373728,-2320,2582
6003,3832,1,24545,3361232721,-2361,9673
6003,3832,2,24546,3362091714,-1440,-1205
6003,3832,3,24547,3362950707,-3580,-4568
6003,3833,0,24548,3363809700,-5652,424
6003,3833,1,24549,3364668693,1122,3413
6003,3833,2,24550,3365527686,2335,5685
6003,3833,3,24551,3366386679,-2761,2543
6003,3834,0,24552,3367245672,-3029,-318
6003,3834,1,24553,3368104665,-1742,-1049
6003,3834,2,24554,3368963658,-2505,-242
6003,3834,3,24555,3369822651,-651,6641
6003,3835,0,24556,3370681644,3022,4741
6003,3835,1,24557,3371540637,-77,-3799
6003,3835,2,24558,3372399630,-4167,2484
6003,3835,3,24559,3373258623,-2826,6902
6003,3836,0,24560,3374117616,-922,-3840
6003,3836,1,24561,3374976609,1221,-6670
6003,3836,2,24562,3375835602,2478,1141
6003,3836,3,24563,3376694595,4597,4791
6003,3837,0,24564,3377553588,1485,4077
6003,3837,1,24565,3378412581,-9600,503
6003,3837,2,24566,3379271574,-9569,-1070
6003,3837,3,24567,3380130567,-4246,3788
6003,3838,0,24568,3380989560,-1508,6218
6003,3838,1,24569,3381848553,5695,2854
6003,3838,2,24570,3382707546,1443,-1939
6003,3838,3,24571,3383566539,-6123,-4033
6003,3839,0,24572,3384425532,-2380,928
6003,3839,1,24573,3385284525,-2048,4320
6003,3839,2,24574,3386143518,-1032,2267
6003,3839,3,24575,3387002511,2543,2657
6003,3840,0,24576,3387861504,979,1007
6003,3840,1,24577,3388720497,-1184,-88
6003,3840,2,24578,3389579490,-1721,3874
6003,3840,3,24579,3390438483,2131,1759
6003,3841,0,24580,3391297476,1886,-2649
6003,3841,1,24581,3392156469,-3961,-1384
6003,3841,2,24582,3393015462,-1980,881
6003,3841,3,24583,3393874455,119,17
6003,3842,0,24584,3394733448,-1091,-3392
6003,3842,1,24585,3395592441,-1518,-1588
6003,3842,2,24586,3396451434,-4409,344
6003,3842,3,24587,3397310427,-3376,-216
6003,3843,0,24588,3398169420,-117,6132
6003,3843,1,24589,3399028413,1732,3889
6003,3843,2,24590,3399887406,2000,-5839
6003,3843,3,24591,3400746399,-4146,-3644
6003,3844,0,24592,3401605392,-6551,487
6003,3844,1,24593,3402464385,-3653,6050
6003,3844,2,24594,3403323378,-4825,10421
6003,3844,3,24595,3404182371,-3930,842
6003,3845,0,24596,3405041364,-1932,-6536
6003,3845,1,24597,3405900357,-1367,-4308
6003,3845,2,24598,3406759350,4402,371
6003,3845,3,24599,3407618343,5953,3462
6003,3846,0,24600,3408477336,-4271,-13
6003,3846,1,24601,3409336329,-7278,632
6003,3846,2,24602,3410195322,1795,3493
6003,3846,3,24603,3411054315,593,-2839
6003,3847,0,24604,3411913308,-6357,-4692
6003,3847,1,24605,3412772301,-2928,1119
6003,3847,2,24606,3413631294,282,2357
6003,3847,3,24607,3414490287,-674,2292
6003,3848,0,24608,3415349280,-2564,2619
6003,3848,1,24609,3416208273,-4314,-2814
6003,3848,2,24610,3417067266,-2579,-4810
6003,3848,3,24611,3417926259,-3221,2442
6003,3849,0,24612,3418785252,-191,5922
6003,3849,1,24613,3419644245,3131,3389
6003,3849,2,24614,3420503238,-6963,-1214
6003,3849,3,24615,3421362231,-7365,-1928
6003,3850,0,24616,3422221224,1474,6743
6003,3850,1,24617,3423080217,-1497,6992
6003,3850,2,24618,3423939210,-175,-990
6003,3850,3,24619,3424798203,2109,94
6003,3851,0,24620,3425657196,-1236,2171
6003,3851,1,24621,3426516189,339,893
6003,3851,2,24622,3427375182,-2804,-2863
6003,3851,3,24623,3428234175,-2963,-5373
6003,3852,0,24624,3429093168,2520,1033
6003,3852,1,24625,3429952161,-400,3320
6003,3852,2,24626,3430811154,-1741,-852
6003,3852,3,24627,3431670147,-3688,-1543
6003,3853,0,24628,3432529140,-3671,-4227
6003,3853,1,24629,3433388133,5104,-5605
6003,3853,2,24630,3434247126,1443,3313
6003,3853,3,24631,3435106119,-4559,7918
6003,3854,0,24632,3435965112,-930,-1675
6003,3854,1,24633,3436824105,-4056,-3230
6003,3854,2,24634,3437683098,-3625,406
6003,3854,3,24635,3438542091,2242,-4906
6003,3855,0,24636,3439401084,-795,-1439
6003,3855,1,24637,3440260077,-4170,-1709
6003,3855,2,24638,3441119070,-1256,-7180
6003,3855,3,24639,3441978063,839,2810
6003,3856,0,24640,3442837056,-26,3097
6003,3856,1,24641,3443696049,1031,-4172
6003,3856,2,24642,3444555042,-483,-4818
6003,3856,3,24643,3445414035,741,-5335
6003,3857,0,24644,3446273028,10909,1781
6003,3857,1,24645,3447132021,4781,1475
6003,3857,2,24646,3447991014,-5414,1862
6003,3857,3,24647,3448850007,2105,8069
6003,3858,0,24648,3449709000,-1865,-905
6003,3858,1,24649,3450567993,-5880,1801
6003,3858,2,24650,3451426986,1600,6252
6003,3858,3,24651,3452285979,-4690,-2345
6003,3859,0,24652,3453144972,-5116,2133
6003,3859,1,24653,3454003965,2698,-248
6003,3859,2,24654,3454862958,-226,-2459
6003,3859,3,24655,3455721951,-1261,4358
6003,3860,0,24656,3456580944,-3445,-3250
6003,3860,1,24657,3457439937,-7101,-2919
6003,3860,2,24658,3458298930,-2826,3680
6003,3860,3,24659,3459157923,908,198
6003,3861,0,24660,3460016916,-755,-1156
6003,3861,1,24661,3460875909,-680,-138
6003,3861,2,24662,3461734902,6680,2025
6003,3861,3,24663,3462593895,6967,-828
6003,3862,0,24664,3463452888,540,-1385
6003,3862,1,24665,3464311881,1856,3196
6003,3862,2,24666,3465170874,493,-1068
6003,3862,3,24667,3466029867,2448,1218
6003,3863,0,24668,3466888860,6597,5936
6003,3863,1,24669,3467747853,1468,469
6003,3863,2,24670,3468606846,5170,-49
6003,3863,3,24671,3469465839,4705,-462
6003,3864,0,24672,3470324832,-2707,-4296
6003,3864,1,24673,3471183825,2872,-3060
6003,3864,2,24674,3472042818,915,2537
6003,3864,3,24675,3472901811,-1058,4653
6003,3865,0,24676,3473760804,2533,-1722
6003,3865,1,24677,3474619797,-8224,-5864
6003,3865,2,24678,3475478790,-9430,-4419
6003,3865,3,24679,3476337783,39,1084
6003,3866,0,24680,3477196776,-728,5958
6003,3866,1,24681,3478055769,-500,445
6003,3866,2,24682,3478914762,2553,-2242
6003,3866,3,24683,3479773755,2024,2873
6003,3867,0,24684,3480632748,1294,3239
6003,3867,1,24685,3481491741,2173,-2835
6003,3867,2,24686,3482350734,-715,-7522
6003,3867,3,24687,3483209727,-2645,-2287
6003,3868,0,24688,3484068720,443,1217
6003,3868,1,24689,3484927713,-3538,-2407
6003,3868,2,24690,3485786706,-3576,-1219
6003,3868,3,24691,3486645699,1080,1716
6003,3869,0,24692,3487504692,-2340,1089
6003,3869,1,24693,3488363685,1672,-3009
6003,3869,2,24694,3489222678,2282,-3613
6003,3869,3,24695,3490081671,-5086,95
6003,3870,0,24696,3490940664,-2862,304
6003,3870,1,24697,3491799657,-3048,2994
6003,3870,2,24698,3492658650,-2015,1503
6003,3870,3,24699,3493517643,858,-4224
6003,3871,0,24700,3494376636,-5476,683
6003,3871,1,24701,3495235629,-6833,1131
6003,3871,2,24702,3496094622,-357,-4649
6003,3871,3,24703,3496953615,3652,-695
6003,3872,0,24704,3497812608,-390,1595
6003,3872,1,24705,3498671601,84,-2072
6003,3872,2,24706,3499530594,6315,-453
6003,3872,3,24707,3500389587,574,-417
6003,3873,0,24708,3501248580,143,-4405
6003,3873,1,24709,3502107573,1157,-1187
6003,3873,2,24710,3502966566,-6315,-1515
6003,3873,3,24711,3503825559,-619,-3020
6003,3874,0,24712,3504684552,-280,3282
6003,3874,1,24713,3505543545,-6417,-4948
6003,3874,2,24714,3506402538,-161,-8727
6003,3874,3,24715,3507261531,3694,5165
6003,3875,0,24716,3508120524,1628,4013
6003,3875,1,24717,3508979517,-3657,1504
6003,3875,2,24718,3509838510,-2183,3731
6003,3875,3,24719,3510697503,2314,-2143
6003,3876,0,24720,3511556496,1508,-3856
6003,3876,1,24721,3512415489,6893,-4316
6003,3876,2,24722,3513274482,2051,349
6003,3876,3,24723,3514133475,-2327,3815
6003,3877,0,24724,3514992468,2830,-934
6003,3877,1,24725,3515851461,-4824,1537
6003,3877,2,24726,3516710454,-215,-1857
6003,3877,3,24727,3517569447,6056,-5164
6003,3878,0,24728,3518428440,-2160,705
6003,3878,1,24729,3519287433,-1057,-1175
6003,3878,2,24730,3520146426,-4448,836
6003,3878,3,24731,3521005419,-2285,572
6003,3879,0,24732,3521864412,4437,-4712
6003,3879,1,24733,3522723405,-3841,-218
6003,3879,2,24734,3523582398,-4198,-1186
6003,3879,3,24735,3524441391,-2814,1606
6003,3880,0,24736,3525300384,-3196,7932
6003,3880,1,24737,3526159377,165,278
6003,3880,2,24738,3527018370,1124,2824
6003,3880,3,24739,3527877363,7641,9200
6003,3881,0,24740,3528736356,2719,-885
6003,3881,1,24741,3529595349,-3181,-6496
6003,3881,2,24742,3530454342,5178,-3046
6003,3881,3,24743,3531313335,4133,751
6003,3882,0,24744,3532172328,912,2264
6003,3882,1,24745,3533031321,-2341,-1509
6003,3882,2,24746,3533890314,-4241,-445
6003,3882,3,24747,3534749307,445,1832
6003,3883,0,24748,3535608300,-2781,-3044
6003,3883,1,24749,3536467293,-989,292
6003,3883,2,24750,3537326286,2815,2609
6003,3883,3,24751,3538185279,332,-5141
6003,3884,0,24752,3539044272,1367,-114
6003,3884,1,24753,3539903265,-2695,4560
6003,3884,2,24754,3540762258,-1195,-89
6003,3884,3,24755,3541621251,2701,3283
6003,3885,0,24756,3542480244,-3814,862
6003,3885,1,24757,3543339237,-4507,-889
6003,3885,2,24758,3544198230,-5031,5261
6003,3885,3,24759,3545057223,-5420,-536
6003,3886,0,24760,3545916216,2654,-3555
6003,3886,1,24761,3546775209,5519,838
6003,3886,2,24762,3547634202,556,2000
6003,3886,3,24763,3548493195,-2822,3909
6003,3887,0,24764,3549352188,1540,-313
6003,3887,1,24765,3550211181,2186,-777
6003,3887,2,24766,3551070174,-4050,2687
6003,3887,3,24767,3551929167,-1699,-4676
6003,3888,0,24768,3552788160,1443,-5182
6003,3888,1,24769,3553647153,-490,2494
6003,3888,2,24770,3554506146,-2280,3116
6003,3888,3,24771,3555365139,-5217,1047
6003,3889,0,24772,3556224132,-1499,1337
6003,3889,1,24773,3557083125,6767,3763
6003,3889,2,24774,3557942118,4838,1015
6003,3889,3,24775,3558801111,-3154,-1732
6003,3890,0,24776,3559660104,-806,2251
6003,3890,1,24777,3560519097,5254,310
6003,3890,2,24778,3561378090,3021,-1756
6003,3890,3,24779,3562237083,1982,1191
6003,3891,0,24780,3563096076,1304,-1251
6003,3891,1,24781,3563955069,-562,-1544
6003,3891,2,24782,3564814062,1080,2154
6003,3891,3,24783,3565673055,-486,1638
6003,3892,0,24784,3566532048,-7,135
6003,3892,1,24785,3567391041,1631,1574
6003,3892,2,24786,3568250034,-786,1850
6003,3892,3,24787,3569109027,1130,-2960
6003,3893,0,24788,3569968020,-130,-3721
6003,3893,1,24789,3570827013,-4922,-1454
6003,3893,2,24790,3571686006,-1741,-3506
6003,3893,3,24791,3572544999,3301,-40
6003,3894,0,24792,3573403992,1422,1933
6003,3894,1,24793,3574262985,-4142,-1133
6003,3894,2,24794,3575121978,-833,2118
6003,3894,3,24795,3575980971,1759,347
6003,3895,0,24796,3576839964,-7499,-1928
6003,3895,1,24797,3577698957,-5778,1809
6003,3895,2,24798,3578557950,-451,-2104
6003,3895,3,24799,3579416943,-6673,-4223
6003,3896,0,24800,3580275936,983,-702
6003,3896,1,24801,3581134929,10021,4827
6003,3896,2,24802,3581993922,1811,9424
6003,3896,3,24803,3582852915,854,-577
6003,3897,0,24804,3583711908,212,-7693
6003,3897,1,24805,3584570901,-5192,-3268
6003,3897,2,24806,3585429894,2788,-423
6003,3897,3,24807,3586288887,4757,6431
6003,3898,0,24808,3587147880,-4303,3394
6003,3898,1,24809,3588006873,-3595,-5247
6003,3898,2,24810,3588865866,1212,3564
6003,3898,3,24811,3589724859,-808,6019
6003,3899,0,24812,3590583852,-4173,-3224
6003,3899,1,24813,3591442845,2019,-3802
6003,3899,2,24814,3592301838,2444,-2068
6003,3899,3,24815,3593160831,-6246,-772
6003,3900,0,24816,3594019824,1877,2534
6003,3900,1,24817,3594878817,4727,2462
6003,3900,2,24818,3595737810,-3751,-1254
6003,3900,3,24819,3596596803,2517,-1578
6003,3901,0,24820,3597455796,-35,3080
6003,3901,1,24821,3598314789,-8072,5430
6003,3901,2,24822,3599173782,-3848,4804
6003,3901,3,24823,3600032775,-4189,-324
6003,3902,0,24824,3600891768,-3660,-4580
6003,3902,1,24825,3601750761,-3661,1583
6003,3902,2,24826,3602609754,-8690,1281
6003,3902,3,24827,3603468747,-5756,-2924
6003,3903,0,24828,3604327740,-815,5698
6003,3903,1,24829,3605186733,-339,3659
6003,3903,2,24830,3606045726,1206,-5383
6003,3903,3,24831,3606904719,2663,2985
6003,3904,0,24832,3607763712,-1808,6535
6003,3904,1,24833,3608622705,-136,1335
6003,3904,2,24834,3609481698,6687,2839
6003,3904,3,24835,3610340691,-855,399
6003,3905,0,24836,3611199684,-3205,-417
6003,3905,1,24837,3612058677,992,1919
6003,3905,2,24838,3612917670,-2147,-3861
6003,3905,3,24839,3613776663,4816,-3665
6003,3906,0,24840,3614635656,7036,169
6003,3906,1,24841,3615494649,1726,-647
6003,3906,2,24842,3616353642,1171,4246
6003,3906,3,24843,3617212635,-3616,4096
6003,3907,0,24844,3618071628,1052,504
6003,3907,1,24845,3618930621,2721,2116
6003,3907,2,24846,3619789614,-3368,-6598
6003,3907,3,24847,3620648607,3877,-10543
6003,3908,0,24848,3621507600,4151,-1872
6003,3908,1,24849,3622366593,-2092,-2375
6003,3908,2,24850,3623225586,-5435,912
6003,3908,3,24851,3624084579,-5466,6156
6003,3909,0,24852,3624943572,4484,-1282
6003,3909,1,24853,3625802565,-378,-322
6003,3909,2,24854,3626661558,-5576,2123
6003,3909,3,24855,3627520551,7082,-3403
6003,3910,0,24856,3628379544,5300,42
6003,3910,1,24857,3629238537,794,1052
6003,3910,2,24858,3630097530,5446,-3710
6003,3910,3,24859,3630956523,2108,-3622
6003,3911,0,24860,3631815516,-1841,-774
6003,3911,1,24861,3632674509,-2151,4285
6003,3911,2,24862,3633533502,-159,112
6003,3911,3,24863,3634392495,111,-6554
6003,3912,0,24864,3635251488,-2321,-2681
6003,3912,1,24865,3636110481,3351,-407
6003,3912,2,24866,3636969474,7415,908
6003,3912,3,24867,3637828467,1335,-3239
6003,3913,0,24868,3638687460,-2744,-6972
6003,3913,1,24869,3639546453,-335,4643
6003,3913,2,24870,3640405446,5021,3314
6003,3913,3,24871,3641264439,5690,-7219
6003,3914,0,24872,3642123432,449,-322
6003,3914,1,24873,3642982425,-786,4448
6003,3914,2,24874,3643841418,854,-1112
6003,3914,3,24875,3644700411,760,-5432
6003,3915,0,24876,3645559404,-2873,-2896
6003,3915,1,24877,3646418397,-8465,813
6003,3915,2,24878,3647277390,-3446,-122
6003,3915,3,24879,3648136383,2161,2172
6003,3916,0,24880,3648995376,-1386,1204
6003,3916,1,24881,3649854369,710,-545
6003,3916,2,24882,3650713362,-1274,2684
6003,3916,3,24883,3651572355,-3183,1011
6003,3917,0,24884,3652431348,6337,3250
6003,3917,1,24885,3653290341,2652,3946
6003,3917,2,24886,3654149334,-1480,-1335
6003,3917,3,24887,3655008327,4874,-1384
6003,3918,0,24888,3655867320,-764,-5116
6003,3918,1,24889,3656726313,-2761,-4734
6003,3918,2,24890,3657585306,3731,-2288
6003,3918,3,24891,3658444299,849,-7002
6003,3919,0,24892,3659303292,-4435,882
6003,3919,1,24893,3660162285,-700,8773
6003,3919,2,24894,3661021278,4137,4447
6003,3919,3,24895,3661880271,-4339,623
6003,3920,0,24896,3662739264,-4772,-5402
6003,3920,1,24897,3663598257,9745,-4638
6003,3920,2,24898,3664457250,6930,3847
6003,3920,3,24899,3665316243,-1265,3969
6003,3921,0,24900,3666175236,1101,-996
6003,3921,1,24901,3667034229,-1318,-4344
6003,3921,2,24902,3667893222,-1837,-5117
6003,3921,3,24903,3668752215,1661,146
6003,3922,0,24904,3669611208,-3740,6872
6003,3922,1,24905,3670470201,-6537,3117
6003,3922,2,24906,3671329194,1625,-3071
6003,3922,3,24907,3672188187,-507,416
6003,3923,0,24908,3673047180,-7028,2223
6003,3923,1,24909,3673906173,447,361
6003,3923,2,24910,3674765166,2691,572
6003,3923,3,24911,3675624159,2517,81
6003,3924,0,24912,3676483152,7299,95
6003,3924,1,24913,3677342145,858,-222
6003,3924,2,24914,3678201138,-2639,-2043
6003,3924,3,24915,3679060131,734,-3974
6003,3925,0,24916,3679919124,-197,-2101
6003,3925,1,24917,3680778117,2389,-366
6003,3925,2,24918,3681637110,2672,-2630
6003,3925,3,24919,3682496103,-2506,3010
6003,3926,0,24920,3683355096,-270,6033
6003,3926,1,24921,3684214089,5476,-922
6003,3926,2,24922,3685073082,2315,-572
6003,3926,3,24923,3685932075,3321,2660
6003,3927,0,24924,3686791068,10320,5035
6003,3927,1,24925,3687650061,2566,3010
6003,3927,2,24926,3688509054,-1490,-1828
6003,3927,3,24927,3689368047,3176,5500
6003,3928,0,24928,3690227040,-1507,6787
6003,3928,1,24929,3691086033,1164,428
6003,3928,2,24930,3691945026,4805,55
6003,3928,3,24931,3692804019,13,-2508
6003,3929,0,24932,3693663012,-1473,1040
6003,3929,1,24933,3694522005,-1178,-2382
6003,3929,2,24934,3695380998,5608,-11495
6003,3929,3,24935,3696239991,5026,322
6003,3930,0,24936,3697098984,-5626,4171
6003,3930,1,24937,3697957977,-4808,-1128
6003,3930,2,24938,3698816970,-2368,5646
6003,3930,3,24939,3699675963,-1503,3436
6003,3931,0,24940,3700534956,204,-733
6003,3931,1,24941,3701393949,-1755,95
6003,3931,2,24942,3702252942,-873,864
6003,3931,3,24943,3703111935,-1570,4859
6003,3932,0,24944,3703970928,-1753,-2556
6003,3932,1,24945,3704829921,2421,-2528
6003,3932,2,24946,3705688914,2682,7939
6003,3932,3,24947,3706547907,262,-3141
6003,3933,0,24948,3707406900,617,-5448
6003,3933,1,24949,3708265893,-259,6483
6003,3933,2,24950,3709124886,-3050,8
6003,3933,3,24951,3709983879,4661,-3688
6003,3934,0,24952,3710842872,7278,-206
6003,3934,1,24953,3711701865,-4391,-564
6003,3934,2,24954,3712560858,-3464,-1362
6003,3934,3,24955,3713419851,511,-5470
6003,3935,0,24956,3714278844,2622,2673
6003,3935,1,24957,3715137837,9528,7457
6003,3935,2,24958,3715996830,6384,-5602
6003,3935,3,24959,3716855823,3700,-3740
6003,3936,0,24960,3717714816,-604,363
6003,3936,1,24961,3718573809,-3470,-4132
6003,3936,2,24962,3719432802,2714,2375
6003,3936,3,24963,3720291795,-2328,2596
6003,3937,0,24964,3721150788,-1358,-1639
6003,3937,1,24965,3722009781,2558,1318
6003,3937,2,24966,3722868774,-1263,1022
6003,3937,3,24967,3723727767,6258,1276
6003,3938,0,24968,3724586760,1298,-3351
6003,3938,1,24969,3725445753,-6927,-8576
6003,3938,2,24970,3726304746,1193,914
6003,3938,3,24971,3727163739,5533,3500
6003,3939,0,24972,3728022732,6568,-5287
6003,3939,1,24973,3728881725,-2124,-5220
6003,3939,2,24974,3729740718,-4022,-5519
6003,3939,3,24975,3730599711,3050,-3904
6003,3940,0,24976,3731458704,-7710,6376
6003,3940,1,24977,3732317697,-6152,4696
6003,3940,2,24978,3733176690,4660,1385
6003,3940,3,24979,3734035683,2456,5664
6003,3941,0,24980,3734894676,1243,-477
6003,3941,1,24981,3735753669,-4286,53
6003,3941,2,24982,3736612662,-2500,8108
6003,3941,3,24983,3737471655,2942,1750
6003,3942,0,24984,3738330648,-3433,-4258
6003,3942,1,24985,3739189641,-3100,-2930
6003,3942,2,24986,3740048634,496,-557
6003,3942,3,24987,3740907627,2000,3640
6003,3943,0,24988,3741766620,164,5364
6003,3943,1,24989,3742625613,-5836,2219
6003,3943,2,24990,3743484606,-2472,-2621
6003,3943,3,24991,3744343599,-465,-4402
6003,3944,0,24992,3745202592,-3102,-5675
6003,3944,1,24993,3746061585,-3153,-339
6003,3944,2,24994,3746920578,-745,6707
6003,3944,3,24995,3747779571,6306,-144
6003,3945,0,24996,3748638564,1688,893
6003,3945,1,24997,3749497557,-2814,6312
6003,3945,2,24998,3750356550,6652,863
6003,3945,3,24999,3751215543,2877,2992
6003,3946,0,25000,3752074536,-5433,2846
6003,3946,1,25001,3752933529,-4000,1998
6003,3946,2,25002,3753792522,-2067,2280
6003,3946,3,25003,3754651515,3895,-7312
6003,3947,0,25004,3755510508,3589,-1898
6003,3947,1,25005,3756369501,-910,4966
6003,3947,2,25006,3757228494,991,1187
6003,3947,3,25007,3758087487,-703,6982
6003,3948,0,25008,3758946480,2031,6254
6003,3948,1,25009,3759805473,3937,1602
6003,3948,2,25010,3760664466,-4756,2059
6003,3948,3,25011,3761523459,-1319,-890
6003,3949,0,25012,3762382452,5158,455
6003,3949,1,25013,3763241445,-221,5404
6003,3949,2,25014,3764100438,-2547,6105
6003,3949,3,25015,3764959431,-3386,1447
6003,3950,0,25016,3765818424,-2334,537
6003,3950,1,25017,3766677417,1190,-864
6003,3950,2,25018,3767536410,-1113,-5595
6003,3950,3,25019,3768395403,-3261,880
6003,3951,0,25020,3769254396,-3074,1406
6003,3951,1,25021,3770113389,-2878,-2489
6003,3951,2,25022,3770972382,-4029,1811
6003,3951,3,25023,3771831375,-3785,-339
6003,3952,0,25024,3772690368,758,-156
6003,3952,1,25025,3773549361,1855,-3359
6003,3952,2,25026,3774408354,2284,-5348
6003,3952,3,25027,3775267347,1099,4513
6003,3953,0,25028,3776126340,-349,728
6003,3953,1,25029,3776985333,4247,-2001
6003,3953,2,25030,3777844326,1381,1427
6003,3953,3,25031,3778703319,278,-2545
6003,3954,0,25032,3779562312,2867,-2339
6003,3954,1,25033,3780421305,-494,-3137
6003,3954,2,25034,3781280298,4470,-410
6003,3954,3,25035,3782139291,-1973,-504
6003,3955,0,25036,3782998284,-11245,-4586
6003,3955,1,25037,3783857277,-321,-1191
6003,3955,2,25038,3784716270,-2664,-5579
6003,3955,3,25039,3785575263,-2856,-3636
6003,3956,0,25040,3786434256,9370,-1021
6003,3956,1,25041,3787293249,3796,-4360
6003,3956,2,25042,3788152242,-1215,6224
6003,3956,3,25043,3789011235,1143,696
6003,3957,0,25044,3789870228,298,-5961
6003,3957,1,25045,3790729221,-2619,4113
6003,3957,2,25046,3791588214,-1394,-328
6003,3957,3,25047,3792447207,7611,-750
6003,3958,0,25048,3793306200,2095,4150
6003,3958,1,25049,3794165193,-3847,-434
6003,3958,2,25050,3795024186,4929,-5297
6003,3958,3,25051,3795883179,1369,-2593
6003,3959,0,25052,3796742172,-4675,7025
6003,3959,1,25053,3797601165,-4550,4297
6003,3959,2,25054,3798460158,-5948,3238
6003,3959,3,25055,3799319151,-3491,2004
6003,3960,0,25056,3800178144,-3453,-7419
6003,3960,1,25057,3801037137,-3186,4363
6003,3960,2,25058,3801896130,-2105,6949
6003,3960,3,25059,3802755123,-2869,-2124
6003,3961,0,25060,3803614116,653,3835
6003,3961,1,25061,3804473109,-771,1058
6003,3961,2,25062,3805332102,-6672,-272
6003,3961,3,25063,3806191095,-2074,-537
6003,3962,0,25064,3807050088,5135,-1537
6003,3962,1,25065,3807909081,-2169,4670
6003,3962,2,25066,3808768074,-4974,-1200
6003,3962,3,25067,3809627067,6295,-862
6003,3963,0,25068,3810486060,3243,2264
6003,3963,1,25069,3811345053,1434,-1015
6003,3963,2,25070,3812204046,9540,1487
6003,3963,3,25071,3813063039,3889,-5805
6003,3964,0,25072,3813922032,5486,-4830
6003,3964,1,25073,3814781025,7614,1298
6003,3964,2,25074,3815640018,-1658,-751
6003,3964,3,25075,3816499011,5480,5353
6003,3965,0,25076,3817358004,10067,-53
6003,3965,1,25077,3818216997,1868,-3529
6003,3965,2,25078,3819075990,855,818
6003,3965,3,25079,3819934983,2000,-4987
6003,3966,0,25080,3820793976,1519,736
6003,3966,1,25081,3821652969,-3705,1478
6003,3966,2,25082,3822511962,-2528,-2244
6003,3966,3,25083,3823370955,7366,6075
6003,3967,0,25084,3824229948,1667,1543
6003,3967,1,25085,3825088941,-1252,-2595
6003,3967,2,25086,3825947934,7273,-1392
6003,3967,3,25087,3826806927,1431,-3732
6003,3968,0,25088,3827665920,-613,2991
6003,3968,1,25089,3828524913,3379,4458
6003,3968,2,25090,3829383906,-5587,2476
6003,3968,3,25091,3830242899,-3392,7782
6003,3969,0,25092,3831101892,4102,2842
6003,3969,1,25093,3831960885,-4222,-6902
6003,3969,2,25094,3832819878,-4515,-1727
6003,3969,3,25095,3833678871,3670,5620
6003,3970,0,25096,3834537864,1597,-106
6003,3970,1,25097,3835396857,-4268,-2228
6003,3970,2,25098,3836255850,-762,4031
6003,3970,3,25099,3837114843,8320,5986
6003,3971,0,25100,3837973836,3497,5855
6003,3971,1,25101,3838832829,-3246,3233
6003,3971,2,25102,3839691822,-635,-838
6003,3971,3,25103,3840550815,-3687,-2178
6003,3972,0,25104,3841409808,-1960,-3377
6003,3972,1,25105,3842268801,397,-3342
6003,3972,2,25106,3843127794,-1232,-1454
6003,3972,3,25107,3843986787,5571,3174
6003,3973,0,25108,3844845780,990,5623
6003,3973,1,25109,3845704773,-5168,960
6003,3973,2,25110,3846563766,811,194
6003,3973,3,25111,3847422759,-2428,4637
6003,3974,0,25112,3848281752,-5250,2645
6003,3974,1,25113,3849140745,-2782,-1961
6003,3974,2,25114,3849999738,-3277,-19
6003,3974,3,25115,3850858731,-4277,2166
6003,3975,0,25116,3851717724,-2817,272
6003,3975,1,25117,3852576717,5490,-241
6003,3975,2,25118,3853435710,6804,1794
6003,3975,3,25119,3854294703,4964,3325
6003,3976,0,25120,3855153696,7122,-2129
6003,3976,1,25121,3856012689,586,-6580
6003,3976,2,25122,3856871682,64,-3776
6003,3976,3,25123,3857730675,3428,-8331
6003,3977,0,25124,3858589668,990,-7783
6003,3977,1,25125,3859448661,3143,2719
6003,3977,2,25126,3860307654,2063,-1321
6003,3977,3,25127,3861166647,730,-5866
6003,3978,0,25128,3862025640,-279,795
6003,3978,1,25129,3862884633,-3085,1112
6003,3978,2,25130,3863743626,2233,-1501
6003,3978,3,25131,3864602619,3440,-856
6003,3979,0,25132,3865461612,-936,-3293
6003,3979,1,25133,3866320605,-4064,-3122
6003,3979,2,25134,3867179598,-3677,4609
6003,3979,3,25135,3868038591,3455,7234
6003,3980,0,25136,3868897584,-497,3848
6003,3980,1,25137,3869756577,-9104,-569
6003,3980,2,25138,3870615570,-2612,-6187
6003,3980,3,25139,3871474563,6946,-1912
6003,3981,0,25140,3872333556,5900,1285
6003,3981,1,25141,3873192549,-2375,-3144
6003,3981,2,25142,3874051542,-4352,-366
6003,3981,3,25143,3874910535,-2459,453
6003,3982,0,25144,3875769528,2061,1204
6003,3982,1,25145,3876628521,6256,3128
6003,3982,2,25146,3877487514,-4684,-132
6003,3982,3,25147,3878346507,-4062,1503
6003,3983,0,25148,3879205500,6618,-483
6003,3983,1,25149,3880064493,-932,164
6003,3983,2,25150,3880923486,-783,3892
6003,3983,3,25151,3881782479,1502,-3363
6003,3984,0,25152,3882641472,-2546,891
6003,3984,1,25153,3883500465,4922,6515
6003,3984,2,25154,3884359458,2944,609
6003,3984,3,25155,3885218451,-2960,557
6003,3985,0,25156,3886077444,-3085,-1664
6003,3985,1,25157,3886936437,-6189,-520
6003,3985,2,25158,3887795430,-883,731
6003,3985,3,25159,3888654423,-1716,-7042
6003,3986,0,25160,3889513416,-4331,-5404
6003,3986,1,25161,3890372409,5946,536
6003,3986,2,25162,3891231402,2190,3001
6003,3986,3,25163,3892090395,-7161,2852
6003,3987,0,25164,3892949388,-1375,2144
6003,3987,1,25165,3893808381,6305,4434
6003,3987,2,25166,3894667374,6159,24
6003,3987,3,25167,3895526367,428,-1482
6003,3988,0,25168,3896385360,536,-995
6003,3988,1,25169,3897244353,2548,-8360
6003,3988,2,25170,3898103346,-1056,-6079
6003,3988,3,25171,3898962339,-3284,-1175
6003,3989,0,25172,3899821332,-6097,-2087
6003,3989,1,25173,3900680325,-3831,2318
6003,3989,2,25174,3901539318,1885,3016
6003,3989,3,25175,3902398311,1696,-6081
6003,3990,0,25176,3903257304,3154,-10080
6003,3990,1,25177,3904116297,-2340,-1013
6003,3990,2,25178,3904975290,-8069,3402
6003,3990,3,25179,3905834283,-863,-2456
6003,3991,0,25180,3906693276,-3438,-4596
6003,3991,1,25181,3907552269,-5234,-3692
6003,3991,2,25182,3908411262,2708,-2428
6003,3991,3,25183,3909270255,-1075,-3977
6003,3992,0,25184,3910129248,475,-4940
6003,3992,1,25185,3910988241,5403,-1046
6003,3992,2,25186,3911847234,-1457,-730
6003,3992,3,25187,3912706227,-21,1524
6003,3993,0,25188,3913565220,978,3636
6003,3993,1,25189,3914424213,-4805,2376
6003,3993,2,25190,3915283206,-1162,3451
6003,3993,3,25191,3916142199,941,-2684
6003,3994,0,25192,3917001192,-1492,-5991
6003,3994,1,25193,3917860185,-2009,-2035
6003,3994,2,25194,3918719178,-4760,-3259
6003,3994,3,25195,3919578171,-1181,-3240
6003,3995,0,25196,3920437164,7358,-2496
6003,3995,1,25197,3921296157,3925,321
6003,3995,2,25198,3922155150,-1134,1742
6003,3995,3,25199,3923014143,6435,-1808
6003,3996,0,25200,3923873136,7016,4579
6003,3996,1,25201,3924732129,-1428,7796
6003,3996,2,25202,3925591122,605,41
6003,3996,3,25203,3926450115,3795,-2130
6003,3997,0,25204,3927309108,2554,-340
6003,3997,1,25205,3928168101,690,123
6003,3997,2,25206,3929027094,-4671,-2187
6003,3997,3,25207,3929886087,-1972,-2311
6003,3998,0,25208,3930745080,3574,-1433
6003,3998,1,25209,3931604073,-819,-4998
6003,3998,2,25210,3932463066,-4153,-7862
6003,3998,3,25211,3933322059,-4825,-10201
6003,3999,0,25212,3934181052,-4447,-2219
6003,3999,1,25213,3935040045,801,6361
6003,3999,2,25214,3935899038,3932,357
6003,3999,3,25215,3936758031,1205,3176
6003,4000,0,25216,3937617024,-1428,3759
6003,4000,1,25217,3938476017,1903,-6347
6003,4000,2,25218,3939335010,3273,-4589
6003,4000,3,25219,3940194003,-1863,-476
6003,4001,0,25220,3941052996,-710,8549
6003,4001,1,25221,3941911989,1186,11906
6003,4001,2,25222,3942770982,-1670,-2505
6003,4001,3,25223,3943629975,4329,-1198
6003,4002,0,25224,3944488968,7265,2419
6003,4002,1,25225,3945347961,868,-2956
6003,4002,2,25226,3946206954,4503,6686
6003,4002,3,25227,3947065947,7236,9105
6003,4003,0,25228,3947924940,2336,1288
6003,4003,1,25229,3948783933,4719,938
6003,4003,2,25230,3949642926,963,325
6003,4003,3,25231,3950501919,-5896,2388
6003,4004,0,25232,3951360912,387,783
6003,4004,1,25233,3952219905,-1125,-4236
6003,4004,2,25234,3953078898,-6026,-10
6003,4004,3,25235,3953937891,1064,-1545
6003,4005,0,25236,3954796884,-1398,-3544
6003,4005,1,25237,3955655877,-4244,5995
6003,4005,2,25238,3956514870,5333,3970
6003,4005,3,25239,3957373863,569,-3313
6003,4006,0,25240,3958232856,-7792,460
6003,4006,1,25241,3959091849,-207,-1026
6003,4006,2,25242,3959950842,1389,-1684
6003,4006,3,25243,3960809835,542,4369
6003,4007,0,25244,3961668828,4482,714
6003,4007,1,25245,3962527821,-200,-2355
6003,4007,2,25246,3963386814,1813,898
6003,4007,3,25247,3964245807,6213,-123
6003,4008,0,25248,3965104800,-121,257
6003,4008,1,25249,3965963793,3587,2249
6003,4008,2,25250,3966822786,5112,4033
6003,4008,3,25251,3967681779,-3172,5611
6003,4009,0,25252,3968540772,2352,2561
6003,4009,1,25253,3969399765,10019,766
6003,4009,2,25254,3970258758,3584,-1691
6003,4009,3,25255,3971117751,-6379,-6422
6003,4010,0,25256,3971976744,-191,-4898
6003,4010,1,25257,3972835737,8148,-1659
6003,4010,2,25258,3973694730,-4160,726
6003,4010,3,25259,3974553723,-3322,2013
6003,4011,0,25260,3975412716,5722,1600
6003,4011,1,25261,3976271709,-4468,6001
6003,4011,2,25262,3977130702,-2243,7110
6003,4011,3,25263,3977989695,3533,1802
6003,4012,0,25264,3978848688,-388,740
6003,4012,1,25265,3979707681,4706,14
6003,4012,2,25266,3980566674,3330,-1624
6003,4012,3,25267,3981425667,-1811,601
6003,4013,0,25268,3982284660,-658,1958
6003,4013,1,25269,3983143653,-485,3813
6003,4013,2,25270,3984002646,-2241,5938
6003,4013,3,25271,3984861639,-7903,-930
6003,4014,0,25272,3985720632,-4628,-4749
6003,4014,1,25273,3986579625,423,1843
6003,4014,2,25274,3987438618,-3139,566
6003,4014,3,25275,3988297611,1916,1012
6003,4015,0,25276,3989156604,3856,5797
6003,4015,1,25277,3990015597,-2171,-2683
6003,4015,2,25278,3990874590,-823,-3634
6003,4015,3,25279,3991733583,-75,-40
6003,4016,0,25280,3992592576,-4503,-5581
6003,4016,1,25281,3993451569,-5477,-1140
6003,4016,2,25282,3994310562,3229,1696
6003,4016,3,25283,3995169555,7766,772
6003,4017,0,25284,3996028548,396,-1478
6003,4017,1,25285,3996887541,-164,-12205
6003,4017,2,25286,3997746534,5181,-4730
6003,4017,3,25287,3998605527,5857,4061
6003,4018,0,25288,3999464520,1414,13
6003,4018,1,25289,4000323513,-4179,5765
6003,4018,2,25290,4001182506,-3347,2525
6003,4018,3,25291,4002041499,-1391,-1484
6003,4019,0,25292,4002900492,588,1240
6003,4019,1,25293,4003759485,1575,-3967
6003,4019,2,25294,4004618478,-2608,2086
6003,4019,3,25295,4005477471,-1597,4055
6003,4020,0,25296,4006336464,1624,-2587
6003,4020,1,25297,4007195457,1079,973
6003,4020,2,25298,4008054450,719,-2924
6003,4020,3,25299,4008913443,-1106,-5613
6003,4021,0,25300,4009772436,-2642,-494
6003,4021,1,25301,4010631429,-3097,-1763
6003,4021,2,25302,4011490422,947,-3304
6003,4021,3,25303,4012349415,8201,-1400
6003,4022,0,25304,4013208408,5897,198
6003,4022,1,25305,4014067401,-2547,-4509
6003,4022,2,25306,4014926394,-2186,-4401
6003,4022,3,25307,4015785387,4741,713
6003,4023,0,25308,4016644380,2792,-1350
6003,4023,1,25309,4017503373,20,5151
6003,4023,2,25310,4018362366,6066,6221
6003,4023,3,25311,4019221359,5275,-2185
6003,4024,0,25312,4020080352,637,2896
6003,4024,1,25313,4020939345,-1828,1765
6003,4024,2,25314,4021798338,-948,44
6003,4024,3,25315,4022657331,4726,5329
6003,4025,0,25316,4023516324,-1653,830
6003,4025,1,25317,4024375317,-1221,3143
6003,4025,2,25318,4025234310,11123,4130
6003,4025,3,25319,4026093303,2180,-4376
6003,4026,0,25320,4026952296,-3983,-2916
6003,4026,1,25321,4027811289,3150,-1018
6003,4026,2,25322,4028670282,1118,-1081
6003,4026,3,25323,4029529275,-345,3595
6003,4027,0,25324,4030388268,-3285,2619
6003,4027,1,25325,4031247261,-4414,-3158
6003,4027,2,25326,4032106254,1823,-1016
6003,4027,3,25327,4032965247,1008,5026
6003,4028,0,25328,4033824240,1309,902
6003,4028,1,25329,4034683233,3505,-2121
6003,4028,2,25330,4035542226,-559,1778
6003,4028,3,25331,4036401219,1428,-1898
6003,4029,0,25332,4037260212,4392,-5404
6003,4029,1,25333,4038119205,-1837,-1952
6003,4029,2,25334,4038978198,-6029,-1388
6003,4029,3,25335,4039837191,-6630,-1300
6003,4030,0,25336,4040696184,-6636,4940
6003,4030,1,25337,4041555177,-2712,6451
6003,4030,2,25338,4042414170,-3571,-3468
6003,4030,3,25339,4043273163,-3343,-4574
6003,4031,0,25340,4044132156,2155,4700
6003,4031,1,25341,4044991149,-4291,3153
6003,4031,2,25342,4045850142,-4689,-2657
6003,4031,3,25343,4046709135,7628,-1731
6003,4032,0,25344,4047568128,6151,-2591
6003,4032,1,25345,4048427121,-1450,-4914
6003,4032,2,25346,4049286114,-3463,78
6003,4032,3,25347,4050145107,2341,3701
6003,4033,0,25348,4051004100,4532,-2969
6003,4033,1,25349,4051863093,-5935,-6289
6003,4033,2,25350,4052722086,-2333,-618
6003,4033,3,25351,4053581079,1250,1840
6003,4034,0,25352,4054440072,-6259,-2202
6003,4034,1,25353,4055299065,2446,-1729
6003,4034,2,25354,4056158058,3935,2457
6003,4034,3,25355,4057017051,-4560,-1252
6003,4035,0,25356,4057876044,546,-317
6003,4035,1,25357,4058735037,3722,4576
6003,4035,2,25358,4059594030,1675,-2755
6003,4035,3,25359,4060453023,-413,-2901
6003,4036,0,25360,4061312016,157,6082
6003,4036,1,25361,4062171009,58,6287
6003,4036,2,25362,4063030002,-3489,2796
6003,4036,3,25363,4063888995,1758,-1695
6003,4037,0,25364,4064747988,1921,-1560
6003,4037,1,25365,4065606981,-2980,312
6003,4037,2,25366,4066465974,59,-4253
6003,4037,3,25367,4067324967,-3761,-1447
6003,4038,0,25368,4068183960,-2892,2948
6003,4038,1,25369,4069042953,4351,-4029
6003,4038,2,25370,4069901946,839,-4781
6003,4038,3,25371,4070760939,-445,2893
6003,4039,0,25372,4071619932,-589,1477
6003,4039,1,25373,4072478925,-3329,-1065
6003,4039,2,25374,4073337918,-72,124
6003,4039,3,25375,4074196911,2166,-4662
6003,4040,0,25376,4075055904,-404,-1600
6003,4040,1,25377,4075914897,-4240,5063
6003,4040,2,25378,4076773890,-3308,-338
6003,4040,3,25379,4077632883,1565,-1121
6003,4041,0,25380,4078491876,-1322,380
6003,4041,1,25381,4079350869,-4442,-2015
6003,4041,2,25382,4080209862,4283,-756
6003,4041,3,25383,4081068855,8433,-1649
6003,4042,0,25384,4081927848,2009,494
6003,4042,1,25385,4082786841,3445,1990
6003,4042,2,25386,4083645834,5259,-1828
6003,4042,3,25387,4084504827,-1056,291
6003,4043,0,25388,4085363820,-1163,3065
6003,4043,1,25389,4086222813,514,3512
6003,4043,2,25390,4087081806,738,1761
6003,4043,3,25391,4087940799,2473,682
6003,4044,0,25392,4088799792,-243,3961
6003,4044,1,25393,4089658785,-1163,82
6003,4044,2,25394,4090517778,78,-4290
6003,4044,3,25395,4091376771,-605,-4354
6003,4045,0,25396,4092235764,-1890,-5744
6003,4045,1,25397,4093094757,-1924,-1662
6003,4045,2,25398,4093953750,2378,442
6003,4045,3,25399,4094812743,-1515,457
6003,4046,0,25400,4095671736,-5822,4710
6003,4046,1,25401,4096530729,2306,2098
6003,4046,2,25402,4097389722,-379,-1821
6003,4046,3,25403,4098248715,-5925,2611
6003,4047,0,25404,4099107708,1091,1848
6003,4047,1,25405,4099966701,410,-4712
6003,4047,2,25406,4100825694,-5012,171
6003,4047,3,25407,4101684687,-3914,3712
6003,4048,0,25408,4102543680,-2918,-2378
6003,4048,1,25409,4103402673,-3165,634
6003,4048,2,25410,4104261666,-547,2696
6003,4048,3,25411,4105120659,1983,1337
6003,4049,0,25412,4105979652,-1877,3905
6003,4049,1,25413,4106838645,-5301,-1704
6003,4049,2,25414,4107697638,-2906,-3437
6003,4049,3,25415,4108556631,899,276
6003,4050,0,25416,4109415624,4544,834
6003,4050,1,25417,4110274617,4490,4583
6003,4050,2,25418,4111133610,1416,2047
6003,4050,3,25419,4111992603,1236,-2127
6003,4051,0,25420,4112851596,3919,3330
6003,4051,1,25421,4113710589,2007,9633
6003,4051,2,25422,4114569582,-3355,4930
6003,4051,3,25423,4115428575,-2865,-4241
6003,4052,0,25424,4116287568,-2442,-3556
6003,4052,1,25425,4117146561,-18,-5214
6003,4052,2,25426,4118005554,5659,-1699
6003,4052,3,25427,4118864547,383,6820
6003,4053,0,25428,4119723540,-3043,-1538
6003,4053,1,25429,4120582533,-1551,-1483
6003,4053,2,25430,4121441526,-6519,-201
6003,4053,3,25431,4122300519,-6010,-3216
6003,4054,0,25432,4123159512,-2937,8767
6003,4054,1,25433,4124018505,-487,713
6003,4054,2,25434,4124877498,1178,-4620
6003,4054,3,25435,4125736491,-4244,7856
6003,4055,0,25436,4126595484,-829,-1825
6003,4055,1,25437,4127454477,7348,-4644
6003,4055,2,25438,4128313470,3443,-2
6003,4055,3,25439,4129172463,-4636,-3874
6003,4056,0,25440,4130031456,-4961,-2586
6003,4056,1,25441,4130890449,4979,-5306
6003,4056,2,25442,4131749442,3788,1672
6003,4056,3,25443,4132608435,-6020,7398
6003,4057,0,25444,4133467428,2232,-1783
6003,4057,1,25445,4134326421,6871,-5081
6003,4057,2,25446,4135185414,-1531,-5855
6003,4057,3,25447,4136044407,1417,2736
6003,4058,0,25448,4136903400,6032,7380
6003,4058,1,25449,4137762393,1942,-299
6003,4058,2,25450,4138621386,402,5731
6003,4058,3,25451,4139480379,722,5995
6003,4059,0,25452,4140339372,20,-757
6003,4059,1,25453,4141198365,2261,-373
6003,4059,2,25454,4142057358,1992,-5522
6003,4059,3,25455,4142916351,-523,-5802
6003,4060,0,25456,4143775344,1360,-3731
6003,4060,1,25457,4144634337,691,-2573
6003,4060,2,25458,4145493330,2317,2242
6003,4060,3,25459,4146352323,6954,-1890
6003,4061,0,25460,4147211316,1144,-4978
6003,4061,1,25461,4148070309,-955,-2525
6003,4061,2,25462,4148929302,2420,-4252
6003,4061,3,25463,4149788295,-1373,-2313
6003,4062,0,25464,4150647288,-723,3143
6003,4062,1,25465,4151506281,-742,1270
6003,4062,2,25466,4152365274,-6441,-5111
6003,4062,3,25467,4153224267,-4910,-2301
6003,4063,0,25468,4154083260,-1922,2581
6003,4063,1,25469,4154942253,-650,-5261
6003,4063,2,25470,4155801246,3542,-10063
6003,4063,3,25471,4156660239,2042,-148
6003,4064,0,25472,4157519232,-4854,7306
6003,4064,1,25473,4158378225,-4830,5416
6003,4064,2,25474,4159237218,-2295,4000
6003,4064,3,25475,4160096211,-2823,2263
6003,4065,0,25476,4160955204,-299,271
6003,4065,1,25477,4161814197,-2771,-950
6003,4065,2,25478,4162673190,-7294,-6319
6003,4065,3,25479,4163532183,-3328,-6046
6003,4066,0,25480,4164391176,-4819,-1026
6003,4066,1,25481,4165250169,-5441,-797
6003,4066,2,25482,4166109162,2242,-1136
6003,4066,3,25483,4166968155,-1093,-3091
6003,4067,0,25484,4167827148,-5254,-3659
6003,4067,1,25485,4168686141,4055,-5267
6003,4067,2,25486,4169545134,8124,-4439
6003,4067,3,25487,4170404127,-374,2051
6003,4068,0,25488,4171263120,-3517,-4685
6003,4068,1,25489,4172122113,2234,-5031
6003,4068,2,25490,4172981106,703,3200
6003,4068,3,25491,4173840099,-3267,1258
6003,4069,0,25492,4174699092,372,10271
6003,4069,1,25493,4175558085,2446,4041
6003,4069,2,25494,4176417078,952,-9680
6003,4069,3,25495,4177276071,-1269,2168
6003,4070,0,25496,4178135064,-2255,-4491
6003,4070,1,25497,4178994057,-37,-7412
6003,4070,2,25498,4179853050,371,5792
6003,4070,3,25499,4180712043,-1770,-2337
6003,4071,0,25500,4181571036,-2136,1337
6003,4071,1,25501,4182430029,-1295,3962
6003,4071,2,25502,4183289022,-2594,-4562
6003,4071,3,25503,4184148015,80,4020
6003,4072,0,25504,4185007008,4451,2393
6003,4072,1,25505,4185866001,-447,412
6003,4072,2,25506,4186724994,164,4211
6003,4072,3,25507,4187583987,3760,-3050
6003,4073,0,25508,4188442980,-4445,886
6003,4073,1,25509,4189301973,-4867,2942
6003,4073,2,25510,4190160966,-1188,-73
6003,4073,3,25511,4191019959,-4870,6829
6003,4074,0,25512,4191878952,-4165,4875
6003,4074,1,25513,4192737945,-2461,151
6003,4074,2,25514,4193596938,398,1867
6003,4074,3,25515,4194455931,2056,2887
6003,4075,0,25516,4195314924,760,3124
6003,4075,1,25517,4196173917,3938,1581
6003,4075,2,25518,4197032910,228,268
6003,4075,3,25519,4197891903,-3283,-2658
6003,4076,0,25520,4198750896,3073,231
6003,4076,1,25521,4199609889,3501,8029
6003,4076,2,25522,4200468882,192,4245
6003,4076,3,25523,4201327875,-1953,3951
6003,4077,0,25524,4202186868,-125,9020
6003,4077,1,25525,4203045861,6601,864
6003,4077,2,25526,4203904854,3180,-3094
6003,4077,3,25527,4204763847,-4076,3312
6003,4078,0,25528,4205622840,-5042,5090
6003,4078,1,25529,4206481833,-7136,1751
6003,4078,2,25530,4207340826,-5368,-5798
6003,4078,3,25531,4208199819,-1382,-5985
6003,4079,0,25532,4209058812,-4423,1799
6003,4079,1,25533,4209917805,-1914,125
6003,4079,2,25534,4210776798,6813,383
6003,4079,3,25535,4211635791,2806,2925
6003,4080,0,25536,4212494784,-5596,-4185
6003,4080,1,25537,4213353777,-5316,-582
6003,4080,2,25538,4214212770,-1803,5163
6003,4080,3,25539,4215071763,3628,-1297
6003,4081,0,25540,4215930756,5316,876
6003,4081,1,25541,4216789749,3154,2701
6003,4081,2,25542,4217648742,1560,844
6003,4081,3,25543,4218507735,-829,7509
6003,4082,0,25544,4219366728,630,3449
6003,4082,1,25545,4220225721,-2427,-3856
6003,4082,2,25546,4221084714,-3401,2319
6003,4082,3,25547,4221943707,5060,285
6003,4083,0,25548,4222802700,-2883,-9394
6003,4083,1,25549,4223661693,-8147,-5541
6003,4083,2,25550,4224520686,4929,2858
6003,4083,3,25551,4225379679,4411,2772
6003,4084,0,25552,4226238672,-1033,413
6003,4084,1,25553,4227097665,687,-2018
6003,4084,2,25554,4227956658,2238,-969
6003,4084,3,25555,4228815651,3444,4469
6003,4085,0,25556,4229674644,157,3508
6003,4085,1,25557,4230533637,749,4043
6003,4085,2,25558,4231392630,871,5238
6003,4085,3,25559,4232251623,-2793,-1457
6003,4086,0,25560,4233110616,-1201,-327
6003,4086,1,25561,4233969609,-4035,-127
6003,4086,2,25562,4234828602,-2880,-2626
6003,4086,3,25563,4235687595,2805,3890
6003,4087,0,25564,4236546588,-469,-3252
6003,4087,1,25565,4237405581,9,-8928
6003,4087,2,25566,4238264574,284,2451
6003,4087,3,25567,4239123567,-440,2876
6003,4088,0,25568,4239982560,4668,1382
6003,4088,1,25569,4240841553,1395,4153
6003,4088,2,25570,4241700546,1057,1439
6003,4088,3,25571,4242559539,8432,924
6003,4089,0,25572,4243418532,1440,240
6003,4089,1,25573,4244277525,-8342,2167
6003,4089,2,25574,4245136518,-2739,4084
6003,4089,3,25575,4245995511,5379,3338
6003,4090,0,25576,4246854504,6274,5136
6003,4090,1,25577,4247713497,3865,-1098
6003,4090,2,25578,4248572490,849,-3968
6003,4090,3,25579,4249431483,1279,904
6003,4091,0,25580,4250290476,2192,-1169
6003,4091,1,25581,4251149469,1946,-412
6003,4091,2,25582,4252008462,5122,-582
6003,4091,3,25583,4252867455,1810,366
6003,4092,0,25584,4253726448,-1004,6731
6003,4092,1,25585,4254585441,3719,45
6003,4092,2,25586,4255444434,-2500,-3346
6003,4092,3,25587,4256303427,-3479,2197
6003,4093,0,25588,4257162420,6833,-2625
6003,4093,1,25589,4258021413,4688,-5332
6003,4093,2,25590,4258880406,4409,-679
6003,4093,3,25591,4259739399,9276,1370
6003,4094,0,25592,4260598392,5878,-2954
6003,4094,1,25593,4261457385,3034,-4444
6003,4094,2,25594,4262316378,1875,2462
6003,4094,3,25595,4263175371,474,-1140
6003,4095,0,25596,4264034364,-948,-6604
6003,4095,1,25597,4264893357,-1401,-430
6003,4095,2,25598,4265752350,393,63
6003,4095,3,25599,4266611343,-472,-800
