Copyright 1986-2021 Xilinx, Inc. All Rights Reserved.
----------------------------------------------------------------------------------------------------------------------------------------------------------------------------------------------------------------
| Tool Version      : Vivado v.2021.1 (win64) Build 3247384 Thu Jun 10 19:36:33 MDT 2021
| Date              : Fri Sep 18 22:09:17 2026
| Host              : ROG-Lunan running 64-bit major release  (build 9200)
| Command           : report_timing_summary -max_paths 10 -file sync_ota_top_timing_summary_routed.rpt -pb sync_ota_top_timing_summary_routed.pb -rpx sync_ota_top_timing_summary_routed.rpx -warn_on_violation
| Design            : sync_ota_top
| Device            : xcvu11p-flgb2104
| Speed File        : -2  PRODUCTION 1.27 02-28-2020
| Temperature Grade : E
----------------------------------------------------------------------------------------------------------------------------------------------------------------------------------------------------------------

Timing Summary Report

------------------------------------------------------------------------------------------------
| Timer Settings
| --------------
------------------------------------------------------------------------------------------------

  Enable Multi Corner Analysis               :  Yes
  Enable Pessimism Removal                   :  Yes
  Pessimism Removal Resolution               :  Nearest Common Node
  Enable Input Delay Default Clock           :  No
  Enable Preset / Clear Arcs                 :  No
  Disable Flight Delays                      :  No
  Ignore I/O Paths                           :  No
  Timing Early Launch at Borrowing Latches   :  No
  Borrow Time for Max Delay Exceptions       :  Yes
  Merge Timing Exceptions                    :  Yes

  Corner  Analyze    Analyze    
  Name    Max Paths  Min Paths  
  ------  ---------  ---------  
  Slow    Yes        Yes        
  Fast    Yes        Yes        


------------------------------------------------------------------------------------------------
| Report Methodology
| ------------------
------------------------------------------------------------------------------------------------

Rule       Severity          Description                                     Violations  
---------  ----------------  ----------------------------------------------  ----------  
TIMING-6   Critical Warning  No common primary clock between related clocks  1           
TIMING-7   Critical Warning  No common node between related clocks           1           
LUTAR-1    Warning           LUT drives async reset alert                    2           
SYNTH-6    Warning           Timing of a RAM block might be sub-optimal      17          
SYNTH-12   Warning           DSP input not registered                        3           
SYNTH-13   Warning           combinational multiplier                        4           
TIMING-18  Warning           Missing input or output delay                   1000        

Note: This report is based on the most recent report_methodology run and may not be up-to-date. Run report_methodology on the current design for the latest report.



check_timing report

Table of Contents
-----------------
1. checking no_clock (0)
2. checking constant_clock (0)
3. checking pulse_width_clock (0)
4. checking unconstrained_internal_endpoints (0)
5. checking no_input_delay (133)
6. checking no_output_delay (1536)
7. checking multiple_clock (0)
8. checking generated_clocks (0)
9. checking loops (0)
10. checking partial_input_delay (0)
11. checking partial_output_delay (0)
12. checking latch_loops (0)

1. checking no_clock (0)
------------------------
 There are 0 register/latch pins with no clock.


2. checking constant_clock (0)
------------------------------
 There are 0 register/latch pins with constant_clock.


3. checking pulse_width_clock (0)
---------------------------------
 There are 0 register/latch pins which need pulse_width check


4. checking unconstrained_internal_endpoints (0)
------------------------------------------------
 There are 0 pins that are not constrained for maximum delay.

 There are 0 pins that are not constrained for maximum delay due to constant clock.


5. checking no_input_delay (133)
--------------------------------
 There are 133 input ports with no input delay specified. (HIGH)

 There are 0 input ports with no input delay but user has a false path constraint.


6. checking no_output_delay (1536)
----------------------------------
 There are 1536 ports with no output delay specified. (HIGH)

 There are 0 ports with no output delay but user has a false path constraint

 There are 0 ports with no output delay but with a timing clock defined on it or propagating through it


7. checking multiple_clock (0)
------------------------------
 There are 0 register/latch pins with multiple clocks.


8. checking generated_clocks (0)
--------------------------------
 There are 0 generated clocks that are not connected to a clock source.


9. checking loops (0)
---------------------
 There are 0 combinational loops in the design.


10. checking partial_input_delay (0)
------------------------------------
 There are 0 input ports with partial input delay specified.


11. checking partial_output_delay (0)
-------------------------------------
 There are 0 ports with partial output delay specified.


12. checking latch_loops (0)
----------------------------
 There are 0 combinational latch loops in the design through latch input



------------------------------------------------------------------------------------------------
| Design Timing Summary
| ---------------------
------------------------------------------------------------------------------------------------

    WNS(ns)      TNS(ns)  TNS Failing Endpoints  TNS Total Endpoints      WHS(ns)      THS(ns)  THS Failing Endpoints  THS Total Endpoints     WPWS(ns)     TPWS(ns)  TPWS Failing Endpoints  TPWS Total Endpoints  
    -------      -------  ---------------------  -------------------      -------      -------  ---------------------  -------------------     --------     --------  ----------------------  --------------------  
     -0.199      -26.125                    381              1110821        0.019        0.000                      0              1110481        0.431        0.000                       0                269701  


Timing constraints are not met.


------------------------------------------------------------------------------------------------
| Clock Summary
| -------------
------------------------------------------------------------------------------------------------

Clock   Waveform(ns)         Period(ns)      Frequency(MHz)
-----   ------------         ----------      --------------
clk125  {0.000 4.000}        8.000           125.000         
clk150  {0.000 3.333}        6.667           149.992         
clk500  {0.000 1.000}        2.000           500.000         


------------------------------------------------------------------------------------------------
| Intra Clock Table
| -----------------
------------------------------------------------------------------------------------------------

Clock             WNS(ns)      TNS(ns)  TNS Failing Endpoints  TNS Total Endpoints      WHS(ns)      THS(ns)  THS Failing Endpoints  THS Total Endpoints     WPWS(ns)     TPWS(ns)  TPWS Failing Endpoints  TPWS Total Endpoints  
-----             -------      -------  ---------------------  -------------------      -------      -------  ---------------------  -------------------     --------     --------  ----------------------  --------------------  
clk125              0.153        0.000                      0               303751        0.019        0.000                      0               303751        3.458        0.000                       0                 93609  
clk150              0.009        0.000                      0               753761        0.022        0.000                      0               753761        2.633        0.000                       0                149054  
clk500             -0.199      -26.125                    381                52648        0.020        0.000                      0                52648        0.431        0.000                       0                 27038  


------------------------------------------------------------------------------------------------
| Inter Clock Table
| -----------------
------------------------------------------------------------------------------------------------

From Clock    To Clock          WNS(ns)      TNS(ns)  TNS Failing Endpoints  TNS Total Endpoints      WHS(ns)      THS(ns)  THS Failing Endpoints  THS Total Endpoints  
----------    --------          -------      -------  ---------------------  -------------------      -------      -------  ---------------------  -------------------  
clk150        clk125              5.297        0.000                      0                   83                                                                        
clk500        clk125              0.721        0.000                      0                   54        0.056        0.000                      0                   10  
clk125        clk150              6.775        0.000                      0                   83                                                                        
clk500        clk150              1.302        0.000                      0                   39                                                                        
clk125        clk500              6.782        0.000                      0                   65                                                                        
clk150        clk500              6.162        0.000                      0                   26                                                                        


------------------------------------------------------------------------------------------------
| Other Path Groups Table
| -----------------------
------------------------------------------------------------------------------------------------

Path Group         From Clock         To Clock               WNS(ns)      TNS(ns)  TNS Failing Endpoints  TNS Total Endpoints      WHS(ns)      THS(ns)  THS Failing Endpoints  THS Total Endpoints  
----------         ----------         --------               -------      -------  ---------------------  -------------------      -------      -------  ---------------------  -------------------  
**async_default**  clk125             clk125                   4.958        0.000                      0                   40        0.176        0.000                      0                   40  
**async_default**  clk150             clk150                   3.129        0.000                      0                  178        0.152        0.000                      0                  178  
**async_default**  clk500             clk500                   0.162        0.000                      0                   93        0.156        0.000                      0                   93  


------------------------------------------------------------------------------------------------
| Timing Details
| --------------
------------------------------------------------------------------------------------------------


---------------------------------------------------------------------------------------------------
From Clock:  clk125
  To Clock:  clk125

Setup :            0  Failing Endpoints,  Worst Slack        0.153ns,  Total Violation        0.000ns
Hold  :            0  Failing Endpoints,  Worst Slack        0.019ns,  Total Violation        0.000ns
PW    :            0  Failing Endpoints,  Worst Slack        3.458ns,  Total Violation        0.000ns
---------------------------------------------------------------------------------------------------


Max Delay Paths
--------------------------------------------------------------------------------------
Slack (MET) :             0.153ns  (required time - arrival time)
  Source:                 sfo/initial_estimator/service/fatal_latched_reg/C
                            (rising edge-triggered cell FDRE clocked by clk125  {rise@0.000ns fall@4.000ns period=8.000ns})
  Destination:            sfo/initial_estimator/service/frontend/capture/u_reader/u_output_fifo/xpm_fifo_base_inst/gen_sdpram.xpm_memory_base_inst/gen_rd_b.gen_doutb_pipe.doutb_pipe_reg[0][172]/CE
                            (rising edge-triggered cell FDRE clocked by clk125  {rise@0.000ns fall@4.000ns period=8.000ns})
  Path Group:             clk125
  Path Type:              Setup (Max at Slow Process Corner)
  Requirement:            8.000ns  (clk125 rise@8.000ns - clk125 rise@0.000ns)
  Data Path Delay:        7.742ns  (logic 1.669ns (21.558%)  route 6.073ns (78.442%))
  Logic Levels:           17  (CARRY8=1 LUT2=1 LUT3=4 LUT4=3 LUT5=2 LUT6=6)
  Clock Path Skew:        -0.010ns (DCD - SCD + CPR)
    Destination Clock Delay (DCD):    0.020ns = ( 8.020 - 8.000 ) 
    Source Clock Delay      (SCD):    0.030ns
    Clock Pessimism Removal (CPR):    0.000ns
  Clock Uncertainty:      0.035ns  ((TSJ^2 + TIJ^2)^1/2 + DJ) / 2 + PE
    Total System Jitter     (TSJ):    0.071ns
    Total Input Jitter      (TIJ):    0.000ns
    Discrete Jitter          (DJ):    0.000ns
    Phase Error              (PE):    0.000ns

    Location             Delay type                Incr(ns)  Path(ns)    Netlist Resource(s)
  -------------------------------------------------------------------    -------------------
                         (clock clk125 rise edge)     0.000     0.000 r  
                                                      0.000     0.000 r  clk125 (IN)
                         net (fo=95401, unset)        0.030     0.030    sfo/initial_estimator/service/clk
    SLICE_X81Y78         FDRE                                         r  sfo/initial_estimator/service/fatal_latched_reg/C
  -------------------------------------------------------------------    -------------------
    SLICE_X81Y78         FDRE (Prop_DFF_SLICEM_C_Q)
                                                      0.078     0.108 f  sfo/initial_estimator/service/fatal_latched_reg/Q
                         net (fo=18, routed)          0.564     0.672    sfo/initial_estimator/service/fatal_latched_reg_n_0
    SLICE_X97Y73         LUT3 (Prop_D5LUT_SLICEM_I1_O)
                                                      0.097     0.769 f  sfo/initial_estimator/service/frontend_i_1/O
                         net (fo=38, routed)          0.591     1.360    sfo/initial_estimator/service/frontend/capture/rst0_bufg_place
    SLICE_X105Y70        LUT5 (Prop_D5LUT_SLICEL_I2_O)
                                                      0.066     1.426 r  sfo/initial_estimator/service/frontend/capture/u_reader_i_1/O
                         net (fo=4, routed)           0.327     1.753    sfo/initial_estimator/service/frontend/capture/u_reader/context_valid
    SLICE_X109Y64        LUT6 (Prop_F6LUT_SLICEM_I3_O)
                                                      0.123     1.876 r  sfo/initial_estimator/service/frontend/capture/u_reader/bank_req_addr[0]_INST_0_i_5/O
                         net (fo=1, routed)           0.022     1.898    sfo/initial_estimator/service/frontend/capture/u_reader/bank_req_addr[0]_INST_0_i_5_n_0
    SLICE_X109Y64        CARRY8 (Prop_CARRY8_SLICEM_S[5]_CO[5])
                                                      0.105     2.003 f  sfo/initial_estimator/service/frontend/capture/u_reader/bank_req_addr[0]_INST_0_i_2/CO[5]
                         net (fo=4, routed)           0.323     2.326    sfo/initial_estimator/service/frontend/capture/u_reader/bank_req_addr[0]_INST_0_i_2_n_2
    SLICE_X105Y68        LUT6 (Prop_H6LUT_SLICEL_I5_O)
                                                      0.036     2.362 f  sfo/initial_estimator/service/frontend/capture/u_reader/s_ready_INST_0_i_5/O
                         net (fo=2, routed)           0.044     2.406    sfo/initial_estimator/service/frontend/capture/u_reader/busy_context_fault
    SLICE_X105Y68        LUT5 (Prop_G6LUT_SLICEL_I2_O)
                                                      0.050     2.456 r  sfo/initial_estimator/service/frontend/capture/u_reader/s_ready_INST_0_i_1/O
                         net (fo=5, routed)           0.397     2.853    sfo/initial_estimator/service/frontend/capture/u_reader/p_38_in
    SLICE_X100Y68        LUT3 (Prop_C6LUT_SLICEM_I1_O)
                                                      0.098     2.951 r  sfo/initial_estimator/service/frontend/capture/u_reader/m_valid_INST_0/O
                         net (fo=1, routed)           0.367     3.318    sfo/initial_estimator/service/frontend/capture/reader_valid
    SLICE_X105Y70        LUT3 (Prop_C6LUT_SLICEL_I2_O)
                                                      0.088     3.406 r  sfo/initial_estimator/service/frontend/capture/m_valid_INST_0/O
                         net (fo=4, routed)           0.604     4.010    sfo/initial_estimator/service/frontend/raw_valid
    SLICE_X91Y67         LUT6 (Prop_F6LUT_SLICEM_I1_O)
                                                      0.123     4.133 r  sfo/initial_estimator/service/frontend/correction_i_2/O
                         net (fo=3, routed)           0.145     4.278    sfo/initial_estimator/service/frontend/correction/s_valid
    SLICE_X91Y64         LUT6 (Prop_E6LUT_SLICEM_I2_O)
                                                      0.037     4.315 r  sfo/initial_estimator/service/frontend/correction/u_dds_i_2/O
                         net (fo=6, routed)           0.372     4.687    sfo/initial_estimator/service/frontend/correction/u_dds/s_valid
    SLICE_X79Y62         LUT4 (Prop_A5LUT_SLICEL_I0_O)
                                                      0.100     4.787 r  sfo/initial_estimator/service/frontend/correction/u_dds/s_ready_INST_0_i_2/O
                         net (fo=145, routed)         0.152     4.939    sfo/initial_estimator/service/frontend/correction/u_dds/s_ready_INST_0_i_2_n_0
    SLICE_X79Y61         LUT6 (Prop_A6LUT_SLICEL_I1_O)
                                                      0.149     5.088 r  sfo/initial_estimator/service/frontend/correction/u_dds/s_ready_INST_0/O
                         net (fo=3, routed)           0.322     5.410    sfo/initial_estimator/service/frontend/correction/dds_s_ready
    SLICE_X91Y64         LUT6 (Prop_F6LUT_SLICEM_I1_O)
                                                      0.098     5.508 r  sfo/initial_estimator/service/frontend/correction/s_ready_INST_0/O
                         net (fo=2, routed)           0.255     5.763    sfo/initial_estimator/service/frontend/cfo_ready
    SLICE_X93Y68         LUT4 (Prop_G6LUT_SLICEL_I1_O)
                                                      0.050     5.813 r  sfo/initial_estimator/service/frontend/capture_i_7/O
                         net (fo=1, routed)           0.262     6.075    sfo/initial_estimator/service/frontend/capture/m_ready
    SLICE_X100Y68        LUT2 (Prop_D5LUT_SLICEM_I0_O)
                                                      0.135     6.210 r  sfo/initial_estimator/service/frontend/capture/u_reader_i_3/O
                         net (fo=1, routed)           0.218     6.428    sfo/initial_estimator/service/frontend/capture/u_reader/m_ready
    SLICE_X100Y68        LUT4 (Prop_C5LUT_SLICEM_I0_O)
                                                      0.099     6.527 r  sfo/initial_estimator/service/frontend/capture/u_reader/u_output_fifo_i_130/O
                         net (fo=8, routed)           0.364     6.891    sfo/initial_estimator/service/frontend/capture/u_reader/u_output_fifo/xpm_fifo_base_inst/rd_en
    SLICE_X94Y66         LUT3 (Prop_C5LUT_SLICEM_I2_O)
                                                      0.137     7.028 r  sfo/initial_estimator/service/frontend/capture/u_reader/u_output_fifo/xpm_fifo_base_inst/gen_sdpram.xpm_memory_base_inst_i_3/O
                         net (fo=346, routed)         0.744     7.772    sfo/initial_estimator/service/frontend/capture/u_reader/u_output_fifo/xpm_fifo_base_inst/gen_sdpram.xpm_memory_base_inst/regceb
    SLICE_X84Y57         FDRE                                         r  sfo/initial_estimator/service/frontend/capture/u_reader/u_output_fifo/xpm_fifo_base_inst/gen_sdpram.xpm_memory_base_inst/gen_rd_b.gen_doutb_pipe.doutb_pipe_reg[0][172]/CE
  -------------------------------------------------------------------    -------------------

                         (clock clk125 rise edge)     8.000     8.000 r  
                                                      0.000     8.000 r  clk125 (IN)
                         net (fo=95401, unset)        0.020     8.020    sfo/initial_estimator/service/frontend/capture/u_reader/u_output_fifo/xpm_fifo_base_inst/gen_sdpram.xpm_memory_base_inst/clka
    SLICE_X84Y57         FDRE                                         r  sfo/initial_estimator/service/frontend/capture/u_reader/u_output_fifo/xpm_fifo_base_inst/gen_sdpram.xpm_memory_base_inst/gen_rd_b.gen_doutb_pipe.doutb_pipe_reg[0][172]/C
                         clock pessimism              0.000     8.020    
                         clock uncertainty           -0.035     7.985    
    SLICE_X84Y57         FDRE (Setup_EFF2_SLICEL_C_CE)
                                                     -0.060     7.925    sfo/initial_estimator/service/frontend/capture/u_reader/u_output_fifo/xpm_fifo_base_inst/gen_sdpram.xpm_memory_base_inst/gen_rd_b.gen_doutb_pipe.doutb_pipe_reg[0][172]
  -------------------------------------------------------------------
                         required time                          7.925    
                         arrival time                          -7.772    
  -------------------------------------------------------------------
                         slack                                  0.153    

Slack (MET) :             0.153ns  (required time - arrival time)
  Source:                 sfo/initial_estimator/service/fatal_latched_reg/C
                            (rising edge-triggered cell FDRE clocked by clk125  {rise@0.000ns fall@4.000ns period=8.000ns})
  Destination:            sfo/initial_estimator/service/frontend/capture/u_reader/u_output_fifo/xpm_fifo_base_inst/gen_sdpram.xpm_memory_base_inst/gen_rd_b.gen_doutb_pipe.doutb_pipe_reg[0][177]/CE
                            (rising edge-triggered cell FDRE clocked by clk125  {rise@0.000ns fall@4.000ns period=8.000ns})
  Path Group:             clk125
  Path Type:              Setup (Max at Slow Process Corner)
  Requirement:            8.000ns  (clk125 rise@8.000ns - clk125 rise@0.000ns)
  Data Path Delay:        7.742ns  (logic 1.669ns (21.558%)  route 6.073ns (78.442%))
  Logic Levels:           17  (CARRY8=1 LUT2=1 LUT3=4 LUT4=3 LUT5=2 LUT6=6)
  Clock Path Skew:        -0.010ns (DCD - SCD + CPR)
    Destination Clock Delay (DCD):    0.020ns = ( 8.020 - 8.000 ) 
    Source Clock Delay      (SCD):    0.030ns
    Clock Pessimism Removal (CPR):    0.000ns
  Clock Uncertainty:      0.035ns  ((TSJ^2 + TIJ^2)^1/2 + DJ) / 2 + PE
    Total System Jitter     (TSJ):    0.071ns
    Total Input Jitter      (TIJ):    0.000ns
    Discrete Jitter          (DJ):    0.000ns
    Phase Error              (PE):    0.000ns

    Location             Delay type                Incr(ns)  Path(ns)    Netlist Resource(s)
  -------------------------------------------------------------------    -------------------
                         (clock clk125 rise edge)     0.000     0.000 r  
                                                      0.000     0.000 r  clk125 (IN)
                         net (fo=95401, unset)        0.030     0.030    sfo/initial_estimator/service/clk
    SLICE_X81Y78         FDRE                                         r  sfo/initial_estimator/service/fatal_latched_reg/C
  -------------------------------------------------------------------    -------------------
    SLICE_X81Y78         FDRE (Prop_DFF_SLICEM_C_Q)
                                                      0.078     0.108 f  sfo/initial_estimator/service/fatal_latched_reg/Q
                         net (fo=18, routed)          0.564     0.672    sfo/initial_estimator/service/fatal_latched_reg_n_0
    SLICE_X97Y73         LUT3 (Prop_D5LUT_SLICEM_I1_O)
                                                      0.097     0.769 f  sfo/initial_estimator/service/frontend_i_1/O
                         net (fo=38, routed)          0.591     1.360    sfo/initial_estimator/service/frontend/capture/rst0_bufg_place
    SLICE_X105Y70        LUT5 (Prop_D5LUT_SLICEL_I2_O)
                                                      0.066     1.426 r  sfo/initial_estimator/service/frontend/capture/u_reader_i_1/O
                         net (fo=4, routed)           0.327     1.753    sfo/initial_estimator/service/frontend/capture/u_reader/context_valid
    SLICE_X109Y64        LUT6 (Prop_F6LUT_SLICEM_I3_O)
                                                      0.123     1.876 r  sfo/initial_estimator/service/frontend/capture/u_reader/bank_req_addr[0]_INST_0_i_5/O
                         net (fo=1, routed)           0.022     1.898    sfo/initial_estimator/service/frontend/capture/u_reader/bank_req_addr[0]_INST_0_i_5_n_0
    SLICE_X109Y64        CARRY8 (Prop_CARRY8_SLICEM_S[5]_CO[5])
                                                      0.105     2.003 f  sfo/initial_estimator/service/frontend/capture/u_reader/bank_req_addr[0]_INST_0_i_2/CO[5]
                         net (fo=4, routed)           0.323     2.326    sfo/initial_estimator/service/frontend/capture/u_reader/bank_req_addr[0]_INST_0_i_2_n_2
    SLICE_X105Y68        LUT6 (Prop_H6LUT_SLICEL_I5_O)
                                                      0.036     2.362 f  sfo/initial_estimator/service/frontend/capture/u_reader/s_ready_INST_0_i_5/O
                         net (fo=2, routed)           0.044     2.406    sfo/initial_estimator/service/frontend/capture/u_reader/busy_context_fault
    SLICE_X105Y68        LUT5 (Prop_G6LUT_SLICEL_I2_O)
                                                      0.050     2.456 r  sfo/initial_estimator/service/frontend/capture/u_reader/s_ready_INST_0_i_1/O
                         net (fo=5, routed)           0.397     2.853    sfo/initial_estimator/service/frontend/capture/u_reader/p_38_in
    SLICE_X100Y68        LUT3 (Prop_C6LUT_SLICEM_I1_O)
                                                      0.098     2.951 r  sfo/initial_estimator/service/frontend/capture/u_reader/m_valid_INST_0/O
                         net (fo=1, routed)           0.367     3.318    sfo/initial_estimator/service/frontend/capture/reader_valid
    SLICE_X105Y70        LUT3 (Prop_C6LUT_SLICEL_I2_O)
                                                      0.088     3.406 r  sfo/initial_estimator/service/frontend/capture/m_valid_INST_0/O
                         net (fo=4, routed)           0.604     4.010    sfo/initial_estimator/service/frontend/raw_valid
    SLICE_X91Y67         LUT6 (Prop_F6LUT_SLICEM_I1_O)
                                                      0.123     4.133 r  sfo/initial_estimator/service/frontend/correction_i_2/O
                         net (fo=3, routed)           0.145     4.278    sfo/initial_estimator/service/frontend/correction/s_valid
    SLICE_X91Y64         LUT6 (Prop_E6LUT_SLICEM_I2_O)
                                                      0.037     4.315 r  sfo/initial_estimator/service/frontend/correction/u_dds_i_2/O
                         net (fo=6, routed)           0.372     4.687    sfo/initial_estimator/service/frontend/correction/u_dds/s_valid
    SLICE_X79Y62         LUT4 (Prop_A5LUT_SLICEL_I0_O)
                                                      0.100     4.787 r  sfo/initial_estimator/service/frontend/correction/u_dds/s_ready_INST_0_i_2/O
                         net (fo=145, routed)         0.152     4.939    sfo/initial_estimator/service/frontend/correction/u_dds/s_ready_INST_0_i_2_n_0
    SLICE_X79Y61         LUT6 (Prop_A6LUT_SLICEL_I1_O)
                                                      0.149     5.088 r  sfo/initial_estimator/service/frontend/correction/u_dds/s_ready_INST_0/O
                         net (fo=3, routed)           0.322     5.410    sfo/initial_estimator/service/frontend/correction/dds_s_ready
    SLICE_X91Y64         LUT6 (Prop_F6LUT_SLICEM_I1_O)
                                                      0.098     5.508 r  sfo/initial_estimator/service/frontend/correction/s_ready_INST_0/O
                         net (fo=2, routed)           0.255     5.763    sfo/initial_estimator/service/frontend/cfo_ready
    SLICE_X93Y68         LUT4 (Prop_G6LUT_SLICEL_I1_O)
                                                      0.050     5.813 r  sfo/initial_estimator/service/frontend/capture_i_7/O
                         net (fo=1, routed)           0.262     6.075    sfo/initial_estimator/service/frontend/capture/m_ready
    SLICE_X100Y68        LUT2 (Prop_D5LUT_SLICEM_I0_O)
                                                      0.135     6.210 r  sfo/initial_estimator/service/frontend/capture/u_reader_i_3/O
                         net (fo=1, routed)           0.218     6.428    sfo/initial_estimator/service/frontend/capture/u_reader/m_ready
    SLICE_X100Y68        LUT4 (Prop_C5LUT_SLICEM_I0_O)
                                                      0.099     6.527 r  sfo/initial_estimator/service/frontend/capture/u_reader/u_output_fifo_i_130/O
                         net (fo=8, routed)           0.364     6.891    sfo/initial_estimator/service/frontend/capture/u_reader/u_output_fifo/xpm_fifo_base_inst/rd_en
    SLICE_X94Y66         LUT3 (Prop_C5LUT_SLICEM_I2_O)
                                                      0.137     7.028 r  sfo/initial_estimator/service/frontend/capture/u_reader/u_output_fifo/xpm_fifo_base_inst/gen_sdpram.xpm_memory_base_inst_i_3/O
                         net (fo=346, routed)         0.744     7.772    sfo/initial_estimator/service/frontend/capture/u_reader/u_output_fifo/xpm_fifo_base_inst/gen_sdpram.xpm_memory_base_inst/regceb
    SLICE_X83Y57         FDRE                                         r  sfo/initial_estimator/service/frontend/capture/u_reader/u_output_fifo/xpm_fifo_base_inst/gen_sdpram.xpm_memory_base_inst/gen_rd_b.gen_doutb_pipe.doutb_pipe_reg[0][177]/CE
  -------------------------------------------------------------------    -------------------

                         (clock clk125 rise edge)     8.000     8.000 r  
                                                      0.000     8.000 r  clk125 (IN)
                         net (fo=95401, unset)        0.020     8.020    sfo/initial_estimator/service/frontend/capture/u_reader/u_output_fifo/xpm_fifo_base_inst/gen_sdpram.xpm_memory_base_inst/clka
    SLICE_X83Y57         FDRE                                         r  sfo/initial_estimator/service/frontend/capture/u_reader/u_output_fifo/xpm_fifo_base_inst/gen_sdpram.xpm_memory_base_inst/gen_rd_b.gen_doutb_pipe.doutb_pipe_reg[0][177]/C
                         clock pessimism              0.000     8.020    
                         clock uncertainty           -0.035     7.985    
    SLICE_X83Y57         FDRE (Setup_EFF2_SLICEL_C_CE)
                                                     -0.060     7.925    sfo/initial_estimator/service/frontend/capture/u_reader/u_output_fifo/xpm_fifo_base_inst/gen_sdpram.xpm_memory_base_inst/gen_rd_b.gen_doutb_pipe.doutb_pipe_reg[0][177]
  -------------------------------------------------------------------
                         required time                          7.925    
                         arrival time                          -7.772    
  -------------------------------------------------------------------
                         slack                                  0.153    

Slack (MET) :             0.155ns  (required time - arrival time)
  Source:                 sfo/initial_estimator/service/fatal_latched_reg/C
                            (rising edge-triggered cell FDRE clocked by clk125  {rise@0.000ns fall@4.000ns period=8.000ns})
  Destination:            sfo/initial_estimator/service/frontend/capture/u_reader/u_output_fifo/xpm_fifo_base_inst/gen_sdpram.xpm_memory_base_inst/gen_rd_b.gen_doutb_pipe.doutb_pipe_reg[0][170]/CE
                            (rising edge-triggered cell FDRE clocked by clk125  {rise@0.000ns fall@4.000ns period=8.000ns})
  Path Group:             clk125
  Path Type:              Setup (Max at Slow Process Corner)
  Requirement:            8.000ns  (clk125 rise@8.000ns - clk125 rise@0.000ns)
  Data Path Delay:        7.740ns  (logic 1.669ns (21.563%)  route 6.071ns (78.437%))
  Logic Levels:           17  (CARRY8=1 LUT2=1 LUT3=4 LUT4=3 LUT5=2 LUT6=6)
  Clock Path Skew:        -0.010ns (DCD - SCD + CPR)
    Destination Clock Delay (DCD):    0.020ns = ( 8.020 - 8.000 ) 
    Source Clock Delay      (SCD):    0.030ns
    Clock Pessimism Removal (CPR):    0.000ns
  Clock Uncertainty:      0.035ns  ((TSJ^2 + TIJ^2)^1/2 + DJ) / 2 + PE
    Total System Jitter     (TSJ):    0.071ns
    Total Input Jitter      (TIJ):    0.000ns
    Discrete Jitter          (DJ):    0.000ns
    Phase Error              (PE):    0.000ns

    Location             Delay type                Incr(ns)  Path(ns)    Netlist Resource(s)
  -------------------------------------------------------------------    -------------------
                         (clock clk125 rise edge)     0.000     0.000 r  
                                                      0.000     0.000 r  clk125 (IN)
                         net (fo=95401, unset)        0.030     0.030    sfo/initial_estimator/service/clk
    SLICE_X81Y78         FDRE                                         r  sfo/initial_estimator/service/fatal_latched_reg/C
  -------------------------------------------------------------------    -------------------
    SLICE_X81Y78         FDRE (Prop_DFF_SLICEM_C_Q)
                                                      0.078     0.108 f  sfo/initial_estimator/service/fatal_latched_reg/Q
                         net (fo=18, routed)          0.564     0.672    sfo/initial_estimator/service/fatal_latched_reg_n_0
    SLICE_X97Y73         LUT3 (Prop_D5LUT_SLICEM_I1_O)
                                                      0.097     0.769 f  sfo/initial_estimator/service/frontend_i_1/O
                         net (fo=38, routed)          0.591     1.360    sfo/initial_estimator/service/frontend/capture/rst0_bufg_place
    SLICE_X105Y70        LUT5 (Prop_D5LUT_SLICEL_I2_O)
                                                      0.066     1.426 r  sfo/initial_estimator/service/frontend/capture/u_reader_i_1/O
                         net (fo=4, routed)           0.327     1.753    sfo/initial_estimator/service/frontend/capture/u_reader/context_valid
    SLICE_X109Y64        LUT6 (Prop_F6LUT_SLICEM_I3_O)
                                                      0.123     1.876 r  sfo/initial_estimator/service/frontend/capture/u_reader/bank_req_addr[0]_INST_0_i_5/O
                         net (fo=1, routed)           0.022     1.898    sfo/initial_estimator/service/frontend/capture/u_reader/bank_req_addr[0]_INST_0_i_5_n_0
    SLICE_X109Y64        CARRY8 (Prop_CARRY8_SLICEM_S[5]_CO[5])
                                                      0.105     2.003 f  sfo/initial_estimator/service/frontend/capture/u_reader/bank_req_addr[0]_INST_0_i_2/CO[5]
                         net (fo=4, routed)           0.323     2.326    sfo/initial_estimator/service/frontend/capture/u_reader/bank_req_addr[0]_INST_0_i_2_n_2
    SLICE_X105Y68        LUT6 (Prop_H6LUT_SLICEL_I5_O)
                                                      0.036     2.362 f  sfo/initial_estimator/service/frontend/capture/u_reader/s_ready_INST_0_i_5/O
                         net (fo=2, routed)           0.044     2.406    sfo/initial_estimator/service/frontend/capture/u_reader/busy_context_fault
    SLICE_X105Y68        LUT5 (Prop_G6LUT_SLICEL_I2_O)
                                                      0.050     2.456 r  sfo/initial_estimator/service/frontend/capture/u_reader/s_ready_INST_0_i_1/O
                         net (fo=5, routed)           0.397     2.853    sfo/initial_estimator/service/frontend/capture/u_reader/p_38_in
    SLICE_X100Y68        LUT3 (Prop_C6LUT_SLICEM_I1_O)
                                                      0.098     2.951 r  sfo/initial_estimator/service/frontend/capture/u_reader/m_valid_INST_0/O
                         net (fo=1, routed)           0.367     3.318    sfo/initial_estimator/service/frontend/capture/reader_valid
    SLICE_X105Y70        LUT3 (Prop_C6LUT_SLICEL_I2_O)
                                                      0.088     3.406 r  sfo/initial_estimator/service/frontend/capture/m_valid_INST_0/O
                         net (fo=4, routed)           0.604     4.010    sfo/initial_estimator/service/frontend/raw_valid
    SLICE_X91Y67         LUT6 (Prop_F6LUT_SLICEM_I1_O)
                                                      0.123     4.133 r  sfo/initial_estimator/service/frontend/correction_i_2/O
                         net (fo=3, routed)           0.145     4.278    sfo/initial_estimator/service/frontend/correction/s_valid
    SLICE_X91Y64         LUT6 (Prop_E6LUT_SLICEM_I2_O)
                                                      0.037     4.315 r  sfo/initial_estimator/service/frontend/correction/u_dds_i_2/O
                         net (fo=6, routed)           0.372     4.687    sfo/initial_estimator/service/frontend/correction/u_dds/s_valid
    SLICE_X79Y62         LUT4 (Prop_A5LUT_SLICEL_I0_O)
                                                      0.100     4.787 r  sfo/initial_estimator/service/frontend/correction/u_dds/s_ready_INST_0_i_2/O
                         net (fo=145, routed)         0.152     4.939    sfo/initial_estimator/service/frontend/correction/u_dds/s_ready_INST_0_i_2_n_0
    SLICE_X79Y61         LUT6 (Prop_A6LUT_SLICEL_I1_O)
                                                      0.149     5.088 r  sfo/initial_estimator/service/frontend/correction/u_dds/s_ready_INST_0/O
                         net (fo=3, routed)           0.322     5.410    sfo/initial_estimator/service/frontend/correction/dds_s_ready
    SLICE_X91Y64         LUT6 (Prop_F6LUT_SLICEM_I1_O)
                                                      0.098     5.508 r  sfo/initial_estimator/service/frontend/correction/s_ready_INST_0/O
                         net (fo=2, routed)           0.255     5.763    sfo/initial_estimator/service/frontend/cfo_ready
    SLICE_X93Y68         LUT4 (Prop_G6LUT_SLICEL_I1_O)
                                                      0.050     5.813 r  sfo/initial_estimator/service/frontend/capture_i_7/O
                         net (fo=1, routed)           0.262     6.075    sfo/initial_estimator/service/frontend/capture/m_ready
    SLICE_X100Y68        LUT2 (Prop_D5LUT_SLICEM_I0_O)
                                                      0.135     6.210 r  sfo/initial_estimator/service/frontend/capture/u_reader_i_3/O
                         net (fo=1, routed)           0.218     6.428    sfo/initial_estimator/service/frontend/capture/u_reader/m_ready
    SLICE_X100Y68        LUT4 (Prop_C5LUT_SLICEM_I0_O)
                                                      0.099     6.527 r  sfo/initial_estimator/service/frontend/capture/u_reader/u_output_fifo_i_130/O
                         net (fo=8, routed)           0.364     6.891    sfo/initial_estimator/service/frontend/capture/u_reader/u_output_fifo/xpm_fifo_base_inst/rd_en
    SLICE_X94Y66         LUT3 (Prop_C5LUT_SLICEM_I2_O)
                                                      0.137     7.028 r  sfo/initial_estimator/service/frontend/capture/u_reader/u_output_fifo/xpm_fifo_base_inst/gen_sdpram.xpm_memory_base_inst_i_3/O
                         net (fo=346, routed)         0.742     7.770    sfo/initial_estimator/service/frontend/capture/u_reader/u_output_fifo/xpm_fifo_base_inst/gen_sdpram.xpm_memory_base_inst/regceb
    SLICE_X83Y57         FDRE                                         r  sfo/initial_estimator/service/frontend/capture/u_reader/u_output_fifo/xpm_fifo_base_inst/gen_sdpram.xpm_memory_base_inst/gen_rd_b.gen_doutb_pipe.doutb_pipe_reg[0][170]/CE
  -------------------------------------------------------------------    -------------------

                         (clock clk125 rise edge)     8.000     8.000 r  
                                                      0.000     8.000 r  clk125 (IN)
                         net (fo=95401, unset)        0.020     8.020    sfo/initial_estimator/service/frontend/capture/u_reader/u_output_fifo/xpm_fifo_base_inst/gen_sdpram.xpm_memory_base_inst/clka
    SLICE_X83Y57         FDRE                                         r  sfo/initial_estimator/service/frontend/capture/u_reader/u_output_fifo/xpm_fifo_base_inst/gen_sdpram.xpm_memory_base_inst/gen_rd_b.gen_doutb_pipe.doutb_pipe_reg[0][170]/C
                         clock pessimism              0.000     8.020    
                         clock uncertainty           -0.035     7.985    
    SLICE_X83Y57         FDRE (Setup_EFF_SLICEL_C_CE)
                                                     -0.060     7.925    sfo/initial_estimator/service/frontend/capture/u_reader/u_output_fifo/xpm_fifo_base_inst/gen_sdpram.xpm_memory_base_inst/gen_rd_b.gen_doutb_pipe.doutb_pipe_reg[0][170]
  -------------------------------------------------------------------
                         required time                          7.925    
                         arrival time                          -7.770    
  -------------------------------------------------------------------
                         slack                                  0.155    

Slack (MET) :             0.155ns  (required time - arrival time)
  Source:                 sfo/initial_estimator/service/fatal_latched_reg/C
                            (rising edge-triggered cell FDRE clocked by clk125  {rise@0.000ns fall@4.000ns period=8.000ns})
  Destination:            sfo/initial_estimator/service/frontend/capture/u_reader/u_output_fifo/xpm_fifo_base_inst/gen_sdpram.xpm_memory_base_inst/gen_rd_b.gen_doutb_pipe.doutb_pipe_reg[0][171]/CE
                            (rising edge-triggered cell FDRE clocked by clk125  {rise@0.000ns fall@4.000ns period=8.000ns})
  Path Group:             clk125
  Path Type:              Setup (Max at Slow Process Corner)
  Requirement:            8.000ns  (clk125 rise@8.000ns - clk125 rise@0.000ns)
  Data Path Delay:        7.740ns  (logic 1.669ns (21.563%)  route 6.071ns (78.437%))
  Logic Levels:           17  (CARRY8=1 LUT2=1 LUT3=4 LUT4=3 LUT5=2 LUT6=6)
  Clock Path Skew:        -0.010ns (DCD - SCD + CPR)
    Destination Clock Delay (DCD):    0.020ns = ( 8.020 - 8.000 ) 
    Source Clock Delay      (SCD):    0.030ns
    Clock Pessimism Removal (CPR):    0.000ns
  Clock Uncertainty:      0.035ns  ((TSJ^2 + TIJ^2)^1/2 + DJ) / 2 + PE
    Total System Jitter     (TSJ):    0.071ns
    Total Input Jitter      (TIJ):    0.000ns
    Discrete Jitter          (DJ):    0.000ns
    Phase Error              (PE):    0.000ns

    Location             Delay type                Incr(ns)  Path(ns)    Netlist Resource(s)
  -------------------------------------------------------------------    -------------------
                         (clock clk125 rise edge)     0.000     0.000 r  
                                                      0.000     0.000 r  clk125 (IN)
                         net (fo=95401, unset)        0.030     0.030    sfo/initial_estimator/service/clk
    SLICE_X81Y78         FDRE                                         r  sfo/initial_estimator/service/fatal_latched_reg/C
  -------------------------------------------------------------------    -------------------
    SLICE_X81Y78         FDRE (Prop_DFF_SLICEM_C_Q)
                                                      0.078     0.108 f  sfo/initial_estimator/service/fatal_latched_reg/Q
                         net (fo=18, routed)          0.564     0.672    sfo/initial_estimator/service/fatal_latched_reg_n_0
    SLICE_X97Y73         LUT3 (Prop_D5LUT_SLICEM_I1_O)
                                                      0.097     0.769 f  sfo/initial_estimator/service/frontend_i_1/O
                         net (fo=38, routed)          0.591     1.360    sfo/initial_estimator/service/frontend/capture/rst0_bufg_place
    SLICE_X105Y70        LUT5 (Prop_D5LUT_SLICEL_I2_O)
                                                      0.066     1.426 r  sfo/initial_estimator/service/frontend/capture/u_reader_i_1/O
                         net (fo=4, routed)           0.327     1.753    sfo/initial_estimator/service/frontend/capture/u_reader/context_valid
    SLICE_X109Y64        LUT6 (Prop_F6LUT_SLICEM_I3_O)
                                                      0.123     1.876 r  sfo/initial_estimator/service/frontend/capture/u_reader/bank_req_addr[0]_INST_0_i_5/O
                         net (fo=1, routed)           0.022     1.898    sfo/initial_estimator/service/frontend/capture/u_reader/bank_req_addr[0]_INST_0_i_5_n_0
    SLICE_X109Y64        CARRY8 (Prop_CARRY8_SLICEM_S[5]_CO[5])
                                                      0.105     2.003 f  sfo/initial_estimator/service/frontend/capture/u_reader/bank_req_addr[0]_INST_0_i_2/CO[5]
                         net (fo=4, routed)           0.323     2.326    sfo/initial_estimator/service/frontend/capture/u_reader/bank_req_addr[0]_INST_0_i_2_n_2
    SLICE_X105Y68        LUT6 (Prop_H6LUT_SLICEL_I5_O)
                                                      0.036     2.362 f  sfo/initial_estimator/service/frontend/capture/u_reader/s_ready_INST_0_i_5/O
                         net (fo=2, routed)           0.044     2.406    sfo/initial_estimator/service/frontend/capture/u_reader/busy_context_fault
    SLICE_X105Y68        LUT5 (Prop_G6LUT_SLICEL_I2_O)
                                                      0.050     2.456 r  sfo/initial_estimator/service/frontend/capture/u_reader/s_ready_INST_0_i_1/O
                         net (fo=5, routed)           0.397     2.853    sfo/initial_estimator/service/frontend/capture/u_reader/p_38_in
    SLICE_X100Y68        LUT3 (Prop_C6LUT_SLICEM_I1_O)
                                                      0.098     2.951 r  sfo/initial_estimator/service/frontend/capture/u_reader/m_valid_INST_0/O
                         net (fo=1, routed)           0.367     3.318    sfo/initial_estimator/service/frontend/capture/reader_valid
    SLICE_X105Y70        LUT3 (Prop_C6LUT_SLICEL_I2_O)
                                                      0.088     3.406 r  sfo/initial_estimator/service/frontend/capture/m_valid_INST_0/O
                         net (fo=4, routed)           0.604     4.010    sfo/initial_estimator/service/frontend/raw_valid
    SLICE_X91Y67         LUT6 (Prop_F6LUT_SLICEM_I1_O)
                                                      0.123     4.133 r  sfo/initial_estimator/service/frontend/correction_i_2/O
                         net (fo=3, routed)           0.145     4.278    sfo/initial_estimator/service/frontend/correction/s_valid
    SLICE_X91Y64         LUT6 (Prop_E6LUT_SLICEM_I2_O)
                                                      0.037     4.315 r  sfo/initial_estimator/service/frontend/correction/u_dds_i_2/O
                         net (fo=6, routed)           0.372     4.687    sfo/initial_estimator/service/frontend/correction/u_dds/s_valid
    SLICE_X79Y62         LUT4 (Prop_A5LUT_SLICEL_I0_O)
                                                      0.100     4.787 r  sfo/initial_estimator/service/frontend/correction/u_dds/s_ready_INST_0_i_2/O
                         net (fo=145, routed)         0.152     4.939    sfo/initial_estimator/service/frontend/correction/u_dds/s_ready_INST_0_i_2_n_0
    SLICE_X79Y61         LUT6 (Prop_A6LUT_SLICEL_I1_O)
                                                      0.149     5.088 r  sfo/initial_estimator/service/frontend/correction/u_dds/s_ready_INST_0/O
                         net (fo=3, routed)           0.322     5.410    sfo/initial_estimator/service/frontend/correction/dds_s_ready
    SLICE_X91Y64         LUT6 (Prop_F6LUT_SLICEM_I1_O)
                                                      0.098     5.508 r  sfo/initial_estimator/service/frontend/correction/s_ready_INST_0/O
                         net (fo=2, routed)           0.255     5.763    sfo/initial_estimator/service/frontend/cfo_ready
    SLICE_X93Y68         LUT4 (Prop_G6LUT_SLICEL_I1_O)
                                                      0.050     5.813 r  sfo/initial_estimator/service/frontend/capture_i_7/O
                         net (fo=1, routed)           0.262     6.075    sfo/initial_estimator/service/frontend/capture/m_ready
    SLICE_X100Y68        LUT2 (Prop_D5LUT_SLICEM_I0_O)
                                                      0.135     6.210 r  sfo/initial_estimator/service/frontend/capture/u_reader_i_3/O
                         net (fo=1, routed)           0.218     6.428    sfo/initial_estimator/service/frontend/capture/u_reader/m_ready
    SLICE_X100Y68        LUT4 (Prop_C5LUT_SLICEM_I0_O)
                                                      0.099     6.527 r  sfo/initial_estimator/service/frontend/capture/u_reader/u_output_fifo_i_130/O
                         net (fo=8, routed)           0.364     6.891    sfo/initial_estimator/service/frontend/capture/u_reader/u_output_fifo/xpm_fifo_base_inst/rd_en
    SLICE_X94Y66         LUT3 (Prop_C5LUT_SLICEM_I2_O)
                                                      0.137     7.028 r  sfo/initial_estimator/service/frontend/capture/u_reader/u_output_fifo/xpm_fifo_base_inst/gen_sdpram.xpm_memory_base_inst_i_3/O
                         net (fo=346, routed)         0.742     7.770    sfo/initial_estimator/service/frontend/capture/u_reader/u_output_fifo/xpm_fifo_base_inst/gen_sdpram.xpm_memory_base_inst/regceb
    SLICE_X84Y57         FDRE                                         r  sfo/initial_estimator/service/frontend/capture/u_reader/u_output_fifo/xpm_fifo_base_inst/gen_sdpram.xpm_memory_base_inst/gen_rd_b.gen_doutb_pipe.doutb_pipe_reg[0][171]/CE
  -------------------------------------------------------------------    -------------------

                         (clock clk125 rise edge)     8.000     8.000 r  
                                                      0.000     8.000 r  clk125 (IN)
                         net (fo=95401, unset)        0.020     8.020    sfo/initial_estimator/service/frontend/capture/u_reader/u_output_fifo/xpm_fifo_base_inst/gen_sdpram.xpm_memory_base_inst/clka
    SLICE_X84Y57         FDRE                                         r  sfo/initial_estimator/service/frontend/capture/u_reader/u_output_fifo/xpm_fifo_base_inst/gen_sdpram.xpm_memory_base_inst/gen_rd_b.gen_doutb_pipe.doutb_pipe_reg[0][171]/C
                         clock pessimism              0.000     8.020    
                         clock uncertainty           -0.035     7.985    
    SLICE_X84Y57         FDRE (Setup_EFF_SLICEL_C_CE)
                                                     -0.060     7.925    sfo/initial_estimator/service/frontend/capture/u_reader/u_output_fifo/xpm_fifo_base_inst/gen_sdpram.xpm_memory_base_inst/gen_rd_b.gen_doutb_pipe.doutb_pipe_reg[0][171]
  -------------------------------------------------------------------
                         required time                          7.925    
                         arrival time                          -7.770    
  -------------------------------------------------------------------
                         slack                                  0.155    

Slack (MET) :             0.171ns  (required time - arrival time)
  Source:                 sfo/initial_estimator/service/fatal_latched_reg/C
                            (rising edge-triggered cell FDRE clocked by clk125  {rise@0.000ns fall@4.000ns period=8.000ns})
  Destination:            sfo/initial_estimator/service/frontend/capture/u_reader/u_output_fifo/xpm_fifo_base_inst/gen_sdpram.xpm_memory_base_inst/gen_rd_b.doutb_reg_reg[176]/CE
                            (rising edge-triggered cell FDRE clocked by clk125  {rise@0.000ns fall@4.000ns period=8.000ns})
  Path Group:             clk125
  Path Type:              Setup (Max at Slow Process Corner)
  Requirement:            8.000ns  (clk125 rise@8.000ns - clk125 rise@0.000ns)
  Data Path Delay:        7.724ns  (logic 1.667ns (21.582%)  route 6.057ns (78.418%))
  Logic Levels:           17  (CARRY8=1 LUT2=1 LUT3=3 LUT4=4 LUT5=2 LUT6=6)
  Clock Path Skew:        -0.009ns (DCD - SCD + CPR)
    Destination Clock Delay (DCD):    0.021ns = ( 8.021 - 8.000 ) 
    Source Clock Delay      (SCD):    0.030ns
    Clock Pessimism Removal (CPR):    0.000ns
  Clock Uncertainty:      0.035ns  ((TSJ^2 + TIJ^2)^1/2 + DJ) / 2 + PE
    Total System Jitter     (TSJ):    0.071ns
    Total Input Jitter      (TIJ):    0.000ns
    Discrete Jitter          (DJ):    0.000ns
    Phase Error              (PE):    0.000ns

    Location             Delay type                Incr(ns)  Path(ns)    Netlist Resource(s)
  -------------------------------------------------------------------    -------------------
                         (clock clk125 rise edge)     0.000     0.000 r  
                                                      0.000     0.000 r  clk125 (IN)
                         net (fo=95401, unset)        0.030     0.030    sfo/initial_estimator/service/clk
    SLICE_X81Y78         FDRE                                         r  sfo/initial_estimator/service/fatal_latched_reg/C
  -------------------------------------------------------------------    -------------------
    SLICE_X81Y78         FDRE (Prop_DFF_SLICEM_C_Q)
                                                      0.078     0.108 f  sfo/initial_estimator/service/fatal_latched_reg/Q
                         net (fo=18, routed)          0.564     0.672    sfo/initial_estimator/service/fatal_latched_reg_n_0
    SLICE_X97Y73         LUT3 (Prop_D5LUT_SLICEM_I1_O)
                                                      0.097     0.769 f  sfo/initial_estimator/service/frontend_i_1/O
                         net (fo=38, routed)          0.591     1.360    sfo/initial_estimator/service/frontend/capture/rst0_bufg_place
    SLICE_X105Y70        LUT5 (Prop_D5LUT_SLICEL_I2_O)
                                                      0.066     1.426 r  sfo/initial_estimator/service/frontend/capture/u_reader_i_1/O
                         net (fo=4, routed)           0.327     1.753    sfo/initial_estimator/service/frontend/capture/u_reader/context_valid
    SLICE_X109Y64        LUT6 (Prop_F6LUT_SLICEM_I3_O)
                                                      0.123     1.876 r  sfo/initial_estimator/service/frontend/capture/u_reader/bank_req_addr[0]_INST_0_i_5/O
                         net (fo=1, routed)           0.022     1.898    sfo/initial_estimator/service/frontend/capture/u_reader/bank_req_addr[0]_INST_0_i_5_n_0
    SLICE_X109Y64        CARRY8 (Prop_CARRY8_SLICEM_S[5]_CO[5])
                                                      0.105     2.003 f  sfo/initial_estimator/service/frontend/capture/u_reader/bank_req_addr[0]_INST_0_i_2/CO[5]
                         net (fo=4, routed)           0.323     2.326    sfo/initial_estimator/service/frontend/capture/u_reader/bank_req_addr[0]_INST_0_i_2_n_2
    SLICE_X105Y68        LUT6 (Prop_H6LUT_SLICEL_I5_O)
                                                      0.036     2.362 f  sfo/initial_estimator/service/frontend/capture/u_reader/s_ready_INST_0_i_5/O
                         net (fo=2, routed)           0.044     2.406    sfo/initial_estimator/service/frontend/capture/u_reader/busy_context_fault
    SLICE_X105Y68        LUT5 (Prop_G6LUT_SLICEL_I2_O)
                                                      0.050     2.456 r  sfo/initial_estimator/service/frontend/capture/u_reader/s_ready_INST_0_i_1/O
                         net (fo=5, routed)           0.397     2.853    sfo/initial_estimator/service/frontend/capture/u_reader/p_38_in
    SLICE_X100Y68        LUT3 (Prop_C6LUT_SLICEM_I1_O)
                                                      0.098     2.951 r  sfo/initial_estimator/service/frontend/capture/u_reader/m_valid_INST_0/O
                         net (fo=1, routed)           0.367     3.318    sfo/initial_estimator/service/frontend/capture/reader_valid
    SLICE_X105Y70        LUT3 (Prop_C6LUT_SLICEL_I2_O)
                                                      0.088     3.406 r  sfo/initial_estimator/service/frontend/capture/m_valid_INST_0/O
                         net (fo=4, routed)           0.604     4.010    sfo/initial_estimator/service/frontend/raw_valid
    SLICE_X91Y67         LUT6 (Prop_F6LUT_SLICEM_I1_O)
                                                      0.123     4.133 r  sfo/initial_estimator/service/frontend/correction_i_2/O
                         net (fo=3, routed)           0.145     4.278    sfo/initial_estimator/service/frontend/correction/s_valid
    SLICE_X91Y64         LUT6 (Prop_E6LUT_SLICEM_I2_O)
                                                      0.037     4.315 r  sfo/initial_estimator/service/frontend/correction/u_dds_i_2/O
                         net (fo=6, routed)           0.372     4.687    sfo/initial_estimator/service/frontend/correction/u_dds/s_valid
    SLICE_X79Y62         LUT4 (Prop_A5LUT_SLICEL_I0_O)
                                                      0.100     4.787 r  sfo/initial_estimator/service/frontend/correction/u_dds/s_ready_INST_0_i_2/O
                         net (fo=145, routed)         0.152     4.939    sfo/initial_estimator/service/frontend/correction/u_dds/s_ready_INST_0_i_2_n_0
    SLICE_X79Y61         LUT6 (Prop_A6LUT_SLICEL_I1_O)
                                                      0.149     5.088 r  sfo/initial_estimator/service/frontend/correction/u_dds/s_ready_INST_0/O
                         net (fo=3, routed)           0.322     5.410    sfo/initial_estimator/service/frontend/correction/dds_s_ready
    SLICE_X91Y64         LUT6 (Prop_F6LUT_SLICEM_I1_O)
                                                      0.098     5.508 r  sfo/initial_estimator/service/frontend/correction/s_ready_INST_0/O
                         net (fo=2, routed)           0.255     5.763    sfo/initial_estimator/service/frontend/cfo_ready
    SLICE_X93Y68         LUT4 (Prop_G6LUT_SLICEL_I1_O)
                                                      0.050     5.813 r  sfo/initial_estimator/service/frontend/capture_i_7/O
                         net (fo=1, routed)           0.262     6.075    sfo/initial_estimator/service/frontend/capture/m_ready
    SLICE_X100Y68        LUT2 (Prop_D5LUT_SLICEM_I0_O)
                                                      0.135     6.210 r  sfo/initial_estimator/service/frontend/capture/u_reader_i_3/O
                         net (fo=1, routed)           0.218     6.428    sfo/initial_estimator/service/frontend/capture/u_reader/m_ready
    SLICE_X100Y68        LUT4 (Prop_C5LUT_SLICEM_I0_O)
                                                      0.099     6.527 r  sfo/initial_estimator/service/frontend/capture/u_reader/u_output_fifo_i_130/O
                         net (fo=8, routed)           0.363     6.890    sfo/initial_estimator/service/frontend/capture/u_reader/u_output_fifo/xpm_fifo_base_inst/rd_en
    SLICE_X94Y66         LUT4 (Prop_D5LUT_SLICEM_I2_O)
                                                      0.135     7.025 r  sfo/initial_estimator/service/frontend/capture/u_reader/u_output_fifo/xpm_fifo_base_inst/gen_sdpram.xpm_memory_base_inst_i_2/O
                         net (fo=356, routed)         0.729     7.754    sfo/initial_estimator/service/frontend/capture/u_reader/u_output_fifo/xpm_fifo_base_inst/gen_sdpram.xpm_memory_base_inst/enb
    SLICE_X87Y57         FDRE                                         r  sfo/initial_estimator/service/frontend/capture/u_reader/u_output_fifo/xpm_fifo_base_inst/gen_sdpram.xpm_memory_base_inst/gen_rd_b.doutb_reg_reg[176]/CE
  -------------------------------------------------------------------    -------------------

                         (clock clk125 rise edge)     8.000     8.000 r  
                                                      0.000     8.000 r  clk125 (IN)
                         net (fo=95401, unset)        0.021     8.021    sfo/initial_estimator/service/frontend/capture/u_reader/u_output_fifo/xpm_fifo_base_inst/gen_sdpram.xpm_memory_base_inst/clka
    SLICE_X87Y57         FDRE                                         r  sfo/initial_estimator/service/frontend/capture/u_reader/u_output_fifo/xpm_fifo_base_inst/gen_sdpram.xpm_memory_base_inst/gen_rd_b.doutb_reg_reg[176]/C
                         clock pessimism              0.000     8.021    
                         clock uncertainty           -0.035     7.986    
    SLICE_X87Y57         FDRE (Setup_EFF2_SLICEM_C_CE)
                                                     -0.061     7.925    sfo/initial_estimator/service/frontend/capture/u_reader/u_output_fifo/xpm_fifo_base_inst/gen_sdpram.xpm_memory_base_inst/gen_rd_b.doutb_reg_reg[176]
  -------------------------------------------------------------------
                         required time                          7.925    
                         arrival time                          -7.754    
  -------------------------------------------------------------------
                         slack                                  0.171    

Slack (MET) :             0.171ns  (required time - arrival time)
  Source:                 sfo/initial_estimator/service/fatal_latched_reg/C
                            (rising edge-triggered cell FDRE clocked by clk125  {rise@0.000ns fall@4.000ns period=8.000ns})
  Destination:            sfo/initial_estimator/service/frontend/capture/u_reader/u_output_fifo/xpm_fifo_base_inst/gen_sdpram.xpm_memory_base_inst/gen_rd_b.doutb_reg_reg[178]/CE
                            (rising edge-triggered cell FDRE clocked by clk125  {rise@0.000ns fall@4.000ns period=8.000ns})
  Path Group:             clk125
  Path Type:              Setup (Max at Slow Process Corner)
  Requirement:            8.000ns  (clk125 rise@8.000ns - clk125 rise@0.000ns)
  Data Path Delay:        7.724ns  (logic 1.667ns (21.582%)  route 6.057ns (78.418%))
  Logic Levels:           17  (CARRY8=1 LUT2=1 LUT3=3 LUT4=4 LUT5=2 LUT6=6)
  Clock Path Skew:        -0.009ns (DCD - SCD + CPR)
    Destination Clock Delay (DCD):    0.021ns = ( 8.021 - 8.000 ) 
    Source Clock Delay      (SCD):    0.030ns
    Clock Pessimism Removal (CPR):    0.000ns
  Clock Uncertainty:      0.035ns  ((TSJ^2 + TIJ^2)^1/2 + DJ) / 2 + PE
    Total System Jitter     (TSJ):    0.071ns
    Total Input Jitter      (TIJ):    0.000ns
    Discrete Jitter          (DJ):    0.000ns
    Phase Error              (PE):    0.000ns

    Location             Delay type                Incr(ns)  Path(ns)    Netlist Resource(s)
  -------------------------------------------------------------------    -------------------
                         (clock clk125 rise edge)     0.000     0.000 r  
                                                      0.000     0.000 r  clk125 (IN)
                         net (fo=95401, unset)        0.030     0.030    sfo/initial_estimator/service/clk
    SLICE_X81Y78         FDRE                                         r  sfo/initial_estimator/service/fatal_latched_reg/C
  -------------------------------------------------------------------    -------------------
    SLICE_X81Y78         FDRE (Prop_DFF_SLICEM_C_Q)
                                                      0.078     0.108 f  sfo/initial_estimator/service/fatal_latched_reg/Q
                         net (fo=18, routed)          0.564     0.672    sfo/initial_estimator/service/fatal_latched_reg_n_0
    SLICE_X97Y73         LUT3 (Prop_D5LUT_SLICEM_I1_O)
                                                      0.097     0.769 f  sfo/initial_estimator/service/frontend_i_1/O
                         net (fo=38, routed)          0.591     1.360    sfo/initial_estimator/service/frontend/capture/rst0_bufg_place
    SLICE_X105Y70        LUT5 (Prop_D5LUT_SLICEL_I2_O)
                                                      0.066     1.426 r  sfo/initial_estimator/service/frontend/capture/u_reader_i_1/O
                         net (fo=4, routed)           0.327     1.753    sfo/initial_estimator/service/frontend/capture/u_reader/context_valid
    SLICE_X109Y64        LUT6 (Prop_F6LUT_SLICEM_I3_O)
                                                      0.123     1.876 r  sfo/initial_estimator/service/frontend/capture/u_reader/bank_req_addr[0]_INST_0_i_5/O
                         net (fo=1, routed)           0.022     1.898    sfo/initial_estimator/service/frontend/capture/u_reader/bank_req_addr[0]_INST_0_i_5_n_0
    SLICE_X109Y64        CARRY8 (Prop_CARRY8_SLICEM_S[5]_CO[5])
                                                      0.105     2.003 f  sfo/initial_estimator/service/frontend/capture/u_reader/bank_req_addr[0]_INST_0_i_2/CO[5]
                         net (fo=4, routed)           0.323     2.326    sfo/initial_estimator/service/frontend/capture/u_reader/bank_req_addr[0]_INST_0_i_2_n_2
    SLICE_X105Y68        LUT6 (Prop_H6LUT_SLICEL_I5_O)
                                                      0.036     2.362 f  sfo/initial_estimator/service/frontend/capture/u_reader/s_ready_INST_0_i_5/O
                         net (fo=2, routed)           0.044     2.406    sfo/initial_estimator/service/frontend/capture/u_reader/busy_context_fault
    SLICE_X105Y68        LUT5 (Prop_G6LUT_SLICEL_I2_O)
                                                      0.050     2.456 r  sfo/initial_estimator/service/frontend/capture/u_reader/s_ready_INST_0_i_1/O
                         net (fo=5, routed)           0.397     2.853    sfo/initial_estimator/service/frontend/capture/u_reader/p_38_in
    SLICE_X100Y68        LUT3 (Prop_C6LUT_SLICEM_I1_O)
                                                      0.098     2.951 r  sfo/initial_estimator/service/frontend/capture/u_reader/m_valid_INST_0/O
                         net (fo=1, routed)           0.367     3.318    sfo/initial_estimator/service/frontend/capture/reader_valid
    SLICE_X105Y70        LUT3 (Prop_C6LUT_SLICEL_I2_O)
                                                      0.088     3.406 r  sfo/initial_estimator/service/frontend/capture/m_valid_INST_0/O
                         net (fo=4, routed)           0.604     4.010    sfo/initial_estimator/service/frontend/raw_valid
    SLICE_X91Y67         LUT6 (Prop_F6LUT_SLICEM_I1_O)
                                                      0.123     4.133 r  sfo/initial_estimator/service/frontend/correction_i_2/O
                         net (fo=3, routed)           0.145     4.278    sfo/initial_estimator/service/frontend/correction/s_valid
    SLICE_X91Y64         LUT6 (Prop_E6LUT_SLICEM_I2_O)
                                                      0.037     4.315 r  sfo/initial_estimator/service/frontend/correction/u_dds_i_2/O
                         net (fo=6, routed)           0.372     4.687    sfo/initial_estimator/service/frontend/correction/u_dds/s_valid
    SLICE_X79Y62         LUT4 (Prop_A5LUT_SLICEL_I0_O)
                                                      0.100     4.787 r  sfo/initial_estimator/service/frontend/correction/u_dds/s_ready_INST_0_i_2/O
                         net (fo=145, routed)         0.152     4.939    sfo/initial_estimator/service/frontend/correction/u_dds/s_ready_INST_0_i_2_n_0
    SLICE_X79Y61         LUT6 (Prop_A6LUT_SLICEL_I1_O)
                                                      0.149     5.088 r  sfo/initial_estimator/service/frontend/correction/u_dds/s_ready_INST_0/O
                         net (fo=3, routed)           0.322     5.410    sfo/initial_estimator/service/frontend/correction/dds_s_ready
    SLICE_X91Y64         LUT6 (Prop_F6LUT_SLICEM_I1_O)
                                                      0.098     5.508 r  sfo/initial_estimator/service/frontend/correction/s_ready_INST_0/O
                         net (fo=2, routed)           0.255     5.763    sfo/initial_estimator/service/frontend/cfo_ready
    SLICE_X93Y68         LUT4 (Prop_G6LUT_SLICEL_I1_O)
                                                      0.050     5.813 r  sfo/initial_estimator/service/frontend/capture_i_7/O
                         net (fo=1, routed)           0.262     6.075    sfo/initial_estimator/service/frontend/capture/m_ready
    SLICE_X100Y68        LUT2 (Prop_D5LUT_SLICEM_I0_O)
                                                      0.135     6.210 r  sfo/initial_estimator/service/frontend/capture/u_reader_i_3/O
                         net (fo=1, routed)           0.218     6.428    sfo/initial_estimator/service/frontend/capture/u_reader/m_ready
    SLICE_X100Y68        LUT4 (Prop_C5LUT_SLICEM_I0_O)
                                                      0.099     6.527 r  sfo/initial_estimator/service/frontend/capture/u_reader/u_output_fifo_i_130/O
                         net (fo=8, routed)           0.363     6.890    sfo/initial_estimator/service/frontend/capture/u_reader/u_output_fifo/xpm_fifo_base_inst/rd_en
    SLICE_X94Y66         LUT4 (Prop_D5LUT_SLICEM_I2_O)
                                                      0.135     7.025 r  sfo/initial_estimator/service/frontend/capture/u_reader/u_output_fifo/xpm_fifo_base_inst/gen_sdpram.xpm_memory_base_inst_i_2/O
                         net (fo=356, routed)         0.729     7.754    sfo/initial_estimator/service/frontend/capture/u_reader/u_output_fifo/xpm_fifo_base_inst/gen_sdpram.xpm_memory_base_inst/enb
    SLICE_X87Y57         FDRE                                         r  sfo/initial_estimator/service/frontend/capture/u_reader/u_output_fifo/xpm_fifo_base_inst/gen_sdpram.xpm_memory_base_inst/gen_rd_b.doutb_reg_reg[178]/CE
  -------------------------------------------------------------------    -------------------

                         (clock clk125 rise edge)     8.000     8.000 r  
                                                      0.000     8.000 r  clk125 (IN)
                         net (fo=95401, unset)        0.021     8.021    sfo/initial_estimator/service/frontend/capture/u_reader/u_output_fifo/xpm_fifo_base_inst/gen_sdpram.xpm_memory_base_inst/clka
    SLICE_X87Y57         FDRE                                         r  sfo/initial_estimator/service/frontend/capture/u_reader/u_output_fifo/xpm_fifo_base_inst/gen_sdpram.xpm_memory_base_inst/gen_rd_b.doutb_reg_reg[178]/C
                         clock pessimism              0.000     8.021    
                         clock uncertainty           -0.035     7.986    
    SLICE_X87Y57         FDRE (Setup_FFF2_SLICEM_C_CE)
                                                     -0.061     7.925    sfo/initial_estimator/service/frontend/capture/u_reader/u_output_fifo/xpm_fifo_base_inst/gen_sdpram.xpm_memory_base_inst/gen_rd_b.doutb_reg_reg[178]
  -------------------------------------------------------------------
                         required time                          7.925    
                         arrival time                          -7.754    
  -------------------------------------------------------------------
                         slack                                  0.171    

Slack (MET) :             0.171ns  (required time - arrival time)
  Source:                 sfo/initial_estimator/service/fatal_latched_reg/C
                            (rising edge-triggered cell FDRE clocked by clk125  {rise@0.000ns fall@4.000ns period=8.000ns})
  Destination:            sfo/initial_estimator/service/frontend/capture/u_reader/u_output_fifo/xpm_fifo_base_inst/gen_sdpram.xpm_memory_base_inst/gen_rd_b.doutb_reg_reg[180]/CE
                            (rising edge-triggered cell FDRE clocked by clk125  {rise@0.000ns fall@4.000ns period=8.000ns})
  Path Group:             clk125
  Path Type:              Setup (Max at Slow Process Corner)
  Requirement:            8.000ns  (clk125 rise@8.000ns - clk125 rise@0.000ns)
  Data Path Delay:        7.724ns  (logic 1.667ns (21.582%)  route 6.057ns (78.418%))
  Logic Levels:           17  (CARRY8=1 LUT2=1 LUT3=3 LUT4=4 LUT5=2 LUT6=6)
  Clock Path Skew:        -0.009ns (DCD - SCD + CPR)
    Destination Clock Delay (DCD):    0.021ns = ( 8.021 - 8.000 ) 
    Source Clock Delay      (SCD):    0.030ns
    Clock Pessimism Removal (CPR):    0.000ns
  Clock Uncertainty:      0.035ns  ((TSJ^2 + TIJ^2)^1/2 + DJ) / 2 + PE
    Total System Jitter     (TSJ):    0.071ns
    Total Input Jitter      (TIJ):    0.000ns
    Discrete Jitter          (DJ):    0.000ns
    Phase Error              (PE):    0.000ns

    Location             Delay type                Incr(ns)  Path(ns)    Netlist Resource(s)
  -------------------------------------------------------------------    -------------------
                         (clock clk125 rise edge)     0.000     0.000 r  
                                                      0.000     0.000 r  clk125 (IN)
                         net (fo=95401, unset)        0.030     0.030    sfo/initial_estimator/service/clk
    SLICE_X81Y78         FDRE                                         r  sfo/initial_estimator/service/fatal_latched_reg/C
  -------------------------------------------------------------------    -------------------
    SLICE_X81Y78         FDRE (Prop_DFF_SLICEM_C_Q)
                                                      0.078     0.108 f  sfo/initial_estimator/service/fatal_latched_reg/Q
                         net (fo=18, routed)          0.564     0.672    sfo/initial_estimator/service/fatal_latched_reg_n_0
    SLICE_X97Y73         LUT3 (Prop_D5LUT_SLICEM_I1_O)
                                                      0.097     0.769 f  sfo/initial_estimator/service/frontend_i_1/O
                         net (fo=38, routed)          0.591     1.360    sfo/initial_estimator/service/frontend/capture/rst0_bufg_place
    SLICE_X105Y70        LUT5 (Prop_D5LUT_SLICEL_I2_O)
                                                      0.066     1.426 r  sfo/initial_estimator/service/frontend/capture/u_reader_i_1/O
                         net (fo=4, routed)           0.327     1.753    sfo/initial_estimator/service/frontend/capture/u_reader/context_valid
    SLICE_X109Y64        LUT6 (Prop_F6LUT_SLICEM_I3_O)
                                                      0.123     1.876 r  sfo/initial_estimator/service/frontend/capture/u_reader/bank_req_addr[0]_INST_0_i_5/O
                         net (fo=1, routed)           0.022     1.898    sfo/initial_estimator/service/frontend/capture/u_reader/bank_req_addr[0]_INST_0_i_5_n_0
    SLICE_X109Y64        CARRY8 (Prop_CARRY8_SLICEM_S[5]_CO[5])
                                                      0.105     2.003 f  sfo/initial_estimator/service/frontend/capture/u_reader/bank_req_addr[0]_INST_0_i_2/CO[5]
                         net (fo=4, routed)           0.323     2.326    sfo/initial_estimator/service/frontend/capture/u_reader/bank_req_addr[0]_INST_0_i_2_n_2
    SLICE_X105Y68        LUT6 (Prop_H6LUT_SLICEL_I5_O)
                                                      0.036     2.362 f  sfo/initial_estimator/service/frontend/capture/u_reader/s_ready_INST_0_i_5/O
                         net (fo=2, routed)           0.044     2.406    sfo/initial_estimator/service/frontend/capture/u_reader/busy_context_fault
    SLICE_X105Y68        LUT5 (Prop_G6LUT_SLICEL_I2_O)
                                                      0.050     2.456 r  sfo/initial_estimator/service/frontend/capture/u_reader/s_ready_INST_0_i_1/O
                         net (fo=5, routed)           0.397     2.853    sfo/initial_estimator/service/frontend/capture/u_reader/p_38_in
    SLICE_X100Y68        LUT3 (Prop_C6LUT_SLICEM_I1_O)
                                                      0.098     2.951 r  sfo/initial_estimator/service/frontend/capture/u_reader/m_valid_INST_0/O
                         net (fo=1, routed)           0.367     3.318    sfo/initial_estimator/service/frontend/capture/reader_valid
    SLICE_X105Y70        LUT3 (Prop_C6LUT_SLICEL_I2_O)
                                                      0.088     3.406 r  sfo/initial_estimator/service/frontend/capture/m_valid_INST_0/O
                         net (fo=4, routed)           0.604     4.010    sfo/initial_estimator/service/frontend/raw_valid
    SLICE_X91Y67         LUT6 (Prop_F6LUT_SLICEM_I1_O)
                                                      0.123     4.133 r  sfo/initial_estimator/service/frontend/correction_i_2/O
                         net (fo=3, routed)           0.145     4.278    sfo/initial_estimator/service/frontend/correction/s_valid
    SLICE_X91Y64         LUT6 (Prop_E6LUT_SLICEM_I2_O)
                                                      0.037     4.315 r  sfo/initial_estimator/service/frontend/correction/u_dds_i_2/O
                         net (fo=6, routed)           0.372     4.687    sfo/initial_estimator/service/frontend/correction/u_dds/s_valid
    SLICE_X79Y62         LUT4 (Prop_A5LUT_SLICEL_I0_O)
                                                      0.100     4.787 r  sfo/initial_estimator/service/frontend/correction/u_dds/s_ready_INST_0_i_2/O
                         net (fo=145, routed)         0.152     4.939    sfo/initial_estimator/service/frontend/correction/u_dds/s_ready_INST_0_i_2_n_0
    SLICE_X79Y61         LUT6 (Prop_A6LUT_SLICEL_I1_O)
                                                      0.149     5.088 r  sfo/initial_estimator/service/frontend/correction/u_dds/s_ready_INST_0/O
                         net (fo=3, routed)           0.322     5.410    sfo/initial_estimator/service/frontend/correction/dds_s_ready
    SLICE_X91Y64         LUT6 (Prop_F6LUT_SLICEM_I1_O)
                                                      0.098     5.508 r  sfo/initial_estimator/service/frontend/correction/s_ready_INST_0/O
                         net (fo=2, routed)           0.255     5.763    sfo/initial_estimator/service/frontend/cfo_ready
    SLICE_X93Y68         LUT4 (Prop_G6LUT_SLICEL_I1_O)
                                                      0.050     5.813 r  sfo/initial_estimator/service/frontend/capture_i_7/O
                         net (fo=1, routed)           0.262     6.075    sfo/initial_estimator/service/frontend/capture/m_ready
    SLICE_X100Y68        LUT2 (Prop_D5LUT_SLICEM_I0_O)
                                                      0.135     6.210 r  sfo/initial_estimator/service/frontend/capture/u_reader_i_3/O
                         net (fo=1, routed)           0.218     6.428    sfo/initial_estimator/service/frontend/capture/u_reader/m_ready
    SLICE_X100Y68        LUT4 (Prop_C5LUT_SLICEM_I0_O)
                                                      0.099     6.527 r  sfo/initial_estimator/service/frontend/capture/u_reader/u_output_fifo_i_130/O
                         net (fo=8, routed)           0.363     6.890    sfo/initial_estimator/service/frontend/capture/u_reader/u_output_fifo/xpm_fifo_base_inst/rd_en
    SLICE_X94Y66         LUT4 (Prop_D5LUT_SLICEM_I2_O)
                                                      0.135     7.025 r  sfo/initial_estimator/service/frontend/capture/u_reader/u_output_fifo/xpm_fifo_base_inst/gen_sdpram.xpm_memory_base_inst_i_2/O
                         net (fo=356, routed)         0.729     7.754    sfo/initial_estimator/service/frontend/capture/u_reader/u_output_fifo/xpm_fifo_base_inst/gen_sdpram.xpm_memory_base_inst/enb
    SLICE_X87Y57         FDRE                                         r  sfo/initial_estimator/service/frontend/capture/u_reader/u_output_fifo/xpm_fifo_base_inst/gen_sdpram.xpm_memory_base_inst/gen_rd_b.doutb_reg_reg[180]/CE
  -------------------------------------------------------------------    -------------------

                         (clock clk125 rise edge)     8.000     8.000 r  
                                                      0.000     8.000 r  clk125 (IN)
                         net (fo=95401, unset)        0.021     8.021    sfo/initial_estimator/service/frontend/capture/u_reader/u_output_fifo/xpm_fifo_base_inst/gen_sdpram.xpm_memory_base_inst/clka
    SLICE_X87Y57         FDRE                                         r  sfo/initial_estimator/service/frontend/capture/u_reader/u_output_fifo/xpm_fifo_base_inst/gen_sdpram.xpm_memory_base_inst/gen_rd_b.doutb_reg_reg[180]/C
                         clock pessimism              0.000     8.021    
                         clock uncertainty           -0.035     7.986    
    SLICE_X87Y57         FDRE (Setup_GFF2_SLICEM_C_CE)
                                                     -0.061     7.925    sfo/initial_estimator/service/frontend/capture/u_reader/u_output_fifo/xpm_fifo_base_inst/gen_sdpram.xpm_memory_base_inst/gen_rd_b.doutb_reg_reg[180]
  -------------------------------------------------------------------
                         required time                          7.925    
                         arrival time                          -7.754    
  -------------------------------------------------------------------
                         slack                                  0.171    

Slack (MET) :             0.172ns  (required time - arrival time)
  Source:                 sfo/initial_estimator/service/fatal_latched_reg/C
                            (rising edge-triggered cell FDRE clocked by clk125  {rise@0.000ns fall@4.000ns period=8.000ns})
  Destination:            sfo/initial_estimator/service/frontend/capture/u_reader/u_output_fifo/xpm_fifo_base_inst/gen_sdpram.xpm_memory_base_inst/gen_rd_b.doutb_reg_reg[177]/CE
                            (rising edge-triggered cell FDRE clocked by clk125  {rise@0.000ns fall@4.000ns period=8.000ns})
  Path Group:             clk125
  Path Type:              Setup (Max at Slow Process Corner)
  Requirement:            8.000ns  (clk125 rise@8.000ns - clk125 rise@0.000ns)
  Data Path Delay:        7.723ns  (logic 1.667ns (21.585%)  route 6.056ns (78.415%))
  Logic Levels:           17  (CARRY8=1 LUT2=1 LUT3=3 LUT4=4 LUT5=2 LUT6=6)
  Clock Path Skew:        -0.009ns (DCD - SCD + CPR)
    Destination Clock Delay (DCD):    0.021ns = ( 8.021 - 8.000 ) 
    Source Clock Delay      (SCD):    0.030ns
    Clock Pessimism Removal (CPR):    0.000ns
  Clock Uncertainty:      0.035ns  ((TSJ^2 + TIJ^2)^1/2 + DJ) / 2 + PE
    Total System Jitter     (TSJ):    0.071ns
    Total Input Jitter      (TIJ):    0.000ns
    Discrete Jitter          (DJ):    0.000ns
    Phase Error              (PE):    0.000ns

    Location             Delay type                Incr(ns)  Path(ns)    Netlist Resource(s)
  -------------------------------------------------------------------    -------------------
                         (clock clk125 rise edge)     0.000     0.000 r  
                                                      0.000     0.000 r  clk125 (IN)
                         net (fo=95401, unset)        0.030     0.030    sfo/initial_estimator/service/clk
    SLICE_X81Y78         FDRE                                         r  sfo/initial_estimator/service/fatal_latched_reg/C
  -------------------------------------------------------------------    -------------------
    SLICE_X81Y78         FDRE (Prop_DFF_SLICEM_C_Q)
                                                      0.078     0.108 f  sfo/initial_estimator/service/fatal_latched_reg/Q
                         net (fo=18, routed)          0.564     0.672    sfo/initial_estimator/service/fatal_latched_reg_n_0
    SLICE_X97Y73         LUT3 (Prop_D5LUT_SLICEM_I1_O)
                                                      0.097     0.769 f  sfo/initial_estimator/service/frontend_i_1/O
                         net (fo=38, routed)          0.591     1.360    sfo/initial_estimator/service/frontend/capture/rst0_bufg_place
    SLICE_X105Y70        LUT5 (Prop_D5LUT_SLICEL_I2_O)
                                                      0.066     1.426 r  sfo/initial_estimator/service/frontend/capture/u_reader_i_1/O
                         net (fo=4, routed)           0.327     1.753    sfo/initial_estimator/service/frontend/capture/u_reader/context_valid
    SLICE_X109Y64        LUT6 (Prop_F6LUT_SLICEM_I3_O)
                                                      0.123     1.876 r  sfo/initial_estimator/service/frontend/capture/u_reader/bank_req_addr[0]_INST_0_i_5/O
                         net (fo=1, routed)           0.022     1.898    sfo/initial_estimator/service/frontend/capture/u_reader/bank_req_addr[0]_INST_0_i_5_n_0
    SLICE_X109Y64        CARRY8 (Prop_CARRY8_SLICEM_S[5]_CO[5])
                                                      0.105     2.003 f  sfo/initial_estimator/service/frontend/capture/u_reader/bank_req_addr[0]_INST_0_i_2/CO[5]
                         net (fo=4, routed)           0.323     2.326    sfo/initial_estimator/service/frontend/capture/u_reader/bank_req_addr[0]_INST_0_i_2_n_2
    SLICE_X105Y68        LUT6 (Prop_H6LUT_SLICEL_I5_O)
                                                      0.036     2.362 f  sfo/initial_estimator/service/frontend/capture/u_reader/s_ready_INST_0_i_5/O
                         net (fo=2, routed)           0.044     2.406    sfo/initial_estimator/service/frontend/capture/u_reader/busy_context_fault
    SLICE_X105Y68        LUT5 (Prop_G6LUT_SLICEL_I2_O)
                                                      0.050     2.456 r  sfo/initial_estimator/service/frontend/capture/u_reader/s_ready_INST_0_i_1/O
                         net (fo=5, routed)           0.397     2.853    sfo/initial_estimator/service/frontend/capture/u_reader/p_38_in
    SLICE_X100Y68        LUT3 (Prop_C6LUT_SLICEM_I1_O)
                                                      0.098     2.951 r  sfo/initial_estimator/service/frontend/capture/u_reader/m_valid_INST_0/O
                         net (fo=1, routed)           0.367     3.318    sfo/initial_estimator/service/frontend/capture/reader_valid
    SLICE_X105Y70        LUT3 (Prop_C6LUT_SLICEL_I2_O)
                                                      0.088     3.406 r  sfo/initial_estimator/service/frontend/capture/m_valid_INST_0/O
                         net (fo=4, routed)           0.604     4.010    sfo/initial_estimator/service/frontend/raw_valid
    SLICE_X91Y67         LUT6 (Prop_F6LUT_SLICEM_I1_O)
                                                      0.123     4.133 r  sfo/initial_estimator/service/frontend/correction_i_2/O
                         net (fo=3, routed)           0.145     4.278    sfo/initial_estimator/service/frontend/correction/s_valid
    SLICE_X91Y64         LUT6 (Prop_E6LUT_SLICEM_I2_O)
                                                      0.037     4.315 r  sfo/initial_estimator/service/frontend/correction/u_dds_i_2/O
                         net (fo=6, routed)           0.372     4.687    sfo/initial_estimator/service/frontend/correction/u_dds/s_valid
    SLICE_X79Y62         LUT4 (Prop_A5LUT_SLICEL_I0_O)
                                                      0.100     4.787 r  sfo/initial_estimator/service/frontend/correction/u_dds/s_ready_INST_0_i_2/O
                         net (fo=145, routed)         0.152     4.939    sfo/initial_estimator/service/frontend/correction/u_dds/s_ready_INST_0_i_2_n_0
    SLICE_X79Y61         LUT6 (Prop_A6LUT_SLICEL_I1_O)
                                                      0.149     5.088 r  sfo/initial_estimator/service/frontend/correction/u_dds/s_ready_INST_0/O
                         net (fo=3, routed)           0.322     5.410    sfo/initial_estimator/service/frontend/correction/dds_s_ready
    SLICE_X91Y64         LUT6 (Prop_F6LUT_SLICEM_I1_O)
                                                      0.098     5.508 r  sfo/initial_estimator/service/frontend/correction/s_ready_INST_0/O
                         net (fo=2, routed)           0.255     5.763    sfo/initial_estimator/service/frontend/cfo_ready
    SLICE_X93Y68         LUT4 (Prop_G6LUT_SLICEL_I1_O)
                                                      0.050     5.813 r  sfo/initial_estimator/service/frontend/capture_i_7/O
                         net (fo=1, routed)           0.262     6.075    sfo/initial_estimator/service/frontend/capture/m_ready
    SLICE_X100Y68        LUT2 (Prop_D5LUT_SLICEM_I0_O)
                                                      0.135     6.210 r  sfo/initial_estimator/service/frontend/capture/u_reader_i_3/O
                         net (fo=1, routed)           0.218     6.428    sfo/initial_estimator/service/frontend/capture/u_reader/m_ready
    SLICE_X100Y68        LUT4 (Prop_C5LUT_SLICEM_I0_O)
                                                      0.099     6.527 r  sfo/initial_estimator/service/frontend/capture/u_reader/u_output_fifo_i_130/O
                         net (fo=8, routed)           0.363     6.890    sfo/initial_estimator/service/frontend/capture/u_reader/u_output_fifo/xpm_fifo_base_inst/rd_en
    SLICE_X94Y66         LUT4 (Prop_D5LUT_SLICEM_I2_O)
                                                      0.135     7.025 r  sfo/initial_estimator/service/frontend/capture/u_reader/u_output_fifo/xpm_fifo_base_inst/gen_sdpram.xpm_memory_base_inst_i_2/O
                         net (fo=356, routed)         0.728     7.753    sfo/initial_estimator/service/frontend/capture/u_reader/u_output_fifo/xpm_fifo_base_inst/gen_sdpram.xpm_memory_base_inst/enb
    SLICE_X87Y57         FDRE                                         r  sfo/initial_estimator/service/frontend/capture/u_reader/u_output_fifo/xpm_fifo_base_inst/gen_sdpram.xpm_memory_base_inst/gen_rd_b.doutb_reg_reg[177]/CE
  -------------------------------------------------------------------    -------------------

                         (clock clk125 rise edge)     8.000     8.000 r  
                                                      0.000     8.000 r  clk125 (IN)
                         net (fo=95401, unset)        0.021     8.021    sfo/initial_estimator/service/frontend/capture/u_reader/u_output_fifo/xpm_fifo_base_inst/gen_sdpram.xpm_memory_base_inst/clka
    SLICE_X87Y57         FDRE                                         r  sfo/initial_estimator/service/frontend/capture/u_reader/u_output_fifo/xpm_fifo_base_inst/gen_sdpram.xpm_memory_base_inst/gen_rd_b.doutb_reg_reg[177]/C
                         clock pessimism              0.000     8.021    
                         clock uncertainty           -0.035     7.986    
    SLICE_X87Y57         FDRE (Setup_EFF_SLICEM_C_CE)
                                                     -0.061     7.925    sfo/initial_estimator/service/frontend/capture/u_reader/u_output_fifo/xpm_fifo_base_inst/gen_sdpram.xpm_memory_base_inst/gen_rd_b.doutb_reg_reg[177]
  -------------------------------------------------------------------
                         required time                          7.925    
                         arrival time                          -7.753    
  -------------------------------------------------------------------
                         slack                                  0.172    

Slack (MET) :             0.172ns  (required time - arrival time)
  Source:                 sfo/initial_estimator/service/fatal_latched_reg/C
                            (rising edge-triggered cell FDRE clocked by clk125  {rise@0.000ns fall@4.000ns period=8.000ns})
  Destination:            sfo/initial_estimator/service/frontend/capture/u_reader/u_output_fifo/xpm_fifo_base_inst/gen_sdpram.xpm_memory_base_inst/gen_rd_b.doutb_reg_reg[179]/CE
                            (rising edge-triggered cell FDRE clocked by clk125  {rise@0.000ns fall@4.000ns period=8.000ns})
  Path Group:             clk125
  Path Type:              Setup (Max at Slow Process Corner)
  Requirement:            8.000ns  (clk125 rise@8.000ns - clk125 rise@0.000ns)
  Data Path Delay:        7.723ns  (logic 1.667ns (21.585%)  route 6.056ns (78.415%))
  Logic Levels:           17  (CARRY8=1 LUT2=1 LUT3=3 LUT4=4 LUT5=2 LUT6=6)
  Clock Path Skew:        -0.009ns (DCD - SCD + CPR)
    Destination Clock Delay (DCD):    0.021ns = ( 8.021 - 8.000 ) 
    Source Clock Delay      (SCD):    0.030ns
    Clock Pessimism Removal (CPR):    0.000ns
  Clock Uncertainty:      0.035ns  ((TSJ^2 + TIJ^2)^1/2 + DJ) / 2 + PE
    Total System Jitter     (TSJ):    0.071ns
    Total Input Jitter      (TIJ):    0.000ns
    Discrete Jitter          (DJ):    0.000ns
    Phase Error              (PE):    0.000ns

    Location             Delay type                Incr(ns)  Path(ns)    Netlist Resource(s)
  -------------------------------------------------------------------    -------------------
                         (clock clk125 rise edge)     0.000     0.000 r  
                                                      0.000     0.000 r  clk125 (IN)
                         net (fo=95401, unset)        0.030     0.030    sfo/initial_estimator/service/clk
    SLICE_X81Y78         FDRE                                         r  sfo/initial_estimator/service/fatal_latched_reg/C
  -------------------------------------------------------------------    -------------------
    SLICE_X81Y78         FDRE (Prop_DFF_SLICEM_C_Q)
                                                      0.078     0.108 f  sfo/initial_estimator/service/fatal_latched_reg/Q
                         net (fo=18, routed)          0.564     0.672    sfo/initial_estimator/service/fatal_latched_reg_n_0
    SLICE_X97Y73         LUT3 (Prop_D5LUT_SLICEM_I1_O)
                                                      0.097     0.769 f  sfo/initial_estimator/service/frontend_i_1/O
                         net (fo=38, routed)          0.591     1.360    sfo/initial_estimator/service/frontend/capture/rst0_bufg_place
    SLICE_X105Y70        LUT5 (Prop_D5LUT_SLICEL_I2_O)
                                                      0.066     1.426 r  sfo/initial_estimator/service/frontend/capture/u_reader_i_1/O
                         net (fo=4, routed)           0.327     1.753    sfo/initial_estimator/service/frontend/capture/u_reader/context_valid
    SLICE_X109Y64        LUT6 (Prop_F6LUT_SLICEM_I3_O)
                                                      0.123     1.876 r  sfo/initial_estimator/service/frontend/capture/u_reader/bank_req_addr[0]_INST_0_i_5/O
                         net (fo=1, routed)           0.022     1.898    sfo/initial_estimator/service/frontend/capture/u_reader/bank_req_addr[0]_INST_0_i_5_n_0
    SLICE_X109Y64        CARRY8 (Prop_CARRY8_SLICEM_S[5]_CO[5])
                                                      0.105     2.003 f  sfo/initial_estimator/service/frontend/capture/u_reader/bank_req_addr[0]_INST_0_i_2/CO[5]
                         net (fo=4, routed)           0.323     2.326    sfo/initial_estimator/service/frontend/capture/u_reader/bank_req_addr[0]_INST_0_i_2_n_2
    SLICE_X105Y68        LUT6 (Prop_H6LUT_SLICEL_I5_O)
                                                      0.036     2.362 f  sfo/initial_estimator/service/frontend/capture/u_reader/s_ready_INST_0_i_5/O
                         net (fo=2, routed)           0.044     2.406    sfo/initial_estimator/service/frontend/capture/u_reader/busy_context_fault
    SLICE_X105Y68        LUT5 (Prop_G6LUT_SLICEL_I2_O)
                                                      0.050     2.456 r  sfo/initial_estimator/service/frontend/capture/u_reader/s_ready_INST_0_i_1/O
                         net (fo=5, routed)           0.397     2.853    sfo/initial_estimator/service/frontend/capture/u_reader/p_38_in
    SLICE_X100Y68        LUT3 (Prop_C6LUT_SLICEM_I1_O)
                                                      0.098     2.951 r  sfo/initial_estimator/service/frontend/capture/u_reader/m_valid_INST_0/O
                         net (fo=1, routed)           0.367     3.318    sfo/initial_estimator/service/frontend/capture/reader_valid
    SLICE_X105Y70        LUT3 (Prop_C6LUT_SLICEL_I2_O)
                                                      0.088     3.406 r  sfo/initial_estimator/service/frontend/capture/m_valid_INST_0/O
                         net (fo=4, routed)           0.604     4.010    sfo/initial_estimator/service/frontend/raw_valid
    SLICE_X91Y67         LUT6 (Prop_F6LUT_SLICEM_I1_O)
                                                      0.123     4.133 r  sfo/initial_estimator/service/frontend/correction_i_2/O
                         net (fo=3, routed)           0.145     4.278    sfo/initial_estimator/service/frontend/correction/s_valid
    SLICE_X91Y64         LUT6 (Prop_E6LUT_SLICEM_I2_O)
                                                      0.037     4.315 r  sfo/initial_estimator/service/frontend/correction/u_dds_i_2/O
                         net (fo=6, routed)           0.372     4.687    sfo/initial_estimator/service/frontend/correction/u_dds/s_valid
    SLICE_X79Y62         LUT4 (Prop_A5LUT_SLICEL_I0_O)
                                                      0.100     4.787 r  sfo/initial_estimator/service/frontend/correction/u_dds/s_ready_INST_0_i_2/O
                         net (fo=145, routed)         0.152     4.939    sfo/initial_estimator/service/frontend/correction/u_dds/s_ready_INST_0_i_2_n_0
    SLICE_X79Y61         LUT6 (Prop_A6LUT_SLICEL_I1_O)
                                                      0.149     5.088 r  sfo/initial_estimator/service/frontend/correction/u_dds/s_ready_INST_0/O
                         net (fo=3, routed)           0.322     5.410    sfo/initial_estimator/service/frontend/correction/dds_s_ready
    SLICE_X91Y64         LUT6 (Prop_F6LUT_SLICEM_I1_O)
                                                      0.098     5.508 r  sfo/initial_estimator/service/frontend/correction/s_ready_INST_0/O
                         net (fo=2, routed)           0.255     5.763    sfo/initial_estimator/service/frontend/cfo_ready
    SLICE_X93Y68         LUT4 (Prop_G6LUT_SLICEL_I1_O)
                                                      0.050     5.813 r  sfo/initial_estimator/service/frontend/capture_i_7/O
                         net (fo=1, routed)           0.262     6.075    sfo/initial_estimator/service/frontend/capture/m_ready
    SLICE_X100Y68        LUT2 (Prop_D5LUT_SLICEM_I0_O)
                                                      0.135     6.210 r  sfo/initial_estimator/service/frontend/capture/u_reader_i_3/O
                         net (fo=1, routed)           0.218     6.428    sfo/initial_estimator/service/frontend/capture/u_reader/m_ready
    SLICE_X100Y68        LUT4 (Prop_C5LUT_SLICEM_I0_O)
                                                      0.099     6.527 r  sfo/initial_estimator/service/frontend/capture/u_reader/u_output_fifo_i_130/O
                         net (fo=8, routed)           0.363     6.890    sfo/initial_estimator/service/frontend/capture/u_reader/u_output_fifo/xpm_fifo_base_inst/rd_en
    SLICE_X94Y66         LUT4 (Prop_D5LUT_SLICEM_I2_O)
                                                      0.135     7.025 r  sfo/initial_estimator/service/frontend/capture/u_reader/u_output_fifo/xpm_fifo_base_inst/gen_sdpram.xpm_memory_base_inst_i_2/O
                         net (fo=356, routed)         0.728     7.753    sfo/initial_estimator/service/frontend/capture/u_reader/u_output_fifo/xpm_fifo_base_inst/gen_sdpram.xpm_memory_base_inst/enb
    SLICE_X87Y57         FDRE                                         r  sfo/initial_estimator/service/frontend/capture/u_reader/u_output_fifo/xpm_fifo_base_inst/gen_sdpram.xpm_memory_base_inst/gen_rd_b.doutb_reg_reg[179]/CE
  -------------------------------------------------------------------    -------------------

                         (clock clk125 rise edge)     8.000     8.000 r  
                                                      0.000     8.000 r  clk125 (IN)
                         net (fo=95401, unset)        0.021     8.021    sfo/initial_estimator/service/frontend/capture/u_reader/u_output_fifo/xpm_fifo_base_inst/gen_sdpram.xpm_memory_base_inst/clka
    SLICE_X87Y57         FDRE                                         r  sfo/initial_estimator/service/frontend/capture/u_reader/u_output_fifo/xpm_fifo_base_inst/gen_sdpram.xpm_memory_base_inst/gen_rd_b.doutb_reg_reg[179]/C
                         clock pessimism              0.000     8.021    
                         clock uncertainty           -0.035     7.986    
    SLICE_X87Y57         FDRE (Setup_FFF_SLICEM_C_CE)
                                                     -0.061     7.925    sfo/initial_estimator/service/frontend/capture/u_reader/u_output_fifo/xpm_fifo_base_inst/gen_sdpram.xpm_memory_base_inst/gen_rd_b.doutb_reg_reg[179]
  -------------------------------------------------------------------
                         required time                          7.925    
                         arrival time                          -7.753    
  -------------------------------------------------------------------
                         slack                                  0.172    

Slack (MET) :             0.172ns  (required time - arrival time)
  Source:                 sfo/initial_estimator/service/fatal_latched_reg/C
                            (rising edge-triggered cell FDRE clocked by clk125  {rise@0.000ns fall@4.000ns period=8.000ns})
  Destination:            sfo/initial_estimator/service/frontend/capture/u_reader/u_output_fifo/xpm_fifo_base_inst/gen_sdpram.xpm_memory_base_inst/gen_rd_b.doutb_reg_reg[181]/CE
                            (rising edge-triggered cell FDRE clocked by clk125  {rise@0.000ns fall@4.000ns period=8.000ns})
  Path Group:             clk125
  Path Type:              Setup (Max at Slow Process Corner)
  Requirement:            8.000ns  (clk125 rise@8.000ns - clk125 rise@0.000ns)
  Data Path Delay:        7.723ns  (logic 1.667ns (21.585%)  route 6.056ns (78.415%))
  Logic Levels:           17  (CARRY8=1 LUT2=1 LUT3=3 LUT4=4 LUT5=2 LUT6=6)
  Clock Path Skew:        -0.009ns (DCD - SCD + CPR)
    Destination Clock Delay (DCD):    0.021ns = ( 8.021 - 8.000 ) 
    Source Clock Delay      (SCD):    0.030ns
    Clock Pessimism Removal (CPR):    0.000ns
  Clock Uncertainty:      0.035ns  ((TSJ^2 + TIJ^2)^1/2 + DJ) / 2 + PE
    Total System Jitter     (TSJ):    0.071ns
    Total Input Jitter      (TIJ):    0.000ns
    Discrete Jitter          (DJ):    0.000ns
    Phase Error              (PE):    0.000ns

    Location             Delay type                Incr(ns)  Path(ns)    Netlist Resource(s)
  -------------------------------------------------------------------    -------------------
                         (clock clk125 rise edge)     0.000     0.000 r  
                                                      0.000     0.000 r  clk125 (IN)
                         net (fo=95401, unset)        0.030     0.030    sfo/initial_estimator/service/clk
    SLICE_X81Y78         FDRE                                         r  sfo/initial_estimator/service/fatal_latched_reg/C
  -------------------------------------------------------------------    -------------------
    SLICE_X81Y78         FDRE (Prop_DFF_SLICEM_C_Q)
                                                      0.078     0.108 f  sfo/initial_estimator/service/fatal_latched_reg/Q
                         net (fo=18, routed)          0.564     0.672    sfo/initial_estimator/service/fatal_latched_reg_n_0
    SLICE_X97Y73         LUT3 (Prop_D5LUT_SLICEM_I1_O)
                                                      0.097     0.769 f  sfo/initial_estimator/service/frontend_i_1/O
                         net (fo=38, routed)          0.591     1.360    sfo/initial_estimator/service/frontend/capture/rst0_bufg_place
    SLICE_X105Y70        LUT5 (Prop_D5LUT_SLICEL_I2_O)
                                                      0.066     1.426 r  sfo/initial_estimator/service/frontend/capture/u_reader_i_1/O
                         net (fo=4, routed)           0.327     1.753    sfo/initial_estimator/service/frontend/capture/u_reader/context_valid
    SLICE_X109Y64        LUT6 (Prop_F6LUT_SLICEM_I3_O)
                                                      0.123     1.876 r  sfo/initial_estimator/service/frontend/capture/u_reader/bank_req_addr[0]_INST_0_i_5/O
                         net (fo=1, routed)           0.022     1.898    sfo/initial_estimator/service/frontend/capture/u_reader/bank_req_addr[0]_INST_0_i_5_n_0
    SLICE_X109Y64        CARRY8 (Prop_CARRY8_SLICEM_S[5]_CO[5])
                                                      0.105     2.003 f  sfo/initial_estimator/service/frontend/capture/u_reader/bank_req_addr[0]_INST_0_i_2/CO[5]
                         net (fo=4, routed)           0.323     2.326    sfo/initial_estimator/service/frontend/capture/u_reader/bank_req_addr[0]_INST_0_i_2_n_2
    SLICE_X105Y68        LUT6 (Prop_H6LUT_SLICEL_I5_O)
                                                      0.036     2.362 f  sfo/initial_estimator/service/frontend/capture/u_reader/s_ready_INST_0_i_5/O
                         net (fo=2, routed)           0.044     2.406    sfo/initial_estimator/service/frontend/capture/u_reader/busy_context_fault
    SLICE_X105Y68        LUT5 (Prop_G6LUT_SLICEL_I2_O)
                                                      0.050     2.456 r  sfo/initial_estimator/service/frontend/capture/u_reader/s_ready_INST_0_i_1/O
                         net (fo=5, routed)           0.397     2.853    sfo/initial_estimator/service/frontend/capture/u_reader/p_38_in
    SLICE_X100Y68        LUT3 (Prop_C6LUT_SLICEM_I1_O)
                                                      0.098     2.951 r  sfo/initial_estimator/service/frontend/capture/u_reader/m_valid_INST_0/O
                         net (fo=1, routed)           0.367     3.318    sfo/initial_estimator/service/frontend/capture/reader_valid
    SLICE_X105Y70        LUT3 (Prop_C6LUT_SLICEL_I2_O)
                                                      0.088     3.406 r  sfo/initial_estimator/service/frontend/capture/m_valid_INST_0/O
                         net (fo=4, routed)           0.604     4.010    sfo/initial_estimator/service/frontend/raw_valid
    SLICE_X91Y67         LUT6 (Prop_F6LUT_SLICEM_I1_O)
                                                      0.123     4.133 r  sfo/initial_estimator/service/frontend/correction_i_2/O
                         net (fo=3, routed)           0.145     4.278    sfo/initial_estimator/service/frontend/correction/s_valid
    SLICE_X91Y64         LUT6 (Prop_E6LUT_SLICEM_I2_O)
                                                      0.037     4.315 r  sfo/initial_estimator/service/frontend/correction/u_dds_i_2/O
                         net (fo=6, routed)           0.372     4.687    sfo/initial_estimator/service/frontend/correction/u_dds/s_valid
    SLICE_X79Y62         LUT4 (Prop_A5LUT_SLICEL_I0_O)
                                                      0.100     4.787 r  sfo/initial_estimator/service/frontend/correction/u_dds/s_ready_INST_0_i_2/O
                         net (fo=145, routed)         0.152     4.939    sfo/initial_estimator/service/frontend/correction/u_dds/s_ready_INST_0_i_2_n_0
    SLICE_X79Y61         LUT6 (Prop_A6LUT_SLICEL_I1_O)
                                                      0.149     5.088 r  sfo/initial_estimator/service/frontend/correction/u_dds/s_ready_INST_0/O
                         net (fo=3, routed)           0.322     5.410    sfo/initial_estimator/service/frontend/correction/dds_s_ready
    SLICE_X91Y64         LUT6 (Prop_F6LUT_SLICEM_I1_O)
                                                      0.098     5.508 r  sfo/initial_estimator/service/frontend/correction/s_ready_INST_0/O
                         net (fo=2, routed)           0.255     5.763    sfo/initial_estimator/service/frontend/cfo_ready
    SLICE_X93Y68         LUT4 (Prop_G6LUT_SLICEL_I1_O)
                                                      0.050     5.813 r  sfo/initial_estimator/service/frontend/capture_i_7/O
                         net (fo=1, routed)           0.262     6.075    sfo/initial_estimator/service/frontend/capture/m_ready
    SLICE_X100Y68        LUT2 (Prop_D5LUT_SLICEM_I0_O)
                                                      0.135     6.210 r  sfo/initial_estimator/service/frontend/capture/u_reader_i_3/O
                         net (fo=1, routed)           0.218     6.428    sfo/initial_estimator/service/frontend/capture/u_reader/m_ready
    SLICE_X100Y68        LUT4 (Prop_C5LUT_SLICEM_I0_O)
                                                      0.099     6.527 r  sfo/initial_estimator/service/frontend/capture/u_reader/u_output_fifo_i_130/O
                         net (fo=8, routed)           0.363     6.890    sfo/initial_estimator/service/frontend/capture/u_reader/u_output_fifo/xpm_fifo_base_inst/rd_en
    SLICE_X94Y66         LUT4 (Prop_D5LUT_SLICEM_I2_O)
                                                      0.135     7.025 r  sfo/initial_estimator/service/frontend/capture/u_reader/u_output_fifo/xpm_fifo_base_inst/gen_sdpram.xpm_memory_base_inst_i_2/O
                         net (fo=356, routed)         0.728     7.753    sfo/initial_estimator/service/frontend/capture/u_reader/u_output_fifo/xpm_fifo_base_inst/gen_sdpram.xpm_memory_base_inst/enb
    SLICE_X87Y57         FDRE                                         r  sfo/initial_estimator/service/frontend/capture/u_reader/u_output_fifo/xpm_fifo_base_inst/gen_sdpram.xpm_memory_base_inst/gen_rd_b.doutb_reg_reg[181]/CE
  -------------------------------------------------------------------    -------------------

                         (clock clk125 rise edge)     8.000     8.000 r  
                                                      0.000     8.000 r  clk125 (IN)
                         net (fo=95401, unset)        0.021     8.021    sfo/initial_estimator/service/frontend/capture/u_reader/u_output_fifo/xpm_fifo_base_inst/gen_sdpram.xpm_memory_base_inst/clka
    SLICE_X87Y57         FDRE                                         r  sfo/initial_estimator/service/frontend/capture/u_reader/u_output_fifo/xpm_fifo_base_inst/gen_sdpram.xpm_memory_base_inst/gen_rd_b.doutb_reg_reg[181]/C
                         clock pessimism              0.000     8.021    
                         clock uncertainty           -0.035     7.986    
    SLICE_X87Y57         FDRE (Setup_GFF_SLICEM_C_CE)
                                                     -0.061     7.925    sfo/initial_estimator/service/frontend/capture/u_reader/u_output_fifo/xpm_fifo_base_inst/gen_sdpram.xpm_memory_base_inst/gen_rd_b.doutb_reg_reg[181]
  -------------------------------------------------------------------
                         required time                          7.925    
                         arrival time                          -7.753    
  -------------------------------------------------------------------
                         slack                                  0.172    





Min Delay Paths
--------------------------------------------------------------------------------------
Slack (MET) :             0.019ns  (arrival time - required time)
  Source:                 sfo/initial_estimator/service/backend/backend/divider/divider/U0/i_synth/i_nonzero_fract.i_synth/i_algo_r2_or_lutmult.i_nonzero_fract.i_sdivider/i_sdivider.divider_blk/div_loop[13].inv_not_gen.inv_thr/opt_has_pipe.first_q_reg[0]/C
                            (rising edge-triggered cell FDSE clocked by clk125  {rise@0.000ns fall@4.000ns period=8.000ns})
  Destination:            sfo/initial_estimator/service/backend/backend/divider/divider/U0/i_synth/i_nonzero_fract.i_synth/i_algo_r2_or_lutmult.i_nonzero_fract.i_sdivider/i_sdivider.divider_blk/div_loop[16].quot_gen.quot_reg.i_div_n1.quot_out/opt_has_pipe.first_q_reg[5]/D
                            (rising edge-triggered cell FDSE clocked by clk125  {rise@0.000ns fall@4.000ns period=8.000ns})
  Path Group:             clk125
  Path Type:              Hold (Min at Fast Process Corner)
  Requirement:            0.000ns  (clk125 rise@0.000ns - clk125 rise@0.000ns)
  Data Path Delay:        0.072ns  (logic 0.039ns (54.167%)  route 0.033ns (45.833%))
  Logic Levels:           0  
  Clock Path Skew:        0.006ns (DCD - SCD - CPR)
    Destination Clock Delay (DCD):    0.018ns
    Source Clock Delay      (SCD):    0.012ns
    Clock Pessimism Removal (CPR):    -0.000ns

    Location             Delay type                Incr(ns)  Path(ns)    Netlist Resource(s)
  -------------------------------------------------------------------    -------------------
                         (clock clk125 rise edge)     0.000     0.000 r  
                                                      0.000     0.000 r  clk125 (IN)
                         net (fo=95401, unset)        0.012     0.012    sfo/initial_estimator/service/backend/backend/divider/divider/U0/i_synth/i_nonzero_fract.i_synth/i_algo_r2_or_lutmult.i_nonzero_fract.i_sdivider/i_sdivider.divider_blk/div_loop[13].inv_not_gen.inv_thr/aclk
    SLICE_X3Y33          FDSE                                         r  sfo/initial_estimator/service/backend/backend/divider/divider/U0/i_synth/i_nonzero_fract.i_synth/i_algo_r2_or_lutmult.i_nonzero_fract.i_sdivider/i_sdivider.divider_blk/div_loop[13].inv_not_gen.inv_thr/opt_has_pipe.first_q_reg[0]/C
  -------------------------------------------------------------------    -------------------
    SLICE_X3Y33          FDSE (Prop_BFF_SLICEL_C_Q)
                                                      0.039     0.051 r  sfo/initial_estimator/service/backend/backend/divider/divider/U0/i_synth/i_nonzero_fract.i_synth/i_algo_r2_or_lutmult.i_nonzero_fract.i_sdivider/i_sdivider.divider_blk/div_loop[13].inv_not_gen.inv_thr/opt_has_pipe.first_q_reg[0]/Q
                         net (fo=2, routed)           0.033     0.084    sfo/initial_estimator/service/backend/backend/divider/divider/U0/i_synth/i_nonzero_fract.i_synth/i_algo_r2_or_lutmult.i_nonzero_fract.i_sdivider/i_sdivider.divider_blk/div_loop[16].quot_gen.quot_reg.i_div_n1.quot_out/opt_has_pipe.first_q_reg[15]_0[5]
    SLICE_X3Y33          FDSE                                         r  sfo/initial_estimator/service/backend/backend/divider/divider/U0/i_synth/i_nonzero_fract.i_synth/i_algo_r2_or_lutmult.i_nonzero_fract.i_sdivider/i_sdivider.divider_blk/div_loop[16].quot_gen.quot_reg.i_div_n1.quot_out/opt_has_pipe.first_q_reg[5]/D
  -------------------------------------------------------------------    -------------------

                         (clock clk125 rise edge)     0.000     0.000 r  
                                                      0.000     0.000 r  clk125 (IN)
                         net (fo=95401, unset)        0.018     0.018    sfo/initial_estimator/service/backend/backend/divider/divider/U0/i_synth/i_nonzero_fract.i_synth/i_algo_r2_or_lutmult.i_nonzero_fract.i_sdivider/i_sdivider.divider_blk/div_loop[16].quot_gen.quot_reg.i_div_n1.quot_out/aclk
    SLICE_X3Y33          FDSE                                         r  sfo/initial_estimator/service/backend/backend/divider/divider/U0/i_synth/i_nonzero_fract.i_synth/i_algo_r2_or_lutmult.i_nonzero_fract.i_sdivider/i_sdivider.divider_blk/div_loop[16].quot_gen.quot_reg.i_div_n1.quot_out/opt_has_pipe.first_q_reg[5]/C
                         clock pessimism              0.000     0.018    
    SLICE_X3Y33          FDSE (Hold_CFF2_SLICEL_C_D)
                                                      0.047     0.065    sfo/initial_estimator/service/backend/backend/divider/divider/U0/i_synth/i_nonzero_fract.i_synth/i_algo_r2_or_lutmult.i_nonzero_fract.i_sdivider/i_sdivider.divider_blk/div_loop[16].quot_gen.quot_reg.i_div_n1.quot_out/opt_has_pipe.first_q_reg[5]
  -------------------------------------------------------------------
                         required time                         -0.065    
                         arrival time                           0.084    
  -------------------------------------------------------------------
                         slack                                  0.019    

Slack (MET) :             0.023ns  (arrival time - required time)
  Source:                 sfo/initial_estimator/service/frontend/correction/u_gain/g_lane[0].u_lane/u_ratio/U0/i_synth/i_nonzero_fract.i_synth/i_algo_r2_or_lutmult.i_nonzero_fract.i_sdivider/i_sdivider.divider_blk/div_loop[12].divisor_gen.divisor_dc1.del_divisor_msbs/opt_has_pipe.first_q_reg[5]/C
                            (rising edge-triggered cell FDRE clocked by clk125  {rise@0.000ns fall@4.000ns period=8.000ns})
  Destination:            sfo/initial_estimator/service/frontend/correction/u_gain/g_lane[0].u_lane/u_ratio/U0/i_synth/i_nonzero_fract.i_synth/i_algo_r2_or_lutmult.i_nonzero_fract.i_sdivider/i_sdivider.divider_blk/div_loop[13].divisor_gen.divisor_dc1.del_divisor_msbs/opt_has_pipe.first_q_reg[5]/D
                            (rising edge-triggered cell FDRE clocked by clk125  {rise@0.000ns fall@4.000ns period=8.000ns})
  Path Group:             clk125
  Path Type:              Hold (Min at Fast Process Corner)
  Requirement:            0.000ns  (clk125 rise@0.000ns - clk125 rise@0.000ns)
  Data Path Delay:        0.076ns  (logic 0.039ns (51.316%)  route 0.037ns (48.684%))
  Logic Levels:           0  
  Clock Path Skew:        0.006ns (DCD - SCD - CPR)
    Destination Clock Delay (DCD):    0.018ns
    Source Clock Delay      (SCD):    0.012ns
    Clock Pessimism Removal (CPR):    -0.000ns

    Location             Delay type                Incr(ns)  Path(ns)    Netlist Resource(s)
  -------------------------------------------------------------------    -------------------
                         (clock clk125 rise edge)     0.000     0.000 r  
                                                      0.000     0.000 r  clk125 (IN)
                         net (fo=95401, unset)        0.012     0.012    sfo/initial_estimator/service/frontend/correction/u_gain/g_lane[0].u_lane/u_ratio/U0/i_synth/i_nonzero_fract.i_synth/i_algo_r2_or_lutmult.i_nonzero_fract.i_sdivider/i_sdivider.divider_blk/div_loop[12].divisor_gen.divisor_dc1.del_divisor_msbs/aclk
    SLICE_X49Y41         FDRE                                         r  sfo/initial_estimator/service/frontend/correction/u_gain/g_lane[0].u_lane/u_ratio/U0/i_synth/i_nonzero_fract.i_synth/i_algo_r2_or_lutmult.i_nonzero_fract.i_sdivider/i_sdivider.divider_blk/div_loop[12].divisor_gen.divisor_dc1.del_divisor_msbs/opt_has_pipe.first_q_reg[5]/C
  -------------------------------------------------------------------    -------------------
    SLICE_X49Y41         FDRE (Prop_BFF_SLICEL_C_Q)
                                                      0.039     0.051 r  sfo/initial_estimator/service/frontend/correction/u_gain/g_lane[0].u_lane/u_ratio/U0/i_synth/i_nonzero_fract.i_synth/i_algo_r2_or_lutmult.i_nonzero_fract.i_sdivider/i_sdivider.divider_blk/div_loop[12].divisor_gen.divisor_dc1.del_divisor_msbs/opt_has_pipe.first_q_reg[5]/Q
                         net (fo=2, routed)           0.037     0.088    sfo/initial_estimator/service/frontend/correction/u_gain/g_lane[0].u_lane/u_ratio/U0/i_synth/i_nonzero_fract.i_synth/i_algo_r2_or_lutmult.i_nonzero_fract.i_sdivider/i_sdivider.divider_blk/div_loop[13].divisor_gen.divisor_dc1.del_divisor_msbs/opt_has_pipe.first_q_reg[36]_0[5]
    SLICE_X49Y41         FDRE                                         r  sfo/initial_estimator/service/frontend/correction/u_gain/g_lane[0].u_lane/u_ratio/U0/i_synth/i_nonzero_fract.i_synth/i_algo_r2_or_lutmult.i_nonzero_fract.i_sdivider/i_sdivider.divider_blk/div_loop[13].divisor_gen.divisor_dc1.del_divisor_msbs/opt_has_pipe.first_q_reg[5]/D
  -------------------------------------------------------------------    -------------------

                         (clock clk125 rise edge)     0.000     0.000 r  
                                                      0.000     0.000 r  clk125 (IN)
                         net (fo=95401, unset)        0.018     0.018    sfo/initial_estimator/service/frontend/correction/u_gain/g_lane[0].u_lane/u_ratio/U0/i_synth/i_nonzero_fract.i_synth/i_algo_r2_or_lutmult.i_nonzero_fract.i_sdivider/i_sdivider.divider_blk/div_loop[13].divisor_gen.divisor_dc1.del_divisor_msbs/aclk
    SLICE_X49Y41         FDRE                                         r  sfo/initial_estimator/service/frontend/correction/u_gain/g_lane[0].u_lane/u_ratio/U0/i_synth/i_nonzero_fract.i_synth/i_algo_r2_or_lutmult.i_nonzero_fract.i_sdivider/i_sdivider.divider_blk/div_loop[13].divisor_gen.divisor_dc1.del_divisor_msbs/opt_has_pipe.first_q_reg[5]/C
                         clock pessimism              0.000     0.018    
    SLICE_X49Y41         FDRE (Hold_CFF2_SLICEL_C_D)
                                                      0.047     0.065    sfo/initial_estimator/service/frontend/correction/u_gain/g_lane[0].u_lane/u_ratio/U0/i_synth/i_nonzero_fract.i_synth/i_algo_r2_or_lutmult.i_nonzero_fract.i_sdivider/i_sdivider.divider_blk/div_loop[13].divisor_gen.divisor_dc1.del_divisor_msbs/opt_has_pipe.first_q_reg[5]
  -------------------------------------------------------------------
                         required time                         -0.065    
                         arrival time                           0.088    
  -------------------------------------------------------------------
                         slack                                  0.023    

Slack (MET) :             0.023ns  (arrival time - required time)
  Source:                 sfo/initial_estimator/service/frontend/correction/u_gain/g_lane[1].u_lane/u_ratio/U0/i_synth/i_nonzero_fract.i_synth/i_algo_r2_or_lutmult.i_nonzero_fract.i_sdivider/i_sdivider.divider_blk/div_loop[28].divisor_gen.divisor_dc1.del_divisor_msbs/opt_has_pipe.first_q_reg[1]/C
                            (rising edge-triggered cell FDRE clocked by clk125  {rise@0.000ns fall@4.000ns period=8.000ns})
  Destination:            sfo/initial_estimator/service/frontend/correction/u_gain/g_lane[1].u_lane/u_ratio/U0/i_synth/i_nonzero_fract.i_synth/i_algo_r2_or_lutmult.i_nonzero_fract.i_sdivider/i_sdivider.divider_blk/div_loop[29].divisor_gen.divisor_dc1.del_divisor_msbs/opt_has_pipe.first_q_reg[1]/D
                            (rising edge-triggered cell FDRE clocked by clk125  {rise@0.000ns fall@4.000ns period=8.000ns})
  Path Group:             clk125
  Path Type:              Hold (Min at Fast Process Corner)
  Requirement:            0.000ns  (clk125 rise@0.000ns - clk125 rise@0.000ns)
  Data Path Delay:        0.076ns  (logic 0.039ns (51.316%)  route 0.037ns (48.684%))
  Logic Levels:           0  
  Clock Path Skew:        0.006ns (DCD - SCD - CPR)
    Destination Clock Delay (DCD):    0.018ns
    Source Clock Delay      (SCD):    0.012ns
    Clock Pessimism Removal (CPR):    -0.000ns

    Location             Delay type                Incr(ns)  Path(ns)    Netlist Resource(s)
  -------------------------------------------------------------------    -------------------
                         (clock clk125 rise edge)     0.000     0.000 r  
                                                      0.000     0.000 r  clk125 (IN)
                         net (fo=95401, unset)        0.012     0.012    sfo/initial_estimator/service/frontend/correction/u_gain/g_lane[1].u_lane/u_ratio/U0/i_synth/i_nonzero_fract.i_synth/i_algo_r2_or_lutmult.i_nonzero_fract.i_sdivider/i_sdivider.divider_blk/div_loop[28].divisor_gen.divisor_dc1.del_divisor_msbs/aclk
    SLICE_X105Y5         FDRE                                         r  sfo/initial_estimator/service/frontend/correction/u_gain/g_lane[1].u_lane/u_ratio/U0/i_synth/i_nonzero_fract.i_synth/i_algo_r2_or_lutmult.i_nonzero_fract.i_sdivider/i_sdivider.divider_blk/div_loop[28].divisor_gen.divisor_dc1.del_divisor_msbs/opt_has_pipe.first_q_reg[1]/C
  -------------------------------------------------------------------    -------------------
    SLICE_X105Y5         FDRE (Prop_BFF_SLICEL_C_Q)
                                                      0.039     0.051 r  sfo/initial_estimator/service/frontend/correction/u_gain/g_lane[1].u_lane/u_ratio/U0/i_synth/i_nonzero_fract.i_synth/i_algo_r2_or_lutmult.i_nonzero_fract.i_sdivider/i_sdivider.divider_blk/div_loop[28].divisor_gen.divisor_dc1.del_divisor_msbs/opt_has_pipe.first_q_reg[1]/Q
                         net (fo=2, routed)           0.037     0.088    sfo/initial_estimator/service/frontend/correction/u_gain/g_lane[1].u_lane/u_ratio/U0/i_synth/i_nonzero_fract.i_synth/i_algo_r2_or_lutmult.i_nonzero_fract.i_sdivider/i_sdivider.divider_blk/div_loop[29].divisor_gen.divisor_dc1.del_divisor_msbs/opt_has_pipe.first_q_reg[36]_0[1]
    SLICE_X105Y5         FDRE                                         r  sfo/initial_estimator/service/frontend/correction/u_gain/g_lane[1].u_lane/u_ratio/U0/i_synth/i_nonzero_fract.i_synth/i_algo_r2_or_lutmult.i_nonzero_fract.i_sdivider/i_sdivider.divider_blk/div_loop[29].divisor_gen.divisor_dc1.del_divisor_msbs/opt_has_pipe.first_q_reg[1]/D
  -------------------------------------------------------------------    -------------------

                         (clock clk125 rise edge)     0.000     0.000 r  
                                                      0.000     0.000 r  clk125 (IN)
                         net (fo=95401, unset)        0.018     0.018    sfo/initial_estimator/service/frontend/correction/u_gain/g_lane[1].u_lane/u_ratio/U0/i_synth/i_nonzero_fract.i_synth/i_algo_r2_or_lutmult.i_nonzero_fract.i_sdivider/i_sdivider.divider_blk/div_loop[29].divisor_gen.divisor_dc1.del_divisor_msbs/aclk
    SLICE_X105Y5         FDRE                                         r  sfo/initial_estimator/service/frontend/correction/u_gain/g_lane[1].u_lane/u_ratio/U0/i_synth/i_nonzero_fract.i_synth/i_algo_r2_or_lutmult.i_nonzero_fract.i_sdivider/i_sdivider.divider_blk/div_loop[29].divisor_gen.divisor_dc1.del_divisor_msbs/opt_has_pipe.first_q_reg[1]/C
                         clock pessimism              0.000     0.018    
    SLICE_X105Y5         FDRE (Hold_CFF2_SLICEL_C_D)
                                                      0.047     0.065    sfo/initial_estimator/service/frontend/correction/u_gain/g_lane[1].u_lane/u_ratio/U0/i_synth/i_nonzero_fract.i_synth/i_algo_r2_or_lutmult.i_nonzero_fract.i_sdivider/i_sdivider.divider_blk/div_loop[29].divisor_gen.divisor_dc1.del_divisor_msbs/opt_has_pipe.first_q_reg[1]
  -------------------------------------------------------------------
                         required time                         -0.065    
                         arrival time                           0.088    
  -------------------------------------------------------------------
                         slack                                  0.023    

Slack (MET) :             0.023ns  (arrival time - required time)
  Source:                 sfo/initial_estimator/service/frontend/correction/u_gain/g_lane[2].u_lane/u_ratio/U0/i_synth/i_nonzero_fract.i_synth/i_algo_r2_or_lutmult.i_nonzero_fract.i_sdivider/i_sdivider.divider_blk/div_loop[41].divisor_gen.divisor_dc1.del_divisor_msbs/opt_has_pipe.first_q_reg[13]/C
                            (rising edge-triggered cell FDRE clocked by clk125  {rise@0.000ns fall@4.000ns period=8.000ns})
  Destination:            sfo/initial_estimator/service/frontend/correction/u_gain/g_lane[2].u_lane/u_ratio/U0/i_synth/i_nonzero_fract.i_synth/i_algo_r2_or_lutmult.i_nonzero_fract.i_sdivider/i_sdivider.divider_blk/div_loop[42].divisor_gen.divisor_dc1.del_divisor_msbs/opt_has_pipe.first_q_reg[13]/D
                            (rising edge-triggered cell FDRE clocked by clk125  {rise@0.000ns fall@4.000ns period=8.000ns})
  Path Group:             clk125
  Path Type:              Hold (Min at Fast Process Corner)
  Requirement:            0.000ns  (clk125 rise@0.000ns - clk125 rise@0.000ns)
  Data Path Delay:        0.076ns  (logic 0.039ns (51.316%)  route 0.037ns (48.684%))
  Logic Levels:           0  
  Clock Path Skew:        0.006ns (DCD - SCD - CPR)
    Destination Clock Delay (DCD):    0.018ns
    Source Clock Delay      (SCD):    0.012ns
    Clock Pessimism Removal (CPR):    -0.000ns

    Location             Delay type                Incr(ns)  Path(ns)    Netlist Resource(s)
  -------------------------------------------------------------------    -------------------
                         (clock clk125 rise edge)     0.000     0.000 r  
                                                      0.000     0.000 r  clk125 (IN)
                         net (fo=95401, unset)        0.012     0.012    sfo/initial_estimator/service/frontend/correction/u_gain/g_lane[2].u_lane/u_ratio/U0/i_synth/i_nonzero_fract.i_synth/i_algo_r2_or_lutmult.i_nonzero_fract.i_sdivider/i_sdivider.divider_blk/div_loop[41].divisor_gen.divisor_dc1.del_divisor_msbs/aclk
    SLICE_X45Y90         FDRE                                         r  sfo/initial_estimator/service/frontend/correction/u_gain/g_lane[2].u_lane/u_ratio/U0/i_synth/i_nonzero_fract.i_synth/i_algo_r2_or_lutmult.i_nonzero_fract.i_sdivider/i_sdivider.divider_blk/div_loop[41].divisor_gen.divisor_dc1.del_divisor_msbs/opt_has_pipe.first_q_reg[13]/C
  -------------------------------------------------------------------    -------------------
    SLICE_X45Y90         FDRE (Prop_BFF_SLICEL_C_Q)
                                                      0.039     0.051 r  sfo/initial_estimator/service/frontend/correction/u_gain/g_lane[2].u_lane/u_ratio/U0/i_synth/i_nonzero_fract.i_synth/i_algo_r2_or_lutmult.i_nonzero_fract.i_sdivider/i_sdivider.divider_blk/div_loop[41].divisor_gen.divisor_dc1.del_divisor_msbs/opt_has_pipe.first_q_reg[13]/Q
                         net (fo=2, routed)           0.037     0.088    sfo/initial_estimator/service/frontend/correction/u_gain/g_lane[2].u_lane/u_ratio/U0/i_synth/i_nonzero_fract.i_synth/i_algo_r2_or_lutmult.i_nonzero_fract.i_sdivider/i_sdivider.divider_blk/div_loop[42].divisor_gen.divisor_dc1.del_divisor_msbs/opt_has_pipe.first_q_reg[36]_0[13]
    SLICE_X45Y90         FDRE                                         r  sfo/initial_estimator/service/frontend/correction/u_gain/g_lane[2].u_lane/u_ratio/U0/i_synth/i_nonzero_fract.i_synth/i_algo_r2_or_lutmult.i_nonzero_fract.i_sdivider/i_sdivider.divider_blk/div_loop[42].divisor_gen.divisor_dc1.del_divisor_msbs/opt_has_pipe.first_q_reg[13]/D
  -------------------------------------------------------------------    -------------------

                         (clock clk125 rise edge)     0.000     0.000 r  
                                                      0.000     0.000 r  clk125 (IN)
                         net (fo=95401, unset)        0.018     0.018    sfo/initial_estimator/service/frontend/correction/u_gain/g_lane[2].u_lane/u_ratio/U0/i_synth/i_nonzero_fract.i_synth/i_algo_r2_or_lutmult.i_nonzero_fract.i_sdivider/i_sdivider.divider_blk/div_loop[42].divisor_gen.divisor_dc1.del_divisor_msbs/aclk
    SLICE_X45Y90         FDRE                                         r  sfo/initial_estimator/service/frontend/correction/u_gain/g_lane[2].u_lane/u_ratio/U0/i_synth/i_nonzero_fract.i_synth/i_algo_r2_or_lutmult.i_nonzero_fract.i_sdivider/i_sdivider.divider_blk/div_loop[42].divisor_gen.divisor_dc1.del_divisor_msbs/opt_has_pipe.first_q_reg[13]/C
                         clock pessimism              0.000     0.018    
    SLICE_X45Y90         FDRE (Hold_CFF2_SLICEL_C_D)
                                                      0.047     0.065    sfo/initial_estimator/service/frontend/correction/u_gain/g_lane[2].u_lane/u_ratio/U0/i_synth/i_nonzero_fract.i_synth/i_algo_r2_or_lutmult.i_nonzero_fract.i_sdivider/i_sdivider.divider_blk/div_loop[42].divisor_gen.divisor_dc1.del_divisor_msbs/opt_has_pipe.first_q_reg[13]
  -------------------------------------------------------------------
                         required time                         -0.065    
                         arrival time                           0.088    
  -------------------------------------------------------------------
                         slack                                  0.023    

Slack (MET) :             0.023ns  (arrival time - required time)
  Source:                 sfo/initial_estimator/service/frontend/correction/u_gain/g_lane[3].u_lane/u_ratio/U0/i_synth/i_nonzero_fract.i_synth/i_algo_r2_or_lutmult.i_nonzero_fract.i_sdivider/i_sdivider.divider_blk/div_loop[10].divisor_gen.divisor_dc1.del_divisor_msbs/opt_has_pipe.first_q_reg[25]/C
                            (rising edge-triggered cell FDRE clocked by clk125  {rise@0.000ns fall@4.000ns period=8.000ns})
  Destination:            sfo/initial_estimator/service/frontend/correction/u_gain/g_lane[3].u_lane/u_ratio/U0/i_synth/i_nonzero_fract.i_synth/i_algo_r2_or_lutmult.i_nonzero_fract.i_sdivider/i_sdivider.divider_blk/div_loop[11].divisor_gen.divisor_dc1.del_divisor_msbs/opt_has_pipe.first_q_reg[25]/D
                            (rising edge-triggered cell FDRE clocked by clk125  {rise@0.000ns fall@4.000ns period=8.000ns})
  Path Group:             clk125
  Path Type:              Hold (Min at Fast Process Corner)
  Requirement:            0.000ns  (clk125 rise@0.000ns - clk125 rise@0.000ns)
  Data Path Delay:        0.076ns  (logic 0.039ns (51.316%)  route 0.037ns (48.684%))
  Logic Levels:           0  
  Clock Path Skew:        0.006ns (DCD - SCD - CPR)
    Destination Clock Delay (DCD):    0.018ns
    Source Clock Delay      (SCD):    0.012ns
    Clock Pessimism Removal (CPR):    -0.000ns

    Location             Delay type                Incr(ns)  Path(ns)    Netlist Resource(s)
  -------------------------------------------------------------------    -------------------
                         (clock clk125 rise edge)     0.000     0.000 r  
                                                      0.000     0.000 r  clk125 (IN)
                         net (fo=95401, unset)        0.012     0.012    sfo/initial_estimator/service/frontend/correction/u_gain/g_lane[3].u_lane/u_ratio/U0/i_synth/i_nonzero_fract.i_synth/i_algo_r2_or_lutmult.i_nonzero_fract.i_sdivider/i_sdivider.divider_blk/div_loop[10].divisor_gen.divisor_dc1.del_divisor_msbs/aclk
    SLICE_X96Y98         FDRE                                         r  sfo/initial_estimator/service/frontend/correction/u_gain/g_lane[3].u_lane/u_ratio/U0/i_synth/i_nonzero_fract.i_synth/i_algo_r2_or_lutmult.i_nonzero_fract.i_sdivider/i_sdivider.divider_blk/div_loop[10].divisor_gen.divisor_dc1.del_divisor_msbs/opt_has_pipe.first_q_reg[25]/C
  -------------------------------------------------------------------    -------------------
    SLICE_X96Y98         FDRE (Prop_BFF_SLICEL_C_Q)
                                                      0.039     0.051 r  sfo/initial_estimator/service/frontend/correction/u_gain/g_lane[3].u_lane/u_ratio/U0/i_synth/i_nonzero_fract.i_synth/i_algo_r2_or_lutmult.i_nonzero_fract.i_sdivider/i_sdivider.divider_blk/div_loop[10].divisor_gen.divisor_dc1.del_divisor_msbs/opt_has_pipe.first_q_reg[25]/Q
                         net (fo=2, routed)           0.037     0.088    sfo/initial_estimator/service/frontend/correction/u_gain/g_lane[3].u_lane/u_ratio/U0/i_synth/i_nonzero_fract.i_synth/i_algo_r2_or_lutmult.i_nonzero_fract.i_sdivider/i_sdivider.divider_blk/div_loop[11].divisor_gen.divisor_dc1.del_divisor_msbs/opt_has_pipe.first_q_reg[36]_0[25]
    SLICE_X96Y98         FDRE                                         r  sfo/initial_estimator/service/frontend/correction/u_gain/g_lane[3].u_lane/u_ratio/U0/i_synth/i_nonzero_fract.i_synth/i_algo_r2_or_lutmult.i_nonzero_fract.i_sdivider/i_sdivider.divider_blk/div_loop[11].divisor_gen.divisor_dc1.del_divisor_msbs/opt_has_pipe.first_q_reg[25]/D
  -------------------------------------------------------------------    -------------------

                         (clock clk125 rise edge)     0.000     0.000 r  
                                                      0.000     0.000 r  clk125 (IN)
                         net (fo=95401, unset)        0.018     0.018    sfo/initial_estimator/service/frontend/correction/u_gain/g_lane[3].u_lane/u_ratio/U0/i_synth/i_nonzero_fract.i_synth/i_algo_r2_or_lutmult.i_nonzero_fract.i_sdivider/i_sdivider.divider_blk/div_loop[11].divisor_gen.divisor_dc1.del_divisor_msbs/aclk
    SLICE_X96Y98         FDRE                                         r  sfo/initial_estimator/service/frontend/correction/u_gain/g_lane[3].u_lane/u_ratio/U0/i_synth/i_nonzero_fract.i_synth/i_algo_r2_or_lutmult.i_nonzero_fract.i_sdivider/i_sdivider.divider_blk/div_loop[11].divisor_gen.divisor_dc1.del_divisor_msbs/opt_has_pipe.first_q_reg[25]/C
                         clock pessimism              0.000     0.018    
    SLICE_X96Y98         FDRE (Hold_CFF2_SLICEL_C_D)
                                                      0.047     0.065    sfo/initial_estimator/service/frontend/correction/u_gain/g_lane[3].u_lane/u_ratio/U0/i_synth/i_nonzero_fract.i_synth/i_algo_r2_or_lutmult.i_nonzero_fract.i_sdivider/i_sdivider.divider_blk/div_loop[11].divisor_gen.divisor_dc1.del_divisor_msbs/opt_has_pipe.first_q_reg[25]
  -------------------------------------------------------------------
                         required time                         -0.065    
                         arrival time                           0.088    
  -------------------------------------------------------------------
                         slack                                  0.023    

Slack (MET) :             0.023ns  (arrival time - required time)
  Source:                 sfo/initial_estimator/service/frontend/correction/u_gain/g_lane[2].u_lane/u_ratio/U0/i_synth/i_nonzero_fract.i_synth/i_algo_r2_or_lutmult.i_nonzero_fract.i_sdivider/i_sdivider.divider_blk/div_loop[19].divisor_gen.divisor_dc1.del_divisor_msbs/opt_has_pipe.first_q_reg[12]/C
                            (rising edge-triggered cell FDRE clocked by clk125  {rise@0.000ns fall@4.000ns period=8.000ns})
  Destination:            sfo/initial_estimator/service/frontend/correction/u_gain/g_lane[2].u_lane/u_ratio/U0/i_synth/i_nonzero_fract.i_synth/i_algo_r2_or_lutmult.i_nonzero_fract.i_sdivider/i_sdivider.divider_blk/div_loop[20].divisor_gen.divisor_dc1.del_divisor_msbs/opt_has_pipe.first_q_reg[12]/D
                            (rising edge-triggered cell FDRE clocked by clk125  {rise@0.000ns fall@4.000ns period=8.000ns})
  Path Group:             clk125
  Path Type:              Hold (Min at Fast Process Corner)
  Requirement:            0.000ns  (clk125 rise@0.000ns - clk125 rise@0.000ns)
  Data Path Delay:        0.076ns  (logic 0.039ns (51.316%)  route 0.037ns (48.684%))
  Logic Levels:           0  
  Clock Path Skew:        0.006ns (DCD - SCD - CPR)
    Destination Clock Delay (DCD):    0.019ns
    Source Clock Delay      (SCD):    0.013ns
    Clock Pessimism Removal (CPR):    -0.000ns

    Location             Delay type                Incr(ns)  Path(ns)    Netlist Resource(s)
  -------------------------------------------------------------------    -------------------
                         (clock clk125 rise edge)     0.000     0.000 r  
                                                      0.000     0.000 r  clk125 (IN)
                         net (fo=95401, unset)        0.013     0.013    sfo/initial_estimator/service/frontend/correction/u_gain/g_lane[2].u_lane/u_ratio/U0/i_synth/i_nonzero_fract.i_synth/i_algo_r2_or_lutmult.i_nonzero_fract.i_sdivider/i_sdivider.divider_blk/div_loop[19].divisor_gen.divisor_dc1.del_divisor_msbs/aclk
    SLICE_X49Y102        FDRE                                         r  sfo/initial_estimator/service/frontend/correction/u_gain/g_lane[2].u_lane/u_ratio/U0/i_synth/i_nonzero_fract.i_synth/i_algo_r2_or_lutmult.i_nonzero_fract.i_sdivider/i_sdivider.divider_blk/div_loop[19].divisor_gen.divisor_dc1.del_divisor_msbs/opt_has_pipe.first_q_reg[12]/C
  -------------------------------------------------------------------    -------------------
    SLICE_X49Y102        FDRE (Prop_HFF_SLICEL_C_Q)
                                                      0.039     0.052 r  sfo/initial_estimator/service/frontend/correction/u_gain/g_lane[2].u_lane/u_ratio/U0/i_synth/i_nonzero_fract.i_synth/i_algo_r2_or_lutmult.i_nonzero_fract.i_sdivider/i_sdivider.divider_blk/div_loop[19].divisor_gen.divisor_dc1.del_divisor_msbs/opt_has_pipe.first_q_reg[12]/Q
                         net (fo=2, routed)           0.037     0.089    sfo/initial_estimator/service/frontend/correction/u_gain/g_lane[2].u_lane/u_ratio/U0/i_synth/i_nonzero_fract.i_synth/i_algo_r2_or_lutmult.i_nonzero_fract.i_sdivider/i_sdivider.divider_blk/div_loop[20].divisor_gen.divisor_dc1.del_divisor_msbs/opt_has_pipe.first_q_reg[36]_0[12]
    SLICE_X49Y102        FDRE                                         r  sfo/initial_estimator/service/frontend/correction/u_gain/g_lane[2].u_lane/u_ratio/U0/i_synth/i_nonzero_fract.i_synth/i_algo_r2_or_lutmult.i_nonzero_fract.i_sdivider/i_sdivider.divider_blk/div_loop[20].divisor_gen.divisor_dc1.del_divisor_msbs/opt_has_pipe.first_q_reg[12]/D
  -------------------------------------------------------------------    -------------------

                         (clock clk125 rise edge)     0.000     0.000 r  
                                                      0.000     0.000 r  clk125 (IN)
                         net (fo=95401, unset)        0.019     0.019    sfo/initial_estimator/service/frontend/correction/u_gain/g_lane[2].u_lane/u_ratio/U0/i_synth/i_nonzero_fract.i_synth/i_algo_r2_or_lutmult.i_nonzero_fract.i_sdivider/i_sdivider.divider_blk/div_loop[20].divisor_gen.divisor_dc1.del_divisor_msbs/aclk
    SLICE_X49Y102        FDRE                                         r  sfo/initial_estimator/service/frontend/correction/u_gain/g_lane[2].u_lane/u_ratio/U0/i_synth/i_nonzero_fract.i_synth/i_algo_r2_or_lutmult.i_nonzero_fract.i_sdivider/i_sdivider.divider_blk/div_loop[20].divisor_gen.divisor_dc1.del_divisor_msbs/opt_has_pipe.first_q_reg[12]/C
                         clock pessimism              0.000     0.019    
    SLICE_X49Y102        FDRE (Hold_HFF2_SLICEL_C_D)
                                                      0.047     0.066    sfo/initial_estimator/service/frontend/correction/u_gain/g_lane[2].u_lane/u_ratio/U0/i_synth/i_nonzero_fract.i_synth/i_algo_r2_or_lutmult.i_nonzero_fract.i_sdivider/i_sdivider.divider_blk/div_loop[20].divisor_gen.divisor_dc1.del_divisor_msbs/opt_has_pipe.first_q_reg[12]
  -------------------------------------------------------------------
                         required time                         -0.066    
                         arrival time                           0.089    
  -------------------------------------------------------------------
                         slack                                  0.023    

Slack (MET) :             0.024ns  (arrival time - required time)
  Source:                 frontend/fine_confirmation/u_quality_divider_vendor_adapter/u_quality_divider/U0/i_synth/i_nonzero_fract.i_synth/opt_high_radix.i_nonzero_fract.i_high_radix/i_quotient_collector/i_typical_case.i_addsub/i_vx5_sp3.i_casc_dsp48.i_lower_p_balance/opt_has_pipe.first_q_reg[37]/C
                            (rising edge-triggered cell FDRE clocked by clk125  {rise@0.000ns fall@4.000ns period=8.000ns})
  Destination:            frontend/fine_confirmation/u_quality_divider_vendor_adapter/u_quality_divider/U0/i_synth/i_nonzero_fract.i_synth/opt_high_radix.i_nonzero_fract.i_high_radix/i_quotient_collector/i_typical_case.i_quot_carousel_balance/opt_has_pipe.first_q_reg[37]/D
                            (rising edge-triggered cell FDRE clocked by clk125  {rise@0.000ns fall@4.000ns period=8.000ns})
  Path Group:             clk125
  Path Type:              Hold (Min at Fast Process Corner)
  Requirement:            0.000ns  (clk125 rise@0.000ns - clk125 rise@0.000ns)
  Data Path Delay:        0.077ns  (logic 0.039ns (50.649%)  route 0.038ns (49.351%))
  Logic Levels:           0  
  Clock Path Skew:        0.006ns (DCD - SCD - CPR)
    Destination Clock Delay (DCD):    0.019ns
    Source Clock Delay      (SCD):    0.013ns
    Clock Pessimism Removal (CPR):    -0.000ns

    Location             Delay type                Incr(ns)  Path(ns)    Netlist Resource(s)
  -------------------------------------------------------------------    -------------------
                         (clock clk125 rise edge)     0.000     0.000 r  
                                                      0.000     0.000 r  clk125 (IN)
                         net (fo=95401, unset)        0.013     0.013    frontend/fine_confirmation/u_quality_divider_vendor_adapter/u_quality_divider/U0/i_synth/i_nonzero_fract.i_synth/opt_high_radix.i_nonzero_fract.i_high_radix/i_quotient_collector/i_typical_case.i_addsub/i_vx5_sp3.i_casc_dsp48.i_lower_p_balance/aclk
    SLICE_X169Y225       FDRE                                         r  frontend/fine_confirmation/u_quality_divider_vendor_adapter/u_quality_divider/U0/i_synth/i_nonzero_fract.i_synth/opt_high_radix.i_nonzero_fract.i_high_radix/i_quotient_collector/i_typical_case.i_addsub/i_vx5_sp3.i_casc_dsp48.i_lower_p_balance/opt_has_pipe.first_q_reg[37]/C
  -------------------------------------------------------------------    -------------------
    SLICE_X169Y225       FDRE (Prop_EFF_SLICEL_C_Q)
                                                      0.039     0.052 r  frontend/fine_confirmation/u_quality_divider_vendor_adapter/u_quality_divider/U0/i_synth/i_nonzero_fract.i_synth/opt_high_radix.i_nonzero_fract.i_high_radix/i_quotient_collector/i_typical_case.i_addsub/i_vx5_sp3.i_casc_dsp48.i_lower_p_balance/opt_has_pipe.first_q_reg[37]/Q
                         net (fo=2, routed)           0.038     0.090    frontend/fine_confirmation/u_quality_divider_vendor_adapter/u_quality_divider/U0/i_synth/i_nonzero_fract.i_synth/opt_high_radix.i_nonzero_fract.i_high_radix/i_quotient_collector/i_typical_case.i_quot_carousel_balance/m_axis_dout_tdata[31]
    SLICE_X169Y225       FDRE                                         r  frontend/fine_confirmation/u_quality_divider_vendor_adapter/u_quality_divider/U0/i_synth/i_nonzero_fract.i_synth/opt_high_radix.i_nonzero_fract.i_high_radix/i_quotient_collector/i_typical_case.i_quot_carousel_balance/opt_has_pipe.first_q_reg[37]/D
  -------------------------------------------------------------------    -------------------

                         (clock clk125 rise edge)     0.000     0.000 r  
                                                      0.000     0.000 r  clk125 (IN)
                         net (fo=95401, unset)        0.019     0.019    frontend/fine_confirmation/u_quality_divider_vendor_adapter/u_quality_divider/U0/i_synth/i_nonzero_fract.i_synth/opt_high_radix.i_nonzero_fract.i_high_radix/i_quotient_collector/i_typical_case.i_quot_carousel_balance/aclk
    SLICE_X169Y225       FDRE                                         r  frontend/fine_confirmation/u_quality_divider_vendor_adapter/u_quality_divider/U0/i_synth/i_nonzero_fract.i_synth/opt_high_radix.i_nonzero_fract.i_high_radix/i_quotient_collector/i_typical_case.i_quot_carousel_balance/opt_has_pipe.first_q_reg[37]/C
                         clock pessimism              0.000     0.019    
    SLICE_X169Y225       FDRE (Hold_GFF2_SLICEL_C_D)
                                                      0.047     0.066    frontend/fine_confirmation/u_quality_divider_vendor_adapter/u_quality_divider/U0/i_synth/i_nonzero_fract.i_synth/opt_high_radix.i_nonzero_fract.i_high_radix/i_quotient_collector/i_typical_case.i_quot_carousel_balance/opt_has_pipe.first_q_reg[37]
  -------------------------------------------------------------------
                         required time                         -0.066    
                         arrival time                           0.090    
  -------------------------------------------------------------------
                         slack                                  0.024    

Slack (MET) :             0.026ns  (arrival time - required time)
  Source:                 sfo/initial_estimator/service/backend/backend/divider/divider/U0/i_synth/i_nonzero_fract.i_synth/i_algo_r2_or_lutmult.i_nonzero_fract.i_sdivider/i_sdivider.divider_blk/div_loop[38].inv_not_gen.inv_thr/opt_has_pipe.first_q_reg[0]/C
                            (rising edge-triggered cell FDSE clocked by clk125  {rise@0.000ns fall@4.000ns period=8.000ns})
  Destination:            sfo/initial_estimator/service/backend/backend/divider/divider/U0/i_synth/i_nonzero_fract.i_synth/i_algo_r2_or_lutmult.i_nonzero_fract.i_sdivider/i_sdivider.divider_blk/div_loop[40].quot_gen.quot_reg.i_div_n1.quot_out/opt_has_pipe.first_q_reg[6]/D
                            (rising edge-triggered cell FDSE clocked by clk125  {rise@0.000ns fall@4.000ns period=8.000ns})
  Path Group:             clk125
  Path Type:              Hold (Min at Fast Process Corner)
  Requirement:            0.000ns  (clk125 rise@0.000ns - clk125 rise@0.000ns)
  Data Path Delay:        0.079ns  (logic 0.038ns (48.101%)  route 0.041ns (51.899%))
  Logic Levels:           0  
  Clock Path Skew:        0.006ns (DCD - SCD - CPR)
    Destination Clock Delay (DCD):    0.019ns
    Source Clock Delay      (SCD):    0.013ns
    Clock Pessimism Removal (CPR):    -0.000ns

    Location             Delay type                Incr(ns)  Path(ns)    Netlist Resource(s)
  -------------------------------------------------------------------    -------------------
                         (clock clk125 rise edge)     0.000     0.000 r  
                                                      0.000     0.000 r  clk125 (IN)
                         net (fo=95401, unset)        0.013     0.013    sfo/initial_estimator/service/backend/backend/divider/divider/U0/i_synth/i_nonzero_fract.i_synth/i_algo_r2_or_lutmult.i_nonzero_fract.i_sdivider/i_sdivider.divider_blk/div_loop[38].inv_not_gen.inv_thr/aclk
    SLICE_X1Y25          FDSE                                         r  sfo/initial_estimator/service/backend/backend/divider/divider/U0/i_synth/i_nonzero_fract.i_synth/i_algo_r2_or_lutmult.i_nonzero_fract.i_sdivider/i_sdivider.divider_blk/div_loop[38].inv_not_gen.inv_thr/opt_has_pipe.first_q_reg[0]/C
  -------------------------------------------------------------------    -------------------
    SLICE_X1Y25          FDSE (Prop_BFF_SLICEM_C_Q)
                                                      0.038     0.051 r  sfo/initial_estimator/service/backend/backend/divider/divider/U0/i_synth/i_nonzero_fract.i_synth/i_algo_r2_or_lutmult.i_nonzero_fract.i_sdivider/i_sdivider.divider_blk/div_loop[38].inv_not_gen.inv_thr/opt_has_pipe.first_q_reg[0]/Q
                         net (fo=2, routed)           0.041     0.092    sfo/initial_estimator/service/backend/backend/divider/divider/U0/i_synth/i_nonzero_fract.i_synth/i_algo_r2_or_lutmult.i_nonzero_fract.i_sdivider/i_sdivider.divider_blk/div_loop[40].quot_gen.quot_reg.i_div_n1.quot_out/opt_has_pipe.first_q_reg[39]_0[6]
    SLICE_X1Y25          FDSE                                         r  sfo/initial_estimator/service/backend/backend/divider/divider/U0/i_synth/i_nonzero_fract.i_synth/i_algo_r2_or_lutmult.i_nonzero_fract.i_sdivider/i_sdivider.divider_blk/div_loop[40].quot_gen.quot_reg.i_div_n1.quot_out/opt_has_pipe.first_q_reg[6]/D
  -------------------------------------------------------------------    -------------------

                         (clock clk125 rise edge)     0.000     0.000 r  
                                                      0.000     0.000 r  clk125 (IN)
                         net (fo=95401, unset)        0.019     0.019    sfo/initial_estimator/service/backend/backend/divider/divider/U0/i_synth/i_nonzero_fract.i_synth/i_algo_r2_or_lutmult.i_nonzero_fract.i_sdivider/i_sdivider.divider_blk/div_loop[40].quot_gen.quot_reg.i_div_n1.quot_out/aclk
    SLICE_X1Y25          FDSE                                         r  sfo/initial_estimator/service/backend/backend/divider/divider/U0/i_synth/i_nonzero_fract.i_synth/i_algo_r2_or_lutmult.i_nonzero_fract.i_sdivider/i_sdivider.divider_blk/div_loop[40].quot_gen.quot_reg.i_div_n1.quot_out/opt_has_pipe.first_q_reg[6]/C
                         clock pessimism              0.000     0.019    
    SLICE_X1Y25          FDSE (Hold_CFF2_SLICEM_C_D)
                                                      0.047     0.066    sfo/initial_estimator/service/backend/backend/divider/divider/U0/i_synth/i_nonzero_fract.i_synth/i_algo_r2_or_lutmult.i_nonzero_fract.i_sdivider/i_sdivider.divider_blk/div_loop[40].quot_gen.quot_reg.i_div_n1.quot_out/opt_has_pipe.first_q_reg[6]
  -------------------------------------------------------------------
                         required time                         -0.066    
                         arrival time                           0.092    
  -------------------------------------------------------------------
                         slack                                  0.026    

Slack (MET) :             0.028ns  (arrival time - required time)
  Source:                 sfo/initial_estimator/service/backend/backend/divider/divider/U0/i_synth/i_nonzero_fract.i_synth/i_algo_r2_or_lutmult.i_nonzero_fract.i_sdivider/i_sdivider.divider_blk/div_loop[10].inv_not_gen.inv_thr/opt_has_pipe.first_q_reg[0]/C
                            (rising edge-triggered cell FDSE clocked by clk125  {rise@0.000ns fall@4.000ns period=8.000ns})
  Destination:            sfo/initial_estimator/service/backend/backend/divider/divider/U0/i_synth/i_nonzero_fract.i_synth/i_algo_r2_or_lutmult.i_nonzero_fract.i_sdivider/i_sdivider.divider_blk/div_loop[16].quot_gen.quot_reg.i_div_n1.quot_out/opt_has_pipe.first_q_reg[2]/D
                            (rising edge-triggered cell FDSE clocked by clk125  {rise@0.000ns fall@4.000ns period=8.000ns})
  Path Group:             clk125
  Path Type:              Hold (Min at Fast Process Corner)
  Requirement:            0.000ns  (clk125 rise@0.000ns - clk125 rise@0.000ns)
  Data Path Delay:        0.081ns  (logic 0.039ns (48.148%)  route 0.042ns (51.852%))
  Logic Levels:           0  
  Clock Path Skew:        0.006ns (DCD - SCD - CPR)
    Destination Clock Delay (DCD):    0.019ns
    Source Clock Delay      (SCD):    0.013ns
    Clock Pessimism Removal (CPR):    -0.000ns

    Location             Delay type                Incr(ns)  Path(ns)    Netlist Resource(s)
  -------------------------------------------------------------------    -------------------
                         (clock clk125 rise edge)     0.000     0.000 r  
                                                      0.000     0.000 r  clk125 (IN)
                         net (fo=95401, unset)        0.013     0.013    sfo/initial_estimator/service/backend/backend/divider/divider/U0/i_synth/i_nonzero_fract.i_synth/i_algo_r2_or_lutmult.i_nonzero_fract.i_sdivider/i_sdivider.divider_blk/div_loop[10].inv_not_gen.inv_thr/aclk
    SLICE_X6Y24          FDSE                                         r  sfo/initial_estimator/service/backend/backend/divider/divider/U0/i_synth/i_nonzero_fract.i_synth/i_algo_r2_or_lutmult.i_nonzero_fract.i_sdivider/i_sdivider.divider_blk/div_loop[10].inv_not_gen.inv_thr/opt_has_pipe.first_q_reg[0]/C
  -------------------------------------------------------------------    -------------------
    SLICE_X6Y24          FDSE (Prop_HFF_SLICEM_C_Q)
                                                      0.039     0.052 r  sfo/initial_estimator/service/backend/backend/divider/divider/U0/i_synth/i_nonzero_fract.i_synth/i_algo_r2_or_lutmult.i_nonzero_fract.i_sdivider/i_sdivider.divider_blk/div_loop[10].inv_not_gen.inv_thr/opt_has_pipe.first_q_reg[0]/Q
                         net (fo=2, routed)           0.042     0.094    sfo/initial_estimator/service/backend/backend/divider/divider/U0/i_synth/i_nonzero_fract.i_synth/i_algo_r2_or_lutmult.i_nonzero_fract.i_sdivider/i_sdivider.divider_blk/div_loop[16].quot_gen.quot_reg.i_div_n1.quot_out/opt_has_pipe.first_q_reg[15]_0[2]
    SLICE_X6Y24          FDSE                                         r  sfo/initial_estimator/service/backend/backend/divider/divider/U0/i_synth/i_nonzero_fract.i_synth/i_algo_r2_or_lutmult.i_nonzero_fract.i_sdivider/i_sdivider.divider_blk/div_loop[16].quot_gen.quot_reg.i_div_n1.quot_out/opt_has_pipe.first_q_reg[2]/D
  -------------------------------------------------------------------    -------------------

                         (clock clk125 rise edge)     0.000     0.000 r  
                                                      0.000     0.000 r  clk125 (IN)
                         net (fo=95401, unset)        0.019     0.019    sfo/initial_estimator/service/backend/backend/divider/divider/U0/i_synth/i_nonzero_fract.i_synth/i_algo_r2_or_lutmult.i_nonzero_fract.i_sdivider/i_sdivider.divider_blk/div_loop[16].quot_gen.quot_reg.i_div_n1.quot_out/aclk
    SLICE_X6Y24          FDSE                                         r  sfo/initial_estimator/service/backend/backend/divider/divider/U0/i_synth/i_nonzero_fract.i_synth/i_algo_r2_or_lutmult.i_nonzero_fract.i_sdivider/i_sdivider.divider_blk/div_loop[16].quot_gen.quot_reg.i_div_n1.quot_out/opt_has_pipe.first_q_reg[2]/C
                         clock pessimism              0.000     0.019    
    SLICE_X6Y24          FDSE (Hold_HFF2_SLICEM_C_D)
                                                      0.047     0.066    sfo/initial_estimator/service/backend/backend/divider/divider/U0/i_synth/i_nonzero_fract.i_synth/i_algo_r2_or_lutmult.i_nonzero_fract.i_sdivider/i_sdivider.divider_blk/div_loop[16].quot_gen.quot_reg.i_div_n1.quot_out/opt_has_pipe.first_q_reg[2]
  -------------------------------------------------------------------
                         required time                         -0.066    
                         arrival time                           0.094    
  -------------------------------------------------------------------
                         slack                                  0.028    

Slack (MET) :             0.030ns  (arrival time - required time)
  Source:                 frontend/coarse_confirmation/u_phase_quality/u_phase_magnitude_cordic/U0/i_synth/i_synth/gen_cordic.output_stage/gen_rotation.gen_translate.gen_phase_cr/inst/i_baseblox.i_baseblox_addsub/no_pipelining.the_addsub/i_lut6.i_lut6_addsub/i_q.i_simple.qreg/i_no_async_controls.output_reg[15]/C
                            (rising edge-triggered cell FDRE clocked by clk125  {rise@0.000ns fall@4.000ns period=8.000ns})
  Destination:            frontend/coarse_confirmation/u_phase_quality/u_phase_magnitude_cordic/U0/i_synth/i_synth/gen_cordic.output_stage/gen_scaling.gen_phase.gen_delay/gen_rtl.gen_dly.gen_shiftreg.delay_bus_reg[3][14]_srl4/D
                            (rising edge-triggered cell SRL16E clocked by clk125  {rise@0.000ns fall@4.000ns period=8.000ns})
  Path Group:             clk125
  Path Type:              Hold (Min at Fast Process Corner)
  Requirement:            0.000ns  (clk125 rise@0.000ns - clk125 rise@0.000ns)
  Data Path Delay:        0.095ns  (logic 0.039ns (41.053%)  route 0.056ns (58.947%))
  Logic Levels:           0  
  Clock Path Skew:        0.026ns (DCD - SCD - CPR)
    Destination Clock Delay (DCD):    0.039ns
    Source Clock Delay      (SCD):    0.013ns
    Clock Pessimism Removal (CPR):    -0.000ns

    Location             Delay type                Incr(ns)  Path(ns)    Netlist Resource(s)
  -------------------------------------------------------------------    -------------------
                         (clock clk125 rise edge)     0.000     0.000 r  
                                                      0.000     0.000 r  clk125 (IN)
                         net (fo=95401, unset)        0.013     0.013    frontend/coarse_confirmation/u_phase_quality/u_phase_magnitude_cordic/U0/i_synth/i_synth/gen_cordic.output_stage/gen_rotation.gen_translate.gen_phase_cr/inst/i_baseblox.i_baseblox_addsub/no_pipelining.the_addsub/i_lut6.i_lut6_addsub/i_q.i_simple.qreg/CLK
    SLICE_X199Y178       FDRE                                         r  frontend/coarse_confirmation/u_phase_quality/u_phase_magnitude_cordic/U0/i_synth/i_synth/gen_cordic.output_stage/gen_rotation.gen_translate.gen_phase_cr/inst/i_baseblox.i_baseblox_addsub/no_pipelining.the_addsub/i_lut6.i_lut6_addsub/i_q.i_simple.qreg/i_no_async_controls.output_reg[15]/C
  -------------------------------------------------------------------    -------------------
    SLICE_X199Y178       FDRE (Prop_GFF_SLICEL_C_Q)
                                                      0.039     0.052 r  frontend/coarse_confirmation/u_phase_quality/u_phase_magnitude_cordic/U0/i_synth/i_synth/gen_cordic.output_stage/gen_rotation.gen_translate.gen_phase_cr/inst/i_baseblox.i_baseblox_addsub/no_pipelining.the_addsub/i_lut6.i_lut6_addsub/i_q.i_simple.qreg/i_no_async_controls.output_reg[15]/Q
                         net (fo=1, routed)           0.056     0.108    frontend/coarse_confirmation/u_phase_quality/u_phase_magnitude_cordic/U0/i_synth/i_synth/gen_cordic.output_stage/gen_scaling.gen_phase.gen_delay/S[14]
    SLICE_X197Y178       SRL16E                                       r  frontend/coarse_confirmation/u_phase_quality/u_phase_magnitude_cordic/U0/i_synth/i_synth/gen_cordic.output_stage/gen_scaling.gen_phase.gen_delay/gen_rtl.gen_dly.gen_shiftreg.delay_bus_reg[3][14]_srl4/D
  -------------------------------------------------------------------    -------------------

                         (clock clk125 rise edge)     0.000     0.000 r  
                                                      0.000     0.000 r  clk125 (IN)
                         net (fo=95401, unset)        0.039     0.039    frontend/coarse_confirmation/u_phase_quality/u_phase_magnitude_cordic/U0/i_synth/i_synth/gen_cordic.output_stage/gen_scaling.gen_phase.gen_delay/aclk
    SLICE_X197Y178       SRL16E                                       r  frontend/coarse_confirmation/u_phase_quality/u_phase_magnitude_cordic/U0/i_synth/i_synth/gen_cordic.output_stage/gen_scaling.gen_phase.gen_delay/gen_rtl.gen_dly.gen_shiftreg.delay_bus_reg[3][14]_srl4/CLK
                         clock pessimism              0.000     0.039    
    SLICE_X197Y178       SRL16E (Hold_G5LUT_SLICEM_CLK_D)
                                                      0.039     0.078    frontend/coarse_confirmation/u_phase_quality/u_phase_magnitude_cordic/U0/i_synth/i_synth/gen_cordic.output_stage/gen_scaling.gen_phase.gen_delay/gen_rtl.gen_dly.gen_shiftreg.delay_bus_reg[3][14]_srl4
  -------------------------------------------------------------------
                         required time                         -0.078    
                         arrival time                           0.108    
  -------------------------------------------------------------------
                         slack                                  0.030    





Pulse Width Checks
--------------------------------------------------------------------------------------
Clock Name:         clk125
Waveform(ns):       { 0.000 4.000 }
Period(ns):         8.000
Sources:            { clk125 }

Check Type        Corner  Lib Pin             Reference Pin  Required(ns)  Actual(ns)  Slack(ns)  Location       Pin
Min Period        n/a     RAMB36E2/CLKARDCLK  n/a            1.569         8.000       6.431      RAMB36_X12Y28  frontend/acquisition/lag_history/memory/xpm_memory_base_inst/gen_wr_a.gen_word_narrow.mem_reg_0/CLKARDCLK
Min Period        n/a     RAMB36E2/CLKBWRCLK  n/a            1.569         8.000       6.431      RAMB36_X12Y28  frontend/acquisition/lag_history/memory/xpm_memory_base_inst/gen_wr_a.gen_word_narrow.mem_reg_0/CLKBWRCLK
Min Period        n/a     RAMB36E2/CLKARDCLK  n/a            1.569         8.000       6.431      RAMB36_X12Y29  frontend/acquisition/lag_history/memory/xpm_memory_base_inst/gen_wr_a.gen_word_narrow.mem_reg_1/CLKARDCLK
Min Period        n/a     RAMB36E2/CLKBWRCLK  n/a            1.569         8.000       6.431      RAMB36_X12Y29  frontend/acquisition/lag_history/memory/xpm_memory_base_inst/gen_wr_a.gen_word_narrow.mem_reg_1/CLKBWRCLK
Min Period        n/a     RAMB36E2/CLKARDCLK  n/a            1.569         8.000       6.431      RAMB36_X12Y26  frontend/acquisition/rolling/aggregate_history/memory/xpm_memory_base_inst/gen_wr_a.gen_word_narrow.mem_reg_0/CLKARDCLK
Min Period        n/a     RAMB36E2/CLKBWRCLK  n/a            1.569         8.000       6.431      RAMB36_X12Y26  frontend/acquisition/rolling/aggregate_history/memory/xpm_memory_base_inst/gen_wr_a.gen_word_narrow.mem_reg_0/CLKBWRCLK
Min Period        n/a     RAMB18E2/CLKARDCLK  n/a            1.569         8.000       6.431      RAMB18_X12Y54  frontend/acquisition/rolling/aggregate_history/memory/xpm_memory_base_inst/gen_wr_a.gen_word_narrow.mem_reg_1/CLKARDCLK
Min Period        n/a     RAMB18E2/CLKBWRCLK  n/a            1.569         8.000       6.431      RAMB18_X12Y54  frontend/acquisition/rolling/aggregate_history/memory/xpm_memory_base_inst/gen_wr_a.gen_word_narrow.mem_reg_1/CLKBWRCLK
Min Period        n/a     RAMB36E2/CLKARDCLK  n/a            1.569         8.000       6.431      RAMB36_X12Y36  frontend/candidate_snapshots/memory/xpm_memory_base_inst/gen_wr_a.gen_word_narrow.mem_reg_bram_0/CLKARDCLK
Min Period        n/a     RAMB36E2/CLKARDCLK  n/a            1.569         8.000       6.431      RAMB36_X12Y37  frontend/candidate_snapshots/memory/xpm_memory_base_inst/gen_wr_a.gen_word_narrow.mem_reg_bram_1/CLKARDCLK
Low Pulse Width   Slow    RAMB36E2/CLKARDCLK  n/a            0.542         4.000       3.458      RAMB36_X8Y43   completions/record_fifo/gnuram_async_fifo.xpm_fifo_base_inst/gen_sdpram.xpm_memory_base_inst/gen_wr_a.gen_word_narrow.mem_reg/CLKARDCLK
Low Pulse Width   Fast    RAMB36E2/CLKARDCLK  n/a            0.542         4.000       3.458      RAMB36_X8Y43   completions/record_fifo/gnuram_async_fifo.xpm_fifo_base_inst/gen_sdpram.xpm_memory_base_inst/gen_wr_a.gen_word_narrow.mem_reg/CLKARDCLK
Low Pulse Width   Slow    RAMB36E2/CLKARDCLK  n/a            0.542         4.000       3.458      RAMB36_X12Y28  frontend/acquisition/lag_history/memory/xpm_memory_base_inst/gen_wr_a.gen_word_narrow.mem_reg_0/CLKARDCLK
Low Pulse Width   Fast    RAMB36E2/CLKARDCLK  n/a            0.542         4.000       3.458      RAMB36_X12Y28  frontend/acquisition/lag_history/memory/xpm_memory_base_inst/gen_wr_a.gen_word_narrow.mem_reg_0/CLKARDCLK
Low Pulse Width   Slow    RAMB36E2/CLKBWRCLK  n/a            0.542         4.000       3.458      RAMB36_X12Y28  frontend/acquisition/lag_history/memory/xpm_memory_base_inst/gen_wr_a.gen_word_narrow.mem_reg_0/CLKBWRCLK
Low Pulse Width   Fast    RAMB36E2/CLKBWRCLK  n/a            0.542         4.000       3.458      RAMB36_X12Y28  frontend/acquisition/lag_history/memory/xpm_memory_base_inst/gen_wr_a.gen_word_narrow.mem_reg_0/CLKBWRCLK
Low Pulse Width   Slow    RAMB36E2/CLKARDCLK  n/a            0.542         4.000       3.458      RAMB36_X12Y29  frontend/acquisition/lag_history/memory/xpm_memory_base_inst/gen_wr_a.gen_word_narrow.mem_reg_1/CLKARDCLK
Low Pulse Width   Fast    RAMB36E2/CLKARDCLK  n/a            0.542         4.000       3.458      RAMB36_X12Y29  frontend/acquisition/lag_history/memory/xpm_memory_base_inst/gen_wr_a.gen_word_narrow.mem_reg_1/CLKARDCLK
Low Pulse Width   Slow    RAMB36E2/CLKBWRCLK  n/a            0.542         4.000       3.458      RAMB36_X12Y29  frontend/acquisition/lag_history/memory/xpm_memory_base_inst/gen_wr_a.gen_word_narrow.mem_reg_1/CLKBWRCLK
Low Pulse Width   Fast    RAMB36E2/CLKBWRCLK  n/a            0.542         4.000       3.458      RAMB36_X12Y29  frontend/acquisition/lag_history/memory/xpm_memory_base_inst/gen_wr_a.gen_word_narrow.mem_reg_1/CLKBWRCLK
High Pulse Width  Slow    RAMB36E2/CLKARDCLK  n/a            0.542         4.000       3.458      RAMB36_X8Y43   completions/record_fifo/gnuram_async_fifo.xpm_fifo_base_inst/gen_sdpram.xpm_memory_base_inst/gen_wr_a.gen_word_narrow.mem_reg/CLKARDCLK
High Pulse Width  Fast    RAMB36E2/CLKARDCLK  n/a            0.542         4.000       3.458      RAMB36_X8Y43   completions/record_fifo/gnuram_async_fifo.xpm_fifo_base_inst/gen_sdpram.xpm_memory_base_inst/gen_wr_a.gen_word_narrow.mem_reg/CLKARDCLK
High Pulse Width  Slow    RAMB36E2/CLKARDCLK  n/a            0.542         4.000       3.458      RAMB36_X12Y28  frontend/acquisition/lag_history/memory/xpm_memory_base_inst/gen_wr_a.gen_word_narrow.mem_reg_0/CLKARDCLK
High Pulse Width  Fast    RAMB36E2/CLKARDCLK  n/a            0.542         4.000       3.458      RAMB36_X12Y28  frontend/acquisition/lag_history/memory/xpm_memory_base_inst/gen_wr_a.gen_word_narrow.mem_reg_0/CLKARDCLK
High Pulse Width  Slow    RAMB36E2/CLKBWRCLK  n/a            0.542         4.000       3.458      RAMB36_X12Y28  frontend/acquisition/lag_history/memory/xpm_memory_base_inst/gen_wr_a.gen_word_narrow.mem_reg_0/CLKBWRCLK
High Pulse Width  Fast    RAMB36E2/CLKBWRCLK  n/a            0.542         4.000       3.458      RAMB36_X12Y28  frontend/acquisition/lag_history/memory/xpm_memory_base_inst/gen_wr_a.gen_word_narrow.mem_reg_0/CLKBWRCLK
High Pulse Width  Slow    RAMB36E2/CLKARDCLK  n/a            0.542         4.000       3.458      RAMB36_X12Y29  frontend/acquisition/lag_history/memory/xpm_memory_base_inst/gen_wr_a.gen_word_narrow.mem_reg_1/CLKARDCLK
High Pulse Width  Fast    RAMB36E2/CLKARDCLK  n/a            0.542         4.000       3.458      RAMB36_X12Y29  frontend/acquisition/lag_history/memory/xpm_memory_base_inst/gen_wr_a.gen_word_narrow.mem_reg_1/CLKARDCLK
High Pulse Width  Slow    RAMB36E2/CLKBWRCLK  n/a            0.542         4.000       3.458      RAMB36_X12Y29  frontend/acquisition/lag_history/memory/xpm_memory_base_inst/gen_wr_a.gen_word_narrow.mem_reg_1/CLKBWRCLK
High Pulse Width  Fast    RAMB36E2/CLKBWRCLK  n/a            0.542         4.000       3.458      RAMB36_X12Y29  frontend/acquisition/lag_history/memory/xpm_memory_base_inst/gen_wr_a.gen_word_narrow.mem_reg_1/CLKBWRCLK



---------------------------------------------------------------------------------------------------
From Clock:  clk150
  To Clock:  clk150

Setup :            0  Failing Endpoints,  Worst Slack        0.009ns,  Total Violation        0.000ns
Hold  :            0  Failing Endpoints,  Worst Slack        0.022ns,  Total Violation        0.000ns
PW    :            0  Failing Endpoints,  Worst Slack        2.633ns,  Total Violation        0.000ns
---------------------------------------------------------------------------------------------------


Max Delay Paths
--------------------------------------------------------------------------------------
Slack (MET) :             0.009ns  (required time - arrival time)
  Source:                 sfo/two_pass_transport/shared_raw.hub/raw_store/memory/u_frame_memory/xpm_memory_base_inst/gen_wr_a.gen_word_narrow.mem_reg_uram_8/CLK
                            (rising edge-triggered cell URAM288 clocked by clk150  {rise@0.000ns fall@3.333ns period=6.667ns})
  Destination:            sfo/two_pass_transport/shared_raw.hub/raw_store/memory/u_frame_memory/xpm_memory_base_inst/gen_rd_b.gen_doutb_pipe.doutb_pipe_reg[0][63]/D
                            (rising edge-triggered cell FDRE clocked by clk150  {rise@0.000ns fall@3.333ns period=6.667ns})
  Path Group:             clk150
  Path Type:              Setup (Max at Slow Process Corner)
  Requirement:            6.667ns  (clk150 rise@6.667ns - clk150 rise@0.000ns)
  Data Path Delay:        6.585ns  (logic 2.990ns (45.406%)  route 3.595ns (54.594%))
  Logic Levels:           13  (LUT5=6 URAM288=7)
  Clock Path Skew:        -0.063ns (DCD - SCD + CPR)
    Destination Clock Delay (DCD):    0.020ns = ( 6.687 - 6.667 ) 
    Source Clock Delay      (SCD):    0.083ns
    Clock Pessimism Removal (CPR):    0.000ns
  Clock Uncertainty:      0.035ns  ((TSJ^2 + TIJ^2)^1/2 + DJ) / 2 + PE
    Total System Jitter     (TSJ):    0.071ns
    Total Input Jitter      (TIJ):    0.000ns
    Discrete Jitter          (DJ):    0.000ns
    Phase Error              (PE):    0.000ns

    Location             Delay type                Incr(ns)  Path(ns)    Netlist Resource(s)
  -------------------------------------------------------------------    -------------------
                         (clock clk150 rise edge)     0.000     0.000 r  
                                                      0.000     0.000 r  clk150 (IN)
                         net (fo=156902, unset)       0.083     0.083    sfo/two_pass_transport/shared_raw.hub/raw_store/memory/u_frame_memory/xpm_memory_base_inst/clka
    URAM288_X1Y36        URAM288                                      r  sfo/two_pass_transport/shared_raw.hub/raw_store/memory/u_frame_memory/xpm_memory_base_inst/gen_wr_a.gen_word_narrow.mem_reg_uram_8/CLK
  -------------------------------------------------------------------    -------------------
    URAM288_X1Y36        URAM288 (Prop_URAM_288K_INST_URAM288_CLK_CAS_OUT_DOUT_A[63])
                                                      1.284     1.367 r  sfo/two_pass_transport/shared_raw.hub/raw_store/memory/u_frame_memory/xpm_memory_base_inst/gen_wr_a.gen_word_narrow.mem_reg_uram_8/CAS_OUT_DOUT_A[63]
                         net (fo=1, routed)           0.001     1.368    sfo/two_pass_transport/shared_raw.hub/raw_store/memory/u_frame_memory/xpm_memory_base_inst/gen_wr_a.gen_word_narrow.mem_reg_uram_9_Cas_DoutA_1[63]
    URAM288_X1Y37        URAM288 (Prop_URAM_288K_INST_URAM288_CAS_IN_DOUT_A[63]_CAS_OUT_DOUT_A[63])
                                                      0.183     1.551 r  sfo/two_pass_transport/shared_raw.hub/raw_store/memory/u_frame_memory/xpm_memory_base_inst/gen_wr_a.gen_word_narrow.mem_reg_uram_9/CAS_OUT_DOUT_A[63]
                         net (fo=1, routed)           0.001     1.552    sfo/two_pass_transport/shared_raw.hub/raw_store/memory/u_frame_memory/xpm_memory_base_inst/gen_wr_a.gen_word_narrow.mem_reg_uram_10_Cas_DoutA_2[63]
    URAM288_X1Y38        URAM288 (Prop_URAM_288K_INST_URAM288_CAS_IN_DOUT_A[63]_CAS_OUT_DOUT_A[63])
                                                      0.183     1.735 r  sfo/two_pass_transport/shared_raw.hub/raw_store/memory/u_frame_memory/xpm_memory_base_inst/gen_wr_a.gen_word_narrow.mem_reg_uram_10/CAS_OUT_DOUT_A[63]
                         net (fo=1, routed)           0.001     1.736    sfo/two_pass_transport/shared_raw.hub/raw_store/memory/u_frame_memory/xpm_memory_base_inst/gen_wr_a.gen_word_narrow.mem_reg_uram_11_Cas_DoutA_3[63]
    URAM288_X1Y39        URAM288 (Prop_URAM_288K_INST_URAM288_CAS_IN_DOUT_A[63]_CAS_OUT_DOUT_A[63])
                                                      0.183     1.919 r  sfo/two_pass_transport/shared_raw.hub/raw_store/memory/u_frame_memory/xpm_memory_base_inst/gen_wr_a.gen_word_narrow.mem_reg_uram_11/CAS_OUT_DOUT_A[63]
                         net (fo=1, routed)           0.014     1.933    sfo/two_pass_transport/shared_raw.hub/raw_store/memory/u_frame_memory/xpm_memory_base_inst/gen_wr_a.gen_word_narrow.mem_reg_uram_12_Cas_DoutA_4[63]
    URAM288_X1Y40        URAM288 (Prop_URAM_288K_INST_URAM288_CAS_IN_DOUT_A[63]_CAS_OUT_DOUT_A[63])
                                                      0.183     2.116 r  sfo/two_pass_transport/shared_raw.hub/raw_store/memory/u_frame_memory/xpm_memory_base_inst/gen_wr_a.gen_word_narrow.mem_reg_uram_12/CAS_OUT_DOUT_A[63]
                         net (fo=1, routed)           0.001     2.117    sfo/two_pass_transport/shared_raw.hub/raw_store/memory/u_frame_memory/xpm_memory_base_inst/gen_wr_a.gen_word_narrow.mem_reg_uram_13_Cas_DoutA_5[63]
    URAM288_X1Y41        URAM288 (Prop_URAM_288K_INST_URAM288_CAS_IN_DOUT_A[63]_CAS_OUT_DOUT_A[63])
                                                      0.183     2.300 r  sfo/two_pass_transport/shared_raw.hub/raw_store/memory/u_frame_memory/xpm_memory_base_inst/gen_wr_a.gen_word_narrow.mem_reg_uram_13/CAS_OUT_DOUT_A[63]
                         net (fo=1, routed)           0.001     2.301    sfo/two_pass_transport/shared_raw.hub/raw_store/memory/u_frame_memory/xpm_memory_base_inst/gen_wr_a.gen_word_narrow.mem_reg_uram_14_Cas_DoutA_6[63]
    URAM288_X1Y42        URAM288 (Prop_URAM_288K_INST_URAM288_CAS_IN_DOUT_A[63]_CAS_OUT_DOUT_A[63])
                                                      0.183     2.484 r  sfo/two_pass_transport/shared_raw.hub/raw_store/memory/u_frame_memory/xpm_memory_base_inst/gen_wr_a.gen_word_narrow.mem_reg_uram_14/CAS_OUT_DOUT_A[63]
                         net (fo=1, routed)           0.001     2.485    sfo/two_pass_transport/shared_raw.hub/raw_store/memory/u_frame_memory/xpm_memory_base_inst/gen_wr_a.gen_word_narrow.mem_reg_uram_15_Cas_DoutA_7[63]
    URAM288_X1Y43        URAM288 (Prop_URAM_288K_INST_URAM288_CAS_IN_DOUT_A[63]_DOUT_A[63])
                                                      0.193     2.678 r  sfo/two_pass_transport/shared_raw.hub/raw_store/memory/u_frame_memory/xpm_memory_base_inst/gen_wr_a.gen_word_narrow.mem_reg_uram_15/DOUT_A[63]
                         net (fo=1, routed)           1.098     3.776    sfo/two_pass_transport/shared_raw.hub/raw_store/memory/u_frame_memory/xpm_memory_base_inst/gen_wr_a.gen_word_narrow.mem_reg_uram_15_n_358
    SLICE_X39Y164        LUT5 (Prop_E5LUT_SLICEM_I0_O)
                                                      0.113     3.889 r  sfo/two_pass_transport/shared_raw.hub/raw_store/memory/u_frame_memory/xpm_memory_base_inst/gen_rd_b.gen_doutb_pipe.doutb_pipe[0][63]_i_6/O
                         net (fo=1, routed)           0.745     4.634    sfo/two_pass_transport/shared_raw.hub/raw_store/memory/u_frame_memory/xpm_memory_base_inst/gen_rd_b.gen_doutb_pipe.doutb_pipe[0][63]_i_6_n_0
    SLICE_X40Y101        LUT5 (Prop_A6LUT_SLICEL_I4_O)
                                                      0.035     4.669 r  sfo/two_pass_transport/shared_raw.hub/raw_store/memory/u_frame_memory/xpm_memory_base_inst/gen_rd_b.gen_doutb_pipe.doutb_pipe[0][63]_i_5/O
                         net (fo=1, routed)           0.088     4.757    sfo/two_pass_transport/shared_raw.hub/raw_store/memory/u_frame_memory/xpm_memory_base_inst/gen_rd_b.gen_doutb_pipe.doutb_pipe[0][63]_i_5_n_0
    SLICE_X40Y101        LUT5 (Prop_F6LUT_SLICEL_I4_O)
                                                      0.089     4.846 r  sfo/two_pass_transport/shared_raw.hub/raw_store/memory/u_frame_memory/xpm_memory_base_inst/gen_rd_b.gen_doutb_pipe.doutb_pipe[0][63]_i_4/O
                         net (fo=1, routed)           0.594     5.440    sfo/two_pass_transport/shared_raw.hub/raw_store/memory/u_frame_memory/xpm_memory_base_inst/gen_rd_b.gen_doutb_pipe.doutb_pipe[0][63]_i_4_n_0
    SLICE_X57Y77         LUT5 (Prop_H6LUT_SLICEM_I4_O)
                                                      0.039     5.479 r  sfo/two_pass_transport/shared_raw.hub/raw_store/memory/u_frame_memory/xpm_memory_base_inst/gen_rd_b.gen_doutb_pipe.doutb_pipe[0][63]_i_3/O
                         net (fo=1, routed)           0.807     6.286    sfo/two_pass_transport/shared_raw.hub/raw_store/memory/u_frame_memory/xpm_memory_base_inst/gen_rd_b.gen_doutb_pipe.doutb_pipe[0][63]_i_3_n_0
    SLICE_X96Y67         LUT5 (Prop_C6LUT_SLICEL_I4_O)
                                                      0.088     6.374 r  sfo/two_pass_transport/shared_raw.hub/raw_store/memory/u_frame_memory/xpm_memory_base_inst/gen_rd_b.gen_doutb_pipe.doutb_pipe[0][63]_i_2/O
                         net (fo=1, routed)           0.194     6.568    sfo/two_pass_transport/shared_raw.hub/raw_store/memory/u_frame_memory/xpm_memory_base_inst/gen_rd_b.gen_doutb_pipe.doutb_pipe[0][63]_i_2_n_0
    SLICE_X96Y60         LUT5 (Prop_B6LUT_SLICEL_I4_O)
                                                      0.051     6.619 r  sfo/two_pass_transport/shared_raw.hub/raw_store/memory/u_frame_memory/xpm_memory_base_inst/gen_rd_b.gen_doutb_pipe.doutb_pipe[0][63]_i_1/O
                         net (fo=1, routed)           0.049     6.668    sfo/two_pass_transport/shared_raw.hub/raw_store/memory/u_frame_memory/xpm_memory_base_inst/gen_rd_b.doutb_reg[63]
    SLICE_X96Y60         FDRE                                         r  sfo/two_pass_transport/shared_raw.hub/raw_store/memory/u_frame_memory/xpm_memory_base_inst/gen_rd_b.gen_doutb_pipe.doutb_pipe_reg[0][63]/D
  -------------------------------------------------------------------    -------------------

                         (clock clk150 rise edge)     6.667     6.667 r  
                                                      0.000     6.667 r  clk150 (IN)
                         net (fo=156902, unset)       0.020     6.687    sfo/two_pass_transport/shared_raw.hub/raw_store/memory/u_frame_memory/xpm_memory_base_inst/clka
    SLICE_X96Y60         FDRE                                         r  sfo/two_pass_transport/shared_raw.hub/raw_store/memory/u_frame_memory/xpm_memory_base_inst/gen_rd_b.gen_doutb_pipe.doutb_pipe_reg[0][63]/C
                         clock pessimism              0.000     6.687    
                         clock uncertainty           -0.035     6.652    
    SLICE_X96Y60         FDRE (Setup_BFF_SLICEL_C_D)
                                                      0.025     6.677    sfo/two_pass_transport/shared_raw.hub/raw_store/memory/u_frame_memory/xpm_memory_base_inst/gen_rd_b.gen_doutb_pipe.doutb_pipe_reg[0][63]
  -------------------------------------------------------------------
                         required time                          6.677    
                         arrival time                          -6.668    
  -------------------------------------------------------------------
                         slack                                  0.009    

Slack (MET) :             0.015ns  (required time - arrival time)
  Source:                 sfo/two_pass_transport/intermediate[0].intermediate_bank/ram_wa_reg[0]/C
                            (rising edge-triggered cell FDRE clocked by clk150  {rise@0.000ns fall@3.333ns period=6.667ns})
  Destination:            sfo/two_pass_transport/intermediate[0].intermediate_bank/memory/u_frame_memory/xpm_memory_base_inst/gen_wr_a.gen_word_narrow.mem_reg_uram_31/CAS_IN_ADDR_B[0]
                            (rising edge-triggered cell URAM288 clocked by clk150  {rise@0.000ns fall@3.333ns period=6.667ns})
  Path Group:             clk150
  Path Type:              Setup (Max at Slow Process Corner)
  Requirement:            6.667ns  (clk150 rise@6.667ns - clk150 rise@0.000ns)
  Data Path Delay:        6.334ns  (logic 1.275ns (20.129%)  route 5.059ns (79.871%))
  Logic Levels:           7  (URAM288=7)
  Clock Path Skew:        0.034ns (DCD - SCD + CPR)
    Destination Clock Delay (DCD):    0.064ns = ( 6.731 - 6.667 ) 
    Source Clock Delay      (SCD):    0.030ns
    Clock Pessimism Removal (CPR):    0.000ns
  Clock Uncertainty:      0.035ns  ((TSJ^2 + TIJ^2)^1/2 + DJ) / 2 + PE
    Total System Jitter     (TSJ):    0.071ns
    Total Input Jitter      (TIJ):    0.000ns
    Discrete Jitter          (DJ):    0.000ns
    Phase Error              (PE):    0.000ns
  Inter-SLR Compensation: 0.010ns  (DCD * PF)
    Destination Clock Delay (DCD):    0.064ns
    Prorating Factor         (PF):    0.150

    Location             Delay type                Incr(ns)  Path(ns)    Netlist Resource(s)
  -------------------------------------------------------------------    -------------------
                         (clock clk150 rise edge)     0.000     0.000 r  
                                                      0.000     0.000 r  clk150 (IN)
                         net (fo=156902, unset)       0.030     0.030    sfo/two_pass_transport/intermediate[0].intermediate_bank/clk
    SLICE_X145Y334       FDRE                                         r  sfo/two_pass_transport/intermediate[0].intermediate_bank/ram_wa_reg[0]/C
  -------------------------------------------------------------------    -------------------
    SLICE_X145Y334       FDRE (Prop_EFF_SLICEM_C_Q)
                                                      0.076     0.106 r  sfo/two_pass_transport/intermediate[0].intermediate_bank/ram_wa_reg[0]/Q
                         net (fo=24, routed)          5.045     5.151    sfo/two_pass_transport/intermediate[0].intermediate_bank/memory/u_frame_memory/xpm_memory_base_inst/addra[0]
    SLR Crossing[1->0]   
    URAM288_X2Y24        URAM288 (Prop_URAM_288K_INST_URAM288_ADDR_B[0]_CAS_OUT_ADDR_B[0])
                                                      0.215     5.366 r  sfo/two_pass_transport/intermediate[0].intermediate_bank/memory/u_frame_memory/xpm_memory_base_inst/gen_wr_a.gen_word_narrow.mem_reg_uram_24/CAS_OUT_ADDR_B[0]
                         net (fo=1, routed)           0.002     5.368    sfo/two_pass_transport/intermediate[0].intermediate_bank/memory/u_frame_memory/xpm_memory_base_inst/gen_wr_a.gen_word_narrow.mem_reg_uram_25_Cas_AddrB_1[0]
    URAM288_X2Y25        URAM288 (Prop_URAM_288K_INST_URAM288_CAS_IN_ADDR_B[0]_CAS_OUT_ADDR_B[0])
                                                      0.164     5.532 r  sfo/two_pass_transport/intermediate[0].intermediate_bank/memory/u_frame_memory/xpm_memory_base_inst/gen_wr_a.gen_word_narrow.mem_reg_uram_25/CAS_OUT_ADDR_B[0]
                         net (fo=1, routed)           0.002     5.534    sfo/two_pass_transport/intermediate[0].intermediate_bank/memory/u_frame_memory/xpm_memory_base_inst/gen_wr_a.gen_word_narrow.mem_reg_uram_26_Cas_AddrB_2[0]
    URAM288_X2Y26        URAM288 (Prop_URAM_288K_INST_URAM288_CAS_IN_ADDR_B[0]_CAS_OUT_ADDR_B[0])
                                                      0.164     5.698 r  sfo/two_pass_transport/intermediate[0].intermediate_bank/memory/u_frame_memory/xpm_memory_base_inst/gen_wr_a.gen_word_narrow.mem_reg_uram_26/CAS_OUT_ADDR_B[0]
                         net (fo=1, routed)           0.002     5.700    sfo/two_pass_transport/intermediate[0].intermediate_bank/memory/u_frame_memory/xpm_memory_base_inst/gen_wr_a.gen_word_narrow.mem_reg_uram_27_Cas_AddrB_3[0]
    URAM288_X2Y27        URAM288 (Prop_URAM_288K_INST_URAM288_CAS_IN_ADDR_B[0]_CAS_OUT_ADDR_B[0])
                                                      0.164     5.864 r  sfo/two_pass_transport/intermediate[0].intermediate_bank/memory/u_frame_memory/xpm_memory_base_inst/gen_wr_a.gen_word_narrow.mem_reg_uram_27/CAS_OUT_ADDR_B[0]
                         net (fo=1, routed)           0.002     5.866    sfo/two_pass_transport/intermediate[0].intermediate_bank/memory/u_frame_memory/xpm_memory_base_inst/gen_wr_a.gen_word_narrow.mem_reg_uram_28_Cas_AddrB_4[0]
    URAM288_X2Y28        URAM288 (Prop_URAM_288K_INST_URAM288_CAS_IN_ADDR_B[0]_CAS_OUT_ADDR_B[0])
                                                      0.164     6.030 r  sfo/two_pass_transport/intermediate[0].intermediate_bank/memory/u_frame_memory/xpm_memory_base_inst/gen_wr_a.gen_word_narrow.mem_reg_uram_28/CAS_OUT_ADDR_B[0]
                         net (fo=1, routed)           0.002     6.032    sfo/two_pass_transport/intermediate[0].intermediate_bank/memory/u_frame_memory/xpm_memory_base_inst/gen_wr_a.gen_word_narrow.mem_reg_uram_29_Cas_AddrB_5[0]
    URAM288_X2Y29        URAM288 (Prop_URAM_288K_INST_URAM288_CAS_IN_ADDR_B[0]_CAS_OUT_ADDR_B[0])
                                                      0.164     6.196 r  sfo/two_pass_transport/intermediate[0].intermediate_bank/memory/u_frame_memory/xpm_memory_base_inst/gen_wr_a.gen_word_narrow.mem_reg_uram_29/CAS_OUT_ADDR_B[0]
                         net (fo=1, routed)           0.002     6.198    sfo/two_pass_transport/intermediate[0].intermediate_bank/memory/u_frame_memory/xpm_memory_base_inst/gen_wr_a.gen_word_narrow.mem_reg_uram_30_Cas_AddrB_6[0]
    URAM288_X2Y30        URAM288 (Prop_URAM_288K_INST_URAM288_CAS_IN_ADDR_B[0]_CAS_OUT_ADDR_B[0])
                                                      0.164     6.362 r  sfo/two_pass_transport/intermediate[0].intermediate_bank/memory/u_frame_memory/xpm_memory_base_inst/gen_wr_a.gen_word_narrow.mem_reg_uram_30/CAS_OUT_ADDR_B[0]
                         net (fo=1, routed)           0.002     6.364    sfo/two_pass_transport/intermediate[0].intermediate_bank/memory/u_frame_memory/xpm_memory_base_inst/gen_wr_a.gen_word_narrow.mem_reg_uram_31_Cas_AddrB_7[0]
    URAM288_X2Y31        URAM288                                      r  sfo/two_pass_transport/intermediate[0].intermediate_bank/memory/u_frame_memory/xpm_memory_base_inst/gen_wr_a.gen_word_narrow.mem_reg_uram_31/CAS_IN_ADDR_B[0]
  -------------------------------------------------------------------    -------------------

                         (clock clk150 rise edge)     6.667     6.667 r  
                                                      0.000     6.667 r  clk150 (IN)
                         net (fo=156902, unset)       0.064     6.731    sfo/two_pass_transport/intermediate[0].intermediate_bank/memory/u_frame_memory/xpm_memory_base_inst/clka
    URAM288_X2Y31        URAM288                                      r  sfo/two_pass_transport/intermediate[0].intermediate_bank/memory/u_frame_memory/xpm_memory_base_inst/gen_wr_a.gen_word_narrow.mem_reg_uram_31/CLK
                         clock pessimism              0.000     6.731    
                         inter-SLR compensation      -0.010     6.721    
                         clock uncertainty           -0.035     6.686    
    URAM288_X2Y31        URAM288 (Setup_URAM_288K_INST_URAM288_CLK_CAS_IN_ADDR_B[0])
                                                     -0.307     6.379    sfo/two_pass_transport/intermediate[0].intermediate_bank/memory/u_frame_memory/xpm_memory_base_inst/gen_wr_a.gen_word_narrow.mem_reg_uram_31
  -------------------------------------------------------------------
                         required time                          6.379    
                         arrival time                          -6.364    
  -------------------------------------------------------------------
                         slack                                  0.015    

Slack (MET) :             0.017ns  (required time - arrival time)
  Source:                 sfo/two_pass_transport/intermediate[1].intermediate_bank/ram_ra_reg[8]/C
                            (rising edge-triggered cell FDRE clocked by clk150  {rise@0.000ns fall@3.333ns period=6.667ns})
  Destination:            sfo/two_pass_transport/intermediate[1].intermediate_bank/memory/u_frame_memory/xpm_memory_base_inst/gen_wr_a.gen_word_narrow.mem_reg_uram_31/CAS_IN_ADDR_A[8]
                            (rising edge-triggered cell URAM288 clocked by clk150  {rise@0.000ns fall@3.333ns period=6.667ns})
  Path Group:             clk150
  Path Type:              Setup (Max at Slow Process Corner)
  Requirement:            6.667ns  (clk150 rise@6.667ns - clk150 rise@0.000ns)
  Data Path Delay:        6.218ns  (logic 1.148ns (18.463%)  route 5.070ns (81.537%))
  Logic Levels:           7  (URAM288=7)
  Clock Path Skew:        0.035ns (DCD - SCD + CPR)
    Destination Clock Delay (DCD):    0.064ns = ( 6.731 - 6.667 ) 
    Source Clock Delay      (SCD):    0.029ns
    Clock Pessimism Removal (CPR):    0.000ns
  Clock Uncertainty:      0.035ns  ((TSJ^2 + TIJ^2)^1/2 + DJ) / 2 + PE
    Total System Jitter     (TSJ):    0.071ns
    Total Input Jitter      (TIJ):    0.000ns
    Discrete Jitter          (DJ):    0.000ns
    Phase Error              (PE):    0.000ns
  Inter-SLR Compensation: 0.010ns  (DCD * PF)
    Destination Clock Delay (DCD):    0.064ns
    Prorating Factor         (PF):    0.150

    Location             Delay type                Incr(ns)  Path(ns)    Netlist Resource(s)
  -------------------------------------------------------------------    -------------------
                         (clock clk150 rise edge)     0.000     0.000 r  
                                                      0.000     0.000 r  clk150 (IN)
                         net (fo=156902, unset)       0.029     0.029    sfo/two_pass_transport/intermediate[1].intermediate_bank/clk
    SLICE_X123Y239       FDRE                                         r  sfo/two_pass_transport/intermediate[1].intermediate_bank/ram_ra_reg[8]/C
  -------------------------------------------------------------------    -------------------
    SLICE_X123Y239       FDRE (Prop_GFF2_SLICEL_C_Q)
                                                      0.081     0.110 r  sfo/two_pass_transport/intermediate[1].intermediate_bank/ram_ra_reg[8]/Q
                         net (fo=15, routed)          5.056     5.166    sfo/two_pass_transport/intermediate[1].intermediate_bank/memory/u_frame_memory/xpm_memory_base_inst/addrb[8]
    SLR Crossing[0->2]   
    URAM288_X0Y144       URAM288 (Prop_URAM_288K_INST_URAM288_ADDR_A[8]_CAS_OUT_ADDR_A[8])
                                                      0.215     5.381 r  sfo/two_pass_transport/intermediate[1].intermediate_bank/memory/u_frame_memory/xpm_memory_base_inst/gen_wr_a.gen_word_narrow.mem_reg_uram_24/CAS_OUT_ADDR_A[8]
                         net (fo=1, routed)           0.002     5.383    sfo/two_pass_transport/intermediate[1].intermediate_bank/memory/u_frame_memory/xpm_memory_base_inst/gen_wr_a.gen_word_narrow.mem_reg_uram_25_Cas_AddrA_1[8]
    URAM288_X0Y145       URAM288 (Prop_URAM_288K_INST_URAM288_CAS_IN_ADDR_A[8]_CAS_OUT_ADDR_A[8])
                                                      0.142     5.525 r  sfo/two_pass_transport/intermediate[1].intermediate_bank/memory/u_frame_memory/xpm_memory_base_inst/gen_wr_a.gen_word_narrow.mem_reg_uram_25/CAS_OUT_ADDR_A[8]
                         net (fo=1, routed)           0.002     5.527    sfo/two_pass_transport/intermediate[1].intermediate_bank/memory/u_frame_memory/xpm_memory_base_inst/gen_wr_a.gen_word_narrow.mem_reg_uram_26_Cas_AddrA_2[8]
    URAM288_X0Y146       URAM288 (Prop_URAM_288K_INST_URAM288_CAS_IN_ADDR_A[8]_CAS_OUT_ADDR_A[8])
                                                      0.142     5.669 r  sfo/two_pass_transport/intermediate[1].intermediate_bank/memory/u_frame_memory/xpm_memory_base_inst/gen_wr_a.gen_word_narrow.mem_reg_uram_26/CAS_OUT_ADDR_A[8]
                         net (fo=1, routed)           0.002     5.671    sfo/two_pass_transport/intermediate[1].intermediate_bank/memory/u_frame_memory/xpm_memory_base_inst/gen_wr_a.gen_word_narrow.mem_reg_uram_27_Cas_AddrA_3[8]
    URAM288_X0Y147       URAM288 (Prop_URAM_288K_INST_URAM288_CAS_IN_ADDR_A[8]_CAS_OUT_ADDR_A[8])
                                                      0.142     5.813 r  sfo/two_pass_transport/intermediate[1].intermediate_bank/memory/u_frame_memory/xpm_memory_base_inst/gen_wr_a.gen_word_narrow.mem_reg_uram_27/CAS_OUT_ADDR_A[8]
                         net (fo=1, routed)           0.002     5.815    sfo/two_pass_transport/intermediate[1].intermediate_bank/memory/u_frame_memory/xpm_memory_base_inst/gen_wr_a.gen_word_narrow.mem_reg_uram_28_Cas_AddrA_4[8]
    URAM288_X0Y148       URAM288 (Prop_URAM_288K_INST_URAM288_CAS_IN_ADDR_A[8]_CAS_OUT_ADDR_A[8])
                                                      0.142     5.957 r  sfo/two_pass_transport/intermediate[1].intermediate_bank/memory/u_frame_memory/xpm_memory_base_inst/gen_wr_a.gen_word_narrow.mem_reg_uram_28/CAS_OUT_ADDR_A[8]
                         net (fo=1, routed)           0.002     5.959    sfo/two_pass_transport/intermediate[1].intermediate_bank/memory/u_frame_memory/xpm_memory_base_inst/gen_wr_a.gen_word_narrow.mem_reg_uram_29_Cas_AddrA_5[8]
    URAM288_X0Y149       URAM288 (Prop_URAM_288K_INST_URAM288_CAS_IN_ADDR_A[8]_CAS_OUT_ADDR_A[8])
                                                      0.142     6.101 r  sfo/two_pass_transport/intermediate[1].intermediate_bank/memory/u_frame_memory/xpm_memory_base_inst/gen_wr_a.gen_word_narrow.mem_reg_uram_29/CAS_OUT_ADDR_A[8]
                         net (fo=1, routed)           0.002     6.103    sfo/two_pass_transport/intermediate[1].intermediate_bank/memory/u_frame_memory/xpm_memory_base_inst/gen_wr_a.gen_word_narrow.mem_reg_uram_30_Cas_AddrA_6[8]
    URAM288_X0Y150       URAM288 (Prop_URAM_288K_INST_URAM288_CAS_IN_ADDR_A[8]_CAS_OUT_ADDR_A[8])
                                                      0.142     6.245 r  sfo/two_pass_transport/intermediate[1].intermediate_bank/memory/u_frame_memory/xpm_memory_base_inst/gen_wr_a.gen_word_narrow.mem_reg_uram_30/CAS_OUT_ADDR_A[8]
                         net (fo=1, routed)           0.002     6.247    sfo/two_pass_transport/intermediate[1].intermediate_bank/memory/u_frame_memory/xpm_memory_base_inst/gen_wr_a.gen_word_narrow.mem_reg_uram_31_Cas_AddrA_7[8]
    URAM288_X0Y151       URAM288                                      r  sfo/two_pass_transport/intermediate[1].intermediate_bank/memory/u_frame_memory/xpm_memory_base_inst/gen_wr_a.gen_word_narrow.mem_reg_uram_31/CAS_IN_ADDR_A[8]
  -------------------------------------------------------------------    -------------------

                         (clock clk150 rise edge)     6.667     6.667 r  
                                                      0.000     6.667 r  clk150 (IN)
                         net (fo=156902, unset)       0.064     6.731    sfo/two_pass_transport/intermediate[1].intermediate_bank/memory/u_frame_memory/xpm_memory_base_inst/clka
    URAM288_X0Y151       URAM288                                      r  sfo/two_pass_transport/intermediate[1].intermediate_bank/memory/u_frame_memory/xpm_memory_base_inst/gen_wr_a.gen_word_narrow.mem_reg_uram_31/CLK
                         clock pessimism              0.000     6.731    
                         inter-SLR compensation      -0.010     6.721    
                         clock uncertainty           -0.035     6.686    
    URAM288_X0Y151       URAM288 (Setup_URAM_288K_INST_URAM288_CLK_CAS_IN_ADDR_A[8])
                                                     -0.422     6.264    sfo/two_pass_transport/intermediate[1].intermediate_bank/memory/u_frame_memory/xpm_memory_base_inst/gen_wr_a.gen_word_narrow.mem_reg_uram_31
  -------------------------------------------------------------------
                         required time                          6.264    
                         arrival time                          -6.247    
  -------------------------------------------------------------------
                         slack                                  0.017    

Slack (MET) :             0.019ns  (required time - arrival time)
  Source:                 sfo/two_pass_transport/intermediate[0].intermediate_bank/ram_wa_reg[7]/C
                            (rising edge-triggered cell FDRE clocked by clk150  {rise@0.000ns fall@3.333ns period=6.667ns})
  Destination:            sfo/two_pass_transport/intermediate[0].intermediate_bank/memory/u_frame_memory/xpm_memory_base_inst/gen_wr_a.gen_word_narrow.mem_reg_uram_39/CAS_IN_ADDR_B[7]
                            (rising edge-triggered cell URAM288 clocked by clk150  {rise@0.000ns fall@3.333ns period=6.667ns})
  Path Group:             clk150
  Path Type:              Setup (Max at Slow Process Corner)
  Requirement:            6.667ns  (clk150 rise@6.667ns - clk150 rise@0.000ns)
  Data Path Delay:        6.325ns  (logic 1.263ns (19.968%)  route 5.062ns (80.032%))
  Logic Levels:           7  (URAM288=7)
  Clock Path Skew:        0.034ns (DCD - SCD + CPR)
    Destination Clock Delay (DCD):    0.064ns = ( 6.731 - 6.667 ) 
    Source Clock Delay      (SCD):    0.030ns
    Clock Pessimism Removal (CPR):    0.000ns
  Clock Uncertainty:      0.035ns  ((TSJ^2 + TIJ^2)^1/2 + DJ) / 2 + PE
    Total System Jitter     (TSJ):    0.071ns
    Total Input Jitter      (TIJ):    0.000ns
    Discrete Jitter          (DJ):    0.000ns
    Phase Error              (PE):    0.000ns
  Inter-SLR Compensation: 0.010ns  (DCD * PF)
    Destination Clock Delay (DCD):    0.064ns
    Prorating Factor         (PF):    0.150

    Location             Delay type                Incr(ns)  Path(ns)    Netlist Resource(s)
  -------------------------------------------------------------------    -------------------
                         (clock clk150 rise edge)     0.000     0.000 r  
                                                      0.000     0.000 r  clk150 (IN)
                         net (fo=156902, unset)       0.030     0.030    sfo/two_pass_transport/intermediate[0].intermediate_bank/clk
    SLICE_X124Y323       FDRE                                         r  sfo/two_pass_transport/intermediate[0].intermediate_bank/ram_wa_reg[7]/C
  -------------------------------------------------------------------    -------------------
    SLICE_X124Y323       FDRE (Prop_EFF_SLICEM_C_Q)
                                                      0.076     0.106 r  sfo/two_pass_transport/intermediate[0].intermediate_bank/ram_wa_reg[7]/Q
                         net (fo=22, routed)          5.048     5.154    sfo/two_pass_transport/intermediate[0].intermediate_bank/memory/u_frame_memory/xpm_memory_base_inst/addra[7]
    SLR Crossing[1->0]   
    URAM288_X2Y0         URAM288 (Prop_URAM_288K_INST_URAM288_ADDR_B[7]_CAS_OUT_ADDR_B[7])
                                                      0.215     5.369 r  sfo/two_pass_transport/intermediate[0].intermediate_bank/memory/u_frame_memory/xpm_memory_base_inst/gen_wr_a.gen_word_narrow.mem_reg_uram_32/CAS_OUT_ADDR_B[7]
                         net (fo=1, routed)           0.002     5.371    sfo/two_pass_transport/intermediate[0].intermediate_bank/memory/u_frame_memory/xpm_memory_base_inst/gen_wr_a.gen_word_narrow.mem_reg_uram_33_Cas_AddrB_1[7]
    URAM288_X2Y1         URAM288 (Prop_URAM_288K_INST_URAM288_CAS_IN_ADDR_B[7]_CAS_OUT_ADDR_B[7])
                                                      0.162     5.533 r  sfo/two_pass_transport/intermediate[0].intermediate_bank/memory/u_frame_memory/xpm_memory_base_inst/gen_wr_a.gen_word_narrow.mem_reg_uram_33/CAS_OUT_ADDR_B[7]
                         net (fo=1, routed)           0.002     5.535    sfo/two_pass_transport/intermediate[0].intermediate_bank/memory/u_frame_memory/xpm_memory_base_inst/gen_wr_a.gen_word_narrow.mem_reg_uram_34_Cas_AddrB_2[7]
    URAM288_X2Y2         URAM288 (Prop_URAM_288K_INST_URAM288_CAS_IN_ADDR_B[7]_CAS_OUT_ADDR_B[7])
                                                      0.162     5.697 r  sfo/two_pass_transport/intermediate[0].intermediate_bank/memory/u_frame_memory/xpm_memory_base_inst/gen_wr_a.gen_word_narrow.mem_reg_uram_34/CAS_OUT_ADDR_B[7]
                         net (fo=1, routed)           0.002     5.699    sfo/two_pass_transport/intermediate[0].intermediate_bank/memory/u_frame_memory/xpm_memory_base_inst/gen_wr_a.gen_word_narrow.mem_reg_uram_35_Cas_AddrB_3[7]
    URAM288_X2Y3         URAM288 (Prop_URAM_288K_INST_URAM288_CAS_IN_ADDR_B[7]_CAS_OUT_ADDR_B[7])
                                                      0.162     5.861 r  sfo/two_pass_transport/intermediate[0].intermediate_bank/memory/u_frame_memory/xpm_memory_base_inst/gen_wr_a.gen_word_narrow.mem_reg_uram_35/CAS_OUT_ADDR_B[7]
                         net (fo=1, routed)           0.002     5.863    sfo/two_pass_transport/intermediate[0].intermediate_bank/memory/u_frame_memory/xpm_memory_base_inst/gen_wr_a.gen_word_narrow.mem_reg_uram_36_Cas_AddrB_4[7]
    URAM288_X2Y4         URAM288 (Prop_URAM_288K_INST_URAM288_CAS_IN_ADDR_B[7]_CAS_OUT_ADDR_B[7])
                                                      0.162     6.025 r  sfo/two_pass_transport/intermediate[0].intermediate_bank/memory/u_frame_memory/xpm_memory_base_inst/gen_wr_a.gen_word_narrow.mem_reg_uram_36/CAS_OUT_ADDR_B[7]
                         net (fo=1, routed)           0.002     6.027    sfo/two_pass_transport/intermediate[0].intermediate_bank/memory/u_frame_memory/xpm_memory_base_inst/gen_wr_a.gen_word_narrow.mem_reg_uram_37_Cas_AddrB_5[7]
    URAM288_X2Y5         URAM288 (Prop_URAM_288K_INST_URAM288_CAS_IN_ADDR_B[7]_CAS_OUT_ADDR_B[7])
                                                      0.162     6.189 r  sfo/two_pass_transport/intermediate[0].intermediate_bank/memory/u_frame_memory/xpm_memory_base_inst/gen_wr_a.gen_word_narrow.mem_reg_uram_37/CAS_OUT_ADDR_B[7]
                         net (fo=1, routed)           0.002     6.191    sfo/two_pass_transport/intermediate[0].intermediate_bank/memory/u_frame_memory/xpm_memory_base_inst/gen_wr_a.gen_word_narrow.mem_reg_uram_38_Cas_AddrB_6[7]
    URAM288_X2Y6         URAM288 (Prop_URAM_288K_INST_URAM288_CAS_IN_ADDR_B[7]_CAS_OUT_ADDR_B[7])
                                                      0.162     6.353 r  sfo/two_pass_transport/intermediate[0].intermediate_bank/memory/u_frame_memory/xpm_memory_base_inst/gen_wr_a.gen_word_narrow.mem_reg_uram_38/CAS_OUT_ADDR_B[7]
                         net (fo=1, routed)           0.002     6.355    sfo/two_pass_transport/intermediate[0].intermediate_bank/memory/u_frame_memory/xpm_memory_base_inst/gen_wr_a.gen_word_narrow.mem_reg_uram_39_Cas_AddrB_7[7]
    URAM288_X2Y7         URAM288                                      r  sfo/two_pass_transport/intermediate[0].intermediate_bank/memory/u_frame_memory/xpm_memory_base_inst/gen_wr_a.gen_word_narrow.mem_reg_uram_39/CAS_IN_ADDR_B[7]
  -------------------------------------------------------------------    -------------------

                         (clock clk150 rise edge)     6.667     6.667 r  
                                                      0.000     6.667 r  clk150 (IN)
                         net (fo=156902, unset)       0.064     6.731    sfo/two_pass_transport/intermediate[0].intermediate_bank/memory/u_frame_memory/xpm_memory_base_inst/clka
    URAM288_X2Y7         URAM288                                      r  sfo/two_pass_transport/intermediate[0].intermediate_bank/memory/u_frame_memory/xpm_memory_base_inst/gen_wr_a.gen_word_narrow.mem_reg_uram_39/CLK
                         clock pessimism              0.000     6.731    
                         inter-SLR compensation      -0.010     6.721    
                         clock uncertainty           -0.035     6.686    
    URAM288_X2Y7         URAM288 (Setup_URAM_288K_INST_URAM288_CLK_CAS_IN_ADDR_B[7])
                                                     -0.312     6.374    sfo/two_pass_transport/intermediate[0].intermediate_bank/memory/u_frame_memory/xpm_memory_base_inst/gen_wr_a.gen_word_narrow.mem_reg_uram_39
  -------------------------------------------------------------------
                         required time                          6.374    
                         arrival time                          -6.355    
  -------------------------------------------------------------------
                         slack                                  0.019    

Slack (MET) :             0.020ns  (required time - arrival time)
  Source:                 sfo/two_pass_transport/intermediate[1].intermediate_bank/ram_we_reg_replica/C
                            (rising edge-triggered cell FDRE clocked by clk150  {rise@0.000ns fall@3.333ns period=6.667ns})
  Destination:            sfo/two_pass_transport/intermediate[1].intermediate_bank/memory/u_frame_memory/xpm_memory_base_inst/gen_wr_a.gen_word_narrow.mem_reg_uram_113/CAS_IN_BWE_B[4]
                            (rising edge-triggered cell URAM288 clocked by clk150  {rise@0.000ns fall@3.333ns period=6.667ns})
  Path Group:             clk150
  Path Type:              Setup (Max at Slow Process Corner)
  Requirement:            6.667ns  (clk150 rise@6.667ns - clk150 rise@0.000ns)
  Data Path Delay:        6.243ns  (logic 1.241ns (19.878%)  route 5.002ns (80.122%))
  Logic Levels:           7  (URAM288=7)
  Clock Path Skew:        0.034ns (DCD - SCD + CPR)
    Destination Clock Delay (DCD):    0.064ns = ( 6.731 - 6.667 ) 
    Source Clock Delay      (SCD):    0.030ns
    Clock Pessimism Removal (CPR):    0.000ns
  Clock Uncertainty:      0.035ns  ((TSJ^2 + TIJ^2)^1/2 + DJ) / 2 + PE
    Total System Jitter     (TSJ):    0.071ns
    Total Input Jitter      (TIJ):    0.000ns
    Discrete Jitter          (DJ):    0.000ns
    Phase Error              (PE):    0.000ns
  Inter-SLR Compensation: 0.010ns  (DCD * PF)
    Destination Clock Delay (DCD):    0.064ns
    Prorating Factor         (PF):    0.150

    Location             Delay type                Incr(ns)  Path(ns)    Netlist Resource(s)
  -------------------------------------------------------------------    -------------------
                         (clock clk150 rise edge)     0.000     0.000 r  
                                                      0.000     0.000 r  clk150 (IN)
                         net (fo=156902, unset)       0.030     0.030    sfo/two_pass_transport/intermediate[1].intermediate_bank/clk
    SLICE_X111Y342       FDRE                                         r  sfo/two_pass_transport/intermediate[1].intermediate_bank/ram_we_reg_replica/C
  -------------------------------------------------------------------    -------------------
    SLICE_X111Y342       FDRE (Prop_DFF_SLICEM_C_Q)
                                                      0.078     0.108 r  sfo/two_pass_transport/intermediate[1].intermediate_bank/ram_we_reg_replica/Q
                         net (fo=220, routed)         4.981     5.089    sfo/two_pass_transport/intermediate[1].intermediate_bank/memory/u_frame_memory/xpm_memory_base_inst/ram_we_repN_alias
    SLR Crossing[1->2]   
    URAM288_X4Y168       URAM288 (Prop_URAM_288K_INST_URAM288_BWE_B[4]_CAS_OUT_BWE_B[4])
                                                      0.215     5.304 r  sfo/two_pass_transport/intermediate[1].intermediate_bank/memory/u_frame_memory/xpm_memory_base_inst/gen_wr_a.gen_word_narrow.mem_reg_uram_106/CAS_OUT_BWE_B[4]
                         net (fo=1, routed)           0.003     5.307    sfo/two_pass_transport/intermediate[1].intermediate_bank/memory/u_frame_memory/xpm_memory_base_inst/gen_wr_a.gen_word_narrow.mem_reg_uram_107_Cas_BEWB_1[4]
    URAM288_X4Y169       URAM288 (Prop_URAM_288K_INST_URAM288_CAS_IN_BWE_B[4]_CAS_OUT_BWE_B[4])
                                                      0.158     5.465 r  sfo/two_pass_transport/intermediate[1].intermediate_bank/memory/u_frame_memory/xpm_memory_base_inst/gen_wr_a.gen_word_narrow.mem_reg_uram_107/CAS_OUT_BWE_B[4]
                         net (fo=1, routed)           0.003     5.468    sfo/two_pass_transport/intermediate[1].intermediate_bank/memory/u_frame_memory/xpm_memory_base_inst/gen_wr_a.gen_word_narrow.mem_reg_uram_108_Cas_BEWB_2[4]
    URAM288_X4Y170       URAM288 (Prop_URAM_288K_INST_URAM288_CAS_IN_BWE_B[4]_CAS_OUT_BWE_B[4])
                                                      0.158     5.626 r  sfo/two_pass_transport/intermediate[1].intermediate_bank/memory/u_frame_memory/xpm_memory_base_inst/gen_wr_a.gen_word_narrow.mem_reg_uram_108/CAS_OUT_BWE_B[4]
                         net (fo=1, routed)           0.003     5.629    sfo/two_pass_transport/intermediate[1].intermediate_bank/memory/u_frame_memory/xpm_memory_base_inst/gen_wr_a.gen_word_narrow.mem_reg_uram_109_Cas_BEWB_3[4]
    URAM288_X4Y171       URAM288 (Prop_URAM_288K_INST_URAM288_CAS_IN_BWE_B[4]_CAS_OUT_BWE_B[4])
                                                      0.158     5.787 r  sfo/two_pass_transport/intermediate[1].intermediate_bank/memory/u_frame_memory/xpm_memory_base_inst/gen_wr_a.gen_word_narrow.mem_reg_uram_109/CAS_OUT_BWE_B[4]
                         net (fo=1, routed)           0.003     5.790    sfo/two_pass_transport/intermediate[1].intermediate_bank/memory/u_frame_memory/xpm_memory_base_inst/gen_wr_a.gen_word_narrow.mem_reg_uram_110_Cas_BEWB_4[4]
    URAM288_X4Y172       URAM288 (Prop_URAM_288K_INST_URAM288_CAS_IN_BWE_B[4]_CAS_OUT_BWE_B[4])
                                                      0.158     5.948 r  sfo/two_pass_transport/intermediate[1].intermediate_bank/memory/u_frame_memory/xpm_memory_base_inst/gen_wr_a.gen_word_narrow.mem_reg_uram_110/CAS_OUT_BWE_B[4]
                         net (fo=1, routed)           0.003     5.951    sfo/two_pass_transport/intermediate[1].intermediate_bank/memory/u_frame_memory/xpm_memory_base_inst/gen_wr_a.gen_word_narrow.mem_reg_uram_111_Cas_BEWB_5[4]
    URAM288_X4Y173       URAM288 (Prop_URAM_288K_INST_URAM288_CAS_IN_BWE_B[4]_CAS_OUT_BWE_B[4])
                                                      0.158     6.109 r  sfo/two_pass_transport/intermediate[1].intermediate_bank/memory/u_frame_memory/xpm_memory_base_inst/gen_wr_a.gen_word_narrow.mem_reg_uram_111/CAS_OUT_BWE_B[4]
                         net (fo=1, routed)           0.003     6.112    sfo/two_pass_transport/intermediate[1].intermediate_bank/memory/u_frame_memory/xpm_memory_base_inst/gen_wr_a.gen_word_narrow.mem_reg_uram_112_Cas_BEWB_6[4]
    URAM288_X4Y174       URAM288 (Prop_URAM_288K_INST_URAM288_CAS_IN_BWE_B[4]_CAS_OUT_BWE_B[4])
                                                      0.158     6.270 r  sfo/two_pass_transport/intermediate[1].intermediate_bank/memory/u_frame_memory/xpm_memory_base_inst/gen_wr_a.gen_word_narrow.mem_reg_uram_112/CAS_OUT_BWE_B[4]
                         net (fo=1, routed)           0.003     6.273    sfo/two_pass_transport/intermediate[1].intermediate_bank/memory/u_frame_memory/xpm_memory_base_inst/gen_wr_a.gen_word_narrow.mem_reg_uram_113_Cas_BEWB_7[4]
    URAM288_X4Y175       URAM288                                      r  sfo/two_pass_transport/intermediate[1].intermediate_bank/memory/u_frame_memory/xpm_memory_base_inst/gen_wr_a.gen_word_narrow.mem_reg_uram_113/CAS_IN_BWE_B[4]
  -------------------------------------------------------------------    -------------------

                         (clock clk150 rise edge)     6.667     6.667 r  
                                                      0.000     6.667 r  clk150 (IN)
                         net (fo=156902, unset)       0.064     6.731    sfo/two_pass_transport/intermediate[1].intermediate_bank/memory/u_frame_memory/xpm_memory_base_inst/clka
    URAM288_X4Y175       URAM288                                      r  sfo/two_pass_transport/intermediate[1].intermediate_bank/memory/u_frame_memory/xpm_memory_base_inst/gen_wr_a.gen_word_narrow.mem_reg_uram_113/CLK
                         clock pessimism              0.000     6.731    
                         inter-SLR compensation      -0.010     6.721    
                         clock uncertainty           -0.035     6.686    
    URAM288_X4Y175       URAM288 (Setup_URAM_288K_INST_URAM288_CLK_CAS_IN_BWE_B[4])
                                                     -0.393     6.293    sfo/two_pass_transport/intermediate[1].intermediate_bank/memory/u_frame_memory/xpm_memory_base_inst/gen_wr_a.gen_word_narrow.mem_reg_uram_113
  -------------------------------------------------------------------
                         required time                          6.293    
                         arrival time                          -6.273    
  -------------------------------------------------------------------
                         slack                                  0.020    

Slack (MET) :             0.022ns  (required time - arrival time)
  Source:                 sfo/two_pass_transport/intermediate[1].intermediate_bank/ram_we_reg_replica/C
                            (rising edge-triggered cell FDRE clocked by clk150  {rise@0.000ns fall@3.333ns period=6.667ns})
  Destination:            sfo/two_pass_transport/intermediate[1].intermediate_bank/memory/u_frame_memory/xpm_memory_base_inst/gen_wr_a.gen_word_narrow.mem_reg_uram_113/CAS_IN_BWE_B[2]
                            (rising edge-triggered cell URAM288 clocked by clk150  {rise@0.000ns fall@3.333ns period=6.667ns})
  Path Group:             clk150
  Path Type:              Setup (Max at Slow Process Corner)
  Requirement:            6.667ns  (clk150 rise@6.667ns - clk150 rise@0.000ns)
  Data Path Delay:        6.338ns  (logic 1.337ns (21.095%)  route 5.001ns (78.905%))
  Logic Levels:           7  (URAM288=7)
  Clock Path Skew:        0.034ns (DCD - SCD + CPR)
    Destination Clock Delay (DCD):    0.064ns = ( 6.731 - 6.667 ) 
    Source Clock Delay      (SCD):    0.030ns
    Clock Pessimism Removal (CPR):    0.000ns
  Clock Uncertainty:      0.035ns  ((TSJ^2 + TIJ^2)^1/2 + DJ) / 2 + PE
    Total System Jitter     (TSJ):    0.071ns
    Total Input Jitter      (TIJ):    0.000ns
    Discrete Jitter          (DJ):    0.000ns
    Phase Error              (PE):    0.000ns
  Inter-SLR Compensation: 0.010ns  (DCD * PF)
    Destination Clock Delay (DCD):    0.064ns
    Prorating Factor         (PF):    0.150

    Location             Delay type                Incr(ns)  Path(ns)    Netlist Resource(s)
  -------------------------------------------------------------------    -------------------
                         (clock clk150 rise edge)     0.000     0.000 r  
                                                      0.000     0.000 r  clk150 (IN)
                         net (fo=156902, unset)       0.030     0.030    sfo/two_pass_transport/intermediate[1].intermediate_bank/clk
    SLICE_X111Y342       FDRE                                         r  sfo/two_pass_transport/intermediate[1].intermediate_bank/ram_we_reg_replica/C
  -------------------------------------------------------------------    -------------------
    SLICE_X111Y342       FDRE (Prop_DFF_SLICEM_C_Q)
                                                      0.078     0.108 r  sfo/two_pass_transport/intermediate[1].intermediate_bank/ram_we_reg_replica/Q
                         net (fo=220, routed)         4.987     5.095    sfo/two_pass_transport/intermediate[1].intermediate_bank/memory/u_frame_memory/xpm_memory_base_inst/ram_we_repN_alias
    SLR Crossing[1->2]   
    URAM288_X4Y168       URAM288 (Prop_URAM_288K_INST_URAM288_BWE_B[2]_CAS_OUT_BWE_B[2])
                                                      0.215     5.310 r  sfo/two_pass_transport/intermediate[1].intermediate_bank/memory/u_frame_memory/xpm_memory_base_inst/gen_wr_a.gen_word_narrow.mem_reg_uram_106/CAS_OUT_BWE_B[2]
                         net (fo=1, routed)           0.002     5.312    sfo/two_pass_transport/intermediate[1].intermediate_bank/memory/u_frame_memory/xpm_memory_base_inst/gen_wr_a.gen_word_narrow.mem_reg_uram_107_Cas_BEWB_1[2]
    URAM288_X4Y169       URAM288 (Prop_URAM_288K_INST_URAM288_CAS_IN_BWE_B[2]_CAS_OUT_BWE_B[2])
                                                      0.174     5.486 r  sfo/two_pass_transport/intermediate[1].intermediate_bank/memory/u_frame_memory/xpm_memory_base_inst/gen_wr_a.gen_word_narrow.mem_reg_uram_107/CAS_OUT_BWE_B[2]
                         net (fo=1, routed)           0.002     5.488    sfo/two_pass_transport/intermediate[1].intermediate_bank/memory/u_frame_memory/xpm_memory_base_inst/gen_wr_a.gen_word_narrow.mem_reg_uram_108_Cas_BEWB_2[2]
    URAM288_X4Y170       URAM288 (Prop_URAM_288K_INST_URAM288_CAS_IN_BWE_B[2]_CAS_OUT_BWE_B[2])
                                                      0.174     5.662 r  sfo/two_pass_transport/intermediate[1].intermediate_bank/memory/u_frame_memory/xpm_memory_base_inst/gen_wr_a.gen_word_narrow.mem_reg_uram_108/CAS_OUT_BWE_B[2]
                         net (fo=1, routed)           0.002     5.664    sfo/two_pass_transport/intermediate[1].intermediate_bank/memory/u_frame_memory/xpm_memory_base_inst/gen_wr_a.gen_word_narrow.mem_reg_uram_109_Cas_BEWB_3[2]
    URAM288_X4Y171       URAM288 (Prop_URAM_288K_INST_URAM288_CAS_IN_BWE_B[2]_CAS_OUT_BWE_B[2])
                                                      0.174     5.838 r  sfo/two_pass_transport/intermediate[1].intermediate_bank/memory/u_frame_memory/xpm_memory_base_inst/gen_wr_a.gen_word_narrow.mem_reg_uram_109/CAS_OUT_BWE_B[2]
                         net (fo=1, routed)           0.002     5.840    sfo/two_pass_transport/intermediate[1].intermediate_bank/memory/u_frame_memory/xpm_memory_base_inst/gen_wr_a.gen_word_narrow.mem_reg_uram_110_Cas_BEWB_4[2]
    URAM288_X4Y172       URAM288 (Prop_URAM_288K_INST_URAM288_CAS_IN_BWE_B[2]_CAS_OUT_BWE_B[2])
                                                      0.174     6.014 r  sfo/two_pass_transport/intermediate[1].intermediate_bank/memory/u_frame_memory/xpm_memory_base_inst/gen_wr_a.gen_word_narrow.mem_reg_uram_110/CAS_OUT_BWE_B[2]
                         net (fo=1, routed)           0.002     6.016    sfo/two_pass_transport/intermediate[1].intermediate_bank/memory/u_frame_memory/xpm_memory_base_inst/gen_wr_a.gen_word_narrow.mem_reg_uram_111_Cas_BEWB_5[2]
    URAM288_X4Y173       URAM288 (Prop_URAM_288K_INST_URAM288_CAS_IN_BWE_B[2]_CAS_OUT_BWE_B[2])
                                                      0.174     6.190 r  sfo/two_pass_transport/intermediate[1].intermediate_bank/memory/u_frame_memory/xpm_memory_base_inst/gen_wr_a.gen_word_narrow.mem_reg_uram_111/CAS_OUT_BWE_B[2]
                         net (fo=1, routed)           0.002     6.192    sfo/two_pass_transport/intermediate[1].intermediate_bank/memory/u_frame_memory/xpm_memory_base_inst/gen_wr_a.gen_word_narrow.mem_reg_uram_112_Cas_BEWB_6[2]
    URAM288_X4Y174       URAM288 (Prop_URAM_288K_INST_URAM288_CAS_IN_BWE_B[2]_CAS_OUT_BWE_B[2])
                                                      0.174     6.366 r  sfo/two_pass_transport/intermediate[1].intermediate_bank/memory/u_frame_memory/xpm_memory_base_inst/gen_wr_a.gen_word_narrow.mem_reg_uram_112/CAS_OUT_BWE_B[2]
                         net (fo=1, routed)           0.002     6.368    sfo/two_pass_transport/intermediate[1].intermediate_bank/memory/u_frame_memory/xpm_memory_base_inst/gen_wr_a.gen_word_narrow.mem_reg_uram_113_Cas_BEWB_7[2]
    URAM288_X4Y175       URAM288                                      r  sfo/two_pass_transport/intermediate[1].intermediate_bank/memory/u_frame_memory/xpm_memory_base_inst/gen_wr_a.gen_word_narrow.mem_reg_uram_113/CAS_IN_BWE_B[2]
  -------------------------------------------------------------------    -------------------

                         (clock clk150 rise edge)     6.667     6.667 r  
                                                      0.000     6.667 r  clk150 (IN)
                         net (fo=156902, unset)       0.064     6.731    sfo/two_pass_transport/intermediate[1].intermediate_bank/memory/u_frame_memory/xpm_memory_base_inst/clka
    URAM288_X4Y175       URAM288                                      r  sfo/two_pass_transport/intermediate[1].intermediate_bank/memory/u_frame_memory/xpm_memory_base_inst/gen_wr_a.gen_word_narrow.mem_reg_uram_113/CLK
                         clock pessimism              0.000     6.731    
                         inter-SLR compensation      -0.010     6.721    
                         clock uncertainty           -0.035     6.686    
    URAM288_X4Y175       URAM288 (Setup_URAM_288K_INST_URAM288_CLK_CAS_IN_BWE_B[2])
                                                     -0.296     6.390    sfo/two_pass_transport/intermediate[1].intermediate_bank/memory/u_frame_memory/xpm_memory_base_inst/gen_wr_a.gen_word_narrow.mem_reg_uram_113
  -------------------------------------------------------------------
                         required time                          6.390    
                         arrival time                          -6.368    
  -------------------------------------------------------------------
                         slack                                  0.022    

Slack (MET) :             0.024ns  (required time - arrival time)
  Source:                 cfo/issued_reg[5]_replica/C
                            (rising edge-triggered cell FDRE clocked by clk150  {rise@0.000ns fall@3.333ns period=6.667ns})
  Destination:            cfo/coarse_banks[0].memory/u_frame_memory/xpm_memory_base_inst/gen_wr_a.gen_word_narrow.mem_reg_uram_47/CAS_IN_ADDR_A[5]
                            (rising edge-triggered cell URAM288 clocked by clk150  {rise@0.000ns fall@3.333ns period=6.667ns})
  Path Group:             clk150
  Path Type:              Setup (Max at Slow Process Corner)
  Requirement:            6.667ns  (clk150 rise@6.667ns - clk150 rise@0.000ns)
  Data Path Delay:        6.177ns  (logic 1.248ns (20.204%)  route 4.929ns (79.796%))
  Logic Levels:           7  (URAM288=7)
  Clock Path Skew:        0.035ns (DCD - SCD + CPR)
    Destination Clock Delay (DCD):    0.064ns = ( 6.731 - 6.667 ) 
    Source Clock Delay      (SCD):    0.029ns
    Clock Pessimism Removal (CPR):    0.000ns
  Clock Uncertainty:      0.035ns  ((TSJ^2 + TIJ^2)^1/2 + DJ) / 2 + PE
    Total System Jitter     (TSJ):    0.071ns
    Total Input Jitter      (TIJ):    0.000ns
    Discrete Jitter          (DJ):    0.000ns
    Phase Error              (PE):    0.000ns

    Location             Delay type                Incr(ns)  Path(ns)    Netlist Resource(s)
  -------------------------------------------------------------------    -------------------
                         (clock clk150 rise edge)     0.000     0.000 r  
                                                      0.000     0.000 r  clk150 (IN)
                         net (fo=156902, unset)       0.029     0.029    cfo/clk150
    SLICE_X138Y285       FDRE                                         r  cfo/issued_reg[5]_replica/C
  -------------------------------------------------------------------    -------------------
    SLICE_X138Y285       FDRE (Prop_FFF_SLICEL_C_Q)
                                                      0.079     0.108 r  cfo/issued_reg[5]_replica/Q
                         net (fo=39, routed)          4.921     5.029    cfo/coarse_banks[0].memory/u_frame_memory/xpm_memory_base_inst/issued_reg[5]_repN_alias
    URAM288_X0Y88        URAM288 (Prop_URAM_288K_INST_URAM288_ADDR_A[5]_CAS_OUT_ADDR_A[5])
                                                      0.215     5.244 r  cfo/coarse_banks[0].memory/u_frame_memory/xpm_memory_base_inst/gen_wr_a.gen_word_narrow.mem_reg_uram_40/CAS_OUT_ADDR_A[5]
                         net (fo=1, routed)           0.001     5.245    cfo/coarse_banks[0].memory/u_frame_memory/xpm_memory_base_inst/gen_wr_a.gen_word_narrow.mem_reg_uram_41_Cas_AddrA_1[5]
    URAM288_X0Y89        URAM288 (Prop_URAM_288K_INST_URAM288_CAS_IN_ADDR_A[5]_CAS_OUT_ADDR_A[5])
                                                      0.159     5.404 r  cfo/coarse_banks[0].memory/u_frame_memory/xpm_memory_base_inst/gen_wr_a.gen_word_narrow.mem_reg_uram_41/CAS_OUT_ADDR_A[5]
                         net (fo=1, routed)           0.001     5.405    cfo/coarse_banks[0].memory/u_frame_memory/xpm_memory_base_inst/gen_wr_a.gen_word_narrow.mem_reg_uram_42_Cas_AddrA_2[5]
    URAM288_X0Y90        URAM288 (Prop_URAM_288K_INST_URAM288_CAS_IN_ADDR_A[5]_CAS_OUT_ADDR_A[5])
                                                      0.159     5.564 r  cfo/coarse_banks[0].memory/u_frame_memory/xpm_memory_base_inst/gen_wr_a.gen_word_narrow.mem_reg_uram_42/CAS_OUT_ADDR_A[5]
                         net (fo=1, routed)           0.001     5.565    cfo/coarse_banks[0].memory/u_frame_memory/xpm_memory_base_inst/gen_wr_a.gen_word_narrow.mem_reg_uram_43_Cas_AddrA_3[5]
    URAM288_X0Y91        URAM288 (Prop_URAM_288K_INST_URAM288_CAS_IN_ADDR_A[5]_CAS_OUT_ADDR_A[5])
                                                      0.159     5.724 r  cfo/coarse_banks[0].memory/u_frame_memory/xpm_memory_base_inst/gen_wr_a.gen_word_narrow.mem_reg_uram_43/CAS_OUT_ADDR_A[5]
                         net (fo=1, routed)           0.002     5.726    cfo/coarse_banks[0].memory/u_frame_memory/xpm_memory_base_inst/gen_wr_a.gen_word_narrow.mem_reg_uram_44_Cas_AddrA_4[5]
    URAM288_X0Y92        URAM288 (Prop_URAM_288K_INST_URAM288_CAS_IN_ADDR_A[5]_CAS_OUT_ADDR_A[5])
                                                      0.159     5.885 r  cfo/coarse_banks[0].memory/u_frame_memory/xpm_memory_base_inst/gen_wr_a.gen_word_narrow.mem_reg_uram_44/CAS_OUT_ADDR_A[5]
                         net (fo=1, routed)           0.001     5.886    cfo/coarse_banks[0].memory/u_frame_memory/xpm_memory_base_inst/gen_wr_a.gen_word_narrow.mem_reg_uram_45_Cas_AddrA_5[5]
    URAM288_X0Y93        URAM288 (Prop_URAM_288K_INST_URAM288_CAS_IN_ADDR_A[5]_CAS_OUT_ADDR_A[5])
                                                      0.159     6.045 r  cfo/coarse_banks[0].memory/u_frame_memory/xpm_memory_base_inst/gen_wr_a.gen_word_narrow.mem_reg_uram_45/CAS_OUT_ADDR_A[5]
                         net (fo=1, routed)           0.001     6.046    cfo/coarse_banks[0].memory/u_frame_memory/xpm_memory_base_inst/gen_wr_a.gen_word_narrow.mem_reg_uram_46_Cas_AddrA_6[5]
    URAM288_X0Y94        URAM288 (Prop_URAM_288K_INST_URAM288_CAS_IN_ADDR_A[5]_CAS_OUT_ADDR_A[5])
                                                      0.159     6.205 r  cfo/coarse_banks[0].memory/u_frame_memory/xpm_memory_base_inst/gen_wr_a.gen_word_narrow.mem_reg_uram_46/CAS_OUT_ADDR_A[5]
                         net (fo=1, routed)           0.001     6.206    cfo/coarse_banks[0].memory/u_frame_memory/xpm_memory_base_inst/gen_wr_a.gen_word_narrow.mem_reg_uram_47_Cas_AddrA_7[5]
    URAM288_X0Y95        URAM288                                      r  cfo/coarse_banks[0].memory/u_frame_memory/xpm_memory_base_inst/gen_wr_a.gen_word_narrow.mem_reg_uram_47/CAS_IN_ADDR_A[5]
  -------------------------------------------------------------------    -------------------

                         (clock clk150 rise edge)     6.667     6.667 r  
                                                      0.000     6.667 r  clk150 (IN)
                         net (fo=156902, unset)       0.064     6.731    cfo/coarse_banks[0].memory/u_frame_memory/xpm_memory_base_inst/clka
    URAM288_X0Y95        URAM288                                      r  cfo/coarse_banks[0].memory/u_frame_memory/xpm_memory_base_inst/gen_wr_a.gen_word_narrow.mem_reg_uram_47/CLK
                         clock pessimism              0.000     6.731    
                         clock uncertainty           -0.035     6.696    
    URAM288_X0Y95        URAM288 (Setup_URAM_288K_INST_URAM288_CLK_CAS_IN_ADDR_A[5])
                                                     -0.466     6.230    cfo/coarse_banks[0].memory/u_frame_memory/xpm_memory_base_inst/gen_wr_a.gen_word_narrow.mem_reg_uram_47
  -------------------------------------------------------------------
                         required time                          6.230    
                         arrival time                          -6.206    
  -------------------------------------------------------------------
                         slack                                  0.024    

Slack (MET) :             0.026ns  (required time - arrival time)
  Source:                 cfo/issued_reg[11]_replica/C
                            (rising edge-triggered cell FDRE clocked by clk150  {rise@0.000ns fall@3.333ns period=6.667ns})
  Destination:            cfo/coarse_banks[0].memory/u_frame_memory/xpm_memory_base_inst/gen_wr_a.gen_word_narrow.mem_reg_uram_153/CAS_IN_ADDR_A[11]
                            (rising edge-triggered cell URAM288 clocked by clk150  {rise@0.000ns fall@3.333ns period=6.667ns})
  Path Group:             clk150
  Path Type:              Setup (Max at Slow Process Corner)
  Requirement:            6.667ns  (clk150 rise@6.667ns - clk150 rise@0.000ns)
  Data Path Delay:        6.185ns  (logic 1.110ns (17.947%)  route 5.075ns (82.053%))
  Logic Levels:           7  (URAM288=7)
  Clock Path Skew:        0.035ns (DCD - SCD + CPR)
    Destination Clock Delay (DCD):    0.064ns = ( 6.731 - 6.667 ) 
    Source Clock Delay      (SCD):    0.029ns
    Clock Pessimism Removal (CPR):    0.000ns
  Clock Uncertainty:      0.035ns  ((TSJ^2 + TIJ^2)^1/2 + DJ) / 2 + PE
    Total System Jitter     (TSJ):    0.071ns
    Total Input Jitter      (TIJ):    0.000ns
    Discrete Jitter          (DJ):    0.000ns
    Phase Error              (PE):    0.000ns

    Location             Delay type                Incr(ns)  Path(ns)    Netlist Resource(s)
  -------------------------------------------------------------------    -------------------
                         (clock clk150 rise edge)     0.000     0.000 r  
                                                      0.000     0.000 r  clk150 (IN)
                         net (fo=156902, unset)       0.029     0.029    cfo/clk150
    SLICE_X138Y286       FDRE                                         r  cfo/issued_reg[11]_replica/C
  -------------------------------------------------------------------    -------------------
    SLICE_X138Y286       FDRE (Prop_HFF_SLICEL_C_Q)
                                                      0.079     0.108 r  cfo/issued_reg[11]_replica/Q
                         net (fo=39, routed)          5.067     5.175    cfo/coarse_banks[0].memory/u_frame_memory/xpm_memory_base_inst/issued_reg[11]_repN_alias
    URAM288_X0Y104       URAM288 (Prop_URAM_288K_INST_URAM288_ADDR_A[11]_CAS_OUT_ADDR_A[11])
                                                      0.215     5.390 r  cfo/coarse_banks[0].memory/u_frame_memory/xpm_memory_base_inst/gen_wr_a.gen_word_narrow.mem_reg_uram_146/CAS_OUT_ADDR_A[11]
                         net (fo=1, routed)           0.001     5.391    cfo/coarse_banks[0].memory/u_frame_memory/xpm_memory_base_inst/gen_wr_a.gen_word_narrow.mem_reg_uram_147_Cas_AddrA_1[11]
    URAM288_X0Y105       URAM288 (Prop_URAM_288K_INST_URAM288_CAS_IN_ADDR_A[11]_CAS_OUT_ADDR_A[11])
                                                      0.136     5.527 r  cfo/coarse_banks[0].memory/u_frame_memory/xpm_memory_base_inst/gen_wr_a.gen_word_narrow.mem_reg_uram_147/CAS_OUT_ADDR_A[11]
                         net (fo=1, routed)           0.001     5.528    cfo/coarse_banks[0].memory/u_frame_memory/xpm_memory_base_inst/gen_wr_a.gen_word_narrow.mem_reg_uram_148_Cas_AddrA_2[11]
    URAM288_X0Y106       URAM288 (Prop_URAM_288K_INST_URAM288_CAS_IN_ADDR_A[11]_CAS_OUT_ADDR_A[11])
                                                      0.136     5.664 r  cfo/coarse_banks[0].memory/u_frame_memory/xpm_memory_base_inst/gen_wr_a.gen_word_narrow.mem_reg_uram_148/CAS_OUT_ADDR_A[11]
                         net (fo=1, routed)           0.001     5.665    cfo/coarse_banks[0].memory/u_frame_memory/xpm_memory_base_inst/gen_wr_a.gen_word_narrow.mem_reg_uram_149_Cas_AddrA_3[11]
    URAM288_X0Y107       URAM288 (Prop_URAM_288K_INST_URAM288_CAS_IN_ADDR_A[11]_CAS_OUT_ADDR_A[11])
                                                      0.136     5.801 r  cfo/coarse_banks[0].memory/u_frame_memory/xpm_memory_base_inst/gen_wr_a.gen_word_narrow.mem_reg_uram_149/CAS_OUT_ADDR_A[11]
                         net (fo=1, routed)           0.002     5.803    cfo/coarse_banks[0].memory/u_frame_memory/xpm_memory_base_inst/gen_wr_a.gen_word_narrow.mem_reg_uram_150_Cas_AddrA_4[11]
    URAM288_X0Y108       URAM288 (Prop_URAM_288K_INST_URAM288_CAS_IN_ADDR_A[11]_CAS_OUT_ADDR_A[11])
                                                      0.136     5.939 r  cfo/coarse_banks[0].memory/u_frame_memory/xpm_memory_base_inst/gen_wr_a.gen_word_narrow.mem_reg_uram_150/CAS_OUT_ADDR_A[11]
                         net (fo=1, routed)           0.001     5.940    cfo/coarse_banks[0].memory/u_frame_memory/xpm_memory_base_inst/gen_wr_a.gen_word_narrow.mem_reg_uram_151_Cas_AddrA_5[11]
    URAM288_X0Y109       URAM288 (Prop_URAM_288K_INST_URAM288_CAS_IN_ADDR_A[11]_CAS_OUT_ADDR_A[11])
                                                      0.136     6.076 r  cfo/coarse_banks[0].memory/u_frame_memory/xpm_memory_base_inst/gen_wr_a.gen_word_narrow.mem_reg_uram_151/CAS_OUT_ADDR_A[11]
                         net (fo=1, routed)           0.001     6.077    cfo/coarse_banks[0].memory/u_frame_memory/xpm_memory_base_inst/gen_wr_a.gen_word_narrow.mem_reg_uram_152_Cas_AddrA_6[11]
    URAM288_X0Y110       URAM288 (Prop_URAM_288K_INST_URAM288_CAS_IN_ADDR_A[11]_CAS_OUT_ADDR_A[11])
                                                      0.136     6.213 r  cfo/coarse_banks[0].memory/u_frame_memory/xpm_memory_base_inst/gen_wr_a.gen_word_narrow.mem_reg_uram_152/CAS_OUT_ADDR_A[11]
                         net (fo=1, routed)           0.001     6.214    cfo/coarse_banks[0].memory/u_frame_memory/xpm_memory_base_inst/gen_wr_a.gen_word_narrow.mem_reg_uram_153_Cas_AddrA_7[11]
    URAM288_X0Y111       URAM288                                      r  cfo/coarse_banks[0].memory/u_frame_memory/xpm_memory_base_inst/gen_wr_a.gen_word_narrow.mem_reg_uram_153/CAS_IN_ADDR_A[11]
  -------------------------------------------------------------------    -------------------

                         (clock clk150 rise edge)     6.667     6.667 r  
                                                      0.000     6.667 r  clk150 (IN)
                         net (fo=156902, unset)       0.064     6.731    cfo/coarse_banks[0].memory/u_frame_memory/xpm_memory_base_inst/clka
    URAM288_X0Y111       URAM288                                      r  cfo/coarse_banks[0].memory/u_frame_memory/xpm_memory_base_inst/gen_wr_a.gen_word_narrow.mem_reg_uram_153/CLK
                         clock pessimism              0.000     6.731    
                         clock uncertainty           -0.035     6.696    
    URAM288_X0Y111       URAM288 (Setup_URAM_288K_INST_URAM288_CLK_CAS_IN_ADDR_A[11])
                                                     -0.456     6.240    cfo/coarse_banks[0].memory/u_frame_memory/xpm_memory_base_inst/gen_wr_a.gen_word_narrow.mem_reg_uram_153
  -------------------------------------------------------------------
                         required time                          6.240    
                         arrival time                          -6.214    
  -------------------------------------------------------------------
                         slack                                  0.026    

Slack (MET) :             0.036ns  (required time - arrival time)
  Source:                 cfo/coarse_banks[0].memory/u_frame_memory/xpm_memory_base_inst/gen_wr_a.gen_word_narrow.mem_reg_uram_90/CLK
                            (rising edge-triggered cell URAM288 clocked by clk150  {rise@0.000ns fall@3.333ns period=6.667ns})
  Destination:            cfo/coarse_banks[0].memory/u_frame_memory/xpm_memory_base_inst/gen_rd_b.gen_doutb_pipe.doutb_pipe_reg[0][89]/D
                            (rising edge-triggered cell FDRE clocked by clk150  {rise@0.000ns fall@3.333ns period=6.667ns})
  Path Group:             clk150
  Path Type:              Setup (Max at Slow Process Corner)
  Requirement:            6.667ns  (clk150 rise@6.667ns - clk150 rise@0.000ns)
  Data Path Delay:        6.555ns  (logic 2.945ns (44.928%)  route 3.610ns (55.072%))
  Logic Levels:           12  (LUT5=5 URAM288=7)
  Clock Path Skew:        -0.062ns (DCD - SCD + CPR)
    Destination Clock Delay (DCD):    0.021ns = ( 6.688 - 6.667 ) 
    Source Clock Delay      (SCD):    0.083ns
    Clock Pessimism Removal (CPR):    0.000ns
  Clock Uncertainty:      0.035ns  ((TSJ^2 + TIJ^2)^1/2 + DJ) / 2 + PE
    Total System Jitter     (TSJ):    0.071ns
    Total Input Jitter      (TIJ):    0.000ns
    Discrete Jitter          (DJ):    0.000ns
    Phase Error              (PE):    0.000ns
  Inter-SLR Compensation: 0.003ns  (DCD * PF)
    Destination Clock Delay (DCD):    0.021ns
    Prorating Factor         (PF):    0.150

    Location             Delay type                Incr(ns)  Path(ns)    Netlist Resource(s)
  -------------------------------------------------------------------    -------------------
                         (clock clk150 rise edge)     0.000     0.000 r  
                                                      0.000     0.000 r  clk150 (IN)
                         net (fo=156902, unset)       0.083     0.083    cfo/coarse_banks[0].memory/u_frame_memory/xpm_memory_base_inst/clka
    URAM288_X3Y144       URAM288                                      r  cfo/coarse_banks[0].memory/u_frame_memory/xpm_memory_base_inst/gen_wr_a.gen_word_narrow.mem_reg_uram_90/CLK
  -------------------------------------------------------------------    -------------------
    URAM288_X3Y144       URAM288 (Prop_URAM_288K_INST_URAM288_CLK_CAS_OUT_DOUT_A[17])
                                                      1.358     1.441 r  cfo/coarse_banks[0].memory/u_frame_memory/xpm_memory_base_inst/gen_wr_a.gen_word_narrow.mem_reg_uram_90/CAS_OUT_DOUT_A[17]
                         net (fo=1, routed)           0.001     1.442    cfo/coarse_banks[0].memory/u_frame_memory/xpm_memory_base_inst/gen_wr_a.gen_word_narrow.mem_reg_uram_91_Cas_DoutA_1[17]
    URAM288_X3Y145       URAM288 (Prop_URAM_288K_INST_URAM288_CAS_IN_DOUT_A[17]_CAS_OUT_DOUT_A[17])
                                                      0.181     1.623 r  cfo/coarse_banks[0].memory/u_frame_memory/xpm_memory_base_inst/gen_wr_a.gen_word_narrow.mem_reg_uram_91/CAS_OUT_DOUT_A[17]
                         net (fo=1, routed)           0.001     1.624    cfo/coarse_banks[0].memory/u_frame_memory/xpm_memory_base_inst/gen_wr_a.gen_word_narrow.mem_reg_uram_92_Cas_DoutA_2[17]
    URAM288_X3Y146       URAM288 (Prop_URAM_288K_INST_URAM288_CAS_IN_DOUT_A[17]_CAS_OUT_DOUT_A[17])
                                                      0.181     1.805 r  cfo/coarse_banks[0].memory/u_frame_memory/xpm_memory_base_inst/gen_wr_a.gen_word_narrow.mem_reg_uram_92/CAS_OUT_DOUT_A[17]
                         net (fo=1, routed)           0.001     1.806    cfo/coarse_banks[0].memory/u_frame_memory/xpm_memory_base_inst/gen_wr_a.gen_word_narrow.mem_reg_uram_93_Cas_DoutA_3[17]
    URAM288_X3Y147       URAM288 (Prop_URAM_288K_INST_URAM288_CAS_IN_DOUT_A[17]_CAS_OUT_DOUT_A[17])
                                                      0.181     1.987 r  cfo/coarse_banks[0].memory/u_frame_memory/xpm_memory_base_inst/gen_wr_a.gen_word_narrow.mem_reg_uram_93/CAS_OUT_DOUT_A[17]
                         net (fo=1, routed)           0.001     1.988    cfo/coarse_banks[0].memory/u_frame_memory/xpm_memory_base_inst/gen_wr_a.gen_word_narrow.mem_reg_uram_94_Cas_DoutA_4[17]
    URAM288_X3Y148       URAM288 (Prop_URAM_288K_INST_URAM288_CAS_IN_DOUT_A[17]_CAS_OUT_DOUT_A[17])
                                                      0.181     2.169 r  cfo/coarse_banks[0].memory/u_frame_memory/xpm_memory_base_inst/gen_wr_a.gen_word_narrow.mem_reg_uram_94/CAS_OUT_DOUT_A[17]
                         net (fo=1, routed)           0.001     2.170    cfo/coarse_banks[0].memory/u_frame_memory/xpm_memory_base_inst/gen_wr_a.gen_word_narrow.mem_reg_uram_95_Cas_DoutA_5[17]
    URAM288_X3Y149       URAM288 (Prop_URAM_288K_INST_URAM288_CAS_IN_DOUT_A[17]_CAS_OUT_DOUT_A[17])
                                                      0.181     2.351 r  cfo/coarse_banks[0].memory/u_frame_memory/xpm_memory_base_inst/gen_wr_a.gen_word_narrow.mem_reg_uram_95/CAS_OUT_DOUT_A[17]
                         net (fo=1, routed)           0.001     2.352    cfo/coarse_banks[0].memory/u_frame_memory/xpm_memory_base_inst/gen_wr_a.gen_word_narrow.mem_reg_uram_96_Cas_DoutA_6[17]
    URAM288_X3Y150       URAM288 (Prop_URAM_288K_INST_URAM288_CAS_IN_DOUT_A[17]_CAS_OUT_DOUT_A[17])
                                                      0.181     2.533 r  cfo/coarse_banks[0].memory/u_frame_memory/xpm_memory_base_inst/gen_wr_a.gen_word_narrow.mem_reg_uram_96/CAS_OUT_DOUT_A[17]
                         net (fo=1, routed)           0.001     2.534    cfo/coarse_banks[0].memory/u_frame_memory/xpm_memory_base_inst/gen_wr_a.gen_word_narrow.mem_reg_uram_97_Cas_DoutA_7[17]
    URAM288_X3Y151       URAM288 (Prop_URAM_288K_INST_URAM288_CAS_IN_DOUT_A[17]_DOUT_A[17])
                                                      0.193     2.727 r  cfo/coarse_banks[0].memory/u_frame_memory/xpm_memory_base_inst/gen_wr_a.gen_word_narrow.mem_reg_uram_97/DOUT_A[17]
                         net (fo=1, routed)           2.149     4.876    cfo/coarse_banks[0].memory/u_frame_memory/xpm_memory_base_inst/gen_wr_a.gen_word_narrow.mem_reg_uram_97_n_404
    SLR Crossing[2->1]   
    SLICE_X123Y431       LUT5 (Prop_A6LUT_SLICEL_I2_O)
                                                      0.035     4.911 r  cfo/coarse_banks[0].memory/u_frame_memory/xpm_memory_base_inst/gen_rd_b.gen_doutb_pipe.doutb_pipe[0][89]_i_5/O
                         net (fo=1, routed)           0.088     4.999    cfo/coarse_banks[0].memory/u_frame_memory/xpm_memory_base_inst/gen_rd_b.gen_doutb_pipe.doutb_pipe[0][89]_i_5_n_0
    SLICE_X123Y431       LUT5 (Prop_H6LUT_SLICEL_I4_O)
                                                      0.036     5.035 r  cfo/coarse_banks[0].memory/u_frame_memory/xpm_memory_base_inst/gen_rd_b.gen_doutb_pipe.doutb_pipe[0][89]_i_4/O
                         net (fo=1, routed)           0.984     6.019    cfo/coarse_banks[0].memory/u_frame_memory/xpm_memory_base_inst/gen_rd_b.gen_doutb_pipe.doutb_pipe[0][89]_i_4_n_0
    SLICE_X102Y428       LUT5 (Prop_C6LUT_SLICEM_I4_O)
                                                      0.037     6.056 r  cfo/coarse_banks[0].memory/u_frame_memory/xpm_memory_base_inst/gen_rd_b.gen_doutb_pipe.doutb_pipe[0][89]_i_3/O
                         net (fo=1, routed)           0.261     6.317    cfo/coarse_banks[0].memory/u_frame_memory/xpm_memory_base_inst/gen_rd_b.gen_doutb_pipe.doutb_pipe[0][89]_i_3_n_0
    SLICE_X100Y419       LUT5 (Prop_F6LUT_SLICEM_I4_O)
                                                      0.051     6.368 r  cfo/coarse_banks[0].memory/u_frame_memory/xpm_memory_base_inst/gen_rd_b.gen_doutb_pipe.doutb_pipe[0][89]_i_2/O
                         net (fo=1, routed)           0.062     6.430    cfo/coarse_banks[0].memory/u_frame_memory/xpm_memory_base_inst/gen_rd_b.gen_doutb_pipe.doutb_pipe[0][89]_i_2_n_0
    SLICE_X100Y419       LUT5 (Prop_B6LUT_SLICEM_I4_O)
                                                      0.149     6.579 r  cfo/coarse_banks[0].memory/u_frame_memory/xpm_memory_base_inst/gen_rd_b.gen_doutb_pipe.doutb_pipe[0][89]_i_1/O
                         net (fo=1, routed)           0.059     6.638    cfo/coarse_banks[0].memory/u_frame_memory/xpm_memory_base_inst/gen_rd_b.doutb_reg[89]
    SLICE_X100Y419       FDRE                                         r  cfo/coarse_banks[0].memory/u_frame_memory/xpm_memory_base_inst/gen_rd_b.gen_doutb_pipe.doutb_pipe_reg[0][89]/D
  -------------------------------------------------------------------    -------------------

                         (clock clk150 rise edge)     6.667     6.667 r  
                                                      0.000     6.667 r  clk150 (IN)
                         net (fo=156902, unset)       0.021     6.688    cfo/coarse_banks[0].memory/u_frame_memory/xpm_memory_base_inst/clka
    SLICE_X100Y419       FDRE                                         r  cfo/coarse_banks[0].memory/u_frame_memory/xpm_memory_base_inst/gen_rd_b.gen_doutb_pipe.doutb_pipe_reg[0][89]/C
                         clock pessimism              0.000     6.688    
                         inter-SLR compensation      -0.003     6.685    
                         clock uncertainty           -0.035     6.649    
    SLICE_X100Y419       FDRE (Setup_BFF_SLICEM_C_D)
                                                      0.025     6.674    cfo/coarse_banks[0].memory/u_frame_memory/xpm_memory_base_inst/gen_rd_b.gen_doutb_pipe.doutb_pipe_reg[0][89]
  -------------------------------------------------------------------
                         required time                          6.674    
                         arrival time                          -6.638    
  -------------------------------------------------------------------
                         slack                                  0.036    

Slack (MET) :             0.039ns  (required time - arrival time)
  Source:                 sfo/two_pass_transport/intermediate[0].intermediate_bank/ram_wa_reg[7]/C
                            (rising edge-triggered cell FDRE clocked by clk150  {rise@0.000ns fall@3.333ns period=6.667ns})
  Destination:            sfo/two_pass_transport/intermediate[0].intermediate_bank/memory/u_frame_memory/xpm_memory_base_inst/gen_wr_a.gen_word_narrow.mem_reg_uram_7/CAS_IN_ADDR_B[7]
                            (rising edge-triggered cell URAM288 clocked by clk150  {rise@0.000ns fall@3.333ns period=6.667ns})
  Path Group:             clk150
  Path Type:              Setup (Max at Slow Process Corner)
  Requirement:            6.667ns  (clk150 rise@6.667ns - clk150 rise@0.000ns)
  Data Path Delay:        6.305ns  (logic 1.263ns (20.032%)  route 5.042ns (79.968%))
  Logic Levels:           7  (URAM288=7)
  Clock Path Skew:        0.034ns (DCD - SCD + CPR)
    Destination Clock Delay (DCD):    0.064ns = ( 6.731 - 6.667 ) 
    Source Clock Delay      (SCD):    0.030ns
    Clock Pessimism Removal (CPR):    0.000ns
  Clock Uncertainty:      0.035ns  ((TSJ^2 + TIJ^2)^1/2 + DJ) / 2 + PE
    Total System Jitter     (TSJ):    0.071ns
    Total Input Jitter      (TIJ):    0.000ns
    Discrete Jitter          (DJ):    0.000ns
    Phase Error              (PE):    0.000ns
  Inter-SLR Compensation: 0.010ns  (DCD * PF)
    Destination Clock Delay (DCD):    0.064ns
    Prorating Factor         (PF):    0.150

    Location             Delay type                Incr(ns)  Path(ns)    Netlist Resource(s)
  -------------------------------------------------------------------    -------------------
                         (clock clk150 rise edge)     0.000     0.000 r  
                                                      0.000     0.000 r  clk150 (IN)
                         net (fo=156902, unset)       0.030     0.030    sfo/two_pass_transport/intermediate[0].intermediate_bank/clk
    SLICE_X124Y323       FDRE                                         r  sfo/two_pass_transport/intermediate[0].intermediate_bank/ram_wa_reg[7]/C
  -------------------------------------------------------------------    -------------------
    SLICE_X124Y323       FDRE (Prop_EFF_SLICEM_C_Q)
                                                      0.076     0.106 r  sfo/two_pass_transport/intermediate[0].intermediate_bank/ram_wa_reg[7]/Q
                         net (fo=22, routed)          5.028     5.134    sfo/two_pass_transport/intermediate[0].intermediate_bank/memory/u_frame_memory/xpm_memory_base_inst/addra[7]
    SLR Crossing[1->0]   
    URAM288_X3Y16        URAM288 (Prop_URAM_288K_INST_URAM288_ADDR_B[7]_CAS_OUT_ADDR_B[7])
                                                      0.215     5.349 r  sfo/two_pass_transport/intermediate[0].intermediate_bank/memory/u_frame_memory/xpm_memory_base_inst/gen_wr_a.gen_word_narrow.mem_reg_uram_0/CAS_OUT_ADDR_B[7]
                         net (fo=1, routed)           0.002     5.351    sfo/two_pass_transport/intermediate[0].intermediate_bank/memory/u_frame_memory/xpm_memory_base_inst/gen_wr_a.gen_word_narrow.mem_reg_uram_1_Cas_AddrB_1[7]
    URAM288_X3Y17        URAM288 (Prop_URAM_288K_INST_URAM288_CAS_IN_ADDR_B[7]_CAS_OUT_ADDR_B[7])
                                                      0.162     5.513 r  sfo/two_pass_transport/intermediate[0].intermediate_bank/memory/u_frame_memory/xpm_memory_base_inst/gen_wr_a.gen_word_narrow.mem_reg_uram_1/CAS_OUT_ADDR_B[7]
                         net (fo=1, routed)           0.002     5.515    sfo/two_pass_transport/intermediate[0].intermediate_bank/memory/u_frame_memory/xpm_memory_base_inst/gen_wr_a.gen_word_narrow.mem_reg_uram_2_Cas_AddrB_2[7]
    URAM288_X3Y18        URAM288 (Prop_URAM_288K_INST_URAM288_CAS_IN_ADDR_B[7]_CAS_OUT_ADDR_B[7])
                                                      0.162     5.677 r  sfo/two_pass_transport/intermediate[0].intermediate_bank/memory/u_frame_memory/xpm_memory_base_inst/gen_wr_a.gen_word_narrow.mem_reg_uram_2/CAS_OUT_ADDR_B[7]
                         net (fo=1, routed)           0.002     5.679    sfo/two_pass_transport/intermediate[0].intermediate_bank/memory/u_frame_memory/xpm_memory_base_inst/gen_wr_a.gen_word_narrow.mem_reg_uram_3_Cas_AddrB_3[7]
    URAM288_X3Y19        URAM288 (Prop_URAM_288K_INST_URAM288_CAS_IN_ADDR_B[7]_CAS_OUT_ADDR_B[7])
                                                      0.162     5.841 r  sfo/two_pass_transport/intermediate[0].intermediate_bank/memory/u_frame_memory/xpm_memory_base_inst/gen_wr_a.gen_word_narrow.mem_reg_uram_3/CAS_OUT_ADDR_B[7]
                         net (fo=1, routed)           0.002     5.843    sfo/two_pass_transport/intermediate[0].intermediate_bank/memory/u_frame_memory/xpm_memory_base_inst/gen_wr_a.gen_word_narrow.mem_reg_uram_4_Cas_AddrB_4[7]
    URAM288_X3Y20        URAM288 (Prop_URAM_288K_INST_URAM288_CAS_IN_ADDR_B[7]_CAS_OUT_ADDR_B[7])
                                                      0.162     6.005 r  sfo/two_pass_transport/intermediate[0].intermediate_bank/memory/u_frame_memory/xpm_memory_base_inst/gen_wr_a.gen_word_narrow.mem_reg_uram_4/CAS_OUT_ADDR_B[7]
                         net (fo=1, routed)           0.002     6.007    sfo/two_pass_transport/intermediate[0].intermediate_bank/memory/u_frame_memory/xpm_memory_base_inst/gen_wr_a.gen_word_narrow.mem_reg_uram_5_Cas_AddrB_5[7]
    URAM288_X3Y21        URAM288 (Prop_URAM_288K_INST_URAM288_CAS_IN_ADDR_B[7]_CAS_OUT_ADDR_B[7])
                                                      0.162     6.169 r  sfo/two_pass_transport/intermediate[0].intermediate_bank/memory/u_frame_memory/xpm_memory_base_inst/gen_wr_a.gen_word_narrow.mem_reg_uram_5/CAS_OUT_ADDR_B[7]
                         net (fo=1, routed)           0.002     6.171    sfo/two_pass_transport/intermediate[0].intermediate_bank/memory/u_frame_memory/xpm_memory_base_inst/gen_wr_a.gen_word_narrow.mem_reg_uram_6_Cas_AddrB_6[7]
    URAM288_X3Y22        URAM288 (Prop_URAM_288K_INST_URAM288_CAS_IN_ADDR_B[7]_CAS_OUT_ADDR_B[7])
                                                      0.162     6.333 r  sfo/two_pass_transport/intermediate[0].intermediate_bank/memory/u_frame_memory/xpm_memory_base_inst/gen_wr_a.gen_word_narrow.mem_reg_uram_6/CAS_OUT_ADDR_B[7]
                         net (fo=1, routed)           0.002     6.335    sfo/two_pass_transport/intermediate[0].intermediate_bank/memory/u_frame_memory/xpm_memory_base_inst/gen_wr_a.gen_word_narrow.mem_reg_uram_7_Cas_AddrB_7[7]
    URAM288_X3Y23        URAM288                                      r  sfo/two_pass_transport/intermediate[0].intermediate_bank/memory/u_frame_memory/xpm_memory_base_inst/gen_wr_a.gen_word_narrow.mem_reg_uram_7/CAS_IN_ADDR_B[7]
  -------------------------------------------------------------------    -------------------

                         (clock clk150 rise edge)     6.667     6.667 r  
                                                      0.000     6.667 r  clk150 (IN)
                         net (fo=156902, unset)       0.064     6.731    sfo/two_pass_transport/intermediate[0].intermediate_bank/memory/u_frame_memory/xpm_memory_base_inst/clka
    URAM288_X3Y23        URAM288                                      r  sfo/two_pass_transport/intermediate[0].intermediate_bank/memory/u_frame_memory/xpm_memory_base_inst/gen_wr_a.gen_word_narrow.mem_reg_uram_7/CLK
                         clock pessimism              0.000     6.731    
                         inter-SLR compensation      -0.010     6.721    
                         clock uncertainty           -0.035     6.686    
    URAM288_X3Y23        URAM288 (Setup_URAM_288K_INST_URAM288_CLK_CAS_IN_ADDR_B[7])
                                                     -0.312     6.374    sfo/two_pass_transport/intermediate[0].intermediate_bank/memory/u_frame_memory/xpm_memory_base_inst/gen_wr_a.gen_word_narrow.mem_reg_uram_7
  -------------------------------------------------------------------
                         required time                          6.374    
                         arrival time                          -6.335    
  -------------------------------------------------------------------
                         slack                                  0.039    





Min Delay Paths
--------------------------------------------------------------------------------------
Slack (MET) :             0.022ns  (arrival time - required time)
  Source:                 sfo/two_pass_transport/second_resampling/engine/core/fir47_interpolator/q_core/U0/i_synth/g_polyphase_interpolation_sym_ssr.i_polyphase_interpolation_sym_ssr/g_parallel.i_data_in/gen_reg.d_reg_reg[10]/C
                            (rising edge-triggered cell FDRE clocked by clk150  {rise@0.000ns fall@3.333ns period=6.667ns})
  Destination:            sfo/two_pass_transport/second_resampling/engine/core/fir47_interpolator/q_core/U0/i_synth/g_polyphase_interpolation_sym_ssr.i_polyphase_interpolation_sym_ssr/g_parallel.g_paths[0].g_symmetric.g_data_array.g_data[3].i_data_casc_dly/gen_dly.gen_shiftreg.gen_rtl_delay.delay_bus_reg[6][10]_srl7/D
                            (rising edge-triggered cell SRL16E clocked by clk150  {rise@0.000ns fall@3.333ns period=6.667ns})
  Path Group:             clk150
  Path Type:              Hold (Min at Fast Process Corner)
  Requirement:            0.000ns  (clk150 rise@0.000ns - clk150 rise@0.000ns)
  Data Path Delay:        0.094ns  (logic 0.040ns (42.553%)  route 0.054ns (57.447%))
  Logic Levels:           0  
  Clock Path Skew:        0.026ns (DCD - SCD - CPR)
    Destination Clock Delay (DCD):    0.039ns
    Source Clock Delay      (SCD):    0.013ns
    Clock Pessimism Removal (CPR):    -0.000ns

    Location             Delay type                Incr(ns)  Path(ns)    Netlist Resource(s)
  -------------------------------------------------------------------    -------------------
                         (clock clk150 rise edge)     0.000     0.000 r  
                                                      0.000     0.000 r  clk150 (IN)
                         net (fo=156902, unset)       0.013     0.013    sfo/two_pass_transport/second_resampling/engine/core/fir47_interpolator/q_core/U0/i_synth/g_polyphase_interpolation_sym_ssr.i_polyphase_interpolation_sym_ssr/g_parallel.i_data_in/aclk
    SLICE_X18Y201        FDRE                                         r  sfo/two_pass_transport/second_resampling/engine/core/fir47_interpolator/q_core/U0/i_synth/g_polyphase_interpolation_sym_ssr.i_polyphase_interpolation_sym_ssr/g_parallel.i_data_in/gen_reg.d_reg_reg[10]/C
  -------------------------------------------------------------------    -------------------
    SLICE_X18Y201        FDRE (Prop_GFF2_SLICEL_C_Q)
                                                      0.040     0.053 r  sfo/two_pass_transport/second_resampling/engine/core/fir47_interpolator/q_core/U0/i_synth/g_polyphase_interpolation_sym_ssr.i_polyphase_interpolation_sym_ssr/g_parallel.i_data_in/gen_reg.d_reg_reg[10]/Q
                         net (fo=2, routed)           0.054     0.107    sfo/two_pass_transport/second_resampling/engine/core/fir47_interpolator/q_core/U0/i_synth/g_polyphase_interpolation_sym_ssr.i_polyphase_interpolation_sym_ssr/g_parallel.g_paths[0].g_symmetric.g_data_array.g_data[3].i_data_casc_dly/D[10]
    SLICE_X17Y201        SRL16E                                       r  sfo/two_pass_transport/second_resampling/engine/core/fir47_interpolator/q_core/U0/i_synth/g_polyphase_interpolation_sym_ssr.i_polyphase_interpolation_sym_ssr/g_parallel.g_paths[0].g_symmetric.g_data_array.g_data[3].i_data_casc_dly/gen_dly.gen_shiftreg.gen_rtl_delay.delay_bus_reg[6][10]_srl7/D
  -------------------------------------------------------------------    -------------------

                         (clock clk150 rise edge)     0.000     0.000 r  
                                                      0.000     0.000 r  clk150 (IN)
                         net (fo=156902, unset)       0.039     0.039    sfo/two_pass_transport/second_resampling/engine/core/fir47_interpolator/q_core/U0/i_synth/g_polyphase_interpolation_sym_ssr.i_polyphase_interpolation_sym_ssr/g_parallel.g_paths[0].g_symmetric.g_data_array.g_data[3].i_data_casc_dly/aclk
    SLICE_X17Y201        SRL16E                                       r  sfo/two_pass_transport/second_resampling/engine/core/fir47_interpolator/q_core/U0/i_synth/g_polyphase_interpolation_sym_ssr.i_polyphase_interpolation_sym_ssr/g_parallel.g_paths[0].g_symmetric.g_data_array.g_data[3].i_data_casc_dly/gen_dly.gen_shiftreg.gen_rtl_delay.delay_bus_reg[6][10]_srl7/CLK
                         clock pessimism              0.000     0.039    
    SLICE_X17Y201        SRL16E (Hold_C5LUT_SLICEM_CLK_D)
                                                      0.046     0.085    sfo/two_pass_transport/second_resampling/engine/core/fir47_interpolator/q_core/U0/i_synth/g_polyphase_interpolation_sym_ssr.i_polyphase_interpolation_sym_ssr/g_parallel.g_paths[0].g_symmetric.g_data_array.g_data[3].i_data_casc_dly/gen_dly.gen_shiftreg.gen_rtl_delay.delay_bus_reg[6][10]_srl7
  -------------------------------------------------------------------
                         required time                         -0.085    
                         arrival time                           0.107    
  -------------------------------------------------------------------
                         slack                                  0.022    

Slack (MET) :             0.023ns  (arrival time - required time)
  Source:                 sfo/two_pass_transport/first_resampling/engine/core/fir15_decimator/i_core/U0/i_synth/g_single_rate.i_single_rate/g_parallel.i_data_in/gen_reg.d_reg_reg[248]/C
                            (rising edge-triggered cell FDRE clocked by clk150  {rise@0.000ns fall@3.333ns period=6.667ns})
  Destination:            sfo/two_pass_transport/first_resampling/engine/core/fir15_decimator/i_core/U0/i_synth/g_single_rate.i_single_rate/g_parallel.g_paths[15].g_symmetric.g_data_array.g_data[0].i_data_casc_dly/gen_dly.gen_shiftreg.gen_rtl_delay.delay_bus_reg[5][8]_srl6/D
                            (rising edge-triggered cell SRL16E clocked by clk150  {rise@0.000ns fall@3.333ns period=6.667ns})
  Path Group:             clk150
  Path Type:              Hold (Min at Fast Process Corner)
  Requirement:            0.000ns  (clk150 rise@0.000ns - clk150 rise@0.000ns)
  Data Path Delay:        0.095ns  (logic 0.040ns (42.105%)  route 0.055ns (57.895%))
  Logic Levels:           0  
  Clock Path Skew:        0.026ns (DCD - SCD - CPR)
    Destination Clock Delay (DCD):    0.039ns
    Source Clock Delay      (SCD):    0.013ns
    Clock Pessimism Removal (CPR):    -0.000ns

    Location             Delay type                Incr(ns)  Path(ns)    Netlist Resource(s)
  -------------------------------------------------------------------    -------------------
                         (clock clk150 rise edge)     0.000     0.000 r  
                                                      0.000     0.000 r  clk150 (IN)
                         net (fo=156902, unset)       0.013     0.013    sfo/two_pass_transport/first_resampling/engine/core/fir15_decimator/i_core/U0/i_synth/g_single_rate.i_single_rate/g_parallel.i_data_in/aclk
    SLICE_X207Y42        FDRE                                         r  sfo/two_pass_transport/first_resampling/engine/core/fir15_decimator/i_core/U0/i_synth/g_single_rate.i_single_rate/g_parallel.i_data_in/gen_reg.d_reg_reg[248]/C
  -------------------------------------------------------------------    -------------------
    SLICE_X207Y42        FDRE (Prop_EFF2_SLICEL_C_Q)
                                                      0.040     0.053 r  sfo/two_pass_transport/first_resampling/engine/core/fir15_decimator/i_core/U0/i_synth/g_single_rate.i_single_rate/g_parallel.i_data_in/gen_reg.d_reg_reg[248]/Q
                         net (fo=2, routed)           0.055     0.108    sfo/two_pass_transport/first_resampling/engine/core/fir15_decimator/i_core/U0/i_synth/g_single_rate.i_single_rate/g_parallel.g_paths[15].g_symmetric.g_data_array.g_data[0].i_data_casc_dly/D[8]
    SLICE_X206Y42        SRL16E                                       r  sfo/two_pass_transport/first_resampling/engine/core/fir15_decimator/i_core/U0/i_synth/g_single_rate.i_single_rate/g_parallel.g_paths[15].g_symmetric.g_data_array.g_data[0].i_data_casc_dly/gen_dly.gen_shiftreg.gen_rtl_delay.delay_bus_reg[5][8]_srl6/D
  -------------------------------------------------------------------    -------------------

                         (clock clk150 rise edge)     0.000     0.000 r  
                                                      0.000     0.000 r  clk150 (IN)
                         net (fo=156902, unset)       0.039     0.039    sfo/two_pass_transport/first_resampling/engine/core/fir15_decimator/i_core/U0/i_synth/g_single_rate.i_single_rate/g_parallel.g_paths[15].g_symmetric.g_data_array.g_data[0].i_data_casc_dly/aclk
    SLICE_X206Y42        SRL16E                                       r  sfo/two_pass_transport/first_resampling/engine/core/fir15_decimator/i_core/U0/i_synth/g_single_rate.i_single_rate/g_parallel.g_paths[15].g_symmetric.g_data_array.g_data[0].i_data_casc_dly/gen_dly.gen_shiftreg.gen_rtl_delay.delay_bus_reg[5][8]_srl6/CLK
                         clock pessimism              0.000     0.039    
    SLICE_X206Y42        SRL16E (Hold_A5LUT_SLICEM_CLK_D)
                                                      0.046     0.085    sfo/two_pass_transport/first_resampling/engine/core/fir15_decimator/i_core/U0/i_synth/g_single_rate.i_single_rate/g_parallel.g_paths[15].g_symmetric.g_data_array.g_data[0].i_data_casc_dly/gen_dly.gen_shiftreg.gen_rtl_delay.delay_bus_reg[5][8]_srl6
  -------------------------------------------------------------------
                         required time                         -0.085    
                         arrival time                           0.108    
  -------------------------------------------------------------------
                         slack                                  0.023    

Slack (MET) :             0.025ns  (arrival time - required time)
  Source:                 sfo/two_pass_transport/second_resampling/engine/core/fir47_decimator/i_core/U0/i_synth/g_single_rate.i_single_rate/g_parallel.g_paths[3].g_symmetric.g_data_array.g_data[12].g_data_buff.i_data_buf/g_buff.i_buff/gen_reg.d_reg_reg[13]/C
                            (rising edge-triggered cell FDRE clocked by clk150  {rise@0.000ns fall@3.333ns period=6.667ns})
  Destination:            sfo/two_pass_transport/second_resampling/engine/core/fir47_decimator/i_core/U0/i_synth/g_single_rate.i_single_rate/g_parallel.g_paths[3].g_symmetric.g_data_array.g_data[20].i_data_casc_dly/gen_dly.gen_shiftreg.gen_rtl_delay.delay_bus_reg[1][13]_srl2/D
                            (rising edge-triggered cell SRL16E clocked by clk150  {rise@0.000ns fall@3.333ns period=6.667ns})
  Path Group:             clk150
  Path Type:              Hold (Min at Fast Process Corner)
  Requirement:            0.000ns  (clk150 rise@0.000ns - clk150 rise@0.000ns)
  Data Path Delay:        0.097ns  (logic 0.039ns (40.206%)  route 0.058ns (59.794%))
  Logic Levels:           0  
  Clock Path Skew:        0.026ns (DCD - SCD - CPR)
    Destination Clock Delay (DCD):    0.039ns
    Source Clock Delay      (SCD):    0.013ns
    Clock Pessimism Removal (CPR):    -0.000ns

    Location             Delay type                Incr(ns)  Path(ns)    Netlist Resource(s)
  -------------------------------------------------------------------    -------------------
                         (clock clk150 rise edge)     0.000     0.000 r  
                                                      0.000     0.000 r  clk150 (IN)
                         net (fo=156902, unset)       0.013     0.013    sfo/two_pass_transport/second_resampling/engine/core/fir47_decimator/i_core/U0/i_synth/g_single_rate.i_single_rate/g_parallel.g_paths[3].g_symmetric.g_data_array.g_data[12].g_data_buff.i_data_buf/g_buff.i_buff/aclk
    SLICE_X89Y115        FDRE                                         r  sfo/two_pass_transport/second_resampling/engine/core/fir47_decimator/i_core/U0/i_synth/g_single_rate.i_single_rate/g_parallel.g_paths[3].g_symmetric.g_data_array.g_data[12].g_data_buff.i_data_buf/g_buff.i_buff/gen_reg.d_reg_reg[13]/C
  -------------------------------------------------------------------    -------------------
    SLICE_X89Y115        FDRE (Prop_FFF_SLICEL_C_Q)
                                                      0.039     0.052 r  sfo/two_pass_transport/second_resampling/engine/core/fir47_decimator/i_core/U0/i_synth/g_single_rate.i_single_rate/g_parallel.g_paths[3].g_symmetric.g_data_array.g_data[12].g_data_buff.i_data_buf/g_buff.i_buff/gen_reg.d_reg_reg[13]/Q
                         net (fo=2, routed)           0.058     0.110    sfo/two_pass_transport/second_resampling/engine/core/fir47_decimator/i_core/U0/i_synth/g_single_rate.i_single_rate/g_parallel.g_paths[3].g_symmetric.g_data_array.g_data[20].i_data_casc_dly/Q[13]
    SLICE_X88Y115        SRL16E                                       r  sfo/two_pass_transport/second_resampling/engine/core/fir47_decimator/i_core/U0/i_synth/g_single_rate.i_single_rate/g_parallel.g_paths[3].g_symmetric.g_data_array.g_data[20].i_data_casc_dly/gen_dly.gen_shiftreg.gen_rtl_delay.delay_bus_reg[1][13]_srl2/D
  -------------------------------------------------------------------    -------------------

                         (clock clk150 rise edge)     0.000     0.000 r  
                                                      0.000     0.000 r  clk150 (IN)
                         net (fo=156902, unset)       0.039     0.039    sfo/two_pass_transport/second_resampling/engine/core/fir47_decimator/i_core/U0/i_synth/g_single_rate.i_single_rate/g_parallel.g_paths[3].g_symmetric.g_data_array.g_data[20].i_data_casc_dly/aclk
    SLICE_X88Y115        SRL16E                                       r  sfo/two_pass_transport/second_resampling/engine/core/fir47_decimator/i_core/U0/i_synth/g_single_rate.i_single_rate/g_parallel.g_paths[3].g_symmetric.g_data_array.g_data[20].i_data_casc_dly/gen_dly.gen_shiftreg.gen_rtl_delay.delay_bus_reg[1][13]_srl2/CLK
                         clock pessimism              0.000     0.039    
    SLICE_X88Y115        SRL16E (Hold_F5LUT_SLICEM_CLK_D)
                                                      0.046     0.085    sfo/two_pass_transport/second_resampling/engine/core/fir47_decimator/i_core/U0/i_synth/g_single_rate.i_single_rate/g_parallel.g_paths[3].g_symmetric.g_data_array.g_data[20].i_data_casc_dly/gen_dly.gen_shiftreg.gen_rtl_delay.delay_bus_reg[1][13]_srl2
  -------------------------------------------------------------------
                         required time                         -0.085    
                         arrival time                           0.110    
  -------------------------------------------------------------------
                         slack                                  0.025    

Slack (MET) :             0.027ns  (arrival time - required time)
  Source:                 sfo/two_pass_transport/first_resampling/engine/core/fir47_interpolator/q_core/U0/i_synth/g_polyphase_interpolation_sym_ssr.i_polyphase_interpolation_sym_ssr/g_parallel.g_paths[0].g_symmetric.g_data_array.g_data[3].g_data_buff.i_data_buf/g_buff.i_buff/gen_reg.d_reg_reg[10]/C
                            (rising edge-triggered cell FDRE clocked by clk150  {rise@0.000ns fall@3.333ns period=6.667ns})
  Destination:            sfo/two_pass_transport/first_resampling/engine/core/fir47_interpolator/q_core/U0/i_synth/g_polyphase_interpolation_sym_ssr.i_polyphase_interpolation_sym_ssr/g_parallel.g_paths[0].g_symmetric.g_data_array.g_data[7].i_data_casc_dly/gen_dly.gen_shiftreg.gen_rtl_delay.delay_bus_reg[2][10]_srl3/D
                            (rising edge-triggered cell SRL16E clocked by clk150  {rise@0.000ns fall@3.333ns period=6.667ns})
  Path Group:             clk150
  Path Type:              Hold (Min at Fast Process Corner)
  Requirement:            0.000ns  (clk150 rise@0.000ns - clk150 rise@0.000ns)
  Data Path Delay:        0.099ns  (logic 0.038ns (38.384%)  route 0.061ns (61.616%))
  Logic Levels:           0  
  Clock Path Skew:        0.026ns (DCD - SCD - CPR)
    Destination Clock Delay (DCD):    0.039ns
    Source Clock Delay      (SCD):    0.013ns
    Clock Pessimism Removal (CPR):    -0.000ns

    Location             Delay type                Incr(ns)  Path(ns)    Netlist Resource(s)
  -------------------------------------------------------------------    -------------------
                         (clock clk150 rise edge)     0.000     0.000 r  
                                                      0.000     0.000 r  clk150 (IN)
                         net (fo=156902, unset)       0.013     0.013    sfo/two_pass_transport/first_resampling/engine/core/fir47_interpolator/q_core/U0/i_synth/g_polyphase_interpolation_sym_ssr.i_polyphase_interpolation_sym_ssr/g_parallel.g_paths[0].g_symmetric.g_data_array.g_data[3].g_data_buff.i_data_buf/g_buff.i_buff/aclk
    SLICE_X137Y52        FDRE                                         r  sfo/two_pass_transport/first_resampling/engine/core/fir47_interpolator/q_core/U0/i_synth/g_polyphase_interpolation_sym_ssr.i_polyphase_interpolation_sym_ssr/g_parallel.g_paths[0].g_symmetric.g_data_array.g_data[3].g_data_buff.i_data_buf/g_buff.i_buff/gen_reg.d_reg_reg[10]/C
  -------------------------------------------------------------------    -------------------
    SLICE_X137Y52        FDRE (Prop_AFF_SLICEM_C_Q)
                                                      0.038     0.051 r  sfo/two_pass_transport/first_resampling/engine/core/fir47_interpolator/q_core/U0/i_synth/g_polyphase_interpolation_sym_ssr.i_polyphase_interpolation_sym_ssr/g_parallel.g_paths[0].g_symmetric.g_data_array.g_data[3].g_data_buff.i_data_buf/g_buff.i_buff/gen_reg.d_reg_reg[10]/Q
                         net (fo=2, routed)           0.061     0.112    sfo/two_pass_transport/first_resampling/engine/core/fir47_interpolator/q_core/U0/i_synth/g_polyphase_interpolation_sym_ssr.i_polyphase_interpolation_sym_ssr/g_parallel.g_paths[0].g_symmetric.g_data_array.g_data[7].i_data_casc_dly/Q[10]
    SLICE_X137Y51        SRL16E                                       r  sfo/two_pass_transport/first_resampling/engine/core/fir47_interpolator/q_core/U0/i_synth/g_polyphase_interpolation_sym_ssr.i_polyphase_interpolation_sym_ssr/g_parallel.g_paths[0].g_symmetric.g_data_array.g_data[7].i_data_casc_dly/gen_dly.gen_shiftreg.gen_rtl_delay.delay_bus_reg[2][10]_srl3/D
  -------------------------------------------------------------------    -------------------

                         (clock clk150 rise edge)     0.000     0.000 r  
                                                      0.000     0.000 r  clk150 (IN)
                         net (fo=156902, unset)       0.039     0.039    sfo/two_pass_transport/first_resampling/engine/core/fir47_interpolator/q_core/U0/i_synth/g_polyphase_interpolation_sym_ssr.i_polyphase_interpolation_sym_ssr/g_parallel.g_paths[0].g_symmetric.g_data_array.g_data[7].i_data_casc_dly/aclk
    SLICE_X137Y51        SRL16E                                       r  sfo/two_pass_transport/first_resampling/engine/core/fir47_interpolator/q_core/U0/i_synth/g_polyphase_interpolation_sym_ssr.i_polyphase_interpolation_sym_ssr/g_parallel.g_paths[0].g_symmetric.g_data_array.g_data[7].i_data_casc_dly/gen_dly.gen_shiftreg.gen_rtl_delay.delay_bus_reg[2][10]_srl3/CLK
                         clock pessimism              0.000     0.039    
    SLICE_X137Y51        SRL16E (Hold_C5LUT_SLICEM_CLK_D)
                                                      0.046     0.085    sfo/two_pass_transport/first_resampling/engine/core/fir47_interpolator/q_core/U0/i_synth/g_polyphase_interpolation_sym_ssr.i_polyphase_interpolation_sym_ssr/g_parallel.g_paths[0].g_symmetric.g_data_array.g_data[7].i_data_casc_dly/gen_dly.gen_shiftreg.gen_rtl_delay.delay_bus_reg[2][10]_srl3
  -------------------------------------------------------------------
                         required time                         -0.085    
                         arrival time                           0.112    
  -------------------------------------------------------------------
                         slack                                  0.027    

Slack (MET) :             0.027ns  (arrival time - required time)
  Source:                 sfo/two_pass_transport/first_resampling/engine/core/fir47_decimator/q_core/U0/i_synth/g_single_rate.i_single_rate/g_parallel.i_data_in/gen_reg.d_reg_reg[98]/C
                            (rising edge-triggered cell FDRE clocked by clk150  {rise@0.000ns fall@3.333ns period=6.667ns})
  Destination:            sfo/two_pass_transport/first_resampling/engine/core/fir47_decimator/q_core/U0/i_synth/g_single_rate.i_single_rate/g_parallel.g_paths[6].g_symmetric.g_data_array.g_data[1].i_data_casc_dly/gen_dly.gen_shiftreg.gen_rtl_delay.delay_bus_reg[20][2]_srl21/D
                            (rising edge-triggered cell SRLC32E clocked by clk150  {rise@0.000ns fall@3.333ns period=6.667ns})
  Path Group:             clk150
  Path Type:              Hold (Min at Fast Process Corner)
  Requirement:            0.000ns  (clk150 rise@0.000ns - clk150 rise@0.000ns)
  Data Path Delay:        0.099ns  (logic 0.039ns (39.394%)  route 0.060ns (60.606%))
  Logic Levels:           0  
  Clock Path Skew:        0.026ns (DCD - SCD - CPR)
    Destination Clock Delay (DCD):    0.039ns
    Source Clock Delay      (SCD):    0.013ns
    Clock Pessimism Removal (CPR):    -0.000ns

    Location             Delay type                Incr(ns)  Path(ns)    Netlist Resource(s)
  -------------------------------------------------------------------    -------------------
                         (clock clk150 rise edge)     0.000     0.000 r  
                                                      0.000     0.000 r  clk150 (IN)
                         net (fo=156902, unset)       0.013     0.013    sfo/two_pass_transport/first_resampling/engine/core/fir47_decimator/q_core/U0/i_synth/g_single_rate.i_single_rate/g_parallel.i_data_in/aclk
    SLICE_X175Y175       FDRE                                         r  sfo/two_pass_transport/first_resampling/engine/core/fir47_decimator/q_core/U0/i_synth/g_single_rate.i_single_rate/g_parallel.i_data_in/gen_reg.d_reg_reg[98]/C
  -------------------------------------------------------------------    -------------------
    SLICE_X175Y175       FDRE (Prop_HFF2_SLICEM_C_Q)
                                                      0.039     0.052 r  sfo/two_pass_transport/first_resampling/engine/core/fir47_decimator/q_core/U0/i_synth/g_single_rate.i_single_rate/g_parallel.i_data_in/gen_reg.d_reg_reg[98]/Q
                         net (fo=2, routed)           0.060     0.112    sfo/two_pass_transport/first_resampling/engine/core/fir47_decimator/q_core/U0/i_synth/g_single_rate.i_single_rate/g_parallel.g_paths[6].g_symmetric.g_data_array.g_data[1].i_data_casc_dly/D[2]
    SLICE_X175Y174       SRLC32E                                      r  sfo/two_pass_transport/first_resampling/engine/core/fir47_decimator/q_core/U0/i_synth/g_single_rate.i_single_rate/g_parallel.g_paths[6].g_symmetric.g_data_array.g_data[1].i_data_casc_dly/gen_dly.gen_shiftreg.gen_rtl_delay.delay_bus_reg[20][2]_srl21/D
  -------------------------------------------------------------------    -------------------

                         (clock clk150 rise edge)     0.000     0.000 r  
                                                      0.000     0.000 r  clk150 (IN)
                         net (fo=156902, unset)       0.039     0.039    sfo/two_pass_transport/first_resampling/engine/core/fir47_decimator/q_core/U0/i_synth/g_single_rate.i_single_rate/g_parallel.g_paths[6].g_symmetric.g_data_array.g_data[1].i_data_casc_dly/aclk
    SLICE_X175Y174       SRLC32E                                      r  sfo/two_pass_transport/first_resampling/engine/core/fir47_decimator/q_core/U0/i_synth/g_single_rate.i_single_rate/g_parallel.g_paths[6].g_symmetric.g_data_array.g_data[1].i_data_casc_dly/gen_dly.gen_shiftreg.gen_rtl_delay.delay_bus_reg[20][2]_srl21/CLK
                         clock pessimism              0.000     0.039    
    SLICE_X175Y174       SRLC32E (Hold_D6LUT_SLICEM_CLK_D)
                                                      0.046     0.085    sfo/two_pass_transport/first_resampling/engine/core/fir47_decimator/q_core/U0/i_synth/g_single_rate.i_single_rate/g_parallel.g_paths[6].g_symmetric.g_data_array.g_data[1].i_data_casc_dly/gen_dly.gen_shiftreg.gen_rtl_delay.delay_bus_reg[20][2]_srl21
  -------------------------------------------------------------------
                         required time                         -0.085    
                         arrival time                           0.112    
  -------------------------------------------------------------------
                         slack                                  0.027    

Slack (MET) :             0.027ns  (arrival time - required time)
  Source:                 sfo/two_pass_transport/first_resampling/engine/core/fir47_decimator/q_core/U0/i_synth/g_single_rate.i_single_rate/g_parallel.i_data_in/gen_reg.d_reg_reg[122]/C
                            (rising edge-triggered cell FDRE clocked by clk150  {rise@0.000ns fall@3.333ns period=6.667ns})
  Destination:            sfo/two_pass_transport/first_resampling/engine/core/fir47_decimator/q_core/U0/i_synth/g_single_rate.i_single_rate/g_parallel.g_paths[7].g_symmetric.g_data_array.g_data[0].i_data_casc_dly/gen_dly.gen_shiftreg.gen_rtl_delay.delay_bus_reg[21][10]_srl22/D
                            (rising edge-triggered cell SRLC32E clocked by clk150  {rise@0.000ns fall@3.333ns period=6.667ns})
  Path Group:             clk150
  Path Type:              Hold (Min at Fast Process Corner)
  Requirement:            0.000ns  (clk150 rise@0.000ns - clk150 rise@0.000ns)
  Data Path Delay:        0.099ns  (logic 0.039ns (39.394%)  route 0.060ns (60.606%))
  Logic Levels:           0  
  Clock Path Skew:        0.026ns (DCD - SCD - CPR)
    Destination Clock Delay (DCD):    0.039ns
    Source Clock Delay      (SCD):    0.013ns
    Clock Pessimism Removal (CPR):    -0.000ns

    Location             Delay type                Incr(ns)  Path(ns)    Netlist Resource(s)
  -------------------------------------------------------------------    -------------------
                         (clock clk150 rise edge)     0.000     0.000 r  
                                                      0.000     0.000 r  clk150 (IN)
                         net (fo=156902, unset)       0.013     0.013    sfo/two_pass_transport/first_resampling/engine/core/fir47_decimator/q_core/U0/i_synth/g_single_rate.i_single_rate/g_parallel.i_data_in/aclk
    SLICE_X175Y173       FDRE                                         r  sfo/two_pass_transport/first_resampling/engine/core/fir47_decimator/q_core/U0/i_synth/g_single_rate.i_single_rate/g_parallel.i_data_in/gen_reg.d_reg_reg[122]/C
  -------------------------------------------------------------------    -------------------
    SLICE_X175Y173       FDRE (Prop_GFF_SLICEM_C_Q)
                                                      0.039     0.052 r  sfo/two_pass_transport/first_resampling/engine/core/fir47_decimator/q_core/U0/i_synth/g_single_rate.i_single_rate/g_parallel.i_data_in/gen_reg.d_reg_reg[122]/Q
                         net (fo=2, routed)           0.060     0.112    sfo/two_pass_transport/first_resampling/engine/core/fir47_decimator/q_core/U0/i_synth/g_single_rate.i_single_rate/g_parallel.g_paths[7].g_symmetric.g_data_array.g_data[0].i_data_casc_dly/D[10]
    SLICE_X175Y172       SRLC32E                                      r  sfo/two_pass_transport/first_resampling/engine/core/fir47_decimator/q_core/U0/i_synth/g_single_rate.i_single_rate/g_parallel.g_paths[7].g_symmetric.g_data_array.g_data[0].i_data_casc_dly/gen_dly.gen_shiftreg.gen_rtl_delay.delay_bus_reg[21][10]_srl22/D
  -------------------------------------------------------------------    -------------------

                         (clock clk150 rise edge)     0.000     0.000 r  
                                                      0.000     0.000 r  clk150 (IN)
                         net (fo=156902, unset)       0.039     0.039    sfo/two_pass_transport/first_resampling/engine/core/fir47_decimator/q_core/U0/i_synth/g_single_rate.i_single_rate/g_parallel.g_paths[7].g_symmetric.g_data_array.g_data[0].i_data_casc_dly/aclk
    SLICE_X175Y172       SRLC32E                                      r  sfo/two_pass_transport/first_resampling/engine/core/fir47_decimator/q_core/U0/i_synth/g_single_rate.i_single_rate/g_parallel.g_paths[7].g_symmetric.g_data_array.g_data[0].i_data_casc_dly/gen_dly.gen_shiftreg.gen_rtl_delay.delay_bus_reg[21][10]_srl22/CLK
                         clock pessimism              0.000     0.039    
    SLICE_X175Y172       SRLC32E (Hold_D6LUT_SLICEM_CLK_D)
                                                      0.046     0.085    sfo/two_pass_transport/first_resampling/engine/core/fir47_decimator/q_core/U0/i_synth/g_single_rate.i_single_rate/g_parallel.g_paths[7].g_symmetric.g_data_array.g_data[0].i_data_casc_dly/gen_dly.gen_shiftreg.gen_rtl_delay.delay_bus_reg[21][10]_srl22
  -------------------------------------------------------------------
                         required time                         -0.085    
                         arrival time                           0.112    
  -------------------------------------------------------------------
                         slack                                  0.027    

Slack (MET) :             0.027ns  (arrival time - required time)
  Source:                 sfo/two_pass_transport/first_resampling/engine/core/fir47_interpolator/q_core/U0/i_synth/g_polyphase_interpolation_sym_ssr.i_polyphase_interpolation_sym_ssr/g_parallel.g_paths[4].g_symmetric.g_data_array.g_data[1].g_data_buff.i_data_buf/g_buff.i_buff/gen_reg.d_reg_reg[12]/C
                            (rising edge-triggered cell FDRE clocked by clk150  {rise@0.000ns fall@3.333ns period=6.667ns})
  Destination:            sfo/two_pass_transport/first_resampling/engine/core/fir47_interpolator/q_core/U0/i_synth/g_polyphase_interpolation_sym_ssr.i_polyphase_interpolation_sym_ssr/g_parallel.g_paths[4].g_symmetric.g_data_array.g_data[5].i_data_casc_dly/gen_dly.gen_shiftreg.gen_rtl_delay.delay_bus_reg[4][12]_srl5/D
                            (rising edge-triggered cell SRL16E clocked by clk150  {rise@0.000ns fall@3.333ns period=6.667ns})
  Path Group:             clk150
  Path Type:              Hold (Min at Fast Process Corner)
  Requirement:            0.000ns  (clk150 rise@0.000ns - clk150 rise@0.000ns)
  Data Path Delay:        0.097ns  (logic 0.040ns (41.237%)  route 0.057ns (58.763%))
  Logic Levels:           0  
  Clock Path Skew:        0.027ns (DCD - SCD - CPR)
    Destination Clock Delay (DCD):    0.039ns
    Source Clock Delay      (SCD):    0.012ns
    Clock Pessimism Removal (CPR):    -0.000ns

    Location             Delay type                Incr(ns)  Path(ns)    Netlist Resource(s)
  -------------------------------------------------------------------    -------------------
                         (clock clk150 rise edge)     0.000     0.000 r  
                                                      0.000     0.000 r  clk150 (IN)
                         net (fo=156902, unset)       0.012     0.012    sfo/two_pass_transport/first_resampling/engine/core/fir47_interpolator/q_core/U0/i_synth/g_polyphase_interpolation_sym_ssr.i_polyphase_interpolation_sym_ssr/g_parallel.g_paths[4].g_symmetric.g_data_array.g_data[1].g_data_buff.i_data_buf/g_buff.i_buff/aclk
    SLICE_X134Y95        FDRE                                         r  sfo/two_pass_transport/first_resampling/engine/core/fir47_interpolator/q_core/U0/i_synth/g_polyphase_interpolation_sym_ssr.i_polyphase_interpolation_sym_ssr/g_parallel.g_paths[4].g_symmetric.g_data_array.g_data[1].g_data_buff.i_data_buf/g_buff.i_buff/gen_reg.d_reg_reg[12]/C
  -------------------------------------------------------------------    -------------------
    SLICE_X134Y95        FDRE (Prop_AFF2_SLICEL_C_Q)
                                                      0.040     0.052 r  sfo/two_pass_transport/first_resampling/engine/core/fir47_interpolator/q_core/U0/i_synth/g_polyphase_interpolation_sym_ssr.i_polyphase_interpolation_sym_ssr/g_parallel.g_paths[4].g_symmetric.g_data_array.g_data[1].g_data_buff.i_data_buf/g_buff.i_buff/gen_reg.d_reg_reg[12]/Q
                         net (fo=2, routed)           0.057     0.109    sfo/two_pass_transport/first_resampling/engine/core/fir47_interpolator/q_core/U0/i_synth/g_polyphase_interpolation_sym_ssr.i_polyphase_interpolation_sym_ssr/g_parallel.g_paths[4].g_symmetric.g_data_array.g_data[5].i_data_casc_dly/Q[12]
    SLICE_X133Y95        SRL16E                                       r  sfo/two_pass_transport/first_resampling/engine/core/fir47_interpolator/q_core/U0/i_synth/g_polyphase_interpolation_sym_ssr.i_polyphase_interpolation_sym_ssr/g_parallel.g_paths[4].g_symmetric.g_data_array.g_data[5].i_data_casc_dly/gen_dly.gen_shiftreg.gen_rtl_delay.delay_bus_reg[4][12]_srl5/D
  -------------------------------------------------------------------    -------------------

                         (clock clk150 rise edge)     0.000     0.000 r  
                                                      0.000     0.000 r  clk150 (IN)
                         net (fo=156902, unset)       0.039     0.039    sfo/two_pass_transport/first_resampling/engine/core/fir47_interpolator/q_core/U0/i_synth/g_polyphase_interpolation_sym_ssr.i_polyphase_interpolation_sym_ssr/g_parallel.g_paths[4].g_symmetric.g_data_array.g_data[5].i_data_casc_dly/aclk
    SLICE_X133Y95        SRL16E                                       r  sfo/two_pass_transport/first_resampling/engine/core/fir47_interpolator/q_core/U0/i_synth/g_polyphase_interpolation_sym_ssr.i_polyphase_interpolation_sym_ssr/g_parallel.g_paths[4].g_symmetric.g_data_array.g_data[5].i_data_casc_dly/gen_dly.gen_shiftreg.gen_rtl_delay.delay_bus_reg[4][12]_srl5/CLK
                         clock pessimism              0.000     0.039    
    SLICE_X133Y95        SRL16E (Hold_E5LUT_SLICEM_CLK_D)
                                                      0.043     0.082    sfo/two_pass_transport/first_resampling/engine/core/fir47_interpolator/q_core/U0/i_synth/g_polyphase_interpolation_sym_ssr.i_polyphase_interpolation_sym_ssr/g_parallel.g_paths[4].g_symmetric.g_data_array.g_data[5].i_data_casc_dly/gen_dly.gen_shiftreg.gen_rtl_delay.delay_bus_reg[4][12]_srl5
  -------------------------------------------------------------------
                         required time                         -0.082    
                         arrival time                           0.109    
  -------------------------------------------------------------------
                         slack                                  0.027    

Slack (MET) :             0.027ns  (arrival time - required time)
  Source:                 sfo/two_pass_transport/second_resampling/engine/core/fir47_decimator/q_core/U0/i_synth/g_single_rate.i_single_rate/g_parallel.g_paths[0].g_symmetric.g_data_array.g_data[13].i_data_casc_dly/gen_dly.gen_shiftreg.gen_rtl_delay.delay_bus_reg[9][9]/C
                            (rising edge-triggered cell FDRE clocked by clk150  {rise@0.000ns fall@3.333ns period=6.667ns})
  Destination:            sfo/two_pass_transport/second_resampling/engine/core/fir47_decimator/q_core/U0/i_synth/g_single_rate.i_single_rate/g_parallel.g_paths[0].g_symmetric.g_data_array.g_data[11].i_data_casc_dly/gen_dly.gen_shiftreg.gen_rtl_delay.delay_bus_reg[10][9]_srl1/D
                            (rising edge-triggered cell SRL16E clocked by clk150  {rise@0.000ns fall@3.333ns period=6.667ns})
  Path Group:             clk150
  Path Type:              Hold (Min at Fast Process Corner)
  Requirement:            0.000ns  (clk150 rise@0.000ns - clk150 rise@0.000ns)
  Data Path Delay:        0.098ns  (logic 0.040ns (40.816%)  route 0.058ns (59.184%))
  Logic Levels:           0  
  Clock Path Skew:        0.026ns (DCD - SCD - CPR)
    Destination Clock Delay (DCD):    0.039ns
    Source Clock Delay      (SCD):    0.013ns
    Clock Pessimism Removal (CPR):    -0.000ns

    Location             Delay type                Incr(ns)  Path(ns)    Netlist Resource(s)
  -------------------------------------------------------------------    -------------------
                         (clock clk150 rise edge)     0.000     0.000 r  
                                                      0.000     0.000 r  clk150 (IN)
                         net (fo=156902, unset)       0.013     0.013    sfo/two_pass_transport/second_resampling/engine/core/fir47_decimator/q_core/U0/i_synth/g_single_rate.i_single_rate/g_parallel.g_paths[0].g_symmetric.g_data_array.g_data[13].i_data_casc_dly/aclk
    SLICE_X99Y56         FDRE                                         r  sfo/two_pass_transport/second_resampling/engine/core/fir47_decimator/q_core/U0/i_synth/g_single_rate.i_single_rate/g_parallel.g_paths[0].g_symmetric.g_data_array.g_data[13].i_data_casc_dly/gen_dly.gen_shiftreg.gen_rtl_delay.delay_bus_reg[9][9]/C
  -------------------------------------------------------------------    -------------------
    SLICE_X99Y56         FDRE (Prop_BFF2_SLICEM_C_Q)
                                                      0.040     0.053 r  sfo/two_pass_transport/second_resampling/engine/core/fir47_decimator/q_core/U0/i_synth/g_single_rate.i_single_rate/g_parallel.g_paths[0].g_symmetric.g_data_array.g_data[13].i_data_casc_dly/gen_dly.gen_shiftreg.gen_rtl_delay.delay_bus_reg[9][9]/Q
                         net (fo=2, routed)           0.058     0.111    sfo/two_pass_transport/second_resampling/engine/core/fir47_decimator/q_core/U0/i_synth/g_single_rate.i_single_rate/g_parallel.g_paths[0].g_symmetric.g_data_array.g_data[11].i_data_casc_dly/D[9]
    SLICE_X99Y57         SRL16E                                       r  sfo/two_pass_transport/second_resampling/engine/core/fir47_decimator/q_core/U0/i_synth/g_single_rate.i_single_rate/g_parallel.g_paths[0].g_symmetric.g_data_array.g_data[11].i_data_casc_dly/gen_dly.gen_shiftreg.gen_rtl_delay.delay_bus_reg[10][9]_srl1/D
  -------------------------------------------------------------------    -------------------

                         (clock clk150 rise edge)     0.000     0.000 r  
                                                      0.000     0.000 r  clk150 (IN)
                         net (fo=156902, unset)       0.039     0.039    sfo/two_pass_transport/second_resampling/engine/core/fir47_decimator/q_core/U0/i_synth/g_single_rate.i_single_rate/g_parallel.g_paths[0].g_symmetric.g_data_array.g_data[11].i_data_casc_dly/aclk
    SLICE_X99Y57         SRL16E                                       r  sfo/two_pass_transport/second_resampling/engine/core/fir47_decimator/q_core/U0/i_synth/g_single_rate.i_single_rate/g_parallel.g_paths[0].g_symmetric.g_data_array.g_data[11].i_data_casc_dly/gen_dly.gen_shiftreg.gen_rtl_delay.delay_bus_reg[10][9]_srl1/CLK
                         clock pessimism              0.000     0.039    
    SLICE_X99Y57         SRL16E (Hold_B5LUT_SLICEM_CLK_D)
                                                      0.045     0.084    sfo/two_pass_transport/second_resampling/engine/core/fir47_decimator/q_core/U0/i_synth/g_single_rate.i_single_rate/g_parallel.g_paths[0].g_symmetric.g_data_array.g_data[11].i_data_casc_dly/gen_dly.gen_shiftreg.gen_rtl_delay.delay_bus_reg[10][9]_srl1
  -------------------------------------------------------------------
                         required time                         -0.084    
                         arrival time                           0.111    
  -------------------------------------------------------------------
                         slack                                  0.027    

Slack (MET) :             0.027ns  (arrival time - required time)
  Source:                 sfo/two_pass_transport/second_resampling/engine/core/stream/arithmetic/real_channel[4].u_real/branch_reg[2][14]/C
                            (rising edge-triggered cell FDSE clocked by clk150  {rise@0.000ns fall@3.333ns period=6.667ns})
  Destination:            sfo/two_pass_transport/second_resampling/engine/core/stream/arithmetic/real_channel[4].u_real/hstage2/bp_reg[1][14]_srl2/D
                            (rising edge-triggered cell SRL16E clocked by clk150  {rise@0.000ns fall@3.333ns period=6.667ns})
  Path Group:             clk150
  Path Type:              Hold (Min at Fast Process Corner)
  Requirement:            0.000ns  (clk150 rise@0.000ns - clk150 rise@0.000ns)
  Data Path Delay:        0.092ns  (logic 0.037ns (40.217%)  route 0.055ns (59.783%))
  Logic Levels:           0  
  Clock Path Skew:        0.026ns (DCD - SCD - CPR)
    Destination Clock Delay (DCD):    0.039ns
    Source Clock Delay      (SCD):    0.013ns
    Clock Pessimism Removal (CPR):    -0.000ns

    Location             Delay type                Incr(ns)  Path(ns)    Netlist Resource(s)
  -------------------------------------------------------------------    -------------------
                         (clock clk150 rise edge)     0.000     0.000 r  
                                                      0.000     0.000 r  clk150 (IN)
                         net (fo=156902, unset)       0.013     0.013    sfo/two_pass_transport/second_resampling/engine/core/stream/arithmetic/real_channel[4].u_real/clk
    SLICE_X109Y134       FDSE                                         r  sfo/two_pass_transport/second_resampling/engine/core/stream/arithmetic/real_channel[4].u_real/branch_reg[2][14]/C
  -------------------------------------------------------------------    -------------------
    SLICE_X109Y134       FDSE (Prop_FFF_SLICEM_C_Q)
                                                      0.037     0.050 r  sfo/two_pass_transport/second_resampling/engine/core/stream/arithmetic/real_channel[4].u_real/branch_reg[2][14]/Q
                         net (fo=1, routed)           0.055     0.105    sfo/two_pass_transport/second_resampling/engine/core/stream/arithmetic/real_channel[4].u_real/hstage2/branch[14]
    SLICE_X109Y135       SRL16E                                       r  sfo/two_pass_transport/second_resampling/engine/core/stream/arithmetic/real_channel[4].u_real/hstage2/bp_reg[1][14]_srl2/D
  -------------------------------------------------------------------    -------------------

                         (clock clk150 rise edge)     0.000     0.000 r  
                                                      0.000     0.000 r  clk150 (IN)
                         net (fo=156902, unset)       0.039     0.039    sfo/two_pass_transport/second_resampling/engine/core/stream/arithmetic/real_channel[4].u_real/hstage2/clk
    SLICE_X109Y135       SRL16E                                       r  sfo/two_pass_transport/second_resampling/engine/core/stream/arithmetic/real_channel[4].u_real/hstage2/bp_reg[1][14]_srl2/CLK
                         clock pessimism              0.000     0.039    
    SLICE_X109Y135       SRL16E (Hold_G5LUT_SLICEM_CLK_D)
                                                      0.039     0.078    sfo/two_pass_transport/second_resampling/engine/core/stream/arithmetic/real_channel[4].u_real/hstage2/bp_reg[1][14]_srl2
  -------------------------------------------------------------------
                         required time                         -0.078    
                         arrival time                           0.105    
  -------------------------------------------------------------------
                         slack                                  0.027    

Slack (MET) :             0.028ns  (arrival time - required time)
  Source:                 sfo/two_pass_transport/first_resampling/engine/core/fir15_interpolator/i_core/U0/i_synth/g_polyphase_interpolation_sym_ssr.i_polyphase_interpolation_sym_ssr/g_s_data_chan_fifo.i_s_data_chan_fifo/fifo_wr_data_1_reg[62]/C
                            (rising edge-triggered cell FDRE clocked by clk150  {rise@0.000ns fall@3.333ns period=6.667ns})
  Destination:            sfo/two_pass_transport/first_resampling/engine/core/fir15_interpolator/i_core/U0/i_synth/g_polyphase_interpolation_sym_ssr.i_polyphase_interpolation_sym_ssr/g_s_data_chan_fifo.i_s_data_chan_fifo/fifo0/fifo_1_reg[15][62]_srl16/D
                            (rising edge-triggered cell SRL16E clocked by clk150  {rise@0.000ns fall@3.333ns period=6.667ns})
  Path Group:             clk150
  Path Type:              Hold (Min at Fast Process Corner)
  Requirement:            0.000ns  (clk150 rise@0.000ns - clk150 rise@0.000ns)
  Data Path Delay:        0.093ns  (logic 0.040ns (43.011%)  route 0.053ns (56.989%))
  Logic Levels:           0  
  Clock Path Skew:        0.026ns (DCD - SCD - CPR)
    Destination Clock Delay (DCD):    0.039ns
    Source Clock Delay      (SCD):    0.013ns
    Clock Pessimism Removal (CPR):    -0.000ns

    Location             Delay type                Incr(ns)  Path(ns)    Netlist Resource(s)
  -------------------------------------------------------------------    -------------------
                         (clock clk150 rise edge)     0.000     0.000 r  
                                                      0.000     0.000 r  clk150 (IN)
                         net (fo=156902, unset)       0.013     0.013    sfo/two_pass_transport/first_resampling/engine/core/fir15_interpolator/i_core/U0/i_synth/g_polyphase_interpolation_sym_ssr.i_polyphase_interpolation_sym_ssr/g_s_data_chan_fifo.i_s_data_chan_fifo/aclk
    SLICE_X211Y92        FDRE                                         r  sfo/two_pass_transport/first_resampling/engine/core/fir15_interpolator/i_core/U0/i_synth/g_polyphase_interpolation_sym_ssr.i_polyphase_interpolation_sym_ssr/g_s_data_chan_fifo.i_s_data_chan_fifo/fifo_wr_data_1_reg[62]/C
  -------------------------------------------------------------------    -------------------
    SLICE_X211Y92        FDRE (Prop_FFF2_SLICEL_C_Q)
                                                      0.040     0.053 r  sfo/two_pass_transport/first_resampling/engine/core/fir15_interpolator/i_core/U0/i_synth/g_polyphase_interpolation_sym_ssr.i_polyphase_interpolation_sym_ssr/g_s_data_chan_fifo.i_s_data_chan_fifo/fifo_wr_data_1_reg[62]/Q
                         net (fo=1, routed)           0.053     0.106    sfo/two_pass_transport/first_resampling/engine/core/fir15_interpolator/i_core/U0/i_synth/g_polyphase_interpolation_sym_ssr.i_polyphase_interpolation_sym_ssr/g_s_data_chan_fifo.i_s_data_chan_fifo/fifo0/wr_data[62]
    SLICE_X210Y91        SRL16E                                       r  sfo/two_pass_transport/first_resampling/engine/core/fir15_interpolator/i_core/U0/i_synth/g_polyphase_interpolation_sym_ssr.i_polyphase_interpolation_sym_ssr/g_s_data_chan_fifo.i_s_data_chan_fifo/fifo0/fifo_1_reg[15][62]_srl16/D
  -------------------------------------------------------------------    -------------------

                         (clock clk150 rise edge)     0.000     0.000 r  
                                                      0.000     0.000 r  clk150 (IN)
                         net (fo=156902, unset)       0.039     0.039    sfo/two_pass_transport/first_resampling/engine/core/fir15_interpolator/i_core/U0/i_synth/g_polyphase_interpolation_sym_ssr.i_polyphase_interpolation_sym_ssr/g_s_data_chan_fifo.i_s_data_chan_fifo/fifo0/aclk
    SLICE_X210Y91        SRL16E                                       r  sfo/two_pass_transport/first_resampling/engine/core/fir15_interpolator/i_core/U0/i_synth/g_polyphase_interpolation_sym_ssr.i_polyphase_interpolation_sym_ssr/g_s_data_chan_fifo.i_s_data_chan_fifo/fifo0/fifo_1_reg[15][62]_srl16/CLK
                         clock pessimism              0.000     0.039    
    SLICE_X210Y91        SRL16E (Hold_G5LUT_SLICEM_CLK_D)
                                                      0.039     0.078    sfo/two_pass_transport/first_resampling/engine/core/fir15_interpolator/i_core/U0/i_synth/g_polyphase_interpolation_sym_ssr.i_polyphase_interpolation_sym_ssr/g_s_data_chan_fifo.i_s_data_chan_fifo/fifo0/fifo_1_reg[15][62]_srl16
  -------------------------------------------------------------------
                         required time                         -0.078    
                         arrival time                           0.106    
  -------------------------------------------------------------------
                         slack                                  0.028    





Pulse Width Checks
--------------------------------------------------------------------------------------
Clock Name:         clk150
Waveform(ns):       { 0.000 3.333 }
Period(ns):         6.667
Sources:            { clk150 }

Check Type        Corner  Lib Pin      Reference Pin  Required(ns)  Actual(ns)  Slack(ns)  Location        Pin
Min Period        n/a     URAM288/CLK  n/a            2.000         6.667       4.667      URAM288_X1Y72   cfo/coarse_banks[0].memory/u_frame_memory/xpm_memory_base_inst/gen_wr_a.gen_word_narrow.mem_reg_uram_0/CLK
Min Period        n/a     URAM288/CLK  n/a            2.000         6.667       4.667      URAM288_X1Y73   cfo/coarse_banks[0].memory/u_frame_memory/xpm_memory_base_inst/gen_wr_a.gen_word_narrow.mem_reg_uram_1/CLK
Min Period        n/a     URAM288/CLK  n/a            2.000         6.667       4.667      URAM288_X0Y74   cfo/coarse_banks[0].memory/u_frame_memory/xpm_memory_base_inst/gen_wr_a.gen_word_narrow.mem_reg_uram_10/CLK
Min Period        n/a     URAM288/CLK  n/a            2.000         6.667       4.667      URAM288_X3Y138  cfo/coarse_banks[0].memory/u_frame_memory/xpm_memory_base_inst/gen_wr_a.gen_word_narrow.mem_reg_uram_100/CLK
Min Period        n/a     URAM288/CLK  n/a            2.000         6.667       4.667      URAM288_X3Y139  cfo/coarse_banks[0].memory/u_frame_memory/xpm_memory_base_inst/gen_wr_a.gen_word_narrow.mem_reg_uram_101/CLK
Min Period        n/a     URAM288/CLK  n/a            2.000         6.667       4.667      URAM288_X3Y140  cfo/coarse_banks[0].memory/u_frame_memory/xpm_memory_base_inst/gen_wr_a.gen_word_narrow.mem_reg_uram_102/CLK
Min Period        n/a     URAM288/CLK  n/a            2.000         6.667       4.667      URAM288_X3Y141  cfo/coarse_banks[0].memory/u_frame_memory/xpm_memory_base_inst/gen_wr_a.gen_word_narrow.mem_reg_uram_103/CLK
Min Period        n/a     URAM288/CLK  n/a            2.000         6.667       4.667      URAM288_X3Y142  cfo/coarse_banks[0].memory/u_frame_memory/xpm_memory_base_inst/gen_wr_a.gen_word_narrow.mem_reg_uram_104/CLK
Min Period        n/a     URAM288/CLK  n/a            2.000         6.667       4.667      URAM288_X3Y143  cfo/coarse_banks[0].memory/u_frame_memory/xpm_memory_base_inst/gen_wr_a.gen_word_narrow.mem_reg_uram_105/CLK
Min Period        n/a     URAM288/CLK  n/a            2.000         6.667       4.667      URAM288_X4Y128  cfo/coarse_banks[0].memory/u_frame_memory/xpm_memory_base_inst/gen_wr_a.gen_word_narrow.mem_reg_uram_106/CLK
Low Pulse Width   Slow    URAM288/CLK  n/a            0.700         3.333       2.633      URAM288_X1Y72   cfo/coarse_banks[0].memory/u_frame_memory/xpm_memory_base_inst/gen_wr_a.gen_word_narrow.mem_reg_uram_0/CLK
Low Pulse Width   Fast    URAM288/CLK  n/a            0.700         3.334       2.634      URAM288_X1Y72   cfo/coarse_banks[0].memory/u_frame_memory/xpm_memory_base_inst/gen_wr_a.gen_word_narrow.mem_reg_uram_0/CLK
Low Pulse Width   Slow    URAM288/CLK  n/a            0.700         3.333       2.633      URAM288_X1Y73   cfo/coarse_banks[0].memory/u_frame_memory/xpm_memory_base_inst/gen_wr_a.gen_word_narrow.mem_reg_uram_1/CLK
Low Pulse Width   Fast    URAM288/CLK  n/a            0.700         3.334       2.634      URAM288_X1Y73   cfo/coarse_banks[0].memory/u_frame_memory/xpm_memory_base_inst/gen_wr_a.gen_word_narrow.mem_reg_uram_1/CLK
Low Pulse Width   Slow    URAM288/CLK  n/a            0.700         3.333       2.633      URAM288_X0Y74   cfo/coarse_banks[0].memory/u_frame_memory/xpm_memory_base_inst/gen_wr_a.gen_word_narrow.mem_reg_uram_10/CLK
Low Pulse Width   Fast    URAM288/CLK  n/a            0.700         3.334       2.634      URAM288_X0Y74   cfo/coarse_banks[0].memory/u_frame_memory/xpm_memory_base_inst/gen_wr_a.gen_word_narrow.mem_reg_uram_10/CLK
Low Pulse Width   Slow    URAM288/CLK  n/a            0.700         3.333       2.633      URAM288_X3Y138  cfo/coarse_banks[0].memory/u_frame_memory/xpm_memory_base_inst/gen_wr_a.gen_word_narrow.mem_reg_uram_100/CLK
Low Pulse Width   Fast    URAM288/CLK  n/a            0.700         3.334       2.634      URAM288_X3Y138  cfo/coarse_banks[0].memory/u_frame_memory/xpm_memory_base_inst/gen_wr_a.gen_word_narrow.mem_reg_uram_100/CLK
Low Pulse Width   Slow    URAM288/CLK  n/a            0.700         3.333       2.633      URAM288_X3Y139  cfo/coarse_banks[0].memory/u_frame_memory/xpm_memory_base_inst/gen_wr_a.gen_word_narrow.mem_reg_uram_101/CLK
Low Pulse Width   Fast    URAM288/CLK  n/a            0.700         3.334       2.634      URAM288_X3Y139  cfo/coarse_banks[0].memory/u_frame_memory/xpm_memory_base_inst/gen_wr_a.gen_word_narrow.mem_reg_uram_101/CLK
High Pulse Width  Slow    URAM288/CLK  n/a            0.700         3.333       2.633      URAM288_X1Y72   cfo/coarse_banks[0].memory/u_frame_memory/xpm_memory_base_inst/gen_wr_a.gen_word_narrow.mem_reg_uram_0/CLK
High Pulse Width  Fast    URAM288/CLK  n/a            0.700         3.333       2.633      URAM288_X1Y72   cfo/coarse_banks[0].memory/u_frame_memory/xpm_memory_base_inst/gen_wr_a.gen_word_narrow.mem_reg_uram_0/CLK
High Pulse Width  Slow    URAM288/CLK  n/a            0.700         3.333       2.633      URAM288_X1Y73   cfo/coarse_banks[0].memory/u_frame_memory/xpm_memory_base_inst/gen_wr_a.gen_word_narrow.mem_reg_uram_1/CLK
High Pulse Width  Fast    URAM288/CLK  n/a            0.700         3.333       2.633      URAM288_X1Y73   cfo/coarse_banks[0].memory/u_frame_memory/xpm_memory_base_inst/gen_wr_a.gen_word_narrow.mem_reg_uram_1/CLK
High Pulse Width  Slow    URAM288/CLK  n/a            0.700         3.333       2.633      URAM288_X0Y74   cfo/coarse_banks[0].memory/u_frame_memory/xpm_memory_base_inst/gen_wr_a.gen_word_narrow.mem_reg_uram_10/CLK
High Pulse Width  Fast    URAM288/CLK  n/a            0.700         3.333       2.633      URAM288_X0Y74   cfo/coarse_banks[0].memory/u_frame_memory/xpm_memory_base_inst/gen_wr_a.gen_word_narrow.mem_reg_uram_10/CLK
High Pulse Width  Slow    URAM288/CLK  n/a            0.700         3.333       2.633      URAM288_X3Y138  cfo/coarse_banks[0].memory/u_frame_memory/xpm_memory_base_inst/gen_wr_a.gen_word_narrow.mem_reg_uram_100/CLK
High Pulse Width  Fast    URAM288/CLK  n/a            0.700         3.333       2.633      URAM288_X3Y138  cfo/coarse_banks[0].memory/u_frame_memory/xpm_memory_base_inst/gen_wr_a.gen_word_narrow.mem_reg_uram_100/CLK
High Pulse Width  Slow    URAM288/CLK  n/a            0.700         3.333       2.633      URAM288_X3Y139  cfo/coarse_banks[0].memory/u_frame_memory/xpm_memory_base_inst/gen_wr_a.gen_word_narrow.mem_reg_uram_101/CLK
High Pulse Width  Fast    URAM288/CLK  n/a            0.700         3.333       2.633      URAM288_X3Y139  cfo/coarse_banks[0].memory/u_frame_memory/xpm_memory_base_inst/gen_wr_a.gen_word_narrow.mem_reg_uram_101/CLK



---------------------------------------------------------------------------------------------------
From Clock:  clk500
  To Clock:  clk500

Setup :          381  Failing Endpoints,  Worst Slack       -0.199ns,  Total Violation      -26.125ns
Hold  :            0  Failing Endpoints,  Worst Slack        0.020ns,  Total Violation        0.000ns
PW    :            0  Failing Endpoints,  Worst Slack        0.431ns,  Total Violation        0.000ns
---------------------------------------------------------------------------------------------------


Max Delay Paths
--------------------------------------------------------------------------------------
Slack (VIOLATED) :        -0.199ns  (required time - arrival time)
  Source:                 cfo/windows/poison_sync/syncstages_ff_reg[3]/C
                            (rising edge-triggered cell FDRE clocked by clk500  {rise@0.000ns fall@1.000ns period=2.000ns})
  Destination:            cfo/windows/packed_count_reg[1]/CE
                            (rising edge-triggered cell FDRE clocked by clk500  {rise@0.000ns fall@1.000ns period=2.000ns})
  Path Group:             clk500
  Path Type:              Setup (Max at Slow Process Corner)
  Requirement:            2.000ns  (clk500 rise@2.000ns - clk500 rise@0.000ns)
  Data Path Delay:        2.097ns  (logic 0.346ns (16.500%)  route 1.751ns (83.500%))
  Logic Levels:           4  (LUT3=1 LUT4=1 LUT6=2)
  Clock Path Skew:        -0.008ns (DCD - SCD + CPR)
    Destination Clock Delay (DCD):    0.020ns = ( 2.020 - 2.000 ) 
    Source Clock Delay      (SCD):    0.028ns
    Clock Pessimism Removal (CPR):    0.000ns
  Clock Uncertainty:      0.035ns  ((TSJ^2 + TIJ^2)^1/2 + DJ) / 2 + PE
    Total System Jitter     (TSJ):    0.071ns
    Total Input Jitter      (TIJ):    0.000ns
    Discrete Jitter          (DJ):    0.000ns
    Phase Error              (PE):    0.000ns

    Location             Delay type                Incr(ns)  Path(ns)    Netlist Resource(s)
  -------------------------------------------------------------------    -------------------
                         (clock clk500 rise edge)     0.000     0.000 r  
                                                      0.000     0.000 r  clk500 (IN)
                         net (fo=27270, unset)        0.028     0.028    cfo/windows/poison_sync/dest_clk
    SLICE_X158Y100       FDRE                                         r  cfo/windows/poison_sync/syncstages_ff_reg[3]/C
  -------------------------------------------------------------------    -------------------
    SLICE_X158Y100       FDRE (Prop_DFF2_SLICEL_C_Q)
                                                      0.081     0.109 f  cfo/windows/poison_sync/syncstages_ff_reg[3]/Q
                         net (fo=12, routed)          0.687     0.796    cfo/windows/poison500
    SLICE_X142Y84        LUT3 (Prop_F6LUT_SLICEM_I0_O)
                                                      0.051     0.847 f  cfo/windows/packed_count[1]_i_1/O
                         net (fo=11, routed)          0.102     0.949    cfo/windows/fast_stop
    SLICE_X142Y85        LUT6 (Prop_E6LUT_SLICEM_I5_O)
                                                      0.091     1.040 f  cfo/windows/window_credits_i_3/O
                         net (fo=3, routed)           0.094     1.134    cfo/windows/window_credits_i_3_n_0
    SLICE_X142Y86        LUT6 (Prop_D6LUT_SLICEM_I5_O)
                                                      0.088     1.222 r  cfo/windows/window_credits_i_2_replica/O
                         net (fo=1, routed)           0.262     1.484    cfo/windows/p_30_in_repN
    SLICE_X144Y85        LUT4 (Prop_F6LUT_SLICEL_I0_O)
                                                      0.035     1.519 r  cfo/windows/packed_count[1]_i_2_rewire/O
                         net (fo=2, routed)           0.606     2.125    cfo/windows/packed_count[1]_i_2_n_0
    SLICE_X153Y116       FDRE                                         r  cfo/windows/packed_count_reg[1]/CE
  -------------------------------------------------------------------    -------------------

                         (clock clk500 rise edge)     2.000     2.000 r  
                                                      0.000     2.000 r  clk500 (IN)
                         net (fo=27270, unset)        0.020     2.020    cfo/windows/clk500
    SLICE_X153Y116       FDRE                                         r  cfo/windows/packed_count_reg[1]/C
                         clock pessimism              0.000     2.020    
                         clock uncertainty           -0.035     1.985    
    SLICE_X153Y116       FDRE (Setup_AFF2_SLICEL_C_CE)
                                                     -0.059     1.926    cfo/windows/packed_count_reg[1]
  -------------------------------------------------------------------
                         required time                          1.926    
                         arrival time                          -2.125    
  -------------------------------------------------------------------
                         slack                                 -0.199    

Slack (VIOLATED) :        -0.178ns  (required time - arrival time)
  Source:                 cfo/windows/poison_sync/syncstages_ff_reg[3]/C
                            (rising edge-triggered cell FDRE clocked by clk500  {rise@0.000ns fall@1.000ns period=2.000ns})
  Destination:            cfo/windows/output_record_reg[105]/CE
                            (rising edge-triggered cell FDRE clocked by clk500  {rise@0.000ns fall@1.000ns period=2.000ns})
  Path Group:             clk500
  Path Type:              Setup (Max at Slow Process Corner)
  Requirement:            2.000ns  (clk500 rise@2.000ns - clk500 rise@0.000ns)
  Data Path Delay:        2.075ns  (logic 0.435ns (20.964%)  route 1.640ns (79.036%))
  Logic Levels:           4  (LUT3=1 LUT5=1 LUT6=2)
  Clock Path Skew:        -0.008ns (DCD - SCD + CPR)
    Destination Clock Delay (DCD):    0.020ns = ( 2.020 - 2.000 ) 
    Source Clock Delay      (SCD):    0.028ns
    Clock Pessimism Removal (CPR):    0.000ns
  Clock Uncertainty:      0.035ns  ((TSJ^2 + TIJ^2)^1/2 + DJ) / 2 + PE
    Total System Jitter     (TSJ):    0.071ns
    Total Input Jitter      (TIJ):    0.000ns
    Discrete Jitter          (DJ):    0.000ns
    Phase Error              (PE):    0.000ns

    Location             Delay type                Incr(ns)  Path(ns)    Netlist Resource(s)
  -------------------------------------------------------------------    -------------------
                         (clock clk500 rise edge)     0.000     0.000 r  
                                                      0.000     0.000 r  clk500 (IN)
                         net (fo=27270, unset)        0.028     0.028    cfo/windows/poison_sync/dest_clk
    SLICE_X158Y100       FDRE                                         r  cfo/windows/poison_sync/syncstages_ff_reg[3]/C
  -------------------------------------------------------------------    -------------------
    SLICE_X158Y100       FDRE (Prop_DFF2_SLICEL_C_Q)
                                                      0.081     0.109 f  cfo/windows/poison_sync/syncstages_ff_reg[3]/Q
                         net (fo=12, routed)          0.687     0.796    cfo/windows/poison500
    SLICE_X142Y84        LUT3 (Prop_F6LUT_SLICEM_I0_O)
                                                      0.051     0.847 f  cfo/windows/packed_count[1]_i_1/O
                         net (fo=11, routed)          0.102     0.949    cfo/windows/fast_stop
    SLICE_X142Y85        LUT6 (Prop_E6LUT_SLICEM_I5_O)
                                                      0.091     1.040 f  cfo/windows/window_credits_i_3/O
                         net (fo=3, routed)           0.052     1.092    cfo/windows/window_credits_i_3_n_0
    SLICE_X142Y85        LUT6 (Prop_D6LUT_SLICEM_I5_O)
                                                      0.088     1.180 r  cfo/windows/window_credits_i_2/O
                         net (fo=19, routed)          0.257     1.437    cfo/windows/p_30_in
    SLICE_X142Y82        LUT5 (Prop_E6LUT_SLICEM_I0_O)
                                                      0.124     1.561 r  cfo/windows/output_record[134]_i_1_rewire/O
                         net (fo=115, routed)         0.542     2.103    cfo/windows/output_record
    SLICE_X140Y68        FDRE                                         r  cfo/windows/output_record_reg[105]/CE
  -------------------------------------------------------------------    -------------------

                         (clock clk500 rise edge)     2.000     2.000 r  
                                                      0.000     2.000 r  clk500 (IN)
                         net (fo=27270, unset)        0.020     2.020    cfo/windows/clk500
    SLICE_X140Y68        FDRE                                         r  cfo/windows/output_record_reg[105]/C
                         clock pessimism              0.000     2.020    
                         clock uncertainty           -0.035     1.985    
    SLICE_X140Y68        FDRE (Setup_HFF_SLICEL_C_CE)
                                                     -0.060     1.925    cfo/windows/output_record_reg[105]
  -------------------------------------------------------------------
                         required time                          1.925    
                         arrival time                          -2.103    
  -------------------------------------------------------------------
                         slack                                 -0.178    

Slack (VIOLATED) :        -0.175ns  (required time - arrival time)
  Source:                 cfo/windows/poison_sync/syncstages_ff_reg[3]/C
                            (rising edge-triggered cell FDRE clocked by clk500  {rise@0.000ns fall@1.000ns period=2.000ns})
  Destination:            cfo/windows/output_record_reg[117]/CE
                            (rising edge-triggered cell FDRE clocked by clk500  {rise@0.000ns fall@1.000ns period=2.000ns})
  Path Group:             clk500
  Path Type:              Setup (Max at Slow Process Corner)
  Requirement:            2.000ns  (clk500 rise@2.000ns - clk500 rise@0.000ns)
  Data Path Delay:        2.072ns  (logic 0.435ns (20.994%)  route 1.637ns (79.006%))
  Logic Levels:           4  (LUT3=1 LUT5=1 LUT6=2)
  Clock Path Skew:        -0.007ns (DCD - SCD + CPR)
    Destination Clock Delay (DCD):    0.021ns = ( 2.021 - 2.000 ) 
    Source Clock Delay      (SCD):    0.028ns
    Clock Pessimism Removal (CPR):    0.000ns
  Clock Uncertainty:      0.035ns  ((TSJ^2 + TIJ^2)^1/2 + DJ) / 2 + PE
    Total System Jitter     (TSJ):    0.071ns
    Total Input Jitter      (TIJ):    0.000ns
    Discrete Jitter          (DJ):    0.000ns
    Phase Error              (PE):    0.000ns

    Location             Delay type                Incr(ns)  Path(ns)    Netlist Resource(s)
  -------------------------------------------------------------------    -------------------
                         (clock clk500 rise edge)     0.000     0.000 r  
                                                      0.000     0.000 r  clk500 (IN)
                         net (fo=27270, unset)        0.028     0.028    cfo/windows/poison_sync/dest_clk
    SLICE_X158Y100       FDRE                                         r  cfo/windows/poison_sync/syncstages_ff_reg[3]/C
  -------------------------------------------------------------------    -------------------
    SLICE_X158Y100       FDRE (Prop_DFF2_SLICEL_C_Q)
                                                      0.081     0.109 f  cfo/windows/poison_sync/syncstages_ff_reg[3]/Q
                         net (fo=12, routed)          0.687     0.796    cfo/windows/poison500
    SLICE_X142Y84        LUT3 (Prop_F6LUT_SLICEM_I0_O)
                                                      0.051     0.847 f  cfo/windows/packed_count[1]_i_1/O
                         net (fo=11, routed)          0.102     0.949    cfo/windows/fast_stop
    SLICE_X142Y85        LUT6 (Prop_E6LUT_SLICEM_I5_O)
                                                      0.091     1.040 f  cfo/windows/window_credits_i_3/O
                         net (fo=3, routed)           0.052     1.092    cfo/windows/window_credits_i_3_n_0
    SLICE_X142Y85        LUT6 (Prop_D6LUT_SLICEM_I5_O)
                                                      0.088     1.180 r  cfo/windows/window_credits_i_2/O
                         net (fo=19, routed)          0.257     1.437    cfo/windows/p_30_in
    SLICE_X142Y82        LUT5 (Prop_E6LUT_SLICEM_I0_O)
                                                      0.124     1.561 r  cfo/windows/output_record[134]_i_1_rewire/O
                         net (fo=115, routed)         0.539     2.100    cfo/windows/output_record
    SLICE_X139Y71        FDRE                                         r  cfo/windows/output_record_reg[117]/CE
  -------------------------------------------------------------------    -------------------

                         (clock clk500 rise edge)     2.000     2.000 r  
                                                      0.000     2.000 r  clk500 (IN)
                         net (fo=27270, unset)        0.021     2.021    cfo/windows/clk500
    SLICE_X139Y71        FDRE                                         r  cfo/windows/output_record_reg[117]/C
                         clock pessimism              0.000     2.021    
                         clock uncertainty           -0.035     1.986    
    SLICE_X139Y71        FDRE (Setup_HFF2_SLICEM_C_CE)
                                                     -0.061     1.925    cfo/windows/output_record_reg[117]
  -------------------------------------------------------------------
                         required time                          1.925    
                         arrival time                          -2.100    
  -------------------------------------------------------------------
                         slack                                 -0.175    

Slack (VIOLATED) :        -0.174ns  (required time - arrival time)
  Source:                 cfo/windows/poison_sync/syncstages_ff_reg[3]/C
                            (rising edge-triggered cell FDRE clocked by clk500  {rise@0.000ns fall@1.000ns period=2.000ns})
  Destination:            cfo/observation_front/fft_core/bank1_reg_bram_1/DINADIN[5]
                            (rising edge-triggered cell RAMB18E2 clocked by clk500  {rise@0.000ns fall@1.000ns period=2.000ns})
  Path Group:             clk500
  Path Type:              Setup (Max at Slow Process Corner)
  Requirement:            2.000ns  (clk500 rise@2.000ns - clk500 rise@0.000ns)
  Data Path Delay:        1.902ns  (logic 0.234ns (12.303%)  route 1.668ns (87.697%))
  Logic Levels:           3  (LUT4=1 LUT6=2)
  Clock Path Skew:        0.011ns (DCD - SCD + CPR)
    Destination Clock Delay (DCD):    0.039ns = ( 2.039 - 2.000 ) 
    Source Clock Delay      (SCD):    0.028ns
    Clock Pessimism Removal (CPR):    0.000ns
  Clock Uncertainty:      0.035ns  ((TSJ^2 + TIJ^2)^1/2 + DJ) / 2 + PE
    Total System Jitter     (TSJ):    0.071ns
    Total Input Jitter      (TIJ):    0.000ns
    Discrete Jitter          (DJ):    0.000ns
    Phase Error              (PE):    0.000ns

    Location             Delay type                Incr(ns)  Path(ns)    Netlist Resource(s)
  -------------------------------------------------------------------    -------------------
                         (clock clk500 rise edge)     0.000     0.000 r  
                                                      0.000     0.000 r  clk500 (IN)
                         net (fo=27270, unset)        0.028     0.028    cfo/windows/poison_sync/dest_clk
    SLICE_X158Y100       FDRE                                         r  cfo/windows/poison_sync/syncstages_ff_reg[3]/C
  -------------------------------------------------------------------    -------------------
    SLICE_X158Y100       FDRE (Prop_DFF2_SLICEL_C_Q)
                                                      0.081     0.109 f  cfo/windows/poison_sync/syncstages_ff_reg[3]/Q
                         net (fo=12, routed)          0.800     0.909    cfo/windows/poison500
    SLICE_X142Y73        LUT4 (Prop_E6LUT_SLICEM_I3_O)
                                                      0.052     0.961 r  cfo/windows/m_valid_INST_0/O
                         net (fo=8, routed)           0.100     1.061    cfo/observation_front/fft_core/m_valid_alias
    SLICE_X143Y73        LUT6 (Prop_A6LUT_SLICEL_I4_O)
                                                      0.050     1.111 r  cfo/observation_front/fft_core/bank1_reg_bram_0_i_69_comp_3/O
                         net (fo=47, routed)          0.462     1.573    cfo/observation_front/fft_core/bank1_reg_bram_0_i_69_n_0
    SLICE_X145Y79        LUT6 (Prop_C6LUT_SLICEM_I0_O)
                                                      0.051     1.624 r  cfo/observation_front/fft_core/bank1_reg_bram_1_i_11/O
                         net (fo=1, routed)           0.306     1.930    cfo/observation_front/fft_core/bank1_reg_bram_1_i_11_n_0
    RAMB18_X10Y30        RAMB18E2                                     r  cfo/observation_front/fft_core/bank1_reg_bram_1/DINADIN[5]
  -------------------------------------------------------------------    -------------------

                         (clock clk500 rise edge)     2.000     2.000 r  
                                                      0.000     2.000 r  clk500 (IN)
                         net (fo=27270, unset)        0.039     2.039    cfo/observation_front/fft_core/clk
    RAMB18_X10Y30        RAMB18E2                                     r  cfo/observation_front/fft_core/bank1_reg_bram_1/CLKARDCLK
                         clock pessimism              0.000     2.039    
                         clock uncertainty           -0.035     2.004    
    RAMB18_X10Y30        RAMB18E2 (Setup_RAMB18E2_L_RAMB180_CLKARDCLK_DINADIN[5])
                                                     -0.248     1.756    cfo/observation_front/fft_core/bank1_reg_bram_1
  -------------------------------------------------------------------
                         required time                          1.756    
                         arrival time                          -1.930    
  -------------------------------------------------------------------
                         slack                                 -0.174    

Slack (VIOLATED) :        -0.172ns  (required time - arrival time)
  Source:                 cfo/windows/poison_sync/syncstages_ff_reg[3]/C
                            (rising edge-triggered cell FDRE clocked by clk500  {rise@0.000ns fall@1.000ns period=2.000ns})
  Destination:            cfo/observation_front/fft_core/bank1_reg_bram_0/DINADIN[8]
                            (rising edge-triggered cell RAMB36E2 clocked by clk500  {rise@0.000ns fall@1.000ns period=2.000ns})
  Path Group:             clk500
  Path Type:              Setup (Max at Slow Process Corner)
  Requirement:            2.000ns  (clk500 rise@2.000ns - clk500 rise@0.000ns)
  Data Path Delay:        1.887ns  (logic 0.306ns (16.216%)  route 1.581ns (83.784%))
  Logic Levels:           3  (LUT4=1 LUT6=2)
  Clock Path Skew:        0.011ns (DCD - SCD + CPR)
    Destination Clock Delay (DCD):    0.039ns = ( 2.039 - 2.000 ) 
    Source Clock Delay      (SCD):    0.028ns
    Clock Pessimism Removal (CPR):    0.000ns
  Clock Uncertainty:      0.035ns  ((TSJ^2 + TIJ^2)^1/2 + DJ) / 2 + PE
    Total System Jitter     (TSJ):    0.071ns
    Total Input Jitter      (TIJ):    0.000ns
    Discrete Jitter          (DJ):    0.000ns
    Phase Error              (PE):    0.000ns

    Location             Delay type                Incr(ns)  Path(ns)    Netlist Resource(s)
  -------------------------------------------------------------------    -------------------
                         (clock clk500 rise edge)     0.000     0.000 r  
                                                      0.000     0.000 r  clk500 (IN)
                         net (fo=27270, unset)        0.028     0.028    cfo/windows/poison_sync/dest_clk
    SLICE_X158Y100       FDRE                                         r  cfo/windows/poison_sync/syncstages_ff_reg[3]/C
  -------------------------------------------------------------------    -------------------
    SLICE_X158Y100       FDRE (Prop_DFF2_SLICEL_C_Q)
                                                      0.081     0.109 f  cfo/windows/poison_sync/syncstages_ff_reg[3]/Q
                         net (fo=12, routed)          0.800     0.909    cfo/windows/poison500
    SLICE_X142Y73        LUT4 (Prop_E6LUT_SLICEM_I3_O)
                                                      0.052     0.961 r  cfo/windows/m_valid_INST_0/O
                         net (fo=8, routed)           0.100     1.061    cfo/observation_front/fft_core/m_valid_alias
    SLICE_X143Y73        LUT6 (Prop_A6LUT_SLICEL_I4_O)
                                                      0.050     1.111 r  cfo/observation_front/fft_core/bank1_reg_bram_0_i_69_comp_3/O
                         net (fo=47, routed)          0.439     1.550    cfo/observation_front/fft_core/bank1_reg_bram_0_i_69_n_0
    SLICE_X146Y68        LUT6 (Prop_G6LUT_SLICEM_I0_O)
                                                      0.123     1.673 r  cfo/observation_front/fft_core/bank1_reg_bram_0_i_47/O
                         net (fo=1, routed)           0.242     1.915    cfo/observation_front/fft_core/bank1_reg_bram_0_i_47_n_0
    RAMB36_X10Y13        RAMB36E2                                     r  cfo/observation_front/fft_core/bank1_reg_bram_0/DINADIN[8]
  -------------------------------------------------------------------    -------------------

                         (clock clk500 rise edge)     2.000     2.000 r  
                                                      0.000     2.000 r  clk500 (IN)
                         net (fo=27270, unset)        0.039     2.039    cfo/observation_front/fft_core/clk
    RAMB36_X10Y13        RAMB36E2                                     r  cfo/observation_front/fft_core/bank1_reg_bram_0/CLKARDCLK
                         clock pessimism              0.000     2.039    
                         clock uncertainty           -0.035     2.004    
    RAMB36_X10Y13        RAMB36E2 (Setup_RAMB36E2_RAMB36_CLKARDCLK_DINADIN[8])
                                                     -0.261     1.743    cfo/observation_front/fft_core/bank1_reg_bram_0
  -------------------------------------------------------------------
                         required time                          1.743    
                         arrival time                          -1.915    
  -------------------------------------------------------------------
                         slack                                 -0.172    

Slack (VIOLATED) :        -0.169ns  (required time - arrival time)
  Source:                 cfo/observation_front/coefficient_page0_data_reg_0_1/CLKARDCLK
                            (rising edge-triggered cell RAMB36E2 clocked by clk500  {rise@0.000ns fall@1.000ns period=2.000ns})
  Destination:            cfo/observation_front/pr4_reg_i_5_psdsp_1/D
                            (rising edge-triggered cell FDRE clocked by clk500  {rise@0.000ns fall@1.000ns period=2.000ns})
  Path Group:             clk500
  Path Type:              Setup (Max at Slow Process Corner)
  Requirement:            2.000ns  (clk500 rise@2.000ns - clk500 rise@0.000ns)
  Data Path Delay:        2.103ns  (logic 1.161ns (55.207%)  route 0.942ns (44.793%))
  Logic Levels:           2  (LUT3=1 LUT6=1)
  Clock Path Skew:        -0.056ns (DCD - SCD + CPR)
    Destination Clock Delay (DCD):    0.020ns = ( 2.020 - 2.000 ) 
    Source Clock Delay      (SCD):    0.076ns
    Clock Pessimism Removal (CPR):    0.000ns
  Clock Uncertainty:      0.035ns  ((TSJ^2 + TIJ^2)^1/2 + DJ) / 2 + PE
    Total System Jitter     (TSJ):    0.071ns
    Total Input Jitter      (TIJ):    0.000ns
    Discrete Jitter          (DJ):    0.000ns
    Phase Error              (PE):    0.000ns

    Location             Delay type                Incr(ns)  Path(ns)    Netlist Resource(s)
  -------------------------------------------------------------------    -------------------
                         (clock clk500 rise edge)     0.000     0.000 r  
                                                      0.000     0.000 r  clk500 (IN)
                         net (fo=27270, unset)        0.076     0.076    cfo/observation_front/clk
    RAMB36_X10Y22        RAMB36E2                                     r  cfo/observation_front/coefficient_page0_data_reg_0_1/CLKARDCLK
  -------------------------------------------------------------------    -------------------
    RAMB36_X10Y22        RAMB36E2 (Prop_RAMB36E2_RAMB36_CLKARDCLK_DOUTADOUT[0])
                                                      1.020     1.096 f  cfo/observation_front/coefficient_page0_data_reg_0_1/DOUTADOUT[0]
                         net (fo=3, routed)           0.680     1.776    cfo/observation_front/coefficient_page0_data_reg[1]
    SLICE_X145Y63        LUT3 (Prop_F6LUT_SLICEM_I2_O)
                                                      0.051     1.827 f  cfo/observation_front/rr3_reg_i_6/O
                         net (fo=8, routed)           0.109     1.936    cfo/observation_front/coefficient_index0[1]
    SLICE_X145Y62        LUT6 (Prop_G6LUT_SLICEM_I5_O)
                                                      0.090     2.026 r  cfo/observation_front/pr4_reg_i_5/O
                         net (fo=2, routed)           0.153     2.179    cfo/observation_front/pr4_reg_i_5_n_0
    SLICE_X144Y62        FDRE                                         r  cfo/observation_front/pr4_reg_i_5_psdsp_1/D
  -------------------------------------------------------------------    -------------------

                         (clock clk500 rise edge)     2.000     2.000 r  
                                                      0.000     2.000 r  clk500 (IN)
                         net (fo=27270, unset)        0.020     2.020    cfo/observation_front/clk
    SLICE_X144Y62        FDRE                                         r  cfo/observation_front/pr4_reg_i_5_psdsp_1/C
                         clock pessimism              0.000     2.020    
                         clock uncertainty           -0.035     1.985    
    SLICE_X144Y62        FDRE (Setup_DFF2_SLICEL_C_D)
                                                      0.025     2.010    cfo/observation_front/pr4_reg_i_5_psdsp_1
  -------------------------------------------------------------------
                         required time                          2.010    
                         arrival time                          -2.179    
  -------------------------------------------------------------------
                         slack                                 -0.169    

Slack (VIOLATED) :        -0.165ns  (required time - arrival time)
  Source:                 cfo/observation_front/coefficient_page0_data_reg_0_1/CLKARDCLK
                            (rising edge-triggered cell RAMB36E2 clocked by clk500  {rise@0.000ns fall@1.000ns period=2.000ns})
  Destination:            cfo/observation_front/rr3_reg_i_5_psdsp/D
                            (rising edge-triggered cell FDRE clocked by clk500  {rise@0.000ns fall@1.000ns period=2.000ns})
  Path Group:             clk500
  Path Type:              Setup (Max at Slow Process Corner)
  Requirement:            2.000ns  (clk500 rise@2.000ns - clk500 rise@0.000ns)
  Data Path Delay:        2.100ns  (logic 1.123ns (53.476%)  route 0.977ns (46.524%))
  Logic Levels:           2  (LUT3=1 LUT6=1)
  Clock Path Skew:        -0.055ns (DCD - SCD + CPR)
    Destination Clock Delay (DCD):    0.021ns = ( 2.021 - 2.000 ) 
    Source Clock Delay      (SCD):    0.076ns
    Clock Pessimism Removal (CPR):    0.000ns
  Clock Uncertainty:      0.035ns  ((TSJ^2 + TIJ^2)^1/2 + DJ) / 2 + PE
    Total System Jitter     (TSJ):    0.071ns
    Total Input Jitter      (TIJ):    0.000ns
    Discrete Jitter          (DJ):    0.000ns
    Phase Error              (PE):    0.000ns

    Location             Delay type                Incr(ns)  Path(ns)    Netlist Resource(s)
  -------------------------------------------------------------------    -------------------
                         (clock clk500 rise edge)     0.000     0.000 r  
                                                      0.000     0.000 r  clk500 (IN)
                         net (fo=27270, unset)        0.076     0.076    cfo/observation_front/clk
    RAMB36_X10Y22        RAMB36E2                                     r  cfo/observation_front/coefficient_page0_data_reg_0_1/CLKARDCLK
  -------------------------------------------------------------------    -------------------
    RAMB36_X10Y22        RAMB36E2 (Prop_RAMB36E2_RAMB36_CLKARDCLK_DOUTADOUT[0])
                                                      1.020     1.096 r  cfo/observation_front/coefficient_page0_data_reg_0_1/DOUTADOUT[0]
                         net (fo=3, routed)           0.824     1.920    cfo/observation_front/coefficient_page0_data_reg[1]
    SLICE_X143Y63        LUT3 (Prop_E6LUT_SLICEL_I2_O)
                                                      0.051     1.971 r  cfo/observation_front/rr3_reg_i_6_replica/O
                         net (fo=1, routed)           0.087     2.058    cfo/observation_front/coefficient_index0[1]_repN
    SLICE_X142Y63        LUT6 (Prop_B6LUT_SLICEM_I0_O)
                                                      0.052     2.110 r  cfo/observation_front/rr3_reg_i_5/O
                         net (fo=2, routed)           0.066     2.176    cfo/observation_front/rr3_reg_i_5_n_0
    SLICE_X142Y63        FDRE                                         r  cfo/observation_front/rr3_reg_i_5_psdsp/D
  -------------------------------------------------------------------    -------------------

                         (clock clk500 rise edge)     2.000     2.000 r  
                                                      0.000     2.000 r  clk500 (IN)
                         net (fo=27270, unset)        0.021     2.021    cfo/observation_front/clk
    SLICE_X142Y63        FDRE                                         r  cfo/observation_front/rr3_reg_i_5_psdsp/C
                         clock pessimism              0.000     2.021    
                         clock uncertainty           -0.035     1.986    
    SLICE_X142Y63        FDRE (Setup_BFF_SLICEM_C_D)
                                                      0.025     2.011    cfo/observation_front/rr3_reg_i_5_psdsp
  -------------------------------------------------------------------
                         required time                          2.011    
                         arrival time                          -2.176    
  -------------------------------------------------------------------
                         slack                                 -0.165    

Slack (VIOLATED) :        -0.164ns  (required time - arrival time)
  Source:                 cfo/observation_front/coefficient_page0_data_reg_0_1/CLKARDCLK
                            (rising edge-triggered cell RAMB36E2 clocked by clk500  {rise@0.000ns fall@1.000ns period=2.000ns})
  Destination:            cfo/observation_front/rr3_reg_i_5_psdsp_1/D
                            (rising edge-triggered cell FDRE clocked by clk500  {rise@0.000ns fall@1.000ns period=2.000ns})
  Path Group:             clk500
  Path Type:              Setup (Max at Slow Process Corner)
  Requirement:            2.000ns  (clk500 rise@2.000ns - clk500 rise@0.000ns)
  Data Path Delay:        2.099ns  (logic 1.123ns (53.502%)  route 0.976ns (46.498%))
  Logic Levels:           2  (LUT3=1 LUT6=1)
  Clock Path Skew:        -0.055ns (DCD - SCD + CPR)
    Destination Clock Delay (DCD):    0.021ns = ( 2.021 - 2.000 ) 
    Source Clock Delay      (SCD):    0.076ns
    Clock Pessimism Removal (CPR):    0.000ns
  Clock Uncertainty:      0.035ns  ((TSJ^2 + TIJ^2)^1/2 + DJ) / 2 + PE
    Total System Jitter     (TSJ):    0.071ns
    Total Input Jitter      (TIJ):    0.000ns
    Discrete Jitter          (DJ):    0.000ns
    Phase Error              (PE):    0.000ns

    Location             Delay type                Incr(ns)  Path(ns)    Netlist Resource(s)
  -------------------------------------------------------------------    -------------------
                         (clock clk500 rise edge)     0.000     0.000 r  
                                                      0.000     0.000 r  clk500 (IN)
                         net (fo=27270, unset)        0.076     0.076    cfo/observation_front/clk
    RAMB36_X10Y22        RAMB36E2                                     r  cfo/observation_front/coefficient_page0_data_reg_0_1/CLKARDCLK
  -------------------------------------------------------------------    -------------------
    RAMB36_X10Y22        RAMB36E2 (Prop_RAMB36E2_RAMB36_CLKARDCLK_DOUTADOUT[0])
                                                      1.020     1.096 r  cfo/observation_front/coefficient_page0_data_reg_0_1/DOUTADOUT[0]
                         net (fo=3, routed)           0.824     1.920    cfo/observation_front/coefficient_page0_data_reg[1]
    SLICE_X143Y63        LUT3 (Prop_E6LUT_SLICEL_I2_O)
                                                      0.051     1.971 r  cfo/observation_front/rr3_reg_i_6_replica/O
                         net (fo=1, routed)           0.087     2.058    cfo/observation_front/coefficient_index0[1]_repN
    SLICE_X142Y63        LUT6 (Prop_B6LUT_SLICEM_I0_O)
                                                      0.052     2.110 r  cfo/observation_front/rr3_reg_i_5/O
                         net (fo=2, routed)           0.065     2.175    cfo/observation_front/rr3_reg_i_5_n_0
    SLICE_X142Y63        FDRE                                         r  cfo/observation_front/rr3_reg_i_5_psdsp_1/D
  -------------------------------------------------------------------    -------------------

                         (clock clk500 rise edge)     2.000     2.000 r  
                                                      0.000     2.000 r  clk500 (IN)
                         net (fo=27270, unset)        0.021     2.021    cfo/observation_front/clk
    SLICE_X142Y63        FDRE                                         r  cfo/observation_front/rr3_reg_i_5_psdsp_1/C
                         clock pessimism              0.000     2.021    
                         clock uncertainty           -0.035     1.986    
    SLICE_X142Y63        FDRE (Setup_BFF2_SLICEM_C_D)
                                                      0.025     2.011    cfo/observation_front/rr3_reg_i_5_psdsp_1
  -------------------------------------------------------------------
                         required time                          2.011    
                         arrival time                          -2.175    
  -------------------------------------------------------------------
                         slack                                 -0.164    

Slack (VIOLATED) :        -0.159ns  (required time - arrival time)
  Source:                 cfo/windows/poison_sync/syncstages_ff_reg[3]/C
                            (rising edge-triggered cell FDRE clocked by clk500  {rise@0.000ns fall@1.000ns period=2.000ns})
  Destination:            cfo/windows/output_record_reg[17]/CE
                            (rising edge-triggered cell FDRE clocked by clk500  {rise@0.000ns fall@1.000ns period=2.000ns})
  Path Group:             clk500
  Path Type:              Setup (Max at Slow Process Corner)
  Requirement:            2.000ns  (clk500 rise@2.000ns - clk500 rise@0.000ns)
  Data Path Delay:        2.056ns  (logic 0.435ns (21.158%)  route 1.621ns (78.842%))
  Logic Levels:           4  (LUT3=1 LUT5=1 LUT6=2)
  Clock Path Skew:        -0.008ns (DCD - SCD + CPR)
    Destination Clock Delay (DCD):    0.020ns = ( 2.020 - 2.000 ) 
    Source Clock Delay      (SCD):    0.028ns
    Clock Pessimism Removal (CPR):    0.000ns
  Clock Uncertainty:      0.035ns  ((TSJ^2 + TIJ^2)^1/2 + DJ) / 2 + PE
    Total System Jitter     (TSJ):    0.071ns
    Total Input Jitter      (TIJ):    0.000ns
    Discrete Jitter          (DJ):    0.000ns
    Phase Error              (PE):    0.000ns

    Location             Delay type                Incr(ns)  Path(ns)    Netlist Resource(s)
  -------------------------------------------------------------------    -------------------
                         (clock clk500 rise edge)     0.000     0.000 r  
                                                      0.000     0.000 r  clk500 (IN)
                         net (fo=27270, unset)        0.028     0.028    cfo/windows/poison_sync/dest_clk
    SLICE_X158Y100       FDRE                                         r  cfo/windows/poison_sync/syncstages_ff_reg[3]/C
  -------------------------------------------------------------------    -------------------
    SLICE_X158Y100       FDRE (Prop_DFF2_SLICEL_C_Q)
                                                      0.081     0.109 f  cfo/windows/poison_sync/syncstages_ff_reg[3]/Q
                         net (fo=12, routed)          0.687     0.796    cfo/windows/poison500
    SLICE_X142Y84        LUT3 (Prop_F6LUT_SLICEM_I0_O)
                                                      0.051     0.847 f  cfo/windows/packed_count[1]_i_1/O
                         net (fo=11, routed)          0.102     0.949    cfo/windows/fast_stop
    SLICE_X142Y85        LUT6 (Prop_E6LUT_SLICEM_I5_O)
                                                      0.091     1.040 f  cfo/windows/window_credits_i_3/O
                         net (fo=3, routed)           0.052     1.092    cfo/windows/window_credits_i_3_n_0
    SLICE_X142Y85        LUT6 (Prop_D6LUT_SLICEM_I5_O)
                                                      0.088     1.180 r  cfo/windows/window_credits_i_2/O
                         net (fo=19, routed)          0.257     1.437    cfo/windows/p_30_in
    SLICE_X142Y82        LUT5 (Prop_E6LUT_SLICEM_I0_O)
                                                      0.124     1.561 r  cfo/windows/output_record[134]_i_1_rewire/O
                         net (fo=115, routed)         0.523     2.084    cfo/windows/output_record
    SLICE_X143Y95        FDRE                                         r  cfo/windows/output_record_reg[17]/CE
  -------------------------------------------------------------------    -------------------

                         (clock clk500 rise edge)     2.000     2.000 r  
                                                      0.000     2.000 r  clk500 (IN)
                         net (fo=27270, unset)        0.020     2.020    cfo/windows/clk500
    SLICE_X143Y95        FDRE                                         r  cfo/windows/output_record_reg[17]/C
                         clock pessimism              0.000     2.020    
                         clock uncertainty           -0.035     1.985    
    SLICE_X143Y95        FDRE (Setup_HFF_SLICEL_C_CE)
                                                     -0.060     1.925    cfo/windows/output_record_reg[17]
  -------------------------------------------------------------------
                         required time                          1.925    
                         arrival time                          -2.084    
  -------------------------------------------------------------------
                         slack                                 -0.159    

Slack (VIOLATED) :        -0.159ns  (required time - arrival time)
  Source:                 cfo/windows/poison_sync/syncstages_ff_reg[3]/C
                            (rising edge-triggered cell FDRE clocked by clk500  {rise@0.000ns fall@1.000ns period=2.000ns})
  Destination:            cfo/windows/output_record_reg[34]/CE
                            (rising edge-triggered cell FDRE clocked by clk500  {rise@0.000ns fall@1.000ns period=2.000ns})
  Path Group:             clk500
  Path Type:              Setup (Max at Slow Process Corner)
  Requirement:            2.000ns  (clk500 rise@2.000ns - clk500 rise@0.000ns)
  Data Path Delay:        2.056ns  (logic 0.435ns (21.158%)  route 1.621ns (78.842%))
  Logic Levels:           4  (LUT3=1 LUT5=1 LUT6=2)
  Clock Path Skew:        -0.008ns (DCD - SCD + CPR)
    Destination Clock Delay (DCD):    0.020ns = ( 2.020 - 2.000 ) 
    Source Clock Delay      (SCD):    0.028ns
    Clock Pessimism Removal (CPR):    0.000ns
  Clock Uncertainty:      0.035ns  ((TSJ^2 + TIJ^2)^1/2 + DJ) / 2 + PE
    Total System Jitter     (TSJ):    0.071ns
    Total Input Jitter      (TIJ):    0.000ns
    Discrete Jitter          (DJ):    0.000ns
    Phase Error              (PE):    0.000ns

    Location             Delay type                Incr(ns)  Path(ns)    Netlist Resource(s)
  -------------------------------------------------------------------    -------------------
                         (clock clk500 rise edge)     0.000     0.000 r  
                                                      0.000     0.000 r  clk500 (IN)
                         net (fo=27270, unset)        0.028     0.028    cfo/windows/poison_sync/dest_clk
    SLICE_X158Y100       FDRE                                         r  cfo/windows/poison_sync/syncstages_ff_reg[3]/C
  -------------------------------------------------------------------    -------------------
    SLICE_X158Y100       FDRE (Prop_DFF2_SLICEL_C_Q)
                                                      0.081     0.109 f  cfo/windows/poison_sync/syncstages_ff_reg[3]/Q
                         net (fo=12, routed)          0.687     0.796    cfo/windows/poison500
    SLICE_X142Y84        LUT3 (Prop_F6LUT_SLICEM_I0_O)
                                                      0.051     0.847 f  cfo/windows/packed_count[1]_i_1/O
                         net (fo=11, routed)          0.102     0.949    cfo/windows/fast_stop
    SLICE_X142Y85        LUT6 (Prop_E6LUT_SLICEM_I5_O)
                                                      0.091     1.040 f  cfo/windows/window_credits_i_3/O
                         net (fo=3, routed)           0.052     1.092    cfo/windows/window_credits_i_3_n_0
    SLICE_X142Y85        LUT6 (Prop_D6LUT_SLICEM_I5_O)
                                                      0.088     1.180 r  cfo/windows/window_credits_i_2/O
                         net (fo=19, routed)          0.257     1.437    cfo/windows/p_30_in
    SLICE_X142Y82        LUT5 (Prop_E6LUT_SLICEM_I0_O)
                                                      0.124     1.561 r  cfo/windows/output_record[134]_i_1_rewire/O
                         net (fo=115, routed)         0.523     2.084    cfo/windows/output_record
    SLICE_X143Y95        FDRE                                         r  cfo/windows/output_record_reg[34]/CE
  -------------------------------------------------------------------    -------------------

                         (clock clk500 rise edge)     2.000     2.000 r  
                                                      0.000     2.000 r  clk500 (IN)
                         net (fo=27270, unset)        0.020     2.020    cfo/windows/clk500
    SLICE_X143Y95        FDRE                                         r  cfo/windows/output_record_reg[34]/C
                         clock pessimism              0.000     2.020    
                         clock uncertainty           -0.035     1.985    
    SLICE_X143Y95        FDRE (Setup_GFF_SLICEL_C_CE)
                                                     -0.060     1.925    cfo/windows/output_record_reg[34]
  -------------------------------------------------------------------
                         required time                          1.925    
                         arrival time                          -2.084    
  -------------------------------------------------------------------
                         slack                                 -0.159    





Min Delay Paths
--------------------------------------------------------------------------------------
Slack (MET) :             0.020ns  (arrival time - required time)
  Source:                 sfo/residual_estimator/aux_service/u_xfft/U0/i_synth/xfft_inst/non_floating_point.arch_d.xfft_inst/pe_gen[4].natural_order_input.PE/bypass_muxes.din_im_mux_gen[13].reg/C
                            (rising edge-triggered cell FDRE clocked by clk500  {rise@0.000ns fall@1.000ns period=2.000ns})
  Destination:            sfo/residual_estimator/aux_service/u_xfft/U0/i_synth/xfft_inst/non_floating_point.arch_d.xfft_inst/pe_gen[4].natural_order_input.PE/FB_1.BF_1/no_twos_cmp.REG_lower_im/no_sclr_lut.real_shift_ram.use_baseblock.use_hlutnm_srls.srl_loop[6].i_srl16e1/D
                            (rising edge-triggered cell SRL16E clocked by clk500  {rise@0.000ns fall@1.000ns period=2.000ns})
  Path Group:             clk500
  Path Type:              Hold (Min at Fast Process Corner)
  Requirement:            0.000ns  (clk500 rise@0.000ns - clk500 rise@0.000ns)
  Data Path Delay:        0.091ns  (logic 0.039ns (42.857%)  route 0.052ns (57.143%))
  Logic Levels:           0  
  Clock Path Skew:        0.026ns (DCD - SCD - CPR)
    Destination Clock Delay (DCD):    0.039ns
    Source Clock Delay      (SCD):    0.013ns
    Clock Pessimism Removal (CPR):    -0.000ns

    Location             Delay type                Incr(ns)  Path(ns)    Netlist Resource(s)
  -------------------------------------------------------------------    -------------------
                         (clock clk500 rise edge)     0.000     0.000 r  
                                                      0.000     0.000 r  clk500 (IN)
                         net (fo=27270, unset)        0.013     0.013    sfo/residual_estimator/aux_service/u_xfft/U0/i_synth/xfft_inst/non_floating_point.arch_d.xfft_inst/pe_gen[4].natural_order_input.PE/aclk
    SLICE_X208Y15        FDRE                                         r  sfo/residual_estimator/aux_service/u_xfft/U0/i_synth/xfft_inst/non_floating_point.arch_d.xfft_inst/pe_gen[4].natural_order_input.PE/bypass_muxes.din_im_mux_gen[13].reg/C
  -------------------------------------------------------------------    -------------------
    SLICE_X208Y15        FDRE (Prop_DFF_SLICEM_C_Q)
                                                      0.039     0.052 r  sfo/residual_estimator/aux_service/u_xfft/U0/i_synth/xfft_inst/non_floating_point.arch_d.xfft_inst/pe_gen[4].natural_order_input.PE/bypass_muxes.din_im_mux_gen[13].reg/Q
                         net (fo=2, routed)           0.052     0.104    sfo/residual_estimator/aux_service/u_xfft/U0/i_synth/xfft_inst/non_floating_point.arch_d.xfft_inst/pe_gen[4].natural_order_input.PE/FB_1.BF_1/no_twos_cmp.REG_lower_im/no_sclr_lut.real_shift_ram.use_baseblock.use_hlutnm_srls.srl_loop[7].i_srl16e1_0[13]
    SLICE_X208Y15        SRL16E                                       r  sfo/residual_estimator/aux_service/u_xfft/U0/i_synth/xfft_inst/non_floating_point.arch_d.xfft_inst/pe_gen[4].natural_order_input.PE/FB_1.BF_1/no_twos_cmp.REG_lower_im/no_sclr_lut.real_shift_ram.use_baseblock.use_hlutnm_srls.srl_loop[6].i_srl16e1/D
  -------------------------------------------------------------------    -------------------

                         (clock clk500 rise edge)     0.000     0.000 r  
                                                      0.000     0.000 r  clk500 (IN)
                         net (fo=27270, unset)        0.039     0.039    sfo/residual_estimator/aux_service/u_xfft/U0/i_synth/xfft_inst/non_floating_point.arch_d.xfft_inst/pe_gen[4].natural_order_input.PE/FB_1.BF_1/no_twos_cmp.REG_lower_im/aclk
    SLICE_X208Y15        SRL16E                                       r  sfo/residual_estimator/aux_service/u_xfft/U0/i_synth/xfft_inst/non_floating_point.arch_d.xfft_inst/pe_gen[4].natural_order_input.PE/FB_1.BF_1/no_twos_cmp.REG_lower_im/no_sclr_lut.real_shift_ram.use_baseblock.use_hlutnm_srls.srl_loop[6].i_srl16e1/CLK
                         clock pessimism              0.000     0.039    
    SLICE_X208Y15        SRL16E (Hold_B5LUT_SLICEM_CLK_D)
                                                      0.045     0.084    sfo/residual_estimator/aux_service/u_xfft/U0/i_synth/xfft_inst/non_floating_point.arch_d.xfft_inst/pe_gen[4].natural_order_input.PE/FB_1.BF_1/no_twos_cmp.REG_lower_im/no_sclr_lut.real_shift_ram.use_baseblock.use_hlutnm_srls.srl_loop[6].i_srl16e1
  -------------------------------------------------------------------
                         required time                         -0.084    
                         arrival time                           0.104    
  -------------------------------------------------------------------
                         slack                                  0.020    

Slack (MET) :             0.021ns  (arrival time - required time)
  Source:                 sfo/residual_estimator/aux_service/u_xfft/U0/i_synth/xfft_inst/non_floating_point.arch_d.xfft_inst/pe_gen[1].natural_order_input.PE/bypass_muxes.din_re_mux_gen[5].reg/C
                            (rising edge-triggered cell FDRE clocked by clk500  {rise@0.000ns fall@1.000ns period=2.000ns})
  Destination:            sfo/residual_estimator/aux_service/u_xfft/U0/i_synth/xfft_inst/non_floating_point.arch_d.xfft_inst/pe_gen[1].natural_order_input.PE/FB_1.BF_1/no_twos_cmp.REG_lower_re/no_sclr_lut.real_shift_ram.use_baseblock.use_hlutnm_srls.srl_loop[2].i_srl16e1/D
                            (rising edge-triggered cell SRL16E clocked by clk500  {rise@0.000ns fall@1.000ns period=2.000ns})
  Path Group:             clk500
  Path Type:              Hold (Min at Fast Process Corner)
  Requirement:            0.000ns  (clk500 rise@0.000ns - clk500 rise@0.000ns)
  Data Path Delay:        0.093ns  (logic 0.039ns (41.935%)  route 0.054ns (58.065%))
  Logic Levels:           0  
  Clock Path Skew:        0.027ns (DCD - SCD - CPR)
    Destination Clock Delay (DCD):    0.039ns
    Source Clock Delay      (SCD):    0.012ns
    Clock Pessimism Removal (CPR):    -0.000ns

    Location             Delay type                Incr(ns)  Path(ns)    Netlist Resource(s)
  -------------------------------------------------------------------    -------------------
                         (clock clk500 rise edge)     0.000     0.000 r  
                                                      0.000     0.000 r  clk500 (IN)
                         net (fo=27270, unset)        0.012     0.012    sfo/residual_estimator/aux_service/u_xfft/U0/i_synth/xfft_inst/non_floating_point.arch_d.xfft_inst/pe_gen[1].natural_order_input.PE/aclk
    SLICE_X219Y38        FDRE                                         r  sfo/residual_estimator/aux_service/u_xfft/U0/i_synth/xfft_inst/non_floating_point.arch_d.xfft_inst/pe_gen[1].natural_order_input.PE/bypass_muxes.din_re_mux_gen[5].reg/C
  -------------------------------------------------------------------    -------------------
    SLICE_X219Y38        FDRE (Prop_BFF_SLICEL_C_Q)
                                                      0.039     0.051 r  sfo/residual_estimator/aux_service/u_xfft/U0/i_synth/xfft_inst/non_floating_point.arch_d.xfft_inst/pe_gen[1].natural_order_input.PE/bypass_muxes.din_re_mux_gen[5].reg/Q
                         net (fo=2, routed)           0.054     0.105    sfo/residual_estimator/aux_service/u_xfft/U0/i_synth/xfft_inst/non_floating_point.arch_d.xfft_inst/pe_gen[1].natural_order_input.PE/FB_1.BF_1/no_twos_cmp.REG_lower_re/no_sclr_lut.real_shift_ram.use_baseblock.use_hlutnm_srls.srl_loop[7].i_srl16e1_0[5]
    SLICE_X220Y38        SRL16E                                       r  sfo/residual_estimator/aux_service/u_xfft/U0/i_synth/xfft_inst/non_floating_point.arch_d.xfft_inst/pe_gen[1].natural_order_input.PE/FB_1.BF_1/no_twos_cmp.REG_lower_re/no_sclr_lut.real_shift_ram.use_baseblock.use_hlutnm_srls.srl_loop[2].i_srl16e1/D
  -------------------------------------------------------------------    -------------------

                         (clock clk500 rise edge)     0.000     0.000 r  
                                                      0.000     0.000 r  clk500 (IN)
                         net (fo=27270, unset)        0.039     0.039    sfo/residual_estimator/aux_service/u_xfft/U0/i_synth/xfft_inst/non_floating_point.arch_d.xfft_inst/pe_gen[1].natural_order_input.PE/FB_1.BF_1/no_twos_cmp.REG_lower_re/aclk
    SLICE_X220Y38        SRL16E                                       r  sfo/residual_estimator/aux_service/u_xfft/U0/i_synth/xfft_inst/non_floating_point.arch_d.xfft_inst/pe_gen[1].natural_order_input.PE/FB_1.BF_1/no_twos_cmp.REG_lower_re/no_sclr_lut.real_shift_ram.use_baseblock.use_hlutnm_srls.srl_loop[2].i_srl16e1/CLK
                         clock pessimism              0.000     0.039    
    SLICE_X220Y38        SRL16E (Hold_B5LUT_SLICEM_CLK_D)
                                                      0.045     0.084    sfo/residual_estimator/aux_service/u_xfft/U0/i_synth/xfft_inst/non_floating_point.arch_d.xfft_inst/pe_gen[1].natural_order_input.PE/FB_1.BF_1/no_twos_cmp.REG_lower_re/no_sclr_lut.real_shift_ram.use_baseblock.use_hlutnm_srls.srl_loop[2].i_srl16e1
  -------------------------------------------------------------------
                         required time                         -0.084    
                         arrival time                           0.105    
  -------------------------------------------------------------------
                         slack                                  0.021    

Slack (MET) :             0.024ns  (arrival time - required time)
  Source:                 sfo/initial_estimator/owner/fft/u_xfft/U0/i_synth/xfft_inst/non_floating_point.arch_d.xfft_inst/pe_gen[4].natural_order_input.PE/hasbf2.FW_2.BF_2/mux_in_A/use_lut6_2.latency1.Q_reg[1]/C
                            (rising edge-triggered cell FDRE clocked by clk500  {rise@0.000ns fall@1.000ns period=2.000ns})
  Destination:            sfo/initial_estimator/owner/fft/u_xfft/U0/i_synth/xfft_inst/non_floating_point.arch_d.xfft_inst/pe_gen[4].natural_order_input.PE/hasbf2.FW_2.BF_2/in_commutator_A/no_sclr_lut.real_shift_ram.use_baseblock.use_hlutnm_srls.srl_loop[0].i_srl16e1/D
                            (rising edge-triggered cell SRL16E clocked by clk500  {rise@0.000ns fall@1.000ns period=2.000ns})
  Path Group:             clk500
  Path Type:              Hold (Min at Fast Process Corner)
  Requirement:            0.000ns  (clk500 rise@0.000ns - clk500 rise@0.000ns)
  Data Path Delay:        0.096ns  (logic 0.039ns (40.625%)  route 0.057ns (59.375%))
  Logic Levels:           0  
  Clock Path Skew:        0.026ns (DCD - SCD - CPR)
    Destination Clock Delay (DCD):    0.039ns
    Source Clock Delay      (SCD):    0.013ns
    Clock Pessimism Removal (CPR):    -0.000ns

    Location             Delay type                Incr(ns)  Path(ns)    Netlist Resource(s)
  -------------------------------------------------------------------    -------------------
                         (clock clk500 rise edge)     0.000     0.000 r  
                                                      0.000     0.000 r  clk500 (IN)
                         net (fo=27270, unset)        0.013     0.013    sfo/initial_estimator/owner/fft/u_xfft/U0/i_synth/xfft_inst/non_floating_point.arch_d.xfft_inst/pe_gen[4].natural_order_input.PE/hasbf2.FW_2.BF_2/mux_in_A/aclk
    SLICE_X76Y0          FDRE                                         r  sfo/initial_estimator/owner/fft/u_xfft/U0/i_synth/xfft_inst/non_floating_point.arch_d.xfft_inst/pe_gen[4].natural_order_input.PE/hasbf2.FW_2.BF_2/mux_in_A/use_lut6_2.latency1.Q_reg[1]/C
  -------------------------------------------------------------------    -------------------
    SLICE_X76Y0          FDRE (Prop_HFF2_SLICEM_C_Q)
                                                      0.039     0.052 r  sfo/initial_estimator/owner/fft/u_xfft/U0/i_synth/xfft_inst/non_floating_point.arch_d.xfft_inst/pe_gen[4].natural_order_input.PE/hasbf2.FW_2.BF_2/mux_in_A/use_lut6_2.latency1.Q_reg[1]/Q
                         net (fo=1, routed)           0.057     0.109    sfo/initial_estimator/owner/fft/u_xfft/U0/i_synth/xfft_inst/non_floating_point.arch_d.xfft_inst/pe_gen[4].natural_order_input.PE/hasbf2.FW_2.BF_2/in_commutator_A/D[1]
    SLICE_X76Y0          SRL16E                                       r  sfo/initial_estimator/owner/fft/u_xfft/U0/i_synth/xfft_inst/non_floating_point.arch_d.xfft_inst/pe_gen[4].natural_order_input.PE/hasbf2.FW_2.BF_2/in_commutator_A/no_sclr_lut.real_shift_ram.use_baseblock.use_hlutnm_srls.srl_loop[0].i_srl16e1/D
  -------------------------------------------------------------------    -------------------

                         (clock clk500 rise edge)     0.000     0.000 r  
                                                      0.000     0.000 r  clk500 (IN)
                         net (fo=27270, unset)        0.039     0.039    sfo/initial_estimator/owner/fft/u_xfft/U0/i_synth/xfft_inst/non_floating_point.arch_d.xfft_inst/pe_gen[4].natural_order_input.PE/hasbf2.FW_2.BF_2/in_commutator_A/aclk
    SLICE_X76Y0          SRL16E                                       r  sfo/initial_estimator/owner/fft/u_xfft/U0/i_synth/xfft_inst/non_floating_point.arch_d.xfft_inst/pe_gen[4].natural_order_input.PE/hasbf2.FW_2.BF_2/in_commutator_A/no_sclr_lut.real_shift_ram.use_baseblock.use_hlutnm_srls.srl_loop[0].i_srl16e1/CLK
                         clock pessimism              0.000     0.039    
    SLICE_X76Y0          SRL16E (Hold_A5LUT_SLICEM_CLK_D)
                                                      0.046     0.085    sfo/initial_estimator/owner/fft/u_xfft/U0/i_synth/xfft_inst/non_floating_point.arch_d.xfft_inst/pe_gen[4].natural_order_input.PE/hasbf2.FW_2.BF_2/in_commutator_A/no_sclr_lut.real_shift_ram.use_baseblock.use_hlutnm_srls.srl_loop[0].i_srl16e1
  -------------------------------------------------------------------
                         required time                         -0.085    
                         arrival time                           0.109    
  -------------------------------------------------------------------
                         slack                                  0.024    

Slack (MET) :             0.027ns  (arrival time - required time)
  Source:                 sfo/residual_estimator/aux_service/u_xfft/U0/i_synth/xfft_inst/non_floating_point.arch_d.xfft_inst/pe_gen[0].natural_order_input.PE/first_bypass_mux_nfft.use_register.din_re_mux_gen[7].reg/C
                            (rising edge-triggered cell FDRE clocked by clk500  {rise@0.000ns fall@1.000ns period=2.000ns})
  Destination:            sfo/residual_estimator/aux_service/u_xfft/U0/i_synth/xfft_inst/non_floating_point.arch_d.xfft_inst/pe_gen[0].natural_order_input.PE/FB_1.BF_1/mem_mux_and_reg_upper_re/slicel_slicem_implementation.delay_line/no_sclr_lut.real_shift_ram.use_baseblock.use_hlutnm_srls.srl_loop[3].i_srl16e1/D
                            (rising edge-triggered cell SRL16E clocked by clk500  {rise@0.000ns fall@1.000ns period=2.000ns})
  Path Group:             clk500
  Path Type:              Hold (Min at Fast Process Corner)
  Requirement:            0.000ns  (clk500 rise@0.000ns - clk500 rise@0.000ns)
  Data Path Delay:        0.099ns  (logic 0.039ns (39.394%)  route 0.060ns (60.606%))
  Logic Levels:           0  
  Clock Path Skew:        0.026ns (DCD - SCD - CPR)
    Destination Clock Delay (DCD):    0.039ns
    Source Clock Delay      (SCD):    0.013ns
    Clock Pessimism Removal (CPR):    -0.000ns

    Location             Delay type                Incr(ns)  Path(ns)    Netlist Resource(s)
  -------------------------------------------------------------------    -------------------
                         (clock clk500 rise edge)     0.000     0.000 r  
                                                      0.000     0.000 r  clk500 (IN)
                         net (fo=27270, unset)        0.013     0.013    sfo/residual_estimator/aux_service/u_xfft/U0/i_synth/xfft_inst/non_floating_point.arch_d.xfft_inst/pe_gen[0].natural_order_input.PE/aclk
    SLICE_X220Y82        FDRE                                         r  sfo/residual_estimator/aux_service/u_xfft/U0/i_synth/xfft_inst/non_floating_point.arch_d.xfft_inst/pe_gen[0].natural_order_input.PE/first_bypass_mux_nfft.use_register.din_re_mux_gen[7].reg/C
  -------------------------------------------------------------------    -------------------
    SLICE_X220Y82        FDRE (Prop_HFF2_SLICEM_C_Q)
                                                      0.039     0.052 r  sfo/residual_estimator/aux_service/u_xfft/U0/i_synth/xfft_inst/non_floating_point.arch_d.xfft_inst/pe_gen[0].natural_order_input.PE/first_bypass_mux_nfft.use_register.din_re_mux_gen[7].reg/Q
                         net (fo=2, routed)           0.060     0.112    sfo/residual_estimator/aux_service/u_xfft/U0/i_synth/xfft_inst/non_floating_point.arch_d.xfft_inst/pe_gen[0].natural_order_input.PE/FB_1.BF_1/mem_mux_and_reg_upper_re/slicel_slicem_implementation.delay_line/no_sclr_lut.real_shift_ram.use_baseblock.use_hlutnm_srls.srl_loop[7].i_srl16e1_0[7]
    SLICE_X220Y83        SRL16E                                       r  sfo/residual_estimator/aux_service/u_xfft/U0/i_synth/xfft_inst/non_floating_point.arch_d.xfft_inst/pe_gen[0].natural_order_input.PE/FB_1.BF_1/mem_mux_and_reg_upper_re/slicel_slicem_implementation.delay_line/no_sclr_lut.real_shift_ram.use_baseblock.use_hlutnm_srls.srl_loop[3].i_srl16e1/D
  -------------------------------------------------------------------    -------------------

                         (clock clk500 rise edge)     0.000     0.000 r  
                                                      0.000     0.000 r  clk500 (IN)
                         net (fo=27270, unset)        0.039     0.039    sfo/residual_estimator/aux_service/u_xfft/U0/i_synth/xfft_inst/non_floating_point.arch_d.xfft_inst/pe_gen[0].natural_order_input.PE/FB_1.BF_1/mem_mux_and_reg_upper_re/slicel_slicem_implementation.delay_line/aclk
    SLICE_X220Y83        SRL16E                                       r  sfo/residual_estimator/aux_service/u_xfft/U0/i_synth/xfft_inst/non_floating_point.arch_d.xfft_inst/pe_gen[0].natural_order_input.PE/FB_1.BF_1/mem_mux_and_reg_upper_re/slicel_slicem_implementation.delay_line/no_sclr_lut.real_shift_ram.use_baseblock.use_hlutnm_srls.srl_loop[3].i_srl16e1/CLK
                         clock pessimism              0.000     0.039    
    SLICE_X220Y83        SRL16E (Hold_A5LUT_SLICEM_CLK_D)
                                                      0.046     0.085    sfo/residual_estimator/aux_service/u_xfft/U0/i_synth/xfft_inst/non_floating_point.arch_d.xfft_inst/pe_gen[0].natural_order_input.PE/FB_1.BF_1/mem_mux_and_reg_upper_re/slicel_slicem_implementation.delay_line/no_sclr_lut.real_shift_ram.use_baseblock.use_hlutnm_srls.srl_loop[3].i_srl16e1
  -------------------------------------------------------------------
                         required time                         -0.085    
                         arrival time                           0.112    
  -------------------------------------------------------------------
                         slack                                  0.027    

Slack (MET) :             0.027ns  (arrival time - required time)
  Source:                 sfo/residual_estimator/front_stage/main/service/u_xfft/U0/i_synth/xfft_inst/non_floating_point.arch_d.xfft_inst/pe_gen[2].natural_order_input.PE/FB_1.BF_1/BTFLY0/logic_bfly_byp.add_i/adder/i_baseblox.i_baseblox_addsub/no_pipelining.the_addsub/i_lut6.i_lut6_addsub/i_q.i_simple.qreg/i_no_async_controls.output_reg[16]/C
                            (rising edge-triggered cell FDRE clocked by clk500  {rise@0.000ns fall@1.000ns period=2.000ns})
  Destination:            sfo/residual_estimator/front_stage/main/service/u_xfft/U0/i_synth/xfft_inst/non_floating_point.arch_d.xfft_inst/pe_gen[2].natural_order_input.PE/hasbf2.FB_2.BF_2/mem_mux_and_reg_upper_im/slicel_slicem_implementation.delay_line/no_sclr_lut.real_shift_ram.use_baseblock.use_hlutnm_srls.srl_loop[7].i_srl16e1/D
                            (rising edge-triggered cell SRL16E clocked by clk500  {rise@0.000ns fall@1.000ns period=2.000ns})
  Path Group:             clk500
  Path Type:              Hold (Min at Fast Process Corner)
  Requirement:            0.000ns  (clk500 rise@0.000ns - clk500 rise@0.000ns)
  Data Path Delay:        0.115ns  (logic 0.039ns (33.913%)  route 0.076ns (66.087%))
  Logic Levels:           0  
  Clock Path Skew:        0.026ns (DCD - SCD - CPR)
    Destination Clock Delay (DCD):    0.039ns
    Source Clock Delay      (SCD):    0.013ns
    Clock Pessimism Removal (CPR):    -0.000ns

    Location             Delay type                Incr(ns)  Path(ns)    Netlist Resource(s)
  -------------------------------------------------------------------    -------------------
                         (clock clk500 rise edge)     0.000     0.000 r  
                                                      0.000     0.000 r  clk500 (IN)
                         net (fo=27270, unset)        0.013     0.013    sfo/residual_estimator/front_stage/main/service/u_xfft/U0/i_synth/xfft_inst/non_floating_point.arch_d.xfft_inst/pe_gen[2].natural_order_input.PE/FB_1.BF_1/BTFLY0/logic_bfly_byp.add_i/adder/i_baseblox.i_baseblox_addsub/no_pipelining.the_addsub/i_lut6.i_lut6_addsub/i_q.i_simple.qreg/CLK
    SLICE_X185Y175       FDRE                                         r  sfo/residual_estimator/front_stage/main/service/u_xfft/U0/i_synth/xfft_inst/non_floating_point.arch_d.xfft_inst/pe_gen[2].natural_order_input.PE/FB_1.BF_1/BTFLY0/logic_bfly_byp.add_i/adder/i_baseblox.i_baseblox_addsub/no_pipelining.the_addsub/i_lut6.i_lut6_addsub/i_q.i_simple.qreg/i_no_async_controls.output_reg[16]/C
  -------------------------------------------------------------------    -------------------
    SLICE_X185Y175       FDRE (Prop_HFF_SLICEL_C_Q)
                                                      0.039     0.052 r  sfo/residual_estimator/front_stage/main/service/u_xfft/U0/i_synth/xfft_inst/non_floating_point.arch_d.xfft_inst/pe_gen[2].natural_order_input.PE/FB_1.BF_1/BTFLY0/logic_bfly_byp.add_i/adder/i_baseblox.i_baseblox_addsub/no_pipelining.the_addsub/i_lut6.i_lut6_addsub/i_q.i_simple.qreg/i_no_async_controls.output_reg[16]/Q
                         net (fo=2, routed)           0.076     0.128    sfo/residual_estimator/front_stage/main/service/u_xfft/U0/i_synth/xfft_inst/non_floating_point.arch_d.xfft_inst/pe_gen[2].natural_order_input.PE/hasbf2.FB_2.BF_2/mem_mux_and_reg_upper_im/slicel_slicem_implementation.delay_line/no_sclr_lut.real_shift_ram.use_baseblock.use_hlutnm_srls.srl_loop[8].i_srl16e0_0[15]
    SLICE_X186Y174       SRL16E                                       r  sfo/residual_estimator/front_stage/main/service/u_xfft/U0/i_synth/xfft_inst/non_floating_point.arch_d.xfft_inst/pe_gen[2].natural_order_input.PE/hasbf2.FB_2.BF_2/mem_mux_and_reg_upper_im/slicel_slicem_implementation.delay_line/no_sclr_lut.real_shift_ram.use_baseblock.use_hlutnm_srls.srl_loop[7].i_srl16e1/D
  -------------------------------------------------------------------    -------------------

                         (clock clk500 rise edge)     0.000     0.000 r  
                                                      0.000     0.000 r  clk500 (IN)
                         net (fo=27270, unset)        0.039     0.039    sfo/residual_estimator/front_stage/main/service/u_xfft/U0/i_synth/xfft_inst/non_floating_point.arch_d.xfft_inst/pe_gen[2].natural_order_input.PE/hasbf2.FB_2.BF_2/mem_mux_and_reg_upper_im/slicel_slicem_implementation.delay_line/aclk
    SLICE_X186Y174       SRL16E                                       r  sfo/residual_estimator/front_stage/main/service/u_xfft/U0/i_synth/xfft_inst/non_floating_point.arch_d.xfft_inst/pe_gen[2].natural_order_input.PE/hasbf2.FB_2.BF_2/mem_mux_and_reg_upper_im/slicel_slicem_implementation.delay_line/no_sclr_lut.real_shift_ram.use_baseblock.use_hlutnm_srls.srl_loop[7].i_srl16e1/CLK
                         clock pessimism              0.000     0.039    
    SLICE_X186Y174       SRL16E (Hold_H5LUT_SLICEM_CLK_D)
                                                      0.062     0.101    sfo/residual_estimator/front_stage/main/service/u_xfft/U0/i_synth/xfft_inst/non_floating_point.arch_d.xfft_inst/pe_gen[2].natural_order_input.PE/hasbf2.FB_2.BF_2/mem_mux_and_reg_upper_im/slicel_slicem_implementation.delay_line/no_sclr_lut.real_shift_ram.use_baseblock.use_hlutnm_srls.srl_loop[7].i_srl16e1
  -------------------------------------------------------------------
                         required time                         -0.101    
                         arrival time                           0.128    
  -------------------------------------------------------------------
                         slack                                  0.027    

Slack (MET) :             0.028ns  (arrival time - required time)
  Source:                 sfo/initial_estimator/owner/fft/u_xfft/U0/i_synth/xfft_inst/non_floating_point.arch_d.xfft_inst/pe_gen[0].natural_order_input.PE/scaling2bits.scaler_im/scale_mux/four_inputs.use_lut6.no_lut_sclr.four_to_one_mux[10].latency1.reg/C
                            (rising edge-triggered cell FDRE clocked by clk500  {rise@0.000ns fall@1.000ns period=2.000ns})
  Destination:            sfo/initial_estimator/owner/fft/u_xfft/U0/i_synth/xfft_inst/non_floating_point.arch_d.xfft_inst/pe_gen[0].natural_order_input.PE/rounding.ROUND_1/reg_gate.delay_d_2/no_sclr_lut.real_shift_ram.use_baseblock.use_hlutnm_srls.srl_loop[1].i_srl16e1/D
                            (rising edge-triggered cell SRL16E clocked by clk500  {rise@0.000ns fall@1.000ns period=2.000ns})
  Path Group:             clk500
  Path Type:              Hold (Min at Fast Process Corner)
  Requirement:            0.000ns  (clk500 rise@0.000ns - clk500 rise@0.000ns)
  Data Path Delay:        0.101ns  (logic 0.039ns (38.614%)  route 0.062ns (61.386%))
  Logic Levels:           0  
  Clock Path Skew:        0.027ns (DCD - SCD - CPR)
    Destination Clock Delay (DCD):    0.039ns
    Source Clock Delay      (SCD):    0.012ns
    Clock Pessimism Removal (CPR):    -0.000ns

    Location             Delay type                Incr(ns)  Path(ns)    Netlist Resource(s)
  -------------------------------------------------------------------    -------------------
                         (clock clk500 rise edge)     0.000     0.000 r  
                                                      0.000     0.000 r  clk500 (IN)
                         net (fo=27270, unset)        0.012     0.012    sfo/initial_estimator/owner/fft/u_xfft/U0/i_synth/xfft_inst/non_floating_point.arch_d.xfft_inst/pe_gen[0].natural_order_input.PE/scaling2bits.scaler_im/scale_mux/aclk
    SLICE_X79Y20         FDRE                                         r  sfo/initial_estimator/owner/fft/u_xfft/U0/i_synth/xfft_inst/non_floating_point.arch_d.xfft_inst/pe_gen[0].natural_order_input.PE/scaling2bits.scaler_im/scale_mux/four_inputs.use_lut6.no_lut_sclr.four_to_one_mux[10].latency1.reg/C
  -------------------------------------------------------------------    -------------------
    SLICE_X79Y20         FDRE (Prop_DFF_SLICEL_C_Q)
                                                      0.039     0.051 r  sfo/initial_estimator/owner/fft/u_xfft/U0/i_synth/xfft_inst/non_floating_point.arch_d.xfft_inst/pe_gen[0].natural_order_input.PE/scaling2bits.scaler_im/scale_mux/four_inputs.use_lut6.no_lut_sclr.four_to_one_mux[10].latency1.reg/Q
                         net (fo=2, routed)           0.062     0.113    sfo/initial_estimator/owner/fft/u_xfft/U0/i_synth/xfft_inst/non_floating_point.arch_d.xfft_inst/pe_gen[0].natural_order_input.PE/rounding.ROUND_1/reg_gate.delay_d_2/Q[2]
    SLICE_X77Y20         SRL16E                                       r  sfo/initial_estimator/owner/fft/u_xfft/U0/i_synth/xfft_inst/non_floating_point.arch_d.xfft_inst/pe_gen[0].natural_order_input.PE/rounding.ROUND_1/reg_gate.delay_d_2/no_sclr_lut.real_shift_ram.use_baseblock.use_hlutnm_srls.srl_loop[1].i_srl16e1/D
  -------------------------------------------------------------------    -------------------

                         (clock clk500 rise edge)     0.000     0.000 r  
                                                      0.000     0.000 r  clk500 (IN)
                         net (fo=27270, unset)        0.039     0.039    sfo/initial_estimator/owner/fft/u_xfft/U0/i_synth/xfft_inst/non_floating_point.arch_d.xfft_inst/pe_gen[0].natural_order_input.PE/rounding.ROUND_1/reg_gate.delay_d_2/aclk
    SLICE_X77Y20         SRL16E                                       r  sfo/initial_estimator/owner/fft/u_xfft/U0/i_synth/xfft_inst/non_floating_point.arch_d.xfft_inst/pe_gen[0].natural_order_input.PE/rounding.ROUND_1/reg_gate.delay_d_2/no_sclr_lut.real_shift_ram.use_baseblock.use_hlutnm_srls.srl_loop[1].i_srl16e1/CLK
                         clock pessimism              0.000     0.039    
    SLICE_X77Y20         SRL16E (Hold_C5LUT_SLICEM_CLK_D)
                                                      0.046     0.085    sfo/initial_estimator/owner/fft/u_xfft/U0/i_synth/xfft_inst/non_floating_point.arch_d.xfft_inst/pe_gen[0].natural_order_input.PE/rounding.ROUND_1/reg_gate.delay_d_2/no_sclr_lut.real_shift_ram.use_baseblock.use_hlutnm_srls.srl_loop[1].i_srl16e1
  -------------------------------------------------------------------
                         required time                         -0.085    
                         arrival time                           0.113    
  -------------------------------------------------------------------
                         slack                                  0.028    

Slack (MET) :             0.028ns  (arrival time - required time)
  Source:                 sfo/initial_estimator/owner/fft/u_xfft/U0/i_synth/xfft_inst/non_floating_point.arch_d.xfft_inst/pe_gen[0].natural_order_input.PE/scaling2bits.scaler_im/scale_mux/four_inputs.use_lut6.no_lut_sclr.four_to_one_mux[22].latency1.reg/C
                            (rising edge-triggered cell FDRE clocked by clk500  {rise@0.000ns fall@1.000ns period=2.000ns})
  Destination:            sfo/initial_estimator/owner/fft/u_xfft/U0/i_synth/xfft_inst/non_floating_point.arch_d.xfft_inst/pe_gen[0].natural_order_input.PE/rounding.ROUND_1/reg_gate.delay_d_2/no_sclr_lut.real_shift_ram.use_baseblock.use_hlutnm_srls.srl_loop[7].i_srl16e1/D
                            (rising edge-triggered cell SRL16E clocked by clk500  {rise@0.000ns fall@1.000ns period=2.000ns})
  Path Group:             clk500
  Path Type:              Hold (Min at Fast Process Corner)
  Requirement:            0.000ns  (clk500 rise@0.000ns - clk500 rise@0.000ns)
  Data Path Delay:        0.116ns  (logic 0.038ns (32.759%)  route 0.078ns (67.241%))
  Logic Levels:           0  
  Clock Path Skew:        0.026ns (DCD - SCD - CPR)
    Destination Clock Delay (DCD):    0.039ns
    Source Clock Delay      (SCD):    0.013ns
    Clock Pessimism Removal (CPR):    -0.000ns

    Location             Delay type                Incr(ns)  Path(ns)    Netlist Resource(s)
  -------------------------------------------------------------------    -------------------
                         (clock clk500 rise edge)     0.000     0.000 r  
                                                      0.000     0.000 r  clk500 (IN)
                         net (fo=27270, unset)        0.013     0.013    sfo/initial_estimator/owner/fft/u_xfft/U0/i_synth/xfft_inst/non_floating_point.arch_d.xfft_inst/pe_gen[0].natural_order_input.PE/scaling2bits.scaler_im/scale_mux/aclk
    SLICE_X77Y22         FDRE                                         r  sfo/initial_estimator/owner/fft/u_xfft/U0/i_synth/xfft_inst/non_floating_point.arch_d.xfft_inst/pe_gen[0].natural_order_input.PE/scaling2bits.scaler_im/scale_mux/four_inputs.use_lut6.no_lut_sclr.four_to_one_mux[22].latency1.reg/C
  -------------------------------------------------------------------    -------------------
    SLICE_X77Y22         FDRE (Prop_BFF_SLICEM_C_Q)
                                                      0.038     0.051 r  sfo/initial_estimator/owner/fft/u_xfft/U0/i_synth/xfft_inst/non_floating_point.arch_d.xfft_inst/pe_gen[0].natural_order_input.PE/scaling2bits.scaler_im/scale_mux/four_inputs.use_lut6.no_lut_sclr.four_to_one_mux[22].latency1.reg/Q
                         net (fo=2, routed)           0.078     0.129    sfo/initial_estimator/owner/fft/u_xfft/U0/i_synth/xfft_inst/non_floating_point.arch_d.xfft_inst/pe_gen[0].natural_order_input.PE/rounding.ROUND_1/reg_gate.delay_d_2/Q[14]
    SLICE_X77Y20         SRL16E                                       r  sfo/initial_estimator/owner/fft/u_xfft/U0/i_synth/xfft_inst/non_floating_point.arch_d.xfft_inst/pe_gen[0].natural_order_input.PE/rounding.ROUND_1/reg_gate.delay_d_2/no_sclr_lut.real_shift_ram.use_baseblock.use_hlutnm_srls.srl_loop[7].i_srl16e1/D
  -------------------------------------------------------------------    -------------------

                         (clock clk500 rise edge)     0.000     0.000 r  
                                                      0.000     0.000 r  clk500 (IN)
                         net (fo=27270, unset)        0.039     0.039    sfo/initial_estimator/owner/fft/u_xfft/U0/i_synth/xfft_inst/non_floating_point.arch_d.xfft_inst/pe_gen[0].natural_order_input.PE/rounding.ROUND_1/reg_gate.delay_d_2/aclk
    SLICE_X77Y20         SRL16E                                       r  sfo/initial_estimator/owner/fft/u_xfft/U0/i_synth/xfft_inst/non_floating_point.arch_d.xfft_inst/pe_gen[0].natural_order_input.PE/rounding.ROUND_1/reg_gate.delay_d_2/no_sclr_lut.real_shift_ram.use_baseblock.use_hlutnm_srls.srl_loop[7].i_srl16e1/CLK
                         clock pessimism              0.000     0.039    
    SLICE_X77Y20         SRL16E (Hold_H5LUT_SLICEM_CLK_D)
                                                      0.062     0.101    sfo/initial_estimator/owner/fft/u_xfft/U0/i_synth/xfft_inst/non_floating_point.arch_d.xfft_inst/pe_gen[0].natural_order_input.PE/rounding.ROUND_1/reg_gate.delay_d_2/no_sclr_lut.real_shift_ram.use_baseblock.use_hlutnm_srls.srl_loop[7].i_srl16e1
  -------------------------------------------------------------------
                         required time                         -0.101    
                         arrival time                           0.129    
  -------------------------------------------------------------------
                         slack                                  0.028    

Slack (MET) :             0.029ns  (arrival time - required time)
  Source:                 sfo/residual_estimator/aux_service/u_xfft/U0/i_synth/xfft_inst/non_floating_point.arch_d.xfft_inst/pe_gen[5].natural_order_input.PE/scaling2bits.scaler_re/scale_mux/four_inputs.use_lut6.no_lut_sclr.four_to_one_mux[14].latency1.reg/C
                            (rising edge-triggered cell FDRE clocked by clk500  {rise@0.000ns fall@1.000ns period=2.000ns})
  Destination:            sfo/residual_estimator/aux_service/u_xfft/U0/i_synth/xfft_inst/non_floating_point.arch_d.xfft_inst/pe_gen[5].natural_order_input.PE/rounding.ROUND_0/reg_gate.delay_d_2/no_sclr_lut.real_shift_ram.use_baseblock.use_hlutnm_srls.srl_loop[3].i_srl16e1/D
                            (rising edge-triggered cell SRL16E clocked by clk500  {rise@0.000ns fall@1.000ns period=2.000ns})
  Path Group:             clk500
  Path Type:              Hold (Min at Fast Process Corner)
  Requirement:            0.000ns  (clk500 rise@0.000ns - clk500 rise@0.000ns)
  Data Path Delay:        0.094ns  (logic 0.037ns (39.362%)  route 0.057ns (60.638%))
  Logic Levels:           0  
  Clock Path Skew:        0.026ns (DCD - SCD - CPR)
    Destination Clock Delay (DCD):    0.039ns
    Source Clock Delay      (SCD):    0.013ns
    Clock Pessimism Removal (CPR):    -0.000ns

    Location             Delay type                Incr(ns)  Path(ns)    Netlist Resource(s)
  -------------------------------------------------------------------    -------------------
                         (clock clk500 rise edge)     0.000     0.000 r  
                                                      0.000     0.000 r  clk500 (IN)
                         net (fo=27270, unset)        0.013     0.013    sfo/residual_estimator/aux_service/u_xfft/U0/i_synth/xfft_inst/non_floating_point.arch_d.xfft_inst/pe_gen[5].natural_order_input.PE/scaling2bits.scaler_re/scale_mux/aclk
    SLICE_X205Y7         FDRE                                         r  sfo/residual_estimator/aux_service/u_xfft/U0/i_synth/xfft_inst/non_floating_point.arch_d.xfft_inst/pe_gen[5].natural_order_input.PE/scaling2bits.scaler_re/scale_mux/four_inputs.use_lut6.no_lut_sclr.four_to_one_mux[14].latency1.reg/C
  -------------------------------------------------------------------    -------------------
    SLICE_X205Y7         FDRE (Prop_FFF_SLICEM_C_Q)
                                                      0.037     0.050 r  sfo/residual_estimator/aux_service/u_xfft/U0/i_synth/xfft_inst/non_floating_point.arch_d.xfft_inst/pe_gen[5].natural_order_input.PE/scaling2bits.scaler_re/scale_mux/four_inputs.use_lut6.no_lut_sclr.four_to_one_mux[14].latency1.reg/Q
                         net (fo=2, routed)           0.057     0.107    sfo/residual_estimator/aux_service/u_xfft/U0/i_synth/xfft_inst/non_floating_point.arch_d.xfft_inst/pe_gen[5].natural_order_input.PE/rounding.ROUND_0/reg_gate.delay_d_2/Q[6]
    SLICE_X205Y8         SRL16E                                       r  sfo/residual_estimator/aux_service/u_xfft/U0/i_synth/xfft_inst/non_floating_point.arch_d.xfft_inst/pe_gen[5].natural_order_input.PE/rounding.ROUND_0/reg_gate.delay_d_2/no_sclr_lut.real_shift_ram.use_baseblock.use_hlutnm_srls.srl_loop[3].i_srl16e1/D
  -------------------------------------------------------------------    -------------------

                         (clock clk500 rise edge)     0.000     0.000 r  
                                                      0.000     0.000 r  clk500 (IN)
                         net (fo=27270, unset)        0.039     0.039    sfo/residual_estimator/aux_service/u_xfft/U0/i_synth/xfft_inst/non_floating_point.arch_d.xfft_inst/pe_gen[5].natural_order_input.PE/rounding.ROUND_0/reg_gate.delay_d_2/aclk
    SLICE_X205Y8         SRL16E                                       r  sfo/residual_estimator/aux_service/u_xfft/U0/i_synth/xfft_inst/non_floating_point.arch_d.xfft_inst/pe_gen[5].natural_order_input.PE/rounding.ROUND_0/reg_gate.delay_d_2/no_sclr_lut.real_shift_ram.use_baseblock.use_hlutnm_srls.srl_loop[3].i_srl16e1/CLK
                         clock pessimism              0.000     0.039    
    SLICE_X205Y8         SRL16E (Hold_G5LUT_SLICEM_CLK_D)
                                                      0.039     0.078    sfo/residual_estimator/aux_service/u_xfft/U0/i_synth/xfft_inst/non_floating_point.arch_d.xfft_inst/pe_gen[5].natural_order_input.PE/rounding.ROUND_0/reg_gate.delay_d_2/no_sclr_lut.real_shift_ram.use_baseblock.use_hlutnm_srls.srl_loop[3].i_srl16e1
  -------------------------------------------------------------------
                         required time                         -0.078    
                         arrival time                           0.107    
  -------------------------------------------------------------------
                         slack                                  0.029    

Slack (MET) :             0.030ns  (arrival time - required time)
  Source:                 sfo/residual_estimator/front_stage/main/service/u_xfft/U0/i_synth/xfft_inst/non_floating_point.arch_d.xfft_inst/pe_gen[1].natural_order_input.PE/rounding.ROUND_1/gated_incr_regs[3].ff/C
                            (rising edge-triggered cell FDRE clocked by clk500  {rise@0.000ns fall@1.000ns period=2.000ns})
  Destination:            sfo/residual_estimator/front_stage/main/service/u_xfft/U0/i_synth/xfft_inst/non_floating_point.arch_d.xfft_inst/pe_gen[2].natural_order_input.PE/FB_1.BF_1/mem_mux_and_reg_upper_im/slicel_slicem_implementation.delay_line/no_sclr_lut.real_shift_ram.use_baseblock.use_hlutnm_srls.srl_loop[1].i_srl16e1/D
                            (rising edge-triggered cell SRL16E clocked by clk500  {rise@0.000ns fall@1.000ns period=2.000ns})
  Path Group:             clk500
  Path Type:              Hold (Min at Fast Process Corner)
  Requirement:            0.000ns  (clk500 rise@0.000ns - clk500 rise@0.000ns)
  Data Path Delay:        0.102ns  (logic 0.039ns (38.235%)  route 0.063ns (61.765%))
  Logic Levels:           0  
  Clock Path Skew:        0.026ns (DCD - SCD - CPR)
    Destination Clock Delay (DCD):    0.039ns
    Source Clock Delay      (SCD):    0.013ns
    Clock Pessimism Removal (CPR):    -0.000ns

    Location             Delay type                Incr(ns)  Path(ns)    Netlist Resource(s)
  -------------------------------------------------------------------    -------------------
                         (clock clk500 rise edge)     0.000     0.000 r  
                                                      0.000     0.000 r  clk500 (IN)
                         net (fo=27270, unset)        0.013     0.013    sfo/residual_estimator/front_stage/main/service/u_xfft/U0/i_synth/xfft_inst/non_floating_point.arch_d.xfft_inst/pe_gen[1].natural_order_input.PE/rounding.ROUND_1/aclk
    SLICE_X182Y173       FDRE                                         r  sfo/residual_estimator/front_stage/main/service/u_xfft/U0/i_synth/xfft_inst/non_floating_point.arch_d.xfft_inst/pe_gen[1].natural_order_input.PE/rounding.ROUND_1/gated_incr_regs[3].ff/C
  -------------------------------------------------------------------    -------------------
    SLICE_X182Y173       FDRE (Prop_DFF_SLICEM_C_Q)
                                                      0.039     0.052 r  sfo/residual_estimator/front_stage/main/service/u_xfft/U0/i_synth/xfft_inst/non_floating_point.arch_d.xfft_inst/pe_gen[1].natural_order_input.PE/rounding.ROUND_1/gated_incr_regs[3].ff/Q
                         net (fo=2, routed)           0.063     0.115    sfo/residual_estimator/front_stage/main/service/u_xfft/U0/i_synth/xfft_inst/non_floating_point.arch_d.xfft_inst/pe_gen[2].natural_order_input.PE/FB_1.BF_1/mem_mux_and_reg_upper_im/slicel_slicem_implementation.delay_line/no_sclr_lut.real_shift_ram.use_baseblock.use_hlutnm_srls.runt_srl_loop.i_srl16e_0[3]
    SLICE_X182Y171       SRL16E                                       r  sfo/residual_estimator/front_stage/main/service/u_xfft/U0/i_synth/xfft_inst/non_floating_point.arch_d.xfft_inst/pe_gen[2].natural_order_input.PE/FB_1.BF_1/mem_mux_and_reg_upper_im/slicel_slicem_implementation.delay_line/no_sclr_lut.real_shift_ram.use_baseblock.use_hlutnm_srls.srl_loop[1].i_srl16e1/D
  -------------------------------------------------------------------    -------------------

                         (clock clk500 rise edge)     0.000     0.000 r  
                                                      0.000     0.000 r  clk500 (IN)
                         net (fo=27270, unset)        0.039     0.039    sfo/residual_estimator/front_stage/main/service/u_xfft/U0/i_synth/xfft_inst/non_floating_point.arch_d.xfft_inst/pe_gen[2].natural_order_input.PE/FB_1.BF_1/mem_mux_and_reg_upper_im/slicel_slicem_implementation.delay_line/aclk
    SLICE_X182Y171       SRL16E                                       r  sfo/residual_estimator/front_stage/main/service/u_xfft/U0/i_synth/xfft_inst/non_floating_point.arch_d.xfft_inst/pe_gen[2].natural_order_input.PE/FB_1.BF_1/mem_mux_and_reg_upper_im/slicel_slicem_implementation.delay_line/no_sclr_lut.real_shift_ram.use_baseblock.use_hlutnm_srls.srl_loop[1].i_srl16e1/CLK
                         clock pessimism              0.000     0.039    
    SLICE_X182Y171       SRL16E (Hold_D5LUT_SLICEM_CLK_D)
                                                      0.046     0.085    sfo/residual_estimator/front_stage/main/service/u_xfft/U0/i_synth/xfft_inst/non_floating_point.arch_d.xfft_inst/pe_gen[2].natural_order_input.PE/FB_1.BF_1/mem_mux_and_reg_upper_im/slicel_slicem_implementation.delay_line/no_sclr_lut.real_shift_ram.use_baseblock.use_hlutnm_srls.srl_loop[1].i_srl16e1
  -------------------------------------------------------------------
                         required time                         -0.085    
                         arrival time                           0.115    
  -------------------------------------------------------------------
                         slack                                  0.030    

Slack (MET) :             0.032ns  (arrival time - required time)
  Source:                 sfo/initial_estimator/owner/fft/u_xfft/U0/i_synth/xfft_inst/non_floating_point.arch_d.xfft_inst/pe_gen[2].natural_order_input.PE/FB_1.BF_1/mem_mux_and_reg_upper_im/slicel_slicem_implementation.mux/use_lut6_2.latency1.Q_reg[16]/C
                            (rising edge-triggered cell FDRE clocked by clk500  {rise@0.000ns fall@1.000ns period=2.000ns})
  Destination:            sfo/initial_estimator/owner/fft/u_xfft/U0/i_synth/xfft_inst/non_floating_point.arch_d.xfft_inst/pe_gen[2].natural_order_input.PE/FB_1.BF_1/MEM/dist_ram.srlram.ram/fixed_length.shift_ram/i_bb_inst/f1.only_clb.srl_sig_reg[31][16]_srl32/D
                            (rising edge-triggered cell SRLC32E clocked by clk500  {rise@0.000ns fall@1.000ns period=2.000ns})
  Path Group:             clk500
  Path Type:              Hold (Min at Fast Process Corner)
  Requirement:            0.000ns  (clk500 rise@0.000ns - clk500 rise@0.000ns)
  Data Path Delay:        0.120ns  (logic 0.038ns (31.667%)  route 0.082ns (68.333%))
  Logic Levels:           0  
  Clock Path Skew:        0.026ns (DCD - SCD - CPR)
    Destination Clock Delay (DCD):    0.039ns
    Source Clock Delay      (SCD):    0.013ns
    Clock Pessimism Removal (CPR):    -0.000ns

    Location             Delay type                Incr(ns)  Path(ns)    Netlist Resource(s)
  -------------------------------------------------------------------    -------------------
                         (clock clk500 rise edge)     0.000     0.000 r  
                                                      0.000     0.000 r  clk500 (IN)
                         net (fo=27270, unset)        0.013     0.013    sfo/initial_estimator/owner/fft/u_xfft/U0/i_synth/xfft_inst/non_floating_point.arch_d.xfft_inst/pe_gen[2].natural_order_input.PE/FB_1.BF_1/mem_mux_and_reg_upper_im/slicel_slicem_implementation.mux/aclk
    SLICE_X74Y26         FDRE                                         r  sfo/initial_estimator/owner/fft/u_xfft/U0/i_synth/xfft_inst/non_floating_point.arch_d.xfft_inst/pe_gen[2].natural_order_input.PE/FB_1.BF_1/mem_mux_and_reg_upper_im/slicel_slicem_implementation.mux/use_lut6_2.latency1.Q_reg[16]/C
  -------------------------------------------------------------------    -------------------
    SLICE_X74Y26         FDRE (Prop_CFF_SLICEM_C_Q)
                                                      0.038     0.051 r  sfo/initial_estimator/owner/fft/u_xfft/U0/i_synth/xfft_inst/non_floating_point.arch_d.xfft_inst/pe_gen[2].natural_order_input.PE/FB_1.BF_1/mem_mux_and_reg_upper_im/slicel_slicem_implementation.mux/use_lut6_2.latency1.Q_reg[16]/Q
                         net (fo=1, routed)           0.082     0.133    sfo/initial_estimator/owner/fft/u_xfft/U0/i_synth/xfft_inst/non_floating_point.arch_d.xfft_inst/pe_gen[2].natural_order_input.PE/FB_1.BF_1/MEM/dist_ram.srlram.ram/fixed_length.shift_ram/i_bb_inst/d[16]
    SLICE_X74Y27         SRLC32E                                      r  sfo/initial_estimator/owner/fft/u_xfft/U0/i_synth/xfft_inst/non_floating_point.arch_d.xfft_inst/pe_gen[2].natural_order_input.PE/FB_1.BF_1/MEM/dist_ram.srlram.ram/fixed_length.shift_ram/i_bb_inst/f1.only_clb.srl_sig_reg[31][16]_srl32/D
  -------------------------------------------------------------------    -------------------

                         (clock clk500 rise edge)     0.000     0.000 r  
                                                      0.000     0.000 r  clk500 (IN)
                         net (fo=27270, unset)        0.039     0.039    sfo/initial_estimator/owner/fft/u_xfft/U0/i_synth/xfft_inst/non_floating_point.arch_d.xfft_inst/pe_gen[2].natural_order_input.PE/FB_1.BF_1/MEM/dist_ram.srlram.ram/fixed_length.shift_ram/i_bb_inst/clk
    SLICE_X74Y27         SRLC32E                                      r  sfo/initial_estimator/owner/fft/u_xfft/U0/i_synth/xfft_inst/non_floating_point.arch_d.xfft_inst/pe_gen[2].natural_order_input.PE/FB_1.BF_1/MEM/dist_ram.srlram.ram/fixed_length.shift_ram/i_bb_inst/f1.only_clb.srl_sig_reg[31][16]_srl32/CLK
                         clock pessimism              0.000     0.039    
    SLICE_X74Y27         SRLC32E (Hold_H6LUT_SLICEM_CLK_D)
                                                      0.062     0.101    sfo/initial_estimator/owner/fft/u_xfft/U0/i_synth/xfft_inst/non_floating_point.arch_d.xfft_inst/pe_gen[2].natural_order_input.PE/FB_1.BF_1/MEM/dist_ram.srlram.ram/fixed_length.shift_ram/i_bb_inst/f1.only_clb.srl_sig_reg[31][16]_srl32
  -------------------------------------------------------------------
                         required time                         -0.101    
                         arrival time                           0.133    
  -------------------------------------------------------------------
                         slack                                  0.032    





Pulse Width Checks
--------------------------------------------------------------------------------------
Clock Name:         clk500
Waveform(ns):       { 0.000 1.000 }
Period(ns):         2.000
Sources:            { clk500 }

Check Type        Corner  Lib Pin             Reference Pin  Required(ns)  Actual(ns)  Slack(ns)  Location       Pin
Min Period        n/a     RAMB36E2/CLKARDCLK  n/a            1.569         2.000       0.431      RAMB36_X10Y14  cfo/observation_front/fft_core/bank0_reg_bram_0/CLKARDCLK
Min Period        n/a     RAMB18E2/CLKARDCLK  n/a            1.569         2.000       0.431      RAMB18_X10Y31  cfo/observation_front/fft_core/bank0_reg_bram_1/CLKARDCLK
Min Period        n/a     RAMB36E2/CLKARDCLK  n/a            1.569         2.000       0.431      RAMB36_X10Y13  cfo/observation_front/fft_core/bank1_reg_bram_0/CLKARDCLK
Min Period        n/a     RAMB18E2/CLKARDCLK  n/a            1.569         2.000       0.431      RAMB18_X10Y30  cfo/observation_front/fft_core/bank1_reg_bram_1/CLKARDCLK
Min Period        n/a     RAMB36E2/CLKARDCLK  n/a            1.355         2.000       0.645      RAMB36_X10Y4   cfo/observation_front/coefficient_page0_data_reg_0_0/CLKARDCLK
Min Period        n/a     RAMB36E2/CLKARDCLK  n/a            1.355         2.000       0.645      RAMB36_X10Y22  cfo/observation_front/coefficient_page0_data_reg_0_1/CLKARDCLK
Min Period        n/a     RAMB36E2/CLKARDCLK  n/a            1.355         2.000       0.645      RAMB36_X9Y15   cfo/observation_front/coefficient_page0_data_reg_0_2/CLKARDCLK
Min Period        n/a     RAMB36E2/CLKARDCLK  n/a            1.355         2.000       0.645      RAMB36_X9Y13   cfo/observation_front/coefficient_page1_data_reg_0_0/CLKARDCLK
Min Period        n/a     RAMB36E2/CLKARDCLK  n/a            1.355         2.000       0.645      RAMB36_X10Y5   cfo/observation_front/coefficient_page1_data_reg_0_1/CLKARDCLK
Min Period        n/a     RAMB36E2/CLKARDCLK  n/a            1.355         2.000       0.645      RAMB36_X9Y12   cfo/observation_front/coefficient_page1_data_reg_0_2/CLKARDCLK
Low Pulse Width   Slow    RAMB36E2/CLKARDCLK  n/a            0.542         1.000       0.458      RAMB36_X10Y4   cfo/observation_front/coefficient_page0_data_reg_0_0/CLKARDCLK
Low Pulse Width   Fast    RAMB36E2/CLKARDCLK  n/a            0.542         1.000       0.458      RAMB36_X10Y4   cfo/observation_front/coefficient_page0_data_reg_0_0/CLKARDCLK
Low Pulse Width   Slow    RAMB36E2/CLKARDCLK  n/a            0.542         1.000       0.458      RAMB36_X10Y22  cfo/observation_front/coefficient_page0_data_reg_0_1/CLKARDCLK
Low Pulse Width   Fast    RAMB36E2/CLKARDCLK  n/a            0.542         1.000       0.458      RAMB36_X10Y22  cfo/observation_front/coefficient_page0_data_reg_0_1/CLKARDCLK
Low Pulse Width   Slow    RAMB36E2/CLKARDCLK  n/a            0.542         1.000       0.458      RAMB36_X9Y15   cfo/observation_front/coefficient_page0_data_reg_0_2/CLKARDCLK
Low Pulse Width   Fast    RAMB36E2/CLKARDCLK  n/a            0.542         1.000       0.458      RAMB36_X9Y15   cfo/observation_front/coefficient_page0_data_reg_0_2/CLKARDCLK
Low Pulse Width   Slow    RAMB36E2/CLKARDCLK  n/a            0.542         1.000       0.458      RAMB36_X9Y13   cfo/observation_front/coefficient_page1_data_reg_0_0/CLKARDCLK
Low Pulse Width   Fast    RAMB36E2/CLKARDCLK  n/a            0.542         1.000       0.458      RAMB36_X9Y13   cfo/observation_front/coefficient_page1_data_reg_0_0/CLKARDCLK
Low Pulse Width   Slow    RAMB36E2/CLKARDCLK  n/a            0.542         1.000       0.458      RAMB36_X10Y5   cfo/observation_front/coefficient_page1_data_reg_0_1/CLKARDCLK
Low Pulse Width   Fast    RAMB36E2/CLKARDCLK  n/a            0.542         1.000       0.458      RAMB36_X10Y5   cfo/observation_front/coefficient_page1_data_reg_0_1/CLKARDCLK
High Pulse Width  Slow    RAMB36E2/CLKARDCLK  n/a            0.542         1.000       0.458      RAMB36_X10Y4   cfo/observation_front/coefficient_page0_data_reg_0_0/CLKARDCLK
High Pulse Width  Fast    RAMB36E2/CLKARDCLK  n/a            0.542         1.000       0.458      RAMB36_X10Y4   cfo/observation_front/coefficient_page0_data_reg_0_0/CLKARDCLK
High Pulse Width  Slow    RAMB36E2/CLKARDCLK  n/a            0.542         1.000       0.458      RAMB36_X10Y22  cfo/observation_front/coefficient_page0_data_reg_0_1/CLKARDCLK
High Pulse Width  Fast    RAMB36E2/CLKARDCLK  n/a            0.542         1.000       0.458      RAMB36_X10Y22  cfo/observation_front/coefficient_page0_data_reg_0_1/CLKARDCLK
High Pulse Width  Slow    RAMB36E2/CLKARDCLK  n/a            0.542         1.000       0.458      RAMB36_X9Y15   cfo/observation_front/coefficient_page0_data_reg_0_2/CLKARDCLK
High Pulse Width  Fast    RAMB36E2/CLKARDCLK  n/a            0.542         1.000       0.458      RAMB36_X9Y15   cfo/observation_front/coefficient_page0_data_reg_0_2/CLKARDCLK
High Pulse Width  Slow    RAMB36E2/CLKARDCLK  n/a            0.542         1.000       0.458      RAMB36_X9Y13   cfo/observation_front/coefficient_page1_data_reg_0_0/CLKARDCLK
High Pulse Width  Fast    RAMB36E2/CLKARDCLK  n/a            0.542         1.000       0.458      RAMB36_X9Y13   cfo/observation_front/coefficient_page1_data_reg_0_0/CLKARDCLK
High Pulse Width  Slow    RAMB36E2/CLKARDCLK  n/a            0.542         1.000       0.458      RAMB36_X10Y5   cfo/observation_front/coefficient_page1_data_reg_0_1/CLKARDCLK
High Pulse Width  Fast    RAMB36E2/CLKARDCLK  n/a            0.542         1.000       0.458      RAMB36_X10Y5   cfo/observation_front/coefficient_page1_data_reg_0_1/CLKARDCLK



---------------------------------------------------------------------------------------------------
From Clock:  clk150
  To Clock:  clk125

Setup :            0  Failing Endpoints,  Worst Slack        5.297ns,  Total Violation        0.000ns
Hold  :           NA  Failing Endpoints,  Worst Slack           NA  ,  Total Violation           NA
---------------------------------------------------------------------------------------------------


Max Delay Paths
--------------------------------------------------------------------------------------
Slack (MET) :             5.297ns  (required time - arrival time)
  Source:                 sfo/two_pass_transport/progressive_cdc.progress/record_fifo/gnuram_async_fifo.xpm_fifo_base_inst/gen_cdc_pntr.wr_pntr_cdc_inst/src_gray_ff_reg[6]/C
                            (rising edge-triggered cell FDRE clocked by clk150  {rise@0.000ns fall@3.333ns period=6.667ns})
  Destination:            sfo/two_pass_transport/progressive_cdc.progress/record_fifo/gnuram_async_fifo.xpm_fifo_base_inst/gen_cdc_pntr.wr_pntr_cdc_inst/dest_graysync_ff_reg[0][6]/D
                            (rising edge-triggered cell FDRE clocked by clk125  {rise@0.000ns fall@4.000ns period=8.000ns})
  Path Group:             clk125
  Path Type:              Setup (Max at Slow Process Corner)
  Requirement:            6.667ns  (MaxDelay Path 6.667ns)
  Data Path Delay:        1.395ns  (logic 0.076ns (5.448%)  route 1.319ns (94.552%))
  Logic Levels:           0  
  Timing Exception:       MaxDelay Path 6.667ns -datapath_only

    Location             Delay type                Incr(ns)  Path(ns)    Netlist Resource(s)
  -------------------------------------------------------------------    -------------------
    SLICE_X118Y108                                    0.000     0.000 r  sfo/two_pass_transport/progressive_cdc.progress/record_fifo/gnuram_async_fifo.xpm_fifo_base_inst/gen_cdc_pntr.wr_pntr_cdc_inst/src_gray_ff_reg[6]/C
    SLICE_X118Y108       FDRE (Prop_FFF_SLICEM_C_Q)
                                                      0.076     0.076 r  sfo/two_pass_transport/progressive_cdc.progress/record_fifo/gnuram_async_fifo.xpm_fifo_base_inst/gen_cdc_pntr.wr_pntr_cdc_inst/src_gray_ff_reg[6]/Q
                         net (fo=1, routed)           1.319     1.395    sfo/two_pass_transport/progressive_cdc.progress/record_fifo/gnuram_async_fifo.xpm_fifo_base_inst/gen_cdc_pntr.wr_pntr_cdc_inst/async_path[6]
    SLICE_X116Y108       FDRE                                         r  sfo/two_pass_transport/progressive_cdc.progress/record_fifo/gnuram_async_fifo.xpm_fifo_base_inst/gen_cdc_pntr.wr_pntr_cdc_inst/dest_graysync_ff_reg[0][6]/D
  -------------------------------------------------------------------    -------------------

                         max delay                    6.667     6.667    
    SLICE_X116Y108       FDRE (Setup_CFF2_SLICEL_C_D)
                                                      0.025     6.692    sfo/two_pass_transport/progressive_cdc.progress/record_fifo/gnuram_async_fifo.xpm_fifo_base_inst/gen_cdc_pntr.wr_pntr_cdc_inst/dest_graysync_ff_reg[0][6]
  -------------------------------------------------------------------
                         required time                          6.692    
                         arrival time                          -1.395    
  -------------------------------------------------------------------
                         slack                                  5.297    

Slack (MET) :             5.536ns  (required time - arrival time)
  Source:                 sfo/two_pass_transport/residual_request_cdc/record_fifo/gnuram_async_fifo.xpm_fifo_base_inst/gen_cdc_pntr.rd_pntr_cdc_inst/src_gray_ff_reg[4]/C
                            (rising edge-triggered cell FDRE clocked by clk150  {rise@0.000ns fall@3.333ns period=6.667ns})
  Destination:            sfo/two_pass_transport/residual_request_cdc/record_fifo/gnuram_async_fifo.xpm_fifo_base_inst/gen_cdc_pntr.rd_pntr_cdc_inst/dest_graysync_ff_reg[0][4]/D
                            (rising edge-triggered cell FDRE clocked by clk125  {rise@0.000ns fall@4.000ns period=8.000ns})
  Path Group:             clk125
  Path Type:              Setup (Max at Slow Process Corner)
  Requirement:            6.667ns  (MaxDelay Path 6.667ns)
  Data Path Delay:        1.156ns  (logic 0.079ns (6.834%)  route 1.077ns (93.166%))
  Logic Levels:           0  
  Timing Exception:       MaxDelay Path 6.667ns -datapath_only

    Location             Delay type                Incr(ns)  Path(ns)    Netlist Resource(s)
  -------------------------------------------------------------------    -------------------
    SLICE_X117Y214                                    0.000     0.000 r  sfo/two_pass_transport/residual_request_cdc/record_fifo/gnuram_async_fifo.xpm_fifo_base_inst/gen_cdc_pntr.rd_pntr_cdc_inst/src_gray_ff_reg[4]/C
    SLICE_X117Y214       FDRE (Prop_AFF_SLICEL_C_Q)
                                                      0.079     0.079 r  sfo/two_pass_transport/residual_request_cdc/record_fifo/gnuram_async_fifo.xpm_fifo_base_inst/gen_cdc_pntr.rd_pntr_cdc_inst/src_gray_ff_reg[4]/Q
                         net (fo=1, routed)           1.077     1.156    sfo/two_pass_transport/residual_request_cdc/record_fifo/gnuram_async_fifo.xpm_fifo_base_inst/gen_cdc_pntr.rd_pntr_cdc_inst/async_path[4]
    SLICE_X117Y214       FDRE                                         r  sfo/two_pass_transport/residual_request_cdc/record_fifo/gnuram_async_fifo.xpm_fifo_base_inst/gen_cdc_pntr.rd_pntr_cdc_inst/dest_graysync_ff_reg[0][4]/D
  -------------------------------------------------------------------    -------------------

                         max delay                    6.667     6.667    
    SLICE_X117Y214       FDRE (Setup_HFF2_SLICEL_C_D)
                                                      0.025     6.692    sfo/two_pass_transport/residual_request_cdc/record_fifo/gnuram_async_fifo.xpm_fifo_base_inst/gen_cdc_pntr.rd_pntr_cdc_inst/dest_graysync_ff_reg[0][4]
  -------------------------------------------------------------------
                         required time                          6.692    
                         arrival time                          -1.156    
  -------------------------------------------------------------------
                         slack                                  5.536    

Slack (MET) :             5.750ns  (required time - arrival time)
  Source:                 sfo/two_pass_transport/residual_data_cdc/record_fifo/gnuram_async_fifo.xpm_fifo_base_inst/gen_cdc_pntr.wr_pntr_cdc_inst/src_gray_ff_reg[5]/C
                            (rising edge-triggered cell FDRE clocked by clk150  {rise@0.000ns fall@3.333ns period=6.667ns})
  Destination:            sfo/two_pass_transport/residual_data_cdc/record_fifo/gnuram_async_fifo.xpm_fifo_base_inst/gen_cdc_pntr.wr_pntr_cdc_inst/dest_graysync_ff_reg[0][5]/D
                            (rising edge-triggered cell FDRE clocked by clk125  {rise@0.000ns fall@4.000ns period=8.000ns})
  Path Group:             clk125
  Path Type:              Setup (Max at Slow Process Corner)
  Requirement:            6.667ns  (MaxDelay Path 6.667ns)
  Data Path Delay:        0.942ns  (logic 0.080ns (8.493%)  route 0.862ns (91.507%))
  Logic Levels:           0  
  Timing Exception:       MaxDelay Path 6.667ns -datapath_only

    Location             Delay type                Incr(ns)  Path(ns)    Netlist Resource(s)
  -------------------------------------------------------------------    -------------------
    SLICE_X115Y138                                    0.000     0.000 r  sfo/two_pass_transport/residual_data_cdc/record_fifo/gnuram_async_fifo.xpm_fifo_base_inst/gen_cdc_pntr.wr_pntr_cdc_inst/src_gray_ff_reg[5]/C
    SLICE_X115Y138       FDRE (Prop_DFF2_SLICEM_C_Q)
                                                      0.080     0.080 r  sfo/two_pass_transport/residual_data_cdc/record_fifo/gnuram_async_fifo.xpm_fifo_base_inst/gen_cdc_pntr.wr_pntr_cdc_inst/src_gray_ff_reg[5]/Q
                         net (fo=1, routed)           0.862     0.942    sfo/two_pass_transport/residual_data_cdc/record_fifo/gnuram_async_fifo.xpm_fifo_base_inst/gen_cdc_pntr.wr_pntr_cdc_inst/async_path[5]
    SLICE_X115Y138       FDRE                                         r  sfo/two_pass_transport/residual_data_cdc/record_fifo/gnuram_async_fifo.xpm_fifo_base_inst/gen_cdc_pntr.wr_pntr_cdc_inst/dest_graysync_ff_reg[0][5]/D
  -------------------------------------------------------------------    -------------------

                         max delay                    6.667     6.667    
    SLICE_X115Y138       FDRE (Setup_GFF2_SLICEM_C_D)
                                                      0.025     6.692    sfo/two_pass_transport/residual_data_cdc/record_fifo/gnuram_async_fifo.xpm_fifo_base_inst/gen_cdc_pntr.wr_pntr_cdc_inst/dest_graysync_ff_reg[0][5]
  -------------------------------------------------------------------
                         required time                          6.692    
                         arrival time                          -0.942    
  -------------------------------------------------------------------
                         slack                                  5.750    

Slack (MET) :             5.801ns  (required time - arrival time)
  Source:                 sfo/two_pass_transport/progressive_cdc.progress/record_fifo/gnuram_async_fifo.xpm_fifo_base_inst/gen_cdc_pntr.wr_pntr_cdc_inst/src_gray_ff_reg[4]/C
                            (rising edge-triggered cell FDRE clocked by clk150  {rise@0.000ns fall@3.333ns period=6.667ns})
  Destination:            sfo/two_pass_transport/progressive_cdc.progress/record_fifo/gnuram_async_fifo.xpm_fifo_base_inst/gen_cdc_pntr.wr_pntr_cdc_inst/dest_graysync_ff_reg[0][4]/D
                            (rising edge-triggered cell FDRE clocked by clk125  {rise@0.000ns fall@4.000ns period=8.000ns})
  Path Group:             clk125
  Path Type:              Setup (Max at Slow Process Corner)
  Requirement:            6.667ns  (MaxDelay Path 6.667ns)
  Data Path Delay:        0.891ns  (logic 0.078ns (8.754%)  route 0.813ns (91.246%))
  Logic Levels:           0  
  Timing Exception:       MaxDelay Path 6.667ns -datapath_only

    Location             Delay type                Incr(ns)  Path(ns)    Netlist Resource(s)
  -------------------------------------------------------------------    -------------------
    SLICE_X118Y108                                    0.000     0.000 r  sfo/two_pass_transport/progressive_cdc.progress/record_fifo/gnuram_async_fifo.xpm_fifo_base_inst/gen_cdc_pntr.wr_pntr_cdc_inst/src_gray_ff_reg[4]/C
    SLICE_X118Y108       FDRE (Prop_GFF_SLICEM_C_Q)
                                                      0.078     0.078 r  sfo/two_pass_transport/progressive_cdc.progress/record_fifo/gnuram_async_fifo.xpm_fifo_base_inst/gen_cdc_pntr.wr_pntr_cdc_inst/src_gray_ff_reg[4]/Q
                         net (fo=1, routed)           0.813     0.891    sfo/two_pass_transport/progressive_cdc.progress/record_fifo/gnuram_async_fifo.xpm_fifo_base_inst/gen_cdc_pntr.wr_pntr_cdc_inst/async_path[4]
    SLICE_X116Y111       FDRE                                         r  sfo/two_pass_transport/progressive_cdc.progress/record_fifo/gnuram_async_fifo.xpm_fifo_base_inst/gen_cdc_pntr.wr_pntr_cdc_inst/dest_graysync_ff_reg[0][4]/D
  -------------------------------------------------------------------    -------------------

                         max delay                    6.667     6.667    
    SLICE_X116Y111       FDRE (Setup_GFF2_SLICEL_C_D)
                                                      0.025     6.692    sfo/two_pass_transport/progressive_cdc.progress/record_fifo/gnuram_async_fifo.xpm_fifo_base_inst/gen_cdc_pntr.wr_pntr_cdc_inst/dest_graysync_ff_reg[0][4]
  -------------------------------------------------------------------
                         required time                          6.692    
                         arrival time                          -0.891    
  -------------------------------------------------------------------
                         slack                                  5.801    

Slack (MET) :             5.861ns  (required time - arrival time)
  Source:                 sfo/two_pass_transport/residual_result_cdc/record_fifo/gnuram_async_fifo.xpm_fifo_base_inst/gen_cdc_pntr.rd_pntr_cdc_inst/src_gray_ff_reg[1]/C
                            (rising edge-triggered cell FDRE clocked by clk150  {rise@0.000ns fall@3.333ns period=6.667ns})
  Destination:            sfo/two_pass_transport/residual_result_cdc/record_fifo/gnuram_async_fifo.xpm_fifo_base_inst/gen_cdc_pntr.rd_pntr_cdc_inst/dest_graysync_ff_reg[0][1]/D
                            (rising edge-triggered cell FDRE clocked by clk125  {rise@0.000ns fall@4.000ns period=8.000ns})
  Path Group:             clk125
  Path Type:              Setup (Max at Slow Process Corner)
  Requirement:            6.667ns  (MaxDelay Path 6.667ns)
  Data Path Delay:        0.831ns  (logic 0.081ns (9.747%)  route 0.750ns (90.253%))
  Logic Levels:           0  
  Timing Exception:       MaxDelay Path 6.667ns -datapath_only

    Location             Delay type                Incr(ns)  Path(ns)    Netlist Resource(s)
  -------------------------------------------------------------------    -------------------
    SLICE_X117Y139                                    0.000     0.000 r  sfo/two_pass_transport/residual_result_cdc/record_fifo/gnuram_async_fifo.xpm_fifo_base_inst/gen_cdc_pntr.rd_pntr_cdc_inst/src_gray_ff_reg[1]/C
    SLICE_X117Y139       FDRE (Prop_DFF2_SLICEL_C_Q)
                                                      0.081     0.081 r  sfo/two_pass_transport/residual_result_cdc/record_fifo/gnuram_async_fifo.xpm_fifo_base_inst/gen_cdc_pntr.rd_pntr_cdc_inst/src_gray_ff_reg[1]/Q
                         net (fo=1, routed)           0.750     0.831    sfo/two_pass_transport/residual_result_cdc/record_fifo/gnuram_async_fifo.xpm_fifo_base_inst/gen_cdc_pntr.rd_pntr_cdc_inst/async_path[1]
    SLICE_X116Y137       FDRE                                         r  sfo/two_pass_transport/residual_result_cdc/record_fifo/gnuram_async_fifo.xpm_fifo_base_inst/gen_cdc_pntr.rd_pntr_cdc_inst/dest_graysync_ff_reg[0][1]/D
  -------------------------------------------------------------------    -------------------

                         max delay                    6.667     6.667    
    SLICE_X116Y137       FDRE (Setup_DFF2_SLICEL_C_D)
                                                      0.025     6.692    sfo/two_pass_transport/residual_result_cdc/record_fifo/gnuram_async_fifo.xpm_fifo_base_inst/gen_cdc_pntr.rd_pntr_cdc_inst/dest_graysync_ff_reg[0][1]
  -------------------------------------------------------------------
                         required time                          6.692    
                         arrival time                          -0.831    
  -------------------------------------------------------------------
                         slack                                  5.861    

Slack (MET) :             5.894ns  (required time - arrival time)
  Source:                 sfo/two_pass_transport/progressive_cdc.progress/record_fifo/gnuram_async_fifo.xpm_fifo_base_inst/gen_cdc_pntr.wr_pntr_cdc_inst/src_gray_ff_reg[0]/C
                            (rising edge-triggered cell FDRE clocked by clk150  {rise@0.000ns fall@3.333ns period=6.667ns})
  Destination:            sfo/two_pass_transport/progressive_cdc.progress/record_fifo/gnuram_async_fifo.xpm_fifo_base_inst/gen_cdc_pntr.wr_pntr_cdc_inst/dest_graysync_ff_reg[0][0]/D
                            (rising edge-triggered cell FDRE clocked by clk125  {rise@0.000ns fall@4.000ns period=8.000ns})
  Path Group:             clk125
  Path Type:              Setup (Max at Slow Process Corner)
  Requirement:            6.667ns  (MaxDelay Path 6.667ns)
  Data Path Delay:        0.798ns  (logic 0.079ns (9.900%)  route 0.719ns (90.100%))
  Logic Levels:           0  
  Timing Exception:       MaxDelay Path 6.667ns -datapath_only

    Location             Delay type                Incr(ns)  Path(ns)    Netlist Resource(s)
  -------------------------------------------------------------------    -------------------
    SLICE_X118Y108                                    0.000     0.000 r  sfo/two_pass_transport/progressive_cdc.progress/record_fifo/gnuram_async_fifo.xpm_fifo_base_inst/gen_cdc_pntr.wr_pntr_cdc_inst/src_gray_ff_reg[0]/C
    SLICE_X118Y108       FDRE (Prop_HFF_SLICEM_C_Q)
                                                      0.079     0.079 r  sfo/two_pass_transport/progressive_cdc.progress/record_fifo/gnuram_async_fifo.xpm_fifo_base_inst/gen_cdc_pntr.wr_pntr_cdc_inst/src_gray_ff_reg[0]/Q
                         net (fo=1, routed)           0.719     0.798    sfo/two_pass_transport/progressive_cdc.progress/record_fifo/gnuram_async_fifo.xpm_fifo_base_inst/gen_cdc_pntr.wr_pntr_cdc_inst/async_path[0]
    SLICE_X116Y109       FDRE                                         r  sfo/two_pass_transport/progressive_cdc.progress/record_fifo/gnuram_async_fifo.xpm_fifo_base_inst/gen_cdc_pntr.wr_pntr_cdc_inst/dest_graysync_ff_reg[0][0]/D
  -------------------------------------------------------------------    -------------------

                         max delay                    6.667     6.667    
    SLICE_X116Y109       FDRE (Setup_DFF2_SLICEL_C_D)
                                                      0.025     6.692    sfo/two_pass_transport/progressive_cdc.progress/record_fifo/gnuram_async_fifo.xpm_fifo_base_inst/gen_cdc_pntr.wr_pntr_cdc_inst/dest_graysync_ff_reg[0][0]
  -------------------------------------------------------------------
                         required time                          6.692    
                         arrival time                          -0.798    
  -------------------------------------------------------------------
                         slack                                  5.894    

Slack (MET) :             5.894ns  (required time - arrival time)
  Source:                 sfo/two_pass_transport/progressive_cdc.progress/record_fifo/gnuram_async_fifo.xpm_fifo_base_inst/gen_cdc_pntr.wr_pntr_cdc_inst/src_gray_ff_reg[2]/C
                            (rising edge-triggered cell FDRE clocked by clk150  {rise@0.000ns fall@3.333ns period=6.667ns})
  Destination:            sfo/two_pass_transport/progressive_cdc.progress/record_fifo/gnuram_async_fifo.xpm_fifo_base_inst/gen_cdc_pntr.wr_pntr_cdc_inst/dest_graysync_ff_reg[0][2]/D
                            (rising edge-triggered cell FDRE clocked by clk125  {rise@0.000ns fall@4.000ns period=8.000ns})
  Path Group:             clk125
  Path Type:              Setup (Max at Slow Process Corner)
  Requirement:            6.667ns  (MaxDelay Path 6.667ns)
  Data Path Delay:        0.798ns  (logic 0.079ns (9.900%)  route 0.719ns (90.100%))
  Logic Levels:           0  
  Timing Exception:       MaxDelay Path 6.667ns -datapath_only

    Location             Delay type                Incr(ns)  Path(ns)    Netlist Resource(s)
  -------------------------------------------------------------------    -------------------
    SLICE_X118Y111                                    0.000     0.000 r  sfo/two_pass_transport/progressive_cdc.progress/record_fifo/gnuram_async_fifo.xpm_fifo_base_inst/gen_cdc_pntr.wr_pntr_cdc_inst/src_gray_ff_reg[2]/C
    SLICE_X118Y111       FDRE (Prop_HFF_SLICEM_C_Q)
                                                      0.079     0.079 r  sfo/two_pass_transport/progressive_cdc.progress/record_fifo/gnuram_async_fifo.xpm_fifo_base_inst/gen_cdc_pntr.wr_pntr_cdc_inst/src_gray_ff_reg[2]/Q
                         net (fo=1, routed)           0.719     0.798    sfo/two_pass_transport/progressive_cdc.progress/record_fifo/gnuram_async_fifo.xpm_fifo_base_inst/gen_cdc_pntr.wr_pntr_cdc_inst/async_path[2]
    SLICE_X116Y112       FDRE                                         r  sfo/two_pass_transport/progressive_cdc.progress/record_fifo/gnuram_async_fifo.xpm_fifo_base_inst/gen_cdc_pntr.wr_pntr_cdc_inst/dest_graysync_ff_reg[0][2]/D
  -------------------------------------------------------------------    -------------------

                         max delay                    6.667     6.667    
    SLICE_X116Y112       FDRE (Setup_DFF2_SLICEL_C_D)
                                                      0.025     6.692    sfo/two_pass_transport/progressive_cdc.progress/record_fifo/gnuram_async_fifo.xpm_fifo_base_inst/gen_cdc_pntr.wr_pntr_cdc_inst/dest_graysync_ff_reg[0][2]
  -------------------------------------------------------------------
                         required time                          6.692    
                         arrival time                          -0.798    
  -------------------------------------------------------------------
                         slack                                  5.894    

Slack (MET) :             5.896ns  (required time - arrival time)
  Source:                 sfo/two_pass_transport/progressive_cdc.progress/record_fifo/gnuram_async_fifo.xpm_fifo_base_inst/gen_cdc_pntr.wr_pntr_cdc_inst/src_gray_ff_reg[3]/C
                            (rising edge-triggered cell FDRE clocked by clk150  {rise@0.000ns fall@3.333ns period=6.667ns})
  Destination:            sfo/two_pass_transport/progressive_cdc.progress/record_fifo/gnuram_async_fifo.xpm_fifo_base_inst/gen_cdc_pntr.wr_pntr_cdc_inst/dest_graysync_ff_reg[0][3]/D
                            (rising edge-triggered cell FDRE clocked by clk125  {rise@0.000ns fall@4.000ns period=8.000ns})
  Path Group:             clk125
  Path Type:              Setup (Max at Slow Process Corner)
  Requirement:            6.667ns  (MaxDelay Path 6.667ns)
  Data Path Delay:        0.796ns  (logic 0.078ns (9.799%)  route 0.718ns (90.201%))
  Logic Levels:           0  
  Timing Exception:       MaxDelay Path 6.667ns -datapath_only

    Location             Delay type                Incr(ns)  Path(ns)    Netlist Resource(s)
  -------------------------------------------------------------------    -------------------
    SLICE_X118Y111                                    0.000     0.000 r  sfo/two_pass_transport/progressive_cdc.progress/record_fifo/gnuram_async_fifo.xpm_fifo_base_inst/gen_cdc_pntr.wr_pntr_cdc_inst/src_gray_ff_reg[3]/C
    SLICE_X118Y111       FDRE (Prop_HFF2_SLICEM_C_Q)
                                                      0.078     0.078 r  sfo/two_pass_transport/progressive_cdc.progress/record_fifo/gnuram_async_fifo.xpm_fifo_base_inst/gen_cdc_pntr.wr_pntr_cdc_inst/src_gray_ff_reg[3]/Q
                         net (fo=1, routed)           0.718     0.796    sfo/two_pass_transport/progressive_cdc.progress/record_fifo/gnuram_async_fifo.xpm_fifo_base_inst/gen_cdc_pntr.wr_pntr_cdc_inst/async_path[3]
    SLICE_X116Y111       FDRE                                         r  sfo/two_pass_transport/progressive_cdc.progress/record_fifo/gnuram_async_fifo.xpm_fifo_base_inst/gen_cdc_pntr.wr_pntr_cdc_inst/dest_graysync_ff_reg[0][3]/D
  -------------------------------------------------------------------    -------------------

                         max delay                    6.667     6.667    
    SLICE_X116Y111       FDRE (Setup_HFF2_SLICEL_C_D)
                                                      0.025     6.692    sfo/two_pass_transport/progressive_cdc.progress/record_fifo/gnuram_async_fifo.xpm_fifo_base_inst/gen_cdc_pntr.wr_pntr_cdc_inst/dest_graysync_ff_reg[0][3]
  -------------------------------------------------------------------
                         required time                          6.692    
                         arrival time                          -0.796    
  -------------------------------------------------------------------
                         slack                                  5.896    

Slack (MET) :             5.909ns  (required time - arrival time)
  Source:                 sfo/two_pass_transport/residual_data_cdc/record_fifo/gnuram_async_fifo.xpm_fifo_base_inst/gen_cdc_pntr.wr_pntr_cdc_inst/src_gray_ff_reg[8]/C
                            (rising edge-triggered cell FDRE clocked by clk150  {rise@0.000ns fall@3.333ns period=6.667ns})
  Destination:            sfo/two_pass_transport/residual_data_cdc/record_fifo/gnuram_async_fifo.xpm_fifo_base_inst/gen_cdc_pntr.wr_pntr_cdc_inst/dest_graysync_ff_reg[0][8]/D
                            (rising edge-triggered cell FDRE clocked by clk125  {rise@0.000ns fall@4.000ns period=8.000ns})
  Path Group:             clk125
  Path Type:              Setup (Max at Slow Process Corner)
  Requirement:            6.667ns  (MaxDelay Path 6.667ns)
  Data Path Delay:        0.783ns  (logic 0.079ns (10.089%)  route 0.704ns (89.911%))
  Logic Levels:           0  
  Timing Exception:       MaxDelay Path 6.667ns -datapath_only

    Location             Delay type                Incr(ns)  Path(ns)    Netlist Resource(s)
  -------------------------------------------------------------------    -------------------
    SLICE_X115Y137                                    0.000     0.000 r  sfo/two_pass_transport/residual_data_cdc/record_fifo/gnuram_async_fifo.xpm_fifo_base_inst/gen_cdc_pntr.wr_pntr_cdc_inst/src_gray_ff_reg[8]/C
    SLICE_X115Y137       FDRE (Prop_HFF_SLICEM_C_Q)
                                                      0.079     0.079 r  sfo/two_pass_transport/residual_data_cdc/record_fifo/gnuram_async_fifo.xpm_fifo_base_inst/gen_cdc_pntr.wr_pntr_cdc_inst/src_gray_ff_reg[8]/Q
                         net (fo=1, routed)           0.704     0.783    sfo/two_pass_transport/residual_data_cdc/record_fifo/gnuram_async_fifo.xpm_fifo_base_inst/gen_cdc_pntr.wr_pntr_cdc_inst/async_path[8]
    SLICE_X115Y137       FDRE                                         r  sfo/two_pass_transport/residual_data_cdc/record_fifo/gnuram_async_fifo.xpm_fifo_base_inst/gen_cdc_pntr.wr_pntr_cdc_inst/dest_graysync_ff_reg[0][8]/D
  -------------------------------------------------------------------    -------------------

                         max delay                    6.667     6.667    
    SLICE_X115Y137       FDRE (Setup_DFF2_SLICEM_C_D)
                                                      0.025     6.692    sfo/two_pass_transport/residual_data_cdc/record_fifo/gnuram_async_fifo.xpm_fifo_base_inst/gen_cdc_pntr.wr_pntr_cdc_inst/dest_graysync_ff_reg[0][8]
  -------------------------------------------------------------------
                         required time                          6.692    
                         arrival time                          -0.783    
  -------------------------------------------------------------------
                         slack                                  5.909    

Slack (MET) :             5.955ns  (required time - arrival time)
  Source:                 sfo/two_pass_transport/progressive_cdc.progress/record_fifo/gnuram_async_fifo.xpm_fifo_base_inst/gen_cdc_pntr.wr_pntr_cdc_inst/src_gray_ff_reg[5]/C
                            (rising edge-triggered cell FDRE clocked by clk150  {rise@0.000ns fall@3.333ns period=6.667ns})
  Destination:            sfo/two_pass_transport/progressive_cdc.progress/record_fifo/gnuram_async_fifo.xpm_fifo_base_inst/gen_cdc_pntr.wr_pntr_cdc_inst/dest_graysync_ff_reg[0][5]/D
                            (rising edge-triggered cell FDRE clocked by clk125  {rise@0.000ns fall@4.000ns period=8.000ns})
  Path Group:             clk125
  Path Type:              Setup (Max at Slow Process Corner)
  Requirement:            6.667ns  (MaxDelay Path 6.667ns)
  Data Path Delay:        0.737ns  (logic 0.079ns (10.719%)  route 0.658ns (89.281%))
  Logic Levels:           0  
  Timing Exception:       MaxDelay Path 6.667ns -datapath_only

    Location             Delay type                Incr(ns)  Path(ns)    Netlist Resource(s)
  -------------------------------------------------------------------    -------------------
    SLICE_X118Y108                                    0.000     0.000 r  sfo/two_pass_transport/progressive_cdc.progress/record_fifo/gnuram_async_fifo.xpm_fifo_base_inst/gen_cdc_pntr.wr_pntr_cdc_inst/src_gray_ff_reg[5]/C
    SLICE_X118Y108       FDRE (Prop_GFF2_SLICEM_C_Q)
                                                      0.079     0.079 r  sfo/two_pass_transport/progressive_cdc.progress/record_fifo/gnuram_async_fifo.xpm_fifo_base_inst/gen_cdc_pntr.wr_pntr_cdc_inst/src_gray_ff_reg[5]/Q
                         net (fo=1, routed)           0.658     0.737    sfo/two_pass_transport/progressive_cdc.progress/record_fifo/gnuram_async_fifo.xpm_fifo_base_inst/gen_cdc_pntr.wr_pntr_cdc_inst/async_path[5]
    SLICE_X116Y108       FDRE                                         r  sfo/two_pass_transport/progressive_cdc.progress/record_fifo/gnuram_async_fifo.xpm_fifo_base_inst/gen_cdc_pntr.wr_pntr_cdc_inst/dest_graysync_ff_reg[0][5]/D
  -------------------------------------------------------------------    -------------------

                         max delay                    6.667     6.667    
    SLICE_X116Y108       FDRE (Setup_DFF2_SLICEL_C_D)
                                                      0.025     6.692    sfo/two_pass_transport/progressive_cdc.progress/record_fifo/gnuram_async_fifo.xpm_fifo_base_inst/gen_cdc_pntr.wr_pntr_cdc_inst/dest_graysync_ff_reg[0][5]
  -------------------------------------------------------------------
                         required time                          6.692    
                         arrival time                          -0.737    
  -------------------------------------------------------------------
                         slack                                  5.955    





---------------------------------------------------------------------------------------------------
From Clock:  clk500
  To Clock:  clk125

Setup :            0  Failing Endpoints,  Worst Slack        0.721ns,  Total Violation        0.000ns
Hold  :            0  Failing Endpoints,  Worst Slack        0.056ns,  Total Violation        0.000ns
---------------------------------------------------------------------------------------------------


Max Delay Paths
--------------------------------------------------------------------------------------
Slack (MET) :             0.721ns  (required time - arrival time)
  Source:                 sfo/residual_estimator/aux_service/xfft_protocol_error_500_reg/C
                            (rising edge-triggered cell FDRE clocked by clk500  {rise@0.000ns fall@1.000ns period=2.000ns})
  Destination:            sfo/residual_estimator/aux_service/errors_meta_reg[1]/D
                            (rising edge-triggered cell FDRE clocked by clk125  {rise@0.000ns fall@4.000ns period=8.000ns})
  Path Group:             clk125
  Path Type:              Setup (Max at Slow Process Corner)
  Requirement:            2.000ns  (clk125 rise@8.000ns - clk500 rise@6.000ns)
  Data Path Delay:        1.260ns  (logic 0.079ns (6.270%)  route 1.181ns (93.730%))
  Logic Levels:           0  
  Clock Path Skew:        -0.009ns (DCD - SCD + CPR)
    Destination Clock Delay (DCD):    0.020ns = ( 8.020 - 8.000 ) 
    Source Clock Delay      (SCD):    0.029ns = ( 6.029 - 6.000 ) 
    Clock Pessimism Removal (CPR):    0.000ns
  Clock Uncertainty:      0.035ns  ((TSJ^2 + TIJ^2)^1/2 + DJ) / 2 + PE
    Total System Jitter     (TSJ):    0.071ns
    Total Input Jitter      (TIJ):    0.000ns
    Discrete Jitter          (DJ):    0.000ns
    Phase Error              (PE):    0.000ns
  Clock Domain Crossing:  Inter clock paths are considered valid unless explicitly excluded by timing constraints such as set_clock_groups or set_false_path.

    Location             Delay type                Incr(ns)  Path(ns)    Netlist Resource(s)
  -------------------------------------------------------------------    -------------------
                         (clock clk500 rise edge)     6.000     6.000 r  
                                                      0.000     6.000 r  clk500 (IN)
                         net (fo=27270, unset)        0.029     6.029    sfo/residual_estimator/aux_service/clk_500
    SLICE_X204Y37        FDRE                                         r  sfo/residual_estimator/aux_service/xfft_protocol_error_500_reg/C
  -------------------------------------------------------------------    -------------------
    SLICE_X204Y37        FDRE (Prop_HFF_SLICEL_C_Q)
                                                      0.079     6.108 r  sfo/residual_estimator/aux_service/xfft_protocol_error_500_reg/Q
                         net (fo=2, routed)           1.181     7.289    sfo/residual_estimator/aux_service/p_1_in[1]
    SLICE_X151Y28        FDRE                                         r  sfo/residual_estimator/aux_service/errors_meta_reg[1]/D
  -------------------------------------------------------------------    -------------------

                         (clock clk125 rise edge)     8.000     8.000 r  
                                                      0.000     8.000 r  clk125 (IN)
                         net (fo=95401, unset)        0.020     8.020    sfo/residual_estimator/aux_service/clk_125
    SLICE_X151Y28        FDRE                                         r  sfo/residual_estimator/aux_service/errors_meta_reg[1]/C
                         clock pessimism              0.000     8.020    
                         clock uncertainty           -0.035     7.985    
    SLICE_X151Y28        FDRE (Setup_HFF2_SLICEL_C_D)
                                                      0.025     8.010    sfo/residual_estimator/aux_service/errors_meta_reg[1]
  -------------------------------------------------------------------
                         required time                          8.010    
                         arrival time                          -7.289    
  -------------------------------------------------------------------
                         slack                                  0.721    

Slack (MET) :             0.774ns  (required time - arrival time)
  Source:                 sfo/residual_estimator/aux_service/xfft_overflow_500_reg/C
                            (rising edge-triggered cell FDRE clocked by clk500  {rise@0.000ns fall@1.000ns period=2.000ns})
  Destination:            sfo/residual_estimator/aux_service/errors_meta_reg[0]/D
                            (rising edge-triggered cell FDRE clocked by clk125  {rise@0.000ns fall@4.000ns period=8.000ns})
  Path Group:             clk125
  Path Type:              Setup (Max at Slow Process Corner)
  Requirement:            2.000ns  (clk125 rise@8.000ns - clk500 rise@6.000ns)
  Data Path Delay:        1.209ns  (logic 0.079ns (6.534%)  route 1.130ns (93.466%))
  Logic Levels:           0  
  Clock Path Skew:        -0.007ns (DCD - SCD + CPR)
    Destination Clock Delay (DCD):    0.021ns = ( 8.021 - 8.000 ) 
    Source Clock Delay      (SCD):    0.028ns = ( 6.028 - 6.000 ) 
    Clock Pessimism Removal (CPR):    0.000ns
  Clock Uncertainty:      0.035ns  ((TSJ^2 + TIJ^2)^1/2 + DJ) / 2 + PE
    Total System Jitter     (TSJ):    0.071ns
    Total Input Jitter      (TIJ):    0.000ns
    Discrete Jitter          (DJ):    0.000ns
    Phase Error              (PE):    0.000ns
  Clock Domain Crossing:  Inter clock paths are considered valid unless explicitly excluded by timing constraints such as set_clock_groups or set_false_path.

    Location             Delay type                Incr(ns)  Path(ns)    Netlist Resource(s)
  -------------------------------------------------------------------    -------------------
                         (clock clk500 rise edge)     6.000     6.000 r  
                                                      0.000     6.000 r  clk500 (IN)
                         net (fo=27270, unset)        0.028     6.028    sfo/residual_estimator/aux_service/clk_500
    SLICE_X204Y28        FDRE                                         r  sfo/residual_estimator/aux_service/xfft_overflow_500_reg/C
  -------------------------------------------------------------------    -------------------
    SLICE_X204Y28        FDRE (Prop_CFF_SLICEL_C_Q)
                                                      0.079     6.107 r  sfo/residual_estimator/aux_service/xfft_overflow_500_reg/Q
                         net (fo=2, routed)           1.130     7.237    sfo/residual_estimator/aux_service/p_1_in[0]
    SLICE_X154Y29        FDRE                                         r  sfo/residual_estimator/aux_service/errors_meta_reg[0]/D
  -------------------------------------------------------------------    -------------------

                         (clock clk125 rise edge)     8.000     8.000 r  
                                                      0.000     8.000 r  clk125 (IN)
                         net (fo=95401, unset)        0.021     8.021    sfo/residual_estimator/aux_service/clk_125
    SLICE_X154Y29        FDRE                                         r  sfo/residual_estimator/aux_service/errors_meta_reg[0]/C
                         clock pessimism              0.000     8.021    
                         clock uncertainty           -0.035     7.986    
    SLICE_X154Y29        FDRE (Setup_DFF2_SLICEM_C_D)
                                                      0.025     8.011    sfo/residual_estimator/aux_service/errors_meta_reg[0]
  -------------------------------------------------------------------
                         required time                          8.011    
                         arrival time                          -7.237    
  -------------------------------------------------------------------
                         slack                                  0.774    

Slack (MET) :             0.955ns  (required time - arrival time)
  Source:                 sfo/residual_estimator/front_stage/main/service/u_egress_fifo/gnuram_async_fifo.xpm_fifo_base_inst/gen_cdc_pntr.wr_pntr_cdc_inst/src_gray_ff_reg[9]/C
                            (rising edge-triggered cell FDRE clocked by clk500  {rise@0.000ns fall@1.000ns period=2.000ns})
  Destination:            sfo/residual_estimator/front_stage/main/service/u_egress_fifo/gnuram_async_fifo.xpm_fifo_base_inst/gen_cdc_pntr.wr_pntr_cdc_inst/dest_graysync_ff_reg[0][9]/D
                            (rising edge-triggered cell FDRE clocked by clk125  {rise@0.000ns fall@4.000ns period=8.000ns})
  Path Group:             clk125
  Path Type:              Setup (Max at Slow Process Corner)
  Requirement:            2.000ns  (MaxDelay Path 2.000ns)
  Data Path Delay:        1.070ns  (logic 0.081ns (7.570%)  route 0.989ns (92.430%))
  Logic Levels:           0  
  Timing Exception:       MaxDelay Path 2.000ns -datapath_only

    Location             Delay type                Incr(ns)  Path(ns)    Netlist Resource(s)
  -------------------------------------------------------------------    -------------------
    SLICE_X116Y96                                     0.000     0.000 r  sfo/residual_estimator/front_stage/main/service/u_egress_fifo/gnuram_async_fifo.xpm_fifo_base_inst/gen_cdc_pntr.wr_pntr_cdc_inst/src_gray_ff_reg[9]/C
    SLICE_X116Y96        FDRE (Prop_DFF2_SLICEL_C_Q)
                                                      0.081     0.081 r  sfo/residual_estimator/front_stage/main/service/u_egress_fifo/gnuram_async_fifo.xpm_fifo_base_inst/gen_cdc_pntr.wr_pntr_cdc_inst/src_gray_ff_reg[9]/Q
                         net (fo=1, routed)           0.989     1.070    sfo/residual_estimator/front_stage/main/service/u_egress_fifo/gnuram_async_fifo.xpm_fifo_base_inst/gen_cdc_pntr.wr_pntr_cdc_inst/async_path[9]
    SLICE_X116Y96        FDRE                                         r  sfo/residual_estimator/front_stage/main/service/u_egress_fifo/gnuram_async_fifo.xpm_fifo_base_inst/gen_cdc_pntr.wr_pntr_cdc_inst/dest_graysync_ff_reg[0][9]/D
  -------------------------------------------------------------------    -------------------

                         max delay                    2.000     2.000    
    SLICE_X116Y96        FDRE (Setup_GFF2_SLICEL_C_D)
                                                      0.025     2.025    sfo/residual_estimator/front_stage/main/service/u_egress_fifo/gnuram_async_fifo.xpm_fifo_base_inst/gen_cdc_pntr.wr_pntr_cdc_inst/dest_graysync_ff_reg[0][9]
  -------------------------------------------------------------------
                         required time                          2.025    
                         arrival time                          -1.070    
  -------------------------------------------------------------------
                         slack                                  0.955    

Slack (MET) :             0.990ns  (required time - arrival time)
  Source:                 sfo/residual_estimator/front_stage/main/service/u_egress_fifo/gnuram_async_fifo.xpm_fifo_base_inst/gen_cdc_pntr.wr_pntr_cdc_inst/src_gray_ff_reg[5]/C
                            (rising edge-triggered cell FDRE clocked by clk500  {rise@0.000ns fall@1.000ns period=2.000ns})
  Destination:            sfo/residual_estimator/front_stage/main/service/u_egress_fifo/gnuram_async_fifo.xpm_fifo_base_inst/gen_cdc_pntr.wr_pntr_cdc_inst/dest_graysync_ff_reg[0][5]/D
                            (rising edge-triggered cell FDRE clocked by clk125  {rise@0.000ns fall@4.000ns period=8.000ns})
  Path Group:             clk125
  Path Type:              Setup (Max at Slow Process Corner)
  Requirement:            2.000ns  (MaxDelay Path 2.000ns)
  Data Path Delay:        1.035ns  (logic 0.079ns (7.633%)  route 0.956ns (92.367%))
  Logic Levels:           0  
  Timing Exception:       MaxDelay Path 2.000ns -datapath_only

    Location             Delay type                Incr(ns)  Path(ns)    Netlist Resource(s)
  -------------------------------------------------------------------    -------------------
    SLICE_X117Y93                                     0.000     0.000 r  sfo/residual_estimator/front_stage/main/service/u_egress_fifo/gnuram_async_fifo.xpm_fifo_base_inst/gen_cdc_pntr.wr_pntr_cdc_inst/src_gray_ff_reg[5]/C
    SLICE_X117Y93        FDRE (Prop_BFF_SLICEL_C_Q)
                                                      0.079     0.079 r  sfo/residual_estimator/front_stage/main/service/u_egress_fifo/gnuram_async_fifo.xpm_fifo_base_inst/gen_cdc_pntr.wr_pntr_cdc_inst/src_gray_ff_reg[5]/Q
                         net (fo=1, routed)           0.956     1.035    sfo/residual_estimator/front_stage/main/service/u_egress_fifo/gnuram_async_fifo.xpm_fifo_base_inst/gen_cdc_pntr.wr_pntr_cdc_inst/async_path[5]
    SLICE_X117Y93        FDRE                                         r  sfo/residual_estimator/front_stage/main/service/u_egress_fifo/gnuram_async_fifo.xpm_fifo_base_inst/gen_cdc_pntr.wr_pntr_cdc_inst/dest_graysync_ff_reg[0][5]/D
  -------------------------------------------------------------------    -------------------

                         max delay                    2.000     2.000    
    SLICE_X117Y93        FDRE (Setup_GFF2_SLICEL_C_D)
                                                      0.025     2.025    sfo/residual_estimator/front_stage/main/service/u_egress_fifo/gnuram_async_fifo.xpm_fifo_base_inst/gen_cdc_pntr.wr_pntr_cdc_inst/dest_graysync_ff_reg[0][5]
  -------------------------------------------------------------------
                         required time                          2.025    
                         arrival time                          -1.035    
  -------------------------------------------------------------------
                         slack                                  0.990    

Slack (MET) :             1.001ns  (required time - arrival time)
  Source:                 sfo/residual_estimator/front_stage/main/service/u_egress_fifo/gnuram_async_fifo.xpm_fifo_base_inst/gen_cdc_pntr.wr_pntr_cdc_inst/src_gray_ff_reg[3]/C
                            (rising edge-triggered cell FDRE clocked by clk500  {rise@0.000ns fall@1.000ns period=2.000ns})
  Destination:            sfo/residual_estimator/front_stage/main/service/u_egress_fifo/gnuram_async_fifo.xpm_fifo_base_inst/gen_cdc_pntr.wr_pntr_cdc_inst/dest_graysync_ff_reg[0][3]/D
                            (rising edge-triggered cell FDRE clocked by clk125  {rise@0.000ns fall@4.000ns period=8.000ns})
  Path Group:             clk125
  Path Type:              Setup (Max at Slow Process Corner)
  Requirement:            2.000ns  (MaxDelay Path 2.000ns)
  Data Path Delay:        1.024ns  (logic 0.079ns (7.715%)  route 0.945ns (92.285%))
  Logic Levels:           0  
  Timing Exception:       MaxDelay Path 2.000ns -datapath_only

    Location             Delay type                Incr(ns)  Path(ns)    Netlist Resource(s)
  -------------------------------------------------------------------    -------------------
    SLICE_X117Y93                                     0.000     0.000 r  sfo/residual_estimator/front_stage/main/service/u_egress_fifo/gnuram_async_fifo.xpm_fifo_base_inst/gen_cdc_pntr.wr_pntr_cdc_inst/src_gray_ff_reg[3]/C
    SLICE_X117Y93        FDRE (Prop_CFF_SLICEL_C_Q)
                                                      0.079     0.079 r  sfo/residual_estimator/front_stage/main/service/u_egress_fifo/gnuram_async_fifo.xpm_fifo_base_inst/gen_cdc_pntr.wr_pntr_cdc_inst/src_gray_ff_reg[3]/Q
                         net (fo=1, routed)           0.945     1.024    sfo/residual_estimator/front_stage/main/service/u_egress_fifo/gnuram_async_fifo.xpm_fifo_base_inst/gen_cdc_pntr.wr_pntr_cdc_inst/async_path[3]
    SLICE_X118Y95        FDRE                                         r  sfo/residual_estimator/front_stage/main/service/u_egress_fifo/gnuram_async_fifo.xpm_fifo_base_inst/gen_cdc_pntr.wr_pntr_cdc_inst/dest_graysync_ff_reg[0][3]/D
  -------------------------------------------------------------------    -------------------

                         max delay                    2.000     2.000    
    SLICE_X118Y95        FDRE (Setup_CFF2_SLICEM_C_D)
                                                      0.025     2.025    sfo/residual_estimator/front_stage/main/service/u_egress_fifo/gnuram_async_fifo.xpm_fifo_base_inst/gen_cdc_pntr.wr_pntr_cdc_inst/dest_graysync_ff_reg[0][3]
  -------------------------------------------------------------------
                         required time                          2.025    
                         arrival time                          -1.024    
  -------------------------------------------------------------------
                         slack                                  1.001    

Slack (MET) :             1.075ns  (required time - arrival time)
  Source:                 sfo/residual_estimator/aux_service/status_toggle_reg/C
                            (rising edge-triggered cell FDRE clocked by clk500  {rise@0.000ns fall@1.000ns period=2.000ns})
  Destination:            sfo/residual_estimator/aux_service/status_sync_reg[0]/D
                            (rising edge-triggered cell FDRE clocked by clk125  {rise@0.000ns fall@4.000ns period=8.000ns})
  Path Group:             clk125
  Path Type:              Setup (Max at Slow Process Corner)
  Requirement:            2.000ns  (clk125 rise@8.000ns - clk500 rise@6.000ns)
  Data Path Delay:        0.906ns  (logic 0.079ns (8.720%)  route 0.827ns (91.280%))
  Logic Levels:           0  
  Clock Path Skew:        -0.009ns (DCD - SCD + CPR)
    Destination Clock Delay (DCD):    0.021ns = ( 8.021 - 8.000 ) 
    Source Clock Delay      (SCD):    0.030ns = ( 6.030 - 6.000 ) 
    Clock Pessimism Removal (CPR):    0.000ns
  Clock Uncertainty:      0.035ns  ((TSJ^2 + TIJ^2)^1/2 + DJ) / 2 + PE
    Total System Jitter     (TSJ):    0.071ns
    Total Input Jitter      (TIJ):    0.000ns
    Discrete Jitter          (DJ):    0.000ns
    Phase Error              (PE):    0.000ns
  Clock Domain Crossing:  Inter clock paths are considered valid unless explicitly excluded by timing constraints such as set_clock_groups or set_false_path.

    Location             Delay type                Incr(ns)  Path(ns)    Netlist Resource(s)
  -------------------------------------------------------------------    -------------------
                         (clock clk500 rise edge)     6.000     6.000 r  
                                                      0.000     6.000 r  clk500 (IN)
                         net (fo=27270, unset)        0.030     6.030    sfo/residual_estimator/aux_service/clk_500
    SLICE_X149Y28        FDRE                                         r  sfo/residual_estimator/aux_service/status_toggle_reg/C
  -------------------------------------------------------------------    -------------------
    SLICE_X149Y28        FDRE (Prop_HFF_SLICEM_C_Q)
                                                      0.079     6.109 r  sfo/residual_estimator/aux_service/status_toggle_reg/Q
                         net (fo=2, routed)           0.827     6.936    sfo/residual_estimator/aux_service/status_toggle
    SLICE_X126Y34        FDRE                                         r  sfo/residual_estimator/aux_service/status_sync_reg[0]/D
  -------------------------------------------------------------------    -------------------

                         (clock clk125 rise edge)     8.000     8.000 r  
                                                      0.000     8.000 r  clk125 (IN)
                         net (fo=95401, unset)        0.021     8.021    sfo/residual_estimator/aux_service/clk_125
    SLICE_X126Y34        FDRE                                         r  sfo/residual_estimator/aux_service/status_sync_reg[0]/C
                         clock pessimism              0.000     8.021    
                         clock uncertainty           -0.035     7.986    
    SLICE_X126Y34        FDRE (Setup_DFF2_SLICEM_C_D)
                                                      0.025     8.011    sfo/residual_estimator/aux_service/status_sync_reg[0]
  -------------------------------------------------------------------
                         required time                          8.011    
                         arrival time                          -6.936    
  -------------------------------------------------------------------
                         slack                                  1.075    

Slack (MET) :             1.239ns  (required time - arrival time)
  Source:                 sfo/residual_estimator/front_stage/main/service/u_egress_fifo/gnuram_async_fifo.xpm_fifo_base_inst/gen_cdc_pntr.wr_pntr_cdc_inst/src_gray_ff_reg[10]/C
                            (rising edge-triggered cell FDRE clocked by clk500  {rise@0.000ns fall@1.000ns period=2.000ns})
  Destination:            sfo/residual_estimator/front_stage/main/service/u_egress_fifo/gnuram_async_fifo.xpm_fifo_base_inst/gen_cdc_pntr.wr_pntr_cdc_inst/dest_graysync_ff_reg[0][10]/D
                            (rising edge-triggered cell FDRE clocked by clk125  {rise@0.000ns fall@4.000ns period=8.000ns})
  Path Group:             clk125
  Path Type:              Setup (Max at Slow Process Corner)
  Requirement:            2.000ns  (MaxDelay Path 2.000ns)
  Data Path Delay:        0.786ns  (logic 0.079ns (10.051%)  route 0.707ns (89.949%))
  Logic Levels:           0  
  Timing Exception:       MaxDelay Path 2.000ns -datapath_only

    Location             Delay type                Incr(ns)  Path(ns)    Netlist Resource(s)
  -------------------------------------------------------------------    -------------------
    SLICE_X116Y96                                     0.000     0.000 r  sfo/residual_estimator/front_stage/main/service/u_egress_fifo/gnuram_async_fifo.xpm_fifo_base_inst/gen_cdc_pntr.wr_pntr_cdc_inst/src_gray_ff_reg[10]/C
    SLICE_X116Y96        FDRE (Prop_DFF_SLICEL_C_Q)
                                                      0.079     0.079 r  sfo/residual_estimator/front_stage/main/service/u_egress_fifo/gnuram_async_fifo.xpm_fifo_base_inst/gen_cdc_pntr.wr_pntr_cdc_inst/src_gray_ff_reg[10]/Q
                         net (fo=1, routed)           0.707     0.786    sfo/residual_estimator/front_stage/main/service/u_egress_fifo/gnuram_async_fifo.xpm_fifo_base_inst/gen_cdc_pntr.wr_pntr_cdc_inst/async_path[10]
    SLICE_X116Y96        FDRE                                         r  sfo/residual_estimator/front_stage/main/service/u_egress_fifo/gnuram_async_fifo.xpm_fifo_base_inst/gen_cdc_pntr.wr_pntr_cdc_inst/dest_graysync_ff_reg[0][10]/D
  -------------------------------------------------------------------    -------------------

                         max delay                    2.000     2.000    
    SLICE_X116Y96        FDRE (Setup_HFF2_SLICEL_C_D)
                                                      0.025     2.025    sfo/residual_estimator/front_stage/main/service/u_egress_fifo/gnuram_async_fifo.xpm_fifo_base_inst/gen_cdc_pntr.wr_pntr_cdc_inst/dest_graysync_ff_reg[0][10]
  -------------------------------------------------------------------
                         required time                          2.025    
                         arrival time                          -0.786    
  -------------------------------------------------------------------
                         slack                                  1.239    

Slack (MET) :             1.251ns  (required time - arrival time)
  Source:                 sfo/residual_estimator/front_stage/main/service/u_egress_fifo/gnuram_async_fifo.xpm_fifo_base_inst/gen_cdc_pntr.wr_pntr_cdc_inst/src_gray_ff_reg[6]/C
                            (rising edge-triggered cell FDRE clocked by clk500  {rise@0.000ns fall@1.000ns period=2.000ns})
  Destination:            sfo/residual_estimator/front_stage/main/service/u_egress_fifo/gnuram_async_fifo.xpm_fifo_base_inst/gen_cdc_pntr.wr_pntr_cdc_inst/dest_graysync_ff_reg[0][6]/D
                            (rising edge-triggered cell FDRE clocked by clk125  {rise@0.000ns fall@4.000ns period=8.000ns})
  Path Group:             clk125
  Path Type:              Setup (Max at Slow Process Corner)
  Requirement:            2.000ns  (MaxDelay Path 2.000ns)
  Data Path Delay:        0.774ns  (logic 0.080ns (10.336%)  route 0.694ns (89.664%))
  Logic Levels:           0  
  Timing Exception:       MaxDelay Path 2.000ns -datapath_only

    Location             Delay type                Incr(ns)  Path(ns)    Netlist Resource(s)
  -------------------------------------------------------------------    -------------------
    SLICE_X117Y93                                     0.000     0.000 r  sfo/residual_estimator/front_stage/main/service/u_egress_fifo/gnuram_async_fifo.xpm_fifo_base_inst/gen_cdc_pntr.wr_pntr_cdc_inst/src_gray_ff_reg[6]/C
    SLICE_X117Y93        FDRE (Prop_BFF2_SLICEL_C_Q)
                                                      0.080     0.080 r  sfo/residual_estimator/front_stage/main/service/u_egress_fifo/gnuram_async_fifo.xpm_fifo_base_inst/gen_cdc_pntr.wr_pntr_cdc_inst/src_gray_ff_reg[6]/Q
                         net (fo=1, routed)           0.694     0.774    sfo/residual_estimator/front_stage/main/service/u_egress_fifo/gnuram_async_fifo.xpm_fifo_base_inst/gen_cdc_pntr.wr_pntr_cdc_inst/async_path[6]
    SLICE_X116Y95        FDRE                                         r  sfo/residual_estimator/front_stage/main/service/u_egress_fifo/gnuram_async_fifo.xpm_fifo_base_inst/gen_cdc_pntr.wr_pntr_cdc_inst/dest_graysync_ff_reg[0][6]/D
  -------------------------------------------------------------------    -------------------

                         max delay                    2.000     2.000    
    SLICE_X116Y95        FDRE (Setup_DFF2_SLICEL_C_D)
                                                      0.025     2.025    sfo/residual_estimator/front_stage/main/service/u_egress_fifo/gnuram_async_fifo.xpm_fifo_base_inst/gen_cdc_pntr.wr_pntr_cdc_inst/dest_graysync_ff_reg[0][6]
  -------------------------------------------------------------------
                         required time                          2.025    
                         arrival time                          -0.774    
  -------------------------------------------------------------------
                         slack                                  1.251    

Slack (MET) :             1.331ns  (required time - arrival time)
  Source:                 sfo/residual_estimator/aux_service/u_egress_fifo/gnuram_async_fifo.xpm_fifo_base_inst/gen_cdc_pntr.wr_pntr_cdc_inst/src_gray_ff_reg[4]/C
                            (rising edge-triggered cell FDRE clocked by clk500  {rise@0.000ns fall@1.000ns period=2.000ns})
  Destination:            sfo/residual_estimator/aux_service/u_egress_fifo/gnuram_async_fifo.xpm_fifo_base_inst/gen_cdc_pntr.wr_pntr_cdc_inst/dest_graysync_ff_reg[0][4]/D
                            (rising edge-triggered cell FDRE clocked by clk125  {rise@0.000ns fall@4.000ns period=8.000ns})
  Path Group:             clk125
  Path Type:              Setup (Max at Slow Process Corner)
  Requirement:            2.000ns  (MaxDelay Path 2.000ns)
  Data Path Delay:        0.694ns  (logic 0.077ns (11.095%)  route 0.617ns (88.905%))
  Logic Levels:           0  
  Timing Exception:       MaxDelay Path 2.000ns -datapath_only

    Location             Delay type                Incr(ns)  Path(ns)    Netlist Resource(s)
  -------------------------------------------------------------------    -------------------
    SLICE_X145Y24                                     0.000     0.000 r  sfo/residual_estimator/aux_service/u_egress_fifo/gnuram_async_fifo.xpm_fifo_base_inst/gen_cdc_pntr.wr_pntr_cdc_inst/src_gray_ff_reg[4]/C
    SLICE_X145Y24        FDRE (Prop_CFF2_SLICEM_C_Q)
                                                      0.077     0.077 r  sfo/residual_estimator/aux_service/u_egress_fifo/gnuram_async_fifo.xpm_fifo_base_inst/gen_cdc_pntr.wr_pntr_cdc_inst/src_gray_ff_reg[4]/Q
                         net (fo=1, routed)           0.617     0.694    sfo/residual_estimator/aux_service/u_egress_fifo/gnuram_async_fifo.xpm_fifo_base_inst/gen_cdc_pntr.wr_pntr_cdc_inst/async_path[4]
    SLICE_X145Y24        FDRE                                         r  sfo/residual_estimator/aux_service/u_egress_fifo/gnuram_async_fifo.xpm_fifo_base_inst/gen_cdc_pntr.wr_pntr_cdc_inst/dest_graysync_ff_reg[0][4]/D
  -------------------------------------------------------------------    -------------------

                         max delay                    2.000     2.000    
    SLICE_X145Y24        FDRE (Setup_GFF2_SLICEM_C_D)
                                                      0.025     2.025    sfo/residual_estimator/aux_service/u_egress_fifo/gnuram_async_fifo.xpm_fifo_base_inst/gen_cdc_pntr.wr_pntr_cdc_inst/dest_graysync_ff_reg[0][4]
  -------------------------------------------------------------------
                         required time                          2.025    
                         arrival time                          -0.694    
  -------------------------------------------------------------------
                         slack                                  1.331    

Slack (MET) :             1.350ns  (required time - arrival time)
  Source:                 sfo/initial_estimator/owner/fft/u_egress_fifo/gnuram_async_fifo.xpm_fifo_base_inst/gen_cdc_pntr.wr_pntr_cdc_inst/src_gray_ff_reg[3]/C
                            (rising edge-triggered cell FDRE clocked by clk500  {rise@0.000ns fall@1.000ns period=2.000ns})
  Destination:            sfo/initial_estimator/owner/fft/u_egress_fifo/gnuram_async_fifo.xpm_fifo_base_inst/gen_cdc_pntr.wr_pntr_cdc_inst/dest_graysync_ff_reg[0][3]/D
                            (rising edge-triggered cell FDRE clocked by clk125  {rise@0.000ns fall@4.000ns period=8.000ns})
  Path Group:             clk125
  Path Type:              Setup (Max at Slow Process Corner)
  Requirement:            2.000ns  (MaxDelay Path 2.000ns)
  Data Path Delay:        0.675ns  (logic 0.079ns (11.704%)  route 0.596ns (88.296%))
  Logic Levels:           0  
  Timing Exception:       MaxDelay Path 2.000ns -datapath_only

    Location             Delay type                Incr(ns)  Path(ns)    Netlist Resource(s)
  -------------------------------------------------------------------    -------------------
    SLICE_X7Y22                                       0.000     0.000 r  sfo/initial_estimator/owner/fft/u_egress_fifo/gnuram_async_fifo.xpm_fifo_base_inst/gen_cdc_pntr.wr_pntr_cdc_inst/src_gray_ff_reg[3]/C
    SLICE_X7Y22          FDRE (Prop_HFF_SLICEL_C_Q)
                                                      0.079     0.079 r  sfo/initial_estimator/owner/fft/u_egress_fifo/gnuram_async_fifo.xpm_fifo_base_inst/gen_cdc_pntr.wr_pntr_cdc_inst/src_gray_ff_reg[3]/Q
                         net (fo=1, routed)           0.596     0.675    sfo/initial_estimator/owner/fft/u_egress_fifo/gnuram_async_fifo.xpm_fifo_base_inst/gen_cdc_pntr.wr_pntr_cdc_inst/async_path[3]
    SLICE_X0Y22          FDRE                                         r  sfo/initial_estimator/owner/fft/u_egress_fifo/gnuram_async_fifo.xpm_fifo_base_inst/gen_cdc_pntr.wr_pntr_cdc_inst/dest_graysync_ff_reg[0][3]/D
  -------------------------------------------------------------------    -------------------

                         max delay                    2.000     2.000    
    SLICE_X0Y22          FDRE (Setup_HFF2_SLICEL_C_D)
                                                      0.025     2.025    sfo/initial_estimator/owner/fft/u_egress_fifo/gnuram_async_fifo.xpm_fifo_base_inst/gen_cdc_pntr.wr_pntr_cdc_inst/dest_graysync_ff_reg[0][3]
  -------------------------------------------------------------------
                         required time                          2.025    
                         arrival time                          -0.675    
  -------------------------------------------------------------------
                         slack                                  1.350    





Min Delay Paths
--------------------------------------------------------------------------------------
Slack (MET) :             0.056ns  (arrival time - required time)
  Source:                 sfo/residual_estimator/front_stage/main/service/xfft_overflow_500_reg/C
                            (rising edge-triggered cell FDRE clocked by clk500  {rise@0.000ns fall@1.000ns period=2.000ns})
  Destination:            sfo/residual_estimator/front_stage/main/service/errors_meta_reg[0]/D
                            (rising edge-triggered cell FDRE clocked by clk125  {rise@0.000ns fall@4.000ns period=8.000ns})
  Path Group:             clk125
  Path Type:              Hold (Min at Fast Process Corner)
  Requirement:            0.000ns  (clk125 rise@0.000ns - clk500 rise@0.000ns)
  Data Path Delay:        0.143ns  (logic 0.038ns (26.573%)  route 0.105ns (73.427%))
  Logic Levels:           0  
  Clock Path Skew:        0.005ns (DCD - SCD - CPR)
    Destination Clock Delay (DCD):    0.018ns
    Source Clock Delay      (SCD):    0.013ns
    Clock Pessimism Removal (CPR):    -0.000ns
  Clock Uncertainty:      0.035ns  ((TSJ^2 + TIJ^2)^1/2 + DJ) / 2 + PE
    Total System Jitter     (TSJ):    0.071ns
    Total Input Jitter      (TIJ):    0.000ns
    Discrete Jitter          (DJ):    0.000ns
    Phase Error              (PE):    0.000ns
  Clock Domain Crossing:  Inter clock paths are considered valid unless explicitly excluded by timing constraints such as set_clock_groups or set_false_path.

    Location             Delay type                Incr(ns)  Path(ns)    Netlist Resource(s)
  -------------------------------------------------------------------    -------------------
                         (clock clk500 rise edge)     0.000     0.000 r  
                                                      0.000     0.000 r  clk500 (IN)
                         net (fo=27270, unset)        0.013     0.013    sfo/residual_estimator/front_stage/main/service/clk_500
    SLICE_X121Y94        FDRE                                         r  sfo/residual_estimator/front_stage/main/service/xfft_overflow_500_reg/C
  -------------------------------------------------------------------    -------------------
    SLICE_X121Y94        FDRE (Prop_CFF_SLICEM_C_Q)
                                                      0.038     0.051 r  sfo/residual_estimator/front_stage/main/service/xfft_overflow_500_reg/Q
                         net (fo=2, routed)           0.105     0.156    sfo/residual_estimator/front_stage/main/service/p_1_in[0]
    SLICE_X120Y93        FDRE                                         r  sfo/residual_estimator/front_stage/main/service/errors_meta_reg[0]/D
  -------------------------------------------------------------------    -------------------

                         (clock clk125 rise edge)     0.000     0.000 r  
                                                      0.000     0.000 r  clk125 (IN)
                         net (fo=95401, unset)        0.018     0.018    sfo/residual_estimator/front_stage/main/service/clk_125
    SLICE_X120Y93        FDRE                                         r  sfo/residual_estimator/front_stage/main/service/errors_meta_reg[0]/C
                         clock pessimism              0.000     0.018    
                         clock uncertainty            0.035     0.053    
    SLICE_X120Y93        FDRE (Hold_CFF2_SLICEL_C_D)
                                                      0.047     0.100    sfo/residual_estimator/front_stage/main/service/errors_meta_reg[0]
  -------------------------------------------------------------------
                         required time                         -0.100    
                         arrival time                           0.156    
  -------------------------------------------------------------------
                         slack                                  0.056    

Slack (MET) :             0.063ns  (arrival time - required time)
  Source:                 sfo/residual_estimator/front_stage/main/service/ingress_underflow_500_reg/C
                            (rising edge-triggered cell FDRE clocked by clk500  {rise@0.000ns fall@1.000ns period=2.000ns})
  Destination:            sfo/residual_estimator/front_stage/main/service/errors_meta_reg[2]/D
                            (rising edge-triggered cell FDRE clocked by clk125  {rise@0.000ns fall@4.000ns period=8.000ns})
  Path Group:             clk125
  Path Type:              Hold (Min at Fast Process Corner)
  Requirement:            0.000ns  (clk125 rise@0.000ns - clk500 rise@0.000ns)
  Data Path Delay:        0.151ns  (logic 0.039ns (25.828%)  route 0.112ns (74.172%))
  Logic Levels:           0  
  Clock Path Skew:        0.006ns (DCD - SCD - CPR)
    Destination Clock Delay (DCD):    0.019ns
    Source Clock Delay      (SCD):    0.013ns
    Clock Pessimism Removal (CPR):    -0.000ns
  Clock Uncertainty:      0.035ns  ((TSJ^2 + TIJ^2)^1/2 + DJ) / 2 + PE
    Total System Jitter     (TSJ):    0.071ns
    Total Input Jitter      (TIJ):    0.000ns
    Discrete Jitter          (DJ):    0.000ns
    Phase Error              (PE):    0.000ns
  Clock Domain Crossing:  Inter clock paths are considered valid unless explicitly excluded by timing constraints such as set_clock_groups or set_false_path.

    Location             Delay type                Incr(ns)  Path(ns)    Netlist Resource(s)
  -------------------------------------------------------------------    -------------------
                         (clock clk500 rise edge)     0.000     0.000 r  
                                                      0.000     0.000 r  clk500 (IN)
                         net (fo=27270, unset)        0.013     0.013    sfo/residual_estimator/front_stage/main/service/clk_500
    SLICE_X117Y88        FDRE                                         r  sfo/residual_estimator/front_stage/main/service/ingress_underflow_500_reg/C
  -------------------------------------------------------------------    -------------------
    SLICE_X117Y88        FDRE (Prop_HFF2_SLICEL_C_Q)
                                                      0.039     0.052 r  sfo/residual_estimator/front_stage/main/service/ingress_underflow_500_reg/Q
                         net (fo=2, routed)           0.112     0.164    sfo/residual_estimator/front_stage/main/service/p_1_in[2]
    SLICE_X118Y88        FDRE                                         r  sfo/residual_estimator/front_stage/main/service/errors_meta_reg[2]/D
  -------------------------------------------------------------------    -------------------

                         (clock clk125 rise edge)     0.000     0.000 r  
                                                      0.000     0.000 r  clk125 (IN)
                         net (fo=95401, unset)        0.019     0.019    sfo/residual_estimator/front_stage/main/service/clk_125
    SLICE_X118Y88        FDRE                                         r  sfo/residual_estimator/front_stage/main/service/errors_meta_reg[2]/C
                         clock pessimism              0.000     0.019    
                         clock uncertainty            0.035     0.054    
    SLICE_X118Y88        FDRE (Hold_DFF2_SLICEM_C_D)
                                                      0.047     0.101    sfo/residual_estimator/front_stage/main/service/errors_meta_reg[2]
  -------------------------------------------------------------------
                         required time                         -0.101    
                         arrival time                           0.164    
  -------------------------------------------------------------------
                         slack                                  0.063    

Slack (MET) :             0.071ns  (arrival time - required time)
  Source:                 sfo/residual_estimator/front_stage/main/service/status_toggle_reg/C
                            (rising edge-triggered cell FDRE clocked by clk500  {rise@0.000ns fall@1.000ns period=2.000ns})
  Destination:            sfo/residual_estimator/front_stage/main/service/status_sync_reg[0]/D
                            (rising edge-triggered cell FDRE clocked by clk125  {rise@0.000ns fall@4.000ns period=8.000ns})
  Path Group:             clk125
  Path Type:              Hold (Min at Fast Process Corner)
  Requirement:            0.000ns  (clk125 rise@0.000ns - clk500 rise@0.000ns)
  Data Path Delay:        0.159ns  (logic 0.039ns (24.528%)  route 0.120ns (75.472%))
  Logic Levels:           0  
  Clock Path Skew:        0.006ns (DCD - SCD - CPR)
    Destination Clock Delay (DCD):    0.019ns
    Source Clock Delay      (SCD):    0.013ns
    Clock Pessimism Removal (CPR):    -0.000ns
  Clock Uncertainty:      0.035ns  ((TSJ^2 + TIJ^2)^1/2 + DJ) / 2 + PE
    Total System Jitter     (TSJ):    0.071ns
    Total Input Jitter      (TIJ):    0.000ns
    Discrete Jitter          (DJ):    0.000ns
    Phase Error              (PE):    0.000ns
  Clock Domain Crossing:  Inter clock paths are considered valid unless explicitly excluded by timing constraints such as set_clock_groups or set_false_path.

    Location             Delay type                Incr(ns)  Path(ns)    Netlist Resource(s)
  -------------------------------------------------------------------    -------------------
                         (clock clk500 rise edge)     0.000     0.000 r  
                                                      0.000     0.000 r  clk500 (IN)
                         net (fo=27270, unset)        0.013     0.013    sfo/residual_estimator/front_stage/main/service/clk_500
    SLICE_X122Y93        FDRE                                         r  sfo/residual_estimator/front_stage/main/service/status_toggle_reg/C
  -------------------------------------------------------------------    -------------------
    SLICE_X122Y93        FDRE (Prop_HFF_SLICEM_C_Q)
                                                      0.039     0.052 r  sfo/residual_estimator/front_stage/main/service/status_toggle_reg/Q
                         net (fo=2, routed)           0.120     0.172    sfo/residual_estimator/front_stage/main/service/status_toggle
    SLICE_X122Y93        FDRE                                         r  sfo/residual_estimator/front_stage/main/service/status_sync_reg[0]/D
  -------------------------------------------------------------------    -------------------

                         (clock clk125 rise edge)     0.000     0.000 r  
                                                      0.000     0.000 r  clk125 (IN)
                         net (fo=95401, unset)        0.019     0.019    sfo/residual_estimator/front_stage/main/service/clk_125
    SLICE_X122Y93        FDRE                                         r  sfo/residual_estimator/front_stage/main/service/status_sync_reg[0]/C
                         clock pessimism              0.000     0.019    
                         clock uncertainty            0.035     0.054    
    SLICE_X122Y93        FDRE (Hold_DFF2_SLICEM_C_D)
                                                      0.047     0.101    sfo/residual_estimator/front_stage/main/service/status_sync_reg[0]
  -------------------------------------------------------------------
                         required time                         -0.101    
                         arrival time                           0.172    
  -------------------------------------------------------------------
                         slack                                  0.071    

Slack (MET) :             0.072ns  (arrival time - required time)
  Source:                 sfo/residual_estimator/front_stage/main/service/xfft_protocol_error_500_reg/C
                            (rising edge-triggered cell FDRE clocked by clk500  {rise@0.000ns fall@1.000ns period=2.000ns})
  Destination:            sfo/residual_estimator/front_stage/main/service/errors_meta_reg[1]/D
                            (rising edge-triggered cell FDRE clocked by clk125  {rise@0.000ns fall@4.000ns period=8.000ns})
  Path Group:             clk125
  Path Type:              Hold (Min at Fast Process Corner)
  Requirement:            0.000ns  (clk125 rise@0.000ns - clk500 rise@0.000ns)
  Data Path Delay:        0.160ns  (logic 0.038ns (23.750%)  route 0.122ns (76.250%))
  Logic Levels:           0  
  Clock Path Skew:        0.006ns (DCD - SCD - CPR)
    Destination Clock Delay (DCD):    0.019ns
    Source Clock Delay      (SCD):    0.013ns
    Clock Pessimism Removal (CPR):    -0.000ns
  Clock Uncertainty:      0.035ns  ((TSJ^2 + TIJ^2)^1/2 + DJ) / 2 + PE
    Total System Jitter     (TSJ):    0.071ns
    Total Input Jitter      (TIJ):    0.000ns
    Discrete Jitter          (DJ):    0.000ns
    Phase Error              (PE):    0.000ns
  Clock Domain Crossing:  Inter clock paths are considered valid unless explicitly excluded by timing constraints such as set_clock_groups or set_false_path.

    Location             Delay type                Incr(ns)  Path(ns)    Netlist Resource(s)
  -------------------------------------------------------------------    -------------------
                         (clock clk500 rise edge)     0.000     0.000 r  
                                                      0.000     0.000 r  clk500 (IN)
                         net (fo=27270, unset)        0.013     0.013    sfo/residual_estimator/front_stage/main/service/clk_500
    SLICE_X121Y94        FDRE                                         r  sfo/residual_estimator/front_stage/main/service/xfft_protocol_error_500_reg/C
  -------------------------------------------------------------------    -------------------
    SLICE_X121Y94        FDRE (Prop_BFF_SLICEM_C_Q)
                                                      0.038     0.051 r  sfo/residual_estimator/front_stage/main/service/xfft_protocol_error_500_reg/Q
                         net (fo=2, routed)           0.122     0.173    sfo/residual_estimator/front_stage/main/service/p_1_in[1]
    SLICE_X121Y93        FDRE                                         r  sfo/residual_estimator/front_stage/main/service/errors_meta_reg[1]/D
  -------------------------------------------------------------------    -------------------

                         (clock clk125 rise edge)     0.000     0.000 r  
                                                      0.000     0.000 r  clk125 (IN)
                         net (fo=95401, unset)        0.019     0.019    sfo/residual_estimator/front_stage/main/service/clk_125
    SLICE_X121Y93        FDRE                                         r  sfo/residual_estimator/front_stage/main/service/errors_meta_reg[1]/C
                         clock pessimism              0.000     0.019    
                         clock uncertainty            0.035     0.054    
    SLICE_X121Y93        FDRE (Hold_HFF2_SLICEM_C_D)
                                                      0.047     0.101    sfo/residual_estimator/front_stage/main/service/errors_meta_reg[1]
  -------------------------------------------------------------------
                         required time                         -0.101    
                         arrival time                           0.173    
  -------------------------------------------------------------------
                         slack                                  0.072    

Slack (MET) :             0.082ns  (arrival time - required time)
  Source:                 sfo/residual_estimator/front_stage/main/service/egress_overflow_500_reg/C
                            (rising edge-triggered cell FDRE clocked by clk500  {rise@0.000ns fall@1.000ns period=2.000ns})
  Destination:            sfo/residual_estimator/front_stage/main/service/errors_meta_reg[3]/D
                            (rising edge-triggered cell FDRE clocked by clk125  {rise@0.000ns fall@4.000ns period=8.000ns})
  Path Group:             clk125
  Path Type:              Hold (Min at Fast Process Corner)
  Requirement:            0.000ns  (clk125 rise@0.000ns - clk500 rise@0.000ns)
  Data Path Delay:        0.169ns  (logic 0.039ns (23.077%)  route 0.130ns (76.923%))
  Logic Levels:           0  
  Clock Path Skew:        0.005ns (DCD - SCD - CPR)
    Destination Clock Delay (DCD):    0.018ns
    Source Clock Delay      (SCD):    0.013ns
    Clock Pessimism Removal (CPR):    -0.000ns
  Clock Uncertainty:      0.035ns  ((TSJ^2 + TIJ^2)^1/2 + DJ) / 2 + PE
    Total System Jitter     (TSJ):    0.071ns
    Total Input Jitter      (TIJ):    0.000ns
    Discrete Jitter          (DJ):    0.000ns
    Phase Error              (PE):    0.000ns
  Clock Domain Crossing:  Inter clock paths are considered valid unless explicitly excluded by timing constraints such as set_clock_groups or set_false_path.

    Location             Delay type                Incr(ns)  Path(ns)    Netlist Resource(s)
  -------------------------------------------------------------------    -------------------
                         (clock clk500 rise edge)     0.000     0.000 r  
                                                      0.000     0.000 r  clk500 (IN)
                         net (fo=27270, unset)        0.013     0.013    sfo/residual_estimator/front_stage/main/service/clk_500
    SLICE_X120Y93        FDRE                                         r  sfo/residual_estimator/front_stage/main/service/egress_overflow_500_reg/C
  -------------------------------------------------------------------    -------------------
    SLICE_X120Y93        FDRE (Prop_HFF2_SLICEL_C_Q)
                                                      0.039     0.052 r  sfo/residual_estimator/front_stage/main/service/egress_overflow_500_reg/Q
                         net (fo=2, routed)           0.130     0.182    sfo/residual_estimator/front_stage/main/service/p_1_in[3]
    SLICE_X120Y93        FDRE                                         r  sfo/residual_estimator/front_stage/main/service/errors_meta_reg[3]/D
  -------------------------------------------------------------------    -------------------

                         (clock clk125 rise edge)     0.000     0.000 r  
                                                      0.000     0.000 r  clk125 (IN)
                         net (fo=95401, unset)        0.018     0.018    sfo/residual_estimator/front_stage/main/service/clk_125
    SLICE_X120Y93        FDRE                                         r  sfo/residual_estimator/front_stage/main/service/errors_meta_reg[3]/C
                         clock pessimism              0.000     0.018    
                         clock uncertainty            0.035     0.053    
    SLICE_X120Y93        FDRE (Hold_BFF2_SLICEL_C_D)
                                                      0.047     0.100    sfo/residual_estimator/front_stage/main/service/errors_meta_reg[3]
  -------------------------------------------------------------------
                         required time                         -0.100    
                         arrival time                           0.182    
  -------------------------------------------------------------------
                         slack                                  0.082    

Slack (MET) :             0.083ns  (arrival time - required time)
  Source:                 sfo/residual_estimator/aux_service/ingress_underflow_500_reg/C
                            (rising edge-triggered cell FDRE clocked by clk500  {rise@0.000ns fall@1.000ns period=2.000ns})
  Destination:            sfo/residual_estimator/aux_service/errors_meta_reg[2]/D
                            (rising edge-triggered cell FDRE clocked by clk125  {rise@0.000ns fall@4.000ns period=8.000ns})
  Path Group:             clk125
  Path Type:              Hold (Min at Fast Process Corner)
  Requirement:            0.000ns  (clk125 rise@0.000ns - clk500 rise@0.000ns)
  Data Path Delay:        0.171ns  (logic 0.039ns (22.807%)  route 0.132ns (77.193%))
  Logic Levels:           0  
  Clock Path Skew:        0.006ns (DCD - SCD - CPR)
    Destination Clock Delay (DCD):    0.019ns
    Source Clock Delay      (SCD):    0.013ns
    Clock Pessimism Removal (CPR):    -0.000ns
  Clock Uncertainty:      0.035ns  ((TSJ^2 + TIJ^2)^1/2 + DJ) / 2 + PE
    Total System Jitter     (TSJ):    0.071ns
    Total Input Jitter      (TIJ):    0.000ns
    Discrete Jitter          (DJ):    0.000ns
    Phase Error              (PE):    0.000ns
  Clock Domain Crossing:  Inter clock paths are considered valid unless explicitly excluded by timing constraints such as set_clock_groups or set_false_path.

    Location             Delay type                Incr(ns)  Path(ns)    Netlist Resource(s)
  -------------------------------------------------------------------    -------------------
                         (clock clk500 rise edge)     0.000     0.000 r  
                                                      0.000     0.000 r  clk500 (IN)
                         net (fo=27270, unset)        0.013     0.013    sfo/residual_estimator/aux_service/clk_500
    SLICE_X149Y28        FDRE                                         r  sfo/residual_estimator/aux_service/ingress_underflow_500_reg/C
  -------------------------------------------------------------------    -------------------
    SLICE_X149Y28        FDRE (Prop_HFF2_SLICEM_C_Q)
                                                      0.039     0.052 r  sfo/residual_estimator/aux_service/ingress_underflow_500_reg/Q
                         net (fo=2, routed)           0.132     0.184    sfo/residual_estimator/aux_service/p_1_in[2]
    SLICE_X148Y28        FDRE                                         r  sfo/residual_estimator/aux_service/errors_meta_reg[2]/D
  -------------------------------------------------------------------    -------------------

                         (clock clk125 rise edge)     0.000     0.000 r  
                                                      0.000     0.000 r  clk125 (IN)
                         net (fo=95401, unset)        0.019     0.019    sfo/residual_estimator/aux_service/clk_125
    SLICE_X148Y28        FDRE                                         r  sfo/residual_estimator/aux_service/errors_meta_reg[2]/C
                         clock pessimism              0.000     0.019    
                         clock uncertainty            0.035     0.054    
    SLICE_X148Y28        FDRE (Hold_HFF2_SLICEL_C_D)
                                                      0.047     0.101    sfo/residual_estimator/aux_service/errors_meta_reg[2]
  -------------------------------------------------------------------
                         required time                         -0.101    
                         arrival time                           0.184    
  -------------------------------------------------------------------
                         slack                                  0.083    

Slack (MET) :             0.184ns  (arrival time - required time)
  Source:                 sfo/residual_estimator/aux_service/egress_overflow_500_reg/C
                            (rising edge-triggered cell FDRE clocked by clk500  {rise@0.000ns fall@1.000ns period=2.000ns})
  Destination:            sfo/residual_estimator/aux_service/errors_meta_reg[3]/D
                            (rising edge-triggered cell FDRE clocked by clk125  {rise@0.000ns fall@4.000ns period=8.000ns})
  Path Group:             clk125
  Path Type:              Hold (Min at Fast Process Corner)
  Requirement:            0.000ns  (clk125 rise@0.000ns - clk500 rise@0.000ns)
  Data Path Delay:        0.272ns  (logic 0.039ns (14.338%)  route 0.233ns (85.662%))
  Logic Levels:           0  
  Clock Path Skew:        0.006ns (DCD - SCD - CPR)
    Destination Clock Delay (DCD):    0.019ns
    Source Clock Delay      (SCD):    0.013ns
    Clock Pessimism Removal (CPR):    -0.000ns
  Clock Uncertainty:      0.035ns  ((TSJ^2 + TIJ^2)^1/2 + DJ) / 2 + PE
    Total System Jitter     (TSJ):    0.071ns
    Total Input Jitter      (TIJ):    0.000ns
    Discrete Jitter          (DJ):    0.000ns
    Phase Error              (PE):    0.000ns
  Clock Domain Crossing:  Inter clock paths are considered valid unless explicitly excluded by timing constraints such as set_clock_groups or set_false_path.

    Location             Delay type                Incr(ns)  Path(ns)    Netlist Resource(s)
  -------------------------------------------------------------------    -------------------
                         (clock clk500 rise edge)     0.000     0.000 r  
                                                      0.000     0.000 r  clk500 (IN)
                         net (fo=27270, unset)        0.013     0.013    sfo/residual_estimator/aux_service/clk_500
    SLICE_X154Y29        FDRE                                         r  sfo/residual_estimator/aux_service/egress_overflow_500_reg/C
  -------------------------------------------------------------------    -------------------
    SLICE_X154Y29        FDRE (Prop_HFF2_SLICEM_C_Q)
                                                      0.039     0.052 r  sfo/residual_estimator/aux_service/egress_overflow_500_reg/Q
                         net (fo=2, routed)           0.233     0.285    sfo/residual_estimator/aux_service/p_1_in[3]
    SLICE_X142Y28        FDRE                                         r  sfo/residual_estimator/aux_service/errors_meta_reg[3]/D
  -------------------------------------------------------------------    -------------------

                         (clock clk125 rise edge)     0.000     0.000 r  
                                                      0.000     0.000 r  clk125 (IN)
                         net (fo=95401, unset)        0.019     0.019    sfo/residual_estimator/aux_service/clk_125
    SLICE_X142Y28        FDRE                                         r  sfo/residual_estimator/aux_service/errors_meta_reg[3]/C
                         clock pessimism              0.000     0.019    
                         clock uncertainty            0.035     0.054    
    SLICE_X142Y28        FDRE (Hold_DFF2_SLICEM_C_D)
                                                      0.047     0.101    sfo/residual_estimator/aux_service/errors_meta_reg[3]
  -------------------------------------------------------------------
                         required time                         -0.101    
                         arrival time                           0.285    
  -------------------------------------------------------------------
                         slack                                  0.184    

Slack (MET) :             0.344ns  (arrival time - required time)
  Source:                 sfo/residual_estimator/aux_service/status_toggle_reg/C
                            (rising edge-triggered cell FDRE clocked by clk500  {rise@0.000ns fall@1.000ns period=2.000ns})
  Destination:            sfo/residual_estimator/aux_service/status_sync_reg[0]/D
                            (rising edge-triggered cell FDRE clocked by clk125  {rise@0.000ns fall@4.000ns period=8.000ns})
  Path Group:             clk125
  Path Type:              Hold (Min at Fast Process Corner)
  Requirement:            0.000ns  (clk125 rise@0.000ns - clk500 rise@0.000ns)
  Data Path Delay:        0.432ns  (logic 0.039ns (9.028%)  route 0.393ns (90.972%))
  Logic Levels:           0  
  Clock Path Skew:        0.006ns (DCD - SCD - CPR)
    Destination Clock Delay (DCD):    0.019ns
    Source Clock Delay      (SCD):    0.013ns
    Clock Pessimism Removal (CPR):    -0.000ns
  Clock Uncertainty:      0.035ns  ((TSJ^2 + TIJ^2)^1/2 + DJ) / 2 + PE
    Total System Jitter     (TSJ):    0.071ns
    Total Input Jitter      (TIJ):    0.000ns
    Discrete Jitter          (DJ):    0.000ns
    Phase Error              (PE):    0.000ns
  Clock Domain Crossing:  Inter clock paths are considered valid unless explicitly excluded by timing constraints such as set_clock_groups or set_false_path.

    Location             Delay type                Incr(ns)  Path(ns)    Netlist Resource(s)
  -------------------------------------------------------------------    -------------------
                         (clock clk500 rise edge)     0.000     0.000 r  
                                                      0.000     0.000 r  clk500 (IN)
                         net (fo=27270, unset)        0.013     0.013    sfo/residual_estimator/aux_service/clk_500
    SLICE_X149Y28        FDRE                                         r  sfo/residual_estimator/aux_service/status_toggle_reg/C
  -------------------------------------------------------------------    -------------------
    SLICE_X149Y28        FDRE (Prop_HFF_SLICEM_C_Q)
                                                      0.039     0.052 r  sfo/residual_estimator/aux_service/status_toggle_reg/Q
                         net (fo=2, routed)           0.393     0.445    sfo/residual_estimator/aux_service/status_toggle
    SLICE_X126Y34        FDRE                                         r  sfo/residual_estimator/aux_service/status_sync_reg[0]/D
  -------------------------------------------------------------------    -------------------

                         (clock clk125 rise edge)     0.000     0.000 r  
                                                      0.000     0.000 r  clk125 (IN)
                         net (fo=95401, unset)        0.019     0.019    sfo/residual_estimator/aux_service/clk_125
    SLICE_X126Y34        FDRE                                         r  sfo/residual_estimator/aux_service/status_sync_reg[0]/C
                         clock pessimism              0.000     0.019    
                         clock uncertainty            0.035     0.054    
    SLICE_X126Y34        FDRE (Hold_DFF2_SLICEM_C_D)
                                                      0.047     0.101    sfo/residual_estimator/aux_service/status_sync_reg[0]
  -------------------------------------------------------------------
                         required time                         -0.101    
                         arrival time                           0.445    
  -------------------------------------------------------------------
                         slack                                  0.344    

Slack (MET) :             0.504ns  (arrival time - required time)
  Source:                 sfo/residual_estimator/aux_service/xfft_overflow_500_reg/C
                            (rising edge-triggered cell FDRE clocked by clk500  {rise@0.000ns fall@1.000ns period=2.000ns})
  Destination:            sfo/residual_estimator/aux_service/errors_meta_reg[0]/D
                            (rising edge-triggered cell FDRE clocked by clk125  {rise@0.000ns fall@4.000ns period=8.000ns})
  Path Group:             clk125
  Path Type:              Hold (Min at Fast Process Corner)
  Requirement:            0.000ns  (clk125 rise@0.000ns - clk500 rise@0.000ns)
  Data Path Delay:        0.593ns  (logic 0.039ns (6.577%)  route 0.554ns (93.423%))
  Logic Levels:           0  
  Clock Path Skew:        0.007ns (DCD - SCD - CPR)
    Destination Clock Delay (DCD):    0.019ns
    Source Clock Delay      (SCD):    0.012ns
    Clock Pessimism Removal (CPR):    -0.000ns
  Clock Uncertainty:      0.035ns  ((TSJ^2 + TIJ^2)^1/2 + DJ) / 2 + PE
    Total System Jitter     (TSJ):    0.071ns
    Total Input Jitter      (TIJ):    0.000ns
    Discrete Jitter          (DJ):    0.000ns
    Phase Error              (PE):    0.000ns
  Clock Domain Crossing:  Inter clock paths are considered valid unless explicitly excluded by timing constraints such as set_clock_groups or set_false_path.

    Location             Delay type                Incr(ns)  Path(ns)    Netlist Resource(s)
  -------------------------------------------------------------------    -------------------
                         (clock clk500 rise edge)     0.000     0.000 r  
                                                      0.000     0.000 r  clk500 (IN)
                         net (fo=27270, unset)        0.012     0.012    sfo/residual_estimator/aux_service/clk_500
    SLICE_X204Y28        FDRE                                         r  sfo/residual_estimator/aux_service/xfft_overflow_500_reg/C
  -------------------------------------------------------------------    -------------------
    SLICE_X204Y28        FDRE (Prop_CFF_SLICEL_C_Q)
                                                      0.039     0.051 r  sfo/residual_estimator/aux_service/xfft_overflow_500_reg/Q
                         net (fo=2, routed)           0.554     0.605    sfo/residual_estimator/aux_service/p_1_in[0]
    SLICE_X154Y29        FDRE                                         r  sfo/residual_estimator/aux_service/errors_meta_reg[0]/D
  -------------------------------------------------------------------    -------------------

                         (clock clk125 rise edge)     0.000     0.000 r  
                                                      0.000     0.000 r  clk125 (IN)
                         net (fo=95401, unset)        0.019     0.019    sfo/residual_estimator/aux_service/clk_125
    SLICE_X154Y29        FDRE                                         r  sfo/residual_estimator/aux_service/errors_meta_reg[0]/C
                         clock pessimism              0.000     0.019    
                         clock uncertainty            0.035     0.054    
    SLICE_X154Y29        FDRE (Hold_DFF2_SLICEM_C_D)
                                                      0.047     0.101    sfo/residual_estimator/aux_service/errors_meta_reg[0]
  -------------------------------------------------------------------
                         required time                         -0.101    
                         arrival time                           0.605    
  -------------------------------------------------------------------
                         slack                                  0.504    

Slack (MET) :             0.538ns  (arrival time - required time)
  Source:                 sfo/residual_estimator/aux_service/xfft_protocol_error_500_reg/C
                            (rising edge-triggered cell FDRE clocked by clk500  {rise@0.000ns fall@1.000ns period=2.000ns})
  Destination:            sfo/residual_estimator/aux_service/errors_meta_reg[1]/D
                            (rising edge-triggered cell FDRE clocked by clk125  {rise@0.000ns fall@4.000ns period=8.000ns})
  Path Group:             clk125
  Path Type:              Hold (Min at Fast Process Corner)
  Requirement:            0.000ns  (clk125 rise@0.000ns - clk500 rise@0.000ns)
  Data Path Delay:        0.626ns  (logic 0.039ns (6.230%)  route 0.587ns (93.770%))
  Logic Levels:           0  
  Clock Path Skew:        0.006ns (DCD - SCD - CPR)
    Destination Clock Delay (DCD):    0.019ns
    Source Clock Delay      (SCD):    0.013ns
    Clock Pessimism Removal (CPR):    -0.000ns
  Clock Uncertainty:      0.035ns  ((TSJ^2 + TIJ^2)^1/2 + DJ) / 2 + PE
    Total System Jitter     (TSJ):    0.071ns
    Total Input Jitter      (TIJ):    0.000ns
    Discrete Jitter          (DJ):    0.000ns
    Phase Error              (PE):    0.000ns
  Clock Domain Crossing:  Inter clock paths are considered valid unless explicitly excluded by timing constraints such as set_clock_groups or set_false_path.

    Location             Delay type                Incr(ns)  Path(ns)    Netlist Resource(s)
  -------------------------------------------------------------------    -------------------
                         (clock clk500 rise edge)     0.000     0.000 r  
                                                      0.000     0.000 r  clk500 (IN)
                         net (fo=27270, unset)        0.013     0.013    sfo/residual_estimator/aux_service/clk_500
    SLICE_X204Y37        FDRE                                         r  sfo/residual_estimator/aux_service/xfft_protocol_error_500_reg/C
  -------------------------------------------------------------------    -------------------
    SLICE_X204Y37        FDRE (Prop_HFF_SLICEL_C_Q)
                                                      0.039     0.052 r  sfo/residual_estimator/aux_service/xfft_protocol_error_500_reg/Q
                         net (fo=2, routed)           0.587     0.639    sfo/residual_estimator/aux_service/p_1_in[1]
    SLICE_X151Y28        FDRE                                         r  sfo/residual_estimator/aux_service/errors_meta_reg[1]/D
  -------------------------------------------------------------------    -------------------

                         (clock clk125 rise edge)     0.000     0.000 r  
                                                      0.000     0.000 r  clk125 (IN)
                         net (fo=95401, unset)        0.019     0.019    sfo/residual_estimator/aux_service/clk_125
    SLICE_X151Y28        FDRE                                         r  sfo/residual_estimator/aux_service/errors_meta_reg[1]/C
                         clock pessimism              0.000     0.019    
                         clock uncertainty            0.035     0.054    
    SLICE_X151Y28        FDRE (Hold_HFF2_SLICEL_C_D)
                                                      0.047     0.101    sfo/residual_estimator/aux_service/errors_meta_reg[1]
  -------------------------------------------------------------------
                         required time                         -0.101    
                         arrival time                           0.639    
  -------------------------------------------------------------------
                         slack                                  0.538    





---------------------------------------------------------------------------------------------------
From Clock:  clk125
  To Clock:  clk150

Setup :            0  Failing Endpoints,  Worst Slack        6.775ns,  Total Violation        0.000ns
Hold  :           NA  Failing Endpoints,  Worst Slack           NA  ,  Total Violation           NA
---------------------------------------------------------------------------------------------------


Max Delay Paths
--------------------------------------------------------------------------------------
Slack (MET) :             6.775ns  (required time - arrival time)
  Source:                 sfo/two_pass_transport/progressive_cdc.progress/record_fifo/gnuram_async_fifo.xpm_fifo_base_inst/gen_cdc_pntr.rd_pntr_cdc_inst/src_gray_ff_reg[7]/C
                            (rising edge-triggered cell FDRE clocked by clk125  {rise@0.000ns fall@4.000ns period=8.000ns})
  Destination:            sfo/two_pass_transport/progressive_cdc.progress/record_fifo/gnuram_async_fifo.xpm_fifo_base_inst/gen_cdc_pntr.rd_pntr_cdc_inst/dest_graysync_ff_reg[0][7]/D
                            (rising edge-triggered cell FDRE clocked by clk150  {rise@0.000ns fall@3.333ns period=6.667ns})
  Path Group:             clk150
  Path Type:              Setup (Max at Slow Process Corner)
  Requirement:            8.000ns  (MaxDelay Path 8.000ns)
  Data Path Delay:        1.250ns  (logic 0.080ns (6.400%)  route 1.170ns (93.600%))
  Logic Levels:           0  
  Timing Exception:       MaxDelay Path 8.000ns -datapath_only

    Location             Delay type                Incr(ns)  Path(ns)    Netlist Resource(s)
  -------------------------------------------------------------------    -------------------
    SLICE_X114Y110                                    0.000     0.000 r  sfo/two_pass_transport/progressive_cdc.progress/record_fifo/gnuram_async_fifo.xpm_fifo_base_inst/gen_cdc_pntr.rd_pntr_cdc_inst/src_gray_ff_reg[7]/C
    SLICE_X114Y110       FDRE (Prop_AFF2_SLICEM_C_Q)
                                                      0.080     0.080 r  sfo/two_pass_transport/progressive_cdc.progress/record_fifo/gnuram_async_fifo.xpm_fifo_base_inst/gen_cdc_pntr.rd_pntr_cdc_inst/src_gray_ff_reg[7]/Q
                         net (fo=1, routed)           1.170     1.250    sfo/two_pass_transport/progressive_cdc.progress/record_fifo/gnuram_async_fifo.xpm_fifo_base_inst/gen_cdc_pntr.rd_pntr_cdc_inst/async_path[7]
    SLICE_X114Y110       FDRE                                         r  sfo/two_pass_transport/progressive_cdc.progress/record_fifo/gnuram_async_fifo.xpm_fifo_base_inst/gen_cdc_pntr.rd_pntr_cdc_inst/dest_graysync_ff_reg[0][7]/D
  -------------------------------------------------------------------    -------------------

                         max delay                    8.000     8.000    
    SLICE_X114Y110       FDRE (Setup_HFF2_SLICEM_C_D)
                                                      0.025     8.025    sfo/two_pass_transport/progressive_cdc.progress/record_fifo/gnuram_async_fifo.xpm_fifo_base_inst/gen_cdc_pntr.rd_pntr_cdc_inst/dest_graysync_ff_reg[0][7]
  -------------------------------------------------------------------
                         required time                          8.025    
                         arrival time                          -1.250    
  -------------------------------------------------------------------
                         slack                                  6.775    

Slack (MET) :             6.885ns  (required time - arrival time)
  Source:                 sfo/two_pass_transport/shared_raw.hub/training_data/record_fifo/gnuram_async_fifo.xpm_fifo_base_inst/gen_cdc_pntr.rd_pntr_cdc_inst/src_gray_ff_reg[9]/C
                            (rising edge-triggered cell FDRE clocked by clk125  {rise@0.000ns fall@4.000ns period=8.000ns})
  Destination:            sfo/two_pass_transport/shared_raw.hub/training_data/record_fifo/gnuram_async_fifo.xpm_fifo_base_inst/gen_cdc_pntr.rd_pntr_cdc_inst/dest_graysync_ff_reg[0][9]/D
                            (rising edge-triggered cell FDRE clocked by clk150  {rise@0.000ns fall@3.333ns period=6.667ns})
  Path Group:             clk150
  Path Type:              Setup (Max at Slow Process Corner)
  Requirement:            8.000ns  (MaxDelay Path 8.000ns)
  Data Path Delay:        1.140ns  (logic 0.079ns (6.930%)  route 1.061ns (93.070%))
  Logic Levels:           0  
  Timing Exception:       MaxDelay Path 8.000ns -datapath_only

    Location             Delay type                Incr(ns)  Path(ns)    Netlist Resource(s)
  -------------------------------------------------------------------    -------------------
    SLICE_X116Y116                                    0.000     0.000 r  sfo/two_pass_transport/shared_raw.hub/training_data/record_fifo/gnuram_async_fifo.xpm_fifo_base_inst/gen_cdc_pntr.rd_pntr_cdc_inst/src_gray_ff_reg[9]/C
    SLICE_X116Y116       FDRE (Prop_EFF_SLICEL_C_Q)
                                                      0.079     0.079 r  sfo/two_pass_transport/shared_raw.hub/training_data/record_fifo/gnuram_async_fifo.xpm_fifo_base_inst/gen_cdc_pntr.rd_pntr_cdc_inst/src_gray_ff_reg[9]/Q
                         net (fo=1, routed)           1.061     1.140    sfo/two_pass_transport/shared_raw.hub/training_data/record_fifo/gnuram_async_fifo.xpm_fifo_base_inst/gen_cdc_pntr.rd_pntr_cdc_inst/async_path[9]
    SLICE_X116Y117       FDRE                                         r  sfo/two_pass_transport/shared_raw.hub/training_data/record_fifo/gnuram_async_fifo.xpm_fifo_base_inst/gen_cdc_pntr.rd_pntr_cdc_inst/dest_graysync_ff_reg[0][9]/D
  -------------------------------------------------------------------    -------------------

                         max delay                    8.000     8.000    
    SLICE_X116Y117       FDRE (Setup_DFF2_SLICEL_C_D)
                                                      0.025     8.025    sfo/two_pass_transport/shared_raw.hub/training_data/record_fifo/gnuram_async_fifo.xpm_fifo_base_inst/gen_cdc_pntr.rd_pntr_cdc_inst/dest_graysync_ff_reg[0][9]
  -------------------------------------------------------------------
                         required time                          8.025    
                         arrival time                          -1.140    
  -------------------------------------------------------------------
                         slack                                  6.885    

Slack (MET) :             7.189ns  (required time - arrival time)
  Source:                 sfo/two_pass_transport/progressive_cdc.progress/record_fifo/gnuram_async_fifo.xpm_fifo_base_inst/gen_cdc_pntr.rd_pntr_cdc_inst/src_gray_ff_reg[0]/C
                            (rising edge-triggered cell FDRE clocked by clk125  {rise@0.000ns fall@4.000ns period=8.000ns})
  Destination:            sfo/two_pass_transport/progressive_cdc.progress/record_fifo/gnuram_async_fifo.xpm_fifo_base_inst/gen_cdc_pntr.rd_pntr_cdc_inst/dest_graysync_ff_reg[0][0]/D
                            (rising edge-triggered cell FDRE clocked by clk150  {rise@0.000ns fall@3.333ns period=6.667ns})
  Path Group:             clk150
  Path Type:              Setup (Max at Slow Process Corner)
  Requirement:            8.000ns  (MaxDelay Path 8.000ns)
  Data Path Delay:        0.836ns  (logic 0.079ns (9.450%)  route 0.757ns (90.550%))
  Logic Levels:           0  
  Timing Exception:       MaxDelay Path 8.000ns -datapath_only

    Location             Delay type                Incr(ns)  Path(ns)    Netlist Resource(s)
  -------------------------------------------------------------------    -------------------
    SLICE_X116Y114                                    0.000     0.000 r  sfo/two_pass_transport/progressive_cdc.progress/record_fifo/gnuram_async_fifo.xpm_fifo_base_inst/gen_cdc_pntr.rd_pntr_cdc_inst/src_gray_ff_reg[0]/C
    SLICE_X116Y114       FDRE (Prop_DFF_SLICEL_C_Q)
                                                      0.079     0.079 r  sfo/two_pass_transport/progressive_cdc.progress/record_fifo/gnuram_async_fifo.xpm_fifo_base_inst/gen_cdc_pntr.rd_pntr_cdc_inst/src_gray_ff_reg[0]/Q
                         net (fo=1, routed)           0.757     0.836    sfo/two_pass_transport/progressive_cdc.progress/record_fifo/gnuram_async_fifo.xpm_fifo_base_inst/gen_cdc_pntr.rd_pntr_cdc_inst/async_path[0]
    SLICE_X115Y114       FDRE                                         r  sfo/two_pass_transport/progressive_cdc.progress/record_fifo/gnuram_async_fifo.xpm_fifo_base_inst/gen_cdc_pntr.rd_pntr_cdc_inst/dest_graysync_ff_reg[0][0]/D
  -------------------------------------------------------------------    -------------------

                         max delay                    8.000     8.000    
    SLICE_X115Y114       FDRE (Setup_HFF2_SLICEM_C_D)
                                                      0.025     8.025    sfo/two_pass_transport/progressive_cdc.progress/record_fifo/gnuram_async_fifo.xpm_fifo_base_inst/gen_cdc_pntr.rd_pntr_cdc_inst/dest_graysync_ff_reg[0][0]
  -------------------------------------------------------------------
                         required time                          8.025    
                         arrival time                          -0.836    
  -------------------------------------------------------------------
                         slack                                  7.189    

Slack (MET) :             7.204ns  (required time - arrival time)
  Source:                 sfo/two_pass_transport/residual_result_cdc/record_fifo/gnuram_async_fifo.xpm_fifo_base_inst/gen_cdc_pntr.wr_pntr_cdc_inst/src_gray_ff_reg[0]/C
                            (rising edge-triggered cell FDRE clocked by clk125  {rise@0.000ns fall@4.000ns period=8.000ns})
  Destination:            sfo/two_pass_transport/residual_result_cdc/record_fifo/gnuram_async_fifo.xpm_fifo_base_inst/gen_cdc_pntr.wr_pntr_cdc_inst/dest_graysync_ff_reg[0][0]/D
                            (rising edge-triggered cell FDRE clocked by clk150  {rise@0.000ns fall@3.333ns period=6.667ns})
  Path Group:             clk150
  Path Type:              Setup (Max at Slow Process Corner)
  Requirement:            8.000ns  (MaxDelay Path 8.000ns)
  Data Path Delay:        0.821ns  (logic 0.079ns (9.622%)  route 0.742ns (90.378%))
  Logic Levels:           0  
  Timing Exception:       MaxDelay Path 8.000ns -datapath_only

    Location             Delay type                Incr(ns)  Path(ns)    Netlist Resource(s)
  -------------------------------------------------------------------    -------------------
    SLICE_X119Y139                                    0.000     0.000 r  sfo/two_pass_transport/residual_result_cdc/record_fifo/gnuram_async_fifo.xpm_fifo_base_inst/gen_cdc_pntr.wr_pntr_cdc_inst/src_gray_ff_reg[0]/C
    SLICE_X119Y139       FDRE (Prop_HFF_SLICEL_C_Q)
                                                      0.079     0.079 r  sfo/two_pass_transport/residual_result_cdc/record_fifo/gnuram_async_fifo.xpm_fifo_base_inst/gen_cdc_pntr.wr_pntr_cdc_inst/src_gray_ff_reg[0]/Q
                         net (fo=1, routed)           0.742     0.821    sfo/two_pass_transport/residual_result_cdc/record_fifo/gnuram_async_fifo.xpm_fifo_base_inst/gen_cdc_pntr.wr_pntr_cdc_inst/async_path[0]
    SLICE_X116Y139       FDRE                                         r  sfo/two_pass_transport/residual_result_cdc/record_fifo/gnuram_async_fifo.xpm_fifo_base_inst/gen_cdc_pntr.wr_pntr_cdc_inst/dest_graysync_ff_reg[0][0]/D
  -------------------------------------------------------------------    -------------------

                         max delay                    8.000     8.000    
    SLICE_X116Y139       FDRE (Setup_DFF2_SLICEL_C_D)
                                                      0.025     8.025    sfo/two_pass_transport/residual_result_cdc/record_fifo/gnuram_async_fifo.xpm_fifo_base_inst/gen_cdc_pntr.wr_pntr_cdc_inst/dest_graysync_ff_reg[0][0]
  -------------------------------------------------------------------
                         required time                          8.025    
                         arrival time                          -0.821    
  -------------------------------------------------------------------
                         slack                                  7.204    

Slack (MET) :             7.210ns  (required time - arrival time)
  Source:                 metadata/record_fifo/gnuram_async_fifo.xpm_fifo_base_inst/gen_cdc_pntr.wr_pntr_cdc_inst/src_gray_ff_reg[1]/C
                            (rising edge-triggered cell FDRE clocked by clk125  {rise@0.000ns fall@4.000ns period=8.000ns})
  Destination:            metadata/record_fifo/gnuram_async_fifo.xpm_fifo_base_inst/gen_cdc_pntr.wr_pntr_cdc_inst/dest_graysync_ff_reg[0][1]/D
                            (rising edge-triggered cell FDRE clocked by clk150  {rise@0.000ns fall@3.333ns period=6.667ns})
  Path Group:             clk150
  Path Type:              Setup (Max at Slow Process Corner)
  Requirement:            8.000ns  (MaxDelay Path 8.000ns)
  Data Path Delay:        0.815ns  (logic 0.078ns (9.571%)  route 0.737ns (90.429%))
  Logic Levels:           0  
  Timing Exception:       MaxDelay Path 8.000ns -datapath_only

    Location             Delay type                Incr(ns)  Path(ns)    Netlist Resource(s)
  -------------------------------------------------------------------    -------------------
    SLICE_X145Y222                                    0.000     0.000 r  metadata/record_fifo/gnuram_async_fifo.xpm_fifo_base_inst/gen_cdc_pntr.wr_pntr_cdc_inst/src_gray_ff_reg[1]/C
    SLICE_X145Y222       FDRE (Prop_HFF2_SLICEM_C_Q)
                                                      0.078     0.078 r  metadata/record_fifo/gnuram_async_fifo.xpm_fifo_base_inst/gen_cdc_pntr.wr_pntr_cdc_inst/src_gray_ff_reg[1]/Q
                         net (fo=1, routed)           0.737     0.815    metadata/record_fifo/gnuram_async_fifo.xpm_fifo_base_inst/gen_cdc_pntr.wr_pntr_cdc_inst/async_path[1]
    SLICE_X145Y221       FDRE                                         r  metadata/record_fifo/gnuram_async_fifo.xpm_fifo_base_inst/gen_cdc_pntr.wr_pntr_cdc_inst/dest_graysync_ff_reg[0][1]/D
  -------------------------------------------------------------------    -------------------

                         max delay                    8.000     8.000    
    SLICE_X145Y221       FDRE (Setup_GFF2_SLICEM_C_D)
                                                      0.025     8.025    metadata/record_fifo/gnuram_async_fifo.xpm_fifo_base_inst/gen_cdc_pntr.wr_pntr_cdc_inst/dest_graysync_ff_reg[0][1]
  -------------------------------------------------------------------
                         required time                          8.025    
                         arrival time                          -0.815    
  -------------------------------------------------------------------
                         slack                                  7.210    

Slack (MET) :             7.257ns  (required time - arrival time)
  Source:                 sfo/two_pass_transport/progressive_cdc.progress/record_fifo/gnuram_async_fifo.xpm_fifo_base_inst/gen_cdc_pntr.rd_pntr_cdc_inst/src_gray_ff_reg[2]/C
                            (rising edge-triggered cell FDRE clocked by clk125  {rise@0.000ns fall@4.000ns period=8.000ns})
  Destination:            sfo/two_pass_transport/progressive_cdc.progress/record_fifo/gnuram_async_fifo.xpm_fifo_base_inst/gen_cdc_pntr.rd_pntr_cdc_inst/dest_graysync_ff_reg[0][2]/D
                            (rising edge-triggered cell FDRE clocked by clk150  {rise@0.000ns fall@3.333ns period=6.667ns})
  Path Group:             clk150
  Path Type:              Setup (Max at Slow Process Corner)
  Requirement:            8.000ns  (MaxDelay Path 8.000ns)
  Data Path Delay:        0.768ns  (logic 0.079ns (10.286%)  route 0.689ns (89.714%))
  Logic Levels:           0  
  Timing Exception:       MaxDelay Path 8.000ns -datapath_only

    Location             Delay type                Incr(ns)  Path(ns)    Netlist Resource(s)
  -------------------------------------------------------------------    -------------------
    SLICE_X116Y116                                    0.000     0.000 r  sfo/two_pass_transport/progressive_cdc.progress/record_fifo/gnuram_async_fifo.xpm_fifo_base_inst/gen_cdc_pntr.rd_pntr_cdc_inst/src_gray_ff_reg[2]/C
    SLICE_X116Y116       FDRE (Prop_HFF_SLICEL_C_Q)
                                                      0.079     0.079 r  sfo/two_pass_transport/progressive_cdc.progress/record_fifo/gnuram_async_fifo.xpm_fifo_base_inst/gen_cdc_pntr.rd_pntr_cdc_inst/src_gray_ff_reg[2]/Q
                         net (fo=1, routed)           0.689     0.768    sfo/two_pass_transport/progressive_cdc.progress/record_fifo/gnuram_async_fifo.xpm_fifo_base_inst/gen_cdc_pntr.rd_pntr_cdc_inst/async_path[2]
    SLICE_X116Y116       FDRE                                         r  sfo/two_pass_transport/progressive_cdc.progress/record_fifo/gnuram_async_fifo.xpm_fifo_base_inst/gen_cdc_pntr.rd_pntr_cdc_inst/dest_graysync_ff_reg[0][2]/D
  -------------------------------------------------------------------    -------------------

                         max delay                    8.000     8.000    
    SLICE_X116Y116       FDRE (Setup_DFF2_SLICEL_C_D)
                                                      0.025     8.025    sfo/two_pass_transport/progressive_cdc.progress/record_fifo/gnuram_async_fifo.xpm_fifo_base_inst/gen_cdc_pntr.rd_pntr_cdc_inst/dest_graysync_ff_reg[0][2]
  -------------------------------------------------------------------
                         required time                          8.025    
                         arrival time                          -0.768    
  -------------------------------------------------------------------
                         slack                                  7.257    

Slack (MET) :             7.479ns  (required time - arrival time)
  Source:                 sfo/two_pass_transport/shared_raw.hub/training_data/record_fifo/gnuram_async_fifo.xpm_fifo_base_inst/gen_cdc_pntr.rd_pntr_cdc_inst/src_gray_ff_reg[4]/C
                            (rising edge-triggered cell FDRE clocked by clk125  {rise@0.000ns fall@4.000ns period=8.000ns})
  Destination:            sfo/two_pass_transport/shared_raw.hub/training_data/record_fifo/gnuram_async_fifo.xpm_fifo_base_inst/gen_cdc_pntr.rd_pntr_cdc_inst/dest_graysync_ff_reg[0][4]/D
                            (rising edge-triggered cell FDRE clocked by clk150  {rise@0.000ns fall@3.333ns period=6.667ns})
  Path Group:             clk150
  Path Type:              Setup (Max at Slow Process Corner)
  Requirement:            8.000ns  (MaxDelay Path 8.000ns)
  Data Path Delay:        0.546ns  (logic 0.080ns (14.652%)  route 0.466ns (85.348%))
  Logic Levels:           0  
  Timing Exception:       MaxDelay Path 8.000ns -datapath_only

    Location             Delay type                Incr(ns)  Path(ns)    Netlist Resource(s)
  -------------------------------------------------------------------    -------------------
    SLICE_X121Y121                                    0.000     0.000 r  sfo/two_pass_transport/shared_raw.hub/training_data/record_fifo/gnuram_async_fifo.xpm_fifo_base_inst/gen_cdc_pntr.rd_pntr_cdc_inst/src_gray_ff_reg[4]/C
    SLICE_X121Y121       FDRE (Prop_DFF2_SLICEM_C_Q)
                                                      0.080     0.080 r  sfo/two_pass_transport/shared_raw.hub/training_data/record_fifo/gnuram_async_fifo.xpm_fifo_base_inst/gen_cdc_pntr.rd_pntr_cdc_inst/src_gray_ff_reg[4]/Q
                         net (fo=1, routed)           0.466     0.546    sfo/two_pass_transport/shared_raw.hub/training_data/record_fifo/gnuram_async_fifo.xpm_fifo_base_inst/gen_cdc_pntr.rd_pntr_cdc_inst/async_path[4]
    SLICE_X121Y121       FDRE                                         r  sfo/two_pass_transport/shared_raw.hub/training_data/record_fifo/gnuram_async_fifo.xpm_fifo_base_inst/gen_cdc_pntr.rd_pntr_cdc_inst/dest_graysync_ff_reg[0][4]/D
  -------------------------------------------------------------------    -------------------

                         max delay                    8.000     8.000    
    SLICE_X121Y121       FDRE (Setup_GFF2_SLICEM_C_D)
                                                      0.025     8.025    sfo/two_pass_transport/shared_raw.hub/training_data/record_fifo/gnuram_async_fifo.xpm_fifo_base_inst/gen_cdc_pntr.rd_pntr_cdc_inst/dest_graysync_ff_reg[0][4]
  -------------------------------------------------------------------
                         required time                          8.025    
                         arrival time                          -0.546    
  -------------------------------------------------------------------
                         slack                                  7.479    

Slack (MET) :             7.491ns  (required time - arrival time)
  Source:                 sfo/two_pass_transport/shared_raw.hub/raw_cdc/record_fifo/gnuram_async_fifo.xpm_fifo_base_inst/gen_cdc_pntr.wr_pntr_cdc_inst/src_gray_ff_reg[1]/C
                            (rising edge-triggered cell FDRE clocked by clk125  {rise@0.000ns fall@4.000ns period=8.000ns})
  Destination:            sfo/two_pass_transport/shared_raw.hub/raw_cdc/record_fifo/gnuram_async_fifo.xpm_fifo_base_inst/gen_cdc_pntr.wr_pntr_cdc_inst/dest_graysync_ff_reg[0][1]/D
                            (rising edge-triggered cell FDRE clocked by clk150  {rise@0.000ns fall@3.333ns period=6.667ns})
  Path Group:             clk150
  Path Type:              Setup (Max at Slow Process Corner)
  Requirement:            8.000ns  (MaxDelay Path 8.000ns)
  Data Path Delay:        0.534ns  (logic 0.081ns (15.169%)  route 0.453ns (84.831%))
  Logic Levels:           0  
  Timing Exception:       MaxDelay Path 8.000ns -datapath_only

    Location             Delay type                Incr(ns)  Path(ns)    Netlist Resource(s)
  -------------------------------------------------------------------    -------------------
    SLICE_X143Y148                                    0.000     0.000 r  sfo/two_pass_transport/shared_raw.hub/raw_cdc/record_fifo/gnuram_async_fifo.xpm_fifo_base_inst/gen_cdc_pntr.wr_pntr_cdc_inst/src_gray_ff_reg[1]/C
    SLICE_X143Y148       FDRE (Prop_GFF2_SLICEL_C_Q)
                                                      0.081     0.081 r  sfo/two_pass_transport/shared_raw.hub/raw_cdc/record_fifo/gnuram_async_fifo.xpm_fifo_base_inst/gen_cdc_pntr.wr_pntr_cdc_inst/src_gray_ff_reg[1]/Q
                         net (fo=1, routed)           0.453     0.534    sfo/two_pass_transport/shared_raw.hub/raw_cdc/record_fifo/gnuram_async_fifo.xpm_fifo_base_inst/gen_cdc_pntr.wr_pntr_cdc_inst/async_path[1]
    SLICE_X142Y151       FDRE                                         r  sfo/two_pass_transport/shared_raw.hub/raw_cdc/record_fifo/gnuram_async_fifo.xpm_fifo_base_inst/gen_cdc_pntr.wr_pntr_cdc_inst/dest_graysync_ff_reg[0][1]/D
  -------------------------------------------------------------------    -------------------

                         max delay                    8.000     8.000    
    SLICE_X142Y151       FDRE (Setup_GFF2_SLICEM_C_D)
                                                      0.025     8.025    sfo/two_pass_transport/shared_raw.hub/raw_cdc/record_fifo/gnuram_async_fifo.xpm_fifo_base_inst/gen_cdc_pntr.wr_pntr_cdc_inst/dest_graysync_ff_reg[0][1]
  -------------------------------------------------------------------
                         required time                          8.025    
                         arrival time                          -0.534    
  -------------------------------------------------------------------
                         slack                                  7.491    

Slack (MET) :             7.501ns  (required time - arrival time)
  Source:                 sfo/two_pass_transport/shared_raw.hub/training_data/record_fifo/gnuram_async_fifo.xpm_fifo_base_inst/gen_cdc_pntr.rd_pntr_cdc_inst/src_gray_ff_reg[6]/C
                            (rising edge-triggered cell FDRE clocked by clk125  {rise@0.000ns fall@4.000ns period=8.000ns})
  Destination:            sfo/two_pass_transport/shared_raw.hub/training_data/record_fifo/gnuram_async_fifo.xpm_fifo_base_inst/gen_cdc_pntr.rd_pntr_cdc_inst/dest_graysync_ff_reg[0][6]/D
                            (rising edge-triggered cell FDRE clocked by clk150  {rise@0.000ns fall@3.333ns period=6.667ns})
  Path Group:             clk150
  Path Type:              Setup (Max at Slow Process Corner)
  Requirement:            8.000ns  (MaxDelay Path 8.000ns)
  Data Path Delay:        0.524ns  (logic 0.080ns (15.267%)  route 0.444ns (84.733%))
  Logic Levels:           0  
  Timing Exception:       MaxDelay Path 8.000ns -datapath_only

    Location             Delay type                Incr(ns)  Path(ns)    Netlist Resource(s)
  -------------------------------------------------------------------    -------------------
    SLICE_X120Y120                                    0.000     0.000 r  sfo/two_pass_transport/shared_raw.hub/training_data/record_fifo/gnuram_async_fifo.xpm_fifo_base_inst/gen_cdc_pntr.rd_pntr_cdc_inst/src_gray_ff_reg[6]/C
    SLICE_X120Y120       FDRE (Prop_CFF2_SLICEL_C_Q)
                                                      0.080     0.080 r  sfo/two_pass_transport/shared_raw.hub/training_data/record_fifo/gnuram_async_fifo.xpm_fifo_base_inst/gen_cdc_pntr.rd_pntr_cdc_inst/src_gray_ff_reg[6]/Q
                         net (fo=1, routed)           0.444     0.524    sfo/two_pass_transport/shared_raw.hub/training_data/record_fifo/gnuram_async_fifo.xpm_fifo_base_inst/gen_cdc_pntr.rd_pntr_cdc_inst/async_path[6]
    SLICE_X119Y120       FDRE                                         r  sfo/two_pass_transport/shared_raw.hub/training_data/record_fifo/gnuram_async_fifo.xpm_fifo_base_inst/gen_cdc_pntr.rd_pntr_cdc_inst/dest_graysync_ff_reg[0][6]/D
  -------------------------------------------------------------------    -------------------

                         max delay                    8.000     8.000    
    SLICE_X119Y120       FDRE (Setup_DFF2_SLICEL_C_D)
                                                      0.025     8.025    sfo/two_pass_transport/shared_raw.hub/training_data/record_fifo/gnuram_async_fifo.xpm_fifo_base_inst/gen_cdc_pntr.rd_pntr_cdc_inst/dest_graysync_ff_reg[0][6]
  -------------------------------------------------------------------
                         required time                          8.025    
                         arrival time                          -0.524    
  -------------------------------------------------------------------
                         slack                                  7.501    

Slack (MET) :             7.506ns  (required time - arrival time)
  Source:                 sfo/two_pass_transport/residual_config_cdc/record_fifo/gnuram_async_fifo.xpm_fifo_base_inst/gen_cdc_pntr.rd_pntr_cdc_inst/src_gray_ff_reg[2]/C
                            (rising edge-triggered cell FDRE clocked by clk125  {rise@0.000ns fall@4.000ns period=8.000ns})
  Destination:            sfo/two_pass_transport/residual_config_cdc/record_fifo/gnuram_async_fifo.xpm_fifo_base_inst/gen_cdc_pntr.rd_pntr_cdc_inst/dest_graysync_ff_reg[0][2]/D
                            (rising edge-triggered cell FDRE clocked by clk150  {rise@0.000ns fall@3.333ns period=6.667ns})
  Path Group:             clk150
  Path Type:              Setup (Max at Slow Process Corner)
  Requirement:            8.000ns  (MaxDelay Path 8.000ns)
  Data Path Delay:        0.519ns  (logic 0.079ns (15.222%)  route 0.440ns (84.778%))
  Logic Levels:           0  
  Timing Exception:       MaxDelay Path 8.000ns -datapath_only

    Location             Delay type                Incr(ns)  Path(ns)    Netlist Resource(s)
  -------------------------------------------------------------------    -------------------
    SLICE_X125Y121                                    0.000     0.000 r  sfo/two_pass_transport/residual_config_cdc/record_fifo/gnuram_async_fifo.xpm_fifo_base_inst/gen_cdc_pntr.rd_pntr_cdc_inst/src_gray_ff_reg[2]/C
    SLICE_X125Y121       FDRE (Prop_DFF_SLICEL_C_Q)
                                                      0.079     0.079 r  sfo/two_pass_transport/residual_config_cdc/record_fifo/gnuram_async_fifo.xpm_fifo_base_inst/gen_cdc_pntr.rd_pntr_cdc_inst/src_gray_ff_reg[2]/Q
                         net (fo=1, routed)           0.440     0.519    sfo/two_pass_transport/residual_config_cdc/record_fifo/gnuram_async_fifo.xpm_fifo_base_inst/gen_cdc_pntr.rd_pntr_cdc_inst/async_path[2]
    SLICE_X124Y121       FDRE                                         r  sfo/two_pass_transport/residual_config_cdc/record_fifo/gnuram_async_fifo.xpm_fifo_base_inst/gen_cdc_pntr.rd_pntr_cdc_inst/dest_graysync_ff_reg[0][2]/D
  -------------------------------------------------------------------    -------------------

                         max delay                    8.000     8.000    
    SLICE_X124Y121       FDRE (Setup_DFF2_SLICEM_C_D)
                                                      0.025     8.025    sfo/two_pass_transport/residual_config_cdc/record_fifo/gnuram_async_fifo.xpm_fifo_base_inst/gen_cdc_pntr.rd_pntr_cdc_inst/dest_graysync_ff_reg[0][2]
  -------------------------------------------------------------------
                         required time                          8.025    
                         arrival time                          -0.519    
  -------------------------------------------------------------------
                         slack                                  7.506    





---------------------------------------------------------------------------------------------------
From Clock:  clk500
  To Clock:  clk150

Setup :            0  Failing Endpoints,  Worst Slack        1.302ns,  Total Violation        0.000ns
Hold  :           NA  Failing Endpoints,  Worst Slack           NA  ,  Total Violation           NA
---------------------------------------------------------------------------------------------------


Max Delay Paths
--------------------------------------------------------------------------------------
Slack (MET) :             1.302ns  (required time - arrival time)
  Source:                 cfo/estimator/observation_fifo/gnuram_async_fifo.xpm_fifo_base_inst/gen_cdc_pntr.wr_pntr_cdc_inst/src_gray_ff_reg[0]/C
                            (rising edge-triggered cell FDRE clocked by clk500  {rise@0.000ns fall@1.000ns period=2.000ns})
  Destination:            cfo/estimator/observation_fifo/gnuram_async_fifo.xpm_fifo_base_inst/gen_cdc_pntr.wr_pntr_cdc_inst/dest_graysync_ff_reg[0][0]/D
                            (rising edge-triggered cell FDRE clocked by clk150  {rise@0.000ns fall@3.333ns period=6.667ns})
  Path Group:             clk150
  Path Type:              Setup (Max at Slow Process Corner)
  Requirement:            2.000ns  (MaxDelay Path 2.000ns)
  Data Path Delay:        0.723ns  (logic 0.079ns (10.927%)  route 0.644ns (89.073%))
  Logic Levels:           0  
  Timing Exception:       MaxDelay Path 2.000ns -datapath_only

    Location             Delay type                Incr(ns)  Path(ns)    Netlist Resource(s)
  -------------------------------------------------------------------    -------------------
    SLICE_X127Y33                                     0.000     0.000 r  cfo/estimator/observation_fifo/gnuram_async_fifo.xpm_fifo_base_inst/gen_cdc_pntr.wr_pntr_cdc_inst/src_gray_ff_reg[0]/C
    SLICE_X127Y33        FDRE (Prop_DFF_SLICEL_C_Q)
                                                      0.079     0.079 r  cfo/estimator/observation_fifo/gnuram_async_fifo.xpm_fifo_base_inst/gen_cdc_pntr.wr_pntr_cdc_inst/src_gray_ff_reg[0]/Q
                         net (fo=1, routed)           0.644     0.723    cfo/estimator/observation_fifo/gnuram_async_fifo.xpm_fifo_base_inst/gen_cdc_pntr.wr_pntr_cdc_inst/async_path[0]
    SLICE_X126Y33        FDRE                                         r  cfo/estimator/observation_fifo/gnuram_async_fifo.xpm_fifo_base_inst/gen_cdc_pntr.wr_pntr_cdc_inst/dest_graysync_ff_reg[0][0]/D
  -------------------------------------------------------------------    -------------------

                         max delay                    2.000     2.000    
    SLICE_X126Y33        FDRE (Setup_HFF2_SLICEM_C_D)
                                                      0.025     2.025    cfo/estimator/observation_fifo/gnuram_async_fifo.xpm_fifo_base_inst/gen_cdc_pntr.wr_pntr_cdc_inst/dest_graysync_ff_reg[0][0]
  -------------------------------------------------------------------
                         required time                          2.025    
                         arrival time                          -0.723    
  -------------------------------------------------------------------
                         slack                                  1.302    

Slack (MET) :             1.438ns  (required time - arrival time)
  Source:                 cfo/windows/complete_windows/fifo/gnuram_async_fifo.xpm_fifo_base_inst/gen_cdc_pntr.rd_pntr_cdc_inst/src_gray_ff_reg[0]/C
                            (rising edge-triggered cell FDRE clocked by clk500  {rise@0.000ns fall@1.000ns period=2.000ns})
  Destination:            cfo/windows/complete_windows/fifo/gnuram_async_fifo.xpm_fifo_base_inst/gen_cdc_pntr.rd_pntr_cdc_inst/dest_graysync_ff_reg[0][0]/D
                            (rising edge-triggered cell FDRE clocked by clk150  {rise@0.000ns fall@3.333ns period=6.667ns})
  Path Group:             clk150
  Path Type:              Setup (Max at Slow Process Corner)
  Requirement:            2.000ns  (MaxDelay Path 2.000ns)
  Data Path Delay:        0.587ns  (logic 0.079ns (13.458%)  route 0.508ns (86.542%))
  Logic Levels:           0  
  Timing Exception:       MaxDelay Path 2.000ns -datapath_only

    Location             Delay type                Incr(ns)  Path(ns)    Netlist Resource(s)
  -------------------------------------------------------------------    -------------------
    SLICE_X177Y66                                     0.000     0.000 r  cfo/windows/complete_windows/fifo/gnuram_async_fifo.xpm_fifo_base_inst/gen_cdc_pntr.rd_pntr_cdc_inst/src_gray_ff_reg[0]/C
    SLICE_X177Y66        FDRE (Prop_HFF_SLICEL_C_Q)
                                                      0.079     0.079 r  cfo/windows/complete_windows/fifo/gnuram_async_fifo.xpm_fifo_base_inst/gen_cdc_pntr.rd_pntr_cdc_inst/src_gray_ff_reg[0]/Q
                         net (fo=1, routed)           0.508     0.587    cfo/windows/complete_windows/fifo/gnuram_async_fifo.xpm_fifo_base_inst/gen_cdc_pntr.rd_pntr_cdc_inst/async_path[0]
    SLICE_X175Y70        FDRE                                         r  cfo/windows/complete_windows/fifo/gnuram_async_fifo.xpm_fifo_base_inst/gen_cdc_pntr.rd_pntr_cdc_inst/dest_graysync_ff_reg[0][0]/D
  -------------------------------------------------------------------    -------------------

                         max delay                    2.000     2.000    
    SLICE_X175Y70        FDRE (Setup_DFF2_SLICEM_C_D)
                                                      0.025     2.025    cfo/windows/complete_windows/fifo/gnuram_async_fifo.xpm_fifo_base_inst/gen_cdc_pntr.rd_pntr_cdc_inst/dest_graysync_ff_reg[0][0]
  -------------------------------------------------------------------
                         required time                          2.025    
                         arrival time                          -0.587    
  -------------------------------------------------------------------
                         slack                                  1.438    

Slack (MET) :             1.461ns  (required time - arrival time)
  Source:                 cfo/windows/packed_windows/fifo/gnuram_async_fifo.xpm_fifo_base_inst/gen_cdc_pntr.rd_pntr_cdc_dc_inst/src_gray_ff_reg[6]/C
                            (rising edge-triggered cell FDRE clocked by clk500  {rise@0.000ns fall@1.000ns period=2.000ns})
  Destination:            cfo/windows/packed_windows/fifo/gnuram_async_fifo.xpm_fifo_base_inst/gen_cdc_pntr.rd_pntr_cdc_dc_inst/dest_graysync_ff_reg[0][6]/D
                            (rising edge-triggered cell FDRE clocked by clk150  {rise@0.000ns fall@3.333ns period=6.667ns})
  Path Group:             clk150
  Path Type:              Setup (Max at Slow Process Corner)
  Requirement:            2.000ns  (MaxDelay Path 2.000ns)
  Data Path Delay:        0.564ns  (logic 0.079ns (14.007%)  route 0.485ns (85.993%))
  Logic Levels:           0  
  Timing Exception:       MaxDelay Path 2.000ns -datapath_only

    Location             Delay type                Incr(ns)  Path(ns)    Netlist Resource(s)
  -------------------------------------------------------------------    -------------------
    SLICE_X173Y167                                    0.000     0.000 r  cfo/windows/packed_windows/fifo/gnuram_async_fifo.xpm_fifo_base_inst/gen_cdc_pntr.rd_pntr_cdc_dc_inst/src_gray_ff_reg[6]/C
    SLICE_X173Y167       FDRE (Prop_DFF_SLICEL_C_Q)
                                                      0.079     0.079 r  cfo/windows/packed_windows/fifo/gnuram_async_fifo.xpm_fifo_base_inst/gen_cdc_pntr.rd_pntr_cdc_dc_inst/src_gray_ff_reg[6]/Q
                         net (fo=1, routed)           0.485     0.564    cfo/windows/packed_windows/fifo/gnuram_async_fifo.xpm_fifo_base_inst/gen_cdc_pntr.rd_pntr_cdc_dc_inst/async_path[6]
    SLICE_X173Y167       FDRE                                         r  cfo/windows/packed_windows/fifo/gnuram_async_fifo.xpm_fifo_base_inst/gen_cdc_pntr.rd_pntr_cdc_dc_inst/dest_graysync_ff_reg[0][6]/D
  -------------------------------------------------------------------    -------------------

                         max delay                    2.000     2.000    
    SLICE_X173Y167       FDRE (Setup_HFF2_SLICEL_C_D)
                                                      0.025     2.025    cfo/windows/packed_windows/fifo/gnuram_async_fifo.xpm_fifo_base_inst/gen_cdc_pntr.rd_pntr_cdc_dc_inst/dest_graysync_ff_reg[0][6]
  -------------------------------------------------------------------
                         required time                          2.025    
                         arrival time                          -0.564    
  -------------------------------------------------------------------
                         slack                                  1.461    

Slack (MET) :             1.470ns  (required time - arrival time)
  Source:                 cfo/windows/packed_windows/fifo/gnuram_async_fifo.xpm_fifo_base_inst/gen_cdc_pntr.rd_pntr_cdc_dc_inst/src_gray_ff_reg[5]/C
                            (rising edge-triggered cell FDRE clocked by clk500  {rise@0.000ns fall@1.000ns period=2.000ns})
  Destination:            cfo/windows/packed_windows/fifo/gnuram_async_fifo.xpm_fifo_base_inst/gen_cdc_pntr.rd_pntr_cdc_dc_inst/dest_graysync_ff_reg[0][5]/D
                            (rising edge-triggered cell FDRE clocked by clk150  {rise@0.000ns fall@3.333ns period=6.667ns})
  Path Group:             clk150
  Path Type:              Setup (Max at Slow Process Corner)
  Requirement:            2.000ns  (MaxDelay Path 2.000ns)
  Data Path Delay:        0.555ns  (logic 0.079ns (14.234%)  route 0.476ns (85.766%))
  Logic Levels:           0  
  Timing Exception:       MaxDelay Path 2.000ns -datapath_only

    Location             Delay type                Incr(ns)  Path(ns)    Netlist Resource(s)
  -------------------------------------------------------------------    -------------------
    SLICE_X173Y166                                    0.000     0.000 r  cfo/windows/packed_windows/fifo/gnuram_async_fifo.xpm_fifo_base_inst/gen_cdc_pntr.rd_pntr_cdc_dc_inst/src_gray_ff_reg[5]/C
    SLICE_X173Y166       FDRE (Prop_BFF_SLICEL_C_Q)
                                                      0.079     0.079 r  cfo/windows/packed_windows/fifo/gnuram_async_fifo.xpm_fifo_base_inst/gen_cdc_pntr.rd_pntr_cdc_dc_inst/src_gray_ff_reg[5]/Q
                         net (fo=1, routed)           0.476     0.555    cfo/windows/packed_windows/fifo/gnuram_async_fifo.xpm_fifo_base_inst/gen_cdc_pntr.rd_pntr_cdc_dc_inst/async_path[5]
    SLICE_X173Y166       FDRE                                         r  cfo/windows/packed_windows/fifo/gnuram_async_fifo.xpm_fifo_base_inst/gen_cdc_pntr.rd_pntr_cdc_dc_inst/dest_graysync_ff_reg[0][5]/D
  -------------------------------------------------------------------    -------------------

                         max delay                    2.000     2.000    
    SLICE_X173Y166       FDRE (Setup_GFF2_SLICEL_C_D)
                                                      0.025     2.025    cfo/windows/packed_windows/fifo/gnuram_async_fifo.xpm_fifo_base_inst/gen_cdc_pntr.rd_pntr_cdc_dc_inst/dest_graysync_ff_reg[0][5]
  -------------------------------------------------------------------
                         required time                          2.025    
                         arrival time                          -0.555    
  -------------------------------------------------------------------
                         slack                                  1.470    

Slack (MET) :             1.493ns  (required time - arrival time)
  Source:                 cfo/windows/complete_windows/fifo/gnuram_async_fifo.xpm_fifo_base_inst/gen_cdc_pntr.rd_pntr_cdc_inst/src_gray_ff_reg[1]/C
                            (rising edge-triggered cell FDRE clocked by clk500  {rise@0.000ns fall@1.000ns period=2.000ns})
  Destination:            cfo/windows/complete_windows/fifo/gnuram_async_fifo.xpm_fifo_base_inst/gen_cdc_pntr.rd_pntr_cdc_inst/dest_graysync_ff_reg[0][1]/D
                            (rising edge-triggered cell FDRE clocked by clk150  {rise@0.000ns fall@3.333ns period=6.667ns})
  Path Group:             clk150
  Path Type:              Setup (Max at Slow Process Corner)
  Requirement:            2.000ns  (MaxDelay Path 2.000ns)
  Data Path Delay:        0.532ns  (logic 0.080ns (15.038%)  route 0.452ns (84.962%))
  Logic Levels:           0  
  Timing Exception:       MaxDelay Path 2.000ns -datapath_only

    Location             Delay type                Incr(ns)  Path(ns)    Netlist Resource(s)
  -------------------------------------------------------------------    -------------------
    SLICE_X177Y66                                     0.000     0.000 r  cfo/windows/complete_windows/fifo/gnuram_async_fifo.xpm_fifo_base_inst/gen_cdc_pntr.rd_pntr_cdc_inst/src_gray_ff_reg[1]/C
    SLICE_X177Y66        FDRE (Prop_HFF2_SLICEL_C_Q)
                                                      0.080     0.080 r  cfo/windows/complete_windows/fifo/gnuram_async_fifo.xpm_fifo_base_inst/gen_cdc_pntr.rd_pntr_cdc_inst/src_gray_ff_reg[1]/Q
                         net (fo=1, routed)           0.452     0.532    cfo/windows/complete_windows/fifo/gnuram_async_fifo.xpm_fifo_base_inst/gen_cdc_pntr.rd_pntr_cdc_inst/async_path[1]
    SLICE_X173Y71        FDRE                                         r  cfo/windows/complete_windows/fifo/gnuram_async_fifo.xpm_fifo_base_inst/gen_cdc_pntr.rd_pntr_cdc_inst/dest_graysync_ff_reg[0][1]/D
  -------------------------------------------------------------------    -------------------

                         max delay                    2.000     2.000    
    SLICE_X173Y71        FDRE (Setup_DFF2_SLICEL_C_D)
                                                      0.025     2.025    cfo/windows/complete_windows/fifo/gnuram_async_fifo.xpm_fifo_base_inst/gen_cdc_pntr.rd_pntr_cdc_inst/dest_graysync_ff_reg[0][1]
  -------------------------------------------------------------------
                         required time                          2.025    
                         arrival time                          -0.532    
  -------------------------------------------------------------------
                         slack                                  1.493    

Slack (MET) :             1.500ns  (required time - arrival time)
  Source:                 cfo/estimator/observation_fifo/gnuram_async_fifo.xpm_fifo_base_inst/gen_cdc_pntr.wr_pntr_cdc_inst/src_gray_ff_reg[2]/C
                            (rising edge-triggered cell FDRE clocked by clk500  {rise@0.000ns fall@1.000ns period=2.000ns})
  Destination:            cfo/estimator/observation_fifo/gnuram_async_fifo.xpm_fifo_base_inst/gen_cdc_pntr.wr_pntr_cdc_inst/dest_graysync_ff_reg[0][2]/D
                            (rising edge-triggered cell FDRE clocked by clk150  {rise@0.000ns fall@3.333ns period=6.667ns})
  Path Group:             clk150
  Path Type:              Setup (Max at Slow Process Corner)
  Requirement:            2.000ns  (MaxDelay Path 2.000ns)
  Data Path Delay:        0.525ns  (logic 0.079ns (15.048%)  route 0.446ns (84.952%))
  Logic Levels:           0  
  Timing Exception:       MaxDelay Path 2.000ns -datapath_only

    Location             Delay type                Incr(ns)  Path(ns)    Netlist Resource(s)
  -------------------------------------------------------------------    -------------------
    SLICE_X127Y32                                     0.000     0.000 r  cfo/estimator/observation_fifo/gnuram_async_fifo.xpm_fifo_base_inst/gen_cdc_pntr.wr_pntr_cdc_inst/src_gray_ff_reg[2]/C
    SLICE_X127Y32        FDRE (Prop_DFF_SLICEL_C_Q)
                                                      0.079     0.079 r  cfo/estimator/observation_fifo/gnuram_async_fifo.xpm_fifo_base_inst/gen_cdc_pntr.wr_pntr_cdc_inst/src_gray_ff_reg[2]/Q
                         net (fo=1, routed)           0.446     0.525    cfo/estimator/observation_fifo/gnuram_async_fifo.xpm_fifo_base_inst/gen_cdc_pntr.wr_pntr_cdc_inst/async_path[2]
    SLICE_X127Y32        FDRE                                         r  cfo/estimator/observation_fifo/gnuram_async_fifo.xpm_fifo_base_inst/gen_cdc_pntr.wr_pntr_cdc_inst/dest_graysync_ff_reg[0][2]/D
  -------------------------------------------------------------------    -------------------

                         max delay                    2.000     2.000    
    SLICE_X127Y32        FDRE (Setup_HFF2_SLICEL_C_D)
                                                      0.025     2.025    cfo/estimator/observation_fifo/gnuram_async_fifo.xpm_fifo_base_inst/gen_cdc_pntr.wr_pntr_cdc_inst/dest_graysync_ff_reg[0][2]
  -------------------------------------------------------------------
                         required time                          2.025    
                         arrival time                          -0.525    
  -------------------------------------------------------------------
                         slack                                  1.500    

Slack (MET) :             1.502ns  (required time - arrival time)
  Source:                 cfo/windows/packed_windows/fifo/gnuram_async_fifo.xpm_fifo_base_inst/gen_cdc_pntr.rd_pntr_cdc_dc_inst/src_gray_ff_reg[9]/C
                            (rising edge-triggered cell FDRE clocked by clk500  {rise@0.000ns fall@1.000ns period=2.000ns})
  Destination:            cfo/windows/packed_windows/fifo/gnuram_async_fifo.xpm_fifo_base_inst/gen_cdc_pntr.rd_pntr_cdc_dc_inst/dest_graysync_ff_reg[0][9]/D
                            (rising edge-triggered cell FDRE clocked by clk150  {rise@0.000ns fall@3.333ns period=6.667ns})
  Path Group:             clk150
  Path Type:              Setup (Max at Slow Process Corner)
  Requirement:            2.000ns  (MaxDelay Path 2.000ns)
  Data Path Delay:        0.523ns  (logic 0.079ns (15.105%)  route 0.444ns (84.895%))
  Logic Levels:           0  
  Timing Exception:       MaxDelay Path 2.000ns -datapath_only

    Location             Delay type                Incr(ns)  Path(ns)    Netlist Resource(s)
  -------------------------------------------------------------------    -------------------
    SLICE_X174Y172                                    0.000     0.000 r  cfo/windows/packed_windows/fifo/gnuram_async_fifo.xpm_fifo_base_inst/gen_cdc_pntr.rd_pntr_cdc_dc_inst/src_gray_ff_reg[9]/C
    SLICE_X174Y172       FDRE (Prop_BFF_SLICEL_C_Q)
                                                      0.079     0.079 r  cfo/windows/packed_windows/fifo/gnuram_async_fifo.xpm_fifo_base_inst/gen_cdc_pntr.rd_pntr_cdc_dc_inst/src_gray_ff_reg[9]/Q
                         net (fo=1, routed)           0.444     0.523    cfo/windows/packed_windows/fifo/gnuram_async_fifo.xpm_fifo_base_inst/gen_cdc_pntr.rd_pntr_cdc_dc_inst/async_path[9]
    SLICE_X174Y172       FDRE                                         r  cfo/windows/packed_windows/fifo/gnuram_async_fifo.xpm_fifo_base_inst/gen_cdc_pntr.rd_pntr_cdc_dc_inst/dest_graysync_ff_reg[0][9]/D
  -------------------------------------------------------------------    -------------------

                         max delay                    2.000     2.000    
    SLICE_X174Y172       FDRE (Setup_GFF2_SLICEL_C_D)
                                                      0.025     2.025    cfo/windows/packed_windows/fifo/gnuram_async_fifo.xpm_fifo_base_inst/gen_cdc_pntr.rd_pntr_cdc_dc_inst/dest_graysync_ff_reg[0][9]
  -------------------------------------------------------------------
                         required time                          2.025    
                         arrival time                          -0.523    
  -------------------------------------------------------------------
                         slack                                  1.502    

Slack (MET) :             1.506ns  (required time - arrival time)
  Source:                 cfo/estimator/observation_fifo/gnuram_async_fifo.xpm_fifo_base_inst/gen_cdc_pntr.wr_pntr_cdc_inst/src_gray_ff_reg[1]/C
                            (rising edge-triggered cell FDRE clocked by clk500  {rise@0.000ns fall@1.000ns period=2.000ns})
  Destination:            cfo/estimator/observation_fifo/gnuram_async_fifo.xpm_fifo_base_inst/gen_cdc_pntr.wr_pntr_cdc_inst/dest_graysync_ff_reg[0][1]/D
                            (rising edge-triggered cell FDRE clocked by clk150  {rise@0.000ns fall@3.333ns period=6.667ns})
  Path Group:             clk150
  Path Type:              Setup (Max at Slow Process Corner)
  Requirement:            2.000ns  (MaxDelay Path 2.000ns)
  Data Path Delay:        0.519ns  (logic 0.081ns (15.607%)  route 0.438ns (84.393%))
  Logic Levels:           0  
  Timing Exception:       MaxDelay Path 2.000ns -datapath_only

    Location             Delay type                Incr(ns)  Path(ns)    Netlist Resource(s)
  -------------------------------------------------------------------    -------------------
    SLICE_X127Y33                                     0.000     0.000 r  cfo/estimator/observation_fifo/gnuram_async_fifo.xpm_fifo_base_inst/gen_cdc_pntr.wr_pntr_cdc_inst/src_gray_ff_reg[1]/C
    SLICE_X127Y33        FDRE (Prop_DFF2_SLICEL_C_Q)
                                                      0.081     0.081 r  cfo/estimator/observation_fifo/gnuram_async_fifo.xpm_fifo_base_inst/gen_cdc_pntr.wr_pntr_cdc_inst/src_gray_ff_reg[1]/Q
                         net (fo=1, routed)           0.438     0.519    cfo/estimator/observation_fifo/gnuram_async_fifo.xpm_fifo_base_inst/gen_cdc_pntr.wr_pntr_cdc_inst/async_path[1]
    SLICE_X126Y33        FDRE                                         r  cfo/estimator/observation_fifo/gnuram_async_fifo.xpm_fifo_base_inst/gen_cdc_pntr.wr_pntr_cdc_inst/dest_graysync_ff_reg[0][1]/D
  -------------------------------------------------------------------    -------------------

                         max delay                    2.000     2.000    
    SLICE_X126Y33        FDRE (Setup_GFF2_SLICEM_C_D)
                                                      0.025     2.025    cfo/estimator/observation_fifo/gnuram_async_fifo.xpm_fifo_base_inst/gen_cdc_pntr.wr_pntr_cdc_inst/dest_graysync_ff_reg[0][1]
  -------------------------------------------------------------------
                         required time                          2.025    
                         arrival time                          -0.519    
  -------------------------------------------------------------------
                         slack                                  1.506    

Slack (MET) :             1.515ns  (required time - arrival time)
  Source:                 cfo/windows/packed_windows/fifo/gnuram_async_fifo.xpm_fifo_base_inst/gen_cdc_pntr.rd_pntr_cdc_dc_inst/src_gray_ff_reg[10]/C
                            (rising edge-triggered cell FDRE clocked by clk500  {rise@0.000ns fall@1.000ns period=2.000ns})
  Destination:            cfo/windows/packed_windows/fifo/gnuram_async_fifo.xpm_fifo_base_inst/gen_cdc_pntr.rd_pntr_cdc_dc_inst/dest_graysync_ff_reg[0][10]/D
                            (rising edge-triggered cell FDRE clocked by clk150  {rise@0.000ns fall@3.333ns period=6.667ns})
  Path Group:             clk150
  Path Type:              Setup (Max at Slow Process Corner)
  Requirement:            2.000ns  (MaxDelay Path 2.000ns)
  Data Path Delay:        0.510ns  (logic 0.079ns (15.490%)  route 0.431ns (84.510%))
  Logic Levels:           0  
  Timing Exception:       MaxDelay Path 2.000ns -datapath_only

    Location             Delay type                Incr(ns)  Path(ns)    Netlist Resource(s)
  -------------------------------------------------------------------    -------------------
    SLICE_X174Y172                                    0.000     0.000 r  cfo/windows/packed_windows/fifo/gnuram_async_fifo.xpm_fifo_base_inst/gen_cdc_pntr.rd_pntr_cdc_dc_inst/src_gray_ff_reg[10]/C
    SLICE_X174Y172       FDRE (Prop_DFF_SLICEL_C_Q)
                                                      0.079     0.079 r  cfo/windows/packed_windows/fifo/gnuram_async_fifo.xpm_fifo_base_inst/gen_cdc_pntr.rd_pntr_cdc_dc_inst/src_gray_ff_reg[10]/Q
                         net (fo=1, routed)           0.431     0.510    cfo/windows/packed_windows/fifo/gnuram_async_fifo.xpm_fifo_base_inst/gen_cdc_pntr.rd_pntr_cdc_dc_inst/async_path[10]
    SLICE_X174Y172       FDRE                                         r  cfo/windows/packed_windows/fifo/gnuram_async_fifo.xpm_fifo_base_inst/gen_cdc_pntr.rd_pntr_cdc_dc_inst/dest_graysync_ff_reg[0][10]/D
  -------------------------------------------------------------------    -------------------

                         max delay                    2.000     2.000    
    SLICE_X174Y172       FDRE (Setup_HFF2_SLICEL_C_D)
                                                      0.025     2.025    cfo/windows/packed_windows/fifo/gnuram_async_fifo.xpm_fifo_base_inst/gen_cdc_pntr.rd_pntr_cdc_dc_inst/dest_graysync_ff_reg[0][10]
  -------------------------------------------------------------------
                         required time                          2.025    
                         arrival time                          -0.510    
  -------------------------------------------------------------------
                         slack                                  1.515    

Slack (MET) :             1.520ns  (required time - arrival time)
  Source:                 cfo/windows/window_credits/fifo/gnuram_async_fifo.xpm_fifo_base_inst/gen_cdc_pntr.wr_pntr_cdc_inst/src_gray_ff_reg[0]/C
                            (rising edge-triggered cell FDRE clocked by clk500  {rise@0.000ns fall@1.000ns period=2.000ns})
  Destination:            cfo/windows/window_credits/fifo/gnuram_async_fifo.xpm_fifo_base_inst/gen_cdc_pntr.wr_pntr_cdc_inst/dest_graysync_ff_reg[0][0]/D
                            (rising edge-triggered cell FDRE clocked by clk150  {rise@0.000ns fall@3.333ns period=6.667ns})
  Path Group:             clk150
  Path Type:              Setup (Max at Slow Process Corner)
  Requirement:            2.000ns  (MaxDelay Path 2.000ns)
  Data Path Delay:        0.505ns  (logic 0.079ns (15.644%)  route 0.426ns (84.356%))
  Logic Levels:           0  
  Timing Exception:       MaxDelay Path 2.000ns -datapath_only

    Location             Delay type                Incr(ns)  Path(ns)    Netlist Resource(s)
  -------------------------------------------------------------------    -------------------
    SLICE_X130Y76                                     0.000     0.000 r  cfo/windows/window_credits/fifo/gnuram_async_fifo.xpm_fifo_base_inst/gen_cdc_pntr.wr_pntr_cdc_inst/src_gray_ff_reg[0]/C
    SLICE_X130Y76        FDRE (Prop_DFF_SLICEL_C_Q)
                                                      0.079     0.079 r  cfo/windows/window_credits/fifo/gnuram_async_fifo.xpm_fifo_base_inst/gen_cdc_pntr.wr_pntr_cdc_inst/src_gray_ff_reg[0]/Q
                         net (fo=1, routed)           0.426     0.505    cfo/windows/window_credits/fifo/gnuram_async_fifo.xpm_fifo_base_inst/gen_cdc_pntr.wr_pntr_cdc_inst/async_path[0]
    SLICE_X130Y75        FDRE                                         r  cfo/windows/window_credits/fifo/gnuram_async_fifo.xpm_fifo_base_inst/gen_cdc_pntr.wr_pntr_cdc_inst/dest_graysync_ff_reg[0][0]/D
  -------------------------------------------------------------------    -------------------

                         max delay                    2.000     2.000    
    SLICE_X130Y75        FDRE (Setup_HFF2_SLICEL_C_D)
                                                      0.025     2.025    cfo/windows/window_credits/fifo/gnuram_async_fifo.xpm_fifo_base_inst/gen_cdc_pntr.wr_pntr_cdc_inst/dest_graysync_ff_reg[0][0]
  -------------------------------------------------------------------
                         required time                          2.025    
                         arrival time                          -0.505    
  -------------------------------------------------------------------
                         slack                                  1.520    





---------------------------------------------------------------------------------------------------
From Clock:  clk125
  To Clock:  clk500

Setup :            0  Failing Endpoints,  Worst Slack        6.782ns,  Total Violation        0.000ns
Hold  :           NA  Failing Endpoints,  Worst Slack           NA  ,  Total Violation           NA
---------------------------------------------------------------------------------------------------


Max Delay Paths
--------------------------------------------------------------------------------------
Slack (MET) :             6.782ns  (required time - arrival time)
  Source:                 sfo/residual_estimator/front_stage/main/service/u_egress_fifo/gnuram_async_fifo.xpm_fifo_base_inst/gen_cdc_pntr.rd_pntr_cdc_inst/src_gray_ff_reg[0]/C
                            (rising edge-triggered cell FDRE clocked by clk125  {rise@0.000ns fall@4.000ns period=8.000ns})
  Destination:            sfo/residual_estimator/front_stage/main/service/u_egress_fifo/gnuram_async_fifo.xpm_fifo_base_inst/gen_cdc_pntr.rd_pntr_cdc_inst/dest_graysync_ff_reg[0][0]/D
                            (rising edge-triggered cell FDRE clocked by clk500  {rise@0.000ns fall@1.000ns period=2.000ns})
  Path Group:             clk500
  Path Type:              Setup (Max at Slow Process Corner)
  Requirement:            8.000ns  (MaxDelay Path 8.000ns)
  Data Path Delay:        1.243ns  (logic 0.078ns (6.275%)  route 1.165ns (93.725%))
  Logic Levels:           0  
  Timing Exception:       MaxDelay Path 8.000ns -datapath_only

    Location             Delay type                Incr(ns)  Path(ns)    Netlist Resource(s)
  -------------------------------------------------------------------    -------------------
    SLICE_X118Y94                                     0.000     0.000 r  sfo/residual_estimator/front_stage/main/service/u_egress_fifo/gnuram_async_fifo.xpm_fifo_base_inst/gen_cdc_pntr.rd_pntr_cdc_inst/src_gray_ff_reg[0]/C
    SLICE_X118Y94        FDRE (Prop_CFF_SLICEM_C_Q)
                                                      0.078     0.078 r  sfo/residual_estimator/front_stage/main/service/u_egress_fifo/gnuram_async_fifo.xpm_fifo_base_inst/gen_cdc_pntr.rd_pntr_cdc_inst/src_gray_ff_reg[0]/Q
                         net (fo=1, routed)           1.165     1.243    sfo/residual_estimator/front_stage/main/service/u_egress_fifo/gnuram_async_fifo.xpm_fifo_base_inst/gen_cdc_pntr.rd_pntr_cdc_inst/async_path[0]
    SLICE_X118Y94        FDRE                                         r  sfo/residual_estimator/front_stage/main/service/u_egress_fifo/gnuram_async_fifo.xpm_fifo_base_inst/gen_cdc_pntr.rd_pntr_cdc_inst/dest_graysync_ff_reg[0][0]/D
  -------------------------------------------------------------------    -------------------

                         max delay                    8.000     8.000    
    SLICE_X118Y94        FDRE (Setup_HFF2_SLICEM_C_D)
                                                      0.025     8.025    sfo/residual_estimator/front_stage/main/service/u_egress_fifo/gnuram_async_fifo.xpm_fifo_base_inst/gen_cdc_pntr.rd_pntr_cdc_inst/dest_graysync_ff_reg[0][0]
  -------------------------------------------------------------------
                         required time                          8.025    
                         arrival time                          -1.243    
  -------------------------------------------------------------------
                         slack                                  6.782    

Slack (MET) :             6.923ns  (required time - arrival time)
  Source:                 sfo/residual_estimator/front_stage/main/service/u_ingress_fifo/gnuram_async_fifo.xpm_fifo_base_inst/gen_cdc_pntr.wr_pntr_cdc_dc_inst/src_gray_ff_reg[2]/C
                            (rising edge-triggered cell FDRE clocked by clk125  {rise@0.000ns fall@4.000ns period=8.000ns})
  Destination:            sfo/residual_estimator/front_stage/main/service/u_ingress_fifo/gnuram_async_fifo.xpm_fifo_base_inst/gen_cdc_pntr.wr_pntr_cdc_dc_inst/dest_graysync_ff_reg[0][2]/D
                            (rising edge-triggered cell FDRE clocked by clk500  {rise@0.000ns fall@1.000ns period=2.000ns})
  Path Group:             clk500
  Path Type:              Setup (Max at Slow Process Corner)
  Requirement:            8.000ns  (MaxDelay Path 8.000ns)
  Data Path Delay:        1.102ns  (logic 0.078ns (7.078%)  route 1.024ns (92.922%))
  Logic Levels:           0  
  Timing Exception:       MaxDelay Path 8.000ns -datapath_only

    Location             Delay type                Incr(ns)  Path(ns)    Netlist Resource(s)
  -------------------------------------------------------------------    -------------------
    SLICE_X114Y77                                     0.000     0.000 r  sfo/residual_estimator/front_stage/main/service/u_ingress_fifo/gnuram_async_fifo.xpm_fifo_base_inst/gen_cdc_pntr.wr_pntr_cdc_dc_inst/src_gray_ff_reg[2]/C
    SLICE_X114Y77        FDRE (Prop_DFF_SLICEM_C_Q)
                                                      0.078     0.078 r  sfo/residual_estimator/front_stage/main/service/u_ingress_fifo/gnuram_async_fifo.xpm_fifo_base_inst/gen_cdc_pntr.wr_pntr_cdc_dc_inst/src_gray_ff_reg[2]/Q
                         net (fo=1, routed)           1.024     1.102    sfo/residual_estimator/front_stage/main/service/u_ingress_fifo/gnuram_async_fifo.xpm_fifo_base_inst/gen_cdc_pntr.wr_pntr_cdc_dc_inst/async_path[2]
    SLICE_X114Y77        FDRE                                         r  sfo/residual_estimator/front_stage/main/service/u_ingress_fifo/gnuram_async_fifo.xpm_fifo_base_inst/gen_cdc_pntr.wr_pntr_cdc_dc_inst/dest_graysync_ff_reg[0][2]/D
  -------------------------------------------------------------------    -------------------

                         max delay                    8.000     8.000    
    SLICE_X114Y77        FDRE (Setup_HFF2_SLICEM_C_D)
                                                      0.025     8.025    sfo/residual_estimator/front_stage/main/service/u_ingress_fifo/gnuram_async_fifo.xpm_fifo_base_inst/gen_cdc_pntr.wr_pntr_cdc_dc_inst/dest_graysync_ff_reg[0][2]
  -------------------------------------------------------------------
                         required time                          8.025    
                         arrival time                          -1.102    
  -------------------------------------------------------------------
                         slack                                  6.923    

Slack (MET) :             6.982ns  (required time - arrival time)
  Source:                 sfo/residual_estimator/front_stage/main/service/u_egress_fifo/gnuram_async_fifo.xpm_fifo_base_inst/gen_cdc_pntr.rd_pntr_cdc_inst/src_gray_ff_reg[7]/C
                            (rising edge-triggered cell FDRE clocked by clk125  {rise@0.000ns fall@4.000ns period=8.000ns})
  Destination:            sfo/residual_estimator/front_stage/main/service/u_egress_fifo/gnuram_async_fifo.xpm_fifo_base_inst/gen_cdc_pntr.rd_pntr_cdc_inst/dest_graysync_ff_reg[0][7]/D
                            (rising edge-triggered cell FDRE clocked by clk500  {rise@0.000ns fall@1.000ns period=2.000ns})
  Path Group:             clk500
  Path Type:              Setup (Max at Slow Process Corner)
  Requirement:            8.000ns  (MaxDelay Path 8.000ns)
  Data Path Delay:        1.043ns  (logic 0.079ns (7.574%)  route 0.964ns (92.426%))
  Logic Levels:           0  
  Timing Exception:       MaxDelay Path 8.000ns -datapath_only

    Location             Delay type                Incr(ns)  Path(ns)    Netlist Resource(s)
  -------------------------------------------------------------------    -------------------
    SLICE_X117Y92                                     0.000     0.000 r  sfo/residual_estimator/front_stage/main/service/u_egress_fifo/gnuram_async_fifo.xpm_fifo_base_inst/gen_cdc_pntr.rd_pntr_cdc_inst/src_gray_ff_reg[7]/C
    SLICE_X117Y92        FDRE (Prop_DFF_SLICEL_C_Q)
                                                      0.079     0.079 r  sfo/residual_estimator/front_stage/main/service/u_egress_fifo/gnuram_async_fifo.xpm_fifo_base_inst/gen_cdc_pntr.rd_pntr_cdc_inst/src_gray_ff_reg[7]/Q
                         net (fo=1, routed)           0.964     1.043    sfo/residual_estimator/front_stage/main/service/u_egress_fifo/gnuram_async_fifo.xpm_fifo_base_inst/gen_cdc_pntr.rd_pntr_cdc_inst/async_path[7]
    SLICE_X117Y92        FDRE                                         r  sfo/residual_estimator/front_stage/main/service/u_egress_fifo/gnuram_async_fifo.xpm_fifo_base_inst/gen_cdc_pntr.rd_pntr_cdc_inst/dest_graysync_ff_reg[0][7]/D
  -------------------------------------------------------------------    -------------------

                         max delay                    8.000     8.000    
    SLICE_X117Y92        FDRE (Setup_HFF2_SLICEL_C_D)
                                                      0.025     8.025    sfo/residual_estimator/front_stage/main/service/u_egress_fifo/gnuram_async_fifo.xpm_fifo_base_inst/gen_cdc_pntr.rd_pntr_cdc_inst/dest_graysync_ff_reg[0][7]
  -------------------------------------------------------------------
                         required time                          8.025    
                         arrival time                          -1.043    
  -------------------------------------------------------------------
                         slack                                  6.982    

Slack (MET) :             6.995ns  (required time - arrival time)
  Source:                 sfo/residual_estimator/front_stage/main/service/u_egress_fifo/gnuram_async_fifo.xpm_fifo_base_inst/gen_cdc_pntr.rd_pntr_cdc_inst/src_gray_ff_reg[4]/C
                            (rising edge-triggered cell FDRE clocked by clk125  {rise@0.000ns fall@4.000ns period=8.000ns})
  Destination:            sfo/residual_estimator/front_stage/main/service/u_egress_fifo/gnuram_async_fifo.xpm_fifo_base_inst/gen_cdc_pntr.rd_pntr_cdc_inst/dest_graysync_ff_reg[0][4]/D
                            (rising edge-triggered cell FDRE clocked by clk500  {rise@0.000ns fall@1.000ns period=2.000ns})
  Path Group:             clk500
  Path Type:              Setup (Max at Slow Process Corner)
  Requirement:            8.000ns  (MaxDelay Path 8.000ns)
  Data Path Delay:        1.030ns  (logic 0.081ns (7.864%)  route 0.949ns (92.136%))
  Logic Levels:           0  
  Timing Exception:       MaxDelay Path 8.000ns -datapath_only

    Location             Delay type                Incr(ns)  Path(ns)    Netlist Resource(s)
  -------------------------------------------------------------------    -------------------
    SLICE_X119Y89                                     0.000     0.000 r  sfo/residual_estimator/front_stage/main/service/u_egress_fifo/gnuram_async_fifo.xpm_fifo_base_inst/gen_cdc_pntr.rd_pntr_cdc_inst/src_gray_ff_reg[4]/C
    SLICE_X119Y89        FDRE (Prop_DFF2_SLICEL_C_Q)
                                                      0.081     0.081 r  sfo/residual_estimator/front_stage/main/service/u_egress_fifo/gnuram_async_fifo.xpm_fifo_base_inst/gen_cdc_pntr.rd_pntr_cdc_inst/src_gray_ff_reg[4]/Q
                         net (fo=1, routed)           0.949     1.030    sfo/residual_estimator/front_stage/main/service/u_egress_fifo/gnuram_async_fifo.xpm_fifo_base_inst/gen_cdc_pntr.rd_pntr_cdc_inst/async_path[4]
    SLICE_X119Y89        FDRE                                         r  sfo/residual_estimator/front_stage/main/service/u_egress_fifo/gnuram_async_fifo.xpm_fifo_base_inst/gen_cdc_pntr.rd_pntr_cdc_inst/dest_graysync_ff_reg[0][4]/D
  -------------------------------------------------------------------    -------------------

                         max delay                    8.000     8.000    
    SLICE_X119Y89        FDRE (Setup_GFF2_SLICEL_C_D)
                                                      0.025     8.025    sfo/residual_estimator/front_stage/main/service/u_egress_fifo/gnuram_async_fifo.xpm_fifo_base_inst/gen_cdc_pntr.rd_pntr_cdc_inst/dest_graysync_ff_reg[0][4]
  -------------------------------------------------------------------
                         required time                          8.025    
                         arrival time                          -1.030    
  -------------------------------------------------------------------
                         slack                                  6.995    

Slack (MET) :             7.100ns  (required time - arrival time)
  Source:                 sfo/residual_estimator/aux_service/u_egress_fifo/gnuram_async_fifo.xpm_fifo_base_inst/gen_cdc_pntr.rd_pntr_cdc_inst/src_gray_ff_reg[7]/C
                            (rising edge-triggered cell FDRE clocked by clk125  {rise@0.000ns fall@4.000ns period=8.000ns})
  Destination:            sfo/residual_estimator/aux_service/u_egress_fifo/gnuram_async_fifo.xpm_fifo_base_inst/gen_cdc_pntr.rd_pntr_cdc_inst/dest_graysync_ff_reg[0][7]/D
                            (rising edge-triggered cell FDRE clocked by clk500  {rise@0.000ns fall@1.000ns period=2.000ns})
  Path Group:             clk500
  Path Type:              Setup (Max at Slow Process Corner)
  Requirement:            8.000ns  (MaxDelay Path 8.000ns)
  Data Path Delay:        0.925ns  (logic 0.079ns (8.541%)  route 0.846ns (91.459%))
  Logic Levels:           0  
  Timing Exception:       MaxDelay Path 8.000ns -datapath_only

    Location             Delay type                Incr(ns)  Path(ns)    Netlist Resource(s)
  -------------------------------------------------------------------    -------------------
    SLICE_X147Y25                                     0.000     0.000 r  sfo/residual_estimator/aux_service/u_egress_fifo/gnuram_async_fifo.xpm_fifo_base_inst/gen_cdc_pntr.rd_pntr_cdc_inst/src_gray_ff_reg[7]/C
    SLICE_X147Y25        FDRE (Prop_HFF_SLICEL_C_Q)
                                                      0.079     0.079 r  sfo/residual_estimator/aux_service/u_egress_fifo/gnuram_async_fifo.xpm_fifo_base_inst/gen_cdc_pntr.rd_pntr_cdc_inst/src_gray_ff_reg[7]/Q
                         net (fo=1, routed)           0.846     0.925    sfo/residual_estimator/aux_service/u_egress_fifo/gnuram_async_fifo.xpm_fifo_base_inst/gen_cdc_pntr.rd_pntr_cdc_inst/async_path[7]
    SLICE_X148Y24        FDRE                                         r  sfo/residual_estimator/aux_service/u_egress_fifo/gnuram_async_fifo.xpm_fifo_base_inst/gen_cdc_pntr.rd_pntr_cdc_inst/dest_graysync_ff_reg[0][7]/D
  -------------------------------------------------------------------    -------------------

                         max delay                    8.000     8.000    
    SLICE_X148Y24        FDRE (Setup_DFF2_SLICEL_C_D)
                                                      0.025     8.025    sfo/residual_estimator/aux_service/u_egress_fifo/gnuram_async_fifo.xpm_fifo_base_inst/gen_cdc_pntr.rd_pntr_cdc_inst/dest_graysync_ff_reg[0][7]
  -------------------------------------------------------------------
                         required time                          8.025    
                         arrival time                          -0.925    
  -------------------------------------------------------------------
                         slack                                  7.100    

Slack (MET) :             7.129ns  (required time - arrival time)
  Source:                 sfo/residual_estimator/front_stage/main/service/u_egress_fifo/gnuram_async_fifo.xpm_fifo_base_inst/gen_cdc_pntr.rd_pntr_cdc_inst/src_gray_ff_reg[5]/C
                            (rising edge-triggered cell FDRE clocked by clk125  {rise@0.000ns fall@4.000ns period=8.000ns})
  Destination:            sfo/residual_estimator/front_stage/main/service/u_egress_fifo/gnuram_async_fifo.xpm_fifo_base_inst/gen_cdc_pntr.rd_pntr_cdc_inst/dest_graysync_ff_reg[0][5]/D
                            (rising edge-triggered cell FDRE clocked by clk500  {rise@0.000ns fall@1.000ns period=2.000ns})
  Path Group:             clk500
  Path Type:              Setup (Max at Slow Process Corner)
  Requirement:            8.000ns  (MaxDelay Path 8.000ns)
  Data Path Delay:        0.896ns  (logic 0.079ns (8.817%)  route 0.817ns (91.183%))
  Logic Levels:           0  
  Timing Exception:       MaxDelay Path 8.000ns -datapath_only

    Location             Delay type                Incr(ns)  Path(ns)    Netlist Resource(s)
  -------------------------------------------------------------------    -------------------
    SLICE_X117Y89                                     0.000     0.000 r  sfo/residual_estimator/front_stage/main/service/u_egress_fifo/gnuram_async_fifo.xpm_fifo_base_inst/gen_cdc_pntr.rd_pntr_cdc_inst/src_gray_ff_reg[5]/C
    SLICE_X117Y89        FDRE (Prop_DFF_SLICEL_C_Q)
                                                      0.079     0.079 r  sfo/residual_estimator/front_stage/main/service/u_egress_fifo/gnuram_async_fifo.xpm_fifo_base_inst/gen_cdc_pntr.rd_pntr_cdc_inst/src_gray_ff_reg[5]/Q
                         net (fo=1, routed)           0.817     0.896    sfo/residual_estimator/front_stage/main/service/u_egress_fifo/gnuram_async_fifo.xpm_fifo_base_inst/gen_cdc_pntr.rd_pntr_cdc_inst/async_path[5]
    SLICE_X117Y89        FDRE                                         r  sfo/residual_estimator/front_stage/main/service/u_egress_fifo/gnuram_async_fifo.xpm_fifo_base_inst/gen_cdc_pntr.rd_pntr_cdc_inst/dest_graysync_ff_reg[0][5]/D
  -------------------------------------------------------------------    -------------------

                         max delay                    8.000     8.000    
    SLICE_X117Y89        FDRE (Setup_HFF2_SLICEL_C_D)
                                                      0.025     8.025    sfo/residual_estimator/front_stage/main/service/u_egress_fifo/gnuram_async_fifo.xpm_fifo_base_inst/gen_cdc_pntr.rd_pntr_cdc_inst/dest_graysync_ff_reg[0][5]
  -------------------------------------------------------------------
                         required time                          8.025    
                         arrival time                          -0.896    
  -------------------------------------------------------------------
                         slack                                  7.129    

Slack (MET) :             7.154ns  (required time - arrival time)
  Source:                 sfo/residual_estimator/aux_service/u_egress_fifo/gnuram_async_fifo.xpm_fifo_base_inst/gen_cdc_pntr.rd_pntr_cdc_inst/src_gray_ff_reg[1]/C
                            (rising edge-triggered cell FDRE clocked by clk125  {rise@0.000ns fall@4.000ns period=8.000ns})
  Destination:            sfo/residual_estimator/aux_service/u_egress_fifo/gnuram_async_fifo.xpm_fifo_base_inst/gen_cdc_pntr.rd_pntr_cdc_inst/dest_graysync_ff_reg[0][1]/D
                            (rising edge-triggered cell FDRE clocked by clk500  {rise@0.000ns fall@1.000ns period=2.000ns})
  Path Group:             clk500
  Path Type:              Setup (Max at Slow Process Corner)
  Requirement:            8.000ns  (MaxDelay Path 8.000ns)
  Data Path Delay:        0.871ns  (logic 0.081ns (9.300%)  route 0.790ns (90.700%))
  Logic Levels:           0  
  Timing Exception:       MaxDelay Path 8.000ns -datapath_only

    Location             Delay type                Incr(ns)  Path(ns)    Netlist Resource(s)
  -------------------------------------------------------------------    -------------------
    SLICE_X148Y22                                     0.000     0.000 r  sfo/residual_estimator/aux_service/u_egress_fifo/gnuram_async_fifo.xpm_fifo_base_inst/gen_cdc_pntr.rd_pntr_cdc_inst/src_gray_ff_reg[1]/C
    SLICE_X148Y22        FDRE (Prop_FFF2_SLICEL_C_Q)
                                                      0.081     0.081 r  sfo/residual_estimator/aux_service/u_egress_fifo/gnuram_async_fifo.xpm_fifo_base_inst/gen_cdc_pntr.rd_pntr_cdc_inst/src_gray_ff_reg[1]/Q
                         net (fo=1, routed)           0.790     0.871    sfo/residual_estimator/aux_service/u_egress_fifo/gnuram_async_fifo.xpm_fifo_base_inst/gen_cdc_pntr.rd_pntr_cdc_inst/async_path[1]
    SLICE_X150Y22        FDRE                                         r  sfo/residual_estimator/aux_service/u_egress_fifo/gnuram_async_fifo.xpm_fifo_base_inst/gen_cdc_pntr.rd_pntr_cdc_inst/dest_graysync_ff_reg[0][1]/D
  -------------------------------------------------------------------    -------------------

                         max delay                    8.000     8.000    
    SLICE_X150Y22        FDRE (Setup_GFF2_SLICEM_C_D)
                                                      0.025     8.025    sfo/residual_estimator/aux_service/u_egress_fifo/gnuram_async_fifo.xpm_fifo_base_inst/gen_cdc_pntr.rd_pntr_cdc_inst/dest_graysync_ff_reg[0][1]
  -------------------------------------------------------------------
                         required time                          8.025    
                         arrival time                          -0.871    
  -------------------------------------------------------------------
                         slack                                  7.154    

Slack (MET) :             7.313ns  (required time - arrival time)
  Source:                 sfo/initial_estimator/owner/fft/u_ingress_fifo/gnuram_async_fifo.xpm_fifo_base_inst/gen_cdc_pntr.wr_pntr_cdc_inst/src_gray_ff_reg[3]/C
                            (rising edge-triggered cell FDRE clocked by clk125  {rise@0.000ns fall@4.000ns period=8.000ns})
  Destination:            sfo/initial_estimator/owner/fft/u_ingress_fifo/gnuram_async_fifo.xpm_fifo_base_inst/gen_cdc_pntr.wr_pntr_cdc_inst/dest_graysync_ff_reg[0][3]/D
                            (rising edge-triggered cell FDRE clocked by clk500  {rise@0.000ns fall@1.000ns period=2.000ns})
  Path Group:             clk500
  Path Type:              Setup (Max at Slow Process Corner)
  Requirement:            8.000ns  (MaxDelay Path 8.000ns)
  Data Path Delay:        0.712ns  (logic 0.079ns (11.096%)  route 0.633ns (88.904%))
  Logic Levels:           0  
  Timing Exception:       MaxDelay Path 8.000ns -datapath_only

    Location             Delay type                Incr(ns)  Path(ns)    Netlist Resource(s)
  -------------------------------------------------------------------    -------------------
    SLICE_X58Y56                                      0.000     0.000 r  sfo/initial_estimator/owner/fft/u_ingress_fifo/gnuram_async_fifo.xpm_fifo_base_inst/gen_cdc_pntr.wr_pntr_cdc_inst/src_gray_ff_reg[3]/C
    SLICE_X58Y56         FDRE (Prop_DFF_SLICEL_C_Q)
                                                      0.079     0.079 r  sfo/initial_estimator/owner/fft/u_ingress_fifo/gnuram_async_fifo.xpm_fifo_base_inst/gen_cdc_pntr.wr_pntr_cdc_inst/src_gray_ff_reg[3]/Q
                         net (fo=1, routed)           0.633     0.712    sfo/initial_estimator/owner/fft/u_ingress_fifo/gnuram_async_fifo.xpm_fifo_base_inst/gen_cdc_pntr.wr_pntr_cdc_inst/async_path[3]
    SLICE_X58Y56         FDRE                                         r  sfo/initial_estimator/owner/fft/u_ingress_fifo/gnuram_async_fifo.xpm_fifo_base_inst/gen_cdc_pntr.wr_pntr_cdc_inst/dest_graysync_ff_reg[0][3]/D
  -------------------------------------------------------------------    -------------------

                         max delay                    8.000     8.000    
    SLICE_X58Y56         FDRE (Setup_HFF2_SLICEL_C_D)
                                                      0.025     8.025    sfo/initial_estimator/owner/fft/u_ingress_fifo/gnuram_async_fifo.xpm_fifo_base_inst/gen_cdc_pntr.wr_pntr_cdc_inst/dest_graysync_ff_reg[0][3]
  -------------------------------------------------------------------
                         required time                          8.025    
                         arrival time                          -0.712    
  -------------------------------------------------------------------
                         slack                                  7.313    

Slack (MET) :             7.398ns  (required time - arrival time)
  Source:                 sfo/initial_estimator/owner/fft/u_egress_fifo/gnuram_async_fifo.xpm_fifo_base_inst/gen_cdc_pntr.rd_pntr_cdc_inst/src_gray_ff_reg[5]/C
                            (rising edge-triggered cell FDRE clocked by clk125  {rise@0.000ns fall@4.000ns period=8.000ns})
  Destination:            sfo/initial_estimator/owner/fft/u_egress_fifo/gnuram_async_fifo.xpm_fifo_base_inst/gen_cdc_pntr.rd_pntr_cdc_inst/dest_graysync_ff_reg[0][5]/D
                            (rising edge-triggered cell FDRE clocked by clk500  {rise@0.000ns fall@1.000ns period=2.000ns})
  Path Group:             clk500
  Path Type:              Setup (Max at Slow Process Corner)
  Requirement:            8.000ns  (MaxDelay Path 8.000ns)
  Data Path Delay:        0.627ns  (logic 0.076ns (12.121%)  route 0.551ns (87.879%))
  Logic Levels:           0  
  Timing Exception:       MaxDelay Path 8.000ns -datapath_only

    Location             Delay type                Incr(ns)  Path(ns)    Netlist Resource(s)
  -------------------------------------------------------------------    -------------------
    SLICE_X1Y23                                       0.000     0.000 r  sfo/initial_estimator/owner/fft/u_egress_fifo/gnuram_async_fifo.xpm_fifo_base_inst/gen_cdc_pntr.rd_pntr_cdc_inst/src_gray_ff_reg[5]/C
    SLICE_X1Y23          FDRE (Prop_EFF_SLICEM_C_Q)
                                                      0.076     0.076 r  sfo/initial_estimator/owner/fft/u_egress_fifo/gnuram_async_fifo.xpm_fifo_base_inst/gen_cdc_pntr.rd_pntr_cdc_inst/src_gray_ff_reg[5]/Q
                         net (fo=1, routed)           0.551     0.627    sfo/initial_estimator/owner/fft/u_egress_fifo/gnuram_async_fifo.xpm_fifo_base_inst/gen_cdc_pntr.rd_pntr_cdc_inst/async_path[5]
    SLICE_X1Y23          FDRE                                         r  sfo/initial_estimator/owner/fft/u_egress_fifo/gnuram_async_fifo.xpm_fifo_base_inst/gen_cdc_pntr.rd_pntr_cdc_inst/dest_graysync_ff_reg[0][5]/D
  -------------------------------------------------------------------    -------------------

                         max delay                    8.000     8.000    
    SLICE_X1Y23          FDRE (Setup_DFF2_SLICEM_C_D)
                                                      0.025     8.025    sfo/initial_estimator/owner/fft/u_egress_fifo/gnuram_async_fifo.xpm_fifo_base_inst/gen_cdc_pntr.rd_pntr_cdc_inst/dest_graysync_ff_reg[0][5]
  -------------------------------------------------------------------
                         required time                          8.025    
                         arrival time                          -0.627    
  -------------------------------------------------------------------
                         slack                                  7.398    

Slack (MET) :             7.443ns  (required time - arrival time)
  Source:                 sfo/initial_estimator/owner/fft/u_ingress_fifo/gnuram_async_fifo.xpm_fifo_base_inst/gen_cdc_pntr.wr_pntr_cdc_inst/src_gray_ff_reg[0]/C
                            (rising edge-triggered cell FDRE clocked by clk125  {rise@0.000ns fall@4.000ns period=8.000ns})
  Destination:            sfo/initial_estimator/owner/fft/u_ingress_fifo/gnuram_async_fifo.xpm_fifo_base_inst/gen_cdc_pntr.wr_pntr_cdc_inst/dest_graysync_ff_reg[0][0]/D
                            (rising edge-triggered cell FDRE clocked by clk500  {rise@0.000ns fall@1.000ns period=2.000ns})
  Path Group:             clk500
  Path Type:              Setup (Max at Slow Process Corner)
  Requirement:            8.000ns  (MaxDelay Path 8.000ns)
  Data Path Delay:        0.582ns  (logic 0.079ns (13.574%)  route 0.503ns (86.426%))
  Logic Levels:           0  
  Timing Exception:       MaxDelay Path 8.000ns -datapath_only

    Location             Delay type                Incr(ns)  Path(ns)    Netlist Resource(s)
  -------------------------------------------------------------------    -------------------
    SLICE_X59Y54                                      0.000     0.000 r  sfo/initial_estimator/owner/fft/u_ingress_fifo/gnuram_async_fifo.xpm_fifo_base_inst/gen_cdc_pntr.wr_pntr_cdc_inst/src_gray_ff_reg[0]/C
    SLICE_X59Y54         FDRE (Prop_DFF_SLICEL_C_Q)
                                                      0.079     0.079 r  sfo/initial_estimator/owner/fft/u_ingress_fifo/gnuram_async_fifo.xpm_fifo_base_inst/gen_cdc_pntr.wr_pntr_cdc_inst/src_gray_ff_reg[0]/Q
                         net (fo=1, routed)           0.503     0.582    sfo/initial_estimator/owner/fft/u_ingress_fifo/gnuram_async_fifo.xpm_fifo_base_inst/gen_cdc_pntr.wr_pntr_cdc_inst/async_path[0]
    SLICE_X59Y54         FDRE                                         r  sfo/initial_estimator/owner/fft/u_ingress_fifo/gnuram_async_fifo.xpm_fifo_base_inst/gen_cdc_pntr.wr_pntr_cdc_inst/dest_graysync_ff_reg[0][0]/D
  -------------------------------------------------------------------    -------------------

                         max delay                    8.000     8.000    
    SLICE_X59Y54         FDRE (Setup_HFF2_SLICEL_C_D)
                                                      0.025     8.025    sfo/initial_estimator/owner/fft/u_ingress_fifo/gnuram_async_fifo.xpm_fifo_base_inst/gen_cdc_pntr.wr_pntr_cdc_inst/dest_graysync_ff_reg[0][0]
  -------------------------------------------------------------------
                         required time                          8.025    
                         arrival time                          -0.582    
  -------------------------------------------------------------------
                         slack                                  7.443    





---------------------------------------------------------------------------------------------------
From Clock:  clk150
  To Clock:  clk500

Setup :            0  Failing Endpoints,  Worst Slack        6.162ns,  Total Violation        0.000ns
Hold  :           NA  Failing Endpoints,  Worst Slack           NA  ,  Total Violation           NA
---------------------------------------------------------------------------------------------------


Max Delay Paths
--------------------------------------------------------------------------------------
Slack (MET) :             6.162ns  (required time - arrival time)
  Source:                 cfo/windows/packed_windows/fifo/gnuram_async_fifo.xpm_fifo_base_inst/gen_cdc_pntr.wr_pntr_cdc_inst/src_gray_ff_reg[1]/C
                            (rising edge-triggered cell FDRE clocked by clk150  {rise@0.000ns fall@3.333ns period=6.667ns})
  Destination:            cfo/windows/packed_windows/fifo/gnuram_async_fifo.xpm_fifo_base_inst/gen_cdc_pntr.wr_pntr_cdc_inst/dest_graysync_ff_reg[0][1]/D
                            (rising edge-triggered cell FDRE clocked by clk500  {rise@0.000ns fall@1.000ns period=2.000ns})
  Path Group:             clk500
  Path Type:              Setup (Max at Slow Process Corner)
  Requirement:            6.667ns  (MaxDelay Path 6.667ns)
  Data Path Delay:        0.530ns  (logic 0.080ns (15.094%)  route 0.450ns (84.906%))
  Logic Levels:           0  
  Timing Exception:       MaxDelay Path 6.667ns -datapath_only

    Location             Delay type                Incr(ns)  Path(ns)    Netlist Resource(s)
  -------------------------------------------------------------------    -------------------
    SLICE_X174Y158                                    0.000     0.000 r  cfo/windows/packed_windows/fifo/gnuram_async_fifo.xpm_fifo_base_inst/gen_cdc_pntr.wr_pntr_cdc_inst/src_gray_ff_reg[1]/C
    SLICE_X174Y158       FDRE (Prop_HFF2_SLICEL_C_Q)
                                                      0.080     0.080 r  cfo/windows/packed_windows/fifo/gnuram_async_fifo.xpm_fifo_base_inst/gen_cdc_pntr.wr_pntr_cdc_inst/src_gray_ff_reg[1]/Q
                         net (fo=1, routed)           0.450     0.530    cfo/windows/packed_windows/fifo/gnuram_async_fifo.xpm_fifo_base_inst/gen_cdc_pntr.wr_pntr_cdc_inst/async_path[1]
    SLICE_X174Y158       FDRE                                         r  cfo/windows/packed_windows/fifo/gnuram_async_fifo.xpm_fifo_base_inst/gen_cdc_pntr.wr_pntr_cdc_inst/dest_graysync_ff_reg[0][1]/D
  -------------------------------------------------------------------    -------------------

                         max delay                    6.667     6.667    
    SLICE_X174Y158       FDRE (Setup_CFF2_SLICEL_C_D)
                                                      0.025     6.692    cfo/windows/packed_windows/fifo/gnuram_async_fifo.xpm_fifo_base_inst/gen_cdc_pntr.wr_pntr_cdc_inst/dest_graysync_ff_reg[0][1]
  -------------------------------------------------------------------
                         required time                          6.692    
                         arrival time                          -0.530    
  -------------------------------------------------------------------
                         slack                                  6.162    

Slack (MET) :             6.193ns  (required time - arrival time)
  Source:                 cfo/windows/packed_windows/fifo/gnuram_async_fifo.xpm_fifo_base_inst/gen_cdc_pntr.wr_pntr_cdc_inst/src_gray_ff_reg[11]/C
                            (rising edge-triggered cell FDRE clocked by clk150  {rise@0.000ns fall@3.333ns period=6.667ns})
  Destination:            cfo/windows/packed_windows/fifo/gnuram_async_fifo.xpm_fifo_base_inst/gen_cdc_pntr.wr_pntr_cdc_inst/dest_graysync_ff_reg[0][11]/D
                            (rising edge-triggered cell FDRE clocked by clk500  {rise@0.000ns fall@1.000ns period=2.000ns})
  Path Group:             clk500
  Path Type:              Setup (Max at Slow Process Corner)
  Requirement:            6.667ns  (MaxDelay Path 6.667ns)
  Data Path Delay:        0.499ns  (logic 0.076ns (15.230%)  route 0.423ns (84.770%))
  Logic Levels:           0  
  Timing Exception:       MaxDelay Path 6.667ns -datapath_only

    Location             Delay type                Incr(ns)  Path(ns)    Netlist Resource(s)
  -------------------------------------------------------------------    -------------------
    SLICE_X176Y153                                    0.000     0.000 r  cfo/windows/packed_windows/fifo/gnuram_async_fifo.xpm_fifo_base_inst/gen_cdc_pntr.wr_pntr_cdc_inst/src_gray_ff_reg[11]/C
    SLICE_X176Y153       FDRE (Prop_EFF_SLICEM_C_Q)
                                                      0.076     0.076 r  cfo/windows/packed_windows/fifo/gnuram_async_fifo.xpm_fifo_base_inst/gen_cdc_pntr.wr_pntr_cdc_inst/src_gray_ff_reg[11]/Q
                         net (fo=1, routed)           0.423     0.499    cfo/windows/packed_windows/fifo/gnuram_async_fifo.xpm_fifo_base_inst/gen_cdc_pntr.wr_pntr_cdc_inst/async_path[11]
    SLICE_X176Y153       FDRE                                         r  cfo/windows/packed_windows/fifo/gnuram_async_fifo.xpm_fifo_base_inst/gen_cdc_pntr.wr_pntr_cdc_inst/dest_graysync_ff_reg[0][11]/D
  -------------------------------------------------------------------    -------------------

                         max delay                    6.667     6.667    
    SLICE_X176Y153       FDRE (Setup_DFF2_SLICEM_C_D)
                                                      0.025     6.692    cfo/windows/packed_windows/fifo/gnuram_async_fifo.xpm_fifo_base_inst/gen_cdc_pntr.wr_pntr_cdc_inst/dest_graysync_ff_reg[0][11]
  -------------------------------------------------------------------
                         required time                          6.692    
                         arrival time                          -0.499    
  -------------------------------------------------------------------
                         slack                                  6.193    

Slack (MET) :             6.212ns  (required time - arrival time)
  Source:                 cfo/windows/complete_windows/fifo/gnuram_async_fifo.xpm_fifo_base_inst/gen_cdc_pntr.wr_pntr_cdc_inst/src_gray_ff_reg[3]/C
                            (rising edge-triggered cell FDRE clocked by clk150  {rise@0.000ns fall@3.333ns period=6.667ns})
  Destination:            cfo/windows/complete_windows/fifo/gnuram_async_fifo.xpm_fifo_base_inst/gen_cdc_pntr.wr_pntr_cdc_inst/dest_graysync_ff_reg[0][3]/D
                            (rising edge-triggered cell FDRE clocked by clk500  {rise@0.000ns fall@1.000ns period=2.000ns})
  Path Group:             clk500
  Path Type:              Setup (Max at Slow Process Corner)
  Requirement:            6.667ns  (MaxDelay Path 6.667ns)
  Data Path Delay:        0.480ns  (logic 0.081ns (16.875%)  route 0.399ns (83.125%))
  Logic Levels:           0  
  Timing Exception:       MaxDelay Path 6.667ns -datapath_only

    Location             Delay type                Incr(ns)  Path(ns)    Netlist Resource(s)
  -------------------------------------------------------------------    -------------------
    SLICE_X178Y64                                     0.000     0.000 r  cfo/windows/complete_windows/fifo/gnuram_async_fifo.xpm_fifo_base_inst/gen_cdc_pntr.wr_pntr_cdc_inst/src_gray_ff_reg[3]/C
    SLICE_X178Y64        FDRE (Prop_GFF2_SLICEL_C_Q)
                                                      0.081     0.081 r  cfo/windows/complete_windows/fifo/gnuram_async_fifo.xpm_fifo_base_inst/gen_cdc_pntr.wr_pntr_cdc_inst/src_gray_ff_reg[3]/Q
                         net (fo=1, routed)           0.399     0.480    cfo/windows/complete_windows/fifo/gnuram_async_fifo.xpm_fifo_base_inst/gen_cdc_pntr.wr_pntr_cdc_inst/async_path[3]
    SLICE_X178Y64        FDRE                                         r  cfo/windows/complete_windows/fifo/gnuram_async_fifo.xpm_fifo_base_inst/gen_cdc_pntr.wr_pntr_cdc_inst/dest_graysync_ff_reg[0][3]/D
  -------------------------------------------------------------------    -------------------

                         max delay                    6.667     6.667    
    SLICE_X178Y64        FDRE (Setup_CFF2_SLICEL_C_D)
                                                      0.025     6.692    cfo/windows/complete_windows/fifo/gnuram_async_fifo.xpm_fifo_base_inst/gen_cdc_pntr.wr_pntr_cdc_inst/dest_graysync_ff_reg[0][3]
  -------------------------------------------------------------------
                         required time                          6.692    
                         arrival time                          -0.480    
  -------------------------------------------------------------------
                         slack                                  6.212    

Slack (MET) :             6.233ns  (required time - arrival time)
  Source:                 cfo/windows/packed_windows/fifo/gnuram_async_fifo.xpm_fifo_base_inst/gen_cdc_pntr.wr_pntr_cdc_inst/src_gray_ff_reg[5]/C
                            (rising edge-triggered cell FDRE clocked by clk150  {rise@0.000ns fall@3.333ns period=6.667ns})
  Destination:            cfo/windows/packed_windows/fifo/gnuram_async_fifo.xpm_fifo_base_inst/gen_cdc_pntr.wr_pntr_cdc_inst/dest_graysync_ff_reg[0][5]/D
                            (rising edge-triggered cell FDRE clocked by clk500  {rise@0.000ns fall@1.000ns period=2.000ns})
  Path Group:             clk500
  Path Type:              Setup (Max at Slow Process Corner)
  Requirement:            6.667ns  (MaxDelay Path 6.667ns)
  Data Path Delay:        0.459ns  (logic 0.080ns (17.429%)  route 0.379ns (82.571%))
  Logic Levels:           0  
  Timing Exception:       MaxDelay Path 6.667ns -datapath_only

    Location             Delay type                Incr(ns)  Path(ns)    Netlist Resource(s)
  -------------------------------------------------------------------    -------------------
    SLICE_X174Y157                                    0.000     0.000 r  cfo/windows/packed_windows/fifo/gnuram_async_fifo.xpm_fifo_base_inst/gen_cdc_pntr.wr_pntr_cdc_inst/src_gray_ff_reg[5]/C
    SLICE_X174Y157       FDRE (Prop_HFF2_SLICEL_C_Q)
                                                      0.080     0.080 r  cfo/windows/packed_windows/fifo/gnuram_async_fifo.xpm_fifo_base_inst/gen_cdc_pntr.wr_pntr_cdc_inst/src_gray_ff_reg[5]/Q
                         net (fo=1, routed)           0.379     0.459    cfo/windows/packed_windows/fifo/gnuram_async_fifo.xpm_fifo_base_inst/gen_cdc_pntr.wr_pntr_cdc_inst/async_path[5]
    SLICE_X174Y157       FDRE                                         r  cfo/windows/packed_windows/fifo/gnuram_async_fifo.xpm_fifo_base_inst/gen_cdc_pntr.wr_pntr_cdc_inst/dest_graysync_ff_reg[0][5]/D
  -------------------------------------------------------------------    -------------------

                         max delay                    6.667     6.667    
    SLICE_X174Y157       FDRE (Setup_CFF2_SLICEL_C_D)
                                                      0.025     6.692    cfo/windows/packed_windows/fifo/gnuram_async_fifo.xpm_fifo_base_inst/gen_cdc_pntr.wr_pntr_cdc_inst/dest_graysync_ff_reg[0][5]
  -------------------------------------------------------------------
                         required time                          6.692    
                         arrival time                          -0.459    
  -------------------------------------------------------------------
                         slack                                  6.233    

Slack (MET) :             6.244ns  (required time - arrival time)
  Source:                 cfo/windows/window_credits/fifo/gnuram_async_fifo.xpm_fifo_base_inst/gen_cdc_pntr.rd_pntr_cdc_inst/src_gray_ff_reg[4]/C
                            (rising edge-triggered cell FDRE clocked by clk150  {rise@0.000ns fall@3.333ns period=6.667ns})
  Destination:            cfo/windows/window_credits/fifo/gnuram_async_fifo.xpm_fifo_base_inst/gen_cdc_pntr.rd_pntr_cdc_inst/dest_graysync_ff_reg[0][4]/D
                            (rising edge-triggered cell FDRE clocked by clk500  {rise@0.000ns fall@1.000ns period=2.000ns})
  Path Group:             clk500
  Path Type:              Setup (Max at Slow Process Corner)
  Requirement:            6.667ns  (MaxDelay Path 6.667ns)
  Data Path Delay:        0.448ns  (logic 0.079ns (17.634%)  route 0.369ns (82.366%))
  Logic Levels:           0  
  Timing Exception:       MaxDelay Path 6.667ns -datapath_only

    Location             Delay type                Incr(ns)  Path(ns)    Netlist Resource(s)
  -------------------------------------------------------------------    -------------------
    SLICE_X131Y72                                     0.000     0.000 r  cfo/windows/window_credits/fifo/gnuram_async_fifo.xpm_fifo_base_inst/gen_cdc_pntr.rd_pntr_cdc_inst/src_gray_ff_reg[4]/C
    SLICE_X131Y72        FDRE (Prop_EFF_SLICEL_C_Q)
                                                      0.079     0.079 r  cfo/windows/window_credits/fifo/gnuram_async_fifo.xpm_fifo_base_inst/gen_cdc_pntr.rd_pntr_cdc_inst/src_gray_ff_reg[4]/Q
                         net (fo=1, routed)           0.369     0.448    cfo/windows/window_credits/fifo/gnuram_async_fifo.xpm_fifo_base_inst/gen_cdc_pntr.rd_pntr_cdc_inst/async_path[4]
    SLICE_X132Y72        FDRE                                         r  cfo/windows/window_credits/fifo/gnuram_async_fifo.xpm_fifo_base_inst/gen_cdc_pntr.rd_pntr_cdc_inst/dest_graysync_ff_reg[0][4]/D
  -------------------------------------------------------------------    -------------------

                         max delay                    6.667     6.667    
    SLICE_X132Y72        FDRE (Setup_DFF2_SLICEL_C_D)
                                                      0.025     6.692    cfo/windows/window_credits/fifo/gnuram_async_fifo.xpm_fifo_base_inst/gen_cdc_pntr.rd_pntr_cdc_inst/dest_graysync_ff_reg[0][4]
  -------------------------------------------------------------------
                         required time                          6.692    
                         arrival time                          -0.448    
  -------------------------------------------------------------------
                         slack                                  6.244    

Slack (MET) :             6.249ns  (required time - arrival time)
  Source:                 cfo/windows/window_credits/fifo/gnuram_async_fifo.xpm_fifo_base_inst/gen_cdc_pntr.rd_pntr_cdc_inst/src_gray_ff_reg[2]/C
                            (rising edge-triggered cell FDRE clocked by clk150  {rise@0.000ns fall@3.333ns period=6.667ns})
  Destination:            cfo/windows/window_credits/fifo/gnuram_async_fifo.xpm_fifo_base_inst/gen_cdc_pntr.rd_pntr_cdc_inst/dest_graysync_ff_reg[0][2]/D
                            (rising edge-triggered cell FDRE clocked by clk500  {rise@0.000ns fall@1.000ns period=2.000ns})
  Path Group:             clk500
  Path Type:              Setup (Max at Slow Process Corner)
  Requirement:            6.667ns  (MaxDelay Path 6.667ns)
  Data Path Delay:        0.443ns  (logic 0.079ns (17.833%)  route 0.364ns (82.167%))
  Logic Levels:           0  
  Timing Exception:       MaxDelay Path 6.667ns -datapath_only

    Location             Delay type                Incr(ns)  Path(ns)    Netlist Resource(s)
  -------------------------------------------------------------------    -------------------
    SLICE_X130Y74                                     0.000     0.000 r  cfo/windows/window_credits/fifo/gnuram_async_fifo.xpm_fifo_base_inst/gen_cdc_pntr.rd_pntr_cdc_inst/src_gray_ff_reg[2]/C
    SLICE_X130Y74        FDRE (Prop_DFF_SLICEL_C_Q)
                                                      0.079     0.079 r  cfo/windows/window_credits/fifo/gnuram_async_fifo.xpm_fifo_base_inst/gen_cdc_pntr.rd_pntr_cdc_inst/src_gray_ff_reg[2]/Q
                         net (fo=1, routed)           0.364     0.443    cfo/windows/window_credits/fifo/gnuram_async_fifo.xpm_fifo_base_inst/gen_cdc_pntr.rd_pntr_cdc_inst/async_path[2]
    SLICE_X130Y74        FDRE                                         r  cfo/windows/window_credits/fifo/gnuram_async_fifo.xpm_fifo_base_inst/gen_cdc_pntr.rd_pntr_cdc_inst/dest_graysync_ff_reg[0][2]/D
  -------------------------------------------------------------------    -------------------

                         max delay                    6.667     6.667    
    SLICE_X130Y74        FDRE (Setup_HFF2_SLICEL_C_D)
                                                      0.025     6.692    cfo/windows/window_credits/fifo/gnuram_async_fifo.xpm_fifo_base_inst/gen_cdc_pntr.rd_pntr_cdc_inst/dest_graysync_ff_reg[0][2]
  -------------------------------------------------------------------
                         required time                          6.692    
                         arrival time                          -0.443    
  -------------------------------------------------------------------
                         slack                                  6.249    

Slack (MET) :             6.257ns  (required time - arrival time)
  Source:                 cfo/windows/packed_windows/fifo/gnuram_async_fifo.xpm_fifo_base_inst/gen_cdc_pntr.wr_pntr_cdc_inst/src_gray_ff_reg[2]/C
                            (rising edge-triggered cell FDRE clocked by clk150  {rise@0.000ns fall@3.333ns period=6.667ns})
  Destination:            cfo/windows/packed_windows/fifo/gnuram_async_fifo.xpm_fifo_base_inst/gen_cdc_pntr.wr_pntr_cdc_inst/dest_graysync_ff_reg[0][2]/D
                            (rising edge-triggered cell FDRE clocked by clk500  {rise@0.000ns fall@1.000ns period=2.000ns})
  Path Group:             clk500
  Path Type:              Setup (Max at Slow Process Corner)
  Requirement:            6.667ns  (MaxDelay Path 6.667ns)
  Data Path Delay:        0.435ns  (logic 0.079ns (18.161%)  route 0.356ns (81.839%))
  Logic Levels:           0  
  Timing Exception:       MaxDelay Path 6.667ns -datapath_only

    Location             Delay type                Incr(ns)  Path(ns)    Netlist Resource(s)
  -------------------------------------------------------------------    -------------------
    SLICE_X174Y156                                    0.000     0.000 r  cfo/windows/packed_windows/fifo/gnuram_async_fifo.xpm_fifo_base_inst/gen_cdc_pntr.wr_pntr_cdc_inst/src_gray_ff_reg[2]/C
    SLICE_X174Y156       FDRE (Prop_DFF_SLICEL_C_Q)
                                                      0.079     0.079 r  cfo/windows/packed_windows/fifo/gnuram_async_fifo.xpm_fifo_base_inst/gen_cdc_pntr.wr_pntr_cdc_inst/src_gray_ff_reg[2]/Q
                         net (fo=1, routed)           0.356     0.435    cfo/windows/packed_windows/fifo/gnuram_async_fifo.xpm_fifo_base_inst/gen_cdc_pntr.wr_pntr_cdc_inst/async_path[2]
    SLICE_X174Y156       FDRE                                         r  cfo/windows/packed_windows/fifo/gnuram_async_fifo.xpm_fifo_base_inst/gen_cdc_pntr.wr_pntr_cdc_inst/dest_graysync_ff_reg[0][2]/D
  -------------------------------------------------------------------    -------------------

                         max delay                    6.667     6.667    
    SLICE_X174Y156       FDRE (Setup_HFF2_SLICEL_C_D)
                                                      0.025     6.692    cfo/windows/packed_windows/fifo/gnuram_async_fifo.xpm_fifo_base_inst/gen_cdc_pntr.wr_pntr_cdc_inst/dest_graysync_ff_reg[0][2]
  -------------------------------------------------------------------
                         required time                          6.692    
                         arrival time                          -0.435    
  -------------------------------------------------------------------
                         slack                                  6.257    

Slack (MET) :             6.258ns  (required time - arrival time)
  Source:                 cfo/windows/packed_windows/fifo/gnuram_async_fifo.xpm_fifo_base_inst/gen_cdc_pntr.wr_pntr_cdc_inst/src_gray_ff_reg[9]/C
                            (rising edge-triggered cell FDRE clocked by clk150  {rise@0.000ns fall@3.333ns period=6.667ns})
  Destination:            cfo/windows/packed_windows/fifo/gnuram_async_fifo.xpm_fifo_base_inst/gen_cdc_pntr.wr_pntr_cdc_inst/dest_graysync_ff_reg[0][9]/D
                            (rising edge-triggered cell FDRE clocked by clk500  {rise@0.000ns fall@1.000ns period=2.000ns})
  Path Group:             clk500
  Path Type:              Setup (Max at Slow Process Corner)
  Requirement:            6.667ns  (MaxDelay Path 6.667ns)
  Data Path Delay:        0.434ns  (logic 0.080ns (18.433%)  route 0.354ns (81.567%))
  Logic Levels:           0  
  Timing Exception:       MaxDelay Path 6.667ns -datapath_only

    Location             Delay type                Incr(ns)  Path(ns)    Netlist Resource(s)
  -------------------------------------------------------------------    -------------------
    SLICE_X175Y157                                    0.000     0.000 r  cfo/windows/packed_windows/fifo/gnuram_async_fifo.xpm_fifo_base_inst/gen_cdc_pntr.wr_pntr_cdc_inst/src_gray_ff_reg[9]/C
    SLICE_X175Y157       FDRE (Prop_DFF2_SLICEM_C_Q)
                                                      0.080     0.080 r  cfo/windows/packed_windows/fifo/gnuram_async_fifo.xpm_fifo_base_inst/gen_cdc_pntr.wr_pntr_cdc_inst/src_gray_ff_reg[9]/Q
                         net (fo=1, routed)           0.354     0.434    cfo/windows/packed_windows/fifo/gnuram_async_fifo.xpm_fifo_base_inst/gen_cdc_pntr.wr_pntr_cdc_inst/async_path[9]
    SLICE_X175Y157       FDRE                                         r  cfo/windows/packed_windows/fifo/gnuram_async_fifo.xpm_fifo_base_inst/gen_cdc_pntr.wr_pntr_cdc_inst/dest_graysync_ff_reg[0][9]/D
  -------------------------------------------------------------------    -------------------

                         max delay                    6.667     6.667    
    SLICE_X175Y157       FDRE (Setup_GFF2_SLICEM_C_D)
                                                      0.025     6.692    cfo/windows/packed_windows/fifo/gnuram_async_fifo.xpm_fifo_base_inst/gen_cdc_pntr.wr_pntr_cdc_inst/dest_graysync_ff_reg[0][9]
  -------------------------------------------------------------------
                         required time                          6.692    
                         arrival time                          -0.434    
  -------------------------------------------------------------------
                         slack                                  6.258    

Slack (MET) :             6.273ns  (required time - arrival time)
  Source:                 cfo/windows/window_credits/fifo/gnuram_async_fifo.xpm_fifo_base_inst/gen_cdc_pntr.rd_pntr_cdc_inst/src_gray_ff_reg[1]/C
                            (rising edge-triggered cell FDRE clocked by clk150  {rise@0.000ns fall@3.333ns period=6.667ns})
  Destination:            cfo/windows/window_credits/fifo/gnuram_async_fifo.xpm_fifo_base_inst/gen_cdc_pntr.rd_pntr_cdc_inst/dest_graysync_ff_reg[0][1]/D
                            (rising edge-triggered cell FDRE clocked by clk500  {rise@0.000ns fall@1.000ns period=2.000ns})
  Path Group:             clk500
  Path Type:              Setup (Max at Slow Process Corner)
  Requirement:            6.667ns  (MaxDelay Path 6.667ns)
  Data Path Delay:        0.419ns  (logic 0.080ns (19.093%)  route 0.339ns (80.907%))
  Logic Levels:           0  
  Timing Exception:       MaxDelay Path 6.667ns -datapath_only

    Location             Delay type                Incr(ns)  Path(ns)    Netlist Resource(s)
  -------------------------------------------------------------------    -------------------
    SLICE_X131Y74                                     0.000     0.000 r  cfo/windows/window_credits/fifo/gnuram_async_fifo.xpm_fifo_base_inst/gen_cdc_pntr.rd_pntr_cdc_inst/src_gray_ff_reg[1]/C
    SLICE_X131Y74        FDRE (Prop_HFF2_SLICEL_C_Q)
                                                      0.080     0.080 r  cfo/windows/window_credits/fifo/gnuram_async_fifo.xpm_fifo_base_inst/gen_cdc_pntr.rd_pntr_cdc_inst/src_gray_ff_reg[1]/Q
                         net (fo=1, routed)           0.339     0.419    cfo/windows/window_credits/fifo/gnuram_async_fifo.xpm_fifo_base_inst/gen_cdc_pntr.rd_pntr_cdc_inst/async_path[1]
    SLICE_X132Y74        FDRE                                         r  cfo/windows/window_credits/fifo/gnuram_async_fifo.xpm_fifo_base_inst/gen_cdc_pntr.rd_pntr_cdc_inst/dest_graysync_ff_reg[0][1]/D
  -------------------------------------------------------------------    -------------------

                         max delay                    6.667     6.667    
    SLICE_X132Y74        FDRE (Setup_DFF2_SLICEL_C_D)
                                                      0.025     6.692    cfo/windows/window_credits/fifo/gnuram_async_fifo.xpm_fifo_base_inst/gen_cdc_pntr.rd_pntr_cdc_inst/dest_graysync_ff_reg[0][1]
  -------------------------------------------------------------------
                         required time                          6.692    
                         arrival time                          -0.419    
  -------------------------------------------------------------------
                         slack                                  6.273    

Slack (MET) :             6.279ns  (required time - arrival time)
  Source:                 cfo/windows/packed_windows/fifo/gnuram_async_fifo.xpm_fifo_base_inst/gen_cdc_pntr.wr_pntr_cdc_inst/src_gray_ff_reg[0]/C
                            (rising edge-triggered cell FDRE clocked by clk150  {rise@0.000ns fall@3.333ns period=6.667ns})
  Destination:            cfo/windows/packed_windows/fifo/gnuram_async_fifo.xpm_fifo_base_inst/gen_cdc_pntr.wr_pntr_cdc_inst/dest_graysync_ff_reg[0][0]/D
                            (rising edge-triggered cell FDRE clocked by clk500  {rise@0.000ns fall@1.000ns period=2.000ns})
  Path Group:             clk500
  Path Type:              Setup (Max at Slow Process Corner)
  Requirement:            6.667ns  (MaxDelay Path 6.667ns)
  Data Path Delay:        0.413ns  (logic 0.079ns (19.128%)  route 0.334ns (80.872%))
  Logic Levels:           0  
  Timing Exception:       MaxDelay Path 6.667ns -datapath_only

    Location             Delay type                Incr(ns)  Path(ns)    Netlist Resource(s)
  -------------------------------------------------------------------    -------------------
    SLICE_X174Y158                                    0.000     0.000 r  cfo/windows/packed_windows/fifo/gnuram_async_fifo.xpm_fifo_base_inst/gen_cdc_pntr.wr_pntr_cdc_inst/src_gray_ff_reg[0]/C
    SLICE_X174Y158       FDRE (Prop_HFF_SLICEL_C_Q)
                                                      0.079     0.079 r  cfo/windows/packed_windows/fifo/gnuram_async_fifo.xpm_fifo_base_inst/gen_cdc_pntr.wr_pntr_cdc_inst/src_gray_ff_reg[0]/Q
                         net (fo=1, routed)           0.334     0.413    cfo/windows/packed_windows/fifo/gnuram_async_fifo.xpm_fifo_base_inst/gen_cdc_pntr.wr_pntr_cdc_inst/async_path[0]
    SLICE_X174Y158       FDRE                                         r  cfo/windows/packed_windows/fifo/gnuram_async_fifo.xpm_fifo_base_inst/gen_cdc_pntr.wr_pntr_cdc_inst/dest_graysync_ff_reg[0][0]/D
  -------------------------------------------------------------------    -------------------

                         max delay                    6.667     6.667    
    SLICE_X174Y158       FDRE (Setup_DFF2_SLICEL_C_D)
                                                      0.025     6.692    cfo/windows/packed_windows/fifo/gnuram_async_fifo.xpm_fifo_base_inst/gen_cdc_pntr.wr_pntr_cdc_inst/dest_graysync_ff_reg[0][0]
  -------------------------------------------------------------------
                         required time                          6.692    
                         arrival time                          -0.413    
  -------------------------------------------------------------------
                         slack                                  6.279    





---------------------------------------------------------------------------------------------------
Path Group:  **async_default**
From Clock:  clk125
  To Clock:  clk125

Setup :            0  Failing Endpoints,  Worst Slack        4.958ns,  Total Violation        0.000ns
Hold  :            0  Failing Endpoints,  Worst Slack        0.176ns,  Total Violation        0.000ns
---------------------------------------------------------------------------------------------------


Max Delay Paths
--------------------------------------------------------------------------------------
Slack (MET) :             4.958ns  (required time - arrival time)
  Source:                 sfo/two_pass_transport/reset_125/sync_reset/arststages_ff_reg[3]/C
                            (rising edge-triggered cell FDPE clocked by clk125  {rise@0.000ns fall@4.000ns period=8.000ns})
  Destination:            sfo/two_pass_transport/reset_125/reset_active_reg_replica_7/PRE
                            (recovery check against rising-edge clock clk125  {rise@0.000ns fall@4.000ns period=8.000ns})
  Path Group:             **async_default**
  Path Type:              Recovery (Max at Slow Process Corner)
  Requirement:            8.000ns  (clk125 rise@8.000ns - clk125 rise@0.000ns)
  Data Path Delay:        2.931ns  (logic 0.079ns (2.695%)  route 2.852ns (97.305%))
  Logic Levels:           0  
  Clock Path Skew:        -0.010ns (DCD - SCD + CPR)
    Destination Clock Delay (DCD):    0.020ns = ( 8.020 - 8.000 ) 
    Source Clock Delay      (SCD):    0.030ns
    Clock Pessimism Removal (CPR):    0.000ns
  Clock Uncertainty:      0.035ns  ((TSJ^2 + TIJ^2)^1/2 + DJ) / 2 + PE
    Total System Jitter     (TSJ):    0.071ns
    Total Input Jitter      (TIJ):    0.000ns
    Discrete Jitter          (DJ):    0.000ns
    Phase Error              (PE):    0.000ns

    Location             Delay type                Incr(ns)  Path(ns)    Netlist Resource(s)
  -------------------------------------------------------------------    -------------------
                         (clock clk125 rise edge)     0.000     0.000 r  
                                                      0.000     0.000 r  clk125 (IN)
                         net (fo=95401, unset)        0.030     0.030    sfo/two_pass_transport/reset_125/sync_reset/dest_clk
    SLICE_X91Y74         FDPE                                         r  sfo/two_pass_transport/reset_125/sync_reset/arststages_ff_reg[3]/C
  -------------------------------------------------------------------    -------------------
    SLICE_X91Y74         FDPE (Prop_GFF2_SLICEM_C_Q)
                                                      0.079     0.109 f  sfo/two_pass_transport/reset_125/sync_reset/arststages_ff_reg[3]/Q
                         net (fo=16, routed)          2.852     2.961    sfo/two_pass_transport/reset_125/synced
    SLICE_X110Y132       FDPE                                         f  sfo/two_pass_transport/reset_125/reset_active_reg_replica_7/PRE
  -------------------------------------------------------------------    -------------------

                         (clock clk125 rise edge)     8.000     8.000 r  
                                                      0.000     8.000 r  clk125 (IN)
                         net (fo=95401, unset)        0.020     8.020    sfo/two_pass_transport/reset_125/clk
    SLICE_X110Y132       FDPE                                         r  sfo/two_pass_transport/reset_125/reset_active_reg_replica_7/C
                         clock pessimism              0.000     8.020    
                         clock uncertainty           -0.035     7.985    
    SLICE_X110Y132       FDPE (Recov_EFF_SLICEL_C_PRE)
                                                     -0.066     7.919    sfo/two_pass_transport/reset_125/reset_active_reg_replica_7
  -------------------------------------------------------------------
                         required time                          7.919    
                         arrival time                          -2.961    
  -------------------------------------------------------------------
                         slack                                  4.958    

Slack (MET) :             5.118ns  (required time - arrival time)
  Source:                 sfo/two_pass_transport/reset_125/sync_reset/arststages_ff_reg[3]/C
                            (rising edge-triggered cell FDPE clocked by clk125  {rise@0.000ns fall@4.000ns period=8.000ns})
  Destination:            sfo/two_pass_transport/reset_125/reset_active_reg_replica/PRE
                            (recovery check against rising-edge clock clk125  {rise@0.000ns fall@4.000ns period=8.000ns})
  Path Group:             **async_default**
  Path Type:              Recovery (Max at Slow Process Corner)
  Requirement:            8.000ns  (clk125 rise@8.000ns - clk125 rise@0.000ns)
  Data Path Delay:        2.771ns  (logic 0.079ns (2.851%)  route 2.692ns (97.149%))
  Logic Levels:           0  
  Clock Path Skew:        -0.010ns (DCD - SCD + CPR)
    Destination Clock Delay (DCD):    0.020ns = ( 8.020 - 8.000 ) 
    Source Clock Delay      (SCD):    0.030ns
    Clock Pessimism Removal (CPR):    0.000ns
  Clock Uncertainty:      0.035ns  ((TSJ^2 + TIJ^2)^1/2 + DJ) / 2 + PE
    Total System Jitter     (TSJ):    0.071ns
    Total Input Jitter      (TIJ):    0.000ns
    Discrete Jitter          (DJ):    0.000ns
    Phase Error              (PE):    0.000ns

    Location             Delay type                Incr(ns)  Path(ns)    Netlist Resource(s)
  -------------------------------------------------------------------    -------------------
                         (clock clk125 rise edge)     0.000     0.000 r  
                                                      0.000     0.000 r  clk125 (IN)
                         net (fo=95401, unset)        0.030     0.030    sfo/two_pass_transport/reset_125/sync_reset/dest_clk
    SLICE_X91Y74         FDPE                                         r  sfo/two_pass_transport/reset_125/sync_reset/arststages_ff_reg[3]/C
  -------------------------------------------------------------------    -------------------
    SLICE_X91Y74         FDPE (Prop_GFF2_SLICEM_C_Q)
                                                      0.079     0.109 f  sfo/two_pass_transport/reset_125/sync_reset/arststages_ff_reg[3]/Q
                         net (fo=16, routed)          2.692     2.801    sfo/two_pass_transport/reset_125/synced
    SLICE_X119Y105       FDPE                                         f  sfo/two_pass_transport/reset_125/reset_active_reg_replica/PRE
  -------------------------------------------------------------------    -------------------

                         (clock clk125 rise edge)     8.000     8.000 r  
                                                      0.000     8.000 r  clk125 (IN)
                         net (fo=95401, unset)        0.020     8.020    sfo/two_pass_transport/reset_125/clk
    SLICE_X119Y105       FDPE                                         r  sfo/two_pass_transport/reset_125/reset_active_reg_replica/C
                         clock pessimism              0.000     8.020    
                         clock uncertainty           -0.035     7.985    
    SLICE_X119Y105       FDPE (Recov_AFF_SLICEL_C_PRE)
                                                     -0.066     7.919    sfo/two_pass_transport/reset_125/reset_active_reg_replica
  -------------------------------------------------------------------
                         required time                          7.919    
                         arrival time                          -2.801    
  -------------------------------------------------------------------
                         slack                                  5.118    

Slack (MET) :             5.329ns  (required time - arrival time)
  Source:                 sfo/two_pass_transport/reset_125/sync_reset/arststages_ff_reg[3]/C
                            (rising edge-triggered cell FDPE clocked by clk125  {rise@0.000ns fall@4.000ns period=8.000ns})
  Destination:            sfo/two_pass_transport/reset_125/reset_active_reg_replica_5/PRE
                            (recovery check against rising-edge clock clk125  {rise@0.000ns fall@4.000ns period=8.000ns})
  Path Group:             **async_default**
  Path Type:              Recovery (Max at Slow Process Corner)
  Requirement:            8.000ns  (clk125 rise@8.000ns - clk125 rise@0.000ns)
  Data Path Delay:        2.560ns  (logic 0.079ns (3.086%)  route 2.481ns (96.914%))
  Logic Levels:           0  
  Clock Path Skew:        -0.010ns (DCD - SCD + CPR)
    Destination Clock Delay (DCD):    0.020ns = ( 8.020 - 8.000 ) 
    Source Clock Delay      (SCD):    0.030ns
    Clock Pessimism Removal (CPR):    0.000ns
  Clock Uncertainty:      0.035ns  ((TSJ^2 + TIJ^2)^1/2 + DJ) / 2 + PE
    Total System Jitter     (TSJ):    0.071ns
    Total Input Jitter      (TIJ):    0.000ns
    Discrete Jitter          (DJ):    0.000ns
    Phase Error              (PE):    0.000ns

    Location             Delay type                Incr(ns)  Path(ns)    Netlist Resource(s)
  -------------------------------------------------------------------    -------------------
                         (clock clk125 rise edge)     0.000     0.000 r  
                                                      0.000     0.000 r  clk125 (IN)
                         net (fo=95401, unset)        0.030     0.030    sfo/two_pass_transport/reset_125/sync_reset/dest_clk
    SLICE_X91Y74         FDPE                                         r  sfo/two_pass_transport/reset_125/sync_reset/arststages_ff_reg[3]/C
  -------------------------------------------------------------------    -------------------
    SLICE_X91Y74         FDPE (Prop_GFF2_SLICEM_C_Q)
                                                      0.079     0.109 f  sfo/two_pass_transport/reset_125/sync_reset/arststages_ff_reg[3]/Q
                         net (fo=16, routed)          2.481     2.590    sfo/two_pass_transport/reset_125/synced
    SLICE_X116Y127       FDPE                                         f  sfo/two_pass_transport/reset_125/reset_active_reg_replica_5/PRE
  -------------------------------------------------------------------    -------------------

                         (clock clk125 rise edge)     8.000     8.000 r  
                                                      0.000     8.000 r  clk125 (IN)
                         net (fo=95401, unset)        0.020     8.020    sfo/two_pass_transport/reset_125/clk
    SLICE_X116Y127       FDPE                                         r  sfo/two_pass_transport/reset_125/reset_active_reg_replica_5/C
                         clock pessimism              0.000     8.020    
                         clock uncertainty           -0.035     7.985    
    SLICE_X116Y127       FDPE (Recov_AFF_SLICEL_C_PRE)
                                                     -0.066     7.919    sfo/two_pass_transport/reset_125/reset_active_reg_replica_5
  -------------------------------------------------------------------
                         required time                          7.919    
                         arrival time                          -2.590    
  -------------------------------------------------------------------
                         slack                                  5.329    

Slack (MET) :             5.522ns  (required time - arrival time)
  Source:                 sfo/two_pass_transport/reset_125/sync_reset/arststages_ff_reg[3]/C
                            (rising edge-triggered cell FDPE clocked by clk125  {rise@0.000ns fall@4.000ns period=8.000ns})
  Destination:            sfo/two_pass_transport/reset_125/reset_active_reg_replica_3/PRE
                            (recovery check against rising-edge clock clk125  {rise@0.000ns fall@4.000ns period=8.000ns})
  Path Group:             **async_default**
  Path Type:              Recovery (Max at Slow Process Corner)
  Requirement:            8.000ns  (clk125 rise@8.000ns - clk125 rise@0.000ns)
  Data Path Delay:        2.368ns  (logic 0.079ns (3.336%)  route 2.289ns (96.664%))
  Logic Levels:           0  
  Clock Path Skew:        -0.009ns (DCD - SCD + CPR)
    Destination Clock Delay (DCD):    0.021ns = ( 8.021 - 8.000 ) 
    Source Clock Delay      (SCD):    0.030ns
    Clock Pessimism Removal (CPR):    0.000ns
  Clock Uncertainty:      0.035ns  ((TSJ^2 + TIJ^2)^1/2 + DJ) / 2 + PE
    Total System Jitter     (TSJ):    0.071ns
    Total Input Jitter      (TIJ):    0.000ns
    Discrete Jitter          (DJ):    0.000ns
    Phase Error              (PE):    0.000ns

    Location             Delay type                Incr(ns)  Path(ns)    Netlist Resource(s)
  -------------------------------------------------------------------    -------------------
                         (clock clk125 rise edge)     0.000     0.000 r  
                                                      0.000     0.000 r  clk125 (IN)
                         net (fo=95401, unset)        0.030     0.030    sfo/two_pass_transport/reset_125/sync_reset/dest_clk
    SLICE_X91Y74         FDPE                                         r  sfo/two_pass_transport/reset_125/sync_reset/arststages_ff_reg[3]/C
  -------------------------------------------------------------------    -------------------
    SLICE_X91Y74         FDPE (Prop_GFF2_SLICEM_C_Q)
                                                      0.079     0.109 f  sfo/two_pass_transport/reset_125/sync_reset/arststages_ff_reg[3]/Q
                         net (fo=16, routed)          2.289     2.398    sfo/two_pass_transport/reset_125/synced
    SLICE_X118Y130       FDPE                                         f  sfo/two_pass_transport/reset_125/reset_active_reg_replica_3/PRE
  -------------------------------------------------------------------    -------------------

                         (clock clk125 rise edge)     8.000     8.000 r  
                                                      0.000     8.000 r  clk125 (IN)
                         net (fo=95401, unset)        0.021     8.021    sfo/two_pass_transport/reset_125/clk
    SLICE_X118Y130       FDPE                                         r  sfo/two_pass_transport/reset_125/reset_active_reg_replica_3/C
                         clock pessimism              0.000     8.021    
                         clock uncertainty           -0.035     7.986    
    SLICE_X118Y130       FDPE (Recov_AFF_SLICEM_C_PRE)
                                                     -0.066     7.920    sfo/two_pass_transport/reset_125/reset_active_reg_replica_3
  -------------------------------------------------------------------
                         required time                          7.920    
                         arrival time                          -2.398    
  -------------------------------------------------------------------
                         slack                                  5.522    

Slack (MET) :             5.594ns  (required time - arrival time)
  Source:                 sfo/two_pass_transport/reset_125/sync_reset/arststages_ff_reg[3]/C
                            (rising edge-triggered cell FDPE clocked by clk125  {rise@0.000ns fall@4.000ns period=8.000ns})
  Destination:            sfo/two_pass_transport/reset_125/reset_active_reg_replica_2/PRE
                            (recovery check against rising-edge clock clk125  {rise@0.000ns fall@4.000ns period=8.000ns})
  Path Group:             **async_default**
  Path Type:              Recovery (Max at Slow Process Corner)
  Requirement:            8.000ns  (clk125 rise@8.000ns - clk125 rise@0.000ns)
  Data Path Delay:        2.295ns  (logic 0.079ns (3.442%)  route 2.216ns (96.558%))
  Logic Levels:           0  
  Clock Path Skew:        -0.010ns (DCD - SCD + CPR)
    Destination Clock Delay (DCD):    0.020ns = ( 8.020 - 8.000 ) 
    Source Clock Delay      (SCD):    0.030ns
    Clock Pessimism Removal (CPR):    0.000ns
  Clock Uncertainty:      0.035ns  ((TSJ^2 + TIJ^2)^1/2 + DJ) / 2 + PE
    Total System Jitter     (TSJ):    0.071ns
    Total Input Jitter      (TIJ):    0.000ns
    Discrete Jitter          (DJ):    0.000ns
    Phase Error              (PE):    0.000ns

    Location             Delay type                Incr(ns)  Path(ns)    Netlist Resource(s)
  -------------------------------------------------------------------    -------------------
                         (clock clk125 rise edge)     0.000     0.000 r  
                                                      0.000     0.000 r  clk125 (IN)
                         net (fo=95401, unset)        0.030     0.030    sfo/two_pass_transport/reset_125/sync_reset/dest_clk
    SLICE_X91Y74         FDPE                                         r  sfo/two_pass_transport/reset_125/sync_reset/arststages_ff_reg[3]/C
  -------------------------------------------------------------------    -------------------
    SLICE_X91Y74         FDPE (Prop_GFF2_SLICEM_C_Q)
                                                      0.079     0.109 f  sfo/two_pass_transport/reset_125/sync_reset/arststages_ff_reg[3]/Q
                         net (fo=16, routed)          2.216     2.325    sfo/two_pass_transport/reset_125/synced
    SLICE_X119Y128       FDPE                                         f  sfo/two_pass_transport/reset_125/reset_active_reg_replica_2/PRE
  -------------------------------------------------------------------    -------------------

                         (clock clk125 rise edge)     8.000     8.000 r  
                                                      0.000     8.000 r  clk125 (IN)
                         net (fo=95401, unset)        0.020     8.020    sfo/two_pass_transport/reset_125/clk
    SLICE_X119Y128       FDPE                                         r  sfo/two_pass_transport/reset_125/reset_active_reg_replica_2/C
                         clock pessimism              0.000     8.020    
                         clock uncertainty           -0.035     7.985    
    SLICE_X119Y128       FDPE (Recov_EFF_SLICEL_C_PRE)
                                                     -0.066     7.919    sfo/two_pass_transport/reset_125/reset_active_reg_replica_2
  -------------------------------------------------------------------
                         required time                          7.919    
                         arrival time                          -2.325    
  -------------------------------------------------------------------
                         slack                                  5.594    

Slack (MET) :             5.939ns  (required time - arrival time)
  Source:                 sfo/two_pass_transport/reset_125/sync_reset/arststages_ff_reg[3]/C
                            (rising edge-triggered cell FDPE clocked by clk125  {rise@0.000ns fall@4.000ns period=8.000ns})
  Destination:            sfo/two_pass_transport/reset_125/reset_active_reg_replica_4/PRE
                            (recovery check against rising-edge clock clk125  {rise@0.000ns fall@4.000ns period=8.000ns})
  Path Group:             **async_default**
  Path Type:              Recovery (Max at Slow Process Corner)
  Requirement:            8.000ns  (clk125 rise@8.000ns - clk125 rise@0.000ns)
  Data Path Delay:        1.950ns  (logic 0.079ns (4.051%)  route 1.871ns (95.949%))
  Logic Levels:           0  
  Clock Path Skew:        -0.010ns (DCD - SCD + CPR)
    Destination Clock Delay (DCD):    0.020ns = ( 8.020 - 8.000 ) 
    Source Clock Delay      (SCD):    0.030ns
    Clock Pessimism Removal (CPR):    0.000ns
  Clock Uncertainty:      0.035ns  ((TSJ^2 + TIJ^2)^1/2 + DJ) / 2 + PE
    Total System Jitter     (TSJ):    0.071ns
    Total Input Jitter      (TIJ):    0.000ns
    Discrete Jitter          (DJ):    0.000ns
    Phase Error              (PE):    0.000ns

    Location             Delay type                Incr(ns)  Path(ns)    Netlist Resource(s)
  -------------------------------------------------------------------    -------------------
                         (clock clk125 rise edge)     0.000     0.000 r  
                                                      0.000     0.000 r  clk125 (IN)
                         net (fo=95401, unset)        0.030     0.030    sfo/two_pass_transport/reset_125/sync_reset/dest_clk
    SLICE_X91Y74         FDPE                                         r  sfo/two_pass_transport/reset_125/sync_reset/arststages_ff_reg[3]/C
  -------------------------------------------------------------------    -------------------
    SLICE_X91Y74         FDPE (Prop_GFF2_SLICEM_C_Q)
                                                      0.079     0.109 f  sfo/two_pass_transport/reset_125/sync_reset/arststages_ff_reg[3]/Q
                         net (fo=16, routed)          1.871     1.980    sfo/two_pass_transport/reset_125/synced
    SLICE_X117Y103       FDPE                                         f  sfo/two_pass_transport/reset_125/reset_active_reg_replica_4/PRE
  -------------------------------------------------------------------    -------------------

                         (clock clk125 rise edge)     8.000     8.000 r  
                                                      0.000     8.000 r  clk125 (IN)
                         net (fo=95401, unset)        0.020     8.020    sfo/two_pass_transport/reset_125/clk
    SLICE_X117Y103       FDPE                                         r  sfo/two_pass_transport/reset_125/reset_active_reg_replica_4/C
                         clock pessimism              0.000     8.020    
                         clock uncertainty           -0.035     7.985    
    SLICE_X117Y103       FDPE (Recov_EFF_SLICEL_C_PRE)
                                                     -0.066     7.919    sfo/two_pass_transport/reset_125/reset_active_reg_replica_4
  -------------------------------------------------------------------
                         required time                          7.919    
                         arrival time                          -1.980    
  -------------------------------------------------------------------
                         slack                                  5.939    

Slack (MET) :             6.777ns  (required time - arrival time)
  Source:                 reset_a/reset_active_reg_replica_5/C
                            (rising edge-triggered cell FDPE clocked by clk125  {rise@0.000ns fall@4.000ns period=8.000ns})
  Destination:            frontend/reset_release_reg[0]/CLR
                            (recovery check against rising-edge clock clk125  {rise@0.000ns fall@4.000ns period=8.000ns})
  Path Group:             **async_default**
  Path Type:              Recovery (Max at Slow Process Corner)
  Requirement:            8.000ns  (clk125 rise@8.000ns - clk125 rise@0.000ns)
  Data Path Delay:        1.115ns  (logic 0.079ns (7.085%)  route 1.036ns (92.915%))
  Logic Levels:           0  
  Clock Path Skew:        -0.007ns (DCD - SCD + CPR)
    Destination Clock Delay (DCD):    0.021ns = ( 8.021 - 8.000 ) 
    Source Clock Delay      (SCD):    0.028ns
    Clock Pessimism Removal (CPR):    0.000ns
  Clock Uncertainty:      0.035ns  ((TSJ^2 + TIJ^2)^1/2 + DJ) / 2 + PE
    Total System Jitter     (TSJ):    0.071ns
    Total Input Jitter      (TIJ):    0.000ns
    Discrete Jitter          (DJ):    0.000ns
    Phase Error              (PE):    0.000ns

    Location             Delay type                Incr(ns)  Path(ns)    Netlist Resource(s)
  -------------------------------------------------------------------    -------------------
                         (clock clk125 rise edge)     0.000     0.000 r  
                                                      0.000     0.000 r  clk125 (IN)
                         net (fo=95401, unset)        0.028     0.028    reset_a/clk
    SLICE_X134Y209       FDPE                                         r  reset_a/reset_active_reg_replica_5/C
  -------------------------------------------------------------------    -------------------
    SLICE_X134Y209       FDPE (Prop_AFF_SLICEL_C_Q)
                                                      0.079     0.107 f  reset_a/reset_active_reg_replica_5/Q
                         net (fo=103, routed)         1.036     1.143    frontend/reset_active_repN_5_alias
    SLICE_X145Y201       FDCE                                         f  frontend/reset_release_reg[0]/CLR
  -------------------------------------------------------------------    -------------------

                         (clock clk125 rise edge)     8.000     8.000 r  
                                                      0.000     8.000 r  clk125 (IN)
                         net (fo=95401, unset)        0.021     8.021    frontend/clk
    SLICE_X145Y201       FDCE                                         r  frontend/reset_release_reg[0]/C
                         clock pessimism              0.000     8.021    
                         clock uncertainty           -0.035     7.986    
    SLICE_X145Y201       FDCE (Recov_HFF2_SLICEM_C_CLR)
                                                     -0.066     7.920    frontend/reset_release_reg[0]
  -------------------------------------------------------------------
                         required time                          7.920    
                         arrival time                          -1.143    
  -------------------------------------------------------------------
                         slack                                  6.777    

Slack (MET) :             6.777ns  (required time - arrival time)
  Source:                 reset_a/reset_active_reg_replica_5/C
                            (rising edge-triggered cell FDPE clocked by clk125  {rise@0.000ns fall@4.000ns period=8.000ns})
  Destination:            frontend/reset_release_reg[1]/CLR
                            (recovery check against rising-edge clock clk125  {rise@0.000ns fall@4.000ns period=8.000ns})
  Path Group:             **async_default**
  Path Type:              Recovery (Max at Slow Process Corner)
  Requirement:            8.000ns  (clk125 rise@8.000ns - clk125 rise@0.000ns)
  Data Path Delay:        1.115ns  (logic 0.079ns (7.085%)  route 1.036ns (92.915%))
  Logic Levels:           0  
  Clock Path Skew:        -0.007ns (DCD - SCD + CPR)
    Destination Clock Delay (DCD):    0.021ns = ( 8.021 - 8.000 ) 
    Source Clock Delay      (SCD):    0.028ns
    Clock Pessimism Removal (CPR):    0.000ns
  Clock Uncertainty:      0.035ns  ((TSJ^2 + TIJ^2)^1/2 + DJ) / 2 + PE
    Total System Jitter     (TSJ):    0.071ns
    Total Input Jitter      (TIJ):    0.000ns
    Discrete Jitter          (DJ):    0.000ns
    Phase Error              (PE):    0.000ns

    Location             Delay type                Incr(ns)  Path(ns)    Netlist Resource(s)
  -------------------------------------------------------------------    -------------------
                         (clock clk125 rise edge)     0.000     0.000 r  
                                                      0.000     0.000 r  clk125 (IN)
                         net (fo=95401, unset)        0.028     0.028    reset_a/clk
    SLICE_X134Y209       FDPE                                         r  reset_a/reset_active_reg_replica_5/C
  -------------------------------------------------------------------    -------------------
    SLICE_X134Y209       FDPE (Prop_AFF_SLICEL_C_Q)
                                                      0.079     0.107 f  reset_a/reset_active_reg_replica_5/Q
                         net (fo=103, routed)         1.036     1.143    frontend/reset_active_repN_5_alias
    SLICE_X145Y201       FDCE                                         f  frontend/reset_release_reg[1]/CLR
  -------------------------------------------------------------------    -------------------

                         (clock clk125 rise edge)     8.000     8.000 r  
                                                      0.000     8.000 r  clk125 (IN)
                         net (fo=95401, unset)        0.021     8.021    frontend/clk
    SLICE_X145Y201       FDCE                                         r  frontend/reset_release_reg[1]/C
                         clock pessimism              0.000     8.021    
                         clock uncertainty           -0.035     7.986    
    SLICE_X145Y201       FDCE (Recov_EFF2_SLICEM_C_CLR)
                                                     -0.066     7.920    frontend/reset_release_reg[1]
  -------------------------------------------------------------------
                         required time                          7.920    
                         arrival time                          -1.143    
  -------------------------------------------------------------------
                         slack                                  6.777    

Slack (MET) :             6.794ns  (required time - arrival time)
  Source:                 sfo/two_pass_transport/reset_125/sync_reset/arststages_ff_reg[3]/C
                            (rising edge-triggered cell FDPE clocked by clk125  {rise@0.000ns fall@4.000ns period=8.000ns})
  Destination:            sfo/two_pass_transport/reset_125/reset_active_reg_replica_6/PRE
                            (recovery check against rising-edge clock clk125  {rise@0.000ns fall@4.000ns period=8.000ns})
  Path Group:             **async_default**
  Path Type:              Recovery (Max at Slow Process Corner)
  Requirement:            8.000ns  (clk125 rise@8.000ns - clk125 rise@0.000ns)
  Data Path Delay:        1.096ns  (logic 0.079ns (7.208%)  route 1.017ns (92.792%))
  Logic Levels:           0  
  Clock Path Skew:        -0.009ns (DCD - SCD + CPR)
    Destination Clock Delay (DCD):    0.021ns = ( 8.021 - 8.000 ) 
    Source Clock Delay      (SCD):    0.030ns
    Clock Pessimism Removal (CPR):    0.000ns
  Clock Uncertainty:      0.035ns  ((TSJ^2 + TIJ^2)^1/2 + DJ) / 2 + PE
    Total System Jitter     (TSJ):    0.071ns
    Total Input Jitter      (TIJ):    0.000ns
    Discrete Jitter          (DJ):    0.000ns
    Phase Error              (PE):    0.000ns

    Location             Delay type                Incr(ns)  Path(ns)    Netlist Resource(s)
  -------------------------------------------------------------------    -------------------
                         (clock clk125 rise edge)     0.000     0.000 r  
                                                      0.000     0.000 r  clk125 (IN)
                         net (fo=95401, unset)        0.030     0.030    sfo/two_pass_transport/reset_125/sync_reset/dest_clk
    SLICE_X91Y74         FDPE                                         r  sfo/two_pass_transport/reset_125/sync_reset/arststages_ff_reg[3]/C
  -------------------------------------------------------------------    -------------------
    SLICE_X91Y74         FDPE (Prop_GFF2_SLICEM_C_Q)
                                                      0.079     0.109 f  sfo/two_pass_transport/reset_125/sync_reset/arststages_ff_reg[3]/Q
                         net (fo=16, routed)          1.017     1.126    sfo/two_pass_transport/reset_125/synced
    SLICE_X109Y87        FDPE                                         f  sfo/two_pass_transport/reset_125/reset_active_reg_replica_6/PRE
  -------------------------------------------------------------------    -------------------

                         (clock clk125 rise edge)     8.000     8.000 r  
                                                      0.000     8.000 r  clk125 (IN)
                         net (fo=95401, unset)        0.021     8.021    sfo/two_pass_transport/reset_125/clk
    SLICE_X109Y87        FDPE                                         r  sfo/two_pass_transport/reset_125/reset_active_reg_replica_6/C
                         clock pessimism              0.000     8.021    
                         clock uncertainty           -0.035     7.986    
    SLICE_X109Y87        FDPE (Recov_EFF_SLICEM_C_PRE)
                                                     -0.066     7.920    sfo/two_pass_transport/reset_125/reset_active_reg_replica_6
  -------------------------------------------------------------------
                         required time                          7.920    
                         arrival time                          -1.126    
  -------------------------------------------------------------------
                         slack                                  6.794    

Slack (MET) :             6.853ns  (required time - arrival time)
  Source:                 reset_a/sync_reset/arststages_ff_reg[3]/C
                            (rising edge-triggered cell FDPE clocked by clk125  {rise@0.000ns fall@4.000ns period=8.000ns})
  Destination:            reset_a/reset_active_reg_replica_1/PRE
                            (recovery check against rising-edge clock clk125  {rise@0.000ns fall@4.000ns period=8.000ns})
  Path Group:             **async_default**
  Path Type:              Recovery (Max at Slow Process Corner)
  Requirement:            8.000ns  (clk125 rise@8.000ns - clk125 rise@0.000ns)
  Data Path Delay:        1.036ns  (logic 0.077ns (7.432%)  route 0.959ns (92.568%))
  Logic Levels:           0  
  Clock Path Skew:        -0.010ns (DCD - SCD + CPR)
    Destination Clock Delay (DCD):    0.020ns = ( 8.020 - 8.000 ) 
    Source Clock Delay      (SCD):    0.030ns
    Clock Pessimism Removal (CPR):    0.000ns
  Clock Uncertainty:      0.035ns  ((TSJ^2 + TIJ^2)^1/2 + DJ) / 2 + PE
    Total System Jitter     (TSJ):    0.071ns
    Total Input Jitter      (TIJ):    0.000ns
    Discrete Jitter          (DJ):    0.000ns
    Phase Error              (PE):    0.000ns

    Location             Delay type                Incr(ns)  Path(ns)    Netlist Resource(s)
  -------------------------------------------------------------------    -------------------
                         (clock clk125 rise edge)     0.000     0.000 r  
                                                      0.000     0.000 r  clk125 (IN)
                         net (fo=95401, unset)        0.030     0.030    reset_a/sync_reset/dest_clk
    SLICE_X121Y209       FDPE                                         r  reset_a/sync_reset/arststages_ff_reg[3]/C
  -------------------------------------------------------------------    -------------------
    SLICE_X121Y209       FDPE (Prop_CFF2_SLICEM_C_Q)
                                                      0.077     0.107 f  reset_a/sync_reset/arststages_ff_reg[3]/Q
                         net (fo=14, routed)          0.959     1.066    reset_a/synced
    SLICE_X153Y208       FDPE                                         f  reset_a/reset_active_reg_replica_1/PRE
  -------------------------------------------------------------------    -------------------

                         (clock clk125 rise edge)     8.000     8.000 r  
                                                      0.000     8.000 r  clk125 (IN)
                         net (fo=95401, unset)        0.020     8.020    reset_a/clk
    SLICE_X153Y208       FDPE                                         r  reset_a/reset_active_reg_replica_1/C
                         clock pessimism              0.000     8.020    
                         clock uncertainty           -0.035     7.985    
    SLICE_X153Y208       FDPE (Recov_AFF_SLICEL_C_PRE)
                                                     -0.066     7.919    reset_a/reset_active_reg_replica_1
  -------------------------------------------------------------------
                         required time                          7.919    
                         arrival time                          -1.066    
  -------------------------------------------------------------------
                         slack                                  6.853    





Min Delay Paths
--------------------------------------------------------------------------------------
Slack (MET) :             0.176ns  (arrival time - required time)
  Source:                 reset_a/sync_reset/arststages_ff_reg[3]/C
                            (rising edge-triggered cell FDPE clocked by clk125  {rise@0.000ns fall@4.000ns period=8.000ns})
  Destination:            reset_a/reset_active_reg/PRE
                            (removal check against rising-edge clock clk125  {rise@0.000ns fall@4.000ns period=8.000ns})
  Path Group:             **async_default**
  Path Type:              Removal (Min at Fast Process Corner)
  Requirement:            0.000ns  (clk125 rise@0.000ns - clk125 rise@0.000ns)
  Data Path Delay:        0.162ns  (logic 0.039ns (24.074%)  route 0.123ns (75.926%))
  Logic Levels:           0  
  Clock Path Skew:        0.006ns (DCD - SCD - CPR)
    Destination Clock Delay (DCD):    0.019ns
    Source Clock Delay      (SCD):    0.013ns
    Clock Pessimism Removal (CPR):    -0.000ns

    Location             Delay type                Incr(ns)  Path(ns)    Netlist Resource(s)
  -------------------------------------------------------------------    -------------------
                         (clock clk125 rise edge)     0.000     0.000 r  
                                                      0.000     0.000 r  clk125 (IN)
                         net (fo=95401, unset)        0.013     0.013    reset_a/sync_reset/dest_clk
    SLICE_X121Y209       FDPE                                         r  reset_a/sync_reset/arststages_ff_reg[3]/C
  -------------------------------------------------------------------    -------------------
    SLICE_X121Y209       FDPE (Prop_CFF2_SLICEM_C_Q)
                                                      0.039     0.052 f  reset_a/sync_reset/arststages_ff_reg[3]/Q
                         net (fo=14, routed)          0.123     0.175    reset_a/synced
    SLICE_X121Y210       FDPE                                         f  reset_a/reset_active_reg/PRE
  -------------------------------------------------------------------    -------------------

                         (clock clk125 rise edge)     0.000     0.000 r  
                                                      0.000     0.000 r  clk125 (IN)
                         net (fo=95401, unset)        0.019     0.019    reset_a/clk
    SLICE_X121Y210       FDPE                                         r  reset_a/reset_active_reg/C
                         clock pessimism              0.000     0.019    
    SLICE_X121Y210       FDPE (Remov_AFF_SLICEM_C_PRE)
                                                     -0.020    -0.001    reset_a/reset_active_reg
  -------------------------------------------------------------------
                         required time                          0.001    
                         arrival time                           0.175    
  -------------------------------------------------------------------
                         slack                                  0.176    

Slack (MET) :             0.238ns  (arrival time - required time)
  Source:                 sfo/two_pass_transport/reset_125/sync_reset/arststages_ff_reg[3]/C
                            (rising edge-triggered cell FDPE clocked by clk125  {rise@0.000ns fall@4.000ns period=8.000ns})
  Destination:            sfo/two_pass_transport/reset_125/reset_active_reg/PRE
                            (removal check against rising-edge clock clk125  {rise@0.000ns fall@4.000ns period=8.000ns})
  Path Group:             **async_default**
  Path Type:              Removal (Min at Fast Process Corner)
  Requirement:            0.000ns  (clk125 rise@0.000ns - clk125 rise@0.000ns)
  Data Path Delay:        0.224ns  (logic 0.039ns (17.411%)  route 0.185ns (82.589%))
  Logic Levels:           0  
  Clock Path Skew:        0.006ns (DCD - SCD - CPR)
    Destination Clock Delay (DCD):    0.019ns
    Source Clock Delay      (SCD):    0.013ns
    Clock Pessimism Removal (CPR):    -0.000ns

    Location             Delay type                Incr(ns)  Path(ns)    Netlist Resource(s)
  -------------------------------------------------------------------    -------------------
                         (clock clk125 rise edge)     0.000     0.000 r  
                                                      0.000     0.000 r  clk125 (IN)
                         net (fo=95401, unset)        0.013     0.013    sfo/two_pass_transport/reset_125/sync_reset/dest_clk
    SLICE_X91Y74         FDPE                                         r  sfo/two_pass_transport/reset_125/sync_reset/arststages_ff_reg[3]/C
  -------------------------------------------------------------------    -------------------
    SLICE_X91Y74         FDPE (Prop_GFF2_SLICEM_C_Q)
                                                      0.039     0.052 f  sfo/two_pass_transport/reset_125/sync_reset/arststages_ff_reg[3]/Q
                         net (fo=16, routed)          0.185     0.237    sfo/two_pass_transport/reset_125/synced
    SLICE_X90Y74         FDPE                                         f  sfo/two_pass_transport/reset_125/reset_active_reg/PRE
  -------------------------------------------------------------------    -------------------

                         (clock clk125 rise edge)     0.000     0.000 r  
                                                      0.000     0.000 r  clk125 (IN)
                         net (fo=95401, unset)        0.019     0.019    sfo/two_pass_transport/reset_125/clk
    SLICE_X90Y74         FDPE                                         r  sfo/two_pass_transport/reset_125/reset_active_reg/C
                         clock pessimism              0.000     0.019    
    SLICE_X90Y74         FDPE (Remov_EFF_SLICEL_C_PRE)
                                                     -0.020    -0.001    sfo/two_pass_transport/reset_125/reset_active_reg
  -------------------------------------------------------------------
                         required time                          0.001    
                         arrival time                           0.237    
  -------------------------------------------------------------------
                         slack                                  0.238    

Slack (MET) :             0.291ns  (arrival time - required time)
  Source:                 reset_a/sync_reset/arststages_ff_reg[3]/C
                            (rising edge-triggered cell FDPE clocked by clk125  {rise@0.000ns fall@4.000ns period=8.000ns})
  Destination:            reset_a/reset_active_reg_replica_5/PRE
                            (removal check against rising-edge clock clk125  {rise@0.000ns fall@4.000ns period=8.000ns})
  Path Group:             **async_default**
  Path Type:              Removal (Min at Fast Process Corner)
  Requirement:            0.000ns  (clk125 rise@0.000ns - clk125 rise@0.000ns)
  Data Path Delay:        0.276ns  (logic 0.039ns (14.130%)  route 0.237ns (85.870%))
  Logic Levels:           0  
  Clock Path Skew:        0.005ns (DCD - SCD - CPR)
    Destination Clock Delay (DCD):    0.018ns
    Source Clock Delay      (SCD):    0.013ns
    Clock Pessimism Removal (CPR):    -0.000ns

    Location             Delay type                Incr(ns)  Path(ns)    Netlist Resource(s)
  -------------------------------------------------------------------    -------------------
                         (clock clk125 rise edge)     0.000     0.000 r  
                                                      0.000     0.000 r  clk125 (IN)
                         net (fo=95401, unset)        0.013     0.013    reset_a/sync_reset/dest_clk
    SLICE_X121Y209       FDPE                                         r  reset_a/sync_reset/arststages_ff_reg[3]/C
  -------------------------------------------------------------------    -------------------
    SLICE_X121Y209       FDPE (Prop_CFF2_SLICEM_C_Q)
                                                      0.039     0.052 f  reset_a/sync_reset/arststages_ff_reg[3]/Q
                         net (fo=14, routed)          0.237     0.289    reset_a/synced
    SLICE_X134Y209       FDPE                                         f  reset_a/reset_active_reg_replica_5/PRE
  -------------------------------------------------------------------    -------------------

                         (clock clk125 rise edge)     0.000     0.000 r  
                                                      0.000     0.000 r  clk125 (IN)
                         net (fo=95401, unset)        0.018     0.018    reset_a/clk
    SLICE_X134Y209       FDPE                                         r  reset_a/reset_active_reg_replica_5/C
                         clock pessimism              0.000     0.018    
    SLICE_X134Y209       FDPE (Remov_AFF_SLICEL_C_PRE)
                                                     -0.020    -0.002    reset_a/reset_active_reg_replica_5
  -------------------------------------------------------------------
                         required time                          0.002    
                         arrival time                           0.289    
  -------------------------------------------------------------------
                         slack                                  0.291    

Slack (MET) :             0.304ns  (arrival time - required time)
  Source:                 reset_a/sync_reset/arststages_ff_reg[3]/C
                            (rising edge-triggered cell FDPE clocked by clk125  {rise@0.000ns fall@4.000ns period=8.000ns})
  Destination:            reset_a/hold_count_reg[0]/CLR
                            (removal check against rising-edge clock clk125  {rise@0.000ns fall@4.000ns period=8.000ns})
  Path Group:             **async_default**
  Path Type:              Removal (Min at Fast Process Corner)
  Requirement:            0.000ns  (clk125 rise@0.000ns - clk125 rise@0.000ns)
  Data Path Delay:        0.290ns  (logic 0.039ns (13.448%)  route 0.251ns (86.552%))
  Logic Levels:           0  
  Clock Path Skew:        0.006ns (DCD - SCD - CPR)
    Destination Clock Delay (DCD):    0.019ns
    Source Clock Delay      (SCD):    0.013ns
    Clock Pessimism Removal (CPR):    -0.000ns

    Location             Delay type                Incr(ns)  Path(ns)    Netlist Resource(s)
  -------------------------------------------------------------------    -------------------
                         (clock clk125 rise edge)     0.000     0.000 r  
                                                      0.000     0.000 r  clk125 (IN)
                         net (fo=95401, unset)        0.013     0.013    reset_a/sync_reset/dest_clk
    SLICE_X121Y209       FDPE                                         r  reset_a/sync_reset/arststages_ff_reg[3]/C
  -------------------------------------------------------------------    -------------------
    SLICE_X121Y209       FDPE (Prop_CFF2_SLICEM_C_Q)
                                                      0.039     0.052 f  reset_a/sync_reset/arststages_ff_reg[3]/Q
                         net (fo=14, routed)          0.251     0.303    reset_a/synced
    SLICE_X137Y209       FDCE                                         f  reset_a/hold_count_reg[0]/CLR
  -------------------------------------------------------------------    -------------------

                         (clock clk125 rise edge)     0.000     0.000 r  
                                                      0.000     0.000 r  clk125 (IN)
                         net (fo=95401, unset)        0.019     0.019    reset_a/clk
    SLICE_X137Y209       FDCE                                         r  reset_a/hold_count_reg[0]/C
                         clock pessimism              0.000     0.019    
    SLICE_X137Y209       FDCE (Remov_HFF2_SLICEM_C_CLR)
                                                     -0.020    -0.001    reset_a/hold_count_reg[0]
  -------------------------------------------------------------------
                         required time                          0.001    
                         arrival time                           0.303    
  -------------------------------------------------------------------
                         slack                                  0.304    

Slack (MET) :             0.305ns  (arrival time - required time)
  Source:                 reset_a/sync_reset/arststages_ff_reg[3]/C
                            (rising edge-triggered cell FDPE clocked by clk125  {rise@0.000ns fall@4.000ns period=8.000ns})
  Destination:            reset_a/hold_count_reg[1]/CLR
                            (removal check against rising-edge clock clk125  {rise@0.000ns fall@4.000ns period=8.000ns})
  Path Group:             **async_default**
  Path Type:              Removal (Min at Fast Process Corner)
  Requirement:            0.000ns  (clk125 rise@0.000ns - clk125 rise@0.000ns)
  Data Path Delay:        0.291ns  (logic 0.039ns (13.402%)  route 0.252ns (86.598%))
  Logic Levels:           0  
  Clock Path Skew:        0.006ns (DCD - SCD - CPR)
    Destination Clock Delay (DCD):    0.019ns
    Source Clock Delay      (SCD):    0.013ns
    Clock Pessimism Removal (CPR):    -0.000ns

    Location             Delay type                Incr(ns)  Path(ns)    Netlist Resource(s)
  -------------------------------------------------------------------    -------------------
                         (clock clk125 rise edge)     0.000     0.000 r  
                                                      0.000     0.000 r  clk125 (IN)
                         net (fo=95401, unset)        0.013     0.013    reset_a/sync_reset/dest_clk
    SLICE_X121Y209       FDPE                                         r  reset_a/sync_reset/arststages_ff_reg[3]/C
  -------------------------------------------------------------------    -------------------
    SLICE_X121Y209       FDPE (Prop_CFF2_SLICEM_C_Q)
                                                      0.039     0.052 f  reset_a/sync_reset/arststages_ff_reg[3]/Q
                         net (fo=14, routed)          0.252     0.304    reset_a/synced
    SLICE_X137Y209       FDCE                                         f  reset_a/hold_count_reg[1]/CLR
  -------------------------------------------------------------------    -------------------

                         (clock clk125 rise edge)     0.000     0.000 r  
                                                      0.000     0.000 r  clk125 (IN)
                         net (fo=95401, unset)        0.019     0.019    reset_a/clk
    SLICE_X137Y209       FDCE                                         r  reset_a/hold_count_reg[1]/C
                         clock pessimism              0.000     0.019    
    SLICE_X137Y209       FDCE (Remov_DFF_SLICEM_C_CLR)
                                                     -0.020    -0.001    reset_a/hold_count_reg[1]
  -------------------------------------------------------------------
                         required time                          0.001    
                         arrival time                           0.304    
  -------------------------------------------------------------------
                         slack                                  0.305    

Slack (MET) :             0.305ns  (arrival time - required time)
  Source:                 reset_a/sync_reset/arststages_ff_reg[3]/C
                            (rising edge-triggered cell FDPE clocked by clk125  {rise@0.000ns fall@4.000ns period=8.000ns})
  Destination:            reset_a/hold_count_reg[2]/CLR
                            (removal check against rising-edge clock clk125  {rise@0.000ns fall@4.000ns period=8.000ns})
  Path Group:             **async_default**
  Path Type:              Removal (Min at Fast Process Corner)
  Requirement:            0.000ns  (clk125 rise@0.000ns - clk125 rise@0.000ns)
  Data Path Delay:        0.291ns  (logic 0.039ns (13.402%)  route 0.252ns (86.598%))
  Logic Levels:           0  
  Clock Path Skew:        0.006ns (DCD - SCD - CPR)
    Destination Clock Delay (DCD):    0.019ns
    Source Clock Delay      (SCD):    0.013ns
    Clock Pessimism Removal (CPR):    -0.000ns

    Location             Delay type                Incr(ns)  Path(ns)    Netlist Resource(s)
  -------------------------------------------------------------------    -------------------
                         (clock clk125 rise edge)     0.000     0.000 r  
                                                      0.000     0.000 r  clk125 (IN)
                         net (fo=95401, unset)        0.013     0.013    reset_a/sync_reset/dest_clk
    SLICE_X121Y209       FDPE                                         r  reset_a/sync_reset/arststages_ff_reg[3]/C
  -------------------------------------------------------------------    -------------------
    SLICE_X121Y209       FDPE (Prop_CFF2_SLICEM_C_Q)
                                                      0.039     0.052 f  reset_a/sync_reset/arststages_ff_reg[3]/Q
                         net (fo=14, routed)          0.252     0.304    reset_a/synced
    SLICE_X137Y209       FDCE                                         f  reset_a/hold_count_reg[2]/CLR
  -------------------------------------------------------------------    -------------------

                         (clock clk125 rise edge)     0.000     0.000 r  
                                                      0.000     0.000 r  clk125 (IN)
                         net (fo=95401, unset)        0.019     0.019    reset_a/clk
    SLICE_X137Y209       FDCE                                         r  reset_a/hold_count_reg[2]/C
                         clock pessimism              0.000     0.019    
    SLICE_X137Y209       FDCE (Remov_DFF2_SLICEM_C_CLR)
                                                     -0.020    -0.001    reset_a/hold_count_reg[2]
  -------------------------------------------------------------------
                         required time                          0.001    
                         arrival time                           0.304    
  -------------------------------------------------------------------
                         slack                                  0.305    

Slack (MET) :             0.305ns  (arrival time - required time)
  Source:                 reset_a/sync_reset/arststages_ff_reg[3]/C
                            (rising edge-triggered cell FDPE clocked by clk125  {rise@0.000ns fall@4.000ns period=8.000ns})
  Destination:            reset_a/hold_count_reg[3]/CLR
                            (removal check against rising-edge clock clk125  {rise@0.000ns fall@4.000ns period=8.000ns})
  Path Group:             **async_default**
  Path Type:              Removal (Min at Fast Process Corner)
  Requirement:            0.000ns  (clk125 rise@0.000ns - clk125 rise@0.000ns)
  Data Path Delay:        0.291ns  (logic 0.039ns (13.402%)  route 0.252ns (86.598%))
  Logic Levels:           0  
  Clock Path Skew:        0.006ns (DCD - SCD - CPR)
    Destination Clock Delay (DCD):    0.019ns
    Source Clock Delay      (SCD):    0.013ns
    Clock Pessimism Removal (CPR):    -0.000ns

    Location             Delay type                Incr(ns)  Path(ns)    Netlist Resource(s)
  -------------------------------------------------------------------    -------------------
                         (clock clk125 rise edge)     0.000     0.000 r  
                                                      0.000     0.000 r  clk125 (IN)
                         net (fo=95401, unset)        0.013     0.013    reset_a/sync_reset/dest_clk
    SLICE_X121Y209       FDPE                                         r  reset_a/sync_reset/arststages_ff_reg[3]/C
  -------------------------------------------------------------------    -------------------
    SLICE_X121Y209       FDPE (Prop_CFF2_SLICEM_C_Q)
                                                      0.039     0.052 f  reset_a/sync_reset/arststages_ff_reg[3]/Q
                         net (fo=14, routed)          0.252     0.304    reset_a/synced
    SLICE_X137Y209       FDCE                                         f  reset_a/hold_count_reg[3]/CLR
  -------------------------------------------------------------------    -------------------

                         (clock clk125 rise edge)     0.000     0.000 r  
                                                      0.000     0.000 r  clk125 (IN)
                         net (fo=95401, unset)        0.019     0.019    reset_a/clk
    SLICE_X137Y209       FDCE                                         r  reset_a/hold_count_reg[3]/C
                         clock pessimism              0.000     0.019    
    SLICE_X137Y209       FDCE (Remov_CFF_SLICEM_C_CLR)
                                                     -0.020    -0.001    reset_a/hold_count_reg[3]
  -------------------------------------------------------------------
                         required time                          0.001    
                         arrival time                           0.304    
  -------------------------------------------------------------------
                         slack                                  0.305    

Slack (MET) :             0.305ns  (arrival time - required time)
  Source:                 reset_a/sync_reset/arststages_ff_reg[3]/C
                            (rising edge-triggered cell FDPE clocked by clk125  {rise@0.000ns fall@4.000ns period=8.000ns})
  Destination:            reset_a/hold_count_reg[4]/CLR
                            (removal check against rising-edge clock clk125  {rise@0.000ns fall@4.000ns period=8.000ns})
  Path Group:             **async_default**
  Path Type:              Removal (Min at Fast Process Corner)
  Requirement:            0.000ns  (clk125 rise@0.000ns - clk125 rise@0.000ns)
  Data Path Delay:        0.291ns  (logic 0.039ns (13.402%)  route 0.252ns (86.598%))
  Logic Levels:           0  
  Clock Path Skew:        0.006ns (DCD - SCD - CPR)
    Destination Clock Delay (DCD):    0.019ns
    Source Clock Delay      (SCD):    0.013ns
    Clock Pessimism Removal (CPR):    -0.000ns

    Location             Delay type                Incr(ns)  Path(ns)    Netlist Resource(s)
  -------------------------------------------------------------------    -------------------
                         (clock clk125 rise edge)     0.000     0.000 r  
                                                      0.000     0.000 r  clk125 (IN)
                         net (fo=95401, unset)        0.013     0.013    reset_a/sync_reset/dest_clk
    SLICE_X121Y209       FDPE                                         r  reset_a/sync_reset/arststages_ff_reg[3]/C
  -------------------------------------------------------------------    -------------------
    SLICE_X121Y209       FDPE (Prop_CFF2_SLICEM_C_Q)
                                                      0.039     0.052 f  reset_a/sync_reset/arststages_ff_reg[3]/Q
                         net (fo=14, routed)          0.252     0.304    reset_a/synced
    SLICE_X137Y209       FDCE                                         f  reset_a/hold_count_reg[4]/CLR
  -------------------------------------------------------------------    -------------------

                         (clock clk125 rise edge)     0.000     0.000 r  
                                                      0.000     0.000 r  clk125 (IN)
                         net (fo=95401, unset)        0.019     0.019    reset_a/clk
    SLICE_X137Y209       FDCE                                         r  reset_a/hold_count_reg[4]/C
                         clock pessimism              0.000     0.019    
    SLICE_X137Y209       FDCE (Remov_CFF2_SLICEM_C_CLR)
                                                     -0.020    -0.001    reset_a/hold_count_reg[4]
  -------------------------------------------------------------------
                         required time                          0.001    
                         arrival time                           0.304    
  -------------------------------------------------------------------
                         slack                                  0.305    

Slack (MET) :             0.305ns  (arrival time - required time)
  Source:                 reset_a/sync_reset/arststages_ff_reg[3]/C
                            (rising edge-triggered cell FDPE clocked by clk125  {rise@0.000ns fall@4.000ns period=8.000ns})
  Destination:            reset_a/hold_count_reg[5]/CLR
                            (removal check against rising-edge clock clk125  {rise@0.000ns fall@4.000ns period=8.000ns})
  Path Group:             **async_default**
  Path Type:              Removal (Min at Fast Process Corner)
  Requirement:            0.000ns  (clk125 rise@0.000ns - clk125 rise@0.000ns)
  Data Path Delay:        0.291ns  (logic 0.039ns (13.402%)  route 0.252ns (86.598%))
  Logic Levels:           0  
  Clock Path Skew:        0.006ns (DCD - SCD - CPR)
    Destination Clock Delay (DCD):    0.019ns
    Source Clock Delay      (SCD):    0.013ns
    Clock Pessimism Removal (CPR):    -0.000ns

    Location             Delay type                Incr(ns)  Path(ns)    Netlist Resource(s)
  -------------------------------------------------------------------    -------------------
                         (clock clk125 rise edge)     0.000     0.000 r  
                                                      0.000     0.000 r  clk125 (IN)
                         net (fo=95401, unset)        0.013     0.013    reset_a/sync_reset/dest_clk
    SLICE_X121Y209       FDPE                                         r  reset_a/sync_reset/arststages_ff_reg[3]/C
  -------------------------------------------------------------------    -------------------
    SLICE_X121Y209       FDPE (Prop_CFF2_SLICEM_C_Q)
                                                      0.039     0.052 f  reset_a/sync_reset/arststages_ff_reg[3]/Q
                         net (fo=14, routed)          0.252     0.304    reset_a/synced
    SLICE_X137Y209       FDCE                                         f  reset_a/hold_count_reg[5]/CLR
  -------------------------------------------------------------------    -------------------

                         (clock clk125 rise edge)     0.000     0.000 r  
                                                      0.000     0.000 r  clk125 (IN)
                         net (fo=95401, unset)        0.019     0.019    reset_a/clk
    SLICE_X137Y209       FDCE                                         r  reset_a/hold_count_reg[5]/C
                         clock pessimism              0.000     0.019    
    SLICE_X137Y209       FDCE (Remov_BFF_SLICEM_C_CLR)
                                                     -0.020    -0.001    reset_a/hold_count_reg[5]
  -------------------------------------------------------------------
                         required time                          0.001    
                         arrival time                           0.304    
  -------------------------------------------------------------------
                         slack                                  0.305    

Slack (MET) :             0.305ns  (arrival time - required time)
  Source:                 reset_a/sync_reset/arststages_ff_reg[3]/C
                            (rising edge-triggered cell FDPE clocked by clk125  {rise@0.000ns fall@4.000ns period=8.000ns})
  Destination:            reset_a/hold_count_reg[6]_inv/PRE
                            (removal check against rising-edge clock clk125  {rise@0.000ns fall@4.000ns period=8.000ns})
  Path Group:             **async_default**
  Path Type:              Removal (Min at Fast Process Corner)
  Requirement:            0.000ns  (clk125 rise@0.000ns - clk125 rise@0.000ns)
  Data Path Delay:        0.291ns  (logic 0.039ns (13.402%)  route 0.252ns (86.598%))
  Logic Levels:           0  
  Clock Path Skew:        0.006ns (DCD - SCD - CPR)
    Destination Clock Delay (DCD):    0.019ns
    Source Clock Delay      (SCD):    0.013ns
    Clock Pessimism Removal (CPR):    -0.000ns

    Location             Delay type                Incr(ns)  Path(ns)    Netlist Resource(s)
  -------------------------------------------------------------------    -------------------
                         (clock clk125 rise edge)     0.000     0.000 r  
                                                      0.000     0.000 r  clk125 (IN)
                         net (fo=95401, unset)        0.013     0.013    reset_a/sync_reset/dest_clk
    SLICE_X121Y209       FDPE                                         r  reset_a/sync_reset/arststages_ff_reg[3]/C
  -------------------------------------------------------------------    -------------------
    SLICE_X121Y209       FDPE (Prop_CFF2_SLICEM_C_Q)
                                                      0.039     0.052 f  reset_a/sync_reset/arststages_ff_reg[3]/Q
                         net (fo=14, routed)          0.252     0.304    reset_a/synced
    SLICE_X137Y209       FDPE                                         f  reset_a/hold_count_reg[6]_inv/PRE
  -------------------------------------------------------------------    -------------------

                         (clock clk125 rise edge)     0.000     0.000 r  
                                                      0.000     0.000 r  clk125 (IN)
                         net (fo=95401, unset)        0.019     0.019    reset_a/clk
    SLICE_X137Y209       FDPE                                         r  reset_a/hold_count_reg[6]_inv/C
                         clock pessimism              0.000     0.019    
    SLICE_X137Y209       FDPE (Remov_AFF_SLICEM_C_PRE)
                                                     -0.020    -0.001    reset_a/hold_count_reg[6]_inv
  -------------------------------------------------------------------
                         required time                          0.001    
                         arrival time                           0.304    
  -------------------------------------------------------------------
                         slack                                  0.305    





---------------------------------------------------------------------------------------------------
Path Group:  **async_default**
From Clock:  clk150
  To Clock:  clk150

Setup :            0  Failing Endpoints,  Worst Slack        3.129ns,  Total Violation        0.000ns
Hold  :            0  Failing Endpoints,  Worst Slack        0.152ns,  Total Violation        0.000ns
---------------------------------------------------------------------------------------------------


Max Delay Paths
--------------------------------------------------------------------------------------
Slack (MET) :             3.129ns  (required time - arrival time)
  Source:                 sfo/two_pass_transport/reset_150/sync_reset/arststages_ff_reg[3]/C
                            (rising edge-triggered cell FDPE clocked by clk150  {rise@0.000ns fall@3.333ns period=6.667ns})
  Destination:            sfo/two_pass_transport/reset_150/reset_active_reg_replica_1/PRE
                            (recovery check against rising-edge clock clk150  {rise@0.000ns fall@3.333ns period=6.667ns})
  Path Group:             **async_default**
  Path Type:              Recovery (Max at Slow Process Corner)
  Requirement:            6.667ns  (clk150 rise@6.667ns - clk150 rise@0.000ns)
  Data Path Delay:        3.426ns  (logic 0.080ns (2.335%)  route 3.346ns (97.665%))
  Logic Levels:           0  
  Clock Path Skew:        -0.008ns (DCD - SCD + CPR)
    Destination Clock Delay (DCD):    0.020ns = ( 6.687 - 6.667 ) 
    Source Clock Delay      (SCD):    0.028ns
    Clock Pessimism Removal (CPR):    0.000ns
  Clock Uncertainty:      0.035ns  ((TSJ^2 + TIJ^2)^1/2 + DJ) / 2 + PE
    Total System Jitter     (TSJ):    0.071ns
    Total Input Jitter      (TIJ):    0.000ns
    Discrete Jitter          (DJ):    0.000ns
    Phase Error              (PE):    0.000ns
  Inter-SLR Compensation: 0.003ns  (DCD * PF)
    Destination Clock Delay (DCD):    0.020ns
    Prorating Factor         (PF):    0.150

    Location             Delay type                Incr(ns)  Path(ns)    Netlist Resource(s)
  -------------------------------------------------------------------    -------------------
                         (clock clk150 rise edge)     0.000     0.000 r  
                                                      0.000     0.000 r  clk150 (IN)
                         net (fo=156902, unset)       0.028     0.028    sfo/two_pass_transport/reset_150/sync_reset/dest_clk
    SLICE_X110Y207       FDPE                                         r  sfo/two_pass_transport/reset_150/sync_reset/arststages_ff_reg[3]/C
  -------------------------------------------------------------------    -------------------
    SLICE_X110Y207       FDPE (Prop_CFF2_SLICEL_C_Q)
                                                      0.080     0.108 f  sfo/two_pass_transport/reset_150/sync_reset/arststages_ff_reg[3]/Q
                         net (fo=38, routed)          3.346     3.454    sfo/two_pass_transport/reset_150/synced
    SLR Crossing[0->2]   
    SLICE_X110Y480       FDPE                                         f  sfo/two_pass_transport/reset_150/reset_active_reg_replica_1/PRE
  -------------------------------------------------------------------    -------------------

                         (clock clk150 rise edge)     6.667     6.667 r  
                                                      0.000     6.667 r  clk150 (IN)
                         net (fo=156902, unset)       0.020     6.687    sfo/two_pass_transport/reset_150/clk
    SLICE_X110Y480       FDPE                                         r  sfo/two_pass_transport/reset_150/reset_active_reg_replica_1/C
                         clock pessimism              0.000     6.687    
                         inter-SLR compensation      -0.003     6.684    
                         clock uncertainty           -0.035     6.649    
    SLICE_X110Y480       FDPE (Recov_EFF_SLICEL_C_PRE)
                                                     -0.066     6.583    sfo/two_pass_transport/reset_150/reset_active_reg_replica_1
  -------------------------------------------------------------------
                         required time                          6.583    
                         arrival time                          -3.454    
  -------------------------------------------------------------------
                         slack                                  3.129    

Slack (MET) :             3.235ns  (required time - arrival time)
  Source:                 cfo/reset_slow/sync_reset/arststages_ff_reg[3]/C
                            (rising edge-triggered cell FDPE clocked by clk150  {rise@0.000ns fall@3.333ns period=6.667ns})
  Destination:            cfo/reset_slow/reset_active_reg_replica_6/PRE
                            (recovery check against rising-edge clock clk150  {rise@0.000ns fall@3.333ns period=6.667ns})
  Path Group:             **async_default**
  Path Type:              Recovery (Max at Slow Process Corner)
  Requirement:            6.667ns  (clk150 rise@6.667ns - clk150 rise@0.000ns)
  Data Path Delay:        3.322ns  (logic 0.081ns (2.438%)  route 3.241ns (97.562%))
  Logic Levels:           0  
  Clock Path Skew:        -0.009ns (DCD - SCD + CPR)
    Destination Clock Delay (DCD):    0.020ns = ( 6.687 - 6.667 ) 
    Source Clock Delay      (SCD):    0.029ns
    Clock Pessimism Removal (CPR):    0.000ns
  Clock Uncertainty:      0.035ns  ((TSJ^2 + TIJ^2)^1/2 + DJ) / 2 + PE
    Total System Jitter     (TSJ):    0.071ns
    Total Input Jitter      (TIJ):    0.000ns
    Discrete Jitter          (DJ):    0.000ns
    Phase Error              (PE):    0.000ns

    Location             Delay type                Incr(ns)  Path(ns)    Netlist Resource(s)
  -------------------------------------------------------------------    -------------------
                         (clock clk150 rise edge)     0.000     0.000 r  
                                                      0.000     0.000 r  clk150 (IN)
                         net (fo=156902, unset)       0.029     0.029    cfo/reset_slow/sync_reset/dest_clk
    SLICE_X123Y199       FDPE                                         r  cfo/reset_slow/sync_reset/arststages_ff_reg[3]/C
  -------------------------------------------------------------------    -------------------
    SLICE_X123Y199       FDPE (Prop_GFF2_SLICEL_C_Q)
                                                      0.081     0.110 f  cfo/reset_slow/sync_reset/arststages_ff_reg[3]/Q
                         net (fo=19, routed)          3.241     3.351    cfo/reset_slow/synced
    SLICE_X130Y47        FDPE                                         f  cfo/reset_slow/reset_active_reg_replica_6/PRE
  -------------------------------------------------------------------    -------------------

                         (clock clk150 rise edge)     6.667     6.667 r  
                                                      0.000     6.667 r  clk150 (IN)
                         net (fo=156902, unset)       0.020     6.687    cfo/reset_slow/clk
    SLICE_X130Y47        FDPE                                         r  cfo/reset_slow/reset_active_reg_replica_6/C
                         clock pessimism              0.000     6.687    
                         clock uncertainty           -0.035     6.652    
    SLICE_X130Y47        FDPE (Recov_EFF_SLICEL_C_PRE)
                                                     -0.066     6.586    cfo/reset_slow/reset_active_reg_replica_6
  -------------------------------------------------------------------
                         required time                          6.586    
                         arrival time                          -3.351    
  -------------------------------------------------------------------
                         slack                                  3.235    

Slack (MET) :             3.694ns  (required time - arrival time)
  Source:                 cfo/reset_slow/sync_reset/arststages_ff_reg[3]/C
                            (rising edge-triggered cell FDPE clocked by clk150  {rise@0.000ns fall@3.333ns period=6.667ns})
  Destination:            cfo/reset_slow/reset_active_reg_replica_5/PRE
                            (recovery check against rising-edge clock clk150  {rise@0.000ns fall@3.333ns period=6.667ns})
  Path Group:             **async_default**
  Path Type:              Recovery (Max at Slow Process Corner)
  Requirement:            6.667ns  (clk150 rise@6.667ns - clk150 rise@0.000ns)
  Data Path Delay:        2.863ns  (logic 0.081ns (2.829%)  route 2.782ns (97.171%))
  Logic Levels:           0  
  Clock Path Skew:        -0.009ns (DCD - SCD + CPR)
    Destination Clock Delay (DCD):    0.020ns = ( 6.687 - 6.667 ) 
    Source Clock Delay      (SCD):    0.029ns
    Clock Pessimism Removal (CPR):    0.000ns
  Clock Uncertainty:      0.035ns  ((TSJ^2 + TIJ^2)^1/2 + DJ) / 2 + PE
    Total System Jitter     (TSJ):    0.071ns
    Total Input Jitter      (TIJ):    0.000ns
    Discrete Jitter          (DJ):    0.000ns
    Phase Error              (PE):    0.000ns

    Location             Delay type                Incr(ns)  Path(ns)    Netlist Resource(s)
  -------------------------------------------------------------------    -------------------
                         (clock clk150 rise edge)     0.000     0.000 r  
                                                      0.000     0.000 r  clk150 (IN)
                         net (fo=156902, unset)       0.029     0.029    cfo/reset_slow/sync_reset/dest_clk
    SLICE_X123Y199       FDPE                                         r  cfo/reset_slow/sync_reset/arststages_ff_reg[3]/C
  -------------------------------------------------------------------    -------------------
    SLICE_X123Y199       FDPE (Prop_GFF2_SLICEL_C_Q)
                                                      0.081     0.110 f  cfo/reset_slow/sync_reset/arststages_ff_reg[3]/Q
                         net (fo=19, routed)          2.782     2.892    cfo/reset_slow/synced
    SLICE_X153Y47        FDPE                                         f  cfo/reset_slow/reset_active_reg_replica_5/PRE
  -------------------------------------------------------------------    -------------------

                         (clock clk150 rise edge)     6.667     6.667 r  
                                                      0.000     6.667 r  clk150 (IN)
                         net (fo=156902, unset)       0.020     6.687    cfo/reset_slow/clk
    SLICE_X153Y47        FDPE                                         r  cfo/reset_slow/reset_active_reg_replica_5/C
                         clock pessimism              0.000     6.687    
                         clock uncertainty           -0.035     6.652    
    SLICE_X153Y47        FDPE (Recov_AFF2_SLICEL_C_PRE)
                                                     -0.066     6.586    cfo/reset_slow/reset_active_reg_replica_5
  -------------------------------------------------------------------
                         required time                          6.586    
                         arrival time                          -2.892    
  -------------------------------------------------------------------
                         slack                                  3.694    

Slack (MET) :             3.919ns  (required time - arrival time)
  Source:                 sfo/two_pass_transport/reset_150/sync_reset/arststages_ff_reg[3]/C
                            (rising edge-triggered cell FDPE clocked by clk150  {rise@0.000ns fall@3.333ns period=6.667ns})
  Destination:            sfo/two_pass_transport/reset_150/reset_active_reg_replica_16/PRE
                            (recovery check against rising-edge clock clk150  {rise@0.000ns fall@3.333ns period=6.667ns})
  Path Group:             **async_default**
  Path Type:              Recovery (Max at Slow Process Corner)
  Requirement:            6.667ns  (clk150 rise@6.667ns - clk150 rise@0.000ns)
  Data Path Delay:        2.640ns  (logic 0.080ns (3.030%)  route 2.560ns (96.970%))
  Logic Levels:           0  
  Clock Path Skew:        -0.007ns (DCD - SCD + CPR)
    Destination Clock Delay (DCD):    0.021ns = ( 6.688 - 6.667 ) 
    Source Clock Delay      (SCD):    0.028ns
    Clock Pessimism Removal (CPR):    0.000ns
  Clock Uncertainty:      0.035ns  ((TSJ^2 + TIJ^2)^1/2 + DJ) / 2 + PE
    Total System Jitter     (TSJ):    0.071ns
    Total Input Jitter      (TIJ):    0.000ns
    Discrete Jitter          (DJ):    0.000ns
    Phase Error              (PE):    0.000ns

    Location             Delay type                Incr(ns)  Path(ns)    Netlist Resource(s)
  -------------------------------------------------------------------    -------------------
                         (clock clk150 rise edge)     0.000     0.000 r  
                                                      0.000     0.000 r  clk150 (IN)
                         net (fo=156902, unset)       0.028     0.028    sfo/two_pass_transport/reset_150/sync_reset/dest_clk
    SLICE_X110Y207       FDPE                                         r  sfo/two_pass_transport/reset_150/sync_reset/arststages_ff_reg[3]/C
  -------------------------------------------------------------------    -------------------
    SLICE_X110Y207       FDPE (Prop_CFF2_SLICEL_C_Q)
                                                      0.080     0.108 f  sfo/two_pass_transport/reset_150/sync_reset/arststages_ff_reg[3]/Q
                         net (fo=38, routed)          2.560     2.668    sfo/two_pass_transport/reset_150/synced
    SLICE_X128Y159       FDPE                                         f  sfo/two_pass_transport/reset_150/reset_active_reg_replica_16/PRE
  -------------------------------------------------------------------    -------------------

                         (clock clk150 rise edge)     6.667     6.667 r  
                                                      0.000     6.667 r  clk150 (IN)
                         net (fo=156902, unset)       0.021     6.688    sfo/two_pass_transport/reset_150/clk
    SLICE_X128Y159       FDPE                                         r  sfo/two_pass_transport/reset_150/reset_active_reg_replica_16/C
                         clock pessimism              0.000     6.688    
                         clock uncertainty           -0.035     6.653    
    SLICE_X128Y159       FDPE (Recov_AFF_SLICEM_C_PRE)
                                                     -0.066     6.587    sfo/two_pass_transport/reset_150/reset_active_reg_replica_16
  -------------------------------------------------------------------
                         required time                          6.587    
                         arrival time                          -2.668    
  -------------------------------------------------------------------
                         slack                                  3.919    

Slack (MET) :             3.947ns  (required time - arrival time)
  Source:                 sfo/two_pass_transport/reset_150/sync_reset/arststages_ff_reg[3]/C
                            (rising edge-triggered cell FDPE clocked by clk150  {rise@0.000ns fall@3.333ns period=6.667ns})
  Destination:            sfo/two_pass_transport/reset_150/reset_active_reg_replica_23/PRE
                            (recovery check against rising-edge clock clk150  {rise@0.000ns fall@3.333ns period=6.667ns})
  Path Group:             **async_default**
  Path Type:              Recovery (Max at Slow Process Corner)
  Requirement:            6.667ns  (clk150 rise@6.667ns - clk150 rise@0.000ns)
  Data Path Delay:        2.611ns  (logic 0.080ns (3.064%)  route 2.531ns (96.936%))
  Logic Levels:           0  
  Clock Path Skew:        -0.008ns (DCD - SCD + CPR)
    Destination Clock Delay (DCD):    0.020ns = ( 6.687 - 6.667 ) 
    Source Clock Delay      (SCD):    0.028ns
    Clock Pessimism Removal (CPR):    0.000ns
  Clock Uncertainty:      0.035ns  ((TSJ^2 + TIJ^2)^1/2 + DJ) / 2 + PE
    Total System Jitter     (TSJ):    0.071ns
    Total Input Jitter      (TIJ):    0.000ns
    Discrete Jitter          (DJ):    0.000ns
    Phase Error              (PE):    0.000ns

    Location             Delay type                Incr(ns)  Path(ns)    Netlist Resource(s)
  -------------------------------------------------------------------    -------------------
                         (clock clk150 rise edge)     0.000     0.000 r  
                                                      0.000     0.000 r  clk150 (IN)
                         net (fo=156902, unset)       0.028     0.028    sfo/two_pass_transport/reset_150/sync_reset/dest_clk
    SLICE_X110Y207       FDPE                                         r  sfo/two_pass_transport/reset_150/sync_reset/arststages_ff_reg[3]/C
  -------------------------------------------------------------------    -------------------
    SLICE_X110Y207       FDPE (Prop_CFF2_SLICEL_C_Q)
                                                      0.080     0.108 f  sfo/two_pass_transport/reset_150/sync_reset/arststages_ff_reg[3]/Q
                         net (fo=38, routed)          2.531     2.639    sfo/two_pass_transport/reset_150/synced
    SLICE_X112Y147       FDPE                                         f  sfo/two_pass_transport/reset_150/reset_active_reg_replica_23/PRE
  -------------------------------------------------------------------    -------------------

                         (clock clk150 rise edge)     6.667     6.667 r  
                                                      0.000     6.667 r  clk150 (IN)
                         net (fo=156902, unset)       0.020     6.687    sfo/two_pass_transport/reset_150/clk
    SLICE_X112Y147       FDPE                                         r  sfo/two_pass_transport/reset_150/reset_active_reg_replica_23/C
                         clock pessimism              0.000     6.687    
                         clock uncertainty           -0.035     6.652    
    SLICE_X112Y147       FDPE (Recov_AFF_SLICEL_C_PRE)
                                                     -0.066     6.586    sfo/two_pass_transport/reset_150/reset_active_reg_replica_23
  -------------------------------------------------------------------
                         required time                          6.586    
                         arrival time                          -2.639    
  -------------------------------------------------------------------
                         slack                                  3.947    

Slack (MET) :             3.999ns  (required time - arrival time)
  Source:                 sfo/two_pass_transport/reset_150/sync_reset/arststages_ff_reg[3]/C
                            (rising edge-triggered cell FDPE clocked by clk150  {rise@0.000ns fall@3.333ns period=6.667ns})
  Destination:            sfo/two_pass_transport/reset_150/reset_active_reg_replica_27/PRE
                            (recovery check against rising-edge clock clk150  {rise@0.000ns fall@3.333ns period=6.667ns})
  Path Group:             **async_default**
  Path Type:              Recovery (Max at Slow Process Corner)
  Requirement:            6.667ns  (clk150 rise@6.667ns - clk150 rise@0.000ns)
  Data Path Delay:        2.559ns  (logic 0.080ns (3.126%)  route 2.479ns (96.874%))
  Logic Levels:           0  
  Clock Path Skew:        -0.008ns (DCD - SCD + CPR)
    Destination Clock Delay (DCD):    0.020ns = ( 6.687 - 6.667 ) 
    Source Clock Delay      (SCD):    0.028ns
    Clock Pessimism Removal (CPR):    0.000ns
  Clock Uncertainty:      0.035ns  ((TSJ^2 + TIJ^2)^1/2 + DJ) / 2 + PE
    Total System Jitter     (TSJ):    0.071ns
    Total Input Jitter      (TIJ):    0.000ns
    Discrete Jitter          (DJ):    0.000ns
    Phase Error              (PE):    0.000ns

    Location             Delay type                Incr(ns)  Path(ns)    Netlist Resource(s)
  -------------------------------------------------------------------    -------------------
                         (clock clk150 rise edge)     0.000     0.000 r  
                                                      0.000     0.000 r  clk150 (IN)
                         net (fo=156902, unset)       0.028     0.028    sfo/two_pass_transport/reset_150/sync_reset/dest_clk
    SLICE_X110Y207       FDPE                                         r  sfo/two_pass_transport/reset_150/sync_reset/arststages_ff_reg[3]/C
  -------------------------------------------------------------------    -------------------
    SLICE_X110Y207       FDPE (Prop_CFF2_SLICEL_C_Q)
                                                      0.080     0.108 f  sfo/two_pass_transport/reset_150/sync_reset/arststages_ff_reg[3]/Q
                         net (fo=38, routed)          2.479     2.587    sfo/two_pass_transport/reset_150/synced
    SLICE_X132Y157       FDPE                                         f  sfo/two_pass_transport/reset_150/reset_active_reg_replica_27/PRE
  -------------------------------------------------------------------    -------------------

                         (clock clk150 rise edge)     6.667     6.667 r  
                                                      0.000     6.667 r  clk150 (IN)
                         net (fo=156902, unset)       0.020     6.687    sfo/two_pass_transport/reset_150/clk
    SLICE_X132Y157       FDPE                                         r  sfo/two_pass_transport/reset_150/reset_active_reg_replica_27/C
                         clock pessimism              0.000     6.687    
                         clock uncertainty           -0.035     6.652    
    SLICE_X132Y157       FDPE (Recov_EFF_SLICEL_C_PRE)
                                                     -0.066     6.586    sfo/two_pass_transport/reset_150/reset_active_reg_replica_27
  -------------------------------------------------------------------
                         required time                          6.586    
                         arrival time                          -2.587    
  -------------------------------------------------------------------
                         slack                                  3.999    

Slack (MET) :             4.146ns  (required time - arrival time)
  Source:                 sfo/two_pass_transport/reset_150/sync_reset/arststages_ff_reg[3]/C
                            (rising edge-triggered cell FDPE clocked by clk150  {rise@0.000ns fall@3.333ns period=6.667ns})
  Destination:            sfo/two_pass_transport/reset_150/reset_active_reg_replica_14/PRE
                            (recovery check against rising-edge clock clk150  {rise@0.000ns fall@3.333ns period=6.667ns})
  Path Group:             **async_default**
  Path Type:              Recovery (Max at Slow Process Corner)
  Requirement:            6.667ns  (clk150 rise@6.667ns - clk150 rise@0.000ns)
  Data Path Delay:        2.413ns  (logic 0.080ns (3.315%)  route 2.333ns (96.685%))
  Logic Levels:           0  
  Clock Path Skew:        -0.007ns (DCD - SCD + CPR)
    Destination Clock Delay (DCD):    0.021ns = ( 6.688 - 6.667 ) 
    Source Clock Delay      (SCD):    0.028ns
    Clock Pessimism Removal (CPR):    0.000ns
  Clock Uncertainty:      0.035ns  ((TSJ^2 + TIJ^2)^1/2 + DJ) / 2 + PE
    Total System Jitter     (TSJ):    0.071ns
    Total Input Jitter      (TIJ):    0.000ns
    Discrete Jitter          (DJ):    0.000ns
    Phase Error              (PE):    0.000ns

    Location             Delay type                Incr(ns)  Path(ns)    Netlist Resource(s)
  -------------------------------------------------------------------    -------------------
                         (clock clk150 rise edge)     0.000     0.000 r  
                                                      0.000     0.000 r  clk150 (IN)
                         net (fo=156902, unset)       0.028     0.028    sfo/two_pass_transport/reset_150/sync_reset/dest_clk
    SLICE_X110Y207       FDPE                                         r  sfo/two_pass_transport/reset_150/sync_reset/arststages_ff_reg[3]/C
  -------------------------------------------------------------------    -------------------
    SLICE_X110Y207       FDPE (Prop_CFF2_SLICEL_C_Q)
                                                      0.080     0.108 f  sfo/two_pass_transport/reset_150/sync_reset/arststages_ff_reg[3]/Q
                         net (fo=38, routed)          2.333     2.441    sfo/two_pass_transport/reset_150/synced
    SLICE_X111Y154       FDPE                                         f  sfo/two_pass_transport/reset_150/reset_active_reg_replica_14/PRE
  -------------------------------------------------------------------    -------------------

                         (clock clk150 rise edge)     6.667     6.667 r  
                                                      0.000     6.667 r  clk150 (IN)
                         net (fo=156902, unset)       0.021     6.688    sfo/two_pass_transport/reset_150/clk
    SLICE_X111Y154       FDPE                                         r  sfo/two_pass_transport/reset_150/reset_active_reg_replica_14/C
                         clock pessimism              0.000     6.688    
                         clock uncertainty           -0.035     6.653    
    SLICE_X111Y154       FDPE (Recov_EFF_SLICEM_C_PRE)
                                                     -0.066     6.587    sfo/two_pass_transport/reset_150/reset_active_reg_replica_14
  -------------------------------------------------------------------
                         required time                          6.587    
                         arrival time                          -2.441    
  -------------------------------------------------------------------
                         slack                                  4.146    

Slack (MET) :             4.146ns  (required time - arrival time)
  Source:                 sfo/two_pass_transport/reset_150/sync_reset/arststages_ff_reg[3]/C
                            (rising edge-triggered cell FDPE clocked by clk150  {rise@0.000ns fall@3.333ns period=6.667ns})
  Destination:            sfo/two_pass_transport/reset_150/reset_active_reg_replica_28/PRE
                            (recovery check against rising-edge clock clk150  {rise@0.000ns fall@3.333ns period=6.667ns})
  Path Group:             **async_default**
  Path Type:              Recovery (Max at Slow Process Corner)
  Requirement:            6.667ns  (clk150 rise@6.667ns - clk150 rise@0.000ns)
  Data Path Delay:        2.413ns  (logic 0.080ns (3.315%)  route 2.333ns (96.685%))
  Logic Levels:           0  
  Clock Path Skew:        -0.007ns (DCD - SCD + CPR)
    Destination Clock Delay (DCD):    0.021ns = ( 6.688 - 6.667 ) 
    Source Clock Delay      (SCD):    0.028ns
    Clock Pessimism Removal (CPR):    0.000ns
  Clock Uncertainty:      0.035ns  ((TSJ^2 + TIJ^2)^1/2 + DJ) / 2 + PE
    Total System Jitter     (TSJ):    0.071ns
    Total Input Jitter      (TIJ):    0.000ns
    Discrete Jitter          (DJ):    0.000ns
    Phase Error              (PE):    0.000ns

    Location             Delay type                Incr(ns)  Path(ns)    Netlist Resource(s)
  -------------------------------------------------------------------    -------------------
                         (clock clk150 rise edge)     0.000     0.000 r  
                                                      0.000     0.000 r  clk150 (IN)
                         net (fo=156902, unset)       0.028     0.028    sfo/two_pass_transport/reset_150/sync_reset/dest_clk
    SLICE_X110Y207       FDPE                                         r  sfo/two_pass_transport/reset_150/sync_reset/arststages_ff_reg[3]/C
  -------------------------------------------------------------------    -------------------
    SLICE_X110Y207       FDPE (Prop_CFF2_SLICEL_C_Q)
                                                      0.080     0.108 f  sfo/two_pass_transport/reset_150/sync_reset/arststages_ff_reg[3]/Q
                         net (fo=38, routed)          2.333     2.441    sfo/two_pass_transport/reset_150/synced
    SLICE_X111Y154       FDPE                                         f  sfo/two_pass_transport/reset_150/reset_active_reg_replica_28/PRE
  -------------------------------------------------------------------    -------------------

                         (clock clk150 rise edge)     6.667     6.667 r  
                                                      0.000     6.667 r  clk150 (IN)
                         net (fo=156902, unset)       0.021     6.688    sfo/two_pass_transport/reset_150/clk
    SLICE_X111Y154       FDPE                                         r  sfo/two_pass_transport/reset_150/reset_active_reg_replica_28/C
                         clock pessimism              0.000     6.688    
                         clock uncertainty           -0.035     6.653    
    SLICE_X111Y154       FDPE (Recov_EFF2_SLICEM_C_PRE)
                                                     -0.066     6.587    sfo/two_pass_transport/reset_150/reset_active_reg_replica_28
  -------------------------------------------------------------------
                         required time                          6.587    
                         arrival time                          -2.441    
  -------------------------------------------------------------------
                         slack                                  4.146    

Slack (MET) :             4.162ns  (required time - arrival time)
  Source:                 sfo/two_pass_transport/reset_150/sync_reset/arststages_ff_reg[3]/C
                            (rising edge-triggered cell FDPE clocked by clk150  {rise@0.000ns fall@3.333ns period=6.667ns})
  Destination:            sfo/two_pass_transport/reset_150/reset_active_reg_replica_29/PRE
                            (recovery check against rising-edge clock clk150  {rise@0.000ns fall@3.333ns period=6.667ns})
  Path Group:             **async_default**
  Path Type:              Recovery (Max at Slow Process Corner)
  Requirement:            6.667ns  (clk150 rise@6.667ns - clk150 rise@0.000ns)
  Data Path Delay:        2.396ns  (logic 0.080ns (3.339%)  route 2.316ns (96.661%))
  Logic Levels:           0  
  Clock Path Skew:        -0.008ns (DCD - SCD + CPR)
    Destination Clock Delay (DCD):    0.020ns = ( 6.687 - 6.667 ) 
    Source Clock Delay      (SCD):    0.028ns
    Clock Pessimism Removal (CPR):    0.000ns
  Clock Uncertainty:      0.035ns  ((TSJ^2 + TIJ^2)^1/2 + DJ) / 2 + PE
    Total System Jitter     (TSJ):    0.071ns
    Total Input Jitter      (TIJ):    0.000ns
    Discrete Jitter          (DJ):    0.000ns
    Phase Error              (PE):    0.000ns

    Location             Delay type                Incr(ns)  Path(ns)    Netlist Resource(s)
  -------------------------------------------------------------------    -------------------
                         (clock clk150 rise edge)     0.000     0.000 r  
                                                      0.000     0.000 r  clk150 (IN)
                         net (fo=156902, unset)       0.028     0.028    sfo/two_pass_transport/reset_150/sync_reset/dest_clk
    SLICE_X110Y207       FDPE                                         r  sfo/two_pass_transport/reset_150/sync_reset/arststages_ff_reg[3]/C
  -------------------------------------------------------------------    -------------------
    SLICE_X110Y207       FDPE (Prop_CFF2_SLICEL_C_Q)
                                                      0.080     0.108 f  sfo/two_pass_transport/reset_150/sync_reset/arststages_ff_reg[3]/Q
                         net (fo=38, routed)          2.316     2.424    sfo/two_pass_transport/reset_150/synced
    SLICE_X130Y145       FDPE                                         f  sfo/two_pass_transport/reset_150/reset_active_reg_replica_29/PRE
  -------------------------------------------------------------------    -------------------

                         (clock clk150 rise edge)     6.667     6.667 r  
                                                      0.000     6.667 r  clk150 (IN)
                         net (fo=156902, unset)       0.020     6.687    sfo/two_pass_transport/reset_150/clk
    SLICE_X130Y145       FDPE                                         r  sfo/two_pass_transport/reset_150/reset_active_reg_replica_29/C
                         clock pessimism              0.000     6.687    
                         clock uncertainty           -0.035     6.652    
    SLICE_X130Y145       FDPE (Recov_EFF2_SLICEL_C_PRE)
                                                     -0.066     6.586    sfo/two_pass_transport/reset_150/reset_active_reg_replica_29
  -------------------------------------------------------------------
                         required time                          6.586    
                         arrival time                          -2.424    
  -------------------------------------------------------------------
                         slack                                  4.162    

Slack (MET) :             4.213ns  (required time - arrival time)
  Source:                 sfo/two_pass_transport/reset_150/sync_reset/arststages_ff_reg[3]/C
                            (rising edge-triggered cell FDPE clocked by clk150  {rise@0.000ns fall@3.333ns period=6.667ns})
  Destination:            sfo/two_pass_transport/reset_150/reset_active_reg_replica_26/PRE
                            (recovery check against rising-edge clock clk150  {rise@0.000ns fall@3.333ns period=6.667ns})
  Path Group:             **async_default**
  Path Type:              Recovery (Max at Slow Process Corner)
  Requirement:            6.667ns  (clk150 rise@6.667ns - clk150 rise@0.000ns)
  Data Path Delay:        2.345ns  (logic 0.080ns (3.412%)  route 2.265ns (96.588%))
  Logic Levels:           0  
  Clock Path Skew:        -0.008ns (DCD - SCD + CPR)
    Destination Clock Delay (DCD):    0.020ns = ( 6.687 - 6.667 ) 
    Source Clock Delay      (SCD):    0.028ns
    Clock Pessimism Removal (CPR):    0.000ns
  Clock Uncertainty:      0.035ns  ((TSJ^2 + TIJ^2)^1/2 + DJ) / 2 + PE
    Total System Jitter     (TSJ):    0.071ns
    Total Input Jitter      (TIJ):    0.000ns
    Discrete Jitter          (DJ):    0.000ns
    Phase Error              (PE):    0.000ns

    Location             Delay type                Incr(ns)  Path(ns)    Netlist Resource(s)
  -------------------------------------------------------------------    -------------------
                         (clock clk150 rise edge)     0.000     0.000 r  
                                                      0.000     0.000 r  clk150 (IN)
                         net (fo=156902, unset)       0.028     0.028    sfo/two_pass_transport/reset_150/sync_reset/dest_clk
    SLICE_X110Y207       FDPE                                         r  sfo/two_pass_transport/reset_150/sync_reset/arststages_ff_reg[3]/C
  -------------------------------------------------------------------    -------------------
    SLICE_X110Y207       FDPE (Prop_CFF2_SLICEL_C_Q)
                                                      0.080     0.108 f  sfo/two_pass_transport/reset_150/sync_reset/arststages_ff_reg[3]/Q
                         net (fo=38, routed)          2.265     2.373    sfo/two_pass_transport/reset_150/synced
    SLICE_X132Y185       FDPE                                         f  sfo/two_pass_transport/reset_150/reset_active_reg_replica_26/PRE
  -------------------------------------------------------------------    -------------------

                         (clock clk150 rise edge)     6.667     6.667 r  
                                                      0.000     6.667 r  clk150 (IN)
                         net (fo=156902, unset)       0.020     6.687    sfo/two_pass_transport/reset_150/clk
    SLICE_X132Y185       FDPE                                         r  sfo/two_pass_transport/reset_150/reset_active_reg_replica_26/C
                         clock pessimism              0.000     6.687    
                         clock uncertainty           -0.035     6.652    
    SLICE_X132Y185       FDPE (Recov_EFF_SLICEL_C_PRE)
                                                     -0.066     6.586    sfo/two_pass_transport/reset_150/reset_active_reg_replica_26
  -------------------------------------------------------------------
                         required time                          6.586    
                         arrival time                          -2.373    
  -------------------------------------------------------------------
                         slack                                  4.213    





Min Delay Paths
--------------------------------------------------------------------------------------
Slack (MET) :             0.152ns  (arrival time - required time)
  Source:                 reset_b/sync_reset/arststages_ff_reg[3]/C
                            (rising edge-triggered cell FDPE clocked by clk150  {rise@0.000ns fall@3.333ns period=6.667ns})
  Destination:            reset_b/hold_count_reg[0]/CLR
                            (removal check against rising-edge clock clk150  {rise@0.000ns fall@3.333ns period=6.667ns})
  Path Group:             **async_default**
  Path Type:              Removal (Min at Fast Process Corner)
  Requirement:            0.000ns  (clk150 rise@0.000ns - clk150 rise@0.000ns)
  Data Path Delay:        0.139ns  (logic 0.040ns (28.777%)  route 0.099ns (71.223%))
  Logic Levels:           0  
  Clock Path Skew:        0.007ns (DCD - SCD - CPR)
    Destination Clock Delay (DCD):    0.019ns
    Source Clock Delay      (SCD):    0.012ns
    Clock Pessimism Removal (CPR):    -0.000ns

    Location             Delay type                Incr(ns)  Path(ns)    Netlist Resource(s)
  -------------------------------------------------------------------    -------------------
                         (clock clk150 rise edge)     0.000     0.000 r  
                                                      0.000     0.000 r  clk150 (IN)
                         net (fo=156902, unset)       0.012     0.012    reset_b/sync_reset/dest_clk
    SLICE_X123Y217       FDPE                                         r  reset_b/sync_reset/arststages_ff_reg[3]/C
  -------------------------------------------------------------------    -------------------
    SLICE_X123Y217       FDPE (Prop_CFF2_SLICEL_C_Q)
                                                      0.040     0.052 f  reset_b/sync_reset/arststages_ff_reg[3]/Q
                         net (fo=8, routed)           0.099     0.151    reset_b/synced
    SLICE_X123Y216       FDCE                                         f  reset_b/hold_count_reg[0]/CLR
  -------------------------------------------------------------------    -------------------

                         (clock clk150 rise edge)     0.000     0.000 r  
                                                      0.000     0.000 r  clk150 (IN)
                         net (fo=156902, unset)       0.019     0.019    reset_b/clk
    SLICE_X123Y216       FDCE                                         r  reset_b/hold_count_reg[0]/C
                         clock pessimism              0.000     0.019    
    SLICE_X123Y216       FDCE (Remov_HFF_SLICEL_C_CLR)
                                                     -0.020    -0.001    reset_b/hold_count_reg[0]
  -------------------------------------------------------------------
                         required time                          0.001    
                         arrival time                           0.151    
  -------------------------------------------------------------------
                         slack                                  0.152    

Slack (MET) :             0.152ns  (arrival time - required time)
  Source:                 reset_b/sync_reset/arststages_ff_reg[3]/C
                            (rising edge-triggered cell FDPE clocked by clk150  {rise@0.000ns fall@3.333ns period=6.667ns})
  Destination:            reset_b/reset_active_reg/PRE
                            (removal check against rising-edge clock clk150  {rise@0.000ns fall@3.333ns period=6.667ns})
  Path Group:             **async_default**
  Path Type:              Removal (Min at Fast Process Corner)
  Requirement:            0.000ns  (clk150 rise@0.000ns - clk150 rise@0.000ns)
  Data Path Delay:        0.139ns  (logic 0.040ns (28.777%)  route 0.099ns (71.223%))
  Logic Levels:           0  
  Clock Path Skew:        0.007ns (DCD - SCD - CPR)
    Destination Clock Delay (DCD):    0.019ns
    Source Clock Delay      (SCD):    0.012ns
    Clock Pessimism Removal (CPR):    -0.000ns

    Location             Delay type                Incr(ns)  Path(ns)    Netlist Resource(s)
  -------------------------------------------------------------------    -------------------
                         (clock clk150 rise edge)     0.000     0.000 r  
                                                      0.000     0.000 r  clk150 (IN)
                         net (fo=156902, unset)       0.012     0.012    reset_b/sync_reset/dest_clk
    SLICE_X123Y217       FDPE                                         r  reset_b/sync_reset/arststages_ff_reg[3]/C
  -------------------------------------------------------------------    -------------------
    SLICE_X123Y217       FDPE (Prop_CFF2_SLICEL_C_Q)
                                                      0.040     0.052 f  reset_b/sync_reset/arststages_ff_reg[3]/Q
                         net (fo=8, routed)           0.099     0.151    reset_b/synced
    SLICE_X123Y216       FDPE                                         f  reset_b/reset_active_reg/PRE
  -------------------------------------------------------------------    -------------------

                         (clock clk150 rise edge)     0.000     0.000 r  
                                                      0.000     0.000 r  clk150 (IN)
                         net (fo=156902, unset)       0.019     0.019    reset_b/clk
    SLICE_X123Y216       FDPE                                         r  reset_b/reset_active_reg/C
                         clock pessimism              0.000     0.019    
    SLICE_X123Y216       FDPE (Remov_HFF2_SLICEL_C_PRE)
                                                     -0.020    -0.001    reset_b/reset_active_reg
  -------------------------------------------------------------------
                         required time                          0.001    
                         arrival time                           0.151    
  -------------------------------------------------------------------
                         slack                                  0.152    

Slack (MET) :             0.153ns  (arrival time - required time)
  Source:                 reset_b/sync_reset/arststages_ff_reg[3]/C
                            (rising edge-triggered cell FDPE clocked by clk150  {rise@0.000ns fall@3.333ns period=6.667ns})
  Destination:            reset_b/hold_count_reg[1]/CLR
                            (removal check against rising-edge clock clk150  {rise@0.000ns fall@3.333ns period=6.667ns})
  Path Group:             **async_default**
  Path Type:              Removal (Min at Fast Process Corner)
  Requirement:            0.000ns  (clk150 rise@0.000ns - clk150 rise@0.000ns)
  Data Path Delay:        0.139ns  (logic 0.040ns (28.777%)  route 0.099ns (71.223%))
  Logic Levels:           0  
  Clock Path Skew:        0.006ns (DCD - SCD - CPR)
    Destination Clock Delay (DCD):    0.018ns
    Source Clock Delay      (SCD):    0.012ns
    Clock Pessimism Removal (CPR):    -0.000ns

    Location             Delay type                Incr(ns)  Path(ns)    Netlist Resource(s)
  -------------------------------------------------------------------    -------------------
                         (clock clk150 rise edge)     0.000     0.000 r  
                                                      0.000     0.000 r  clk150 (IN)
                         net (fo=156902, unset)       0.012     0.012    reset_b/sync_reset/dest_clk
    SLICE_X123Y217       FDPE                                         r  reset_b/sync_reset/arststages_ff_reg[3]/C
  -------------------------------------------------------------------    -------------------
    SLICE_X123Y217       FDPE (Prop_CFF2_SLICEL_C_Q)
                                                      0.040     0.052 f  reset_b/sync_reset/arststages_ff_reg[3]/Q
                         net (fo=8, routed)           0.099     0.151    reset_b/synced
    SLICE_X123Y216       FDCE                                         f  reset_b/hold_count_reg[1]/CLR
  -------------------------------------------------------------------    -------------------

                         (clock clk150 rise edge)     0.000     0.000 r  
                                                      0.000     0.000 r  clk150 (IN)
                         net (fo=156902, unset)       0.018     0.018    reset_b/clk
    SLICE_X123Y216       FDCE                                         r  reset_b/hold_count_reg[1]/C
                         clock pessimism              0.000     0.018    
    SLICE_X123Y216       FDCE (Remov_DFF_SLICEL_C_CLR)
                                                     -0.020    -0.002    reset_b/hold_count_reg[1]
  -------------------------------------------------------------------
                         required time                          0.002    
                         arrival time                           0.151    
  -------------------------------------------------------------------
                         slack                                  0.153    

Slack (MET) :             0.153ns  (arrival time - required time)
  Source:                 reset_b/sync_reset/arststages_ff_reg[3]/C
                            (rising edge-triggered cell FDPE clocked by clk150  {rise@0.000ns fall@3.333ns period=6.667ns})
  Destination:            reset_b/hold_count_reg[2]/CLR
                            (removal check against rising-edge clock clk150  {rise@0.000ns fall@3.333ns period=6.667ns})
  Path Group:             **async_default**
  Path Type:              Removal (Min at Fast Process Corner)
  Requirement:            0.000ns  (clk150 rise@0.000ns - clk150 rise@0.000ns)
  Data Path Delay:        0.139ns  (logic 0.040ns (28.777%)  route 0.099ns (71.223%))
  Logic Levels:           0  
  Clock Path Skew:        0.006ns (DCD - SCD - CPR)
    Destination Clock Delay (DCD):    0.018ns
    Source Clock Delay      (SCD):    0.012ns
    Clock Pessimism Removal (CPR):    -0.000ns

    Location             Delay type                Incr(ns)  Path(ns)    Netlist Resource(s)
  -------------------------------------------------------------------    -------------------
                         (clock clk150 rise edge)     0.000     0.000 r  
                                                      0.000     0.000 r  clk150 (IN)
                         net (fo=156902, unset)       0.012     0.012    reset_b/sync_reset/dest_clk
    SLICE_X123Y217       FDPE                                         r  reset_b/sync_reset/arststages_ff_reg[3]/C
  -------------------------------------------------------------------    -------------------
    SLICE_X123Y217       FDPE (Prop_CFF2_SLICEL_C_Q)
                                                      0.040     0.052 f  reset_b/sync_reset/arststages_ff_reg[3]/Q
                         net (fo=8, routed)           0.099     0.151    reset_b/synced
    SLICE_X123Y216       FDCE                                         f  reset_b/hold_count_reg[2]/CLR
  -------------------------------------------------------------------    -------------------

                         (clock clk150 rise edge)     0.000     0.000 r  
                                                      0.000     0.000 r  clk150 (IN)
                         net (fo=156902, unset)       0.018     0.018    reset_b/clk
    SLICE_X123Y216       FDCE                                         r  reset_b/hold_count_reg[2]/C
                         clock pessimism              0.000     0.018    
    SLICE_X123Y216       FDCE (Remov_DFF2_SLICEL_C_CLR)
                                                     -0.020    -0.002    reset_b/hold_count_reg[2]
  -------------------------------------------------------------------
                         required time                          0.002    
                         arrival time                           0.151    
  -------------------------------------------------------------------
                         slack                                  0.153    

Slack (MET) :             0.153ns  (arrival time - required time)
  Source:                 reset_b/sync_reset/arststages_ff_reg[3]/C
                            (rising edge-triggered cell FDPE clocked by clk150  {rise@0.000ns fall@3.333ns period=6.667ns})
  Destination:            reset_b/hold_count_reg[3]/CLR
                            (removal check against rising-edge clock clk150  {rise@0.000ns fall@3.333ns period=6.667ns})
  Path Group:             **async_default**
  Path Type:              Removal (Min at Fast Process Corner)
  Requirement:            0.000ns  (clk150 rise@0.000ns - clk150 rise@0.000ns)
  Data Path Delay:        0.139ns  (logic 0.040ns (28.777%)  route 0.099ns (71.223%))
  Logic Levels:           0  
  Clock Path Skew:        0.006ns (DCD - SCD - CPR)
    Destination Clock Delay (DCD):    0.018ns
    Source Clock Delay      (SCD):    0.012ns
    Clock Pessimism Removal (CPR):    -0.000ns

    Location             Delay type                Incr(ns)  Path(ns)    Netlist Resource(s)
  -------------------------------------------------------------------    -------------------
                         (clock clk150 rise edge)     0.000     0.000 r  
                                                      0.000     0.000 r  clk150 (IN)
                         net (fo=156902, unset)       0.012     0.012    reset_b/sync_reset/dest_clk
    SLICE_X123Y217       FDPE                                         r  reset_b/sync_reset/arststages_ff_reg[3]/C
  -------------------------------------------------------------------    -------------------
    SLICE_X123Y217       FDPE (Prop_CFF2_SLICEL_C_Q)
                                                      0.040     0.052 f  reset_b/sync_reset/arststages_ff_reg[3]/Q
                         net (fo=8, routed)           0.099     0.151    reset_b/synced
    SLICE_X123Y216       FDCE                                         f  reset_b/hold_count_reg[3]/CLR
  -------------------------------------------------------------------    -------------------

                         (clock clk150 rise edge)     0.000     0.000 r  
                                                      0.000     0.000 r  clk150 (IN)
                         net (fo=156902, unset)       0.018     0.018    reset_b/clk
    SLICE_X123Y216       FDCE                                         r  reset_b/hold_count_reg[3]/C
                         clock pessimism              0.000     0.018    
    SLICE_X123Y216       FDCE (Remov_CFF_SLICEL_C_CLR)
                                                     -0.020    -0.002    reset_b/hold_count_reg[3]
  -------------------------------------------------------------------
                         required time                          0.002    
                         arrival time                           0.151    
  -------------------------------------------------------------------
                         slack                                  0.153    

Slack (MET) :             0.153ns  (arrival time - required time)
  Source:                 reset_b/sync_reset/arststages_ff_reg[3]/C
                            (rising edge-triggered cell FDPE clocked by clk150  {rise@0.000ns fall@3.333ns period=6.667ns})
  Destination:            reset_b/hold_count_reg[4]/CLR
                            (removal check against rising-edge clock clk150  {rise@0.000ns fall@3.333ns period=6.667ns})
  Path Group:             **async_default**
  Path Type:              Removal (Min at Fast Process Corner)
  Requirement:            0.000ns  (clk150 rise@0.000ns - clk150 rise@0.000ns)
  Data Path Delay:        0.139ns  (logic 0.040ns (28.777%)  route 0.099ns (71.223%))
  Logic Levels:           0  
  Clock Path Skew:        0.006ns (DCD - SCD - CPR)
    Destination Clock Delay (DCD):    0.018ns
    Source Clock Delay      (SCD):    0.012ns
    Clock Pessimism Removal (CPR):    -0.000ns

    Location             Delay type                Incr(ns)  Path(ns)    Netlist Resource(s)
  -------------------------------------------------------------------    -------------------
                         (clock clk150 rise edge)     0.000     0.000 r  
                                                      0.000     0.000 r  clk150 (IN)
                         net (fo=156902, unset)       0.012     0.012    reset_b/sync_reset/dest_clk
    SLICE_X123Y217       FDPE                                         r  reset_b/sync_reset/arststages_ff_reg[3]/C
  -------------------------------------------------------------------    -------------------
    SLICE_X123Y217       FDPE (Prop_CFF2_SLICEL_C_Q)
                                                      0.040     0.052 f  reset_b/sync_reset/arststages_ff_reg[3]/Q
                         net (fo=8, routed)           0.099     0.151    reset_b/synced
    SLICE_X123Y216       FDCE                                         f  reset_b/hold_count_reg[4]/CLR
  -------------------------------------------------------------------    -------------------

                         (clock clk150 rise edge)     0.000     0.000 r  
                                                      0.000     0.000 r  clk150 (IN)
                         net (fo=156902, unset)       0.018     0.018    reset_b/clk
    SLICE_X123Y216       FDCE                                         r  reset_b/hold_count_reg[4]/C
                         clock pessimism              0.000     0.018    
    SLICE_X123Y216       FDCE (Remov_CFF2_SLICEL_C_CLR)
                                                     -0.020    -0.002    reset_b/hold_count_reg[4]
  -------------------------------------------------------------------
                         required time                          0.002    
                         arrival time                           0.151    
  -------------------------------------------------------------------
                         slack                                  0.153    

Slack (MET) :             0.153ns  (arrival time - required time)
  Source:                 reset_b/sync_reset/arststages_ff_reg[3]/C
                            (rising edge-triggered cell FDPE clocked by clk150  {rise@0.000ns fall@3.333ns period=6.667ns})
  Destination:            reset_b/hold_count_reg[5]/CLR
                            (removal check against rising-edge clock clk150  {rise@0.000ns fall@3.333ns period=6.667ns})
  Path Group:             **async_default**
  Path Type:              Removal (Min at Fast Process Corner)
  Requirement:            0.000ns  (clk150 rise@0.000ns - clk150 rise@0.000ns)
  Data Path Delay:        0.139ns  (logic 0.040ns (28.777%)  route 0.099ns (71.223%))
  Logic Levels:           0  
  Clock Path Skew:        0.006ns (DCD - SCD - CPR)
    Destination Clock Delay (DCD):    0.018ns
    Source Clock Delay      (SCD):    0.012ns
    Clock Pessimism Removal (CPR):    -0.000ns

    Location             Delay type                Incr(ns)  Path(ns)    Netlist Resource(s)
  -------------------------------------------------------------------    -------------------
                         (clock clk150 rise edge)     0.000     0.000 r  
                                                      0.000     0.000 r  clk150 (IN)
                         net (fo=156902, unset)       0.012     0.012    reset_b/sync_reset/dest_clk
    SLICE_X123Y217       FDPE                                         r  reset_b/sync_reset/arststages_ff_reg[3]/C
  -------------------------------------------------------------------    -------------------
    SLICE_X123Y217       FDPE (Prop_CFF2_SLICEL_C_Q)
                                                      0.040     0.052 f  reset_b/sync_reset/arststages_ff_reg[3]/Q
                         net (fo=8, routed)           0.099     0.151    reset_b/synced
    SLICE_X123Y216       FDCE                                         f  reset_b/hold_count_reg[5]/CLR
  -------------------------------------------------------------------    -------------------

                         (clock clk150 rise edge)     0.000     0.000 r  
                                                      0.000     0.000 r  clk150 (IN)
                         net (fo=156902, unset)       0.018     0.018    reset_b/clk
    SLICE_X123Y216       FDCE                                         r  reset_b/hold_count_reg[5]/C
                         clock pessimism              0.000     0.018    
    SLICE_X123Y216       FDCE (Remov_BFF_SLICEL_C_CLR)
                                                     -0.020    -0.002    reset_b/hold_count_reg[5]
  -------------------------------------------------------------------
                         required time                          0.002    
                         arrival time                           0.151    
  -------------------------------------------------------------------
                         slack                                  0.153    

Slack (MET) :             0.153ns  (arrival time - required time)
  Source:                 reset_b/sync_reset/arststages_ff_reg[3]/C
                            (rising edge-triggered cell FDPE clocked by clk150  {rise@0.000ns fall@3.333ns period=6.667ns})
  Destination:            reset_b/hold_count_reg[6]_inv/PRE
                            (removal check against rising-edge clock clk150  {rise@0.000ns fall@3.333ns period=6.667ns})
  Path Group:             **async_default**
  Path Type:              Removal (Min at Fast Process Corner)
  Requirement:            0.000ns  (clk150 rise@0.000ns - clk150 rise@0.000ns)
  Data Path Delay:        0.139ns  (logic 0.040ns (28.777%)  route 0.099ns (71.223%))
  Logic Levels:           0  
  Clock Path Skew:        0.006ns (DCD - SCD - CPR)
    Destination Clock Delay (DCD):    0.018ns
    Source Clock Delay      (SCD):    0.012ns
    Clock Pessimism Removal (CPR):    -0.000ns

    Location             Delay type                Incr(ns)  Path(ns)    Netlist Resource(s)
  -------------------------------------------------------------------    -------------------
                         (clock clk150 rise edge)     0.000     0.000 r  
                                                      0.000     0.000 r  clk150 (IN)
                         net (fo=156902, unset)       0.012     0.012    reset_b/sync_reset/dest_clk
    SLICE_X123Y217       FDPE                                         r  reset_b/sync_reset/arststages_ff_reg[3]/C
  -------------------------------------------------------------------    -------------------
    SLICE_X123Y217       FDPE (Prop_CFF2_SLICEL_C_Q)
                                                      0.040     0.052 f  reset_b/sync_reset/arststages_ff_reg[3]/Q
                         net (fo=8, routed)           0.099     0.151    reset_b/synced
    SLICE_X123Y216       FDPE                                         f  reset_b/hold_count_reg[6]_inv/PRE
  -------------------------------------------------------------------    -------------------

                         (clock clk150 rise edge)     0.000     0.000 r  
                                                      0.000     0.000 r  clk150 (IN)
                         net (fo=156902, unset)       0.018     0.018    reset_b/clk
    SLICE_X123Y216       FDPE                                         r  reset_b/hold_count_reg[6]_inv/C
                         clock pessimism              0.000     0.018    
    SLICE_X123Y216       FDPE (Remov_AFF_SLICEL_C_PRE)
                                                     -0.020    -0.002    reset_b/hold_count_reg[6]_inv
  -------------------------------------------------------------------
                         required time                          0.002    
                         arrival time                           0.151    
  -------------------------------------------------------------------
                         slack                                  0.153    

Slack (MET) :             0.154ns  (arrival time - required time)
  Source:                 cfo/windows/reset_slow/sync_reset/arststages_ff_reg[3]/C
                            (rising edge-triggered cell FDPE clocked by clk150  {rise@0.000ns fall@3.333ns period=6.667ns})
  Destination:            cfo/windows/reset_slow/hold_count_reg[0]/CLR
                            (removal check against rising-edge clock clk150  {rise@0.000ns fall@3.333ns period=6.667ns})
  Path Group:             **async_default**
  Path Type:              Removal (Min at Fast Process Corner)
  Requirement:            0.000ns  (clk150 rise@0.000ns - clk150 rise@0.000ns)
  Data Path Delay:        0.141ns  (logic 0.040ns (28.369%)  route 0.101ns (71.631%))
  Logic Levels:           0  
  Clock Path Skew:        0.007ns (DCD - SCD - CPR)
    Destination Clock Delay (DCD):    0.019ns
    Source Clock Delay      (SCD):    0.012ns
    Clock Pessimism Removal (CPR):    -0.000ns

    Location             Delay type                Incr(ns)  Path(ns)    Netlist Resource(s)
  -------------------------------------------------------------------    -------------------
                         (clock clk150 rise edge)     0.000     0.000 r  
                                                      0.000     0.000 r  clk150 (IN)
                         net (fo=156902, unset)       0.012     0.012    cfo/windows/reset_slow/sync_reset/dest_clk
    SLICE_X134Y202       FDPE                                         r  cfo/windows/reset_slow/sync_reset/arststages_ff_reg[3]/C
  -------------------------------------------------------------------    -------------------
    SLICE_X134Y202       FDPE (Prop_CFF2_SLICEL_C_Q)
                                                      0.040     0.052 f  cfo/windows/reset_slow/sync_reset/arststages_ff_reg[3]/Q
                         net (fo=8, routed)           0.101     0.153    cfo/windows/reset_slow/synced
    SLICE_X133Y202       FDCE                                         f  cfo/windows/reset_slow/hold_count_reg[0]/CLR
  -------------------------------------------------------------------    -------------------

                         (clock clk150 rise edge)     0.000     0.000 r  
                                                      0.000     0.000 r  clk150 (IN)
                         net (fo=156902, unset)       0.019     0.019    cfo/windows/reset_slow/clk
    SLICE_X133Y202       FDCE                                         r  cfo/windows/reset_slow/hold_count_reg[0]/C
                         clock pessimism              0.000     0.019    
    SLICE_X133Y202       FDCE (Remov_HFF_SLICEM_C_CLR)
                                                     -0.020    -0.001    cfo/windows/reset_slow/hold_count_reg[0]
  -------------------------------------------------------------------
                         required time                          0.001    
                         arrival time                           0.153    
  -------------------------------------------------------------------
                         slack                                  0.154    

Slack (MET) :             0.154ns  (arrival time - required time)
  Source:                 cfo/windows/reset_slow/sync_reset/arststages_ff_reg[3]/C
                            (rising edge-triggered cell FDPE clocked by clk150  {rise@0.000ns fall@3.333ns period=6.667ns})
  Destination:            cfo/windows/reset_slow/reset_active_reg/PRE
                            (removal check against rising-edge clock clk150  {rise@0.000ns fall@3.333ns period=6.667ns})
  Path Group:             **async_default**
  Path Type:              Removal (Min at Fast Process Corner)
  Requirement:            0.000ns  (clk150 rise@0.000ns - clk150 rise@0.000ns)
  Data Path Delay:        0.141ns  (logic 0.040ns (28.369%)  route 0.101ns (71.631%))
  Logic Levels:           0  
  Clock Path Skew:        0.007ns (DCD - SCD - CPR)
    Destination Clock Delay (DCD):    0.019ns
    Source Clock Delay      (SCD):    0.012ns
    Clock Pessimism Removal (CPR):    -0.000ns

    Location             Delay type                Incr(ns)  Path(ns)    Netlist Resource(s)
  -------------------------------------------------------------------    -------------------
                         (clock clk150 rise edge)     0.000     0.000 r  
                                                      0.000     0.000 r  clk150 (IN)
                         net (fo=156902, unset)       0.012     0.012    cfo/windows/reset_slow/sync_reset/dest_clk
    SLICE_X134Y202       FDPE                                         r  cfo/windows/reset_slow/sync_reset/arststages_ff_reg[3]/C
  -------------------------------------------------------------------    -------------------
    SLICE_X134Y202       FDPE (Prop_CFF2_SLICEL_C_Q)
                                                      0.040     0.052 f  cfo/windows/reset_slow/sync_reset/arststages_ff_reg[3]/Q
                         net (fo=8, routed)           0.101     0.153    cfo/windows/reset_slow/synced
    SLICE_X133Y202       FDPE                                         f  cfo/windows/reset_slow/reset_active_reg/PRE
  -------------------------------------------------------------------    -------------------

                         (clock clk150 rise edge)     0.000     0.000 r  
                                                      0.000     0.000 r  clk150 (IN)
                         net (fo=156902, unset)       0.019     0.019    cfo/windows/reset_slow/clk
    SLICE_X133Y202       FDPE                                         r  cfo/windows/reset_slow/reset_active_reg/C
                         clock pessimism              0.000     0.019    
    SLICE_X133Y202       FDPE (Remov_HFF2_SLICEM_C_PRE)
                                                     -0.020    -0.001    cfo/windows/reset_slow/reset_active_reg
  -------------------------------------------------------------------
                         required time                          0.001    
                         arrival time                           0.153    
  -------------------------------------------------------------------
                         slack                                  0.154    





---------------------------------------------------------------------------------------------------
Path Group:  **async_default**
From Clock:  clk500
  To Clock:  clk500

Setup :            0  Failing Endpoints,  Worst Slack        0.162ns,  Total Violation        0.000ns
Hold  :            0  Failing Endpoints,  Worst Slack        0.156ns,  Total Violation        0.000ns
---------------------------------------------------------------------------------------------------


Max Delay Paths
--------------------------------------------------------------------------------------
Slack (MET) :             0.162ns  (required time - arrival time)
  Source:                 cfo/windows/reset_fast/sync_reset/arststages_ff_reg[3]/C
                            (rising edge-triggered cell FDPE clocked by clk500  {rise@0.000ns fall@1.000ns period=2.000ns})
  Destination:            cfo/windows/reset_fast/reset_active_reg_replica_1/PRE
                            (recovery check against rising-edge clock clk500  {rise@0.000ns fall@1.000ns period=2.000ns})
  Path Group:             **async_default**
  Path Type:              Recovery (Max at Slow Process Corner)
  Requirement:            2.000ns  (clk500 rise@2.000ns - clk500 rise@0.000ns)
  Data Path Delay:        1.728ns  (logic 0.081ns (4.688%)  route 1.647ns (95.312%))
  Logic Levels:           0  
  Clock Path Skew:        -0.009ns (DCD - SCD + CPR)
    Destination Clock Delay (DCD):    0.020ns = ( 2.020 - 2.000 ) 
    Source Clock Delay      (SCD):    0.029ns
    Clock Pessimism Removal (CPR):    0.000ns
  Clock Uncertainty:      0.035ns  ((TSJ^2 + TIJ^2)^1/2 + DJ) / 2 + PE
    Total System Jitter     (TSJ):    0.071ns
    Total Input Jitter      (TIJ):    0.000ns
    Discrete Jitter          (DJ):    0.000ns
    Phase Error              (PE):    0.000ns

    Location             Delay type                Incr(ns)  Path(ns)    Netlist Resource(s)
  -------------------------------------------------------------------    -------------------
                         (clock clk500 rise edge)     0.000     0.000 r  
                                                      0.000     0.000 r  clk500 (IN)
                         net (fo=27270, unset)        0.029     0.029    cfo/windows/reset_fast/sync_reset/dest_clk
    SLICE_X132Y76        FDPE                                         r  cfo/windows/reset_fast/sync_reset/arststages_ff_reg[3]/C
  -------------------------------------------------------------------    -------------------
    SLICE_X132Y76        FDPE (Prop_GFF2_SLICEL_C_Q)
                                                      0.081     0.110 f  cfo/windows/reset_fast/sync_reset/arststages_ff_reg[3]/Q
                         net (fo=12, routed)          1.647     1.757    cfo/windows/reset_fast/synced
    SLICE_X165Y130       FDPE                                         f  cfo/windows/reset_fast/reset_active_reg_replica_1/PRE
  -------------------------------------------------------------------    -------------------

                         (clock clk500 rise edge)     2.000     2.000 r  
                                                      0.000     2.000 r  clk500 (IN)
                         net (fo=27270, unset)        0.020     2.020    cfo/windows/reset_fast/clk
    SLICE_X165Y130       FDPE                                         r  cfo/windows/reset_fast/reset_active_reg_replica_1/C
                         clock pessimism              0.000     2.020    
                         clock uncertainty           -0.035     1.985    
    SLICE_X165Y130       FDPE (Recov_AFF2_SLICEL_C_PRE)
                                                     -0.066     1.919    cfo/windows/reset_fast/reset_active_reg_replica_1
  -------------------------------------------------------------------
                         required time                          1.919    
                         arrival time                          -1.757    
  -------------------------------------------------------------------
                         slack                                  0.162    

Slack (MET) :             0.478ns  (required time - arrival time)
  Source:                 cfo/windows/reset_fast/sync_reset/arststages_ff_reg[3]/C
                            (rising edge-triggered cell FDPE clocked by clk500  {rise@0.000ns fall@1.000ns period=2.000ns})
  Destination:            cfo/windows/reset_fast/reset_active_reg/PRE
                            (recovery check against rising-edge clock clk500  {rise@0.000ns fall@1.000ns period=2.000ns})
  Path Group:             **async_default**
  Path Type:              Recovery (Max at Slow Process Corner)
  Requirement:            2.000ns  (clk500 rise@2.000ns - clk500 rise@0.000ns)
  Data Path Delay:        1.412ns  (logic 0.081ns (5.737%)  route 1.331ns (94.263%))
  Logic Levels:           0  
  Clock Path Skew:        -0.009ns (DCD - SCD + CPR)
    Destination Clock Delay (DCD):    0.020ns = ( 2.020 - 2.000 ) 
    Source Clock Delay      (SCD):    0.029ns
    Clock Pessimism Removal (CPR):    0.000ns
  Clock Uncertainty:      0.035ns  ((TSJ^2 + TIJ^2)^1/2 + DJ) / 2 + PE
    Total System Jitter     (TSJ):    0.071ns
    Total Input Jitter      (TIJ):    0.000ns
    Discrete Jitter          (DJ):    0.000ns
    Phase Error              (PE):    0.000ns

    Location             Delay type                Incr(ns)  Path(ns)    Netlist Resource(s)
  -------------------------------------------------------------------    -------------------
                         (clock clk500 rise edge)     0.000     0.000 r  
                                                      0.000     0.000 r  clk500 (IN)
                         net (fo=27270, unset)        0.029     0.029    cfo/windows/reset_fast/sync_reset/dest_clk
    SLICE_X132Y76        FDPE                                         r  cfo/windows/reset_fast/sync_reset/arststages_ff_reg[3]/C
  -------------------------------------------------------------------    -------------------
    SLICE_X132Y76        FDPE (Prop_GFF2_SLICEL_C_Q)
                                                      0.081     0.110 f  cfo/windows/reset_fast/sync_reset/arststages_ff_reg[3]/Q
                         net (fo=12, routed)          1.331     1.441    cfo/windows/reset_fast/synced
    SLICE_X159Y102       FDPE                                         f  cfo/windows/reset_fast/reset_active_reg/PRE
  -------------------------------------------------------------------    -------------------

                         (clock clk500 rise edge)     2.000     2.000 r  
                                                      0.000     2.000 r  clk500 (IN)
                         net (fo=27270, unset)        0.020     2.020    cfo/windows/reset_fast/clk
    SLICE_X159Y102       FDPE                                         r  cfo/windows/reset_fast/reset_active_reg/C
                         clock pessimism              0.000     2.020    
                         clock uncertainty           -0.035     1.985    
    SLICE_X159Y102       FDPE (Recov_HFF_SLICEL_C_PRE)
                                                     -0.066     1.919    cfo/windows/reset_fast/reset_active_reg
  -------------------------------------------------------------------
                         required time                          1.919    
                         arrival time                          -1.441    
  -------------------------------------------------------------------
                         slack                                  0.478    

Slack (MET) :             0.874ns  (required time - arrival time)
  Source:                 cfo/windows/reset_fast/sync_reset/arststages_ff_reg[3]/C
                            (rising edge-triggered cell FDPE clocked by clk500  {rise@0.000ns fall@1.000ns period=2.000ns})
  Destination:            cfo/windows/reset_fast/reset_active_reg_replica_3/PRE
                            (recovery check against rising-edge clock clk500  {rise@0.000ns fall@1.000ns period=2.000ns})
  Path Group:             **async_default**
  Path Type:              Recovery (Max at Slow Process Corner)
  Requirement:            2.000ns  (clk500 rise@2.000ns - clk500 rise@0.000ns)
  Data Path Delay:        1.016ns  (logic 0.081ns (7.972%)  route 0.935ns (92.028%))
  Logic Levels:           0  
  Clock Path Skew:        -0.009ns (DCD - SCD + CPR)
    Destination Clock Delay (DCD):    0.020ns = ( 2.020 - 2.000 ) 
    Source Clock Delay      (SCD):    0.029ns
    Clock Pessimism Removal (CPR):    0.000ns
  Clock Uncertainty:      0.035ns  ((TSJ^2 + TIJ^2)^1/2 + DJ) / 2 + PE
    Total System Jitter     (TSJ):    0.071ns
    Total Input Jitter      (TIJ):    0.000ns
    Discrete Jitter          (DJ):    0.000ns
    Phase Error              (PE):    0.000ns

    Location             Delay type                Incr(ns)  Path(ns)    Netlist Resource(s)
  -------------------------------------------------------------------    -------------------
                         (clock clk500 rise edge)     0.000     0.000 r  
                                                      0.000     0.000 r  clk500 (IN)
                         net (fo=27270, unset)        0.029     0.029    cfo/windows/reset_fast/sync_reset/dest_clk
    SLICE_X132Y76        FDPE                                         r  cfo/windows/reset_fast/sync_reset/arststages_ff_reg[3]/C
  -------------------------------------------------------------------    -------------------
    SLICE_X132Y76        FDPE (Prop_GFF2_SLICEL_C_Q)
                                                      0.081     0.110 f  cfo/windows/reset_fast/sync_reset/arststages_ff_reg[3]/Q
                         net (fo=12, routed)          0.935     1.045    cfo/windows/reset_fast/synced
    SLICE_X160Y63        FDPE                                         f  cfo/windows/reset_fast/reset_active_reg_replica_3/PRE
  -------------------------------------------------------------------    -------------------

                         (clock clk500 rise edge)     2.000     2.000 r  
                                                      0.000     2.000 r  clk500 (IN)
                         net (fo=27270, unset)        0.020     2.020    cfo/windows/reset_fast/clk
    SLICE_X160Y63        FDPE                                         r  cfo/windows/reset_fast/reset_active_reg_replica_3/C
                         clock pessimism              0.000     2.020    
                         clock uncertainty           -0.035     1.985    
    SLICE_X160Y63        FDPE (Recov_AFF2_SLICEL_C_PRE)
                                                     -0.066     1.919    cfo/windows/reset_fast/reset_active_reg_replica_3
  -------------------------------------------------------------------
                         required time                          1.919    
                         arrival time                          -1.045    
  -------------------------------------------------------------------
                         slack                                  0.874    

Slack (MET) :             1.156ns  (required time - arrival time)
  Source:                 cfo/windows/reset_fast/sync_reset/arststages_ff_reg[3]/C
                            (rising edge-triggered cell FDPE clocked by clk500  {rise@0.000ns fall@1.000ns period=2.000ns})
  Destination:            cfo/windows/reset_fast/hold_count_reg[0]/CLR
                            (recovery check against rising-edge clock clk500  {rise@0.000ns fall@1.000ns period=2.000ns})
  Path Group:             **async_default**
  Path Type:              Recovery (Max at Slow Process Corner)
  Requirement:            2.000ns  (clk500 rise@2.000ns - clk500 rise@0.000ns)
  Data Path Delay:        0.735ns  (logic 0.081ns (11.020%)  route 0.654ns (88.980%))
  Logic Levels:           0  
  Clock Path Skew:        -0.008ns (DCD - SCD + CPR)
    Destination Clock Delay (DCD):    0.021ns = ( 2.021 - 2.000 ) 
    Source Clock Delay      (SCD):    0.029ns
    Clock Pessimism Removal (CPR):    0.000ns
  Clock Uncertainty:      0.035ns  ((TSJ^2 + TIJ^2)^1/2 + DJ) / 2 + PE
    Total System Jitter     (TSJ):    0.071ns
    Total Input Jitter      (TIJ):    0.000ns
    Discrete Jitter          (DJ):    0.000ns
    Phase Error              (PE):    0.000ns

    Location             Delay type                Incr(ns)  Path(ns)    Netlist Resource(s)
  -------------------------------------------------------------------    -------------------
                         (clock clk500 rise edge)     0.000     0.000 r  
                                                      0.000     0.000 r  clk500 (IN)
                         net (fo=27270, unset)        0.029     0.029    cfo/windows/reset_fast/sync_reset/dest_clk
    SLICE_X132Y76        FDPE                                         r  cfo/windows/reset_fast/sync_reset/arststages_ff_reg[3]/C
  -------------------------------------------------------------------    -------------------
    SLICE_X132Y76        FDPE (Prop_GFF2_SLICEL_C_Q)
                                                      0.081     0.110 f  cfo/windows/reset_fast/sync_reset/arststages_ff_reg[3]/Q
                         net (fo=12, routed)          0.654     0.764    cfo/windows/reset_fast/synced
    SLICE_X133Y73        FDCE                                         f  cfo/windows/reset_fast/hold_count_reg[0]/CLR
  -------------------------------------------------------------------    -------------------

                         (clock clk500 rise edge)     2.000     2.000 r  
                                                      0.000     2.000 r  clk500 (IN)
                         net (fo=27270, unset)        0.021     2.021    cfo/windows/reset_fast/clk
    SLICE_X133Y73        FDCE                                         r  cfo/windows/reset_fast/hold_count_reg[0]/C
                         clock pessimism              0.000     2.021    
                         clock uncertainty           -0.035     1.986    
    SLICE_X133Y73        FDCE (Recov_FFF2_SLICEM_C_CLR)
                                                     -0.066     1.920    cfo/windows/reset_fast/hold_count_reg[0]
  -------------------------------------------------------------------
                         required time                          1.920    
                         arrival time                          -0.764    
  -------------------------------------------------------------------
                         slack                                  1.156    

Slack (MET) :             1.169ns  (required time - arrival time)
  Source:                 cfo/estimator/reset_fast_sync/arststages_ff_reg[3]/C
                            (rising edge-triggered cell FDPE clocked by clk500  {rise@0.000ns fall@1.000ns period=2.000ns})
  Destination:            cfo/estimator/expected_window_reg[0]/CLR
                            (recovery check against rising-edge clock clk500  {rise@0.000ns fall@1.000ns period=2.000ns})
  Path Group:             **async_default**
  Path Type:              Recovery (Max at Slow Process Corner)
  Requirement:            2.000ns  (clk500 rise@2.000ns - clk500 rise@0.000ns)
  Data Path Delay:        0.723ns  (logic 0.081ns (11.203%)  route 0.642ns (88.797%))
  Logic Levels:           0  
  Clock Path Skew:        -0.007ns (DCD - SCD + CPR)
    Destination Clock Delay (DCD):    0.021ns = ( 2.021 - 2.000 ) 
    Source Clock Delay      (SCD):    0.028ns
    Clock Pessimism Removal (CPR):    0.000ns
  Clock Uncertainty:      0.035ns  ((TSJ^2 + TIJ^2)^1/2 + DJ) / 2 + PE
    Total System Jitter     (TSJ):    0.071ns
    Total Input Jitter      (TIJ):    0.000ns
    Discrete Jitter          (DJ):    0.000ns
    Phase Error              (PE):    0.000ns

    Location             Delay type                Incr(ns)  Path(ns)    Netlist Resource(s)
  -------------------------------------------------------------------    -------------------
                         (clock clk500 rise edge)     0.000     0.000 r  
                                                      0.000     0.000 r  clk500 (IN)
                         net (fo=27270, unset)        0.028     0.028    cfo/estimator/reset_fast_sync/dest_clk
    SLICE_X130Y42        FDPE                                         r  cfo/estimator/reset_fast_sync/arststages_ff_reg[3]/C
  -------------------------------------------------------------------    -------------------
    SLICE_X130Y42        FDPE (Prop_DFF2_SLICEL_C_Q)
                                                      0.081     0.109 f  cfo/estimator/reset_fast_sync/arststages_ff_reg[3]/Q
                         net (fo=84, routed)          0.642     0.751    cfo/estimator/rst_fast
    SLICE_X133Y39        FDCE                                         f  cfo/estimator/expected_window_reg[0]/CLR
  -------------------------------------------------------------------    -------------------

                         (clock clk500 rise edge)     2.000     2.000 r  
                                                      0.000     2.000 r  clk500 (IN)
                         net (fo=27270, unset)        0.021     2.021    cfo/estimator/clk_fast
    SLICE_X133Y39        FDCE                                         r  cfo/estimator/expected_window_reg[0]/C
                         clock pessimism              0.000     2.021    
                         clock uncertainty           -0.035     1.986    
    SLICE_X133Y39        FDCE (Recov_HFF_SLICEM_C_CLR)
                                                     -0.066     1.920    cfo/estimator/expected_window_reg[0]
  -------------------------------------------------------------------
                         required time                          1.920    
                         arrival time                          -0.751    
  -------------------------------------------------------------------
                         slack                                  1.169    

Slack (MET) :             1.169ns  (required time - arrival time)
  Source:                 cfo/estimator/reset_fast_sync/arststages_ff_reg[3]/C
                            (rising edge-triggered cell FDPE clocked by clk500  {rise@0.000ns fall@1.000ns period=2.000ns})
  Destination:            cfo/estimator/locked_generation_reg[0]/CLR
                            (recovery check against rising-edge clock clk500  {rise@0.000ns fall@1.000ns period=2.000ns})
  Path Group:             **async_default**
  Path Type:              Recovery (Max at Slow Process Corner)
  Requirement:            2.000ns  (clk500 rise@2.000ns - clk500 rise@0.000ns)
  Data Path Delay:        0.723ns  (logic 0.081ns (11.203%)  route 0.642ns (88.797%))
  Logic Levels:           0  
  Clock Path Skew:        -0.007ns (DCD - SCD + CPR)
    Destination Clock Delay (DCD):    0.021ns = ( 2.021 - 2.000 ) 
    Source Clock Delay      (SCD):    0.028ns
    Clock Pessimism Removal (CPR):    0.000ns
  Clock Uncertainty:      0.035ns  ((TSJ^2 + TIJ^2)^1/2 + DJ) / 2 + PE
    Total System Jitter     (TSJ):    0.071ns
    Total Input Jitter      (TIJ):    0.000ns
    Discrete Jitter          (DJ):    0.000ns
    Phase Error              (PE):    0.000ns

    Location             Delay type                Incr(ns)  Path(ns)    Netlist Resource(s)
  -------------------------------------------------------------------    -------------------
                         (clock clk500 rise edge)     0.000     0.000 r  
                                                      0.000     0.000 r  clk500 (IN)
                         net (fo=27270, unset)        0.028     0.028    cfo/estimator/reset_fast_sync/dest_clk
    SLICE_X130Y42        FDPE                                         r  cfo/estimator/reset_fast_sync/arststages_ff_reg[3]/C
  -------------------------------------------------------------------    -------------------
    SLICE_X130Y42        FDPE (Prop_DFF2_SLICEL_C_Q)
                                                      0.081     0.109 f  cfo/estimator/reset_fast_sync/arststages_ff_reg[3]/Q
                         net (fo=84, routed)          0.642     0.751    cfo/estimator/rst_fast
    SLICE_X133Y39        FDCE                                         f  cfo/estimator/locked_generation_reg[0]/CLR
  -------------------------------------------------------------------    -------------------

                         (clock clk500 rise edge)     2.000     2.000 r  
                                                      0.000     2.000 r  clk500 (IN)
                         net (fo=27270, unset)        0.021     2.021    cfo/estimator/clk_fast
    SLICE_X133Y39        FDCE                                         r  cfo/estimator/locked_generation_reg[0]/C
                         clock pessimism              0.000     2.021    
                         clock uncertainty           -0.035     1.986    
    SLICE_X133Y39        FDCE (Recov_HFF2_SLICEM_C_CLR)
                                                     -0.066     1.920    cfo/estimator/locked_generation_reg[0]
  -------------------------------------------------------------------
                         required time                          1.920    
                         arrival time                          -0.751    
  -------------------------------------------------------------------
                         slack                                  1.169    

Slack (MET) :             1.169ns  (required time - arrival time)
  Source:                 cfo/estimator/reset_fast_sync/arststages_ff_reg[3]/C
                            (rising edge-triggered cell FDPE clocked by clk500  {rise@0.000ns fall@1.000ns period=2.000ns})
  Destination:            cfo/estimator/locked_generation_reg[1]/CLR
                            (recovery check against rising-edge clock clk500  {rise@0.000ns fall@1.000ns period=2.000ns})
  Path Group:             **async_default**
  Path Type:              Recovery (Max at Slow Process Corner)
  Requirement:            2.000ns  (clk500 rise@2.000ns - clk500 rise@0.000ns)
  Data Path Delay:        0.723ns  (logic 0.081ns (11.203%)  route 0.642ns (88.797%))
  Logic Levels:           0  
  Clock Path Skew:        -0.007ns (DCD - SCD + CPR)
    Destination Clock Delay (DCD):    0.021ns = ( 2.021 - 2.000 ) 
    Source Clock Delay      (SCD):    0.028ns
    Clock Pessimism Removal (CPR):    0.000ns
  Clock Uncertainty:      0.035ns  ((TSJ^2 + TIJ^2)^1/2 + DJ) / 2 + PE
    Total System Jitter     (TSJ):    0.071ns
    Total Input Jitter      (TIJ):    0.000ns
    Discrete Jitter          (DJ):    0.000ns
    Phase Error              (PE):    0.000ns

    Location             Delay type                Incr(ns)  Path(ns)    Netlist Resource(s)
  -------------------------------------------------------------------    -------------------
                         (clock clk500 rise edge)     0.000     0.000 r  
                                                      0.000     0.000 r  clk500 (IN)
                         net (fo=27270, unset)        0.028     0.028    cfo/estimator/reset_fast_sync/dest_clk
    SLICE_X130Y42        FDPE                                         r  cfo/estimator/reset_fast_sync/arststages_ff_reg[3]/C
  -------------------------------------------------------------------    -------------------
    SLICE_X130Y42        FDPE (Prop_DFF2_SLICEL_C_Q)
                                                      0.081     0.109 f  cfo/estimator/reset_fast_sync/arststages_ff_reg[3]/Q
                         net (fo=84, routed)          0.642     0.751    cfo/estimator/rst_fast
    SLICE_X133Y39        FDCE                                         f  cfo/estimator/locked_generation_reg[1]/CLR
  -------------------------------------------------------------------    -------------------

                         (clock clk500 rise edge)     2.000     2.000 r  
                                                      0.000     2.000 r  clk500 (IN)
                         net (fo=27270, unset)        0.021     2.021    cfo/estimator/clk_fast
    SLICE_X133Y39        FDCE                                         r  cfo/estimator/locked_generation_reg[1]/C
                         clock pessimism              0.000     2.021    
                         clock uncertainty           -0.035     1.986    
    SLICE_X133Y39        FDCE (Recov_GFF2_SLICEM_C_CLR)
                                                     -0.066     1.920    cfo/estimator/locked_generation_reg[1]
  -------------------------------------------------------------------
                         required time                          1.920    
                         arrival time                          -0.751    
  -------------------------------------------------------------------
                         slack                                  1.169    

Slack (MET) :             1.169ns  (required time - arrival time)
  Source:                 cfo/estimator/reset_fast_sync/arststages_ff_reg[3]/C
                            (rising edge-triggered cell FDPE clocked by clk500  {rise@0.000ns fall@1.000ns period=2.000ns})
  Destination:            cfo/estimator/locked_generation_reg[21]/CLR
                            (recovery check against rising-edge clock clk500  {rise@0.000ns fall@1.000ns period=2.000ns})
  Path Group:             **async_default**
  Path Type:              Recovery (Max at Slow Process Corner)
  Requirement:            2.000ns  (clk500 rise@2.000ns - clk500 rise@0.000ns)
  Data Path Delay:        0.723ns  (logic 0.081ns (11.203%)  route 0.642ns (88.797%))
  Logic Levels:           0  
  Clock Path Skew:        -0.007ns (DCD - SCD + CPR)
    Destination Clock Delay (DCD):    0.021ns = ( 2.021 - 2.000 ) 
    Source Clock Delay      (SCD):    0.028ns
    Clock Pessimism Removal (CPR):    0.000ns
  Clock Uncertainty:      0.035ns  ((TSJ^2 + TIJ^2)^1/2 + DJ) / 2 + PE
    Total System Jitter     (TSJ):    0.071ns
    Total Input Jitter      (TIJ):    0.000ns
    Discrete Jitter          (DJ):    0.000ns
    Phase Error              (PE):    0.000ns

    Location             Delay type                Incr(ns)  Path(ns)    Netlist Resource(s)
  -------------------------------------------------------------------    -------------------
                         (clock clk500 rise edge)     0.000     0.000 r  
                                                      0.000     0.000 r  clk500 (IN)
                         net (fo=27270, unset)        0.028     0.028    cfo/estimator/reset_fast_sync/dest_clk
    SLICE_X130Y42        FDPE                                         r  cfo/estimator/reset_fast_sync/arststages_ff_reg[3]/C
  -------------------------------------------------------------------    -------------------
    SLICE_X130Y42        FDPE (Prop_DFF2_SLICEL_C_Q)
                                                      0.081     0.109 f  cfo/estimator/reset_fast_sync/arststages_ff_reg[3]/Q
                         net (fo=84, routed)          0.642     0.751    cfo/estimator/rst_fast
    SLICE_X133Y39        FDCE                                         f  cfo/estimator/locked_generation_reg[21]/CLR
  -------------------------------------------------------------------    -------------------

                         (clock clk500 rise edge)     2.000     2.000 r  
                                                      0.000     2.000 r  clk500 (IN)
                         net (fo=27270, unset)        0.021     2.021    cfo/estimator/clk_fast
    SLICE_X133Y39        FDCE                                         r  cfo/estimator/locked_generation_reg[21]/C
                         clock pessimism              0.000     2.021    
                         clock uncertainty           -0.035     1.986    
    SLICE_X133Y39        FDCE (Recov_FFF2_SLICEM_C_CLR)
                                                     -0.066     1.920    cfo/estimator/locked_generation_reg[21]
  -------------------------------------------------------------------
                         required time                          1.920    
                         arrival time                          -0.751    
  -------------------------------------------------------------------
                         slack                                  1.169    

Slack (MET) :             1.169ns  (required time - arrival time)
  Source:                 cfo/estimator/reset_fast_sync/arststages_ff_reg[3]/C
                            (rising edge-triggered cell FDPE clocked by clk500  {rise@0.000ns fall@1.000ns period=2.000ns})
  Destination:            cfo/estimator/locked_generation_reg[2]/CLR
                            (recovery check against rising-edge clock clk500  {rise@0.000ns fall@1.000ns period=2.000ns})
  Path Group:             **async_default**
  Path Type:              Recovery (Max at Slow Process Corner)
  Requirement:            2.000ns  (clk500 rise@2.000ns - clk500 rise@0.000ns)
  Data Path Delay:        0.723ns  (logic 0.081ns (11.203%)  route 0.642ns (88.797%))
  Logic Levels:           0  
  Clock Path Skew:        -0.007ns (DCD - SCD + CPR)
    Destination Clock Delay (DCD):    0.021ns = ( 2.021 - 2.000 ) 
    Source Clock Delay      (SCD):    0.028ns
    Clock Pessimism Removal (CPR):    0.000ns
  Clock Uncertainty:      0.035ns  ((TSJ^2 + TIJ^2)^1/2 + DJ) / 2 + PE
    Total System Jitter     (TSJ):    0.071ns
    Total Input Jitter      (TIJ):    0.000ns
    Discrete Jitter          (DJ):    0.000ns
    Phase Error              (PE):    0.000ns

    Location             Delay type                Incr(ns)  Path(ns)    Netlist Resource(s)
  -------------------------------------------------------------------    -------------------
                         (clock clk500 rise edge)     0.000     0.000 r  
                                                      0.000     0.000 r  clk500 (IN)
                         net (fo=27270, unset)        0.028     0.028    cfo/estimator/reset_fast_sync/dest_clk
    SLICE_X130Y42        FDPE                                         r  cfo/estimator/reset_fast_sync/arststages_ff_reg[3]/C
  -------------------------------------------------------------------    -------------------
    SLICE_X130Y42        FDPE (Prop_DFF2_SLICEL_C_Q)
                                                      0.081     0.109 f  cfo/estimator/reset_fast_sync/arststages_ff_reg[3]/Q
                         net (fo=84, routed)          0.642     0.751    cfo/estimator/rst_fast
    SLICE_X133Y39        FDCE                                         f  cfo/estimator/locked_generation_reg[2]/CLR
  -------------------------------------------------------------------    -------------------

                         (clock clk500 rise edge)     2.000     2.000 r  
                                                      0.000     2.000 r  clk500 (IN)
                         net (fo=27270, unset)        0.021     2.021    cfo/estimator/clk_fast
    SLICE_X133Y39        FDCE                                         r  cfo/estimator/locked_generation_reg[2]/C
                         clock pessimism              0.000     2.021    
                         clock uncertainty           -0.035     1.986    
    SLICE_X133Y39        FDCE (Recov_EFF2_SLICEM_C_CLR)
                                                     -0.066     1.920    cfo/estimator/locked_generation_reg[2]
  -------------------------------------------------------------------
                         required time                          1.920    
                         arrival time                          -0.751    
  -------------------------------------------------------------------
                         slack                                  1.169    

Slack (MET) :             1.231ns  (required time - arrival time)
  Source:                 cfo/windows/reset_fast/sync_reset/arststages_ff_reg[3]/C
                            (rising edge-triggered cell FDPE clocked by clk500  {rise@0.000ns fall@1.000ns period=2.000ns})
  Destination:            cfo/windows/reset_fast/reset_active_reg_replica/PRE
                            (recovery check against rising-edge clock clk500  {rise@0.000ns fall@1.000ns period=2.000ns})
  Path Group:             **async_default**
  Path Type:              Recovery (Max at Slow Process Corner)
  Requirement:            2.000ns  (clk500 rise@2.000ns - clk500 rise@0.000ns)
  Data Path Delay:        0.659ns  (logic 0.081ns (12.291%)  route 0.578ns (87.709%))
  Logic Levels:           0  
  Clock Path Skew:        -0.009ns (DCD - SCD + CPR)
    Destination Clock Delay (DCD):    0.020ns = ( 2.020 - 2.000 ) 
    Source Clock Delay      (SCD):    0.029ns
    Clock Pessimism Removal (CPR):    0.000ns
  Clock Uncertainty:      0.035ns  ((TSJ^2 + TIJ^2)^1/2 + DJ) / 2 + PE
    Total System Jitter     (TSJ):    0.071ns
    Total Input Jitter      (TIJ):    0.000ns
    Discrete Jitter          (DJ):    0.000ns
    Phase Error              (PE):    0.000ns

    Location             Delay type                Incr(ns)  Path(ns)    Netlist Resource(s)
  -------------------------------------------------------------------    -------------------
                         (clock clk500 rise edge)     0.000     0.000 r  
                                                      0.000     0.000 r  clk500 (IN)
                         net (fo=27270, unset)        0.029     0.029    cfo/windows/reset_fast/sync_reset/dest_clk
    SLICE_X132Y76        FDPE                                         r  cfo/windows/reset_fast/sync_reset/arststages_ff_reg[3]/C
  -------------------------------------------------------------------    -------------------
    SLICE_X132Y76        FDPE (Prop_GFF2_SLICEL_C_Q)
                                                      0.081     0.110 f  cfo/windows/reset_fast/sync_reset/arststages_ff_reg[3]/Q
                         net (fo=12, routed)          0.578     0.688    cfo/windows/reset_fast/synced
    SLICE_X143Y71        FDPE                                         f  cfo/windows/reset_fast/reset_active_reg_replica/PRE
  -------------------------------------------------------------------    -------------------

                         (clock clk500 rise edge)     2.000     2.000 r  
                                                      0.000     2.000 r  clk500 (IN)
                         net (fo=27270, unset)        0.020     2.020    cfo/windows/reset_fast/clk
    SLICE_X143Y71        FDPE                                         r  cfo/windows/reset_fast/reset_active_reg_replica/C
                         clock pessimism              0.000     2.020    
                         clock uncertainty           -0.035     1.985    
    SLICE_X143Y71        FDPE (Recov_AFF2_SLICEL_C_PRE)
                                                     -0.066     1.919    cfo/windows/reset_fast/reset_active_reg_replica
  -------------------------------------------------------------------
                         required time                          1.919    
                         arrival time                          -0.688    
  -------------------------------------------------------------------
                         slack                                  1.231    





Min Delay Paths
--------------------------------------------------------------------------------------
Slack (MET) :             0.156ns  (arrival time - required time)
  Source:                 cfo/windows/window_credits/wr_reset/arststages_ff_reg[3]/C
                            (rising edge-triggered cell FDPE clocked by clk500  {rise@0.000ns fall@1.000ns period=2.000ns})
  Destination:            cfo/windows/window_credits/complete_reg/CLR
                            (removal check against rising-edge clock clk500  {rise@0.000ns fall@1.000ns period=2.000ns})
  Path Group:             **async_default**
  Path Type:              Removal (Min at Fast Process Corner)
  Requirement:            0.000ns  (clk500 rise@0.000ns - clk500 rise@0.000ns)
  Data Path Delay:        0.142ns  (logic 0.041ns (28.873%)  route 0.101ns (71.127%))
  Logic Levels:           0  
  Clock Path Skew:        0.006ns (DCD - SCD - CPR)
    Destination Clock Delay (DCD):    0.019ns
    Source Clock Delay      (SCD):    0.013ns
    Clock Pessimism Removal (CPR):    -0.000ns

    Location             Delay type                Incr(ns)  Path(ns)    Netlist Resource(s)
  -------------------------------------------------------------------    -------------------
                         (clock clk500 rise edge)     0.000     0.000 r  
                                                      0.000     0.000 r  clk500 (IN)
                         net (fo=27270, unset)        0.013     0.013    cfo/windows/window_credits/wr_reset/dest_clk
    SLICE_X139Y84        FDPE                                         r  cfo/windows/window_credits/wr_reset/arststages_ff_reg[3]/C
  -------------------------------------------------------------------    -------------------
    SLICE_X139Y84        FDPE (Prop_DFF2_SLICEM_C_Q)
                                                      0.041     0.054 f  cfo/windows/window_credits/wr_reset/arststages_ff_reg[3]/Q
                         net (fo=4, routed)           0.101     0.155    cfo/windows/window_credits/rw
    SLICE_X139Y84        FDCE                                         f  cfo/windows/window_credits/complete_reg/CLR
  -------------------------------------------------------------------    -------------------

                         (clock clk500 rise edge)     0.000     0.000 r  
                                                      0.000     0.000 r  clk500 (IN)
                         net (fo=27270, unset)        0.019     0.019    cfo/windows/window_credits/wr_clk
    SLICE_X139Y84        FDCE                                         r  cfo/windows/window_credits/complete_reg/C
                         clock pessimism              0.000     0.019    
    SLICE_X139Y84        FDCE (Remov_HFF_SLICEM_C_CLR)
                                                     -0.020    -0.001    cfo/windows/window_credits/complete_reg
  -------------------------------------------------------------------
                         required time                          0.001    
                         arrival time                           0.155    
  -------------------------------------------------------------------
                         slack                                  0.156    

Slack (MET) :             0.156ns  (arrival time - required time)
  Source:                 cfo/windows/window_credits/wr_reset/arststages_ff_reg[3]/C
                            (rising edge-triggered cell FDPE clocked by clk500  {rise@0.000ns fall@1.000ns period=2.000ns})
  Destination:            cfo/windows/window_credits/seen_reg/CLR
                            (removal check against rising-edge clock clk500  {rise@0.000ns fall@1.000ns period=2.000ns})
  Path Group:             **async_default**
  Path Type:              Removal (Min at Fast Process Corner)
  Requirement:            0.000ns  (clk500 rise@0.000ns - clk500 rise@0.000ns)
  Data Path Delay:        0.142ns  (logic 0.041ns (28.873%)  route 0.101ns (71.127%))
  Logic Levels:           0  
  Clock Path Skew:        0.006ns (DCD - SCD - CPR)
    Destination Clock Delay (DCD):    0.019ns
    Source Clock Delay      (SCD):    0.013ns
    Clock Pessimism Removal (CPR):    -0.000ns

    Location             Delay type                Incr(ns)  Path(ns)    Netlist Resource(s)
  -------------------------------------------------------------------    -------------------
                         (clock clk500 rise edge)     0.000     0.000 r  
                                                      0.000     0.000 r  clk500 (IN)
                         net (fo=27270, unset)        0.013     0.013    cfo/windows/window_credits/wr_reset/dest_clk
    SLICE_X139Y84        FDPE                                         r  cfo/windows/window_credits/wr_reset/arststages_ff_reg[3]/C
  -------------------------------------------------------------------    -------------------
    SLICE_X139Y84        FDPE (Prop_DFF2_SLICEM_C_Q)
                                                      0.041     0.054 f  cfo/windows/window_credits/wr_reset/arststages_ff_reg[3]/Q
                         net (fo=4, routed)           0.101     0.155    cfo/windows/window_credits/rw
    SLICE_X139Y84        FDCE                                         f  cfo/windows/window_credits/seen_reg/CLR
  -------------------------------------------------------------------    -------------------

                         (clock clk500 rise edge)     0.000     0.000 r  
                                                      0.000     0.000 r  clk500 (IN)
                         net (fo=27270, unset)        0.019     0.019    cfo/windows/window_credits/wr_clk
    SLICE_X139Y84        FDCE                                         r  cfo/windows/window_credits/seen_reg/C
                         clock pessimism              0.000     0.019    
    SLICE_X139Y84        FDCE (Remov_HFF2_SLICEM_C_CLR)
                                                     -0.020    -0.001    cfo/windows/window_credits/seen_reg
  -------------------------------------------------------------------
                         required time                          0.001    
                         arrival time                           0.155    
  -------------------------------------------------------------------
                         slack                                  0.156    

Slack (MET) :             0.177ns  (arrival time - required time)
  Source:                 cfo/windows/reset_fast/sync_reset/arststages_ff_reg[3]/C
                            (rising edge-triggered cell FDPE clocked by clk500  {rise@0.000ns fall@1.000ns period=2.000ns})
  Destination:            cfo/windows/reset_fast/hold_count_reg[1]/CLR
                            (removal check against rising-edge clock clk500  {rise@0.000ns fall@1.000ns period=2.000ns})
  Path Group:             **async_default**
  Path Type:              Removal (Min at Fast Process Corner)
  Requirement:            0.000ns  (clk500 rise@0.000ns - clk500 rise@0.000ns)
  Data Path Delay:        0.162ns  (logic 0.040ns (24.691%)  route 0.122ns (75.309%))
  Logic Levels:           0  
  Clock Path Skew:        0.005ns (DCD - SCD - CPR)
    Destination Clock Delay (DCD):    0.018ns
    Source Clock Delay      (SCD):    0.013ns
    Clock Pessimism Removal (CPR):    -0.000ns

    Location             Delay type                Incr(ns)  Path(ns)    Netlist Resource(s)
  -------------------------------------------------------------------    -------------------
                         (clock clk500 rise edge)     0.000     0.000 r  
                                                      0.000     0.000 r  clk500 (IN)
                         net (fo=27270, unset)        0.013     0.013    cfo/windows/reset_fast/sync_reset/dest_clk
    SLICE_X132Y76        FDPE                                         r  cfo/windows/reset_fast/sync_reset/arststages_ff_reg[3]/C
  -------------------------------------------------------------------    -------------------
    SLICE_X132Y76        FDPE (Prop_GFF2_SLICEL_C_Q)
                                                      0.040     0.053 f  cfo/windows/reset_fast/sync_reset/arststages_ff_reg[3]/Q
                         net (fo=12, routed)          0.122     0.175    cfo/windows/reset_fast/synced
    SLICE_X132Y73        FDCE                                         f  cfo/windows/reset_fast/hold_count_reg[1]/CLR
  -------------------------------------------------------------------    -------------------

                         (clock clk500 rise edge)     0.000     0.000 r  
                                                      0.000     0.000 r  clk500 (IN)
                         net (fo=27270, unset)        0.018     0.018    cfo/windows/reset_fast/clk
    SLICE_X132Y73        FDCE                                         r  cfo/windows/reset_fast/hold_count_reg[1]/C
                         clock pessimism              0.000     0.018    
    SLICE_X132Y73        FDCE (Remov_DFF_SLICEL_C_CLR)
                                                     -0.020    -0.002    cfo/windows/reset_fast/hold_count_reg[1]
  -------------------------------------------------------------------
                         required time                          0.002    
                         arrival time                           0.175    
  -------------------------------------------------------------------
                         slack                                  0.177    

Slack (MET) :             0.177ns  (arrival time - required time)
  Source:                 cfo/windows/reset_fast/sync_reset/arststages_ff_reg[3]/C
                            (rising edge-triggered cell FDPE clocked by clk500  {rise@0.000ns fall@1.000ns period=2.000ns})
  Destination:            cfo/windows/reset_fast/hold_count_reg[2]/CLR
                            (removal check against rising-edge clock clk500  {rise@0.000ns fall@1.000ns period=2.000ns})
  Path Group:             **async_default**
  Path Type:              Removal (Min at Fast Process Corner)
  Requirement:            0.000ns  (clk500 rise@0.000ns - clk500 rise@0.000ns)
  Data Path Delay:        0.162ns  (logic 0.040ns (24.691%)  route 0.122ns (75.309%))
  Logic Levels:           0  
  Clock Path Skew:        0.005ns (DCD - SCD - CPR)
    Destination Clock Delay (DCD):    0.018ns
    Source Clock Delay      (SCD):    0.013ns
    Clock Pessimism Removal (CPR):    -0.000ns

    Location             Delay type                Incr(ns)  Path(ns)    Netlist Resource(s)
  -------------------------------------------------------------------    -------------------
                         (clock clk500 rise edge)     0.000     0.000 r  
                                                      0.000     0.000 r  clk500 (IN)
                         net (fo=27270, unset)        0.013     0.013    cfo/windows/reset_fast/sync_reset/dest_clk
    SLICE_X132Y76        FDPE                                         r  cfo/windows/reset_fast/sync_reset/arststages_ff_reg[3]/C
  -------------------------------------------------------------------    -------------------
    SLICE_X132Y76        FDPE (Prop_GFF2_SLICEL_C_Q)
                                                      0.040     0.053 f  cfo/windows/reset_fast/sync_reset/arststages_ff_reg[3]/Q
                         net (fo=12, routed)          0.122     0.175    cfo/windows/reset_fast/synced
    SLICE_X132Y73        FDCE                                         f  cfo/windows/reset_fast/hold_count_reg[2]/CLR
  -------------------------------------------------------------------    -------------------

                         (clock clk500 rise edge)     0.000     0.000 r  
                                                      0.000     0.000 r  clk500 (IN)
                         net (fo=27270, unset)        0.018     0.018    cfo/windows/reset_fast/clk
    SLICE_X132Y73        FDCE                                         r  cfo/windows/reset_fast/hold_count_reg[2]/C
                         clock pessimism              0.000     0.018    
    SLICE_X132Y73        FDCE (Remov_DFF2_SLICEL_C_CLR)
                                                     -0.020    -0.002    cfo/windows/reset_fast/hold_count_reg[2]
  -------------------------------------------------------------------
                         required time                          0.002    
                         arrival time                           0.175    
  -------------------------------------------------------------------
                         slack                                  0.177    

Slack (MET) :             0.177ns  (arrival time - required time)
  Source:                 cfo/windows/reset_fast/sync_reset/arststages_ff_reg[3]/C
                            (rising edge-triggered cell FDPE clocked by clk500  {rise@0.000ns fall@1.000ns period=2.000ns})
  Destination:            cfo/windows/reset_fast/hold_count_reg[3]/CLR
                            (removal check against rising-edge clock clk500  {rise@0.000ns fall@1.000ns period=2.000ns})
  Path Group:             **async_default**
  Path Type:              Removal (Min at Fast Process Corner)
  Requirement:            0.000ns  (clk500 rise@0.000ns - clk500 rise@0.000ns)
  Data Path Delay:        0.162ns  (logic 0.040ns (24.691%)  route 0.122ns (75.309%))
  Logic Levels:           0  
  Clock Path Skew:        0.005ns (DCD - SCD - CPR)
    Destination Clock Delay (DCD):    0.018ns
    Source Clock Delay      (SCD):    0.013ns
    Clock Pessimism Removal (CPR):    -0.000ns

    Location             Delay type                Incr(ns)  Path(ns)    Netlist Resource(s)
  -------------------------------------------------------------------    -------------------
                         (clock clk500 rise edge)     0.000     0.000 r  
                                                      0.000     0.000 r  clk500 (IN)
                         net (fo=27270, unset)        0.013     0.013    cfo/windows/reset_fast/sync_reset/dest_clk
    SLICE_X132Y76        FDPE                                         r  cfo/windows/reset_fast/sync_reset/arststages_ff_reg[3]/C
  -------------------------------------------------------------------    -------------------
    SLICE_X132Y76        FDPE (Prop_GFF2_SLICEL_C_Q)
                                                      0.040     0.053 f  cfo/windows/reset_fast/sync_reset/arststages_ff_reg[3]/Q
                         net (fo=12, routed)          0.122     0.175    cfo/windows/reset_fast/synced
    SLICE_X132Y73        FDCE                                         f  cfo/windows/reset_fast/hold_count_reg[3]/CLR
  -------------------------------------------------------------------    -------------------

                         (clock clk500 rise edge)     0.000     0.000 r  
                                                      0.000     0.000 r  clk500 (IN)
                         net (fo=27270, unset)        0.018     0.018    cfo/windows/reset_fast/clk
    SLICE_X132Y73        FDCE                                         r  cfo/windows/reset_fast/hold_count_reg[3]/C
                         clock pessimism              0.000     0.018    
    SLICE_X132Y73        FDCE (Remov_CFF_SLICEL_C_CLR)
                                                     -0.020    -0.002    cfo/windows/reset_fast/hold_count_reg[3]
  -------------------------------------------------------------------
                         required time                          0.002    
                         arrival time                           0.175    
  -------------------------------------------------------------------
                         slack                                  0.177    

Slack (MET) :             0.177ns  (arrival time - required time)
  Source:                 cfo/windows/reset_fast/sync_reset/arststages_ff_reg[3]/C
                            (rising edge-triggered cell FDPE clocked by clk500  {rise@0.000ns fall@1.000ns period=2.000ns})
  Destination:            cfo/windows/reset_fast/hold_count_reg[4]/CLR
                            (removal check against rising-edge clock clk500  {rise@0.000ns fall@1.000ns period=2.000ns})
  Path Group:             **async_default**
  Path Type:              Removal (Min at Fast Process Corner)
  Requirement:            0.000ns  (clk500 rise@0.000ns - clk500 rise@0.000ns)
  Data Path Delay:        0.162ns  (logic 0.040ns (24.691%)  route 0.122ns (75.309%))
  Logic Levels:           0  
  Clock Path Skew:        0.005ns (DCD - SCD - CPR)
    Destination Clock Delay (DCD):    0.018ns
    Source Clock Delay      (SCD):    0.013ns
    Clock Pessimism Removal (CPR):    -0.000ns

    Location             Delay type                Incr(ns)  Path(ns)    Netlist Resource(s)
  -------------------------------------------------------------------    -------------------
                         (clock clk500 rise edge)     0.000     0.000 r  
                                                      0.000     0.000 r  clk500 (IN)
                         net (fo=27270, unset)        0.013     0.013    cfo/windows/reset_fast/sync_reset/dest_clk
    SLICE_X132Y76        FDPE                                         r  cfo/windows/reset_fast/sync_reset/arststages_ff_reg[3]/C
  -------------------------------------------------------------------    -------------------
    SLICE_X132Y76        FDPE (Prop_GFF2_SLICEL_C_Q)
                                                      0.040     0.053 f  cfo/windows/reset_fast/sync_reset/arststages_ff_reg[3]/Q
                         net (fo=12, routed)          0.122     0.175    cfo/windows/reset_fast/synced
    SLICE_X132Y73        FDCE                                         f  cfo/windows/reset_fast/hold_count_reg[4]/CLR
  -------------------------------------------------------------------    -------------------

                         (clock clk500 rise edge)     0.000     0.000 r  
                                                      0.000     0.000 r  clk500 (IN)
                         net (fo=27270, unset)        0.018     0.018    cfo/windows/reset_fast/clk
    SLICE_X132Y73        FDCE                                         r  cfo/windows/reset_fast/hold_count_reg[4]/C
                         clock pessimism              0.000     0.018    
    SLICE_X132Y73        FDCE (Remov_CFF2_SLICEL_C_CLR)
                                                     -0.020    -0.002    cfo/windows/reset_fast/hold_count_reg[4]
  -------------------------------------------------------------------
                         required time                          0.002    
                         arrival time                           0.175    
  -------------------------------------------------------------------
                         slack                                  0.177    

Slack (MET) :             0.177ns  (arrival time - required time)
  Source:                 cfo/windows/reset_fast/sync_reset/arststages_ff_reg[3]/C
                            (rising edge-triggered cell FDPE clocked by clk500  {rise@0.000ns fall@1.000ns period=2.000ns})
  Destination:            cfo/windows/reset_fast/hold_count_reg[5]/CLR
                            (removal check against rising-edge clock clk500  {rise@0.000ns fall@1.000ns period=2.000ns})
  Path Group:             **async_default**
  Path Type:              Removal (Min at Fast Process Corner)
  Requirement:            0.000ns  (clk500 rise@0.000ns - clk500 rise@0.000ns)
  Data Path Delay:        0.162ns  (logic 0.040ns (24.691%)  route 0.122ns (75.309%))
  Logic Levels:           0  
  Clock Path Skew:        0.005ns (DCD - SCD - CPR)
    Destination Clock Delay (DCD):    0.018ns
    Source Clock Delay      (SCD):    0.013ns
    Clock Pessimism Removal (CPR):    -0.000ns

    Location             Delay type                Incr(ns)  Path(ns)    Netlist Resource(s)
  -------------------------------------------------------------------    -------------------
                         (clock clk500 rise edge)     0.000     0.000 r  
                                                      0.000     0.000 r  clk500 (IN)
                         net (fo=27270, unset)        0.013     0.013    cfo/windows/reset_fast/sync_reset/dest_clk
    SLICE_X132Y76        FDPE                                         r  cfo/windows/reset_fast/sync_reset/arststages_ff_reg[3]/C
  -------------------------------------------------------------------    -------------------
    SLICE_X132Y76        FDPE (Prop_GFF2_SLICEL_C_Q)
                                                      0.040     0.053 f  cfo/windows/reset_fast/sync_reset/arststages_ff_reg[3]/Q
                         net (fo=12, routed)          0.122     0.175    cfo/windows/reset_fast/synced
    SLICE_X132Y73        FDCE                                         f  cfo/windows/reset_fast/hold_count_reg[5]/CLR
  -------------------------------------------------------------------    -------------------

                         (clock clk500 rise edge)     0.000     0.000 r  
                                                      0.000     0.000 r  clk500 (IN)
                         net (fo=27270, unset)        0.018     0.018    cfo/windows/reset_fast/clk
    SLICE_X132Y73        FDCE                                         r  cfo/windows/reset_fast/hold_count_reg[5]/C
                         clock pessimism              0.000     0.018    
    SLICE_X132Y73        FDCE (Remov_BFF_SLICEL_C_CLR)
                                                     -0.020    -0.002    cfo/windows/reset_fast/hold_count_reg[5]
  -------------------------------------------------------------------
                         required time                          0.002    
                         arrival time                           0.175    
  -------------------------------------------------------------------
                         slack                                  0.177    

Slack (MET) :             0.177ns  (arrival time - required time)
  Source:                 cfo/windows/reset_fast/sync_reset/arststages_ff_reg[3]/C
                            (rising edge-triggered cell FDPE clocked by clk500  {rise@0.000ns fall@1.000ns period=2.000ns})
  Destination:            cfo/windows/reset_fast/hold_count_reg[6]_inv/PRE
                            (removal check against rising-edge clock clk500  {rise@0.000ns fall@1.000ns period=2.000ns})
  Path Group:             **async_default**
  Path Type:              Removal (Min at Fast Process Corner)
  Requirement:            0.000ns  (clk500 rise@0.000ns - clk500 rise@0.000ns)
  Data Path Delay:        0.162ns  (logic 0.040ns (24.691%)  route 0.122ns (75.309%))
  Logic Levels:           0  
  Clock Path Skew:        0.005ns (DCD - SCD - CPR)
    Destination Clock Delay (DCD):    0.018ns
    Source Clock Delay      (SCD):    0.013ns
    Clock Pessimism Removal (CPR):    -0.000ns

    Location             Delay type                Incr(ns)  Path(ns)    Netlist Resource(s)
  -------------------------------------------------------------------    -------------------
                         (clock clk500 rise edge)     0.000     0.000 r  
                                                      0.000     0.000 r  clk500 (IN)
                         net (fo=27270, unset)        0.013     0.013    cfo/windows/reset_fast/sync_reset/dest_clk
    SLICE_X132Y76        FDPE                                         r  cfo/windows/reset_fast/sync_reset/arststages_ff_reg[3]/C
  -------------------------------------------------------------------    -------------------
    SLICE_X132Y76        FDPE (Prop_GFF2_SLICEL_C_Q)
                                                      0.040     0.053 f  cfo/windows/reset_fast/sync_reset/arststages_ff_reg[3]/Q
                         net (fo=12, routed)          0.122     0.175    cfo/windows/reset_fast/synced
    SLICE_X132Y73        FDPE                                         f  cfo/windows/reset_fast/hold_count_reg[6]_inv/PRE
  -------------------------------------------------------------------    -------------------

                         (clock clk500 rise edge)     0.000     0.000 r  
                                                      0.000     0.000 r  clk500 (IN)
                         net (fo=27270, unset)        0.018     0.018    cfo/windows/reset_fast/clk
    SLICE_X132Y73        FDPE                                         r  cfo/windows/reset_fast/hold_count_reg[6]_inv/C
                         clock pessimism              0.000     0.018    
    SLICE_X132Y73        FDPE (Remov_AFF_SLICEL_C_PRE)
                                                     -0.020    -0.002    cfo/windows/reset_fast/hold_count_reg[6]_inv
  -------------------------------------------------------------------
                         required time                          0.002    
                         arrival time                           0.175    
  -------------------------------------------------------------------
                         slack                                  0.177    

Slack (MET) :             0.181ns  (arrival time - required time)
  Source:                 cfo/windows/reset_fast/sync_reset/arststages_ff_reg[3]/C
                            (rising edge-triggered cell FDPE clocked by clk500  {rise@0.000ns fall@1.000ns period=2.000ns})
  Destination:            cfo/windows/reset_fast/reset_active_reg_replica_2/PRE
                            (removal check against rising-edge clock clk500  {rise@0.000ns fall@1.000ns period=2.000ns})
  Path Group:             **async_default**
  Path Type:              Removal (Min at Fast Process Corner)
  Requirement:            0.000ns  (clk500 rise@0.000ns - clk500 rise@0.000ns)
  Data Path Delay:        0.166ns  (logic 0.040ns (24.096%)  route 0.126ns (75.904%))
  Logic Levels:           0  
  Clock Path Skew:        0.005ns (DCD - SCD - CPR)
    Destination Clock Delay (DCD):    0.018ns
    Source Clock Delay      (SCD):    0.013ns
    Clock Pessimism Removal (CPR):    -0.000ns

    Location             Delay type                Incr(ns)  Path(ns)    Netlist Resource(s)
  -------------------------------------------------------------------    -------------------
                         (clock clk500 rise edge)     0.000     0.000 r  
                                                      0.000     0.000 r  clk500 (IN)
                         net (fo=27270, unset)        0.013     0.013    cfo/windows/reset_fast/sync_reset/dest_clk
    SLICE_X132Y76        FDPE                                         r  cfo/windows/reset_fast/sync_reset/arststages_ff_reg[3]/C
  -------------------------------------------------------------------    -------------------
    SLICE_X132Y76        FDPE (Prop_GFF2_SLICEL_C_Q)
                                                      0.040     0.053 f  cfo/windows/reset_fast/sync_reset/arststages_ff_reg[3]/Q
                         net (fo=12, routed)          0.126     0.179    cfo/windows/reset_fast/synced
    SLICE_X132Y76        FDPE                                         f  cfo/windows/reset_fast/reset_active_reg_replica_2/PRE
  -------------------------------------------------------------------    -------------------

                         (clock clk500 rise edge)     0.000     0.000 r  
                                                      0.000     0.000 r  clk500 (IN)
                         net (fo=27270, unset)        0.018     0.018    cfo/windows/reset_fast/clk
    SLICE_X132Y76        FDPE                                         r  cfo/windows/reset_fast/reset_active_reg_replica_2/C
                         clock pessimism              0.000     0.018    
    SLICE_X132Y76        FDPE (Remov_AFF_SLICEL_C_PRE)
                                                     -0.020    -0.002    cfo/windows/reset_fast/reset_active_reg_replica_2
  -------------------------------------------------------------------
                         required time                          0.002    
                         arrival time                           0.179    
  -------------------------------------------------------------------
                         slack                                  0.181    

Slack (MET) :             0.186ns  (arrival time - required time)
  Source:                 cfo/estimator/reset_fast_sync/arststages_ff_reg[3]/C
                            (rising edge-triggered cell FDPE clocked by clk500  {rise@0.000ns fall@1.000ns period=2.000ns})
  Destination:            cfo/estimator/locked_frame_reg[19]/CLR
                            (removal check against rising-edge clock clk500  {rise@0.000ns fall@1.000ns period=2.000ns})
  Path Group:             **async_default**
  Path Type:              Removal (Min at Fast Process Corner)
  Requirement:            0.000ns  (clk500 rise@0.000ns - clk500 rise@0.000ns)
  Data Path Delay:        0.173ns  (logic 0.041ns (23.699%)  route 0.132ns (76.301%))
  Logic Levels:           0  
  Clock Path Skew:        0.007ns (DCD - SCD - CPR)
    Destination Clock Delay (DCD):    0.019ns
    Source Clock Delay      (SCD):    0.012ns
    Clock Pessimism Removal (CPR):    -0.000ns

    Location             Delay type                Incr(ns)  Path(ns)    Netlist Resource(s)
  -------------------------------------------------------------------    -------------------
                         (clock clk500 rise edge)     0.000     0.000 r  
                                                      0.000     0.000 r  clk500 (IN)
                         net (fo=27270, unset)        0.012     0.012    cfo/estimator/reset_fast_sync/dest_clk
    SLICE_X130Y42        FDPE                                         r  cfo/estimator/reset_fast_sync/arststages_ff_reg[3]/C
  -------------------------------------------------------------------    -------------------
    SLICE_X130Y42        FDPE (Prop_DFF2_SLICEL_C_Q)
                                                      0.041     0.053 f  cfo/estimator/reset_fast_sync/arststages_ff_reg[3]/Q
                         net (fo=84, routed)          0.132     0.185    cfo/estimator/rst_fast
    SLICE_X131Y46        FDCE                                         f  cfo/estimator/locked_frame_reg[19]/CLR
  -------------------------------------------------------------------    -------------------

                         (clock clk500 rise edge)     0.000     0.000 r  
                                                      0.000     0.000 r  clk500 (IN)
                         net (fo=27270, unset)        0.019     0.019    cfo/estimator/clk_fast
    SLICE_X131Y46        FDCE                                         r  cfo/estimator/locked_frame_reg[19]/C
                         clock pessimism              0.000     0.019    
    SLICE_X131Y46        FDCE (Remov_EFF_SLICEL_C_CLR)
                                                     -0.020    -0.001    cfo/estimator/locked_frame_reg[19]
  -------------------------------------------------------------------
                         required time                          0.001    
                         arrival time                           0.185    
  -------------------------------------------------------------------
                         slack                                  0.186    





