00040003fffdfffa00020000fffcfff6
fff9000800070001fff700000003ffff
fff60008fff6fffdfff6fff60006fffb
fffbfff90009fffbfffd0009fff60007
fff6fffbfff70003fffbfffb00080003
fffc0002fffffffffffdfff600090005
00050004000afffa0004fffc0006fffb
000600060003fffb000600000009fffa
0005000800030001fffffffaffff0007
0000fff8fff80000000900070001fff6
000000010000000000090007fffa0001
000500020008000900080009fffe0005
fff70001fffc0004fff9fff7fff6000a
fff9fffb0006fffc0001fff70000fffb
ffff0005fffcfff6fffafffafff80003
000afffafffc000600090002fff70003
000900040002fffffffe000900070003
ffff0007ffffffff000a0001fff90003
0004fffcfffe00040000ffff00070008
0009fff70006fff9fffd00080004fff8
0003fffa0009fff9fff9000300040008
0009fffe0000fff800030002fffafff8
fffd0002fffafff6fff90007fff6fffd
0000fff70004fffffff900090008fff6
0006fffafffb0007fffa0007fffc0004
fff9fffcfff6fffe0004000afffafffb
0009fff900080009fff60009fffc0000
0002fff6fffa00090002000900090007
000400000006fffefff7ffff00060009
000a000700000003fffa0002fff8fffb
00060009000a0005fffafff6fff8ffff
ffff0003fffb000800010005fffd0004
0002ffff0003fffdfff6000afff9fff6
0007fff6fffa000300060006fffcfff9
fffc0009000300000006000afff7fff7
fff8fffd0006fff8fffb0004fffe0005
0002fff700000008fffbfff7ffff000a
fffcffff0001fffafffdfff8ffff0005
0002fffdfff90003fffdfffe00020004
fff80001ffff0004fff9fffe0003000a
00070002fff6fffc0006fffafff7fff9
fff8fffffffefffbfffcfffd0006fff6
000a0007fff80006000300030003fffd
fff8fffb00030000fff8fffb00030009
0005fffdfffefffd00020007fff90008
000800030004fffc000100010001fffc
fffb000700030009fffb00020006ffff
fffa00020001fffa000a000a0006fff8
00050009fffe0001fff70002fffdfffb
fffc00070006000700070003fffdfff6
fff900070004ffff000100040006fff9
fff8fffdfff6fff9fff60006fffafff7
fff90002fff7fffe00070007fffeffff
0004fff8000afffcfff7000700030003
00090006000000090007fff9fffb0008
000700060005000500050001fffefff9
fffdfffefffbfffbfffffffc000afffd
00050005fffe000500090003fff7000a
fffffffdfff9fff9fffdfffe00010006
fffe00020008fffdfffc00000006fffd
0001fff8fffd0001ffff0004fffe0000
0003000100000003fffffff70002fffc
0009fff9fffa0008fff80003fff7fffc
00010009fffbfffcfffd00030003ffff
fffa0007fff6fffffffbfff7fffc0002
0004fffa0005fffd00090007fffcfff6
0005fff70001000900090004fffc0007
fffa000900080002fffb00050001fff6
00070002fffefffb00020003fff7fffa
fff700050009fff6fffd0006fffbfff7
fffffff9000afffdfff6000300080005
fffe0004fff600060006fffdfffd0006
fffcfffd000100080002000300010002
0006fffe000afffd00050006fff80004
0005fffe0007fffe00030007fffafff6
fffc0008fff80003fff6fffdfffdfffc
0007ffff0003ffff00060003fffc0000
0003fff9fff9fffb000500080000ffff
fffdfffefffb0006000afff80002fffb
fff70004fff7fffc000600060005fff7
0000fffafffffff9fff7fffffffe0003
00080004fffc0004000800040003fff8
0001fffffffa0004000800010008fff8
fffefff90003000000070008fffa0006
00070002fffafff7000a000a00060000
0008fffdfff6000700060000fffdfff6
0006fff6fff7fffcfffdffff0006fff6
fff8fffb00050002fffefff800060009
fffd0007fffb0009fffcfff600000004
00080002fffafff8fffbfffefff60000
00000008fffffffffffb000600000006
000a0009fff900040001fffb0002fffd
0003fffd00040005fffd0001fff7fffb
000200040003fffafff60001fffe0003
0000000100050001fffbfff900030008
00030007fff6fff70000000afff60006
000600090001fff70003000900050003
0004fffb00080002fffc0004fffe0000
0001fffe0006fff90000fffbfffc0006
fff6fff7fffb0005fff9000a00030004
0009000a000700070009fff800070001
fff60009fff80000fffafff9fff8ffff
fffbfff6fff8000a00090002fffc0004
fffd0008fff6fffe0002fffa000a0006
0005fff60004fffcfffbfff80009fff8
fff9fffffff8fffc0007fffb000a0005
00040002fffdfff7000a00080009fff9
0006fff800090007fffcfff6fffa0006
0004fffdfff9fff70003000a0005fff7
fffefffe000afff6000affff00090002
00020007fff90005fffb0005fffefff6
0009fffaffff00030001000900050005
0009000600050000fffc0000fff7fff9
fffffff9000a0005000afffdfff70006
0003000afff90004fff9fff7fffefff7
000afffbfffafffefff6fff9fffcfffb
fff8fffb0004fffc0009fffbfff9fff7
fff7000100070000fff9fffafff70007
fffefff6fff800060002fffb00090003
0000000400030009fff70009fffa0004
fffcfffd000600080009fff700020009
fffa00010009fff9000afffcfffc0007
0005fffb0007fff6ffff0009fffbffff
0002fffd000600050000fffffffefff6
0002000800010002fff6fffa0007fff8
0006fff800060005fffbfff60002fff9
0003fff90000000500060007fffd000a
fff9fff80001fffb0009fff700070000
000a0007fff9fffa0003ffff0005fff6
fff80007fff6fffdfff6fff60003fff7
fffaffff0005fff7fff6fffafff70009
fff6fffe0006fff80007000a0006fffc
fffc000100080004fff7fffefff80004
fffafffbfffcfffffffc0003000a0004
fffffff6fff60009000a0007fff7fffa
fff9000300080004fffe0000fff60009
0009fffc0003000800040009fffe0000
0009fffafff9fff60009fffd000a0000
00000008fffb0001fffffffb0009fff9
0006fffffff7fff6fffbfff900090005
fff8000a0004fffe00010004fffafff6
00060005fff60003fff90008fff7fffa
00020005fffdfffdfff70007fff9fff8
0003fffbfff9000900040006fffb0001
000400020005fff900000007ffff0004
0003fffd0004000900070001fffbfffe
000900020005fff6fffc00090007fff6
fff70000fffb000800050003000afff8
fffa0001000500070007fffefff8fffc
000a0001fffefffffff7fffbfffb0000
0005fff9fff6fffb0003fff7fffa0009
00010000fffbfff60004fffffff60006
000a00020003fffc0005fffd0004fff9
fffc0009000afff8000800010009fffe
fffe000a00010004fff7000700090000
00090007fffcfffa0009ffff0004fffb
00070006fff8fffefff8000700000004
fff9000700060004ffff0007fffb0003
000000030001fffbfff9fff80000fffb
fffefffe0008fffffff8fffd0004fff7
fff7fff70004ffff00020006fffcfffa
fffa0009fff7000a0002fff8fffd000a
000900000005000a0008000200070001
0000fffffffc000500080008fffd0000
fff6ffff000400020003000600050002
0007fffb0004fffbfff8fff900090004
000a00040001fff8fffe000afff9fff8
fff8fffc00010000000afff6fffcfffb
0003fffc000300040005fffd0003fffc
fff9fffb00050009fffd00080003fffb
0009fffefffffffb0001fff7fffa0009
fffdfff900050004fffb0009fff90003
000a000100010003000600000006fffd
fffb0004000afffd0009000400070009
0009fffbfff9000200010006fffd0002
ffff0003fff9fff600030007fffa0005
fffafff8fffafffefff9fffefff8ffff
fffbfff9fff700050008fff90003fffc
00000006fff90003000300040005000a
fffa000300020009fff90001fffdffff
000a0000000a0006fff9ffff0001000a
fffa0002fffc00010008fffefffd0001
fffb0001fffdfffc00060000fff8fff7
00000000fff800060006fffbfff8fff8
0003fff900050003fff600010000ffff
fffe00070007000a000400020008fff6
fff70006000a00020004fffdfff80003
000100040005fffbfff60004fffb0005
fffb0007fffb000a0003ffff0002fffa
fffbfff70003fff90005fffdfffffff7
fffc0007fff60005ffff000500050002
fffbfffcfff90006fffefff6fffa0001
000a00080006fffcfff9fffafff8000a
fffc0007000800010002fffcfff6ffff
fffa00010002000800060001fffafffa
00030008fff70001fffffff900050000
0004fff8000700040007fffdfffcfff8
fffefff7fff8fffe000afffe00020003
000afffafff8fffbfffdfffffffcfffa
000300030006ffff0009fffefff90009
fff8fff60006fff7fff8fffb0005000a
00020008fffefffafff60006fff80002
fffa00070009ffff0004000300090001
00080004fff9ffff0008000700060001
0009fffffffdfff6fff7fffb0003fffb
fffdfff7fffe00000004fffafff8fff9
fff900030001fff800010008000a0003
00070009fffc0000fffcfff6000a0003
fffa0002fffc0003000a00000004fff7
0004ffff00050007000a0007fffc0004
0001fff7fff7fffffffdfff600080006
fff600060007fffc000800000009fffc
0003000200020006000800060000ffff
fffdfffb0004fff90006fff7fff7fffd
0002fff8fff900090006fff800060000
0008ffff0002fffefffe000afff6fffe
000700040005000a0004fff600060006
0001fff70006000affff000a000afff8
00040009fff700070006fffe0006fffb
fff7fffe0000fff7000500030000fffc
0001fff6fff7000400080005000a0002
fff6fffd0004fff600080003fffd0006
00000006fff70006fffefff60007fff9
fffb0009fffc0003000afff7fffb0009
0005fff700030002fff8fffa0003fff6
0006fffefffffffa0005fff6fff60006
fffbffff00030003fffc0001fffd0005
fff7fffa0009fff8000500070005fffb
fffd000400070002000afffefff7fff8
0000fffafff8fff7000100020008fffe
000affff0003fffe0009ffff0004fffd
ffff0003ffff000100010007fffdffff
fffc00010000ffff000900080004ffff
fffffffffff700020004fffefff6fff6
fff8fff80003fffcfffe0005fffa0004
fffdfffafffb0000000700030001fffa
0003fffd0004fffcfff8fffdfffefff9
0007fffbfffe00030007fff800050004
0009000500050005fffefffb0002fffa
0003fffffff7000afff9fffa0009fffd
fff90004fff800010000fffefffafff6
0005000700000003fff9fff7fffbfff6
fff7fff60009fffa00000000ffff0007
fffd00050001fff60001fffafffb0000
fffffffefff800000008fff6fff7fffc
fffd0000fffcfff7fff80000fffdfff9
00090001000800010007000700030003
ffffffff00010003fffafffafffcfff7
fffe000000080004fff7fffbfffbfff9
00070006fff6000200050005fffdfff7
fff70008fff900010003fff700090003
fffffffb0003fffc0007000000060005
fffdfff7fff7fffffff6fff700040000
0005fffa000200060005fffb00000000
fffafffcfffc00010002fffd0009fff8
fffd0003000000060009fffa0009fffc
fff7fffe00060007000a0008000afffa
0004fffefffafffc0003fffd00030006
fff90009fff9fff80004fffafff60008
0005fff900040002fffbfffa00050001
0003fff7fffc000400000001fffb000a
fffc0006fff70005fff6fffafff8000a
0003fff6000300020007fff7000afff7
ffff0002fffefffafff90007fff9fffb
0006fffdfffe00040009fff700050009
0005fffe0003fffafff80000fff6fff7
fffb000300070002fff900050004ffff
fff9fffb00010007000a0006000afff6
0002fffb0008fffe00050008fffc0008
0001fff600080003fffcfff8fff70004
fffe0000000a00000008ffff00090008
000100040004fffcfffdfffb0008fff7
0008fff7fff60005000afff90006000a
fff800020000ffff0004fffd00020002
00020005fffe0008fff6fffd0005fffe
fffe000a0006fffdfffdfffe0000ffff
fff8fffc0007fffefffc0007fff90002
fffc00070009ffff00090000fff80006
fffc0009fffe000afffd0001fff9fffd
fff8fffafff600040004fffefffafffc
00020006000400090007fffffffe000a
fffbfffa000300050009fff9fffa0009
fffefffc0008fffc000afffefffd0001
fff9fffd000900010008fff8fffd0005
fff90004fffc00070000000900020008
00030002fffafffc00070006fffafff6
00040002fffe000400060008fff6fff7
fff800080001000400040006fff70002
0001fffa0000fffd0005000600010008
fff6fff8fffc00080008fff8fff70004
fffafffa00030008fff70007fff9fffe
fff900080001fffb0002fffc0005fffa
fffe0002fffd0006000900030008fff9
fffffffe00090006fffb00090007fffc
000a0001000a00030006fff6fffb0007
000a0006fffbfff8fff6fff8fffe0004
fff6fffa00020002fffcfffbfff60006
fffbfff8fffb00010004fff7fffc000a
0003fffb0000fffb0006fffc00010008
fffc0008000900090008fffefffd0000
0006ffff0003fff8fffb0002fffafff6
0001fffbfffafff6fffafffc0009ffff
0006fffb0003fff9000100000008fffb
00070005fffb00040008fffa00090008
00090008fffffffdfffaffff00020008
fff9fff900020002fff7fff8fffc0003
00070008fffcfff800060004fff80001
0008000afff80006ffff000600030006
0005fff8fffb0004fff9000300070001
fffffffbfff8000700040001fffc0009
fffd000400020009fffb0005000a0005
00040002000afff9fffb000afffa0004
fffdfff80008fff600080003fffb0006
000afffa00030006fffb0002fffefffd
fffeffff0009fffafff6fff8fffc000a
fffc00010005000afffc000a00070006
fffbfffbfff90007000500010003fffa
fffa000400060002fffa00080006fffb
000afff9fff900000003000800060002
00010004000200090008fff7fffd0004
fffe000a0003fffbfffe0008fffcfff7
fffffffd0005fffdfff90004fff90002
fffb00070000fffc00060000fffa000a
fffd00020005fffc0000000500060007
0008fffb000afff80002fffb00090008
00020001fff80001fffd0008fffefff9
fffe00070004fffcfff600020003fff6
00080003fffc0008fffd0001fffafffa
0002fffe00090006000a0005fffb0007
00060004fffdfff7fff6fffc0002fff7
fffe0006fffcfffefff6000000070008
fff7000000000008fffc00010000fff9
fff800060005ffff000900020001fffb
fffe00010003000500080004fffa0008
fffd00030002000000060006fffcfff7
fffb000100040006fffefff9fff7fff7
00020003fff6fffd00010005ffff0008
0005fff60006fffffff6000800060005
fffbfffafffbfffbfffaffff000afff7
fff80005fff80006fff8fff6fff9fff6
00060004fffefff9fffb0002fffcfffd
00080003fffbfffb000a0002fffcfffb
fff800020002fffc0002fff7000a0003
fff8000afff90000fffafffb00020000
fff7fffafffc00090007000100010000
fff8fff8000400000006fff7fffb0007
fff6fffffffc0003fffffffd000afffc
0009fffd0008fffd0008fffafffd0003
fffc0009000400090008fffcfff6fff6
00050000fffafffc0002000afffb0002
fffcfffefff9fff7fff8fffe0005fffe
00020003fffe00050006fffffffbfffc
0008fffbfffd00070000000400050009
fff9fff60001000400020002fff7fffa
0003fffffffbfff90000fff70005fff6
fff6fff8fff70005ffff000300030008
fffb0001fff70007fffffff700000005
0001fffafffefffa0000fffc0008fffe
fffd00060000fffc0002fffb0005fff6
0007fff7fffbfff70004fff9fffb0002
0006fffafff9fff8fffefffefff8fff7
ffff00020009fff80007fff800090002
000a0005fff9000500000007fff70009
0003000400010006fffbfff80001fff6
fff6fffbfffbfff80001000000050002
00050008fffefffefff600040000ffff
000400070008fff8fff9fff7fff6fff7
fffffff9fffffff80009fff8fffb0008
fff9fffbfff6000700030004fffaffff
fffd0009fff9fffa0008fffd000a0007
fffd00060000fffefff90005fff80002
fff7ffff00000007000900050008fffa
fffe00020002fff6fffdfff800040000
0001fff60000fffd00010006fff6ffff
fff600020004000600060005fffafff8
0004000000050001fff80002fff70004
fff70002fff80003fffa000300060008
0002fffd0001fff6000200070001fff9
fffd00040009fffb0003000affff0008
fffc0004fffffff700070008fff7fffc
fff7fffdfff9000a000afffd000a0000
0006fff90006fffe000100070001ffff
fff700080009fffbfffefffc00010002
00080004fff600020008000400030001
fffd00080006fff6fffa00010006ffff
0009fff800010004fffafff90007fffe
000a0001ffff00080002fffd00000004
fff7ffff0006fffe000a0000fffd000a
fffd000400010002fffbfffefff7fff8
000700000006fff6000afffdfff90005
00080003fffbfffbfffd000000030009
fffc00030005ffff000400080003fffc
0002000afffbfff7fff7fffb00060000
fffdfff80003000a00010006fff8000a
fff6000400000009fffffff9000a0008
0002fff700020006fff90004fff90004
fff70000fff70000fff6000a0008fffc
fffd00070004fffb0007fffdfffd0006
fffafff80000000300030003fff90000
0006ffff00010001fffefffb00040005
fff6fffefff60005fff6000900090007
fff600070006fffcfff6fff8fffc0000
0003fffcfffbfffffff8fff600070002
fffffffafffdfffbfff9fffe00060003
fffe000000070007ffff00000000000a
fff7fffbfff9fff80009fffefffffffa
fff6000400090006fffa0007fffa0008
fff7fff6fffb000300020006fffb0004
ffff000afff8fffdfff8fffe00080000
0009fffefff80002fffe000400000004
fffc000afff8000500020002fff80009
fffcfff9fff7000a0008fff9fffafff7
0004fffdfff7fffb00010003fff6fffe
000afffd000a0006fff7fff6fff9fffb
00060001000a0004ffff0003fffefff7
00020005fffefffefff6000400010000
0007000500000002000000060005fffe
00070008fffcfffafff6fffd0008fff9
0000fffefff90001ffff0003fff6fffd
0000fff7fffcfffcfff7fffe000afff8
00040005fff600030003fffd0008fff9
00060001fffc000900060005fff9ffff
000700090008fffefffe00060002000a
000800070000000600010006fffefffd
00090006fff6fff7fffa000afff6fffc
ffff0003fffefff80000fff80004fff8
00050008fff8fff9fff9000100060006
0004000a0007fffe00090003fffc0007
ffffffff0007fff6fff80002ffff0003
00090002fff6fff9fffafffefff8fffe
fff90008fffd0008fffd000800000000
fffffff70007fffbfffb0003fffd0008
000a000a00090003fffc00060000fff8
fff6fff70007fff9000afffe00050000
00030000fffc00040001fffcfff70004
00010004fffffff90004fffcfffdfffe
0009fff8fffe0001000afffcfff8fffb
fff8fffc000200070007fffa00080005
0004fff7000300030002fff80002fff8
0007fff9fffafff7fffd00090007fffd
fff70007fffbfffefffffff8fffa0009
fff8fff700090002000700000007fff7
fffafffefff8fff700090004000a0003
000300060002fff800060008fff9fffc
0006000a0008fff9fff7000a00050003
0000fffc0009fffd0002000500090003
000900020003000a000200020003fff6
000800010009fffe0004fff7fff6fffe
00070001fffd0007fffa00030002fffd
00080000fffd0000fffefff70000fffc
fffc000afffcffff0008fffcfffafffd
fff8fffb00050004000a0000fff9fffa
fffa00060008fffd0007000800090001
ffff00080001fffefffb0006fffc000a
0001fffa000afffbfffc000500030004
fffdfffefff9fff80008fffbfffaffff
fff9fff900030006fffb0005fff7fffe
fffefff90005fffd0009fff8fffd0001
fff60006fffafffb000700020002ffff
00010004fffb0008000200080004fffa
000a0009fffffff6fff8fffefff90008
00060000000200040000fffc00020001
00080004000000040004fffd0000fffc
0001ffff000500010002fffbfffdfffb
0005fff600030008000afffafff7fff8
fff6fffa0009fff70003000a00050002
00010005fff60007fffffffe0005fff8
fff6fffa0002fffffffc0003fff80009
fffbfffb00010005000800040007fffa
0006fffa00090002fff8000afffe0009
fff8fffd0002000afff7fff7000afff9
0009fff70001ffff000400060003fffd
fffbfff60009fff6fffbfff800050008
0007fffbfffc00010001fff600080001
00080000fffd0008000700020006fff8
fff80009fff8fff80003fffd00030005
0009000a000afff80003fffc00050009
0006fff90009fffdffff00050002ffff
0001fff60002fffafff70005fffffffd
0005fff6fff70003fffafff700010006
fffefff6fffd0009fff8fffb0008fffa
fff700060008fffcfff80007fff6fffa
fffbfff8fffd0004fffa0005fff7fff8
00070001000700000001fff80008fff9
fffe00020001fff9fffafffdfff7fff6
fffd0002fff9fffa00040004fff8000a
fffc0008fff6000100020008fffd0002
0008fff9fff9fff7fff6000afffcfffc
000700090000fffafff80009fffefffb
00080001fffc000afff8fff6000a0009
fff7fff70002fffdfffa000afffd0008
00080004ffff0007fffb0004fff90001
0004fff60003fffefff80006fff8fffc
fff60000fffd000000070000fffcffff
0001fff60006fffafff70007000a0001
fff9fff600020001fffb000400000006
fffcfff9fffefff8fff7000afff7fff8
0003fff8000afff60001000800030005
0003fff7fffdfffbfff6fff700040007
0004000000010008fffc0000fff6000a
fff8fffffffcfffb000300000008fffc
0009000200020005fff9fffffffefff8
000500030005ffff000afff9fff9fffe
fff9fffb00040003fffe0003fffe0002
0007fff900000001ffff00060009fffa
fffa0004fff80005000afffefff9fffd
0001fffb0009fffafff6fffefff6fff9
00010008000a0004fff90007fffa0004
000700050004fffdfffffff8fffffffb
0009fffe0000fffe000a0007fff9fff8
fffa0000fffcfffdfffffff6ffff0004
0001fffa00060001fffb0003fffd0006
0005fffffffffffbfff7fff6fffb0005
0007fffa00010001fff800050000fffe
0003fffe00070001ffff0003fffe0007
fffa00040003fffafff90002fff7fff6
0003000900040009fffe000800000001
0005fff8fffa00020003fffd0005fffa
0008fff7ffff0000fffefff9fff70004
fff9fffdfffefff6fffe0000fffafffb
fff60002fff9000a0000fff7fffa0000
00040002fff9fff6fffdfffa00090003
fff6fff800070005fff8fff6fff90001
00030009000000010005000afffd0000
fffe000700050006fff80002fffcffff
000afffe000a0008fffd00090006fffb
0004000a000500050006000600090008
0006000200000001fff7fff8fff80006
00080003000a0006fff9000afff70009
0005fffc000800060004ffffffff0007
ffff0000fff6000a0008000afff80004
fff7fffefff6fffd0000fffffffafff8
fffc00070006fffe0005fffcfffbfff8
fff8ffff0000fff7fff7000000010002
0004fffa000a0003fff9000afffcfffd
fff90007fffffffb0005fffefffefffc
fff6fffe000900080002fffa0004fffe
000a0000fff80000fffefff800060002
00050003fffffffcfff8fff800040008
fff8fffffff8fff7ffff0004fff9fff6
fff60007fffafffa000100070008fffd
fffb0001fff9fffafffc000700010000
fffb0005ffff0005fffc00090009ffff
fff9000100060007fff6fffafffa0007
fff70005000200080007fffc0002fff7
fff900090008fffbfff6fffdfffcfff6
fffcfff8000300070005fff9fffbfffb
fffc0008fffefffd0006fffdfffcfffa
fffdfffe0001fff80004fff9fff80009
000a0002fffefff8000400030009000a
00000008fff800010007fffefff9fffb
00020005000000080005fff70007fff6
ffff00090007fffafffffff900000001
fffb000000020005fffbffff0000fffe
000000040001fffa0007fffc0001fff7
0007000a0008fff6fffcfff80004ffff
0000fff60000fffdfffafffc000a0005
0001fffe0002fff6fffe0003ffff0006
ffff0002000400010003fffd0007fffa
fffc000600080009fffbfff600010004
fff800020004fffc0008000600020006
fffffff7fffafff800070002fffbfffb
00050000fff80001000300000001fff9
000afff9fff9fff6fffc00020009000a
0008fffb0007fffbffff0002fffafff7
fffb0001fffffffdfffa0004fffb0007
00070001fff600000002fffc000a0000
fffd0004000100050001fffcfff6000a
fff8fff7000300040004fffafff60008
000afffafffdfff90009fffe0009fff7
00050004000a00040000fffa00040008
0003fffdfffd00050008fff900060007
00030008000700090005000300010001
fffafff6fffa0009fffb000600020003
fff70001fff700020002fffb0004fffe
0008000300060009ffff0002ffff0003
0008000100000000ffff0003fffc0005
fffafff8fffb00050007fffefff80002
fffefffe0001fff8fff8fff7fffffff7
0001fffafffafff8fff9fff7fffbffff
fff60005fffc0008fff9fffc0006fffe
0007fff70007fff90001fffefff7fffb
fffb00080003fff7fffcfff600030008
00020003000000000003fffbfffbfff6
fff7fffc0007fff7fff7fff60006000a
fff9fffcfffefffdfffdfffafffc0002
fffbfffcffff00000004fff700050003
fffeffff0003000300050009fffe0006
0005fff9fffa000600030008fffc000a
fffdffff0004fffffffcfffffff70004
0009fff800050004fffd00020007fffc
fffc0004fffafff8ffff000300090000
fffd00090003fffbfff7fffafffb0005
0006fffc0007fffe0009fffe0003fff6
000a000a00070000fff8fff7fffbffff
0003fff700080001fffa000500000006
00010002000100080008fff9fffd0008
000affff000afff80001fff7ffff0008
0005fff7fffefffa0009fffa0000fffc
00050003fff90003000afffffffa0009
0002fffafffbfffb00020008000affff
00070006fffd00010001fff700030008
fff6000300090004fffffffbfff60008
fff60003fff7fff7fffdfffefffbfff8
fffa000300030007fff6fffafffefff7
fffc00020002fffafff8ffff0000000a
fff8fff80007fff8fffdfff8fffffff6
0006fff60001fff90002000300040002
0007fffbfff6fff90005fffa00000000
fffb00030006fffc0009fffb0008fffe
fff7fffbfff9fff9000500000004fffe
0007fffffff8fff80005fff8fff9fff9
0005fff6fff900050002fff90008ffff
fff9fffefff6000afffe0002fff70001
0005fff7000100090002fff600030002
0009000100060002fffa00030007fffb
0008fffb0002000a0005000afff80002
000200090003000a0004fff8fff90004
00040002fff9fffbfffdfff9ffff0000
0003ffff00060009fff70000fffefff9
0009fffdfffcfff90005fffa00040008
ffff000a0000fff9fff60006fff6fff7
fffbfff7fffb000afff9fffe0007000a
00000001fffbfffe0008fffbfffb0009
fffcfff7fff80008000a00000003fffd
fff800060000fff7fff8fff80009000a
fff800070008fffc00030000fffcffff
fff90002fffdfff70002fffd00090000
fffe00070006fffa0000000000060002
00000006fff80007ffff00000000fff7
0006fff800000006000afff7fff6fffc
00020005fffd0005fff80001fffaffff
0004fffbfffcfffcfff6fff60008fffb
00010001000300020005fffc00020000
fffc00000004fff7fff7000000080002
00060008fff7fff6fff70009fffe0007
00010002000600030006fffb0003fffe
fff90002000afff7fffefffbfffa0000
fff70005fff60001fff9fff6fffa0007
fff6fff800030005ffff0004ffff0007
0009fffc0009000afffd000300060003
fffdfffd0008fff9fff8000600010004
fffd00020006ffff0002fffdfffc0000
fffb0004fff7fffb0007fff60008ffff
fffe000100090001fff9fffdfffc0002
0009fff6fffd0009fff6fff8ffff0009
fffcfffb00070008fffbfffd0006fffc
00070001ffff00080005fff7fff60007
00030000fff7fff7fffefffbfffc0000
fffafff6fffbfffa0001fff80004fffd
000200030004000a0003fffdfff60000
0006fff6fffbfffbfff7fffffffc0001
0004fff60000fffcfffa000afffcfff6
0009000afff600010008fff80009fff9
0005fff80004fffefffafffffff6fffa
fff700070002000afffa0007fffdffff
ffff00070005fff60004fff7fff80006
000100020000fffa0009fffefff7fff7
00060008fffd0004fffdfffafff7fffd
00070006fffe0004fff6fffd0002fffd
fffefff6000afffa0007fffb0002fffc
fff700050005fffb0003fff9ffff0001
0000fffffff700070008fff9000a0006
fffdfff800000000000400090001fff8
0003fffa0002fffbfffb000900090006
fff9fffe000000070008000500020009
0003fff700070008fffe000000090007
fff6fffe0000fff90000fffefffc0000
0004fff600050003fffe00060009fffc
fffdfff90000fffafff9000800010009
0007fff80002fffcffff00090007fffb
fffbfff80000fff7fff90000fffbfff9
000afffd000800000001fff8000afff7
000afff800080007fffcffff00080000
fff90002fffbfffefffd0003fffe0008
000900010001fff70009fff60003fff9
fff8000400000007000afffafff6fff8
ffff000a00040001000afffefffd0004
fff8fffbfff80007fffa00010007ffff
00030004fffb00050005000200000001
0003000afff6fff9fffafffdfffefffb
0008fffa00000004fffb0004fffbfffd
ffff000400040009000a000a00030005
00090005fff70007fffefff800070005
fffe00010004fff8000100080002fffa
fff90002fffe000a000500070006ffff
fffc00010002fff9fffd000afff7fffa
fffb0009fffb0008fff6000200040005
fff8fff80001fffafff60000fffffffc
0007fff7fffeffff0002fffafffb0002
0006fffeffff0004000a00040002000a
fff8fff6fffc0007fffe00010002fffd
0009000afffe000400090001fffe0004
0004fffffff7fff80000fff700030004
000700080008ffff0007fff6fff9fffe
0006000afffafff60006fff600020004
fffbfff90006000900060001fffffff8
0000fffa000afff90002fff6fffbfffa
00090000fff80007fff6fffefff60000
000800090000fffffffb0000fffb0008
0001fffdfff60004ffffffff000a0000
00000009fffe000700030002ffff0000
fff80005fffd0004fffe000600030008
ffff000600020008fff6000600060008
fffffff70004fffafff80009fffefffe
00030009fffefff6fff90009fffbfffb
0008fff80003ffff0002fffefffeffff
0009fff6fffffffd0007000100050004
0009fff8fff6fffcfff8000afffbfffd
fffcfffdfffffff80004fff90000fffc
fff9fffb000600020009fffbfff80001
000a0005fffd0001fff8fffd0009fffd
ffff0004fffcfff6fff90007fffafffa
ffff0002fffefff60002fffa0008fffd
00050003fffefffd0008000800060007
00090005fffe0004fff6ffff0003fff6
fff8fffa000a0002000600080002fff9
000afffc00080009fffffffc00040004
0006fff600030009000700000008fffe
fffd0004fff90001fff60003fff6000a
fff9000a0001fffa000a0004fffefffb
fffe000afff7fff60004000900000002
00010001fffc0000fffe000afffbfff7
000a0009fff6ffff00020006fff70004
0003fffb00070004fffdfffafff6fffe
0004fff80004fffd000afffa000a0004
fffeffff0006fff9fffc000000030000
fff8fff7fff9000600060002fffb0005
000700060002fff9000afff9fffc0008
fff6000600000002fffbfff600000004
fff8fff9fff90004ffff000afff6fff7
fffa000200080003fffefff7fff6fff8
0004fffe0002fffa000100030000fff8
fff9fff70004ffff000a00050002fffa
0006000a0005fffbfffc0000fffe0006
0004fff7fffbfff700010009fff9fffc
fffd0002fffafffc00050006fff9fff9
0004fff8fffefffafffd0006fff7fffa
0000fff6fff9fffbffff0007fff60003
fffd0006fffbfff9fff800010000ffff
fff6fff700080000fff8fff6ffff0003
fff70006000900020008fffdfffbfff7
fff70000fff7fffb000800050005fffd
fffefffcfffc00010008000300080006
fffffffefff8fff6000300000005fffa
fff8fff6000afff7fffc00030005fffa
fffe0000000a00080007fff9fff7fff9
000a0006fff8fff7fffcfff70004fff6
0001fff6fffd0008fffc00060000fff6
000600010003fffd0003fffb0000fffd
fffdffff0005fff7000800030007fffd
fffa000300050004fffffff8fff80005
000100040002fff7fffb00020007fff9
fffbfff9fffcffff0005fff7fffbffff
fffefffb000a0009fff9fffe00070004
0007fff800080007fffdfff8fffa0004
0000ffff000600040007fffffffb0003
0007fffafffdfff600000009fff60003
fffefffdfffbfffbfff800030000000a
0003fffafff90003fffdfffcfffcfffc
0009fff90003fff9000100040002fff6
000a0007000100010008fffffffbfffd
fffdfff8fffe0004ffff0009fff6fff6
fffdffff0007fffefffffff600000007
fffc00070001000600070004fff60006
fff8fffc00090009fff7fffc00050000
fffb0004fffb00070000000400070007
fffaffff000afffb000000050006fffe
0006fff6fffcfffdfff7000300010002
0003fff6fffc00030001000100040007
fff90006ffff000900060000fffdfffc
fff80006fffb00020006fffefffcfff6
00060002fff8fffe0002fff8fffa0008
000afffd0005ffff000afff6fffefffa
000400090009fffafffffffefffefff8
fff60003fff600050001fff900040001
0001fffbfff70003fffcfff60004fffe
0002fff7fffefff80007fffdfffbfffe
fff9000000040004fffbfff9ffff0004
0004fffd00060006000200020009000a
0000fffeffff000900090003fff70004
000000080006000afff9000afff7fff6
fff700080001fff90006000a000afffb
fffb0009fffc00040005fff8fffdfff8
fffcfffa0008fff70007000afff8fff8
0001fffafffcfffd00050008fffffffc
0002ffff0002000a00070007fff6fff6
fffc0006fffa00040005000500000003
fffd0007fff800020002fffbfffcfffb
00090000fffc00010004ffff000a0006
fff6fffb0008fffafff8ffff00030004
00070009fff7fff90004ffffffff0006
fff9fff9000afffc0009fffbfffa0002
000afffbfffcfff7fffafffc0004fffb
00000004fffcfff90006fffe00030008
000200060007fffc000afff9000a0009
fffffff900010006fffe000700090006
0007fff60006fff7fffbfff70005fffd
0001000100040000fffd0002fff60005
fffbfffffffffffd000300080003fffa
fffdffff0002000900090009fff7000a
fffc0005fffa00060003fffc0004fffb
00080000fffa0005fff9000800060004
fffc0000fff600060001fff600020009
00080004fffe0000000000010006fffc
000700080003fffafff8000afffd0004
0006fffbfff8fff7000300030002fff8
fff8000400040003fff900060006fff6
fff7fffcfff90003fff800080002fff7
000afffffffffffb000afffdfffa000a
fff90004fffb000100090005fffa0000
fffdfff60005fffcfff6000300040009
0004fffb0002fff8fff60006000a0002
000afff7fff90006fffc0008fffefffb
0003fff7fffe000afffb0009fff60007
000500030009000300050002fffdfffe
fff60002fffb0008fff7000500090005
fffcfffbfff80003000600020009fffb
fffafffa0006fff60009fffa00090007
fffd0003fff9000afff700070002fff6
fff9fffa000500040001fff900080006
fffc0001fffefffa0004000300020005
0009fffc0006ffff00050005fffe0005
ffff0007fff60002fff80009000afffa
fffeffff000a0002fffbfffa00000003
0009fff6fffbfff80005000100000008
fff90003fffe0005fffbfff600090003
fffb00030002fff60007fffe0000ffff
0007ffff000800070009fff8fffe0005
fff90005fffd000afff7fff8fff90006
0000fff70007fffdfff900010001fff9
0003fff80008fffc00050003fff8fff6
000900040009ffff0005fffe00020001
00010006fff70006fff90009fffefffe
000a0003ffff00090003000600020006
0002fffb0009ffff000000050005fff6
fffc0000fffb0004fffcfffcfffeffff
fffb000500020006fffdfffdfff80004
000700090000fffffffcfffafffc0000
0001fff8fffdfffc00050004000a000a
fffdfffa0008fffe0009fffdfffffff7
0009000300080006fffb0000000afffb
fffffff70005fffffff700020002fff6
0004fff90002fffe0007fffbfffe000a
0009000affff0001fffb0009fffe0007
fff6fffffffdfffeffff00090009fff6
fffafff8fffd000afffd0005fffe0008
fff6fffe000afff7fffffffffffd0007
fffefffcfff7fffc0005000500010003
fffa00090001fffafffffff700060002
fff7fffffff900080006fff9fff9fff7
ffff0005fffd0006000000090001fffe
fff800080009fff9fff9fff9fffc0000
0001fffe0002fffa00030006000a0005
fffafff6fffcfffcffff0000fff60003
0007fffc0002fffe000a0001fffdfff8
00040001fff9fffe0008fff60001fff6
000afffbfffafffaffff0003fff9ffff
fffc0005000affff000100010002fffe
00010007fff80003fffefffffff6fffd
fff90008fff7fffd0006fff7fff7fffc
ffff0004fffc00020000000400010001
0006fff80002fffa00050000000affff
00000006fffc000afffafffc00040008
00040003fffa0003fff9fffdfff60003
0008fffffffffffb0001000400000002
0005fffd0005000200050005fff6fffc
00050009ffff0007fffa0007fff60001
fffc0001fff9fffbfffd0009fffc0005
0002fff7fff7fff7fff800090006ffff
00070004fffafff700030005fffc0003
0005fff800040004000afff7ffff0009
fffefffc0007fffafffe000700080009
fffffffcfff700090008fffcfffc0005
00080005000afffdfff6fff7fff7fff7
0009fffb00030001fffc0006fffdfffe
fffafffd0005fffb0003000400060002
fff60001fffb00020003fffa0007fff9
fffdfff8fffafff9fff70001fffb0007
fff8fff7fffcfff6ffff0001fffc0003
fffc0005fffb0008fffc0008000a0007
fff90007fff6fffc00040004fffc0000
0006fff800020004fff9000afffcfffb
00070007fff60000fffd00060001ffff
000a00070005fff7fffafff80007fffb
fffe0005fff8fffb0009fff8fff9fffd
0006fff80003000800050007fffc0009
fffcfffefffbfff9fffbfffb0004fffc
fffcfff70007fff6fffdfffdfffefffa
0000fffa0002fff80009fffe0003fffb
00010002fff6fffefffc00000003fffb
fff9fffdffff0003fffa0009000afffa
00030002fff700040000000900020003
0000fff7000a000100070004fffc000a
00070003fff70003fffe00070008fff7
fffffffdfffe0007000afffd00050007
fffa0002fffa0004fff90005fffdfffd
fff8fff7000afff900060005fffd0004
fff8fffbfff9fff70005fff600020000
0002000100070002fffe00020008fffe
0007fffffff9fffefffe000100090007
fffe00000007fff60001000000000005
fff8fff9fffa0008fff8fffcfff6fffe
fffbfff90004fffffffcfffe0005fffc
fffb000a000afff6ffff0000000a0004
000900070003000afff90005000a0001
fffbfffd000700030007fffffff80004
fff8000300090006000afffd0002fff6
0007fffbfff90001000a000000020006
00060008fffcfffbfffb000800090002
00010005fff70001fffcfff9000afff8
fff70006fffcfffcfffdfffefffc0005
00080003fffefffb0008000900020003
fff6000afffdfff9fff9fff80000fffa
0003fff9fff7fffd00080000000a0000
0007fff8fff60009000a000900080007
fffc0005fffb0009fffbfff70000fff9
0005000a0006000800010000fffdfffe
fffb0008000a00020005fff9fffdfff8
fff700050002fffefffbfff900010005
000afffc0005fffc000400090005fffb
00060001fff900010009fffcfffc0002
fffefffb0002fffdfffffffcfffbfffa
fffa0002fff6000a000700060003fffa
fff7000700000003fffbfffbfff90006
fff90003fff9fff60004000100060008
0006000a00050007fffa000900050009
fffffffefff9000a0007000200080006
fffbfffbfffe0005fff80002fffa0006
0002fffffff90003fffafff900070000
fff8fffb0002fffd000100010006fff8
fff80004000a0008fffcfff6fff9000a
0003000a00050007fffcfffa000afff7
fffffffe00050007fffd00030001fffb
fff70006fffdfff9000900020007fff9
000afff6ffff000400040007fffcfff9
0002000700020009fffefffe00040000
00010005000500080008000afffffffd
fffdfffc0000fff6fff9fff8fff7fffa
fffe0000000a0008fffdfff800070003
0008fff60006fffdfffc000a000afffa
fffcfffefffc0002fff700030000000a
0000fffe00080007fffbfffe00090004
000a0008000300080008000400040002
fff60005fffcfff90005fffdfffb0001
00060006fffefff80001fff60006fffe
fff9000700050006fffa0000fffefff9
fff6fffc0007fffffff6fffbfffbfffe
fffdfff7fff9fffbfff60000fffe0008
fffd0004fff900030005fffe0004fffa
0006fffefffefff6000300060000ffff
ffff0002000a000100020009fffc0007
fffafffd000100050008000200030004
000a000500050002fff600040001fff9
000afffdfff6fffdfffcfffd0000fffc
fffbfffd00040004fff6fffc000afffd
fff8000afffb000400000007fffbfffe
000a00090009000900050007fff8fffd
00040004fffdfffcfffffffe0003fffe
fff60006fffcfffcfffbfffcffff0005
fff6fff6fffdfffafffcfffbfffe0003
fffd00020005fff60009fff8fffa0006
fff80002000100000008fff9fff7fff7
fff70008000000090009fffeffff0001
fffafff70004fffffffd0002fffd0008
fffe00080003fffb0008000900080001
000afff7fffcfffcfff8000300000001
0000000afff6fffefff90009fff9000a
000afff600040008fffdfffc0001fff6
0007fffafff7fffb0002ffffffff0002
0008000afffa000500070009fffe0004
fff600030009ffff0000fff80006fffd
0003fffbfff60008fffb0009fffafff9
fff70008000100020005000800080002
000300090005fffcfffd00010004000a
fffc0008fffffff6ffff0000fff9000a
fffefffa0001fffbfffa000100030001
fffd00050001000700040004fff9fffe
fffafffa0006fffcfffbfff900000001
0000fff70006fffe000900040007fff8
fffdfff700040004fff9fff900000008
0001fffcfff70006ffff0002fffa0002
fff80006fffe0006fffefffffff60004
fff90006000700020001fff90002fffd
fffdfff900030009fffa0001fff7fff6
0006fff7000afffdfffefffc0006fffe
ffff00060006fffd0007000700070000
fff800050009000a0009fffe0004fffe
000afff60001fffcfffffff800000008
fffbfffb0003000300020005fffffffb
fff90008000600090006000500040000
fff6fffb0008ffff000a00090007fffb
fffd0003000100030009000afffcfffb
fffbfffd0009ffff00050004fff7fff7
00040007fff8fff7000700060005fffc
fff700010004fffffffd0003fff70008
000a0001fffdfffc00070008fff6fffd
00010000fff70002000a0004fff9fff8
000a0000fffcfff6000700020005fff8
fff9000500060001fffc00030009fff9
00090004fffefff6fffc00000006fffb
fffa000300030007fff9000800070004
0006fffbfff6fffd000a0009fffe0007
000a00020005fffc0005000afffe0003
fffb0000000a000afff8fff6fffc0005
000a00090001000a0006000afffefffb
00010004000a0005fffcfff700030003
ffff000200010007fffefffffffdfffa
fff6fffbfff700040009fffa0001fffa
00040006fffc0001fffd00070007fffe
fff60003000a0003fffffff900020005
0002fffbfff80007fffcfff900020004
fff9fffa000700030009fff80005fffd
00020003fff9fff9fff6fff900050001
fff8ffff00060007fff9fffffff60009
fffdfff6fff7fff60000fffafffafff6
00030004fffc000a00050007fffdfff9
fffefff9fffbfff8fff7fff7fff9fffd
0001fff80006fff600020001fff90005
fffbfff8ffff0004fffe0002fffffffa
fff70003000afff7fff9fff70009ffff
fffb0003fff80002fffb000000030009
fff6fff9fff90002fff8fff6fff80007
0005fff90001ffff0001ffffffff0007
028ae66000b70576e6f7ef53ffed195a
07bae562e965f36e164c1a89fbb70358
1357ee63006df104e9bf055d08611b95
185af7a403bafa2215dde2ba0347e34c
ee5b18670acbe672f434fc29119d02c7
00da0f021386150b02e1ed2ce8ce0d80
0bcd0d90e4b71750f5a61866e8a01c42
07960da51349e36c16c71a92048e1f06
12f912ba17f90dd11f19f2431d7a15d6
0f26fb66e74f1a56f498fc900c261f1d
13f6026aeaad19e7ef6dfbe7fb540711
ec10e2c2e69febf2e13df731f7520e60
f8a3e23be8ae07fd1be30bbd02400c35
072e1926e65bea99ef9eead3f8a60234
ff9e10faf3dd19060c2f12c0ff1d12f7
fa0213030739e949fedf1d64f652f8f2
1099eb58ece209a20394f22f0298f116
0f2ce34710030904ef2107e41462f8f5
f7701d34fd1e13b80d7e0b1709470ea0
0b2fe0ef176ef74c1e4916ee1708e403
0b260d2ce9e4e3ffe0d014e2eb5a1457
0e7c07d9eabb0211ec3216adf1b0125c
127e1260077e0f80f66e1682ed5e0902
e8d90505e2f1e62fe60317140414f996
eb96e128eee31c0ff0c21b39fe4cea24
1f2dffff0ff1fd35e8bc021906c71a0e
ef620d240a4f072deca8e1aef7aae9d7
1ec218780f7a097ff437ebb3e8b5edd8
f9d10454e7ecff2a1dd91e4b19d7e12a
f320f012049c1949f5e70fe11f3af639
1053ebd5f68fea0f05cefb9715a0ee52
ef0eec020b3000d5f4f0f1870f2e169f
fe84f1c61a48068308c4ffcf13471614
19610c2c1cfefa99f045149d0309e162
0a03faa71525f228f559ec5cf1eef80f
1efcf485ee75fc381d6a07bc08ea06da
16101aab1c6c18beed2ae9af01f60265
e4640e71028fe769f6f4eec3ed12ebd0
0e5916b9eca01e7210221c5e063eee29
f9de16a4eb410a87fff3f56be6001eee
e2dc081d06b70b43e5d10bf916551242
ec1a1ad8f33e0cf9fc681c1319731ef5
e400e4ff1c691dcae1001ee1168df597
0de21200ec9ae503f7760672f7e5fd90
012be295161408ab1356fbe2ed360379
0d59e4eb03a71743ed72e394197015f7
ed6de20fedc71636fb101e50f8d3e2fd
ee8402730ae7fb220da6f8eaeca5f24d
118101ae0da01efae8f00d53f752f99e
ff52e2ac0b491f1212cd1969f52913d3
1c5bfe231551105eedbc19fee5760df8
0bd1e1aafcf9e531e52f1043e8ae0b84
1cdc0db1fbaffb47f6a804c3f142e5af
fbba0da4104ff2870d820846e1f5f3f7
04921a62ebe7f73df05e09ecf36f0d4a
0b1a077fe6230eca1847f2f7e709e5c9
e6f005a7f4c217c700c3e0da0d280f4e
1e9c0475f6c61b23ed1b1517049d0685
e857054313eaf9851ce0e867023ce913
e2c6efc1fd830d6c05830b5400a31ec4
f5f8e7001c4bf498e8a2f140f82de720
e77b1a3ce5d8076710e6f9e60a271c44
ebff09ea102afc2919d2e8c011ac1c10
047a1b51f4840dfcea96ec61f4910923
ee7bf527fc89f30407e8e5fa021a0b09
0309e6dfee7be413f4371ae707defb5c
06950f63102610ac064f101c1b94e806
edfa02d1e6931528eec0f976fb5e0414
f2e71beff35d1e1a014bfc9a1d45f74e
10351070f73b0a03f07f1a8bf58105f2
fff808c7eee31b73f812f2a002341cc9
ec0f1993ec120191fee91b27189b09dd
01db02ee0ff11314f1a5e6d3f3b40f12
1082052ffdf902e70fea19801d5900d2
0905e75c06fcf6d000e10cabecc80bbc
ecd8e851eb521160f85bfabe0b86f77c
ef9b137414f6fefc1e9107cc15e8ea8e
0b3d036507eae5b1e7f31a0800f7e8aa
f21cf83411dff294e196e512f4b8faf2
fce6e87b195bff85f0ce0186e3f91ebc
ea17e333137f1044f97ffd2605f2efcf
17fa1e1def2414a607030ba1e8a7eb4e
045e125b000212f00ab1fef90d49ed16
e151e6c8108e08921accf6a0f750e926
0bfef474fcfc196e11b8e365e475e30c
1788e4611bc9fa2802b9fddc12cdf222
1b0ff15fe229e588fb720dc6138a0b88
e46be730ffc21b3a045ee9f4186df2c7
f428e1c3eec5e62500971ef4fc81fe66
12c3166deae610d7eec5014f0eb21b1f
f641e82a003fea9bf3a1e54bf24cef13
fb7508c7fd2909dc1c631bf20e18f4af
fd291eb90edf129f0bfe10c1f3790d82
fe6f053307c00de5f1f012e30a91059e
00a2eddfee730da115b7f03dfd21f516
0871188717230036f78a0f8f0547e573
f0ac1dc6e56601edf1abe0cdee791da4
06701a49fa54fd4ae2011ee117ca163c
f8580e661ee1e8db16b8f8d6ee5c12b6
e619e9751ab8f8720e11f5dbe4a917a4
e74d1547eb8dffcd01c3f8d40b97fe98
e9401ee31d45f02f0295ed5ffbfaf626
11f90a71e8710a2de3e1f9cf0940fe3e
f3ae1789fd77014d16c7fe741b121687
0a56e3fbfbb31ca0ed4cea511b5d0b3e
f192f5a3060905291dd307d8ee98091b
fbf4f1fde34bef941cf1086ffb7ef486
1178fb120be412bdf8b00459ec42f11a
1dd61b2a1803f2751595eb4810580992
fb4bea5feee90b4ae16f14d8008ef793
128ce7a2e7d2f859fe45f23018ace7a1
1ef4163918cd023e1e1b07921b851909
ea7dfa74eabb13ca15540947f6bbf60e
fbb1e41210b9fdeee891069605fcf730
e7e4f0b604c0f2760940fc3e13f31b4c
f9c4fbe411be0bdd0cbe108a15af09cf
0e48e88e0732fdfd16860310fe94f282
0a5dea40fd83e8f4e2551c7e0ca0fc25
f44ef2a403881356fe3915821956ef4a
e471f1570c66f2d8e70f0e1f0ce2e411
0e8416e907f50bc8f9fd00f6f19fed7d
e7d30b760f9614f9e7820726fc71fb03
18edfdf0ece9f274eda60e97e2b6fddd
fbee09d0e65ffe82e63ae88e1520158d
0fe3fd291c9e1eddf55efdcaf905f682
0bc209111a03f6971829fbc9e972f305
f405e6780823f74ef782e6e3e92c0f31
0932f3eae4e6e4ace916ef85fa510f8b
e495143b002bf57a1bfa11dd1bd415fc
06c50128f893e0c319af0dc51b2409aa
1ae1015c15140ae0f3461a53fa2df9a8
e2191c2310cffdd31b6719b2f132f23f
ea77ec2ae746fd460a8c04300d7f00d8
f0790e0d0f09f61e1e5419860ac60601
ff1bfd85e9f6ef8ce2fe142e14a4f4f5
1718036304a2fd661827e252e2bde1a2
0548fbcc01ba183beee0003de3aee651
e9c512b1e25716940cf0f692153feb43
09fd1be9fe631e380374017300f71bb4
fab104cc1e0c11530d80f9cdf345019b
0ce00f8f0bf318481484e13bec03ec5a
fcd0f676e49108e6ef8417610a67ffc4
fac6e789f3711c36013a0245e18ee450
e77ae612eb1e10c8f964f1c204eae782
17890b1fe60d09d3f56608a011e71847
fae7fdf0fd38eb81e321e9c8e2ac1e38
eb4518b51182ee9918aa143cf9700966
0db1ed10ea700f771b4af20b17b514bb
ee83f976ec89130c054ffeac0400e354
1a6b021efa8f165b11640443e24aeebf
01c8e876ed3e1bbf11c61a43fbde00ee
015de76be142e44f167010fb15d4e2ad
f9f7083ef5ef03eb0abd06b401c1ec09
0213e80c1907f502edac1b081562e2df
ebaf101bff920452000cebc20d4305a0
1508e5a4173d169ce20703080c7f046e
e7c1e3a00db3f116ffe5f39c0f15fc0c
f84ef8c4f7980a52ea171de40d2cec00
105006731b5908a815a412c0f86305a8
134ef9d8e816130ee65ff721e58aeebc
ffc40b9b15281657fd49090fe5d1eef2
f789f001023ae2e4edd5060a10cdf5d8
e2b4171611700ce80f8ae1450d9ae134
e97be4fefe3ee9521d840cfdeb74fb95
f14305cf07bbe4e21bc1e5def93a15f9
f51e0b4be484f05a0658062ff1b8ffed
0ceaff31150ced64f6781ab210fd0892
16a306c9e32af551149ef2d8ee3b0e40
1a46f57be47d195df08c0666f3f6fed1
f3371d080be7f921f13311c2143cfcd6
0759fb17016cf4f40fac19b41a2e09da
1106f4a801ecf8b70893f274f9701cde
f29f1722f8ed11a9f1a612cd13eff693
1865fb8def0d06adf3e3f2c317621d46
11880ff00d04e336fef1fd74f331face
e18fef0cf3a7ef56ec34f95ff2261609
eec31dc50f211bc4ead0ee6d155e109f
f6bae64813940a6afa62f2cded53037f
ef26efec15bde997ebab0d90e871e4c3
fc25057d04d3ffac0ad9fbd6f3101edd
e53613e301ef0b0509ed1879e94c0aea
0765ebd7e943fee4e26df207fa921ed6
057af6020e2a19beea9efa860f881d23
fad80742fb4df190140902d4f6dc0478
152c16bef2d3f8b2f1df0115f2650b99
f778136b1c89e6f415d8129ff875156c
ff45e983f7131d6cf328f59be5400572
05f8ec33142e1d77e9881681e6ea1548
1244e574164c04b0ecb60fdf057d080d
16baf2d2f78116e2e41209c8e4161a0f
f39fe5730f61fb53f249e66b16c4eb81
ee37fb54ed41fe48057e1ad3fd0ff74f
f7bb1ed709b5f5c5ed3b05880937fc02
1ba811c80e19f64afb3f09a20316e51e
114b1dcb15551b5dff81fb93fd84f778
f833f678e35c04b20b130d70f277123c
f9acef5e0b51187d0e0b13cd119f1b0e
1048e5110691f3e70f870dbeede3182e
f5ca05b7ed801d53ed4bf4c6f27e0424
e524049dfb440ece078e0ef2ec8df693
ebee00e9188610b7ecfe0ba71a821b7b
0d420d760ecee701f371f6e31d37044e
144015950b7d0879025b0932e2d00eda
0e300215072f1ee3121a07351444ff05
10f70c02edb2fd490f1ff6aaf479e1cf
10f3f8161cb90a6315961ecf0cecfabe
f4a7f6c60475e1e609c000f012d2ef84
0c7713d905980d80e686ffd7f486065b
0d1e109e1eb215a0023d18f61389f7f3
11bc0aadef8413c6f59eec83ea88e491
1bdfe6c0f05805f2183615c9e7b6f5d3
0aa9e67ff9ece4e1e7aff6e7f75ffec6
fa211590e94ae11cff3f1aca01c800dc
1c25fdedfa08ebb6ebff0287ef35f1d1
0456f59dfa34f7a7e2d1fc6f01491d4e
f8d0f86ae310fbfced89eaf1164af707
f2210fa5e4030e5ce636f76ffee8ed8b
14171d2bfb35f351f38913ca00961e96
0e2dfdadf3c6f995e459020917270a1a
f3b411880368f51deed0e9b5170d0cea
fff90dbb0be5e6baf8fa14b71b7b082e
f9abfe3306ef1cffe78afdd11c13007a
fe9b13490919fa97ed15e2c51d18ff90
11eff9acf14f0c78ea92f96bfd5ef288
039fecec1d9ae32d17fc177a0fcdea89
086cf3e1012bee57ed7ff1860eef0108
1c48174feee01d8a18680cd1f1f417cc
f0fef34e10b215ee0fd9f0fbeeb707b1
f2ed16c0048a0108f466173118dfe8f2
f854fc661536e2dfe54f06c1fe590c5b
e5e7fc260f9d11df03e30993e33a0d1a
1cb3fb8a181bf8c9123d18f70940e511
1504f85bf6bffd1cf852eeaaedd51b9a
e54cee5c01b21944ec1917cd1c6dedad
1283ede9fcc4e1dce96c09c3f7b414e0
f28ceebc1e90e7621bfb1aff1a5102f0
e81feb51e2b8eba514ed1c76f3e4e7c1
ed6d05c40c93eff504f70b9a1947e1d2
ec49fc040fb2151be7e2f68a0a74e71e
e74e0b3c0e4017bf0799fd520e461b42
0d08f98ff5acec1c1458e4eeed53f97c
e63f1ed4ed221996e9e1ecdd13f81017
0eeef3b51d48ec9f186510941166127c
e4030cfa0ac2045ce99df07afd2e1d69
017dee8bea471e5e1eb413b3f343e3ee
0d2be2b8fa26127ffcb5efc013ffe8d1
f94afdf3f0821d9ae8b41b23f4aeec90
fbd7138aec5b0dc3f4270c8a1796fc4e
e29dfae01929f57eff49f02809061273
ff64014af17914f2065ce135083fe517
e9c91858fbcbe457e0c5125e191801bd
138ff276f2a800e31f0d092e1e5112b7
0b9be82814a1e2bfe5941397f67a1e11
e61819fb07baea0514b71c9ee8bae9cf
ee4a1ab717620d480be6e8c41b02fc59
eaab08ea072eea41e90bea04142afa93
028ae66000b70576e6f7ef53ffed195a
07bae562e965f36e164c1a89fbb70358
1357ee63006df104e9bf055d08611b95
185af7a403bafa2215dde2ba0347e34c
ee5b18670acbe672f434fc29119d02c7
00da0f021386150b02e1ed2ce8ce0d80
0bcd0d90e4b71750f5a61866e8a01c42
07960da51349e36c16c71a92048e1f06
12f912ba17f90dd11f19f2431d7a15d6
0f26fb66e74f1a56f498fc900c261f1d
13f6026aeaad19e7ef6dfbe7fb540711
ec10e2c2e69febf2e13df731f7520e60
f8a3e23be8ae07fd1be30bbd02400c35
072e1926e65bea99ef9eead3f8a60234
ff9e10faf3dd19060c2f12c0ff1d12f7
fa0213030739e949fedf1d64f652f8f2
1099eb58ece209a20394f22f0298f116
0f2ce34710030904ef2107e41462f8f5
f7701d34fd1e13b80d7e0b1709470ea0
0b2fe0ef176ef74c1e4916ee1708e403
0b260d2ce9e4e3ffe0d014e2eb5a1457
0e7c07d9eabb0211ec3216adf1b0125c
127e1260077e0f80f66e1682ed5e0902
e8d90505e2f1e62fe60317140414f996
eb96e128eee31c0ff0c21b39fe4cea24
1f2dffff0ff1fd35e8bc021906c71a0e
ef620d240a4f072deca8e1aef7aae9d7
1ec218780f7a097ff437ebb3e8b5edd8
f9d10454e7ecff2a1dd91e4b19d7e12a
f320f012049c1949f5e70fe11f3af639
1053ebd5f68fea0f05cefb9715a0ee52
ef0eec020b3000d5f4f0f1870f2e169f
fe84f1c61a48068308c4ffcf13471614
19610c2c1cfefa99f045149d0309e162
0a03faa71525f228f559ec5cf1eef80f
1efcf485ee75fc381d6a07bc08ea06da
16101aab1c6c18beed2ae9af01f60265
e4640e71028fe769f6f4eec3ed12ebd0
0e5916b9eca01e7210221c5e063eee29
f9de16a4eb410a87fff3f56be6001eee
e2dc081d06b70b43e5d10bf916551242
ec1a1ad8f33e0cf9fc681c1319731ef5
e400e4ff1c691dcae1001ee1168df597
0de21200ec9ae503f7760672f7e5fd90
012be295161408ab1356fbe2ed360379
0d59e4eb03a71743ed72e394197015f7
ed6de20fedc71636fb101e50f8d3e2fd
ee8402730ae7fb220da6f8eaeca5f24d
118101ae0da01efae8f00d53f752f99e
ff52e2ac0b491f1212cd1969f52913d3
1c5bfe231551105eedbc19fee5760df8
0bd1e1aafcf9e531e52f1043e8ae0b84
1cdc0db1fbaffb47f6a804c3f142e5af
fbba0da4104ff2870d820846e1f5f3f7
04921a62ebe7f73df05e09ecf36f0d4a
0b1a077fe6230eca1847f2f7e709e5c9
e6f005a7f4c217c700c3e0da0d280f4e
1e9c0475f6c61b23ed1b1517049d0685
e857054313eaf9851ce0e867023ce913
e2c6efc1fd830d6c05830b5400a31ec4
f5f8e7001c4bf498e8a2f140f82de720
e77b1a3ce5d8076710e6f9e60a271c44
ebff09ea102afc2919d2e8c011ac1c10
047a1b51f4840dfcea96ec61f4910923
ee7bf527fc89f30407e8e5fa021a0b09
0309e6dfee7be413f4371ae707defb5c
06950f63102610ac064f101c1b94e806
edfa02d1e6931528eec0f976fb5e0414
f2e71beff35d1e1a014bfc9a1d45f74e
10351070f73b0a03f07f1a8bf58105f2
fff808c7eee31b73f812f2a002341cc9
ec0f1993ec120191fee91b27189b09dd
01db02ee0ff11314f1a5e6d3f3b40f12
1082052ffdf902e70fea19801d5900d2
0905e75c06fcf6d000e10cabecc80bbc
ecd8e851eb521160f85bfabe0b86f77c
ef9b137414f6fefc1e9107cc15e8ea8e
0b3d036507eae5b1e7f31a0800f7e8aa
f21cf83411dff294e196e512f4b8faf2
fce6e87b195bff85f0ce0186e3f91ebc
ea17e333137f1044f97ffd2605f2efcf
17fa1e1def2414a607030ba1e8a7eb4e
045e125b000212f00ab1fef90d49ed16
e151e6c8108e08921accf6a0f750e926
0bfef474fcfc196e11b8e365e475e30c
1788e4611bc9fa2802b9fddc12cdf222
1b0ff15fe229e588fb720dc6138a0b88
e46be730ffc21b3a045ee9f4186df2c7
f428e1c3eec5e62500971ef4fc81fe66
12c3166deae610d7eec5014f0eb21b1f
f641e82a003fea9bf3a1e54bf24cef13
fb7508c7fd2909dc1c631bf20e18f4af
fd291eb90edf129f0bfe10c1f3790d82
fe6f053307c00de5f1f012e30a91059e
00a2eddfee730da115b7f03dfd21f516
0871188717230036f78a0f8f0547e573
f0ac1dc6e56601edf1abe0cdee791da4
06701a49fa54fd4ae2011ee117ca163c
f8580e661ee1e8db16b8f8d6ee5c12b6
e619e9751ab8f8720e11f5dbe4a917a4
e74d1547eb8dffcd01c3f8d40b97fe98
e9401ee31d45f02f0295ed5ffbfaf626
11f90a71e8710a2de3e1f9cf0940fe3e
f3ae1789fd77014d16c7fe741b121687
0a56e3fbfbb31ca0ed4cea511b5d0b3e
f192f5a3060905291dd307d8ee98091b
fbf4f1fde34bef941cf1086ffb7ef486
1178fb120be412bdf8b00459ec42f11a
1dd61b2a1803f2751595eb4810580992
fb4bea5feee90b4ae16f14d8008ef793
128ce7a2e7d2f859fe45f23018ace7a1
1ef4163918cd023e1e1b07921b851909
ea7dfa74eabb13ca15540947f6bbf60e
fbb1e41210b9fdeee891069605fcf730
e7e4f0b604c0f2760940fc3e13f31b4c
f9c4fbe411be0bdd0cbe108a15af09cf
0e48e88e0732fdfd16860310fe94f282
0a5dea40fd83e8f4e2551c7e0ca0fc25
f44ef2a403881356fe3915821956ef4a
e471f1570c66f2d8e70f0e1f0ce2e411
0e8416e907f50bc8f9fd00f6f19fed7d
e7d30b760f9614f9e7820726fc71fb03
18edfdf0ece9f274eda60e97e2b6fddd
fbee09d0e65ffe82e63ae88e1520158d
0fe3fd291c9e1eddf55efdcaf905f682
0bc209111a03f6971829fbc9e972f305
f405e6780823f74ef782e6e3e92c0f31
0932f3eae4e6e4ace916ef85fa510f8b
e495143b002bf57a1bfa11dd1bd415fc
06c50128f893e0c319af0dc51b2409aa
1ae1015c15140ae0f3461a53fa2df9a8
e2191c2310cffdd31b6719b2f132f23f
ea77ec2ae746fd460a8c04300d7f00d8
f0790e0d0f09f61e1e5419860ac60601
ff1bfd85e9f6ef8ce2fe142e14a4f4f5
1718036304a2fd661827e252e2bde1a2
0548fbcc01ba183beee0003de3aee651
e9c512b1e25716940cf0f692153feb43
09fd1be9fe631e380374017300f71bb4
fab104cc1e0c11530d80f9cdf345019b
0ce00f8f0bf318481484e13bec03ec5a
fcd0f676e49108e6ef8417610a67ffc4
fac6e789f3711c36013a0245e18ee450
e77ae612eb1e10c8f964f1c204eae782
17890b1fe60d09d3f56608a011e71847
fae7fdf0fd38eb81e321e9c8e2ac1e38
eb4518b51182ee9918aa143cf9700966
0db1ed10ea700f771b4af20b17b514bb
ee83f976ec89130c054ffeac0400e354
1a6b021efa8f165b11640443e24aeebf
01c8e876ed3e1bbf11c61a43fbde00ee
015de76be142e44f167010fb15d4e2ad
f9f7083ef5ef03eb0abd06b401c1ec09
0213e80c1907f502edac1b081562e2df
ebaf101bff920452000cebc20d4305a0
1508e5a4173d169ce20703080c7f046e
e7c1e3a00db3f116ffe5f39c0f15fc0c
f84ef8c4f7980a52ea171de40d2cec00
105006731b5908a815a412c0f86305a8
134ef9d8e816130ee65ff721e58aeebc
ffc40b9b15281657fd49090fe5d1eef2
f789f001023ae2e4edd5060a10cdf5d8
e2b4171611700ce80f8ae1450d9ae134
e97be4fefe3ee9521d840cfdeb74fb95
f14305cf07bbe4e21bc1e5def93a15f9
f51e0b4be484f05a0658062ff1b8ffed
0ceaff31150ced64f6781ab210fd0892
16a306c9e32af551149ef2d8ee3b0e40
1a46f57be47d195df08c0666f3f6fed1
f3371d080be7f921f13311c2143cfcd6
0759fb17016cf4f40fac19b41a2e09da
1106f4a801ecf8b70893f274f9701cde
f29f1722f8ed11a9f1a612cd13eff693
1865fb8def0d06adf3e3f2c317621d46
11880ff00d04e336fef1fd74f331face
e18fef0cf3a7ef56ec34f95ff2261609
eec31dc50f211bc4ead0ee6d155e109f
f6bae64813940a6afa62f2cded53037f
ef26efec15bde997ebab0d90e871e4c3
fc25057d04d3ffac0ad9fbd6f3101edd
e53613e301ef0b0509ed1879e94c0aea
0765ebd7e943fee4e26df207fa921ed6
057af6020e2a19beea9efa860f881d23
fad80742fb4df190140902d4f6dc0478
152c16bef2d3f8b2f1df0115f2650b99
f778136b1c89e6f415d8129ff875156c
ff45e983f7131d6cf328f59be5400572
05f8ec33142e1d77e9881681e6ea1548
1244e574164c04b0ecb60fdf057d080d
16baf2d2f78116e2e41209c8e4161a0f
f39fe5730f61fb53f249e66b16c4eb81
ee37fb54ed41fe48057e1ad3fd0ff74f
f7bb1ed709b5f5c5ed3b05880937fc02
1ba811c80e19f64afb3f09a20316e51e
114b1dcb15551b5dff81fb93fd84f778
f833f678e35c04b20b130d70f277123c
f9acef5e0b51187d0e0b13cd119f1b0e
1048e5110691f3e70f870dbeede3182e
f5ca05b7ed801d53ed4bf4c6f27e0424
e524049dfb440ece078e0ef2ec8df693
ebee00e9188610b7ecfe0ba71a821b7b
0d420d760ecee701f371f6e31d37044e
144015950b7d0879025b0932e2d00eda
0e300215072f1ee3121a07351444ff05
10f70c02edb2fd490f1ff6aaf479e1cf
10f3f8161cb90a6315961ecf0cecfabe
f4a7f6c60475e1e609c000f012d2ef84
0c7713d905980d80e686ffd7f486065b
0d1e109e1eb215a0023d18f61389f7f3
11bc0aadef8413c6f59eec83ea88e491
1bdfe6c0f05805f2183615c9e7b6f5d3
0aa9e67ff9ece4e1e7aff6e7f75ffec6
fa211590e94ae11cff3f1aca01c800dc
1c25fdedfa08ebb6ebff0287ef35f1d1
0456f59dfa34f7a7e2d1fc6f01491d4e
f8d0f86ae310fbfced89eaf1164af707
f2210fa5e4030e5ce636f76ffee8ed8b
14171d2bfb35f351f38913ca00961e96
0e2dfdadf3c6f995e459020917270a1a
f3b411880368f51deed0e9b5170d0cea
fff90dbb0be5e6baf8fa14b71b7b082e
f9abfe3306ef1cffe78afdd11c13007a
fe9b13490919fa97ed15e2c51d18ff90
11eff9acf14f0c78ea92f96bfd5ef288
039fecec1d9ae32d17fc177a0fcdea89
086cf3e1012bee57ed7ff1860eef0108
1c48174feee01d8a18680cd1f1f417cc
f0fef34e10b215ee0fd9f0fbeeb707b1
f2ed16c0048a0108f466173118dfe8f2
f854fc661536e2dfe54f06c1fe590c5b
e5e7fc260f9d11df03e30993e33a0d1a
1cb3fb8a181bf8c9123d18f70940e511
1504f85bf6bffd1cf852eeaaedd51b9a
e54cee5c01b21944ec1917cd1c6dedad
1283ede9fcc4e1dce96c09c3f7b414e0
f28ceebc1e90e7621bfb1aff1a5102f0
e81feb51e2b8eba514ed1c76f3e4e7c1
ed6d05c40c93eff504f70b9a1947e1d2
ec49fc040fb2151be7e2f68a0a74e71e
e74e0b3c0e4017bf0799fd520e461b42
0d08f98ff5acec1c1458e4eeed53f97c
e63f1ed4ed221996e9e1ecdd13f81017
0eeef3b51d48ec9f186510941166127c
e4030cfa0ac2045ce99df07afd2e1d69
017dee8bea471e5e1eb413b3f343e3ee
0d2be2b8fa26127ffcb5efc013ffe8d1
f94afdf3f0821d9ae8b41b23f4aeec90
fbd7138aec5b0dc3f4270c8a1796fc4e
e29dfae01929f57eff49f02809061273
ff64014af17914f2065ce135083fe517
e9c91858fbcbe457e0c5125e191801bd
138ff276f2a800e31f0d092e1e5112b7
0b9be82814a1e2bfe5941397f67a1e11
e61819fb07baea0514b71c9ee8bae9cf
ee4a1ab717620d480be6e8c41b02fc59
eaab08ea072eea41e90bea04142afa93
028ae66000b70576e6f7ef53ffed195a
07bae562e965f36e164c1a89fbb70358
1357ee63006df104e9bf055d08611b95
185af7a403bafa2215dde2ba0347e34c
ee5b18670acbe672f434fc29119d02c7
00da0f021386150b02e1ed2ce8ce0d80
0bcd0d90e4b71750f5a61866e8a01c42
07960da51349e36c16c71a92048e1f06
12f912ba17f90dd11f19f2431d7a15d6
0f26fb66e74f1a56f498fc900c261f1d
13f6026aeaad19e7ef6dfbe7fb540711
ec10e2c2e69febf2e13df731f7520e60
f8a3e23be8ae07fd1be30bbd02400c35
072e1926e65bea99ef9eead3f8a60234
ff9e10faf3dd19060c2f12c0ff1d12f7
fa0213030739e949fedf1d64f652f8f2
1099eb58ece209a20394f22f0298f116
0f2ce34710030904ef2107e41462f8f5
f7701d34fd1e13b80d7e0b1709470ea0
0b2fe0ef176ef74c1e4916ee1708e403
0b260d2ce9e4e3ffe0d014e2eb5a1457
0e7c07d9eabb0211ec3216adf1b0125c
127e1260077e0f80f66e1682ed5e0902
e8d90505e2f1e62fe60317140414f996
eb96e128eee31c0ff0c21b39fe4cea24
1f2dffff0ff1fd35e8bc021906c71a0e
ef620d240a4f072deca8e1aef7aae9d7
1ec218780f7a097ff437ebb3e8b5edd8
f9d10454e7ecff2a1dd91e4b19d7e12a
f320f012049c1949f5e70fe11f3af639
1053ebd5f68fea0f05cefb9715a0ee52
ef0eec020b3000d5f4f0f1870f2e169f
fe84f1c61a48068308c4ffcf13471614
19610c2c1cfefa99f045149d0309e162
0a03faa71525f228f559ec5cf1eef80f
1efcf485ee75fc381d6a07bc08ea06da
16101aab1c6c18beed2ae9af01f60265
e4640e71028fe769f6f4eec3ed12ebd0
0e5916b9eca01e7210221c5e063eee29
f9de16a4eb410a87fff3f56be6001eee
e2dc081d06b70b43e5d10bf916551242
ec1a1ad8f33e0cf9fc681c1319731ef5
e400e4ff1c691dcae1001ee1168df597
0de21200ec9ae503f7760672f7e5fd90
012be295161408ab1356fbe2ed360379
0d59e4eb03a71743ed72e394197015f7
ed6de20fedc71636fb101e50f8d3e2fd
ee8402730ae7fb220da6f8eaeca5f24d
118101ae0da01efae8f00d53f752f99e
ff52e2ac0b491f1212cd1969f52913d3
1c5bfe231551105eedbc19fee5760df8
0bd1e1aafcf9e531e52f1043e8ae0b84
1cdc0db1fbaffb47f6a804c3f142e5af
fbba0da4104ff2870d820846e1f5f3f7
04921a62ebe7f73df05e09ecf36f0d4a
0b1a077fe6230eca1847f2f7e709e5c9
e6f005a7f4c217c700c3e0da0d280f4e
1e9c0475f6c61b23ed1b1517049d0685
e857054313eaf9851ce0e867023ce913
e2c6efc1fd830d6c05830b5400a31ec4
f5f8e7001c4bf498e8a2f140f82de720
e77b1a3ce5d8076710e6f9e60a271c44
ebff09ea102afc2919d2e8c011ac1c10
047a1b51f4840dfcea96ec61f4910923
ee7bf527fc89f30407e8e5fa021a0b09
0309e6dfee7be413f4371ae707defb5c
06950f63102610ac064f101c1b94e806
edfa02d1e6931528eec0f976fb5e0414
f2e71beff35d1e1a014bfc9a1d45f74e
10351070f73b0a03f07f1a8bf58105f2
fff808c7eee31b73f812f2a002341cc9
ec0f1993ec120191fee91b27189b09dd
01db02ee0ff11314f1a5e6d3f3b40f12
1082052ffdf902e70fea19801d5900d2
0905e75c06fcf6d000e10cabecc80bbc
ecd8e851eb521160f85bfabe0b86f77c
ef9b137414f6fefc1e9107cc15e8ea8e
0b3d036507eae5b1e7f31a0800f7e8aa
f21cf83411dff294e196e512f4b8faf2
fce6e87b195bff85f0ce0186e3f91ebc
ea17e333137f1044f97ffd2605f2efcf
17fa1e1def2414a607030ba1e8a7eb4e
045e125b000212f00ab1fef90d49ed16
e151e6c8108e08921accf6a0f750e926
0bfef474fcfc196e11b8e365e475e30c
1788e4611bc9fa2802b9fddc12cdf222
1b0ff15fe229e588fb720dc6138a0b88
e46be730ffc21b3a045ee9f4186df2c7
f428e1c3eec5e62500971ef4fc81fe66
12c3166deae610d7eec5014f0eb21b1f
f641e82a003fea9bf3a1e54bf24cef13
fb7508c7fd2909dc1c631bf20e18f4af
fd291eb90edf129f0bfe10c1f3790d82
fe6f053307c00de5f1f012e30a91059e
00a2eddfee730da115b7f03dfd21f516
0871188717230036f78a0f8f0547e573
f0ac1dc6e56601edf1abe0cdee791da4
06701a49fa54fd4ae2011ee117ca163c
f8580e661ee1e8db16b8f8d6ee5c12b6
e619e9751ab8f8720e11f5dbe4a917a4
e74d1547eb8dffcd01c3f8d40b97fe98
e9401ee31d45f02f0295ed5ffbfaf626
11f90a71e8710a2de3e1f9cf0940fe3e
f3ae1789fd77014d16c7fe741b121687
0a56e3fbfbb31ca0ed4cea511b5d0b3e
f192f5a3060905291dd307d8ee98091b
fbf4f1fde34bef941cf1086ffb7ef486
1178fb120be412bdf8b00459ec42f11a
1dd61b2a1803f2751595eb4810580992
fb4bea5feee90b4ae16f14d8008ef793
128ce7a2e7d2f859fe45f23018ace7a1
1ef4163918cd023e1e1b07921b851909
ea7dfa74eabb13ca15540947f6bbf60e
fbb1e41210b9fdeee891069605fcf730
e7e4f0b604c0f2760940fc3e13f31b4c
f9c4fbe411be0bdd0cbe108a15af09cf
0e48e88e0732fdfd16860310fe94f282
0a5dea40fd83e8f4e2551c7e0ca0fc25
f44ef2a403881356fe3915821956ef4a
e471f1570c66f2d8e70f0e1f0ce2e411
0e8416e907f50bc8f9fd00f6f19fed7d
e7d30b760f9614f9e7820726fc71fb03
18edfdf0ece9f274eda60e97e2b6fddd
fbee09d0e65ffe82e63ae88e1520158d
0fe3fd291c9e1eddf55efdcaf905f682
0bc209111a03f6971829fbc9e972f305
f405e6780823f74ef782e6e3e92c0f31
0932f3eae4e6e4ace916ef85fa510f8b
fff7fffb00010007fffdfffdfff9fffd
fffa00090000fffcfffb00030002000a
0003000300090003fffb000900030006
000afff60005fff90005fffdfffefffc
0004fff8fffb0000fffc0008000a0007
fffefffafffffff8fff7000000010009
fffd0000fff6fffc000600030000fff8
0005fff90007000a0006fff6fff60004
0008fffffffffff90006fffdffff0004
0005fff70008fff9000800030003fffc
00080009fffdfffd000afffcfffb0003
0006fff8fffefffefffdfffc00060007
000a00010002fffe00010008fffafff6
fffffff700020007fffe000600060005
00030000fff70005fffb0002fff60005
0007fffdfffd0003fffd0000000a0005
fffdfff90007fffe0000fff6fffbffff
fff9fffefff9fffa0007fffbffffffff
fff7fffcfff7000afffbfffefffefff9
00080008fffd0004fffffffe0005fff7
0009fffbfff80004000800000002fffc
fff9fff60002000900050007fffd0009
00080005fffd0006fff70002fffe0007
fffe000500050006fffc0000fffb000a
000600060009ffff00080003fffb0009
fff7fff8fffd0005fffffffc00080006
0000fff8fffffff7fff70003fffd0004
0001fffffff800070009ffff0003fffe
fffdfffc0007fffa000600000007fff7
000afff80007fffc00020002ffff0005
0000ffff0006fffefffefff9fffffff8
fff900020001ffff0007000a0004fff7
fffd000100030000fffffff8fff9fffc
fff90009fffdfffffffe00030000fff6
0008fffc000700060007fffefff80003
fff800060002000900070001fff80005
fff6fffc00030008fffa00010009fffd
fffbffff000900040007fff70002fff9
0005fffc000800000004fffc0009000a
000300070008fff70004fff7fffb0002
00090007000afffafffb0008fff60004
fffcfffbfffc0001fff7fff70003fffa
000200050008fff8fff9fffc00080000
0001000200030008fff80006000afff6
00070003fffefff7fffe0006fffd0003
fff6ffff0004000a00040008fffcfffb
fff8fff6fffbfff70000fffdfffcfffa
fffe00020003ffff00070006fff8000a
fff8fff60006000afff80007fff7fff9
fffafff6fffefffbfffc00090000fffc
0006000100080008fff7fffcfffafffd
fffafffcfff7000a0006fffd000afffb
000afffe00090001fffcffff0009fff9
0007fffffffb0009fffa00050002fffa
fffa00070005fffc0006fffd00070008
000a0003000800020006000500090002
fff6fffafffd00020000fffdfffafffd
0001fffdffff0007fff80005fffa0008
fff80006fff8fff600090009ffff0005
00040008fffdfffffffefffdfff8fffc
00070001fff70008fffd00080000fffc
0008fffbfffffffc000affff0009fff8
0002fff7fff7000200040003fff7fff8
0006000700090001fffd0003fffa0004
0004fffdfffc0009fff7fff600000004
00010008fffd000300050003fffdfffb
fff800030001fff9fff800090007000a
0006fffa0008000200020009ffff0000
fffafffcfff8000500050001fffcfff9
fff80006fffa000000040006fff90000
fff7fff600050003fffbfffffff6000a
ffff0001000000090000fffcfffcfff8
000300020004fff9fff800000004fffe
fff8fff60005fffa0000000affff0005
000700010001fffa0001fffefff6fff6
0005fff80003fff90007fffefffc0002
fffd0007fff600000005fff6fffa0003
fff7fffffff7ffff0000fff8fffbfffa
000300070003fffdfffafff6fffb0009
fffd00020006fffd00000003fffe0007
00060003fff80004fffffff60004fffb
0001000afff60008fffb00020008fffc
fffcfffd00020002000400020003000a
000200010008fffe000a000100050006
fff7000afff9fffcfff8fffc00000006
0001fff600050005000200040009fffb
00090008fff60000fffffffe0000ffff
fff80001000500030009fff900070003
00040008fff700040005000800030007
00040003000500060007000300030005
fffbfffbfffb000affff000900090006
0009fffbfff70009fffbfffe0002fffc
00030009000500050002fffafff8ffff
0001fffc0005000900090005fffcfff9
0004fff6fff6fffbfffbfffefff60007
0007000000080005000a0006fff6ffff
0008fff700090006fffffff80001ffff
000300020007fffb0000fffafff9fff7
fffdfffe00080005fff90003000afff8
fffa00030009000a0009fffdfffcfffe
fff9fffd00080008fffefffc0008000a
ffff0006fffafffcfff700080007fff9
000a00030000fff9fffefff7fffdfffc
fffe0000fffc000afffe0007000afffd
0007fffbfffb0002fffaffff0008fff6
fff60000000900030006fffc0009fff9
fff6000a0006fff60003000000080003
00010000fff7fffffff700000004fffb
000900060004fff800060001fff80004
fffc0009fffcfffefffa000a00040000
000afff6fff7fffb000100070009fffc
0007fffd0009000afff9fff7fff60004
0009ffff00050003fffafffd00030004
fffffff8fff7fffc0007ffff00030008
fffa000300070005fffbfff90004fffa
00000005fffffffd000200090002fffc
0002fffffffbfffc0005ffff0006fff9
fffefff6fffc0000ffff0001fff9fffc
fffc000400070009fffb0001fffb0006
fffafff90009ffff0005fffefff60005
00050000fffd00030008fff90005fff9
ffff0009fff7000600020001fff60007
0005fffafff8fff80002fffb0003ffff
fffbfff7fff9000900030009000affff
00010000fffa0004000400090002fff9
fff9fff6fff6fffe000900000000fffe
fffc00040007fff7fffa000200080007
fffcfffffffffffb0003fff60002fff8
00000006fffefff70005fffe0001fffa
0004fff70001000200050008fff7000a
fffdfffc0007000a00040006ffff0001
ffff000afff7fff70005fff60004fff7
00090000fffcfff8fffe0007fffafff7
fffe0006ffff0006fffcfffdfff70005
fff6fffcfffb000a0000fffbfffa0000
000100090004fffdfffbfffbfffefff6
fffa0005fff80004fff7000afffaffff
0004fff8fff90009000100040004fffa
0004ffff0007fff60001fffc0000fff6
000afffb00030004fff9fffe0009fffa
fffb0002fff90008fffeffff00010007
0009fffb0003fff800040009fff80002
000000040006fffb0004fffafffafff7
0005fff8000a0007000a0004fffafffd
0000fff9fff7fff9000a0002fff60006
fff7fff60007000afff8fff60007fff6
fff900080007000500060000fff70008
0002000a0005fff70006fffafff90001
00060006fff8fffffffffff9fff9000a
fffcfff6fffa0007fffcfffd00070003
0003fff9fffefffbfffa00040007ffff
000a0004fffbfff6fffefffd0002fff8
fff8fff70008000afffa0000fffdfff6
0007fff7fffe00080003fff7fff7ffff
0006fff7000800030003fff800050006
fffe00060001000afff8000300050001
0003ffff000200040000fffc0009fff8
0008fff7000afff90001fffb0004fff7
fffc0004fffefff9fff8fffc00090002
fff60005fffa0006fffffff90006fffd
0001fffe0002fff80005000800020003
fffdfffcffff0004fff90008fffefffa
fff6fffdfff60009fffc00090000fff7
00050002fff600020002fffdfffeffff
fffc0003fffafff60004fffbfff6fffd
fffd00040006fff600030001000afffe
fff600050005fffefffe000800030007
fff6fff7fff8fffc0001fff6fff60001
0005fffdfffffff7fffc0004fffdfff8
fffd0001fffafffafffb0006fffc0005
000a00060003fff9000500040000fff7
fff9fffa0002fffdfff80009fffb0008
fff8fffe00010008fffc000600050004
fffe0006fff70009fff6fffbfffc0008
fff80003fff8fff6fff7fffcfffffff9
fffe000700080000fff9000200040008
000a000900060004fffcfff9fff70001
0004fff80003fff70008fffffffffff9
fff8fffb0007000500060001fffd0008
0005fff70007fffc0000ffff0007fff8
fffa0008000afffb000afff6000afff7
0009fffffffc00040007000afff7000a
fffa0000fffefff8ffff000800080008
00040004fffd000afffb0000fffd000a
fffafff6fffafffafff6fff70000fff9
fff80000fffc0006fffffffd00040001
fffc0004fffdfffa0003fffffffefff6
fffdfffb00070005fffefffffffc0004
00030003fffbfffefffbfff700010006
0009000600000001fffb00060007fffd
fffcfff8fff90008fffc0008fffa0003
000000030003fffd000800010007fff8
0009000100060008fff9ffff0008fffd
0002000700050007fffc0004fff7fffd
fffb0002fff800070000ffff0009fff9
fff6fffbfffd000500020006fffbfffe
00020001fff9fff70002fffb00040001
00030002fff80002000afffa00050001
fffbfffc0007000900030005fff7fff8
0007000900030008fff7fffe00080005
fffefffafff700080002fffd0006fffc
0002fffefffcfffcfff70004fffffff6
fff9fffdfffefffffff8fff8fff6fffa
0005000700060003fffefff80008000a
fffb000200060009fffffff7ffff0009
000500060001fffdfff8000600050007
fffefff6fffefffdfffafff80009fffa
0001ffff00010009fffafffd0006fff9
00050006fffb0003fffcfff90001fff6
0009fffc0004fffc000afff9fffa0005
0007000500070003fffafff6000afff6
fff7000100030006fffa0001fffb0006
fffefff70006000400070000fffb0007
fff800040009fffa0009fffb0005fff9
fffbfffd0004fff9fffb00070001fffd
fffd00050002fffbfffafffcfff7fff8
fff9ffff00030007fff80004fff60008
fffafff7fff6fff700090006fffafffa
00030005fff9000a0003fffb00080007
0005fff6fff700090004fff9fffa0008
0009fffa0003fff70003fffdfff70008
fff80009fffa000afffbfff8fffbfffc
000afff7000600040000fffefffe0006
0006fffb0006fffafff9fff80000fffd
000a0002fffffff600050001fffafff9
fff9000700090005000300050006fff7
00080002fff900020001fff9fff6fffc
000600040002000000040009fff70000
ffff000afff8fff7fffefffd00000002
fff800030005fffb0001fffa0004fff9
fffd0007fff9fffb00050005fffdffff
fffffff90003000300090000ffff0006
00020001fffc0008fff90009fff60006
000a0007fffd000200030008fffa000a
000a0001fffe000a000200050004fffe
ffff00080002fffdfffb00050005fffa
00080008000800070002000a0002fff8
000afffcfff70008000700020002fffe
00040008fffd00000008fff9000a0000
ffff000100080007ffff0001fffa0006
0004fff8fffffffe0004fffe0000fffb
fff600080006000afffc0000fffd0007
fffffff70003fffc000200010000000a
fffb000600060007fffe00040005000a
fffb0005fffdfffa000500090005fff8
000400010006fffe000200070002ffff
fff7fffa000300010003fffefffc0001
00050005fffe00070009fff9fff70004
fffe000000050002fffefff6fffd0006
fffe0006fffc0007000200020001fffa
000400090007000700050000fff90002
fff6fff700010005fff8fff8fffb0001
fff9fff9fffcfff6fffcfff7000afff6
0002000200060004000afff6fff90009
fffe0003fffffff70006fffd0004000a
0001fff7fffcffff0003fff6ffff0008
fffd00080003000500030000000afffc
0002fffa00070003fffafffdfffa000a
0007fff8000000000002fff70006000a
fff90001fff800050005fff60009fffd
fff9fff9fffefff70004fff700070003
fff7fffa0003fffc0004000700090006
0002fffe0006000a00010000fff70002
000200060004000afff70003fffd0007
fffc0005fffefffd0002fff900050007
fff7fff90002fff7fffffffdfff60007
000900060004fffafffdfffefffefffa
fff70001fffdfffbfff6fff7fff6fffd
000800010005000a0003fff800070008
fffafff8fffcfff8fff9000400090009
fff900020006fff60007000a0001fffa
0004fffffff900070006fffafffbffff
fffc00080003000afff8fff7fff70000
ffffffffffff0009fffefffefffdfff9
fffbfffe0004fff8fffafffd00000001
fff70008000a00030005fff7fffcfffe
fff70004000a0006fff9000100080009
000500070007fffffff6000800010005
ffff0004000a000a000000010003fffc
0009fff70009000900030003fff70001
fffc0000fff7fffbfffcfffa0004000a
0004000a0006fff800010001ffff0003
0008ffff00030008fff6fff8fffd0001
fff80008fff8fffafff9fff70000fffe
fff9fff60002000300020008000affff
fff90004fffc000afffffffdfffb0007
fff7ffff000600080005000a0003fff8
0003fffb00000005fffffffffff9fff9
fffdfff6000a0009fffbfffe0009ffff
00060004000a0000fff600060000000a
00020009ffff0009000a00080006fff7
00030003fffb00030007fff900040007
0001fff6ffff00050000fff9fff90000
0000000700040007fff6fff700080002
fff90002fffafff900030008fff70003
0008fff9fffbfff800030003000a0001
00050004ffff0003fffbfffe0004fffd
0009ffff000400060005fff9ffff0009
0006000afffc000800070004fff70002
0000fffd0002fffbfffafffdfff60001
fffa0007fff8fffb00040004000afffb
fff700060004fffe0007fffefff80003
000afffbfffc00070003ffff00030009
0008fff7fffc00080001fffdfffc0003
00030001fff600080006fff700080004
0009fffafffa0001fffa000200000008
0007000700060008fffb000a00020001
0000000afff6fffbfffefffa00060008
fffc0001fffe0003fffb000100020009
fff800080006000a00070001fff9fffb
fffa0002fff7fffffff600070005fff6
00000000fffcfff9fff7fff8fff8fffb
0002fff600060008fff9fffcfffd0007
00060000000afff9fffe0001fffe0003
fff6000100090009fffe000000080002
fff70006fffbfffc0002fffd0002fff7
000afffd0006fffbfff7000800020000
0002fffafffafff900010009fff6000a
fff8fff7fff7000a0001fffdfffb0009
00020004fffcfffb00090008ffff0009
0001fffd00090009fff70001fffe0003
fff6fff8fffefffb00010000ffff0004
0001fff90005fffcfff8fffafff9fffa
0006fffb0002fffcfff60000fffb0009
ffff0007fffb000afff9000afff9fffa
0003fffefffb0005fffc000800010005
fffdfffcfff600060009fffd00080001
fff80006fff7fffc00010001fff60003
fffafff8fffafffcfffb0000fff8fff8
0008fff60006fff60007fffe000a0007
fffa0007fffdfff8fff90008fff6fff8
000300060007fff9fffa000200060004
0007fff900080004fffc00020002fff6
fffbfffc0005fffc00070007fffbfff9
000900060005ffffffff0002fffefff7
fffffffbfff7fffefffe00090003000a
fffffff600060009fffafff70003fff8
0008fffdfff900030007fffcfff6fffc
0006fff90005fffc00060000fffc0001
000a00000005fffc0003fffdfff90009
0004fffdfffcfff800010007fffefffa
fff6000900010009fff8fff90002fffa
0002000700060005000afffa00010001
0000fffd00050008fffafff80006fff9
000a0000fff6fffdfff7fff700030008
0000fffefffdfffafffdfff8fff8fffe
fff80003000400050006fffcfffc0008
0006fffdfff80001000500040005fffa
fff9fffafff8fffcfffcfffa0000fff7
fffa00010005fffb0002fff80005fff9
00010004fffc000afffafff9fff80002
000000030001fff7fffdfffe0002fffe
00010008000200010005fffbfff9fff8
fffdfffc0007fffbfff9fff7fff60006
fffdffff0005fffc00020003fffb0008
fffafffcfffbfff7fff6fffffffbfffd
ffff0004fffa00070008000400070004
fff7fff6fffbfffafff80000fffd0009
fff6fff80004fff90002fffbfff6fffb
0000fffd00080002fffa0001fffbfffe
fff9fff9fffdfff600010008fffc0008
fffcfffbfffb000a000afff70004fff6
000000010004fff70008fff800010001
fffbfffefffefff8fff9fff90006fff6
0000fffe000200010009fffe0006fffe
00020009fffdffff0001000500020007
0003fff80002fffbfffcffff0002fff8
0001000000060006fff9fff7fffc0001
fffafffb0004fffe00080003fffa0000
ffff00060002000300040009fff7fffe
fff7fff6000a0003000a0000fffffffa
fffd0004fff7ffff00080008fffbfff6
000300020005fff800060001fff70004
fffd000a00020001fff7000000090008
fffb0009fffd000a00070001fffefff8
0001000500090008fffefffb000afff9
fffa00020007fffffffdfffc0009fffe
0000fffa0000fffd0002fffa0000fff6
0009fff800010002000afffefff6fff8
ffff0002fffefff70006000a00070001
0005fffdfff9fff70007fff7fffbfffc
0003fff700030004fffefffcfffc0002
0009ffff0003fffb0005fff600050004
0000fffffff6000900070003fffaffff
fffc0000000300060003fffe0002000a
fffa00070001fff7fff700000004fff9
fffcfffffffa000200060006fff60004
fff60008000100030003000400090006
000a0001000afffcfffafff6fff7000a
fffdfff8fffcfffefffd0000fff8000a
00070007000800000004fffb0006fffe
000afff8fffe0002ffff00060004fffd
0009fffefffcfffc0007000700070006
000000040004fffffff600010003fff8
0006fff8fffb0000fffafffafff9ffff
00050000fffc0008fffe000500020001
fffd0008000a000300070002ffff0002
000500010001fffc00080001fffafffe
fff8fffbfffdfffdfffc0001fffe0007
fffc000a0001fffffff6000500050005
00050001000600050000fff90003fff9
000500000003000300070002fffc0003
00090008fffbfffa0006fff60006fffe
fffbfffe0000fff7fffa0002fffb0001
00030009fffafffd0002fffcfff8ffff
00010000000400070001000600000008
fff6fff9000100010008000700050007
0002fffa00040003fffffff70006fff9
fffc00010008000600010005fffa0005
fff9fffbfff9fffefffbfff9fff8fff6
000a0007fff80008000900000002fff6
fff6fffcfffe000700090006ffff0001
fff6fff60001ffff00020008fffefff9
fff7fffafffd0001fff9000afffd0001
000afffe0002fffefff7fffa00040005
fff900010009fff60001000a00030007
000900020009fff900060007fff6fffc
0007fffcfffdfff7fff7000afff8fffe
0005fff8fffdfffe000500070008fffd
fffffffc0001fffc000700010004fff8
00020002fff6000000050009fffbfffa
000100060002fffafffcfffa00000005
fff800010002fff60001000300050009
fff8fffc00020002fffcfffcfffb0008
0002fffe000400010005fff90000fff7
0006ffff0001fff8fffe00090005fff6
00000002fffffff6fffffffe00020001
00000005000afff8fffd000200060003
0008000000090008fff90004fff8fffe
000afffe000afff900060007000a0004
fff600010007000afff7000afff7000a
000afff7fff7fffdfffe0006fffffffb
00020006fffefffafff900060004fff6
fffefffafffcfffefff8fffffff9ffff
fffdfff8fffb0006ffff00010001000a
fff90000fffffff9fff6fffcfff90002
000afff6fff60006000000030004fffa
fff600030009fffcfffe0007000afff7
fff7fff7fff6000200030002fffb0003
000800060001ffff0009fffdffff0007
00010004000900030002000200010001
0009fff900060004fff9fffb00060007
fffb0001000800050005fff7fffffff6
ffff0000fffbfff700040003fffa0003
000700020000fff7fff9000200050002
fffe00050000fffa0004fff9fff9ffff
0000fff90008fffa0002000800080005
00040003fffafffffffafff9ffff0000
fffa0001000a0002fff9fff700020009
fff80000fffb00090008000800050009
00080000fff8fffa00070002fffa0000
fff7fffdfffafffcfffd0006fff8fff6
fffaffffffff0007fffe0006fff6fffd
fff6fffffffc00090004fffefff8fffa
fffe00070003fffa00060006fffffffc
0009fff70002fff80003000100020009
000400010005fff9fff6ffff00040005
fff900080007fffd0006fff70001000a
fff8fffffffcfff80002fff6000a0005
fff60009fff9fffc00000009000a0002
fffffffb0003fffefff9ffff0004fffb
0000fff8fffd000afffdfff7fffffffc
fff80008000100020005fffa0005fffb
00070001000a00020000fffe0007fffb
0001fff60004000700060005fff80003
ffff0003ffff0003fffdfff9fffcfff9
ffffffff0009ffffffff00030008fffd
00060004fffa00010002000200050005
fff6fffc0005fffa00080004fffa0006
00060006fff700090001fffe0000ffff
fff600000008fff6000afff80002fffc
00070006fff80009fffbfff6fff9fffc
0004fffd0000fff6fffd000100050007
00030004fff90001fff7000700060001
00090004fffbfff9fff7fffcffff0001
0009fffe0003fff9fffbfffe00020001
fffbfffafff800070002fff6fffe0006
0000fff9fffa00020004000afffa0003
0000fff70007fff8fffe00030005fff6
fffefff6fff7000a0006fffcfffd0005
fff8fffa0001000a00010006fffb0005
00010003000300070008000a00040007
0007ffff000a0003fff6fff9000a0005
0008fffffffdfff600040000fffc000a
fff7fffc000affff00010009000afffa
0006fff7fff70000000a0004fffbfffc
00040009fff9000a00060000fff70008
fffe0006fffb0008fff8fffafffb0005
0004fffa0003000100070009fff90003
0005fffc0002fff8fff6000a00070008
000400090008fffefffb0007fff60003
fffe00000007fffdffff0006000afffb
0002000a0007fffc0002000900050002
fffe0007fff7fff9ffff0000fff80003
fff60009fff8fffc0009fff7fffd0006
00050007fff7fffd0000fff7ffff0008
000a000400080001fff7000600010002
fffcfffe0003fffffffbfffffff7fffa
0009fffc00020005fffe0008fff90002
fff6fffffffafffafff9fff7fffffffe
0002fff60000fff7fff60008fffdfff9
fffa0007000600020009fff8fff6fffc
0003fff6fff8fffc0009000afffb0001
0004fff80009fffd0005fffc00040005
00050005fff7fff7fffa000500060007
fffd00080002fff9fffbffff000afffa
fffafffcfffaffff00010005fffb0007
fff600030008000900080009fffa0002
0005000700060005000800070000fff8
000000090008fffa00030001fff90003
fffbfffbfff900000000fffcfff60003
fffefff900040007fffe000500030008
fffb000600050008000500000001fff8
0007fffcfffcfff8fff60003fff9fffb
0008000afffd0006fff7fffcfffffffb
00080002000000050006000700030009
000400040000fff60008000500000008
fffb0006fffdfff900050001fffc0001
fff6fffd00010000fffcfffafff8fff6
fffe0006000800080009fffffffdfffa
fffffff6000100090007fff60001000a
fffb000700050008fffefffffff8fffa
fff7000800060001fffc0000fffdfff7
0004fff90009fffd00010004fffcfff8
0000000afff8fffd0009fffb00020001
fff70009000000070001000a000afffb
0006fff7fffe0009fff7fff6ffff0001
00060003000a0004fffafff8fff80002
000afffe00010006fffffffffffefff7
fffafffefff7fffe0003fffe00030009
ffff0004000900090001fffafffe0004
0004000afff8000a00040004fffc0006
0001fffa00020006fffe0006fffafff7
0005fff9fffcfffb0002fffe00000002
0009fffa0006fffefffe0004fff7ffff
000a000500030008000a000800000004
fff80009fff8fffd0007000800000002
fffd0000fffd00010001fff900050008
fff8fffe0006000100030008fffdfffa
fffcfffb00030009ffff000600050008
0000000500040009fffa000700020007
0000fffafffdfffefff9000100080002
fffa000a0009fff700090000fffefff8
fff7fffafff60003000700010003fffb
0002fffa000afff7000800040001fff8
0005fffcfff7000400020007000a0003
0009fff8000400050005ffffffff0009
0006fff8000600060008fffbfffd0000
fff6000600010002fffdfffcfffb0004
0009fffefffcfffc00040002fff70003
0008fffefff70006fffa000900000000
000afffa0004000700030007fff7fffd
00070007000afffa000400060002fffd
00000004000afffa000100000002fffc
fffe0009fff9fffffff8000200090000
00090003fffffffd0006000900020008
fffafffa00070001fff90004fff7fffc
00070002fffdfffcfff7fffe000a0001
fff8fff9fffa0009fff8fffbfff9fff7
fffbfffffff9fffa00030009fff60005
fffe0003fff7fff9000a000300090008
0008fffefffc000600030002fff90002
fffafffdfffffff9fffe000a00030007
0004fff6000a0009fffafffb0003fffa
fffcfff6fffe00010005000300000004
00030001000afffa0004fffffff9fff7
0005fffffffdfffe00010009fffefff8
00060009fff8fffcfff8fffefffdfffc
0008fffe00060006fffbfff80004fff6
fffe0001fff90001fff90005000a0009
000afffffffd000500090003fffc0002
0007fffdfffa0008fffd0009fff9fff7
0008fffd000700020004fffdfffa0001
fffafff9000400080001000300040009
000900080000fffd00020002000a0004
fffbfff70006fffefff700090008ffff
fffa0007fff8fffefffffffafffb0009
00010007000100090006fffafffb0004
ffff000500090008fffbfffdfff90002
fffbfffefff8fffc0007fffc00050006
fff90009fffd0004fffdfffafff60002
00080000000700090007000500070001
fff80008fffd0000fff700090006fff7
000afffe0007000200040009fff80008
0002ffff0005fffdfffb0001fffefffb
fffa0000fff8000800080008fff9fff6
000500070003fffb00010002fff80002
fffdfff9fffbfffb0000000900050003
0005fff60006fffafffefffbfffbfffc
000000040008000a00080005fffdfffa
fff80006fffaffff000afffb0007000a
fff7fffefff8fff60003fff6fffc0007
0001000600040003fffc0003fff7fffe
fff7fffafffdfffa0009fff9fffc0002
fffd00060007fffcfffefffcfffdfffe
0004fff800030008000800040000fffc
00060006fffafffa00060000fffd000a
0008fffbfffdfff7fff6fffd0002fffa
fff9fffcfffefffa0007fffffffbfff9
00030004fff9fff9fff8000400070009
00040008ffff000200050004000a0009
000200070007fffa0001fff8fffafffa
0005fff7000a0006fffffffcfffffffb
00080002000500080006fffb00030006
000700080004fff7fffb0006fff7fffe
fff7000afffe0007fff9fff600020001
fffffffc0005fffe0006fff8fffefff8
0006fff7fff90005fffefffd0007fff7
fffc0005fff60001000200000008fff6
000500090007fffb0000000000010001
00000004fffdffff00010007000afff9
fffd000200000000fffffffe0009000a
000100000004fff7fffc0005fff90002
ffff0007000400070003fffaffff0007
fff7fff8fffcffff000a0004000afffe
fffefffcfff7fff9fffd0002fff60000
0000000700060002fffafffd00020003
000affff000a0007fff70005fffd0007
fff6fffe0006fffe00040008fffd0006
ffff00090007fffefff8fff6fff9fffe
0009fffa00000004ffff00050000fffe
fff9fff9fffafffb000600050006fff9
000a000a000900020002fffb0006fffb
0004fffa0005fff9fff9fffbfffa000a
00090000fff8fff60009fff80003000a
00030009fffbfffb0002fffffffbfff8
000400080003fffdfff9fff6fff90000
fffc000a0007fff70000fff8fffffff9
fffe000a0006fff6fffc00040002fff6
fff9000700040003000afffb0003fff6
fffa0004fffc0005fff70000fffb0009
00070005000100060002fff60005fff8
0008fffe00010007ffff0001fff9fffd
0003fff80003fff6fff90007fffbfffb
fffcfff6fffe0009fffffff6fff90003
0005fffffffb0005fffafff9fffffff8
fffdfff7fff6fff800080001fffa0000
000100090009fffe0003fffefff60007
fff8fff8000afff60003000200070009
0003fff900040009000900040005fff6
fffffffefff8fffdfffbfffb0005fff7
fff7fffefffcfff9ffff00010000fffa
0003fff6000afff800050006fffcfffc
000900070005fffa0004fffd00050008
0008000afffbfff60005fff7fff8fffd
0006fff9fffa000100030009fff80001
fff7fff9fffe00080008fff800080007
0009fff60002fffd0001000200050001
fff6000500080001fffffffb00020004
fff70000ffff00030006fff90006ffff
fffefff7fff7fffa00000004fffb0006
000a0001fff9fffb0003fff600040007
fffefff90002fff6fff8000200030003
0003fffffff90005fff6000700040000
fff8fff8fffc0007fffa0009fff90003
ffff00080002fff9fffafff7000a0004
fff6000800020004fffa00040001fffc
fff8fffb0009fffb00020008fff9fffa
ffff0008000afffbfff9fffa0006fffa
00060006fffc0005000a000900090002
000afffcfffbfffefff60004ffff0001
0000000800020001fffb000afffdfff6
fff7fff9fffc00060007000afff80002
fffa0003fffc00010001fffefffdfff6
0001fffffffd00060001fffeffff0005
0002fffbfffe0003fff6fff60005fffc
fffbfffd0000fffffffafff600080002
0008fffd0007000300010006fffb0009
fffefffb0008fffafff70001000afff7
000a0007fff7fffdfff8fff6000afffc
fff6fffbfff9fff8000400050004fffc
000000010008fffc00040006fff70000
000900040001fffc000afffe0006fffd
fffffffe0001fff8fffbfff700030005
00040007fff60008fff7000100070002
fff7fffc00040008fffb000affff0001
000700080008fffb0002fffd00030009
0004fffbfff900070002000400010008
0007fffefff60001fffe00060003000a
fffbfffc0003fff60009fffafffefffb
fffafffe00010002fff6fff7000a0004
fff90002000000000008fff7fff7fffd
fffb0002fff7fffefff8000600050004
000a00000005fff80005000300080002
0005fffcffff0000fffbfff7fffe0000
00080001fffa000a00090009fffcfffe
fffb0001fff7fff60005000500050002
00030002fffefffffffefffc000a0008
0005fff60006fff700020008fff70009
0001fffb0002000700060000fffa0005
000affff0008fffdfffafff6fff9ffff
fff9fff8000a000a0002fffb0004fffc
0002000000090009fffcfffafffafff8
fff8000800070003fff80003fffd0001
00080006fffe0000fffbfffcfffafffa
fff800060006fffbfffc000400020008
0003fffb0007000500080003fff9fff9
0006fff8fff7fffb0008fffdfffffffb
0005fff900070000000000090009fffe
fffefffb0000fffa0002fff8000afffe
0003fffc0000fffa0000000a0003fffa
fffbfffb00020009fff9fffcfffdfff7
fff9000300070006fffffff800030008
00050003000100050001000a00010005
fff9fffbfffafff6fff60003ffff0006
0003fffdfffd0008fffe000000090002
00050006000200050002000700090001
fffafff6fff6fffc0000fffefffafffd
fffffffd00010009fffbfff7fff70000
fff60008fffcfff6fffa00020001fffb
00060001fff70001ffff0005000a0002
0009fff80009fff9fffaffffffff000a
00070008fff8fffd0007000800040008
0001fffa0005000afffffffefff6fffa
fffcfffafff700000001fff8fff70002
00050002fff90006ffff00090000fffe
0008fffffff8fff60005fffa0005fff6
fff700060006fffc0007fffcfffa0008
fffefffefff7000afff60008fffcfffe
000200080005fffdfff6ffff00010004
000a00010008000afff7fffb0008fffd
0003fffd00010002fff9fffc00090007
fff8fff90000fffe0006fff900050004
000a0001fffd0009fffd000600080003
00050004fffa00050000fffb00060007
fffefff90002fffb0002fffd0008fff8
fff6fff900080006fffafffafff70006
fffbfffb000a000afffa0003fff9fffc
000afffdfffe0001fffc000400050007
fffafff80005fffb0007000700000009
fffb00040000fffd0009000000010002
fff7fff6fff9fffcfff6fffdfff70009
fff70008fff7fffd0000fff900040009
fffd0002fffdfff7ffff00000000fff6
00060004fffdffff00020009000afffd
fff9fffb000200080002fffa0000000a
fffa0006000a0000fffb000afffafffe
fffcfffafff60009fffc000900020006
0000fff7000a0006000a000afffffffc
fff9fffdfffb0003fffc000afff80004
0009fffffffb0002fff9fff8fffd0009
0003fff7fff9fffdfffbfff9fff7fff7
fff6fffffffcfffafffe000500040005
0006fffafffe0009fffefffafffb0005
00040006000900080002fff800070008
fff80000fffe0004fff70008fff80003
00050000fffdfff70001fffa0005fff7
000afffe000300040000fffb0000fffa
0003fff6fffe00050001fff900040000
fff60001000500010006000500060001
0001fffdfffcffff0002fffa0007fff9
fffdfffc0004fffefff80009ffff0007
00000006fffbfff9000400070008fffa
000900090008fffcfffe000100020002
0007fffc000a000a000100060006fffb
0008fffd0000fffe0003ffff00080002
000200010004fffd0002fffa0003fffb
00070007000afffbfff8fff6fffcfff6
0004fffe0004fff7000400080006fffb
0005fffe00070006fffa000900000000
00090008fff8fff700000005fffb0004
00070004fffdfffcfffbfffdfff8000a
000a0005ffffffff0001fff80003fff9
0005fff6000900060001fff7fff70002
00090001fffd0006fffdfff6fff90005
000700080007fffcfff9fffe0001fffb
00070006fffc00090000fffefffa0001
000500010001fff9fffcfffc00040002
000400070006fffffff70007ffff0003
fff70005000a000a0009fffbfffe0003
00030007fffdfffa0007fffcfffafffe
fff9fff8000300080007000500020003
fffefffb00090007fffa0001fffe0004
00010001fff9000afffefffd00010007
fffafff8fffffffd000200020001fff7
0008fffb0003fff80001fff7fff80000
0003fffd0006fffe0000fffd00060009
0005000a0002fff70004ffff00050009
fffefffe0001fffffffd000a00040006
fffe00000009000afffe000afff80008
fff900060004fffafff8fff900050003
fffbfffe00000004fffafff7fff70008
0000fff7000500000007fffc0001fff6
0002fffafff9fffa0000fffcfff90009
fffdfffb0004fffa0005000afff8fff7
0002fff9fffc0006fffffffafffdffff
0000fffdfffcfffd0009000700080001
fff70001000100010006fff7ffff0003
0006fffcfffb0008fffafffdfff6fffc
fffcfff6fffafffa000700000007ffff
fffafff8fff9fffe000a00080009000a
0001000000060001000400020005fff8
000afff80007000100050001fff70005
fffa0004000200080001000afffffff9
000300030000fff90002fffb0003fff6
00010001fff70007fff6fffe0008ffff
fffe0004fffd0004000afff60008ffff
0000fff6fffd000500070002fffd0003
0006fff80001fffd000500000008fffc
0005fff7fffa00050004fffc00030001
fffffffefff90007fff8fffa0005fffb
fff9000500060004fffcfffcfffeffff
fffe00010003fffc000900000000fff9
0002000afffefffd0000fff600090007
0005fffe00050000fffffffb0003fffe
fffdfffa000a0002fff900040004fffe
0000fff90006fff7fffafffffffb0001
000afff9000affff00020001fffa0007
fffb00030006000a0003ffff0006fff9
0002fffdfff70000fffdfffdfffffff8
fffefffdfffa00020004fff9fffd0006
fffffffa0000fff70004000a00090005
fff7fff8000afffc0004fff800030008
fffffffcfff80002fffd00080008fff6
fffdffff0004fff7000800020000fff8
0003fff9fff900090005000a0000fff6
0009fff7fff900070002fff8fffafffa
0008fffd000a0009fffa000700050004
00090004fffa000000010000fff60002
00020002fffa00080004fff8fff70006
fffdfffdfffb000afff90007fff8fffb
0005fffa000600080007fff8fffb0006
0009ffff000500060004fffd00080008
0000fffdfffbfffb0009fff6fffb0002
0009ffff00090008fff8ffff0006fffb
0000000300050009fffa0000fffd0004
fffefffc0002fffdfffcfffefff9fffd
0000000a00090003fffe000a0002fff6
000affff00080008000afffdfff8fffd
0006fff90008fffcfff6fffa00080004
fffbfff70000fffc0008fff90008fffc
fffb0008ffff0007fffcfff90008fff9
00060006000500080009fffa00060009
fff9fff8fffe0007fffbfffc00060009
fffe00080004fff9fff8fffbfff8fff8
fff90005000afff80001fffbfff90004
0004fff7ffff000afff70000fffeffff
000300030005fff8fff6000afff6fffa
00040000000700090009ffff0006000a
fffafff9fff90004fff9fffafff8fffa
fff80000fffb0004fffafff80008fffa
fffc0006000afffffffd0008fffaffff
0009fff90009000400020002fffc0008
000afffd0008000900050000fffd0003
00070003000afff600050004fff60008
0001fffa000900030005fff7fffc0005
00070006fffa00080008fff80009fffc
fffcfffffffc0001000a000a0003fff9
fff8fffd00030005fffffff7fffbffff
fff9000700030005fff8fffafffcfff9
fff80000fffcfffbfffdfff90002fff6
fffdfffc00040000fffd0006fffd0008
fff8fffffff90004fff8fffafff80009
00060009000900080007000a00050004
00000008fffb000300060008fffb0009
0000fff6fffefffffffefff700010002
fffd000700090009fff6fff7fffdfff9
0004000a000900040009fff6ffff0003
000800040000fff90006000afffefffe
0007fff600020006fff6fffcfff90002
0008000700060003000a00020005000a
00080004fffafff80001000afffffffa
000a0009fffffffffff8000100010008
fff60003fffa000a00060008fff8ffff
fffe000400060008fffdfffd0002fff6
0007ffff00080009fff900090009fffd
000afffe0005fffeffff0005fffd0006
fffe0002fffb0002fff700050000fff6
00000000fffefff90007fff800060008
00020009fff8fffcfffa00050000fff6
0003fffefffc0003fffbfffb0002fff8
ffff00050003fffb0007ffff0007fffe
ffff0000000afffafffffffafffefff7
fffe0009fff7fffc0002fff90007fffd
000600090000fffafff700030006fff6
0003ffff00040005fffdfff8000a000a
0004fffcfff8fff8fff60008fffcfff6
0004ffff00080005fffd0008fffe000a
fff9fff900010008fff6000400010007
000700050007fffb0002000200090005
fff60000000600000000fffd0005000a
fffdfffefffffff6fffbfffbfff60005
fffa00070003fff8fffdfffe0006000a
fff90003fff60006fff80003fffa0002
00040006fffb00010003fffd00070001
fffdfffffffe0001000900060005000a
fffafff70007000affff000500090008
fffefff8fffcfffcfffcfff6fffefffa
000a000200080004fff8fff80009fffd
fff6fff8fff7fff800080006fffdfffd
0009fffa000700090009fff9ffff0004
fffcfff9fffd0005fff90002fffe0006
00000005000a000200040000fffc000a
fffcfff60001ffff0008000900030009
00050004fffa0002fff7fffffffd0005
00040009fffd0003000afffd00060006
00090009fff7fffb00050008fffc0003
0003fffd0003fff6fffb000a0003fff9
0006000afffe000600050003fffdfff9
fff7fff8000a000affff0000fffdfff8
0009fff90007fffefffffff8fffefffa
0001fffb0002fff9fff8fffcfff7fffc
000500060006fffe0003fffe00070008
0004fff7fffcfff8fffc00060003fff6
fffc0004fff9000afff6fffcfff80005
fffcfffbfffefffd000900030002fff7
0000fff7ffff0008000500070008fff7
fffffff60008fff7fffbfffe00000003
00080000000afff6fff8ffff00080007
00080006000a00010009fffffffe0009
fff6fffb0004fffefffffff9fffffff6
00090002fffd000a0006fffc00010003
00010000fffafff6fff80006fffafff6
0004000800080008fffffff7fff90009
000800050000000800090003fff90006
0004fffc00060005fffc0002fffffff6
fffc0006fff9fff70000000900020006
0008fff9fff70004000a0000fffdfffb
0003000900090008000afffc000afff7
0005fff7fffcffffffff000afff60000
000600060003fffb000a000200050005
fffc00030008fffafff900040000fffb
0004000300060005fff8fff80008fffb
0006fff7000400080000fffaffff0005
0008fff9fff7fff8fff60008fffe0003
fffbfff8000afffdfffc0007fffbfff8
fff600010007fffdfffd000100060007
000800060000fff9fff80003fffe0005
fff8fffa0001fff6fff7fff900000001
00090004fffafff7fff90008000afffc
0007fffcfff6fff9fff6000600000001
0006fff80004ffff0008fffafffefff6
fff80004ffff0004fff7fff60001fffd
000a000500060002000afffe0002fff9
000500070004fff7fffafffbfffffffa
0006fff700030001fffd0000fffeffff
fff900050006fff8fffafff80000fffd
0007fffc000a0007fffa00080004fffd
0009fffdffff00030007000000000009
00030000fffbfff9fffcfff7fff60000
0001000afffd000a00060002fffd0006
000a00040009fffdfffd00060002fff8
fff9fff700060002ffff0004ffff0008
fff6fff700030004fffaffff0003fff9
00030007fffd0004000a000600040002
fffc00020002fffafffc00090006fff6
0008fffa0006ffff0006fff700040009
000900060007000600020006fffb000a
0001fffd0002fffbfffbfff70008fff7
fffffffafff7fff6fffcfff7fffbfffd
fff8000a0004fff9fff8fff7fffafff8
fffd00040009fff9000afff7fffffff9
0000fffafff80002fffdfffbfff80009
fff7fff9000900080005000900030004
ffff0001fff7fffb000800090006fff8
fffa0000fff9fffafff600020007fffe
fffffffefff70009000afffd00030008
fffafffa00050003fffcfff9fff90007
0002000a0006fffefffafff8fffdfff8
00040004fff8fffbfffc0007fffffffd
0002fff7fffefffcfffbfff9fffbfffd
fffdfff7fff7000a000900040000000a
fffdfffe0003000a000400010005ffff
fffe0003fff7fff60002fffafffd0009
00040000ffff000800080000fff90005
0006000a00080008fffcfff80002fff6
000600000003fffafffc00000001fffb
000a0000fff7fffa00010005fffdfff6
00060004fffffffe000000010005fffb
00020009fff8fff8fff6fff8fff80007
fffbfffb0003ffff0000fffdfffffffa
fffc000700080001fffc000afffefff7
0006fffc0003ffff00040000fff90009
000300000008fff80009fffcffff0009
0004fff7fff6000100000004000affff
0007000afffe0005fffb0003fffc0008
000900030004fff6ffff000afffd0003
fff9fff8fffd00020009fff9fff70006
0006fffefff70009fff90001fffbffff
fff7fffcfff8fff7fffcfff70001fffd
fffcfffffff9000600090009fff9fffc
000afffa0009fff90005fffffffdfffa
0002ffff0006fffffff7fffefff7fffd
fff7fffc0004fff60000ffff0001fffc
fffafff60000fffafffeffff0008fff6
fffd0002000400050003000100040003
fffc0001000000060006fffd0005fff6
0006fffb000400070002fff700040001
0004000800040004fff9fffffffa0004
0007fffefffc0002fffbffff00030007
000afffbfffc00090004fffcfffefffa
fffdfff7000200040001ffffffff0002
0008000a0000fff8fffd0004fff9fffb
0003fffffffbfff8fff8fffbfff6fff9
000200000002fffc0005000afff8fffb
ffff0002fff700050008fff6fff80005
000900040006000afff9000900030005
000afff6fffdfffafffc0008fff80008
fffcfff7fff6fffd0001fffe0009fff7
fffbffff0008fffd000800080000fffa
fffefff90008fff7000a000a0000fffe
00020002000900040006fffffffb0008
0004fffcfff8fffffff9000afffa0004
000a0002000afff9000500040009000a
fffefffc0001000afff6000800040006
00050003000300050008fff9fff9fffa
0006fffb0007000300080009fff6000a
fff90004fff6fff7fff60001fff7fffb
000afff9fffffff8fffffffa0002fff9
fffcfff70008fffafffefff9000afffb
fffb0008fff6000affffffff00000007
00040001fff9fff70003000700070006
fff70003fffafffdfff70007fffc0001
fffe0006fff90006fff60005fffcfffc
fffe000100050007000500040007fffb
000700090006fff700050006fff8fffb
fff9fffd0006fffefffb00000009fffe
0006fffe00000002fff7000300070008
fffdfff70004fffdfffffffafffffff8
0003000a0000fffc0002fff90006fff9
fffffff600050008000000050007fff9
fff80004fffe0002000100040003ffff
fff7fffc0008fff8fffbfff800000008
fffafffc0002fff80007fff8fff9fff9
fffefffcfff8fff7fff7fffafffbfff8
0005fffefffefff8fffafffafff6fff6
fffe000a0002fffbfff60004fffb000a
0006fffe0000fffa0004fff6fffcfffc
fff6fffdfffd00090008000800060002
fff900040000fffcfffeffff0008fffa
0009fffbfffd00000007fffc0007fffe
fff9fff6fffafffd0002000800040006
0008000200040006fff7000700080000
fffdfffdfffcfffcfff90003fffbfff6
fffefffbfff7fff700070003fffefff9
fffbfff9000600090009fff7fff9fff9
fffa0003fff7000700080004fffe0004
0005fffffffafff8000200090003fffb
fff8fffafff6000300030007fff7fff6
000affff0000fff7fffcfffcfffe0005
0008fffe0000fffafff90002fff8000a
ffff000afffdfff8fff900060003fff8
00070004fff90002000400070006fff6
000900000007fff90000fffa00040006
fff6fffafff9fffe0003fffcfff80006
000a0001fffefffc0009000200050002
fff7fffffff8fff8fff6fff7fff80005
ffff0008fff6fff6fffefffb00080008
fffafffdfff700080000fffafffafff8
0005fffd0005fff9fffa000200070007
fff80008000300080009fffffff9fffc
000400080007fff60008000100070000
0005fff70009fff9fff8000400010008
ffff0005fff7ffff0002fffffffefffa
fff8fffd00040008fffd000a00060007
0003fffc00060000fff800090004fffe
fff8fffcfffbfff6fffa00070000fffe
00090005fffb0007fffc000900010000
0009fffb000500050001fffdfff7fffa
00030005fffbfffc0009000000020008
0003000700010002fff9fff6fffb0001
00030000fffbfff6fff6fff6fff8fffc
fffc0002fffffff900020004fff8fff8
fffd0001fffafffdfffafff7fffffff8
fffcfffefff8fff9fffefff7fff80007
0002fffffff90000fffc0009fffbfffa
fffbfff8000200000008fffffffbfffe
0009fffafff8fffffffbfffb0009fffa
0006fffcfffafffcfffefff60008fffa
0002000afff7fffa0004fffc00080001
0002ffff00080008000200080005fffd
0001fff7000afffdfff6fffdfff9fffe
fff7fffa000afff60005fffe00080007
000afff60006000a0009fffa000a0001
fff60009fff6fffefffbfff60007fffe
0003fffafff80002fff7fffcfffcfff8
00030006fffefffb0009fffe0008fff6
fff7000700060005fffcfff7fff60004
fffefff7fffd0007000300090007fff9
000a0009fffdfff9fffffffb00030009
0006fff80004fff7000a000afff60002
0004fff9fff9000800060004fffd0006
0006fff9ffff00040000fff9fff80000
0008fff8fffe0002000900090006fffc
0009fffefff700010006000500030001
fff60009fffafffb0006000000070006
0004fff7fff900000002fffdfff8fffe
00080004fffffffc000a0001fff9fff6
00020005fffa000500020009fff9fffc
0001000afffafff7fff8000600080007
0007fffafff6fffb000a000300090001
fff7fff8ffff0000fff8fffffffd0009
fffe000800040001fffa00090005fffe
000afff80006fffa0003fff8fff6fffe
0003000500050001fff800010000fffe
0008000300090007000afffafffc0005
00070003fff8fff700080003fff6ffff
fffdfff9fff70001fff8fff7fff6fff7
0001fffd0004fff8fffa0005fff90007
00040001fff6fff7fffafff9fffc0008
fffb00080008fffb00030005fffe0000
fffa0009fffa00040003000000080009
000000000008fffffff7000400060007
fff6fff7000a0009fffcfffe0007fff7
0005fffafffafffd0005fffd000afff7
0000000a0004fffd00010001fff8fffe
fff60006fffefff9fffafff9fff80002
0005000000020009fffdfffffffd0003
fffb0004ffff00080002000000060002
0000000200050005fff9fffa0006000a
00080009fff7000400050004fff90001
fffdfffa0000fff7ffffffff0007fffb
0008fffe0002fff90000fffc0003fff9
fffbfffefffb00030002fff700040006
0006000600090004ffff00030005fff7
fffafff9fffcfff90004fff80007ffff
fffe0000fffc00080004fff600040008
0004fffa00090007fffffffe0009fffd
0002fffdfff6fff600050001fffb0005
fff60001000a00050007fffcfffdfff7
000afffafffafffefff60003fff8ffff
fff80008fffe0004fff8fffc0007ffff
fffdfffe000a00090004fff60000000a
fff9fff7fffcfff7fff9000300090008
0008fff9000a000300040005fff6ffff
00020002fff9fffa000200020005fff6
fff70000fffe000100060007fffdfffc
000a0006fffc0000fff90008fffefff9
fff80009fff60004fffc0002fffefff8
fffa0000fffc00060001000800050003
000affffffff0008fffbfff6fffb0007
0000fffc0007ffff00070002fff8fffb
fffcfff9fffd0007fffe0009ffff0007
fff8fff900030002fffc000a00060002
fffefff9fff7ffff000800090008fffe
0005fff80005000afffd00070003fffd
000a0008000400040002fffcffff0002
fff60002000700080002fffa000a0000
0005fff8fff8000800010003fffefffd
fff8000100020000fff8fffefff6fff8
000afff60009000700060006fff8fffb
fff80000fffa0001ffff0003000a000a
fffcfff800050006fff8000afffdfffa
fff80009000100050006fff7fffa0005
fffd00080000000a000300010008fff8
fff8fff90005fff8fffdfff60002fffe
0005fff7000a0002fffafff8fff80003
fffe000a00010009fffe000600010006
fff7000a000000010003fffb00020006
fffdfff6fff9fff900020004fffa0007
fffffffefffc0000000a00030002fffc
fff70006fffefff70009fffe0007ffff
0000fff800020002fffe0003000afff7
fffbfffa0005000000030006fffe0009
000a00030007fffc000affff0000fff9
0006fffcfff80003ffff000afffe0004
0006fffafffffffa000600080000fff6
fff8fff7fff8fff6fff9000600010007
fff70000fffefffd0004fffdfffb0000
fffffffffff6fff8fffd00010003fffb
fff9ffff0006fff6ffff000000020002
000afff9ffff0003fffd0002fffbffff
fffcfff900060008fffa000a00040008
0003fffb000400020002fff7fff70001
00090003fff6fffffff7000100010000
fffefffffffd0007fff8fffffffb0006
fff8fff80009fff7000600060006ffff
fffb00020003fffffffb00080003fff9
fffb0001fff8000affff000700000005
fffb0003fffdfffe0006fffbfff7fffe
0006fff70002fff7fff7fffefff9ffff
fff8fffbfff6fffe00020003fffe0009
000a0008000a000600000007fff9fff7
00060007fff90003fff9000500040005
0007fffd0005000afffafffa0006ffff
00030004fff6fffb0007000a000a0000
0003fffe000000000004000800080001
fffa000400080008000afffe0009fff9
000afffe00080008000000010007fff6
ffff0006000afffe000400090000fffb
fffafffe0001fff90002fffcfffb0004
fffe00050006fffffffffffefff6fff9
fff800020003000100040003fff6ffff
0004fffffff9000300070000fff7000a
ffff0002ffff0004fffcfff700050008
00010009000600000003000afffd0007
fffefffe00040001ffff0001fff70007
00020009fffd00090007fff90000fffe
0006fffefffb0009000afffdffffffff
0009fff6000a0000fffefffafffdfffa
00080006fffa00080006fffcfff6fffa
ffff0007fffefffefffe0000fffa0004
00050005fffd00060006000200040000
00070000fffdffff0005fffdfffdfffe
0008fff8000000070009fffefff60009
0002fff9000a0003fff90003000a0006
0002fffdfff6000afff7fffafffafff7
fffa00090001fffefffefffbfffa000a
00050000000800060009000afff9000a
fffaffff0003fff7ffffffff00020001
0008fff70006fffdfffb0005fffefffc
00050001fff80008fffc000afffbfffc
000a00090004000800000003000afffc
fffa0007fffe0002fffdfffc000a0001
fffbfff700000007000affff0004fff8
fffbfffe00020009fff6fff7fffffff6
fffcfffcfffa0004fffefffdfffa0005
fffb0006fffbffff0005000400000003
fffbfff7fff7fffbfffd0004fff60001
fffd0009fffb00070006fffb0005fffb
fffc00080002fffdfff9fffa00050006
00080008fffb00080003fffefff6fff9
fff60009fffbfffffffffffffff7ffff
fffefffefffa0009fff7fffa0003fffc
000000030009000a0005fffc0007ffff
fff6fffafffffffafffa000500050007
fffe00000003fffbfffbffff0006fffa
fff9000afffefffa000afffffffafff7
fffffff60006000a0000fffdfffa0003
0008fffb0005ffff000a0006fffbfffa
fffd0006000afff90009fffdfff9fffc
0002fff8fff6fffcfff800070003fff8
fffdfffb00090009fffffffdfffa0003
fffa0005fffe00010000fffe00010006
fffcfffffff9fffbfffbfffffffbfffe
fffbfff600020005fffffffefffffffa
fff8fffffffc000afff60001fffdfffe
0007fffa000400060007000a00040000
0008000a0003fffb000100060003fffa
000300070000fffa0001fffe00040000
fff800080003fffffffefffa0003000a
00070002fff8000300020000fff8fffb
0007ffff0005fff8fff60000fffb0000
fffe0004fff6fffafff800040002fffd
0002ffff000afffa000200070001fffe
000a00020004ffff0002fffefffc0000
fff9fffe0004ffff0001fffcfffa0006
0006fff90001fff8000afffe00070007
000afffffff8fff8fff6fff8fff9fff8
000afffcfff70008fffefffafffefffe
fffe0001fff6fffafff80002fff8fffb
fffffffb0000fffe000800070001fff8
0007fffb0007fffafff8fffb00050005
fffa000afffa0004000a00060007fffd
0003fffa00040009fffdfffd00030008
000a0008fff6fffcfffb0000fffeffff
fffcfff8fff800070002fff9fff60009
0001fffd00020005fffc000a0004fffd
fffd0001000800030008fff6fffa0004
fffc00060009fff9000afffafffe0006
fffefffafffdfffa0005fffa0006fffd
fff8fffa0001fff8fffa0003fff6fffa
0005ffff0000fffcfff900070006fff9
0006fffbfffd00000007fffb0009fffa
00010004000a0002000600080009fff7
fffefff8000a0006fff7ffff00030000
000a000100090003fff700040008fff8
0002000afffdfffcfff8000800000007
00020000fffefffc000400030006fff6
00030004000700090004fffc00020003
00030003000400040002fffb00070009
00070009fffefff6fffafffb0003fffd
fff8fffffff90003fffafffbfff7000a
fff60006fffffffa0007fffd0003fff7
000400000002fffbfffd0007fff6fff7
fffe0009fff8fffbfffb0005ffff0004
fff6fffd000100050000fff60007fff6
000900080005fff9fffafffa0006fffc
00070000fffbfff600010003fff7fffa
fff8fff600030006fffa000000020002
fffa000300030009fffe000000050001
fffafffdfffcfff900010009ffff0002
fffa000200060000fffbfffafff9fffd
fffc000a0000fffd0008fffffffa0008
fffb000afffb0003ffffffff00080008
000a0002000200070006000500040001
fffffffbfff600060005fffe0002fff8
fff7fffcfff7fffd00030008fff70008
000700080005fff6fff60003000afffe
000900080001fffc0003fffbfff70000
fff9fffdfff90008fffefffdfffa0002
0005000a000a00030005fff700000007
0009fffe000300050004fffdfffffff8
00020007000800010006fffe00050003
00010001fffd00050002fffcfffa0006
00000006fffb000a0009000afffdfffc
fff60006fffa00050002fff9fff80003
0006fffdfffd00090008000500090002
fffcfffc0001fff9fffa000800050009
fffefff9fffefffc0005fff7fffefff9
000afffe0005fffbfffc00050002ffff
fffd0003fffcfffb00010008fff90003
00000001000a0000fff7fffffffcfffa
fff8fffc00010008ffff0003fffd0004
fffffffcfff7fffcfffffffc0009fff6
fffffff70002fff8fff7fff8fff6fffb
fffeffff00080001fffd0005000afff8
000000070006fff7fff8fffffffafff8
0002000400000008fffdfffb0001fffb
000a000afff8fff7fffd0003fff7fffc
00090009fff9fffcfff8fff6000afffb
fff70000fffdfffdfffdfffe00000004
0008fff8000afffbfffe0002000a0000
000900030001ffff0004ffff000afff9
0002fffe0009fffffff9fff900000002
fffe0000ffff00090008000700090008
fff6000300040001fffb0005fff80007
0005fff700060005fffc000700050009
0008000a0005fffd00030006fffafffd
0008fff80001fff600050002fff90008
fff8fffa0003fffe0002fffbfffbfff8
fff90006000500050009fffd00070005
fffa0005fff6fffefffd000700040002
00080007fffdfff900000009fffafffd
fffcfff7fff9fffefffffff90004fff7
0002fffe00000008fffcfff6fff60007
fff9fffe000400030007fff6fff7fff8
fffefffa000a0006fffbfffe00000004
ffff0005000400080008fff90005fff9
fffc0004fffafff800010006fffffff6
fff9fffcfffafffc0006fffe0000fffd
0005fffb000affff0004ffff0007fffe
fff80007fff7fffbfffd00010006ffff
0008fff900030004fffcfffafffe0005
0009fff9fff900080000fffefffb0009
fffcfffcfffffffb0001fffefff70005
00050008000800050009000400070003
fff80000000afffefffefff9fffa0001
0009fffd0004fff8fff8fffd000a0000
0005fff8fff6fffe000600060008fffc
0002fffc000afff8fffb00090004fffa
fff70003fff7000afffefff7fff60008
000400010007ffff00020001fff70005
fff7fffa0004fffdfff60001fff6fffc
fff8fffefffb000a0001000afffe0008
0008fffe0009fffefffc00090008fffa
fff6fffb0003fff8fff600050003fffc
fffafffc0008fff8fffd000a0002fffb
0002fffefff80005fff9ffff00060001
fffcfffbfffe00050009fffd00000007
fffcfffd00090006fffdfffc0004fffe
0001fff8fffb0003fffffffc00080002
00080000000100080000fff7fffb0008
fff800040004fffcfff9000700020003
0003fff8fffa000700000008fffeffff
0008fff7fffcfffbfff8000200060005
0003fff800060001fffa000200060007
fff8fffffffcfffbfffdfffafff80006
fffdfffffff600060009fffe00020007
0000fffd0000fffefffdfff8fff6fff6
fffcfffbfffffffefffe000afffb0008
fffefffffffefff8000700030002fff7
000a000600000000fffbfffafffafff6
00060007000a0009000afff800010008
0002fff7fffdfff90005fffb00050002
fff8fff90007000a0005000afffe0006
fff8000500020006fff8000700060002
fff7000a0007fffe000a0003fffffff7
fffe0002fff8fff9fffffffcfff6fff9
fffbfffa000300070008000000000001
000a00090007000500060002fff80003
0008fffcfff800030002fff700010007
00030002000afffe0000000200060001
0003fff8fff9000000070005fff60000
0006fff70008fffc0009fff80003fffe
0002fffcfffb000100060008fff9fffd
fffb0000fffa000afffb0009fffa0009
00020008000900000002fff700060008
0004fffcfffb000a0001fffa00040006
0005ffff00050000fffefffe000afff9
fff6fffafffb0007fffafff7fffcfffa
fffffffbfff6fff70000fffc00080002
0006fff6fff6fff6fffcfffd000afff6
fffbfffbfff60002fffafffffffa0005
fff6fffb0008fff7fffcfffa00060005
fff6fffcffff000afffa0005fffbfff8
fffd0007fffa00020004fffd0009fff6
0004000300060007fffdfffdfff9000a
fff90001000a0000fff6000afffc0008
00080009fff7fffb000a000a0001fffd
fff9fff70002fffe00010007fff60003
000afff6000000040007fffafffe0009
fffd0002fff7fffe0002fff6ffff0001
0004000afff70009fff9fff70004fffc
fff600030002000afffdfffd00050006
0002fffc0003000400060000fff70003
0001ffff000600080006fff900030009
fffcfffdfff8fffffffafffbfffd0003
fffc0008fff7fffcfff80002fff60001
0007fffdfffd0003fffd000200070007
00050001fffa000000080001fff8fffd
0008fff600010003fffd0009fff90003
0004fff7fff7fff60007000a0007fff8
00060006fff7fffbfff6fffcfff7fff7
000800060002fffdfffe00080003fffe
fff6fff80006fff80004ffff000afff7
0006fffefffdfffd00040006ffff0002
fff6fff6fff9000a0007fff8fff6fffd
fff600010002000300020000fff90008
fffd000300020000fffefff8fffc0001
0009fffdfffd0001fff7fffd000a0004
000900050002fffd0006000afff6fff6
0002fff7000300020006fffe0000fff9
000600080009fff60004000200000007
0009fffafffe0001fffcfff600070003
000600070005fffdfffe000500000004
000a0005fff9ffff0007fff60002fffa
00070008fff6fffafffb0007fffcffff
00000003fff600020003fffc0006fff7
0009000a0007fffefffefff6fff90001
000600090007fffb0001000afff8fff8
fffe00070002fff90001000900090000
0004000000020004fffbfffbfff90001
0006000afffcfffefff600040008fffb
0009fffafff9fff90006fff700030008
fffffffe00000001fff8fff80008fffc
fff9000200030006fffb000a0001ffff
000900000001000afff8000400020009
000afff60001fffdfffffffafffefffd
fff9000600010003fff7fffcfff7fff8
0005ffffffff00030007fffafff9000a
fff90005fff9ffffffff000a00090009
fffffffc00010006000400070003fffc
fff8fffd000900000005fffc00050006
fffefffcfffa00070003fffd0001ffff
fff70004fff7000a0009fffe00040002
fff800060002fffd0004000300000002
00030002fffd00010005000a00020002
0001fffa00030004fffb0005fff6fff8
000500050007fffbfff9000100000002
fffa000afff800030006000400010003
00010002000400080004000300040006
fffdfffdffff0004fff90001fff8fff9
0006fffe000afffafffb0000fffefff7
000400050004000800030006fff6fff7
fff700050009fffd0006fffbffff0005
0001000afff7fff60005fffffffbfff8
0002000afff7fffd000afffbfffdfff8
0002fffafffdfffffffe00090006fffa
000600010004fffdfffd00050005fff7
000a0006fffbfff8fff7000afffa0001
fffcfffc000a0003fffa000000090006
ffffffff0002fff80008fffefff60007
fff70000fffb0003fff7fff8fff6fffa
000a000600030004fff9fff90007fff7
00000009fffe0006fffbfffa0005fffa
0005fff7fff6fffe000100000008fffe
000900060003fff8000afff9fff7fffb
0001fffffffbfff6fff6fffcfffe0002
fffafffcfff600070004000afffd0004
ffff0009fff6fffa0006fff9fffe0001
0002fffbfffbfffc0002fffdfff60004
fff800090008ffff0003000500070004
000800080007fffc0000fffafffbfffc
fffd0000fff70001fff70009fff8fffa
fffcfffbfffc0009fff60005fffb0009
000600050005fffa0008fffb0004fffe
00010004fffd0003fff90002fffdfff6
000400030007fffe000100040000fff9
000a00060006fff7000a0004fffd0002
0008fff80000ffff0000fffcfffc0003
fffc0009fff9000a00040003fff8000a
0003fff8ffff0005fff900030007fff6
0005fffafff80005000000000005fff9
0009000000050003000afffdfff60008
0005fffcfff7fff70007fffcfffbfff9
0002fffcfff6fffafff900040005fffd
000200080005fffe0005000700040003
fffafff7000900070004000600060003
fffafff9000100030009fffa0007fffb
ffff000a000100040004000800060008
fffefffd0006fff9fffd00060002fffb
fff8000300000000fffefff90001fffd
fff70003fffe00050006fffa00040004
fffc00040006fffefff8fffbfffefff9
00090003fffd000a000500070009fff7
0007ffff0004fffaffffffff000afff6
00070000fff6fffc0005fffd000a0000
000a00030004fff9fffd0000000a0007
000800010004000100020009000a0007
fffbffff0003fffafff8fffefffafffa
000100020003fff8ffff0006fffbfff8
0009fff6fffb0005fffc0002fffd0002
fff6fff800080002fffafffbfffbfffb
0006fff8fff7fffcffff00040009ffff
fff60005fff9fffbfffefff6fffa0006
fff6fff6fffdfff80005000afff8fffd
00000006000afff70004fffefffdfffd
0008fffcfffffff8fff900020004fff9
fffb000a000400030002ffff0000fff7
00050001fffafffdfffcfffcfff7fffe
000000060009fff7fffffffe0008fff9
fffe00060003fff9fffc0006fff9fff7
0005fffd0006000a0003fff8fffafffd
fff6ffff0001fffdfffc0000000a0009
0000fffe0004fff80002fff8fffffffb
0008fffb0003fff6fff80001fff7ffff
fffd00040000fffafffd00010008fffd
fff600050009fff9fff8fff7fffe000a
fffb00000005ffff0008000500090004
fffaffff00000002fff8fffd0003fff7
fffefff6ffff0006fffafffb000afffb
0001fffa00000000fff9fff6fff9fffe
00030003fff90008000afff9000afffb
fff6fff700090006fffefffb00060006
fff700050004fff60003fffd0007fffd
fff600000002000300090004fffbffff
0008000800090009ffff000700010008
fffcfffb0006fff9000400030005000a
0004000600020009fff9000000090000
00060006fff700030001000afffbffff
00010006000300020005000afffd0002
ffffffff0006fff60004fffdfff70004
00030000fff8fffc00090008ffff0007
fff600040001fffefffafff800060009
000300010004fffc0003fffafff80005
fff900010003fffdfff60002fff7fff6
0004fffbfffefff700080008fffe0005
000afffd0006fff6ffff000afff80003
000900060001ffff0008000000030001
000900080006fffdfffd00060005ffff
000afff9fffb0000fffb0003ffff0009
fff7fff6fffb0008fffdfffc000a0006
fff600050006000a0006fffcfff6fffd
0005fff7fffefffffffbfff6fffe0006
fffbfff7fffdfffeffff00010002fffd
000400010000fffafffefffa0001fffa
fff6fffc00090008fff9fff80000fffd
ffff0001ffff0005fff70009fffb0009
fffe000800010008fff7fffb0004fffc
fffbfff8000a00020009fff7000afff6
0003fffc000a0006000400000007fffa
0004ffff00050009000a000400040003
fffa00070007fffe0002fffe00090000
0004fff6fff60003fff6fffa00010004
fffa0009fffd00060009fffafff8fff9
fffdfff9fffd0002fffefffe00010006
00020004fff90004fffa0005fff60003
fffd00010003000afffd0000fff8fffb
0001fff900010004000700020007fff6
fffbfff70004000a0008fffafffafffb
000afff9fffafff6fff600050005fffc
fff7000700040003fffd0000fffd000a
fff6fff9fffffff9fffafffafffdfff6
fffbfff900000000fff7fff7ffff0003
0009fff6fffa00010009fffefff6ffff
fffe0000ffff000a0000fffcfff80007
fffefffd00090003fffdfff80007000a
0001fff7ffffffff00070002fff7fffe
0004fffd000200070007000400030008
00030001fffafffcfffcfff6fff70009
000300000009fffbffff00080002ffff
000300020003fff600000000fffc0009
fff7fff80006fffd0001000600090003
fffb00050000fffa000afffcffff0008
fff8fff60009fff7fff7000400050007
fff60005000300030008000900050007
fffcfffe00030003fff6fffcfffc0000
0002fff9fffafffe0001fff6fff8fff9
0009fff60008ffffffff0001fffcfff9
0009000afff8fff9fff6fffafffdfff8
fffc00080003000a0001fffdfff6ffff
fffafffb00070003fffd000200080003
fff6fffdfffafffcfff7000100030005
fffeffff0006fffbfff70008fffcfffc
fffffffafffffff90004fff7fff7fffe
fff7fffbffff000600030009fffafffc
00060007fff60008fffd000800070008
fff7fffcfffb0000fffc0006fff70000
000afffa0009000900060003fff80003
00040006fffdfff7ffff0007fff70009
000a0002000900020001fffdfffd0005
fffbfffefffafffdfffc000500000005
fff90006000afff7fffafffafff6fff8
0003fffffffb000700020008fffd0005
0002fffefff8fffb00070004fff7fff7
00070001000afff60002fff800070005
000a000afffffffbfff700030006fffa
0002fffb00050007fff60003fff70003
fffcfffa00020002fff70005fffffff6
fff6fffefffb0005fffafffd00000008
000500010003fff80004fffdfff6fffa
0003fffd0006fff60001fff80007fffa
fff70000000100080002fffcffff0003
0002fff60001fffb0002000700010000
fff90007fffa0009fff9fffb00010008
0009000a00060004000800010005000a
00050003fffafff9fffafff700060003
00060000000200070001000800010007
00040003fff8fffffff70003fff6fff7
0005000a00040009fff8000800070000
00090009fffafff9000200070006fff6
0001000100070002fff60005fffc0003
fffd0006000a0005000afffb00040006
00080000fffdfff6fff800000004fffc
00020000ffff000400050004fffe0001
fffe0006fffa0006fffcfffb0001fffa
0006fffbffff0003fffefffe00070008
fffe000afffb0003ffff0005fffcfffd
fffcfffbfff6fff6000800000005fff9
00000003fff8fff90002fffafffcfffa
fffafffbfffc0002fffefff6fffd0006
fff7fffdfff9fffffff7fffa000a0005
00040006fffd0008fffefffc00010001
0004000000080005fff6fffffff8fff6
0007fffefffbfff8000300050008fffc
fff70001fffcfffa000a0003fff70008
fffb0002fffa00010001fff600090004
0007ffff0004fffafffffff9fffa0001
00090008fff7fffa000a00090009fffe
fffdffff00080002fffb0001fff9fff6
0006fff8000600080007fff90000fff9
fffb0009fffc0008fffdfff800000000
fffa000000060002fffdffffffff0008
00000002fffefff7fffffffdfff8fff6
fff90003fffcfffa00080000fffdfffc
fffd0009000a00010003fff700010003
00000001000500030007000700020003
fffdffff0006fffb0009fff800040006
0002000800090003000a0005000a000a
00090002000700080009fffdfff7fffb
ffff0005000a0001fff9fffc000a000a
0009fff70003fff800010006fffa0008
fffc0002fffefffd00000005fffefffb
0002fff9fff600000000fffe0009fff6
000afff800070001fffa0007fff7fffa
fff7fffafff80000fffd0008fffa000a
000a000900020002fff8fffe00080004
fffdfff800040003ffff00000000fff7
fffb000700030000fff80001ffff0002
fffc0003ffff0003000900010007fff7
ffff000000050002fff60003fff7fff7
0009fff800060004fff6fffefffafffd
00090006fff8fffafff9fffbfffd0000
fff8fffdfffcfffb000700010002fff9
0009fffa000a0002fffbfffbffff0005
fffbfff7fffa0006fffcfff9000afff8
0006fff600060007000a0003fffffffc
fffcfffd000300030005fffafff9fff6
0001fff70002fffffff6000afffe0001
fff6ffff0002000afff9000800040003
0004fffb00080001fff6fff9ffffffff
ffff0006fff8fff70004fffc0004fff6
fffafffcfff8fffcfffb0007fff80006
0001fff90000fffc0002fff7fff6fff7
fffd000100000001fffaffff0000fffa
000a0003fffffffd0005fff9ffffffff
ffff00040001fff8fffb0005fff90002
fffa000200020005fffd0003fffa0003
ffff00060002000700080004000affff
fffc000000060000000700050004fffd
fffa00070001000a0005fff7fffbfff9
fff60001fffd00020001fffafff6000a
0004fffefffafff80008fffe0009fff9
fffbfff7fffdfffcfff60004fffefff6
0007fffefffefffefff70001fff8fff9
0007fffcfffb0000fffffffb0001fff8
fffafffa0006000300020005fffdfffa
fff70000fffa0006fffb0005000afff9
000900010006fff60006000a0004fffb
000a0007fffe000800050001fffd0006
00030005fffe000500070000fffbfff8
0001fff8fffe0003fff60004fffbfffc
fff7000a00060000fff9fffbfffe0000
fffe00060003fff70007fffa000afff9
fffffffe00040002fffc000afffb0008
fffffff9fffdfff80001fffdfff60001
fff6fffc00010004fffd0007fff90001
ffff0004fff700050003fffcfffefffc
00090001fff6ffff00090008fffafffb
00070006fffe00000009ffff00070001
000700060006fffd00020004fff6fffe
000900080004fff70004fffb00000009
000a0003000400040004fffb0001fffc
fffd0004ffff000afff60001ffff0000
00030000000800090002000900090002
fff90000fff800010001fffc00000000
000300010008fff60005fffdffff0008
fff8fffb0009000900090007fff80005
fffb0008000600080002fffdfff60009
ffff00020003000300000009fffd0008
0009fffd00040005000800010001fff6
fffb00060000fffdfff70009fffffffd
fff9fffffffc0007fff6fff60003000a
0002fff8000afff80002fff70004fff7
ffff00020000fffdffff000600090003
0009000000030008000800020002ffff
00040005000a0005fffafffbfff90009
fff700090006fffefff9fffefffcfff9
00020004fffb0004fffc0009fffdfff6
fff7fffbfff70000fffbfffafffefffe
00010003fffcfffbfffffff700000001
0007000400090000fffdfff8fffc0000
0009fff90006fffbfffcfff6fffe0007
fffa0005fff7fffd00080005fffd0009
fffffff900010009fff7fffafffbfffc
fffc0009fffe000a0009000700000006
fff6fffdfffcfffc0007fffdfff90007
fffe000100080006fffcfffdfffeffff
00030006fffffffb0001fff7000a0001
000400080005fff90001000000020009
fffe0000fffe00070000000500050003
fff9fffffffdfffbfffc000a0009000a
0005fffafffe0001000a00090001fffb
0000fffbfffd0000fffeffff000afffd
fff60008fff9fff60008fff7fffa0005
fffc000800070009fffc0006fff90003
fff8fffe0006fff80000fffcfff90003
fffdfffc00070001fffe0001fffafffe
0000000a0001fff7fffc000900010002
0005000afff7fffafff6000600020006
fff600080005fffd00030007000a0003
fffc00020003fffd00060008fffa0000
fffd000afffb000400020003fffc0002
0006fff6000a0003000700040001000a
0008fffd00020004fff9fffbfff8ffff
0006000100070007000afffdfffbfffa
0009fffd000afff6fff6fff60005fffe
00060001fff800060009fffcfff9fffb
0006fff800010009fffa0009fffe0009
0000000affff0008ffff00070001ffff
fff9fffcfffdfffe0009fff8fffe0008
00080001fff9fffb0003fffc00030004
fff900080002fff6fffafff700010000
fff6fffefffb0007fff8fff7fffafffb
fffdfffe00050000000500020008fff6
fffbfffdfff600060008fffbfffafffb
fffe00010006fffc0007fffffff6fffa
fffb0009fff70006000200020001fff8
fff9fffe0004000500060005fff7fff7
00050001fffcfffb0008fffefff9fffa
fffd0008000afff8fff6fff80000fffe
fff600090006000200040009000a0007
fff7fffafff900030000fff900050009
fff8fffe000000030009fff600090006
0001fffa0008fffe0008000afff70002
fffdfffe0000fff60006fff600000001
fffe00050003fffa00000009fffdfff8
000800090008fff9fffd000700030000
000afffcffffffff0002fffcfffcfff9
0001fffb00090004fff7000300070008
fffefff9fff90000fff9fff7fff9fff7
fffefff60003fffd00010000fffe0008
fffd0002000500080003000800050000
fffdfffdfffffffa0008000800010004
00030002fffefffdfffdfff9fff60009
fffa0005000800040000fff700060002
fffdfffe0000000a000800000005fff6
fffc0004000afffefffcfff600000000
00010006fffbfffa000900030008fffe
ffff0002000200060007fffbfffa0005
0000ffff000500060002fff8fffafffc
ffff00030008fffcfffa0004fff60008
ffffffff0008fff8fffc0003fffcfff9
0007fffe00070004fffc0008fffffff7
fff800010008fffd0006fff70002fffd
0002fff80005fff6fffa0001fff90002
fffc0008000afff9000400010005fff6
0004fff60004fffa0004fff6fffafff7
fffdfff800020005fffe000000000009
000700050002000000070003fffbfff9
fffa00090001fff9fffb0007fff60000
ffff0000fffcfffffffbfffe0000fffc
0006fff7fffafffc000afff6fffb0009
0003fff80005000afffbfffe00090001
0001fff9fff8fffb0009000afff90002
0000fffefff8fff70004fff6000a0009
0006fff60009fff600010007fffdfff8
0004fffc000afff600090009fff8fff9
000100010000ffff00040001fffbfffa
0003000200030001fffd000a0000000a
fffd0000fffafffdfffc000000050006
0005fff9fffc0004fffbfff700050002
0009000200090001fff90009fff70007
fff60009fffcfff7fffdfff80004ffff
fffa0009fffa00010004fffefffa0005
fffcfff7fff8fffdfffd000afffafffd
fff90005000300080007fff9000a0006
000afff9ffff0004fffc000900000004
000400010008fff6fffdfffafffe0004
fff7fffcfff6fff90000fff80002fff6
fffaffff0002000400020008fffbfffc
fffcfff70002000a00060007fff70004
fffc00060003000900000000fff9000a
fffd00070005fff90004000300060007
0002fffd00080009000600010001fff7
fffc00080006fff80006fffa00070006
fffa00070005fffdfff8fffe00080006
fff9000a0007fff8fffdfffffffc000a
0001fffffff800040006000afff8fff7
fffdfffd000900090001000700050006
0006000afffe0000fffdfffdfffc0007
000a000afffdfffb0008fff9ffff0004
00000006fffa00020003000400070008
0005fff9fffbfff6fff60003fffcfff8
0003fff9fffb000afffafffc00090000
0006fffefffffffc0000fffefffdfff6
fffcfffffffe0006fff900020001fff6
0001000300090008000800040000fffd
000800070001fffdfffb000a0003fff8
00090008fff6fffd0003fffe00050003
000afff700030003000afff90000fff6
fffbfffa0005000affff0001ffff0006
00030008fffa0009fffcfff70000fff9
000200040005fffd0005fff60003fffb
fffa0005fffa00030001000afffd0000
00060003000afffb0004000afffffffd
fff7ffff0009fffe0008000afffc0005
fffbfffa0009fff9000afffafffa0004
00060004fffa0001fffcfff80008000a
0007fffdfff90005ffff000300010009
00000006fffe000a0000000300000003
0006fffd0004fff9fffa0009fffffffd
00070007000afffdfffefff900020007
fffe0000fff9fffc00040009fffc0002
fff70006fffcfff700030005fffffff9
fff8fff900000001fff7fff900060002
ffff00040005fff60009fffcfff7fffc
00040001fff7fff80002fffb0002fff8
fffe0009fffa0002fff70008fff70004
fff7000afffafff7fff80005fffd0000
fff7fff8fff8fffbfffa000100040009
0000fff6000000030003fffc00070002
fff9fff90005fff9fffaffff0003fff6
fff8fffa00000003fffafffc000a0005
000200090008fffafff8fffdfff6000a
fff9fffffff7fffcfffc000100040001
000400000002fffdfff8000a000a0000
fffefff800030002ffff0008fff70001
fff9000afffa0007fffb000200000007
0002fffb0005fffb0005fffb00030009
ffff0002fff9fffc0005fff8fff9fffc
0006fffe0004fff6fffcfff6fff80003
fff9fff60002fff9000200030009fff9
0003fffa00000002fffffffafff9fff8
000800050007fffefffbfff6fffcffff
0005fffdfffefff70008fff700030000
fffefffafff70009fffcfffffff8fff9
fff6000400020004fff8000a00090006
00090006fffe0005fffe000500060001
fffb0000fff60004fffe0007fff6ffff
00060009fff6fff9fff7fffcffffffff
0002fff80007fff9fffefff8fff6fff9
0000fff8fff60003fffd00030009fffc
0008fff8fffd00050005fff8fff8fff6
fff7fffc0005000100020001fff70001
00000002fff8000200030004ffff0005
fff60008fffdfffd000afffffffd0008
fffafffafffffffe00060000fffefff7
000200000003fffe0009fffe000afffe
fff6fff8fffffffe0008fffeffff0000
fffb0006000afffefffc000300030005
fffa0002fff9fff7fff7fffffffffffd
0008fff7fffffff60002fffbfffefffe
fffafff6fffafffe00050007fffe0006
fffdfffbfffc000700040004fff7fffe
000600070001fff70006000900040003
fffbfffffff7000afff8fffefffcffff
fff800080007ffff0002fff9000a0002
0009fff6fff9fff7fffefffafffefffd
fff6fffb0002000400060001000a0000
00010007fffefff7fff60000fff7fffe
fffdfffa0008fffefff800060008fffe
0001fffd000afff7fffbfff7fffc0006
fff90004fffafffd0001fffafffb0008
fffe00020002fff80006fffd00050005
0005fffbfffffff9fffd00000009fffa
0004fff900020006fff700030007fffb
0001ffff0002fffdfffc0000fffe000a
0002fffcfffa00070009fff6fffb0002
fffdfffdfffb00030004fff900030002
fffafffcfff6000a000a00010005fffb
fffffffcfffafffe0003fff70005fffd
fffcfff9fffefffe0002000300090002
0003fffc0001fff90008fffb0003fff9
0001fffe0009fffe000200010002fffa
0009fffcfffcfffefff70005fffe0000
fff90007ffff0009fff800030006fff8
fffb00070007000500090008ffff0004
0004000afffbfffd00000001fffd0004
fffdfffefffc00080006fffbffff0005
fffcfffe000200010004000200070004
fffb00010003fff60002000a00090004
fff8fff600000005000afff900080007
fffc00050006000100010002000afff9
0004fff90003fff800010003fffd0003
00080009fffe00050002000200090002
fff90006fffafffe0003fff6fff8fffd
fffe000300070001fffe000600060009
fffefff600080007fffefffffffc0008
0000fff8000afffbfffb000400000006
fff6fffa0005fffb0005fffafffffffb
fff8fffc0000fffafffafffc0005fffb
fffdfff9fff700060009fff9000a0005
fffb0003000afffd000400020003fffd
fff7000000040004fffcfffffffdfff8
0007fff80002000afff9fff90008ffff
fff7fffa0000000a0004fff8fff60000
fff700080007fff6fffffffe00030006
000afffdfff7000200080005fff60007
fffffffe000600070009fff70001ffff
ffff000900060000fffd0002fff7fff6
00000006fffcfffdfff9ffff0009fff7
000400070006fffbfff7000a00050008
0000fff7fff6fffcfff800090006000a
fff9fffc00000008fffdfff8000a0004
000a0003fff70000fff60003fffefff7
000afffd00060000000400060009ffff
fffc0004fffe0006000afffffffe0004
000700070001fffbfffe00040009fffe
0006000a0009000000010007ffff0006
fffdfffd00000002fffafffafffafff8
0005fff90005fffafffcfff600020002
fff80008fff70002fffbfffcfff90006
fff8fff60007000500070006fffbfff7
fffbfff8fffcffff0008fffc00000008
00010000fffffffc000afffffff80000
fffa000a0004000800000004fffefff7
fff7fffafff70006fff90009fffd0001
fffdfff8fffbfff70009fffd00080004
fffc000400050007fffcfff9fff9fffe
000a0006fffb0002fff9fff7fffcfff9
fff9fff7fff8fff8fffa000000000003
fff7fff90006fffc0005fff8fff60006
fffe000a000a00040006fffa0001fffb
fffffffe0006fff90003000afffc0000
fffe0005fffcfff8fff9fff90007fffc
0000000a00030001fffe0000ffff0008
0001fffafff7fff700050004fff80005
fff70003fff60001fffdfffe00010006
0002fffffff8fffdfff80002fffdfffb
fffffffafffb0007fff8fffefff6ffff
0001fffa0003fff8fffa0003ffff0002
fffe0009fffffffbfff70000fff70005
0001fffb000a0007fffe0007fff60009
0006fffc0009fffa0005fffafffe000a
0002fffdfff8fffd000500090000fff7
ffff00030001fffffff7fff900000006
0001fff7fffb0009000afffdfff9fffd
0006000a0003000300040009fffa0007
0008fffb0000fffafff600050004fffa
00040007fff7fffb0005000600080005
fffa0004fffbfffc00080001000a0001
fffafff7fffbfff900080000000afff8
fffcfff8000700050003fffc00020002
000afff6fffcfff600030004fff6fff7
0008fffb0005fffffffbfff80007fffc
0002fffd0001000200070009fffa0002
0003000afff8fff8fff600040001fff9
0005fffb00090005ffff0000fffafffb
000affff000600030009000300090009
fff7fffe0001fffafffcfffb0006fff7
0003000a0000fffcfff7fffa0006fffd
fffffff8000600080008fff7ffff0004
000700050003000500040008fffb0005
000200090002fff8000a0003fff8fff6
fffe000a000300080002000800040002
0007fffc00020000fffffffbfff70003
0000fff6fffd0004fffdfffb00060002
fffc0008000300010004000a00040006
0006fff8fffefffb000300010006ffff
fffd000700000006fff8ffff0004fff6
fffffff8000800030009fff90008fffe
0009fffdfffd0009fff9fff90005fff6
ffff000200010002fff9000500030005
fffd0009fffd000a0007fff6fff8fff6
0006fffcfffbfffaffffffff00080004
fffe00050000000afffa0008fff7fffa
fffefffb0004fff7000afffb00060001
ffff00080004fff9ffff0005fffc0002
fffefff8fffe000a00040009fffcfffb
0001000a0003fffa0001fff70007fff7
ffff0001fff70007fffbfffafffefffc
fffc00040000000a0006000100010007
fff80003ffff000000040001fff6fff9
fff90000fffb00020007fffbfff80002
fffa00060006fff900090004000a0009
0002fff90006fffe0000000900090003
0001000a0002fffe000a0006fff7000a
fffe0007fffb0006fffd000afffd0000
0006fffbfffeffff000a00060003fff7
fffa0009000400010004ffff0008fff9
0001fffb00090002fff8fff600030005
fff800020007000000010004fff8fff7
fff70001fffa0001fffa0009fffdfffe
0004fffffff700050009000afff8fffe
fff600050008fffffffa00040000fffa
fffa0001fffcfff6fffb000afff90005
0001fff8fffafff7fffd0006fff80000
fff700070002fffa0005fff80000fff9
000900050006fff7fffafffe00070000
0000fff80006fffbfff9000500010003
0008fff60003fffffff7fffbfffdfffc
fffcfff6fff9fffafff7000afff7fffa
fff80000000afffdfffbfff80000fffc
fff6000a0005fff9fffd000500030004
0003fffffffdfffffffe0008fffc0001
0000fffefffe00010003fffd00080001
00020002fffdfff9fff70002fffc0005
fffffffafff9fffafffe00070001fff7
00090001fffffff6fffc0009fffd0004
fffc0009000a000a00020006ffff0002
0006000600090006ffff00060001fffd
fff900080001fffb0000000a00070005
fffbfff90009000900050009fffffff6
fffb0006000afffe00020005fff9ffff
0005fffdfff60005ffff0002fffcffff
fff70007fffb000afffcfffafff9ffff
fffa000100090000fffb00010001fffd
000afffc0002fffdfffffff9fff8fff9
0005fffffffd000a00010003fffbfffd
00030008fffefff8fff8fffe00050000
fff70009000000040007fff8fff6000a
fffefff9fffd00090002fff7fff9fff8
00020007fff9000a0004fff6fff9fff7
fff6fffd0002fff7fffefffcfffc0005
0007fff800090009fff600000007fffa
fffe0002000900050003000600050001
fffc00030004fff7fff9fff70000fffc
fffffff6fff7fffdfffafff6fffdfff7
fffb0009fff7000800070006fff9fff7
0005fff800080003000600020008fffa
0003fffa0006fffafff600050006fffc
fff600090007fffb0006fffffffafffe
fffb00050009fffcfffa0004ffff0008
fffdfffcfff70008ffff0000000a0005
fffa0002000800030005fffffff60007
fff7fffe0009fffdfff9fffffffffff8
0004fffa00090005fffe0000fff90002
00070000fffc000000020009fffafff7
fffdfffffffbfff8fff9fffe0004fffe
000500040006fffe0006fffafffafffd
fff6fff80009fff9fffa0007fffcfff8
000400040003fffdfff70009fffafff8
00020004fff60006fffffffe0002fffa
fff7fffd0008fffd0007000500060003
0008fff7fff7fff60001fffafffcfff9
000afffd00040003ffff000900080009
0002fffa000afff80007000000070004
fff600040006fffc000100060002fffb
fffffff800050008000700050008fffd
fffdfffe0008fffe0001fffdfffb0007
0004fffb00010000fff9fff70008fffe
000900000000ffff000afff600000002
fffb0002000300040007fff90002fff9
0001fffafff80000fff80009fffbfff8
fffb0003fff60006fff80005fffcfffe
0002fff80008fffafff80003fffd0004
f9affdc6fcbb139603141393000a000a
efc60455ea7707e50d4bfc8916eaf2b8
e6da0977eccf08a5fdaff059fa97ec8b
f7b10955ec8cf6a50a18e73e10d4f9b0
fe8df1befd2ff451f1c0ea64ed21efc7
1a5a0dfd0206e9be12d4e19b2235f550
09aa00ff0d7f08e9d92c0054e8fb0182
fe40fdbd0186edfc00f00e78fcaf16c9
f8780c2907f5f7b30d94ff85facf0f51
fdec07e7f6d8131ffb35fc0602d90820
e484fbf6eb6ce949071e04b9054afab2
f101ea64fd17ece1f985054bf3182474
f6020b55eda01c0414dd16d006c7f3e5
05ae023c0375fa06f957ed9f0810fbee
0afc09dc01451253f5ecfaeaf926f1cc
efe90a9800bcf39c0722fdc2003800de
0680ea47fcd8e6a3059df486068d16ea
e3c9e069fbe1064213200ac90673f174
efbcfc4bf7ddf52c0dcde7c30854d4a7
f4ed176d0001f72904cadc27f0ecf4e6
f7f8e6e0f8c902ebf468ec41fa4aef77
06730071ffb4f930079f093cf815f29b
fb80f683f933063df92dff3c121a0162
f533151af6cdff37f74c0132ea14fb0a
2014ff850965ff600035fdcc0bbe0f19
f485012f02a6f1c90224ea160559fcd9
1248f66a0daf164204ea0c460438f29e
ef0f0291fc8cf124fe53ffd3f69fffce
f2031067007d0cc207cefd8f0356070e
0aebd7f5fe9bf42e0656f32cf320f1a1
ec13132e08d0fca8116d066c189cf450
1a74f0aff60bfca80c67ef2efe48ff15
1488125f1071f640ec54f5e711c6f893
01cefc57fabcf1e80471f2da02dc0622
f7d5fa82057e0838116c093e0ec70b71
0185f77a0077ee88ff790a6ffd5cfe91
03680c7a0a5f1d7513d5f0ef07f0fc43
0f68f3c113f7129200310dc9ff98e41c
fcda11b8028301ee0dd2f3c606fff425
0bbce70a17c6ff2017e5020700e60515
e8bcf7dde4c1e91f012d107a0adcfcf4
fecfec2e01b0df5ef6b1f242faa4145a
e99efc2cf2e0fad40c180e59f7d006e3
155ff8abf6ca007e00c70e7c15020a15
00eff26502c5f953f23c05e9f93b063e
0eacfcb0ec6ae6060242fa20196ffe22
fe9eeed30d290059f6e7f473fc340046
04e70350011aec34031a03a004baf7f0
f41805ba0ff1fac21a37ecc1fa22072e
0652050afec80270129008901c0707eb
ef350ad509090fef15270398fe2d03ed
02140f8dfc0f262e138a0b6c0feff448
f52404caf09ef16f0677013912220b48
ffe2de7b08bdf2f1fe99f9c1f75dfee6
0d35f7420b55f82b008d0904ff1afbbb
01e5e4680459fe86fca816c6f7b90088
edc50b6cf8a1fb8a081d0331086000dd
137101400938fdd81b5a16140f7c1bd6
f00400e811ce0f89ee0403a8f43e0295
1f0005ac06d1ef90ff82065ae7930843
fd6bdeeefa21faf0ed04073909810c60
11d504a714e7f64e09fb20e3fff70b13
01350511ed5717cff6dc052203610f74
0edde4920889f801fd8bfd650a95ecd7
fe5616400e2f154607fbff8107c9ebb9
0a15073e07852327f8120ba7e4fdff9c
0c410572fb8eed9be727f7f5072df400
0076fcc4fe96f59dec0df018e33e1263
ec9ffc9decbd10450c790b701613f07d
1886f90ef33cfe3cfdeb0cc1067106f1
f245fc2ded02f3a2ee1214b112ca1132
f89af0c70058edb70b2508dc01a317ea
fa75fecb08a10d63115a0b9c005605c6
fbcbef1ffa48f40aecc90905f3ccf3e4
098c180cfa62fa3b08e4f78bff5b137a
f5af1c79089213f001daedad1249efd8
f065f7e4f5e5030b0ab4ffd3f16d1202
f701177bf80e066dfffdecad05bddcc7
0b171a6d04f6f431104600cb056d1efa
19300deb161ef9f9fdafe66908a613c4
f033ede7ef35fe88fbf708b402c5fdc7
090b13820aee06cce68bfb92ef32fd50
fe040ac3fe511a52f4ff0320df80fc69
185ef140026c0743feef07aa17bbfc1c
f2d7f747096cf0b6010ef390f3c2eb68
0283063cf4d217ec12a90d671bf405ae
eb25efe10dec0882f0e91725e2b7f8dd
fe4bf5d705bbe75d1925f269002d0318
e2e5eb8dfa9df85d09a111f4fbb60041
041c15aaf86e1276f258f983f2fcfd31
ff42f76c0033ec6d1a9001b50c0203fc
0e4ff69cf6d31445e614f51d0950f69c
111c1050054511e5f025175cf411f5a6
faa6eca9120cff7d05d7f0cc03aef1af
0df71942093207edf90517cfeff110b6
e77be6f5f733fbb2f35bfc29f0510159
094a139cf20202ba12cff0810c2aee48
0f51138f13fe0392046304c816cc0c2e
e8f3f21c0b8c18b50565f6c9eedafbf6
f3fb0169f7d10eff17200d460573e694
04faec7705c5066df04effc4ec31ec2e
04851bbde3da08dbf10b142207630f77
f5b70d730737160bf9fdf77c0199f8e9
00d302e01a80013208bf1aabedc51b91
ea18f830fd0e040c0c4705bff1c40408
ef3d04e9f48e02aafefffd27029cfa98
deaefb1dedcd080ffda2f344eb8fef61
fa56fc3aff06fbe30107f38ff7a6ee1c
0cacf2bff7a8f423f922027ff8f4fc8a
ff68ecce08110491fee0f8d10c03fc46
10aefb7f14ebeebc09bf08ccfbd5e59c
fa0c19af1259fdc0168ee43b030b13f8
093312541148fbac1765f4ea101ef743
0459e32000c00075ff7e10aef6f4201c
e681f55aeb1ffb12f91a09dc0afff0f2
0d4c0018ea6107b70a36ee67069be870
02d60008181e08acf075073f074cfe61
fc59124eecdf1ccafa800099ef04efd4
fc3b095306e8028df164f6f7f918f8d9
019d073a110c020b1bc4fea6012a072f
04cee5d9ed1af316f85313d605a40faa
fdfff43f06341594ef550b09fe61f91b
0d110d2cf3a50a57e4660e7ee760ec0b
f7befaeffcf1f359f74d10d2ffea1e74
14870941fc12f75007f502cc0bd71c3e
f2bed7abfcc6f713fcdc12d30eb7fea8
f2bf0c7c107ef6681255fea2f79c0a48
12b5e980f994fd0ff1a3f1fded54ea81
1737f7c10cbb0cb803b21ca8105602df
ffc3f0d5f9e8e5bcea8e064e09e708c6
fb69eadf0cc804c3f48f0924d962000b
e4f00711e630faf70d1cff0613a5f90b
f4c8fe3404db10ed0ede03d5f85df961
0828ff5208a1121df54e1942f91e0802
f2aae31cf7a2fbc7f2e21313e65700c9
121608c30aacf52c102705e61117fc6a
12f2090c1c51f6800775e850ff6a0dd8
f272079b0678166a1324f1d30da4e720
ee94f6dbf94b02ce1f61fb960bc3ef1f
f86b1421f1e5f222fa0af955ff1402b0
f5c5e5a2f437f4f209bde77a109dff27
f3e1104c07c20bca0831fe79f494ec64
15ade514fa3807cdf99bf4ad04d4eafb
e257f7b20bf9f8db136e07d70926efcd
eebbf6c3ed93f4bb08611079f7d10cdb
fc000baef5ed0288f08805b9f9ca0ebc
f259f617129111ab03871ba1eee51059
0dd40824118b0eb7fc6a0ef3e785f923
f950f4ccf896fba41be3043a0f410835
eab90c40f90a028012c00b37222c0481
ff43ea87ed550c920bf603b8fd78016f
012e056003c7f3eae21c1b1bfd85046e
0772ff78f4210d42055af5e0f88b06c0
f74aee51fd36ef5c057717eb18e407e7
f8171653182706861bb4070001e307d9
061411d60520f692139cf9c1fb5f1c56
1219eb8f1488fd3ef9c5ff8608ec045b
1ecdfc6821f1f3a6018f020bed6dfb00
fcd718cc0e00038d144deba81399faf6
1713014207f2f38c042cea2dfd9dfde6
0519091de455ffc1ed56f29513bbfd6b
08e7f691fb00e501fabc083a0808106d
055e0623ebf60e090551ed1a1f81ffa8
e99b02b4ee8de8dffe7aed5c0b54e9a3
ff7afa8d071f198bf849032ef4b105fa
11f8ee8c1924e8aa1d1b01dafc0ff744
ed71f1a0ff36fe0d01c1eadd1029e5e1
183dfcd101f4ffc40e26107cfc220818
fbe2e61114d2e423124bee22179dedc4
ff7b089be6affb0b009efdf10bc1063c
1295ff7d18030ee40193173ef82f0c62
132cf4b4f69c1492f531fe3c1520f31d
f44204b0188604f30dbbf9cffd3ee190
0d940d9703141dedf74dfe9df094f691
1540fbb60e2ef8d0ff6aead1006ce96e
1392eb9800c3f01de6fd022cfdd8037b
fcc103940ad3dfdb049fdf7f029feb98
017b063f006def811322e94d0855101d
0155ed590c64f834ef87fc20f8cbf571
f7b7e6e6f9abe520ec4e0502e21b0886
e622f8d00bd801fd151107c4f9e20118
0afefa0bf4c50ab0fdbffd0afb8ae67e
e31c1ebd09030059feb0fbb7f626094b
fe87f23ff1c81088129c04700241fe28
f359e992fda004a2f50c14c2fc7d06df
fa71e36e030f02490ba40b16fd6de078
f3100708efddf05cf746f0e2f767f2fe
e567014fead8ec8607a1094609d31950
f8a10e8afeb30beaf5140357f0ff10c4
ed7ff69008690f710c9c12f9f2c60685
f832ef66049def380a781ad3f60e0d74
10070312f6d9094616e3eb0f1456f4b4
02b8fabdf64df59eedb40c4810eefcb3
18bdf29b0baf0a6a188309e716a00b6f
03a8049610990d30eede0a2afafff1d9
0656df24fc3201b1092012e2ff0801f6
12acecb1eb99f700f4ac0d240fa6f906
1440fb4e0daae441f508eb7e14e6f24e
f836edf109e1f638fa9eed67ef26fed3
ee0f109eff6e06b61d200e8b074cf209
e7cd0b5debd9fb06fe6cf47101d71740
ff27f2ceee05f889005c0ae5fb04071b
ff5dee7206aa167ff9c91cb8051f0a89
f8a911fbf829f256139b03d409a6efbb
f69d13621834099a121afc84019523f1
e427fc95ef8af550071ae935f9e5f298
121c0e0e015a08c01580ef4701a3ed8f
fc24f08a0c66ec7ff3170a8011ea130b
efa102ae017f02e32a9b0b04fb370aef
f7e4f5710af804c4f681ee4f00c3ee67
ec1109f309e3026c09590896e53df761
f4ef1c2af4370ff3f4ddf4b0e252fdbe
f7c511a3e980fcb9069dfe9e17771689
eac0054408b513a51b35fd5d0939fe2d
0024e5f1fe7fec1ef91cfe0ff1eafaef
0a710ffdfea4faa3f72c01bbf7f50232
038a050ee56712f0eaa706ae0508043f
f9c81193f6caeb92fdbff7830fa711c7
1469f177fa45150ffdfef7fd0267f36c
f69f04ad0363135f0abe1a5615a8fdcc
ed88027ffc8efea21a39fcac134ff3da
0bafe76504faee75f12cf4d9df6e08c3
16f5ebef0915e9ebe4d6060804fef33b
f8b6f8230c94ebcd0a12ed2ee9a0fd4f
07ab00ecfbf3f8cb0e6dfe6b1dfc048b
fd7c065009de09300e91f5a80363f1c2
0d81fe9704e800a6036e04d104650757
0f99037cf9380e7102eb223d11c90b1d
02dbfed3fed20b28fa260f8f0e981551
faa6f64efab8fe91076316a50631ffdb
e270fbdcfc5ee57afdecfab5fc000fb3
0cb906f5eb19f998f1da077fe7941413
e91a0b30f97d1e1de43eff8501b8fbd3
04e5122bf677fbd81319fa5af5bdf8ae
f56ee716effd0583fc6a0c7612de11d3
0cf1fefde80ff18f079e14f81cfaffe0
fa13fad2fd55eed9ece3ed4cffb50f64
0f49e95001030c4aec8efbd6f245e801
05b50efb022106ae187a188012cdf909
e55608ddf8def966e6f2f0b0fb190c9d
125cfbeafed3ed8a13340179f56010b9
eaba11efed48fdddee2eef3a09dffa24
0e781654ed6f0ecd03dbf0ff0ed80851
fc3de55d11affb7c0b46035f06d6f474
07240c9df19009f0e7cffcdffb2df63f
ee71f83702e9011016b81c5a03e20ee9
094be6331994f78d0b6b00e5020704c8
ec651594f234f14810c81141fe9c05a8
f34ce7f1e8d30bd5f5e9fd84092918e0
0d0003460e92f3320ad60d99fb16e96f
f9f5fcfbf70e020d0ba1e62c158207eb
008f0f5de6a900c5f22504e10358e94a
04481a97fc0ffa2eeb5bf28201951e32
f90e035cfe6f0f4c12bb1091049a0f01
169902660abaed1bf0b8e4e20132fb45
fa27ef7f0dbcf9b9e9ddf6dbe6cbf5e9
1709fdfafc0e0787eaee09dadff4fdd6
fe94f674fe0d065804f111b5219efaf4
1645fcf2ef55f83fe36f0756ec3011b4
034af68b0ab80436e780fa640a1debf4
f8f4139d078f076314b802fcee5402d0
f432f015f254f54ffe4e04b40d7f0aaa
f333f4dd1014fdc3118e06b0fc4901ca
e8fd0fb709a113a1080d0e60e98f0145
f284ff2400080ea60794eba3f1bfe903
f82ef01dedd510b002d815aafb11fc05
0d0717870d4b015f01b901100f7eebad
08001604123c0985fee0f13fec021941
f8890bd1dcfdf975f3b8f7260bdaf5f1
0301f88eecb8f287e7cafe6afeee1a02
04be01b70534f97019f3f023161af70a
fbb40772ea36134df645025512b0f3f2
dbecf82b05c9ebfbff15ecb0eeeefb69
f9551281017007ac209e019afce20105
f6be02150fc1fae0fd3fe2e6f231f16e
fe6b161cf01befbcfd970a53fa981b67
e6bae335fffbf665ffcaecd8fca70646
fad5f7390525049df767135ee555f636
eac305b5fbbafb901c0dfdbd028cf859
f5a1fff30651f66e08b9f0d701f60657
06ec031b0a0cf70d2140fe5009300110
fb7ff6840f4e0dc2fd850c0cff34087d
f96ee9f8d9ee0314ed71007af50eef19
fccbedeaf13af26bf2fa117f0a30f44b
f65ce91cfd3901b4fb4df967fb8f023a
1175e9ae078dea63facb0d1af821e8a2
fa89fb831295ffbc00d6f9d1f5e906c4
0c640bc5ffaaf34c0ebaff730b8efcaa
0300f7b719fa14ef06bef3ecfd82ff76
f94b1058050efd510db60009032ce8ba
f0fdfa4ffd760c6f0789eba2fb530205
f014f577036307db05e919d7f6fdee89
08e308eb2091ff65165bfea7fc9509a3
ed97fc68134e181d0e5319aaeb690680
fec0ea17fe0de6f916fcf2b60820f535
14531322fc741610f3c616db01db0486
07a0edf52317ed6af571f8ecf8cf0902
10a402091cc70e851558fe6cf0e2f4c3
0750f1520d44f07cf08b073af81ef724
fe2f15b30382fd0af53af642ecea119b
0ae107e0072e0521ff9bf505fd03f20a
f9ae0f101d0dfa620afefea0f69b1912
13020464fbf30bd20af4ff2a05c8f8da
f795ffae118009adff4b0112010f073b
fd7af60bfef208b307bd233efee7fbc5
f90d02ddfdd4ff56f45f0953ecb41ae7
fe7defedeee5fc4bf3001492fd1afe90
f27e0044df60ee2fe983083c0411176e
fd5cf4b111c6f55a01e3032cee4a0d4a
1ea50a490d340dad04c202e7065af91d
04250c8c03990fcef970fecbff01ff19
16e20b4206b1069bea9bf6e5ffb3f568
f811ec2d06aaf715fcdc0617f8ae0704
f6d7103a000f0a88e668100ddd5009a6
083beb6cec4c0adffe5ff30704ffeeab
ebe91a970b300f00fdf6ffd7fcf0e965
1e8c08680b45ffe7ffa1ec01f4f4febd
f1960b5903bd18b6e2550168ec8ffa0c
ff17050bef19e6d8fd76f2d5f35bfce4
156b16fc070e0e51018afdec0e0f0e78
f06af2fae4ed04cdfa2407540df00cd7
fa890a14dd7efb0af16bf6ba0b52e765
f325030d0fe108601211ea61098a06a9
045904fa070500e016f2f880fddedcf3
0908f28ffbcce6bfeeb6017f04831b1c
fa6e1c810700f910f78ef62bf44c0495
02eef3de1479f474f7d3e750e8020443
0decfd3c137305bdf8a00837e76afb96
06e3fbbff1f500c0ee920cc9f791003d
0bf3ff0c1177026afd6beb860de3f65c
e71e0528011af9df0a220bc2ed01fada
eafae8bbe740ff840af2060d0f07164f
107ef93b0173f145fd680a6bf590f119
ea5def3cfa79f4de0e4903631f3e12d9
debc010605cb06c4ff030fd4e226fdf4
ed3b102cf6c3180f19ea092df28c0132
14c4f86b0be5f0f2f870f76801ea01b5
ef1dfb93f0620b5b0c7eeca10818ee62
f8c7ffabe896f327faecf783115ae2d9
08ff19c7f8d0063df911f7a4face1719
0975f8a10cfb09b409200a6b177ff865
fe590008ed1aeebcedeb0515ede31c5a
1598ef75fa590924ea84f05a0f53e266
093800ce13e10b46089e1c30f9d20587
1a54ebba1025fa59ec0403dcfdddfbf6
ed81fddaeca3f38109c2f4360685f66e
0449050a14c403a9f80c17d1f71d0ccd
09b3109bee26f68c0f74e77409c3093f
ed440a6fecb601ccee04eb0a092df31a
13d5fd9ffd5e109106e60c0f11030832
e5580148f22207b4efa9f44cefece9d4
1fadf41e0ba4f7690518f7a4090bef87
e8c50708fe7ff013090a1190091816e6
ea6d0247f2861360fb2f02d8eea60ede
1c43f17ee79bfd4dff4a0b260efcf2ba
0617f593f73df104ea220c5b0e0a1291
0f140af9fc2505ceffcaf3211a8bf309
e503fe0afd4ee4cbf81ae790ea02fea4
f871ee61e8b9fe6a03cafd580c5a02f1
fe02fa68f76217bce63204b6e8fce692
0ed0f0ba00f4f729f5070ae8007bf422
0418edc10028f39103d5fd860282062a
1287e5df0056e78608cc019c1830f5a0
0660fb680399ffef0a150493127f0196
04f412380f81ff160131f81e0463fab4
18130622f906065c05b901ad00d909ec
f7f70bd80c3b1becf39207ef143704f4
ed4df377f4fd0a1813ed22cdf0d5fe7d
e895fd92fc5e10f1016617fc042d16bf
1aa010ed038f0156f1f1fbeae6bdec71
12fbee760e65ed39fad2f3bb054c0bfa
fb2c11e9ff15e9f20acf08931395141b
040afd3feedc15d7fc94f2cbfffa0048
f346fa05ea9ae3a4fce7f76e1487f809
f906f6eff98405cc0b0ff7b30c49f9b1
f82bfec4f8400b72f78d1b9ff87f0354
13e10f4816cdf6c0f42def86ed6afed9
12890035eb1300f6f7e8ed7705f2fbe9
ebc4072afad2f5b9f9c4e0f51737ecd8
0193f9670fb9018ef70ef4e0e48af1e3
f0291275054e006f0154050ae034036f
2621fecd12b802c0ee31f578fc830a5a
fc8bed4bfff40d2aff48163df3e3f662
0d2e1b5606c4ff6e0dbcf5e91da1f858
ff3b18b9f31c0b03e3bcf98af2ea098e
0cd6fe9f1a7608840714ea2ff32c0049
15bf0457fbe4095df751f8c40d19da46
02b3e67b0ce4e63200430747fb3016ed
06a5f6c4f1c1fbb9f2e30c3808c8ff55
018503a0ed4905f1eb66edd9f793f52c
1d54006c0d8cf98ff1b8f05905d7e52c
edf80ac405900f74f82b0b8cf814128f
f4c90ddcf93c1bee147c1441f890faa0
0254f2dae8e5f9f70046145f15411766
0d76f558036cf44af7611ac009c816f1
ecfdf44d0dfcf5bc0c91fca0fc46fe45
1e0200470f41f86d13670d2600a61436
f890f142f0fffe3afc110aaa1285fc27
145a1f00fc59fdbf0861f8bd14dd0e70
1054e4fb070507fff1681251070b0b19
09c7f41014e2f160f1a60057f20cf873
f67cf643fef2f74d026aef70f3f0f434
11d0f33cee0609dce267fe32f53ae9e0
f439088becf70cf2f04cfa800b15ec24
099403d80a29f643f40616a1f2200e5d
fbbae791006ff5b7f232099bec6e1ecd
14870ba9ff01ea29f657052effe502ec
f7baf9f20a5b0c4af4f7de4ff729f36e
fe6d0d23f721ef5905b70635ffb4fada
0f66fc43154e0434ec38fbe3eb9410e4
ec31ecb5f1a50fcbefb119ecf5530240
ebd80170036e0434035f163fe898f739
0ef71255fcb7192b0112fb3efc750518
f7931b79ff5925bbfd5207990872ee08
ebe6f399f352075b0b311a1d00c61499
f51d169f06020c8e12c70bd20716019a
f3eb049f0633e90e1472ee30ff391001
ff650db61c410625ff76f979ed82fefc
fcfa0855f595e8a8100d0456f9011eea
0117ea241afaf503134e035d11be10eb
0b0f003ce658ff66fb67f7b300bcf506
08ee17650f251da1f6311e3e04590206
13fcf25803c7fe950f4006f015b216da
fafe1b51ffbe0344eee406cbf3adfcd8
156a02f3165b1aed097419200af31a6e
f6dcfe070a89eb210695fc2ef35d0ac5
fbaf12b4ec2f11f1e784fdedf66cf1f3
0a57171def1bf61902a6f067063d1659
023cf09ff3dc10c4fc2712fe1bc105aa
f4db0943e07cfa7aff50f74d0f3ff6e2
fc6d13e50018118f110507b317e7078a
0c3f18030e910c2808a3e990fe48f742
f898f907179412a81db2127113fc0853
fa80004b0aba02bd12d31958f0d40715
10c40137052811fe0698f4240ed2fa32
174fff051db304f305c9f055ffdedf0f
12ffeb02fce80417f126142cfd52fba6
012b0be7fb5ff5cbffdbf9b117c708a5
ef42d9f2f86e011405e90662fad7f046
0d2c0602f9f9ed72f21a0953021d0b6d
1e01fd11ffbafc98f168f080f71bf5fa
1c9503ef03c402d4eda6054518cf0a30
f95ef2dc124ef47e1309fd300d75fbe4
02cae6851af9f020fb420236e3a10263
f765f230f327faa900b3f5c4f6d3ed82
1027f0e4f410ff8ce6f50722fd05f39d
0e95ff06134408dfe7700349f003f342
f94613d4f7cef3190ab71697046b1c68
ff9a04ec0eb1fdf4fcdee9b7fc3c0a4c
072a1c3af3b30965eea81066ec4c13f8
fd05ff10ee300ca8f8dff03b0dc1f90b
1b6a1480066ffd9fea7b0051fbdf001e
09331cd7114ff4fffb01ed25fc110ce0
fbe00e63118d1aec1941fd9507341315
160bfef205a30aaa11a605e30accef9c
f26fe9f2fd29f825e7a8145e04300f06
fdbae7090885eb8f0f2400e6ecf5fcca
08cb065c1076f2e8f7acfa3bf981fbb3
151a061ded13009ee58bf0b0f1e8fd69
ea04f1fc1023faf6f8350ea405de10b6
f5f6eeb6eb580de6fe0a165de211f7bf
0d3ee9800f35efe012620c8910f903e8
eadd0fecf57efc84054d16dc10bd0e48
0de9fb1f0f7215adfe7cf2b4e9480438
0381f3f4ff96f87fe88c2469f289fe9f
1189f717f71809f20faefd48138606ae
fe87e649fb980471f37c098e0cbbec31
e7dbf013f28eec090b06faaf0f66e7ea
f1b2f4ed075feaf804760197e44e1103
05f5ea90ec81fb87f4f0196a00a90d5e
15c3073615e207bf053dfb1b085ef62a
ec3a04c0023d01540408f8ccfe25f5d7
f7fc0594f851e40dff14e53dfde100f9
f148f4f110bcfc960fd00113ea5c0699
087e1c30f012f6e9021afc670fa60951
0159f848ef52fa50e3580050f552108a
02f7eabf043efa95f9bd154203151b0e
132e15020eb70bd91049fb23051edf3d
094e145011ec195d05c9e538079b029f
067ffeec0f150cc40dc5169d0b92ec05
fd440714063affd70084095eefa61cb5
fb52fbf5f451030f009f115b0dee0964
fbf70e47fd880585fb59016bf7120209
f3df0f1bf86df819e00cf3a0eb930a6b
024b03e9f629fc8af51af4bce77b0290
06e4fdb50859fc36e909fd9cf9e1056f
0a69e1b91a3a02a20a8602d9f285f64f
f32a0cc50b1df10a0236efc6f3fce52a
0353e5ace526efc404c8e5fc0846fd4b
e938024205a6f58bffd811ef07bdffab
1a250401053cef7cf5f2f598eb7b0992
f5f10d5e174cf2c3f06af8f5ee321b4a
095cfbd40d3903241aecf7caf714f61b
12961742f63b01b904dfee5a1c66fa7d
ecf10090fb27fe4be2100c71f85f134a
007fe0e705ebfa7017a3f029fc14f3b6
fa5f14d911420514fcc3113bf198f751
f447e89b05baecc6158cf474067c06af
ea4309c1f1f7eabf0e330227f610103c
19a70485040d10faf52c0b9c0a1a0896
f2e90248f7fef3050b48e8140952fcbf
0a9cf33b0459fe57deb70caded45ff24
15900d2e01be1c71fb230c64f9f70240
eb00e87e13a3f2d3ef810a59f3e4fd45
2023ffc0fe20e7d40626f2d3eb25023e
f2fd0a2809461239eff8079c0f0e028b
0985ff6ffdc5f41a14ca107af69913c6
eb06fc890880ea83ffa6ed0211b00964
e5c9f990ff4bff381817f302e8ddf4b0
ff35faf1f584f66ce8f40a96f0f001ee
f7f60f3f078914cc2075fc2e077c01d6
132dfaa0025f109a0c70f3ef15c8e7da
fa1e1afdf9fffcf1fd1eeb520a7ae17b
07a0feedfeedfed5ed3ffa5af77a1d92
fb7e19ee0a41f7900765e436f525e448
09a40019f8d60dab0968eb5612a5098a
ef6df574f5e0fe5ef5b615760092f1b7
10fdfa131144f80ffeb1f9f4f2700998
1010f3e9ff730d52f3851057fca1fdf6
fe40e472eaf0fd2fed9c061502e8ec4b
08fdf48df264f8210a4e0cac1d3f0078
1361047cfb83e8cfe978f8580118fe08
e311fd8cf7f80eacfd9effe80ab513ec
ecdf0143eb260a670d7109d0f599e571
f1d3f7521117e2ee0db3f197078c0e9c
0457084d119bf56d0e68e9c1eb75f399
fd1d074302be03b8068c1be800de1a48
fc99f9d7f52be7b9ff10ef9f05b3146e
12f3df01113d065e12280b220c97f176
f2fdf3f0f71cfa3bf4221bb2fbfd05b8
ffcbf33cfe490e03177a0afd1892f95e
e844f6f6112cf67cff24fa11e521f318
25ddf0830b9400dd100e07b90239fc2b
0b3afccefccf0443eff0f3f60b98ea44
ff23ec0c07a4f75cf8a51a0903890983
03c2f5a4053f06730c4d0e40fb7a02d5
f897052a052909c8f7f61ea6f94e0dfd
0ec2fd28f03309adf321fc01f95bf9ff
171c08240cadddbb054de9ab11a7fbd7
0dbe02711612fa9cf63debc002770919
1daf0043002efc4d074afe730044fab0
09f8138015c813d9f639f7631205ff27
07e9fc43f9ad0e7704630866fe87f1e1
ee65066609d604c4ff030b81fbc00ef6
0e030590e3860f2102b50d89072ffdcf
f17ff24300520366fabd0c4a103e0c28
1094f5fdf40cf5cd0d5d0d430500ff20
0d36f329fe69ffbae2d5fd0d0d52fda1
f763ff30f3201d16fa7118c5f624fd48
0c9ff0a1e89e04f7de4e093fff26eb38
119406f919f2057a06f117bd04e41110
e7f00c09eb67f965eebceb12f7b3fd2b
100905b0053c29390a03fff1fe47f1c1
fcc60da8e8451439f61217750d96f91f
072505740cf515edfde3f2550a5cf741
ef72f6d0fb6e02270fb0fdc5f73be70d
f2e10415f85506db0652026511ac0405
f651f2e9f84c17dcffb21261ed04ede1
f4c1110af681faa9faca05a705650cda
0796f75cf0970a7efd9a032bfad0faab
0627fd78ff80febfdb43f8bcfe0f01cf
0142f97d000efcd9fe99f627eca3e2d7
09d604bf0ec7f4f0f19aea8effebfc76
00eaf2ca1a9cea0407a2e613e70af88b
0b3c00860585125efce50677fa11eaf0
edf21753ec7e0b9efa1d018102b709a9
f5d60151ee3bfd1100b7fbd703f1fbcf
ef2d0e1af39a09670db1eeb00d0500db
145dfad609a409f7fb2ffdc2fd23f49d
f6dff29cf47cfbbefa1ee8100013d8a8
13a11241fddaed1d0909fc46117b0eac
f094e232ec7200effd4c015d13ed0094
f01216bef7530e30119d05dd08edfb81
fed8ed05e6f9fac70319e7dc1072e91c
f573ff8b1b97f82a10c7019f06d8f888
e3da0ca6ec27031a016500f0f0ae082a
1323fc2306d9e446fcabf496f14a06a6
f46cfa560f1fe3890e68ef2511ca1290
0996f37fef58069a0c8519c0fb160927
f55b025aff140456faae162d1f1f0f31
06ac09f3180a09140ac1f072e6a3f800
e772ecf4fecf07100dd5ff7c009af175
0c9c01b9022b1796177205c40b6dea4c
ffbc0b2ef453120bf8b2fac60a74e955
ffdb0b0305a9f551fa73eb0a016ef4e0
01ad06aef3f011d41229048107b50ef6
fe3fe8360983fd61f0d30967082ceff9
1ef8f7520bdce818fa3002a5e5a20b4d
fa2713270fbe089bf831fb330bd4faa8
17d4eee20e5ffd24fc1a09c4e3d11611
0bafdddefb19fef9efc9fe1507fae579
f880ed71ee64e8f8ec4812e90053fb1c
006c13bc07cd14290c3efccfff4b015f
0df6f95bfa98e8580a960f630ffe0f28
fcd2f8c61506f0ae0a03f82f13801a96
e735045bf612f5980d30fd5eeea6f369
0170062ff6900c3aef810202009b1833
0085041513eef3650866f0a9ea8ae27b
09c917cff947ff8710dcebcc1a8b168d
fd580819f1500dcfe24102caf79df484
0a831bd600b618220222eda0056afb8d
05bef2091281ee5b09910b6f05870967
f827fe4cf77913e1ec70f49cf4d3f0cc
ed17087308e8f06215ca12f4f6430b6e
fb8cee8202f5eb691776f4cd0f1009a2
000212b8f0f5fc5bf2e0fcd9f1451032
09f0eb37fdf8ec360c43f6d91c70f485
fd481ecb04251364053404c20b891176
fd8ce57210eb0038f2240537e45dfcf1
08fcf04cf30be93cfd63fa8efa11ed97
fe8022cc0dabf0e6f722f38803621500
056f0c7b1148ff6200e9e93fe995fdac
f28f0745f80ffe520bc2fea704411d55
079fe91b196d00d51a73072d0d0aea2c
15fb00600a42ec7d0348fe07f8820f44
09e702b1ee4ff1a9fe67e6d11eb6efa0
064d110a0a860902f9daf16a07cd0210
0ee40da00cb503a5030705d2f8fffeeb
0d721a89198f0c6efe8304e4fe20196a
02430869ff7f0355f9610703f65a0eb8
ed6cfb61f8340e4206ac05b103f2049a
f02118e0fbb5f8c6fca60278f81c0008
fee5f0a0dfe402d7fa0ff1ecf71d0acf
0d29f55f03b9ef82d6d80556006ef680
0fb5ea4af342f4ffeaebf8f7e5e9fb76
e4f011f2faab06be06aaf50b1953f091
060e16a00cdd16320e00026cf872fdfe
edb3f428122904aafc5707e3e2970964
03a10af1f141e8c20935fd1405f10319
0605f88d2123f50a0e5efd93fea91387
0c16fd6ffe0af72c0249097902f310c7
0403f838fb49f627e932ee7efad3f5a9
eb9e0a4efb6b19a91362fffe0993ee1c
f99d177a0369ee5f13affa99069507bf
0311e84e070efc851ee903a60e5f18b6
07fefd5cf91f101f092cfe1e1895edb2
f23eeb60fdbbff7afa66055e05c4e151
f9101f0af1dc181c0fcbf369fbe1f9d2
11670820fad8fa56e705f9e80b52f3f2
e2340058f89a06cd07240d21fad51efd
ea75f5cff5c4f20f0eb6e80f0172ee01
03f50e6febbe13300df5129c09d9f5eb
f2cf10aaf82ffeb40559f5211e96180e
14040b0416871466fd170391ec6df014
05b2090709ddf8cafb9eec7afa540601
ffbb051dfd29ece616aff2080ffcf9b3
f3b41657ff3a14ec109af790194c0c29
0078ea5eeefffd4ff790f87bf274ee2f
f508f561ec62ec1ce21f09ba0434fff8
06bf095c10b6ef5df209f453e0e20c1f
03b00d6c0b5f0bd0ef61efc7e34bfccc
0e94f005085c0c8dfd9b10970342fcdd
f4f51ccf00a31234f1d30e73e806fd93
0b3d00e40bf5f388f6b2f5fdfdd10e9b
dbe709d1fbf4fd9e097807c1e9ff0fb2
14f81607fac909fdf181ebf1f6cdfe92
08cb082b062d1b2c0523f8180986f079
0e8bfba9080aff6c0dc1097e0ff0f9e7
0790187cfd3df2020898e1e6189cfb6b
fd1ff2c7f947ea600862eff50f310ccb
f4600166072c1097f168f058f4aeec1c
173e04570c6904c7fe17f43eebe3e12f
ebd60cb110ef0a660487f5d4f8a4fce8
0d4dfa3cef45039f1c0803a91898fadb
efb8f7bb11a3fd72fc960206ff7d0300
00fc0bd7f33615650881f452fcc5e4f8
1c31f389fb36eeebec03e738fecff1f6
03a7ebe5ff70fec7e8adfeb209c5ed5b
ef6f0b33e53ef4c702890019fd97feb0
ebabeeebdcc4f14cf352f8a20f370bb5
1154f441033cef78e500ffe3ea85fc07
edfbecb2f22bfe04eea80cb3f7fe0894
fea6f0fe10fa09020d671b19f3c9ff00
f2e2f484ef9f1751027e069c09daf03f
f345fd3a187efacafdc80ea2e3e1f314
1480055b04281c2ef7091333ebcf0b77
fba00ea6072fea530ae8f9bc08070625
e662ffb5e0a90550e36bee91fb1bfd0a
06f3161000900742f7400890e4160f17
eefff5930130fb7101120480ecc4f118
0064f6cef96802e80454f8d90c71f1f1
f9150ffa0dd405a5f7020defe1d804be
131befeaf9c7ef820be9f2700c0705ee
f4aa07e2f5b20701fbbdfb7b198cf312
e0880a06132c05661aa40c8bf05c09fa
16ae00b50909f0270ec2f904017b0b3e
024d0c6f12711858fac9f81df085ffc8
0f1cfbeefc100db7eb9e15d90591f220
ece60c3c01a6fdb20a68fc8ced080c2a
20d2fbff039cff07fe79fde5142a05d5
f234f2c6038203f50499fc3e0628e826
00a20a83f871f4ebf43907caee7615f8
0fc6f547f22f1daf03ce05f91b0eee1b
ee8ffafb0f06ea0107c9eaac00bdf466
220409180307ff4ee6ebfc4befa6f141
fc1409150ca20aa707af0c91fb7d1b1e
0ddbfa51e800ebadfb9ef7c9184b029c
0727f139069b0efff10d058b03d4fa7e
f11ffeaa04e5f448ed1500ebe551f7fc
094503780189f378eedaf33fe7ebfddc
f3ef08100dc5fe1e0369f1edef6d062a
0853f7a8fff5126511f213590d45010d
fab3f04df4dd07b6f1ba166dfc1afcf7
0b7df7bbf16c0ebcdf6a16e3f56f04e3
f38be6c2fa9afcde0822085909a8f11c
04961a500e0c18f6ef870a2dee16f654
fd03141f0257195c0cd20c21f68d0f43
fe73f54809bb19bffe14069f039ef2de
055ef2adf5afff76fa4f177df3cd013c
e2bef9a20411ebc7fcc9eee000f5f269
0572e74fe8790376008e0bebf25e09b4
e15307a4fc3ee628e45ff73ef5fdee1c
127d07a0ff5b0dc307c6e9cdf1a004f1
f83103a908dff0a5f0b5e937f408eb07
f9100b31f4321cfe122ef2d513c6ec10
f6bf146004fbff45080a0809f3b80741
101201d714bf00291609f1e0181302d0
f39e14c10d6aff7b0624f347ef8602b2
fd84eb0fe2f20595f8acf624ff87f1d9
0fc71668faddeb68f978f96b1452fad7
e8e8ef1df2b8ff2ff1b6f8bff7e7138b
05a1eeb2fc8ef39dfd4118a9fd250000
ef2609ae09e9167b00e70b44f4f106ff
0cc8003c021d0225e183f968de55f2a1
258ffe131b80ff5700f1f307f5d6f553
024bf572fbdcf9aeea8af8440b3bf6c5
fe5f069aeeb2183305d91160fe47fa9b
feb20d2efaff078eead0ecf810fdf0f3
ebb8e56807940be6fa570e69d5aefd6f
1aeaf16104b2f0e00eb9044309daebee
e91e1427f983fa10012ef093127f069e
ec55e0dbf6b1f1b1061ee70df1ebee08
f769063ee8d9f37cff5004460513fd22
088ffded01fb045400f1f0d60284fa7e
12e4ea010e26066204720a2e0fcff8fb
f627075f0f6e086306521989f66bfbc1
fc2df1dd0206257111da031b0834fde4
0391fca80df6f415ff8f0ce7f256e149
1290fbecf917049cfbb5efe4027b06e0
12ebfbff0482e6480cef02601d3ef9a7
f073f15de4ddefaff725ed2d164d08bf
f1250e89eeff0635ffd50262fdebf787
1d3604cd03cb12ebfaf8f68b0319fcc2
18d1f16912050d1514210a5e1ddeea6d
0d0d14c4213f01cbf4e3065efead096e
fccdf53cf0d914870dcdf77cf67cec1e
ffd10db0f703ecdfef5efd64169608bd
ff40e09ff32a1310ef660640e9bbf3ef
109414f314020469f8171013fecd01b7
f1c903e5060d1e8efb9a0352f3d1f501
e89bf260f749f4cb1bfafef8fbc904a6
2012044d103a08eafcc104ad0a42edb5
f32e1dea00d006fbfcfbeea0f6d100cb
0f051ccb01461697f31e0310fa8109f9
fda90089e4190d1bfa2df69805c4fb2c
062a0e77ef58e66ff38d0472177209d3
007f11d8f747f5e1fb8fddc203841131
0977f66a001f0219feb1176a079f0fd5
f5611436fc4a060f0612ec550986f90e
f6a30979f54a2576f7f4061dfcb5f461
f208ec501405087207c8119fea67fa80
07e0e77309fbe8bc1f1dff150eb7f720
e399e8ff0529ef04f11ef395e5a0f42b
102df469e774f13807bf017f054ff415
088a16461182f204f63bef720654074e
faed01d3ff7a20340d830b900c66086d
f894fef61674f31f18b5fa73fa13f802
ea6ff715fa8af8b00f14eb5f0711eff6
f17cf8dee856ff440c021835022b138e
07f5032311e0ff7fed05ee89f35ee848
19c5fc54e6a8e2e2ff7af4a202d80cb0
13df13b00ffaf1aff26ee5a71cc1ff08
f9300e5de05a148ffb21f6d4092c007f
fce9f616fc58f4d0fb2b0181048f0670
0b900725fbeb1c6b01b915f20cf1f972
02fb0f5b0ef506b80b58e20f01e7f75e
032fe95ef27af69df013087b02ceed01
f7cbfe9d017e08531719f79e0c3905b6
fde0e6e70986f22af4122374f986fbb3
077507c3175d107b2415023cfa9e0bf8
04541f50f62bf583f98df2881111f59e
efc6ff40ff290bc7efeaf09ff36f0efd
12f3fc0a05fd16c701430cafe8e5ef40
221f0b38ffa1f3f0e7d6fa691160f448
e3e1f38beff6f69d077ff1540d390bf0
0c8c09b915a203500b4c08a103dfff08
ea72eb1d0a06f7740d0fee40f2d4ed2c
fc95263cfce5ff3eec050101eb2e0f0d
f056ff3f051f0b820944ecceec20f2cf
f52106acec7eeeb706f108510f451854
09aa04b70dcfff14fdbdf493f0dbfafc
05a7fcc4f7c8e3320fdbfd1d1b5f1549
e43cf939f0580d04ed10035efad00689
e443f5c90160f98f19a20130f90cee88
fff7fff80005fff7fffafffcfcd70d46
fff9fff9fffb00050004ffff0007fff6
00000009fff70002fffbfffa00020006
0001000600040009fff70004fffc0008
fff70009000afffbfffa0007fffa0008
00060005fffcfffcfff7fffafffbfff6
0008fff8fff900050005fff600060006
0008fffefff7fffffff8ffff00070008
0002fffa0008fff8fff90006fffc0004
fffc0004fffc0002fff80006fff60009
fffffffa00060009000a0007fffcfffc
00060004fffe0005fffafff6fff8ffff
00060005fffa0007000700030004000a
fff6fffe0006fff9fff7fff600030006
fff7fff9000afff9fffc00080005fffc
0000000900010009fff7fffa00030005
0007fff9000300020002fff8000a0009
fff6ffff00020009fffb00060002fff7
ffff0005fffb00020004000200000007
fffefffa0003fff9000a0009000afffc
00000002000afff80004fff8fffdfffb
0009fff7000afffe00090003fff90003
fffbfffd0003fff8000a00060005ffff
000200080001fffb0003fffa000afffe
0008fffe0000fffd000800090001fffd
fffc00060005000700020000fff80008
fffd00090003fff8fff70002fff6ffff
fffdfffbfffdfffafffefff8ffff0009
ffff000200050008fff8fffa00080006
00050009000afff8fffe000100010002
00080006fffffffe0000fffe0003fffb
fffefff9fff6fffdfffbfff90000fff8
fffcfff9fffb00030006fffeffff0002
0007fffb0001fffffffc0003fffefff8
00030004fffdfffbfffefffa0009fffa
0003000afffa0004fffd00080009fffb
0002fffefffc00080004fff800040009
fff6000a0005fffa00020001fff60004
00090006fffbfff70009fffb000afff9
fff80000000afffd000a0007fff60000
fffaffff000000030008fff60000ffff
00020008fff70002fffafffbfffafff7
fffbfffb00020006000700050002fffd
0002fffffffe0002fffafffa0001fff9
fff6fff9fffffffffffafff90008ffff
000500090006fffa00020001000a0003
000afff70006fff8fffafff900050006
fff7fffefff6fffb0008000700060004
00050009fffffffd00070009fffdfffe
fff6fff800080002ffff0007fffcfff7
000700060002fff6fff7fffbffff0006
000a0005fffa0005fffafffe0001ffff
0002fff6fffc000100000002fffdfffb
0001fff8fffcfff6ffff000000040008
0006fff60005fffe0000fff6fffffff6
fffe00010003fffa000afff800020002
000a0007000400020003fffe0008ffff
00050009fff9fffafff9fffc00040005
fffe0004000400060003fffb0004fff9
ffff0009fffb0004fff70006fff70000
fffc0001000300030004000afffcfffe
fff80001fffc00040005fff90007fffe
fffefff900080004000100080000fff7
fff90008fff90005fffe0003fff6fffb
000a00050000fffefff800050007fff6
fff7fffe0005fff70001fffefffd0008
fffbfffc000400080004fffefffeffff
fffdfffcfffd00080009fffa000afffa
fffdfff700070007fffe0004fffafff8
fff8fffb0002fff90002000200050004
fff8fffafffffffd0000fffdfffdfffb
fffafffa000900020005fffa0008fffc
fffffff7fffd000300080008fff9fff9
00030001fffefffa000000020000fff7
0002fffefff8000000090002fffb000a
0001fffc00070000fffbfffa000a0007
fffe00090002fffb00050005ffff0000
fffcfffefffd0001000afffefffe0002
0007fffa000a0007fffb0002fff70007
fffb0007fffa0009fff9ffff0001fff9
0001fffafffffffd00090000fff80001
fffa00060002fffa0001fffe0004ffff
00000009fff7fff8fff600050006ffff
fffa0000fffafff60006000a0004fffa
0001fffdfffbfffa000100080006fff7
fffdfffe000afffcfffefff70007fffe
0003fff6fff900000004fff6fff80002
fff90008000a000300060003fff70007
000a0002fffd0002fffd000afffbfff7
0002fff6fff700090001000a000a0005
fffeffff00020002000afffffffc0007
00040004ffff00010009fff6fff7fffb
000500060003000400060008fff6fffe
fff80001fffc00040008ffff00070005
fffe00050003fffdfff8fffb0002fffd
fffdfff60009fffefff7fffffff90009
fffbfffc000a0006fffdfff8fffa000a
0004000afff80006fffffff80005fff6
fff8fff60003fff800090008000a0005
0003fffefff8fffc000a000100040008
0008fffffffe000300020003000a0004
0000000a0000fff6fffe000900000006
0007fff6000a0003fffb0000fffcfff9
0005fffc0001000a000500080008fff7
fff600090005fff90001000afffefff8
0003fffbfff60006fff9ffff0004fff7
000a0003000a000900090000fff6fffe
000a000600090002000a00080004fffd
fff60002000300030000000afff8fffd
fffd0002fffefffffffafffbfff9fff9
000700050002000a00060009fffe0001
0006000a000400020000000a0003fff9
fff8fff6fff70000fffefffcfffd0001
000a0004fffdfffd0005fffb00030001
00080009fff9fff600020006fffbfffa
000a000a000afff80008000600070000
fff70005000300000007fff8fff9fff8
000a000500000008ffff000a0001fff8
000afffc000afff90000fffbfff80006
00000004fff700010008000900020006
fffa000600040003fff6000600050004
fffdfffcffff00010004fff80000fffa
0006000a000600090007fffbfffd0008
fff6fff70004fffd00080009fff60004
fffa0005fff90005ffff0008fffdfffa
fff70005fff70000fff9000afffafff7
fffe00020000ffff0006fff6fff60007
fff8000800000000fffa0006000afff9
000a0002fffa00040007000400080004
000afffcfff7fffffffafff7fff9fff6
fffc0002000500060009fffa0008fffb
fffd0005000afffb000700060003fffc
0008000300040009fff9000800060000
fffafffa00010008fffd0003fffa0007
fff900020007fff700010008fff80004
fff90006fff9fff9fff8ffff0002fffa
0001000400020000fffdfff600070008
0002fff6fffe0005fffbfffffff70003
fffcfff9fff7000500040009ffff0001
fff600060002fffafffdfff6000a0001
fff8000100080003ffff00080008ffff
000800010001fff60009fff7fff80001
fffbfffafffa00000009000100020005
fffbfffa0001fff9fff6000500040004
0009fff7000a0004fffafffc0005fff8
fffb0001ffff0009000900010008fff6
0001fffc0002fffe00070007fffafff8
0004000a00090008fffb000a000a000a
000400070005fff9fffb0002fffb0009
fff900070000fffafffa00050009fffa
fff7fff80000fffffff6fffd0002fff7
fffefff900050008fff8fffafff7ffff
000400000001ffff000100070006fff9
0003fff70009fff7000500070005fff7
000400030000fff90003fffafffafffc
fffc00070009fff6000800020000fffa
0006fff8fffe000100000005fffb0000
ffff000afff80005000200050006fffa
fff60008fffc000afff900050009fff9
fff90004fffcfff6000afffc0009ffff
fffc000afffc0000fffefff6fffa0008
ffff0002000400030006fffe0009fff8
000400020006fffa0004ffff0002fffd
fffe00070005fffdfff8000200020007
000800050007fff700020009000a0006
0001fff60008fffdfff6fff9fff70006
ffff00090001fff80007000100000003
fffd000a00040009000afffffff90008
0003000afff8fff8000afff8fffbfffa
fff8000afffc000400000008fffffffe
fffcfffd000800020004fffa0009ffff
000400090005fffefff8fff7fffbffff
fff60009ffff0005fffc000100090004
0009fff800020003fff7000100070003
0000fff90001fffdfff7fffe0004fffd
fffdfff80000fff9fffefff6000a0008
fffdffff0008000a0004fffd0004fffa
0009fffa0006fffa0005fffd00030005
0003fffe0001fffbfff7000500060003
0003fffdfffc000900040001fff90006
fff8fffe000500080004fff600080007
0002000700040003fffb0004000afff6
00020001fff7fffa000afff8fff7fffc
0009fff60003fffefff700000006fff9
000afffdfffdfff9fffafffb0004fffd
0000fffcffff0003ffff0002fff6fff8
0002000800070000ffff000afff6fffa
00050000fffc000800050009fff90005
000afffffff7fff9000200020009fffa
fff600020001fff70005000a00050002
00050005000a000600080003fff9fffb
000a000200080000fffc00090004fff8
00000003fffffffdfffdfff8fffffffd
0005fff9fff9000600030005fffcffff
fffc0001fffcfff6fffa000afff7fff8
0003fffffffd0004fff8fff7fffe0000
fffefff8ffff000afffb00040007ffff
00030000fffefff80008000600060002
fffa00050000000a0007fffa00010008
00030009fffa0008fffbfff800060005
fffe0008fffbfff80009fff9fffdfffe
00050007fff7fffc0002ffff00070001
fffc00060001000a0007fff8fffbfffb
0002000800000009fffb000000060003
fffefffbfffd0006fffafff80008ffff
fffdfff8000a0001fffffffd00000004
00060006fff8fff7fffefff7fffd000a
fff6fff8fff700060008fff700000008
fff8fffefffc0000fff6000600030006
000900050009fffc000900030005fff8
fffefffafff800000001000400000003
0006fffafff900000002fffd0000fff9
0007fff8000affff000400000005fffb
fffe0004fffd000900020001fffdfffa
00060003fff80000000a000000080008
000300000001ffff0000000500060008
fff60009fffc0001fffa0008000afffc
00080009fffd00020006000afff7000a
fff600090007fff9fffd000300030008
000a000800040009fff7fffe00050007
0007fffd0005000300090004fffb0000
0003ffff0005fff9fffe00080008fffb
0009fffbffff00080004fffefff9000a
fff90009fffa0009fffcfffefff8fff7
0003fffd000afff9fffbfffd0008fff6
fff800000001000200050004fffefffc
000a0007fff7000a000afffefffc0007
fff9fff60000fff8fff9000afffc0003
000afff800020007fff9fff7fff90005
000500070005000a0008fffc00090009
fffa0008000afff8fff8fff80001fff7
0001fffc00010006fffffff9fffa0001
fffdfffd00080006fffffff7fff90009
0003fffffffd00040004fffa000a0005
00060006fff9fffa0004fffafff90006
0002fff9fff800090004fffcfff8ffff
ffff000afffcfff80002fff7fffc0000
0003fff9fff9fffefffefff7000afff8
fffafff70004fffbfff8fffafff9fffb
0005000afff90005fffefffefffd0009
0009fff9000afffcfffcfffb000a0001
00030008000600040002fff9fff8fff9
fffefffefff8fffa0004fffbfffe0005
000a00040009fffe0007fffffffbfffd
fffb000a00030009fffdfffd0003fff9
fff80009fff70004fffbfffcfff80006
fff7fffc000700030003fffd0008fff6
fff7fffe00060007fffffffa0005ffff
fffafffe0003fffe0005fffffffafffb
fff9000afffbfffaffff000300010004
fffcfff6fff7fffcfff8000200080006
0007fffdfff600020009000800010009
fffffff9fff9fff7fff6fffa000affff
fff80001000800090007fffb00000007
fffb0008fff800080004000300050001
0002fff7fff9fffdfffb0000fff70004
0006fff80008fffffff90003fffb0005
fff9000400030002fff900060000fffb
00090002fffdfffbfffdfffefffd0007
fffc00070003fffa0007ffff00050003
00010002fffcfffcfffb000a0008fff9
00030000fff7fffffffc000afff80007
fff6000200070008fffb000700080009
fffffff90004fff800030004fffafff7
0007fffa00050007000500050005000a
fff7fffafff8ffff0004fff70001ffff
0006fffa00060006fff6fff90007fff6
fffb000a0000000400090001fffefffe
fffbfffafffa000500000008fffa0005
fff6fffbfffa00080000fffefff80006
fff70009000600040005fffe000afff6
0002fffd000700080001fffdfff90008
0002000800030001fff700010002fffb
fffefffbfffdfffffffefffffffbfff8
0000fff800070008fff9fffd0006000a
fff6fffcfffbfffb0000fff8ffff0007
000afffaffff0002fffc00040007fffb
ffff000afff8000afffb0004fffdfff7
00020008fffafff7fffe0008fff70009
fffa00060000fff600060001fffc0000
fff7fff900090007ffffffff0003fff8
fffb0004000900080001ffff0001fffb
fffc0007fff8fffa0004000100050007
000000060009fff8fffc00000003fffc
00000009000800070003fffd00000008
fff80003fffdfffa000a0007fff9fffe
0009000afff7000300030000fffdfff9
0002fffdfff7fffcfffffffa00090005
00080009000900030000000500040001
fffd00050000fffdfffdfff60000fffa
fffdfff700020002000400030001fff9
0002000900010005ffff00050005fff9
fffcffff000a0003000800000004fffd
fffa0001fffefffc0001fffb0004fffe
000700000006fffefffafffffffc0005
00030008fffd00080000000a0009fffb
fffe0006fffd0007fff7fffd00040006
fffa000500060004ffff0001fffc0009
fff7fffe000000070000fff70007fffa
0001000afffc0009fff9000800020006
fffe00090003fffefffffffdfff90003
fffe000900020008fffcffff00080004
fff700030003fffa000a000700090009
fff8fff700090000fffd0000000afff9
fff70002fff6fffafffefffa0004fff6
fffd0002fffdffff00030001fff9fffc
000a00070009fffe000800050006fffb
fff60007fffbfffb0002fff6ffff000a
fffafffb00000009fffe0000fff6fffc
000700030002fffd000000050002fffd
0002000600010009fffc0001fffbfffd
0003fff6fffc0005fff9fffafff8fff9
0002fff6fff90001fffefff8fff6fff9
0009fff8000600080001fffa0001fffc
fffcfffc0007fff80007fffb0009fffe
fff90004fffb00050005fffcfffe0005
fff6fffffffc0002000900050006fffc
0008fffc0001fffffffcfff70007fff8
0004fff600000003ffff0005fff80006
00000007000400010007fffdfffafff7
0005000400090007000200040003fff9
fffefff9fffc00000001fff9ffff0008
00080009fffc00000000fffdfffa000a
fff8ffff000100080003fffe0004fffe
fff800010008fffd000100040006fff8
fffc0004fff7fffbfff9fffd00050009
00040004fff7fffd0001000a00070001
ffff0002fff8fffbfffb00090005fff7
fffdfff9fffb000afff7fffdfff90009
fffa0000ffff0002fff70008fff8fff6
fff7000a00050002fffafff9fffdfffc
fff6fffc00000006fff6fffdfff70005
fffcfff7fffe0006fff70005fffc0007
0002fff7ffff0008fffc000afff90001
000afff6fffd0001ffff0006fffe0007
fff70006fff9000900070000fffbfffc
0001fff7fff7fffd0009fffb00020005
00090009ffff0001fff60004000a0001
fff70005fff70003ffff00090002fff8
0006ffff00040000000000080009fffb
00030000ffff0007000a000700040001
00090006000a000000070004fffdfffd
fffcfffdfffefffcfff70007fff70009
0006000700090006fffdfff9fff6fffa
fffcfff7fffffffa00050009fff9fff9
fffb0002fff800090007fffafffa0009
ffff0005fffefffafffbfff90009fff9
00070009fff60003fff9fff6fff90001
fffdfff90002fff700040008fffb0007
ffff00090002fff9fff8fffbfff70009
fff70007fffb00080009fffcfffafffe
fffd0004ffff000200040001fff8fffe
0000000100050001fffefff7fff70000
fffe000500060002000600010005fffd
fff6fff9fffdfffd000700040004fffc
0005000a0001fffe0003fff800050002
00040000fffffffa000afff7fffa0007
0002fffffff70008fffffffdfff90009
00090007fffa000200060006fff80000
fff600030003fffd0006fff7000afff6
fffcfff9fffb00030005fffb0007fffe
fffdffff0007fff600030002fffa000a
0003fff9000afffdfff7fff6fff70005
0007000500010001fffb0001fffc0005
fffcfffc0009fffafff7ffff00070006
00020009fffc000800020002fff7fffb
000800030005fffe0003fffffffbfff9
fff800010001000500040003fffbfffb
000700050003000a0009fffafffafffe
fffbfff600000003fff6fffe00040009
fff7fffe0004fff8fffa00050006000a
fffd000a0000fffc00020002fffcfffb
fffb000a0003ffff0000000a0000fff8
00000004fffe000afff7fff800050009
00050004fff9fff6000800010006fffc
fffc000700090004000800040007fff6
fffc00060004fffd00030001fff8fffb
00000003000afffafffafff70008fffb
fff900090005fff90009fffbfff90008
fffe00060006fff70004ffff000afff9
000afffcfffd00030004ffff00070002
fff8fffafff8000a0000fffb000a0007
fff7fff7fffdfff8fff8fffe0003fffd
0007fffd0008000200070005fff6fff7
00020006fff6000a0003fff90008fffa
fffa0006fffcfff70004fff60006fffe
000afffb0009fffe0009fff8fff6fffb
fffffff8fff7fffcfffc0004fffbfffc
fff6ffff000600060004fff6fffc0000
00020006fffcfff800090006fffa0000
0000fff700010004fffdfffc00030002
0003ffff0002fffafff60003fffb0002
00010004fff900060005fffb00030002
0002fffcfffd00000001fff600090002
0006000afffd0005fffefffa00030003
fff600040007fff80005fff600020009
000600030004fffe000400080009000a
fffcfffefff8000afffbfffd0004fffb
fffa000afffb0001fff7ffff0006fffe
0000000900090005fff8ffff0000fffc
0008fffdfffe0005fff6000300080001
00070001fff7fffa0009fffd00010009
000a0009000700000004000200080007
000400010001fffe000200020009fffd
0008ffff000afffcfff8000100060005
0000fffe0009000000010005fffd000a
ffff0001fffb0007fffa0008000afffc
fffb00060000000700010004fff8fff8
00060001fffefff90004fff8fffefffe
fff900090007fff700040007fff90003
0003ffff0007fff6fff80001fffbfffe
0007fffafffefff6fffc00040006fffc
0000fff90006fff80005ffffffffffff
0005000700060009000400060006fffc
000afff90007000100060005fffbfff6
000900050000fff7fff6fff80005000a
fff80005000a0006fffb0009fff8fff9
0003fffe0005000afffc00090003fff7
000600040009fffefffcfffdfffa000a
0000fff6fffafffd0007fff700020004
fff9000a000afffbfff8000200060001
0007000500060001000500050008000a
0003fff8fff900070009fffe0005fff8
fffdfffdffff00000002fffafffd0008
fffa0001fff800070000fffb000a0009
0009fffbfffbfffa0002000afff7fffb
fffefffb0003fff700080005fff9000a
0008fff700050004fff9fffdfffa0006
fffefffdfffb0008ffff000000030007
0004fffc0004fffefff7000100060000
fff60006fffbfffafff8000700060005
0003fff9fff70008fff6fffdfff60004
0008fff90001000afff70001fffffffc
fff9fffdfff9fffdfff80002fffa0003
0001fffffff90006fffd000700090004
fff8fff80009000a000300050002fff7
00070008fff8fff600080005fff70000
0003fffdfffdfff600090009fff6fffb
0009fff70008fff6fff8fff600050004
fffffff7fffbfffdfffd00060000fff6
0006fff90007fffb0008fffd00090007
0006fff800060003fffbfffa00070002
0009000a000600090009fff8fffcffff
0008000a00070001fffefffc0000fffd
fff9fff60005fffcfff6fff800080007
fffcfff6fff6fff600080006ffff0007
00090009fffe0008000afffcfffd0001
fff600010000fffcfffd0005fffd0003
fff80002fff70006fffd0008ffff0008
00030003fff90008fffffffd00090003
0006fffe0007fff8fffefff60007fff8
0009fffc00020006fff8fffc0008fffd
0004fffd000300000001000900070006
fffa0007fff9000500000006fffc0001
0003fff60008fffcffff0001fffc000a
00060007ffff0009fffd0004fffefffa
fff7fffc0004000600060009fff7fffe
0000fff6fffaffff000800080003fffe
0008fff9fff7fff90005000400040002
fffb000100050003fff9ffff00050008
0005fffafffffff7fffa000600020006
0001ffff0000000900050000fff80001
fff800030008fff9fffe0003fffd0006
00060007fff7000400050009fffe0007
0006fff70009fff700050003fffe0008
0008fffafffe0006fff7fffdfffdfffd
0000000affff00040004fffafffa0006
0002fffa0000fff60001000900030004
000800050008fff80003fff600010007
fff8fffefff8fffdfffdfff60002fff6
fffb0001fffafffcfffffff9fffbfff6
fff7000100080003fff6fffffffe0002
000afff60007fffbfff7fff7fffcfffb
00000003000afffcfffafff8fffe0004
fff600010007fffefffafffbffff0004
fff9fffe00050002fffafffa0002fff9
0006fffe00050003ffff000500040007
00020003fffb0006fff80009000afff7
0006fff90007fff80000fffafff6fff6
0006fff7ffff000200060003fff60003
fffafff9000300090005fff900030004
00080004fffe000afff60003fff7fff6
0002fffafff900040006fffafffa0006
fff8fff8000500060006fffc00000002
000a00070007fffdfff80002fffd0004
fff900050002000afffffffcfffa0008
fffefffcfffffffefff6fffafffdfff8
fff90007fffa0009fffafff90006fffa
0007fffcfffbfffffffa00060008fffa
fff80007ffff00000007fffe0001fff9
0002fffdfffe00080006fffefff9fffb
0008fff8000100070002fff70007000a
00000007fff9000200050008fff8fffe
00080008000600030005fffe0001fff9
0006fffb000afffb0009ffff0007fff8
fffa0000000afffcfff80006fff7fff8
000afffffffc0004fff90008000afffd
0004fffdfff7fff700070000fffdfffc
fff70009fffd0000000900030000fffa
fff7fffcfffc0004fff6fffa00060003
0008ffff000a000200030002fff6fffa
fff900030005000a000a0000fffa0000
fff700080005ffff0008fffd00080005
fffdfffdfffbfffafffbfffa000a0008
fff80000fffeffff0009000400010003
0001fff6fff9fffcfff8fffdfff80000
00050002fff8fffefffb0002fffafffa
fffd0005000900090005ffff00030001
0004fff6fff6fff80000fffbfffe0007
fffcfff70008ffffffff0005fffc0002
fffb0009000afff6fff6fff8fff60009
0008fff60009000500010005000afffa
fff6fffd0003000a0002fff7fffa0000
0006ffff0005fff80008000100030002
000100050001fff6fff9fff800020002
ffff00000009fffa000afffc0006fff6
00020001fff90008000affff0001fffd
fffa0005000a00060008fff6ffff0008
fff6fffa000a0006fff70000fff90009
0001fffe0003000a00010007ffff0009
fff8fffd0004fffe0003fff8fffe0004
0009000600090001fffcfff9fff90004
00050002fff6fffd0004fff60000fffa
0008fff9000300050006fff7fffc0006
0003fff90009ffff000a00060007fffb
0007fffa0008fffa0005000400000005
00050002fffcfffdfffafff8fff70009
fffa0008fffaffff000400020000000a
0000fff600030005fff9000600060004
0006000800020008fffd00050008fffa
fffb00010003fffdfffb0001fffe0001
fff9fff9000a0003fffb00030000fff8
0008fffefffffff8fffbfff80001fffe
0007000afff900040006fffffff60006
0004fffdfffffffefffa0006fff7fff9
fffbfff80002fff600010001fff90005
fffbffff00020008fffd0004fffe0009
fffb000afffefffb00040001000a0000
000100040003fffcfffd000200080005
0003fffa0007fffafffdfffc000a0009
fff9ffff00070002fffdfffc0002fffa
00020002fffc00060000fff90008fff6
fffdfff900080002fffcfffefffbfff7
fffb00010002fffa0006fffb0009000a
0001ffff0004fff60005fffa0002fff7
00020005fffffff7fffe000200060008
000afff900060000fff60008fff9fffa
0004fffa00020001fffffffafff60004
0007fffcfff8fffdfff70009fff70006
0005fffc000900010002000900040002
00090003fff8000000030009fff60008
fffd0008fffdfffc0009fff80004fffe
0007fffa000300010003fffcfff8000a
000afff9000a0000fff7000700040001
fffbfffcfffefffffffdfff8fff7fffb
fff7fff7fff600030002fff60006fffe
fff70005fff90009fffcfff600070009
0004fffbfff6ffff0009fffb0002fff8
0006000900050009fffcfffffffcfffd
fffcfff80008fffffffffffb000a0000
fff9fffafffe000000070006000afffa
0008fffafff6fffb00090004fffa0003
fffbffff0009fffb00050005fffb0003
0000fffa000afffefffa000100060002
fff8fff6fffd00000003fff900010004
fff60000fffd0001000900090005fffb
fffe0003000800070005fffd0004fffc
fffbfffafffc0000fffd0005fffe0002
fffd000000020009fffffff60007fff9
0000fffe0000000800050000000afffa
0009000300030005fff8ffff00010006
0007fffc0005fffdfffcfff80009fffa
00000007fffd00050006fffa00090009
000100040002000100040006fffefff7
0001fffd000afffd0000fff6fff9fff6
fff800060009fff600010001000a0008
fffbfff9fffefff7fffc000000040001
0003000900080004000700060009fffa
fffb00090003fff9fff6fff8fffcfffd
0007fffdfff800040006fffb0001fffe
00080004fff60001ffff0000fffe0007
fffa0004fffcfff8fffd0001fffe000a
00090000000600030002ffff0006fff6
fff6fffc0002fffafffcfffa00030007
fffbfffa000600060004000afffffffb
0008000a00020002fff9fff9fffbfff6
0000fffe0007fff900050002fffafff7
fff6000300090005fffa000a00080002
0001ffff0005fffdfffffffbfffb0000
fffefffafff80001fff9fff7fff80006
0009fff6000afff8fff7000afffafff7
0008fff80009fffd0007fffd00050005
0003fffb00060008fff8fffdfff9ffff
fffefffffffd0005fff900000008fffb
ffff0004000600000002000100030009
0002000100010004fff9fffbfff9000a
0005fff80006fff8fffa0007ffff0004
fff7000afffffffafffa00050005fffe
fffa00020001fffe0004000900000000
fff8fffffff600080003fffefff8fffa
fffa0007000800060007fffe000afff9
ffff0009fffe0004000200010002fff7
fffb0006000500040005fffa00050000
000400020004fff8fffefffb0003000a
000300090009fff80003fff600070003
fffb0003fffafff9000a000afffd0008
fff7fff9fffd0002fffb000a0008fffa
fffafff600000000fffefff6fff90004
00020001fff6fffc0000fff7fffd0008
0005000500000007fff9fff6fffe0007
fffbfff9fffbfffb0002fffe0008ffff
0001fff8fff9000afff7fffc00020005
fffdfff70001ffff000afff8000a0008
fffb000a000a0001fffffffa00000009
0006fffdfffb000a0001fffc00000007
0003fffc000000030008fffb0009ffff
0004fffd0006fff7fff800040009000a
fffc0002000afffb00020006fffc0008
fffe00090000fff90004fffe0002fffb
fff700000000000afffdfffafffd0007
fffb000600010007fff7fff9fffffffc
0005fffefff8fff80000fffbfffcfffe
0002000500020004fffafffefff70003
0003fff8fffc000000070007fffeffff
0005fff6fff8ffff0005000200030004
fffc0002fff8fffdfff9000afff6fff6
fff90008fff70000fffd0009fffd0002
0009fff80007fffdfffffff9fffcfff8
000600070006fff90000fff9fff8fffd
0008fffb0003fff9fffefff600020001
00000008000afffafff60009fffc0003
fff6fffbfffe0001fff8000a0006fffc
0004fffa000600040008000500020000
fffe0008fffd0009fff7000400090004
0002000000000001fffcfff9fff80002
fffc0005fffd00090006fffbfff9fffc
fffe0005fffdfff7fffe00020008fffc
00090003fff8ffff0005fff7fff6ffff
000300060004fffc000000060000fffe
fffffffdfffe0004fffefffafffefff9
fffc0009fffa000afffb000600090007
0005fffbfff8fff90002000a00000004
00020008fffe0005fffdfffffff90008
fffdfff9fff9000000090006fffffffe
0002fff70007000a00000007fff9fff8
fffc0007fff60008fff8fffa0002fffd
0003fff8fffcfffffff700020004000a
0007000a000800060002fffffffcfff6
00030003fffefffc000000010006fffe
0008000affff000700050007fffefff6
0008fff70006fffd000000080006fffa
fff6fff600090002fff8000100090002
0009fffafffbfffbfff8fff70009fffa
fff8fffefffdfffefff900060006fff9
ffff0002fff60001fffb0000fffafffa
fffb0000000900000008fffc0002fff7
0005fff90000fff9fffbfffbfff60005
0008fff9ffff0009fffdfffafffe0003
fff70005ffff00010004fffa0009fffe
fffdfffc0007fffbfff7fffafff70000
fffefff60004fffdfffefffefffbfff7
000200030000ffff0003fff8fffcfffd
0000fffc000900010004000afffd000a
fff90003fff700020007000afffa0003
000100080005fff80007fff70004000a
0006fffefffb00000008fff8fffa0004
0000fff7fff70002fff8fffcfffd0001
fff6fff60002000afff6000100020005
0000fffcfffffffe0000000000040000
000800080005ffffffff000700070004
0007fff8fff900020006000900030000
ffff0008fffefff80006fffafffe0004
fffa0005fffe0003000200050002fffc
000800010001000600080009fffafffe
fffe000a000afffe0009fffefffd0002
fffefffffffe00040001fff9fffb0001
0002fff8fff8fffcfff7fffe0001fffd
fffc000800020009fff9ffff00070008
0000fff7fff9fffe00050008fffa0000
fff7fff9fff9fff8fffc0000fffaffff
fff70009fffafffc0001fffe000afffb
00010008000a0004fff8000800060006
fff90004fffffffa0007fff8000a0002
00000004fff9fffafff7000a0002000a
fffd0001fffcfffd0008000900000004
fffeffff000600020004fff700000002
00020007fff6fffb0003fffa0002ffff
0006fffd0008fff80006fffd0000fffb
0000000300020009fffefffb00020008
fffdfff60007fffbfff9fffd00040008
000a0004fffcfff9000500010003fffe
fffcfff7fffc00040007fffcfffbfff7
fff8fffc000afffe00080000fffa0006
00050009fff8fffc0008fffc00050009
fffefffb0005000a00040006fff9000a
fff9000a000000090008fffafffcfffd
000300060004fffcfffe00000001fffd
0003000300060006000800020004fffb
fffa00040006fffafff9fffcfff9fff8
0005fffc00030000000100010003fffc
fffa0007fffefffd000900010002fffe
ffff00020000000700090006ffff0002
fffa00090008000000080005fff8fffb
0006fff6000800080003fffffff80008
00080000fffefffafffffff8fffb000a
fff8fff90007000300080002fff90006
0007fffd0002fffa0008fff800000005
fff7fffc00010004fffb000a0003fff8
fffc000a0004ffff0008fff700000001
00010003000afff6fffafffb00030005
00060005ffff0003000800080009fffe
fffefffafff7fff7000700030001fffa
fffdfff9fff6fffcfff700080000fffd
fffe000afffc0001ffff000a0000fffb
00010002fff6fffe0000000600080001
0009fff6fff80002000100020002fffe
fff6000600060006fff7fffa0003ffff
fffe00090002fffffff9000700010004
fffb0007fffffffd0008fffffffa0006
00040008ffff00070003fffafff80003
fff6fffe0001fffb00040005fff7fff7
fffffffcfffbfff8fffffff600090006
0008fff7fffd0001fff70005fff8fffe
0006fff8fffb00090004fff60000fff7
000100020004fff70009fff900090006
fffafffe0008fffc0002fffb00070003
000afffb0000fffafff8000600010006
fff80003fffefffc0005fffc0004fff9
fffa0000fff6000900050006fffafffb
fffdfff6fffa0007fffdfff700050000
0004000100000001fffdffff000a000a
0002fff7000afffd0004fffe00080001
000000010002000500090001fffc0006
00080009fffcfffefff800010002fffc
fffe0007fff8fff7fffd0002fffefffa
00030000fffdfffa0000fffafffc0005
00030002fffd0004fffdfff700050004
fff6fff8000900060003fffafff80007
00070005fff70003fffa000400000006
0008fffd0009fff9ffff00040001fff8
00090001fff80005fff7000afffbfffd
fff8fffbfffafff8fff9fff6000a000a
000afffafff6fffffffcfffffff8fffa
fff90007fff60001fffc00060009fff6
fffb0009fff8fffe0000fffbfff6fffd
0000000000090009fffffffcfff8fffd
fff60003fffd0007000a0000fff70001
000a000a0000fffb00020007fffdfffb
0002000afff6fff6000500040006000a
0002fff7fffb0006fffe00090008000a
0007000500050006fffc0003fff70009
00030000fffdfffdfffb0007fff70000
0009000900090003000a000000070000
fff80000fffd0005fffbfffcfffe0000
fff8fffa000800000005fffefff6fffd
fffc00040008fffffffdfffd0007fff8
00050002fffdfffcfffffffcfffc0009
000800010005fff60004fffefff70003
00040007000afff8fffb000a0003fffc
0008fff9ffff000afffafff7000a0003
fff90004fffefffdfff6ffff00040000
fff70008000900010001fff600060004
0002ffff0004fffe000300030006fffc
fffb0005fff80009fff80000fffcfffd
000700080009fffcfff9000100040004
fff70008fffd0009000700040004fff9
00050007fff90006fffa000800010006
0008fffcfffafff70007fff90005fffc
fff8000400030002fffb0005fffcfffc
0007000900020002fff9fffbfff70000
0008fffafffc000400070000fff8ffff
0001fffb000a000a0004fff7fffdfffa
0000fffaffffffff0004000a0009ffff
fffe0000ffff00030005ffff00050008
fffe0003000a00090009fff8fffc0006
0002fffafffd0001000afff700000001
fff80008fff6ffff0003fffcfff60005
0000fffc0008fffe00020001fffefffe
000400070003000400050002fffe000a
0003000600030002fff80005fffdfff9
00090007fff9fffc0008fff7000a0005
fffd000a000100000003fff9fffc0008
0006fffffffb00030004fff8fffd000a
fff9000a0004000a00070008fffcffff
0002fffb00040004000100070005fffd
fffc00080006fff7fffd0009fffc0004
000afff70009fffdfffafffdfff60009
0007fff8fffbfffdfffe000900050002
0008000200030008fffefffbfff9fffd
fff8fffefff7fff6fffb00070003fffc
fffcfffe0008000800070002fff7fffe
fff8fffb00010007fffcfffbfffefff9
fffb0007fff7fffcfff6fffffff7fff8
000a0000fffd0009fffe000a000afffa
fff7fffcfffafffb00050004fffcfff9
fff6fff800070008ffff0002fff9ffff
fffc0009000200010009ffff0001000a
fffbfffa0007fff6fffefff9000afffa
000900060009fffffff6000a0004fffb
00060004fff600010007000800090001
fff9fff70006fffa00000005fffffff6
fffbfff8fffb00050000fffafffa0007
fffa00060000fffd0004fffdfff90004
fff7000a000500090009000100020009
fff6fff6000a00070008fffcfffa0003
fff800080004000affff000300000005
0009ffff0000fff9000a00040007fff6
00010005000afffa0003fff600000007
fffb00030008fffb0001fff900060006
fffffffa0003000000000000fffd0006
0001fff6fff60006fffd0005fffc000a
00090002000900030002000000000008
000700080008000900010003fff90009
000200080000fff6fff60001fff8fffb
fff60002fffe000600060007fff90002
fff8fff6000afff8fffffffcfffefff6
0002fff700050002fff8fffffffa0005
fff6fffbfff70003fffa0008fff9fffa
fffe0009000500070005fff9fff6fff7
fffe000000090000000500060000fff7
00050000fff70001fff70004fffbfffc
fffcfffafffb0004fffefff60004fff6
fffafff7fffd0002fffafffa0003fff7
0009000a000a0007fff6fff70006fff7
fffd0002000a0002fff600020002000a
0003fff800080002fffffff6fff7fffc
00060009fff6fffafffb0006fffefff8
fff7000200060006fffd0001ffff0002
0004fff70007fff90006fffafffbfffe
fffe00020003fffbfffdfffbfffdfffb
fffc0006fffd000a0002fff70002000a
0004fffe00070008000a0006fffafff6
00060008fffafff9fff600080009ffff
0000fffefff8000000070007fffafff7
fffffffbfffd0002fff6000700050008
fffffff9fffcfffafffe0003fffffff6
0006fff90008ffff000100050000fff9
0000fff60000fffefffc000a0007fff9
0000fffb0009ffff0003000afff80005
fffffffb0005fffffff9fffc0007fffb
fffbfffb00040000fffd000afffdffff
fffb0005000a0003fff9fffafffa0001
000500040000fff80003fff60004000a
00040002fffbfffc0009fff8fff7fffd
fffbfffb00080006fffb00020002fffd
fffb0004fff7000400090009fff8fffe
000500030004fff8fffb0003fffc0005
fffefffb0007fffe000600060008fffa
fff9000a00050006000a0002fff6fff6
0007fffffffefff8fffe0009fffe0001
00070007fff700040008000300020009
0000fffb0003fff80000fff80000fffe
fffd000afffbfffa0009fffcfff90004
fffdfffbfffdfffdfff8000a000afffc
0002fffafffd00040003fffdfff80000
00070009000400000006fffd00090005
000800060004ffff00060007fffb0000
0005fffdfffd00060008000a000afff6
fffffffdffff00030006fff70007fff6
0005fff700020008fff8fffdfff70005
0004fff90003000300010005fffbfff9
0000fffafff9fffb0009fff80006fff7
0003fff7ffff0002fff8000100080005
fff90004fff9fff700040004fffe0002
00020003000700030004fffa00070007
fffdfffd0006fff9000a00090008fffb
0009000200050003fff6000800010008
000400070006fffbfffa0000fffe000a
000afffafff9fff700080001fff7fffa
000500070003fffffff6000afff90006
0000fffbfff6fff600070005ffff0001
fffe0005fffe0002000a000600090006
fff8fffa0004fffa0001fffdfffc0006
00010008fffdfffb000afffc0006fff8
000700040008fffd00000005fffc0008
fff8fff7fffbfff700000006fff80005
0002fffc0008fffc00010008fff7fff9
fff90000fff8fffffff8000afffbfffc
0005000100040003fffd000900000008
fff700000006fffeffff0008fffe0001
fffdfff90001fffdfffefff8fff80007
000300090005fffcfff70005fffefff8
fff7fffb0000000a00050009fffe000a
00000005000700030002000affff000a
0008fff9fffb0008fffb0000fffe0007
0005fffffff8fff90006fffdfffdfff9
fffffffe00040008000a0006fff70009
fffafff7fffcfff8fffe000800040007
0002fffafffcfffdfffffffefff9fff7
0008fff9fffb00050004000400020002
fffdfff70004fffa0007000afff90002
fffd00060009fff60001ffff00000009
0007fffbfff70006fffdfff8ffff000a
00060008fffa0004000200090006fff7
fffdfff90003fffafffdfff600010003
00060004fff90006fffcfffd0006fffd
fffd0009fff6fffd000afff900040007
00020001fff7fffefff7fffcfff70000
000400020003fff60000fff9fffd0004
fffbfffbfffffffbfff9fff9fffdfffd
0006fff8000afffdfffbfffdfff7fff9
fff8fffdfff800090002fff90002000a
0000fff6fffbfff6fff60002fffeffff
fffefffefffafffb00030008fffdfffe
000700000007fffafffefffe00090004
fffdffff00030006000a0003fff7ffff
000900090005fffffffffffaffff0001
0000000900040002fffbfffcfffe0003
0007fffcfffd000afffbfff600020001
fff7fff6fff9fffa0009fff8fff60009
0007fff60003fffd0006fffbfffcfff6
fffbfff8fff8fff700000007fff7000a
0002000100090000fffe00080004fffa
0009fffb000200020009fffc00040000
0003000900060007fffaffff0007fffc
fffd000600050008fff60009fffffffb
000a0003fffdfffdfffa00010003fff9
fff9fffcfff9fff800070002fff7fffb
000a000a000afffcfffc000400030005
000000000007fffa000500040002fff9
fffefffffff8fff8fff7fff6fff90005
00080003fff8fff6fff7000100060004
fffa0002fffa0006fffcfffc0005fff8
fff8fffcfffb0000fffafffd00060002
fffe00030008fffcfff900070009ffff
0009000600000004ffff0000fff6ffff
fffbfffc000800070003fffb0001fffc
fff8fff9fffbfff8fff8fff9fff8fffc
fff80009fffb00060004000800040003
00020000000500060000fff6fff80005
fffe0005fffefff90008fff6fffc0007
fff8fffffff8fffe0004fffcfff8fff7
0002000afffd000afffbfffa00030004
0009fffcfff7ffff0004000a0001000a
00020003fff700060005000a000afffd
0005fffbfffffffb00000007fffafff8
0004fff6fff80000fffe0003fffffff8
fff90005000a00080006fff600090000
0008fffafff600040004fffafff90002
fff700030005fffffffa00070006fff6
fff800090002fffb00010000fff8fffc
000800070004fff6fff8000a0001fff9
0002000100000008fffafff90001fffc
0005fff9fff7fffbfff8fffffffc0005
00020006000a000a0008fffbfff6fffc
000a0005fff9fff9fffe0001fffa0009
0009000100070003fffbfffcfff80009
0009fff600020001fffa000300030004
00040006fffd0000fff80004fffcffff
fffe0002fffafffaffff0002fff7ffff
0004000afffc0005fffc000200070009
0007fff8fffd0000000800070001fff8
fffa0006fff6fffa0001fffb000a0008
00070001fffdfff60009000000050006
fff9fffb0003fffdfffffff9fff8fffc
00060009fff9fffc000a000500010003
0004fffffffc0005fff90007fff9fffe
000200030009fff9fff7fffefffefff8
fff8fffd0002fff80009000500040004
fffc00010002fffdfffcfffcfff90006
fffd000a000a00030004fff800020000
fffc00080004fffefff90001fffbfffe
0008fffeffffffff0006fffefff70007
0007ffff0000000800090004fffcfff7
0004fffffff6fffefffefffdfff8fff6
00000004fffbfff7fff6fffcffff0006
fff9fffd0004fff90000fffcfff6fff9
000900040000fffbfffd0005ffff000a
0002fffd0003fff60001fff90001fff7
fffb0003fff8ffff00010003000a0009
fff7000a00040008fffcfffd00060000
000400090008fffefff9fffffff9fff8
000100070007fffe00060009fffe0005
fffdfffffffb0008000afffb0004fffa
0005000a0000fffe000400010004000a
0004000afff7fff80009fff70000fff8
000afff6fff600070000000afff70005
00040000fff6fff9fff900020005fff9
0008fff7fffbfff9fff8fff6fffdfff6
0008fff80003fff60006000200030004
000000000006ffff00020001fff70002
fffc0002fffbfff7fff60008fffa0008
fff6fffc0005fff6fff8000a00050006
000800000006fffc000a000600000008
0006fffa000afffc00070006fffa0005
0007000afff70004fffd0001fffc0002
00090002fff6000a0004fffdffff000a
0000fffafffafffffffb000700050000
00060008fff700040006fffffffc0001
000afffc0004fffc00070004fff70005
00050007000600030003fffefff8fffe
000600020003fff90006fff600020001
fff6fff900080009fffdffff00070003
0006fff7ffff000000080008fffffff8
fffc00080008000affff0006fffb0006
fffe0004fffcfff80006fff6fffffffb
fffd0001fff70004ffff00000002ffff
fff70004fff8fff80009fff700060005
fffe00090000fff900000001fffa0005
0001fffc0003000a0003000800090001
fffefffaffff0004000afff80006fff7
0002fff8fffcfffb000500040009fff6
fff800080002fff900010004fffdfff6
0006000a0009fffcfff6fff6fffa0000
000300030007fff9fff6fffe00020007
fff7fffffffffffdfffdfffb0008fffe
0008fffbfffa000afffffff7fffbfff8
fffdfff9000100080009ffff00010006
ffffffff0005fffa0000000200010009
fffefffffff90006fff7fffbfffbffff
fffefffdfff6fff600080006fff7000a
0008fffa0008ffff0002fff8fff70005
0006fff6fff8000100050002fff9fff8
00080008000afff9fffa0004fffefffd
fffa000300030006fff80007fff6fff6
fff8fffe0008fffffff6000200070002
0007ffff00030006fffb00030001fff9
ffff000200020009fff8ffff0005fffc
0009fffc000400070009fffd00040009
fff80007fff8ffff0007ffff0003ffff
fff9000200070002fffffff8fffbfff9
00000007fffbfffbfff80007ffff0004
0004fffc00050000fffbfffffff9fffd
fff9fffdfffafffa00040000fffd0004
ffff0009fff70004fffcfffbfffe0009
00080005fff7fffbfff6fffc0003fff8
fffcfffd000afffb0002000a0005fff7
00060003000afffa000a000a0001fff6
000300040005fffffffefffcfffefffe
0009fff90003000a000200040000fffc
0001fffdfffefffc0007fff800040007
0000ffff00050003fff8fffc00080005
00030002fff90003000100000002fff9
fff8000700080004fff9fffa000a0004
00030006fffefffcfff7000afffd0004
000000050003fffb0004fffffffb0006
0001fff70009fff8fff6fffe0003fff9
fff8fffbfffdfffbfff70001000affff
fff7fffafffbfff800000002fffafff8
000500070002000200040006fff8000a
0002000a0009000a000a0006fffa0009
0002fffbfffb0008000700090001fffa
00030008fff6fffffff8fffc0008fff8
0003fffdffff0009fffe000900090000
fff6fffefffe00030004fffb00010000
fff7000600050002fff9fffcffff0009
fff7fffffff700070001fff7fffe0003
000400010001fff8fff6fffa000affff
000afffb0007000700020003fff6fff7
fff80003fff8fffbfffd0001fff8fffa
0006fff6fff900090002000800020006
fffafffbfff90009fffe000600090006
000a000100010006fffb000800080002
0001fffcfffb0000fffe00020001fffe
fff80008fff60008fffc0006fffc0005
fffb0007fff70008fffd0000fff9000a
fff8000a0002fffdfff8fffafffbfff8
fff90008fffb0007fffdfffbfffdfff7
000100000001fffdfff80003fffafffa
fffb0003fffb0004fffa0006fff80008
00040003fffc000700090003fff7fff6
00000002000500000001000500020003
fffdfffffffbfffa0006fffdfffafff6
fffffff9fffffff6fff70007fffffff9
00020000fff9000afffd0008fff8fff6
0007ffff00080009fffdffff00070009
0001fffcfff90003fff60001fff60004
fffdfff8fff9000afffffff7fffdfff9
fffa0003fffe0007000afffffffdfffa
fffbfff7fff9fff8fff8fffbfff70004
fff6fffcfffdfffeffff0001fffd000a
fff6fffc0005000a000100090007fffa
00000009fffdfff90003fff90007fff7
0006fffcfff7fffffffd0001fffdfff7
00030004fff7fff6000000050006fff9
fff800010006000a0000fff7fff6fff7
fffd0000ffff00060003fffcfffc0005
00040005fffffffdfffb0004fff8fffa
fffb00030005fff8fffe0008fff70001
fff80004fff7fffffff7fff8000afffd
ffff0007000a000300010009000a0004
0002fffd00060007fff60007fff9fff9
0001fffdfffbfffafffefff6fff80002
fffcfff8fff6fff8fffd000500000003
fff8fffcfffefff900060007fff9fffd
0006fffc000a0005fffbfffa0004fff7
0006fffa000900060005fff80005fff6
0004fff9fffffffffffbfff8fff8000a
000000070009000000030004fffafffb
fffffffa0002fffa00090007fff9fff6
0000000300060009fff6fff70005fffd
fff9fffb0007000300080008fff60001
fff7000600020002fffe0000fffe0003
fffffffa00070009fffe0008fffffffd
fff8000afff90006fffe000000080003
fffdfff7000500060000fffcffff0004
0006fff90008fff90002fffe0009fff8
0002fffefffafff7fff6fffd00010001
fff90000fff9fff8000900070000fffc
ffff0008fffcfff600030009fff60002
fff9fff80005fff8fff8fffa00010007
0009000300090004fffafffafff70002
000a000500020007fff6fffd0001fffc
fff8000afffbfffbfff60005fffbfffb
fffcfffdfffdfff600060008fff6fff8
fff9fffefffafff60005fff7000a0000
fffe00080008ffff0001fffefffffff7
00060005fffcfffefff8fffe0004fff8
0003000500090008fffd0001fff8fffe
0000000600020001fffefff7fffffff6
00010005fffdfffe0005000afffefffa
0007fff9fffdfffdfff90001fff90009
fff6fffb00070002fff6000100090001
fff800080008fffb0008000900010008
fff7000300010003fffefff7000afff7
00030003fffcfffa0002fffcffff000a
fffbfffbfff8fffafffefff60008fffc
00030007fffb000200090004000a0009
fffafff700050009000000030007fff7
00070003000a0008fffffff7fffe0003
fff70008fffa00090000fff7000a0003
0001fff900000008fffa00000005fffb
0007000afffafffafff8fffdfff90009
000a000700060008fff800060006fffe
0001fff6fffcfffffffd0002fff90003
000100030005fffd0004fffc000a000a
fff700010005000800020009fff9fffa
fffafffffffcfffe0005fffefff8fff9
fffa00020008fffdfff6fffbfffcfffc
fffefffffff60001fffffff6fff70001
fff60003000400070004fff90006ffff
0009000900030004fff90009000afffa
0007000afffcffff0000fffbfffefffd
00070002fff9000500060002fffbfff8
fff9fff8fff8fffafff6fffdfffcfff6
fffb0000fff60004fff70008fffdffff
fffefffcfffc0004fffc0008fffafffe
0006fffffffa00030007fffe0003ffff
fff8fffffffbfff80006000800080007
fffb00000008000800030007fffe0002
fffd0003fffdfff80001fffdfffafffa
0003fff60001fff600040001fffc0004
0002ffff0000000000010003fff9fff7
0004fffa0002fffbfffe0002fff7fffd
0004fff6fff60007fff8fffafff8fffd
00040000fffffffc0008fffb0000000a
fffb000500050005fffa00080001000a
0009fffbfffa0008fff7fffc00000006
fffd0009ffff00050003fffdfff8fffd
fff8fffffffafffafffefffdfffb0009
0005fffbfffe00000008fffcfff70008
fffbfffcfffffff7fff800090009fffa
00090007fffc0005000afffafffc0007
fffd00090002fffcfff800010003fffc
fffa000afff9fff7fffa0002fff8fffd
0002fffb000a00030008fffb00040003
0005000800060009fff8fffd00090004
000a00010004fffe0006fffdfffb0003
00000002fffa00090001fff900030003
000000060006fffafff8fff7fffefff6
fff9000a0000fff6fffa00080008fffa
0006fffffffd0002000afff7fffd0004
0004000400090003000afffd0005fff7
000a0001fffdfffefff7fff700090005
0002fff7fff60006fff60006fff60005
0001fffefffefffefffcfffcfffc0001
0002fffcffff000500060009fff80004
fff800000008000100080000fff80005
000500040005fff6000700060003fffd
fff60009fffd000afff6fffb0008000a
0009000800010007fffdfff700050009
fffffffd0007fff70006fffb00000002
00000009fffbfff6fffcfffb000a0000
fffefffc0009fff8fffe0002fffcfffc
fffafffe00060003fffe00050001fffe
fff70009fffe0002fff6000200040009
0001fff7000100050009fff600050006
fffffffdfffdfff8fff7fffa00090002
000afffefff8fffc00000001fffc0007
0003fffc00070000fff6000100000000
0001fffc0001fff6fffa000400060001
fff70003000600050001000600090002
0000fffc0008fff60007000700070002
00020001000900060003fffd00030007
00010001fffafff90002000800060006
0006000500080004fff700070003fffd
000afffb00030001fff9fffbfff6ffff
fff600050006ffff000a000500090005
000300070006ffff00010003fff90002
000900050002fffc000000090009fffb
00020006000300060005fffcfff80000
fffdfffc00030008ffff0004fffb0006
fff60001fffafff900070005fff80007
000100070001000100020008fff7fff8
fff9fffd0007fff9fffc00080008fffa
fff600030000fffb0008fffc00060009
fff7fff6fff60007fff70000fffc0006
0002ffff00080008fffa000700060009
00050001fff7000800090005fffcfffc
fffcfff9ffff0000000900040003fffe
0003ffff0001fffafff8000a00040008
000900090001000afff8000a00050007
0003000300040006ffff000200040009
fffbfffa00030009fff600010006fffb
0000fffc000a000afff8fff9ffff0000
0001fffd00010001fffbfffc00040000
ffff00080003fffc0003fffbfff6fff6
fff7000a0005fffcfffdfffcfff90008
fff9fffbfffb00050006fff7fff9fffd
00050001fff9fffa000a0000fffafffc
0006000700010008fffc000500060004
00040003fffffffdfff9fff60004fffd
fff9fffcfff8fffefffb0002000a0004
0001fff8fff6000400090002fffd0002
000000080009ffff000afff7fffbfffa
0003fff60001fff800090002000afffb
0003fffefff6ffff00070003fffbfffb
0005fff60009fffbfff6000a0009fffb
fffc0002fffbffff0000fffafffcfff7
00060005fff600080001fffa00030004
fffd0008fffcfff8000afffcfff8fff6
fff9ffff0002fffc0005000300090004
0003fffa00040003000500050005fffa
0001fffefffffff90000fff6fff60009
000600060000fffafffdfff8000afffc
000600030000fffd00030003ffff0006
fffaffff000500070007fffcfffe0001
0005fff80001000200030004fffe000a
0005fffcfff600030003fff60003fff6
fff8fff7fffcfff70006000afffd0007
fffcfffa000a000a00050009fff9fffd
00050004fffe0008fffe0007fff6ffff
fffffffffffbfff900010006000a0001
fffe00090009fffefff800020009fffc
fffc0005fff7fffb0004000afff80002
0009000000000003fff8fffffffafff8
0006fffb0007fff60009ffff00080001
fffdfff900070001000a000a00020008
00020008ffff0002fffb000000020006
fff7000300080000fffafff60001fffc
000afffd0002fff70003fffbfff7fff7
fffe0003fffc00040006fffdfff8fffe
fffe000600000001000800030008fff6
0000fffa0000fffd0000fffb0003000a
00020009fffffffa00030007000a0004
fffb0003fff600050008fffbfffd0007
0008fffffffc000400040007000a0007
fff6fffcfffa0000fffa000600050008
fffafffe000400030005ffff00070003
fffa000900040006fffcfffa0007fff6
fff8fff600030007fff8fff8fffefffc
000300010000fff9fffc0005fffb0007
fff9fffc00010004fff80003fff70008
fffcfffffff80009fff90000ffff0005
0004fffe000400070007fffbfffeffff
0009fffdfffefffdfffc0006fff60004
fff7fff8ffff00080004fffefffc0004
0003fffd0003fff90001000300050001
00080006fffefffbfffcfff8fff7fff6
fffbfffa0002fff9fff8000500070001
0004fff8fffd000a0001fff900030006
00080006000afff60008000300070004
0002fff80008000afffa000300040005
fffbfff90002fffc0005fff9000a0000
ffff0002000afff60006fffc00040005
0009fff9fffdfffeffff0009fffcffff
000afffcfffffff7fffdfffb00060008
0005fffbfffcfffa0003ffff0008fffe
0000fffa0000fffafffc0003fffdfff8
0006fffd0001fffafffc00060002fffd
00000009000a0003fffc0007fff8fff7
fffdfffdfffefff600020008fff60009
fffc0002fffefffa0002fffd00010007
0009fffbfff80006fffafff600040003
000600050009fffa0007fff800000005
fffc00080001fff8000affff00080006
00080009fffefffffffefffcfffd0009
fff8fffaffff0005fff80000fff70005
0006000afffd0003000afffb00050006
0003fff9fff7fffafffbfff90006fffd
fff80007fffa0007fffcfffb0009fff9
00010003fffa0000fffb000500070009
0005000afff6fffffffefff60007fffe
fff80001fffaffff000500000006fffa
fffbfffb0003000100080000fffffffc
0007fffffff60005000800010000fffe
fff8fff90004fffd000afff6fff7fffd
fffbfffeffff0000000a000300010000
fff6fff9fffe0009fff7fffc0004fffc
fff9fffa0002000400070002fff60005
0008fff80002fff9fff7000900050001
fffb0007fff9fffafffb000900030004
fff700020009fffb00060007fffc0005
0006fff70000fffd000200060000fffc
fff6fff6fffffff90008000600040003
00060008fff9fff800010003fffcfffb
0005fffe0009fffe000afffe000afffd
00000000fffc00070000fff800030003
0009fffa000300030005fff700070001
fffc000100030007fff900060004fffa
0005fff7fff60000fff70003fff9fffc
fffb00060009fffdfff7000600040003
fff7fffd000700020005000400080008
fff800060003fffc0002000100060007
fff7fff8000afff7fffafffb00080000
0001fff80004fff6fffafffcfff70006
fff600050001fff9fff7fffa0000fffe
000900000006fff90005fffb0000ffff
fff7fff80006fff80008fff9fff60003
fff6fff700010005000afff9fffc0000
fff90008fff6fffa0002fffd0002fffc
0001fffc0004fffa000a00080008fff9
fffb00010000000800090005fffe0005
0009fffdfffa00030007fffffffe0009
fffd0007000900040009000200010005
00030001000600040000fff8000a0002
00020002fff9fff6fff7fff600040004
fffa00050000000afffd000200050002
ffff0003fff7000600020003fff7fff9
fffdfffffffbfffefff800020007fff6
fff9fff6fffc000100040007fff80005
fffa0000fffa0006fffffff800050008
fff6000afff9fffe0003fffefff7fffa
0002fff7000200010000fff6fffcfffc
000000040004000a0000fffefff8fff6
0004fffbfffefffc0003fff60000fffe
0008fffe0000fffcfffefff6fffc0001
fff9fffd0001fff9000500010001fff8
0001000afff80007fff90002fffdfff9
000afff8000a00050003000a00060001
fff7fff700020003fffbfff9fffbfffd
0007fffb0002fffc000afffa0009fff9
0006fffaffff0007fffdfff7fffbfff6
00000009fffe00050008fff700070001
00010001000900020007fffa0006fff6
ffff000000090003fff7000a00010001
000200050004fff80001000700070004
fff6fffdfffa0005fffd000400020003
fff6fffdfffdfff7fffa000900050003
fff80008fff70001fff8fff700060002
00010006fff8fffd0005ffff0009fff6
fffb0004fff80003fff8fff900010005
0002fff6fffc0006fffb0006fffffffa
0009fffc0006fffc0000fffc0005fffb
0005fff700010001fffa0007fffc0002
0001fffdfffffffbfffafff9fff70002
000500080005fff70004000500090001
fff6000300030002fff90006fffffffa
00020004fff8fff6fffefffdfff6fffb
0004fff8fffffffbfffd000100050007
000a0004fff90001fffcfff8fffe0004
fffd00010002fff9000afff800020002
00020006fffa0001000200040005ffff
00060008fff8fffa000800050008fffd
0007fff7fff60002fff80007fff8fff7
0005000a00040007fff8fffc0003fff6
0008fffa000000080007000a00070003
fff7fffafff60005000200020004fffa
0006fff9fffffffafffefffefffafff8
000300030002fff7fff80003fff60007
0005fff8fff700050004fffafff9fff7
000400040001fff70009fff9fff9fff9
fffdffff00000003fffd0009fffafffa
fffc0004000afff6fffbfffd0005ffff
fffb000200000007ffff0008fffbffff
0007fff70007fff700000004fffa0008
0003000afffa00050008fffcfffffffd
000900070003fff80001000400020000
000000080007fffffff9fff600010007
fffa0004000400030008fffdfff6fff9
fffdfffd00030007fff800040001ffff
fffffffbfffb0006000a000300040003
0006fffc00010000fffc0003fff9fff9
00050003000800050007000200050009
00010003fff6fff90002000200090003
fff7fff6fffffffa00070006fff90007
00030004fff70007fff6fffc00010001
00060000fffb0007fffe0009000a0005
0003fffd0004fff80008fff8fffffffd
000afff9fffefffefffbfffffff60008
000400070002fffbfff6fff60007000a
fffb000900080006fff9fffb0007fff9
fffefff7fff900030001000a0004000a
fffffff80004fffffff80005fffffffb
00080003fff7fff6fff90006fff9ffff
fffbfffefffcfffbfffe0003fffdfffb
fffc000800050003fffe0004fffd0005
fffafffbfffa0000fffb00090000fffc
00070009ffff0005fff60001fffafff8
0008fff7fff90006fffefff700070005
0009fff700030002fffffff60008fffb
00020005000500060001fff600070007
fffbfffdfffafff700000000ffff0009
fffc0007ffff00030004fff60005fff7
fff900080007fffcfff7fffffffd0002
000a0009fffa000800090004fff7fff8
fff7fffb000a0008fffcfff9fffdfff6
000afff6fffbfff6000700020005fff6
fff700060003fffe00010002fffefff8
0001fffb0007fff8fffc0002fff7fffa
fffffffcfff70002fffd0002fffe0004
00050007fffc00060005fffffff80003
fffc00010006fff8fffdfffe0006fff7
0009000700080008000500020001fffc
fff800070005fff7fff9fffffffbfff6
fffeffff0008fffafffefffc000a0007
fff60005000a0005fffcfffffffefff6
0005000000080002fffffff600040002
0008fff7ffff0009fff8000600030006
fff70006fff6000100090007fff7fff6
0008fff9fffa0009fff9fff8fffeffff
0003fffffffffff800020006fff8000a
fff6000700060005fffbffff0001fff9
0005fff7fffefffc000a000900070004
fffa0006000afff8000afff8fff7fff6
000200010003fffd0007ffff00020009
00030003fffefff9000200070004fff6
00060009fff7fffdfffdfffa0006fff7
000900040003000700040006000afffc
fffc00070002fff6fffcfff9fffbfffb
00010003fffdfff70003fff7fff90006
fff6fff8000200010005000a00010003
fffdfff9fff8fffafffcfffc00040005
0000000200080009fff9fffffffefffb
fffd00020004fffc000a0004fff60004
fff6fffb0004000afffd00080002fffa
fffa00010006fff9fffdfffb0008fff6
000200000005fff90002fffd000afff7
ffff00090007fffdfff80006fff8fff9
0003fff7000afff7fffbfff800080004
000800020003000000090005fffb0003
fffafff90008fff90003fff6fff8fffd
0007fff7fff80008000100000008fff6
0002fffc0009fffdfff700080007fffa
0000fff8fff7000400020005fff9fffa
fff60001fffa00010007fff9ffff0006
fff8fffefff7fffefff9000100000002
0000fffbfff8ffff000a00090001fffb
fff6fff6fff900090001000500000005
fffaffff00080001fff8fff6fffffffa
fffafff7fff9fff9fffc000400090000
00030004fff90002fff6fffd000a0008
fffdfff6fff9fff70009fffafff70009
00020004fffd000000080009fff80000
0007fffcfffafff6fff70001fffffffe
00030007fff9fffc00060007fff90000
fff80007fff9000a00000005000a0003
fffd0007fffa0005fffafffcfffffff7
fffefff9fff9fff8fffdfffe0006fff9
0000fff90008fffc0004fffdfff80001
fffa00000001fff80008fff7fffcfff7
fffd0004000800060006fffcfffbfffe
fff6fffcfffffffb0006000800040001
0002000400090006fff9fff7fffffff6
0003000200050003fffdfff9fffa0001
0004fffa0002000100040005fffd0000
00010004fffeffff000affff00000002
00010003fff7fffbfff80005fff9fff6
fff80004fffd0000000afff900020007
fffe000100090005fff7fffd0003fff9
000300010008fff80006fffcfffd0000
0007fffcfffffffd000a00020003fff9
fff9fff80003fff90003000500040006
00040003ffff0008fffdfffd00060006
fff6fffa0006fff80002fffbfffa0007
0000000800030003fff6fffcfff60006
00010003fff60008fffbfffc0000fff9
0004fffdfff9000500070009fffc0007
fffd00030002fffd0000000600060000
0006fff7fffffffc000000030007fffe
000500050008fff6ffff000afffb0002
fffdfffe0007fffefff70002fff6fffe
0004fffcfffbfffc000afff8000afff8
00060003fff80000fff7000a00010001
fffb0003fffb00000001fffefffb0006
fff9fff9000100040006fffffffd0003
0007fffd000300080008fffd0003fff7
fff7000300020003fff8000900080003
0007000200010001fffdffff0008fff9
fff9ffff00060004fffcfffb00080009
0005fffc0001fff7fff7000afffe0005
fffe00010007000200020005fff8fff8
fff9fffe0002fff7fffd00070005fffd
000300020005000600000002fff90009
0008000afff60004fffcfff80008fffd
fff7fffd0004fff800020006fff90006
00020002fffafff9fffbfffdfff60008
0008fff8ffff000000080002fff70009
00080008000a0002fffb000afff8fffb
000900000006000300080008fffafffd
000900080000fff6fffdfff7000affff
0003fffe0008fffcfff800000006fffc
000afff800090006fff800080008000a
00040006fff6fff6fff90006fffb0005
fff9fff60003fff80005fffdfff80009
fffdfffdfffd000a0006fffe00070005
000a0007fff6000800010006000a0004
fffe0006fff8000a0004fff7fffbfff9
0003fff90008000500080001fff9fffa
fff9fff8fffa0006fffd000400010007
fffbfffdffff0009fff900050000fffc
fff7fffe00090007fff9000a00040000
00000007fffc000afff6fffa000a0003
fff9fffb000500000001fff80003fff6
0002fffa00070004fffcfffefffa0004
fffafff70003000afffdfff7fff70001
00090008000500060000fffefff8fffb
0002000800050009fffd000100060009
00090003fff7fffb000a0006fffb0000
0000fffafff9fffc0000fffc00020006
fff6000900070008fff7000500010000
0001fffeffff00080004fff9fff8fffe
fffb000200030004ffff00060004fff6
fff6000100060000fff9fffffff8fff7
000a00020000fffcfff60007fffefffa
0001000400080008fff7fffcfff60007
fff600000002fffe0005000800050005
000afffefffc0009fff7fffdfff80004
0000fff9fffe0006fff900070008fff8
fff7fffbfff80004fff6fffafffcfff7
fffdfffbfffbfff800050000fffbfffe
fff9000100080005fffefff6fffa0002
000afffb000a000300070005fff9fff9
00090007fff900040009000600000008
00000002fff7ffff000a0009fffbffff
00020009fff7000200080001fff80009
00030005fff80009000afffd00010005
fffcfff600010002fff8fff7fffffff6
fff80000fff6fffcfff9fff8ffff0003
fffb0006fffc00070006fffb0006fffa
0000fffcfff9fff9fffbfffafffa0004
fff9fffffff8fff70004000000030003
0002fff8fffe0004fff7fff8000a0006
000a00060001fffa00060003fffdfffa
0009fff6000100060001000a0007fffe
0009000700040002fffffffc0002fffd
fffe00030001fffbfff7fff6fffd0003
00060004fff8fff9fffa00000001fffc
00080004000400050007fff800050001
00080001fff80001000a0006fffdfffe
ffff00070005fff70009000800050005
fff600090007fffc000900070004fff9
0006000a000a0007fffdfff90008fffc
0001fffafff6fffa0009000700010002
0001fffefff90005000100000008fffd
0007fff9fffe000800070005fffcfffa
fff9000afffc0002fff8fffe00050006
fff70005fff60009fffdfff900060009
0008fff90001fffffffdfff8fffbfffe
0007000900080003fffc0003fff7ffff
fff9fff800050005fffbfffe000a0009
fff6fff6fffdffff00070009fff70001
0005000afffbfffc0002000afff6fffc
fff6fffafff9fffdfff6fffb0005fff7
0007000a0005fffc00010003fff60000
0000fffe00030003ffff00020004fffc
000a0008ffff0004fff700080007fff9
fffc00080007000500080009fff60007
000a0009fffe0002fff70005000a0001
fffe0001fffafffdfffffff9fff9fff6
fff7fff8fffbfff60002fffa00070006
fff70001fffffffffffb000400000004
fff8fffefffb0005fff60008fffcfff6
fffcfffafffa000300090001fffafff6
fff90003000afff9fff800050000fffd
fffe0000fffc00050008fffafff90008
fff7fffffffbfff7fffb0009fff80005
00010006fffc00010005fffc00020005
fff6fffd000500010008000afffafff9
fffd0002fffa0008fffffff6ffff0006
fffc00090005fffd000100070008000a
000600070007fff6000500010006fffe
fff60009fffcfffcffff0001fffa0007
0007fffa0004fffcfff7fff60006fffc
00090001000000020008000200050008
fff80004fff900090004fffcfffc0003
fff8000a000afff7fffffff7fff70002
fff900010001fff70000fff7000a0008
00010004fffa0000fffc000300010008
0007000100080001ffff00080002fff6
fffe00000007fff60008fff9fff80008
0002000100070002fff9fffdfffd0005
fffd00010002fff7fff70004fff8fffb
000300050000fffafff6fff8fffdfff7
fffb0009000300010007fffb00010005
0002000200030005fffc000200070006
fff80000fffe0000fffafffc00090008
0004ffff0002000afff8fffafff80009
00020000fffdfff9000a0002000afff7
0009fffafffcfff90003fff70001fff8
fffefffb000a0001fffffffe00040001
fffa00080006fffe000700080000fffb
fffa0007fffb0002fff8000000080005
fffe0009fff60007fffafffbfffcfff8
0002fff6fff6fffdffff0004fffafffd
0002000500050004fffcffff00010007
0007fff8fffc0009fffc000500040003
fffbfffbfff80008fffafff90004fff7
fff800050009fff8fff60004000afff6
000a000a0007fff9fffd0003fff6fff9
fff6000700050004fff700060002fffc
00060004fffc00020005fffbfff9fffc
0006000400000002000400040001fff7
fffdfffbfffa000a00000001fffd000a
fff6fff7000900040000fff6fffdfffd
00010000fffefffc00090000fffc0002
fffe00060007fffdfffafff6fffc0007
00000009fff7fffafffafff70006fff9
0006fffe00030003fff700040005fff9
fff70007fffffffbfffffffe00090007
fffdfffffff7fffa0001fffa0008fff8
0007fffe0007000afffcfff900060007
ffff0004fff70000fffd00070002fffd
fffb0007fffb0009fffa0001fff60007
fffc0001fffefffc0008000affff0006
00040004fff8000a0009000afffffffa
0000fff9fffe000afffdfff7000a0006
fffdfffb00050001000afffdffff000a
fff700040008ffff000afffc0003000a
0007fff7fff60009000500000009fffd
000200050003fffbfff800090007fff7
0004fff8fffbfffefffe000600090009
fff7fff700020000fffbfffe00090006
fffcffff00070008fffdfffb0004fffc
0002fff8fffc000000030000fff60005
fffd0009fff6fffa0009000400080005
fffdfffffffafff6000000010001fff8
ffff000300070004fff90003fffafffa
fffa0001fffb000a00000006fff9fffb
fffe0006000900040008000afffe0007
fffcfffc00000001fff7000a0003fffd
0002000600080005fff600090001000a
fffcfff9000afffdfff8fff8fffa0001
00060003fffcfffbfffefff800020004
fffafff70003000800090009fff70002
fffefff8fff60009fff8fff600050003
fff80009fffd0004fffcfffefffe0009
fffb000afffc0001fffa00020008ffff
000800070008fffe0009fffefff8fffc
000300060004fffc0006fffdfffe0000
fff60000fffd00020007fffd000a0002
0000fff7fff8000300090003fff90003
0004fff60009fffa00010006000a0002
000a00080003fffcfff7fff800050007
fffffffafffa00080004000700070008
0004fffafff90000fff9fffc0004fff7
ffff0000fffefffefffffffafffafffe
000400010002fff6ffff0003fffa0007
fff80005fff60008fff80009fffcfff6
0001fffd0003fffa000300000009ffff
0007fffaffff0000000500050009fff8
fff6fff60001000900020003fff60003
fff6fffefffffff7fffa0007fffbfff6
000afffa0005fff800080004fffc0001
fff80002000a00040001fffc0001000a
fffffff6fffc00070001fff6fffd0005
0001fffc00080002fff90004fffc0004
0003fff90000fffa0003000afffafff7
fffafffffff900060007fffe00080007
fff60006fff9fff9fffa0009fffcffff
fff7000100020007fffcfff90005fffa
0009fff600040009fff9fffd0004000a
fff70000fffa0007fffffffefff70008
fff9000500020003fffd0006fff8fffb
fffafffb00080004fff900050005fffb
0008000afff8fff7000a00050000fffe
fffd00020006fff9fff900040003fffd
fffd0001fff800020004000afff6fff6
0004000a0007000a00040002fffcfffb
0005fffd0008fffa0001fff8fffffffa
fff7000900050005fff9fffb0006fff6
0006fffb0001fffefffd0000fffe0004
fffe0000fff600000005fffcffff0001
fff6ffff00020003fffa000700030009
fff7fff6000700090008fff8fffffff9
000a000100090007fff7fffa0003fff9
fffd000a0003fffafff700000001fffc
0005fffbfffc0005fffc000100050005
0003fff9000000060005fffb0000fff7
fffdfffffffcfff70007ffff000afffb
0009fffefffcffff0002fffcfffd0003
fff800030004fff9fffb000100040004
000700080007fff7fff7000a00030001
00030004000affffffff0006fff90008
fff8fff9fff800050005fffafff7ffff
fff9ffff0004fffb0002fff800040007
fff9fffb000800040009fffc0005fffb
0009fffafff700060005fffffffcfff9
fffa0000000300030003000200070004
000a000100060006fffffff90007fff9
000afff6fff80001fffe000afffffff7
fff9fff80009fff700040000fff60007
0002fffd0004fffeffff00020009fffb
000800020005fff9000100050001fffd
0003fffe000afff6000a0005fffe0009
0003fffd0002fffbfffa0002fffafff8
0009fffbfffd00080004000000010004
fffafffefffffff7fffefffa0006fff9
fffffff7fff9fff6fff9fff80005fffc
00050002ffff0003fff8fffd00020004
0009fff9fffafffcfffa000afffbfffc
fff60000fffa00020009fff60008fff7
fffafff6000300070000000000020004
fffffff9fffa0002fffb00090005ffff
00090004fffc0006fff7fff60001fffa
fffe000afffb0006fff9fffa00010001
fffd00030001fff600020005fff80002
fff9fffb00030007000700010002000a
000afff9fffb000000060001fffafff7
000200090008fffa000700000006fffe
fffcfffffff70007fffbfffcfffa0001
0005fff8fff9fffdfff600050007fffb
fff70004fffc000afff9000500070005
0007fffb000afffffff900060009fffc
fffdffff000400090007ffff00070005
00000007fff9fff90005fffc00060009
fffcfffb000500040003fff7fff80000
fff8fff800060007fffe0008fffafffd
0005000100020004fffd00020006fff7
00000005fffafffcfff8fff900000003
fffb0007fffe00090003fffe00030009
fff80008000a00080005fffefffc000a
0008fff60006fffd0005000400060006
fffc00050006fff6fff6fffe00080004
fffd0007000900030004fff7fff7fffe
fffffff7fff8fffd0003fffe0009000a
000a000700020004ffff0007fff9fffe
fff9fffefffbfffefff9fff900020000
fff8fff800020008fffa0006fffa0009
ffff000200040004fff6fff80008fff9
00080005fffd0006000800070000fff6
0004ffff00040009fff7fffd0006fffa
00010000fffb0004fffc0004000a0001
fffffff700010003ffff0003000afffb
fffa000afffefff60009fffb00010004
fff9fffdffff00080008fffefffc0004
0006fff7fff900070005fff70006ffff
fff7fff8ffff000a0004fffcfffa0006
000a0002fff8000afffd00070006ffff
fffefffc0007fff8fffefffcfffefffb
fff9fffb000a000400000007fffe0000
000a0004fffefffb0001fff80003fffb
fff7fffe0002fffefff9fff7fff60005
0007fffe0000fffcfffbfff900000008
000a000afffb00050000000800070003
00020003fff80001fff7fffbfffdfff6
0003fff9fff6000900020006fffe0002
00000001000a000800080008fff60003
fff9fffefffe000a0002fff70008fffd
fffd0002fffefffffffefff60005fffb
000800070004fffd000700000002fffc
0009fffa00010005fff80008fffcfffb
fff8fffb00020008000afff900030007
0008fffb000000020002fff70007000a
000afffdfffb000200030009fffd0005
fffcfffb000afffcfffbfff60005fffc
fffefffa0001fffffffa0002000afffe
000700050004fffb0006fffefff80008
0002fffa00070002fff80000fff8000a
000a0007000a000100050000fff70000
0006fffa0008fff8fff6fff70002ffff
00030002fff9fffe0003000afff7fff7
00050001fff80005ffff000000080001
fff8fffefff60002fff8fffc0005fff7
0008000a0001fffe0001fff8fff90000
0002fffe00040008000200060009fffa
fff6fffdfff70006000800030003fff9
fff7000800050007fffffff600030009
fff7fff900000003fffc000000000006
0007fffffff7fff70001fffffffd0009
fffcfffefff9fffc0005fff90004fff8
00090008000500020004fff8fffe0007
00000000000800010003fff900020002
fffbfffa000500050007000afffffffa
fff60007fffa000a00080006fffbfffd
fffb00080008fffd00090006fffc0002
00080005000000090006000300010005
000afff9fff6fffcfffc00060001fff9
ffff0001000200040003fffd00070005
ffff0000fffefffffffbfffffffbffff
fffc0006fff8000000070008fffd0005
fffc0002fffefffd0008fff900010005
fffcfff8000000080008000800040002
000afff7ffff00020003fff7fffefffc
0007fffdfffdfffcfffffff70006fffd
fffffffffffefff9000900080004fffb
fff60009fff7000a0007ffff00000003
fffdfff600080004000afff7fff70005
fffffff6fffdfff7fff6000000090000
00010000fffbfff60009fff80000fffd
fffbfff70004fffb0003fffefff80001
00020006fff80007fffe00080004000a
ffff00020009fffefffe0004000afffb
0008fffa0004fff6000a0005fff8ffff
fffd00060006fff700000008fffb0000
0000000000030008fffe0005fff9fff9
fff600070009fffc000900010002fffd
fffe000400070005fff90006fffc0001
000100040008fff7000afffdfff8fffa
fff90003fff7000a0003fffafff70007
fff7fffcfffb00070007fffc0006fffd
0002fff8fffcfffcfffc00080004fffa
fff9fffdfff900020008fffffff9fffd
fffc0001fffbfffd0008fff80001000a
0002fff7fffefff8fffa00020002fffe
00060005000100040004000900030009
fff70001fff9fffb0007fffc00080007
0004fffb00070004fffcfff7000afff9
000700010009fffdfffcfffd0007fff7
fff8fffe0001fff9fff900090006fff9
0001fffa0005fff60007000100060008
000700010001fff70006fff800010004
fffefff8fffbfffc000800040008fffc
0007fffc00080000000afffd00010003
fffb000500030001fffafffd000afffc
00070007fffbfff600000008fffb000a
00090009fffafff7000a00070002fffa
fff700070008fffbfffefffd00080009
0000fffdfffb000afffefffb00030003
00090009000a0008fff800030001ffff
fff7fff8fff80006fffa00030006fffb
0006fff700030005000a000900030008
00080001fffe000000030006fff80003
0008fffb0009fffd000600020009fffa
fffcfffb00080002000000040001fffe
ffffffff00000009fff70009000a0008
fffefff80007fff600090005fff8fff9
00010001fff60001fffe00030001fffe
fffa0005fff80003fff6fff800040005
fffafff9fffcfff600030005fff80004
000900070003fffb000100060008ffff
00030001fffdfff9000900070004ffff
fffbfff700000001fff7ffff00060001
fffbfffb0004fff6000800030006fffc
0005000afffbfff70007000afff70005
fffbfffafffd00050000000100060002
fffd000a000100000000fffc000afff6
fffdfffcfff70009000300030009fffa
0001fff9ffff0004fffafffbfff7fffb
fffcfff9fffd0004000900010009fffa
0001fff6fff9fffffffcfff8fffa0005
000200020001fff8fffb000800000009
00090003fffdfffcfffafffefffcfff8
fffa0002fff70006fffcfffbfff70003
0005fffc00020006fffb0001fffdfffb
fffd0005fffcfff8fffdffff00060009
fff8000600040009fffc0003fff7fff7
000afff9fffdfffffff7000900090000
fffffffb000000070003fffb0001fff9
00050001fff8fffa0002fffdfff70003
fffe000afff6ffff0007fffffffa0000
0000fffd0004ffff000afffb00020000
fffafffafff8fff7fff6fffa00020002
fff6fff7fffdfffefff8fffefffcfffd
fffafffe00000007fffb00090004fffe
00050002fffafff80005fffffffd0008
000200050000000800040001fffe0009
00030009fffb0005fffdfffcffff0001
000800030004000800060000fff90006
fffe0009fffe00070007000300090009
0003000700080002fffb0004fff60006
fff80002fff7fff8fffd000a00060000
fffd0003ffff0004fffffff8ffff0006
fff7000afffcfff7fffcfffbfff7fffe
00030002fffffff8fffa0004fffdfffe
000900050005fffefffdfff80002000a
00090000fff6fffefffbfffcfffe0001
00000003fffffffffffbfffcfffefff6
0002000400020003fff9ffff000afffe
0005000afffbfffbfffdfff8fff90005
00020000fff800050006fff8fffc0006
0002fffa000a00070006fff7fff90006
00070003fffbfff7fff900000003fff8
000a0002fff90001fffa0007fffdfff8
00020002000a00010006fffa00040001
fffd000700070001fffe000300070004
0002fffc0002000700060001fff9fffb
fff7000afff7fffffff70006fff70005
fffdfff80003fffefff7fff7000a0006
fffefff60006fff700010007fff9fffe
fff70008fffc000a000600010005fffc
0006fffcfffffffe0001fff9fffffff9
fff6ffff0007000700030002fffcfff7
fffd0009fffe00010005fffffff7fffc
fffefffe0005000200030000fffb0006
fff8fffc0005fff6000400020005ffff
fffafffcfffefff70001fffc0002fff7
fff8000600090001fffafffc00090009
fff8fffefffcfffbfffd0000000a0008
fff8fff7fff7fffcffff000900030004
0005fffd00010007fffb000900000005
fff80006fffb0008fffffffdfff60008
fff7fffffffc0005fff8fffffffd0001
0002000a000000060001fffdfff8fffc
fffefffefffefffffff700020004fffa
0003fff9fff8000800030005fffffffa
0008fffc000a0001fff90005ffff0001
0004fffffff9fffafff6fff7fff90004
fffc0002fff700030007fffe000afffc
fff6fff7fffa0007000300080007fffd
00030008fffafff6fffb0002fffafffb
fffe0001fff600080003fff7fffc0003
fffbfffdfffe000700090008fffe0001
0000000800080009fffb00070007fffd
fff9ffff000400080007fff6fffffff6
000a0009fff90002fff9fff9fffd0001
fffb000a0004fff60004fff800020007
000200060009000a000800080005fff9
0008000a000a000a000afff7fffa0000
000800070001fff6fff7fff8fff9fffc
fffffff60006fff800000001fff8fffa
0006fff6fffc0002fffbffff0006ffff
fff900040006fff6000afffffff6fffe
fffd0001fff6fffafff6000200030002
0008000900010005000afffcfffe000a
000900060001fffb0005000100080002
0002fffafff7fffcfffdfffb00060005
000400010007fff700030004fff70003
0007fff7fff9fffbfffcfff600090008
0004fff90009000a0003fffbfffc0004
000afffcfff80001fffafffafffc0005
00070004fff9fffc000100070006fffc
0003000a000200040005fffe0008fff8
fffb000400050002000800040009fff9
000200020001000600080007ffff0008
fff90004fff700090002000000050008
fffafffffffb000a0003fffe00040009
0009fff90007fffafff9000700060005
0000fff7fffafffb0006fff60001fffd
0005fff8fffa0000fffafffdffff0005
0002fffeffff0001fffefff80005fff6
fffdfff9fff800010004fff600010002
ffff0002000afff80003fff7fff6fff6
0000000100070005000a000200020004
ffffffff0000000afffefffdfff70001
fffd0009ffff00030007fff700060004
fffbfff800090004fffcfff70008fff6
0005fffa0003fff8fffd000700000007
0004000afffc0001fff9fff6fff6ffff
fffd00080005fffcfffbfffa0006fffb
fffe000300040006fffafffffffc0005
fff80004fffe0007fff8fffefff9fffa
0004fff6fffcffffffff00030001fffc
fff9fff7fffbfff6fff900060008fff8
0002fffb0007fff90006000afff60005
fffbfff8fff8fffbffff0003fffd0003
fffc0006fffdfffdfffeffff00080000
fffa0004fffb0009fffc000100030004
00000003000afffcfffffffcfffc0009
00070001000000070002000300020002
0004fffbfffe0006fff700030004ffff
0008fff7000900000009fff90009fffe
00040006fff6fff8ffff0008fffc0002
fffc0006fff8fff9fffd0005fffffff9
000a0002fff9000a0004fff700080009
fffa0006000400090005fff80008000a
fffdfffc000800010009fffcfffa0005
0006fff90007fffffffa0004fffe0004
fffe0009fff70001fffbfff80001fff9
0006fffdfffb0003fff8fffb00090004
fffffffd00070009fff9fffd000a0006
fffafffdfffe00070001fff700010005
fff70004000500070004000a000affff
fffefffa0001fffdfffdfffffffc0009
fff80000ffff0005000a000000010001
fffffffefffcfff700090004fff80003
0004fffc0002000300050009000a0005
fffa00030003fffd00090008fffafffe
000400060000fff7fffafffefffa0006
0001000900010003fffefff6fffa0005
0006fffc000a0006fff7000000050008
fffffff70001000a0007fffafff80001
fff6fff6fffffffcfffc000a00040001
fffc0009fff60001fffafffefff70007
fff8fff7fffe0006ffff000a00030008
00020000fffc00030007fff9fff8fff9
00090003fff7fffc000200000000000a
fffe0003fff7000a000100040005fffd
fffbfffd0005fff800040007fffbffff
fff9ffff00070004fffbfffefffb0002
fff80001fffefffb000a000a0009fff9
000800070004fffc000a000600070008
fffbfffc000000030007fffc0004fffe
0004fffafff6ffff00040001fffafff8
fffd0009fff7fff8fffe0004fffaffff
0005fffefff8000000070001fffe0007
fffa0007fff90001fffb0002fffe0004
fff700080005000300080003fff80006
fff6000600010003ffff00070004ffff
0001fff6fff8fffafff6fffcfffcfffe
0003fff9fffcfffb0009fffbfff70008
0002fff90007fff8fff6fffafff80000
fffc0000fff6000a0008000a0007000a
000300020005fff6000a0005fff7fff6
000700090002fffefff8ffff0008fff8
fff80009fff80004000600080002fff7
fff90003000200070001fffcfff90008
00050000fffcfffffffcfffbfff9ffff
fff60003fffb0009fff70005fffafff7
fffdfffb0000fffffff8fffc0001ffff
0007fff900050004fffffffbfffe0007
000000080001fffd0003fffffffa0003
00020004ffff0007fffcfffafffbfffb
fffcfffbfff80005fffd0005fffcfff9
00020001fff9000afff60007fffafffa
0006fffb000600040001fffdfffbfffa
0007fff80003fffa0004fff70000ffff
fffc0003fffa0006fffbfffe00040008
0002fffd0006000afffc0007fff80003
0006000700010007fffe00080002fff6
fffe000afffafff70004fffafffafffa
fffa0004fffffffdfff9fffbfffd0002
fffefffcfff600020001fffc0003fff9
00090007fffffff9fff600050003fff9
fffffffafffafff70004fffdfff80006
00050002fff700080005fff6fff7fffe
fffbfffb0004fff7fffbfff80006fffc
fff70004fffd00050000ffff0007fffc
fffdfffa00060006fffa00030007fffd
0008fff90001000200000009fffd0003
000000030000000700020005fff8fff8
000700030005fff600060008fffe0006
000a00090001fffb00050008ffff000a
fffcfff70006fff60007000300040008
00090009fff6fffafffc000afff90006
00060002fff80002fff800060009fff6
0007fff8fffb0005fffafffe00020008
fff8fffffffe000a0005fff9fffc000a
0000fffffff9fffafff8fffdfff7ffff
ffff000afffffffffffcfffd0004ffff
000000050001fffbfff7000200050005
0002fffefff7000afffc000700060006
fffe00030004fffcffff000900090006
000800070009fffe0006fffbfff80005
fff7fffe0009fffd000100010006fffe
0002ffff000a0008fff7fff6fffcfffb
0007ffff00030007fff7fffcfff8fff8
fff9fff9fffcfffcfff80007ffff0009
0005fff80008fff600050000fff7fff7
0001fffd0001fff90008fffd00000005
00050004fffffff9fffdfff9fff9ffff
fffa0000fffafffffffe0002fffbfff6
0002000a0009fff600040000fffe0006
00030008fffdfffcfff60004fff60008
0002fffe00070005fffe000000010005
0006fffffffbfffa0005fffdffff0000
00090008000700030007fffa00040009
fff60006fffe000900030006ffff000a
f3c10f2bf9ac130c00090001fffe0002
e89bfd3a0be102bf1b1fff36fc7afaa8
e9e3ff280475f1ba0476ebb7f06bfc23
f21df00512ceed70134b01ade655fd55
0267f426fd1be71ef61de80cf4be048a
0b84ee5c1d07eb60244e0548059bf2ff
09910df8ddc7f104e8d0f5f8116c182c
0905eff4fb670c6af33a13fa077c04d6
09c6fbb00d5704b2f54e0be3fea6fe06
efed0e65fca4fa97ffc807f9f408089a
f583e208045706a30721fdb8fb7b0597
0491ed02f8bc012de61d1cabe802f34a
e3bd122f09861d8c0bacf8b4fa72e62c
05a4fc7f009aec5808fbfea5f39806b0
fade11eff84bf85cfec3efde043c03c8
046bf48607e4004affba00d506b10caa
0626e7500929f62bfebf1775ed04051d
f91703380e1e11500b1cf5350dc2edfc
fb97f3221476ee381779dab5f108d7ed
01faf8d810dedfb8f617f002f1b9f71c
f87f0044fb16ea5a0060ed73edfd123b
01b2f92304750b17fcd2f1d3007ae502
f80203caf929fd38108e06a7066c02f6
f709fcaef7c9fe74ec75f4ecfe55f529
09ed02740083fdbe070c1170efb21164
060ff39f08cceb6a0585fe171ea608ed
077d18c200e50df8082cf470f4c8fdb3
0044f0b3feefff0cf69afd8813dffb70
fcc40ccf0807ffbc01c50794ef0afe55
01bbf3a70975f5adf7e6ee63edfb0b9a
08daff180f3a0a5a1a78fbda1564dc22
f749fa520fadf2e2ff83fe25e7920dba
12e0fb0cef7bf13e11fcfd111e24f79b
fe01f11a074ff4190170061c0f2216d3
033709130edc0cd90beb0e9c02cdfd3f
0455eeb6fd4109d4fdc7fe70f942f894
03ad1f7f1680f5cc08ddfdb60335f870
102715bbfd7c0e4b0526e4b700f50bec
01cb02b60febf6b70942f5d41150f6ca
176a0337174406a60000fd28f99410c8
e910e430fde5100e0b23ff9b100ae976
0769e030f94cf053f73e12fdeabdf49b
f364f87d09a90ffcf6e905c901e3ec83
f73bfee2fdf90e4913600d7deaf1f8da
03bdf9aaf1c903b1f7e405351646fc23
f082e38f0290fa28199302030312f2bb
0cfe0217f8d3f372fbdcff7c0f21ff19
03b4ec77028303cb05d2f8f000cdee99
0ffcfcd61ca6f005f96e0626044a0434
fe93024711250a841b380b28f3a60454
06fd10d614d405e2fdd103ac05af05ba
f8552596121c0d9a114bf5e7ee4908e5
f1e8f02d06280199110e0cf300c30f87
09c4f387ff39f9b4f77efe0ef4d203ef
0bf8f8faffe508f3ff6ffbe9027cde97
0470fe92fb33168bf7a000100db4f83c
f8cdfb2407e0039a0853018303abe4a2
0952fe421a1317640e1d1cb2ed330a77
11201049ee0102e6f3f901fd1359023f
0774efd1ff4d0640e7590759efd90033
fa4efab3ecce06a608fd0ca51ed106cc
151df6b40942210dffb50b32fe49dee1
ed081793f6c4050103190f7d11b90509
0897f80bfd8ffd630ac1ecf1012c050b
0e39153f07fbff8107d2ebbe0ef7e4a0
07d92315f8240bb1e4fdffc4fe6e1643
fb2fedafe70ef857070bf3e70a28072a
fe54f59beba4f097e3ad13030c650528
ed5310ee0ce20afb1598efdb0058fcc9
f31dfecbfe7b0cd806a406a9ec76fd4a
ec6cf4a0ef19159113a61044181cf804
ff66edca0b9e086402c517c5f210fcba
098b0cd311fb0a8a009605adf7c2f122
f966f4aded6b0a41f314f4a7fa6eff46
f9fafa6b0849f71f00b2136efa9eef44
0a3412f80054ed591109eeae0b401749
f66e03e40a9dfeeef2ea1360f8631d43
f8c0070afe2bec850245dc77ef92f9a3
03b4f38c1057ff6208701e5cf9631822
14fff720fac4e7050afc13120dc718c8
ef4c00dbfd19090002a0fd7e1ad60af4
0b4b051ee60efeedef20ff52edfaeff7
02131a3bf51d0454df7b00f70bfe1231
030d07130062078a16e4f8ccff4f0b41
0755ef70febaf394f125ed521626ee0b
f8b51962151e0a111bff0137f17ef93d
0f6e0694f43a1925e24ffd78039f0622
018be68d1697eeab000a02ffe900f380
f9edf9eb0c8f0feffbb200c4fc93f629
fbb8132bf174fc16f278ffa3df93f104
fcdaecdd1a7ffcb40c4701b3083114d0
fa7115c2e4aefa0e07a2f52dfd1ff780
0897108af51d1a0af274f7a70c58f47d
11a9fbc401fbef7d00e4f1bb14460c7a
0a5c0588fe741947f3cd131cf6f9ee29
f6e0fe2af263ff0bf198055913ac1551
f32005700f24ec4006c4ebefe229ed96
13c7fe5f059003b2196606530d0e10f1
121314b601f9f53eeec8011514580edd
fc8c10b11a100633fd8be5a3e6a8f981
07400543f0270366e7eef244f4da04fb
e6ea1010f81017d00b250bf5ff80ebcb
0d2012edf758f8d50042f9800b8f19a0
19ddf9b00f8e17c2f60e1f43fa920fc7
ff5404b80d0001daf349083602680218
f5e405c8fe96fd74005dfa0de890ff5c
f1f70cf7f95ef423e74af70ff1ec0a08
fdc2fc41fcf8f3a6f1d5f1ebdec10679
f420f80afa7a049ef812fedef99bfe4b
08fa0191fc77f97b0a95f86206faef27
0ddfe9890bb704daf29ee7d7f9b8eef7
10a1f59b0b36df2b09f412590e12f492
0e8bf58c1217ed040b8bf31b03a01a99
014a00ca055d1044035621580f5c0cce
eb45036efdbf0b7b0485ecd6f95ae430
eeca0efe0389eab3fc69e884e41effd7
18e9ff13f3c50cbc074afaf10b5bfbea
f99b218ffae701a5e9d0f7f8042efee0
06ebff6aee70fd68f7adfc5f0394134e
1106fa6b1893f3df033a06b500be09ba
e9abfd45020c155d0b510b97047305d1
0e3d118ff4e2107dfc3ef96ff8c8e627
f8890f79ecbc1839e13af743faaef70d
f840f686ff9013f00da91b0710d405dd
f7fcf97309c6fffc16261443f59ffdfa
fa41fb6f0571119f0d60f7e115e3ff9f
0aaeeea00fb5f832fbc70c05e214e0f7
f88d0140ec43f911e5e1f67cfaca110d
113d0690108617790fb3f95505aae3d2
ed64ece1f12710690d7f01bf1099ee0a
0e5bfeb0f84b0e15de8b11d8f931f15a
e79e074b0c8df8710c6bf01ef206f00d
0da00c2d0de0fb54f579fee7eb59139b
0fee0c8203121b16fd800984f5a50461
f80901befd491775ea6a0c8b0822fb44
0358f19a11d4fcf80b4cf399e532ee26
1237e7dff9b4e95e07ce0cce139afcf8
11d70e8b07e9e863ff28e4c815c3fe1f
fd8b055c1850ea85ffadecb0f95c0ec4
ec43faeef86afe4900170275ebdf01f8
f05cfce3fbbce5390df5f87a034214c1
0d6c043904d9fa6feaeff513e966f01b
fed50b0ff454f801f8a5ed5aff661519
07ecf2f113a0fc1cfe0debb40361ded0
ebf4019b11400914fe5a0f85e32908d8
f86107f0f75d0df3031d0f3eeb3101b6
1aa8043e114a152afb6716c803a90b67
16a4025004670e67e722082ff102ffb3
f96400261986f2e01078fe321081fe28
fcaa05891751fd271cbeeef0f240fc12
fa0d158a0bd4fa51fdf50479f6601630
faeef619f96028d6007f019af1b5f148
fed810ebfdd8f422fe900b8d043d0153
f4e3f62514790f7a17a5f51e04b5fd0b
17adf4c01961f4f104f50538ed61f65f
fdd4f3ab0c2ff0740db61a8208511494
0d40f295fa8a03640b0dfdfd0f0d0a04
1178e16b0126028cee6506890274e3a6
0c34f75b021ce37a0c7ceff71533e83e
fcd1f114f4d1ed03fdbe01cc0e791494
e9931236eac300dc0eb1f0b41138f1ec
eac5f042030a0abd113305e9088d0451
f92e16abf8e9ec5b17adebc2fdc9f277
e3f2f9fff2dcf2def9d8e7c3087f03a1
16270e34fb5206f8fc400d24efe71044
036edd9815faeeeef522fc40fe5cfd2f
fe89fed9f1b8ee24facfe227004ae6c1
0177fed9169c023c00000887e964023c
fc92dd98ffb6e6c10531e2270e48ee24
e9d90e3401a4fd2f0adefc40ea06eeee
1c0ef9ff1019104403c00d2404ae06f8
06d216abf78103a10628e7c30d24f2de
153bf0420237f277e853ebc20717ec5b
166d1236f7730451eecd05e9fcf60abd
032ff114eec8f1ecf14ff0b4153d00dc
f3ccf75bf1871494024201cc0b2fed03
ee88e16beacde83ef384eff7fde4e37a
f2c0f295fd8ce3a6119b0689feda028c
022cf3abf0f30a04f4f3fdfd05760364
e853f4c0f7af1494f24a1a82f3d1f074
0b1df625129ff65ffb0b0538e69ff4f1
012810ebfb4bfd0be85bf51eeb870f7a
0512f619fbc3015301700b8d0228f422
05f3158a0e4bf148ff81019a06a028d6
0356058909a01630020b0479f42cfa51
069c00260dc0fc12e342eef0e8affd27
e95c0250ef7ffe28ef88fe32e67af2e0
e558043e0efeffb318de082ffb990e67
079f07f0fc570b67049916c8eeb6152a
140c019b14cf01b6fce30f3e08a30df3
f814f2f11cd708d801a60f85eec00914
012b0b0ffc9fded001f3ebb4ec60fc1c
f2940439009a1519075bed5a0bacf801
0fa4fce3169af01b1511f513fb27fa6f
13bdfaeefcbe14c1f20bf87a0444e539
0275055c142101f8ffe902750796fe49
ee290e8b06a40ec40053ecb0e7b0ea85
edc9e7dfea3dfe1f00d8e4c8f817e863
fca8f19aec66fcf8f8320cce064ce95e
07f701be1aceee26f4b4f399ee2cfcf8
f0120c82f7defb4415960c8b02b71775
f2600c2d0a5b046102800984fcee1b16
1862074b14a7139b0a87fee7f220fb54
f1a5feb00dfaf00df395f01ef373f871
129cece106cff15a217511d807b50e15
eec30690ef67ee0af28101bf0ed91069
07730140fa56e3d2f04df955ef7a1779
f552eea00536110d1a1ff67c13bdf911
05bffb6f1dece0f704390c05f04bf832
0804f973ea1dff9ff2a0f7e1fa8f119f
07c0f6860a61fdfae9da1443f63afffc
07770f79ef2c05ddf2571b07007013f0
f1c3118f0552f70d1ec6f74313441839
1655fd450738e62703c2f96f0b1e107d
eefafa6bfb8d05d1f4af0b97fdf4155d
f915ff6aff4209bafcc606b5e76df3df
0665218ffc6c134e0853fc5f1190fd68
e717ff13fbd2fee01630f7f8051901a5
11360efef4a5fbeaf8b6faf10c3b0cbc
14bb036e1be2ffd70397e884fc77eab3
feb600ca06a6e430fb7becd602410b7b
f175f58cf0a40ccefcaa2158faa31044
ef5ff59bfc601a99f475f31bede9ed04
f221e989f1eef492f60c1259f4cadf2b
f70601910648eef70d62e7d7f44904da
0be0f80af906ef27f56bf8620389f97b
023efc410665fe4b07eefede0586049e
0e090cf7213f06790e2bf1eb0308f3a6
0a1c05c80e140a0818b6f70f06a2f423
00ac04b81770ff5cffa3fa0d016afd74
e623f9b0fd9802180cb70836f30001da
f2e012ed056e0fc709f21f43f07217c2
19161010f47119a0ffbef98008a8f8d5
f8c005430080ebcbf4db0bf507f017d0
037410b10b2604fb1812f2440fd90366
eded14b61958f9810275e5a3e5f00633
ec39fe5feba80edd11380115fe07f53e
0ce00570f2f210f1e69a0653fa7003b2
0920fe2a1dd7ed96f93cebeff0dcec40
f5a40588ec5415510e6805590d9dff0b
ee57fbc40907ee290c33131c018c1947
f769108aebba0c7aff1cf1bbfe05ef7d
058f15c2f3a8f47d0d8cf7a70ae31a0a
0326ecdd02e1f780f85ef52d1b52fa0e
0448132bf7cf14d0f3b901b3e581fcb4
0613f9eb206df1040d88ffa30e8cfc16
fe75e68d036df629044e00c4f3710fef
f09206941700f380fff602ffe969eeab
074b1962fc6106221db1fd780bc61925
f8abef700e82f93de4010137eae20a11
fcf30713e9daee0b0edbed520146f394
fded1a3b00b10b41e91cf8ccff9e078a
f4b5051ef4021231208500f70ae30454
10b400db1206eff710e0ff5219f2feed
eb01f720e52a0af4fd60fd7e02e70900
fc4cf38cf23918c8f5041312053ce705
0740070a069d1822f7901e5cefa9ff62
099203e4106ef9a3fdbbdc7701d5ec85
f5cc12f8079d1d430d161360f563feee
0606fa6bf4c01749eef7eeaeffaced59
069af4ad0562ef44ff4e136ef7b7f71f
f6750cd30592ff460cecf4a712950a41
009aedca083ef122ff6a05adee050a8a
1394f4a00df0fcbafd3b17c5f4620864
0ce3fecbe7e4f804ec5a104410e71591
12ad10ee138afd4af95c06a901850cd8
01acf59bffa8fcc9ea68efdbf31e0afb
04d1edaff39b05281c531303145cf097
f8272315f5d8072af8f5f3e718f2f857
f1c7153f019216431b03ffc407dc0bb1
f769f80bf109e4a0f82eebbef805ff81
12f81793fed4050bf53fecf10271fd63
eae3f6b4ee470509fce70f7d093c0501
05b2fab301b7dee1004b0b32f6be210d
f88cefd1e12f06ccf7030ca5133206a6
eee010491027003318a7075900b30640
f6aefe42eca7023f0c0701fd11ff02e6
0733fb2412cd0a77f1e31cb2e5ed1764
fb90fe92fc55e4a2f7ad0183f820039a
f408f8faf24cf83c0860001004cd168b
f63cf387fd84de970091fbe9001b08f3
0e18f02d0b2e03ef0882fe0e00c7f9b4
07ab2596ff3d0f87eef20cf3f9d80199
f90310d611b708e5eeb5f5e7ede40d9a
016d0247fa5105ba022f03aceb2c05e2
f004fcd60c5a0454e4c80b28eedb0a84
fc4cec77fbb6043406920626e35af005
f3020217ff33ee99fa2ef8f0fd7d03cb
0f7ee38ff0dfff190424ff7c072df372
fc43f9aafceef2bbe66d0203fd70fa28
08c5fee2e9bafc23081c05350e3703b1
0c9cf87d150ff8daeca00d7d02070e49
f897e030fe1dec83091705c9f6570ffc
16f0e4301543f49b08c212fd06b4f053
e8960337eff6e976f4ddff9b021b100e
176a0337174406a60000fd28e8bc06a6
e910e430fde5100e0b23ff9b100ae976
0769e030f94cf053f73e12fdeabdf49b
f364f87d09a90ffcf6e905c901e3ec83
f73bfee2fdf90e4913600d7deaf1f8da
03bdf9aaf1c903b1f7e405351646fc23
f082e38f0290fa28199302030312f2bb
0cfe0217f8d3f372fbdcff7c0f21ff19
03b4ec77028303cb05d2f8f000cdee99
0ffcfcd61ca6f005f96e0626044a0434
fe93024711250a841b380b28f3a60454
06fd10d614d405e2fdd103ac05af05ba
f8552596121c0d9a114bf5e7ee4908e5
f1e8f02d06280199110e0cf300c30f87
09c4f387ff39f9b4f77efe0ef4d203ef
0bf8f8faffe508f3ff6ffbe9027cde97
0470fe92fb33168bf7a000100db4f83c
f8cdfb2407e0039a0853018303abe4a2
0952fe421a1317640e1d1cb2ed330a77
11201049ee0102e6f3f901fd1359023f
0774efd1ff4d0640e7590759efd90033
fa4efab3ecce06a608fd0ca51ed106cc
151df6b40942210dffb50b32fe49dee1
ed081793f6c4050103190f7d11b90509
0897f80bfd8ffd630ac1ecf1012c050b
0e39153f07fbff8107d2ebbe0ef7e4a0
07d92315f8240bb1e4fdffc4fe6e1643
fb2fedafe70ef857070bf3e70a28072a
fe54f59beba4f097e3ad13030c650528
ed5310ee0ce20afb1598efdb0058fcc9
f31dfecbfe7b0cd806a406a9ec76fd4a
ec6cf4a0ef19159113a61044181cf804
ff66edca0b9e086402c517c5f210fcba
098b0cd311fb0a8a009605adf7c2f122
f966f4aded6b0a41f314f4a7fa6eff46
f9fafa6b0849f71f00b2136efa9eef44
0a3412f80054ed591109eeae0b401749
f66e03e40a9dfeeef2ea1360f8631d43
f8c0070afe2bec850245dc77ef92f9a3
03b4f38c1057ff6208701e5cf9631822
14fff720fac4e7050afc13120dc718c8
ef4c00dbfd19090002a0fd7e1ad60af4
0b4b051ee60efeedef20ff52edfaeff7
02131a3bf51d0454df7b00f70bfe1231
030d07130062078a16e4f8ccff4f0b41
0755ef70febaf394f125ed521626ee0b
f8b51962151e0a111bff0137f17ef93d
0f6e0694f43a1925e24ffd78039f0622
018be68d1697eeab000a02ffe900f380
f9edf9eb0c8f0feffbb200c4fc93f629
fbb8132bf174fc16f278ffa3df93f104
fcdaecdd1a7ffcb40c4701b3083114d0
fa7115c2e4aefa0e07a2f52dfd1ff780
0897108af51d1a0af274f7a70c58f47d
11a9fbc401fbef7d00e4f1bb14460c7a
0a5c0588fe741947f3cd131cf6f9ee29
f6e0fe2af263ff0bf198055913ac1551
f32005700f24ec4006c4ebefe229ed96
13c7fe5f059003b2196606530d0e10f1
121314b601f9f53eeec8011514580edd
fc8c10b11a100633fd8be5a3e6a8f981
07400543f0270366e7eef244f4da04fb
e6ea1010f81017d00b250bf5ff80ebcb
0d2012edf758f8d50042f9800b8f19a0
19ddf9b00f8e17c2f60e1f43fa920fc7
ff5404b80d0001daf349083602680218
f5e405c8fe96fd74005dfa0de890ff5c
f1f70cf7f95ef423e74af70ff1ec0a08
fdc2fc41fcf8f3a6f1d5f1ebdec10679
f420f80afa7a049ef812fedef99bfe4b
08fa0191fc77f97b0a95f86206faef27
0ddfe9890bb704daf29ee7d7f9b8eef7
10a1f59b0b36df2b09f412590e12f492
0e8bf58c1217ed040b8bf31b03a01a99
014a00ca055d1044035621580f5c0cce
eb45036efdbf0b7b0485ecd6f95ae430
eeca0efe0389eab3fc69e884e41effd7
18e9ff13f3c50cbc074afaf10b5bfbea
f99b218ffae701a5e9d0f7f8042efee0
06ebff6aee70fd68f7adfc5f0394134e
1106fa6b1893f3df033a06b500be09ba
e9abfd45020c155d0b510b97047305d1
0e3d118ff4e2107dfc3ef96ff8c8e627
f8890f79ecbc1839e13af743faaef70d
f840f686ff9013f00da91b0710d405dd
f7fcf97309c6fffc16261443f59ffdfa
fa41fb6f0571119f0d60f7e115e3ff9f
0aaeeea00fb5f832fbc70c05e214e0f7
f88d0140ec43f911e5e1f67cfaca110d
113d0690108617790fb3f95505aae3d2
ed64ece1f12710690d7f01bf1099ee0a
0e5bfeb0f84b0e15de8b11d8f931f15a
e79e074b0c8df8710c6bf01ef206f00d
0da00c2d0de0fb54f579fee7eb59139b
0fee0c8203121b16fd800984f5a50461
f80901befd491775ea6a0c8b0822fb44
0358f19a11d4fcf80b4cf399e532ee26
1237e7dff9b4e95e07ce0cce139afcf8
11d70e8b07e9e863ff28e4c815c3fe1f
fd8b055c1850ea85ffadecb0f95c0ec4
ec43faeef86afe4900170275ebdf01f8
f05cfce3fbbce5390df5f87a034214c1
0d6c043904d9fa6feaeff513e966f01b
fed50b0ff454f801f8a5ed5aff661519
07ecf2f113a0fc1cfe0debb40361ded0
ebf4019b11400914fe5a0f85e32908d8
f86107f0f75d0df3031d0f3eeb3101b6
1aa8043e114a152afb6716c803a90b67
16a4025004670e67e722082ff102ffb3
f96400261986f2e01078fe321081fe28
fcaa05891751fd271cbeeef0f240fc12
fa0d158a0bd4fa51fdf50479f6601630
faeef619f96028d6007f019af1b5f148
fed810ebfdd8f422fe900b8d043d0153
f4e3f62514790f7a17a5f51e04b5fd0b
17adf4c01961f4f104f50538ed61f65f
fdd4f3ab0c2ff0740db61a8208511494
0d40f295fa8a03640b0dfdfd0f0d0a04
1178e16b0126028cee6506890274e3a6
0c34f75b021ce37a0c7ceff71533e83e
fcd1f114f4d1ed03fdbe01cc0e791494
e9931236eac300dc0eb1f0b41138f1ec
eac5f042030a0abd113305e9088d0451
f92e16abf8e9ec5b17adebc2fdc9f277
e3f2f9fff2dcf2def9d8e7c3087f03a1
16270e34fb5206f8fc400d24efe71044
036edd9815faeeeef522fc40fe5cfd2f
fe89fed9f1b8ee24facfe227004ae6c1
0177fed9169c023c00000887e964023c
fc92dd98ffb6e6c10531e2270e48ee24
e9d90e3401a4fd2f0adefc40ea06eeee
1c0ef9ff1019104403c00d2404ae06f8
06d216abf78103a10628e7c30d24f2de
153bf0420237f277e853ebc20717ec5b
166d1236f7730451eecd05e9fcf60abd
032ff114eec8f1ecf14ff0b4153d00dc
f3ccf75bf1871494024201cc0b2fed03
ee88e16beacde83ef384eff7fde4e37a
f2c0f295fd8ce3a6119b0689feda028c
022cf3abf0f30a04f4f3fdfd05760364
e853f4c0f7af1494f24a1a82f3d1f074
0b1df625129ff65ffb0b0538e69ff4f1
012810ebfb4bfd0be85bf51eeb870f7a
0512f619fbc3015301700b8d0228f422
05f3158a0e4bf148ff81019a06a028d6
0356058909a01630020b0479f42cfa51
069c00260dc0fc12e342eef0e8affd27
e95c0250ef7ffe28ef88fe32e67af2e0
e558043e0efeffb318de082ffb990e67
079f07f0fc570b67049916c8eeb6152a
140c019b14cf01b6fce30f3e08a30df3
f814f2f11cd708d801a60f85eec00914
012b0b0ffc9fded001f3ebb4ec60fc1c
f2940439009a1519075bed5a0bacf801
0fa4fce3169af01b1511f513fb27fa6f
13bdfaeefcbe14c1f20bf87a0444e539
0275055c142101f8ffe902750796fe49
ee290e8b06a40ec40053ecb0e7b0ea85
edc9e7dfea3dfe1f00d8e4c8f817e863
fca8f19aec66fcf8f8320cce064ce95e
07f701be1aceee26f4b4f399ee2cfcf8
f0120c82f7defb4415960c8b02b71775
f2600c2d0a5b046102800984fcee1b16
1862074b14a7139b0a87fee7f220fb54
f1a5feb00dfaf00df395f01ef373f871
129cece106cff15a217511d807b50e15
eec30690ef67ee0af28101bf0ed91069
07730140fa56e3d2f04df955ef7a1779
f552eea00536110d1a1ff67c13bdf911
05bffb6f1dece0f704390c05f04bf832
0804f973ea1dff9ff2a0f7e1fa8f119f
07c0f6860a61fdfae9da1443f63afffc
07770f79ef2c05ddf2571b07007013f0
f1c3118f0552f70d1ec6f74313441839
1655fd450738e62703c2f96f0b1e107d
eefafa6bfb8d05d1f4af0b97fdf4155d
f915ff6aff4209bafcc606b5e76df3df
0665218ffc6c134e0853fc5f1190fd68
e717ff13fbd2fee01630f7f8051901a5
11360efef4a5fbeaf8b6faf10c3b0cbc
14bb036e1be2ffd70397e884fc77eab3
feb600ca06a6e430fb7becd602410b7b
f175f58cf0a40ccefcaa2158faa31044
ef5ff59bfc601a99f475f31bede9ed04
f221e989f1eef492f60c1259f4cadf2b
f70601910648eef70d62e7d7f44904da
0be0f80af906ef27f56bf8620389f97b
023efc410665fe4b07eefede0586049e
0e090cf7213f06790e2bf1eb0308f3a6
0a1c05c80e140a0818b6f70f06a2f423
00ac04b81770ff5cffa3fa0d016afd74
e623f9b0fd9802180cb70836f30001da
f2e012ed056e0fc709f21f43f07217c2
19161010f47119a0ffbef98008a8f8d5
f8c005430080ebcbf4db0bf507f017d0
037410b10b2604fb1812f2440fd90366
eded14b61958f9810275e5a3e5f00633
ec39fe5feba80edd11380115fe07f53e
0ce00570f2f210f1e69a0653fa7003b2
0920fe2a1dd7ed96f93cebeff0dcec40
f5a40588ec5415510e6805590d9dff0b
ee57fbc40907ee290c33131c018c1947
f769108aebba0c7aff1cf1bbfe05ef7d
058f15c2f3a8f47d0d8cf7a70ae31a0a
0326ecdd02e1f780f85ef52d1b52fa0e
0448132bf7cf14d0f3b901b3e581fcb4
0613f9eb206df1040d88ffa30e8cfc16
fe75e68d036df629044e00c4f3710fef
f09206941700f380fff602ffe969eeab
074b1962fc6106221db1fd780bc61925
f8abef700e82f93de4010137eae20a11
fcf30713e9daee0b0edbed520146f394
fded1a3b00b10b41e91cf8ccff9e078a
f4b5051ef4021231208500f70ae30454
10b400db1206eff710e0ff5219f2feed
eb01f720e52a0af4fd60fd7e02e70900
fc4cf38cf23918c8f5041312053ce705
0740070a069d1822f7901e5cefa9ff62
099203e4106ef9a3fdbbdc7701d5ec85
f5cc12f8079d1d430d161360f563feee
0606fa6bf4c01749eef7eeaeffaced59
069af4ad0562ef44ff4e136ef7b7f71f
f6750cd30592ff460cecf4a712950a41
009aedca083ef122ff6a05adee050a8a
1394f4a00df0fcbafd3b17c5f4620864
0ce3fecbe7e4f804ec5a104410e71591
12ad10ee138afd4af95c06a901850cd8
01acf59bffa8fcc9ea68efdbf31e0afb
04d1edaff39b05281c531303145cf097
f8272315f5d8072af8f5f3e718f2f857
f1c7153f019216431b03ffc407dc0bb1
f769f80bf109e4a0f82eebbef805ff81
12f81793fed4050bf53fecf10271fd63
eae3f6b4ee470509fce70f7d093c0501
05b2fab301b7dee1004b0b32f6be210d
f88cefd1e12f06ccf7030ca5133206a6
eee010491027003318a7075900b30640
f6aefe42eca7023f0c0701fd11ff02e6
0733fb2412cd0a77f1e31cb2e5ed1764
fb90fe92fc55e4a2f7ad0183f820039a
f408f8faf24cf83c0860001004cd168b
f63cf387fd84de970091fbe9001b08f3
0e18f02d0b2e03ef0882fe0e00c7f9b4
07ab2596ff3d0f87eef20cf3f9d80199
f90310d611b708e5eeb5f5e7ede40d9a
016d0247fa5105ba022f03aceb2c05e2
f004fcd60c5a0454e4c80b28eedb0a84
fc4cec77fbb6043406920626e35af005
f3020217ff33ee99fa2ef8f0fd7d03cb
0f7ee38ff0dfff190424ff7c072df372
fc43f9aafceef2bbe66d0203fd70fa28
08c5fee2e9bafc23081c05350e3703b1
0c9cf87d150ff8daeca00d7d02070e49
f897e030fe1dec83091705c9f6570ffc
16f0e4301543f49b08c212fd06b4f053
e8960337eff6e976f4ddff9b021b100e
176a0337174406a60000fd28e8bc06a6
e910e430fde5100e0b23ff9b100ae976
0769e030f94cf053f73e12fdeabdf49b
f364f87d09a90ffcf6e905c901e3ec83
f73bfee2fdf90e4913600d7deaf1f8da
03bdf9aaf1c903b1f7e405351646fc23
f082e38f0290fa28199302030312f2bb
0cfe0217f8d3f372fbdcff7c0f21ff19
03b4ec77028303cb05d2f8f000cdee99
0ffcfcd61ca6f005f96e0626044a0434
fe93024711250a841b380b28f3a60454
06fd10d614d405e2fdd103ac05af05ba
f8552596121c0d9a114bf5e7ee4908e5
f1e8f02d06280199110e0cf300c30f87
09c4f387ff39f9b4f77efe0ef4d203ef
0bf8f8faffe508f3ff6ffbe9027cde97
0470fe92fb33168bf7a000100db4f83c
f8cdfb2407e0039a0853018303abe4a2
0952fe421a1317640e1d1cb2ed330a77
11201049ee0102e6f3f901fd1359023f
0774efd1ff4d0640e7590759efd90033
fa4efab3ecce06a608fd0ca51ed106cc
151df6b40942210dffb50b32fe49dee1
ed081793f6c4050103190f7d11b90509
0897f80bfd8ffd630ac1ecf1012c050b
0e39153f07fbff8107d2ebbe0ef7e4a0
07d92315f8240bb1e4fdffc4fe6e1643
fb2fedafe70ef857070bf3e70a28072a
fe54f59beba4f097e3ad13030c650528
ed5310ee0ce20afb1598efdb0058fcc9
f31dfecbfe7b0cd806a406a9ec76fd4a
ec6cf4a0ef19159113a61044181cf804
ff66edca0b9e086402c517c5f210fcba
098b0cd311fb0a8a009605adf7c2f122
f966f4aded6b0a41f314f4a7fa6eff46
f9fafa6b0849f71f00b2136efa9eef44
0a3412f80054ed591109eeae0b401749
f66e03e40a9dfeeef2ea1360f8631d43
f8c0070afe2bec850245dc77ef92f9a3
03b4f38c1057ff6208701e5cf9631822
14fff720fac4e7050afc13120dc718c8
ef4c00dbfd19090002a0fd7e1ad60af4
0b4b051ee60efeedef20ff52edfaeff7
02131a3bf51d0454df7b00f70bfe1231
030d07130062078a16e4f8ccff4f0b41
0755ef70febaf394f125ed521626ee0b
f8b51962151e0a111bff0137f17ef93d
0f6e0694f43a1925e24ffd78039f0622
018be68d1697eeab000a02ffe900f380
f9edf9eb0c8f0feffbb200c4fc93f629
fbb8132bf174fc16f278ffa3df93f104
fcdaecdd1a7ffcb40c4701b3083114d0
fa7115c2e4aefa0e07a2f52dfd1ff780
0897108af51d1a0af274f7a70c58f47d
11a9fbc401fbef7d00e4f1bb14460c7a
0a5c0588fe741947f3cd131cf6f9ee29
f6e0fe2af263ff0bf198055913ac1551
f32005700f24ec4006c4ebefe229ed96
13c7fe5f059003b2196606530d0e10f1
121314b601f9f53eeec8011514580edd
fc8c10b11a100633fd8be5a3e6a8f981
07400543f0270366e7eef244f4da04fb
e6ea1010f81017d00b250bf5ff80ebcb
0d2012edf758f8d50042f9800b8f19a0
19ddf9b00f8e17c2f60e1f43fa920fc7
ff5404b80d0001daf349083602680218
f5e405c8fe96fd74005dfa0de890ff5c
f1f70cf7f95ef423e74af70ff1ec0a08
fdc2fc41fcf8f3a6f1d5f1ebdec10679
f420f80afa7a049ef812fedef99bfe4b
08fa0191fc77f97b0a95f86206faef27
0ddfe9890bb704daf29ee7d7f9b8eef7
10a1f59b0b36df2b09f412590e12f492
0e8bf58c1217ed040b8bf31b03a01a99
014a00ca055d1044035621580f5c0cce
eb45036efdbf0b7b0485ecd6f95ae430
eeca0efe0389eab3fc69e884e41effd7
18e9ff13f3c50cbc074afaf10b5bfbea
f99b218ffae701a5e9d0f7f8042efee0
06ebff6aee70fd68f7adfc5f0394134e
1106fa6b1893f3df033a06b500be09ba
e9abfd45020c155d0b510b97047305d1
0e3d118ff4e2107dfc3ef96ff8c8e627
f8890f79ecbc1839e13af743faaef70d
f840f686ff9013f00da91b0710d405dd
f7fcf97309c6fffc16261443f59ffdfa
fa41fb6f0571119f0d60f7e115e3ff9f
0aaeeea00fb5f832fbc70c05e214e0f7
f88d0140ec43f911e5e1f67cfaca110d
113d0690108617790fb3f95505aae3d2
ed64ece1f12710690d7f01bf1099ee0a
0e5bfeb0f84b0e15de8b11d8f931f15a
e79e074b0c8df8710c6bf01ef206f00d
0da00c2d0de0fb54f579fee7eb59139b
0fee0c8203121b16fd800984f5a50461
f80901befd491775ea6a0c8b0822fb44
0358f19a11d4fcf80b4cf399e532ee26
1237e7dff9b4e95e07ce0cce139afcf8
11d70e8b07e9e863ff28e4c815c3fe1f
fd8b055c1850ea85ffadecb0f95c0ec4
ec43faeef86afe4900170275ebdf01f8
f05cfce3fbbce5390df5f87a034214c1
0d6c043904d9fa6feaeff513e966f01b
fed50b0ff454f801f8a5ed5aff661519
07ecf2f113a0fc1cfe0debb40361ded0
ebf4019b11400914fe5a0f85e32908d8
f86107f0f75d0df3031d0f3eeb3101b6
1aa8043e114a152afb6716c803a90b67
16a4025004670e67e722082ff102ffb3
f96400261986f2e01078fe321081fe28
fcaa05891751fd271cbeeef0f240fc12
fa0d158a0bd4fa51fdf50479f6601630
faeef619f96028d6007f019af1b5f148
fed810ebfdd8f422fe900b8d043d0153
f4e3f62514790f7a17a5f51e04b5fd0b
17adf4c01961f4f104f50538ed61f65f
fdd4f3ab0c2ff0740db61a8208511494
0d40f295fa8a03640b0dfdfd0f0d0a04
1178e16b0126028cee6506890274e3a6
0c34f75b021ce37a0c7ceff71533e83e
fcd1f114f4d1ed03fdbe01cc0e791494
e9931236eac300dc0eb1f0b41138f1ec
eac5f042030a0abd113305e9088d0451
f92e16abf8e9ec5b17adebc2fdc9f277
e3f2f9fff2dcf2def9d8e7c3087f03a1
16270e34fb5206f8fc400d24efe71044
036edd9815faeeeef522fc40fe5cfd2f
fe89fed9f1b8ee24facfe227004ae6c1
fe6e082d017df64a1279f280e964023c
fe26f7670b8d0eb00c19016c0b0bf0f6
f85a0d09f2afe6710507ecd5051102c2
10a2fd09074712e5f29200d5f430fe41
fd1ff4000830071f0d241e480fff07c8
f706221bf2920831f8b6ed27f7acf784
0fc50634fe991241f342ee56f9e1ec4c
f43210a70a0fedb8fb87003f05df16bb
e76aecccf8f9f6c10bd70595e61c064f
076e0fa2fb55fa7af83bf64b03a711f6
02b2f7bbffc60c79f67907c0f6e4ea82
f76d07c3102800b512351198ffe61cca
0cc9f7d8e972f199f86cee880bfff795
e00bf0ca0d13130c062912e8f957fa74
1bee12d90dfffe470f7309a5fc7e06cf
feb3f0610939eb060a8fecbf07c6f8ae
f7f81359ec80fc8ae86f0b84ffe72035
1160e43a02d10e37fc6d0ed9f44afcc7
ee9cfda001caf2e2043b0e330c0dffd5
08bffff6fba7e3560f13f05b04820d08
0dbdf74d07f2eb22fd32e7f5063cfab6
0bfd112706def526f5aff8c604c50bad
e8440598f7531849fe4effa9f705fb0c
ec01f563efeaf4900ac20279ff9c053a
e919e757e9dfe83705e1fa5d0a6cf6f1
f91f01bd011f0920128c0943ff470594
ec95054af9fdeb271090efa2136bf1ee
ee350caff560067deb45f868e5e01203
e5f708b3082bfda002d4031be3cafe89
f41af801ea1dfc600982f271fda90703
14c902dc0e2ff77d0e3904ef0b09fc70
f386ef37f51105cef64ae55a0b52ede3
14e5f35d0151e1581abe00a40cd1f5b7
0204feb713ec0341eaffe5e905dfec9b
15b001881236e4610e6a0279efe51002
edcefebf1e9916c807c50366007bfd32
03ec0cadf3cfffbffa67f645e82bfb4e
08750fc012a418c0f3230d8ef186f886
0f6d0fd503ebf6b9fb4cf9cb030317e3
f44ce99813a9fca8fcd2f8d1ec4efef4
1288ee810019063b13920de7078febdc
0059f567fdd4ef5fe38b0ab4fef40caa
f987fa7aea8c068c0aaaf0fe03c8e836
f1610ffbf465fa59ff2afb99180aff65
fca9f3c60264db19ffb3e1d6ec06ffb5
09e810160c08f4230505fc5601e40f64
01fdf02c050df0860e1617b608ef237f
e5b50006f9f207ae08d2fa18098c0208
feb1ec3b12e7f3be0bd00f94ed2ff548
f0da12ccf357e6faf5bee296f26f0c62
0566025406f212d41ae5f18607c1eec0
1078f84b059a0437060e19f119f00b0e
0cddfc661d26f75ff87deb55eae9f4f8
03d2ec07f9b70a5c0fc6f51212f6e3cd
02ed007c1062fbd2fc4c023efc18ef01
f5c70a53008409d10cf10b62fe090588
f66e17dbebbc00fc11ccfa1e1327117d
e6f011730d580feaf9d0fe7afac1ffc1
02120be5fbfaf78920dbe88ef19703d6
01b7f52e0a1efc78f677057710fd025b
1063fedf037114e815771702fe0d082a
0986e1d90a9901f6fe821c0816430377
f8e4f8b400fd014209a8f4a00472e696
f6e0fef00bf0fae3f8c500f1ec87f211
f34917e60f65138c1c661702f7a51a1e
099b0d9dec42f6c408a60b3a10c7125a
ef6307c519edfc96fc48f6ddfbd423e8
0bd7e4d2f5b104ea0cac1197f79cef8b
e216fef0018be833f77cf332fde1046c
00460818e980007413c6f9f90a7ef322
e9b811340620efdffac5ff59fab61e5c
0e5f076b048a1416f83af220f027028a
f61805a807d101e210fbf712fd32e1ac
09f0007c0534efecfe9808bf0c4b213a
f082fe91fa0ff891ea72022fe3b80325
f005f11c0dccf998faea0dc8ea801a8b
059ae335f5af0b1e0875135af002f1d4
153beb230e87f648e9a214270673fb31
f25b0490ee810d19f5da0dbef27601d7
090afc5f11b7fed009f806550b4e00d3
df6905330647f7a8fbd9fadde7b902b3
fcb21e83f42efba4fbf2ed17e61706a0
13fa070510b61cd60cbaf30a07fbf824
0fd5fd95f9ffe10f0824eec61d8efa54
fb01ec670b14101607fae7fd091ae68b
1847f9f9fc83f46a084812e90dd8f344
e9f9131406bb0fe9f3f5103dff5f1264
1ba713bd0888067f0349f38aefae073e
0b7dfe451cf1001d0399fa29056bfe27
f3fffca2f0761dd2f52df8a7fdf9eb65
05ebff910783df1d0962f106f62de94a
0abfdece01a9080bf725053b09e80f95
1511f00f0bbbf436152e248e0c33f561
ea27f17f0da8fcf8fab611690747199b
03caf8a6f9b4017cfdad08bfe1ecfafd
e20b0dc4002d0d2b0bbcff5505a1f563
16cd050415edf44e045c0576f82b0ece
ee58f518008ef6ed0a64fd03f1021353
0a86090e0dff0fbd066d04361405edb4
f3f50974e50e057707acf3ebf277ffa8
10c5212306d21422f717f741205df13c
0416ea400c30fdcf0ea307eff799114f
fd04fb30fbdbea48e50b1276f64d0971
f165149bfbc3f79cfbd8e1f4f33e02c1
faaee942ff46f5e41a820ae900030da1
0909f5e309e70224012e1e861332138d
079f0dad00d80e100088f225f334e2b6
12120a8211d9ed93fe5af82d083e173d
003feeb8e65efbbef1dfed94079cea37
06de0eb3122be6efe8c4fe27ec95156d
0179ecf8fb1a1e96f7fe0799f4d2f8aa
0a5d04fe0169edf6f44cfab3f801f246
0f74ed6c09311d58019a183006b907a9
edc1fc0bf282f59bfdd9081e0b4ff2d0
0cb90d600ff206f8fd5fe33cec28f3b5
fff90007fffbfffff12af4b0fa65e826
00080000000900000006fff700040006
fffcfff8fffe00050004fff6000afff9
00030009fff6fff6000a0004fffbffff
0000fff80003fffa0009fff9fffbfffb
00000000fffcfffe0002fff6fffc0005
fffdfffa00060005000000010002000a
fffffffe0003ffff0001fffcfffa000a
00070002fff60006fffdfffb00010001
00040009fffffffc00020002fff8ffff
ffff0003fffd0003fff800090006fffb
0008fffbfff7fffc000500080003fffb
fffdfff70009fff7fff60003fffa0002
000a0004fff9fffd0009000200000005
fffdfffeffffffff0002000a0001000a
00090007fffa000700090005fffafff7
fffbfff8fff8fff9000afffe0005fff8
00090009fff9fff60000fffdfffafff8
fff90007ffff0006fff60007fffc0000
0008fffd000300090009fffbfffafffa
fff8fff60001fffe0004000afff8fff7
00050003fffa00080007000100060000
0006fffcfffd00050004fffefffb0001
fff8fff600060000fff7fff80006fffe
0005fffc0009fffa0002fff6fffffffa
0006000a00050004fffbffff00070001
0009fff9fffefffdfffc0007fff7fffa
000800010007000500000009fffc0009
0003fff9fff70006fffbfff600010001
0006fffafffe0004fffa00070007fffd
fffb0005fff8000afffbfffefff9fff6
0008fff6fff7fff8fffcfffbfff7fff8
000a0003fffafffdfffc0004fff8000a
fff8fff7000600030006fffffffa0003
0006fff6fff80008fffafff90007fffc
000afffd0006000a000300020006fffe
fff7fffc0007000800050003000afff7
fffefff8fff9000200000004fff60007
fffc00050003fff900050001fff70008
fff70000ffff0005ffffffff0001fffc
0004fff8fffb000600000004ffff0005
00050004fffe0002fffefff600010006
fff7000700020004fff7ffff0001ffff
0006fff7fffd000a0006fffc0002ffff
0001fffffff6fffcfff9fffb0001fff9
fff80007000a000a0000fffafffffffb
0006fffd0003000afffcfff8fffa0001
0001fffb00070001fff9fffffff90004
00060002fffe0003fff70004fffafffb
fff900080004fffb0001fff60005fff6
00040002fffc0003fff8000a00090006
0005000900000008fffc0006fff6fff8
000600060007000a0005fff6fffffffc
0004fffdfff6fff8ffff0004fff6000a
fffa00060003ffff000600010005ffff
00000009fffbfffcfffe0008fff7fff9
fffc0004fffefff9fff90001fff70002
00030007fffffff90000000300020005
00070009000900020009000afffffff7
fff60005000100030009000800010007
0009fffb00070002fffd0001fffdfffe
fffbfff8ffff00010004fff8fffc0002
000afffaffff0000fffc000400030003
000800060006fffdfff6fffa00050000
fffafffcfff9fff9ffff0008fffb000a
000800040006fffa00020001fff9fffc
fff70006fffdfffdfff7000000070002
fffc0005fffdfffe000500070000ffff
0007fffafff8000300030009ffff0006
fffffffa0006fffa0002fff8fffdfffd
0006fff7fffc0007000600020000fffd
fffdfffafffa000a0009fffb0002ffff
0006fffd000afff7fffc0008fffc0005
0007ffff0002000500060001fff7000a
0002fffafffc0001fff800050005fff6
fffa0000fff9fff7fff8000900030008
fffc0007fff7fff60005000900060006
000100010004fffbfff7fff7fffd0006
fff6000a00020004fff70001fffefffc
00040004000500090005000afffdfff6
0002fff7fffb000400030003fffafffb
fffbfff7fff9fffcfffe0003fffa0008
0009fffd0007fffc0008fffefffdfffc
fffefff600000002000700050001ffff
00070000fffefff8fffffff8fff9fff6
fffe0000fff600050006ffff00070005
fff7000afffc0004fff9fff80002fff9
fffe0008000a00010009fffcfff90006
fff80008fffa00090000fffc0003fffb
00030005fffcfff7000300020008fff7
00060000fffd0004fff90005fff9fffe
fff8fffbfff90009fff7000600070003
fffa00010005fff8fff600020000fff7
00000001fff900020002fffc0000fff7
fffcfffc000600050000fffe0007ffff
fff70000fff7fff90007000400090000
fffefff8fffb0001ffff0002fff60007
000a000a0003fff8fff8fffd0009fffb
fffa0008fffcfffa00000004fffafff6
fffffffa0002fff60009fff8fff8fffd
fffffffdfff6fff8fffb000000010003
0005fffc0004fffc0005fff8fff6ffff
ffff00060003fffefffffff9fffb0007
000afffefff80003000800060000fffb
000100070005fffdfffffff90003000a
fff700070000fffffffb000000000000
fff7000200090003fffbfffffff8000a
fff6000500060007fffa00070000ffff
0007fffbfff7fff8fffdffff000afff7
0000fffd00080001ffff0004fffd0005
0006000afffdfff800040004fffd0002
0009fffe000afffffff80004fffaffff
000a0008fff6fffa00090007fffd0005
fffbfff8fff600000003fffafff60004
fff7fff7000afffafff90004000afff9
fff60000fff900000009000800000009
0003fffd0000fffffffb000700010005
fffa0000fffafff9ffff0007fffe0003
0005fffd00000006fffd000a00030004
fffafffb000afffefffffffdfffc0008
fffa0009fff7fff70001fffb00060002
000200050002000800050006fffc0005
0009000affff0005fff6fffd00090006
fffb0008ffff0005fffdfff90008fffa
fff800090003fff600040007ffff0003
fff70002000a00030008fffd00020003
fff70003fffbfffffffafffffff7fff8
fff900090004fffa0005ffff00070008
fff9000400000003fff80004fff60007
00090004000a0004fffaffff00060001
0004fff600050003fff600010005fff7
000100020008fffdfffd00040007fff9
fff8000200080003fffe0007000a0000
ffff0004000200090008fff8fffa0007
000afffa000a0007000300000008fffc
00010007fff90000fff60002fffafffd
fff600090007fff90005000100000003
fff8fffafff6fffc00080001fffc0001
fffb000a000700060001fffc00010005
fff8fffcfffffff70002fffffffe0004
fffb000500080003fffb00000001fffc
fff8fff60005fffe0001fffffff80008
0002fffb0001000afff80002fffafff7
fff9ffff000a0001ffff00050007fff6
0000fffffff600060009000000010006
000700070007000800010007fff80008
00080006fffc0007fff6fffe0000fffe
000a00030005fffcfffafffb00020004
fffe0002000700020003fff900000007
fffb0009fffefffc0009000a0004fffb
00060008fffa00030000fffbfffcfffc
0007fff600030008fffa0006fffffffa
000500000002fff8fff9fff8fffefff9
fffb0007000100030008fff60004ffff
fff80003000afff70003fffdfffd0009
fffd00070005000100050009fffe0003
fffd0009000afffefff800010004fffe
0005fff6fff9fffb00060000fffe0009
fff9fffafffcfff6000a00010001fff9
00060004fff6fffafffa0005fff9fff8
0007fff8000a000affff0009fff80004
fff6fff7fffffffd00070002fff9ffff
fff7fffefff7000a000afff60000ffff
fffc00030005fffafffb00080002fff8
fffa00060007fff60009fffcffff0005
00040002000600020005fffffff90006
00040001fffc000700080007fffa0007
fff90007fffbffff00010003fffffffa
fffefff7fff7fffcfff80003fffdfffc
fffc000500010006000300010002fffd
0008fff800030001fffbfffbfffcfff7
0005fffc0006fffcfff9fffefffe0002
fffffffc0006fffffffe0002000afff8
fffa0007ffff00000001fffe000afffc
00050007000a000afffe00020000fff8
0005000800050001fffffff9fffffffc
fff6000afff8fff8fff9fffa0000fffa
fffafffbfff60006000900090000fffb
fff80003fffffff90007ffff0007fff7
fff6fffe0006fffe0007000500040002
fffe0002fff8fff80007000a0002fffc
fff7fff9fffd000300060005fff70000
fffa0001000500040007fff7fff70002
fffd0005fff7fffafffb0008fffefff8
fff7fff6ffff0007000700070001fff6
fffa0009fff9000700040007fffbfff8
0001fff6000afffd0009fffa00010007
00050008fffa0006fff8fffdfffc0007
fff6fff600050006fff600000004fff8
00000002fff8fff7000500060001fffd
fffb000100070000fff80008000a0004
0005fffffff8000600040000fffefffc
fff80006fffd000afff8fff6fffefffb
fffe00050003fff70006fff7fffb0000
00050007fff90009000afffdffff0003
0009ffff0008fffdfffc00070000fff7
fff80000fff9fff8fff6fffdfff9fff8
fffcfff8fff8fffefffa0000fff70000
fffa0007fffefff60001fff7fffd0002
fffffffffffb00010007000a0007fffa
000100040004fff8000a0008fffd0000
00000001fffb0009000200060002fffd
fff9fff70000000a00040002000a0000
fff9000300030003000a00040007000a
00050007fffd000700040005fffa0005
ffff0005fffdfff7fff80005fff7fffb
fffffff8000afffefffbfffe00080002
fff6fffd0007000400070008fff8fffc
0007fff7fff800040004fff70004fff6
0005000100030007000a0008fff7fff7
fffffff60004fff80003000300080008
0008fffbfffc000000000009fffdfff8
0005000800030007fffd0000fffbfff7
fff900050000000afff6000600010004
0006fffefffd00090008000400070004
fffb0006fff7000a0002000600000006
00090008fffefffbfffa0001fff7fff9
00000005fffcffff0006fff800090002
fff6fff7ffff00000006fffdfffa0001
00050002fffb000a0007fffbfffbfffe
fff800050005fffcfffcfff9fff6fff7
000a00070006fff90008fffd00040000
00090004fff90009fffbfff9fffc000a
fffafff900000004fff6fff700070000
fff90006fff7fff80006000000030001
fffc000afff700080009fff700090005
fff6fffdfff60000000700010002fff7
ffff000100060004fffb0000ffffffff
0000000900060003fff7fff6fffb000a
0007fffa0000fffefff6fff7fff6fffa
fffefff6fff60007fffe0007fffcfff7
00080008fffafffcfff7fffffffefffc
00060001000600010000fff70008fffd
fffe0001fffa00040009000800060003
00080005fff700010007fff60002fffa
00010006000600080002fff900090007
0008fffa00060002fffd0006fff8fffa
00090006000400090003fffffffbfff7
fff800030002fff7000afff900060009
fff70009000500050009fffcfffafff9
fffafff900020007fff9fffefff8ffff
0003fff9fffdfffc00060000fffcfffa
0009fff80005fff600010000fffbfff7
fffcfffbfff7fff80006fff800000007
fffd0000fff8fff7fff9fff7fffefff6
fffefffc0003fffe0003fffa00070002
0001fffa0009fff6000500060004fff6
fffb00050004000a000600000002fffd
0001fff6fff7fffbffff00000000fffe
fff6fffd00030001fffd000300010007
0004fffa000400090002fff9000a0006
fff6fffb00050005fff9fffdfff6fff7
00040004000700070006fff6fff7fffa
fffd0009fffbfffa0006fffdfffffffc
000800030007000a0003fff800000009
0008fffbfffb00090002fffafffa0006
0007fffe000a000a0008000200060005
00070006fffbfffd0006fffcfff70007
0002000afff80002fff8fffafff90009
0000fffafffb0007000a000300070005
fffe0002ffff0004fffefffa00010006
fffc0004000300060008000400060005
fff70009fffb000a0001fffeffff0009
fffa000a0000fffa000900060005fff7
000afff9000800020001000a0005fffa
fffe0006000a000afffe0005ffff0001
fffe00080005fff800000008fff6fffd
ffff0002fff9fffa0008fffbffff0008
0007000200050002fff7fff6fff9fffc
fff9000afffbfff7fffe000afffa0009
000400050008fff8fff9fffa00040004
0004000700000006fff80007fff90001
fffe0006fff60005fff600040000fffa
0004fffdfffa00000008fffc00010006
fffffff60009fffbfffe000800060006
fffdfff900070008fffafffefffb0006
fffdfffc00090000000a000000050009
00080003fff700060005ffff0004fff9
fffc000300050009fff6fff700030007
00030007fff9fffafffc0002fff70004
fff8000afffdfff6fffafff8fffd0000
0004000800090001fffffff80004fffe
fffa00040003fff800030002fffd0008
fffb0007fffa0006fffbfff6fffc0004
0005000200090006000500060005fff9
0005fff800080004000200020001fff6
fffe000600070005fff9000300090009
00070008000a00030008000a00040004
0006fffbfffdfffa0000fffd0005000a
000afffdfffd0007fffa0002fff6fffb
0007fffffffefff9000a0004000affff
fff700020004fffb0002000a00010003
0002fff7000100020002000800070007
0006fff60004fffa00010001fff90001
fff80001fffd000500060006fff9fffd
00030009fffefff900060000fff70005
0003fffb0000fff90007ffff00060006
0004fff7fff7000100080000fffcfff8
fffffffc000afff8fff6fff8fffc0006
00080008fff7fffd0007fffc000afff7
0005fffffffc000afffd000900080002
00010001fffbfffa00070009fffd0004
fffbfff6fffdfffa0008fff800010001
fffcfffefffefffb0004fff60001fffb
fffe0007fff9000900040008fff7fffe
00050008fff90003fffd0001ffff0002
fffe0000fff70008000afff70005000a
00000004fffb0007000afffefff70000
00080002fff6fffefffdfffcfffafff9
00050001000300050009000a0000fffe
00060007000300000004fff90004fff8
fff9fffcfff7fff6fffb00020003fffc
000afffefffcfffffff8fff8fff90003
fffbfff900060002fffd0008fff90003
0003fffc000800040003fff80007fff6
ffff00020006fff8fffcfffbfff80001
0006000600060004fff80005ffff0003
000a0009000100000004000000030005
0007fffb000a00050003fff60002fff8
fffbfff9000a0008fffb0001fff80007
0005fffd000000050009fffb0009ffff
0006fff90009fffa000000010001fffc
ffff0005fff60004fffb000200090000
fffdfffefff9fff9000200070005fff8
ffff00010000fffc000400040000fffa
0009000a0004000300030004fffdfff7
000600070002fff8fffbfffafffe0001
fff90009000afffc000a0008fff80002
00050004000afff9fff9fffe0008ffff
fffcfffd0000fffb0004fffafffffffd
0006fffd0001fffbffff0004000afff8
fffb0005fff700050007fffb00050009
0008fff900030007fff80009000a0000
fff80009ffff0008fff8ffff0006fff9
0000fffe000a0000fffafffefffe0005
00020009fff800030000fff7fff9fff9
0008fffb0006fffc000900070009fffd
000500090003fffc0002fffc0005fffb
00040008fffbfff6000600080006fff9
0002fff9fffffffd0005ffff0002fff6
fffc00060009fff70009fff90001fff8
0007fffdfffb00050009ffff0000ffff
000100040000fffe0009fffc000afff8
fff80007fffb00050000fffffff7fffc
0005000a000400000009fff80001fffe
0001000afffcfff8000000090008fff8
fffe0007000400000007000000040004
fffbfffb0005fff8fffc0007fffe0002
0007fffd0006000a00060009fff90002
0004fff80003fff6fffefffa00060003
0009fff6fffffff7fff8fff800080009
0007fff8fffbfff80007000100010002
0006000affff0003fffcfffa0009fffd
fffdfff8000300010003fffa0003fffe
0005fffb000a000500010002fff8fff6
0002ffff00050009fffafff7fffe0004
000afffe0001fffffffc000100030001
fff7000600030000fffafff90008fff9
0008fffd00060005000300020007fffc
000a0003fff70001fffefff7fff9fff7
000700050002fff8fffafff600040006
fff70001fffd0008fffd000000020001
0001fff900060001fff6fff60008fffd
0002fff80008000900020007fffb0000
0000fffefffe000300080005fff80006
00090004fffc00000006fffffffa0004
fff8000000060004ffff00070000fff6
fffd000a00040000fffbfffc0004000a
0005000afff7ffff00010001fff6fffb
0000000afff7fff90003fff90000fffa
0000fff70001fff6fff70008fff80004
000400030005fffb0008fffd0005fff7
0005fffafff70005000500010006ffff
000900020005fffafff8000300020000
fffefffb00050002fffdfffbfff9fffd
fff700060004fffafffefff700060008
fffdfff70000000800010000fffefffd
fffbfffcfffcfff80004fff6fff90008
fffcfff7000000020007fff8fff80003
fffe0003fff80005fff90000fffe0007
00080002fff6fff90006fffafffc0002
0003000700080002fffa0007fffafffa
fff900060007fff9fff7fffc0007000a
0009fff8fff70003000a0005fffa0007
00070005fff80005fffffffd0003fff6
fffefffd00060008fff6fff80002fff8
fffa0007fffffffffffefff80002fffe
0000fff9fffcfffcfff80003fff80007
0006fffaffff0001fffb0007fffa000a
0007ffff00060001000100050004fffb
fffb0009fffefffcfff9fff9fff7fff9
fffc0008fffd000a0009fffbfff7fff8
fff6fffbfffc00080008000afffd0004
000a0006fff7fffcffff0009fff7fffc
fffc000a000affff0000000000010008
fffffffd0004fff7000200000002fff8
fffffffc0001fffc0005fff8fffb0004
0003fffd0003fffefff7000700040001
fffffff90005000900080003ffff0008
fffafff9fffd000700060005ffff0007
0003000800090005fff7fff7000afffc
0000fffd0001ffff000400040001ffff
00060006000afffa0002fff6fff9fff7
fff9000afff90003fff80004000a0000
000afffcfffa00040003fffbfffbfffb
ffff00040006fff80008fffd00030009
fff8fffd0007fffafff90008fffe0002
00050007fffbfffc000000000002fffb
fff9000400060005fff600020008fffc
fffcfff700010007fffa0006fffbfffd
00010009ffff0009ffffffff0005fff7
00060008fffe000afffd0008fff8000a
fff70005fffafffa0002ffff0004fffd
0004fffe00020004000000040003fffb
0006000afffe00070008fff600020002
00060003fffffffefffa0007fffbfff9
0006fffffff900000000fffbfff6fffb
fff60001fffa00070002000700000006
00040006fffb0001fff70007000a0000
fffa0004fff7fff60001fff9fff9fffe
fffe00040005000600040003fffefffc
fffeffff0005000800050008fff90004
fffafff6fff6fffcfffcfffc000afff6
0004fffd00040007fffb00030009ffff
0007fffc0006000100060000fff6fffa
fffbfffdfffe0007000700070009fff6
00010002fffdfffb0007000a00090006
000a00080009ffff00030001fffd0003
000afffbfff7000a0002fffffffc0000
0007fff6fff800090003fffafff8fffe
00000008fffd00080001fff800000009
0005000a0008fffb0007fffefffa0009
00090005fff80001000afffbfff8fff7
fff70002fff9fff9fffffffcfffefffa
000a000affff00030007fff8fff70009
00060009000afffb0008fffe000afff7
fff7fffa00020009000900060009fffc
000800010005fffa00050007fffdfffe
00020000fffc00030005fff700060002
00080003ffff00000003000a00090002
0009fffb000afff8fffdfffd00000005
000800040000000900090002ffff0002
fffe00090002fffa00040002fffe0001
0007000afff9fffe00080003fff80003
0001fff8fff6ffffffff0003ffff0009
fffb000500040007fff60007fff7fffb
0005fff60003000900000002fff9ffff
fffe00010002fffefff9000800040008
fffafff7fffbfffe000700080009fffa
0000fffefffbfff9fffa0002fff70002
0001000afffafffefff7fff8fffd0001
0003000a0004fff70003000100060006
0009fffffffb0006fff6fffc00080000
0004ffff00010003fffefff8fff60005
fffdfff90005fffdfffdfff9fffafffd
fff6000900090001fff9fffffffaffff
0002fffb000a00020000fffd00000002
0001fff9fffb0003fffffffbfffefffe
fffcfffb00060004fffafff800050005
fffe0003fffcfffdfffefff700020006
0005fff6000a000300030000fff9000a
fffc000600030006000300070007fffd
fffcfffc000600030004fff900060003
0005fffbfffdfffa00030004fff60003
0005000afffd0005fff7fff80005fffb
fffffffbfff90003fff6000800010001
fffffffc00030003fff6000500000001
fffa0009fffb00060007fffe0008fffc
fffa000afffcfff900040007ffff0009
fff7000600090003fffc000600080009
00010002fffa00030003ffff00010008
00050007fffd0003fffe000400050008
fff6000800060004000a0002fffbfff9
0006fffdfffb0001000200030009fffc
0007000afffc0003fffcfff6fffdfffa
000afff9fffe0006fffefff8fffcfff8
fffe0005fffb00080005fff60007fff8
fffc0007000afff80003fff7fffd0004
00040009fff60007000afffe00050004
fffb0003000600070003fff7fffb0009
0006ffff00060001000400080008fff9
0009000a0005fff9fff6fff6fff80005
fff9fff800040000fffe0003fffaffff
000400050001fffb0007fffefffffff7
0007000afffdfffafffa0007ffff000a
fffc00050003fffffff7fffd0003fffb
fff70003fffe00020002000500070008
fff60005ffff00090006fffc00070005
fff70001fff6fffd000000070003fff6
fff6000afffa0000fffd00030002fffe
0000fffbfff6fffe0001fff90005fff6
fff8000affff0000000200060008fffd
0005fffa00040005fff6fffafff70004
00030002fff9fffafff6000afff80003
fff9000200040000000400060004000a
0008fff6fffb0007fff8fff80005fffe
000100010008fffb0004fff7fffb0002
fff80001ffff0003fffd00070001fffb
0008000a0003fff9fff6000400020009
fff80006000600070002fffafffdfffd
00050001000afffcfff6fffdfffa0002
00090001ffff00000000000600060000
fff90002fff6fff7fffa00090003ffff
0004000400030006fffafff9fffa000a
00040000fff70000000afffa0007fffd
0003fffa0008fffa0001ffff0008ffff
fff70008fff900060007000000000008
0003fffdfff90003fffe000200080005
ffff000afff6000600010003fff9fffa
fffafffffff60009fff6000500010002
fffefff8fffcffff0004000300070003
0008000600010009000a0002fffa0008
0003000afffd0002fffdfffc00010004
0007fffdfff8000500050005fffdfff8
000100080001fffdfffa0006fffffff8
fffcfff7fff90002fffa0007fffbfff6
fffe0004fff8fffd0009fffbfffcfff6
fff70001fff9fff8000700050007fffa
0007fff6fffffffb00020005fff6fff8
0000fff80006ffff000600080006fff6
0001fff80005fffafffe0005fffdfffc
fffdfff60008fffbfffc00020004fffd
fff8000900060006fffd00000003000a
fff7fffc0007000a0001fff7ffff0004
fffefffe0000fffe0001fff800050002
0008000100070009fffe00020002fff8
fffffff6000800020008fff8000afffa
00010006fffffffc000a0002fffe000a
000a000a0009fff7fffefffafffbfffe
fffc000a000700040000fffe00030001
000afff9fffa0003fff60005fff80007
ffff0002fff7000000040005fffcfffd
fff7000a00010005fffc00090007fff6
0009fffe0007fffdfffe0001fffefffa
00060004fffbfff700010009fffd0005
000900090006fffd0007fff7fffe000a
fffafffefffefffc0005fffb0000fff6
000600080007fffafffdfffbfff80008
0003000afffd00030003000900000008
0004fffafffbfffb0004fffc0002ffff
fff6fffc00050003fff8fff70000fffe
000600000009fffa00050006fff7000a
00080004000100090002fffffffefffa
00030004fffafffaffff00080000fff6
fffcfff8fff80006fff6fffefff9fff8
00040004fff6fff7ffff000700080002
0009fffc0008000afffffffb0008fffb
fff80003fffcfffafff7fff800030003
0001fff7fff8000a00050002fffcfffd
0003fffd000600030001fff6fff6fff8
fffafff8fffbfffffffbfffa0003fff7
0001fffb0001fff9fffcffff0003000a
fff60004fffdfff900020000fffd0004
000100020003fffa0000fffbfffafff7
00020008fff6000400080005fffd0007
fffb0004fff7fff7fff900020003fffa
0008fff7000800080000000500020007
0007fffe0002fffd0004fff9fffefff8
000a00080008fffcfffbfffdfffe0007
fff6fffcfff7fff90008fff7fff80003
0008fffe0002fff6000a00010008fffc
fffcfffdfffffff7fffdffff00020001
000a0002fffdfff6000800040006fffc
fffa0003000a0001000afffbfffe0007
0008fff9ffff000a000300020000fffb
fffa0005fff700060006fffcfff70003
000100080000fff700060002fffdfff6
0003fff8000700060003ffff0008ffff
fffefffbfffe0005fff7fffefff90004
0000fff9fff8fffffff9fff8fff70009
0006fff60003fffbfffeffff0001fffe
fffffffffff70000fff700050001fff6
fffefffcfffa00020003fffdfffefffb
0008fffafff6000300090000ffff0004
00070002fffd0001fff8fff60008ffff
0003000200010007ffff000900010006
fffafffafff6fffe00090001000a0006
0001fffbfffa00000002000a0008fff9
0003000a0005fff600030002fff8ffff
00070005fff6fff6fffc0005fffd0000
fffcfffb0001000500090005fffafffb
000000030006fffefff9fffffff60000
fff6fffb00060009fffcfff7fffa0002
fffbffff0001fff8fff900080008fffe
fffa0005fffb0007fffffffdfffb0008
00000005fff80002fffafffb0002fff8
0004fffd0009fff70006fffa00040006
00020006fff9fffb00010006fffd0009
000700000004fffcffff000000030009
000000050007fffafff70007fff7fff7
0005fffbfffdfff60006000800050000
0008fffb0007fff70005fff70006fff8
0005000400050002fff9fff6fff60008
fff7000afff800010000fffffffafffd
ffff0009fffbfff8fff9fff70005fffd
0002fffafff6ffff00030000fffb0002
00040008000100070001fffb00010005
0004fffdffff000300040007ffff0008
0007ffff0002fffb0002fffc00080005
0001fff8000a000afffa0002fff90007
00070003ffff0000fffc000200060006
000a0000fff900010001000600080007
fffb0007fff70008fffefffefff6fff6
0006fffcfffffffbfffcfffa0002fff7
000000040007fffffffd00020007fff8
fff6fffa0000fffafffd000700070007
fffa0007fff6fffcfff8fffcfffc0007
fff90004fff9fff9fffdfffb0004ffff
0009fff7fffcfffe0007fff70006fff6
0000fffa00000004fffcffff0007000a
000400030004000200000004fffdfffd
0001000300040007fffcfffd00040009
00030006000300010007000300070009
0003fffefffcfffaffff0008fffd0000
fff800060003ffff0005000600040000
fffd0008fffefffa0009fff80006fff9
fffa0000fffb0004000a0003fff7fffd
0005fffb0008fff70000fff900080000
fffffff9fff60005fffe000500050001
0005fff80005fffdfffafffc0005fff8
00070009000200030004000afff70008
0005fffcfffafffd0000000200060003
0004fffeffff0007fffa0002fff9ffff
0005fffefffc0002fff8000800000009
000200090000ffff0002fff70000fff8
000a000400030001fffcfff800060005
fff8fffcfff8fff70004000500040001
0008fff60001fffafffb000a0007fffc
fff600040001000afffe0003fff9fff7
fffbfff800000008fffe0006000a0001
00090001fffd000a0009fffd00090004
0009fff70005fffa00090002ffff0003
0004fff9fffd0001fff9fff9fff90009
0006fff8fffcfff60004ffff0001fffd
000afffdfff6fffa00080005fff8fffc
fff7fffafffb000affff000afff70003
fff7fff7fffe00070008000100000004
fffd000a000afffe0000fff6fff80003
00030002fff7fffa0003fff7fffc0000
00070000fffd0001fff9fffb00070005
000100000002fff80006fff7fffb000a
fffefff7fffe00040006000a00080004
0007fffa0005000afff8fff600040001
fffe000a000a0003000600080003fffd
fffa0006fffe00050007fff8fffc0009
0002fff6000500070007fffefffe0006
0007ffff0002fff7fffafffcfffcfffd
0009fff900060002fff60004fff8fffa
fffffffd0007000afff9fffc00040001
fffcfffffffefff6ffff000a00060009
0008fff9fff7fffd0002fffa00010001
0004fff8fff900040009ffff0002fff6
0002000a0002fff8fffdfffc00040003
fff90004fffffffd0007000500030008
fffa00070002000afff6fffbfff9fff9
000a0002000900020002000afff6fffd
00060009fffffffd00040002fffffffa
00070000fffa00060007fffd00030009
000100090003fffd00090004fffdfffc
fffafff7fff8fffffffd000400020000
000500000000fffbfff800020004fffd
fffcfffe0008000800070009fffbfff7
fffefff8fffa00080005fff700020004
fffe0008fffe000afffe0008000afffd
0009fffe00060005ffff000200070005
fffbfffa000000040008fffe00070004
0006fff6fffe000200010005000a0005
fffefffc00050001000afff9fff60009
0000fffefff6fffdfff8fffc0007fff7
00020006fffc0001fff6fffffff7fff8
fffbfffbfff8fffd00090004fff9fff7
fff6fff9fffefffb00000000fff8ffff
00030007fff8fff6ffff00030001fff9
000000070007fffefffc0006000afff6
fffa0005ffff0000fff90007fff70001
0004fffeffff0004fffffff7fffefffc
ffff000700080007fff9000500070009
0003000000060006000a00040005fff6
00000004000afffafff6fff7fffeffff
fff80004fffbfffa0004fffffffd0008
0004fff6fffa000a0008ffff000a0001
00050002000900080002fffd00060000
fffffffb0006fff9fffdfff700090007
fffdfffdfffe0008fff7ffff000afffd
fff8fffb0005fffffffa0006fffd000a
000afffcfffefffc00030004fffffffd
000100070009000200070003fff7fffa
000800040001fff9fffcfffb00080001
00030009fff8fffc00050007fffd0003
00040005fffa00090002fffcfff7000a
0004fffe00070005fffd000a0004fffc
fff9fffbfffe0009fffdfff600060007
00020002fffefffa000affff0006fff6
fff90003fffa000800010009fffa0008
fff7fffffff6ffff00080009fff70005
fffdfffffff70008fffb0007fffd0003
fff60009fffc0007fff7fffdfffdfff8
0007fffffff8000800070004ffff0008
0003fffbfff7fffc00030008fffafffd
00050006fff6fffefff900000008fffc
fffc0005fffe0006fffefffb0006fffe
0005fffdffff0002fffa000000070009
00010009fffa0004fffcfff70002fff8
00030007fffffff80007fffc00090002
fffb0006ffff0005fff7fff8000a0003
0001fff8fff7fffb000a000500090004
0003fffe0001fffcfffefff6fffd0005
fff70004fffbfff7fffb000100000000
000900020002fffe0003fffffff70005
fffc0009fff70001fff6fffd000a0007
fff80005fffffffc0008fff90005ffff
000300000001fffefffdfffbfffd0003
000afffa0007fff700050005fff6fffc
00000006fffa000afffefffcfffc0004
ffff000900090009fffc000400010002
fffefffffffdfffd00020000fff8fffc
000100060005fff6000a000500080008
fffe0004fffcfffdfff8000700080007
0009fffb000500000003000700010007
000200030003fffcfff8fffa00070008
0007fff8fffb0006fffc00090002fffc
fff90005fffc00010001fffa0001fff7
0000000500070008fffffff6fffc000a
fff6fffcfffb0005fffa0001ffff0003
0002fff80002fffdfffb00040005fffe
ffff00040003fffcfff8000200040000
000afffc000affff0005fffbfff9fff6
0000fff80003fff9fffcfffdfffe000a
000a0008000000080009000900020005
00070008fffc0005000a0009fffbfff9
0003fffe0003000afff7fff80004fffe
0000000afffefffa000afffafffdfffd
fffe0009fffafffffffefffffff70007
fffd0006fffe0001fff80009fffbfff9
0001fff60000fffafff9fff60000fffb
000200080001fffbfffd0005fff70008
0005fff7fffdfff6fffcfff90009000a
fffc00080006000afff9000a0006fffc
fffafffafff70009fffdfffefff8fff6
000a00030000fff60002fffd00090005
00040001fff80005fff6000800090002
0006fff7000afffcfff6fff800020001
fffb00050002fff60002000600080003
fffa0004fff6000700090006fffa0002
fffb00080006fffcfffe0008ffff0004
fff6fff70008000200000003fffe0001
fff70001fffa00080003fff700030005
0006fffb00040002fffe000afffefff9
ffff0003fffb0006fffefff90005fff6
fffefffefffffffb0009000a0006fffd
fff9fff8000a00010000fff800080009
fffe000200010002000000040007fff8
0009fff90005fffa000afffafff70000
fffcfff7fffa0005000200060005ffff
00090004fff900030001fffc00060009
fff9000afffd0007fffc000afff80006
0006fff6fffcfff70008fffd00050008
fffc00010009000100050004ffff0003
00030006fffd00070002000100000002
00020006fffffffa0007fffc0003000a
fffdfffbfffafffe000afff800010006
fffafffc00040002fff70008000afff7
000900030008000700000000fffffffb
0002fff600010005fff7fff8fffdffff
fff700070001000900090001fffafffc
fffcfff600030004000700090008fff6
0007fffa0005fff7fffd000100070003
fff600000009fff9fff70004fffd0006
fffb0000fffd00010003fffb00000008
fff6fff6fff8fff7fffa000600050007
0000fffffffd0008000500000005ffff
0004fffa0000fffffffd0000000afffc
0009fff9fff700050005fffd0002ffff
000a00060009fffb0000fff6fff60000
fff7000900080004fff7fffe0000fffb
fffc000500050006fffb0000fffffff8
000afffbfffa00090007fffcfffd0007
00010007fff9fffafff7fffe000a0007
fff70005000600030007000300020004
000600030000fff8ffff0003fff9fff8
fffe000000050008fffa0000fffcfffc
fff70007fff9fffffff900060009fffd
fffafffffffe000a000a00090007fffc
0006000700050008fff9fffc0006ffff
fff7fffbfffbfff7fffd00040009fff8
0005000200020000fff70002fff8000a
fffcffff000100020006000000030001
0009000a000affff000100010001fff7
00060006fffffffc0009fff6fffe0008
000800000003fffc0009000afff7fffe
fffcfffd0000000500090004fff8fff6
00050005fff9fff800000007fff7fffd
fffcfff8fff800000002fff6fffffff6
0007000a0002fffefff7000200010006
0006fffcfff9fffcfff6fffaffff000a
0006000a00010006000200070008fffa
fffcfffafff60004fffefff7fffafffc
0005fffefff700090001fffdfff60000
0003ffff000500040005fffffffbfffd
fff90005fffafffafff7fffc0003fff6
00020003000900080003fffb0002000a
fffb0001000900040007000500010005
fffdfffafff9fffc0007ffff000a0003
fff6fff60006000800080006fff80004
0008fffbfffe0003fff70000fff6fffb
000a0005fff70003fffc000900010000
000800040004fff6000400060003fffc
fff800050004fffd000afffa0007fffa
0000fffefffb000500080002fffffff7
fffafffbfff8fffa000600000007fffe
0006fff600080008fffd0004fffcfff7
fff80007fff9000a0003fff9fffafff9
fffafffbfff7fff80008fff7fff9fff8
0003fff8fff8fff9fff9000200030007
fffb0004000900000009fff80000fffd
0007fff6fffcfffffffe000a0009fff8
0009fffcfff70003fffdffff00070001
ffff0002fffefffc000afff7fffbfffa
fff600020004fff8000afffa0003fffa
0001fffd00010005fffdfff7fff70006
000afff9fff6fffbfffa0005fff6fff9
0001fffdfffd00010009fffcfffefffa
fff6fffe000900000001fff90000fffb
fffefffc00050009fff9fff7fffcfffc
fffafff8000afffbfffcfffafffdfffb
000a0009fff900030001fff9fffefff7
fffdfff6fff800060003fffffff6fff6
fff7fffbfffbfffafffb000900070009
000600090006fff7fffc0001fffcfff7
0003fff6fffc0000fff80002fff8fffd
000000020008fffffff90006fffdfffb
0002fffa00050006fffa000a0006fffe
000000070009fff80002ffff0001fff8
fff700080009fffffff900000000fff8
fffb00020006000900090004fff70007
0001fff70000fff9fff60001000a0001
000afff90008fffefff70002fffafff7
fffe000a0002fffe0006fffffffa0004
000400030004fffbffff00060000fff9
00030000fff6fff80006fffefffa0005
fffbfffdfff8fffe000a0002fffdfffa
00000005fffa00080005fff600030003
fffdfffffff6fffe00070005fffbfff8
0006fff8fff6000700090000fffbfffe
000400070004fffdfffb000200010001
fff8fffefffb000afffe000300070001
0008fffeffff0000fff90007ffff0000
fff8fffbfffcfff700000003fff80007
fffefffbfffdfff7fff7fffafffc0002
0002fff6fffb0004000100040003fff7
fff70002fff90004fffb0008fff90006
000afffafffa000a000200060007000a
00040003fffdfffffffcfff70006000a
ffffffff00070008fffdfffc00020007
00030008000afffcfff9fff6fff8fff8
0008fffd000700010005000900070007
0000fffe0003fffc0009fffb0003fff6
fffafff60000000400000008fffe0008
fffafffeffff0007000a000a0006fffa
fffafffffffdffff0003fff9fffffff7
fff6fff7fffbfffefff7fff7fff6000a
0000fffbfffb000a00000006fffdfffb
fff7fffafffe0001000800020009fff8
fffdfffd0007fff8fffa0001fffa0000
00040000fff7fffdfffefffbfffbfffc
fffa00010002fff900070009fff7fff8
0004fffe0000fffd0006ffff000afffc
000a00010006fff9fffd000200030000
0009fffcfff7fff9fffefffe0002fffc
00030008ffff0004fffdfff7fffbfff6
000900040003fffb0005fff6fff90003
fffd0005fff7fff8fff8ffff0008fff7
00030001fff7000a0009fffffff7fffa
00000003ffff0001fff80001fffe000a
00000008fff6fff7000800070008ffff
000a0002000900010003000300000004
0002fffffff7fff6fffafff900080003
fff8fffa000400010002fff9fff7fffc
ffff00030009fffa0004fff90007fff7
fff7fffbfffb00060007fffafff9fffe
0002fff60003fff9fff7fffd00020007
fff7fff9fff900060005000800030005
000300070008fffefffd0005000a0002
fffc00000003fff8fffa0006fffefffa
0005fffaffff0009fffb000500060007
0005fffafff6fffafff80004fffafffe
fff9fffb00000005fff9000afff70002
0006000300000006000afff6fffbfff6
fffb0001000a0002fffbfffa00050001
fffcfff8000900000004fff7fff6fffa
0008fffb000300040004fffcfffd0000
0004fffa00040003000afffb0008fffd
0001fff90001fffb00000005fffd0002
00090007fffc000300050003000a0007
fff600070009000afffe000600040003
fffbfffe000afff70000000a00070003
0008fffe000100000002fff70001000a
0000fffe0000fff80009fffa00020007
fff9ffff00020002fff60007ffff0001
000afffefffe0003fff60009fff60004
fff600020007fff80009000affffffff
0006fffd000a000000090000fffc000a
000000020004fffe0007000200070007
fffefffe00010006fff7fffd00050007
000300060007000afffe00020008fff6
0005000afffb0000fffd000afff9fffd
fffb0001000200030002fffefffb0005
fffefff80002fff70004fffb0006fff9
fffd000700020009fffafff7fff6ffff
0008fff6000a0005fffefffa0000fffc
fffcfffe000300010007fffdfffb0001
0007fff7000300000008fff90003fff7
fffdfff600080000fffdfff7fffc0007
fff8fff8fff80002fffa0005fffefff9
0004000a00040000fffc000afff7fff9
0002fff8fff90003fffc00060006fffc
00020004fff7000afffffff6fffafff6
0007fff600050008000800000006fffb
00070008fffc00030006fff6fff9fff6
000afff6fffd0001fffefff8ffff0009
0000fffd0003fffbfff6fffd0000fffb
0003000400000002000a00010004fff8
0002fffc000afff70009fffa00020006
fffe000500050007fff700010006fff6
fffbfffffffcfffdfffefff8ffff000a
0001fffafff7fffd0000fffd0003fffd
0009fffcfff70000fff8fff8fff9fff9
fff60000fffe00030000fffffff80002
ffff000a000afffd0001fff9000afff8
00020007fff90002fff800050003fffe
fffbfffa0006fff6fff7fffafffffff9
0004fff70005fffbfffd0009fffafff9
0005fffd0008fff80002fff6fffafff9
000a00010008fff60003fff8fffbfffa
000500000005fffafffb000600020002
fffcffff0004fff70007fffc0003fff8
fff6fff8fffdfffb0004fff80003000a
00030007000800040006fff80003fff8
0001fff800070004fff6fff70002fffd
00070001fffd00070008000200000008
fffd0000000800050003000800050004
fff600010008fff7fffe0000fff60006
0000fffe00050002fff6fff7fffbfff8
00020003fffa0006fff6fffc00050007
fff80003fffafffc0009fffdffffffff
fffefffafffffffe0006000afffa0007
fffefff8000afffb0009fff7fffdfff8
00080004000afff9fff6fff9fff9fff7
fffdfffffff90002fff7fff60002fff7
000300070009fffdfffefffcfffc0006
0002fff8000afff700060003fffb0003
fffefffcfffefff80003fffe0007fffa
fffa000300050009000500030002fff7
fffb00020006fffb0007fff90001000a
fffc0009fffffffafff6000800090001
0000000afff70001fffbfff90004fff7
00040004fffffff80004fffc0003fff7
fffefffdfff9fff9fff8000500090001
0000fffbfffffff9fff9fffffffd0002
0005fff6000afffd0004fffa0009fffd
0001fff7fffafffe00070000000affff
0005fff800090009fffe0006000a0005
fffa000afffcfff700040004fffb0007
0005000000020001fff8000700060002
fffffffffffd0001fffb0005fffcfffc
0000fff700080007fffcfffafff9fffe
0008fffefffffff60004fff6fff70006
fff8000affff00070005000200050000
fff80000fff9fff8fffa0001fffffffc
0009000afffefffc0006fff90008fffe
0001000a000600050006000600010004
fffb0006fffffffb0007fffffff6fff6
fff70003fff6ffff0007fffdfff6fffd
fff70005fff70001fffb00050003fff8
fffdfffc00060006fffa000200020002
fffbfffafffafff6fff6fff9fffffffe
000300050003fffffff600030004000a
00080008fff9fff8fffbfff900020005
0008fff60004fffb0009fffa0008fffb
0001000900080008fffffffc0003fff6
0005fff80006fff90000fffb0001fff9
ffff0002000900000005fff9fff7fffc
0007fff7fffffffdfff7fffbfffcfffb
fffffffcfffe0006fff9fffe000a0006
00070007fff70008000afff6fffc0002
0006fff7fffcfffaffff0003fffc0006
fff80007fffffffdfffeffff00090004
fff8000a0000fffa0002fff80000fff7
0003000800020006000400050009fff6
fffd000500000006000900040009fffd
000a0003fffbfffdfff7fff8fffbfff8
fffc0009fff8fffafff8ffff0002fffd
fffb0004fff7fffbfff90000ffff0009
fff90002000900080005fff9fffa0008
fffa00080009fffafffefff7fffc0002
00050005000afffc0009fff8fffcfffd
0006fffcfffffffafff8000800020005
000400040000fff80009000600010007
00010000000a0009000a0001fff7000a
fff7000600080009fff70005fff8fffa
fff9fffdfffafff700040003fff9fff6
fff7000600050002fffe0000fff6fffa
00090006fff9fffffffa00080008fff9
fffcfff90000000afffafff90009fff8
0008ffff0000fffbfff7fff7fffe0008
fff800070002fff8fff7fffefffffffb
fffffffa00000006fffb000800000009
fffd0005fffb0001000a00000007fff9
000600030008fffeffff000900040009
0005000a0008fffdfffe0009fffefff8
fffbfffe000100080004000900000004
fff70002fffdfffffffcfff9fffaffff
000200040009fff6fffb000600030009
0005fff9fffcfffb000a0005fff60005
000600070001fffe0004fffc00020005
0006fffefffffff8fffefff900070002
fff7000500060006000200090002fff6
fff60006fff8000900010007fffc0009
00040009000a00070006fffcffff0004
fffc0007fffefff7fffcfffb0000fff8
0006fff60006000900040001fff80000
fff6fff8fffb00030003fffe0009fffa
fffb0002fffdfffdfffe000a000a0005
0002fff90001fffffffa00050001ffff
0001ffff0001fff80004000900060007
fffcfff6fff8fffdfff60000fff80004
fff60008fffafff80009fffcfff90007
0007fff9fffefff80005fff6fffffffa
000a000800030006fff9000300070009
00070005fff60005fff80006fff9fffa
0008fffafffdfff9fff80000fff6fff7
0004fffd00060005fffdfff60005fffa
fffa000000070008fff70000fffafff9
000400030008fffbfff70002fff8ffff
fffefffefffefffa0009000affff0002
0000000300070007fffffffc000a000a
fff900060002000afff6fffcfff7fffe
0001ffff0005fff600040008fffa0005
fffefff90005fffefffd0001fffcffff
fff8fff90008fff90002fffafffe0008
0009fff700060009fffd00080007ffff
000afffe000afffe000200090001fffb
fffdfff6fffa00020000fff7fffc0009
fffefffffffbfff600090000ffff0008
fffc0009000100050004fff6fffafffc
fffcfffbfff60000fffd0001fffc000a
ffff0001fffc00040009fffffff70007
fffa0002fffffffc0006fff70006fff8
fffdfff800070003000a0005fff60005
fffbfffd000a00030007fffcfffd0000
0007fff6fffc0002fff60006fffafffb
0004fff9fffbfffa00090005000a0006
000500060006ffff000000000008fff9
0004fffefff8fffe0000ffff00050008
000afff60002fffc0005fffafffa0006
0001fffdffff0002fffdfff8fffdfffb
000700000005000000050009fff80003
0000fff7fffffff8fff6fffdfffd0007
fff80002000a0005fffafffb0003fff8
000100080003fffefff60008fff90005
fffafff6fffbfffa0001000afffcfffd
ffff0001fff6fffe0004fffa0004fff6
000000090006fff60006fffa0000fff7
fffffff7fffbfffafff9000400000005
fffd00050000fff7fffd00060002fffe
fffbfff7fffe00030000fff8ffff0004
fff7fffdfffffff600090006fff60007
fffffff8fffffff60000fff6fff9000a
fff7fffffffd00080009fffffffdfffa
fffafff6000000070003fffd0000fff7
0000fff60006fffffffefffafff8fff9
fffe0005fffffff6fff6fffffffe0008
fffa0007fffa00080007fffa00040000
00070006fff60000fffdfffbfffa0003
0007fffefff7fff9fffe000800030004
0009fffbfff7fffb00010004fffdffff
fffd0000ffff0007fffdfffd0009fffb
0009fff700040009fffd000300010004
000800030001000afffefffdfffffff6
0005000900050000fffdfffbfffbfffb
0003fffa0005fffcfff90004fff7ffff
fff70001fffa000a000300060008fff8
fff70005fffe0002fffb00070006fff9
000a000a000200040006000100000004
fffffff9fffcfffc00040000fff60000
0004000000050003fff6000500080008
0002ffff0003fffe000a0007ffff0005
00010009fffdfffefffc000700080004
fffa00030002fff700040001fff7fff6
fffffffc00010005000200090005fff7
fff6fff9fffc0008fff8fff60007fff7
0002000100020005000300080009fffa
0007fffcfffe0007fff60002fffafff6
0000000afffdfff7fff90004fff9fffb
00040006fffd00020001000700000000
000a0007fffe000a0008fffd00050002
0002fffffffbfff9000afff9fffafffa
fffffff8fffcfff600070002ffff0007
fff60003fffdfff9fff6fff800040001
fffc0009fffbfff60007fffa00030002
fff6fffdfff70000fff9000afff90002
fffb0000fff6fff80006fffb0002fff9
00090003000300000005000900090005
fff8fffcfffe0003000400070003ffff
fffa00060000fffa0002fffe000afff6
fff6fffcfffb0006fff60001fffdfff7
fffb0008fffc0003000200080009fffc
0005000afff70007fff800040003ffff
fffb0002fff600010002ffff00050005
fff7fff80003fff8fff6fffbfffeffff
0007fffe000600000000fffdffff0003
0005fffdfffbfffafff7fffcfffe0001
0003fff8000900060000fffb00060007
0003fffc0002fffcfffcfffcfff7fff6
0000fff60004000afffc000500060009
fffbfffdffff000a0002fff6fffa0007
fffb0008000a0004fffbfff6fffb0009
fffcfffe00000009fff9000a0008000a
00000008fff7000800050002000a0001
fffb000afff8fff6000800000005fffe
fff60008fffbfff60002fffffff9fffc
0006fffffff9fff6000400060001fff8
0004fff8fff700050002fff60003fffe
fff7fff9000a000afffe0004fffb0003
fffcfff6000a00070004fffafffd0003
00020003ffff00030001fffefffcffff
00030009fffa0003fff9000100000007
0001fff8fffffff70001fff9fff70002
0006fffd0003000a0007000afffefff8
fffbfff6fffd000300090003fff9fff6
fffffff7fff7fff8fffe0002fffafff6
00050008fff900020008fff7fffe000a
0005fffb0007fffc0000fffafffefffd
0009fff7fffc0006fffcfffd00090005
0002fffffff8fffafffa000100050009
fff80008000afffefff90006fff80003
00010006fffbfff6fff900090001fff7
000100080004ffff00080001fffdfffc
0000fff70003fffcfff600070003fffc
000700080002fff8fffb0002000a0006
00050005fffafff7fff8fffb00000000
fff9fffa0000fff70004ffff00040002
000600030006fff7000500070006fff7
0008fffc0009fff7fffb0004fffdfff6
fffe0007fffa000100080005fff7fffe
00050000ffff0001fffb000600060001
0003fff7fffe0006fffa0006000a0006
fffb000400050000000900020009fffd
fffd0007fffefff700050009fff60000
00020000fffb00050005fff80006000a
fffefff9fff8000a00070002fffcfff7
fffafffe0008fffd00030003fffe0003
fffa0001fffd0004fffbfff7fffe0005
fffd00020001fffbfffbfffafff90000
fff9fff7fffffffd00050005fffffffe
fff8000600090009fffb0006fff70001
000900060009fffe0000fffc0002fffb
fffd00040005fff80003fff80000fffa
0007fff60003fff7fff60006fffc0007
ffff0004000000040004fffa00070008
fffdfff6fffffffffff7ffff0009fffe
fffefffd000700030008fffc000afffc
fffc0000fffc00060008fffffffcfff7
0007000afff8000afffb000500090001
000900070003fffefff80000fffdfff8
000a0003fffd0001000900010006fffb
0000fffbfff70002fffefffafffafffb
fff80000fffffff700010003fffafffa
00050002fff70005000000060008000a
ffff00040004000300090007000a000a
fff9000100050003fff6fff60009fffc
fff8ffff000a0007fffd0006fffdfffa
0009fff70006fffcfff70009000a0004
fff90008fffcfff6fffffffefffe0001
00010008000600070006fffcfffafff6
0009fff6fffffff80005fffe00010006
00050005fff8ffff0006fffe00030009
0006fff90000fffe0003000a0006fff9
fffefffbffff0009fffafffafff6fff9
0008fffffff8fffc0006fff900050003
00000008fffafff70007fffafff7fff8
0005000afffafffdfffbfffe0008fffb
fff80009fff600090001fffc0000fffc
fffd0009fffdfffdfffcfffdfffbfffc
00040003fffa0009fff6000200090007
000900070001fffc0006fff8fff6fffb
fff7fffafff6000a000000030006fffb
fffb00060001fffefffdfffa0006fff6
fffb0003fff8000800030006fffe000a
fffaffff0005fffc000a0003fffa0004
0008fff90000fffdfffd0009fff7000a
fffd00060007000700060008fffbfffb
00080004fffefff6fff60001fffdfffe
fffd000a0007fffe0004fffafff8fff9
fffffffb0009fff80005fffdfff80002
fffa00010009fffc0006000400070004
0008fff6fffc0004fffdfffe000a0007
fff9000900020003000200070003fff8
0008fffd0003000800030003fffa0003
fffcfff80007fff800040008000afffa
0007fffc0001fffe000a0009fffdfffd
fffefffffff70003fff60000fff8fff7
fffafffb000800090006fffd0002fffd
0007fff7fff7fff6000000040003fff7
0009fffcfffe0005000500020008fffa
fffd000afff60002000500050007ffff
fffe00070009fffffffa0008fff6fffb
0008fffb00090006fffdfffa0001fffb
00060000fffe0009fffd0006fffd0008
0005fffa00050004fffbfff80008fff9
fffb00020003fffe000afff90008fffe
000afffafffb000a000afff6fffb000a
fff700000006fffcfffcfff8fff60003
fffefffb0009fffffffdfff60002fff7
0009fffe0002fffcfffe000400010001
0009000000050001fffa000afff9fff7
0007000afff6000500020009fffc0008
fff6fffb00010006000400050009ffff
fffbfff9fffdfffafffe00080002fffd
fff6fff8fffafff6fffd0006fff9fff7
0004fff80004000000080001000afffa
0006fffa000700040003fffbfff70005
fff7fffa0007fffa00070003fffd0009
000000030002fff80004fffdfffc0007
fffe000200080001fff900070007000a
fffe0002fffa00080004fffefffd0003
000200070007fffbfffffff7fffcfffd
fffffffbfffcfffbfff8fff80003fff7
00090000fffdfffcfffafffe00030000
fff8fffc0006000a0002000300010006
fffd00050002fffffff7fff8fffa0000
000200040002fff70009fffb00000007
000afffa000a000afffd000900030007
000100060004ffff000a0003fffefffa
000afffe00020004ffff000100090006
000400020007fffafffa0001fff90001
ffff0009000afff80004000200040006
fffefffc000500070007000400020005
fffc0008000afffafffefff9fffb000a
fff70004fffbfffc0004fff60000fffc
fff7fff6000afff9fffa0005fffefff8
fff9fffdfffa000700050004fffd0007
00060000fffc00030000fffcfff6fffc
fffd0000fff6fff7fffbfff90002000a
0006fffa0007fff70003fff8fffe0008
0001000afff6fff7fffcfff800020008
00010004fffe0001fffc000a0000fffc
000000000006000afffc0005fff80005
fffb0006000afffc0002fff70009000a
0009000afff900080001000800000009
fff8fffdfff90005fffefff8fffffff8
fffa000500090003000afffafffbffff
fff8fffb00020006fff6000700080007
fffffff60001fff6fff900090004fffe
fffb00030000fffc0001000900000002
fff9fff6000a000afffb00030000fffc
00040002ffff00030007fffdffff0000
00020001fffafff6000300080009fff8
000afff70006fffe0004ffff0001fff8
000000000008fff8fff60004fffd0009
00020007fffafff7000afff90000000a
000200050009fffb0008fffffffe0000
0006fffa00090003fff7fff8000a0001
00050006000a0002fff90004000afffd
fffdfffd00060005ffff00080003fffd
ffff0003fffa0004ffff00000006fffa
0009fffafff9fffefffafffafffa0000
fffffff80006fff80000ffff0000fff6
0003fffefff900080007000a0000fff7
fffc00080007ffff000900020003fffe
0004fffa0006fff70009fff8fffb0001
fffe00020000fff8fff90005fffe0001
00000008fff700030001fffa00080002
fff6000afff6000900020006000afffb
fff8fffafffcfffc0009fff9ffff0009
0009fffefff7fffffffe0008000a0004
0002000a0005fffa0005fff80003fffd
0005fff6fff90007fffb0009fffafffe
fffffffb00060009fff8fffd0000fffd
00020006fffcfff8fff9ffff0001fffe
fff8000400050007fffd000700050005
00090004fff900080005fffc00010003
fff8fffefff9fffafff6fffe0006000a
fffd000800060009fffb0007fff70001
0009ffff0007fffefff8fff8fff70002
fff9fff9fffefffdfffe0004fffbfffa
fff9fff9000affff000a000a00020007
fff8fffffffc0001000900060007ffff
0007fffb0001fffefffffffd00000003
0007fff800070008fffb0006ffff0000
fffe0008fffafff60007ffff00080003
00020003fffa0002fffafff60002fffb
0008fff70002000700000009fff9fff9
0007fff700090002fff700090009fffa
fffbfffafffcfff700070008fff60006
000800030007000300000004fffd0005
0006fffe0008fffa0008fffffffc0006
fff8fff70002000afff7fffafffc0004
00070009fff60009fffeffff00090002
000a0005fff80003fff7fffe000a0008
fffa000a00030003fffb00080003fffc
00000005ffff00090007000afffefffd
0008fff80008000600000009fff7fff7
00020007fff7000000040001fffc0005
fffefff80004fffefff90001fffd0007
fff6fff8fffbfffa0004fffcfffefffe
fff8fff60005fffafffefffefff60005
0003fffffffcfff80005fffc00050001
000700090003fff6fffffff600080007
fffbfff60005fffc000afffbfffdfffc
fffa0003fffafffcfff70002ffff0001
0008fffa000200060005fffd00010002
0002fffcfffefffb00060007fffafff8
fffa0003fff70006fff9fffc00040004
00070000000700040009fffbfffe0001
00030006000100080002fff8ffff0005
fff90004fff800040006fff600020000
00050006fffa00030001ffff00040005
0001fff9ffff0005fffdfffffff70004
fffefffdffff00030006fffc0001fffb
fff900040008fff7fff60002fffa0004
00050004fff9fffbfff70007ffff0002
fffe00000000fffc0002fff900070007
fff7000a0006000300080008fff90001
fffbfff900010008fff6fffdfffefff7
00030009fffcfffcfff7000500060005
0008fffd00030001fff70003fff90004
fffb00070009fffd000a000a0003fffd
fff6fff7ffff0005fffafffe00000002
000300020003fffffff90009fffafff6
fff9fff80000fffe000600050008000a
00040006fffa000afff60001fff80007
00070005fffb0003fffcfff90005fffd
0001fffe00030003fffd0004fff70008
fff6fff700020008fff9000900040005
0008000afffbfffdfffd000900080007
0003fffbfff800060007fff6fff90000
0004fffefff6000a00030000000a0004
00050004fff90004fffb0002fffa0007
00010009fff6fffa000600090006fff8
000600050003fffefff600060007fff8
fff6fff80002000800050002ffff000a
000300070001ffff00070002fffdfffc
000900080005fff60009fff6fffe0009
0002fffb00080000fffcfff800080008
00060004fff8fff60001fff80009fffb
0007000a00000004fff9000200000001
000afff70003fff70006fff60007fff8
fffafffd0001ffff000a000a0009fffc
000500080001fffb00020002ffff0006
ffff0008000a0003fff9fffd0006fffb
fffa00010005fff800040007fffa0005
fffbfff70004fffb0008fffafffffff9
00000005fff7000a0002fff600050000
fff8fffa000a0009ffff00080002fffb
fff8fffbfffcfffefffafffa0007fffb
fffd000600020008fffdfffc0007ffff
fffafffefff8fff8fffbfff70007fff8
ffff0009fff700080006fff900010003
fffb0007000900040009fffbfff6fff9
000afffafffb0002fff7000afffd0001
fffb0007000500000005fffb000a000a
fff900060003fffdfff90006fff9fffc
fff60004ffff0003fffefffbfff70009
0006000400010006fff8000300080006
fffbfffafff7fff90004fffd0002fffe
fffcfffffffbfffffffffffffff6fffd
00080005fff700090006fff6fffcfffe
00020003fff6fffafffb0001fff90003
fffffffefff800080003000afff70007
0006fffc0007fffafff8fffe0004fffc
fffcfffafff70009fffe00030000fffd
fffcfffafff9fffbfffafffafffafff9
0001000afff700060002fff600060008
fffffffa00000006fffe0001fffb0002
00060004fffc0005fff90002fffefff8
fffbfff700090006fffd0008fffcfffa
fffe00040002000900020009fffd0003
fffe000100070008ffff000300080000
000800050007000a000a0000fffc000a
0005fff9000200090005fffb0008fffc
00090007fff6fffd0002fffffff8fff7
fffa000a0003fffb00090000ffff0005
00050005fffb00040000000a00000009
0008fff6fff90005000500080006fff9
fffefff60005fff90003fff9fff6fff6
00060002000afff8000a000300070003
fff60000000900030004000100010007
0000fffbfffefffeffff0002fffc000a
fffdfffe000200060008fff8000a0000
0004fff9fffafff70002000afffdffff
fffafffe00070005fffefff8fffc0000
fff7000400050000fff6fffc000a000a
fff7fffc000a0003ffff0005fffc000a
00020001fffcfff9ffff000600000000
0000fff6fffc0008fff6fffc00090007
fffd0002ffff00050002000100030004
000a00020004fffdfffaffff000a0005
fff9fff6ffff00090009fffffff7fffd
0008fff6fffaffff0008000700010005
000a0009ffff000200010005fffa0008
ffff000300060002fff9fff800020003
fff8fffafffa0008ffff000000060005
fffe00040009000afff80000fff90008
0007fff8fffc0005000a00060004fffe
fffefff7fff90000fffffffafff80007
0009fffcfff7fff7ffff0009000afffe
000300070008000500030003fffefffd
000a000afffc0008fff80002fff70005
0006fffe0000fff8000afffbfffcfffa
00010008fffffffcfffa0009fff90009
fff70004fff80001000800060005fffa
0009fff6000200030008fff600020003
0000fffdfffe0008000600030004fffd
0002000afff6fffcfff90001ffff0004
fffb00080009000100060009fffd0005
000700080003fff70004fffefffcfff9
fffc0002fffffffdfff6fffe0000000a
00060003fff7000a00020005fffd0000
0009000500020006000800090005fff8
fff70004fff6fffa0004fffefff8fffc
fff8fffa00000009000afff7fffcfff8
00050006fff6fffdfff6000a0008fffc
00000000000afffc000000070000fff8
fffbfffcfff90000fffdfff600000001
fffb000600070006fffd0004000afffc
0002fff600090004fffdfff6fff9fffe
0009fff80000fff9000700040009fffb
00070009fffdfff7fff7fff8fffc0002
000400080008000900010002ffff000a
0004fff6fff7fffc00060009fff6fffb
fffafffffffe000a0009ffff0001fff8
fff900040000fffc0008fffb00030000
fffffff8fff6fffa0002fff900050001
fff9fffa000afffdfffd00010003fffa
fffcfff6000600020000fff8fff6fffe
000900010005fff9ffff0002fffdfffb
000afff7000100000007fffdfffe0006
fffdfffa0004fffd000300030000fff6
0002fffcfff9fffafffefffe00050001
0004000300050006fffd000a00020004
fff800020005fff600040005fffdffff
fff600060005fff80000000a0001ffff
00000003000900090003fffd00000004
0007fffb000afffdfff9000500060001
fff8fffc00010007fffdfffcfff8fff6
0006fff900030002fff8fff800060009
0000fff70009fffc0001fff8fffa0002
0003fff70009fffb0004000afffffffd
0007000300030002fffffffffffb000a
00070006fff90002fff7fffb0008fff8
00050000fff60002fffa000900090004
0008fff7fffe0003fffcfffd00090009
fffefffc0008fffe0003fff8fff60005
000a00080001000a000a0002fffbfff8
00040002fffffff60009fff70001ffff
0000fffe0004fff6fffd00080005000a
000a000700060006fffd00000006fffd
0003fff9fff800050004fff7fff90008
fff70005000a00080006fff7fff9fffc
00010008fffa0009000a00070008ffff
fff9fffffff7fff7fff70004fffffffa
0004fffcfffa0005fffb0006ffffffff
ffff00070007000400060006fffb0002
0004000700020000fffe0007fffcffff
fff8fffcfff9fffc0005fffc0004fff6
000000070006fffcfffafffd0001fffd
00060003fff700090006fff9ffff0002
0000ffff0009fffc0000fffcfff80004
000a000200000007fff80000fff7fff6
000a00090002fff8fff7fff8fffafffb
fffc00060000ffff00000008fffd000a
fffbfffe0002fff6fff6fffb0006fff7
ffff000000050007fffffff8fffdfffc
00070003000a00070009fffa00030003
fff80006000200010009000500010009
fff80001fffb0009fffffff90000fff8
fffb0009000400040002fffbfff60006
fffb000afffbfffa000100020000fffc
00040008fffd000a0000fff90009000a
fff70001fffb0009fff90002fffdfff6
000afff8fffefff9fff7fffdfffefff8
fff9000100030008fffc00000002fffe
000500080007000800000008fff8ffff
fff9fffd0003fffbfffd00060001fff7
fff80001fffcfffdfff7fff8fffbfffd
0003ffff0004fff9fff600000000fffb
fff700010003fff8000a0009fff60000
fff6fff90006fffdfffe0007ffff0007
fff8fff9fff6000800090004fff9000a
fff8fff7fff6000200040002fff90000
00010008fffdfffbfff60008fffffff6
000600050000fffbfffc0004fff6fff8
00020007fff6fff9000400060005fffc
fffe0005fffcfffcfffc0002fffd0002
00050003000500090004fffafff90003
00000004fffefff800090004fffbfffb
0007fffbffff000300010002fffc0006
fff70003000a000a000000090005fffc
fffd0003fffe0004000afffa00070001
000700010001fff7fffdfffd0000fffc
00040004fff8000afffc000a0005000a
fffd0002fff6fffe000700020000fffd
fffe00090007fffafff6fff800060001
fff9fffdfffe0004fffc00080009fffb
fffb0001fffbfffdfffffffcfff6fff8
fff90004fffa0008fffafff7fff60009
00010009fff70003fffb000100010005
00020008000500060008fff9fff6fffa
fffb0003fff60004fff900090001fff7
fff90006ffff0000fff60008fff8fffc
0006fff900020009fffcfff800050001
00020006fffafff8fff80006fffc0007
fff8fff6fff8fff800000005fffa0005
fff80005fffa000200010008fffe0008
000a00050004fffa00020005fffdfffe
00030006fff600020009fffafffb0000
fffc0008fffffff8fffefff6fffbfff8
000afff7000300020002000200090000
fff6fffe000500030009fff900000009
fff6fffdfffc0008fff600030004000a
fff6fffdfffa00010006000afffbffff
fffe000700040003000600040006fff6
0001fffc00060008000afff9fff8fffb
fff900050003000000090009fff6000a
0000ffffffff000afffa0008fff8fff9
fff9000200020003fffefffa0003fffb
ffff0005fffbfff90009fff7fffa0009
fffafffdfff8000a0008000800010000
0009fff8fff80002fff60009fff7fff9
fffb00000008000afffefffa0004fff6
0009000200060002fffe0009000afff7
0002fffe00070008fffcfffc00080000
00080009fffc00050007fff8fff6fffc
fffdfff9fffb00050004000900040006
00060001fff70007000800020008fffb
fffdfffd000400000008000000040004
0009fffd0000000afffe000900030001
0004fff9fffafffa0007000100040007
0000fffa000300040006000afff6000a
fffa00010008fffa0002fff9fffcfffa
0003fff90006fff7000100040009fffb
fffe0004000100090008fff70002fffc
0002fffdfffb0008fffefffe00020004
00010004fff70006fffbfffffffd0001
fffcffff0007fffc00040007fffd0003
fff70007fff800080009fffefff9fff8
fffe0009fffc00060001fff9fffe0000
fffffff6fffb000300030002fffe0000
0004fffe000000060009000800020009
0007fff6000100070004fff7fffafffe
fffd000a00080004fffa0009fff60002
00070006fffdfff8fffbfffb00000006
0009000400020008fff8fff80005fff6
000afffbfff700050007fffe0005fffb
00090008fffcfff9fffa00030002fff7
00090006fff9fff9fffafff9fffefffc
0009fff6fff7fffe00090001fff60005
fffb0002fffc0003fffa0000fffefffa
fff70001ffff000000010002fff7fff6
fff8fff6fff8000800070002fffbfff8
0009fffd00060000fffffffd00010009
fffd0004fff90001fff7000300030001
0006000a00040009fff7fffd0006fffa
fffbfffdfff9000100030001fff70005
0002fffc00090004fffcfffc00070006
00040004fffefffbfff8fff7fffefff9
00010008fff6fff700020006000afffb
0004fffefffb00090007fffbfff6fff7
000200020004fffafffafffdfff80000
00020008fff600060005fffe0006fffe
000600040002fff6fffcfff60007fffe
000800020005fffffffffff60008000a
0004fff700090003fff8fff90009000a
fff6fffffffd00020007fff7fffc0007
fffd0003fffafffcfffbfffdfff60006
000afff6000a0004fff7fff90002fff8
000800000002000300010009fff6fff8
fffafffa0001fffe0007fffdfffb0003
00000001000300020007fffe000a0009
0006fffcfff7fff7fff9fff7000a0002
fffa00040009000500050007fff80000
fffafffa00070003fffdfff900060009
0008fffefffd0003fff6fffe0008fff8
fff90009fff900080004fff80001000a
000100010000fff90003fffcfff60002
fff600060006fffcfffa0006fffffffd
0001fffc000400010007fff6fffc0001
fffbfffefff8000300060009fff7fffc
fff90008000400010002fffcfffa000a
0006fffb000afff70009000afffb0009
fffb0002000700020000fffb000a0001
fffa000800060004fff9000800050003
fffcfffcfffb0003fffb000400060009
000600070005ffff000000050001fffe
fffa0003000200080002fff9fffbfff8
fffffffc00070008fff600030000fffa
00060009000300010005fffa00050005
00080002fff600040000000900060006
fff7000100030008fffa000500080008
fff7fff7fffcfffa0002fffa000a0004
fff8fffdfffc000600060008fffc0007
0004000900000007fff70009fffbfff6
000900030002000a0006ffff0007fff9
00070001fffdfffc000a00070000fff6
00000000fffbfffefffb0008fffcfff8
fffa00000003fff6fff6fffafffe0001
fffd0002fff60004000000060003fff8
0003fff70007fffbfffdfff9fff8fffd
fff90009fffe00030006fffefff7fff6
00070001ffff00040001000200010004
fffdfff8fffcfff6fffa000000080007
000400090009000000090000fff60006
0008fffe000afffe0007fffb00040000
0001fff60006fffcfff8fffdfffffffa
fff9fffd0008fffb0009fffe0001fff8
00010007ffff00030000fff7fff6fff7
0007fffbfff7fff700090008ffff0007
fffafffb0005fffa00080002fff9fff6
0009fffcfff7fffa00010008fffcfffe
00080001fffb0001ffff000400040005
fffd00020002fffe000a0004fffefff6
fff80002fffe00020008fffa000a0006
0008ffff0003fffcfffe0007fffcfffc
000a00000001fffdfff6fffcfffbfffd
0009fff9000afffafffbfffc0005000a
fff6fff70005fff7fffafff8fffafffd
000afff900010003000afff90004fffe
0006fff900010003fffeffff000a000a
fff70003fffcfffd0007fffc00000002
fffc0006fffb0008fffefffcfffc0002
ffff0001fff70006fffd000500070009
00080005fffbfff9fffb000200080003
0004000600010007fffe0004fffb0006
fff900090003fff9fffbfff600070001
00060004fffd00020009fff8fff6fffa
fffe00020006000300020003fffcfffc
0005fff8000200010005fffc0005fffb
fff800020000000000040007fff7fff7
00060008fff9fffe00020000fff70004
fff8fffa0003000500070009fff6fffa
fff8fff6fffcfff90003000300020008
0002ffff000800090005fffc0004fffc
000afffbfffc0004000a000a00020005
0005000900040002fff600030008fffe
fffefff7fffbfffd00030009fffcfffb
fff60000fffdffff000afffb00070006
000a0006fff9000100090007fff9fffb
0007fffcfffdfff7000afff60008fffb
0004fff90009000200090000fffb0005
fffa00040006000300090000fff90001
0000fffcfff90005fffe0001fff7ffff
000700040008fffc0009fff900040006
000800010007000700090007fffd0004
fffbfffd0006fffb0006fffdfffc000a
0004fffefffbfff90006000900020000
fff6fffb0008fff7fffdfffa0006fff7
0002fffc000afffe0009fffffff90002
0000fffafffa0004fffd00090001fffb
fff80003fff90004000afff600080001
00070004fff6fff8fffb0008ffff0001
fffd0007fff6fff60006fff800090007
ffff000a00060005fff8fffb0005fff9
fffafff60006000500080004ffff0008
00010007fff9000800020000fffffff6
0002fffe0000fff7fffb0005000a0002
fff9fffafffcfff900020002fffc0009
fff700040004fffffff6000700020001
fffffffb000afff90001fffdfff80003
0006fff70004fffc0004000600060008
fff900010007000a000900000009fff8
0008fff8000000060009fffd00040000
000a00070003000500090009fff90005
fffefffe000afffc0003000500000008
fffefffefffdfff90007fff7fffd0002
0003fff9fff7fffffffcfff900080005
0000000a0008fffbfff90000fffb0003
fff80004ffff0000fff80007fff60002
fff9fffa0002fff9fff7fffa00030008
fffc0003fffd00070005fffaffff0003
fffffff700080002fff6fffaffffffff
0005000a0004000a0006fffa0002000a
fffcfffefff60005fffa00010004fff6
fff80005ffff0004000500010009fffd
fffbfffe0000fffefffe00080005fff7
fff7fffa0004fffb000a000000000009
fff90005fffefffc0005fffafffa0004
0006fffbfff90009000100090002fff7
000300070008fffcfffa0005fffe000a
fff700070009fffdfffefffdfffdfff9
fff8ffff0004fffffff7fff800000003
fffefffd000900000009fffefff7000a
fffafffe0009fffcfffdfff8fffe0000
fffcfff7fff9fffc000a0009fffa0008
fff80009fffe000afffd000400000002
fff7fffdfff70006fff900020006fff9
fff6fffc00000005fff6fffd0008fff6
00050008fffd000500090002fffefff6
fffaffff0001fffdfff8fff60004fffc
0004fff8fffa0001fffffffe000a0001
0007fffa0007fffafffc00020007fffb
fff9fffc000400010003fff6fff60003
fffdfffa000200090002ffff00030008
fff8fff90006fffdfff90008fff70009
000100040003000100060001fff80002
000afffb0006fff600090006000afffb
0009fffbfffd0004fff8fffcfffd000a
fffefff70005fff8fffa0004fffcfff9
fff70006000400090002000000060001
fff60007000000020006ffff00010006
fff8fff600080009fff7fff8fffcfffa
00020002fff80007fff7ffff0000ffff
fffe0001fff60005fff70005fffd0006
0003fffefff70001fff90007000a0003
00060007fff7000a0009000400030006
fff900020008000a00090000fffc0009
fffcfffb0002fffd0002fffafffdfffd
fffe0006ffff0006fff6fffc0009fff9
fff8ffff00060006000800030003fff7
0007fffc0006fffffffe000300030007
0005fff8fffcfff7fffb0006fff90002
000a00000001fff60004fff70007000a
fff7000200040003fffefff9fff9fff7
fff8fffefff80009fffe000900010007
0007fffefff6fffdfff9fff6fff8fffe
fff60001fff6fffbffff0001fffc0007
fffcfffa0001000a00080005fff9fffc
0006000a0002fffb000800030005fffb
fffdfffc0004fffe00060002ffff000a
fff9fff60009fffa0005000a00040005
fffbfff90004fff70006fffd0006fff7
0003fffffffd000800060007fff7fffc
ffff0001fffc000900010006fff70005
fffefff90000fffcfffaffff0002fff6
0004fffdfff90001000a0003fff80000
fff800070004fffe00060003fff8fff6
fff6000900090001fff9fffefff7fff6
fffefff70002fffcfff70005fffb0005
0005000afff9fff7fff6fffa0001fffe
fff800090005fffcfffc000700090004
00090002fffd0009fffafff70003fffb
fff80008fffd0006fff6000300000001
fffc00020007000a0005fffcfffd0001
0003fff7fffb000800030007000a0005
fffcfffffffbfffefffc000300040008
0004000afff80003ffff000afff7fff9
00090004fffffffe0002fffbfffbfffb
00090000fff8fff80002000300000004
00060003fffb000a00040007fffd0006
fffe00000003fffafffdfff80000fff6
0008fff60000fff90004fffb00030008
ffff0002fffd0001fff90005fff70005
00090007fff6fff60002ffff00090005
0003000900080002fffcfffffffa0003
fffc0001fffb000a000afff8fff90006
00050008fffb0003fff7fff700010007
fffffffafffefffe0007000700020007
0007fff8fffffffa000a0000fff7ffff
0001fff700040006fffc000700030005
fffb000affff0002fffcfff900040005
0002fffc0005fffc00040007fff8fffe
000afffb0006fffd000a0004fffe0001
00080002000700000002fffefffd0003
fffefff80002fffffff60008fff6000a
0002fff9fff900070002fffafffd000a
fffbfff800070009fffe000a00010003
fffa0001fffbfffcfffe00070006fffe
0007fffa000900070004fff9fffc0002
00040005fff70003000700060000000a
000a00010009fffb0005000afffefffc
fffa0007fffb0009000500060006000a
fffefff90006fff900090007fffb0009
0008fffa0008fff70006fffbfff6fff6
0008fffe00000003fff6fffe0006ffff
fffa0003fffcfffcfffdfffcfffc000a
fffafff6fffbfff8fff60009fffc0009
fffc000500050005fffe0004fff6ffff
fffd0006fff7fffffff9fff700020008
00090001fff7000a0004fffdfff9000a
000700090007fffffff8fffa00040008
0005000300090004fffb0008fff8fffb
00080002fffe0002000a000400090005
00050007fff9fff800000001fffc0003
fff6fff6000a0006ffff0006fff70005
0002fff80009fff8fff8fffdfff80004
00030007000500090005fff60006000a
fffbfff6fffd000afffe0004ffff0006
fffc0004000afffb0009ffffffff0004
0002fffefff9fffcfffefffb00030001
0006ffff0005fff8fffeffff00040007
fffefffbfff60003ffff000000090002
fffdfff7fffdfffd0004fff6fff9fffe
fffa0001000400040009fff8fff90003
fff600060009fffe0001fff9fffdfffe
0004fffe000a0005000afff6ffff0002
000300040003fffcffff0000fff80001
fffeffff00050001fff90005fffafffc
00070004fff7fffefffafff80001fffa
fff90003000afff6fff90008fffc0001
0008fffffff90000fffbfffdfffbfffa
000400020007fffbfffbfff9ffff0002
0002ffff0006fff80007000200080005
fff80003fffd000800060008fffafffc
0000fff60003fffffff7000afffb0005
0009fff9fff7fff6fff7fffafffbfff7
000200020006fffdffff00030003fffd
0008fff60001fff60003fffb00020004
0001000700050002fff900030005fff7
000800090000fffdfff90008fff60006
0004fffc000500030005fff600060006
000400010008fff800060002fff90002
fff700060009fff7fffdfff9fff80003
fff9fff6fffe00030006fffb0009fff7
fffffffd0001fff8000500060002ffff
000900030005fff9fff9fff90006fff6
0001000afff8fffcfffdfff8fffb000a
0003fffbfffdfffa0009000500090006
fff80000fffe000a0003fff70008fff7
fff80006fff9fff80005000600090003
00050009fffe0003fff70000fff90002
fff8000000020005fff90004fff60007
0006fff9fffdfffc00050007000a0005
0004fffafffb00090004000800080006
fffefffbfffefffbfff8000400050001
0009fffffffd000800090000fffdfffb
fffe0000000a0001fffffff60005fffe
000afffefff9fffefffefff60005fffb
fff800080000fff6ffff000afffb0002
fffbfff800020007000300030006000a
00080008fff60009fffcfffafffa0000
0008fff7fffa00070006fffc0009fff6
0007fff900030005fffb0002fffc0008
0002fffbfff7fff6fffefffefff80004
fff6000900050003fffd0007fff80001
0009fffefff80007fff90005fff90009
fffa00090008fffbfff6fff6ffffffff
0005fff800000002fff9fff9fff80002
fffa0008fffe0001fff70008fff80002
0009fff60006fffb00030002fffcfff6
0000000300040003fffefff7fffd0005
fffffffd000900060007000100080007
00040007000900060006fffafffbfff9
fffe0001fffb0005fff800080008fffe
fff7fffc0000fffd0003fffefffa000a
fffcfffe00090001fff8fffcfff60006
fff60009fffdfffdfff8fffd0009fffb
0006ffff0004000400010008fffd0007
fffb0003fff9fffdfff80005ffff0008
fffefffb0002fffc0000ffff0005fff7
0004fff6fff8fffa000300080001fff9
00070006fff70005fff70000fffb0003
fffc00060008000300080009fff7fffb
fff8fffdfffe0008000afff900030006
fffafffc0008fffe0004fffd00000001
fffd000a000afffa0001000900050003
fffdfffe00090008fffdfff9fffd0006
fff800010006fff90006fffd00040009
fff90003fff7fff7fff7fffc00010000
fffb0009fffb00080003fff900070003
fffc0006fffd0002fff8fffc0009fffb
fffe00020008ffff000600020009fffa
fffd000400030000000700090001fffe
fff800020004fff80001fff9fffefff9
000600020002000a0008fff9ffff0001
ffff00090000fff9fffa0004fff9fffc
fffd0004ffff00010008000100040009
fffe0007000300090009000a0005fffa
fffcfffd0003fffd0001fffa0000fff6
fff90004fffc000200030000000a0003
0004000500080007000afff80000ffff
0008fffdfff7fffa0008000afffcfffd
00000005000900030006fffe00050005
fffd0007000100080000000afffffff9
0000fffbfff80007fff9fffefff80005
ffff0002fffb0004fff9000afff8fffb
00070005fff6fffffffefff80009fff9
fffc0002000300010003fff90002fffc
0009fffd0008000a00050005fff9fffa
fffb00070000fffb0001fff9ffff0002
fffd0007fffa00040008000afffffff6
fffdfff8000200010002ffff000a0003
fff6fff80009fffefffe00040001000a
fff8000a0005000a00060009fff80003
fff9fffbfff60008000000010002fff6
0003ffffffff000400070002fffb0008
fffefff800030001fffc0005fff60008
fff800000004000300080008fffdfffe
0007000800010008fff9fffafff60004
fffffffa000a0001fff7fff9fffc0001
00060003000afffbfffcfffb0007fffb
fff9fffcfff70003fffe000900080000
00090003fffd000100020009fff9fffb
fffe000500010006fff8000afff8fff6
00080000fff7fffcfffffffc00060004
000000040008fffbfffbfffc00070001
ffff0001fffffff800020000fffcfffc
fffd0005fffa0005fff80000fffc0001
fffffffa0004000afffdfffb00080000
00090000fffbfffd00070000ffff000a
fffb0000000800050009fffc00000002
00040005fffd00040004000100030003
0002fffc00030001fffdfff700070004
00030000fffd0002fffc0001fff70004
00030003ffff00090008fffafff60006
fffc000afffc00030008000200040000
fffc0002fffefffc000afff8fffefffe
0000fff8fffdfffbfffbfffffff9fff9
0003fffd000afff8fff9fff90001fff8
000700060007ffff000800070003fffc
00030009000a000a0006fffa0004fffa
fffafff90008fffd00040005fffffff8
fffe0007fffd00070008fffb0007fffd
00080009fffffff60009fffc0008fff8
000300020007000000090005fffdfffa
0006fffffff8000a000a0003fffaffff
0004fffb0001fff90003fffafffdfffb
fffdfff9fffffffdfffd0008fff7fffe
fffffffc00060008000200010004fff9
0006fffdffff0000fffb000500050000
000100080005ffff00000003fff60007
fffffff8fffa0005fff90003fffa0009
fffefff8fff80001000600050007fff8
0005fff6fff90002fff7fff7fff90003
fffffffefff8fff90000000a0005ffff
000afffd000afffffffa000afffffffb
00090004fff80001fff80006fff8fff7
0000fff600000002000afffafffffffd
00010005000500050005fffdfffc0002
0003000a000700060005fffc00080001
0007fffafff70003000600020007fffb
0000ffff0005fffffff7fffefffc0008
fff7fffb0005fffd0009fffe000a0007
000400030007ffff0000fffafffd0000
fff9fffefffe0009fffffffd000a0006
fff80006fffe00060008fffd0007fff7
fff7fff90008000afff9fff7fffdffff
fffc0009fffc00030008fffb0001fff9
0004fff7fff600090004000a000a0007
0002000500040009000000000005fffc
00060005fff60005fffffff600010004
fffa00000002fff8fff7fff700090001
fff900030008fff7000800010002000a
fff8fffdfff7fff7fffc0001000a0001
0000fffd0006fffffff80008fffd0002
fff6fffcfffd0007fffdfffb00030000
000a0001000a0006fffb000000070007
0001000800000008fffb0004fff8ffff
000afffe000a00010004fffefffbfffc
fffdfffdfffafff700050008fffb0007
fff9fff60004fffefffd0007fff80003
000a000300080005fffdfffd00070007
00010001fffafff8fffb000200030008
0004000afffd000a0001fffd00090007
fff700060008fff90006fffcfff7fff7
0000fffa0003fffbfffefff9fff60000
00080000fffafff60007fff7fffb0006
fff90006000afffc0001fffdfffa0003
fff600020009fffe00090009fffa0000
fffa00050004fff8fffd0001000afff8
fff80004fff6fff90007fff9fffa0007
0008000000000000fff80002fff80006
fff6fff7fffc000a0002fffe00020001
fff90008fffbfffa000afffe0005fff7
fffbfffbffff0007fff900010008ffff
00060008fffe0004fffafffe00060003
fff90005fff6fffb0002fff700010008
fff90009fff6fffafffe00080008fffa
fffd000afff6fffc000700060003fffc
0001fffafffd0005fffa0009000a0004
fffc00040002000200000000fffcffff
000800010000fff9fffe0008fffb0001
0001fffdfff80004fffc00040005fff9
fffffffa000500050000fff80003fffc
000500010005fffbfff800090007ffff
fff6fffdfff6fffc00080000fffd0007
fffb0008000a0009fffffffafffe0002
fff9fff80005fffa00000005fffbfff6
fff7fffcfff6fffafffd0008ffff000a
fffeffff00030003fff8000800090008
0001fff70004fff8fff9000900040001
0000fff80001fff90000000500010004
fffdfffcfffdfffdfffd0009fffe0007
0008fffc00040002ffffffff00050001
0001fffefff90004000affffffff0005
fff7fffb0008fffd000afffbfff9000a
0001000afff80006000200010004fffb
fffffff8fffafff60002000700090008
00010007000200090006fff8fffc0004
00010009fffd0007fffbfff90008000a
fff80009fff60008fff80007ffff0001
fff8fffdfff900030001000afffdfffc
fffafffd000800050003fff600040005
fffc00010008000afffd0002ffff0003
fffdfffe0008fffd0003000400010004
fffafff900030007fff6fffb00020000
0000fffffff8fff70003fff60008fffa
fffc0002fff90008fff70005fffffffa
00020000fffe000afffc00040007fff8
0004fff7fff6fff900040007fff60001
0005fff900000007fff7fffcfffcfff9
fff80006000700050005000500000004
ffff00010004fffbfffafff8fff9000a
000300030004fff800040003fffb0000
fffbfffefffafffd0000fffd00080000
00030001fff80006fffcfffc00000009
0004fffe00030007000a000300040000
000a0003fffbfffffff900060003ffff
0000fff7fff7fffefff6fffdfffffffd
fffd00020003fffffffe000afffc0006
000600000007fffc00080002fffd0000
fff6ffff00010007fff7fffe0008fff6
0004000900070004fff8fffa0004000a
0008fffdfffa000a000500000003ffff
0007fffafff6fff60002fffbfffbfff8
00070003ffff0002fff600020001fff6
fffdfffd0000fffcfff8fff900010000
fff80007fffdfff80001fffffff7fff7
fff7fffdfffb0005fff7fffbfffefffe
000900070008fff900000001fffdfffc
fffeffff00090007fffffff8fffefff6
fffa000600070007fff80008fff8fffd
0006fff9fffd000500010004ffff0000
fffbfffb0005fffc00010000fffa0009
fff6fff600090000fffd000400040005
00010007fff9000500060005fffb0003
00000005fffafffe00090007fffafff6
000900070005ffff0000fff8fffd0002
fffafff900030005fff7fffcffffffff
0004fffd0004fffdfff80002fffafffc
0005000afffffffefff800010004fff6
0003fffb000700050009fff7fffa0006
fff9fffefffbfffcfff7fffbfffffffc
0001000afffc0008fff60006fff70004
0005fff600010003fffffff90000ffff
fffd0009fff6fff700070004fffeffff
000200020003fffe0007fffcfffb0000
fffa0009fffbfff8fffafff700010004
0008fffffffc00040004fffffffbfffa
0005fffc0006fff8ffff0002fffe0008
0003fffe00030007fffb00080007fff9
0002fff8fffdfffefffe000afff90004
00080008fff6fffd0002000300080005
fffc00040006fff60003fffb0008ffff
00080007fffafffefffefffcfffcfff7
0007fffd00040005fffffff600080000
fffafff6fff600030000000100050000
fff7fff8fffafffb0000fffffffd000a
0007000afffffff7ffffffff00080009
ff761107030e0050fffdfff6fffc0002
f9bd040c00341ba304490260fe1e0e54
ec24f6cd05e40e11fe791919ef6af1f3
00c1129defc10407130cf7f0056cfd26
0972fb7e0a09f988e8bafd39ff6f092c
f54ff6dee862ffd204cf001dfd1bfa7a
1d3502690a8906c6f31002130c98fce2
073ef396178b020d057f01ecfad0f5cb
01fef802e9a4123bfaa30dfe0638fd02
0bb6f4cdfb70f571f8a9ef870ee8e280
fa300e79fc280189fce504ec043dfec2
082f1d34f4760d6501c5fe4a02741966
fd110c8df7b20bf805e3dcb01e0fde26
fe7f094b09200ab71005f87a00ae047b
0925fdd0014fffdee748f677f852e1ff
1dad0c491f030c0714efefbaf74a06c6
f51bfdb0f2680593c8910a82fe62e774
f553fd92020dfcd80a77f0b6d53e0f86
1c3ef28904def836ecbc02f50c32e669
081efc4e0e0cf29b03fbfab2fcfd0c48
d307fed514860595f50b0b2bed6903c5
f2f8fdc2fa7816fff9971ea7bced0345
0ec700721bc1ebe2ec3c18e4e7cf21f2
f18dfd1ffdc00a480867f460f927fff1
0bb30866f6fd21e0deaa0df2e538eea3
f47d1040f4b50a8e015c05060e2af71c
0b78066119f20684fd73f9f3eff80b7a
089ff3270986edecf18ef809eaaaf6e7
17a4f3cb115106ace76af643eb91f954
0381e6b4fc91e6e9f3be017cf74fec6d
21aff43621570e210867f47b0571f541
e208e84eecb6f1ae0b2a1bab0fb4f0e2
f8200b82ef071004068f06ae05550fa1
0b7307c6f2a90902ffa0fd6c0c6df2a7
fe41f9f4fdae07fef28905650af9fe20
02eb07bb076dff0bf9fd04d5ed370a35
f8210029e0921682eb98ed9bfc50e10b
03fd1eb90ca8fa7bffd8e5a40870ee7e
046eece5090600bcf1f40403e0ea0ca3
fa05f6b101d5f020038104bc062efd40
077e01c0ffa700cf04350debf7801073
0ab1f865fa5416f8ec92014606b4f5a0
0b2e13240ccaf6ea108ef0820a2ae89d
1758f1891cbcde8cf741d651f8f802b0
154ae294f850eee0f356f506fdcff29a
fe65e98f02ceee1eeb740f89037df8c3
02dc0b9efed0f1170426e595f869ff46
f9cdfc610fa308dc05d5038a02a4f98d
f7dbfd7dee05f285ffc6f538f77002c4
00e0fde704e31249edb30f33f7a8fb98
0abcec8005dafedd1d930c2e09550364
ffb10dbb0929f542f505fca40780f429
fedbff0cf703fc9b1450fd7304e9197c
0811006300fe07b9ef3dfcc201bdf0cf
0a34f649f916edebed2e0a55fbdc0c69
0e820b681ac9fd7017b2ddb20298f3f7
1088f3ccff64fe3ce6d90c270907ffa4
f036f0791258fe091e63f93ff797f9d6
07d4f473012306450e24177e12fcfbd8
0e660d620b570f0702e0fd4afea5f107
fcf909c8fdd2fe51f97ff86802f30934
16b6f63a08e1fdf10368f87804c6eedf
fd4a0e360592e4c900bd0c04031d1f84
0ff9f6ce0955f5e51168f6f70fe315f0
1748069c0000fd28f98c10c501ca02b6
fe08100e0b21ff8d0fe8e95d176d031e
f90af063f788131cea9bf4f0e8bde46c
0a100fb8f710060a0173ec8206d4e010
fe540e5113d10ceeead2f97df31df8c9
f204043bf7fa05871621fb5df749ff24
021cf9ef19ae00e7028af29f0379f979
f844f3e7fbb3ff9c0f1ffe72ef38e45e
02b00389056ff8bfffbeee7f0d160158
1ba3ee09f9ed066f047b04150280ec3f
11ad091e1c2b091bf419053c0f71fbcf
15640426fe2c03cf06170545fecd025f
131c0c32108cf456ef360a440822103c
061300c512490b4202630f36fbd3261b
feb0f9def753fed3f55c052ef04ff1c1
00f208c7ff04fc57feb1de8d0853f251
fe261706f79501470c87f6b20b35f78a
08300265088600b3003ae47b042dfd92
1ccf135c124e1a97eee90d13f800fc38
ef110598f3e103a51376ffa008fcfcd5
005405f3e9110b26ef870283135a0d8f
ee1a09a50a4d0b041fad023a051beed5
0ebd1e9c01c80be5f8e0dfa5f9a3fb3d
f79906b205870e8c12360269134af2f5
fd20fe1806ffeb6002540425f1901aac
07e3fe5003dceae60989e23c0728f63a
fb280d6ee55b04d8023815f912161264
e5bafd8e0412f2dc0b63045a0ea920c9
e947f4bbe7c318450ce8032cf83beee8
0e94088b11daeb9effd6fc79fc3ff697
00ea0cda08530537ecb20184f10f1460
f423189016500bf2163ef2bbf3740161
0d0d04cb08c61676f20100b2ea4df91e
142f05b902630589f474f3f8faafee44
f0ca0ecef080f89ffa2700440c100a1f
0542f48d061b129ff695f1f8f6bbf5f4
fb7deeb50b25ea011187130ef8e3fd1d
09edfbccf92115a400141e640f310ffd
f8b5ee9cf83fdd04ee9efdb1f75506cb
0f00f9e2113a1a2c00e0195bfb26093d
f387e93a0f540e19150b1439fff1f388
fff209cd0161fcdb1c56024f125af1e1
e74c06d9ef860506ea2bf65befd20570
f83307dde0f90afb10050db60d7b0173
023c07b11369f1b9034109fa0a2a186c
fb92f44feb3af3d70e56e77405e504d7
164303251bccf756f08bfec4009bee3d
ff4c1b79e2c108c204ef03d5020b1a4f
0e4fe72102690253e5a3fce10fcafff1
11bf0a29fcb502a7f949f85af81be835
f0f70201f3b30482dca3fe55f6a2fc29
16eef2ac0c73fc920f160fa4041213da
e46c06240205f2f2fb19f954f4deefb1
00bb1c37f051ff0705f6efba047c1599
fc47f073fa27f1f6174303330edf0b4f
089316cffd89177aefeef3e80e0cf4d0
f40304aaf3d60a7a1a2e0bd00c7500bf
04b1e883ff24ea43dd4ffb49f5fa01f1
064d00d9191bfb1513ff090af6f90b4c
feecf588efd1079d17ed0590120af5ef
1a21fb3ef456e924e4d8040118790b9e
f4c80a7ce3d0fe79f7c108c6036e10c5
021718fe104a06d9f683ee4708670078
f649fe46fba1f98b168710c3f1e519b2
19080c3b06a1208901b01106148f0aed
0cedfb27f8fc0cc2024e01e91375ee14
fd12fef5fe2bfa3deb340a1c00540538
f568f93ee5d4034af7d70f92fa290a45
f784f707ed5cf9e9e5d014f9f9591342
fd4606d9f8de030cf95101c6fc53fe12
f9e0fc4204bdf4a3fe8beda9f17cfe43
0d32fdf2e97bf29ef049f3fc08c0fcb9
f82adc89113109d40767f0e0ff82e47f
0586e6e402efed5e105614550a04f121
0d000a1d14121a8714570443072befbe
03c40b97fab4eeb0eb38eb140073ff80
f77aee38f0b9ec6de8950e67ef8b0e1b
fd8410b00284f9b407caf482fa1f1638
fddc054ae930050a00fefe1714d4f08b
f0cc075bf5df021b0d340c890dce1fde
0d69e77806d7025e05d10861060afb7c
0cbf10e91086034f070c02670a87f2df
019f13f6f941fe74ec23ee80eae70950
ff971f42e2de0c21f40cfc0c15ce04f8
0a6b0f491aa70ede1225fad803260f54
056cfa3f1ec3024ff837051ff315fcb6
0fa60b580541f296119cf196f6d8ff87
0642ee5506420bf6d636fa93f5b2fe99
edb50767e44e07a105641188fe9fed86
1bc3083509b6f2bcf33fe577fa8d043a
fcee16370c16faea01a0e75e106df90c
049f0d60f1682401f20dfb02e569faf3
0374f3eb012deaeeea8dfc6808bff5f3
0933f362f7160469fd121b9df21a16ae
14551279058f094efa5709e311480190
0e0c122ef8ab18d901a6f87213d5fd63
0a3ff297026aee71e08a036af8b306a2
eb4bf17f0c9504b70e23f197f8e6f266
f845e9dceb92ebc80dbaf084ff9ae243
042ee0e2f2edef8e03320efc176b004c
f7a6043102910185f2c80e4b00ad07bb
ea6ef143027bef3f120f0bf3ef770a76
0083f75eeab706cbe3cb03fdf285090b
f4200470ec0cf6ab0d0f0f2b0d5ffb60
0b67ee14f25ef431e97ae555065106b8
115efaca0b9e09c6f2a91bf1fad3f380
02f610410da6088ff4780f51f160107e
1c06fff50dca13600aff05de011e0a23
0e9d051cf64f173ef4000ca113a7f041
073fe4ee09f3f18709b6f36e10aaf040
0ccfeeea084dde43f44604d7fa9f0773
0503f4b700ff02180a56165c01d70774
189e1f840507036eea4bfe9c0ab513cf
f65cfa3b05e4079105e6ff92f3edfaf6
17cbfbb10972e7a0ff88f7fb0cce0ca4
078de4330814fdf5ee7c0839eebb0245
f964ec471c030486168008a00718e85e
ffae06290406f75211f4f9b2f706fb1b
01cefdc3fbb412dceb40eec6fcbeeb0b
eaecec71fa0aecabfbb2e185f2b2de31
e9f6fcf2fd7e026118d30236038ff217
f3ed1414fbf9ece2fffbe8acf359f89a
082604b10fe6f6ec08bbf9d701f61b41
ece4fd39fc58e0a4f64ef78be54b0743
eda403d2e87df75604e7f9b31070125a
047a0712070c0a6c05ca15baeb341440
fd5fe2a6f83804b1fa2c01a51852f56e
eb47019de37ff44cec29f0c3e51aead8
0d93ef65090401daf4e514dafe2d0141
eb09f131e9a4ec6df84fe868ff54fe14
fdb3007c03f4f2e1e7d10921e079f138
1650f8ef0df10532088dfe73008b19a0
01580b54ee93ee90fb24ee0808fae557
f6cff399e3610a3cefd0f046160603c2
015e0891fa9f113b07800a95fed3e761
ebfb062be9ef05fd08e1ef821c2ff4cc
091c1758043b018cf5f6ece8f52ff423
df620554ebb703dee6c7f371f0370375
e404f5610c36f2cb050501e3de69ff9e
01f11086f8590aa70556fc80f0d004ec
0aff109d12a8192aee620590f414f6c1
ff70e940036a04f8ebcb1097e8bb0f63
febc0351e9c30d34029b1aeefdb9f4de
fc03028c0ca905c7f64af8110dd30630
fd39ed5cfca6fe2227ad0e93fd82f7c2
17420140084a0065f3ce06c9149e0698
0574f081e4cb0f50f0a6153f04f1005f
f62f0ea6f84e0d5ae8be11910038fcb2
0472f589120ceb7b0c5307faf97a156f
07f9080515ac05670de11694f8891c19
0a8aeb640bfe08441049ffd40b3efb4f
11a4e9a810f7016700d714f60946f1b2
e2c4f74deb7bf3e3f5d00ed6eedf04e8
14120967f4e9f391f9c1f06e0d0202ff
fb6de637fd7be67afa53001ffbdd0da5
11dc0846f7820c47e70bf2ac0247f090
0ab3edd7022aff6e01dfface01a7eabd
116d0237f1f5f6e8e1160d33031002a5
f5ad151ee906f761e527fb7e03ec15cb
f3fe0f1509060ea9f0d1f29ce14f04bf
f9f3e002f08201fff634115ff26bfe06
f7d108dc10b5f0391859038b05e3fce9
084ef90e0877ff1c17f00b9f092712c1
1a08f2100538f542f65308a2057312e4
f61ceef6ed7a02bbf2cd0c550c6cec91
f0d4f4cf196ae71e12c9f8f1fb0e0f29
ea9a0a4af9b10d9314aafa66f77ce785
e567fbd7f0e40b381067169403d7137c
103f02230195e636fd33e8e305acf8e6
e93bda450ac1faedf8760dcae8f904e4
facd1306f3100c6d0d42095b0196fd82
feaef3070da81823fee70de8fb3bf4cb
00a70f83141715d315c20654faa6f7c9
fa5efd64fcf0df8e1ab1f20413d7fbd6
e9b9f00ef756fb7d118cf7ce0f1610ff
03fe05ec077c0cba139109f2067eebb0
07c1045907f0031defb71400f448108c
157807bcfeb6f9f901abecccfdbf04c2
fc7f08d7fe67e867ffdff98d20540123
fd7d0738f63209260f70f568fb7f1578
0676e43ded9ef4e3e66e001510a9f24a
e8ddf407e8bdfed40a1c01b1086fee79
05b511711fe90ae7110b082b02520350
1a2809b2f58807e8e8a30e4af2200beb
ecd80a8f11ae0e40e2a304c7eb8f0dae
f332fa75e866ec6302000a2beb480ad4
ee3d014ef5c70acef9cffb5bffc40818
ff58fa3bffb6f7600543fbccfc49f32d
0df3e08df5e8ed6cf35dfab3fbe9fd0a
0c64f510fd48e667f3a7f54e0c69f6c7
03a2e876fa79fcfafcd0fffa05fcf698
ff4006210a86f38b00a10ab403fe0429
0ff6ff891e58f7e119761002f8291996
19490b39fd3d03a6f6eaf425102d0e58
ec52fdd005e50a821992ff7811fee6da
084ff5def57be8990216ece507880772
0138ea4be4ecf4ab001a1b0f10e30150
0b16188b0627f22cf362fba810cb1655
110b09de04df1b6503dc0718fc9210a3
f0dbe102ec04ffc1e9fd10c202a3f437
12f9166408edf617ff34efa80046f943
ee0df96e0e67f2f11c73ff7904d60826
0c8e1510f55a033decf5fe5bfbe1120a
f8fa0d9ef35cf454191cf443119d06e4
f5abf98bf6b009aef752e71915abf5de
171008b202870a6afd5d1abfede50099
efe5df6bff77f04ffbe2f2360fe9f952
f4d4fcd2fec9fad20f6c0b19fddefef0
f2c3ec5a0256f9fef2411787e5190367
09f5043bfb3ce66f16e7ed9a0b621128
f746f0d60115165708411a7818c2f85e
f11017f4ebc7f57ff3a6fa37efa00aae
0ecafcc1f9b515da054904580962fec9
12f21050025be23d0103f019190c0295
ef0fed80fcbff0c3feb9e50802fa058b
0ced1c8ffe8704e106fdfd5f036af12a
14d90a7618f30c2eea1ffbdbf32d1179
1550f74a1ff403bf056210def1b1057e
fc2fede4de700359e87101180407f8bf
1cc1f9d61492ee9b01500962020cfa37
185e0571f658140be94002cc10080805
eae2fd38115afcfafd540975f4c7fbea
01f7fb60f241f5b3068dec4ff8eff86c
edfbfa00035ffde10c360f680ded0aa4
f6c9f1fd161bfd690db30a8ff055030a
f9a0143d0f3f169b165def59f5c2ecc9
fb92ea5f04ee034a0d9b0040ff33f136
fe50fef0f269155c08b90f9910faee38
02360ed41172e54af109e96cf24affee
0ddf070cf5870baff58deb77eccdf7f6
1876fe93fdd4e63a0550f2e9237301f0
e90113b3eb4c0c56fdcd07cc14b70a8c
09a9fb88efaf0f11fac8ff3ffc2806ff
0402131411cd019602ebf82011dee947
dfe204f001e0fe8125220089fe901482
086b1baa10d40bee02b7eca8fd64f873
0066f60bfebfe3dd08d2fba3f1d40833
04ad127c0206f9c1fc0ae9c713230be3
0301eb1a1bec021a200415a102b20954
e5a609d0ff2008180787071cf9e1fd37
fc061135fc27fad01281f46d05fb02e3
e0f30bc0f65101e10a08fcf0fcd90ab6
fe39f3c0fe5bf79ff853ff00f9730b76
11a6f90c0fbc0c4807c907bced2cf80b
0679eb05fa680ddb0d21130322def0a5
06b20481036dfc5409240f74129b082e
ffe7f1e60fa51244119b12400206fd62
012c065a0704f5bef84e1aaa01111794
f320067af64107a206ff0213ef240749
fe430d9e02f1ffddefbcfa0805500b69
f38f05bd06a716390159094adfb3f7a8
0215156a036afcc8feeeee14fcbe0474
eeaaeb740f870b28104bfeeafcd9f354
ecbc0c03fe20f5fb12ff01bff9eefb01
e65df0790edff05cf487fc1ae37f0fac
f2e816e9fdab0db01218fa59e41bf44f
ff04e5f2fc03fc970bcb122e0e7014ba
0c4a0110021cf477e4c0fa1ff76ceb7c
ee470cc31277019803ab12d8ebac2272
08bff1a40bae02c8f1500776dffd030b
0e6302a00633e6a302150f91fd6e14d1
065508770a9e0a33f570ed2efe6203ee
f7aa0852f93be610f295ff86f708000d
f7c406b1ff6309b1fc88eff8ebca1514
ff97fefefb2afaa2ee0e0809fc13f446
e406e8d702e80281074efb34ec4602d4
0334f1fbfe12deaa081005c0fbe9f927
fccfe7a90303ff11039cf980020cfef9
0c5eeb37ed90f0820b190b140fc4f85a
fc40ff6d0479ea4a09a3f6b1241ff81e
fa8100d6ffc00971099d0679fa2113c2
054efc6401caffc1e2d00d66eca8ff32
1589f75f07f90756f47cfa1df254f6e8
fdbdf9b70072f5b0e81307eff5ff0054
05fde2ee1117dfe313d907c701f60b3a
0a8406ef0957100ffabeee4cf833f8b4
010bfebe12bf0c7a09bd14810564ea67
0f370cd60871f93af9d5df26ed54fde4
1189e8ac11dcf49ce5e81179f81808b1
0c1606840a56f8910113eda4ea94f2e4
00c10264ec2801f4fbfdfc1b1e1902c3
fe0df69ced9002f4e0b802aaeffafc9c
1069f9500ca117e113ccfc280cf0e793
06b61b7df5540415faa8f5ca187be774
f87016ca1d82131105c4f3f9efa9075a
0921f11be746f413f90800a3fb8b0519
0cf6fed102cdf37e05e30eac17160b1f
18e806df0a1ce9dfeb31eb5a0182096b
fc99f5c9109eed4b09090881fe8c1783
fe02ea71041df852fb5d0d1df0e90dc7
12e807f301a810ccfff0086006a7f3d4
f09703850d93f1defb770a7ff4c00e1f
f5eb064fe50e031006f1e7ac055a0378
f7f9f9001182fd8d1e96f8a60c60ea49
f7070b0fe10d1353fde511d50cb40849
f1eaf8ac0e81e60c18b3f3bb0ca6ffde
ec8b13840442f4130d78e12cf7c10200
0b19fca4fdcb011ef924e8a8ee33eced
0c9e12db0d340e8cfeab15d908bf115a
09c9fde514231b4e0afbf2dbfb96eca0
0aadfcbbec9df2a70269f96114d4ef52
f2a9048cff0118b1e4e2ff9ffc24f6dd
0202ed9beb52e4f903830af6f2c70924
153ef01c176c18080073fef5165cf3da
e277fff3fc25f7fb09191997f916f87d
0215ebda0492fecefc960883ef7c0f6b
08c10c88073408ec0bee1eb100d811d2
eb28f262f5d0f3cc06deef13115cf06a
145014bff4cd0799f9d7026cf7471351
1865f3500aec0b9fed8205e80cf9f0cb
f2b40382f41c0f20fa10ebb1027cecac
0e6ff2b61940f474fe8213d7f067fa39
0715064d0e640c7f0450e5f8fb35f078
edb005fbe76e0474058e212606590d90
fdddfadcf472ecacfc8fe7b8101900e6
f4fbfcdc0a9411360190eab5eeefef47
f727e8b6eb6d0a840a061e8e0699e8bd
0caa00bb09c71bf4096d07ac101af97c
195efb3c0408e9ecf3890d87fa61fbf3
025c035afc020c930431e5791b1fff7e
fc96e6231af3eaa5127bf9fb039ee905
f5aff4530b7b01160633fe82e90df5ef
028d0404f99c02150e370f7a093201d3
fe4c085f094e18921226050c0c7f0083
fb6209e8fddb1256195e133918e0011f
07ef0151054a0440049e067a0019038e
fe610591f65a012aedb604da00b70f99
f771f3e3fba913b2fa7e18c0f977f943
ddea15a40080f158f45bf7cfe4620d81
e85402d4e92a05a70b30ed07f61bf4de
02ccf1d21190e58b0137e82beeeffd50
0bf3f9e5f4e405d8f12d1c08fee5041b
f9610b61ed9015971308112814340cb6
0c2dfacf006e0004ed39fd541593fc88
085efb460a65132e03cf0413e80ef1c8
0999096c08590b7003c8f2ed18fbe6bb
e350fc52fafdf9310803f7abf946fa5d
0e52f1c7fde6ed51ffd3f801f3c2fa48
1059f411059f04d9f4a316240cfc1517
1cf0f32a17c6123003f112bffaacebfa
0897f53407f0e227f49ced80086ff8cf
fbbc0311f4e6e1fc06a9ff5902360fde
05a4ec0bf57fff1cea01f561009f04d5
ea2305d505acf16e0b5b23d9023813b9
0d9a09d90f8f1a85113cf7ddf3d00312
fda4e326f350f5c5e98d1473021a06a5
16f9006efc4bf3a7e84006c2f15ff77d
0343f54627f0000b060f0b64ffe41bd9
f9ea02ede88802f1030415eff61bffaf
efd9f7b50355080f189ef9b91ce402f0
0915e6230706f3d30af702e3ff3df16c
08a7ece71b14fad6fdcb02ecf332f127
f28cfdb3eb92ffab0ab01af60b770a93
f5921b330206f790ef0af37bf3e20b3a
edad083cf3b31d63eeeefc08e3c604e1
e49203b2ef0712d60cc9fcecfbeee876
08e60a07ffd7fbcf0f3f073e0c81fe0c
fdd11704ee520a990149e9b70f7b0741
f479018f0bfc0e1e0dfe1ab10de50a06
0aa50316fd9a1985092df2d5fab1f1ac
e89bfcd7f9ea0b1aef65214effb2fc3b
f8aef432feaef0011f8affe6fd730a2b
0f67f96903baef7f0ef301a9179f0a62
f0ebe6430ca8ead20348f2a4068afa58
fb6aefdc165dfded14e507eaee5df6b6
e6ee030fec01fcd0f274fb0dea91f7a5
f0aafa6bdb70019f01a20a1b0e4402cf
f66dfad9fd2601f71135ee3408d4fa29
13f6e3750516f07102a517941117f29a
fec107f403bbfd23fff7f547fc480fdb
f714ee70e61afa1cf454074f0786eeb4
e182043ff709f9450c8309110a6d137e
f18e116ef724e90c0207e411eb0ffee4
0406fd9ffa3800d5f171f1e1ff1504cf
f817039f12e2f9defd001719eadb0ec5
f4a319f1f1a70eebe6480c52e3bb1923
049615ab03d506b3fb3be915f1f9fb46
1b6e018bf4a80ac0e8160828faf90cef
0470fb70f3a8f22bf3dcfae5140af408
092f0d8fe5f31200f584094510101818
0c3e0f7701c91859f82404c107ede7ac
01aff66e07ecf88e0f19f03d1b7609a1
e4e61101015b044308a507a9ed24eee1
071a0ead02461f7bf7a617a5f897204f
eec4fab4f7c8f5b0181a01f504180158
f7d219bcf8841b7ceafe1295fd9d0285
083b00caef3200eb0ee10ef6019f22f5
ed10f01e00afeec9f9bcf8f91494f596
0b3ff434f85515a9f19a0cd7e59f0305
f17f0d851377142ffbbc193ef783eeb4
03def80011b1011d0acaf47feceb06a9
09d20f9b10271369f2180213e87fea1f
1338f1d8038ff749f26d0eb7f6690ee9
0fd61f620cf31185fe011ab605b11274
03e01f71ef62ff09fcdef5cf0a911bad
0b2ff905100e021bfb2afdb107aa073d
0caff5920f90e2d70e590889fbd21298
e9630b37ff3efaf014d409c317ec129a
02a4f9b410f112a91aacf64dfbf101c4
025f08e1026eef6efbc20b02005bf54a
ef8201d1fcc00bf20169d6aff8b2fccb
f90cec26fbe7f2b009510b0f02acecfa
ece1fd51120d13191cf709ae0172fcee
12d404b80de6014f18c50e9a02f5046e
fb7b0062e4a7f7d5fe4af1521526fc04
0430f6c3fe24eba40b52e9131f09facc
e5c2fe44012bf385fd02effdf5acf66c
e81afb8bf46eeea21443f709f58efb7a
033d181dfb3b1cdb0dbe03b70fd70e93
03d6e9e0f96e07fbf3941162fbf1f128
eadf0a8ae7470db9fdc0048a0ea702a9
fce7ef3e0f26fc57ff721d22f1ab05e9
eb29fab1fba6ff23fda7fe26eb88079c
0014ec4af8bf0afd15451ace0768ffb0
194a037f030013bb01fb1e801364f9ed
0fbe09cc0e64f25bf8ed0c7f0abb1e65
e4400f07006d0fbb15f9037e036d0b62
0f100374ee38f9b9f65ce7d4ff0ef755
f906f8befa1dfae10206e7390bb9ed05
e7f6ecfbf24ffadf074107cc1295f5ee
f6af0d3e02e111751459092bedaafe1d
fb581653e3c4f47feb48ef2210a1fce4
10f30e1f10930635f87aedade9ae0acb
02f916d70f41105d0f61eb3410bef115
ffd3f303e93f01d3e9710e72f5abfb88
e6a822d7f223fe810e05fb700dfa16ee
0f50fe04137c078d0429f49e0048f7cb
f325097f0cdfece8124cf746f6ba09a6
0ab8fae51016e888ff39e5f5fb9a03e6
04f60114e47a1121e7ccf063f28beb95
f4ef196c00fd0dc1f19ef55606e0eae1
0539fb0c07f7f61505c2ea81ecabfb5b
03f3f8c8fd83f5c915b706271664072d
fd34e4f4fe3f00cfec7a05da01f0014b
107fffdbeb0607f1f8290678f6a7e504
011cfbd610cd0817f081f65a0fc4fb1a
e38f0350f68411260b5f1b82ef96f8e1
fc52156306191aec00b8f87eef0afbee
0f93f97100f9def9000fea3e03a7f9d7
01efe4d9079000d316001228104209c5
116114920853ea8e0c2511b915bf1717
027f089ef4eb1f4805e9fe4310f9096a
039b10f20f9d06aafec7077305e5fedf
fbd90257f7a803e0fa9efd0ff52d0508
de32fad2edf50e80ff1c0eeefec7060b
f2d9f7a5e8cc07e6f76411b2f734fa57
e951035cfb0106d803630340f5b1ff2b
0b6c0010f07efa34059afc04078cfa24
fdeaefa1ecf0e9ed012fdfd019d1fb08
fc45e5f70760fa48f7671037062aeed8
058310c5072ffe04fba1e5b9e187f896
f30ef935efdc0f5eeaee09e301c7f42a
ef6ffdd6f7be1fd619f6fba2ffffee96
168bef05f49bf94ffaaa1038117cec00
fd7bedfa1869f05c077bf89a0d1cfe41
e94116a9ff8914f61a240e8ff8090599
0f7ee858f808f5b3ee71080efaf40027
048b10beef69feabf3bfe32e02e8f873
0e84ec6708e802bb0370158a11b6fd92
0d76fb14fe9a132deb4ef05efc99ec0e
fb680f960cda02f9f1751279e990f39b
febfe5710691f8a518b5f83d0bcd0cde
e90d1b02eed40868f59f0816f2bcf8cc
01f20d61fbe0051702e2eff70354fbd4
f78510eef39e0424190200520fe617cb
fe2bf130efdf0c77e182f72009efea43
f6b40f0f0d6afa991bc2eefaf21cec6d
1a28024003631595fa050fc511aa0a60
f4f3f014138efe07083efa64f74bf739
0ccde79ee6f2032eec400953fb2ee9b0
f33a15e3f4fe0a80e6dc09a7fe64003b
180de9c6075ffcbffc88fc98f207fdf7
02a7ef8f02e8df300294106512260ce4
f112f1bdf54be1960ba8ef840c270bb1
eda807200b6f1c2c0c7b191bf995019b
f450e5cae5c8f16304cefa35feebffbc
f970ea9c1420fa700d9916e2027ef384
06a51709f70ff5670706f92b03e20f43
fafcfc0efc791021ecd10386f6eb0522
023f1493fc1a012c083bf03c0794ee68
f71b1181f451f0380310ebd908cb09a2
0fa901fa159eebffebd4ed42eea90c42
ea8f0aa8ff1cfe3ffe71f16ef0b803dd
fe3701ac157106011128f56eec8ef2d1
108dfd2de603f554e9ea133505381036
fdf7ebb70ffc03ecf4980ed8f91a168f
f8cee64be94406edefef057ef581e03e
19790ca814dd105f09430259037bec14
f215f638134f084e041b070604480032
1451f8ebfc94ecf8f92ffea4e68cf977
0ead19ea028c077ff158dcea0f1ff5d8
16b9f43b09c3e7f8eec50302f5a50382
fb1cfc98e5da0e8df530f8ae0a080980
0f6df76ffea3fb8aead80e6b01deecde
ed4a06d6f416eacc086bd7cd073cf686
11bc14270a2002bc0377f4bc01ff04cf
12b0fd1e005d0548eec3f662fc77f476
1605167708cd0d81f926f76007ecfee6
f62a0972f752027c008509230ad40083
eebbf0320503eecb04f1f1620090123e
e997fe90087b026812d5f00fe8b7e428
0202f8effb7bfd280856f55f063ae9e4
f41d04ba06f8f01b0e29e570fcd7fdfa
09dd001cf2a6fadf1536fff31c16f55e
09ef05530bca0aa30026f72909f90bca
0d6b03d6013ff817fe4612b8086bf966
092209ad118af67a0b09f4da02121ff1
1115f90901b8fabfed89080402fd0109
f27b1a2f027ef364fd61ec73f1bd0714
157a0e0cfa410881f89bef42ff5100b9
fd702356ec43f9f1fbca074d166c1665
188700db12220169f5f4eed5fc8416eb
e6a009d1fa4a072b0c25f1ee0d87e910
03abf6b9f1abfcd704081a6cf3bd11cd
13c5109efda5f15e0977f1f528fd0723
f2a8fe7af9faf3a50c35066c0c9d1c5c
024bf02ee5af01d4065ffac618f6f92c
03a8fad0086fefa1f3270d63008b057c
12900472ea180e2a007d0dd305060923
03e5065f0e21fd91f11a065214e40cf1
03020341f97803c20e5d0e85f922083c
f20022be016002eef901f68a0708110a
f680ff87dfe30e19fe16f9e2ff11ffa9
e87b0ad6fc46ffc7f9ebfd96fcbaff89
e74df427f4ca17a80609f794f7b1ef55
069903e2ea710335f2e5fdafedf9e2f4
00af062809f8fe8701c4f4f312a8fc7d
fc0bff36fbeefb6b152f13ff09ee14d5
efd0f14b01a0f2cd00aa09eefb6c1190
fdbf04adf45002050c85118808f10d71
e86304c3d86ffe2ffb71eb820a8ef699
fbe1f7330f9beed5f2720845fb1d0b7a
01a403140094ec5812f4ec8ced820175
05cfee94fc0ef6b1e2000edf002e13b0
e846fdd8e85cef7316700f770e96091a
010aeed1f8b0f962ecf00127fb221913
00c6fea508bb0ea200290b1bf73de4f5
f47403df073b0e200e191b580437140a
ed87f2d7111fed1afb7eecffe3e2fab4
18a0f17a09c3039cfb970c54e2bcf351
1669035c0c7edfd4f2b4f6dd0798103f
ef63f697faab19e6038f0ac7043c0043
fe02f230f15d013208b2f86e0676e723
02b9e833e90bf727f0401aec06fc00c9
fc86082ee7f2f98eff2ef32816f8fa5b
ec5d0920f48800bb0abbfe3813dd0866
00fded930cfff5450b26fe31f4bbfc38
0cac0cc9eed0fba4059cfca61419088f
033c04de1132171ae981075afac4f70b
fd4a0882f819f656f0a7e3aee5f5f994
0a1a00fb1c4315ba1447019304b7ee71
02e81023e48dffaee906ed7af95df2b1
176b0ddefc150126dbcffe17ffc904c9
f970f515016f001ff0d50c4dee661768
0b17f19d09a1ebe6126bf99a1149f2a4
f4d2f92a12e5e53cf5eaf445ead50ca3
f90bf448f9e7143afa5805fbeadaf110
07980f181651f6f40d041548f9bb0d88
eeb1fd18ec241ecc04d0fcea0eef03f3
e6b5f8c70a70deb7041afdb2ecf9f281
0eb01a09f8ab0cd011cdedc602de0604
eea8058ef957fcf30868ff13124d07c8
0603f26c0650f71e148deb051638f50b
feb51653f6ff10f3f14300f2e7e3f6ed
068ce3f00eef031d01bb08181592feba
eb3bf0b3010bedde10810caaee3fffc0
03010d3e1576054ef3170c0fec520738
f263fa13e7caecc71000f69c04790eba
0155f94b099ced42e96b0144ef630ba5
0b8608890b6919a71bb7f3240f1bf255
fcd2054af39a0e60eaaa1058f706f199
f9930e6f1031f223ee440039f3471723
ec840b4b09a4146b1e5fee93ec73fc29
f7def76d15afebe607b2f47df60df1e6
f6f7e5eae663019d0d2f06df03b1078c
fbd6febc110cfce1e96c0751f16eeb4f
ed4c10dfe04ff199f310eddfea5e0320
f83e0dbdfcd6f902fc17f617ff551674
029bf9c603760631096df0e300d3f1b2
0450fde414e3f1a0017bebb6fab8f3ca
097f00711166fe0e0beae503f94fe406
000df72400bbfa0b04eaf8ba02d2fe27
03df00fc0567058c08b8110b0ff6fcae
fa1c0e220d4aff641d68faaafdce07f5
20461a0bf9a7067af4eb0b20182a156e
09c313c80f3815f9efc9fe4af0d5085a
f3c6033fe360f953e531040a00f510c4
f7b3f45e038606751feb06050903fed0
077dfc0f1c0a0d640b39ebbb05ebe6db
f73cfcbbfd6af92105be153bf5d9f0c5
f2fff8410dbdf27604baf4d5fbb21b08
0437f7b008a3f101f70801c9dfccf2ea
069d1be7fdae0bbdf509fa35fbb907f5
f12cf39fed2e07f4f7ef03a7fd550a54
ece2f8c0ff30f5861622047813d7eee9
e95bead002aae3a8137cf09bf30f0be7
f7f6fc39e16a0028ef35114cf86eff13
07f6fe60e9f315d5f765fdfa0efcf6b4
ec0b0199ff910728ffef18c501480232
120212bff0010449161fea2419e6f373
00a0f13a1511e8b1f630ef78009c073c
e72a0cd8f4c50e7a19420f8d0a61fe6f
fe02e8cbf21203270d0713ca02031148
f61e0767f168dc2c034cf0f61b33f9f9
0430fd920941179713a0f83d06800476
fa67136207effdc3f3e3ecfbf5aee34e
e5960255ee8ffe54ff19f578f417015e
edad005bee73ea180261faf3fa431264
04a30a190452162014aaf1cb0a43ed1e
1f5d03e6fcbffe02f61a13480e2509eb
0776107a2173018a06210dd0093c1a4c
08a114fb194d0ea5fe05f4c6e9fc083e
0899f139fbce01a301acf289fa14f054
11f7f75915fd0ab2ece709d7fc58f18a
053c0cd006f3f3731470e8da0610eeac
f914f5a719fff872f65dfb51f01b0763
07ab179907d9049a2543023203ce03c4
f8dc0565f2480c5ff2aae4e807c6f76a
f5a9f2e8eefb010bf9bdf60f023fe414
efcc1af2e70afde5f0a6ffecf816fe87
f3ee0daff486f022ff17e61aff090d91
0a2b12450649164eff6b0d740120168d
ff140b6a0c2d22aa0be8021efcfeede0
f8d508b906d904e8ea79f6b4f4b2f871
e61df6d0e5fbfff31656f806f22ff20e
0338feaa019bfd20f17a03051115ffe7
f6080990fdf51b3b0edf0b52ee69ff61
10031b99ff380e65009ff4841041ecd0
16fd043ff45b1117e20a083f01ac1159
fdafffe602200140f9f3137affef0190
0c6808f9f225f2eb112ef66c19960e49
1aa702d3153705d9124812f9216d126c
123ef4cf0914f7eeedf109ebfaba104a
f406e3fb0be1014310a2149f0da2035b
fe44f8d1f5210f0c008e0f3cefd9f67c
01f6f1681bba0d7c0cb20c94116fe9a5
0940ecbb143ef4f00d3102d1e79104c9
f4ed06baf830f9a7eb94fab0fbeee3e8
1d1910cf051d038c0452f100f910155c
0840f78b1b6af00f19b3ffd01f12fa25
fe55fb7813cc0dedf837ea6fff28f866
fc820718f3f50ec51153099bff7304cc
0748f1a51e02f8dc007909400635fcce
f5b20ea8f32cfb7805b4ef6cf1fdfb5a
050b03d9e8250f40ee0711d4079b0fdf
e37af6c80e19f4440a9cf6f10966f7db
f2980920fc69f5491e20f202ed30fce4
05a206e30fe1fe34e9a3022af8e410dc
10dce6a9fcc80e5cfbfaf4b8ea33ea48
f5e1059b10b1f0b3f22806530106f278
026a01bfeae3fe3c1022f082ff6f0228
fc00042aff29189fe0c40aabfbff01b3
09cdf67f0c3fe657106c09c2fc10fd29
fb5bfa1ee9bd1803fca9f61209c808cf
fd7116ff02690b3df3390ea9061de053
1931fcb513990a0a12670052f75518aa
f4b2f66dfd47e498dced000bfc7701c4
076e069de7d704a500fbf65df140f927
0c52f5cdfe840653f41809811c910c58
1132f9601c10fea7fe571072f4cef42d
14550664176cfa320ec8fc15ff330caf
01410eb30daaf4a8f645ff92026b0c51
e875f41ff2c003e80877f442f402062a
04aae5b104e100e0fb6e0b1af967ef34
1519de1407f4f6da0adb0c7c077ef51e
f52cfb70fd181148f8ce0c8a0728ed29
0a44efc4145000f215c811dc069e00fe
eefffa9e01d8ee62f11aea13e85def50
fe69f8a802c20d8ff9e1ed18f302e9e3
fa52e89b09f0f8da06ba0908ebc3edb8
0ac70dbd05cd0c55014a0e6a0983fc13
fa08f5af06a5f11f1cdef715064b1389
1c24fa2911f809e10742189c12eef1c6
04c116d20997f54b1697e936103e1456
188d0b9b15c50b70ec840392f90af390
f7de1400f9c71c1504a9f8bb00831169
f4b2fe230627f30fffedf32cfa32e107
f5e817daea780bd2fc03e9f2fc8502fa
01fc0e6b0c21f457f222075dee970ba0
0bc7030108c40bb9fe2de801f55f0787
09c30171f2a70fe50e0c0fe11447ea86
0fa3fd1afb2aebc4e590f7460fff0d52
f302eb0e019dfde61ca1ff340b28f85f
f7c6f80c0422f35b0663109c0aa50811
1b25f14f2284f484074dedd7ea21f4d3
076f0a8d0eec0165f6710815fc93000f
1525f73ffe520df5e55e1a76eb8212cf
efc5f6f104a302b5059b0942070e022a
1c91fea6fe831695fc6dfac2fc58e26e
f915f21b2014e41df85cf565fda6f733
f2dc074b06a21525216704aff2e9fcef
0ab10ba6eeaf0887f7631d6407af0e50
0de5153d16f1029f0128e186087bfeca
fdd1fc8cfe1f058b241d0689114302a7
0aab0a8302ca05ca00a5f58d18b4f6ea
f541fc9bfb0a1072fc130824fb4afe98
e7e8f51b08fffaba053e1c78f21c0741
f2220b8cfc7c08410071f391f02d069b
f5b4f802202a07900e66063ae174ea5e
0f960602f94afe16002f0472015f128d
f6e7090cf3c11b1df85d11ea000ef7b9
14fd0339ec6d0d2cf7ac119d126612cc
fe28fe6007e8030e14c3fbb11cbef2ed
0a7d00af014804a4fbfcebd90456ee26
ec120b0d021c24a1ec8a1678eda0f913
0071f3cdf8a4f939ff4f1cb9ebb408a7
ffa10fcc164c028ee809ffebecb11ba1
0b4cf2cbecf00ec20ab9035ff668e847
01d2ee3415c8f27ef43af8d6147e01ce
f5bcf1d2fe76fd8d1c0f0e99f5faebf6
fe44fa860fd5fa41e61404a5f2600fdb
f4c319aafd57faa0034df171e239f782
fcf5fabb0bd6113d1666f15e0e3efc64
10f204d1038bf714eead1adbf0e10b89
0243f2ddf96af713e9fee81ff8dbfd5c
0ab6fdd602b30748dfe3027aea4ff864
013ff281edd911b40047fe5efea2e118
21dd0834ef76fd2bef86004a1dbdfa53
ea94f694ee6f0186ef09fa5a0bdffb38
108e0c2c03830b5105b20c31fe57ffae
fc27f60f0c4f00c6f09fef88fb00fa21
ec6c029d0ba7ed1cfa81f42ddfc6ea2a
f82b1dd403a6113f1724f864f287104d
0fe6f5c112bde98215370e2a13c01032
fcc50670099908e21dcdeaa80f240940
12c8fb00f78a03b906a412fe14c9ec4c
f13e0a2af5320a5ee82e02c308c31466
002519ca08e8fc2effdefaa7e0e5f81c
10f912b80e850a9f028af8d407d61829
e66706f9ebd2fed60cc1ec920851fbb7
fffe0009fff9000909b3f362054ee897
ffff00060005fffc000afffd0004fff8
0004fff6fff70007fffd00000005fffe
fffc00050003000a00050009fffefffc
fffd000800040001fffcfff8fffefffd
fffefff9fff60000fffa0008fffcfff6
0009fffbfffb000afff6fffd00040000
fffb00000002000400060004fff60005
fff6000300020004fffffff9fffffff7
00080003fff7fff80008fffafff60007
fff9fff80006fffbfffcfff900050006
0004000afff8fffa0003000afffc0002
ffff0009000a00090005fffbfffc0001
00060007fffd0009fffdfffdfff9000a
fffbfffc000600000007fffafff60006
fff6fffa0004000afffafff7fffefffa
000700040003fffffffc0006fffffff9
fff800070009fff70003fff80005fffe
fff7000afffefff60005000500000009
ffff00030008ffff0007fffdfffcfffc
0004000afff800090009fffd00020004
fffc0005fff80001000400050009000a
fff60000fffafffcfff600050001fff8
ffff000afff8000afffb0009fff7000a
0007fffd00090006fffdfffe0001fffb
0004ffff0007fff60002fff8fff90007
0009fffffff9000a0009fff6fff9fff6
fffb000500020006fff6fffb0004fffa
fffdfff9fffc0006fffa00040006fff6
00010005fffa0006fff9fffcfff80000
fffefff6fffdfff60000fffe00050009
0001fff6fffc00080006fffcfff8ffff
fffc000300010004fff6000300030000
0003fffe0005fffefffffff70008fff8
0006000500090004ffffffff0006fffe
0005000200070003fffd000900000002
fff6000a000afffbfffd0005fff90005
0008fffc0007fffe00040002fffc0009
fff70003000300040001fff900060002
00070003fff6fffa0005fffb00050001
fffa0005fffbfffa0003fffffff60003
fffe0008fff7fffafffafffefffe0002
0008ffff0001fffd00000003fff8fff8
00030004fff70007000afffa000afffe
fff6fffb0007fff900040003ffff0008
0000000a0004000600050004fff60004
fffffffbfff600030002fffd0006fffd
0009fff800080001fff9fff6fff60003
fffc0001fff9fff90006000a00060000
0004ffff00000000000400000002fff6
0002000300070003fffb000700040005
fffc000a0001000800080000fff7fffb
000afff6fff6fffefffafffbfff9fff6
fff8000afffa000afff6fff80001fffc
fff900060003fffb0003fff9fffdffff
00050009fffcfffefffbfffc00010007
fffe000200050000fff700000007ffff
fff600070001fff70000000800010007
fffcfff6000900030007fffcfffe0003
fffd00010003000a00040001fffafff9
fffb0000fffe000a0000000000010004
0009fff70004fffe0006fffefff7fffc
fffb0009000afffffff8fffbfffcfff7
fffa0002fffafffd000200040002fffd
fff7fff900090006fffffff90007fff6
fffb000700070003fffbfffcfffe0006
0008000a0009fff7fffb00010007fff8
0007000afffbfffd0000000afffcfff8
000afff70008fffc00060007fffcfffe
0001fffcfff9fffd000afffefff9fff7
000afffcfffc0001fffe000700040007
fff7ffff0000fffafff8fffe0000fff7
fffa00090005fff80009fffbfff8fffe
0001ffff000afffefffcfffb00000004
0002ffff0002fff9fffffff6fffe0004
0005000afffa00090001000000010006
fffa0002fff6000900070002fffbfffe
fffbfff90006000600080007fffe000a
fff700040008fffe0001fffdfff90008
0006fff6fffafff60005000200090005
000afff7000000080002fff600010000
fffdfffc00040005fffffffcfffc0004
fff9fffefff9fff8fffbfff80005fff9
fff6fff8ffff0001fffe0002fffafffe
fffafff60003fffb0004fff80009fffb
fffefff7fffdfffefffaffff000a0008
00080002fffafffd000afffefffc0004
00090005fffd00080004fffd0003fffe
fff90003fffefffafff7fffa0005fffd
fff60005ffffffff0003fffe0006fff9
fff7fffd00090000fff90009fffc0009
fff60004fffefffdfffcfffc0000fffe
0000fff70003000afff7000700050006
fffbfffd00030003fffafffcfffafff8
0008fffa0006fff6fffd000000090008
0000fff9ffff0006000400030005fffc
00060001fff6fff80003fffa0000fffe
00070001ffff0005fff6fff70008fff8
000400000004fff9fff600030007fff8
fffdfffc00070001fff7fff9fffb000a
fff7fff9000700040006fff700010003
fff7fffe0007fffefff6fff6fff60004
0002fffc000100070001fffe0004fffb
fff9000600030003fffffffd0004fff6
fffbfff70004fffffffc0005fffafff7
00050007fffcfffffff6fff900040005
00020004000a0003fffc000500060001
fffcffff000600000009000700050000
00030006fff90005fffb000700070008
0006fffe0006fffa0002fffdfffb0007
0003ffff0005000900000006fff80006
0006000a00050004ffff000000020008
00070008fffb000afff9fffb0009ffff
00030001fffdfff9fffe00070009fffb
0005fff6fff90009fffbfff7000a0001
0008fff6fffcffff0008fff8fffefff9
fffe00070003fffc00050005fffffff6
0003fff80008fff60002fffc00000001
fffb000afffa0001fff6fffafffc0008
00000006fffbfffe000200000009fff8
fffefff7fffafff8fffc0006fffa0003
00080005fffcfffdfffb0004fffefffe
fffd000400060002000100040006000a
fff6fff9fffeffff00090008fff7ffff
000a00080001fff7fffcfff9fffe0000
fffcfffc0005000000000009fff7000a
0005fffc00050007ffff00070006fffb
fff80000fff700030005fffa00080006
000200090001fffafff8fff800000000
fff60006000a000300040001fff60008
fffa00010008000a0009fff600090008
00080007fffd0009fff60003fffc0008
ffff00040007fffdfff8fffbfffffff6
000700010002000a0008fff9fff6fffa
0000fffd000200000007fff700040009
0002fffafffb000900020001fff6fffd
00080001fffefffb0002fffa00010000
00050004fff9fff80008fff9fffefff8
fff9000a0003fffdfffd0007ffffffff
fff80009ffffffff000200050006000a
fff8fff8fffafff8000400040006fff6
00080005fffffffb0001fffc0007fff7
0006fff7fffafffb0001000200090001
00040001fffd0007fffcfff6fffe0001
fffaffff00090006fffafffafff8fff8
0001fff80009fff9fffbfff70007fffd
fff6fffdfffafffefff7fff700050006
000600030005fffbfffcfff7fffc0002
0000fffd0004000100090003fff70002
00060005fff7fff8fff6000300050009
00020007000afffafff8fff60000fffd
0005fff7fffcfff60006000200090000
fff70004000afffdfffc0000fffdfffe
000a0005fff9fff7000a0005fff80004
00050005fffafff80003000300040000
fff90003fff8fffefffb000600050004
fff7fffe00090005fff8fffd00020004
fffbfffb0005fffffffdfff90001fff8
fff9fffffff7000a0000fff7000a0002
0009fff600030009fffe000700050005
fff700090000000a0000000200050003
fffffffb000afff70007fffa0005fffe
00080003000200090006000a0004ffff
0008fffb000800040000fff60001fff8
fffb0002fff8fffe0000fffd0008fffd
00050008fff7fffbfff9fffefff6fffb
0001fffb00090009fff7fffefff7fffb
000100010005000200040002fffe0005
fffa00010003fffe00050009fff60009
fffafffb0008fff6000afffc0005fffd
000400060001fff80001000100020001
0009000100040002fff6000600050006
00050004fffcfffe0001fff9fffcfffc
fffafff6fffafff90002fffcfff60001
fff60008fffe0006fffbfff90003fffe
fffd0003fffefffb0002000000070002
fff90009fff900050004000200090002
000afffcfffbfff6fff6fffbfff6fff7
fffb0002fffa00010000fffafff90002
fff8fffa00000009fffdfffeffff0005
00050009fffc000700020001fff60009
0001fffd00090008fffe0002fff60008
fff600010009fffa0002fff7fff7fffb
fffc0004000afff800020006fffefffd
fffb000300090004fff60007fff60004
0004fffdfff9fffafff8fffb00030002
0000fff6fffdfff9fff90001fff70000
fffb0004fffdfff90002000400040003
fff9fffdfff9fffd0002fffefffdfffd
fff8fffb00080005fff9fff800060002
fff7ffff000affff000000030006ffff
fff70008fff80007fff8000400030005
fffefffe00060007fffc0004fff8fffc
0006fff7fffc000900030003fffeffff
fff7000a00090002fffefff6fff7000a
0008fff60005fff9fff7fff8fff90003
0007fff9000900080007fffcfffc0005
fffcfff70006fff6000200080002fff6
0001fff800070007fffbfff70005fffd
00030003ffff0005fffefffcfff8fffd
00070000fff9fff90003fffffff6fffb
000000050004fffafff6000a0000ffff
000200050001000800090006fff7fffe
0004fff8000a00090002fff600090002
fff700050003fff80005fffd00060005
0008000a0006fff8000800000000fffb
0003fff60006fff90001fffbfff8fff9
fff7000100050004fff90004fff8fffe
00010006000afff80008ffff0008fff9
fffd0001000400000003000700020006
0002fffafffefffc000a0009fffdfffb
0004000a000600030000fff700000003
fffdfff6fffb0007000a0005000a0001
fffcfffdfff7fffd0002fff8000afffc
00000001ffff00070003000afffbfffe
00080006fffe0002fffb00050000fff7
00010004fffe00040005fff6fff7fff6
0003000afffe0009000900030000fffb
000800040008fffdfff80003fffbfffb
fff8fffdfffd00000003000afffe0002
fff7000a000500010001fff900050000
0004fffd000900070004fff7fff6fffe
00020009fffefff8fffeffff0000fff8
0009000a0005fffb0008000afff6fff8
fff8fffe000afff6000000050009fff7
fff7fffcfff80006fffcfff7fffdfffb
fffdfffb00030007000affff00090004
0003fff7fff6000a0006fffcfff6fffd
0000fffefffffffbfff6fff800010005
fffdfffdfffa00090000fffb0000fffc
000700080003000000030008fffffffa
fffc000700030003000600070001fffb
fff700070008fffb0001000a0008000a
fffefff7000300000006fffffff60007
000a000100020004000afffdfff60002
0006fffafffc0006fff90006ffff0005
000100010008fffffffa000800010008
0001000a0005000a000afff7fff90000
fff9fff60009fff9fff9fffa0001fffe
0007fffafffd0007000900060006fff8
00010002fff90007fff700050004fff8
fffb0007fffc00030008000300070003
fffe0005fffbfff8fff9000afffbfff8
00020004fffd00050007fffb0000fff6
0005fffefff8fffefffdfff80001ffff
0005000000080004fffbfffbfffafffa
0005fffdffff0006fffc000a0005fffd
fffa0008fffefffd0003fffb00080004
fffcfff900000009fff6fff600060002
0004fffffffafff70003000afff60001
fffa000200000001fff8fff7fffbfffa
00060007000a0009fff6fffcfff80009
ffff00000007fffa0003ffff0007fff6
000600080000fff80007fffc0005000a
000900060003fff80001fff700000002
00090003fffd0002fffe0005fff9fff8
00040001000000070008fffc00000001
fff6fffa0002fffdfffbfffdfffb0000
fffdfff9fffcfffefffb00060004fff8
fffd00040005fffc000600050002fffd
0007fff600070009fff6fff700030001
0002fffe00090003fffffff60000fff7
000afff8000500090001000800080006
0000000a0009000600060000fff70000
fff70008fffc000a0004fff6fffcfff6
000300090005fff7fffcfff90008fffc
00090005fffafffefffb000400000001
fffd00080009fffe0000fffefffcfffc
fffbfff7fff900070001fffdfff9fff9
000a000a0000fff9fffefff80003fff9
0002fff9fffd000a000300070003ffff
fffcfffb00070003fffafffbfffc0003
000900000006fff600070002fffe0009
00010007fff7fff9000afffb00040002
00080006fff8fff8fff7fffa00000007
00000006000a0002000300050003fffe
fffcfff70007000300070005fffefff6
fffd0005fff700070009000400030007
0000fffe0006000400000004fff80008
fff6fffe00020000fffd00000006fffe
0002fffffffc0001fffefff900040006
fffbfff8000afff70008000700090000
0004fff6fffa00070003fff900060006
fffdfffdfffa0004fffa000900020002
0004fffefffbfffe0002fffbfff60000
0005000400030009fffb000700030008
fffd0002fff6fffe000800050000ffff
fffafff6fff9fffffffa0005ffff0002
fffbfff800060004fffffffe00060005
0004fff7fffcffff0007fffefff80005
0007fff600050006fff9fffcfff90000
fff7fffa000100000005fff8fffffff9
0006fffffffd000200080005fffefffa
0004fff70001fff6000600050006fffc
fffc0008fffdfff600070008fff6fff8
ffff0004fff9fff6fff8fffd00040006
fffffffa00060003000afffe00070004
fff7000800000007000a0009fff90008
fff6fff7fff90008fffa00040003ffff
fffd00060000fff7000500030004000a
fffdfffffffeffff0009fffffffc000a
fff600050000ffff0005fff7fffe0000
fffdfff90008000500030008fffbfffa
0009fff800070002fffcfff7fffc0002
0005fff60009fff9ffff0006fff6fffc
fffd0008fff60000fffa0005000a0000
0000fffc000400000000fff7fff7fffd
fff90002000afff700040004fffc0008
0008000500070002fffe000afffc0006
fff8000500030005fffbfff90000fffd
000a0003fffafffafffcfffffffefffa
fff60005fffe0001fff6fffe0000fffa
fff9000affff000800090006fff80001
fff8fff6fffcfff6fffdfff700040008
fff700070001fffa0009fff7fffe0004
000400030001fffa0004fff70005fffc
0002ffff00050003fffe0007fff9ffff
0005fff7fffcfffefff8fffafffafffb
0004000100060008000afff9fffe0008
0000fffe00070000fff70007fff9fff6
fffdfff8fffc0003fffb0003fff90005
0002fff80000fff80004fff800000000
fff8fff9fff7fffcfff90008fffeffff
0000ffff0006fffdfffc000800090008
fff700000005fffbfffe0009fffffffd
00040006ffff00070009fffafffc0001
0005fff6fff80002000400030003fff9
00080002fffb0003fffb000200000002
00030007fff9fff60006fffe00080000
fffbfffafffe0001000afff90006fffa
fffdfff8fff7000a0009fffcfff7000a
fffd000a0004fffb0000fff700020000
fff7000000080000000a000000010007
0009fffdffff0006fff600010001000a
00040007000700090006000afff9fffd
fff80007ffff0008000afffefff90001
0000fffafffa00070009000800060007
fff900020007fffb000100030009fff6
0002fff700060009000afffd0004000a
00040003fffb0005fffa000a00000001
fff9fff9fffefffeffff0004fffd0006
fff6fffb0009fff9fffc0008fffdfff8
fffdfff80005fff800030006fffafffb
ffff00000006000200000000fffdfffb
fffffffbfffc0008000000090008000a
fffcfff90009fff9fffafffe00020000
00060002fff7000500010009fffffffa
fff9fffd0007fff80005fff7fffb0008
ffff0002fffa000000010006fffefff8
00060005fffafff9fff6fffdfff70003
0006fffa000700010000fffdfffe0000
fff90009fff6fffefff6000300060009
00090009fffe0003000a000a00010009
000afffa0001fff9fff7fffc00080006
fffb0000fff8fffefff8fffefff9fff9
0007fff8fffc0003ffff0004fffcfffa
fffcfffbfff7fffb000afffc00050004
fff7000000080003fffcfff8fff70003
fff7fff800090005ffff00050008fff6
fffe00090008ffff000afffdfff7fff7
fffeffff0009fffe0009fffd0004fffa
fffd0002fff8fff9fff9fffcfff6fff6
0005fffcfff70006fffb000000050009
00020004fffcfffcfffbfffa000a0002
0006fff8fffa00070004fff7fff9fff9
fff6fff90003000200040001fffe0009
fff70005fff8ffff0005000afffdffff
fff70007fff60007fffb0009fff7fff6
fffa0002000a00070005fff6fffb0009
ffff00050005000a0002fffafff60002
00030004fffffff7000a000000070008
0001fffefffefffdfffefff700040004
fffcfffcfff9fffafff8ffff00070001
0001000500070009fff900020008fffc
fffcfffe0002fffc0007fffbfffe0006
fff800010002fffc000afffb0009fff6
fff6000800050001fffe00080008ffff
fff6fff70007fff90008fffd0003fff8
0003fffffffcfffa0009000600030002
fffc000a000600030000fffa00070007
0009fffa0008fffe0006fffc00070009
0006fffdfff60003fffbfff70001fff7
0007000700040009fff8000600090004
0009fff6000afff9fffd0009fff60002
0006fff6fffbfff8000a00020007fffd
000200050006fff9fffafff6fffbfff6
00030008fff9fffc0000fffe0000fffc
fffefffe0006000700050004fffd0005
000400060003fffc0000fffbfffafff6
fffa000a0003fff7fff9fffa0007000a
00010007fff9000300030003fff80004
fffa00070003fff7fffbfffb00070002
0007000500010004fffb0008fff70005
fff6000900040003fff600050002fff8
fffa0004fff800020007fffafffefff7
0009000a000afffc00010009fffa0003
000600060004fff9fff9fffdfff7fffd
fffefff9fff8000a0002fffd00080009
ffff00000009fffcfff8000500070002
00030002000100090003fff8fffafffa
000700060008fffcfffeffff0005fff7
00030007000afffefff7fff7fffe0005
0000fffe0004fff9fff6fffafff6fffc
ffff000afffa0008000a00030006fff6
0005fffffff6000400000004000a0001
0000fff6000a0001fffb00000002fffd
fffffff8fffb0001fffb0004fffe0008
0006ffff0005fffa0009fff800080007
fff9fffdffff0007fff6fffffff8fffe
0005000a0006fffafffafffdfff80006
0002fffffff90006fffe0006fff8fffa
0006fffc0003000100090002fffefffc
0001fffe0000fff7000800030007fff8
fffb000200040005fff8fff7fff8ffff
fff6fffa0009fffffffb0007fff9fff6
000a000afffe0007fffd00090002000a
0007000400050003fff6000500000001
0000fff8fffe000a000600050008fff8
fffc00080007000600070001fffcfff7
fffafffe00050001fff900060008fff9
fffc00060002fffcfff8ffff0000fffc
fff9fff700000008fffffffefffa000a
fffdfffefffa000a000afffb0005fff9
fffffff600060003fff9fff800010005
000300010001fffffffd0005fff60006
00040002fffdfffafffffff9fff80001
fffafff7fffefff7fff600050005fff6
00040000fffd0006fffefffd0003fffe
0009fffafffa00070008fffefffffffa
000afff70008fff90003fffbfff70008
000a00020007fffe00050004fffffff6
0003fffafffcfff9fffffff70002fff8
0002fff7fffa00010005000000000002
fffbfffbfff6000500000007000a0007
00070003000000030004fffffffffff7
000500090000000a0000fff7000a0003
fffbfffafffefff6fff9fff80005fffa
fff7fff9fffdfffb0009fff700070005
0006000a000afff700020002fff6ffff
0009fffcfff90005fffbfffafffa0005
fff800000009fffd0005fff60003fffe
000000060005fff9fffb000500080009
fffb00040007fffc0000fff8fff70006
fffc000400040008000000050008fffa
fff70003fffdfffa0009fff80001fff6
000afffe0005fffcfff700000004000a
0005fffefff7fff7fff7000800000001
fffa0002fffcfffafffe0005fff9fffa
0003fffafff70003fff8fff70000fffc
0000fff900080004fffdfff90007fffd
00010009fff8fff6fff9fff700000004
fff9fffc0005fffcfffb0004fffcfff8
0000000100090003fffa0009000a0005
0007fffcfff90001fffcfffdfff9fffd
0000000afff8000400080009fffffff9
00040001fff70008fff900010007fff7
00060002fff600080006fff9000a0009
00000005000afffb0002fffb0000fffb
fffa000a0005fff7fffdfff80003000a
0007fffafff80001fffcffff0008ffff
fff90009fffafff8fff60007fffb0005
000400030009000afffbfffe00030006
000a0006000900010003000200050006
000200060005fffe00030008fffffff9
fffdfff8fffefffbfff90002fffdfffa
0002fff7000300030004fff8fffbfff6
fffdfffcfffa0008fff7000900030009
fffd00030008fffefff8fff60008ffff
fff9fffbfffcfffb0004fff8fff70002
fffa00000003000700070001fffa0001
fffc00090003000a0006fff9ffff0002
fffd000afffcfff8fff6fff60001ffff
fff800050008000800020009fffffff7
0002fff9fff80009000700080008fffa
0000fffffff8fff900030000fff9fffd
0001fffb0003ffff0005fffdfffc0007
0000fffdfffc000700020002fff8000a
fffe0007fffa00000005fffe0006fff7
000afff8fff800080007fff8fffbfffd
00080002fff9fffefff6fffe0005fff8
0002fffb000a0004fff90002fffbffff
fff7fffdfffafffa0007fff600000008
fff9fff60005ffff0007fffe000afff7
000400030004fffb0003000afffefff8
000400010007fff9fff9000afff6fff9
fffe00050007fffe0008fff6fff7fffc
fffffffbfff6fffb0003fffcfff90009
0002fff7fffd00000007000a00030001
fff6fff9000afff800000003fffa0002
fffe0003fff80008000a0007fffb0005
00080000fffffffafff7fffbfffb0000
fffe0008fffc0009000afff60006fff7
00020006fffa0003fffafffc00030002
0002fffd0002000afff7000a0006ffff
0001fff7000afffefff60006fffc0002
fffafff8fffffff80000fff8fffdffff
0003fffefff8fffbfff6fffe00010009
fffefffb0005ffff000700020008fff6
fffafff800050002000a000000060001
00080003000a0000fffc00040001fff8
fffefffffffe00040006ffff0002fff6
0001fff70003fff9fffd0007fffc0003
fffefff9fffb00010009fff80002fffa
00000008fff9fffcfffd00030004fffe
ffffffff000500010002fff8fffe000a
fffb0002fffd0009000afffa00020007
00030001fffa0006fffffff70003fff9
000afff6fffbfffbffff0001fffffffb
0008fffe0003fff90004fffc0003fff9
000300070007fffafffc000a00040007
00000004fffd00010003fff800000006
000500090007fff90004fffbfffc0006
0005ffff00090009000400010000fffa
fff700030006ffff0003fff6fff70004
0001fff60001fffdfff7000afffd0001
fffe00070006fffbfffa00080005fffd
00060009ffff0009fffcfff90005ffff
fffb00070009fff600010006fff9fffa
000afff6fff800070003ffff000a0008
00000000fff70008fffa000700070006
0008fffb0003fffa00020006fffa0001
fff7fff7fffffffafffdfff9fff8fffc
000a0009fffdfff90002fffc0005fffd
0007fffefffc0009fffeffffffff0003
0004fff7fffe0002000afffe0009fff6
fffefffc00060000fffa0006fffefffd
000a0009000400050005fffb0005fffd
fff8000afff90009fff60000fffefffb
00000008fff800040007fff8fffdfffd
fffa000600000001fffffff9fffdffff
fff7000a0005fff700050002000a0002
00020009000a0006fff70003fffdfff6
00020007fff600090005fffcfff6fff7
fffbfffafffcfffbfff6fffb00000006
fff9fffa00070005fffa000900070001
fffe0009fffbfffbfffafffefff8fffc
fffb0000fffc0002000a000afff9fff9
00020005fff900060000fffc0008000a
0009fffdfff90005fff9fffbfffffff8
0006fff9000afffe0000fffcfffe0008
fff9fffafff90007fffeffff0006ffff
fff9fffbfffe0001000a00050005fff8
00000004fffbfff70007fffa000afffa
00040002fffefffafffd0004fff8fffb
0008fffc00060002fff7000a00060000
00090007000a0006fff70008fff9fffd
fffe00050003fffbfffe00080005ffff
fffb0002fffafff90005fff9fffd0004
00060000fff9fffd00040007fffcfffc
0005fff90003fffd0000000a0004fffc
fff9fff80003fffa0001fffa00020000
0003fff6fff80002fffafff80008fffe
fffe0001000a00050001fffc00050001
0008000200030002fffefffdfff70002
fff800090005fffafff7fff8fffefffd
000100060008fffb0009ffff00030002
fff800000000fffd0005fffcfffbfff7
fff9ffff00050005fffa00020000fffa
fffc0009fff900050003000100010001
fffbfffa0005fffa0007fffcfff9fff9
fffb0007fffa000afffb0001fffafff9
0005fffdfff7fff6fff7000000030001
fffb000600040002fffd0001ffff0009
00080000fff6fffe0004fff600030009
fff9fffdfffe0005000000050008fffe
fff8fffd00060005fff6000400040003
ffff0003fff90001fff9000afff70007
fff7fffdfffa000200040004fff80002
fff9ffff000500040009fffffffc000a
00030000ffff0003fff70009fff7fffc
000a0005fff7fff9ffff0007fff9fffa
fffcfffa0004ffffffff00000000fff7
000afff8fffd0007fff6fff9fffd0006
0007000afff8fffffffa000600020006
0003000a000500040002000600000005
00080005fffefffdfffa0009fffefffb
fffcfffbfff6000a00070009000afffb
fffcfffb000afffffffefffd00050002
fff7fff70000000800080005000a0002
fffffffc0007fffd000a000800020002
00070002fffdfffc0006fffd000afffe
0008fffffffd00020006fffc00020008
fff700000008fff8fffffff60002fff9
0003fff60004fff70008fff900020005
fffdfff6fff7fff70003000afff7ffff
fffa0007fff900060009fffb00000009
00040003fff800060000000600010007
000100050009000a000500090007fffa
0004000300050008fff80000fffefff6
fffbfff90007fffc000afffefff60004
fffdfff8fff7fffefffbfffa0001000a
0007000afff9000a000100070006000a
0006fffdfff8fff7fffe00020001fffd
fff90003000affff0006fffafffb0002
00070004000100030008fff60008fff9
fffffff7fffa0009fff700060002fff6
fff600040002fff90005fff800020007
fffffff700080001fffafffa00000007
0002fff9fffa0000fffefffbfffa0008
000a00090008fffcffff00030009ffff
fffe00000006000a0009fff9fffb000a
ffff0002fff90003ffff0009fffcfff6
fff6fff6000300060008fff800040002
00010004000a00090006fff600030008
0009fffffff7fffcfff9fff700080000
fffe0001fffdfffffffe0008fffd0004
ffff0000fffffffa000afff8fff90009
0001fffa00090001000100030008ffff
fffcfffd0006fff70006fffbfffcfffd
fffffffafff600080007fffffffd0006
fff700000009fff90008fffdfff60002
fffcfff600040002fff7000400010005
000000000007000400020002000a0003
00080009fff800090005fffb00070003
ffff000afff800050006000a0005fffe
000800040002000400030008fffc0008
0005fffbfffafff7fffb000300040007
0000fffafffd0000000400000004000a
00080004000a0003fffd0008fffbfff9
fffc0000fff8fffafff8fffe00090004
fffc0005fff6fff90001fff800010000
00050002000700090004fffeffff0004
000800020005fff70008fff700080004
00050002fffc0006fff8000300080003
0005fff60002fff9fff7fff90004ffff
000afff60000fffdfffffff6fffc0000
fff80002000a000000000003fffbfffa
0001fffb0002fffbfffffff700000008
0001fffbfffefff60003fffc00070008
00020005000400040005fffafffa0006
0004fff60003000afff90006fffcfffc
0008000300020004000900020006fffb
fffafffd0003fff60008fff70006fffb
fffb0005fff8fffc0000fff70006fff6
0000000a0001ffff000afffa0005ffff
fffe0007fffdfff70008fffc00040000
fff9fffcfff9fff90008fffa0008000a
ffff00090009fffd0006fff80007fffe
fff8fffdfffefffb000a00070004fff8
0009ffff0005fffdffff00090001ffff
00030006fff70001fffb000a00020007
fffc0008fffcfffcfff9000100030003
0007fff700090008fffc00010006fff6
0002fffcfffcfffdfff800070008ffff
0005fffbfffdfff9ffff0000fff8fffb
000afffc0006000a0006fffafff80006
fffffff80005fff8fffafffbfff80008
0004fff90005fffefffbfffa00000004
fffaffff0004fff70009000200020008
fff6000afff800040001000100030002
fff60005fffcfffa000a0005fff60006
0004000700010003fff7fff800040003
0000fff8000600060007000a00040009
fff60005fffffffd0005fff8fff90001
000500050006fffbfffbfffbfff7fffa
00070006fffafffcfffe000a00030001
0002000700090002fffa0001fff7fff7
0008fffa00050005fffe000afff7fff8
fffafff6fffb0005000a00040004fffb
fff60008fffffff90007fffc0001fffb
0005fffefffe00020009fff800030004
00070000fff800040008000afff60000
0000000a00060002fff9fffbfffcfffb
0008fffffffd0006000afffffffc0009
fffffffffffbfffd000500060005fff6
00010007fffd000a0007fff8000afffd
fffefff7000a0008ffff00070009fffa
0000fffefff9000000090002fff80009
0004fff6fff6fffa00050002fffefffd
00060009fffd0000fffbfff8fff70000
0008fff800030009fff7fff9fff9fffe
0002fffcfffc00020007fffdfff60009
000200000006fff90009fffd00080003
fffffff8fffa0000fffd00090007fffd
0004fff9fffb000100040009fff8fff9
0009fff6fffc0004fff8fffd0003000a
fffefffefff90001fffafff900060003
0002fffcfffe00020005fffffff7ffff
fff9fffa0004000100040005fffbfffb
0001fffb0003fff7fffc000700010006
fffb0001000a00090004fffa00050004
00070009fffbfff80006fffdfffe000a
0005000100050003fffb0005fff7fffa
fff9fffb0008ffff0003fff80004fffd
0004000200030008fffdfff9fffd000a
fff6fffb0009fffcfff6000500090005
000a0001fff7000800090005fff9fff8
fffc0000fffb00000009ffff0003fffd
00070008fff600090003000200090008
0006000afffa0007fffafffe00090009
0000fff8fffb0009fff70000fff70004
000200030004fff9fffc0000fffa0003
fffc00070002fff70002000900030000
0002fff80008fff9fff60000fffdfffb
fffafffa000500080003000a0000fffb
0002000400040002ffff0008fffdffff
fff60000fffe0001fff6fff8fff6fffa
000afffa0007fffb0005fffe00060003
0007fff9000afffe00050007fff7000a
fffe0004fffcfff6fffffff700090009
000a0008000afffe000afff6fffdfff7
fffd00080003000800070005fff7fff8
fff900000003fff7fffa0008000a0009
0001fff80009fffcfffafffdfff60000
fff8000600080003fffdfff70007fffc
fff6000afff7fffa0007fffcffff0000
000600000005fff7fff6000a0001fffe
00020005fffffff6fffafff8fffdfffa
fffe00040009fffefff6fffe00040003
fff900050009fff800020009fffffffb
00020009fffcfffd0000fff6fff9fff7
fff7ffff00000009fff8000afff9fffb
0008fffe0009fffc0004fffa0005fff8
fffbfff8fffd00050007000a00090000
0001fffcfff7000a0007fff8fffc0003
00000008fffbfffefffafff90002fffe
fff7fffa0006fffc0005fffb0002fffd
00050007fffefff90005fffcfffefffb
fffe0003fff9fffffffbfff8fff60008
00010008fffbffff000afff7fff80008
00090006ffff0007fff7fffb0007ffff
fffc0006fffd00060007fffefff80009
fff9fffffffe0008000afff90005ffff
0004fff9000a000300070002fffb000a
00030006000afff6fff8fffd0007fff8
fffb0007000afffbfffa0002fffb000a
fff800040008fffffffdfffcfff90001
000300020003fffb000a000afffc0006
0001fffffffd00060001fffe00040008
fffdfffd0000000a000a000300010006
000afffbfffd0005000200090009fffb
0000fff800070005fffb000100090007
0004fffdfffffffa0002fffffffcfffb
ffff0005000000080006fff9fffafffc
fffe0000fffcfffbfffafffbfffa0001
0005fffefffefff7fff60007fff70005
fff6fffcfffc0008fffd0007fffc0009
00000004000a000afffdfff90001fffa
fffc000700030001fffffff6fffa000a
0002fff60005fff80001fffe0008fffa
fffb000300030007fff80007fff9fff6
fffdfffc000afffffffd0003000a0007
fffcfffafffd0000fffb000000030003
fff6000afff7000900060008fffb0009
fff8fff8fffafff9000afffe00030001
ffff0007ffff0000fffd0009fff9fff9
fff600020003fffbffff00060004fff8
00020009000a0009000200030009fffe
00090009fffa0006fff60009fff8fff9
000200080002fffc0004fffffff70009
fffffffbfff800080002fffafffcfffb
fff6fffe000affff0006ffff00090009
000a0002fffc000200070005ffff0008
fff8fff7fffbfff600040007fffc0003
0003fff6fffafff70006000a0001fffb
0004000afffa00000000fff600080001
fff90009000a000a0003000100030007
fffdfffb0006fff6fffb0008fffc0005
fff8fff6fff6fff80008fffb0008fff6
0005000200000000fff9fff8fff7fffd
0005fffafffafffefff9000400070005
fffbfff800060008fff8fffefff9000a
ffff000300060004fffd0004fffa0008
00090006fff80005fffb00080009fff7
fffffffefff600000000fffcfff7fffd
fff7fffffff7fffb0003fffbfff7fffe
000a00020006fff9fffa0008fff6fff6
fffefff9000a00040006000000050001
fffffff7fffd00000001fff60001ffff
fff9fff6fffa0009fffc0004fffbfffb
00080008fffdfff800000002fffffff9
fffffffefffffff6fff8fffbfff70004
0004fffbfff7fffa0000fff9fff6fffb
fffa00010005fffb0009000400090001
fffffffcfffd00090006fffc0002fffc
0007fff7fff90009fffffff9fffd0006
0006fff60005fff800070004fff7fffa
0000fffa0007fffdfff7fffb00080006
fff7fff800010003fff8000affff0003
0009fffcfffb000300050003fff9000a
fff700000003fffafff90002fff9fffd
fffdfffffff9fffd00020001fffb0003
fffb0007000600010002fffafffbffff
0008fffc0001fffafffc0009fffdfffe
0003fffe0008fffd0000fffffff90004
fff700050001fffafff6000700080009
fff6fffafffa00010005fffb0008fff9
00000002fff9fffb0006fffbffffffff
fffa0000fffe00010009fffffffc0008
0008000a000200060003000000020000
fffc0004fff9fff90001fffaffff000a
00070004fffa00050005fffe0008fffc
fffe0002fffbfff700070007fff8fffe
00040002fff80000fffdfff6fffb0006
fffb0005000afffefff60003ffff0000
fffcfff700040006fff7fffdfffcfffb
ffff0003fffcfff8fffefff600050002
fffefffefffbfff7fffd0008fff9fff7
fffafff6fffbfffafff600090004fff9
00010002fff7fff8000afffffffc0002
00000005000a00050001000300070009
00030003fffa000100020003fff6ffff
fffe000500050001000a000300030008
fffc0006fff8fffc0004000000070002
fff7fff80000fffefffd0009fffdfffc
fff600050000fffa0005fffc0005fff9
0006fffffffc0002fff90000fffdfffd
fff7fff6fff800000002fffe00040003
ffff00060003000a00010001fffbfffb
0007fff6fffafffafff80001fff60005
fffd0006fff90000fffb000800050007
fffc00000006fffb00060004ffff0003
0009fff6fff9000200080003fffafffb
000afff8fff80005000a000afffd0008
00000005000400060000fffefffd0009
fffb0001fffd00000005fff7fffe0002
0009fffb0000fff7fffa000500060001
0004fffe0009fff6ffff0004000afffe
fff700000001ffff00060005fffd0004
fff7fffcfffe0001fffefffd0000fff8
0006fffc00070005000affff0001fff9
fff800060006fffafff800030000fffc
0005fffe00060008fff9fff8fff60001
000a000a000a0004fffc0003fffd0004
fffb000000020000fffc00080004fffb
00080002000500080008fff80000fff7
000a0002fff80004000200060004fffb
fff8fffbfffefffefffafff700020004
00020003fffffff7fff9fffafffd0006
fffdfffe0007000a0006000200080005
0006fffcfff8fffbfff90004fffa0009
fff600080006fffc0000fffefff80001
fff80007fffb0002fff6ffff00050009
0004fff9fff8fffefffdfff80002fffc
000100000005fffbfffffff600080000
0003fff9fff8fffa0009fffa00000004
fff7fff80006fffdfff90007fff70005
000afff8fffdfff90004fffdfffdfffa
fff6fffafff800030002fff8fff80000
0005fff800000009fff60004fff70004
00000003fffcfff90002000400040006
00080008fffcfffb00000006fffd0004
fff6fffdfffd00070000000a000a0000
fffbfff9000a0004000100030008fffb
fffd000500000005fff6fffe00030009
fff60005fffcfffefffbfffc00020000
0000fffffff8000000090006fffc0004
00060009ffff0003fffb0001fffb0002
fff80008ffff0000fffd000afffe000a
0008000000070007fffdfffcfff90009
fff9fff70000fff90008fffcfff70007
fff70003fffffffc000600030004fff7
fffd000900040005ffff0002ffffffff
fffe0008fff900090001fffbfffafffd
fffa0002fffafffbfff9fffd00050004
0003000afff7fffb00000009fffc0001
0005fffa0007000afffefffbfffe0000
fffc0007fff80007fffa0002fffbffff
00050009fffcfffffffcfffbfffd0009
000100040004fff80006fff900080006
0003000a0001fff70004fffdfff8fffa
000afff9fffc0009fff8000200070007
fff9fff700020005fff900080003fffe
fffb0003fff70000000a000500000009
fff9fffb0008000a0006fff600000000
00020000000900030008fff7fff7fff7
00010007fffbfffafff80002fff9ffff
fff7000afffd0006000afffafff70006
0003fff900020006fffa0001fffe000a
fff6000500090005fffefffcfff60001
fffd0007000400090006fffa00000002
000100070008fffbfff6fffdfff9fffb
0002fffa0009fffdfff90006fff90000
fff8000700060007fff70000ffff0005
fffcffffffff0003fff80003fffafffd
fff8fff8fff60008fffefffafffafff9
fff8fffffff90008fffdfffe00060001
00090002ffff00030007000200070006
fff8fffefff70009fff9fffb0002fff6
0009fff80007fff90006fff8fffffff8
fffcfffefffc0002fff8000800080006
fffcfff8000a000a0007000afff70009
fff6fffafff600060007fff60000ffff
00040000fff6ffff0006fff800040002
0009fffdfffa0008fff8000100010004
0000000400080001fff600030001000a
0004fffe0005ffff0008fff800080003
fffe00060007fffa000600060000fff9
fff90008000400070001fff90004fff6
0001fffb000100050002fff800010001
0009fffafffe00000000000a00050000
fffd0006fffbfff70002fff9fffbffff
000affff0007fffe00020007000afff8
0007fff60005fffafffe000afff80002
0009fffd00020007fffe0008fffb0000
000afffb0008fffefffe00050000fffd
fffb00080004fff800070006fff60000
0006fff9000a000600070005fffa0001
000100090006fffdfff6fffbfff80006
0003fffafffdfffc0000000100080006
fff900000004fffafffb000000090006
00010001fffd0002fffafff7fffe0008
fffffff8fff70008fff8fff6fffe0007
000afffe000000090009fff70008fffd
fff80003000700000003fffd00030009
fffefffcfff80002fff6fff7fffb0009
fff9fffd0006fff800000003fffcfffd
00060001000700050001000afff8fffe
fff70000fffc000400090002fffa0002
fff7000a0007fffffffdfff900080003
fff80009fff9fffd000600000006fffb
00000004fff8fff70006000300020009
fff9fffffff8ffff0005fffefff70009
0008000200060003fffcfff8fffefffe
fffe00070005fff9fff9fffa0002fffb
0007fffcfffa0009fff7fff800040008
0004fffb00020003000afffefff60008
0004fffdfffaffff00010002fffdfffb
fffd0005fffffffc0007000600010004
00030002fffa000a0005fff8fffb0007
fff9000700060000fffb000200010005
fffd0007fff90006fff90002fffc0000
fff70009fffefff7fff9fff800000006
fff6fffefffcfffb000afff80003fffe
0009fff6fff60003fffd000700060007
0002fff9000700080002fffffffffffb
000a0005fffefffffffcfffa0000fffe
fffffffbfff6fffdfffdffff00060007
0007fff90009fff60006fff9fff60002
0006fffc0007fffcfffdfff80009fff7
0000fffb0007fffbfffa0003fffa0001
fffd0007fffafffd00040009fffe0003
0007fffd0008000a0003fff7fffe0009
0007fffb000a00040007000100080009
0002fff6fff7fff7ffff00020003fffe
fffcfff8fff8000900060001fffc0005
000000050008fff90004fff7fff60009
fffdfffafffe0009fffdfffdfffa0002
fffbfff6fff7ffff00030005fff70000
0005fffc0006fffffffe00050003fff8
fffefffafffe00090001000a0009fff7
00040006fffd000a000a000700010007
fffdfff6fff70007fff6fff60007fff7
fff8fffdfff80007fffd00020001fffc
fff70004fffdfffc00070001fffc0003
fffcfffdfffbfffdfff600000005fffc
0005000afffe0005fff60000fffe0004
fff9fffdfffdfff6fff6fff900090001
00000007000a000afffc000400080002
0006fffbfff90009fffeffff00070006
fff6fffc0005fffa00070007ffff0000
0009fff7000a00080004fffcfff80000
fffb0002fffcfff7fffcfffdfffa0007
0003fffffffc00020005fff7fffcfffe
0007fffcfff8fffa0008000800000002
0002fffd00000005fffa000200010008
000000000009fffc00010007fffffff9
fff800030008fff700020005fff90009
00040000fff700030002000a0004fff6
ffff0007fffb0006fffc000afffffff7
fffc0003000600000004ffff0008fffa
0009000a000a0002fff8fffffffefffb
0002ffff00070003fff9fffbfff90005
fffc0009fff9fff9fffffffa00010001
fffefffffffeffff00090003fffdfff9
fff8000900070005fff60002000a0001
0001000400020002fff6fffffffafff9
0007fff7fffd0000000a000600050004
fffdfffe00090003000100040000fff8
fffcfff70008fff7000afff8fffefffc
fff70009000800010007000a000a0009
fff8fff800090000000a00040005fffc
0005fffd0006fff9000400000003fffb
fff7000afff60004fff8fff90001fff8
00030002000a00020005fff9fffbfffa
000400020002fffc000600020006fffd
fffc0009fff7fffbfff6fffd00090002
fffe00080006fff9000500070008fff8
fffe00050005fffe0001fffefffa0002
00040003fffc00020008000600090004
fff9fff9fff700030000fffd00030008
fff8fffffff60006fff9fffefffefffc
ffff00070000fffe0002fffcfff7fff9
ffff00080001fffbfffbfff900000001
0002fffe0009fffe0005fff9fffa0007
fffdfff6fffa0008fffdfffd00000006
000900020007000200040001000afffe
fffffff6fffc000700000009fffefff8
fffafff90003fffd0000000500010006
000200030005fff9ffff0005fff90006
fffbfff800060007fffdffff00010002
fff7fff70004fffefffa0004fffdffff
00000007000900010007ffff0007fff9
fffbfff9fff60002fffcfff9fff7fff9
0008fff8fffa00020001ffff000a0007
0009fff800070001fff90003fffafffa
fffe000a00000000fff900030002fffc
fffe0002fff7fff90000fff80009fffa
fff8ffff00000007000000070002000a
fff6fffafff7fff7ffff00090008fff9
00010007fff8fffb0008fffafff7fffe
00090009fff6fff9000600020007fffa
fffbfff7fffcfffe0003fff80007fff9
fffafff90005fff90006fffefffafff7
0005fff7fffafffffffe00090004fffc
fff60008fffbfffffffd0007fff9fff8
0005fff700060009ffff0006fffa0003
000100010001fffd0001fffffffb0003
fff9fffa0000fff7fffd00090001fff7
0004fffa000000010007fffa00090005
fff7fffbfffe0004fffb00030002000a
fffffffc0000fff6000400030009fffd
0001fff60009fff80007000800020004
0004000afff90006fffdfff6fffcfffe
000a000300010008fffe000a00060005
0001fffb00030001fffffffd0007fffc
000a0007fffc00080008ffff00010008
fffb0001000afffdfffa000affff0007
000600090002000000060002fff9fffc
0008fff6fff8ffff0006ffff0006fffc
0008fffc0006000afff60000fffd0006
fffb0004000700030000fffd00000005
000700090009000800010007fffbfff6
000800010006000000090000fff70006
fffcfffc0008fff9fff8fffd0008fffc
fff9fff7fffa000100040001fff9fffb
0008000800090009fff60008fff7fffa
fff90004fff7000300020007fffd0006
00050003fffb00010004fffcfffe0002
fff8fff700020009000800030009fffb
0003fffbfffe0008000500060004fffd
fffc000000060001ffff000700090006
0003000000050000fffb0003fff6fffa
0003fff900040004fffd000300020009
fffdfffcfffc00010007fffafffefffe
fffdffff000200090007fff8fffb0008
fff900040006fffb0009000a000afffc
0006fff9fffd000900000005fffe000a
0001fffb0004fffefffefffefffc0009
0009fffdfff6fffffff6000a0002fff7
0002fff90008fffb00020005000afffb
000100040001fffcfff70001fff90003
000a00040000fffffffdfffbfffefff6
fffa0004fffcfff8ffff0007fffe0007
fff7fffcfff7000700060004fff60009
fffbfffc0004fff9fff6fff900080008
fff80003fffcfffc00050006fff8fffa
0006fffbfffdfff8000000000001fff9
000a0007fffe00060008000afff80006
0005000500040006000800090008fff8
fff9fff9fffffffefff80002fffefffc
fffdfffd0000fffb0005fffcfff8fff9
0009fff8fffd0006000a00010002fff8
0005000800090008ffff000000030007
0005fff70003fffffffd00060006fff7
fff9fffcfff60007000000080003fff8
0004fffa000afffe0006ffff0001fff7
fff700050005000afffa0006fffbfff8
000a00070009fffd0004000800000009
000900010001fffffffbfffe00070001
0000fffcfff6ffff0008000700020000
fff90007fff7fff80000fffafff7fff6
fffe000a000300080004fffbfffffff9
fffc0005000afff70002ffff00090004
fffb0000000800090007fffcffff0007
fff700030000fffa00000005fff80009
fff600040006fffbfffdfffffffd0001
fffb0008fffa0008fffbfff800020001
0000fff80000fffd0009fff90002fffb
0001fff6fff60000fffdfff80008fff7
fffdfffa0001fffffffdfff70003fff6
0004fffefff9fff6fffdfff6fffafffc
fff7ffff00060008fffb00030000fffd
fffa000600070009fff6000200090006
0006000100020003000400030008fff9
0003000800070000ffff0006fff6ffff
00010001fffd0003fffe000900010002
0007fffafffa00020009000900010005
fff600060009fffbfffafff6fff6fff6
fff600060004ffff0004fff6fff60002
00070004000200060006000800050001
fffbfffdfffffff9fffbfff9fff60007
fffafff9fffd00080006000200020009
0003fff70003000afffcfffc00010009
00040002fffa00090009fff9fff80004
000a000200060005fff80000fffffff9
0007fffafff70006fff700070009fffd
fff900040001fffd0005fff600080000
00060007fff700060001000200070003
fff9fffcffff00020006fff80006fff7
00040002fff9fffafffa00050001fffc
fffafffefff8fffdfffbfff6fffc0006
00070005fffbfff8fffcfffd00000004
fffffff9fff8000900060007fff9ffff
00000006000afffd0005fff8fff80000
0006fffe0005fffc0007fffa0008fff9
fffbfffefff600080009fffb00070003
fffc00040003fffb0008fffd00030006
0007000200030005fffd0003fff6ffff
fff600010001fff900070009000a0005
0000ffff0009000afff9fffc0004fff8
0005fffe0001000400050008fffd0006
0000fffa0001fffdfffefff6fff6fffd
0008000800060007fffa0008fff90009
fff80001000400030004fffdfffafffb
00050009000afffc0003fffdfffbfff9
0001fffdfff6fff6fffc0001fffafff6
000600040008fffd0002fffdfffe0002
0000fffd00060003fff7000a0004fff7
0004fffbfffafff900080002fff60001
000000070009ffff000800030001ffff
0006fffe0003fffc0009fff60006fffb
fffd000800010004fffbfffdfffeffff
0009fffbfff80004fffefff9fff9fff6
fffdfffefffafffdffff000300020006
ffff0003fffc0009000a0009fffdfff7
fffcfffbfff9000afffa0003fff8fff8
00070007fffeffff0007fff6fffafffc
00080008fff90000fffafff7fff7ffff
00050000fffdfff60004000000020009
fff90002fff7fff90005fffe0002fffe
fffafffa0004000300010009fffffff6
0009fffc0004fff8fff6fff60002fffc
fffa000100030002fffb000800070001
fffe0005000100030002000a000a0005
fff8fff7fff7000afff8000a00030002
fff600010002fffbfff6fffaffff0003
fff9000800060001fff7fffb0005fff6
fff700090000000a000afff6000afff9
fffafff6fffafffefffd0008fff7fff7
ffff0009fff9fff70007000a0003fffe
fff60001fff600060000fffb00090004
fff7fff700030002fffffff9fffbfff8
ffff0002fff7000300060006fffdfff8
fff70006fffafff7fff8000700070005
000100080002000900060006fffb0001
000afff6000afffdfff6fffdfffa0002
fffd00090002fff8fff7fffc0001000a
fff80008000500030004fff600000006
fff8fff90005fffe000900070001000a
0009fffffff8fff700000008fffb0002
000600060007fffa00040004fffdfff6
fff6fffe0006fffc00060003fff70002
00050007fff9fffb0006000700040003
fffd0002fffefffcfffbfffdfffb0001
fffd0005fffbfffaffff00060007fffe
0000fffa0000fff60005000300050005
0001fffb0000fffbfffc0009fff80002
fff700040008fffefffd000000000001
0001fffbfff70009fff8fffcfff60000
fffa000200080003fffc000afff60001
fff6fffffff8fffcfff9fff60004fff7
0007fff6fffd0005fffaffff00070007
0008fffffffb0008fff9fff80003fff8
0001fffa000300060003fffa0008fffc
0001fffa0001fffdfffe0006fffc0006
0007fff7000a00010003fff9fffb0002
0005fffffffe0004fffd00030009fffe
ffff000affff0009ffff0006fff6fff9
0005fffcfff80007fffffff70004fff9
fffa000700070005fff7000a00010005
fff6ffff000a0006fffdfffb00060006
fff8fff70002fff60005fffefffc000a
fffc00080009fff7fff60006fffbfffd
fff7fff70006ffff000a000300070001
fff900060000fffe0002000800020006
0002fff6fffa0006fffbfff90004fff7
fff8fff7fffffffcfffc000600080004
00000002fff70004fff6fff70000000a
fffa0002ffff0007fff8000600010005
0006fffc00050004fff7000100030006
00030002fffa00080008fffeffff0006
fff8000a000700090002fff9fffffffc
0005000900040008fff70000fff9fffd
00030008000500010007fff900030006
fff6fff7fffefff6ffff000200080005
fff700060003fff80000fff700080006
00000000fff900000009000800080006
fffcfff800030004fff80008fff60001
0009ffffffff000a000400050008fffa
fffdfff8fffdfff60007fff6fffffff7
0009000200020006fffffff7fffe0006
fffbfff6fff60005fffd0007000afffa
fffe0005fffcfffdfffdfffe0003fff7
000200000001000700000004000afffc
0003fff8fff90006fff6fffe0002000a
000600010008ffff0007000a00030006
000800070004000200030003fffc0000
fffb00060005fffffffbfffefffcfff7
0004fffa000a0004fff6fffbfff6fff8
fff800020004fff70009ffff00020001
000100020004fffffffc0005fffd0000
0003fffa0002fff6fff600070004fff7
000a0007000afffe0006fff9fff80006
0006fffd00040000fff60003fff90003
000500070009fff70002fff7fff7fffc
fff60008fff8fffbfffdfffa000afffe
fffe00030000fff80002ffff00070008
0009fff8fff6000a00080004ffff0000
000700020003fff7fffffffb0006fffe
fff7000a0009fffd00020004fff7fff8
fffb000afff9000200020009fffffff8
ffff00080008fffbfff6000100060007
0001fff9fff6fffe00010000fffafffd
fff80001fffb0009fffafff90007fffc
00080008fffc00010000fffbfffdfffe
fffc000afff8fff70003000900040003
0008000400040002fff9ffff00070005
0007fffdfff80009fff7fffdfff70000
0001000900000003fff80006fff90005
fffdfff9fffc00000003fffcfffbfffe
000800040001fff900070001fffbfff8
fff600020003fffbfffefff6fff6fffb
000a000300080004fff80006fff90003
0003fffc00080001fff700000003fff8
000800090000fff6000000000003fffd
fffd00030001fffafffcfff80008fffe
00010009fffb0000fff9000afff90004
000600010009fffd000200080004fff6
000500090009fffefffcfff600090002
0009fffafffefffefff6fffffff60004
00060009000900030008fffe000afff9
000a0003fff6fff8fff9000800050004
fffffff90008fff80007fff600050006
fffa000300000007fffd0005fff9fff6
fff6fff8fff60008fff7000afffb0007
00010004fff6fff6fff80007fffe0001
fffdfff9000000010007000700040004
0001000800080009fffcfff8fff7fff7
00040006fff600000008fffbffff0000
fffd0009fff6ffff0007fffdfff6fffb
000a00070000fffcfffb000600070008
fffbfffb000300040007fff80006000a
fff70007000a0003fffffffd0007fff8
0009fff6fffb0006fff6fff8fffbffff
0000fffc0003fff8000afff8fffb0009
0005fffc0004fffdfffa000900040005
0008fffcffff0004000900040005fffe
fffdfff600070001fffa000300080007
fffafffcfff7fffc000a0004fffefff8
000300040000fffb000800000006fffb
fffc000300090005000900050002000a
0004fffcfff8fffe00080002000a0005
fffbfffcfff6000100020001fffc0005
fff9ffff000300040003000700010000
0006fffc0007fff60004fff6fffb000a
0007fffe00080003fff6000200090007
fff60000fff9fffb0008fffa0007fff6
fff9fff70009fff6fffc00080002fffc
000200010000fffcfffd0006fffc0006
00060008fffc0001000900080003fffd
fff6000900040006fffe00040000fffc
fffc0007fffafff70003fffc000afffd
00070006fffdfffc0007000afff80003
00050005fff9fff90002fffafffb0003
00070009fff6000600000001fffe0009
ffff00050007fffcfff7fffb00080007
fff9fffdfffafffafff700090005fffa
fffc00000001000a000200000003ffff
fff8fff8fffafffe000700070006ffff
fffd0008fffafffafff6fff8fffa0002
fffdfff70009fffdfff900070001fffd
fff90009fff80006fffc000300050001
fffbffff00040006fffbfffe0006fff6
0007fffb0009fffdfffcfff90000fff6
0009fffcfff70004fffdfffb00070001
00070004fff9ffff00090009fffcfff9
0005ffff0002000afffefff8fffcfffb
00060008ffff000afffcfffefff8fffa
00070008000500050006000700070000
0007fffdfffb00040005fffc00070007
0002fff6ffff000000080007fffefffe
0000000800000008fffcfffcfff9000a
0009fffbfff80006fff70002fffbfff9
0009fff80003fff6fffcffff00040008
0001fffb000a0002fffdfffefffffffd
fff9000800020003fffdfffffff8fff9
fffe00000005000700010009fff60001
00080004fff7fffc0000fffa00060003
000a00090000fff900070006fffb000a
fffa00020009fff7fffdfffcfff9000a
0007fffe0009fff7fffa0003fff70007
fffb0002000afffffff9fff900080006
fff9fff60003fffb00040001fffbfffa
0002fff7000afffdfff6fff80006fffe
fffefffdfff90005fffbfffefffa0002
fff70002fffafffa0009000800040003
fffc000a0004fffc0007000700090004
fffcfffffffcfffdfff8fffe00060002
fffffffe0005fffe00030004fffe0007
fffc0003fffffffbfff80003fff80000
0008fff90000ffff00040000000afff8
fff700040001ffff000a000afff9fffa
fffbfff90002fffe0002fff900040007
00040002fff900040006fffd0008fff9
fffffff80006fffffff8fffbfffffffb
fffbfffb0003fff6000afff6fffcfffb
00070003fffd0006ffff000500000001
000900040003000900040006fff90005
fffdfff9000000080002ffff0004fff7
fff8000afff700040002fffc00060003
000300010002fffb0001fff80003fff7
fffafff9fff900080007000900090003
00000009fffd00060002000400080006
fff7fff7fff600020005fff70005fff8
000afff8fff700010002ffff0000fffc
fffa0004000a00060005ffff00040001
fff900000000000800040001fffefffa
0003fff7000a0006fffffffcfffa0005
fffefffafffafff8fff8000700090003
00050006fff9fffc000300080004fff9
fffcfffa000800030006000700000007
fffcfffa000200040003fff6fff90003
fffcfffdfff70001fff90004fffefff6
fffa0001000affff0006000a0002000a
00010009fffbfffdffff0009fff90003
fff700020000000900020003fff9fff6
0004fff9fff9fffffffefffc00080007
00070001fffcfffb0001000600060002
fffd00070004fff9fff80000fff70009
fffdfff80008fff600070005fffc0001
000900090001fffafffdfff6fff6fffa
fff90007000600040002fff900060009
fff70001fffdfffe000100030007fffe
0000000afff8fff7000a000700040005
fffc0008fff7fff7fffbfff6000afffb
fffcfffafffdfffdfff70001fffc0004
fffbfff700050001000afffffffffffe
0009000a0008fffd00060007fffbfffb
0008fff700050008fffd0008fff8fff9
0001fff80006fffe0003fffe0007fff9
000100050007000100020007fff70001
fffe0008fffb0003fffefff700050006
fffd000a0001fff6fff6fffafffc0000
fffafffd00030000fff9fff6fffafff6
fff90005fff7fff70005000500090006
000affff00050002fffd0008fffcfffe
0004fffbfff800050005fffb0002fffa
0009fffbfff8ffff0007fffefffdfffc
ffff0005000afff6fffffff700030000
fff700050002fff6fff60003fffb0009
fffc00090008fff800050007fff9fffe
fffb00070006fff800080006fffcfffd
fffdfff9000a00080004fff600080004
000100050003fffb0003fffdfffffff7
0006fff6fffafffc000000040005fffc
0007fffc0008fff600080004000a000a
000afffbfffe0001000200080000fffb
fff900030002fff9000000060003000a
0001fff7fffd0000fffafffdfffcfff8
0001fffbfff7fff6fffffffdfff9fff6
00020001fffc000600010006fffdfff7
00080005fffbfffbfff7fff90002fffa
ffff0006fff7fffb0008fffdfffffffd
00020005fffefff90004000100080002
0002fffffffa000afffc0007fffa0003
000000010001fffdfffefffbfff6fffc
000200020006fffcfffb000a00060008
00040000000500040009fff80006fffc
fffc0009000afff7fff6fffffffe0001
00010004fffd00000007fff90000fff7
0009000afffffffc0000fffe00040006
0008fffa00090006fff6fffafffb0004
fffe0003fffb00020006ffff0006fff7
0000fff70002fffa0001000300050004
0007fff8fff60002fffafff700090002
fff6fffe000300050005fff8fffffff9
0000fffefff60003000a000a0002fffc
0006000affff0008fff80005fff9fff9
00050009000800030005000500010000
fff80000fffe0007fff6fff70001fff6
fff9000afff900080005000900090002
ffff00090007fffefff6000700080005
00090006fffa0001fff8fff9fffafff9
0000fffffffe000000070002fff7fffa
0006fffefffcfff90004000900070005
0003fff9fff8ffff0000fffe0008fffc
fffb0005fff7fffc0000000200060003
fff9fffcfffe00010007fff7fffa0007
fff9fffc0002fffcfff60008fffc0007
000500010002fffc0004fffafffcffff
fff8000a000100090005fff7fff70007
0009fffa000400080005fff60006fff7
000afff6fffb0008fff9fff8fffdffff
0008fffcfff9ffff0000fff80000000a
0002fffd00060005fff7fffafff9fffe
fffe0008fffdfffb000600050002000a
00030008fff6fff9fff6fff7fffefffb
000300030008fff7fffe0009fff70003
ffff00010008fffb000100040009fff7
000100050004fffb000a0001fffdfff8
000800000007fffa000afff700090001
000a0002fff8fff900020000fffc0004
fffc0007000afff9fffc000000030006
fff60002fffb00060005000200070001
000afffbfffd0002fffcfffa0000fff9
fffa0003fffb00030002fff70007fffe
fffbfffd000600090007fffa0003fffc
0001fff70005fff90009000a000a0001
fff6fff60006fffffff8fffa00030000
fff6fffffff90002fffffffefffa0003
fff700040000fffcfffcfff7fff7fffa
0009fffc00030001000500060005fff7
fff90004fffd0006fff8000000090003
0004fffc000100030004fff9fff60003
00020000fffcfffcfff9fff6fffdfff6
000afff6fff600090006fffffff9fff6
000300060004fff60006000800050006
00050000fff9000a0004fff700020001
000200030008fffbfff60005fffefffb
fffbfff6fffdfffb00080000fffbfff6
fff7fff700050003fffefff8ffff0007
fff9fff8000200050004fff60007fffc
0008fffcfff80006fffd000a00090009
0002fff90003fffa0007fff700000009
0004000800000002fffafffefffa0001
000400040000fffcfff6000000050002
000a0007fffe0006fffbfff9fff90008
fffefff8fffdfffb0005fffa0002fff6
00070004ffff00050003fffe0001fff7
0000fffbfffcfffc0000000affff0004
ffff000a0002000900080004000a0003
fffdfff7ffff000afff80003fffdfffc
0007000afff90003fffa000afff8fffb
fffdfff60002fffc0002fffc00010004
fffd000200030009fff7000000020000
fffc00050002000a000afffbfffcfffe
000900040003fff6fffe000700090007
fff9fffefff800070000000a0001fffa
00010002fffffffdfffffff70000000a
000800070002000a0002fff60000000a
00090002000a00010008fff7fff6fffb
0008fffd0003fff7fff60001fffefffe
fff70008ffff00010008fff700050005
fffb00070001fffcfff7fff8fffefff6
000300060003fffffffc000100010002
fffdfff70001fffb0007000afff8fffa
00010004000afffb0001fffb00030000
fff6fff6fffb00020000fffa0007fff9
0007fff6fffefff90002000400090003
0003000800010006fff60003fff80003
fffdfffefff8000000090004fffc0003
fffc00080004fff800010009fffa0001
0006fffafffefffa000afff8fff6fffe
fffeffffffff0005fffa00010006fff9
fff6000500070002fffdfff8fff60000
00040009fff9ffff0002fff7fffdfffe
fffcfffdfffcfffefff8fffafff70008
0009ffff0004fff90000fff8fffdfffe
0005fffdfffe000a00080008fffffffb
0005fffffffc0004fffffffc00020007
000a0000fffa000300090002fff9fff7
fffa00030006fffc0009000800030007
fffbfffffffffffa00080009fff60007
fffafffbfffcfff600080004fff70007
0001fffffff6fffc000000040002fffb
00090005fffefff7fffb0009fff80004
00010000fff7fff800060009fffb0002
000500020004fffbffff00080004fffa
0003fffafff60009fffdfff90007ffff
fffbfffa000a000400010009fffdfffc
0001fffdfffffff70006fff700090008
0008fff7fffb000afff600020007fffa
0005fff800060005fffafffaffff0007
fff8fffcfffa0008fffb000400010008
0004fffeffff00050006fffbffff000a
fffc0009fffb00000005fffb0004fff9
fffc0001fffafffefff80008fffb0005
000800000002000afff7fffafff8fffa
0001fffd00030008fff90003fff80008
0002fffa0002fffcfffbfff900070004
0009000700020006fff8fffffff8000a
fffffffffffd000100010007fffc0004
00080007fff6fffdfffa0005000afffe
fffa00060007fffffff900000000fff9
fff6fffb0005fffcfff700070002fffb
fffdfff9000500020000000900090002
fff6000300040009fffa000a00020009
00010009fff7000400060003fff9fffb
0008fff80009fff6fff7fff70007fffb
fffafffefffc0006fffbfffffff8fffa
ffff0005fffdfff70008fff80009fffc
00090002fffcfffdfffafffdfff90002
0008fffa0000000500050007fffbfff9
00060000fffafffbffff000800090008
fff70002fff900010001fffb0005fffb
fffd00070005fff90006fffd000afff9
0001fff7000afffafffb00030000fff6
0005fffffffdfff7fff80007fffb0005
000a0007fffe0003fffcfffcfffc0001
0008000a0005000afffcfffd0001fff8
000600020009000400080000fffdfffd
0005fffdfffa00090003000500030006
fff8fff9fff8fffbfff900050005fff7
0001fff80005000900090008000afffa
00080007000a0002fff9000afffc0008
ffff0008000200070001fff8ffff0000
0007fffb0009fffc00010009fff7fffd
00010006000500000005fffeffff0002
0007fffc0002fffefffd0004000afff8
000000090004fffffffe0007fffa0007
fff80004fffc00080004fffdfffa0008
0000fffdfff6fffe000900090006fffe
fffe0003fff80004fff60002000affff
fff9fffefffbfff6fffcfff90005ffff
fff90000fffc000700040009ffff0006
fffe000000050002fff60001fff8fff7
000400060006ffff0000fffbfffefff6
0008000200020004fffa0005fffbfff7
00040002ffff0007fff6fffa00010009
000a00090003fffa00050004000a0001
0004fffb0007000200060000fffc000a
00020002fffa0004fffbfff900040006
fff6000800080001fffe0008fff90001
0006fff60005ffff0009fff900060004
fffa00040006000afff60003fffcfff9
0001fff70009000600090002000a0001
0006fffefffb00090002fffbfffaffff
000000020001fffd0007000900080007
00090006fffafffffffefffbfff90002
fff6000afffc0005fffc0008fffd0006
fffa0004fffffffb0009fffd00010005
0009fffbfff600000006fffcfffdfff8
fff8fffefff800050003000200020004
0008fffc00010003fff600040007fffd
fffc0003fff60006ffff00000001fff7
fff8fff60006fff60005fff600090006
0001fffbfff80004fffbfff8fffafffc
fffb0008000affff000a0005000afffa
0006000200050007ffff00000003fffb
00090000fff90008fffcfffbffff0005
fffbfffafff90003fff900010006fff9
fffafffafffcfffcfffbfffe0001fffb
000000060008fff6fffeffff0002fff9
0002fff80007000400080004fffc0005
fffffff8000800040006fffcfffafff8
fffa0004fff6ffff00090008fffc0005
00030005fff7fffffff80006fffc0001
fffe0008000300090008fff700030007
000300070005fffd0007fff800060007
000a0009fffffffe0007fff8ffff0002
fffefffffff800090002fffffff70009
0007000a0006fffe00010009fff80000
fff80009fffafffefff8fffefffb000a
ffff0009fffffffb00070008fffcfff8
0005fffc000afff80007fff70001fff8
000500000009fffc0006ffff0006fffc
fffeffff000afffe00090006000a0009
0005000600080005fffbfff8fffc0008
fff9fff60004fffb0004fff60007fffc
00080000fff600080000fffe00000008
0007fffe0008000a00070002fff70002
000800090009fffbffff000800090001
fff80003fffdfff7fffd0007000a0004
000000050002fff6fff80004fff8fffa
0001fff7fff6000500040009fffbfff7
0006fffe000200040007000900060006
fff8fff600060009fff60001fffafffd
0006fff7fff9fffafffd000400030004
fffd00030006000200010002fff70006
fff6fff6fff9fffb000500020007000a
fffa0005000100090008fffafffbfffb
fff8000700090002fffbffff0005fffd
fffefff9fffafff9fffb00090004fffd
0003fffe000200090007000200000004
fffd0000fffe0000ffff0003fff8fffa
0005000a0008fffefff7fff90004000a
0007000500000003fffbfff7000a0002
fff6000a0007fffcffff0002fffb0004
0001fffb000800080008fffcfffbfff9
fff8000500070001fff7fffafff7fffb
0004fffe0000fff8fffffffdfffffff6
fffd0003000a000100060005fff9fffd
fffdfffa00090009fff6fff9fffe0005
0002000900030001000800010008fffd
fffcffff0009fffb0008000600090002
fffa0009000500080006fffbfffa0008
0001fffdfffd0004fffe000300030008
0000fff8fffc00010007fffbfffcfffd
000300040003000afffbfffa0002fffb
fffbfffb0000fffd000afffafffcfff6
fffa00010004000200060000ffff0006
00090000fffbfffffffe000afffdfffc
fffc0001fffafffafff90005ffff0006
000400050007fffb00020002fffd0003
0000fffa0002000800060000fff9fff7
fffdfff90003fffbfffbfffe000afff7
fff80000fffefff800080001fffb0002
fffafff60005fffd000100080000fffe
fff7fffafff8fffcffff000800090000
0009fffe00030008000a0001fff7000a
ffff0008fffcfffb0005fff9fff60007
fff800060001000600060003fff90001
fffb000afffbfff600020002fff6fff6
0005fff6fff70008fffc0000fff9fffa
00040003fff6fff60009fff9000a0005
0007fffafffcfffbfffa0001fffffffe
0002fffd0005fffc00070002fffd000a
0002000100060005fffb0000fff8fffe
fffafffc0003fffcfffb000100010003
fffe0005fff6fffb0009fff800020003
fffa0007fff8fffa0009fffefffdfff6
fffffff90005ffff00050004ffff0006
0005fffb0005fff7fffcfffb0009ffff
ffff0006fffd0008fffa00020005fff8
ffff0007fffbfffe0003ffff0003fffe
fff60002000afffb0005fff600030001
00040005000afff9fff70004fffd0009
fffe00040003fff6fff9fffffff80001
fff7fffc0008ffff00040005fffe0000
fff60000fffb00050003000500060008
fff80002000200010000fffc00030000
fff90009fffdfffe0002fffa00090001
0000000000000002fff7fffcfffc000a
fff800050006fff9000500050007fffc
000200000009fff6fffb00000002fffa
000000050003fffd00030001fff6fffb
fffe000a000afffefffefff700040001
00090000fffa00060001000600040007
fffb00010006fffa00040000fffe0009
fff7fffa000a000900040008fff90006
fffc00080004fffc00080008fffe0004
0009fffc0000000a000300010004000a
0005fff80001fffbfff8fffa00040007
fff80006fff9fffc0001fffdfffbfff9
000a000afffafffcfff70006fffe0005
0005fffb0005fffffffcffff0005fffa
fff800040003fffa000afff900020006
0008fffd00090004000a00040009fffa
ffffffff0003fff90000fffd0009fffa
fff6ffff000500080002fffb00070009
0006ffff00080002fff7fff900050009
000800050008fffbfff8ffff00070009
0001fffe000600050006000a0000fffe
0006fff8fffafff6fffdfff6fff6fff6
fffdfffdfffefff9000afffc0009fffc
fffefff70007fffefff9fff9fff60001
0002000a0006000500010004fff6ffff
fffbfffafff8fffe00090006fffb0000
fffcfff900020002fffe00050005fff6
0005000400000003fff8fffa0006000a
0005fffafff9000afffa0000000a0005
0001fff60004fffc0003fffbfff9fffd
0005fffcfffd0002fffc00060000fff9
fffb0005fffefffefffcfff9ffff0003
0000fff900000003000800020001fffa
0002fffafffa00070008fffefff90002
fffd00010007000100050003fff90005
00000008fffdfff600000002fff8fffc
000afff80003fffd0003fff9fffd0002
fff9fff8fff80001000500060001fff8
00050002000a0005ffff00040004000a
fff8fff7fff6fff90004fffbfff8ffff
fffefff9000a0007fffafff7fff9fff6
00010007000000090006fffaffff0005
fff60009fffefffd00030004fffb0005
fffd00040009fff7fff600010002fffb
fffafff60007fffaffff00030001fff9
fff70006000afffefffdfffdfffb0003
0001000400040001fffb00010002fffe
0009fff8fffffffafffd0009fff9fffe
0002fff7fff70004fffb000500060006
0008fffdfff80000fff70004fffb0006
fffa000afffffffffff700050005fff6
fff6000a0009ffff0000fffd00070002
fffffffe000300030000fff80007000a
0002fffafffdfff8fffdfffcfffdfffe
00050001fffe00010008000a00020007
0006fffcfffafffe0002fffcfff70007
fffd0003fffc000a000a00090003fff7
ffff00000008fff90008fff7fffffffb
ffff0008fff7fff6fff6fff7fffffffd
fffa0002000a0007000400070001fffe
00060008fff800070004fff6fffcfffe
fff600030002fff90000fff7fff9fff9
00030004fffd00000001fffa0009fffc
000900040008fffd00030004fff7fff6
fffafff70006fffc0006000500030006
00070009fffcfffc0001fff800030008
fff7fff90001fffefff6000a00090000
000a000afffffffdfff70004fff9fffb
fff9000afff8fff8000a0006fff9fffd
fffb0004fffdffff0003fffaffff0008
0009fff70005000100080008000a0008
fff9fffcfffdfffd00040003fff7fffd
0002000afffc0008fffc000800050005
fffafff800040004fffcffff00070004
fffe0007fff70005fffb000900050001
00030000fff8fff7fffd0009fffd0006
fffe00010002fffb0006000500030002
fffa00030001fffd0004000afffffffe
0004000a00000003ffff0007fff60003
000afff90000fff9fff90006fffafffd
fff6000afffafffcfffa0008fffdfff8
000a0004000800020006000400000000
fffdfffbfffd00080005fff7000afffa
0000fffb000800050000fffefff80008
fffcfff9fff7fff9000700020008fff8
fff8fffe0003fffd00030001fffd0009
fffa0001000000020002fff9fffbfff9
0003ffff000300090008fffc00050007
0006000affff0002fffafff800040005
00000009000700020007fffb0002fff6
fffa00010000fffefffdfff80005fffb
0000fff80000fffe0009000a00090005
0007fff600030009fff9fffcfffb0009
000400010003000a0005fffdfffefffc
0008fffa0002fff70008ffff0005ffff
0003fffd0006fffffff7000afff60004
00070007fff7fff800060009fffd0009
00000007fffa0008000600000008fff6
fffcfff8fff600040007fffa0004fffc
000afff80009fffefffdfff6fffb0002
000800080000fffafffe0001000a0007
0005fffc00010007fffffff6fffbfffa
fff6fff7ffff0004fffe00090006ffff
000800090001fffe00000003fffffff6
fffbfff8fffe0005fffc00070008ffff
fffd0000fffe0003fff80008ffff0002
000300090009000300030007fff80009
fffe00000002fff80006fff70005fff9
000400040005fff60001fff800090001
fff8fffd0008fffafff7fffcfffafffb
fffdfffffffbfff9fff80005fffdfff8
fff7fffdfff8fff6fffa0000fff70005
0007fffefff8fffb00060009000affff
0003000000050007000100000005000a
0002fffa00080008fff60008fffaffff
fff7fff80006ffff0009fff7fff7fffc
00000002000afff8fff9fffc0002fffe
fffefffafffcfffe0001000afff70006
fff6fffafff900020005000afffcfff6
fff9fffc0008fffbfffafff6fffb0001
fff9fff8000afff60001000000030002
000a00030001fff80008fffffffafffd
0005000600050004fffafff80000fffd
fffb00050007fffc0002fffb00040009
fffb0006000100060004fffa00090006
0002fffb000400040005000100050004
0007fffa0004fffefffffffb0002000a
0005fffa000400040003fff90001fffb
fff9fff9fff8ffff00040000fffbfff7
fffa0006ffff00030002fffffffd0004
fffa0007ffff0009fff60000fff8fff6
fff700060002fff7fffcfff700060002
0007fffb00050004fffafff7fffd0002
fff6fff70005000200060000fffe0007
00050001fff80005fff7fffefffcfff6
0001fffe000afffd000900080004fff7
fffbfffcfff9fffb0000000afffc000a
fff7fffefff600070002fffd0000fffd
fffb0005fff7000afff9fffdfffa0001
00030005fffd0006fffffffd00030002
000a00070007fff7fff70002fffefffe
0006fff8fffefffffffdfffd0006fffa
0003fffe0007000600030005fff80000
0006fff80006ffff0007fffa00020004
fff90009fff9fffa0005fffafffdffff
0008fff70006fffe0006ffff00080007
fff80003fffefffb0002fff900040006
00090007fffcfff600090001fffb0001
0006fffc00070004000200070004fff7
fff7fffffffe00000003000afff9fff7
00000001000400010003fff800060007
00000002fff800060002000a0005ffff
000400050006fff8fff900060000ffff
fffbfffcfffbfffbfffa00030004fffe
fffcfff6fffdfffb0003fffd0006fffe
fffefffefff600080008fffbfffc0009
0006fffbfff80002000800030008fffb
00090005000600040001000a0009fffb
fffffff700070000fff70007fff8000a
000700020001fffdffff0004fff6fff7
0005fffbfffe00030004fff9fffefffe
000900090003fff80006fffa0006fffe
fff7fff9fff60007fffb00060002fff8
0001ffff0008fffcfffe0003fffbfff9
fff7fffcfff7fffd0002fff8fff7fffe
fff700090002fff60000fff8000a000a
fffb0007fffbfff7fffa0005fffb0003
0008fffcfff60005fffc000afff70009
000500000008fffb0006000600010009
0008fffb0008fffd00020008ffff000a
fff80004000600030008000afffdfff8
00060005000500080002fff6fffafffc
fffafff7fff60004fffb00030007fffd
00090004000afff8fffffff6fffb0004
0004fffbfffafffafff60001fffcfffd
fff9fff8000700080008fff8fffafffa
fffb000400020002fff60003000a0009
fffcfffeffff00020009fffffff70004
fff7fffd00090001fff9fff80004fff7
fffffff7fff90003fff90007fffdfff7
fffbfffdfffffffdfff6fff60004fffc
00060001fffcfffc0008000600060008
0009000500060008fffc0007fffffffd
fffcfffe00020001fff6000100070004
fff6fffafff60002fffe0006fffcfff6
fff7000afffbfffd0000000400040002
0000000afff90004fffafffeffff000a
fffa0007fffefff6fffd000500010002
0004fffc0007fffd00070008fff9fffa
fff9fffdfffbfff7fff800050001fffa
00080001fffbfffffffb000200000000
000a0004fffd000600060009ffff000a
fffefffafff6fffe00020002fffbfff9
fff8fffb00010009fffd00060001fffc
000000030000fffefff60009fffffff6
fff9000afffb0006fff7fff9fff9fff9
0002fffefffdfffafffe00000004fffa
fff80005ffff00050002fffb00000004
fffcfffe0003fff8fff9fffb0008000a
fffc0007fff7000afffbfff80004000a
fffcfffcfffdfffa00030009fff8fffc
000700000004fffb000600020009fffc
fff800080008fffa0002fffc00060005
00050008fffcfff6fffc0008fffaffff
0000fffa000500090005000a000affff
00020003fffc0004fff7fffe00010002
000300060005fff9fffdfff9fff90000
fff80004fff7fff80007000200010007
fff7fff8fffdfff60002fffa0003000a
0002ffff00090001fffcfffc0001fff8
fff7fff7000000010009fffc0006fff7
0008fff7000a0002000a0005fffd0004
0002fff9fffe0000fff900030006fff8
fff7fff70002000900090000fffc0009
fffb0004fff8fffc000a000900000004
0002fffbfffbfff7000600090008ffff
fffe0001000a00020008fffafffa0003
fffdfffe000900090003000000050007
ffff0007fffafffc000900070005fff8
fffe00040005ffff0006fffdfffc0002
000afff8000a0005fffc0007fff90005
fff700070000ffff0003000affffffff
0004000000070008fff800030006000a
fffc000300050001fff900040003ffff
fffefffafff8fff90009fff6fff9000a
0001fffafffb0004000700010000ffff
fffc0003fffcfffdfffffffffffa0008
0000fff9fffcfffe000300070009fffd
000900060000fffe0005000afff70001
fff70009fffa00080003fff6fffcfff6
00070002000000090009fff6fffe0001
fff9fff90007000000080007fffe0000
0004fffe000400000009fffefffcfff6
fffcfffffff90001fff6fff80006fffd
fff8fffbfffe0009fffdfff800010006
0002fff7fff8fffcfffafff8fff60004
0007fffefff6fffffffefffc0002fffa
fffd0003ffff0003000a0001fffb0007
fffcfff9000000000003fffa00080007
fff7fffaffffffff000a00090005fffb
0007fffffffc0009fffb000a00000009
fffbfffb0005fff700010006fff9fffd
fffafffc000900000001fffb00060008
fff700090001fffb0009fff900000000
ffff0008fffbfff60008000afff80004
0009fffd000a0004fffd000a00030005
00070002000800020004000900010006
0001000a0005fff8000afff60004fff7
00040002fffcfff80005fffd0000ffff
fffc00040003fffa00020009fffbfffe
0005fffd0003000100030009fff90003
00090006ffff000afffb00060005fff7
0007000400020001fff60000fffa0007
00080000ffff00010009fffa00080008
fff8fffafffe0006fffb000afffd0005
00030002fff80007fffcffff0009fff6
00090009fffcfffa0008000400050008
fffdfffe00020008fffc0008fffcffff
0000fff7fff6fff900070000fffefffa
0003fffdfffffffefff8fff700010000
0006fffc0000fff700060000fffbffff
fffc0009000000070008fff8fffa0006
ffff000afffdfffb0003000100000000
0002fffffffffffd0003fffa00070003
fff6ffff0007fffafffd00050006fffb
00050001000afff8fffe000a00060006
fffe000700060002fffffff6fff60000
000a0003000500070005fffbfff70009
0007fffafffc0008fff90009fff7fffc
fff60004fffafff70005fffffff7fff6
fffe0005000a0009000000060007fffc
fffb0001fffa000afffffffffff7fff8
0009fffc0002fff9fffcfffdfffb0004
fff6fffdfffafff70005fff800040003
fffb0002fffd000a0002fffc00020006
fff700020009000000060008fffb0002
00030008fff7fffffff6fffbfff90005
0002fffbfff8fff800010001fff7fff9
fff8000500060000fffb000afff60003
0009000900050006000a000400040009
0005fff60007000afffb0009fffd0002
fff90009fffc0003fff8000200020009
0005000800000007fff900060001fffc
fffafffb00090002fff60006fffafff9
fff8000a0006fffafff80008fffe0000
0001fffafffefffcfffbfffa0008000a
0004fffafffdfff6fff6fffefff6fff9
00070003fffc0002fff90003fffd0006
00080002fffffff6fffcfffbfffcffff
fffafffffffe00070005fffefffc0006
0006fff8fffb0008fff6fffd0002fff8
00050001fff6fffffffefffa000a0003
0007000800070003ffff0007fffa000a
000600090000ffff0001fffffff7fffd
fffa0002fff800090008fffcfffe0001
000300070003fff8fff60002000a0005
fff80008fffcfff7fff80005fffffffa
00010003fffc0000fff6fff600060005
0006000300060006fff9000a00050004
fffd00050003fffefff90005fff7ffff
000600050009fff9fff900030005fff6
000afffc0006fff90009fffb00090001
fff6fff7fffe0000fffdfffa00080009
0009fffe0007fff800000000fffffffb
ffffffff000600090007fffe00040000
000100070002fff7000500000004fffe
fffe0006fffb000afffb000400020002
fffcfffffffafff6fffb0005fffffffd
000200010005000400080001fffafff7
fff9000500020006fffd0003fff7000a
00040000fff7fff90000fffd00090001
0004000afffafffe0009000200040009
fffdfffdfffcfffe0008000900080003
fffffff90009fff60005000900060003
fff8fff90000fffcfff60000fff6fffd
0004fffa000000020000fff80005fffb
fff6000a0006fff6fffcffff0005fffe
fff600060002fff70004000a00010002
0000000600090003000400080002fffe
0001fffe00060002fffa0007fffb000a
00040003fffafffb000afffa0007fff7
000300010004000a00070002fffdfff7
0000fff8fffbfff700030008fffdfffb
0001000900030006000700030008fffb
00040006fffb0006fff9fff8fff90000
000affff0006fff90006fff8fff8fffc
0001fffbfff700030005fffdfff6fff6
fff7fffcfff9000200050005fffc0000
fff80000fff700030000000400000008
00050001fffffff90003fffffffc0008
0001fffa0003fffe0005fffcffff0009
0007fff9fff900000000000500070001
0006ffff00030007000afff700040008
fff8fff7000a0009fffd000000090004
0008fffd000afffdfffc000afffd0003
fff8fff8fffe00030003fff6000afffe
fff7000700020009fffffffdfffb0006
fff700070004fffffffcfffa0004fffd
0003fffcfff9fffd0004fffdfffb0003
fff9fff70000fffcfff9fff800040009
000600040002000500000009ffff0002
0006000a0008fffe0002fff90005000a
fffb0003fff6fffa0003fffffffe0002
fffc000100050009fffbfff7ffff000a
fffefffdfffe0005fff8000100070005
0003000300070004000afff8000afff6
0000fffafffefffefff90006fff9000a
fffa000800050008000600030006fffd
fff8fffa000500070008fffcfff8fffb
fffe00070005fffe0006fff7fffffffb
00090001fff6fff600020008fff8fffe
0000fffafff8fffeffff0001fff70001
0009fff7fff7000a000afff7fffbfffc
00010008fffffffc0003000afffbfffd
fffc0002fffd000a00060009ffff0006
0007ffff0000fffd000100020002000a
fffb0002fffbfffffffbffff000a0006
fffa00070007fff6fffcfff9fff7fff9
0005ffff000000060004fff7000a0000
fffd0008000400010001fffa0006fffd
fff9fffd0006fff9fffffff900080002
0007fffbfff600060000fff9fff80007
0009fffffffd0005fff700090007ffff
0002fff60004fffc0001000a0006fff9
fffa0008fffffffc00020000fffd000a
fff8fff90009fff7fffb000300000003
0004fff9fff8fff9fffffff8fff90001
00040009000afffcfffc0009fffffffe
fff7fffafffc0000fffbfffe0003fff8
0002fffa0005000000030004fffe000a
fff70001000a00030001fffdfffb0009
000700060007fffffffa00030007000a
0002000000090008000afff900070008
00090004fffc000afffffffdfff8fff6
0005fffffffefffb0009fffcffff0002
fff600050005000a00060001fff90007
0005fffe00050001fffb00030008fffa
0005fffa0005ffff00050001fffd0003
ffff00070003000900040009fffffffc
fffbffff0000000afffdfffd00070002
fffc0008000800000003fff8fffa0000
000afffbfff9000a0009000300030006
0001fffe0003fff700080003fffefff8
fffe000400030006fffd000afffbfffb
0007fffe000afffb0009fff9fffffff6
0005fffefff6fffb0003fffc0007fff7
000afff7fff80008fffafffc00060003
fffbfff9fffcfff9fffbfff7ffff0007
fff8fffa0001fffcfff70005fffe0007
fff6fff9fffffffd0000000600000009
0003fff8fffc0006fff9fff7fffb0005
00060007fff8fffafffbfffd0006fffb
00090007000a00050009fffffff90001
fff7ffff0004000200020001fffc0005
0004fffbfffd0007fff7fffbfff90005
fffd00030008fff60005000700030003
fffe0008fffb0000fff8000600020000
0001fffbfffa0004fff8000100050008
0003000800060001fff600030000fffe
fff600080006fff6fffffffa0000fff7
fffcfff60001fffdfff6fffefffc0008
0009fffffffefff8fffd0005fffcfffb
fffafffb0005fffa0003000000040002
0008ffffffff000a0001fffcfffb0008
fffc00080005fff80001fff700070009
fffdfffcfffe0004fff90003ffff0008
00070004fff7000afff6000400070000
000200080009fffefffb00040004fffc
0007fff8000100070000ffff00020001
fffafff7fffdfffd0000fffa00050006
0008fff7fff8fff70002000400040008
00090001000000080009000000060009
fff9fff6fffd0003fffefffefff6fffa
00090008ffff0008fffafffcfffdfffc
00010001fffb00010006fffe0002fff8
fff90008000400090006fffafffa0006
0007fff600020000000500060003fff9
fffd0001ffff0001fffa000900020005
fff90000000afff9000a00020000fffe
00070000000a00010005ffff0000fff9
0007fff8fffafff9fff9fffdfff9fffa
fffafffffffb0003fffa00020006fff9
0004fffb0002fff8000000060008fff7
ffff00060002fff6fffcfff6fffefffa
0005fff900090009fff7fffbfffe0006
fffcfffcfff7fffafff8fff600090007
0007ffffffff000700070006fffefff8
fff60004fffd0006fff7fffdfff60008
000000080006000800060000fffa0004
0006000a000afffbfff60005fffc0007
fff60005fffdfff80004fffffff7ffff
0000fff9fffe0006fffcfffdfffffff6
fff700010003fffcfffb00010009000a
000a000000030002fffc000500000007
fff9fffdfffa0001000500020002fff8
07d405a9f665ff300003fffdfff9ffff
fb49fecf13f00bc30a0b07d202a7f9b1
f9f60310fc37dfa00202f16cfc5b08c3
f1f0f54ee7f8ef92eb21f4cff06e0a08
0dadf41f12c9e009f085017ef0390a90
0271fa030018021b0c34f63f032203f9
ed15005e0fbbec4bed84fb8aed2df128
0f7cf3c303c3f1980835089eea1d2194
f0be046f078df108ff97fe3100b3fd1c
171f09edf31ef0f405dafdb60c731a07
fb18f8be18c3f857f685f9cdfaed0a07
f692189f07ad0a2613fb00a6fd92fcc8
fa191d61000b00810532e385f086fe6f
0532f963f520014af0cb139309551db0
fd99033106e50686fb5608cfed1b02be
1accf41f02060bd4f2f3ffe00273fb4a
f498faf9f990ffe5f5b1f142ff25ddf8
eb0bf900f29d0e340267122003baff93
031aff2b03490595016b1950edc908fa
f92e0ef1ea18fe94f7d9fb0f0da30392
113f01080fb8fd6a150101d2076c0e05
17f2026b0d54fc11fc8219eb1458168e
ee65f2f60ad508df029a095ef3ba137a
f4bdf476dd2f0f67f31913c9fb37e935
e40a07e1fe0af2f90295f3f501970029
0292fde809e90b5f08e7ff66e994f90c
13601492056aff7407e00a3f0bf50dce
0b78059a120c1374eb4d0244fbde05ac
f6dc0f53076fee540403f892ead806e4
04b4f374ecd70c6e03a207ef0e270c55
ec8d0f6a036cfdc9fab2fd580320f760
0e84fd3af6f40a510778f668f3a8fe4d
12e7f293075ffd9cf4b1fbff16bfef9f
f9301b7603b20fb903bbfa7ffd70f206
f6c3f986f00df85df996dfeafcfcf5fb
fdac0398005005cc0280fd53031af027
ff55134fff62fd3410a8127904771004
008a0f57f125e24603f7d10a17c110fb
0d7c057b098cf0a00336029d045f0baa
020ffddee6e90674e84ceaeb02cb0722
2176fbbe0a58e645fc2709910618fa78
f876095dd64626beefa0ed721ea1f974
ff4bfe2b028bebe8e35b21eef41b0581
01c9f4c4f0520d0dfdece44af5de0162
0649ede00135f83c02b00cb5121ee7f7
141dfba0fce60e30f0940cbb0508f978
0406162a09801e69c77220dcd49a1484
112ee138f9621ca7f8f22a8cf3720404
01ce0ae80324f245f9a901f60cb2fb91
061f220fe8031b40e01ffbacf1010284
f9930e3302dd04b60967f2720df401ee
1b0efcb2fc2ffaebf542102cfba613a6
02bbeb4ff04afd79e856ff690bc60198
139a000ee666ff79e9b3010e031df18b
f45ce8abf5290555f0d8f153110debe2
24b202e104d4f2b7018cf3fefb6ae782
e808f72512c9171b0a70ede81b7be963
f43d14ae079f046e0a730d70dd24f31e
f5de0c58fe7efe2d0845ef84fc130c7d
001b07ecf45b09180983fb500d980418
0713fd8dfbb105a9f0660ef1fc6afab9
e6ba1d34e7b6f3f0f4bfe23d047d067c
0b99f897fa0ee641043cececf8cb0142
08f9fe95f3ab06c8e3e5126e09d41d74
fecbefde043c03c805a2fc7d0087ec57
ffb900d406980cb9fac211e6f853f852
fe501772ecf204c90499f49607e00062
0b5ff5700e29ee4c06a7e76f095af666
1895db6cf230d78df912031f0daa11a3
f6a8efaff217f693fc18f2fa1521eee5
0131eda2ed28116f026af8ca1224e074
fd9af17f01e6e52bf873ffe8fc37ea05
102607bc0627033e021ff94e03cb0b57
ed52f382ff22f52bf7b10342f979fcc7
0595120cee5b0ffbf769fbfcf7d1fddf
05ccfeb51dda0b73097f032800c6fdda
091bf535f4fefcbd0751f4140a6dec4f
f70ffc831456fd9304dc197fffb70dbd
00c307c0ef4ffc600207f0d9fed8ff0b
f9b8edb3ecd709b9fb820c3b0812009e
1af9febb194edeed0324f4330aa0f6ac
ff3cfe4fe6310a73092900310dcf0c4c
12cfffa61e96fbaef80df9331189f506
007006900c0818b71318fd58f192ef38
097f10290316fd6b004ff0f608fff563
fe13fdcdfa79f7cb01f5099c0cbb0f09
08d6ff6d048af8bf06f7efe1fba6096e
09f7e5f7fe960cb2fe9a1f4a17fef974
0ae8f79a12d7fa540bad189efb0c0cf8
fef2050df67f0f48019902bd1160f9c9
0b3b0129142ded331666080a156d0ac2
f37210ebed6befb0ef38e0b2fafe0fc6
f5d3033f0657ed1c0da9e250fc6defe1
0fae1115ec86f404f5e0f67105db11da
f7a1034d168f0117f715fd11fb870dd6
183f079705d8f3ab0507fae9f0e00061
fc95ff1a0ece021cf753e08c048efbaf
0761f9f60522efbb0c150537fba8f1c1
f7af04b90392049e0840ee0c019504ba
16bd1192f2aa00d0115601061f22f7d2
fcc202ff04130703fde201cf0e740f15
12a8faf5ec2a0411030c123912100afe
0c941119fbc30f6eee4b22180e741165
f84efc09f4180022f74decb705c80413
00f7fb0a0c7ee0dd0cd4f78800cff980
f881fd260fd0fcdc0d1bfcfffd0608c7
078c035c0c06e6ea0449011ef43613a2
034d1f12eac6035bfb4af92a065d0653
f4fefe8f11b20827094101b711621f44
e5dafdf6f1b2fb910aa3150ced48fc17
052a0faa1aa6100a0c01f323fcbc0636
fc4808a309f4e058fbc9f9c5ebc2ffa3
fd9110170f7e0a3b1694ff4cfc7a22da
113cf23bfe2005e6e5db0edbf6120151
0f19efa91807ec520a32fc2ffef3fc49
e710f615f6e514e5056c188107b001d5
0bdcf7bf05f60b88f9e12371f3d1068e
df1c07620a9208c10155ecc0ec6aefb2
19d8f96a00fefd7002d4f514f214ea34
030c080cee81f597e88c08e508b80ea4
0cc1168b185d01ddf3f6f9ebfa230ba9
f8121632f4e3f614f266ee30e8060da7
fdc204a9ff24ee770754efea06bb0d84
f9bfeff2fb2efdd803be0ff80b82110f
f7bb11340322ed92fe08f3f6ead700cb
16d9f9c6feb819b4fde6f70a0b03fd11
ea7e0ba9ecfa172d00e214970942ee58
11d4e1b0f334f39af6deff4609900420
f8701ed9ef10119ef6b8024b083aecf5
00a317da00921aeb09a8f6280e560881
03f6ff8012f21705164d004306afe83b
f24ff6fbf7b0e8f6f0fcf9e7f9950621
e381f1da02fa16b1063a0876e956f271
172f050df88a0a12f56317c3f37efcc9
fddfe8941c59fca1fd7607abfe0e06b8
15f40e54f6e2f20f0fbcf60503c8f3ec
e975ee6bff94086cec9711d30efd13d3
fcb70154f3fee98b098a0f81e7390d9a
fc0bfd8602a7f5860f9beb111c0dfe7a
f43af7f4eceee160fef1f9cb01bb13dc
088b07fafb1a16c0f1d50c3ef639f4ce
0ccdfc4d0197f60008f0ef5e17e60c48
fb29f0671037ff32eda40de7ee0beb42
08d9f68009a6162bfccd1262e80e0ec0
ebbe06a803eeecac10f3071a0aa3f1f9
f1b7fded04ae1ce6049a09b5ef6014d5
0f4af255f1f6dff8fa10fa70f4c0f66c
114b14a9feec149af376fbd0193cf935
f168f8ac0931185410160971027906c6
0c1ee716ef38ee7a03a51b9b06cff655
f593e73bf396fe25f4260c24126c13bd
026c0e380bffefca0188099af0fcf701
0467fd8bf7f61ad2e1dcfc3eec560fd6
e49e10eff30d09cdfea01676fdcaf327
f04efe44028a038117e40c0afb3c1cc7
0323fae4edbaf0dcfe26047a080a08fe
f1d7ea1fef19ff7bf4dcfd89016afd79
fceeebb5e189f075eeb60128026bf13c
fab2f990fc82fadd00f4fb6805edf430
0de801a10f76f6c2fb68f2f5f90a0011
0632e3530690f175057c06b301bbf88f
fabd155f1402fe9a1824fa2e050d0a68
0f13ff31f0af16ea162b00e01c42f08e
ec131b2d04451290120701bc1accfdeb
1197f33e0d02e80d002e02ebf7ca1018
0b13ec83eb5becaaeee8f55df7a30710
0b5f01ef084204cce9cdfe4413aaf25f
f526eaeb060c042410cd1028ed99ffed
fd79f913f3171134e4831299fc26fbc4
fbcc06d4fac0079204cf0398f4e6f0eb
ffbc0f53ff3c07281171085d18e9090b
042ff83a0c89e7d8f128f013f3251195
f2a8e273036ff920fbaf1652ec7f01fb
f7191c8e06d80ee5ed9c0553e18f0108
fef91c9dfb0cf4de015ef55ff0000eac
105c053a0da30f5dff65f46406f10a53
f41101970465d456fe39fc80f76c0ebc
f4cce7fdf1320836161ffb810dce0889
115a0576179cf1c2f8a3fb96f908ea99
09de0aa017f70149049512d7f9491b65
de87f1d70931f07b0017e5d9ea66017e
12e0fd240350ec130a140bdeed2f00f6
f844f770e30afbd1ececf1ce0fdd0682
f7870265f5f2fba8007013500c1c05c6
eaa1f6280a1c054dfde01494ecd112bc
0fc1fe6cfcbcdf9ff98cfdd1ea520b1d
fb1b10020f6b0bc80cb5fa260e130d87
1441f1150f4611681ebffd360bbfee91
0c3af3d4efbc05d3011a16531895f581
fdd60046f194f0d0fcee02e120ee05b3
0b900998f0790c89f976ebdcfcfefae2
fd40e6d1ff5de58efa57f1671533ed89
090af152ee110ccf064d0cbc05e5ff51
11c5f0e71b9ff1f8f414054e02c9efe7
efd5047ceaa4ecc4116201a50cc40d1e
f5420a09f2a7ed6ef48cf2d0025614ae
eb150821f9110908f458fcf9efcf01dd
ebc5edc8fa27f5cd0ac71acaf5441853
090d0c960b270d8908da14a0f4c10979
1c790d3ff975f11aff3bfc8b18ca0f4c
f7f400ebe8d302e7fafe00ae10c913e3
030efe1e01f0ed2cebb807b40c850614
f39c062e03fa0275024cf79cd90f1064
167d0cc7016e0344f250069b0973f7c3
fc9f05000055e9430223f4cbfdd71af4
ed1918fef4ee108d173f0f6d1440108c
07660ae2fdb610730c1cf6f0118405d2
f46bf2471c69f6700eee0567fac7fc58
140d0508206006f0217d0132fac501a4
fb8f016af57416b60fac044919e3f4f3
159207f4136207a90bb0f4e70b60edb8
03c211a4fd9c0848e4ebf217f8deeeeb
1b1a0d870a71f45303b2e7d8f76f09f9
138ef11bfcd70b47e9d900b61250f278
f14c0341eafdf582faefe46c0758eedf
fe19f21a023d0167fb721912f7c8fd01
1978f0e71735f4d221adf70415fa0ce9
f68aff76f5eeed63011cfe330c03e9e7
1e73faaa138805a5018d01c406d316c2
064f05b4094ce3af1ed3f15b167bf516
f7130882f9a9058bead5f00e05c60378
18ebfda710d408740f0d18e2f4cb1364
0c41e2d312a00311eaed0d2cfdc6f87d
f2edf321f78702a618180e360b17f9a4
0986ef9a05731778f63318edf979f715
0287031f15f903b50e04fc5b06dae959
0c3cefdf1a28f40effeef1bbe7ccfabb
fd0b1349ffc4fc5b17d8e4210d80e4c5
ff9af720fe0905a90afeecd4190af7d0
e517f9720e2ff03a0929fec9f168f34c
f942fa3b03b6e2fa01a3e816e71b0038
ffb1e5ccec35f38d1006093c0c360e04
f8ab045e0a9efea8eee1069c0493f7f3
f7c5019bdd9112790df5ffa3f982fda6
ff2e0081ff4cf416ee7b0e14152b0717
0713dd60fbfeec3dfabb067aeccd0fab
fe1cedea05ece52601560a8308b80808
fcee1856f09afc8ef90dea15fd16f0cb
ea2d0a26e7bcf115f70fe9c904bb1232
ef9b00a0f5da0d21f9e60790f3380013
f0d7008ff42ff3aa04e416b1017c11f7
101ffcef0000e9fc0adff9fffc3d1f19
172002cf05a90a6ff86c015e2233f56f
0d2310af043bf764f60ff5aaedee05ef
09a3f0d5193f00e506280f4a15e21323
fca2ff5a05710922066811b5ea09fe78
1527f8800d80e4d1fad607d202cc1287
1db1fc421158f212ebfcf35df62a0ac7
f469fd441abb00191075e7b7ff13ec64
07f3ef1a00c2f0480e3bf921fc15ebde
f4a11818ea0b03fe03440b4f16791536
f4760319e47400bbf3ccf06103a1fb1c
04df080a000def69f207f77cfe620b58
0c7aedbe0548f723fa431b09f06115f6
f19c24d6f40503a70179f41112c50ba7
f8ddf55ef48f139718270d060b87074e
ffb7efebe650f262fb0cef690ff6ed02
0fa5193e05cf117d027f05fb1c01f533
f19e019f0b22eef90bc0f4fbf01c09f7
056cf46fec31fc3d0bc808401eaf1a77
e9dbe972027bfa86057a0504ff5ce85f
e291f718efb202620c0a0850ff3507c8
074c1dfbe78713eaf3da0607f6daedff
039505a0ee960a24ef79f1cb0c82095c
f22df4ceeb7202a608a3164119ab02dd
fb47fa3f0b96e5e302b9f103f981fbec
04d30b41030b0f0dff71f7c2f5380176
09dc1480fa5c0486dd800790f072fc5e
01c7fd52f43809aa0119e4db011001c1
1aacff651062fef7f0b710d406d9f0d6
0e48fa99f40004b3fe1016ba01f21a92
df79fdd0f1cefa14020c007e1e54055d
10b5f27a117fee860923f110eec2f1cc
f162f6cf24cbf3930216f083e801fd00
144c0af8fb62f2701a54f2de04ccf1d4
0751f7fe05c702fefeb1f69014a909e7
00290735fb7a06460a180b61102df699
0ea70bf90b15034202ed026101b10753
0a75184208e2052af0a61129fb6d2057
05fcfdab019b039ef86b0991f67b0f99
f81a0a34fef9f101faf2056a00a01609
de630513edf0ec5008ffe7dbfba2017e
0a2e048a028e05ceed7cf199ef1f075a
f00cf2b8e9570b69ec9e1431e971f02c
0b991adaf83a0b09ff78f8c6133001f0
17b9fd91f8b5e76bef5d04c0fccb0b7e
0149136d07edf8faebf4f05009ed1cf3
fcbde88bfde8faae02fce965f1a2ee93
15a9f6241326f773f5580b72f28bec99
fb58117ffe860a7a028b0cfd0fbf1e79
e66e06cceadafe14fb05f1ebecccec85
117e04590ddbfc7e0863f1170e2c0e44
fffa0fa4e4850486f25ff291f83feb5d
0d35fe56fcae1cb7eba1fc931170f8f7
0186f1210947e83d122d0a2e06bdfffc
fe750bbcfffd0f52e9b1fd68eff1f53e
fc37021ef33feff507e10d8b06f3210f
fe94f8f3187defd116e6046d07b80566
f8d3201de553ff0700fbf45205d11a98
04fcdf6cf675ef35e63100defe37fe32
0d0114f10d73feef106f0076026c0c80
0b7ceb18f5b10149fdf5f745179ef1ca
f99d2147f6fe03dee5f9f9f2f99afbec
fabb124ffc74173efbfdededf069f71a
02abffcef4d5015afe9412d20aca139e
f5eaf59b19590a5f096ce86dfc66e6f2
e7c9ee170935f3180951fedfe7f8e99e
23e8066f0d7f06dbf4c704cae4e4fe94
edea04a504dff65cf7910bb7075b101f
19b2f8b90cb802e0ed53f017e0e90354
ee2df7860f17fd91fd54058bf047ebec
0456105cf0880dcb0e5d09aa08d808b4
f9d9fa7afb4feaedf5f2f5fe022c079a
ea8bf345ffa0f4cf125e085d08d70b53
f100ecc4e9680d0907b1162efa730b3c
fa45f4edf32b01aa008d09fa0ea1e70e
154deea0f424f360ec1e101efde71032
e73d18e40c3e14d705f203fc0672ff2b
0b9a0136ff571c2611720445f879f52b
f85019f9eef3fd6de2bfed010275f4ce
12f0ff84006af6a1eecbea8febb1ff84
1417fe62ffc802920ec3f9de1f41fccf
f478fa0ff55f0842e2b807c902b7fb98
ed42f792eac0eb6b131eefdcfc87edfa
f6d4f9e7f2910ec6089607831c740dc5
eeca0ecafe8afed1124cfbee0248deb7
f84d109bf63c0858f85ceaf3f8981523
ec4ee19bf771e355070ef81303b1edd2
fef4f5cc01c1f97dfefb0b3fece10976
f88507c0e9fcf8a109d1ffa51877067a
fe4affdcfa7efc9b0d3af65a0b43f980
006e096d058300bb1341fe9a1da70c70
fb64ea5103bbff5c062813adf68206a7
1294f0a7f3b8eb28dbe4f812f656f6b8
fd07fef803ace7b5f056f825f4cc0aee
033cdeb5fd46f1fafdfffee2fc8ff96c
fd20024e1d1fea330446f97ef7bc054d
0511fae10095ff20138103f8f8d9fad1
ffdd09ef07a9071d04d9f4ae115b095c
093ee6d40793097b1235169604bbf045
f4220926f8f2078c08fd01160d6800b9
fd0de5f9f15a012b016803cf0c92ee9e
f3e700c2f986f0b2ffa7155ffbe50ea5
edc6fec30ff00f721f2507bb0d1409a5
ff63f415f401ff7d0e6e258ef8da117b
04bdfcfe05bae66b0c70edb11bd1ff1b
00060e4f07ef18fced821170f13c0f78
f510ed6e1d24f6941cf6fa53ef28f6e3
04a1f6f21013108d186015720b73fe48
eed706a01644f023064afcfaed37fce6
fd2efcd6f8ba13ed0642f400efe8fb77
f410135f0a7808cd01ce04e405e6eea3
fc64ff67febd0d8a214d00e8fb140907
07ad0a7109a709fcf7c90940119ffec4
fc40f3b1fd7006680d950bc6f85bffe0
ec010b3804cdf2ccf7031721ff081ab3
fdf0fb54f84201fefee2fccbe88f0bde
00a30dca0104e9d7eb48020ff2a20ac2
ed280554f1f2f20ee514e55fed620e1b
045cf89b070cf597141c0028f4d90442
0929067917511744010d0ca007d801dc
05a6fdc0fc4c11a0fe800a61f7f5f8ee
fe4f08441389140ef83cff09f4ddedb6
e77bf49c071dec58064300c6f5ae02f3
ffb6faa6f3f10e6bf8a306d7d8ed04d4
0f63e7bf0290f7f9ea25012c0ebaedab
ea2a034decbc1469088b0d4ffa23f704
014bff62190213e505a4f97b06ccee24
ef3ff874f3990fadf60b111edf79ed18
059a1551f9b9f534fcf8e3e40129f834
0b25163308761c9bff7006d4053702f9
0edaeb85eb06f205e9b3fe12fe780845
01761001ef65fc96e1e7ee0c04c2f207
ff74e12cf6ad0c84157d028e134bf5ea
ff10187001fdff850c2f0871190bf414
fb87ff68107ff048fb6be82af027098e
e6250ad1fa5512960935f3d0f408f8d1
f1b7f00c1138fb8512f6f5daf701e5a0
0008fc501235077308f60bf8ed9ffe9e
10f5018a0031faaeeddd0008ed4d039e
f665f2b4127f0cd40961fcc60882ed82
f75513bdeb9ff2fb0bfb063cf9f60731
fcb1e3eaedd5e945f072fc120fb212d3
15c7182e0ea5f3e20192fc28f8a604ad
e752eb2ef7baeb8a02e3f90c110012e1
e39df5e7ec51f9bc062e0ee1ee8e0682
fc1b04cae1df0b29ff8e15ab10a60b5b
0dadf941194eff3106aaf2eefda1fa13
1210ea9ae5bbfe6dfcf400621480ee39
f4371211f817f0d8edbeeffe0e02f3ec
137b0ac5f65919d2fb9cf621f851015f
f0f60b5a11aafdf8013c14150e5a042e
154ff619f53ef91df664e8b6e4cb0cd4
0680f8fa15a8fff1e9a9ffae03fee1ca
05c3fe8a09b307d60cce18cbf43e1786
0e97f6bc23c1faabfe6a00deef3ef9ef
f642029eeb02f117fecef0010d1efba4
fbe30cc60d6904ee06e71030eb6610be
10b60758f6220ad0ffabe73218bafc24
ffd009b6e76b005af15ef328fddce521
068def8e0ccf0cfaf2df0cc90d970f89
0042f342e33ffc6df79cfee4f112e5cd
0d920ee7214afd100431fc49101ef7d9
e4cb08dbf1a5f3eb0960fadafb301cb3
0592f34fe486042bf4d009d2f6aa0066
1a8310ee0d98f339e4a5fdea0d4c07eb
17c3fee5046bf2c3f4f0f2f7e98c0e9a
f73201ea09701035f5e1fa7c1375f6a2
f99d0273edd4ec240fe7e4fef23be9b8
fd0ee208f79bf247ee02f7b910920497
0768f118f8ea0611ea9e0fb9e7faebc9
06f2029c13a5f32af7feffc3f7d6020f
1786f76f04a2f0c106eaf7dd003c040f
165700a0170ce675033bf41c10cb07b6
08b1fd860504feee0499036f09ff0a84
f8530e6206c9101d0c3ffdbf022afa0b
1b90115705660907f9cb02c7060504c6
ec79f37dfdd11936f99813aaf88a01c4
fac80799ee78ea86fb481d080225184c
ec42e514eee80263f892112ff8ea1b54
095318a9101510abfa45fd8df371ef6c
10bd0ade1973f2c50cbbf33bfb44f8fd
f7250ed1fbc4ff3f09c1ef7005cb1c1a
1691fbc9f3b607c2eec305db07b1ef03
031dfff9f425e8e2f955e2fa08f900bb
fc9df69cf94bfb12fe0502701386faca
f3a6fb31f92efde8f09c10a5eff91141
05b00b5f154f11b10fdcf378f105ef95
2092016afdec03d8ef0df15c0720ef11
e729f178f33b00b5024fe8a40d29e606
ea9bf48f0f3c0220066b024bf57ee8fb
f25e0f02f05505440c84046eed3100c3
0a3ff7de263114f2fd89f9ddf6fdf67e
1685f980fb3ef302fca91a16f1900318
f7b013f0060f1729077cf82519cf03c4
f2d60af5f5d113ffeb21f966e994f225
16baea160c2b127418ce03170126ebdd
0235119b0e280947ef7703630c30e9a0
0b2ef7640febe5fb113ff741f08a0f2d
0381f90904d8f70ceb6cfc0efaeb09c4
0f64f3e2f35107faeebcf24cf621e8ce
03060f3c1f290688ff0ef7e70144e638
eee3f698f30f0d6800270c27ec29096f
02d8145ee8a409b9fd0e1ff50a8a0afe
098109abfba3ed0eeb7ffe4f05661dae
039efe261321f623f95500d1f1751efd
f09e0078febdeeb315af02b50240fdc9
1aca0844170d06450f49026e07131c3f
08300748f839eae2f216052302a90427
098d1b2a013a18ec0121f0c00f4f0e4e
082ded2e1726f75af32910eff2bc0607
fcd8f3b61981fa720a2af9f5ea9efa50
ff50eb6ffa93f75608d7f53100f8efc0
1a2ff4be04f4ffc4e0aafeaff1a7eaca
f23f02b2edd4068fea7cfe65ffd6f142
ef4f149912c1fbd0fdb8047ce8b010ea
032af2a00589eb9cfe73fcfae4000bca
03c70b931098011efc4fed0df7580b98
fcfeef8ffdf408da072afcaffca5d6bc
ef6e1301fd31f9daff52f53b049a0ae5
00b6faee16b90af8042001bee52df6c1
f0b2e2b3f35df586e80f1294eb3209d3
efdd01b4f4fff8d003e012b1f1880851
10a0ffcefaf61f4bf82906eb04e2fdd9
f21310ceeea21e9ef4311b0d03a3f5dc
fceef6e9edbbf0bbf9461238006c1abc
ee2e1201f5190ebe08810fa10c700f97
ee4eff74fd20f77f1985ec6d0d6d0378
ea7511ac0d3f0f1b120f0871f648f36c
04a21657f657f27c0abaf03d00ec19c1
01cfeeb41541f32d198e06b10c850ec7
109d039ff739ff4ded8df299074ff9ff
02601c4603cf1ae1f835221def360c06
0aa6f774118dfe0f02040310116c164d
f70c1e51f6670c96fb6d007fe808fd29
fe7903e616af16e100332100035d18e5
f9dcf7340115f60b1619f3dbf55005b0
f81a16f3f0110bede30b025af57cecf7
13e9188af34509c7ff0ce66d06280772
0f7df5c6fc5efb01ea20130408880ba2
06e50d58e4e1f909f0edef0c0d73feb0
f9f905eef52e133c016d0dc314b10eeb
086f131502c11c020f0bfee80b3aebe1
f09bf38606d3071b12a92110143f138b
046402b9fd80fc870ee515effa3915de
10bfef0906a115e5ff8903de12d9f83a
0b94fd921ade0fa0136105d40857e48f
1a7503840e03f3c8ee480e74f1a702ee
fd91fd16fe1306e70001ed3a08690c4b
01eded7cf95fdf4efd4d10750453f519
025104170a96fe22f576ed75f43f14d7
207a11460f15015cfa53f63ff850e8a6
13c806ef14160dbbf0f8fbb6fb98093c
ee5bf3540c8cf45116c202f50e0901a1
ffb6e7301a98f1801261007fe8d8fcaf
04c2efaaf578f2f1fdd1f7e90350f240
0ae7f36c0ad2f9a4e594fd33f398f97d
00580b5e15d00a32fafe08fee595ef1f
f3fc1762f5dffb1d0286ff08fc0d2543
ef6204c709a707c60bc8f562fecdf178
07a41476f46f12ddee8f00e8e5500eb2
02b3fc84f1d703b0f034fbe50c73ed98
043c1a5a13991160f563f6bdf04ffd84
f8141f990b2f0fa6103fee88f6c4f790
01faf95df89b1d3414ad13670e9207de
119e0bee0aa906cb036a10791550ff08
ef1ae9d705d3ecbfee670208e8780eb3
0332f1060a1de6c6136dfe3efde402ab
f931050312b2034a085ef54cf5e4fb55
10e211ac00310510e87aede2f202ec06
e31ae4bc0738f75d056106f0efc50eaf
0a33f77ded7bf22cee251586f2c10188
10e2ff2115d9ed720fde05f70ca414e3
e1f80876f0a6fc04fa01056c02731e2c
088af23a0a3615e5065207eaf7e9eea7
072a055e0ab0ee41ed340e82dfdc0e00
1deaf516fdff05ccfe3b027516a609ed
101ae5b10193f479f1c00907fea2f92b
e41af759f7ade19d0129f6c51658fb43
f808fc8d00baebb51218f8c5ec3b0959
1047f511ffc1ec43e72a05a3f759164d
09c001dd148214710b2c04a506bffb13
f03affbaf491fe8208e601640141f404
eb9c037fffd0f3c80606dd2b0772f752
fdb3fcc8ff90f4d6196c0b88f73afe6b
f9bc1d3ff96e07e5f7d1ed5d0dbf0f91
024e0981fcf8f275e914f643e7fffb7d
0c4fe3f70a36f727fb5c04d4f1351cb6
079f183c09e8149f0c0b0c061384ef7b
0a99fb97ff9829570f71fd89096aef52
f4460b970ee502cd01ae1fc80e7901bd
020d0841fd1f03d8086a02e0ead1124f
fa7bfcf5fa1ff9e6f2720890062b1214
f1fb0b25f9b707effccf012bf79ffee7
e6850453fab1035bf193e8f0e39df4af
01b406cffa4efe5efa80f445f199f298
fbeaf7a30f4a0457f74cf74ded5bfb36
0afbdf0b192bfc58114b1027fcedf790
f30f0943ffaefd5912a9f356fd10eb18
13c5f152f704e6b8f9dbe6d51644f439
e23d0026fe3ff42e03c2066ff9a90f22
02f01656174efd44fee2eeadf3bffb94
eafcfe5b0b9407e10f3ef0bfde1b049f
13e703d7059b016317800a280ffcf5a6
05e31a70fd910fd7fc7eef9e1a07fe00
edbbf69ef9f1fb5fed96fe55e0d8062e
06c9e2c007bdf18b12efffaa1493f39c
f26e107a03b60cdd06c10e33ed4403ac
f3cff3bb0791e6af1389f9f812d301a9
f7350b9be96aedd90dd0f3c2fb3613e8
100008ab0ee411c7edae0b7e01f70749
f5fdfb90f2fef8800e58eb5b0d81f7d5
02f5fa48125cfb24e9420294e238f97f
0bd505e402021dc6f42410eaf85103f4
e5ade96610d6ebc202cb067de696f9c9
1fcc114d0ebff6a609a1ea08fce20002
e7c802cdffc4102bf5c20b98f8b3ff16
0ef20ffa00fef2e40b51077fffd41987
e2e6eff305a4f53d0cbae92007580157
ef1af269eec8f72d1796025305e2f1a5
feba011801baf395eb60fa9cec16025f
05b1fe83ef7c15e718910eb014010501
194bf40f04820f9d013405302016effb
edd01efdf6a7059d00c9f19a0d83e62d
0393f30905f50740f598f1b0edd507b1
f8ae1ba0fdb2067b1621f15204bde03d
0ed1f578f8f9104500e3f69417eefe11
f011fa9ff91bee69f00c0e17f8d3ffa6
0aa5fd0a158602c10a08f905f548017a
1507f27f06640666efc20e00f4cb01e3
1427f214f75fe95ae85300f1fc5cf3df
0e4afd85fed5f240f90701e815fe15e0
0b3a18290e11f374f3efe950f51cfaa3
ece6e316eaa90824fbca018dff100abc
f7a10627e4d3f6f9fb91115b0b2bf4ff
eb3af0d30ebfef7f1a3aed35072e0aad
fb5e0f760bc101c91a92f5890151ec85
f9f1103cfee5febfff8e141af7341d93
0671f83dfc2cef88041ee3a601d60a77
14a4ec8f176ff9e20883181a12fafe8b
0317f676f7e2ef60f3000aa1ebab12b4
fcf6ec69fee6030301db13871f990b3b
eef8f08702d4f6ae12ccff93eb31eedc
2728fad7183102af05d40aed0e60071e
0bc0014302af047ff4cdf78d02b9eb2e
fd9ef2fd0f58f054f8040dd2f47f1260
03d9fb5203f2fefc05561150ffe00a07
f602febaff730627f6c01515eb7414be
1595030ff97a03f3ed47fcc6fe08f4fb
0b0717bf18c1f43f120ce2f80d19fda3
03c2ffe517510b470889ef6ffa13f78c
1f900f51096fffd10351ffa70620fdbb
fe79030c0c4c236100dcff8e0247fa10
065b041dfca80324f80a108c0784f6d7
f1f1fc69fbd40618061608bef0a30d74
145b102becbe02a0ea540b120e4b077a
f95feea4fd06faaaf9ef0893fe520dc8
19d50511ff6defefff0105bc0b1c0e8e
0810f4b10d1f0068e7f6f5adfae3fa36
0454f230e9c40dafef5d1a12f30d0433
0ef1fef9fd42f664d65f0032f988f064
049c085f17370e52086c13e7f7731923
ed73fdffe80ffb9bf74de6b6f6cff03c
146bfebffa89238cff0c165a0d2af11b
032109d6e78508bbe56610f30320079b
00ddf41506ab1cdf008400050b56f1d6
ff08f9ddf19bf55d0c600a690710ed11
f1c0f2baf4a906c3fd38004b0fd90cb7
00ebf74af1ca00eef53b1db5f85ef149
f1350710f53d0166f9dcf7b7fc621284
0e6bff16f5cefd60f36d07e60272f762
ff3fefe50950080ee80eec5becfcf9c7
0534fea80083f8e103aefedafb52e189
f858fff815860615014ce89bfc45f3e8
01edeea016dff7b51f21ee5df338ea84
076c057104e70d1cf8820ff60131efd3
f15b0977e32c0b31f657fc30fc120887
fcbd0427f010f589f9f3fbec09b9faf4
f4b4fee9e7d20a530955f6911330ff43
144ff3f30d100e82fbe702c901fcf423
029ffb1ef60cf1fcfe5af3580ae0d80c
0fc919b305bafd480778ef7b0c1e1707
028de4f2f120ec3af37e03780dc4ff39
f7e40690e7530ec4085308700d430a42
0c60f0d7f0d8efdef9f8ef261e5ae96e
ebe6fcb212b0ff4f182d07ba069001b5
e4f40293e46efcd7fd27fe44f7b403ba
0fbb10dc13d2ed550723ee1af626fd7e
f0d8f9b10eb4efb119c8ec2f0a040f1a
1a510441f2a6f521fa2917c50023114b
ec1bf91f0097028bf1d60b1509221c9b
01a800bd0be5154a1707ff58f662ed46
f93ae2abf36dfa0e0a8d0bc50984f477
1241fc68fb4113f707e513bc1ae8fbd3
01870477f0a10e80f40100b80b7cee07
f8530e1b0717ff2004f0ecf303ffef7a
0c1eff3aeb5b0d1d05aa09d10afb0f78
f771ed101297f643f17d087e018df577
1e0907121978f33f04e0f6a7e5650763
e6340ce8098e1188ffafff21020df94c
1d4bf2f413b000b2021105f0e3ed0988
165ae5c507a2f46eeee7fedd0597eb64
fd9df6a3fe89df31e90afeb3f4bc07e8
fe880f6cf993184f0bbe075603c1006c
0eda11900879e5480135048c0a2b187d
f604f13814d2fd6e12a1f556063d1782
ebfe08a4ef3eedb60d3f01d3fccff45e
fc79f5eaf9140feaece4f8a5f83410ce
ff5411850ed2f8501699fd83fa46de28
04060f8af7950ddd0d72eb0918ac15a5
fd95069bf30b06b4e2e0002af2c9ec70
02db14d3f748212902edf7f90a98f5da
039ef6961735f2030bc50882ffb00c7f
f71ff6eef4c00e0eef22fa66f8dde814
ee930a030038f19415b80f16f6f513d5
fafff75008f3e9ca1428f94516650a26
062c0ee6efbe021ff868f0aeeb6a09ae
0e18fddf0ae3e72f0663fa931fecfbdc
eef60ed4f8c31d4002c803f30225145d
02b3e2ff1163fc80fc020833e62cefe6
0cab031e024ce3a8fc0bf57a02b3f426
e8da19750c5b08d706c6e810f4f50f46
faa913760d2508260e97f53bf538e8ec
fb1efaebf04b00ff0b08faaafe7c1953
0549f3ed192dfc3413d217d7192bf5e7
1a0f09400fedf8b10b6af58ef3a10ef3
0b330b5df979f308fceae65a1f1cf437
fc5209e1060814c001b7f4550283fbff
032517560c56088c039f08fefb23fd1d
fad2181512061c3a05aa04e6f27010ab
fefe094bff16041cf9f3036bf1d206ad
f3a5f2f3ef86047b006c0b080400043f
e53f1460f971fd88fe78fbc0f92f0265
1031f14fe427f614f5eff1c9fd58fcd4
0219f9dd1715f546dedcf28bf1cbf947
1e0ff51eff17ef8bf188f2d0e801f010
e23c025aef8008220671f9d01746fac0
f509103803971c0709470d660439fc72
f30eef4e077101e306d30ca7e0eefb0b
fd96146dfbf5ebab03aaf40a0b3d0c14
0163ff791df3feda18e90392f9640b33
0b8701c004ecf956fe5d0140fd77142c
07c9f7ba0303f8fef3a9e9a0f870edcc
ef45007eea8011520b170fb01346f52c
f1381b8e01a5f74f1496f9840a380c97
12aeec050430f7c818320c2f0ec317e0
0fa0f5aff5d10e18fffc03a41bd2fc91
f785eaf6006ef481f6f009400a36e9a6
fc931206e0a7195b0cdefce3073efad0
0402148a092afd19e761f2ac0851f330
eacbf24fecc1ffcf05200b70f0ab18b6
f5b9eee2f3ffef7a1180eedf1152efe3
08231830e75f05b8fab5178011e40300
ede701f6f4a205a304f8f073122d19ee
08290f19117d19b4ff910decf613e988
035307b908c2047808a7ec3ff795fc27
02850e6eff07ee9a1630f76716cbff33
ee9a0488f17619610c2eff4716c20e9d
0dbcefeaf49ff1f4f6eafa8bfd38e8dc
f142f868fc9ee592e0a7f672f8c2055f
f8ff08c6154cfe4d02dbed75df83fd18
ff4e0776042b1462fe11f35de663ea79
0b8ff29a0c1d08e2f5701246030b007c
ecb216daf534127df4e60bd8e42ef987
fdcb052e1538fdabfd6cf109fac6058b
deb7fe5defb6f9330cd0088ae8a5082a
0deb1499fc811332f632ea4ffda0f561
0a0b0441fb5f1bb40447053f0da2ef0d
11d504d90903ff0907920d81101103f2
ffbb1c97ffb4fd8a0ef7e34c1930fed5
02a5f3030069eb190b1beedc0c7c09d9
f2b9f02aff141471facdf591f9d4e57d
0f880a200e6a0b5302f3fbd5fcbbde4d
ed50009200a6106e0fd9febcf78ff59a
117e01f5f34afb2409ad0aa6245208dc
f263ecae0bd901df0501021ef6dd013a
0220062debe711280320ff2c0ef8e7d0
2146fdc10945f461f63ce1d000a0ec69
06d6eeb90753fb29ead2fa9c048aefeb
f4b90c02e625ed4dff6cfaa1ff260333
f537eb2fe70fe4cdef09ee710a0d0b4d
0e79fe951120f304ec6cf44be925f647
f5dde76bf562f3ececf103deef9405dc
0538efb80a9e05c806e51fc5f67504be
f874e8e6ea6e0b50f7090b861009f8b2
ecfcfaba14edfea803da0fb2e7a3f1a0
110a091bfff21a66f07412c7ebf1052c
f5e50edc0863f34e10fef78b030b0956
e674f6c7e392fa7be5e3e914fc41f19c
01af1235fc680d03f9f201f2e26d0733
f824f155fd76f704041a06e0f2e5efcc
fe94f58dfd01ff9fff31fc621482f885
f3d60d2106320a03fcff0b26de83fd28
1d2afac102bfef650b0af3e90f7f06b4
efc50197f4c20466f86cfb2816b1fc90
dedbff8802ef069e1b6d16fdf30f071e
0ebf09e71204f8970de9f98a06fb0bc8
015303200385202c0515fef3ee42f44f
07570244037807cfe01c0ff40592f887
f0e5070ff73efeb511f3ffd8eae003e4
1ed4033d0c620518fa01fa8212950b69
f486f21f0047fe1f0546053d0ab5eaa2
032e0963fb0cf812f742fabce67f121c
14f9f84af04d1201f48d0e432154f745
efcbf2ee0e0ff35d160bedc2017df515
150a183b0e5a0471e91cf5c7f62bec50
fdf10703019e0d25095a0e96eea014ea
115f0315f6eee83ff6e4ef1e16850abd
0758efb306510d66f040052dff7cf960
edc5f959077bf6f1f5dbf9bce514f1c1
01ab080809c9f8baf766eda8ec62f329
f37f0188063505760f5cf619eef9fb67
0bb8f8c2fbc30c73038519dc10b309e5
0179f0cdf62bfcddea4410b5f7d4ffa9
102df8e2f53e0773d8ae08f7edd90440
fd6ee475fbebf40902420bfa0cb2f943
f592162705cb1f31f0970850ef5ff3e5
fa590c52f465192907ff11f8f59b0a56
ffcdf088021c16c9f9e80db907a9f307
0c19f657f9bff7e2f218111ef2dc0438
e2d1f1eb068eedf806d0ef2502e4f21d
1295e9c7ecbef6c4f6f90913f67b07d0
db8b00380359e843eff4ebdcf3c5ed15
0fe906d3fb6e123e0bd0f0c7fb98faa6
f8d6000a0a4af83000b6e7ccf6dce43a
f6a903ace98e172d0b6b009120bef27d
f39911fffe9d01eb094808ddf23004db
0807058514c909dd1658fbed1b0f0718
edb80b39052e08d010caf713efe1fab2
0cd2ed71e569f700f58bf7cc08b9ef07
02af1f5c0610f1c3fa7bf0d410f905bd
f344e6fcf1d8f83cf70df4ebefc70714
07f5f5e40638eeb6f39b11dffd1a0732
ea94fc1bfd7617da00320dd4f1880379
08e0024a0658053ae8fef236e4e5e5f2
22d10a191c750c0309b9f7ebf9f5f016
045df5d80268f9aeee93f15306b2f86c
0427048ae59e0d73fb821489011efe2e
f3b105d5fcbe0b56ef96e84811d8f3da
f9c6dd16ff5505f0fc0b1190d9ceee86
1e4101800dfff16808e60777135af859
e3430717f721fd9c0709eeb50b5c0a80
fb85de02f9cceb000d96eebeffeee600
f85e0534ee9ded5afab5fe0c063f056a
0b7cffb6002706060580f4eb05dbf7c8
166bef920fb2083dfebb0cc00f9800dd
f3800396083a09ce01551b5ef4adfea3
0430e735f379210f0aa00f100da60007
017802c71207f669fe670d6cfbb9e5aa
17b9015ef99a04beffcaefa201650346
134409dc0f1ae93f09f002901acf079a
f95fed57ece8e82cfa9de79b0ff20b87
f0280890eb5f0019fd2101e901b7fa0c
1d660a29ffc51681fc6cf85005bcfac1
000a0003fffbffff0bc2156f21ccf824
fff9fffb0006000300090001fff7fff8
fffcfff9fffdfffc0007fffbfffdffff
fff9fffd0002000a0002fff7ffff0007
fffa00090008000800000009fffb000a
fffc000a0005fff9fff80006fff80001
fff6fffcfffd0000000700090007fff8
0001000500050004fff8fff9fff80003
fffffffc00060002fffbfffafffd0005
0009000200010008fff90003fffb0002
000affff00010004fff9fffefffb0004
0006fffe0008fffffffa00050006fff7
0008fffafffe0001fffd00080009fff8
0008000200020006000600080007fffd
fffdfff700090003ffff00040000fffe
0002000afffb00020005000800030000
00030009fff9fffa00090007000affff
fffffffc00060001000300080000fffa
000100000007fff70009000000000008
0006fffefff8ffff00000000fff8ffff
fffb0004fff900070009fff800010009
fffe000afffbfffbfffdffffffff0001
0000fffb000300030001ffff0004fff9
fffd000900030006fffb0002fffffff6
0002000a0009fff8fff70004fffe000a
fffe0000fffffff600040004fff9fffe
0002fff90003ffff0009000600060005
0001000100090007ffff000200070005
0006fffdfff8fff60004fffdffff0003
0002000a00090009fffe00050008000a
fffe000000010000fffffffdfff60005
0000fffe0008fffcfffefffd00060008
fff80003fff8fffffff6fffe00010009
0000fffcfffd0002fff6000700020000
fff8fff9fff60001fffa0005fffb0003
0003fff6fff90001ffff0002fffd0003
fff60009000100020002fffd000afff6
0002fffcfff7fff6fff7fff90004fff7
fffe00050001fff7fffdfffefff8000a
fffd0003fffc0005fff60003fff6000a
fffc000400020001fffa000600080004
fff80007fffdfff70002ffff0003fff8
fff8fff7fff7fffe0003fffefffffffa
fff9fffb00020006fff900020003fffe
00040006000a0007fffefffb0007000a
fffafff60002fffaffff000a00010001
00060005fff900090002fffcfff9fffa
fffcfff7fff90007ffff00010006000a
fff8fff70001fff7fffc0005fffefffa
0003fff9fffe00080005fff800010006
0001000afffcfff6000100040008fffd
fff8fffbfffdffff0002fffbfff9ffff
0009fffafffb00030005fff6fffd0005
fffd0003fffafffc0003fff6fffa0006
fff900060008ffffffff00010002fffe
00010003fffc00090003000200050000
fff8fff700080003fff6fffd00060004
000a0006fffafffc00030006fff60001
fff8fffefff9fff70004fffa0000fff8
fff600090007fffffff6000a0007fffb
ffff0005fffefffdfff900010001fffc
0002fffe0009fffe0000fffaffff0003
00010007000afff6fff60009fffcfffd
00020007fffcfffefffb00070009fffc
00070005fffd000a00010001fff60001
fff90009fff80009fff6000afff6fff9
0007fff60005fff600050002fff60006
000000020001ffff00000008fff9fffb
fff9fffdfffa0001fffd000afff70003
0000fffbfff6fffffffd000900000001
0003fff6fff8fffffffcfffcfff90005
fffcfffbfffafff70003fffafffffffb
fff700040000fffffff60000fffffffc
fffe0002fff80009fff700070008fff9
0001fff90003fffc0006fffafffbffff
fff8fffb0000fff9fff9fffafff9fffc
fffe00000005fff7fffd00080008ffff
0001fffdfffffff9fffefff80005fffb
000500080004fff90004fffcfff60008
fffbfffdfff90001fffe0006fff60006
0008fffd000100070009fffe0002fffd
fffd000a00090006ffff0000fffa0002
fffd0005000100040000fffe000afff6
fffefffffff9fffbfffb00090001000a
00020003fffbfffcfff7000a000afffd
0000fff7fffc0005fffd0006fff9fffb
00030009fff6000a00010001fffffff9
0004fff70007fffafff8fff6fff6fffe
fffbfffb000afff90005000000040004
ffff000a0001fff8000a000300070005
fff800030008ffff000a00080005fffe
fff800050006fffffff600080008000a
fffbfffe000200060005fffc0004fff9
0004fffdfffe0003fff9000700040008
000000080002fff7000700090009fff9
fff8fff7fffd00060000000700010004
fff90002fff70002ffff0008ffff0005
000200070003fffdfffe00070007ffff
fffeffff0009fff7fffd0005000a0000
fff600080007fffdffff000100010008
0001fff70007fff70009000800080009
fffa0005fff90008000400030006fffb
0004fff9fffe0008000afffd0000fffa
0009fffafff9fffe000a000700050006
fffa0005fffbfffa0000000200080005
fffdfff8fffbfffc0001fffa0003fffc
fff90001fff700070008000700040001
000300080008000a0007fffafffd0000
0008fff70008000a0003fffc0009000a
00040007fffcfffb00040000fffffff6
fffefffd0000fff6fff6fff7fff9fffe
fffa0006fffafffafffe0006fffd0004
fff8000afffbfff9fffbfffbfff8fffe
0006000300030000fffb00040003ffff
fffafffb0003fffd0000fff7ffff0006
fffcfff6fff6fffafffe0000fff6fff7
fffd0001fffa00020006fffb0007fff9
fffd000afff7000800040005fffa0008
0001ffff000a0002fffefffe0006fffb
0002fffffffd000500080006ffff0004
ffff00050003000300080007fff9000a
fffa00000004ffff000a000200000007
fffdfffafff8fffbfff8fffb00030009
00030004fffbfffcfffcfff6fffafff7
00080007fffc0009000a00050007fff9
00030004fffdfffb0008000700060007
0006fffafffd000100030001fffdfffc
0003fff8fffcfffb00000002fffcfffc
ffff0002fffa0008ffff000600070008
fffcfffc00080009fffd000a0009fffa
000a00030001fffa0007000a000afffa
fffdfff700080006fffe000000090003
fffe0002000200060000fff60003fffc
00030008fffefffa000a000600080004
fffcfffa0005fff70006fffefff60002
fffafffb00030008fff8fffafffffffc
ffff000100020009fffffffcfff70001
0005fff7fff9ffff0007ffff0000fffb
fffd0005fffe0006fffd0004fff60000
fff9fffc0004fffbfffefffd00020002
fffbfffbfff60001fffd0003fffbfff9
000000060009000400040007fff6fffd
fffefff7000afffdfffafffcfff6000a
00050003000200090005fff7000afffb
fff60006fffcfffe0009fffafff60001
0009fffe00050009fffc0004fff8fff8
00020008fff80004fff8fffbfff80003
0002fffefffc0000fff60004fff60008
0000fffffffefffd000400030003ffff
fff70009fffdfff70005fff90006fffe
fff7ffff00070008fff6fffdfffffff7
fffefffa0002fffe0006fff700060009
0001fff8fffffff6fff700030003fffe
fffffffd00080009000afff90006fffa
fff90001fff6000afff6fff800020004
fff80004ffff0005fff9000600020006
fff700020003fff80000000000050004
00050000fff900020006fffc0007fff9
00000006fffc0008fffb000a00050002
fff8fffcfffe0005fffc000200000000
fff8fff9fffafff6ffff0000000a0001
0000fff8fffd00070002000300050001
00000009fffd0004fffbfffa00050009
0002000700030002000800020000fffc
fff600090009000200000000fff6fffd
0008fff9000afffb0005fffb0005fff6
000a0006fff800010009fffcfff7fffa
fff9000300050009fffa0005fffdfff6
000afff8fff8fff9000a0000fff60001
fffafffc00050003fff8fff600020006
0007fffc000200000006fff70000fff8
0008fffcfffffffe00040009fffe000a
0007fffa0006fff9fffbfffb0001fff8
00090009fffc000afffb0003fff90007
000300040009000a0001fffc00000004
0001fffd0001fff8000a0008fffc0007
fff8000a000a00090009fffffffffffc
0004fffafffffff90008fffb00050001
000a0009000600000000fffa0006fffe
fff9fff8fffdfffd0003fffdfffbfffe
fffa000afffbfffc00090005000afff8
00090006fffcfffefffafff9fff8fff6
fffefffd00020004000600070004fff6
000900040006000100090007fffd0005
000a000200040004000300090006fffc
00030007000700040000fff8fffa0009
0001fffc000a0003fffa000200010004
fffbfff6fffafffb0002fffe00030000
0001000afff6fffe0000fff800050007
fffe00050001000800010002ffff0002
fff70009fff9ffff0006fff800000009
fff9fff8000a0004000a0008000afffb
00060002fff600080009fff7fffaffff
00060000fff8fff9fff6fff9fffafffa
0007fff7fff70007fff900010000fffe
0001fff7fffafff9fffe0008fff80007
fff70008fffd00050002000900060006
fff8fffc000100020004fffffffafff7
0002ffff00080003fff70002fff60003
fffbfffe000afffb000500020004fff9
0004fff7fff8fffd0008000a0006000a
fffe0001fffa000a0007ffff000a0005
0002fff8fffdfffcfff7000500060003
00070002ffff0009fffe0009fffcfff6
fffb000a00030008fffc000300020003
fffffff9fff900010005fffa0002fffd
00000002fffa000afffc0003fffd0002
000500020000fffefffa0001fff9fffc
0006fffc0009000700070005fff7fff7
fffa00000004000600090004fffa0000
ffff000600000004fff90008fffc0006
fffafffffff700040007fffc00060002
fff7fffa0002000300020002fffc0009
ffff000800040005fffeffff0002fffe
fff8fffcfffafff700000008fffefffe
00010005fff90008fff9000600020007
fff8fffa0001fffc0003fff9fff7fff6
000afffa00070002fff600040000fff6
000800010008000800080008fffafffe
fffe0002000100030002fff9fffffffd
000300040007000000040002fffe0002
0009fffefff7fffefff8fffdfff9fffa
fff9fffefff9fffdfff70002000afffe
0006000700010003fff6fffefffbfffa
fff8000afff70007fff70008fff60002
0001fffefff8fff8fffd000100070003
ffff000800060005fffffff7fffe0006
fff7fff90007fffafffffffcfffd0009
fffefffd0001000a000a0002fffafff7
0002fff90007fff7ffff0006fff70001
fff6fff9fffd000a00080006fff70001
fff800010001fffcfffbfff80006fffd
00070004fffdfffefff6fffefffd0008
00060007fff7fffb00070008fffb0004
fffafffbfffd000afff6fffb00050001
00050004fffffff8000a000000080000
fffd00080003000700050006fff70003
fffdfff80000fff7fffe00090009fff6
fffafffffff600080009ffff00090002
fffa000afff60002fffcfffa0001fffb
00070002fffcfffe000afffbfffa0001
fff6fff900060002fffafff9fff7fffe
fffdfff600080003000a0004fff60006
0007fff700050003000300060001fffe
fff60001fff70000fff9000a000afff9
0003fffcfff900040002fff7fffefff6
000400070007fff70003000500030008
fffbfffa0003fffbfffffff900090002
fffe0006fffffffdfffcfff800060001
fff9fff6000300010003fff7fff8fffe
fffdfffb000200060005fff700030005
fff7000600060003000afffa0005fffb
0001000500000009fff6fff80006ffff
fffdfff800040009fff8fffdfff70001
000afff8fffd000afffb0001fffbfff6
fff6fff9fff90009fff6fffb0007fffb
00040007fffb000400030009fffd0006
0000fff600020009ffff00030008fffe
0004fff6fff6fff700070004fff80006
ffff0003fffefff900090000ffff0000
fff7000afffd00030004000400040003
000600080009fffb0000fffcfffcfffd
0005000a0006fffc0006000900000005
0007fffffffdfffefff9fffafff60003
fffefffffffbfff70007fffc0001fff9
0000fff90005fff70009fffa0007fffa
0005000afff60003000500050002fffe
000300050004000afff9000100020007
0004fff6fffbfffb0005fff8fff80006
0003fffc000afffb00000004fffc0008
00000006fffbfff8fffa00090001fffc
fffd00050003000300000005ffff0007
fffd00090006fff60009fff8fffdfff8
fffa0000000afff7fffafff6fff80004
00010000fff9000a000a000a0004fffc
0008fff9fffd000a0002fff700060001
00090007fff80006fff9fffb0005fffb
00020004fff6000200010001000afffc
fff8000600050001000100050000fff7
fffafffafffaffff0004fffe00000001
fff60001fff90008000300040007fffa
000afff900050005fffffff8fffe0003
000afffe0008fff800040007fffd0009
0007fffc0001000100000005fffdfffe
000300070002fff90001fffdfff6fff8
fffbfff9fff90001fff600020004fffc
0007000a0005fff90007fffafffdfffb
fff6fffc0003ffff0001000000020002
fffa000000080008000700060001fffb
fff6fffbfff6fffe000afff900000009
fffd0004fffefff6fff8000a00090005
0006000afffd000000080001fffcfff6
0007fffc00060005000afffdfff80005
fffa000400060006fffefff600020000
fffffff9fffc0009fff9000a00080005
0003fff60000fffdfff8fffafffbfffd
0006000200090009fffffffafff9fffc
00030005fff9000a0005000a000afff8
00090001fffe0005fff70003fff7fffc
fffefff600080000fff60005fffafffe
0002fff7fff80004ffff0006ffff0000
fff8fffaffff0006fffd000a0002fff6
00040002fffcfffe000400040003fff6
ffff000500040000fff8000afffa0009
0008fffa0000fff6fffffffc0002fffe
0004000900070009000900090002fff7
fffdfff7fff6fff7fffb00050001000a
0008fffafff8fffefff800000003ffff
000a000900010008000200060002fff9
fff7000400080005fffb0002fff80002
0008ffff00020007fff6fffc00090007
fff90005fff90006fffefff600080007
00050008fff8fffbfff7fffafffdfffb
0005fff6fffafff9fffa0005fffdfffe
0004fffb0004fff80001fff6fffb0009
00010008000a00040005000a0003fffb
fff7fff90009fffcfffdffff0009fffb
fffe0009000afff90009fffa0003000a
fffd0009fffafff80002fffdfff9fffe
0000fff6000700040001fff7fff70005
fffbfffcfffdfff9fff80005fffbfff9
0003fffffff7fffaffff00090007fff6
0004fff6000000030005000afffd000a
0006fffb0009fff60007fffafffc0004
fffa0000fffcfffefffc0001000a0001
000300070000fffb0009fffffffafff6
0000000a0009fffffff900070005fff7
00090005fffefffbfffe0000fffbfffd
fffefff80007fffb00060009fffffff8
0005fffffff600000000fffffffdfff7
fffc00030003000afff8fffbfffb0001
0007fffe0004fffa0003fffffffd0004
0001fff6ffff00070007fffc00030009
0008fffefff6fffcfff9fffefffe0009
00080006fff7fff9000800060002fffb
fff6ffff0007fffb000400050006fffe
fffffffa0000fff70006fff700090004
fffe0004fff80008fffefffbfffd0006
fffa00050004fffbffff0003fffc0006
fffdfffefffd0006fffafffa00050008
0000fffffffdfff8fff6fff8fff70003
000a00020004000afffe0005fffafffa
000600000006000600020004fff8fff7
0003fffbfffc000a0008000400020001
0006fffafff8fffffffffff700040004
00080003000300060008fffcfff9fff6
000afffcfffefff7fffdfffffff80009
000500040008fff90002fffbfff70003
000afff900090009fffafff600040005
fffcfffe0008fff800080004fff8ffff
fffd0002fffefffafffa000000070005
000afffb000afff9fffb0002fffe0005
0000fffd000200030000fffcfffa0005
0006fffb00060002fffc0005fffe0004
0007fff80006fffdfffc00020003fffc
0004fffe0006fff60006000400020001
fff600000009fffafff70002fffffffe
000700040008ffff0007000afffdfff6
ffff0006fff9fff70006000a0004fffa
000900030001fff60008000a0002fff7
fffe0004fffd0001fff7fff7fffe0005
000afff900020003fffc0002fffd0008
fffcfffbfff6fffe0007fffb0003fff6
0008fffefffcfff9fff9fff7fffa0009
fff7000a0002000900030009000a0001
fffc0007fff8fff8fffcfff60006fffd
fff80001fffc00070001fffb000a0002
0003fffcfff70007fff70006fffbfff7
00000000fff8fff6fff70006fffbfff7
0002fff800000000fff90006fffffffa
000100050003fffaffff0007000afff6
fffa0004000afffa00050002fffd0008
0009fff9000400050006fff900020003
fff9fff9fffc000afffc000600080006
fffcfff600010003fffefffa00040008
0004fffe000a0003000600060009fff6
fff60000000a00000001000200030000
00020009fff800010009fff900040009
0008000200080005000100000007fffc
0001fffe0006fff8fff9fffefff6fffc
fffdfffdfffa00010002fffbfffbfff8
fff800060008fffafffffff8fffcffff
0003fffe0000fff9fff7fffd00070007
0003fffe0001fffa000a0009fffc0004
fff7fff90007fff90001fffa0003fff6
00090006fffc00000001000afffb0002
0003fffd00030000fffcfff70007fff9
fffbfffefffbfffd0006fffbfffb0005
fffafffefffa0001fffb00030004fffb
0003fff6fff7ffff0005fff8fff9fff8
ffff00090008fffffffefffafffd0007
fff800030008fffb0008fff90000fffc
fffe0002fffdfffa0001fffc000afffb
0009fffbfffcfff7000600030008fffb
0005fff80005fff90006fffeffff0008
000100010002fffefffa0001fffb0005
fff700020008fff8fff9fffafff90003
fffd00050004fff7fffbfff90004fffd
000200060008000000020001fffcfffa
0008000afffb00070005000afffe0002
fffeffff00090004fffb000000040004
0008fffb000600060005fffb00090005
00080000fff8000300040002fffefffd
fffefffe0009fffb000a00050000fff6
fff7000500020004fffffff80001fffb
fffc0000fffb0002000afffffffc0001
00090005fffe0007fff9fffb0007fff8
0003fffefffe00020003fffb0002ffff
fff7000a00050003fffa00070003fff7
fff60003fff8000affff000800070003
000400000009fffa0000fffe0002fff7
00010003000400050006fff8fffb0007
fffd0002fff8fffefffc0001000a0000
fffa0003fff700010001fffbfffbfffe
00080005ffff0002fff90009fffd000a
0009fffc0008fff8fffc0000fffbfffe
000900060006fffcfff9fffe0004fffb
ffff000300000004fffdfffb000afffa
fff6000700030002ffff0009000afff9
000300040006fffffff6fffbfffafffa
0006fff90003fff80001fffdfffd0004
00050001fff6fff600000008fffafff8
fff70009fff9000500030003fff6fffc
fff700030009fff9fffdfffe00090002
fffbfffbffff000afff6fffb00080003
fff80006fffefffffffa0009fff9ffff
fffd0003fff60009000400080006fff6
fffefffe000afff900060007fffdfff9
fff9000500030000fffe0007000a0007
0007000600050002fffefff6fffb0008
00000009000afffdfff70002fffbfffd
fffbfffcfffbfffb00060003fffcfffe
ffff00010002000a0003fffb0005fff8
fff7fffd00000006fffefffffff6fffe
fff6000700000003fffd0006fffdfffc
fff9fffefffe0006000900050000fff8
ffff00030004ffff0001fffb0008fffd
0004fff7fffffff700060003fffb0004
fffa00070002fff600090006fff9fff7
fffc000000000005fffafff7fffb0004
000200060006fff6fffa00040005fffc
fff7fffdfff6fffcfff90001fffc0008
000afff8fffc0008fff9000afffcfff8
0005000a0005fffbfff6000500070009
fff80001fff6fff9000400050001fff7
000200010000fffb0008fffa00000001
fffa00010005000a0009fff6fffafff6
fff6fffb00020005fffcffff000a0005
fffa0004fff9fff900050006fff9fff6
fffb00070009fffc0006000400050001
ffff000a0001fff90004000600040007
ffff0000000afff8fff900000007fffa
0009fffafff8fff9fff70001ffff0008
000100050002fffbfffbffff0005fff7
fffe0006fffc0008fffd00020009fff9
0005fffa0009000500060000000a0008
0006fffdfffb0004fffa00090004fffe
fff9fffefffbfffc000000060006fff7
fff900010003fffb00030008000afff7
fffffff80004fffdfff8000700090005
fffd00070009fffb0004fff90005ffff
0009fff800010008fffaffff00030009
fff6fff6000800030003fffafffc0002
000400010002fffcfff6fffffff60004
fff9fff6fff70001ffff000600000009
0005fffc000500030000000300030006
fffc00020007fffffff60007fff9fffc
000800030002ffff00010003000a0007
fffe0008000afff9fff9fffdfff8fffb
fff8000afffafffcfffcfffa0001fff7
000200000001fff8fffc0005fff60006
0007fffefff70007fffefffd0004fffc
fffd000800000006fffefffefffcfffc
fffefff70005000a0003fffcfffdfffd
fff9000000090004fffafff9fffa0008
0008ffff00000007fffa0006fff6fff7
000100010005fff7fff60004fff70009
fff8fff7fffd0003fff9fff8fffdfffc
fff90007fff8fffd0006fff90003fff6
000a0003fff80009fff7fff6fffbfffe
ffff0009fffcfffb00070003fff60005
0004000afffa0006fff9ffff00040007
00040003000a00060005fffdfff7fffb
000afff6fffbfffafffefff60000fffc
fffbfff80000fffdfff6fffdfff8fffe
0000fff6fffc00010002fffb0009fffb
fff6fff60009fff9000afffe0009fffe
ffff0004fff700090006fff7fff70006
fff900050004fffffff9fffbfffafff9
00050002fffc0004fffc0007fffb0008
0008fff7000200040004fff700010005
0006000400050005fff9fff6fffffffb
fff9fffffffd0001fff8fffdfffb0005
fffb0001000100020008fff8fffb0004
fffafffa0001fff9fffe0004fff8fffa
fff70001fff7fffcfff8000900000000
fffdfffa000afffe000a000700060002
fff900060001fff6fffc00040004fff8
fff60000fffbffff0000fffafff70005
00090003fffbffff0005000afffc0000
0007fffe00040003fffa0005fff7fffa
00050002fffafff700030006fffe0003
000a00080001fffd0002fffb00040004
0000000900060006fffe00060002fff9
0009000a0004fffafffefffffffc000a
fffefff9000700050008fffd0003fffa
fff7fffd000300080002fffc00040007
fffd000500050006000a00050003ffff
fffa00010004fffb0004fff6fffffffc
00080007fffa0004fffafff7fff9fff9
0008fffcfff90001fffffff900040001
000a0008fff900040003fff600080005
fffd000afffdfffffff9fffd0003fff7
fff80000fffffff8fffbfffbfffa0007
0007fffcfffdfff7fffffffafff90002
00060005fff8000a00060002ffff0007
fff6fffefffefff7ffff0008000a0002
fff7fff60004fffb000700060001fffb
0006fff9000600070002fff600010009
fffefffb00020007fff7fffefffcfffe
0004fffffffb00030003fffafff9fff9
0004000a000afffafffa0003fff70001
0006fffb0001000afff6fff80002fff9
0005fffd00040001000400040006000a
0005000afff800090003fff60003fff8
0002fff7fffafff9fff8fffdfffb0003
fff60004000afff60005fff8fffefffa
00040002fffa000100060005000a0007
0004fffa0003ffff0009fffcfff70005
0006fffbfffa00060003000800060001
fffafff8fffafff9000affff0002fff8
0006fff9ffff00050006fff8fff80006
0008fffffffbfffffffc0001000afffb
0008fffcfffafff80002fffe0008fff8
0000000100030001fff9fffc000a0002
fff90009fff9fffd000700060009000a
fffcfffffffe000a0002fffd000a0003
fffd0004fffe000a0005fffb0003fff9
fffbfffdfff8fffafffd00020003fff9
00090005fffd0005fffe0008fffa0009
000800030002fffa00040006fffa0008
fffd0003fffafffafffbfffefff7ffff
fffaffff0001fff700080006fff7ffff
0001000afff7fffcfff6fffbfff9000a
00030002fffafffcfffb000000050000
0008fffdfff8fffffffafff600060007
fffd000afff70009fffb000afff7fffe
fff80000fff6fffbfffa0002fffc0006
000100060009fffffffffffc0003fffc
0003fffafff60006fff9fff60004fffb
0006fff6fffcfff8000a000200020002
fffb00060007fffafff8fff7fffcfffc
ffff0003fffffffefff70008fff7fff9
00060005fffbfffdfff9fffb00040001
fffdfffefffffff9fff800010002fff6
fff700080000fff900090005fffdfff9
0000000a000200000005fff9fffa0009
0000fffb00090000fff70006fffbfff9
fffd0000fffa00050003ffff00020001
00070000000200030001fffe0002000a
0001fff60007000700060009fffefffd
fffb00040003ffff0004fffc0003fffc
ffff0007fff9fffe0005fffc00050001
000100060000000300010000000afffe
0008fffe00010005fffffffdfffcfff6
fffd000afff8fffefff9fffd0002fff7
fffdfff90002fffdfff8fff9fffe0001
0002fff6000100020000000600060006
ffff0000fffd0005fff6000a0002fff6
ffffffff0002fffd000700000007fffe
0001fff7fffb000afffcfffafff60005
fffdffff0000fffafff70002fffefffa
fff6000200060001fffdfff8fff60002
0004fffbfffffff8fffffffe0009fffa
fffbfffc0003fffffff7fff800030007
0007fffa0009fffafffdfffa00020009
fff7fff60004000a00030006fffffffb
00070004fffd000a0001fff8fffcfffc
fffffffb000300080008000300060006
0002fff6fffffffa0000fffffffd0005
0002fffffff6000afffcfff70008fff9
0008fffdfffc00060009000100040008
0007000400030002fff90006000afff8
0000fffffff6000a0003fff600000009
0007fffbfffa0002000300090000fffc
0008000a0008fffe0000fff90005fffa
fff7fffe000300050005fffc0004fffc
0006fffefffc0000fffbffff0004fff8
00050006fffafff9000affff00030007
ffff0009000500080006fffdfff7fffa
0003000a000700090007fff6fffa0008
fffdfffa0003fffa0007fff9fffefff7
0009fffb0009fffafffdfff600040008
0005fffbfff8000a00050006fffe0006
0009fff9000400000009fff9fff80008
fff9ffff0006fffcfff60001fffcfff8
0004fffcfff8fffefffafffdfff6fffe
0009fffc0000fffcfffa00010000fffe
0007fff90008fffb00090007fff80000
0003000700080003000800070005fffe
fffffff7fff60007000400090008fff6
fffcfffa00070005fffa00040009fffe
fff8fff60007fffcfff9000800070005
fff80009fffc0000fff9000900070008
fff6fff8fffdfffc0009fff6000a0009
0003fffffffffff6000afff7fff90006
0008fffc000600010000000700060008
fff600070005000500050007fff8000a
0000000900030006000500060000fff7
fff9fff70003000a0008fffe00050003
fffd0005000a00020005fff8fff7fff7
000a0002fffbfff7fffa000afffbfffc
fffdfff7000500050002fff9fffb0000
fffbfff7000afff90004fffbfff60001
00040001fff9fffd0004000a0003fff9
00000000fff8fff6fff9000400020008
fffa0008fffffffcfffd0008fffa0009
0005fffbfffafffcfffe000000060009
0002fffb0009fffd00090002fff80006
fffdfffbfff60006fff7000600070007
fff6000a000100020005fff900060002
00070002fff60003fffafff9fff9fffb
fffe0002000a0007fffc000300060005
00060007fffd0004fffe0001fffdfff7
fff90004fffd00030002fffd00010006
fffafff7fffe0003fff9000000050009
fff8000500000004fff6ffff00090007
0003fff600080002fffb000a00000009
00060005fffafff90007fffbfffd0000
0000fff60001fff9fff80005ffff0005
fffefffefffafffbfffbfffafffb0007
fffb0006ffff000100010003000affff
0005fffc0004fff90009fff60009fffb
0004fffefffe000000080003fffd0009
0007000a0002fff80001fffd00020008
000a000afffffffcfffafffcfff80000
fffe0006fffafff90002fffc0005fff9
fffffff80004fff8ffff0009fffc0006
0005fff90009fff6fffeffff00020006
00050006000300010001000000020000
fffefffbfff6fffc0006fffc0004fffb
fffafffffffcfffe0006000200080007
fffa0009000600050008fff800090002
00060005fff6ffff00030000fffa0008
0006fffe0000000afffbfff900030007
fffdfffa000300070005fffb0003fff8
fffd0001fffd0004000afffd0009ffff
fffa000600000009fff60002000a0007
fffafff60000fffcfff800090005fff8
fff70008fffbfffa0003000100090004
00040003000a0009fffd0004fffbfffe
fffdfff90000fffffffbfffafffd0003
00080006000a0002000100030005ffff
000500020008fff8fffefffc0001ffff
fffb0008fffb000100070008fff7fffe
fffd0003fffefff60004fff8fffcfffc
0008fffbfffcfff7fffafffb0005fffe
0000fff80000fffbfff8fff7fffe0009
0006fff9fff8fffd0005fff7ffff0004
00070003000400070005fff8fff70002
00080009fff7fff7000900020000fff7
0006fffcfff60006fffffff90005fffd
fffefff80007fffffff70003fffdffff
fffcfff9fffc000200010009ffff0009
0009fffa0007fffe0000fff600060005
fffafffafffffffc0000fff900060003
fff9fffdfff9000900040002fffafff6
0001000700050009fffefffafff8fffd
fff60002fffa0009fffffff8fff80008
fffefffcfff80002fffb0005fffc0005
0003fffc000100090004fff700040007
fffb0003fffbfffa00090003fffb0004
0005000900020003000900080001fff9
0005fffc000100070005fffc0001fffc
fff8fffffffdfffffffafff80007fffc
fff70001000500020006000900090007
0001fff800010009fffc000300010005
000300080008fffbfff60001fffc0002
000a0003fffdfff9000afffa00050000
fff70008fff9000afffefffcfffafff9
fff800000000fffffff8fffefffefff8
0009fffcfffbfffefff9fff6fff6fffa
fffe000000050001000500020004fff9
fff8fff9fff6000a00000006000afffb
fffc00000006fff7fff7fff8fff6ffff
fffcffff0001ffff0008fffefffefffe
0004fffbfffdfff90004000000000008
00000000fffd0002000000040000fffd
0007fff9fff8fff60007fffb0009fff9
0005ffff00000006fffcfff8fffb000a
0003000100070009fffcfff900000000
fffeffff0000000300010009fffaffff
0005000400040006fff6000a00090008
fff7fff8fffcfffffffe000000000006
fffefff8000900070006fff70009fffa
00020004fffffff90001fffafffb0008
0009fff9000900040000000100050006
0002fffefff90007000700020000fffa
fff6fff9fff700030005000100040007
ffff0002fffe000600080006fffdfff7
00030000000000030005fff70002fffa
0003fff90007fffdfffefffd00060002
0004fffdfffefffb0004fffe0002fffb
ffff0002fffbfff70007fff7fff8000a
fffafff6fffc0007fffbfff60008fff7
fffefff9000700040004ffff0000fffb
fff9fff600020003000300010004ffff
fff700070006fffdfff7fffbfff9fff8
fffdfff6fff900000006fff600090003
0007fffdfff90001fffefffb00020008
fff6fffc00030006000afff7fffbffff
0003fffcfff80000fffbfffe0005fff9
000000070008fff6fff6fff9fffffffc
fff800050004fffafff6fffe0003fffd
ffff0005000700030005fffefff8fff7
fffafff70004fffd0009000700000000
000afffcfffb0005ffff00050007ffff
000afff70004fff8fff900080005ffff
fff900060003fffc000afffd00040002
fffd000a000300010001000afffaffff
fff70004fff90002fffefff8fffa0006
0004fff9fffb0008fff7fff60003fff6
0007fffb0006fff80007fff6fffaffff
fff8fff8fffd00090004fff60007000a
0003fffdfffdfffd0001fffafff60004
000000090005ffffffff0006fffb0009
0004fffc00040001fff6000000070006
0000fff6fff7fffa000900010007fff9
000afff6fff7000afffbfff6000a000a
00000008fffefffefff700020003fffc
00000009fff90000fff7fff7fffcffff
00040001fff9fffb0002000a00010005
00090000000600030007fff900010008
fffc0004fff7ffff0005fff8ffff0007
fff80004fff600090003fffdfff80000
00070000fff8fff60003fff600020005
00030001fffd00030006000100030008
000a0003000afffc0005fffc00050005
00070002fffefff70001fff7fffd000a
fffffffb000afffa0003000afffb0001
fff9fffcfff9fffd0001fffffffbfff7
000700090008fffdfff60000fff70003
000000090004fffafffcfff90006fffe
ffff000200070004000700090001fffb
fffbfffbfff8fffcfffe000700000001
fffb00020003ffff00080004fff60005
fffcfffc0004000300010009fffb0002
0007fffafff7000afffbfffcfff6fff9
00030003fffa00020005fff800050000
0009000afff70000fffc000300010005
ffff0001fffc0009000800030002fffe
fffb0000fffe000a0004fffbfffafffb
fff7fffa00080004ffff0008fffefffc
fffcfffe0001fff60004fffefffb0004
fff9fff7fffffff90003000700090009
fff8000a0008fffc00000003ffff0003
0002fffdfffafffe00020004fff6ffff
0007fff90001000500090005000afff8
00030007fffb0002fff8fff6fffa0003
0002fffd0004fffffffbfffe00090008
fffbfff9fffdfff8fffefffdfff8fffd
fffdfff9fffafffc00050003fffcfffc
fffa000400000009000a00060004fff6
fffc000afffffff90000000000050006
000a0003000000040007fffefffffffd
0008fffc00070009000afffffff70009
0008fffdfffa000a0001fff6ffff0005
00090006fffc0005fff8fff8fffcfff7
fff90007fff800040005fff8fff8fff6
000000050005fff90004fffbfffdfffb
fffcfff70007fffcfffc0006fff70001
00090004fff600030007fffdfff7ffff
fffb0006fffefffffff6fffffff7fffd
fff8000afff70001fff6fffbfffb0009
fffc00090007000a000afff60005fffa
0006fffafff60004fff700020004fff7
fffefffdfff700090002ffff00000008
fff8fff700060000fffcfff60005ffff
fffffff6fffa0007fffd0001fffc0006
0001fff7fffaffff000700030009fffc
fffffff7fffffff6000afff70008fffa
00080008000700060007ffff0007fff7
000a0000000600060008fff60007fff7
0005fffb0000fff7fff8000300040000
00010005fffe00040007fff8fffaffff
00090002000100090000000afffe0002
fffc00080007000afffffff9fffc000a
0007fff70007fff9fffd0004fffa0000
000a00050000fffbffff00030004fffa
fff9fffefff8000afffa000600060007
fff80005fffdfff80002fff60000fff6
fff900060006fffafffdfff8fffafffb
0006000300010007fffd000200030009
fffffff9fffefff900070004fffc0009
0006fffe0000fffb0006fffcfffc0006
fffa000900040003fffd0001fffffffe
00070009000a00050007fffbfffefffb
00000008fff90003fffcfff700030007
0006ffff0007fffbffff000800000009
fffe0004fffcfffdfffbfff6fffd0003
00050007fffffffafffa0006fffa0004
fffafffc0007000400000007fffbfff9
0002fff60003000a00000003fffa0003
0003fffd0006000500090001fffcfff7
00070006000700080005ffff00060000
00030009fffefffefff9fffb00090008
000a0007fff6fffefffffffe000affff
0001fffafffb0000fffe00080002ffff
fffb0002ffff0006fffc00040009000a
000800030004000a000100080001fffd
0005fffafffefff9fff7fffbfffd0005
0005fff8fffc000afffe00070004fffe
00030009000300080003fffdfffafffb
fffe0008fff8fffbfff6fffb0007000a
ffff0000fffbfffcfffd00020002fff8
0004000a00040000fff6fffcfff8fff9
00040001fffa0001fffc000a0003fff8
00020004ffff000a00010002ffff0002
000600080002fff60001fffb00070002
0001000a0004fff9ffff0007fffe0006
000100010008000afffe00030008fff6
fff80007fff6fff7fffa0000fffdfff6
000700000009fff90008000800060009
000a000600080009fff6000afffc0004
fff6fffa000300080001000400010003
000a0005fffbfffe00090005fff9fffb
fffcfff8fffefff7fffafff9000afff8
0000fff8000a0009fffb00070006fffd
fffc0008fffa000700040004fffd0000
0009fffc0002fffe0007fffafffbfff9
0003fffe0009fff60009000600000000
0009fff6fffd00080003fff8fffbfffc
fffffff8fffe0008fffc00090005fffb
0009fffbfff700090000fff9fffbfff7
0006fff9fff9fffa000200000007fffb
fffa0000000900060008fffd0008ffff
fffafff8fffd00040000000200070002
0008ffff0002fffa0003000afffefffe
fff6000500030001fff700010001fff8
fff6fff60001fffafffa0005fffa0000
fff90006fffb0004fffcfff80005fffa
0009fffc0005fff7fff9fffefffe0006
000400040002fffb0009ffff0000fff8
fff7000a000000070008000100070005
00050008fffd00070009fff7ffff0002
0005000afffefffcfffbfffa0007fffc
fffafffe00000001fff8fffbfffd0007
0000fff600080003fffa00000008fffa
fff80004fff90006000800080009fff8
0005fff8fff70003fffffff9000afff7
0009fffb000600080005fff80007fffc
00010002fffcfffafff9fffffffb0009
0009fff6fff9fffe0000fffe0003fffe
000500070005fff8fffdffff0001fff7
0000fff60000000800060003fffb0006
0008fff60003fffa0005ffff0000fffb
0009fff70004000a0004fff80001ffff
0006000100020000fffcfffc0002fff7
00060003fffe00080005000800020003
00020001fffafffa0001000800050007
fff800090000fff600070007fffefffb
0007fffffff70009fffe000200090001
fffffffc00040001fff9000500090000
fff9fffbfffa0000fff60008fff60000
0002000afff8000afffc000600040008
fffc0001000800060009fffb000a0002
000300070009000afffcfff9fff60000
00050006fffffff80009fffafff6fffe
0002fffefffc000100010008fffd0002
0001fffc0002ffff000100020002fffd
00070005fffafff8fff7fffc0001fffb
000a0005000200030005fffe00090001
0000fff900080004fffcfff9fffbfff7
00090003fff9fffbfffe000a0009fffb
fff8fff60009000100000009fff90001
fff9fff60001fff900070004000afffd
fff80006fffa0004fff6fffe0007fffa
0008fffcfffa000000030009fffefff8
fffafff70004fffcfffcfff8000afff6
000a0002fff7fffbfff8ffff00080000
0003ffff00060000fff70004fffe0005
0006fffb000afffb000a00060006fff9
0008fff6fffa0009fffdfffffffcfffc
fffdfff7fff9fffefff6fff7fffbffff
fffefffe0003fff7fff8fffa0007fffc
000200090004fff7000900000007fff9
ffff0007000500010007fffefffffff8
fff60005fffe0007fff8fff600090006
000800040001fffdfff60007fff6ffff
fffffffdfff6fffd00070001fffa0002
fffbfff7fff90007fffcfff8fffbffff
0003fff900030008fff900060003fffe
fffbfff6fffeffff0005fff700000006
fff800050000fff60008fffcfffb0007
00040002fff8fff9fffb000000030001
fffb00070004fff8fff70007ffff000a
0007000500050006fff80001fff7fff6
0001fffbfff6fff60006fffb000afffc
0000fffafff9fffc0005000800000005
ffff00090007000a0005000afff70009
000300030004fffd0003fff70002fffd
000600010005fffb0003fff80002fffc
fffffff70002fffd0000000a00070008
fff8fff9fffb0009fff9fffafffdfffb
0005000a0004fff8fff6fffb000afffb
0008000400030003fffb00000002000a
fffcfff80003fffa0006fffbffff0000
fffc000500070006fff6fffc000a0002
fffdfff8000afff60009000800020000
fff80006fffdfff9fffb0008fffb0009
fffb0007000400030003fffafffbfffa
fffafffa0007fff8000000040009fff8
fffa0002fff8fffd00000001fff9ffff
fff9fffbfffb0009ffff000a0003fffc
0001000700010007fffefff9fffb000a
0004fffe0001fffd0009000000030009
fff8fffa000400080009000afffa0008
00050006fffcfffd000600080006ffff
00040004fffd0000fff90006fffcfff9
000afff7fff900080000fffefffb0001
fff700040004fff600090006fff90006
fff800050009fff9fffafffa0004ffff
0000fff9fff9000a0002000100070008
fff8ffff000300060007fffefff8000a
0009fff6000afffc0004000900020004
fffbffff0001fffc0002fff7fff9fffa
000a0000fff6fff70002fffd0006fffb
00000008fff6fff7fffefffefff70001
0000fffdfffd00010002fffe00010000
fffdfffdfffcfffd000afffd0007fff6
00020005fff70002fffcfff7fff8fffb
fff60004fffb00010009fffbfff70000
0005000300000007000300080009000a
fff900020003fff70000000a00000003
0008fff9fffcfff7000a0007fffdfffb
0007fff80003000300050005fffe0003
fff60005fffe0006fff60001fffdfffa
0005fffe00030004fffb000500020001
00060004fff8fffffffe00060001fff6
0000000afff8fffc0002000100080002
fff80008000500090000fff6fff9fffb
fff6fff900030001fff900020005fff8
fffdfffd0004fffffffffff90007fff8
fffbfffb0004fff80004fffd00040007
0004fffc00080005fff70008fffefff8
fff9fffcfff900040000000800000000
fff90001fff600020001fff8fffffffd
00050005000afffafff80009fffcfffc
0001fff7000a00040000000100070009
fffdfffdfffd0002000100020001fffb
fffffffd0005000afff6fffa00090007
fff800070001fff8fff80002fff7fffe
fffefffb0001fffd0004000400000006
fff9fffffffe0005fffcfff7000afffc
fffffffd0002fff90006fffbfff80008
fffd0009fffbfff9fff9fffc000a0007
0004fffdfffa0002fffc00040007ffff
fff6fff7fff600060001ffff0006fffc
0006ffff0005fffdfffa0008fff9fffb
fff90001000afffa0002fff70000fffd
0008000500050004fffb0004000afffc
fffa0003fffafffd0004fff7fffa000a
fffefffafffafffffff8000300080004
0006fff9fff6fff80006000700040001
fffcfff8fff9fffafffb000600020001
0008fffc000700000003000900040006
0004fffcfffe0003fff8fff600060007
00070000fffffffefffbfffb0008000a
00010004fff90007fff90007fffbffff
fff6fff8fff700040003fffafffbfff9
fff8fff9fff6000300020005000afff6
fff7fffafffe00050004fff600020005
00080001fff700090001000200090002
0006fffc0002fffbfff80006fffafffa
00070005fff8fff7fffdfffc0000fffe
000a0001fff60002fff60006000a0005
fff6000afffdfffdfffbfffe0006fffb
fff90000fffb000afffcfff70006ffff
fffb00020006fffb0009fffd00010003
fff70008ffff000700020005fffcfff7
0003fff9fff60000fffe0005fff80009
fffbfff700020008fff70008fffafff6
0005fffbfff60006000a0005fffc0004
00000008fff8fff9000700050001fffd
fffffffafffafffffff80002fff60005
00070004fff70007fff7fffcfffbffff
fff90000fffcfff7fffbfffe000afffd
00030002ffffffff0005000900060003
fff80009fffd0009000600020000fff8
000100070008fffe00080005fff6fff8
0009000500020005fffa00000002fff9
0006fff60003fff7fffa0003fffbfff6
fffa0003fffffffb0000fff800050004
0004fffbfff80000fffbfff7fffc0003
000500040005fffcfffefffcfff70009
fff600070006000a0002fff6fffe0009
fff800080001fff80004fff800080009
0004000300070002fffbffff000a000a
00090003fffafff800040007fffbfff9
00070004000200090007fffc00050009
0007fffc0009fffe0007000200040004
00010009fff60001fffc00090000fffd
fffffff8fffdfffdffff0002fff7fff9
0008fffd00030001fff800010008fff6
fff90004fff70003fffa00010003fff6
fffdfff9fff700040005fffc0002fffb
fffc0006fff90004fff6fff7fff70002
0005fffa0000fffdfffe00090006fffd
fffe0006fffafff90009fff7fffbfffb
000afffa000100070004fff6fffa0001
0003fff7000000090009fff9fffdfffd
000900050005fffaffff0007fffbfff7
fffb00020008fffafffdfffe0001fffc
fff8fffe0009fffdfffdfffc0004fffb
fff90009fff90003fff9fffcfff8000a
fff7000afffefffa000200060008fffd
0006000a00090002fffdfffbfff90001
fffcfff60002fff900020009fffc0008
fff80008fffdfff60003fffc0009fff6
0007000400050001fffafffefff9fff7
0006000000020006fff60002fff8fff9
fff60003fffdfff6fffd00000001fff9
fffe000a0007ffff0007fffa0000fffd
fffbfffefff900030002000700040009
fff80008ffff0009fff90007fffc000a
0003000400050009fff7fff7fff9ffff
000000040007fff80006fffffff9fff7
0001fffffffc0001fffcffff0008fffd
ffff0008000800000002000600090009
000a00070005fffcfff600050004fffe
000afffcfffe0004fffa0001fff90004
fff9fffc0002fffe0001fffc0004ffff
0005ffff00010001000a0000000a0003
fffafffafff90007ffff0002fffbfffa
fff6fff70002000900050008fff60003
fff7fffd0002fff9fff9fffdfffcfffc
0009fffe000a0002fffb0001fff6fff7
0005fffd0000fffe0005fff900010000
fffa0003fff8ffff0008fffd0008000a
fffd00060007fffa0005000800070008
00030006000a00010001fff8fffa0007
0003fffc0008fffe0009fffffffb000a
000afffdfff80008fff9ffff0006fffa
000afffe0006fffcfffbfff9fffcfffd
fff6fff7fff8ffff0002fffa00010005
0000fff7fffffffe0000fffd0005fff9
fff700090007fff700050007fffbfffc
000afff7fffd00050006000afff9fffb
fffcfffcfffdfffd0002fff7fffcfff9
0004fffbfffc00020003fffcfffe0000
000600040005fffbfffcfff900030008
fffefffafffc00050006fffd0006fff6
00060004fffb000100060002ffff0002
fffc0000fffcfff8000200090005fffa
fff9fff8000a00040002fffffff80008
fff7000a0005fffe0005fff70007000a
fffe00070006fffdfffb00070003fffb
fffb0007fff80006fffd0001fffbfff6
fffbfffcffff0006fff9fffbfff7fff8
fffafff9fffd0003fffcfffe00050001
0006fffc0009000300050000fffdfffe
fffafff80005fffcfff7fff8fff60001
000afff9fffd00020005fffc0003fff7
fff600080000ffff0005fff9fffc0009
0005fff7000100050002fffefffbfffd
0000fff90005fffa0000fffffffbfff9
fffe000600070009fff8fffafff6fff8
fffffffd000afff6fffafff70002ffff
0003000800010001fffbfff60000fffb
0009fff70005fff800000002fffa0009
0008fffbfffc0007fff8fffcfffffffc
00050008fff90009fffefffafffafffb
fff7fff700060009fff6ffff0002fffc
0007ffff0005fffdfff60002fffafff6
000400070008000000080000fff60000
0006fffbfffafff60003fffcfffd0005
0006fffdfff90004fffb000100020009
fffbfff800030001fffb0000ffff0007
fffd0001fffd0006ffff0001000afff7
0001000afffd000a0001fff8fffa0007
fffe0008fffa00030004fffa0006fff9
fff80007000affff0000fffd0009ffff
fffe000800030006fff8fffe00090001
fff9fff90006fff6ffff0003fffbfffc
00040001000200000003fff9fff60007
ffff0005000300060000000200090002
00020005fff9fff7000a0004fff7000a
000afff9fffbfffcffff00000006fffc
000100090008fff8fffefffd00020002
fffe000100080007fffd000a00020009
000300010003fffefffb000200040003
0008000500040006fff70008fffdfff8
00060004fffbfffffff60007fff80007
000500090009fff7fffefffafffafff9
fffe0005fff70006fffafff7fff80007
0007000afffdfffeffff0003fff70005
fffffffffffffff7fffffffbfff6fff6
fffdfff60002000afff7000800010003
000afffcfff6000a0007fffe0006ffff
0001fff9fff9fff9fffcfffefffbfff7
fffd0007000600000007fffb0002fffa
0001fff9fff600050001fffffff8fff9
0000fff8000afff8fff7fffdfffd0008
fffafff9fffdfffd0009fff800020002
fffe00020004fffc0004000a00060006
fffe0003fffffff70004000700060007
0004fffd0003000afffe00040006fffe
fffc0004fffffff700020001fff7fff9
fffdfffa00070005fffafffd0007ffff
fff70000fff9fff6fffcfff7fffa0007
00090003fffbfffb00000004fffafffd
fffcfff90001fffe000afffefff7fffe
0004fffa00010009fff8fffdfffe0005
fff600050008fffe0002000000050006
fff70000fff60002fffbfffafffafffd
00020008fffafffb0005fff700000005
fff70002fffc0007fff6fff60000fffd
fffc00020009fff90008fffffffafff7
fffdfff9fff9fff900080005000afffb
00070009000600030005fff90006fffa
0005fff70003fffcfff9fffffffb0008
0002fffe000afffffff600000002fffb
00060006ffff0008000200080005fffa
ffff00040005fff60006fff6fff8fff9
0007fff90006fff7fff70004fffefff8
0004fff800060007ffff000100000000
fffbfffd0006fffbfff7fffd0006fffd
fffe0000000a0005fffc0007ffff0008
fffeffffffff0007fffc0002fffafffd
0003fff9fffafffc00090004fff8fff6
fff90001fffd0001fff7000100080005
000100070006000afff700020009fffb
fffa0009000400090005fffb0005000a
fff80009fffbfffdfffcfff7fffc0006
000700070007fff7fffe000a0008fff8
fffdfff80007fffc00020003fff9fff8
0002000a0002fffe0005fff7fff9fffc
fffc0002fff6fff90001fff80006fffa
fff8ffff00040009fff90004fffa0002
fff9fffbfffbfff9fffe00000000ffff
0003fffcfff80008fffcfffafffe000a
fff8fffc000afffffffefff800000006
0008ffff0005fffcfffdffff0007fffb
0005000500060000000400060006fffa
fff7fff6000400070005fff9fffb0006
fffffff600060005fffb000a00090004
0002fffafff8000900000000fffd0004
00070008fffe000afff9fffffff90004
fffffff7fffdfffcfff6fffbfffefff7
000200060008000900030009fff6fff7
fffe000300040009fffe0006fffffff6
0004fff70006fffe0000fffc00090001
000a00080004fffffffd0001fffefffa
fffbfffafffd00030003fffe000afff8
fff90008fff80001fff7000700020006
0008fffcfffcffff00010006fff6000a
000a0006fff8fffdfffb000a00010009
0006000a0003000700070004fff7fffb
fff7000700000000fffb0008fff8fffb
00090002000800090004000afff7fffb
fffa00030002000700030000fff6fffc
fffa000900060006fffa0001fffffffd
00040003000300000005fff700070004
0003fffe000400060003fffffffbfff9
0004fffc000afff80000000500030008
0008fffe0003ffff000a00030008fffb
fffffffc0007fff9fffe00060007fff6
0002fff9000300030001fff700070006
000a0009fffd0000000800000002fff9
fff90006fff6fffffff6fff900030006
fffbfff9ffff00090000fffd0002fff7
0000fffefffefffdfff6fff8ffff0007
000afffffffc000800000001fff8fffd
0000fffafffffffd0000fffd00030003
fffbffff000900020001fffa0001fffd
000500030008fffd0009000800000003
00090009fffcfff8fffe000a0005fff8
000100080003fffc0008fff7fff90005
ffff0002000800090000fff60002fff6
fffcfffbfffbfffffff8000a00050002
0003fffcfffc0008fff60001fff9fffa
fff7fffcfff80005fffaffff0003fff6
fffe0003fffe0005fff60005fffe0006
fffffffb000600010005fff60004fffd
00090007fff700090004fffa0009fffe
fffa00060006000a00090005fff8fffb
0002fff800050002fffcfff9fff9fff9
fffcfff8000900080002fff900070004
fffcfffcfff90008fff9000afffb0007
ffff0003fff6fff7fff600020005fff9
000900060008fffd000600050008fffb
0005fffe000afff80004fffffffd0006
0001fffdfff70006000700060002fff8
00080002fff7fffbfff80005fff6fff7
0006fff800010006fffefff9ffff0003
0007ffff0005fffe0004fff9fffc0009
0008fff6000a00060000fffa0005fffa
fffa000800000007fffffff900080005
ffff0009fff600060000fffe00030007
fff70001fffeffff0005fff900050005
00060009fff8fffe000a000a00030001
fff6fffffff6fff70000fffefff7000a
000200050000fffdfff60005fffafffb
fffafff7000400080008000700030000
0008fff60007fff60000000600090005
0006fff60008fffbfffe0001000a0008
00070001fffb0008000100040002000a
fffbfff80002000900020000fffcfffa
0005fffdfffb000a0001000300050002
fffb00040007fffaffff0004fffe0000
00050002fff8fff80001fffe0007fffc
00020002fffdfff600050002fff90009
fff6fff70002fffc00040002fffaffff
000800070001fffffff7fffe00050001
fffdfffefff80009000afffffffb0002
fffdfffb0007fffc00020005000affff
0006fff6fff9fffdfffb0001fffbfff9
fff6fffd0008ffff00060004fffd0005
0004fff60001000100010006000afff9
fff9fff8fff80003fff6fffa0007fff6
fffb0009fffffff800080009fff9fffd
fffafff60007fff7fffefffefffffffc
fff9fffc0004fff800080008fff8fffb
0004fff70009fffe0002fff600000009
0007fffc0004fffffff6000afff6000a
fffbfffc000100030009fffc00080008
fffb000100060008fffe00070007fff6
00040009fff6fffe0009fffafff6fff6
00050009fff7000a0009fff7fff90003
0006fff90002fffc0001000afff60001
fff70002000300070002fff800050007
fff700020000fff8fffdffff00070000
0002ffff000a00030007fff70008fff9
fff9fff6fffe0008fffffffefffdfff9
fff9000afff70005fffbfffafff90003
fffc0002fffa0000fffdfff900040003
fffbfffaffff0009fff8fff80005fff8
fffefff7fff800000006000800090009
000a0009000700040008000600020008
00000008fffafff900000008fffcfff9
000800080009fff6000afffafffbfff6
fffb000500000003fffafffafffbfffe
fffa00040001fff8fff70008fff7fff7
fff60001fff9fffcfffd000100060002
0000fff600000008fffffff8fffa0006
fff6fffffffcfffa000a000400060002
00070003fffd00080004fffe00050008
00080008fffafff7fff90001fffd0001
fff80005fff80002000a0009fffc0008
000a000800090006fff7fff800050006
000700030003fff6fff7fffb00080004
00010001fffcfffeffff0000fff9fffd
0004000a000a0008fff900060008fff8
0008fffbfffa000000070001ffff0009
00080006fff80002ffff0006fffbfff9
00010009fffefffcfffbfff6fffcfffc
fff90006fffc0007fff80000fffbfff9
000a00020008fff8fff70009fff7000a
000afff8fff9fffb000afff7fffefff7
0001fff80003fffb0009000600040004
000afff8000200050007000300000006
fff9fffcfff9fff70007fff80000fffc
fff700020007fffd0003000affff0000
fffa0008000800050005ffff0001000a
00080005fffbfffc000200010004fffb
fffefffbfff9fff70006fffefffe0004
000200020002fffd0002fff70003fff8
0003fff6000000030005fffb00030002
0003000900010000fffbfffb00050000
0008fffd000300090000fffe000afff6
000a0009fff7fff7fff90005fff8000a
fffe000afffcfff900050006ffff0001
fffffff60000fffefffdfffc000afffd
fffcfffe00050008fff60000ffff0003
000a000afff900060005fff900030003
fff6fffb000afffa00080006fffc000a
0009fff80005fff7fffd00060004fffc
0009ffff0001fff7ffff00020002fffc
000100070002fffdfffcfff80008ffff
fffdfff60003fff7000000080000fffe
00050008fffffff60007000600050005
fff8fff900080007fff9fffdfff60007
0007000a0007fff7fff7ffff0000fff9
fff60005fff6fffcfff9fffffffefff6
fffafff70008fffb0001000afff6000a
0009000700010006fffa0005fffe0006
000afffd0003000afffb00030004fffe
0002fffd00030004fffb000500020008
fffc00080002fff70000fff7fffb0005
0008fff9ffff000000070000ffff0006
fffbfffb0002fff70002fffefff9fff8
0002fff60009fffefff9fff7fff8fffe
0009fff80009fff60002fff60007fffb
0006fffa0006ffff0005fff600070006
00060000fffe00070004fffcfff7fffa
00020007fff7fff70000fffa00030001
fffffff7fffffff7fffc00000005fffc
0007fff6fff7fff8fffd0000fff7000a
000000070006000afffbfff60003fffb
fffbfff80004000300010001000afff8
fffc000a00070004000400030005fff7
fffafffd000400040000fff900030002
00020005fff70006fff7fff8000afff8
fff9fff7000000000009fffcfff60003
fff9fffefff6000900040002fff70000
fffd0006fffb000affff000afffcffff
0009000afff900050009fffb0005fffa
00000003fff80003000a0007fff80001
0004fff9fffafffffff7ffff000a0001
00030006fff90002000a000600060003
0002fffdfffa0000fffd00060009000a
fff800050007fffffff60001000afff8
fffe0007000600070000000500090007
fffbffff000200070002fffd0003fffb
fffcfff8000a000300050000fff70000
fffb000400040003fff900010000fffe
fff7fff6000700050000000400030008
fffcffff0007ffff0006fffffffc0002
fffbfffafffdfffb0003fff700070005
fff70009000afff9fffb0004fffcfffe
0004fff8fffe0008fff6fff6fffbfff8
fffcfffafffefffefff6fff8000a0004
fffdfff9000100050004fff70006fff8
fffa0001fff900040002fffd0007fffc
00090001000300010002fffd0006fffe
fffbfff7fffc0003fff7fffd00090005
00070005fff60001fffdfffcffff000a
fff9fffafff6fffa0004fff8fff60000
fff60005fff900080004000afffc0002
0007fff7000200090003fffcfffa0009
fffefffc0001000400040004fffa0009
000900020000fff7000900080000fffc
fffdfffb0007fffdfffdfff9fffafffc
fff600020008fffcfff6000300000005
fffcfffa0002fff60006fffd0009fffb
000afff6fff8fffbfffafff8fff9fff9
0003fffd0005ffff00070001fff9fff7
fff6fffffffe0008000700000005fff6
0004000000040004fffcfff7fffefffd
fff80004000500060001fff60007fff7
00050008fffd0002fff6fffdfffffffc
fffffffcfffd0003fffffffdfffafff7
0008fffffffcfff60003000200060009
fffc000900050000ffff000300050005
000afff9fff70009fffafff70005fff9
000a0007fffffff60001fff8fffafffd
fffb0003000700080002000a000afff9
fffbfffe0003fff80002fffefff6fff6
fff6000200080008fff80002fffd0004
ffff0006000afff900020007fffe0005
0001fffdfffefff7fffa0008fff8fff8
000600030004fff9000400040007fffb
0006fff6fffefffefff80003fffe0003
fffbfffe0005000300090009fff60002
00030003fffa000600030000fff80007
fffd0001fff70002fff80008fffd0003
0004fff6000400090008000600020000
fffb000300000009fffa0006000a0004
fff70003fff8000200000002fffe000a
fff6fffa0008fffefff6fffefffffff9
fffe00010007000600040009fff7fffa
0007fffb0007fffdfffb0009fffcfffc
00090001fffbfff60005fffd0001000a
fffffffd0002000100030008fff80000
fffe000000010008fffe0008fffd0008
0004fff900050001fffafffc00080002
00000006fff6000a00010002000afff9
00070002fffbfffe0005fffe0002fff9
fff9fff6fffd00060007000100090008
000a0004000700040008fffd00090008
00060009fff700040009000000030006
fffefff800010002fff70001fffffff9
fffd0008fff8fff800000003fff7fffc
fff9000900040007fffd000900020000
fffdfffffffc0001fffa000a00060000
00050009fffb00090004fffafff90009
fffd000900090001fffd0006fff7fff9
fffd000afff9fffffff700010001fffe
000400030008fffbfffe0000fffb0009
0001fffe000100010003fff8fffdfffe
fff7fff8fffb000afffefffefffbfff8
000a0002fffd0008fffdfff600090006
00060000ffff00070006fffe00000000
0009fff6000600060006fffcfffc0008
0008fffe0005fffa0001fff70009fffd
00060005fffbfffe0006fffdfff60001
00000000fff7fffcfffafffefffa0003
fff8fffa0000fff7000afffa00040002
fffb000100040006000afffb0003fffd
0002fffd0001000400070006ffff0008
0003fffdfffbfffdfffafffa000afff6
000800030001000600040000fff60009
fffafffb00020008fff7fff700020008
00040009fff70004000afff60008fffe
fff9fffefff8fffe00070001fffd0006
fffdfff80005000400020007fff6fffe
0001fffdffff000afffbfff70009fffc
0004000afffb00040007fffafffe0002
fff6fffafff80002fff700010005fff7
fff90004fffc0004fff6fffafffbfff9
fff9fff60003fffefffe000800090001
fffbffffffff000600060007fffd0000
fffb0002fffafff700090009000affff
fffafffa000000070001000afff80003
000afffd0003000900070008000a0003
fff9fffdfffa000afffd0002fffcfff8
fffc00070000fff600080003fffffff8
00010001ffff000200040006fffa0000
fff8fff80009fff70003fff80006fff7
ffffffff000600050006fff9fff90006
0006fff700070000000afffafffc000a
00070001fffc000a0003ffff0007fff8
0001000500050007fffdfff6fffcfffb
000900000007fffd0003000100040003
0005fffcfffffff9fffbfff8fffcfff9
fffafffffffafff60000000300010008
fffafff700090009fff7fffa0007000a
fff900000002fff8fff6fffbfffefffe
fff700050003fffd0009fff900090007
fffafffafffd0002fffa0003fffcfff7
fff7fffcfffefffc0000fffa0007000a
fffa0002fff70004fffa00010008fffa
fffefffefff9fff7fffc0005fffafff8
fff700090005fffbfffefff90007000a
fffbfff7fffefffa0008fff7fffbfffd
0007fffbfffefffdfff6000000080005
fff9fffdfffd0004fffafff800070007
fff80006fffdfff900050005fff80009
00080001000300060001fffb00090001
0005fffc0001fffcfffb0008ffff0003
fffd0004fff7000700020000fff70008
fffefff6fff9000100060001fffefff9
0004fff9fffc0009fffafff8fffefffc
ffff0008fffd00090006fffdfffcfffc
000800080002fffc0003fffa0003fff8
0000fffafff80000fffefffefffafff8
0000fff9000400080007fffdfffb0001
0008fff7fff7fffc000400090009fffa
fff60000000afffbfffffff9fff9fff6
0007fff70003fffdfffc0008fff60005
fff7fffdfffeffff0003fff70002fffa
fffd000100030000fffb000300030000
fff7fffbfffcfff700010000fffcffff
00080006fff8fffafffe00000001fffa
00040009ffff000a000700030004fffa
ffff00030004fff80001fffcfffcfff7
fffd0004fff90004000500090001000a
fffcfffdfff60009fff70006fffd0005
00070009fff60005fff8000a0008fffe
00080002fffffffb0005fff800010002
00010009fffbfffcfff9fffd00040001
fffb00060004fffbfffa00010007fffd
000afffa00060001fffafffb0008fffb
0000fffdfffcfff60003fff800010002
fff7fffe000100090002fff800000004
fffffff8fffefffbfff8fffefffafff6
0004fffd000400090009fffe0001fff8
0002fffdffff0002fffcfffd00000000
fffdfffb00080008fff6fffb0008fffa
fffefffffffbfffa0000fffffffd0003
00080005fffcfff70000fffe00050006
fffb0006fff700030006000100040009
000500060004fff80008fff800000003
fff800090006fff7fffcfffd0009fffb
fffafff6ffff0007fffdfff60001fffd
0006fff7fffc000afffcfff9fffc0008
0008fffa00050002fff70008fff70009
0007fffc00020004000afffe000a0000
0008000100070001fff7fffdfffd0009
fffafffbfffb00000000000700050004
00090008fff70000fffb0009fffb0000
fff8000a000a000700020009fffffffa
fffd00090004fffb000500020000fff7
000200010006000a0003fffafff70006
fffeffff000afff8fffdfff6fff9fff8
fffafffc0006fffefffffffc0001fffa
fff7fffc0009fffcfffcfff700060002
fff6fff6fffafffcfff70005fff80008
000afff800090002ffff0006ffff0008
0001000000050003fff7000400040002
0002fffa0009ffff00070006fff80007
fffe00090005000afff90001fff8000a
0003fffafffafff60003fff9fffaffff
fffe000400000002fffefff80009fffc
fff900020008fff70006fff900070000
fff80003fff7fff7fff7fff8ffff0001
00080002000500040007000afffa0003
fff800000008fff60002000400020009
fff8fff90005fffafff7fffc0007fffe
0006fffafffb00040004000600020000
0008000100010006fffa000100040008
000afffcfffc0000fff7fffa0001fffc
0001fffafff6000500070006fff6fffd
fff60004000600000006fff7fff90009
fffafffb0002fff90000fffe000a0007
fff9fffd00070002fff6fffe00020000
0006fffb0001000afff9000a00090004
fffb00040005fffcfff60005fffbffff
fff6000000090008fffffffcfffdfff7
000afff8fffeffff0003fffbfffd0007
fff7fffa0008fffe00070004fffd0007
fff7fff90000fffd0009fffe0008fff6
0009fffb0008fff600070005fffcfffb
0005fff90008fffc00090004fffb0009
00080007fff90004fffb00050000fffe
fffcfff6fff8000800080004fffe0001
00080009fffbfffefff7fffe0009fffd
0006fff600080000fffe000900060001
00050008fffe000a00080007fffe0009
fffefff8fffbfffd0002fffffff8fff9
00060009fff90001fffafff8fffffffc
fff800050001fffc0009fff6000affff
0001fffc00030008000500020004fffb
fff9fffe0003000a0002fff7fffe0007
fffbfff8fffe0003fff7000600000006
0001000affff000a0007fff6fffa0000
fff7fffafffb0004fff60002fff6fffd
0008fff700040003000800060006fff7
0006fffd000100020009000800090004
000afffefff80002fffe0000000afff7
fff7fffefffdfffc0002fffe00060003
fffc0009fffa0000fffb00030009fff7
fff6fffffffe0002fffe0000fffcfff6
fff90004fffcfffefff80006000a0001
ffff0001fff6fffafff90004fff70004
fff7fff900070005fff7fff90009fffd
fffc000200080002fffdfffb0005fff7
fff7fffb0002fffdfff80008000a0009
fffcfff8fffdfff7fffc0003fff70008
fff600070000fff6fffe00070000fffc
000a0009fffefffbfffd0003000afff8
fff8000afff6fffcfff7fffd0001000a
fff9fffafff60000fffd0006fffd0009
fff9fff90009fffc0004fffdfff7000a
ffff000a000a00030000fff90002fffa
fffa0008fffb000100080000000a0005
0005fffcfff700010008fff7ffff0000
fff80006fff7fffcfff6ffff0000ffff
0005ffff0000fff6fff9fff6fffefffd
fffafffefff700070000fffa000a0006
0000000000020000000300020008fffb
fffb00010001fff7fff900060006fffa
fff7fff8fff600030005fff8fff6fffe
fff6fff8fffdfffb0007000afffefff6
0002fffb000400000008fffc0009fffe
fff900000001000a0009000500070008
fffc0000fffb0009fff80007ffff0001
fff800020004000700070008ffff0004
fff60000fffd000afff6fff90004fffc
fff8fff9fff9000600060009fffc0006
fffcfffe00000005000400070005fff6
fff9fff8fff7fffdfffffffcfff7fffa
fff700030000fffdfff700020006000a
0001000300080000000800070002fffd
0002fffe000000040005fff8000a0005
00050003fffffffb0008fffd0008fff9
fffb0002fffffff8fffdfffb0008fffe
fff900090004fffcfff600000001ffff
fffbfffd0001fffa0002fffa0007ffff
0004fffaffff00050004fffc000afffd
fff80000fffb000a0002000a00000001
fffcfffafffbfff7000a0003fff80005
00090009fff9000100000005fffafff6
000600060009fffc00030002fffa0004
000700020006fff8000afff600050003
00010006fffbfff6fffb000a0003ffff
fff7fffe0008fffbfffcfffdfff60002
0006fffe000afffd000300040002fff9
ffff0004fff9fffd0005fffafff90002
fffd0001fffdfff7fffdfffdfff80001
fff7fffb0003fffe000600010008fff8
0001fffb0008fffa00010006fff9ffff
00060000fffc000000000002fffafffd
000000040002fff600030008fff60005
0004fffcfffcfff90004ffff00050000
fff70008fff600010005fffd00090003
fff9000400000009fffffffc0003fffb
00030002fffafffafffa0000fff6ffff
0007000a0000fff60006000afffeffff
fffb0009fff7fffffffd00070004fffa
00020007ffff0005fffe00000003000a
fffb000800070003fffffffefff7fffe
fffa000a0005000100010001fff9ffff
0009fff8fffe0006fffffff8fff8fffc
000afffa0000fffc00090004fffb0004
fffafffd000100050008fffa000afff9
0002fff9fffcfffefffe00050008000a
fff6fffcfff9000500090008fff60008
fffafff9fffefffd00050007fff60000
fff6fffb0003fffbfffe0004fff90009
000a000300030008fff6fff900050003
000300010008000000000003fff7fff9
0002fffb0006fff80007fffc0000fffb
000400010005fffd0005fff800080001
00030009000afff70002fffdfffe0002
fffd00050008ffff000afffdfffefffd
0007fffb0009fff7fffa0004fffcfff6
fffcfffdfffc000a0002000900060000
fffa00070006000a0006fff7fffcffff
00020005fffa00070004000900010004
fffbfffc0000000000040003fff80002
ffff0005fffbfff6fffc0007fff9fffc
fff600000002fff8ffff000100000000
fffffffffffafff60003fffa0007ffff
0005000600000008000a0006fffb0001
fff600000002fff6fffa0006fff6fff9
000900040007fffb000a00020009fffc
fff70002fffd000500080007fffdfffe
fff9fff6fffffff9fffefffdfffcfffa
00040001ffff000300090004fffd000a
000400080006fff600050007fffafffa
000700040004fff6fff7fff8fffbfff6
0004000afff8fff8fff70008fff70001
fff6fff60001fffdfff7fffa00050005
000100090000fffefff9000600040006
0008fffdfff70009fffd0001fff80003
fffa0004fffb00060004ffff0009fff9
fff7fffffff7fff8fff70004fffbfffc
0009ffff00000007fffffffe0009fffe
fffa00050009000affff00010005fffb
fffb00020005fffcfffd0005fffa0008
0006fffe000500010007000a0006fff6
00020000000600000006000a00030001
000900050008ffff0000fffdfffdfffa
0000000a00070004ffff00060000fffb
fff9fffd0002fff700070000000a0008
fff8fffaffff000800040009fff90009
fff8000a000900070007fff60001000a
0001fff9fff8fffd0006fff8ffff0003
fff7fffffffa00080002fff6fffb0006
fff7fffbfffdfff7fff6ffff0009fff6
fffafff90003fff9000afff8fffe0004
0000fff90002fffaffff000100000009
fffc00000005fffd00050005fffa0008
0002fffc00070000fff600090005fffb
fffefff70009ffff00020008fff80009
fff80003000300080000fffcfffbfffb
000400030009fffe000afffcfffcfffc
00050008fffdfff6000a000700040006
fffe0001000400000002000800050004
000900090005fff70001fffffff90006
fffe0000fffa000a00010002fffd0008
0004fffd000a00010003fff80008000a
00080009fff80006fffc000900080001
fffe0009fffa0006fff9000800010007
fffa0008fff80007000800050004fff7
0007fffa0002fffafffdfffe0009000a
000300060006fff80002fff900040005
0006fffefffd000afff8fffd00050009
fffd000a0000fff6fff9fff8fffdffff
fffcfffbfffa0006000300010001fffc
fff90005fffdfffd0000fffafff90004
fffe000afffffff900010007fff7fffc
fff8fff8fffd0006fffffffdfffafff6
0000000900030009fffafffffff6fffd
fffd00030003000700030006fff9fffc
fff90003fffefff9fff900050001fff8
000a00050009000300090008000a0005
0008fffa0000fff60009fffd0009fffe
fffdfff6fffffff6fffd000000080003
0001fffdfffefffc0004fff9fff90001
00050004fffa000a00090007fffffffa
fffcfff600080007ffffffff0002fffe
0007fffdfff800050003fffcfff80007
fffc0009000900080005fff6fff7ffff
0002fff90007fff60002fff6fff90009
fffd000700010007fffb0007fffafff8
00040000fff80006fffffff600060004
0003fff8fffcfff8fff9fff9fff60000
fff7fff700060004000a000200020002
fff8000300020006fff70008fff70009
fffe0006fff7fff900070009fffe000a
0000fffbfff6fffffff600020001fff8
00010003000a000a000400050003000a
fffafff7000200050008000900050005
000afff9fff600010006ffff0008fff7
000afff8fffe00090006fffe0004fff6
fff90007fff6fff7fffe0005fffcffff
fffe0006fffe0000fffb0000fffa0003
fffcfffbfffbfffffff800020004fff7
fff7fffffffffff6000000010000fff6
fff7000a0004000600030006fffbfff7
fffb0007000000050004000300080005
ffff000500010004000900040007fff6
000300010000fff60008fffbfff7fffe
0001fffbfff6fff8fff6fff90008fffc
000800080001fff7fff70002fff7fff6
fff9000400010003000100070003fffa
0005fffa00090009000a00020006fffc
fff7fffb0003fff80003fff60007fffc
000a000300030001fffb000300060006
00060005fff800080005fffffffd0006
0003fffd000500030003fffd00020000
000500070000fff8fff6fff8fff80007
000500050006fffcfff6fff8fffe000a
0006fff80003ffff0006fff60002fff6
fffcfffe0000ffff0000fff60004fffc
0007fffcfffc000000020002000afffc
0004fffd00020002fff8fffafff70002
fff6fffdfffbfff9fff6ffff000a000a
00020005fffe0009fff600040004fffb
0009fffd000100090005fff6fff9fffc
0002fff7000a0000000600020005fff7
00080004fffafffafffe0006fff9fffa
fffe000800070008fff600080000fff6
0009fffafff7fff70007fffd0008fffb
0007000a000600090008fffc00040004
fffa0004fffafff8fffd0001fffb0002
0008fff6ffff00030009000a0002fff7
0008fff8fff8fffc00070006fffb0007
0000000afffe0000fff7fffbfffd0007
00050003fffd0006fffbfffffffefff9
0001fffefffcfff90008fff80003fffd
fff8fffcfffa0003000900010004fffd
fffd000a0002fffd0007fff6fffc0006
fffffffc0000fffdfffefffdfffb0001
fffcfff7fff80008fff7fffc000afffa
ffff0006000afffe000500080002fff7
0006000a00080009fff70006fff90002
0000000600020001fffa0002fff7000a
0005000900040001fffd00010009fff8
fffdfffd00000006fffe000400060000
0000fff8fff6fff8fffcfffbffff000a
00070001ffff00010004fffcfffafffd
0000fff8fffcfffefffefffbfffafffc
0001fffe0000fff6fffd00030003fff6
0008000600020000fffd0001fff8fff8
00010000fff700050005ffff00060009
fffa0001fffbfffa0006fff600030003
00090004fff7fffdfffe000500060009
0001fffc0005fff7fff8000000030007
00070006000a0007fffafffe0005fffc
000000090006fffcfffe000500010006
0009fffdfffefffcfff6000600080006
fffb0009fffc00000003fff6fff8fffe
0002fffcfffa000600080001fffbfff8
ffffffff0002fff9fffe0007fff70001
fffffff9fff80003fff7000affff0007
fffbfffcfffb0007fffe000a0000fffd
00010003fffbfffa0005000700050000
0004fff6fff9fff6fffb0006fff70009
fffd000a000000020000fff90004fff8
0009fffafffbfffefff70005fffafff6
0007fff70000fffe0008000afff6fff9
0004ffff0007ffff0005fffdfffe0001
0009fff8fffbfff800000006fff90005
000400020006fffefffefff80007fffa
0000fffefffcfffa0000000100040008
00090000fff7fff80006fff70001fffe
00070007fffefffdfffe0007fff8fff9
0005fffa0007fffffffbfff90008fffd
0002000000000007000afff7fffc0000
fffcfffa00080005fff8fffafffafff7
fffa0004000600080007ffff00000006
00020001000a0004fffbfffefff80001
fff6fffb00020005fffbfffefff90004
0009fffb0004fff7000afff70008fffd
0005fffd0002ffff00080003fff90005
fffe000a0003fffe0005fffd0006fffb
0004000400060003000afffb0001fffa
fffa000900010004fff9fffafff70004
000000090003fffe0006fffd000a0001
00090004fff7fffdfff700020006fff7
0001fff700000007fff8ffff00000009
fffafff8000affff0000000000070008
fffcfffefff8fffdfffffffbfffcfff9
fffdfff7000800080004000afffffff8
0006fff8fffe00020006fff9fffafffa
0002fffffff70009fff900000006fffd
0002fffa0000fff800050006fff7fffb
0004fffffffd0007fffa00030007fffd
fffd0005fffffffc000400000001fffd
fffc0007fffc00060007000500010008
0006fff90001fffe0007fffe00060007
00080005fff90009fffffffafff70000
fff900040005ffff00030004fff6fff6
fff90006fffb00030009fffe0009fffd
fff8fffe0007fff8fffa000600050006
fff9000300080008fffc000afffa0007
fffe00090009fffdfff6fff70000fffd
0000000000010001fffd0008fffb0000
fff6fffb0007fffd000700060005fff6
fff70001fffa000afffbfff70008fffd
fff90002fff90003fffdfff70006fff7
fffbfff7fffb0002000a0004fffcfff7
fffffff6fffffffcfffefffc00010006
fffd00060007fff80004fffafff60000
fffafff9000600010002000900020009
00040003fff60008fff80007fffa0006
0003fff7000a0007ffff0002fff6fffa
0009fffffffffff600070004fff70001
fffe0000fffa0001fffafffcfffcfffd
fff9fff7fffbfffb0003000400060008
0009fff6fffdfffb0004fff9fffefffb
fffbfff70004fffffff900040006fff6
0007fff7fff800070000fffa000a0005
ffff00000005fff8000afffbfff9ffff
fff600060000fffc00090009fff9fff6
0000fff9fffdfffd0000fff9fffd0006
000afff7fff7fffb0000fff60000ffff
0001fff8fff80003fffefffc0004fffd
fffcfff90007fffe0009fffa0002ffff
fff8fff7fffffffc0009fffdfff8fff6
fffb00040006fffefff8fff600030003
00050004000900040009ffff0002fffc
0003fffefff8fffd0006fffe00050005
0007fffdfff90002fffafffefffd0004
0009000300000009fffffffbfffb0009
0003fffa0007fffc000afffe00090006
0009fffafff8fffafff7fff8fffb000a
fffffff8000600080009000600050003
0000fff6fffafffafffb00050002fff9
fff7fffc0007fffb0005fff90008000a
0002fff900050002ffff0000fff8fffa
fff800080006fffd0009fffb00020001
0000000400060002fff60008000a0003
fff8fffd000a00030005ffff0006ffff
fffffffbfff8fffb0009fffc0000fffb
0006fff9fff6fffb0003fff9fff80000
fffefffb0002fffafff9fff9fff8fffc
fff9fffffffb0009fffb00070003ffff
fff9fff800080007fff6000afffcfffe
0003fffb000a00010005fff9fffafff9
fffefff6fff600000002fff60005fffa
0008fffffff90008fff6fff6fffffffb
000500030000fffd0009fffafffc0009
fffa0007fffa0000fffd0009fff60007
000400020008fff90005fff70006fffd
fffd0001fffd00080004fff8fff70006
fff800030008fff60004000afffe0005
ffff0007fff600070005000900000006
0004fff70003fff90006000200040002
000afffd0009fffc0007000700040000
000100010002fffc00040009fffafffd
fffd000500020003fffe0008fff7fff7
fffb0002fffefffbfffdfffdfff6ffff
fff9000a000a0009000a0000fff8fffe
fffe000afff9fffdfffa00070009fffa
000200050006fffdfffb0007fff70007
0001000afffe0002fffcfff7fff8fffa
000a00030004fffd0003fffdfffbfff7
00010002fff700050005000afff8fffc
fff900020004fff70009fffcfffdfffc
00030000fffdfffe0009fffbfffefffb
00040001fff9fffb0008fff6fffc0003
000afffcfff60009fff8fff8000a0009
000a0004fff7fffd0008fff700050002
fffdfffb0004000500010009fffd0001
0007fff70003fffb000a00010004ffff
fffafffa0003fffafffd000afffefffc
fffb00030006fff60003fff90007000a
fffb0001fff8fff9fff6fff6fffa000a
000800040008fff8fffcfff700060008
fffc000300090008000a000200040003
fffffffcfffcfff80001fffa0002000a
0008ffff0001000900090000fffdfffa
000400080005fff60006fffb00000006
fffd0007fff8000900000004fffafff6
fffafff70008000a0002fffffffffff9
0000fffb000a00040007fff8fffefffb
fff800090000fffb0001fffcfffdfff9
fffcfff7fffefffafffc0001fffc0006
00030008000a00020005fff60006fffe
0000fff6fff90001fffdfffe0006fffb
fff9fffc0006fff70009fff9fffd0008
fffd0008fff7fff60009ffffffff0001
fff60006fffcfffb00020000000affff
fffb000afff600020002fff90000fffd
00020006fffe00060009fff600080002
00090002fff60002fffd0005fff9fffb
fffb0007000a0006fff9fffafffc0003
fff7fff7fffbfff90000fffcfff9fffc
fff8fffefff6fff600060007fffb0008
fffefffefffdfff9fffd0009fffdfffe
0005000afffcffff0003000a00090007
fff70007000afffd00080008fffc000a
fffd0006fffd0006ffff0004fff8fffc
fffafff70004fff8000700060008fffa
00040007fff9fffdfffe0000fffd0006
fffe0009fffa000700090001ffff0002
fffcfff7fffe0001fff70005fff6fffe
fffd000a0005000200000002fff60007
fff60009ffff0002fffc00090008fff9
fffe0001fff7fffdfffefff70001fffb
fffafffcfff6fff90001fff9fff80002
0008000afffa0005fffafff70000fff8
fffb0003000200010001fffefffc0006
fff60007fff8fff8fffc000afffdfffa
0003fffdfff900080009fffffffcfffc
0009000600090001fffcfffdfff8fff9
fffffffefffa00070007000000050005
fff9fffa0009000200000008fff60001
fffc0007fff700050000fffefffd000a
fff90000fff7fffbfffcffff00050009
00060007fffa0006fffcfff70002fff7
0003fff90001000900010004fff6fff7
fff600080009fffdfffcfff800070001
000100050004fffa0005fffa00010008
000600000003000400020004fffffffe
fff9fffbfff700020003000600080001
fffbfff60000fffa00060003fffc0008
0009fffefff600050006fffafff90002
fff6fff7000800040006fffffffafff9
ffff0004fff9fff700030009fffbfffe
fffd0005fffe00080007fff900000003
fffbfffa000000030008fff90006fffb
fff6fff8fff6fffafffafffc0004fffb
000afff800070005fff6fff60001fff9
0008000100030001fffe0003fffe0003
000800030007fffefff700030001fffd
fffffffcfffafff80003fffe00050001
fffefffe0000ffff00030005fffffff9
fffa00060004fff9ffff000500060006
ffff000a0005ffff000600040009fffa
0000fffcfff9fffe0002fffd0004fffb
fff70004fffb0003000a00040004fffd
00030003fffe0002fff7fffd0003ffff
fffffffbfffcfffb00010009fffcfff8
fff700070009fffa00070005fffd0008
000700030009fff90007000a00020005
fffa0007fffb0003000a00080008fff9
ffff0007000afff9fffdfff80002fff9
fffafff8000afffc000200090000fffd
0005fffe00030008fff60001fff60008
fff7fffa00030007000afff90005fff7
fffd00030005000000030005fff60009
fffe0003fffefff8fffafffdfff6fffb
00000004fffa00070007fffb00010006
0006fffb00020003fff9fffa00070001
fffe000700070001000200040005000a
00050005fffaffff0002fff90009fff9
0004fff6fffd00060001fff800070005
0000000300020000fff8fff7fff70009
ffff0001fffcfffcfff7fff7fffefff9
fffe00040008fff6fff6fffefffffffd
fffb0002000300010007fff80001fffd
00010006fff60000fff700080007fffb
fff8fff8ffff0005000300050002fff6
000100020001fff6fffd0009ffff0007
000700020000fffeffff000a000a0004
0000fffb000afffbfffe0001fff8fff6
fff60004fffafffdfffb0001fffc0003
fff6fffdfffafffc0008fff90001000a
0006fffbfff9fffd00070002fffdfffc
fffffff8fff7fffe00050000fffe0006
fffc00090003000a0002fffd00010007
ffff0005fff9000100030003000a0007
000afff6fff7fffa000400000005fff8
fffa0002fffefff8fffffffcfffe0001
0004fffefff6fffd0001000600060003
fffa0003fff90002ffff0002fffb0008
0005fff8fffd00070006fffafffcfff6
fffafffb00070007000000050004ffff
00060000000400070001fff8000a000a
fffc0000fff900090009000000010004
fffefff7fff7fffcfff8000200040006
fffdfffe000200050008000900040002
0008fff70001fffdfffbffff00070000
fff60007fffc0008fff8fff9fff80001
000900090001fff6fff7fffe00060006
00000004000a0000fff7fffc0005fffe
0000fffe000300010002fff6fff60007
ffff0003fffcfffa0004fff6fff6fffb
00090006fffb0007000600090006fffe
000100070005000afffd0005fff7fff7
00050008fff800060007000600090009
fffa0003000a00080004000a0005ffff
fffcfff7000200080002000800020004
fff6fffefff9fffbfffe000a0000fff8
0002fff900050006fffd00060007fff6
fff90001fffbfffb000afffbffff0007
fffcfff70009fffafffd00030003ffff
fff6ffff0003000a0008000afff8fffb
fffe0001fffafffd0003000100000007
fffdfff80004fffffffcfffa0000fffc
0007000700070001fff600000002fffd
0006fffb000a0002fffefff8fff70009
0007fff6fffe0003ffff0009fffd0008
fff600020007fff70006000000040001
fff9fff8fffe0009ffff00070008fffa
0007000afff6fffb0001fff7fff6000a
fff60006fffcfffbfff8fff600020002
fff6fffefff90001fffdfffcfffe0006
fff9000000020002fff90004fffcfffe
0004fffefff9fff90006000700000005
fffafffa0006fff70009fffe00090004
0005fff80008fff700030006fffdfffb
0007fffa0006fff6fffffff70009fffe
000afff7fff7fffefff8fffe0004000a
fffc0004fffafff8fffbfffefff80005
fff6fff6fffefff90006fffd0005fffe
0000fff6000700030007000100000003
000600090007ffffffff00020002fffb
fff7000300020009fffffffe0002ffff
0008fffb000a000200040001fffa0001
000700030000fff6fff900010007fff7
fff70004fffb0004000a00060002fffa
fffb00090009fff9fff6fff7fff6ffff
fff70006fffe0004fff800080005fff7
00070006fffdfffe000100080005fffd
fffd0009fffa0007fffafff90008fff6
0001fffcfffd000a0006fff90006fffc
0002fff80000fff60007fff6000afff8
ffff000afffefffd0008fffa0008fffa
ffff0008fffb0008fffd0009fffbfffc
0001fff800030004fffd0006fffd0001
fff8000a00010009000afffd0001fff8
fffe0005fffdfff6fffdfff900080008
00010007000100070005fffb000a000a
fffafff9fffefff70001000000010009
fffdfffc0003fffcfff8fff700060000
fffcfff80006000afff9000a0007fffe
fffffffafff7fffa00030004fff9fffc
0003000800040007fff8000afff70001
fffa0001fffb0002fffdfffefffbfffa
00070006fff90004fffefffbffff0006
0006fffd000400020000fff9fff8fffa
fffa0003fff7fffdfff6fff7fff9fffd
fffd00040007000900050006fffa0007
000afffefff7fffe0006000100020002
0003ffff0006fff80007fff800030005
00010000fffc0006fff700050008fff8
fffd0004fffdfff7fff80004fffe0008
fffdffff00020006fffb00000007fffd
0006fff6fffb0001fff9fffefffffffa
ffff000a0000000afff6000200030008
0008ffff0007fff60003000200040002
ffff000900050007fffefffd000a0005
fffd0002000afffd0003000600080004
fffc000400070005fff7000200060006
fffdfffffff6000800020002fff7000a
000900070001fffe0002fff900080005
0000fff700030004fffcfffe0000fff8
fffe0002fffd0005fffbfff60004fffd
fffe00070004fffafffefff9fffffff7
fffc0006000300080000fffdfff9fff8
000700030001ffff0003ffff0000fff7
00070005fffe0001fff8ffff0001000a
00080009fffd0002fffa0002fff6fff8
fffafffa0000fffdffff0007fffc0002
0004000200070009000200070000fffd
0009fffe000000060004fff60009fff8
0003fff9fffb0009fffbfffd0001000a
0009fff70003fffcfff90005fffcfffd
fff900010006ffff0007fff8fff9fffa
0001fff80009fff60009fffa00040008
000700040003fffffffdfffefffa0000
00050004fff8fffbfffb000000020005
fff70005fffefffcfff900010004fff8
