Copyright 1986-2021 Xilinx, Inc. All Rights Reserved.
---------------------------------------------------------------------------------------------------------------------------------------------------------------
| Tool Version      : Vivado v.2021.1 (win64) Build 3247384 Thu Jun 10 19:36:33 MDT 2021
| Date              : Fri Sep 18 14:41:06 2026
| Host              : ROG-Lunan running 64-bit major release  (build 9200)
| Command           : report_timing_summary -max_paths 1 -file D:/008_MA_Dev/Sync_OTA/reports/v51/routed_endpoint_audit_20260918/timing_summary_checkpoint.rpt
| Design            : sync_ota_top
| Device            : xcvu11p-flgb2104
| Speed File        : -2  PRODUCTION 1.27 02-28-2020
| Temperature Grade : E
---------------------------------------------------------------------------------------------------------------------------------------------------------------

Timing Summary Report

------------------------------------------------------------------------------------------------
| Timer Settings
| --------------
------------------------------------------------------------------------------------------------

  Enable Multi Corner Analysis               :  Yes
  Enable Pessimism Removal                   :  Yes
  Pessimism Removal Resolution               :  Nearest Common Node
  Enable Input Delay Default Clock           :  No
  Enable Preset / Clear Arcs                 :  No
  Disable Flight Delays                      :  No
  Ignore I/O Paths                           :  No
  Timing Early Launch at Borrowing Latches   :  No
  Borrow Time for Max Delay Exceptions       :  Yes
  Merge Timing Exceptions                    :  Yes

  Corner  Analyze    Analyze    
  Name    Max Paths  Min Paths  
  ------  ---------  ---------  
  Slow    Yes        Yes        
  Fast    Yes        Yes        


------------------------------------------------------------------------------------------------
| Report Methodology
| ------------------
------------------------------------------------------------------------------------------------

No report available as report_methodology has not been run prior. Run report_methodology on the current design for the summary of methodology violations.



check_timing report

Table of Contents
-----------------
1. checking no_clock (0)
2. checking constant_clock (0)
3. checking pulse_width_clock (0)
4. checking unconstrained_internal_endpoints (0)
5. checking no_input_delay (133)
6. checking no_output_delay (1536)
7. checking multiple_clock (0)
8. checking generated_clocks (0)
9. checking loops (0)
10. checking partial_input_delay (0)
11. checking partial_output_delay (0)
12. checking latch_loops (0)

1. checking no_clock (0)
------------------------
 There are 0 register/latch pins with no clock.


2. checking constant_clock (0)
------------------------------
 There are 0 register/latch pins with constant_clock.


3. checking pulse_width_clock (0)
---------------------------------
 There are 0 register/latch pins which need pulse_width check


4. checking unconstrained_internal_endpoints (0)
------------------------------------------------
 There are 0 pins that are not constrained for maximum delay.

 There are 0 pins that are not constrained for maximum delay due to constant clock.


5. checking no_input_delay (133)
--------------------------------
 There are 133 input ports with no input delay specified. (HIGH)

 There are 0 input ports with no input delay but user has a false path constraint.


6. checking no_output_delay (1536)
----------------------------------
 There are 1536 ports with no output delay specified. (HIGH)

 There are 0 ports with no output delay but user has a false path constraint

 There are 0 ports with no output delay but with a timing clock defined on it or propagating through it


7. checking multiple_clock (0)
------------------------------
 There are 0 register/latch pins with multiple clocks.


8. checking generated_clocks (0)
--------------------------------
 There are 0 generated clocks that are not connected to a clock source.


9. checking loops (0)
---------------------
 There are 0 combinational loops in the design.


10. checking partial_input_delay (0)
------------------------------------
 There are 0 input ports with partial input delay specified.


11. checking partial_output_delay (0)
-------------------------------------
 There are 0 ports with partial output delay specified.


12. checking latch_loops (0)
----------------------------
 There are 0 combinational latch loops in the design through latch input



------------------------------------------------------------------------------------------------
| Design Timing Summary
| ---------------------
------------------------------------------------------------------------------------------------

    WNS(ns)      TNS(ns)  TNS Failing Endpoints  TNS Total Endpoints      WHS(ns)      THS(ns)  THS Failing Endpoints  THS Total Endpoints     WPWS(ns)     TPWS(ns)  TPWS Failing Endpoints  TPWS Total Endpoints  
    -------      -------  ---------------------  -------------------      -------      -------  ---------------------  -------------------     --------     --------  ----------------------  --------------------  
     -0.766     -647.378                   3336              1120571        0.006        0.000                      0              1120231        0.431        0.000                       0                272110  


Timing constraints are not met.


------------------------------------------------------------------------------------------------
| Clock Summary
| -------------
------------------------------------------------------------------------------------------------

Clock   Waveform(ns)         Period(ns)      Frequency(MHz)
-----   ------------         ----------      --------------
clk125  {0.000 4.000}        8.000           125.000         
clk150  {0.000 3.333}        6.667           149.992         
clk500  {0.000 1.000}        2.000           500.000         


------------------------------------------------------------------------------------------------
| Intra Clock Table
| -----------------
------------------------------------------------------------------------------------------------

Clock             WNS(ns)      TNS(ns)  TNS Failing Endpoints  TNS Total Endpoints      WHS(ns)      THS(ns)  THS Failing Endpoints  THS Total Endpoints     WPWS(ns)     TPWS(ns)  TPWS Failing Endpoints  TPWS Total Endpoints  
-----             -------      -------  ---------------------  -------------------      -------      -------  ---------------------  -------------------     --------     --------  ----------------------  --------------------  
clk125              0.050        0.000                      0               303378        0.019        0.000                      0               303378        3.458        0.000                       0                 93486  
clk150             -0.766     -196.683                   1486               764929        0.006        0.000                      0               764929        2.633        0.000                       0                152231  
clk500             -0.727     -450.695                   1850                51609        0.025        0.000                      0                51609        0.431        0.000                       0                 26393  


------------------------------------------------------------------------------------------------
| Inter Clock Table
| -----------------
------------------------------------------------------------------------------------------------

From Clock    To Clock          WNS(ns)      TNS(ns)  TNS Failing Endpoints  TNS Total Endpoints      WHS(ns)      THS(ns)  THS Failing Endpoints  THS Total Endpoints  
----------    --------          -------      -------  ---------------------  -------------------      -------      -------  ---------------------  -------------------  
clk150        clk125              6.146        0.000                      0                   83                                                                        
clk500        clk125              0.963        0.000                      0                   54        0.045        0.000                      0                   10  
clk125        clk150              7.441        0.000                      0                   83                                                                        
clk500        clk150              1.495        0.000                      0                   39                                                                        
clk125        clk500              7.004        0.000                      0                   65                                                                        
clk150        clk500              6.116        0.000                      0                   26                                                                        


------------------------------------------------------------------------------------------------
| Other Path Groups Table
| -----------------------
------------------------------------------------------------------------------------------------

Path Group         From Clock         To Clock               WNS(ns)      TNS(ns)  TNS Failing Endpoints  TNS Total Endpoints      WHS(ns)      THS(ns)  THS Failing Endpoints  THS Total Endpoints  
----------         ----------         --------               -------      -------  ---------------------  -------------------      -------      -------  ---------------------  -------------------  
**async_default**  clk125             clk125                   5.267        0.000                      0                   43        0.152        0.000                      0                   43  
**async_default**  clk150             clk150                   0.896        0.000                      0                  175        0.141        0.000                      0                  175  
**async_default**  clk500             clk500                   0.971        0.000                      0                   87        0.135        0.000                      0                   87  


------------------------------------------------------------------------------------------------
| Timing Details
| --------------
------------------------------------------------------------------------------------------------


---------------------------------------------------------------------------------------------------
From Clock:  clk125
  To Clock:  clk125

Setup :            0  Failing Endpoints,  Worst Slack        0.050ns,  Total Violation        0.000ns
Hold  :            0  Failing Endpoints,  Worst Slack        0.019ns,  Total Violation        0.000ns
PW    :            0  Failing Endpoints,  Worst Slack        3.458ns,  Total Violation        0.000ns
---------------------------------------------------------------------------------------------------


Max Delay Paths
--------------------------------------------------------------------------------------
Slack (MET) :             0.050ns  (required time - arrival time)
  Source:                 sfo/initial_estimator/service/frontend/correction/u_gain/g_lane[1].u_lane/u_ratio/U0/i_synth/i_has_diplomatic_bag.i_diplomatic_bag/opt_has_pipe.i_pipe[55].pipe_reg[55][80]/C
                            (rising edge-triggered cell FDRE clocked by clk125  {rise@0.000ns fall@4.000ns period=8.000ns})
  Destination:            sfo/initial_estimator/service/frontend/correction/u_gain/g_lane[1].u_lane/out_i_reg[15]/R
                            (rising edge-triggered cell FDRE clocked by clk125  {rise@0.000ns fall@4.000ns period=8.000ns})
  Path Group:             clk125
  Path Type:              Setup (Max at Slow Process Corner)
  Requirement:            8.000ns  (clk125 rise@8.000ns - clk125 rise@0.000ns)
  Data Path Delay:        7.832ns  (logic 1.814ns (23.161%)  route 6.018ns (76.839%))
  Logic Levels:           18  (CARRY8=11 LUT2=2 LUT3=3 LUT6=2)
  Clock Path Skew:        -0.009ns (DCD - SCD + CPR)
    Destination Clock Delay (DCD):    0.021ns = ( 8.021 - 8.000 ) 
    Source Clock Delay      (SCD):    0.030ns
    Clock Pessimism Removal (CPR):    0.000ns
  Clock Uncertainty:      0.035ns  ((TSJ^2 + TIJ^2)^1/2 + DJ) / 2 + PE
    Total System Jitter     (TSJ):    0.071ns
    Total Input Jitter      (TIJ):    0.000ns
    Discrete Jitter          (DJ):    0.000ns
    Phase Error              (PE):    0.000ns

    Location             Delay type                Incr(ns)  Path(ns)    Netlist Resource(s)
  -------------------------------------------------------------------    -------------------
                         (clock clk125 rise edge)     0.000     0.000 r  
                                                      0.000     0.000 r  clk125 (IN)
                         net (fo=95278, unset)        0.030     0.030    sfo/initial_estimator/service/frontend/correction/u_gain/g_lane[1].u_lane/u_ratio/U0/i_synth/i_has_diplomatic_bag.i_diplomatic_bag/aclk
    SLICE_X107Y304       FDRE                                         r  sfo/initial_estimator/service/frontend/correction/u_gain/g_lane[1].u_lane/u_ratio/U0/i_synth/i_has_diplomatic_bag.i_diplomatic_bag/opt_has_pipe.i_pipe[55].pipe_reg[55][80]/C
  -------------------------------------------------------------------    -------------------
    SLICE_X107Y304       FDRE (Prop_CFF2_SLICEM_C_Q)
                                                      0.077     0.107 r  sfo/initial_estimator/service/frontend/correction/u_gain/g_lane[1].u_lane/u_ratio/U0/i_synth/i_has_diplomatic_bag.i_diplomatic_bag/opt_has_pipe.i_pipe[55].pipe_reg[55][80]/Q
                         net (fo=5, routed)           1.239     1.346    sfo/initial_estimator/service/frontend/correction/u_gain/g_lane[1].u_lane/div_user_out[80]
    SLICE_X52Y294        LUT2 (Prop_D6LUT_SLICEM_I0_O)
                                                      0.037     1.383 r  sfo/initial_estimator/service/frontend/correction/u_gain/g_lane[1].u_lane/out_i[6]_i_91/O
                         net (fo=1, routed)           0.025     1.408    sfo/initial_estimator/service/frontend/correction/u_gain/g_lane[1].u_lane/out_i[6]_i_91_n_0
    SLICE_X52Y294        CARRY8 (Prop_CARRY8_SLICEM_S[3]_CO[7])
                                                      0.163     1.571 r  sfo/initial_estimator/service/frontend/correction/u_gain/g_lane[1].u_lane/out_i_reg[6]_i_48/CO[7]
                         net (fo=1, routed)           0.026     1.597    sfo/initial_estimator/service/frontend/correction/u_gain/g_lane[1].u_lane/out_i_reg[6]_i_48_n_0
    SLICE_X52Y295        CARRY8 (Prop_CARRY8_SLICEM_CI_O[7])
                                                      0.116     1.713 r  sfo/initial_estimator/service/frontend/correction/u_gain/g_lane[1].u_lane/out_i_reg[6]_i_47/O[7]
                         net (fo=3, routed)           0.253     1.966    sfo/initial_estimator/service/frontend/correction/u_gain/g_lane[1].u_lane/out_i_reg[6]_i_47_n_8
    SLICE_X51Y298        LUT6 (Prop_H6LUT_SLICEL_I3_O)
                                                      0.150     2.116 r  sfo/initial_estimator/service/frontend/correction/u_gain/g_lane[1].u_lane/out_i[6]_i_20/O
                         net (fo=1, routed)           0.010     2.126    sfo/initial_estimator/service/frontend/correction/u_gain/g_lane[1].u_lane/out_i[6]_i_20_n_0
    SLICE_X51Y298        CARRY8 (Prop_CARRY8_SLICEL_S[7]_CO[7])
                                                      0.115     2.241 f  sfo/initial_estimator/service/frontend/correction/u_gain/g_lane[1].u_lane/out_i_reg[6]_i_7/CO[7]
                         net (fo=1, routed)           0.026     2.267    sfo/initial_estimator/service/frontend/correction/u_gain/g_lane[1].u_lane/out_i_reg[6]_i_7_n_0
    SLICE_X51Y299        CARRY8 (Prop_CARRY8_SLICEL_CI_CO[4])
                                                      0.092     2.359 f  sfo/initial_estimator/service/frontend/correction/u_gain/g_lane[1].u_lane/out_i_reg[6]_i_5/CO[4]
                         net (fo=1, routed)           0.424     2.783    sfo/initial_estimator/service/frontend/correction/u_gain/g_lane[1].u_lane/result_i10
    SLICE_X53Y288        LUT3 (Prop_A6LUT_SLICEM_I1_O)
                                                      0.038     2.821 r  sfo/initial_estimator/service/frontend/correction/u_gain/g_lane[1].u_lane/out_i[6]_i_4/O
                         net (fo=1, routed)           0.013     2.834    sfo/initial_estimator/service/frontend/correction/u_gain/g_lane[1].u_lane/out_i[6]_i_4_n_0
    SLICE_X53Y288        CARRY8 (Prop_CARRY8_SLICEM_S[0]_CO[7])
                                                      0.192     3.026 r  sfo/initial_estimator/service/frontend/correction/u_gain/g_lane[1].u_lane/out_i_reg[6]_i_3/CO[7]
                         net (fo=1, routed)           0.026     3.052    sfo/initial_estimator/service/frontend/correction/u_gain/g_lane[1].u_lane/out_i_reg[6]_i_3_n_0
    SLICE_X53Y289        CARRY8 (Prop_CARRY8_SLICEM_CI_CO[7])
                                                      0.015     3.067 r  sfo/initial_estimator/service/frontend/correction/u_gain/g_lane[1].u_lane/out_i_reg[15]_i_5/CO[7]
                         net (fo=1, routed)           0.026     3.093    sfo/initial_estimator/service/frontend/correction/u_gain/g_lane[1].u_lane/out_i_reg[15]_i_5_n_0
    SLICE_X53Y290        CARRY8 (Prop_CARRY8_SLICEM_CI_CO[7])
                                                      0.015     3.108 r  sfo/initial_estimator/service/frontend/correction/u_gain/g_lane[1].u_lane/out_range_error_reg_i_116/CO[7]
                         net (fo=1, routed)           0.026     3.134    sfo/initial_estimator/service/frontend/correction/u_gain/g_lane[1].u_lane/out_range_error_reg_i_116_n_0
    SLICE_X53Y291        CARRY8 (Prop_CARRY8_SLICEM_CI_CO[7])
                                                      0.015     3.149 r  sfo/initial_estimator/service/frontend/correction/u_gain/g_lane[1].u_lane/out_range_error_reg_i_115/CO[7]
                         net (fo=1, routed)           0.026     3.175    sfo/initial_estimator/service/frontend/correction/u_gain/g_lane[1].u_lane/out_range_error_reg_i_115_n_0
    SLICE_X53Y292        CARRY8 (Prop_CARRY8_SLICEM_CI_O[2])
                                                      0.067     3.242 f  sfo/initial_estimator/service/frontend/correction/u_gain/g_lane[1].u_lane/out_range_error_reg_i_82/O[2]
                         net (fo=2, routed)           0.275     3.517    sfo/initial_estimator/service/frontend/correction/u_gain/g_lane[1].u_lane/out_range_error_reg_i_82_n_13
    SLICE_X54Y292        LUT2 (Prop_B6LUT_SLICEL_I0_O)
                                                      0.148     3.665 r  sfo/initial_estimator/service/frontend/correction/u_gain/g_lane[1].u_lane/out_range_error_i_44/O
                         net (fo=1, routed)           0.009     3.674    sfo/initial_estimator/service/frontend/correction/u_gain/g_lane[1].u_lane/out_range_error_i_44_n_0
    SLICE_X54Y292        CARRY8 (Prop_CARRY8_SLICEL_S[1]_CO[7])
                                                      0.186     3.860 r  sfo/initial_estimator/service/frontend/correction/u_gain/g_lane[1].u_lane/out_range_error_reg_i_14/CO[7]
                         net (fo=1, routed)           0.026     3.886    sfo/initial_estimator/service/frontend/correction/u_gain/g_lane[1].u_lane/out_range_error_reg_i_14_n_0
    SLICE_X54Y293        CARRY8 (Prop_CARRY8_SLICEL_CI_CO[2])
                                                      0.057     3.943 r  sfo/initial_estimator/service/frontend/correction/u_gain/g_lane[1].u_lane/out_range_error_reg_i_7/CO[2]
                         net (fo=1, routed)           0.217     4.160    sfo/initial_estimator/service/frontend/correction/u_gain/g_lane[1].u_lane/result_i6
    SLICE_X53Y298        LUT3 (Prop_D5LUT_SLICEM_I1_O)
                                                      0.110     4.270 r  sfo/initial_estimator/service/frontend/correction/u_gain/g_lane[1].u_lane/out_range_error_i_2/O
                         net (fo=2, routed)           1.043     5.313    sfo/initial_estimator/service/frontend/correction/u_gain/g_lane[1].u_lane/out_range_error_i_2_n_0
    SLICE_X103Y298       LUT6 (Prop_G6LUT_SLICEL_I4_O)
                                                      0.149     5.462 f  sfo/initial_estimator/service/frontend/correction/u_gain/g_lane[1].u_lane/out_i[15]_i_4/O
                         net (fo=9, routed)           1.488     6.950    sfo/initial_estimator/service/frontend/correction/u_gain/g_lane[1].u_lane/out_i[15]_i_4_n_0
    SLICE_X154Y283       LUT3 (Prop_B5LUT_SLICEM_I2_O)
                                                      0.072     7.022 r  sfo/initial_estimator/service/frontend/correction/u_gain/g_lane[1].u_lane/out_i[15]_i_1/O
                         net (fo=24, routed)          0.840     7.862    sfo/initial_estimator/service/frontend/correction/u_gain/g_lane[1].u_lane/out_i[15]_i_1_n_0
    SLICE_X146Y304       FDRE                                         r  sfo/initial_estimator/service/frontend/correction/u_gain/g_lane[1].u_lane/out_i_reg[15]/R
  -------------------------------------------------------------------    -------------------

                         (clock clk125 rise edge)     8.000     8.000 r  
                                                      0.000     8.000 r  clk125 (IN)
                         net (fo=95278, unset)        0.021     8.021    sfo/initial_estimator/service/frontend/correction/u_gain/g_lane[1].u_lane/clk
    SLICE_X146Y304       FDRE                                         r  sfo/initial_estimator/service/frontend/correction/u_gain/g_lane[1].u_lane/out_i_reg[15]/C
                         clock pessimism              0.000     8.021    
                         clock uncertainty           -0.035     7.986    
    SLICE_X146Y304       FDRE (Setup_DFF_SLICEM_C_R)
                                                     -0.074     7.912    sfo/initial_estimator/service/frontend/correction/u_gain/g_lane[1].u_lane/out_i_reg[15]
  -------------------------------------------------------------------
                         required time                          7.912    
                         arrival time                          -7.862    
  -------------------------------------------------------------------
                         slack                                  0.050    





Min Delay Paths
--------------------------------------------------------------------------------------
Slack (MET) :             0.019ns  (arrival time - required time)
  Source:                 sfo/initial_estimator/service/backend/backend/divider/divider/U0/i_synth/i_nonzero_fract.i_synth/i_algo_r2_or_lutmult.i_nonzero_fract.i_sdivider/i_sdivider.divider_blk/div_loop[36].inv_not_gen.inv_thr/opt_has_pipe.first_q_reg[0]/C
                            (rising edge-triggered cell FDSE clocked by clk125  {rise@0.000ns fall@4.000ns period=8.000ns})
  Destination:            sfo/initial_estimator/service/backend/backend/divider/divider/U0/i_synth/i_nonzero_fract.i_synth/i_algo_r2_or_lutmult.i_nonzero_fract.i_sdivider/i_sdivider.divider_blk/div_loop[40].quot_gen.quot_reg.i_div_n1.quot_out/opt_has_pipe.first_q_reg[4]/D
                            (rising edge-triggered cell FDSE clocked by clk125  {rise@0.000ns fall@4.000ns period=8.000ns})
  Path Group:             clk125
  Path Type:              Hold (Min at Fast Process Corner)
  Requirement:            0.000ns  (clk125 rise@0.000ns - clk125 rise@0.000ns)
  Data Path Delay:        0.072ns  (logic 0.039ns (54.167%)  route 0.033ns (45.833%))
  Logic Levels:           0  
  Clock Path Skew:        0.006ns (DCD - SCD - CPR)
    Destination Clock Delay (DCD):    0.018ns
    Source Clock Delay      (SCD):    0.012ns
    Clock Pessimism Removal (CPR):    -0.000ns

    Location             Delay type                Incr(ns)  Path(ns)    Netlist Resource(s)
  -------------------------------------------------------------------    -------------------
                         (clock clk125 rise edge)     0.000     0.000 r  
                                                      0.000     0.000 r  clk125 (IN)
                         net (fo=95278, unset)        0.012     0.012    sfo/initial_estimator/service/backend/backend/divider/divider/U0/i_synth/i_nonzero_fract.i_synth/i_algo_r2_or_lutmult.i_nonzero_fract.i_sdivider/i_sdivider.divider_blk/div_loop[36].inv_not_gen.inv_thr/aclk
    SLICE_X112Y337       FDSE                                         r  sfo/initial_estimator/service/backend/backend/divider/divider/U0/i_synth/i_nonzero_fract.i_synth/i_algo_r2_or_lutmult.i_nonzero_fract.i_sdivider/i_sdivider.divider_blk/div_loop[36].inv_not_gen.inv_thr/opt_has_pipe.first_q_reg[0]/C
  -------------------------------------------------------------------    -------------------
    SLICE_X112Y337       FDSE (Prop_BFF_SLICEL_C_Q)
                                                      0.039     0.051 r  sfo/initial_estimator/service/backend/backend/divider/divider/U0/i_synth/i_nonzero_fract.i_synth/i_algo_r2_or_lutmult.i_nonzero_fract.i_sdivider/i_sdivider.divider_blk/div_loop[36].inv_not_gen.inv_thr/opt_has_pipe.first_q_reg[0]/Q
                         net (fo=2, routed)           0.033     0.084    sfo/initial_estimator/service/backend/backend/divider/divider/U0/i_synth/i_nonzero_fract.i_synth/i_algo_r2_or_lutmult.i_nonzero_fract.i_sdivider/i_sdivider.divider_blk/div_loop[40].quot_gen.quot_reg.i_div_n1.quot_out/opt_has_pipe.first_q_reg[39]_0[4]
    SLICE_X112Y337       FDSE                                         r  sfo/initial_estimator/service/backend/backend/divider/divider/U0/i_synth/i_nonzero_fract.i_synth/i_algo_r2_or_lutmult.i_nonzero_fract.i_sdivider/i_sdivider.divider_blk/div_loop[40].quot_gen.quot_reg.i_div_n1.quot_out/opt_has_pipe.first_q_reg[4]/D
  -------------------------------------------------------------------    -------------------

                         (clock clk125 rise edge)     0.000     0.000 r  
                                                      0.000     0.000 r  clk125 (IN)
                         net (fo=95278, unset)        0.018     0.018    sfo/initial_estimator/service/backend/backend/divider/divider/U0/i_synth/i_nonzero_fract.i_synth/i_algo_r2_or_lutmult.i_nonzero_fract.i_sdivider/i_sdivider.divider_blk/div_loop[40].quot_gen.quot_reg.i_div_n1.quot_out/aclk
    SLICE_X112Y337       FDSE                                         r  sfo/initial_estimator/service/backend/backend/divider/divider/U0/i_synth/i_nonzero_fract.i_synth/i_algo_r2_or_lutmult.i_nonzero_fract.i_sdivider/i_sdivider.divider_blk/div_loop[40].quot_gen.quot_reg.i_div_n1.quot_out/opt_has_pipe.first_q_reg[4]/C
                         clock pessimism              0.000     0.018    
    SLICE_X112Y337       FDSE (Hold_CFF2_SLICEL_C_D)
                                                      0.047     0.065    sfo/initial_estimator/service/backend/backend/divider/divider/U0/i_synth/i_nonzero_fract.i_synth/i_algo_r2_or_lutmult.i_nonzero_fract.i_sdivider/i_sdivider.divider_blk/div_loop[40].quot_gen.quot_reg.i_div_n1.quot_out/opt_has_pipe.first_q_reg[4]
  -------------------------------------------------------------------
                         required time                         -0.065    
                         arrival time                           0.084    
  -------------------------------------------------------------------
                         slack                                  0.019    





Pulse Width Checks
--------------------------------------------------------------------------------------
Clock Name:         clk125
Waveform(ns):       { 0.000 4.000 }
Period(ns):         8.000
Sources:            { clk125 }

Check Type        Corner  Lib Pin             Reference Pin  Required(ns)  Actual(ns)  Slack(ns)  Location      Pin
Min Period        n/a     RAMB36E2/CLKARDCLK  n/a            1.569         8.000       6.431      RAMB36_X9Y56  frontend/acquisition/lag_history/memory/xpm_memory_base_inst/gen_wr_a.gen_word_narrow.mem_reg_0/CLKARDCLK
Low Pulse Width   Slow    RAMB36E2/CLKARDCLK  n/a            0.542         4.000       3.458      RAMB36_X9Y95  completions/record_fifo/gnuram_async_fifo.xpm_fifo_base_inst/gen_sdpram.xpm_memory_base_inst/gen_wr_a.gen_word_narrow.mem_reg/CLKARDCLK
High Pulse Width  Slow    RAMB36E2/CLKARDCLK  n/a            0.542         4.000       3.458      RAMB36_X9Y95  completions/record_fifo/gnuram_async_fifo.xpm_fifo_base_inst/gen_sdpram.xpm_memory_base_inst/gen_wr_a.gen_word_narrow.mem_reg/CLKARDCLK



---------------------------------------------------------------------------------------------------
From Clock:  clk150
  To Clock:  clk150

Setup :         1486  Failing Endpoints,  Worst Slack       -0.766ns,  Total Violation     -196.683ns
Hold  :            0  Failing Endpoints,  Worst Slack        0.006ns,  Total Violation        0.000ns
PW    :            0  Failing Endpoints,  Worst Slack        2.633ns,  Total Violation        0.000ns
---------------------------------------------------------------------------------------------------


Max Delay Paths
--------------------------------------------------------------------------------------
Slack (VIOLATED) :        -0.766ns  (required time - arrival time)
  Source:                 sfo/two_pass_transport/intermediate[0].intermediate_bank/write_gen_reg[17]/C
                            (rising edge-triggered cell FDRE clocked by clk150  {rise@0.000ns fall@3.333ns period=6.667ns})
  Destination:            sfo/two_pass_transport/intermediate[0].intermediate_bank/memory/u_frame_memory/xpm_memory_base_inst/gen_wr_a.gen_word_narrow.mem_reg_uram_97/CAS_IN_BWE_B[6]
                            (rising edge-triggered cell URAM288 clocked by clk150  {rise@0.000ns fall@3.333ns period=6.667ns})
  Path Group:             clk150
  Path Type:              Setup (Max at Slow Process Corner)
  Requirement:            6.667ns  (clk150 rise@6.667ns - clk150 rise@0.000ns)
  Data Path Delay:        7.084ns  (logic 1.779ns (25.113%)  route 5.305ns (74.887%))
  Logic Levels:           13  (CARRY8=2 LUT3=1 LUT4=1 LUT6=2 URAM288=7)
  Clock Path Skew:        0.035ns (DCD - SCD + CPR)
    Destination Clock Delay (DCD):    0.064ns = ( 6.731 - 6.667 ) 
    Source Clock Delay      (SCD):    0.029ns
    Clock Pessimism Removal (CPR):    0.000ns
  Clock Uncertainty:      0.035ns  ((TSJ^2 + TIJ^2)^1/2 + DJ) / 2 + PE
    Total System Jitter     (TSJ):    0.071ns
    Total Input Jitter      (TIJ):    0.000ns
    Discrete Jitter          (DJ):    0.000ns
    Phase Error              (PE):    0.000ns
  Inter-SLR Compensation: 0.010ns  (DCD * PF)
    Destination Clock Delay (DCD):    0.064ns
    Prorating Factor         (PF):    0.150

    Location             Delay type                Incr(ns)  Path(ns)    Netlist Resource(s)
  -------------------------------------------------------------------    -------------------
                         (clock clk150 rise edge)     0.000     0.000 r  
                                                      0.000     0.000 r  clk150 (IN)
                         net (fo=160079, unset)       0.029     0.029    sfo/two_pass_transport/intermediate[0].intermediate_bank/clk
    SLICE_X130Y385       FDRE                                         r  sfo/two_pass_transport/intermediate[0].intermediate_bank/write_gen_reg[17]/C
  -------------------------------------------------------------------    -------------------
    SLICE_X130Y385       FDRE (Prop_HFF2_SLICEL_C_Q)
                                                      0.080     0.109 r  sfo/two_pass_transport/intermediate[0].intermediate_bank/write_gen_reg[17]/Q
                         net (fo=2, routed)           0.407     0.516    sfo/two_pass_transport/intermediate[0].intermediate_bank/write_gen[17]
    SLICE_X129Y385       LUT6 (Prop_F6LUT_SLICEM_I1_O)
                                                      0.037     0.553 r  sfo/two_pass_transport/intermediate[0].intermediate_bank/memory_i_82/O
                         net (fo=1, routed)           0.022     0.575    sfo/two_pass_transport/intermediate[0].intermediate_bank/memory_i_82_n_0
    SLICE_X129Y385       CARRY8 (Prop_CARRY8_SLICEM_S[5]_CO[7])
                                                      0.159     0.734 r  sfo/two_pass_transport/intermediate[0].intermediate_bank/memory_i_57/CO[7]
                         net (fo=1, routed)           0.026     0.760    sfo/two_pass_transport/intermediate[0].intermediate_bank/memory_i_57_n_0
    SLICE_X129Y386       CARRY8 (Prop_CARRY8_SLICEM_CI_CO[2])
                                                      0.057     0.817 r  sfo/two_pass_transport/intermediate[0].intermediate_bank/memory_i_47/CO[2]
                         net (fo=1, routed)           1.260     2.077    sfo/two_pass_transport/intermediate[0].intermediate_bank/write_ok2
    SLICE_X113Y341       LUT3 (Prop_H6LUT_SLICEL_I1_O)
                                                      0.051     2.128 f  sfo/two_pass_transport/intermediate[0].intermediate_bank/memory_i_30/O
                         net (fo=1, routed)           0.038     2.166    sfo/two_pass_transport/intermediate[0].intermediate_bank/memory_i_30_n_0
    SLICE_X113Y341       LUT6 (Prop_G6LUT_SLICEL_I3_O)
                                                      0.050     2.216 f  sfo/two_pass_transport/intermediate[0].intermediate_bank/memory_i_6/O
                         net (fo=10, routed)          1.306     3.522    sfo/two_pass_transport/intermediate[0].intermediate_bank/memory_i_6_n_0
    SLICE_X123Y253       LUT4 (Prop_D6LUT_SLICEL_I1_O)
                                                      0.050     3.572 r  sfo/two_pass_transport/intermediate[0].intermediate_bank/memory_i_1_replica/O
                         net (fo=20, routed)          1.816     5.388    sfo/two_pass_transport/intermediate[0].intermediate_bank/memory/u_frame_memory/xpm_memory_base_inst/wr_en0_repN_alias
    SLR Crossing[1->0]   
    URAM288_X3Y44        URAM288 (Prop_URAM_288K_INST_URAM288_BWE_B[6]_CAS_OUT_BWE_B[6])
                                                      0.215     5.603 r  sfo/two_pass_transport/intermediate[0].intermediate_bank/memory/u_frame_memory/xpm_memory_base_inst/gen_wr_a.gen_word_narrow.mem_reg_uram_90/CAS_OUT_BWE_B[6]
                         net (fo=1, routed)           0.003     5.606    sfo/two_pass_transport/intermediate[0].intermediate_bank/memory/u_frame_memory/xpm_memory_base_inst/gen_wr_a.gen_word_narrow.mem_reg_uram_91_Cas_BEWB_1[6]
    URAM288_X3Y45        URAM288 (Prop_URAM_288K_INST_URAM288_CAS_IN_BWE_B[6]_CAS_OUT_BWE_B[6])
                                                      0.180     5.786 r  sfo/two_pass_transport/intermediate[0].intermediate_bank/memory/u_frame_memory/xpm_memory_base_inst/gen_wr_a.gen_word_narrow.mem_reg_uram_91/CAS_OUT_BWE_B[6]
                         net (fo=1, routed)           0.003     5.789    sfo/two_pass_transport/intermediate[0].intermediate_bank/memory/u_frame_memory/xpm_memory_base_inst/gen_wr_a.gen_word_narrow.mem_reg_uram_92_Cas_BEWB_2[6]
    URAM288_X3Y46        URAM288 (Prop_URAM_288K_INST_URAM288_CAS_IN_BWE_B[6]_CAS_OUT_BWE_B[6])
                                                      0.180     5.969 r  sfo/two_pass_transport/intermediate[0].intermediate_bank/memory/u_frame_memory/xpm_memory_base_inst/gen_wr_a.gen_word_narrow.mem_reg_uram_92/CAS_OUT_BWE_B[6]
                         net (fo=1, routed)           0.003     5.972    sfo/two_pass_transport/intermediate[0].intermediate_bank/memory/u_frame_memory/xpm_memory_base_inst/gen_wr_a.gen_word_narrow.mem_reg_uram_93_Cas_BEWB_3[6]
    URAM288_X3Y47        URAM288 (Prop_URAM_288K_INST_URAM288_CAS_IN_BWE_B[6]_CAS_OUT_BWE_B[6])
                                                      0.180     6.152 r  sfo/two_pass_transport/intermediate[0].intermediate_bank/memory/u_frame_memory/xpm_memory_base_inst/gen_wr_a.gen_word_narrow.mem_reg_uram_93/CAS_OUT_BWE_B[6]
                         net (fo=1, routed)           0.412     6.564    sfo/two_pass_transport/intermediate[0].intermediate_bank/memory/u_frame_memory/xpm_memory_base_inst/gen_wr_a.gen_word_narrow.mem_reg_uram_94_Cas_BEWB_4[6]
    URAM288_X3Y48        URAM288 (Prop_URAM_288K_INST_URAM288_CAS_IN_BWE_B[6]_CAS_OUT_BWE_B[6])
                                                      0.180     6.744 r  sfo/two_pass_transport/intermediate[0].intermediate_bank/memory/u_frame_memory/xpm_memory_base_inst/gen_wr_a.gen_word_narrow.mem_reg_uram_94/CAS_OUT_BWE_B[6]
                         net (fo=1, routed)           0.003     6.747    sfo/two_pass_transport/intermediate[0].intermediate_bank/memory/u_frame_memory/xpm_memory_base_inst/gen_wr_a.gen_word_narrow.mem_reg_uram_95_Cas_BEWB_5[6]
    URAM288_X3Y49        URAM288 (Prop_URAM_288K_INST_URAM288_CAS_IN_BWE_B[6]_CAS_OUT_BWE_B[6])
                                                      0.180     6.927 r  sfo/two_pass_transport/intermediate[0].intermediate_bank/memory/u_frame_memory/xpm_memory_base_inst/gen_wr_a.gen_word_narrow.mem_reg_uram_95/CAS_OUT_BWE_B[6]
                         net (fo=1, routed)           0.003     6.930    sfo/two_pass_transport/intermediate[0].intermediate_bank/memory/u_frame_memory/xpm_memory_base_inst/gen_wr_a.gen_word_narrow.mem_reg_uram_96_Cas_BEWB_6[6]
    URAM288_X3Y50        URAM288 (Prop_URAM_288K_INST_URAM288_CAS_IN_BWE_B[6]_CAS_OUT_BWE_B[6])
                                                      0.180     7.110 r  sfo/two_pass_transport/intermediate[0].intermediate_bank/memory/u_frame_memory/xpm_memory_base_inst/gen_wr_a.gen_word_narrow.mem_reg_uram_96/CAS_OUT_BWE_B[6]
                         net (fo=1, routed)           0.003     7.113    sfo/two_pass_transport/intermediate[0].intermediate_bank/memory/u_frame_memory/xpm_memory_base_inst/gen_wr_a.gen_word_narrow.mem_reg_uram_97_Cas_BEWB_7[6]
    URAM288_X3Y51        URAM288                                      r  sfo/two_pass_transport/intermediate[0].intermediate_bank/memory/u_frame_memory/xpm_memory_base_inst/gen_wr_a.gen_word_narrow.mem_reg_uram_97/CAS_IN_BWE_B[6]
  -------------------------------------------------------------------    -------------------

                         (clock clk150 rise edge)     6.667     6.667 r  
                                                      0.000     6.667 r  clk150 (IN)
                         net (fo=160079, unset)       0.064     6.731    sfo/two_pass_transport/intermediate[0].intermediate_bank/memory/u_frame_memory/xpm_memory_base_inst/clka
    URAM288_X3Y51        URAM288                                      r  sfo/two_pass_transport/intermediate[0].intermediate_bank/memory/u_frame_memory/xpm_memory_base_inst/gen_wr_a.gen_word_narrow.mem_reg_uram_97/CLK
                         clock pessimism              0.000     6.731    
                         inter-SLR compensation      -0.010     6.721    
                         clock uncertainty           -0.035     6.686    
    URAM288_X3Y51        URAM288 (Setup_URAM_288K_INST_URAM288_CLK_CAS_IN_BWE_B[6])
                                                     -0.339     6.347    sfo/two_pass_transport/intermediate[0].intermediate_bank/memory/u_frame_memory/xpm_memory_base_inst/gen_wr_a.gen_word_narrow.mem_reg_uram_97
  -------------------------------------------------------------------
                         required time                          6.347    
                         arrival time                          -7.113    
  -------------------------------------------------------------------
                         slack                                 -0.766    





Min Delay Paths
--------------------------------------------------------------------------------------
Slack (MET) :             0.006ns  (arrival time - required time)
  Source:                 sfo/two_pass_transport/second_resampling/engine/core/fir47_interpolator/i_core/U0/i_synth/g_polyphase_interpolation_sym_ssr.i_polyphase_interpolation_sym_ssr/g_parallel.g_paths[0].g_symmetric.g_data_array.g_data[3].g_data_buff.i_data_buf/g_buff.i_buff/gen_reg.d_reg_reg[15]/C
                            (rising edge-triggered cell FDRE clocked by clk150  {rise@0.000ns fall@3.333ns period=6.667ns})
  Destination:            sfo/two_pass_transport/second_resampling/engine/core/fir47_interpolator/i_core/U0/i_synth/g_polyphase_interpolation_sym_ssr.i_polyphase_interpolation_sym_ssr/g_parallel.g_paths[0].g_symmetric.g_data_array.g_data[7].i_data_casc_dly/gen_dly.gen_shiftreg.gen_rtl_delay.delay_bus_reg[2][15]_srl3/D
                            (rising edge-triggered cell SRL16E clocked by clk150  {rise@0.000ns fall@3.333ns period=6.667ns})
  Path Group:             clk150
  Path Type:              Hold (Min at Fast Process Corner)
  Requirement:            0.000ns  (clk150 rise@0.000ns - clk150 rise@0.000ns)
  Data Path Delay:        0.094ns  (logic 0.039ns (41.489%)  route 0.055ns (58.511%))
  Logic Levels:           0  
  Clock Path Skew:        0.026ns (DCD - SCD - CPR)
    Destination Clock Delay (DCD):    0.039ns
    Source Clock Delay      (SCD):    0.013ns
    Clock Pessimism Removal (CPR):    -0.000ns

    Location             Delay type                Incr(ns)  Path(ns)    Netlist Resource(s)
  -------------------------------------------------------------------    -------------------
                         (clock clk150 rise edge)     0.000     0.000 r  
                                                      0.000     0.000 r  clk150 (IN)
                         net (fo=160079, unset)       0.013     0.013    sfo/two_pass_transport/second_resampling/engine/core/fir47_interpolator/i_core/U0/i_synth/g_polyphase_interpolation_sym_ssr.i_polyphase_interpolation_sym_ssr/g_parallel.g_paths[0].g_symmetric.g_data_array.g_data[3].g_data_buff.i_data_buf/g_buff.i_buff/aclk
    SLICE_X164Y326       FDRE                                         r  sfo/two_pass_transport/second_resampling/engine/core/fir47_interpolator/i_core/U0/i_synth/g_polyphase_interpolation_sym_ssr.i_polyphase_interpolation_sym_ssr/g_parallel.g_paths[0].g_symmetric.g_data_array.g_data[3].g_data_buff.i_data_buf/g_buff.i_buff/gen_reg.d_reg_reg[15]/C
  -------------------------------------------------------------------    -------------------
    SLICE_X164Y326       FDRE (Prop_AFF2_SLICEM_C_Q)
                                                      0.039     0.052 r  sfo/two_pass_transport/second_resampling/engine/core/fir47_interpolator/i_core/U0/i_synth/g_polyphase_interpolation_sym_ssr.i_polyphase_interpolation_sym_ssr/g_parallel.g_paths[0].g_symmetric.g_data_array.g_data[3].g_data_buff.i_data_buf/g_buff.i_buff/gen_reg.d_reg_reg[15]/Q
                         net (fo=2, routed)           0.055     0.107    sfo/two_pass_transport/second_resampling/engine/core/fir47_interpolator/i_core/U0/i_synth/g_polyphase_interpolation_sym_ssr.i_polyphase_interpolation_sym_ssr/g_parallel.g_paths[0].g_symmetric.g_data_array.g_data[7].i_data_casc_dly/Q[15]
    SLICE_X164Y325       SRL16E                                       r  sfo/two_pass_transport/second_resampling/engine/core/fir47_interpolator/i_core/U0/i_synth/g_polyphase_interpolation_sym_ssr.i_polyphase_interpolation_sym_ssr/g_parallel.g_paths[0].g_symmetric.g_data_array.g_data[7].i_data_casc_dly/gen_dly.gen_shiftreg.gen_rtl_delay.delay_bus_reg[2][15]_srl3/D
  -------------------------------------------------------------------    -------------------

                         (clock clk150 rise edge)     0.000     0.000 r  
                                                      0.000     0.000 r  clk150 (IN)
                         net (fo=160079, unset)       0.039     0.039    sfo/two_pass_transport/second_resampling/engine/core/fir47_interpolator/i_core/U0/i_synth/g_polyphase_interpolation_sym_ssr.i_polyphase_interpolation_sym_ssr/g_parallel.g_paths[0].g_symmetric.g_data_array.g_data[7].i_data_casc_dly/aclk
    SLICE_X164Y325       SRL16E                                       r  sfo/two_pass_transport/second_resampling/engine/core/fir47_interpolator/i_core/U0/i_synth/g_polyphase_interpolation_sym_ssr.i_polyphase_interpolation_sym_ssr/g_parallel.g_paths[0].g_symmetric.g_data_array.g_data[7].i_data_casc_dly/gen_dly.gen_shiftreg.gen_rtl_delay.delay_bus_reg[2][15]_srl3/CLK
                         clock pessimism              0.000     0.039    
    SLICE_X164Y325       SRL16E (Hold_H5LUT_SLICEM_CLK_D)
                                                      0.062     0.101    sfo/two_pass_transport/second_resampling/engine/core/fir47_interpolator/i_core/U0/i_synth/g_polyphase_interpolation_sym_ssr.i_polyphase_interpolation_sym_ssr/g_parallel.g_paths[0].g_symmetric.g_data_array.g_data[7].i_data_casc_dly/gen_dly.gen_shiftreg.gen_rtl_delay.delay_bus_reg[2][15]_srl3
  -------------------------------------------------------------------
                         required time                         -0.101    
                         arrival time                           0.107    
  -------------------------------------------------------------------
                         slack                                  0.006    





Pulse Width Checks
--------------------------------------------------------------------------------------
Clock Name:         clk150
Waveform(ns):       { 0.000 3.333 }
Period(ns):         6.667
Sources:            { clk150 }

Check Type        Corner  Lib Pin      Reference Pin  Required(ns)  Actual(ns)  Slack(ns)  Location        Pin
Min Period        n/a     URAM288/CLK  n/a            2.000         6.667       4.667      URAM288_X3Y144  cfo/coarse_banks[0].memory/u_frame_memory/xpm_memory_base_inst/gen_wr_a.gen_word_narrow.mem_reg_uram_0/CLK
Low Pulse Width   Slow    URAM288/CLK  n/a            0.700         3.333       2.633      URAM288_X3Y144  cfo/coarse_banks[0].memory/u_frame_memory/xpm_memory_base_inst/gen_wr_a.gen_word_narrow.mem_reg_uram_0/CLK
High Pulse Width  Slow    URAM288/CLK  n/a            0.700         3.333       2.633      URAM288_X3Y144  cfo/coarse_banks[0].memory/u_frame_memory/xpm_memory_base_inst/gen_wr_a.gen_word_narrow.mem_reg_uram_0/CLK



---------------------------------------------------------------------------------------------------
From Clock:  clk500
  To Clock:  clk500

Setup :         1850  Failing Endpoints,  Worst Slack       -0.727ns,  Total Violation     -450.695ns
Hold  :            0  Failing Endpoints,  Worst Slack        0.025ns,  Total Violation        0.000ns
PW    :            0  Failing Endpoints,  Worst Slack        0.431ns,  Total Violation        0.000ns
---------------------------------------------------------------------------------------------------


Max Delay Paths
--------------------------------------------------------------------------------------
Slack (VIOLATED) :        -0.727ns  (required time - arrival time)
  Source:                 cfo/observation_front/fft_core/add_q6_reg[6]/C
                            (rising edge-triggered cell FDRE clocked by clk500  {rise@0.000ns fall@1.000ns period=2.000ns})
  Destination:            cfo/observation_front/fft_core/bank0_reg_bram_0/DINADIN[17]
                            (rising edge-triggered cell RAMB36E2 clocked by clk500  {rise@0.000ns fall@1.000ns period=2.000ns})
  Path Group:             clk500
  Path Type:              Setup (Max at Slow Process Corner)
  Requirement:            2.000ns  (clk500 rise@2.000ns - clk500 rise@0.000ns)
  Data Path Delay:        2.432ns  (logic 0.677ns (27.837%)  route 1.755ns (72.163%))
  Logic Levels:           7  (CARRY8=5 LUT6=2)
  Clock Path Skew:        0.009ns (DCD - SCD + CPR)
    Destination Clock Delay (DCD):    0.039ns = ( 2.039 - 2.000 ) 
    Source Clock Delay      (SCD):    0.030ns
    Clock Pessimism Removal (CPR):    0.000ns
  Clock Uncertainty:      0.035ns  ((TSJ^2 + TIJ^2)^1/2 + DJ) / 2 + PE
    Total System Jitter     (TSJ):    0.071ns
    Total Input Jitter      (TIJ):    0.000ns
    Discrete Jitter          (DJ):    0.000ns
    Phase Error              (PE):    0.000ns

    Location             Delay type                Incr(ns)  Path(ns)    Netlist Resource(s)
  -------------------------------------------------------------------    -------------------
                         (clock clk500 rise edge)     0.000     0.000 r  
                                                      0.000     0.000 r  clk500 (IN)
                         net (fo=26625, unset)        0.030     0.030    cfo/observation_front/fft_core/clk
    SLICE_X139Y396       FDRE                                         r  cfo/observation_front/fft_core/add_q6_reg[6]/C
  -------------------------------------------------------------------    -------------------
    SLICE_X139Y396       FDRE (Prop_GFF_SLICEM_C_Q)
                                                      0.078     0.108 r  cfo/observation_front/fft_core/add_q6_reg[6]/Q
                         net (fo=1, routed)           0.307     0.415    cfo/observation_front/fft_core/p_0_in52_in[5]
    SLICE_X141Y397       CARRY8 (Prop_CARRY8_SLICEM_S[5]_CO[7])
                                                      0.159     0.574 r  cfo/observation_front/fft_core/bank1_reg_bram_0_i_100/CO[7]
                         net (fo=1, routed)           0.026     0.600    cfo/observation_front/fft_core/bank1_reg_bram_0_i_100_n_0
    SLICE_X141Y398       CARRY8 (Prop_CARRY8_SLICEM_CI_CO[7])
                                                      0.015     0.615 r  cfo/observation_front/fft_core/bank1_reg_bram_0_i_91/CO[7]
                         net (fo=1, routed)           0.026     0.641    cfo/observation_front/fft_core/bank1_reg_bram_0_i_91_n_0
    SLICE_X141Y399       CARRY8 (Prop_CARRY8_SLICEM_CI_CO[7])
                                                      0.015     0.656 r  cfo/observation_front/fft_core/bank1_reg_bram_0_i_83/CO[7]
                         net (fo=1, routed)           0.026     0.682    cfo/observation_front/fft_core/bank1_reg_bram_0_i_83_n_0
    SLICE_X141Y400       CARRY8 (Prop_CARRY8_SLICEM_CI_O[1])
                                                      0.076     0.758 r  cfo/observation_front/fft_core/bank1_reg_bram_0_i_80/O[1]
                         net (fo=5, routed)           0.522     1.280    cfo/observation_front/fft_core/bank1_reg_bram_0_i_80_n_14
    SLICE_X144Y402       CARRY8 (Prop_CARRY8_SLICEL_DI[0]_CO[1])
                                                      0.082     1.362 r  cfo/observation_front/fft_core/bank1_reg_bram_0_i_120/CO[1]
                         net (fo=5, routed)           0.252     1.614    cfo/observation_front/fft_core/clipped26_return05_in
    SLICE_X145Y407       LUT6 (Prop_A6LUT_SLICEM_I0_O)
                                                      0.100     1.714 r  cfo/observation_front/fft_core/bank0_reg_bram_0_i_70/O
                         net (fo=22, routed)          0.351     2.065    cfo/observation_front/fft_core/bank0_reg_bram_0_i_70_n_0
    SLICE_X142Y409       LUT6 (Prop_H6LUT_SLICEM_I3_O)
                                                      0.152     2.217 r  cfo/observation_front/fft_core/bank0_reg_bram_0_i_37/O
                         net (fo=1, routed)           0.245     2.462    cfo/observation_front/fft_core/wdata0[17]
    RAMB36_X9Y82         RAMB36E2                                     r  cfo/observation_front/fft_core/bank0_reg_bram_0/DINADIN[17]
  -------------------------------------------------------------------    -------------------

                         (clock clk500 rise edge)     2.000     2.000 r  
                                                      0.000     2.000 r  clk500 (IN)
                         net (fo=26625, unset)        0.039     2.039    cfo/observation_front/fft_core/clk
    RAMB36_X9Y82         RAMB36E2                                     r  cfo/observation_front/fft_core/bank0_reg_bram_0/CLKARDCLK
                         clock pessimism              0.000     2.039    
                         clock uncertainty           -0.035     2.004    
    RAMB36_X9Y82         RAMB36E2 (Setup_RAMB36E2_RAMB36_CLKARDCLK_DINADIN[17])
                                                     -0.269     1.735    cfo/observation_front/fft_core/bank0_reg_bram_0
  -------------------------------------------------------------------
                         required time                          1.735    
                         arrival time                          -2.462    
  -------------------------------------------------------------------
                         slack                                 -0.727    





Min Delay Paths
--------------------------------------------------------------------------------------
Slack (MET) :             0.025ns  (arrival time - required time)
  Source:                 sfo/residual_estimator/front_stage/main/service/u_xfft/U0/i_synth/xfft_inst/non_floating_point.arch_d.xfft_inst/pe_gen[1].natural_order_input.PE/scaling2bits.scaler_re/scale_mux/four_inputs.use_lut6.no_lut_sclr.four_to_one_mux[20].latency1.reg/C
                            (rising edge-triggered cell FDRE clocked by clk500  {rise@0.000ns fall@1.000ns period=2.000ns})
  Destination:            sfo/residual_estimator/front_stage/main/service/u_xfft/U0/i_synth/xfft_inst/non_floating_point.arch_d.xfft_inst/pe_gen[1].natural_order_input.PE/rounding.ROUND_0/reg_gate.delay_d_2/no_sclr_lut.real_shift_ram.use_baseblock.use_hlutnm_srls.srl_loop[6].i_srl16e1/D
                            (rising edge-triggered cell SRL16E clocked by clk500  {rise@0.000ns fall@1.000ns period=2.000ns})
  Path Group:             clk500
  Path Type:              Hold (Min at Fast Process Corner)
  Requirement:            0.000ns  (clk500 rise@0.000ns - clk500 rise@0.000ns)
  Data Path Delay:        0.096ns  (logic 0.039ns (40.625%)  route 0.057ns (59.375%))
  Logic Levels:           0  
  Clock Path Skew:        0.026ns (DCD - SCD - CPR)
    Destination Clock Delay (DCD):    0.039ns
    Source Clock Delay      (SCD):    0.013ns
    Clock Pessimism Removal (CPR):    -0.000ns

    Location             Delay type                Incr(ns)  Path(ns)    Netlist Resource(s)
  -------------------------------------------------------------------    -------------------
                         (clock clk500 rise edge)     0.000     0.000 r  
                                                      0.000     0.000 r  clk500 (IN)
                         net (fo=26625, unset)        0.013     0.013    sfo/residual_estimator/front_stage/main/service/u_xfft/U0/i_synth/xfft_inst/non_floating_point.arch_d.xfft_inst/pe_gen[1].natural_order_input.PE/scaling2bits.scaler_re/scale_mux/aclk
    SLICE_X173Y271       FDRE                                         r  sfo/residual_estimator/front_stage/main/service/u_xfft/U0/i_synth/xfft_inst/non_floating_point.arch_d.xfft_inst/pe_gen[1].natural_order_input.PE/scaling2bits.scaler_re/scale_mux/four_inputs.use_lut6.no_lut_sclr.four_to_one_mux[20].latency1.reg/C
  -------------------------------------------------------------------    -------------------
    SLICE_X173Y271       FDRE (Prop_GFF_SLICEL_C_Q)
                                                      0.039     0.052 r  sfo/residual_estimator/front_stage/main/service/u_xfft/U0/i_synth/xfft_inst/non_floating_point.arch_d.xfft_inst/pe_gen[1].natural_order_input.PE/scaling2bits.scaler_re/scale_mux/four_inputs.use_lut6.no_lut_sclr.four_to_one_mux[20].latency1.reg/Q
                         net (fo=2, routed)           0.057     0.109    sfo/residual_estimator/front_stage/main/service/u_xfft/U0/i_synth/xfft_inst/non_floating_point.arch_d.xfft_inst/pe_gen[1].natural_order_input.PE/rounding.ROUND_0/reg_gate.delay_d_2/Q[12]
    SLICE_X171Y271       SRL16E                                       r  sfo/residual_estimator/front_stage/main/service/u_xfft/U0/i_synth/xfft_inst/non_floating_point.arch_d.xfft_inst/pe_gen[1].natural_order_input.PE/rounding.ROUND_0/reg_gate.delay_d_2/no_sclr_lut.real_shift_ram.use_baseblock.use_hlutnm_srls.srl_loop[6].i_srl16e1/D
  -------------------------------------------------------------------    -------------------

                         (clock clk500 rise edge)     0.000     0.000 r  
                                                      0.000     0.000 r  clk500 (IN)
                         net (fo=26625, unset)        0.039     0.039    sfo/residual_estimator/front_stage/main/service/u_xfft/U0/i_synth/xfft_inst/non_floating_point.arch_d.xfft_inst/pe_gen[1].natural_order_input.PE/rounding.ROUND_0/reg_gate.delay_d_2/aclk
    SLICE_X171Y271       SRL16E                                       r  sfo/residual_estimator/front_stage/main/service/u_xfft/U0/i_synth/xfft_inst/non_floating_point.arch_d.xfft_inst/pe_gen[1].natural_order_input.PE/rounding.ROUND_0/reg_gate.delay_d_2/no_sclr_lut.real_shift_ram.use_baseblock.use_hlutnm_srls.srl_loop[6].i_srl16e1/CLK
                         clock pessimism              0.000     0.039    
    SLICE_X171Y271       SRL16E (Hold_B5LUT_SLICEM_CLK_D)
                                                      0.045     0.084    sfo/residual_estimator/front_stage/main/service/u_xfft/U0/i_synth/xfft_inst/non_floating_point.arch_d.xfft_inst/pe_gen[1].natural_order_input.PE/rounding.ROUND_0/reg_gate.delay_d_2/no_sclr_lut.real_shift_ram.use_baseblock.use_hlutnm_srls.srl_loop[6].i_srl16e1
  -------------------------------------------------------------------
                         required time                         -0.084    
                         arrival time                           0.109    
  -------------------------------------------------------------------
                         slack                                  0.025    





Pulse Width Checks
--------------------------------------------------------------------------------------
Clock Name:         clk500
Waveform(ns):       { 0.000 1.000 }
Period(ns):         2.000
Sources:            { clk500 }

Check Type        Corner  Lib Pin             Reference Pin  Required(ns)  Actual(ns)  Slack(ns)  Location       Pin
Min Period        n/a     RAMB36E2/CLKARDCLK  n/a            1.569         2.000       0.431      RAMB36_X9Y82   cfo/observation_front/fft_core/bank0_reg_bram_0/CLKARDCLK
Low Pulse Width   Slow    RAMB36E2/CLKARDCLK  n/a            0.542         1.000       0.458      RAMB36_X10Y78  cfo/observation_front/coefficient_address_reg_0_0/CLKARDCLK
High Pulse Width  Slow    RAMB36E2/CLKARDCLK  n/a            0.542         1.000       0.458      RAMB36_X10Y78  cfo/observation_front/coefficient_address_reg_0_0/CLKARDCLK



---------------------------------------------------------------------------------------------------
From Clock:  clk150
  To Clock:  clk125

Setup :            0  Failing Endpoints,  Worst Slack        6.146ns,  Total Violation        0.000ns
Hold  :           NA  Failing Endpoints,  Worst Slack           NA  ,  Total Violation           NA
---------------------------------------------------------------------------------------------------


Max Delay Paths
--------------------------------------------------------------------------------------
Slack (MET) :             6.146ns  (required time - arrival time)
  Source:                 completions/record_fifo/gnuram_async_fifo.xpm_fifo_base_inst/gen_cdc_pntr.wr_pntr_cdc_inst/src_gray_ff_reg[1]/C
                            (rising edge-triggered cell FDRE clocked by clk150  {rise@0.000ns fall@3.333ns period=6.667ns})
  Destination:            completions/record_fifo/gnuram_async_fifo.xpm_fifo_base_inst/gen_cdc_pntr.wr_pntr_cdc_inst/dest_graysync_ff_reg[0][1]/D
                            (rising edge-triggered cell FDRE clocked by clk125  {rise@0.000ns fall@4.000ns period=8.000ns})
  Path Group:             clk125
  Path Type:              Setup (Max at Slow Process Corner)
  Requirement:            6.667ns  (MaxDelay Path 6.667ns)
  Data Path Delay:        0.546ns  (logic 0.080ns (14.652%)  route 0.466ns (85.348%))
  Logic Levels:           0  
  Timing Exception:       MaxDelay Path 6.667ns -datapath_only

    Location             Delay type                Incr(ns)  Path(ns)    Netlist Resource(s)
  -------------------------------------------------------------------    -------------------
    SLICE_X145Y477                                    0.000     0.000 r  completions/record_fifo/gnuram_async_fifo.xpm_fifo_base_inst/gen_cdc_pntr.wr_pntr_cdc_inst/src_gray_ff_reg[1]/C
    SLICE_X145Y477       FDRE (Prop_DFF2_SLICEM_C_Q)
                                                      0.080     0.080 r  completions/record_fifo/gnuram_async_fifo.xpm_fifo_base_inst/gen_cdc_pntr.wr_pntr_cdc_inst/src_gray_ff_reg[1]/Q
                         net (fo=1, routed)           0.466     0.546    completions/record_fifo/gnuram_async_fifo.xpm_fifo_base_inst/gen_cdc_pntr.wr_pntr_cdc_inst/async_path[1]
    SLICE_X145Y477       FDRE                                         r  completions/record_fifo/gnuram_async_fifo.xpm_fifo_base_inst/gen_cdc_pntr.wr_pntr_cdc_inst/dest_graysync_ff_reg[0][1]/D
  -------------------------------------------------------------------    -------------------

                         max delay                    6.667     6.667    
    SLICE_X145Y477       FDRE (Setup_GFF2_SLICEM_C_D)
                                                      0.025     6.692    completions/record_fifo/gnuram_async_fifo.xpm_fifo_base_inst/gen_cdc_pntr.wr_pntr_cdc_inst/dest_graysync_ff_reg[0][1]
  -------------------------------------------------------------------
                         required time                          6.692    
                         arrival time                          -0.546    
  -------------------------------------------------------------------
                         slack                                  6.146    





---------------------------------------------------------------------------------------------------
From Clock:  clk500
  To Clock:  clk125

Setup :            0  Failing Endpoints,  Worst Slack        0.963ns,  Total Violation        0.000ns
Hold  :            0  Failing Endpoints,  Worst Slack        0.045ns,  Total Violation        0.000ns
---------------------------------------------------------------------------------------------------


Max Delay Paths
--------------------------------------------------------------------------------------
Slack (MET) :             0.963ns  (required time - arrival time)
  Source:                 sfo/residual_estimator/front_stage/main/service/u_egress_fifo/gnuram_async_fifo.xpm_fifo_base_inst/gen_cdc_pntr.wr_pntr_cdc_inst/src_gray_ff_reg[4]/C
                            (rising edge-triggered cell FDRE clocked by clk500  {rise@0.000ns fall@1.000ns period=2.000ns})
  Destination:            sfo/residual_estimator/front_stage/main/service/u_egress_fifo/gnuram_async_fifo.xpm_fifo_base_inst/gen_cdc_pntr.wr_pntr_cdc_inst/dest_graysync_ff_reg[0][4]/D
                            (rising edge-triggered cell FDRE clocked by clk125  {rise@0.000ns fall@4.000ns period=8.000ns})
  Path Group:             clk125
  Path Type:              Setup (Max at Slow Process Corner)
  Requirement:            2.000ns  (MaxDelay Path 2.000ns)
  Data Path Delay:        1.062ns  (logic 0.081ns (7.627%)  route 0.981ns (92.373%))
  Logic Levels:           0  
  Timing Exception:       MaxDelay Path 2.000ns -datapath_only

    Location             Delay type                Incr(ns)  Path(ns)    Netlist Resource(s)
  -------------------------------------------------------------------    -------------------
    SLICE_X219Y388                                    0.000     0.000 r  sfo/residual_estimator/front_stage/main/service/u_egress_fifo/gnuram_async_fifo.xpm_fifo_base_inst/gen_cdc_pntr.wr_pntr_cdc_inst/src_gray_ff_reg[4]/C
    SLICE_X219Y388       FDRE (Prop_GFF2_SLICEL_C_Q)
                                                      0.081     0.081 r  sfo/residual_estimator/front_stage/main/service/u_egress_fifo/gnuram_async_fifo.xpm_fifo_base_inst/gen_cdc_pntr.wr_pntr_cdc_inst/src_gray_ff_reg[4]/Q
                         net (fo=1, routed)           0.981     1.062    sfo/residual_estimator/front_stage/main/service/u_egress_fifo/gnuram_async_fifo.xpm_fifo_base_inst/gen_cdc_pntr.wr_pntr_cdc_inst/async_path[4]
    SLICE_X217Y392       FDRE                                         r  sfo/residual_estimator/front_stage/main/service/u_egress_fifo/gnuram_async_fifo.xpm_fifo_base_inst/gen_cdc_pntr.wr_pntr_cdc_inst/dest_graysync_ff_reg[0][4]/D
  -------------------------------------------------------------------    -------------------

                         max delay                    2.000     2.000    
    SLICE_X217Y392       FDRE (Setup_GFF2_SLICEM_C_D)
                                                      0.025     2.025    sfo/residual_estimator/front_stage/main/service/u_egress_fifo/gnuram_async_fifo.xpm_fifo_base_inst/gen_cdc_pntr.wr_pntr_cdc_inst/dest_graysync_ff_reg[0][4]
  -------------------------------------------------------------------
                         required time                          2.025    
                         arrival time                          -1.062    
  -------------------------------------------------------------------
                         slack                                  0.963    





Min Delay Paths
--------------------------------------------------------------------------------------
Slack (MET) :             0.045ns  (arrival time - required time)
  Source:                 sfo/residual_estimator/front_stage/main/service/egress_overflow_500_reg/C
                            (rising edge-triggered cell FDRE clocked by clk500  {rise@0.000ns fall@1.000ns period=2.000ns})
  Destination:            sfo/residual_estimator/front_stage/main/service/errors_meta_reg[3]/D
                            (rising edge-triggered cell FDRE clocked by clk125  {rise@0.000ns fall@4.000ns period=8.000ns})
  Path Group:             clk125
  Path Type:              Hold (Min at Fast Process Corner)
  Requirement:            0.000ns  (clk125 rise@0.000ns - clk500 rise@0.000ns)
  Data Path Delay:        0.132ns  (logic 0.039ns (29.545%)  route 0.093ns (70.455%))
  Logic Levels:           0  
  Clock Path Skew:        0.005ns (DCD - SCD - CPR)
    Destination Clock Delay (DCD):    0.018ns
    Source Clock Delay      (SCD):    0.013ns
    Clock Pessimism Removal (CPR):    -0.000ns
  Clock Uncertainty:      0.035ns  ((TSJ^2 + TIJ^2)^1/2 + DJ) / 2 + PE
    Total System Jitter     (TSJ):    0.071ns
    Total Input Jitter      (TIJ):    0.000ns
    Discrete Jitter          (DJ):    0.000ns
    Phase Error              (PE):    0.000ns
  Clock Domain Crossing:  Inter clock paths are considered valid unless explicitly excluded by timing constraints such as set_clock_groups or set_false_path.

    Location             Delay type                Incr(ns)  Path(ns)    Netlist Resource(s)
  -------------------------------------------------------------------    -------------------
                         (clock clk500 rise edge)     0.000     0.000 r  
                                                      0.000     0.000 r  clk500 (IN)
                         net (fo=26625, unset)        0.013     0.013    sfo/residual_estimator/front_stage/main/service/clk_500
    SLICE_X222Y394       FDRE                                         r  sfo/residual_estimator/front_stage/main/service/egress_overflow_500_reg/C
  -------------------------------------------------------------------    -------------------
    SLICE_X222Y394       FDRE (Prop_HFF2_SLICEM_C_Q)
                                                      0.039     0.052 r  sfo/residual_estimator/front_stage/main/service/egress_overflow_500_reg/Q
                         net (fo=2, routed)           0.093     0.145    sfo/residual_estimator/front_stage/main/service/p_1_in[3]
    SLICE_X223Y398       FDRE                                         r  sfo/residual_estimator/front_stage/main/service/errors_meta_reg[3]/D
  -------------------------------------------------------------------    -------------------

                         (clock clk125 rise edge)     0.000     0.000 r  
                                                      0.000     0.000 r  clk125 (IN)
                         net (fo=95278, unset)        0.018     0.018    sfo/residual_estimator/front_stage/main/service/clk_125
    SLICE_X223Y398       FDRE                                         r  sfo/residual_estimator/front_stage/main/service/errors_meta_reg[3]/C
                         clock pessimism              0.000     0.018    
                         clock uncertainty            0.035     0.053    
    SLICE_X223Y398       FDRE (Hold_DFF2_SLICEL_C_D)
                                                      0.047     0.100    sfo/residual_estimator/front_stage/main/service/errors_meta_reg[3]
  -------------------------------------------------------------------
                         required time                         -0.100    
                         arrival time                           0.145    
  -------------------------------------------------------------------
                         slack                                  0.045    





---------------------------------------------------------------------------------------------------
From Clock:  clk125
  To Clock:  clk150

Setup :            0  Failing Endpoints,  Worst Slack        7.441ns,  Total Violation        0.000ns
Hold  :           NA  Failing Endpoints,  Worst Slack           NA  ,  Total Violation           NA
---------------------------------------------------------------------------------------------------


Max Delay Paths
--------------------------------------------------------------------------------------
Slack (MET) :             7.441ns  (required time - arrival time)
  Source:                 sfo/two_pass_transport/shared_raw.hub/training_data/record_fifo/gnuram_async_fifo.xpm_fifo_base_inst/gen_cdc_pntr.rd_pntr_cdc_inst/src_gray_ff_reg[6]/C
                            (rising edge-triggered cell FDRE clocked by clk125  {rise@0.000ns fall@4.000ns period=8.000ns})
  Destination:            sfo/two_pass_transport/shared_raw.hub/training_data/record_fifo/gnuram_async_fifo.xpm_fifo_base_inst/gen_cdc_pntr.rd_pntr_cdc_inst/dest_graysync_ff_reg[0][6]/D
                            (rising edge-triggered cell FDRE clocked by clk150  {rise@0.000ns fall@3.333ns period=6.667ns})
  Path Group:             clk150
  Path Type:              Setup (Max at Slow Process Corner)
  Requirement:            8.000ns  (MaxDelay Path 8.000ns)
  Data Path Delay:        0.584ns  (logic 0.080ns (13.699%)  route 0.504ns (86.301%))
  Logic Levels:           0  
  Timing Exception:       MaxDelay Path 8.000ns -datapath_only

    Location             Delay type                Incr(ns)  Path(ns)    Netlist Resource(s)
  -------------------------------------------------------------------    -------------------
    SLICE_X152Y372                                    0.000     0.000 r  sfo/two_pass_transport/shared_raw.hub/training_data/record_fifo/gnuram_async_fifo.xpm_fifo_base_inst/gen_cdc_pntr.rd_pntr_cdc_inst/src_gray_ff_reg[6]/C
    SLICE_X152Y372       FDRE (Prop_DFF2_SLICEM_C_Q)
                                                      0.080     0.080 r  sfo/two_pass_transport/shared_raw.hub/training_data/record_fifo/gnuram_async_fifo.xpm_fifo_base_inst/gen_cdc_pntr.rd_pntr_cdc_inst/src_gray_ff_reg[6]/Q
                         net (fo=1, routed)           0.504     0.584    sfo/two_pass_transport/shared_raw.hub/training_data/record_fifo/gnuram_async_fifo.xpm_fifo_base_inst/gen_cdc_pntr.rd_pntr_cdc_inst/async_path[6]
    SLICE_X152Y372       FDRE                                         r  sfo/two_pass_transport/shared_raw.hub/training_data/record_fifo/gnuram_async_fifo.xpm_fifo_base_inst/gen_cdc_pntr.rd_pntr_cdc_inst/dest_graysync_ff_reg[0][6]/D
  -------------------------------------------------------------------    -------------------

                         max delay                    8.000     8.000    
    SLICE_X152Y372       FDRE (Setup_GFF2_SLICEM_C_D)
                                                      0.025     8.025    sfo/two_pass_transport/shared_raw.hub/training_data/record_fifo/gnuram_async_fifo.xpm_fifo_base_inst/gen_cdc_pntr.rd_pntr_cdc_inst/dest_graysync_ff_reg[0][6]
  -------------------------------------------------------------------
                         required time                          8.025    
                         arrival time                          -0.584    
  -------------------------------------------------------------------
                         slack                                  7.441    





---------------------------------------------------------------------------------------------------
From Clock:  clk500
  To Clock:  clk150

Setup :            0  Failing Endpoints,  Worst Slack        1.495ns,  Total Violation        0.000ns
Hold  :           NA  Failing Endpoints,  Worst Slack           NA  ,  Total Violation           NA
---------------------------------------------------------------------------------------------------


Max Delay Paths
--------------------------------------------------------------------------------------
Slack (MET) :             1.495ns  (required time - arrival time)
  Source:                 cfo/windows/packed_windows/fifo/gnuram_async_fifo.xpm_fifo_base_inst/gen_cdc_pntr.rd_pntr_cdc_dc_inst/src_gray_ff_reg[10]/C
                            (rising edge-triggered cell FDRE clocked by clk500  {rise@0.000ns fall@1.000ns period=2.000ns})
  Destination:            cfo/windows/packed_windows/fifo/gnuram_async_fifo.xpm_fifo_base_inst/gen_cdc_pntr.rd_pntr_cdc_dc_inst/dest_graysync_ff_reg[0][10]/D
                            (rising edge-triggered cell FDRE clocked by clk150  {rise@0.000ns fall@3.333ns period=6.667ns})
  Path Group:             clk150
  Path Type:              Setup (Max at Slow Process Corner)
  Requirement:            2.000ns  (MaxDelay Path 2.000ns)
  Data Path Delay:        0.530ns  (logic 0.078ns (14.717%)  route 0.452ns (85.283%))
  Logic Levels:           0  
  Timing Exception:       MaxDelay Path 2.000ns -datapath_only

    Location             Delay type                Incr(ns)  Path(ns)    Netlist Resource(s)
  -------------------------------------------------------------------    -------------------
    SLICE_X175Y455                                    0.000     0.000 r  cfo/windows/packed_windows/fifo/gnuram_async_fifo.xpm_fifo_base_inst/gen_cdc_pntr.rd_pntr_cdc_dc_inst/src_gray_ff_reg[10]/C
    SLICE_X175Y455       FDRE (Prop_DFF_SLICEM_C_Q)
                                                      0.078     0.078 r  cfo/windows/packed_windows/fifo/gnuram_async_fifo.xpm_fifo_base_inst/gen_cdc_pntr.rd_pntr_cdc_dc_inst/src_gray_ff_reg[10]/Q
                         net (fo=1, routed)           0.452     0.530    cfo/windows/packed_windows/fifo/gnuram_async_fifo.xpm_fifo_base_inst/gen_cdc_pntr.rd_pntr_cdc_dc_inst/async_path[10]
    SLICE_X175Y455       FDRE                                         r  cfo/windows/packed_windows/fifo/gnuram_async_fifo.xpm_fifo_base_inst/gen_cdc_pntr.rd_pntr_cdc_dc_inst/dest_graysync_ff_reg[0][10]/D
  -------------------------------------------------------------------    -------------------

                         max delay                    2.000     2.000    
    SLICE_X175Y455       FDRE (Setup_HFF2_SLICEM_C_D)
                                                      0.025     2.025    cfo/windows/packed_windows/fifo/gnuram_async_fifo.xpm_fifo_base_inst/gen_cdc_pntr.rd_pntr_cdc_dc_inst/dest_graysync_ff_reg[0][10]
  -------------------------------------------------------------------
                         required time                          2.025    
                         arrival time                          -0.530    
  -------------------------------------------------------------------
                         slack                                  1.495    





---------------------------------------------------------------------------------------------------
From Clock:  clk125
  To Clock:  clk500

Setup :            0  Failing Endpoints,  Worst Slack        7.004ns,  Total Violation        0.000ns
Hold  :           NA  Failing Endpoints,  Worst Slack           NA  ,  Total Violation           NA
---------------------------------------------------------------------------------------------------


Max Delay Paths
--------------------------------------------------------------------------------------
Slack (MET) :             7.004ns  (required time - arrival time)
  Source:                 sfo/residual_estimator/front_stage/main/service/u_egress_fifo/gnuram_async_fifo.xpm_fifo_base_inst/gen_cdc_pntr.rd_pntr_cdc_inst/src_gray_ff_reg[7]/C
                            (rising edge-triggered cell FDRE clocked by clk125  {rise@0.000ns fall@4.000ns period=8.000ns})
  Destination:            sfo/residual_estimator/front_stage/main/service/u_egress_fifo/gnuram_async_fifo.xpm_fifo_base_inst/gen_cdc_pntr.rd_pntr_cdc_inst/dest_graysync_ff_reg[0][7]/D
                            (rising edge-triggered cell FDRE clocked by clk500  {rise@0.000ns fall@1.000ns period=2.000ns})
  Path Group:             clk500
  Path Type:              Setup (Max at Slow Process Corner)
  Requirement:            8.000ns  (MaxDelay Path 8.000ns)
  Data Path Delay:        1.021ns  (logic 0.078ns (7.640%)  route 0.943ns (92.360%))
  Logic Levels:           0  
  Timing Exception:       MaxDelay Path 8.000ns -datapath_only

    Location             Delay type                Incr(ns)  Path(ns)    Netlist Resource(s)
  -------------------------------------------------------------------    -------------------
    SLICE_X220Y390                                    0.000     0.000 r  sfo/residual_estimator/front_stage/main/service/u_egress_fifo/gnuram_async_fifo.xpm_fifo_base_inst/gen_cdc_pntr.rd_pntr_cdc_inst/src_gray_ff_reg[7]/C
    SLICE_X220Y390       FDRE (Prop_BFF_SLICEM_C_Q)
                                                      0.078     0.078 r  sfo/residual_estimator/front_stage/main/service/u_egress_fifo/gnuram_async_fifo.xpm_fifo_base_inst/gen_cdc_pntr.rd_pntr_cdc_inst/src_gray_ff_reg[7]/Q
                         net (fo=1, routed)           0.943     1.021    sfo/residual_estimator/front_stage/main/service/u_egress_fifo/gnuram_async_fifo.xpm_fifo_base_inst/gen_cdc_pntr.rd_pntr_cdc_inst/async_path[7]
    SLICE_X218Y390       FDRE                                         r  sfo/residual_estimator/front_stage/main/service/u_egress_fifo/gnuram_async_fifo.xpm_fifo_base_inst/gen_cdc_pntr.rd_pntr_cdc_inst/dest_graysync_ff_reg[0][7]/D
  -------------------------------------------------------------------    -------------------

                         max delay                    8.000     8.000    
    SLICE_X218Y390       FDRE (Setup_GFF2_SLICEL_C_D)
                                                      0.025     8.025    sfo/residual_estimator/front_stage/main/service/u_egress_fifo/gnuram_async_fifo.xpm_fifo_base_inst/gen_cdc_pntr.rd_pntr_cdc_inst/dest_graysync_ff_reg[0][7]
  -------------------------------------------------------------------
                         required time                          8.025    
                         arrival time                          -1.021    
  -------------------------------------------------------------------
                         slack                                  7.004    





---------------------------------------------------------------------------------------------------
From Clock:  clk150
  To Clock:  clk500

Setup :            0  Failing Endpoints,  Worst Slack        6.116ns,  Total Violation        0.000ns
Hold  :           NA  Failing Endpoints,  Worst Slack           NA  ,  Total Violation           NA
---------------------------------------------------------------------------------------------------


Max Delay Paths
--------------------------------------------------------------------------------------
Slack (MET) :             6.116ns  (required time - arrival time)
  Source:                 cfo/windows/packed_windows/fifo/gnuram_async_fifo.xpm_fifo_base_inst/gen_cdc_pntr.wr_pntr_cdc_inst/src_gray_ff_reg[11]/C
                            (rising edge-triggered cell FDRE clocked by clk150  {rise@0.000ns fall@3.333ns period=6.667ns})
  Destination:            cfo/windows/packed_windows/fifo/gnuram_async_fifo.xpm_fifo_base_inst/gen_cdc_pntr.wr_pntr_cdc_inst/dest_graysync_ff_reg[0][11]/D
                            (rising edge-triggered cell FDRE clocked by clk500  {rise@0.000ns fall@1.000ns period=2.000ns})
  Path Group:             clk500
  Path Type:              Setup (Max at Slow Process Corner)
  Requirement:            6.667ns  (MaxDelay Path 6.667ns)
  Data Path Delay:        0.576ns  (logic 0.079ns (13.715%)  route 0.497ns (86.285%))
  Logic Levels:           0  
  Timing Exception:       MaxDelay Path 6.667ns -datapath_only

    Location             Delay type                Incr(ns)  Path(ns)    Netlist Resource(s)
  -------------------------------------------------------------------    -------------------
    SLICE_X173Y453                                    0.000     0.000 r  cfo/windows/packed_windows/fifo/gnuram_async_fifo.xpm_fifo_base_inst/gen_cdc_pntr.wr_pntr_cdc_inst/src_gray_ff_reg[11]/C
    SLICE_X173Y453       FDRE (Prop_EFF_SLICEL_C_Q)
                                                      0.079     0.079 r  cfo/windows/packed_windows/fifo/gnuram_async_fifo.xpm_fifo_base_inst/gen_cdc_pntr.wr_pntr_cdc_inst/src_gray_ff_reg[11]/Q
                         net (fo=1, routed)           0.497     0.576    cfo/windows/packed_windows/fifo/gnuram_async_fifo.xpm_fifo_base_inst/gen_cdc_pntr.wr_pntr_cdc_inst/async_path[11]
    SLICE_X173Y453       FDRE                                         r  cfo/windows/packed_windows/fifo/gnuram_async_fifo.xpm_fifo_base_inst/gen_cdc_pntr.wr_pntr_cdc_inst/dest_graysync_ff_reg[0][11]/D
  -------------------------------------------------------------------    -------------------

                         max delay                    6.667     6.667    
    SLICE_X173Y453       FDRE (Setup_DFF2_SLICEL_C_D)
                                                      0.025     6.692    cfo/windows/packed_windows/fifo/gnuram_async_fifo.xpm_fifo_base_inst/gen_cdc_pntr.wr_pntr_cdc_inst/dest_graysync_ff_reg[0][11]
  -------------------------------------------------------------------
                         required time                          6.692    
                         arrival time                          -0.576    
  -------------------------------------------------------------------
                         slack                                  6.116    





---------------------------------------------------------------------------------------------------
Path Group:  **async_default**
From Clock:  clk125
  To Clock:  clk125

Setup :            0  Failing Endpoints,  Worst Slack        5.267ns,  Total Violation        0.000ns
Hold  :            0  Failing Endpoints,  Worst Slack        0.152ns,  Total Violation        0.000ns
---------------------------------------------------------------------------------------------------


Max Delay Paths
--------------------------------------------------------------------------------------
Slack (MET) :             5.267ns  (required time - arrival time)
  Source:                 reset_a/sync_reset/arststages_ff_reg[3]/C
                            (rising edge-triggered cell FDPE clocked by clk125  {rise@0.000ns fall@4.000ns period=8.000ns})
  Destination:            reset_a/reset_active_reg_replica_8/PRE
                            (recovery check against rising-edge clock clk125  {rise@0.000ns fall@4.000ns period=8.000ns})
  Path Group:             **async_default**
  Path Type:              Recovery (Max at Slow Process Corner)
  Requirement:            8.000ns  (clk125 rise@8.000ns - clk125 rise@0.000ns)
  Data Path Delay:        2.622ns  (logic 0.079ns (3.013%)  route 2.543ns (96.987%))
  Logic Levels:           0  
  Clock Path Skew:        -0.010ns (DCD - SCD + CPR)
    Destination Clock Delay (DCD):    0.020ns = ( 8.020 - 8.000 ) 
    Source Clock Delay      (SCD):    0.030ns
    Clock Pessimism Removal (CPR):    0.000ns
  Clock Uncertainty:      0.035ns  ((TSJ^2 + TIJ^2)^1/2 + DJ) / 2 + PE
    Total System Jitter     (TSJ):    0.071ns
    Total Input Jitter      (TIJ):    0.000ns
    Discrete Jitter          (DJ):    0.000ns
    Phase Error              (PE):    0.000ns

    Location             Delay type                Incr(ns)  Path(ns)    Netlist Resource(s)
  -------------------------------------------------------------------    -------------------
                         (clock clk125 rise edge)     0.000     0.000 r  
                                                      0.000     0.000 r  clk125 (IN)
                         net (fo=95278, unset)        0.030     0.030    reset_a/sync_reset/dest_clk
    SLICE_X146Y448       FDPE                                         r  reset_a/sync_reset/arststages_ff_reg[3]/C
  -------------------------------------------------------------------    -------------------
    SLICE_X146Y448       FDPE (Prop_GFF2_SLICEM_C_Q)
                                                      0.079     0.109 f  reset_a/sync_reset/arststages_ff_reg[3]/Q
                         net (fo=18, routed)          2.543     2.652    reset_a/synced
    SLICE_X123Y428       FDPE                                         f  reset_a/reset_active_reg_replica_8/PRE
  -------------------------------------------------------------------    -------------------

                         (clock clk125 rise edge)     8.000     8.000 r  
                                                      0.000     8.000 r  clk125 (IN)
                         net (fo=95278, unset)        0.020     8.020    reset_a/clk
    SLICE_X123Y428       FDPE                                         r  reset_a/reset_active_reg_replica_8/C
                         clock pessimism              0.000     8.020    
                         clock uncertainty           -0.035     7.985    
    SLICE_X123Y428       FDPE (Recov_EFF_SLICEL_C_PRE)
                                                     -0.066     7.919    reset_a/reset_active_reg_replica_8
  -------------------------------------------------------------------
                         required time                          7.919    
                         arrival time                          -2.652    
  -------------------------------------------------------------------
                         slack                                  5.267    





Min Delay Paths
--------------------------------------------------------------------------------------
Slack (MET) :             0.152ns  (arrival time - required time)
  Source:                 sfo/two_pass_transport/shared_raw.hub/reset_a/sync_reset/arststages_ff_reg[3]/C
                            (rising edge-triggered cell FDPE clocked by clk125  {rise@0.000ns fall@4.000ns period=8.000ns})
  Destination:            sfo/two_pass_transport/shared_raw.hub/reset_a/hold_count_reg[0]/CLR
                            (removal check against rising-edge clock clk125  {rise@0.000ns fall@4.000ns period=8.000ns})
  Path Group:             **async_default**
  Path Type:              Removal (Min at Fast Process Corner)
  Requirement:            0.000ns  (clk125 rise@0.000ns - clk125 rise@0.000ns)
  Data Path Delay:        0.139ns  (logic 0.040ns (28.777%)  route 0.099ns (71.223%))
  Logic Levels:           0  
  Clock Path Skew:        0.007ns (DCD - SCD - CPR)
    Destination Clock Delay (DCD):    0.019ns
    Source Clock Delay      (SCD):    0.012ns
    Clock Pessimism Removal (CPR):    -0.000ns

    Location             Delay type                Incr(ns)  Path(ns)    Netlist Resource(s)
  -------------------------------------------------------------------    -------------------
                         (clock clk125 rise edge)     0.000     0.000 r  
                                                      0.000     0.000 r  clk125 (IN)
                         net (fo=95278, unset)        0.012     0.012    sfo/two_pass_transport/shared_raw.hub/reset_a/sync_reset/dest_clk
    SLICE_X140Y436       FDPE                                         r  sfo/two_pass_transport/shared_raw.hub/reset_a/sync_reset/arststages_ff_reg[3]/C
  -------------------------------------------------------------------    -------------------
    SLICE_X140Y436       FDPE (Prop_CFF2_SLICEL_C_Q)
                                                      0.040     0.052 f  sfo/two_pass_transport/shared_raw.hub/reset_a/sync_reset/arststages_ff_reg[3]/Q
                         net (fo=8, routed)           0.099     0.151    sfo/two_pass_transport/shared_raw.hub/reset_a/synced
    SLICE_X140Y435       FDCE                                         f  sfo/two_pass_transport/shared_raw.hub/reset_a/hold_count_reg[0]/CLR
  -------------------------------------------------------------------    -------------------

                         (clock clk125 rise edge)     0.000     0.000 r  
                                                      0.000     0.000 r  clk125 (IN)
                         net (fo=95278, unset)        0.019     0.019    sfo/two_pass_transport/shared_raw.hub/reset_a/clk
    SLICE_X140Y435       FDCE                                         r  sfo/two_pass_transport/shared_raw.hub/reset_a/hold_count_reg[0]/C
                         clock pessimism              0.000     0.019    
    SLICE_X140Y435       FDCE (Remov_HFF_SLICEL_C_CLR)
                                                     -0.020    -0.001    sfo/two_pass_transport/shared_raw.hub/reset_a/hold_count_reg[0]
  -------------------------------------------------------------------
                         required time                          0.001    
                         arrival time                           0.151    
  -------------------------------------------------------------------
                         slack                                  0.152    





---------------------------------------------------------------------------------------------------
Path Group:  **async_default**
From Clock:  clk150
  To Clock:  clk150

Setup :            0  Failing Endpoints,  Worst Slack        0.896ns,  Total Violation        0.000ns
Hold  :            0  Failing Endpoints,  Worst Slack        0.141ns,  Total Violation        0.000ns
---------------------------------------------------------------------------------------------------


Max Delay Paths
--------------------------------------------------------------------------------------
Slack (MET) :             0.896ns  (required time - arrival time)
  Source:                 sfo/two_pass_transport/reset_150/sync_reset/arststages_ff_reg[3]/C
                            (rising edge-triggered cell FDPE clocked by clk150  {rise@0.000ns fall@3.333ns period=6.667ns})
  Destination:            sfo/two_pass_transport/reset_150/reset_active_reg_replica_14/PRE
                            (recovery check against rising-edge clock clk150  {rise@0.000ns fall@3.333ns period=6.667ns})
  Path Group:             **async_default**
  Path Type:              Recovery (Max at Slow Process Corner)
  Requirement:            6.667ns  (clk150 rise@6.667ns - clk150 rise@0.000ns)
  Data Path Delay:        5.662ns  (logic 0.080ns (1.413%)  route 5.582ns (98.587%))
  Logic Levels:           0  
  Clock Path Skew:        -0.008ns (DCD - SCD + CPR)
    Destination Clock Delay (DCD):    0.020ns = ( 6.687 - 6.667 ) 
    Source Clock Delay      (SCD):    0.028ns
    Clock Pessimism Removal (CPR):    0.000ns
  Clock Uncertainty:      0.035ns  ((TSJ^2 + TIJ^2)^1/2 + DJ) / 2 + PE
    Total System Jitter     (TSJ):    0.071ns
    Total Input Jitter      (TIJ):    0.000ns
    Discrete Jitter          (DJ):    0.000ns
    Phase Error              (PE):    0.000ns

    Location             Delay type                Incr(ns)  Path(ns)    Netlist Resource(s)
  -------------------------------------------------------------------    -------------------
                         (clock clk150 rise edge)     0.000     0.000 r  
                                                      0.000     0.000 r  clk150 (IN)
                         net (fo=160079, unset)       0.028     0.028    sfo/two_pass_transport/reset_150/sync_reset/dest_clk
    SLICE_X119Y321       FDPE                                         r  sfo/two_pass_transport/reset_150/sync_reset/arststages_ff_reg[3]/C
  -------------------------------------------------------------------    -------------------
    SLICE_X119Y321       FDPE (Prop_CFF2_SLICEL_C_Q)
                                                      0.080     0.108 f  sfo/two_pass_transport/reset_150/sync_reset/arststages_ff_reg[3]/Q
                         net (fo=37, routed)          5.582     5.690    sfo/two_pass_transport/reset_150/synced
    SLICE_X120Y416       FDPE                                         f  sfo/two_pass_transport/reset_150/reset_active_reg_replica_14/PRE
  -------------------------------------------------------------------    -------------------

                         (clock clk150 rise edge)     6.667     6.667 r  
                                                      0.000     6.667 r  clk150 (IN)
                         net (fo=160079, unset)       0.020     6.687    sfo/two_pass_transport/reset_150/clk
    SLICE_X120Y416       FDPE                                         r  sfo/two_pass_transport/reset_150/reset_active_reg_replica_14/C
                         clock pessimism              0.000     6.687    
                         clock uncertainty           -0.035     6.652    
    SLICE_X120Y416       FDPE (Recov_EFF_SLICEL_C_PRE)
                                                     -0.066     6.586    sfo/two_pass_transport/reset_150/reset_active_reg_replica_14
  -------------------------------------------------------------------
                         required time                          6.586    
                         arrival time                          -5.690    
  -------------------------------------------------------------------
                         slack                                  0.896    





Min Delay Paths
--------------------------------------------------------------------------------------
Slack (MET) :             0.141ns  (arrival time - required time)
  Source:                 reset_b/sync_reset/arststages_ff_reg[3]/C
                            (rising edge-triggered cell FDPE clocked by clk150  {rise@0.000ns fall@3.333ns period=6.667ns})
  Destination:            reset_b/reset_active_reg/PRE
                            (removal check against rising-edge clock clk150  {rise@0.000ns fall@3.333ns period=6.667ns})
  Path Group:             **async_default**
  Path Type:              Removal (Min at Fast Process Corner)
  Requirement:            0.000ns  (clk150 rise@0.000ns - clk150 rise@0.000ns)
  Data Path Delay:        0.127ns  (logic 0.039ns (30.709%)  route 0.088ns (69.291%))
  Logic Levels:           0  
  Clock Path Skew:        0.006ns (DCD - SCD - CPR)
    Destination Clock Delay (DCD):    0.019ns
    Source Clock Delay      (SCD):    0.013ns
    Clock Pessimism Removal (CPR):    -0.000ns

    Location             Delay type                Incr(ns)  Path(ns)    Netlist Resource(s)
  -------------------------------------------------------------------    -------------------
                         (clock clk150 rise edge)     0.000     0.000 r  
                                                      0.000     0.000 r  clk150 (IN)
                         net (fo=160079, unset)       0.013     0.013    reset_b/sync_reset/dest_clk
    SLICE_X133Y472       FDPE                                         r  reset_b/sync_reset/arststages_ff_reg[3]/C
  -------------------------------------------------------------------    -------------------
    SLICE_X133Y472       FDPE (Prop_CFF2_SLICEM_C_Q)
                                                      0.039     0.052 f  reset_b/sync_reset/arststages_ff_reg[3]/Q
                         net (fo=8, routed)           0.088     0.140    reset_b/synced
    SLICE_X133Y472       FDPE                                         f  reset_b/reset_active_reg/PRE
  -------------------------------------------------------------------    -------------------

                         (clock clk150 rise edge)     0.000     0.000 r  
                                                      0.000     0.000 r  clk150 (IN)
                         net (fo=160079, unset)       0.019     0.019    reset_b/clk
    SLICE_X133Y472       FDPE                                         r  reset_b/reset_active_reg/C
                         clock pessimism              0.000     0.019    
    SLICE_X133Y472       FDPE (Remov_EFF_SLICEM_C_PRE)
                                                     -0.020    -0.001    reset_b/reset_active_reg
  -------------------------------------------------------------------
                         required time                          0.001    
                         arrival time                           0.140    
  -------------------------------------------------------------------
                         slack                                  0.141    





---------------------------------------------------------------------------------------------------
Path Group:  **async_default**
From Clock:  clk500
  To Clock:  clk500

Setup :            0  Failing Endpoints,  Worst Slack        0.971ns,  Total Violation        0.000ns
Hold  :            0  Failing Endpoints,  Worst Slack        0.135ns,  Total Violation        0.000ns
---------------------------------------------------------------------------------------------------


Max Delay Paths
--------------------------------------------------------------------------------------
Slack (MET) :             0.971ns  (required time - arrival time)
  Source:                 cfo/estimator/reset_fast_sync/arststages_ff_reg[3]/C
                            (rising edge-triggered cell FDPE clocked by clk500  {rise@0.000ns fall@1.000ns period=2.000ns})
  Destination:            cfo/estimator/locked_frame_reg[11]/CLR
                            (recovery check against rising-edge clock clk500  {rise@0.000ns fall@1.000ns period=2.000ns})
  Path Group:             **async_default**
  Path Type:              Recovery (Max at Slow Process Corner)
  Requirement:            2.000ns  (clk500 rise@2.000ns - clk500 rise@0.000ns)
  Data Path Delay:        0.920ns  (logic 0.081ns (8.804%)  route 0.839ns (91.196%))
  Logic Levels:           0  
  Clock Path Skew:        -0.008ns (DCD - SCD + CPR)
    Destination Clock Delay (DCD):    0.020ns = ( 2.020 - 2.000 ) 
    Source Clock Delay      (SCD):    0.028ns
    Clock Pessimism Removal (CPR):    0.000ns
  Clock Uncertainty:      0.035ns  ((TSJ^2 + TIJ^2)^1/2 + DJ) / 2 + PE
    Total System Jitter     (TSJ):    0.071ns
    Total Input Jitter      (TIJ):    0.000ns
    Discrete Jitter          (DJ):    0.000ns
    Phase Error              (PE):    0.000ns

    Location             Delay type                Incr(ns)  Path(ns)    Netlist Resource(s)
  -------------------------------------------------------------------    -------------------
                         (clock clk500 rise edge)     0.000     0.000 r  
                                                      0.000     0.000 r  clk500 (IN)
                         net (fo=26625, unset)        0.028     0.028    cfo/estimator/reset_fast_sync/dest_clk
    SLICE_X160Y438       FDPE                                         r  cfo/estimator/reset_fast_sync/arststages_ff_reg[3]/C
  -------------------------------------------------------------------    -------------------
    SLICE_X160Y438       FDPE (Prop_DFF2_SLICEL_C_Q)
                                                      0.081     0.109 f  cfo/estimator/reset_fast_sync/arststages_ff_reg[3]/Q
                         net (fo=77, routed)          0.839     0.948    cfo/estimator/rst_fast
    SLICE_X155Y454       FDCE                                         f  cfo/estimator/locked_frame_reg[11]/CLR
  -------------------------------------------------------------------    -------------------

                         (clock clk500 rise edge)     2.000     2.000 r  
                                                      0.000     2.000 r  clk500 (IN)
                         net (fo=26625, unset)        0.020     2.020    cfo/estimator/clk_fast
    SLICE_X155Y454       FDCE                                         r  cfo/estimator/locked_frame_reg[11]/C
                         clock pessimism              0.000     2.020    
                         clock uncertainty           -0.035     1.985    
    SLICE_X155Y454       FDCE (Recov_EFF_SLICEL_C_CLR)
                                                     -0.066     1.919    cfo/estimator/locked_frame_reg[11]
  -------------------------------------------------------------------
                         required time                          1.919    
                         arrival time                          -0.948    
  -------------------------------------------------------------------
                         slack                                  0.971    





Min Delay Paths
--------------------------------------------------------------------------------------
Slack (MET) :             0.135ns  (arrival time - required time)
  Source:                 cfo/windows/packed_windows/rd_reset/arststages_ff_reg[3]/C
                            (rising edge-triggered cell FDPE clocked by clk500  {rise@0.000ns fall@1.000ns period=2.000ns})
  Destination:            cfo/windows/packed_windows/reader_ready_reg/CLR
                            (removal check against rising-edge clock clk500  {rise@0.000ns fall@1.000ns period=2.000ns})
  Path Group:             **async_default**
  Path Type:              Removal (Min at Fast Process Corner)
  Requirement:            0.000ns  (clk500 rise@0.000ns - clk500 rise@0.000ns)
  Data Path Delay:        0.121ns  (logic 0.039ns (32.231%)  route 0.082ns (67.769%))
  Logic Levels:           0  
  Clock Path Skew:        0.006ns (DCD - SCD - CPR)
    Destination Clock Delay (DCD):    0.019ns
    Source Clock Delay      (SCD):    0.013ns
    Clock Pessimism Removal (CPR):    -0.000ns

    Location             Delay type                Incr(ns)  Path(ns)    Netlist Resource(s)
  -------------------------------------------------------------------    -------------------
                         (clock clk500 rise edge)     0.000     0.000 r  
                                                      0.000     0.000 r  clk500 (IN)
                         net (fo=26625, unset)        0.013     0.013    cfo/windows/packed_windows/rd_reset/dest_clk
    SLICE_X161Y440       FDPE                                         r  cfo/windows/packed_windows/rd_reset/arststages_ff_reg[3]/C
  -------------------------------------------------------------------    -------------------
    SLICE_X161Y440       FDPE (Prop_GFF2_SLICEM_C_Q)
                                                      0.039     0.052 f  cfo/windows/packed_windows/rd_reset/arststages_ff_reg[3]/Q
                         net (fo=5, routed)           0.082     0.134    cfo/windows/packed_windows/rr
    SLICE_X161Y440       FDCE                                         f  cfo/windows/packed_windows/reader_ready_reg/CLR
  -------------------------------------------------------------------    -------------------

                         (clock clk500 rise edge)     0.000     0.000 r  
                                                      0.000     0.000 r  clk500 (IN)
                         net (fo=26625, unset)        0.019     0.019    cfo/windows/packed_windows/rd_clk
    SLICE_X161Y440       FDCE                                         r  cfo/windows/packed_windows/reader_ready_reg/C
                         clock pessimism              0.000     0.019    
    SLICE_X161Y440       FDCE (Remov_AFF_SLICEM_C_CLR)
                                                     -0.020    -0.001    cfo/windows/packed_windows/reader_ready_reg
  -------------------------------------------------------------------
                         required time                          0.001    
                         arrival time                           0.134    
  -------------------------------------------------------------------
                         slack                                  0.135    





