Copyright 1986-2021 Xilinx, Inc. All Rights Reserved.
------------------------------------------------------------------------------------------------------------------------------------------------------------------------------------
| Tool Version : Vivado v.2021.1 (win64) Build 3247384 Thu Jun 10 19:36:33 MDT 2021
| Date         : Fri Sep 18 14:41:21 2026
| Host         : ROG-Lunan running 64-bit major release  (build 9200)
| Command      : report_utilization -hierarchical -hierarchical_depth 8 -file D:/008_MA_Dev/Sync_OTA/reports/v51/routed_endpoint_audit_20260918/utilization_hierarchical_routed.rpt
| Design       : sync_ota_top
| Device       : xcvu11pflgb2104-2
| Design State : Routed
------------------------------------------------------------------------------------------------------------------------------------------------------------------------------------

Utilization Design Information

Table of Contents
-----------------
1. Utilization by Hierarchy

1. Utilization by Hierarchy
---------------------------

+---------------------------------------------------------------------------------+------------------------------------------------------------------+------------+------------+---------+-------+--------+--------+--------+------+------------+
|                                     Instance                                    |                              Module                              | Total LUTs | Logic LUTs | LUTRAMs |  SRLs |   FFs  | RAMB36 | RAMB18 | URAM | DSP Blocks |
+---------------------------------------------------------------------------------+------------------------------------------------------------------+------------+------------+---------+-------+--------+--------+--------+------+------------+
| sync_ota_top                                                                    |                                                            (top) |     279764 |     258028 |    2013 | 19723 | 234156 |    502 |    132 |  848 |       2021 |
|   (sync_ota_top)                                                                |                                                            (top) |         29 |         29 |       0 |     0 |    245 |      0 |      0 |    0 |          0 |
|   cfo                                                                           |                                             ota_cfo_chain_onchip |      54538 |      53888 |     456 |   194 |  22983 |     31 |      3 |  328 |         51 |
|     (cfo)                                                                       |                                             ota_cfo_chain_onchip |        789 |        789 |       0 |     0 |   2532 |      0 |      0 |    0 |          0 |
|     coarse_banks[0].memory                                                      |                   sfo_uram_frame_bank__parameterized0__xdcDup__3 |        661 |        661 |       0 |     0 |    148 |      0 |      0 |  164 |          0 |
|       u_frame_memory                                                            |                            xpm_memory_sdpram__parameterized10__6 |        661 |        661 |       0 |     0 |    148 |      0 |      0 |  164 |          0 |
|         xpm_memory_base_inst                                                    |                              xpm_memory_base__parameterized35__6 |        661 |        661 |       0 |     0 |    148 |      0 |      0 |  164 |          0 |
|     coarse_banks[1].memory                                                      |                              sfo_uram_frame_bank__parameterized0 |        663 |        663 |       0 |     0 |    148 |      0 |      0 |  164 |          0 |
|       u_frame_memory                                                            |                               xpm_memory_sdpram__parameterized10 |        663 |        663 |       0 |     0 |    148 |      0 |      0 |  164 |          0 |
|         xpm_memory_base_inst                                                    |                                 xpm_memory_base__parameterized35 |        663 |        663 |       0 |     0 |    148 |      0 |      0 |  164 |          0 |
|     coarse_rotation                                                             |                                                   cfo_rotate4__1 |        724 |        627 |       0 |    97 |    689 |      2 |      0 |    0 |         16 |
|     coordinate                                                                  |                                           cfo_coordinate_control |       1116 |       1116 |       0 |     0 |    914 |      0 |      0 |    0 |          0 |
|     estimator                                                                   |                                               cfo_estimator_link |      48273 |      47817 |     456 |     0 |  15423 |      1 |      0 |    0 |         10 |
|       (estimator)                                                               |                                               cfo_estimator_link |        400 |        400 |       0 |     0 |    153 |      0 |      0 |    0 |          0 |
|       backend                                                                   |                                           cfo_estimate74_backend |      47722 |      47366 |     356 |     0 |  14867 |      1 |      0 |    0 |         10 |
|         (backend)                                                               |                                           cfo_estimate74_backend |        296 |        296 |       0 |     0 |    499 |      0 |      0 |    0 |          0 |
|         phase_core                                                              |                                                 cfo_phase74_core |       2460 |       2280 |     180 |     0 |   1633 |      0 |      0 |    0 |          4 |
|           (phase_core)                                                          |                                                 cfo_phase74_core |       2130 |       1950 |     180 |     0 |   1332 |      0 |      0 |    0 |          4 |
|           divider                                                               |                                                 cfo_divide_rne64 |        330 |        330 |       0 |     0 |    301 |      0 |      0 |    0 |          0 |
|         quality_core                                                            |                                                cfo_fft74_quality |      44970 |      44794 |     176 |     0 |  12735 |      1 |      0 |    0 |          6 |
|           (quality_core)                                                        |                                                cfo_fft74_quality |       2655 |       2479 |     176 |     0 |   1607 |      1 |      0 |    0 |          2 |
|           divider                                                               |                                             cfo_divide_rne64wide |        479 |        479 |       0 |     0 |    395 |      0 |      0 |    0 |          0 |
|           fft_core                                                              |                                                  cfo_fft256_core |      41837 |      41837 |       0 |     0 |  10733 |      0 |      0 |    0 |          4 |
|       credit_return                                                             |                                   xpm_cdc_single__parameterized3 |          0 |          0 |       0 |     0 |      2 |      0 |      0 |    0 |          0 |
|       fifo_reset_sync                                                           |                                             xpm_cdc_sync_rst__58 |          0 |          0 |       0 |     0 |      4 |      0 |      0 |    0 |          0 |
|       observation_fifo                                                          |                                  xpm_fifo_async__parameterized17 |        151 |         51 |     100 |     0 |    385 |      0 |      0 |    0 |          0 |
|         gnuram_async_fifo.xpm_fifo_base_inst                                    |                                   xpm_fifo_base__parameterized35 |        151 |         51 |     100 |     0 |    385 |      0 |      0 |    0 |          0 |
|           (gnuram_async_fifo.xpm_fifo_base_inst)                                |                                   xpm_fifo_base__parameterized35 |         12 |         12 |       0 |     0 |      5 |      0 |      0 |    0 |          0 |
|           gen_cdc_pntr.rd_pntr_cdc_inst                                         |                                    xpm_cdc_gray__parameterized13 |          5 |          5 |       0 |     0 |     12 |      0 |      0 |    0 |          0 |
|           gen_cdc_pntr.rpw_gray_reg                                             |                                 xpm_fifo_reg_vec__parameterized8 |          0 |          0 |       0 |     0 |      4 |      0 |      0 |    0 |          0 |
|           gen_cdc_pntr.wpr_gray_reg                                             |                              xpm_fifo_reg_vec__parameterized8__1 |          0 |          0 |       0 |     0 |      4 |      0 |      0 |    0 |          0 |
|           gen_cdc_pntr.wr_pntr_cdc_inst                                         |                                 xpm_cdc_gray__parameterized13__2 |          4 |          4 |       0 |     0 |     12 |      0 |      0 |    0 |          0 |
|           gen_sdpram.xpm_memory_base_inst                                       |                                 xpm_memory_base__parameterized47 |        100 |          0 |     100 |     0 |    310 |      0 |      0 |    0 |          0 |
|           rdp_inst                                                              |                                 xpm_counter_updn__parameterized6 |          2 |          2 |       0 |     0 |      4 |      0 |      0 |    0 |          0 |
|           rdpp1_inst                                                            |                                 xpm_counter_updn__parameterized7 |          3 |          3 |       0 |     0 |      4 |      0 |      0 |    0 |          0 |
|           rst_d1_inst                                                           |                                            xpm_fifo_reg_bit__222 |          0 |          0 |       0 |     0 |      1 |      0 |      0 |    0 |          0 |
|           wrp_inst                                                              |                              xpm_counter_updn__parameterized6__3 |          3 |          3 |       0 |     0 |      4 |      0 |      0 |    0 |          0 |
|           wrpp1_inst                                                            |                              xpm_counter_updn__parameterized7__3 |          3 |          3 |       0 |     0 |      4 |      0 |      0 |    0 |          0 |
|           wrpp2_inst                                                            |                                 xpm_counter_updn__parameterized8 |          3 |          3 |       0 |     0 |      4 |      0 |      0 |    0 |          0 |
|           xpm_fifo_rst_inst                                                     |                         xpm_fifo_rst__parameterized2__xdcDup__16 |         16 |         16 |       0 |     0 |     17 |      0 |      0 |    0 |          0 |
|             (xpm_fifo_rst_inst)                                                 |                         xpm_fifo_rst__parameterized2__xdcDup__16 |         16 |         16 |       0 |     0 |     13 |      0 |      0 |    0 |          0 |
|             gen_rst_ic.rrst_wr_inst                                             |                             xpm_cdc_sync_rst__parameterized0__81 |          0 |          0 |       0 |     0 |      2 |      0 |      0 |    0 |          0 |
|             gen_rst_ic.wrst_rd_inst                                             |                             xpm_cdc_sync_rst__parameterized0__80 |          0 |          0 |       0 |     0 |      2 |      0 |      0 |    0 |          0 |
|       reset_done_to_slow                                                        |                                xpm_cdc_single__parameterized2__2 |          0 |          0 |       0 |     0 |      2 |      0 |      0 |    0 |          0 |
|       reset_fast_sync                                                           |                             xpm_cdc_async_rst__parameterized0__1 |          0 |          0 |       0 |     0 |      4 |      0 |      0 |    0 |          0 |
|       reset_ready_to_fast                                                       |                                   xpm_cdc_single__parameterized2 |          0 |          0 |       0 |     0 |      2 |      0 |      0 |    0 |          0 |
|       reset_slow_sync                                                           |                             xpm_cdc_async_rst__parameterized0__2 |          0 |          0 |       0 |     0 |      4 |      0 |      0 |    0 |          0 |
|     final_responses                                                             |                                    sfo_sync_fifo__parameterized5 |         40 |         40 |       0 |     0 |     40 |      2 |      0 |    0 |          0 |
|       (final_responses)                                                         |                                    sfo_sync_fifo__parameterized5 |          6 |          6 |       0 |     0 |      1 |      0 |      0 |    0 |          0 |
|       memory                                                                    |                                   xpm_fifo_sync__parameterized15 |         34 |         34 |       0 |     0 |     39 |      2 |      0 |    0 |          0 |
|         xpm_fifo_base_inst                                                      |                                   xpm_fifo_base__parameterized24 |         34 |         34 |       0 |     0 |     39 |      2 |      0 |    0 |          0 |
|           (xpm_fifo_base_inst)                                                  |                                   xpm_fifo_base__parameterized24 |         15 |         15 |       0 |     0 |      8 |      0 |      0 |    0 |          0 |
|           gen_sdpram.xpm_memory_base_inst                                       |                                 xpm_memory_base__parameterized34 |          0 |          0 |       0 |     0 |      0 |      2 |      0 |    0 |          0 |
|           rdp_inst                                                              |                                xpm_counter_updn__parameterized14 |          4 |          4 |       0 |     0 |      6 |      0 |      0 |    0 |          0 |
|           rdpp1_inst                                                            |                                xpm_counter_updn__parameterized15 |          5 |          5 |       0 |     0 |      6 |      0 |      0 |    0 |          0 |
|           rst_d1_inst                                                           |                                            xpm_fifo_reg_bit__242 |          0 |          0 |       0 |     0 |      1 |      0 |      0 |    0 |          0 |
|           wrp_inst                                                              |                            xpm_counter_updn__parameterized14__22 |          4 |          4 |       0 |     0 |      6 |      0 |      0 |    0 |          0 |
|           wrpp1_inst                                                            |                            xpm_counter_updn__parameterized15__22 |          5 |          5 |       0 |     0 |      6 |      0 |      0 |    0 |          0 |
|           xpm_fifo_rst_inst                                                     |                                                 xpm_fifo_rst__20 |          1 |          1 |       0 |     0 |      6 |      0 |      0 |    0 |          0 |
|     final_rotation                                                              |                                                      cfo_rotate4 |        701 |        604 |       0 |    97 |    670 |      2 |      0 |    0 |         16 |
|     observation_front                                                           |                                             cfo_front2048_window |        998 |        998 |       0 |     0 |   1438 |      9 |      2 |    0 |          9 |
|       (observation_front)                                                       |                                             cfo_front2048_window |        228 |        228 |       0 |     0 |    570 |      6 |      0 |    0 |          5 |
|       fft_core                                                                  |                                                 cfo_fft2048_core |        770 |        770 |       0 |     0 |    868 |      3 |      2 |    0 |          4 |
|     reset_fast                                                                  |                                xpm_cdc_async_rst__parameterized0 |          0 |          0 |       0 |     0 |      4 |      0 |      0 |    0 |          0 |
|     reset_slow                                                                  |                                      sfo_domain_reset__xdcDup__7 |          5 |          5 |       0 |     0 |     23 |      0 |      0 |    0 |          0 |
|       (reset_slow)                                                              |                                      sfo_domain_reset__xdcDup__7 |          5 |          5 |       0 |     0 |     19 |      0 |      0 |    0 |          0 |
|       sync_reset                                                                |                                            xpm_cdc_async_rst__15 |          0 |          0 |       0 |     0 |      4 |      0 |      0 |    0 |          0 |
|     windows                                                                     |                                             ota_cfo_window_queue |        569 |        569 |       0 |     0 |    954 |     15 |      1 |    0 |          0 |
|       (windows)                                                                 |                                             ota_cfo_window_queue |        200 |        200 |       0 |     0 |    423 |      0 |      0 |    0 |          0 |
|       complete_windows                                                          |                                   ota_async_fifo__parameterized0 |         63 |         63 |       0 |     0 |    110 |      1 |      0 |    0 |          0 |
|         (complete_windows)                                                      |                                   ota_async_fifo__parameterized0 |          7 |          7 |       0 |     0 |      3 |      0 |      0 |    0 |          0 |
|         completed_to_reader                                                     |                               xpm_cdc_single__parameterized1__12 |          0 |          0 |       0 |     0 |      2 |      0 |      0 |    0 |          0 |
|         fifo                                                                    |                                  xpm_fifo_async__parameterized15 |         56 |         56 |       0 |     0 |     91 |      1 |      0 |    0 |          0 |
|           gnuram_async_fifo.xpm_fifo_base_inst                                  |                                   xpm_fifo_base__parameterized33 |         56 |         56 |       0 |     0 |     91 |      1 |      0 |    0 |          0 |
|             (gnuram_async_fifo.xpm_fifo_base_inst)                              |                                   xpm_fifo_base__parameterized33 |         16 |         16 |       0 |     0 |      8 |      0 |      0 |    0 |          0 |
|             gen_cdc_pntr.rd_pntr_cdc_inst                                       |                                xpm_cdc_gray__parameterized10__41 |          6 |          6 |       0 |     0 |     15 |      0 |      0 |    0 |          0 |
|             gen_cdc_pntr.rpw_gray_reg                                           |                             xpm_fifo_reg_vec__parameterized7__21 |          0 |          0 |       0 |     0 |      5 |      0 |      0 |    0 |          0 |
|             gen_cdc_pntr.wpr_gray_reg                                           |                             xpm_fifo_reg_vec__parameterized7__20 |          0 |          0 |       0 |     0 |      5 |      0 |      0 |    0 |          0 |
|             gen_cdc_pntr.wr_pntr_cdc_inst                                       |                                xpm_cdc_gray__parameterized10__40 |          5 |          5 |       0 |     0 |     15 |      0 |      0 |    0 |          0 |
|             gen_sdpram.xpm_memory_base_inst                                     |                                 xpm_memory_base__parameterized45 |          0 |          0 |       0 |     0 |      0 |      1 |      0 |    0 |          0 |
|             rdp_inst                                                            |                             xpm_counter_updn__parameterized3__53 |          3 |          3 |       0 |     0 |      5 |      0 |      0 |    0 |          0 |
|             rdpp1_inst                                                          |                             xpm_counter_updn__parameterized4__53 |          3 |          3 |       0 |     0 |      5 |      0 |      0 |    0 |          0 |
|             rst_d1_inst                                                         |                                            xpm_fifo_reg_bit__232 |          0 |          0 |       0 |     0 |      1 |      0 |      0 |    0 |          0 |
|             wrp_inst                                                            |                             xpm_counter_updn__parameterized3__52 |          3 |          3 |       0 |     0 |      5 |      0 |      0 |    0 |          0 |
|             wrpp1_inst                                                          |                             xpm_counter_updn__parameterized4__52 |          3 |          3 |       0 |     0 |      5 |      0 |      0 |    0 |          0 |
|             wrpp2_inst                                                          |                             xpm_counter_updn__parameterized5__29 |          3 |          3 |       0 |     0 |      5 |      0 |      0 |    0 |          0 |
|             xpm_fifo_rst_inst                                                   |                         xpm_fifo_rst__parameterized2__xdcDup__14 |         14 |         14 |       0 |     0 |     17 |      0 |      0 |    0 |          0 |
|               (xpm_fifo_rst_inst)                                               |                         xpm_fifo_rst__parameterized2__xdcDup__14 |         14 |         14 |       0 |     0 |     13 |      0 |      0 |    0 |          0 |
|               gen_rst_ic.rrst_wr_inst                                           |                             xpm_cdc_sync_rst__parameterized0__85 |          0 |          0 |       0 |     0 |      2 |      0 |      0 |    0 |          0 |
|               gen_rst_ic.wrst_rd_inst                                           |                             xpm_cdc_sync_rst__parameterized0__84 |          0 |          0 |       0 |     0 |      2 |      0 |      0 |    0 |          0 |
|         fifo_reset_sync                                                         |                                             xpm_cdc_sync_rst__60 |          0 |          0 |       0 |     0 |      4 |      0 |      0 |    0 |          0 |
|         rd_reset                                                                |                             xpm_cdc_async_rst__parameterized0__6 |          0 |          0 |       0 |     0 |      4 |      0 |      0 |    0 |          0 |
|         ready_to_writer                                                         |                               xpm_cdc_single__parameterized1__13 |          0 |          0 |       0 |     0 |      2 |      0 |      0 |    0 |          0 |
|         wr_reset                                                                |                             xpm_cdc_async_rst__parameterized0__5 |          0 |          0 |       0 |     0 |      4 |      0 |      0 |    0 |          0 |
|       fault_sync                                                                |                                               xpm_cdc_single__12 |          0 |          0 |       0 |     0 |      5 |      0 |      0 |    0 |          0 |
|       packed_windows                                                            |                                                   ota_async_fifo |        232 |        232 |       0 |     0 |    277 |     14 |      1 |    0 |          0 |
|         (packed_windows)                                                        |                                                   ota_async_fifo |         13 |         13 |       0 |     0 |      3 |      0 |      0 |    0 |          0 |
|         completed_to_reader                                                     |                               xpm_cdc_single__parameterized1__14 |          0 |          0 |       0 |     0 |      2 |      0 |      0 |    0 |          0 |
|         fifo                                                                    |                                  xpm_fifo_async__parameterized14 |        219 |        219 |       0 |     0 |    258 |     14 |      1 |    0 |          0 |
|           gnuram_async_fifo.xpm_fifo_base_inst                                  |                                   xpm_fifo_base__parameterized32 |        219 |        219 |       0 |     0 |    258 |     14 |      1 |    0 |          0 |
|             (gnuram_async_fifo.xpm_fifo_base_inst)                              |                                   xpm_fifo_base__parameterized32 |         62 |         62 |       0 |     0 |     21 |      0 |      0 |    0 |          0 |
|             gen_cdc_pntr.rd_pntr_cdc_dc_inst                                    |                                    xpm_cdc_gray__parameterized12 |         24 |         24 |       0 |     0 |     39 |      0 |      0 |    0 |          0 |
|             gen_cdc_pntr.rd_pntr_cdc_inst                                       |                                     xpm_cdc_gray__parameterized5 |         16 |         16 |       0 |     0 |     36 |      0 |      0 |    0 |          0 |
|             gen_cdc_pntr.rpw_gray_reg                                           |                                 xpm_fifo_reg_vec__parameterized3 |          0 |          0 |       0 |     0 |     12 |      0 |      0 |    0 |          0 |
|             gen_cdc_pntr.rpw_gray_reg_dc                                        |                                 xpm_fifo_reg_vec__parameterized4 |          0 |          0 |       0 |     0 |     13 |      0 |      0 |    0 |          0 |
|             gen_cdc_pntr.wpr_gray_reg                                           |                              xpm_fifo_reg_vec__parameterized3__4 |          0 |          0 |       0 |     0 |     12 |      0 |      0 |    0 |          0 |
|             gen_cdc_pntr.wr_pntr_cdc_inst                                       |                                  xpm_cdc_gray__parameterized5__6 |         16 |         16 |       0 |     0 |     36 |      0 |      0 |    0 |          0 |
|             gen_fwft.rdpp1_inst                                                 |                                             xpm_counter_updn__58 |          2 |          2 |       0 |     0 |      2 |      0 |      0 |    0 |          0 |
|             gen_sdpram.xpm_memory_base_inst                                     |                                 xpm_memory_base__parameterized44 |         13 |         13 |       0 |     0 |      0 |     14 |      1 |    0 |          0 |
|             rdp_inst                                                            |                                xpm_counter_updn__parameterized20 |         14 |         14 |       0 |     0 |     14 |      0 |      0 |    0 |          0 |
|             rdpp1_inst                                                          |                                xpm_counter_updn__parameterized21 |         13 |         13 |       0 |     0 |     12 |      0 |      0 |    0 |          0 |
|             rst_d1_inst                                                         |                                            xpm_fifo_reg_bit__237 |          0 |          0 |       0 |     0 |      1 |      0 |      0 |    0 |          0 |
|             wrp_inst                                                            |                             xpm_counter_updn__parameterized20__4 |         14 |         14 |       0 |     0 |     13 |      0 |      0 |    0 |          0 |
|             wrpp1_inst                                                          |                             xpm_counter_updn__parameterized21__4 |         13 |         13 |       0 |     0 |     12 |      0 |      0 |    0 |          0 |
|             wrpp2_inst                                                          |                                xpm_counter_updn__parameterized22 |         13 |         13 |       0 |     0 |     12 |      0 |      0 |    0 |          0 |
|             xpm_fifo_rst_inst                                                   |                         xpm_fifo_rst__parameterized2__xdcDup__13 |         20 |         20 |       0 |     0 |     23 |      0 |      0 |    0 |          0 |
|               (xpm_fifo_rst_inst)                                               |                         xpm_fifo_rst__parameterized2__xdcDup__13 |         20 |         20 |       0 |     0 |     19 |      0 |      0 |    0 |          0 |
|               gen_rst_ic.rrst_wr_inst                                           |                             xpm_cdc_sync_rst__parameterized0__87 |          0 |          0 |       0 |     0 |      2 |      0 |      0 |    0 |          0 |
|               gen_rst_ic.wrst_rd_inst                                           |                             xpm_cdc_sync_rst__parameterized0__86 |          0 |          0 |       0 |     0 |      2 |      0 |      0 |    0 |          0 |
|         fifo_reset_sync                                                         |                                             xpm_cdc_sync_rst__61 |          0 |          0 |       0 |     0 |      4 |      0 |      0 |    0 |          0 |
|         rd_reset                                                                |                             xpm_cdc_async_rst__parameterized0__8 |          0 |          0 |       0 |     0 |      4 |      0 |      0 |    0 |          0 |
|         ready_to_writer                                                         |                                   xpm_cdc_single__parameterized1 |          0 |          0 |       0 |     0 |      2 |      0 |      0 |    0 |          0 |
|         wr_reset                                                                |                             xpm_cdc_async_rst__parameterized0__7 |          0 |          0 |       0 |     0 |      4 |      0 |      0 |    0 |          0 |
|       poison_sync                                                               |                                               xpm_cdc_single__11 |          0 |          0 |       0 |     0 |      5 |      0 |      0 |    0 |          0 |
|       reset_fast                                                                |                                                 sfo_domain_reset |          5 |          5 |       0 |     0 |     12 |      0 |      0 |    0 |          0 |
|         (reset_fast)                                                            |                                                 sfo_domain_reset |          5 |          5 |       0 |     0 |      8 |      0 |      0 |    0 |          0 |
|         sync_reset                                                              |                                            xpm_cdc_async_rst__13 |          0 |          0 |       0 |     0 |      4 |      0 |      0 |    0 |          0 |
|       reset_slow                                                                |                                      sfo_domain_reset__xdcDup__8 |          5 |          5 |       0 |     0 |     12 |      0 |      0 |    0 |          0 |
|         (reset_slow)                                                            |                                      sfo_domain_reset__xdcDup__8 |          5 |          5 |       0 |     0 |      8 |      0 |      0 |    0 |          0 |
|         sync_reset                                                              |                                            xpm_cdc_async_rst__14 |          0 |          0 |       0 |     0 |      4 |      0 |      0 |    0 |          0 |
|       window_credits                                                            |                                   ota_async_fifo__parameterized1 |         64 |         64 |       0 |     0 |    110 |      0 |      0 |    0 |          0 |
|         (window_credits)                                                        |                                   ota_async_fifo__parameterized1 |          6 |          6 |       0 |     0 |      3 |      0 |      0 |    0 |          0 |
|         completed_to_reader                                                     |                               xpm_cdc_single__parameterized1__10 |          0 |          0 |       0 |     0 |      2 |      0 |      0 |    0 |          0 |
|         fifo                                                                    |                                  xpm_fifo_async__parameterized16 |         58 |         58 |       0 |     0 |     91 |      0 |      0 |    0 |          0 |
|           gnuram_async_fifo.xpm_fifo_base_inst                                  |                                   xpm_fifo_base__parameterized34 |         58 |         58 |       0 |     0 |     91 |      0 |      0 |    0 |          0 |
|             (gnuram_async_fifo.xpm_fifo_base_inst)                              |                                   xpm_fifo_base__parameterized34 |         17 |         17 |       0 |     0 |      8 |      0 |      0 |    0 |          0 |
|             gen_cdc_pntr.rd_pntr_cdc_inst                                       |                                xpm_cdc_gray__parameterized10__39 |          6 |          6 |       0 |     0 |     15 |      0 |      0 |    0 |          0 |
|             gen_cdc_pntr.rpw_gray_reg                                           |                             xpm_fifo_reg_vec__parameterized7__19 |          0 |          0 |       0 |     0 |      5 |      0 |      0 |    0 |          0 |
|             gen_cdc_pntr.wpr_gray_reg                                           |                             xpm_fifo_reg_vec__parameterized7__18 |          0 |          0 |       0 |     0 |      5 |      0 |      0 |    0 |          0 |
|             gen_cdc_pntr.wr_pntr_cdc_inst                                       |                                xpm_cdc_gray__parameterized10__38 |          5 |          5 |       0 |     0 |     15 |      0 |      0 |    0 |          0 |
|             rdp_inst                                                            |                             xpm_counter_updn__parameterized3__51 |          3 |          3 |       0 |     0 |      5 |      0 |      0 |    0 |          0 |
|             rdpp1_inst                                                          |                             xpm_counter_updn__parameterized4__51 |          3 |          3 |       0 |     0 |      5 |      0 |      0 |    0 |          0 |
|             rst_d1_inst                                                         |                                            xpm_fifo_reg_bit__227 |          0 |          0 |       0 |     0 |      1 |      0 |      0 |    0 |          0 |
|             wrp_inst                                                            |                             xpm_counter_updn__parameterized3__50 |          3 |          3 |       0 |     0 |      5 |      0 |      0 |    0 |          0 |
|             wrpp1_inst                                                          |                             xpm_counter_updn__parameterized4__50 |          3 |          3 |       0 |     0 |      5 |      0 |      0 |    0 |          0 |
|             wrpp2_inst                                                          |                             xpm_counter_updn__parameterized5__28 |          3 |          3 |       0 |     0 |      5 |      0 |      0 |    0 |          0 |
|             xpm_fifo_rst_inst                                                   |                         xpm_fifo_rst__parameterized2__xdcDup__15 |         15 |         15 |       0 |     0 |     17 |      0 |      0 |    0 |          0 |
|               (xpm_fifo_rst_inst)                                               |                         xpm_fifo_rst__parameterized2__xdcDup__15 |         15 |         15 |       0 |     0 |     13 |      0 |      0 |    0 |          0 |
|               gen_rst_ic.rrst_wr_inst                                           |                             xpm_cdc_sync_rst__parameterized0__83 |          0 |          0 |       0 |     0 |      2 |      0 |      0 |    0 |          0 |
|               gen_rst_ic.wrst_rd_inst                                           |                             xpm_cdc_sync_rst__parameterized0__82 |          0 |          0 |       0 |     0 |      2 |      0 |      0 |    0 |          0 |
|         fifo_reset_sync                                                         |                                             xpm_cdc_sync_rst__59 |          0 |          0 |       0 |     0 |      4 |      0 |      0 |    0 |          0 |
|         rd_reset                                                                |                             xpm_cdc_async_rst__parameterized0__4 |          0 |          0 |       0 |     0 |      4 |      0 |      0 |    0 |          0 |
|         ready_to_writer                                                         |                               xpm_cdc_single__parameterized1__11 |          0 |          0 |       0 |     0 |      2 |      0 |      0 |    0 |          0 |
|         wr_reset                                                                |                             xpm_cdc_async_rst__parameterized0__3 |          0 |          0 |       0 |     0 |      4 |      0 |      0 |    0 |          0 |
|   cfo_busy_sync                                                                 |                                                   xpm_cdc_single |          0 |          0 |       0 |     0 |      5 |      0 |      0 |    0 |          0 |
|   completions                                                                   |                              sfo_record_cdc_fifo__parameterized4 |         61 |         61 |       0 |     0 |    107 |      1 |      0 |    0 |          0 |
|     (completions)                                                               |                              sfo_record_cdc_fifo__parameterized4 |          4 |          4 |       0 |     0 |      2 |      0 |      0 |    0 |          0 |
|     read_busy_to_write                                                          |                               xpm_cdc_single__parameterized0__48 |          0 |          0 |       0 |     0 |      3 |      0 |      0 |    0 |          0 |
|     read_reset_sync                                                             |                                             xpm_cdc_sync_rst__63 |          0 |          0 |       0 |     0 |      4 |      0 |      0 |    0 |          0 |
|     record_fifo                                                                 |                                   xpm_fifo_async__parameterized7 |         57 |         57 |       0 |     0 |     91 |      1 |      0 |    0 |          0 |
|       gnuram_async_fifo.xpm_fifo_base_inst                                      |                                   xpm_fifo_base__parameterized20 |         57 |         57 |       0 |     0 |     91 |      1 |      0 |    0 |          0 |
|         (gnuram_async_fifo.xpm_fifo_base_inst)                                  |                                   xpm_fifo_base__parameterized20 |         16 |         16 |       0 |     0 |      8 |      0 |      0 |    0 |          0 |
|         gen_cdc_pntr.rd_pntr_cdc_inst                                           |                                xpm_cdc_gray__parameterized10__43 |          6 |          6 |       0 |     0 |     15 |      0 |      0 |    0 |          0 |
|         gen_cdc_pntr.rpw_gray_reg                                               |                             xpm_fifo_reg_vec__parameterized7__23 |          0 |          0 |       0 |     0 |      5 |      0 |      0 |    0 |          0 |
|         gen_cdc_pntr.wpr_gray_reg                                               |                             xpm_fifo_reg_vec__parameterized7__22 |          0 |          0 |       0 |     0 |      5 |      0 |      0 |    0 |          0 |
|         gen_cdc_pntr.wr_pntr_cdc_inst                                           |                                xpm_cdc_gray__parameterized10__42 |          5 |          5 |       0 |     0 |     15 |      0 |      0 |    0 |          0 |
|         gen_sdpram.xpm_memory_base_inst                                         |                                 xpm_memory_base__parameterized30 |          1 |          1 |       0 |     0 |      0 |      1 |      0 |    0 |          0 |
|         rdp_inst                                                                |                             xpm_counter_updn__parameterized3__55 |          3 |          3 |       0 |     0 |      5 |      0 |      0 |    0 |          0 |
|         rdpp1_inst                                                              |                             xpm_counter_updn__parameterized4__55 |          3 |          3 |       0 |     0 |      5 |      0 |      0 |    0 |          0 |
|         rst_d1_inst                                                             |                                            xpm_fifo_reg_bit__247 |          0 |          0 |       0 |     0 |      1 |      0 |      0 |    0 |          0 |
|         wrp_inst                                                                |                             xpm_counter_updn__parameterized3__54 |          3 |          3 |       0 |     0 |      5 |      0 |      0 |    0 |          0 |
|         wrpp1_inst                                                              |                             xpm_counter_updn__parameterized4__54 |          3 |          3 |       0 |     0 |      5 |      0 |      0 |    0 |          0 |
|         wrpp2_inst                                                              |                             xpm_counter_updn__parameterized5__30 |          3 |          3 |       0 |     0 |      5 |      0 |      0 |    0 |          0 |
|         xpm_fifo_rst_inst                                                       |                                     xpm_fifo_rst__parameterized2 |         14 |         14 |       0 |     0 |     17 |      0 |      0 |    0 |          0 |
|           (xpm_fifo_rst_inst)                                                   |                                     xpm_fifo_rst__parameterized2 |         14 |         14 |       0 |     0 |     13 |      0 |      0 |    0 |          0 |
|           gen_rst_ic.rrst_wr_inst                                               |                             xpm_cdc_sync_rst__parameterized0__89 |          0 |          0 |       0 |     0 |      2 |      0 |      0 |    0 |          0 |
|           gen_rst_ic.wrst_rd_inst                                               |                             xpm_cdc_sync_rst__parameterized0__88 |          0 |          0 |       0 |     0 |      2 |      0 |      0 |    0 |          0 |
|     write_busy_to_read                                                          |                               xpm_cdc_single__parameterized0__49 |          0 |          0 |       0 |     0 |      3 |      0 |      0 |    0 |          0 |
|     write_reset_sync                                                            |                                             xpm_cdc_sync_rst__62 |          0 |          0 |       0 |     0 |      4 |      0 |      0 |    0 |          0 |
|   context_join                                                                  |                                             ota_sfo_context_join |        177 |        177 |       0 |     0 |    667 |      4 |      3 |    0 |          0 |
|     (context_join)                                                              |                                             ota_sfo_context_join |         81 |         81 |       0 |     0 |    562 |      0 |      0 |    0 |          0 |
|     first_queue                                                                 |                         sfo_sync_fifo__parameterized1__xdcDup__2 |         31 |         31 |       0 |     0 |     35 |      1 |      1 |    0 |          0 |
|       (first_queue)                                                             |                         sfo_sync_fifo__parameterized1__xdcDup__2 |          3 |          3 |       0 |     0 |      1 |      0 |      0 |    0 |          0 |
|       memory                                                                    |                                    xpm_fifo_sync__parameterized1 |         28 |         28 |       0 |     0 |     34 |      1 |      1 |    0 |          0 |
|         xpm_fifo_base_inst                                                      |                                    xpm_fifo_base__parameterized1 |         28 |         28 |       0 |     0 |     34 |      1 |      1 |    0 |          0 |
|           (xpm_fifo_base_inst)                                                  |                                    xpm_fifo_base__parameterized1 |         13 |         13 |       0 |     0 |      8 |      0 |      0 |    0 |          0 |
|           gen_sdpram.xpm_memory_base_inst                                       |                                  xpm_memory_base__parameterized9 |          2 |          2 |       0 |     0 |      0 |      1 |      1 |    0 |          0 |
|           rdp_inst                                                              |                             xpm_counter_updn__parameterized3__57 |          3 |          3 |       0 |     0 |      5 |      0 |      0 |    0 |          0 |
|           rdpp1_inst                                                            |                             xpm_counter_updn__parameterized4__57 |          3 |          3 |       0 |     0 |      5 |      0 |      0 |    0 |          0 |
|           rst_d1_inst                                                           |                                            xpm_fifo_reg_bit__252 |          0 |          0 |       0 |     0 |      1 |      0 |      0 |    0 |          0 |
|           wrp_inst                                                              |                             xpm_counter_updn__parameterized3__56 |          3 |          3 |       0 |     0 |      5 |      0 |      0 |    0 |          0 |
|           wrpp1_inst                                                            |                             xpm_counter_updn__parameterized4__56 |          3 |          3 |       0 |     0 |      5 |      0 |      0 |    0 |          0 |
|           xpm_fifo_rst_inst                                                     |                                                 xpm_fifo_rst__21 |          1 |          1 |       0 |     0 |      5 |      0 |      0 |    0 |          0 |
|     metadata_queue                                                              |                                    sfo_sync_fifo__parameterized6 |         33 |         33 |       0 |     0 |     35 |      2 |      1 |    0 |          0 |
|       (metadata_queue)                                                          |                                    sfo_sync_fifo__parameterized6 |          4 |          4 |       0 |     0 |      1 |      0 |      0 |    0 |          0 |
|       memory                                                                    |                                   xpm_fifo_sync__parameterized16 |         29 |         29 |       0 |     0 |     34 |      2 |      1 |    0 |          0 |
|         xpm_fifo_base_inst                                                      |                                   xpm_fifo_base__parameterized31 |         29 |         29 |       0 |     0 |     34 |      2 |      1 |    0 |          0 |
|           (xpm_fifo_base_inst)                                                  |                                   xpm_fifo_base__parameterized31 |         13 |         13 |       0 |     0 |      8 |      0 |      0 |    0 |          0 |
|           gen_sdpram.xpm_memory_base_inst                                       |                                 xpm_memory_base__parameterized43 |          3 |          3 |       0 |     0 |      0 |      2 |      1 |    0 |          0 |
|           rdp_inst                                                              |                             xpm_counter_updn__parameterized3__59 |          3 |          3 |       0 |     0 |      5 |      0 |      0 |    0 |          0 |
|           rdpp1_inst                                                            |                             xpm_counter_updn__parameterized4__59 |          3 |          3 |       0 |     0 |      5 |      0 |      0 |    0 |          0 |
|           rst_d1_inst                                                           |                                            xpm_fifo_reg_bit__257 |          0 |          0 |       0 |     0 |      1 |      0 |      0 |    0 |          0 |
|           wrp_inst                                                              |                             xpm_counter_updn__parameterized3__58 |          3 |          3 |       0 |     0 |      5 |      0 |      0 |    0 |          0 |
|           wrpp1_inst                                                            |                             xpm_counter_updn__parameterized4__58 |          3 |          3 |       0 |     0 |      5 |      0 |      0 |    0 |          0 |
|           xpm_fifo_rst_inst                                                     |                                                 xpm_fifo_rst__22 |          1 |          1 |       0 |     0 |      5 |      0 |      0 |    0 |          0 |
|     second_queue                                                                |                                    sfo_sync_fifo__parameterized1 |         32 |         32 |       0 |     0 |     35 |      1 |      1 |    0 |          0 |
|       (second_queue)                                                            |                                    sfo_sync_fifo__parameterized1 |          4 |          4 |       0 |     0 |      1 |      0 |      0 |    0 |          0 |
|       memory                                                                    |                                 xpm_fifo_sync__parameterized1__4 |         28 |         28 |       0 |     0 |     34 |      1 |      1 |    0 |          0 |
|         xpm_fifo_base_inst                                                      |                                 xpm_fifo_base__parameterized1__4 |         28 |         28 |       0 |     0 |     34 |      1 |      1 |    0 |          0 |
|           (xpm_fifo_base_inst)                                                  |                                 xpm_fifo_base__parameterized1__4 |         13 |         13 |       0 |     0 |      8 |      0 |      0 |    0 |          0 |
|           gen_sdpram.xpm_memory_base_inst                                       |                               xpm_memory_base__parameterized9__7 |          2 |          2 |       0 |     0 |      0 |      1 |      1 |    0 |          0 |
|           rdp_inst                                                              |                             xpm_counter_updn__parameterized3__61 |          3 |          3 |       0 |     0 |      5 |      0 |      0 |    0 |          0 |
|           rdpp1_inst                                                            |                             xpm_counter_updn__parameterized4__61 |          3 |          3 |       0 |     0 |      5 |      0 |      0 |    0 |          0 |
|           rst_d1_inst                                                           |                                            xpm_fifo_reg_bit__269 |          0 |          0 |       0 |     0 |      1 |      0 |      0 |    0 |          0 |
|           wrp_inst                                                              |                             xpm_counter_updn__parameterized3__62 |          3 |          3 |       0 |     0 |      5 |      0 |      0 |    0 |          0 |
|           wrpp1_inst                                                            |                             xpm_counter_updn__parameterized4__62 |          3 |          3 |       0 |     0 |      5 |      0 |      0 |    0 |          0 |
|           xpm_fifo_rst_inst                                                     |                                                 xpm_fifo_rst__23 |          1 |          1 |       0 |     0 |      5 |      0 |      0 |    0 |          0 |
|   frontend                                                                      |                                                sync_frontend_top |      17927 |      17028 |     142 |   757 |  16723 |     58 |      9 |    0 |        204 |
|     (frontend)                                                                  |                                                sync_frontend_top |       1732 |       1732 |       0 |     0 |   1234 |      0 |      0 |    0 |          0 |
|     acquisition                                                                 |                                         sync_continuous_detector |       1439 |       1318 |       0 |   121 |   1427 |      3 |      1 |    0 |         47 |
|       (acquisition)                                                             |                                         sync_continuous_detector |        167 |        167 |       0 |     0 |    346 |      0 |      0 |    0 |          0 |
|       correlation                                                               |                              coarse_corr_energy_4lane__xdcDup__1 |        420 |        410 |       0 |    10 |     25 |      0 |      0 |    0 |         32 |
|         (correlation)                                                           |                              coarse_corr_energy_4lane__xdcDup__1 |        412 |        410 |       0 |     2 |      9 |      0 |      0 |    0 |          0 |
|         g_lane[0].u_correlation_cmpy                                            |                                                   t04_cmpy_17x16 |          1 |          0 |       0 |     1 |      2 |      0 |      0 |    0 |          4 |
|           U0                                                                    |                                      t04_cmpy_17x16_cmpy_v6_0_20 |          1 |          0 |       0 |     1 |      2 |      0 |      0 |    0 |          4 |
|             i_synth                                                             |                                  t04_cmpy_17x16_cmpy_v6_0_20_viv |          1 |          0 |       0 |     1 |      2 |      0 |      0 |    0 |          4 |
|               i_nd_to_rdy                                                       |                           t04_cmpy_17x16_cmpy_v6_0_20_delay_line |          1 |          0 |       0 |     1 |      2 |      0 |      0 |    0 |          0 |
|               i_synth                                                           |                                t04_cmpy_17x16_cmpy_v6_0_20_synth |          0 |          0 |       0 |     0 |      0 |      0 |      0 |    0 |          4 |
|                 four_mult_structure.use_dsp.i_dsp                               |                                      t04_cmpy_17x16_cmpy_4_dsp48 |          0 |          0 |       0 |     0 |      0 |      0 |      0 |    0 |          4 |
|         g_lane[0].u_energy_cmpy                                                 |                                              t04_cmpy_17x16_HD18 |          1 |          0 |       0 |     1 |      2 |      0 |      0 |    0 |          4 |
|           U0                                                                    |                                 t04_cmpy_17x16_cmpy_v6_0_20_HD19 |          1 |          0 |       0 |     1 |      2 |      0 |      0 |    0 |          4 |
|             i_synth                                                             |                             t04_cmpy_17x16_cmpy_v6_0_20_viv_HD20 |          1 |          0 |       0 |     1 |      2 |      0 |      0 |    0 |          4 |
|               i_nd_to_rdy                                                       |                      t04_cmpy_17x16_cmpy_v6_0_20_delay_line_HD21 |          1 |          0 |       0 |     1 |      2 |      0 |      0 |    0 |          0 |
|               i_synth                                                           |                           t04_cmpy_17x16_cmpy_v6_0_20_synth_HD22 |          0 |          0 |       0 |     0 |      0 |      0 |      0 |    0 |          4 |
|                 four_mult_structure.use_dsp.i_dsp                               |                                 t04_cmpy_17x16_cmpy_4_dsp48_HD23 |          0 |          0 |       0 |     0 |      0 |      0 |      0 |    0 |          4 |
|         g_lane[1].u_correlation_cmpy                                            |                                              t04_cmpy_17x16_HD25 |          1 |          0 |       0 |     1 |      2 |      0 |      0 |    0 |          4 |
|           U0                                                                    |                                 t04_cmpy_17x16_cmpy_v6_0_20_HD26 |          1 |          0 |       0 |     1 |      2 |      0 |      0 |    0 |          4 |
|             i_synth                                                             |                             t04_cmpy_17x16_cmpy_v6_0_20_viv_HD27 |          1 |          0 |       0 |     1 |      2 |      0 |      0 |    0 |          4 |
|               i_nd_to_rdy                                                       |                      t04_cmpy_17x16_cmpy_v6_0_20_delay_line_HD28 |          1 |          0 |       0 |     1 |      2 |      0 |      0 |    0 |          0 |
|               i_synth                                                           |                           t04_cmpy_17x16_cmpy_v6_0_20_synth_HD29 |          0 |          0 |       0 |     0 |      0 |      0 |      0 |    0 |          4 |
|                 four_mult_structure.use_dsp.i_dsp                               |                                 t04_cmpy_17x16_cmpy_4_dsp48_HD30 |          0 |          0 |       0 |     0 |      0 |      0 |      0 |    0 |          4 |
|         g_lane[1].u_energy_cmpy                                                 |                                              t04_cmpy_17x16_HD32 |          1 |          0 |       0 |     1 |      2 |      0 |      0 |    0 |          4 |
|           U0                                                                    |                                 t04_cmpy_17x16_cmpy_v6_0_20_HD33 |          1 |          0 |       0 |     1 |      2 |      0 |      0 |    0 |          4 |
|             i_synth                                                             |                             t04_cmpy_17x16_cmpy_v6_0_20_viv_HD34 |          1 |          0 |       0 |     1 |      2 |      0 |      0 |    0 |          4 |
|               i_nd_to_rdy                                                       |                      t04_cmpy_17x16_cmpy_v6_0_20_delay_line_HD35 |          1 |          0 |       0 |     1 |      2 |      0 |      0 |    0 |          0 |
|               i_synth                                                           |                           t04_cmpy_17x16_cmpy_v6_0_20_synth_HD36 |          0 |          0 |       0 |     0 |      0 |      0 |      0 |    0 |          4 |
|                 four_mult_structure.use_dsp.i_dsp                               |                                 t04_cmpy_17x16_cmpy_4_dsp48_HD37 |          0 |          0 |       0 |     0 |      0 |      0 |      0 |    0 |          4 |
|         g_lane[2].u_correlation_cmpy                                            |                                              t04_cmpy_17x16_HD39 |          1 |          0 |       0 |     1 |      2 |      0 |      0 |    0 |          4 |
|           U0                                                                    |                                 t04_cmpy_17x16_cmpy_v6_0_20_HD40 |          1 |          0 |       0 |     1 |      2 |      0 |      0 |    0 |          4 |
|             i_synth                                                             |                             t04_cmpy_17x16_cmpy_v6_0_20_viv_HD41 |          1 |          0 |       0 |     1 |      2 |      0 |      0 |    0 |          4 |
|               i_nd_to_rdy                                                       |                      t04_cmpy_17x16_cmpy_v6_0_20_delay_line_HD42 |          1 |          0 |       0 |     1 |      2 |      0 |      0 |    0 |          0 |
|               i_synth                                                           |                           t04_cmpy_17x16_cmpy_v6_0_20_synth_HD43 |          0 |          0 |       0 |     0 |      0 |      0 |      0 |    0 |          4 |
|                 four_mult_structure.use_dsp.i_dsp                               |                                 t04_cmpy_17x16_cmpy_4_dsp48_HD44 |          0 |          0 |       0 |     0 |      0 |      0 |      0 |    0 |          4 |
|         g_lane[2].u_energy_cmpy                                                 |                                              t04_cmpy_17x16_HD46 |          1 |          0 |       0 |     1 |      2 |      0 |      0 |    0 |          4 |
|           U0                                                                    |                                 t04_cmpy_17x16_cmpy_v6_0_20_HD47 |          1 |          0 |       0 |     1 |      2 |      0 |      0 |    0 |          4 |
|             i_synth                                                             |                             t04_cmpy_17x16_cmpy_v6_0_20_viv_HD48 |          1 |          0 |       0 |     1 |      2 |      0 |      0 |    0 |          4 |
|               i_nd_to_rdy                                                       |                      t04_cmpy_17x16_cmpy_v6_0_20_delay_line_HD49 |          1 |          0 |       0 |     1 |      2 |      0 |      0 |    0 |          0 |
|               i_synth                                                           |                           t04_cmpy_17x16_cmpy_v6_0_20_synth_HD50 |          0 |          0 |       0 |     0 |      0 |      0 |      0 |    0 |          4 |
|                 four_mult_structure.use_dsp.i_dsp                               |                                 t04_cmpy_17x16_cmpy_4_dsp48_HD51 |          0 |          0 |       0 |     0 |      0 |      0 |      0 |    0 |          4 |
|         g_lane[3].u_correlation_cmpy                                            |                                              t04_cmpy_17x16_HD53 |          1 |          0 |       0 |     1 |      2 |      0 |      0 |    0 |          4 |
|           U0                                                                    |                                 t04_cmpy_17x16_cmpy_v6_0_20_HD54 |          1 |          0 |       0 |     1 |      2 |      0 |      0 |    0 |          4 |
|             i_synth                                                             |                             t04_cmpy_17x16_cmpy_v6_0_20_viv_HD55 |          1 |          0 |       0 |     1 |      2 |      0 |      0 |    0 |          4 |
|               i_nd_to_rdy                                                       |                      t04_cmpy_17x16_cmpy_v6_0_20_delay_line_HD56 |          1 |          0 |       0 |     1 |      2 |      0 |      0 |    0 |          0 |
|               i_synth                                                           |                           t04_cmpy_17x16_cmpy_v6_0_20_synth_HD57 |          0 |          0 |       0 |     0 |      0 |      0 |      0 |    0 |          4 |
|                 four_mult_structure.use_dsp.i_dsp                               |                                 t04_cmpy_17x16_cmpy_4_dsp48_HD58 |          0 |          0 |       0 |     0 |      0 |      0 |      0 |    0 |          4 |
|         g_lane[3].u_energy_cmpy                                                 |                                              t04_cmpy_17x16_HD60 |          1 |          0 |       0 |     1 |      2 |      0 |      0 |    0 |          4 |
|           U0                                                                    |                                 t04_cmpy_17x16_cmpy_v6_0_20_HD61 |          1 |          0 |       0 |     1 |      2 |      0 |      0 |    0 |          4 |
|             i_synth                                                             |                             t04_cmpy_17x16_cmpy_v6_0_20_viv_HD62 |          1 |          0 |       0 |     1 |      2 |      0 |      0 |    0 |          4 |
|               i_nd_to_rdy                                                       |                      t04_cmpy_17x16_cmpy_v6_0_20_delay_line_HD63 |          1 |          0 |       0 |     1 |      2 |      0 |      0 |    0 |          0 |
|               i_synth                                                           |                           t04_cmpy_17x16_cmpy_v6_0_20_synth_HD64 |          0 |          0 |       0 |     0 |      0 |      0 |      0 |    0 |          4 |
|                 four_mult_structure.use_dsp.i_dsp                               |                                 t04_cmpy_17x16_cmpy_4_dsp48_HD65 |          0 |          0 |       0 |     0 |      0 |      0 |      0 |    0 |          4 |
|       lag_history                                                               |                                                    sync_beat_ram |          2 |          2 |       0 |     0 |      1 |      2 |      0 |    0 |          0 |
|         (lag_history)                                                           |                                                    sync_beat_ram |          1 |          1 |       0 |     0 |      1 |      0 |      0 |    0 |          0 |
|         memory                                                                  |                                                xpm_memory_sdpram |          1 |          1 |       0 |     0 |      0 |      2 |      0 |    0 |          0 |
|           xpm_memory_base_inst                                                  |                                  xpm_memory_base__parameterized0 |          1 |          1 |       0 |     0 |      0 |      2 |      0 |    0 |          0 |
|       rolling                                                                   |                                              sync_rolling_metric |        356 |        356 |       0 |     0 |    253 |      1 |      1 |    0 |          0 |
|         (rolling)                                                               |                                              sync_rolling_metric |        355 |        355 |       0 |     0 |    253 |      0 |      0 |    0 |          0 |
|         aggregate_history                                                       |                                    sync_beat_ram__parameterized0 |          1 |          1 |       0 |     0 |      0 |      1 |      1 |    0 |          0 |
|           memory                                                                |                                xpm_memory_sdpram__parameterized0 |          1 |          1 |       0 |     0 |      0 |      1 |      1 |    0 |          0 |
|             xpm_memory_base_inst                                                |                                  xpm_memory_base__parameterized1 |          1 |          1 |       0 |     0 |      0 |      1 |      1 |    0 |          0 |
|       threshold                                                                 |                               coarse_metric_threshold__xdcDup__1 |        494 |        383 |       0 |   111 |    802 |      0 |      0 |    0 |         15 |
|         (threshold)                                                             |                               coarse_metric_threshold__xdcDup__1 |        426 |        383 |       0 |    43 |    444 |      0 |      0 |    0 |          0 |
|         u_square_energy                                                         |                                                   t04_square_u42 |         22 |          0 |       0 |    22 |    118 |      0 |      0 |    0 |          5 |
|           U0                                                                    |                                 t04_square_u42_mult_gen_v12_0_17 |         22 |          0 |       0 |    22 |    118 |      0 |      0 |    0 |          5 |
|             i_mult                                                              |                             t04_square_u42_mult_gen_v12_0_17_viv |         22 |          0 |       0 |    22 |    118 |      0 |      0 |    0 |          5 |
|               gDSP.gDSP_only.iDSP                                               |                                               t04_square_u42_dsp |         22 |          0 |       0 |    22 |    118 |      0 |      0 |    0 |          5 |
|                 (gDSP.gDSP_only.iDSP)                                           |                                               t04_square_u42_dsp |          0 |          0 |       0 |     0 |      0 |      0 |      0 |    0 |          5 |
|                 use_prim.appDSP48[0].bppDSP48[0].need_output_delay.output_delay |                        t04_square_u42_delay_line__parameterized6 |          9 |          0 |       0 |     9 |     17 |      0 |      0 |    0 |          0 |
|                 use_prim.appDSP48[0].bppDSP48[1].need_output_delay.output_delay |                        t04_square_u42_delay_line__parameterized8 |          0 |          0 |       0 |     0 |     17 |      0 |      0 |    0 |          0 |
|                 use_prim.appDSP48[1].bppDSP48[1].need_output_delay.output_delay |                      t04_square_u42_delay_line__parameterized8_0 |          0 |          0 |       0 |     0 |     17 |      0 |      0 |    0 |          0 |
|                 use_prim.extra_dsp.need_delay_line.Bdelay                       |                        t04_square_u42_delay_line__parameterized9 |          4 |          0 |       0 |     4 |      8 |      0 |      0 |    0 |          0 |
|                 use_prim.iAdelx[1].iAdely[1].use_delay_line.Adelay              |                        t04_square_u42_delay_line__parameterized2 |          0 |          0 |       0 |     0 |     25 |      0 |      0 |    0 |          0 |
|                 use_prim.iBdelx[0].iBdely[1].need_delay_line.Bdelay             |                        t04_square_u42_delay_line__parameterized3 |          0 |          0 |       0 |     0 |     17 |      0 |      0 |    0 |          0 |
|                 use_prim.iBdelx[1].iBdely[1].need_delay_line.Bdelay             |                        t04_square_u42_delay_line__parameterized4 |          9 |          0 |       0 |     9 |     17 |      0 |      0 |    0 |          0 |
|         u_square_p_im                                                           |                                                   t04_square_s43 |         23 |          0 |       0 |    23 |    120 |      0 |      0 |    0 |          5 |
|           U0                                                                    |                                 t04_square_s43_mult_gen_v12_0_17 |         23 |          0 |       0 |    23 |    120 |      0 |      0 |    0 |          5 |
|             i_mult                                                              |                             t04_square_s43_mult_gen_v12_0_17_viv |         23 |          0 |       0 |    23 |    120 |      0 |      0 |    0 |          5 |
|               gDSP.gDSP_only.iDSP                                               |                                               t04_square_s43_dsp |         23 |          0 |       0 |    23 |    120 |      0 |      0 |    0 |          5 |
|                 (gDSP.gDSP_only.iDSP)                                           |                                               t04_square_s43_dsp |          0 |          0 |       0 |     0 |      0 |      0 |      0 |    0 |          5 |
|                 use_prim.appDSP48[0].bppDSP48[0].need_output_delay.output_delay |                        t04_square_s43_delay_line__parameterized6 |          9 |          0 |       0 |     9 |     17 |      0 |      0 |    0 |          0 |
|                 use_prim.appDSP48[0].bppDSP48[1].need_output_delay.output_delay |                        t04_square_s43_delay_line__parameterized8 |          0 |          0 |       0 |     0 |     17 |      0 |      0 |    0 |          0 |
|                 use_prim.appDSP48[1].bppDSP48[1].need_output_delay.output_delay |                      t04_square_s43_delay_line__parameterized8_0 |          0 |          0 |       0 |     0 |     17 |      0 |      0 |    0 |          0 |
|                 use_prim.extra_dsp.need_delay_line.Bdelay                       |                        t04_square_s43_delay_line__parameterized9 |          5 |          0 |       0 |     5 |      9 |      0 |      0 |    0 |          0 |
|                 use_prim.iAdelx[1].iAdely[1].use_delay_line.Adelay              |                        t04_square_s43_delay_line__parameterized2 |          0 |          0 |       0 |     0 |     26 |      0 |      0 |    0 |          0 |
|                 use_prim.iBdelx[0].iBdely[1].need_delay_line.Bdelay             |                        t04_square_s43_delay_line__parameterized3 |          0 |          0 |       0 |     0 |     17 |      0 |      0 |    0 |          0 |
|                 use_prim.iBdelx[1].iBdely[1].need_delay_line.Bdelay             |                        t04_square_s43_delay_line__parameterized4 |          9 |          0 |       0 |     9 |     17 |      0 |      0 |    0 |          0 |
|         u_square_p_re                                                           |                                             t04_square_s43_HD152 |         23 |          0 |       0 |    23 |    120 |      0 |      0 |    0 |          5 |
|           U0                                                                    |                           t04_square_s43_mult_gen_v12_0_17_HD153 |         23 |          0 |       0 |    23 |    120 |      0 |      0 |    0 |          5 |
|             i_mult                                                              |                       t04_square_s43_mult_gen_v12_0_17_viv_HD154 |         23 |          0 |       0 |    23 |    120 |      0 |      0 |    0 |          5 |
|               gDSP.gDSP_only.iDSP                                               |                                         t04_square_s43_dsp_HD155 |         23 |          0 |       0 |    23 |    120 |      0 |      0 |    0 |          5 |
|                 (gDSP.gDSP_only.iDSP)                                           |                                         t04_square_s43_dsp_HD155 |          0 |          0 |       0 |     0 |      0 |      0 |      0 |    0 |          5 |
|                 use_prim.appDSP48[0].bppDSP48[0].need_output_delay.output_delay |                  t04_square_s43_delay_line__parameterized6_HD156 |          9 |          0 |       0 |     9 |     17 |      0 |      0 |    0 |          0 |
|                 use_prim.appDSP48[0].bppDSP48[1].need_output_delay.output_delay |                  t04_square_s43_delay_line__parameterized8_HD157 |          0 |          0 |       0 |     0 |     17 |      0 |      0 |    0 |          0 |
|                 use_prim.appDSP48[1].bppDSP48[1].need_output_delay.output_delay |                t04_square_s43_delay_line__parameterized8_0_HD158 |          0 |          0 |       0 |     0 |     17 |      0 |      0 |    0 |          0 |
|                 use_prim.extra_dsp.need_delay_line.Bdelay                       |                  t04_square_s43_delay_line__parameterized9_HD159 |          5 |          0 |       0 |     5 |      9 |      0 |      0 |    0 |          0 |
|                 use_prim.iAdelx[1].iAdely[1].use_delay_line.Adelay              |                  t04_square_s43_delay_line__parameterized2_HD160 |          0 |          0 |       0 |     0 |     26 |      0 |      0 |    0 |          0 |
|                 use_prim.iBdelx[0].iBdely[1].need_delay_line.Bdelay             |                  t04_square_s43_delay_line__parameterized3_HD161 |          0 |          0 |       0 |     0 |     17 |      0 |      0 |    0 |          0 |
|                 use_prim.iBdelx[1].iBdely[1].need_delay_line.Bdelay             |                  t04_square_s43_delay_line__parameterized4_HD162 |          9 |          0 |       0 |     9 |     17 |      0 |      0 |    0 |          0 |
|     candidate_snapshots                                                         |                                    sync_beat_ram__parameterized1 |          3 |          3 |       0 |     0 |      2 |      7 |      1 |    0 |          0 |
|       (candidate_snapshots)                                                     |                                    sync_beat_ram__parameterized1 |          0 |          0 |       0 |     0 |      2 |      0 |      0 |    0 |          0 |
|       memory                                                                    |                             xpm_memory_sdpram__parameterized1__2 |          3 |          3 |       0 |     0 |      0 |      7 |      1 |    0 |          0 |
|         xpm_memory_base_inst                                                    |                               xpm_memory_base__parameterized2__2 |          3 |          3 |       0 |     0 |      0 |      7 |      1 |    0 |          0 |
|     coarse_confirmation                                                         |                                              to_coarse_estimator |       5648 |       5241 |      72 |   335 |   6180 |      5 |      1 |    0 |         47 |
|       (coarse_confirmation)                                                     |                                              to_coarse_estimator |        177 |        177 |       0 |     0 |    161 |      0 |      0 |    0 |          0 |
|       u_corr_energy                                                             |                                         coarse_corr_energy_4lane |        494 |        440 |       0 |    54 |    115 |      0 |      0 |    0 |         32 |
|         (u_corr_energy)                                                         |                                         coarse_corr_energy_4lane |        486 |        440 |       0 |    46 |     99 |      0 |      0 |    0 |          0 |
|         g_lane[0].u_correlation_cmpy                                            |                                              t04_cmpy_17x16_HD67 |          1 |          0 |       0 |     1 |      2 |      0 |      0 |    0 |          4 |
|           U0                                                                    |                                 t04_cmpy_17x16_cmpy_v6_0_20_HD68 |          1 |          0 |       0 |     1 |      2 |      0 |      0 |    0 |          4 |
|             i_synth                                                             |                             t04_cmpy_17x16_cmpy_v6_0_20_viv_HD69 |          1 |          0 |       0 |     1 |      2 |      0 |      0 |    0 |          4 |
|               i_nd_to_rdy                                                       |                      t04_cmpy_17x16_cmpy_v6_0_20_delay_line_HD70 |          1 |          0 |       0 |     1 |      2 |      0 |      0 |    0 |          0 |
|               i_synth                                                           |                           t04_cmpy_17x16_cmpy_v6_0_20_synth_HD71 |          0 |          0 |       0 |     0 |      0 |      0 |      0 |    0 |          4 |
|                 four_mult_structure.use_dsp.i_dsp                               |                                 t04_cmpy_17x16_cmpy_4_dsp48_HD72 |          0 |          0 |       0 |     0 |      0 |      0 |      0 |    0 |          4 |
|         g_lane[0].u_energy_cmpy                                                 |                                              t04_cmpy_17x16_HD74 |          1 |          0 |       0 |     1 |      2 |      0 |      0 |    0 |          4 |
|           U0                                                                    |                                 t04_cmpy_17x16_cmpy_v6_0_20_HD75 |          1 |          0 |       0 |     1 |      2 |      0 |      0 |    0 |          4 |
|             i_synth                                                             |                             t04_cmpy_17x16_cmpy_v6_0_20_viv_HD76 |          1 |          0 |       0 |     1 |      2 |      0 |      0 |    0 |          4 |
|               i_nd_to_rdy                                                       |                      t04_cmpy_17x16_cmpy_v6_0_20_delay_line_HD77 |          1 |          0 |       0 |     1 |      2 |      0 |      0 |    0 |          0 |
|               i_synth                                                           |                           t04_cmpy_17x16_cmpy_v6_0_20_synth_HD78 |          0 |          0 |       0 |     0 |      0 |      0 |      0 |    0 |          4 |
|                 four_mult_structure.use_dsp.i_dsp                               |                                 t04_cmpy_17x16_cmpy_4_dsp48_HD79 |          0 |          0 |       0 |     0 |      0 |      0 |      0 |    0 |          4 |
|         g_lane[1].u_correlation_cmpy                                            |                                              t04_cmpy_17x16_HD81 |          1 |          0 |       0 |     1 |      2 |      0 |      0 |    0 |          4 |
|           U0                                                                    |                                 t04_cmpy_17x16_cmpy_v6_0_20_HD82 |          1 |          0 |       0 |     1 |      2 |      0 |      0 |    0 |          4 |
|             i_synth                                                             |                             t04_cmpy_17x16_cmpy_v6_0_20_viv_HD83 |          1 |          0 |       0 |     1 |      2 |      0 |      0 |    0 |          4 |
|               i_nd_to_rdy                                                       |                      t04_cmpy_17x16_cmpy_v6_0_20_delay_line_HD84 |          1 |          0 |       0 |     1 |      2 |      0 |      0 |    0 |          0 |
|               i_synth                                                           |                           t04_cmpy_17x16_cmpy_v6_0_20_synth_HD85 |          0 |          0 |       0 |     0 |      0 |      0 |      0 |    0 |          4 |
|                 four_mult_structure.use_dsp.i_dsp                               |                                 t04_cmpy_17x16_cmpy_4_dsp48_HD86 |          0 |          0 |       0 |     0 |      0 |      0 |      0 |    0 |          4 |
|         g_lane[1].u_energy_cmpy                                                 |                                              t04_cmpy_17x16_HD88 |          1 |          0 |       0 |     1 |      2 |      0 |      0 |    0 |          4 |
|           U0                                                                    |                                 t04_cmpy_17x16_cmpy_v6_0_20_HD89 |          1 |          0 |       0 |     1 |      2 |      0 |      0 |    0 |          4 |
|             i_synth                                                             |                             t04_cmpy_17x16_cmpy_v6_0_20_viv_HD90 |          1 |          0 |       0 |     1 |      2 |      0 |      0 |    0 |          4 |
|               i_nd_to_rdy                                                       |                      t04_cmpy_17x16_cmpy_v6_0_20_delay_line_HD91 |          1 |          0 |       0 |     1 |      2 |      0 |      0 |    0 |          0 |
|               i_synth                                                           |                           t04_cmpy_17x16_cmpy_v6_0_20_synth_HD92 |          0 |          0 |       0 |     0 |      0 |      0 |      0 |    0 |          4 |
|                 four_mult_structure.use_dsp.i_dsp                               |                                 t04_cmpy_17x16_cmpy_4_dsp48_HD93 |          0 |          0 |       0 |     0 |      0 |      0 |      0 |    0 |          4 |
|         g_lane[2].u_correlation_cmpy                                            |                                              t04_cmpy_17x16_HD95 |          1 |          0 |       0 |     1 |      2 |      0 |      0 |    0 |          4 |
|           U0                                                                    |                                 t04_cmpy_17x16_cmpy_v6_0_20_HD96 |          1 |          0 |       0 |     1 |      2 |      0 |      0 |    0 |          4 |
|             i_synth                                                             |                             t04_cmpy_17x16_cmpy_v6_0_20_viv_HD97 |          1 |          0 |       0 |     1 |      2 |      0 |      0 |    0 |          4 |
|               i_nd_to_rdy                                                       |                      t04_cmpy_17x16_cmpy_v6_0_20_delay_line_HD98 |          1 |          0 |       0 |     1 |      2 |      0 |      0 |    0 |          0 |
|               i_synth                                                           |                           t04_cmpy_17x16_cmpy_v6_0_20_synth_HD99 |          0 |          0 |       0 |     0 |      0 |      0 |      0 |    0 |          4 |
|                 four_mult_structure.use_dsp.i_dsp                               |                                t04_cmpy_17x16_cmpy_4_dsp48_HD100 |          0 |          0 |       0 |     0 |      0 |      0 |      0 |    0 |          4 |
|         g_lane[2].u_energy_cmpy                                                 |                                             t04_cmpy_17x16_HD102 |          1 |          0 |       0 |     1 |      2 |      0 |      0 |    0 |          4 |
|           U0                                                                    |                                t04_cmpy_17x16_cmpy_v6_0_20_HD103 |          1 |          0 |       0 |     1 |      2 |      0 |      0 |    0 |          4 |
|             i_synth                                                             |                            t04_cmpy_17x16_cmpy_v6_0_20_viv_HD104 |          1 |          0 |       0 |     1 |      2 |      0 |      0 |    0 |          4 |
|               i_nd_to_rdy                                                       |                     t04_cmpy_17x16_cmpy_v6_0_20_delay_line_HD105 |          1 |          0 |       0 |     1 |      2 |      0 |      0 |    0 |          0 |
|               i_synth                                                           |                          t04_cmpy_17x16_cmpy_v6_0_20_synth_HD106 |          0 |          0 |       0 |     0 |      0 |      0 |      0 |    0 |          4 |
|                 four_mult_structure.use_dsp.i_dsp                               |                                t04_cmpy_17x16_cmpy_4_dsp48_HD107 |          0 |          0 |       0 |     0 |      0 |      0 |      0 |    0 |          4 |
|         g_lane[3].u_correlation_cmpy                                            |                                             t04_cmpy_17x16_HD109 |          1 |          0 |       0 |     1 |      2 |      0 |      0 |    0 |          4 |
|           U0                                                                    |                                t04_cmpy_17x16_cmpy_v6_0_20_HD110 |          1 |          0 |       0 |     1 |      2 |      0 |      0 |    0 |          4 |
|             i_synth                                                             |                            t04_cmpy_17x16_cmpy_v6_0_20_viv_HD111 |          1 |          0 |       0 |     1 |      2 |      0 |      0 |    0 |          4 |
|               i_nd_to_rdy                                                       |                     t04_cmpy_17x16_cmpy_v6_0_20_delay_line_HD112 |          1 |          0 |       0 |     1 |      2 |      0 |      0 |    0 |          0 |
|               i_synth                                                           |                          t04_cmpy_17x16_cmpy_v6_0_20_synth_HD113 |          0 |          0 |       0 |     0 |      0 |      0 |      0 |    0 |          4 |
|                 four_mult_structure.use_dsp.i_dsp                               |                                t04_cmpy_17x16_cmpy_4_dsp48_HD114 |          0 |          0 |       0 |     0 |      0 |      0 |      0 |    0 |          4 |
|         g_lane[3].u_energy_cmpy                                                 |                                             t04_cmpy_17x16_HD116 |          1 |          0 |       0 |     1 |      2 |      0 |      0 |    0 |          4 |
|           U0                                                                    |                                t04_cmpy_17x16_cmpy_v6_0_20_HD117 |          1 |          0 |       0 |     1 |      2 |      0 |      0 |    0 |          4 |
|             i_synth                                                             |                            t04_cmpy_17x16_cmpy_v6_0_20_viv_HD118 |          1 |          0 |       0 |     1 |      2 |      0 |      0 |    0 |          4 |
|               i_nd_to_rdy                                                       |                     t04_cmpy_17x16_cmpy_v6_0_20_delay_line_HD119 |          1 |          0 |       0 |     1 |      2 |      0 |      0 |    0 |          0 |
|               i_synth                                                           |                          t04_cmpy_17x16_cmpy_v6_0_20_synth_HD120 |          0 |          0 |       0 |     0 |      0 |      0 |      0 |    0 |          4 |
|                 four_mult_structure.use_dsp.i_dsp                               |                                t04_cmpy_17x16_cmpy_4_dsp48_HD121 |          0 |          0 |       0 |     0 |      0 |      0 |      0 |    0 |          4 |
|       u_lag1024                                                                 |                                         coarse_lag1024_beat_ring |         89 |         89 |       0 |     0 |    290 |      2 |      0 |    0 |          0 |
|         (u_lag1024)                                                             |                                         coarse_lag1024_beat_ring |         88 |         88 |       0 |     0 |    290 |      0 |      0 |    0 |          0 |
|         u_lag1024_history                                                       |                                             xpm_memory_sdpram__1 |          1 |          1 |       0 |     0 |      0 |      2 |      0 |    0 |          0 |
|           xpm_memory_base_inst                                                  |                               xpm_memory_base__parameterized0__1 |          1 |          1 |       0 |     0 |      0 |      2 |      0 |    0 |          0 |
|       u_metric_threshold                                                        |                                          coarse_metric_threshold |        637 |        469 |       0 |   168 |   1037 |      0 |      0 |    0 |         15 |
|         (u_metric_threshold)                                                    |                                          coarse_metric_threshold |        569 |        469 |       0 |   100 |    679 |      0 |      0 |    0 |          0 |
|         u_square_energy                                                         |                                             t04_square_u42_HD138 |         22 |          0 |       0 |    22 |    118 |      0 |      0 |    0 |          5 |
|           U0                                                                    |                           t04_square_u42_mult_gen_v12_0_17_HD139 |         22 |          0 |       0 |    22 |    118 |      0 |      0 |    0 |          5 |
|             i_mult                                                              |                       t04_square_u42_mult_gen_v12_0_17_viv_HD140 |         22 |          0 |       0 |    22 |    118 |      0 |      0 |    0 |          5 |
|               gDSP.gDSP_only.iDSP                                               |                                         t04_square_u42_dsp_HD141 |         22 |          0 |       0 |    22 |    118 |      0 |      0 |    0 |          5 |
|                 (gDSP.gDSP_only.iDSP)                                           |                                         t04_square_u42_dsp_HD141 |          0 |          0 |       0 |     0 |      0 |      0 |      0 |    0 |          5 |
|                 use_prim.appDSP48[0].bppDSP48[0].need_output_delay.output_delay |                  t04_square_u42_delay_line__parameterized6_HD142 |          9 |          0 |       0 |     9 |     17 |      0 |      0 |    0 |          0 |
|                 use_prim.appDSP48[0].bppDSP48[1].need_output_delay.output_delay |                  t04_square_u42_delay_line__parameterized8_HD143 |          0 |          0 |       0 |     0 |     17 |      0 |      0 |    0 |          0 |
|                 use_prim.appDSP48[1].bppDSP48[1].need_output_delay.output_delay |                t04_square_u42_delay_line__parameterized8_0_HD144 |          0 |          0 |       0 |     0 |     17 |      0 |      0 |    0 |          0 |
|                 use_prim.extra_dsp.need_delay_line.Bdelay                       |                  t04_square_u42_delay_line__parameterized9_HD145 |          4 |          0 |       0 |     4 |      8 |      0 |      0 |    0 |          0 |
|                 use_prim.iAdelx[1].iAdely[1].use_delay_line.Adelay              |                  t04_square_u42_delay_line__parameterized2_HD146 |          0 |          0 |       0 |     0 |     25 |      0 |      0 |    0 |          0 |
|                 use_prim.iBdelx[0].iBdely[1].need_delay_line.Bdelay             |                  t04_square_u42_delay_line__parameterized3_HD147 |          0 |          0 |       0 |     0 |     17 |      0 |      0 |    0 |          0 |
|                 use_prim.iBdelx[1].iBdely[1].need_delay_line.Bdelay             |                  t04_square_u42_delay_line__parameterized4_HD148 |          9 |          0 |       0 |     9 |     17 |      0 |      0 |    0 |          0 |
|         u_square_p_im                                                           |                                             t04_square_s43_HD163 |         23 |          0 |       0 |    23 |    120 |      0 |      0 |    0 |          5 |
|           U0                                                                    |                           t04_square_s43_mult_gen_v12_0_17_HD164 |         23 |          0 |       0 |    23 |    120 |      0 |      0 |    0 |          5 |
|             i_mult                                                              |                       t04_square_s43_mult_gen_v12_0_17_viv_HD165 |         23 |          0 |       0 |    23 |    120 |      0 |      0 |    0 |          5 |
|               gDSP.gDSP_only.iDSP                                               |                                         t04_square_s43_dsp_HD166 |         23 |          0 |       0 |    23 |    120 |      0 |      0 |    0 |          5 |
|                 (gDSP.gDSP_only.iDSP)                                           |                                         t04_square_s43_dsp_HD166 |          0 |          0 |       0 |     0 |      0 |      0 |      0 |    0 |          5 |
|                 use_prim.appDSP48[0].bppDSP48[0].need_output_delay.output_delay |                  t04_square_s43_delay_line__parameterized6_HD167 |          9 |          0 |       0 |     9 |     17 |      0 |      0 |    0 |          0 |
|                 use_prim.appDSP48[0].bppDSP48[1].need_output_delay.output_delay |                  t04_square_s43_delay_line__parameterized8_HD168 |          0 |          0 |       0 |     0 |     17 |      0 |      0 |    0 |          0 |
|                 use_prim.appDSP48[1].bppDSP48[1].need_output_delay.output_delay |                t04_square_s43_delay_line__parameterized8_0_HD169 |          0 |          0 |       0 |     0 |     17 |      0 |      0 |    0 |          0 |
|                 use_prim.extra_dsp.need_delay_line.Bdelay                       |                  t04_square_s43_delay_line__parameterized9_HD170 |          5 |          0 |       0 |     5 |      9 |      0 |      0 |    0 |          0 |
|                 use_prim.iAdelx[1].iAdely[1].use_delay_line.Adelay              |                  t04_square_s43_delay_line__parameterized2_HD171 |          0 |          0 |       0 |     0 |     26 |      0 |      0 |    0 |          0 |
|                 use_prim.iBdelx[0].iBdely[1].need_delay_line.Bdelay             |                  t04_square_s43_delay_line__parameterized3_HD172 |          0 |          0 |       0 |     0 |     17 |      0 |      0 |    0 |          0 |
|                 use_prim.iBdelx[1].iBdely[1].need_delay_line.Bdelay             |                  t04_square_s43_delay_line__parameterized4_HD173 |          9 |          0 |       0 |     9 |     17 |      0 |      0 |    0 |          0 |
|         u_square_p_re                                                           |                                             t04_square_s43_HD174 |         23 |          0 |       0 |    23 |    120 |      0 |      0 |    0 |          5 |
|           U0                                                                    |                           t04_square_s43_mult_gen_v12_0_17_HD175 |         23 |          0 |       0 |    23 |    120 |      0 |      0 |    0 |          5 |
|             i_mult                                                              |                       t04_square_s43_mult_gen_v12_0_17_viv_HD176 |         23 |          0 |       0 |    23 |    120 |      0 |      0 |    0 |          5 |
|               gDSP.gDSP_only.iDSP                                               |                                         t04_square_s43_dsp_HD177 |         23 |          0 |       0 |    23 |    120 |      0 |      0 |    0 |          5 |
|                 (gDSP.gDSP_only.iDSP)                                           |                                         t04_square_s43_dsp_HD177 |          0 |          0 |       0 |     0 |      0 |      0 |      0 |    0 |          5 |
|                 use_prim.appDSP48[0].bppDSP48[0].need_output_delay.output_delay |                  t04_square_s43_delay_line__parameterized6_HD178 |          9 |          0 |       0 |     9 |     17 |      0 |      0 |    0 |          0 |
|                 use_prim.appDSP48[0].bppDSP48[1].need_output_delay.output_delay |                  t04_square_s43_delay_line__parameterized8_HD179 |          0 |          0 |       0 |     0 |     17 |      0 |      0 |    0 |          0 |
|                 use_prim.appDSP48[1].bppDSP48[1].need_output_delay.output_delay |                t04_square_s43_delay_line__parameterized8_0_HD180 |          0 |          0 |       0 |     0 |     17 |      0 |      0 |    0 |          0 |
|                 use_prim.extra_dsp.need_delay_line.Bdelay                       |                  t04_square_s43_delay_line__parameterized9_HD181 |          5 |          0 |       0 |     5 |      9 |      0 |      0 |    0 |          0 |
|                 use_prim.iAdelx[1].iAdely[1].use_delay_line.Adelay              |                  t04_square_s43_delay_line__parameterized2_HD182 |          0 |          0 |       0 |     0 |     26 |      0 |      0 |    0 |          0 |
|                 use_prim.iBdelx[0].iBdely[1].need_delay_line.Bdelay             |                  t04_square_s43_delay_line__parameterized3_HD183 |          0 |          0 |       0 |     0 |     17 |      0 |      0 |    0 |          0 |
|                 use_prim.iBdelx[1].iBdely[1].need_delay_line.Bdelay             |                  t04_square_s43_delay_line__parameterized4_HD184 |          9 |          0 |       0 |     9 |     17 |      0 |      0 |    0 |          0 |
|       u_phase_quality                                                           |                                             cfo_coarse_estimator |       3268 |       3155 |       0 |   113 |   4029 |      0 |      0 |    0 |          0 |
|         (u_phase_quality)                                                       |                                             cfo_coarse_estimator |        215 |        215 |       0 |     0 |    254 |      0 |      0 |    0 |          0 |
|         u_phase_magnitude_cordic                                                |                                          t04_cordic_translate_48 |       2005 |       1943 |       0 |    62 |   2044 |      0 |      0 |    0 |          0 |
|           U0                                                                    |                           t04_cordic_translate_48_cordic_v6_0_17 |       2005 |       1943 |       0 |    62 |   2044 |      0 |      0 |    0 |          0 |
|             i_synth                                                             |                       t04_cordic_translate_48_cordic_v6_0_17_viv |       2005 |       1943 |       0 |    62 |   2044 |      0 |      0 |    0 |          0 |
|               i_has_aresetn.i_reg_reset                                         |                     t04_cordic_translate_48_xbip_pipe_v3_0_6_viv |          1 |          1 |       0 |     0 |      2 |      0 |      0 |    0 |          0 |
|               i_nd_to_rdy                                                       |     t04_cordic_translate_48_xbip_pipe_v3_0_6_viv__parameterized1 |          0 |          0 |       0 |     0 |     57 |      0 |      0 |    0 |          0 |
|               i_synth                                                           |                     t04_cordic_translate_48_cordic_v6_0_17_synth |       2004 |       1942 |       0 |    62 |   1985 |      0 |      0 |    0 |          0 |
|                 gen_cordic.cordic_engine                                        |                               t04_cordic_translate_48_cordic_eng |        691 |        691 |       0 |     0 |    239 |      0 |      0 |    0 |          0 |
|                 gen_cordic.input_stage                                          |                        t04_cordic_translate_48_cordic_inp_config |        243 |        243 |       0 |     0 |    302 |      0 |      0 |    0 |          0 |
|                 gen_cordic.output_stage                                         |                        t04_cordic_translate_48_cordic_out_config |       1070 |       1008 |       0 |    62 |   1444 |      0 |      0 |    0 |          0 |
|         u_phase_to_hz_numerator                                                 |                                    t04_phase_scale_s48_x_1953125 |        389 |        342 |       0 |    47 |    551 |      0 |      0 |    0 |          0 |
|           U0                                                                    |                  t04_phase_scale_s48_x_1953125_mult_gen_v12_0_17 |        389 |        342 |       0 |    47 |    551 |      0 |      0 |    0 |          0 |
|             i_mult                                                              |              t04_phase_scale_s48_x_1953125_mult_gen_v12_0_17_viv |        389 |        342 |       0 |    47 |    551 |      0 |      0 |    0 |          0 |
|               gCCM.iCCM                                                         |                                t04_phase_scale_s48_x_1953125_ccm |        389 |        342 |       0 |    47 |    551 |      0 |      0 |    0 |          0 |
|                 use_ccm_core.ccm_core                                           |                      t04_phase_scale_s48_x_1953125_ccm_operation |        389 |        342 |       0 |    47 |    551 |      0 |      0 |    0 |          0 |
|         u_quality_divider                                                       |                                                  t04_div_u63_u47 |        659 |        655 |       0 |     4 |   1180 |      0 |      0 |    0 |          0 |
|           U0                                                                    |                                  t04_div_u63_u47_div_gen_v5_1_18 |        659 |        655 |       0 |     4 |   1180 |      0 |      0 |    0 |          0 |
|             i_synth                                                             |                              t04_div_u63_u47_div_gen_v5_1_18_viv |        659 |        655 |       0 |     4 |   1180 |      0 |      0 |    0 |          0 |
|               i_has_aresetn.i_reg_reset                                         |                             t04_div_u63_u47_xbip_pipe_v3_0_6_viv |          0 |          0 |       0 |     0 |      1 |      0 |      0 |    0 |          0 |
|               i_nd_to_rdy                                                       |             t04_div_u63_u47_xbip_pipe_v3_0_6_viv__parameterized1 |          3 |          1 |       0 |     2 |     67 |      0 |      0 |    0 |          0 |
|               i_nonzero_fract.i_synth                                           |                                    t04_div_u63_u47_div_gen_synth |        656 |        654 |       0 |     2 |   1112 |      0 |      0 |    0 |          0 |
|                 i_algo_r2_or_lutmult.i_nonzero_fract.i_sdivider                 |                               t04_div_u63_u47_bip_sdivider_synth |        656 |        654 |       0 |     2 |   1112 |      0 |      0 |    0 |          0 |
|       u_plateau_selector                                                        |                                          coarse_plateau_selector |         98 |         98 |       0 |     0 |     81 |      0 |      0 |    0 |          0 |
|       u_result_pair_fifo                                                        |                                          coarse_result_pair_fifo |        147 |         75 |      72 |     0 |      5 |      0 |      0 |    0 |          0 |
|       u_rolling_accumulator                                                     |                                    coarse_rolling_sc_accumulator |        383 |        383 |       0 |     0 |    285 |      1 |      1 |    0 |          0 |
|         (u_rolling_accumulator)                                                 |                                    coarse_rolling_sc_accumulator |        382 |        382 |       0 |     0 |    285 |      0 |      0 |    0 |          0 |
|         u_aggregate_history                                                     |                             xpm_memory_sdpram__parameterized0__1 |          1 |          1 |       0 |     0 |      0 |      1 |      1 |    0 |          0 |
|           xpm_memory_base_inst                                                  |                               xpm_memory_base__parameterized1__1 |          1 |          1 |       0 |     0 |      0 |      1 |      1 |    0 |          0 |
|       u_safe_phase_replay                                                       |                                         coarse_safe_phase_replay |        356 |        356 |       0 |     0 |    177 |      2 |      0 |    0 |          0 |
|         (u_safe_phase_replay)                                                   |                                         coarse_safe_phase_replay |        356 |        356 |       0 |     0 |    177 |      0 |      0 |    0 |          0 |
|         u_metric_trace                                                          |                                xpm_memory_sdpram__parameterized2 |          1 |          1 |       0 |     0 |      0 |      2 |      0 |    0 |          0 |
|           xpm_memory_base_inst                                                  |                                  xpm_memory_base__parameterized3 |          1 |          1 |       0 |     0 |      0 |      2 |      0 |    0 |          0 |
|     fine_confirmation                                                           |                                                to_fine_estimator |       9103 |       8732 |      70 |   301 |   7878 |     36 |      5 |    0 |        110 |
|       (fine_confirmation)                                                       |                                                to_fine_estimator |          1 |          1 |       0 |     0 |      0 |      0 |      0 |    0 |          0 |
|       u_core                                                                    |                                                     to_fine_core |       7950 |       7802 |      70 |    78 |   4917 |     36 |      4 |    0 |         85 |
|         (u_core)                                                                |                                                     to_fine_core |        400 |        400 |       0 |     0 |    359 |      0 |      0 |    0 |          0 |
|         u_cfo_corrector                                                         |                                             cfo_preamble_rotator |        394 |        365 |      28 |     1 |    369 |      0 |      1 |    0 |          7 |
|           (u_cfo_corrector)                                                     |                                             cfo_preamble_rotator |        307 |        279 |      28 |     0 |    121 |      0 |      0 |    0 |          0 |
|           u_fine_dds                                                            |                                          t05_dds_pinc32_sincos18 |         86 |         86 |       0 |     0 |    246 |      0 |      1 |    0 |          3 |
|             U0                                                                  |                     t05_dds_pinc32_sincos18_dds_compiler_v6_0_21 |         86 |         86 |       0 |     0 |    246 |      0 |      1 |    0 |          3 |
|               i_synth                                                           |                 t05_dds_pinc32_sincos18_dds_compiler_v6_0_21_viv |         86 |         86 |       0 |     0 |    246 |      0 |      1 |    0 |          3 |
|                 (i_synth)                                                       |                 t05_dds_pinc32_sincos18_dds_compiler_v6_0_21_viv |          1 |          1 |       0 |     0 |     33 |      0 |      1 |    0 |          0 |
|                 i_dds                                                           |                t05_dds_pinc32_sincos18_dds_compiler_v6_0_21_core |         85 |         85 |       0 |     0 |    203 |      0 |      0 |    0 |          3 |
|                 i_has_nd_rdy_pipe.valid_phase_read_del                          |                   t05_dds_pinc32_sincos18_xbip_pipe_v3_0_6_viv_0 |          0 |          0 |       0 |     0 |     10 |      0 |      0 |    0 |          0 |
|           u_fine_rotate_cmpy                                                    |                                            t05_cmpy_rotate_18x18 |          1 |          0 |       0 |     1 |      2 |      0 |      0 |    0 |          4 |
|             U0                                                                  |                               t05_cmpy_rotate_18x18_cmpy_v6_0_20 |          1 |          0 |       0 |     1 |      2 |      0 |      0 |    0 |          4 |
|               i_synth                                                           |                           t05_cmpy_rotate_18x18_cmpy_v6_0_20_viv |          1 |          0 |       0 |     1 |      2 |      0 |      0 |    0 |          4 |
|                 i_nd_to_rdy                                                     |                    t05_cmpy_rotate_18x18_cmpy_v6_0_20_delay_line |          1 |          0 |       0 |     1 |      2 |      0 |      0 |    0 |          0 |
|                 i_synth                                                         |                         t05_cmpy_rotate_18x18_cmpy_v6_0_20_synth |          0 |          0 |       0 |     0 |      0 |      0 |      0 |    0 |          4 |
|         u_cfo_scale                                                             |                                    fine_cfo_scale_vendor_adapter |         18 |          0 |       0 |    18 |     67 |      0 |      0 |    0 |          3 |
|           (u_cfo_scale)                                                         |                                    fine_cfo_scale_vendor_adapter |          0 |          0 |       0 |     0 |      6 |      0 |      0 |    0 |          0 |
|           u_mult                                                                |                                  t05_mult_cfo_s19_const40_full59 |         18 |          0 |       0 |    18 |     61 |      0 |      0 |    0 |          3 |
|             U0                                                                  |                t05_mult_cfo_s19_const40_full59_mult_gen_v12_0_17 |         18 |          0 |       0 |    18 |     61 |      0 |      0 |    0 |          3 |
|               i_mult                                                            |            t05_mult_cfo_s19_const40_full59_mult_gen_v12_0_17_viv |         18 |          0 |       0 |    18 |     61 |      0 |      0 |    0 |          3 |
|                 gDSP.gDSP_only.iDSP                                             |                              t05_mult_cfo_s19_const40_full59_dsp |         18 |          0 |       0 |    18 |     61 |      0 |      0 |    0 |          3 |
|         u_coarse_pair_join                                                      |                                            sync_coarse_pair_join |        105 |        105 |       0 |     0 |    175 |      0 |      0 |    0 |          0 |
|         u_energy_prefix                                                         |                                        fine_energy_prefix_buffer |        217 |        207 |      10 |     0 |    150 |      8 |      2 |    0 |          0 |
|           (u_energy_prefix)                                                     |                                        fine_energy_prefix_buffer |        214 |        204 |      10 |     0 |    150 |      0 |      0 |    0 |          0 |
|           u_prefix_copy_a                                                       |                             xpm_memory_sdpram__parameterized4__1 |          2 |          2 |       0 |     0 |      0 |      4 |      1 |    0 |          0 |
|             xpm_memory_base_inst                                                |                               xpm_memory_base__parameterized5__1 |          2 |          2 |       0 |     0 |      0 |      4 |      1 |    0 |          0 |
|           u_prefix_copy_b                                                       |                                xpm_memory_sdpram__parameterized4 |          2 |          2 |       0 |     0 |      0 |      4 |      1 |    0 |          0 |
|             xpm_memory_base_inst                                                |                                  xpm_memory_base__parameterized5 |          2 |          2 |       0 |     0 |      0 |      4 |      1 |    0 |          0 |
|         u_energy_square_i                                                       |                          fine_square18_vendor_adapter__xdcDup__1 |          0 |          0 |       0 |     0 |      3 |      0 |      0 |    0 |          1 |
|           (u_energy_square_i)                                                   |                          fine_square18_vendor_adapter__xdcDup__1 |          0 |          0 |       0 |     0 |      3 |      0 |      0 |    0 |          0 |
|           u_mult                                                                |                                     t05_mult_s18x18_full36_HD391 |          0 |          0 |       0 |     0 |      0 |      0 |      0 |    0 |          1 |
|             U0                                                                  |                   t05_mult_s18x18_full36_mult_gen_v12_0_17_HD392 |          0 |          0 |       0 |     0 |      0 |      0 |      0 |    0 |          1 |
|               i_mult                                                            |               t05_mult_s18x18_full36_mult_gen_v12_0_17_viv_HD393 |          0 |          0 |       0 |     0 |      0 |      0 |      0 |    0 |          1 |
|                 gDSP.gDSP_only.iDSP                                             |                                 t05_mult_s18x18_full36_dsp_HD394 |          0 |          0 |       0 |     0 |      0 |      0 |      0 |    0 |          1 |
|         u_energy_square_q                                                       |                                     fine_square18_vendor_adapter |          0 |          0 |       0 |     0 |      3 |      0 |      0 |    0 |          1 |
|           (u_energy_square_q)                                                   |                                     fine_square18_vendor_adapter |          0 |          0 |       0 |     0 |      3 |      0 |      0 |    0 |          0 |
|           u_mult                                                                |                                           t05_mult_s18x18_full36 |          0 |          0 |       0 |     0 |      0 |      0 |      0 |    0 |          1 |
|             U0                                                                  |                         t05_mult_s18x18_full36_mult_gen_v12_0_17 |          0 |          0 |       0 |     0 |      0 |      0 |      0 |    0 |          1 |
|               i_mult                                                            |                     t05_mult_s18x18_full36_mult_gen_v12_0_17_viv |          0 |          0 |       0 |     0 |      0 |      0 |      0 |    0 |          1 |
|                 gDSP.gDSP_only.iDSP                                             |                                       t05_mult_s18x18_full36_dsp |          0 |          0 |       0 |     0 |      0 |      0 |      0 |    0 |          1 |
|         u_local_capture                                                         |                                        fine_local_capture_buffer |        114 |        114 |       0 |     0 |     83 |      4 |      0 |    0 |          0 |
|           (u_local_capture)                                                     |                                        fine_local_capture_buffer |        114 |        114 |       0 |     0 |     83 |      0 |      0 |    0 |          0 |
|           u_local_raw_memory                                                    |                                xpm_memory_sdpram__parameterized3 |          0 |          0 |       0 |     0 |      0 |      4 |      0 |    0 |          0 |
|             xpm_memory_base_inst                                                |                                  xpm_memory_base__parameterized4 |          0 |          0 |       0 |     0 |      0 |      4 |      0 |    0 |          0 |
|         u_local_reader                                                          |                                         fine_local_window_reader |        105 |        105 |       0 |     0 |     62 |      0 |      0 |    0 |          0 |
|         u_partitioned_correlation                                               |                                     fine_partitioned_corr_engine |       5437 |       5346 |      32 |    59 |   3293 |     24 |      1 |    0 |         73 |
|           (u_partitioned_correlation)                                           |                                     fine_partitioned_corr_engine |         94 |         62 |      32 |     0 |     45 |      0 |      0 |    0 |          0 |
|           u_accumulator                                                         |                                            fine_corr_accumulator |       1191 |       1191 |       0 |     0 |    374 |      0 |      0 |    0 |          0 |
|           u_cmpy_array                                                          |                                             fine_corr_cmpy_array |        236 |        220 |       0 |    16 |    178 |      0 |      0 |    0 |         64 |
|             (u_cmpy_array)                                                      |                                             fine_corr_cmpy_array |        220 |        220 |       0 |     0 |    146 |      0 |      0 |    0 |          0 |
|             g_cmpy[0].u_corr_cmpy                                               |                                              t05_cmpy_corr_18x16 |          1 |          0 |       0 |     1 |      2 |      0 |      0 |    0 |          4 |
|               U0                                                                |                                 t05_cmpy_corr_18x16_cmpy_v6_0_20 |          1 |          0 |       0 |     1 |      2 |      0 |      0 |    0 |          4 |
|                 i_synth                                                         |                             t05_cmpy_corr_18x16_cmpy_v6_0_20_viv |          1 |          0 |       0 |     1 |      2 |      0 |      0 |    0 |          4 |
|             g_cmpy[10].u_corr_cmpy                                              |                                        t05_cmpy_corr_18x16_HD410 |          1 |          0 |       0 |     1 |      2 |      0 |      0 |    0 |          4 |
|               U0                                                                |                           t05_cmpy_corr_18x16_cmpy_v6_0_20_HD411 |          1 |          0 |       0 |     1 |      2 |      0 |      0 |    0 |          4 |
|                 i_synth                                                         |                       t05_cmpy_corr_18x16_cmpy_v6_0_20_viv_HD412 |          1 |          0 |       0 |     1 |      2 |      0 |      0 |    0 |          4 |
|             g_cmpy[11].u_corr_cmpy                                              |                                        t05_cmpy_corr_18x16_HD417 |          1 |          0 |       0 |     1 |      2 |      0 |      0 |    0 |          4 |
|               U0                                                                |                           t05_cmpy_corr_18x16_cmpy_v6_0_20_HD418 |          1 |          0 |       0 |     1 |      2 |      0 |      0 |    0 |          4 |
|                 i_synth                                                         |                       t05_cmpy_corr_18x16_cmpy_v6_0_20_viv_HD419 |          1 |          0 |       0 |     1 |      2 |      0 |      0 |    0 |          4 |
|             g_cmpy[12].u_corr_cmpy                                              |                                        t05_cmpy_corr_18x16_HD424 |          1 |          0 |       0 |     1 |      2 |      0 |      0 |    0 |          4 |
|               U0                                                                |                           t05_cmpy_corr_18x16_cmpy_v6_0_20_HD425 |          1 |          0 |       0 |     1 |      2 |      0 |      0 |    0 |          4 |
|                 i_synth                                                         |                       t05_cmpy_corr_18x16_cmpy_v6_0_20_viv_HD426 |          1 |          0 |       0 |     1 |      2 |      0 |      0 |    0 |          4 |
|             g_cmpy[13].u_corr_cmpy                                              |                                        t05_cmpy_corr_18x16_HD431 |          1 |          0 |       0 |     1 |      2 |      0 |      0 |    0 |          4 |
|               U0                                                                |                           t05_cmpy_corr_18x16_cmpy_v6_0_20_HD432 |          1 |          0 |       0 |     1 |      2 |      0 |      0 |    0 |          4 |
|                 i_synth                                                         |                       t05_cmpy_corr_18x16_cmpy_v6_0_20_viv_HD433 |          1 |          0 |       0 |     1 |      2 |      0 |      0 |    0 |          4 |
|             g_cmpy[14].u_corr_cmpy                                              |                                        t05_cmpy_corr_18x16_HD438 |          1 |          0 |       0 |     1 |      2 |      0 |      0 |    0 |          4 |
|               U0                                                                |                           t05_cmpy_corr_18x16_cmpy_v6_0_20_HD439 |          1 |          0 |       0 |     1 |      2 |      0 |      0 |    0 |          4 |
|                 i_synth                                                         |                       t05_cmpy_corr_18x16_cmpy_v6_0_20_viv_HD440 |          1 |          0 |       0 |     1 |      2 |      0 |      0 |    0 |          4 |
|             g_cmpy[15].u_corr_cmpy                                              |                                        t05_cmpy_corr_18x16_HD445 |          1 |          0 |       0 |     1 |      2 |      0 |      0 |    0 |          4 |
|               U0                                                                |                           t05_cmpy_corr_18x16_cmpy_v6_0_20_HD446 |          1 |          0 |       0 |     1 |      2 |      0 |      0 |    0 |          4 |
|                 i_synth                                                         |                       t05_cmpy_corr_18x16_cmpy_v6_0_20_viv_HD447 |          1 |          0 |       0 |     1 |      2 |      0 |      0 |    0 |          4 |
|             g_cmpy[1].u_corr_cmpy                                               |                                        t05_cmpy_corr_18x16_HD452 |          1 |          0 |       0 |     1 |      2 |      0 |      0 |    0 |          4 |
|               U0                                                                |                           t05_cmpy_corr_18x16_cmpy_v6_0_20_HD453 |          1 |          0 |       0 |     1 |      2 |      0 |      0 |    0 |          4 |
|                 i_synth                                                         |                       t05_cmpy_corr_18x16_cmpy_v6_0_20_viv_HD454 |          1 |          0 |       0 |     1 |      2 |      0 |      0 |    0 |          4 |
|             g_cmpy[2].u_corr_cmpy                                               |                                        t05_cmpy_corr_18x16_HD459 |          1 |          0 |       0 |     1 |      2 |      0 |      0 |    0 |          4 |
|               U0                                                                |                           t05_cmpy_corr_18x16_cmpy_v6_0_20_HD460 |          1 |          0 |       0 |     1 |      2 |      0 |      0 |    0 |          4 |
|                 i_synth                                                         |                       t05_cmpy_corr_18x16_cmpy_v6_0_20_viv_HD461 |          1 |          0 |       0 |     1 |      2 |      0 |      0 |    0 |          4 |
|             g_cmpy[3].u_corr_cmpy                                               |                                        t05_cmpy_corr_18x16_HD466 |          1 |          0 |       0 |     1 |      2 |      0 |      0 |    0 |          4 |
|               U0                                                                |                           t05_cmpy_corr_18x16_cmpy_v6_0_20_HD467 |          1 |          0 |       0 |     1 |      2 |      0 |      0 |    0 |          4 |
|                 i_synth                                                         |                       t05_cmpy_corr_18x16_cmpy_v6_0_20_viv_HD468 |          1 |          0 |       0 |     1 |      2 |      0 |      0 |    0 |          4 |
|             g_cmpy[4].u_corr_cmpy                                               |                                        t05_cmpy_corr_18x16_HD473 |          1 |          0 |       0 |     1 |      2 |      0 |      0 |    0 |          4 |
|               U0                                                                |                           t05_cmpy_corr_18x16_cmpy_v6_0_20_HD474 |          1 |          0 |       0 |     1 |      2 |      0 |      0 |    0 |          4 |
|                 i_synth                                                         |                       t05_cmpy_corr_18x16_cmpy_v6_0_20_viv_HD475 |          1 |          0 |       0 |     1 |      2 |      0 |      0 |    0 |          4 |
|             g_cmpy[5].u_corr_cmpy                                               |                                        t05_cmpy_corr_18x16_HD480 |          1 |          0 |       0 |     1 |      2 |      0 |      0 |    0 |          4 |
|               U0                                                                |                           t05_cmpy_corr_18x16_cmpy_v6_0_20_HD481 |          1 |          0 |       0 |     1 |      2 |      0 |      0 |    0 |          4 |
|                 i_synth                                                         |                       t05_cmpy_corr_18x16_cmpy_v6_0_20_viv_HD482 |          1 |          0 |       0 |     1 |      2 |      0 |      0 |    0 |          4 |
|             g_cmpy[6].u_corr_cmpy                                               |                                        t05_cmpy_corr_18x16_HD487 |          1 |          0 |       0 |     1 |      2 |      0 |      0 |    0 |          4 |
|               U0                                                                |                           t05_cmpy_corr_18x16_cmpy_v6_0_20_HD488 |          1 |          0 |       0 |     1 |      2 |      0 |      0 |    0 |          4 |
|                 i_synth                                                         |                       t05_cmpy_corr_18x16_cmpy_v6_0_20_viv_HD489 |          1 |          0 |       0 |     1 |      2 |      0 |      0 |    0 |          4 |
|             g_cmpy[7].u_corr_cmpy                                               |                                        t05_cmpy_corr_18x16_HD494 |          1 |          0 |       0 |     1 |      2 |      0 |      0 |    0 |          4 |
|               U0                                                                |                           t05_cmpy_corr_18x16_cmpy_v6_0_20_HD495 |          1 |          0 |       0 |     1 |      2 |      0 |      0 |    0 |          4 |
|                 i_synth                                                         |                       t05_cmpy_corr_18x16_cmpy_v6_0_20_viv_HD496 |          1 |          0 |       0 |     1 |      2 |      0 |      0 |    0 |          4 |
|             g_cmpy[8].u_corr_cmpy                                               |                                        t05_cmpy_corr_18x16_HD501 |          1 |          0 |       0 |     1 |      2 |      0 |      0 |    0 |          4 |
|               U0                                                                |                           t05_cmpy_corr_18x16_cmpy_v6_0_20_HD502 |          1 |          0 |       0 |     1 |      2 |      0 |      0 |    0 |          4 |
|                 i_synth                                                         |                       t05_cmpy_corr_18x16_cmpy_v6_0_20_viv_HD503 |          1 |          0 |       0 |     1 |      2 |      0 |      0 |    0 |          4 |
|             g_cmpy[9].u_corr_cmpy                                               |                                        t05_cmpy_corr_18x16_HD508 |          1 |          0 |       0 |     1 |      2 |      0 |      0 |    0 |          4 |
|               U0                                                                |                           t05_cmpy_corr_18x16_cmpy_v6_0_20_HD509 |          1 |          0 |       0 |     1 |      2 |      0 |      0 |    0 |          4 |
|                 i_synth                                                         |                       t05_cmpy_corr_18x16_cmpy_v6_0_20_viv_HD510 |          1 |          0 |       0 |     1 |      2 |      0 |      0 |    0 |          4 |
|           u_corrected_buffer                                                    |                                      fine_corrected_local_buffer |       2899 |       2899 |       0 |     0 |   1213 |     16 |      0 |    0 |          0 |
|             (u_corrected_buffer)                                                |                                      fine_corrected_local_buffer |       2899 |       2899 |       0 |     0 |   1213 |      0 |      0 |    0 |          0 |
|             u_corrected_copy_a                                                  |                             xpm_memory_sdpram__parameterized5__1 |          0 |          0 |       0 |     0 |      0 |      8 |      0 |    0 |          0 |
|               xpm_memory_base_inst                                              |                               xpm_memory_base__parameterized6__1 |          0 |          0 |       0 |     0 |      0 |      8 |      0 |    0 |          0 |
|             u_corrected_copy_b                                                  |                                xpm_memory_sdpram__parameterized5 |          0 |          0 |       0 |     0 |      0 |      8 |      0 |    0 |          0 |
|               xpm_memory_base_inst                                              |                                  xpm_memory_base__parameterized6 |          0 |          0 |       0 |     0 |      0 |      8 |      0 |    0 |          0 |
|           u_metric_controller                                                   |                                      fine_corr_metric_controller |        151 |        151 |       0 |     0 |    362 |      0 |      0 |    0 |          0 |
|           u_peak_selector                                                       |                                               fine_peak_selector |        793 |        793 |       0 |     0 |    418 |      2 |      0 |    0 |          0 |
|           u_reference_rom                                                       |                                           fine_ps1_reference_rom |          1 |          1 |       0 |     0 |    536 |      6 |      1 |    0 |          0 |
|             (u_reference_rom)                                                   |                                           fine_ps1_reference_rom |          1 |          1 |       0 |     0 |    536 |      0 |      0 |    0 |          0 |
|             u_ps1_reference_rom                                                 |                                                 xpm_memory_sprom |          0 |          0 |       0 |     0 |      0 |      6 |      1 |    0 |          0 |
|               xpm_memory_base_inst                                              |                                  xpm_memory_base__parameterized7 |          0 |          0 |       0 |     0 |      0 |      6 |      1 |    0 |          0 |
|           u_scheduler                                                           |                                              fine_corr_scheduler |         29 |         29 |       0 |     0 |     17 |      0 |      0 |    0 |          0 |
|           u_square_adapter                                                      |                                     fine_square48_vendor_adapter |         43 |          0 |       0 |    43 |    150 |      0 |      0 |    0 |          9 |
|             (u_square_adapter)                                                  |                                     fine_square48_vendor_adapter |          0 |          0 |       0 |     0 |      6 |      0 |      0 |    0 |          0 |
|             u_mult                                                              |                                           t05_mult_s48x48_full96 |         43 |          0 |       0 |    43 |    144 |      0 |      0 |    0 |          9 |
|               U0                                                                |                         t05_mult_s48x48_full96_mult_gen_v12_0_17 |         43 |          0 |       0 |    43 |    144 |      0 |      0 |    0 |          9 |
|                 i_mult                                                          |                     t05_mult_s48x48_full96_mult_gen_v12_0_17_viv |         43 |          0 |       0 |    43 |    144 |      0 |      0 |    0 |          9 |
|         u_phase_increment                                                       |                                              cfo_phase_increment |        180 |        180 |       0 |     0 |     50 |      0 |      0 |    0 |          0 |
|         u_quality                                                               |                                          fine_quality_controller |        982 |        982 |       0 |     0 |    303 |      0 |      0 |    0 |          0 |
|       u_quality_denominator_vendor_adapter                                      |                          fine_quality_denominator_vendor_adapter |         29 |          5 |       0 |    24 |    191 |      0 |      0 |    0 |          6 |
|         (u_quality_denominator_vendor_adapter)                                  |                          fine_quality_denominator_vendor_adapter |          5 |          5 |       0 |     0 |     90 |      0 |      0 |    0 |          0 |
|         u_quality_denominator_mult                                              |                                   t05_mult_quality_u46x36_full82 |         24 |          0 |       0 |    24 |    101 |      0 |      0 |    0 |          6 |
|           U0                                                                    |                 t05_mult_quality_u46x36_full82_mult_gen_v12_0_17 |         24 |          0 |       0 |    24 |    101 |      0 |      0 |    0 |          6 |
|             i_mult                                                              |             t05_mult_quality_u46x36_full82_mult_gen_v12_0_17_viv |         24 |          0 |       0 |    24 |    101 |      0 |      0 |    0 |          6 |
|               gDSP.gDSP_only.iDSP                                               |                               t05_mult_quality_u46x36_full82_dsp |         24 |          0 |       0 |    24 |    101 |      0 |      0 |    0 |          6 |
|                 (gDSP.gDSP_only.iDSP)                                           |                               t05_mult_quality_u46x36_full82_dsp |          0 |          0 |       0 |     0 |      0 |      0 |      0 |    0 |          6 |
|                 use_prim.appDSP48[0].bppDSP48[0].need_output_delay.output_delay |        t05_mult_quality_u46x36_full82_delay_line__parameterized5 |          9 |          0 |       0 |     9 |     17 |      0 |      0 |    0 |          0 |
|                 use_prim.appDSP48[0].bppDSP48[2].need_output_delay.output_delay |        t05_mult_quality_u46x36_full82_delay_line__parameterized7 |          0 |          0 |       0 |     0 |     17 |      0 |      0 |    0 |          0 |
|                 use_prim.appDSP48[1].bppDSP48[0].need_output_delay.output_delay |        t05_mult_quality_u46x36_full82_delay_line__parameterized8 |          9 |          0 |       0 |     9 |     17 |      0 |      0 |    0 |          0 |
|                 use_prim.iAdelx[0].iAdely[2].use_delay_line.Adelay              |        t05_mult_quality_u46x36_full82_delay_line__parameterized0 |          0 |          0 |       0 |     0 |      9 |      0 |      0 |    0 |          0 |
|                 use_prim.iAdelx[1].iAdely[2].use_delay_line.Adelay              |        t05_mult_quality_u46x36_full82_delay_line__parameterized2 |          0 |          0 |       0 |     0 |     12 |      0 |      0 |    0 |          0 |
|                 use_prim.iBdelx[0].iBdely[2].need_delay_line.Bdelay             |        t05_mult_quality_u46x36_full82_delay_line__parameterized3 |          6 |          0 |       0 |     6 |     12 |      0 |      0 |    0 |          0 |
|                 use_prim.iBdelx[1].iBdely[1].need_delay_line.Bdelay             |      t05_mult_quality_u46x36_full82_delay_line__parameterized0_0 |          0 |          0 |       0 |     0 |     17 |      0 |      0 |    0 |          0 |
|       u_quality_divider_vendor_adapter                                          |                              fine_quality_divider_vendor_adapter |       1124 |        925 |       0 |   199 |   2770 |      0 |      1 |    0 |         19 |
|         (u_quality_divider_vendor_adapter)                                      |                              fine_quality_divider_vendor_adapter |          7 |          7 |       0 |     0 |    211 |      0 |      0 |    0 |          0 |
|         u_quality_divider                                                       |                                      t05_div_quality_s64_s64_f15 |       1117 |        918 |       0 |   199 |   2559 |      0 |      1 |    0 |         19 |
|           U0                                                                    |                      t05_div_quality_s64_s64_f15_div_gen_v5_1_18 |       1117 |        918 |       0 |   199 |   2559 |      0 |      1 |    0 |         19 |
|             i_synth                                                             |                  t05_div_quality_s64_s64_f15_div_gen_v5_1_18_viv |       1117 |        918 |       0 |   199 |   2559 |      0 |      1 |    0 |         19 |
|               i_has_aresetn.i_reg_reset                                         |                 t05_div_quality_s64_s64_f15_xbip_pipe_v3_0_6_viv |          0 |          0 |       0 |     0 |      1 |      0 |      0 |    0 |          0 |
|               i_nd_to_rdy                                                       | t05_div_quality_s64_s64_f15_xbip_pipe_v3_0_6_viv__parameterized1 |          3 |          1 |       0 |     2 |     45 |      0 |      0 |    0 |          0 |
|               i_nonzero_fract.i_synth                                           |                        t05_div_quality_s64_s64_f15_div_gen_synth |       1114 |        917 |       0 |   197 |   2513 |      0 |      1 |    0 |         19 |
|                 opt_high_radix.i_nonzero_fract.i_high_radix                     |                            t05_div_quality_s64_s64_f15_hrdiv_viv |       1114 |        917 |       0 |   197 |   2513 |      0 |      1 |    0 |         19 |
|     raw_history                                                                 |                         sync_beat_ram__parameterized1__xdcDup__1 |          3 |          3 |       0 |     0 |      2 |      7 |      1 |    0 |          0 |
|       (raw_history)                                                             |                         sync_beat_ram__parameterized1__xdcDup__1 |          0 |          0 |       0 |     0 |      2 |      0 |      0 |    0 |          0 |
|       memory                                                                    |                                xpm_memory_sdpram__parameterized1 |          3 |          3 |       0 |     0 |      0 |      7 |      1 |    0 |          0 |
|         xpm_memory_base_inst                                                    |                                  xpm_memory_base__parameterized2 |          3 |          3 |       0 |     0 |      0 |      7 |      1 |    0 |          0 |
|   ingress                                                                       |                                               ota_stream_ingress |        926 |        926 |       0 |     0 |   1076 |      2 |      0 |    0 |          0 |
|     (ingress)                                                                   |                                               ota_stream_ingress |        886 |        886 |       0 |     0 |   1033 |      0 |      0 |    0 |          0 |
|     input_words                                                                 |                                                    sfo_sync_fifo |         40 |         40 |       0 |     0 |     43 |      2 |      0 |    0 |          0 |
|       (input_words)                                                             |                                                    sfo_sync_fifo |          4 |          4 |       0 |     0 |      1 |      0 |      0 |    0 |          0 |
|       memory                                                                    |                                                    xpm_fifo_sync |         37 |         37 |       0 |     0 |     42 |      2 |      0 |    0 |          0 |
|         xpm_fifo_base_inst                                                      |                                                    xpm_fifo_base |         37 |         37 |       0 |     0 |     42 |      2 |      0 |    0 |          0 |
|           (xpm_fifo_base_inst)                                                  |                                                    xpm_fifo_base |         16 |         16 |       0 |     0 |      8 |      0 |      0 |    0 |          0 |
|           gen_sdpram.xpm_memory_base_inst                                       |                                                  xpm_memory_base |          0 |          0 |       0 |     0 |      0 |      2 |      0 |    0 |          0 |
|           rdp_inst                                                              |                                 xpm_counter_updn__parameterized0 |          5 |          5 |       0 |     0 |      7 |      0 |      0 |    0 |          0 |
|           rdpp1_inst                                                            |                                 xpm_counter_updn__parameterized1 |          5 |          5 |       0 |     0 |      7 |      0 |      0 |    0 |          0 |
|           rst_d1_inst                                                           |                                            xpm_fifo_reg_bit__267 |          0 |          0 |       0 |     0 |      1 |      0 |      0 |    0 |          0 |
|           wrp_inst                                                              |                              xpm_counter_updn__parameterized0__6 |          5 |          5 |       0 |     0 |      7 |      0 |      0 |    0 |          0 |
|           wrpp1_inst                                                            |                              xpm_counter_updn__parameterized1__6 |          5 |          5 |       0 |     0 |      7 |      0 |      0 |    0 |          0 |
|           xpm_fifo_rst_inst                                                     |                                                     xpm_fifo_rst |          1 |          1 |       0 |     0 |      5 |      0 |      0 |    0 |          0 |
|   metadata                                                                      |                             sfo_record_cdc_fifo__parameterized10 |         64 |         64 |       0 |     0 |    107 |      2 |      1 |    0 |          0 |
|     (metadata)                                                                  |                             sfo_record_cdc_fifo__parameterized10 |          5 |          5 |       0 |     0 |      2 |      0 |      0 |    0 |          0 |
|     read_busy_to_write                                                          |                               xpm_cdc_single__parameterized0__50 |          0 |          0 |       0 |     0 |      3 |      0 |      0 |    0 |          0 |
|     read_reset_sync                                                             |                                                 xpm_cdc_sync_rst |          0 |          0 |       0 |     0 |      4 |      0 |      0 |    0 |          0 |
|     record_fifo                                                                 |                                  xpm_fifo_async__parameterized13 |         59 |         59 |       0 |     0 |     91 |      2 |      1 |    0 |          0 |
|       gnuram_async_fifo.xpm_fifo_base_inst                                      |                                   xpm_fifo_base__parameterized30 |         59 |         59 |       0 |     0 |     91 |      2 |      1 |    0 |          0 |
|         (gnuram_async_fifo.xpm_fifo_base_inst)                                  |                                   xpm_fifo_base__parameterized30 |         16 |         16 |       0 |     0 |      8 |      0 |      0 |    0 |          0 |
|         gen_cdc_pntr.rd_pntr_cdc_inst                                           |                                    xpm_cdc_gray__parameterized10 |          6 |          6 |       0 |     0 |     15 |      0 |      0 |    0 |          0 |
|         gen_cdc_pntr.rpw_gray_reg                                               |                                 xpm_fifo_reg_vec__parameterized7 |          0 |          0 |       0 |     0 |      5 |      0 |      0 |    0 |          0 |
|         gen_cdc_pntr.wpr_gray_reg                                               |                             xpm_fifo_reg_vec__parameterized7__24 |          0 |          0 |       0 |     0 |      5 |      0 |      0 |    0 |          0 |
|         gen_cdc_pntr.wr_pntr_cdc_inst                                           |                                xpm_cdc_gray__parameterized10__44 |          5 |          5 |       0 |     0 |     15 |      0 |      0 |    0 |          0 |
|         gen_sdpram.xpm_memory_base_inst                                         |                                 xpm_memory_base__parameterized42 |          3 |          3 |       0 |     0 |      0 |      2 |      1 |    0 |          0 |
|         rdp_inst                                                                |                                 xpm_counter_updn__parameterized3 |          3 |          3 |       0 |     0 |      5 |      0 |      0 |    0 |          0 |
|         rdpp1_inst                                                              |                                 xpm_counter_updn__parameterized4 |          3 |          3 |       0 |     0 |      5 |      0 |      0 |    0 |          0 |
|         rst_d1_inst                                                             |                                            xpm_fifo_reg_bit__262 |          0 |          0 |       0 |     0 |      1 |      0 |      0 |    0 |          0 |
|         wrp_inst                                                                |                             xpm_counter_updn__parameterized3__60 |          3 |          3 |       0 |     0 |      5 |      0 |      0 |    0 |          0 |
|         wrpp1_inst                                                              |                             xpm_counter_updn__parameterized4__60 |          3 |          3 |       0 |     0 |      5 |      0 |      0 |    0 |          0 |
|         wrpp2_inst                                                              |                                 xpm_counter_updn__parameterized5 |          3 |          3 |       0 |     0 |      5 |      0 |      0 |    0 |          0 |
|         xpm_fifo_rst_inst                                                       |                         xpm_fifo_rst__parameterized2__xdcDup__12 |         14 |         14 |       0 |     0 |     17 |      0 |      0 |    0 |          0 |
|           (xpm_fifo_rst_inst)                                                   |                         xpm_fifo_rst__parameterized2__xdcDup__12 |         14 |         14 |       0 |     0 |     13 |      0 |      0 |    0 |          0 |
|           gen_rst_ic.rrst_wr_inst                                               |                                 xpm_cdc_sync_rst__parameterized0 |          0 |          0 |       0 |     0 |      2 |      0 |      0 |    0 |          0 |
|           gen_rst_ic.wrst_rd_inst                                               |                             xpm_cdc_sync_rst__parameterized0__90 |          0 |          0 |       0 |     0 |      2 |      0 |      0 |    0 |          0 |
|     write_busy_to_read                                                          |                                   xpm_cdc_single__parameterized0 |          0 |          0 |       0 |     0 |      3 |      0 |      0 |    0 |          0 |
|     write_reset_sync                                                            |                                             xpm_cdc_sync_rst__64 |          0 |          0 |       0 |     0 |      4 |      0 |      0 |    0 |          0 |
|   poison_sync                                                                   |                                               xpm_cdc_single__13 |          0 |          0 |       0 |     0 |      5 |      0 |      0 |    0 |          0 |
|   remote_fault_sync                                                             |                                               xpm_cdc_single__14 |          0 |          0 |       0 |     0 |      5 |      0 |      0 |    0 |          0 |
|   reset_a                                                                       |                                      sfo_domain_reset__xdcDup__1 |          5 |          5 |       0 |     0 |     22 |      0 |      0 |    0 |          0 |
|     (reset_a)                                                                   |                                      sfo_domain_reset__xdcDup__1 |          5 |          5 |       0 |     0 |     18 |      0 |      0 |    0 |          0 |
|     sync_reset                                                                  |                                                xpm_cdc_async_rst |          0 |          0 |       0 |     0 |      4 |      0 |      0 |    0 |          0 |
|   reset_b                                                                       |                                      sfo_domain_reset__xdcDup__2 |          5 |          5 |       0 |     0 |     12 |      0 |      0 |    0 |          0 |
|     (reset_b)                                                                   |                                      sfo_domain_reset__xdcDup__2 |          5 |          5 |       0 |     0 |      8 |      0 |      0 |    0 |          0 |
|     sync_reset                                                                  |                                            xpm_cdc_async_rst__16 |          0 |          0 |       0 |     0 |      4 |      0 |      0 |    0 |          0 |
|   sfo                                                                           |                                                     sync_sfo_top |     206036 |     185849 |    1415 | 18772 | 192199 |    404 |    116 |  520 |       1766 |
|     (sfo)                                                                       |                                                     sync_sfo_top |        146 |        146 |       0 |     0 |     38 |      0 |      0 |    0 |          0 |
|     fine_record_fifo                                                            |                         sfo_sync_fifo__parameterized1__xdcDup__1 |         30 |         30 |       0 |     0 |     35 |      1 |      1 |    0 |          0 |
|       (fine_record_fifo)                                                        |                         sfo_sync_fifo__parameterized1__xdcDup__1 |          4 |          4 |       0 |     0 |      1 |      0 |      0 |    0 |          0 |
|       memory                                                                    |                                 xpm_fifo_sync__parameterized1__3 |         26 |         26 |       0 |     0 |     34 |      1 |      1 |    0 |          0 |
|         xpm_fifo_base_inst                                                      |                                 xpm_fifo_base__parameterized1__3 |         26 |         26 |       0 |     0 |     34 |      1 |      1 |    0 |          0 |
|           (xpm_fifo_base_inst)                                                  |                                 xpm_fifo_base__parameterized1__3 |         13 |         13 |       0 |     0 |      8 |      0 |      0 |    0 |          0 |
|           gen_sdpram.xpm_memory_base_inst                                       |                               xpm_memory_base__parameterized9__6 |          0 |          0 |       0 |     0 |      0 |      1 |      1 |    0 |          0 |
|           rdp_inst                                                              |                             xpm_counter_updn__parameterized3__47 |          3 |          3 |       0 |     0 |      5 |      0 |      0 |    0 |          0 |
|           rdpp1_inst                                                            |                             xpm_counter_updn__parameterized4__47 |          3 |          3 |       0 |     0 |      5 |      0 |      0 |    0 |          0 |
|           rst_d1_inst                                                           |                                            xpm_fifo_reg_bit__212 |          0 |          0 |       0 |     0 |      1 |      0 |      0 |    0 |          0 |
|           wrp_inst                                                              |                             xpm_counter_updn__parameterized3__46 |          3 |          3 |       0 |     0 |      5 |      0 |      0 |    0 |          0 |
|           wrpp1_inst                                                            |                             xpm_counter_updn__parameterized4__46 |          3 |          3 |       0 |     0 |      5 |      0 |      0 |    0 |          0 |
|           xpm_fifo_rst_inst                                                     |                                                 xpm_fifo_rst__18 |          1 |          1 |       0 |     0 |      5 |      0 |      0 |    0 |          0 |
|     frame_context_fifo                                                          |                                    sfo_sync_fifo__parameterized0 |         29 |         29 |       0 |     0 |     35 |      2 |      0 |    0 |          0 |
|       (frame_context_fifo)                                                      |                                    sfo_sync_fifo__parameterized0 |          3 |          3 |       0 |     0 |      1 |      0 |      0 |    0 |          0 |
|       memory                                                                    |                                    xpm_fifo_sync__parameterized0 |         26 |         26 |       0 |     0 |     34 |      2 |      0 |    0 |          0 |
|         xpm_fifo_base_inst                                                      |                                    xpm_fifo_base__parameterized0 |         26 |         26 |       0 |     0 |     34 |      2 |      0 |    0 |          0 |
|           (xpm_fifo_base_inst)                                                  |                                    xpm_fifo_base__parameterized0 |         13 |         13 |       0 |     0 |      8 |      0 |      0 |    0 |          0 |
|           gen_sdpram.xpm_memory_base_inst                                       |                                  xpm_memory_base__parameterized8 |          0 |          0 |       0 |     0 |      0 |      2 |      0 |    0 |          0 |
|           rdp_inst                                                              |                             xpm_counter_updn__parameterized3__49 |          3 |          3 |       0 |     0 |      5 |      0 |      0 |    0 |          0 |
|           rdpp1_inst                                                            |                             xpm_counter_updn__parameterized4__49 |          3 |          3 |       0 |     0 |      5 |      0 |      0 |    0 |          0 |
|           rst_d1_inst                                                           |                                            xpm_fifo_reg_bit__217 |          0 |          0 |       0 |     0 |      1 |      0 |      0 |    0 |          0 |
|           wrp_inst                                                              |                             xpm_counter_updn__parameterized3__48 |          3 |          3 |       0 |     0 |      5 |      0 |      0 |    0 |          0 |
|           wrpp1_inst                                                            |                             xpm_counter_updn__parameterized4__48 |          3 |          3 |       0 |     0 |      5 |      0 |      0 |    0 |          0 |
|           xpm_fifo_rst_inst                                                     |                                                 xpm_fifo_rst__19 |          1 |          1 |       0 |     0 |      5 |      0 |      0 |    0 |          0 |
|     initial_estimator                                                           |                                            sfo_initial_estimator |      49992 |      46692 |     212 |  3088 |  69367 |     90 |     26 |    0 |        178 |
|       owner                                                                     |                                          sfo_initial_fft_arbiter |       3288 |       2585 |       0 |   703 |   5926 |      4 |     11 |    0 |         15 |
|         (owner)                                                                 |                                          sfo_initial_fft_arbiter |         61 |         61 |       0 |     0 |     43 |      0 |      0 |    0 |          0 |
|         error_sync                                                              |                                             xpm_cdc_array_single |          0 |          0 |       0 |     0 |      8 |      0 |      0 |    0 |          0 |
|         fft                                                                     |                                          sfo_initial_fft_service |       3227 |       2524 |       0 |   703 |   5875 |      4 |     11 |    0 |         15 |
|           (fft)                                                                 |                                          sfo_initial_fft_service |         14 |         14 |       0 |     0 |      9 |      0 |      0 |    0 |          0 |
|           reset_sync500                                                         |                                             xpm_cdc_sync_rst__33 |          0 |          0 |       0 |     0 |      4 |      0 |      0 |    0 |          0 |
|           u_egress_fifo                                                         |                                   xpm_fifo_async__parameterized0 |         83 |         83 |       0 |     0 |    111 |      2 |      0 |    0 |          0 |
|             gnuram_async_fifo.xpm_fifo_base_inst                                |                                   xpm_fifo_base__parameterized13 |         83 |         83 |       0 |     0 |    111 |      2 |      0 |    0 |          0 |
|               (gnuram_async_fifo.xpm_fifo_base_inst)                            |                                   xpm_fifo_base__parameterized13 |         20 |         20 |       0 |     0 |      8 |      0 |      0 |    0 |          0 |
|               gen_cdc_pntr.rd_pntr_cdc_inst                                     |                                                 xpm_cdc_gray__15 |          8 |          8 |       0 |     0 |     18 |      0 |      0 |    0 |          0 |
|               gen_cdc_pntr.rpw_gray_reg                                         |                                              xpm_fifo_reg_vec__4 |          0 |          0 |       0 |     0 |      6 |      0 |      0 |    0 |          0 |
|               gen_cdc_pntr.wpr_gray_reg                                         |                              xpm_fifo_reg_vec__parameterized1__3 |          0 |          0 |       0 |     0 |      6 |      0 |      0 |    0 |          0 |
|               gen_cdc_pntr.wr_pntr_cdc_inst                                     |                                  xpm_cdc_gray__parameterized1__6 |          7 |          7 |       0 |     0 |     18 |      0 |      0 |    0 |          0 |
|               gen_sdpram.xpm_memory_base_inst                                   |                                 xpm_memory_base__parameterized23 |          1 |          1 |       0 |     0 |      0 |      2 |      0 |    0 |          0 |
|               rdp_inst                                                          |                             xpm_counter_updn__parameterized14__8 |          5 |          5 |       0 |     0 |      6 |      0 |      0 |    0 |          0 |
|               rdpp1_inst                                                        |                             xpm_counter_updn__parameterized15__8 |          5 |          5 |       0 |     0 |      6 |      0 |      0 |    0 |          0 |
|               rst_d1_inst                                                       |                                             xpm_fifo_reg_bit__82 |          0 |          0 |       0 |     0 |      1 |      0 |      0 |    0 |          0 |
|               wrp_inst                                                          |                             xpm_counter_updn__parameterized17__3 |         10 |         10 |       0 |     0 |      9 |      0 |      0 |    0 |          0 |
|               wrpp1_inst                                                        |                             xpm_counter_updn__parameterized18__3 |          6 |          6 |       0 |     0 |      8 |      0 |      0 |    0 |          0 |
|               wrpp2_inst                                                        |                             xpm_counter_updn__parameterized19__1 |          6 |          6 |       0 |     0 |      8 |      0 |      0 |    0 |          0 |
|               xpm_fifo_rst_inst                                                 |                          xpm_fifo_rst__parameterized1__xdcDup__2 |         15 |         15 |       0 |     0 |     17 |      0 |      0 |    0 |          0 |
|                 (xpm_fifo_rst_inst)                                             |                          xpm_fifo_rst__parameterized1__xdcDup__2 |         15 |         15 |       0 |     0 |     13 |      0 |      0 |    0 |          0 |
|                 gen_rst_ic.rrst_wr_inst                                         |                             xpm_cdc_sync_rst__parameterized0__47 |          0 |          0 |       0 |     0 |      2 |      0 |      0 |    0 |          0 |
|                 gen_rst_ic.wrst_rd_inst                                         |                             xpm_cdc_sync_rst__parameterized0__46 |          0 |          0 |       0 |     0 |      2 |      0 |      0 |    0 |          0 |
|           u_ingress_fifo                                                        |                                        xpm_fifo_async__xdcDup__1 |        105 |        105 |       0 |     0 |    176 |      2 |      0 |    0 |          0 |
|             gnuram_async_fifo.xpm_fifo_base_inst                                |                        xpm_fifo_base__parameterized12__xdcDup__1 |        105 |        105 |       0 |     0 |    176 |      2 |      0 |    0 |          0 |
|               (gnuram_async_fifo.xpm_fifo_base_inst)                            |                        xpm_fifo_base__parameterized12__xdcDup__1 |         35 |         35 |       0 |     0 |     12 |      0 |      0 |    0 |          0 |
|               gen_cdc_pntr.rd_pntr_cdc_inst                                     |                                  xpm_cdc_gray__parameterized1__7 |          8 |          8 |       0 |     0 |     18 |      0 |      0 |    0 |          0 |
|               gen_cdc_pntr.rpw_gray_reg                                         |                              xpm_fifo_reg_vec__parameterized1__4 |          0 |          0 |       0 |     0 |      6 |      0 |      0 |    0 |          0 |
|               gen_cdc_pntr.wpr_gray_reg                                         |                                              xpm_fifo_reg_vec__5 |          0 |          0 |       0 |     0 |      6 |      0 |      0 |    0 |          0 |
|               gen_cdc_pntr.wpr_gray_reg_dc                                      |                              xpm_fifo_reg_vec__parameterized0__4 |          0 |          0 |       0 |     0 |      7 |      0 |      0 |    0 |          0 |
|               gen_cdc_pntr.wr_pntr_cdc_dc_inst                                  |                                  xpm_cdc_gray__parameterized0__3 |         10 |         10 |       0 |     0 |     35 |      0 |      0 |    0 |          0 |
|               gen_cdc_pntr.wr_pntr_cdc_inst                                     |                                                 xpm_cdc_gray__16 |          7 |          7 |       0 |     0 |     18 |      0 |      0 |    0 |          0 |
|               gen_fwft.rdpp1_inst                                               |                                             xpm_counter_updn__28 |          1 |          1 |       0 |     0 |      2 |      0 |      0 |    0 |          0 |
|               gen_sdpram.xpm_memory_base_inst                                   |                              xpm_memory_base__parameterized22__3 |          0 |          0 |       0 |     0 |     18 |      2 |      0 |    0 |          0 |
|               rdp_inst                                                          |                             xpm_counter_updn__parameterized17__4 |         10 |         10 |       0 |     0 |      9 |      0 |      0 |    0 |          0 |
|               rdpp1_inst                                                        |                             xpm_counter_updn__parameterized18__4 |          6 |          6 |       0 |     0 |      8 |      0 |      0 |    0 |          0 |
|               rst_d1_inst                                                       |                                             xpm_fifo_reg_bit__87 |          0 |          0 |       0 |     0 |      1 |      0 |      0 |    0 |          0 |
|               wrp_inst                                                          |                             xpm_counter_updn__parameterized14__9 |          5 |          5 |       0 |     0 |      7 |      0 |      0 |    0 |          0 |
|               wrpp1_inst                                                        |                             xpm_counter_updn__parameterized15__9 |          5 |          5 |       0 |     0 |      6 |      0 |      0 |    0 |          0 |
|               wrpp2_inst                                                        |                             xpm_counter_updn__parameterized16__8 |          4 |          4 |       0 |     0 |      6 |      0 |      0 |    0 |          0 |
|               xpm_fifo_rst_inst                                                 |                          xpm_fifo_rst__parameterized1__xdcDup__1 |         14 |         14 |       0 |     0 |     17 |      0 |      0 |    0 |          0 |
|                 (xpm_fifo_rst_inst)                                             |                          xpm_fifo_rst__parameterized1__xdcDup__1 |         14 |         14 |       0 |     0 |     13 |      0 |      0 |    0 |          0 |
|                 gen_rst_ic.rrst_wr_inst                                         |                             xpm_cdc_sync_rst__parameterized0__49 |          0 |          0 |       0 |     0 |      2 |      0 |      0 |    0 |          0 |
|                 gen_rst_ic.wrst_rd_inst                                         |                             xpm_cdc_sync_rst__parameterized0__48 |          0 |          0 |       0 |     0 |      2 |      0 |      0 |    0 |          0 |
|           u_xfft                                                                |                                               t03_xfft_2048_main |       3025 |       2322 |       0 |   703 |   5575 |      0 |     11 |    0 |         15 |
|             U0                                                                  |                                   t03_xfft_2048_main_xfft_v9_1_6 |       3025 |       2322 |       0 |   703 |   5575 |      0 |     11 |    0 |         15 |
|               i_synth                                                           |                               t03_xfft_2048_main_xfft_v9_1_6_viv |       3025 |       2322 |       0 |   703 |   5575 |      0 |     11 |    0 |         15 |
|                 (i_synth)                                                       |                               t03_xfft_2048_main_xfft_v9_1_6_viv |          0 |          0 |       0 |     0 |      0 |      0 |      2 |    0 |          0 |
|                 axi_wrapper                                                     |                                   t03_xfft_2048_main_axi_wrapper |         33 |         33 |       0 |     0 |    104 |      0 |      0 |    0 |          0 |
|                 xfft_inst                                                       |                              t03_xfft_2048_main_xfft_v9_1_6_core |       2993 |       2290 |       0 |   703 |   5471 |      0 |      9 |    0 |         15 |
|       service                                                                   |                                   sfo_initial_estimation_service |      46704 |      44107 |     212 |  2385 |  63441 |     86 |     15 |    0 |        163 |
|         (service)                                                               |                                   sfo_initial_estimation_service |        243 |        243 |       0 |     0 |    217 |      0 |      0 |    0 |          0 |
|         backend                                                                 |                                     sfo_initial_fft_swls_backend |      31830 |      30372 |       0 |  1458 |  28001 |     58 |      9 |    0 |        116 |
|           (backend)                                                             |                                     sfo_initial_fft_swls_backend |        211 |        211 |       0 |     0 |    155 |      0 |      0 |    0 |          0 |
|           backend                                                               |                                sfo_initial_swls_weighted_backend |      12980 |      12434 |       0 |   546 |   9790 |     36 |      4 |    0 |         92 |
|             (backend)                                                           |                                sfo_initial_swls_weighted_backend |        503 |        503 |       0 |     0 |    160 |      0 |      0 |    0 |          0 |
|             divider                                                             |                             sfo_initial_unsigned_divider_service |        922 |        918 |       0 |     4 |   1802 |      3 |      1 |    0 |          0 |
|               (divider)                                                         |                             sfo_initial_unsigned_divider_service |        145 |        145 |       0 |     0 |      7 |      0 |      0 |    0 |          0 |
|               divider                                                           |                                            t04_div_u63_u47_HD186 |        724 |        720 |       0 |     4 |   1729 |      0 |      0 |    0 |          0 |
|                 U0                                                              |                            t04_div_u63_u47_div_gen_v5_1_18_HD187 |        724 |        720 |       0 |     4 |   1729 |      0 |      0 |    0 |          0 |
|               metadata_fifo                                                     |        sfo_initial_unsigned_divider_service_fifo__parameterized0 |         27 |         27 |       0 |     0 |     33 |      1 |      1 |    0 |          0 |
|                 storage                                                         |                                   xpm_fifo_sync__parameterized10 |         27 |         27 |       0 |     0 |     33 |      1 |      1 |    0 |          0 |
|               output_fifo                                                       |        sfo_initial_unsigned_divider_service_fifo__parameterized1 |         26 |         26 |       0 |     0 |     33 |      2 |      0 |    0 |          0 |
|                 storage                                                         |                                   xpm_fifo_sync__parameterized11 |         26 |         26 |       0 |     0 |     33 |      2 |      0 |    0 |          0 |
|             maximum                                                             |                               sfo_initial_pair_max_tracker_2lane |       4535 |       4026 |       0 |   509 |   3282 |      0 |      0 |    0 |         32 |
|               (maximum)                                                         |                               sfo_initial_pair_max_tracker_2lane |       4463 |       4026 |       0 |   437 |   2878 |      0 |      0 |    0 |          0 |
|               cross_lane[0].left_product                                        |                                 t06_pair_max_tracker_2lane_cross |         18 |          0 |       0 |    18 |    101 |      0 |      0 |    0 |          8 |
|                 U0                                                              |               t06_pair_max_tracker_2lane_cross_mult_gen_v12_0_17 |         18 |          0 |       0 |    18 |    101 |      0 |      0 |    0 |          8 |
|               cross_lane[0].right_product                                       |                          t06_pair_max_tracker_2lane_cross_HD1600 |         18 |          0 |       0 |    18 |    101 |      0 |      0 |    0 |          8 |
|                 U0                                                              |        t06_pair_max_tracker_2lane_cross_mult_gen_v12_0_17_HD1601 |         18 |          0 |       0 |    18 |    101 |      0 |      0 |    0 |          8 |
|               cross_lane[1].left_product                                        |                          t06_pair_max_tracker_2lane_cross_HD1610 |         18 |          0 |       0 |    18 |    101 |      0 |      0 |    0 |          8 |
|                 U0                                                              |        t06_pair_max_tracker_2lane_cross_mult_gen_v12_0_17_HD1611 |         18 |          0 |       0 |    18 |    101 |      0 |      0 |    0 |          8 |
|               cross_lane[1].right_product                                       |                          t06_pair_max_tracker_2lane_cross_HD1620 |         18 |          0 |       0 |    18 |    101 |      0 |      0 |    0 |          8 |
|                 U0                                                              |        t06_pair_max_tracker_2lane_cross_mult_gen_v12_0_17_HD1621 |         18 |          0 |       0 |    18 |    101 |      0 |      0 |    0 |          8 |
|             packer                                                              |                                          sfo_initial_weight_pack |       1447 |       1432 |       0 |    15 |    624 |      0 |      0 |    0 |         16 |
|               (packer)                                                          |                                          sfo_initial_weight_pack |       1447 |       1432 |       0 |    15 |    354 |      0 |      0 |    0 |          0 |
|               u_aw                                                              |                                              t06_wp_mult_u64_u33 |          0 |          0 |       0 |     0 |    135 |      0 |      0 |    0 |          8 |
|                 U0                                                              |                            t06_wp_mult_u64_u33_mult_gen_v12_0_17 |          0 |          0 |       0 |     0 |    135 |      0 |      0 |    0 |          8 |
|               u_bw                                                              |                                       t06_wp_mult_u64_u33_HD1631 |          0 |          0 |       0 |     0 |    135 |      0 |      0 |    0 |          8 |
|                 U0                                                              |                     t06_wp_mult_u64_u33_mult_gen_v12_0_17_HD1632 |          0 |          0 |       0 |     0 |    135 |      0 |      0 |    0 |          8 |
|             phase_metadata                                                      |                        sfo_initial_unsigned_divider_service_fifo |         26 |         26 |       0 |     0 |     33 |      1 |      1 |    0 |          0 |
|               storage                                                           |                                    xpm_fifo_sync__parameterized9 |         26 |         26 |       0 |     0 |     33 |      1 |      1 |    0 |          0 |
|                 xpm_fifo_base_inst                                              |                                    xpm_fifo_base__parameterized9 |         26 |         26 |       0 |     0 |     33 |      1 |      1 |    0 |          0 |
|             regression                                                          |                                      sfo_initial_regression_tail |       4700 |       4700 |       0 |     0 |   1764 |      0 |      0 |    0 |         32 |
|               (regression)                                                      |                                      sfo_initial_regression_tail |       4700 |       4700 |       0 |     0 |   1085 |      0 |      0 |    0 |          0 |
|               u_p02                                                             |                                              t06_rt_mult_u30_u48 |          0 |          0 |       0 |     0 |    116 |      0 |      0 |    0 |          6 |
|                 U0                                                              |                            t06_rt_mult_u30_u48_mult_gen_v12_0_17 |          0 |          0 |       0 |     0 |    116 |      0 |      0 |    0 |          6 |
|               u_p0t1_hi                                                         |                                              t06_rt_mult_u30_s42 |          0 |          0 |       0 |     0 |     81 |      0 |      0 |    0 |          4 |
|                 U0                                                              |                            t06_rt_mult_u30_s42_mult_gen_v12_0_17 |          0 |          0 |       0 |     0 |     81 |      0 |      0 |    0 |          4 |
|               u_p0t1_lo                                                         |                                              t06_rt_mult_u30_u43 |          0 |          0 |       0 |     0 |     81 |      0 |      0 |    0 |          4 |
|                 U0                                                              |                            t06_rt_mult_u30_u43_mult_gen_v12_0_17 |          0 |          0 |       0 |     0 |     81 |      0 |      0 |    0 |          4 |
|               u_p11                                                             |                                              t06_rt_mult_s41_s41 |          0 |          0 |       0 |     0 |    116 |      0 |      0 |    0 |          5 |
|                 U0                                                              |                            t06_rt_mult_s41_s41_mult_gen_v12_0_17 |          0 |          0 |       0 |     0 |    116 |      0 |      0 |    0 |          5 |
|               u_p1t0_hi                                                         |                                              t06_rt_mult_s41_s38 |          0 |          0 |       0 |     0 |    110 |      0 |      0 |    0 |          5 |
|                 U0                                                              |                            t06_rt_mult_s41_s38_mult_gen_v12_0_17 |          0 |          0 |       0 |     0 |    110 |      0 |      0 |    0 |          5 |
|               u_p1t0_lo                                                         |                                              t06_rt_mult_s41_u38 |          0 |          0 |       0 |     0 |    110 |      0 |      0 |    0 |          5 |
|                 U0                                                              |                            t06_rt_mult_s41_u38_mult_gen_v12_0_17 |          0 |          0 |       0 |     0 |    110 |      0 |      0 |    0 |          5 |
|               u_ppm                                                             |                                              t06_rt_mult_u48_u20 |          0 |          0 |       0 |     0 |     65 |      0 |      0 |    0 |          3 |
|                 U0                                                              |                            t06_rt_mult_u48_u20_mult_gen_v12_0_17 |          0 |          0 |       0 |     0 |     65 |      0 |      0 |    0 |          3 |
|             storage                                                             |                                    sfo_initial_observation_store |        487 |        487 |       0 |     0 |   1158 |     32 |      2 |    0 |          0 |
|               (storage)                                                         |                                    sfo_initial_observation_store |        473 |        473 |       0 |     0 |   1158 |      0 |      0 |    0 |          0 |
|               even_bank                                                         |                    sfo_initial_observation_store_bank__xdcDup__1 |          6 |          6 |       0 |     0 |      0 |     16 |      1 |    0 |          0 |
|                 memory                                                          |                                xpm_memory_sdpram__parameterized8 |          6 |          6 |       0 |     0 |      0 |     16 |      1 |    0 |          0 |
|               odd_bank                                                          |                               sfo_initial_observation_store_bank |          8 |          8 |       0 |     0 |      0 |     16 |      1 |    0 |          0 |
|                 memory                                                          |                             xpm_memory_sdpram__parameterized8__2 |          8 |          8 |       0 |     0 |      0 |     16 |      1 |    0 |          0 |
|             sums                                                                |                                 sfo_initial_five_sum_accumulator |        361 |        343 |       0 |    18 |    967 |      0 |      0 |    0 |         12 |
|               (sums)                                                            |                                 sfo_initial_five_sum_accumulator |        361 |        343 |       0 |    18 |    865 |      0 |      0 |    0 |          0 |
|               u_wk                                                              |                                              t06_fs_mult_u18_s11 |          0 |          0 |       0 |     0 |      0 |      0 |      0 |    0 |          1 |
|                 U0                                                              |                            t06_fs_mult_u18_s11_mult_gen_v12_0_17 |          0 |          0 |       0 |     0 |      0 |      0 |      0 |    0 |          1 |
|               u_wkk                                                             |                                              t06_fs_mult_s29_s11 |          0 |          0 |       0 |     0 |     17 |      0 |      0 |    0 |          2 |
|                 U0                                                              |                            t06_fs_mult_s29_s11_mult_gen_v12_0_17 |          0 |          0 |       0 |     0 |     17 |      0 |      0 |    0 |          2 |
|               u_wky                                                             |                                              t06_fs_mult_s29_s48 |          0 |          0 |       0 |     0 |     51 |      0 |      0 |    0 |          6 |
|                 U0                                                              |                            t06_fs_mult_s29_s48_mult_gen_v12_0_17 |          0 |          0 |       0 |     0 |     51 |      0 |      0 |    0 |          6 |
|               u_wy                                                              |                                              t06_fs_mult_u18_s48 |          0 |          0 |       0 |     0 |     34 |      0 |      0 |    0 |          3 |
|                 U0                                                              |                            t06_fs_mult_u18_s48_mult_gen_v12_0_17 |          0 |          0 |       0 |     0 |     34 |      0 |      0 |    0 |          3 |
|           extractor                                                             |                                   sfo_initial_fft_pair_extractor |        494 |        494 |       0 |     0 |    556 |      6 |      1 |    0 |          0 |
|             (extractor)                                                         |                                   sfo_initial_fft_pair_extractor |        429 |        429 |       0 |     0 |    504 |      0 |      0 |    0 |          0 |
|             first_symbol                                                        |                            sfo_initial_fft_pair_extractor_memory |          3 |          3 |       0 |     0 |      0 |      2 |      0 |    0 |          0 |
|               memory                                                            |                                xpm_memory_sdpram__parameterized7 |          3 |          3 |       0 |     0 |      0 |      2 |      0 |    0 |          0 |
|                 xpm_memory_base_inst                                            |                                 xpm_memory_base__parameterized14 |          3 |          3 |       0 |     0 |      0 |      2 |      0 |    0 |          0 |
|             width_fifo                                                          |                              sfo_initial_fft_pair_extractor_fifo |         62 |         62 |       0 |     0 |     52 |      4 |      1 |    0 |          0 |
|               fifo                                                              |                                    xpm_fifo_sync__parameterized5 |         62 |         62 |       0 |     0 |     52 |      4 |      1 |    0 |          0 |
|                 xpm_fifo_base_inst                                              |                                    xpm_fifo_base__parameterized5 |         62 |         62 |       0 |     0 |     52 |      4 |      1 |    0 |          0 |
|           observations                                                          |                             sfo_initial_observation_engine_2lane |      18146 |      17234 |       0 |   912 |  17500 |     16 |      4 |    0 |         24 |
|             (observations)                                                      |                             sfo_initial_observation_engine_2lane |        115 |        115 |       0 |     0 |    402 |      0 |      0 |    0 |          0 |
|             engines[0].engine                                                   |                        sfo_initial_observation_engine__xdcDup__1 |       9010 |       8554 |       0 |   456 |   8549 |      8 |      2 |    0 |         12 |
|               (engines[0].engine)                                               |                        sfo_initial_observation_engine__xdcDup__1 |        773 |        379 |       0 |   394 |    523 |      0 |      0 |    0 |          0 |
|               input_fifo                                                        |                   sfo_initial_observation_engine_fifo__xdcDup__1 |         26 |         26 |       0 |     0 |     33 |      1 |      1 |    0 |          0 |
|                 storage                                                         |                                    xpm_fifo_sync__parameterized7 |         26 |         26 |       0 |     0 |     33 |      1 |      1 |    0 |          0 |
|               pair_bfp                                                          |                           sfo_initial_pair_phasor_bfp__xdcDup__1 |        535 |        520 |       0 |    15 |     77 |      3 |      0 |    0 |          4 |
|                 (pair_bfp)                                                      |                           sfo_initial_pair_phasor_bfp__xdcDup__1 |        508 |        494 |       0 |    14 |     42 |      0 |      0 |    0 |          0 |
|                 u_cmpy                                                          |                                             t04_cmpy_17x16_HD130 |          1 |          0 |       0 |     1 |      2 |      0 |      0 |    0 |          4 |
|                 u_result_fifo                                                   |                                    xpm_fifo_sync__parameterized6 |         26 |         26 |       0 |     0 |     33 |      3 |      0 |    0 |          0 |
|               product                                                           |                     t06_observation_engine_weight_product_HD1642 |          9 |          0 |       0 |     9 |     49 |      0 |      0 |    0 |          4 |
|                 U0                                                              |   t06_observation_engine_weight_product_mult_gen_v12_0_17_HD1643 |          9 |          0 |       0 |     9 |     49 |      0 |      0 |    0 |          4 |
|               result_fifo                                                       |   sfo_initial_observation_engine_fifo__parameterized0__xdcDup__1 |         39 |         39 |       0 |     0 |     41 |      4 |      1 |    0 |          0 |
|                 storage                                                         |                                    xpm_fifo_sync__parameterized8 |         39 |         39 |       0 |     0 |     41 |      4 |      1 |    0 |          0 |
|               square_i1                                                         |                             t06_observation_engine_square_HD1668 |          0 |          0 |       0 |     0 |      0 |      0 |      0 |    0 |          1 |
|                 U0                                                              |           t06_observation_engine_square_mult_gen_v12_0_17_HD1669 |          0 |          0 |       0 |     0 |      0 |      0 |      0 |    0 |          1 |
|               square_i2                                                         |                             t06_observation_engine_square_HD1672 |          0 |          0 |       0 |     0 |      0 |      0 |      0 |    0 |          1 |
|                 U0                                                              |           t06_observation_engine_square_mult_gen_v12_0_17_HD1673 |          0 |          0 |       0 |     0 |      0 |      0 |      0 |    0 |          1 |
|               square_q1                                                         |                             t06_observation_engine_square_HD1676 |          0 |          0 |       0 |     0 |      0 |      0 |      0 |    0 |          1 |
|                 U0                                                              |           t06_observation_engine_square_mult_gen_v12_0_17_HD1677 |          0 |          0 |       0 |     0 |      0 |      0 |      0 |    0 |          1 |
|               square_q2                                                         |                             t06_observation_engine_square_HD1680 |          0 |          0 |       0 |     0 |      0 |      0 |      0 |    0 |          1 |
|                 U0                                                              |           t06_observation_engine_square_mult_gen_v12_0_17_HD1681 |          0 |          0 |       0 |     0 |      0 |      0 |      0 |    0 |          1 |
|               translate                                                         |                           t06_cordic_translate48_parallel_HD1685 |       7630 |       7592 |       0 |    38 |   7826 |      0 |      0 |    0 |          0 |
|                 U0                                                              |            t06_cordic_translate48_parallel_cordic_v6_0_17_HD1686 |       7630 |       7592 |       0 |    38 |   7826 |      0 |      0 |    0 |          0 |
|             engines[1].engine                                                   |                                   sfo_initial_observation_engine |       9023 |       8567 |       0 |   456 |   8549 |      8 |      2 |    0 |         12 |
|               (engines[1].engine)                                               |                                   sfo_initial_observation_engine |        775 |        381 |       0 |   394 |    523 |      0 |      0 |    0 |          0 |
|               input_fifo                                                        |                              sfo_initial_observation_engine_fifo |         26 |         26 |       0 |     0 |     33 |      1 |      1 |    0 |          0 |
|                 storage                                                         |                                 xpm_fifo_sync__parameterized7__2 |         26 |         26 |       0 |     0 |     33 |      1 |      1 |    0 |          0 |
|               pair_bfp                                                          |                                      sfo_initial_pair_phasor_bfp |        537 |        522 |       0 |    15 |     77 |      3 |      0 |    0 |          4 |
|                 (pair_bfp)                                                      |                                      sfo_initial_pair_phasor_bfp |        510 |        496 |       0 |    14 |     42 |      0 |      0 |    0 |          0 |
|                 u_cmpy                                                          |                                             t04_cmpy_17x16_HD123 |          1 |          0 |       0 |     1 |      2 |      0 |      0 |    0 |          4 |
|                 u_result_fifo                                                   |                                 xpm_fifo_sync__parameterized6__2 |         26 |         26 |       0 |     0 |     33 |      3 |      0 |    0 |          0 |
|               product                                                           |                            t06_observation_engine_weight_product |          9 |          0 |       0 |     9 |     49 |      0 |      0 |    0 |          4 |
|                 U0                                                              |          t06_observation_engine_weight_product_mult_gen_v12_0_17 |          9 |          0 |       0 |     9 |     49 |      0 |      0 |    0 |          4 |
|               result_fifo                                                       |              sfo_initial_observation_engine_fifo__parameterized0 |         39 |         39 |       0 |     0 |     41 |      4 |      1 |    0 |          0 |
|                 storage                                                         |                                 xpm_fifo_sync__parameterized8__2 |         39 |         39 |       0 |     0 |     41 |      4 |      1 |    0 |          0 |
|               square_i1                                                         |                                    t06_observation_engine_square |          0 |          0 |       0 |     0 |      0 |      0 |      0 |    0 |          1 |
|                 U0                                                              |                  t06_observation_engine_square_mult_gen_v12_0_17 |          0 |          0 |       0 |     0 |      0 |      0 |      0 |    0 |          1 |
|               square_i2                                                         |                             t06_observation_engine_square_HD1656 |          0 |          0 |       0 |     0 |      0 |      0 |      0 |    0 |          1 |
|                 U0                                                              |           t06_observation_engine_square_mult_gen_v12_0_17_HD1657 |          0 |          0 |       0 |     0 |      0 |      0 |      0 |    0 |          1 |
|               square_q1                                                         |                             t06_observation_engine_square_HD1660 |          0 |          0 |       0 |     0 |      0 |      0 |      0 |    0 |          1 |
|                 U0                                                              |           t06_observation_engine_square_mult_gen_v12_0_17_HD1661 |          0 |          0 |       0 |     0 |      0 |      0 |      0 |    0 |          1 |
|               square_q2                                                         |                             t06_observation_engine_square_HD1664 |          0 |          0 |       0 |     0 |      0 |      0 |      0 |    0 |          1 |
|                 U0                                                              |           t06_observation_engine_square_mult_gen_v12_0_17_HD1665 |          0 |          0 |       0 |     0 |      0 |      0 |      0 |    0 |          1 |
|               translate                                                         |                                  t06_cordic_translate48_parallel |       7638 |       7600 |       0 |    38 |   7826 |      0 |      0 |    0 |          0 |
|                 U0                                                              |                   t06_cordic_translate48_parallel_cordic_v6_0_17 |       7638 |       7600 |       0 |    38 |   7826 |      0 |      0 |    0 |          0 |
|         context_join                                                            |                                   sfo_initial_frame_context_join |        272 |        272 |       0 |     0 |    518 |      0 |      0 |    0 |          0 |
|         frontend                                                                |                                  sfo_initial_raw_to_fft_frontend |      14359 |      13220 |     212 |   927 |  34705 |     28 |      6 |    0 |         47 |
|           (frontend)                                                            |                                  sfo_initial_raw_to_fft_frontend |        247 |        247 |       0 |     0 |    214 |      0 |      0 |    0 |          0 |
|           capture                                                               |                             sfo_initial_raw_reader_local_capture |        932 |        720 |     212 |     0 |   2066 |     21 |      1 |    0 |          0 |
|             (capture)                                                           |                             sfo_initial_raw_reader_local_capture |         45 |         45 |       0 |     0 |    317 |      0 |      0 |    0 |          0 |
|             u_capture                                                           |                                      sfo_training_capture_buffer |        129 |        129 |       0 |     0 |     86 |     21 |      1 |    0 |          0 |
|               (u_capture)                                                       |                                      sfo_training_capture_buffer |        110 |        110 |       0 |     0 |     86 |      0 |      0 |    0 |          0 |
|               u_local_raw_memory                                                |                                xpm_memory_sdpram__parameterized6 |         19 |         19 |       0 |     0 |      0 |     21 |      1 |    0 |          0 |
|                 xpm_memory_base_inst                                            |                                 xpm_memory_base__parameterized10 |         19 |         19 |       0 |     0 |      0 |     21 |      1 |    0 |          0 |
|             u_reader                                                            |                                     sfo_initial_raw_reader_4lane |        758 |        546 |     212 |     0 |   1663 |      0 |      0 |    0 |          0 |
|               (u_reader)                                                        |                                     sfo_initial_raw_reader_4lane |        520 |        520 |       0 |     0 |    942 |      0 |      0 |    0 |          0 |
|               u_output_fifo                                                     |                                    xpm_fifo_sync__parameterized2 |        238 |         26 |     212 |     0 |    721 |      0 |      0 |    0 |          0 |
|                 xpm_fifo_base_inst                                              |                                    xpm_fifo_base__parameterized2 |        238 |         26 |     212 |     0 |    721 |      0 |      0 |    0 |          0 |
|           correction                                                            |                               sfo_initial_cfo_derotate_s16_4lane |      12716 |      11807 |       0 |   909 |  32052 |      7 |      5 |    0 |         44 |
|             (correction)                                                        |                               sfo_initial_cfo_derotate_s16_4lane |         32 |         32 |       0 |     0 |      7 |      0 |      0 |    0 |          0 |
|             u_dds                                                               |                                      sfo_initial_dds_phase_4lane |        756 |        520 |       0 |   236 |   1852 |      0 |      4 |    0 |         12 |
|               (u_dds)                                                           |                                      sfo_initial_dds_phase_4lane |        131 |        131 |       0 |     0 |     20 |      0 |      0 |    0 |          0 |
|               g_dds[0].u_dds                                                    |                                       t06_dds_phase_s32_sincos18 |        157 |         98 |       0 |    59 |    458 |      0 |      1 |    0 |          3 |
|                 U0                                                              |                  t06_dds_phase_s32_sincos18_dds_compiler_v6_0_21 |        157 |         98 |       0 |    59 |    458 |      0 |      1 |    0 |          3 |
|               g_dds[1].u_dds                                                    |                                t06_dds_phase_s32_sincos18_HD2836 |        157 |         98 |       0 |    59 |    458 |      0 |      1 |    0 |          3 |
|                 U0                                                              |           t06_dds_phase_s32_sincos18_dds_compiler_v6_0_21_HD2837 |        157 |         98 |       0 |    59 |    458 |      0 |      1 |    0 |          3 |
|               g_dds[2].u_dds                                                    |                                t06_dds_phase_s32_sincos18_HD2877 |        157 |         98 |       0 |    59 |    458 |      0 |      1 |    0 |          3 |
|                 U0                                                              |           t06_dds_phase_s32_sincos18_dds_compiler_v6_0_21_HD2878 |        157 |         98 |       0 |    59 |    458 |      0 |      1 |    0 |          3 |
|               g_dds[3].u_dds                                                    |                                t06_dds_phase_s32_sincos18_HD2918 |        157 |         98 |       0 |    59 |    458 |      0 |      1 |    0 |          3 |
|                 U0                                                              |           t06_dds_phase_s32_sincos18_dds_compiler_v6_0_21_HD2919 |        157 |         98 |       0 |    59 |    458 |      0 |      1 |    0 |          3 |
|             u_gain                                                              |                                sfo_initial_shared_gain_s16_4lane |      11486 |      10830 |       0 |   656 |  30079 |      0 |      0 |    0 |         16 |
|               (u_gain)                                                          |                                sfo_initial_shared_gain_s16_4lane |          3 |          3 |       0 |     0 |      0 |      0 |      0 |    0 |          0 |
|               g_lane[0].u_lane                                                  |                      sfo_initial_shared_gain_s16_lane__xdcDup__1 |       2921 |       2709 |       0 |   212 |   7708 |      0 |      0 |    0 |          4 |
|                 (g_lane[0].u_lane)                                              |                      sfo_initial_shared_gain_s16_lane__xdcDup__1 |        553 |        553 |       0 |     0 |    495 |      0 |      0 |    0 |          0 |
|                 u_cross_i                                                       |                                       t06_sg_mult_u37_u16_HD2971 |          0 |          0 |       0 |     0 |     17 |      0 |      0 |    0 |          2 |
|                 u_cross_q                                                       |                                       t06_sg_mult_u37_u16_HD2976 |          0 |          0 |       0 |     0 |     17 |      0 |      0 |    0 |          2 |
|                 u_ratio                                                         |                                        t06_sg_div_u53_u37_HD3004 |       2368 |       2156 |       0 |   212 |   7179 |      0 |      0 |    0 |          0 |
|               g_lane[1].u_lane                                                  |                      sfo_initial_shared_gain_s16_lane__xdcDup__2 |       2855 |       2707 |       0 |   148 |   7457 |      0 |      0 |    0 |          4 |
|                 (g_lane[1].u_lane)                                              |                      sfo_initial_shared_gain_s16_lane__xdcDup__2 |        553 |        553 |       0 |     0 |    363 |      0 |      0 |    0 |          0 |
|                 u_cross_i                                                       |                                       t06_sg_mult_u37_u16_HD2981 |          0 |          0 |       0 |     0 |     17 |      0 |      0 |    0 |          2 |
|                 u_cross_q                                                       |                                       t06_sg_mult_u37_u16_HD2986 |          0 |          0 |       0 |     0 |     17 |      0 |      0 |    0 |          2 |
|                 u_ratio                                                         |                                        t06_sg_div_u53_u37_HD3497 |       2302 |       2154 |       0 |   148 |   7060 |      0 |      0 |    0 |          0 |
|               g_lane[2].u_lane                                                  |                      sfo_initial_shared_gain_s16_lane__xdcDup__3 |       2855 |       2707 |       0 |   148 |   7457 |      0 |      0 |    0 |          4 |
|                 (g_lane[2].u_lane)                                              |                      sfo_initial_shared_gain_s16_lane__xdcDup__3 |        552 |        552 |       0 |     0 |    363 |      0 |      0 |    0 |          0 |
|                 u_cross_i                                                       |                                       t06_sg_mult_u37_u16_HD2991 |          0 |          0 |       0 |     0 |     17 |      0 |      0 |    0 |          2 |
|                 u_cross_q                                                       |                                       t06_sg_mult_u37_u16_HD2996 |          0 |          0 |       0 |     0 |     17 |      0 |      0 |    0 |          2 |
|                 u_ratio                                                         |                                        t06_sg_div_u53_u37_HD3990 |       2303 |       2155 |       0 |   148 |   7060 |      0 |      0 |    0 |          0 |
|               g_lane[3].u_lane                                                  |                                 sfo_initial_shared_gain_s16_lane |       2854 |       2706 |       0 |   148 |   7457 |      0 |      0 |    0 |          4 |
|                 (g_lane[3].u_lane)                                              |                                 sfo_initial_shared_gain_s16_lane |        552 |        552 |       0 |     0 |    363 |      0 |      0 |    0 |          0 |
|                 u_cross_i                                                       |                                              t06_sg_mult_u37_u16 |          0 |          0 |       0 |     0 |     17 |      0 |      0 |    0 |          2 |
|                 u_cross_q                                                       |                                       t06_sg_mult_u37_u16_HD2966 |          0 |          0 |       0 |     0 |     17 |      0 |      0 |    0 |          2 |
|                 u_ratio                                                         |                                               t06_sg_div_u53_u37 |       2302 |       2154 |       0 |   148 |   7060 |      0 |      0 |    0 |          0 |
|             u_raw_fifo                                                          |                                    xpm_fifo_sync__parameterized4 |         27 |         27 |       0 |     0 |     33 |      2 |      1 |    0 |          0 |
|               xpm_fifo_base_inst                                                |                                    xpm_fifo_base__parameterized4 |         27 |         27 |       0 |     0 |     33 |      2 |      1 |    0 |          0 |
|                 (xpm_fifo_base_inst)                                            |                                    xpm_fifo_base__parameterized4 |         14 |         14 |       0 |     0 |      7 |      0 |      0 |    0 |          0 |
|                 gen_sdpram.xpm_memory_base_inst                                 |                                 xpm_memory_base__parameterized13 |          0 |          0 |       0 |     0 |      0 |      2 |      1 |    0 |          0 |
|                 rdp_inst                                                        |                              xpm_counter_updn__parameterized3__7 |          3 |          3 |       0 |     0 |      5 |      0 |      0 |    0 |          0 |
|                 rdpp1_inst                                                      |                              xpm_counter_updn__parameterized4__7 |          3 |          3 |       0 |     0 |      5 |      0 |      0 |    0 |          0 |
|                 rst_d1_inst                                                     |                                             xpm_fifo_reg_bit__17 |          0 |          0 |       0 |     0 |      1 |      0 |      0 |    0 |          0 |
|                 wrp_inst                                                        |                              xpm_counter_updn__parameterized3__6 |          3 |          3 |       0 |     0 |      5 |      0 |      0 |    0 |          0 |
|                 wrpp1_inst                                                      |                              xpm_counter_updn__parameterized4__6 |          3 |          3 |       0 |     0 |      5 |      0 |      0 |    0 |          0 |
|                 xpm_fifo_rst_inst                                               |                                  xpm_fifo_rst__parameterized0__2 |          1 |          1 |       0 |     0 |      5 |      0 |      0 |    0 |          0 |
|             u_rotate                                                            |                                  sfo_initial_derotate_wide_4lane |        415 |        398 |       0 |    17 |     81 |      5 |      0 |    0 |         16 |
|               (u_rotate)                                                        |                                  sfo_initial_derotate_wide_4lane |        385 |        372 |       0 |    13 |     40 |      0 |      0 |    0 |          0 |
|               g_lane[0].u_rotate                                                |                                      t05_cmpy_rotate_18x18_HD353 |          1 |          0 |       0 |     1 |      2 |      0 |      0 |    0 |          4 |
|                 U0                                                              |                         t05_cmpy_rotate_18x18_cmpy_v6_0_20_HD354 |          1 |          0 |       0 |     1 |      2 |      0 |      0 |    0 |          4 |
|               g_lane[1].u_rotate                                                |                                      t05_cmpy_rotate_18x18_HD360 |          1 |          0 |       0 |     1 |      2 |      0 |      0 |    0 |          4 |
|                 U0                                                              |                         t05_cmpy_rotate_18x18_cmpy_v6_0_20_HD361 |          1 |          0 |       0 |     1 |      2 |      0 |      0 |    0 |          4 |
|               g_lane[2].u_rotate                                                |                                      t05_cmpy_rotate_18x18_HD367 |          1 |          0 |       0 |     1 |      2 |      0 |      0 |    0 |          4 |
|                 U0                                                              |                         t05_cmpy_rotate_18x18_cmpy_v6_0_20_HD368 |          1 |          0 |       0 |     1 |      2 |      0 |      0 |    0 |          4 |
|               g_lane[3].u_rotate                                                |                                      t05_cmpy_rotate_18x18_HD374 |          1 |          0 |       0 |     1 |      2 |      0 |      0 |    0 |          4 |
|                 U0                                                              |                         t05_cmpy_rotate_18x18_cmpy_v6_0_20_HD375 |          1 |          0 |       0 |     1 |      2 |      0 |      0 |    0 |          4 |
|               u_result_fifo                                                     |                                    xpm_fifo_sync__parameterized3 |         26 |         26 |       0 |     0 |     33 |      5 |      0 |    0 |          0 |
|                 xpm_fifo_base_inst                                              |                                    xpm_fifo_base__parameterized3 |         26 |         26 |       0 |     0 |     33 |      5 |      0 |    0 |          0 |
|           phase_conversion                                                      |                                          sfo_cfo_phase_increment |        180 |        180 |       0 |     0 |     50 |      0 |      0 |    0 |          0 |
|           phase_multiplier                                                      |                                     sfo_cfo_scale_vendor_adapter |         18 |          0 |       0 |    18 |     67 |      0 |      0 |    0 |          3 |
|             (phase_multiplier)                                                  |                                     sfo_cfo_scale_vendor_adapter |          0 |          0 |       0 |     0 |      6 |      0 |      0 |    0 |          0 |
|             u_mult                                                              |                            t05_mult_cfo_s19_const40_full59_HD382 |         18 |          0 |       0 |    18 |     61 |      0 |      0 |    0 |          3 |
|               U0                                                                |          t05_mult_cfo_s19_const40_full59_mult_gen_v12_0_17_HD383 |         18 |          0 |       0 |    18 |     61 |      0 |      0 |    0 |          3 |
|                 i_mult                                                          |      t05_mult_cfo_s19_const40_full59_mult_gen_v12_0_17_viv_HD384 |         18 |          0 |       0 |    18 |     61 |      0 |      0 |    0 |          3 |
|           sequencer                                                             |                               sfo_initial_ps3_ps10_job_sequencer |        267 |        267 |       0 |     0 |    256 |      0 |      0 |    0 |          0 |
|     residual_estimator                                                          |                                          sfo_residual_estimator4 |      15547 |      13756 |      31 |  1760 |  19299 |     32 |     83 |    0 |         51 |
|       (residual_estimator)                                                      |                                          sfo_residual_estimator4 |        515 |        515 |       0 |     0 |    423 |      0 |      0 |    0 |          0 |
|       aux_service                                                               |                                       sfo_residual_ifft_service4 |       5013 |       3925 |      31 |  1057 |   8500 |      8 |     64 |    0 |         18 |
|         (aux_service)                                                           |                                       sfo_residual_ifft_service4 |         18 |         18 |       0 |     0 |     21 |      0 |      0 |    0 |          0 |
|         reset_sync500                                                           |                                             xpm_cdc_sync_rst__34 |          0 |          0 |       0 |     0 |      4 |      0 |      0 |    0 |          0 |
|         u_egress_fifo                                                           |                                   xpm_fifo_async__parameterized1 |        128 |        128 |       0 |     0 |    164 |      4 |      0 |    0 |          0 |
|           gnuram_async_fifo.xpm_fifo_base_inst                                  |                                   xpm_fifo_base__parameterized14 |        128 |        128 |       0 |     0 |    164 |      4 |      0 |    0 |          0 |
|             (gnuram_async_fifo.xpm_fifo_base_inst)                              |                                   xpm_fifo_base__parameterized14 |         26 |         26 |       0 |     0 |      8 |      0 |      0 |    0 |          0 |
|             gen_cdc_pntr.rd_pntr_cdc_inst                                       |                                  xpm_cdc_gray__parameterized7__8 |         14 |         14 |       0 |     0 |     30 |      0 |      0 |    0 |          0 |
|             gen_cdc_pntr.rpw_gray_reg                                           |                              xpm_fifo_reg_vec__parameterized5__2 |          0 |          0 |       0 |     0 |     10 |      0 |      0 |    0 |          0 |
|             gen_cdc_pntr.wpr_gray_reg                                           |                              xpm_fifo_reg_vec__parameterized3__2 |          0 |          0 |       0 |     0 |     10 |      0 |      0 |    0 |          0 |
|             gen_cdc_pntr.wr_pntr_cdc_inst                                       |                                  xpm_cdc_gray__parameterized5__4 |         13 |         13 |       0 |     0 |     30 |      0 |      0 |    0 |          0 |
|             gen_sdpram.xpm_memory_base_inst                                     |                              xpm_memory_base__parameterized24__2 |          0 |          0 |       0 |     0 |      0 |      4 |      0 |    0 |          0 |
|             rdp_inst                                                            |                             xpm_counter_updn__parameterized12__3 |         12 |         12 |       0 |     0 |     11 |      0 |      0 |    0 |          0 |
|             rdpp1_inst                                                          |                             xpm_counter_updn__parameterized13__3 |         11 |         11 |       0 |     0 |     10 |      0 |      0 |    0 |          0 |
|             rst_d1_inst                                                         |                                             xpm_fifo_reg_bit__92 |          0 |          0 |       0 |     0 |      1 |      0 |      0 |    0 |          0 |
|             wrp_inst                                                            |                             xpm_counter_updn__parameterized20__2 |         14 |         14 |       0 |     0 |     13 |      0 |      0 |    0 |          0 |
|             wrpp1_inst                                                          |                             xpm_counter_updn__parameterized21__2 |         12 |         12 |       0 |     0 |     12 |      0 |      0 |    0 |          0 |
|             wrpp2_inst                                                          |                             xpm_counter_updn__parameterized22__2 |         13 |         13 |       0 |     0 |     12 |      0 |      0 |    0 |          0 |
|             xpm_fifo_rst_inst                                                   |                                     xpm_fifo_rst__parameterized1 |         15 |         15 |       0 |     0 |     17 |      0 |      0 |    0 |          0 |
|               (xpm_fifo_rst_inst)                                               |                                     xpm_fifo_rst__parameterized1 |         15 |         15 |       0 |     0 |     13 |      0 |      0 |    0 |          0 |
|               gen_rst_ic.rrst_wr_inst                                           |                             xpm_cdc_sync_rst__parameterized0__51 |          0 |          0 |       0 |     0 |      2 |      0 |      0 |    0 |          0 |
|               gen_rst_ic.wrst_rd_inst                                           |                             xpm_cdc_sync_rst__parameterized0__50 |          0 |          0 |       0 |     0 |      2 |      0 |      0 |    0 |          0 |
|         u_ingress_fifo                                                          |                                                   xpm_fifo_async |        102 |        102 |       0 |     0 |    176 |      2 |      0 |    0 |          0 |
|           gnuram_async_fifo.xpm_fifo_base_inst                                  |                                   xpm_fifo_base__parameterized12 |        102 |        102 |       0 |     0 |    176 |      2 |      0 |    0 |          0 |
|             (gnuram_async_fifo.xpm_fifo_base_inst)                              |                                   xpm_fifo_base__parameterized12 |         33 |         33 |       0 |     0 |     12 |      0 |      0 |    0 |          0 |
|             gen_cdc_pntr.rd_pntr_cdc_inst                                       |                                  xpm_cdc_gray__parameterized1__8 |          8 |          8 |       0 |     0 |     18 |      0 |      0 |    0 |          0 |
|             gen_cdc_pntr.rpw_gray_reg                                           |                              xpm_fifo_reg_vec__parameterized1__5 |          0 |          0 |       0 |     0 |      6 |      0 |      0 |    0 |          0 |
|             gen_cdc_pntr.wpr_gray_reg                                           |                                              xpm_fifo_reg_vec__6 |          0 |          0 |       0 |     0 |      6 |      0 |      0 |    0 |          0 |
|             gen_cdc_pntr.wpr_gray_reg_dc                                        |                              xpm_fifo_reg_vec__parameterized0__5 |          0 |          0 |       0 |     0 |      7 |      0 |      0 |    0 |          0 |
|             gen_cdc_pntr.wr_pntr_cdc_dc_inst                                    |                                  xpm_cdc_gray__parameterized0__4 |         10 |         10 |       0 |     0 |     35 |      0 |      0 |    0 |          0 |
|             gen_cdc_pntr.wr_pntr_cdc_inst                                       |                                                 xpm_cdc_gray__17 |          8 |          8 |       0 |     0 |     18 |      0 |      0 |    0 |          0 |
|             gen_fwft.rdpp1_inst                                                 |                                             xpm_counter_updn__30 |          1 |          1 |       0 |     0 |      2 |      0 |      0 |    0 |          0 |
|             gen_sdpram.xpm_memory_base_inst                                     |                              xpm_memory_base__parameterized22__4 |          0 |          0 |       0 |     0 |     18 |      2 |      0 |    0 |          0 |
|             rdp_inst                                                            |                             xpm_counter_updn__parameterized17__5 |         10 |         10 |       0 |     0 |      9 |      0 |      0 |    0 |          0 |
|             rdpp1_inst                                                          |                             xpm_counter_updn__parameterized18__5 |          6 |          6 |       0 |     0 |      8 |      0 |      0 |    0 |          0 |
|             rst_d1_inst                                                         |                                             xpm_fifo_reg_bit__97 |          0 |          0 |       0 |     0 |      1 |      0 |      0 |    0 |          0 |
|             wrp_inst                                                            |                            xpm_counter_updn__parameterized14__10 |          5 |          5 |       0 |     0 |      7 |      0 |      0 |    0 |          0 |
|             wrpp1_inst                                                          |                            xpm_counter_updn__parameterized15__10 |          5 |          5 |       0 |     0 |      6 |      0 |      0 |    0 |          0 |
|             wrpp2_inst                                                          |                             xpm_counter_updn__parameterized16__9 |          4 |          4 |       0 |     0 |      6 |      0 |      0 |    0 |          0 |
|             xpm_fifo_rst_inst                                                   |                          xpm_fifo_rst__parameterized1__xdcDup__5 |         14 |         14 |       0 |     0 |     17 |      0 |      0 |    0 |          0 |
|               (xpm_fifo_rst_inst)                                               |                          xpm_fifo_rst__parameterized1__xdcDup__5 |         14 |         14 |       0 |     0 |     13 |      0 |      0 |    0 |          0 |
|               gen_rst_ic.rrst_wr_inst                                           |                             xpm_cdc_sync_rst__parameterized0__53 |          0 |          0 |       0 |     0 |      2 |      0 |      0 |    0 |          0 |
|               gen_rst_ic.wrst_rd_inst                                           |                             xpm_cdc_sync_rst__parameterized0__52 |          0 |          0 |       0 |     0 |      2 |      0 |      0 |    0 |          0 |
|         u_xfft                                                                  |                                               t03_xfft_16384_aux |       4765 |       3677 |      31 |  1057 |   8135 |      2 |     64 |    0 |         18 |
|           U0                                                                    |                                   t03_xfft_16384_aux_xfft_v9_1_6 |       4765 |       3677 |      31 |  1057 |   8135 |      2 |     64 |    0 |         18 |
|             i_synth                                                             |                               t03_xfft_16384_aux_xfft_v9_1_6_viv |       4765 |       3677 |      31 |  1057 |   8135 |      2 |     64 |    0 |         18 |
|               (i_synth)                                                         |                               t03_xfft_16384_aux_xfft_v9_1_6_viv |          0 |          0 |       0 |     0 |      0 |      2 |      2 |    0 |          0 |
|               axi_wrapper                                                       |                                   t03_xfft_16384_aux_axi_wrapper |         75 |         75 |       0 |     0 |    139 |      0 |      0 |    0 |          0 |
|                 (axi_wrapper)                                                   |                                   t03_xfft_16384_aux_axi_wrapper |         52 |         52 |       0 |     0 |     57 |      0 |      0 |    0 |          0 |
|                 config_channel_fifo                                             |                        t03_xfft_16384_aux_axi_wrapper_input_fifo |          9 |          9 |       0 |     0 |     11 |      0 |      0 |    0 |          0 |
|                 data_in_channel_fifo                                            |        t03_xfft_16384_aux_axi_wrapper_input_fifo__parameterized0 |          9 |          9 |       0 |     0 |     34 |      0 |      0 |    0 |          0 |
|                 data_out_channel                                                |       t03_xfft_16384_aux_axi_wrapper_output_fifo__parameterized0 |          6 |          6 |       0 |     0 |     35 |      0 |      0 |    0 |          0 |
|                 gen_status_channel.status_fifo                                  |                       t03_xfft_16384_aux_axi_wrapper_output_fifo |          1 |          1 |       0 |     0 |      2 |      0 |      0 |    0 |          0 |
|               xfft_inst                                                         |                              t03_xfft_16384_aux_xfft_v9_1_6_core |       4690 |       3602 |      31 |  1057 |   7996 |      0 |     62 |    0 |         18 |
|                 non_floating_point.arch_d.xfft_inst                             |                                 t03_xfft_16384_aux_xfft_v9_1_6_d |       4690 |       3602 |      31 |  1057 |   7996 |      0 |     62 |    0 |         18 |
|       backend                                                                   |                                      sfo_residual_delay_backend4 |       3303 |       3303 |       0 |     0 |   2853 |      0 |      4 |    0 |         13 |
|         (backend)                                                               |                                      sfo_residual_delay_backend4 |        147 |        147 |       0 |     0 |    149 |      0 |      0 |    0 |          0 |
|         interpolate                                                             |                                    sfo_residual_peak_interpolate |        662 |        662 |       0 |     0 |    635 |      0 |      0 |    0 |          2 |
|           (interpolate)                                                         |                                    sfo_residual_peak_interpolate |        438 |        438 |       0 |     0 |    314 |      0 |      0 |    0 |          2 |
|           divider                                                               |                                     sfo_residual_div_u80_u49_rne |        224 |        224 |       0 |     0 |    321 |      0 |      0 |    0 |          0 |
|         peak                                                                    |                                       sfo_residual_peak_triplet4 |        793 |        793 |       0 |     0 |    342 |      0 |      4 |    0 |          8 |
|           (peak)                                                                |                                       sfo_residual_peak_triplet4 |        793 |        793 |       0 |     0 |    256 |      0 |      4 |    0 |          0 |
|           power_unit                                                            |                                              sfo_residual_power4 |          0 |          0 |       0 |     0 |     86 |      0 |      0 |    0 |          8 |
|         regression                                                              |                                                sfo_residual_ls74 |       1703 |       1703 |       0 |     0 |   1727 |      0 |      0 |    0 |          3 |
|           (regression)                                                          |                                                sfo_residual_ls74 |       1496 |       1496 |       0 |     0 |   1396 |      0 |      0 |    0 |          3 |
|           divider                                                               |                                  sfo_residual_div_u80_u49_rne__1 |        207 |        207 |       0 |     0 |    331 |      0 |      0 |    0 |          0 |
|       front_stage                                                               |                                     sfo_residual_fft_grid_stage4 |       6587 |       5884 |       0 |   703 |   7335 |     20 |     15 |    0 |         20 |
|         (front_stage)                                                           |                                     sfo_residual_fft_grid_stage4 |        162 |        162 |       0 |     0 |    272 |      0 |      0 |    0 |          0 |
|         front                                                                   |                                        sfo_residual_pilot_front2 |        728 |        728 |       0 |     0 |    347 |     12 |      0 |    0 |          4 |
|           (front)                                                               |                                        sfo_residual_pilot_front2 |          1 |          1 |       0 |     0 |     51 |      0 |      0 |    0 |          0 |
|           rotator                                                               |                                       sfo_residual_pilot_rotate2 |        677 |        677 |       0 |     0 |    179 |      0 |      0 |    0 |          4 |
|           selector                                                              |                                 sfo_residual_pilot_select_phase4 |         50 |         50 |       0 |     0 |    117 |     12 |      0 |    0 |          0 |
|         grid                                                                    |                                         sfo_residual_pilot_grid4 |       2024 |       2024 |       0 |     0 |    298 |      0 |      4 |    0 |          0 |
|         main                                                                    |                                         sfo_residual_fft_window4 |       3674 |       2971 |       0 |   703 |   6418 |      8 |     11 |    0 |         16 |
|           (main)                                                                |                                         sfo_residual_fft_window4 |        143 |        143 |       0 |     0 |    305 |      0 |      0 |    0 |          0 |
|           reader                                                                |                              sfo_residual_nominal_window_reader4 |        255 |        255 |       0 |     0 |    168 |      2 |      0 |    0 |          1 |
|           service                                                               |                                        sfo_residual_fft_service4 |       3277 |       2574 |       0 |   703 |   5945 |      6 |     11 |    0 |         15 |
|             (service)                                                           |                                        sfo_residual_fft_service4 |         18 |         18 |       0 |     0 |     21 |      0 |      0 |    0 |          0 |
|             reset_sync500                                                       |                                             xpm_cdc_sync_rst__35 |          0 |          0 |       0 |     0 |      4 |      0 |      0 |    0 |          0 |
|             u_egress_fifo                                                       |                        xpm_fifo_async__parameterized1__xdcDup__1 |        130 |        130 |       0 |     0 |    164 |      4 |      0 |    0 |          0 |
|               gnuram_async_fifo.xpm_fifo_base_inst                              |                        xpm_fifo_base__parameterized14__xdcDup__1 |        130 |        130 |       0 |     0 |    164 |      4 |      0 |    0 |          0 |
|                 (gnuram_async_fifo.xpm_fifo_base_inst)                          |                        xpm_fifo_base__parameterized14__xdcDup__1 |         27 |         27 |       0 |     0 |      8 |      0 |      0 |    0 |          0 |
|                 gen_cdc_pntr.rd_pntr_cdc_inst                                   |                                  xpm_cdc_gray__parameterized7__9 |         14 |         14 |       0 |     0 |     30 |      0 |      0 |    0 |          0 |
|                 gen_cdc_pntr.rpw_gray_reg                                       |                              xpm_fifo_reg_vec__parameterized5__3 |          0 |          0 |       0 |     0 |     10 |      0 |      0 |    0 |          0 |
|                 gen_cdc_pntr.wpr_gray_reg                                       |                              xpm_fifo_reg_vec__parameterized3__3 |          0 |          0 |       0 |     0 |     10 |      0 |      0 |    0 |          0 |
|                 gen_cdc_pntr.wr_pntr_cdc_inst                                   |                                  xpm_cdc_gray__parameterized5__5 |         12 |         12 |       0 |     0 |     30 |      0 |      0 |    0 |          0 |
|                 gen_sdpram.xpm_memory_base_inst                                 |                                 xpm_memory_base__parameterized24 |          0 |          0 |       0 |     0 |      0 |      4 |      0 |    0 |          0 |
|                 rdp_inst                                                        |                             xpm_counter_updn__parameterized12__4 |         12 |         12 |       0 |     0 |     11 |      0 |      0 |    0 |          0 |
|                 rdpp1_inst                                                      |                             xpm_counter_updn__parameterized13__4 |         11 |         11 |       0 |     0 |     10 |      0 |      0 |    0 |          0 |
|                 rst_d1_inst                                                     |                                            xpm_fifo_reg_bit__102 |          0 |          0 |       0 |     0 |      1 |      0 |      0 |    0 |          0 |
|                 wrp_inst                                                        |                             xpm_counter_updn__parameterized20__3 |         14 |         14 |       0 |     0 |     13 |      0 |      0 |    0 |          0 |
|                 wrpp1_inst                                                      |                             xpm_counter_updn__parameterized21__3 |         13 |         13 |       0 |     0 |     12 |      0 |      0 |    0 |          0 |
|                 wrpp2_inst                                                      |                             xpm_counter_updn__parameterized22__3 |         13 |         13 |       0 |     0 |     12 |      0 |      0 |    0 |          0 |
|                 xpm_fifo_rst_inst                                               |                          xpm_fifo_rst__parameterized1__xdcDup__4 |         15 |         15 |       0 |     0 |     17 |      0 |      0 |    0 |          0 |
|             u_ingress_fifo                                                      |                                        xpm_fifo_async__xdcDup__2 |        102 |        102 |       0 |     0 |    176 |      2 |      0 |    0 |          0 |
|               gnuram_async_fifo.xpm_fifo_base_inst                              |                        xpm_fifo_base__parameterized12__xdcDup__2 |        102 |        102 |       0 |     0 |    176 |      2 |      0 |    0 |          0 |
|                 (gnuram_async_fifo.xpm_fifo_base_inst)                          |                        xpm_fifo_base__parameterized12__xdcDup__2 |         31 |         31 |       0 |     0 |     12 |      0 |      0 |    0 |          0 |
|                 gen_cdc_pntr.rd_pntr_cdc_inst                                   |                                  xpm_cdc_gray__parameterized1__9 |          8 |          8 |       0 |     0 |     18 |      0 |      0 |    0 |          0 |
|                 gen_cdc_pntr.rpw_gray_reg                                       |                              xpm_fifo_reg_vec__parameterized1__6 |          0 |          0 |       0 |     0 |      6 |      0 |      0 |    0 |          0 |
|                 gen_cdc_pntr.wpr_gray_reg                                       |                                              xpm_fifo_reg_vec__7 |          0 |          0 |       0 |     0 |      6 |      0 |      0 |    0 |          0 |
|                 gen_cdc_pntr.wpr_gray_reg_dc                                    |                                 xpm_fifo_reg_vec__parameterized0 |          0 |          0 |       0 |     0 |      7 |      0 |      0 |    0 |          0 |
|                 gen_cdc_pntr.wr_pntr_cdc_dc_inst                                |                                     xpm_cdc_gray__parameterized0 |         10 |         10 |       0 |     0 |     35 |      0 |      0 |    0 |          0 |
|                 gen_cdc_pntr.wr_pntr_cdc_inst                                   |                                                 xpm_cdc_gray__18 |          8 |          8 |       0 |     0 |     18 |      0 |      0 |    0 |          0 |
|                 gen_fwft.rdpp1_inst                                             |                                             xpm_counter_updn__32 |          1 |          1 |       0 |     0 |      2 |      0 |      0 |    0 |          0 |
|                 gen_sdpram.xpm_memory_base_inst                                 |                                 xpm_memory_base__parameterized22 |          0 |          0 |       0 |     0 |     18 |      2 |      0 |    0 |          0 |
|                 rdp_inst                                                        |                             xpm_counter_updn__parameterized17__6 |         10 |         10 |       0 |     0 |      9 |      0 |      0 |    0 |          0 |
|                 rdpp1_inst                                                      |                             xpm_counter_updn__parameterized18__6 |          6 |          6 |       0 |     0 |      8 |      0 |      0 |    0 |          0 |
|                 rst_d1_inst                                                     |                                            xpm_fifo_reg_bit__107 |          0 |          0 |       0 |     0 |      1 |      0 |      0 |    0 |          0 |
|                 wrp_inst                                                        |                            xpm_counter_updn__parameterized14__11 |          5 |          5 |       0 |     0 |      7 |      0 |      0 |    0 |          0 |
|                 wrpp1_inst                                                      |                            xpm_counter_updn__parameterized15__11 |          5 |          5 |       0 |     0 |      6 |      0 |      0 |    0 |          0 |
|                 wrpp2_inst                                                      |                            xpm_counter_updn__parameterized16__10 |          4 |          4 |       0 |     0 |      6 |      0 |      0 |    0 |          0 |
|                 xpm_fifo_rst_inst                                               |                          xpm_fifo_rst__parameterized1__xdcDup__3 |         14 |         14 |       0 |     0 |     17 |      0 |      0 |    0 |          0 |
|             u_xfft                                                              |                                         t03_xfft_2048_main_HD516 |       3027 |       2324 |       0 |   703 |   5580 |      0 |     11 |    0 |         15 |
|               U0                                                                |                             t03_xfft_2048_main_xfft_v9_1_6_HD517 |       3027 |       2324 |       0 |   703 |   5580 |      0 |     11 |    0 |         15 |
|                 i_synth                                                         |                         t03_xfft_2048_main_xfft_v9_1_6_viv_HD518 |       3027 |       2324 |       0 |   703 |   5580 |      0 |     11 |    0 |         15 |
|       queue                                                                     |                                  sfo_residual_grid_packet_queue2 |        132 |        132 |       0 |     0 |    188 |      4 |      0 |    0 |          0 |
|     training_dispatch.dispatch                                                  |                                            ota_training_dispatch |        129 |        129 |       0 |     0 |    231 |      0 |      0 |    0 |          0 |
|     two_pass_transport                                                          |                                           sfo_two_pass_transport |     140167 |     125071 |    1172 | 13924 | 103194 |    279 |      6 |  520 |       1537 |
|       (two_pass_transport)                                                      |                                           sfo_two_pass_transport |        793 |        793 |       0 |     0 |    428 |      0 |      0 |    0 |          1 |
|       fault_125_to_150                                                          |                                xpm_cdc_single__parameterized1__8 |          0 |          0 |       0 |     0 |      2 |      0 |      0 |    0 |          0 |
|       fault_150_to_125                                                          |                                xpm_cdc_single__parameterized1__9 |          0 |          0 |       0 |     0 |      2 |      0 |      0 |    0 |          0 |
|       first_resampling                                                          |                                              sfo_first_resampler |      66757 |      59209 |     586 |  6962 |  48507 |      0 |      0 |    0 |        768 |
|         (first_resampling)                                                      |                                              sfo_first_resampler |         24 |         24 |       0 |     0 |      4 |      0 |      0 |    0 |          0 |
|         descriptor                                                              |                                        sfo_first_pass_descriptor |        683 |        683 |       0 |     0 |    690 |      0 |      0 |    0 |          0 |
|         engine                                                                  |                                        sfo_first_frame_scheduler |      66050 |      58502 |     586 |  6962 |  47813 |      0 |      0 |    0 |        768 |
|           (engine)                                                              |                                        sfo_first_frame_scheduler |        432 |        432 |       0 |     0 |    432 |      0 |      0 |    0 |          0 |
|           core                                                                  |                                      sfo_guarded_resampling_core |      65575 |      58027 |     586 |  6962 |  47121 |      0 |      0 |    0 |        768 |
|             (core)                                                              |                                      sfo_guarded_resampling_core |         38 |         38 |       0 |     0 |     33 |      0 |      0 |    0 |          0 |
|             fir15_decimator                                                     |                                        sfo_fir_down15__xdcDup__1 |       1431 |        261 |       0 |  1170 |   7497 |      0 |      0 |    0 |        128 |
|               (fir15_decimator)                                                 |                                        sfo_fir_down15__xdcDup__1 |        180 |        180 |       0 |     0 |    289 |      0 |      0 |    0 |          0 |
|               i_core                                                            |                                                    t07_g3_down15 |        626 |         41 |       0 |   585 |   3604 |      0 |      0 |    0 |         64 |
|                 U0                                                              |                               t07_g3_down15_fir_compiler_v7_2_16 |        626 |         41 |       0 |   585 |   3604 |      0 |      0 |    0 |         64 |
|               q_core                                                            |                                             t07_g3_down15_HD4486 |        627 |         42 |       0 |   585 |   3604 |      0 |      0 |    0 |         64 |
|                 U0                                                              |                        t07_g3_down15_fir_compiler_v7_2_16_HD4487 |        627 |         42 |       0 |   585 |   3604 |      0 |      0 |    0 |         64 |
|             fir15_interpolator                                                  |                                          sfo_fir_up15__xdcDup__1 |       1231 |        445 |       0 |   786 |   3497 |      0 |      0 |    0 |        128 |
|               (fir15_interpolator)                                              |                                          sfo_fir_up15__xdcDup__1 |        355 |        355 |       0 |     0 |    513 |      0 |      0 |    0 |          0 |
|               i_core                                                            |                                                      t07_g3_up15 |        439 |         46 |       0 |   393 |   1492 |      0 |      0 |    0 |         64 |
|                 U0                                                              |                                 t07_g3_up15_fir_compiler_v7_2_16 |        439 |         46 |       0 |   393 |   1492 |      0 |      0 |    0 |         64 |
|               q_core                                                            |                                               t07_g3_up15_HD5431 |        439 |         46 |       0 |   393 |   1492 |      0 |      0 |    0 |         64 |
|                 U0                                                              |                          t07_g3_up15_fir_compiler_v7_2_16_HD5432 |        439 |         46 |       0 |   393 |   1492 |      0 |      0 |    0 |         64 |
|             fir47_decimator                                                     |                                        sfo_fir_down47__xdcDup__1 |       1910 |        202 |       0 |  1708 |  11261 |      0 |      0 |    0 |        192 |
|               (fir47_decimator)                                                 |                                        sfo_fir_down47__xdcDup__1 |         93 |         93 |       0 |     0 |    161 |      0 |      0 |    0 |          0 |
|               i_core                                                            |                                                    t07_g3_down47 |        909 |         55 |       0 |   854 |   5550 |      0 |      0 |    0 |         96 |
|                 U0                                                              |                               t07_g3_down47_fir_compiler_v7_2_16 |        909 |         55 |       0 |   854 |   5550 |      0 |      0 |    0 |         96 |
|               q_core                                                            |                                             t07_g3_down47_HD6037 |        909 |         55 |       0 |   854 |   5550 |      0 |      0 |    0 |         96 |
|                 U0                                                              |                        t07_g3_down47_fir_compiler_v7_2_16_HD6038 |        909 |         55 |       0 |   854 |   5550 |      0 |      0 |    0 |         96 |
|             fir47_interpolator                                                  |                                          sfo_fir_up47__xdcDup__1 |        701 |        283 |       0 |   418 |   4549 |      0 |      0 |    0 |        192 |
|               (fir47_interpolator)                                              |                                          sfo_fir_up47__xdcDup__1 |        195 |        195 |       0 |     0 |    257 |      0 |      0 |    0 |          0 |
|               i_core                                                            |                                                      t07_g3_up47 |        254 |         45 |       0 |   209 |   2146 |      0 |      0 |    0 |         96 |
|                 U0                                                              |                                 t07_g3_up47_fir_compiler_v7_2_16 |        254 |         45 |       0 |   209 |   2146 |      0 |      0 |    0 |         96 |
|               q_core                                                            |                                               t07_g3_up47_HD7666 |        253 |         44 |       0 |   209 |   2146 |      0 |      0 |    0 |         96 |
|                 U0                                                              |                          t07_g3_up47_fir_compiler_v7_2_16_HD7667 |        253 |         44 |       0 |   209 |   2146 |      0 |      0 |    0 |         96 |
|             stream                                                              |                                        sfo_guarded_farrow_stream |      60266 |      56800 |     586 |  2880 |  20284 |      0 |      0 |    0 |        128 |
|               (stream)                                                          |                                        sfo_guarded_farrow_stream |      39466 |      38880 |     586 |     0 |   2885 |      0 |      0 |    0 |          0 |
|               arithmetic                                                        |                                   sfo_farrow_parallel__xdcDup__1 |      20800 |      17920 |       0 |  2880 |  17399 |      0 |      0 |    0 |        128 |
|                 (arithmetic)                                                    |                                   sfo_farrow_parallel__xdcDup__1 |          0 |          0 |       0 |     0 |     23 |      0 |      0 |    0 |          0 |
|                 real_channel[0].u_real                                          |                                       sfo_farrow_real__xdcDup__1 |        650 |        560 |       0 |    90 |    543 |      0 |      0 |    0 |          4 |
|                 real_channel[10].u_real                                         |                                      sfo_farrow_real__xdcDup__11 |        650 |        560 |       0 |    90 |    543 |      0 |      0 |    0 |          4 |
|                 real_channel[11].u_real                                         |                                      sfo_farrow_real__xdcDup__12 |        650 |        560 |       0 |    90 |    543 |      0 |      0 |    0 |          4 |
|                 real_channel[12].u_real                                         |                                      sfo_farrow_real__xdcDup__13 |        650 |        560 |       0 |    90 |    543 |      0 |      0 |    0 |          4 |
|                 real_channel[13].u_real                                         |                                      sfo_farrow_real__xdcDup__14 |        650 |        560 |       0 |    90 |    543 |      0 |      0 |    0 |          4 |
|                 real_channel[14].u_real                                         |                                      sfo_farrow_real__xdcDup__15 |        650 |        560 |       0 |    90 |    543 |      0 |      0 |    0 |          4 |
|                 real_channel[15].u_real                                         |                                      sfo_farrow_real__xdcDup__16 |        650 |        560 |       0 |    90 |    543 |      0 |      0 |    0 |          4 |
|                 real_channel[16].u_real                                         |                                      sfo_farrow_real__xdcDup__17 |        650 |        560 |       0 |    90 |    543 |      0 |      0 |    0 |          4 |
|                 real_channel[17].u_real                                         |                                      sfo_farrow_real__xdcDup__18 |        650 |        560 |       0 |    90 |    543 |      0 |      0 |    0 |          4 |
|                 real_channel[18].u_real                                         |                                      sfo_farrow_real__xdcDup__19 |        650 |        560 |       0 |    90 |    543 |      0 |      0 |    0 |          4 |
|                 real_channel[19].u_real                                         |                                      sfo_farrow_real__xdcDup__20 |        650 |        560 |       0 |    90 |    543 |      0 |      0 |    0 |          4 |
|                 real_channel[1].u_real                                          |                                       sfo_farrow_real__xdcDup__2 |        650 |        560 |       0 |    90 |    543 |      0 |      0 |    0 |          4 |
|                 real_channel[20].u_real                                         |                                      sfo_farrow_real__xdcDup__21 |        650 |        560 |       0 |    90 |    543 |      0 |      0 |    0 |          4 |
|                 real_channel[21].u_real                                         |                                      sfo_farrow_real__xdcDup__22 |        650 |        560 |       0 |    90 |    543 |      0 |      0 |    0 |          4 |
|                 real_channel[22].u_real                                         |                                      sfo_farrow_real__xdcDup__23 |        650 |        560 |       0 |    90 |    543 |      0 |      0 |    0 |          4 |
|                 real_channel[23].u_real                                         |                                      sfo_farrow_real__xdcDup__24 |        650 |        560 |       0 |    90 |    543 |      0 |      0 |    0 |          4 |
|                 real_channel[24].u_real                                         |                                      sfo_farrow_real__xdcDup__25 |        650 |        560 |       0 |    90 |    543 |      0 |      0 |    0 |          4 |
|                 real_channel[25].u_real                                         |                                      sfo_farrow_real__xdcDup__26 |        650 |        560 |       0 |    90 |    543 |      0 |      0 |    0 |          4 |
|                 real_channel[26].u_real                                         |                                      sfo_farrow_real__xdcDup__27 |        650 |        560 |       0 |    90 |    543 |      0 |      0 |    0 |          4 |
|                 real_channel[27].u_real                                         |                                      sfo_farrow_real__xdcDup__28 |        650 |        560 |       0 |    90 |    543 |      0 |      0 |    0 |          4 |
|                 real_channel[28].u_real                                         |                                      sfo_farrow_real__xdcDup__29 |        650 |        560 |       0 |    90 |    543 |      0 |      0 |    0 |          4 |
|                 real_channel[29].u_real                                         |                                      sfo_farrow_real__xdcDup__30 |        650 |        560 |       0 |    90 |    543 |      0 |      0 |    0 |          4 |
|                 real_channel[2].u_real                                          |                                       sfo_farrow_real__xdcDup__3 |        650 |        560 |       0 |    90 |    543 |      0 |      0 |    0 |          4 |
|                 real_channel[30].u_real                                         |                                      sfo_farrow_real__xdcDup__31 |        650 |        560 |       0 |    90 |    543 |      0 |      0 |    0 |          4 |
|                 real_channel[31].u_real                                         |                                      sfo_farrow_real__xdcDup__32 |        650 |        560 |       0 |    90 |    543 |      0 |      0 |    0 |          4 |
|                 real_channel[3].u_real                                          |                                       sfo_farrow_real__xdcDup__4 |        650 |        560 |       0 |    90 |    543 |      0 |      0 |    0 |          4 |
|                 real_channel[4].u_real                                          |                                       sfo_farrow_real__xdcDup__5 |        650 |        560 |       0 |    90 |    543 |      0 |      0 |    0 |          4 |
|                 real_channel[5].u_real                                          |                                       sfo_farrow_real__xdcDup__6 |        650 |        560 |       0 |    90 |    543 |      0 |      0 |    0 |          4 |
|                 real_channel[6].u_real                                          |                                       sfo_farrow_real__xdcDup__7 |        650 |        560 |       0 |    90 |    543 |      0 |      0 |    0 |          4 |
|                 real_channel[7].u_real                                          |                                       sfo_farrow_real__xdcDup__8 |        650 |        560 |       0 |    90 |    543 |      0 |      0 |    0 |          4 |
|                 real_channel[8].u_real                                          |                                       sfo_farrow_real__xdcDup__9 |        650 |        560 |       0 |    90 |    543 |      0 |      0 |    0 |          4 |
|                 real_channel[9].u_real                                          |                                      sfo_farrow_real__xdcDup__10 |        650 |        560 |       0 |    90 |    543 |      0 |      0 |    0 |          4 |
|           pack                                                                  |                                                sfo_nominal_pack4 |         43 |         43 |       0 |     0 |    260 |      0 |      0 |    0 |          0 |
|       initial_context_cdc                                                       |                              sfo_record_cdc_fifo__parameterized5 |         65 |         65 |       0 |     0 |    107 |      3 |      1 |    0 |          0 |
|         (initial_context_cdc)                                                   |                              sfo_record_cdc_fifo__parameterized5 |          6 |          6 |       0 |     0 |      2 |      0 |      0 |    0 |          0 |
|         read_busy_to_write                                                      |                               xpm_cdc_single__parameterized0__44 |          0 |          0 |       0 |     0 |      3 |      0 |      0 |    0 |          0 |
|         read_reset_sync                                                         |                                             xpm_cdc_sync_rst__55 |          0 |          0 |       0 |     0 |      4 |      0 |      0 |    0 |          0 |
|         record_fifo                                                             |                                   xpm_fifo_async__parameterized8 |         59 |         59 |       0 |     0 |     91 |      3 |      1 |    0 |          0 |
|           gnuram_async_fifo.xpm_fifo_base_inst                                  |                                   xpm_fifo_base__parameterized25 |         59 |         59 |       0 |     0 |     91 |      3 |      1 |    0 |          0 |
|             (gnuram_async_fifo.xpm_fifo_base_inst)                              |                                   xpm_fifo_base__parameterized25 |         17 |         17 |       0 |     0 |      8 |      0 |      0 |    0 |          0 |
|             gen_cdc_pntr.rd_pntr_cdc_inst                                       |                                xpm_cdc_gray__parameterized10__36 |          6 |          6 |       0 |     0 |     15 |      0 |      0 |    0 |          0 |
|             gen_cdc_pntr.rpw_gray_reg                                           |                             xpm_fifo_reg_vec__parameterized7__15 |          0 |          0 |       0 |     0 |      5 |      0 |      0 |    0 |          0 |
|             gen_cdc_pntr.wpr_gray_reg                                           |                             xpm_fifo_reg_vec__parameterized7__14 |          0 |          0 |       0 |     0 |      5 |      0 |      0 |    0 |          0 |
|             gen_cdc_pntr.wr_pntr_cdc_inst                                       |                                xpm_cdc_gray__parameterized10__35 |          5 |          5 |       0 |     0 |     15 |      0 |      0 |    0 |          0 |
|             gen_sdpram.xpm_memory_base_inst                                     |                                 xpm_memory_base__parameterized36 |          1 |          1 |       0 |     0 |      0 |      3 |      1 |    0 |          0 |
|             rdp_inst                                                            |                             xpm_counter_updn__parameterized3__45 |          3 |          3 |       0 |     0 |      5 |      0 |      0 |    0 |          0 |
|             rdpp1_inst                                                          |                             xpm_counter_updn__parameterized4__45 |          3 |          3 |       0 |     0 |      5 |      0 |      0 |    0 |          0 |
|             rst_d1_inst                                                         |                                            xpm_fifo_reg_bit__202 |          0 |          0 |       0 |     0 |      1 |      0 |      0 |    0 |          0 |
|             wrp_inst                                                            |                             xpm_counter_updn__parameterized3__44 |          3 |          3 |       0 |     0 |      5 |      0 |      0 |    0 |          0 |
|             wrpp1_inst                                                          |                             xpm_counter_updn__parameterized4__44 |          3 |          3 |       0 |     0 |      5 |      0 |      0 |    0 |          0 |
|             wrpp2_inst                                                          |                             xpm_counter_updn__parameterized5__25 |          3 |          3 |       0 |     0 |      5 |      0 |      0 |    0 |          0 |
|             xpm_fifo_rst_inst                                                   |                          xpm_fifo_rst__parameterized2__xdcDup__7 |         15 |         15 |       0 |     0 |     17 |      0 |      0 |    0 |          0 |
|               (xpm_fifo_rst_inst)                                               |                          xpm_fifo_rst__parameterized2__xdcDup__7 |         15 |         15 |       0 |     0 |     13 |      0 |      0 |    0 |          0 |
|               gen_rst_ic.rrst_wr_inst                                           |                             xpm_cdc_sync_rst__parameterized0__77 |          0 |          0 |       0 |     0 |      2 |      0 |      0 |    0 |          0 |
|               gen_rst_ic.wrst_rd_inst                                           |                             xpm_cdc_sync_rst__parameterized0__76 |          0 |          0 |       0 |     0 |      2 |      0 |      0 |    0 |          0 |
|         write_busy_to_read                                                      |                               xpm_cdc_single__parameterized0__45 |          0 |          0 |       0 |     0 |      3 |      0 |      0 |    0 |          0 |
|         write_reset_sync                                                        |                                             xpm_cdc_sync_rst__54 |          0 |          0 |       0 |     0 |      4 |      0 |      0 |    0 |          0 |
|       intermediate[0].intermediate_bank                                         |                           sfo_intermediate_frame_bank__xdcDup__1 |       1102 |       1102 |       0 |     0 |    706 |      2 |      0 |  164 |          0 |
|         (intermediate[0].intermediate_bank)                                     |                           sfo_intermediate_frame_bank__xdcDup__1 |        400 |        400 |       0 |     0 |    516 |      0 |      0 |    0 |          0 |
|         memory                                                                  |                   sfo_uram_frame_bank__parameterized0__xdcDup__1 |        661 |        661 |       0 |     0 |    148 |      0 |      0 |  164 |          0 |
|           u_frame_memory                                                        |                            xpm_memory_sdpram__parameterized10__4 |        661 |        661 |       0 |     0 |    148 |      0 |      0 |  164 |          0 |
|             xpm_memory_base_inst                                                |                              xpm_memory_base__parameterized35__4 |        661 |        661 |       0 |     0 |    148 |      0 |      0 |  164 |          0 |
|         responses                                                               |                         sfo_sync_fifo__parameterized5__xdcDup__3 |         41 |         41 |       0 |     0 |     42 |      2 |      0 |    0 |          0 |
|           (responses)                                                           |                         sfo_sync_fifo__parameterized5__xdcDup__3 |          6 |          6 |       0 |     0 |      1 |      0 |      0 |    0 |          0 |
|           memory                                                                |                                xpm_fifo_sync__parameterized15__8 |         35 |         35 |       0 |     0 |     41 |      2 |      0 |    0 |          0 |
|             xpm_fifo_base_inst                                                  |                                xpm_fifo_base__parameterized24__8 |         35 |         35 |       0 |     0 |     41 |      2 |      0 |    0 |          0 |
|               (xpm_fifo_base_inst)                                              |                                xpm_fifo_base__parameterized24__8 |         16 |         16 |       0 |     0 |      8 |      0 |      0 |    0 |          0 |
|               gen_sdpram.xpm_memory_base_inst                                   |                              xpm_memory_base__parameterized34__8 |          0 |          0 |       0 |     0 |      0 |      2 |      0 |    0 |          0 |
|               rdp_inst                                                          |                            xpm_counter_updn__parameterized14__17 |          4 |          4 |       0 |     0 |      6 |      0 |      0 |    0 |          0 |
|               rdpp1_inst                                                        |                            xpm_counter_updn__parameterized15__17 |          5 |          5 |       0 |     0 |      6 |      0 |      0 |    0 |          0 |
|               rst_d1_inst                                                       |                                            xpm_fifo_reg_bit__162 |          0 |          0 |       0 |     0 |      1 |      0 |      0 |    0 |          0 |
|               wrp_inst                                                          |                            xpm_counter_updn__parameterized14__16 |          4 |          4 |       0 |     0 |      6 |      0 |      0 |    0 |          0 |
|               wrpp1_inst                                                        |                            xpm_counter_updn__parameterized15__16 |          5 |          5 |       0 |     0 |      6 |      0 |      0 |    0 |          0 |
|               xpm_fifo_rst_inst                                                 |                                                 xpm_fifo_rst__14 |          1 |          1 |       0 |     0 |      8 |      0 |      0 |    0 |          0 |
|       intermediate[1].intermediate_bank                                         |                                      sfo_intermediate_frame_bank |       1087 |       1087 |       0 |     0 |    704 |      2 |      0 |  164 |          0 |
|         (intermediate[1].intermediate_bank)                                     |                                      sfo_intermediate_frame_bank |        386 |        386 |       0 |     0 |    515 |      0 |      0 |    0 |          0 |
|         memory                                                                  |                   sfo_uram_frame_bank__parameterized0__xdcDup__2 |        661 |        661 |       0 |     0 |    148 |      0 |      0 |  164 |          0 |
|           u_frame_memory                                                        |                            xpm_memory_sdpram__parameterized10__5 |        661 |        661 |       0 |     0 |    148 |      0 |      0 |  164 |          0 |
|             xpm_memory_base_inst                                                |                              xpm_memory_base__parameterized35__5 |        661 |        661 |       0 |     0 |    148 |      0 |      0 |  164 |          0 |
|         responses                                                               |                         sfo_sync_fifo__parameterized5__xdcDup__4 |         40 |         40 |       0 |     0 |     41 |      2 |      0 |    0 |          0 |
|           (responses)                                                           |                         sfo_sync_fifo__parameterized5__xdcDup__4 |          6 |          6 |       0 |     0 |      1 |      0 |      0 |    0 |          0 |
|           memory                                                                |                                xpm_fifo_sync__parameterized15__9 |         34 |         34 |       0 |     0 |     40 |      2 |      0 |    0 |          0 |
|             xpm_fifo_base_inst                                                  |                                xpm_fifo_base__parameterized24__9 |         34 |         34 |       0 |     0 |     40 |      2 |      0 |    0 |          0 |
|               (xpm_fifo_base_inst)                                              |                                xpm_fifo_base__parameterized24__9 |         15 |         15 |       0 |     0 |      8 |      0 |      0 |    0 |          0 |
|               gen_sdpram.xpm_memory_base_inst                                   |                              xpm_memory_base__parameterized34__9 |          0 |          0 |       0 |     0 |      0 |      2 |      0 |    0 |          0 |
|               rdp_inst                                                          |                            xpm_counter_updn__parameterized14__19 |          4 |          4 |       0 |     0 |      6 |      0 |      0 |    0 |          0 |
|               rdpp1_inst                                                        |                            xpm_counter_updn__parameterized15__19 |          5 |          5 |       0 |     0 |      6 |      0 |      0 |    0 |          0 |
|               rst_d1_inst                                                       |                                            xpm_fifo_reg_bit__167 |          0 |          0 |       0 |     0 |      1 |      0 |      0 |    0 |          0 |
|               wrp_inst                                                          |                            xpm_counter_updn__parameterized14__18 |          4 |          4 |       0 |     0 |      6 |      0 |      0 |    0 |          0 |
|               wrpp1_inst                                                        |                            xpm_counter_updn__parameterized15__18 |          5 |          5 |       0 |     0 |      6 |      0 |      0 |    0 |          0 |
|               xpm_fifo_rst_inst                                                 |                                                 xpm_fifo_rst__15 |          1 |          1 |       0 |     0 |      7 |      0 |      0 |    0 |          0 |
|       output_buffer                                                             |                                                sfo_output_buffer |        875 |        875 |       0 |     0 |    695 |    231 |      0 |    0 |          0 |
|         (output_buffer)                                                         |                                                sfo_output_buffer |        276 |        276 |       0 |     0 |    490 |      0 |      0 |    0 |          0 |
|         headers                                                                 |                                    sfo_sync_fifo__parameterized4 |         32 |         32 |       0 |     0 |     35 |      1 |      0 |    0 |          0 |
|           (headers)                                                             |                                    sfo_sync_fifo__parameterized4 |          5 |          5 |       0 |     0 |      1 |      0 |      0 |    0 |          0 |
|           memory                                                                |                                   xpm_fifo_sync__parameterized14 |         27 |         27 |       0 |     0 |     34 |      1 |      0 |    0 |          0 |
|             xpm_fifo_base_inst                                                  |                                   xpm_fifo_base__parameterized23 |         27 |         27 |       0 |     0 |     34 |      1 |      0 |    0 |          0 |
|               (xpm_fifo_base_inst)                                              |                                   xpm_fifo_base__parameterized23 |         14 |         14 |       0 |     0 |      8 |      0 |      0 |    0 |          0 |
|               gen_sdpram.xpm_memory_base_inst                                   |                                 xpm_memory_base__parameterized32 |          0 |          0 |       0 |     0 |      0 |      1 |      0 |    0 |          0 |
|               rdp_inst                                                          |                             xpm_counter_updn__parameterized3__37 |          3 |          3 |       0 |     0 |      5 |      0 |      0 |    0 |          0 |
|               rdpp1_inst                                                        |                             xpm_counter_updn__parameterized4__37 |          3 |          3 |       0 |     0 |      5 |      0 |      0 |    0 |          0 |
|               rst_d1_inst                                                       |                                            xpm_fifo_reg_bit__177 |          0 |          0 |       0 |     0 |      1 |      0 |      0 |    0 |          0 |
|               wrp_inst                                                          |                             xpm_counter_updn__parameterized3__36 |          3 |          3 |       0 |     0 |      5 |      0 |      0 |    0 |          0 |
|               wrpp1_inst                                                        |                             xpm_counter_updn__parameterized4__36 |          3 |          3 |       0 |     0 |      5 |      0 |      0 |    0 |          0 |
|               xpm_fifo_rst_inst                                                 |                                                 xpm_fifo_rst__17 |          1 |          1 |       0 |     0 |      5 |      0 |      0 |    0 |          0 |
|         responses                                                               |                         sfo_sync_fifo__parameterized5__xdcDup__5 |         37 |         37 |       0 |     0 |     39 |      2 |      0 |    0 |          0 |
|           (responses)                                                           |                         sfo_sync_fifo__parameterized5__xdcDup__5 |          4 |          4 |       0 |     0 |      1 |      0 |      0 |    0 |          0 |
|           memory                                                                |                               xpm_fifo_sync__parameterized15__10 |         33 |         33 |       0 |     0 |     38 |      2 |      0 |    0 |          0 |
|             xpm_fifo_base_inst                                                  |                               xpm_fifo_base__parameterized24__10 |         33 |         33 |       0 |     0 |     38 |      2 |      0 |    0 |          0 |
|               (xpm_fifo_base_inst)                                              |                               xpm_fifo_base__parameterized24__10 |         14 |         14 |       0 |     0 |      8 |      0 |      0 |    0 |          0 |
|               gen_sdpram.xpm_memory_base_inst                                   |                             xpm_memory_base__parameterized34__10 |          0 |          0 |       0 |     0 |      0 |      2 |      0 |    0 |          0 |
|               rdp_inst                                                          |                            xpm_counter_updn__parameterized14__21 |          4 |          4 |       0 |     0 |      6 |      0 |      0 |    0 |          0 |
|               rdpp1_inst                                                        |                            xpm_counter_updn__parameterized15__21 |          5 |          5 |       0 |     0 |      6 |      0 |      0 |    0 |          0 |
|               rst_d1_inst                                                       |                                            xpm_fifo_reg_bit__172 |          0 |          0 |       0 |     0 |      1 |      0 |      0 |    0 |          0 |
|               wrp_inst                                                          |                            xpm_counter_updn__parameterized14__20 |          4 |          4 |       0 |     0 |      6 |      0 |      0 |    0 |          0 |
|               wrpp1_inst                                                        |                            xpm_counter_updn__parameterized15__20 |          5 |          5 |       0 |     0 |      6 |      0 |      0 |    0 |          0 |
|               xpm_fifo_rst_inst                                                 |                                                 xpm_fifo_rst__16 |          1 |          1 |       0 |     0 |      5 |      0 |      0 |    0 |          0 |
|         storage                                                                 |                              sfo_uram_frame_bank__parameterized1 |        531 |        531 |       0 |     0 |    131 |    228 |      0 |    0 |          0 |
|           u_frame_memory                                                        |                               xpm_memory_sdpram__parameterized11 |        531 |        531 |       0 |     0 |    131 |    228 |      0 |    0 |          0 |
|             xpm_memory_base_inst                                                |                                 xpm_memory_base__parameterized41 |        531 |        531 |       0 |     0 |    131 |    228 |      0 |    0 |          0 |
|       progressive_cdc.progress                                                  |                                              sfo_record_cdc_fifo |         97 |         97 |       0 |     0 |    148 |      1 |      1 |    0 |          0 |
|         (progressive_cdc.progress)                                              |                                              sfo_record_cdc_fifo |          5 |          5 |       0 |     0 |      2 |      0 |      0 |    0 |          0 |
|         read_busy_to_write                                                      |                               xpm_cdc_single__parameterized0__46 |          0 |          0 |       0 |     0 |      3 |      0 |      0 |    0 |          0 |
|         read_reset_sync                                                         |                                             xpm_cdc_sync_rst__57 |          0 |          0 |       0 |     0 |      4 |      0 |      0 |    0 |          0 |
|         record_fifo                                                             |                                   xpm_fifo_async__parameterized2 |         92 |         92 |       0 |     0 |    132 |      1 |      1 |    0 |          0 |
|           gnuram_async_fifo.xpm_fifo_base_inst                                  |                                   xpm_fifo_base__parameterized15 |         92 |         92 |       0 |     0 |    132 |      1 |      1 |    0 |          0 |
|             (gnuram_async_fifo.xpm_fifo_base_inst)                              |                                   xpm_fifo_base__parameterized15 |         21 |         21 |       0 |     0 |      8 |      0 |      0 |    0 |          0 |
|             gen_cdc_pntr.rd_pntr_cdc_inst                                       |                                     xpm_cdc_gray__parameterized1 |          9 |          9 |       0 |     0 |     24 |      0 |      0 |    0 |          0 |
|             gen_cdc_pntr.rpw_gray_reg                                           |                                 xpm_fifo_reg_vec__parameterized1 |          0 |          0 |       0 |     0 |      8 |      0 |      0 |    0 |          0 |
|             gen_cdc_pntr.wpr_gray_reg                                           |                              xpm_fifo_reg_vec__parameterized1__7 |          0 |          0 |       0 |     0 |      8 |      0 |      0 |    0 |          0 |
|             gen_cdc_pntr.wr_pntr_cdc_inst                                       |                                 xpm_cdc_gray__parameterized1__10 |         10 |         10 |       0 |     0 |     24 |      0 |      0 |    0 |          0 |
|             gen_sdpram.xpm_memory_base_inst                                     |                                 xpm_memory_base__parameterized25 |          0 |          0 |       0 |     0 |      0 |      1 |      1 |    0 |          0 |
|             rdp_inst                                                            |                                xpm_counter_updn__parameterized17 |         10 |         10 |       0 |     0 |      9 |      0 |      0 |    0 |          0 |
|             rdpp1_inst                                                          |                                xpm_counter_updn__parameterized18 |          6 |          6 |       0 |     0 |      8 |      0 |      0 |    0 |          0 |
|             rst_d1_inst                                                         |                                            xpm_fifo_reg_bit__207 |          0 |          0 |       0 |     0 |      1 |      0 |      0 |    0 |          0 |
|             wrp_inst                                                            |                             xpm_counter_updn__parameterized17__7 |         10 |         10 |       0 |     0 |      9 |      0 |      0 |    0 |          0 |
|             wrpp1_inst                                                          |                             xpm_counter_updn__parameterized18__7 |          6 |          6 |       0 |     0 |      8 |      0 |      0 |    0 |          0 |
|             wrpp2_inst                                                          |                                xpm_counter_updn__parameterized19 |          6 |          6 |       0 |     0 |      8 |      0 |      0 |    0 |          0 |
|             xpm_fifo_rst_inst                                                   |                          xpm_fifo_rst__parameterized2__xdcDup__1 |         14 |         14 |       0 |     0 |     17 |      0 |      0 |    0 |          0 |
|               (xpm_fifo_rst_inst)                                               |                          xpm_fifo_rst__parameterized2__xdcDup__1 |         14 |         14 |       0 |     0 |     13 |      0 |      0 |    0 |          0 |
|               gen_rst_ic.rrst_wr_inst                                           |                             xpm_cdc_sync_rst__parameterized0__79 |          0 |          0 |       0 |     0 |      2 |      0 |      0 |    0 |          0 |
|               gen_rst_ic.wrst_rd_inst                                           |                             xpm_cdc_sync_rst__parameterized0__78 |          0 |          0 |       0 |     0 |      2 |      0 |      0 |    0 |          0 |
|         write_busy_to_read                                                      |                               xpm_cdc_single__parameterized0__47 |          0 |          0 |       0 |     0 |      3 |      0 |      0 |    0 |          0 |
|         write_reset_sync                                                        |                                             xpm_cdc_sync_rst__56 |          0 |          0 |       0 |     0 |      4 |      0 |      0 |    0 |          0 |
|       reset_125                                                                 |                                      sfo_domain_reset__xdcDup__5 |          5 |          5 |       0 |     0 |     19 |      0 |      0 |    0 |          0 |
|         (reset_125)                                                             |                                      sfo_domain_reset__xdcDup__5 |          5 |          5 |       0 |     0 |     15 |      0 |      0 |    0 |          0 |
|         sync_reset                                                              |                                            xpm_cdc_async_rst__12 |          0 |          0 |       0 |     0 |      4 |      0 |      0 |    0 |          0 |
|       reset_150                                                                 |                                      sfo_domain_reset__xdcDup__6 |          5 |          5 |       0 |     0 |     41 |      0 |      0 |    0 |          0 |
|         (reset_150)                                                             |                                      sfo_domain_reset__xdcDup__6 |          5 |          5 |       0 |     0 |     37 |      0 |      0 |    0 |          0 |
|         sync_reset                                                              |                                            xpm_cdc_async_rst__11 |          0 |          0 |       0 |     0 |      4 |      0 |      0 |    0 |          0 |
|       residual_config_cdc                                                       |                              sfo_record_cdc_fifo__parameterized6 |         62 |         62 |       0 |     0 |    107 |      3 |      1 |    0 |          0 |
|         (residual_config_cdc)                                                   |                              sfo_record_cdc_fifo__parameterized6 |          5 |          5 |       0 |     0 |      2 |      0 |      0 |    0 |          0 |
|         read_busy_to_write                                                      |                               xpm_cdc_single__parameterized0__42 |          0 |          0 |       0 |     0 |      3 |      0 |      0 |    0 |          0 |
|         read_reset_sync                                                         |                                             xpm_cdc_sync_rst__53 |          0 |          0 |       0 |     0 |      4 |      0 |      0 |    0 |          0 |
|         record_fifo                                                             |                                   xpm_fifo_async__parameterized9 |         57 |         57 |       0 |     0 |     91 |      3 |      1 |    0 |          0 |
|           gnuram_async_fifo.xpm_fifo_base_inst                                  |                                   xpm_fifo_base__parameterized26 |         57 |         57 |       0 |     0 |     91 |      3 |      1 |    0 |          0 |
|             (gnuram_async_fifo.xpm_fifo_base_inst)                              |                                   xpm_fifo_base__parameterized26 |         16 |         16 |       0 |     0 |      8 |      0 |      0 |    0 |          0 |
|             gen_cdc_pntr.rd_pntr_cdc_inst                                       |                                xpm_cdc_gray__parameterized10__34 |          6 |          6 |       0 |     0 |     15 |      0 |      0 |    0 |          0 |
|             gen_cdc_pntr.rpw_gray_reg                                           |                             xpm_fifo_reg_vec__parameterized7__13 |          0 |          0 |       0 |     0 |      5 |      0 |      0 |    0 |          0 |
|             gen_cdc_pntr.wpr_gray_reg                                           |                             xpm_fifo_reg_vec__parameterized7__12 |          0 |          0 |       0 |     0 |      5 |      0 |      0 |    0 |          0 |
|             gen_cdc_pntr.wr_pntr_cdc_inst                                       |                                xpm_cdc_gray__parameterized10__33 |          6 |          6 |       0 |     0 |     15 |      0 |      0 |    0 |          0 |
|             gen_sdpram.xpm_memory_base_inst                                     |                                 xpm_memory_base__parameterized37 |          0 |          0 |       0 |     0 |      0 |      3 |      1 |    0 |          0 |
|             rdp_inst                                                            |                             xpm_counter_updn__parameterized3__43 |          3 |          3 |       0 |     0 |      5 |      0 |      0 |    0 |          0 |
|             rdpp1_inst                                                          |                             xpm_counter_updn__parameterized4__43 |          3 |          3 |       0 |     0 |      5 |      0 |      0 |    0 |          0 |
|             rst_d1_inst                                                         |                                            xpm_fifo_reg_bit__197 |          0 |          0 |       0 |     0 |      1 |      0 |      0 |    0 |          0 |
|             wrp_inst                                                            |                             xpm_counter_updn__parameterized3__42 |          3 |          3 |       0 |     0 |      5 |      0 |      0 |    0 |          0 |
|             wrpp1_inst                                                          |                             xpm_counter_updn__parameterized4__42 |          3 |          3 |       0 |     0 |      5 |      0 |      0 |    0 |          0 |
|             wrpp2_inst                                                          |                             xpm_counter_updn__parameterized5__24 |          3 |          3 |       0 |     0 |      5 |      0 |      0 |    0 |          0 |
|             xpm_fifo_rst_inst                                                   |                          xpm_fifo_rst__parameterized2__xdcDup__8 |         14 |         14 |       0 |     0 |     17 |      0 |      0 |    0 |          0 |
|               (xpm_fifo_rst_inst)                                               |                          xpm_fifo_rst__parameterized2__xdcDup__8 |         14 |         14 |       0 |     0 |     13 |      0 |      0 |    0 |          0 |
|               gen_rst_ic.rrst_wr_inst                                           |                             xpm_cdc_sync_rst__parameterized0__75 |          0 |          0 |       0 |     0 |      2 |      0 |      0 |    0 |          0 |
|               gen_rst_ic.wrst_rd_inst                                           |                             xpm_cdc_sync_rst__parameterized0__74 |          0 |          0 |       0 |     0 |      2 |      0 |      0 |    0 |          0 |
|         write_busy_to_read                                                      |                               xpm_cdc_single__parameterized0__43 |          0 |          0 |       0 |     0 |      3 |      0 |      0 |    0 |          0 |
|         write_reset_sync                                                        |                                             xpm_cdc_sync_rst__52 |          0 |          0 |       0 |     0 |      4 |      0 |      0 |    0 |          0 |
|       residual_data_cdc                                                         |                              sfo_record_cdc_fifo__parameterized8 |        125 |        125 |       0 |     0 |    174 |      7 |      0 |    0 |          0 |
|         (residual_data_cdc)                                                     |                              sfo_record_cdc_fifo__parameterized8 |          5 |          5 |       0 |     0 |      2 |      0 |      0 |    0 |          0 |
|         read_busy_to_write                                                      |                               xpm_cdc_single__parameterized0__38 |          0 |          0 |       0 |     0 |      3 |      0 |      0 |    0 |          0 |
|         read_reset_sync                                                         |                                             xpm_cdc_sync_rst__49 |          0 |          0 |       0 |     0 |      4 |      0 |      0 |    0 |          0 |
|         record_fifo                                                             |                                  xpm_fifo_async__parameterized11 |        120 |        120 |       0 |     0 |    158 |      7 |      0 |    0 |          0 |
|           gnuram_async_fifo.xpm_fifo_base_inst                                  |                                   xpm_fifo_base__parameterized28 |        120 |        120 |       0 |     0 |    158 |      7 |      0 |    0 |          0 |
|             (gnuram_async_fifo.xpm_fifo_base_inst)                              |                                   xpm_fifo_base__parameterized28 |         24 |         24 |       0 |     0 |      8 |      0 |      0 |    0 |          0 |
|             gen_cdc_pntr.rd_pntr_cdc_inst                                       |                                     xpm_cdc_gray__parameterized7 |         13 |         13 |       0 |     0 |     30 |      0 |      0 |    0 |          0 |
|             gen_cdc_pntr.rpw_gray_reg                                           |                                 xpm_fifo_reg_vec__parameterized5 |          0 |          0 |       0 |     0 |     10 |      0 |      0 |    0 |          0 |
|             gen_cdc_pntr.wpr_gray_reg                                           |                              xpm_fifo_reg_vec__parameterized5__8 |          0 |          0 |       0 |     0 |     10 |      0 |      0 |    0 |          0 |
|             gen_cdc_pntr.wr_pntr_cdc_inst                                       |                                 xpm_cdc_gray__parameterized7__14 |         13 |         13 |       0 |     0 |     30 |      0 |      0 |    0 |          0 |
|             gen_sdpram.xpm_memory_base_inst                                     |                                 xpm_memory_base__parameterized39 |          0 |          0 |       0 |     0 |      0 |      7 |      0 |    0 |          0 |
|             rdp_inst                                                            |                                xpm_counter_updn__parameterized12 |         12 |         12 |       0 |     0 |     11 |      0 |      0 |    0 |          0 |
|             rdpp1_inst                                                          |                                xpm_counter_updn__parameterized13 |         11 |         11 |       0 |     0 |     10 |      0 |      0 |    0 |          0 |
|             rst_d1_inst                                                         |                                            xpm_fifo_reg_bit__187 |          0 |          0 |       0 |     0 |      1 |      0 |      0 |    0 |          0 |
|             wrp_inst                                                            |                             xpm_counter_updn__parameterized12__9 |         12 |         12 |       0 |     0 |     11 |      0 |      0 |    0 |          0 |
|             wrpp1_inst                                                          |                             xpm_counter_updn__parameterized13__9 |         11 |         11 |       0 |     0 |     10 |      0 |      0 |    0 |          0 |
|             wrpp2_inst                                                          |                                xpm_counter_updn__parameterized23 |         11 |         11 |       0 |     0 |     10 |      0 |      0 |    0 |          0 |
|             xpm_fifo_rst_inst                                                   |                         xpm_fifo_rst__parameterized2__xdcDup__10 |         15 |         15 |       0 |     0 |     17 |      0 |      0 |    0 |          0 |
|               (xpm_fifo_rst_inst)                                               |                         xpm_fifo_rst__parameterized2__xdcDup__10 |         15 |         15 |       0 |     0 |     13 |      0 |      0 |    0 |          0 |
|               gen_rst_ic.rrst_wr_inst                                           |                             xpm_cdc_sync_rst__parameterized0__71 |          0 |          0 |       0 |     0 |      2 |      0 |      0 |    0 |          0 |
|               gen_rst_ic.wrst_rd_inst                                           |                             xpm_cdc_sync_rst__parameterized0__70 |          0 |          0 |       0 |     0 |      2 |      0 |      0 |    0 |          0 |
|         write_busy_to_read                                                      |                               xpm_cdc_single__parameterized0__39 |          0 |          0 |       0 |     0 |      3 |      0 |      0 |    0 |          0 |
|         write_reset_sync                                                        |                                             xpm_cdc_sync_rst__48 |          0 |          0 |       0 |     0 |      4 |      0 |      0 |    0 |          0 |
|       residual_request_cdc                                                      |                              sfo_record_cdc_fifo__parameterized7 |         65 |         65 |       0 |     0 |    107 |      1 |      1 |    0 |          0 |
|         (residual_request_cdc)                                                  |                              sfo_record_cdc_fifo__parameterized7 |          6 |          6 |       0 |     0 |      2 |      0 |      0 |    0 |          0 |
|         read_busy_to_write                                                      |                               xpm_cdc_single__parameterized0__40 |          0 |          0 |       0 |     0 |      3 |      0 |      0 |    0 |          0 |
|         read_reset_sync                                                         |                                             xpm_cdc_sync_rst__51 |          0 |          0 |       0 |     0 |      4 |      0 |      0 |    0 |          0 |
|         record_fifo                                                             |                                  xpm_fifo_async__parameterized10 |         59 |         59 |       0 |     0 |     91 |      1 |      1 |    0 |          0 |
|           gnuram_async_fifo.xpm_fifo_base_inst                                  |                                   xpm_fifo_base__parameterized27 |         59 |         59 |       0 |     0 |     91 |      1 |      1 |    0 |          0 |
|             (gnuram_async_fifo.xpm_fifo_base_inst)                              |                                   xpm_fifo_base__parameterized27 |         17 |         17 |       0 |     0 |      8 |      0 |      0 |    0 |          0 |
|             gen_cdc_pntr.rd_pntr_cdc_inst                                       |                                xpm_cdc_gray__parameterized10__32 |          6 |          6 |       0 |     0 |     15 |      0 |      0 |    0 |          0 |
|             gen_cdc_pntr.rpw_gray_reg                                           |                             xpm_fifo_reg_vec__parameterized7__11 |          0 |          0 |       0 |     0 |      5 |      0 |      0 |    0 |          0 |
|             gen_cdc_pntr.wpr_gray_reg                                           |                             xpm_fifo_reg_vec__parameterized7__10 |          0 |          0 |       0 |     0 |      5 |      0 |      0 |    0 |          0 |
|             gen_cdc_pntr.wr_pntr_cdc_inst                                       |                                xpm_cdc_gray__parameterized10__31 |          5 |          5 |       0 |     0 |     15 |      0 |      0 |    0 |          0 |
|             gen_sdpram.xpm_memory_base_inst                                     |                                 xpm_memory_base__parameterized38 |          1 |          1 |       0 |     0 |      0 |      1 |      1 |    0 |          0 |
|             rdp_inst                                                            |                             xpm_counter_updn__parameterized3__41 |          3 |          3 |       0 |     0 |      5 |      0 |      0 |    0 |          0 |
|             rdpp1_inst                                                          |                             xpm_counter_updn__parameterized4__41 |          3 |          3 |       0 |     0 |      5 |      0 |      0 |    0 |          0 |
|             rst_d1_inst                                                         |                                            xpm_fifo_reg_bit__192 |          0 |          0 |       0 |     0 |      1 |      0 |      0 |    0 |          0 |
|             wrp_inst                                                            |                             xpm_counter_updn__parameterized3__40 |          3 |          3 |       0 |     0 |      5 |      0 |      0 |    0 |          0 |
|             wrpp1_inst                                                          |                             xpm_counter_updn__parameterized4__40 |          3 |          3 |       0 |     0 |      5 |      0 |      0 |    0 |          0 |
|             wrpp2_inst                                                          |                             xpm_counter_updn__parameterized5__23 |          3 |          3 |       0 |     0 |      5 |      0 |      0 |    0 |          0 |
|             xpm_fifo_rst_inst                                                   |                          xpm_fifo_rst__parameterized2__xdcDup__9 |         15 |         15 |       0 |     0 |     17 |      0 |      0 |    0 |          0 |
|               (xpm_fifo_rst_inst)                                               |                          xpm_fifo_rst__parameterized2__xdcDup__9 |         15 |         15 |       0 |     0 |     13 |      0 |      0 |    0 |          0 |
|               gen_rst_ic.rrst_wr_inst                                           |                             xpm_cdc_sync_rst__parameterized0__73 |          0 |          0 |       0 |     0 |      2 |      0 |      0 |    0 |          0 |
|               gen_rst_ic.wrst_rd_inst                                           |                             xpm_cdc_sync_rst__parameterized0__72 |          0 |          0 |       0 |     0 |      2 |      0 |      0 |    0 |          0 |
|         write_busy_to_read                                                      |                               xpm_cdc_single__parameterized0__41 |          0 |          0 |       0 |     0 |      3 |      0 |      0 |    0 |          0 |
|         write_reset_sync                                                        |                                             xpm_cdc_sync_rst__50 |          0 |          0 |       0 |     0 |      4 |      0 |      0 |    0 |          0 |
|       residual_result_cdc                                                       |                              sfo_record_cdc_fifo__parameterized9 |         62 |         62 |       0 |     0 |    107 |      2 |      1 |    0 |          0 |
|         (residual_result_cdc)                                                   |                              sfo_record_cdc_fifo__parameterized9 |          5 |          5 |       0 |     0 |      2 |      0 |      0 |    0 |          0 |
|         read_busy_to_write                                                      |                               xpm_cdc_single__parameterized0__36 |          0 |          0 |       0 |     0 |      3 |      0 |      0 |    0 |          0 |
|         read_reset_sync                                                         |                                             xpm_cdc_sync_rst__47 |          0 |          0 |       0 |     0 |      4 |      0 |      0 |    0 |          0 |
|         record_fifo                                                             |                                  xpm_fifo_async__parameterized12 |         57 |         57 |       0 |     0 |     91 |      2 |      1 |    0 |          0 |
|           gnuram_async_fifo.xpm_fifo_base_inst                                  |                                   xpm_fifo_base__parameterized29 |         57 |         57 |       0 |     0 |     91 |      2 |      1 |    0 |          0 |
|             (gnuram_async_fifo.xpm_fifo_base_inst)                              |                                   xpm_fifo_base__parameterized29 |         16 |         16 |       0 |     0 |      8 |      0 |      0 |    0 |          0 |
|             gen_cdc_pntr.rd_pntr_cdc_inst                                       |                                xpm_cdc_gray__parameterized10__30 |          6 |          6 |       0 |     0 |     15 |      0 |      0 |    0 |          0 |
|             gen_cdc_pntr.rpw_gray_reg                                           |                              xpm_fifo_reg_vec__parameterized7__9 |          0 |          0 |       0 |     0 |      5 |      0 |      0 |    0 |          0 |
|             gen_cdc_pntr.wpr_gray_reg                                           |                              xpm_fifo_reg_vec__parameterized7__8 |          0 |          0 |       0 |     0 |      5 |      0 |      0 |    0 |          0 |
|             gen_cdc_pntr.wr_pntr_cdc_inst                                       |                                xpm_cdc_gray__parameterized10__29 |          5 |          5 |       0 |     0 |     15 |      0 |      0 |    0 |          0 |
|             gen_sdpram.xpm_memory_base_inst                                     |                                 xpm_memory_base__parameterized40 |          0 |          0 |       0 |     0 |      0 |      2 |      1 |    0 |          0 |
|             rdp_inst                                                            |                             xpm_counter_updn__parameterized3__39 |          3 |          3 |       0 |     0 |      5 |      0 |      0 |    0 |          0 |
|             rdpp1_inst                                                          |                             xpm_counter_updn__parameterized4__39 |          3 |          3 |       0 |     0 |      5 |      0 |      0 |    0 |          0 |
|             rst_d1_inst                                                         |                                            xpm_fifo_reg_bit__182 |          0 |          0 |       0 |     0 |      1 |      0 |      0 |    0 |          0 |
|             wrp_inst                                                            |                             xpm_counter_updn__parameterized3__38 |          3 |          3 |       0 |     0 |      5 |      0 |      0 |    0 |          0 |
|             wrpp1_inst                                                          |                             xpm_counter_updn__parameterized4__38 |          3 |          3 |       0 |     0 |      5 |      0 |      0 |    0 |          0 |
|             wrpp2_inst                                                          |                             xpm_counter_updn__parameterized5__22 |          3 |          3 |       0 |     0 |      5 |      0 |      0 |    0 |          0 |
|             xpm_fifo_rst_inst                                                   |                         xpm_fifo_rst__parameterized2__xdcDup__11 |         15 |         15 |       0 |     0 |     17 |      0 |      0 |    0 |          0 |
|               (xpm_fifo_rst_inst)                                               |                         xpm_fifo_rst__parameterized2__xdcDup__11 |         15 |         15 |       0 |     0 |     13 |      0 |      0 |    0 |          0 |
|               gen_rst_ic.rrst_wr_inst                                           |                             xpm_cdc_sync_rst__parameterized0__69 |          0 |          0 |       0 |     0 |      2 |      0 |      0 |    0 |          0 |
|               gen_rst_ic.wrst_rd_inst                                           |                             xpm_cdc_sync_rst__parameterized0__68 |          0 |          0 |       0 |     0 |      2 |      0 |      0 |    0 |          0 |
|         write_busy_to_read                                                      |                               xpm_cdc_single__parameterized0__37 |          0 |          0 |       0 |     0 |      3 |      0 |      0 |    0 |          0 |
|         write_reset_sync                                                        |                                             xpm_cdc_sync_rst__46 |          0 |          0 |       0 |     0 |      4 |      0 |      0 |    0 |          0 |
|       second_resampling                                                         |                                             sfo_second_resampler |      65545 |      57997 |     586 |  6962 |  48373 |      0 |      0 |    0 |        768 |
|         (second_resampling)                                                     |                                             sfo_second_resampler |         25 |         25 |       0 |     0 |      4 |      0 |      0 |    0 |          0 |
|         descriptor                                                              |                                       sfo_second_pass_descriptor |        567 |        567 |       0 |     0 |    571 |      0 |      0 |    0 |          0 |
|         engine                                                                  |                        sfo_first_frame_scheduler__parameterized0 |      64953 |      57405 |     586 |  6962 |  47798 |      0 |      0 |    0 |        768 |
|           (engine)                                                              |                        sfo_first_frame_scheduler__parameterized0 |        431 |        431 |       0 |     0 |    429 |      0 |      0 |    0 |          0 |
|           core                                                                  |                      sfo_guarded_resampling_core__parameterized0 |      64483 |      56935 |     586 |  6962 |  47109 |      0 |      0 |    0 |        768 |
|             (core)                                                              |                      sfo_guarded_resampling_core__parameterized0 |         40 |         40 |       0 |     0 |     33 |      0 |      0 |    0 |          0 |
|             fir15_decimator                                                     |                                                   sfo_fir_down15 |       1434 |        264 |       0 |  1170 |   7497 |      0 |      0 |    0 |        128 |
|               (fir15_decimator)                                                 |                                                   sfo_fir_down15 |        180 |        180 |       0 |     0 |    289 |      0 |      0 |    0 |          0 |
|               i_core                                                            |                                             t07_g3_down15_HD4800 |        628 |         43 |       0 |   585 |   3604 |      0 |      0 |    0 |         64 |
|                 U0                                                              |                        t07_g3_down15_fir_compiler_v7_2_16_HD4801 |        628 |         43 |       0 |   585 |   3604 |      0 |      0 |    0 |         64 |
|               q_core                                                            |                                             t07_g3_down15_HD5114 |        627 |         42 |       0 |   585 |   3604 |      0 |      0 |    0 |         64 |
|                 U0                                                              |                        t07_g3_down15_fir_compiler_v7_2_16_HD5115 |        627 |         42 |       0 |   585 |   3604 |      0 |      0 |    0 |         64 |
|             fir15_interpolator                                                  |                                                     sfo_fir_up15 |       1236 |        450 |       0 |   786 |   3497 |      0 |      0 |    0 |        128 |
|               (fir15_interpolator)                                              |                                                     sfo_fir_up15 |        356 |        356 |       0 |     0 |    513 |      0 |      0 |    0 |          0 |
|               i_core                                                            |                                               t07_g3_up15_HD5632 |        440 |         47 |       0 |   393 |   1492 |      0 |      0 |    0 |         64 |
|                 U0                                                              |                          t07_g3_up15_fir_compiler_v7_2_16_HD5633 |        440 |         47 |       0 |   393 |   1492 |      0 |      0 |    0 |         64 |
|               q_core                                                            |                                               t07_g3_up15_HD5833 |        441 |         48 |       0 |   393 |   1492 |      0 |      0 |    0 |         64 |
|                 U0                                                              |                          t07_g3_up15_fir_compiler_v7_2_16_HD5834 |        441 |         48 |       0 |   393 |   1492 |      0 |      0 |    0 |         64 |
|             fir47_decimator                                                     |                                                   sfo_fir_down47 |       1903 |        195 |       0 |  1708 |  11259 |      0 |      0 |    0 |        192 |
|               (fir47_decimator)                                                 |                                                   sfo_fir_down47 |         92 |         92 |       0 |     0 |    161 |      0 |      0 |    0 |          0 |
|               i_core                                                            |                                             t07_g3_down47_HD6579 |        905 |         51 |       0 |   854 |   5549 |      0 |      0 |    0 |         96 |
|                 U0                                                              |                        t07_g3_down47_fir_compiler_v7_2_16_HD6580 |        905 |         51 |       0 |   854 |   5549 |      0 |      0 |    0 |         96 |
|               q_core                                                            |                                             t07_g3_down47_HD7121 |        907 |         53 |       0 |   854 |   5549 |      0 |      0 |    0 |         96 |
|                 U0                                                              |                        t07_g3_down47_fir_compiler_v7_2_16_HD7122 |        907 |         53 |       0 |   854 |   5549 |      0 |      0 |    0 |         96 |
|             fir47_interpolator                                                  |                                                     sfo_fir_up47 |        705 |        287 |       0 |   418 |   4549 |      0 |      0 |    0 |        192 |
|               (fir47_interpolator)                                              |                                                     sfo_fir_up47 |        195 |        195 |       0 |     0 |    257 |      0 |      0 |    0 |          0 |
|               i_core                                                            |                                               t07_g3_up47_HD8015 |        256 |         47 |       0 |   209 |   2146 |      0 |      0 |    0 |         96 |
|                 U0                                                              |                          t07_g3_up47_fir_compiler_v7_2_16_HD8016 |        256 |         47 |       0 |   209 |   2146 |      0 |      0 |    0 |         96 |
|               q_core                                                            |                                               t07_g3_up47_HD8364 |        255 |         46 |       0 |   209 |   2146 |      0 |      0 |    0 |         96 |
|                 U0                                                              |                          t07_g3_up47_fir_compiler_v7_2_16_HD8365 |        255 |         46 |       0 |   209 |   2146 |      0 |      0 |    0 |         96 |
|             stream                                                              |                        sfo_guarded_farrow_stream__parameterized0 |      59169 |      55703 |     586 |  2880 |  20274 |      0 |      0 |    0 |        128 |
|               (stream)                                                          |                        sfo_guarded_farrow_stream__parameterized0 |      38370 |      37784 |     586 |     0 |   2875 |      0 |      0 |    0 |          0 |
|               arithmetic                                                        |                                              sfo_farrow_parallel |      20800 |      17920 |       0 |  2880 |  17399 |      0 |      0 |    0 |        128 |
|                 (arithmetic)                                                    |                                              sfo_farrow_parallel |          0 |          0 |       0 |     0 |     23 |      0 |      0 |    0 |          0 |
|                 real_channel[0].u_real                                          |                                      sfo_farrow_real__xdcDup__33 |        650 |        560 |       0 |    90 |    543 |      0 |      0 |    0 |          4 |
|                 real_channel[10].u_real                                         |                                      sfo_farrow_real__xdcDup__43 |        650 |        560 |       0 |    90 |    543 |      0 |      0 |    0 |          4 |
|                 real_channel[11].u_real                                         |                                      sfo_farrow_real__xdcDup__44 |        650 |        560 |       0 |    90 |    543 |      0 |      0 |    0 |          4 |
|                 real_channel[12].u_real                                         |                                      sfo_farrow_real__xdcDup__45 |        650 |        560 |       0 |    90 |    543 |      0 |      0 |    0 |          4 |
|                 real_channel[13].u_real                                         |                                      sfo_farrow_real__xdcDup__46 |        650 |        560 |       0 |    90 |    543 |      0 |      0 |    0 |          4 |
|                 real_channel[14].u_real                                         |                                      sfo_farrow_real__xdcDup__47 |        650 |        560 |       0 |    90 |    543 |      0 |      0 |    0 |          4 |
|                 real_channel[15].u_real                                         |                                      sfo_farrow_real__xdcDup__48 |        650 |        560 |       0 |    90 |    543 |      0 |      0 |    0 |          4 |
|                 real_channel[16].u_real                                         |                                      sfo_farrow_real__xdcDup__49 |        650 |        560 |       0 |    90 |    543 |      0 |      0 |    0 |          4 |
|                 real_channel[17].u_real                                         |                                      sfo_farrow_real__xdcDup__50 |        650 |        560 |       0 |    90 |    543 |      0 |      0 |    0 |          4 |
|                 real_channel[18].u_real                                         |                                      sfo_farrow_real__xdcDup__51 |        650 |        560 |       0 |    90 |    543 |      0 |      0 |    0 |          4 |
|                 real_channel[19].u_real                                         |                                      sfo_farrow_real__xdcDup__52 |        650 |        560 |       0 |    90 |    543 |      0 |      0 |    0 |          4 |
|                 real_channel[1].u_real                                          |                                      sfo_farrow_real__xdcDup__34 |        650 |        560 |       0 |    90 |    543 |      0 |      0 |    0 |          4 |
|                 real_channel[20].u_real                                         |                                      sfo_farrow_real__xdcDup__53 |        650 |        560 |       0 |    90 |    543 |      0 |      0 |    0 |          4 |
|                 real_channel[21].u_real                                         |                                      sfo_farrow_real__xdcDup__54 |        650 |        560 |       0 |    90 |    543 |      0 |      0 |    0 |          4 |
|                 real_channel[22].u_real                                         |                                      sfo_farrow_real__xdcDup__55 |        650 |        560 |       0 |    90 |    543 |      0 |      0 |    0 |          4 |
|                 real_channel[23].u_real                                         |                                      sfo_farrow_real__xdcDup__56 |        650 |        560 |       0 |    90 |    543 |      0 |      0 |    0 |          4 |
|                 real_channel[24].u_real                                         |                                      sfo_farrow_real__xdcDup__57 |        650 |        560 |       0 |    90 |    543 |      0 |      0 |    0 |          4 |
|                 real_channel[25].u_real                                         |                                      sfo_farrow_real__xdcDup__58 |        650 |        560 |       0 |    90 |    543 |      0 |      0 |    0 |          4 |
|                 real_channel[26].u_real                                         |                                      sfo_farrow_real__xdcDup__59 |        650 |        560 |       0 |    90 |    543 |      0 |      0 |    0 |          4 |
|                 real_channel[27].u_real                                         |                                      sfo_farrow_real__xdcDup__60 |        650 |        560 |       0 |    90 |    543 |      0 |      0 |    0 |          4 |
|                 real_channel[28].u_real                                         |                                      sfo_farrow_real__xdcDup__61 |        650 |        560 |       0 |    90 |    543 |      0 |      0 |    0 |          4 |
|                 real_channel[29].u_real                                         |                                      sfo_farrow_real__xdcDup__62 |        650 |        560 |       0 |    90 |    543 |      0 |      0 |    0 |          4 |
|                 real_channel[2].u_real                                          |                                      sfo_farrow_real__xdcDup__35 |        650 |        560 |       0 |    90 |    543 |      0 |      0 |    0 |          4 |
|                 real_channel[30].u_real                                         |                                      sfo_farrow_real__xdcDup__63 |        650 |        560 |       0 |    90 |    543 |      0 |      0 |    0 |          4 |
|                 real_channel[31].u_real                                         |                                                  sfo_farrow_real |        650 |        560 |       0 |    90 |    543 |      0 |      0 |    0 |          4 |
|                 real_channel[3].u_real                                          |                                      sfo_farrow_real__xdcDup__36 |        650 |        560 |       0 |    90 |    543 |      0 |      0 |    0 |          4 |
|                 real_channel[4].u_real                                          |                                      sfo_farrow_real__xdcDup__37 |        650 |        560 |       0 |    90 |    543 |      0 |      0 |    0 |          4 |
|                 real_channel[5].u_real                                          |                                      sfo_farrow_real__xdcDup__38 |        650 |        560 |       0 |    90 |    543 |      0 |      0 |    0 |          4 |
|                 real_channel[6].u_real                                          |                                      sfo_farrow_real__xdcDup__39 |        650 |        560 |       0 |    90 |    543 |      0 |      0 |    0 |          4 |
|                 real_channel[7].u_real                                          |                                      sfo_farrow_real__xdcDup__40 |        650 |        560 |       0 |    90 |    543 |      0 |      0 |    0 |          4 |
|                 real_channel[8].u_real                                          |                                      sfo_farrow_real__xdcDup__41 |        650 |        560 |       0 |    90 |    543 |      0 |      0 |    0 |          4 |
|                 real_channel[9].u_real                                          |                                      sfo_farrow_real__xdcDup__42 |        650 |        560 |       0 |    90 |    543 |      0 |      0 |    0 |          4 |
|           pack                                                                  |                                sfo_nominal_pack4__parameterized0 |         40 |         40 |       0 |     0 |    260 |      0 |      0 |    0 |          0 |
|       shared_raw.hub                                                            |                                             ota_raw_training_hub |       3523 |       3523 |       0 |     0 |   2967 |     27 |      1 |  192 |          0 |
|         (shared_raw.hub)                                                        |                                             ota_raw_training_hub |        177 |        177 |       0 |     0 |    343 |      0 |      0 |    0 |          0 |
|         events_cdc                                                              |                              sfo_record_cdc_fifo__parameterized1 |         64 |         64 |       0 |     0 |    107 |      3 |      0 |    0 |          0 |
|           (events_cdc)                                                          |                              sfo_record_cdc_fifo__parameterized1 |          5 |          5 |       0 |     0 |      2 |      0 |      0 |    0 |          0 |
|           read_busy_to_write                                                    |                               xpm_cdc_single__parameterized0__32 |          0 |          0 |       0 |     0 |      3 |      0 |      0 |    0 |          0 |
|           read_reset_sync                                                       |                                             xpm_cdc_sync_rst__43 |          0 |          0 |       0 |     0 |      4 |      0 |      0 |    0 |          0 |
|           record_fifo                                                           |                                   xpm_fifo_async__parameterized4 |         59 |         59 |       0 |     0 |     91 |      3 |      0 |    0 |          0 |
|             gnuram_async_fifo.xpm_fifo_base_inst                                |                                   xpm_fifo_base__parameterized17 |         59 |         59 |       0 |     0 |     91 |      3 |      0 |    0 |          0 |
|               (gnuram_async_fifo.xpm_fifo_base_inst)                            |                                   xpm_fifo_base__parameterized17 |         17 |         17 |       0 |     0 |      8 |      0 |      0 |    0 |          0 |
|               gen_cdc_pntr.rd_pntr_cdc_inst                                     |                                xpm_cdc_gray__parameterized10__26 |          6 |          6 |       0 |     0 |     15 |      0 |      0 |    0 |          0 |
|               gen_cdc_pntr.rpw_gray_reg                                         |                              xpm_fifo_reg_vec__parameterized7__5 |          0 |          0 |       0 |     0 |      5 |      0 |      0 |    0 |          0 |
|               gen_cdc_pntr.wpr_gray_reg                                         |                              xpm_fifo_reg_vec__parameterized7__4 |          0 |          0 |       0 |     0 |      5 |      0 |      0 |    0 |          0 |
|               gen_cdc_pntr.wr_pntr_cdc_inst                                     |                                xpm_cdc_gray__parameterized10__25 |          5 |          5 |       0 |     0 |     15 |      0 |      0 |    0 |          0 |
|               gen_sdpram.xpm_memory_base_inst                                   |                                 xpm_memory_base__parameterized27 |          1 |          1 |       0 |     0 |      0 |      3 |      0 |    0 |          0 |
|               rdp_inst                                                          |                             xpm_counter_updn__parameterized3__27 |          3 |          3 |       0 |     0 |      5 |      0 |      0 |    0 |          0 |
|               rdpp1_inst                                                        |                             xpm_counter_updn__parameterized4__27 |          3 |          3 |       0 |     0 |      5 |      0 |      0 |    0 |          0 |
|               rst_d1_inst                                                       |                                            xpm_fifo_reg_bit__137 |          0 |          0 |       0 |     0 |      1 |      0 |      0 |    0 |          0 |
|               wrp_inst                                                          |                             xpm_counter_updn__parameterized3__26 |          3 |          3 |       0 |     0 |      5 |      0 |      0 |    0 |          0 |
|               wrpp1_inst                                                        |                             xpm_counter_updn__parameterized4__26 |          3 |          3 |       0 |     0 |      5 |      0 |      0 |    0 |          0 |
|               wrpp2_inst                                                        |                             xpm_counter_updn__parameterized5__16 |          3 |          3 |       0 |     0 |      5 |      0 |      0 |    0 |          0 |
|               xpm_fifo_rst_inst                                                 |                          xpm_fifo_rst__parameterized2__xdcDup__3 |         15 |         15 |       0 |     0 |     17 |      0 |      0 |    0 |          0 |
|                 (xpm_fifo_rst_inst)                                             |                          xpm_fifo_rst__parameterized2__xdcDup__3 |         15 |         15 |       0 |     0 |     13 |      0 |      0 |    0 |          0 |
|                 gen_rst_ic.rrst_wr_inst                                         |                             xpm_cdc_sync_rst__parameterized0__65 |          0 |          0 |       0 |     0 |      2 |      0 |      0 |    0 |          0 |
|                 gen_rst_ic.wrst_rd_inst                                         |                             xpm_cdc_sync_rst__parameterized0__64 |          0 |          0 |       0 |     0 |      2 |      0 |      0 |    0 |          0 |
|           write_busy_to_read                                                    |                               xpm_cdc_single__parameterized0__33 |          0 |          0 |       0 |     0 |      3 |      0 |      0 |    0 |          0 |
|           write_reset_sync                                                      |                                             xpm_cdc_sync_rst__42 |          0 |          0 |       0 |     0 |      4 |      0 |      0 |    0 |          0 |
|         fault_sync                                                              |                                               xpm_cdc_single__10 |          0 |          0 |       0 |     0 |      5 |      0 |      0 |    0 |          0 |
|         leases                                                                  |                                          ota_raw_lease_scheduler |        349 |        349 |       0 |     0 |    270 |      5 |      0 |    0 |          0 |
|           (leases)                                                              |                                          ota_raw_lease_scheduler |        288 |        288 |       0 |     0 |    200 |      0 |      0 |    0 |          0 |
|           frame_leases                                                          |                                    sfo_sync_fifo__parameterized2 |         30 |         30 |       0 |     0 |     35 |      2 |      0 |    0 |          0 |
|             (frame_leases)                                                      |                                    sfo_sync_fifo__parameterized2 |          4 |          4 |       0 |     0 |      1 |      0 |      0 |    0 |          0 |
|             memory                                                              |                                   xpm_fifo_sync__parameterized12 |         26 |         26 |       0 |     0 |     34 |      2 |      0 |    0 |          0 |
|               xpm_fifo_base_inst                                                |                                   xpm_fifo_base__parameterized21 |         26 |         26 |       0 |     0 |     34 |      2 |      0 |    0 |          0 |
|                 (xpm_fifo_base_inst)                                            |                                   xpm_fifo_base__parameterized21 |         13 |         13 |       0 |     0 |      8 |      0 |      0 |    0 |          0 |
|                 gen_sdpram.xpm_memory_base_inst                                 |                                 xpm_memory_base__parameterized31 |          0 |          0 |       0 |     0 |      0 |      2 |      0 |    0 |          0 |
|                 rdp_inst                                                        |                             xpm_counter_updn__parameterized3__33 |          3 |          3 |       0 |     0 |      5 |      0 |      0 |    0 |          0 |
|                 rdpp1_inst                                                      |                             xpm_counter_updn__parameterized4__33 |          3 |          3 |       0 |     0 |      5 |      0 |      0 |    0 |          0 |
|                 rst_d1_inst                                                     |                                            xpm_fifo_reg_bit__152 |          0 |          0 |       0 |     0 |      1 |      0 |      0 |    0 |          0 |
|                 wrp_inst                                                        |                             xpm_counter_updn__parameterized3__32 |          3 |          3 |       0 |     0 |      5 |      0 |      0 |    0 |          0 |
|                 wrpp1_inst                                                      |                             xpm_counter_updn__parameterized4__32 |          3 |          3 |       0 |     0 |      5 |      0 |      0 |    0 |          0 |
|                 xpm_fifo_rst_inst                                               |                                                 xpm_fifo_rst__12 |          1 |          1 |       0 |     0 |      5 |      0 |      0 |    0 |          0 |
|           training_jobs                                                         |                                    sfo_sync_fifo__parameterized3 |         31 |         31 |       0 |     0 |     35 |      3 |      0 |    0 |          0 |
|             (training_jobs)                                                     |                                    sfo_sync_fifo__parameterized3 |          4 |          4 |       0 |     0 |      1 |      0 |      0 |    0 |          0 |
|             memory                                                              |                                   xpm_fifo_sync__parameterized13 |         27 |         27 |       0 |     0 |     34 |      3 |      0 |    0 |          0 |
|               xpm_fifo_base_inst                                                |                                   xpm_fifo_base__parameterized22 |         27 |         27 |       0 |     0 |     34 |      3 |      0 |    0 |          0 |
|                 (xpm_fifo_base_inst)                                            |                                   xpm_fifo_base__parameterized22 |         13 |         13 |       0 |     0 |      8 |      0 |      0 |    0 |          0 |
|                 gen_sdpram.xpm_memory_base_inst                                 |                                 xpm_memory_base__parameterized21 |          1 |          1 |       0 |     0 |      0 |      3 |      0 |    0 |          0 |
|                 rdp_inst                                                        |                             xpm_counter_updn__parameterized3__31 |          3 |          3 |       0 |     0 |      5 |      0 |      0 |    0 |          0 |
|                 rdpp1_inst                                                      |                             xpm_counter_updn__parameterized4__31 |          3 |          3 |       0 |     0 |      5 |      0 |      0 |    0 |          0 |
|                 rst_d1_inst                                                     |                                            xpm_fifo_reg_bit__147 |          0 |          0 |       0 |     0 |      1 |      0 |      0 |    0 |          0 |
|                 wrp_inst                                                        |                             xpm_counter_updn__parameterized3__30 |          3 |          3 |       0 |     0 |      5 |      0 |      0 |    0 |          0 |
|                 wrpp1_inst                                                      |                             xpm_counter_updn__parameterized4__30 |          3 |          3 |       0 |     0 |      5 |      0 |      0 |    0 |          0 |
|                 xpm_fifo_rst_inst                                               |                                                 xpm_fifo_rst__11 |          1 |          1 |       0 |     0 |      5 |      0 |      0 |    0 |          0 |
|         local_fault_sync                                                        |                                                xpm_cdc_single__8 |          0 |          0 |       0 |     0 |      5 |      0 |      0 |    0 |          0 |
|         poison_sync                                                             |                                                xpm_cdc_single__9 |          0 |          0 |       0 |     0 |      5 |      0 |      0 |    0 |          0 |
|         raw_cdc                                                                 |                              sfo_record_cdc_fifo__parameterized0 |        126 |        126 |       0 |     0 |    174 |      4 |      0 |    0 |          0 |
|           (raw_cdc)                                                             |                              sfo_record_cdc_fifo__parameterized0 |          5 |          5 |       0 |     0 |      2 |      0 |      0 |    0 |          0 |
|           read_busy_to_write                                                    |                               xpm_cdc_single__parameterized0__30 |          0 |          0 |       0 |     0 |      3 |      0 |      0 |    0 |          0 |
|           read_reset_sync                                                       |                                             xpm_cdc_sync_rst__41 |          0 |          0 |       0 |     0 |      4 |      0 |      0 |    0 |          0 |
|           record_fifo                                                           |                                   xpm_fifo_async__parameterized3 |        121 |        121 |       0 |     0 |    158 |      4 |      0 |    0 |          0 |
|             gnuram_async_fifo.xpm_fifo_base_inst                                |                                   xpm_fifo_base__parameterized16 |        121 |        121 |       0 |     0 |    158 |      4 |      0 |    0 |          0 |
|               (gnuram_async_fifo.xpm_fifo_base_inst)                            |                                   xpm_fifo_base__parameterized16 |         23 |         23 |       0 |     0 |      8 |      0 |      0 |    0 |          0 |
|               gen_cdc_pntr.rd_pntr_cdc_inst                                     |                                 xpm_cdc_gray__parameterized7__13 |         14 |         14 |       0 |     0 |     30 |      0 |      0 |    0 |          0 |
|               gen_cdc_pntr.rpw_gray_reg                                         |                              xpm_fifo_reg_vec__parameterized5__7 |          0 |          0 |       0 |     0 |     10 |      0 |      0 |    0 |          0 |
|               gen_cdc_pntr.wpr_gray_reg                                         |                              xpm_fifo_reg_vec__parameterized5__6 |          0 |          0 |       0 |     0 |     10 |      0 |      0 |    0 |          0 |
|               gen_cdc_pntr.wr_pntr_cdc_inst                                     |                                 xpm_cdc_gray__parameterized7__12 |         13 |         13 |       0 |     0 |     30 |      0 |      0 |    0 |          0 |
|               gen_sdpram.xpm_memory_base_inst                                   |                                 xpm_memory_base__parameterized26 |          2 |          2 |       0 |     0 |      0 |      4 |      0 |    0 |          0 |
|               rdp_inst                                                          |                             xpm_counter_updn__parameterized12__8 |         12 |         12 |       0 |     0 |     11 |      0 |      0 |    0 |          0 |
|               rdpp1_inst                                                        |                             xpm_counter_updn__parameterized13__8 |         11 |         11 |       0 |     0 |     10 |      0 |      0 |    0 |          0 |
|               rst_d1_inst                                                       |                                            xpm_fifo_reg_bit__132 |          0 |          0 |       0 |     0 |      1 |      0 |      0 |    0 |          0 |
|               wrp_inst                                                          |                             xpm_counter_updn__parameterized12__7 |         12 |         12 |       0 |     0 |     11 |      0 |      0 |    0 |          0 |
|               wrpp1_inst                                                        |                             xpm_counter_updn__parameterized13__7 |         11 |         11 |       0 |     0 |     10 |      0 |      0 |    0 |          0 |
|               wrpp2_inst                                                        |                             xpm_counter_updn__parameterized23__2 |         11 |         11 |       0 |     0 |     10 |      0 |      0 |    0 |          0 |
|               xpm_fifo_rst_inst                                                 |                          xpm_fifo_rst__parameterized2__xdcDup__2 |         14 |         14 |       0 |     0 |     17 |      0 |      0 |    0 |          0 |
|                 (xpm_fifo_rst_inst)                                             |                          xpm_fifo_rst__parameterized2__xdcDup__2 |         14 |         14 |       0 |     0 |     13 |      0 |      0 |    0 |          0 |
|                 gen_rst_ic.rrst_wr_inst                                         |                             xpm_cdc_sync_rst__parameterized0__63 |          0 |          0 |       0 |     0 |      2 |      0 |      0 |    0 |          0 |
|                 gen_rst_ic.wrst_rd_inst                                         |                             xpm_cdc_sync_rst__parameterized0__62 |          0 |          0 |       0 |     0 |      2 |      0 |      0 |    0 |          0 |
|           write_busy_to_read                                                    |                               xpm_cdc_single__parameterized0__31 |          0 |          0 |       0 |     0 |      3 |      0 |      0 |    0 |          0 |
|           write_reset_sync                                                      |                                             xpm_cdc_sync_rst__40 |          0 |          0 |       0 |     0 |      4 |      0 |      0 |    0 |          0 |
|         raw_store                                                               |                                             ota_shared_raw_store |       2521 |       2521 |       0 |     0 |   1599 |      4 |      0 |  192 |          0 |
|           (raw_store)                                                           |                                             ota_shared_raw_store |       1659 |       1659 |       0 |     0 |   1372 |      0 |      0 |    0 |          0 |
|           frame_responses                                                       |                         sfo_sync_fifo__parameterized5__xdcDup__1 |         36 |         36 |       0 |     0 |     38 |      2 |      0 |    0 |          0 |
|             (frame_responses)                                                   |                         sfo_sync_fifo__parameterized5__xdcDup__1 |          4 |          4 |       0 |     0 |      1 |      0 |      0 |    0 |          0 |
|             memory                                                              |                                xpm_fifo_sync__parameterized15__7 |         32 |         32 |       0 |     0 |     37 |      2 |      0 |    0 |          0 |
|               xpm_fifo_base_inst                                                |                                xpm_fifo_base__parameterized24__7 |         32 |         32 |       0 |     0 |     37 |      2 |      0 |    0 |          0 |
|                 (xpm_fifo_base_inst)                                            |                                xpm_fifo_base__parameterized24__7 |         14 |         14 |       0 |     0 |      8 |      0 |      0 |    0 |          0 |
|                 gen_sdpram.xpm_memory_base_inst                                 |                              xpm_memory_base__parameterized34__7 |          0 |          0 |       0 |     0 |      0 |      2 |      0 |    0 |          0 |
|                 rdp_inst                                                        |                            xpm_counter_updn__parameterized14__15 |          4 |          4 |       0 |     0 |      6 |      0 |      0 |    0 |          0 |
|                 rdpp1_inst                                                      |                            xpm_counter_updn__parameterized15__15 |          4 |          4 |       0 |     0 |      6 |      0 |      0 |    0 |          0 |
|                 rst_d1_inst                                                     |                                            xpm_fifo_reg_bit__112 |          0 |          0 |       0 |     0 |      1 |      0 |      0 |    0 |          0 |
|                 wrp_inst                                                        |                            xpm_counter_updn__parameterized14__12 |          4 |          4 |       0 |     0 |      6 |      0 |      0 |    0 |          0 |
|                 wrpp1_inst                                                      |                            xpm_counter_updn__parameterized15__12 |          5 |          5 |       0 |     0 |      6 |      0 |      0 |    0 |          0 |
|                 xpm_fifo_rst_inst                                               |                                                 xpm_fifo_rst__10 |          1 |          1 |       0 |     0 |      4 |      0 |      0 |    0 |          0 |
|           memory                                                                |                                              sfo_uram_frame_bank |        788 |        788 |       0 |     0 |    150 |      0 |      0 |  192 |          0 |
|             u_frame_memory                                                      |                                xpm_memory_sdpram__parameterized9 |        788 |        788 |       0 |     0 |    150 |      0 |      0 |  192 |          0 |
|               xpm_memory_base_inst                                              |                                 xpm_memory_base__parameterized33 |        788 |        788 |       0 |     0 |    150 |      0 |      0 |  192 |          0 |
|           training_responses                                                    |                         sfo_sync_fifo__parameterized5__xdcDup__2 |         38 |         38 |       0 |     0 |     39 |      2 |      0 |    0 |          0 |
|             (training_responses)                                                |                         sfo_sync_fifo__parameterized5__xdcDup__2 |          4 |          4 |       0 |     0 |      1 |      0 |      0 |    0 |          0 |
|             memory                                                              |                                xpm_fifo_sync__parameterized15__6 |         34 |         34 |       0 |     0 |     38 |      2 |      0 |    0 |          0 |
|               xpm_fifo_base_inst                                                |                                xpm_fifo_base__parameterized24__6 |         34 |         34 |       0 |     0 |     38 |      2 |      0 |    0 |          0 |
|                 (xpm_fifo_base_inst)                                            |                                xpm_fifo_base__parameterized24__6 |         14 |         14 |       0 |     0 |      8 |      0 |      0 |    0 |          0 |
|                 gen_sdpram.xpm_memory_base_inst                                 |                              xpm_memory_base__parameterized34__6 |          2 |          2 |       0 |     0 |      0 |      2 |      0 |    0 |          0 |
|                 rdp_inst                                                        |                            xpm_counter_updn__parameterized14__13 |          4 |          4 |       0 |     0 |      6 |      0 |      0 |    0 |          0 |
|                 rdpp1_inst                                                      |                            xpm_counter_updn__parameterized15__13 |          5 |          5 |       0 |     0 |      6 |      0 |      0 |    0 |          0 |
|                 rst_d1_inst                                                     |                                            xpm_fifo_reg_bit__124 |          0 |          0 |       0 |     0 |      1 |      0 |      0 |    0 |          0 |
|                 wrp_inst                                                        |                            xpm_counter_updn__parameterized14__14 |          4 |          4 |       0 |     0 |      6 |      0 |      0 |    0 |          0 |
|                 wrpp1_inst                                                      |                            xpm_counter_updn__parameterized15__14 |          5 |          5 |       0 |     0 |      6 |      0 |      0 |    0 |          0 |
|                 xpm_fifo_rst_inst                                               |                                                  xpm_fifo_rst__9 |          1 |          1 |       0 |     0 |      5 |      0 |      0 |    0 |          0 |
|         reset_a                                                                 |                                      sfo_domain_reset__xdcDup__3 |          5 |          5 |       0 |     0 |     12 |      0 |      0 |    0 |          0 |
|           (reset_a)                                                             |                                      sfo_domain_reset__xdcDup__3 |          5 |          5 |       0 |     0 |      8 |      0 |      0 |    0 |          0 |
|           sync_reset                                                            |                                             xpm_cdc_async_rst__9 |          0 |          0 |       0 |     0 |      4 |      0 |      0 |    0 |          0 |
|         reset_b                                                                 |                                      sfo_domain_reset__xdcDup__4 |          5 |          5 |       0 |     0 |     24 |      0 |      0 |    0 |          0 |
|           (reset_b)                                                             |                                      sfo_domain_reset__xdcDup__4 |          5 |          5 |       0 |     0 |     20 |      0 |      0 |    0 |          0 |
|           sync_reset                                                            |                                            xpm_cdc_async_rst__10 |          0 |          0 |       0 |     0 |      4 |      0 |      0 |    0 |          0 |
|         trained_frames                                                          |                         sfo_sync_fifo__parameterized4__xdcDup__1 |         30 |         30 |       0 |     0 |     35 |      1 |      0 |    0 |          0 |
|           (trained_frames)                                                      |                         sfo_sync_fifo__parameterized4__xdcDup__1 |          4 |          4 |       0 |     0 |      1 |      0 |      0 |    0 |          0 |
|           memory                                                                |                                xpm_fifo_sync__parameterized14__2 |         26 |         26 |       0 |     0 |     34 |      1 |      0 |    0 |          0 |
|             xpm_fifo_base_inst                                                  |                                xpm_fifo_base__parameterized23__2 |         26 |         26 |       0 |     0 |     34 |      1 |      0 |    0 |          0 |
|               (xpm_fifo_base_inst)                                              |                                xpm_fifo_base__parameterized23__2 |         13 |         13 |       0 |     0 |      8 |      0 |      0 |    0 |          0 |
|               gen_sdpram.xpm_memory_base_inst                                   |                              xpm_memory_base__parameterized32__2 |          0 |          0 |       0 |     0 |      0 |      1 |      0 |    0 |          0 |
|               rdp_inst                                                          |                             xpm_counter_updn__parameterized3__35 |          3 |          3 |       0 |     0 |      5 |      0 |      0 |    0 |          0 |
|               rdpp1_inst                                                        |                             xpm_counter_updn__parameterized4__35 |          3 |          3 |       0 |     0 |      5 |      0 |      0 |    0 |          0 |
|               rst_d1_inst                                                       |                                            xpm_fifo_reg_bit__157 |          0 |          0 |       0 |     0 |      1 |      0 |      0 |    0 |          0 |
|               wrp_inst                                                          |                             xpm_counter_updn__parameterized3__34 |          3 |          3 |       0 |     0 |      5 |      0 |      0 |    0 |          0 |
|               wrpp1_inst                                                        |                             xpm_counter_updn__parameterized4__34 |          3 |          3 |       0 |     0 |      5 |      0 |      0 |    0 |          0 |
|               xpm_fifo_rst_inst                                                 |                                                 xpm_fifo_rst__13 |          1 |          1 |       0 |     0 |      5 |      0 |      0 |    0 |          0 |
|         training_configuration                                                  |                              sfo_record_cdc_fifo__parameterized2 |         61 |         61 |       0 |     0 |    107 |      3 |      0 |    0 |          0 |
|           (training_configuration)                                              |                              sfo_record_cdc_fifo__parameterized2 |          5 |          5 |       0 |     0 |      2 |      0 |      0 |    0 |          0 |
|           read_busy_to_write                                                    |                               xpm_cdc_single__parameterized0__28 |          0 |          0 |       0 |     0 |      3 |      0 |      0 |    0 |          0 |
|           read_reset_sync                                                       |                                             xpm_cdc_sync_rst__39 |          0 |          0 |       0 |     0 |      4 |      0 |      0 |    0 |          0 |
|           record_fifo                                                           |                                   xpm_fifo_async__parameterized5 |         56 |         56 |       0 |     0 |     91 |      3 |      0 |    0 |          0 |
|             gnuram_async_fifo.xpm_fifo_base_inst                                |                                   xpm_fifo_base__parameterized18 |         56 |         56 |       0 |     0 |     91 |      3 |      0 |    0 |          0 |
|               (gnuram_async_fifo.xpm_fifo_base_inst)                            |                                   xpm_fifo_base__parameterized18 |         15 |         15 |       0 |     0 |      8 |      0 |      0 |    0 |          0 |
|               gen_cdc_pntr.rd_pntr_cdc_inst                                     |                                xpm_cdc_gray__parameterized10__24 |          6 |          6 |       0 |     0 |     15 |      0 |      0 |    0 |          0 |
|               gen_cdc_pntr.rpw_gray_reg                                         |                              xpm_fifo_reg_vec__parameterized7__3 |          0 |          0 |       0 |     0 |      5 |      0 |      0 |    0 |          0 |
|               gen_cdc_pntr.wpr_gray_reg                                         |                              xpm_fifo_reg_vec__parameterized7__2 |          0 |          0 |       0 |     0 |      5 |      0 |      0 |    0 |          0 |
|               gen_cdc_pntr.wr_pntr_cdc_inst                                     |                                xpm_cdc_gray__parameterized10__23 |          5 |          5 |       0 |     0 |     15 |      0 |      0 |    0 |          0 |
|               gen_sdpram.xpm_memory_base_inst                                   |                                 xpm_memory_base__parameterized28 |          1 |          1 |       0 |     0 |      0 |      3 |      0 |    0 |          0 |
|               rdp_inst                                                          |                             xpm_counter_updn__parameterized3__25 |          3 |          3 |       0 |     0 |      5 |      0 |      0 |    0 |          0 |
|               rdpp1_inst                                                        |                             xpm_counter_updn__parameterized4__25 |          3 |          3 |       0 |     0 |      5 |      0 |      0 |    0 |          0 |
|               rst_d1_inst                                                       |                                            xpm_fifo_reg_bit__122 |          0 |          0 |       0 |     0 |      1 |      0 |      0 |    0 |          0 |
|               wrp_inst                                                          |                             xpm_counter_updn__parameterized3__24 |          3 |          3 |       0 |     0 |      5 |      0 |      0 |    0 |          0 |
|               wrpp1_inst                                                        |                             xpm_counter_updn__parameterized4__24 |          3 |          3 |       0 |     0 |      5 |      0 |      0 |    0 |          0 |
|               wrpp2_inst                                                        |                             xpm_counter_updn__parameterized5__15 |          3 |          3 |       0 |     0 |      5 |      0 |      0 |    0 |          0 |
|               xpm_fifo_rst_inst                                                 |                          xpm_fifo_rst__parameterized2__xdcDup__4 |         14 |         14 |       0 |     0 |     17 |      0 |      0 |    0 |          0 |
|                 (xpm_fifo_rst_inst)                                             |                          xpm_fifo_rst__parameterized2__xdcDup__4 |         14 |         14 |       0 |     0 |     13 |      0 |      0 |    0 |          0 |
|                 gen_rst_ic.rrst_wr_inst                                         |                             xpm_cdc_sync_rst__parameterized0__61 |          0 |          0 |       0 |     0 |      2 |      0 |      0 |    0 |          0 |
|                 gen_rst_ic.wrst_rd_inst                                         |                             xpm_cdc_sync_rst__parameterized0__60 |          0 |          0 |       0 |     0 |      2 |      0 |      0 |    0 |          0 |
|           write_busy_to_read                                                    |                               xpm_cdc_single__parameterized0__29 |          0 |          0 |       0 |     0 |      3 |      0 |      0 |    0 |          0 |
|           write_reset_sync                                                      |                                             xpm_cdc_sync_rst__38 |          0 |          0 |       0 |     0 |      4 |      0 |      0 |    0 |          0 |
|         training_data                                                           |                              sfo_record_cdc_fifo__parameterized3 |        124 |        124 |       0 |     0 |    174 |      6 |      1 |    0 |          0 |
|           (training_data)                                                       |                              sfo_record_cdc_fifo__parameterized3 |          5 |          5 |       0 |     0 |      2 |      0 |      0 |    0 |          0 |
|           read_busy_to_write                                                    |                               xpm_cdc_single__parameterized0__26 |          0 |          0 |       0 |     0 |      3 |      0 |      0 |    0 |          0 |
|           read_reset_sync                                                       |                                             xpm_cdc_sync_rst__37 |          0 |          0 |       0 |     0 |      4 |      0 |      0 |    0 |          0 |
|           record_fifo                                                           |                                   xpm_fifo_async__parameterized6 |        119 |        119 |       0 |     0 |    158 |      6 |      1 |    0 |          0 |
|             gnuram_async_fifo.xpm_fifo_base_inst                                |                                   xpm_fifo_base__parameterized19 |        119 |        119 |       0 |     0 |    158 |      6 |      1 |    0 |          0 |
|               (gnuram_async_fifo.xpm_fifo_base_inst)                            |                                   xpm_fifo_base__parameterized19 |         23 |         23 |       0 |     0 |      8 |      0 |      0 |    0 |          0 |
|               gen_cdc_pntr.rd_pntr_cdc_inst                                     |                                 xpm_cdc_gray__parameterized7__11 |         14 |         14 |       0 |     0 |     30 |      0 |      0 |    0 |          0 |
|               gen_cdc_pntr.rpw_gray_reg                                         |                              xpm_fifo_reg_vec__parameterized5__5 |          0 |          0 |       0 |     0 |     10 |      0 |      0 |    0 |          0 |
|               gen_cdc_pntr.wpr_gray_reg                                         |                              xpm_fifo_reg_vec__parameterized5__4 |          0 |          0 |       0 |     0 |     10 |      0 |      0 |    0 |          0 |
|               gen_cdc_pntr.wr_pntr_cdc_inst                                     |                                 xpm_cdc_gray__parameterized7__10 |         13 |         13 |       0 |     0 |     30 |      0 |      0 |    0 |          0 |
|               gen_sdpram.xpm_memory_base_inst                                   |                                 xpm_memory_base__parameterized29 |          0 |          0 |       0 |     0 |      0 |      6 |      1 |    0 |          0 |
|               rdp_inst                                                          |                             xpm_counter_updn__parameterized12__6 |         12 |         12 |       0 |     0 |     11 |      0 |      0 |    0 |          0 |
|               rdpp1_inst                                                        |                             xpm_counter_updn__parameterized13__6 |         11 |         11 |       0 |     0 |     10 |      0 |      0 |    0 |          0 |
|               rst_d1_inst                                                       |                                            xpm_fifo_reg_bit__117 |          0 |          0 |       0 |     0 |      1 |      0 |      0 |    0 |          0 |
|               wrp_inst                                                          |                             xpm_counter_updn__parameterized12__5 |         12 |         12 |       0 |     0 |     11 |      0 |      0 |    0 |          0 |
|               wrpp1_inst                                                        |                             xpm_counter_updn__parameterized13__5 |         11 |         11 |       0 |     0 |     10 |      0 |      0 |    0 |          0 |
|               wrpp2_inst                                                        |                             xpm_counter_updn__parameterized23__1 |         11 |         11 |       0 |     0 |     10 |      0 |      0 |    0 |          0 |
|               xpm_fifo_rst_inst                                                 |                          xpm_fifo_rst__parameterized2__xdcDup__5 |         14 |         14 |       0 |     0 |     17 |      0 |      0 |    0 |          0 |
|                 (xpm_fifo_rst_inst)                                             |                          xpm_fifo_rst__parameterized2__xdcDup__5 |         14 |         14 |       0 |     0 |     13 |      0 |      0 |    0 |          0 |
|                 gen_rst_ic.rrst_wr_inst                                         |                             xpm_cdc_sync_rst__parameterized0__59 |          0 |          0 |       0 |     0 |      2 |      0 |      0 |    0 |          0 |
|                 gen_rst_ic.wrst_rd_inst                                         |                             xpm_cdc_sync_rst__parameterized0__58 |          0 |          0 |       0 |     0 |      2 |      0 |      0 |    0 |          0 |
|           write_busy_to_read                                                    |                               xpm_cdc_single__parameterized0__27 |          0 |          0 |       0 |     0 |      3 |      0 |      0 |    0 |          0 |
|           write_reset_sync                                                      |                                             xpm_cdc_sync_rst__36 |          0 |          0 |       0 |     0 |      4 |      0 |      0 |    0 |          0 |
|         training_release                                                        |                   sfo_record_cdc_fifo__parameterized4__xdcDup__1 |         61 |         61 |       0 |     0 |    107 |      1 |      0 |    0 |          0 |
|           (training_release)                                                    |                   sfo_record_cdc_fifo__parameterized4__xdcDup__1 |          5 |          5 |       0 |     0 |      2 |      0 |      0 |    0 |          0 |
|           read_busy_to_write                                                    |                               xpm_cdc_single__parameterized0__34 |          0 |          0 |       0 |     0 |      3 |      0 |      0 |    0 |          0 |
|           read_reset_sync                                                       |                                             xpm_cdc_sync_rst__45 |          0 |          0 |       0 |     0 |      4 |      0 |      0 |    0 |          0 |
|           record_fifo                                                           |                        xpm_fifo_async__parameterized7__xdcDup__1 |         56 |         56 |       0 |     0 |     91 |      1 |      0 |    0 |          0 |
|             gnuram_async_fifo.xpm_fifo_base_inst                                |                        xpm_fifo_base__parameterized20__xdcDup__1 |         56 |         56 |       0 |     0 |     91 |      1 |      0 |    0 |          0 |
|               (gnuram_async_fifo.xpm_fifo_base_inst)                            |                        xpm_fifo_base__parameterized20__xdcDup__1 |         16 |         16 |       0 |     0 |      8 |      0 |      0 |    0 |          0 |
|               gen_cdc_pntr.rd_pntr_cdc_inst                                     |                                xpm_cdc_gray__parameterized10__28 |          6 |          6 |       0 |     0 |     15 |      0 |      0 |    0 |          0 |
|               gen_cdc_pntr.rpw_gray_reg                                         |                              xpm_fifo_reg_vec__parameterized7__7 |          0 |          0 |       0 |     0 |      5 |      0 |      0 |    0 |          0 |
|               gen_cdc_pntr.wpr_gray_reg                                         |                              xpm_fifo_reg_vec__parameterized7__6 |          0 |          0 |       0 |     0 |      5 |      0 |      0 |    0 |          0 |
|               gen_cdc_pntr.wr_pntr_cdc_inst                                     |                                xpm_cdc_gray__parameterized10__27 |          5 |          5 |       0 |     0 |     15 |      0 |      0 |    0 |          0 |
|               gen_sdpram.xpm_memory_base_inst                                   |                              xpm_memory_base__parameterized30__2 |          0 |          0 |       0 |     0 |      0 |      1 |      0 |    0 |          0 |
|               rdp_inst                                                          |                             xpm_counter_updn__parameterized3__29 |          3 |          3 |       0 |     0 |      5 |      0 |      0 |    0 |          0 |
|               rdpp1_inst                                                        |                             xpm_counter_updn__parameterized4__29 |          3 |          3 |       0 |     0 |      5 |      0 |      0 |    0 |          0 |
|               rst_d1_inst                                                       |                                            xpm_fifo_reg_bit__142 |          0 |          0 |       0 |     0 |      1 |      0 |      0 |    0 |          0 |
|               wrp_inst                                                          |                             xpm_counter_updn__parameterized3__28 |          3 |          3 |       0 |     0 |      5 |      0 |      0 |    0 |          0 |
|               wrpp1_inst                                                        |                             xpm_counter_updn__parameterized4__28 |          3 |          3 |       0 |     0 |      5 |      0 |      0 |    0 |          0 |
|               wrpp2_inst                                                        |                             xpm_counter_updn__parameterized5__17 |          3 |          3 |       0 |     0 |      5 |      0 |      0 |    0 |          0 |
|               xpm_fifo_rst_inst                                                 |                          xpm_fifo_rst__parameterized2__xdcDup__6 |         14 |         14 |       0 |     0 |     17 |      0 |      0 |    0 |          0 |
|                 (xpm_fifo_rst_inst)                                             |                          xpm_fifo_rst__parameterized2__xdcDup__6 |         14 |         14 |       0 |     0 |     13 |      0 |      0 |    0 |          0 |
|                 gen_rst_ic.rrst_wr_inst                                         |                             xpm_cdc_sync_rst__parameterized0__67 |          0 |          0 |       0 |     0 |      2 |      0 |      0 |    0 |          0 |
|                 gen_rst_ic.wrst_rd_inst                                         |                             xpm_cdc_sync_rst__parameterized0__66 |          0 |          0 |       0 |     0 |      2 |      0 |      0 |    0 |          0 |
|           write_busy_to_read                                                    |                               xpm_cdc_single__parameterized0__35 |          0 |          0 |       0 |     0 |      3 |      0 |      0 |    0 |          0 |
|           write_reset_sync                                                      |                                             xpm_cdc_sync_rst__44 |          0 |          0 |       0 |     0 |      4 |      0 |      0 |    0 |          0 |
+---------------------------------------------------------------------------------+------------------------------------------------------------------+------------+------------+---------+-------+--------+--------+--------+------+------------+
* Note: The sum of lower-level cells may be larger than their parent cells total, due to cross-hierarchy LUT combining


