Copyright 1986-2021 Xilinx, Inc. All Rights Reserved.
----------------------------------------------------------------------------------------------------------------------------------------------------------------------------------------------------------------
| Tool Version      : Vivado v.2021.1 (win64) Build 3247384 Thu Jun 10 19:36:33 MDT 2021
| Date              : Fri Sep 18 17:48:12 2026
| Host              : ROG-Lunan running 64-bit major release  (build 9200)
| Command           : report_timing_summary -max_paths 10 -file sync_ota_top_timing_summary_routed.rpt -pb sync_ota_top_timing_summary_routed.pb -rpx sync_ota_top_timing_summary_routed.rpx -warn_on_violation
| Design            : sync_ota_top
| Device            : xcvu11p-flgb2104
| Speed File        : -2  PRODUCTION 1.27 02-28-2020
| Temperature Grade : E
----------------------------------------------------------------------------------------------------------------------------------------------------------------------------------------------------------------

Timing Summary Report

------------------------------------------------------------------------------------------------
| Timer Settings
| --------------
------------------------------------------------------------------------------------------------

  Enable Multi Corner Analysis               :  Yes
  Enable Pessimism Removal                   :  Yes
  Pessimism Removal Resolution               :  Nearest Common Node
  Enable Input Delay Default Clock           :  No
  Enable Preset / Clear Arcs                 :  No
  Disable Flight Delays                      :  No
  Ignore I/O Paths                           :  No
  Timing Early Launch at Borrowing Latches   :  No
  Borrow Time for Max Delay Exceptions       :  Yes
  Merge Timing Exceptions                    :  Yes

  Corner  Analyze    Analyze    
  Name    Max Paths  Min Paths  
  ------  ---------  ---------  
  Slow    Yes        Yes        
  Fast    Yes        Yes        


------------------------------------------------------------------------------------------------
| Report Methodology
| ------------------
------------------------------------------------------------------------------------------------

Rule       Severity          Description                                     Violations  
---------  ----------------  ----------------------------------------------  ----------  
TIMING-6   Critical Warning  No common primary clock between related clocks  1           
TIMING-7   Critical Warning  No common node between related clocks           1           
LUTAR-1    Warning           LUT drives async reset alert                    2           
SYNTH-6    Warning           Timing of a RAM block might be sub-optimal      20          
SYNTH-12   Warning           DSP input not registered                        3           
SYNTH-13   Warning           combinational multiplier                        4           
TIMING-18  Warning           Missing input or output delay                   1000        

Note: This report is based on the most recent report_methodology run and may not be up-to-date. Run report_methodology on the current design for the latest report.



check_timing report

Table of Contents
-----------------
1. checking no_clock (0)
2. checking constant_clock (0)
3. checking pulse_width_clock (0)
4. checking unconstrained_internal_endpoints (0)
5. checking no_input_delay (133)
6. checking no_output_delay (1536)
7. checking multiple_clock (0)
8. checking generated_clocks (0)
9. checking loops (0)
10. checking partial_input_delay (0)
11. checking partial_output_delay (0)
12. checking latch_loops (0)

1. checking no_clock (0)
------------------------
 There are 0 register/latch pins with no clock.


2. checking constant_clock (0)
------------------------------
 There are 0 register/latch pins with constant_clock.


3. checking pulse_width_clock (0)
---------------------------------
 There are 0 register/latch pins which need pulse_width check


4. checking unconstrained_internal_endpoints (0)
------------------------------------------------
 There are 0 pins that are not constrained for maximum delay.

 There are 0 pins that are not constrained for maximum delay due to constant clock.


5. checking no_input_delay (133)
--------------------------------
 There are 133 input ports with no input delay specified. (HIGH)

 There are 0 input ports with no input delay but user has a false path constraint.


6. checking no_output_delay (1536)
----------------------------------
 There are 1536 ports with no output delay specified. (HIGH)

 There are 0 ports with no output delay but user has a false path constraint

 There are 0 ports with no output delay but with a timing clock defined on it or propagating through it


7. checking multiple_clock (0)
------------------------------
 There are 0 register/latch pins with multiple clocks.


8. checking generated_clocks (0)
--------------------------------
 There are 0 generated clocks that are not connected to a clock source.


9. checking loops (0)
---------------------
 There are 0 combinational loops in the design.


10. checking partial_input_delay (0)
------------------------------------
 There are 0 input ports with partial input delay specified.


11. checking partial_output_delay (0)
-------------------------------------
 There are 0 ports with partial output delay specified.


12. checking latch_loops (0)
----------------------------
 There are 0 combinational latch loops in the design through latch input



------------------------------------------------------------------------------------------------
| Design Timing Summary
| ---------------------
------------------------------------------------------------------------------------------------

    WNS(ns)      TNS(ns)  TNS Failing Endpoints  TNS Total Endpoints      WHS(ns)      THS(ns)  THS Failing Endpoints  THS Total Endpoints     WPWS(ns)     TPWS(ns)  TPWS Failing Endpoints  TPWS Total Endpoints  
    -------      -------  ---------------------  -------------------      -------      -------  ---------------------  -------------------     --------     --------  ----------------------  --------------------  
     -0.057       -0.057                      1              1110977        0.007        0.000                      0              1110637        0.431        0.000                       0                269802  


Timing constraints are not met.


------------------------------------------------------------------------------------------------
| Clock Summary
| -------------
------------------------------------------------------------------------------------------------

Clock   Waveform(ns)         Period(ns)      Frequency(MHz)
-----   ------------         ----------      --------------
clk125  {0.000 4.000}        8.000           125.000         
clk150  {0.000 3.333}        6.667           149.992         
clk500  {0.000 1.000}        2.000           500.000         


------------------------------------------------------------------------------------------------
| Intra Clock Table
| -----------------
------------------------------------------------------------------------------------------------

Clock             WNS(ns)      TNS(ns)  TNS Failing Endpoints  TNS Total Endpoints      WHS(ns)      THS(ns)  THS Failing Endpoints  THS Total Endpoints     WPWS(ns)     TPWS(ns)  TPWS Failing Endpoints  TPWS Total Endpoints  
-----             -------      -------  ---------------------  -------------------      -------      -------  ---------------------  -------------------     --------     --------  ----------------------  --------------------  
clk125              0.135        0.000                      0               303753        0.019        0.000                      0               303753        3.458        0.000                       0                 93611  
clk150              0.013        0.000                      0               753962        0.007        0.000                      0               753962        2.633        0.000                       0                149158  
clk500             -0.057       -0.057                      1                52596        0.028        0.000                      0                52596        0.431        0.000                       0                 27033  


------------------------------------------------------------------------------------------------
| Inter Clock Table
| -----------------
------------------------------------------------------------------------------------------------

From Clock    To Clock          WNS(ns)      TNS(ns)  TNS Failing Endpoints  TNS Total Endpoints      WHS(ns)      THS(ns)  THS Failing Endpoints  THS Total Endpoints  
----------    --------          -------      -------  ---------------------  -------------------      -------      -------  ---------------------  -------------------  
clk150        clk125              5.622        0.000                      0                   83                                                                        
clk500        clk125              1.229        0.000                      0                   54        0.041        0.000                      0                   10  
clk125        clk150              6.870        0.000                      0                   83                                                                        
clk500        clk150              0.709        0.000                      0                   39                                                                        
clk125        clk500              7.076        0.000                      0                   65                                                                        
clk150        clk500              5.248        0.000                      0                   26                                                                        


------------------------------------------------------------------------------------------------
| Other Path Groups Table
| -----------------------
------------------------------------------------------------------------------------------------

Path Group         From Clock         To Clock               WNS(ns)      TNS(ns)  TNS Failing Endpoints  TNS Total Endpoints      WHS(ns)      THS(ns)  THS Failing Endpoints  THS Total Endpoints  
----------         ----------         --------               -------      -------  ---------------------  -------------------      -------      -------  ---------------------  -------------------  
**async_default**  clk125             clk125                   5.714        0.000                      0                   42        0.134        0.000                      0                   42  
**async_default**  clk150             clk150                   2.980        0.000                      0                  183        0.165        0.000                      0                  183  
**async_default**  clk500             clk500                   0.829        0.000                      0                   91        0.159        0.000                      0                   91  


------------------------------------------------------------------------------------------------
| Timing Details
| --------------
------------------------------------------------------------------------------------------------


---------------------------------------------------------------------------------------------------
From Clock:  clk125
  To Clock:  clk125

Setup :            0  Failing Endpoints,  Worst Slack        0.135ns,  Total Violation        0.000ns
Hold  :            0  Failing Endpoints,  Worst Slack        0.019ns,  Total Violation        0.000ns
PW    :            0  Failing Endpoints,  Worst Slack        3.458ns,  Total Violation        0.000ns
---------------------------------------------------------------------------------------------------


Max Delay Paths
--------------------------------------------------------------------------------------
Slack (MET) :             0.135ns  (required time - arrival time)
  Source:                 sfo/residual_estimator/backend/peak/bank0_reg/CLKARDCLK
                            (rising edge-triggered cell RAMB18E2 clocked by clk125  {rise@0.000ns fall@4.000ns period=8.000ns})
  Destination:            sfo/residual_estimator/backend/peak/m_competing_power_reg[31]/D
                            (rising edge-triggered cell FDRE clocked by clk125  {rise@0.000ns fall@4.000ns period=8.000ns})
  Path Group:             clk125
  Path Type:              Setup (Max at Slow Process Corner)
  Requirement:            8.000ns  (clk125 rise@8.000ns - clk125 rise@0.000ns)
  Data Path Delay:        7.800ns  (logic 2.685ns (34.423%)  route 5.115ns (65.577%))
  Logic Levels:           21  (CARRY8=7 LUT3=3 LUT4=2 LUT5=1 LUT6=8)
  Clock Path Skew:        -0.055ns (DCD - SCD + CPR)
    Destination Clock Delay (DCD):    0.021ns = ( 8.021 - 8.000 ) 
    Source Clock Delay      (SCD):    0.076ns
    Clock Pessimism Removal (CPR):    0.000ns
  Clock Uncertainty:      0.035ns  ((TSJ^2 + TIJ^2)^1/2 + DJ) / 2 + PE
    Total System Jitter     (TSJ):    0.071ns
    Total Input Jitter      (TIJ):    0.000ns
    Discrete Jitter          (DJ):    0.000ns
    Phase Error              (PE):    0.000ns

    Location             Delay type                Incr(ns)  Path(ns)    Netlist Resource(s)
  -------------------------------------------------------------------    -------------------
                         (clock clk125 rise edge)     0.000     0.000 r  
                                                      0.000     0.000 r  clk125 (IN)
                         net (fo=95403, unset)        0.076     0.076    sfo/residual_estimator/backend/peak/clk
    RAMB18_X11Y89        RAMB18E2                                     r  sfo/residual_estimator/backend/peak/bank0_reg/CLKARDCLK
  -------------------------------------------------------------------    -------------------
    RAMB18_X11Y89        RAMB18E2 (Prop_RAMB18E2_U_RAMB181_CLKARDCLK_DOUTADOUT[5])
                                                      0.844     0.920 r  sfo/residual_estimator/backend/peak/bank0_reg/DOUTADOUT[5]
                         net (fo=7, routed)           0.413     1.333    sfo/residual_estimator/backend/peak/raw0[5]
    SLICE_X176Y221       LUT4 (Prop_C6LUT_SLICEM_I1_O)
                                                      0.088     1.421 r  sfo/residual_estimator/backend/peak/m_competing_power[30]_i_173/O
                         net (fo=1, routed)           0.021     1.442    sfo/residual_estimator/backend/peak/m_competing_power[30]_i_173_n_0
    SLICE_X176Y221       CARRY8 (Prop_CARRY8_SLICEM_S[2]_CO[7])
                                                      0.161     1.603 r  sfo/residual_estimator/backend/peak/m_competing_power_reg[30]_i_72/CO[7]
                         net (fo=1, routed)           0.026     1.629    sfo/residual_estimator/backend/peak/m_competing_power_reg[30]_i_72_n_0
    SLICE_X176Y222       CARRY8 (Prop_CARRY8_SLICEM_CI_CO[7])
                                                      0.022     1.651 r  sfo/residual_estimator/backend/peak/m_competing_power_reg[30]_i_32/CO[7]
                         net (fo=1, routed)           0.286     1.937    sfo/residual_estimator/backend/peak/competing_next2
    SLICE_X172Y218       LUT6 (Prop_H6LUT_SLICEL_I5_O)
                                                      0.090     2.027 r  sfo/residual_estimator/backend/peak/m_competing_power[30]_i_8/O
                         net (fo=96, routed)          0.476     2.503    sfo/residual_estimator/backend/peak/m_competing_power[30]_i_8_n_0
    SLICE_X176Y225       LUT3 (Prop_C5LUT_SLICEM_I1_O)
                                                      0.137     2.640 f  sfo/residual_estimator/backend/peak/m_competing_power[30]_i_141/O
                         net (fo=1, routed)           0.229     2.869    sfo/residual_estimator/backend/peak/m_competing_power[30]_i_141_n_0
    SLICE_X176Y225       LUT6 (Prop_G6LUT_SLICEM_I1_O)
                                                      0.052     2.921 r  sfo/residual_estimator/backend/peak/m_competing_power[30]_i_61/O
                         net (fo=1, routed)           0.185     3.106    sfo/residual_estimator/backend/peak/m_competing_power[30]_i_61_n_0
    SLICE_X176Y224       CARRY8 (Prop_CARRY8_SLICEM_DI[0]_CO[7])
                                                      0.140     3.246 r  sfo/residual_estimator/backend/peak/m_competing_power_reg[30]_i_26/CO[7]
                         net (fo=1, routed)           0.394     3.640    sfo/residual_estimator/backend/peak/competing_next25_in
    SLICE_X170Y217       LUT6 (Prop_H6LUT_SLICEL_I5_O)
                                                      0.036     3.676 r  sfo/residual_estimator/backend/peak/m_competing_power[30]_i_7/O
                         net (fo=32, routed)          0.491     4.167    sfo/residual_estimator/backend/peak/m_competing_power[30]_i_7_n_0
    SLICE_X178Y223       LUT5 (Prop_B5LUT_SLICEL_I1_O)
                                                      0.165     4.332 r  sfo/residual_estimator/backend/peak/m_competing_power[6]_i_2/O
                         net (fo=5, routed)           0.318     4.650    sfo/residual_estimator/backend/peak/m_competing_power[6]_i_2_n_0
    SLICE_X177Y228       LUT4 (Prop_D6LUT_SLICEL_I2_O)
                                                      0.050     4.700 r  sfo/residual_estimator/backend/peak/m_competing_power[30]_i_103/O
                         net (fo=1, routed)           0.009     4.709    sfo/residual_estimator/backend/peak/m_competing_power[30]_i_103_n_0
    SLICE_X177Y228       CARRY8 (Prop_CARRY8_SLICEL_S[3]_CO[7])
                                                      0.154     4.863 r  sfo/residual_estimator/backend/peak/m_competing_power_reg[30]_i_34/CO[7]
                         net (fo=1, routed)           0.026     4.889    sfo/residual_estimator/backend/peak/m_competing_power_reg[30]_i_34_n_0
    SLICE_X177Y229       CARRY8 (Prop_CARRY8_SLICEL_CI_CO[7])
                                                      0.022     4.911 r  sfo/residual_estimator/backend/peak/m_competing_power_reg[30]_i_19/CO[7]
                         net (fo=1, routed)           0.402     5.313    sfo/residual_estimator/backend/peak/competing_next29_in
    SLICE_X171Y220       LUT6 (Prop_G6LUT_SLICEM_I0_O)
                                                      0.037     5.350 f  sfo/residual_estimator/backend/peak/m_competing_power[30]_i_6/O
                         net (fo=1, routed)           0.048     5.398    sfo/residual_estimator/backend/peak/m_competing_power[30]_i_6_n_0
    SLICE_X171Y220       LUT6 (Prop_H6LUT_SLICEM_I5_O)
                                                      0.053     5.451 r  sfo/residual_estimator/backend/peak/m_competing_power[30]_i_2/O
                         net (fo=64, routed)          0.448     5.899    sfo/residual_estimator/backend/peak/m_competing_power[30]_i_2_n_0
    SLICE_X178Y223       LUT3 (Prop_C6LUT_SLICEL_I1_O)
                                                      0.088     5.987 f  sfo/residual_estimator/backend/peak/m_competing_power[1]_i_2/O
                         net (fo=3, routed)           0.111     6.098    sfo/residual_estimator/backend/peak/m_competing_power[1]_i_2_n_0
    SLICE_X178Y224       LUT6 (Prop_E6LUT_SLICEL_I4_O)
                                                      0.147     6.245 r  sfo/residual_estimator/backend/peak/m_competing_power[31]_i_53/O
                         net (fo=1, routed)           0.228     6.473    sfo/residual_estimator/backend/peak/m_competing_power[31]_i_53_n_0
    SLICE_X177Y224       CARRY8 (Prop_CARRY8_SLICEL_DI[0]_CO[7])
                                                      0.131     6.604 r  sfo/residual_estimator/backend/peak/m_competing_power_reg[31]_i_28/CO[7]
                         net (fo=1, routed)           0.026     6.630    sfo/residual_estimator/backend/peak/m_competing_power_reg[31]_i_28_n_0
    SLICE_X177Y225       CARRY8 (Prop_CARRY8_SLICEL_CI_CO[7])
                                                      0.022     6.652 r  sfo/residual_estimator/backend/peak/m_competing_power_reg[31]_i_25/CO[7]
                         net (fo=1, routed)           0.427     7.079    sfo/residual_estimator/backend/peak/competing_next213_in
    SLICE_X169Y219       LUT6 (Prop_G6LUT_SLICEL_I0_O)
                                                      0.050     7.129 f  sfo/residual_estimator/backend/peak/m_competing_power[31]_i_7/O
                         net (fo=1, routed)           0.087     7.216    sfo/residual_estimator/backend/peak/m_competing_power[31]_i_7_n_0
    SLICE_X169Y219       LUT6 (Prop_H6LUT_SLICEL_I5_O)
                                                      0.051     7.267 r  sfo/residual_estimator/backend/peak/m_competing_power[31]_i_3/O
                         net (fo=32, routed)          0.398     7.665    sfo/residual_estimator/backend/peak/m_competing_power[31]_i_3_n_0
    SLICE_X176Y227       LUT3 (Prop_C6LUT_SLICEM_I1_O)
                                                      0.145     7.810 r  sfo/residual_estimator/backend/peak/m_competing_power[31]_i_2/O
                         net (fo=1, routed)           0.066     7.876    sfo/residual_estimator/backend/peak/m_competing_power[31]_i_2_n_0
    SLICE_X176Y227       FDRE                                         r  sfo/residual_estimator/backend/peak/m_competing_power_reg[31]/D
  -------------------------------------------------------------------    -------------------

                         (clock clk125 rise edge)     8.000     8.000 r  
                                                      0.000     8.000 r  clk125 (IN)
                         net (fo=95403, unset)        0.021     8.021    sfo/residual_estimator/backend/peak/clk
    SLICE_X176Y227       FDRE                                         r  sfo/residual_estimator/backend/peak/m_competing_power_reg[31]/C
                         clock pessimism              0.000     8.021    
                         clock uncertainty           -0.035     7.986    
    SLICE_X176Y227       FDRE (Setup_CFF_SLICEM_C_D)
                                                      0.025     8.011    sfo/residual_estimator/backend/peak/m_competing_power_reg[31]
  -------------------------------------------------------------------
                         required time                          8.011    
                         arrival time                          -7.876    
  -------------------------------------------------------------------
                         slack                                  0.135    

Slack (MET) :             0.145ns  (required time - arrival time)
  Source:                 sfo/residual_estimator/backend/peak/bank0_reg/CLKARDCLK
                            (rising edge-triggered cell RAMB18E2 clocked by clk125  {rise@0.000ns fall@4.000ns period=8.000ns})
  Destination:            sfo/residual_estimator/backend/peak/m_competing_power_reg[3]/D
                            (rising edge-triggered cell FDRE clocked by clk125  {rise@0.000ns fall@4.000ns period=8.000ns})
  Path Group:             clk125
  Path Type:              Setup (Max at Slow Process Corner)
  Requirement:            8.000ns  (clk125 rise@8.000ns - clk125 rise@0.000ns)
  Data Path Delay:        7.789ns  (logic 2.629ns (33.753%)  route 5.160ns (66.247%))
  Logic Levels:           21  (CARRY8=7 LUT3=3 LUT4=2 LUT5=1 LUT6=8)
  Clock Path Skew:        -0.056ns (DCD - SCD + CPR)
    Destination Clock Delay (DCD):    0.020ns = ( 8.020 - 8.000 ) 
    Source Clock Delay      (SCD):    0.076ns
    Clock Pessimism Removal (CPR):    0.000ns
  Clock Uncertainty:      0.035ns  ((TSJ^2 + TIJ^2)^1/2 + DJ) / 2 + PE
    Total System Jitter     (TSJ):    0.071ns
    Total Input Jitter      (TIJ):    0.000ns
    Discrete Jitter          (DJ):    0.000ns
    Phase Error              (PE):    0.000ns

    Location             Delay type                Incr(ns)  Path(ns)    Netlist Resource(s)
  -------------------------------------------------------------------    -------------------
                         (clock clk125 rise edge)     0.000     0.000 r  
                                                      0.000     0.000 r  clk125 (IN)
                         net (fo=95403, unset)        0.076     0.076    sfo/residual_estimator/backend/peak/clk
    RAMB18_X11Y89        RAMB18E2                                     r  sfo/residual_estimator/backend/peak/bank0_reg/CLKARDCLK
  -------------------------------------------------------------------    -------------------
    RAMB18_X11Y89        RAMB18E2 (Prop_RAMB18E2_U_RAMB181_CLKARDCLK_DOUTADOUT[5])
                                                      0.844     0.920 r  sfo/residual_estimator/backend/peak/bank0_reg/DOUTADOUT[5]
                         net (fo=7, routed)           0.413     1.333    sfo/residual_estimator/backend/peak/raw0[5]
    SLICE_X176Y221       LUT4 (Prop_C6LUT_SLICEM_I1_O)
                                                      0.088     1.421 r  sfo/residual_estimator/backend/peak/m_competing_power[30]_i_173/O
                         net (fo=1, routed)           0.021     1.442    sfo/residual_estimator/backend/peak/m_competing_power[30]_i_173_n_0
    SLICE_X176Y221       CARRY8 (Prop_CARRY8_SLICEM_S[2]_CO[7])
                                                      0.161     1.603 r  sfo/residual_estimator/backend/peak/m_competing_power_reg[30]_i_72/CO[7]
                         net (fo=1, routed)           0.026     1.629    sfo/residual_estimator/backend/peak/m_competing_power_reg[30]_i_72_n_0
    SLICE_X176Y222       CARRY8 (Prop_CARRY8_SLICEM_CI_CO[7])
                                                      0.022     1.651 r  sfo/residual_estimator/backend/peak/m_competing_power_reg[30]_i_32/CO[7]
                         net (fo=1, routed)           0.286     1.937    sfo/residual_estimator/backend/peak/competing_next2
    SLICE_X172Y218       LUT6 (Prop_H6LUT_SLICEL_I5_O)
                                                      0.090     2.027 r  sfo/residual_estimator/backend/peak/m_competing_power[30]_i_8/O
                         net (fo=96, routed)          0.476     2.503    sfo/residual_estimator/backend/peak/m_competing_power[30]_i_8_n_0
    SLICE_X176Y225       LUT3 (Prop_C5LUT_SLICEM_I1_O)
                                                      0.137     2.640 f  sfo/residual_estimator/backend/peak/m_competing_power[30]_i_141/O
                         net (fo=1, routed)           0.229     2.869    sfo/residual_estimator/backend/peak/m_competing_power[30]_i_141_n_0
    SLICE_X176Y225       LUT6 (Prop_G6LUT_SLICEM_I1_O)
                                                      0.052     2.921 r  sfo/residual_estimator/backend/peak/m_competing_power[30]_i_61/O
                         net (fo=1, routed)           0.185     3.106    sfo/residual_estimator/backend/peak/m_competing_power[30]_i_61_n_0
    SLICE_X176Y224       CARRY8 (Prop_CARRY8_SLICEM_DI[0]_CO[7])
                                                      0.140     3.246 r  sfo/residual_estimator/backend/peak/m_competing_power_reg[30]_i_26/CO[7]
                         net (fo=1, routed)           0.394     3.640    sfo/residual_estimator/backend/peak/competing_next25_in
    SLICE_X170Y217       LUT6 (Prop_H6LUT_SLICEL_I5_O)
                                                      0.036     3.676 r  sfo/residual_estimator/backend/peak/m_competing_power[30]_i_7/O
                         net (fo=32, routed)          0.491     4.167    sfo/residual_estimator/backend/peak/m_competing_power[30]_i_7_n_0
    SLICE_X178Y223       LUT5 (Prop_B5LUT_SLICEL_I1_O)
                                                      0.165     4.332 r  sfo/residual_estimator/backend/peak/m_competing_power[6]_i_2/O
                         net (fo=5, routed)           0.318     4.650    sfo/residual_estimator/backend/peak/m_competing_power[6]_i_2_n_0
    SLICE_X177Y228       LUT4 (Prop_D6LUT_SLICEL_I2_O)
                                                      0.050     4.700 r  sfo/residual_estimator/backend/peak/m_competing_power[30]_i_103/O
                         net (fo=1, routed)           0.009     4.709    sfo/residual_estimator/backend/peak/m_competing_power[30]_i_103_n_0
    SLICE_X177Y228       CARRY8 (Prop_CARRY8_SLICEL_S[3]_CO[7])
                                                      0.154     4.863 r  sfo/residual_estimator/backend/peak/m_competing_power_reg[30]_i_34/CO[7]
                         net (fo=1, routed)           0.026     4.889    sfo/residual_estimator/backend/peak/m_competing_power_reg[30]_i_34_n_0
    SLICE_X177Y229       CARRY8 (Prop_CARRY8_SLICEL_CI_CO[7])
                                                      0.022     4.911 r  sfo/residual_estimator/backend/peak/m_competing_power_reg[30]_i_19/CO[7]
                         net (fo=1, routed)           0.402     5.313    sfo/residual_estimator/backend/peak/competing_next29_in
    SLICE_X171Y220       LUT6 (Prop_G6LUT_SLICEM_I0_O)
                                                      0.037     5.350 f  sfo/residual_estimator/backend/peak/m_competing_power[30]_i_6/O
                         net (fo=1, routed)           0.048     5.398    sfo/residual_estimator/backend/peak/m_competing_power[30]_i_6_n_0
    SLICE_X171Y220       LUT6 (Prop_H6LUT_SLICEM_I5_O)
                                                      0.053     5.451 r  sfo/residual_estimator/backend/peak/m_competing_power[30]_i_2/O
                         net (fo=64, routed)          0.448     5.899    sfo/residual_estimator/backend/peak/m_competing_power[30]_i_2_n_0
    SLICE_X178Y223       LUT3 (Prop_C6LUT_SLICEL_I1_O)
                                                      0.088     5.987 f  sfo/residual_estimator/backend/peak/m_competing_power[1]_i_2/O
                         net (fo=3, routed)           0.111     6.098    sfo/residual_estimator/backend/peak/m_competing_power[1]_i_2_n_0
    SLICE_X178Y224       LUT6 (Prop_E6LUT_SLICEL_I4_O)
                                                      0.147     6.245 r  sfo/residual_estimator/backend/peak/m_competing_power[31]_i_53/O
                         net (fo=1, routed)           0.228     6.473    sfo/residual_estimator/backend/peak/m_competing_power[31]_i_53_n_0
    SLICE_X177Y224       CARRY8 (Prop_CARRY8_SLICEL_DI[0]_CO[7])
                                                      0.131     6.604 r  sfo/residual_estimator/backend/peak/m_competing_power_reg[31]_i_28/CO[7]
                         net (fo=1, routed)           0.026     6.630    sfo/residual_estimator/backend/peak/m_competing_power_reg[31]_i_28_n_0
    SLICE_X177Y225       CARRY8 (Prop_CARRY8_SLICEL_CI_CO[7])
                                                      0.022     6.652 r  sfo/residual_estimator/backend/peak/m_competing_power_reg[31]_i_25/CO[7]
                         net (fo=1, routed)           0.427     7.079    sfo/residual_estimator/backend/peak/competing_next213_in
    SLICE_X169Y219       LUT6 (Prop_G6LUT_SLICEL_I0_O)
                                                      0.050     7.129 f  sfo/residual_estimator/backend/peak/m_competing_power[31]_i_7/O
                         net (fo=1, routed)           0.087     7.216    sfo/residual_estimator/backend/peak/m_competing_power[31]_i_7_n_0
    SLICE_X169Y219       LUT6 (Prop_H6LUT_SLICEL_I5_O)
                                                      0.051     7.267 r  sfo/residual_estimator/backend/peak/m_competing_power[31]_i_3/O
                         net (fo=32, routed)          0.460     7.727    sfo/residual_estimator/backend/peak/m_competing_power[31]_i_3_n_0
    SLICE_X178Y221       LUT3 (Prop_D6LUT_SLICEL_I1_O)
                                                      0.089     7.816 r  sfo/residual_estimator/backend/peak/m_competing_power[3]_i_1/O
                         net (fo=1, routed)           0.049     7.865    sfo/residual_estimator/backend/peak/m_competing_power[3]_i_1_n_0
    SLICE_X178Y221       FDRE                                         r  sfo/residual_estimator/backend/peak/m_competing_power_reg[3]/D
  -------------------------------------------------------------------    -------------------

                         (clock clk125 rise edge)     8.000     8.000 r  
                                                      0.000     8.000 r  clk125 (IN)
                         net (fo=95403, unset)        0.020     8.020    sfo/residual_estimator/backend/peak/clk
    SLICE_X178Y221       FDRE                                         r  sfo/residual_estimator/backend/peak/m_competing_power_reg[3]/C
                         clock pessimism              0.000     8.020    
                         clock uncertainty           -0.035     7.985    
    SLICE_X178Y221       FDRE (Setup_DFF_SLICEL_C_D)
                                                      0.025     8.010    sfo/residual_estimator/backend/peak/m_competing_power_reg[3]
  -------------------------------------------------------------------
                         required time                          8.010    
                         arrival time                          -7.865    
  -------------------------------------------------------------------
                         slack                                  0.145    

Slack (MET) :             0.151ns  (required time - arrival time)
  Source:                 sfo/residual_estimator/backend/peak/bank0_reg/CLKARDCLK
                            (rising edge-triggered cell RAMB18E2 clocked by clk125  {rise@0.000ns fall@4.000ns period=8.000ns})
  Destination:            sfo/residual_estimator/backend/peak/m_competing_power_reg[28]/D
                            (rising edge-triggered cell FDRE clocked by clk125  {rise@0.000ns fall@4.000ns period=8.000ns})
  Path Group:             clk125
  Path Type:              Setup (Max at Slow Process Corner)
  Requirement:            8.000ns  (clk125 rise@8.000ns - clk125 rise@0.000ns)
  Data Path Delay:        7.783ns  (logic 2.639ns (33.907%)  route 5.144ns (66.093%))
  Logic Levels:           21  (CARRY8=7 LUT3=2 LUT4=2 LUT5=2 LUT6=8)
  Clock Path Skew:        -0.056ns (DCD - SCD + CPR)
    Destination Clock Delay (DCD):    0.020ns = ( 8.020 - 8.000 ) 
    Source Clock Delay      (SCD):    0.076ns
    Clock Pessimism Removal (CPR):    0.000ns
  Clock Uncertainty:      0.035ns  ((TSJ^2 + TIJ^2)^1/2 + DJ) / 2 + PE
    Total System Jitter     (TSJ):    0.071ns
    Total Input Jitter      (TIJ):    0.000ns
    Discrete Jitter          (DJ):    0.000ns
    Phase Error              (PE):    0.000ns

    Location             Delay type                Incr(ns)  Path(ns)    Netlist Resource(s)
  -------------------------------------------------------------------    -------------------
                         (clock clk125 rise edge)     0.000     0.000 r  
                                                      0.000     0.000 r  clk125 (IN)
                         net (fo=95403, unset)        0.076     0.076    sfo/residual_estimator/backend/peak/clk
    RAMB18_X11Y89        RAMB18E2                                     r  sfo/residual_estimator/backend/peak/bank0_reg/CLKARDCLK
  -------------------------------------------------------------------    -------------------
    RAMB18_X11Y89        RAMB18E2 (Prop_RAMB18E2_U_RAMB181_CLKARDCLK_DOUTADOUT[5])
                                                      0.844     0.920 r  sfo/residual_estimator/backend/peak/bank0_reg/DOUTADOUT[5]
                         net (fo=7, routed)           0.413     1.333    sfo/residual_estimator/backend/peak/raw0[5]
    SLICE_X176Y221       LUT4 (Prop_C6LUT_SLICEM_I1_O)
                                                      0.088     1.421 r  sfo/residual_estimator/backend/peak/m_competing_power[30]_i_173/O
                         net (fo=1, routed)           0.021     1.442    sfo/residual_estimator/backend/peak/m_competing_power[30]_i_173_n_0
    SLICE_X176Y221       CARRY8 (Prop_CARRY8_SLICEM_S[2]_CO[7])
                                                      0.161     1.603 r  sfo/residual_estimator/backend/peak/m_competing_power_reg[30]_i_72/CO[7]
                         net (fo=1, routed)           0.026     1.629    sfo/residual_estimator/backend/peak/m_competing_power_reg[30]_i_72_n_0
    SLICE_X176Y222       CARRY8 (Prop_CARRY8_SLICEM_CI_CO[7])
                                                      0.022     1.651 r  sfo/residual_estimator/backend/peak/m_competing_power_reg[30]_i_32/CO[7]
                         net (fo=1, routed)           0.286     1.937    sfo/residual_estimator/backend/peak/competing_next2
    SLICE_X172Y218       LUT6 (Prop_H6LUT_SLICEL_I5_O)
                                                      0.090     2.027 r  sfo/residual_estimator/backend/peak/m_competing_power[30]_i_8/O
                         net (fo=96, routed)          0.476     2.503    sfo/residual_estimator/backend/peak/m_competing_power[30]_i_8_n_0
    SLICE_X176Y225       LUT3 (Prop_C5LUT_SLICEM_I1_O)
                                                      0.137     2.640 f  sfo/residual_estimator/backend/peak/m_competing_power[30]_i_141/O
                         net (fo=1, routed)           0.229     2.869    sfo/residual_estimator/backend/peak/m_competing_power[30]_i_141_n_0
    SLICE_X176Y225       LUT6 (Prop_G6LUT_SLICEM_I1_O)
                                                      0.052     2.921 r  sfo/residual_estimator/backend/peak/m_competing_power[30]_i_61/O
                         net (fo=1, routed)           0.185     3.106    sfo/residual_estimator/backend/peak/m_competing_power[30]_i_61_n_0
    SLICE_X176Y224       CARRY8 (Prop_CARRY8_SLICEM_DI[0]_CO[7])
                                                      0.140     3.246 r  sfo/residual_estimator/backend/peak/m_competing_power_reg[30]_i_26/CO[7]
                         net (fo=1, routed)           0.394     3.640    sfo/residual_estimator/backend/peak/competing_next25_in
    SLICE_X170Y217       LUT6 (Prop_H6LUT_SLICEL_I5_O)
                                                      0.036     3.676 r  sfo/residual_estimator/backend/peak/m_competing_power[30]_i_7/O
                         net (fo=32, routed)          0.491     4.167    sfo/residual_estimator/backend/peak/m_competing_power[30]_i_7_n_0
    SLICE_X178Y223       LUT5 (Prop_B5LUT_SLICEL_I1_O)
                                                      0.165     4.332 r  sfo/residual_estimator/backend/peak/m_competing_power[6]_i_2/O
                         net (fo=5, routed)           0.318     4.650    sfo/residual_estimator/backend/peak/m_competing_power[6]_i_2_n_0
    SLICE_X177Y228       LUT4 (Prop_D6LUT_SLICEL_I2_O)
                                                      0.050     4.700 r  sfo/residual_estimator/backend/peak/m_competing_power[30]_i_103/O
                         net (fo=1, routed)           0.009     4.709    sfo/residual_estimator/backend/peak/m_competing_power[30]_i_103_n_0
    SLICE_X177Y228       CARRY8 (Prop_CARRY8_SLICEL_S[3]_CO[7])
                                                      0.154     4.863 r  sfo/residual_estimator/backend/peak/m_competing_power_reg[30]_i_34/CO[7]
                         net (fo=1, routed)           0.026     4.889    sfo/residual_estimator/backend/peak/m_competing_power_reg[30]_i_34_n_0
    SLICE_X177Y229       CARRY8 (Prop_CARRY8_SLICEL_CI_CO[7])
                                                      0.022     4.911 r  sfo/residual_estimator/backend/peak/m_competing_power_reg[30]_i_19/CO[7]
                         net (fo=1, routed)           0.402     5.313    sfo/residual_estimator/backend/peak/competing_next29_in
    SLICE_X171Y220       LUT6 (Prop_G6LUT_SLICEM_I0_O)
                                                      0.037     5.350 f  sfo/residual_estimator/backend/peak/m_competing_power[30]_i_6/O
                         net (fo=1, routed)           0.048     5.398    sfo/residual_estimator/backend/peak/m_competing_power[30]_i_6_n_0
    SLICE_X171Y220       LUT6 (Prop_H6LUT_SLICEM_I5_O)
                                                      0.053     5.451 r  sfo/residual_estimator/backend/peak/m_competing_power[30]_i_2/O
                         net (fo=64, routed)          0.448     5.899    sfo/residual_estimator/backend/peak/m_competing_power[30]_i_2_n_0
    SLICE_X178Y223       LUT3 (Prop_C6LUT_SLICEL_I1_O)
                                                      0.088     5.987 f  sfo/residual_estimator/backend/peak/m_competing_power[1]_i_2/O
                         net (fo=3, routed)           0.111     6.098    sfo/residual_estimator/backend/peak/m_competing_power[1]_i_2_n_0
    SLICE_X178Y224       LUT6 (Prop_E6LUT_SLICEL_I4_O)
                                                      0.147     6.245 r  sfo/residual_estimator/backend/peak/m_competing_power[31]_i_53/O
                         net (fo=1, routed)           0.228     6.473    sfo/residual_estimator/backend/peak/m_competing_power[31]_i_53_n_0
    SLICE_X177Y224       CARRY8 (Prop_CARRY8_SLICEL_DI[0]_CO[7])
                                                      0.131     6.604 r  sfo/residual_estimator/backend/peak/m_competing_power_reg[31]_i_28/CO[7]
                         net (fo=1, routed)           0.026     6.630    sfo/residual_estimator/backend/peak/m_competing_power_reg[31]_i_28_n_0
    SLICE_X177Y225       CARRY8 (Prop_CARRY8_SLICEL_CI_CO[7])
                                                      0.022     6.652 r  sfo/residual_estimator/backend/peak/m_competing_power_reg[31]_i_25/CO[7]
                         net (fo=1, routed)           0.427     7.079    sfo/residual_estimator/backend/peak/competing_next213_in
    SLICE_X169Y219       LUT6 (Prop_G6LUT_SLICEL_I0_O)
                                                      0.050     7.129 f  sfo/residual_estimator/backend/peak/m_competing_power[31]_i_7/O
                         net (fo=1, routed)           0.087     7.216    sfo/residual_estimator/backend/peak/m_competing_power[31]_i_7_n_0
    SLICE_X169Y219       LUT6 (Prop_H6LUT_SLICEL_I5_O)
                                                      0.051     7.267 r  sfo/residual_estimator/backend/peak/m_competing_power[31]_i_3/O
                         net (fo=32, routed)          0.444     7.711    sfo/residual_estimator/backend/peak/m_competing_power[31]_i_3_n_0
    SLICE_X178Y224       LUT5 (Prop_D6LUT_SLICEL_I4_O)
                                                      0.099     7.810 r  sfo/residual_estimator/backend/peak/m_competing_power[28]_i_1/O
                         net (fo=1, routed)           0.049     7.859    sfo/residual_estimator/backend/peak/m_competing_power[28]_i_1_n_0
    SLICE_X178Y224       FDRE                                         r  sfo/residual_estimator/backend/peak/m_competing_power_reg[28]/D
  -------------------------------------------------------------------    -------------------

                         (clock clk125 rise edge)     8.000     8.000 r  
                                                      0.000     8.000 r  clk125 (IN)
                         net (fo=95403, unset)        0.020     8.020    sfo/residual_estimator/backend/peak/clk
    SLICE_X178Y224       FDRE                                         r  sfo/residual_estimator/backend/peak/m_competing_power_reg[28]/C
                         clock pessimism              0.000     8.020    
                         clock uncertainty           -0.035     7.985    
    SLICE_X178Y224       FDRE (Setup_DFF_SLICEL_C_D)
                                                      0.025     8.010    sfo/residual_estimator/backend/peak/m_competing_power_reg[28]
  -------------------------------------------------------------------
                         required time                          8.010    
                         arrival time                          -7.859    
  -------------------------------------------------------------------
                         slack                                  0.151    

Slack (MET) :             0.152ns  (required time - arrival time)
  Source:                 sfo/residual_estimator/backend/peak/bank0_reg/CLKARDCLK
                            (rising edge-triggered cell RAMB18E2 clocked by clk125  {rise@0.000ns fall@4.000ns period=8.000ns})
  Destination:            sfo/residual_estimator/backend/peak/m_competing_power_reg[16]/D
                            (rising edge-triggered cell FDRE clocked by clk125  {rise@0.000ns fall@4.000ns period=8.000ns})
  Path Group:             clk125
  Path Type:              Setup (Max at Slow Process Corner)
  Requirement:            8.000ns  (clk125 rise@8.000ns - clk125 rise@0.000ns)
  Data Path Delay:        7.783ns  (logic 2.692ns (34.588%)  route 5.091ns (65.412%))
  Logic Levels:           21  (CARRY8=7 LUT3=2 LUT4=2 LUT5=2 LUT6=8)
  Clock Path Skew:        -0.055ns (DCD - SCD + CPR)
    Destination Clock Delay (DCD):    0.021ns = ( 8.021 - 8.000 ) 
    Source Clock Delay      (SCD):    0.076ns
    Clock Pessimism Removal (CPR):    0.000ns
  Clock Uncertainty:      0.035ns  ((TSJ^2 + TIJ^2)^1/2 + DJ) / 2 + PE
    Total System Jitter     (TSJ):    0.071ns
    Total Input Jitter      (TIJ):    0.000ns
    Discrete Jitter          (DJ):    0.000ns
    Phase Error              (PE):    0.000ns

    Location             Delay type                Incr(ns)  Path(ns)    Netlist Resource(s)
  -------------------------------------------------------------------    -------------------
                         (clock clk125 rise edge)     0.000     0.000 r  
                                                      0.000     0.000 r  clk125 (IN)
                         net (fo=95403, unset)        0.076     0.076    sfo/residual_estimator/backend/peak/clk
    RAMB18_X11Y89        RAMB18E2                                     r  sfo/residual_estimator/backend/peak/bank0_reg/CLKARDCLK
  -------------------------------------------------------------------    -------------------
    RAMB18_X11Y89        RAMB18E2 (Prop_RAMB18E2_U_RAMB181_CLKARDCLK_DOUTADOUT[5])
                                                      0.844     0.920 r  sfo/residual_estimator/backend/peak/bank0_reg/DOUTADOUT[5]
                         net (fo=7, routed)           0.413     1.333    sfo/residual_estimator/backend/peak/raw0[5]
    SLICE_X176Y221       LUT4 (Prop_C6LUT_SLICEM_I1_O)
                                                      0.088     1.421 r  sfo/residual_estimator/backend/peak/m_competing_power[30]_i_173/O
                         net (fo=1, routed)           0.021     1.442    sfo/residual_estimator/backend/peak/m_competing_power[30]_i_173_n_0
    SLICE_X176Y221       CARRY8 (Prop_CARRY8_SLICEM_S[2]_CO[7])
                                                      0.161     1.603 r  sfo/residual_estimator/backend/peak/m_competing_power_reg[30]_i_72/CO[7]
                         net (fo=1, routed)           0.026     1.629    sfo/residual_estimator/backend/peak/m_competing_power_reg[30]_i_72_n_0
    SLICE_X176Y222       CARRY8 (Prop_CARRY8_SLICEM_CI_CO[7])
                                                      0.022     1.651 r  sfo/residual_estimator/backend/peak/m_competing_power_reg[30]_i_32/CO[7]
                         net (fo=1, routed)           0.286     1.937    sfo/residual_estimator/backend/peak/competing_next2
    SLICE_X172Y218       LUT6 (Prop_H6LUT_SLICEL_I5_O)
                                                      0.090     2.027 r  sfo/residual_estimator/backend/peak/m_competing_power[30]_i_8/O
                         net (fo=96, routed)          0.476     2.503    sfo/residual_estimator/backend/peak/m_competing_power[30]_i_8_n_0
    SLICE_X176Y225       LUT3 (Prop_C5LUT_SLICEM_I1_O)
                                                      0.137     2.640 f  sfo/residual_estimator/backend/peak/m_competing_power[30]_i_141/O
                         net (fo=1, routed)           0.229     2.869    sfo/residual_estimator/backend/peak/m_competing_power[30]_i_141_n_0
    SLICE_X176Y225       LUT6 (Prop_G6LUT_SLICEM_I1_O)
                                                      0.052     2.921 r  sfo/residual_estimator/backend/peak/m_competing_power[30]_i_61/O
                         net (fo=1, routed)           0.185     3.106    sfo/residual_estimator/backend/peak/m_competing_power[30]_i_61_n_0
    SLICE_X176Y224       CARRY8 (Prop_CARRY8_SLICEM_DI[0]_CO[7])
                                                      0.140     3.246 r  sfo/residual_estimator/backend/peak/m_competing_power_reg[30]_i_26/CO[7]
                         net (fo=1, routed)           0.394     3.640    sfo/residual_estimator/backend/peak/competing_next25_in
    SLICE_X170Y217       LUT6 (Prop_H6LUT_SLICEL_I5_O)
                                                      0.036     3.676 r  sfo/residual_estimator/backend/peak/m_competing_power[30]_i_7/O
                         net (fo=32, routed)          0.491     4.167    sfo/residual_estimator/backend/peak/m_competing_power[30]_i_7_n_0
    SLICE_X178Y223       LUT5 (Prop_B5LUT_SLICEL_I1_O)
                                                      0.165     4.332 r  sfo/residual_estimator/backend/peak/m_competing_power[6]_i_2/O
                         net (fo=5, routed)           0.318     4.650    sfo/residual_estimator/backend/peak/m_competing_power[6]_i_2_n_0
    SLICE_X177Y228       LUT4 (Prop_D6LUT_SLICEL_I2_O)
                                                      0.050     4.700 r  sfo/residual_estimator/backend/peak/m_competing_power[30]_i_103/O
                         net (fo=1, routed)           0.009     4.709    sfo/residual_estimator/backend/peak/m_competing_power[30]_i_103_n_0
    SLICE_X177Y228       CARRY8 (Prop_CARRY8_SLICEL_S[3]_CO[7])
                                                      0.154     4.863 r  sfo/residual_estimator/backend/peak/m_competing_power_reg[30]_i_34/CO[7]
                         net (fo=1, routed)           0.026     4.889    sfo/residual_estimator/backend/peak/m_competing_power_reg[30]_i_34_n_0
    SLICE_X177Y229       CARRY8 (Prop_CARRY8_SLICEL_CI_CO[7])
                                                      0.022     4.911 r  sfo/residual_estimator/backend/peak/m_competing_power_reg[30]_i_19/CO[7]
                         net (fo=1, routed)           0.402     5.313    sfo/residual_estimator/backend/peak/competing_next29_in
    SLICE_X171Y220       LUT6 (Prop_G6LUT_SLICEM_I0_O)
                                                      0.037     5.350 f  sfo/residual_estimator/backend/peak/m_competing_power[30]_i_6/O
                         net (fo=1, routed)           0.048     5.398    sfo/residual_estimator/backend/peak/m_competing_power[30]_i_6_n_0
    SLICE_X171Y220       LUT6 (Prop_H6LUT_SLICEM_I5_O)
                                                      0.053     5.451 r  sfo/residual_estimator/backend/peak/m_competing_power[30]_i_2/O
                         net (fo=64, routed)          0.448     5.899    sfo/residual_estimator/backend/peak/m_competing_power[30]_i_2_n_0
    SLICE_X178Y223       LUT3 (Prop_C6LUT_SLICEL_I1_O)
                                                      0.088     5.987 f  sfo/residual_estimator/backend/peak/m_competing_power[1]_i_2/O
                         net (fo=3, routed)           0.111     6.098    sfo/residual_estimator/backend/peak/m_competing_power[1]_i_2_n_0
    SLICE_X178Y224       LUT6 (Prop_E6LUT_SLICEL_I4_O)
                                                      0.147     6.245 r  sfo/residual_estimator/backend/peak/m_competing_power[31]_i_53/O
                         net (fo=1, routed)           0.228     6.473    sfo/residual_estimator/backend/peak/m_competing_power[31]_i_53_n_0
    SLICE_X177Y224       CARRY8 (Prop_CARRY8_SLICEL_DI[0]_CO[7])
                                                      0.131     6.604 r  sfo/residual_estimator/backend/peak/m_competing_power_reg[31]_i_28/CO[7]
                         net (fo=1, routed)           0.026     6.630    sfo/residual_estimator/backend/peak/m_competing_power_reg[31]_i_28_n_0
    SLICE_X177Y225       CARRY8 (Prop_CARRY8_SLICEL_CI_CO[7])
                                                      0.022     6.652 r  sfo/residual_estimator/backend/peak/m_competing_power_reg[31]_i_25/CO[7]
                         net (fo=1, routed)           0.427     7.079    sfo/residual_estimator/backend/peak/competing_next213_in
    SLICE_X169Y219       LUT6 (Prop_G6LUT_SLICEL_I0_O)
                                                      0.050     7.129 f  sfo/residual_estimator/backend/peak/m_competing_power[31]_i_7/O
                         net (fo=1, routed)           0.087     7.216    sfo/residual_estimator/backend/peak/m_competing_power[31]_i_7_n_0
    SLICE_X169Y219       LUT6 (Prop_H6LUT_SLICEL_I5_O)
                                                      0.051     7.267 r  sfo/residual_estimator/backend/peak/m_competing_power[31]_i_3/O
                         net (fo=32, routed)          0.382     7.649    sfo/residual_estimator/backend/peak/m_competing_power[31]_i_3_n_0
    SLICE_X176Y226       LUT5 (Prop_H6LUT_SLICEM_I4_O)
                                                      0.152     7.801 r  sfo/residual_estimator/backend/peak/m_competing_power[16]_i_1/O
                         net (fo=1, routed)           0.058     7.859    sfo/residual_estimator/backend/peak/m_competing_power[16]_i_1_n_0
    SLICE_X176Y226       FDRE                                         r  sfo/residual_estimator/backend/peak/m_competing_power_reg[16]/D
  -------------------------------------------------------------------    -------------------

                         (clock clk125 rise edge)     8.000     8.000 r  
                                                      0.000     8.000 r  clk125 (IN)
                         net (fo=95403, unset)        0.021     8.021    sfo/residual_estimator/backend/peak/clk
    SLICE_X176Y226       FDRE                                         r  sfo/residual_estimator/backend/peak/m_competing_power_reg[16]/C
                         clock pessimism              0.000     8.021    
                         clock uncertainty           -0.035     7.986    
    SLICE_X176Y226       FDRE (Setup_HFF_SLICEM_C_D)
                                                      0.025     8.011    sfo/residual_estimator/backend/peak/m_competing_power_reg[16]
  -------------------------------------------------------------------
                         required time                          8.011    
                         arrival time                          -7.859    
  -------------------------------------------------------------------
                         slack                                  0.152    

Slack (MET) :             0.161ns  (required time - arrival time)
  Source:                 sfo/residual_estimator/backend/peak/bank0_reg/CLKARDCLK
                            (rising edge-triggered cell RAMB18E2 clocked by clk125  {rise@0.000ns fall@4.000ns period=8.000ns})
  Destination:            sfo/residual_estimator/backend/peak/m_competing_power_reg[2]/D
                            (rising edge-triggered cell FDRE clocked by clk125  {rise@0.000ns fall@4.000ns period=8.000ns})
  Path Group:             clk125
  Path Type:              Setup (Max at Slow Process Corner)
  Requirement:            8.000ns  (clk125 rise@8.000ns - clk125 rise@0.000ns)
  Data Path Delay:        7.773ns  (logic 2.630ns (33.835%)  route 5.143ns (66.165%))
  Logic Levels:           21  (CARRY8=7 LUT3=2 LUT4=2 LUT5=2 LUT6=8)
  Clock Path Skew:        -0.056ns (DCD - SCD + CPR)
    Destination Clock Delay (DCD):    0.020ns = ( 8.020 - 8.000 ) 
    Source Clock Delay      (SCD):    0.076ns
    Clock Pessimism Removal (CPR):    0.000ns
  Clock Uncertainty:      0.035ns  ((TSJ^2 + TIJ^2)^1/2 + DJ) / 2 + PE
    Total System Jitter     (TSJ):    0.071ns
    Total Input Jitter      (TIJ):    0.000ns
    Discrete Jitter          (DJ):    0.000ns
    Phase Error              (PE):    0.000ns

    Location             Delay type                Incr(ns)  Path(ns)    Netlist Resource(s)
  -------------------------------------------------------------------    -------------------
                         (clock clk125 rise edge)     0.000     0.000 r  
                                                      0.000     0.000 r  clk125 (IN)
                         net (fo=95403, unset)        0.076     0.076    sfo/residual_estimator/backend/peak/clk
    RAMB18_X11Y89        RAMB18E2                                     r  sfo/residual_estimator/backend/peak/bank0_reg/CLKARDCLK
  -------------------------------------------------------------------    -------------------
    RAMB18_X11Y89        RAMB18E2 (Prop_RAMB18E2_U_RAMB181_CLKARDCLK_DOUTADOUT[5])
                                                      0.844     0.920 r  sfo/residual_estimator/backend/peak/bank0_reg/DOUTADOUT[5]
                         net (fo=7, routed)           0.413     1.333    sfo/residual_estimator/backend/peak/raw0[5]
    SLICE_X176Y221       LUT4 (Prop_C6LUT_SLICEM_I1_O)
                                                      0.088     1.421 r  sfo/residual_estimator/backend/peak/m_competing_power[30]_i_173/O
                         net (fo=1, routed)           0.021     1.442    sfo/residual_estimator/backend/peak/m_competing_power[30]_i_173_n_0
    SLICE_X176Y221       CARRY8 (Prop_CARRY8_SLICEM_S[2]_CO[7])
                                                      0.161     1.603 r  sfo/residual_estimator/backend/peak/m_competing_power_reg[30]_i_72/CO[7]
                         net (fo=1, routed)           0.026     1.629    sfo/residual_estimator/backend/peak/m_competing_power_reg[30]_i_72_n_0
    SLICE_X176Y222       CARRY8 (Prop_CARRY8_SLICEM_CI_CO[7])
                                                      0.022     1.651 r  sfo/residual_estimator/backend/peak/m_competing_power_reg[30]_i_32/CO[7]
                         net (fo=1, routed)           0.286     1.937    sfo/residual_estimator/backend/peak/competing_next2
    SLICE_X172Y218       LUT6 (Prop_H6LUT_SLICEL_I5_O)
                                                      0.090     2.027 r  sfo/residual_estimator/backend/peak/m_competing_power[30]_i_8/O
                         net (fo=96, routed)          0.476     2.503    sfo/residual_estimator/backend/peak/m_competing_power[30]_i_8_n_0
    SLICE_X176Y225       LUT3 (Prop_C5LUT_SLICEM_I1_O)
                                                      0.137     2.640 f  sfo/residual_estimator/backend/peak/m_competing_power[30]_i_141/O
                         net (fo=1, routed)           0.229     2.869    sfo/residual_estimator/backend/peak/m_competing_power[30]_i_141_n_0
    SLICE_X176Y225       LUT6 (Prop_G6LUT_SLICEM_I1_O)
                                                      0.052     2.921 r  sfo/residual_estimator/backend/peak/m_competing_power[30]_i_61/O
                         net (fo=1, routed)           0.185     3.106    sfo/residual_estimator/backend/peak/m_competing_power[30]_i_61_n_0
    SLICE_X176Y224       CARRY8 (Prop_CARRY8_SLICEM_DI[0]_CO[7])
                                                      0.140     3.246 r  sfo/residual_estimator/backend/peak/m_competing_power_reg[30]_i_26/CO[7]
                         net (fo=1, routed)           0.394     3.640    sfo/residual_estimator/backend/peak/competing_next25_in
    SLICE_X170Y217       LUT6 (Prop_H6LUT_SLICEL_I5_O)
                                                      0.036     3.676 r  sfo/residual_estimator/backend/peak/m_competing_power[30]_i_7/O
                         net (fo=32, routed)          0.491     4.167    sfo/residual_estimator/backend/peak/m_competing_power[30]_i_7_n_0
    SLICE_X178Y223       LUT5 (Prop_B5LUT_SLICEL_I1_O)
                                                      0.165     4.332 r  sfo/residual_estimator/backend/peak/m_competing_power[6]_i_2/O
                         net (fo=5, routed)           0.318     4.650    sfo/residual_estimator/backend/peak/m_competing_power[6]_i_2_n_0
    SLICE_X177Y228       LUT4 (Prop_D6LUT_SLICEL_I2_O)
                                                      0.050     4.700 r  sfo/residual_estimator/backend/peak/m_competing_power[30]_i_103/O
                         net (fo=1, routed)           0.009     4.709    sfo/residual_estimator/backend/peak/m_competing_power[30]_i_103_n_0
    SLICE_X177Y228       CARRY8 (Prop_CARRY8_SLICEL_S[3]_CO[7])
                                                      0.154     4.863 r  sfo/residual_estimator/backend/peak/m_competing_power_reg[30]_i_34/CO[7]
                         net (fo=1, routed)           0.026     4.889    sfo/residual_estimator/backend/peak/m_competing_power_reg[30]_i_34_n_0
    SLICE_X177Y229       CARRY8 (Prop_CARRY8_SLICEL_CI_CO[7])
                                                      0.022     4.911 r  sfo/residual_estimator/backend/peak/m_competing_power_reg[30]_i_19/CO[7]
                         net (fo=1, routed)           0.402     5.313    sfo/residual_estimator/backend/peak/competing_next29_in
    SLICE_X171Y220       LUT6 (Prop_G6LUT_SLICEM_I0_O)
                                                      0.037     5.350 f  sfo/residual_estimator/backend/peak/m_competing_power[30]_i_6/O
                         net (fo=1, routed)           0.048     5.398    sfo/residual_estimator/backend/peak/m_competing_power[30]_i_6_n_0
    SLICE_X171Y220       LUT6 (Prop_H6LUT_SLICEM_I5_O)
                                                      0.053     5.451 r  sfo/residual_estimator/backend/peak/m_competing_power[30]_i_2/O
                         net (fo=64, routed)          0.448     5.899    sfo/residual_estimator/backend/peak/m_competing_power[30]_i_2_n_0
    SLICE_X178Y223       LUT3 (Prop_C6LUT_SLICEL_I1_O)
                                                      0.088     5.987 f  sfo/residual_estimator/backend/peak/m_competing_power[1]_i_2/O
                         net (fo=3, routed)           0.111     6.098    sfo/residual_estimator/backend/peak/m_competing_power[1]_i_2_n_0
    SLICE_X178Y224       LUT6 (Prop_E6LUT_SLICEL_I4_O)
                                                      0.147     6.245 r  sfo/residual_estimator/backend/peak/m_competing_power[31]_i_53/O
                         net (fo=1, routed)           0.228     6.473    sfo/residual_estimator/backend/peak/m_competing_power[31]_i_53_n_0
    SLICE_X177Y224       CARRY8 (Prop_CARRY8_SLICEL_DI[0]_CO[7])
                                                      0.131     6.604 r  sfo/residual_estimator/backend/peak/m_competing_power_reg[31]_i_28/CO[7]
                         net (fo=1, routed)           0.026     6.630    sfo/residual_estimator/backend/peak/m_competing_power_reg[31]_i_28_n_0
    SLICE_X177Y225       CARRY8 (Prop_CARRY8_SLICEL_CI_CO[7])
                                                      0.022     6.652 r  sfo/residual_estimator/backend/peak/m_competing_power_reg[31]_i_25/CO[7]
                         net (fo=1, routed)           0.427     7.079    sfo/residual_estimator/backend/peak/competing_next213_in
    SLICE_X169Y219       LUT6 (Prop_G6LUT_SLICEL_I0_O)
                                                      0.050     7.129 f  sfo/residual_estimator/backend/peak/m_competing_power[31]_i_7/O
                         net (fo=1, routed)           0.087     7.216    sfo/residual_estimator/backend/peak/m_competing_power[31]_i_7_n_0
    SLICE_X169Y219       LUT6 (Prop_H6LUT_SLICEL_I5_O)
                                                      0.051     7.267 r  sfo/residual_estimator/backend/peak/m_competing_power[31]_i_3/O
                         net (fo=32, routed)          0.441     7.708    sfo/residual_estimator/backend/peak/m_competing_power[31]_i_3_n_0
    SLICE_X177Y221       LUT5 (Prop_H6LUT_SLICEL_I4_O)
                                                      0.090     7.798 r  sfo/residual_estimator/backend/peak/m_competing_power[2]_i_1/O
                         net (fo=1, routed)           0.051     7.849    sfo/residual_estimator/backend/peak/m_competing_power[2]_i_1_n_0
    SLICE_X177Y221       FDRE                                         r  sfo/residual_estimator/backend/peak/m_competing_power_reg[2]/D
  -------------------------------------------------------------------    -------------------

                         (clock clk125 rise edge)     8.000     8.000 r  
                                                      0.000     8.000 r  clk125 (IN)
                         net (fo=95403, unset)        0.020     8.020    sfo/residual_estimator/backend/peak/clk
    SLICE_X177Y221       FDRE                                         r  sfo/residual_estimator/backend/peak/m_competing_power_reg[2]/C
                         clock pessimism              0.000     8.020    
                         clock uncertainty           -0.035     7.985    
    SLICE_X177Y221       FDRE (Setup_HFF_SLICEL_C_D)
                                                      0.025     8.010    sfo/residual_estimator/backend/peak/m_competing_power_reg[2]
  -------------------------------------------------------------------
                         required time                          8.010    
                         arrival time                          -7.849    
  -------------------------------------------------------------------
                         slack                                  0.161    

Slack (MET) :             0.166ns  (required time - arrival time)
  Source:                 sfo/residual_estimator/backend/peak/bank0_reg/CLKARDCLK
                            (rising edge-triggered cell RAMB18E2 clocked by clk125  {rise@0.000ns fall@4.000ns period=8.000ns})
  Destination:            sfo/residual_estimator/backend/peak/m_competing_power_reg[7]/D
                            (rising edge-triggered cell FDRE clocked by clk125  {rise@0.000ns fall@4.000ns period=8.000ns})
  Path Group:             clk125
  Path Type:              Setup (Max at Slow Process Corner)
  Requirement:            8.000ns  (clk125 rise@8.000ns - clk125 rise@0.000ns)
  Data Path Delay:        7.768ns  (logic 2.629ns (33.844%)  route 5.139ns (66.156%))
  Logic Levels:           21  (CARRY8=7 LUT3=3 LUT4=2 LUT5=1 LUT6=8)
  Clock Path Skew:        -0.056ns (DCD - SCD + CPR)
    Destination Clock Delay (DCD):    0.020ns = ( 8.020 - 8.000 ) 
    Source Clock Delay      (SCD):    0.076ns
    Clock Pessimism Removal (CPR):    0.000ns
  Clock Uncertainty:      0.035ns  ((TSJ^2 + TIJ^2)^1/2 + DJ) / 2 + PE
    Total System Jitter     (TSJ):    0.071ns
    Total Input Jitter      (TIJ):    0.000ns
    Discrete Jitter          (DJ):    0.000ns
    Phase Error              (PE):    0.000ns

    Location             Delay type                Incr(ns)  Path(ns)    Netlist Resource(s)
  -------------------------------------------------------------------    -------------------
                         (clock clk125 rise edge)     0.000     0.000 r  
                                                      0.000     0.000 r  clk125 (IN)
                         net (fo=95403, unset)        0.076     0.076    sfo/residual_estimator/backend/peak/clk
    RAMB18_X11Y89        RAMB18E2                                     r  sfo/residual_estimator/backend/peak/bank0_reg/CLKARDCLK
  -------------------------------------------------------------------    -------------------
    RAMB18_X11Y89        RAMB18E2 (Prop_RAMB18E2_U_RAMB181_CLKARDCLK_DOUTADOUT[5])
                                                      0.844     0.920 r  sfo/residual_estimator/backend/peak/bank0_reg/DOUTADOUT[5]
                         net (fo=7, routed)           0.413     1.333    sfo/residual_estimator/backend/peak/raw0[5]
    SLICE_X176Y221       LUT4 (Prop_C6LUT_SLICEM_I1_O)
                                                      0.088     1.421 r  sfo/residual_estimator/backend/peak/m_competing_power[30]_i_173/O
                         net (fo=1, routed)           0.021     1.442    sfo/residual_estimator/backend/peak/m_competing_power[30]_i_173_n_0
    SLICE_X176Y221       CARRY8 (Prop_CARRY8_SLICEM_S[2]_CO[7])
                                                      0.161     1.603 r  sfo/residual_estimator/backend/peak/m_competing_power_reg[30]_i_72/CO[7]
                         net (fo=1, routed)           0.026     1.629    sfo/residual_estimator/backend/peak/m_competing_power_reg[30]_i_72_n_0
    SLICE_X176Y222       CARRY8 (Prop_CARRY8_SLICEM_CI_CO[7])
                                                      0.022     1.651 r  sfo/residual_estimator/backend/peak/m_competing_power_reg[30]_i_32/CO[7]
                         net (fo=1, routed)           0.286     1.937    sfo/residual_estimator/backend/peak/competing_next2
    SLICE_X172Y218       LUT6 (Prop_H6LUT_SLICEL_I5_O)
                                                      0.090     2.027 r  sfo/residual_estimator/backend/peak/m_competing_power[30]_i_8/O
                         net (fo=96, routed)          0.476     2.503    sfo/residual_estimator/backend/peak/m_competing_power[30]_i_8_n_0
    SLICE_X176Y225       LUT3 (Prop_C5LUT_SLICEM_I1_O)
                                                      0.137     2.640 f  sfo/residual_estimator/backend/peak/m_competing_power[30]_i_141/O
                         net (fo=1, routed)           0.229     2.869    sfo/residual_estimator/backend/peak/m_competing_power[30]_i_141_n_0
    SLICE_X176Y225       LUT6 (Prop_G6LUT_SLICEM_I1_O)
                                                      0.052     2.921 r  sfo/residual_estimator/backend/peak/m_competing_power[30]_i_61/O
                         net (fo=1, routed)           0.185     3.106    sfo/residual_estimator/backend/peak/m_competing_power[30]_i_61_n_0
    SLICE_X176Y224       CARRY8 (Prop_CARRY8_SLICEM_DI[0]_CO[7])
                                                      0.140     3.246 r  sfo/residual_estimator/backend/peak/m_competing_power_reg[30]_i_26/CO[7]
                         net (fo=1, routed)           0.394     3.640    sfo/residual_estimator/backend/peak/competing_next25_in
    SLICE_X170Y217       LUT6 (Prop_H6LUT_SLICEL_I5_O)
                                                      0.036     3.676 r  sfo/residual_estimator/backend/peak/m_competing_power[30]_i_7/O
                         net (fo=32, routed)          0.491     4.167    sfo/residual_estimator/backend/peak/m_competing_power[30]_i_7_n_0
    SLICE_X178Y223       LUT5 (Prop_B5LUT_SLICEL_I1_O)
                                                      0.165     4.332 r  sfo/residual_estimator/backend/peak/m_competing_power[6]_i_2/O
                         net (fo=5, routed)           0.318     4.650    sfo/residual_estimator/backend/peak/m_competing_power[6]_i_2_n_0
    SLICE_X177Y228       LUT4 (Prop_D6LUT_SLICEL_I2_O)
                                                      0.050     4.700 r  sfo/residual_estimator/backend/peak/m_competing_power[30]_i_103/O
                         net (fo=1, routed)           0.009     4.709    sfo/residual_estimator/backend/peak/m_competing_power[30]_i_103_n_0
    SLICE_X177Y228       CARRY8 (Prop_CARRY8_SLICEL_S[3]_CO[7])
                                                      0.154     4.863 r  sfo/residual_estimator/backend/peak/m_competing_power_reg[30]_i_34/CO[7]
                         net (fo=1, routed)           0.026     4.889    sfo/residual_estimator/backend/peak/m_competing_power_reg[30]_i_34_n_0
    SLICE_X177Y229       CARRY8 (Prop_CARRY8_SLICEL_CI_CO[7])
                                                      0.022     4.911 r  sfo/residual_estimator/backend/peak/m_competing_power_reg[30]_i_19/CO[7]
                         net (fo=1, routed)           0.402     5.313    sfo/residual_estimator/backend/peak/competing_next29_in
    SLICE_X171Y220       LUT6 (Prop_G6LUT_SLICEM_I0_O)
                                                      0.037     5.350 f  sfo/residual_estimator/backend/peak/m_competing_power[30]_i_6/O
                         net (fo=1, routed)           0.048     5.398    sfo/residual_estimator/backend/peak/m_competing_power[30]_i_6_n_0
    SLICE_X171Y220       LUT6 (Prop_H6LUT_SLICEM_I5_O)
                                                      0.053     5.451 r  sfo/residual_estimator/backend/peak/m_competing_power[30]_i_2/O
                         net (fo=64, routed)          0.448     5.899    sfo/residual_estimator/backend/peak/m_competing_power[30]_i_2_n_0
    SLICE_X178Y223       LUT3 (Prop_C6LUT_SLICEL_I1_O)
                                                      0.088     5.987 f  sfo/residual_estimator/backend/peak/m_competing_power[1]_i_2/O
                         net (fo=3, routed)           0.111     6.098    sfo/residual_estimator/backend/peak/m_competing_power[1]_i_2_n_0
    SLICE_X178Y224       LUT6 (Prop_E6LUT_SLICEL_I4_O)
                                                      0.147     6.245 r  sfo/residual_estimator/backend/peak/m_competing_power[31]_i_53/O
                         net (fo=1, routed)           0.228     6.473    sfo/residual_estimator/backend/peak/m_competing_power[31]_i_53_n_0
    SLICE_X177Y224       CARRY8 (Prop_CARRY8_SLICEL_DI[0]_CO[7])
                                                      0.131     6.604 r  sfo/residual_estimator/backend/peak/m_competing_power_reg[31]_i_28/CO[7]
                         net (fo=1, routed)           0.026     6.630    sfo/residual_estimator/backend/peak/m_competing_power_reg[31]_i_28_n_0
    SLICE_X177Y225       CARRY8 (Prop_CARRY8_SLICEL_CI_CO[7])
                                                      0.022     6.652 r  sfo/residual_estimator/backend/peak/m_competing_power_reg[31]_i_25/CO[7]
                         net (fo=1, routed)           0.427     7.079    sfo/residual_estimator/backend/peak/competing_next213_in
    SLICE_X169Y219       LUT6 (Prop_G6LUT_SLICEL_I0_O)
                                                      0.050     7.129 f  sfo/residual_estimator/backend/peak/m_competing_power[31]_i_7/O
                         net (fo=1, routed)           0.087     7.216    sfo/residual_estimator/backend/peak/m_competing_power[31]_i_7_n_0
    SLICE_X169Y219       LUT6 (Prop_H6LUT_SLICEL_I5_O)
                                                      0.051     7.267 r  sfo/residual_estimator/backend/peak/m_competing_power[31]_i_3/O
                         net (fo=32, routed)          0.439     7.706    sfo/residual_estimator/backend/peak/m_competing_power[31]_i_3_n_0
    SLICE_X178Y222       LUT3 (Prop_D6LUT_SLICEL_I1_O)
                                                      0.089     7.795 r  sfo/residual_estimator/backend/peak/m_competing_power[7]_i_1/O
                         net (fo=1, routed)           0.049     7.844    sfo/residual_estimator/backend/peak/m_competing_power[7]_i_1_n_0
    SLICE_X178Y222       FDRE                                         r  sfo/residual_estimator/backend/peak/m_competing_power_reg[7]/D
  -------------------------------------------------------------------    -------------------

                         (clock clk125 rise edge)     8.000     8.000 r  
                                                      0.000     8.000 r  clk125 (IN)
                         net (fo=95403, unset)        0.020     8.020    sfo/residual_estimator/backend/peak/clk
    SLICE_X178Y222       FDRE                                         r  sfo/residual_estimator/backend/peak/m_competing_power_reg[7]/C
                         clock pessimism              0.000     8.020    
                         clock uncertainty           -0.035     7.985    
    SLICE_X178Y222       FDRE (Setup_DFF_SLICEL_C_D)
                                                      0.025     8.010    sfo/residual_estimator/backend/peak/m_competing_power_reg[7]
  -------------------------------------------------------------------
                         required time                          8.010    
                         arrival time                          -7.844    
  -------------------------------------------------------------------
                         slack                                  0.166    

Slack (MET) :             0.168ns  (required time - arrival time)
  Source:                 sfo/residual_estimator/backend/peak/bank0_reg/CLKARDCLK
                            (rising edge-triggered cell RAMB18E2 clocked by clk125  {rise@0.000ns fall@4.000ns period=8.000ns})
  Destination:            sfo/residual_estimator/backend/peak/m_competing_power_reg[8]/D
                            (rising edge-triggered cell FDRE clocked by clk125  {rise@0.000ns fall@4.000ns period=8.000ns})
  Path Group:             clk125
  Path Type:              Setup (Max at Slow Process Corner)
  Requirement:            8.000ns  (clk125 rise@8.000ns - clk125 rise@0.000ns)
  Data Path Delay:        7.766ns  (logic 2.575ns (33.157%)  route 5.191ns (66.843%))
  Logic Levels:           21  (CARRY8=7 LUT3=2 LUT4=2 LUT5=2 LUT6=8)
  Clock Path Skew:        -0.056ns (DCD - SCD + CPR)
    Destination Clock Delay (DCD):    0.020ns = ( 8.020 - 8.000 ) 
    Source Clock Delay      (SCD):    0.076ns
    Clock Pessimism Removal (CPR):    0.000ns
  Clock Uncertainty:      0.035ns  ((TSJ^2 + TIJ^2)^1/2 + DJ) / 2 + PE
    Total System Jitter     (TSJ):    0.071ns
    Total Input Jitter      (TIJ):    0.000ns
    Discrete Jitter          (DJ):    0.000ns
    Phase Error              (PE):    0.000ns

    Location             Delay type                Incr(ns)  Path(ns)    Netlist Resource(s)
  -------------------------------------------------------------------    -------------------
                         (clock clk125 rise edge)     0.000     0.000 r  
                                                      0.000     0.000 r  clk125 (IN)
                         net (fo=95403, unset)        0.076     0.076    sfo/residual_estimator/backend/peak/clk
    RAMB18_X11Y89        RAMB18E2                                     r  sfo/residual_estimator/backend/peak/bank0_reg/CLKARDCLK
  -------------------------------------------------------------------    -------------------
    RAMB18_X11Y89        RAMB18E2 (Prop_RAMB18E2_U_RAMB181_CLKARDCLK_DOUTADOUT[5])
                                                      0.844     0.920 r  sfo/residual_estimator/backend/peak/bank0_reg/DOUTADOUT[5]
                         net (fo=7, routed)           0.413     1.333    sfo/residual_estimator/backend/peak/raw0[5]
    SLICE_X176Y221       LUT4 (Prop_C6LUT_SLICEM_I1_O)
                                                      0.088     1.421 r  sfo/residual_estimator/backend/peak/m_competing_power[30]_i_173/O
                         net (fo=1, routed)           0.021     1.442    sfo/residual_estimator/backend/peak/m_competing_power[30]_i_173_n_0
    SLICE_X176Y221       CARRY8 (Prop_CARRY8_SLICEM_S[2]_CO[7])
                                                      0.161     1.603 r  sfo/residual_estimator/backend/peak/m_competing_power_reg[30]_i_72/CO[7]
                         net (fo=1, routed)           0.026     1.629    sfo/residual_estimator/backend/peak/m_competing_power_reg[30]_i_72_n_0
    SLICE_X176Y222       CARRY8 (Prop_CARRY8_SLICEM_CI_CO[7])
                                                      0.022     1.651 r  sfo/residual_estimator/backend/peak/m_competing_power_reg[30]_i_32/CO[7]
                         net (fo=1, routed)           0.286     1.937    sfo/residual_estimator/backend/peak/competing_next2
    SLICE_X172Y218       LUT6 (Prop_H6LUT_SLICEL_I5_O)
                                                      0.090     2.027 r  sfo/residual_estimator/backend/peak/m_competing_power[30]_i_8/O
                         net (fo=96, routed)          0.476     2.503    sfo/residual_estimator/backend/peak/m_competing_power[30]_i_8_n_0
    SLICE_X176Y225       LUT3 (Prop_C5LUT_SLICEM_I1_O)
                                                      0.137     2.640 f  sfo/residual_estimator/backend/peak/m_competing_power[30]_i_141/O
                         net (fo=1, routed)           0.229     2.869    sfo/residual_estimator/backend/peak/m_competing_power[30]_i_141_n_0
    SLICE_X176Y225       LUT6 (Prop_G6LUT_SLICEM_I1_O)
                                                      0.052     2.921 r  sfo/residual_estimator/backend/peak/m_competing_power[30]_i_61/O
                         net (fo=1, routed)           0.185     3.106    sfo/residual_estimator/backend/peak/m_competing_power[30]_i_61_n_0
    SLICE_X176Y224       CARRY8 (Prop_CARRY8_SLICEM_DI[0]_CO[7])
                                                      0.140     3.246 r  sfo/residual_estimator/backend/peak/m_competing_power_reg[30]_i_26/CO[7]
                         net (fo=1, routed)           0.394     3.640    sfo/residual_estimator/backend/peak/competing_next25_in
    SLICE_X170Y217       LUT6 (Prop_H6LUT_SLICEL_I5_O)
                                                      0.036     3.676 r  sfo/residual_estimator/backend/peak/m_competing_power[30]_i_7/O
                         net (fo=32, routed)          0.491     4.167    sfo/residual_estimator/backend/peak/m_competing_power[30]_i_7_n_0
    SLICE_X178Y223       LUT5 (Prop_B5LUT_SLICEL_I1_O)
                                                      0.165     4.332 r  sfo/residual_estimator/backend/peak/m_competing_power[6]_i_2/O
                         net (fo=5, routed)           0.318     4.650    sfo/residual_estimator/backend/peak/m_competing_power[6]_i_2_n_0
    SLICE_X177Y228       LUT4 (Prop_D6LUT_SLICEL_I2_O)
                                                      0.050     4.700 r  sfo/residual_estimator/backend/peak/m_competing_power[30]_i_103/O
                         net (fo=1, routed)           0.009     4.709    sfo/residual_estimator/backend/peak/m_competing_power[30]_i_103_n_0
    SLICE_X177Y228       CARRY8 (Prop_CARRY8_SLICEL_S[3]_CO[7])
                                                      0.154     4.863 r  sfo/residual_estimator/backend/peak/m_competing_power_reg[30]_i_34/CO[7]
                         net (fo=1, routed)           0.026     4.889    sfo/residual_estimator/backend/peak/m_competing_power_reg[30]_i_34_n_0
    SLICE_X177Y229       CARRY8 (Prop_CARRY8_SLICEL_CI_CO[7])
                                                      0.022     4.911 r  sfo/residual_estimator/backend/peak/m_competing_power_reg[30]_i_19/CO[7]
                         net (fo=1, routed)           0.402     5.313    sfo/residual_estimator/backend/peak/competing_next29_in
    SLICE_X171Y220       LUT6 (Prop_G6LUT_SLICEM_I0_O)
                                                      0.037     5.350 f  sfo/residual_estimator/backend/peak/m_competing_power[30]_i_6/O
                         net (fo=1, routed)           0.048     5.398    sfo/residual_estimator/backend/peak/m_competing_power[30]_i_6_n_0
    SLICE_X171Y220       LUT6 (Prop_H6LUT_SLICEM_I5_O)
                                                      0.053     5.451 r  sfo/residual_estimator/backend/peak/m_competing_power[30]_i_2/O
                         net (fo=64, routed)          0.448     5.899    sfo/residual_estimator/backend/peak/m_competing_power[30]_i_2_n_0
    SLICE_X178Y223       LUT3 (Prop_C6LUT_SLICEL_I1_O)
                                                      0.088     5.987 f  sfo/residual_estimator/backend/peak/m_competing_power[1]_i_2/O
                         net (fo=3, routed)           0.111     6.098    sfo/residual_estimator/backend/peak/m_competing_power[1]_i_2_n_0
    SLICE_X178Y224       LUT6 (Prop_E6LUT_SLICEL_I4_O)
                                                      0.147     6.245 r  sfo/residual_estimator/backend/peak/m_competing_power[31]_i_53/O
                         net (fo=1, routed)           0.228     6.473    sfo/residual_estimator/backend/peak/m_competing_power[31]_i_53_n_0
    SLICE_X177Y224       CARRY8 (Prop_CARRY8_SLICEL_DI[0]_CO[7])
                                                      0.131     6.604 r  sfo/residual_estimator/backend/peak/m_competing_power_reg[31]_i_28/CO[7]
                         net (fo=1, routed)           0.026     6.630    sfo/residual_estimator/backend/peak/m_competing_power_reg[31]_i_28_n_0
    SLICE_X177Y225       CARRY8 (Prop_CARRY8_SLICEL_CI_CO[7])
                                                      0.022     6.652 r  sfo/residual_estimator/backend/peak/m_competing_power_reg[31]_i_25/CO[7]
                         net (fo=1, routed)           0.427     7.079    sfo/residual_estimator/backend/peak/competing_next213_in
    SLICE_X169Y219       LUT6 (Prop_G6LUT_SLICEL_I0_O)
                                                      0.050     7.129 f  sfo/residual_estimator/backend/peak/m_competing_power[31]_i_7/O
                         net (fo=1, routed)           0.087     7.216    sfo/residual_estimator/backend/peak/m_competing_power[31]_i_7_n_0
    SLICE_X169Y219       LUT6 (Prop_H6LUT_SLICEL_I5_O)
                                                      0.051     7.267 r  sfo/residual_estimator/backend/peak/m_competing_power[31]_i_3/O
                         net (fo=32, routed)          0.489     7.756    sfo/residual_estimator/backend/peak/m_competing_power[31]_i_3_n_0
    SLICE_X177Y221       LUT5 (Prop_F6LUT_SLICEL_I4_O)
                                                      0.035     7.791 r  sfo/residual_estimator/backend/peak/m_competing_power[8]_i_1/O
                         net (fo=1, routed)           0.051     7.842    sfo/residual_estimator/backend/peak/m_competing_power[8]_i_1_n_0
    SLICE_X177Y221       FDRE                                         r  sfo/residual_estimator/backend/peak/m_competing_power_reg[8]/D
  -------------------------------------------------------------------    -------------------

                         (clock clk125 rise edge)     8.000     8.000 r  
                                                      0.000     8.000 r  clk125 (IN)
                         net (fo=95403, unset)        0.020     8.020    sfo/residual_estimator/backend/peak/clk
    SLICE_X177Y221       FDRE                                         r  sfo/residual_estimator/backend/peak/m_competing_power_reg[8]/C
                         clock pessimism              0.000     8.020    
                         clock uncertainty           -0.035     7.985    
    SLICE_X177Y221       FDRE (Setup_FFF_SLICEL_C_D)
                                                      0.025     8.010    sfo/residual_estimator/backend/peak/m_competing_power_reg[8]
  -------------------------------------------------------------------
                         required time                          8.010    
                         arrival time                          -7.842    
  -------------------------------------------------------------------
                         slack                                  0.168    

Slack (MET) :             0.176ns  (required time - arrival time)
  Source:                 sfo/residual_estimator/backend/peak/bank0_reg/CLKARDCLK
                            (rising edge-triggered cell RAMB18E2 clocked by clk125  {rise@0.000ns fall@4.000ns period=8.000ns})
  Destination:            sfo/residual_estimator/backend/peak/m_competing_power_reg[25]/D
                            (rising edge-triggered cell FDRE clocked by clk125  {rise@0.000ns fall@4.000ns period=8.000ns})
  Path Group:             clk125
  Path Type:              Setup (Max at Slow Process Corner)
  Requirement:            8.000ns  (clk125 rise@8.000ns - clk125 rise@0.000ns)
  Data Path Delay:        7.759ns  (logic 2.628ns (33.870%)  route 5.131ns (66.130%))
  Logic Levels:           21  (CARRY8=7 LUT3=3 LUT4=2 LUT5=1 LUT6=8)
  Clock Path Skew:        -0.055ns (DCD - SCD + CPR)
    Destination Clock Delay (DCD):    0.021ns = ( 8.021 - 8.000 ) 
    Source Clock Delay      (SCD):    0.076ns
    Clock Pessimism Removal (CPR):    0.000ns
  Clock Uncertainty:      0.035ns  ((TSJ^2 + TIJ^2)^1/2 + DJ) / 2 + PE
    Total System Jitter     (TSJ):    0.071ns
    Total Input Jitter      (TIJ):    0.000ns
    Discrete Jitter          (DJ):    0.000ns
    Phase Error              (PE):    0.000ns

    Location             Delay type                Incr(ns)  Path(ns)    Netlist Resource(s)
  -------------------------------------------------------------------    -------------------
                         (clock clk125 rise edge)     0.000     0.000 r  
                                                      0.000     0.000 r  clk125 (IN)
                         net (fo=95403, unset)        0.076     0.076    sfo/residual_estimator/backend/peak/clk
    RAMB18_X11Y89        RAMB18E2                                     r  sfo/residual_estimator/backend/peak/bank0_reg/CLKARDCLK
  -------------------------------------------------------------------    -------------------
    RAMB18_X11Y89        RAMB18E2 (Prop_RAMB18E2_U_RAMB181_CLKARDCLK_DOUTADOUT[5])
                                                      0.844     0.920 r  sfo/residual_estimator/backend/peak/bank0_reg/DOUTADOUT[5]
                         net (fo=7, routed)           0.413     1.333    sfo/residual_estimator/backend/peak/raw0[5]
    SLICE_X176Y221       LUT4 (Prop_C6LUT_SLICEM_I1_O)
                                                      0.088     1.421 r  sfo/residual_estimator/backend/peak/m_competing_power[30]_i_173/O
                         net (fo=1, routed)           0.021     1.442    sfo/residual_estimator/backend/peak/m_competing_power[30]_i_173_n_0
    SLICE_X176Y221       CARRY8 (Prop_CARRY8_SLICEM_S[2]_CO[7])
                                                      0.161     1.603 r  sfo/residual_estimator/backend/peak/m_competing_power_reg[30]_i_72/CO[7]
                         net (fo=1, routed)           0.026     1.629    sfo/residual_estimator/backend/peak/m_competing_power_reg[30]_i_72_n_0
    SLICE_X176Y222       CARRY8 (Prop_CARRY8_SLICEM_CI_CO[7])
                                                      0.022     1.651 r  sfo/residual_estimator/backend/peak/m_competing_power_reg[30]_i_32/CO[7]
                         net (fo=1, routed)           0.286     1.937    sfo/residual_estimator/backend/peak/competing_next2
    SLICE_X172Y218       LUT6 (Prop_H6LUT_SLICEL_I5_O)
                                                      0.090     2.027 r  sfo/residual_estimator/backend/peak/m_competing_power[30]_i_8/O
                         net (fo=96, routed)          0.476     2.503    sfo/residual_estimator/backend/peak/m_competing_power[30]_i_8_n_0
    SLICE_X176Y225       LUT3 (Prop_C5LUT_SLICEM_I1_O)
                                                      0.137     2.640 f  sfo/residual_estimator/backend/peak/m_competing_power[30]_i_141/O
                         net (fo=1, routed)           0.229     2.869    sfo/residual_estimator/backend/peak/m_competing_power[30]_i_141_n_0
    SLICE_X176Y225       LUT6 (Prop_G6LUT_SLICEM_I1_O)
                                                      0.052     2.921 r  sfo/residual_estimator/backend/peak/m_competing_power[30]_i_61/O
                         net (fo=1, routed)           0.185     3.106    sfo/residual_estimator/backend/peak/m_competing_power[30]_i_61_n_0
    SLICE_X176Y224       CARRY8 (Prop_CARRY8_SLICEM_DI[0]_CO[7])
                                                      0.140     3.246 r  sfo/residual_estimator/backend/peak/m_competing_power_reg[30]_i_26/CO[7]
                         net (fo=1, routed)           0.394     3.640    sfo/residual_estimator/backend/peak/competing_next25_in
    SLICE_X170Y217       LUT6 (Prop_H6LUT_SLICEL_I5_O)
                                                      0.036     3.676 r  sfo/residual_estimator/backend/peak/m_competing_power[30]_i_7/O
                         net (fo=32, routed)          0.491     4.167    sfo/residual_estimator/backend/peak/m_competing_power[30]_i_7_n_0
    SLICE_X178Y223       LUT5 (Prop_B5LUT_SLICEL_I1_O)
                                                      0.165     4.332 r  sfo/residual_estimator/backend/peak/m_competing_power[6]_i_2/O
                         net (fo=5, routed)           0.318     4.650    sfo/residual_estimator/backend/peak/m_competing_power[6]_i_2_n_0
    SLICE_X177Y228       LUT4 (Prop_D6LUT_SLICEL_I2_O)
                                                      0.050     4.700 r  sfo/residual_estimator/backend/peak/m_competing_power[30]_i_103/O
                         net (fo=1, routed)           0.009     4.709    sfo/residual_estimator/backend/peak/m_competing_power[30]_i_103_n_0
    SLICE_X177Y228       CARRY8 (Prop_CARRY8_SLICEL_S[3]_CO[7])
                                                      0.154     4.863 r  sfo/residual_estimator/backend/peak/m_competing_power_reg[30]_i_34/CO[7]
                         net (fo=1, routed)           0.026     4.889    sfo/residual_estimator/backend/peak/m_competing_power_reg[30]_i_34_n_0
    SLICE_X177Y229       CARRY8 (Prop_CARRY8_SLICEL_CI_CO[7])
                                                      0.022     4.911 r  sfo/residual_estimator/backend/peak/m_competing_power_reg[30]_i_19/CO[7]
                         net (fo=1, routed)           0.402     5.313    sfo/residual_estimator/backend/peak/competing_next29_in
    SLICE_X171Y220       LUT6 (Prop_G6LUT_SLICEM_I0_O)
                                                      0.037     5.350 f  sfo/residual_estimator/backend/peak/m_competing_power[30]_i_6/O
                         net (fo=1, routed)           0.048     5.398    sfo/residual_estimator/backend/peak/m_competing_power[30]_i_6_n_0
    SLICE_X171Y220       LUT6 (Prop_H6LUT_SLICEM_I5_O)
                                                      0.053     5.451 r  sfo/residual_estimator/backend/peak/m_competing_power[30]_i_2/O
                         net (fo=64, routed)          0.448     5.899    sfo/residual_estimator/backend/peak/m_competing_power[30]_i_2_n_0
    SLICE_X178Y223       LUT3 (Prop_C6LUT_SLICEL_I1_O)
                                                      0.088     5.987 f  sfo/residual_estimator/backend/peak/m_competing_power[1]_i_2/O
                         net (fo=3, routed)           0.111     6.098    sfo/residual_estimator/backend/peak/m_competing_power[1]_i_2_n_0
    SLICE_X178Y224       LUT6 (Prop_E6LUT_SLICEL_I4_O)
                                                      0.147     6.245 r  sfo/residual_estimator/backend/peak/m_competing_power[31]_i_53/O
                         net (fo=1, routed)           0.228     6.473    sfo/residual_estimator/backend/peak/m_competing_power[31]_i_53_n_0
    SLICE_X177Y224       CARRY8 (Prop_CARRY8_SLICEL_DI[0]_CO[7])
                                                      0.131     6.604 r  sfo/residual_estimator/backend/peak/m_competing_power_reg[31]_i_28/CO[7]
                         net (fo=1, routed)           0.026     6.630    sfo/residual_estimator/backend/peak/m_competing_power_reg[31]_i_28_n_0
    SLICE_X177Y225       CARRY8 (Prop_CARRY8_SLICEL_CI_CO[7])
                                                      0.022     6.652 r  sfo/residual_estimator/backend/peak/m_competing_power_reg[31]_i_25/CO[7]
                         net (fo=1, routed)           0.427     7.079    sfo/residual_estimator/backend/peak/competing_next213_in
    SLICE_X169Y219       LUT6 (Prop_G6LUT_SLICEL_I0_O)
                                                      0.050     7.129 f  sfo/residual_estimator/backend/peak/m_competing_power[31]_i_7/O
                         net (fo=1, routed)           0.087     7.216    sfo/residual_estimator/backend/peak/m_competing_power[31]_i_7_n_0
    SLICE_X169Y219       LUT6 (Prop_H6LUT_SLICEL_I5_O)
                                                      0.051     7.267 r  sfo/residual_estimator/backend/peak/m_competing_power[31]_i_3/O
                         net (fo=32, routed)          0.408     7.675    sfo/residual_estimator/backend/peak/m_competing_power[31]_i_3_n_0
    SLICE_X175Y226       LUT3 (Prop_D6LUT_SLICEM_I1_O)
                                                      0.088     7.763 r  sfo/residual_estimator/backend/peak/m_competing_power[25]_i_1/O
                         net (fo=1, routed)           0.072     7.835    sfo/residual_estimator/backend/peak/m_competing_power[25]_i_1_n_0
    SLICE_X175Y226       FDRE                                         r  sfo/residual_estimator/backend/peak/m_competing_power_reg[25]/D
  -------------------------------------------------------------------    -------------------

                         (clock clk125 rise edge)     8.000     8.000 r  
                                                      0.000     8.000 r  clk125 (IN)
                         net (fo=95403, unset)        0.021     8.021    sfo/residual_estimator/backend/peak/clk
    SLICE_X175Y226       FDRE                                         r  sfo/residual_estimator/backend/peak/m_competing_power_reg[25]/C
                         clock pessimism              0.000     8.021    
                         clock uncertainty           -0.035     7.986    
    SLICE_X175Y226       FDRE (Setup_DFF_SLICEM_C_D)
                                                      0.025     8.011    sfo/residual_estimator/backend/peak/m_competing_power_reg[25]
  -------------------------------------------------------------------
                         required time                          8.011    
                         arrival time                          -7.835    
  -------------------------------------------------------------------
                         slack                                  0.176    

Slack (MET) :             0.182ns  (required time - arrival time)
  Source:                 sfo/residual_estimator/backend/peak/bank0_reg/CLKARDCLK
                            (rising edge-triggered cell RAMB18E2 clocked by clk125  {rise@0.000ns fall@4.000ns period=8.000ns})
  Destination:            sfo/residual_estimator/backend/peak/m_competing_power_reg[0]/D
                            (rising edge-triggered cell FDRE clocked by clk125  {rise@0.000ns fall@4.000ns period=8.000ns})
  Path Group:             clk125
  Path Type:              Setup (Max at Slow Process Corner)
  Requirement:            8.000ns  (clk125 rise@8.000ns - clk125 rise@0.000ns)
  Data Path Delay:        7.752ns  (logic 2.590ns (33.411%)  route 5.162ns (66.589%))
  Logic Levels:           21  (CARRY8=7 LUT3=2 LUT4=2 LUT5=2 LUT6=8)
  Clock Path Skew:        -0.056ns (DCD - SCD + CPR)
    Destination Clock Delay (DCD):    0.020ns = ( 8.020 - 8.000 ) 
    Source Clock Delay      (SCD):    0.076ns
    Clock Pessimism Removal (CPR):    0.000ns
  Clock Uncertainty:      0.035ns  ((TSJ^2 + TIJ^2)^1/2 + DJ) / 2 + PE
    Total System Jitter     (TSJ):    0.071ns
    Total Input Jitter      (TIJ):    0.000ns
    Discrete Jitter          (DJ):    0.000ns
    Phase Error              (PE):    0.000ns

    Location             Delay type                Incr(ns)  Path(ns)    Netlist Resource(s)
  -------------------------------------------------------------------    -------------------
                         (clock clk125 rise edge)     0.000     0.000 r  
                                                      0.000     0.000 r  clk125 (IN)
                         net (fo=95403, unset)        0.076     0.076    sfo/residual_estimator/backend/peak/clk
    RAMB18_X11Y89        RAMB18E2                                     r  sfo/residual_estimator/backend/peak/bank0_reg/CLKARDCLK
  -------------------------------------------------------------------    -------------------
    RAMB18_X11Y89        RAMB18E2 (Prop_RAMB18E2_U_RAMB181_CLKARDCLK_DOUTADOUT[5])
                                                      0.844     0.920 r  sfo/residual_estimator/backend/peak/bank0_reg/DOUTADOUT[5]
                         net (fo=7, routed)           0.413     1.333    sfo/residual_estimator/backend/peak/raw0[5]
    SLICE_X176Y221       LUT4 (Prop_C6LUT_SLICEM_I1_O)
                                                      0.088     1.421 r  sfo/residual_estimator/backend/peak/m_competing_power[30]_i_173/O
                         net (fo=1, routed)           0.021     1.442    sfo/residual_estimator/backend/peak/m_competing_power[30]_i_173_n_0
    SLICE_X176Y221       CARRY8 (Prop_CARRY8_SLICEM_S[2]_CO[7])
                                                      0.161     1.603 r  sfo/residual_estimator/backend/peak/m_competing_power_reg[30]_i_72/CO[7]
                         net (fo=1, routed)           0.026     1.629    sfo/residual_estimator/backend/peak/m_competing_power_reg[30]_i_72_n_0
    SLICE_X176Y222       CARRY8 (Prop_CARRY8_SLICEM_CI_CO[7])
                                                      0.022     1.651 r  sfo/residual_estimator/backend/peak/m_competing_power_reg[30]_i_32/CO[7]
                         net (fo=1, routed)           0.286     1.937    sfo/residual_estimator/backend/peak/competing_next2
    SLICE_X172Y218       LUT6 (Prop_H6LUT_SLICEL_I5_O)
                                                      0.090     2.027 r  sfo/residual_estimator/backend/peak/m_competing_power[30]_i_8/O
                         net (fo=96, routed)          0.476     2.503    sfo/residual_estimator/backend/peak/m_competing_power[30]_i_8_n_0
    SLICE_X176Y225       LUT3 (Prop_C5LUT_SLICEM_I1_O)
                                                      0.137     2.640 f  sfo/residual_estimator/backend/peak/m_competing_power[30]_i_141/O
                         net (fo=1, routed)           0.229     2.869    sfo/residual_estimator/backend/peak/m_competing_power[30]_i_141_n_0
    SLICE_X176Y225       LUT6 (Prop_G6LUT_SLICEM_I1_O)
                                                      0.052     2.921 r  sfo/residual_estimator/backend/peak/m_competing_power[30]_i_61/O
                         net (fo=1, routed)           0.185     3.106    sfo/residual_estimator/backend/peak/m_competing_power[30]_i_61_n_0
    SLICE_X176Y224       CARRY8 (Prop_CARRY8_SLICEM_DI[0]_CO[7])
                                                      0.140     3.246 r  sfo/residual_estimator/backend/peak/m_competing_power_reg[30]_i_26/CO[7]
                         net (fo=1, routed)           0.394     3.640    sfo/residual_estimator/backend/peak/competing_next25_in
    SLICE_X170Y217       LUT6 (Prop_H6LUT_SLICEL_I5_O)
                                                      0.036     3.676 r  sfo/residual_estimator/backend/peak/m_competing_power[30]_i_7/O
                         net (fo=32, routed)          0.491     4.167    sfo/residual_estimator/backend/peak/m_competing_power[30]_i_7_n_0
    SLICE_X178Y223       LUT5 (Prop_B5LUT_SLICEL_I1_O)
                                                      0.165     4.332 r  sfo/residual_estimator/backend/peak/m_competing_power[6]_i_2/O
                         net (fo=5, routed)           0.318     4.650    sfo/residual_estimator/backend/peak/m_competing_power[6]_i_2_n_0
    SLICE_X177Y228       LUT4 (Prop_D6LUT_SLICEL_I2_O)
                                                      0.050     4.700 r  sfo/residual_estimator/backend/peak/m_competing_power[30]_i_103/O
                         net (fo=1, routed)           0.009     4.709    sfo/residual_estimator/backend/peak/m_competing_power[30]_i_103_n_0
    SLICE_X177Y228       CARRY8 (Prop_CARRY8_SLICEL_S[3]_CO[7])
                                                      0.154     4.863 r  sfo/residual_estimator/backend/peak/m_competing_power_reg[30]_i_34/CO[7]
                         net (fo=1, routed)           0.026     4.889    sfo/residual_estimator/backend/peak/m_competing_power_reg[30]_i_34_n_0
    SLICE_X177Y229       CARRY8 (Prop_CARRY8_SLICEL_CI_CO[7])
                                                      0.022     4.911 r  sfo/residual_estimator/backend/peak/m_competing_power_reg[30]_i_19/CO[7]
                         net (fo=1, routed)           0.402     5.313    sfo/residual_estimator/backend/peak/competing_next29_in
    SLICE_X171Y220       LUT6 (Prop_G6LUT_SLICEM_I0_O)
                                                      0.037     5.350 f  sfo/residual_estimator/backend/peak/m_competing_power[30]_i_6/O
                         net (fo=1, routed)           0.048     5.398    sfo/residual_estimator/backend/peak/m_competing_power[30]_i_6_n_0
    SLICE_X171Y220       LUT6 (Prop_H6LUT_SLICEM_I5_O)
                                                      0.053     5.451 r  sfo/residual_estimator/backend/peak/m_competing_power[30]_i_2/O
                         net (fo=64, routed)          0.448     5.899    sfo/residual_estimator/backend/peak/m_competing_power[30]_i_2_n_0
    SLICE_X178Y223       LUT3 (Prop_C6LUT_SLICEL_I1_O)
                                                      0.088     5.987 f  sfo/residual_estimator/backend/peak/m_competing_power[1]_i_2/O
                         net (fo=3, routed)           0.111     6.098    sfo/residual_estimator/backend/peak/m_competing_power[1]_i_2_n_0
    SLICE_X178Y224       LUT6 (Prop_E6LUT_SLICEL_I4_O)
                                                      0.147     6.245 r  sfo/residual_estimator/backend/peak/m_competing_power[31]_i_53/O
                         net (fo=1, routed)           0.228     6.473    sfo/residual_estimator/backend/peak/m_competing_power[31]_i_53_n_0
    SLICE_X177Y224       CARRY8 (Prop_CARRY8_SLICEL_DI[0]_CO[7])
                                                      0.131     6.604 r  sfo/residual_estimator/backend/peak/m_competing_power_reg[31]_i_28/CO[7]
                         net (fo=1, routed)           0.026     6.630    sfo/residual_estimator/backend/peak/m_competing_power_reg[31]_i_28_n_0
    SLICE_X177Y225       CARRY8 (Prop_CARRY8_SLICEL_CI_CO[7])
                                                      0.022     6.652 r  sfo/residual_estimator/backend/peak/m_competing_power_reg[31]_i_25/CO[7]
                         net (fo=1, routed)           0.427     7.079    sfo/residual_estimator/backend/peak/competing_next213_in
    SLICE_X169Y219       LUT6 (Prop_G6LUT_SLICEL_I0_O)
                                                      0.050     7.129 f  sfo/residual_estimator/backend/peak/m_competing_power[31]_i_7/O
                         net (fo=1, routed)           0.087     7.216    sfo/residual_estimator/backend/peak/m_competing_power[31]_i_7_n_0
    SLICE_X169Y219       LUT6 (Prop_H6LUT_SLICEL_I5_O)
                                                      0.051     7.267 r  sfo/residual_estimator/backend/peak/m_competing_power[31]_i_3/O
                         net (fo=32, routed)          0.461     7.728    sfo/residual_estimator/backend/peak/m_competing_power[31]_i_3_n_0
    SLICE_X178Y221       LUT5 (Prop_C6LUT_SLICEL_I4_O)
                                                      0.050     7.778 r  sfo/residual_estimator/backend/peak/m_competing_power[0]_i_1/O
                         net (fo=1, routed)           0.050     7.828    sfo/residual_estimator/backend/peak/m_competing_power[0]_i_1_n_0
    SLICE_X178Y221       FDRE                                         r  sfo/residual_estimator/backend/peak/m_competing_power_reg[0]/D
  -------------------------------------------------------------------    -------------------

                         (clock clk125 rise edge)     8.000     8.000 r  
                                                      0.000     8.000 r  clk125 (IN)
                         net (fo=95403, unset)        0.020     8.020    sfo/residual_estimator/backend/peak/clk
    SLICE_X178Y221       FDRE                                         r  sfo/residual_estimator/backend/peak/m_competing_power_reg[0]/C
                         clock pessimism              0.000     8.020    
                         clock uncertainty           -0.035     7.985    
    SLICE_X178Y221       FDRE (Setup_CFF_SLICEL_C_D)
                                                      0.025     8.010    sfo/residual_estimator/backend/peak/m_competing_power_reg[0]
  -------------------------------------------------------------------
                         required time                          8.010    
                         arrival time                          -7.828    
  -------------------------------------------------------------------
                         slack                                  0.182    

Slack (MET) :             0.182ns  (required time - arrival time)
  Source:                 sfo/residual_estimator/backend/peak/bank0_reg/CLKARDCLK
                            (rising edge-triggered cell RAMB18E2 clocked by clk125  {rise@0.000ns fall@4.000ns period=8.000ns})
  Destination:            sfo/residual_estimator/backend/peak/m_competing_power_reg[23]/D
                            (rising edge-triggered cell FDRE clocked by clk125  {rise@0.000ns fall@4.000ns period=8.000ns})
  Path Group:             clk125
  Path Type:              Setup (Max at Slow Process Corner)
  Requirement:            8.000ns  (clk125 rise@8.000ns - clk125 rise@0.000ns)
  Data Path Delay:        7.753ns  (logic 2.639ns (34.038%)  route 5.114ns (65.962%))
  Logic Levels:           21  (CARRY8=7 LUT3=3 LUT4=2 LUT5=1 LUT6=8)
  Clock Path Skew:        -0.055ns (DCD - SCD + CPR)
    Destination Clock Delay (DCD):    0.021ns = ( 8.021 - 8.000 ) 
    Source Clock Delay      (SCD):    0.076ns
    Clock Pessimism Removal (CPR):    0.000ns
  Clock Uncertainty:      0.035ns  ((TSJ^2 + TIJ^2)^1/2 + DJ) / 2 + PE
    Total System Jitter     (TSJ):    0.071ns
    Total Input Jitter      (TIJ):    0.000ns
    Discrete Jitter          (DJ):    0.000ns
    Phase Error              (PE):    0.000ns

    Location             Delay type                Incr(ns)  Path(ns)    Netlist Resource(s)
  -------------------------------------------------------------------    -------------------
                         (clock clk125 rise edge)     0.000     0.000 r  
                                                      0.000     0.000 r  clk125 (IN)
                         net (fo=95403, unset)        0.076     0.076    sfo/residual_estimator/backend/peak/clk
    RAMB18_X11Y89        RAMB18E2                                     r  sfo/residual_estimator/backend/peak/bank0_reg/CLKARDCLK
  -------------------------------------------------------------------    -------------------
    RAMB18_X11Y89        RAMB18E2 (Prop_RAMB18E2_U_RAMB181_CLKARDCLK_DOUTADOUT[5])
                                                      0.844     0.920 r  sfo/residual_estimator/backend/peak/bank0_reg/DOUTADOUT[5]
                         net (fo=7, routed)           0.413     1.333    sfo/residual_estimator/backend/peak/raw0[5]
    SLICE_X176Y221       LUT4 (Prop_C6LUT_SLICEM_I1_O)
                                                      0.088     1.421 r  sfo/residual_estimator/backend/peak/m_competing_power[30]_i_173/O
                         net (fo=1, routed)           0.021     1.442    sfo/residual_estimator/backend/peak/m_competing_power[30]_i_173_n_0
    SLICE_X176Y221       CARRY8 (Prop_CARRY8_SLICEM_S[2]_CO[7])
                                                      0.161     1.603 r  sfo/residual_estimator/backend/peak/m_competing_power_reg[30]_i_72/CO[7]
                         net (fo=1, routed)           0.026     1.629    sfo/residual_estimator/backend/peak/m_competing_power_reg[30]_i_72_n_0
    SLICE_X176Y222       CARRY8 (Prop_CARRY8_SLICEM_CI_CO[7])
                                                      0.022     1.651 r  sfo/residual_estimator/backend/peak/m_competing_power_reg[30]_i_32/CO[7]
                         net (fo=1, routed)           0.286     1.937    sfo/residual_estimator/backend/peak/competing_next2
    SLICE_X172Y218       LUT6 (Prop_H6LUT_SLICEL_I5_O)
                                                      0.090     2.027 r  sfo/residual_estimator/backend/peak/m_competing_power[30]_i_8/O
                         net (fo=96, routed)          0.476     2.503    sfo/residual_estimator/backend/peak/m_competing_power[30]_i_8_n_0
    SLICE_X176Y225       LUT3 (Prop_C5LUT_SLICEM_I1_O)
                                                      0.137     2.640 f  sfo/residual_estimator/backend/peak/m_competing_power[30]_i_141/O
                         net (fo=1, routed)           0.229     2.869    sfo/residual_estimator/backend/peak/m_competing_power[30]_i_141_n_0
    SLICE_X176Y225       LUT6 (Prop_G6LUT_SLICEM_I1_O)
                                                      0.052     2.921 r  sfo/residual_estimator/backend/peak/m_competing_power[30]_i_61/O
                         net (fo=1, routed)           0.185     3.106    sfo/residual_estimator/backend/peak/m_competing_power[30]_i_61_n_0
    SLICE_X176Y224       CARRY8 (Prop_CARRY8_SLICEM_DI[0]_CO[7])
                                                      0.140     3.246 r  sfo/residual_estimator/backend/peak/m_competing_power_reg[30]_i_26/CO[7]
                         net (fo=1, routed)           0.394     3.640    sfo/residual_estimator/backend/peak/competing_next25_in
    SLICE_X170Y217       LUT6 (Prop_H6LUT_SLICEL_I5_O)
                                                      0.036     3.676 r  sfo/residual_estimator/backend/peak/m_competing_power[30]_i_7/O
                         net (fo=32, routed)          0.491     4.167    sfo/residual_estimator/backend/peak/m_competing_power[30]_i_7_n_0
    SLICE_X178Y223       LUT5 (Prop_B5LUT_SLICEL_I1_O)
                                                      0.165     4.332 r  sfo/residual_estimator/backend/peak/m_competing_power[6]_i_2/O
                         net (fo=5, routed)           0.318     4.650    sfo/residual_estimator/backend/peak/m_competing_power[6]_i_2_n_0
    SLICE_X177Y228       LUT4 (Prop_D6LUT_SLICEL_I2_O)
                                                      0.050     4.700 r  sfo/residual_estimator/backend/peak/m_competing_power[30]_i_103/O
                         net (fo=1, routed)           0.009     4.709    sfo/residual_estimator/backend/peak/m_competing_power[30]_i_103_n_0
    SLICE_X177Y228       CARRY8 (Prop_CARRY8_SLICEL_S[3]_CO[7])
                                                      0.154     4.863 r  sfo/residual_estimator/backend/peak/m_competing_power_reg[30]_i_34/CO[7]
                         net (fo=1, routed)           0.026     4.889    sfo/residual_estimator/backend/peak/m_competing_power_reg[30]_i_34_n_0
    SLICE_X177Y229       CARRY8 (Prop_CARRY8_SLICEL_CI_CO[7])
                                                      0.022     4.911 r  sfo/residual_estimator/backend/peak/m_competing_power_reg[30]_i_19/CO[7]
                         net (fo=1, routed)           0.402     5.313    sfo/residual_estimator/backend/peak/competing_next29_in
    SLICE_X171Y220       LUT6 (Prop_G6LUT_SLICEM_I0_O)
                                                      0.037     5.350 f  sfo/residual_estimator/backend/peak/m_competing_power[30]_i_6/O
                         net (fo=1, routed)           0.048     5.398    sfo/residual_estimator/backend/peak/m_competing_power[30]_i_6_n_0
    SLICE_X171Y220       LUT6 (Prop_H6LUT_SLICEM_I5_O)
                                                      0.053     5.451 r  sfo/residual_estimator/backend/peak/m_competing_power[30]_i_2/O
                         net (fo=64, routed)          0.448     5.899    sfo/residual_estimator/backend/peak/m_competing_power[30]_i_2_n_0
    SLICE_X178Y223       LUT3 (Prop_C6LUT_SLICEL_I1_O)
                                                      0.088     5.987 f  sfo/residual_estimator/backend/peak/m_competing_power[1]_i_2/O
                         net (fo=3, routed)           0.111     6.098    sfo/residual_estimator/backend/peak/m_competing_power[1]_i_2_n_0
    SLICE_X178Y224       LUT6 (Prop_E6LUT_SLICEL_I4_O)
                                                      0.147     6.245 r  sfo/residual_estimator/backend/peak/m_competing_power[31]_i_53/O
                         net (fo=1, routed)           0.228     6.473    sfo/residual_estimator/backend/peak/m_competing_power[31]_i_53_n_0
    SLICE_X177Y224       CARRY8 (Prop_CARRY8_SLICEL_DI[0]_CO[7])
                                                      0.131     6.604 r  sfo/residual_estimator/backend/peak/m_competing_power_reg[31]_i_28/CO[7]
                         net (fo=1, routed)           0.026     6.630    sfo/residual_estimator/backend/peak/m_competing_power_reg[31]_i_28_n_0
    SLICE_X177Y225       CARRY8 (Prop_CARRY8_SLICEL_CI_CO[7])
                                                      0.022     6.652 r  sfo/residual_estimator/backend/peak/m_competing_power_reg[31]_i_25/CO[7]
                         net (fo=1, routed)           0.427     7.079    sfo/residual_estimator/backend/peak/competing_next213_in
    SLICE_X169Y219       LUT6 (Prop_G6LUT_SLICEL_I0_O)
                                                      0.050     7.129 f  sfo/residual_estimator/backend/peak/m_competing_power[31]_i_7/O
                         net (fo=1, routed)           0.087     7.216    sfo/residual_estimator/backend/peak/m_competing_power[31]_i_7_n_0
    SLICE_X169Y219       LUT6 (Prop_H6LUT_SLICEL_I5_O)
                                                      0.051     7.267 r  sfo/residual_estimator/backend/peak/m_competing_power[31]_i_3/O
                         net (fo=32, routed)          0.391     7.658    sfo/residual_estimator/backend/peak/m_competing_power[31]_i_3_n_0
    SLICE_X176Y228       LUT3 (Prop_D6LUT_SLICEM_I1_O)
                                                      0.099     7.757 r  sfo/residual_estimator/backend/peak/m_competing_power[23]_i_1/O
                         net (fo=1, routed)           0.072     7.829    sfo/residual_estimator/backend/peak/m_competing_power[23]_i_1_n_0
    SLICE_X176Y228       FDRE                                         r  sfo/residual_estimator/backend/peak/m_competing_power_reg[23]/D
  -------------------------------------------------------------------    -------------------

                         (clock clk125 rise edge)     8.000     8.000 r  
                                                      0.000     8.000 r  clk125 (IN)
                         net (fo=95403, unset)        0.021     8.021    sfo/residual_estimator/backend/peak/clk
    SLICE_X176Y228       FDRE                                         r  sfo/residual_estimator/backend/peak/m_competing_power_reg[23]/C
                         clock pessimism              0.000     8.021    
                         clock uncertainty           -0.035     7.986    
    SLICE_X176Y228       FDRE (Setup_DFF_SLICEM_C_D)
                                                      0.025     8.011    sfo/residual_estimator/backend/peak/m_competing_power_reg[23]
  -------------------------------------------------------------------
                         required time                          8.011    
                         arrival time                          -7.829    
  -------------------------------------------------------------------
                         slack                                  0.182    





Min Delay Paths
--------------------------------------------------------------------------------------
Slack (MET) :             0.019ns  (arrival time - required time)
  Source:                 sfo/initial_estimator/service/backend/backend/divider/divider/U0/i_synth/i_nonzero_fract.i_synth/i_algo_r2_or_lutmult.i_nonzero_fract.i_sdivider/i_sdivider.divider_blk/div_loop[11].inv_not_gen.inv_thr/opt_has_pipe.first_q_reg[0]/C
                            (rising edge-triggered cell FDSE clocked by clk125  {rise@0.000ns fall@4.000ns period=8.000ns})
  Destination:            sfo/initial_estimator/service/backend/backend/divider/divider/U0/i_synth/i_nonzero_fract.i_synth/i_algo_r2_or_lutmult.i_nonzero_fract.i_sdivider/i_sdivider.divider_blk/div_loop[16].quot_gen.quot_reg.i_div_n1.quot_out/opt_has_pipe.first_q_reg[3]/D
                            (rising edge-triggered cell FDSE clocked by clk125  {rise@0.000ns fall@4.000ns period=8.000ns})
  Path Group:             clk125
  Path Type:              Hold (Min at Fast Process Corner)
  Requirement:            0.000ns  (clk125 rise@0.000ns - clk125 rise@0.000ns)
  Data Path Delay:        0.072ns  (logic 0.039ns (54.167%)  route 0.033ns (45.833%))
  Logic Levels:           0  
  Clock Path Skew:        0.006ns (DCD - SCD - CPR)
    Destination Clock Delay (DCD):    0.018ns
    Source Clock Delay      (SCD):    0.012ns
    Clock Pessimism Removal (CPR):    -0.000ns

    Location             Delay type                Incr(ns)  Path(ns)    Netlist Resource(s)
  -------------------------------------------------------------------    -------------------
                         (clock clk125 rise edge)     0.000     0.000 r  
                                                      0.000     0.000 r  clk125 (IN)
                         net (fo=95403, unset)        0.012     0.012    sfo/initial_estimator/service/backend/backend/divider/divider/U0/i_synth/i_nonzero_fract.i_synth/i_algo_r2_or_lutmult.i_nonzero_fract.i_sdivider/i_sdivider.divider_blk/div_loop[11].inv_not_gen.inv_thr/aclk
    SLICE_X125Y29        FDSE                                         r  sfo/initial_estimator/service/backend/backend/divider/divider/U0/i_synth/i_nonzero_fract.i_synth/i_algo_r2_or_lutmult.i_nonzero_fract.i_sdivider/i_sdivider.divider_blk/div_loop[11].inv_not_gen.inv_thr/opt_has_pipe.first_q_reg[0]/C
  -------------------------------------------------------------------    -------------------
    SLICE_X125Y29        FDSE (Prop_BFF_SLICEL_C_Q)
                                                      0.039     0.051 r  sfo/initial_estimator/service/backend/backend/divider/divider/U0/i_synth/i_nonzero_fract.i_synth/i_algo_r2_or_lutmult.i_nonzero_fract.i_sdivider/i_sdivider.divider_blk/div_loop[11].inv_not_gen.inv_thr/opt_has_pipe.first_q_reg[0]/Q
                         net (fo=2, routed)           0.033     0.084    sfo/initial_estimator/service/backend/backend/divider/divider/U0/i_synth/i_nonzero_fract.i_synth/i_algo_r2_or_lutmult.i_nonzero_fract.i_sdivider/i_sdivider.divider_blk/div_loop[16].quot_gen.quot_reg.i_div_n1.quot_out/opt_has_pipe.first_q_reg[15]_0[3]
    SLICE_X125Y29        FDSE                                         r  sfo/initial_estimator/service/backend/backend/divider/divider/U0/i_synth/i_nonzero_fract.i_synth/i_algo_r2_or_lutmult.i_nonzero_fract.i_sdivider/i_sdivider.divider_blk/div_loop[16].quot_gen.quot_reg.i_div_n1.quot_out/opt_has_pipe.first_q_reg[3]/D
  -------------------------------------------------------------------    -------------------

                         (clock clk125 rise edge)     0.000     0.000 r  
                                                      0.000     0.000 r  clk125 (IN)
                         net (fo=95403, unset)        0.018     0.018    sfo/initial_estimator/service/backend/backend/divider/divider/U0/i_synth/i_nonzero_fract.i_synth/i_algo_r2_or_lutmult.i_nonzero_fract.i_sdivider/i_sdivider.divider_blk/div_loop[16].quot_gen.quot_reg.i_div_n1.quot_out/aclk
    SLICE_X125Y29        FDSE                                         r  sfo/initial_estimator/service/backend/backend/divider/divider/U0/i_synth/i_nonzero_fract.i_synth/i_algo_r2_or_lutmult.i_nonzero_fract.i_sdivider/i_sdivider.divider_blk/div_loop[16].quot_gen.quot_reg.i_div_n1.quot_out/opt_has_pipe.first_q_reg[3]/C
                         clock pessimism              0.000     0.018    
    SLICE_X125Y29        FDSE (Hold_CFF2_SLICEL_C_D)
                                                      0.047     0.065    sfo/initial_estimator/service/backend/backend/divider/divider/U0/i_synth/i_nonzero_fract.i_synth/i_algo_r2_or_lutmult.i_nonzero_fract.i_sdivider/i_sdivider.divider_blk/div_loop[16].quot_gen.quot_reg.i_div_n1.quot_out/opt_has_pipe.first_q_reg[3]
  -------------------------------------------------------------------
                         required time                         -0.065    
                         arrival time                           0.084    
  -------------------------------------------------------------------
                         slack                                  0.019    

Slack (MET) :             0.023ns  (arrival time - required time)
  Source:                 sfo/initial_estimator/service/frontend/correction/u_gain/g_lane[0].u_lane/u_ratio/U0/i_synth/i_nonzero_fract.i_synth/i_algo_r2_or_lutmult.i_nonzero_fract.i_sdivider/i_sdivider.divider_blk/div_loop[12].divisor_gen.divisor_dc1.del_divisor_msbs/opt_has_pipe.first_q_reg[4]/C
                            (rising edge-triggered cell FDRE clocked by clk125  {rise@0.000ns fall@4.000ns period=8.000ns})
  Destination:            sfo/initial_estimator/service/frontend/correction/u_gain/g_lane[0].u_lane/u_ratio/U0/i_synth/i_nonzero_fract.i_synth/i_algo_r2_or_lutmult.i_nonzero_fract.i_sdivider/i_sdivider.divider_blk/div_loop[13].divisor_gen.divisor_dc1.del_divisor_msbs/opt_has_pipe.first_q_reg[4]/D
                            (rising edge-triggered cell FDRE clocked by clk125  {rise@0.000ns fall@4.000ns period=8.000ns})
  Path Group:             clk125
  Path Type:              Hold (Min at Fast Process Corner)
  Requirement:            0.000ns  (clk125 rise@0.000ns - clk125 rise@0.000ns)
  Data Path Delay:        0.076ns  (logic 0.039ns (51.316%)  route 0.037ns (48.684%))
  Logic Levels:           0  
  Clock Path Skew:        0.006ns (DCD - SCD - CPR)
    Destination Clock Delay (DCD):    0.018ns
    Source Clock Delay      (SCD):    0.012ns
    Clock Pessimism Removal (CPR):    -0.000ns

    Location             Delay type                Incr(ns)  Path(ns)    Netlist Resource(s)
  -------------------------------------------------------------------    -------------------
                         (clock clk125 rise edge)     0.000     0.000 r  
                                                      0.000     0.000 r  clk125 (IN)
                         net (fo=95403, unset)        0.012     0.012    sfo/initial_estimator/service/frontend/correction/u_gain/g_lane[0].u_lane/u_ratio/U0/i_synth/i_nonzero_fract.i_synth/i_algo_r2_or_lutmult.i_nonzero_fract.i_sdivider/i_sdivider.divider_blk/div_loop[12].divisor_gen.divisor_dc1.del_divisor_msbs/aclk
    SLICE_X69Y6          FDRE                                         r  sfo/initial_estimator/service/frontend/correction/u_gain/g_lane[0].u_lane/u_ratio/U0/i_synth/i_nonzero_fract.i_synth/i_algo_r2_or_lutmult.i_nonzero_fract.i_sdivider/i_sdivider.divider_blk/div_loop[12].divisor_gen.divisor_dc1.del_divisor_msbs/opt_has_pipe.first_q_reg[4]/C
  -------------------------------------------------------------------    -------------------
    SLICE_X69Y6          FDRE (Prop_BFF_SLICEL_C_Q)
                                                      0.039     0.051 r  sfo/initial_estimator/service/frontend/correction/u_gain/g_lane[0].u_lane/u_ratio/U0/i_synth/i_nonzero_fract.i_synth/i_algo_r2_or_lutmult.i_nonzero_fract.i_sdivider/i_sdivider.divider_blk/div_loop[12].divisor_gen.divisor_dc1.del_divisor_msbs/opt_has_pipe.first_q_reg[4]/Q
                         net (fo=2, routed)           0.037     0.088    sfo/initial_estimator/service/frontend/correction/u_gain/g_lane[0].u_lane/u_ratio/U0/i_synth/i_nonzero_fract.i_synth/i_algo_r2_or_lutmult.i_nonzero_fract.i_sdivider/i_sdivider.divider_blk/div_loop[13].divisor_gen.divisor_dc1.del_divisor_msbs/opt_has_pipe.first_q_reg[36]_0[4]
    SLICE_X69Y6          FDRE                                         r  sfo/initial_estimator/service/frontend/correction/u_gain/g_lane[0].u_lane/u_ratio/U0/i_synth/i_nonzero_fract.i_synth/i_algo_r2_or_lutmult.i_nonzero_fract.i_sdivider/i_sdivider.divider_blk/div_loop[13].divisor_gen.divisor_dc1.del_divisor_msbs/opt_has_pipe.first_q_reg[4]/D
  -------------------------------------------------------------------    -------------------

                         (clock clk125 rise edge)     0.000     0.000 r  
                                                      0.000     0.000 r  clk125 (IN)
                         net (fo=95403, unset)        0.018     0.018    sfo/initial_estimator/service/frontend/correction/u_gain/g_lane[0].u_lane/u_ratio/U0/i_synth/i_nonzero_fract.i_synth/i_algo_r2_or_lutmult.i_nonzero_fract.i_sdivider/i_sdivider.divider_blk/div_loop[13].divisor_gen.divisor_dc1.del_divisor_msbs/aclk
    SLICE_X69Y6          FDRE                                         r  sfo/initial_estimator/service/frontend/correction/u_gain/g_lane[0].u_lane/u_ratio/U0/i_synth/i_nonzero_fract.i_synth/i_algo_r2_or_lutmult.i_nonzero_fract.i_sdivider/i_sdivider.divider_blk/div_loop[13].divisor_gen.divisor_dc1.del_divisor_msbs/opt_has_pipe.first_q_reg[4]/C
                         clock pessimism              0.000     0.018    
    SLICE_X69Y6          FDRE (Hold_CFF2_SLICEL_C_D)
                                                      0.047     0.065    sfo/initial_estimator/service/frontend/correction/u_gain/g_lane[0].u_lane/u_ratio/U0/i_synth/i_nonzero_fract.i_synth/i_algo_r2_or_lutmult.i_nonzero_fract.i_sdivider/i_sdivider.divider_blk/div_loop[13].divisor_gen.divisor_dc1.del_divisor_msbs/opt_has_pipe.first_q_reg[4]
  -------------------------------------------------------------------
                         required time                         -0.065    
                         arrival time                           0.088    
  -------------------------------------------------------------------
                         slack                                  0.023    

Slack (MET) :             0.023ns  (arrival time - required time)
  Source:                 sfo/initial_estimator/service/frontend/correction/u_gain/g_lane[2].u_lane/u_ratio/U0/i_synth/i_nonzero_fract.i_synth/i_algo_r2_or_lutmult.i_nonzero_fract.i_sdivider/i_sdivider.divider_blk/div_loop[22].divisor_gen.divisor_dc1.del_divisor_msbs/opt_has_pipe.first_q_reg[30]/C
                            (rising edge-triggered cell FDRE clocked by clk125  {rise@0.000ns fall@4.000ns period=8.000ns})
  Destination:            sfo/initial_estimator/service/frontend/correction/u_gain/g_lane[2].u_lane/u_ratio/U0/i_synth/i_nonzero_fract.i_synth/i_algo_r2_or_lutmult.i_nonzero_fract.i_sdivider/i_sdivider.divider_blk/div_loop[23].divisor_gen.divisor_dc1.del_divisor_msbs/opt_has_pipe.first_q_reg[30]/D
                            (rising edge-triggered cell FDRE clocked by clk125  {rise@0.000ns fall@4.000ns period=8.000ns})
  Path Group:             clk125
  Path Type:              Hold (Min at Fast Process Corner)
  Requirement:            0.000ns  (clk125 rise@0.000ns - clk125 rise@0.000ns)
  Data Path Delay:        0.076ns  (logic 0.039ns (51.316%)  route 0.037ns (48.684%))
  Logic Levels:           0  
  Clock Path Skew:        0.006ns (DCD - SCD - CPR)
    Destination Clock Delay (DCD):    0.018ns
    Source Clock Delay      (SCD):    0.012ns
    Clock Pessimism Removal (CPR):    -0.000ns

    Location             Delay type                Incr(ns)  Path(ns)    Netlist Resource(s)
  -------------------------------------------------------------------    -------------------
                         (clock clk125 rise edge)     0.000     0.000 r  
                                                      0.000     0.000 r  clk125 (IN)
                         net (fo=95403, unset)        0.012     0.012    sfo/initial_estimator/service/frontend/correction/u_gain/g_lane[2].u_lane/u_ratio/U0/i_synth/i_nonzero_fract.i_synth/i_algo_r2_or_lutmult.i_nonzero_fract.i_sdivider/i_sdivider.divider_blk/div_loop[22].divisor_gen.divisor_dc1.del_divisor_msbs/aclk
    SLICE_X5Y50          FDRE                                         r  sfo/initial_estimator/service/frontend/correction/u_gain/g_lane[2].u_lane/u_ratio/U0/i_synth/i_nonzero_fract.i_synth/i_algo_r2_or_lutmult.i_nonzero_fract.i_sdivider/i_sdivider.divider_blk/div_loop[22].divisor_gen.divisor_dc1.del_divisor_msbs/opt_has_pipe.first_q_reg[30]/C
  -------------------------------------------------------------------    -------------------
    SLICE_X5Y50          FDRE (Prop_BFF_SLICEL_C_Q)
                                                      0.039     0.051 r  sfo/initial_estimator/service/frontend/correction/u_gain/g_lane[2].u_lane/u_ratio/U0/i_synth/i_nonzero_fract.i_synth/i_algo_r2_or_lutmult.i_nonzero_fract.i_sdivider/i_sdivider.divider_blk/div_loop[22].divisor_gen.divisor_dc1.del_divisor_msbs/opt_has_pipe.first_q_reg[30]/Q
                         net (fo=2, routed)           0.037     0.088    sfo/initial_estimator/service/frontend/correction/u_gain/g_lane[2].u_lane/u_ratio/U0/i_synth/i_nonzero_fract.i_synth/i_algo_r2_or_lutmult.i_nonzero_fract.i_sdivider/i_sdivider.divider_blk/div_loop[23].divisor_gen.divisor_dc1.del_divisor_msbs/opt_has_pipe.first_q_reg[36]_0[30]
    SLICE_X5Y50          FDRE                                         r  sfo/initial_estimator/service/frontend/correction/u_gain/g_lane[2].u_lane/u_ratio/U0/i_synth/i_nonzero_fract.i_synth/i_algo_r2_or_lutmult.i_nonzero_fract.i_sdivider/i_sdivider.divider_blk/div_loop[23].divisor_gen.divisor_dc1.del_divisor_msbs/opt_has_pipe.first_q_reg[30]/D
  -------------------------------------------------------------------    -------------------

                         (clock clk125 rise edge)     0.000     0.000 r  
                                                      0.000     0.000 r  clk125 (IN)
                         net (fo=95403, unset)        0.018     0.018    sfo/initial_estimator/service/frontend/correction/u_gain/g_lane[2].u_lane/u_ratio/U0/i_synth/i_nonzero_fract.i_synth/i_algo_r2_or_lutmult.i_nonzero_fract.i_sdivider/i_sdivider.divider_blk/div_loop[23].divisor_gen.divisor_dc1.del_divisor_msbs/aclk
    SLICE_X5Y50          FDRE                                         r  sfo/initial_estimator/service/frontend/correction/u_gain/g_lane[2].u_lane/u_ratio/U0/i_synth/i_nonzero_fract.i_synth/i_algo_r2_or_lutmult.i_nonzero_fract.i_sdivider/i_sdivider.divider_blk/div_loop[23].divisor_gen.divisor_dc1.del_divisor_msbs/opt_has_pipe.first_q_reg[30]/C
                         clock pessimism              0.000     0.018    
    SLICE_X5Y50          FDRE (Hold_CFF2_SLICEL_C_D)
                                                      0.047     0.065    sfo/initial_estimator/service/frontend/correction/u_gain/g_lane[2].u_lane/u_ratio/U0/i_synth/i_nonzero_fract.i_synth/i_algo_r2_or_lutmult.i_nonzero_fract.i_sdivider/i_sdivider.divider_blk/div_loop[23].divisor_gen.divisor_dc1.del_divisor_msbs/opt_has_pipe.first_q_reg[30]
  -------------------------------------------------------------------
                         required time                         -0.065    
                         arrival time                           0.088    
  -------------------------------------------------------------------
                         slack                                  0.023    

Slack (MET) :             0.023ns  (arrival time - required time)
  Source:                 sfo/initial_estimator/service/frontend/correction/u_gain/g_lane[3].u_lane/u_ratio/U0/i_synth/i_nonzero_fract.i_synth/i_algo_r2_or_lutmult.i_nonzero_fract.i_sdivider/i_sdivider.divider_blk/div_loop[23].divisor_gen.divisor_dc1.del_divisor_msbs/opt_has_pipe.first_q_reg[25]/C
                            (rising edge-triggered cell FDRE clocked by clk125  {rise@0.000ns fall@4.000ns period=8.000ns})
  Destination:            sfo/initial_estimator/service/frontend/correction/u_gain/g_lane[3].u_lane/u_ratio/U0/i_synth/i_nonzero_fract.i_synth/i_algo_r2_or_lutmult.i_nonzero_fract.i_sdivider/i_sdivider.divider_blk/div_loop[24].divisor_gen.divisor_dc1.del_divisor_msbs/opt_has_pipe.first_q_reg[25]/D
                            (rising edge-triggered cell FDRE clocked by clk125  {rise@0.000ns fall@4.000ns period=8.000ns})
  Path Group:             clk125
  Path Type:              Hold (Min at Fast Process Corner)
  Requirement:            0.000ns  (clk125 rise@0.000ns - clk125 rise@0.000ns)
  Data Path Delay:        0.076ns  (logic 0.039ns (51.316%)  route 0.037ns (48.684%))
  Logic Levels:           0  
  Clock Path Skew:        0.006ns (DCD - SCD - CPR)
    Destination Clock Delay (DCD):    0.018ns
    Source Clock Delay      (SCD):    0.012ns
    Clock Pessimism Removal (CPR):    -0.000ns

    Location             Delay type                Incr(ns)  Path(ns)    Netlist Resource(s)
  -------------------------------------------------------------------    -------------------
                         (clock clk125 rise edge)     0.000     0.000 r  
                                                      0.000     0.000 r  clk125 (IN)
                         net (fo=95403, unset)        0.012     0.012    sfo/initial_estimator/service/frontend/correction/u_gain/g_lane[3].u_lane/u_ratio/U0/i_synth/i_nonzero_fract.i_synth/i_algo_r2_or_lutmult.i_nonzero_fract.i_sdivider/i_sdivider.divider_blk/div_loop[23].divisor_gen.divisor_dc1.del_divisor_msbs/aclk
    SLICE_X92Y108        FDRE                                         r  sfo/initial_estimator/service/frontend/correction/u_gain/g_lane[3].u_lane/u_ratio/U0/i_synth/i_nonzero_fract.i_synth/i_algo_r2_or_lutmult.i_nonzero_fract.i_sdivider/i_sdivider.divider_blk/div_loop[23].divisor_gen.divisor_dc1.del_divisor_msbs/opt_has_pipe.first_q_reg[25]/C
  -------------------------------------------------------------------    -------------------
    SLICE_X92Y108        FDRE (Prop_BFF_SLICEL_C_Q)
                                                      0.039     0.051 r  sfo/initial_estimator/service/frontend/correction/u_gain/g_lane[3].u_lane/u_ratio/U0/i_synth/i_nonzero_fract.i_synth/i_algo_r2_or_lutmult.i_nonzero_fract.i_sdivider/i_sdivider.divider_blk/div_loop[23].divisor_gen.divisor_dc1.del_divisor_msbs/opt_has_pipe.first_q_reg[25]/Q
                         net (fo=2, routed)           0.037     0.088    sfo/initial_estimator/service/frontend/correction/u_gain/g_lane[3].u_lane/u_ratio/U0/i_synth/i_nonzero_fract.i_synth/i_algo_r2_or_lutmult.i_nonzero_fract.i_sdivider/i_sdivider.divider_blk/div_loop[24].divisor_gen.divisor_dc1.del_divisor_msbs/opt_has_pipe.first_q_reg[36]_0[25]
    SLICE_X92Y108        FDRE                                         r  sfo/initial_estimator/service/frontend/correction/u_gain/g_lane[3].u_lane/u_ratio/U0/i_synth/i_nonzero_fract.i_synth/i_algo_r2_or_lutmult.i_nonzero_fract.i_sdivider/i_sdivider.divider_blk/div_loop[24].divisor_gen.divisor_dc1.del_divisor_msbs/opt_has_pipe.first_q_reg[25]/D
  -------------------------------------------------------------------    -------------------

                         (clock clk125 rise edge)     0.000     0.000 r  
                                                      0.000     0.000 r  clk125 (IN)
                         net (fo=95403, unset)        0.018     0.018    sfo/initial_estimator/service/frontend/correction/u_gain/g_lane[3].u_lane/u_ratio/U0/i_synth/i_nonzero_fract.i_synth/i_algo_r2_or_lutmult.i_nonzero_fract.i_sdivider/i_sdivider.divider_blk/div_loop[24].divisor_gen.divisor_dc1.del_divisor_msbs/aclk
    SLICE_X92Y108        FDRE                                         r  sfo/initial_estimator/service/frontend/correction/u_gain/g_lane[3].u_lane/u_ratio/U0/i_synth/i_nonzero_fract.i_synth/i_algo_r2_or_lutmult.i_nonzero_fract.i_sdivider/i_sdivider.divider_blk/div_loop[24].divisor_gen.divisor_dc1.del_divisor_msbs/opt_has_pipe.first_q_reg[25]/C
                         clock pessimism              0.000     0.018    
    SLICE_X92Y108        FDRE (Hold_CFF2_SLICEL_C_D)
                                                      0.047     0.065    sfo/initial_estimator/service/frontend/correction/u_gain/g_lane[3].u_lane/u_ratio/U0/i_synth/i_nonzero_fract.i_synth/i_algo_r2_or_lutmult.i_nonzero_fract.i_sdivider/i_sdivider.divider_blk/div_loop[24].divisor_gen.divisor_dc1.del_divisor_msbs/opt_has_pipe.first_q_reg[25]
  -------------------------------------------------------------------
                         required time                         -0.065    
                         arrival time                           0.088    
  -------------------------------------------------------------------
                         slack                                  0.023    

Slack (MET) :             0.023ns  (arrival time - required time)
  Source:                 sfo/initial_estimator/service/frontend/correction/u_gain/g_lane[0].u_lane/u_ratio/U0/i_synth/i_nonzero_fract.i_synth/i_algo_r2_or_lutmult.i_nonzero_fract.i_sdivider/i_sdivider.divider_blk/div_loop[46].divisor_gen.divisor_dc1.del_divisor_msbs/opt_has_pipe.first_q_reg[13]/C
                            (rising edge-triggered cell FDRE clocked by clk125  {rise@0.000ns fall@4.000ns period=8.000ns})
  Destination:            sfo/initial_estimator/service/frontend/correction/u_gain/g_lane[0].u_lane/u_ratio/U0/i_synth/i_nonzero_fract.i_synth/i_algo_r2_or_lutmult.i_nonzero_fract.i_sdivider/i_sdivider.divider_blk/div_loop[47].divisor_gen.divisor_dc1.del_divisor_msbs/opt_has_pipe.first_q_reg[13]/D
                            (rising edge-triggered cell FDRE clocked by clk125  {rise@0.000ns fall@4.000ns period=8.000ns})
  Path Group:             clk125
  Path Type:              Hold (Min at Fast Process Corner)
  Requirement:            0.000ns  (clk125 rise@0.000ns - clk125 rise@0.000ns)
  Data Path Delay:        0.076ns  (logic 0.039ns (51.316%)  route 0.037ns (48.684%))
  Logic Levels:           0  
  Clock Path Skew:        0.006ns (DCD - SCD - CPR)
    Destination Clock Delay (DCD):    0.019ns
    Source Clock Delay      (SCD):    0.013ns
    Clock Pessimism Removal (CPR):    -0.000ns

    Location             Delay type                Incr(ns)  Path(ns)    Netlist Resource(s)
  -------------------------------------------------------------------    -------------------
                         (clock clk125 rise edge)     0.000     0.000 r  
                                                      0.000     0.000 r  clk125 (IN)
                         net (fo=95403, unset)        0.013     0.013    sfo/initial_estimator/service/frontend/correction/u_gain/g_lane[0].u_lane/u_ratio/U0/i_synth/i_nonzero_fract.i_synth/i_algo_r2_or_lutmult.i_nonzero_fract.i_sdivider/i_sdivider.divider_blk/div_loop[46].divisor_gen.divisor_dc1.del_divisor_msbs/aclk
    SLICE_X43Y3          FDRE                                         r  sfo/initial_estimator/service/frontend/correction/u_gain/g_lane[0].u_lane/u_ratio/U0/i_synth/i_nonzero_fract.i_synth/i_algo_r2_or_lutmult.i_nonzero_fract.i_sdivider/i_sdivider.divider_blk/div_loop[46].divisor_gen.divisor_dc1.del_divisor_msbs/opt_has_pipe.first_q_reg[13]/C
  -------------------------------------------------------------------    -------------------
    SLICE_X43Y3          FDRE (Prop_HFF_SLICEL_C_Q)
                                                      0.039     0.052 r  sfo/initial_estimator/service/frontend/correction/u_gain/g_lane[0].u_lane/u_ratio/U0/i_synth/i_nonzero_fract.i_synth/i_algo_r2_or_lutmult.i_nonzero_fract.i_sdivider/i_sdivider.divider_blk/div_loop[46].divisor_gen.divisor_dc1.del_divisor_msbs/opt_has_pipe.first_q_reg[13]/Q
                         net (fo=2, routed)           0.037     0.089    sfo/initial_estimator/service/frontend/correction/u_gain/g_lane[0].u_lane/u_ratio/U0/i_synth/i_nonzero_fract.i_synth/i_algo_r2_or_lutmult.i_nonzero_fract.i_sdivider/i_sdivider.divider_blk/div_loop[47].divisor_gen.divisor_dc1.del_divisor_msbs/opt_has_pipe.first_q_reg[36]_0[13]
    SLICE_X43Y3          FDRE                                         r  sfo/initial_estimator/service/frontend/correction/u_gain/g_lane[0].u_lane/u_ratio/U0/i_synth/i_nonzero_fract.i_synth/i_algo_r2_or_lutmult.i_nonzero_fract.i_sdivider/i_sdivider.divider_blk/div_loop[47].divisor_gen.divisor_dc1.del_divisor_msbs/opt_has_pipe.first_q_reg[13]/D
  -------------------------------------------------------------------    -------------------

                         (clock clk125 rise edge)     0.000     0.000 r  
                                                      0.000     0.000 r  clk125 (IN)
                         net (fo=95403, unset)        0.019     0.019    sfo/initial_estimator/service/frontend/correction/u_gain/g_lane[0].u_lane/u_ratio/U0/i_synth/i_nonzero_fract.i_synth/i_algo_r2_or_lutmult.i_nonzero_fract.i_sdivider/i_sdivider.divider_blk/div_loop[47].divisor_gen.divisor_dc1.del_divisor_msbs/aclk
    SLICE_X43Y3          FDRE                                         r  sfo/initial_estimator/service/frontend/correction/u_gain/g_lane[0].u_lane/u_ratio/U0/i_synth/i_nonzero_fract.i_synth/i_algo_r2_or_lutmult.i_nonzero_fract.i_sdivider/i_sdivider.divider_blk/div_loop[47].divisor_gen.divisor_dc1.del_divisor_msbs/opt_has_pipe.first_q_reg[13]/C
                         clock pessimism              0.000     0.019    
    SLICE_X43Y3          FDRE (Hold_HFF2_SLICEL_C_D)
                                                      0.047     0.066    sfo/initial_estimator/service/frontend/correction/u_gain/g_lane[0].u_lane/u_ratio/U0/i_synth/i_nonzero_fract.i_synth/i_algo_r2_or_lutmult.i_nonzero_fract.i_sdivider/i_sdivider.divider_blk/div_loop[47].divisor_gen.divisor_dc1.del_divisor_msbs/opt_has_pipe.first_q_reg[13]
  -------------------------------------------------------------------
                         required time                         -0.066    
                         arrival time                           0.089    
  -------------------------------------------------------------------
                         slack                                  0.023    

Slack (MET) :             0.024ns  (arrival time - required time)
  Source:                 frontend/fine_confirmation/u_quality_divider_vendor_adapter/u_quality_divider/U0/i_synth/i_nonzero_fract.i_synth/opt_high_radix.i_nonzero_fract.i_high_radix/i_quotient_collector/i_typical_case.i_addsub/i_vx5_sp3.i_casc_dsp48.i_lower_p_balance/opt_has_pipe.first_q_reg[38]/C
                            (rising edge-triggered cell FDRE clocked by clk125  {rise@0.000ns fall@4.000ns period=8.000ns})
  Destination:            frontend/fine_confirmation/u_quality_divider_vendor_adapter/u_quality_divider/U0/i_synth/i_nonzero_fract.i_synth/opt_high_radix.i_nonzero_fract.i_high_radix/i_quotient_collector/i_typical_case.i_quot_carousel_balance/opt_has_pipe.first_q_reg[38]/D
                            (rising edge-triggered cell FDRE clocked by clk125  {rise@0.000ns fall@4.000ns period=8.000ns})
  Path Group:             clk125
  Path Type:              Hold (Min at Fast Process Corner)
  Requirement:            0.000ns  (clk125 rise@0.000ns - clk125 rise@0.000ns)
  Data Path Delay:        0.077ns  (logic 0.039ns (50.649%)  route 0.038ns (49.351%))
  Logic Levels:           0  
  Clock Path Skew:        0.006ns (DCD - SCD - CPR)
    Destination Clock Delay (DCD):    0.019ns
    Source Clock Delay      (SCD):    0.013ns
    Clock Pessimism Removal (CPR):    -0.000ns

    Location             Delay type                Incr(ns)  Path(ns)    Netlist Resource(s)
  -------------------------------------------------------------------    -------------------
                         (clock clk125 rise edge)     0.000     0.000 r  
                                                      0.000     0.000 r  clk125 (IN)
                         net (fo=95403, unset)        0.013     0.013    frontend/fine_confirmation/u_quality_divider_vendor_adapter/u_quality_divider/U0/i_synth/i_nonzero_fract.i_synth/opt_high_radix.i_nonzero_fract.i_high_radix/i_quotient_collector/i_typical_case.i_addsub/i_vx5_sp3.i_casc_dsp48.i_lower_p_balance/aclk
    SLICE_X200Y36        FDRE                                         r  frontend/fine_confirmation/u_quality_divider_vendor_adapter/u_quality_divider/U0/i_synth/i_nonzero_fract.i_synth/opt_high_radix.i_nonzero_fract.i_high_radix/i_quotient_collector/i_typical_case.i_addsub/i_vx5_sp3.i_casc_dsp48.i_lower_p_balance/opt_has_pipe.first_q_reg[38]/C
  -------------------------------------------------------------------    -------------------
    SLICE_X200Y36        FDRE (Prop_EFF_SLICEL_C_Q)
                                                      0.039     0.052 r  frontend/fine_confirmation/u_quality_divider_vendor_adapter/u_quality_divider/U0/i_synth/i_nonzero_fract.i_synth/opt_high_radix.i_nonzero_fract.i_high_radix/i_quotient_collector/i_typical_case.i_addsub/i_vx5_sp3.i_casc_dsp48.i_lower_p_balance/opt_has_pipe.first_q_reg[38]/Q
                         net (fo=2, routed)           0.038     0.090    frontend/fine_confirmation/u_quality_divider_vendor_adapter/u_quality_divider/U0/i_synth/i_nonzero_fract.i_synth/opt_high_radix.i_nonzero_fract.i_high_radix/i_quotient_collector/i_typical_case.i_quot_carousel_balance/m_axis_dout_tdata[32]
    SLICE_X200Y36        FDRE                                         r  frontend/fine_confirmation/u_quality_divider_vendor_adapter/u_quality_divider/U0/i_synth/i_nonzero_fract.i_synth/opt_high_radix.i_nonzero_fract.i_high_radix/i_quotient_collector/i_typical_case.i_quot_carousel_balance/opt_has_pipe.first_q_reg[38]/D
  -------------------------------------------------------------------    -------------------

                         (clock clk125 rise edge)     0.000     0.000 r  
                                                      0.000     0.000 r  clk125 (IN)
                         net (fo=95403, unset)        0.019     0.019    frontend/fine_confirmation/u_quality_divider_vendor_adapter/u_quality_divider/U0/i_synth/i_nonzero_fract.i_synth/opt_high_radix.i_nonzero_fract.i_high_radix/i_quotient_collector/i_typical_case.i_quot_carousel_balance/aclk
    SLICE_X200Y36        FDRE                                         r  frontend/fine_confirmation/u_quality_divider_vendor_adapter/u_quality_divider/U0/i_synth/i_nonzero_fract.i_synth/opt_high_radix.i_nonzero_fract.i_high_radix/i_quotient_collector/i_typical_case.i_quot_carousel_balance/opt_has_pipe.first_q_reg[38]/C
                         clock pessimism              0.000     0.019    
    SLICE_X200Y36        FDRE (Hold_GFF2_SLICEL_C_D)
                                                      0.047     0.066    frontend/fine_confirmation/u_quality_divider_vendor_adapter/u_quality_divider/U0/i_synth/i_nonzero_fract.i_synth/opt_high_radix.i_nonzero_fract.i_high_radix/i_quotient_collector/i_typical_case.i_quot_carousel_balance/opt_has_pipe.first_q_reg[38]
  -------------------------------------------------------------------
                         required time                         -0.066    
                         arrival time                           0.090    
  -------------------------------------------------------------------
                         slack                                  0.024    

Slack (MET) :             0.024ns  (arrival time - required time)
  Source:                 sfo/initial_estimator/service/frontend/correction/u_gain/g_lane[0].u_lane/u_ratio/U0/i_synth/i_nonzero_fract.i_synth/i_algo_r2_or_lutmult.i_nonzero_fract.i_sdivider/i_sdivider.divider_blk/div_loop[12].divisor_gen.divisor_dc1.del_divisor_msbs/opt_has_pipe.first_q_reg[3]/C
                            (rising edge-triggered cell FDRE clocked by clk125  {rise@0.000ns fall@4.000ns period=8.000ns})
  Destination:            sfo/initial_estimator/service/frontend/correction/u_gain/g_lane[0].u_lane/u_ratio/U0/i_synth/i_nonzero_fract.i_synth/i_algo_r2_or_lutmult.i_nonzero_fract.i_sdivider/i_sdivider.divider_blk/div_loop[13].divisor_gen.divisor_dc1.del_divisor_msbs/opt_has_pipe.first_q_reg[3]/D
                            (rising edge-triggered cell FDRE clocked by clk125  {rise@0.000ns fall@4.000ns period=8.000ns})
  Path Group:             clk125
  Path Type:              Hold (Min at Fast Process Corner)
  Requirement:            0.000ns  (clk125 rise@0.000ns - clk125 rise@0.000ns)
  Data Path Delay:        0.077ns  (logic 0.039ns (50.649%)  route 0.038ns (49.351%))
  Logic Levels:           0  
  Clock Path Skew:        0.006ns (DCD - SCD - CPR)
    Destination Clock Delay (DCD):    0.019ns
    Source Clock Delay      (SCD):    0.013ns
    Clock Pessimism Removal (CPR):    -0.000ns

    Location             Delay type                Incr(ns)  Path(ns)    Netlist Resource(s)
  -------------------------------------------------------------------    -------------------
                         (clock clk125 rise edge)     0.000     0.000 r  
                                                      0.000     0.000 r  clk125 (IN)
                         net (fo=95403, unset)        0.013     0.013    sfo/initial_estimator/service/frontend/correction/u_gain/g_lane[0].u_lane/u_ratio/U0/i_synth/i_nonzero_fract.i_synth/i_algo_r2_or_lutmult.i_nonzero_fract.i_sdivider/i_sdivider.divider_blk/div_loop[12].divisor_gen.divisor_dc1.del_divisor_msbs/aclk
    SLICE_X69Y6          FDRE                                         r  sfo/initial_estimator/service/frontend/correction/u_gain/g_lane[0].u_lane/u_ratio/U0/i_synth/i_nonzero_fract.i_synth/i_algo_r2_or_lutmult.i_nonzero_fract.i_sdivider/i_sdivider.divider_blk/div_loop[12].divisor_gen.divisor_dc1.del_divisor_msbs/opt_has_pipe.first_q_reg[3]/C
  -------------------------------------------------------------------    -------------------
    SLICE_X69Y6          FDRE (Prop_EFF_SLICEL_C_Q)
                                                      0.039     0.052 r  sfo/initial_estimator/service/frontend/correction/u_gain/g_lane[0].u_lane/u_ratio/U0/i_synth/i_nonzero_fract.i_synth/i_algo_r2_or_lutmult.i_nonzero_fract.i_sdivider/i_sdivider.divider_blk/div_loop[12].divisor_gen.divisor_dc1.del_divisor_msbs/opt_has_pipe.first_q_reg[3]/Q
                         net (fo=2, routed)           0.038     0.090    sfo/initial_estimator/service/frontend/correction/u_gain/g_lane[0].u_lane/u_ratio/U0/i_synth/i_nonzero_fract.i_synth/i_algo_r2_or_lutmult.i_nonzero_fract.i_sdivider/i_sdivider.divider_blk/div_loop[13].divisor_gen.divisor_dc1.del_divisor_msbs/opt_has_pipe.first_q_reg[36]_0[3]
    SLICE_X69Y6          FDRE                                         r  sfo/initial_estimator/service/frontend/correction/u_gain/g_lane[0].u_lane/u_ratio/U0/i_synth/i_nonzero_fract.i_synth/i_algo_r2_or_lutmult.i_nonzero_fract.i_sdivider/i_sdivider.divider_blk/div_loop[13].divisor_gen.divisor_dc1.del_divisor_msbs/opt_has_pipe.first_q_reg[3]/D
  -------------------------------------------------------------------    -------------------

                         (clock clk125 rise edge)     0.000     0.000 r  
                                                      0.000     0.000 r  clk125 (IN)
                         net (fo=95403, unset)        0.019     0.019    sfo/initial_estimator/service/frontend/correction/u_gain/g_lane[0].u_lane/u_ratio/U0/i_synth/i_nonzero_fract.i_synth/i_algo_r2_or_lutmult.i_nonzero_fract.i_sdivider/i_sdivider.divider_blk/div_loop[13].divisor_gen.divisor_dc1.del_divisor_msbs/aclk
    SLICE_X69Y6          FDRE                                         r  sfo/initial_estimator/service/frontend/correction/u_gain/g_lane[0].u_lane/u_ratio/U0/i_synth/i_nonzero_fract.i_synth/i_algo_r2_or_lutmult.i_nonzero_fract.i_sdivider/i_sdivider.divider_blk/div_loop[13].divisor_gen.divisor_dc1.del_divisor_msbs/opt_has_pipe.first_q_reg[3]/C
                         clock pessimism              0.000     0.019    
    SLICE_X69Y6          FDRE (Hold_GFF2_SLICEL_C_D)
                                                      0.047     0.066    sfo/initial_estimator/service/frontend/correction/u_gain/g_lane[0].u_lane/u_ratio/U0/i_synth/i_nonzero_fract.i_synth/i_algo_r2_or_lutmult.i_nonzero_fract.i_sdivider/i_sdivider.divider_blk/div_loop[13].divisor_gen.divisor_dc1.del_divisor_msbs/opt_has_pipe.first_q_reg[3]
  -------------------------------------------------------------------
                         required time                         -0.066    
                         arrival time                           0.090    
  -------------------------------------------------------------------
                         slack                                  0.024    

Slack (MET) :             0.024ns  (arrival time - required time)
  Source:                 sfo/initial_estimator/service/frontend/correction/u_gain/g_lane[0].u_lane/u_ratio/U0/i_synth/i_nonzero_fract.i_synth/i_algo_r2_or_lutmult.i_nonzero_fract.i_sdivider/i_sdivider.divider_blk/div_loop[35].divisor_gen.divisor_dc1.del_divisor_msbs/opt_has_pipe.first_q_reg[16]/C
                            (rising edge-triggered cell FDRE clocked by clk125  {rise@0.000ns fall@4.000ns period=8.000ns})
  Destination:            sfo/initial_estimator/service/frontend/correction/u_gain/g_lane[0].u_lane/u_ratio/U0/i_synth/i_nonzero_fract.i_synth/i_algo_r2_or_lutmult.i_nonzero_fract.i_sdivider/i_sdivider.divider_blk/div_loop[36].divisor_gen.divisor_dc1.del_divisor_msbs/opt_has_pipe.first_q_reg[16]/D
                            (rising edge-triggered cell FDRE clocked by clk125  {rise@0.000ns fall@4.000ns period=8.000ns})
  Path Group:             clk125
  Path Type:              Hold (Min at Fast Process Corner)
  Requirement:            0.000ns  (clk125 rise@0.000ns - clk125 rise@0.000ns)
  Data Path Delay:        0.077ns  (logic 0.039ns (50.649%)  route 0.038ns (49.351%))
  Logic Levels:           0  
  Clock Path Skew:        0.006ns (DCD - SCD - CPR)
    Destination Clock Delay (DCD):    0.019ns
    Source Clock Delay      (SCD):    0.013ns
    Clock Pessimism Removal (CPR):    -0.000ns

    Location             Delay type                Incr(ns)  Path(ns)    Netlist Resource(s)
  -------------------------------------------------------------------    -------------------
                         (clock clk125 rise edge)     0.000     0.000 r  
                                                      0.000     0.000 r  clk125 (IN)
                         net (fo=95403, unset)        0.013     0.013    sfo/initial_estimator/service/frontend/correction/u_gain/g_lane[0].u_lane/u_ratio/U0/i_synth/i_nonzero_fract.i_synth/i_algo_r2_or_lutmult.i_nonzero_fract.i_sdivider/i_sdivider.divider_blk/div_loop[35].divisor_gen.divisor_dc1.del_divisor_msbs/aclk
    SLICE_X66Y2          FDRE                                         r  sfo/initial_estimator/service/frontend/correction/u_gain/g_lane[0].u_lane/u_ratio/U0/i_synth/i_nonzero_fract.i_synth/i_algo_r2_or_lutmult.i_nonzero_fract.i_sdivider/i_sdivider.divider_blk/div_loop[35].divisor_gen.divisor_dc1.del_divisor_msbs/opt_has_pipe.first_q_reg[16]/C
  -------------------------------------------------------------------    -------------------
    SLICE_X66Y2          FDRE (Prop_EFF_SLICEL_C_Q)
                                                      0.039     0.052 r  sfo/initial_estimator/service/frontend/correction/u_gain/g_lane[0].u_lane/u_ratio/U0/i_synth/i_nonzero_fract.i_synth/i_algo_r2_or_lutmult.i_nonzero_fract.i_sdivider/i_sdivider.divider_blk/div_loop[35].divisor_gen.divisor_dc1.del_divisor_msbs/opt_has_pipe.first_q_reg[16]/Q
                         net (fo=2, routed)           0.038     0.090    sfo/initial_estimator/service/frontend/correction/u_gain/g_lane[0].u_lane/u_ratio/U0/i_synth/i_nonzero_fract.i_synth/i_algo_r2_or_lutmult.i_nonzero_fract.i_sdivider/i_sdivider.divider_blk/div_loop[36].divisor_gen.divisor_dc1.del_divisor_msbs/opt_has_pipe.first_q_reg[36]_0[16]
    SLICE_X66Y2          FDRE                                         r  sfo/initial_estimator/service/frontend/correction/u_gain/g_lane[0].u_lane/u_ratio/U0/i_synth/i_nonzero_fract.i_synth/i_algo_r2_or_lutmult.i_nonzero_fract.i_sdivider/i_sdivider.divider_blk/div_loop[36].divisor_gen.divisor_dc1.del_divisor_msbs/opt_has_pipe.first_q_reg[16]/D
  -------------------------------------------------------------------    -------------------

                         (clock clk125 rise edge)     0.000     0.000 r  
                                                      0.000     0.000 r  clk125 (IN)
                         net (fo=95403, unset)        0.019     0.019    sfo/initial_estimator/service/frontend/correction/u_gain/g_lane[0].u_lane/u_ratio/U0/i_synth/i_nonzero_fract.i_synth/i_algo_r2_or_lutmult.i_nonzero_fract.i_sdivider/i_sdivider.divider_blk/div_loop[36].divisor_gen.divisor_dc1.del_divisor_msbs/aclk
    SLICE_X66Y2          FDRE                                         r  sfo/initial_estimator/service/frontend/correction/u_gain/g_lane[0].u_lane/u_ratio/U0/i_synth/i_nonzero_fract.i_synth/i_algo_r2_or_lutmult.i_nonzero_fract.i_sdivider/i_sdivider.divider_blk/div_loop[36].divisor_gen.divisor_dc1.del_divisor_msbs/opt_has_pipe.first_q_reg[16]/C
                         clock pessimism              0.000     0.019    
    SLICE_X66Y2          FDRE (Hold_GFF2_SLICEL_C_D)
                                                      0.047     0.066    sfo/initial_estimator/service/frontend/correction/u_gain/g_lane[0].u_lane/u_ratio/U0/i_synth/i_nonzero_fract.i_synth/i_algo_r2_or_lutmult.i_nonzero_fract.i_sdivider/i_sdivider.divider_blk/div_loop[36].divisor_gen.divisor_dc1.del_divisor_msbs/opt_has_pipe.first_q_reg[16]
  -------------------------------------------------------------------
                         required time                         -0.066    
                         arrival time                           0.090    
  -------------------------------------------------------------------
                         slack                                  0.024    

Slack (MET) :             0.024ns  (arrival time - required time)
  Source:                 sfo/initial_estimator/service/frontend/correction/u_gain/g_lane[3].u_lane/u_ratio/U0/i_synth/i_nonzero_fract.i_synth/i_algo_r2_or_lutmult.i_nonzero_fract.i_sdivider/i_sdivider.divider_blk/div_loop[12].divisor_gen.divisor_dc1.del_divisor_msbs/opt_has_pipe.first_q_reg[36]/C
                            (rising edge-triggered cell FDRE clocked by clk125  {rise@0.000ns fall@4.000ns period=8.000ns})
  Destination:            sfo/initial_estimator/service/frontend/correction/u_gain/g_lane[3].u_lane/u_ratio/U0/i_synth/i_nonzero_fract.i_synth/i_algo_r2_or_lutmult.i_nonzero_fract.i_sdivider/i_sdivider.divider_blk/div_loop[13].divisor_gen.divisor_dc1.del_divisor_msbs/opt_has_pipe.first_q_reg[36]/D
                            (rising edge-triggered cell FDRE clocked by clk125  {rise@0.000ns fall@4.000ns period=8.000ns})
  Path Group:             clk125
  Path Type:              Hold (Min at Fast Process Corner)
  Requirement:            0.000ns  (clk125 rise@0.000ns - clk125 rise@0.000ns)
  Data Path Delay:        0.077ns  (logic 0.039ns (50.649%)  route 0.038ns (49.351%))
  Logic Levels:           0  
  Clock Path Skew:        0.006ns (DCD - SCD - CPR)
    Destination Clock Delay (DCD):    0.019ns
    Source Clock Delay      (SCD):    0.013ns
    Clock Pessimism Removal (CPR):    -0.000ns

    Location             Delay type                Incr(ns)  Path(ns)    Netlist Resource(s)
  -------------------------------------------------------------------    -------------------
                         (clock clk125 rise edge)     0.000     0.000 r  
                                                      0.000     0.000 r  clk125 (IN)
                         net (fo=95403, unset)        0.013     0.013    sfo/initial_estimator/service/frontend/correction/u_gain/g_lane[3].u_lane/u_ratio/U0/i_synth/i_nonzero_fract.i_synth/i_algo_r2_or_lutmult.i_nonzero_fract.i_sdivider/i_sdivider.divider_blk/div_loop[12].divisor_gen.divisor_dc1.del_divisor_msbs/aclk
    SLICE_X78Y109        FDRE                                         r  sfo/initial_estimator/service/frontend/correction/u_gain/g_lane[3].u_lane/u_ratio/U0/i_synth/i_nonzero_fract.i_synth/i_algo_r2_or_lutmult.i_nonzero_fract.i_sdivider/i_sdivider.divider_blk/div_loop[12].divisor_gen.divisor_dc1.del_divisor_msbs/opt_has_pipe.first_q_reg[36]/C
  -------------------------------------------------------------------    -------------------
    SLICE_X78Y109        FDRE (Prop_EFF_SLICEL_C_Q)
                                                      0.039     0.052 r  sfo/initial_estimator/service/frontend/correction/u_gain/g_lane[3].u_lane/u_ratio/U0/i_synth/i_nonzero_fract.i_synth/i_algo_r2_or_lutmult.i_nonzero_fract.i_sdivider/i_sdivider.divider_blk/div_loop[12].divisor_gen.divisor_dc1.del_divisor_msbs/opt_has_pipe.first_q_reg[36]/Q
                         net (fo=2, routed)           0.038     0.090    sfo/initial_estimator/service/frontend/correction/u_gain/g_lane[3].u_lane/u_ratio/U0/i_synth/i_nonzero_fract.i_synth/i_algo_r2_or_lutmult.i_nonzero_fract.i_sdivider/i_sdivider.divider_blk/div_loop[13].divisor_gen.divisor_dc1.del_divisor_msbs/opt_has_pipe.first_q_reg[36]_0[36]
    SLICE_X78Y109        FDRE                                         r  sfo/initial_estimator/service/frontend/correction/u_gain/g_lane[3].u_lane/u_ratio/U0/i_synth/i_nonzero_fract.i_synth/i_algo_r2_or_lutmult.i_nonzero_fract.i_sdivider/i_sdivider.divider_blk/div_loop[13].divisor_gen.divisor_dc1.del_divisor_msbs/opt_has_pipe.first_q_reg[36]/D
  -------------------------------------------------------------------    -------------------

                         (clock clk125 rise edge)     0.000     0.000 r  
                                                      0.000     0.000 r  clk125 (IN)
                         net (fo=95403, unset)        0.019     0.019    sfo/initial_estimator/service/frontend/correction/u_gain/g_lane[3].u_lane/u_ratio/U0/i_synth/i_nonzero_fract.i_synth/i_algo_r2_or_lutmult.i_nonzero_fract.i_sdivider/i_sdivider.divider_blk/div_loop[13].divisor_gen.divisor_dc1.del_divisor_msbs/aclk
    SLICE_X78Y109        FDRE                                         r  sfo/initial_estimator/service/frontend/correction/u_gain/g_lane[3].u_lane/u_ratio/U0/i_synth/i_nonzero_fract.i_synth/i_algo_r2_or_lutmult.i_nonzero_fract.i_sdivider/i_sdivider.divider_blk/div_loop[13].divisor_gen.divisor_dc1.del_divisor_msbs/opt_has_pipe.first_q_reg[36]/C
                         clock pessimism              0.000     0.019    
    SLICE_X78Y109        FDRE (Hold_GFF2_SLICEL_C_D)
                                                      0.047     0.066    sfo/initial_estimator/service/frontend/correction/u_gain/g_lane[3].u_lane/u_ratio/U0/i_synth/i_nonzero_fract.i_synth/i_algo_r2_or_lutmult.i_nonzero_fract.i_sdivider/i_sdivider.divider_blk/div_loop[13].divisor_gen.divisor_dc1.del_divisor_msbs/opt_has_pipe.first_q_reg[36]
  -------------------------------------------------------------------
                         required time                         -0.066    
                         arrival time                           0.090    
  -------------------------------------------------------------------
                         slack                                  0.024    

Slack (MET) :             0.028ns  (arrival time - required time)
  Source:                 sfo/initial_estimator/service/backend/backend/regression/u_ppm/U0/i_mult/gDSP.gDSP_only.iDSP/use_prim.appDSP48[0].bppDSP48[1].need_output_delay.output_delay/d1.dout_i_reg[13]/C
                            (rising edge-triggered cell FDRE clocked by clk125  {rise@0.000ns fall@4.000ns period=8.000ns})
  Destination:            sfo/initial_estimator/service/backend/backend/regression/ppm_magnitude_reg[48]/D
                            (rising edge-triggered cell FDRE clocked by clk125  {rise@0.000ns fall@4.000ns period=8.000ns})
  Path Group:             clk125
  Path Type:              Hold (Min at Fast Process Corner)
  Requirement:            0.000ns  (clk125 rise@0.000ns - clk125 rise@0.000ns)
  Data Path Delay:        0.081ns  (logic 0.039ns (48.148%)  route 0.042ns (51.852%))
  Logic Levels:           0  
  Clock Path Skew:        0.006ns (DCD - SCD - CPR)
    Destination Clock Delay (DCD):    0.019ns
    Source Clock Delay      (SCD):    0.013ns
    Clock Pessimism Removal (CPR):    -0.000ns

    Location             Delay type                Incr(ns)  Path(ns)    Netlist Resource(s)
  -------------------------------------------------------------------    -------------------
                         (clock clk125 rise edge)     0.000     0.000 r  
                                                      0.000     0.000 r  clk125 (IN)
                         net (fo=95403, unset)        0.013     0.013    sfo/initial_estimator/service/backend/backend/regression/u_ppm/U0/i_mult/gDSP.gDSP_only.iDSP/use_prim.appDSP48[0].bppDSP48[1].need_output_delay.output_delay/CLK
    SLICE_X121Y66        FDRE                                         r  sfo/initial_estimator/service/backend/backend/regression/u_ppm/U0/i_mult/gDSP.gDSP_only.iDSP/use_prim.appDSP48[0].bppDSP48[1].need_output_delay.output_delay/d1.dout_i_reg[13]/C
  -------------------------------------------------------------------    -------------------
    SLICE_X121Y66        FDRE (Prop_DFF_SLICEM_C_Q)
                                                      0.039     0.052 r  sfo/initial_estimator/service/backend/backend/regression/u_ppm/U0/i_mult/gDSP.gDSP_only.iDSP/use_prim.appDSP48[0].bppDSP48[1].need_output_delay.output_delay/d1.dout_i_reg[13]/Q
                         net (fo=1, routed)           0.042     0.094    sfo/initial_estimator/service/backend/backend/regression/ppm_product[30]
    SLICE_X121Y66        FDRE                                         r  sfo/initial_estimator/service/backend/backend/regression/ppm_magnitude_reg[48]/D
  -------------------------------------------------------------------    -------------------

                         (clock clk125 rise edge)     0.000     0.000 r  
                                                      0.000     0.000 r  clk125 (IN)
                         net (fo=95403, unset)        0.019     0.019    sfo/initial_estimator/service/backend/backend/regression/clk
    SLICE_X121Y66        FDRE                                         r  sfo/initial_estimator/service/backend/backend/regression/ppm_magnitude_reg[48]/C
                         clock pessimism              0.000     0.019    
    SLICE_X121Y66        FDRE (Hold_CFF2_SLICEM_C_D)
                                                      0.047     0.066    sfo/initial_estimator/service/backend/backend/regression/ppm_magnitude_reg[48]
  -------------------------------------------------------------------
                         required time                         -0.066    
                         arrival time                           0.094    
  -------------------------------------------------------------------
                         slack                                  0.028    





Pulse Width Checks
--------------------------------------------------------------------------------------
Clock Name:         clk125
Waveform(ns):       { 0.000 4.000 }
Period(ns):         8.000
Sources:            { clk125 }

Check Type        Corner  Lib Pin             Reference Pin  Required(ns)  Actual(ns)  Slack(ns)  Location       Pin
Min Period        n/a     RAMB36E2/CLKARDCLK  n/a            1.569         8.000       6.431      RAMB36_X10Y12  frontend/acquisition/lag_history/memory/xpm_memory_base_inst/gen_wr_a.gen_word_narrow.mem_reg_0/CLKARDCLK
Min Period        n/a     RAMB36E2/CLKBWRCLK  n/a            1.569         8.000       6.431      RAMB36_X10Y12  frontend/acquisition/lag_history/memory/xpm_memory_base_inst/gen_wr_a.gen_word_narrow.mem_reg_0/CLKBWRCLK
Min Period        n/a     RAMB36E2/CLKARDCLK  n/a            1.569         8.000       6.431      RAMB36_X10Y15  frontend/acquisition/lag_history/memory/xpm_memory_base_inst/gen_wr_a.gen_word_narrow.mem_reg_1/CLKARDCLK
Min Period        n/a     RAMB36E2/CLKBWRCLK  n/a            1.569         8.000       6.431      RAMB36_X10Y15  frontend/acquisition/lag_history/memory/xpm_memory_base_inst/gen_wr_a.gen_word_narrow.mem_reg_1/CLKBWRCLK
Min Period        n/a     RAMB36E2/CLKARDCLK  n/a            1.569         8.000       6.431      RAMB36_X10Y13  frontend/acquisition/rolling/aggregate_history/memory/xpm_memory_base_inst/gen_wr_a.gen_word_narrow.mem_reg_0/CLKARDCLK
Min Period        n/a     RAMB36E2/CLKBWRCLK  n/a            1.569         8.000       6.431      RAMB36_X10Y13  frontend/acquisition/rolling/aggregate_history/memory/xpm_memory_base_inst/gen_wr_a.gen_word_narrow.mem_reg_0/CLKBWRCLK
Min Period        n/a     RAMB18E2/CLKARDCLK  n/a            1.569         8.000       6.431      RAMB18_X10Y28  frontend/acquisition/rolling/aggregate_history/memory/xpm_memory_base_inst/gen_wr_a.gen_word_narrow.mem_reg_1/CLKARDCLK
Min Period        n/a     RAMB18E2/CLKBWRCLK  n/a            1.569         8.000       6.431      RAMB18_X10Y28  frontend/acquisition/rolling/aggregate_history/memory/xpm_memory_base_inst/gen_wr_a.gen_word_narrow.mem_reg_1/CLKBWRCLK
Min Period        n/a     RAMB36E2/CLKARDCLK  n/a            1.569         8.000       6.431      RAMB36_X11Y2   frontend/candidate_snapshots/memory/xpm_memory_base_inst/gen_wr_a.gen_word_narrow.mem_reg_bram_0/CLKARDCLK
Min Period        n/a     RAMB36E2/CLKARDCLK  n/a            1.569         8.000       6.431      RAMB36_X11Y3   frontend/candidate_snapshots/memory/xpm_memory_base_inst/gen_wr_a.gen_word_narrow.mem_reg_bram_1/CLKARDCLK
Low Pulse Width   Slow    RAMB36E2/CLKARDCLK  n/a            0.542         4.000       3.458      RAMB36_X10Y29  completions/record_fifo/gnuram_async_fifo.xpm_fifo_base_inst/gen_sdpram.xpm_memory_base_inst/gen_wr_a.gen_word_narrow.mem_reg/CLKARDCLK
Low Pulse Width   Fast    RAMB36E2/CLKARDCLK  n/a            0.542         4.000       3.458      RAMB36_X10Y29  completions/record_fifo/gnuram_async_fifo.xpm_fifo_base_inst/gen_sdpram.xpm_memory_base_inst/gen_wr_a.gen_word_narrow.mem_reg/CLKARDCLK
Low Pulse Width   Slow    RAMB36E2/CLKARDCLK  n/a            0.542         4.000       3.458      RAMB36_X10Y12  frontend/acquisition/lag_history/memory/xpm_memory_base_inst/gen_wr_a.gen_word_narrow.mem_reg_0/CLKARDCLK
Low Pulse Width   Fast    RAMB36E2/CLKARDCLK  n/a            0.542         4.000       3.458      RAMB36_X10Y12  frontend/acquisition/lag_history/memory/xpm_memory_base_inst/gen_wr_a.gen_word_narrow.mem_reg_0/CLKARDCLK
Low Pulse Width   Slow    RAMB36E2/CLKBWRCLK  n/a            0.542         4.000       3.458      RAMB36_X10Y12  frontend/acquisition/lag_history/memory/xpm_memory_base_inst/gen_wr_a.gen_word_narrow.mem_reg_0/CLKBWRCLK
Low Pulse Width   Fast    RAMB36E2/CLKBWRCLK  n/a            0.542         4.000       3.458      RAMB36_X10Y12  frontend/acquisition/lag_history/memory/xpm_memory_base_inst/gen_wr_a.gen_word_narrow.mem_reg_0/CLKBWRCLK
Low Pulse Width   Slow    RAMB36E2/CLKARDCLK  n/a            0.542         4.000       3.458      RAMB36_X10Y15  frontend/acquisition/lag_history/memory/xpm_memory_base_inst/gen_wr_a.gen_word_narrow.mem_reg_1/CLKARDCLK
Low Pulse Width   Fast    RAMB36E2/CLKARDCLK  n/a            0.542         4.000       3.458      RAMB36_X10Y15  frontend/acquisition/lag_history/memory/xpm_memory_base_inst/gen_wr_a.gen_word_narrow.mem_reg_1/CLKARDCLK
Low Pulse Width   Slow    RAMB36E2/CLKBWRCLK  n/a            0.542         4.000       3.458      RAMB36_X10Y15  frontend/acquisition/lag_history/memory/xpm_memory_base_inst/gen_wr_a.gen_word_narrow.mem_reg_1/CLKBWRCLK
Low Pulse Width   Fast    RAMB36E2/CLKBWRCLK  n/a            0.542         4.000       3.458      RAMB36_X10Y15  frontend/acquisition/lag_history/memory/xpm_memory_base_inst/gen_wr_a.gen_word_narrow.mem_reg_1/CLKBWRCLK
High Pulse Width  Slow    RAMB36E2/CLKARDCLK  n/a            0.542         4.000       3.458      RAMB36_X10Y29  completions/record_fifo/gnuram_async_fifo.xpm_fifo_base_inst/gen_sdpram.xpm_memory_base_inst/gen_wr_a.gen_word_narrow.mem_reg/CLKARDCLK
High Pulse Width  Fast    RAMB36E2/CLKARDCLK  n/a            0.542         4.000       3.458      RAMB36_X10Y29  completions/record_fifo/gnuram_async_fifo.xpm_fifo_base_inst/gen_sdpram.xpm_memory_base_inst/gen_wr_a.gen_word_narrow.mem_reg/CLKARDCLK
High Pulse Width  Slow    RAMB36E2/CLKARDCLK  n/a            0.542         4.000       3.458      RAMB36_X10Y12  frontend/acquisition/lag_history/memory/xpm_memory_base_inst/gen_wr_a.gen_word_narrow.mem_reg_0/CLKARDCLK
High Pulse Width  Fast    RAMB36E2/CLKARDCLK  n/a            0.542         4.000       3.458      RAMB36_X10Y12  frontend/acquisition/lag_history/memory/xpm_memory_base_inst/gen_wr_a.gen_word_narrow.mem_reg_0/CLKARDCLK
High Pulse Width  Slow    RAMB36E2/CLKBWRCLK  n/a            0.542         4.000       3.458      RAMB36_X10Y12  frontend/acquisition/lag_history/memory/xpm_memory_base_inst/gen_wr_a.gen_word_narrow.mem_reg_0/CLKBWRCLK
High Pulse Width  Fast    RAMB36E2/CLKBWRCLK  n/a            0.542         4.000       3.458      RAMB36_X10Y12  frontend/acquisition/lag_history/memory/xpm_memory_base_inst/gen_wr_a.gen_word_narrow.mem_reg_0/CLKBWRCLK
High Pulse Width  Slow    RAMB36E2/CLKARDCLK  n/a            0.542         4.000       3.458      RAMB36_X10Y15  frontend/acquisition/lag_history/memory/xpm_memory_base_inst/gen_wr_a.gen_word_narrow.mem_reg_1/CLKARDCLK
High Pulse Width  Fast    RAMB36E2/CLKARDCLK  n/a            0.542         4.000       3.458      RAMB36_X10Y15  frontend/acquisition/lag_history/memory/xpm_memory_base_inst/gen_wr_a.gen_word_narrow.mem_reg_1/CLKARDCLK
High Pulse Width  Slow    RAMB36E2/CLKBWRCLK  n/a            0.542         4.000       3.458      RAMB36_X10Y15  frontend/acquisition/lag_history/memory/xpm_memory_base_inst/gen_wr_a.gen_word_narrow.mem_reg_1/CLKBWRCLK
High Pulse Width  Fast    RAMB36E2/CLKBWRCLK  n/a            0.542         4.000       3.458      RAMB36_X10Y15  frontend/acquisition/lag_history/memory/xpm_memory_base_inst/gen_wr_a.gen_word_narrow.mem_reg_1/CLKBWRCLK



---------------------------------------------------------------------------------------------------
From Clock:  clk150
  To Clock:  clk150

Setup :            0  Failing Endpoints,  Worst Slack        0.013ns,  Total Violation        0.000ns
Hold  :            0  Failing Endpoints,  Worst Slack        0.007ns,  Total Violation        0.000ns
PW    :            0  Failing Endpoints,  Worst Slack        2.633ns,  Total Violation        0.000ns
---------------------------------------------------------------------------------------------------


Max Delay Paths
--------------------------------------------------------------------------------------
Slack (MET) :             0.013ns  (required time - arrival time)
  Source:                 poison_sync/syncstages_ff_reg[3]/C
                            (rising edge-triggered cell FDRE clocked by clk150  {rise@0.000ns fall@3.333ns period=6.667ns})
  Destination:            sfo/two_pass_transport/output_buffer/storage/u_frame_memory/xpm_memory_base_inst/gen_wr_a.gen_word_narrow.mem_reg_bram_206/ENBWREN
                            (rising edge-triggered cell RAMB36E2 clocked by clk150  {rise@0.000ns fall@3.333ns period=6.667ns})
  Path Group:             clk150
  Path Type:              Setup (Max at Slow Process Corner)
  Requirement:            6.667ns  (clk150 rise@6.667ns - clk150 rise@0.000ns)
  Data Path Delay:        6.288ns  (logic 0.679ns (10.798%)  route 5.609ns (89.202%))
  Logic Levels:           8  (LUT2=1 LUT3=2 LUT4=1 LUT5=2 LUT6=2)
  Clock Path Skew:        0.011ns (DCD - SCD + CPR)
    Destination Clock Delay (DCD):    0.040ns = ( 6.707 - 6.667 ) 
    Source Clock Delay      (SCD):    0.029ns
    Clock Pessimism Removal (CPR):    0.000ns
  Clock Uncertainty:      0.035ns  ((TSJ^2 + TIJ^2)^1/2 + DJ) / 2 + PE
    Total System Jitter     (TSJ):    0.071ns
    Total Input Jitter      (TIJ):    0.000ns
    Discrete Jitter          (DJ):    0.000ns
    Phase Error              (PE):    0.000ns

    Location             Delay type                Incr(ns)  Path(ns)    Netlist Resource(s)
  -------------------------------------------------------------------    -------------------
                         (clock clk150 rise edge)     0.000     0.000 r  
                                                      0.000     0.000 r  clk150 (IN)
                         net (fo=157006, unset)       0.029     0.029    poison_sync/dest_clk
    SLICE_X127Y192       FDRE                                         r  poison_sync/syncstages_ff_reg[3]/C
  -------------------------------------------------------------------    -------------------
    SLICE_X127Y192       FDRE (Prop_GFF2_SLICEL_C_Q)
                                                      0.081     0.110 r  poison_sync/syncstages_ff_reg[3]/Q
                         net (fo=4, routed)           0.099     0.209    poison150
    SLICE_X127Y193       LUT2 (Prop_A6LUT_SLICEL_I0_O)
                                                      0.090     0.299 r  cfo_i_1/O
                         net (fo=65, routed)          0.097     0.396    sfo/two_pass_transport/abort150
    SLICE_X127Y193       LUT3 (Prop_G6LUT_SLICEL_I2_O)
                                                      0.089     0.485 r  sfo/two_pass_transport/first_resampling_i_1/O
                         net (fo=64, routed)          0.352     0.837    sfo/two_pass_transport/second_resampling/abort_request
    SLICE_X122Y193       LUT4 (Prop_F6LUT_SLICEM_I1_O)
                                                      0.088     0.925 r  sfo/two_pass_transport/second_resampling/engine_i_1/O
                         net (fo=17, routed)          1.049     1.974    sfo/two_pass_transport/second_resampling/engine/abort_request
    SLICE_X109Y184       LUT5 (Prop_G6LUT_SLICEM_I3_O)
                                                      0.037     2.011 f  sfo/two_pass_transport/second_resampling/engine/m_valid_INST_0/O
                         net (fo=1, routed)           0.156     2.167    sfo/two_pass_transport/second_resampling/engine_m_valid
    SLICE_X108Y180       LUT5 (Prop_H6LUT_SLICEL_I0_O)
                                                      0.090     2.257 f  sfo/two_pass_transport/second_resampling/m_valid_INST_0/O
                         net (fo=3, routed)           0.255     2.512    sfo/two_pass_transport/output_buffer/s_valid
    SLICE_X107Y167       LUT6 (Prop_D6LUT_SLICEM_I0_O)
                                                      0.099     2.611 r  sfo/two_pass_transport/output_buffer/storage_i_5/O
                         net (fo=1, routed)           0.143     2.754    sfo/two_pass_transport/output_buffer/storage_i_5_n_0
    SLICE_X107Y165       LUT3 (Prop_B6LUT_SLICEM_I1_O)
                                                      0.052     2.806 r  sfo/two_pass_transport/output_buffer/storage_i_2/O
                         net (fo=305, routed)         2.032     4.838    sfo/two_pass_transport/output_buffer/storage/u_frame_memory/xpm_memory_base_inst/enb
    SLICE_X157Y106       LUT6 (Prop_H6LUT_SLICEM_I0_O)
                                                      0.053     4.891 r  sfo/two_pass_transport/output_buffer/storage/u_frame_memory/xpm_memory_base_inst/gen_wr_a.gen_word_narrow.mem_reg_bram_206_i_2/O
                         net (fo=1, routed)           1.426     6.317    sfo/two_pass_transport/output_buffer/storage/u_frame_memory/xpm_memory_base_inst/gen_wr_a.gen_word_narrow.mem_reg_bram_206_i_2_n_0
    RAMB36_X13Y21        RAMB36E2                                     r  sfo/two_pass_transport/output_buffer/storage/u_frame_memory/xpm_memory_base_inst/gen_wr_a.gen_word_narrow.mem_reg_bram_206/ENBWREN
  -------------------------------------------------------------------    -------------------

                         (clock clk150 rise edge)     6.667     6.667 r  
                                                      0.000     6.667 r  clk150 (IN)
                         net (fo=157006, unset)       0.040     6.707    sfo/two_pass_transport/output_buffer/storage/u_frame_memory/xpm_memory_base_inst/clka
    RAMB36_X13Y21        RAMB36E2                                     r  sfo/two_pass_transport/output_buffer/storage/u_frame_memory/xpm_memory_base_inst/gen_wr_a.gen_word_narrow.mem_reg_bram_206/CLKBWRCLK
                         clock pessimism              0.000     6.707    
                         clock uncertainty           -0.035     6.672    
    RAMB36_X13Y21        RAMB36E2 (Setup_RAMB36E2_RAMB36_CLKBWRCLK_ENBWREN)
                                                     -0.342     6.330    sfo/two_pass_transport/output_buffer/storage/u_frame_memory/xpm_memory_base_inst/gen_wr_a.gen_word_narrow.mem_reg_bram_206
  -------------------------------------------------------------------
                         required time                          6.330    
                         arrival time                          -6.317    
  -------------------------------------------------------------------
                         slack                                  0.013    

Slack (MET) :             0.028ns  (required time - arrival time)
  Source:                 poison_sync/syncstages_ff_reg[3]/C
                            (rising edge-triggered cell FDRE clocked by clk150  {rise@0.000ns fall@3.333ns period=6.667ns})
  Destination:            cfo/coarse_banks[0].memory/u_frame_memory/xpm_memory_base_inst/gen_wr_a.gen_word_narrow.mem_reg_uram_89/CAS_IN_EN_A
                            (rising edge-triggered cell URAM288 clocked by clk150  {rise@0.000ns fall@3.333ns period=6.667ns})
  Path Group:             clk150
  Path Type:              Setup (Max at Slow Process Corner)
  Requirement:            6.667ns  (clk150 rise@6.667ns - clk150 rise@0.000ns)
  Data Path Delay:        6.199ns  (logic 1.418ns (22.875%)  route 4.781ns (77.125%))
  Logic Levels:           11  (LUT2=1 LUT6=3 URAM288=7)
  Clock Path Skew:        0.035ns (DCD - SCD + CPR)
    Destination Clock Delay (DCD):    0.064ns = ( 6.731 - 6.667 ) 
    Source Clock Delay      (SCD):    0.029ns
    Clock Pessimism Removal (CPR):    0.000ns
  Clock Uncertainty:      0.035ns  ((TSJ^2 + TIJ^2)^1/2 + DJ) / 2 + PE
    Total System Jitter     (TSJ):    0.071ns
    Total Input Jitter      (TIJ):    0.000ns
    Discrete Jitter          (DJ):    0.000ns
    Phase Error              (PE):    0.000ns
  Inter-SLR Compensation: 0.010ns  (DCD * PF)
    Destination Clock Delay (DCD):    0.064ns
    Prorating Factor         (PF):    0.150

    Location             Delay type                Incr(ns)  Path(ns)    Netlist Resource(s)
  -------------------------------------------------------------------    -------------------
                         (clock clk150 rise edge)     0.000     0.000 r  
                                                      0.000     0.000 r  clk150 (IN)
                         net (fo=157006, unset)       0.029     0.029    poison_sync/dest_clk
    SLICE_X127Y192       FDRE                                         r  poison_sync/syncstages_ff_reg[3]/C
  -------------------------------------------------------------------    -------------------
    SLICE_X127Y192       FDRE (Prop_GFF2_SLICEL_C_Q)
                                                      0.081     0.110 f  poison_sync/syncstages_ff_reg[3]/Q
                         net (fo=4, routed)           0.105     0.215    poison150
    SLICE_X128Y192       LUT2 (Prop_C6LUT_SLICEM_I0_O)
                                                      0.051     0.266 f  cfo_i_1_replica/O
                         net (fo=1, routed)           0.412     0.678    cfo/local_stop150_repN_alias
    SLICE_X128Y233       LUT6 (Prop_C6LUT_SLICEM_I0_O)
                                                      0.037     0.715 f  cfo/outstanding[2]_i_5/O
                         net (fo=2, routed)           0.043     0.758    cfo/outstanding[2]_i_5_n_0
    SLICE_X128Y233       LUT6 (Prop_B6LUT_SLICEM_I0_O)
                                                      0.089     0.847 f  cfo/rv[0]_i_3/O
                         net (fo=2, routed)           0.158     1.005    cfo/rv[0]_i_3_n_0
    SLICE_X128Y234       LUT6 (Prop_C6LUT_SLICEM_I5_O)
                                                      0.051     1.056 r  cfo/coarse_banks[0].memory_i_1_comp/O
                         net (fo=22, routed)          4.056     5.112    cfo/coarse_banks[0].memory/u_frame_memory/xpm_memory_base_inst/enb
    SLR Crossing[0->1]   
    URAM288_X0Y120       URAM288 (Prop_URAM_288K_INST_URAM288_EN_A_CAS_OUT_EN_A)
                                                      0.215     5.327 r  cfo/coarse_banks[0].memory/u_frame_memory/xpm_memory_base_inst/gen_wr_a.gen_word_narrow.mem_reg_uram_82/CAS_OUT_EN_A
                         net (fo=1, routed)           0.001     5.328    cfo/coarse_banks[0].memory/u_frame_memory/xpm_memory_base_inst/gen_wr_a.gen_word_narrow.mem_reg_uram_82_n_2
    URAM288_X0Y121       URAM288 (Prop_URAM_288K_INST_URAM288_CAS_IN_EN_A_CAS_OUT_EN_A)
                                                      0.149     5.477 r  cfo/coarse_banks[0].memory/u_frame_memory/xpm_memory_base_inst/gen_wr_a.gen_word_narrow.mem_reg_uram_83/CAS_OUT_EN_A
                         net (fo=1, routed)           0.001     5.478    cfo/coarse_banks[0].memory/u_frame_memory/xpm_memory_base_inst/gen_wr_a.gen_word_narrow.mem_reg_uram_83_n_2
    URAM288_X0Y122       URAM288 (Prop_URAM_288K_INST_URAM288_CAS_IN_EN_A_CAS_OUT_EN_A)
                                                      0.149     5.627 r  cfo/coarse_banks[0].memory/u_frame_memory/xpm_memory_base_inst/gen_wr_a.gen_word_narrow.mem_reg_uram_84/CAS_OUT_EN_A
                         net (fo=1, routed)           0.001     5.628    cfo/coarse_banks[0].memory/u_frame_memory/xpm_memory_base_inst/gen_wr_a.gen_word_narrow.mem_reg_uram_84_n_2
    URAM288_X0Y123       URAM288 (Prop_URAM_288K_INST_URAM288_CAS_IN_EN_A_CAS_OUT_EN_A)
                                                      0.149     5.777 r  cfo/coarse_banks[0].memory/u_frame_memory/xpm_memory_base_inst/gen_wr_a.gen_word_narrow.mem_reg_uram_85/CAS_OUT_EN_A
                         net (fo=1, routed)           0.001     5.778    cfo/coarse_banks[0].memory/u_frame_memory/xpm_memory_base_inst/gen_wr_a.gen_word_narrow.mem_reg_uram_85_n_2
    URAM288_X0Y124       URAM288 (Prop_URAM_288K_INST_URAM288_CAS_IN_EN_A_CAS_OUT_EN_A)
                                                      0.149     5.927 r  cfo/coarse_banks[0].memory/u_frame_memory/xpm_memory_base_inst/gen_wr_a.gen_word_narrow.mem_reg_uram_86/CAS_OUT_EN_A
                         net (fo=1, routed)           0.001     5.928    cfo/coarse_banks[0].memory/u_frame_memory/xpm_memory_base_inst/gen_wr_a.gen_word_narrow.mem_reg_uram_86_n_2
    URAM288_X0Y125       URAM288 (Prop_URAM_288K_INST_URAM288_CAS_IN_EN_A_CAS_OUT_EN_A)
                                                      0.149     6.077 r  cfo/coarse_banks[0].memory/u_frame_memory/xpm_memory_base_inst/gen_wr_a.gen_word_narrow.mem_reg_uram_87/CAS_OUT_EN_A
                         net (fo=1, routed)           0.001     6.078    cfo/coarse_banks[0].memory/u_frame_memory/xpm_memory_base_inst/gen_wr_a.gen_word_narrow.mem_reg_uram_87_n_2
    URAM288_X0Y126       URAM288 (Prop_URAM_288K_INST_URAM288_CAS_IN_EN_A_CAS_OUT_EN_A)
                                                      0.149     6.227 r  cfo/coarse_banks[0].memory/u_frame_memory/xpm_memory_base_inst/gen_wr_a.gen_word_narrow.mem_reg_uram_88/CAS_OUT_EN_A
                         net (fo=1, routed)           0.001     6.228    cfo/coarse_banks[0].memory/u_frame_memory/xpm_memory_base_inst/gen_wr_a.gen_word_narrow.mem_reg_uram_88_n_2
    URAM288_X0Y127       URAM288                                      r  cfo/coarse_banks[0].memory/u_frame_memory/xpm_memory_base_inst/gen_wr_a.gen_word_narrow.mem_reg_uram_89/CAS_IN_EN_A
  -------------------------------------------------------------------    -------------------

                         (clock clk150 rise edge)     6.667     6.667 r  
                                                      0.000     6.667 r  clk150 (IN)
                         net (fo=157006, unset)       0.064     6.731    cfo/coarse_banks[0].memory/u_frame_memory/xpm_memory_base_inst/clka
    URAM288_X0Y127       URAM288                                      r  cfo/coarse_banks[0].memory/u_frame_memory/xpm_memory_base_inst/gen_wr_a.gen_word_narrow.mem_reg_uram_89/CLK
                         clock pessimism              0.000     6.731    
                         inter-SLR compensation      -0.010     6.721    
                         clock uncertainty           -0.035     6.686    
    URAM288_X0Y127       URAM288 (Setup_URAM_288K_INST_URAM288_CLK_CAS_IN_EN_A)
                                                     -0.430     6.256    cfo/coarse_banks[0].memory/u_frame_memory/xpm_memory_base_inst/gen_wr_a.gen_word_narrow.mem_reg_uram_89
  -------------------------------------------------------------------
                         required time                          6.256    
                         arrival time                          -6.228    
  -------------------------------------------------------------------
                         slack                                  0.028    

Slack (MET) :             0.033ns  (required time - arrival time)
  Source:                 cfo/ram_write_data_reg[109]/C
                            (rising edge-triggered cell FDRE clocked by clk150  {rise@0.000ns fall@3.333ns period=6.667ns})
  Destination:            cfo/coarse_banks[0].memory/u_frame_memory/xpm_memory_base_inst/gen_wr_a.gen_word_narrow.mem_reg_uram_137/CAS_IN_DIN_B[37]
                            (rising edge-triggered cell URAM288 clocked by clk150  {rise@0.000ns fall@3.333ns period=6.667ns})
  Path Group:             clk150
  Path Type:              Setup (Max at Slow Process Corner)
  Requirement:            6.667ns  (clk150 rise@6.667ns - clk150 rise@0.000ns)
  Data Path Delay:        6.322ns  (logic 1.322ns (20.911%)  route 5.000ns (79.089%))
  Logic Levels:           7  (URAM288=7)
  Clock Path Skew:        0.035ns (DCD - SCD + CPR)
    Destination Clock Delay (DCD):    0.064ns = ( 6.731 - 6.667 ) 
    Source Clock Delay      (SCD):    0.029ns
    Clock Pessimism Removal (CPR):    0.000ns
  Clock Uncertainty:      0.035ns  ((TSJ^2 + TIJ^2)^1/2 + DJ) / 2 + PE
    Total System Jitter     (TSJ):    0.071ns
    Total Input Jitter      (TIJ):    0.000ns
    Discrete Jitter          (DJ):    0.000ns
    Phase Error              (PE):    0.000ns
  Inter-SLR Compensation: 0.010ns  (DCD * PF)
    Destination Clock Delay (DCD):    0.064ns
    Prorating Factor         (PF):    0.150

    Location             Delay type                Incr(ns)  Path(ns)    Netlist Resource(s)
  -------------------------------------------------------------------    -------------------
                         (clock clk150 rise edge)     0.000     0.000 r  
                                                      0.000     0.000 r  clk150 (IN)
                         net (fo=157006, unset)       0.029     0.029    cfo/clk150
    SLICE_X110Y320       FDRE                                         r  cfo/ram_write_data_reg[109]/C
  -------------------------------------------------------------------    -------------------
    SLICE_X110Y320       FDRE (Prop_EFF2_SLICEL_C_Q)
                                                      0.081     0.110 r  cfo/ram_write_data_reg[109]/Q
                         net (fo=22, routed)          4.971     5.081    cfo/coarse_banks[0].memory/u_frame_memory/xpm_memory_base_inst/dina[109]
    SLR Crossing[1->2]   
    URAM288_X2Y132       URAM288 (Prop_URAM_288K_INST_URAM288_DIN_B[37]_CAS_OUT_DIN_B[37])
                                                      0.215     5.296 r  cfo/coarse_banks[0].memory/u_frame_memory/xpm_memory_base_inst/gen_wr_a.gen_word_narrow.mem_reg_uram_130/CAS_OUT_DIN_B[37]
                         net (fo=1, routed)           0.002     5.298    cfo/coarse_banks[0].memory/u_frame_memory/xpm_memory_base_inst/gen_wr_a.gen_word_narrow.mem_reg_uram_131_Cas_DinB_1[37]
    URAM288_X2Y133       URAM288 (Prop_URAM_288K_INST_URAM288_CAS_IN_DIN_B[37]_CAS_OUT_DIN_B[37])
                                                      0.171     5.469 r  cfo/coarse_banks[0].memory/u_frame_memory/xpm_memory_base_inst/gen_wr_a.gen_word_narrow.mem_reg_uram_131/CAS_OUT_DIN_B[37]
                         net (fo=1, routed)           0.002     5.471    cfo/coarse_banks[0].memory/u_frame_memory/xpm_memory_base_inst/gen_wr_a.gen_word_narrow.mem_reg_uram_132_Cas_DinB_2[37]
    URAM288_X2Y134       URAM288 (Prop_URAM_288K_INST_URAM288_CAS_IN_DIN_B[37]_CAS_OUT_DIN_B[37])
                                                      0.171     5.642 r  cfo/coarse_banks[0].memory/u_frame_memory/xpm_memory_base_inst/gen_wr_a.gen_word_narrow.mem_reg_uram_132/CAS_OUT_DIN_B[37]
                         net (fo=1, routed)           0.002     5.644    cfo/coarse_banks[0].memory/u_frame_memory/xpm_memory_base_inst/gen_wr_a.gen_word_narrow.mem_reg_uram_133_Cas_DinB_3[37]
    URAM288_X2Y135       URAM288 (Prop_URAM_288K_INST_URAM288_CAS_IN_DIN_B[37]_CAS_OUT_DIN_B[37])
                                                      0.171     5.815 r  cfo/coarse_banks[0].memory/u_frame_memory/xpm_memory_base_inst/gen_wr_a.gen_word_narrow.mem_reg_uram_133/CAS_OUT_DIN_B[37]
                         net (fo=1, routed)           0.017     5.832    cfo/coarse_banks[0].memory/u_frame_memory/xpm_memory_base_inst/gen_wr_a.gen_word_narrow.mem_reg_uram_134_Cas_DinB_4[37]
    URAM288_X2Y136       URAM288 (Prop_URAM_288K_INST_URAM288_CAS_IN_DIN_B[37]_CAS_OUT_DIN_B[37])
                                                      0.171     6.003 r  cfo/coarse_banks[0].memory/u_frame_memory/xpm_memory_base_inst/gen_wr_a.gen_word_narrow.mem_reg_uram_134/CAS_OUT_DIN_B[37]
                         net (fo=1, routed)           0.002     6.005    cfo/coarse_banks[0].memory/u_frame_memory/xpm_memory_base_inst/gen_wr_a.gen_word_narrow.mem_reg_uram_135_Cas_DinB_5[37]
    URAM288_X2Y137       URAM288 (Prop_URAM_288K_INST_URAM288_CAS_IN_DIN_B[37]_CAS_OUT_DIN_B[37])
                                                      0.171     6.176 r  cfo/coarse_banks[0].memory/u_frame_memory/xpm_memory_base_inst/gen_wr_a.gen_word_narrow.mem_reg_uram_135/CAS_OUT_DIN_B[37]
                         net (fo=1, routed)           0.002     6.178    cfo/coarse_banks[0].memory/u_frame_memory/xpm_memory_base_inst/gen_wr_a.gen_word_narrow.mem_reg_uram_136_Cas_DinB_6[37]
    URAM288_X2Y138       URAM288 (Prop_URAM_288K_INST_URAM288_CAS_IN_DIN_B[37]_CAS_OUT_DIN_B[37])
                                                      0.171     6.349 r  cfo/coarse_banks[0].memory/u_frame_memory/xpm_memory_base_inst/gen_wr_a.gen_word_narrow.mem_reg_uram_136/CAS_OUT_DIN_B[37]
                         net (fo=1, routed)           0.002     6.351    cfo/coarse_banks[0].memory/u_frame_memory/xpm_memory_base_inst/gen_wr_a.gen_word_narrow.mem_reg_uram_137_Cas_DinB_7[37]
    URAM288_X2Y139       URAM288                                      r  cfo/coarse_banks[0].memory/u_frame_memory/xpm_memory_base_inst/gen_wr_a.gen_word_narrow.mem_reg_uram_137/CAS_IN_DIN_B[37]
  -------------------------------------------------------------------    -------------------

                         (clock clk150 rise edge)     6.667     6.667 r  
                                                      0.000     6.667 r  clk150 (IN)
                         net (fo=157006, unset)       0.064     6.731    cfo/coarse_banks[0].memory/u_frame_memory/xpm_memory_base_inst/clka
    URAM288_X2Y139       URAM288                                      r  cfo/coarse_banks[0].memory/u_frame_memory/xpm_memory_base_inst/gen_wr_a.gen_word_narrow.mem_reg_uram_137/CLK
                         clock pessimism              0.000     6.731    
                         inter-SLR compensation      -0.010     6.721    
                         clock uncertainty           -0.035     6.686    
    URAM288_X2Y139       URAM288 (Setup_URAM_288K_INST_URAM288_CLK_CAS_IN_DIN_B[37])
                                                     -0.302     6.384    cfo/coarse_banks[0].memory/u_frame_memory/xpm_memory_base_inst/gen_wr_a.gen_word_narrow.mem_reg_uram_137
  -------------------------------------------------------------------
                         required time                          6.384    
                         arrival time                          -6.351    
  -------------------------------------------------------------------
                         slack                                  0.033    

Slack (MET) :             0.049ns  (required time - arrival time)
  Source:                 cfo/ram_write_data_reg[73]/C
                            (rising edge-triggered cell FDRE clocked by clk150  {rise@0.000ns fall@3.333ns period=6.667ns})
  Destination:            cfo/coarse_banks[0].memory/u_frame_memory/xpm_memory_base_inst/gen_wr_a.gen_word_narrow.mem_reg_uram_113/CAS_IN_DIN_B[1]
                            (rising edge-triggered cell URAM288 clocked by clk150  {rise@0.000ns fall@3.333ns period=6.667ns})
  Path Group:             clk150
  Path Type:              Setup (Max at Slow Process Corner)
  Requirement:            6.667ns  (clk150 rise@6.667ns - clk150 rise@0.000ns)
  Data Path Delay:        6.318ns  (logic 1.266ns (20.038%)  route 5.052ns (79.962%))
  Logic Levels:           7  (URAM288=7)
  Clock Path Skew:        0.035ns (DCD - SCD + CPR)
    Destination Clock Delay (DCD):    0.064ns = ( 6.731 - 6.667 ) 
    Source Clock Delay      (SCD):    0.029ns
    Clock Pessimism Removal (CPR):    0.000ns
  Clock Uncertainty:      0.035ns  ((TSJ^2 + TIJ^2)^1/2 + DJ) / 2 + PE
    Total System Jitter     (TSJ):    0.071ns
    Total Input Jitter      (TIJ):    0.000ns
    Discrete Jitter          (DJ):    0.000ns
    Phase Error              (PE):    0.000ns

    Location             Delay type                Incr(ns)  Path(ns)    Netlist Resource(s)
  -------------------------------------------------------------------    -------------------
                         (clock clk150 rise edge)     0.000     0.000 r  
                                                      0.000     0.000 r  clk150 (IN)
                         net (fo=157006, unset)       0.029     0.029    cfo/clk150
    SLICE_X110Y330       FDRE                                         r  cfo/ram_write_data_reg[73]/C
  -------------------------------------------------------------------    -------------------
    SLICE_X110Y330       FDRE (Prop_EFF_SLICEL_C_Q)
                                                      0.079     0.108 r  cfo/ram_write_data_reg[73]/Q
                         net (fo=22, routed)          5.038     5.146    cfo/coarse_banks[0].memory/u_frame_memory/xpm_memory_base_inst/dina[73]
    URAM288_X1Y120       URAM288 (Prop_URAM_288K_INST_URAM288_DIN_B[1]_CAS_OUT_DIN_B[1])
                                                      0.215     5.361 r  cfo/coarse_banks[0].memory/u_frame_memory/xpm_memory_base_inst/gen_wr_a.gen_word_narrow.mem_reg_uram_106/CAS_OUT_DIN_B[1]
                         net (fo=1, routed)           0.002     5.363    cfo/coarse_banks[0].memory/u_frame_memory/xpm_memory_base_inst/gen_wr_a.gen_word_narrow.mem_reg_uram_107_Cas_DinB_1[1]
    URAM288_X1Y121       URAM288 (Prop_URAM_288K_INST_URAM288_CAS_IN_DIN_B[1]_CAS_OUT_DIN_B[1])
                                                      0.162     5.525 r  cfo/coarse_banks[0].memory/u_frame_memory/xpm_memory_base_inst/gen_wr_a.gen_word_narrow.mem_reg_uram_107/CAS_OUT_DIN_B[1]
                         net (fo=1, routed)           0.002     5.527    cfo/coarse_banks[0].memory/u_frame_memory/xpm_memory_base_inst/gen_wr_a.gen_word_narrow.mem_reg_uram_108_Cas_DinB_2[1]
    URAM288_X1Y122       URAM288 (Prop_URAM_288K_INST_URAM288_CAS_IN_DIN_B[1]_CAS_OUT_DIN_B[1])
                                                      0.162     5.689 r  cfo/coarse_banks[0].memory/u_frame_memory/xpm_memory_base_inst/gen_wr_a.gen_word_narrow.mem_reg_uram_108/CAS_OUT_DIN_B[1]
                         net (fo=1, routed)           0.002     5.691    cfo/coarse_banks[0].memory/u_frame_memory/xpm_memory_base_inst/gen_wr_a.gen_word_narrow.mem_reg_uram_109_Cas_DinB_3[1]
    URAM288_X1Y123       URAM288 (Prop_URAM_288K_INST_URAM288_CAS_IN_DIN_B[1]_CAS_OUT_DIN_B[1])
                                                      0.162     5.853 r  cfo/coarse_banks[0].memory/u_frame_memory/xpm_memory_base_inst/gen_wr_a.gen_word_narrow.mem_reg_uram_109/CAS_OUT_DIN_B[1]
                         net (fo=1, routed)           0.002     5.855    cfo/coarse_banks[0].memory/u_frame_memory/xpm_memory_base_inst/gen_wr_a.gen_word_narrow.mem_reg_uram_110_Cas_DinB_4[1]
    URAM288_X1Y124       URAM288 (Prop_URAM_288K_INST_URAM288_CAS_IN_DIN_B[1]_CAS_OUT_DIN_B[1])
                                                      0.162     6.017 r  cfo/coarse_banks[0].memory/u_frame_memory/xpm_memory_base_inst/gen_wr_a.gen_word_narrow.mem_reg_uram_110/CAS_OUT_DIN_B[1]
                         net (fo=1, routed)           0.002     6.019    cfo/coarse_banks[0].memory/u_frame_memory/xpm_memory_base_inst/gen_wr_a.gen_word_narrow.mem_reg_uram_111_Cas_DinB_5[1]
    URAM288_X1Y125       URAM288 (Prop_URAM_288K_INST_URAM288_CAS_IN_DIN_B[1]_CAS_OUT_DIN_B[1])
                                                      0.162     6.181 r  cfo/coarse_banks[0].memory/u_frame_memory/xpm_memory_base_inst/gen_wr_a.gen_word_narrow.mem_reg_uram_111/CAS_OUT_DIN_B[1]
                         net (fo=1, routed)           0.002     6.183    cfo/coarse_banks[0].memory/u_frame_memory/xpm_memory_base_inst/gen_wr_a.gen_word_narrow.mem_reg_uram_112_Cas_DinB_6[1]
    URAM288_X1Y126       URAM288 (Prop_URAM_288K_INST_URAM288_CAS_IN_DIN_B[1]_CAS_OUT_DIN_B[1])
                                                      0.162     6.345 r  cfo/coarse_banks[0].memory/u_frame_memory/xpm_memory_base_inst/gen_wr_a.gen_word_narrow.mem_reg_uram_112/CAS_OUT_DIN_B[1]
                         net (fo=1, routed)           0.002     6.347    cfo/coarse_banks[0].memory/u_frame_memory/xpm_memory_base_inst/gen_wr_a.gen_word_narrow.mem_reg_uram_113_Cas_DinB_7[1]
    URAM288_X1Y127       URAM288                                      r  cfo/coarse_banks[0].memory/u_frame_memory/xpm_memory_base_inst/gen_wr_a.gen_word_narrow.mem_reg_uram_113/CAS_IN_DIN_B[1]
  -------------------------------------------------------------------    -------------------

                         (clock clk150 rise edge)     6.667     6.667 r  
                                                      0.000     6.667 r  clk150 (IN)
                         net (fo=157006, unset)       0.064     6.731    cfo/coarse_banks[0].memory/u_frame_memory/xpm_memory_base_inst/clka
    URAM288_X1Y127       URAM288                                      r  cfo/coarse_banks[0].memory/u_frame_memory/xpm_memory_base_inst/gen_wr_a.gen_word_narrow.mem_reg_uram_113/CLK
                         clock pessimism              0.000     6.731    
                         clock uncertainty           -0.035     6.696    
    URAM288_X1Y127       URAM288 (Setup_URAM_288K_INST_URAM288_CLK_CAS_IN_DIN_B[1])
                                                     -0.300     6.396    cfo/coarse_banks[0].memory/u_frame_memory/xpm_memory_base_inst/gen_wr_a.gen_word_narrow.mem_reg_uram_113
  -------------------------------------------------------------------
                         required time                          6.396    
                         arrival time                          -6.347    
  -------------------------------------------------------------------
                         slack                                  0.049    

Slack (MET) :             0.050ns  (required time - arrival time)
  Source:                 cfo/ram_write_data_reg[49]/C
                            (rising edge-triggered cell FDRE clocked by clk150  {rise@0.000ns fall@3.333ns period=6.667ns})
  Destination:            cfo/coarse_banks[0].memory/u_frame_memory/xpm_memory_base_inst/gen_wr_a.gen_word_narrow.mem_reg_uram_63/CAS_IN_DIN_B[49]
                            (rising edge-triggered cell URAM288 clocked by clk150  {rise@0.000ns fall@3.333ns period=6.667ns})
  Path Group:             clk150
  Path Type:              Setup (Max at Slow Process Corner)
  Requirement:            6.667ns  (clk150 rise@6.667ns - clk150 rise@0.000ns)
  Data Path Delay:        6.353ns  (logic 1.392ns (21.911%)  route 4.961ns (78.089%))
  Logic Levels:           7  (URAM288=7)
  Clock Path Skew:        0.035ns (DCD - SCD + CPR)
    Destination Clock Delay (DCD):    0.064ns = ( 6.731 - 6.667 ) 
    Source Clock Delay      (SCD):    0.029ns
    Clock Pessimism Removal (CPR):    0.000ns
  Clock Uncertainty:      0.035ns  ((TSJ^2 + TIJ^2)^1/2 + DJ) / 2 + PE
    Total System Jitter     (TSJ):    0.071ns
    Total Input Jitter      (TIJ):    0.000ns
    Discrete Jitter          (DJ):    0.000ns
    Phase Error              (PE):    0.000ns

    Location             Delay type                Incr(ns)  Path(ns)    Netlist Resource(s)
  -------------------------------------------------------------------    -------------------
                         (clock clk150 rise edge)     0.000     0.000 r  
                                                      0.000     0.000 r  clk150 (IN)
                         net (fo=157006, unset)       0.029     0.029    cfo/clk150
    SLICE_X112Y250       FDRE                                         r  cfo/ram_write_data_reg[49]/C
  -------------------------------------------------------------------    -------------------
    SLICE_X112Y250       FDRE (Prop_EFF_SLICEL_C_Q)
                                                      0.079     0.108 r  cfo/ram_write_data_reg[49]/Q
                         net (fo=22, routed)          4.954     5.062    cfo/coarse_banks[0].memory/u_frame_memory/xpm_memory_base_inst/dina[49]
    URAM288_X0Y88        URAM288 (Prop_URAM_288K_INST_URAM288_DIN_B[49]_CAS_OUT_DIN_B[49])
                                                      0.215     5.277 r  cfo/coarse_banks[0].memory/u_frame_memory/xpm_memory_base_inst/gen_wr_a.gen_word_narrow.mem_reg_uram_56/CAS_OUT_DIN_B[49]
                         net (fo=1, routed)           0.001     5.278    cfo/coarse_banks[0].memory/u_frame_memory/xpm_memory_base_inst/gen_wr_a.gen_word_narrow.mem_reg_uram_57_Cas_DinB_1[49]
    URAM288_X0Y89        URAM288 (Prop_URAM_288K_INST_URAM288_CAS_IN_DIN_B[49]_CAS_OUT_DIN_B[49])
                                                      0.183     5.461 r  cfo/coarse_banks[0].memory/u_frame_memory/xpm_memory_base_inst/gen_wr_a.gen_word_narrow.mem_reg_uram_57/CAS_OUT_DIN_B[49]
                         net (fo=1, routed)           0.001     5.462    cfo/coarse_banks[0].memory/u_frame_memory/xpm_memory_base_inst/gen_wr_a.gen_word_narrow.mem_reg_uram_58_Cas_DinB_2[49]
    URAM288_X0Y90        URAM288 (Prop_URAM_288K_INST_URAM288_CAS_IN_DIN_B[49]_CAS_OUT_DIN_B[49])
                                                      0.183     5.645 r  cfo/coarse_banks[0].memory/u_frame_memory/xpm_memory_base_inst/gen_wr_a.gen_word_narrow.mem_reg_uram_58/CAS_OUT_DIN_B[49]
                         net (fo=1, routed)           0.001     5.646    cfo/coarse_banks[0].memory/u_frame_memory/xpm_memory_base_inst/gen_wr_a.gen_word_narrow.mem_reg_uram_59_Cas_DinB_3[49]
    URAM288_X0Y91        URAM288 (Prop_URAM_288K_INST_URAM288_CAS_IN_DIN_B[49]_CAS_OUT_DIN_B[49])
                                                      0.183     5.829 r  cfo/coarse_banks[0].memory/u_frame_memory/xpm_memory_base_inst/gen_wr_a.gen_word_narrow.mem_reg_uram_59/CAS_OUT_DIN_B[49]
                         net (fo=1, routed)           0.001     5.830    cfo/coarse_banks[0].memory/u_frame_memory/xpm_memory_base_inst/gen_wr_a.gen_word_narrow.mem_reg_uram_60_Cas_DinB_4[49]
    URAM288_X0Y92        URAM288 (Prop_URAM_288K_INST_URAM288_CAS_IN_DIN_B[49]_CAS_OUT_DIN_B[49])
                                                      0.183     6.013 r  cfo/coarse_banks[0].memory/u_frame_memory/xpm_memory_base_inst/gen_wr_a.gen_word_narrow.mem_reg_uram_60/CAS_OUT_DIN_B[49]
                         net (fo=1, routed)           0.001     6.014    cfo/coarse_banks[0].memory/u_frame_memory/xpm_memory_base_inst/gen_wr_a.gen_word_narrow.mem_reg_uram_61_Cas_DinB_5[49]
    URAM288_X0Y93        URAM288 (Prop_URAM_288K_INST_URAM288_CAS_IN_DIN_B[49]_CAS_OUT_DIN_B[49])
                                                      0.183     6.197 r  cfo/coarse_banks[0].memory/u_frame_memory/xpm_memory_base_inst/gen_wr_a.gen_word_narrow.mem_reg_uram_61/CAS_OUT_DIN_B[49]
                         net (fo=1, routed)           0.001     6.198    cfo/coarse_banks[0].memory/u_frame_memory/xpm_memory_base_inst/gen_wr_a.gen_word_narrow.mem_reg_uram_62_Cas_DinB_6[49]
    URAM288_X0Y94        URAM288 (Prop_URAM_288K_INST_URAM288_CAS_IN_DIN_B[49]_CAS_OUT_DIN_B[49])
                                                      0.183     6.381 r  cfo/coarse_banks[0].memory/u_frame_memory/xpm_memory_base_inst/gen_wr_a.gen_word_narrow.mem_reg_uram_62/CAS_OUT_DIN_B[49]
                         net (fo=1, routed)           0.001     6.382    cfo/coarse_banks[0].memory/u_frame_memory/xpm_memory_base_inst/gen_wr_a.gen_word_narrow.mem_reg_uram_63_Cas_DinB_7[49]
    URAM288_X0Y95        URAM288                                      r  cfo/coarse_banks[0].memory/u_frame_memory/xpm_memory_base_inst/gen_wr_a.gen_word_narrow.mem_reg_uram_63/CAS_IN_DIN_B[49]
  -------------------------------------------------------------------    -------------------

                         (clock clk150 rise edge)     6.667     6.667 r  
                                                      0.000     6.667 r  clk150 (IN)
                         net (fo=157006, unset)       0.064     6.731    cfo/coarse_banks[0].memory/u_frame_memory/xpm_memory_base_inst/clka
    URAM288_X0Y95        URAM288                                      r  cfo/coarse_banks[0].memory/u_frame_memory/xpm_memory_base_inst/gen_wr_a.gen_word_narrow.mem_reg_uram_63/CLK
                         clock pessimism              0.000     6.731    
                         clock uncertainty           -0.035     6.696    
    URAM288_X0Y95        URAM288 (Setup_URAM_288K_INST_URAM288_CLK_CAS_IN_DIN_B[49])
                                                     -0.264     6.432    cfo/coarse_banks[0].memory/u_frame_memory/xpm_memory_base_inst/gen_wr_a.gen_word_narrow.mem_reg_uram_63
  -------------------------------------------------------------------
                         required time                          6.432    
                         arrival time                          -6.382    
  -------------------------------------------------------------------
                         slack                                  0.050    

Slack (MET) :             0.051ns  (required time - arrival time)
  Source:                 sfo/two_pass_transport/intermediate[0].intermediate_bank/ram_ra_reg[1]/C
                            (rising edge-triggered cell FDRE clocked by clk150  {rise@0.000ns fall@3.333ns period=6.667ns})
  Destination:            sfo/two_pass_transport/intermediate[0].intermediate_bank/memory/u_frame_memory/xpm_memory_base_inst/gen_wr_a.gen_word_narrow.mem_reg_uram_121/CAS_IN_ADDR_A[1]
                            (rising edge-triggered cell URAM288 clocked by clk150  {rise@0.000ns fall@3.333ns period=6.667ns})
  Path Group:             clk150
  Path Type:              Setup (Max at Slow Process Corner)
  Requirement:            6.667ns  (clk150 rise@6.667ns - clk150 rise@0.000ns)
  Data Path Delay:        6.102ns  (logic 1.168ns (19.141%)  route 4.934ns (80.859%))
  Logic Levels:           7  (URAM288=7)
  Clock Path Skew:        0.034ns (DCD - SCD + CPR)
    Destination Clock Delay (DCD):    0.064ns = ( 6.731 - 6.667 ) 
    Source Clock Delay      (SCD):    0.030ns
    Clock Pessimism Removal (CPR):    0.000ns
  Clock Uncertainty:      0.035ns  ((TSJ^2 + TIJ^2)^1/2 + DJ) / 2 + PE
    Total System Jitter     (TSJ):    0.071ns
    Total Input Jitter      (TIJ):    0.000ns
    Discrete Jitter          (DJ):    0.000ns
    Phase Error              (PE):    0.000ns
  Inter-SLR Compensation: 0.010ns  (DCD * PF)
    Destination Clock Delay (DCD):    0.064ns
    Prorating Factor         (PF):    0.150

    Location             Delay type                Incr(ns)  Path(ns)    Netlist Resource(s)
  -------------------------------------------------------------------    -------------------
                         (clock clk150 rise edge)     0.000     0.000 r  
                                                      0.000     0.000 r  clk150 (IN)
                         net (fo=157006, unset)       0.030     0.030    sfo/two_pass_transport/intermediate[0].intermediate_bank/clk
    SLICE_X133Y411       FDRE                                         r  sfo/two_pass_transport/intermediate[0].intermediate_bank/ram_ra_reg[1]/C
  -------------------------------------------------------------------    -------------------
    SLICE_X133Y411       FDRE (Prop_AFF_SLICEM_C_Q)
                                                      0.077     0.107 r  sfo/two_pass_transport/intermediate[0].intermediate_bank/ram_ra_reg[1]/Q
                         net (fo=16, routed)          4.919     5.026    sfo/two_pass_transport/intermediate[0].intermediate_bank/memory/u_frame_memory/xpm_memory_base_inst/addrb[1]
    SLR Crossing[1->2]   
    URAM288_X4Y152       URAM288 (Prop_URAM_288K_INST_URAM288_ADDR_A[1]_CAS_OUT_ADDR_A[1])
                                                      0.215     5.241 r  sfo/two_pass_transport/intermediate[0].intermediate_bank/memory/u_frame_memory/xpm_memory_base_inst/gen_wr_a.gen_word_narrow.mem_reg_uram_114/CAS_OUT_ADDR_A[1]
                         net (fo=1, routed)           0.002     5.243    sfo/two_pass_transport/intermediate[0].intermediate_bank/memory/u_frame_memory/xpm_memory_base_inst/gen_wr_a.gen_word_narrow.mem_reg_uram_115_Cas_AddrA_1[1]
    URAM288_X4Y153       URAM288 (Prop_URAM_288K_INST_URAM288_CAS_IN_ADDR_A[1]_CAS_OUT_ADDR_A[1])
                                                      0.146     5.389 r  sfo/two_pass_transport/intermediate[0].intermediate_bank/memory/u_frame_memory/xpm_memory_base_inst/gen_wr_a.gen_word_narrow.mem_reg_uram_115/CAS_OUT_ADDR_A[1]
                         net (fo=1, routed)           0.002     5.391    sfo/two_pass_transport/intermediate[0].intermediate_bank/memory/u_frame_memory/xpm_memory_base_inst/gen_wr_a.gen_word_narrow.mem_reg_uram_116_Cas_AddrA_2[1]
    URAM288_X4Y154       URAM288 (Prop_URAM_288K_INST_URAM288_CAS_IN_ADDR_A[1]_CAS_OUT_ADDR_A[1])
                                                      0.146     5.537 r  sfo/two_pass_transport/intermediate[0].intermediate_bank/memory/u_frame_memory/xpm_memory_base_inst/gen_wr_a.gen_word_narrow.mem_reg_uram_116/CAS_OUT_ADDR_A[1]
                         net (fo=1, routed)           0.002     5.539    sfo/two_pass_transport/intermediate[0].intermediate_bank/memory/u_frame_memory/xpm_memory_base_inst/gen_wr_a.gen_word_narrow.mem_reg_uram_117_Cas_AddrA_3[1]
    URAM288_X4Y155       URAM288 (Prop_URAM_288K_INST_URAM288_CAS_IN_ADDR_A[1]_CAS_OUT_ADDR_A[1])
                                                      0.146     5.685 r  sfo/two_pass_transport/intermediate[0].intermediate_bank/memory/u_frame_memory/xpm_memory_base_inst/gen_wr_a.gen_word_narrow.mem_reg_uram_117/CAS_OUT_ADDR_A[1]
                         net (fo=1, routed)           0.003     5.688    sfo/two_pass_transport/intermediate[0].intermediate_bank/memory/u_frame_memory/xpm_memory_base_inst/gen_wr_a.gen_word_narrow.mem_reg_uram_118_Cas_AddrA_4[1]
    URAM288_X4Y156       URAM288 (Prop_URAM_288K_INST_URAM288_CAS_IN_ADDR_A[1]_CAS_OUT_ADDR_A[1])
                                                      0.146     5.834 r  sfo/two_pass_transport/intermediate[0].intermediate_bank/memory/u_frame_memory/xpm_memory_base_inst/gen_wr_a.gen_word_narrow.mem_reg_uram_118/CAS_OUT_ADDR_A[1]
                         net (fo=1, routed)           0.002     5.836    sfo/two_pass_transport/intermediate[0].intermediate_bank/memory/u_frame_memory/xpm_memory_base_inst/gen_wr_a.gen_word_narrow.mem_reg_uram_119_Cas_AddrA_5[1]
    URAM288_X4Y157       URAM288 (Prop_URAM_288K_INST_URAM288_CAS_IN_ADDR_A[1]_CAS_OUT_ADDR_A[1])
                                                      0.146     5.982 r  sfo/two_pass_transport/intermediate[0].intermediate_bank/memory/u_frame_memory/xpm_memory_base_inst/gen_wr_a.gen_word_narrow.mem_reg_uram_119/CAS_OUT_ADDR_A[1]
                         net (fo=1, routed)           0.002     5.984    sfo/two_pass_transport/intermediate[0].intermediate_bank/memory/u_frame_memory/xpm_memory_base_inst/gen_wr_a.gen_word_narrow.mem_reg_uram_120_Cas_AddrA_6[1]
    URAM288_X4Y158       URAM288 (Prop_URAM_288K_INST_URAM288_CAS_IN_ADDR_A[1]_CAS_OUT_ADDR_A[1])
                                                      0.146     6.130 r  sfo/two_pass_transport/intermediate[0].intermediate_bank/memory/u_frame_memory/xpm_memory_base_inst/gen_wr_a.gen_word_narrow.mem_reg_uram_120/CAS_OUT_ADDR_A[1]
                         net (fo=1, routed)           0.002     6.132    sfo/two_pass_transport/intermediate[0].intermediate_bank/memory/u_frame_memory/xpm_memory_base_inst/gen_wr_a.gen_word_narrow.mem_reg_uram_121_Cas_AddrA_7[1]
    URAM288_X4Y159       URAM288                                      r  sfo/two_pass_transport/intermediate[0].intermediate_bank/memory/u_frame_memory/xpm_memory_base_inst/gen_wr_a.gen_word_narrow.mem_reg_uram_121/CAS_IN_ADDR_A[1]
  -------------------------------------------------------------------    -------------------

                         (clock clk150 rise edge)     6.667     6.667 r  
                                                      0.000     6.667 r  clk150 (IN)
                         net (fo=157006, unset)       0.064     6.731    sfo/two_pass_transport/intermediate[0].intermediate_bank/memory/u_frame_memory/xpm_memory_base_inst/clka
    URAM288_X4Y159       URAM288                                      r  sfo/two_pass_transport/intermediate[0].intermediate_bank/memory/u_frame_memory/xpm_memory_base_inst/gen_wr_a.gen_word_narrow.mem_reg_uram_121/CLK
                         clock pessimism              0.000     6.731    
                         inter-SLR compensation      -0.010     6.721    
                         clock uncertainty           -0.035     6.686    
    URAM288_X4Y159       URAM288 (Setup_URAM_288K_INST_URAM288_CLK_CAS_IN_ADDR_A[1])
                                                     -0.503     6.183    sfo/two_pass_transport/intermediate[0].intermediate_bank/memory/u_frame_memory/xpm_memory_base_inst/gen_wr_a.gen_word_narrow.mem_reg_uram_121
  -------------------------------------------------------------------
                         required time                          6.183    
                         arrival time                          -6.132    
  -------------------------------------------------------------------
                         slack                                  0.051    

Slack (MET) :             0.054ns  (required time - arrival time)
  Source:                 poison_sync/syncstages_ff_reg[3]/C
                            (rising edge-triggered cell FDRE clocked by clk150  {rise@0.000ns fall@3.333ns period=6.667ns})
  Destination:            sfo/two_pass_transport/output_buffer/storage/u_frame_memory/xpm_memory_base_inst/gen_wr_a.gen_word_narrow.mem_reg_bram_207/ENBWREN
                            (rising edge-triggered cell RAMB36E2 clocked by clk150  {rise@0.000ns fall@3.333ns period=6.667ns})
  Path Group:             clk150
  Path Type:              Setup (Max at Slow Process Corner)
  Requirement:            6.667ns  (clk150 rise@6.667ns - clk150 rise@0.000ns)
  Data Path Delay:        6.247ns  (logic 0.716ns (11.462%)  route 5.531ns (88.538%))
  Logic Levels:           8  (LUT2=1 LUT3=2 LUT4=1 LUT5=2 LUT6=2)
  Clock Path Skew:        0.011ns (DCD - SCD + CPR)
    Destination Clock Delay (DCD):    0.040ns = ( 6.707 - 6.667 ) 
    Source Clock Delay      (SCD):    0.029ns
    Clock Pessimism Removal (CPR):    0.000ns
  Clock Uncertainty:      0.035ns  ((TSJ^2 + TIJ^2)^1/2 + DJ) / 2 + PE
    Total System Jitter     (TSJ):    0.071ns
    Total Input Jitter      (TIJ):    0.000ns
    Discrete Jitter          (DJ):    0.000ns
    Phase Error              (PE):    0.000ns

    Location             Delay type                Incr(ns)  Path(ns)    Netlist Resource(s)
  -------------------------------------------------------------------    -------------------
                         (clock clk150 rise edge)     0.000     0.000 r  
                                                      0.000     0.000 r  clk150 (IN)
                         net (fo=157006, unset)       0.029     0.029    poison_sync/dest_clk
    SLICE_X127Y192       FDRE                                         r  poison_sync/syncstages_ff_reg[3]/C
  -------------------------------------------------------------------    -------------------
    SLICE_X127Y192       FDRE (Prop_GFF2_SLICEL_C_Q)
                                                      0.081     0.110 r  poison_sync/syncstages_ff_reg[3]/Q
                         net (fo=4, routed)           0.099     0.209    poison150
    SLICE_X127Y193       LUT2 (Prop_A6LUT_SLICEL_I0_O)
                                                      0.090     0.299 r  cfo_i_1/O
                         net (fo=65, routed)          0.097     0.396    sfo/two_pass_transport/abort150
    SLICE_X127Y193       LUT3 (Prop_G6LUT_SLICEL_I2_O)
                                                      0.089     0.485 r  sfo/two_pass_transport/first_resampling_i_1/O
                         net (fo=64, routed)          0.352     0.837    sfo/two_pass_transport/second_resampling/abort_request
    SLICE_X122Y193       LUT4 (Prop_F6LUT_SLICEM_I1_O)
                                                      0.088     0.925 r  sfo/two_pass_transport/second_resampling/engine_i_1/O
                         net (fo=17, routed)          1.049     1.974    sfo/two_pass_transport/second_resampling/engine/abort_request
    SLICE_X109Y184       LUT5 (Prop_G6LUT_SLICEM_I3_O)
                                                      0.037     2.011 f  sfo/two_pass_transport/second_resampling/engine/m_valid_INST_0/O
                         net (fo=1, routed)           0.156     2.167    sfo/two_pass_transport/second_resampling/engine_m_valid
    SLICE_X108Y180       LUT5 (Prop_H6LUT_SLICEL_I0_O)
                                                      0.090     2.257 f  sfo/two_pass_transport/second_resampling/m_valid_INST_0/O
                         net (fo=3, routed)           0.255     2.512    sfo/two_pass_transport/output_buffer/s_valid
    SLICE_X107Y167       LUT6 (Prop_D6LUT_SLICEM_I0_O)
                                                      0.099     2.611 r  sfo/two_pass_transport/output_buffer/storage_i_5/O
                         net (fo=1, routed)           0.143     2.754    sfo/two_pass_transport/output_buffer/storage_i_5_n_0
    SLICE_X107Y165       LUT3 (Prop_B6LUT_SLICEM_I1_O)
                                                      0.052     2.806 r  sfo/two_pass_transport/output_buffer/storage_i_2/O
                         net (fo=305, routed)         1.925     4.731    sfo/two_pass_transport/output_buffer/storage/u_frame_memory/xpm_memory_base_inst/enb
    SLICE_X157Y111       LUT6 (Prop_G6LUT_SLICEM_I0_O)
                                                      0.090     4.821 r  sfo/two_pass_transport/output_buffer/storage/u_frame_memory/xpm_memory_base_inst/gen_wr_a.gen_word_narrow.mem_reg_bram_207_i_2/O
                         net (fo=1, routed)           1.455     6.276    sfo/two_pass_transport/output_buffer/storage/u_frame_memory/xpm_memory_base_inst/gen_wr_a.gen_word_narrow.mem_reg_bram_207_i_2_n_0
    RAMB36_X13Y22        RAMB36E2                                     r  sfo/two_pass_transport/output_buffer/storage/u_frame_memory/xpm_memory_base_inst/gen_wr_a.gen_word_narrow.mem_reg_bram_207/ENBWREN
  -------------------------------------------------------------------    -------------------

                         (clock clk150 rise edge)     6.667     6.667 r  
                                                      0.000     6.667 r  clk150 (IN)
                         net (fo=157006, unset)       0.040     6.707    sfo/two_pass_transport/output_buffer/storage/u_frame_memory/xpm_memory_base_inst/clka
    RAMB36_X13Y22        RAMB36E2                                     r  sfo/two_pass_transport/output_buffer/storage/u_frame_memory/xpm_memory_base_inst/gen_wr_a.gen_word_narrow.mem_reg_bram_207/CLKBWRCLK
                         clock pessimism              0.000     6.707    
                         clock uncertainty           -0.035     6.672    
    RAMB36_X13Y22        RAMB36E2 (Setup_RAMB36E2_RAMB36_CLKBWRCLK_ENBWREN)
                                                     -0.342     6.330    sfo/two_pass_transport/output_buffer/storage/u_frame_memory/xpm_memory_base_inst/gen_wr_a.gen_word_narrow.mem_reg_bram_207
  -------------------------------------------------------------------
                         required time                          6.330    
                         arrival time                          -6.276    
  -------------------------------------------------------------------
                         slack                                  0.054    

Slack (MET) :             0.054ns  (required time - arrival time)
  Source:                 sfo/two_pass_transport/intermediate[0].intermediate_bank/ram_ra_reg[4]/C
                            (rising edge-triggered cell FDRE clocked by clk150  {rise@0.000ns fall@3.333ns period=6.667ns})
  Destination:            sfo/two_pass_transport/intermediate[0].intermediate_bank/memory/u_frame_memory/xpm_memory_base_inst/gen_wr_a.gen_word_narrow.mem_reg_uram_121/CAS_IN_ADDR_A[4]
                            (rising edge-triggered cell URAM288 clocked by clk150  {rise@0.000ns fall@3.333ns period=6.667ns})
  Path Group:             clk150
  Path Type:              Setup (Max at Slow Process Corner)
  Requirement:            6.667ns  (clk150 rise@6.667ns - clk150 rise@0.000ns)
  Data Path Delay:        6.105ns  (logic 1.398ns (22.899%)  route 4.707ns (77.101%))
  Logic Levels:           7  (URAM288=7)
  Clock Path Skew:        0.036ns (DCD - SCD + CPR)
    Destination Clock Delay (DCD):    0.064ns = ( 6.731 - 6.667 ) 
    Source Clock Delay      (SCD):    0.028ns
    Clock Pessimism Removal (CPR):    0.000ns
  Clock Uncertainty:      0.035ns  ((TSJ^2 + TIJ^2)^1/2 + DJ) / 2 + PE
    Total System Jitter     (TSJ):    0.071ns
    Total Input Jitter      (TIJ):    0.000ns
    Discrete Jitter          (DJ):    0.000ns
    Phase Error              (PE):    0.000ns
  Inter-SLR Compensation: 0.010ns  (DCD * PF)
    Destination Clock Delay (DCD):    0.064ns
    Prorating Factor         (PF):    0.150

    Location             Delay type                Incr(ns)  Path(ns)    Netlist Resource(s)
  -------------------------------------------------------------------    -------------------
                         (clock clk150 rise edge)     0.000     0.000 r  
                                                      0.000     0.000 r  clk150 (IN)
                         net (fo=157006, unset)       0.028     0.028    sfo/two_pass_transport/intermediate[0].intermediate_bank/clk
    SLICE_X130Y421       FDRE                                         r  sfo/two_pass_transport/intermediate[0].intermediate_bank/ram_ra_reg[4]/C
  -------------------------------------------------------------------    -------------------
    SLICE_X130Y421       FDRE (Prop_AFF_SLICEL_C_Q)
                                                      0.079     0.107 r  sfo/two_pass_transport/intermediate[0].intermediate_bank/ram_ra_reg[4]/Q
                         net (fo=14, routed)          4.700     4.807    sfo/two_pass_transport/intermediate[0].intermediate_bank/memory/u_frame_memory/xpm_memory_base_inst/addrb[4]
    SLR Crossing[1->2]   
    URAM288_X4Y152       URAM288 (Prop_URAM_288K_INST_URAM288_ADDR_A[4]_CAS_OUT_ADDR_A[4])
                                                      0.215     5.022 r  sfo/two_pass_transport/intermediate[0].intermediate_bank/memory/u_frame_memory/xpm_memory_base_inst/gen_wr_a.gen_word_narrow.mem_reg_uram_114/CAS_OUT_ADDR_A[4]
                         net (fo=1, routed)           0.001     5.023    sfo/two_pass_transport/intermediate[0].intermediate_bank/memory/u_frame_memory/xpm_memory_base_inst/gen_wr_a.gen_word_narrow.mem_reg_uram_115_Cas_AddrA_1[4]
    URAM288_X4Y153       URAM288 (Prop_URAM_288K_INST_URAM288_CAS_IN_ADDR_A[4]_CAS_OUT_ADDR_A[4])
                                                      0.184     5.207 r  sfo/two_pass_transport/intermediate[0].intermediate_bank/memory/u_frame_memory/xpm_memory_base_inst/gen_wr_a.gen_word_narrow.mem_reg_uram_115/CAS_OUT_ADDR_A[4]
                         net (fo=1, routed)           0.001     5.208    sfo/two_pass_transport/intermediate[0].intermediate_bank/memory/u_frame_memory/xpm_memory_base_inst/gen_wr_a.gen_word_narrow.mem_reg_uram_116_Cas_AddrA_2[4]
    URAM288_X4Y154       URAM288 (Prop_URAM_288K_INST_URAM288_CAS_IN_ADDR_A[4]_CAS_OUT_ADDR_A[4])
                                                      0.184     5.392 r  sfo/two_pass_transport/intermediate[0].intermediate_bank/memory/u_frame_memory/xpm_memory_base_inst/gen_wr_a.gen_word_narrow.mem_reg_uram_116/CAS_OUT_ADDR_A[4]
                         net (fo=1, routed)           0.001     5.393    sfo/two_pass_transport/intermediate[0].intermediate_bank/memory/u_frame_memory/xpm_memory_base_inst/gen_wr_a.gen_word_narrow.mem_reg_uram_117_Cas_AddrA_3[4]
    URAM288_X4Y155       URAM288 (Prop_URAM_288K_INST_URAM288_CAS_IN_ADDR_A[4]_CAS_OUT_ADDR_A[4])
                                                      0.184     5.577 r  sfo/two_pass_transport/intermediate[0].intermediate_bank/memory/u_frame_memory/xpm_memory_base_inst/gen_wr_a.gen_word_narrow.mem_reg_uram_117/CAS_OUT_ADDR_A[4]
                         net (fo=1, routed)           0.001     5.578    sfo/two_pass_transport/intermediate[0].intermediate_bank/memory/u_frame_memory/xpm_memory_base_inst/gen_wr_a.gen_word_narrow.mem_reg_uram_118_Cas_AddrA_4[4]
    URAM288_X4Y156       URAM288 (Prop_URAM_288K_INST_URAM288_CAS_IN_ADDR_A[4]_CAS_OUT_ADDR_A[4])
                                                      0.184     5.762 r  sfo/two_pass_transport/intermediate[0].intermediate_bank/memory/u_frame_memory/xpm_memory_base_inst/gen_wr_a.gen_word_narrow.mem_reg_uram_118/CAS_OUT_ADDR_A[4]
                         net (fo=1, routed)           0.001     5.763    sfo/two_pass_transport/intermediate[0].intermediate_bank/memory/u_frame_memory/xpm_memory_base_inst/gen_wr_a.gen_word_narrow.mem_reg_uram_119_Cas_AddrA_5[4]
    URAM288_X4Y157       URAM288 (Prop_URAM_288K_INST_URAM288_CAS_IN_ADDR_A[4]_CAS_OUT_ADDR_A[4])
                                                      0.184     5.947 r  sfo/two_pass_transport/intermediate[0].intermediate_bank/memory/u_frame_memory/xpm_memory_base_inst/gen_wr_a.gen_word_narrow.mem_reg_uram_119/CAS_OUT_ADDR_A[4]
                         net (fo=1, routed)           0.001     5.948    sfo/two_pass_transport/intermediate[0].intermediate_bank/memory/u_frame_memory/xpm_memory_base_inst/gen_wr_a.gen_word_narrow.mem_reg_uram_120_Cas_AddrA_6[4]
    URAM288_X4Y158       URAM288 (Prop_URAM_288K_INST_URAM288_CAS_IN_ADDR_A[4]_CAS_OUT_ADDR_A[4])
                                                      0.184     6.132 r  sfo/two_pass_transport/intermediate[0].intermediate_bank/memory/u_frame_memory/xpm_memory_base_inst/gen_wr_a.gen_word_narrow.mem_reg_uram_120/CAS_OUT_ADDR_A[4]
                         net (fo=1, routed)           0.001     6.133    sfo/two_pass_transport/intermediate[0].intermediate_bank/memory/u_frame_memory/xpm_memory_base_inst/gen_wr_a.gen_word_narrow.mem_reg_uram_121_Cas_AddrA_7[4]
    URAM288_X4Y159       URAM288                                      r  sfo/two_pass_transport/intermediate[0].intermediate_bank/memory/u_frame_memory/xpm_memory_base_inst/gen_wr_a.gen_word_narrow.mem_reg_uram_121/CAS_IN_ADDR_A[4]
  -------------------------------------------------------------------    -------------------

                         (clock clk150 rise edge)     6.667     6.667 r  
                                                      0.000     6.667 r  clk150 (IN)
                         net (fo=157006, unset)       0.064     6.731    sfo/two_pass_transport/intermediate[0].intermediate_bank/memory/u_frame_memory/xpm_memory_base_inst/clka
    URAM288_X4Y159       URAM288                                      r  sfo/two_pass_transport/intermediate[0].intermediate_bank/memory/u_frame_memory/xpm_memory_base_inst/gen_wr_a.gen_word_narrow.mem_reg_uram_121/CLK
                         clock pessimism              0.000     6.731    
                         inter-SLR compensation      -0.010     6.721    
                         clock uncertainty           -0.035     6.686    
    URAM288_X4Y159       URAM288 (Setup_URAM_288K_INST_URAM288_CLK_CAS_IN_ADDR_A[4])
                                                     -0.499     6.187    sfo/two_pass_transport/intermediate[0].intermediate_bank/memory/u_frame_memory/xpm_memory_base_inst/gen_wr_a.gen_word_narrow.mem_reg_uram_121
  -------------------------------------------------------------------
                         required time                          6.187    
                         arrival time                          -6.133    
  -------------------------------------------------------------------
                         slack                                  0.054    

Slack (MET) :             0.062ns  (required time - arrival time)
  Source:                 cfo/issued_reg[5]_replica/C
                            (rising edge-triggered cell FDRE clocked by clk150  {rise@0.000ns fall@3.333ns period=6.667ns})
  Destination:            cfo/coarse_banks[0].memory/u_frame_memory/xpm_memory_base_inst/gen_wr_a.gen_word_narrow.mem_reg_uram_31/CAS_IN_ADDR_A[5]
                            (rising edge-triggered cell URAM288 clocked by clk150  {rise@0.000ns fall@3.333ns period=6.667ns})
  Path Group:             clk150
  Path Type:              Setup (Max at Slow Process Corner)
  Requirement:            6.667ns  (clk150 rise@6.667ns - clk150 rise@0.000ns)
  Data Path Delay:        6.140ns  (logic 1.248ns (20.326%)  route 4.892ns (79.674%))
  Logic Levels:           7  (URAM288=7)
  Clock Path Skew:        0.036ns (DCD - SCD + CPR)
    Destination Clock Delay (DCD):    0.064ns = ( 6.731 - 6.667 ) 
    Source Clock Delay      (SCD):    0.028ns
    Clock Pessimism Removal (CPR):    0.000ns
  Clock Uncertainty:      0.035ns  ((TSJ^2 + TIJ^2)^1/2 + DJ) / 2 + PE
    Total System Jitter     (TSJ):    0.071ns
    Total Input Jitter      (TIJ):    0.000ns
    Discrete Jitter          (DJ):    0.000ns
    Phase Error              (PE):    0.000ns

    Location             Delay type                Incr(ns)  Path(ns)    Netlist Resource(s)
  -------------------------------------------------------------------    -------------------
                         (clock clk150 rise edge)     0.000     0.000 r  
                                                      0.000     0.000 r  clk150 (IN)
                         net (fo=157006, unset)       0.028     0.028    cfo/clk150
    SLICE_X125Y291       FDRE                                         r  cfo/issued_reg[5]_replica/C
  -------------------------------------------------------------------    -------------------
    SLICE_X125Y291       FDRE (Prop_BFF_SLICEL_C_Q)
                                                      0.079     0.107 r  cfo/issued_reg[5]_replica/Q
                         net (fo=38, routed)          4.884     4.991    cfo/coarse_banks[0].memory/u_frame_memory/xpm_memory_base_inst/issued_reg[5]_repN_alias
    URAM288_X1Y104       URAM288 (Prop_URAM_288K_INST_URAM288_ADDR_A[5]_CAS_OUT_ADDR_A[5])
                                                      0.215     5.206 r  cfo/coarse_banks[0].memory/u_frame_memory/xpm_memory_base_inst/gen_wr_a.gen_word_narrow.mem_reg_uram_24/CAS_OUT_ADDR_A[5]
                         net (fo=1, routed)           0.001     5.207    cfo/coarse_banks[0].memory/u_frame_memory/xpm_memory_base_inst/gen_wr_a.gen_word_narrow.mem_reg_uram_25_Cas_AddrA_1[5]
    URAM288_X1Y105       URAM288 (Prop_URAM_288K_INST_URAM288_CAS_IN_ADDR_A[5]_CAS_OUT_ADDR_A[5])
                                                      0.159     5.366 r  cfo/coarse_banks[0].memory/u_frame_memory/xpm_memory_base_inst/gen_wr_a.gen_word_narrow.mem_reg_uram_25/CAS_OUT_ADDR_A[5]
                         net (fo=1, routed)           0.001     5.367    cfo/coarse_banks[0].memory/u_frame_memory/xpm_memory_base_inst/gen_wr_a.gen_word_narrow.mem_reg_uram_26_Cas_AddrA_2[5]
    URAM288_X1Y106       URAM288 (Prop_URAM_288K_INST_URAM288_CAS_IN_ADDR_A[5]_CAS_OUT_ADDR_A[5])
                                                      0.159     5.526 r  cfo/coarse_banks[0].memory/u_frame_memory/xpm_memory_base_inst/gen_wr_a.gen_word_narrow.mem_reg_uram_26/CAS_OUT_ADDR_A[5]
                         net (fo=1, routed)           0.001     5.527    cfo/coarse_banks[0].memory/u_frame_memory/xpm_memory_base_inst/gen_wr_a.gen_word_narrow.mem_reg_uram_27_Cas_AddrA_3[5]
    URAM288_X1Y107       URAM288 (Prop_URAM_288K_INST_URAM288_CAS_IN_ADDR_A[5]_CAS_OUT_ADDR_A[5])
                                                      0.159     5.686 r  cfo/coarse_banks[0].memory/u_frame_memory/xpm_memory_base_inst/gen_wr_a.gen_word_narrow.mem_reg_uram_27/CAS_OUT_ADDR_A[5]
                         net (fo=1, routed)           0.002     5.688    cfo/coarse_banks[0].memory/u_frame_memory/xpm_memory_base_inst/gen_wr_a.gen_word_narrow.mem_reg_uram_28_Cas_AddrA_4[5]
    URAM288_X1Y108       URAM288 (Prop_URAM_288K_INST_URAM288_CAS_IN_ADDR_A[5]_CAS_OUT_ADDR_A[5])
                                                      0.159     5.847 r  cfo/coarse_banks[0].memory/u_frame_memory/xpm_memory_base_inst/gen_wr_a.gen_word_narrow.mem_reg_uram_28/CAS_OUT_ADDR_A[5]
                         net (fo=1, routed)           0.001     5.848    cfo/coarse_banks[0].memory/u_frame_memory/xpm_memory_base_inst/gen_wr_a.gen_word_narrow.mem_reg_uram_29_Cas_AddrA_5[5]
    URAM288_X1Y109       URAM288 (Prop_URAM_288K_INST_URAM288_CAS_IN_ADDR_A[5]_CAS_OUT_ADDR_A[5])
                                                      0.159     6.007 r  cfo/coarse_banks[0].memory/u_frame_memory/xpm_memory_base_inst/gen_wr_a.gen_word_narrow.mem_reg_uram_29/CAS_OUT_ADDR_A[5]
                         net (fo=1, routed)           0.001     6.008    cfo/coarse_banks[0].memory/u_frame_memory/xpm_memory_base_inst/gen_wr_a.gen_word_narrow.mem_reg_uram_30_Cas_AddrA_6[5]
    URAM288_X1Y110       URAM288 (Prop_URAM_288K_INST_URAM288_CAS_IN_ADDR_A[5]_CAS_OUT_ADDR_A[5])
                                                      0.159     6.167 r  cfo/coarse_banks[0].memory/u_frame_memory/xpm_memory_base_inst/gen_wr_a.gen_word_narrow.mem_reg_uram_30/CAS_OUT_ADDR_A[5]
                         net (fo=1, routed)           0.001     6.168    cfo/coarse_banks[0].memory/u_frame_memory/xpm_memory_base_inst/gen_wr_a.gen_word_narrow.mem_reg_uram_31_Cas_AddrA_7[5]
    URAM288_X1Y111       URAM288                                      r  cfo/coarse_banks[0].memory/u_frame_memory/xpm_memory_base_inst/gen_wr_a.gen_word_narrow.mem_reg_uram_31/CAS_IN_ADDR_A[5]
  -------------------------------------------------------------------    -------------------

                         (clock clk150 rise edge)     6.667     6.667 r  
                                                      0.000     6.667 r  clk150 (IN)
                         net (fo=157006, unset)       0.064     6.731    cfo/coarse_banks[0].memory/u_frame_memory/xpm_memory_base_inst/clka
    URAM288_X1Y111       URAM288                                      r  cfo/coarse_banks[0].memory/u_frame_memory/xpm_memory_base_inst/gen_wr_a.gen_word_narrow.mem_reg_uram_31/CLK
                         clock pessimism              0.000     6.731    
                         clock uncertainty           -0.035     6.696    
    URAM288_X1Y111       URAM288 (Setup_URAM_288K_INST_URAM288_CLK_CAS_IN_ADDR_A[5])
                                                     -0.466     6.230    cfo/coarse_banks[0].memory/u_frame_memory/xpm_memory_base_inst/gen_wr_a.gen_word_narrow.mem_reg_uram_31
  -------------------------------------------------------------------
                         required time                          6.230    
                         arrival time                          -6.168    
  -------------------------------------------------------------------
                         slack                                  0.062    

Slack (MET) :             0.063ns  (required time - arrival time)
  Source:                 sfo/two_pass_transport/intermediate[0].intermediate_bank/write_next_reg[4]/C
                            (rising edge-triggered cell FDRE clocked by clk150  {rise@0.000ns fall@3.333ns period=6.667ns})
  Destination:            sfo/two_pass_transport/intermediate[0].intermediate_bank/ram_wa_reg[4]_replica_1/D
                            (rising edge-triggered cell FDRE clocked by clk150  {rise@0.000ns fall@3.333ns period=6.667ns})
  Path Group:             clk150
  Path Type:              Setup (Max at Slow Process Corner)
  Requirement:            6.667ns  (clk150 rise@6.667ns - clk150 rise@0.000ns)
  Data Path Delay:        6.581ns  (logic 0.076ns (1.155%)  route 6.505ns (98.845%))
  Logic Levels:           0  
  Clock Path Skew:        -0.009ns (DCD - SCD + CPR)
    Destination Clock Delay (DCD):    0.021ns = ( 6.688 - 6.667 ) 
    Source Clock Delay      (SCD):    0.030ns
    Clock Pessimism Removal (CPR):    0.000ns
  Clock Uncertainty:      0.035ns  ((TSJ^2 + TIJ^2)^1/2 + DJ) / 2 + PE
    Total System Jitter     (TSJ):    0.071ns
    Total Input Jitter      (TIJ):    0.000ns
    Discrete Jitter          (DJ):    0.000ns
    Phase Error              (PE):    0.000ns
  Inter-SLR Compensation: 0.003ns  (DCD * PF)
    Destination Clock Delay (DCD):    0.021ns
    Prorating Factor         (PF):    0.150

    Location             Delay type                Incr(ns)  Path(ns)    Netlist Resource(s)
  -------------------------------------------------------------------    -------------------
                         (clock clk150 rise edge)     0.000     0.000 r  
                                                      0.000     0.000 r  clk150 (IN)
                         net (fo=157006, unset)       0.030     0.030    sfo/two_pass_transport/intermediate[0].intermediate_bank/clk
    SLICE_X128Y224       FDRE                                         r  sfo/two_pass_transport/intermediate[0].intermediate_bank/write_next_reg[4]/C
  -------------------------------------------------------------------    -------------------
    SLICE_X128Y224       FDRE (Prop_EFF_SLICEM_C_Q)
                                                      0.076     0.106 r  sfo/two_pass_transport/intermediate[0].intermediate_bank/write_next_reg[4]/Q
                         net (fo=9, routed)           6.505     6.611    sfo/two_pass_transport/intermediate[0].intermediate_bank/write_next_reg[4]
    SLR Crossing[0->2]   
    SLICE_X42Y629        FDRE                                         r  sfo/two_pass_transport/intermediate[0].intermediate_bank/ram_wa_reg[4]_replica_1/D
  -------------------------------------------------------------------    -------------------

                         (clock clk150 rise edge)     6.667     6.667 r  
                                                      0.000     6.667 r  clk150 (IN)
                         net (fo=157006, unset)       0.021     6.688    sfo/two_pass_transport/intermediate[0].intermediate_bank/clk
    SLICE_X42Y629        FDRE                                         r  sfo/two_pass_transport/intermediate[0].intermediate_bank/ram_wa_reg[4]_replica_1/C
                         clock pessimism              0.000     6.688    
                         inter-SLR compensation      -0.003     6.685    
                         clock uncertainty           -0.035     6.649    
    SLICE_X42Y629        FDRE (Setup_EFF_SLICEM_C_D)
                                                      0.025     6.674    sfo/two_pass_transport/intermediate[0].intermediate_bank/ram_wa_reg[4]_replica_1
  -------------------------------------------------------------------
                         required time                          6.674    
                         arrival time                          -6.611    
  -------------------------------------------------------------------
                         slack                                  0.063    





Min Delay Paths
--------------------------------------------------------------------------------------
Slack (MET) :             0.007ns  (arrival time - required time)
  Source:                 sfo/two_pass_transport/first_resampling/engine/core/fir47_interpolator/i_core/U0/i_synth/g_polyphase_interpolation_sym_ssr.i_polyphase_interpolation_sym_ssr/g_parallel.i_data_in/gen_reg.d_reg_reg[47]/C
                            (rising edge-triggered cell FDRE clocked by clk150  {rise@0.000ns fall@3.333ns period=6.667ns})
  Destination:            sfo/two_pass_transport/first_resampling/engine/core/fir47_interpolator/i_core/U0/i_synth/g_polyphase_interpolation_sym_ssr.i_polyphase_interpolation_sym_ssr/g_parallel.g_paths[4].g_symmetric.g_data_array.g_data[1].i_data_casc_dly/gen_dly.gen_shiftreg.gen_rtl_delay.delay_bus_reg[8][15]_srl9/D
                            (rising edge-triggered cell SRL16E clocked by clk150  {rise@0.000ns fall@3.333ns period=6.667ns})
  Path Group:             clk150
  Path Type:              Hold (Min at Fast Process Corner)
  Requirement:            0.000ns  (clk150 rise@0.000ns - clk150 rise@0.000ns)
  Data Path Delay:        0.095ns  (logic 0.041ns (43.158%)  route 0.054ns (56.842%))
  Logic Levels:           0  
  Clock Path Skew:        0.026ns (DCD - SCD - CPR)
    Destination Clock Delay (DCD):    0.039ns
    Source Clock Delay      (SCD):    0.013ns
    Clock Pessimism Removal (CPR):    -0.000ns

    Location             Delay type                Incr(ns)  Path(ns)    Netlist Resource(s)
  -------------------------------------------------------------------    -------------------
                         (clock clk150 rise edge)     0.000     0.000 r  
                                                      0.000     0.000 r  clk150 (IN)
                         net (fo=157006, unset)       0.013     0.013    sfo/two_pass_transport/first_resampling/engine/core/fir47_interpolator/i_core/U0/i_synth/g_polyphase_interpolation_sym_ssr.i_polyphase_interpolation_sym_ssr/g_parallel.i_data_in/aclk
    SLICE_X156Y207       FDRE                                         r  sfo/two_pass_transport/first_resampling/engine/core/fir47_interpolator/i_core/U0/i_synth/g_polyphase_interpolation_sym_ssr.i_polyphase_interpolation_sym_ssr/g_parallel.i_data_in/gen_reg.d_reg_reg[47]/C
  -------------------------------------------------------------------    -------------------
    SLICE_X156Y207       FDRE (Prop_DFF2_SLICEM_C_Q)
                                                      0.041     0.054 r  sfo/two_pass_transport/first_resampling/engine/core/fir47_interpolator/i_core/U0/i_synth/g_polyphase_interpolation_sym_ssr.i_polyphase_interpolation_sym_ssr/g_parallel.i_data_in/gen_reg.d_reg_reg[47]/Q
                         net (fo=2, routed)           0.054     0.108    sfo/two_pass_transport/first_resampling/engine/core/fir47_interpolator/i_core/U0/i_synth/g_polyphase_interpolation_sym_ssr.i_polyphase_interpolation_sym_ssr/g_parallel.g_paths[4].g_symmetric.g_data_array.g_data[1].i_data_casc_dly/D[15]
    SLICE_X156Y206       SRL16E                                       r  sfo/two_pass_transport/first_resampling/engine/core/fir47_interpolator/i_core/U0/i_synth/g_polyphase_interpolation_sym_ssr.i_polyphase_interpolation_sym_ssr/g_parallel.g_paths[4].g_symmetric.g_data_array.g_data[1].i_data_casc_dly/gen_dly.gen_shiftreg.gen_rtl_delay.delay_bus_reg[8][15]_srl9/D
  -------------------------------------------------------------------    -------------------

                         (clock clk150 rise edge)     0.000     0.000 r  
                                                      0.000     0.000 r  clk150 (IN)
                         net (fo=157006, unset)       0.039     0.039    sfo/two_pass_transport/first_resampling/engine/core/fir47_interpolator/i_core/U0/i_synth/g_polyphase_interpolation_sym_ssr.i_polyphase_interpolation_sym_ssr/g_parallel.g_paths[4].g_symmetric.g_data_array.g_data[1].i_data_casc_dly/aclk
    SLICE_X156Y206       SRL16E                                       r  sfo/two_pass_transport/first_resampling/engine/core/fir47_interpolator/i_core/U0/i_synth/g_polyphase_interpolation_sym_ssr.i_polyphase_interpolation_sym_ssr/g_parallel.g_paths[4].g_symmetric.g_data_array.g_data[1].i_data_casc_dly/gen_dly.gen_shiftreg.gen_rtl_delay.delay_bus_reg[8][15]_srl9/CLK
                         clock pessimism              0.000     0.039    
    SLICE_X156Y206       SRL16E (Hold_H5LUT_SLICEM_CLK_D)
                                                      0.062     0.101    sfo/two_pass_transport/first_resampling/engine/core/fir47_interpolator/i_core/U0/i_synth/g_polyphase_interpolation_sym_ssr.i_polyphase_interpolation_sym_ssr/g_parallel.g_paths[4].g_symmetric.g_data_array.g_data[1].i_data_casc_dly/gen_dly.gen_shiftreg.gen_rtl_delay.delay_bus_reg[8][15]_srl9
  -------------------------------------------------------------------
                         required time                         -0.101    
                         arrival time                           0.108    
  -------------------------------------------------------------------
                         slack                                  0.007    

Slack (MET) :             0.025ns  (arrival time - required time)
  Source:                 sfo/two_pass_transport/second_resampling/engine/core/fir47_interpolator/q_core/U0/i_synth/g_polyphase_interpolation_sym_ssr.i_polyphase_interpolation_sym_ssr/g_parallel.g_paths[2].g_symmetric.g_data_array.g_data[6].g_data_buff.i_data_buf/g_buff.i_buff/gen_reg.d_reg_reg[8]/C
                            (rising edge-triggered cell FDRE clocked by clk150  {rise@0.000ns fall@3.333ns period=6.667ns})
  Destination:            sfo/two_pass_transport/second_resampling/engine/core/fir47_interpolator/q_core/U0/i_synth/g_polyphase_interpolation_sym_ssr.i_polyphase_interpolation_sym_ssr/g_parallel.g_paths[2].g_symmetric.g_data_array.g_data[9].i_data_casc_dly/gen_dly.gen_shiftreg.gen_rtl_delay.delay_bus_reg[0][8]_srl1/D
                            (rising edge-triggered cell SRL16E clocked by clk150  {rise@0.000ns fall@3.333ns period=6.667ns})
  Path Group:             clk150
  Path Type:              Hold (Min at Fast Process Corner)
  Requirement:            0.000ns  (clk150 rise@0.000ns - clk150 rise@0.000ns)
  Data Path Delay:        0.097ns  (logic 0.040ns (41.237%)  route 0.057ns (58.763%))
  Logic Levels:           0  
  Clock Path Skew:        0.026ns (DCD - SCD - CPR)
    Destination Clock Delay (DCD):    0.039ns
    Source Clock Delay      (SCD):    0.013ns
    Clock Pessimism Removal (CPR):    -0.000ns

    Location             Delay type                Incr(ns)  Path(ns)    Netlist Resource(s)
  -------------------------------------------------------------------    -------------------
                         (clock clk150 rise edge)     0.000     0.000 r  
                                                      0.000     0.000 r  clk150 (IN)
                         net (fo=157006, unset)       0.013     0.013    sfo/two_pass_transport/second_resampling/engine/core/fir47_interpolator/q_core/U0/i_synth/g_polyphase_interpolation_sym_ssr.i_polyphase_interpolation_sym_ssr/g_parallel.g_paths[2].g_symmetric.g_data_array.g_data[6].g_data_buff.i_data_buf/g_buff.i_buff/aclk
    SLICE_X29Y182        FDRE                                         r  sfo/two_pass_transport/second_resampling/engine/core/fir47_interpolator/q_core/U0/i_synth/g_polyphase_interpolation_sym_ssr.i_polyphase_interpolation_sym_ssr/g_parallel.g_paths[2].g_symmetric.g_data_array.g_data[6].g_data_buff.i_data_buf/g_buff.i_buff/gen_reg.d_reg_reg[8]/C
  -------------------------------------------------------------------    -------------------
    SLICE_X29Y182        FDRE (Prop_GFF2_SLICEL_C_Q)
                                                      0.040     0.053 r  sfo/two_pass_transport/second_resampling/engine/core/fir47_interpolator/q_core/U0/i_synth/g_polyphase_interpolation_sym_ssr.i_polyphase_interpolation_sym_ssr/g_parallel.g_paths[2].g_symmetric.g_data_array.g_data[6].g_data_buff.i_data_buf/g_buff.i_buff/gen_reg.d_reg_reg[8]/Q
                         net (fo=3, routed)           0.057     0.110    sfo/two_pass_transport/second_resampling/engine/core/fir47_interpolator/q_core/U0/i_synth/g_polyphase_interpolation_sym_ssr.i_polyphase_interpolation_sym_ssr/g_parallel.g_paths[2].g_symmetric.g_data_array.g_data[9].i_data_casc_dly/Q[8]
    SLICE_X28Y182        SRL16E                                       r  sfo/two_pass_transport/second_resampling/engine/core/fir47_interpolator/q_core/U0/i_synth/g_polyphase_interpolation_sym_ssr.i_polyphase_interpolation_sym_ssr/g_parallel.g_paths[2].g_symmetric.g_data_array.g_data[9].i_data_casc_dly/gen_dly.gen_shiftreg.gen_rtl_delay.delay_bus_reg[0][8]_srl1/D
  -------------------------------------------------------------------    -------------------

                         (clock clk150 rise edge)     0.000     0.000 r  
                                                      0.000     0.000 r  clk150 (IN)
                         net (fo=157006, unset)       0.039     0.039    sfo/two_pass_transport/second_resampling/engine/core/fir47_interpolator/q_core/U0/i_synth/g_polyphase_interpolation_sym_ssr.i_polyphase_interpolation_sym_ssr/g_parallel.g_paths[2].g_symmetric.g_data_array.g_data[9].i_data_casc_dly/aclk
    SLICE_X28Y182        SRL16E                                       r  sfo/two_pass_transport/second_resampling/engine/core/fir47_interpolator/q_core/U0/i_synth/g_polyphase_interpolation_sym_ssr.i_polyphase_interpolation_sym_ssr/g_parallel.g_paths[2].g_symmetric.g_data_array.g_data[9].i_data_casc_dly/gen_dly.gen_shiftreg.gen_rtl_delay.delay_bus_reg[0][8]_srl1/CLK
                         clock pessimism              0.000     0.039    
    SLICE_X28Y182        SRL16E (Hold_A5LUT_SLICEM_CLK_D)
                                                      0.046     0.085    sfo/two_pass_transport/second_resampling/engine/core/fir47_interpolator/q_core/U0/i_synth/g_polyphase_interpolation_sym_ssr.i_polyphase_interpolation_sym_ssr/g_parallel.g_paths[2].g_symmetric.g_data_array.g_data[9].i_data_casc_dly/gen_dly.gen_shiftreg.gen_rtl_delay.delay_bus_reg[0][8]_srl1
  -------------------------------------------------------------------
                         required time                         -0.085    
                         arrival time                           0.110    
  -------------------------------------------------------------------
                         slack                                  0.025    

Slack (MET) :             0.025ns  (arrival time - required time)
  Source:                 sfo/two_pass_transport/first_resampling/engine/core/fir15_decimator/i_core/U0/i_synth/g_single_rate.i_single_rate/g_parallel.i_data_in/gen_reg.d_reg_reg[188]/C
                            (rising edge-triggered cell FDRE clocked by clk150  {rise@0.000ns fall@3.333ns period=6.667ns})
  Destination:            sfo/two_pass_transport/first_resampling/engine/core/fir15_decimator/i_core/U0/i_synth/g_single_rate.i_single_rate/g_parallel.g_paths[11].g_symmetric.g_data_array.g_data[4].i_data_casc_dly/gen_dly.gen_shiftreg.gen_rtl_delay.delay_bus_reg[1][12]_srl2/D
                            (rising edge-triggered cell SRL16E clocked by clk150  {rise@0.000ns fall@3.333ns period=6.667ns})
  Path Group:             clk150
  Path Type:              Hold (Min at Fast Process Corner)
  Requirement:            0.000ns  (clk150 rise@0.000ns - clk150 rise@0.000ns)
  Data Path Delay:        0.094ns  (logic 0.039ns (41.489%)  route 0.055ns (58.511%))
  Logic Levels:           0  
  Clock Path Skew:        0.026ns (DCD - SCD - CPR)
    Destination Clock Delay (DCD):    0.039ns
    Source Clock Delay      (SCD):    0.013ns
    Clock Pessimism Removal (CPR):    -0.000ns

    Location             Delay type                Incr(ns)  Path(ns)    Netlist Resource(s)
  -------------------------------------------------------------------    -------------------
                         (clock clk150 rise edge)     0.000     0.000 r  
                                                      0.000     0.000 r  clk150 (IN)
                         net (fo=157006, unset)       0.013     0.013    sfo/two_pass_transport/first_resampling/engine/core/fir15_decimator/i_core/U0/i_synth/g_single_rate.i_single_rate/g_parallel.i_data_in/aclk
    SLICE_X209Y143       FDRE                                         r  sfo/two_pass_transport/first_resampling/engine/core/fir15_decimator/i_core/U0/i_synth/g_single_rate.i_single_rate/g_parallel.i_data_in/gen_reg.d_reg_reg[188]/C
  -------------------------------------------------------------------    -------------------
    SLICE_X209Y143       FDRE (Prop_HFF_SLICEL_C_Q)
                                                      0.039     0.052 r  sfo/two_pass_transport/first_resampling/engine/core/fir15_decimator/i_core/U0/i_synth/g_single_rate.i_single_rate/g_parallel.i_data_in/gen_reg.d_reg_reg[188]/Q
                         net (fo=2, routed)           0.055     0.107    sfo/two_pass_transport/first_resampling/engine/core/fir15_decimator/i_core/U0/i_synth/g_single_rate.i_single_rate/g_parallel.g_paths[11].g_symmetric.g_data_array.g_data[4].i_data_casc_dly/D[12]
    SLICE_X208Y143       SRL16E                                       r  sfo/two_pass_transport/first_resampling/engine/core/fir15_decimator/i_core/U0/i_synth/g_single_rate.i_single_rate/g_parallel.g_paths[11].g_symmetric.g_data_array.g_data[4].i_data_casc_dly/gen_dly.gen_shiftreg.gen_rtl_delay.delay_bus_reg[1][12]_srl2/D
  -------------------------------------------------------------------    -------------------

                         (clock clk150 rise edge)     0.000     0.000 r  
                                                      0.000     0.000 r  clk150 (IN)
                         net (fo=157006, unset)       0.039     0.039    sfo/two_pass_transport/first_resampling/engine/core/fir15_decimator/i_core/U0/i_synth/g_single_rate.i_single_rate/g_parallel.g_paths[11].g_symmetric.g_data_array.g_data[4].i_data_casc_dly/aclk
    SLICE_X208Y143       SRL16E                                       r  sfo/two_pass_transport/first_resampling/engine/core/fir15_decimator/i_core/U0/i_synth/g_single_rate.i_single_rate/g_parallel.g_paths[11].g_symmetric.g_data_array.g_data[4].i_data_casc_dly/gen_dly.gen_shiftreg.gen_rtl_delay.delay_bus_reg[1][12]_srl2/CLK
                         clock pessimism              0.000     0.039    
    SLICE_X208Y143       SRL16E (Hold_E5LUT_SLICEM_CLK_D)
                                                      0.043     0.082    sfo/two_pass_transport/first_resampling/engine/core/fir15_decimator/i_core/U0/i_synth/g_single_rate.i_single_rate/g_parallel.g_paths[11].g_symmetric.g_data_array.g_data[4].i_data_casc_dly/gen_dly.gen_shiftreg.gen_rtl_delay.delay_bus_reg[1][12]_srl2
  -------------------------------------------------------------------
                         required time                         -0.082    
                         arrival time                           0.107    
  -------------------------------------------------------------------
                         slack                                  0.025    

Slack (MET) :             0.026ns  (arrival time - required time)
  Source:                 sfo/two_pass_transport/first_resampling/engine/core/fir47_decimator/i_core/U0/i_synth/g_single_rate.i_single_rate/g_parallel.g_paths[4].g_symmetric.g_data_array.g_data[11].g_data_buff.i_data_buf/g_buff.i_buff/gen_reg.d_reg_reg[13]/C
                            (rising edge-triggered cell FDRE clocked by clk150  {rise@0.000ns fall@3.333ns period=6.667ns})
  Destination:            sfo/two_pass_transport/first_resampling/engine/core/fir47_decimator/i_core/U0/i_synth/g_single_rate.i_single_rate/g_parallel.g_paths[4].g_symmetric.g_data_array.g_data[19].i_data_casc_dly/gen_dly.gen_shiftreg.gen_rtl_delay.delay_bus_reg[2][13]_srl3/D
                            (rising edge-triggered cell SRL16E clocked by clk150  {rise@0.000ns fall@3.333ns period=6.667ns})
  Path Group:             clk150
  Path Type:              Hold (Min at Fast Process Corner)
  Requirement:            0.000ns  (clk150 rise@0.000ns - clk150 rise@0.000ns)
  Data Path Delay:        0.099ns  (logic 0.040ns (40.404%)  route 0.059ns (59.596%))
  Logic Levels:           0  
  Clock Path Skew:        0.027ns (DCD - SCD - CPR)
    Destination Clock Delay (DCD):    0.039ns
    Source Clock Delay      (SCD):    0.012ns
    Clock Pessimism Removal (CPR):    -0.000ns

    Location             Delay type                Incr(ns)  Path(ns)    Netlist Resource(s)
  -------------------------------------------------------------------    -------------------
                         (clock clk150 rise edge)     0.000     0.000 r  
                                                      0.000     0.000 r  clk150 (IN)
                         net (fo=157006, unset)       0.012     0.012    sfo/two_pass_transport/first_resampling/engine/core/fir47_decimator/i_core/U0/i_synth/g_single_rate.i_single_rate/g_parallel.g_paths[4].g_symmetric.g_data_array.g_data[11].g_data_buff.i_data_buf/g_buff.i_buff/aclk
    SLICE_X188Y190       FDRE                                         r  sfo/two_pass_transport/first_resampling/engine/core/fir47_decimator/i_core/U0/i_synth/g_single_rate.i_single_rate/g_parallel.g_paths[4].g_symmetric.g_data_array.g_data[11].g_data_buff.i_data_buf/g_buff.i_buff/gen_reg.d_reg_reg[13]/C
  -------------------------------------------------------------------    -------------------
    SLICE_X188Y190       FDRE (Prop_AFF2_SLICEL_C_Q)
                                                      0.040     0.052 r  sfo/two_pass_transport/first_resampling/engine/core/fir47_decimator/i_core/U0/i_synth/g_single_rate.i_single_rate/g_parallel.g_paths[4].g_symmetric.g_data_array.g_data[11].g_data_buff.i_data_buf/g_buff.i_buff/gen_reg.d_reg_reg[13]/Q
                         net (fo=2, routed)           0.059     0.111    sfo/two_pass_transport/first_resampling/engine/core/fir47_decimator/i_core/U0/i_synth/g_single_rate.i_single_rate/g_parallel.g_paths[4].g_symmetric.g_data_array.g_data[19].i_data_casc_dly/Q[13]
    SLICE_X187Y190       SRL16E                                       r  sfo/two_pass_transport/first_resampling/engine/core/fir47_decimator/i_core/U0/i_synth/g_single_rate.i_single_rate/g_parallel.g_paths[4].g_symmetric.g_data_array.g_data[19].i_data_casc_dly/gen_dly.gen_shiftreg.gen_rtl_delay.delay_bus_reg[2][13]_srl3/D
  -------------------------------------------------------------------    -------------------

                         (clock clk150 rise edge)     0.000     0.000 r  
                                                      0.000     0.000 r  clk150 (IN)
                         net (fo=157006, unset)       0.039     0.039    sfo/two_pass_transport/first_resampling/engine/core/fir47_decimator/i_core/U0/i_synth/g_single_rate.i_single_rate/g_parallel.g_paths[4].g_symmetric.g_data_array.g_data[19].i_data_casc_dly/aclk
    SLICE_X187Y190       SRL16E                                       r  sfo/two_pass_transport/first_resampling/engine/core/fir47_decimator/i_core/U0/i_synth/g_single_rate.i_single_rate/g_parallel.g_paths[4].g_symmetric.g_data_array.g_data[19].i_data_casc_dly/gen_dly.gen_shiftreg.gen_rtl_delay.delay_bus_reg[2][13]_srl3/CLK
                         clock pessimism              0.000     0.039    
    SLICE_X187Y190       SRL16E (Hold_F5LUT_SLICEM_CLK_D)
                                                      0.046     0.085    sfo/two_pass_transport/first_resampling/engine/core/fir47_decimator/i_core/U0/i_synth/g_single_rate.i_single_rate/g_parallel.g_paths[4].g_symmetric.g_data_array.g_data[19].i_data_casc_dly/gen_dly.gen_shiftreg.gen_rtl_delay.delay_bus_reg[2][13]_srl3
  -------------------------------------------------------------------
                         required time                         -0.085    
                         arrival time                           0.111    
  -------------------------------------------------------------------
                         slack                                  0.026    

Slack (MET) :             0.026ns  (arrival time - required time)
  Source:                 sfo/two_pass_transport/first_resampling/engine/core/fir47_interpolator/i_core/U0/i_synth/g_polyphase_interpolation_sym_ssr.i_polyphase_interpolation_sym_ssr/g_parallel.g_paths[2].g_symmetric.g_data_array.g_data[6].g_data_buff.i_data_buf/g_buff.i_buff/gen_reg.d_reg_reg[10]/C
                            (rising edge-triggered cell FDRE clocked by clk150  {rise@0.000ns fall@3.333ns period=6.667ns})
  Destination:            sfo/two_pass_transport/first_resampling/engine/core/fir47_interpolator/i_core/U0/i_synth/g_polyphase_interpolation_sym_ssr.i_polyphase_interpolation_sym_ssr/g_parallel.g_paths[2].g_symmetric.g_data_array.g_data[9].i_data_casc_dly/gen_dly.gen_shiftreg.gen_rtl_delay.delay_bus_reg[0][10]_srl1/D
                            (rising edge-triggered cell SRL16E clocked by clk150  {rise@0.000ns fall@3.333ns period=6.667ns})
  Path Group:             clk150
  Path Type:              Hold (Min at Fast Process Corner)
  Requirement:            0.000ns  (clk150 rise@0.000ns - clk150 rise@0.000ns)
  Data Path Delay:        0.098ns  (logic 0.038ns (38.776%)  route 0.060ns (61.224%))
  Logic Levels:           0  
  Clock Path Skew:        0.026ns (DCD - SCD - CPR)
    Destination Clock Delay (DCD):    0.039ns
    Source Clock Delay      (SCD):    0.013ns
    Clock Pessimism Removal (CPR):    -0.000ns

    Location             Delay type                Incr(ns)  Path(ns)    Netlist Resource(s)
  -------------------------------------------------------------------    -------------------
                         (clock clk150 rise edge)     0.000     0.000 r  
                                                      0.000     0.000 r  clk150 (IN)
                         net (fo=157006, unset)       0.013     0.013    sfo/two_pass_transport/first_resampling/engine/core/fir47_interpolator/i_core/U0/i_synth/g_polyphase_interpolation_sym_ssr.i_polyphase_interpolation_sym_ssr/g_parallel.g_paths[2].g_symmetric.g_data_array.g_data[6].g_data_buff.i_data_buf/g_buff.i_buff/aclk
    SLICE_X161Y199       FDRE                                         r  sfo/two_pass_transport/first_resampling/engine/core/fir47_interpolator/i_core/U0/i_synth/g_polyphase_interpolation_sym_ssr.i_polyphase_interpolation_sym_ssr/g_parallel.g_paths[2].g_symmetric.g_data_array.g_data[6].g_data_buff.i_data_buf/g_buff.i_buff/gen_reg.d_reg_reg[10]/C
  -------------------------------------------------------------------    -------------------
    SLICE_X161Y199       FDRE (Prop_BFF_SLICEM_C_Q)
                                                      0.038     0.051 r  sfo/two_pass_transport/first_resampling/engine/core/fir47_interpolator/i_core/U0/i_synth/g_polyphase_interpolation_sym_ssr.i_polyphase_interpolation_sym_ssr/g_parallel.g_paths[2].g_symmetric.g_data_array.g_data[6].g_data_buff.i_data_buf/g_buff.i_buff/gen_reg.d_reg_reg[10]/Q
                         net (fo=3, routed)           0.060     0.111    sfo/two_pass_transport/first_resampling/engine/core/fir47_interpolator/i_core/U0/i_synth/g_polyphase_interpolation_sym_ssr.i_polyphase_interpolation_sym_ssr/g_parallel.g_paths[2].g_symmetric.g_data_array.g_data[9].i_data_casc_dly/Q[10]
    SLICE_X161Y200       SRL16E                                       r  sfo/two_pass_transport/first_resampling/engine/core/fir47_interpolator/i_core/U0/i_synth/g_polyphase_interpolation_sym_ssr.i_polyphase_interpolation_sym_ssr/g_parallel.g_paths[2].g_symmetric.g_data_array.g_data[9].i_data_casc_dly/gen_dly.gen_shiftreg.gen_rtl_delay.delay_bus_reg[0][10]_srl1/D
  -------------------------------------------------------------------    -------------------

                         (clock clk150 rise edge)     0.000     0.000 r  
                                                      0.000     0.000 r  clk150 (IN)
                         net (fo=157006, unset)       0.039     0.039    sfo/two_pass_transport/first_resampling/engine/core/fir47_interpolator/i_core/U0/i_synth/g_polyphase_interpolation_sym_ssr.i_polyphase_interpolation_sym_ssr/g_parallel.g_paths[2].g_symmetric.g_data_array.g_data[9].i_data_casc_dly/aclk
    SLICE_X161Y200       SRL16E                                       r  sfo/two_pass_transport/first_resampling/engine/core/fir47_interpolator/i_core/U0/i_synth/g_polyphase_interpolation_sym_ssr.i_polyphase_interpolation_sym_ssr/g_parallel.g_paths[2].g_symmetric.g_data_array.g_data[9].i_data_casc_dly/gen_dly.gen_shiftreg.gen_rtl_delay.delay_bus_reg[0][10]_srl1/CLK
                         clock pessimism              0.000     0.039    
    SLICE_X161Y200       SRL16E (Hold_C5LUT_SLICEM_CLK_D)
                                                      0.046     0.085    sfo/two_pass_transport/first_resampling/engine/core/fir47_interpolator/i_core/U0/i_synth/g_polyphase_interpolation_sym_ssr.i_polyphase_interpolation_sym_ssr/g_parallel.g_paths[2].g_symmetric.g_data_array.g_data[9].i_data_casc_dly/gen_dly.gen_shiftreg.gen_rtl_delay.delay_bus_reg[0][10]_srl1
  -------------------------------------------------------------------
                         required time                         -0.085    
                         arrival time                           0.111    
  -------------------------------------------------------------------
                         slack                                  0.026    

Slack (MET) :             0.027ns  (arrival time - required time)
  Source:                 sfo/two_pass_transport/second_resampling/engine/core/stream/arithmetic/real_channel[24].u_real/branch_reg[1][14]/C
                            (rising edge-triggered cell FDSE clocked by clk150  {rise@0.000ns fall@3.333ns period=6.667ns})
  Destination:            sfo/two_pass_transport/second_resampling/engine/core/stream/arithmetic/real_channel[24].u_real/b1_delay_reg[3][14]_srl4_lopt_merged/D
                            (rising edge-triggered cell SRL16E clocked by clk150  {rise@0.000ns fall@3.333ns period=6.667ns})
  Path Group:             clk150
  Path Type:              Hold (Min at Fast Process Corner)
  Requirement:            0.000ns  (clk150 rise@0.000ns - clk150 rise@0.000ns)
  Data Path Delay:        0.092ns  (logic 0.038ns (41.304%)  route 0.054ns (58.696%))
  Logic Levels:           0  
  Clock Path Skew:        0.026ns (DCD - SCD - CPR)
    Destination Clock Delay (DCD):    0.039ns
    Source Clock Delay      (SCD):    0.013ns
    Clock Pessimism Removal (CPR):    -0.000ns

    Location             Delay type                Incr(ns)  Path(ns)    Netlist Resource(s)
  -------------------------------------------------------------------    -------------------
                         (clock clk150 rise edge)     0.000     0.000 r  
                                                      0.000     0.000 r  clk150 (IN)
                         net (fo=157006, unset)       0.013     0.013    sfo/two_pass_transport/second_resampling/engine/core/stream/arithmetic/real_channel[24].u_real/clk
    SLICE_X74Y180        FDSE                                         r  sfo/two_pass_transport/second_resampling/engine/core/stream/arithmetic/real_channel[24].u_real/branch_reg[1][14]/C
  -------------------------------------------------------------------    -------------------
    SLICE_X74Y180        FDSE (Prop_BFF_SLICEM_C_Q)
                                                      0.038     0.051 r  sfo/two_pass_transport/second_resampling/engine/core/stream/arithmetic/real_channel[24].u_real/branch_reg[1][14]/Q
                         net (fo=1, routed)           0.054     0.105    sfo/two_pass_transport/second_resampling/engine/core/stream/arithmetic/real_channel[24].u_real/branch_reg_n_0_[1][14]
    SLICE_X74Y179        SRL16E                                       r  sfo/two_pass_transport/second_resampling/engine/core/stream/arithmetic/real_channel[24].u_real/b1_delay_reg[3][14]_srl4_lopt_merged/D
  -------------------------------------------------------------------    -------------------

                         (clock clk150 rise edge)     0.000     0.000 r  
                                                      0.000     0.000 r  clk150 (IN)
                         net (fo=157006, unset)       0.039     0.039    sfo/two_pass_transport/second_resampling/engine/core/stream/arithmetic/real_channel[24].u_real/clk
    SLICE_X74Y179        SRL16E                                       r  sfo/two_pass_transport/second_resampling/engine/core/stream/arithmetic/real_channel[24].u_real/b1_delay_reg[3][14]_srl4_lopt_merged/CLK
                         clock pessimism              0.000     0.039    
    SLICE_X74Y179        SRL16E (Hold_G5LUT_SLICEM_CLK_D)
                                                      0.039     0.078    sfo/two_pass_transport/second_resampling/engine/core/stream/arithmetic/real_channel[24].u_real/b1_delay_reg[3][14]_srl4_lopt_merged
  -------------------------------------------------------------------
                         required time                         -0.078    
                         arrival time                           0.105    
  -------------------------------------------------------------------
                         slack                                  0.027    

Slack (MET) :             0.027ns  (arrival time - required time)
  Source:                 sfo/two_pass_transport/first_resampling/engine/core/fir15_decimator/q_core/U0/i_synth/g_single_rate.i_single_rate/g_s_data_chan_fifo.i_s_data_chan_fifo/fifo_wr_data_1_reg[30]/C
                            (rising edge-triggered cell FDRE clocked by clk150  {rise@0.000ns fall@3.333ns period=6.667ns})
  Destination:            sfo/two_pass_transport/first_resampling/engine/core/fir15_decimator/q_core/U0/i_synth/g_single_rate.i_single_rate/g_s_data_chan_fifo.i_s_data_chan_fifo/fifo0/fifo_1_reg[15][30]_srl16/D
                            (rising edge-triggered cell SRL16E clocked by clk150  {rise@0.000ns fall@3.333ns period=6.667ns})
  Path Group:             clk150
  Path Type:              Hold (Min at Fast Process Corner)
  Requirement:            0.000ns  (clk150 rise@0.000ns - clk150 rise@0.000ns)
  Data Path Delay:        0.092ns  (logic 0.039ns (42.391%)  route 0.053ns (57.609%))
  Logic Levels:           0  
  Clock Path Skew:        0.026ns (DCD - SCD - CPR)
    Destination Clock Delay (DCD):    0.039ns
    Source Clock Delay      (SCD):    0.013ns
    Clock Pessimism Removal (CPR):    -0.000ns

    Location             Delay type                Incr(ns)  Path(ns)    Netlist Resource(s)
  -------------------------------------------------------------------    -------------------
                         (clock clk150 rise edge)     0.000     0.000 r  
                                                      0.000     0.000 r  clk150 (IN)
                         net (fo=157006, unset)       0.013     0.013    sfo/two_pass_transport/first_resampling/engine/core/fir15_decimator/q_core/U0/i_synth/g_single_rate.i_single_rate/g_s_data_chan_fifo.i_s_data_chan_fifo/aclk
    SLICE_X182Y72        FDRE                                         r  sfo/two_pass_transport/first_resampling/engine/core/fir15_decimator/q_core/U0/i_synth/g_single_rate.i_single_rate/g_s_data_chan_fifo.i_s_data_chan_fifo/fifo_wr_data_1_reg[30]/C
  -------------------------------------------------------------------    -------------------
    SLICE_X182Y72        FDRE (Prop_DFF_SLICEM_C_Q)
                                                      0.039     0.052 r  sfo/two_pass_transport/first_resampling/engine/core/fir15_decimator/q_core/U0/i_synth/g_single_rate.i_single_rate/g_s_data_chan_fifo.i_s_data_chan_fifo/fifo_wr_data_1_reg[30]/Q
                         net (fo=1, routed)           0.053     0.105    sfo/two_pass_transport/first_resampling/engine/core/fir15_decimator/q_core/U0/i_synth/g_single_rate.i_single_rate/g_s_data_chan_fifo.i_s_data_chan_fifo/fifo0/wr_data[30]
    SLICE_X182Y71        SRL16E                                       r  sfo/two_pass_transport/first_resampling/engine/core/fir15_decimator/q_core/U0/i_synth/g_single_rate.i_single_rate/g_s_data_chan_fifo.i_s_data_chan_fifo/fifo0/fifo_1_reg[15][30]_srl16/D
  -------------------------------------------------------------------    -------------------

                         (clock clk150 rise edge)     0.000     0.000 r  
                                                      0.000     0.000 r  clk150 (IN)
                         net (fo=157006, unset)       0.039     0.039    sfo/two_pass_transport/first_resampling/engine/core/fir15_decimator/q_core/U0/i_synth/g_single_rate.i_single_rate/g_s_data_chan_fifo.i_s_data_chan_fifo/fifo0/aclk
    SLICE_X182Y71        SRL16E                                       r  sfo/two_pass_transport/first_resampling/engine/core/fir15_decimator/q_core/U0/i_synth/g_single_rate.i_single_rate/g_s_data_chan_fifo.i_s_data_chan_fifo/fifo0/fifo_1_reg[15][30]_srl16/CLK
                         clock pessimism              0.000     0.039    
    SLICE_X182Y71        SRL16E (Hold_G5LUT_SLICEM_CLK_D)
                                                      0.039     0.078    sfo/two_pass_transport/first_resampling/engine/core/fir15_decimator/q_core/U0/i_synth/g_single_rate.i_single_rate/g_s_data_chan_fifo.i_s_data_chan_fifo/fifo0/fifo_1_reg[15][30]_srl16
  -------------------------------------------------------------------
                         required time                         -0.078    
                         arrival time                           0.105    
  -------------------------------------------------------------------
                         slack                                  0.027    

Slack (MET) :             0.027ns  (arrival time - required time)
  Source:                 sfo/two_pass_transport/first_resampling/engine/core/fir15_interpolator/q_core/U0/i_synth/g_polyphase_interpolation_sym_ssr.i_polyphase_interpolation_sym_ssr/g_s_data_chan_fifo.i_s_data_chan_fifo/fifo_wr_data_1_reg[78]/C
                            (rising edge-triggered cell FDRE clocked by clk150  {rise@0.000ns fall@3.333ns period=6.667ns})
  Destination:            sfo/two_pass_transport/first_resampling/engine/core/fir15_interpolator/q_core/U0/i_synth/g_polyphase_interpolation_sym_ssr.i_polyphase_interpolation_sym_ssr/g_s_data_chan_fifo.i_s_data_chan_fifo/fifo0/fifo_1_reg[15][78]_srl16/D
                            (rising edge-triggered cell SRL16E clocked by clk150  {rise@0.000ns fall@3.333ns period=6.667ns})
  Path Group:             clk150
  Path Type:              Hold (Min at Fast Process Corner)
  Requirement:            0.000ns  (clk150 rise@0.000ns - clk150 rise@0.000ns)
  Data Path Delay:        0.092ns  (logic 0.037ns (40.217%)  route 0.055ns (59.783%))
  Logic Levels:           0  
  Clock Path Skew:        0.026ns (DCD - SCD - CPR)
    Destination Clock Delay (DCD):    0.039ns
    Source Clock Delay      (SCD):    0.013ns
    Clock Pessimism Removal (CPR):    -0.000ns

    Location             Delay type                Incr(ns)  Path(ns)    Netlist Resource(s)
  -------------------------------------------------------------------    -------------------
                         (clock clk150 rise edge)     0.000     0.000 r  
                                                      0.000     0.000 r  clk150 (IN)
                         net (fo=157006, unset)       0.013     0.013    sfo/two_pass_transport/first_resampling/engine/core/fir15_interpolator/q_core/U0/i_synth/g_polyphase_interpolation_sym_ssr.i_polyphase_interpolation_sym_ssr/g_s_data_chan_fifo.i_s_data_chan_fifo/aclk
    SLICE_X126Y99        FDRE                                         r  sfo/two_pass_transport/first_resampling/engine/core/fir15_interpolator/q_core/U0/i_synth/g_polyphase_interpolation_sym_ssr.i_polyphase_interpolation_sym_ssr/g_s_data_chan_fifo.i_s_data_chan_fifo/fifo_wr_data_1_reg[78]/C
  -------------------------------------------------------------------    -------------------
    SLICE_X126Y99        FDRE (Prop_FFF_SLICEM_C_Q)
                                                      0.037     0.050 r  sfo/two_pass_transport/first_resampling/engine/core/fir15_interpolator/q_core/U0/i_synth/g_polyphase_interpolation_sym_ssr.i_polyphase_interpolation_sym_ssr/g_s_data_chan_fifo.i_s_data_chan_fifo/fifo_wr_data_1_reg[78]/Q
                         net (fo=1, routed)           0.055     0.105    sfo/two_pass_transport/first_resampling/engine/core/fir15_interpolator/q_core/U0/i_synth/g_polyphase_interpolation_sym_ssr.i_polyphase_interpolation_sym_ssr/g_s_data_chan_fifo.i_s_data_chan_fifo/fifo0/wr_data[78]
    SLICE_X126Y100       SRL16E                                       r  sfo/two_pass_transport/first_resampling/engine/core/fir15_interpolator/q_core/U0/i_synth/g_polyphase_interpolation_sym_ssr.i_polyphase_interpolation_sym_ssr/g_s_data_chan_fifo.i_s_data_chan_fifo/fifo0/fifo_1_reg[15][78]_srl16/D
  -------------------------------------------------------------------    -------------------

                         (clock clk150 rise edge)     0.000     0.000 r  
                                                      0.000     0.000 r  clk150 (IN)
                         net (fo=157006, unset)       0.039     0.039    sfo/two_pass_transport/first_resampling/engine/core/fir15_interpolator/q_core/U0/i_synth/g_polyphase_interpolation_sym_ssr.i_polyphase_interpolation_sym_ssr/g_s_data_chan_fifo.i_s_data_chan_fifo/fifo0/aclk
    SLICE_X126Y100       SRL16E                                       r  sfo/two_pass_transport/first_resampling/engine/core/fir15_interpolator/q_core/U0/i_synth/g_polyphase_interpolation_sym_ssr.i_polyphase_interpolation_sym_ssr/g_s_data_chan_fifo.i_s_data_chan_fifo/fifo0/fifo_1_reg[15][78]_srl16/CLK
                         clock pessimism              0.000     0.039    
    SLICE_X126Y100       SRL16E (Hold_G5LUT_SLICEM_CLK_D)
                                                      0.039     0.078    sfo/two_pass_transport/first_resampling/engine/core/fir15_interpolator/q_core/U0/i_synth/g_polyphase_interpolation_sym_ssr.i_polyphase_interpolation_sym_ssr/g_s_data_chan_fifo.i_s_data_chan_fifo/fifo0/fifo_1_reg[15][78]_srl16
  -------------------------------------------------------------------
                         required time                         -0.078    
                         arrival time                           0.105    
  -------------------------------------------------------------------
                         slack                                  0.027    

Slack (MET) :             0.027ns  (arrival time - required time)
  Source:                 sfo/two_pass_transport/first_resampling/engine/core/fir47_decimator/i_core/U0/i_synth/g_single_rate.i_single_rate/g_parallel.g_paths[0].g_symmetric.g_data_array.g_data[7].i_data_casc_dly/gen_dly.gen_shiftreg.gen_rtl_delay.delay_bus_reg[15][9]/C
                            (rising edge-triggered cell FDRE clocked by clk150  {rise@0.000ns fall@3.333ns period=6.667ns})
  Destination:            sfo/two_pass_transport/first_resampling/engine/core/fir47_decimator/i_core/U0/i_synth/g_single_rate.i_single_rate/g_parallel.g_paths[0].g_symmetric.g_data_array.g_data[5].i_data_casc_dly/gen_dly.gen_shiftreg.gen_rtl_delay.delay_bus_reg[16][9]_srl1/D
                            (rising edge-triggered cell SRL16E clocked by clk150  {rise@0.000ns fall@3.333ns period=6.667ns})
  Path Group:             clk150
  Path Type:              Hold (Min at Fast Process Corner)
  Requirement:            0.000ns  (clk150 rise@0.000ns - clk150 rise@0.000ns)
  Data Path Delay:        0.098ns  (logic 0.040ns (40.816%)  route 0.058ns (59.184%))
  Logic Levels:           0  
  Clock Path Skew:        0.026ns (DCD - SCD - CPR)
    Destination Clock Delay (DCD):    0.039ns
    Source Clock Delay      (SCD):    0.013ns
    Clock Pessimism Removal (CPR):    -0.000ns

    Location             Delay type                Incr(ns)  Path(ns)    Netlist Resource(s)
  -------------------------------------------------------------------    -------------------
                         (clock clk150 rise edge)     0.000     0.000 r  
                                                      0.000     0.000 r  clk150 (IN)
                         net (fo=157006, unset)       0.013     0.013    sfo/two_pass_transport/first_resampling/engine/core/fir47_decimator/i_core/U0/i_synth/g_single_rate.i_single_rate/g_parallel.g_paths[0].g_symmetric.g_data_array.g_data[7].i_data_casc_dly/aclk
    SLICE_X186Y220       FDRE                                         r  sfo/two_pass_transport/first_resampling/engine/core/fir47_decimator/i_core/U0/i_synth/g_single_rate.i_single_rate/g_parallel.g_paths[0].g_symmetric.g_data_array.g_data[7].i_data_casc_dly/gen_dly.gen_shiftreg.gen_rtl_delay.delay_bus_reg[15][9]/C
  -------------------------------------------------------------------    -------------------
    SLICE_X186Y220       FDRE (Prop_BFF2_SLICEM_C_Q)
                                                      0.040     0.053 r  sfo/two_pass_transport/first_resampling/engine/core/fir47_decimator/i_core/U0/i_synth/g_single_rate.i_single_rate/g_parallel.g_paths[0].g_symmetric.g_data_array.g_data[7].i_data_casc_dly/gen_dly.gen_shiftreg.gen_rtl_delay.delay_bus_reg[15][9]/Q
                         net (fo=2, routed)           0.058     0.111    sfo/two_pass_transport/first_resampling/engine/core/fir47_decimator/i_core/U0/i_synth/g_single_rate.i_single_rate/g_parallel.g_paths[0].g_symmetric.g_data_array.g_data[5].i_data_casc_dly/D[9]
    SLICE_X186Y221       SRL16E                                       r  sfo/two_pass_transport/first_resampling/engine/core/fir47_decimator/i_core/U0/i_synth/g_single_rate.i_single_rate/g_parallel.g_paths[0].g_symmetric.g_data_array.g_data[5].i_data_casc_dly/gen_dly.gen_shiftreg.gen_rtl_delay.delay_bus_reg[16][9]_srl1/D
  -------------------------------------------------------------------    -------------------

                         (clock clk150 rise edge)     0.000     0.000 r  
                                                      0.000     0.000 r  clk150 (IN)
                         net (fo=157006, unset)       0.039     0.039    sfo/two_pass_transport/first_resampling/engine/core/fir47_decimator/i_core/U0/i_synth/g_single_rate.i_single_rate/g_parallel.g_paths[0].g_symmetric.g_data_array.g_data[5].i_data_casc_dly/aclk
    SLICE_X186Y221       SRL16E                                       r  sfo/two_pass_transport/first_resampling/engine/core/fir47_decimator/i_core/U0/i_synth/g_single_rate.i_single_rate/g_parallel.g_paths[0].g_symmetric.g_data_array.g_data[5].i_data_casc_dly/gen_dly.gen_shiftreg.gen_rtl_delay.delay_bus_reg[16][9]_srl1/CLK
                         clock pessimism              0.000     0.039    
    SLICE_X186Y221       SRL16E (Hold_B5LUT_SLICEM_CLK_D)
                                                      0.045     0.084    sfo/two_pass_transport/first_resampling/engine/core/fir47_decimator/i_core/U0/i_synth/g_single_rate.i_single_rate/g_parallel.g_paths[0].g_symmetric.g_data_array.g_data[5].i_data_casc_dly/gen_dly.gen_shiftreg.gen_rtl_delay.delay_bus_reg[16][9]_srl1
  -------------------------------------------------------------------
                         required time                         -0.084    
                         arrival time                           0.111    
  -------------------------------------------------------------------
                         slack                                  0.027    

Slack (MET) :             0.028ns  (arrival time - required time)
  Source:                 sfo/two_pass_transport/first_resampling/engine/core/fir15_decimator/i_core/U0/i_synth/g_single_rate.i_single_rate/g_parallel.i_data_in/gen_reg.d_reg_reg[169]/C
                            (rising edge-triggered cell FDRE clocked by clk150  {rise@0.000ns fall@3.333ns period=6.667ns})
  Destination:            sfo/two_pass_transport/first_resampling/engine/core/fir15_decimator/i_core/U0/i_synth/g_single_rate.i_single_rate/g_parallel.g_paths[10].g_symmetric.g_data_array.g_data[5].i_data_casc_dly/gen_dly.gen_shiftreg.gen_rtl_delay.delay_bus_reg[0][9]_srl1/D
                            (rising edge-triggered cell SRL16E clocked by clk150  {rise@0.000ns fall@3.333ns period=6.667ns})
  Path Group:             clk150
  Path Type:              Hold (Min at Fast Process Corner)
  Requirement:            0.000ns  (clk150 rise@0.000ns - clk150 rise@0.000ns)
  Data Path Delay:        0.099ns  (logic 0.039ns (39.394%)  route 0.060ns (60.606%))
  Logic Levels:           0  
  Clock Path Skew:        0.026ns (DCD - SCD - CPR)
    Destination Clock Delay (DCD):    0.039ns
    Source Clock Delay      (SCD):    0.013ns
    Clock Pessimism Removal (CPR):    -0.000ns

    Location             Delay type                Incr(ns)  Path(ns)    Netlist Resource(s)
  -------------------------------------------------------------------    -------------------
                         (clock clk150 rise edge)     0.000     0.000 r  
                                                      0.000     0.000 r  clk150 (IN)
                         net (fo=157006, unset)       0.013     0.013    sfo/two_pass_transport/first_resampling/engine/core/fir15_decimator/i_core/U0/i_synth/g_single_rate.i_single_rate/g_parallel.i_data_in/aclk
    SLICE_X210Y141       FDRE                                         r  sfo/two_pass_transport/first_resampling/engine/core/fir15_decimator/i_core/U0/i_synth/g_single_rate.i_single_rate/g_parallel.i_data_in/gen_reg.d_reg_reg[169]/C
  -------------------------------------------------------------------    -------------------
    SLICE_X210Y141       FDRE (Prop_GFF2_SLICEM_C_Q)
                                                      0.039     0.052 r  sfo/two_pass_transport/first_resampling/engine/core/fir15_decimator/i_core/U0/i_synth/g_single_rate.i_single_rate/g_parallel.i_data_in/gen_reg.d_reg_reg[169]/Q
                         net (fo=2, routed)           0.060     0.112    sfo/two_pass_transport/first_resampling/engine/core/fir15_decimator/i_core/U0/i_synth/g_single_rate.i_single_rate/g_parallel.g_paths[10].g_symmetric.g_data_array.g_data[5].i_data_casc_dly/D[9]
    SLICE_X210Y140       SRL16E                                       r  sfo/two_pass_transport/first_resampling/engine/core/fir15_decimator/i_core/U0/i_synth/g_single_rate.i_single_rate/g_parallel.g_paths[10].g_symmetric.g_data_array.g_data[5].i_data_casc_dly/gen_dly.gen_shiftreg.gen_rtl_delay.delay_bus_reg[0][9]_srl1/D
  -------------------------------------------------------------------    -------------------

                         (clock clk150 rise edge)     0.000     0.000 r  
                                                      0.000     0.000 r  clk150 (IN)
                         net (fo=157006, unset)       0.039     0.039    sfo/two_pass_transport/first_resampling/engine/core/fir15_decimator/i_core/U0/i_synth/g_single_rate.i_single_rate/g_parallel.g_paths[10].g_symmetric.g_data_array.g_data[5].i_data_casc_dly/aclk
    SLICE_X210Y140       SRL16E                                       r  sfo/two_pass_transport/first_resampling/engine/core/fir15_decimator/i_core/U0/i_synth/g_single_rate.i_single_rate/g_parallel.g_paths[10].g_symmetric.g_data_array.g_data[5].i_data_casc_dly/gen_dly.gen_shiftreg.gen_rtl_delay.delay_bus_reg[0][9]_srl1/CLK
                         clock pessimism              0.000     0.039    
    SLICE_X210Y140       SRL16E (Hold_B5LUT_SLICEM_CLK_D)
                                                      0.045     0.084    sfo/two_pass_transport/first_resampling/engine/core/fir15_decimator/i_core/U0/i_synth/g_single_rate.i_single_rate/g_parallel.g_paths[10].g_symmetric.g_data_array.g_data[5].i_data_casc_dly/gen_dly.gen_shiftreg.gen_rtl_delay.delay_bus_reg[0][9]_srl1
  -------------------------------------------------------------------
                         required time                         -0.084    
                         arrival time                           0.112    
  -------------------------------------------------------------------
                         slack                                  0.028    





Pulse Width Checks
--------------------------------------------------------------------------------------
Clock Name:         clk150
Waveform(ns):       { 0.000 3.333 }
Period(ns):         6.667
Sources:            { clk150 }

Check Type        Corner  Lib Pin      Reference Pin  Required(ns)  Actual(ns)  Slack(ns)  Location        Pin
Min Period        n/a     URAM288/CLK  n/a            2.000         6.667       4.667      URAM288_X1Y64   cfo/coarse_banks[0].memory/u_frame_memory/xpm_memory_base_inst/gen_wr_a.gen_word_narrow.mem_reg_uram_0/CLK
Min Period        n/a     URAM288/CLK  n/a            2.000         6.667       4.667      URAM288_X1Y65   cfo/coarse_banks[0].memory/u_frame_memory/xpm_memory_base_inst/gen_wr_a.gen_word_narrow.mem_reg_uram_1/CLK
Min Period        n/a     URAM288/CLK  n/a            2.000         6.667       4.667      URAM288_X0Y82   cfo/coarse_banks[0].memory/u_frame_memory/xpm_memory_base_inst/gen_wr_a.gen_word_narrow.mem_reg_uram_10/CLK
Min Period        n/a     URAM288/CLK  n/a            2.000         6.667       4.667      URAM288_X0Y114  cfo/coarse_banks[0].memory/u_frame_memory/xpm_memory_base_inst/gen_wr_a.gen_word_narrow.mem_reg_uram_100/CLK
Min Period        n/a     URAM288/CLK  n/a            2.000         6.667       4.667      URAM288_X0Y115  cfo/coarse_banks[0].memory/u_frame_memory/xpm_memory_base_inst/gen_wr_a.gen_word_narrow.mem_reg_uram_101/CLK
Min Period        n/a     URAM288/CLK  n/a            2.000         6.667       4.667      URAM288_X0Y116  cfo/coarse_banks[0].memory/u_frame_memory/xpm_memory_base_inst/gen_wr_a.gen_word_narrow.mem_reg_uram_102/CLK
Min Period        n/a     URAM288/CLK  n/a            2.000         6.667       4.667      URAM288_X0Y117  cfo/coarse_banks[0].memory/u_frame_memory/xpm_memory_base_inst/gen_wr_a.gen_word_narrow.mem_reg_uram_103/CLK
Min Period        n/a     URAM288/CLK  n/a            2.000         6.667       4.667      URAM288_X0Y118  cfo/coarse_banks[0].memory/u_frame_memory/xpm_memory_base_inst/gen_wr_a.gen_word_narrow.mem_reg_uram_104/CLK
Min Period        n/a     URAM288/CLK  n/a            2.000         6.667       4.667      URAM288_X0Y119  cfo/coarse_banks[0].memory/u_frame_memory/xpm_memory_base_inst/gen_wr_a.gen_word_narrow.mem_reg_uram_105/CLK
Min Period        n/a     URAM288/CLK  n/a            2.000         6.667       4.667      URAM288_X1Y120  cfo/coarse_banks[0].memory/u_frame_memory/xpm_memory_base_inst/gen_wr_a.gen_word_narrow.mem_reg_uram_106/CLK
Low Pulse Width   Slow    URAM288/CLK  n/a            0.700         3.333       2.633      URAM288_X1Y64   cfo/coarse_banks[0].memory/u_frame_memory/xpm_memory_base_inst/gen_wr_a.gen_word_narrow.mem_reg_uram_0/CLK
Low Pulse Width   Fast    URAM288/CLK  n/a            0.700         3.334       2.634      URAM288_X1Y64   cfo/coarse_banks[0].memory/u_frame_memory/xpm_memory_base_inst/gen_wr_a.gen_word_narrow.mem_reg_uram_0/CLK
Low Pulse Width   Slow    URAM288/CLK  n/a            0.700         3.333       2.633      URAM288_X1Y65   cfo/coarse_banks[0].memory/u_frame_memory/xpm_memory_base_inst/gen_wr_a.gen_word_narrow.mem_reg_uram_1/CLK
Low Pulse Width   Fast    URAM288/CLK  n/a            0.700         3.334       2.634      URAM288_X1Y65   cfo/coarse_banks[0].memory/u_frame_memory/xpm_memory_base_inst/gen_wr_a.gen_word_narrow.mem_reg_uram_1/CLK
Low Pulse Width   Slow    URAM288/CLK  n/a            0.700         3.333       2.633      URAM288_X0Y82   cfo/coarse_banks[0].memory/u_frame_memory/xpm_memory_base_inst/gen_wr_a.gen_word_narrow.mem_reg_uram_10/CLK
Low Pulse Width   Fast    URAM288/CLK  n/a            0.700         3.334       2.634      URAM288_X0Y82   cfo/coarse_banks[0].memory/u_frame_memory/xpm_memory_base_inst/gen_wr_a.gen_word_narrow.mem_reg_uram_10/CLK
Low Pulse Width   Slow    URAM288/CLK  n/a            0.700         3.333       2.633      URAM288_X0Y114  cfo/coarse_banks[0].memory/u_frame_memory/xpm_memory_base_inst/gen_wr_a.gen_word_narrow.mem_reg_uram_100/CLK
Low Pulse Width   Fast    URAM288/CLK  n/a            0.700         3.334       2.634      URAM288_X0Y114  cfo/coarse_banks[0].memory/u_frame_memory/xpm_memory_base_inst/gen_wr_a.gen_word_narrow.mem_reg_uram_100/CLK
Low Pulse Width   Slow    URAM288/CLK  n/a            0.700         3.333       2.633      URAM288_X0Y115  cfo/coarse_banks[0].memory/u_frame_memory/xpm_memory_base_inst/gen_wr_a.gen_word_narrow.mem_reg_uram_101/CLK
Low Pulse Width   Fast    URAM288/CLK  n/a            0.700         3.334       2.634      URAM288_X0Y115  cfo/coarse_banks[0].memory/u_frame_memory/xpm_memory_base_inst/gen_wr_a.gen_word_narrow.mem_reg_uram_101/CLK
High Pulse Width  Slow    URAM288/CLK  n/a            0.700         3.333       2.633      URAM288_X1Y64   cfo/coarse_banks[0].memory/u_frame_memory/xpm_memory_base_inst/gen_wr_a.gen_word_narrow.mem_reg_uram_0/CLK
High Pulse Width  Fast    URAM288/CLK  n/a            0.700         3.333       2.633      URAM288_X1Y64   cfo/coarse_banks[0].memory/u_frame_memory/xpm_memory_base_inst/gen_wr_a.gen_word_narrow.mem_reg_uram_0/CLK
High Pulse Width  Slow    URAM288/CLK  n/a            0.700         3.333       2.633      URAM288_X1Y65   cfo/coarse_banks[0].memory/u_frame_memory/xpm_memory_base_inst/gen_wr_a.gen_word_narrow.mem_reg_uram_1/CLK
High Pulse Width  Fast    URAM288/CLK  n/a            0.700         3.333       2.633      URAM288_X1Y65   cfo/coarse_banks[0].memory/u_frame_memory/xpm_memory_base_inst/gen_wr_a.gen_word_narrow.mem_reg_uram_1/CLK
High Pulse Width  Slow    URAM288/CLK  n/a            0.700         3.333       2.633      URAM288_X0Y82   cfo/coarse_banks[0].memory/u_frame_memory/xpm_memory_base_inst/gen_wr_a.gen_word_narrow.mem_reg_uram_10/CLK
High Pulse Width  Fast    URAM288/CLK  n/a            0.700         3.333       2.633      URAM288_X0Y82   cfo/coarse_banks[0].memory/u_frame_memory/xpm_memory_base_inst/gen_wr_a.gen_word_narrow.mem_reg_uram_10/CLK
High Pulse Width  Slow    URAM288/CLK  n/a            0.700         3.333       2.633      URAM288_X0Y114  cfo/coarse_banks[0].memory/u_frame_memory/xpm_memory_base_inst/gen_wr_a.gen_word_narrow.mem_reg_uram_100/CLK
High Pulse Width  Fast    URAM288/CLK  n/a            0.700         3.333       2.633      URAM288_X0Y114  cfo/coarse_banks[0].memory/u_frame_memory/xpm_memory_base_inst/gen_wr_a.gen_word_narrow.mem_reg_uram_100/CLK
High Pulse Width  Slow    URAM288/CLK  n/a            0.700         3.333       2.633      URAM288_X0Y115  cfo/coarse_banks[0].memory/u_frame_memory/xpm_memory_base_inst/gen_wr_a.gen_word_narrow.mem_reg_uram_101/CLK
High Pulse Width  Fast    URAM288/CLK  n/a            0.700         3.333       2.633      URAM288_X0Y115  cfo/coarse_banks[0].memory/u_frame_memory/xpm_memory_base_inst/gen_wr_a.gen_word_narrow.mem_reg_uram_101/CLK



---------------------------------------------------------------------------------------------------
From Clock:  clk500
  To Clock:  clk500

Setup :            1  Failing Endpoint ,  Worst Slack       -0.057ns,  Total Violation       -0.057ns
Hold  :            0  Failing Endpoints,  Worst Slack        0.028ns,  Total Violation        0.000ns
PW    :            0  Failing Endpoints,  Worst Slack        0.431ns,  Total Violation        0.000ns
---------------------------------------------------------------------------------------------------


Max Delay Paths
--------------------------------------------------------------------------------------
Slack (VIOLATED) :        -0.057ns  (required time - arrival time)
  Source:                 cfo/observation_front/coefficient_address_reg_0_0_i_6_psdsp/C
                            (rising edge-triggered cell FDRE clocked by clk500  {rise@0.000ns fall@1.000ns period=2.000ns})
  Destination:            cfo/observation_front/coefficient_address_reg_1_0/ENARDEN
                            (rising edge-triggered cell RAMB36E2 clocked by clk500  {rise@0.000ns fall@1.000ns period=2.000ns})
  Path Group:             clk500
  Path Type:              Setup (Max at Slow Process Corner)
  Requirement:            2.000ns  (clk500 rise@2.000ns - clk500 rise@0.000ns)
  Data Path Delay:        1.689ns  (logic 0.285ns (16.874%)  route 1.404ns (83.126%))
  Logic Levels:           2  (CARRY8=2)
  Clock Path Skew:        0.009ns (DCD - SCD + CPR)
    Destination Clock Delay (DCD):    0.039ns = ( 2.039 - 2.000 ) 
    Source Clock Delay      (SCD):    0.030ns
    Clock Pessimism Removal (CPR):    0.000ns
  Clock Uncertainty:      0.035ns  ((TSJ^2 + TIJ^2)^1/2 + DJ) / 2 + PE
    Total System Jitter     (TSJ):    0.071ns
    Total Input Jitter      (TIJ):    0.000ns
    Discrete Jitter          (DJ):    0.000ns
    Phase Error              (PE):    0.000ns

    Location             Delay type                Incr(ns)  Path(ns)    Netlist Resource(s)
  -------------------------------------------------------------------    -------------------
                         (clock clk500 rise edge)     0.000     0.000 r  
                                                      0.000     0.000 r  clk500 (IN)
                         net (fo=27266, unset)        0.030     0.030    cfo/observation_front/clk
    SLICE_X141Y116       FDRE                                         r  cfo/observation_front/coefficient_address_reg_0_0_i_6_psdsp/C
  -------------------------------------------------------------------    -------------------
    SLICE_X141Y116       FDRE (Prop_EFF_SLICEM_C_Q)
                                                      0.076     0.106 r  cfo/observation_front/coefficient_address_reg_0_0_i_6_psdsp/Q
                         net (fo=2, routed)           0.353     0.459    cfo/observation_front/index_base_reg_n_101
    SLICE_X141Y116       CARRY8 (Prop_CARRY8_SLICEM_DI[4]_CO[7])
                                                      0.093     0.552 r  cfo/observation_front/coefficient_address_reg_0_0_i_2/CO[7]
                         net (fo=1, routed)           0.026     0.578    cfo/observation_front/coefficient_address_reg_0_0_i_2_n_0
    SLICE_X141Y117       CARRY8 (Prop_CARRY8_SLICEM_CI_O[7])
                                                      0.116     0.694 r  cfo/observation_front/coefficient_address_reg_mux_sel_i_1/O[7]
                         net (fo=7, routed)           1.025     1.719    cfo/observation_front/coefficient_address_reg_mux_sel_i_1_n_8
    RAMB36_X8Y30         RAMB36E2                                     r  cfo/observation_front/coefficient_address_reg_1_0/ENARDEN
  -------------------------------------------------------------------    -------------------

                         (clock clk500 rise edge)     2.000     2.000 r  
                                                      0.000     2.000 r  clk500 (IN)
                         net (fo=27266, unset)        0.039     2.039    cfo/observation_front/clk
    RAMB36_X8Y30         RAMB36E2                                     r  cfo/observation_front/coefficient_address_reg_1_0/CLKARDCLK
                         clock pessimism              0.000     2.039    
                         clock uncertainty           -0.035     2.004    
    RAMB36_X8Y30         RAMB36E2 (Setup_RAMB36E2_RAMB36_CLKARDCLK_ENARDEN)
                                                     -0.342     1.662    cfo/observation_front/coefficient_address_reg_1_0
  -------------------------------------------------------------------
                         required time                          1.662    
                         arrival time                          -1.719    
  -------------------------------------------------------------------
                         slack                                 -0.057    

Slack (MET) :             0.011ns  (required time - arrival time)
  Source:                 cfo/observation_front/m_generation_reg[12]/C
                            (rising edge-triggered cell FDRE clocked by clk500  {rise@0.000ns fall@1.000ns period=2.000ns})
  Destination:            cfo/estimator/expected_window_reg[4]/CE
                            (rising edge-triggered cell FDCE clocked by clk500  {rise@0.000ns fall@1.000ns period=2.000ns})
  Path Group:             clk500
  Path Type:              Setup (Max at Slow Process Corner)
  Requirement:            2.000ns  (clk500 rise@2.000ns - clk500 rise@0.000ns)
  Data Path Delay:        1.886ns  (logic 0.605ns (32.078%)  route 1.281ns (67.922%))
  Logic Levels:           6  (CARRY8=2 LUT5=3 LUT6=1)
  Clock Path Skew:        -0.007ns (DCD - SCD + CPR)
    Destination Clock Delay (DCD):    0.021ns = ( 2.021 - 2.000 ) 
    Source Clock Delay      (SCD):    0.028ns
    Clock Pessimism Removal (CPR):    0.000ns
  Clock Uncertainty:      0.035ns  ((TSJ^2 + TIJ^2)^1/2 + DJ) / 2 + PE
    Total System Jitter     (TSJ):    0.071ns
    Total Input Jitter      (TIJ):    0.000ns
    Discrete Jitter          (DJ):    0.000ns
    Phase Error              (PE):    0.000ns

    Location             Delay type                Incr(ns)  Path(ns)    Netlist Resource(s)
  -------------------------------------------------------------------    -------------------
                         (clock clk500 rise edge)     0.000     0.000 r  
                                                      0.000     0.000 r  clk500 (IN)
                         net (fo=27266, unset)        0.028     0.028    cfo/observation_front/clk
    SLICE_X131Y171       FDRE                                         r  cfo/observation_front/m_generation_reg[12]/C
  -------------------------------------------------------------------    -------------------
    SLICE_X131Y171       FDRE (Prop_AFF_SLICEL_C_Q)
                                                      0.079     0.107 r  cfo/observation_front/m_generation_reg[12]/Q
                         net (fo=2, routed)           0.313     0.420    cfo/estimator/s_generation[12]
    SLICE_X130Y170       LUT6 (Prop_E6LUT_SLICEL_I0_O)
                                                      0.123     0.543 r  cfo/estimator/mailbox_data[6]_i_54/O
                         net (fo=1, routed)           0.007     0.550    cfo/estimator/mailbox_data[6]_i_54_n_0
    SLICE_X130Y170       CARRY8 (Prop_CARRY8_SLICEL_S[4]_CO[7])
                                                      0.153     0.703 f  cfo/estimator/mailbox_data_reg[6]_i_38/CO[7]
                         net (fo=1, routed)           0.026     0.729    cfo/estimator/mailbox_data_reg[6]_i_38_n_0
    SLICE_X130Y171       CARRY8 (Prop_CARRY8_SLICEL_CI_CO[2])
                                                      0.057     0.786 f  cfo/estimator/mailbox_data_reg[6]_i_18/CO[2]
                         net (fo=2, routed)           0.477     1.263    cfo/estimator/input_link_error3
    SLICE_X124Y165       LUT5 (Prop_F6LUT_SLICEM_I1_O)
                                                      0.051     1.314 f  cfo/estimator/mailbox_data[4]_i_2/O
                         net (fo=2, routed)           0.090     1.404    cfo/estimator/mailbox_data[4]_i_2_n_0
    SLICE_X124Y164       LUT5 (Prop_G6LUT_SLICEM_I3_O)
                                                      0.052     1.456 f  cfo/estimator/expected_window[6]_i_4/O
                         net (fo=9, routed)           0.094     1.550    cfo/estimator/closed_fast0
    SLICE_X124Y165       LUT5 (Prop_G6LUT_SLICEM_I3_O)
                                                      0.090     1.640 r  cfo/estimator/expected_window[6]_i_1/O
                         net (fo=7, routed)           0.274     1.914    cfo/estimator/expected_window[6]_i_1_n_0
    SLICE_X124Y166       FDCE                                         r  cfo/estimator/expected_window_reg[4]/CE
  -------------------------------------------------------------------    -------------------

                         (clock clk500 rise edge)     2.000     2.000 r  
                                                      0.000     2.000 r  clk500 (IN)
                         net (fo=27266, unset)        0.021     2.021    cfo/estimator/clk_fast
    SLICE_X124Y166       FDCE                                         r  cfo/estimator/expected_window_reg[4]/C
                         clock pessimism              0.000     2.021    
                         clock uncertainty           -0.035     1.986    
    SLICE_X124Y166       FDCE (Setup_HFF_SLICEM_C_CE)
                                                     -0.061     1.925    cfo/estimator/expected_window_reg[4]
  -------------------------------------------------------------------
                         required time                          1.925    
                         arrival time                          -1.914    
  -------------------------------------------------------------------
                         slack                                  0.011    

Slack (MET) :             0.011ns  (required time - arrival time)
  Source:                 cfo/observation_front/m_generation_reg[12]/C
                            (rising edge-triggered cell FDRE clocked by clk500  {rise@0.000ns fall@1.000ns period=2.000ns})
  Destination:            cfo/estimator/expected_window_reg[5]/CE
                            (rising edge-triggered cell FDCE clocked by clk500  {rise@0.000ns fall@1.000ns period=2.000ns})
  Path Group:             clk500
  Path Type:              Setup (Max at Slow Process Corner)
  Requirement:            2.000ns  (clk500 rise@2.000ns - clk500 rise@0.000ns)
  Data Path Delay:        1.886ns  (logic 0.605ns (32.078%)  route 1.281ns (67.922%))
  Logic Levels:           6  (CARRY8=2 LUT5=3 LUT6=1)
  Clock Path Skew:        -0.007ns (DCD - SCD + CPR)
    Destination Clock Delay (DCD):    0.021ns = ( 2.021 - 2.000 ) 
    Source Clock Delay      (SCD):    0.028ns
    Clock Pessimism Removal (CPR):    0.000ns
  Clock Uncertainty:      0.035ns  ((TSJ^2 + TIJ^2)^1/2 + DJ) / 2 + PE
    Total System Jitter     (TSJ):    0.071ns
    Total Input Jitter      (TIJ):    0.000ns
    Discrete Jitter          (DJ):    0.000ns
    Phase Error              (PE):    0.000ns

    Location             Delay type                Incr(ns)  Path(ns)    Netlist Resource(s)
  -------------------------------------------------------------------    -------------------
                         (clock clk500 rise edge)     0.000     0.000 r  
                                                      0.000     0.000 r  clk500 (IN)
                         net (fo=27266, unset)        0.028     0.028    cfo/observation_front/clk
    SLICE_X131Y171       FDRE                                         r  cfo/observation_front/m_generation_reg[12]/C
  -------------------------------------------------------------------    -------------------
    SLICE_X131Y171       FDRE (Prop_AFF_SLICEL_C_Q)
                                                      0.079     0.107 r  cfo/observation_front/m_generation_reg[12]/Q
                         net (fo=2, routed)           0.313     0.420    cfo/estimator/s_generation[12]
    SLICE_X130Y170       LUT6 (Prop_E6LUT_SLICEL_I0_O)
                                                      0.123     0.543 r  cfo/estimator/mailbox_data[6]_i_54/O
                         net (fo=1, routed)           0.007     0.550    cfo/estimator/mailbox_data[6]_i_54_n_0
    SLICE_X130Y170       CARRY8 (Prop_CARRY8_SLICEL_S[4]_CO[7])
                                                      0.153     0.703 f  cfo/estimator/mailbox_data_reg[6]_i_38/CO[7]
                         net (fo=1, routed)           0.026     0.729    cfo/estimator/mailbox_data_reg[6]_i_38_n_0
    SLICE_X130Y171       CARRY8 (Prop_CARRY8_SLICEL_CI_CO[2])
                                                      0.057     0.786 f  cfo/estimator/mailbox_data_reg[6]_i_18/CO[2]
                         net (fo=2, routed)           0.477     1.263    cfo/estimator/input_link_error3
    SLICE_X124Y165       LUT5 (Prop_F6LUT_SLICEM_I1_O)
                                                      0.051     1.314 f  cfo/estimator/mailbox_data[4]_i_2/O
                         net (fo=2, routed)           0.090     1.404    cfo/estimator/mailbox_data[4]_i_2_n_0
    SLICE_X124Y164       LUT5 (Prop_G6LUT_SLICEM_I3_O)
                                                      0.052     1.456 f  cfo/estimator/expected_window[6]_i_4/O
                         net (fo=9, routed)           0.094     1.550    cfo/estimator/closed_fast0
    SLICE_X124Y165       LUT5 (Prop_G6LUT_SLICEM_I3_O)
                                                      0.090     1.640 r  cfo/estimator/expected_window[6]_i_1/O
                         net (fo=7, routed)           0.274     1.914    cfo/estimator/expected_window[6]_i_1_n_0
    SLICE_X124Y166       FDCE                                         r  cfo/estimator/expected_window_reg[5]/CE
  -------------------------------------------------------------------    -------------------

                         (clock clk500 rise edge)     2.000     2.000 r  
                                                      0.000     2.000 r  clk500 (IN)
                         net (fo=27266, unset)        0.021     2.021    cfo/estimator/clk_fast
    SLICE_X124Y166       FDCE                                         r  cfo/estimator/expected_window_reg[5]/C
                         clock pessimism              0.000     2.021    
                         clock uncertainty           -0.035     1.986    
    SLICE_X124Y166       FDCE (Setup_FFF_SLICEM_C_CE)
                                                     -0.061     1.925    cfo/estimator/expected_window_reg[5]
  -------------------------------------------------------------------
                         required time                          1.925    
                         arrival time                          -1.914    
  -------------------------------------------------------------------
                         slack                                  0.011    

Slack (MET) :             0.011ns  (required time - arrival time)
  Source:                 cfo/observation_front/m_generation_reg[12]/C
                            (rising edge-triggered cell FDRE clocked by clk500  {rise@0.000ns fall@1.000ns period=2.000ns})
  Destination:            cfo/estimator/expected_window_reg[6]/CE
                            (rising edge-triggered cell FDCE clocked by clk500  {rise@0.000ns fall@1.000ns period=2.000ns})
  Path Group:             clk500
  Path Type:              Setup (Max at Slow Process Corner)
  Requirement:            2.000ns  (clk500 rise@2.000ns - clk500 rise@0.000ns)
  Data Path Delay:        1.886ns  (logic 0.605ns (32.078%)  route 1.281ns (67.922%))
  Logic Levels:           6  (CARRY8=2 LUT5=3 LUT6=1)
  Clock Path Skew:        -0.007ns (DCD - SCD + CPR)
    Destination Clock Delay (DCD):    0.021ns = ( 2.021 - 2.000 ) 
    Source Clock Delay      (SCD):    0.028ns
    Clock Pessimism Removal (CPR):    0.000ns
  Clock Uncertainty:      0.035ns  ((TSJ^2 + TIJ^2)^1/2 + DJ) / 2 + PE
    Total System Jitter     (TSJ):    0.071ns
    Total Input Jitter      (TIJ):    0.000ns
    Discrete Jitter          (DJ):    0.000ns
    Phase Error              (PE):    0.000ns

    Location             Delay type                Incr(ns)  Path(ns)    Netlist Resource(s)
  -------------------------------------------------------------------    -------------------
                         (clock clk500 rise edge)     0.000     0.000 r  
                                                      0.000     0.000 r  clk500 (IN)
                         net (fo=27266, unset)        0.028     0.028    cfo/observation_front/clk
    SLICE_X131Y171       FDRE                                         r  cfo/observation_front/m_generation_reg[12]/C
  -------------------------------------------------------------------    -------------------
    SLICE_X131Y171       FDRE (Prop_AFF_SLICEL_C_Q)
                                                      0.079     0.107 r  cfo/observation_front/m_generation_reg[12]/Q
                         net (fo=2, routed)           0.313     0.420    cfo/estimator/s_generation[12]
    SLICE_X130Y170       LUT6 (Prop_E6LUT_SLICEL_I0_O)
                                                      0.123     0.543 r  cfo/estimator/mailbox_data[6]_i_54/O
                         net (fo=1, routed)           0.007     0.550    cfo/estimator/mailbox_data[6]_i_54_n_0
    SLICE_X130Y170       CARRY8 (Prop_CARRY8_SLICEL_S[4]_CO[7])
                                                      0.153     0.703 f  cfo/estimator/mailbox_data_reg[6]_i_38/CO[7]
                         net (fo=1, routed)           0.026     0.729    cfo/estimator/mailbox_data_reg[6]_i_38_n_0
    SLICE_X130Y171       CARRY8 (Prop_CARRY8_SLICEL_CI_CO[2])
                                                      0.057     0.786 f  cfo/estimator/mailbox_data_reg[6]_i_18/CO[2]
                         net (fo=2, routed)           0.477     1.263    cfo/estimator/input_link_error3
    SLICE_X124Y165       LUT5 (Prop_F6LUT_SLICEM_I1_O)
                                                      0.051     1.314 f  cfo/estimator/mailbox_data[4]_i_2/O
                         net (fo=2, routed)           0.090     1.404    cfo/estimator/mailbox_data[4]_i_2_n_0
    SLICE_X124Y164       LUT5 (Prop_G6LUT_SLICEM_I3_O)
                                                      0.052     1.456 f  cfo/estimator/expected_window[6]_i_4/O
                         net (fo=9, routed)           0.094     1.550    cfo/estimator/closed_fast0
    SLICE_X124Y165       LUT5 (Prop_G6LUT_SLICEM_I3_O)
                                                      0.090     1.640 r  cfo/estimator/expected_window[6]_i_1/O
                         net (fo=7, routed)           0.274     1.914    cfo/estimator/expected_window[6]_i_1_n_0
    SLICE_X124Y166       FDCE                                         r  cfo/estimator/expected_window_reg[6]/CE
  -------------------------------------------------------------------    -------------------

                         (clock clk500 rise edge)     2.000     2.000 r  
                                                      0.000     2.000 r  clk500 (IN)
                         net (fo=27266, unset)        0.021     2.021    cfo/estimator/clk_fast
    SLICE_X124Y166       FDCE                                         r  cfo/estimator/expected_window_reg[6]/C
                         clock pessimism              0.000     2.021    
                         clock uncertainty           -0.035     1.986    
    SLICE_X124Y166       FDCE (Setup_EFF_SLICEM_C_CE)
                                                     -0.061     1.925    cfo/estimator/expected_window_reg[6]
  -------------------------------------------------------------------
                         required time                          1.925    
                         arrival time                          -1.914    
  -------------------------------------------------------------------
                         slack                                  0.011    

Slack (MET) :             0.013ns  (required time - arrival time)
  Source:                 cfo/windows/output_record_reg[104]/C
                            (rising edge-triggered cell FDRE clocked by clk500  {rise@0.000ns fall@1.000ns period=2.000ns})
  Destination:            cfo/observation_front/fft_core/state_reg[0]/CE
                            (rising edge-triggered cell FDRE clocked by clk500  {rise@0.000ns fall@1.000ns period=2.000ns})
  Path Group:             clk500
  Path Type:              Setup (Max at Slow Process Corner)
  Requirement:            2.000ns  (clk500 rise@2.000ns - clk500 rise@0.000ns)
  Data Path Delay:        1.883ns  (logic 0.639ns (33.935%)  route 1.244ns (66.065%))
  Logic Levels:           6  (CARRY8=2 LUT3=1 LUT6=3)
  Clock Path Skew:        -0.009ns (DCD - SCD + CPR)
    Destination Clock Delay (DCD):    0.020ns = ( 2.020 - 2.000 ) 
    Source Clock Delay      (SCD):    0.029ns
    Clock Pessimism Removal (CPR):    0.000ns
  Clock Uncertainty:      0.035ns  ((TSJ^2 + TIJ^2)^1/2 + DJ) / 2 + PE
    Total System Jitter     (TSJ):    0.071ns
    Total Input Jitter      (TIJ):    0.000ns
    Discrete Jitter          (DJ):    0.000ns
    Phase Error              (PE):    0.000ns

    Location             Delay type                Incr(ns)  Path(ns)    Netlist Resource(s)
  -------------------------------------------------------------------    -------------------
                         (clock clk500 rise edge)     0.000     0.000 r  
                                                      0.000     0.000 r  clk500 (IN)
                         net (fo=27266, unset)        0.029     0.029    cfo/windows/clk500
    SLICE_X136Y177       FDRE                                         r  cfo/windows/output_record_reg[104]/C
  -------------------------------------------------------------------    -------------------
    SLICE_X136Y177       FDRE (Prop_EFF_SLICEL_C_Q)
                                                      0.079     0.108 r  cfo/windows/output_record_reg[104]/Q
                         net (fo=2, routed)           0.371     0.479    cfo/observation_front/fft_core/s_frame[1]
    SLICE_X138Y173       LUT6 (Prop_A6LUT_SLICEL_I2_O)
                                                      0.098     0.577 r  cfo/observation_front/fft_core/m_error[1]_i_32/O
                         net (fo=1, routed)           0.009     0.586    cfo/observation_front/fft_core/m_error[1]_i_32_n_0
    SLICE_X138Y173       CARRY8 (Prop_CARRY8_SLICEL_S[0]_CO[7])
                                                      0.190     0.776 r  cfo/observation_front/fft_core/m_error_reg[1]_i_15/CO[7]
                         net (fo=1, routed)           0.026     0.802    cfo/observation_front/fft_core/m_error_reg[1]_i_15_n_0
    SLICE_X138Y174       CARRY8 (Prop_CARRY8_SLICEL_CI_CO[2])
                                                      0.057     0.859 r  cfo/observation_front/fft_core/m_error_reg[1]_i_9/CO[2]
                         net (fo=1, routed)           0.234     1.093    cfo/observation_front/fft_core/input_error40_out
    SLICE_X138Y167       LUT6 (Prop_F6LUT_SLICEL_I2_O)
                                                      0.089     1.182 f  cfo/observation_front/fft_core/m_error[1]_i_4/O
                         net (fo=3, routed)           0.159     1.341    cfo/observation_front/fft_core/m_error[1]_i_4_n_0
    SLICE_X137Y163       LUT3 (Prop_H6LUT_SLICEM_I0_O)
                                                      0.090     1.431 r  cfo/observation_front/fft_core/m_error[1]_i_3/O
                         net (fo=5, routed)           0.167     1.598    cfo/observation_front/fft_core/m_error[1]_i_3_n_0
    SLICE_X136Y159       LUT6 (Prop_H6LUT_SLICEL_I2_O)
                                                      0.036     1.634 r  cfo/observation_front/fft_core/state[2]_i_1/O
                         net (fo=3, routed)           0.278     1.912    cfo/observation_front/fft_core/state[2]_i_1_n_0
    SLICE_X136Y163       FDRE                                         r  cfo/observation_front/fft_core/state_reg[0]/CE
  -------------------------------------------------------------------    -------------------

                         (clock clk500 rise edge)     2.000     2.000 r  
                                                      0.000     2.000 r  clk500 (IN)
                         net (fo=27266, unset)        0.020     2.020    cfo/observation_front/fft_core/clk
    SLICE_X136Y163       FDRE                                         r  cfo/observation_front/fft_core/state_reg[0]/C
                         clock pessimism              0.000     2.020    
                         clock uncertainty           -0.035     1.985    
    SLICE_X136Y163       FDRE (Setup_EFF_SLICEL_C_CE)
                                                     -0.060     1.925    cfo/observation_front/fft_core/state_reg[0]
  -------------------------------------------------------------------
                         required time                          1.925    
                         arrival time                          -1.912    
  -------------------------------------------------------------------
                         slack                                  0.013    

Slack (MET) :             0.014ns  (required time - arrival time)
  Source:                 cfo/observation_front/m_generation_reg[12]/C
                            (rising edge-triggered cell FDRE clocked by clk500  {rise@0.000ns fall@1.000ns period=2.000ns})
  Destination:            cfo/estimator/expected_window_reg[2]/CE
                            (rising edge-triggered cell FDCE clocked by clk500  {rise@0.000ns fall@1.000ns period=2.000ns})
  Path Group:             clk500
  Path Type:              Setup (Max at Slow Process Corner)
  Requirement:            2.000ns  (clk500 rise@2.000ns - clk500 rise@0.000ns)
  Data Path Delay:        1.884ns  (logic 0.605ns (32.113%)  route 1.279ns (67.887%))
  Logic Levels:           6  (CARRY8=2 LUT5=3 LUT6=1)
  Clock Path Skew:        -0.007ns (DCD - SCD + CPR)
    Destination Clock Delay (DCD):    0.021ns = ( 2.021 - 2.000 ) 
    Source Clock Delay      (SCD):    0.028ns
    Clock Pessimism Removal (CPR):    0.000ns
  Clock Uncertainty:      0.035ns  ((TSJ^2 + TIJ^2)^1/2 + DJ) / 2 + PE
    Total System Jitter     (TSJ):    0.071ns
    Total Input Jitter      (TIJ):    0.000ns
    Discrete Jitter          (DJ):    0.000ns
    Phase Error              (PE):    0.000ns

    Location             Delay type                Incr(ns)  Path(ns)    Netlist Resource(s)
  -------------------------------------------------------------------    -------------------
                         (clock clk500 rise edge)     0.000     0.000 r  
                                                      0.000     0.000 r  clk500 (IN)
                         net (fo=27266, unset)        0.028     0.028    cfo/observation_front/clk
    SLICE_X131Y171       FDRE                                         r  cfo/observation_front/m_generation_reg[12]/C
  -------------------------------------------------------------------    -------------------
    SLICE_X131Y171       FDRE (Prop_AFF_SLICEL_C_Q)
                                                      0.079     0.107 r  cfo/observation_front/m_generation_reg[12]/Q
                         net (fo=2, routed)           0.313     0.420    cfo/estimator/s_generation[12]
    SLICE_X130Y170       LUT6 (Prop_E6LUT_SLICEL_I0_O)
                                                      0.123     0.543 r  cfo/estimator/mailbox_data[6]_i_54/O
                         net (fo=1, routed)           0.007     0.550    cfo/estimator/mailbox_data[6]_i_54_n_0
    SLICE_X130Y170       CARRY8 (Prop_CARRY8_SLICEL_S[4]_CO[7])
                                                      0.153     0.703 f  cfo/estimator/mailbox_data_reg[6]_i_38/CO[7]
                         net (fo=1, routed)           0.026     0.729    cfo/estimator/mailbox_data_reg[6]_i_38_n_0
    SLICE_X130Y171       CARRY8 (Prop_CARRY8_SLICEL_CI_CO[2])
                                                      0.057     0.786 f  cfo/estimator/mailbox_data_reg[6]_i_18/CO[2]
                         net (fo=2, routed)           0.477     1.263    cfo/estimator/input_link_error3
    SLICE_X124Y165       LUT5 (Prop_F6LUT_SLICEM_I1_O)
                                                      0.051     1.314 f  cfo/estimator/mailbox_data[4]_i_2/O
                         net (fo=2, routed)           0.090     1.404    cfo/estimator/mailbox_data[4]_i_2_n_0
    SLICE_X124Y164       LUT5 (Prop_G6LUT_SLICEM_I3_O)
                                                      0.052     1.456 f  cfo/estimator/expected_window[6]_i_4/O
                         net (fo=9, routed)           0.094     1.550    cfo/estimator/closed_fast0
    SLICE_X124Y165       LUT5 (Prop_G6LUT_SLICEM_I3_O)
                                                      0.090     1.640 r  cfo/estimator/expected_window[6]_i_1/O
                         net (fo=7, routed)           0.272     1.912    cfo/estimator/expected_window[6]_i_1_n_0
    SLICE_X124Y166       FDCE                                         r  cfo/estimator/expected_window_reg[2]/CE
  -------------------------------------------------------------------    -------------------

                         (clock clk500 rise edge)     2.000     2.000 r  
                                                      0.000     2.000 r  clk500 (IN)
                         net (fo=27266, unset)        0.021     2.021    cfo/estimator/clk_fast
    SLICE_X124Y166       FDCE                                         r  cfo/estimator/expected_window_reg[2]/C
                         clock pessimism              0.000     2.021    
                         clock uncertainty           -0.035     1.986    
    SLICE_X124Y166       FDCE (Setup_BFF2_SLICEM_C_CE)
                                                     -0.060     1.926    cfo/estimator/expected_window_reg[2]
  -------------------------------------------------------------------
                         required time                          1.926    
                         arrival time                          -1.912    
  -------------------------------------------------------------------
                         slack                                  0.014    

Slack (MET) :             0.015ns  (required time - arrival time)
  Source:                 cfo/observation_front/fft_core/tag_reg[8][bf][8]/C
                            (rising edge-triggered cell FDRE clocked by clk500  {rise@0.000ns fall@1.000ns period=2.000ns})
  Destination:            cfo/observation_front/fft_core/tw_index_reg_rep/ENARDEN
                            (rising edge-triggered cell RAMB36E2 clocked by clk500  {rise@0.000ns fall@1.000ns period=2.000ns})
  Path Group:             clk500
  Path Type:              Setup (Max at Slow Process Corner)
  Requirement:            2.000ns  (clk500 rise@2.000ns - clk500 rise@0.000ns)
  Data Path Delay:        1.618ns  (logic 0.412ns (25.464%)  route 1.206ns (74.536%))
  Logic Levels:           4  (LUT2=1 LUT6=3)
  Clock Path Skew:        0.010ns (DCD - SCD + CPR)
    Destination Clock Delay (DCD):    0.039ns = ( 2.039 - 2.000 ) 
    Source Clock Delay      (SCD):    0.029ns
    Clock Pessimism Removal (CPR):    0.000ns
  Clock Uncertainty:      0.035ns  ((TSJ^2 + TIJ^2)^1/2 + DJ) / 2 + PE
    Total System Jitter     (TSJ):    0.071ns
    Total Input Jitter      (TIJ):    0.000ns
    Discrete Jitter          (DJ):    0.000ns
    Phase Error              (PE):    0.000ns

    Location             Delay type                Incr(ns)  Path(ns)    Netlist Resource(s)
  -------------------------------------------------------------------    -------------------
                         (clock clk500 rise edge)     0.000     0.000 r  
                                                      0.000     0.000 r  clk500 (IN)
                         net (fo=27266, unset)        0.029     0.029    cfo/observation_front/fft_core/clk
    SLICE_X131Y150       FDRE                                         r  cfo/observation_front/fft_core/tag_reg[8][bf][8]/C
  -------------------------------------------------------------------    -------------------
    SLICE_X131Y150       FDRE (Prop_HFF2_SLICEL_C_Q)
                                                      0.080     0.109 r  cfo/observation_front/fft_core/tag_reg[8][bf][8]/Q
                         net (fo=2, routed)           0.149     0.258    cfo/observation_front/fft_core/sel0[8]
    SLICE_X131Y150       LUT2 (Prop_E6LUT_SLICEL_I1_O)
                                                      0.123     0.381 f  cfo/observation_front/fft_core/tw_index_reg_rep_i_35/O
                         net (fo=1, routed)           0.132     0.513    cfo/observation_front/fft_core/tw_index_reg_rep_i_35_n_0
    SLICE_X130Y151       LUT6 (Prop_A6LUT_SLICEL_I5_O)
                                                      0.035     0.548 f  cfo/observation_front/fft_core/tw_index_reg_rep_i_18/O
                         net (fo=2, routed)           0.151     0.699    cfo/observation_front/fft_core/tw_index_reg_rep_i_18_n_0
    SLICE_X130Y153       LUT6 (Prop_F6LUT_SLICEL_I3_O)
                                                      0.049     0.748 r  cfo/observation_front/fft_core/tw_index_reg_rep_i_13/O
                         net (fo=5, routed)           0.152     0.900    cfo/observation_front/fft_core/tw_index_reg_rep_i_13_n_0
    SLICE_X129Y155       LUT6 (Prop_H6LUT_SLICEM_I0_O)
                                                      0.125     1.025 r  cfo/observation_front/fft_core/tw_index_reg_rep_i_1/O
                         net (fo=1, routed)           0.622     1.647    cfo/observation_front/fft_core/tw_index_reg_rep_i_1_n_0
    RAMB36_X8Y32         RAMB36E2                                     r  cfo/observation_front/fft_core/tw_index_reg_rep/ENARDEN
  -------------------------------------------------------------------    -------------------

                         (clock clk500 rise edge)     2.000     2.000 r  
                                                      0.000     2.000 r  clk500 (IN)
                         net (fo=27266, unset)        0.039     2.039    cfo/observation_front/fft_core/clk
    RAMB36_X8Y32         RAMB36E2                                     r  cfo/observation_front/fft_core/tw_index_reg_rep/CLKARDCLK
                         clock pessimism              0.000     2.039    
                         clock uncertainty           -0.035     2.004    
    RAMB36_X8Y32         RAMB36E2 (Setup_RAMB36E2_RAMB36_CLKARDCLK_ENARDEN)
                                                     -0.342     1.662    cfo/observation_front/fft_core/tw_index_reg_rep
  -------------------------------------------------------------------
                         required time                          1.662    
                         arrival time                          -1.647    
  -------------------------------------------------------------------
                         slack                                  0.015    

Slack (MET) :             0.015ns  (required time - arrival time)
  Source:                 sfo/residual_estimator/aux_service/u_xfft/U0/i_synth/xfft_inst/non_floating_point.arch_d.xfft_inst/pe_gen[5].natural_order_input.PE/FW_1.BF_1/even_NFFT.depthx2_ff/C
                            (rising edge-triggered cell FDRE clocked by clk500  {rise@0.000ns fall@1.000ns period=2.000ns})
  Destination:            sfo/residual_estimator/aux_service/u_xfft/U0/i_synth/xfft_inst/non_floating_point.arch_d.xfft_inst/pe_gen[5].natural_order_input.PE/FW_1.BF_1/depthx1_balance.delay_lteq_16.out_muxA/slicel_slicem_implementation.mux/use_lut6_2.latency1.Q_reg[8]/D
                            (rising edge-triggered cell FDRE clocked by clk500  {rise@0.000ns fall@1.000ns period=2.000ns})
  Path Group:             clk500
  Path Type:              Setup (Max at Slow Process Corner)
  Requirement:            2.000ns  (clk500 rise@2.000ns - clk500 rise@0.000ns)
  Data Path Delay:        1.966ns  (logic 0.221ns (11.241%)  route 1.745ns (88.759%))
  Logic Levels:           1  (LUT3=1)
  Clock Path Skew:        -0.009ns (DCD - SCD + CPR)
    Destination Clock Delay (DCD):    0.021ns = ( 2.021 - 2.000 ) 
    Source Clock Delay      (SCD):    0.030ns
    Clock Pessimism Removal (CPR):    0.000ns
  Clock Uncertainty:      0.035ns  ((TSJ^2 + TIJ^2)^1/2 + DJ) / 2 + PE
    Total System Jitter     (TSJ):    0.071ns
    Total Input Jitter      (TIJ):    0.000ns
    Discrete Jitter          (DJ):    0.000ns
    Phase Error              (PE):    0.000ns

    Location             Delay type                Incr(ns)  Path(ns)    Netlist Resource(s)
  -------------------------------------------------------------------    -------------------
                         (clock clk500 rise edge)     0.000     0.000 r  
                                                      0.000     0.000 r  clk500 (IN)
                         net (fo=27266, unset)        0.030     0.030    sfo/residual_estimator/aux_service/u_xfft/U0/i_synth/xfft_inst/non_floating_point.arch_d.xfft_inst/pe_gen[5].natural_order_input.PE/FW_1.BF_1/aclk
    SLICE_X222Y161       FDRE                                         r  sfo/residual_estimator/aux_service/u_xfft/U0/i_synth/xfft_inst/non_floating_point.arch_d.xfft_inst/pe_gen[5].natural_order_input.PE/FW_1.BF_1/even_NFFT.depthx2_ff/C
  -------------------------------------------------------------------    -------------------
    SLICE_X222Y161       FDRE (Prop_EFF_SLICEM_C_Q)
                                                      0.076     0.106 r  sfo/residual_estimator/aux_service/u_xfft/U0/i_synth/xfft_inst/non_floating_point.arch_d.xfft_inst/pe_gen[5].natural_order_input.PE/FW_1.BF_1/even_NFFT.depthx2_ff/Q
                         net (fo=101, routed)         1.679     1.785    sfo/residual_estimator/aux_service/u_xfft/U0/i_synth/xfft_inst/non_floating_point.arch_d.xfft_inst/pe_gen[5].natural_order_input.PE/FW_1.BF_1/depthx1_balance.delay_lteq_16.out_muxA/slicel_slicem_implementation.mux/depthx2
    SLICE_X229Y174       LUT3 (Prop_C6LUT_SLICEM_I2_O)
                                                      0.145     1.930 r  sfo/residual_estimator/aux_service/u_xfft/U0/i_synth/xfft_inst/non_floating_point.arch_d.xfft_inst/pe_gen[5].natural_order_input.PE/FW_1.BF_1/depthx1_balance.delay_lteq_16.out_muxA/slicel_slicem_implementation.mux/use_lut6_2.gen_full_lut6_2s[4].mlut0/O
                         net (fo=1, routed)           0.066     1.996    sfo/residual_estimator/aux_service/u_xfft/U0/i_synth/xfft_inst/non_floating_point.arch_d.xfft_inst/pe_gen[5].natural_order_input.PE/FW_1.BF_1/depthx1_balance.delay_lteq_16.out_muxA/slicel_slicem_implementation.mux/qi[8]
    SLICE_X229Y174       FDRE                                         r  sfo/residual_estimator/aux_service/u_xfft/U0/i_synth/xfft_inst/non_floating_point.arch_d.xfft_inst/pe_gen[5].natural_order_input.PE/FW_1.BF_1/depthx1_balance.delay_lteq_16.out_muxA/slicel_slicem_implementation.mux/use_lut6_2.latency1.Q_reg[8]/D
  -------------------------------------------------------------------    -------------------

                         (clock clk500 rise edge)     2.000     2.000 r  
                                                      0.000     2.000 r  clk500 (IN)
                         net (fo=27266, unset)        0.021     2.021    sfo/residual_estimator/aux_service/u_xfft/U0/i_synth/xfft_inst/non_floating_point.arch_d.xfft_inst/pe_gen[5].natural_order_input.PE/FW_1.BF_1/depthx1_balance.delay_lteq_16.out_muxA/slicel_slicem_implementation.mux/aclk
    SLICE_X229Y174       FDRE                                         r  sfo/residual_estimator/aux_service/u_xfft/U0/i_synth/xfft_inst/non_floating_point.arch_d.xfft_inst/pe_gen[5].natural_order_input.PE/FW_1.BF_1/depthx1_balance.delay_lteq_16.out_muxA/slicel_slicem_implementation.mux/use_lut6_2.latency1.Q_reg[8]/C
                         clock pessimism              0.000     2.021    
                         clock uncertainty           -0.035     1.986    
    SLICE_X229Y174       FDRE (Setup_CFF_SLICEM_C_D)
                                                      0.025     2.011    sfo/residual_estimator/aux_service/u_xfft/U0/i_synth/xfft_inst/non_floating_point.arch_d.xfft_inst/pe_gen[5].natural_order_input.PE/FW_1.BF_1/depthx1_balance.delay_lteq_16.out_muxA/slicel_slicem_implementation.mux/use_lut6_2.latency1.Q_reg[8]
  -------------------------------------------------------------------
                         required time                          2.011    
                         arrival time                          -1.996    
  -------------------------------------------------------------------
                         slack                                  0.015    

Slack (MET) :             0.016ns  (required time - arrival time)
  Source:                 cfo/observation_front/fft_core/state_reg[0]/C
                            (rising edge-triggered cell FDRE clocked by clk500  {rise@0.000ns fall@1.000ns period=2.000ns})
  Destination:            cfo/observation_front/fft_core/bank0_reg_bram_0/ENBWREN
                            (rising edge-triggered cell RAMB36E2 clocked by clk500  {rise@0.000ns fall@1.000ns period=2.000ns})
  Path Group:             clk500
  Path Type:              Setup (Max at Slow Process Corner)
  Requirement:            2.000ns  (clk500 rise@2.000ns - clk500 rise@0.000ns)
  Data Path Delay:        1.618ns  (logic 0.388ns (23.980%)  route 1.230ns (76.020%))
  Logic Levels:           4  (LUT2=1 LUT6=3)
  Clock Path Skew:        0.011ns (DCD - SCD + CPR)
    Destination Clock Delay (DCD):    0.040ns = ( 2.040 - 2.000 ) 
    Source Clock Delay      (SCD):    0.029ns
    Clock Pessimism Removal (CPR):    0.000ns
  Clock Uncertainty:      0.035ns  ((TSJ^2 + TIJ^2)^1/2 + DJ) / 2 + PE
    Total System Jitter     (TSJ):    0.071ns
    Total Input Jitter      (TIJ):    0.000ns
    Discrete Jitter          (DJ):    0.000ns
    Phase Error              (PE):    0.000ns

    Location             Delay type                Incr(ns)  Path(ns)    Netlist Resource(s)
  -------------------------------------------------------------------    -------------------
                         (clock clk500 rise edge)     0.000     0.000 r  
                                                      0.000     0.000 r  clk500 (IN)
                         net (fo=27266, unset)        0.029     0.029    cfo/observation_front/fft_core/clk
    SLICE_X136Y163       FDRE                                         r  cfo/observation_front/fft_core/state_reg[0]/C
  -------------------------------------------------------------------    -------------------
    SLICE_X136Y163       FDRE (Prop_EFF_SLICEL_C_Q)
                                                      0.079     0.108 f  cfo/observation_front/fft_core/state_reg[0]/Q
                         net (fo=73, routed)          0.399     0.507    cfo/observation_front/fft_core/state_reg_n_0_[0]
    SLICE_X139Y159       LUT6 (Prop_A6LUT_SLICEM_I4_O)
                                                      0.090     0.597 r  cfo/observation_front/fft_core/pf0_index[10]_i_1/O
                         net (fo=16, routed)          0.095     0.692    cfo/observation_front/fft_core/pf0_index[10]_i_1_n_0
    SLICE_X139Y158       LUT6 (Prop_B6LUT_SLICEM_I5_O)
                                                      0.037     0.729 f  cfo/observation_front/fft_core/bank0_reg_bram_0_i_63/O
                         net (fo=2, routed)           0.087     0.816    cfo/observation_front/fft_core/bank0_reg_bram_0_i_63_n_0
    SLICE_X139Y157       LUT2 (Prop_E6LUT_SLICEM_I0_O)
                                                      0.037     0.853 r  cfo/observation_front/fft_core/bank0_reg_bram_0_i_59/O
                         net (fo=11, routed)          0.189     1.042    cfo/observation_front/fft_core/bank0_reg_bram_0_i_59_n_0
    SLICE_X142Y157       LUT6 (Prop_C6LUT_SLICEM_I5_O)
                                                      0.145     1.187 r  cfo/observation_front/fft_core/bank0_reg_bram_0_i_2/O
                         net (fo=2, routed)           0.460     1.647    cfo/observation_front/fft_core/rd013_out
    RAMB36_X9Y30         RAMB36E2                                     r  cfo/observation_front/fft_core/bank0_reg_bram_0/ENBWREN
  -------------------------------------------------------------------    -------------------

                         (clock clk500 rise edge)     2.000     2.000 r  
                                                      0.000     2.000 r  clk500 (IN)
                         net (fo=27266, unset)        0.040     2.040    cfo/observation_front/fft_core/clk
    RAMB36_X9Y30         RAMB36E2                                     r  cfo/observation_front/fft_core/bank0_reg_bram_0/CLKBWRCLK
                         clock pessimism              0.000     2.040    
                         clock uncertainty           -0.035     2.005    
    RAMB36_X9Y30         RAMB36E2 (Setup_RAMB36E2_RAMB36_CLKBWRCLK_ENBWREN)
                                                     -0.342     1.663    cfo/observation_front/fft_core/bank0_reg_bram_0
  -------------------------------------------------------------------
                         required time                          1.663    
                         arrival time                          -1.647    
  -------------------------------------------------------------------
                         slack                                  0.016    

Slack (MET) :             0.018ns  (required time - arrival time)
  Source:                 cfo/observation_front/fft_core/state_reg[0]/C
                            (rising edge-triggered cell FDRE clocked by clk500  {rise@0.000ns fall@1.000ns period=2.000ns})
  Destination:            cfo/observation_front/fft_core/bank1_reg_bram_0/ADDRARDADDR[8]
                            (rising edge-triggered cell RAMB36E2 clocked by clk500  {rise@0.000ns fall@1.000ns period=2.000ns})
  Path Group:             clk500
  Path Type:              Setup (Max at Slow Process Corner)
  Requirement:            2.000ns  (clk500 rise@2.000ns - clk500 rise@0.000ns)
  Data Path Delay:        1.674ns  (logic 0.316ns (18.877%)  route 1.358ns (81.123%))
  Logic Levels:           2  (LUT6=2)
  Clock Path Skew:        0.010ns (DCD - SCD + CPR)
    Destination Clock Delay (DCD):    0.039ns = ( 2.039 - 2.000 ) 
    Source Clock Delay      (SCD):    0.029ns
    Clock Pessimism Removal (CPR):    0.000ns
  Clock Uncertainty:      0.035ns  ((TSJ^2 + TIJ^2)^1/2 + DJ) / 2 + PE
    Total System Jitter     (TSJ):    0.071ns
    Total Input Jitter      (TIJ):    0.000ns
    Discrete Jitter          (DJ):    0.000ns
    Phase Error              (PE):    0.000ns

    Location             Delay type                Incr(ns)  Path(ns)    Netlist Resource(s)
  -------------------------------------------------------------------    -------------------
                         (clock clk500 rise edge)     0.000     0.000 r  
                                                      0.000     0.000 r  clk500 (IN)
                         net (fo=27266, unset)        0.029     0.029    cfo/observation_front/fft_core/clk
    SLICE_X136Y163       FDRE                                         r  cfo/observation_front/fft_core/state_reg[0]/C
  -------------------------------------------------------------------    -------------------
    SLICE_X136Y163       FDRE (Prop_EFF_SLICEL_C_Q)
                                                      0.079     0.108 r  cfo/observation_front/fft_core/state_reg[0]/Q
                         net (fo=73, routed)          0.461     0.569    cfo/observation_front/fft_core/state_reg_n_0_[0]
    SLICE_X135Y157       LUT6 (Prop_H6LUT_SLICEL_I3_O)
                                                      0.090     0.659 r  cfo/observation_front/fft_core/bank1_reg_bram_0_i_64/O
                         net (fo=20, routed)          0.599     1.258    cfo/observation_front/fft_core/bank1_reg_bram_0_i_64_n_0
    SLICE_X147Y156       LUT6 (Prop_E6LUT_SLICEL_I2_O)
                                                      0.147     1.405 r  cfo/observation_front/fft_core/bank1_reg_bram_0_i_10/O
                         net (fo=2, routed)           0.298     1.703    cfo/observation_front/fft_core/waddr1[3]
    RAMB36_X9Y31         RAMB36E2                                     r  cfo/observation_front/fft_core/bank1_reg_bram_0/ADDRARDADDR[8]
  -------------------------------------------------------------------    -------------------

                         (clock clk500 rise edge)     2.000     2.000 r  
                                                      0.000     2.000 r  clk500 (IN)
                         net (fo=27266, unset)        0.039     2.039    cfo/observation_front/fft_core/clk
    RAMB36_X9Y31         RAMB36E2                                     r  cfo/observation_front/fft_core/bank1_reg_bram_0/CLKARDCLK
                         clock pessimism              0.000     2.039    
                         clock uncertainty           -0.035     2.004    
    RAMB36_X9Y31         RAMB36E2 (Setup_RAMB36E2_RAMB36_CLKARDCLK_ADDRARDADDR[8])
                                                     -0.283     1.721    cfo/observation_front/fft_core/bank1_reg_bram_0
  -------------------------------------------------------------------
                         required time                          1.721    
                         arrival time                          -1.703    
  -------------------------------------------------------------------
                         slack                                  0.018    





Min Delay Paths
--------------------------------------------------------------------------------------
Slack (MET) :             0.028ns  (arrival time - required time)
  Source:                 sfo/initial_estimator/owner/fft/u_xfft/U0/i_synth/xfft_inst/non_floating_point.arch_d.xfft_inst/has_bit_reverse.natural_order_address_muxing.muxed_reorder_write_addr_reg[4]/C
                            (rising edge-triggered cell FDRE clocked by clk500  {rise@0.000ns fall@1.000ns period=2.000ns})
  Destination:            sfo/initial_estimator/owner/fft/u_xfft/U0/i_synth/xfft_inst/non_floating_point.arch_d.xfft_inst/has_bit_reverse.no_cp.muxed_reorder_write_addr_del_reg[4]/D
                            (rising edge-triggered cell FDRE clocked by clk500  {rise@0.000ns fall@1.000ns period=2.000ns})
  Path Group:             clk500
  Path Type:              Hold (Min at Fast Process Corner)
  Requirement:            0.000ns  (clk500 rise@0.000ns - clk500 rise@0.000ns)
  Data Path Delay:        0.081ns  (logic 0.039ns (48.148%)  route 0.042ns (51.852%))
  Logic Levels:           0  
  Clock Path Skew:        0.006ns (DCD - SCD - CPR)
    Destination Clock Delay (DCD):    0.019ns
    Source Clock Delay      (SCD):    0.013ns
    Clock Pessimism Removal (CPR):    -0.000ns

    Location             Delay type                Incr(ns)  Path(ns)    Netlist Resource(s)
  -------------------------------------------------------------------    -------------------
                         (clock clk500 rise edge)     0.000     0.000 r  
                                                      0.000     0.000 r  clk500 (IN)
                         net (fo=27266, unset)        0.013     0.013    sfo/initial_estimator/owner/fft/u_xfft/U0/i_synth/xfft_inst/non_floating_point.arch_d.xfft_inst/aclk
    SLICE_X13Y23         FDRE                                         r  sfo/initial_estimator/owner/fft/u_xfft/U0/i_synth/xfft_inst/non_floating_point.arch_d.xfft_inst/has_bit_reverse.natural_order_address_muxing.muxed_reorder_write_addr_reg[4]/C
  -------------------------------------------------------------------    -------------------
    SLICE_X13Y23         FDRE (Prop_GFF_SLICEM_C_Q)
                                                      0.039     0.052 r  sfo/initial_estimator/owner/fft/u_xfft/U0/i_synth/xfft_inst/non_floating_point.arch_d.xfft_inst/has_bit_reverse.natural_order_address_muxing.muxed_reorder_write_addr_reg[4]/Q
                         net (fo=1, routed)           0.042     0.094    sfo/initial_estimator/owner/fft/u_xfft/U0/i_synth/xfft_inst/non_floating_point.arch_d.xfft_inst/muxed_reorder_write_addr[4]
    SLICE_X13Y23         FDRE                                         r  sfo/initial_estimator/owner/fft/u_xfft/U0/i_synth/xfft_inst/non_floating_point.arch_d.xfft_inst/has_bit_reverse.no_cp.muxed_reorder_write_addr_del_reg[4]/D
  -------------------------------------------------------------------    -------------------

                         (clock clk500 rise edge)     0.000     0.000 r  
                                                      0.000     0.000 r  clk500 (IN)
                         net (fo=27266, unset)        0.019     0.019    sfo/initial_estimator/owner/fft/u_xfft/U0/i_synth/xfft_inst/non_floating_point.arch_d.xfft_inst/aclk
    SLICE_X13Y23         FDRE                                         r  sfo/initial_estimator/owner/fft/u_xfft/U0/i_synth/xfft_inst/non_floating_point.arch_d.xfft_inst/has_bit_reverse.no_cp.muxed_reorder_write_addr_del_reg[4]/C
                         clock pessimism              0.000     0.019    
    SLICE_X13Y23         FDRE (Hold_EFF2_SLICEM_C_D)
                                                      0.047     0.066    sfo/initial_estimator/owner/fft/u_xfft/U0/i_synth/xfft_inst/non_floating_point.arch_d.xfft_inst/has_bit_reverse.no_cp.muxed_reorder_write_addr_del_reg[4]
  -------------------------------------------------------------------
                         required time                         -0.066    
                         arrival time                           0.094    
  -------------------------------------------------------------------
                         slack                                  0.028    

Slack (MET) :             0.028ns  (arrival time - required time)
  Source:                 sfo/residual_estimator/aux_service/u_xfft/U0/i_synth/xfft_inst/non_floating_point.arch_d.xfft_inst/pe_gen[4].natural_order_input.PE/has_tw_out_fwd_inv_gen.tw_fwd_inv_reg/C
                            (rising edge-triggered cell FDRE clocked by clk500  {rise@0.000ns fall@1.000ns period=2.000ns})
  Destination:            sfo/residual_estimator/aux_service/u_xfft/U0/i_synth/xfft_inst/non_floating_point.arch_d.xfft_inst/pe_gen[4].natural_order_input.PE/has_tw_out_fwd_inv_gen.fwd_inv_out_delay/no_sclr_lut.real_shift_ram.use_baseblock.not_use_hlutnm_srls.i_shift_ram/i_bb_inst/f1.only_clb.srl_sig_reg[31][0]_srl32/D
                            (rising edge-triggered cell SRLC32E clocked by clk500  {rise@0.000ns fall@1.000ns period=2.000ns})
  Path Group:             clk500
  Path Type:              Hold (Min at Fast Process Corner)
  Requirement:            0.000ns  (clk500 rise@0.000ns - clk500 rise@0.000ns)
  Data Path Delay:        0.117ns  (logic 0.041ns (35.043%)  route 0.076ns (64.957%))
  Logic Levels:           0  
  Clock Path Skew:        0.027ns (DCD - SCD - CPR)
    Destination Clock Delay (DCD):    0.039ns
    Source Clock Delay      (SCD):    0.012ns
    Clock Pessimism Removal (CPR):    -0.000ns

    Location             Delay type                Incr(ns)  Path(ns)    Netlist Resource(s)
  -------------------------------------------------------------------    -------------------
                         (clock clk500 rise edge)     0.000     0.000 r  
                                                      0.000     0.000 r  clk500 (IN)
                         net (fo=27266, unset)        0.012     0.012    sfo/residual_estimator/aux_service/u_xfft/U0/i_synth/xfft_inst/non_floating_point.arch_d.xfft_inst/pe_gen[4].natural_order_input.PE/aclk
    SLICE_X223Y157       FDRE                                         r  sfo/residual_estimator/aux_service/u_xfft/U0/i_synth/xfft_inst/non_floating_point.arch_d.xfft_inst/pe_gen[4].natural_order_input.PE/has_tw_out_fwd_inv_gen.tw_fwd_inv_reg/C
  -------------------------------------------------------------------    -------------------
    SLICE_X223Y157       FDRE (Prop_DFF2_SLICEL_C_Q)
                                                      0.041     0.053 r  sfo/residual_estimator/aux_service/u_xfft/U0/i_synth/xfft_inst/non_floating_point.arch_d.xfft_inst/pe_gen[4].natural_order_input.PE/has_tw_out_fwd_inv_gen.tw_fwd_inv_reg/Q
                         net (fo=2, routed)           0.076     0.129    sfo/residual_estimator/aux_service/u_xfft/U0/i_synth/xfft_inst/non_floating_point.arch_d.xfft_inst/pe_gen[4].natural_order_input.PE/has_tw_out_fwd_inv_gen.fwd_inv_out_delay/no_sclr_lut.real_shift_ram.use_baseblock.not_use_hlutnm_srls.i_shift_ram/i_bb_inst/d[0]
    SLICE_X222Y158       SRLC32E                                      r  sfo/residual_estimator/aux_service/u_xfft/U0/i_synth/xfft_inst/non_floating_point.arch_d.xfft_inst/pe_gen[4].natural_order_input.PE/has_tw_out_fwd_inv_gen.fwd_inv_out_delay/no_sclr_lut.real_shift_ram.use_baseblock.not_use_hlutnm_srls.i_shift_ram/i_bb_inst/f1.only_clb.srl_sig_reg[31][0]_srl32/D
  -------------------------------------------------------------------    -------------------

                         (clock clk500 rise edge)     0.000     0.000 r  
                                                      0.000     0.000 r  clk500 (IN)
                         net (fo=27266, unset)        0.039     0.039    sfo/residual_estimator/aux_service/u_xfft/U0/i_synth/xfft_inst/non_floating_point.arch_d.xfft_inst/pe_gen[4].natural_order_input.PE/has_tw_out_fwd_inv_gen.fwd_inv_out_delay/no_sclr_lut.real_shift_ram.use_baseblock.not_use_hlutnm_srls.i_shift_ram/i_bb_inst/clk
    SLICE_X222Y158       SRLC32E                                      r  sfo/residual_estimator/aux_service/u_xfft/U0/i_synth/xfft_inst/non_floating_point.arch_d.xfft_inst/pe_gen[4].natural_order_input.PE/has_tw_out_fwd_inv_gen.fwd_inv_out_delay/no_sclr_lut.real_shift_ram.use_baseblock.not_use_hlutnm_srls.i_shift_ram/i_bb_inst/f1.only_clb.srl_sig_reg[31][0]_srl32/CLK
                         clock pessimism              0.000     0.039    
    SLICE_X222Y158       SRLC32E (Hold_H6LUT_SLICEM_CLK_D)
                                                      0.062     0.101    sfo/residual_estimator/aux_service/u_xfft/U0/i_synth/xfft_inst/non_floating_point.arch_d.xfft_inst/pe_gen[4].natural_order_input.PE/has_tw_out_fwd_inv_gen.fwd_inv_out_delay/no_sclr_lut.real_shift_ram.use_baseblock.not_use_hlutnm_srls.i_shift_ram/i_bb_inst/f1.only_clb.srl_sig_reg[31][0]_srl32
  -------------------------------------------------------------------
                         required time                         -0.101    
                         arrival time                           0.129    
  -------------------------------------------------------------------
                         slack                                  0.028    

Slack (MET) :             0.028ns  (arrival time - required time)
  Source:                 sfo/residual_estimator/aux_service/u_xfft/U0/i_synth/xfft_inst/non_floating_point.arch_d.xfft_inst/run_time_1.MUX0/use_mux16.use_lut6.sixteen_to_one_mux[3].use_output_reg_and_pipe_reg.reg0/C
                            (rising edge-triggered cell FDRE clocked by clk500  {rise@0.000ns fall@1.000ns period=2.000ns})
  Destination:            sfo/residual_estimator/aux_service/u_xfft/U0/i_synth/xfft_inst/non_floating_point.arch_d.xfft_inst/run_time_1.MUX0/use_mux16.use_lut6.sixteen_to_one_mux[3].use_output_reg_and_pipe_reg.reg1/D
                            (rising edge-triggered cell FDRE clocked by clk500  {rise@0.000ns fall@1.000ns period=2.000ns})
  Path Group:             clk500
  Path Type:              Hold (Min at Fast Process Corner)
  Requirement:            0.000ns  (clk500 rise@0.000ns - clk500 rise@0.000ns)
  Data Path Delay:        0.081ns  (logic 0.039ns (48.148%)  route 0.042ns (51.852%))
  Logic Levels:           0  
  Clock Path Skew:        0.006ns (DCD - SCD - CPR)
    Destination Clock Delay (DCD):    0.019ns
    Source Clock Delay      (SCD):    0.013ns
    Clock Pessimism Removal (CPR):    -0.000ns

    Location             Delay type                Incr(ns)  Path(ns)    Netlist Resource(s)
  -------------------------------------------------------------------    -------------------
                         (clock clk500 rise edge)     0.000     0.000 r  
                                                      0.000     0.000 r  clk500 (IN)
                         net (fo=27266, unset)        0.013     0.013    sfo/residual_estimator/aux_service/u_xfft/U0/i_synth/xfft_inst/non_floating_point.arch_d.xfft_inst/run_time_1.MUX0/aclk
    SLICE_X220Y193       FDRE                                         r  sfo/residual_estimator/aux_service/u_xfft/U0/i_synth/xfft_inst/non_floating_point.arch_d.xfft_inst/run_time_1.MUX0/use_mux16.use_lut6.sixteen_to_one_mux[3].use_output_reg_and_pipe_reg.reg0/C
  -------------------------------------------------------------------    -------------------
    SLICE_X220Y193       FDRE (Prop_GFF_SLICEM_C_Q)
                                                      0.039     0.052 r  sfo/residual_estimator/aux_service/u_xfft/U0/i_synth/xfft_inst/non_floating_point.arch_d.xfft_inst/run_time_1.MUX0/use_mux16.use_lut6.sixteen_to_one_mux[3].use_output_reg_and_pipe_reg.reg0/Q
                         net (fo=1, routed)           0.042     0.094    sfo/residual_estimator/aux_service/u_xfft/U0/i_synth/xfft_inst/non_floating_point.arch_d.xfft_inst/run_time_1.MUX0/use_mux16.use_lut6.sixteen_to_one_mux[3].use_output_reg_and_pipe_reg.reg0_n_0
    SLICE_X220Y193       FDRE                                         r  sfo/residual_estimator/aux_service/u_xfft/U0/i_synth/xfft_inst/non_floating_point.arch_d.xfft_inst/run_time_1.MUX0/use_mux16.use_lut6.sixteen_to_one_mux[3].use_output_reg_and_pipe_reg.reg1/D
  -------------------------------------------------------------------    -------------------

                         (clock clk500 rise edge)     0.000     0.000 r  
                                                      0.000     0.000 r  clk500 (IN)
                         net (fo=27266, unset)        0.019     0.019    sfo/residual_estimator/aux_service/u_xfft/U0/i_synth/xfft_inst/non_floating_point.arch_d.xfft_inst/run_time_1.MUX0/aclk
    SLICE_X220Y193       FDRE                                         r  sfo/residual_estimator/aux_service/u_xfft/U0/i_synth/xfft_inst/non_floating_point.arch_d.xfft_inst/run_time_1.MUX0/use_mux16.use_lut6.sixteen_to_one_mux[3].use_output_reg_and_pipe_reg.reg1/C
                         clock pessimism              0.000     0.019    
    SLICE_X220Y193       FDRE (Hold_EFF2_SLICEM_C_D)
                                                      0.047     0.066    sfo/residual_estimator/aux_service/u_xfft/U0/i_synth/xfft_inst/non_floating_point.arch_d.xfft_inst/run_time_1.MUX0/use_mux16.use_lut6.sixteen_to_one_mux[3].use_output_reg_and_pipe_reg.reg1
  -------------------------------------------------------------------
                         required time                         -0.066    
                         arrival time                           0.094    
  -------------------------------------------------------------------
                         slack                                  0.028    

Slack (MET) :             0.030ns  (arrival time - required time)
  Source:                 sfo/residual_estimator/aux_service/u_xfft/U0/i_synth/xfft_inst/non_floating_point.arch_d.xfft_inst/pe_gen[5].natural_order_input.PE/FW_1.BF_1/mux_out_B/use_lut6_2.latency1.Q_reg[9]/C
                            (rising edge-triggered cell FDRE clocked by clk500  {rise@0.000ns fall@1.000ns period=2.000ns})
  Destination:            sfo/residual_estimator/aux_service/u_xfft/U0/i_synth/xfft_inst/non_floating_point.arch_d.xfft_inst/pe_gen[5].natural_order_input.PE/FW_1.BF_1/depthx1_balance.delay_lteq_16.out_muxB/slicel_slicem_implementation.delay_line/no_sclr_lut.real_shift_ram.use_baseblock.use_hlutnm_srls.srl_loop[4].i_srl16e1/D
                            (rising edge-triggered cell SRL16E clocked by clk500  {rise@0.000ns fall@1.000ns period=2.000ns})
  Path Group:             clk500
  Path Type:              Hold (Min at Fast Process Corner)
  Requirement:            0.000ns  (clk500 rise@0.000ns - clk500 rise@0.000ns)
  Data Path Delay:        0.102ns  (logic 0.039ns (38.235%)  route 0.063ns (61.765%))
  Logic Levels:           0  
  Clock Path Skew:        0.026ns (DCD - SCD - CPR)
    Destination Clock Delay (DCD):    0.039ns
    Source Clock Delay      (SCD):    0.013ns
    Clock Pessimism Removal (CPR):    -0.000ns

    Location             Delay type                Incr(ns)  Path(ns)    Netlist Resource(s)
  -------------------------------------------------------------------    -------------------
                         (clock clk500 rise edge)     0.000     0.000 r  
                                                      0.000     0.000 r  clk500 (IN)
                         net (fo=27266, unset)        0.013     0.013    sfo/residual_estimator/aux_service/u_xfft/U0/i_synth/xfft_inst/non_floating_point.arch_d.xfft_inst/pe_gen[5].natural_order_input.PE/FW_1.BF_1/mux_out_B/aclk
    SLICE_X225Y172       FDRE                                         r  sfo/residual_estimator/aux_service/u_xfft/U0/i_synth/xfft_inst/non_floating_point.arch_d.xfft_inst/pe_gen[5].natural_order_input.PE/FW_1.BF_1/mux_out_B/use_lut6_2.latency1.Q_reg[9]/C
  -------------------------------------------------------------------    -------------------
    SLICE_X225Y172       FDRE (Prop_AFF2_SLICEM_C_Q)
                                                      0.039     0.052 r  sfo/residual_estimator/aux_service/u_xfft/U0/i_synth/xfft_inst/non_floating_point.arch_d.xfft_inst/pe_gen[5].natural_order_input.PE/FW_1.BF_1/mux_out_B/use_lut6_2.latency1.Q_reg[9]/Q
                         net (fo=2, routed)           0.063     0.115    sfo/residual_estimator/aux_service/u_xfft/U0/i_synth/xfft_inst/non_floating_point.arch_d.xfft_inst/pe_gen[5].natural_order_input.PE/FW_1.BF_1/depthx1_balance.delay_lteq_16.out_muxB/slicel_slicem_implementation.delay_line/D[9]
    SLICE_X225Y173       SRL16E                                       r  sfo/residual_estimator/aux_service/u_xfft/U0/i_synth/xfft_inst/non_floating_point.arch_d.xfft_inst/pe_gen[5].natural_order_input.PE/FW_1.BF_1/depthx1_balance.delay_lteq_16.out_muxB/slicel_slicem_implementation.delay_line/no_sclr_lut.real_shift_ram.use_baseblock.use_hlutnm_srls.srl_loop[4].i_srl16e1/D
  -------------------------------------------------------------------    -------------------

                         (clock clk500 rise edge)     0.000     0.000 r  
                                                      0.000     0.000 r  clk500 (IN)
                         net (fo=27266, unset)        0.039     0.039    sfo/residual_estimator/aux_service/u_xfft/U0/i_synth/xfft_inst/non_floating_point.arch_d.xfft_inst/pe_gen[5].natural_order_input.PE/FW_1.BF_1/depthx1_balance.delay_lteq_16.out_muxB/slicel_slicem_implementation.delay_line/aclk
    SLICE_X225Y173       SRL16E                                       r  sfo/residual_estimator/aux_service/u_xfft/U0/i_synth/xfft_inst/non_floating_point.arch_d.xfft_inst/pe_gen[5].natural_order_input.PE/FW_1.BF_1/depthx1_balance.delay_lteq_16.out_muxB/slicel_slicem_implementation.delay_line/no_sclr_lut.real_shift_ram.use_baseblock.use_hlutnm_srls.srl_loop[4].i_srl16e1/CLK
                         clock pessimism              0.000     0.039    
    SLICE_X225Y173       SRL16E (Hold_F5LUT_SLICEM_CLK_D)
                                                      0.046     0.085    sfo/residual_estimator/aux_service/u_xfft/U0/i_synth/xfft_inst/non_floating_point.arch_d.xfft_inst/pe_gen[5].natural_order_input.PE/FW_1.BF_1/depthx1_balance.delay_lteq_16.out_muxB/slicel_slicem_implementation.delay_line/no_sclr_lut.real_shift_ram.use_baseblock.use_hlutnm_srls.srl_loop[4].i_srl16e1
  -------------------------------------------------------------------
                         required time                         -0.085    
                         arrival time                           0.115    
  -------------------------------------------------------------------
                         slack                                  0.030    

Slack (MET) :             0.030ns  (arrival time - required time)
  Source:                 sfo/residual_estimator/front_stage/main/service/u_xfft/U0/i_synth/xfft_inst/non_floating_point.arch_d.xfft_inst/pe_gen[1].natural_order_input.PE/has_tw_out_fwd_inv_gen.tw_fwd_inv_reg/C
                            (rising edge-triggered cell FDRE clocked by clk500  {rise@0.000ns fall@1.000ns period=2.000ns})
  Destination:            sfo/residual_estimator/front_stage/main/service/u_xfft/U0/i_synth/xfft_inst/non_floating_point.arch_d.xfft_inst/pe_gen[1].natural_order_input.PE/has_tw_out_fwd_inv_gen.fwd_inv_out_delay/no_sclr_lut.real_shift_ram.use_baseblock.not_use_hlutnm_srls.i_shift_ram/i_bb_inst/f0.srl_sig_reg[17][0]_srl18/D
                            (rising edge-triggered cell SRLC32E clocked by clk500  {rise@0.000ns fall@1.000ns period=2.000ns})
  Path Group:             clk500
  Path Type:              Hold (Min at Fast Process Corner)
  Requirement:            0.000ns  (clk500 rise@0.000ns - clk500 rise@0.000ns)
  Data Path Delay:        0.103ns  (logic 0.041ns (39.806%)  route 0.062ns (60.194%))
  Logic Levels:           0  
  Clock Path Skew:        0.027ns (DCD - SCD - CPR)
    Destination Clock Delay (DCD):    0.039ns
    Source Clock Delay      (SCD):    0.012ns
    Clock Pessimism Removal (CPR):    -0.000ns

    Location             Delay type                Incr(ns)  Path(ns)    Netlist Resource(s)
  -------------------------------------------------------------------    -------------------
                         (clock clk500 rise edge)     0.000     0.000 r  
                                                      0.000     0.000 r  clk500 (IN)
                         net (fo=27266, unset)        0.012     0.012    sfo/residual_estimator/front_stage/main/service/u_xfft/U0/i_synth/xfft_inst/non_floating_point.arch_d.xfft_inst/pe_gen[1].natural_order_input.PE/aclk
    SLICE_X153Y1         FDRE                                         r  sfo/residual_estimator/front_stage/main/service/u_xfft/U0/i_synth/xfft_inst/non_floating_point.arch_d.xfft_inst/pe_gen[1].natural_order_input.PE/has_tw_out_fwd_inv_gen.tw_fwd_inv_reg/C
  -------------------------------------------------------------------    -------------------
    SLICE_X153Y1         FDRE (Prop_DFF2_SLICEL_C_Q)
                                                      0.041     0.053 r  sfo/residual_estimator/front_stage/main/service/u_xfft/U0/i_synth/xfft_inst/non_floating_point.arch_d.xfft_inst/pe_gen[1].natural_order_input.PE/has_tw_out_fwd_inv_gen.tw_fwd_inv_reg/Q
                         net (fo=2, routed)           0.062     0.115    sfo/residual_estimator/front_stage/main/service/u_xfft/U0/i_synth/xfft_inst/non_floating_point.arch_d.xfft_inst/pe_gen[1].natural_order_input.PE/has_tw_out_fwd_inv_gen.fwd_inv_out_delay/no_sclr_lut.real_shift_ram.use_baseblock.not_use_hlutnm_srls.i_shift_ram/i_bb_inst/d[0]
    SLICE_X154Y1         SRLC32E                                      r  sfo/residual_estimator/front_stage/main/service/u_xfft/U0/i_synth/xfft_inst/non_floating_point.arch_d.xfft_inst/pe_gen[1].natural_order_input.PE/has_tw_out_fwd_inv_gen.fwd_inv_out_delay/no_sclr_lut.real_shift_ram.use_baseblock.not_use_hlutnm_srls.i_shift_ram/i_bb_inst/f0.srl_sig_reg[17][0]_srl18/D
  -------------------------------------------------------------------    -------------------

                         (clock clk500 rise edge)     0.000     0.000 r  
                                                      0.000     0.000 r  clk500 (IN)
                         net (fo=27266, unset)        0.039     0.039    sfo/residual_estimator/front_stage/main/service/u_xfft/U0/i_synth/xfft_inst/non_floating_point.arch_d.xfft_inst/pe_gen[1].natural_order_input.PE/has_tw_out_fwd_inv_gen.fwd_inv_out_delay/no_sclr_lut.real_shift_ram.use_baseblock.not_use_hlutnm_srls.i_shift_ram/i_bb_inst/clk
    SLICE_X154Y1         SRLC32E                                      r  sfo/residual_estimator/front_stage/main/service/u_xfft/U0/i_synth/xfft_inst/non_floating_point.arch_d.xfft_inst/pe_gen[1].natural_order_input.PE/has_tw_out_fwd_inv_gen.fwd_inv_out_delay/no_sclr_lut.real_shift_ram.use_baseblock.not_use_hlutnm_srls.i_shift_ram/i_bb_inst/f0.srl_sig_reg[17][0]_srl18/CLK
                         clock pessimism              0.000     0.039    
    SLICE_X154Y1         SRLC32E (Hold_F6LUT_SLICEM_CLK_D)
                                                      0.046     0.085    sfo/residual_estimator/front_stage/main/service/u_xfft/U0/i_synth/xfft_inst/non_floating_point.arch_d.xfft_inst/pe_gen[1].natural_order_input.PE/has_tw_out_fwd_inv_gen.fwd_inv_out_delay/no_sclr_lut.real_shift_ram.use_baseblock.not_use_hlutnm_srls.i_shift_ram/i_bb_inst/f0.srl_sig_reg[17][0]_srl18
  -------------------------------------------------------------------
                         required time                         -0.085    
                         arrival time                           0.115    
  -------------------------------------------------------------------
                         slack                                  0.030    

Slack (MET) :             0.031ns  (arrival time - required time)
  Source:                 sfo/initial_estimator/owner/fft/u_xfft/U0/i_synth/xfft_inst/non_floating_point.arch_d.xfft_inst/pe_gen[4].natural_order_input.PE/has_addr_gen.tw_addr_gen/cnt_valid_reg/C
                            (rising edge-triggered cell FDRE clocked by clk500  {rise@0.000ns fall@1.000ns period=2.000ns})
  Destination:            sfo/initial_estimator/owner/fft/u_xfft/U0/i_synth/xfft_inst/non_floating_point.arch_d.xfft_inst/pe_gen[4].natural_order_input.PE/has_ovflo_control.delay_ovflo_valid/need_sclr_lut.real_shift_ram.d3plus.not_use_hlutnm_srls.i_shift_ram/i_bb_inst/f0.srl_sig_reg[19][0]_srl20/D
                            (rising edge-triggered cell SRLC32E clocked by clk500  {rise@0.000ns fall@1.000ns period=2.000ns})
  Path Group:             clk500
  Path Type:              Hold (Min at Fast Process Corner)
  Requirement:            0.000ns  (clk500 rise@0.000ns - clk500 rise@0.000ns)
  Data Path Delay:        0.119ns  (logic 0.039ns (32.773%)  route 0.080ns (67.227%))
  Logic Levels:           0  
  Clock Path Skew:        0.026ns (DCD - SCD - CPR)
    Destination Clock Delay (DCD):    0.039ns
    Source Clock Delay      (SCD):    0.013ns
    Clock Pessimism Removal (CPR):    -0.000ns

    Location             Delay type                Incr(ns)  Path(ns)    Netlist Resource(s)
  -------------------------------------------------------------------    -------------------
                         (clock clk500 rise edge)     0.000     0.000 r  
                                                      0.000     0.000 r  clk500 (IN)
                         net (fo=27266, unset)        0.013     0.013    sfo/initial_estimator/owner/fft/u_xfft/U0/i_synth/xfft_inst/non_floating_point.arch_d.xfft_inst/pe_gen[4].natural_order_input.PE/has_addr_gen.tw_addr_gen/aclk
    SLICE_X21Y24         FDRE                                         r  sfo/initial_estimator/owner/fft/u_xfft/U0/i_synth/xfft_inst/non_floating_point.arch_d.xfft_inst/pe_gen[4].natural_order_input.PE/has_addr_gen.tw_addr_gen/cnt_valid_reg/C
  -------------------------------------------------------------------    -------------------
    SLICE_X21Y24         FDRE (Prop_HFF_SLICEM_C_Q)
                                                      0.039     0.052 r  sfo/initial_estimator/owner/fft/u_xfft/U0/i_synth/xfft_inst/non_floating_point.arch_d.xfft_inst/pe_gen[4].natural_order_input.PE/has_addr_gen.tw_addr_gen/cnt_valid_reg/Q
                         net (fo=16, routed)          0.080     0.132    sfo/initial_estimator/owner/fft/u_xfft/U0/i_synth/xfft_inst/non_floating_point.arch_d.xfft_inst/pe_gen[4].natural_order_input.PE/has_ovflo_control.delay_ovflo_valid/need_sclr_lut.real_shift_ram.d3plus.not_use_hlutnm_srls.i_shift_ram/i_bb_inst/d[0]
    SLICE_X21Y23         SRLC32E                                      r  sfo/initial_estimator/owner/fft/u_xfft/U0/i_synth/xfft_inst/non_floating_point.arch_d.xfft_inst/pe_gen[4].natural_order_input.PE/has_ovflo_control.delay_ovflo_valid/need_sclr_lut.real_shift_ram.d3plus.not_use_hlutnm_srls.i_shift_ram/i_bb_inst/f0.srl_sig_reg[19][0]_srl20/D
  -------------------------------------------------------------------    -------------------

                         (clock clk500 rise edge)     0.000     0.000 r  
                                                      0.000     0.000 r  clk500 (IN)
                         net (fo=27266, unset)        0.039     0.039    sfo/initial_estimator/owner/fft/u_xfft/U0/i_synth/xfft_inst/non_floating_point.arch_d.xfft_inst/pe_gen[4].natural_order_input.PE/has_ovflo_control.delay_ovflo_valid/need_sclr_lut.real_shift_ram.d3plus.not_use_hlutnm_srls.i_shift_ram/i_bb_inst/clk
    SLICE_X21Y23         SRLC32E                                      r  sfo/initial_estimator/owner/fft/u_xfft/U0/i_synth/xfft_inst/non_floating_point.arch_d.xfft_inst/pe_gen[4].natural_order_input.PE/has_ovflo_control.delay_ovflo_valid/need_sclr_lut.real_shift_ram.d3plus.not_use_hlutnm_srls.i_shift_ram/i_bb_inst/f0.srl_sig_reg[19][0]_srl20/CLK
                         clock pessimism              0.000     0.039    
    SLICE_X21Y23         SRLC32E (Hold_H6LUT_SLICEM_CLK_D)
                                                      0.062     0.101    sfo/initial_estimator/owner/fft/u_xfft/U0/i_synth/xfft_inst/non_floating_point.arch_d.xfft_inst/pe_gen[4].natural_order_input.PE/has_ovflo_control.delay_ovflo_valid/need_sclr_lut.real_shift_ram.d3plus.not_use_hlutnm_srls.i_shift_ram/i_bb_inst/f0.srl_sig_reg[19][0]_srl20
  -------------------------------------------------------------------
                         required time                         -0.101    
                         arrival time                           0.132    
  -------------------------------------------------------------------
                         slack                                  0.031    

Slack (MET) :             0.031ns  (arrival time - required time)
  Source:                 sfo/residual_estimator/aux_service/u_xfft/U0/i_synth/xfft_inst/non_floating_point.arch_d.xfft_inst/pe_gen[3].natural_order_input.PE/hasbf2.FB_2.BF_2/twos_cmp.im_cmp/comp_gen[15].ff/C
                            (rising edge-triggered cell FDRE clocked by clk500  {rise@0.000ns fall@1.000ns period=2.000ns})
  Destination:            sfo/residual_estimator/aux_service/u_xfft/U0/i_synth/xfft_inst/non_floating_point.arch_d.xfft_inst/pe_gen[3].natural_order_input.PE/hasbf2.FB_2.BF_2/twos_cmp.btfly_x1_im_reg[15]/D
                            (rising edge-triggered cell FDRE clocked by clk500  {rise@0.000ns fall@1.000ns period=2.000ns})
  Path Group:             clk500
  Path Type:              Hold (Min at Fast Process Corner)
  Requirement:            0.000ns  (clk500 rise@0.000ns - clk500 rise@0.000ns)
  Data Path Delay:        0.084ns  (logic 0.039ns (46.429%)  route 0.045ns (53.571%))
  Logic Levels:           0  
  Clock Path Skew:        0.007ns (DCD - SCD - CPR)
    Destination Clock Delay (DCD):    0.019ns
    Source Clock Delay      (SCD):    0.012ns
    Clock Pessimism Removal (CPR):    -0.000ns

    Location             Delay type                Incr(ns)  Path(ns)    Netlist Resource(s)
  -------------------------------------------------------------------    -------------------
                         (clock clk500 rise edge)     0.000     0.000 r  
                                                      0.000     0.000 r  clk500 (IN)
                         net (fo=27266, unset)        0.012     0.012    sfo/residual_estimator/aux_service/u_xfft/U0/i_synth/xfft_inst/non_floating_point.arch_d.xfft_inst/pe_gen[3].natural_order_input.PE/hasbf2.FB_2.BF_2/twos_cmp.im_cmp/aclk
    SLICE_X228Y145       FDRE                                         r  sfo/residual_estimator/aux_service/u_xfft/U0/i_synth/xfft_inst/non_floating_point.arch_d.xfft_inst/pe_gen[3].natural_order_input.PE/hasbf2.FB_2.BF_2/twos_cmp.im_cmp/comp_gen[15].ff/C
  -------------------------------------------------------------------    -------------------
    SLICE_X228Y145       FDRE (Prop_AFF_SLICEL_C_Q)
                                                      0.039     0.051 r  sfo/residual_estimator/aux_service/u_xfft/U0/i_synth/xfft_inst/non_floating_point.arch_d.xfft_inst/pe_gen[3].natural_order_input.PE/hasbf2.FB_2.BF_2/twos_cmp.im_cmp/comp_gen[15].ff/Q
                         net (fo=1, routed)           0.045     0.096    sfo/residual_estimator/aux_service/u_xfft/U0/i_synth/xfft_inst/non_floating_point.arch_d.xfft_inst/pe_gen[3].natural_order_input.PE/hasbf2.FB_2.BF_2/btfly_x1_im_tmp[15]
    SLICE_X228Y145       FDRE                                         r  sfo/residual_estimator/aux_service/u_xfft/U0/i_synth/xfft_inst/non_floating_point.arch_d.xfft_inst/pe_gen[3].natural_order_input.PE/hasbf2.FB_2.BF_2/twos_cmp.btfly_x1_im_reg[15]/D
  -------------------------------------------------------------------    -------------------

                         (clock clk500 rise edge)     0.000     0.000 r  
                                                      0.000     0.000 r  clk500 (IN)
                         net (fo=27266, unset)        0.019     0.019    sfo/residual_estimator/aux_service/u_xfft/U0/i_synth/xfft_inst/non_floating_point.arch_d.xfft_inst/pe_gen[3].natural_order_input.PE/hasbf2.FB_2.BF_2/aclk
    SLICE_X228Y145       FDRE                                         r  sfo/residual_estimator/aux_service/u_xfft/U0/i_synth/xfft_inst/non_floating_point.arch_d.xfft_inst/pe_gen[3].natural_order_input.PE/hasbf2.FB_2.BF_2/twos_cmp.btfly_x1_im_reg[15]/C
                         clock pessimism              0.000     0.019    
    SLICE_X228Y145       FDRE (Hold_FFF_SLICEL_C_D)
                                                      0.046     0.065    sfo/residual_estimator/aux_service/u_xfft/U0/i_synth/xfft_inst/non_floating_point.arch_d.xfft_inst/pe_gen[3].natural_order_input.PE/hasbf2.FB_2.BF_2/twos_cmp.btfly_x1_im_reg[15]
  -------------------------------------------------------------------
                         required time                         -0.065    
                         arrival time                           0.096    
  -------------------------------------------------------------------
                         slack                                  0.031    

Slack (MET) :             0.035ns  (arrival time - required time)
  Source:                 sfo/residual_estimator/front_stage/main/service/u_xfft/U0/i_synth/xfft_inst/non_floating_point.arch_d.xfft_inst/pe_gen[5].natural_order_input.PE/FW_1.BF_1/mux_out_B/use_lut6_2.latency1.Q_reg[6]/C
                            (rising edge-triggered cell FDRE clocked by clk500  {rise@0.000ns fall@1.000ns period=2.000ns})
  Destination:            sfo/residual_estimator/front_stage/main/service/u_xfft/U0/i_synth/xfft_inst/non_floating_point.arch_d.xfft_inst/pe_gen[5].natural_order_input.PE/scaling1bit.scaler_im/scale_mux/use_lut6_2.latency1.Q_reg[7]/D
                            (rising edge-triggered cell FDRE clocked by clk500  {rise@0.000ns fall@1.000ns period=2.000ns})
  Path Group:             clk500
  Path Type:              Hold (Min at Fast Process Corner)
  Requirement:            0.000ns  (clk500 rise@0.000ns - clk500 rise@0.000ns)
  Data Path Delay:        0.088ns  (logic 0.059ns (67.045%)  route 0.029ns (32.955%))
  Logic Levels:           1  (LUT3=1)
  Clock Path Skew:        0.006ns (DCD - SCD - CPR)
    Destination Clock Delay (DCD):    0.019ns
    Source Clock Delay      (SCD):    0.013ns
    Clock Pessimism Removal (CPR):    -0.000ns

    Location             Delay type                Incr(ns)  Path(ns)    Netlist Resource(s)
  -------------------------------------------------------------------    -------------------
                         (clock clk500 rise edge)     0.000     0.000 r  
                                                      0.000     0.000 r  clk500 (IN)
                         net (fo=27266, unset)        0.013     0.013    sfo/residual_estimator/front_stage/main/service/u_xfft/U0/i_synth/xfft_inst/non_floating_point.arch_d.xfft_inst/pe_gen[5].natural_order_input.PE/FW_1.BF_1/mux_out_B/aclk
    SLICE_X158Y31        FDRE                                         r  sfo/residual_estimator/front_stage/main/service/u_xfft/U0/i_synth/xfft_inst/non_floating_point.arch_d.xfft_inst/pe_gen[5].natural_order_input.PE/FW_1.BF_1/mux_out_B/use_lut6_2.latency1.Q_reg[6]/C
  -------------------------------------------------------------------    -------------------
    SLICE_X158Y31        FDRE (Prop_HFF_SLICEL_C_Q)
                                                      0.039     0.052 r  sfo/residual_estimator/front_stage/main/service/u_xfft/U0/i_synth/xfft_inst/non_floating_point.arch_d.xfft_inst/pe_gen[5].natural_order_input.PE/FW_1.BF_1/mux_out_B/use_lut6_2.latency1.Q_reg[6]/Q
                         net (fo=2, routed)           0.023     0.075    sfo/residual_estimator/front_stage/main/service/u_xfft/U0/i_synth/xfft_inst/non_floating_point.arch_d.xfft_inst/pe_gen[5].natural_order_input.PE/scaling1bit.scaler_im/scale_mux/bf2_in_im[6]
    SLICE_X158Y31        LUT3 (Prop_G5LUT_SLICEL_I0_O)
                                                      0.020     0.095 r  sfo/residual_estimator/front_stage/main/service/u_xfft/U0/i_synth/xfft_inst/non_floating_point.arch_d.xfft_inst/pe_gen[5].natural_order_input.PE/scaling1bit.scaler_im/scale_mux/use_lut6_2.gen_full_lut6_2s[3].mlut1/O
                         net (fo=1, routed)           0.006     0.101    sfo/residual_estimator/front_stage/main/service/u_xfft/U0/i_synth/xfft_inst/non_floating_point.arch_d.xfft_inst/pe_gen[5].natural_order_input.PE/scaling1bit.scaler_im/scale_mux/qi[7]
    SLICE_X158Y31        FDRE                                         r  sfo/residual_estimator/front_stage/main/service/u_xfft/U0/i_synth/xfft_inst/non_floating_point.arch_d.xfft_inst/pe_gen[5].natural_order_input.PE/scaling1bit.scaler_im/scale_mux/use_lut6_2.latency1.Q_reg[7]/D
  -------------------------------------------------------------------    -------------------

                         (clock clk500 rise edge)     0.000     0.000 r  
                                                      0.000     0.000 r  clk500 (IN)
                         net (fo=27266, unset)        0.019     0.019    sfo/residual_estimator/front_stage/main/service/u_xfft/U0/i_synth/xfft_inst/non_floating_point.arch_d.xfft_inst/pe_gen[5].natural_order_input.PE/scaling1bit.scaler_im/scale_mux/aclk
    SLICE_X158Y31        FDRE                                         r  sfo/residual_estimator/front_stage/main/service/u_xfft/U0/i_synth/xfft_inst/non_floating_point.arch_d.xfft_inst/pe_gen[5].natural_order_input.PE/scaling1bit.scaler_im/scale_mux/use_lut6_2.latency1.Q_reg[7]/C
                         clock pessimism              0.000     0.019    
    SLICE_X158Y31        FDRE (Hold_GFF2_SLICEL_C_D)
                                                      0.047     0.066    sfo/residual_estimator/front_stage/main/service/u_xfft/U0/i_synth/xfft_inst/non_floating_point.arch_d.xfft_inst/pe_gen[5].natural_order_input.PE/scaling1bit.scaler_im/scale_mux/use_lut6_2.latency1.Q_reg[7]
  -------------------------------------------------------------------
                         required time                         -0.066    
                         arrival time                           0.101    
  -------------------------------------------------------------------
                         slack                                  0.035    

Slack (MET) :             0.036ns  (arrival time - required time)
  Source:                 sfo/initial_estimator/owner/fft/u_xfft/U0/i_synth/xfft_inst/non_floating_point.arch_d.xfft_inst/pe_gen[2].natural_order_input.PE/has_TW_mult.TW/twiddle_generator/tw2.twgen2/lut_rom.q2_read_reg[0]/C
                            (rising edge-triggered cell FDRE clocked by clk500  {rise@0.000ns fall@1.000ns period=2.000ns})
  Destination:            sfo/initial_estimator/owner/fft/u_xfft/U0/i_synth/xfft_inst/non_floating_point.arch_d.xfft_inst/pe_gen[2].natural_order_input.PE/has_TW_mult.TW/twiddle_generator/tw2.twgen2/SINE_reg[0]/D
                            (rising edge-triggered cell FDRE clocked by clk500  {rise@0.000ns fall@1.000ns period=2.000ns})
  Path Group:             clk500
  Path Type:              Hold (Min at Fast Process Corner)
  Requirement:            0.000ns  (clk500 rise@0.000ns - clk500 rise@0.000ns)
  Data Path Delay:        0.088ns  (logic 0.059ns (67.045%)  route 0.029ns (32.955%))
  Logic Levels:           1  (LUT3=1)
  Clock Path Skew:        0.005ns (DCD - SCD - CPR)
    Destination Clock Delay (DCD):    0.018ns
    Source Clock Delay      (SCD):    0.013ns
    Clock Pessimism Removal (CPR):    -0.000ns

    Location             Delay type                Incr(ns)  Path(ns)    Netlist Resource(s)
  -------------------------------------------------------------------    -------------------
                         (clock clk500 rise edge)     0.000     0.000 r  
                                                      0.000     0.000 r  clk500 (IN)
                         net (fo=27266, unset)        0.013     0.013    sfo/initial_estimator/owner/fft/u_xfft/U0/i_synth/xfft_inst/non_floating_point.arch_d.xfft_inst/pe_gen[2].natural_order_input.PE/has_TW_mult.TW/twiddle_generator/tw2.twgen2/CLK
    SLICE_X24Y6          FDRE                                         r  sfo/initial_estimator/owner/fft/u_xfft/U0/i_synth/xfft_inst/non_floating_point.arch_d.xfft_inst/pe_gen[2].natural_order_input.PE/has_TW_mult.TW/twiddle_generator/tw2.twgen2/lut_rom.q2_read_reg[0]/C
  -------------------------------------------------------------------    -------------------
    SLICE_X24Y6          FDRE (Prop_GFF_SLICEL_C_Q)
                                                      0.039     0.052 r  sfo/initial_estimator/owner/fft/u_xfft/U0/i_synth/xfft_inst/non_floating_point.arch_d.xfft_inst/pe_gen[2].natural_order_input.PE/has_TW_mult.TW/twiddle_generator/tw2.twgen2/lut_rom.q2_read_reg[0]/Q
                         net (fo=2, routed)           0.023     0.075    sfo/initial_estimator/owner/fft/u_xfft/U0/i_synth/xfft_inst/non_floating_point.arch_d.xfft_inst/pe_gen[2].natural_order_input.PE/has_TW_mult.TW/twiddle_generator/tw2.twgen2/q2_read[0]
    SLICE_X24Y6          LUT3 (Prop_D5LUT_SLICEL_I0_O)
                                                      0.020     0.095 r  sfo/initial_estimator/owner/fft/u_xfft/U0/i_synth/xfft_inst/non_floating_point.arch_d.xfft_inst/pe_gen[2].natural_order_input.PE/has_TW_mult.TW/twiddle_generator/tw2.twgen2/SINE[0]_i_1/O
                         net (fo=1, routed)           0.006     0.101    sfo/initial_estimator/owner/fft/u_xfft/U0/i_synth/xfft_inst/non_floating_point.arch_d.xfft_inst/pe_gen[2].natural_order_input.PE/has_TW_mult.TW/twiddle_generator/tw2.twgen2/p_0_in[0]
    SLICE_X24Y6          FDRE                                         r  sfo/initial_estimator/owner/fft/u_xfft/U0/i_synth/xfft_inst/non_floating_point.arch_d.xfft_inst/pe_gen[2].natural_order_input.PE/has_TW_mult.TW/twiddle_generator/tw2.twgen2/SINE_reg[0]/D
  -------------------------------------------------------------------    -------------------

                         (clock clk500 rise edge)     0.000     0.000 r  
                                                      0.000     0.000 r  clk500 (IN)
                         net (fo=27266, unset)        0.018     0.018    sfo/initial_estimator/owner/fft/u_xfft/U0/i_synth/xfft_inst/non_floating_point.arch_d.xfft_inst/pe_gen[2].natural_order_input.PE/has_TW_mult.TW/twiddle_generator/tw2.twgen2/CLK
    SLICE_X24Y6          FDRE                                         r  sfo/initial_estimator/owner/fft/u_xfft/U0/i_synth/xfft_inst/non_floating_point.arch_d.xfft_inst/pe_gen[2].natural_order_input.PE/has_TW_mult.TW/twiddle_generator/tw2.twgen2/SINE_reg[0]/C
                         clock pessimism              0.000     0.018    
    SLICE_X24Y6          FDRE (Hold_DFF2_SLICEL_C_D)
                                                      0.047     0.065    sfo/initial_estimator/owner/fft/u_xfft/U0/i_synth/xfft_inst/non_floating_point.arch_d.xfft_inst/pe_gen[2].natural_order_input.PE/has_TW_mult.TW/twiddle_generator/tw2.twgen2/SINE_reg[0]
  -------------------------------------------------------------------
                         required time                         -0.065    
                         arrival time                           0.101    
  -------------------------------------------------------------------
                         slack                                  0.036    

Slack (MET) :             0.036ns  (arrival time - required time)
  Source:                 sfo/initial_estimator/owner/fft/u_xfft/U0/i_synth/xfft_inst/non_floating_point.arch_d.xfft_inst/pe_gen[2].natural_order_input.PE/scaling2bits.scaler_im/scale_mux/four_inputs.use_lut6.no_lut_sclr.four_to_one_mux[25].latency1.reg/C
                            (rising edge-triggered cell FDRE clocked by clk500  {rise@0.000ns fall@1.000ns period=2.000ns})
  Destination:            sfo/initial_estimator/owner/fft/u_xfft/U0/i_synth/xfft_inst/non_floating_point.arch_d.xfft_inst/pe_gen[2].natural_order_input.PE/overflow.chk_ovfl/need_reg.opt_reg/D
                            (rising edge-triggered cell FDRE clocked by clk500  {rise@0.000ns fall@1.000ns period=2.000ns})
  Path Group:             clk500
  Path Type:              Hold (Min at Fast Process Corner)
  Requirement:            0.000ns  (clk500 rise@0.000ns - clk500 rise@0.000ns)
  Data Path Delay:        0.088ns  (logic 0.059ns (67.045%)  route 0.029ns (32.955%))
  Logic Levels:           1  (LUT5=1)
  Clock Path Skew:        0.005ns (DCD - SCD - CPR)
    Destination Clock Delay (DCD):    0.018ns
    Source Clock Delay      (SCD):    0.013ns
    Clock Pessimism Removal (CPR):    -0.000ns

    Location             Delay type                Incr(ns)  Path(ns)    Netlist Resource(s)
  -------------------------------------------------------------------    -------------------
                         (clock clk500 rise edge)     0.000     0.000 r  
                                                      0.000     0.000 r  clk500 (IN)
                         net (fo=27266, unset)        0.013     0.013    sfo/initial_estimator/owner/fft/u_xfft/U0/i_synth/xfft_inst/non_floating_point.arch_d.xfft_inst/pe_gen[2].natural_order_input.PE/scaling2bits.scaler_im/scale_mux/aclk
    SLICE_X26Y9          FDRE                                         r  sfo/initial_estimator/owner/fft/u_xfft/U0/i_synth/xfft_inst/non_floating_point.arch_d.xfft_inst/pe_gen[2].natural_order_input.PE/scaling2bits.scaler_im/scale_mux/four_inputs.use_lut6.no_lut_sclr.four_to_one_mux[25].latency1.reg/C
  -------------------------------------------------------------------    -------------------
    SLICE_X26Y9          FDRE (Prop_GFF_SLICEL_C_Q)
                                                      0.039     0.052 r  sfo/initial_estimator/owner/fft/u_xfft/U0/i_synth/xfft_inst/non_floating_point.arch_d.xfft_inst/pe_gen[2].natural_order_input.PE/scaling2bits.scaler_im/scale_mux/four_inputs.use_lut6.no_lut_sclr.four_to_one_mux[25].latency1.reg/Q
                         net (fo=1, routed)           0.023     0.075    sfo/initial_estimator/owner/fft/u_xfft/U0/i_synth/xfft_inst/non_floating_point.arch_d.xfft_inst/pe_gen[2].natural_order_input.PE/scaling2bits.scaler_im/scale_mux/scale_out_im[25]
    SLICE_X26Y9          LUT5 (Prop_D5LUT_SLICEL_I3_O)
                                                      0.020     0.095 r  sfo/initial_estimator/owner/fft/u_xfft/U0/i_synth/xfft_inst/non_floating_point.arch_d.xfft_inst/pe_gen[2].natural_order_input.PE/scaling2bits.scaler_im/scale_mux/need_reg.opt_i_1__1/O
                         net (fo=1, routed)           0.006     0.101    sfo/initial_estimator/owner/fft/u_xfft/U0/i_synth/xfft_inst/non_floating_point.arch_d.xfft_inst/pe_gen[2].natural_order_input.PE/overflow.chk_ovfl/ovflo_i
    SLICE_X26Y9          FDRE                                         r  sfo/initial_estimator/owner/fft/u_xfft/U0/i_synth/xfft_inst/non_floating_point.arch_d.xfft_inst/pe_gen[2].natural_order_input.PE/overflow.chk_ovfl/need_reg.opt_reg/D
  -------------------------------------------------------------------    -------------------

                         (clock clk500 rise edge)     0.000     0.000 r  
                                                      0.000     0.000 r  clk500 (IN)
                         net (fo=27266, unset)        0.018     0.018    sfo/initial_estimator/owner/fft/u_xfft/U0/i_synth/xfft_inst/non_floating_point.arch_d.xfft_inst/pe_gen[2].natural_order_input.PE/overflow.chk_ovfl/aclk
    SLICE_X26Y9          FDRE                                         r  sfo/initial_estimator/owner/fft/u_xfft/U0/i_synth/xfft_inst/non_floating_point.arch_d.xfft_inst/pe_gen[2].natural_order_input.PE/overflow.chk_ovfl/need_reg.opt_reg/C
                         clock pessimism              0.000     0.018    
    SLICE_X26Y9          FDRE (Hold_DFF2_SLICEL_C_D)
                                                      0.047     0.065    sfo/initial_estimator/owner/fft/u_xfft/U0/i_synth/xfft_inst/non_floating_point.arch_d.xfft_inst/pe_gen[2].natural_order_input.PE/overflow.chk_ovfl/need_reg.opt_reg
  -------------------------------------------------------------------
                         required time                         -0.065    
                         arrival time                           0.101    
  -------------------------------------------------------------------
                         slack                                  0.036    





Pulse Width Checks
--------------------------------------------------------------------------------------
Clock Name:         clk500
Waveform(ns):       { 0.000 1.000 }
Period(ns):         2.000
Sources:            { clk500 }

Check Type        Corner  Lib Pin             Reference Pin  Required(ns)  Actual(ns)  Slack(ns)  Location       Pin
Min Period        n/a     RAMB36E2/CLKARDCLK  n/a            1.569         2.000       0.431      RAMB36_X9Y30   cfo/observation_front/fft_core/bank0_reg_bram_0/CLKARDCLK
Min Period        n/a     RAMB18E2/CLKARDCLK  n/a            1.569         2.000       0.431      RAMB18_X9Y64   cfo/observation_front/fft_core/bank0_reg_bram_1/CLKARDCLK
Min Period        n/a     RAMB36E2/CLKARDCLK  n/a            1.569         2.000       0.431      RAMB36_X9Y31   cfo/observation_front/fft_core/bank1_reg_bram_0/CLKARDCLK
Min Period        n/a     RAMB18E2/CLKARDCLK  n/a            1.569         2.000       0.431      RAMB18_X10Y62  cfo/observation_front/fft_core/bank1_reg_bram_1/CLKARDCLK
Min Period        n/a     RAMB36E2/CLKARDCLK  n/a            1.355         2.000       0.645      RAMB36_X8Y20   cfo/observation_front/coefficient_address_reg_0_0/CLKARDCLK
Min Period        n/a     RAMB36E2/CLKARDCLK  n/a            1.355         2.000       0.645      RAMB36_X9Y29   cfo/observation_front/coefficient_address_reg_0_1/CLKARDCLK
Min Period        n/a     RAMB36E2/CLKARDCLK  n/a            1.355         2.000       0.645      RAMB36_X8Y19   cfo/observation_front/coefficient_address_reg_0_2/CLKARDCLK
Min Period        n/a     RAMB36E2/CLKARDCLK  n/a            1.355         2.000       0.645      RAMB36_X8Y30   cfo/observation_front/coefficient_address_reg_1_0/CLKARDCLK
Min Period        n/a     RAMB36E2/CLKARDCLK  n/a            1.355         2.000       0.645      RAMB36_X8Y29   cfo/observation_front/coefficient_address_reg_1_1/CLKARDCLK
Min Period        n/a     RAMB36E2/CLKARDCLK  n/a            1.355         2.000       0.645      RAMB36_X10Y20  cfo/observation_front/coefficient_address_reg_1_2/CLKARDCLK
Low Pulse Width   Slow    RAMB36E2/CLKARDCLK  n/a            0.542         1.000       0.458      RAMB36_X8Y20   cfo/observation_front/coefficient_address_reg_0_0/CLKARDCLK
Low Pulse Width   Fast    RAMB36E2/CLKARDCLK  n/a            0.542         1.000       0.458      RAMB36_X8Y20   cfo/observation_front/coefficient_address_reg_0_0/CLKARDCLK
Low Pulse Width   Slow    RAMB36E2/CLKARDCLK  n/a            0.542         1.000       0.458      RAMB36_X9Y29   cfo/observation_front/coefficient_address_reg_0_1/CLKARDCLK
Low Pulse Width   Fast    RAMB36E2/CLKARDCLK  n/a            0.542         1.000       0.458      RAMB36_X9Y29   cfo/observation_front/coefficient_address_reg_0_1/CLKARDCLK
Low Pulse Width   Slow    RAMB36E2/CLKARDCLK  n/a            0.542         1.000       0.458      RAMB36_X8Y19   cfo/observation_front/coefficient_address_reg_0_2/CLKARDCLK
Low Pulse Width   Fast    RAMB36E2/CLKARDCLK  n/a            0.542         1.000       0.458      RAMB36_X8Y19   cfo/observation_front/coefficient_address_reg_0_2/CLKARDCLK
Low Pulse Width   Slow    RAMB36E2/CLKARDCLK  n/a            0.542         1.000       0.458      RAMB36_X8Y30   cfo/observation_front/coefficient_address_reg_1_0/CLKARDCLK
Low Pulse Width   Fast    RAMB36E2/CLKARDCLK  n/a            0.542         1.000       0.458      RAMB36_X8Y30   cfo/observation_front/coefficient_address_reg_1_0/CLKARDCLK
Low Pulse Width   Slow    RAMB36E2/CLKARDCLK  n/a            0.542         1.000       0.458      RAMB36_X8Y29   cfo/observation_front/coefficient_address_reg_1_1/CLKARDCLK
Low Pulse Width   Fast    RAMB36E2/CLKARDCLK  n/a            0.542         1.000       0.458      RAMB36_X8Y29   cfo/observation_front/coefficient_address_reg_1_1/CLKARDCLK
High Pulse Width  Slow    RAMB36E2/CLKARDCLK  n/a            0.542         1.000       0.458      RAMB36_X8Y20   cfo/observation_front/coefficient_address_reg_0_0/CLKARDCLK
High Pulse Width  Fast    RAMB36E2/CLKARDCLK  n/a            0.542         1.000       0.458      RAMB36_X8Y20   cfo/observation_front/coefficient_address_reg_0_0/CLKARDCLK
High Pulse Width  Slow    RAMB36E2/CLKARDCLK  n/a            0.542         1.000       0.458      RAMB36_X9Y29   cfo/observation_front/coefficient_address_reg_0_1/CLKARDCLK
High Pulse Width  Fast    RAMB36E2/CLKARDCLK  n/a            0.542         1.000       0.458      RAMB36_X9Y29   cfo/observation_front/coefficient_address_reg_0_1/CLKARDCLK
High Pulse Width  Slow    RAMB36E2/CLKARDCLK  n/a            0.542         1.000       0.458      RAMB36_X8Y19   cfo/observation_front/coefficient_address_reg_0_2/CLKARDCLK
High Pulse Width  Fast    RAMB36E2/CLKARDCLK  n/a            0.542         1.000       0.458      RAMB36_X8Y19   cfo/observation_front/coefficient_address_reg_0_2/CLKARDCLK
High Pulse Width  Slow    RAMB36E2/CLKARDCLK  n/a            0.542         1.000       0.458      RAMB36_X8Y30   cfo/observation_front/coefficient_address_reg_1_0/CLKARDCLK
High Pulse Width  Fast    RAMB36E2/CLKARDCLK  n/a            0.542         1.000       0.458      RAMB36_X8Y30   cfo/observation_front/coefficient_address_reg_1_0/CLKARDCLK
High Pulse Width  Slow    RAMB36E2/CLKARDCLK  n/a            0.542         1.000       0.458      RAMB36_X8Y29   cfo/observation_front/coefficient_address_reg_1_1/CLKARDCLK
High Pulse Width  Fast    RAMB36E2/CLKARDCLK  n/a            0.542         1.000       0.458      RAMB36_X8Y29   cfo/observation_front/coefficient_address_reg_1_1/CLKARDCLK



---------------------------------------------------------------------------------------------------
From Clock:  clk150
  To Clock:  clk125

Setup :            0  Failing Endpoints,  Worst Slack        5.622ns,  Total Violation        0.000ns
Hold  :           NA  Failing Endpoints,  Worst Slack           NA  ,  Total Violation           NA
---------------------------------------------------------------------------------------------------


Max Delay Paths
--------------------------------------------------------------------------------------
Slack (MET) :             5.622ns  (required time - arrival time)
  Source:                 sfo/two_pass_transport/initial_context_cdc/record_fifo/gnuram_async_fifo.xpm_fifo_base_inst/gen_cdc_pntr.rd_pntr_cdc_inst/src_gray_ff_reg[3]/C
                            (rising edge-triggered cell FDRE clocked by clk150  {rise@0.000ns fall@3.333ns period=6.667ns})
  Destination:            sfo/two_pass_transport/initial_context_cdc/record_fifo/gnuram_async_fifo.xpm_fifo_base_inst/gen_cdc_pntr.rd_pntr_cdc_inst/dest_graysync_ff_reg[0][3]/D
                            (rising edge-triggered cell FDRE clocked by clk125  {rise@0.000ns fall@4.000ns period=8.000ns})
  Path Group:             clk125
  Path Type:              Setup (Max at Slow Process Corner)
  Requirement:            6.667ns  (MaxDelay Path 6.667ns)
  Data Path Delay:        1.070ns  (logic 0.081ns (7.570%)  route 0.989ns (92.430%))
  Logic Levels:           0  
  Timing Exception:       MaxDelay Path 6.667ns -datapath_only

    Location             Delay type                Incr(ns)  Path(ns)    Netlist Resource(s)
  -------------------------------------------------------------------    -------------------
    SLICE_X116Y141                                    0.000     0.000 r  sfo/two_pass_transport/initial_context_cdc/record_fifo/gnuram_async_fifo.xpm_fifo_base_inst/gen_cdc_pntr.rd_pntr_cdc_inst/src_gray_ff_reg[3]/C
    SLICE_X116Y141       FDRE (Prop_DFF2_SLICEL_C_Q)
                                                      0.081     0.081 r  sfo/two_pass_transport/initial_context_cdc/record_fifo/gnuram_async_fifo.xpm_fifo_base_inst/gen_cdc_pntr.rd_pntr_cdc_inst/src_gray_ff_reg[3]/Q
                         net (fo=1, routed)           0.989     1.070    sfo/two_pass_transport/initial_context_cdc/record_fifo/gnuram_async_fifo.xpm_fifo_base_inst/gen_cdc_pntr.rd_pntr_cdc_inst/async_path[3]
    SLICE_X116Y141       FDRE                                         r  sfo/two_pass_transport/initial_context_cdc/record_fifo/gnuram_async_fifo.xpm_fifo_base_inst/gen_cdc_pntr.rd_pntr_cdc_inst/dest_graysync_ff_reg[0][3]/D
  -------------------------------------------------------------------    -------------------

                         max delay                    6.667     6.667    
    SLICE_X116Y141       FDRE (Setup_GFF2_SLICEL_C_D)
                                                      0.025     6.692    sfo/two_pass_transport/initial_context_cdc/record_fifo/gnuram_async_fifo.xpm_fifo_base_inst/gen_cdc_pntr.rd_pntr_cdc_inst/dest_graysync_ff_reg[0][3]
  -------------------------------------------------------------------
                         required time                          6.692    
                         arrival time                          -1.070    
  -------------------------------------------------------------------
                         slack                                  5.622    

Slack (MET) :             5.755ns  (required time - arrival time)
  Source:                 sfo/two_pass_transport/residual_result_cdc/record_fifo/gnuram_async_fifo.xpm_fifo_base_inst/gen_cdc_pntr.rd_pntr_cdc_inst/src_gray_ff_reg[2]/C
                            (rising edge-triggered cell FDRE clocked by clk150  {rise@0.000ns fall@3.333ns period=6.667ns})
  Destination:            sfo/two_pass_transport/residual_result_cdc/record_fifo/gnuram_async_fifo.xpm_fifo_base_inst/gen_cdc_pntr.rd_pntr_cdc_inst/dest_graysync_ff_reg[0][2]/D
                            (rising edge-triggered cell FDRE clocked by clk125  {rise@0.000ns fall@4.000ns period=8.000ns})
  Path Group:             clk125
  Path Type:              Setup (Max at Slow Process Corner)
  Requirement:            6.667ns  (MaxDelay Path 6.667ns)
  Data Path Delay:        0.937ns  (logic 0.079ns (8.431%)  route 0.858ns (91.569%))
  Logic Levels:           0  
  Timing Exception:       MaxDelay Path 6.667ns -datapath_only

    Location             Delay type                Incr(ns)  Path(ns)    Netlist Resource(s)
  -------------------------------------------------------------------    -------------------
    SLICE_X116Y202                                    0.000     0.000 r  sfo/two_pass_transport/residual_result_cdc/record_fifo/gnuram_async_fifo.xpm_fifo_base_inst/gen_cdc_pntr.rd_pntr_cdc_inst/src_gray_ff_reg[2]/C
    SLICE_X116Y202       FDRE (Prop_HFF_SLICEL_C_Q)
                                                      0.079     0.079 r  sfo/two_pass_transport/residual_result_cdc/record_fifo/gnuram_async_fifo.xpm_fifo_base_inst/gen_cdc_pntr.rd_pntr_cdc_inst/src_gray_ff_reg[2]/Q
                         net (fo=1, routed)           0.858     0.937    sfo/two_pass_transport/residual_result_cdc/record_fifo/gnuram_async_fifo.xpm_fifo_base_inst/gen_cdc_pntr.rd_pntr_cdc_inst/async_path[2]
    SLICE_X116Y202       FDRE                                         r  sfo/two_pass_transport/residual_result_cdc/record_fifo/gnuram_async_fifo.xpm_fifo_base_inst/gen_cdc_pntr.rd_pntr_cdc_inst/dest_graysync_ff_reg[0][2]/D
  -------------------------------------------------------------------    -------------------

                         max delay                    6.667     6.667    
    SLICE_X116Y202       FDRE (Setup_CFF2_SLICEL_C_D)
                                                      0.025     6.692    sfo/two_pass_transport/residual_result_cdc/record_fifo/gnuram_async_fifo.xpm_fifo_base_inst/gen_cdc_pntr.rd_pntr_cdc_inst/dest_graysync_ff_reg[0][2]
  -------------------------------------------------------------------
                         required time                          6.692    
                         arrival time                          -0.937    
  -------------------------------------------------------------------
                         slack                                  5.755    

Slack (MET) :             5.984ns  (required time - arrival time)
  Source:                 sfo/two_pass_transport/shared_raw.hub/raw_cdc/record_fifo/gnuram_async_fifo.xpm_fifo_base_inst/gen_cdc_pntr.rd_pntr_cdc_inst/src_gray_ff_reg[4]/C
                            (rising edge-triggered cell FDRE clocked by clk150  {rise@0.000ns fall@3.333ns period=6.667ns})
  Destination:            sfo/two_pass_transport/shared_raw.hub/raw_cdc/record_fifo/gnuram_async_fifo.xpm_fifo_base_inst/gen_cdc_pntr.rd_pntr_cdc_inst/dest_graysync_ff_reg[0][4]/D
                            (rising edge-triggered cell FDRE clocked by clk125  {rise@0.000ns fall@4.000ns period=8.000ns})
  Path Group:             clk125
  Path Type:              Setup (Max at Slow Process Corner)
  Requirement:            6.667ns  (MaxDelay Path 6.667ns)
  Data Path Delay:        0.708ns  (logic 0.080ns (11.299%)  route 0.628ns (88.701%))
  Logic Levels:           0  
  Timing Exception:       MaxDelay Path 6.667ns -datapath_only

    Location             Delay type                Incr(ns)  Path(ns)    Netlist Resource(s)
  -------------------------------------------------------------------    -------------------
    SLICE_X145Y51                                     0.000     0.000 r  sfo/two_pass_transport/shared_raw.hub/raw_cdc/record_fifo/gnuram_async_fifo.xpm_fifo_base_inst/gen_cdc_pntr.rd_pntr_cdc_inst/src_gray_ff_reg[4]/C
    SLICE_X145Y51        FDRE (Prop_DFF2_SLICEM_C_Q)
                                                      0.080     0.080 r  sfo/two_pass_transport/shared_raw.hub/raw_cdc/record_fifo/gnuram_async_fifo.xpm_fifo_base_inst/gen_cdc_pntr.rd_pntr_cdc_inst/src_gray_ff_reg[4]/Q
                         net (fo=1, routed)           0.628     0.708    sfo/two_pass_transport/shared_raw.hub/raw_cdc/record_fifo/gnuram_async_fifo.xpm_fifo_base_inst/gen_cdc_pntr.rd_pntr_cdc_inst/async_path[4]
    SLICE_X144Y51        FDRE                                         r  sfo/two_pass_transport/shared_raw.hub/raw_cdc/record_fifo/gnuram_async_fifo.xpm_fifo_base_inst/gen_cdc_pntr.rd_pntr_cdc_inst/dest_graysync_ff_reg[0][4]/D
  -------------------------------------------------------------------    -------------------

                         max delay                    6.667     6.667    
    SLICE_X144Y51        FDRE (Setup_CFF2_SLICEL_C_D)
                                                      0.025     6.692    sfo/two_pass_transport/shared_raw.hub/raw_cdc/record_fifo/gnuram_async_fifo.xpm_fifo_base_inst/gen_cdc_pntr.rd_pntr_cdc_inst/dest_graysync_ff_reg[0][4]
  -------------------------------------------------------------------
                         required time                          6.692    
                         arrival time                          -0.708    
  -------------------------------------------------------------------
                         slack                                  5.984    

Slack (MET) :             6.000ns  (required time - arrival time)
  Source:                 sfo/two_pass_transport/shared_raw.hub/raw_cdc/record_fifo/gnuram_async_fifo.xpm_fifo_base_inst/gen_cdc_pntr.rd_pntr_cdc_inst/src_gray_ff_reg[1]/C
                            (rising edge-triggered cell FDRE clocked by clk150  {rise@0.000ns fall@3.333ns period=6.667ns})
  Destination:            sfo/two_pass_transport/shared_raw.hub/raw_cdc/record_fifo/gnuram_async_fifo.xpm_fifo_base_inst/gen_cdc_pntr.rd_pntr_cdc_inst/dest_graysync_ff_reg[0][1]/D
                            (rising edge-triggered cell FDRE clocked by clk125  {rise@0.000ns fall@4.000ns period=8.000ns})
  Path Group:             clk125
  Path Type:              Setup (Max at Slow Process Corner)
  Requirement:            6.667ns  (MaxDelay Path 6.667ns)
  Data Path Delay:        0.692ns  (logic 0.077ns (11.127%)  route 0.615ns (88.873%))
  Logic Levels:           0  
  Timing Exception:       MaxDelay Path 6.667ns -datapath_only

    Location             Delay type                Incr(ns)  Path(ns)    Netlist Resource(s)
  -------------------------------------------------------------------    -------------------
    SLICE_X145Y50                                     0.000     0.000 r  sfo/two_pass_transport/shared_raw.hub/raw_cdc/record_fifo/gnuram_async_fifo.xpm_fifo_base_inst/gen_cdc_pntr.rd_pntr_cdc_inst/src_gray_ff_reg[1]/C
    SLICE_X145Y50        FDRE (Prop_CFF2_SLICEM_C_Q)
                                                      0.077     0.077 r  sfo/two_pass_transport/shared_raw.hub/raw_cdc/record_fifo/gnuram_async_fifo.xpm_fifo_base_inst/gen_cdc_pntr.rd_pntr_cdc_inst/src_gray_ff_reg[1]/Q
                         net (fo=1, routed)           0.615     0.692    sfo/two_pass_transport/shared_raw.hub/raw_cdc/record_fifo/gnuram_async_fifo.xpm_fifo_base_inst/gen_cdc_pntr.rd_pntr_cdc_inst/async_path[1]
    SLICE_X145Y50        FDRE                                         r  sfo/two_pass_transport/shared_raw.hub/raw_cdc/record_fifo/gnuram_async_fifo.xpm_fifo_base_inst/gen_cdc_pntr.rd_pntr_cdc_inst/dest_graysync_ff_reg[0][1]/D
  -------------------------------------------------------------------    -------------------

                         max delay                    6.667     6.667    
    SLICE_X145Y50        FDRE (Setup_HFF2_SLICEM_C_D)
                                                      0.025     6.692    sfo/two_pass_transport/shared_raw.hub/raw_cdc/record_fifo/gnuram_async_fifo.xpm_fifo_base_inst/gen_cdc_pntr.rd_pntr_cdc_inst/dest_graysync_ff_reg[0][1]
  -------------------------------------------------------------------
                         required time                          6.692    
                         arrival time                          -0.692    
  -------------------------------------------------------------------
                         slack                                  6.000    

Slack (MET) :             6.015ns  (required time - arrival time)
  Source:                 sfo/two_pass_transport/shared_raw.hub/training_data/record_fifo/gnuram_async_fifo.xpm_fifo_base_inst/gen_cdc_pntr.wr_pntr_cdc_inst/src_gray_ff_reg[5]/C
                            (rising edge-triggered cell FDRE clocked by clk150  {rise@0.000ns fall@3.333ns period=6.667ns})
  Destination:            sfo/two_pass_transport/shared_raw.hub/training_data/record_fifo/gnuram_async_fifo.xpm_fifo_base_inst/gen_cdc_pntr.wr_pntr_cdc_inst/dest_graysync_ff_reg[0][5]/D
                            (rising edge-triggered cell FDRE clocked by clk125  {rise@0.000ns fall@4.000ns period=8.000ns})
  Path Group:             clk125
  Path Type:              Setup (Max at Slow Process Corner)
  Requirement:            6.667ns  (MaxDelay Path 6.667ns)
  Data Path Delay:        0.677ns  (logic 0.081ns (11.965%)  route 0.596ns (88.035%))
  Logic Levels:           0  
  Timing Exception:       MaxDelay Path 6.667ns -datapath_only

    Location             Delay type                Incr(ns)  Path(ns)    Netlist Resource(s)
  -------------------------------------------------------------------    -------------------
    SLICE_X32Y85                                      0.000     0.000 r  sfo/two_pass_transport/shared_raw.hub/training_data/record_fifo/gnuram_async_fifo.xpm_fifo_base_inst/gen_cdc_pntr.wr_pntr_cdc_inst/src_gray_ff_reg[5]/C
    SLICE_X32Y85         FDRE (Prop_DFF2_SLICEL_C_Q)
                                                      0.081     0.081 r  sfo/two_pass_transport/shared_raw.hub/training_data/record_fifo/gnuram_async_fifo.xpm_fifo_base_inst/gen_cdc_pntr.wr_pntr_cdc_inst/src_gray_ff_reg[5]/Q
                         net (fo=1, routed)           0.596     0.677    sfo/two_pass_transport/shared_raw.hub/training_data/record_fifo/gnuram_async_fifo.xpm_fifo_base_inst/gen_cdc_pntr.wr_pntr_cdc_inst/async_path[5]
    SLICE_X32Y85         FDRE                                         r  sfo/two_pass_transport/shared_raw.hub/training_data/record_fifo/gnuram_async_fifo.xpm_fifo_base_inst/gen_cdc_pntr.wr_pntr_cdc_inst/dest_graysync_ff_reg[0][5]/D
  -------------------------------------------------------------------    -------------------

                         max delay                    6.667     6.667    
    SLICE_X32Y85         FDRE (Setup_GFF2_SLICEL_C_D)
                                                      0.025     6.692    sfo/two_pass_transport/shared_raw.hub/training_data/record_fifo/gnuram_async_fifo.xpm_fifo_base_inst/gen_cdc_pntr.wr_pntr_cdc_inst/dest_graysync_ff_reg[0][5]
  -------------------------------------------------------------------
                         required time                          6.692    
                         arrival time                          -0.677    
  -------------------------------------------------------------------
                         slack                                  6.015    

Slack (MET) :             6.033ns  (required time - arrival time)
  Source:                 sfo/two_pass_transport/progressive_cdc.progress/record_fifo/gnuram_async_fifo.xpm_fifo_base_inst/gen_cdc_pntr.wr_pntr_cdc_inst/src_gray_ff_reg[4]/C
                            (rising edge-triggered cell FDRE clocked by clk150  {rise@0.000ns fall@3.333ns period=6.667ns})
  Destination:            sfo/two_pass_transport/progressive_cdc.progress/record_fifo/gnuram_async_fifo.xpm_fifo_base_inst/gen_cdc_pntr.wr_pntr_cdc_inst/dest_graysync_ff_reg[0][4]/D
                            (rising edge-triggered cell FDRE clocked by clk125  {rise@0.000ns fall@4.000ns period=8.000ns})
  Path Group:             clk125
  Path Type:              Setup (Max at Slow Process Corner)
  Requirement:            6.667ns  (MaxDelay Path 6.667ns)
  Data Path Delay:        0.659ns  (logic 0.079ns (11.988%)  route 0.580ns (88.012%))
  Logic Levels:           0  
  Timing Exception:       MaxDelay Path 6.667ns -datapath_only

    Location             Delay type                Incr(ns)  Path(ns)    Netlist Resource(s)
  -------------------------------------------------------------------    -------------------
    SLICE_X148Y194                                    0.000     0.000 r  sfo/two_pass_transport/progressive_cdc.progress/record_fifo/gnuram_async_fifo.xpm_fifo_base_inst/gen_cdc_pntr.wr_pntr_cdc_inst/src_gray_ff_reg[4]/C
    SLICE_X148Y194       FDRE (Prop_GFF_SLICEL_C_Q)
                                                      0.079     0.079 r  sfo/two_pass_transport/progressive_cdc.progress/record_fifo/gnuram_async_fifo.xpm_fifo_base_inst/gen_cdc_pntr.wr_pntr_cdc_inst/src_gray_ff_reg[4]/Q
                         net (fo=1, routed)           0.580     0.659    sfo/two_pass_transport/progressive_cdc.progress/record_fifo/gnuram_async_fifo.xpm_fifo_base_inst/gen_cdc_pntr.wr_pntr_cdc_inst/async_path[4]
    SLICE_X142Y189       FDRE                                         r  sfo/two_pass_transport/progressive_cdc.progress/record_fifo/gnuram_async_fifo.xpm_fifo_base_inst/gen_cdc_pntr.wr_pntr_cdc_inst/dest_graysync_ff_reg[0][4]/D
  -------------------------------------------------------------------    -------------------

                         max delay                    6.667     6.667    
    SLICE_X142Y189       FDRE (Setup_GFF2_SLICEM_C_D)
                                                      0.025     6.692    sfo/two_pass_transport/progressive_cdc.progress/record_fifo/gnuram_async_fifo.xpm_fifo_base_inst/gen_cdc_pntr.wr_pntr_cdc_inst/dest_graysync_ff_reg[0][4]
  -------------------------------------------------------------------
                         required time                          6.692    
                         arrival time                          -0.659    
  -------------------------------------------------------------------
                         slack                                  6.033    

Slack (MET) :             6.036ns  (required time - arrival time)
  Source:                 sfo/two_pass_transport/shared_raw.hub/training_configuration/record_fifo/gnuram_async_fifo.xpm_fifo_base_inst/gen_cdc_pntr.wr_pntr_cdc_inst/src_gray_ff_reg[4]/C
                            (rising edge-triggered cell FDRE clocked by clk150  {rise@0.000ns fall@3.333ns period=6.667ns})
  Destination:            sfo/two_pass_transport/shared_raw.hub/training_configuration/record_fifo/gnuram_async_fifo.xpm_fifo_base_inst/gen_cdc_pntr.wr_pntr_cdc_inst/dest_graysync_ff_reg[0][4]/D
                            (rising edge-triggered cell FDRE clocked by clk125  {rise@0.000ns fall@4.000ns period=8.000ns})
  Path Group:             clk125
  Path Type:              Setup (Max at Slow Process Corner)
  Requirement:            6.667ns  (MaxDelay Path 6.667ns)
  Data Path Delay:        0.656ns  (logic 0.081ns (12.348%)  route 0.575ns (87.652%))
  Logic Levels:           0  
  Timing Exception:       MaxDelay Path 6.667ns -datapath_only

    Location             Delay type                Incr(ns)  Path(ns)    Netlist Resource(s)
  -------------------------------------------------------------------    -------------------
    SLICE_X101Y115                                    0.000     0.000 r  sfo/two_pass_transport/shared_raw.hub/training_configuration/record_fifo/gnuram_async_fifo.xpm_fifo_base_inst/gen_cdc_pntr.wr_pntr_cdc_inst/src_gray_ff_reg[4]/C
    SLICE_X101Y115       FDRE (Prop_EFF2_SLICEL_C_Q)
                                                      0.081     0.081 r  sfo/two_pass_transport/shared_raw.hub/training_configuration/record_fifo/gnuram_async_fifo.xpm_fifo_base_inst/gen_cdc_pntr.wr_pntr_cdc_inst/src_gray_ff_reg[4]/Q
                         net (fo=1, routed)           0.575     0.656    sfo/two_pass_transport/shared_raw.hub/training_configuration/record_fifo/gnuram_async_fifo.xpm_fifo_base_inst/gen_cdc_pntr.wr_pntr_cdc_inst/async_path[4]
    SLICE_X101Y115       FDRE                                         r  sfo/two_pass_transport/shared_raw.hub/training_configuration/record_fifo/gnuram_async_fifo.xpm_fifo_base_inst/gen_cdc_pntr.wr_pntr_cdc_inst/dest_graysync_ff_reg[0][4]/D
  -------------------------------------------------------------------    -------------------

                         max delay                    6.667     6.667    
    SLICE_X101Y115       FDRE (Setup_DFF2_SLICEL_C_D)
                                                      0.025     6.692    sfo/two_pass_transport/shared_raw.hub/training_configuration/record_fifo/gnuram_async_fifo.xpm_fifo_base_inst/gen_cdc_pntr.wr_pntr_cdc_inst/dest_graysync_ff_reg[0][4]
  -------------------------------------------------------------------
                         required time                          6.692    
                         arrival time                          -0.656    
  -------------------------------------------------------------------
                         slack                                  6.036    

Slack (MET) :             6.049ns  (required time - arrival time)
  Source:                 metadata/record_fifo/gnuram_async_fifo.xpm_fifo_base_inst/gen_cdc_pntr.rd_pntr_cdc_inst/src_gray_ff_reg[2]/C
                            (rising edge-triggered cell FDRE clocked by clk150  {rise@0.000ns fall@3.333ns period=6.667ns})
  Destination:            metadata/record_fifo/gnuram_async_fifo.xpm_fifo_base_inst/gen_cdc_pntr.rd_pntr_cdc_inst/dest_graysync_ff_reg[0][2]/D
                            (rising edge-triggered cell FDRE clocked by clk125  {rise@0.000ns fall@4.000ns period=8.000ns})
  Path Group:             clk125
  Path Type:              Setup (Max at Slow Process Corner)
  Requirement:            6.667ns  (MaxDelay Path 6.667ns)
  Data Path Delay:        0.643ns  (logic 0.078ns (12.131%)  route 0.565ns (87.869%))
  Logic Levels:           0  
  Timing Exception:       MaxDelay Path 6.667ns -datapath_only

    Location             Delay type                Incr(ns)  Path(ns)    Netlist Resource(s)
  -------------------------------------------------------------------    -------------------
    SLICE_X109Y168                                    0.000     0.000 r  metadata/record_fifo/gnuram_async_fifo.xpm_fifo_base_inst/gen_cdc_pntr.rd_pntr_cdc_inst/src_gray_ff_reg[2]/C
    SLICE_X109Y168       FDRE (Prop_BFF_SLICEM_C_Q)
                                                      0.078     0.078 r  metadata/record_fifo/gnuram_async_fifo.xpm_fifo_base_inst/gen_cdc_pntr.rd_pntr_cdc_inst/src_gray_ff_reg[2]/Q
                         net (fo=1, routed)           0.565     0.643    metadata/record_fifo/gnuram_async_fifo.xpm_fifo_base_inst/gen_cdc_pntr.rd_pntr_cdc_inst/async_path[2]
    SLICE_X100Y168       FDRE                                         r  metadata/record_fifo/gnuram_async_fifo.xpm_fifo_base_inst/gen_cdc_pntr.rd_pntr_cdc_inst/dest_graysync_ff_reg[0][2]/D
  -------------------------------------------------------------------    -------------------

                         max delay                    6.667     6.667    
    SLICE_X100Y168       FDRE (Setup_HFF2_SLICEM_C_D)
                                                      0.025     6.692    metadata/record_fifo/gnuram_async_fifo.xpm_fifo_base_inst/gen_cdc_pntr.rd_pntr_cdc_inst/dest_graysync_ff_reg[0][2]
  -------------------------------------------------------------------
                         required time                          6.692    
                         arrival time                          -0.643    
  -------------------------------------------------------------------
                         slack                                  6.049    

Slack (MET) :             6.078ns  (required time - arrival time)
  Source:                 sfo/two_pass_transport/progressive_cdc.progress/record_fifo/gnuram_async_fifo.xpm_fifo_base_inst/gen_cdc_pntr.wr_pntr_cdc_inst/src_gray_ff_reg[6]/C
                            (rising edge-triggered cell FDRE clocked by clk150  {rise@0.000ns fall@3.333ns period=6.667ns})
  Destination:            sfo/two_pass_transport/progressive_cdc.progress/record_fifo/gnuram_async_fifo.xpm_fifo_base_inst/gen_cdc_pntr.wr_pntr_cdc_inst/dest_graysync_ff_reg[0][6]/D
                            (rising edge-triggered cell FDRE clocked by clk125  {rise@0.000ns fall@4.000ns period=8.000ns})
  Path Group:             clk125
  Path Type:              Setup (Max at Slow Process Corner)
  Requirement:            6.667ns  (MaxDelay Path 6.667ns)
  Data Path Delay:        0.614ns  (logic 0.079ns (12.866%)  route 0.535ns (87.134%))
  Logic Levels:           0  
  Timing Exception:       MaxDelay Path 6.667ns -datapath_only

    Location             Delay type                Incr(ns)  Path(ns)    Netlist Resource(s)
  -------------------------------------------------------------------    -------------------
    SLICE_X148Y186                                    0.000     0.000 r  sfo/two_pass_transport/progressive_cdc.progress/record_fifo/gnuram_async_fifo.xpm_fifo_base_inst/gen_cdc_pntr.wr_pntr_cdc_inst/src_gray_ff_reg[6]/C
    SLICE_X148Y186       FDRE (Prop_CFF_SLICEL_C_Q)
                                                      0.079     0.079 r  sfo/two_pass_transport/progressive_cdc.progress/record_fifo/gnuram_async_fifo.xpm_fifo_base_inst/gen_cdc_pntr.wr_pntr_cdc_inst/src_gray_ff_reg[6]/Q
                         net (fo=1, routed)           0.535     0.614    sfo/two_pass_transport/progressive_cdc.progress/record_fifo/gnuram_async_fifo.xpm_fifo_base_inst/gen_cdc_pntr.wr_pntr_cdc_inst/async_path[6]
    SLICE_X141Y186       FDRE                                         r  sfo/two_pass_transport/progressive_cdc.progress/record_fifo/gnuram_async_fifo.xpm_fifo_base_inst/gen_cdc_pntr.wr_pntr_cdc_inst/dest_graysync_ff_reg[0][6]/D
  -------------------------------------------------------------------    -------------------

                         max delay                    6.667     6.667    
    SLICE_X141Y186       FDRE (Setup_DFF2_SLICEM_C_D)
                                                      0.025     6.692    sfo/two_pass_transport/progressive_cdc.progress/record_fifo/gnuram_async_fifo.xpm_fifo_base_inst/gen_cdc_pntr.wr_pntr_cdc_inst/dest_graysync_ff_reg[0][6]
  -------------------------------------------------------------------
                         required time                          6.692    
                         arrival time                          -0.614    
  -------------------------------------------------------------------
                         slack                                  6.078    

Slack (MET) :             6.130ns  (required time - arrival time)
  Source:                 metadata/record_fifo/gnuram_async_fifo.xpm_fifo_base_inst/gen_cdc_pntr.rd_pntr_cdc_inst/src_gray_ff_reg[3]/C
                            (rising edge-triggered cell FDRE clocked by clk150  {rise@0.000ns fall@3.333ns period=6.667ns})
  Destination:            metadata/record_fifo/gnuram_async_fifo.xpm_fifo_base_inst/gen_cdc_pntr.rd_pntr_cdc_inst/dest_graysync_ff_reg[0][3]/D
                            (rising edge-triggered cell FDRE clocked by clk125  {rise@0.000ns fall@4.000ns period=8.000ns})
  Path Group:             clk125
  Path Type:              Setup (Max at Slow Process Corner)
  Requirement:            6.667ns  (MaxDelay Path 6.667ns)
  Data Path Delay:        0.562ns  (logic 0.080ns (14.235%)  route 0.482ns (85.765%))
  Logic Levels:           0  
  Timing Exception:       MaxDelay Path 6.667ns -datapath_only

    Location             Delay type                Incr(ns)  Path(ns)    Netlist Resource(s)
  -------------------------------------------------------------------    -------------------
    SLICE_X109Y168                                    0.000     0.000 r  metadata/record_fifo/gnuram_async_fifo.xpm_fifo_base_inst/gen_cdc_pntr.rd_pntr_cdc_inst/src_gray_ff_reg[3]/C
    SLICE_X109Y168       FDRE (Prop_BFF2_SLICEM_C_Q)
                                                      0.080     0.080 r  metadata/record_fifo/gnuram_async_fifo.xpm_fifo_base_inst/gen_cdc_pntr.rd_pntr_cdc_inst/src_gray_ff_reg[3]/Q
                         net (fo=1, routed)           0.482     0.562    metadata/record_fifo/gnuram_async_fifo.xpm_fifo_base_inst/gen_cdc_pntr.rd_pntr_cdc_inst/async_path[3]
    SLICE_X100Y168       FDRE                                         r  metadata/record_fifo/gnuram_async_fifo.xpm_fifo_base_inst/gen_cdc_pntr.rd_pntr_cdc_inst/dest_graysync_ff_reg[0][3]/D
  -------------------------------------------------------------------    -------------------

                         max delay                    6.667     6.667    
    SLICE_X100Y168       FDRE (Setup_GFF2_SLICEM_C_D)
                                                      0.025     6.692    metadata/record_fifo/gnuram_async_fifo.xpm_fifo_base_inst/gen_cdc_pntr.rd_pntr_cdc_inst/dest_graysync_ff_reg[0][3]
  -------------------------------------------------------------------
                         required time                          6.692    
                         arrival time                          -0.562    
  -------------------------------------------------------------------
                         slack                                  6.130    





---------------------------------------------------------------------------------------------------
From Clock:  clk500
  To Clock:  clk125

Setup :            0  Failing Endpoints,  Worst Slack        1.229ns,  Total Violation        0.000ns
Hold  :            0  Failing Endpoints,  Worst Slack        0.041ns,  Total Violation        0.000ns
---------------------------------------------------------------------------------------------------


Max Delay Paths
--------------------------------------------------------------------------------------
Slack (MET) :             1.229ns  (required time - arrival time)
  Source:                 sfo/residual_estimator/aux_service/status_toggle_reg/C
                            (rising edge-triggered cell FDRE clocked by clk500  {rise@0.000ns fall@1.000ns period=2.000ns})
  Destination:            sfo/residual_estimator/aux_service/status_sync_reg[0]/D
                            (rising edge-triggered cell FDRE clocked by clk125  {rise@0.000ns fall@4.000ns period=8.000ns})
  Path Group:             clk125
  Path Type:              Setup (Max at Slow Process Corner)
  Requirement:            2.000ns  (clk125 rise@8.000ns - clk500 rise@6.000ns)
  Data Path Delay:        0.753ns  (logic 0.079ns (10.491%)  route 0.674ns (89.509%))
  Logic Levels:           0  
  Clock Path Skew:        -0.008ns (DCD - SCD + CPR)
    Destination Clock Delay (DCD):    0.020ns = ( 8.020 - 8.000 ) 
    Source Clock Delay      (SCD):    0.028ns = ( 6.028 - 6.000 ) 
    Clock Pessimism Removal (CPR):    0.000ns
  Clock Uncertainty:      0.035ns  ((TSJ^2 + TIJ^2)^1/2 + DJ) / 2 + PE
    Total System Jitter     (TSJ):    0.071ns
    Total Input Jitter      (TIJ):    0.000ns
    Discrete Jitter          (DJ):    0.000ns
    Phase Error              (PE):    0.000ns
  Clock Domain Crossing:  Inter clock paths are considered valid unless explicitly excluded by timing constraints such as set_clock_groups or set_false_path.

    Location             Delay type                Incr(ns)  Path(ns)    Netlist Resource(s)
  -------------------------------------------------------------------    -------------------
                         (clock clk500 rise edge)     6.000     6.000 r  
                                                      0.000     6.000 r  clk500 (IN)
                         net (fo=27266, unset)        0.028     6.028    sfo/residual_estimator/aux_service/clk_500
    SLICE_X178Y199       FDRE                                         r  sfo/residual_estimator/aux_service/status_toggle_reg/C
  -------------------------------------------------------------------    -------------------
    SLICE_X178Y199       FDRE (Prop_DFF_SLICEL_C_Q)
                                                      0.079     6.107 r  sfo/residual_estimator/aux_service/status_toggle_reg/Q
                         net (fo=2, routed)           0.674     6.781    sfo/residual_estimator/aux_service/status_toggle
    SLICE_X151Y201       FDRE                                         r  sfo/residual_estimator/aux_service/status_sync_reg[0]/D
  -------------------------------------------------------------------    -------------------

                         (clock clk125 rise edge)     8.000     8.000 r  
                                                      0.000     8.000 r  clk125 (IN)
                         net (fo=95403, unset)        0.020     8.020    sfo/residual_estimator/aux_service/clk_125
    SLICE_X151Y201       FDRE                                         r  sfo/residual_estimator/aux_service/status_sync_reg[0]/C
                         clock pessimism              0.000     8.020    
                         clock uncertainty           -0.035     7.985    
    SLICE_X151Y201       FDRE (Setup_DFF2_SLICEL_C_D)
                                                      0.025     8.010    sfo/residual_estimator/aux_service/status_sync_reg[0]
  -------------------------------------------------------------------
                         required time                          8.010    
                         arrival time                          -6.781    
  -------------------------------------------------------------------
                         slack                                  1.229    

Slack (MET) :             1.312ns  (required time - arrival time)
  Source:                 sfo/residual_estimator/aux_service/egress_overflow_500_reg/C
                            (rising edge-triggered cell FDRE clocked by clk500  {rise@0.000ns fall@1.000ns period=2.000ns})
  Destination:            sfo/residual_estimator/aux_service/errors_meta_reg[3]/D
                            (rising edge-triggered cell FDRE clocked by clk125  {rise@0.000ns fall@4.000ns period=8.000ns})
  Path Group:             clk125
  Path Type:              Setup (Max at Slow Process Corner)
  Requirement:            2.000ns  (clk125 rise@8.000ns - clk500 rise@6.000ns)
  Data Path Delay:        0.670ns  (logic 0.080ns (11.940%)  route 0.590ns (88.060%))
  Logic Levels:           0  
  Clock Path Skew:        -0.008ns (DCD - SCD + CPR)
    Destination Clock Delay (DCD):    0.021ns = ( 8.021 - 8.000 ) 
    Source Clock Delay      (SCD):    0.029ns = ( 6.029 - 6.000 ) 
    Clock Pessimism Removal (CPR):    0.000ns
  Clock Uncertainty:      0.035ns  ((TSJ^2 + TIJ^2)^1/2 + DJ) / 2 + PE
    Total System Jitter     (TSJ):    0.071ns
    Total Input Jitter      (TIJ):    0.000ns
    Discrete Jitter          (DJ):    0.000ns
    Phase Error              (PE):    0.000ns
  Clock Domain Crossing:  Inter clock paths are considered valid unless explicitly excluded by timing constraints such as set_clock_groups or set_false_path.

    Location             Delay type                Incr(ns)  Path(ns)    Netlist Resource(s)
  -------------------------------------------------------------------    -------------------
                         (clock clk500 rise edge)     6.000     6.000 r  
                                                      0.000     6.000 r  clk500 (IN)
                         net (fo=27266, unset)        0.029     6.029    sfo/residual_estimator/aux_service/clk_500
    SLICE_X190Y181       FDRE                                         r  sfo/residual_estimator/aux_service/egress_overflow_500_reg/C
  -------------------------------------------------------------------    -------------------
    SLICE_X190Y181       FDRE (Prop_HFF2_SLICEL_C_Q)
                                                      0.080     6.109 r  sfo/residual_estimator/aux_service/egress_overflow_500_reg/Q
                         net (fo=2, routed)           0.590     6.699    sfo/residual_estimator/aux_service/p_1_in[3]
    SLICE_X206Y179       FDRE                                         r  sfo/residual_estimator/aux_service/errors_meta_reg[3]/D
  -------------------------------------------------------------------    -------------------

                         (clock clk125 rise edge)     8.000     8.000 r  
                                                      0.000     8.000 r  clk125 (IN)
                         net (fo=95403, unset)        0.021     8.021    sfo/residual_estimator/aux_service/clk_125
    SLICE_X206Y179       FDRE                                         r  sfo/residual_estimator/aux_service/errors_meta_reg[3]/C
                         clock pessimism              0.000     8.021    
                         clock uncertainty           -0.035     7.986    
    SLICE_X206Y179       FDRE (Setup_DFF2_SLICEM_C_D)
                                                      0.025     8.011    sfo/residual_estimator/aux_service/errors_meta_reg[3]
  -------------------------------------------------------------------
                         required time                          8.011    
                         arrival time                          -6.699    
  -------------------------------------------------------------------
                         slack                                  1.312    

Slack (MET) :             1.338ns  (required time - arrival time)
  Source:                 sfo/residual_estimator/front_stage/main/service/xfft_protocol_error_500_reg/C
                            (rising edge-triggered cell FDRE clocked by clk500  {rise@0.000ns fall@1.000ns period=2.000ns})
  Destination:            sfo/residual_estimator/front_stage/main/service/errors_meta_reg[1]/D
                            (rising edge-triggered cell FDRE clocked by clk125  {rise@0.000ns fall@4.000ns period=8.000ns})
  Path Group:             clk125
  Path Type:              Setup (Max at Slow Process Corner)
  Requirement:            2.000ns  (clk125 rise@8.000ns - clk500 rise@6.000ns)
  Data Path Delay:        0.644ns  (logic 0.079ns (12.267%)  route 0.565ns (87.733%))
  Logic Levels:           0  
  Clock Path Skew:        -0.008ns (DCD - SCD + CPR)
    Destination Clock Delay (DCD):    0.021ns = ( 8.021 - 8.000 ) 
    Source Clock Delay      (SCD):    0.029ns = ( 6.029 - 6.000 ) 
    Clock Pessimism Removal (CPR):    0.000ns
  Clock Uncertainty:      0.035ns  ((TSJ^2 + TIJ^2)^1/2 + DJ) / 2 + PE
    Total System Jitter     (TSJ):    0.071ns
    Total Input Jitter      (TIJ):    0.000ns
    Discrete Jitter          (DJ):    0.000ns
    Phase Error              (PE):    0.000ns
  Clock Domain Crossing:  Inter clock paths are considered valid unless explicitly excluded by timing constraints such as set_clock_groups or set_false_path.

    Location             Delay type                Incr(ns)  Path(ns)    Netlist Resource(s)
  -------------------------------------------------------------------    -------------------
                         (clock clk500 rise edge)     6.000     6.000 r  
                                                      0.000     6.000 r  clk500 (IN)
                         net (fo=27266, unset)        0.029     6.029    sfo/residual_estimator/front_stage/main/service/clk_500
    SLICE_X140Y117       FDRE                                         r  sfo/residual_estimator/front_stage/main/service/xfft_protocol_error_500_reg/C
  -------------------------------------------------------------------    -------------------
    SLICE_X140Y117       FDRE (Prop_HFF_SLICEL_C_Q)
                                                      0.079     6.108 r  sfo/residual_estimator/front_stage/main/service/xfft_protocol_error_500_reg/Q
                         net (fo=2, routed)           0.565     6.673    sfo/residual_estimator/front_stage/main/service/p_1_in[1]
    SLICE_X141Y144       FDRE                                         r  sfo/residual_estimator/front_stage/main/service/errors_meta_reg[1]/D
  -------------------------------------------------------------------    -------------------

                         (clock clk125 rise edge)     8.000     8.000 r  
                                                      0.000     8.000 r  clk125 (IN)
                         net (fo=95403, unset)        0.021     8.021    sfo/residual_estimator/front_stage/main/service/clk_125
    SLICE_X141Y144       FDRE                                         r  sfo/residual_estimator/front_stage/main/service/errors_meta_reg[1]/C
                         clock pessimism              0.000     8.021    
                         clock uncertainty           -0.035     7.986    
    SLICE_X141Y144       FDRE (Setup_DFF2_SLICEM_C_D)
                                                      0.025     8.011    sfo/residual_estimator/front_stage/main/service/errors_meta_reg[1]
  -------------------------------------------------------------------
                         required time                          8.011    
                         arrival time                          -6.673    
  -------------------------------------------------------------------
                         slack                                  1.338    

Slack (MET) :             1.362ns  (required time - arrival time)
  Source:                 sfo/residual_estimator/front_stage/main/service/xfft_overflow_500_reg/C
                            (rising edge-triggered cell FDRE clocked by clk500  {rise@0.000ns fall@1.000ns period=2.000ns})
  Destination:            sfo/residual_estimator/front_stage/main/service/errors_meta_reg[0]/D
                            (rising edge-triggered cell FDRE clocked by clk125  {rise@0.000ns fall@4.000ns period=8.000ns})
  Path Group:             clk125
  Path Type:              Setup (Max at Slow Process Corner)
  Requirement:            2.000ns  (clk125 rise@8.000ns - clk500 rise@6.000ns)
  Data Path Delay:        0.620ns  (logic 0.079ns (12.742%)  route 0.541ns (87.258%))
  Logic Levels:           0  
  Clock Path Skew:        -0.008ns (DCD - SCD + CPR)
    Destination Clock Delay (DCD):    0.020ns = ( 8.020 - 8.000 ) 
    Source Clock Delay      (SCD):    0.028ns = ( 6.028 - 6.000 ) 
    Clock Pessimism Removal (CPR):    0.000ns
  Clock Uncertainty:      0.035ns  ((TSJ^2 + TIJ^2)^1/2 + DJ) / 2 + PE
    Total System Jitter     (TSJ):    0.071ns
    Total Input Jitter      (TIJ):    0.000ns
    Discrete Jitter          (DJ):    0.000ns
    Phase Error              (PE):    0.000ns
  Clock Domain Crossing:  Inter clock paths are considered valid unless explicitly excluded by timing constraints such as set_clock_groups or set_false_path.

    Location             Delay type                Incr(ns)  Path(ns)    Netlist Resource(s)
  -------------------------------------------------------------------    -------------------
                         (clock clk500 rise edge)     6.000     6.000 r  
                                                      0.000     6.000 r  clk500 (IN)
                         net (fo=27266, unset)        0.028     6.028    sfo/residual_estimator/front_stage/main/service/clk_500
    SLICE_X140Y117       FDRE                                         r  sfo/residual_estimator/front_stage/main/service/xfft_overflow_500_reg/C
  -------------------------------------------------------------------    -------------------
    SLICE_X140Y117       FDRE (Prop_CFF_SLICEL_C_Q)
                                                      0.079     6.107 r  sfo/residual_estimator/front_stage/main/service/xfft_overflow_500_reg/Q
                         net (fo=2, routed)           0.541     6.648    sfo/residual_estimator/front_stage/main/service/p_1_in[0]
    SLICE_X140Y149       FDRE                                         r  sfo/residual_estimator/front_stage/main/service/errors_meta_reg[0]/D
  -------------------------------------------------------------------    -------------------

                         (clock clk125 rise edge)     8.000     8.000 r  
                                                      0.000     8.000 r  clk125 (IN)
                         net (fo=95403, unset)        0.020     8.020    sfo/residual_estimator/front_stage/main/service/clk_125
    SLICE_X140Y149       FDRE                                         r  sfo/residual_estimator/front_stage/main/service/errors_meta_reg[0]/C
                         clock pessimism              0.000     8.020    
                         clock uncertainty           -0.035     7.985    
    SLICE_X140Y149       FDRE (Setup_HFF2_SLICEL_C_D)
                                                      0.025     8.010    sfo/residual_estimator/front_stage/main/service/errors_meta_reg[0]
  -------------------------------------------------------------------
                         required time                          8.010    
                         arrival time                          -6.648    
  -------------------------------------------------------------------
                         slack                                  1.362    

Slack (MET) :             1.376ns  (required time - arrival time)
  Source:                 sfo/residual_estimator/front_stage/main/service/status_toggle_reg/C
                            (rising edge-triggered cell FDRE clocked by clk500  {rise@0.000ns fall@1.000ns period=2.000ns})
  Destination:            sfo/residual_estimator/front_stage/main/service/status_sync_reg[0]/D
                            (rising edge-triggered cell FDRE clocked by clk125  {rise@0.000ns fall@4.000ns period=8.000ns})
  Path Group:             clk125
  Path Type:              Setup (Max at Slow Process Corner)
  Requirement:            2.000ns  (clk125 rise@8.000ns - clk500 rise@6.000ns)
  Data Path Delay:        0.604ns  (logic 0.076ns (12.583%)  route 0.528ns (87.417%))
  Logic Levels:           0  
  Clock Path Skew:        -0.010ns (DCD - SCD + CPR)
    Destination Clock Delay (DCD):    0.020ns = ( 8.020 - 8.000 ) 
    Source Clock Delay      (SCD):    0.030ns = ( 6.030 - 6.000 ) 
    Clock Pessimism Removal (CPR):    0.000ns
  Clock Uncertainty:      0.035ns  ((TSJ^2 + TIJ^2)^1/2 + DJ) / 2 + PE
    Total System Jitter     (TSJ):    0.071ns
    Total Input Jitter      (TIJ):    0.000ns
    Discrete Jitter          (DJ):    0.000ns
    Phase Error              (PE):    0.000ns
  Clock Domain Crossing:  Inter clock paths are considered valid unless explicitly excluded by timing constraints such as set_clock_groups or set_false_path.

    Location             Delay type                Incr(ns)  Path(ns)    Netlist Resource(s)
  -------------------------------------------------------------------    -------------------
                         (clock clk500 rise edge)     6.000     6.000 r  
                                                      0.000     6.000 r  clk500 (IN)
                         net (fo=27266, unset)        0.030     6.030    sfo/residual_estimator/front_stage/main/service/clk_500
    SLICE_X142Y116       FDRE                                         r  sfo/residual_estimator/front_stage/main/service/status_toggle_reg/C
  -------------------------------------------------------------------    -------------------
    SLICE_X142Y116       FDRE (Prop_FFF_SLICEM_C_Q)
                                                      0.076     6.106 r  sfo/residual_estimator/front_stage/main/service/status_toggle_reg/Q
                         net (fo=2, routed)           0.528     6.634    sfo/residual_estimator/front_stage/main/service/status_toggle
    SLICE_X143Y116       FDRE                                         r  sfo/residual_estimator/front_stage/main/service/status_sync_reg[0]/D
  -------------------------------------------------------------------    -------------------

                         (clock clk125 rise edge)     8.000     8.000 r  
                                                      0.000     8.000 r  clk125 (IN)
                         net (fo=95403, unset)        0.020     8.020    sfo/residual_estimator/front_stage/main/service/clk_125
    SLICE_X143Y116       FDRE                                         r  sfo/residual_estimator/front_stage/main/service/status_sync_reg[0]/C
                         clock pessimism              0.000     8.020    
                         clock uncertainty           -0.035     7.985    
    SLICE_X143Y116       FDRE (Setup_DFF2_SLICEL_C_D)
                                                      0.025     8.010    sfo/residual_estimator/front_stage/main/service/status_sync_reg[0]
  -------------------------------------------------------------------
                         required time                          8.010    
                         arrival time                          -6.634    
  -------------------------------------------------------------------
                         slack                                  1.376    

Slack (MET) :             1.402ns  (required time - arrival time)
  Source:                 sfo/residual_estimator/aux_service/xfft_protocol_error_500_reg/C
                            (rising edge-triggered cell FDRE clocked by clk500  {rise@0.000ns fall@1.000ns period=2.000ns})
  Destination:            sfo/residual_estimator/aux_service/errors_meta_reg[1]/D
                            (rising edge-triggered cell FDRE clocked by clk125  {rise@0.000ns fall@4.000ns period=8.000ns})
  Path Group:             clk125
  Path Type:              Setup (Max at Slow Process Corner)
  Requirement:            2.000ns  (clk125 rise@8.000ns - clk500 rise@6.000ns)
  Data Path Delay:        0.579ns  (logic 0.079ns (13.644%)  route 0.500ns (86.356%))
  Logic Levels:           0  
  Clock Path Skew:        -0.009ns (DCD - SCD + CPR)
    Destination Clock Delay (DCD):    0.021ns = ( 8.021 - 8.000 ) 
    Source Clock Delay      (SCD):    0.030ns = ( 6.030 - 6.000 ) 
    Clock Pessimism Removal (CPR):    0.000ns
  Clock Uncertainty:      0.035ns  ((TSJ^2 + TIJ^2)^1/2 + DJ) / 2 + PE
    Total System Jitter     (TSJ):    0.071ns
    Total Input Jitter      (TIJ):    0.000ns
    Discrete Jitter          (DJ):    0.000ns
    Phase Error              (PE):    0.000ns
  Clock Domain Crossing:  Inter clock paths are considered valid unless explicitly excluded by timing constraints such as set_clock_groups or set_false_path.

    Location             Delay type                Incr(ns)  Path(ns)    Netlist Resource(s)
  -------------------------------------------------------------------    -------------------
                         (clock clk500 rise edge)     6.000     6.000 r  
                                                      0.000     6.000 r  clk500 (IN)
                         net (fo=27266, unset)        0.030     6.030    sfo/residual_estimator/aux_service/clk_500
    SLICE_X214Y153       FDRE                                         r  sfo/residual_estimator/aux_service/xfft_protocol_error_500_reg/C
  -------------------------------------------------------------------    -------------------
    SLICE_X214Y153       FDRE (Prop_HFF_SLICEM_C_Q)
                                                      0.079     6.109 r  sfo/residual_estimator/aux_service/xfft_protocol_error_500_reg/Q
                         net (fo=2, routed)           0.500     6.609    sfo/residual_estimator/aux_service/p_1_in[1]
    SLICE_X208Y173       FDRE                                         r  sfo/residual_estimator/aux_service/errors_meta_reg[1]/D
  -------------------------------------------------------------------    -------------------

                         (clock clk125 rise edge)     8.000     8.000 r  
                                                      0.000     8.000 r  clk125 (IN)
                         net (fo=95403, unset)        0.021     8.021    sfo/residual_estimator/aux_service/clk_125
    SLICE_X208Y173       FDRE                                         r  sfo/residual_estimator/aux_service/errors_meta_reg[1]/C
                         clock pessimism              0.000     8.021    
                         clock uncertainty           -0.035     7.986    
    SLICE_X208Y173       FDRE (Setup_HFF2_SLICEM_C_D)
                                                      0.025     8.011    sfo/residual_estimator/aux_service/errors_meta_reg[1]
  -------------------------------------------------------------------
                         required time                          8.011    
                         arrival time                          -6.609    
  -------------------------------------------------------------------
                         slack                                  1.402    

Slack (MET) :             1.419ns  (required time - arrival time)
  Source:                 sfo/residual_estimator/front_stage/main/service/egress_overflow_500_reg/C
                            (rising edge-triggered cell FDRE clocked by clk500  {rise@0.000ns fall@1.000ns period=2.000ns})
  Destination:            sfo/residual_estimator/front_stage/main/service/errors_meta_reg[3]/D
                            (rising edge-triggered cell FDRE clocked by clk125  {rise@0.000ns fall@4.000ns period=8.000ns})
  Path Group:             clk125
  Path Type:              Setup (Max at Slow Process Corner)
  Requirement:            2.000ns  (clk125 rise@8.000ns - clk500 rise@6.000ns)
  Data Path Delay:        0.562ns  (logic 0.078ns (13.879%)  route 0.484ns (86.121%))
  Logic Levels:           0  
  Clock Path Skew:        -0.009ns (DCD - SCD + CPR)
    Destination Clock Delay (DCD):    0.021ns = ( 8.021 - 8.000 ) 
    Source Clock Delay      (SCD):    0.030ns = ( 6.030 - 6.000 ) 
    Clock Pessimism Removal (CPR):    0.000ns
  Clock Uncertainty:      0.035ns  ((TSJ^2 + TIJ^2)^1/2 + DJ) / 2 + PE
    Total System Jitter     (TSJ):    0.071ns
    Total Input Jitter      (TIJ):    0.000ns
    Discrete Jitter          (DJ):    0.000ns
    Phase Error              (PE):    0.000ns
  Clock Domain Crossing:  Inter clock paths are considered valid unless explicitly excluded by timing constraints such as set_clock_groups or set_false_path.

    Location             Delay type                Incr(ns)  Path(ns)    Netlist Resource(s)
  -------------------------------------------------------------------    -------------------
                         (clock clk500 rise edge)     6.000     6.000 r  
                                                      0.000     6.000 r  clk500 (IN)
                         net (fo=27266, unset)        0.030     6.030    sfo/residual_estimator/front_stage/main/service/clk_500
    SLICE_X141Y121       FDRE                                         r  sfo/residual_estimator/front_stage/main/service/egress_overflow_500_reg/C
  -------------------------------------------------------------------    -------------------
    SLICE_X141Y121       FDRE (Prop_HFF2_SLICEM_C_Q)
                                                      0.078     6.108 r  sfo/residual_estimator/front_stage/main/service/egress_overflow_500_reg/Q
                         net (fo=2, routed)           0.484     6.592    sfo/residual_estimator/front_stage/main/service/p_1_in[3]
    SLICE_X141Y144       FDRE                                         r  sfo/residual_estimator/front_stage/main/service/errors_meta_reg[3]/D
  -------------------------------------------------------------------    -------------------

                         (clock clk125 rise edge)     8.000     8.000 r  
                                                      0.000     8.000 r  clk125 (IN)
                         net (fo=95403, unset)        0.021     8.021    sfo/residual_estimator/front_stage/main/service/clk_125
    SLICE_X141Y144       FDRE                                         r  sfo/residual_estimator/front_stage/main/service/errors_meta_reg[3]/C
                         clock pessimism              0.000     8.021    
                         clock uncertainty           -0.035     7.986    
    SLICE_X141Y144       FDRE (Setup_CFF2_SLICEM_C_D)
                                                      0.025     8.011    sfo/residual_estimator/front_stage/main/service/errors_meta_reg[3]
  -------------------------------------------------------------------
                         required time                          8.011    
                         arrival time                          -6.592    
  -------------------------------------------------------------------
                         slack                                  1.419    

Slack (MET) :             1.447ns  (required time - arrival time)
  Source:                 sfo/residual_estimator/front_stage/main/service/u_egress_fifo/gnuram_async_fifo.xpm_fifo_base_inst/gen_cdc_pntr.wr_pntr_cdc_inst/src_gray_ff_reg[2]/C
                            (rising edge-triggered cell FDRE clocked by clk500  {rise@0.000ns fall@1.000ns period=2.000ns})
  Destination:            sfo/residual_estimator/front_stage/main/service/u_egress_fifo/gnuram_async_fifo.xpm_fifo_base_inst/gen_cdc_pntr.wr_pntr_cdc_inst/dest_graysync_ff_reg[0][2]/D
                            (rising edge-triggered cell FDRE clocked by clk125  {rise@0.000ns fall@4.000ns period=8.000ns})
  Path Group:             clk125
  Path Type:              Setup (Max at Slow Process Corner)
  Requirement:            2.000ns  (MaxDelay Path 2.000ns)
  Data Path Delay:        0.578ns  (logic 0.079ns (13.668%)  route 0.499ns (86.332%))
  Logic Levels:           0  
  Timing Exception:       MaxDelay Path 2.000ns -datapath_only

    Location             Delay type                Incr(ns)  Path(ns)    Netlist Resource(s)
  -------------------------------------------------------------------    -------------------
    SLICE_X143Y136                                    0.000     0.000 r  sfo/residual_estimator/front_stage/main/service/u_egress_fifo/gnuram_async_fifo.xpm_fifo_base_inst/gen_cdc_pntr.wr_pntr_cdc_inst/src_gray_ff_reg[2]/C
    SLICE_X143Y136       FDRE (Prop_EFF_SLICEL_C_Q)
                                                      0.079     0.079 r  sfo/residual_estimator/front_stage/main/service/u_egress_fifo/gnuram_async_fifo.xpm_fifo_base_inst/gen_cdc_pntr.wr_pntr_cdc_inst/src_gray_ff_reg[2]/Q
                         net (fo=1, routed)           0.499     0.578    sfo/residual_estimator/front_stage/main/service/u_egress_fifo/gnuram_async_fifo.xpm_fifo_base_inst/gen_cdc_pntr.wr_pntr_cdc_inst/async_path[2]
    SLICE_X143Y136       FDRE                                         r  sfo/residual_estimator/front_stage/main/service/u_egress_fifo/gnuram_async_fifo.xpm_fifo_base_inst/gen_cdc_pntr.wr_pntr_cdc_inst/dest_graysync_ff_reg[0][2]/D
  -------------------------------------------------------------------    -------------------

                         max delay                    2.000     2.000    
    SLICE_X143Y136       FDRE (Setup_DFF2_SLICEL_C_D)
                                                      0.025     2.025    sfo/residual_estimator/front_stage/main/service/u_egress_fifo/gnuram_async_fifo.xpm_fifo_base_inst/gen_cdc_pntr.wr_pntr_cdc_inst/dest_graysync_ff_reg[0][2]
  -------------------------------------------------------------------
                         required time                          2.025    
                         arrival time                          -0.578    
  -------------------------------------------------------------------
                         slack                                  1.447    

Slack (MET) :             1.477ns  (required time - arrival time)
  Source:                 sfo/residual_estimator/aux_service/u_egress_fifo/gnuram_async_fifo.xpm_fifo_base_inst/gen_cdc_pntr.wr_pntr_cdc_inst/src_gray_ff_reg[10]/C
                            (rising edge-triggered cell FDRE clocked by clk500  {rise@0.000ns fall@1.000ns period=2.000ns})
  Destination:            sfo/residual_estimator/aux_service/u_egress_fifo/gnuram_async_fifo.xpm_fifo_base_inst/gen_cdc_pntr.wr_pntr_cdc_inst/dest_graysync_ff_reg[0][10]/D
                            (rising edge-triggered cell FDRE clocked by clk125  {rise@0.000ns fall@4.000ns period=8.000ns})
  Path Group:             clk125
  Path Type:              Setup (Max at Slow Process Corner)
  Requirement:            2.000ns  (MaxDelay Path 2.000ns)
  Data Path Delay:        0.548ns  (logic 0.079ns (14.416%)  route 0.469ns (85.584%))
  Logic Levels:           0  
  Timing Exception:       MaxDelay Path 2.000ns -datapath_only

    Location             Delay type                Incr(ns)  Path(ns)    Netlist Resource(s)
  -------------------------------------------------------------------    -------------------
    SLICE_X178Y196                                    0.000     0.000 r  sfo/residual_estimator/aux_service/u_egress_fifo/gnuram_async_fifo.xpm_fifo_base_inst/gen_cdc_pntr.wr_pntr_cdc_inst/src_gray_ff_reg[10]/C
    SLICE_X178Y196       FDRE (Prop_HFF_SLICEL_C_Q)
                                                      0.079     0.079 r  sfo/residual_estimator/aux_service/u_egress_fifo/gnuram_async_fifo.xpm_fifo_base_inst/gen_cdc_pntr.wr_pntr_cdc_inst/src_gray_ff_reg[10]/Q
                         net (fo=1, routed)           0.469     0.548    sfo/residual_estimator/aux_service/u_egress_fifo/gnuram_async_fifo.xpm_fifo_base_inst/gen_cdc_pntr.wr_pntr_cdc_inst/async_path[10]
    SLICE_X178Y196       FDRE                                         r  sfo/residual_estimator/aux_service/u_egress_fifo/gnuram_async_fifo.xpm_fifo_base_inst/gen_cdc_pntr.wr_pntr_cdc_inst/dest_graysync_ff_reg[0][10]/D
  -------------------------------------------------------------------    -------------------

                         max delay                    2.000     2.000    
    SLICE_X178Y196       FDRE (Setup_DFF2_SLICEL_C_D)
                                                      0.025     2.025    sfo/residual_estimator/aux_service/u_egress_fifo/gnuram_async_fifo.xpm_fifo_base_inst/gen_cdc_pntr.wr_pntr_cdc_inst/dest_graysync_ff_reg[0][10]
  -------------------------------------------------------------------
                         required time                          2.025    
                         arrival time                          -0.548    
  -------------------------------------------------------------------
                         slack                                  1.477    

Slack (MET) :             1.479ns  (required time - arrival time)
  Source:                 sfo/residual_estimator/aux_service/u_egress_fifo/gnuram_async_fifo.xpm_fifo_base_inst/gen_cdc_pntr.wr_pntr_cdc_inst/src_gray_ff_reg[4]/C
                            (rising edge-triggered cell FDRE clocked by clk500  {rise@0.000ns fall@1.000ns period=2.000ns})
  Destination:            sfo/residual_estimator/aux_service/u_egress_fifo/gnuram_async_fifo.xpm_fifo_base_inst/gen_cdc_pntr.wr_pntr_cdc_inst/dest_graysync_ff_reg[0][4]/D
                            (rising edge-triggered cell FDRE clocked by clk125  {rise@0.000ns fall@4.000ns period=8.000ns})
  Path Group:             clk125
  Path Type:              Setup (Max at Slow Process Corner)
  Requirement:            2.000ns  (MaxDelay Path 2.000ns)
  Data Path Delay:        0.546ns  (logic 0.080ns (14.652%)  route 0.466ns (85.348%))
  Logic Levels:           0  
  Timing Exception:       MaxDelay Path 2.000ns -datapath_only

    Location             Delay type                Incr(ns)  Path(ns)    Netlist Resource(s)
  -------------------------------------------------------------------    -------------------
    SLICE_X179Y196                                    0.000     0.000 r  sfo/residual_estimator/aux_service/u_egress_fifo/gnuram_async_fifo.xpm_fifo_base_inst/gen_cdc_pntr.wr_pntr_cdc_inst/src_gray_ff_reg[4]/C
    SLICE_X179Y196       FDRE (Prop_DFF2_SLICEM_C_Q)
                                                      0.080     0.080 r  sfo/residual_estimator/aux_service/u_egress_fifo/gnuram_async_fifo.xpm_fifo_base_inst/gen_cdc_pntr.wr_pntr_cdc_inst/src_gray_ff_reg[4]/Q
                         net (fo=1, routed)           0.466     0.546    sfo/residual_estimator/aux_service/u_egress_fifo/gnuram_async_fifo.xpm_fifo_base_inst/gen_cdc_pntr.wr_pntr_cdc_inst/async_path[4]
    SLICE_X179Y196       FDRE                                         r  sfo/residual_estimator/aux_service/u_egress_fifo/gnuram_async_fifo.xpm_fifo_base_inst/gen_cdc_pntr.wr_pntr_cdc_inst/dest_graysync_ff_reg[0][4]/D
  -------------------------------------------------------------------    -------------------

                         max delay                    2.000     2.000    
    SLICE_X179Y196       FDRE (Setup_GFF2_SLICEM_C_D)
                                                      0.025     2.025    sfo/residual_estimator/aux_service/u_egress_fifo/gnuram_async_fifo.xpm_fifo_base_inst/gen_cdc_pntr.wr_pntr_cdc_inst/dest_graysync_ff_reg[0][4]
  -------------------------------------------------------------------
                         required time                          2.025    
                         arrival time                          -0.546    
  -------------------------------------------------------------------
                         slack                                  1.479    





Min Delay Paths
--------------------------------------------------------------------------------------
Slack (MET) :             0.041ns  (arrival time - required time)
  Source:                 sfo/residual_estimator/aux_service/ingress_underflow_500_reg/C
                            (rising edge-triggered cell FDRE clocked by clk500  {rise@0.000ns fall@1.000ns period=2.000ns})
  Destination:            sfo/residual_estimator/aux_service/errors_meta_reg[2]/D
                            (rising edge-triggered cell FDRE clocked by clk125  {rise@0.000ns fall@4.000ns period=8.000ns})
  Path Group:             clk125
  Path Type:              Hold (Min at Fast Process Corner)
  Requirement:            0.000ns  (clk125 rise@0.000ns - clk500 rise@0.000ns)
  Data Path Delay:        0.129ns  (logic 0.041ns (31.783%)  route 0.088ns (68.217%))
  Logic Levels:           0  
  Clock Path Skew:        0.006ns (DCD - SCD - CPR)
    Destination Clock Delay (DCD):    0.019ns
    Source Clock Delay      (SCD):    0.013ns
    Clock Pessimism Removal (CPR):    -0.000ns
  Clock Uncertainty:      0.035ns  ((TSJ^2 + TIJ^2)^1/2 + DJ) / 2 + PE
    Total System Jitter     (TSJ):    0.071ns
    Total Input Jitter      (TIJ):    0.000ns
    Discrete Jitter          (DJ):    0.000ns
    Phase Error              (PE):    0.000ns
  Clock Domain Crossing:  Inter clock paths are considered valid unless explicitly excluded by timing constraints such as set_clock_groups or set_false_path.

    Location             Delay type                Incr(ns)  Path(ns)    Netlist Resource(s)
  -------------------------------------------------------------------    -------------------
                         (clock clk500 rise edge)     0.000     0.000 r  
                                                      0.000     0.000 r  clk500 (IN)
                         net (fo=27266, unset)        0.013     0.013    sfo/residual_estimator/aux_service/clk_500
    SLICE_X208Y171       FDRE                                         r  sfo/residual_estimator/aux_service/ingress_underflow_500_reg/C
  -------------------------------------------------------------------    -------------------
    SLICE_X208Y171       FDRE (Prop_DFF2_SLICEM_C_Q)
                                                      0.041     0.054 r  sfo/residual_estimator/aux_service/ingress_underflow_500_reg/Q
                         net (fo=2, routed)           0.088     0.142    sfo/residual_estimator/aux_service/p_1_in[2]
    SLICE_X208Y173       FDRE                                         r  sfo/residual_estimator/aux_service/errors_meta_reg[2]/D
  -------------------------------------------------------------------    -------------------

                         (clock clk125 rise edge)     0.000     0.000 r  
                                                      0.000     0.000 r  clk125 (IN)
                         net (fo=95403, unset)        0.019     0.019    sfo/residual_estimator/aux_service/clk_125
    SLICE_X208Y173       FDRE                                         r  sfo/residual_estimator/aux_service/errors_meta_reg[2]/C
                         clock pessimism              0.000     0.019    
                         clock uncertainty            0.035     0.054    
    SLICE_X208Y173       FDRE (Hold_BFF2_SLICEM_C_D)
                                                      0.047     0.101    sfo/residual_estimator/aux_service/errors_meta_reg[2]
  -------------------------------------------------------------------
                         required time                         -0.101    
                         arrival time                           0.142    
  -------------------------------------------------------------------
                         slack                                  0.041    

Slack (MET) :             0.076ns  (arrival time - required time)
  Source:                 sfo/residual_estimator/aux_service/xfft_overflow_500_reg/C
                            (rising edge-triggered cell FDRE clocked by clk500  {rise@0.000ns fall@1.000ns period=2.000ns})
  Destination:            sfo/residual_estimator/aux_service/errors_meta_reg[0]/D
                            (rising edge-triggered cell FDRE clocked by clk125  {rise@0.000ns fall@4.000ns period=8.000ns})
  Path Group:             clk125
  Path Type:              Hold (Min at Fast Process Corner)
  Requirement:            0.000ns  (clk125 rise@0.000ns - clk500 rise@0.000ns)
  Data Path Delay:        0.164ns  (logic 0.038ns (23.171%)  route 0.126ns (76.829%))
  Logic Levels:           0  
  Clock Path Skew:        0.006ns (DCD - SCD - CPR)
    Destination Clock Delay (DCD):    0.019ns
    Source Clock Delay      (SCD):    0.013ns
    Clock Pessimism Removal (CPR):    -0.000ns
  Clock Uncertainty:      0.035ns  ((TSJ^2 + TIJ^2)^1/2 + DJ) / 2 + PE
    Total System Jitter     (TSJ):    0.071ns
    Total Input Jitter      (TIJ):    0.000ns
    Discrete Jitter          (DJ):    0.000ns
    Phase Error              (PE):    0.000ns
  Clock Domain Crossing:  Inter clock paths are considered valid unless explicitly excluded by timing constraints such as set_clock_groups or set_false_path.

    Location             Delay type                Incr(ns)  Path(ns)    Netlist Resource(s)
  -------------------------------------------------------------------    -------------------
                         (clock clk500 rise edge)     0.000     0.000 r  
                                                      0.000     0.000 r  clk500 (IN)
                         net (fo=27266, unset)        0.013     0.013    sfo/residual_estimator/aux_service/clk_500
    SLICE_X212Y171       FDRE                                         r  sfo/residual_estimator/aux_service/xfft_overflow_500_reg/C
  -------------------------------------------------------------------    -------------------
    SLICE_X212Y171       FDRE (Prop_CFF_SLICEM_C_Q)
                                                      0.038     0.051 r  sfo/residual_estimator/aux_service/xfft_overflow_500_reg/Q
                         net (fo=2, routed)           0.126     0.177    sfo/residual_estimator/aux_service/p_1_in[0]
    SLICE_X208Y173       FDRE                                         r  sfo/residual_estimator/aux_service/errors_meta_reg[0]/D
  -------------------------------------------------------------------    -------------------

                         (clock clk125 rise edge)     0.000     0.000 r  
                                                      0.000     0.000 r  clk125 (IN)
                         net (fo=95403, unset)        0.019     0.019    sfo/residual_estimator/aux_service/clk_125
    SLICE_X208Y173       FDRE                                         r  sfo/residual_estimator/aux_service/errors_meta_reg[0]/C
                         clock pessimism              0.000     0.019    
                         clock uncertainty            0.035     0.054    
    SLICE_X208Y173       FDRE (Hold_CFF2_SLICEM_C_D)
                                                      0.047     0.101    sfo/residual_estimator/aux_service/errors_meta_reg[0]
  -------------------------------------------------------------------
                         required time                         -0.101    
                         arrival time                           0.177    
  -------------------------------------------------------------------
                         slack                                  0.076    

Slack (MET) :             0.124ns  (arrival time - required time)
  Source:                 sfo/residual_estimator/front_stage/main/service/ingress_underflow_500_reg/C
                            (rising edge-triggered cell FDRE clocked by clk500  {rise@0.000ns fall@1.000ns period=2.000ns})
  Destination:            sfo/residual_estimator/front_stage/main/service/errors_meta_reg[2]/D
                            (rising edge-triggered cell FDRE clocked by clk125  {rise@0.000ns fall@4.000ns period=8.000ns})
  Path Group:             clk125
  Path Type:              Hold (Min at Fast Process Corner)
  Requirement:            0.000ns  (clk125 rise@0.000ns - clk500 rise@0.000ns)
  Data Path Delay:        0.212ns  (logic 0.040ns (18.868%)  route 0.172ns (81.132%))
  Logic Levels:           0  
  Clock Path Skew:        0.006ns (DCD - SCD - CPR)
    Destination Clock Delay (DCD):    0.019ns
    Source Clock Delay      (SCD):    0.013ns
    Clock Pessimism Removal (CPR):    -0.000ns
  Clock Uncertainty:      0.035ns  ((TSJ^2 + TIJ^2)^1/2 + DJ) / 2 + PE
    Total System Jitter     (TSJ):    0.071ns
    Total Input Jitter      (TIJ):    0.000ns
    Discrete Jitter          (DJ):    0.000ns
    Phase Error              (PE):    0.000ns
  Clock Domain Crossing:  Inter clock paths are considered valid unless explicitly excluded by timing constraints such as set_clock_groups or set_false_path.

    Location             Delay type                Incr(ns)  Path(ns)    Netlist Resource(s)
  -------------------------------------------------------------------    -------------------
                         (clock clk500 rise edge)     0.000     0.000 r  
                                                      0.000     0.000 r  clk500 (IN)
                         net (fo=27266, unset)        0.013     0.013    sfo/residual_estimator/front_stage/main/service/clk_500
    SLICE_X141Y140       FDRE                                         r  sfo/residual_estimator/front_stage/main/service/ingress_underflow_500_reg/C
  -------------------------------------------------------------------    -------------------
    SLICE_X141Y140       FDRE (Prop_FFF2_SLICEM_C_Q)
                                                      0.040     0.053 r  sfo/residual_estimator/front_stage/main/service/ingress_underflow_500_reg/Q
                         net (fo=2, routed)           0.172     0.225    sfo/residual_estimator/front_stage/main/service/p_1_in[2]
    SLICE_X141Y150       FDRE                                         r  sfo/residual_estimator/front_stage/main/service/errors_meta_reg[2]/D
  -------------------------------------------------------------------    -------------------

                         (clock clk125 rise edge)     0.000     0.000 r  
                                                      0.000     0.000 r  clk125 (IN)
                         net (fo=95403, unset)        0.019     0.019    sfo/residual_estimator/front_stage/main/service/clk_125
    SLICE_X141Y150       FDRE                                         r  sfo/residual_estimator/front_stage/main/service/errors_meta_reg[2]/C
                         clock pessimism              0.000     0.019    
                         clock uncertainty            0.035     0.054    
    SLICE_X141Y150       FDRE (Hold_DFF2_SLICEM_C_D)
                                                      0.047     0.101    sfo/residual_estimator/front_stage/main/service/errors_meta_reg[2]
  -------------------------------------------------------------------
                         required time                         -0.101    
                         arrival time                           0.225    
  -------------------------------------------------------------------
                         slack                                  0.124    

Slack (MET) :             0.179ns  (arrival time - required time)
  Source:                 sfo/residual_estimator/front_stage/main/service/egress_overflow_500_reg/C
                            (rising edge-triggered cell FDRE clocked by clk500  {rise@0.000ns fall@1.000ns period=2.000ns})
  Destination:            sfo/residual_estimator/front_stage/main/service/errors_meta_reg[3]/D
                            (rising edge-triggered cell FDRE clocked by clk125  {rise@0.000ns fall@4.000ns period=8.000ns})
  Path Group:             clk125
  Path Type:              Hold (Min at Fast Process Corner)
  Requirement:            0.000ns  (clk125 rise@0.000ns - clk500 rise@0.000ns)
  Data Path Delay:        0.267ns  (logic 0.039ns (14.607%)  route 0.228ns (85.393%))
  Logic Levels:           0  
  Clock Path Skew:        0.006ns (DCD - SCD - CPR)
    Destination Clock Delay (DCD):    0.019ns
    Source Clock Delay      (SCD):    0.013ns
    Clock Pessimism Removal (CPR):    -0.000ns
  Clock Uncertainty:      0.035ns  ((TSJ^2 + TIJ^2)^1/2 + DJ) / 2 + PE
    Total System Jitter     (TSJ):    0.071ns
    Total Input Jitter      (TIJ):    0.000ns
    Discrete Jitter          (DJ):    0.000ns
    Phase Error              (PE):    0.000ns
  Clock Domain Crossing:  Inter clock paths are considered valid unless explicitly excluded by timing constraints such as set_clock_groups or set_false_path.

    Location             Delay type                Incr(ns)  Path(ns)    Netlist Resource(s)
  -------------------------------------------------------------------    -------------------
                         (clock clk500 rise edge)     0.000     0.000 r  
                                                      0.000     0.000 r  clk500 (IN)
                         net (fo=27266, unset)        0.013     0.013    sfo/residual_estimator/front_stage/main/service/clk_500
    SLICE_X141Y121       FDRE                                         r  sfo/residual_estimator/front_stage/main/service/egress_overflow_500_reg/C
  -------------------------------------------------------------------    -------------------
    SLICE_X141Y121       FDRE (Prop_HFF2_SLICEM_C_Q)
                                                      0.039     0.052 r  sfo/residual_estimator/front_stage/main/service/egress_overflow_500_reg/Q
                         net (fo=2, routed)           0.228     0.280    sfo/residual_estimator/front_stage/main/service/p_1_in[3]
    SLICE_X141Y144       FDRE                                         r  sfo/residual_estimator/front_stage/main/service/errors_meta_reg[3]/D
  -------------------------------------------------------------------    -------------------

                         (clock clk125 rise edge)     0.000     0.000 r  
                                                      0.000     0.000 r  clk125 (IN)
                         net (fo=95403, unset)        0.019     0.019    sfo/residual_estimator/front_stage/main/service/clk_125
    SLICE_X141Y144       FDRE                                         r  sfo/residual_estimator/front_stage/main/service/errors_meta_reg[3]/C
                         clock pessimism              0.000     0.019    
                         clock uncertainty            0.035     0.054    
    SLICE_X141Y144       FDRE (Hold_CFF2_SLICEM_C_D)
                                                      0.047     0.101    sfo/residual_estimator/front_stage/main/service/errors_meta_reg[3]
  -------------------------------------------------------------------
                         required time                         -0.101    
                         arrival time                           0.280    
  -------------------------------------------------------------------
                         slack                                  0.179    

Slack (MET) :             0.193ns  (arrival time - required time)
  Source:                 sfo/residual_estimator/aux_service/xfft_protocol_error_500_reg/C
                            (rising edge-triggered cell FDRE clocked by clk500  {rise@0.000ns fall@1.000ns period=2.000ns})
  Destination:            sfo/residual_estimator/aux_service/errors_meta_reg[1]/D
                            (rising edge-triggered cell FDRE clocked by clk125  {rise@0.000ns fall@4.000ns period=8.000ns})
  Path Group:             clk125
  Path Type:              Hold (Min at Fast Process Corner)
  Requirement:            0.000ns  (clk125 rise@0.000ns - clk500 rise@0.000ns)
  Data Path Delay:        0.281ns  (logic 0.039ns (13.879%)  route 0.242ns (86.121%))
  Logic Levels:           0  
  Clock Path Skew:        0.006ns (DCD - SCD - CPR)
    Destination Clock Delay (DCD):    0.019ns
    Source Clock Delay      (SCD):    0.013ns
    Clock Pessimism Removal (CPR):    -0.000ns
  Clock Uncertainty:      0.035ns  ((TSJ^2 + TIJ^2)^1/2 + DJ) / 2 + PE
    Total System Jitter     (TSJ):    0.071ns
    Total Input Jitter      (TIJ):    0.000ns
    Discrete Jitter          (DJ):    0.000ns
    Phase Error              (PE):    0.000ns
  Clock Domain Crossing:  Inter clock paths are considered valid unless explicitly excluded by timing constraints such as set_clock_groups or set_false_path.

    Location             Delay type                Incr(ns)  Path(ns)    Netlist Resource(s)
  -------------------------------------------------------------------    -------------------
                         (clock clk500 rise edge)     0.000     0.000 r  
                                                      0.000     0.000 r  clk500 (IN)
                         net (fo=27266, unset)        0.013     0.013    sfo/residual_estimator/aux_service/clk_500
    SLICE_X214Y153       FDRE                                         r  sfo/residual_estimator/aux_service/xfft_protocol_error_500_reg/C
  -------------------------------------------------------------------    -------------------
    SLICE_X214Y153       FDRE (Prop_HFF_SLICEM_C_Q)
                                                      0.039     0.052 r  sfo/residual_estimator/aux_service/xfft_protocol_error_500_reg/Q
                         net (fo=2, routed)           0.242     0.294    sfo/residual_estimator/aux_service/p_1_in[1]
    SLICE_X208Y173       FDRE                                         r  sfo/residual_estimator/aux_service/errors_meta_reg[1]/D
  -------------------------------------------------------------------    -------------------

                         (clock clk125 rise edge)     0.000     0.000 r  
                                                      0.000     0.000 r  clk125 (IN)
                         net (fo=95403, unset)        0.019     0.019    sfo/residual_estimator/aux_service/clk_125
    SLICE_X208Y173       FDRE                                         r  sfo/residual_estimator/aux_service/errors_meta_reg[1]/C
                         clock pessimism              0.000     0.019    
                         clock uncertainty            0.035     0.054    
    SLICE_X208Y173       FDRE (Hold_HFF2_SLICEM_C_D)
                                                      0.047     0.101    sfo/residual_estimator/aux_service/errors_meta_reg[1]
  -------------------------------------------------------------------
                         required time                         -0.101    
                         arrival time                           0.294    
  -------------------------------------------------------------------
                         slack                                  0.193    

Slack (MET) :             0.198ns  (arrival time - required time)
  Source:                 sfo/residual_estimator/front_stage/main/service/status_toggle_reg/C
                            (rising edge-triggered cell FDRE clocked by clk500  {rise@0.000ns fall@1.000ns period=2.000ns})
  Destination:            sfo/residual_estimator/front_stage/main/service/status_sync_reg[0]/D
                            (rising edge-triggered cell FDRE clocked by clk125  {rise@0.000ns fall@4.000ns period=8.000ns})
  Path Group:             clk125
  Path Type:              Hold (Min at Fast Process Corner)
  Requirement:            0.000ns  (clk125 rise@0.000ns - clk500 rise@0.000ns)
  Data Path Delay:        0.285ns  (logic 0.037ns (12.982%)  route 0.248ns (87.018%))
  Logic Levels:           0  
  Clock Path Skew:        0.005ns (DCD - SCD - CPR)
    Destination Clock Delay (DCD):    0.018ns
    Source Clock Delay      (SCD):    0.013ns
    Clock Pessimism Removal (CPR):    -0.000ns
  Clock Uncertainty:      0.035ns  ((TSJ^2 + TIJ^2)^1/2 + DJ) / 2 + PE
    Total System Jitter     (TSJ):    0.071ns
    Total Input Jitter      (TIJ):    0.000ns
    Discrete Jitter          (DJ):    0.000ns
    Phase Error              (PE):    0.000ns
  Clock Domain Crossing:  Inter clock paths are considered valid unless explicitly excluded by timing constraints such as set_clock_groups or set_false_path.

    Location             Delay type                Incr(ns)  Path(ns)    Netlist Resource(s)
  -------------------------------------------------------------------    -------------------
                         (clock clk500 rise edge)     0.000     0.000 r  
                                                      0.000     0.000 r  clk500 (IN)
                         net (fo=27266, unset)        0.013     0.013    sfo/residual_estimator/front_stage/main/service/clk_500
    SLICE_X142Y116       FDRE                                         r  sfo/residual_estimator/front_stage/main/service/status_toggle_reg/C
  -------------------------------------------------------------------    -------------------
    SLICE_X142Y116       FDRE (Prop_FFF_SLICEM_C_Q)
                                                      0.037     0.050 r  sfo/residual_estimator/front_stage/main/service/status_toggle_reg/Q
                         net (fo=2, routed)           0.248     0.298    sfo/residual_estimator/front_stage/main/service/status_toggle
    SLICE_X143Y116       FDRE                                         r  sfo/residual_estimator/front_stage/main/service/status_sync_reg[0]/D
  -------------------------------------------------------------------    -------------------

                         (clock clk125 rise edge)     0.000     0.000 r  
                                                      0.000     0.000 r  clk125 (IN)
                         net (fo=95403, unset)        0.018     0.018    sfo/residual_estimator/front_stage/main/service/clk_125
    SLICE_X143Y116       FDRE                                         r  sfo/residual_estimator/front_stage/main/service/status_sync_reg[0]/C
                         clock pessimism              0.000     0.018    
                         clock uncertainty            0.035     0.053    
    SLICE_X143Y116       FDRE (Hold_DFF2_SLICEL_C_D)
                                                      0.047     0.100    sfo/residual_estimator/front_stage/main/service/status_sync_reg[0]
  -------------------------------------------------------------------
                         required time                         -0.100    
                         arrival time                           0.298    
  -------------------------------------------------------------------
                         slack                                  0.198    

Slack (MET) :             0.213ns  (arrival time - required time)
  Source:                 sfo/residual_estimator/front_stage/main/service/xfft_overflow_500_reg/C
                            (rising edge-triggered cell FDRE clocked by clk500  {rise@0.000ns fall@1.000ns period=2.000ns})
  Destination:            sfo/residual_estimator/front_stage/main/service/errors_meta_reg[0]/D
                            (rising edge-triggered cell FDRE clocked by clk125  {rise@0.000ns fall@4.000ns period=8.000ns})
  Path Group:             clk125
  Path Type:              Hold (Min at Fast Process Corner)
  Requirement:            0.000ns  (clk125 rise@0.000ns - clk500 rise@0.000ns)
  Data Path Delay:        0.302ns  (logic 0.039ns (12.914%)  route 0.263ns (87.086%))
  Logic Levels:           0  
  Clock Path Skew:        0.007ns (DCD - SCD - CPR)
    Destination Clock Delay (DCD):    0.019ns
    Source Clock Delay      (SCD):    0.012ns
    Clock Pessimism Removal (CPR):    -0.000ns
  Clock Uncertainty:      0.035ns  ((TSJ^2 + TIJ^2)^1/2 + DJ) / 2 + PE
    Total System Jitter     (TSJ):    0.071ns
    Total Input Jitter      (TIJ):    0.000ns
    Discrete Jitter          (DJ):    0.000ns
    Phase Error              (PE):    0.000ns
  Clock Domain Crossing:  Inter clock paths are considered valid unless explicitly excluded by timing constraints such as set_clock_groups or set_false_path.

    Location             Delay type                Incr(ns)  Path(ns)    Netlist Resource(s)
  -------------------------------------------------------------------    -------------------
                         (clock clk500 rise edge)     0.000     0.000 r  
                                                      0.000     0.000 r  clk500 (IN)
                         net (fo=27266, unset)        0.012     0.012    sfo/residual_estimator/front_stage/main/service/clk_500
    SLICE_X140Y117       FDRE                                         r  sfo/residual_estimator/front_stage/main/service/xfft_overflow_500_reg/C
  -------------------------------------------------------------------    -------------------
    SLICE_X140Y117       FDRE (Prop_CFF_SLICEL_C_Q)
                                                      0.039     0.051 r  sfo/residual_estimator/front_stage/main/service/xfft_overflow_500_reg/Q
                         net (fo=2, routed)           0.263     0.314    sfo/residual_estimator/front_stage/main/service/p_1_in[0]
    SLICE_X140Y149       FDRE                                         r  sfo/residual_estimator/front_stage/main/service/errors_meta_reg[0]/D
  -------------------------------------------------------------------    -------------------

                         (clock clk125 rise edge)     0.000     0.000 r  
                                                      0.000     0.000 r  clk125 (IN)
                         net (fo=95403, unset)        0.019     0.019    sfo/residual_estimator/front_stage/main/service/clk_125
    SLICE_X140Y149       FDRE                                         r  sfo/residual_estimator/front_stage/main/service/errors_meta_reg[0]/C
                         clock pessimism              0.000     0.019    
                         clock uncertainty            0.035     0.054    
    SLICE_X140Y149       FDRE (Hold_HFF2_SLICEL_C_D)
                                                      0.047     0.101    sfo/residual_estimator/front_stage/main/service/errors_meta_reg[0]
  -------------------------------------------------------------------
                         required time                         -0.101    
                         arrival time                           0.314    
  -------------------------------------------------------------------
                         slack                                  0.213    

Slack (MET) :             0.221ns  (arrival time - required time)
  Source:                 sfo/residual_estimator/front_stage/main/service/xfft_protocol_error_500_reg/C
                            (rising edge-triggered cell FDRE clocked by clk500  {rise@0.000ns fall@1.000ns period=2.000ns})
  Destination:            sfo/residual_estimator/front_stage/main/service/errors_meta_reg[1]/D
                            (rising edge-triggered cell FDRE clocked by clk125  {rise@0.000ns fall@4.000ns period=8.000ns})
  Path Group:             clk125
  Path Type:              Hold (Min at Fast Process Corner)
  Requirement:            0.000ns  (clk125 rise@0.000ns - clk500 rise@0.000ns)
  Data Path Delay:        0.309ns  (logic 0.039ns (12.621%)  route 0.270ns (87.379%))
  Logic Levels:           0  
  Clock Path Skew:        0.006ns (DCD - SCD - CPR)
    Destination Clock Delay (DCD):    0.019ns
    Source Clock Delay      (SCD):    0.013ns
    Clock Pessimism Removal (CPR):    -0.000ns
  Clock Uncertainty:      0.035ns  ((TSJ^2 + TIJ^2)^1/2 + DJ) / 2 + PE
    Total System Jitter     (TSJ):    0.071ns
    Total Input Jitter      (TIJ):    0.000ns
    Discrete Jitter          (DJ):    0.000ns
    Phase Error              (PE):    0.000ns
  Clock Domain Crossing:  Inter clock paths are considered valid unless explicitly excluded by timing constraints such as set_clock_groups or set_false_path.

    Location             Delay type                Incr(ns)  Path(ns)    Netlist Resource(s)
  -------------------------------------------------------------------    -------------------
                         (clock clk500 rise edge)     0.000     0.000 r  
                                                      0.000     0.000 r  clk500 (IN)
                         net (fo=27266, unset)        0.013     0.013    sfo/residual_estimator/front_stage/main/service/clk_500
    SLICE_X140Y117       FDRE                                         r  sfo/residual_estimator/front_stage/main/service/xfft_protocol_error_500_reg/C
  -------------------------------------------------------------------    -------------------
    SLICE_X140Y117       FDRE (Prop_HFF_SLICEL_C_Q)
                                                      0.039     0.052 r  sfo/residual_estimator/front_stage/main/service/xfft_protocol_error_500_reg/Q
                         net (fo=2, routed)           0.270     0.322    sfo/residual_estimator/front_stage/main/service/p_1_in[1]
    SLICE_X141Y144       FDRE                                         r  sfo/residual_estimator/front_stage/main/service/errors_meta_reg[1]/D
  -------------------------------------------------------------------    -------------------

                         (clock clk125 rise edge)     0.000     0.000 r  
                                                      0.000     0.000 r  clk125 (IN)
                         net (fo=95403, unset)        0.019     0.019    sfo/residual_estimator/front_stage/main/service/clk_125
    SLICE_X141Y144       FDRE                                         r  sfo/residual_estimator/front_stage/main/service/errors_meta_reg[1]/C
                         clock pessimism              0.000     0.019    
                         clock uncertainty            0.035     0.054    
    SLICE_X141Y144       FDRE (Hold_DFF2_SLICEM_C_D)
                                                      0.047     0.101    sfo/residual_estimator/front_stage/main/service/errors_meta_reg[1]
  -------------------------------------------------------------------
                         required time                         -0.101    
                         arrival time                           0.322    
  -------------------------------------------------------------------
                         slack                                  0.221    

Slack (MET) :             0.235ns  (arrival time - required time)
  Source:                 sfo/residual_estimator/aux_service/egress_overflow_500_reg/C
                            (rising edge-triggered cell FDRE clocked by clk500  {rise@0.000ns fall@1.000ns period=2.000ns})
  Destination:            sfo/residual_estimator/aux_service/errors_meta_reg[3]/D
                            (rising edge-triggered cell FDRE clocked by clk125  {rise@0.000ns fall@4.000ns period=8.000ns})
  Path Group:             clk125
  Path Type:              Hold (Min at Fast Process Corner)
  Requirement:            0.000ns  (clk125 rise@0.000ns - clk500 rise@0.000ns)
  Data Path Delay:        0.323ns  (logic 0.039ns (12.074%)  route 0.284ns (87.926%))
  Logic Levels:           0  
  Clock Path Skew:        0.006ns (DCD - SCD - CPR)
    Destination Clock Delay (DCD):    0.019ns
    Source Clock Delay      (SCD):    0.013ns
    Clock Pessimism Removal (CPR):    -0.000ns
  Clock Uncertainty:      0.035ns  ((TSJ^2 + TIJ^2)^1/2 + DJ) / 2 + PE
    Total System Jitter     (TSJ):    0.071ns
    Total Input Jitter      (TIJ):    0.000ns
    Discrete Jitter          (DJ):    0.000ns
    Phase Error              (PE):    0.000ns
  Clock Domain Crossing:  Inter clock paths are considered valid unless explicitly excluded by timing constraints such as set_clock_groups or set_false_path.

    Location             Delay type                Incr(ns)  Path(ns)    Netlist Resource(s)
  -------------------------------------------------------------------    -------------------
                         (clock clk500 rise edge)     0.000     0.000 r  
                                                      0.000     0.000 r  clk500 (IN)
                         net (fo=27266, unset)        0.013     0.013    sfo/residual_estimator/aux_service/clk_500
    SLICE_X190Y181       FDRE                                         r  sfo/residual_estimator/aux_service/egress_overflow_500_reg/C
  -------------------------------------------------------------------    -------------------
    SLICE_X190Y181       FDRE (Prop_HFF2_SLICEL_C_Q)
                                                      0.039     0.052 r  sfo/residual_estimator/aux_service/egress_overflow_500_reg/Q
                         net (fo=2, routed)           0.284     0.336    sfo/residual_estimator/aux_service/p_1_in[3]
    SLICE_X206Y179       FDRE                                         r  sfo/residual_estimator/aux_service/errors_meta_reg[3]/D
  -------------------------------------------------------------------    -------------------

                         (clock clk125 rise edge)     0.000     0.000 r  
                                                      0.000     0.000 r  clk125 (IN)
                         net (fo=95403, unset)        0.019     0.019    sfo/residual_estimator/aux_service/clk_125
    SLICE_X206Y179       FDRE                                         r  sfo/residual_estimator/aux_service/errors_meta_reg[3]/C
                         clock pessimism              0.000     0.019    
                         clock uncertainty            0.035     0.054    
    SLICE_X206Y179       FDRE (Hold_DFF2_SLICEM_C_D)
                                                      0.047     0.101    sfo/residual_estimator/aux_service/errors_meta_reg[3]
  -------------------------------------------------------------------
                         required time                         -0.101    
                         arrival time                           0.336    
  -------------------------------------------------------------------
                         slack                                  0.235    

Slack (MET) :             0.284ns  (arrival time - required time)
  Source:                 sfo/residual_estimator/aux_service/status_toggle_reg/C
                            (rising edge-triggered cell FDRE clocked by clk500  {rise@0.000ns fall@1.000ns period=2.000ns})
  Destination:            sfo/residual_estimator/aux_service/status_sync_reg[0]/D
                            (rising edge-triggered cell FDRE clocked by clk125  {rise@0.000ns fall@4.000ns period=8.000ns})
  Path Group:             clk125
  Path Type:              Hold (Min at Fast Process Corner)
  Requirement:            0.000ns  (clk125 rise@0.000ns - clk500 rise@0.000ns)
  Data Path Delay:        0.372ns  (logic 0.039ns (10.484%)  route 0.333ns (89.516%))
  Logic Levels:           0  
  Clock Path Skew:        0.006ns (DCD - SCD - CPR)
    Destination Clock Delay (DCD):    0.018ns
    Source Clock Delay      (SCD):    0.012ns
    Clock Pessimism Removal (CPR):    -0.000ns
  Clock Uncertainty:      0.035ns  ((TSJ^2 + TIJ^2)^1/2 + DJ) / 2 + PE
    Total System Jitter     (TSJ):    0.071ns
    Total Input Jitter      (TIJ):    0.000ns
    Discrete Jitter          (DJ):    0.000ns
    Phase Error              (PE):    0.000ns
  Clock Domain Crossing:  Inter clock paths are considered valid unless explicitly excluded by timing constraints such as set_clock_groups or set_false_path.

    Location             Delay type                Incr(ns)  Path(ns)    Netlist Resource(s)
  -------------------------------------------------------------------    -------------------
                         (clock clk500 rise edge)     0.000     0.000 r  
                                                      0.000     0.000 r  clk500 (IN)
                         net (fo=27266, unset)        0.012     0.012    sfo/residual_estimator/aux_service/clk_500
    SLICE_X178Y199       FDRE                                         r  sfo/residual_estimator/aux_service/status_toggle_reg/C
  -------------------------------------------------------------------    -------------------
    SLICE_X178Y199       FDRE (Prop_DFF_SLICEL_C_Q)
                                                      0.039     0.051 r  sfo/residual_estimator/aux_service/status_toggle_reg/Q
                         net (fo=2, routed)           0.333     0.384    sfo/residual_estimator/aux_service/status_toggle
    SLICE_X151Y201       FDRE                                         r  sfo/residual_estimator/aux_service/status_sync_reg[0]/D
  -------------------------------------------------------------------    -------------------

                         (clock clk125 rise edge)     0.000     0.000 r  
                                                      0.000     0.000 r  clk125 (IN)
                         net (fo=95403, unset)        0.018     0.018    sfo/residual_estimator/aux_service/clk_125
    SLICE_X151Y201       FDRE                                         r  sfo/residual_estimator/aux_service/status_sync_reg[0]/C
                         clock pessimism              0.000     0.018    
                         clock uncertainty            0.035     0.053    
    SLICE_X151Y201       FDRE (Hold_DFF2_SLICEL_C_D)
                                                      0.047     0.100    sfo/residual_estimator/aux_service/status_sync_reg[0]
  -------------------------------------------------------------------
                         required time                         -0.100    
                         arrival time                           0.384    
  -------------------------------------------------------------------
                         slack                                  0.284    





---------------------------------------------------------------------------------------------------
From Clock:  clk125
  To Clock:  clk150

Setup :            0  Failing Endpoints,  Worst Slack        6.870ns,  Total Violation        0.000ns
Hold  :           NA  Failing Endpoints,  Worst Slack           NA  ,  Total Violation           NA
---------------------------------------------------------------------------------------------------


Max Delay Paths
--------------------------------------------------------------------------------------
Slack (MET) :             6.870ns  (required time - arrival time)
  Source:                 sfo/two_pass_transport/residual_result_cdc/record_fifo/gnuram_async_fifo.xpm_fifo_base_inst/gen_cdc_pntr.wr_pntr_cdc_inst/src_gray_ff_reg[0]/C
                            (rising edge-triggered cell FDRE clocked by clk125  {rise@0.000ns fall@4.000ns period=8.000ns})
  Destination:            sfo/two_pass_transport/residual_result_cdc/record_fifo/gnuram_async_fifo.xpm_fifo_base_inst/gen_cdc_pntr.wr_pntr_cdc_inst/dest_graysync_ff_reg[0][0]/D
                            (rising edge-triggered cell FDRE clocked by clk150  {rise@0.000ns fall@3.333ns period=6.667ns})
  Path Group:             clk150
  Path Type:              Setup (Max at Slow Process Corner)
  Requirement:            8.000ns  (MaxDelay Path 8.000ns)
  Data Path Delay:        1.155ns  (logic 0.079ns (6.840%)  route 1.076ns (93.160%))
  Logic Levels:           0  
  Timing Exception:       MaxDelay Path 8.000ns -datapath_only

    Location             Delay type                Incr(ns)  Path(ns)    Netlist Resource(s)
  -------------------------------------------------------------------    -------------------
    SLICE_X117Y205                                    0.000     0.000 r  sfo/two_pass_transport/residual_result_cdc/record_fifo/gnuram_async_fifo.xpm_fifo_base_inst/gen_cdc_pntr.wr_pntr_cdc_inst/src_gray_ff_reg[0]/C
    SLICE_X117Y205       FDRE (Prop_DFF_SLICEL_C_Q)
                                                      0.079     0.079 r  sfo/two_pass_transport/residual_result_cdc/record_fifo/gnuram_async_fifo.xpm_fifo_base_inst/gen_cdc_pntr.wr_pntr_cdc_inst/src_gray_ff_reg[0]/Q
                         net (fo=1, routed)           1.076     1.155    sfo/two_pass_transport/residual_result_cdc/record_fifo/gnuram_async_fifo.xpm_fifo_base_inst/gen_cdc_pntr.wr_pntr_cdc_inst/async_path[0]
    SLICE_X117Y205       FDRE                                         r  sfo/two_pass_transport/residual_result_cdc/record_fifo/gnuram_async_fifo.xpm_fifo_base_inst/gen_cdc_pntr.wr_pntr_cdc_inst/dest_graysync_ff_reg[0][0]/D
  -------------------------------------------------------------------    -------------------

                         max delay                    8.000     8.000    
    SLICE_X117Y205       FDRE (Setup_HFF2_SLICEL_C_D)
                                                      0.025     8.025    sfo/two_pass_transport/residual_result_cdc/record_fifo/gnuram_async_fifo.xpm_fifo_base_inst/gen_cdc_pntr.wr_pntr_cdc_inst/dest_graysync_ff_reg[0][0]
  -------------------------------------------------------------------
                         required time                          8.025    
                         arrival time                          -1.155    
  -------------------------------------------------------------------
                         slack                                  6.870    

Slack (MET) :             6.955ns  (required time - arrival time)
  Source:                 sfo/two_pass_transport/residual_result_cdc/record_fifo/gnuram_async_fifo.xpm_fifo_base_inst/gen_cdc_pntr.wr_pntr_cdc_inst/src_gray_ff_reg[3]/C
                            (rising edge-triggered cell FDRE clocked by clk125  {rise@0.000ns fall@4.000ns period=8.000ns})
  Destination:            sfo/two_pass_transport/residual_result_cdc/record_fifo/gnuram_async_fifo.xpm_fifo_base_inst/gen_cdc_pntr.wr_pntr_cdc_inst/dest_graysync_ff_reg[0][3]/D
                            (rising edge-triggered cell FDRE clocked by clk150  {rise@0.000ns fall@3.333ns period=6.667ns})
  Path Group:             clk150
  Path Type:              Setup (Max at Slow Process Corner)
  Requirement:            8.000ns  (MaxDelay Path 8.000ns)
  Data Path Delay:        1.070ns  (logic 0.081ns (7.570%)  route 0.989ns (92.430%))
  Logic Levels:           0  
  Timing Exception:       MaxDelay Path 8.000ns -datapath_only

    Location             Delay type                Incr(ns)  Path(ns)    Netlist Resource(s)
  -------------------------------------------------------------------    -------------------
    SLICE_X116Y204                                    0.000     0.000 r  sfo/two_pass_transport/residual_result_cdc/record_fifo/gnuram_async_fifo.xpm_fifo_base_inst/gen_cdc_pntr.wr_pntr_cdc_inst/src_gray_ff_reg[3]/C
    SLICE_X116Y204       FDRE (Prop_DFF2_SLICEL_C_Q)
                                                      0.081     0.081 r  sfo/two_pass_transport/residual_result_cdc/record_fifo/gnuram_async_fifo.xpm_fifo_base_inst/gen_cdc_pntr.wr_pntr_cdc_inst/src_gray_ff_reg[3]/Q
                         net (fo=1, routed)           0.989     1.070    sfo/two_pass_transport/residual_result_cdc/record_fifo/gnuram_async_fifo.xpm_fifo_base_inst/gen_cdc_pntr.wr_pntr_cdc_inst/async_path[3]
    SLICE_X116Y204       FDRE                                         r  sfo/two_pass_transport/residual_result_cdc/record_fifo/gnuram_async_fifo.xpm_fifo_base_inst/gen_cdc_pntr.wr_pntr_cdc_inst/dest_graysync_ff_reg[0][3]/D
  -------------------------------------------------------------------    -------------------

                         max delay                    8.000     8.000    
    SLICE_X116Y204       FDRE (Setup_GFF2_SLICEL_C_D)
                                                      0.025     8.025    sfo/two_pass_transport/residual_result_cdc/record_fifo/gnuram_async_fifo.xpm_fifo_base_inst/gen_cdc_pntr.wr_pntr_cdc_inst/dest_graysync_ff_reg[0][3]
  -------------------------------------------------------------------
                         required time                          8.025    
                         arrival time                          -1.070    
  -------------------------------------------------------------------
                         slack                                  6.955    

Slack (MET) :             7.083ns  (required time - arrival time)
  Source:                 sfo/two_pass_transport/initial_context_cdc/record_fifo/gnuram_async_fifo.xpm_fifo_base_inst/gen_cdc_pntr.wr_pntr_cdc_inst/src_gray_ff_reg[3]/C
                            (rising edge-triggered cell FDRE clocked by clk125  {rise@0.000ns fall@4.000ns period=8.000ns})
  Destination:            sfo/two_pass_transport/initial_context_cdc/record_fifo/gnuram_async_fifo.xpm_fifo_base_inst/gen_cdc_pntr.wr_pntr_cdc_inst/dest_graysync_ff_reg[0][3]/D
                            (rising edge-triggered cell FDRE clocked by clk150  {rise@0.000ns fall@3.333ns period=6.667ns})
  Path Group:             clk150
  Path Type:              Setup (Max at Slow Process Corner)
  Requirement:            8.000ns  (MaxDelay Path 8.000ns)
  Data Path Delay:        0.942ns  (logic 0.080ns (8.493%)  route 0.862ns (91.507%))
  Logic Levels:           0  
  Timing Exception:       MaxDelay Path 8.000ns -datapath_only

    Location             Delay type                Incr(ns)  Path(ns)    Netlist Resource(s)
  -------------------------------------------------------------------    -------------------
    SLICE_X115Y143                                    0.000     0.000 r  sfo/two_pass_transport/initial_context_cdc/record_fifo/gnuram_async_fifo.xpm_fifo_base_inst/gen_cdc_pntr.wr_pntr_cdc_inst/src_gray_ff_reg[3]/C
    SLICE_X115Y143       FDRE (Prop_DFF2_SLICEM_C_Q)
                                                      0.080     0.080 r  sfo/two_pass_transport/initial_context_cdc/record_fifo/gnuram_async_fifo.xpm_fifo_base_inst/gen_cdc_pntr.wr_pntr_cdc_inst/src_gray_ff_reg[3]/Q
                         net (fo=1, routed)           0.862     0.942    sfo/two_pass_transport/initial_context_cdc/record_fifo/gnuram_async_fifo.xpm_fifo_base_inst/gen_cdc_pntr.wr_pntr_cdc_inst/async_path[3]
    SLICE_X115Y143       FDRE                                         r  sfo/two_pass_transport/initial_context_cdc/record_fifo/gnuram_async_fifo.xpm_fifo_base_inst/gen_cdc_pntr.wr_pntr_cdc_inst/dest_graysync_ff_reg[0][3]/D
  -------------------------------------------------------------------    -------------------

                         max delay                    8.000     8.000    
    SLICE_X115Y143       FDRE (Setup_GFF2_SLICEM_C_D)
                                                      0.025     8.025    sfo/two_pass_transport/initial_context_cdc/record_fifo/gnuram_async_fifo.xpm_fifo_base_inst/gen_cdc_pntr.wr_pntr_cdc_inst/dest_graysync_ff_reg[0][3]
  -------------------------------------------------------------------
                         required time                          8.025    
                         arrival time                          -0.942    
  -------------------------------------------------------------------
                         slack                                  7.083    

Slack (MET) :             7.333ns  (required time - arrival time)
  Source:                 sfo/two_pass_transport/initial_context_cdc/record_fifo/gnuram_async_fifo.xpm_fifo_base_inst/gen_cdc_pntr.wr_pntr_cdc_inst/src_gray_ff_reg[1]/C
                            (rising edge-triggered cell FDRE clocked by clk125  {rise@0.000ns fall@4.000ns period=8.000ns})
  Destination:            sfo/two_pass_transport/initial_context_cdc/record_fifo/gnuram_async_fifo.xpm_fifo_base_inst/gen_cdc_pntr.wr_pntr_cdc_inst/dest_graysync_ff_reg[0][1]/D
                            (rising edge-triggered cell FDRE clocked by clk150  {rise@0.000ns fall@3.333ns period=6.667ns})
  Path Group:             clk150
  Path Type:              Setup (Max at Slow Process Corner)
  Requirement:            8.000ns  (MaxDelay Path 8.000ns)
  Data Path Delay:        0.692ns  (logic 0.081ns (11.705%)  route 0.611ns (88.295%))
  Logic Levels:           0  
  Timing Exception:       MaxDelay Path 8.000ns -datapath_only

    Location             Delay type                Incr(ns)  Path(ns)    Netlist Resource(s)
  -------------------------------------------------------------------    -------------------
    SLICE_X117Y142                                    0.000     0.000 r  sfo/two_pass_transport/initial_context_cdc/record_fifo/gnuram_async_fifo.xpm_fifo_base_inst/gen_cdc_pntr.wr_pntr_cdc_inst/src_gray_ff_reg[1]/C
    SLICE_X117Y142       FDRE (Prop_DFF2_SLICEL_C_Q)
                                                      0.081     0.081 r  sfo/two_pass_transport/initial_context_cdc/record_fifo/gnuram_async_fifo.xpm_fifo_base_inst/gen_cdc_pntr.wr_pntr_cdc_inst/src_gray_ff_reg[1]/Q
                         net (fo=1, routed)           0.611     0.692    sfo/two_pass_transport/initial_context_cdc/record_fifo/gnuram_async_fifo.xpm_fifo_base_inst/gen_cdc_pntr.wr_pntr_cdc_inst/async_path[1]
    SLICE_X116Y142       FDRE                                         r  sfo/two_pass_transport/initial_context_cdc/record_fifo/gnuram_async_fifo.xpm_fifo_base_inst/gen_cdc_pntr.wr_pntr_cdc_inst/dest_graysync_ff_reg[0][1]/D
  -------------------------------------------------------------------    -------------------

                         max delay                    8.000     8.000    
    SLICE_X116Y142       FDRE (Setup_GFF2_SLICEL_C_D)
                                                      0.025     8.025    sfo/two_pass_transport/initial_context_cdc/record_fifo/gnuram_async_fifo.xpm_fifo_base_inst/gen_cdc_pntr.wr_pntr_cdc_inst/dest_graysync_ff_reg[0][1]
  -------------------------------------------------------------------
                         required time                          8.025    
                         arrival time                          -0.692    
  -------------------------------------------------------------------
                         slack                                  7.333    

Slack (MET) :             7.338ns  (required time - arrival time)
  Source:                 sfo/two_pass_transport/initial_context_cdc/record_fifo/gnuram_async_fifo.xpm_fifo_base_inst/gen_cdc_pntr.wr_pntr_cdc_inst/src_gray_ff_reg[0]/C
                            (rising edge-triggered cell FDRE clocked by clk125  {rise@0.000ns fall@4.000ns period=8.000ns})
  Destination:            sfo/two_pass_transport/initial_context_cdc/record_fifo/gnuram_async_fifo.xpm_fifo_base_inst/gen_cdc_pntr.wr_pntr_cdc_inst/dest_graysync_ff_reg[0][0]/D
                            (rising edge-triggered cell FDRE clocked by clk150  {rise@0.000ns fall@3.333ns period=6.667ns})
  Path Group:             clk150
  Path Type:              Setup (Max at Slow Process Corner)
  Requirement:            8.000ns  (MaxDelay Path 8.000ns)
  Data Path Delay:        0.687ns  (logic 0.079ns (11.499%)  route 0.608ns (88.501%))
  Logic Levels:           0  
  Timing Exception:       MaxDelay Path 8.000ns -datapath_only

    Location             Delay type                Incr(ns)  Path(ns)    Netlist Resource(s)
  -------------------------------------------------------------------    -------------------
    SLICE_X117Y142                                    0.000     0.000 r  sfo/two_pass_transport/initial_context_cdc/record_fifo/gnuram_async_fifo.xpm_fifo_base_inst/gen_cdc_pntr.wr_pntr_cdc_inst/src_gray_ff_reg[0]/C
    SLICE_X117Y142       FDRE (Prop_DFF_SLICEL_C_Q)
                                                      0.079     0.079 r  sfo/two_pass_transport/initial_context_cdc/record_fifo/gnuram_async_fifo.xpm_fifo_base_inst/gen_cdc_pntr.wr_pntr_cdc_inst/src_gray_ff_reg[0]/Q
                         net (fo=1, routed)           0.608     0.687    sfo/two_pass_transport/initial_context_cdc/record_fifo/gnuram_async_fifo.xpm_fifo_base_inst/gen_cdc_pntr.wr_pntr_cdc_inst/async_path[0]
    SLICE_X116Y142       FDRE                                         r  sfo/two_pass_transport/initial_context_cdc/record_fifo/gnuram_async_fifo.xpm_fifo_base_inst/gen_cdc_pntr.wr_pntr_cdc_inst/dest_graysync_ff_reg[0][0]/D
  -------------------------------------------------------------------    -------------------

                         max delay                    8.000     8.000    
    SLICE_X116Y142       FDRE (Setup_HFF2_SLICEL_C_D)
                                                      0.025     8.025    sfo/two_pass_transport/initial_context_cdc/record_fifo/gnuram_async_fifo.xpm_fifo_base_inst/gen_cdc_pntr.wr_pntr_cdc_inst/dest_graysync_ff_reg[0][0]
  -------------------------------------------------------------------
                         required time                          8.025    
                         arrival time                          -0.687    
  -------------------------------------------------------------------
                         slack                                  7.338    

Slack (MET) :             7.420ns  (required time - arrival time)
  Source:                 sfo/two_pass_transport/residual_config_cdc/record_fifo/gnuram_async_fifo.xpm_fifo_base_inst/gen_cdc_pntr.rd_pntr_cdc_inst/src_gray_ff_reg[3]/C
                            (rising edge-triggered cell FDRE clocked by clk125  {rise@0.000ns fall@4.000ns period=8.000ns})
  Destination:            sfo/two_pass_transport/residual_config_cdc/record_fifo/gnuram_async_fifo.xpm_fifo_base_inst/gen_cdc_pntr.rd_pntr_cdc_inst/dest_graysync_ff_reg[0][3]/D
                            (rising edge-triggered cell FDRE clocked by clk150  {rise@0.000ns fall@3.333ns period=6.667ns})
  Path Group:             clk150
  Path Type:              Setup (Max at Slow Process Corner)
  Requirement:            8.000ns  (MaxDelay Path 8.000ns)
  Data Path Delay:        0.605ns  (logic 0.079ns (13.058%)  route 0.526ns (86.942%))
  Logic Levels:           0  
  Timing Exception:       MaxDelay Path 8.000ns -datapath_only

    Location             Delay type                Incr(ns)  Path(ns)    Netlist Resource(s)
  -------------------------------------------------------------------    -------------------
    SLICE_X146Y224                                    0.000     0.000 r  sfo/two_pass_transport/residual_config_cdc/record_fifo/gnuram_async_fifo.xpm_fifo_base_inst/gen_cdc_pntr.rd_pntr_cdc_inst/src_gray_ff_reg[3]/C
    SLICE_X146Y224       FDRE (Prop_GFF2_SLICEM_C_Q)
                                                      0.079     0.079 r  sfo/two_pass_transport/residual_config_cdc/record_fifo/gnuram_async_fifo.xpm_fifo_base_inst/gen_cdc_pntr.rd_pntr_cdc_inst/src_gray_ff_reg[3]/Q
                         net (fo=1, routed)           0.526     0.605    sfo/two_pass_transport/residual_config_cdc/record_fifo/gnuram_async_fifo.xpm_fifo_base_inst/gen_cdc_pntr.rd_pntr_cdc_inst/async_path[3]
    SLICE_X136Y225       FDRE                                         r  sfo/two_pass_transport/residual_config_cdc/record_fifo/gnuram_async_fifo.xpm_fifo_base_inst/gen_cdc_pntr.rd_pntr_cdc_inst/dest_graysync_ff_reg[0][3]/D
  -------------------------------------------------------------------    -------------------

                         max delay                    8.000     8.000    
    SLICE_X136Y225       FDRE (Setup_GFF2_SLICEL_C_D)
                                                      0.025     8.025    sfo/two_pass_transport/residual_config_cdc/record_fifo/gnuram_async_fifo.xpm_fifo_base_inst/gen_cdc_pntr.rd_pntr_cdc_inst/dest_graysync_ff_reg[0][3]
  -------------------------------------------------------------------
                         required time                          8.025    
                         arrival time                          -0.605    
  -------------------------------------------------------------------
                         slack                                  7.420    

Slack (MET) :             7.434ns  (required time - arrival time)
  Source:                 sfo/two_pass_transport/residual_config_cdc/record_fifo/gnuram_async_fifo.xpm_fifo_base_inst/gen_cdc_pntr.rd_pntr_cdc_inst/src_gray_ff_reg[0]/C
                            (rising edge-triggered cell FDRE clocked by clk125  {rise@0.000ns fall@4.000ns period=8.000ns})
  Destination:            sfo/two_pass_transport/residual_config_cdc/record_fifo/gnuram_async_fifo.xpm_fifo_base_inst/gen_cdc_pntr.rd_pntr_cdc_inst/dest_graysync_ff_reg[0][0]/D
                            (rising edge-triggered cell FDRE clocked by clk150  {rise@0.000ns fall@3.333ns period=6.667ns})
  Path Group:             clk150
  Path Type:              Setup (Max at Slow Process Corner)
  Requirement:            8.000ns  (MaxDelay Path 8.000ns)
  Data Path Delay:        0.591ns  (logic 0.079ns (13.367%)  route 0.512ns (86.633%))
  Logic Levels:           0  
  Timing Exception:       MaxDelay Path 8.000ns -datapath_only

    Location             Delay type                Incr(ns)  Path(ns)    Netlist Resource(s)
  -------------------------------------------------------------------    -------------------
    SLICE_X146Y224                                    0.000     0.000 r  sfo/two_pass_transport/residual_config_cdc/record_fifo/gnuram_async_fifo.xpm_fifo_base_inst/gen_cdc_pntr.rd_pntr_cdc_inst/src_gray_ff_reg[0]/C
    SLICE_X146Y224       FDRE (Prop_HFF_SLICEM_C_Q)
                                                      0.079     0.079 r  sfo/two_pass_transport/residual_config_cdc/record_fifo/gnuram_async_fifo.xpm_fifo_base_inst/gen_cdc_pntr.rd_pntr_cdc_inst/src_gray_ff_reg[0]/Q
                         net (fo=1, routed)           0.512     0.591    sfo/two_pass_transport/residual_config_cdc/record_fifo/gnuram_async_fifo.xpm_fifo_base_inst/gen_cdc_pntr.rd_pntr_cdc_inst/async_path[0]
    SLICE_X135Y224       FDRE                                         r  sfo/two_pass_transport/residual_config_cdc/record_fifo/gnuram_async_fifo.xpm_fifo_base_inst/gen_cdc_pntr.rd_pntr_cdc_inst/dest_graysync_ff_reg[0][0]/D
  -------------------------------------------------------------------    -------------------

                         max delay                    8.000     8.000    
    SLICE_X135Y224       FDRE (Setup_DFF2_SLICEL_C_D)
                                                      0.025     8.025    sfo/two_pass_transport/residual_config_cdc/record_fifo/gnuram_async_fifo.xpm_fifo_base_inst/gen_cdc_pntr.rd_pntr_cdc_inst/dest_graysync_ff_reg[0][0]
  -------------------------------------------------------------------
                         required time                          8.025    
                         arrival time                          -0.591    
  -------------------------------------------------------------------
                         slack                                  7.434    

Slack (MET) :             7.447ns  (required time - arrival time)
  Source:                 sfo/two_pass_transport/residual_data_cdc/record_fifo/gnuram_async_fifo.xpm_fifo_base_inst/gen_cdc_pntr.rd_pntr_cdc_inst/src_gray_ff_reg[9]/C
                            (rising edge-triggered cell FDRE clocked by clk125  {rise@0.000ns fall@4.000ns period=8.000ns})
  Destination:            sfo/two_pass_transport/residual_data_cdc/record_fifo/gnuram_async_fifo.xpm_fifo_base_inst/gen_cdc_pntr.rd_pntr_cdc_inst/dest_graysync_ff_reg[0][9]/D
                            (rising edge-triggered cell FDRE clocked by clk150  {rise@0.000ns fall@3.333ns period=6.667ns})
  Path Group:             clk150
  Path Type:              Setup (Max at Slow Process Corner)
  Requirement:            8.000ns  (MaxDelay Path 8.000ns)
  Data Path Delay:        0.578ns  (logic 0.079ns (13.668%)  route 0.499ns (86.332%))
  Logic Levels:           0  
  Timing Exception:       MaxDelay Path 8.000ns -datapath_only

    Location             Delay type                Incr(ns)  Path(ns)    Netlist Resource(s)
  -------------------------------------------------------------------    -------------------
    SLICE_X143Y211                                    0.000     0.000 r  sfo/two_pass_transport/residual_data_cdc/record_fifo/gnuram_async_fifo.xpm_fifo_base_inst/gen_cdc_pntr.rd_pntr_cdc_inst/src_gray_ff_reg[9]/C
    SLICE_X143Y211       FDRE (Prop_EFF_SLICEL_C_Q)
                                                      0.079     0.079 r  sfo/two_pass_transport/residual_data_cdc/record_fifo/gnuram_async_fifo.xpm_fifo_base_inst/gen_cdc_pntr.rd_pntr_cdc_inst/src_gray_ff_reg[9]/Q
                         net (fo=1, routed)           0.499     0.578    sfo/two_pass_transport/residual_data_cdc/record_fifo/gnuram_async_fifo.xpm_fifo_base_inst/gen_cdc_pntr.rd_pntr_cdc_inst/async_path[9]
    SLICE_X143Y211       FDRE                                         r  sfo/two_pass_transport/residual_data_cdc/record_fifo/gnuram_async_fifo.xpm_fifo_base_inst/gen_cdc_pntr.rd_pntr_cdc_inst/dest_graysync_ff_reg[0][9]/D
  -------------------------------------------------------------------    -------------------

                         max delay                    8.000     8.000    
    SLICE_X143Y211       FDRE (Setup_DFF2_SLICEL_C_D)
                                                      0.025     8.025    sfo/two_pass_transport/residual_data_cdc/record_fifo/gnuram_async_fifo.xpm_fifo_base_inst/gen_cdc_pntr.rd_pntr_cdc_inst/dest_graysync_ff_reg[0][9]
  -------------------------------------------------------------------
                         required time                          8.025    
                         arrival time                          -0.578    
  -------------------------------------------------------------------
                         slack                                  7.447    

Slack (MET) :             7.452ns  (required time - arrival time)
  Source:                 sfo/two_pass_transport/residual_config_cdc/record_fifo/gnuram_async_fifo.xpm_fifo_base_inst/gen_cdc_pntr.rd_pntr_cdc_inst/src_gray_ff_reg[2]/C
                            (rising edge-triggered cell FDRE clocked by clk125  {rise@0.000ns fall@4.000ns period=8.000ns})
  Destination:            sfo/two_pass_transport/residual_config_cdc/record_fifo/gnuram_async_fifo.xpm_fifo_base_inst/gen_cdc_pntr.rd_pntr_cdc_inst/dest_graysync_ff_reg[0][2]/D
                            (rising edge-triggered cell FDRE clocked by clk150  {rise@0.000ns fall@3.333ns period=6.667ns})
  Path Group:             clk150
  Path Type:              Setup (Max at Slow Process Corner)
  Requirement:            8.000ns  (MaxDelay Path 8.000ns)
  Data Path Delay:        0.573ns  (logic 0.078ns (13.613%)  route 0.495ns (86.387%))
  Logic Levels:           0  
  Timing Exception:       MaxDelay Path 8.000ns -datapath_only

    Location             Delay type                Incr(ns)  Path(ns)    Netlist Resource(s)
  -------------------------------------------------------------------    -------------------
    SLICE_X146Y224                                    0.000     0.000 r  sfo/two_pass_transport/residual_config_cdc/record_fifo/gnuram_async_fifo.xpm_fifo_base_inst/gen_cdc_pntr.rd_pntr_cdc_inst/src_gray_ff_reg[2]/C
    SLICE_X146Y224       FDRE (Prop_GFF_SLICEM_C_Q)
                                                      0.078     0.078 r  sfo/two_pass_transport/residual_config_cdc/record_fifo/gnuram_async_fifo.xpm_fifo_base_inst/gen_cdc_pntr.rd_pntr_cdc_inst/src_gray_ff_reg[2]/Q
                         net (fo=1, routed)           0.495     0.573    sfo/two_pass_transport/residual_config_cdc/record_fifo/gnuram_async_fifo.xpm_fifo_base_inst/gen_cdc_pntr.rd_pntr_cdc_inst/async_path[2]
    SLICE_X136Y225       FDRE                                         r  sfo/two_pass_transport/residual_config_cdc/record_fifo/gnuram_async_fifo.xpm_fifo_base_inst/gen_cdc_pntr.rd_pntr_cdc_inst/dest_graysync_ff_reg[0][2]/D
  -------------------------------------------------------------------    -------------------

                         max delay                    8.000     8.000    
    SLICE_X136Y225       FDRE (Setup_HFF2_SLICEL_C_D)
                                                      0.025     8.025    sfo/two_pass_transport/residual_config_cdc/record_fifo/gnuram_async_fifo.xpm_fifo_base_inst/gen_cdc_pntr.rd_pntr_cdc_inst/dest_graysync_ff_reg[0][2]
  -------------------------------------------------------------------
                         required time                          8.025    
                         arrival time                          -0.573    
  -------------------------------------------------------------------
                         slack                                  7.452    

Slack (MET) :             7.479ns  (required time - arrival time)
  Source:                 sfo/two_pass_transport/residual_data_cdc/record_fifo/gnuram_async_fifo.xpm_fifo_base_inst/gen_cdc_pntr.rd_pntr_cdc_inst/src_gray_ff_reg[6]/C
                            (rising edge-triggered cell FDRE clocked by clk125  {rise@0.000ns fall@4.000ns period=8.000ns})
  Destination:            sfo/two_pass_transport/residual_data_cdc/record_fifo/gnuram_async_fifo.xpm_fifo_base_inst/gen_cdc_pntr.rd_pntr_cdc_inst/dest_graysync_ff_reg[0][6]/D
                            (rising edge-triggered cell FDRE clocked by clk150  {rise@0.000ns fall@3.333ns period=6.667ns})
  Path Group:             clk150
  Path Type:              Setup (Max at Slow Process Corner)
  Requirement:            8.000ns  (MaxDelay Path 8.000ns)
  Data Path Delay:        0.546ns  (logic 0.080ns (14.652%)  route 0.466ns (85.348%))
  Logic Levels:           0  
  Timing Exception:       MaxDelay Path 8.000ns -datapath_only

    Location             Delay type                Incr(ns)  Path(ns)    Netlist Resource(s)
  -------------------------------------------------------------------    -------------------
    SLICE_X145Y216                                    0.000     0.000 r  sfo/two_pass_transport/residual_data_cdc/record_fifo/gnuram_async_fifo.xpm_fifo_base_inst/gen_cdc_pntr.rd_pntr_cdc_inst/src_gray_ff_reg[6]/C
    SLICE_X145Y216       FDRE (Prop_DFF2_SLICEM_C_Q)
                                                      0.080     0.080 r  sfo/two_pass_transport/residual_data_cdc/record_fifo/gnuram_async_fifo.xpm_fifo_base_inst/gen_cdc_pntr.rd_pntr_cdc_inst/src_gray_ff_reg[6]/Q
                         net (fo=1, routed)           0.466     0.546    sfo/two_pass_transport/residual_data_cdc/record_fifo/gnuram_async_fifo.xpm_fifo_base_inst/gen_cdc_pntr.rd_pntr_cdc_inst/async_path[6]
    SLICE_X145Y216       FDRE                                         r  sfo/two_pass_transport/residual_data_cdc/record_fifo/gnuram_async_fifo.xpm_fifo_base_inst/gen_cdc_pntr.rd_pntr_cdc_inst/dest_graysync_ff_reg[0][6]/D
  -------------------------------------------------------------------    -------------------

                         max delay                    8.000     8.000    
    SLICE_X145Y216       FDRE (Setup_GFF2_SLICEM_C_D)
                                                      0.025     8.025    sfo/two_pass_transport/residual_data_cdc/record_fifo/gnuram_async_fifo.xpm_fifo_base_inst/gen_cdc_pntr.rd_pntr_cdc_inst/dest_graysync_ff_reg[0][6]
  -------------------------------------------------------------------
                         required time                          8.025    
                         arrival time                          -0.546    
  -------------------------------------------------------------------
                         slack                                  7.479    





---------------------------------------------------------------------------------------------------
From Clock:  clk500
  To Clock:  clk150

Setup :            0  Failing Endpoints,  Worst Slack        0.709ns,  Total Violation        0.000ns
Hold  :           NA  Failing Endpoints,  Worst Slack           NA  ,  Total Violation           NA
---------------------------------------------------------------------------------------------------


Max Delay Paths
--------------------------------------------------------------------------------------
Slack (MET) :             0.709ns  (required time - arrival time)
  Source:                 cfo/windows/packed_windows/fifo/gnuram_async_fifo.xpm_fifo_base_inst/gen_cdc_pntr.rd_pntr_cdc_dc_inst/src_gray_ff_reg[5]/C
                            (rising edge-triggered cell FDRE clocked by clk500  {rise@0.000ns fall@1.000ns period=2.000ns})
  Destination:            cfo/windows/packed_windows/fifo/gnuram_async_fifo.xpm_fifo_base_inst/gen_cdc_pntr.rd_pntr_cdc_dc_inst/dest_graysync_ff_reg[0][5]/D
                            (rising edge-triggered cell FDRE clocked by clk150  {rise@0.000ns fall@3.333ns period=6.667ns})
  Path Group:             clk150
  Path Type:              Setup (Max at Slow Process Corner)
  Requirement:            2.000ns  (MaxDelay Path 2.000ns)
  Data Path Delay:        1.316ns  (logic 0.079ns (6.003%)  route 1.237ns (93.997%))
  Logic Levels:           0  
  Timing Exception:       MaxDelay Path 2.000ns -datapath_only

    Location             Delay type                Incr(ns)  Path(ns)    Netlist Resource(s)
  -------------------------------------------------------------------    -------------------
    SLICE_X116Y192                                    0.000     0.000 r  cfo/windows/packed_windows/fifo/gnuram_async_fifo.xpm_fifo_base_inst/gen_cdc_pntr.rd_pntr_cdc_dc_inst/src_gray_ff_reg[5]/C
    SLICE_X116Y192       FDRE (Prop_FFF_SLICEL_C_Q)
                                                      0.079     0.079 r  cfo/windows/packed_windows/fifo/gnuram_async_fifo.xpm_fifo_base_inst/gen_cdc_pntr.rd_pntr_cdc_dc_inst/src_gray_ff_reg[5]/Q
                         net (fo=1, routed)           1.237     1.316    cfo/windows/packed_windows/fifo/gnuram_async_fifo.xpm_fifo_base_inst/gen_cdc_pntr.rd_pntr_cdc_dc_inst/async_path[5]
    SLICE_X116Y193       FDRE                                         r  cfo/windows/packed_windows/fifo/gnuram_async_fifo.xpm_fifo_base_inst/gen_cdc_pntr.rd_pntr_cdc_dc_inst/dest_graysync_ff_reg[0][5]/D
  -------------------------------------------------------------------    -------------------

                         max delay                    2.000     2.000    
    SLICE_X116Y193       FDRE (Setup_CFF2_SLICEL_C_D)
                                                      0.025     2.025    cfo/windows/packed_windows/fifo/gnuram_async_fifo.xpm_fifo_base_inst/gen_cdc_pntr.rd_pntr_cdc_dc_inst/dest_graysync_ff_reg[0][5]
  -------------------------------------------------------------------
                         required time                          2.025    
                         arrival time                          -1.316    
  -------------------------------------------------------------------
                         slack                                  0.709    

Slack (MET) :             0.821ns  (required time - arrival time)
  Source:                 cfo/windows/packed_windows/fifo/gnuram_async_fifo.xpm_fifo_base_inst/gen_cdc_pntr.rd_pntr_cdc_dc_inst/src_gray_ff_reg[3]/C
                            (rising edge-triggered cell FDRE clocked by clk500  {rise@0.000ns fall@1.000ns period=2.000ns})
  Destination:            cfo/windows/packed_windows/fifo/gnuram_async_fifo.xpm_fifo_base_inst/gen_cdc_pntr.rd_pntr_cdc_dc_inst/dest_graysync_ff_reg[0][3]/D
                            (rising edge-triggered cell FDRE clocked by clk150  {rise@0.000ns fall@3.333ns period=6.667ns})
  Path Group:             clk150
  Path Type:              Setup (Max at Slow Process Corner)
  Requirement:            2.000ns  (MaxDelay Path 2.000ns)
  Data Path Delay:        1.204ns  (logic 0.079ns (6.561%)  route 1.125ns (93.439%))
  Logic Levels:           0  
  Timing Exception:       MaxDelay Path 2.000ns -datapath_only

    Location             Delay type                Incr(ns)  Path(ns)    Netlist Resource(s)
  -------------------------------------------------------------------    -------------------
    SLICE_X116Y191                                    0.000     0.000 r  cfo/windows/packed_windows/fifo/gnuram_async_fifo.xpm_fifo_base_inst/gen_cdc_pntr.rd_pntr_cdc_dc_inst/src_gray_ff_reg[3]/C
    SLICE_X116Y191       FDRE (Prop_BFF_SLICEL_C_Q)
                                                      0.079     0.079 r  cfo/windows/packed_windows/fifo/gnuram_async_fifo.xpm_fifo_base_inst/gen_cdc_pntr.rd_pntr_cdc_dc_inst/src_gray_ff_reg[3]/Q
                         net (fo=1, routed)           1.125     1.204    cfo/windows/packed_windows/fifo/gnuram_async_fifo.xpm_fifo_base_inst/gen_cdc_pntr.rd_pntr_cdc_dc_inst/async_path[3]
    SLICE_X116Y191       FDRE                                         r  cfo/windows/packed_windows/fifo/gnuram_async_fifo.xpm_fifo_base_inst/gen_cdc_pntr.rd_pntr_cdc_dc_inst/dest_graysync_ff_reg[0][3]/D
  -------------------------------------------------------------------    -------------------

                         max delay                    2.000     2.000    
    SLICE_X116Y191       FDRE (Setup_GFF2_SLICEL_C_D)
                                                      0.025     2.025    cfo/windows/packed_windows/fifo/gnuram_async_fifo.xpm_fifo_base_inst/gen_cdc_pntr.rd_pntr_cdc_dc_inst/dest_graysync_ff_reg[0][3]
  -------------------------------------------------------------------
                         required time                          2.025    
                         arrival time                          -1.204    
  -------------------------------------------------------------------
                         slack                                  0.821    

Slack (MET) :             0.822ns  (required time - arrival time)
  Source:                 cfo/windows/packed_windows/fifo/gnuram_async_fifo.xpm_fifo_base_inst/gen_cdc_pntr.rd_pntr_cdc_dc_inst/src_gray_ff_reg[8]/C
                            (rising edge-triggered cell FDRE clocked by clk500  {rise@0.000ns fall@1.000ns period=2.000ns})
  Destination:            cfo/windows/packed_windows/fifo/gnuram_async_fifo.xpm_fifo_base_inst/gen_cdc_pntr.rd_pntr_cdc_dc_inst/dest_graysync_ff_reg[0][8]/D
                            (rising edge-triggered cell FDRE clocked by clk150  {rise@0.000ns fall@3.333ns period=6.667ns})
  Path Group:             clk150
  Path Type:              Setup (Max at Slow Process Corner)
  Requirement:            2.000ns  (MaxDelay Path 2.000ns)
  Data Path Delay:        1.203ns  (logic 0.079ns (6.567%)  route 1.124ns (93.433%))
  Logic Levels:           0  
  Timing Exception:       MaxDelay Path 2.000ns -datapath_only

    Location             Delay type                Incr(ns)  Path(ns)    Netlist Resource(s)
  -------------------------------------------------------------------    -------------------
    SLICE_X116Y197                                    0.000     0.000 r  cfo/windows/packed_windows/fifo/gnuram_async_fifo.xpm_fifo_base_inst/gen_cdc_pntr.rd_pntr_cdc_dc_inst/src_gray_ff_reg[8]/C
    SLICE_X116Y197       FDRE (Prop_BFF_SLICEL_C_Q)
                                                      0.079     0.079 r  cfo/windows/packed_windows/fifo/gnuram_async_fifo.xpm_fifo_base_inst/gen_cdc_pntr.rd_pntr_cdc_dc_inst/src_gray_ff_reg[8]/Q
                         net (fo=1, routed)           1.124     1.203    cfo/windows/packed_windows/fifo/gnuram_async_fifo.xpm_fifo_base_inst/gen_cdc_pntr.rd_pntr_cdc_dc_inst/async_path[8]
    SLICE_X116Y197       FDRE                                         r  cfo/windows/packed_windows/fifo/gnuram_async_fifo.xpm_fifo_base_inst/gen_cdc_pntr.rd_pntr_cdc_dc_inst/dest_graysync_ff_reg[0][8]/D
  -------------------------------------------------------------------    -------------------

                         max delay                    2.000     2.000    
    SLICE_X116Y197       FDRE (Setup_GFF2_SLICEL_C_D)
                                                      0.025     2.025    cfo/windows/packed_windows/fifo/gnuram_async_fifo.xpm_fifo_base_inst/gen_cdc_pntr.rd_pntr_cdc_dc_inst/dest_graysync_ff_reg[0][8]
  -------------------------------------------------------------------
                         required time                          2.025    
                         arrival time                          -1.203    
  -------------------------------------------------------------------
                         slack                                  0.822    

Slack (MET) :             0.897ns  (required time - arrival time)
  Source:                 cfo/windows/packed_windows/fifo/gnuram_async_fifo.xpm_fifo_base_inst/gen_cdc_pntr.rd_pntr_cdc_inst/src_gray_ff_reg[4]/C
                            (rising edge-triggered cell FDRE clocked by clk500  {rise@0.000ns fall@1.000ns period=2.000ns})
  Destination:            cfo/windows/packed_windows/fifo/gnuram_async_fifo.xpm_fifo_base_inst/gen_cdc_pntr.rd_pntr_cdc_inst/dest_graysync_ff_reg[0][4]/D
                            (rising edge-triggered cell FDRE clocked by clk150  {rise@0.000ns fall@3.333ns period=6.667ns})
  Path Group:             clk150
  Path Type:              Setup (Max at Slow Process Corner)
  Requirement:            2.000ns  (MaxDelay Path 2.000ns)
  Data Path Delay:        1.128ns  (logic 0.081ns (7.181%)  route 1.047ns (92.819%))
  Logic Levels:           0  
  Timing Exception:       MaxDelay Path 2.000ns -datapath_only

    Location             Delay type                Incr(ns)  Path(ns)    Netlist Resource(s)
  -------------------------------------------------------------------    -------------------
    SLICE_X116Y200                                    0.000     0.000 r  cfo/windows/packed_windows/fifo/gnuram_async_fifo.xpm_fifo_base_inst/gen_cdc_pntr.rd_pntr_cdc_inst/src_gray_ff_reg[4]/C
    SLICE_X116Y200       FDRE (Prop_DFF2_SLICEL_C_Q)
                                                      0.081     0.081 r  cfo/windows/packed_windows/fifo/gnuram_async_fifo.xpm_fifo_base_inst/gen_cdc_pntr.rd_pntr_cdc_inst/src_gray_ff_reg[4]/Q
                         net (fo=1, routed)           1.047     1.128    cfo/windows/packed_windows/fifo/gnuram_async_fifo.xpm_fifo_base_inst/gen_cdc_pntr.rd_pntr_cdc_inst/async_path[4]
    SLICE_X115Y200       FDRE                                         r  cfo/windows/packed_windows/fifo/gnuram_async_fifo.xpm_fifo_base_inst/gen_cdc_pntr.rd_pntr_cdc_inst/dest_graysync_ff_reg[0][4]/D
  -------------------------------------------------------------------    -------------------

                         max delay                    2.000     2.000    
    SLICE_X115Y200       FDRE (Setup_GFF2_SLICEM_C_D)
                                                      0.025     2.025    cfo/windows/packed_windows/fifo/gnuram_async_fifo.xpm_fifo_base_inst/gen_cdc_pntr.rd_pntr_cdc_inst/dest_graysync_ff_reg[0][4]
  -------------------------------------------------------------------
                         required time                          2.025    
                         arrival time                          -1.128    
  -------------------------------------------------------------------
                         slack                                  0.897    

Slack (MET) :             1.137ns  (required time - arrival time)
  Source:                 cfo/windows/packed_windows/fifo/gnuram_async_fifo.xpm_fifo_base_inst/gen_cdc_pntr.rd_pntr_cdc_inst/src_gray_ff_reg[6]/C
                            (rising edge-triggered cell FDRE clocked by clk500  {rise@0.000ns fall@1.000ns period=2.000ns})
  Destination:            cfo/windows/packed_windows/fifo/gnuram_async_fifo.xpm_fifo_base_inst/gen_cdc_pntr.rd_pntr_cdc_inst/dest_graysync_ff_reg[0][6]/D
                            (rising edge-triggered cell FDRE clocked by clk150  {rise@0.000ns fall@3.333ns period=6.667ns})
  Path Group:             clk150
  Path Type:              Setup (Max at Slow Process Corner)
  Requirement:            2.000ns  (MaxDelay Path 2.000ns)
  Data Path Delay:        0.888ns  (logic 0.081ns (9.122%)  route 0.807ns (90.878%))
  Logic Levels:           0  
  Timing Exception:       MaxDelay Path 2.000ns -datapath_only

    Location             Delay type                Incr(ns)  Path(ns)    Netlist Resource(s)
  -------------------------------------------------------------------    -------------------
    SLICE_X116Y198                                    0.000     0.000 r  cfo/windows/packed_windows/fifo/gnuram_async_fifo.xpm_fifo_base_inst/gen_cdc_pntr.rd_pntr_cdc_inst/src_gray_ff_reg[6]/C
    SLICE_X116Y198       FDRE (Prop_GFF2_SLICEL_C_Q)
                                                      0.081     0.081 r  cfo/windows/packed_windows/fifo/gnuram_async_fifo.xpm_fifo_base_inst/gen_cdc_pntr.rd_pntr_cdc_inst/src_gray_ff_reg[6]/Q
                         net (fo=1, routed)           0.807     0.888    cfo/windows/packed_windows/fifo/gnuram_async_fifo.xpm_fifo_base_inst/gen_cdc_pntr.rd_pntr_cdc_inst/async_path[6]
    SLICE_X114Y198       FDRE                                         r  cfo/windows/packed_windows/fifo/gnuram_async_fifo.xpm_fifo_base_inst/gen_cdc_pntr.rd_pntr_cdc_inst/dest_graysync_ff_reg[0][6]/D
  -------------------------------------------------------------------    -------------------

                         max delay                    2.000     2.000    
    SLICE_X114Y198       FDRE (Setup_GFF2_SLICEM_C_D)
                                                      0.025     2.025    cfo/windows/packed_windows/fifo/gnuram_async_fifo.xpm_fifo_base_inst/gen_cdc_pntr.rd_pntr_cdc_inst/dest_graysync_ff_reg[0][6]
  -------------------------------------------------------------------
                         required time                          2.025    
                         arrival time                          -0.888    
  -------------------------------------------------------------------
                         slack                                  1.137    

Slack (MET) :             1.149ns  (required time - arrival time)
  Source:                 cfo/windows/packed_windows/fifo/gnuram_async_fifo.xpm_fifo_base_inst/gen_cdc_pntr.rd_pntr_cdc_dc_inst/src_gray_ff_reg[6]/C
                            (rising edge-triggered cell FDRE clocked by clk500  {rise@0.000ns fall@1.000ns period=2.000ns})
  Destination:            cfo/windows/packed_windows/fifo/gnuram_async_fifo.xpm_fifo_base_inst/gen_cdc_pntr.rd_pntr_cdc_dc_inst/dest_graysync_ff_reg[0][6]/D
                            (rising edge-triggered cell FDRE clocked by clk150  {rise@0.000ns fall@3.333ns period=6.667ns})
  Path Group:             clk150
  Path Type:              Setup (Max at Slow Process Corner)
  Requirement:            2.000ns  (MaxDelay Path 2.000ns)
  Data Path Delay:        0.876ns  (logic 0.079ns (9.018%)  route 0.797ns (90.982%))
  Logic Levels:           0  
  Timing Exception:       MaxDelay Path 2.000ns -datapath_only

    Location             Delay type                Incr(ns)  Path(ns)    Netlist Resource(s)
  -------------------------------------------------------------------    -------------------
    SLICE_X116Y192                                    0.000     0.000 r  cfo/windows/packed_windows/fifo/gnuram_async_fifo.xpm_fifo_base_inst/gen_cdc_pntr.rd_pntr_cdc_dc_inst/src_gray_ff_reg[6]/C
    SLICE_X116Y192       FDRE (Prop_EFF_SLICEL_C_Q)
                                                      0.079     0.079 r  cfo/windows/packed_windows/fifo/gnuram_async_fifo.xpm_fifo_base_inst/gen_cdc_pntr.rd_pntr_cdc_dc_inst/src_gray_ff_reg[6]/Q
                         net (fo=1, routed)           0.797     0.876    cfo/windows/packed_windows/fifo/gnuram_async_fifo.xpm_fifo_base_inst/gen_cdc_pntr.rd_pntr_cdc_dc_inst/async_path[6]
    SLICE_X116Y192       FDRE                                         r  cfo/windows/packed_windows/fifo/gnuram_async_fifo.xpm_fifo_base_inst/gen_cdc_pntr.rd_pntr_cdc_dc_inst/dest_graysync_ff_reg[0][6]/D
  -------------------------------------------------------------------    -------------------

                         max delay                    2.000     2.000    
    SLICE_X116Y192       FDRE (Setup_CFF2_SLICEL_C_D)
                                                      0.025     2.025    cfo/windows/packed_windows/fifo/gnuram_async_fifo.xpm_fifo_base_inst/gen_cdc_pntr.rd_pntr_cdc_dc_inst/dest_graysync_ff_reg[0][6]
  -------------------------------------------------------------------
                         required time                          2.025    
                         arrival time                          -0.876    
  -------------------------------------------------------------------
                         slack                                  1.149    

Slack (MET) :             1.187ns  (required time - arrival time)
  Source:                 cfo/windows/packed_windows/fifo/gnuram_async_fifo.xpm_fifo_base_inst/gen_cdc_pntr.rd_pntr_cdc_inst/src_gray_ff_reg[3]/C
                            (rising edge-triggered cell FDRE clocked by clk500  {rise@0.000ns fall@1.000ns period=2.000ns})
  Destination:            cfo/windows/packed_windows/fifo/gnuram_async_fifo.xpm_fifo_base_inst/gen_cdc_pntr.rd_pntr_cdc_inst/dest_graysync_ff_reg[0][3]/D
                            (rising edge-triggered cell FDRE clocked by clk150  {rise@0.000ns fall@3.333ns period=6.667ns})
  Path Group:             clk150
  Path Type:              Setup (Max at Slow Process Corner)
  Requirement:            2.000ns  (MaxDelay Path 2.000ns)
  Data Path Delay:        0.838ns  (logic 0.079ns (9.427%)  route 0.759ns (90.573%))
  Logic Levels:           0  
  Timing Exception:       MaxDelay Path 2.000ns -datapath_only

    Location             Delay type                Incr(ns)  Path(ns)    Netlist Resource(s)
  -------------------------------------------------------------------    -------------------
    SLICE_X116Y200                                    0.000     0.000 r  cfo/windows/packed_windows/fifo/gnuram_async_fifo.xpm_fifo_base_inst/gen_cdc_pntr.rd_pntr_cdc_inst/src_gray_ff_reg[3]/C
    SLICE_X116Y200       FDRE (Prop_DFF_SLICEL_C_Q)
                                                      0.079     0.079 r  cfo/windows/packed_windows/fifo/gnuram_async_fifo.xpm_fifo_base_inst/gen_cdc_pntr.rd_pntr_cdc_inst/src_gray_ff_reg[3]/Q
                         net (fo=1, routed)           0.759     0.838    cfo/windows/packed_windows/fifo/gnuram_async_fifo.xpm_fifo_base_inst/gen_cdc_pntr.rd_pntr_cdc_inst/async_path[3]
    SLICE_X115Y200       FDRE                                         r  cfo/windows/packed_windows/fifo/gnuram_async_fifo.xpm_fifo_base_inst/gen_cdc_pntr.rd_pntr_cdc_inst/dest_graysync_ff_reg[0][3]/D
  -------------------------------------------------------------------    -------------------

                         max delay                    2.000     2.000    
    SLICE_X115Y200       FDRE (Setup_HFF2_SLICEM_C_D)
                                                      0.025     2.025    cfo/windows/packed_windows/fifo/gnuram_async_fifo.xpm_fifo_base_inst/gen_cdc_pntr.rd_pntr_cdc_inst/dest_graysync_ff_reg[0][3]
  -------------------------------------------------------------------
                         required time                          2.025    
                         arrival time                          -0.838    
  -------------------------------------------------------------------
                         slack                                  1.187    

Slack (MET) :             1.220ns  (required time - arrival time)
  Source:                 cfo/windows/packed_windows/fifo/gnuram_async_fifo.xpm_fifo_base_inst/gen_cdc_pntr.rd_pntr_cdc_dc_inst/src_gray_ff_reg[7]/C
                            (rising edge-triggered cell FDRE clocked by clk500  {rise@0.000ns fall@1.000ns period=2.000ns})
  Destination:            cfo/windows/packed_windows/fifo/gnuram_async_fifo.xpm_fifo_base_inst/gen_cdc_pntr.rd_pntr_cdc_dc_inst/dest_graysync_ff_reg[0][7]/D
                            (rising edge-triggered cell FDRE clocked by clk150  {rise@0.000ns fall@3.333ns period=6.667ns})
  Path Group:             clk150
  Path Type:              Setup (Max at Slow Process Corner)
  Requirement:            2.000ns  (MaxDelay Path 2.000ns)
  Data Path Delay:        0.805ns  (logic 0.079ns (9.814%)  route 0.726ns (90.186%))
  Logic Levels:           0  
  Timing Exception:       MaxDelay Path 2.000ns -datapath_only

    Location             Delay type                Incr(ns)  Path(ns)    Netlist Resource(s)
  -------------------------------------------------------------------    -------------------
    SLICE_X116Y191                                    0.000     0.000 r  cfo/windows/packed_windows/fifo/gnuram_async_fifo.xpm_fifo_base_inst/gen_cdc_pntr.rd_pntr_cdc_dc_inst/src_gray_ff_reg[7]/C
    SLICE_X116Y191       FDRE (Prop_AFF_SLICEL_C_Q)
                                                      0.079     0.079 r  cfo/windows/packed_windows/fifo/gnuram_async_fifo.xpm_fifo_base_inst/gen_cdc_pntr.rd_pntr_cdc_dc_inst/src_gray_ff_reg[7]/Q
                         net (fo=1, routed)           0.726     0.805    cfo/windows/packed_windows/fifo/gnuram_async_fifo.xpm_fifo_base_inst/gen_cdc_pntr.rd_pntr_cdc_dc_inst/async_path[7]
    SLICE_X116Y190       FDRE                                         r  cfo/windows/packed_windows/fifo/gnuram_async_fifo.xpm_fifo_base_inst/gen_cdc_pntr.rd_pntr_cdc_dc_inst/dest_graysync_ff_reg[0][7]/D
  -------------------------------------------------------------------    -------------------

                         max delay                    2.000     2.000    
    SLICE_X116Y190       FDRE (Setup_DFF2_SLICEL_C_D)
                                                      0.025     2.025    cfo/windows/packed_windows/fifo/gnuram_async_fifo.xpm_fifo_base_inst/gen_cdc_pntr.rd_pntr_cdc_dc_inst/dest_graysync_ff_reg[0][7]
  -------------------------------------------------------------------
                         required time                          2.025    
                         arrival time                          -0.805    
  -------------------------------------------------------------------
                         slack                                  1.220    

Slack (MET) :             1.281ns  (required time - arrival time)
  Source:                 cfo/windows/packed_windows/fifo/gnuram_async_fifo.xpm_fifo_base_inst/gen_cdc_pntr.rd_pntr_cdc_dc_inst/src_gray_ff_reg[10]/C
                            (rising edge-triggered cell FDRE clocked by clk500  {rise@0.000ns fall@1.000ns period=2.000ns})
  Destination:            cfo/windows/packed_windows/fifo/gnuram_async_fifo.xpm_fifo_base_inst/gen_cdc_pntr.rd_pntr_cdc_dc_inst/dest_graysync_ff_reg[0][10]/D
                            (rising edge-triggered cell FDRE clocked by clk150  {rise@0.000ns fall@3.333ns period=6.667ns})
  Path Group:             clk150
  Path Type:              Setup (Max at Slow Process Corner)
  Requirement:            2.000ns  (MaxDelay Path 2.000ns)
  Data Path Delay:        0.744ns  (logic 0.079ns (10.618%)  route 0.665ns (89.382%))
  Logic Levels:           0  
  Timing Exception:       MaxDelay Path 2.000ns -datapath_only

    Location             Delay type                Incr(ns)  Path(ns)    Netlist Resource(s)
  -------------------------------------------------------------------    -------------------
    SLICE_X116Y197                                    0.000     0.000 r  cfo/windows/packed_windows/fifo/gnuram_async_fifo.xpm_fifo_base_inst/gen_cdc_pntr.rd_pntr_cdc_dc_inst/src_gray_ff_reg[10]/C
    SLICE_X116Y197       FDRE (Prop_DFF_SLICEL_C_Q)
                                                      0.079     0.079 r  cfo/windows/packed_windows/fifo/gnuram_async_fifo.xpm_fifo_base_inst/gen_cdc_pntr.rd_pntr_cdc_dc_inst/src_gray_ff_reg[10]/Q
                         net (fo=1, routed)           0.665     0.744    cfo/windows/packed_windows/fifo/gnuram_async_fifo.xpm_fifo_base_inst/gen_cdc_pntr.rd_pntr_cdc_dc_inst/async_path[10]
    SLICE_X116Y195       FDRE                                         r  cfo/windows/packed_windows/fifo/gnuram_async_fifo.xpm_fifo_base_inst/gen_cdc_pntr.rd_pntr_cdc_dc_inst/dest_graysync_ff_reg[0][10]/D
  -------------------------------------------------------------------    -------------------

                         max delay                    2.000     2.000    
    SLICE_X116Y195       FDRE (Setup_DFF2_SLICEL_C_D)
                                                      0.025     2.025    cfo/windows/packed_windows/fifo/gnuram_async_fifo.xpm_fifo_base_inst/gen_cdc_pntr.rd_pntr_cdc_dc_inst/dest_graysync_ff_reg[0][10]
  -------------------------------------------------------------------
                         required time                          2.025    
                         arrival time                          -0.744    
  -------------------------------------------------------------------
                         slack                                  1.281    

Slack (MET) :             1.285ns  (required time - arrival time)
  Source:                 cfo/windows/packed_windows/fifo/gnuram_async_fifo.xpm_fifo_base_inst/gen_cdc_pntr.rd_pntr_cdc_dc_inst/src_gray_ff_reg[2]/C
                            (rising edge-triggered cell FDRE clocked by clk500  {rise@0.000ns fall@1.000ns period=2.000ns})
  Destination:            cfo/windows/packed_windows/fifo/gnuram_async_fifo.xpm_fifo_base_inst/gen_cdc_pntr.rd_pntr_cdc_dc_inst/dest_graysync_ff_reg[0][2]/D
                            (rising edge-triggered cell FDRE clocked by clk150  {rise@0.000ns fall@3.333ns period=6.667ns})
  Path Group:             clk150
  Path Type:              Setup (Max at Slow Process Corner)
  Requirement:            2.000ns  (MaxDelay Path 2.000ns)
  Data Path Delay:        0.740ns  (logic 0.079ns (10.676%)  route 0.661ns (89.324%))
  Logic Levels:           0  
  Timing Exception:       MaxDelay Path 2.000ns -datapath_only

    Location             Delay type                Incr(ns)  Path(ns)    Netlist Resource(s)
  -------------------------------------------------------------------    -------------------
    SLICE_X116Y191                                    0.000     0.000 r  cfo/windows/packed_windows/fifo/gnuram_async_fifo.xpm_fifo_base_inst/gen_cdc_pntr.rd_pntr_cdc_dc_inst/src_gray_ff_reg[2]/C
    SLICE_X116Y191       FDRE (Prop_CFF_SLICEL_C_Q)
                                                      0.079     0.079 r  cfo/windows/packed_windows/fifo/gnuram_async_fifo.xpm_fifo_base_inst/gen_cdc_pntr.rd_pntr_cdc_dc_inst/src_gray_ff_reg[2]/Q
                         net (fo=1, routed)           0.661     0.740    cfo/windows/packed_windows/fifo/gnuram_async_fifo.xpm_fifo_base_inst/gen_cdc_pntr.rd_pntr_cdc_dc_inst/async_path[2]
    SLICE_X116Y191       FDRE                                         r  cfo/windows/packed_windows/fifo/gnuram_async_fifo.xpm_fifo_base_inst/gen_cdc_pntr.rd_pntr_cdc_dc_inst/dest_graysync_ff_reg[0][2]/D
  -------------------------------------------------------------------    -------------------

                         max delay                    2.000     2.000    
    SLICE_X116Y191       FDRE (Setup_HFF2_SLICEL_C_D)
                                                      0.025     2.025    cfo/windows/packed_windows/fifo/gnuram_async_fifo.xpm_fifo_base_inst/gen_cdc_pntr.rd_pntr_cdc_dc_inst/dest_graysync_ff_reg[0][2]
  -------------------------------------------------------------------
                         required time                          2.025    
                         arrival time                          -0.740    
  -------------------------------------------------------------------
                         slack                                  1.285    





---------------------------------------------------------------------------------------------------
From Clock:  clk125
  To Clock:  clk500

Setup :            0  Failing Endpoints,  Worst Slack        7.076ns,  Total Violation        0.000ns
Hold  :           NA  Failing Endpoints,  Worst Slack           NA  ,  Total Violation           NA
---------------------------------------------------------------------------------------------------


Max Delay Paths
--------------------------------------------------------------------------------------
Slack (MET) :             7.076ns  (required time - arrival time)
  Source:                 sfo/residual_estimator/aux_service/u_ingress_fifo/gnuram_async_fifo.xpm_fifo_base_inst/gen_cdc_pntr.wr_pntr_cdc_inst/src_gray_ff_reg[5]/C
                            (rising edge-triggered cell FDRE clocked by clk125  {rise@0.000ns fall@4.000ns period=8.000ns})
  Destination:            sfo/residual_estimator/aux_service/u_ingress_fifo/gnuram_async_fifo.xpm_fifo_base_inst/gen_cdc_pntr.wr_pntr_cdc_inst/dest_graysync_ff_reg[0][5]/D
                            (rising edge-triggered cell FDRE clocked by clk500  {rise@0.000ns fall@1.000ns period=2.000ns})
  Path Group:             clk500
  Path Type:              Setup (Max at Slow Process Corner)
  Requirement:            8.000ns  (MaxDelay Path 8.000ns)
  Data Path Delay:        0.949ns  (logic 0.079ns (8.325%)  route 0.870ns (91.675%))
  Logic Levels:           0  
  Timing Exception:       MaxDelay Path 8.000ns -datapath_only

    Location             Delay type                Incr(ns)  Path(ns)    Netlist Resource(s)
  -------------------------------------------------------------------    -------------------
    SLICE_X219Y144                                    0.000     0.000 r  sfo/residual_estimator/aux_service/u_ingress_fifo/gnuram_async_fifo.xpm_fifo_base_inst/gen_cdc_pntr.wr_pntr_cdc_inst/src_gray_ff_reg[5]/C
    SLICE_X219Y144       FDRE (Prop_EFF_SLICEL_C_Q)
                                                      0.079     0.079 r  sfo/residual_estimator/aux_service/u_ingress_fifo/gnuram_async_fifo.xpm_fifo_base_inst/gen_cdc_pntr.wr_pntr_cdc_inst/src_gray_ff_reg[5]/Q
                         net (fo=1, routed)           0.870     0.949    sfo/residual_estimator/aux_service/u_ingress_fifo/gnuram_async_fifo.xpm_fifo_base_inst/gen_cdc_pntr.wr_pntr_cdc_inst/async_path[5]
    SLICE_X219Y144       FDRE                                         r  sfo/residual_estimator/aux_service/u_ingress_fifo/gnuram_async_fifo.xpm_fifo_base_inst/gen_cdc_pntr.wr_pntr_cdc_inst/dest_graysync_ff_reg[0][5]/D
  -------------------------------------------------------------------    -------------------

                         max delay                    8.000     8.000    
    SLICE_X219Y144       FDRE (Setup_DFF2_SLICEL_C_D)
                                                      0.025     8.025    sfo/residual_estimator/aux_service/u_ingress_fifo/gnuram_async_fifo.xpm_fifo_base_inst/gen_cdc_pntr.wr_pntr_cdc_inst/dest_graysync_ff_reg[0][5]
  -------------------------------------------------------------------
                         required time                          8.025    
                         arrival time                          -0.949    
  -------------------------------------------------------------------
                         slack                                  7.076    

Slack (MET) :             7.341ns  (required time - arrival time)
  Source:                 sfo/residual_estimator/front_stage/main/service/u_egress_fifo/gnuram_async_fifo.xpm_fifo_base_inst/gen_cdc_pntr.rd_pntr_cdc_inst/src_gray_ff_reg[4]/C
                            (rising edge-triggered cell FDRE clocked by clk125  {rise@0.000ns fall@4.000ns period=8.000ns})
  Destination:            sfo/residual_estimator/front_stage/main/service/u_egress_fifo/gnuram_async_fifo.xpm_fifo_base_inst/gen_cdc_pntr.rd_pntr_cdc_inst/dest_graysync_ff_reg[0][4]/D
                            (rising edge-triggered cell FDRE clocked by clk500  {rise@0.000ns fall@1.000ns period=2.000ns})
  Path Group:             clk500
  Path Type:              Setup (Max at Slow Process Corner)
  Requirement:            8.000ns  (MaxDelay Path 8.000ns)
  Data Path Delay:        0.684ns  (logic 0.081ns (11.842%)  route 0.603ns (88.158%))
  Logic Levels:           0  
  Timing Exception:       MaxDelay Path 8.000ns -datapath_only

    Location             Delay type                Incr(ns)  Path(ns)    Netlist Resource(s)
  -------------------------------------------------------------------    -------------------
    SLICE_X143Y122                                    0.000     0.000 r  sfo/residual_estimator/front_stage/main/service/u_egress_fifo/gnuram_async_fifo.xpm_fifo_base_inst/gen_cdc_pntr.rd_pntr_cdc_inst/src_gray_ff_reg[4]/C
    SLICE_X143Y122       FDRE (Prop_FFF2_SLICEL_C_Q)
                                                      0.081     0.081 r  sfo/residual_estimator/front_stage/main/service/u_egress_fifo/gnuram_async_fifo.xpm_fifo_base_inst/gen_cdc_pntr.rd_pntr_cdc_inst/src_gray_ff_reg[4]/Q
                         net (fo=1, routed)           0.603     0.684    sfo/residual_estimator/front_stage/main/service/u_egress_fifo/gnuram_async_fifo.xpm_fifo_base_inst/gen_cdc_pntr.rd_pntr_cdc_inst/async_path[4]
    SLICE_X143Y122       FDRE                                         r  sfo/residual_estimator/front_stage/main/service/u_egress_fifo/gnuram_async_fifo.xpm_fifo_base_inst/gen_cdc_pntr.rd_pntr_cdc_inst/dest_graysync_ff_reg[0][4]/D
  -------------------------------------------------------------------    -------------------

                         max delay                    8.000     8.000    
    SLICE_X143Y122       FDRE (Setup_CFF2_SLICEL_C_D)
                                                      0.025     8.025    sfo/residual_estimator/front_stage/main/service/u_egress_fifo/gnuram_async_fifo.xpm_fifo_base_inst/gen_cdc_pntr.rd_pntr_cdc_inst/dest_graysync_ff_reg[0][4]
  -------------------------------------------------------------------
                         required time                          8.025    
                         arrival time                          -0.684    
  -------------------------------------------------------------------
                         slack                                  7.341    

Slack (MET) :             7.342ns  (required time - arrival time)
  Source:                 sfo/initial_estimator/owner/fft/u_ingress_fifo/gnuram_async_fifo.xpm_fifo_base_inst/gen_cdc_pntr.wr_pntr_cdc_dc_inst/src_gray_ff_reg[5]/C
                            (rising edge-triggered cell FDRE clocked by clk125  {rise@0.000ns fall@4.000ns period=8.000ns})
  Destination:            sfo/initial_estimator/owner/fft/u_ingress_fifo/gnuram_async_fifo.xpm_fifo_base_inst/gen_cdc_pntr.wr_pntr_cdc_dc_inst/dest_graysync_ff_reg[0][5]/D
                            (rising edge-triggered cell FDRE clocked by clk500  {rise@0.000ns fall@1.000ns period=2.000ns})
  Path Group:             clk500
  Path Type:              Setup (Max at Slow Process Corner)
  Requirement:            8.000ns  (MaxDelay Path 8.000ns)
  Data Path Delay:        0.683ns  (logic 0.079ns (11.567%)  route 0.604ns (88.433%))
  Logic Levels:           0  
  Timing Exception:       MaxDelay Path 8.000ns -datapath_only

    Location             Delay type                Incr(ns)  Path(ns)    Netlist Resource(s)
  -------------------------------------------------------------------    -------------------
    SLICE_X32Y44                                      0.000     0.000 r  sfo/initial_estimator/owner/fft/u_ingress_fifo/gnuram_async_fifo.xpm_fifo_base_inst/gen_cdc_pntr.wr_pntr_cdc_dc_inst/src_gray_ff_reg[5]/C
    SLICE_X32Y44         FDRE (Prop_DFF_SLICEL_C_Q)
                                                      0.079     0.079 r  sfo/initial_estimator/owner/fft/u_ingress_fifo/gnuram_async_fifo.xpm_fifo_base_inst/gen_cdc_pntr.wr_pntr_cdc_dc_inst/src_gray_ff_reg[5]/Q
                         net (fo=1, routed)           0.604     0.683    sfo/initial_estimator/owner/fft/u_ingress_fifo/gnuram_async_fifo.xpm_fifo_base_inst/gen_cdc_pntr.wr_pntr_cdc_dc_inst/async_path[5]
    SLICE_X32Y45         FDRE                                         r  sfo/initial_estimator/owner/fft/u_ingress_fifo/gnuram_async_fifo.xpm_fifo_base_inst/gen_cdc_pntr.wr_pntr_cdc_dc_inst/dest_graysync_ff_reg[0][5]/D
  -------------------------------------------------------------------    -------------------

                         max delay                    8.000     8.000    
    SLICE_X32Y45         FDRE (Setup_DFF2_SLICEL_C_D)
                                                      0.025     8.025    sfo/initial_estimator/owner/fft/u_ingress_fifo/gnuram_async_fifo.xpm_fifo_base_inst/gen_cdc_pntr.wr_pntr_cdc_dc_inst/dest_graysync_ff_reg[0][5]
  -------------------------------------------------------------------
                         required time                          8.025    
                         arrival time                          -0.683    
  -------------------------------------------------------------------
                         slack                                  7.342    

Slack (MET) :             7.398ns  (required time - arrival time)
  Source:                 sfo/residual_estimator/aux_service/u_ingress_fifo/gnuram_async_fifo.xpm_fifo_base_inst/gen_cdc_pntr.wr_pntr_cdc_inst/src_gray_ff_reg[1]/C
                            (rising edge-triggered cell FDRE clocked by clk125  {rise@0.000ns fall@4.000ns period=8.000ns})
  Destination:            sfo/residual_estimator/aux_service/u_ingress_fifo/gnuram_async_fifo.xpm_fifo_base_inst/gen_cdc_pntr.wr_pntr_cdc_inst/dest_graysync_ff_reg[0][1]/D
                            (rising edge-triggered cell FDRE clocked by clk500  {rise@0.000ns fall@1.000ns period=2.000ns})
  Path Group:             clk500
  Path Type:              Setup (Max at Slow Process Corner)
  Requirement:            8.000ns  (MaxDelay Path 8.000ns)
  Data Path Delay:        0.627ns  (logic 0.081ns (12.919%)  route 0.546ns (87.081%))
  Logic Levels:           0  
  Timing Exception:       MaxDelay Path 8.000ns -datapath_only

    Location             Delay type                Incr(ns)  Path(ns)    Netlist Resource(s)
  -------------------------------------------------------------------    -------------------
    SLICE_X218Y146                                    0.000     0.000 r  sfo/residual_estimator/aux_service/u_ingress_fifo/gnuram_async_fifo.xpm_fifo_base_inst/gen_cdc_pntr.wr_pntr_cdc_inst/src_gray_ff_reg[1]/C
    SLICE_X218Y146       FDRE (Prop_DFF2_SLICEL_C_Q)
                                                      0.081     0.081 r  sfo/residual_estimator/aux_service/u_ingress_fifo/gnuram_async_fifo.xpm_fifo_base_inst/gen_cdc_pntr.wr_pntr_cdc_inst/src_gray_ff_reg[1]/Q
                         net (fo=1, routed)           0.546     0.627    sfo/residual_estimator/aux_service/u_ingress_fifo/gnuram_async_fifo.xpm_fifo_base_inst/gen_cdc_pntr.wr_pntr_cdc_inst/async_path[1]
    SLICE_X218Y146       FDRE                                         r  sfo/residual_estimator/aux_service/u_ingress_fifo/gnuram_async_fifo.xpm_fifo_base_inst/gen_cdc_pntr.wr_pntr_cdc_inst/dest_graysync_ff_reg[0][1]/D
  -------------------------------------------------------------------    -------------------

                         max delay                    8.000     8.000    
    SLICE_X218Y146       FDRE (Setup_GFF2_SLICEL_C_D)
                                                      0.025     8.025    sfo/residual_estimator/aux_service/u_ingress_fifo/gnuram_async_fifo.xpm_fifo_base_inst/gen_cdc_pntr.wr_pntr_cdc_inst/dest_graysync_ff_reg[0][1]
  -------------------------------------------------------------------
                         required time                          8.025    
                         arrival time                          -0.627    
  -------------------------------------------------------------------
                         slack                                  7.398    

Slack (MET) :             7.403ns  (required time - arrival time)
  Source:                 sfo/initial_estimator/owner/fft/u_egress_fifo/gnuram_async_fifo.xpm_fifo_base_inst/gen_cdc_pntr.rd_pntr_cdc_inst/src_gray_ff_reg[2]/C
                            (rising edge-triggered cell FDRE clocked by clk125  {rise@0.000ns fall@4.000ns period=8.000ns})
  Destination:            sfo/initial_estimator/owner/fft/u_egress_fifo/gnuram_async_fifo.xpm_fifo_base_inst/gen_cdc_pntr.rd_pntr_cdc_inst/dest_graysync_ff_reg[0][2]/D
                            (rising edge-triggered cell FDRE clocked by clk500  {rise@0.000ns fall@1.000ns period=2.000ns})
  Path Group:             clk500
  Path Type:              Setup (Max at Slow Process Corner)
  Requirement:            8.000ns  (MaxDelay Path 8.000ns)
  Data Path Delay:        0.622ns  (logic 0.078ns (12.540%)  route 0.544ns (87.460%))
  Logic Levels:           0  
  Timing Exception:       MaxDelay Path 8.000ns -datapath_only

    Location             Delay type                Incr(ns)  Path(ns)    Netlist Resource(s)
  -------------------------------------------------------------------    -------------------
    SLICE_X8Y94                                       0.000     0.000 r  sfo/initial_estimator/owner/fft/u_egress_fifo/gnuram_async_fifo.xpm_fifo_base_inst/gen_cdc_pntr.rd_pntr_cdc_inst/src_gray_ff_reg[2]/C
    SLICE_X8Y94          FDRE (Prop_GFF_SLICEM_C_Q)
                                                      0.078     0.078 r  sfo/initial_estimator/owner/fft/u_egress_fifo/gnuram_async_fifo.xpm_fifo_base_inst/gen_cdc_pntr.rd_pntr_cdc_inst/src_gray_ff_reg[2]/Q
                         net (fo=1, routed)           0.544     0.622    sfo/initial_estimator/owner/fft/u_egress_fifo/gnuram_async_fifo.xpm_fifo_base_inst/gen_cdc_pntr.rd_pntr_cdc_inst/async_path[2]
    SLICE_X7Y90          FDRE                                         r  sfo/initial_estimator/owner/fft/u_egress_fifo/gnuram_async_fifo.xpm_fifo_base_inst/gen_cdc_pntr.rd_pntr_cdc_inst/dest_graysync_ff_reg[0][2]/D
  -------------------------------------------------------------------    -------------------

                         max delay                    8.000     8.000    
    SLICE_X7Y90          FDRE (Setup_GFF2_SLICEL_C_D)
                                                      0.025     8.025    sfo/initial_estimator/owner/fft/u_egress_fifo/gnuram_async_fifo.xpm_fifo_base_inst/gen_cdc_pntr.rd_pntr_cdc_inst/dest_graysync_ff_reg[0][2]
  -------------------------------------------------------------------
                         required time                          8.025    
                         arrival time                          -0.622    
  -------------------------------------------------------------------
                         slack                                  7.403    

Slack (MET) :             7.405ns  (required time - arrival time)
  Source:                 sfo/initial_estimator/owner/fft/u_ingress_fifo/gnuram_async_fifo.xpm_fifo_base_inst/gen_cdc_pntr.wr_pntr_cdc_inst/src_gray_ff_reg[0]/C
                            (rising edge-triggered cell FDRE clocked by clk125  {rise@0.000ns fall@4.000ns period=8.000ns})
  Destination:            sfo/initial_estimator/owner/fft/u_ingress_fifo/gnuram_async_fifo.xpm_fifo_base_inst/gen_cdc_pntr.wr_pntr_cdc_inst/dest_graysync_ff_reg[0][0]/D
                            (rising edge-triggered cell FDRE clocked by clk500  {rise@0.000ns fall@1.000ns period=2.000ns})
  Path Group:             clk500
  Path Type:              Setup (Max at Slow Process Corner)
  Requirement:            8.000ns  (MaxDelay Path 8.000ns)
  Data Path Delay:        0.620ns  (logic 0.079ns (12.742%)  route 0.541ns (87.258%))
  Logic Levels:           0  
  Timing Exception:       MaxDelay Path 8.000ns -datapath_only

    Location             Delay type                Incr(ns)  Path(ns)    Netlist Resource(s)
  -------------------------------------------------------------------    -------------------
    SLICE_X32Y43                                      0.000     0.000 r  sfo/initial_estimator/owner/fft/u_ingress_fifo/gnuram_async_fifo.xpm_fifo_base_inst/gen_cdc_pntr.wr_pntr_cdc_inst/src_gray_ff_reg[0]/C
    SLICE_X32Y43         FDRE (Prop_BFF_SLICEL_C_Q)
                                                      0.079     0.079 r  sfo/initial_estimator/owner/fft/u_ingress_fifo/gnuram_async_fifo.xpm_fifo_base_inst/gen_cdc_pntr.wr_pntr_cdc_inst/src_gray_ff_reg[0]/Q
                         net (fo=1, routed)           0.541     0.620    sfo/initial_estimator/owner/fft/u_ingress_fifo/gnuram_async_fifo.xpm_fifo_base_inst/gen_cdc_pntr.wr_pntr_cdc_inst/async_path[0]
    SLICE_X32Y43         FDRE                                         r  sfo/initial_estimator/owner/fft/u_ingress_fifo/gnuram_async_fifo.xpm_fifo_base_inst/gen_cdc_pntr.wr_pntr_cdc_inst/dest_graysync_ff_reg[0][0]/D
  -------------------------------------------------------------------    -------------------

                         max delay                    8.000     8.000    
    SLICE_X32Y43         FDRE (Setup_HFF2_SLICEL_C_D)
                                                      0.025     8.025    sfo/initial_estimator/owner/fft/u_ingress_fifo/gnuram_async_fifo.xpm_fifo_base_inst/gen_cdc_pntr.wr_pntr_cdc_inst/dest_graysync_ff_reg[0][0]
  -------------------------------------------------------------------
                         required time                          8.025    
                         arrival time                          -0.620    
  -------------------------------------------------------------------
                         slack                                  7.405    

Slack (MET) :             7.447ns  (required time - arrival time)
  Source:                 sfo/residual_estimator/front_stage/main/service/u_egress_fifo/gnuram_async_fifo.xpm_fifo_base_inst/gen_cdc_pntr.rd_pntr_cdc_inst/src_gray_ff_reg[9]/C
                            (rising edge-triggered cell FDRE clocked by clk125  {rise@0.000ns fall@4.000ns period=8.000ns})
  Destination:            sfo/residual_estimator/front_stage/main/service/u_egress_fifo/gnuram_async_fifo.xpm_fifo_base_inst/gen_cdc_pntr.rd_pntr_cdc_inst/dest_graysync_ff_reg[0][9]/D
                            (rising edge-triggered cell FDRE clocked by clk500  {rise@0.000ns fall@1.000ns period=2.000ns})
  Path Group:             clk500
  Path Type:              Setup (Max at Slow Process Corner)
  Requirement:            8.000ns  (MaxDelay Path 8.000ns)
  Data Path Delay:        0.578ns  (logic 0.079ns (13.668%)  route 0.499ns (86.332%))
  Logic Levels:           0  
  Timing Exception:       MaxDelay Path 8.000ns -datapath_only

    Location             Delay type                Incr(ns)  Path(ns)    Netlist Resource(s)
  -------------------------------------------------------------------    -------------------
    SLICE_X143Y124                                    0.000     0.000 r  sfo/residual_estimator/front_stage/main/service/u_egress_fifo/gnuram_async_fifo.xpm_fifo_base_inst/gen_cdc_pntr.rd_pntr_cdc_inst/src_gray_ff_reg[9]/C
    SLICE_X143Y124       FDRE (Prop_AFF_SLICEL_C_Q)
                                                      0.079     0.079 r  sfo/residual_estimator/front_stage/main/service/u_egress_fifo/gnuram_async_fifo.xpm_fifo_base_inst/gen_cdc_pntr.rd_pntr_cdc_inst/src_gray_ff_reg[9]/Q
                         net (fo=1, routed)           0.499     0.578    sfo/residual_estimator/front_stage/main/service/u_egress_fifo/gnuram_async_fifo.xpm_fifo_base_inst/gen_cdc_pntr.rd_pntr_cdc_inst/async_path[9]
    SLICE_X143Y124       FDRE                                         r  sfo/residual_estimator/front_stage/main/service/u_egress_fifo/gnuram_async_fifo.xpm_fifo_base_inst/gen_cdc_pntr.rd_pntr_cdc_inst/dest_graysync_ff_reg[0][9]/D
  -------------------------------------------------------------------    -------------------

                         max delay                    8.000     8.000    
    SLICE_X143Y124       FDRE (Setup_GFF2_SLICEL_C_D)
                                                      0.025     8.025    sfo/residual_estimator/front_stage/main/service/u_egress_fifo/gnuram_async_fifo.xpm_fifo_base_inst/gen_cdc_pntr.rd_pntr_cdc_inst/dest_graysync_ff_reg[0][9]
  -------------------------------------------------------------------
                         required time                          8.025    
                         arrival time                          -0.578    
  -------------------------------------------------------------------
                         slack                                  7.447    

Slack (MET) :             7.455ns  (required time - arrival time)
  Source:                 sfo/initial_estimator/owner/fft/u_egress_fifo/gnuram_async_fifo.xpm_fifo_base_inst/gen_cdc_pntr.rd_pntr_cdc_inst/src_gray_ff_reg[1]/C
                            (rising edge-triggered cell FDRE clocked by clk125  {rise@0.000ns fall@4.000ns period=8.000ns})
  Destination:            sfo/initial_estimator/owner/fft/u_egress_fifo/gnuram_async_fifo.xpm_fifo_base_inst/gen_cdc_pntr.rd_pntr_cdc_inst/dest_graysync_ff_reg[0][1]/D
                            (rising edge-triggered cell FDRE clocked by clk500  {rise@0.000ns fall@1.000ns period=2.000ns})
  Path Group:             clk500
  Path Type:              Setup (Max at Slow Process Corner)
  Requirement:            8.000ns  (MaxDelay Path 8.000ns)
  Data Path Delay:        0.570ns  (logic 0.078ns (13.684%)  route 0.492ns (86.316%))
  Logic Levels:           0  
  Timing Exception:       MaxDelay Path 8.000ns -datapath_only

    Location             Delay type                Incr(ns)  Path(ns)    Netlist Resource(s)
  -------------------------------------------------------------------    -------------------
    SLICE_X8Y94                                       0.000     0.000 r  sfo/initial_estimator/owner/fft/u_egress_fifo/gnuram_async_fifo.xpm_fifo_base_inst/gen_cdc_pntr.rd_pntr_cdc_inst/src_gray_ff_reg[1]/C
    SLICE_X8Y94          FDRE (Prop_HFF2_SLICEM_C_Q)
                                                      0.078     0.078 r  sfo/initial_estimator/owner/fft/u_egress_fifo/gnuram_async_fifo.xpm_fifo_base_inst/gen_cdc_pntr.rd_pntr_cdc_inst/src_gray_ff_reg[1]/Q
                         net (fo=1, routed)           0.492     0.570    sfo/initial_estimator/owner/fft/u_egress_fifo/gnuram_async_fifo.xpm_fifo_base_inst/gen_cdc_pntr.rd_pntr_cdc_inst/async_path[1]
    SLICE_X8Y90          FDRE                                         r  sfo/initial_estimator/owner/fft/u_egress_fifo/gnuram_async_fifo.xpm_fifo_base_inst/gen_cdc_pntr.rd_pntr_cdc_inst/dest_graysync_ff_reg[0][1]/D
  -------------------------------------------------------------------    -------------------

                         max delay                    8.000     8.000    
    SLICE_X8Y90          FDRE (Setup_HFF2_SLICEM_C_D)
                                                      0.025     8.025    sfo/initial_estimator/owner/fft/u_egress_fifo/gnuram_async_fifo.xpm_fifo_base_inst/gen_cdc_pntr.rd_pntr_cdc_inst/dest_graysync_ff_reg[0][1]
  -------------------------------------------------------------------
                         required time                          8.025    
                         arrival time                          -0.570    
  -------------------------------------------------------------------
                         slack                                  7.455    

Slack (MET) :             7.476ns  (required time - arrival time)
  Source:                 sfo/residual_estimator/aux_service/u_ingress_fifo/gnuram_async_fifo.xpm_fifo_base_inst/gen_cdc_pntr.wr_pntr_cdc_inst/src_gray_ff_reg[2]/C
                            (rising edge-triggered cell FDRE clocked by clk125  {rise@0.000ns fall@4.000ns period=8.000ns})
  Destination:            sfo/residual_estimator/aux_service/u_ingress_fifo/gnuram_async_fifo.xpm_fifo_base_inst/gen_cdc_pntr.wr_pntr_cdc_inst/dest_graysync_ff_reg[0][2]/D
                            (rising edge-triggered cell FDRE clocked by clk500  {rise@0.000ns fall@1.000ns period=2.000ns})
  Path Group:             clk500
  Path Type:              Setup (Max at Slow Process Corner)
  Requirement:            8.000ns  (MaxDelay Path 8.000ns)
  Data Path Delay:        0.549ns  (logic 0.079ns (14.390%)  route 0.470ns (85.610%))
  Logic Levels:           0  
  Timing Exception:       MaxDelay Path 8.000ns -datapath_only

    Location             Delay type                Incr(ns)  Path(ns)    Netlist Resource(s)
  -------------------------------------------------------------------    -------------------
    SLICE_X218Y144                                    0.000     0.000 r  sfo/residual_estimator/aux_service/u_ingress_fifo/gnuram_async_fifo.xpm_fifo_base_inst/gen_cdc_pntr.wr_pntr_cdc_inst/src_gray_ff_reg[2]/C
    SLICE_X218Y144       FDRE (Prop_DFF_SLICEL_C_Q)
                                                      0.079     0.079 r  sfo/residual_estimator/aux_service/u_ingress_fifo/gnuram_async_fifo.xpm_fifo_base_inst/gen_cdc_pntr.wr_pntr_cdc_inst/src_gray_ff_reg[2]/Q
                         net (fo=1, routed)           0.470     0.549    sfo/residual_estimator/aux_service/u_ingress_fifo/gnuram_async_fifo.xpm_fifo_base_inst/gen_cdc_pntr.wr_pntr_cdc_inst/async_path[2]
    SLICE_X218Y144       FDRE                                         r  sfo/residual_estimator/aux_service/u_ingress_fifo/gnuram_async_fifo.xpm_fifo_base_inst/gen_cdc_pntr.wr_pntr_cdc_inst/dest_graysync_ff_reg[0][2]/D
  -------------------------------------------------------------------    -------------------

                         max delay                    8.000     8.000    
    SLICE_X218Y144       FDRE (Setup_HFF2_SLICEL_C_D)
                                                      0.025     8.025    sfo/residual_estimator/aux_service/u_ingress_fifo/gnuram_async_fifo.xpm_fifo_base_inst/gen_cdc_pntr.wr_pntr_cdc_inst/dest_graysync_ff_reg[0][2]
  -------------------------------------------------------------------
                         required time                          8.025    
                         arrival time                          -0.549    
  -------------------------------------------------------------------
                         slack                                  7.476    

Slack (MET) :             7.480ns  (required time - arrival time)
  Source:                 sfo/residual_estimator/front_stage/main/service/u_egress_fifo/gnuram_async_fifo.xpm_fifo_base_inst/gen_cdc_pntr.rd_pntr_cdc_inst/src_gray_ff_reg[2]/C
                            (rising edge-triggered cell FDRE clocked by clk125  {rise@0.000ns fall@4.000ns period=8.000ns})
  Destination:            sfo/residual_estimator/front_stage/main/service/u_egress_fifo/gnuram_async_fifo.xpm_fifo_base_inst/gen_cdc_pntr.rd_pntr_cdc_inst/dest_graysync_ff_reg[0][2]/D
                            (rising edge-triggered cell FDRE clocked by clk500  {rise@0.000ns fall@1.000ns period=2.000ns})
  Path Group:             clk500
  Path Type:              Setup (Max at Slow Process Corner)
  Requirement:            8.000ns  (MaxDelay Path 8.000ns)
  Data Path Delay:        0.545ns  (logic 0.079ns (14.495%)  route 0.466ns (85.505%))
  Logic Levels:           0  
  Timing Exception:       MaxDelay Path 8.000ns -datapath_only

    Location             Delay type                Incr(ns)  Path(ns)    Netlist Resource(s)
  -------------------------------------------------------------------    -------------------
    SLICE_X143Y122                                    0.000     0.000 r  sfo/residual_estimator/front_stage/main/service/u_egress_fifo/gnuram_async_fifo.xpm_fifo_base_inst/gen_cdc_pntr.rd_pntr_cdc_inst/src_gray_ff_reg[2]/C
    SLICE_X143Y122       FDRE (Prop_GFF_SLICEL_C_Q)
                                                      0.079     0.079 r  sfo/residual_estimator/front_stage/main/service/u_egress_fifo/gnuram_async_fifo.xpm_fifo_base_inst/gen_cdc_pntr.rd_pntr_cdc_inst/src_gray_ff_reg[2]/Q
                         net (fo=1, routed)           0.466     0.545    sfo/residual_estimator/front_stage/main/service/u_egress_fifo/gnuram_async_fifo.xpm_fifo_base_inst/gen_cdc_pntr.rd_pntr_cdc_inst/async_path[2]
    SLICE_X143Y121       FDRE                                         r  sfo/residual_estimator/front_stage/main/service/u_egress_fifo/gnuram_async_fifo.xpm_fifo_base_inst/gen_cdc_pntr.rd_pntr_cdc_inst/dest_graysync_ff_reg[0][2]/D
  -------------------------------------------------------------------    -------------------

                         max delay                    8.000     8.000    
    SLICE_X143Y121       FDRE (Setup_GFF2_SLICEL_C_D)
                                                      0.025     8.025    sfo/residual_estimator/front_stage/main/service/u_egress_fifo/gnuram_async_fifo.xpm_fifo_base_inst/gen_cdc_pntr.rd_pntr_cdc_inst/dest_graysync_ff_reg[0][2]
  -------------------------------------------------------------------
                         required time                          8.025    
                         arrival time                          -0.545    
  -------------------------------------------------------------------
                         slack                                  7.480    





---------------------------------------------------------------------------------------------------
From Clock:  clk150
  To Clock:  clk500

Setup :            0  Failing Endpoints,  Worst Slack        5.248ns,  Total Violation        0.000ns
Hold  :           NA  Failing Endpoints,  Worst Slack           NA  ,  Total Violation           NA
---------------------------------------------------------------------------------------------------


Max Delay Paths
--------------------------------------------------------------------------------------
Slack (MET) :             5.248ns  (required time - arrival time)
  Source:                 cfo/windows/packed_windows/fifo/gnuram_async_fifo.xpm_fifo_base_inst/gen_cdc_pntr.wr_pntr_cdc_inst/src_gray_ff_reg[10]/C
                            (rising edge-triggered cell FDRE clocked by clk150  {rise@0.000ns fall@3.333ns period=6.667ns})
  Destination:            cfo/windows/packed_windows/fifo/gnuram_async_fifo.xpm_fifo_base_inst/gen_cdc_pntr.wr_pntr_cdc_inst/dest_graysync_ff_reg[0][10]/D
                            (rising edge-triggered cell FDRE clocked by clk500  {rise@0.000ns fall@1.000ns period=2.000ns})
  Path Group:             clk500
  Path Type:              Setup (Max at Slow Process Corner)
  Requirement:            6.667ns  (MaxDelay Path 6.667ns)
  Data Path Delay:        1.444ns  (logic 0.079ns (5.471%)  route 1.365ns (94.529%))
  Logic Levels:           0  
  Timing Exception:       MaxDelay Path 6.667ns -datapath_only

    Location             Delay type                Incr(ns)  Path(ns)    Netlist Resource(s)
  -------------------------------------------------------------------    -------------------
    SLICE_X117Y196                                    0.000     0.000 r  cfo/windows/packed_windows/fifo/gnuram_async_fifo.xpm_fifo_base_inst/gen_cdc_pntr.wr_pntr_cdc_inst/src_gray_ff_reg[10]/C
    SLICE_X117Y196       FDRE (Prop_GFF_SLICEL_C_Q)
                                                      0.079     0.079 r  cfo/windows/packed_windows/fifo/gnuram_async_fifo.xpm_fifo_base_inst/gen_cdc_pntr.wr_pntr_cdc_inst/src_gray_ff_reg[10]/Q
                         net (fo=1, routed)           1.365     1.444    cfo/windows/packed_windows/fifo/gnuram_async_fifo.xpm_fifo_base_inst/gen_cdc_pntr.wr_pntr_cdc_inst/async_path[10]
    SLICE_X116Y197       FDRE                                         r  cfo/windows/packed_windows/fifo/gnuram_async_fifo.xpm_fifo_base_inst/gen_cdc_pntr.wr_pntr_cdc_inst/dest_graysync_ff_reg[0][10]/D
  -------------------------------------------------------------------    -------------------

                         max delay                    6.667     6.667    
    SLICE_X116Y197       FDRE (Setup_DFF2_SLICEL_C_D)
                                                      0.025     6.692    cfo/windows/packed_windows/fifo/gnuram_async_fifo.xpm_fifo_base_inst/gen_cdc_pntr.wr_pntr_cdc_inst/dest_graysync_ff_reg[0][10]
  -------------------------------------------------------------------
                         required time                          6.692    
                         arrival time                          -1.444    
  -------------------------------------------------------------------
                         slack                                  5.248    

Slack (MET) :             5.714ns  (required time - arrival time)
  Source:                 cfo/windows/packed_windows/fifo/gnuram_async_fifo.xpm_fifo_base_inst/gen_cdc_pntr.wr_pntr_cdc_inst/src_gray_ff_reg[8]/C
                            (rising edge-triggered cell FDRE clocked by clk150  {rise@0.000ns fall@3.333ns period=6.667ns})
  Destination:            cfo/windows/packed_windows/fifo/gnuram_async_fifo.xpm_fifo_base_inst/gen_cdc_pntr.wr_pntr_cdc_inst/dest_graysync_ff_reg[0][8]/D
                            (rising edge-triggered cell FDRE clocked by clk500  {rise@0.000ns fall@1.000ns period=2.000ns})
  Path Group:             clk500
  Path Type:              Setup (Max at Slow Process Corner)
  Requirement:            6.667ns  (MaxDelay Path 6.667ns)
  Data Path Delay:        0.978ns  (logic 0.079ns (8.078%)  route 0.899ns (91.922%))
  Logic Levels:           0  
  Timing Exception:       MaxDelay Path 6.667ns -datapath_only

    Location             Delay type                Incr(ns)  Path(ns)    Netlist Resource(s)
  -------------------------------------------------------------------    -------------------
    SLICE_X117Y196                                    0.000     0.000 r  cfo/windows/packed_windows/fifo/gnuram_async_fifo.xpm_fifo_base_inst/gen_cdc_pntr.wr_pntr_cdc_inst/src_gray_ff_reg[8]/C
    SLICE_X117Y196       FDRE (Prop_FFF_SLICEL_C_Q)
                                                      0.079     0.079 r  cfo/windows/packed_windows/fifo/gnuram_async_fifo.xpm_fifo_base_inst/gen_cdc_pntr.wr_pntr_cdc_inst/src_gray_ff_reg[8]/Q
                         net (fo=1, routed)           0.899     0.978    cfo/windows/packed_windows/fifo/gnuram_async_fifo.xpm_fifo_base_inst/gen_cdc_pntr.wr_pntr_cdc_inst/async_path[8]
    SLICE_X117Y196       FDRE                                         r  cfo/windows/packed_windows/fifo/gnuram_async_fifo.xpm_fifo_base_inst/gen_cdc_pntr.wr_pntr_cdc_inst/dest_graysync_ff_reg[0][8]/D
  -------------------------------------------------------------------    -------------------

                         max delay                    6.667     6.667    
    SLICE_X117Y196       FDRE (Setup_CFF2_SLICEL_C_D)
                                                      0.025     6.692    cfo/windows/packed_windows/fifo/gnuram_async_fifo.xpm_fifo_base_inst/gen_cdc_pntr.wr_pntr_cdc_inst/dest_graysync_ff_reg[0][8]
  -------------------------------------------------------------------
                         required time                          6.692    
                         arrival time                          -0.978    
  -------------------------------------------------------------------
                         slack                                  5.714    

Slack (MET) :             5.903ns  (required time - arrival time)
  Source:                 cfo/estimator/observation_fifo/gnuram_async_fifo.xpm_fifo_base_inst/gen_cdc_pntr.rd_pntr_cdc_inst/src_gray_ff_reg[2]/C
                            (rising edge-triggered cell FDRE clocked by clk150  {rise@0.000ns fall@3.333ns period=6.667ns})
  Destination:            cfo/estimator/observation_fifo/gnuram_async_fifo.xpm_fifo_base_inst/gen_cdc_pntr.rd_pntr_cdc_inst/dest_graysync_ff_reg[0][2]/D
                            (rising edge-triggered cell FDRE clocked by clk500  {rise@0.000ns fall@1.000ns period=2.000ns})
  Path Group:             clk500
  Path Type:              Setup (Max at Slow Process Corner)
  Requirement:            6.667ns  (MaxDelay Path 6.667ns)
  Data Path Delay:        0.789ns  (logic 0.079ns (10.013%)  route 0.710ns (89.987%))
  Logic Levels:           0  
  Timing Exception:       MaxDelay Path 6.667ns -datapath_only

    Location             Delay type                Incr(ns)  Path(ns)    Netlist Resource(s)
  -------------------------------------------------------------------    -------------------
    SLICE_X116Y160                                    0.000     0.000 r  cfo/estimator/observation_fifo/gnuram_async_fifo.xpm_fifo_base_inst/gen_cdc_pntr.rd_pntr_cdc_inst/src_gray_ff_reg[2]/C
    SLICE_X116Y160       FDRE (Prop_DFF_SLICEL_C_Q)
                                                      0.079     0.079 r  cfo/estimator/observation_fifo/gnuram_async_fifo.xpm_fifo_base_inst/gen_cdc_pntr.rd_pntr_cdc_inst/src_gray_ff_reg[2]/Q
                         net (fo=1, routed)           0.710     0.789    cfo/estimator/observation_fifo/gnuram_async_fifo.xpm_fifo_base_inst/gen_cdc_pntr.rd_pntr_cdc_inst/async_path[2]
    SLICE_X116Y160       FDRE                                         r  cfo/estimator/observation_fifo/gnuram_async_fifo.xpm_fifo_base_inst/gen_cdc_pntr.rd_pntr_cdc_inst/dest_graysync_ff_reg[0][2]/D
  -------------------------------------------------------------------    -------------------

                         max delay                    6.667     6.667    
    SLICE_X116Y160       FDRE (Setup_HFF2_SLICEL_C_D)
                                                      0.025     6.692    cfo/estimator/observation_fifo/gnuram_async_fifo.xpm_fifo_base_inst/gen_cdc_pntr.rd_pntr_cdc_inst/dest_graysync_ff_reg[0][2]
  -------------------------------------------------------------------
                         required time                          6.692    
                         arrival time                          -0.789    
  -------------------------------------------------------------------
                         slack                                  5.903    

Slack (MET) :             5.997ns  (required time - arrival time)
  Source:                 cfo/windows/packed_windows/fifo/gnuram_async_fifo.xpm_fifo_base_inst/gen_cdc_pntr.wr_pntr_cdc_inst/src_gray_ff_reg[7]/C
                            (rising edge-triggered cell FDRE clocked by clk150  {rise@0.000ns fall@3.333ns period=6.667ns})
  Destination:            cfo/windows/packed_windows/fifo/gnuram_async_fifo.xpm_fifo_base_inst/gen_cdc_pntr.wr_pntr_cdc_inst/dest_graysync_ff_reg[0][7]/D
                            (rising edge-triggered cell FDRE clocked by clk500  {rise@0.000ns fall@1.000ns period=2.000ns})
  Path Group:             clk500
  Path Type:              Setup (Max at Slow Process Corner)
  Requirement:            6.667ns  (MaxDelay Path 6.667ns)
  Data Path Delay:        0.695ns  (logic 0.080ns (11.511%)  route 0.615ns (88.489%))
  Logic Levels:           0  
  Timing Exception:       MaxDelay Path 6.667ns -datapath_only

    Location             Delay type                Incr(ns)  Path(ns)    Netlist Resource(s)
  -------------------------------------------------------------------    -------------------
    SLICE_X117Y192                                    0.000     0.000 r  cfo/windows/packed_windows/fifo/gnuram_async_fifo.xpm_fifo_base_inst/gen_cdc_pntr.wr_pntr_cdc_inst/src_gray_ff_reg[7]/C
    SLICE_X117Y192       FDRE (Prop_HFF2_SLICEL_C_Q)
                                                      0.080     0.080 r  cfo/windows/packed_windows/fifo/gnuram_async_fifo.xpm_fifo_base_inst/gen_cdc_pntr.wr_pntr_cdc_inst/src_gray_ff_reg[7]/Q
                         net (fo=1, routed)           0.615     0.695    cfo/windows/packed_windows/fifo/gnuram_async_fifo.xpm_fifo_base_inst/gen_cdc_pntr.wr_pntr_cdc_inst/async_path[7]
    SLICE_X117Y197       FDRE                                         r  cfo/windows/packed_windows/fifo/gnuram_async_fifo.xpm_fifo_base_inst/gen_cdc_pntr.wr_pntr_cdc_inst/dest_graysync_ff_reg[0][7]/D
  -------------------------------------------------------------------    -------------------

                         max delay                    6.667     6.667    
    SLICE_X117Y197       FDRE (Setup_GFF2_SLICEL_C_D)
                                                      0.025     6.692    cfo/windows/packed_windows/fifo/gnuram_async_fifo.xpm_fifo_base_inst/gen_cdc_pntr.wr_pntr_cdc_inst/dest_graysync_ff_reg[0][7]
  -------------------------------------------------------------------
                         required time                          6.692    
                         arrival time                          -0.695    
  -------------------------------------------------------------------
                         slack                                  5.997    

Slack (MET) :             6.069ns  (required time - arrival time)
  Source:                 cfo/windows/packed_windows/fifo/gnuram_async_fifo.xpm_fifo_base_inst/gen_cdc_pntr.wr_pntr_cdc_inst/src_gray_ff_reg[0]/C
                            (rising edge-triggered cell FDRE clocked by clk150  {rise@0.000ns fall@3.333ns period=6.667ns})
  Destination:            cfo/windows/packed_windows/fifo/gnuram_async_fifo.xpm_fifo_base_inst/gen_cdc_pntr.wr_pntr_cdc_inst/dest_graysync_ff_reg[0][0]/D
                            (rising edge-triggered cell FDRE clocked by clk500  {rise@0.000ns fall@1.000ns period=2.000ns})
  Path Group:             clk500
  Path Type:              Setup (Max at Slow Process Corner)
  Requirement:            6.667ns  (MaxDelay Path 6.667ns)
  Data Path Delay:        0.623ns  (logic 0.079ns (12.681%)  route 0.544ns (87.319%))
  Logic Levels:           0  
  Timing Exception:       MaxDelay Path 6.667ns -datapath_only

    Location             Delay type                Incr(ns)  Path(ns)    Netlist Resource(s)
  -------------------------------------------------------------------    -------------------
    SLICE_X120Y199                                    0.000     0.000 r  cfo/windows/packed_windows/fifo/gnuram_async_fifo.xpm_fifo_base_inst/gen_cdc_pntr.wr_pntr_cdc_inst/src_gray_ff_reg[0]/C
    SLICE_X120Y199       FDRE (Prop_DFF_SLICEL_C_Q)
                                                      0.079     0.079 r  cfo/windows/packed_windows/fifo/gnuram_async_fifo.xpm_fifo_base_inst/gen_cdc_pntr.wr_pntr_cdc_inst/src_gray_ff_reg[0]/Q
                         net (fo=1, routed)           0.544     0.623    cfo/windows/packed_windows/fifo/gnuram_async_fifo.xpm_fifo_base_inst/gen_cdc_pntr.wr_pntr_cdc_inst/async_path[0]
    SLICE_X120Y199       FDRE                                         r  cfo/windows/packed_windows/fifo/gnuram_async_fifo.xpm_fifo_base_inst/gen_cdc_pntr.wr_pntr_cdc_inst/dest_graysync_ff_reg[0][0]/D
  -------------------------------------------------------------------    -------------------

                         max delay                    6.667     6.667    
    SLICE_X120Y199       FDRE (Setup_HFF2_SLICEL_C_D)
                                                      0.025     6.692    cfo/windows/packed_windows/fifo/gnuram_async_fifo.xpm_fifo_base_inst/gen_cdc_pntr.wr_pntr_cdc_inst/dest_graysync_ff_reg[0][0]
  -------------------------------------------------------------------
                         required time                          6.692    
                         arrival time                          -0.623    
  -------------------------------------------------------------------
                         slack                                  6.069    

Slack (MET) :             6.069ns  (required time - arrival time)
  Source:                 cfo/windows/packed_windows/fifo/gnuram_async_fifo.xpm_fifo_base_inst/gen_cdc_pntr.wr_pntr_cdc_inst/src_gray_ff_reg[2]/C
                            (rising edge-triggered cell FDRE clocked by clk150  {rise@0.000ns fall@3.333ns period=6.667ns})
  Destination:            cfo/windows/packed_windows/fifo/gnuram_async_fifo.xpm_fifo_base_inst/gen_cdc_pntr.wr_pntr_cdc_inst/dest_graysync_ff_reg[0][2]/D
                            (rising edge-triggered cell FDRE clocked by clk500  {rise@0.000ns fall@1.000ns period=2.000ns})
  Path Group:             clk500
  Path Type:              Setup (Max at Slow Process Corner)
  Requirement:            6.667ns  (MaxDelay Path 6.667ns)
  Data Path Delay:        0.623ns  (logic 0.079ns (12.681%)  route 0.544ns (87.319%))
  Logic Levels:           0  
  Timing Exception:       MaxDelay Path 6.667ns -datapath_only

    Location             Delay type                Incr(ns)  Path(ns)    Netlist Resource(s)
  -------------------------------------------------------------------    -------------------
    SLICE_X120Y198                                    0.000     0.000 r  cfo/windows/packed_windows/fifo/gnuram_async_fifo.xpm_fifo_base_inst/gen_cdc_pntr.wr_pntr_cdc_inst/src_gray_ff_reg[2]/C
    SLICE_X120Y198       FDRE (Prop_DFF_SLICEL_C_Q)
                                                      0.079     0.079 r  cfo/windows/packed_windows/fifo/gnuram_async_fifo.xpm_fifo_base_inst/gen_cdc_pntr.wr_pntr_cdc_inst/src_gray_ff_reg[2]/Q
                         net (fo=1, routed)           0.544     0.623    cfo/windows/packed_windows/fifo/gnuram_async_fifo.xpm_fifo_base_inst/gen_cdc_pntr.wr_pntr_cdc_inst/async_path[2]
    SLICE_X120Y198       FDRE                                         r  cfo/windows/packed_windows/fifo/gnuram_async_fifo.xpm_fifo_base_inst/gen_cdc_pntr.wr_pntr_cdc_inst/dest_graysync_ff_reg[0][2]/D
  -------------------------------------------------------------------    -------------------

                         max delay                    6.667     6.667    
    SLICE_X120Y198       FDRE (Setup_HFF2_SLICEL_C_D)
                                                      0.025     6.692    cfo/windows/packed_windows/fifo/gnuram_async_fifo.xpm_fifo_base_inst/gen_cdc_pntr.wr_pntr_cdc_inst/dest_graysync_ff_reg[0][2]
  -------------------------------------------------------------------
                         required time                          6.692    
                         arrival time                          -0.623    
  -------------------------------------------------------------------
                         slack                                  6.069    

Slack (MET) :             6.112ns  (required time - arrival time)
  Source:                 cfo/windows/packed_windows/fifo/gnuram_async_fifo.xpm_fifo_base_inst/gen_cdc_pntr.wr_pntr_cdc_inst/src_gray_ff_reg[4]/C
                            (rising edge-triggered cell FDRE clocked by clk150  {rise@0.000ns fall@3.333ns period=6.667ns})
  Destination:            cfo/windows/packed_windows/fifo/gnuram_async_fifo.xpm_fifo_base_inst/gen_cdc_pntr.wr_pntr_cdc_inst/dest_graysync_ff_reg[0][4]/D
                            (rising edge-triggered cell FDRE clocked by clk500  {rise@0.000ns fall@1.000ns period=2.000ns})
  Path Group:             clk500
  Path Type:              Setup (Max at Slow Process Corner)
  Requirement:            6.667ns  (MaxDelay Path 6.667ns)
  Data Path Delay:        0.580ns  (logic 0.079ns (13.621%)  route 0.501ns (86.379%))
  Logic Levels:           0  
  Timing Exception:       MaxDelay Path 6.667ns -datapath_only

    Location             Delay type                Incr(ns)  Path(ns)    Netlist Resource(s)
  -------------------------------------------------------------------    -------------------
    SLICE_X120Y199                                    0.000     0.000 r  cfo/windows/packed_windows/fifo/gnuram_async_fifo.xpm_fifo_base_inst/gen_cdc_pntr.wr_pntr_cdc_inst/src_gray_ff_reg[4]/C
    SLICE_X120Y199       FDRE (Prop_CFF_SLICEL_C_Q)
                                                      0.079     0.079 r  cfo/windows/packed_windows/fifo/gnuram_async_fifo.xpm_fifo_base_inst/gen_cdc_pntr.wr_pntr_cdc_inst/src_gray_ff_reg[4]/Q
                         net (fo=1, routed)           0.501     0.580    cfo/windows/packed_windows/fifo/gnuram_async_fifo.xpm_fifo_base_inst/gen_cdc_pntr.wr_pntr_cdc_inst/async_path[4]
    SLICE_X120Y199       FDRE                                         r  cfo/windows/packed_windows/fifo/gnuram_async_fifo.xpm_fifo_base_inst/gen_cdc_pntr.wr_pntr_cdc_inst/dest_graysync_ff_reg[0][4]/D
  -------------------------------------------------------------------    -------------------

                         max delay                    6.667     6.667    
    SLICE_X120Y199       FDRE (Setup_GFF2_SLICEL_C_D)
                                                      0.025     6.692    cfo/windows/packed_windows/fifo/gnuram_async_fifo.xpm_fifo_base_inst/gen_cdc_pntr.wr_pntr_cdc_inst/dest_graysync_ff_reg[0][4]
  -------------------------------------------------------------------
                         required time                          6.692    
                         arrival time                          -0.580    
  -------------------------------------------------------------------
                         slack                                  6.112    

Slack (MET) :             6.113ns  (required time - arrival time)
  Source:                 cfo/windows/packed_windows/fifo/gnuram_async_fifo.xpm_fifo_base_inst/gen_cdc_pntr.wr_pntr_cdc_inst/src_gray_ff_reg[11]/C
                            (rising edge-triggered cell FDRE clocked by clk150  {rise@0.000ns fall@3.333ns period=6.667ns})
  Destination:            cfo/windows/packed_windows/fifo/gnuram_async_fifo.xpm_fifo_base_inst/gen_cdc_pntr.wr_pntr_cdc_inst/dest_graysync_ff_reg[0][11]/D
                            (rising edge-triggered cell FDRE clocked by clk500  {rise@0.000ns fall@1.000ns period=2.000ns})
  Path Group:             clk500
  Path Type:              Setup (Max at Slow Process Corner)
  Requirement:            6.667ns  (MaxDelay Path 6.667ns)
  Data Path Delay:        0.579ns  (logic 0.079ns (13.644%)  route 0.500ns (86.356%))
  Logic Levels:           0  
  Timing Exception:       MaxDelay Path 6.667ns -datapath_only

    Location             Delay type                Incr(ns)  Path(ns)    Netlist Resource(s)
  -------------------------------------------------------------------    -------------------
    SLICE_X117Y196                                    0.000     0.000 r  cfo/windows/packed_windows/fifo/gnuram_async_fifo.xpm_fifo_base_inst/gen_cdc_pntr.wr_pntr_cdc_inst/src_gray_ff_reg[11]/C
    SLICE_X117Y196       FDRE (Prop_EFF_SLICEL_C_Q)
                                                      0.079     0.079 r  cfo/windows/packed_windows/fifo/gnuram_async_fifo.xpm_fifo_base_inst/gen_cdc_pntr.wr_pntr_cdc_inst/src_gray_ff_reg[11]/Q
                         net (fo=1, routed)           0.500     0.579    cfo/windows/packed_windows/fifo/gnuram_async_fifo.xpm_fifo_base_inst/gen_cdc_pntr.wr_pntr_cdc_inst/async_path[11]
    SLICE_X117Y196       FDRE                                         r  cfo/windows/packed_windows/fifo/gnuram_async_fifo.xpm_fifo_base_inst/gen_cdc_pntr.wr_pntr_cdc_inst/dest_graysync_ff_reg[0][11]/D
  -------------------------------------------------------------------    -------------------

                         max delay                    6.667     6.667    
    SLICE_X117Y196       FDRE (Setup_DFF2_SLICEL_C_D)
                                                      0.025     6.692    cfo/windows/packed_windows/fifo/gnuram_async_fifo.xpm_fifo_base_inst/gen_cdc_pntr.wr_pntr_cdc_inst/dest_graysync_ff_reg[0][11]
  -------------------------------------------------------------------
                         required time                          6.692    
                         arrival time                          -0.579    
  -------------------------------------------------------------------
                         slack                                  6.113    

Slack (MET) :             6.117ns  (required time - arrival time)
  Source:                 cfo/windows/packed_windows/fifo/gnuram_async_fifo.xpm_fifo_base_inst/gen_cdc_pntr.wr_pntr_cdc_inst/src_gray_ff_reg[9]/C
                            (rising edge-triggered cell FDRE clocked by clk150  {rise@0.000ns fall@3.333ns period=6.667ns})
  Destination:            cfo/windows/packed_windows/fifo/gnuram_async_fifo.xpm_fifo_base_inst/gen_cdc_pntr.wr_pntr_cdc_inst/dest_graysync_ff_reg[0][9]/D
                            (rising edge-triggered cell FDRE clocked by clk500  {rise@0.000ns fall@1.000ns period=2.000ns})
  Path Group:             clk500
  Path Type:              Setup (Max at Slow Process Corner)
  Requirement:            6.667ns  (MaxDelay Path 6.667ns)
  Data Path Delay:        0.575ns  (logic 0.081ns (14.087%)  route 0.494ns (85.913%))
  Logic Levels:           0  
  Timing Exception:       MaxDelay Path 6.667ns -datapath_only

    Location             Delay type                Incr(ns)  Path(ns)    Netlist Resource(s)
  -------------------------------------------------------------------    -------------------
    SLICE_X117Y196                                    0.000     0.000 r  cfo/windows/packed_windows/fifo/gnuram_async_fifo.xpm_fifo_base_inst/gen_cdc_pntr.wr_pntr_cdc_inst/src_gray_ff_reg[9]/C
    SLICE_X117Y196       FDRE (Prop_GFF2_SLICEL_C_Q)
                                                      0.081     0.081 r  cfo/windows/packed_windows/fifo/gnuram_async_fifo.xpm_fifo_base_inst/gen_cdc_pntr.wr_pntr_cdc_inst/src_gray_ff_reg[9]/Q
                         net (fo=1, routed)           0.494     0.575    cfo/windows/packed_windows/fifo/gnuram_async_fifo.xpm_fifo_base_inst/gen_cdc_pntr.wr_pntr_cdc_inst/async_path[9]
    SLICE_X116Y197       FDRE                                         r  cfo/windows/packed_windows/fifo/gnuram_async_fifo.xpm_fifo_base_inst/gen_cdc_pntr.wr_pntr_cdc_inst/dest_graysync_ff_reg[0][9]/D
  -------------------------------------------------------------------    -------------------

                         max delay                    6.667     6.667    
    SLICE_X116Y197       FDRE (Setup_CFF2_SLICEL_C_D)
                                                      0.025     6.692    cfo/windows/packed_windows/fifo/gnuram_async_fifo.xpm_fifo_base_inst/gen_cdc_pntr.wr_pntr_cdc_inst/dest_graysync_ff_reg[0][9]
  -------------------------------------------------------------------
                         required time                          6.692    
                         arrival time                          -0.575    
  -------------------------------------------------------------------
                         slack                                  6.117    

Slack (MET) :             6.144ns  (required time - arrival time)
  Source:                 cfo/windows/packed_windows/fifo/gnuram_async_fifo.xpm_fifo_base_inst/gen_cdc_pntr.wr_pntr_cdc_inst/src_gray_ff_reg[1]/C
                            (rising edge-triggered cell FDRE clocked by clk150  {rise@0.000ns fall@3.333ns period=6.667ns})
  Destination:            cfo/windows/packed_windows/fifo/gnuram_async_fifo.xpm_fifo_base_inst/gen_cdc_pntr.wr_pntr_cdc_inst/dest_graysync_ff_reg[0][1]/D
                            (rising edge-triggered cell FDRE clocked by clk500  {rise@0.000ns fall@1.000ns period=2.000ns})
  Path Group:             clk500
  Path Type:              Setup (Max at Slow Process Corner)
  Requirement:            6.667ns  (MaxDelay Path 6.667ns)
  Data Path Delay:        0.548ns  (logic 0.081ns (14.781%)  route 0.467ns (85.219%))
  Logic Levels:           0  
  Timing Exception:       MaxDelay Path 6.667ns -datapath_only

    Location             Delay type                Incr(ns)  Path(ns)    Netlist Resource(s)
  -------------------------------------------------------------------    -------------------
    SLICE_X120Y199                                    0.000     0.000 r  cfo/windows/packed_windows/fifo/gnuram_async_fifo.xpm_fifo_base_inst/gen_cdc_pntr.wr_pntr_cdc_inst/src_gray_ff_reg[1]/C
    SLICE_X120Y199       FDRE (Prop_DFF2_SLICEL_C_Q)
                                                      0.081     0.081 r  cfo/windows/packed_windows/fifo/gnuram_async_fifo.xpm_fifo_base_inst/gen_cdc_pntr.wr_pntr_cdc_inst/src_gray_ff_reg[1]/Q
                         net (fo=1, routed)           0.467     0.548    cfo/windows/packed_windows/fifo/gnuram_async_fifo.xpm_fifo_base_inst/gen_cdc_pntr.wr_pntr_cdc_inst/async_path[1]
    SLICE_X120Y197       FDRE                                         r  cfo/windows/packed_windows/fifo/gnuram_async_fifo.xpm_fifo_base_inst/gen_cdc_pntr.wr_pntr_cdc_inst/dest_graysync_ff_reg[0][1]/D
  -------------------------------------------------------------------    -------------------

                         max delay                    6.667     6.667    
    SLICE_X120Y197       FDRE (Setup_DFF2_SLICEL_C_D)
                                                      0.025     6.692    cfo/windows/packed_windows/fifo/gnuram_async_fifo.xpm_fifo_base_inst/gen_cdc_pntr.wr_pntr_cdc_inst/dest_graysync_ff_reg[0][1]
  -------------------------------------------------------------------
                         required time                          6.692    
                         arrival time                          -0.548    
  -------------------------------------------------------------------
                         slack                                  6.144    





---------------------------------------------------------------------------------------------------
Path Group:  **async_default**
From Clock:  clk125
  To Clock:  clk125

Setup :            0  Failing Endpoints,  Worst Slack        5.714ns,  Total Violation        0.000ns
Hold  :            0  Failing Endpoints,  Worst Slack        0.134ns,  Total Violation        0.000ns
---------------------------------------------------------------------------------------------------


Max Delay Paths
--------------------------------------------------------------------------------------
Slack (MET) :             5.714ns  (required time - arrival time)
  Source:                 sfo/two_pass_transport/reset_125/sync_reset/arststages_ff_reg[3]/C
                            (rising edge-triggered cell FDPE clocked by clk125  {rise@0.000ns fall@4.000ns period=8.000ns})
  Destination:            sfo/two_pass_transport/reset_125/reset_active_reg_replica_5/PRE
                            (recovery check against rising-edge clock clk125  {rise@0.000ns fall@4.000ns period=8.000ns})
  Path Group:             **async_default**
  Path Type:              Recovery (Max at Slow Process Corner)
  Requirement:            8.000ns  (clk125 rise@8.000ns - clk125 rise@0.000ns)
  Data Path Delay:        2.177ns  (logic 0.080ns (3.675%)  route 2.097ns (96.325%))
  Logic Levels:           0  
  Clock Path Skew:        -0.008ns (DCD - SCD + CPR)
    Destination Clock Delay (DCD):    0.020ns = ( 8.020 - 8.000 ) 
    Source Clock Delay      (SCD):    0.028ns
    Clock Pessimism Removal (CPR):    0.000ns
  Clock Uncertainty:      0.035ns  ((TSJ^2 + TIJ^2)^1/2 + DJ) / 2 + PE
    Total System Jitter     (TSJ):    0.071ns
    Total Input Jitter      (TIJ):    0.000ns
    Discrete Jitter          (DJ):    0.000ns
    Phase Error              (PE):    0.000ns

    Location             Delay type                Incr(ns)  Path(ns)    Netlist Resource(s)
  -------------------------------------------------------------------    -------------------
                         (clock clk125 rise edge)     0.000     0.000 r  
                                                      0.000     0.000 r  clk125 (IN)
                         net (fo=95403, unset)        0.028     0.028    sfo/two_pass_transport/reset_125/sync_reset/dest_clk
    SLICE_X96Y110        FDPE                                         r  sfo/two_pass_transport/reset_125/sync_reset/arststages_ff_reg[3]/C
  -------------------------------------------------------------------    -------------------
    SLICE_X96Y110        FDPE (Prop_CFF2_SLICEL_C_Q)
                                                      0.080     0.108 f  sfo/two_pass_transport/reset_125/sync_reset/arststages_ff_reg[3]/Q
                         net (fo=17, routed)          2.097     2.205    sfo/two_pass_transport/reset_125/synced
    SLICE_X138Y172       FDPE                                         f  sfo/two_pass_transport/reset_125/reset_active_reg_replica_5/PRE
  -------------------------------------------------------------------    -------------------

                         (clock clk125 rise edge)     8.000     8.000 r  
                                                      0.000     8.000 r  clk125 (IN)
                         net (fo=95403, unset)        0.020     8.020    sfo/two_pass_transport/reset_125/clk
    SLICE_X138Y172       FDPE                                         r  sfo/two_pass_transport/reset_125/reset_active_reg_replica_5/C
                         clock pessimism              0.000     8.020    
                         clock uncertainty           -0.035     7.985    
    SLICE_X138Y172       FDPE (Recov_EFF_SLICEL_C_PRE)
                                                     -0.066     7.919    sfo/two_pass_transport/reset_125/reset_active_reg_replica_5
  -------------------------------------------------------------------
                         required time                          7.919    
                         arrival time                          -2.205    
  -------------------------------------------------------------------
                         slack                                  5.714    

Slack (MET) :             5.714ns  (required time - arrival time)
  Source:                 sfo/two_pass_transport/reset_125/sync_reset/arststages_ff_reg[3]/C
                            (rising edge-triggered cell FDPE clocked by clk125  {rise@0.000ns fall@4.000ns period=8.000ns})
  Destination:            sfo/two_pass_transport/reset_125/reset_active_reg_replica_8/PRE
                            (recovery check against rising-edge clock clk125  {rise@0.000ns fall@4.000ns period=8.000ns})
  Path Group:             **async_default**
  Path Type:              Recovery (Max at Slow Process Corner)
  Requirement:            8.000ns  (clk125 rise@8.000ns - clk125 rise@0.000ns)
  Data Path Delay:        2.177ns  (logic 0.080ns (3.675%)  route 2.097ns (96.325%))
  Logic Levels:           0  
  Clock Path Skew:        -0.008ns (DCD - SCD + CPR)
    Destination Clock Delay (DCD):    0.020ns = ( 8.020 - 8.000 ) 
    Source Clock Delay      (SCD):    0.028ns
    Clock Pessimism Removal (CPR):    0.000ns
  Clock Uncertainty:      0.035ns  ((TSJ^2 + TIJ^2)^1/2 + DJ) / 2 + PE
    Total System Jitter     (TSJ):    0.071ns
    Total Input Jitter      (TIJ):    0.000ns
    Discrete Jitter          (DJ):    0.000ns
    Phase Error              (PE):    0.000ns

    Location             Delay type                Incr(ns)  Path(ns)    Netlist Resource(s)
  -------------------------------------------------------------------    -------------------
                         (clock clk125 rise edge)     0.000     0.000 r  
                                                      0.000     0.000 r  clk125 (IN)
                         net (fo=95403, unset)        0.028     0.028    sfo/two_pass_transport/reset_125/sync_reset/dest_clk
    SLICE_X96Y110        FDPE                                         r  sfo/two_pass_transport/reset_125/sync_reset/arststages_ff_reg[3]/C
  -------------------------------------------------------------------    -------------------
    SLICE_X96Y110        FDPE (Prop_CFF2_SLICEL_C_Q)
                                                      0.080     0.108 f  sfo/two_pass_transport/reset_125/sync_reset/arststages_ff_reg[3]/Q
                         net (fo=17, routed)          2.097     2.205    sfo/two_pass_transport/reset_125/synced
    SLICE_X138Y172       FDPE                                         f  sfo/two_pass_transport/reset_125/reset_active_reg_replica_8/PRE
  -------------------------------------------------------------------    -------------------

                         (clock clk125 rise edge)     8.000     8.000 r  
                                                      0.000     8.000 r  clk125 (IN)
                         net (fo=95403, unset)        0.020     8.020    sfo/two_pass_transport/reset_125/clk
    SLICE_X138Y172       FDPE                                         r  sfo/two_pass_transport/reset_125/reset_active_reg_replica_8/C
                         clock pessimism              0.000     8.020    
                         clock uncertainty           -0.035     7.985    
    SLICE_X138Y172       FDPE (Recov_EFF2_SLICEL_C_PRE)
                                                     -0.066     7.919    sfo/two_pass_transport/reset_125/reset_active_reg_replica_8
  -------------------------------------------------------------------
                         required time                          7.919    
                         arrival time                          -2.205    
  -------------------------------------------------------------------
                         slack                                  5.714    

Slack (MET) :             5.970ns  (required time - arrival time)
  Source:                 sfo/two_pass_transport/reset_125/sync_reset/arststages_ff_reg[3]/C
                            (rising edge-triggered cell FDPE clocked by clk125  {rise@0.000ns fall@4.000ns period=8.000ns})
  Destination:            sfo/two_pass_transport/reset_125/reset_active_reg_replica/PRE
                            (recovery check against rising-edge clock clk125  {rise@0.000ns fall@4.000ns period=8.000ns})
  Path Group:             **async_default**
  Path Type:              Recovery (Max at Slow Process Corner)
  Requirement:            8.000ns  (clk125 rise@8.000ns - clk125 rise@0.000ns)
  Data Path Delay:        1.921ns  (logic 0.080ns (4.164%)  route 1.841ns (95.836%))
  Logic Levels:           0  
  Clock Path Skew:        -0.008ns (DCD - SCD + CPR)
    Destination Clock Delay (DCD):    0.020ns = ( 8.020 - 8.000 ) 
    Source Clock Delay      (SCD):    0.028ns
    Clock Pessimism Removal (CPR):    0.000ns
  Clock Uncertainty:      0.035ns  ((TSJ^2 + TIJ^2)^1/2 + DJ) / 2 + PE
    Total System Jitter     (TSJ):    0.071ns
    Total Input Jitter      (TIJ):    0.000ns
    Discrete Jitter          (DJ):    0.000ns
    Phase Error              (PE):    0.000ns

    Location             Delay type                Incr(ns)  Path(ns)    Netlist Resource(s)
  -------------------------------------------------------------------    -------------------
                         (clock clk125 rise edge)     0.000     0.000 r  
                                                      0.000     0.000 r  clk125 (IN)
                         net (fo=95403, unset)        0.028     0.028    sfo/two_pass_transport/reset_125/sync_reset/dest_clk
    SLICE_X96Y110        FDPE                                         r  sfo/two_pass_transport/reset_125/sync_reset/arststages_ff_reg[3]/C
  -------------------------------------------------------------------    -------------------
    SLICE_X96Y110        FDPE (Prop_CFF2_SLICEL_C_Q)
                                                      0.080     0.108 f  sfo/two_pass_transport/reset_125/sync_reset/arststages_ff_reg[3]/Q
                         net (fo=17, routed)          1.841     1.949    sfo/two_pass_transport/reset_125/synced
    SLICE_X138Y149       FDPE                                         f  sfo/two_pass_transport/reset_125/reset_active_reg_replica/PRE
  -------------------------------------------------------------------    -------------------

                         (clock clk125 rise edge)     8.000     8.000 r  
                                                      0.000     8.000 r  clk125 (IN)
                         net (fo=95403, unset)        0.020     8.020    sfo/two_pass_transport/reset_125/clk
    SLICE_X138Y149       FDPE                                         r  sfo/two_pass_transport/reset_125/reset_active_reg_replica/C
                         clock pessimism              0.000     8.020    
                         clock uncertainty           -0.035     7.985    
    SLICE_X138Y149       FDPE (Recov_EFF_SLICEL_C_PRE)
                                                     -0.066     7.919    sfo/two_pass_transport/reset_125/reset_active_reg_replica
  -------------------------------------------------------------------
                         required time                          7.919    
                         arrival time                          -1.949    
  -------------------------------------------------------------------
                         slack                                  5.970    

Slack (MET) :             6.424ns  (required time - arrival time)
  Source:                 reset_a/sync_reset/arststages_ff_reg[3]/C
                            (rising edge-triggered cell FDPE clocked by clk125  {rise@0.000ns fall@4.000ns period=8.000ns})
  Destination:            reset_a/reset_active_reg_replica_2/PRE
                            (recovery check against rising-edge clock clk125  {rise@0.000ns fall@4.000ns period=8.000ns})
  Path Group:             **async_default**
  Path Type:              Recovery (Max at Slow Process Corner)
  Requirement:            8.000ns  (clk125 rise@8.000ns - clk125 rise@0.000ns)
  Data Path Delay:        1.467ns  (logic 0.080ns (5.453%)  route 1.387ns (94.547%))
  Logic Levels:           0  
  Clock Path Skew:        -0.008ns (DCD - SCD + CPR)
    Destination Clock Delay (DCD):    0.020ns = ( 8.020 - 8.000 ) 
    Source Clock Delay      (SCD):    0.028ns
    Clock Pessimism Removal (CPR):    0.000ns
  Clock Uncertainty:      0.035ns  ((TSJ^2 + TIJ^2)^1/2 + DJ) / 2 + PE
    Total System Jitter     (TSJ):    0.071ns
    Total Input Jitter      (TIJ):    0.000ns
    Discrete Jitter          (DJ):    0.000ns
    Phase Error              (PE):    0.000ns

    Location             Delay type                Incr(ns)  Path(ns)    Netlist Resource(s)
  -------------------------------------------------------------------    -------------------
                         (clock clk125 rise edge)     0.000     0.000 r  
                                                      0.000     0.000 r  clk125 (IN)
                         net (fo=95403, unset)        0.028     0.028    reset_a/sync_reset/dest_clk
    SLICE_X138Y4         FDPE                                         r  reset_a/sync_reset/arststages_ff_reg[3]/C
  -------------------------------------------------------------------    -------------------
    SLICE_X138Y4         FDPE (Prop_CFF2_SLICEL_C_Q)
                                                      0.080     0.108 f  reset_a/sync_reset/arststages_ff_reg[3]/Q
                         net (fo=15, routed)          1.387     1.495    reset_a/synced
    SLICE_X138Y108       FDPE                                         f  reset_a/reset_active_reg_replica_2/PRE
  -------------------------------------------------------------------    -------------------

                         (clock clk125 rise edge)     8.000     8.000 r  
                                                      0.000     8.000 r  clk125 (IN)
                         net (fo=95403, unset)        0.020     8.020    reset_a/clk
    SLICE_X138Y108       FDPE                                         r  reset_a/reset_active_reg_replica_2/C
                         clock pessimism              0.000     8.020    
                         clock uncertainty           -0.035     7.985    
    SLICE_X138Y108       FDPE (Recov_AFF_SLICEL_C_PRE)
                                                     -0.066     7.919    reset_a/reset_active_reg_replica_2
  -------------------------------------------------------------------
                         required time                          7.919    
                         arrival time                          -1.495    
  -------------------------------------------------------------------
                         slack                                  6.424    

Slack (MET) :             6.474ns  (required time - arrival time)
  Source:                 reset_a/sync_reset/arststages_ff_reg[3]/C
                            (rising edge-triggered cell FDPE clocked by clk125  {rise@0.000ns fall@4.000ns period=8.000ns})
  Destination:            reset_a/reset_active_reg_replica_3/PRE
                            (recovery check against rising-edge clock clk125  {rise@0.000ns fall@4.000ns period=8.000ns})
  Path Group:             **async_default**
  Path Type:              Recovery (Max at Slow Process Corner)
  Requirement:            8.000ns  (clk125 rise@8.000ns - clk125 rise@0.000ns)
  Data Path Delay:        1.418ns  (logic 0.080ns (5.642%)  route 1.338ns (94.358%))
  Logic Levels:           0  
  Clock Path Skew:        -0.007ns (DCD - SCD + CPR)
    Destination Clock Delay (DCD):    0.021ns = ( 8.021 - 8.000 ) 
    Source Clock Delay      (SCD):    0.028ns
    Clock Pessimism Removal (CPR):    0.000ns
  Clock Uncertainty:      0.035ns  ((TSJ^2 + TIJ^2)^1/2 + DJ) / 2 + PE
    Total System Jitter     (TSJ):    0.071ns
    Total Input Jitter      (TIJ):    0.000ns
    Discrete Jitter          (DJ):    0.000ns
    Phase Error              (PE):    0.000ns

    Location             Delay type                Incr(ns)  Path(ns)    Netlist Resource(s)
  -------------------------------------------------------------------    -------------------
                         (clock clk125 rise edge)     0.000     0.000 r  
                                                      0.000     0.000 r  clk125 (IN)
                         net (fo=95403, unset)        0.028     0.028    reset_a/sync_reset/dest_clk
    SLICE_X138Y4         FDPE                                         r  reset_a/sync_reset/arststages_ff_reg[3]/C
  -------------------------------------------------------------------    -------------------
    SLICE_X138Y4         FDPE (Prop_CFF2_SLICEL_C_Q)
                                                      0.080     0.108 f  reset_a/sync_reset/arststages_ff_reg[3]/Q
                         net (fo=15, routed)          1.338     1.446    reset_a/synced
    SLICE_X139Y108       FDPE                                         f  reset_a/reset_active_reg_replica_3/PRE
  -------------------------------------------------------------------    -------------------

                         (clock clk125 rise edge)     8.000     8.000 r  
                                                      0.000     8.000 r  clk125 (IN)
                         net (fo=95403, unset)        0.021     8.021    reset_a/clk
    SLICE_X139Y108       FDPE                                         r  reset_a/reset_active_reg_replica_3/C
                         clock pessimism              0.000     8.021    
                         clock uncertainty           -0.035     7.986    
    SLICE_X139Y108       FDPE (Recov_EFF_SLICEM_C_PRE)
                                                     -0.066     7.920    reset_a/reset_active_reg_replica_3
  -------------------------------------------------------------------
                         required time                          7.920    
                         arrival time                          -1.446    
  -------------------------------------------------------------------
                         slack                                  6.474    

Slack (MET) :             6.595ns  (required time - arrival time)
  Source:                 sfo/two_pass_transport/reset_125/sync_reset/arststages_ff_reg[3]/C
                            (rising edge-triggered cell FDPE clocked by clk125  {rise@0.000ns fall@4.000ns period=8.000ns})
  Destination:            sfo/two_pass_transport/reset_125/reset_active_reg_replica_6/PRE
                            (recovery check against rising-edge clock clk125  {rise@0.000ns fall@4.000ns period=8.000ns})
  Path Group:             **async_default**
  Path Type:              Recovery (Max at Slow Process Corner)
  Requirement:            8.000ns  (clk125 rise@8.000ns - clk125 rise@0.000ns)
  Data Path Delay:        1.297ns  (logic 0.080ns (6.168%)  route 1.217ns (93.832%))
  Logic Levels:           0  
  Clock Path Skew:        -0.007ns (DCD - SCD + CPR)
    Destination Clock Delay (DCD):    0.021ns = ( 8.021 - 8.000 ) 
    Source Clock Delay      (SCD):    0.028ns
    Clock Pessimism Removal (CPR):    0.000ns
  Clock Uncertainty:      0.035ns  ((TSJ^2 + TIJ^2)^1/2 + DJ) / 2 + PE
    Total System Jitter     (TSJ):    0.071ns
    Total Input Jitter      (TIJ):    0.000ns
    Discrete Jitter          (DJ):    0.000ns
    Phase Error              (PE):    0.000ns

    Location             Delay type                Incr(ns)  Path(ns)    Netlist Resource(s)
  -------------------------------------------------------------------    -------------------
                         (clock clk125 rise edge)     0.000     0.000 r  
                                                      0.000     0.000 r  clk125 (IN)
                         net (fo=95403, unset)        0.028     0.028    sfo/two_pass_transport/reset_125/sync_reset/dest_clk
    SLICE_X96Y110        FDPE                                         r  sfo/two_pass_transport/reset_125/sync_reset/arststages_ff_reg[3]/C
  -------------------------------------------------------------------    -------------------
    SLICE_X96Y110        FDPE (Prop_CFF2_SLICEL_C_Q)
                                                      0.080     0.108 f  sfo/two_pass_transport/reset_125/sync_reset/arststages_ff_reg[3]/Q
                         net (fo=17, routed)          1.217     1.325    sfo/two_pass_transport/reset_125/synced
    SLICE_X76Y63         FDPE                                         f  sfo/two_pass_transport/reset_125/reset_active_reg_replica_6/PRE
  -------------------------------------------------------------------    -------------------

                         (clock clk125 rise edge)     8.000     8.000 r  
                                                      0.000     8.000 r  clk125 (IN)
                         net (fo=95403, unset)        0.021     8.021    sfo/two_pass_transport/reset_125/clk
    SLICE_X76Y63         FDPE                                         r  sfo/two_pass_transport/reset_125/reset_active_reg_replica_6/C
                         clock pessimism              0.000     8.021    
                         clock uncertainty           -0.035     7.986    
    SLICE_X76Y63         FDPE (Recov_EFF_SLICEM_C_PRE)
                                                     -0.066     7.920    sfo/two_pass_transport/reset_125/reset_active_reg_replica_6
  -------------------------------------------------------------------
                         required time                          7.920    
                         arrival time                          -1.325    
  -------------------------------------------------------------------
                         slack                                  6.595    

Slack (MET) :             6.754ns  (required time - arrival time)
  Source:                 sfo/two_pass_transport/reset_125/sync_reset/arststages_ff_reg[3]/C
                            (rising edge-triggered cell FDPE clocked by clk125  {rise@0.000ns fall@4.000ns period=8.000ns})
  Destination:            sfo/two_pass_transport/reset_125/reset_active_reg/PRE
                            (recovery check against rising-edge clock clk125  {rise@0.000ns fall@4.000ns period=8.000ns})
  Path Group:             **async_default**
  Path Type:              Recovery (Max at Slow Process Corner)
  Requirement:            8.000ns  (clk125 rise@8.000ns - clk125 rise@0.000ns)
  Data Path Delay:        1.138ns  (logic 0.080ns (7.030%)  route 1.058ns (92.970%))
  Logic Levels:           0  
  Clock Path Skew:        -0.007ns (DCD - SCD + CPR)
    Destination Clock Delay (DCD):    0.021ns = ( 8.021 - 8.000 ) 
    Source Clock Delay      (SCD):    0.028ns
    Clock Pessimism Removal (CPR):    0.000ns
  Clock Uncertainty:      0.035ns  ((TSJ^2 + TIJ^2)^1/2 + DJ) / 2 + PE
    Total System Jitter     (TSJ):    0.071ns
    Total Input Jitter      (TIJ):    0.000ns
    Discrete Jitter          (DJ):    0.000ns
    Phase Error              (PE):    0.000ns

    Location             Delay type                Incr(ns)  Path(ns)    Netlist Resource(s)
  -------------------------------------------------------------------    -------------------
                         (clock clk125 rise edge)     0.000     0.000 r  
                                                      0.000     0.000 r  clk125 (IN)
                         net (fo=95403, unset)        0.028     0.028    sfo/two_pass_transport/reset_125/sync_reset/dest_clk
    SLICE_X96Y110        FDPE                                         r  sfo/two_pass_transport/reset_125/sync_reset/arststages_ff_reg[3]/C
  -------------------------------------------------------------------    -------------------
    SLICE_X96Y110        FDPE (Prop_CFF2_SLICEL_C_Q)
                                                      0.080     0.108 f  sfo/two_pass_transport/reset_125/sync_reset/arststages_ff_reg[3]/Q
                         net (fo=17, routed)          1.058     1.166    sfo/two_pass_transport/reset_125/synced
    SLICE_X72Y78         FDPE                                         f  sfo/two_pass_transport/reset_125/reset_active_reg/PRE
  -------------------------------------------------------------------    -------------------

                         (clock clk125 rise edge)     8.000     8.000 r  
                                                      0.000     8.000 r  clk125 (IN)
                         net (fo=95403, unset)        0.021     8.021    sfo/two_pass_transport/reset_125/clk
    SLICE_X72Y78         FDPE                                         r  sfo/two_pass_transport/reset_125/reset_active_reg/C
                         clock pessimism              0.000     8.021    
                         clock uncertainty           -0.035     7.986    
    SLICE_X72Y78         FDPE (Recov_EFF_SLICEM_C_PRE)
                                                     -0.066     7.920    sfo/two_pass_transport/reset_125/reset_active_reg
  -------------------------------------------------------------------
                         required time                          7.920    
                         arrival time                          -1.166    
  -------------------------------------------------------------------
                         slack                                  6.754    

Slack (MET) :             6.901ns  (required time - arrival time)
  Source:                 sfo/two_pass_transport/reset_125/sync_reset/arststages_ff_reg[3]/C
                            (rising edge-triggered cell FDPE clocked by clk125  {rise@0.000ns fall@4.000ns period=8.000ns})
  Destination:            sfo/two_pass_transport/reset_125/reset_active_reg_replica_1/PRE
                            (recovery check against rising-edge clock clk125  {rise@0.000ns fall@4.000ns period=8.000ns})
  Path Group:             **async_default**
  Path Type:              Recovery (Max at Slow Process Corner)
  Requirement:            8.000ns  (clk125 rise@8.000ns - clk125 rise@0.000ns)
  Data Path Delay:        0.990ns  (logic 0.080ns (8.081%)  route 0.910ns (91.919%))
  Logic Levels:           0  
  Clock Path Skew:        -0.008ns (DCD - SCD + CPR)
    Destination Clock Delay (DCD):    0.020ns = ( 8.020 - 8.000 ) 
    Source Clock Delay      (SCD):    0.028ns
    Clock Pessimism Removal (CPR):    0.000ns
  Clock Uncertainty:      0.035ns  ((TSJ^2 + TIJ^2)^1/2 + DJ) / 2 + PE
    Total System Jitter     (TSJ):    0.071ns
    Total Input Jitter      (TIJ):    0.000ns
    Discrete Jitter          (DJ):    0.000ns
    Phase Error              (PE):    0.000ns

    Location             Delay type                Incr(ns)  Path(ns)    Netlist Resource(s)
  -------------------------------------------------------------------    -------------------
                         (clock clk125 rise edge)     0.000     0.000 r  
                                                      0.000     0.000 r  clk125 (IN)
                         net (fo=95403, unset)        0.028     0.028    sfo/two_pass_transport/reset_125/sync_reset/dest_clk
    SLICE_X96Y110        FDPE                                         r  sfo/two_pass_transport/reset_125/sync_reset/arststages_ff_reg[3]/C
  -------------------------------------------------------------------    -------------------
    SLICE_X96Y110        FDPE (Prop_CFF2_SLICEL_C_Q)
                                                      0.080     0.108 f  sfo/two_pass_transport/reset_125/sync_reset/arststages_ff_reg[3]/Q
                         net (fo=17, routed)          0.910     1.018    sfo/two_pass_transport/reset_125/synced
    SLICE_X78Y78         FDPE                                         f  sfo/two_pass_transport/reset_125/reset_active_reg_replica_1/PRE
  -------------------------------------------------------------------    -------------------

                         (clock clk125 rise edge)     8.000     8.000 r  
                                                      0.000     8.000 r  clk125 (IN)
                         net (fo=95403, unset)        0.020     8.020    sfo/two_pass_transport/reset_125/clk
    SLICE_X78Y78         FDPE                                         r  sfo/two_pass_transport/reset_125/reset_active_reg_replica_1/C
                         clock pessimism              0.000     8.020    
                         clock uncertainty           -0.035     7.985    
    SLICE_X78Y78         FDPE (Recov_EFF_SLICEL_C_PRE)
                                                     -0.066     7.919    sfo/two_pass_transport/reset_125/reset_active_reg_replica_1
  -------------------------------------------------------------------
                         required time                          7.919    
                         arrival time                          -1.018    
  -------------------------------------------------------------------
                         slack                                  6.901    

Slack (MET) :             6.901ns  (required time - arrival time)
  Source:                 sfo/two_pass_transport/reset_125/sync_reset/arststages_ff_reg[3]/C
                            (rising edge-triggered cell FDPE clocked by clk125  {rise@0.000ns fall@4.000ns period=8.000ns})
  Destination:            sfo/two_pass_transport/reset_125/reset_active_reg_replica_4/PRE
                            (recovery check against rising-edge clock clk125  {rise@0.000ns fall@4.000ns period=8.000ns})
  Path Group:             **async_default**
  Path Type:              Recovery (Max at Slow Process Corner)
  Requirement:            8.000ns  (clk125 rise@8.000ns - clk125 rise@0.000ns)
  Data Path Delay:        0.990ns  (logic 0.080ns (8.081%)  route 0.910ns (91.919%))
  Logic Levels:           0  
  Clock Path Skew:        -0.008ns (DCD - SCD + CPR)
    Destination Clock Delay (DCD):    0.020ns = ( 8.020 - 8.000 ) 
    Source Clock Delay      (SCD):    0.028ns
    Clock Pessimism Removal (CPR):    0.000ns
  Clock Uncertainty:      0.035ns  ((TSJ^2 + TIJ^2)^1/2 + DJ) / 2 + PE
    Total System Jitter     (TSJ):    0.071ns
    Total Input Jitter      (TIJ):    0.000ns
    Discrete Jitter          (DJ):    0.000ns
    Phase Error              (PE):    0.000ns

    Location             Delay type                Incr(ns)  Path(ns)    Netlist Resource(s)
  -------------------------------------------------------------------    -------------------
                         (clock clk125 rise edge)     0.000     0.000 r  
                                                      0.000     0.000 r  clk125 (IN)
                         net (fo=95403, unset)        0.028     0.028    sfo/two_pass_transport/reset_125/sync_reset/dest_clk
    SLICE_X96Y110        FDPE                                         r  sfo/two_pass_transport/reset_125/sync_reset/arststages_ff_reg[3]/C
  -------------------------------------------------------------------    -------------------
    SLICE_X96Y110        FDPE (Prop_CFF2_SLICEL_C_Q)
                                                      0.080     0.108 f  sfo/two_pass_transport/reset_125/sync_reset/arststages_ff_reg[3]/Q
                         net (fo=17, routed)          0.910     1.018    sfo/two_pass_transport/reset_125/synced
    SLICE_X78Y78         FDPE                                         f  sfo/two_pass_transport/reset_125/reset_active_reg_replica_4/PRE
  -------------------------------------------------------------------    -------------------

                         (clock clk125 rise edge)     8.000     8.000 r  
                                                      0.000     8.000 r  clk125 (IN)
                         net (fo=95403, unset)        0.020     8.020    sfo/two_pass_transport/reset_125/clk
    SLICE_X78Y78         FDPE                                         r  sfo/two_pass_transport/reset_125/reset_active_reg_replica_4/C
                         clock pessimism              0.000     8.020    
                         clock uncertainty           -0.035     7.985    
    SLICE_X78Y78         FDPE (Recov_EFF2_SLICEL_C_PRE)
                                                     -0.066     7.919    sfo/two_pass_transport/reset_125/reset_active_reg_replica_4
  -------------------------------------------------------------------
                         required time                          7.919    
                         arrival time                          -1.018    
  -------------------------------------------------------------------
                         slack                                  6.901    

Slack (MET) :             6.957ns  (required time - arrival time)
  Source:                 sfo/two_pass_transport/reset_125/sync_reset/arststages_ff_reg[3]/C
                            (rising edge-triggered cell FDPE clocked by clk125  {rise@0.000ns fall@4.000ns period=8.000ns})
  Destination:            sfo/two_pass_transport/reset_125/reset_active_reg_replica_2/PRE
                            (recovery check against rising-edge clock clk125  {rise@0.000ns fall@4.000ns period=8.000ns})
  Path Group:             **async_default**
  Path Type:              Recovery (Max at Slow Process Corner)
  Requirement:            8.000ns  (clk125 rise@8.000ns - clk125 rise@0.000ns)
  Data Path Delay:        0.934ns  (logic 0.080ns (8.565%)  route 0.854ns (91.435%))
  Logic Levels:           0  
  Clock Path Skew:        -0.008ns (DCD - SCD + CPR)
    Destination Clock Delay (DCD):    0.020ns = ( 8.020 - 8.000 ) 
    Source Clock Delay      (SCD):    0.028ns
    Clock Pessimism Removal (CPR):    0.000ns
  Clock Uncertainty:      0.035ns  ((TSJ^2 + TIJ^2)^1/2 + DJ) / 2 + PE
    Total System Jitter     (TSJ):    0.071ns
    Total Input Jitter      (TIJ):    0.000ns
    Discrete Jitter          (DJ):    0.000ns
    Phase Error              (PE):    0.000ns

    Location             Delay type                Incr(ns)  Path(ns)    Netlist Resource(s)
  -------------------------------------------------------------------    -------------------
                         (clock clk125 rise edge)     0.000     0.000 r  
                                                      0.000     0.000 r  clk125 (IN)
                         net (fo=95403, unset)        0.028     0.028    sfo/two_pass_transport/reset_125/sync_reset/dest_clk
    SLICE_X96Y110        FDPE                                         r  sfo/two_pass_transport/reset_125/sync_reset/arststages_ff_reg[3]/C
  -------------------------------------------------------------------    -------------------
    SLICE_X96Y110        FDPE (Prop_CFF2_SLICEL_C_Q)
                                                      0.080     0.108 f  sfo/two_pass_transport/reset_125/sync_reset/arststages_ff_reg[3]/Q
                         net (fo=17, routed)          0.854     0.962    sfo/two_pass_transport/reset_125/synced
    SLICE_X89Y76         FDPE                                         f  sfo/two_pass_transport/reset_125/reset_active_reg_replica_2/PRE
  -------------------------------------------------------------------    -------------------

                         (clock clk125 rise edge)     8.000     8.000 r  
                                                      0.000     8.000 r  clk125 (IN)
                         net (fo=95403, unset)        0.020     8.020    sfo/two_pass_transport/reset_125/clk
    SLICE_X89Y76         FDPE                                         r  sfo/two_pass_transport/reset_125/reset_active_reg_replica_2/C
                         clock pessimism              0.000     8.020    
                         clock uncertainty           -0.035     7.985    
    SLICE_X89Y76         FDPE (Recov_AFF_SLICEL_C_PRE)
                                                     -0.066     7.919    sfo/two_pass_transport/reset_125/reset_active_reg_replica_2
  -------------------------------------------------------------------
                         required time                          7.919    
                         arrival time                          -0.962    
  -------------------------------------------------------------------
                         slack                                  6.957    





Min Delay Paths
--------------------------------------------------------------------------------------
Slack (MET) :             0.134ns  (arrival time - required time)
  Source:                 sfo/two_pass_transport/shared_raw.hub/reset_a/sync_reset/arststages_ff_reg[3]/C
                            (rising edge-triggered cell FDPE clocked by clk125  {rise@0.000ns fall@4.000ns period=8.000ns})
  Destination:            sfo/two_pass_transport/shared_raw.hub/reset_a/hold_count_reg[0]/CLR
                            (removal check against rising-edge clock clk125  {rise@0.000ns fall@4.000ns period=8.000ns})
  Path Group:             **async_default**
  Path Type:              Removal (Min at Fast Process Corner)
  Requirement:            0.000ns  (clk125 rise@0.000ns - clk125 rise@0.000ns)
  Data Path Delay:        0.120ns  (logic 0.039ns (32.500%)  route 0.081ns (67.500%))
  Logic Levels:           0  
  Clock Path Skew:        0.006ns (DCD - SCD - CPR)
    Destination Clock Delay (DCD):    0.019ns
    Source Clock Delay      (SCD):    0.013ns
    Clock Pessimism Removal (CPR):    -0.000ns

    Location             Delay type                Incr(ns)  Path(ns)    Netlist Resource(s)
  -------------------------------------------------------------------    -------------------
                         (clock clk125 rise edge)     0.000     0.000 r  
                                                      0.000     0.000 r  clk125 (IN)
                         net (fo=95403, unset)        0.013     0.013    sfo/two_pass_transport/shared_raw.hub/reset_a/sync_reset/dest_clk
    SLICE_X97Y116        FDPE                                         r  sfo/two_pass_transport/shared_raw.hub/reset_a/sync_reset/arststages_ff_reg[3]/C
  -------------------------------------------------------------------    -------------------
    SLICE_X97Y116        FDPE (Prop_CFF2_SLICEM_C_Q)
                                                      0.039     0.052 f  sfo/two_pass_transport/shared_raw.hub/reset_a/sync_reset/arststages_ff_reg[3]/Q
                         net (fo=8, routed)           0.081     0.133    sfo/two_pass_transport/shared_raw.hub/reset_a/synced
    SLICE_X98Y116        FDCE                                         f  sfo/two_pass_transport/shared_raw.hub/reset_a/hold_count_reg[0]/CLR
  -------------------------------------------------------------------    -------------------

                         (clock clk125 rise edge)     0.000     0.000 r  
                                                      0.000     0.000 r  clk125 (IN)
                         net (fo=95403, unset)        0.019     0.019    sfo/two_pass_transport/shared_raw.hub/reset_a/clk
    SLICE_X98Y116        FDCE                                         r  sfo/two_pass_transport/shared_raw.hub/reset_a/hold_count_reg[0]/C
                         clock pessimism              0.000     0.019    
    SLICE_X98Y116        FDCE (Remov_HFF_SLICEL_C_CLR)
                                                     -0.020    -0.001    sfo/two_pass_transport/shared_raw.hub/reset_a/hold_count_reg[0]
  -------------------------------------------------------------------
                         required time                          0.001    
                         arrival time                           0.133    
  -------------------------------------------------------------------
                         slack                                  0.134    

Slack (MET) :             0.134ns  (arrival time - required time)
  Source:                 sfo/two_pass_transport/shared_raw.hub/reset_a/sync_reset/arststages_ff_reg[3]/C
                            (rising edge-triggered cell FDPE clocked by clk125  {rise@0.000ns fall@4.000ns period=8.000ns})
  Destination:            sfo/two_pass_transport/shared_raw.hub/reset_a/reset_active_reg/PRE
                            (removal check against rising-edge clock clk125  {rise@0.000ns fall@4.000ns period=8.000ns})
  Path Group:             **async_default**
  Path Type:              Removal (Min at Fast Process Corner)
  Requirement:            0.000ns  (clk125 rise@0.000ns - clk125 rise@0.000ns)
  Data Path Delay:        0.120ns  (logic 0.039ns (32.500%)  route 0.081ns (67.500%))
  Logic Levels:           0  
  Clock Path Skew:        0.006ns (DCD - SCD - CPR)
    Destination Clock Delay (DCD):    0.019ns
    Source Clock Delay      (SCD):    0.013ns
    Clock Pessimism Removal (CPR):    -0.000ns

    Location             Delay type                Incr(ns)  Path(ns)    Netlist Resource(s)
  -------------------------------------------------------------------    -------------------
                         (clock clk125 rise edge)     0.000     0.000 r  
                                                      0.000     0.000 r  clk125 (IN)
                         net (fo=95403, unset)        0.013     0.013    sfo/two_pass_transport/shared_raw.hub/reset_a/sync_reset/dest_clk
    SLICE_X97Y116        FDPE                                         r  sfo/two_pass_transport/shared_raw.hub/reset_a/sync_reset/arststages_ff_reg[3]/C
  -------------------------------------------------------------------    -------------------
    SLICE_X97Y116        FDPE (Prop_CFF2_SLICEM_C_Q)
                                                      0.039     0.052 f  sfo/two_pass_transport/shared_raw.hub/reset_a/sync_reset/arststages_ff_reg[3]/Q
                         net (fo=8, routed)           0.081     0.133    sfo/two_pass_transport/shared_raw.hub/reset_a/synced
    SLICE_X98Y116        FDPE                                         f  sfo/two_pass_transport/shared_raw.hub/reset_a/reset_active_reg/PRE
  -------------------------------------------------------------------    -------------------

                         (clock clk125 rise edge)     0.000     0.000 r  
                                                      0.000     0.000 r  clk125 (IN)
                         net (fo=95403, unset)        0.019     0.019    sfo/two_pass_transport/shared_raw.hub/reset_a/clk
    SLICE_X98Y116        FDPE                                         r  sfo/two_pass_transport/shared_raw.hub/reset_a/reset_active_reg/C
                         clock pessimism              0.000     0.019    
    SLICE_X98Y116        FDPE (Remov_HFF2_SLICEL_C_PRE)
                                                     -0.020    -0.001    sfo/two_pass_transport/shared_raw.hub/reset_a/reset_active_reg
  -------------------------------------------------------------------
                         required time                          0.001    
                         arrival time                           0.133    
  -------------------------------------------------------------------
                         slack                                  0.134    

Slack (MET) :             0.135ns  (arrival time - required time)
  Source:                 sfo/two_pass_transport/shared_raw.hub/reset_a/sync_reset/arststages_ff_reg[3]/C
                            (rising edge-triggered cell FDPE clocked by clk125  {rise@0.000ns fall@4.000ns period=8.000ns})
  Destination:            sfo/two_pass_transport/shared_raw.hub/reset_a/hold_count_reg[1]/CLR
                            (removal check against rising-edge clock clk125  {rise@0.000ns fall@4.000ns period=8.000ns})
  Path Group:             **async_default**
  Path Type:              Removal (Min at Fast Process Corner)
  Requirement:            0.000ns  (clk125 rise@0.000ns - clk125 rise@0.000ns)
  Data Path Delay:        0.120ns  (logic 0.039ns (32.500%)  route 0.081ns (67.500%))
  Logic Levels:           0  
  Clock Path Skew:        0.005ns (DCD - SCD - CPR)
    Destination Clock Delay (DCD):    0.018ns
    Source Clock Delay      (SCD):    0.013ns
    Clock Pessimism Removal (CPR):    -0.000ns

    Location             Delay type                Incr(ns)  Path(ns)    Netlist Resource(s)
  -------------------------------------------------------------------    -------------------
                         (clock clk125 rise edge)     0.000     0.000 r  
                                                      0.000     0.000 r  clk125 (IN)
                         net (fo=95403, unset)        0.013     0.013    sfo/two_pass_transport/shared_raw.hub/reset_a/sync_reset/dest_clk
    SLICE_X97Y116        FDPE                                         r  sfo/two_pass_transport/shared_raw.hub/reset_a/sync_reset/arststages_ff_reg[3]/C
  -------------------------------------------------------------------    -------------------
    SLICE_X97Y116        FDPE (Prop_CFF2_SLICEM_C_Q)
                                                      0.039     0.052 f  sfo/two_pass_transport/shared_raw.hub/reset_a/sync_reset/arststages_ff_reg[3]/Q
                         net (fo=8, routed)           0.081     0.133    sfo/two_pass_transport/shared_raw.hub/reset_a/synced
    SLICE_X98Y116        FDCE                                         f  sfo/two_pass_transport/shared_raw.hub/reset_a/hold_count_reg[1]/CLR
  -------------------------------------------------------------------    -------------------

                         (clock clk125 rise edge)     0.000     0.000 r  
                                                      0.000     0.000 r  clk125 (IN)
                         net (fo=95403, unset)        0.018     0.018    sfo/two_pass_transport/shared_raw.hub/reset_a/clk
    SLICE_X98Y116        FDCE                                         r  sfo/two_pass_transport/shared_raw.hub/reset_a/hold_count_reg[1]/C
                         clock pessimism              0.000     0.018    
    SLICE_X98Y116        FDCE (Remov_DFF_SLICEL_C_CLR)
                                                     -0.020    -0.002    sfo/two_pass_transport/shared_raw.hub/reset_a/hold_count_reg[1]
  -------------------------------------------------------------------
                         required time                          0.002    
                         arrival time                           0.133    
  -------------------------------------------------------------------
                         slack                                  0.135    

Slack (MET) :             0.135ns  (arrival time - required time)
  Source:                 sfo/two_pass_transport/shared_raw.hub/reset_a/sync_reset/arststages_ff_reg[3]/C
                            (rising edge-triggered cell FDPE clocked by clk125  {rise@0.000ns fall@4.000ns period=8.000ns})
  Destination:            sfo/two_pass_transport/shared_raw.hub/reset_a/hold_count_reg[2]/CLR
                            (removal check against rising-edge clock clk125  {rise@0.000ns fall@4.000ns period=8.000ns})
  Path Group:             **async_default**
  Path Type:              Removal (Min at Fast Process Corner)
  Requirement:            0.000ns  (clk125 rise@0.000ns - clk125 rise@0.000ns)
  Data Path Delay:        0.120ns  (logic 0.039ns (32.500%)  route 0.081ns (67.500%))
  Logic Levels:           0  
  Clock Path Skew:        0.005ns (DCD - SCD - CPR)
    Destination Clock Delay (DCD):    0.018ns
    Source Clock Delay      (SCD):    0.013ns
    Clock Pessimism Removal (CPR):    -0.000ns

    Location             Delay type                Incr(ns)  Path(ns)    Netlist Resource(s)
  -------------------------------------------------------------------    -------------------
                         (clock clk125 rise edge)     0.000     0.000 r  
                                                      0.000     0.000 r  clk125 (IN)
                         net (fo=95403, unset)        0.013     0.013    sfo/two_pass_transport/shared_raw.hub/reset_a/sync_reset/dest_clk
    SLICE_X97Y116        FDPE                                         r  sfo/two_pass_transport/shared_raw.hub/reset_a/sync_reset/arststages_ff_reg[3]/C
  -------------------------------------------------------------------    -------------------
    SLICE_X97Y116        FDPE (Prop_CFF2_SLICEM_C_Q)
                                                      0.039     0.052 f  sfo/two_pass_transport/shared_raw.hub/reset_a/sync_reset/arststages_ff_reg[3]/Q
                         net (fo=8, routed)           0.081     0.133    sfo/two_pass_transport/shared_raw.hub/reset_a/synced
    SLICE_X98Y116        FDCE                                         f  sfo/two_pass_transport/shared_raw.hub/reset_a/hold_count_reg[2]/CLR
  -------------------------------------------------------------------    -------------------

                         (clock clk125 rise edge)     0.000     0.000 r  
                                                      0.000     0.000 r  clk125 (IN)
                         net (fo=95403, unset)        0.018     0.018    sfo/two_pass_transport/shared_raw.hub/reset_a/clk
    SLICE_X98Y116        FDCE                                         r  sfo/two_pass_transport/shared_raw.hub/reset_a/hold_count_reg[2]/C
                         clock pessimism              0.000     0.018    
    SLICE_X98Y116        FDCE (Remov_DFF2_SLICEL_C_CLR)
                                                     -0.020    -0.002    sfo/two_pass_transport/shared_raw.hub/reset_a/hold_count_reg[2]
  -------------------------------------------------------------------
                         required time                          0.002    
                         arrival time                           0.133    
  -------------------------------------------------------------------
                         slack                                  0.135    

Slack (MET) :             0.135ns  (arrival time - required time)
  Source:                 sfo/two_pass_transport/shared_raw.hub/reset_a/sync_reset/arststages_ff_reg[3]/C
                            (rising edge-triggered cell FDPE clocked by clk125  {rise@0.000ns fall@4.000ns period=8.000ns})
  Destination:            sfo/two_pass_transport/shared_raw.hub/reset_a/hold_count_reg[3]/CLR
                            (removal check against rising-edge clock clk125  {rise@0.000ns fall@4.000ns period=8.000ns})
  Path Group:             **async_default**
  Path Type:              Removal (Min at Fast Process Corner)
  Requirement:            0.000ns  (clk125 rise@0.000ns - clk125 rise@0.000ns)
  Data Path Delay:        0.120ns  (logic 0.039ns (32.500%)  route 0.081ns (67.500%))
  Logic Levels:           0  
  Clock Path Skew:        0.005ns (DCD - SCD - CPR)
    Destination Clock Delay (DCD):    0.018ns
    Source Clock Delay      (SCD):    0.013ns
    Clock Pessimism Removal (CPR):    -0.000ns

    Location             Delay type                Incr(ns)  Path(ns)    Netlist Resource(s)
  -------------------------------------------------------------------    -------------------
                         (clock clk125 rise edge)     0.000     0.000 r  
                                                      0.000     0.000 r  clk125 (IN)
                         net (fo=95403, unset)        0.013     0.013    sfo/two_pass_transport/shared_raw.hub/reset_a/sync_reset/dest_clk
    SLICE_X97Y116        FDPE                                         r  sfo/two_pass_transport/shared_raw.hub/reset_a/sync_reset/arststages_ff_reg[3]/C
  -------------------------------------------------------------------    -------------------
    SLICE_X97Y116        FDPE (Prop_CFF2_SLICEM_C_Q)
                                                      0.039     0.052 f  sfo/two_pass_transport/shared_raw.hub/reset_a/sync_reset/arststages_ff_reg[3]/Q
                         net (fo=8, routed)           0.081     0.133    sfo/two_pass_transport/shared_raw.hub/reset_a/synced
    SLICE_X98Y116        FDCE                                         f  sfo/two_pass_transport/shared_raw.hub/reset_a/hold_count_reg[3]/CLR
  -------------------------------------------------------------------    -------------------

                         (clock clk125 rise edge)     0.000     0.000 r  
                                                      0.000     0.000 r  clk125 (IN)
                         net (fo=95403, unset)        0.018     0.018    sfo/two_pass_transport/shared_raw.hub/reset_a/clk
    SLICE_X98Y116        FDCE                                         r  sfo/two_pass_transport/shared_raw.hub/reset_a/hold_count_reg[3]/C
                         clock pessimism              0.000     0.018    
    SLICE_X98Y116        FDCE (Remov_CFF_SLICEL_C_CLR)
                                                     -0.020    -0.002    sfo/two_pass_transport/shared_raw.hub/reset_a/hold_count_reg[3]
  -------------------------------------------------------------------
                         required time                          0.002    
                         arrival time                           0.133    
  -------------------------------------------------------------------
                         slack                                  0.135    

Slack (MET) :             0.135ns  (arrival time - required time)
  Source:                 sfo/two_pass_transport/shared_raw.hub/reset_a/sync_reset/arststages_ff_reg[3]/C
                            (rising edge-triggered cell FDPE clocked by clk125  {rise@0.000ns fall@4.000ns period=8.000ns})
  Destination:            sfo/two_pass_transport/shared_raw.hub/reset_a/hold_count_reg[4]/CLR
                            (removal check against rising-edge clock clk125  {rise@0.000ns fall@4.000ns period=8.000ns})
  Path Group:             **async_default**
  Path Type:              Removal (Min at Fast Process Corner)
  Requirement:            0.000ns  (clk125 rise@0.000ns - clk125 rise@0.000ns)
  Data Path Delay:        0.120ns  (logic 0.039ns (32.500%)  route 0.081ns (67.500%))
  Logic Levels:           0  
  Clock Path Skew:        0.005ns (DCD - SCD - CPR)
    Destination Clock Delay (DCD):    0.018ns
    Source Clock Delay      (SCD):    0.013ns
    Clock Pessimism Removal (CPR):    -0.000ns

    Location             Delay type                Incr(ns)  Path(ns)    Netlist Resource(s)
  -------------------------------------------------------------------    -------------------
                         (clock clk125 rise edge)     0.000     0.000 r  
                                                      0.000     0.000 r  clk125 (IN)
                         net (fo=95403, unset)        0.013     0.013    sfo/two_pass_transport/shared_raw.hub/reset_a/sync_reset/dest_clk
    SLICE_X97Y116        FDPE                                         r  sfo/two_pass_transport/shared_raw.hub/reset_a/sync_reset/arststages_ff_reg[3]/C
  -------------------------------------------------------------------    -------------------
    SLICE_X97Y116        FDPE (Prop_CFF2_SLICEM_C_Q)
                                                      0.039     0.052 f  sfo/two_pass_transport/shared_raw.hub/reset_a/sync_reset/arststages_ff_reg[3]/Q
                         net (fo=8, routed)           0.081     0.133    sfo/two_pass_transport/shared_raw.hub/reset_a/synced
    SLICE_X98Y116        FDCE                                         f  sfo/two_pass_transport/shared_raw.hub/reset_a/hold_count_reg[4]/CLR
  -------------------------------------------------------------------    -------------------

                         (clock clk125 rise edge)     0.000     0.000 r  
                                                      0.000     0.000 r  clk125 (IN)
                         net (fo=95403, unset)        0.018     0.018    sfo/two_pass_transport/shared_raw.hub/reset_a/clk
    SLICE_X98Y116        FDCE                                         r  sfo/two_pass_transport/shared_raw.hub/reset_a/hold_count_reg[4]/C
                         clock pessimism              0.000     0.018    
    SLICE_X98Y116        FDCE (Remov_CFF2_SLICEL_C_CLR)
                                                     -0.020    -0.002    sfo/two_pass_transport/shared_raw.hub/reset_a/hold_count_reg[4]
  -------------------------------------------------------------------
                         required time                          0.002    
                         arrival time                           0.133    
  -------------------------------------------------------------------
                         slack                                  0.135    

Slack (MET) :             0.135ns  (arrival time - required time)
  Source:                 sfo/two_pass_transport/shared_raw.hub/reset_a/sync_reset/arststages_ff_reg[3]/C
                            (rising edge-triggered cell FDPE clocked by clk125  {rise@0.000ns fall@4.000ns period=8.000ns})
  Destination:            sfo/two_pass_transport/shared_raw.hub/reset_a/hold_count_reg[5]/CLR
                            (removal check against rising-edge clock clk125  {rise@0.000ns fall@4.000ns period=8.000ns})
  Path Group:             **async_default**
  Path Type:              Removal (Min at Fast Process Corner)
  Requirement:            0.000ns  (clk125 rise@0.000ns - clk125 rise@0.000ns)
  Data Path Delay:        0.120ns  (logic 0.039ns (32.500%)  route 0.081ns (67.500%))
  Logic Levels:           0  
  Clock Path Skew:        0.005ns (DCD - SCD - CPR)
    Destination Clock Delay (DCD):    0.018ns
    Source Clock Delay      (SCD):    0.013ns
    Clock Pessimism Removal (CPR):    -0.000ns

    Location             Delay type                Incr(ns)  Path(ns)    Netlist Resource(s)
  -------------------------------------------------------------------    -------------------
                         (clock clk125 rise edge)     0.000     0.000 r  
                                                      0.000     0.000 r  clk125 (IN)
                         net (fo=95403, unset)        0.013     0.013    sfo/two_pass_transport/shared_raw.hub/reset_a/sync_reset/dest_clk
    SLICE_X97Y116        FDPE                                         r  sfo/two_pass_transport/shared_raw.hub/reset_a/sync_reset/arststages_ff_reg[3]/C
  -------------------------------------------------------------------    -------------------
    SLICE_X97Y116        FDPE (Prop_CFF2_SLICEM_C_Q)
                                                      0.039     0.052 f  sfo/two_pass_transport/shared_raw.hub/reset_a/sync_reset/arststages_ff_reg[3]/Q
                         net (fo=8, routed)           0.081     0.133    sfo/two_pass_transport/shared_raw.hub/reset_a/synced
    SLICE_X98Y116        FDCE                                         f  sfo/two_pass_transport/shared_raw.hub/reset_a/hold_count_reg[5]/CLR
  -------------------------------------------------------------------    -------------------

                         (clock clk125 rise edge)     0.000     0.000 r  
                                                      0.000     0.000 r  clk125 (IN)
                         net (fo=95403, unset)        0.018     0.018    sfo/two_pass_transport/shared_raw.hub/reset_a/clk
    SLICE_X98Y116        FDCE                                         r  sfo/two_pass_transport/shared_raw.hub/reset_a/hold_count_reg[5]/C
                         clock pessimism              0.000     0.018    
    SLICE_X98Y116        FDCE (Remov_BFF_SLICEL_C_CLR)
                                                     -0.020    -0.002    sfo/two_pass_transport/shared_raw.hub/reset_a/hold_count_reg[5]
  -------------------------------------------------------------------
                         required time                          0.002    
                         arrival time                           0.133    
  -------------------------------------------------------------------
                         slack                                  0.135    

Slack (MET) :             0.135ns  (arrival time - required time)
  Source:                 sfo/two_pass_transport/shared_raw.hub/reset_a/sync_reset/arststages_ff_reg[3]/C
                            (rising edge-triggered cell FDPE clocked by clk125  {rise@0.000ns fall@4.000ns period=8.000ns})
  Destination:            sfo/two_pass_transport/shared_raw.hub/reset_a/hold_count_reg[6]_inv/PRE
                            (removal check against rising-edge clock clk125  {rise@0.000ns fall@4.000ns period=8.000ns})
  Path Group:             **async_default**
  Path Type:              Removal (Min at Fast Process Corner)
  Requirement:            0.000ns  (clk125 rise@0.000ns - clk125 rise@0.000ns)
  Data Path Delay:        0.120ns  (logic 0.039ns (32.500%)  route 0.081ns (67.500%))
  Logic Levels:           0  
  Clock Path Skew:        0.005ns (DCD - SCD - CPR)
    Destination Clock Delay (DCD):    0.018ns
    Source Clock Delay      (SCD):    0.013ns
    Clock Pessimism Removal (CPR):    -0.000ns

    Location             Delay type                Incr(ns)  Path(ns)    Netlist Resource(s)
  -------------------------------------------------------------------    -------------------
                         (clock clk125 rise edge)     0.000     0.000 r  
                                                      0.000     0.000 r  clk125 (IN)
                         net (fo=95403, unset)        0.013     0.013    sfo/two_pass_transport/shared_raw.hub/reset_a/sync_reset/dest_clk
    SLICE_X97Y116        FDPE                                         r  sfo/two_pass_transport/shared_raw.hub/reset_a/sync_reset/arststages_ff_reg[3]/C
  -------------------------------------------------------------------    -------------------
    SLICE_X97Y116        FDPE (Prop_CFF2_SLICEM_C_Q)
                                                      0.039     0.052 f  sfo/two_pass_transport/shared_raw.hub/reset_a/sync_reset/arststages_ff_reg[3]/Q
                         net (fo=8, routed)           0.081     0.133    sfo/two_pass_transport/shared_raw.hub/reset_a/synced
    SLICE_X98Y116        FDPE                                         f  sfo/two_pass_transport/shared_raw.hub/reset_a/hold_count_reg[6]_inv/PRE
  -------------------------------------------------------------------    -------------------

                         (clock clk125 rise edge)     0.000     0.000 r  
                                                      0.000     0.000 r  clk125 (IN)
                         net (fo=95403, unset)        0.018     0.018    sfo/two_pass_transport/shared_raw.hub/reset_a/clk
    SLICE_X98Y116        FDPE                                         r  sfo/two_pass_transport/shared_raw.hub/reset_a/hold_count_reg[6]_inv/C
                         clock pessimism              0.000     0.018    
    SLICE_X98Y116        FDPE (Remov_AFF_SLICEL_C_PRE)
                                                     -0.020    -0.002    sfo/two_pass_transport/shared_raw.hub/reset_a/hold_count_reg[6]_inv
  -------------------------------------------------------------------
                         required time                          0.002    
                         arrival time                           0.133    
  -------------------------------------------------------------------
                         slack                                  0.135    

Slack (MET) :             0.151ns  (arrival time - required time)
  Source:                 reset_a/reset_active_reg/C
                            (rising edge-triggered cell FDPE clocked by clk125  {rise@0.000ns fall@4.000ns period=8.000ns})
  Destination:            frontend/reset_release_reg[0]/CLR
                            (removal check against rising-edge clock clk125  {rise@0.000ns fall@4.000ns period=8.000ns})
  Path Group:             **async_default**
  Path Type:              Removal (Min at Fast Process Corner)
  Requirement:            0.000ns  (clk125 rise@0.000ns - clk125 rise@0.000ns)
  Data Path Delay:        0.136ns  (logic 0.039ns (28.676%)  route 0.097ns (71.324%))
  Logic Levels:           0  
  Clock Path Skew:        0.005ns (DCD - SCD - CPR)
    Destination Clock Delay (DCD):    0.018ns
    Source Clock Delay      (SCD):    0.013ns
    Clock Pessimism Removal (CPR):    -0.000ns

    Location             Delay type                Incr(ns)  Path(ns)    Netlist Resource(s)
  -------------------------------------------------------------------    -------------------
                         (clock clk125 rise edge)     0.000     0.000 r  
                                                      0.000     0.000 r  clk125 (IN)
                         net (fo=95403, unset)        0.013     0.013    reset_a/clk
    SLICE_X138Y16        FDPE                                         r  reset_a/reset_active_reg/C
  -------------------------------------------------------------------    -------------------
    SLICE_X138Y16        FDPE (Prop_EFF_SLICEL_C_Q)
                                                      0.039     0.052 f  reset_a/reset_active_reg/Q
                         net (fo=147, routed)         0.097     0.149    frontend/reset_release[1]_i_1_n_0
    SLICE_X138Y15        FDCE                                         f  frontend/reset_release_reg[0]/CLR
  -------------------------------------------------------------------    -------------------

                         (clock clk125 rise edge)     0.000     0.000 r  
                                                      0.000     0.000 r  clk125 (IN)
                         net (fo=95403, unset)        0.018     0.018    frontend/clk
    SLICE_X138Y15        FDCE                                         r  frontend/reset_release_reg[0]/C
                         clock pessimism              0.000     0.018    
    SLICE_X138Y15        FDCE (Remov_DFF2_SLICEL_C_CLR)
                                                     -0.020    -0.002    frontend/reset_release_reg[0]
  -------------------------------------------------------------------
                         required time                          0.002    
                         arrival time                           0.149    
  -------------------------------------------------------------------
                         slack                                  0.151    

Slack (MET) :             0.151ns  (arrival time - required time)
  Source:                 reset_a/reset_active_reg/C
                            (rising edge-triggered cell FDPE clocked by clk125  {rise@0.000ns fall@4.000ns period=8.000ns})
  Destination:            frontend/reset_release_reg[1]/CLR
                            (removal check against rising-edge clock clk125  {rise@0.000ns fall@4.000ns period=8.000ns})
  Path Group:             **async_default**
  Path Type:              Removal (Min at Fast Process Corner)
  Requirement:            0.000ns  (clk125 rise@0.000ns - clk125 rise@0.000ns)
  Data Path Delay:        0.136ns  (logic 0.039ns (28.676%)  route 0.097ns (71.324%))
  Logic Levels:           0  
  Clock Path Skew:        0.005ns (DCD - SCD - CPR)
    Destination Clock Delay (DCD):    0.018ns
    Source Clock Delay      (SCD):    0.013ns
    Clock Pessimism Removal (CPR):    -0.000ns

    Location             Delay type                Incr(ns)  Path(ns)    Netlist Resource(s)
  -------------------------------------------------------------------    -------------------
                         (clock clk125 rise edge)     0.000     0.000 r  
                                                      0.000     0.000 r  clk125 (IN)
                         net (fo=95403, unset)        0.013     0.013    reset_a/clk
    SLICE_X138Y16        FDPE                                         r  reset_a/reset_active_reg/C
  -------------------------------------------------------------------    -------------------
    SLICE_X138Y16        FDPE (Prop_EFF_SLICEL_C_Q)
                                                      0.039     0.052 f  reset_a/reset_active_reg/Q
                         net (fo=147, routed)         0.097     0.149    frontend/reset_release[1]_i_1_n_0
    SLICE_X138Y15        FDCE                                         f  frontend/reset_release_reg[1]/CLR
  -------------------------------------------------------------------    -------------------

                         (clock clk125 rise edge)     0.000     0.000 r  
                                                      0.000     0.000 r  clk125 (IN)
                         net (fo=95403, unset)        0.018     0.018    frontend/clk
    SLICE_X138Y15        FDCE                                         r  frontend/reset_release_reg[1]/C
                         clock pessimism              0.000     0.018    
    SLICE_X138Y15        FDCE (Remov_AFF2_SLICEL_C_CLR)
                                                     -0.020    -0.002    frontend/reset_release_reg[1]
  -------------------------------------------------------------------
                         required time                          0.002    
                         arrival time                           0.149    
  -------------------------------------------------------------------
                         slack                                  0.151    





---------------------------------------------------------------------------------------------------
Path Group:  **async_default**
From Clock:  clk150
  To Clock:  clk150

Setup :            0  Failing Endpoints,  Worst Slack        2.980ns,  Total Violation        0.000ns
Hold  :            0  Failing Endpoints,  Worst Slack        0.165ns,  Total Violation        0.000ns
---------------------------------------------------------------------------------------------------


Max Delay Paths
--------------------------------------------------------------------------------------
Slack (MET) :             2.980ns  (required time - arrival time)
  Source:                 cfo/reset_slow/sync_reset/arststages_ff_reg[3]/C
                            (rising edge-triggered cell FDPE clocked by clk150  {rise@0.000ns fall@3.333ns period=6.667ns})
  Destination:            cfo/reset_slow/reset_active_reg_replica_6/PRE
                            (recovery check against rising-edge clock clk150  {rise@0.000ns fall@3.333ns period=6.667ns})
  Path Group:             **async_default**
  Path Type:              Recovery (Max at Slow Process Corner)
  Requirement:            6.667ns  (clk150 rise@6.667ns - clk150 rise@0.000ns)
  Data Path Delay:        3.578ns  (logic 0.080ns (2.236%)  route 3.498ns (97.764%))
  Logic Levels:           0  
  Clock Path Skew:        -0.008ns (DCD - SCD + CPR)
    Destination Clock Delay (DCD):    0.020ns = ( 6.687 - 6.667 ) 
    Source Clock Delay      (SCD):    0.028ns
    Clock Pessimism Removal (CPR):    0.000ns
  Clock Uncertainty:      0.035ns  ((TSJ^2 + TIJ^2)^1/2 + DJ) / 2 + PE
    Total System Jitter     (TSJ):    0.071ns
    Total Input Jitter      (TIJ):    0.000ns
    Discrete Jitter          (DJ):    0.000ns
    Phase Error              (PE):    0.000ns

    Location             Delay type                Incr(ns)  Path(ns)    Netlist Resource(s)
  -------------------------------------------------------------------    -------------------
                         (clock clk150 rise edge)     0.000     0.000 r  
                                                      0.000     0.000 r  clk150 (IN)
                         net (fo=157006, unset)       0.028     0.028    cfo/reset_slow/sync_reset/dest_clk
    SLICE_X123Y229       FDPE                                         r  cfo/reset_slow/sync_reset/arststages_ff_reg[3]/C
  -------------------------------------------------------------------    -------------------
    SLICE_X123Y229       FDPE (Prop_CFF2_SLICEL_C_Q)
                                                      0.080     0.108 f  cfo/reset_slow/sync_reset/arststages_ff_reg[3]/Q
                         net (fo=21, routed)          3.498     3.606    cfo/reset_slow/synced
    SLICE_X103Y179       FDPE                                         f  cfo/reset_slow/reset_active_reg_replica_6/PRE
  -------------------------------------------------------------------    -------------------

                         (clock clk150 rise edge)     6.667     6.667 r  
                                                      0.000     6.667 r  clk150 (IN)
                         net (fo=157006, unset)       0.020     6.687    cfo/reset_slow/clk
    SLICE_X103Y179       FDPE                                         r  cfo/reset_slow/reset_active_reg_replica_6/C
                         clock pessimism              0.000     6.687    
                         clock uncertainty           -0.035     6.652    
    SLICE_X103Y179       FDPE (Recov_EFF_SLICEL_C_PRE)
                                                     -0.066     6.586    cfo/reset_slow/reset_active_reg_replica_6
  -------------------------------------------------------------------
                         required time                          6.586    
                         arrival time                          -3.606    
  -------------------------------------------------------------------
                         slack                                  2.980    

Slack (MET) :             3.451ns  (required time - arrival time)
  Source:                 cfo/reset_slow/sync_reset/arststages_ff_reg[3]/C
                            (rising edge-triggered cell FDPE clocked by clk150  {rise@0.000ns fall@3.333ns period=6.667ns})
  Destination:            cfo/reset_slow/reset_active_reg_replica_4/PRE
                            (recovery check against rising-edge clock clk150  {rise@0.000ns fall@3.333ns period=6.667ns})
  Path Group:             **async_default**
  Path Type:              Recovery (Max at Slow Process Corner)
  Requirement:            6.667ns  (clk150 rise@6.667ns - clk150 rise@0.000ns)
  Data Path Delay:        3.107ns  (logic 0.080ns (2.575%)  route 3.027ns (97.425%))
  Logic Levels:           0  
  Clock Path Skew:        -0.008ns (DCD - SCD + CPR)
    Destination Clock Delay (DCD):    0.020ns = ( 6.687 - 6.667 ) 
    Source Clock Delay      (SCD):    0.028ns
    Clock Pessimism Removal (CPR):    0.000ns
  Clock Uncertainty:      0.035ns  ((TSJ^2 + TIJ^2)^1/2 + DJ) / 2 + PE
    Total System Jitter     (TSJ):    0.071ns
    Total Input Jitter      (TIJ):    0.000ns
    Discrete Jitter          (DJ):    0.000ns
    Phase Error              (PE):    0.000ns

    Location             Delay type                Incr(ns)  Path(ns)    Netlist Resource(s)
  -------------------------------------------------------------------    -------------------
                         (clock clk150 rise edge)     0.000     0.000 r  
                                                      0.000     0.000 r  clk150 (IN)
                         net (fo=157006, unset)       0.028     0.028    cfo/reset_slow/sync_reset/dest_clk
    SLICE_X123Y229       FDPE                                         r  cfo/reset_slow/sync_reset/arststages_ff_reg[3]/C
  -------------------------------------------------------------------    -------------------
    SLICE_X123Y229       FDPE (Prop_CFF2_SLICEL_C_Q)
                                                      0.080     0.108 f  cfo/reset_slow/sync_reset/arststages_ff_reg[3]/Q
                         net (fo=21, routed)          3.027     3.135    cfo/reset_slow/synced
    SLICE_X105Y163       FDPE                                         f  cfo/reset_slow/reset_active_reg_replica_4/PRE
  -------------------------------------------------------------------    -------------------

                         (clock clk150 rise edge)     6.667     6.667 r  
                                                      0.000     6.667 r  clk150 (IN)
                         net (fo=157006, unset)       0.020     6.687    cfo/reset_slow/clk
    SLICE_X105Y163       FDPE                                         r  cfo/reset_slow/reset_active_reg_replica_4/C
                         clock pessimism              0.000     6.687    
                         clock uncertainty           -0.035     6.652    
    SLICE_X105Y163       FDPE (Recov_AFF_SLICEL_C_PRE)
                                                     -0.066     6.586    cfo/reset_slow/reset_active_reg_replica_4
  -------------------------------------------------------------------
                         required time                          6.586    
                         arrival time                          -3.135    
  -------------------------------------------------------------------
                         slack                                  3.451    

Slack (MET) :             3.507ns  (required time - arrival time)
  Source:                 cfo/reset_slow/sync_reset/arststages_ff_reg[3]/C
                            (rising edge-triggered cell FDPE clocked by clk150  {rise@0.000ns fall@3.333ns period=6.667ns})
  Destination:            cfo/reset_slow/reset_active_reg_replica_7/PRE
                            (recovery check against rising-edge clock clk150  {rise@0.000ns fall@3.333ns period=6.667ns})
  Path Group:             **async_default**
  Path Type:              Recovery (Max at Slow Process Corner)
  Requirement:            6.667ns  (clk150 rise@6.667ns - clk150 rise@0.000ns)
  Data Path Delay:        3.052ns  (logic 0.080ns (2.621%)  route 2.972ns (97.379%))
  Logic Levels:           0  
  Clock Path Skew:        -0.007ns (DCD - SCD + CPR)
    Destination Clock Delay (DCD):    0.021ns = ( 6.688 - 6.667 ) 
    Source Clock Delay      (SCD):    0.028ns
    Clock Pessimism Removal (CPR):    0.000ns
  Clock Uncertainty:      0.035ns  ((TSJ^2 + TIJ^2)^1/2 + DJ) / 2 + PE
    Total System Jitter     (TSJ):    0.071ns
    Total Input Jitter      (TIJ):    0.000ns
    Discrete Jitter          (DJ):    0.000ns
    Phase Error              (PE):    0.000ns

    Location             Delay type                Incr(ns)  Path(ns)    Netlist Resource(s)
  -------------------------------------------------------------------    -------------------
                         (clock clk150 rise edge)     0.000     0.000 r  
                                                      0.000     0.000 r  clk150 (IN)
                         net (fo=157006, unset)       0.028     0.028    cfo/reset_slow/sync_reset/dest_clk
    SLICE_X123Y229       FDPE                                         r  cfo/reset_slow/sync_reset/arststages_ff_reg[3]/C
  -------------------------------------------------------------------    -------------------
    SLICE_X123Y229       FDPE (Prop_CFF2_SLICEL_C_Q)
                                                      0.080     0.108 f  cfo/reset_slow/sync_reset/arststages_ff_reg[3]/Q
                         net (fo=21, routed)          2.972     3.080    cfo/reset_slow/synced
    SLICE_X115Y165       FDPE                                         f  cfo/reset_slow/reset_active_reg_replica_7/PRE
  -------------------------------------------------------------------    -------------------

                         (clock clk150 rise edge)     6.667     6.667 r  
                                                      0.000     6.667 r  clk150 (IN)
                         net (fo=157006, unset)       0.021     6.688    cfo/reset_slow/clk
    SLICE_X115Y165       FDPE                                         r  cfo/reset_slow/reset_active_reg_replica_7/C
                         clock pessimism              0.000     6.688    
                         clock uncertainty           -0.035     6.653    
    SLICE_X115Y165       FDPE (Recov_AFF_SLICEM_C_PRE)
                                                     -0.066     6.587    cfo/reset_slow/reset_active_reg_replica_7
  -------------------------------------------------------------------
                         required time                          6.587    
                         arrival time                          -3.080    
  -------------------------------------------------------------------
                         slack                                  3.507    

Slack (MET) :             3.678ns  (required time - arrival time)
  Source:                 cfo/reset_slow/sync_reset/arststages_ff_reg[3]/C
                            (rising edge-triggered cell FDPE clocked by clk150  {rise@0.000ns fall@3.333ns period=6.667ns})
  Destination:            cfo/reset_slow/reset_active_reg_replica_11/PRE
                            (recovery check against rising-edge clock clk150  {rise@0.000ns fall@3.333ns period=6.667ns})
  Path Group:             **async_default**
  Path Type:              Recovery (Max at Slow Process Corner)
  Requirement:            6.667ns  (clk150 rise@6.667ns - clk150 rise@0.000ns)
  Data Path Delay:        2.880ns  (logic 0.080ns (2.778%)  route 2.800ns (97.222%))
  Logic Levels:           0  
  Clock Path Skew:        -0.008ns (DCD - SCD + CPR)
    Destination Clock Delay (DCD):    0.020ns = ( 6.687 - 6.667 ) 
    Source Clock Delay      (SCD):    0.028ns
    Clock Pessimism Removal (CPR):    0.000ns
  Clock Uncertainty:      0.035ns  ((TSJ^2 + TIJ^2)^1/2 + DJ) / 2 + PE
    Total System Jitter     (TSJ):    0.071ns
    Total Input Jitter      (TIJ):    0.000ns
    Discrete Jitter          (DJ):    0.000ns
    Phase Error              (PE):    0.000ns

    Location             Delay type                Incr(ns)  Path(ns)    Netlist Resource(s)
  -------------------------------------------------------------------    -------------------
                         (clock clk150 rise edge)     0.000     0.000 r  
                                                      0.000     0.000 r  clk150 (IN)
                         net (fo=157006, unset)       0.028     0.028    cfo/reset_slow/sync_reset/dest_clk
    SLICE_X123Y229       FDPE                                         r  cfo/reset_slow/sync_reset/arststages_ff_reg[3]/C
  -------------------------------------------------------------------    -------------------
    SLICE_X123Y229       FDPE (Prop_CFF2_SLICEL_C_Q)
                                                      0.080     0.108 f  cfo/reset_slow/sync_reset/arststages_ff_reg[3]/Q
                         net (fo=21, routed)          2.800     2.908    cfo/reset_slow/synced
    SLICE_X130Y167       FDPE                                         f  cfo/reset_slow/reset_active_reg_replica_11/PRE
  -------------------------------------------------------------------    -------------------

                         (clock clk150 rise edge)     6.667     6.667 r  
                                                      0.000     6.667 r  clk150 (IN)
                         net (fo=157006, unset)       0.020     6.687    cfo/reset_slow/clk
    SLICE_X130Y167       FDPE                                         r  cfo/reset_slow/reset_active_reg_replica_11/C
                         clock pessimism              0.000     6.687    
                         clock uncertainty           -0.035     6.652    
    SLICE_X130Y167       FDPE (Recov_EFF_SLICEL_C_PRE)
                                                     -0.066     6.586    cfo/reset_slow/reset_active_reg_replica_11
  -------------------------------------------------------------------
                         required time                          6.586    
                         arrival time                          -2.908    
  -------------------------------------------------------------------
                         slack                                  3.678    

Slack (MET) :             4.057ns  (required time - arrival time)
  Source:                 cfo/reset_slow/sync_reset/arststages_ff_reg[3]/C
                            (rising edge-triggered cell FDPE clocked by clk150  {rise@0.000ns fall@3.333ns period=6.667ns})
  Destination:            cfo/reset_slow/reset_active_reg_replica_8/PRE
                            (recovery check against rising-edge clock clk150  {rise@0.000ns fall@3.333ns period=6.667ns})
  Path Group:             **async_default**
  Path Type:              Recovery (Max at Slow Process Corner)
  Requirement:            6.667ns  (clk150 rise@6.667ns - clk150 rise@0.000ns)
  Data Path Delay:        2.501ns  (logic 0.080ns (3.199%)  route 2.421ns (96.801%))
  Logic Levels:           0  
  Clock Path Skew:        -0.008ns (DCD - SCD + CPR)
    Destination Clock Delay (DCD):    0.020ns = ( 6.687 - 6.667 ) 
    Source Clock Delay      (SCD):    0.028ns
    Clock Pessimism Removal (CPR):    0.000ns
  Clock Uncertainty:      0.035ns  ((TSJ^2 + TIJ^2)^1/2 + DJ) / 2 + PE
    Total System Jitter     (TSJ):    0.071ns
    Total Input Jitter      (TIJ):    0.000ns
    Discrete Jitter          (DJ):    0.000ns
    Phase Error              (PE):    0.000ns

    Location             Delay type                Incr(ns)  Path(ns)    Netlist Resource(s)
  -------------------------------------------------------------------    -------------------
                         (clock clk150 rise edge)     0.000     0.000 r  
                                                      0.000     0.000 r  clk150 (IN)
                         net (fo=157006, unset)       0.028     0.028    cfo/reset_slow/sync_reset/dest_clk
    SLICE_X123Y229       FDPE                                         r  cfo/reset_slow/sync_reset/arststages_ff_reg[3]/C
  -------------------------------------------------------------------    -------------------
    SLICE_X123Y229       FDPE (Prop_CFF2_SLICEL_C_Q)
                                                      0.080     0.108 f  cfo/reset_slow/sync_reset/arststages_ff_reg[3]/Q
                         net (fo=21, routed)          2.421     2.529    cfo/reset_slow/synced
    SLICE_X117Y167       FDPE                                         f  cfo/reset_slow/reset_active_reg_replica_8/PRE
  -------------------------------------------------------------------    -------------------

                         (clock clk150 rise edge)     6.667     6.667 r  
                                                      0.000     6.667 r  clk150 (IN)
                         net (fo=157006, unset)       0.020     6.687    cfo/reset_slow/clk
    SLICE_X117Y167       FDPE                                         r  cfo/reset_slow/reset_active_reg_replica_8/C
                         clock pessimism              0.000     6.687    
                         clock uncertainty           -0.035     6.652    
    SLICE_X117Y167       FDPE (Recov_EFF_SLICEL_C_PRE)
                                                     -0.066     6.586    cfo/reset_slow/reset_active_reg_replica_8
  -------------------------------------------------------------------
                         required time                          6.586    
                         arrival time                          -2.529    
  -------------------------------------------------------------------
                         slack                                  4.057    

Slack (MET) :             4.101ns  (required time - arrival time)
  Source:                 cfo/reset_slow/sync_reset/arststages_ff_reg[3]/C
                            (rising edge-triggered cell FDPE clocked by clk150  {rise@0.000ns fall@3.333ns period=6.667ns})
  Destination:            cfo/reset_slow/reset_active_reg_replica_5/PRE
                            (recovery check against rising-edge clock clk150  {rise@0.000ns fall@3.333ns period=6.667ns})
  Path Group:             **async_default**
  Path Type:              Recovery (Max at Slow Process Corner)
  Requirement:            6.667ns  (clk150 rise@6.667ns - clk150 rise@0.000ns)
  Data Path Delay:        2.457ns  (logic 0.080ns (3.256%)  route 2.377ns (96.744%))
  Logic Levels:           0  
  Clock Path Skew:        -0.008ns (DCD - SCD + CPR)
    Destination Clock Delay (DCD):    0.020ns = ( 6.687 - 6.667 ) 
    Source Clock Delay      (SCD):    0.028ns
    Clock Pessimism Removal (CPR):    0.000ns
  Clock Uncertainty:      0.035ns  ((TSJ^2 + TIJ^2)^1/2 + DJ) / 2 + PE
    Total System Jitter     (TSJ):    0.071ns
    Total Input Jitter      (TIJ):    0.000ns
    Discrete Jitter          (DJ):    0.000ns
    Phase Error              (PE):    0.000ns

    Location             Delay type                Incr(ns)  Path(ns)    Netlist Resource(s)
  -------------------------------------------------------------------    -------------------
                         (clock clk150 rise edge)     0.000     0.000 r  
                                                      0.000     0.000 r  clk150 (IN)
                         net (fo=157006, unset)       0.028     0.028    cfo/reset_slow/sync_reset/dest_clk
    SLICE_X123Y229       FDPE                                         r  cfo/reset_slow/sync_reset/arststages_ff_reg[3]/C
  -------------------------------------------------------------------    -------------------
    SLICE_X123Y229       FDPE (Prop_CFF2_SLICEL_C_Q)
                                                      0.080     0.108 f  cfo/reset_slow/sync_reset/arststages_ff_reg[3]/Q
                         net (fo=21, routed)          2.377     2.485    cfo/reset_slow/synced
    SLICE_X117Y163       FDPE                                         f  cfo/reset_slow/reset_active_reg_replica_5/PRE
  -------------------------------------------------------------------    -------------------

                         (clock clk150 rise edge)     6.667     6.667 r  
                                                      0.000     6.667 r  clk150 (IN)
                         net (fo=157006, unset)       0.020     6.687    cfo/reset_slow/clk
    SLICE_X117Y163       FDPE                                         r  cfo/reset_slow/reset_active_reg_replica_5/C
                         clock pessimism              0.000     6.687    
                         clock uncertainty           -0.035     6.652    
    SLICE_X117Y163       FDPE (Recov_EFF_SLICEL_C_PRE)
                                                     -0.066     6.586    cfo/reset_slow/reset_active_reg_replica_5
  -------------------------------------------------------------------
                         required time                          6.586    
                         arrival time                          -2.485    
  -------------------------------------------------------------------
                         slack                                  4.101    

Slack (MET) :             4.212ns  (required time - arrival time)
  Source:                 sfo/two_pass_transport/reset_150/sync_reset/arststages_ff_reg[3]/C
                            (rising edge-triggered cell FDPE clocked by clk150  {rise@0.000ns fall@3.333ns period=6.667ns})
  Destination:            sfo/two_pass_transport/reset_150/reset_active_reg_replica_14/PRE
                            (recovery check against rising-edge clock clk150  {rise@0.000ns fall@3.333ns period=6.667ns})
  Path Group:             **async_default**
  Path Type:              Recovery (Max at Slow Process Corner)
  Requirement:            6.667ns  (clk150 rise@6.667ns - clk150 rise@0.000ns)
  Data Path Delay:        2.347ns  (logic 0.080ns (3.409%)  route 2.267ns (96.591%))
  Logic Levels:           0  
  Clock Path Skew:        -0.007ns (DCD - SCD + CPR)
    Destination Clock Delay (DCD):    0.021ns = ( 6.688 - 6.667 ) 
    Source Clock Delay      (SCD):    0.028ns
    Clock Pessimism Removal (CPR):    0.000ns
  Clock Uncertainty:      0.035ns  ((TSJ^2 + TIJ^2)^1/2 + DJ) / 2 + PE
    Total System Jitter     (TSJ):    0.071ns
    Total Input Jitter      (TIJ):    0.000ns
    Discrete Jitter          (DJ):    0.000ns
    Phase Error              (PE):    0.000ns

    Location             Delay type                Incr(ns)  Path(ns)    Netlist Resource(s)
  -------------------------------------------------------------------    -------------------
                         (clock clk150 rise edge)     0.000     0.000 r  
                                                      0.000     0.000 r  clk150 (IN)
                         net (fo=157006, unset)       0.028     0.028    sfo/two_pass_transport/reset_150/sync_reset/dest_clk
    SLICE_X110Y188       FDPE                                         r  sfo/two_pass_transport/reset_150/sync_reset/arststages_ff_reg[3]/C
  -------------------------------------------------------------------    -------------------
    SLICE_X110Y188       FDPE (Prop_CFF2_SLICEL_C_Q)
                                                      0.080     0.108 f  sfo/two_pass_transport/reset_150/sync_reset/arststages_ff_reg[3]/Q
                         net (fo=41, routed)          2.267     2.375    sfo/two_pass_transport/reset_150/synced
    SLICE_X129Y149       FDPE                                         f  sfo/two_pass_transport/reset_150/reset_active_reg_replica_14/PRE
  -------------------------------------------------------------------    -------------------

                         (clock clk150 rise edge)     6.667     6.667 r  
                                                      0.000     6.667 r  clk150 (IN)
                         net (fo=157006, unset)       0.021     6.688    sfo/two_pass_transport/reset_150/clk
    SLICE_X129Y149       FDPE                                         r  sfo/two_pass_transport/reset_150/reset_active_reg_replica_14/C
                         clock pessimism              0.000     6.688    
                         clock uncertainty           -0.035     6.653    
    SLICE_X129Y149       FDPE (Recov_EFF_SLICEM_C_PRE)
                                                     -0.066     6.587    sfo/two_pass_transport/reset_150/reset_active_reg_replica_14
  -------------------------------------------------------------------
                         required time                          6.587    
                         arrival time                          -2.375    
  -------------------------------------------------------------------
                         slack                                  4.212    

Slack (MET) :             4.396ns  (required time - arrival time)
  Source:                 sfo/two_pass_transport/reset_150/sync_reset/arststages_ff_reg[3]/C
                            (rising edge-triggered cell FDPE clocked by clk150  {rise@0.000ns fall@3.333ns period=6.667ns})
  Destination:            sfo/two_pass_transport/reset_150/reset_active_reg_replica_1/PRE
                            (recovery check against rising-edge clock clk150  {rise@0.000ns fall@3.333ns period=6.667ns})
  Path Group:             **async_default**
  Path Type:              Recovery (Max at Slow Process Corner)
  Requirement:            6.667ns  (clk150 rise@6.667ns - clk150 rise@0.000ns)
  Data Path Delay:        2.159ns  (logic 0.080ns (3.705%)  route 2.079ns (96.295%))
  Logic Levels:           0  
  Clock Path Skew:        -0.008ns (DCD - SCD + CPR)
    Destination Clock Delay (DCD):    0.020ns = ( 6.687 - 6.667 ) 
    Source Clock Delay      (SCD):    0.028ns
    Clock Pessimism Removal (CPR):    0.000ns
  Clock Uncertainty:      0.035ns  ((TSJ^2 + TIJ^2)^1/2 + DJ) / 2 + PE
    Total System Jitter     (TSJ):    0.071ns
    Total Input Jitter      (TIJ):    0.000ns
    Discrete Jitter          (DJ):    0.000ns
    Phase Error              (PE):    0.000ns
  Inter-SLR Compensation: 0.003ns  (DCD * PF)
    Destination Clock Delay (DCD):    0.020ns
    Prorating Factor         (PF):    0.150

    Location             Delay type                Incr(ns)  Path(ns)    Netlist Resource(s)
  -------------------------------------------------------------------    -------------------
                         (clock clk150 rise edge)     0.000     0.000 r  
                                                      0.000     0.000 r  clk150 (IN)
                         net (fo=157006, unset)       0.028     0.028    sfo/two_pass_transport/reset_150/sync_reset/dest_clk
    SLICE_X110Y188       FDPE                                         r  sfo/two_pass_transport/reset_150/sync_reset/arststages_ff_reg[3]/C
  -------------------------------------------------------------------    -------------------
    SLICE_X110Y188       FDPE (Prop_CFF2_SLICEL_C_Q)
                                                      0.080     0.108 f  sfo/two_pass_transport/reset_150/sync_reset/arststages_ff_reg[3]/Q
                         net (fo=41, routed)          2.079     2.187    sfo/two_pass_transport/reset_150/synced
    SLR Crossing[0->1]   
    SLICE_X96Y274        FDPE                                         f  sfo/two_pass_transport/reset_150/reset_active_reg_replica_1/PRE
  -------------------------------------------------------------------    -------------------

                         (clock clk150 rise edge)     6.667     6.667 r  
                                                      0.000     6.667 r  clk150 (IN)
                         net (fo=157006, unset)       0.020     6.687    sfo/two_pass_transport/reset_150/clk
    SLICE_X96Y274        FDPE                                         r  sfo/two_pass_transport/reset_150/reset_active_reg_replica_1/C
                         clock pessimism              0.000     6.687    
                         inter-SLR compensation      -0.003     6.684    
                         clock uncertainty           -0.035     6.649    
    SLICE_X96Y274        FDPE (Recov_EFF_SLICEL_C_PRE)
                                                     -0.066     6.583    sfo/two_pass_transport/reset_150/reset_active_reg_replica_1
  -------------------------------------------------------------------
                         required time                          6.583    
                         arrival time                          -2.187    
  -------------------------------------------------------------------
                         slack                                  4.396    

Slack (MET) :             4.412ns  (required time - arrival time)
  Source:                 sfo/two_pass_transport/reset_150/sync_reset/arststages_ff_reg[3]/C
                            (rising edge-triggered cell FDPE clocked by clk150  {rise@0.000ns fall@3.333ns period=6.667ns})
  Destination:            sfo/two_pass_transport/reset_150/reset_active_reg_replica_5/PRE
                            (recovery check against rising-edge clock clk150  {rise@0.000ns fall@3.333ns period=6.667ns})
  Path Group:             **async_default**
  Path Type:              Recovery (Max at Slow Process Corner)
  Requirement:            6.667ns  (clk150 rise@6.667ns - clk150 rise@0.000ns)
  Data Path Delay:        2.147ns  (logic 0.080ns (3.726%)  route 2.067ns (96.274%))
  Logic Levels:           0  
  Clock Path Skew:        -0.007ns (DCD - SCD + CPR)
    Destination Clock Delay (DCD):    0.021ns = ( 6.688 - 6.667 ) 
    Source Clock Delay      (SCD):    0.028ns
    Clock Pessimism Removal (CPR):    0.000ns
  Clock Uncertainty:      0.035ns  ((TSJ^2 + TIJ^2)^1/2 + DJ) / 2 + PE
    Total System Jitter     (TSJ):    0.071ns
    Total Input Jitter      (TIJ):    0.000ns
    Discrete Jitter          (DJ):    0.000ns
    Phase Error              (PE):    0.000ns

    Location             Delay type                Incr(ns)  Path(ns)    Netlist Resource(s)
  -------------------------------------------------------------------    -------------------
                         (clock clk150 rise edge)     0.000     0.000 r  
                                                      0.000     0.000 r  clk150 (IN)
                         net (fo=157006, unset)       0.028     0.028    sfo/two_pass_transport/reset_150/sync_reset/dest_clk
    SLICE_X110Y188       FDPE                                         r  sfo/two_pass_transport/reset_150/sync_reset/arststages_ff_reg[3]/C
  -------------------------------------------------------------------    -------------------
    SLICE_X110Y188       FDPE (Prop_CFF2_SLICEL_C_Q)
                                                      0.080     0.108 f  sfo/two_pass_transport/reset_150/sync_reset/arststages_ff_reg[3]/Q
                         net (fo=41, routed)          2.067     2.175    sfo/two_pass_transport/reset_150/synced
    SLICE_X129Y178       FDPE                                         f  sfo/two_pass_transport/reset_150/reset_active_reg_replica_5/PRE
  -------------------------------------------------------------------    -------------------

                         (clock clk150 rise edge)     6.667     6.667 r  
                                                      0.000     6.667 r  clk150 (IN)
                         net (fo=157006, unset)       0.021     6.688    sfo/two_pass_transport/reset_150/clk
    SLICE_X129Y178       FDPE                                         r  sfo/two_pass_transport/reset_150/reset_active_reg_replica_5/C
                         clock pessimism              0.000     6.688    
                         clock uncertainty           -0.035     6.653    
    SLICE_X129Y178       FDPE (Recov_EFF_SLICEM_C_PRE)
                                                     -0.066     6.587    sfo/two_pass_transport/reset_150/reset_active_reg_replica_5
  -------------------------------------------------------------------
                         required time                          6.587    
                         arrival time                          -2.175    
  -------------------------------------------------------------------
                         slack                                  4.412    

Slack (MET) :             4.460ns  (required time - arrival time)
  Source:                 sfo/two_pass_transport/reset_150/sync_reset/arststages_ff_reg[3]/C
                            (rising edge-triggered cell FDPE clocked by clk150  {rise@0.000ns fall@3.333ns period=6.667ns})
  Destination:            sfo/two_pass_transport/reset_150/reset_active_reg_replica_11/PRE
                            (recovery check against rising-edge clock clk150  {rise@0.000ns fall@3.333ns period=6.667ns})
  Path Group:             **async_default**
  Path Type:              Recovery (Max at Slow Process Corner)
  Requirement:            6.667ns  (clk150 rise@6.667ns - clk150 rise@0.000ns)
  Data Path Delay:        2.099ns  (logic 0.080ns (3.811%)  route 2.019ns (96.189%))
  Logic Levels:           0  
  Clock Path Skew:        -0.007ns (DCD - SCD + CPR)
    Destination Clock Delay (DCD):    0.021ns = ( 6.688 - 6.667 ) 
    Source Clock Delay      (SCD):    0.028ns
    Clock Pessimism Removal (CPR):    0.000ns
  Clock Uncertainty:      0.035ns  ((TSJ^2 + TIJ^2)^1/2 + DJ) / 2 + PE
    Total System Jitter     (TSJ):    0.071ns
    Total Input Jitter      (TIJ):    0.000ns
    Discrete Jitter          (DJ):    0.000ns
    Phase Error              (PE):    0.000ns

    Location             Delay type                Incr(ns)  Path(ns)    Netlist Resource(s)
  -------------------------------------------------------------------    -------------------
                         (clock clk150 rise edge)     0.000     0.000 r  
                                                      0.000     0.000 r  clk150 (IN)
                         net (fo=157006, unset)       0.028     0.028    sfo/two_pass_transport/reset_150/sync_reset/dest_clk
    SLICE_X110Y188       FDPE                                         r  sfo/two_pass_transport/reset_150/sync_reset/arststages_ff_reg[3]/C
  -------------------------------------------------------------------    -------------------
    SLICE_X110Y188       FDPE (Prop_CFF2_SLICEL_C_Q)
                                                      0.080     0.108 f  sfo/two_pass_transport/reset_150/sync_reset/arststages_ff_reg[3]/Q
                         net (fo=41, routed)          2.019     2.127    sfo/two_pass_transport/reset_150/synced
    SLICE_X129Y177       FDPE                                         f  sfo/two_pass_transport/reset_150/reset_active_reg_replica_11/PRE
  -------------------------------------------------------------------    -------------------

                         (clock clk150 rise edge)     6.667     6.667 r  
                                                      0.000     6.667 r  clk150 (IN)
                         net (fo=157006, unset)       0.021     6.688    sfo/two_pass_transport/reset_150/clk
    SLICE_X129Y177       FDPE                                         r  sfo/two_pass_transport/reset_150/reset_active_reg_replica_11/C
                         clock pessimism              0.000     6.688    
                         clock uncertainty           -0.035     6.653    
    SLICE_X129Y177       FDPE (Recov_EFF_SLICEM_C_PRE)
                                                     -0.066     6.587    sfo/two_pass_transport/reset_150/reset_active_reg_replica_11
  -------------------------------------------------------------------
                         required time                          6.587    
                         arrival time                          -2.127    
  -------------------------------------------------------------------
                         slack                                  4.460    





Min Delay Paths
--------------------------------------------------------------------------------------
Slack (MET) :             0.165ns  (arrival time - required time)
  Source:                 sfo/two_pass_transport/shared_raw.hub/reset_b/sync_reset/arststages_ff_reg[3]/C
                            (rising edge-triggered cell FDPE clocked by clk150  {rise@0.000ns fall@3.333ns period=6.667ns})
  Destination:            sfo/two_pass_transport/shared_raw.hub/reset_b/hold_count_reg[0]/CLR
                            (removal check against rising-edge clock clk150  {rise@0.000ns fall@3.333ns period=6.667ns})
  Path Group:             **async_default**
  Path Type:              Removal (Min at Fast Process Corner)
  Requirement:            0.000ns  (clk150 rise@0.000ns - clk150 rise@0.000ns)
  Data Path Delay:        0.151ns  (logic 0.039ns (25.828%)  route 0.112ns (74.172%))
  Logic Levels:           0  
  Clock Path Skew:        0.006ns (DCD - SCD - CPR)
    Destination Clock Delay (DCD):    0.019ns
    Source Clock Delay      (SCD):    0.013ns
    Clock Pessimism Removal (CPR):    -0.000ns

    Location             Delay type                Incr(ns)  Path(ns)    Netlist Resource(s)
  -------------------------------------------------------------------    -------------------
                         (clock clk150 rise edge)     0.000     0.000 r  
                                                      0.000     0.000 r  clk150 (IN)
                         net (fo=157006, unset)       0.013     0.013    sfo/two_pass_transport/shared_raw.hub/reset_b/sync_reset/dest_clk
    SLICE_X111Y100       FDPE                                         r  sfo/two_pass_transport/shared_raw.hub/reset_b/sync_reset/arststages_ff_reg[3]/C
  -------------------------------------------------------------------    -------------------
    SLICE_X111Y100       FDPE (Prop_CFF2_SLICEM_C_Q)
                                                      0.039     0.052 f  sfo/two_pass_transport/shared_raw.hub/reset_b/sync_reset/arststages_ff_reg[3]/Q
                         net (fo=22, routed)          0.112     0.164    sfo/two_pass_transport/shared_raw.hub/reset_b/synced
    SLICE_X111Y102       FDCE                                         f  sfo/two_pass_transport/shared_raw.hub/reset_b/hold_count_reg[0]/CLR
  -------------------------------------------------------------------    -------------------

                         (clock clk150 rise edge)     0.000     0.000 r  
                                                      0.000     0.000 r  clk150 (IN)
                         net (fo=157006, unset)       0.019     0.019    sfo/two_pass_transport/shared_raw.hub/reset_b/clk
    SLICE_X111Y102       FDCE                                         r  sfo/two_pass_transport/shared_raw.hub/reset_b/hold_count_reg[0]/C
                         clock pessimism              0.000     0.019    
    SLICE_X111Y102       FDCE (Remov_HFF2_SLICEM_C_CLR)
                                                     -0.020    -0.001    sfo/two_pass_transport/shared_raw.hub/reset_b/hold_count_reg[0]
  -------------------------------------------------------------------
                         required time                          0.001    
                         arrival time                           0.164    
  -------------------------------------------------------------------
                         slack                                  0.165    

Slack (MET) :             0.166ns  (arrival time - required time)
  Source:                 sfo/two_pass_transport/shared_raw.hub/reset_b/sync_reset/arststages_ff_reg[3]/C
                            (rising edge-triggered cell FDPE clocked by clk150  {rise@0.000ns fall@3.333ns period=6.667ns})
  Destination:            sfo/two_pass_transport/shared_raw.hub/reset_b/hold_count_reg[1]/CLR
                            (removal check against rising-edge clock clk150  {rise@0.000ns fall@3.333ns period=6.667ns})
  Path Group:             **async_default**
  Path Type:              Removal (Min at Fast Process Corner)
  Requirement:            0.000ns  (clk150 rise@0.000ns - clk150 rise@0.000ns)
  Data Path Delay:        0.152ns  (logic 0.039ns (25.658%)  route 0.113ns (74.342%))
  Logic Levels:           0  
  Clock Path Skew:        0.006ns (DCD - SCD - CPR)
    Destination Clock Delay (DCD):    0.019ns
    Source Clock Delay      (SCD):    0.013ns
    Clock Pessimism Removal (CPR):    -0.000ns

    Location             Delay type                Incr(ns)  Path(ns)    Netlist Resource(s)
  -------------------------------------------------------------------    -------------------
                         (clock clk150 rise edge)     0.000     0.000 r  
                                                      0.000     0.000 r  clk150 (IN)
                         net (fo=157006, unset)       0.013     0.013    sfo/two_pass_transport/shared_raw.hub/reset_b/sync_reset/dest_clk
    SLICE_X111Y100       FDPE                                         r  sfo/two_pass_transport/shared_raw.hub/reset_b/sync_reset/arststages_ff_reg[3]/C
  -------------------------------------------------------------------    -------------------
    SLICE_X111Y100       FDPE (Prop_CFF2_SLICEM_C_Q)
                                                      0.039     0.052 f  sfo/two_pass_transport/shared_raw.hub/reset_b/sync_reset/arststages_ff_reg[3]/Q
                         net (fo=22, routed)          0.113     0.165    sfo/two_pass_transport/shared_raw.hub/reset_b/synced
    SLICE_X111Y102       FDCE                                         f  sfo/two_pass_transport/shared_raw.hub/reset_b/hold_count_reg[1]/CLR
  -------------------------------------------------------------------    -------------------

                         (clock clk150 rise edge)     0.000     0.000 r  
                                                      0.000     0.000 r  clk150 (IN)
                         net (fo=157006, unset)       0.019     0.019    sfo/two_pass_transport/shared_raw.hub/reset_b/clk
    SLICE_X111Y102       FDCE                                         r  sfo/two_pass_transport/shared_raw.hub/reset_b/hold_count_reg[1]/C
                         clock pessimism              0.000     0.019    
    SLICE_X111Y102       FDCE (Remov_DFF_SLICEM_C_CLR)
                                                     -0.020    -0.001    sfo/two_pass_transport/shared_raw.hub/reset_b/hold_count_reg[1]
  -------------------------------------------------------------------
                         required time                          0.001    
                         arrival time                           0.165    
  -------------------------------------------------------------------
                         slack                                  0.166    

Slack (MET) :             0.166ns  (arrival time - required time)
  Source:                 sfo/two_pass_transport/shared_raw.hub/reset_b/sync_reset/arststages_ff_reg[3]/C
                            (rising edge-triggered cell FDPE clocked by clk150  {rise@0.000ns fall@3.333ns period=6.667ns})
  Destination:            sfo/two_pass_transport/shared_raw.hub/reset_b/hold_count_reg[2]/CLR
                            (removal check against rising-edge clock clk150  {rise@0.000ns fall@3.333ns period=6.667ns})
  Path Group:             **async_default**
  Path Type:              Removal (Min at Fast Process Corner)
  Requirement:            0.000ns  (clk150 rise@0.000ns - clk150 rise@0.000ns)
  Data Path Delay:        0.152ns  (logic 0.039ns (25.658%)  route 0.113ns (74.342%))
  Logic Levels:           0  
  Clock Path Skew:        0.006ns (DCD - SCD - CPR)
    Destination Clock Delay (DCD):    0.019ns
    Source Clock Delay      (SCD):    0.013ns
    Clock Pessimism Removal (CPR):    -0.000ns

    Location             Delay type                Incr(ns)  Path(ns)    Netlist Resource(s)
  -------------------------------------------------------------------    -------------------
                         (clock clk150 rise edge)     0.000     0.000 r  
                                                      0.000     0.000 r  clk150 (IN)
                         net (fo=157006, unset)       0.013     0.013    sfo/two_pass_transport/shared_raw.hub/reset_b/sync_reset/dest_clk
    SLICE_X111Y100       FDPE                                         r  sfo/two_pass_transport/shared_raw.hub/reset_b/sync_reset/arststages_ff_reg[3]/C
  -------------------------------------------------------------------    -------------------
    SLICE_X111Y100       FDPE (Prop_CFF2_SLICEM_C_Q)
                                                      0.039     0.052 f  sfo/two_pass_transport/shared_raw.hub/reset_b/sync_reset/arststages_ff_reg[3]/Q
                         net (fo=22, routed)          0.113     0.165    sfo/two_pass_transport/shared_raw.hub/reset_b/synced
    SLICE_X111Y102       FDCE                                         f  sfo/two_pass_transport/shared_raw.hub/reset_b/hold_count_reg[2]/CLR
  -------------------------------------------------------------------    -------------------

                         (clock clk150 rise edge)     0.000     0.000 r  
                                                      0.000     0.000 r  clk150 (IN)
                         net (fo=157006, unset)       0.019     0.019    sfo/two_pass_transport/shared_raw.hub/reset_b/clk
    SLICE_X111Y102       FDCE                                         r  sfo/two_pass_transport/shared_raw.hub/reset_b/hold_count_reg[2]/C
                         clock pessimism              0.000     0.019    
    SLICE_X111Y102       FDCE (Remov_DFF2_SLICEM_C_CLR)
                                                     -0.020    -0.001    sfo/two_pass_transport/shared_raw.hub/reset_b/hold_count_reg[2]
  -------------------------------------------------------------------
                         required time                          0.001    
                         arrival time                           0.165    
  -------------------------------------------------------------------
                         slack                                  0.166    

Slack (MET) :             0.166ns  (arrival time - required time)
  Source:                 sfo/two_pass_transport/shared_raw.hub/reset_b/sync_reset/arststages_ff_reg[3]/C
                            (rising edge-triggered cell FDPE clocked by clk150  {rise@0.000ns fall@3.333ns period=6.667ns})
  Destination:            sfo/two_pass_transport/shared_raw.hub/reset_b/hold_count_reg[3]/CLR
                            (removal check against rising-edge clock clk150  {rise@0.000ns fall@3.333ns period=6.667ns})
  Path Group:             **async_default**
  Path Type:              Removal (Min at Fast Process Corner)
  Requirement:            0.000ns  (clk150 rise@0.000ns - clk150 rise@0.000ns)
  Data Path Delay:        0.152ns  (logic 0.039ns (25.658%)  route 0.113ns (74.342%))
  Logic Levels:           0  
  Clock Path Skew:        0.006ns (DCD - SCD - CPR)
    Destination Clock Delay (DCD):    0.019ns
    Source Clock Delay      (SCD):    0.013ns
    Clock Pessimism Removal (CPR):    -0.000ns

    Location             Delay type                Incr(ns)  Path(ns)    Netlist Resource(s)
  -------------------------------------------------------------------    -------------------
                         (clock clk150 rise edge)     0.000     0.000 r  
                                                      0.000     0.000 r  clk150 (IN)
                         net (fo=157006, unset)       0.013     0.013    sfo/two_pass_transport/shared_raw.hub/reset_b/sync_reset/dest_clk
    SLICE_X111Y100       FDPE                                         r  sfo/two_pass_transport/shared_raw.hub/reset_b/sync_reset/arststages_ff_reg[3]/C
  -------------------------------------------------------------------    -------------------
    SLICE_X111Y100       FDPE (Prop_CFF2_SLICEM_C_Q)
                                                      0.039     0.052 f  sfo/two_pass_transport/shared_raw.hub/reset_b/sync_reset/arststages_ff_reg[3]/Q
                         net (fo=22, routed)          0.113     0.165    sfo/two_pass_transport/shared_raw.hub/reset_b/synced
    SLICE_X111Y102       FDCE                                         f  sfo/two_pass_transport/shared_raw.hub/reset_b/hold_count_reg[3]/CLR
  -------------------------------------------------------------------    -------------------

                         (clock clk150 rise edge)     0.000     0.000 r  
                                                      0.000     0.000 r  clk150 (IN)
                         net (fo=157006, unset)       0.019     0.019    sfo/two_pass_transport/shared_raw.hub/reset_b/clk
    SLICE_X111Y102       FDCE                                         r  sfo/two_pass_transport/shared_raw.hub/reset_b/hold_count_reg[3]/C
                         clock pessimism              0.000     0.019    
    SLICE_X111Y102       FDCE (Remov_CFF_SLICEM_C_CLR)
                                                     -0.020    -0.001    sfo/two_pass_transport/shared_raw.hub/reset_b/hold_count_reg[3]
  -------------------------------------------------------------------
                         required time                          0.001    
                         arrival time                           0.165    
  -------------------------------------------------------------------
                         slack                                  0.166    

Slack (MET) :             0.166ns  (arrival time - required time)
  Source:                 sfo/two_pass_transport/shared_raw.hub/reset_b/sync_reset/arststages_ff_reg[3]/C
                            (rising edge-triggered cell FDPE clocked by clk150  {rise@0.000ns fall@3.333ns period=6.667ns})
  Destination:            sfo/two_pass_transport/shared_raw.hub/reset_b/hold_count_reg[4]/CLR
                            (removal check against rising-edge clock clk150  {rise@0.000ns fall@3.333ns period=6.667ns})
  Path Group:             **async_default**
  Path Type:              Removal (Min at Fast Process Corner)
  Requirement:            0.000ns  (clk150 rise@0.000ns - clk150 rise@0.000ns)
  Data Path Delay:        0.152ns  (logic 0.039ns (25.658%)  route 0.113ns (74.342%))
  Logic Levels:           0  
  Clock Path Skew:        0.006ns (DCD - SCD - CPR)
    Destination Clock Delay (DCD):    0.019ns
    Source Clock Delay      (SCD):    0.013ns
    Clock Pessimism Removal (CPR):    -0.000ns

    Location             Delay type                Incr(ns)  Path(ns)    Netlist Resource(s)
  -------------------------------------------------------------------    -------------------
                         (clock clk150 rise edge)     0.000     0.000 r  
                                                      0.000     0.000 r  clk150 (IN)
                         net (fo=157006, unset)       0.013     0.013    sfo/two_pass_transport/shared_raw.hub/reset_b/sync_reset/dest_clk
    SLICE_X111Y100       FDPE                                         r  sfo/two_pass_transport/shared_raw.hub/reset_b/sync_reset/arststages_ff_reg[3]/C
  -------------------------------------------------------------------    -------------------
    SLICE_X111Y100       FDPE (Prop_CFF2_SLICEM_C_Q)
                                                      0.039     0.052 f  sfo/two_pass_transport/shared_raw.hub/reset_b/sync_reset/arststages_ff_reg[3]/Q
                         net (fo=22, routed)          0.113     0.165    sfo/two_pass_transport/shared_raw.hub/reset_b/synced
    SLICE_X111Y102       FDCE                                         f  sfo/two_pass_transport/shared_raw.hub/reset_b/hold_count_reg[4]/CLR
  -------------------------------------------------------------------    -------------------

                         (clock clk150 rise edge)     0.000     0.000 r  
                                                      0.000     0.000 r  clk150 (IN)
                         net (fo=157006, unset)       0.019     0.019    sfo/two_pass_transport/shared_raw.hub/reset_b/clk
    SLICE_X111Y102       FDCE                                         r  sfo/two_pass_transport/shared_raw.hub/reset_b/hold_count_reg[4]/C
                         clock pessimism              0.000     0.019    
    SLICE_X111Y102       FDCE (Remov_CFF2_SLICEM_C_CLR)
                                                     -0.020    -0.001    sfo/two_pass_transport/shared_raw.hub/reset_b/hold_count_reg[4]
  -------------------------------------------------------------------
                         required time                          0.001    
                         arrival time                           0.165    
  -------------------------------------------------------------------
                         slack                                  0.166    

Slack (MET) :             0.166ns  (arrival time - required time)
  Source:                 sfo/two_pass_transport/shared_raw.hub/reset_b/sync_reset/arststages_ff_reg[3]/C
                            (rising edge-triggered cell FDPE clocked by clk150  {rise@0.000ns fall@3.333ns period=6.667ns})
  Destination:            sfo/two_pass_transport/shared_raw.hub/reset_b/hold_count_reg[5]/CLR
                            (removal check against rising-edge clock clk150  {rise@0.000ns fall@3.333ns period=6.667ns})
  Path Group:             **async_default**
  Path Type:              Removal (Min at Fast Process Corner)
  Requirement:            0.000ns  (clk150 rise@0.000ns - clk150 rise@0.000ns)
  Data Path Delay:        0.152ns  (logic 0.039ns (25.658%)  route 0.113ns (74.342%))
  Logic Levels:           0  
  Clock Path Skew:        0.006ns (DCD - SCD - CPR)
    Destination Clock Delay (DCD):    0.019ns
    Source Clock Delay      (SCD):    0.013ns
    Clock Pessimism Removal (CPR):    -0.000ns

    Location             Delay type                Incr(ns)  Path(ns)    Netlist Resource(s)
  -------------------------------------------------------------------    -------------------
                         (clock clk150 rise edge)     0.000     0.000 r  
                                                      0.000     0.000 r  clk150 (IN)
                         net (fo=157006, unset)       0.013     0.013    sfo/two_pass_transport/shared_raw.hub/reset_b/sync_reset/dest_clk
    SLICE_X111Y100       FDPE                                         r  sfo/two_pass_transport/shared_raw.hub/reset_b/sync_reset/arststages_ff_reg[3]/C
  -------------------------------------------------------------------    -------------------
    SLICE_X111Y100       FDPE (Prop_CFF2_SLICEM_C_Q)
                                                      0.039     0.052 f  sfo/two_pass_transport/shared_raw.hub/reset_b/sync_reset/arststages_ff_reg[3]/Q
                         net (fo=22, routed)          0.113     0.165    sfo/two_pass_transport/shared_raw.hub/reset_b/synced
    SLICE_X111Y102       FDCE                                         f  sfo/two_pass_transport/shared_raw.hub/reset_b/hold_count_reg[5]/CLR
  -------------------------------------------------------------------    -------------------

                         (clock clk150 rise edge)     0.000     0.000 r  
                                                      0.000     0.000 r  clk150 (IN)
                         net (fo=157006, unset)       0.019     0.019    sfo/two_pass_transport/shared_raw.hub/reset_b/clk
    SLICE_X111Y102       FDCE                                         r  sfo/two_pass_transport/shared_raw.hub/reset_b/hold_count_reg[5]/C
                         clock pessimism              0.000     0.019    
    SLICE_X111Y102       FDCE (Remov_BFF_SLICEM_C_CLR)
                                                     -0.020    -0.001    sfo/two_pass_transport/shared_raw.hub/reset_b/hold_count_reg[5]
  -------------------------------------------------------------------
                         required time                          0.001    
                         arrival time                           0.165    
  -------------------------------------------------------------------
                         slack                                  0.166    

Slack (MET) :             0.166ns  (arrival time - required time)
  Source:                 sfo/two_pass_transport/shared_raw.hub/reset_b/sync_reset/arststages_ff_reg[3]/C
                            (rising edge-triggered cell FDPE clocked by clk150  {rise@0.000ns fall@3.333ns period=6.667ns})
  Destination:            sfo/two_pass_transport/shared_raw.hub/reset_b/hold_count_reg[6]_inv/PRE
                            (removal check against rising-edge clock clk150  {rise@0.000ns fall@3.333ns period=6.667ns})
  Path Group:             **async_default**
  Path Type:              Removal (Min at Fast Process Corner)
  Requirement:            0.000ns  (clk150 rise@0.000ns - clk150 rise@0.000ns)
  Data Path Delay:        0.152ns  (logic 0.039ns (25.658%)  route 0.113ns (74.342%))
  Logic Levels:           0  
  Clock Path Skew:        0.006ns (DCD - SCD - CPR)
    Destination Clock Delay (DCD):    0.019ns
    Source Clock Delay      (SCD):    0.013ns
    Clock Pessimism Removal (CPR):    -0.000ns

    Location             Delay type                Incr(ns)  Path(ns)    Netlist Resource(s)
  -------------------------------------------------------------------    -------------------
                         (clock clk150 rise edge)     0.000     0.000 r  
                                                      0.000     0.000 r  clk150 (IN)
                         net (fo=157006, unset)       0.013     0.013    sfo/two_pass_transport/shared_raw.hub/reset_b/sync_reset/dest_clk
    SLICE_X111Y100       FDPE                                         r  sfo/two_pass_transport/shared_raw.hub/reset_b/sync_reset/arststages_ff_reg[3]/C
  -------------------------------------------------------------------    -------------------
    SLICE_X111Y100       FDPE (Prop_CFF2_SLICEM_C_Q)
                                                      0.039     0.052 f  sfo/two_pass_transport/shared_raw.hub/reset_b/sync_reset/arststages_ff_reg[3]/Q
                         net (fo=22, routed)          0.113     0.165    sfo/two_pass_transport/shared_raw.hub/reset_b/synced
    SLICE_X111Y102       FDPE                                         f  sfo/two_pass_transport/shared_raw.hub/reset_b/hold_count_reg[6]_inv/PRE
  -------------------------------------------------------------------    -------------------

                         (clock clk150 rise edge)     0.000     0.000 r  
                                                      0.000     0.000 r  clk150 (IN)
                         net (fo=157006, unset)       0.019     0.019    sfo/two_pass_transport/shared_raw.hub/reset_b/clk
    SLICE_X111Y102       FDPE                                         r  sfo/two_pass_transport/shared_raw.hub/reset_b/hold_count_reg[6]_inv/C
                         clock pessimism              0.000     0.019    
    SLICE_X111Y102       FDPE (Remov_AFF_SLICEM_C_PRE)
                                                     -0.020    -0.001    sfo/two_pass_transport/shared_raw.hub/reset_b/hold_count_reg[6]_inv
  -------------------------------------------------------------------
                         required time                          0.001    
                         arrival time                           0.165    
  -------------------------------------------------------------------
                         slack                                  0.166    

Slack (MET) :             0.175ns  (arrival time - required time)
  Source:                 sfo/two_pass_transport/reset_150/sync_reset/arststages_ff_reg[3]/C
                            (rising edge-triggered cell FDPE clocked by clk150  {rise@0.000ns fall@3.333ns period=6.667ns})
  Destination:            sfo/two_pass_transport/reset_150/hold_count_reg[0]/CLR
                            (removal check against rising-edge clock clk150  {rise@0.000ns fall@3.333ns period=6.667ns})
  Path Group:             **async_default**
  Path Type:              Removal (Min at Fast Process Corner)
  Requirement:            0.000ns  (clk150 rise@0.000ns - clk150 rise@0.000ns)
  Data Path Delay:        0.161ns  (logic 0.040ns (24.845%)  route 0.121ns (75.155%))
  Logic Levels:           0  
  Clock Path Skew:        0.006ns (DCD - SCD - CPR)
    Destination Clock Delay (DCD):    0.018ns
    Source Clock Delay      (SCD):    0.012ns
    Clock Pessimism Removal (CPR):    -0.000ns

    Location             Delay type                Incr(ns)  Path(ns)    Netlist Resource(s)
  -------------------------------------------------------------------    -------------------
                         (clock clk150 rise edge)     0.000     0.000 r  
                                                      0.000     0.000 r  clk150 (IN)
                         net (fo=157006, unset)       0.012     0.012    sfo/two_pass_transport/reset_150/sync_reset/dest_clk
    SLICE_X110Y188       FDPE                                         r  sfo/two_pass_transport/reset_150/sync_reset/arststages_ff_reg[3]/C
  -------------------------------------------------------------------    -------------------
    SLICE_X110Y188       FDPE (Prop_CFF2_SLICEL_C_Q)
                                                      0.040     0.052 f  sfo/two_pass_transport/reset_150/sync_reset/arststages_ff_reg[3]/Q
                         net (fo=41, routed)          0.121     0.173    sfo/two_pass_transport/reset_150/synced
    SLICE_X110Y190       FDCE                                         f  sfo/two_pass_transport/reset_150/hold_count_reg[0]/CLR
  -------------------------------------------------------------------    -------------------

                         (clock clk150 rise edge)     0.000     0.000 r  
                                                      0.000     0.000 r  clk150 (IN)
                         net (fo=157006, unset)       0.018     0.018    sfo/two_pass_transport/reset_150/clk
    SLICE_X110Y190       FDCE                                         r  sfo/two_pass_transport/reset_150/hold_count_reg[0]/C
                         clock pessimism              0.000     0.018    
    SLICE_X110Y190       FDCE (Remov_CFF2_SLICEL_C_CLR)
                                                     -0.020    -0.002    sfo/two_pass_transport/reset_150/hold_count_reg[0]
  -------------------------------------------------------------------
                         required time                          0.002    
                         arrival time                           0.173    
  -------------------------------------------------------------------
                         slack                                  0.175    

Slack (MET) :             0.175ns  (arrival time - required time)
  Source:                 sfo/two_pass_transport/reset_150/sync_reset/arststages_ff_reg[3]/C
                            (rising edge-triggered cell FDPE clocked by clk150  {rise@0.000ns fall@3.333ns period=6.667ns})
  Destination:            sfo/two_pass_transport/reset_150/hold_count_reg[1]/CLR
                            (removal check against rising-edge clock clk150  {rise@0.000ns fall@3.333ns period=6.667ns})
  Path Group:             **async_default**
  Path Type:              Removal (Min at Fast Process Corner)
  Requirement:            0.000ns  (clk150 rise@0.000ns - clk150 rise@0.000ns)
  Data Path Delay:        0.161ns  (logic 0.040ns (24.845%)  route 0.121ns (75.155%))
  Logic Levels:           0  
  Clock Path Skew:        0.006ns (DCD - SCD - CPR)
    Destination Clock Delay (DCD):    0.018ns
    Source Clock Delay      (SCD):    0.012ns
    Clock Pessimism Removal (CPR):    -0.000ns

    Location             Delay type                Incr(ns)  Path(ns)    Netlist Resource(s)
  -------------------------------------------------------------------    -------------------
                         (clock clk150 rise edge)     0.000     0.000 r  
                                                      0.000     0.000 r  clk150 (IN)
                         net (fo=157006, unset)       0.012     0.012    sfo/two_pass_transport/reset_150/sync_reset/dest_clk
    SLICE_X110Y188       FDPE                                         r  sfo/two_pass_transport/reset_150/sync_reset/arststages_ff_reg[3]/C
  -------------------------------------------------------------------    -------------------
    SLICE_X110Y188       FDPE (Prop_CFF2_SLICEL_C_Q)
                                                      0.040     0.052 f  sfo/two_pass_transport/reset_150/sync_reset/arststages_ff_reg[3]/Q
                         net (fo=41, routed)          0.121     0.173    sfo/two_pass_transport/reset_150/synced
    SLICE_X110Y190       FDCE                                         f  sfo/two_pass_transport/reset_150/hold_count_reg[1]/CLR
  -------------------------------------------------------------------    -------------------

                         (clock clk150 rise edge)     0.000     0.000 r  
                                                      0.000     0.000 r  clk150 (IN)
                         net (fo=157006, unset)       0.018     0.018    sfo/two_pass_transport/reset_150/clk
    SLICE_X110Y190       FDCE                                         r  sfo/two_pass_transport/reset_150/hold_count_reg[1]/C
                         clock pessimism              0.000     0.018    
    SLICE_X110Y190       FDCE (Remov_DFF_SLICEL_C_CLR)
                                                     -0.020    -0.002    sfo/two_pass_transport/reset_150/hold_count_reg[1]
  -------------------------------------------------------------------
                         required time                          0.002    
                         arrival time                           0.173    
  -------------------------------------------------------------------
                         slack                                  0.175    

Slack (MET) :             0.175ns  (arrival time - required time)
  Source:                 sfo/two_pass_transport/reset_150/sync_reset/arststages_ff_reg[3]/C
                            (rising edge-triggered cell FDPE clocked by clk150  {rise@0.000ns fall@3.333ns period=6.667ns})
  Destination:            sfo/two_pass_transport/reset_150/hold_count_reg[2]/CLR
                            (removal check against rising-edge clock clk150  {rise@0.000ns fall@3.333ns period=6.667ns})
  Path Group:             **async_default**
  Path Type:              Removal (Min at Fast Process Corner)
  Requirement:            0.000ns  (clk150 rise@0.000ns - clk150 rise@0.000ns)
  Data Path Delay:        0.161ns  (logic 0.040ns (24.845%)  route 0.121ns (75.155%))
  Logic Levels:           0  
  Clock Path Skew:        0.006ns (DCD - SCD - CPR)
    Destination Clock Delay (DCD):    0.018ns
    Source Clock Delay      (SCD):    0.012ns
    Clock Pessimism Removal (CPR):    -0.000ns

    Location             Delay type                Incr(ns)  Path(ns)    Netlist Resource(s)
  -------------------------------------------------------------------    -------------------
                         (clock clk150 rise edge)     0.000     0.000 r  
                                                      0.000     0.000 r  clk150 (IN)
                         net (fo=157006, unset)       0.012     0.012    sfo/two_pass_transport/reset_150/sync_reset/dest_clk
    SLICE_X110Y188       FDPE                                         r  sfo/two_pass_transport/reset_150/sync_reset/arststages_ff_reg[3]/C
  -------------------------------------------------------------------    -------------------
    SLICE_X110Y188       FDPE (Prop_CFF2_SLICEL_C_Q)
                                                      0.040     0.052 f  sfo/two_pass_transport/reset_150/sync_reset/arststages_ff_reg[3]/Q
                         net (fo=41, routed)          0.121     0.173    sfo/two_pass_transport/reset_150/synced
    SLICE_X110Y190       FDCE                                         f  sfo/two_pass_transport/reset_150/hold_count_reg[2]/CLR
  -------------------------------------------------------------------    -------------------

                         (clock clk150 rise edge)     0.000     0.000 r  
                                                      0.000     0.000 r  clk150 (IN)
                         net (fo=157006, unset)       0.018     0.018    sfo/two_pass_transport/reset_150/clk
    SLICE_X110Y190       FDCE                                         r  sfo/two_pass_transport/reset_150/hold_count_reg[2]/C
                         clock pessimism              0.000     0.018    
    SLICE_X110Y190       FDCE (Remov_DFF2_SLICEL_C_CLR)
                                                     -0.020    -0.002    sfo/two_pass_transport/reset_150/hold_count_reg[2]
  -------------------------------------------------------------------
                         required time                          0.002    
                         arrival time                           0.173    
  -------------------------------------------------------------------
                         slack                                  0.175    





---------------------------------------------------------------------------------------------------
Path Group:  **async_default**
From Clock:  clk500
  To Clock:  clk500

Setup :            0  Failing Endpoints,  Worst Slack        0.829ns,  Total Violation        0.000ns
Hold  :            0  Failing Endpoints,  Worst Slack        0.159ns,  Total Violation        0.000ns
---------------------------------------------------------------------------------------------------


Max Delay Paths
--------------------------------------------------------------------------------------
Slack (MET) :             0.829ns  (required time - arrival time)
  Source:                 cfo/estimator/reset_fast_sync/arststages_ff_reg[3]/C
                            (rising edge-triggered cell FDPE clocked by clk500  {rise@0.000ns fall@1.000ns period=2.000ns})
  Destination:            cfo/estimator/mailbox_valid_reg/CLR
                            (recovery check against rising-edge clock clk500  {rise@0.000ns fall@1.000ns period=2.000ns})
  Path Group:             **async_default**
  Path Type:              Recovery (Max at Slow Process Corner)
  Requirement:            2.000ns  (clk500 rise@2.000ns - clk500 rise@0.000ns)
  Data Path Delay:        1.061ns  (logic 0.077ns (7.257%)  route 0.984ns (92.743%))
  Logic Levels:           0  
  Clock Path Skew:        -0.009ns (DCD - SCD + CPR)
    Destination Clock Delay (DCD):    0.021ns = ( 2.021 - 2.000 ) 
    Source Clock Delay      (SCD):    0.030ns
    Clock Pessimism Removal (CPR):    0.000ns
  Clock Uncertainty:      0.035ns  ((TSJ^2 + TIJ^2)^1/2 + DJ) / 2 + PE
    Total System Jitter     (TSJ):    0.071ns
    Total Input Jitter      (TIJ):    0.000ns
    Discrete Jitter          (DJ):    0.000ns
    Phase Error              (PE):    0.000ns

    Location             Delay type                Incr(ns)  Path(ns)    Netlist Resource(s)
  -------------------------------------------------------------------    -------------------
                         (clock clk500 rise edge)     0.000     0.000 r  
                                                      0.000     0.000 r  clk500 (IN)
                         net (fo=27266, unset)        0.030     0.030    cfo/estimator/reset_fast_sync/dest_clk
    SLICE_X128Y159       FDPE                                         r  cfo/estimator/reset_fast_sync/arststages_ff_reg[3]/C
  -------------------------------------------------------------------    -------------------
    SLICE_X128Y159       FDPE (Prop_CFF2_SLICEM_C_Q)
                                                      0.077     0.107 f  cfo/estimator/reset_fast_sync/arststages_ff_reg[3]/Q
                         net (fo=85, routed)          0.984     1.091    cfo/estimator/rst_fast
    SLICE_X124Y168       FDCE                                         f  cfo/estimator/mailbox_valid_reg/CLR
  -------------------------------------------------------------------    -------------------

                         (clock clk500 rise edge)     2.000     2.000 r  
                                                      0.000     2.000 r  clk500 (IN)
                         net (fo=27266, unset)        0.021     2.021    cfo/estimator/clk_fast
    SLICE_X124Y168       FDCE                                         r  cfo/estimator/mailbox_valid_reg/C
                         clock pessimism              0.000     2.021    
                         clock uncertainty           -0.035     1.986    
    SLICE_X124Y168       FDCE (Recov_DFF2_SLICEM_C_CLR)
                                                     -0.066     1.920    cfo/estimator/mailbox_valid_reg
  -------------------------------------------------------------------
                         required time                          1.920    
                         arrival time                          -1.091    
  -------------------------------------------------------------------
                         slack                                  0.829    

Slack (MET) :             0.879ns  (required time - arrival time)
  Source:                 cfo/estimator/reset_fast_sync/arststages_ff_reg[3]/C
                            (rising edge-triggered cell FDPE clocked by clk500  {rise@0.000ns fall@1.000ns period=2.000ns})
  Destination:            cfo/estimator/closed_fast_reg/CLR
                            (recovery check against rising-edge clock clk500  {rise@0.000ns fall@1.000ns period=2.000ns})
  Path Group:             **async_default**
  Path Type:              Recovery (Max at Slow Process Corner)
  Requirement:            2.000ns  (clk500 rise@2.000ns - clk500 rise@0.000ns)
  Data Path Delay:        1.011ns  (logic 0.077ns (7.616%)  route 0.934ns (92.384%))
  Logic Levels:           0  
  Clock Path Skew:        -0.009ns (DCD - SCD + CPR)
    Destination Clock Delay (DCD):    0.021ns = ( 2.021 - 2.000 ) 
    Source Clock Delay      (SCD):    0.030ns
    Clock Pessimism Removal (CPR):    0.000ns
  Clock Uncertainty:      0.035ns  ((TSJ^2 + TIJ^2)^1/2 + DJ) / 2 + PE
    Total System Jitter     (TSJ):    0.071ns
    Total Input Jitter      (TIJ):    0.000ns
    Discrete Jitter          (DJ):    0.000ns
    Phase Error              (PE):    0.000ns

    Location             Delay type                Incr(ns)  Path(ns)    Netlist Resource(s)
  -------------------------------------------------------------------    -------------------
                         (clock clk500 rise edge)     0.000     0.000 r  
                                                      0.000     0.000 r  clk500 (IN)
                         net (fo=27266, unset)        0.030     0.030    cfo/estimator/reset_fast_sync/dest_clk
    SLICE_X128Y159       FDPE                                         r  cfo/estimator/reset_fast_sync/arststages_ff_reg[3]/C
  -------------------------------------------------------------------    -------------------
    SLICE_X128Y159       FDPE (Prop_CFF2_SLICEM_C_Q)
                                                      0.077     0.107 f  cfo/estimator/reset_fast_sync/arststages_ff_reg[3]/Q
                         net (fo=85, routed)          0.934     1.041    cfo/estimator/rst_fast
    SLICE_X126Y167       FDCE                                         f  cfo/estimator/closed_fast_reg/CLR
  -------------------------------------------------------------------    -------------------

                         (clock clk500 rise edge)     2.000     2.000 r  
                                                      0.000     2.000 r  clk500 (IN)
                         net (fo=27266, unset)        0.021     2.021    cfo/estimator/clk_fast
    SLICE_X126Y167       FDCE                                         r  cfo/estimator/closed_fast_reg/C
                         clock pessimism              0.000     2.021    
                         clock uncertainty           -0.035     1.986    
    SLICE_X126Y167       FDCE (Recov_AFF2_SLICEM_C_CLR)
                                                     -0.066     1.920    cfo/estimator/closed_fast_reg
  -------------------------------------------------------------------
                         required time                          1.920    
                         arrival time                          -1.041    
  -------------------------------------------------------------------
                         slack                                  0.879    

Slack (MET) :             0.898ns  (required time - arrival time)
  Source:                 cfo/estimator/reset_fast_sync/arststages_ff_reg[3]/C
                            (rising edge-triggered cell FDPE clocked by clk500  {rise@0.000ns fall@1.000ns period=2.000ns})
  Destination:            cfo/estimator/locked_frame_reg[10]/CLR
                            (recovery check against rising-edge clock clk500  {rise@0.000ns fall@1.000ns period=2.000ns})
  Path Group:             **async_default**
  Path Type:              Recovery (Max at Slow Process Corner)
  Requirement:            2.000ns  (clk500 rise@2.000ns - clk500 rise@0.000ns)
  Data Path Delay:        0.992ns  (logic 0.077ns (7.762%)  route 0.915ns (92.238%))
  Logic Levels:           0  
  Clock Path Skew:        -0.009ns (DCD - SCD + CPR)
    Destination Clock Delay (DCD):    0.021ns = ( 2.021 - 2.000 ) 
    Source Clock Delay      (SCD):    0.030ns
    Clock Pessimism Removal (CPR):    0.000ns
  Clock Uncertainty:      0.035ns  ((TSJ^2 + TIJ^2)^1/2 + DJ) / 2 + PE
    Total System Jitter     (TSJ):    0.071ns
    Total Input Jitter      (TIJ):    0.000ns
    Discrete Jitter          (DJ):    0.000ns
    Phase Error              (PE):    0.000ns

    Location             Delay type                Incr(ns)  Path(ns)    Netlist Resource(s)
  -------------------------------------------------------------------    -------------------
                         (clock clk500 rise edge)     0.000     0.000 r  
                                                      0.000     0.000 r  clk500 (IN)
                         net (fo=27266, unset)        0.030     0.030    cfo/estimator/reset_fast_sync/dest_clk
    SLICE_X128Y159       FDPE                                         r  cfo/estimator/reset_fast_sync/arststages_ff_reg[3]/C
  -------------------------------------------------------------------    -------------------
    SLICE_X128Y159       FDPE (Prop_CFF2_SLICEM_C_Q)
                                                      0.077     0.107 f  cfo/estimator/reset_fast_sync/arststages_ff_reg[3]/Q
                         net (fo=85, routed)          0.915     1.022    cfo/estimator/rst_fast
    SLICE_X133Y171       FDCE                                         f  cfo/estimator/locked_frame_reg[10]/CLR
  -------------------------------------------------------------------    -------------------

                         (clock clk500 rise edge)     2.000     2.000 r  
                                                      0.000     2.000 r  clk500 (IN)
                         net (fo=27266, unset)        0.021     2.021    cfo/estimator/clk_fast
    SLICE_X133Y171       FDCE                                         r  cfo/estimator/locked_frame_reg[10]/C
                         clock pessimism              0.000     2.021    
                         clock uncertainty           -0.035     1.986    
    SLICE_X133Y171       FDCE (Recov_AFF_SLICEM_C_CLR)
                                                     -0.066     1.920    cfo/estimator/locked_frame_reg[10]
  -------------------------------------------------------------------
                         required time                          1.920    
                         arrival time                          -1.022    
  -------------------------------------------------------------------
                         slack                                  0.898    

Slack (MET) :             0.898ns  (required time - arrival time)
  Source:                 cfo/estimator/reset_fast_sync/arststages_ff_reg[3]/C
                            (rising edge-triggered cell FDPE clocked by clk500  {rise@0.000ns fall@1.000ns period=2.000ns})
  Destination:            cfo/estimator/locked_frame_reg[15]/CLR
                            (recovery check against rising-edge clock clk500  {rise@0.000ns fall@1.000ns period=2.000ns})
  Path Group:             **async_default**
  Path Type:              Recovery (Max at Slow Process Corner)
  Requirement:            2.000ns  (clk500 rise@2.000ns - clk500 rise@0.000ns)
  Data Path Delay:        0.992ns  (logic 0.077ns (7.762%)  route 0.915ns (92.238%))
  Logic Levels:           0  
  Clock Path Skew:        -0.009ns (DCD - SCD + CPR)
    Destination Clock Delay (DCD):    0.021ns = ( 2.021 - 2.000 ) 
    Source Clock Delay      (SCD):    0.030ns
    Clock Pessimism Removal (CPR):    0.000ns
  Clock Uncertainty:      0.035ns  ((TSJ^2 + TIJ^2)^1/2 + DJ) / 2 + PE
    Total System Jitter     (TSJ):    0.071ns
    Total Input Jitter      (TIJ):    0.000ns
    Discrete Jitter          (DJ):    0.000ns
    Phase Error              (PE):    0.000ns

    Location             Delay type                Incr(ns)  Path(ns)    Netlist Resource(s)
  -------------------------------------------------------------------    -------------------
                         (clock clk500 rise edge)     0.000     0.000 r  
                                                      0.000     0.000 r  clk500 (IN)
                         net (fo=27266, unset)        0.030     0.030    cfo/estimator/reset_fast_sync/dest_clk
    SLICE_X128Y159       FDPE                                         r  cfo/estimator/reset_fast_sync/arststages_ff_reg[3]/C
  -------------------------------------------------------------------    -------------------
    SLICE_X128Y159       FDPE (Prop_CFF2_SLICEM_C_Q)
                                                      0.077     0.107 f  cfo/estimator/reset_fast_sync/arststages_ff_reg[3]/Q
                         net (fo=85, routed)          0.915     1.022    cfo/estimator/rst_fast
    SLICE_X133Y171       FDCE                                         f  cfo/estimator/locked_frame_reg[15]/CLR
  -------------------------------------------------------------------    -------------------

                         (clock clk500 rise edge)     2.000     2.000 r  
                                                      0.000     2.000 r  clk500 (IN)
                         net (fo=27266, unset)        0.021     2.021    cfo/estimator/clk_fast
    SLICE_X133Y171       FDCE                                         r  cfo/estimator/locked_frame_reg[15]/C
                         clock pessimism              0.000     2.021    
                         clock uncertainty           -0.035     1.986    
    SLICE_X133Y171       FDCE (Recov_AFF2_SLICEM_C_CLR)
                                                     -0.066     1.920    cfo/estimator/locked_frame_reg[15]
  -------------------------------------------------------------------
                         required time                          1.920    
                         arrival time                          -1.022    
  -------------------------------------------------------------------
                         slack                                  0.898    

Slack (MET) :             0.898ns  (required time - arrival time)
  Source:                 cfo/estimator/reset_fast_sync/arststages_ff_reg[3]/C
                            (rising edge-triggered cell FDPE clocked by clk500  {rise@0.000ns fall@1.000ns period=2.000ns})
  Destination:            cfo/estimator/locked_frame_reg[16]/CLR
                            (recovery check against rising-edge clock clk500  {rise@0.000ns fall@1.000ns period=2.000ns})
  Path Group:             **async_default**
  Path Type:              Recovery (Max at Slow Process Corner)
  Requirement:            2.000ns  (clk500 rise@2.000ns - clk500 rise@0.000ns)
  Data Path Delay:        0.992ns  (logic 0.077ns (7.762%)  route 0.915ns (92.238%))
  Logic Levels:           0  
  Clock Path Skew:        -0.009ns (DCD - SCD + CPR)
    Destination Clock Delay (DCD):    0.021ns = ( 2.021 - 2.000 ) 
    Source Clock Delay      (SCD):    0.030ns
    Clock Pessimism Removal (CPR):    0.000ns
  Clock Uncertainty:      0.035ns  ((TSJ^2 + TIJ^2)^1/2 + DJ) / 2 + PE
    Total System Jitter     (TSJ):    0.071ns
    Total Input Jitter      (TIJ):    0.000ns
    Discrete Jitter          (DJ):    0.000ns
    Phase Error              (PE):    0.000ns

    Location             Delay type                Incr(ns)  Path(ns)    Netlist Resource(s)
  -------------------------------------------------------------------    -------------------
                         (clock clk500 rise edge)     0.000     0.000 r  
                                                      0.000     0.000 r  clk500 (IN)
                         net (fo=27266, unset)        0.030     0.030    cfo/estimator/reset_fast_sync/dest_clk
    SLICE_X128Y159       FDPE                                         r  cfo/estimator/reset_fast_sync/arststages_ff_reg[3]/C
  -------------------------------------------------------------------    -------------------
    SLICE_X128Y159       FDPE (Prop_CFF2_SLICEM_C_Q)
                                                      0.077     0.107 f  cfo/estimator/reset_fast_sync/arststages_ff_reg[3]/Q
                         net (fo=85, routed)          0.915     1.022    cfo/estimator/rst_fast
    SLICE_X133Y171       FDCE                                         f  cfo/estimator/locked_frame_reg[16]/CLR
  -------------------------------------------------------------------    -------------------

                         (clock clk500 rise edge)     2.000     2.000 r  
                                                      0.000     2.000 r  clk500 (IN)
                         net (fo=27266, unset)        0.021     2.021    cfo/estimator/clk_fast
    SLICE_X133Y171       FDCE                                         r  cfo/estimator/locked_frame_reg[16]/C
                         clock pessimism              0.000     2.021    
                         clock uncertainty           -0.035     1.986    
    SLICE_X133Y171       FDCE (Recov_BFF_SLICEM_C_CLR)
                                                     -0.066     1.920    cfo/estimator/locked_frame_reg[16]
  -------------------------------------------------------------------
                         required time                          1.920    
                         arrival time                          -1.022    
  -------------------------------------------------------------------
                         slack                                  0.898    

Slack (MET) :             0.898ns  (required time - arrival time)
  Source:                 cfo/estimator/reset_fast_sync/arststages_ff_reg[3]/C
                            (rising edge-triggered cell FDPE clocked by clk500  {rise@0.000ns fall@1.000ns period=2.000ns})
  Destination:            cfo/estimator/locked_frame_reg[1]/CLR
                            (recovery check against rising-edge clock clk500  {rise@0.000ns fall@1.000ns period=2.000ns})
  Path Group:             **async_default**
  Path Type:              Recovery (Max at Slow Process Corner)
  Requirement:            2.000ns  (clk500 rise@2.000ns - clk500 rise@0.000ns)
  Data Path Delay:        0.992ns  (logic 0.077ns (7.762%)  route 0.915ns (92.238%))
  Logic Levels:           0  
  Clock Path Skew:        -0.009ns (DCD - SCD + CPR)
    Destination Clock Delay (DCD):    0.021ns = ( 2.021 - 2.000 ) 
    Source Clock Delay      (SCD):    0.030ns
    Clock Pessimism Removal (CPR):    0.000ns
  Clock Uncertainty:      0.035ns  ((TSJ^2 + TIJ^2)^1/2 + DJ) / 2 + PE
    Total System Jitter     (TSJ):    0.071ns
    Total Input Jitter      (TIJ):    0.000ns
    Discrete Jitter          (DJ):    0.000ns
    Phase Error              (PE):    0.000ns

    Location             Delay type                Incr(ns)  Path(ns)    Netlist Resource(s)
  -------------------------------------------------------------------    -------------------
                         (clock clk500 rise edge)     0.000     0.000 r  
                                                      0.000     0.000 r  clk500 (IN)
                         net (fo=27266, unset)        0.030     0.030    cfo/estimator/reset_fast_sync/dest_clk
    SLICE_X128Y159       FDPE                                         r  cfo/estimator/reset_fast_sync/arststages_ff_reg[3]/C
  -------------------------------------------------------------------    -------------------
    SLICE_X128Y159       FDPE (Prop_CFF2_SLICEM_C_Q)
                                                      0.077     0.107 f  cfo/estimator/reset_fast_sync/arststages_ff_reg[3]/Q
                         net (fo=85, routed)          0.915     1.022    cfo/estimator/rst_fast
    SLICE_X133Y171       FDCE                                         f  cfo/estimator/locked_frame_reg[1]/CLR
  -------------------------------------------------------------------    -------------------

                         (clock clk500 rise edge)     2.000     2.000 r  
                                                      0.000     2.000 r  clk500 (IN)
                         net (fo=27266, unset)        0.021     2.021    cfo/estimator/clk_fast
    SLICE_X133Y171       FDCE                                         r  cfo/estimator/locked_frame_reg[1]/C
                         clock pessimism              0.000     2.021    
                         clock uncertainty           -0.035     1.986    
    SLICE_X133Y171       FDCE (Recov_BFF2_SLICEM_C_CLR)
                                                     -0.066     1.920    cfo/estimator/locked_frame_reg[1]
  -------------------------------------------------------------------
                         required time                          1.920    
                         arrival time                          -1.022    
  -------------------------------------------------------------------
                         slack                                  0.898    

Slack (MET) :             0.898ns  (required time - arrival time)
  Source:                 cfo/estimator/reset_fast_sync/arststages_ff_reg[3]/C
                            (rising edge-triggered cell FDPE clocked by clk500  {rise@0.000ns fall@1.000ns period=2.000ns})
  Destination:            cfo/estimator/locked_frame_reg[20]/CLR
                            (recovery check against rising-edge clock clk500  {rise@0.000ns fall@1.000ns period=2.000ns})
  Path Group:             **async_default**
  Path Type:              Recovery (Max at Slow Process Corner)
  Requirement:            2.000ns  (clk500 rise@2.000ns - clk500 rise@0.000ns)
  Data Path Delay:        0.992ns  (logic 0.077ns (7.762%)  route 0.915ns (92.238%))
  Logic Levels:           0  
  Clock Path Skew:        -0.009ns (DCD - SCD + CPR)
    Destination Clock Delay (DCD):    0.021ns = ( 2.021 - 2.000 ) 
    Source Clock Delay      (SCD):    0.030ns
    Clock Pessimism Removal (CPR):    0.000ns
  Clock Uncertainty:      0.035ns  ((TSJ^2 + TIJ^2)^1/2 + DJ) / 2 + PE
    Total System Jitter     (TSJ):    0.071ns
    Total Input Jitter      (TIJ):    0.000ns
    Discrete Jitter          (DJ):    0.000ns
    Phase Error              (PE):    0.000ns

    Location             Delay type                Incr(ns)  Path(ns)    Netlist Resource(s)
  -------------------------------------------------------------------    -------------------
                         (clock clk500 rise edge)     0.000     0.000 r  
                                                      0.000     0.000 r  clk500 (IN)
                         net (fo=27266, unset)        0.030     0.030    cfo/estimator/reset_fast_sync/dest_clk
    SLICE_X128Y159       FDPE                                         r  cfo/estimator/reset_fast_sync/arststages_ff_reg[3]/C
  -------------------------------------------------------------------    -------------------
    SLICE_X128Y159       FDPE (Prop_CFF2_SLICEM_C_Q)
                                                      0.077     0.107 f  cfo/estimator/reset_fast_sync/arststages_ff_reg[3]/Q
                         net (fo=85, routed)          0.915     1.022    cfo/estimator/rst_fast
    SLICE_X133Y171       FDCE                                         f  cfo/estimator/locked_frame_reg[20]/CLR
  -------------------------------------------------------------------    -------------------

                         (clock clk500 rise edge)     2.000     2.000 r  
                                                      0.000     2.000 r  clk500 (IN)
                         net (fo=27266, unset)        0.021     2.021    cfo/estimator/clk_fast
    SLICE_X133Y171       FDCE                                         r  cfo/estimator/locked_frame_reg[20]/C
                         clock pessimism              0.000     2.021    
                         clock uncertainty           -0.035     1.986    
    SLICE_X133Y171       FDCE (Recov_CFF_SLICEM_C_CLR)
                                                     -0.066     1.920    cfo/estimator/locked_frame_reg[20]
  -------------------------------------------------------------------
                         required time                          1.920    
                         arrival time                          -1.022    
  -------------------------------------------------------------------
                         slack                                  0.898    

Slack (MET) :             0.898ns  (required time - arrival time)
  Source:                 cfo/estimator/reset_fast_sync/arststages_ff_reg[3]/C
                            (rising edge-triggered cell FDPE clocked by clk500  {rise@0.000ns fall@1.000ns period=2.000ns})
  Destination:            cfo/estimator/locked_frame_reg[21]/CLR
                            (recovery check against rising-edge clock clk500  {rise@0.000ns fall@1.000ns period=2.000ns})
  Path Group:             **async_default**
  Path Type:              Recovery (Max at Slow Process Corner)
  Requirement:            2.000ns  (clk500 rise@2.000ns - clk500 rise@0.000ns)
  Data Path Delay:        0.992ns  (logic 0.077ns (7.762%)  route 0.915ns (92.238%))
  Logic Levels:           0  
  Clock Path Skew:        -0.009ns (DCD - SCD + CPR)
    Destination Clock Delay (DCD):    0.021ns = ( 2.021 - 2.000 ) 
    Source Clock Delay      (SCD):    0.030ns
    Clock Pessimism Removal (CPR):    0.000ns
  Clock Uncertainty:      0.035ns  ((TSJ^2 + TIJ^2)^1/2 + DJ) / 2 + PE
    Total System Jitter     (TSJ):    0.071ns
    Total Input Jitter      (TIJ):    0.000ns
    Discrete Jitter          (DJ):    0.000ns
    Phase Error              (PE):    0.000ns

    Location             Delay type                Incr(ns)  Path(ns)    Netlist Resource(s)
  -------------------------------------------------------------------    -------------------
                         (clock clk500 rise edge)     0.000     0.000 r  
                                                      0.000     0.000 r  clk500 (IN)
                         net (fo=27266, unset)        0.030     0.030    cfo/estimator/reset_fast_sync/dest_clk
    SLICE_X128Y159       FDPE                                         r  cfo/estimator/reset_fast_sync/arststages_ff_reg[3]/C
  -------------------------------------------------------------------    -------------------
    SLICE_X128Y159       FDPE (Prop_CFF2_SLICEM_C_Q)
                                                      0.077     0.107 f  cfo/estimator/reset_fast_sync/arststages_ff_reg[3]/Q
                         net (fo=85, routed)          0.915     1.022    cfo/estimator/rst_fast
    SLICE_X133Y171       FDCE                                         f  cfo/estimator/locked_frame_reg[21]/CLR
  -------------------------------------------------------------------    -------------------

                         (clock clk500 rise edge)     2.000     2.000 r  
                                                      0.000     2.000 r  clk500 (IN)
                         net (fo=27266, unset)        0.021     2.021    cfo/estimator/clk_fast
    SLICE_X133Y171       FDCE                                         r  cfo/estimator/locked_frame_reg[21]/C
                         clock pessimism              0.000     2.021    
                         clock uncertainty           -0.035     1.986    
    SLICE_X133Y171       FDCE (Recov_CFF2_SLICEM_C_CLR)
                                                     -0.066     1.920    cfo/estimator/locked_frame_reg[21]
  -------------------------------------------------------------------
                         required time                          1.920    
                         arrival time                          -1.022    
  -------------------------------------------------------------------
                         slack                                  0.898    

Slack (MET) :             0.898ns  (required time - arrival time)
  Source:                 cfo/estimator/reset_fast_sync/arststages_ff_reg[3]/C
                            (rising edge-triggered cell FDPE clocked by clk500  {rise@0.000ns fall@1.000ns period=2.000ns})
  Destination:            cfo/estimator/locked_frame_reg[8]/CLR
                            (recovery check against rising-edge clock clk500  {rise@0.000ns fall@1.000ns period=2.000ns})
  Path Group:             **async_default**
  Path Type:              Recovery (Max at Slow Process Corner)
  Requirement:            2.000ns  (clk500 rise@2.000ns - clk500 rise@0.000ns)
  Data Path Delay:        0.992ns  (logic 0.077ns (7.762%)  route 0.915ns (92.238%))
  Logic Levels:           0  
  Clock Path Skew:        -0.009ns (DCD - SCD + CPR)
    Destination Clock Delay (DCD):    0.021ns = ( 2.021 - 2.000 ) 
    Source Clock Delay      (SCD):    0.030ns
    Clock Pessimism Removal (CPR):    0.000ns
  Clock Uncertainty:      0.035ns  ((TSJ^2 + TIJ^2)^1/2 + DJ) / 2 + PE
    Total System Jitter     (TSJ):    0.071ns
    Total Input Jitter      (TIJ):    0.000ns
    Discrete Jitter          (DJ):    0.000ns
    Phase Error              (PE):    0.000ns

    Location             Delay type                Incr(ns)  Path(ns)    Netlist Resource(s)
  -------------------------------------------------------------------    -------------------
                         (clock clk500 rise edge)     0.000     0.000 r  
                                                      0.000     0.000 r  clk500 (IN)
                         net (fo=27266, unset)        0.030     0.030    cfo/estimator/reset_fast_sync/dest_clk
    SLICE_X128Y159       FDPE                                         r  cfo/estimator/reset_fast_sync/arststages_ff_reg[3]/C
  -------------------------------------------------------------------    -------------------
    SLICE_X128Y159       FDPE (Prop_CFF2_SLICEM_C_Q)
                                                      0.077     0.107 f  cfo/estimator/reset_fast_sync/arststages_ff_reg[3]/Q
                         net (fo=85, routed)          0.915     1.022    cfo/estimator/rst_fast
    SLICE_X133Y171       FDCE                                         f  cfo/estimator/locked_frame_reg[8]/CLR
  -------------------------------------------------------------------    -------------------

                         (clock clk500 rise edge)     2.000     2.000 r  
                                                      0.000     2.000 r  clk500 (IN)
                         net (fo=27266, unset)        0.021     2.021    cfo/estimator/clk_fast
    SLICE_X133Y171       FDCE                                         r  cfo/estimator/locked_frame_reg[8]/C
                         clock pessimism              0.000     2.021    
                         clock uncertainty           -0.035     1.986    
    SLICE_X133Y171       FDCE (Recov_DFF_SLICEM_C_CLR)
                                                     -0.066     1.920    cfo/estimator/locked_frame_reg[8]
  -------------------------------------------------------------------
                         required time                          1.920    
                         arrival time                          -1.022    
  -------------------------------------------------------------------
                         slack                                  0.898    

Slack (MET) :             0.898ns  (required time - arrival time)
  Source:                 cfo/estimator/reset_fast_sync/arststages_ff_reg[3]/C
                            (rising edge-triggered cell FDPE clocked by clk500  {rise@0.000ns fall@1.000ns period=2.000ns})
  Destination:            cfo/estimator/locked_generation_reg[29]/CLR
                            (recovery check against rising-edge clock clk500  {rise@0.000ns fall@1.000ns period=2.000ns})
  Path Group:             **async_default**
  Path Type:              Recovery (Max at Slow Process Corner)
  Requirement:            2.000ns  (clk500 rise@2.000ns - clk500 rise@0.000ns)
  Data Path Delay:        0.992ns  (logic 0.077ns (7.762%)  route 0.915ns (92.238%))
  Logic Levels:           0  
  Clock Path Skew:        -0.009ns (DCD - SCD + CPR)
    Destination Clock Delay (DCD):    0.021ns = ( 2.021 - 2.000 ) 
    Source Clock Delay      (SCD):    0.030ns
    Clock Pessimism Removal (CPR):    0.000ns
  Clock Uncertainty:      0.035ns  ((TSJ^2 + TIJ^2)^1/2 + DJ) / 2 + PE
    Total System Jitter     (TSJ):    0.071ns
    Total Input Jitter      (TIJ):    0.000ns
    Discrete Jitter          (DJ):    0.000ns
    Phase Error              (PE):    0.000ns

    Location             Delay type                Incr(ns)  Path(ns)    Netlist Resource(s)
  -------------------------------------------------------------------    -------------------
                         (clock clk500 rise edge)     0.000     0.000 r  
                                                      0.000     0.000 r  clk500 (IN)
                         net (fo=27266, unset)        0.030     0.030    cfo/estimator/reset_fast_sync/dest_clk
    SLICE_X128Y159       FDPE                                         r  cfo/estimator/reset_fast_sync/arststages_ff_reg[3]/C
  -------------------------------------------------------------------    -------------------
    SLICE_X128Y159       FDPE (Prop_CFF2_SLICEM_C_Q)
                                                      0.077     0.107 f  cfo/estimator/reset_fast_sync/arststages_ff_reg[3]/Q
                         net (fo=85, routed)          0.915     1.022    cfo/estimator/rst_fast
    SLICE_X133Y171       FDCE                                         f  cfo/estimator/locked_generation_reg[29]/CLR
  -------------------------------------------------------------------    -------------------

                         (clock clk500 rise edge)     2.000     2.000 r  
                                                      0.000     2.000 r  clk500 (IN)
                         net (fo=27266, unset)        0.021     2.021    cfo/estimator/clk_fast
    SLICE_X133Y171       FDCE                                         r  cfo/estimator/locked_generation_reg[29]/C
                         clock pessimism              0.000     2.021    
                         clock uncertainty           -0.035     1.986    
    SLICE_X133Y171       FDCE (Recov_DFF2_SLICEM_C_CLR)
                                                     -0.066     1.920    cfo/estimator/locked_generation_reg[29]
  -------------------------------------------------------------------
                         required time                          1.920    
                         arrival time                          -1.022    
  -------------------------------------------------------------------
                         slack                                  0.898    





Min Delay Paths
--------------------------------------------------------------------------------------
Slack (MET) :             0.159ns  (arrival time - required time)
  Source:                 cfo/windows/complete_windows/rd_reset/arststages_ff_reg[3]/C
                            (rising edge-triggered cell FDPE clocked by clk500  {rise@0.000ns fall@1.000ns period=2.000ns})
  Destination:            cfo/windows/complete_windows/reader_ready_reg/CLR
                            (removal check against rising-edge clock clk500  {rise@0.000ns fall@1.000ns period=2.000ns})
  Path Group:             **async_default**
  Path Type:              Removal (Min at Fast Process Corner)
  Requirement:            0.000ns  (clk500 rise@0.000ns - clk500 rise@0.000ns)
  Data Path Delay:        0.145ns  (logic 0.039ns (26.897%)  route 0.106ns (73.103%))
  Logic Levels:           0  
  Clock Path Skew:        0.006ns (DCD - SCD - CPR)
    Destination Clock Delay (DCD):    0.019ns
    Source Clock Delay      (SCD):    0.013ns
    Clock Pessimism Removal (CPR):    -0.000ns

    Location             Delay type                Incr(ns)  Path(ns)    Netlist Resource(s)
  -------------------------------------------------------------------    -------------------
                         (clock clk500 rise edge)     0.000     0.000 r  
                                                      0.000     0.000 r  clk500 (IN)
                         net (fo=27266, unset)        0.013     0.013    cfo/windows/complete_windows/rd_reset/dest_clk
    SLICE_X137Y190       FDPE                                         r  cfo/windows/complete_windows/rd_reset/arststages_ff_reg[3]/C
  -------------------------------------------------------------------    -------------------
    SLICE_X137Y190       FDPE (Prop_CFF2_SLICEM_C_Q)
                                                      0.039     0.052 f  cfo/windows/complete_windows/rd_reset/arststages_ff_reg[3]/Q
                         net (fo=3, routed)           0.106     0.158    cfo/windows/complete_windows/rr
    SLICE_X137Y191       FDCE                                         f  cfo/windows/complete_windows/reader_ready_reg/CLR
  -------------------------------------------------------------------    -------------------

                         (clock clk500 rise edge)     0.000     0.000 r  
                                                      0.000     0.000 r  clk500 (IN)
                         net (fo=27266, unset)        0.019     0.019    cfo/windows/complete_windows/rd_clk
    SLICE_X137Y191       FDCE                                         r  cfo/windows/complete_windows/reader_ready_reg/C
                         clock pessimism              0.000     0.019    
    SLICE_X137Y191       FDCE (Remov_DFF2_SLICEM_C_CLR)
                                                     -0.020    -0.001    cfo/windows/complete_windows/reader_ready_reg
  -------------------------------------------------------------------
                         required time                          0.001    
                         arrival time                           0.158    
  -------------------------------------------------------------------
                         slack                                  0.159    

Slack (MET) :             0.196ns  (arrival time - required time)
  Source:                 cfo/windows/reset_fast/sync_reset/arststages_ff_reg[3]/C
                            (rising edge-triggered cell FDPE clocked by clk500  {rise@0.000ns fall@1.000ns period=2.000ns})
  Destination:            cfo/windows/reset_fast/hold_count_reg[0]/CLR
                            (removal check against rising-edge clock clk500  {rise@0.000ns fall@1.000ns period=2.000ns})
  Path Group:             **async_default**
  Path Type:              Removal (Min at Fast Process Corner)
  Requirement:            0.000ns  (clk500 rise@0.000ns - clk500 rise@0.000ns)
  Data Path Delay:        0.182ns  (logic 0.040ns (21.978%)  route 0.142ns (78.022%))
  Logic Levels:           0  
  Clock Path Skew:        0.006ns (DCD - SCD - CPR)
    Destination Clock Delay (DCD):    0.019ns
    Source Clock Delay      (SCD):    0.013ns
    Clock Pessimism Removal (CPR):    -0.000ns

    Location             Delay type                Incr(ns)  Path(ns)    Netlist Resource(s)
  -------------------------------------------------------------------    -------------------
                         (clock clk500 rise edge)     0.000     0.000 r  
                                                      0.000     0.000 r  clk500 (IN)
                         net (fo=27266, unset)        0.013     0.013    cfo/windows/reset_fast/sync_reset/dest_clk
    SLICE_X132Y182       FDPE                                         r  cfo/windows/reset_fast/sync_reset/arststages_ff_reg[3]/C
  -------------------------------------------------------------------    -------------------
    SLICE_X132Y182       FDPE (Prop_GFF2_SLICEL_C_Q)
                                                      0.040     0.053 f  cfo/windows/reset_fast/sync_reset/arststages_ff_reg[3]/Q
                         net (fo=10, routed)          0.142     0.195    cfo/windows/reset_fast/synced
    SLICE_X133Y178       FDCE                                         f  cfo/windows/reset_fast/hold_count_reg[0]/CLR
  -------------------------------------------------------------------    -------------------

                         (clock clk500 rise edge)     0.000     0.000 r  
                                                      0.000     0.000 r  clk500 (IN)
                         net (fo=27266, unset)        0.019     0.019    cfo/windows/reset_fast/clk
    SLICE_X133Y178       FDCE                                         r  cfo/windows/reset_fast/hold_count_reg[0]/C
                         clock pessimism              0.000     0.019    
    SLICE_X133Y178       FDCE (Remov_HFF2_SLICEM_C_CLR)
                                                     -0.020    -0.001    cfo/windows/reset_fast/hold_count_reg[0]
  -------------------------------------------------------------------
                         required time                          0.001    
                         arrival time                           0.195    
  -------------------------------------------------------------------
                         slack                                  0.196    

Slack (MET) :             0.197ns  (arrival time - required time)
  Source:                 cfo/windows/reset_fast/sync_reset/arststages_ff_reg[3]/C
                            (rising edge-triggered cell FDPE clocked by clk500  {rise@0.000ns fall@1.000ns period=2.000ns})
  Destination:            cfo/windows/reset_fast/hold_count_reg[1]/CLR
                            (removal check against rising-edge clock clk500  {rise@0.000ns fall@1.000ns period=2.000ns})
  Path Group:             **async_default**
  Path Type:              Removal (Min at Fast Process Corner)
  Requirement:            0.000ns  (clk500 rise@0.000ns - clk500 rise@0.000ns)
  Data Path Delay:        0.183ns  (logic 0.040ns (21.858%)  route 0.143ns (78.142%))
  Logic Levels:           0  
  Clock Path Skew:        0.006ns (DCD - SCD - CPR)
    Destination Clock Delay (DCD):    0.019ns
    Source Clock Delay      (SCD):    0.013ns
    Clock Pessimism Removal (CPR):    -0.000ns

    Location             Delay type                Incr(ns)  Path(ns)    Netlist Resource(s)
  -------------------------------------------------------------------    -------------------
                         (clock clk500 rise edge)     0.000     0.000 r  
                                                      0.000     0.000 r  clk500 (IN)
                         net (fo=27266, unset)        0.013     0.013    cfo/windows/reset_fast/sync_reset/dest_clk
    SLICE_X132Y182       FDPE                                         r  cfo/windows/reset_fast/sync_reset/arststages_ff_reg[3]/C
  -------------------------------------------------------------------    -------------------
    SLICE_X132Y182       FDPE (Prop_GFF2_SLICEL_C_Q)
                                                      0.040     0.053 f  cfo/windows/reset_fast/sync_reset/arststages_ff_reg[3]/Q
                         net (fo=10, routed)          0.143     0.196    cfo/windows/reset_fast/synced
    SLICE_X133Y178       FDCE                                         f  cfo/windows/reset_fast/hold_count_reg[1]/CLR
  -------------------------------------------------------------------    -------------------

                         (clock clk500 rise edge)     0.000     0.000 r  
                                                      0.000     0.000 r  clk500 (IN)
                         net (fo=27266, unset)        0.019     0.019    cfo/windows/reset_fast/clk
    SLICE_X133Y178       FDCE                                         r  cfo/windows/reset_fast/hold_count_reg[1]/C
                         clock pessimism              0.000     0.019    
    SLICE_X133Y178       FDCE (Remov_DFF_SLICEM_C_CLR)
                                                     -0.020    -0.001    cfo/windows/reset_fast/hold_count_reg[1]
  -------------------------------------------------------------------
                         required time                          0.001    
                         arrival time                           0.196    
  -------------------------------------------------------------------
                         slack                                  0.197    

Slack (MET) :             0.197ns  (arrival time - required time)
  Source:                 cfo/windows/reset_fast/sync_reset/arststages_ff_reg[3]/C
                            (rising edge-triggered cell FDPE clocked by clk500  {rise@0.000ns fall@1.000ns period=2.000ns})
  Destination:            cfo/windows/reset_fast/hold_count_reg[2]/CLR
                            (removal check against rising-edge clock clk500  {rise@0.000ns fall@1.000ns period=2.000ns})
  Path Group:             **async_default**
  Path Type:              Removal (Min at Fast Process Corner)
  Requirement:            0.000ns  (clk500 rise@0.000ns - clk500 rise@0.000ns)
  Data Path Delay:        0.183ns  (logic 0.040ns (21.858%)  route 0.143ns (78.142%))
  Logic Levels:           0  
  Clock Path Skew:        0.006ns (DCD - SCD - CPR)
    Destination Clock Delay (DCD):    0.019ns
    Source Clock Delay      (SCD):    0.013ns
    Clock Pessimism Removal (CPR):    -0.000ns

    Location             Delay type                Incr(ns)  Path(ns)    Netlist Resource(s)
  -------------------------------------------------------------------    -------------------
                         (clock clk500 rise edge)     0.000     0.000 r  
                                                      0.000     0.000 r  clk500 (IN)
                         net (fo=27266, unset)        0.013     0.013    cfo/windows/reset_fast/sync_reset/dest_clk
    SLICE_X132Y182       FDPE                                         r  cfo/windows/reset_fast/sync_reset/arststages_ff_reg[3]/C
  -------------------------------------------------------------------    -------------------
    SLICE_X132Y182       FDPE (Prop_GFF2_SLICEL_C_Q)
                                                      0.040     0.053 f  cfo/windows/reset_fast/sync_reset/arststages_ff_reg[3]/Q
                         net (fo=10, routed)          0.143     0.196    cfo/windows/reset_fast/synced
    SLICE_X133Y178       FDCE                                         f  cfo/windows/reset_fast/hold_count_reg[2]/CLR
  -------------------------------------------------------------------    -------------------

                         (clock clk500 rise edge)     0.000     0.000 r  
                                                      0.000     0.000 r  clk500 (IN)
                         net (fo=27266, unset)        0.019     0.019    cfo/windows/reset_fast/clk
    SLICE_X133Y178       FDCE                                         r  cfo/windows/reset_fast/hold_count_reg[2]/C
                         clock pessimism              0.000     0.019    
    SLICE_X133Y178       FDCE (Remov_DFF2_SLICEM_C_CLR)
                                                     -0.020    -0.001    cfo/windows/reset_fast/hold_count_reg[2]
  -------------------------------------------------------------------
                         required time                          0.001    
                         arrival time                           0.196    
  -------------------------------------------------------------------
                         slack                                  0.197    

Slack (MET) :             0.197ns  (arrival time - required time)
  Source:                 cfo/windows/reset_fast/sync_reset/arststages_ff_reg[3]/C
                            (rising edge-triggered cell FDPE clocked by clk500  {rise@0.000ns fall@1.000ns period=2.000ns})
  Destination:            cfo/windows/reset_fast/hold_count_reg[3]/CLR
                            (removal check against rising-edge clock clk500  {rise@0.000ns fall@1.000ns period=2.000ns})
  Path Group:             **async_default**
  Path Type:              Removal (Min at Fast Process Corner)
  Requirement:            0.000ns  (clk500 rise@0.000ns - clk500 rise@0.000ns)
  Data Path Delay:        0.183ns  (logic 0.040ns (21.858%)  route 0.143ns (78.142%))
  Logic Levels:           0  
  Clock Path Skew:        0.006ns (DCD - SCD - CPR)
    Destination Clock Delay (DCD):    0.019ns
    Source Clock Delay      (SCD):    0.013ns
    Clock Pessimism Removal (CPR):    -0.000ns

    Location             Delay type                Incr(ns)  Path(ns)    Netlist Resource(s)
  -------------------------------------------------------------------    -------------------
                         (clock clk500 rise edge)     0.000     0.000 r  
                                                      0.000     0.000 r  clk500 (IN)
                         net (fo=27266, unset)        0.013     0.013    cfo/windows/reset_fast/sync_reset/dest_clk
    SLICE_X132Y182       FDPE                                         r  cfo/windows/reset_fast/sync_reset/arststages_ff_reg[3]/C
  -------------------------------------------------------------------    -------------------
    SLICE_X132Y182       FDPE (Prop_GFF2_SLICEL_C_Q)
                                                      0.040     0.053 f  cfo/windows/reset_fast/sync_reset/arststages_ff_reg[3]/Q
                         net (fo=10, routed)          0.143     0.196    cfo/windows/reset_fast/synced
    SLICE_X133Y178       FDCE                                         f  cfo/windows/reset_fast/hold_count_reg[3]/CLR
  -------------------------------------------------------------------    -------------------

                         (clock clk500 rise edge)     0.000     0.000 r  
                                                      0.000     0.000 r  clk500 (IN)
                         net (fo=27266, unset)        0.019     0.019    cfo/windows/reset_fast/clk
    SLICE_X133Y178       FDCE                                         r  cfo/windows/reset_fast/hold_count_reg[3]/C
                         clock pessimism              0.000     0.019    
    SLICE_X133Y178       FDCE (Remov_CFF_SLICEM_C_CLR)
                                                     -0.020    -0.001    cfo/windows/reset_fast/hold_count_reg[3]
  -------------------------------------------------------------------
                         required time                          0.001    
                         arrival time                           0.196    
  -------------------------------------------------------------------
                         slack                                  0.197    

Slack (MET) :             0.197ns  (arrival time - required time)
  Source:                 cfo/windows/reset_fast/sync_reset/arststages_ff_reg[3]/C
                            (rising edge-triggered cell FDPE clocked by clk500  {rise@0.000ns fall@1.000ns period=2.000ns})
  Destination:            cfo/windows/reset_fast/hold_count_reg[4]/CLR
                            (removal check against rising-edge clock clk500  {rise@0.000ns fall@1.000ns period=2.000ns})
  Path Group:             **async_default**
  Path Type:              Removal (Min at Fast Process Corner)
  Requirement:            0.000ns  (clk500 rise@0.000ns - clk500 rise@0.000ns)
  Data Path Delay:        0.183ns  (logic 0.040ns (21.858%)  route 0.143ns (78.142%))
  Logic Levels:           0  
  Clock Path Skew:        0.006ns (DCD - SCD - CPR)
    Destination Clock Delay (DCD):    0.019ns
    Source Clock Delay      (SCD):    0.013ns
    Clock Pessimism Removal (CPR):    -0.000ns

    Location             Delay type                Incr(ns)  Path(ns)    Netlist Resource(s)
  -------------------------------------------------------------------    -------------------
                         (clock clk500 rise edge)     0.000     0.000 r  
                                                      0.000     0.000 r  clk500 (IN)
                         net (fo=27266, unset)        0.013     0.013    cfo/windows/reset_fast/sync_reset/dest_clk
    SLICE_X132Y182       FDPE                                         r  cfo/windows/reset_fast/sync_reset/arststages_ff_reg[3]/C
  -------------------------------------------------------------------    -------------------
    SLICE_X132Y182       FDPE (Prop_GFF2_SLICEL_C_Q)
                                                      0.040     0.053 f  cfo/windows/reset_fast/sync_reset/arststages_ff_reg[3]/Q
                         net (fo=10, routed)          0.143     0.196    cfo/windows/reset_fast/synced
    SLICE_X133Y178       FDCE                                         f  cfo/windows/reset_fast/hold_count_reg[4]/CLR
  -------------------------------------------------------------------    -------------------

                         (clock clk500 rise edge)     0.000     0.000 r  
                                                      0.000     0.000 r  clk500 (IN)
                         net (fo=27266, unset)        0.019     0.019    cfo/windows/reset_fast/clk
    SLICE_X133Y178       FDCE                                         r  cfo/windows/reset_fast/hold_count_reg[4]/C
                         clock pessimism              0.000     0.019    
    SLICE_X133Y178       FDCE (Remov_CFF2_SLICEM_C_CLR)
                                                     -0.020    -0.001    cfo/windows/reset_fast/hold_count_reg[4]
  -------------------------------------------------------------------
                         required time                          0.001    
                         arrival time                           0.196    
  -------------------------------------------------------------------
                         slack                                  0.197    

Slack (MET) :             0.197ns  (arrival time - required time)
  Source:                 cfo/windows/reset_fast/sync_reset/arststages_ff_reg[3]/C
                            (rising edge-triggered cell FDPE clocked by clk500  {rise@0.000ns fall@1.000ns period=2.000ns})
  Destination:            cfo/windows/reset_fast/hold_count_reg[5]/CLR
                            (removal check against rising-edge clock clk500  {rise@0.000ns fall@1.000ns period=2.000ns})
  Path Group:             **async_default**
  Path Type:              Removal (Min at Fast Process Corner)
  Requirement:            0.000ns  (clk500 rise@0.000ns - clk500 rise@0.000ns)
  Data Path Delay:        0.183ns  (logic 0.040ns (21.858%)  route 0.143ns (78.142%))
  Logic Levels:           0  
  Clock Path Skew:        0.006ns (DCD - SCD - CPR)
    Destination Clock Delay (DCD):    0.019ns
    Source Clock Delay      (SCD):    0.013ns
    Clock Pessimism Removal (CPR):    -0.000ns

    Location             Delay type                Incr(ns)  Path(ns)    Netlist Resource(s)
  -------------------------------------------------------------------    -------------------
                         (clock clk500 rise edge)     0.000     0.000 r  
                                                      0.000     0.000 r  clk500 (IN)
                         net (fo=27266, unset)        0.013     0.013    cfo/windows/reset_fast/sync_reset/dest_clk
    SLICE_X132Y182       FDPE                                         r  cfo/windows/reset_fast/sync_reset/arststages_ff_reg[3]/C
  -------------------------------------------------------------------    -------------------
    SLICE_X132Y182       FDPE (Prop_GFF2_SLICEL_C_Q)
                                                      0.040     0.053 f  cfo/windows/reset_fast/sync_reset/arststages_ff_reg[3]/Q
                         net (fo=10, routed)          0.143     0.196    cfo/windows/reset_fast/synced
    SLICE_X133Y178       FDCE                                         f  cfo/windows/reset_fast/hold_count_reg[5]/CLR
  -------------------------------------------------------------------    -------------------

                         (clock clk500 rise edge)     0.000     0.000 r  
                                                      0.000     0.000 r  clk500 (IN)
                         net (fo=27266, unset)        0.019     0.019    cfo/windows/reset_fast/clk
    SLICE_X133Y178       FDCE                                         r  cfo/windows/reset_fast/hold_count_reg[5]/C
                         clock pessimism              0.000     0.019    
    SLICE_X133Y178       FDCE (Remov_BFF_SLICEM_C_CLR)
                                                     -0.020    -0.001    cfo/windows/reset_fast/hold_count_reg[5]
  -------------------------------------------------------------------
                         required time                          0.001    
                         arrival time                           0.196    
  -------------------------------------------------------------------
                         slack                                  0.197    

Slack (MET) :             0.197ns  (arrival time - required time)
  Source:                 cfo/windows/reset_fast/sync_reset/arststages_ff_reg[3]/C
                            (rising edge-triggered cell FDPE clocked by clk500  {rise@0.000ns fall@1.000ns period=2.000ns})
  Destination:            cfo/windows/reset_fast/hold_count_reg[6]_inv/PRE
                            (removal check against rising-edge clock clk500  {rise@0.000ns fall@1.000ns period=2.000ns})
  Path Group:             **async_default**
  Path Type:              Removal (Min at Fast Process Corner)
  Requirement:            0.000ns  (clk500 rise@0.000ns - clk500 rise@0.000ns)
  Data Path Delay:        0.183ns  (logic 0.040ns (21.858%)  route 0.143ns (78.142%))
  Logic Levels:           0  
  Clock Path Skew:        0.006ns (DCD - SCD - CPR)
    Destination Clock Delay (DCD):    0.019ns
    Source Clock Delay      (SCD):    0.013ns
    Clock Pessimism Removal (CPR):    -0.000ns

    Location             Delay type                Incr(ns)  Path(ns)    Netlist Resource(s)
  -------------------------------------------------------------------    -------------------
                         (clock clk500 rise edge)     0.000     0.000 r  
                                                      0.000     0.000 r  clk500 (IN)
                         net (fo=27266, unset)        0.013     0.013    cfo/windows/reset_fast/sync_reset/dest_clk
    SLICE_X132Y182       FDPE                                         r  cfo/windows/reset_fast/sync_reset/arststages_ff_reg[3]/C
  -------------------------------------------------------------------    -------------------
    SLICE_X132Y182       FDPE (Prop_GFF2_SLICEL_C_Q)
                                                      0.040     0.053 f  cfo/windows/reset_fast/sync_reset/arststages_ff_reg[3]/Q
                         net (fo=10, routed)          0.143     0.196    cfo/windows/reset_fast/synced
    SLICE_X133Y178       FDPE                                         f  cfo/windows/reset_fast/hold_count_reg[6]_inv/PRE
  -------------------------------------------------------------------    -------------------

                         (clock clk500 rise edge)     0.000     0.000 r  
                                                      0.000     0.000 r  clk500 (IN)
                         net (fo=27266, unset)        0.019     0.019    cfo/windows/reset_fast/clk
    SLICE_X133Y178       FDPE                                         r  cfo/windows/reset_fast/hold_count_reg[6]_inv/C
                         clock pessimism              0.000     0.019    
    SLICE_X133Y178       FDPE (Remov_AFF_SLICEM_C_PRE)
                                                     -0.020    -0.001    cfo/windows/reset_fast/hold_count_reg[6]_inv
  -------------------------------------------------------------------
                         required time                          0.001    
                         arrival time                           0.196    
  -------------------------------------------------------------------
                         slack                                  0.197    

Slack (MET) :             0.228ns  (arrival time - required time)
  Source:                 cfo/windows/reset_fast/sync_reset/arststages_ff_reg[3]/C
                            (rising edge-triggered cell FDPE clocked by clk500  {rise@0.000ns fall@1.000ns period=2.000ns})
  Destination:            cfo/windows/reset_fast/reset_active_reg_replica/PRE
                            (removal check against rising-edge clock clk500  {rise@0.000ns fall@1.000ns period=2.000ns})
  Path Group:             **async_default**
  Path Type:              Removal (Min at Fast Process Corner)
  Requirement:            0.000ns  (clk500 rise@0.000ns - clk500 rise@0.000ns)
  Data Path Delay:        0.213ns  (logic 0.040ns (18.779%)  route 0.173ns (81.221%))
  Logic Levels:           0  
  Clock Path Skew:        0.005ns (DCD - SCD - CPR)
    Destination Clock Delay (DCD):    0.018ns
    Source Clock Delay      (SCD):    0.013ns
    Clock Pessimism Removal (CPR):    -0.000ns

    Location             Delay type                Incr(ns)  Path(ns)    Netlist Resource(s)
  -------------------------------------------------------------------    -------------------
                         (clock clk500 rise edge)     0.000     0.000 r  
                                                      0.000     0.000 r  clk500 (IN)
                         net (fo=27266, unset)        0.013     0.013    cfo/windows/reset_fast/sync_reset/dest_clk
    SLICE_X132Y182       FDPE                                         r  cfo/windows/reset_fast/sync_reset/arststages_ff_reg[3]/C
  -------------------------------------------------------------------    -------------------
    SLICE_X132Y182       FDPE (Prop_GFF2_SLICEL_C_Q)
                                                      0.040     0.053 f  cfo/windows/reset_fast/sync_reset/arststages_ff_reg[3]/Q
                         net (fo=10, routed)          0.173     0.226    cfo/windows/reset_fast/synced
    SLICE_X127Y186       FDPE                                         f  cfo/windows/reset_fast/reset_active_reg_replica/PRE
  -------------------------------------------------------------------    -------------------

                         (clock clk500 rise edge)     0.000     0.000 r  
                                                      0.000     0.000 r  clk500 (IN)
                         net (fo=27266, unset)        0.018     0.018    cfo/windows/reset_fast/clk
    SLICE_X127Y186       FDPE                                         r  cfo/windows/reset_fast/reset_active_reg_replica/C
                         clock pessimism              0.000     0.018    
    SLICE_X127Y186       FDPE (Remov_AFF2_SLICEL_C_PRE)
                                                     -0.020    -0.002    cfo/windows/reset_fast/reset_active_reg_replica
  -------------------------------------------------------------------
                         required time                          0.002    
                         arrival time                           0.226    
  -------------------------------------------------------------------
                         slack                                  0.228    

Slack (MET) :             0.285ns  (arrival time - required time)
  Source:                 cfo/windows/window_credits/wr_reset/arststages_ff_reg[3]/C
                            (rising edge-triggered cell FDPE clocked by clk500  {rise@0.000ns fall@1.000ns period=2.000ns})
  Destination:            cfo/windows/window_credits/complete_reg/CLR
                            (removal check against rising-edge clock clk500  {rise@0.000ns fall@1.000ns period=2.000ns})
  Path Group:             **async_default**
  Path Type:              Removal (Min at Fast Process Corner)
  Requirement:            0.000ns  (clk500 rise@0.000ns - clk500 rise@0.000ns)
  Data Path Delay:        0.271ns  (logic 0.041ns (15.129%)  route 0.230ns (84.871%))
  Logic Levels:           0  
  Clock Path Skew:        0.006ns (DCD - SCD - CPR)
    Destination Clock Delay (DCD):    0.018ns
    Source Clock Delay      (SCD):    0.012ns
    Clock Pessimism Removal (CPR):    -0.000ns

    Location             Delay type                Incr(ns)  Path(ns)    Netlist Resource(s)
  -------------------------------------------------------------------    -------------------
                         (clock clk500 rise edge)     0.000     0.000 r  
                                                      0.000     0.000 r  clk500 (IN)
                         net (fo=27266, unset)        0.012     0.012    cfo/windows/window_credits/wr_reset/dest_clk
    SLICE_X135Y188       FDPE                                         r  cfo/windows/window_credits/wr_reset/arststages_ff_reg[3]/C
  -------------------------------------------------------------------    -------------------
    SLICE_X135Y188       FDPE (Prop_DFF2_SLICEL_C_Q)
                                                      0.041     0.053 f  cfo/windows/window_credits/wr_reset/arststages_ff_reg[3]/Q
                         net (fo=4, routed)           0.230     0.283    cfo/windows/window_credits/rw
    SLICE_X136Y181       FDCE                                         f  cfo/windows/window_credits/complete_reg/CLR
  -------------------------------------------------------------------    -------------------

                         (clock clk500 rise edge)     0.000     0.000 r  
                                                      0.000     0.000 r  clk500 (IN)
                         net (fo=27266, unset)        0.018     0.018    cfo/windows/window_credits/wr_clk
    SLICE_X136Y181       FDCE                                         r  cfo/windows/window_credits/complete_reg/C
                         clock pessimism              0.000     0.018    
    SLICE_X136Y181       FDCE (Remov_DFF_SLICEL_C_CLR)
                                                     -0.020    -0.002    cfo/windows/window_credits/complete_reg
  -------------------------------------------------------------------
                         required time                          0.002    
                         arrival time                           0.283    
  -------------------------------------------------------------------
                         slack                                  0.285    





