Copyright 1986-2021 Xilinx, Inc. All Rights Reserved.
------------------------------------------------------------------------------------------------------------------------------
| Tool Version : Vivado v.2021.1 (win64) Build 3247384 Thu Jun 10 19:36:33 MDT 2021
| Date         : Fri Sep 18 17:44:28 2026
| Host         : ROG-Lunan running 64-bit major release  (build 9200)
| Command      : report_drc -file sync_ota_top_drc_routed.rpt -pb sync_ota_top_drc_routed.pb -rpx sync_ota_top_drc_routed.rpx
| Design       : sync_ota_top
| Device       : xcvu11p-flgb2104-2-e
| Speed File   : -2
| Design State : Fully Routed
------------------------------------------------------------------------------------------------------------------------------

Report DRC

Table of Contents
-----------------
1. REPORT SUMMARY
2. REPORT DETAILS

1. REPORT SUMMARY
-----------------
            Netlist: netlist
          Floorplan: design_1
      Design limits: <entire design considered>
           Ruledeck: default
             Max violations: <unlimited>
             Violations found: 392
+-----------+----------+---------------------------------------------------------------------+------------+
| Rule      | Severity | Description                                                         | Violations |
+-----------+----------+---------------------------------------------------------------------+------------+
| DPIP-2    | Warning  | Input pipelining                                                    | 67         |
| DPOP-3    | Warning  | PREG Output pipelining                                              | 49         |
| DPOP-4    | Warning  | MREG Output pipelining                                              | 81         |
| RTSTAT-10 | Warning  | No routable loads                                                   | 1          |
| AVAL-155  | Advisory | enum_AMULTSEL_BMULTSEL_enum_DREG_ADREG_0_connects_CED_CEAD_RSTD_GND | 186        |
| AVAL-156  | Advisory | enum_USE_MULT_NONE__enum_DREG_ADREG_0_connects_CED_CEAD_RSTD_GND    | 8          |
+-----------+----------+---------------------------------------------------------------------+------------+

2. REPORT DETAILS
-----------------
DPIP-2#1 Warning
Input pipelining  
DSP cfo/coarse_rotation/ic2_reg[0] input cfo/coarse_rotation/ic2_reg[0]/B[17:0] is not pipelined. Pipelining DSP48 input will improve performance.
Related violations: <none>

DPIP-2#2 Warning
Input pipelining  
DSP cfo/coarse_rotation/ic2_reg[1] input cfo/coarse_rotation/ic2_reg[1]/B[17:0] is not pipelined. Pipelining DSP48 input will improve performance.
Related violations: <none>

DPIP-2#3 Warning
Input pipelining  
DSP cfo/coarse_rotation/ic2_reg[2] input cfo/coarse_rotation/ic2_reg[2]/B[17:0] is not pipelined. Pipelining DSP48 input will improve performance.
Related violations: <none>

DPIP-2#4 Warning
Input pipelining  
DSP cfo/coarse_rotation/ic2_reg[3] input cfo/coarse_rotation/ic2_reg[3]/B[17:0] is not pipelined. Pipelining DSP48 input will improve performance.
Related violations: <none>

DPIP-2#5 Warning
Input pipelining  
DSP cfo/coarse_rotation/is2_reg[0] input cfo/coarse_rotation/is2_reg[0]/B[17:0] is not pipelined. Pipelining DSP48 input will improve performance.
Related violations: <none>

DPIP-2#6 Warning
Input pipelining  
DSP cfo/coarse_rotation/is2_reg[1] input cfo/coarse_rotation/is2_reg[1]/B[17:0] is not pipelined. Pipelining DSP48 input will improve performance.
Related violations: <none>

DPIP-2#7 Warning
Input pipelining  
DSP cfo/coarse_rotation/is2_reg[2] input cfo/coarse_rotation/is2_reg[2]/B[17:0] is not pipelined. Pipelining DSP48 input will improve performance.
Related violations: <none>

DPIP-2#8 Warning
Input pipelining  
DSP cfo/coarse_rotation/is2_reg[3] input cfo/coarse_rotation/is2_reg[3]/B[17:0] is not pipelined. Pipelining DSP48 input will improve performance.
Related violations: <none>

DPIP-2#9 Warning
Input pipelining  
DSP cfo/coarse_rotation/sum_i3_reg[0] input cfo/coarse_rotation/sum_i3_reg[0]/B[17:0] is not pipelined. Pipelining DSP48 input will improve performance.
Related violations: <none>

DPIP-2#10 Warning
Input pipelining  
DSP cfo/coarse_rotation/sum_i3_reg[1] input cfo/coarse_rotation/sum_i3_reg[1]/B[17:0] is not pipelined. Pipelining DSP48 input will improve performance.
Related violations: <none>

DPIP-2#11 Warning
Input pipelining  
DSP cfo/coarse_rotation/sum_i3_reg[2] input cfo/coarse_rotation/sum_i3_reg[2]/B[17:0] is not pipelined. Pipelining DSP48 input will improve performance.
Related violations: <none>

DPIP-2#12 Warning
Input pipelining  
DSP cfo/coarse_rotation/sum_i3_reg[3] input cfo/coarse_rotation/sum_i3_reg[3]/B[17:0] is not pipelined. Pipelining DSP48 input will improve performance.
Related violations: <none>

DPIP-2#13 Warning
Input pipelining  
DSP cfo/coarse_rotation/sum_q3_reg[0] input cfo/coarse_rotation/sum_q3_reg[0]/B[17:0] is not pipelined. Pipelining DSP48 input will improve performance.
Related violations: <none>

DPIP-2#14 Warning
Input pipelining  
DSP cfo/coarse_rotation/sum_q3_reg[1] input cfo/coarse_rotation/sum_q3_reg[1]/B[17:0] is not pipelined. Pipelining DSP48 input will improve performance.
Related violations: <none>

DPIP-2#15 Warning
Input pipelining  
DSP cfo/coarse_rotation/sum_q3_reg[2] input cfo/coarse_rotation/sum_q3_reg[2]/B[17:0] is not pipelined. Pipelining DSP48 input will improve performance.
Related violations: <none>

DPIP-2#16 Warning
Input pipelining  
DSP cfo/coarse_rotation/sum_q3_reg[3] input cfo/coarse_rotation/sum_q3_reg[3]/B[17:0] is not pipelined. Pipelining DSP48 input will improve performance.
Related violations: <none>

DPIP-2#17 Warning
Input pipelining  
DSP cfo/estimator/backend/phase_core/dot_term input cfo/estimator/backend/phase_core/dot_term/B[17:0] is not pipelined. Pipelining DSP48 input will improve performance.
Related violations: <none>

DPIP-2#18 Warning
Input pipelining  
DSP cfo/estimator/backend/phase_core/held_dot_reg input cfo/estimator/backend/phase_core/held_dot_reg/B[17:0] is not pipelined. Pipelining DSP48 input will improve performance.
Related violations: <none>

DPIP-2#19 Warning
Input pipelining  
DSP cfo/estimator/backend/quality_core/fft_core/product_i_reg input cfo/estimator/backend/quality_core/fft_core/product_i_reg/A[29:0] is not pipelined. Pipelining DSP48 input will improve performance.
Related violations: <none>

DPIP-2#20 Warning
Input pipelining  
DSP cfo/estimator/backend/quality_core/fft_core/product_q_reg input cfo/estimator/backend/quality_core/fft_core/product_q_reg/A[29:0] is not pipelined. Pipelining DSP48 input will improve performance.
Related violations: <none>

DPIP-2#21 Warning
Input pipelining  
DSP cfo/estimator/backend/quality_core/fft_core/ri_reg input cfo/estimator/backend/quality_core/fft_core/ri_reg/A[29:0] is not pipelined. Pipelining DSP48 input will improve performance.
Related violations: <none>

DPIP-2#22 Warning
Input pipelining  
DSP cfo/estimator/backend/quality_core/fft_core/rr_reg input cfo/estimator/backend/quality_core/fft_core/rr_reg/A[29:0] is not pipelined. Pipelining DSP48 input will improve performance.
Related violations: <none>

DPIP-2#23 Warning
Input pipelining  
DSP cfo/estimator/backend/quality_core/square_i input cfo/estimator/backend/quality_core/square_i/A[29:0] is not pipelined. Pipelining DSP48 input will improve performance.
Related violations: <none>

DPIP-2#24 Warning
Input pipelining  
DSP cfo/estimator/backend/quality_core/square_i input cfo/estimator/backend/quality_core/square_i/B[17:0] is not pipelined. Pipelining DSP48 input will improve performance.
Related violations: <none>

DPIP-2#25 Warning
Input pipelining  
DSP cfo/estimator/backend/quality_core/square_q input cfo/estimator/backend/quality_core/square_q/A[29:0] is not pipelined. Pipelining DSP48 input will improve performance.
Related violations: <none>

DPIP-2#26 Warning
Input pipelining  
DSP cfo/estimator/backend/quality_core/square_q input cfo/estimator/backend/quality_core/square_q/B[17:0] is not pipelined. Pipelining DSP48 input will improve performance.
Related violations: <none>

DPIP-2#27 Warning
Input pipelining  
DSP cfo/final_rotation/ic2_reg[0] input cfo/final_rotation/ic2_reg[0]/B[17:0] is not pipelined. Pipelining DSP48 input will improve performance.
Related violations: <none>

DPIP-2#28 Warning
Input pipelining  
DSP cfo/final_rotation/ic2_reg[1] input cfo/final_rotation/ic2_reg[1]/B[17:0] is not pipelined. Pipelining DSP48 input will improve performance.
Related violations: <none>

DPIP-2#29 Warning
Input pipelining  
DSP cfo/final_rotation/ic2_reg[2] input cfo/final_rotation/ic2_reg[2]/B[17:0] is not pipelined. Pipelining DSP48 input will improve performance.
Related violations: <none>

DPIP-2#30 Warning
Input pipelining  
DSP cfo/final_rotation/ic2_reg[3] input cfo/final_rotation/ic2_reg[3]/B[17:0] is not pipelined. Pipelining DSP48 input will improve performance.
Related violations: <none>

DPIP-2#31 Warning
Input pipelining  
DSP cfo/final_rotation/is2_reg[0] input cfo/final_rotation/is2_reg[0]/B[17:0] is not pipelined. Pipelining DSP48 input will improve performance.
Related violations: <none>

DPIP-2#32 Warning
Input pipelining  
DSP cfo/final_rotation/is2_reg[1] input cfo/final_rotation/is2_reg[1]/B[17:0] is not pipelined. Pipelining DSP48 input will improve performance.
Related violations: <none>

DPIP-2#33 Warning
Input pipelining  
DSP cfo/final_rotation/is2_reg[2] input cfo/final_rotation/is2_reg[2]/B[17:0] is not pipelined. Pipelining DSP48 input will improve performance.
Related violations: <none>

DPIP-2#34 Warning
Input pipelining  
DSP cfo/final_rotation/is2_reg[3] input cfo/final_rotation/is2_reg[3]/B[17:0] is not pipelined. Pipelining DSP48 input will improve performance.
Related violations: <none>

DPIP-2#35 Warning
Input pipelining  
DSP cfo/final_rotation/sum_i3_reg[0] input cfo/final_rotation/sum_i3_reg[0]/B[17:0] is not pipelined. Pipelining DSP48 input will improve performance.
Related violations: <none>

DPIP-2#36 Warning
Input pipelining  
DSP cfo/final_rotation/sum_i3_reg[1] input cfo/final_rotation/sum_i3_reg[1]/B[17:0] is not pipelined. Pipelining DSP48 input will improve performance.
Related violations: <none>

DPIP-2#37 Warning
Input pipelining  
DSP cfo/final_rotation/sum_i3_reg[2] input cfo/final_rotation/sum_i3_reg[2]/B[17:0] is not pipelined. Pipelining DSP48 input will improve performance.
Related violations: <none>

DPIP-2#38 Warning
Input pipelining  
DSP cfo/final_rotation/sum_i3_reg[3] input cfo/final_rotation/sum_i3_reg[3]/B[17:0] is not pipelined. Pipelining DSP48 input will improve performance.
Related violations: <none>

DPIP-2#39 Warning
Input pipelining  
DSP cfo/final_rotation/sum_q3_reg[0] input cfo/final_rotation/sum_q3_reg[0]/B[17:0] is not pipelined. Pipelining DSP48 input will improve performance.
Related violations: <none>

DPIP-2#40 Warning
Input pipelining  
DSP cfo/final_rotation/sum_q3_reg[1] input cfo/final_rotation/sum_q3_reg[1]/B[17:0] is not pipelined. Pipelining DSP48 input will improve performance.
Related violations: <none>

DPIP-2#41 Warning
Input pipelining  
DSP cfo/final_rotation/sum_q3_reg[2] input cfo/final_rotation/sum_q3_reg[2]/B[17:0] is not pipelined. Pipelining DSP48 input will improve performance.
Related violations: <none>

DPIP-2#42 Warning
Input pipelining  
DSP cfo/final_rotation/sum_q3_reg[3] input cfo/final_rotation/sum_q3_reg[3]/B[17:0] is not pipelined. Pipelining DSP48 input will improve performance.
Related violations: <none>

DPIP-2#43 Warning
Input pipelining  
DSP cfo/observation_front/index_base_reg input cfo/observation_front/index_base_reg/A[29:0] is not pipelined. Pipelining DSP48 input will improve performance.
Related violations: <none>

DPIP-2#44 Warning
Input pipelining  
DSP sfo/residual_estimator/backend/peak/power_unit/m_power0 input sfo/residual_estimator/backend/peak/power_unit/m_power0/A[29:0] is not pipelined. Pipelining DSP48 input will improve performance.
Related violations: <none>

DPIP-2#45 Warning
Input pipelining  
DSP sfo/residual_estimator/backend/peak/power_unit/m_power0 input sfo/residual_estimator/backend/peak/power_unit/m_power0/B[17:0] is not pipelined. Pipelining DSP48 input will improve performance.
Related violations: <none>

DPIP-2#46 Warning
Input pipelining  
DSP sfo/residual_estimator/backend/peak/power_unit/m_power0__0 input sfo/residual_estimator/backend/peak/power_unit/m_power0__0/A[29:0] is not pipelined. Pipelining DSP48 input will improve performance.
Related violations: <none>

DPIP-2#47 Warning
Input pipelining  
DSP sfo/residual_estimator/backend/peak/power_unit/m_power0__0 input sfo/residual_estimator/backend/peak/power_unit/m_power0__0/B[17:0] is not pipelined. Pipelining DSP48 input will improve performance.
Related violations: <none>

DPIP-2#48 Warning
Input pipelining  
DSP sfo/residual_estimator/backend/peak/power_unit/m_power0__1 input sfo/residual_estimator/backend/peak/power_unit/m_power0__1/A[29:0] is not pipelined. Pipelining DSP48 input will improve performance.
Related violations: <none>

DPIP-2#49 Warning
Input pipelining  
DSP sfo/residual_estimator/backend/peak/power_unit/m_power0__1 input sfo/residual_estimator/backend/peak/power_unit/m_power0__1/B[17:0] is not pipelined. Pipelining DSP48 input will improve performance.
Related violations: <none>

DPIP-2#50 Warning
Input pipelining  
DSP sfo/residual_estimator/backend/peak/power_unit/m_power0__2 input sfo/residual_estimator/backend/peak/power_unit/m_power0__2/A[29:0] is not pipelined. Pipelining DSP48 input will improve performance.
Related violations: <none>

DPIP-2#51 Warning
Input pipelining  
DSP sfo/residual_estimator/backend/peak/power_unit/m_power0__2 input sfo/residual_estimator/backend/peak/power_unit/m_power0__2/B[17:0] is not pipelined. Pipelining DSP48 input will improve performance.
Related violations: <none>

DPIP-2#52 Warning
Input pipelining  
DSP sfo/residual_estimator/backend/peak/power_unit/sq_i_reg[0] input sfo/residual_estimator/backend/peak/power_unit/sq_i_reg[0]/A[29:0] is not pipelined. Pipelining DSP48 input will improve performance.
Related violations: <none>

DPIP-2#53 Warning
Input pipelining  
DSP sfo/residual_estimator/backend/peak/power_unit/sq_i_reg[0] input sfo/residual_estimator/backend/peak/power_unit/sq_i_reg[0]/B[17:0] is not pipelined. Pipelining DSP48 input will improve performance.
Related violations: <none>

DPIP-2#54 Warning
Input pipelining  
DSP sfo/residual_estimator/backend/peak/power_unit/sq_i_reg[1] input sfo/residual_estimator/backend/peak/power_unit/sq_i_reg[1]/A[29:0] is not pipelined. Pipelining DSP48 input will improve performance.
Related violations: <none>

DPIP-2#55 Warning
Input pipelining  
DSP sfo/residual_estimator/backend/peak/power_unit/sq_i_reg[1] input sfo/residual_estimator/backend/peak/power_unit/sq_i_reg[1]/B[17:0] is not pipelined. Pipelining DSP48 input will improve performance.
Related violations: <none>

DPIP-2#56 Warning
Input pipelining  
DSP sfo/residual_estimator/backend/peak/power_unit/sq_i_reg[2] input sfo/residual_estimator/backend/peak/power_unit/sq_i_reg[2]/A[29:0] is not pipelined. Pipelining DSP48 input will improve performance.
Related violations: <none>

DPIP-2#57 Warning
Input pipelining  
DSP sfo/residual_estimator/backend/peak/power_unit/sq_i_reg[2] input sfo/residual_estimator/backend/peak/power_unit/sq_i_reg[2]/B[17:0] is not pipelined. Pipelining DSP48 input will improve performance.
Related violations: <none>

DPIP-2#58 Warning
Input pipelining  
DSP sfo/residual_estimator/backend/peak/power_unit/sq_i_reg[3] input sfo/residual_estimator/backend/peak/power_unit/sq_i_reg[3]/A[29:0] is not pipelined. Pipelining DSP48 input will improve performance.
Related violations: <none>

DPIP-2#59 Warning
Input pipelining  
DSP sfo/residual_estimator/backend/peak/power_unit/sq_i_reg[3] input sfo/residual_estimator/backend/peak/power_unit/sq_i_reg[3]/B[17:0] is not pipelined. Pipelining DSP48 input will improve performance.
Related violations: <none>

DPIP-2#60 Warning
Input pipelining  
DSP sfo/residual_estimator/backend/regression/next_sum_weighted input sfo/residual_estimator/backend/regression/next_sum_weighted/A[29:0] is not pipelined. Pipelining DSP48 input will improve performance.
Related violations: <none>

DPIP-2#61 Warning
Input pipelining  
DSP sfo/residual_estimator/backend/regression/next_sum_weighted input sfo/residual_estimator/backend/regression/next_sum_weighted/B[17:0] is not pipelined. Pipelining DSP48 input will improve performance.
Related violations: <none>

DPIP-2#62 Warning
Input pipelining  
DSP sfo/residual_estimator/backend/regression/point_square0 input sfo/residual_estimator/backend/regression/point_square0/A[29:0] is not pipelined. Pipelining DSP48 input will improve performance.
Related violations: <none>

DPIP-2#63 Warning
Input pipelining  
DSP sfo/residual_estimator/backend/regression/point_square0 input sfo/residual_estimator/backend/regression/point_square0/B[17:0] is not pipelined. Pipelining DSP48 input will improve performance.
Related violations: <none>

DPIP-2#64 Warning
Input pipelining  
DSP sfo/residual_estimator/backend/regression/point_square_reg input sfo/residual_estimator/backend/regression/point_square_reg/A[29:0] is not pipelined. Pipelining DSP48 input will improve performance.
Related violations: <none>

DPIP-2#65 Warning
Input pipelining  
DSP sfo/residual_estimator/backend/regression/point_square_reg input sfo/residual_estimator/backend/regression/point_square_reg/B[17:0] is not pipelined. Pipelining DSP48 input will improve performance.
Related violations: <none>

DPIP-2#66 Warning
Input pipelining  
DSP sfo/residual_estimator/front_stage/main/reader/start_calc input sfo/residual_estimator/front_stage/main/reader/start_calc/A[29:0] is not pipelined. Pipelining DSP48 input will improve performance.
Related violations: <none>

DPIP-2#67 Warning
Input pipelining  
DSP sfo/two_pass_transport/requested_window_start input sfo/two_pass_transport/requested_window_start/A[29:0] is not pipelined. Pipelining DSP48 input will improve performance.
Related violations: <none>

DPOP-3#1 Warning
PREG Output pipelining  
DSP cfo/estimator/backend/phase_core/dot_term output cfo/estimator/backend/phase_core/dot_term/P[47:0] is not pipelined (PREG=0). Pipelining the DSP48 output will improve performance and often saves power so it is suggested whenever possible to fully pipeline this function.  If this DSP48 function was inferred, it is suggested to describe an additional register stage after this function.  If the DSP48 was instantiated in the design, it is suggested to set the PREG attribute to 1.
Related violations: <none>

DPOP-3#2 Warning
PREG Output pipelining  
DSP cfo/estimator/backend/phase_core/pred_product0 output cfo/estimator/backend/phase_core/pred_product0/P[47:0] is not pipelined (PREG=0). Pipelining the DSP48 output will improve performance and often saves power so it is suggested whenever possible to fully pipeline this function.  If this DSP48 function was inferred, it is suggested to describe an additional register stage after this function.  If the DSP48 was instantiated in the design, it is suggested to set the PREG attribute to 1.
Related violations: <none>

DPOP-3#3 Warning
PREG Output pipelining  
DSP cfo/estimator/backend/quality_core/square_i output cfo/estimator/backend/quality_core/square_i/P[47:0] is not pipelined (PREG=0). Pipelining the DSP48 output will improve performance and often saves power so it is suggested whenever possible to fully pipeline this function.  If this DSP48 function was inferred, it is suggested to describe an additional register stage after this function.  If the DSP48 was instantiated in the design, it is suggested to set the PREG attribute to 1.
Related violations: <none>

DPOP-3#4 Warning
PREG Output pipelining  
DSP cfo/estimator/backend/quality_core/square_q output cfo/estimator/backend/quality_core/square_q/P[47:0] is not pipelined (PREG=0). Pipelining the DSP48 output will improve performance and often saves power so it is suggested whenever possible to fully pipeline this function.  If this DSP48 function was inferred, it is suggested to describe an additional register stage after this function.  If the DSP48 was instantiated in the design, it is suggested to set the PREG attribute to 1.
Related violations: <none>

DPOP-3#5 Warning
PREG Output pipelining  
DSP cfo/observation_front/index_base_reg output cfo/observation_front/index_base_reg/P[47:0] is not pipelined (PREG=0). Pipelining the DSP48 output will improve performance and often saves power so it is suggested whenever possible to fully pipeline this function.  If this DSP48 function was inferred, it is suggested to describe an additional register stage after this function.  If the DSP48 was instantiated in the design, it is suggested to set the PREG attribute to 1.
Related violations: <none>

DPOP-3#6 Warning
PREG Output pipelining  
DSP frontend/acquisition/threshold/u_square_energy/U0/i_mult/gDSP.gDSP_only.iDSP/use_prim.appDSP48[1].bppDSP48[1].use_dsp.use_dsp48e2.iDSP48E2 output frontend/acquisition/threshold/u_square_energy/U0/i_mult/gDSP.gDSP_only.iDSP/use_prim.appDSP48[1].bppDSP48[1].use_dsp.use_dsp48e2.iDSP48E2/P[47:0] is not pipelined (PREG=0). Pipelining the DSP48 output will improve performance and often saves power so it is suggested whenever possible to fully pipeline this function.  If this DSP48 function was inferred, it is suggested to describe an additional register stage after this function.  If the DSP48 was instantiated in the design, it is suggested to set the PREG attribute to 1.
Related violations: <none>

DPOP-3#7 Warning
PREG Output pipelining  
DSP frontend/acquisition/threshold/u_square_p_im/U0/i_mult/gDSP.gDSP_only.iDSP/use_prim.appDSP48[1].bppDSP48[1].use_dsp.use_dsp48e2.iDSP48E2 output frontend/acquisition/threshold/u_square_p_im/U0/i_mult/gDSP.gDSP_only.iDSP/use_prim.appDSP48[1].bppDSP48[1].use_dsp.use_dsp48e2.iDSP48E2/P[47:0] is not pipelined (PREG=0). Pipelining the DSP48 output will improve performance and often saves power so it is suggested whenever possible to fully pipeline this function.  If this DSP48 function was inferred, it is suggested to describe an additional register stage after this function.  If the DSP48 was instantiated in the design, it is suggested to set the PREG attribute to 1.
Related violations: <none>

DPOP-3#8 Warning
PREG Output pipelining  
DSP frontend/acquisition/threshold/u_square_p_re/U0/i_mult/gDSP.gDSP_only.iDSP/use_prim.appDSP48[1].bppDSP48[1].use_dsp.use_dsp48e2.iDSP48E2 output frontend/acquisition/threshold/u_square_p_re/U0/i_mult/gDSP.gDSP_only.iDSP/use_prim.appDSP48[1].bppDSP48[1].use_dsp.use_dsp48e2.iDSP48E2/P[47:0] is not pipelined (PREG=0). Pipelining the DSP48 output will improve performance and often saves power so it is suggested whenever possible to fully pipeline this function.  If this DSP48 function was inferred, it is suggested to describe an additional register stage after this function.  If the DSP48 was instantiated in the design, it is suggested to set the PREG attribute to 1.
Related violations: <none>

DPOP-3#9 Warning
PREG Output pipelining  
DSP frontend/coarse_confirmation/u_metric_threshold/u_square_energy/U0/i_mult/gDSP.gDSP_only.iDSP/use_prim.appDSP48[1].bppDSP48[1].use_dsp.use_dsp48e2.iDSP48E2 output frontend/coarse_confirmation/u_metric_threshold/u_square_energy/U0/i_mult/gDSP.gDSP_only.iDSP/use_prim.appDSP48[1].bppDSP48[1].use_dsp.use_dsp48e2.iDSP48E2/P[47:0] is not pipelined (PREG=0). Pipelining the DSP48 output will improve performance and often saves power so it is suggested whenever possible to fully pipeline this function.  If this DSP48 function was inferred, it is suggested to describe an additional register stage after this function.  If the DSP48 was instantiated in the design, it is suggested to set the PREG attribute to 1.
Related violations: <none>

DPOP-3#10 Warning
PREG Output pipelining  
DSP frontend/coarse_confirmation/u_metric_threshold/u_square_p_im/U0/i_mult/gDSP.gDSP_only.iDSP/use_prim.appDSP48[1].bppDSP48[1].use_dsp.use_dsp48e2.iDSP48E2 output frontend/coarse_confirmation/u_metric_threshold/u_square_p_im/U0/i_mult/gDSP.gDSP_only.iDSP/use_prim.appDSP48[1].bppDSP48[1].use_dsp.use_dsp48e2.iDSP48E2/P[47:0] is not pipelined (PREG=0). Pipelining the DSP48 output will improve performance and often saves power so it is suggested whenever possible to fully pipeline this function.  If this DSP48 function was inferred, it is suggested to describe an additional register stage after this function.  If the DSP48 was instantiated in the design, it is suggested to set the PREG attribute to 1.
Related violations: <none>

DPOP-3#11 Warning
PREG Output pipelining  
DSP frontend/coarse_confirmation/u_metric_threshold/u_square_p_re/U0/i_mult/gDSP.gDSP_only.iDSP/use_prim.appDSP48[1].bppDSP48[1].use_dsp.use_dsp48e2.iDSP48E2 output frontend/coarse_confirmation/u_metric_threshold/u_square_p_re/U0/i_mult/gDSP.gDSP_only.iDSP/use_prim.appDSP48[1].bppDSP48[1].use_dsp.use_dsp48e2.iDSP48E2/P[47:0] is not pipelined (PREG=0). Pipelining the DSP48 output will improve performance and often saves power so it is suggested whenever possible to fully pipeline this function.  If this DSP48 function was inferred, it is suggested to describe an additional register stage after this function.  If the DSP48 was instantiated in the design, it is suggested to set the PREG attribute to 1.
Related violations: <none>

DPOP-3#12 Warning
PREG Output pipelining  
DSP frontend/fine_confirmation/u_core/u_partitioned_correlation/u_square_adapter/u_mult/U0/i_mult/gDSP.gDSP_only.iDSP/use_prim.appDSP48[0].bppDSP48[2].use_dsp.use_dsp48e2.iDSP48E2 output frontend/fine_confirmation/u_core/u_partitioned_correlation/u_square_adapter/u_mult/U0/i_mult/gDSP.gDSP_only.iDSP/use_prim.appDSP48[0].bppDSP48[2].use_dsp.use_dsp48e2.iDSP48E2/P[47:0] is not pipelined (PREG=0). Pipelining the DSP48 output will improve performance and often saves power so it is suggested whenever possible to fully pipeline this function.  If this DSP48 function was inferred, it is suggested to describe an additional register stage after this function.  If the DSP48 was instantiated in the design, it is suggested to set the PREG attribute to 1.
Related violations: <none>

DPOP-3#13 Warning
PREG Output pipelining  
DSP frontend/fine_confirmation/u_core/u_partitioned_correlation/u_square_adapter/u_mult/U0/i_mult/gDSP.gDSP_only.iDSP/use_prim.appDSP48[2].bppDSP48[1].use_dsp.use_dsp48e2.iDSP48E2 output frontend/fine_confirmation/u_core/u_partitioned_correlation/u_square_adapter/u_mult/U0/i_mult/gDSP.gDSP_only.iDSP/use_prim.appDSP48[2].bppDSP48[1].use_dsp.use_dsp48e2.iDSP48E2/P[47:0] is not pipelined (PREG=0). Pipelining the DSP48 output will improve performance and often saves power so it is suggested whenever possible to fully pipeline this function.  If this DSP48 function was inferred, it is suggested to describe an additional register stage after this function.  If the DSP48 was instantiated in the design, it is suggested to set the PREG attribute to 1.
Related violations: <none>

DPOP-3#14 Warning
PREG Output pipelining  
DSP sfo/initial_estimator/service/backend/backend/maximum/cross_lane[0].left_product/U0/i_mult/gDSP.gDSP_only.iDSP/use_prim.appDSP48[1].bppDSP48[0].use_dsp.use_dsp48e2.iDSP48E2 output sfo/initial_estimator/service/backend/backend/maximum/cross_lane[0].left_product/U0/i_mult/gDSP.gDSP_only.iDSP/use_prim.appDSP48[1].bppDSP48[0].use_dsp.use_dsp48e2.iDSP48E2/P[47:0] is not pipelined (PREG=0). Pipelining the DSP48 output will improve performance and often saves power so it is suggested whenever possible to fully pipeline this function.  If this DSP48 function was inferred, it is suggested to describe an additional register stage after this function.  If the DSP48 was instantiated in the design, it is suggested to set the PREG attribute to 1.
Related violations: <none>

DPOP-3#15 Warning
PREG Output pipelining  
DSP sfo/initial_estimator/service/backend/backend/maximum/cross_lane[0].left_product/U0/i_mult/gDSP.gDSP_only.iDSP/use_prim.appDSP48[3].bppDSP48[0].use_dsp.use_dsp48e2.iDSP48E2 output sfo/initial_estimator/service/backend/backend/maximum/cross_lane[0].left_product/U0/i_mult/gDSP.gDSP_only.iDSP/use_prim.appDSP48[3].bppDSP48[0].use_dsp.use_dsp48e2.iDSP48E2/P[47:0] is not pipelined (PREG=0). Pipelining the DSP48 output will improve performance and often saves power so it is suggested whenever possible to fully pipeline this function.  If this DSP48 function was inferred, it is suggested to describe an additional register stage after this function.  If the DSP48 was instantiated in the design, it is suggested to set the PREG attribute to 1.
Related violations: <none>

DPOP-3#16 Warning
PREG Output pipelining  
DSP sfo/initial_estimator/service/backend/backend/maximum/cross_lane[0].right_product/U0/i_mult/gDSP.gDSP_only.iDSP/use_prim.appDSP48[1].bppDSP48[0].use_dsp.use_dsp48e2.iDSP48E2 output sfo/initial_estimator/service/backend/backend/maximum/cross_lane[0].right_product/U0/i_mult/gDSP.gDSP_only.iDSP/use_prim.appDSP48[1].bppDSP48[0].use_dsp.use_dsp48e2.iDSP48E2/P[47:0] is not pipelined (PREG=0). Pipelining the DSP48 output will improve performance and often saves power so it is suggested whenever possible to fully pipeline this function.  If this DSP48 function was inferred, it is suggested to describe an additional register stage after this function.  If the DSP48 was instantiated in the design, it is suggested to set the PREG attribute to 1.
Related violations: <none>

DPOP-3#17 Warning
PREG Output pipelining  
DSP sfo/initial_estimator/service/backend/backend/maximum/cross_lane[0].right_product/U0/i_mult/gDSP.gDSP_only.iDSP/use_prim.appDSP48[3].bppDSP48[0].use_dsp.use_dsp48e2.iDSP48E2 output sfo/initial_estimator/service/backend/backend/maximum/cross_lane[0].right_product/U0/i_mult/gDSP.gDSP_only.iDSP/use_prim.appDSP48[3].bppDSP48[0].use_dsp.use_dsp48e2.iDSP48E2/P[47:0] is not pipelined (PREG=0). Pipelining the DSP48 output will improve performance and often saves power so it is suggested whenever possible to fully pipeline this function.  If this DSP48 function was inferred, it is suggested to describe an additional register stage after this function.  If the DSP48 was instantiated in the design, it is suggested to set the PREG attribute to 1.
Related violations: <none>

DPOP-3#18 Warning
PREG Output pipelining  
DSP sfo/initial_estimator/service/backend/backend/maximum/cross_lane[1].left_product/U0/i_mult/gDSP.gDSP_only.iDSP/use_prim.appDSP48[1].bppDSP48[0].use_dsp.use_dsp48e2.iDSP48E2 output sfo/initial_estimator/service/backend/backend/maximum/cross_lane[1].left_product/U0/i_mult/gDSP.gDSP_only.iDSP/use_prim.appDSP48[1].bppDSP48[0].use_dsp.use_dsp48e2.iDSP48E2/P[47:0] is not pipelined (PREG=0). Pipelining the DSP48 output will improve performance and often saves power so it is suggested whenever possible to fully pipeline this function.  If this DSP48 function was inferred, it is suggested to describe an additional register stage after this function.  If the DSP48 was instantiated in the design, it is suggested to set the PREG attribute to 1.
Related violations: <none>

DPOP-3#19 Warning
PREG Output pipelining  
DSP sfo/initial_estimator/service/backend/backend/maximum/cross_lane[1].left_product/U0/i_mult/gDSP.gDSP_only.iDSP/use_prim.appDSP48[3].bppDSP48[0].use_dsp.use_dsp48e2.iDSP48E2 output sfo/initial_estimator/service/backend/backend/maximum/cross_lane[1].left_product/U0/i_mult/gDSP.gDSP_only.iDSP/use_prim.appDSP48[3].bppDSP48[0].use_dsp.use_dsp48e2.iDSP48E2/P[47:0] is not pipelined (PREG=0). Pipelining the DSP48 output will improve performance and often saves power so it is suggested whenever possible to fully pipeline this function.  If this DSP48 function was inferred, it is suggested to describe an additional register stage after this function.  If the DSP48 was instantiated in the design, it is suggested to set the PREG attribute to 1.
Related violations: <none>

DPOP-3#20 Warning
PREG Output pipelining  
DSP sfo/initial_estimator/service/backend/backend/maximum/cross_lane[1].right_product/U0/i_mult/gDSP.gDSP_only.iDSP/use_prim.appDSP48[1].bppDSP48[0].use_dsp.use_dsp48e2.iDSP48E2 output sfo/initial_estimator/service/backend/backend/maximum/cross_lane[1].right_product/U0/i_mult/gDSP.gDSP_only.iDSP/use_prim.appDSP48[1].bppDSP48[0].use_dsp.use_dsp48e2.iDSP48E2/P[47:0] is not pipelined (PREG=0). Pipelining the DSP48 output will improve performance and often saves power so it is suggested whenever possible to fully pipeline this function.  If this DSP48 function was inferred, it is suggested to describe an additional register stage after this function.  If the DSP48 was instantiated in the design, it is suggested to set the PREG attribute to 1.
Related violations: <none>

DPOP-3#21 Warning
PREG Output pipelining  
DSP sfo/initial_estimator/service/backend/backend/maximum/cross_lane[1].right_product/U0/i_mult/gDSP.gDSP_only.iDSP/use_prim.appDSP48[3].bppDSP48[0].use_dsp.use_dsp48e2.iDSP48E2 output sfo/initial_estimator/service/backend/backend/maximum/cross_lane[1].right_product/U0/i_mult/gDSP.gDSP_only.iDSP/use_prim.appDSP48[3].bppDSP48[0].use_dsp.use_dsp48e2.iDSP48E2/P[47:0] is not pipelined (PREG=0). Pipelining the DSP48 output will improve performance and often saves power so it is suggested whenever possible to fully pipeline this function.  If this DSP48 function was inferred, it is suggested to describe an additional register stage after this function.  If the DSP48 was instantiated in the design, it is suggested to set the PREG attribute to 1.
Related violations: <none>

DPOP-3#22 Warning
PREG Output pipelining  
DSP sfo/initial_estimator/service/backend/backend/packer/u_aw/U0/i_mult/gDSP.gDSP_only.iDSP/use_prim.appDSP48[1].bppDSP48[0].use_dsp.use_dsp48e2.iDSP48E2 output sfo/initial_estimator/service/backend/backend/packer/u_aw/U0/i_mult/gDSP.gDSP_only.iDSP/use_prim.appDSP48[1].bppDSP48[0].use_dsp.use_dsp48e2.iDSP48E2/P[47:0] is not pipelined (PREG=0). Pipelining the DSP48 output will improve performance and often saves power so it is suggested whenever possible to fully pipeline this function.  If this DSP48 function was inferred, it is suggested to describe an additional register stage after this function.  If the DSP48 was instantiated in the design, it is suggested to set the PREG attribute to 1.
Related violations: <none>

DPOP-3#23 Warning
PREG Output pipelining  
DSP sfo/initial_estimator/service/backend/backend/packer/u_aw/U0/i_mult/gDSP.gDSP_only.iDSP/use_prim.appDSP48[3].bppDSP48[0].use_dsp.use_dsp48e2.iDSP48E2 output sfo/initial_estimator/service/backend/backend/packer/u_aw/U0/i_mult/gDSP.gDSP_only.iDSP/use_prim.appDSP48[3].bppDSP48[0].use_dsp.use_dsp48e2.iDSP48E2/P[47:0] is not pipelined (PREG=0). Pipelining the DSP48 output will improve performance and often saves power so it is suggested whenever possible to fully pipeline this function.  If this DSP48 function was inferred, it is suggested to describe an additional register stage after this function.  If the DSP48 was instantiated in the design, it is suggested to set the PREG attribute to 1.
Related violations: <none>

DPOP-3#24 Warning
PREG Output pipelining  
DSP sfo/initial_estimator/service/backend/backend/packer/u_bw/U0/i_mult/gDSP.gDSP_only.iDSP/use_prim.appDSP48[1].bppDSP48[0].use_dsp.use_dsp48e2.iDSP48E2 output sfo/initial_estimator/service/backend/backend/packer/u_bw/U0/i_mult/gDSP.gDSP_only.iDSP/use_prim.appDSP48[1].bppDSP48[0].use_dsp.use_dsp48e2.iDSP48E2/P[47:0] is not pipelined (PREG=0). Pipelining the DSP48 output will improve performance and often saves power so it is suggested whenever possible to fully pipeline this function.  If this DSP48 function was inferred, it is suggested to describe an additional register stage after this function.  If the DSP48 was instantiated in the design, it is suggested to set the PREG attribute to 1.
Related violations: <none>

DPOP-3#25 Warning
PREG Output pipelining  
DSP sfo/initial_estimator/service/backend/backend/packer/u_bw/U0/i_mult/gDSP.gDSP_only.iDSP/use_prim.appDSP48[3].bppDSP48[0].use_dsp.use_dsp48e2.iDSP48E2 output sfo/initial_estimator/service/backend/backend/packer/u_bw/U0/i_mult/gDSP.gDSP_only.iDSP/use_prim.appDSP48[3].bppDSP48[0].use_dsp.use_dsp48e2.iDSP48E2/P[47:0] is not pipelined (PREG=0). Pipelining the DSP48 output will improve performance and often saves power so it is suggested whenever possible to fully pipeline this function.  If this DSP48 function was inferred, it is suggested to describe an additional register stage after this function.  If the DSP48 was instantiated in the design, it is suggested to set the PREG attribute to 1.
Related violations: <none>

DPOP-3#26 Warning
PREG Output pipelining  
DSP sfo/initial_estimator/service/backend/backend/regression/u_p11/U0/i_mult/gDSP.gDSP_only.iDSP/use_prim.appDSP48[1].bppDSP48[1].use_dsp.use_dsp48e2.iDSP48E2 output sfo/initial_estimator/service/backend/backend/regression/u_p11/U0/i_mult/gDSP.gDSP_only.iDSP/use_prim.appDSP48[1].bppDSP48[1].use_dsp.use_dsp48e2.iDSP48E2/P[47:0] is not pipelined (PREG=0). Pipelining the DSP48 output will improve performance and often saves power so it is suggested whenever possible to fully pipeline this function.  If this DSP48 function was inferred, it is suggested to describe an additional register stage after this function.  If the DSP48 was instantiated in the design, it is suggested to set the PREG attribute to 1.
Related violations: <none>

DPOP-3#27 Warning
PREG Output pipelining  
DSP sfo/initial_estimator/service/backend/backend/regression/u_p1t0_hi/U0/i_mult/gDSP.gDSP_only.iDSP/use_prim.appDSP48[1].bppDSP48[1].use_dsp.use_dsp48e2.iDSP48E2 output sfo/initial_estimator/service/backend/backend/regression/u_p1t0_hi/U0/i_mult/gDSP.gDSP_only.iDSP/use_prim.appDSP48[1].bppDSP48[1].use_dsp.use_dsp48e2.iDSP48E2/P[47:0] is not pipelined (PREG=0). Pipelining the DSP48 output will improve performance and often saves power so it is suggested whenever possible to fully pipeline this function.  If this DSP48 function was inferred, it is suggested to describe an additional register stage after this function.  If the DSP48 was instantiated in the design, it is suggested to set the PREG attribute to 1.
Related violations: <none>

DPOP-3#28 Warning
PREG Output pipelining  
DSP sfo/initial_estimator/service/backend/backend/regression/u_p1t0_lo/U0/i_mult/gDSP.gDSP_only.iDSP/use_prim.appDSP48[1].bppDSP48[1].use_dsp.use_dsp48e2.iDSP48E2 output sfo/initial_estimator/service/backend/backend/regression/u_p1t0_lo/U0/i_mult/gDSP.gDSP_only.iDSP/use_prim.appDSP48[1].bppDSP48[1].use_dsp.use_dsp48e2.iDSP48E2/P[47:0] is not pipelined (PREG=0). Pipelining the DSP48 output will improve performance and often saves power so it is suggested whenever possible to fully pipeline this function.  If this DSP48 function was inferred, it is suggested to describe an additional register stage after this function.  If the DSP48 was instantiated in the design, it is suggested to set the PREG attribute to 1.
Related violations: <none>

DPOP-3#29 Warning
PREG Output pipelining  
DSP sfo/initial_estimator/service/backend/backend/sums/u_wkk/U0/i_mult/gDSP.gDSP_only.iDSP/use_prim.appDSP48[0].bppDSP48[0].use_dsp.use_dsp48e2.iDSP48E2 output sfo/initial_estimator/service/backend/backend/sums/u_wkk/U0/i_mult/gDSP.gDSP_only.iDSP/use_prim.appDSP48[0].bppDSP48[0].use_dsp.use_dsp48e2.iDSP48E2/P[47:0] is not pipelined (PREG=0). Pipelining the DSP48 output will improve performance and often saves power so it is suggested whenever possible to fully pipeline this function.  If this DSP48 function was inferred, it is suggested to describe an additional register stage after this function.  If the DSP48 was instantiated in the design, it is suggested to set the PREG attribute to 1.
Related violations: <none>

DPOP-3#30 Warning
PREG Output pipelining  
DSP sfo/initial_estimator/service/backend/backend/sums/u_wky/U0/i_mult/gDSP.gDSP_only.iDSP/use_prim.appDSP48[0].bppDSP48[2].use_dsp.use_dsp48e2.iDSP48E2 output sfo/initial_estimator/service/backend/backend/sums/u_wky/U0/i_mult/gDSP.gDSP_only.iDSP/use_prim.appDSP48[0].bppDSP48[2].use_dsp.use_dsp48e2.iDSP48E2/P[47:0] is not pipelined (PREG=0). Pipelining the DSP48 output will improve performance and often saves power so it is suggested whenever possible to fully pipeline this function.  If this DSP48 function was inferred, it is suggested to describe an additional register stage after this function.  If the DSP48 was instantiated in the design, it is suggested to set the PREG attribute to 1.
Related violations: <none>

DPOP-3#31 Warning
PREG Output pipelining  
DSP sfo/initial_estimator/service/backend/backend/sums/u_wky/U0/i_mult/gDSP.gDSP_only.iDSP/use_prim.appDSP48[1].bppDSP48[0].use_dsp.use_dsp48e2.iDSP48E2 output sfo/initial_estimator/service/backend/backend/sums/u_wky/U0/i_mult/gDSP.gDSP_only.iDSP/use_prim.appDSP48[1].bppDSP48[0].use_dsp.use_dsp48e2.iDSP48E2/P[47:0] is not pipelined (PREG=0). Pipelining the DSP48 output will improve performance and often saves power so it is suggested whenever possible to fully pipeline this function.  If this DSP48 function was inferred, it is suggested to describe an additional register stage after this function.  If the DSP48 was instantiated in the design, it is suggested to set the PREG attribute to 1.
Related violations: <none>

DPOP-3#32 Warning
PREG Output pipelining  
DSP sfo/initial_estimator/service/backend/backend/sums/u_wy/U0/i_mult/gDSP.gDSP_only.iDSP/use_prim.appDSP48[0].bppDSP48[1].use_dsp.use_dsp48e2.iDSP48E2 output sfo/initial_estimator/service/backend/backend/sums/u_wy/U0/i_mult/gDSP.gDSP_only.iDSP/use_prim.appDSP48[0].bppDSP48[1].use_dsp.use_dsp48e2.iDSP48E2/P[47:0] is not pipelined (PREG=0). Pipelining the DSP48 output will improve performance and often saves power so it is suggested whenever possible to fully pipeline this function.  If this DSP48 function was inferred, it is suggested to describe an additional register stage after this function.  If the DSP48 was instantiated in the design, it is suggested to set the PREG attribute to 1.
Related violations: <none>

DPOP-3#33 Warning
PREG Output pipelining  
DSP sfo/initial_estimator/service/backend/observations/engines[0].engine/product/U0/i_mult/gDSP.gDSP_only.iDSP/use_prim.appDSP48[0].bppDSP48[0].use_dsp.use_dsp48e2.iDSP48E2 output sfo/initial_estimator/service/backend/observations/engines[0].engine/product/U0/i_mult/gDSP.gDSP_only.iDSP/use_prim.appDSP48[0].bppDSP48[0].use_dsp.use_dsp48e2.iDSP48E2/P[47:0] is not pipelined (PREG=0). Pipelining the DSP48 output will improve performance and often saves power so it is suggested whenever possible to fully pipeline this function.  If this DSP48 function was inferred, it is suggested to describe an additional register stage after this function.  If the DSP48 was instantiated in the design, it is suggested to set the PREG attribute to 1.
Related violations: <none>

DPOP-3#34 Warning
PREG Output pipelining  
DSP sfo/initial_estimator/service/backend/observations/engines[0].engine/product/U0/i_mult/gDSP.gDSP_only.iDSP/use_prim.appDSP48[1].bppDSP48[0].use_dsp.use_dsp48e2.iDSP48E2 output sfo/initial_estimator/service/backend/observations/engines[0].engine/product/U0/i_mult/gDSP.gDSP_only.iDSP/use_prim.appDSP48[1].bppDSP48[0].use_dsp.use_dsp48e2.iDSP48E2/P[47:0] is not pipelined (PREG=0). Pipelining the DSP48 output will improve performance and often saves power so it is suggested whenever possible to fully pipeline this function.  If this DSP48 function was inferred, it is suggested to describe an additional register stage after this function.  If the DSP48 was instantiated in the design, it is suggested to set the PREG attribute to 1.
Related violations: <none>

DPOP-3#35 Warning
PREG Output pipelining  
DSP sfo/initial_estimator/service/backend/observations/engines[1].engine/product/U0/i_mult/gDSP.gDSP_only.iDSP/use_prim.appDSP48[0].bppDSP48[0].use_dsp.use_dsp48e2.iDSP48E2 output sfo/initial_estimator/service/backend/observations/engines[1].engine/product/U0/i_mult/gDSP.gDSP_only.iDSP/use_prim.appDSP48[0].bppDSP48[0].use_dsp.use_dsp48e2.iDSP48E2/P[47:0] is not pipelined (PREG=0). Pipelining the DSP48 output will improve performance and often saves power so it is suggested whenever possible to fully pipeline this function.  If this DSP48 function was inferred, it is suggested to describe an additional register stage after this function.  If the DSP48 was instantiated in the design, it is suggested to set the PREG attribute to 1.
Related violations: <none>

DPOP-3#36 Warning
PREG Output pipelining  
DSP sfo/initial_estimator/service/backend/observations/engines[1].engine/product/U0/i_mult/gDSP.gDSP_only.iDSP/use_prim.appDSP48[1].bppDSP48[0].use_dsp.use_dsp48e2.iDSP48E2 output sfo/initial_estimator/service/backend/observations/engines[1].engine/product/U0/i_mult/gDSP.gDSP_only.iDSP/use_prim.appDSP48[1].bppDSP48[0].use_dsp.use_dsp48e2.iDSP48E2/P[47:0] is not pipelined (PREG=0). Pipelining the DSP48 output will improve performance and often saves power so it is suggested whenever possible to fully pipeline this function.  If this DSP48 function was inferred, it is suggested to describe an additional register stage after this function.  If the DSP48 was instantiated in the design, it is suggested to set the PREG attribute to 1.
Related violations: <none>

DPOP-3#37 Warning
PREG Output pipelining  
DSP sfo/initial_estimator/service/frontend/correction/u_gain/g_lane[0].u_lane/u_cross_i/U0/i_mult/gDSP.gDSP_only.iDSP/use_prim.appDSP48[0].bppDSP48[0].use_dsp.use_dsp48e2.iDSP48E2 output sfo/initial_estimator/service/frontend/correction/u_gain/g_lane[0].u_lane/u_cross_i/U0/i_mult/gDSP.gDSP_only.iDSP/use_prim.appDSP48[0].bppDSP48[0].use_dsp.use_dsp48e2.iDSP48E2/P[47:0] is not pipelined (PREG=0). Pipelining the DSP48 output will improve performance and often saves power so it is suggested whenever possible to fully pipeline this function.  If this DSP48 function was inferred, it is suggested to describe an additional register stage after this function.  If the DSP48 was instantiated in the design, it is suggested to set the PREG attribute to 1.
Related violations: <none>

DPOP-3#38 Warning
PREG Output pipelining  
DSP sfo/initial_estimator/service/frontend/correction/u_gain/g_lane[0].u_lane/u_cross_q/U0/i_mult/gDSP.gDSP_only.iDSP/use_prim.appDSP48[0].bppDSP48[0].use_dsp.use_dsp48e2.iDSP48E2 output sfo/initial_estimator/service/frontend/correction/u_gain/g_lane[0].u_lane/u_cross_q/U0/i_mult/gDSP.gDSP_only.iDSP/use_prim.appDSP48[0].bppDSP48[0].use_dsp.use_dsp48e2.iDSP48E2/P[47:0] is not pipelined (PREG=0). Pipelining the DSP48 output will improve performance and often saves power so it is suggested whenever possible to fully pipeline this function.  If this DSP48 function was inferred, it is suggested to describe an additional register stage after this function.  If the DSP48 was instantiated in the design, it is suggested to set the PREG attribute to 1.
Related violations: <none>

DPOP-3#39 Warning
PREG Output pipelining  
DSP sfo/initial_estimator/service/frontend/correction/u_gain/g_lane[1].u_lane/u_cross_i/U0/i_mult/gDSP.gDSP_only.iDSP/use_prim.appDSP48[0].bppDSP48[0].use_dsp.use_dsp48e2.iDSP48E2 output sfo/initial_estimator/service/frontend/correction/u_gain/g_lane[1].u_lane/u_cross_i/U0/i_mult/gDSP.gDSP_only.iDSP/use_prim.appDSP48[0].bppDSP48[0].use_dsp.use_dsp48e2.iDSP48E2/P[47:0] is not pipelined (PREG=0). Pipelining the DSP48 output will improve performance and often saves power so it is suggested whenever possible to fully pipeline this function.  If this DSP48 function was inferred, it is suggested to describe an additional register stage after this function.  If the DSP48 was instantiated in the design, it is suggested to set the PREG attribute to 1.
Related violations: <none>

DPOP-3#40 Warning
PREG Output pipelining  
DSP sfo/initial_estimator/service/frontend/correction/u_gain/g_lane[1].u_lane/u_cross_q/U0/i_mult/gDSP.gDSP_only.iDSP/use_prim.appDSP48[0].bppDSP48[0].use_dsp.use_dsp48e2.iDSP48E2 output sfo/initial_estimator/service/frontend/correction/u_gain/g_lane[1].u_lane/u_cross_q/U0/i_mult/gDSP.gDSP_only.iDSP/use_prim.appDSP48[0].bppDSP48[0].use_dsp.use_dsp48e2.iDSP48E2/P[47:0] is not pipelined (PREG=0). Pipelining the DSP48 output will improve performance and often saves power so it is suggested whenever possible to fully pipeline this function.  If this DSP48 function was inferred, it is suggested to describe an additional register stage after this function.  If the DSP48 was instantiated in the design, it is suggested to set the PREG attribute to 1.
Related violations: <none>

DPOP-3#41 Warning
PREG Output pipelining  
DSP sfo/initial_estimator/service/frontend/correction/u_gain/g_lane[2].u_lane/u_cross_i/U0/i_mult/gDSP.gDSP_only.iDSP/use_prim.appDSP48[0].bppDSP48[0].use_dsp.use_dsp48e2.iDSP48E2 output sfo/initial_estimator/service/frontend/correction/u_gain/g_lane[2].u_lane/u_cross_i/U0/i_mult/gDSP.gDSP_only.iDSP/use_prim.appDSP48[0].bppDSP48[0].use_dsp.use_dsp48e2.iDSP48E2/P[47:0] is not pipelined (PREG=0). Pipelining the DSP48 output will improve performance and often saves power so it is suggested whenever possible to fully pipeline this function.  If this DSP48 function was inferred, it is suggested to describe an additional register stage after this function.  If the DSP48 was instantiated in the design, it is suggested to set the PREG attribute to 1.
Related violations: <none>

DPOP-3#42 Warning
PREG Output pipelining  
DSP sfo/initial_estimator/service/frontend/correction/u_gain/g_lane[2].u_lane/u_cross_q/U0/i_mult/gDSP.gDSP_only.iDSP/use_prim.appDSP48[0].bppDSP48[0].use_dsp.use_dsp48e2.iDSP48E2 output sfo/initial_estimator/service/frontend/correction/u_gain/g_lane[2].u_lane/u_cross_q/U0/i_mult/gDSP.gDSP_only.iDSP/use_prim.appDSP48[0].bppDSP48[0].use_dsp.use_dsp48e2.iDSP48E2/P[47:0] is not pipelined (PREG=0). Pipelining the DSP48 output will improve performance and often saves power so it is suggested whenever possible to fully pipeline this function.  If this DSP48 function was inferred, it is suggested to describe an additional register stage after this function.  If the DSP48 was instantiated in the design, it is suggested to set the PREG attribute to 1.
Related violations: <none>

DPOP-3#43 Warning
PREG Output pipelining  
DSP sfo/initial_estimator/service/frontend/correction/u_gain/g_lane[3].u_lane/u_cross_i/U0/i_mult/gDSP.gDSP_only.iDSP/use_prim.appDSP48[0].bppDSP48[0].use_dsp.use_dsp48e2.iDSP48E2 output sfo/initial_estimator/service/frontend/correction/u_gain/g_lane[3].u_lane/u_cross_i/U0/i_mult/gDSP.gDSP_only.iDSP/use_prim.appDSP48[0].bppDSP48[0].use_dsp.use_dsp48e2.iDSP48E2/P[47:0] is not pipelined (PREG=0). Pipelining the DSP48 output will improve performance and often saves power so it is suggested whenever possible to fully pipeline this function.  If this DSP48 function was inferred, it is suggested to describe an additional register stage after this function.  If the DSP48 was instantiated in the design, it is suggested to set the PREG attribute to 1.
Related violations: <none>

DPOP-3#44 Warning
PREG Output pipelining  
DSP sfo/initial_estimator/service/frontend/correction/u_gain/g_lane[3].u_lane/u_cross_q/U0/i_mult/gDSP.gDSP_only.iDSP/use_prim.appDSP48[0].bppDSP48[0].use_dsp.use_dsp48e2.iDSP48E2 output sfo/initial_estimator/service/frontend/correction/u_gain/g_lane[3].u_lane/u_cross_q/U0/i_mult/gDSP.gDSP_only.iDSP/use_prim.appDSP48[0].bppDSP48[0].use_dsp.use_dsp48e2.iDSP48E2/P[47:0] is not pipelined (PREG=0). Pipelining the DSP48 output will improve performance and often saves power so it is suggested whenever possible to fully pipeline this function.  If this DSP48 function was inferred, it is suggested to describe an additional register stage after this function.  If the DSP48 was instantiated in the design, it is suggested to set the PREG attribute to 1.
Related violations: <none>

DPOP-3#45 Warning
PREG Output pipelining  
DSP sfo/residual_estimator/backend/interpolate/ratio_right0 output sfo/residual_estimator/backend/interpolate/ratio_right0/P[47:0] is not pipelined (PREG=0). Pipelining the DSP48 output will improve performance and often saves power so it is suggested whenever possible to fully pipeline this function.  If this DSP48 function was inferred, it is suggested to describe an additional register stage after this function.  If the DSP48 was instantiated in the design, it is suggested to set the PREG attribute to 1.
Related violations: <none>

DPOP-3#46 Warning
PREG Output pipelining  
DSP sfo/residual_estimator/backend/regression/next_sum_weighted output sfo/residual_estimator/backend/regression/next_sum_weighted/P[47:0] is not pipelined (PREG=0). Pipelining the DSP48 output will improve performance and often saves power so it is suggested whenever possible to fully pipeline this function.  If this DSP48 function was inferred, it is suggested to describe an additional register stage after this function.  If the DSP48 was instantiated in the design, it is suggested to set the PREG attribute to 1.
Related violations: <none>

DPOP-3#47 Warning
PREG Output pipelining  
DSP sfo/residual_estimator/backend/regression/point_square0 output sfo/residual_estimator/backend/regression/point_square0/P[47:0] is not pipelined (PREG=0). Pipelining the DSP48 output will improve performance and often saves power so it is suggested whenever possible to fully pipeline this function.  If this DSP48 function was inferred, it is suggested to describe an additional register stage after this function.  If the DSP48 was instantiated in the design, it is suggested to set the PREG attribute to 1.
Related violations: <none>

DPOP-3#48 Warning
PREG Output pipelining  
DSP sfo/residual_estimator/front_stage/main/reader/start_calc output sfo/residual_estimator/front_stage/main/reader/start_calc/P[47:0] is not pipelined (PREG=0). Pipelining the DSP48 output will improve performance and often saves power so it is suggested whenever possible to fully pipeline this function.  If this DSP48 function was inferred, it is suggested to describe an additional register stage after this function.  If the DSP48 was instantiated in the design, it is suggested to set the PREG attribute to 1.
Related violations: <none>

DPOP-3#49 Warning
PREG Output pipelining  
DSP sfo/two_pass_transport/requested_window_start output sfo/two_pass_transport/requested_window_start/P[47:0] is not pipelined (PREG=0). Pipelining the DSP48 output will improve performance and often saves power so it is suggested whenever possible to fully pipeline this function.  If this DSP48 function was inferred, it is suggested to describe an additional register stage after this function.  If the DSP48 was instantiated in the design, it is suggested to set the PREG attribute to 1.
Related violations: <none>

DPOP-4#1 Warning
MREG Output pipelining  
DSP cfo/estimator/backend/phase_core/dot_term multiplier stage cfo/estimator/backend/phase_core/dot_term/P[47:0] is not pipelined (MREG=0). Pipelining the multiplier function will improve performance and will save significant power so it is suggested whenever possible to fully pipeline this function.  If this multiplier was inferred, it is suggested to describe an additional register stage after this function.  If there is no registered adder/accumulator following the multiply function, two pipeline stages are suggested to allow both the MREG and PREG registers to be used.  If the DSP48 was instantiated in the design, it is suggested to set both the MREG and PREG attributes to 1 when performing multiply functions.
Related violations: <none>

DPOP-4#2 Warning
MREG Output pipelining  
DSP cfo/estimator/backend/phase_core/held_dot_reg multiplier stage cfo/estimator/backend/phase_core/held_dot_reg/P[47:0] is not pipelined (MREG=0). Pipelining the multiplier function will improve performance and will save significant power so it is suggested whenever possible to fully pipeline this function.  If this multiplier was inferred, it is suggested to describe an additional register stage after this function.  If there is no registered adder/accumulator following the multiply function, two pipeline stages are suggested to allow both the MREG and PREG registers to be used.  If the DSP48 was instantiated in the design, it is suggested to set both the MREG and PREG attributes to 1 when performing multiply functions.
Related violations: <none>

DPOP-4#3 Warning
MREG Output pipelining  
DSP cfo/estimator/backend/phase_core/pred_product0 multiplier stage cfo/estimator/backend/phase_core/pred_product0/P[47:0] is not pipelined (MREG=0). Pipelining the multiplier function will improve performance and will save significant power so it is suggested whenever possible to fully pipeline this function.  If this multiplier was inferred, it is suggested to describe an additional register stage after this function.  If there is no registered adder/accumulator following the multiply function, two pipeline stages are suggested to allow both the MREG and PREG registers to be used.  If the DSP48 was instantiated in the design, it is suggested to set both the MREG and PREG attributes to 1 when performing multiply functions.
Related violations: <none>

DPOP-4#4 Warning
MREG Output pipelining  
DSP cfo/estimator/backend/phase_core/pred_product_reg multiplier stage cfo/estimator/backend/phase_core/pred_product_reg/P[47:0] is not pipelined (MREG=0). Pipelining the multiplier function will improve performance and will save significant power so it is suggested whenever possible to fully pipeline this function.  If this multiplier was inferred, it is suggested to describe an additional register stage after this function.  If there is no registered adder/accumulator following the multiply function, two pipeline stages are suggested to allow both the MREG and PREG registers to be used.  If the DSP48 was instantiated in the design, it is suggested to set both the MREG and PREG attributes to 1 when performing multiply functions.
Related violations: <none>

DPOP-4#5 Warning
MREG Output pipelining  
DSP cfo/estimator/backend/quality_core/square_i multiplier stage cfo/estimator/backend/quality_core/square_i/P[47:0] is not pipelined (MREG=0). Pipelining the multiplier function will improve performance and will save significant power so it is suggested whenever possible to fully pipeline this function.  If this multiplier was inferred, it is suggested to describe an additional register stage after this function.  If there is no registered adder/accumulator following the multiply function, two pipeline stages are suggested to allow both the MREG and PREG registers to be used.  If the DSP48 was instantiated in the design, it is suggested to set both the MREG and PREG attributes to 1 when performing multiply functions.
Related violations: <none>

DPOP-4#6 Warning
MREG Output pipelining  
DSP cfo/estimator/backend/quality_core/square_q multiplier stage cfo/estimator/backend/quality_core/square_q/P[47:0] is not pipelined (MREG=0). Pipelining the multiplier function will improve performance and will save significant power so it is suggested whenever possible to fully pipeline this function.  If this multiplier was inferred, it is suggested to describe an additional register stage after this function.  If there is no registered adder/accumulator following the multiply function, two pipeline stages are suggested to allow both the MREG and PREG registers to be used.  If the DSP48 was instantiated in the design, it is suggested to set both the MREG and PREG attributes to 1 when performing multiply functions.
Related violations: <none>

DPOP-4#7 Warning
MREG Output pipelining  
DSP frontend/acquisition/threshold/u_square_energy/U0/i_mult/gDSP.gDSP_only.iDSP/use_prim.extra_dsp.use_dsp.use_dsp48e2.iDSP48E2 multiplier stage frontend/acquisition/threshold/u_square_energy/U0/i_mult/gDSP.gDSP_only.iDSP/use_prim.extra_dsp.use_dsp.use_dsp48e2.iDSP48E2/P[47:0] is not pipelined (MREG=0). Pipelining the multiplier function will improve performance and will save significant power so it is suggested whenever possible to fully pipeline this function.  If this multiplier was inferred, it is suggested to describe an additional register stage after this function.  If there is no registered adder/accumulator following the multiply function, two pipeline stages are suggested to allow both the MREG and PREG registers to be used.  If the DSP48 was instantiated in the design, it is suggested to set both the MREG and PREG attributes to 1 when performing multiply functions.
Related violations: <none>

DPOP-4#8 Warning
MREG Output pipelining  
DSP frontend/acquisition/threshold/u_square_p_im/U0/i_mult/gDSP.gDSP_only.iDSP/use_prim.extra_dsp.use_dsp.use_dsp48e2.iDSP48E2 multiplier stage frontend/acquisition/threshold/u_square_p_im/U0/i_mult/gDSP.gDSP_only.iDSP/use_prim.extra_dsp.use_dsp.use_dsp48e2.iDSP48E2/P[47:0] is not pipelined (MREG=0). Pipelining the multiplier function will improve performance and will save significant power so it is suggested whenever possible to fully pipeline this function.  If this multiplier was inferred, it is suggested to describe an additional register stage after this function.  If there is no registered adder/accumulator following the multiply function, two pipeline stages are suggested to allow both the MREG and PREG registers to be used.  If the DSP48 was instantiated in the design, it is suggested to set both the MREG and PREG attributes to 1 when performing multiply functions.
Related violations: <none>

DPOP-4#9 Warning
MREG Output pipelining  
DSP frontend/acquisition/threshold/u_square_p_re/U0/i_mult/gDSP.gDSP_only.iDSP/use_prim.extra_dsp.use_dsp.use_dsp48e2.iDSP48E2 multiplier stage frontend/acquisition/threshold/u_square_p_re/U0/i_mult/gDSP.gDSP_only.iDSP/use_prim.extra_dsp.use_dsp.use_dsp48e2.iDSP48E2/P[47:0] is not pipelined (MREG=0). Pipelining the multiplier function will improve performance and will save significant power so it is suggested whenever possible to fully pipeline this function.  If this multiplier was inferred, it is suggested to describe an additional register stage after this function.  If there is no registered adder/accumulator following the multiply function, two pipeline stages are suggested to allow both the MREG and PREG registers to be used.  If the DSP48 was instantiated in the design, it is suggested to set both the MREG and PREG attributes to 1 when performing multiply functions.
Related violations: <none>

DPOP-4#10 Warning
MREG Output pipelining  
DSP frontend/coarse_confirmation/u_metric_threshold/u_square_energy/U0/i_mult/gDSP.gDSP_only.iDSP/use_prim.extra_dsp.use_dsp.use_dsp48e2.iDSP48E2 multiplier stage frontend/coarse_confirmation/u_metric_threshold/u_square_energy/U0/i_mult/gDSP.gDSP_only.iDSP/use_prim.extra_dsp.use_dsp.use_dsp48e2.iDSP48E2/P[47:0] is not pipelined (MREG=0). Pipelining the multiplier function will improve performance and will save significant power so it is suggested whenever possible to fully pipeline this function.  If this multiplier was inferred, it is suggested to describe an additional register stage after this function.  If there is no registered adder/accumulator following the multiply function, two pipeline stages are suggested to allow both the MREG and PREG registers to be used.  If the DSP48 was instantiated in the design, it is suggested to set both the MREG and PREG attributes to 1 when performing multiply functions.
Related violations: <none>

DPOP-4#11 Warning
MREG Output pipelining  
DSP frontend/coarse_confirmation/u_metric_threshold/u_square_p_im/U0/i_mult/gDSP.gDSP_only.iDSP/use_prim.extra_dsp.use_dsp.use_dsp48e2.iDSP48E2 multiplier stage frontend/coarse_confirmation/u_metric_threshold/u_square_p_im/U0/i_mult/gDSP.gDSP_only.iDSP/use_prim.extra_dsp.use_dsp.use_dsp48e2.iDSP48E2/P[47:0] is not pipelined (MREG=0). Pipelining the multiplier function will improve performance and will save significant power so it is suggested whenever possible to fully pipeline this function.  If this multiplier was inferred, it is suggested to describe an additional register stage after this function.  If there is no registered adder/accumulator following the multiply function, two pipeline stages are suggested to allow both the MREG and PREG registers to be used.  If the DSP48 was instantiated in the design, it is suggested to set both the MREG and PREG attributes to 1 when performing multiply functions.
Related violations: <none>

DPOP-4#12 Warning
MREG Output pipelining  
DSP frontend/coarse_confirmation/u_metric_threshold/u_square_p_re/U0/i_mult/gDSP.gDSP_only.iDSP/use_prim.extra_dsp.use_dsp.use_dsp48e2.iDSP48E2 multiplier stage frontend/coarse_confirmation/u_metric_threshold/u_square_p_re/U0/i_mult/gDSP.gDSP_only.iDSP/use_prim.extra_dsp.use_dsp.use_dsp48e2.iDSP48E2/P[47:0] is not pipelined (MREG=0). Pipelining the multiplier function will improve performance and will save significant power so it is suggested whenever possible to fully pipeline this function.  If this multiplier was inferred, it is suggested to describe an additional register stage after this function.  If there is no registered adder/accumulator following the multiply function, two pipeline stages are suggested to allow both the MREG and PREG registers to be used.  If the DSP48 was instantiated in the design, it is suggested to set both the MREG and PREG attributes to 1 when performing multiply functions.
Related violations: <none>

DPOP-4#13 Warning
MREG Output pipelining  
DSP frontend/fine_confirmation/u_core/u_partitioned_correlation/u_square_adapter/u_mult/U0/i_mult/gDSP.gDSP_only.iDSP/use_prim.appDSP48[0].bppDSP48[0].use_dsp.use_dsp48e2.iDSP48E2 multiplier stage frontend/fine_confirmation/u_core/u_partitioned_correlation/u_square_adapter/u_mult/U0/i_mult/gDSP.gDSP_only.iDSP/use_prim.appDSP48[0].bppDSP48[0].use_dsp.use_dsp48e2.iDSP48E2/P[47:0] is not pipelined (MREG=0). Pipelining the multiplier function will improve performance and will save significant power so it is suggested whenever possible to fully pipeline this function.  If this multiplier was inferred, it is suggested to describe an additional register stage after this function.  If there is no registered adder/accumulator following the multiply function, two pipeline stages are suggested to allow both the MREG and PREG registers to be used.  If the DSP48 was instantiated in the design, it is suggested to set both the MREG and PREG attributes to 1 when performing multiply functions.
Related violations: <none>

DPOP-4#14 Warning
MREG Output pipelining  
DSP frontend/fine_confirmation/u_core/u_partitioned_correlation/u_square_adapter/u_mult/U0/i_mult/gDSP.gDSP_only.iDSP/use_prim.appDSP48[1].bppDSP48[0].use_dsp.use_dsp48e2.iDSP48E2 multiplier stage frontend/fine_confirmation/u_core/u_partitioned_correlation/u_square_adapter/u_mult/U0/i_mult/gDSP.gDSP_only.iDSP/use_prim.appDSP48[1].bppDSP48[0].use_dsp.use_dsp48e2.iDSP48E2/P[47:0] is not pipelined (MREG=0). Pipelining the multiplier function will improve performance and will save significant power so it is suggested whenever possible to fully pipeline this function.  If this multiplier was inferred, it is suggested to describe an additional register stage after this function.  If there is no registered adder/accumulator following the multiply function, two pipeline stages are suggested to allow both the MREG and PREG registers to be used.  If the DSP48 was instantiated in the design, it is suggested to set both the MREG and PREG attributes to 1 when performing multiply functions.
Related violations: <none>

DPOP-4#15 Warning
MREG Output pipelining  
DSP frontend/fine_confirmation/u_core/u_partitioned_correlation/u_square_adapter/u_mult/U0/i_mult/gDSP.gDSP_only.iDSP/use_prim.appDSP48[2].bppDSP48[2].use_dsp.use_dsp48e2.iDSP48E2 multiplier stage frontend/fine_confirmation/u_core/u_partitioned_correlation/u_square_adapter/u_mult/U0/i_mult/gDSP.gDSP_only.iDSP/use_prim.appDSP48[2].bppDSP48[2].use_dsp.use_dsp48e2.iDSP48E2/P[47:0] is not pipelined (MREG=0). Pipelining the multiplier function will improve performance and will save significant power so it is suggested whenever possible to fully pipeline this function.  If this multiplier was inferred, it is suggested to describe an additional register stage after this function.  If there is no registered adder/accumulator following the multiply function, two pipeline stages are suggested to allow both the MREG and PREG registers to be used.  If the DSP48 was instantiated in the design, it is suggested to set both the MREG and PREG attributes to 1 when performing multiply functions.
Related violations: <none>

DPOP-4#16 Warning
MREG Output pipelining  
DSP frontend/fine_confirmation/u_quality_denominator_vendor_adapter/u_quality_denominator_mult/U0/i_mult/gDSP.gDSP_only.iDSP/use_prim.appDSP48[0].bppDSP48[0].use_dsp.use_dsp48e2.iDSP48E2 multiplier stage frontend/fine_confirmation/u_quality_denominator_vendor_adapter/u_quality_denominator_mult/U0/i_mult/gDSP.gDSP_only.iDSP/use_prim.appDSP48[0].bppDSP48[0].use_dsp.use_dsp48e2.iDSP48E2/P[47:0] is not pipelined (MREG=0). Pipelining the multiplier function will improve performance and will save significant power so it is suggested whenever possible to fully pipeline this function.  If this multiplier was inferred, it is suggested to describe an additional register stage after this function.  If there is no registered adder/accumulator following the multiply function, two pipeline stages are suggested to allow both the MREG and PREG registers to be used.  If the DSP48 was instantiated in the design, it is suggested to set both the MREG and PREG attributes to 1 when performing multiply functions.
Related violations: <none>

DPOP-4#17 Warning
MREG Output pipelining  
DSP frontend/fine_confirmation/u_quality_denominator_vendor_adapter/u_quality_denominator_mult/U0/i_mult/gDSP.gDSP_only.iDSP/use_prim.appDSP48[0].bppDSP48[2].use_dsp.use_dsp48e2.iDSP48E2 multiplier stage frontend/fine_confirmation/u_quality_denominator_vendor_adapter/u_quality_denominator_mult/U0/i_mult/gDSP.gDSP_only.iDSP/use_prim.appDSP48[0].bppDSP48[2].use_dsp.use_dsp48e2.iDSP48E2/P[47:0] is not pipelined (MREG=0). Pipelining the multiplier function will improve performance and will save significant power so it is suggested whenever possible to fully pipeline this function.  If this multiplier was inferred, it is suggested to describe an additional register stage after this function.  If there is no registered adder/accumulator following the multiply function, two pipeline stages are suggested to allow both the MREG and PREG registers to be used.  If the DSP48 was instantiated in the design, it is suggested to set both the MREG and PREG attributes to 1 when performing multiply functions.
Related violations: <none>

DPOP-4#18 Warning
MREG Output pipelining  
DSP sfo/initial_estimator/service/backend/backend/maximum/cross_lane[0].left_product/U0/i_mult/gDSP.gDSP_only.iDSP/use_prim.appDSP48[0].bppDSP48[0].use_dsp.use_dsp48e2.iDSP48E2 multiplier stage sfo/initial_estimator/service/backend/backend/maximum/cross_lane[0].left_product/U0/i_mult/gDSP.gDSP_only.iDSP/use_prim.appDSP48[0].bppDSP48[0].use_dsp.use_dsp48e2.iDSP48E2/P[47:0] is not pipelined (MREG=0). Pipelining the multiplier function will improve performance and will save significant power so it is suggested whenever possible to fully pipeline this function.  If this multiplier was inferred, it is suggested to describe an additional register stage after this function.  If there is no registered adder/accumulator following the multiply function, two pipeline stages are suggested to allow both the MREG and PREG registers to be used.  If the DSP48 was instantiated in the design, it is suggested to set both the MREG and PREG attributes to 1 when performing multiply functions.
Related violations: <none>

DPOP-4#19 Warning
MREG Output pipelining  
DSP sfo/initial_estimator/service/backend/backend/maximum/cross_lane[0].left_product/U0/i_mult/gDSP.gDSP_only.iDSP/use_prim.appDSP48[1].bppDSP48[0].use_dsp.use_dsp48e2.iDSP48E2 multiplier stage sfo/initial_estimator/service/backend/backend/maximum/cross_lane[0].left_product/U0/i_mult/gDSP.gDSP_only.iDSP/use_prim.appDSP48[1].bppDSP48[0].use_dsp.use_dsp48e2.iDSP48E2/P[47:0] is not pipelined (MREG=0). Pipelining the multiplier function will improve performance and will save significant power so it is suggested whenever possible to fully pipeline this function.  If this multiplier was inferred, it is suggested to describe an additional register stage after this function.  If there is no registered adder/accumulator following the multiply function, two pipeline stages are suggested to allow both the MREG and PREG registers to be used.  If the DSP48 was instantiated in the design, it is suggested to set both the MREG and PREG attributes to 1 when performing multiply functions.
Related violations: <none>

DPOP-4#20 Warning
MREG Output pipelining  
DSP sfo/initial_estimator/service/backend/backend/maximum/cross_lane[0].left_product/U0/i_mult/gDSP.gDSP_only.iDSP/use_prim.appDSP48[1].bppDSP48[1].use_dsp.use_dsp48e2.iDSP48E2 multiplier stage sfo/initial_estimator/service/backend/backend/maximum/cross_lane[0].left_product/U0/i_mult/gDSP.gDSP_only.iDSP/use_prim.appDSP48[1].bppDSP48[1].use_dsp.use_dsp48e2.iDSP48E2/P[47:0] is not pipelined (MREG=0). Pipelining the multiplier function will improve performance and will save significant power so it is suggested whenever possible to fully pipeline this function.  If this multiplier was inferred, it is suggested to describe an additional register stage after this function.  If there is no registered adder/accumulator following the multiply function, two pipeline stages are suggested to allow both the MREG and PREG registers to be used.  If the DSP48 was instantiated in the design, it is suggested to set both the MREG and PREG attributes to 1 when performing multiply functions.
Related violations: <none>

DPOP-4#21 Warning
MREG Output pipelining  
DSP sfo/initial_estimator/service/backend/backend/maximum/cross_lane[0].left_product/U0/i_mult/gDSP.gDSP_only.iDSP/use_prim.appDSP48[3].bppDSP48[0].use_dsp.use_dsp48e2.iDSP48E2 multiplier stage sfo/initial_estimator/service/backend/backend/maximum/cross_lane[0].left_product/U0/i_mult/gDSP.gDSP_only.iDSP/use_prim.appDSP48[3].bppDSP48[0].use_dsp.use_dsp48e2.iDSP48E2/P[47:0] is not pipelined (MREG=0). Pipelining the multiplier function will improve performance and will save significant power so it is suggested whenever possible to fully pipeline this function.  If this multiplier was inferred, it is suggested to describe an additional register stage after this function.  If there is no registered adder/accumulator following the multiply function, two pipeline stages are suggested to allow both the MREG and PREG registers to be used.  If the DSP48 was instantiated in the design, it is suggested to set both the MREG and PREG attributes to 1 when performing multiply functions.
Related violations: <none>

DPOP-4#22 Warning
MREG Output pipelining  
DSP sfo/initial_estimator/service/backend/backend/maximum/cross_lane[0].left_product/U0/i_mult/gDSP.gDSP_only.iDSP/use_prim.appDSP48[3].bppDSP48[1].use_dsp.use_dsp48e2.iDSP48E2 multiplier stage sfo/initial_estimator/service/backend/backend/maximum/cross_lane[0].left_product/U0/i_mult/gDSP.gDSP_only.iDSP/use_prim.appDSP48[3].bppDSP48[1].use_dsp.use_dsp48e2.iDSP48E2/P[47:0] is not pipelined (MREG=0). Pipelining the multiplier function will improve performance and will save significant power so it is suggested whenever possible to fully pipeline this function.  If this multiplier was inferred, it is suggested to describe an additional register stage after this function.  If there is no registered adder/accumulator following the multiply function, two pipeline stages are suggested to allow both the MREG and PREG registers to be used.  If the DSP48 was instantiated in the design, it is suggested to set both the MREG and PREG attributes to 1 when performing multiply functions.
Related violations: <none>

DPOP-4#23 Warning
MREG Output pipelining  
DSP sfo/initial_estimator/service/backend/backend/maximum/cross_lane[0].right_product/U0/i_mult/gDSP.gDSP_only.iDSP/use_prim.appDSP48[0].bppDSP48[0].use_dsp.use_dsp48e2.iDSP48E2 multiplier stage sfo/initial_estimator/service/backend/backend/maximum/cross_lane[0].right_product/U0/i_mult/gDSP.gDSP_only.iDSP/use_prim.appDSP48[0].bppDSP48[0].use_dsp.use_dsp48e2.iDSP48E2/P[47:0] is not pipelined (MREG=0). Pipelining the multiplier function will improve performance and will save significant power so it is suggested whenever possible to fully pipeline this function.  If this multiplier was inferred, it is suggested to describe an additional register stage after this function.  If there is no registered adder/accumulator following the multiply function, two pipeline stages are suggested to allow both the MREG and PREG registers to be used.  If the DSP48 was instantiated in the design, it is suggested to set both the MREG and PREG attributes to 1 when performing multiply functions.
Related violations: <none>

DPOP-4#24 Warning
MREG Output pipelining  
DSP sfo/initial_estimator/service/backend/backend/maximum/cross_lane[0].right_product/U0/i_mult/gDSP.gDSP_only.iDSP/use_prim.appDSP48[1].bppDSP48[0].use_dsp.use_dsp48e2.iDSP48E2 multiplier stage sfo/initial_estimator/service/backend/backend/maximum/cross_lane[0].right_product/U0/i_mult/gDSP.gDSP_only.iDSP/use_prim.appDSP48[1].bppDSP48[0].use_dsp.use_dsp48e2.iDSP48E2/P[47:0] is not pipelined (MREG=0). Pipelining the multiplier function will improve performance and will save significant power so it is suggested whenever possible to fully pipeline this function.  If this multiplier was inferred, it is suggested to describe an additional register stage after this function.  If there is no registered adder/accumulator following the multiply function, two pipeline stages are suggested to allow both the MREG and PREG registers to be used.  If the DSP48 was instantiated in the design, it is suggested to set both the MREG and PREG attributes to 1 when performing multiply functions.
Related violations: <none>

DPOP-4#25 Warning
MREG Output pipelining  
DSP sfo/initial_estimator/service/backend/backend/maximum/cross_lane[0].right_product/U0/i_mult/gDSP.gDSP_only.iDSP/use_prim.appDSP48[1].bppDSP48[1].use_dsp.use_dsp48e2.iDSP48E2 multiplier stage sfo/initial_estimator/service/backend/backend/maximum/cross_lane[0].right_product/U0/i_mult/gDSP.gDSP_only.iDSP/use_prim.appDSP48[1].bppDSP48[1].use_dsp.use_dsp48e2.iDSP48E2/P[47:0] is not pipelined (MREG=0). Pipelining the multiplier function will improve performance and will save significant power so it is suggested whenever possible to fully pipeline this function.  If this multiplier was inferred, it is suggested to describe an additional register stage after this function.  If there is no registered adder/accumulator following the multiply function, two pipeline stages are suggested to allow both the MREG and PREG registers to be used.  If the DSP48 was instantiated in the design, it is suggested to set both the MREG and PREG attributes to 1 when performing multiply functions.
Related violations: <none>

DPOP-4#26 Warning
MREG Output pipelining  
DSP sfo/initial_estimator/service/backend/backend/maximum/cross_lane[0].right_product/U0/i_mult/gDSP.gDSP_only.iDSP/use_prim.appDSP48[3].bppDSP48[0].use_dsp.use_dsp48e2.iDSP48E2 multiplier stage sfo/initial_estimator/service/backend/backend/maximum/cross_lane[0].right_product/U0/i_mult/gDSP.gDSP_only.iDSP/use_prim.appDSP48[3].bppDSP48[0].use_dsp.use_dsp48e2.iDSP48E2/P[47:0] is not pipelined (MREG=0). Pipelining the multiplier function will improve performance and will save significant power so it is suggested whenever possible to fully pipeline this function.  If this multiplier was inferred, it is suggested to describe an additional register stage after this function.  If there is no registered adder/accumulator following the multiply function, two pipeline stages are suggested to allow both the MREG and PREG registers to be used.  If the DSP48 was instantiated in the design, it is suggested to set both the MREG and PREG attributes to 1 when performing multiply functions.
Related violations: <none>

DPOP-4#27 Warning
MREG Output pipelining  
DSP sfo/initial_estimator/service/backend/backend/maximum/cross_lane[0].right_product/U0/i_mult/gDSP.gDSP_only.iDSP/use_prim.appDSP48[3].bppDSP48[1].use_dsp.use_dsp48e2.iDSP48E2 multiplier stage sfo/initial_estimator/service/backend/backend/maximum/cross_lane[0].right_product/U0/i_mult/gDSP.gDSP_only.iDSP/use_prim.appDSP48[3].bppDSP48[1].use_dsp.use_dsp48e2.iDSP48E2/P[47:0] is not pipelined (MREG=0). Pipelining the multiplier function will improve performance and will save significant power so it is suggested whenever possible to fully pipeline this function.  If this multiplier was inferred, it is suggested to describe an additional register stage after this function.  If there is no registered adder/accumulator following the multiply function, two pipeline stages are suggested to allow both the MREG and PREG registers to be used.  If the DSP48 was instantiated in the design, it is suggested to set both the MREG and PREG attributes to 1 when performing multiply functions.
Related violations: <none>

DPOP-4#28 Warning
MREG Output pipelining  
DSP sfo/initial_estimator/service/backend/backend/maximum/cross_lane[1].left_product/U0/i_mult/gDSP.gDSP_only.iDSP/use_prim.appDSP48[0].bppDSP48[0].use_dsp.use_dsp48e2.iDSP48E2 multiplier stage sfo/initial_estimator/service/backend/backend/maximum/cross_lane[1].left_product/U0/i_mult/gDSP.gDSP_only.iDSP/use_prim.appDSP48[0].bppDSP48[0].use_dsp.use_dsp48e2.iDSP48E2/P[47:0] is not pipelined (MREG=0). Pipelining the multiplier function will improve performance and will save significant power so it is suggested whenever possible to fully pipeline this function.  If this multiplier was inferred, it is suggested to describe an additional register stage after this function.  If there is no registered adder/accumulator following the multiply function, two pipeline stages are suggested to allow both the MREG and PREG registers to be used.  If the DSP48 was instantiated in the design, it is suggested to set both the MREG and PREG attributes to 1 when performing multiply functions.
Related violations: <none>

DPOP-4#29 Warning
MREG Output pipelining  
DSP sfo/initial_estimator/service/backend/backend/maximum/cross_lane[1].left_product/U0/i_mult/gDSP.gDSP_only.iDSP/use_prim.appDSP48[1].bppDSP48[0].use_dsp.use_dsp48e2.iDSP48E2 multiplier stage sfo/initial_estimator/service/backend/backend/maximum/cross_lane[1].left_product/U0/i_mult/gDSP.gDSP_only.iDSP/use_prim.appDSP48[1].bppDSP48[0].use_dsp.use_dsp48e2.iDSP48E2/P[47:0] is not pipelined (MREG=0). Pipelining the multiplier function will improve performance and will save significant power so it is suggested whenever possible to fully pipeline this function.  If this multiplier was inferred, it is suggested to describe an additional register stage after this function.  If there is no registered adder/accumulator following the multiply function, two pipeline stages are suggested to allow both the MREG and PREG registers to be used.  If the DSP48 was instantiated in the design, it is suggested to set both the MREG and PREG attributes to 1 when performing multiply functions.
Related violations: <none>

DPOP-4#30 Warning
MREG Output pipelining  
DSP sfo/initial_estimator/service/backend/backend/maximum/cross_lane[1].left_product/U0/i_mult/gDSP.gDSP_only.iDSP/use_prim.appDSP48[1].bppDSP48[1].use_dsp.use_dsp48e2.iDSP48E2 multiplier stage sfo/initial_estimator/service/backend/backend/maximum/cross_lane[1].left_product/U0/i_mult/gDSP.gDSP_only.iDSP/use_prim.appDSP48[1].bppDSP48[1].use_dsp.use_dsp48e2.iDSP48E2/P[47:0] is not pipelined (MREG=0). Pipelining the multiplier function will improve performance and will save significant power so it is suggested whenever possible to fully pipeline this function.  If this multiplier was inferred, it is suggested to describe an additional register stage after this function.  If there is no registered adder/accumulator following the multiply function, two pipeline stages are suggested to allow both the MREG and PREG registers to be used.  If the DSP48 was instantiated in the design, it is suggested to set both the MREG and PREG attributes to 1 when performing multiply functions.
Related violations: <none>

DPOP-4#31 Warning
MREG Output pipelining  
DSP sfo/initial_estimator/service/backend/backend/maximum/cross_lane[1].left_product/U0/i_mult/gDSP.gDSP_only.iDSP/use_prim.appDSP48[3].bppDSP48[0].use_dsp.use_dsp48e2.iDSP48E2 multiplier stage sfo/initial_estimator/service/backend/backend/maximum/cross_lane[1].left_product/U0/i_mult/gDSP.gDSP_only.iDSP/use_prim.appDSP48[3].bppDSP48[0].use_dsp.use_dsp48e2.iDSP48E2/P[47:0] is not pipelined (MREG=0). Pipelining the multiplier function will improve performance and will save significant power so it is suggested whenever possible to fully pipeline this function.  If this multiplier was inferred, it is suggested to describe an additional register stage after this function.  If there is no registered adder/accumulator following the multiply function, two pipeline stages are suggested to allow both the MREG and PREG registers to be used.  If the DSP48 was instantiated in the design, it is suggested to set both the MREG and PREG attributes to 1 when performing multiply functions.
Related violations: <none>

DPOP-4#32 Warning
MREG Output pipelining  
DSP sfo/initial_estimator/service/backend/backend/maximum/cross_lane[1].left_product/U0/i_mult/gDSP.gDSP_only.iDSP/use_prim.appDSP48[3].bppDSP48[1].use_dsp.use_dsp48e2.iDSP48E2 multiplier stage sfo/initial_estimator/service/backend/backend/maximum/cross_lane[1].left_product/U0/i_mult/gDSP.gDSP_only.iDSP/use_prim.appDSP48[3].bppDSP48[1].use_dsp.use_dsp48e2.iDSP48E2/P[47:0] is not pipelined (MREG=0). Pipelining the multiplier function will improve performance and will save significant power so it is suggested whenever possible to fully pipeline this function.  If this multiplier was inferred, it is suggested to describe an additional register stage after this function.  If there is no registered adder/accumulator following the multiply function, two pipeline stages are suggested to allow both the MREG and PREG registers to be used.  If the DSP48 was instantiated in the design, it is suggested to set both the MREG and PREG attributes to 1 when performing multiply functions.
Related violations: <none>

DPOP-4#33 Warning
MREG Output pipelining  
DSP sfo/initial_estimator/service/backend/backend/maximum/cross_lane[1].right_product/U0/i_mult/gDSP.gDSP_only.iDSP/use_prim.appDSP48[0].bppDSP48[0].use_dsp.use_dsp48e2.iDSP48E2 multiplier stage sfo/initial_estimator/service/backend/backend/maximum/cross_lane[1].right_product/U0/i_mult/gDSP.gDSP_only.iDSP/use_prim.appDSP48[0].bppDSP48[0].use_dsp.use_dsp48e2.iDSP48E2/P[47:0] is not pipelined (MREG=0). Pipelining the multiplier function will improve performance and will save significant power so it is suggested whenever possible to fully pipeline this function.  If this multiplier was inferred, it is suggested to describe an additional register stage after this function.  If there is no registered adder/accumulator following the multiply function, two pipeline stages are suggested to allow both the MREG and PREG registers to be used.  If the DSP48 was instantiated in the design, it is suggested to set both the MREG and PREG attributes to 1 when performing multiply functions.
Related violations: <none>

DPOP-4#34 Warning
MREG Output pipelining  
DSP sfo/initial_estimator/service/backend/backend/maximum/cross_lane[1].right_product/U0/i_mult/gDSP.gDSP_only.iDSP/use_prim.appDSP48[1].bppDSP48[0].use_dsp.use_dsp48e2.iDSP48E2 multiplier stage sfo/initial_estimator/service/backend/backend/maximum/cross_lane[1].right_product/U0/i_mult/gDSP.gDSP_only.iDSP/use_prim.appDSP48[1].bppDSP48[0].use_dsp.use_dsp48e2.iDSP48E2/P[47:0] is not pipelined (MREG=0). Pipelining the multiplier function will improve performance and will save significant power so it is suggested whenever possible to fully pipeline this function.  If this multiplier was inferred, it is suggested to describe an additional register stage after this function.  If there is no registered adder/accumulator following the multiply function, two pipeline stages are suggested to allow both the MREG and PREG registers to be used.  If the DSP48 was instantiated in the design, it is suggested to set both the MREG and PREG attributes to 1 when performing multiply functions.
Related violations: <none>

DPOP-4#35 Warning
MREG Output pipelining  
DSP sfo/initial_estimator/service/backend/backend/maximum/cross_lane[1].right_product/U0/i_mult/gDSP.gDSP_only.iDSP/use_prim.appDSP48[1].bppDSP48[1].use_dsp.use_dsp48e2.iDSP48E2 multiplier stage sfo/initial_estimator/service/backend/backend/maximum/cross_lane[1].right_product/U0/i_mult/gDSP.gDSP_only.iDSP/use_prim.appDSP48[1].bppDSP48[1].use_dsp.use_dsp48e2.iDSP48E2/P[47:0] is not pipelined (MREG=0). Pipelining the multiplier function will improve performance and will save significant power so it is suggested whenever possible to fully pipeline this function.  If this multiplier was inferred, it is suggested to describe an additional register stage after this function.  If there is no registered adder/accumulator following the multiply function, two pipeline stages are suggested to allow both the MREG and PREG registers to be used.  If the DSP48 was instantiated in the design, it is suggested to set both the MREG and PREG attributes to 1 when performing multiply functions.
Related violations: <none>

DPOP-4#36 Warning
MREG Output pipelining  
DSP sfo/initial_estimator/service/backend/backend/maximum/cross_lane[1].right_product/U0/i_mult/gDSP.gDSP_only.iDSP/use_prim.appDSP48[3].bppDSP48[0].use_dsp.use_dsp48e2.iDSP48E2 multiplier stage sfo/initial_estimator/service/backend/backend/maximum/cross_lane[1].right_product/U0/i_mult/gDSP.gDSP_only.iDSP/use_prim.appDSP48[3].bppDSP48[0].use_dsp.use_dsp48e2.iDSP48E2/P[47:0] is not pipelined (MREG=0). Pipelining the multiplier function will improve performance and will save significant power so it is suggested whenever possible to fully pipeline this function.  If this multiplier was inferred, it is suggested to describe an additional register stage after this function.  If there is no registered adder/accumulator following the multiply function, two pipeline stages are suggested to allow both the MREG and PREG registers to be used.  If the DSP48 was instantiated in the design, it is suggested to set both the MREG and PREG attributes to 1 when performing multiply functions.
Related violations: <none>

DPOP-4#37 Warning
MREG Output pipelining  
DSP sfo/initial_estimator/service/backend/backend/maximum/cross_lane[1].right_product/U0/i_mult/gDSP.gDSP_only.iDSP/use_prim.appDSP48[3].bppDSP48[1].use_dsp.use_dsp48e2.iDSP48E2 multiplier stage sfo/initial_estimator/service/backend/backend/maximum/cross_lane[1].right_product/U0/i_mult/gDSP.gDSP_only.iDSP/use_prim.appDSP48[3].bppDSP48[1].use_dsp.use_dsp48e2.iDSP48E2/P[47:0] is not pipelined (MREG=0). Pipelining the multiplier function will improve performance and will save significant power so it is suggested whenever possible to fully pipeline this function.  If this multiplier was inferred, it is suggested to describe an additional register stage after this function.  If there is no registered adder/accumulator following the multiply function, two pipeline stages are suggested to allow both the MREG and PREG registers to be used.  If the DSP48 was instantiated in the design, it is suggested to set both the MREG and PREG attributes to 1 when performing multiply functions.
Related violations: <none>

DPOP-4#38 Warning
MREG Output pipelining  
DSP sfo/initial_estimator/service/backend/backend/packer/u_aw/U0/i_mult/gDSP.gDSP_only.iDSP/use_prim.appDSP48[0].bppDSP48[0].use_dsp.use_dsp48e2.iDSP48E2 multiplier stage sfo/initial_estimator/service/backend/backend/packer/u_aw/U0/i_mult/gDSP.gDSP_only.iDSP/use_prim.appDSP48[0].bppDSP48[0].use_dsp.use_dsp48e2.iDSP48E2/P[47:0] is not pipelined (MREG=0). Pipelining the multiplier function will improve performance and will save significant power so it is suggested whenever possible to fully pipeline this function.  If this multiplier was inferred, it is suggested to describe an additional register stage after this function.  If there is no registered adder/accumulator following the multiply function, two pipeline stages are suggested to allow both the MREG and PREG registers to be used.  If the DSP48 was instantiated in the design, it is suggested to set both the MREG and PREG attributes to 1 when performing multiply functions.
Related violations: <none>

DPOP-4#39 Warning
MREG Output pipelining  
DSP sfo/initial_estimator/service/backend/backend/packer/u_aw/U0/i_mult/gDSP.gDSP_only.iDSP/use_prim.appDSP48[1].bppDSP48[0].use_dsp.use_dsp48e2.iDSP48E2 multiplier stage sfo/initial_estimator/service/backend/backend/packer/u_aw/U0/i_mult/gDSP.gDSP_only.iDSP/use_prim.appDSP48[1].bppDSP48[0].use_dsp.use_dsp48e2.iDSP48E2/P[47:0] is not pipelined (MREG=0). Pipelining the multiplier function will improve performance and will save significant power so it is suggested whenever possible to fully pipeline this function.  If this multiplier was inferred, it is suggested to describe an additional register stage after this function.  If there is no registered adder/accumulator following the multiply function, two pipeline stages are suggested to allow both the MREG and PREG registers to be used.  If the DSP48 was instantiated in the design, it is suggested to set both the MREG and PREG attributes to 1 when performing multiply functions.
Related violations: <none>

DPOP-4#40 Warning
MREG Output pipelining  
DSP sfo/initial_estimator/service/backend/backend/packer/u_aw/U0/i_mult/gDSP.gDSP_only.iDSP/use_prim.appDSP48[1].bppDSP48[1].use_dsp.use_dsp48e2.iDSP48E2 multiplier stage sfo/initial_estimator/service/backend/backend/packer/u_aw/U0/i_mult/gDSP.gDSP_only.iDSP/use_prim.appDSP48[1].bppDSP48[1].use_dsp.use_dsp48e2.iDSP48E2/P[47:0] is not pipelined (MREG=0). Pipelining the multiplier function will improve performance and will save significant power so it is suggested whenever possible to fully pipeline this function.  If this multiplier was inferred, it is suggested to describe an additional register stage after this function.  If there is no registered adder/accumulator following the multiply function, two pipeline stages are suggested to allow both the MREG and PREG registers to be used.  If the DSP48 was instantiated in the design, it is suggested to set both the MREG and PREG attributes to 1 when performing multiply functions.
Related violations: <none>

DPOP-4#41 Warning
MREG Output pipelining  
DSP sfo/initial_estimator/service/backend/backend/packer/u_aw/U0/i_mult/gDSP.gDSP_only.iDSP/use_prim.appDSP48[3].bppDSP48[0].use_dsp.use_dsp48e2.iDSP48E2 multiplier stage sfo/initial_estimator/service/backend/backend/packer/u_aw/U0/i_mult/gDSP.gDSP_only.iDSP/use_prim.appDSP48[3].bppDSP48[0].use_dsp.use_dsp48e2.iDSP48E2/P[47:0] is not pipelined (MREG=0). Pipelining the multiplier function will improve performance and will save significant power so it is suggested whenever possible to fully pipeline this function.  If this multiplier was inferred, it is suggested to describe an additional register stage after this function.  If there is no registered adder/accumulator following the multiply function, two pipeline stages are suggested to allow both the MREG and PREG registers to be used.  If the DSP48 was instantiated in the design, it is suggested to set both the MREG and PREG attributes to 1 when performing multiply functions.
Related violations: <none>

DPOP-4#42 Warning
MREG Output pipelining  
DSP sfo/initial_estimator/service/backend/backend/packer/u_aw/U0/i_mult/gDSP.gDSP_only.iDSP/use_prim.appDSP48[3].bppDSP48[1].use_dsp.use_dsp48e2.iDSP48E2 multiplier stage sfo/initial_estimator/service/backend/backend/packer/u_aw/U0/i_mult/gDSP.gDSP_only.iDSP/use_prim.appDSP48[3].bppDSP48[1].use_dsp.use_dsp48e2.iDSP48E2/P[47:0] is not pipelined (MREG=0). Pipelining the multiplier function will improve performance and will save significant power so it is suggested whenever possible to fully pipeline this function.  If this multiplier was inferred, it is suggested to describe an additional register stage after this function.  If there is no registered adder/accumulator following the multiply function, two pipeline stages are suggested to allow both the MREG and PREG registers to be used.  If the DSP48 was instantiated in the design, it is suggested to set both the MREG and PREG attributes to 1 when performing multiply functions.
Related violations: <none>

DPOP-4#43 Warning
MREG Output pipelining  
DSP sfo/initial_estimator/service/backend/backend/packer/u_bw/U0/i_mult/gDSP.gDSP_only.iDSP/use_prim.appDSP48[0].bppDSP48[0].use_dsp.use_dsp48e2.iDSP48E2 multiplier stage sfo/initial_estimator/service/backend/backend/packer/u_bw/U0/i_mult/gDSP.gDSP_only.iDSP/use_prim.appDSP48[0].bppDSP48[0].use_dsp.use_dsp48e2.iDSP48E2/P[47:0] is not pipelined (MREG=0). Pipelining the multiplier function will improve performance and will save significant power so it is suggested whenever possible to fully pipeline this function.  If this multiplier was inferred, it is suggested to describe an additional register stage after this function.  If there is no registered adder/accumulator following the multiply function, two pipeline stages are suggested to allow both the MREG and PREG registers to be used.  If the DSP48 was instantiated in the design, it is suggested to set both the MREG and PREG attributes to 1 when performing multiply functions.
Related violations: <none>

DPOP-4#44 Warning
MREG Output pipelining  
DSP sfo/initial_estimator/service/backend/backend/packer/u_bw/U0/i_mult/gDSP.gDSP_only.iDSP/use_prim.appDSP48[1].bppDSP48[0].use_dsp.use_dsp48e2.iDSP48E2 multiplier stage sfo/initial_estimator/service/backend/backend/packer/u_bw/U0/i_mult/gDSP.gDSP_only.iDSP/use_prim.appDSP48[1].bppDSP48[0].use_dsp.use_dsp48e2.iDSP48E2/P[47:0] is not pipelined (MREG=0). Pipelining the multiplier function will improve performance and will save significant power so it is suggested whenever possible to fully pipeline this function.  If this multiplier was inferred, it is suggested to describe an additional register stage after this function.  If there is no registered adder/accumulator following the multiply function, two pipeline stages are suggested to allow both the MREG and PREG registers to be used.  If the DSP48 was instantiated in the design, it is suggested to set both the MREG and PREG attributes to 1 when performing multiply functions.
Related violations: <none>

DPOP-4#45 Warning
MREG Output pipelining  
DSP sfo/initial_estimator/service/backend/backend/packer/u_bw/U0/i_mult/gDSP.gDSP_only.iDSP/use_prim.appDSP48[1].bppDSP48[1].use_dsp.use_dsp48e2.iDSP48E2 multiplier stage sfo/initial_estimator/service/backend/backend/packer/u_bw/U0/i_mult/gDSP.gDSP_only.iDSP/use_prim.appDSP48[1].bppDSP48[1].use_dsp.use_dsp48e2.iDSP48E2/P[47:0] is not pipelined (MREG=0). Pipelining the multiplier function will improve performance and will save significant power so it is suggested whenever possible to fully pipeline this function.  If this multiplier was inferred, it is suggested to describe an additional register stage after this function.  If there is no registered adder/accumulator following the multiply function, two pipeline stages are suggested to allow both the MREG and PREG registers to be used.  If the DSP48 was instantiated in the design, it is suggested to set both the MREG and PREG attributes to 1 when performing multiply functions.
Related violations: <none>

DPOP-4#46 Warning
MREG Output pipelining  
DSP sfo/initial_estimator/service/backend/backend/packer/u_bw/U0/i_mult/gDSP.gDSP_only.iDSP/use_prim.appDSP48[3].bppDSP48[0].use_dsp.use_dsp48e2.iDSP48E2 multiplier stage sfo/initial_estimator/service/backend/backend/packer/u_bw/U0/i_mult/gDSP.gDSP_only.iDSP/use_prim.appDSP48[3].bppDSP48[0].use_dsp.use_dsp48e2.iDSP48E2/P[47:0] is not pipelined (MREG=0). Pipelining the multiplier function will improve performance and will save significant power so it is suggested whenever possible to fully pipeline this function.  If this multiplier was inferred, it is suggested to describe an additional register stage after this function.  If there is no registered adder/accumulator following the multiply function, two pipeline stages are suggested to allow both the MREG and PREG registers to be used.  If the DSP48 was instantiated in the design, it is suggested to set both the MREG and PREG attributes to 1 when performing multiply functions.
Related violations: <none>

DPOP-4#47 Warning
MREG Output pipelining  
DSP sfo/initial_estimator/service/backend/backend/packer/u_bw/U0/i_mult/gDSP.gDSP_only.iDSP/use_prim.appDSP48[3].bppDSP48[1].use_dsp.use_dsp48e2.iDSP48E2 multiplier stage sfo/initial_estimator/service/backend/backend/packer/u_bw/U0/i_mult/gDSP.gDSP_only.iDSP/use_prim.appDSP48[3].bppDSP48[1].use_dsp.use_dsp48e2.iDSP48E2/P[47:0] is not pipelined (MREG=0). Pipelining the multiplier function will improve performance and will save significant power so it is suggested whenever possible to fully pipeline this function.  If this multiplier was inferred, it is suggested to describe an additional register stage after this function.  If there is no registered adder/accumulator following the multiply function, two pipeline stages are suggested to allow both the MREG and PREG registers to be used.  If the DSP48 was instantiated in the design, it is suggested to set both the MREG and PREG attributes to 1 when performing multiply functions.
Related violations: <none>

DPOP-4#48 Warning
MREG Output pipelining  
DSP sfo/initial_estimator/service/backend/backend/regression/u_p02/U0/i_mult/gDSP.gDSP_only.iDSP/use_prim.appDSP48[0].bppDSP48[0].use_dsp.use_dsp48e2.iDSP48E2 multiplier stage sfo/initial_estimator/service/backend/backend/regression/u_p02/U0/i_mult/gDSP.gDSP_only.iDSP/use_prim.appDSP48[0].bppDSP48[0].use_dsp.use_dsp48e2.iDSP48E2/P[47:0] is not pipelined (MREG=0). Pipelining the multiplier function will improve performance and will save significant power so it is suggested whenever possible to fully pipeline this function.  If this multiplier was inferred, it is suggested to describe an additional register stage after this function.  If there is no registered adder/accumulator following the multiply function, two pipeline stages are suggested to allow both the MREG and PREG registers to be used.  If the DSP48 was instantiated in the design, it is suggested to set both the MREG and PREG attributes to 1 when performing multiply functions.
Related violations: <none>

DPOP-4#49 Warning
MREG Output pipelining  
DSP sfo/initial_estimator/service/backend/backend/regression/u_p02/U0/i_mult/gDSP.gDSP_only.iDSP/use_prim.appDSP48[0].bppDSP48[2].use_dsp.use_dsp48e2.iDSP48E2 multiplier stage sfo/initial_estimator/service/backend/backend/regression/u_p02/U0/i_mult/gDSP.gDSP_only.iDSP/use_prim.appDSP48[0].bppDSP48[2].use_dsp.use_dsp48e2.iDSP48E2/P[47:0] is not pipelined (MREG=0). Pipelining the multiplier function will improve performance and will save significant power so it is suggested whenever possible to fully pipeline this function.  If this multiplier was inferred, it is suggested to describe an additional register stage after this function.  If there is no registered adder/accumulator following the multiply function, two pipeline stages are suggested to allow both the MREG and PREG registers to be used.  If the DSP48 was instantiated in the design, it is suggested to set both the MREG and PREG attributes to 1 when performing multiply functions.
Related violations: <none>

DPOP-4#50 Warning
MREG Output pipelining  
DSP sfo/initial_estimator/service/backend/backend/regression/u_p02/U0/i_mult/gDSP.gDSP_only.iDSP/use_prim.appDSP48[1].bppDSP48[0].use_dsp.use_dsp48e2.iDSP48E2 multiplier stage sfo/initial_estimator/service/backend/backend/regression/u_p02/U0/i_mult/gDSP.gDSP_only.iDSP/use_prim.appDSP48[1].bppDSP48[0].use_dsp.use_dsp48e2.iDSP48E2/P[47:0] is not pipelined (MREG=0). Pipelining the multiplier function will improve performance and will save significant power so it is suggested whenever possible to fully pipeline this function.  If this multiplier was inferred, it is suggested to describe an additional register stage after this function.  If there is no registered adder/accumulator following the multiply function, two pipeline stages are suggested to allow both the MREG and PREG registers to be used.  If the DSP48 was instantiated in the design, it is suggested to set both the MREG and PREG attributes to 1 when performing multiply functions.
Related violations: <none>

DPOP-4#51 Warning
MREG Output pipelining  
DSP sfo/initial_estimator/service/backend/backend/regression/u_p0t1_hi/U0/i_mult/gDSP.gDSP_only.iDSP/use_prim.appDSP48[0].bppDSP48[0].use_dsp.use_dsp48e2.iDSP48E2 multiplier stage sfo/initial_estimator/service/backend/backend/regression/u_p0t1_hi/U0/i_mult/gDSP.gDSP_only.iDSP/use_prim.appDSP48[0].bppDSP48[0].use_dsp.use_dsp48e2.iDSP48E2/P[47:0] is not pipelined (MREG=0). Pipelining the multiplier function will improve performance and will save significant power so it is suggested whenever possible to fully pipeline this function.  If this multiplier was inferred, it is suggested to describe an additional register stage after this function.  If there is no registered adder/accumulator following the multiply function, two pipeline stages are suggested to allow both the MREG and PREG registers to be used.  If the DSP48 was instantiated in the design, it is suggested to set both the MREG and PREG attributes to 1 when performing multiply functions.
Related violations: <none>

DPOP-4#52 Warning
MREG Output pipelining  
DSP sfo/initial_estimator/service/backend/backend/regression/u_p0t1_lo/U0/i_mult/gDSP.gDSP_only.iDSP/use_prim.appDSP48[0].bppDSP48[0].use_dsp.use_dsp48e2.iDSP48E2 multiplier stage sfo/initial_estimator/service/backend/backend/regression/u_p0t1_lo/U0/i_mult/gDSP.gDSP_only.iDSP/use_prim.appDSP48[0].bppDSP48[0].use_dsp.use_dsp48e2.iDSP48E2/P[47:0] is not pipelined (MREG=0). Pipelining the multiplier function will improve performance and will save significant power so it is suggested whenever possible to fully pipeline this function.  If this multiplier was inferred, it is suggested to describe an additional register stage after this function.  If there is no registered adder/accumulator following the multiply function, two pipeline stages are suggested to allow both the MREG and PREG registers to be used.  If the DSP48 was instantiated in the design, it is suggested to set both the MREG and PREG attributes to 1 when performing multiply functions.
Related violations: <none>

DPOP-4#53 Warning
MREG Output pipelining  
DSP sfo/initial_estimator/service/backend/backend/regression/u_p11/U0/i_mult/gDSP.gDSP_only.iDSP/use_prim.appDSP48[0].bppDSP48[0].use_dsp.use_dsp48e2.iDSP48E2 multiplier stage sfo/initial_estimator/service/backend/backend/regression/u_p11/U0/i_mult/gDSP.gDSP_only.iDSP/use_prim.appDSP48[0].bppDSP48[0].use_dsp.use_dsp48e2.iDSP48E2/P[47:0] is not pipelined (MREG=0). Pipelining the multiplier function will improve performance and will save significant power so it is suggested whenever possible to fully pipeline this function.  If this multiplier was inferred, it is suggested to describe an additional register stage after this function.  If there is no registered adder/accumulator following the multiply function, two pipeline stages are suggested to allow both the MREG and PREG registers to be used.  If the DSP48 was instantiated in the design, it is suggested to set both the MREG and PREG attributes to 1 when performing multiply functions.
Related violations: <none>

DPOP-4#54 Warning
MREG Output pipelining  
DSP sfo/initial_estimator/service/backend/backend/regression/u_p11/U0/i_mult/gDSP.gDSP_only.iDSP/use_prim.extra_dsp.use_dsp.use_dsp48e2.iDSP48E2 multiplier stage sfo/initial_estimator/service/backend/backend/regression/u_p11/U0/i_mult/gDSP.gDSP_only.iDSP/use_prim.extra_dsp.use_dsp.use_dsp48e2.iDSP48E2/P[47:0] is not pipelined (MREG=0). Pipelining the multiplier function will improve performance and will save significant power so it is suggested whenever possible to fully pipeline this function.  If this multiplier was inferred, it is suggested to describe an additional register stage after this function.  If there is no registered adder/accumulator following the multiply function, two pipeline stages are suggested to allow both the MREG and PREG registers to be used.  If the DSP48 was instantiated in the design, it is suggested to set both the MREG and PREG attributes to 1 when performing multiply functions.
Related violations: <none>

DPOP-4#55 Warning
MREG Output pipelining  
DSP sfo/initial_estimator/service/backend/backend/regression/u_p1t0_hi/U0/i_mult/gDSP.gDSP_only.iDSP/use_prim.appDSP48[0].bppDSP48[0].use_dsp.use_dsp48e2.iDSP48E2 multiplier stage sfo/initial_estimator/service/backend/backend/regression/u_p1t0_hi/U0/i_mult/gDSP.gDSP_only.iDSP/use_prim.appDSP48[0].bppDSP48[0].use_dsp.use_dsp48e2.iDSP48E2/P[47:0] is not pipelined (MREG=0). Pipelining the multiplier function will improve performance and will save significant power so it is suggested whenever possible to fully pipeline this function.  If this multiplier was inferred, it is suggested to describe an additional register stage after this function.  If there is no registered adder/accumulator following the multiply function, two pipeline stages are suggested to allow both the MREG and PREG registers to be used.  If the DSP48 was instantiated in the design, it is suggested to set both the MREG and PREG attributes to 1 when performing multiply functions.
Related violations: <none>

DPOP-4#56 Warning
MREG Output pipelining  
DSP sfo/initial_estimator/service/backend/backend/regression/u_p1t0_hi/U0/i_mult/gDSP.gDSP_only.iDSP/use_prim.extra_dsp.use_dsp.use_dsp48e2.iDSP48E2 multiplier stage sfo/initial_estimator/service/backend/backend/regression/u_p1t0_hi/U0/i_mult/gDSP.gDSP_only.iDSP/use_prim.extra_dsp.use_dsp.use_dsp48e2.iDSP48E2/P[47:0] is not pipelined (MREG=0). Pipelining the multiplier function will improve performance and will save significant power so it is suggested whenever possible to fully pipeline this function.  If this multiplier was inferred, it is suggested to describe an additional register stage after this function.  If there is no registered adder/accumulator following the multiply function, two pipeline stages are suggested to allow both the MREG and PREG registers to be used.  If the DSP48 was instantiated in the design, it is suggested to set both the MREG and PREG attributes to 1 when performing multiply functions.
Related violations: <none>

DPOP-4#57 Warning
MREG Output pipelining  
DSP sfo/initial_estimator/service/backend/backend/regression/u_p1t0_lo/U0/i_mult/gDSP.gDSP_only.iDSP/use_prim.appDSP48[0].bppDSP48[0].use_dsp.use_dsp48e2.iDSP48E2 multiplier stage sfo/initial_estimator/service/backend/backend/regression/u_p1t0_lo/U0/i_mult/gDSP.gDSP_only.iDSP/use_prim.appDSP48[0].bppDSP48[0].use_dsp.use_dsp48e2.iDSP48E2/P[47:0] is not pipelined (MREG=0). Pipelining the multiplier function will improve performance and will save significant power so it is suggested whenever possible to fully pipeline this function.  If this multiplier was inferred, it is suggested to describe an additional register stage after this function.  If there is no registered adder/accumulator following the multiply function, two pipeline stages are suggested to allow both the MREG and PREG registers to be used.  If the DSP48 was instantiated in the design, it is suggested to set both the MREG and PREG attributes to 1 when performing multiply functions.
Related violations: <none>

DPOP-4#58 Warning
MREG Output pipelining  
DSP sfo/initial_estimator/service/backend/backend/regression/u_p1t0_lo/U0/i_mult/gDSP.gDSP_only.iDSP/use_prim.extra_dsp.use_dsp.use_dsp48e2.iDSP48E2 multiplier stage sfo/initial_estimator/service/backend/backend/regression/u_p1t0_lo/U0/i_mult/gDSP.gDSP_only.iDSP/use_prim.extra_dsp.use_dsp.use_dsp48e2.iDSP48E2/P[47:0] is not pipelined (MREG=0). Pipelining the multiplier function will improve performance and will save significant power so it is suggested whenever possible to fully pipeline this function.  If this multiplier was inferred, it is suggested to describe an additional register stage after this function.  If there is no registered adder/accumulator following the multiply function, two pipeline stages are suggested to allow both the MREG and PREG registers to be used.  If the DSP48 was instantiated in the design, it is suggested to set both the MREG and PREG attributes to 1 when performing multiply functions.
Related violations: <none>

DPOP-4#59 Warning
MREG Output pipelining  
DSP sfo/initial_estimator/service/backend/backend/sums/u_wkk/U0/i_mult/gDSP.gDSP_only.iDSP/use_prim.appDSP48[1].bppDSP48[0].use_dsp.use_dsp48e2.iDSP48E2 multiplier stage sfo/initial_estimator/service/backend/backend/sums/u_wkk/U0/i_mult/gDSP.gDSP_only.iDSP/use_prim.appDSP48[1].bppDSP48[0].use_dsp.use_dsp48e2.iDSP48E2/P[47:0] is not pipelined (MREG=0). Pipelining the multiplier function will improve performance and will save significant power so it is suggested whenever possible to fully pipeline this function.  If this multiplier was inferred, it is suggested to describe an additional register stage after this function.  If there is no registered adder/accumulator following the multiply function, two pipeline stages are suggested to allow both the MREG and PREG registers to be used.  If the DSP48 was instantiated in the design, it is suggested to set both the MREG and PREG attributes to 1 when performing multiply functions.
Related violations: <none>

DPOP-4#60 Warning
MREG Output pipelining  
DSP sfo/initial_estimator/service/backend/backend/sums/u_wky/U0/i_mult/gDSP.gDSP_only.iDSP/use_prim.appDSP48[0].bppDSP48[0].use_dsp.use_dsp48e2.iDSP48E2 multiplier stage sfo/initial_estimator/service/backend/backend/sums/u_wky/U0/i_mult/gDSP.gDSP_only.iDSP/use_prim.appDSP48[0].bppDSP48[0].use_dsp.use_dsp48e2.iDSP48E2/P[47:0] is not pipelined (MREG=0). Pipelining the multiplier function will improve performance and will save significant power so it is suggested whenever possible to fully pipeline this function.  If this multiplier was inferred, it is suggested to describe an additional register stage after this function.  If there is no registered adder/accumulator following the multiply function, two pipeline stages are suggested to allow both the MREG and PREG registers to be used.  If the DSP48 was instantiated in the design, it is suggested to set both the MREG and PREG attributes to 1 when performing multiply functions.
Related violations: <none>

DPOP-4#61 Warning
MREG Output pipelining  
DSP sfo/initial_estimator/service/backend/backend/sums/u_wky/U0/i_mult/gDSP.gDSP_only.iDSP/use_prim.appDSP48[0].bppDSP48[2].use_dsp.use_dsp48e2.iDSP48E2 multiplier stage sfo/initial_estimator/service/backend/backend/sums/u_wky/U0/i_mult/gDSP.gDSP_only.iDSP/use_prim.appDSP48[0].bppDSP48[2].use_dsp.use_dsp48e2.iDSP48E2/P[47:0] is not pipelined (MREG=0). Pipelining the multiplier function will improve performance and will save significant power so it is suggested whenever possible to fully pipeline this function.  If this multiplier was inferred, it is suggested to describe an additional register stage after this function.  If there is no registered adder/accumulator following the multiply function, two pipeline stages are suggested to allow both the MREG and PREG registers to be used.  If the DSP48 was instantiated in the design, it is suggested to set both the MREG and PREG attributes to 1 when performing multiply functions.
Related violations: <none>

DPOP-4#62 Warning
MREG Output pipelining  
DSP sfo/initial_estimator/service/backend/backend/sums/u_wky/U0/i_mult/gDSP.gDSP_only.iDSP/use_prim.appDSP48[1].bppDSP48[0].use_dsp.use_dsp48e2.iDSP48E2 multiplier stage sfo/initial_estimator/service/backend/backend/sums/u_wky/U0/i_mult/gDSP.gDSP_only.iDSP/use_prim.appDSP48[1].bppDSP48[0].use_dsp.use_dsp48e2.iDSP48E2/P[47:0] is not pipelined (MREG=0). Pipelining the multiplier function will improve performance and will save significant power so it is suggested whenever possible to fully pipeline this function.  If this multiplier was inferred, it is suggested to describe an additional register stage after this function.  If there is no registered adder/accumulator following the multiply function, two pipeline stages are suggested to allow both the MREG and PREG registers to be used.  If the DSP48 was instantiated in the design, it is suggested to set both the MREG and PREG attributes to 1 when performing multiply functions.
Related violations: <none>

DPOP-4#63 Warning
MREG Output pipelining  
DSP sfo/initial_estimator/service/backend/backend/sums/u_wky/U0/i_mult/gDSP.gDSP_only.iDSP/use_prim.appDSP48[1].bppDSP48[2].use_dsp.use_dsp48e2.iDSP48E2 multiplier stage sfo/initial_estimator/service/backend/backend/sums/u_wky/U0/i_mult/gDSP.gDSP_only.iDSP/use_prim.appDSP48[1].bppDSP48[2].use_dsp.use_dsp48e2.iDSP48E2/P[47:0] is not pipelined (MREG=0). Pipelining the multiplier function will improve performance and will save significant power so it is suggested whenever possible to fully pipeline this function.  If this multiplier was inferred, it is suggested to describe an additional register stage after this function.  If there is no registered adder/accumulator following the multiply function, two pipeline stages are suggested to allow both the MREG and PREG registers to be used.  If the DSP48 was instantiated in the design, it is suggested to set both the MREG and PREG attributes to 1 when performing multiply functions.
Related violations: <none>

DPOP-4#64 Warning
MREG Output pipelining  
DSP sfo/initial_estimator/service/backend/backend/sums/u_wy/U0/i_mult/gDSP.gDSP_only.iDSP/use_prim.appDSP48[0].bppDSP48[0].use_dsp.use_dsp48e2.iDSP48E2 multiplier stage sfo/initial_estimator/service/backend/backend/sums/u_wy/U0/i_mult/gDSP.gDSP_only.iDSP/use_prim.appDSP48[0].bppDSP48[0].use_dsp.use_dsp48e2.iDSP48E2/P[47:0] is not pipelined (MREG=0). Pipelining the multiplier function will improve performance and will save significant power so it is suggested whenever possible to fully pipeline this function.  If this multiplier was inferred, it is suggested to describe an additional register stage after this function.  If there is no registered adder/accumulator following the multiply function, two pipeline stages are suggested to allow both the MREG and PREG registers to be used.  If the DSP48 was instantiated in the design, it is suggested to set both the MREG and PREG attributes to 1 when performing multiply functions.
Related violations: <none>

DPOP-4#65 Warning
MREG Output pipelining  
DSP sfo/initial_estimator/service/backend/backend/sums/u_wy/U0/i_mult/gDSP.gDSP_only.iDSP/use_prim.appDSP48[0].bppDSP48[2].use_dsp.use_dsp48e2.iDSP48E2 multiplier stage sfo/initial_estimator/service/backend/backend/sums/u_wy/U0/i_mult/gDSP.gDSP_only.iDSP/use_prim.appDSP48[0].bppDSP48[2].use_dsp.use_dsp48e2.iDSP48E2/P[47:0] is not pipelined (MREG=0). Pipelining the multiplier function will improve performance and will save significant power so it is suggested whenever possible to fully pipeline this function.  If this multiplier was inferred, it is suggested to describe an additional register stage after this function.  If there is no registered adder/accumulator following the multiply function, two pipeline stages are suggested to allow both the MREG and PREG registers to be used.  If the DSP48 was instantiated in the design, it is suggested to set both the MREG and PREG attributes to 1 when performing multiply functions.
Related violations: <none>

DPOP-4#66 Warning
MREG Output pipelining  
DSP sfo/initial_estimator/service/backend/observations/engines[0].engine/product/U0/i_mult/gDSP.gDSP_only.iDSP/use_prim.appDSP48[1].bppDSP48[1].use_dsp.use_dsp48e2.iDSP48E2 multiplier stage sfo/initial_estimator/service/backend/observations/engines[0].engine/product/U0/i_mult/gDSP.gDSP_only.iDSP/use_prim.appDSP48[1].bppDSP48[1].use_dsp.use_dsp48e2.iDSP48E2/P[47:0] is not pipelined (MREG=0). Pipelining the multiplier function will improve performance and will save significant power so it is suggested whenever possible to fully pipeline this function.  If this multiplier was inferred, it is suggested to describe an additional register stage after this function.  If there is no registered adder/accumulator following the multiply function, two pipeline stages are suggested to allow both the MREG and PREG registers to be used.  If the DSP48 was instantiated in the design, it is suggested to set both the MREG and PREG attributes to 1 when performing multiply functions.
Related violations: <none>

DPOP-4#67 Warning
MREG Output pipelining  
DSP sfo/initial_estimator/service/backend/observations/engines[1].engine/product/U0/i_mult/gDSP.gDSP_only.iDSP/use_prim.appDSP48[1].bppDSP48[1].use_dsp.use_dsp48e2.iDSP48E2 multiplier stage sfo/initial_estimator/service/backend/observations/engines[1].engine/product/U0/i_mult/gDSP.gDSP_only.iDSP/use_prim.appDSP48[1].bppDSP48[1].use_dsp.use_dsp48e2.iDSP48E2/P[47:0] is not pipelined (MREG=0). Pipelining the multiplier function will improve performance and will save significant power so it is suggested whenever possible to fully pipeline this function.  If this multiplier was inferred, it is suggested to describe an additional register stage after this function.  If there is no registered adder/accumulator following the multiply function, two pipeline stages are suggested to allow both the MREG and PREG registers to be used.  If the DSP48 was instantiated in the design, it is suggested to set both the MREG and PREG attributes to 1 when performing multiply functions.
Related violations: <none>

DPOP-4#68 Warning
MREG Output pipelining  
DSP sfo/initial_estimator/service/frontend/correction/u_gain/g_lane[0].u_lane/u_cross_i/U0/i_mult/gDSP.gDSP_only.iDSP/use_prim.appDSP48[1].bppDSP48[0].use_dsp.use_dsp48e2.iDSP48E2 multiplier stage sfo/initial_estimator/service/frontend/correction/u_gain/g_lane[0].u_lane/u_cross_i/U0/i_mult/gDSP.gDSP_only.iDSP/use_prim.appDSP48[1].bppDSP48[0].use_dsp.use_dsp48e2.iDSP48E2/P[47:0] is not pipelined (MREG=0). Pipelining the multiplier function will improve performance and will save significant power so it is suggested whenever possible to fully pipeline this function.  If this multiplier was inferred, it is suggested to describe an additional register stage after this function.  If there is no registered adder/accumulator following the multiply function, two pipeline stages are suggested to allow both the MREG and PREG registers to be used.  If the DSP48 was instantiated in the design, it is suggested to set both the MREG and PREG attributes to 1 when performing multiply functions.
Related violations: <none>

DPOP-4#69 Warning
MREG Output pipelining  
DSP sfo/initial_estimator/service/frontend/correction/u_gain/g_lane[0].u_lane/u_cross_q/U0/i_mult/gDSP.gDSP_only.iDSP/use_prim.appDSP48[1].bppDSP48[0].use_dsp.use_dsp48e2.iDSP48E2 multiplier stage sfo/initial_estimator/service/frontend/correction/u_gain/g_lane[0].u_lane/u_cross_q/U0/i_mult/gDSP.gDSP_only.iDSP/use_prim.appDSP48[1].bppDSP48[0].use_dsp.use_dsp48e2.iDSP48E2/P[47:0] is not pipelined (MREG=0). Pipelining the multiplier function will improve performance and will save significant power so it is suggested whenever possible to fully pipeline this function.  If this multiplier was inferred, it is suggested to describe an additional register stage after this function.  If there is no registered adder/accumulator following the multiply function, two pipeline stages are suggested to allow both the MREG and PREG registers to be used.  If the DSP48 was instantiated in the design, it is suggested to set both the MREG and PREG attributes to 1 when performing multiply functions.
Related violations: <none>

DPOP-4#70 Warning
MREG Output pipelining  
DSP sfo/initial_estimator/service/frontend/correction/u_gain/g_lane[1].u_lane/u_cross_i/U0/i_mult/gDSP.gDSP_only.iDSP/use_prim.appDSP48[1].bppDSP48[0].use_dsp.use_dsp48e2.iDSP48E2 multiplier stage sfo/initial_estimator/service/frontend/correction/u_gain/g_lane[1].u_lane/u_cross_i/U0/i_mult/gDSP.gDSP_only.iDSP/use_prim.appDSP48[1].bppDSP48[0].use_dsp.use_dsp48e2.iDSP48E2/P[47:0] is not pipelined (MREG=0). Pipelining the multiplier function will improve performance and will save significant power so it is suggested whenever possible to fully pipeline this function.  If this multiplier was inferred, it is suggested to describe an additional register stage after this function.  If there is no registered adder/accumulator following the multiply function, two pipeline stages are suggested to allow both the MREG and PREG registers to be used.  If the DSP48 was instantiated in the design, it is suggested to set both the MREG and PREG attributes to 1 when performing multiply functions.
Related violations: <none>

DPOP-4#71 Warning
MREG Output pipelining  
DSP sfo/initial_estimator/service/frontend/correction/u_gain/g_lane[1].u_lane/u_cross_q/U0/i_mult/gDSP.gDSP_only.iDSP/use_prim.appDSP48[1].bppDSP48[0].use_dsp.use_dsp48e2.iDSP48E2 multiplier stage sfo/initial_estimator/service/frontend/correction/u_gain/g_lane[1].u_lane/u_cross_q/U0/i_mult/gDSP.gDSP_only.iDSP/use_prim.appDSP48[1].bppDSP48[0].use_dsp.use_dsp48e2.iDSP48E2/P[47:0] is not pipelined (MREG=0). Pipelining the multiplier function will improve performance and will save significant power so it is suggested whenever possible to fully pipeline this function.  If this multiplier was inferred, it is suggested to describe an additional register stage after this function.  If there is no registered adder/accumulator following the multiply function, two pipeline stages are suggested to allow both the MREG and PREG registers to be used.  If the DSP48 was instantiated in the design, it is suggested to set both the MREG and PREG attributes to 1 when performing multiply functions.
Related violations: <none>

DPOP-4#72 Warning
MREG Output pipelining  
DSP sfo/initial_estimator/service/frontend/correction/u_gain/g_lane[2].u_lane/u_cross_i/U0/i_mult/gDSP.gDSP_only.iDSP/use_prim.appDSP48[1].bppDSP48[0].use_dsp.use_dsp48e2.iDSP48E2 multiplier stage sfo/initial_estimator/service/frontend/correction/u_gain/g_lane[2].u_lane/u_cross_i/U0/i_mult/gDSP.gDSP_only.iDSP/use_prim.appDSP48[1].bppDSP48[0].use_dsp.use_dsp48e2.iDSP48E2/P[47:0] is not pipelined (MREG=0). Pipelining the multiplier function will improve performance and will save significant power so it is suggested whenever possible to fully pipeline this function.  If this multiplier was inferred, it is suggested to describe an additional register stage after this function.  If there is no registered adder/accumulator following the multiply function, two pipeline stages are suggested to allow both the MREG and PREG registers to be used.  If the DSP48 was instantiated in the design, it is suggested to set both the MREG and PREG attributes to 1 when performing multiply functions.
Related violations: <none>

DPOP-4#73 Warning
MREG Output pipelining  
DSP sfo/initial_estimator/service/frontend/correction/u_gain/g_lane[2].u_lane/u_cross_q/U0/i_mult/gDSP.gDSP_only.iDSP/use_prim.appDSP48[1].bppDSP48[0].use_dsp.use_dsp48e2.iDSP48E2 multiplier stage sfo/initial_estimator/service/frontend/correction/u_gain/g_lane[2].u_lane/u_cross_q/U0/i_mult/gDSP.gDSP_only.iDSP/use_prim.appDSP48[1].bppDSP48[0].use_dsp.use_dsp48e2.iDSP48E2/P[47:0] is not pipelined (MREG=0). Pipelining the multiplier function will improve performance and will save significant power so it is suggested whenever possible to fully pipeline this function.  If this multiplier was inferred, it is suggested to describe an additional register stage after this function.  If there is no registered adder/accumulator following the multiply function, two pipeline stages are suggested to allow both the MREG and PREG registers to be used.  If the DSP48 was instantiated in the design, it is suggested to set both the MREG and PREG attributes to 1 when performing multiply functions.
Related violations: <none>

DPOP-4#74 Warning
MREG Output pipelining  
DSP sfo/initial_estimator/service/frontend/correction/u_gain/g_lane[3].u_lane/u_cross_i/U0/i_mult/gDSP.gDSP_only.iDSP/use_prim.appDSP48[1].bppDSP48[0].use_dsp.use_dsp48e2.iDSP48E2 multiplier stage sfo/initial_estimator/service/frontend/correction/u_gain/g_lane[3].u_lane/u_cross_i/U0/i_mult/gDSP.gDSP_only.iDSP/use_prim.appDSP48[1].bppDSP48[0].use_dsp.use_dsp48e2.iDSP48E2/P[47:0] is not pipelined (MREG=0). Pipelining the multiplier function will improve performance and will save significant power so it is suggested whenever possible to fully pipeline this function.  If this multiplier was inferred, it is suggested to describe an additional register stage after this function.  If there is no registered adder/accumulator following the multiply function, two pipeline stages are suggested to allow both the MREG and PREG registers to be used.  If the DSP48 was instantiated in the design, it is suggested to set both the MREG and PREG attributes to 1 when performing multiply functions.
Related violations: <none>

DPOP-4#75 Warning
MREG Output pipelining  
DSP sfo/initial_estimator/service/frontend/correction/u_gain/g_lane[3].u_lane/u_cross_q/U0/i_mult/gDSP.gDSP_only.iDSP/use_prim.appDSP48[1].bppDSP48[0].use_dsp.use_dsp48e2.iDSP48E2 multiplier stage sfo/initial_estimator/service/frontend/correction/u_gain/g_lane[3].u_lane/u_cross_q/U0/i_mult/gDSP.gDSP_only.iDSP/use_prim.appDSP48[1].bppDSP48[0].use_dsp.use_dsp48e2.iDSP48E2/P[47:0] is not pipelined (MREG=0). Pipelining the multiplier function will improve performance and will save significant power so it is suggested whenever possible to fully pipeline this function.  If this multiplier was inferred, it is suggested to describe an additional register stage after this function.  If there is no registered adder/accumulator following the multiply function, two pipeline stages are suggested to allow both the MREG and PREG registers to be used.  If the DSP48 was instantiated in the design, it is suggested to set both the MREG and PREG attributes to 1 when performing multiply functions.
Related violations: <none>

DPOP-4#76 Warning
MREG Output pipelining  
DSP sfo/residual_estimator/backend/interpolate/ratio_right0 multiplier stage sfo/residual_estimator/backend/interpolate/ratio_right0/P[47:0] is not pipelined (MREG=0). Pipelining the multiplier function will improve performance and will save significant power so it is suggested whenever possible to fully pipeline this function.  If this multiplier was inferred, it is suggested to describe an additional register stage after this function.  If there is no registered adder/accumulator following the multiply function, two pipeline stages are suggested to allow both the MREG and PREG registers to be used.  If the DSP48 was instantiated in the design, it is suggested to set both the MREG and PREG attributes to 1 when performing multiply functions.
Related violations: <none>

DPOP-4#77 Warning
MREG Output pipelining  
DSP sfo/residual_estimator/backend/interpolate/ratio_right_reg multiplier stage sfo/residual_estimator/backend/interpolate/ratio_right_reg/P[47:0] is not pipelined (MREG=0). Pipelining the multiplier function will improve performance and will save significant power so it is suggested whenever possible to fully pipeline this function.  If this multiplier was inferred, it is suggested to describe an additional register stage after this function.  If there is no registered adder/accumulator following the multiply function, two pipeline stages are suggested to allow both the MREG and PREG registers to be used.  If the DSP48 was instantiated in the design, it is suggested to set both the MREG and PREG attributes to 1 when performing multiply functions.
Related violations: <none>

DPOP-4#78 Warning
MREG Output pipelining  
DSP sfo/residual_estimator/backend/regression/point_square0 multiplier stage sfo/residual_estimator/backend/regression/point_square0/P[47:0] is not pipelined (MREG=0). Pipelining the multiplier function will improve performance and will save significant power so it is suggested whenever possible to fully pipeline this function.  If this multiplier was inferred, it is suggested to describe an additional register stage after this function.  If there is no registered adder/accumulator following the multiply function, two pipeline stages are suggested to allow both the MREG and PREG registers to be used.  If the DSP48 was instantiated in the design, it is suggested to set both the MREG and PREG attributes to 1 when performing multiply functions.
Related violations: <none>

DPOP-4#79 Warning
MREG Output pipelining  
DSP sfo/residual_estimator/backend/regression/point_square_reg multiplier stage sfo/residual_estimator/backend/regression/point_square_reg/P[47:0] is not pipelined (MREG=0). Pipelining the multiplier function will improve performance and will save significant power so it is suggested whenever possible to fully pipeline this function.  If this multiplier was inferred, it is suggested to describe an additional register stage after this function.  If there is no registered adder/accumulator following the multiply function, two pipeline stages are suggested to allow both the MREG and PREG registers to be used.  If the DSP48 was instantiated in the design, it is suggested to set both the MREG and PREG attributes to 1 when performing multiply functions.
Related violations: <none>

DPOP-4#80 Warning
MREG Output pipelining  
DSP sfo/residual_estimator/front_stage/main/reader/start_calc multiplier stage sfo/residual_estimator/front_stage/main/reader/start_calc/P[47:0] is not pipelined (MREG=0). Pipelining the multiplier function will improve performance and will save significant power so it is suggested whenever possible to fully pipeline this function.  If this multiplier was inferred, it is suggested to describe an additional register stage after this function.  If there is no registered adder/accumulator following the multiply function, two pipeline stages are suggested to allow both the MREG and PREG registers to be used.  If the DSP48 was instantiated in the design, it is suggested to set both the MREG and PREG attributes to 1 when performing multiply functions.
Related violations: <none>

DPOP-4#81 Warning
MREG Output pipelining  
DSP sfo/two_pass_transport/requested_window_start multiplier stage sfo/two_pass_transport/requested_window_start/P[47:0] is not pipelined (MREG=0). Pipelining the multiplier function will improve performance and will save significant power so it is suggested whenever possible to fully pipeline this function.  If this multiplier was inferred, it is suggested to describe an additional register stage after this function.  If there is no registered adder/accumulator following the multiply function, two pipeline stages are suggested to allow both the MREG and PREG registers to be used.  If the DSP48 was instantiated in the design, it is suggested to set both the MREG and PREG attributes to 1 when performing multiply functions.
Related violations: <none>

RTSTAT-10#1 Warning
No routable loads  
876 net(s) have no routable loads. The problem bus(es) and/or net(s) are busy125,
sfo/two_pass_transport/first_resampling/engine/core/stream/descriptor_head[ring_base][72]_rep_i_1__17_n_0,
sfo/two_pass_transport/first_resampling/engine/core/stream/descriptor_head[ring_base][73]_rep_i_1__2_n_0,
sfo/two_pass_transport/first_resampling/engine/core/stream/descriptor_head[ring_base][78]_rep_i_1__13_n_0,
sfo/two_pass_transport/first_resampling/engine/core/stream/descriptor_head[ring_base][79]_rep_i_1__2_n_0,
sfo/two_pass_transport/first_resampling/engine/core/stream/descriptor_head[ring_base][84]_rep_i_1__12_n_0,
sfo/two_pass_transport/first_resampling/engine/core/stream/descriptor_head[ring_base][84]_rep_i_1__14_n_0,
sfo/two_pass_transport/second_resampling/engine/core/stream/descriptor_head[ring_base][72]_rep_i_1__4_n_0,
sfo/two_pass_transport/second_resampling/engine/core/stream/descriptor_head[ring_base][78]_rep_i_1__10_n_0,
sfo/two_pass_transport/second_resampling/engine/core/stream/descriptor_head[ring_base][78]_rep_i_1__13_n_0,
sfo/two_pass_transport/second_resampling/engine/core/stream/descriptor_head[ring_base][78]_rep_i_1__15_n_0,
sfo/two_pass_transport/second_resampling/engine/core/stream/descriptor_head[ring_base][79]_rep_i_1__2_n_0,
sfo/two_pass_transport/second_resampling/engine/core/stream/descriptor_head[ring_base][84]_rep_i_1__20_n_0,
sfo/two_pass_transport/second_resampling/engine/core/stream/descriptor_head[ring_base][84]_rep_i_1__22_n_0,
sfo/two_pass_transport/second_resampling/engine/core/stream/descriptor_head[ring_base][8]_rep_i_1__0_n_0
 (the first 15 of 162 listed).
Related violations: <none>

AVAL-155#1 Advisory
enum_AMULTSEL_BMULTSEL_enum_DREG_ADREG_0_connects_CED_CEAD_RSTD_GND  
frontend/acquisition/correlation/g_lane[0].u_correlation_cmpy/U0/i_synth/i_synth/four_mult_structure.use_dsp.i_dsp/re_im/use_DSP48.qDSP[0].appDSP[0].bppDSP[0].u_l[0].use_dsp48e2.dsp: DSP48E2 is not using the D port (AMULTSEL = A and BMULTSEL = B). For improved power characteristics, set DREG and ADREG to '1', tie CED, CEAD, and RSTD to logic '0'.
Related violations: <none>

AVAL-155#2 Advisory
enum_AMULTSEL_BMULTSEL_enum_DREG_ADREG_0_connects_CED_CEAD_RSTD_GND  
frontend/acquisition/correlation/g_lane[0].u_correlation_cmpy/U0/i_synth/i_synth/four_mult_structure.use_dsp.i_dsp/re_im/use_DSP48.qDSP[0].appDSP[0].bppDSP[0].u_l[1].use_dsp48e2.dsp: DSP48E2 is not using the D port (AMULTSEL = A and BMULTSEL = B). For improved power characteristics, set DREG and ADREG to '1', tie CED, CEAD, and RSTD to logic '0'.
Related violations: <none>

AVAL-155#3 Advisory
enum_AMULTSEL_BMULTSEL_enum_DREG_ADREG_0_connects_CED_CEAD_RSTD_GND  
frontend/acquisition/correlation/g_lane[0].u_correlation_cmpy/U0/i_synth/i_synth/four_mult_structure.use_dsp.i_dsp/re_im/use_DSP48.qDSP[1].appDSP[0].bppDSP[0].u_l[0].use_dsp48e2.dsp: DSP48E2 is not using the D port (AMULTSEL = A and BMULTSEL = B). For improved power characteristics, set DREG and ADREG to '1', tie CED, CEAD, and RSTD to logic '0'.
Related violations: <none>

AVAL-155#4 Advisory
enum_AMULTSEL_BMULTSEL_enum_DREG_ADREG_0_connects_CED_CEAD_RSTD_GND  
frontend/acquisition/correlation/g_lane[0].u_correlation_cmpy/U0/i_synth/i_synth/four_mult_structure.use_dsp.i_dsp/re_im/use_DSP48.qDSP[1].appDSP[0].bppDSP[0].u_l[1].use_dsp48e2.dsp: DSP48E2 is not using the D port (AMULTSEL = A and BMULTSEL = B). For improved power characteristics, set DREG and ADREG to '1', tie CED, CEAD, and RSTD to logic '0'.
Related violations: <none>

AVAL-155#5 Advisory
enum_AMULTSEL_BMULTSEL_enum_DREG_ADREG_0_connects_CED_CEAD_RSTD_GND  
frontend/acquisition/correlation/g_lane[0].u_energy_cmpy/U0/i_synth/i_synth/four_mult_structure.use_dsp.i_dsp/re_im/use_DSP48.qDSP[0].appDSP[0].bppDSP[0].u_l[0].use_dsp48e2.dsp: DSP48E2 is not using the D port (AMULTSEL = A and BMULTSEL = B). For improved power characteristics, set DREG and ADREG to '1', tie CED, CEAD, and RSTD to logic '0'.
Related violations: <none>

AVAL-155#6 Advisory
enum_AMULTSEL_BMULTSEL_enum_DREG_ADREG_0_connects_CED_CEAD_RSTD_GND  
frontend/acquisition/correlation/g_lane[0].u_energy_cmpy/U0/i_synth/i_synth/four_mult_structure.use_dsp.i_dsp/re_im/use_DSP48.qDSP[0].appDSP[0].bppDSP[0].u_l[1].use_dsp48e2.dsp: DSP48E2 is not using the D port (AMULTSEL = A and BMULTSEL = B). For improved power characteristics, set DREG and ADREG to '1', tie CED, CEAD, and RSTD to logic '0'.
Related violations: <none>

AVAL-155#7 Advisory
enum_AMULTSEL_BMULTSEL_enum_DREG_ADREG_0_connects_CED_CEAD_RSTD_GND  
frontend/acquisition/correlation/g_lane[0].u_energy_cmpy/U0/i_synth/i_synth/four_mult_structure.use_dsp.i_dsp/re_im/use_DSP48.qDSP[1].appDSP[0].bppDSP[0].u_l[0].use_dsp48e2.dsp: DSP48E2 is not using the D port (AMULTSEL = A and BMULTSEL = B). For improved power characteristics, set DREG and ADREG to '1', tie CED, CEAD, and RSTD to logic '0'.
Related violations: <none>

AVAL-155#8 Advisory
enum_AMULTSEL_BMULTSEL_enum_DREG_ADREG_0_connects_CED_CEAD_RSTD_GND  
frontend/acquisition/correlation/g_lane[0].u_energy_cmpy/U0/i_synth/i_synth/four_mult_structure.use_dsp.i_dsp/re_im/use_DSP48.qDSP[1].appDSP[0].bppDSP[0].u_l[1].use_dsp48e2.dsp: DSP48E2 is not using the D port (AMULTSEL = A and BMULTSEL = B). For improved power characteristics, set DREG and ADREG to '1', tie CED, CEAD, and RSTD to logic '0'.
Related violations: <none>

AVAL-155#9 Advisory
enum_AMULTSEL_BMULTSEL_enum_DREG_ADREG_0_connects_CED_CEAD_RSTD_GND  
frontend/acquisition/correlation/g_lane[1].u_correlation_cmpy/U0/i_synth/i_synth/four_mult_structure.use_dsp.i_dsp/re_im/use_DSP48.qDSP[0].appDSP[0].bppDSP[0].u_l[0].use_dsp48e2.dsp: DSP48E2 is not using the D port (AMULTSEL = A and BMULTSEL = B). For improved power characteristics, set DREG and ADREG to '1', tie CED, CEAD, and RSTD to logic '0'.
Related violations: <none>

AVAL-155#10 Advisory
enum_AMULTSEL_BMULTSEL_enum_DREG_ADREG_0_connects_CED_CEAD_RSTD_GND  
frontend/acquisition/correlation/g_lane[1].u_correlation_cmpy/U0/i_synth/i_synth/four_mult_structure.use_dsp.i_dsp/re_im/use_DSP48.qDSP[0].appDSP[0].bppDSP[0].u_l[1].use_dsp48e2.dsp: DSP48E2 is not using the D port (AMULTSEL = A and BMULTSEL = B). For improved power characteristics, set DREG and ADREG to '1', tie CED, CEAD, and RSTD to logic '0'.
Related violations: <none>

AVAL-155#11 Advisory
enum_AMULTSEL_BMULTSEL_enum_DREG_ADREG_0_connects_CED_CEAD_RSTD_GND  
frontend/acquisition/correlation/g_lane[1].u_correlation_cmpy/U0/i_synth/i_synth/four_mult_structure.use_dsp.i_dsp/re_im/use_DSP48.qDSP[1].appDSP[0].bppDSP[0].u_l[0].use_dsp48e2.dsp: DSP48E2 is not using the D port (AMULTSEL = A and BMULTSEL = B). For improved power characteristics, set DREG and ADREG to '1', tie CED, CEAD, and RSTD to logic '0'.
Related violations: <none>

AVAL-155#12 Advisory
enum_AMULTSEL_BMULTSEL_enum_DREG_ADREG_0_connects_CED_CEAD_RSTD_GND  
frontend/acquisition/correlation/g_lane[1].u_correlation_cmpy/U0/i_synth/i_synth/four_mult_structure.use_dsp.i_dsp/re_im/use_DSP48.qDSP[1].appDSP[0].bppDSP[0].u_l[1].use_dsp48e2.dsp: DSP48E2 is not using the D port (AMULTSEL = A and BMULTSEL = B). For improved power characteristics, set DREG and ADREG to '1', tie CED, CEAD, and RSTD to logic '0'.
Related violations: <none>

AVAL-155#13 Advisory
enum_AMULTSEL_BMULTSEL_enum_DREG_ADREG_0_connects_CED_CEAD_RSTD_GND  
frontend/acquisition/correlation/g_lane[1].u_energy_cmpy/U0/i_synth/i_synth/four_mult_structure.use_dsp.i_dsp/re_im/use_DSP48.qDSP[0].appDSP[0].bppDSP[0].u_l[0].use_dsp48e2.dsp: DSP48E2 is not using the D port (AMULTSEL = A and BMULTSEL = B). For improved power characteristics, set DREG and ADREG to '1', tie CED, CEAD, and RSTD to logic '0'.
Related violations: <none>

AVAL-155#14 Advisory
enum_AMULTSEL_BMULTSEL_enum_DREG_ADREG_0_connects_CED_CEAD_RSTD_GND  
frontend/acquisition/correlation/g_lane[1].u_energy_cmpy/U0/i_synth/i_synth/four_mult_structure.use_dsp.i_dsp/re_im/use_DSP48.qDSP[0].appDSP[0].bppDSP[0].u_l[1].use_dsp48e2.dsp: DSP48E2 is not using the D port (AMULTSEL = A and BMULTSEL = B). For improved power characteristics, set DREG and ADREG to '1', tie CED, CEAD, and RSTD to logic '0'.
Related violations: <none>

AVAL-155#15 Advisory
enum_AMULTSEL_BMULTSEL_enum_DREG_ADREG_0_connects_CED_CEAD_RSTD_GND  
frontend/acquisition/correlation/g_lane[1].u_energy_cmpy/U0/i_synth/i_synth/four_mult_structure.use_dsp.i_dsp/re_im/use_DSP48.qDSP[1].appDSP[0].bppDSP[0].u_l[0].use_dsp48e2.dsp: DSP48E2 is not using the D port (AMULTSEL = A and BMULTSEL = B). For improved power characteristics, set DREG and ADREG to '1', tie CED, CEAD, and RSTD to logic '0'.
Related violations: <none>

AVAL-155#16 Advisory
enum_AMULTSEL_BMULTSEL_enum_DREG_ADREG_0_connects_CED_CEAD_RSTD_GND  
frontend/acquisition/correlation/g_lane[1].u_energy_cmpy/U0/i_synth/i_synth/four_mult_structure.use_dsp.i_dsp/re_im/use_DSP48.qDSP[1].appDSP[0].bppDSP[0].u_l[1].use_dsp48e2.dsp: DSP48E2 is not using the D port (AMULTSEL = A and BMULTSEL = B). For improved power characteristics, set DREG and ADREG to '1', tie CED, CEAD, and RSTD to logic '0'.
Related violations: <none>

AVAL-155#17 Advisory
enum_AMULTSEL_BMULTSEL_enum_DREG_ADREG_0_connects_CED_CEAD_RSTD_GND  
frontend/acquisition/correlation/g_lane[2].u_correlation_cmpy/U0/i_synth/i_synth/four_mult_structure.use_dsp.i_dsp/re_im/use_DSP48.qDSP[0].appDSP[0].bppDSP[0].u_l[0].use_dsp48e2.dsp: DSP48E2 is not using the D port (AMULTSEL = A and BMULTSEL = B). For improved power characteristics, set DREG and ADREG to '1', tie CED, CEAD, and RSTD to logic '0'.
Related violations: <none>

AVAL-155#18 Advisory
enum_AMULTSEL_BMULTSEL_enum_DREG_ADREG_0_connects_CED_CEAD_RSTD_GND  
frontend/acquisition/correlation/g_lane[2].u_correlation_cmpy/U0/i_synth/i_synth/four_mult_structure.use_dsp.i_dsp/re_im/use_DSP48.qDSP[0].appDSP[0].bppDSP[0].u_l[1].use_dsp48e2.dsp: DSP48E2 is not using the D port (AMULTSEL = A and BMULTSEL = B). For improved power characteristics, set DREG and ADREG to '1', tie CED, CEAD, and RSTD to logic '0'.
Related violations: <none>

AVAL-155#19 Advisory
enum_AMULTSEL_BMULTSEL_enum_DREG_ADREG_0_connects_CED_CEAD_RSTD_GND  
frontend/acquisition/correlation/g_lane[2].u_correlation_cmpy/U0/i_synth/i_synth/four_mult_structure.use_dsp.i_dsp/re_im/use_DSP48.qDSP[1].appDSP[0].bppDSP[0].u_l[0].use_dsp48e2.dsp: DSP48E2 is not using the D port (AMULTSEL = A and BMULTSEL = B). For improved power characteristics, set DREG and ADREG to '1', tie CED, CEAD, and RSTD to logic '0'.
Related violations: <none>

AVAL-155#20 Advisory
enum_AMULTSEL_BMULTSEL_enum_DREG_ADREG_0_connects_CED_CEAD_RSTD_GND  
frontend/acquisition/correlation/g_lane[2].u_correlation_cmpy/U0/i_synth/i_synth/four_mult_structure.use_dsp.i_dsp/re_im/use_DSP48.qDSP[1].appDSP[0].bppDSP[0].u_l[1].use_dsp48e2.dsp: DSP48E2 is not using the D port (AMULTSEL = A and BMULTSEL = B). For improved power characteristics, set DREG and ADREG to '1', tie CED, CEAD, and RSTD to logic '0'.
Related violations: <none>

AVAL-155#21 Advisory
enum_AMULTSEL_BMULTSEL_enum_DREG_ADREG_0_connects_CED_CEAD_RSTD_GND  
frontend/acquisition/correlation/g_lane[2].u_energy_cmpy/U0/i_synth/i_synth/four_mult_structure.use_dsp.i_dsp/re_im/use_DSP48.qDSP[0].appDSP[0].bppDSP[0].u_l[0].use_dsp48e2.dsp: DSP48E2 is not using the D port (AMULTSEL = A and BMULTSEL = B). For improved power characteristics, set DREG and ADREG to '1', tie CED, CEAD, and RSTD to logic '0'.
Related violations: <none>

AVAL-155#22 Advisory
enum_AMULTSEL_BMULTSEL_enum_DREG_ADREG_0_connects_CED_CEAD_RSTD_GND  
frontend/acquisition/correlation/g_lane[2].u_energy_cmpy/U0/i_synth/i_synth/four_mult_structure.use_dsp.i_dsp/re_im/use_DSP48.qDSP[0].appDSP[0].bppDSP[0].u_l[1].use_dsp48e2.dsp: DSP48E2 is not using the D port (AMULTSEL = A and BMULTSEL = B). For improved power characteristics, set DREG and ADREG to '1', tie CED, CEAD, and RSTD to logic '0'.
Related violations: <none>

AVAL-155#23 Advisory
enum_AMULTSEL_BMULTSEL_enum_DREG_ADREG_0_connects_CED_CEAD_RSTD_GND  
frontend/acquisition/correlation/g_lane[2].u_energy_cmpy/U0/i_synth/i_synth/four_mult_structure.use_dsp.i_dsp/re_im/use_DSP48.qDSP[1].appDSP[0].bppDSP[0].u_l[0].use_dsp48e2.dsp: DSP48E2 is not using the D port (AMULTSEL = A and BMULTSEL = B). For improved power characteristics, set DREG and ADREG to '1', tie CED, CEAD, and RSTD to logic '0'.
Related violations: <none>

AVAL-155#24 Advisory
enum_AMULTSEL_BMULTSEL_enum_DREG_ADREG_0_connects_CED_CEAD_RSTD_GND  
frontend/acquisition/correlation/g_lane[2].u_energy_cmpy/U0/i_synth/i_synth/four_mult_structure.use_dsp.i_dsp/re_im/use_DSP48.qDSP[1].appDSP[0].bppDSP[0].u_l[1].use_dsp48e2.dsp: DSP48E2 is not using the D port (AMULTSEL = A and BMULTSEL = B). For improved power characteristics, set DREG and ADREG to '1', tie CED, CEAD, and RSTD to logic '0'.
Related violations: <none>

AVAL-155#25 Advisory
enum_AMULTSEL_BMULTSEL_enum_DREG_ADREG_0_connects_CED_CEAD_RSTD_GND  
frontend/acquisition/correlation/g_lane[3].u_correlation_cmpy/U0/i_synth/i_synth/four_mult_structure.use_dsp.i_dsp/re_im/use_DSP48.qDSP[0].appDSP[0].bppDSP[0].u_l[0].use_dsp48e2.dsp: DSP48E2 is not using the D port (AMULTSEL = A and BMULTSEL = B). For improved power characteristics, set DREG and ADREG to '1', tie CED, CEAD, and RSTD to logic '0'.
Related violations: <none>

AVAL-155#26 Advisory
enum_AMULTSEL_BMULTSEL_enum_DREG_ADREG_0_connects_CED_CEAD_RSTD_GND  
frontend/acquisition/correlation/g_lane[3].u_correlation_cmpy/U0/i_synth/i_synth/four_mult_structure.use_dsp.i_dsp/re_im/use_DSP48.qDSP[0].appDSP[0].bppDSP[0].u_l[1].use_dsp48e2.dsp: DSP48E2 is not using the D port (AMULTSEL = A and BMULTSEL = B). For improved power characteristics, set DREG and ADREG to '1', tie CED, CEAD, and RSTD to logic '0'.
Related violations: <none>

AVAL-155#27 Advisory
enum_AMULTSEL_BMULTSEL_enum_DREG_ADREG_0_connects_CED_CEAD_RSTD_GND  
frontend/acquisition/correlation/g_lane[3].u_correlation_cmpy/U0/i_synth/i_synth/four_mult_structure.use_dsp.i_dsp/re_im/use_DSP48.qDSP[1].appDSP[0].bppDSP[0].u_l[0].use_dsp48e2.dsp: DSP48E2 is not using the D port (AMULTSEL = A and BMULTSEL = B). For improved power characteristics, set DREG and ADREG to '1', tie CED, CEAD, and RSTD to logic '0'.
Related violations: <none>

AVAL-155#28 Advisory
enum_AMULTSEL_BMULTSEL_enum_DREG_ADREG_0_connects_CED_CEAD_RSTD_GND  
frontend/acquisition/correlation/g_lane[3].u_correlation_cmpy/U0/i_synth/i_synth/four_mult_structure.use_dsp.i_dsp/re_im/use_DSP48.qDSP[1].appDSP[0].bppDSP[0].u_l[1].use_dsp48e2.dsp: DSP48E2 is not using the D port (AMULTSEL = A and BMULTSEL = B). For improved power characteristics, set DREG and ADREG to '1', tie CED, CEAD, and RSTD to logic '0'.
Related violations: <none>

AVAL-155#29 Advisory
enum_AMULTSEL_BMULTSEL_enum_DREG_ADREG_0_connects_CED_CEAD_RSTD_GND  
frontend/acquisition/correlation/g_lane[3].u_energy_cmpy/U0/i_synth/i_synth/four_mult_structure.use_dsp.i_dsp/re_im/use_DSP48.qDSP[0].appDSP[0].bppDSP[0].u_l[0].use_dsp48e2.dsp: DSP48E2 is not using the D port (AMULTSEL = A and BMULTSEL = B). For improved power characteristics, set DREG and ADREG to '1', tie CED, CEAD, and RSTD to logic '0'.
Related violations: <none>

AVAL-155#30 Advisory
enum_AMULTSEL_BMULTSEL_enum_DREG_ADREG_0_connects_CED_CEAD_RSTD_GND  
frontend/acquisition/correlation/g_lane[3].u_energy_cmpy/U0/i_synth/i_synth/four_mult_structure.use_dsp.i_dsp/re_im/use_DSP48.qDSP[0].appDSP[0].bppDSP[0].u_l[1].use_dsp48e2.dsp: DSP48E2 is not using the D port (AMULTSEL = A and BMULTSEL = B). For improved power characteristics, set DREG and ADREG to '1', tie CED, CEAD, and RSTD to logic '0'.
Related violations: <none>

AVAL-155#31 Advisory
enum_AMULTSEL_BMULTSEL_enum_DREG_ADREG_0_connects_CED_CEAD_RSTD_GND  
frontend/acquisition/correlation/g_lane[3].u_energy_cmpy/U0/i_synth/i_synth/four_mult_structure.use_dsp.i_dsp/re_im/use_DSP48.qDSP[1].appDSP[0].bppDSP[0].u_l[0].use_dsp48e2.dsp: DSP48E2 is not using the D port (AMULTSEL = A and BMULTSEL = B). For improved power characteristics, set DREG and ADREG to '1', tie CED, CEAD, and RSTD to logic '0'.
Related violations: <none>

AVAL-155#32 Advisory
enum_AMULTSEL_BMULTSEL_enum_DREG_ADREG_0_connects_CED_CEAD_RSTD_GND  
frontend/acquisition/correlation/g_lane[3].u_energy_cmpy/U0/i_synth/i_synth/four_mult_structure.use_dsp.i_dsp/re_im/use_DSP48.qDSP[1].appDSP[0].bppDSP[0].u_l[1].use_dsp48e2.dsp: DSP48E2 is not using the D port (AMULTSEL = A and BMULTSEL = B). For improved power characteristics, set DREG and ADREG to '1', tie CED, CEAD, and RSTD to logic '0'.
Related violations: <none>

AVAL-155#33 Advisory
enum_AMULTSEL_BMULTSEL_enum_DREG_ADREG_0_connects_CED_CEAD_RSTD_GND  
frontend/coarse_confirmation/u_corr_energy/g_lane[0].u_correlation_cmpy/U0/i_synth/i_synth/four_mult_structure.use_dsp.i_dsp/re_im/use_DSP48.qDSP[0].appDSP[0].bppDSP[0].u_l[0].use_dsp48e2.dsp: DSP48E2 is not using the D port (AMULTSEL = A and BMULTSEL = B). For improved power characteristics, set DREG and ADREG to '1', tie CED, CEAD, and RSTD to logic '0'.
Related violations: <none>

AVAL-155#34 Advisory
enum_AMULTSEL_BMULTSEL_enum_DREG_ADREG_0_connects_CED_CEAD_RSTD_GND  
frontend/coarse_confirmation/u_corr_energy/g_lane[0].u_correlation_cmpy/U0/i_synth/i_synth/four_mult_structure.use_dsp.i_dsp/re_im/use_DSP48.qDSP[0].appDSP[0].bppDSP[0].u_l[1].use_dsp48e2.dsp: DSP48E2 is not using the D port (AMULTSEL = A and BMULTSEL = B). For improved power characteristics, set DREG and ADREG to '1', tie CED, CEAD, and RSTD to logic '0'.
Related violations: <none>

AVAL-155#35 Advisory
enum_AMULTSEL_BMULTSEL_enum_DREG_ADREG_0_connects_CED_CEAD_RSTD_GND  
frontend/coarse_confirmation/u_corr_energy/g_lane[0].u_correlation_cmpy/U0/i_synth/i_synth/four_mult_structure.use_dsp.i_dsp/re_im/use_DSP48.qDSP[1].appDSP[0].bppDSP[0].u_l[0].use_dsp48e2.dsp: DSP48E2 is not using the D port (AMULTSEL = A and BMULTSEL = B). For improved power characteristics, set DREG and ADREG to '1', tie CED, CEAD, and RSTD to logic '0'.
Related violations: <none>

AVAL-155#36 Advisory
enum_AMULTSEL_BMULTSEL_enum_DREG_ADREG_0_connects_CED_CEAD_RSTD_GND  
frontend/coarse_confirmation/u_corr_energy/g_lane[0].u_correlation_cmpy/U0/i_synth/i_synth/four_mult_structure.use_dsp.i_dsp/re_im/use_DSP48.qDSP[1].appDSP[0].bppDSP[0].u_l[1].use_dsp48e2.dsp: DSP48E2 is not using the D port (AMULTSEL = A and BMULTSEL = B). For improved power characteristics, set DREG and ADREG to '1', tie CED, CEAD, and RSTD to logic '0'.
Related violations: <none>

AVAL-155#37 Advisory
enum_AMULTSEL_BMULTSEL_enum_DREG_ADREG_0_connects_CED_CEAD_RSTD_GND  
frontend/coarse_confirmation/u_corr_energy/g_lane[0].u_energy_cmpy/U0/i_synth/i_synth/four_mult_structure.use_dsp.i_dsp/re_im/use_DSP48.qDSP[0].appDSP[0].bppDSP[0].u_l[0].use_dsp48e2.dsp: DSP48E2 is not using the D port (AMULTSEL = A and BMULTSEL = B). For improved power characteristics, set DREG and ADREG to '1', tie CED, CEAD, and RSTD to logic '0'.
Related violations: <none>

AVAL-155#38 Advisory
enum_AMULTSEL_BMULTSEL_enum_DREG_ADREG_0_connects_CED_CEAD_RSTD_GND  
frontend/coarse_confirmation/u_corr_energy/g_lane[0].u_energy_cmpy/U0/i_synth/i_synth/four_mult_structure.use_dsp.i_dsp/re_im/use_DSP48.qDSP[0].appDSP[0].bppDSP[0].u_l[1].use_dsp48e2.dsp: DSP48E2 is not using the D port (AMULTSEL = A and BMULTSEL = B). For improved power characteristics, set DREG and ADREG to '1', tie CED, CEAD, and RSTD to logic '0'.
Related violations: <none>

AVAL-155#39 Advisory
enum_AMULTSEL_BMULTSEL_enum_DREG_ADREG_0_connects_CED_CEAD_RSTD_GND  
frontend/coarse_confirmation/u_corr_energy/g_lane[0].u_energy_cmpy/U0/i_synth/i_synth/four_mult_structure.use_dsp.i_dsp/re_im/use_DSP48.qDSP[1].appDSP[0].bppDSP[0].u_l[0].use_dsp48e2.dsp: DSP48E2 is not using the D port (AMULTSEL = A and BMULTSEL = B). For improved power characteristics, set DREG and ADREG to '1', tie CED, CEAD, and RSTD to logic '0'.
Related violations: <none>

AVAL-155#40 Advisory
enum_AMULTSEL_BMULTSEL_enum_DREG_ADREG_0_connects_CED_CEAD_RSTD_GND  
frontend/coarse_confirmation/u_corr_energy/g_lane[0].u_energy_cmpy/U0/i_synth/i_synth/four_mult_structure.use_dsp.i_dsp/re_im/use_DSP48.qDSP[1].appDSP[0].bppDSP[0].u_l[1].use_dsp48e2.dsp: DSP48E2 is not using the D port (AMULTSEL = A and BMULTSEL = B). For improved power characteristics, set DREG and ADREG to '1', tie CED, CEAD, and RSTD to logic '0'.
Related violations: <none>

AVAL-155#41 Advisory
enum_AMULTSEL_BMULTSEL_enum_DREG_ADREG_0_connects_CED_CEAD_RSTD_GND  
frontend/coarse_confirmation/u_corr_energy/g_lane[1].u_correlation_cmpy/U0/i_synth/i_synth/four_mult_structure.use_dsp.i_dsp/re_im/use_DSP48.qDSP[0].appDSP[0].bppDSP[0].u_l[0].use_dsp48e2.dsp: DSP48E2 is not using the D port (AMULTSEL = A and BMULTSEL = B). For improved power characteristics, set DREG and ADREG to '1', tie CED, CEAD, and RSTD to logic '0'.
Related violations: <none>

AVAL-155#42 Advisory
enum_AMULTSEL_BMULTSEL_enum_DREG_ADREG_0_connects_CED_CEAD_RSTD_GND  
frontend/coarse_confirmation/u_corr_energy/g_lane[1].u_correlation_cmpy/U0/i_synth/i_synth/four_mult_structure.use_dsp.i_dsp/re_im/use_DSP48.qDSP[0].appDSP[0].bppDSP[0].u_l[1].use_dsp48e2.dsp: DSP48E2 is not using the D port (AMULTSEL = A and BMULTSEL = B). For improved power characteristics, set DREG and ADREG to '1', tie CED, CEAD, and RSTD to logic '0'.
Related violations: <none>

AVAL-155#43 Advisory
enum_AMULTSEL_BMULTSEL_enum_DREG_ADREG_0_connects_CED_CEAD_RSTD_GND  
frontend/coarse_confirmation/u_corr_energy/g_lane[1].u_correlation_cmpy/U0/i_synth/i_synth/four_mult_structure.use_dsp.i_dsp/re_im/use_DSP48.qDSP[1].appDSP[0].bppDSP[0].u_l[0].use_dsp48e2.dsp: DSP48E2 is not using the D port (AMULTSEL = A and BMULTSEL = B). For improved power characteristics, set DREG and ADREG to '1', tie CED, CEAD, and RSTD to logic '0'.
Related violations: <none>

AVAL-155#44 Advisory
enum_AMULTSEL_BMULTSEL_enum_DREG_ADREG_0_connects_CED_CEAD_RSTD_GND  
frontend/coarse_confirmation/u_corr_energy/g_lane[1].u_correlation_cmpy/U0/i_synth/i_synth/four_mult_structure.use_dsp.i_dsp/re_im/use_DSP48.qDSP[1].appDSP[0].bppDSP[0].u_l[1].use_dsp48e2.dsp: DSP48E2 is not using the D port (AMULTSEL = A and BMULTSEL = B). For improved power characteristics, set DREG and ADREG to '1', tie CED, CEAD, and RSTD to logic '0'.
Related violations: <none>

AVAL-155#45 Advisory
enum_AMULTSEL_BMULTSEL_enum_DREG_ADREG_0_connects_CED_CEAD_RSTD_GND  
frontend/coarse_confirmation/u_corr_energy/g_lane[1].u_energy_cmpy/U0/i_synth/i_synth/four_mult_structure.use_dsp.i_dsp/re_im/use_DSP48.qDSP[0].appDSP[0].bppDSP[0].u_l[0].use_dsp48e2.dsp: DSP48E2 is not using the D port (AMULTSEL = A and BMULTSEL = B). For improved power characteristics, set DREG and ADREG to '1', tie CED, CEAD, and RSTD to logic '0'.
Related violations: <none>

AVAL-155#46 Advisory
enum_AMULTSEL_BMULTSEL_enum_DREG_ADREG_0_connects_CED_CEAD_RSTD_GND  
frontend/coarse_confirmation/u_corr_energy/g_lane[1].u_energy_cmpy/U0/i_synth/i_synth/four_mult_structure.use_dsp.i_dsp/re_im/use_DSP48.qDSP[0].appDSP[0].bppDSP[0].u_l[1].use_dsp48e2.dsp: DSP48E2 is not using the D port (AMULTSEL = A and BMULTSEL = B). For improved power characteristics, set DREG and ADREG to '1', tie CED, CEAD, and RSTD to logic '0'.
Related violations: <none>

AVAL-155#47 Advisory
enum_AMULTSEL_BMULTSEL_enum_DREG_ADREG_0_connects_CED_CEAD_RSTD_GND  
frontend/coarse_confirmation/u_corr_energy/g_lane[1].u_energy_cmpy/U0/i_synth/i_synth/four_mult_structure.use_dsp.i_dsp/re_im/use_DSP48.qDSP[1].appDSP[0].bppDSP[0].u_l[0].use_dsp48e2.dsp: DSP48E2 is not using the D port (AMULTSEL = A and BMULTSEL = B). For improved power characteristics, set DREG and ADREG to '1', tie CED, CEAD, and RSTD to logic '0'.
Related violations: <none>

AVAL-155#48 Advisory
enum_AMULTSEL_BMULTSEL_enum_DREG_ADREG_0_connects_CED_CEAD_RSTD_GND  
frontend/coarse_confirmation/u_corr_energy/g_lane[1].u_energy_cmpy/U0/i_synth/i_synth/four_mult_structure.use_dsp.i_dsp/re_im/use_DSP48.qDSP[1].appDSP[0].bppDSP[0].u_l[1].use_dsp48e2.dsp: DSP48E2 is not using the D port (AMULTSEL = A and BMULTSEL = B). For improved power characteristics, set DREG and ADREG to '1', tie CED, CEAD, and RSTD to logic '0'.
Related violations: <none>

AVAL-155#49 Advisory
enum_AMULTSEL_BMULTSEL_enum_DREG_ADREG_0_connects_CED_CEAD_RSTD_GND  
frontend/coarse_confirmation/u_corr_energy/g_lane[2].u_correlation_cmpy/U0/i_synth/i_synth/four_mult_structure.use_dsp.i_dsp/re_im/use_DSP48.qDSP[0].appDSP[0].bppDSP[0].u_l[0].use_dsp48e2.dsp: DSP48E2 is not using the D port (AMULTSEL = A and BMULTSEL = B). For improved power characteristics, set DREG and ADREG to '1', tie CED, CEAD, and RSTD to logic '0'.
Related violations: <none>

AVAL-155#50 Advisory
enum_AMULTSEL_BMULTSEL_enum_DREG_ADREG_0_connects_CED_CEAD_RSTD_GND  
frontend/coarse_confirmation/u_corr_energy/g_lane[2].u_correlation_cmpy/U0/i_synth/i_synth/four_mult_structure.use_dsp.i_dsp/re_im/use_DSP48.qDSP[0].appDSP[0].bppDSP[0].u_l[1].use_dsp48e2.dsp: DSP48E2 is not using the D port (AMULTSEL = A and BMULTSEL = B). For improved power characteristics, set DREG and ADREG to '1', tie CED, CEAD, and RSTD to logic '0'.
Related violations: <none>

AVAL-155#51 Advisory
enum_AMULTSEL_BMULTSEL_enum_DREG_ADREG_0_connects_CED_CEAD_RSTD_GND  
frontend/coarse_confirmation/u_corr_energy/g_lane[2].u_correlation_cmpy/U0/i_synth/i_synth/four_mult_structure.use_dsp.i_dsp/re_im/use_DSP48.qDSP[1].appDSP[0].bppDSP[0].u_l[0].use_dsp48e2.dsp: DSP48E2 is not using the D port (AMULTSEL = A and BMULTSEL = B). For improved power characteristics, set DREG and ADREG to '1', tie CED, CEAD, and RSTD to logic '0'.
Related violations: <none>

AVAL-155#52 Advisory
enum_AMULTSEL_BMULTSEL_enum_DREG_ADREG_0_connects_CED_CEAD_RSTD_GND  
frontend/coarse_confirmation/u_corr_energy/g_lane[2].u_correlation_cmpy/U0/i_synth/i_synth/four_mult_structure.use_dsp.i_dsp/re_im/use_DSP48.qDSP[1].appDSP[0].bppDSP[0].u_l[1].use_dsp48e2.dsp: DSP48E2 is not using the D port (AMULTSEL = A and BMULTSEL = B). For improved power characteristics, set DREG and ADREG to '1', tie CED, CEAD, and RSTD to logic '0'.
Related violations: <none>

AVAL-155#53 Advisory
enum_AMULTSEL_BMULTSEL_enum_DREG_ADREG_0_connects_CED_CEAD_RSTD_GND  
frontend/coarse_confirmation/u_corr_energy/g_lane[2].u_energy_cmpy/U0/i_synth/i_synth/four_mult_structure.use_dsp.i_dsp/re_im/use_DSP48.qDSP[0].appDSP[0].bppDSP[0].u_l[0].use_dsp48e2.dsp: DSP48E2 is not using the D port (AMULTSEL = A and BMULTSEL = B). For improved power characteristics, set DREG and ADREG to '1', tie CED, CEAD, and RSTD to logic '0'.
Related violations: <none>

AVAL-155#54 Advisory
enum_AMULTSEL_BMULTSEL_enum_DREG_ADREG_0_connects_CED_CEAD_RSTD_GND  
frontend/coarse_confirmation/u_corr_energy/g_lane[2].u_energy_cmpy/U0/i_synth/i_synth/four_mult_structure.use_dsp.i_dsp/re_im/use_DSP48.qDSP[0].appDSP[0].bppDSP[0].u_l[1].use_dsp48e2.dsp: DSP48E2 is not using the D port (AMULTSEL = A and BMULTSEL = B). For improved power characteristics, set DREG and ADREG to '1', tie CED, CEAD, and RSTD to logic '0'.
Related violations: <none>

AVAL-155#55 Advisory
enum_AMULTSEL_BMULTSEL_enum_DREG_ADREG_0_connects_CED_CEAD_RSTD_GND  
frontend/coarse_confirmation/u_corr_energy/g_lane[2].u_energy_cmpy/U0/i_synth/i_synth/four_mult_structure.use_dsp.i_dsp/re_im/use_DSP48.qDSP[1].appDSP[0].bppDSP[0].u_l[0].use_dsp48e2.dsp: DSP48E2 is not using the D port (AMULTSEL = A and BMULTSEL = B). For improved power characteristics, set DREG and ADREG to '1', tie CED, CEAD, and RSTD to logic '0'.
Related violations: <none>

AVAL-155#56 Advisory
enum_AMULTSEL_BMULTSEL_enum_DREG_ADREG_0_connects_CED_CEAD_RSTD_GND  
frontend/coarse_confirmation/u_corr_energy/g_lane[2].u_energy_cmpy/U0/i_synth/i_synth/four_mult_structure.use_dsp.i_dsp/re_im/use_DSP48.qDSP[1].appDSP[0].bppDSP[0].u_l[1].use_dsp48e2.dsp: DSP48E2 is not using the D port (AMULTSEL = A and BMULTSEL = B). For improved power characteristics, set DREG and ADREG to '1', tie CED, CEAD, and RSTD to logic '0'.
Related violations: <none>

AVAL-155#57 Advisory
enum_AMULTSEL_BMULTSEL_enum_DREG_ADREG_0_connects_CED_CEAD_RSTD_GND  
frontend/coarse_confirmation/u_corr_energy/g_lane[3].u_correlation_cmpy/U0/i_synth/i_synth/four_mult_structure.use_dsp.i_dsp/re_im/use_DSP48.qDSP[0].appDSP[0].bppDSP[0].u_l[0].use_dsp48e2.dsp: DSP48E2 is not using the D port (AMULTSEL = A and BMULTSEL = B). For improved power characteristics, set DREG and ADREG to '1', tie CED, CEAD, and RSTD to logic '0'.
Related violations: <none>

AVAL-155#58 Advisory
enum_AMULTSEL_BMULTSEL_enum_DREG_ADREG_0_connects_CED_CEAD_RSTD_GND  
frontend/coarse_confirmation/u_corr_energy/g_lane[3].u_correlation_cmpy/U0/i_synth/i_synth/four_mult_structure.use_dsp.i_dsp/re_im/use_DSP48.qDSP[0].appDSP[0].bppDSP[0].u_l[1].use_dsp48e2.dsp: DSP48E2 is not using the D port (AMULTSEL = A and BMULTSEL = B). For improved power characteristics, set DREG and ADREG to '1', tie CED, CEAD, and RSTD to logic '0'.
Related violations: <none>

AVAL-155#59 Advisory
enum_AMULTSEL_BMULTSEL_enum_DREG_ADREG_0_connects_CED_CEAD_RSTD_GND  
frontend/coarse_confirmation/u_corr_energy/g_lane[3].u_correlation_cmpy/U0/i_synth/i_synth/four_mult_structure.use_dsp.i_dsp/re_im/use_DSP48.qDSP[1].appDSP[0].bppDSP[0].u_l[0].use_dsp48e2.dsp: DSP48E2 is not using the D port (AMULTSEL = A and BMULTSEL = B). For improved power characteristics, set DREG and ADREG to '1', tie CED, CEAD, and RSTD to logic '0'.
Related violations: <none>

AVAL-155#60 Advisory
enum_AMULTSEL_BMULTSEL_enum_DREG_ADREG_0_connects_CED_CEAD_RSTD_GND  
frontend/coarse_confirmation/u_corr_energy/g_lane[3].u_correlation_cmpy/U0/i_synth/i_synth/four_mult_structure.use_dsp.i_dsp/re_im/use_DSP48.qDSP[1].appDSP[0].bppDSP[0].u_l[1].use_dsp48e2.dsp: DSP48E2 is not using the D port (AMULTSEL = A and BMULTSEL = B). For improved power characteristics, set DREG and ADREG to '1', tie CED, CEAD, and RSTD to logic '0'.
Related violations: <none>

AVAL-155#61 Advisory
enum_AMULTSEL_BMULTSEL_enum_DREG_ADREG_0_connects_CED_CEAD_RSTD_GND  
frontend/coarse_confirmation/u_corr_energy/g_lane[3].u_energy_cmpy/U0/i_synth/i_synth/four_mult_structure.use_dsp.i_dsp/re_im/use_DSP48.qDSP[0].appDSP[0].bppDSP[0].u_l[0].use_dsp48e2.dsp: DSP48E2 is not using the D port (AMULTSEL = A and BMULTSEL = B). For improved power characteristics, set DREG and ADREG to '1', tie CED, CEAD, and RSTD to logic '0'.
Related violations: <none>

AVAL-155#62 Advisory
enum_AMULTSEL_BMULTSEL_enum_DREG_ADREG_0_connects_CED_CEAD_RSTD_GND  
frontend/coarse_confirmation/u_corr_energy/g_lane[3].u_energy_cmpy/U0/i_synth/i_synth/four_mult_structure.use_dsp.i_dsp/re_im/use_DSP48.qDSP[0].appDSP[0].bppDSP[0].u_l[1].use_dsp48e2.dsp: DSP48E2 is not using the D port (AMULTSEL = A and BMULTSEL = B). For improved power characteristics, set DREG and ADREG to '1', tie CED, CEAD, and RSTD to logic '0'.
Related violations: <none>

AVAL-155#63 Advisory
enum_AMULTSEL_BMULTSEL_enum_DREG_ADREG_0_connects_CED_CEAD_RSTD_GND  
frontend/coarse_confirmation/u_corr_energy/g_lane[3].u_energy_cmpy/U0/i_synth/i_synth/four_mult_structure.use_dsp.i_dsp/re_im/use_DSP48.qDSP[1].appDSP[0].bppDSP[0].u_l[0].use_dsp48e2.dsp: DSP48E2 is not using the D port (AMULTSEL = A and BMULTSEL = B). For improved power characteristics, set DREG and ADREG to '1', tie CED, CEAD, and RSTD to logic '0'.
Related violations: <none>

AVAL-155#64 Advisory
enum_AMULTSEL_BMULTSEL_enum_DREG_ADREG_0_connects_CED_CEAD_RSTD_GND  
frontend/coarse_confirmation/u_corr_energy/g_lane[3].u_energy_cmpy/U0/i_synth/i_synth/four_mult_structure.use_dsp.i_dsp/re_im/use_DSP48.qDSP[1].appDSP[0].bppDSP[0].u_l[1].use_dsp48e2.dsp: DSP48E2 is not using the D port (AMULTSEL = A and BMULTSEL = B). For improved power characteristics, set DREG and ADREG to '1', tie CED, CEAD, and RSTD to logic '0'.
Related violations: <none>

AVAL-155#65 Advisory
enum_AMULTSEL_BMULTSEL_enum_DREG_ADREG_0_connects_CED_CEAD_RSTD_GND  
frontend/fine_confirmation/u_core/u_cfo_corrector/u_fine_dds/U0/i_synth/i_dds/I_SINCOS.i_comp_eff.i_eff/MULT_PI_U/i_synth_option.i_synth_model/opt_vx8.i_uniwrap/i_primitive: DSP48E2 is not using the D port (AMULTSEL = A and BMULTSEL = B). For improved power characteristics, set DREG and ADREG to '1', tie CED, CEAD, and RSTD to logic '0'.
Related violations: <none>

AVAL-155#66 Advisory
enum_AMULTSEL_BMULTSEL_enum_DREG_ADREG_0_connects_CED_CEAD_RSTD_GND  
frontend/fine_confirmation/u_core/u_cfo_corrector/u_fine_dds/U0/i_synth/i_dds/I_SINCOS.i_comp_eff.i_eff/S1_COS_U/i_synth_option.i_synth_model/opt_vx8.i_uniwrap/i_primitive: DSP48E2 is not using the D port (AMULTSEL = A and BMULTSEL = B). For improved power characteristics, set DREG and ADREG to '1', tie CED, CEAD, and RSTD to logic '0'.
Related violations: <none>

AVAL-155#67 Advisory
enum_AMULTSEL_BMULTSEL_enum_DREG_ADREG_0_connects_CED_CEAD_RSTD_GND  
frontend/fine_confirmation/u_core/u_cfo_corrector/u_fine_dds/U0/i_synth/i_dds/I_SINCOS.i_comp_eff.i_eff/S1_SIN_U/i_synth_option.i_synth_model/opt_vx8.i_uniwrap/i_primitive: DSP48E2 is not using the D port (AMULTSEL = A and BMULTSEL = B). For improved power characteristics, set DREG and ADREG to '1', tie CED, CEAD, and RSTD to logic '0'.
Related violations: <none>

AVAL-155#68 Advisory
enum_AMULTSEL_BMULTSEL_enum_DREG_ADREG_0_connects_CED_CEAD_RSTD_GND  
frontend/fine_confirmation/u_core/u_cfo_corrector/u_fine_rotate_cmpy/U0/i_synth/i_synth/four_mult_structure.use_dsp.i_dsp/re_im/use_DSP48.qDSP[0].appDSP[0].bppDSP[0].u_l[0].use_dsp48e2.dsp: DSP48E2 is not using the D port (AMULTSEL = A and BMULTSEL = B). For improved power characteristics, set DREG and ADREG to '1', tie CED, CEAD, and RSTD to logic '0'.
Related violations: <none>

AVAL-155#69 Advisory
enum_AMULTSEL_BMULTSEL_enum_DREG_ADREG_0_connects_CED_CEAD_RSTD_GND  
frontend/fine_confirmation/u_core/u_cfo_corrector/u_fine_rotate_cmpy/U0/i_synth/i_synth/four_mult_structure.use_dsp.i_dsp/re_im/use_DSP48.qDSP[0].appDSP[0].bppDSP[0].u_l[1].use_dsp48e2.dsp: DSP48E2 is not using the D port (AMULTSEL = A and BMULTSEL = B). For improved power characteristics, set DREG and ADREG to '1', tie CED, CEAD, and RSTD to logic '0'.
Related violations: <none>

AVAL-155#70 Advisory
enum_AMULTSEL_BMULTSEL_enum_DREG_ADREG_0_connects_CED_CEAD_RSTD_GND  
frontend/fine_confirmation/u_core/u_cfo_corrector/u_fine_rotate_cmpy/U0/i_synth/i_synth/four_mult_structure.use_dsp.i_dsp/re_im/use_DSP48.qDSP[1].appDSP[0].bppDSP[0].u_l[0].use_dsp48e2.dsp: DSP48E2 is not using the D port (AMULTSEL = A and BMULTSEL = B). For improved power characteristics, set DREG and ADREG to '1', tie CED, CEAD, and RSTD to logic '0'.
Related violations: <none>

AVAL-155#71 Advisory
enum_AMULTSEL_BMULTSEL_enum_DREG_ADREG_0_connects_CED_CEAD_RSTD_GND  
frontend/fine_confirmation/u_core/u_cfo_corrector/u_fine_rotate_cmpy/U0/i_synth/i_synth/four_mult_structure.use_dsp.i_dsp/re_im/use_DSP48.qDSP[1].appDSP[0].bppDSP[0].u_l[1].use_dsp48e2.dsp: DSP48E2 is not using the D port (AMULTSEL = A and BMULTSEL = B). For improved power characteristics, set DREG and ADREG to '1', tie CED, CEAD, and RSTD to logic '0'.
Related violations: <none>

AVAL-155#72 Advisory
enum_AMULTSEL_BMULTSEL_enum_DREG_ADREG_0_connects_CED_CEAD_RSTD_GND  
frontend/fine_confirmation/u_core/u_partitioned_correlation/u_cmpy_array/g_cmpy[0].u_corr_cmpy/U0/i_synth/i_synth/four_mult_structure.use_dsp.i_dsp/re_im/use_DSP48.qDSP[0].appDSP[0].bppDSP[0].u_l[0].use_dsp48e2.dsp: DSP48E2 is not using the D port (AMULTSEL = A and BMULTSEL = B). For improved power characteristics, set DREG and ADREG to '1', tie CED, CEAD, and RSTD to logic '0'.
Related violations: <none>

AVAL-155#73 Advisory
enum_AMULTSEL_BMULTSEL_enum_DREG_ADREG_0_connects_CED_CEAD_RSTD_GND  
frontend/fine_confirmation/u_core/u_partitioned_correlation/u_cmpy_array/g_cmpy[0].u_corr_cmpy/U0/i_synth/i_synth/four_mult_structure.use_dsp.i_dsp/re_im/use_DSP48.qDSP[0].appDSP[0].bppDSP[0].u_l[1].use_dsp48e2.dsp: DSP48E2 is not using the D port (AMULTSEL = A and BMULTSEL = B). For improved power characteristics, set DREG and ADREG to '1', tie CED, CEAD, and RSTD to logic '0'.
Related violations: <none>

AVAL-155#74 Advisory
enum_AMULTSEL_BMULTSEL_enum_DREG_ADREG_0_connects_CED_CEAD_RSTD_GND  
frontend/fine_confirmation/u_core/u_partitioned_correlation/u_cmpy_array/g_cmpy[0].u_corr_cmpy/U0/i_synth/i_synth/four_mult_structure.use_dsp.i_dsp/re_im/use_DSP48.qDSP[1].appDSP[0].bppDSP[0].u_l[0].use_dsp48e2.dsp: DSP48E2 is not using the D port (AMULTSEL = A and BMULTSEL = B). For improved power characteristics, set DREG and ADREG to '1', tie CED, CEAD, and RSTD to logic '0'.
Related violations: <none>

AVAL-155#75 Advisory
enum_AMULTSEL_BMULTSEL_enum_DREG_ADREG_0_connects_CED_CEAD_RSTD_GND  
frontend/fine_confirmation/u_core/u_partitioned_correlation/u_cmpy_array/g_cmpy[0].u_corr_cmpy/U0/i_synth/i_synth/four_mult_structure.use_dsp.i_dsp/re_im/use_DSP48.qDSP[1].appDSP[0].bppDSP[0].u_l[1].use_dsp48e2.dsp: DSP48E2 is not using the D port (AMULTSEL = A and BMULTSEL = B). For improved power characteristics, set DREG and ADREG to '1', tie CED, CEAD, and RSTD to logic '0'.
Related violations: <none>

AVAL-155#76 Advisory
enum_AMULTSEL_BMULTSEL_enum_DREG_ADREG_0_connects_CED_CEAD_RSTD_GND  
frontend/fine_confirmation/u_core/u_partitioned_correlation/u_cmpy_array/g_cmpy[10].u_corr_cmpy/U0/i_synth/i_synth/four_mult_structure.use_dsp.i_dsp/re_im/use_DSP48.qDSP[0].appDSP[0].bppDSP[0].u_l[0].use_dsp48e2.dsp: DSP48E2 is not using the D port (AMULTSEL = A and BMULTSEL = B). For improved power characteristics, set DREG and ADREG to '1', tie CED, CEAD, and RSTD to logic '0'.
Related violations: <none>

AVAL-155#77 Advisory
enum_AMULTSEL_BMULTSEL_enum_DREG_ADREG_0_connects_CED_CEAD_RSTD_GND  
frontend/fine_confirmation/u_core/u_partitioned_correlation/u_cmpy_array/g_cmpy[10].u_corr_cmpy/U0/i_synth/i_synth/four_mult_structure.use_dsp.i_dsp/re_im/use_DSP48.qDSP[0].appDSP[0].bppDSP[0].u_l[1].use_dsp48e2.dsp: DSP48E2 is not using the D port (AMULTSEL = A and BMULTSEL = B). For improved power characteristics, set DREG and ADREG to '1', tie CED, CEAD, and RSTD to logic '0'.
Related violations: <none>

AVAL-155#78 Advisory
enum_AMULTSEL_BMULTSEL_enum_DREG_ADREG_0_connects_CED_CEAD_RSTD_GND  
frontend/fine_confirmation/u_core/u_partitioned_correlation/u_cmpy_array/g_cmpy[10].u_corr_cmpy/U0/i_synth/i_synth/four_mult_structure.use_dsp.i_dsp/re_im/use_DSP48.qDSP[1].appDSP[0].bppDSP[0].u_l[0].use_dsp48e2.dsp: DSP48E2 is not using the D port (AMULTSEL = A and BMULTSEL = B). For improved power characteristics, set DREG and ADREG to '1', tie CED, CEAD, and RSTD to logic '0'.
Related violations: <none>

AVAL-155#79 Advisory
enum_AMULTSEL_BMULTSEL_enum_DREG_ADREG_0_connects_CED_CEAD_RSTD_GND  
frontend/fine_confirmation/u_core/u_partitioned_correlation/u_cmpy_array/g_cmpy[10].u_corr_cmpy/U0/i_synth/i_synth/four_mult_structure.use_dsp.i_dsp/re_im/use_DSP48.qDSP[1].appDSP[0].bppDSP[0].u_l[1].use_dsp48e2.dsp: DSP48E2 is not using the D port (AMULTSEL = A and BMULTSEL = B). For improved power characteristics, set DREG and ADREG to '1', tie CED, CEAD, and RSTD to logic '0'.
Related violations: <none>

AVAL-155#80 Advisory
enum_AMULTSEL_BMULTSEL_enum_DREG_ADREG_0_connects_CED_CEAD_RSTD_GND  
frontend/fine_confirmation/u_core/u_partitioned_correlation/u_cmpy_array/g_cmpy[11].u_corr_cmpy/U0/i_synth/i_synth/four_mult_structure.use_dsp.i_dsp/re_im/use_DSP48.qDSP[0].appDSP[0].bppDSP[0].u_l[0].use_dsp48e2.dsp: DSP48E2 is not using the D port (AMULTSEL = A and BMULTSEL = B). For improved power characteristics, set DREG and ADREG to '1', tie CED, CEAD, and RSTD to logic '0'.
Related violations: <none>

AVAL-155#81 Advisory
enum_AMULTSEL_BMULTSEL_enum_DREG_ADREG_0_connects_CED_CEAD_RSTD_GND  
frontend/fine_confirmation/u_core/u_partitioned_correlation/u_cmpy_array/g_cmpy[11].u_corr_cmpy/U0/i_synth/i_synth/four_mult_structure.use_dsp.i_dsp/re_im/use_DSP48.qDSP[0].appDSP[0].bppDSP[0].u_l[1].use_dsp48e2.dsp: DSP48E2 is not using the D port (AMULTSEL = A and BMULTSEL = B). For improved power characteristics, set DREG and ADREG to '1', tie CED, CEAD, and RSTD to logic '0'.
Related violations: <none>

AVAL-155#82 Advisory
enum_AMULTSEL_BMULTSEL_enum_DREG_ADREG_0_connects_CED_CEAD_RSTD_GND  
frontend/fine_confirmation/u_core/u_partitioned_correlation/u_cmpy_array/g_cmpy[11].u_corr_cmpy/U0/i_synth/i_synth/four_mult_structure.use_dsp.i_dsp/re_im/use_DSP48.qDSP[1].appDSP[0].bppDSP[0].u_l[0].use_dsp48e2.dsp: DSP48E2 is not using the D port (AMULTSEL = A and BMULTSEL = B). For improved power characteristics, set DREG and ADREG to '1', tie CED, CEAD, and RSTD to logic '0'.
Related violations: <none>

AVAL-155#83 Advisory
enum_AMULTSEL_BMULTSEL_enum_DREG_ADREG_0_connects_CED_CEAD_RSTD_GND  
frontend/fine_confirmation/u_core/u_partitioned_correlation/u_cmpy_array/g_cmpy[11].u_corr_cmpy/U0/i_synth/i_synth/four_mult_structure.use_dsp.i_dsp/re_im/use_DSP48.qDSP[1].appDSP[0].bppDSP[0].u_l[1].use_dsp48e2.dsp: DSP48E2 is not using the D port (AMULTSEL = A and BMULTSEL = B). For improved power characteristics, set DREG and ADREG to '1', tie CED, CEAD, and RSTD to logic '0'.
Related violations: <none>

AVAL-155#84 Advisory
enum_AMULTSEL_BMULTSEL_enum_DREG_ADREG_0_connects_CED_CEAD_RSTD_GND  
frontend/fine_confirmation/u_core/u_partitioned_correlation/u_cmpy_array/g_cmpy[12].u_corr_cmpy/U0/i_synth/i_synth/four_mult_structure.use_dsp.i_dsp/re_im/use_DSP48.qDSP[0].appDSP[0].bppDSP[0].u_l[0].use_dsp48e2.dsp: DSP48E2 is not using the D port (AMULTSEL = A and BMULTSEL = B). For improved power characteristics, set DREG and ADREG to '1', tie CED, CEAD, and RSTD to logic '0'.
Related violations: <none>

AVAL-155#85 Advisory
enum_AMULTSEL_BMULTSEL_enum_DREG_ADREG_0_connects_CED_CEAD_RSTD_GND  
frontend/fine_confirmation/u_core/u_partitioned_correlation/u_cmpy_array/g_cmpy[12].u_corr_cmpy/U0/i_synth/i_synth/four_mult_structure.use_dsp.i_dsp/re_im/use_DSP48.qDSP[0].appDSP[0].bppDSP[0].u_l[1].use_dsp48e2.dsp: DSP48E2 is not using the D port (AMULTSEL = A and BMULTSEL = B). For improved power characteristics, set DREG and ADREG to '1', tie CED, CEAD, and RSTD to logic '0'.
Related violations: <none>

AVAL-155#86 Advisory
enum_AMULTSEL_BMULTSEL_enum_DREG_ADREG_0_connects_CED_CEAD_RSTD_GND  
frontend/fine_confirmation/u_core/u_partitioned_correlation/u_cmpy_array/g_cmpy[12].u_corr_cmpy/U0/i_synth/i_synth/four_mult_structure.use_dsp.i_dsp/re_im/use_DSP48.qDSP[1].appDSP[0].bppDSP[0].u_l[0].use_dsp48e2.dsp: DSP48E2 is not using the D port (AMULTSEL = A and BMULTSEL = B). For improved power characteristics, set DREG and ADREG to '1', tie CED, CEAD, and RSTD to logic '0'.
Related violations: <none>

AVAL-155#87 Advisory
enum_AMULTSEL_BMULTSEL_enum_DREG_ADREG_0_connects_CED_CEAD_RSTD_GND  
frontend/fine_confirmation/u_core/u_partitioned_correlation/u_cmpy_array/g_cmpy[12].u_corr_cmpy/U0/i_synth/i_synth/four_mult_structure.use_dsp.i_dsp/re_im/use_DSP48.qDSP[1].appDSP[0].bppDSP[0].u_l[1].use_dsp48e2.dsp: DSP48E2 is not using the D port (AMULTSEL = A and BMULTSEL = B). For improved power characteristics, set DREG and ADREG to '1', tie CED, CEAD, and RSTD to logic '0'.
Related violations: <none>

AVAL-155#88 Advisory
enum_AMULTSEL_BMULTSEL_enum_DREG_ADREG_0_connects_CED_CEAD_RSTD_GND  
frontend/fine_confirmation/u_core/u_partitioned_correlation/u_cmpy_array/g_cmpy[13].u_corr_cmpy/U0/i_synth/i_synth/four_mult_structure.use_dsp.i_dsp/re_im/use_DSP48.qDSP[0].appDSP[0].bppDSP[0].u_l[0].use_dsp48e2.dsp: DSP48E2 is not using the D port (AMULTSEL = A and BMULTSEL = B). For improved power characteristics, set DREG and ADREG to '1', tie CED, CEAD, and RSTD to logic '0'.
Related violations: <none>

AVAL-155#89 Advisory
enum_AMULTSEL_BMULTSEL_enum_DREG_ADREG_0_connects_CED_CEAD_RSTD_GND  
frontend/fine_confirmation/u_core/u_partitioned_correlation/u_cmpy_array/g_cmpy[13].u_corr_cmpy/U0/i_synth/i_synth/four_mult_structure.use_dsp.i_dsp/re_im/use_DSP48.qDSP[0].appDSP[0].bppDSP[0].u_l[1].use_dsp48e2.dsp: DSP48E2 is not using the D port (AMULTSEL = A and BMULTSEL = B). For improved power characteristics, set DREG and ADREG to '1', tie CED, CEAD, and RSTD to logic '0'.
Related violations: <none>

AVAL-155#90 Advisory
enum_AMULTSEL_BMULTSEL_enum_DREG_ADREG_0_connects_CED_CEAD_RSTD_GND  
frontend/fine_confirmation/u_core/u_partitioned_correlation/u_cmpy_array/g_cmpy[13].u_corr_cmpy/U0/i_synth/i_synth/four_mult_structure.use_dsp.i_dsp/re_im/use_DSP48.qDSP[1].appDSP[0].bppDSP[0].u_l[0].use_dsp48e2.dsp: DSP48E2 is not using the D port (AMULTSEL = A and BMULTSEL = B). For improved power characteristics, set DREG and ADREG to '1', tie CED, CEAD, and RSTD to logic '0'.
Related violations: <none>

AVAL-155#91 Advisory
enum_AMULTSEL_BMULTSEL_enum_DREG_ADREG_0_connects_CED_CEAD_RSTD_GND  
frontend/fine_confirmation/u_core/u_partitioned_correlation/u_cmpy_array/g_cmpy[13].u_corr_cmpy/U0/i_synth/i_synth/four_mult_structure.use_dsp.i_dsp/re_im/use_DSP48.qDSP[1].appDSP[0].bppDSP[0].u_l[1].use_dsp48e2.dsp: DSP48E2 is not using the D port (AMULTSEL = A and BMULTSEL = B). For improved power characteristics, set DREG and ADREG to '1', tie CED, CEAD, and RSTD to logic '0'.
Related violations: <none>

AVAL-155#92 Advisory
enum_AMULTSEL_BMULTSEL_enum_DREG_ADREG_0_connects_CED_CEAD_RSTD_GND  
frontend/fine_confirmation/u_core/u_partitioned_correlation/u_cmpy_array/g_cmpy[14].u_corr_cmpy/U0/i_synth/i_synth/four_mult_structure.use_dsp.i_dsp/re_im/use_DSP48.qDSP[0].appDSP[0].bppDSP[0].u_l[0].use_dsp48e2.dsp: DSP48E2 is not using the D port (AMULTSEL = A and BMULTSEL = B). For improved power characteristics, set DREG and ADREG to '1', tie CED, CEAD, and RSTD to logic '0'.
Related violations: <none>

AVAL-155#93 Advisory
enum_AMULTSEL_BMULTSEL_enum_DREG_ADREG_0_connects_CED_CEAD_RSTD_GND  
frontend/fine_confirmation/u_core/u_partitioned_correlation/u_cmpy_array/g_cmpy[14].u_corr_cmpy/U0/i_synth/i_synth/four_mult_structure.use_dsp.i_dsp/re_im/use_DSP48.qDSP[0].appDSP[0].bppDSP[0].u_l[1].use_dsp48e2.dsp: DSP48E2 is not using the D port (AMULTSEL = A and BMULTSEL = B). For improved power characteristics, set DREG and ADREG to '1', tie CED, CEAD, and RSTD to logic '0'.
Related violations: <none>

AVAL-155#94 Advisory
enum_AMULTSEL_BMULTSEL_enum_DREG_ADREG_0_connects_CED_CEAD_RSTD_GND  
frontend/fine_confirmation/u_core/u_partitioned_correlation/u_cmpy_array/g_cmpy[14].u_corr_cmpy/U0/i_synth/i_synth/four_mult_structure.use_dsp.i_dsp/re_im/use_DSP48.qDSP[1].appDSP[0].bppDSP[0].u_l[0].use_dsp48e2.dsp: DSP48E2 is not using the D port (AMULTSEL = A and BMULTSEL = B). For improved power characteristics, set DREG and ADREG to '1', tie CED, CEAD, and RSTD to logic '0'.
Related violations: <none>

AVAL-155#95 Advisory
enum_AMULTSEL_BMULTSEL_enum_DREG_ADREG_0_connects_CED_CEAD_RSTD_GND  
frontend/fine_confirmation/u_core/u_partitioned_correlation/u_cmpy_array/g_cmpy[14].u_corr_cmpy/U0/i_synth/i_synth/four_mult_structure.use_dsp.i_dsp/re_im/use_DSP48.qDSP[1].appDSP[0].bppDSP[0].u_l[1].use_dsp48e2.dsp: DSP48E2 is not using the D port (AMULTSEL = A and BMULTSEL = B). For improved power characteristics, set DREG and ADREG to '1', tie CED, CEAD, and RSTD to logic '0'.
Related violations: <none>

AVAL-155#96 Advisory
enum_AMULTSEL_BMULTSEL_enum_DREG_ADREG_0_connects_CED_CEAD_RSTD_GND  
frontend/fine_confirmation/u_core/u_partitioned_correlation/u_cmpy_array/g_cmpy[15].u_corr_cmpy/U0/i_synth/i_synth/four_mult_structure.use_dsp.i_dsp/re_im/use_DSP48.qDSP[0].appDSP[0].bppDSP[0].u_l[0].use_dsp48e2.dsp: DSP48E2 is not using the D port (AMULTSEL = A and BMULTSEL = B). For improved power characteristics, set DREG and ADREG to '1', tie CED, CEAD, and RSTD to logic '0'.
Related violations: <none>

AVAL-155#97 Advisory
enum_AMULTSEL_BMULTSEL_enum_DREG_ADREG_0_connects_CED_CEAD_RSTD_GND  
frontend/fine_confirmation/u_core/u_partitioned_correlation/u_cmpy_array/g_cmpy[15].u_corr_cmpy/U0/i_synth/i_synth/four_mult_structure.use_dsp.i_dsp/re_im/use_DSP48.qDSP[0].appDSP[0].bppDSP[0].u_l[1].use_dsp48e2.dsp: DSP48E2 is not using the D port (AMULTSEL = A and BMULTSEL = B). For improved power characteristics, set DREG and ADREG to '1', tie CED, CEAD, and RSTD to logic '0'.
Related violations: <none>

AVAL-155#98 Advisory
enum_AMULTSEL_BMULTSEL_enum_DREG_ADREG_0_connects_CED_CEAD_RSTD_GND  
frontend/fine_confirmation/u_core/u_partitioned_correlation/u_cmpy_array/g_cmpy[15].u_corr_cmpy/U0/i_synth/i_synth/four_mult_structure.use_dsp.i_dsp/re_im/use_DSP48.qDSP[1].appDSP[0].bppDSP[0].u_l[0].use_dsp48e2.dsp: DSP48E2 is not using the D port (AMULTSEL = A and BMULTSEL = B). For improved power characteristics, set DREG and ADREG to '1', tie CED, CEAD, and RSTD to logic '0'.
Related violations: <none>

AVAL-155#99 Advisory
enum_AMULTSEL_BMULTSEL_enum_DREG_ADREG_0_connects_CED_CEAD_RSTD_GND  
frontend/fine_confirmation/u_core/u_partitioned_correlation/u_cmpy_array/g_cmpy[15].u_corr_cmpy/U0/i_synth/i_synth/four_mult_structure.use_dsp.i_dsp/re_im/use_DSP48.qDSP[1].appDSP[0].bppDSP[0].u_l[1].use_dsp48e2.dsp: DSP48E2 is not using the D port (AMULTSEL = A and BMULTSEL = B). For improved power characteristics, set DREG and ADREG to '1', tie CED, CEAD, and RSTD to logic '0'.
Related violations: <none>

AVAL-155#100 Advisory
enum_AMULTSEL_BMULTSEL_enum_DREG_ADREG_0_connects_CED_CEAD_RSTD_GND  
frontend/fine_confirmation/u_core/u_partitioned_correlation/u_cmpy_array/g_cmpy[1].u_corr_cmpy/U0/i_synth/i_synth/four_mult_structure.use_dsp.i_dsp/re_im/use_DSP48.qDSP[0].appDSP[0].bppDSP[0].u_l[0].use_dsp48e2.dsp: DSP48E2 is not using the D port (AMULTSEL = A and BMULTSEL = B). For improved power characteristics, set DREG and ADREG to '1', tie CED, CEAD, and RSTD to logic '0'.
Related violations: <none>

AVAL-155#101 Advisory
enum_AMULTSEL_BMULTSEL_enum_DREG_ADREG_0_connects_CED_CEAD_RSTD_GND  
frontend/fine_confirmation/u_core/u_partitioned_correlation/u_cmpy_array/g_cmpy[1].u_corr_cmpy/U0/i_synth/i_synth/four_mult_structure.use_dsp.i_dsp/re_im/use_DSP48.qDSP[0].appDSP[0].bppDSP[0].u_l[1].use_dsp48e2.dsp: DSP48E2 is not using the D port (AMULTSEL = A and BMULTSEL = B). For improved power characteristics, set DREG and ADREG to '1', tie CED, CEAD, and RSTD to logic '0'.
Related violations: <none>

AVAL-155#102 Advisory
enum_AMULTSEL_BMULTSEL_enum_DREG_ADREG_0_connects_CED_CEAD_RSTD_GND  
frontend/fine_confirmation/u_core/u_partitioned_correlation/u_cmpy_array/g_cmpy[1].u_corr_cmpy/U0/i_synth/i_synth/four_mult_structure.use_dsp.i_dsp/re_im/use_DSP48.qDSP[1].appDSP[0].bppDSP[0].u_l[0].use_dsp48e2.dsp: DSP48E2 is not using the D port (AMULTSEL = A and BMULTSEL = B). For improved power characteristics, set DREG and ADREG to '1', tie CED, CEAD, and RSTD to logic '0'.
Related violations: <none>

AVAL-155#103 Advisory
enum_AMULTSEL_BMULTSEL_enum_DREG_ADREG_0_connects_CED_CEAD_RSTD_GND  
frontend/fine_confirmation/u_core/u_partitioned_correlation/u_cmpy_array/g_cmpy[1].u_corr_cmpy/U0/i_synth/i_synth/four_mult_structure.use_dsp.i_dsp/re_im/use_DSP48.qDSP[1].appDSP[0].bppDSP[0].u_l[1].use_dsp48e2.dsp: DSP48E2 is not using the D port (AMULTSEL = A and BMULTSEL = B). For improved power characteristics, set DREG and ADREG to '1', tie CED, CEAD, and RSTD to logic '0'.
Related violations: <none>

AVAL-155#104 Advisory
enum_AMULTSEL_BMULTSEL_enum_DREG_ADREG_0_connects_CED_CEAD_RSTD_GND  
frontend/fine_confirmation/u_core/u_partitioned_correlation/u_cmpy_array/g_cmpy[2].u_corr_cmpy/U0/i_synth/i_synth/four_mult_structure.use_dsp.i_dsp/re_im/use_DSP48.qDSP[0].appDSP[0].bppDSP[0].u_l[0].use_dsp48e2.dsp: DSP48E2 is not using the D port (AMULTSEL = A and BMULTSEL = B). For improved power characteristics, set DREG and ADREG to '1', tie CED, CEAD, and RSTD to logic '0'.
Related violations: <none>

AVAL-155#105 Advisory
enum_AMULTSEL_BMULTSEL_enum_DREG_ADREG_0_connects_CED_CEAD_RSTD_GND  
frontend/fine_confirmation/u_core/u_partitioned_correlation/u_cmpy_array/g_cmpy[2].u_corr_cmpy/U0/i_synth/i_synth/four_mult_structure.use_dsp.i_dsp/re_im/use_DSP48.qDSP[0].appDSP[0].bppDSP[0].u_l[1].use_dsp48e2.dsp: DSP48E2 is not using the D port (AMULTSEL = A and BMULTSEL = B). For improved power characteristics, set DREG and ADREG to '1', tie CED, CEAD, and RSTD to logic '0'.
Related violations: <none>

AVAL-155#106 Advisory
enum_AMULTSEL_BMULTSEL_enum_DREG_ADREG_0_connects_CED_CEAD_RSTD_GND  
frontend/fine_confirmation/u_core/u_partitioned_correlation/u_cmpy_array/g_cmpy[2].u_corr_cmpy/U0/i_synth/i_synth/four_mult_structure.use_dsp.i_dsp/re_im/use_DSP48.qDSP[1].appDSP[0].bppDSP[0].u_l[0].use_dsp48e2.dsp: DSP48E2 is not using the D port (AMULTSEL = A and BMULTSEL = B). For improved power characteristics, set DREG and ADREG to '1', tie CED, CEAD, and RSTD to logic '0'.
Related violations: <none>

AVAL-155#107 Advisory
enum_AMULTSEL_BMULTSEL_enum_DREG_ADREG_0_connects_CED_CEAD_RSTD_GND  
frontend/fine_confirmation/u_core/u_partitioned_correlation/u_cmpy_array/g_cmpy[2].u_corr_cmpy/U0/i_synth/i_synth/four_mult_structure.use_dsp.i_dsp/re_im/use_DSP48.qDSP[1].appDSP[0].bppDSP[0].u_l[1].use_dsp48e2.dsp: DSP48E2 is not using the D port (AMULTSEL = A and BMULTSEL = B). For improved power characteristics, set DREG and ADREG to '1', tie CED, CEAD, and RSTD to logic '0'.
Related violations: <none>

AVAL-155#108 Advisory
enum_AMULTSEL_BMULTSEL_enum_DREG_ADREG_0_connects_CED_CEAD_RSTD_GND  
frontend/fine_confirmation/u_core/u_partitioned_correlation/u_cmpy_array/g_cmpy[3].u_corr_cmpy/U0/i_synth/i_synth/four_mult_structure.use_dsp.i_dsp/re_im/use_DSP48.qDSP[0].appDSP[0].bppDSP[0].u_l[0].use_dsp48e2.dsp: DSP48E2 is not using the D port (AMULTSEL = A and BMULTSEL = B). For improved power characteristics, set DREG and ADREG to '1', tie CED, CEAD, and RSTD to logic '0'.
Related violations: <none>

AVAL-155#109 Advisory
enum_AMULTSEL_BMULTSEL_enum_DREG_ADREG_0_connects_CED_CEAD_RSTD_GND  
frontend/fine_confirmation/u_core/u_partitioned_correlation/u_cmpy_array/g_cmpy[3].u_corr_cmpy/U0/i_synth/i_synth/four_mult_structure.use_dsp.i_dsp/re_im/use_DSP48.qDSP[0].appDSP[0].bppDSP[0].u_l[1].use_dsp48e2.dsp: DSP48E2 is not using the D port (AMULTSEL = A and BMULTSEL = B). For improved power characteristics, set DREG and ADREG to '1', tie CED, CEAD, and RSTD to logic '0'.
Related violations: <none>

AVAL-155#110 Advisory
enum_AMULTSEL_BMULTSEL_enum_DREG_ADREG_0_connects_CED_CEAD_RSTD_GND  
frontend/fine_confirmation/u_core/u_partitioned_correlation/u_cmpy_array/g_cmpy[3].u_corr_cmpy/U0/i_synth/i_synth/four_mult_structure.use_dsp.i_dsp/re_im/use_DSP48.qDSP[1].appDSP[0].bppDSP[0].u_l[0].use_dsp48e2.dsp: DSP48E2 is not using the D port (AMULTSEL = A and BMULTSEL = B). For improved power characteristics, set DREG and ADREG to '1', tie CED, CEAD, and RSTD to logic '0'.
Related violations: <none>

AVAL-155#111 Advisory
enum_AMULTSEL_BMULTSEL_enum_DREG_ADREG_0_connects_CED_CEAD_RSTD_GND  
frontend/fine_confirmation/u_core/u_partitioned_correlation/u_cmpy_array/g_cmpy[3].u_corr_cmpy/U0/i_synth/i_synth/four_mult_structure.use_dsp.i_dsp/re_im/use_DSP48.qDSP[1].appDSP[0].bppDSP[0].u_l[1].use_dsp48e2.dsp: DSP48E2 is not using the D port (AMULTSEL = A and BMULTSEL = B). For improved power characteristics, set DREG and ADREG to '1', tie CED, CEAD, and RSTD to logic '0'.
Related violations: <none>

AVAL-155#112 Advisory
enum_AMULTSEL_BMULTSEL_enum_DREG_ADREG_0_connects_CED_CEAD_RSTD_GND  
frontend/fine_confirmation/u_core/u_partitioned_correlation/u_cmpy_array/g_cmpy[4].u_corr_cmpy/U0/i_synth/i_synth/four_mult_structure.use_dsp.i_dsp/re_im/use_DSP48.qDSP[0].appDSP[0].bppDSP[0].u_l[0].use_dsp48e2.dsp: DSP48E2 is not using the D port (AMULTSEL = A and BMULTSEL = B). For improved power characteristics, set DREG and ADREG to '1', tie CED, CEAD, and RSTD to logic '0'.
Related violations: <none>

AVAL-155#113 Advisory
enum_AMULTSEL_BMULTSEL_enum_DREG_ADREG_0_connects_CED_CEAD_RSTD_GND  
frontend/fine_confirmation/u_core/u_partitioned_correlation/u_cmpy_array/g_cmpy[4].u_corr_cmpy/U0/i_synth/i_synth/four_mult_structure.use_dsp.i_dsp/re_im/use_DSP48.qDSP[0].appDSP[0].bppDSP[0].u_l[1].use_dsp48e2.dsp: DSP48E2 is not using the D port (AMULTSEL = A and BMULTSEL = B). For improved power characteristics, set DREG and ADREG to '1', tie CED, CEAD, and RSTD to logic '0'.
Related violations: <none>

AVAL-155#114 Advisory
enum_AMULTSEL_BMULTSEL_enum_DREG_ADREG_0_connects_CED_CEAD_RSTD_GND  
frontend/fine_confirmation/u_core/u_partitioned_correlation/u_cmpy_array/g_cmpy[4].u_corr_cmpy/U0/i_synth/i_synth/four_mult_structure.use_dsp.i_dsp/re_im/use_DSP48.qDSP[1].appDSP[0].bppDSP[0].u_l[0].use_dsp48e2.dsp: DSP48E2 is not using the D port (AMULTSEL = A and BMULTSEL = B). For improved power characteristics, set DREG and ADREG to '1', tie CED, CEAD, and RSTD to logic '0'.
Related violations: <none>

AVAL-155#115 Advisory
enum_AMULTSEL_BMULTSEL_enum_DREG_ADREG_0_connects_CED_CEAD_RSTD_GND  
frontend/fine_confirmation/u_core/u_partitioned_correlation/u_cmpy_array/g_cmpy[4].u_corr_cmpy/U0/i_synth/i_synth/four_mult_structure.use_dsp.i_dsp/re_im/use_DSP48.qDSP[1].appDSP[0].bppDSP[0].u_l[1].use_dsp48e2.dsp: DSP48E2 is not using the D port (AMULTSEL = A and BMULTSEL = B). For improved power characteristics, set DREG and ADREG to '1', tie CED, CEAD, and RSTD to logic '0'.
Related violations: <none>

AVAL-155#116 Advisory
enum_AMULTSEL_BMULTSEL_enum_DREG_ADREG_0_connects_CED_CEAD_RSTD_GND  
frontend/fine_confirmation/u_core/u_partitioned_correlation/u_cmpy_array/g_cmpy[5].u_corr_cmpy/U0/i_synth/i_synth/four_mult_structure.use_dsp.i_dsp/re_im/use_DSP48.qDSP[0].appDSP[0].bppDSP[0].u_l[0].use_dsp48e2.dsp: DSP48E2 is not using the D port (AMULTSEL = A and BMULTSEL = B). For improved power characteristics, set DREG and ADREG to '1', tie CED, CEAD, and RSTD to logic '0'.
Related violations: <none>

AVAL-155#117 Advisory
enum_AMULTSEL_BMULTSEL_enum_DREG_ADREG_0_connects_CED_CEAD_RSTD_GND  
frontend/fine_confirmation/u_core/u_partitioned_correlation/u_cmpy_array/g_cmpy[5].u_corr_cmpy/U0/i_synth/i_synth/four_mult_structure.use_dsp.i_dsp/re_im/use_DSP48.qDSP[0].appDSP[0].bppDSP[0].u_l[1].use_dsp48e2.dsp: DSP48E2 is not using the D port (AMULTSEL = A and BMULTSEL = B). For improved power characteristics, set DREG and ADREG to '1', tie CED, CEAD, and RSTD to logic '0'.
Related violations: <none>

AVAL-155#118 Advisory
enum_AMULTSEL_BMULTSEL_enum_DREG_ADREG_0_connects_CED_CEAD_RSTD_GND  
frontend/fine_confirmation/u_core/u_partitioned_correlation/u_cmpy_array/g_cmpy[5].u_corr_cmpy/U0/i_synth/i_synth/four_mult_structure.use_dsp.i_dsp/re_im/use_DSP48.qDSP[1].appDSP[0].bppDSP[0].u_l[0].use_dsp48e2.dsp: DSP48E2 is not using the D port (AMULTSEL = A and BMULTSEL = B). For improved power characteristics, set DREG and ADREG to '1', tie CED, CEAD, and RSTD to logic '0'.
Related violations: <none>

AVAL-155#119 Advisory
enum_AMULTSEL_BMULTSEL_enum_DREG_ADREG_0_connects_CED_CEAD_RSTD_GND  
frontend/fine_confirmation/u_core/u_partitioned_correlation/u_cmpy_array/g_cmpy[5].u_corr_cmpy/U0/i_synth/i_synth/four_mult_structure.use_dsp.i_dsp/re_im/use_DSP48.qDSP[1].appDSP[0].bppDSP[0].u_l[1].use_dsp48e2.dsp: DSP48E2 is not using the D port (AMULTSEL = A and BMULTSEL = B). For improved power characteristics, set DREG and ADREG to '1', tie CED, CEAD, and RSTD to logic '0'.
Related violations: <none>

AVAL-155#120 Advisory
enum_AMULTSEL_BMULTSEL_enum_DREG_ADREG_0_connects_CED_CEAD_RSTD_GND  
frontend/fine_confirmation/u_core/u_partitioned_correlation/u_cmpy_array/g_cmpy[6].u_corr_cmpy/U0/i_synth/i_synth/four_mult_structure.use_dsp.i_dsp/re_im/use_DSP48.qDSP[0].appDSP[0].bppDSP[0].u_l[0].use_dsp48e2.dsp: DSP48E2 is not using the D port (AMULTSEL = A and BMULTSEL = B). For improved power characteristics, set DREG and ADREG to '1', tie CED, CEAD, and RSTD to logic '0'.
Related violations: <none>

AVAL-155#121 Advisory
enum_AMULTSEL_BMULTSEL_enum_DREG_ADREG_0_connects_CED_CEAD_RSTD_GND  
frontend/fine_confirmation/u_core/u_partitioned_correlation/u_cmpy_array/g_cmpy[6].u_corr_cmpy/U0/i_synth/i_synth/four_mult_structure.use_dsp.i_dsp/re_im/use_DSP48.qDSP[0].appDSP[0].bppDSP[0].u_l[1].use_dsp48e2.dsp: DSP48E2 is not using the D port (AMULTSEL = A and BMULTSEL = B). For improved power characteristics, set DREG and ADREG to '1', tie CED, CEAD, and RSTD to logic '0'.
Related violations: <none>

AVAL-155#122 Advisory
enum_AMULTSEL_BMULTSEL_enum_DREG_ADREG_0_connects_CED_CEAD_RSTD_GND  
frontend/fine_confirmation/u_core/u_partitioned_correlation/u_cmpy_array/g_cmpy[6].u_corr_cmpy/U0/i_synth/i_synth/four_mult_structure.use_dsp.i_dsp/re_im/use_DSP48.qDSP[1].appDSP[0].bppDSP[0].u_l[0].use_dsp48e2.dsp: DSP48E2 is not using the D port (AMULTSEL = A and BMULTSEL = B). For improved power characteristics, set DREG and ADREG to '1', tie CED, CEAD, and RSTD to logic '0'.
Related violations: <none>

AVAL-155#123 Advisory
enum_AMULTSEL_BMULTSEL_enum_DREG_ADREG_0_connects_CED_CEAD_RSTD_GND  
frontend/fine_confirmation/u_core/u_partitioned_correlation/u_cmpy_array/g_cmpy[6].u_corr_cmpy/U0/i_synth/i_synth/four_mult_structure.use_dsp.i_dsp/re_im/use_DSP48.qDSP[1].appDSP[0].bppDSP[0].u_l[1].use_dsp48e2.dsp: DSP48E2 is not using the D port (AMULTSEL = A and BMULTSEL = B). For improved power characteristics, set DREG and ADREG to '1', tie CED, CEAD, and RSTD to logic '0'.
Related violations: <none>

AVAL-155#124 Advisory
enum_AMULTSEL_BMULTSEL_enum_DREG_ADREG_0_connects_CED_CEAD_RSTD_GND  
frontend/fine_confirmation/u_core/u_partitioned_correlation/u_cmpy_array/g_cmpy[7].u_corr_cmpy/U0/i_synth/i_synth/four_mult_structure.use_dsp.i_dsp/re_im/use_DSP48.qDSP[0].appDSP[0].bppDSP[0].u_l[0].use_dsp48e2.dsp: DSP48E2 is not using the D port (AMULTSEL = A and BMULTSEL = B). For improved power characteristics, set DREG and ADREG to '1', tie CED, CEAD, and RSTD to logic '0'.
Related violations: <none>

AVAL-155#125 Advisory
enum_AMULTSEL_BMULTSEL_enum_DREG_ADREG_0_connects_CED_CEAD_RSTD_GND  
frontend/fine_confirmation/u_core/u_partitioned_correlation/u_cmpy_array/g_cmpy[7].u_corr_cmpy/U0/i_synth/i_synth/four_mult_structure.use_dsp.i_dsp/re_im/use_DSP48.qDSP[0].appDSP[0].bppDSP[0].u_l[1].use_dsp48e2.dsp: DSP48E2 is not using the D port (AMULTSEL = A and BMULTSEL = B). For improved power characteristics, set DREG and ADREG to '1', tie CED, CEAD, and RSTD to logic '0'.
Related violations: <none>

AVAL-155#126 Advisory
enum_AMULTSEL_BMULTSEL_enum_DREG_ADREG_0_connects_CED_CEAD_RSTD_GND  
frontend/fine_confirmation/u_core/u_partitioned_correlation/u_cmpy_array/g_cmpy[7].u_corr_cmpy/U0/i_synth/i_synth/four_mult_structure.use_dsp.i_dsp/re_im/use_DSP48.qDSP[1].appDSP[0].bppDSP[0].u_l[0].use_dsp48e2.dsp: DSP48E2 is not using the D port (AMULTSEL = A and BMULTSEL = B). For improved power characteristics, set DREG and ADREG to '1', tie CED, CEAD, and RSTD to logic '0'.
Related violations: <none>

AVAL-155#127 Advisory
enum_AMULTSEL_BMULTSEL_enum_DREG_ADREG_0_connects_CED_CEAD_RSTD_GND  
frontend/fine_confirmation/u_core/u_partitioned_correlation/u_cmpy_array/g_cmpy[7].u_corr_cmpy/U0/i_synth/i_synth/four_mult_structure.use_dsp.i_dsp/re_im/use_DSP48.qDSP[1].appDSP[0].bppDSP[0].u_l[1].use_dsp48e2.dsp: DSP48E2 is not using the D port (AMULTSEL = A and BMULTSEL = B). For improved power characteristics, set DREG and ADREG to '1', tie CED, CEAD, and RSTD to logic '0'.
Related violations: <none>

AVAL-155#128 Advisory
enum_AMULTSEL_BMULTSEL_enum_DREG_ADREG_0_connects_CED_CEAD_RSTD_GND  
frontend/fine_confirmation/u_core/u_partitioned_correlation/u_cmpy_array/g_cmpy[8].u_corr_cmpy/U0/i_synth/i_synth/four_mult_structure.use_dsp.i_dsp/re_im/use_DSP48.qDSP[0].appDSP[0].bppDSP[0].u_l[0].use_dsp48e2.dsp: DSP48E2 is not using the D port (AMULTSEL = A and BMULTSEL = B). For improved power characteristics, set DREG and ADREG to '1', tie CED, CEAD, and RSTD to logic '0'.
Related violations: <none>

AVAL-155#129 Advisory
enum_AMULTSEL_BMULTSEL_enum_DREG_ADREG_0_connects_CED_CEAD_RSTD_GND  
frontend/fine_confirmation/u_core/u_partitioned_correlation/u_cmpy_array/g_cmpy[8].u_corr_cmpy/U0/i_synth/i_synth/four_mult_structure.use_dsp.i_dsp/re_im/use_DSP48.qDSP[0].appDSP[0].bppDSP[0].u_l[1].use_dsp48e2.dsp: DSP48E2 is not using the D port (AMULTSEL = A and BMULTSEL = B). For improved power characteristics, set DREG and ADREG to '1', tie CED, CEAD, and RSTD to logic '0'.
Related violations: <none>

AVAL-155#130 Advisory
enum_AMULTSEL_BMULTSEL_enum_DREG_ADREG_0_connects_CED_CEAD_RSTD_GND  
frontend/fine_confirmation/u_core/u_partitioned_correlation/u_cmpy_array/g_cmpy[8].u_corr_cmpy/U0/i_synth/i_synth/four_mult_structure.use_dsp.i_dsp/re_im/use_DSP48.qDSP[1].appDSP[0].bppDSP[0].u_l[0].use_dsp48e2.dsp: DSP48E2 is not using the D port (AMULTSEL = A and BMULTSEL = B). For improved power characteristics, set DREG and ADREG to '1', tie CED, CEAD, and RSTD to logic '0'.
Related violations: <none>

AVAL-155#131 Advisory
enum_AMULTSEL_BMULTSEL_enum_DREG_ADREG_0_connects_CED_CEAD_RSTD_GND  
frontend/fine_confirmation/u_core/u_partitioned_correlation/u_cmpy_array/g_cmpy[8].u_corr_cmpy/U0/i_synth/i_synth/four_mult_structure.use_dsp.i_dsp/re_im/use_DSP48.qDSP[1].appDSP[0].bppDSP[0].u_l[1].use_dsp48e2.dsp: DSP48E2 is not using the D port (AMULTSEL = A and BMULTSEL = B). For improved power characteristics, set DREG and ADREG to '1', tie CED, CEAD, and RSTD to logic '0'.
Related violations: <none>

AVAL-155#132 Advisory
enum_AMULTSEL_BMULTSEL_enum_DREG_ADREG_0_connects_CED_CEAD_RSTD_GND  
frontend/fine_confirmation/u_core/u_partitioned_correlation/u_cmpy_array/g_cmpy[9].u_corr_cmpy/U0/i_synth/i_synth/four_mult_structure.use_dsp.i_dsp/re_im/use_DSP48.qDSP[0].appDSP[0].bppDSP[0].u_l[0].use_dsp48e2.dsp: DSP48E2 is not using the D port (AMULTSEL = A and BMULTSEL = B). For improved power characteristics, set DREG and ADREG to '1', tie CED, CEAD, and RSTD to logic '0'.
Related violations: <none>

AVAL-155#133 Advisory
enum_AMULTSEL_BMULTSEL_enum_DREG_ADREG_0_connects_CED_CEAD_RSTD_GND  
frontend/fine_confirmation/u_core/u_partitioned_correlation/u_cmpy_array/g_cmpy[9].u_corr_cmpy/U0/i_synth/i_synth/four_mult_structure.use_dsp.i_dsp/re_im/use_DSP48.qDSP[0].appDSP[0].bppDSP[0].u_l[1].use_dsp48e2.dsp: DSP48E2 is not using the D port (AMULTSEL = A and BMULTSEL = B). For improved power characteristics, set DREG and ADREG to '1', tie CED, CEAD, and RSTD to logic '0'.
Related violations: <none>

AVAL-155#134 Advisory
enum_AMULTSEL_BMULTSEL_enum_DREG_ADREG_0_connects_CED_CEAD_RSTD_GND  
frontend/fine_confirmation/u_core/u_partitioned_correlation/u_cmpy_array/g_cmpy[9].u_corr_cmpy/U0/i_synth/i_synth/four_mult_structure.use_dsp.i_dsp/re_im/use_DSP48.qDSP[1].appDSP[0].bppDSP[0].u_l[0].use_dsp48e2.dsp: DSP48E2 is not using the D port (AMULTSEL = A and BMULTSEL = B). For improved power characteristics, set DREG and ADREG to '1', tie CED, CEAD, and RSTD to logic '0'.
Related violations: <none>

AVAL-155#135 Advisory
enum_AMULTSEL_BMULTSEL_enum_DREG_ADREG_0_connects_CED_CEAD_RSTD_GND  
frontend/fine_confirmation/u_core/u_partitioned_correlation/u_cmpy_array/g_cmpy[9].u_corr_cmpy/U0/i_synth/i_synth/four_mult_structure.use_dsp.i_dsp/re_im/use_DSP48.qDSP[1].appDSP[0].bppDSP[0].u_l[1].use_dsp48e2.dsp: DSP48E2 is not using the D port (AMULTSEL = A and BMULTSEL = B). For improved power characteristics, set DREG and ADREG to '1', tie CED, CEAD, and RSTD to logic '0'.
Related violations: <none>

AVAL-155#136 Advisory
enum_AMULTSEL_BMULTSEL_enum_DREG_ADREG_0_connects_CED_CEAD_RSTD_GND  
frontend/fine_confirmation/u_quality_divider_vendor_adapter/u_quality_divider/U0/i_synth/i_nonzero_fract.i_synth/opt_high_radix.i_nonzero_fract.i_high_radix/i_estimator/i_multadd/i_synth_option.i_synth_model/opt_vx8.i_uniwrap/i_primitive: DSP48E2 is not using the D port (AMULTSEL = A and BMULTSEL = B). For improved power characteristics, set DREG and ADREG to '1', tie CED, CEAD, and RSTD to logic '0'.
Related violations: <none>

AVAL-155#137 Advisory
enum_AMULTSEL_BMULTSEL_enum_DREG_ADREG_0_connects_CED_CEAD_RSTD_GND  
frontend/fine_confirmation/u_quality_divider_vendor_adapter/u_quality_divider/U0/i_synth/i_nonzero_fract.i_synth/opt_high_radix.i_nonzero_fract.i_high_radix/i_iterative_unit/i_extra_digits.i_add/i_synth_option.i_synth_model/opt_vx7.i_uniwrap/i_primitive: DSP48E2 is not using the D port (AMULTSEL = A and BMULTSEL = B). For improved power characteristics, set DREG and ADREG to '1', tie CED, CEAD, and RSTD to logic '0'.
Related violations: <none>

AVAL-155#138 Advisory
enum_AMULTSEL_BMULTSEL_enum_DREG_ADREG_0_connects_CED_CEAD_RSTD_GND  
frontend/fine_confirmation/u_quality_divider_vendor_adapter/u_quality_divider/U0/i_synth/i_nonzero_fract.i_synth/opt_high_radix.i_nonzero_fract.i_high_radix/i_iterative_unit/i_extra_digits.i_multadd/i_synth_option.i_synth_model/opt_vx8.i_uniwrap/i_primitive: DSP48E2 is not using the D port (AMULTSEL = A and BMULTSEL = B). For improved power characteristics, set DREG and ADREG to '1', tie CED, CEAD, and RSTD to logic '0'.
Related violations: <none>

AVAL-155#139 Advisory
enum_AMULTSEL_BMULTSEL_enum_DREG_ADREG_0_connects_CED_CEAD_RSTD_GND  
frontend/fine_confirmation/u_quality_divider_vendor_adapter/u_quality_divider/U0/i_synth/i_nonzero_fract.i_synth/opt_high_radix.i_nonzero_fract.i_high_radix/i_iterative_unit/i_splice[1].i_add/i_synth_option.i_synth_model/opt_vx7.i_uniwrap/i_primitive: DSP48E2 is not using the D port (AMULTSEL = A and BMULTSEL = B). For improved power characteristics, set DREG and ADREG to '1', tie CED, CEAD, and RSTD to logic '0'.
Related violations: <none>

AVAL-155#140 Advisory
enum_AMULTSEL_BMULTSEL_enum_DREG_ADREG_0_connects_CED_CEAD_RSTD_GND  
frontend/fine_confirmation/u_quality_divider_vendor_adapter/u_quality_divider/U0/i_synth/i_nonzero_fract.i_synth/opt_high_radix.i_nonzero_fract.i_high_radix/i_iterative_unit/i_splice[1].i_mult/i_synth_option.i_synth_model/opt_vx8.i_uniwrap/i_primitive: DSP48E2 is not using the D port (AMULTSEL = A and BMULTSEL = B). For improved power characteristics, set DREG and ADREG to '1', tie CED, CEAD, and RSTD to logic '0'.
Related violations: <none>

AVAL-155#141 Advisory
enum_AMULTSEL_BMULTSEL_enum_DREG_ADREG_0_connects_CED_CEAD_RSTD_GND  
frontend/fine_confirmation/u_quality_divider_vendor_adapter/u_quality_divider/U0/i_synth/i_nonzero_fract.i_synth/opt_high_radix.i_nonzero_fract.i_high_radix/i_iterative_unit/i_splice[2].i_add/i_synth_option.i_synth_model/opt_vx7.i_uniwrap/i_primitive: DSP48E2 is not using the D port (AMULTSEL = A and BMULTSEL = B). For improved power characteristics, set DREG and ADREG to '1', tie CED, CEAD, and RSTD to logic '0'.
Related violations: <none>

AVAL-155#142 Advisory
enum_AMULTSEL_BMULTSEL_enum_DREG_ADREG_0_connects_CED_CEAD_RSTD_GND  
frontend/fine_confirmation/u_quality_divider_vendor_adapter/u_quality_divider/U0/i_synth/i_nonzero_fract.i_synth/opt_high_radix.i_nonzero_fract.i_high_radix/i_iterative_unit/i_splice[2].i_mult/i_synth_option.i_synth_model/opt_vx8.i_uniwrap/i_primitive: DSP48E2 is not using the D port (AMULTSEL = A and BMULTSEL = B). For improved power characteristics, set DREG and ADREG to '1', tie CED, CEAD, and RSTD to logic '0'.
Related violations: <none>

AVAL-155#143 Advisory
enum_AMULTSEL_BMULTSEL_enum_DREG_ADREG_0_connects_CED_CEAD_RSTD_GND  
frontend/fine_confirmation/u_quality_divider_vendor_adapter/u_quality_divider/U0/i_synth/i_nonzero_fract.i_synth/opt_high_radix.i_nonzero_fract.i_high_radix/i_iterative_unit/i_splice[3].i_add/i_synth_option.i_synth_model/opt_vx7.i_uniwrap/i_primitive: DSP48E2 is not using the D port (AMULTSEL = A and BMULTSEL = B). For improved power characteristics, set DREG and ADREG to '1', tie CED, CEAD, and RSTD to logic '0'.
Related violations: <none>

AVAL-155#144 Advisory
enum_AMULTSEL_BMULTSEL_enum_DREG_ADREG_0_connects_CED_CEAD_RSTD_GND  
frontend/fine_confirmation/u_quality_divider_vendor_adapter/u_quality_divider/U0/i_synth/i_nonzero_fract.i_synth/opt_high_radix.i_nonzero_fract.i_high_radix/i_iterative_unit/i_splice[3].i_mult/i_synth_option.i_synth_model/opt_vx8.i_uniwrap/i_primitive: DSP48E2 is not using the D port (AMULTSEL = A and BMULTSEL = B). For improved power characteristics, set DREG and ADREG to '1', tie CED, CEAD, and RSTD to logic '0'.
Related violations: <none>

AVAL-155#145 Advisory
enum_AMULTSEL_BMULTSEL_enum_DREG_ADREG_0_connects_CED_CEAD_RSTD_GND  
frontend/fine_confirmation/u_quality_divider_vendor_adapter/u_quality_divider/U0/i_synth/i_nonzero_fract.i_synth/opt_high_radix.i_nonzero_fract.i_high_radix/i_iterative_unit/i_splice[4].i_add/i_synth_option.i_synth_model/opt_vx7.i_uniwrap/i_primitive: DSP48E2 is not using the D port (AMULTSEL = A and BMULTSEL = B). For improved power characteristics, set DREG and ADREG to '1', tie CED, CEAD, and RSTD to logic '0'.
Related violations: <none>

AVAL-155#146 Advisory
enum_AMULTSEL_BMULTSEL_enum_DREG_ADREG_0_connects_CED_CEAD_RSTD_GND  
frontend/fine_confirmation/u_quality_divider_vendor_adapter/u_quality_divider/U0/i_synth/i_nonzero_fract.i_synth/opt_high_radix.i_nonzero_fract.i_high_radix/i_iterative_unit/i_splice[4].i_mult/i_synth_option.i_synth_model/opt_vx8.i_uniwrap/i_primitive: DSP48E2 is not using the D port (AMULTSEL = A and BMULTSEL = B). For improved power characteristics, set DREG and ADREG to '1', tie CED, CEAD, and RSTD to logic '0'.
Related violations: <none>

AVAL-155#147 Advisory
enum_AMULTSEL_BMULTSEL_enum_DREG_ADREG_0_connects_CED_CEAD_RSTD_GND  
frontend/fine_confirmation/u_quality_divider_vendor_adapter/u_quality_divider/U0/i_synth/i_nonzero_fract.i_synth/opt_high_radix.i_nonzero_fract.i_high_radix/i_iterative_unit/i_splice[5].i_add/i_synth_option.i_synth_model/opt_vx7.i_uniwrap/i_primitive: DSP48E2 is not using the D port (AMULTSEL = A and BMULTSEL = B). For improved power characteristics, set DREG and ADREG to '1', tie CED, CEAD, and RSTD to logic '0'.
Related violations: <none>

AVAL-155#148 Advisory
enum_AMULTSEL_BMULTSEL_enum_DREG_ADREG_0_connects_CED_CEAD_RSTD_GND  
frontend/fine_confirmation/u_quality_divider_vendor_adapter/u_quality_divider/U0/i_synth/i_nonzero_fract.i_synth/opt_high_radix.i_nonzero_fract.i_high_radix/i_iterative_unit/i_splice[5].i_mult/i_synth_option.i_synth_model/opt_vx8.i_uniwrap/i_primitive: DSP48E2 is not using the D port (AMULTSEL = A and BMULTSEL = B). For improved power characteristics, set DREG and ADREG to '1', tie CED, CEAD, and RSTD to logic '0'.
Related violations: <none>

AVAL-155#149 Advisory
enum_AMULTSEL_BMULTSEL_enum_DREG_ADREG_0_connects_CED_CEAD_RSTD_GND  
frontend/fine_confirmation/u_quality_divider_vendor_adapter/u_quality_divider/U0/i_synth/i_nonzero_fract.i_synth/opt_high_radix.i_nonzero_fract.i_high_radix/i_quotient_collector/i_typical_case.i_addsub/i_vx5_sp3.i_casc_dsp48.i_lower_addsub/i_synth_option.i_synth_model/opt_vx7.i_uniwrap/i_primitive: DSP48E2 is not using the D port (AMULTSEL = A and BMULTSEL = B). For improved power characteristics, set DREG and ADREG to '1', tie CED, CEAD, and RSTD to logic '0'.
Related violations: <none>

AVAL-155#150 Advisory
enum_AMULTSEL_BMULTSEL_enum_DREG_ADREG_0_connects_CED_CEAD_RSTD_GND  
frontend/fine_confirmation/u_quality_divider_vendor_adapter/u_quality_divider/U0/i_synth/i_nonzero_fract.i_synth/opt_high_radix.i_nonzero_fract.i_high_radix/i_quotient_collector/i_typical_case.i_addsub/i_vx5_sp3.i_casc_dsp48.i_upper_addsub/i_synth_option.i_synth_model/opt_vx7.i_uniwrap/i_primitive: DSP48E2 is not using the D port (AMULTSEL = A and BMULTSEL = B). For improved power characteristics, set DREG and ADREG to '1', tie CED, CEAD, and RSTD to logic '0'.
Related violations: <none>

AVAL-155#151 Advisory
enum_AMULTSEL_BMULTSEL_enum_DREG_ADREG_0_connects_CED_CEAD_RSTD_GND  
sfo/initial_estimator/service/backend/observations/engines[0].engine/pair_bfp/u_cmpy/U0/i_synth/i_synth/four_mult_structure.use_dsp.i_dsp/re_im/use_DSP48.qDSP[0].appDSP[0].bppDSP[0].u_l[0].use_dsp48e2.dsp: DSP48E2 is not using the D port (AMULTSEL = A and BMULTSEL = B). For improved power characteristics, set DREG and ADREG to '1', tie CED, CEAD, and RSTD to logic '0'.
Related violations: <none>

AVAL-155#152 Advisory
enum_AMULTSEL_BMULTSEL_enum_DREG_ADREG_0_connects_CED_CEAD_RSTD_GND  
sfo/initial_estimator/service/backend/observations/engines[0].engine/pair_bfp/u_cmpy/U0/i_synth/i_synth/four_mult_structure.use_dsp.i_dsp/re_im/use_DSP48.qDSP[0].appDSP[0].bppDSP[0].u_l[1].use_dsp48e2.dsp: DSP48E2 is not using the D port (AMULTSEL = A and BMULTSEL = B). For improved power characteristics, set DREG and ADREG to '1', tie CED, CEAD, and RSTD to logic '0'.
Related violations: <none>

AVAL-155#153 Advisory
enum_AMULTSEL_BMULTSEL_enum_DREG_ADREG_0_connects_CED_CEAD_RSTD_GND  
sfo/initial_estimator/service/backend/observations/engines[0].engine/pair_bfp/u_cmpy/U0/i_synth/i_synth/four_mult_structure.use_dsp.i_dsp/re_im/use_DSP48.qDSP[1].appDSP[0].bppDSP[0].u_l[0].use_dsp48e2.dsp: DSP48E2 is not using the D port (AMULTSEL = A and BMULTSEL = B). For improved power characteristics, set DREG and ADREG to '1', tie CED, CEAD, and RSTD to logic '0'.
Related violations: <none>

AVAL-155#154 Advisory
enum_AMULTSEL_BMULTSEL_enum_DREG_ADREG_0_connects_CED_CEAD_RSTD_GND  
sfo/initial_estimator/service/backend/observations/engines[0].engine/pair_bfp/u_cmpy/U0/i_synth/i_synth/four_mult_structure.use_dsp.i_dsp/re_im/use_DSP48.qDSP[1].appDSP[0].bppDSP[0].u_l[1].use_dsp48e2.dsp: DSP48E2 is not using the D port (AMULTSEL = A and BMULTSEL = B). For improved power characteristics, set DREG and ADREG to '1', tie CED, CEAD, and RSTD to logic '0'.
Related violations: <none>

AVAL-155#155 Advisory
enum_AMULTSEL_BMULTSEL_enum_DREG_ADREG_0_connects_CED_CEAD_RSTD_GND  
sfo/initial_estimator/service/backend/observations/engines[1].engine/pair_bfp/u_cmpy/U0/i_synth/i_synth/four_mult_structure.use_dsp.i_dsp/re_im/use_DSP48.qDSP[0].appDSP[0].bppDSP[0].u_l[0].use_dsp48e2.dsp: DSP48E2 is not using the D port (AMULTSEL = A and BMULTSEL = B). For improved power characteristics, set DREG and ADREG to '1', tie CED, CEAD, and RSTD to logic '0'.
Related violations: <none>

AVAL-155#156 Advisory
enum_AMULTSEL_BMULTSEL_enum_DREG_ADREG_0_connects_CED_CEAD_RSTD_GND  
sfo/initial_estimator/service/backend/observations/engines[1].engine/pair_bfp/u_cmpy/U0/i_synth/i_synth/four_mult_structure.use_dsp.i_dsp/re_im/use_DSP48.qDSP[0].appDSP[0].bppDSP[0].u_l[1].use_dsp48e2.dsp: DSP48E2 is not using the D port (AMULTSEL = A and BMULTSEL = B). For improved power characteristics, set DREG and ADREG to '1', tie CED, CEAD, and RSTD to logic '0'.
Related violations: <none>

AVAL-155#157 Advisory
enum_AMULTSEL_BMULTSEL_enum_DREG_ADREG_0_connects_CED_CEAD_RSTD_GND  
sfo/initial_estimator/service/backend/observations/engines[1].engine/pair_bfp/u_cmpy/U0/i_synth/i_synth/four_mult_structure.use_dsp.i_dsp/re_im/use_DSP48.qDSP[1].appDSP[0].bppDSP[0].u_l[0].use_dsp48e2.dsp: DSP48E2 is not using the D port (AMULTSEL = A and BMULTSEL = B). For improved power characteristics, set DREG and ADREG to '1', tie CED, CEAD, and RSTD to logic '0'.
Related violations: <none>

AVAL-155#158 Advisory
enum_AMULTSEL_BMULTSEL_enum_DREG_ADREG_0_connects_CED_CEAD_RSTD_GND  
sfo/initial_estimator/service/backend/observations/engines[1].engine/pair_bfp/u_cmpy/U0/i_synth/i_synth/four_mult_structure.use_dsp.i_dsp/re_im/use_DSP48.qDSP[1].appDSP[0].bppDSP[0].u_l[1].use_dsp48e2.dsp: DSP48E2 is not using the D port (AMULTSEL = A and BMULTSEL = B). For improved power characteristics, set DREG and ADREG to '1', tie CED, CEAD, and RSTD to logic '0'.
Related violations: <none>

AVAL-155#159 Advisory
enum_AMULTSEL_BMULTSEL_enum_DREG_ADREG_0_connects_CED_CEAD_RSTD_GND  
sfo/initial_estimator/service/frontend/correction/u_dds/g_dds[0].u_dds/U0/i_synth/i_dds/I_SINCOS.i_comp_eff.i_eff/MULT_PI_U/i_synth_option.i_synth_model/opt_vx8.i_uniwrap/i_primitive: DSP48E2 is not using the D port (AMULTSEL = A and BMULTSEL = B). For improved power characteristics, set DREG and ADREG to '1', tie CED, CEAD, and RSTD to logic '0'.
Related violations: <none>

AVAL-155#160 Advisory
enum_AMULTSEL_BMULTSEL_enum_DREG_ADREG_0_connects_CED_CEAD_RSTD_GND  
sfo/initial_estimator/service/frontend/correction/u_dds/g_dds[0].u_dds/U0/i_synth/i_dds/I_SINCOS.i_comp_eff.i_eff/S1_COS_U/i_synth_option.i_synth_model/opt_vx8.i_uniwrap/i_primitive: DSP48E2 is not using the D port (AMULTSEL = A and BMULTSEL = B). For improved power characteristics, set DREG and ADREG to '1', tie CED, CEAD, and RSTD to logic '0'.
Related violations: <none>

AVAL-155#161 Advisory
enum_AMULTSEL_BMULTSEL_enum_DREG_ADREG_0_connects_CED_CEAD_RSTD_GND  
sfo/initial_estimator/service/frontend/correction/u_dds/g_dds[0].u_dds/U0/i_synth/i_dds/I_SINCOS.i_comp_eff.i_eff/S1_SIN_U/i_synth_option.i_synth_model/opt_vx8.i_uniwrap/i_primitive: DSP48E2 is not using the D port (AMULTSEL = A and BMULTSEL = B). For improved power characteristics, set DREG and ADREG to '1', tie CED, CEAD, and RSTD to logic '0'.
Related violations: <none>

AVAL-155#162 Advisory
enum_AMULTSEL_BMULTSEL_enum_DREG_ADREG_0_connects_CED_CEAD_RSTD_GND  
sfo/initial_estimator/service/frontend/correction/u_dds/g_dds[1].u_dds/U0/i_synth/i_dds/I_SINCOS.i_comp_eff.i_eff/MULT_PI_U/i_synth_option.i_synth_model/opt_vx8.i_uniwrap/i_primitive: DSP48E2 is not using the D port (AMULTSEL = A and BMULTSEL = B). For improved power characteristics, set DREG and ADREG to '1', tie CED, CEAD, and RSTD to logic '0'.
Related violations: <none>

AVAL-155#163 Advisory
enum_AMULTSEL_BMULTSEL_enum_DREG_ADREG_0_connects_CED_CEAD_RSTD_GND  
sfo/initial_estimator/service/frontend/correction/u_dds/g_dds[1].u_dds/U0/i_synth/i_dds/I_SINCOS.i_comp_eff.i_eff/S1_COS_U/i_synth_option.i_synth_model/opt_vx8.i_uniwrap/i_primitive: DSP48E2 is not using the D port (AMULTSEL = A and BMULTSEL = B). For improved power characteristics, set DREG and ADREG to '1', tie CED, CEAD, and RSTD to logic '0'.
Related violations: <none>

AVAL-155#164 Advisory
enum_AMULTSEL_BMULTSEL_enum_DREG_ADREG_0_connects_CED_CEAD_RSTD_GND  
sfo/initial_estimator/service/frontend/correction/u_dds/g_dds[1].u_dds/U0/i_synth/i_dds/I_SINCOS.i_comp_eff.i_eff/S1_SIN_U/i_synth_option.i_synth_model/opt_vx8.i_uniwrap/i_primitive: DSP48E2 is not using the D port (AMULTSEL = A and BMULTSEL = B). For improved power characteristics, set DREG and ADREG to '1', tie CED, CEAD, and RSTD to logic '0'.
Related violations: <none>

AVAL-155#165 Advisory
enum_AMULTSEL_BMULTSEL_enum_DREG_ADREG_0_connects_CED_CEAD_RSTD_GND  
sfo/initial_estimator/service/frontend/correction/u_dds/g_dds[2].u_dds/U0/i_synth/i_dds/I_SINCOS.i_comp_eff.i_eff/MULT_PI_U/i_synth_option.i_synth_model/opt_vx8.i_uniwrap/i_primitive: DSP48E2 is not using the D port (AMULTSEL = A and BMULTSEL = B). For improved power characteristics, set DREG and ADREG to '1', tie CED, CEAD, and RSTD to logic '0'.
Related violations: <none>

AVAL-155#166 Advisory
enum_AMULTSEL_BMULTSEL_enum_DREG_ADREG_0_connects_CED_CEAD_RSTD_GND  
sfo/initial_estimator/service/frontend/correction/u_dds/g_dds[2].u_dds/U0/i_synth/i_dds/I_SINCOS.i_comp_eff.i_eff/S1_COS_U/i_synth_option.i_synth_model/opt_vx8.i_uniwrap/i_primitive: DSP48E2 is not using the D port (AMULTSEL = A and BMULTSEL = B). For improved power characteristics, set DREG and ADREG to '1', tie CED, CEAD, and RSTD to logic '0'.
Related violations: <none>

AVAL-155#167 Advisory
enum_AMULTSEL_BMULTSEL_enum_DREG_ADREG_0_connects_CED_CEAD_RSTD_GND  
sfo/initial_estimator/service/frontend/correction/u_dds/g_dds[2].u_dds/U0/i_synth/i_dds/I_SINCOS.i_comp_eff.i_eff/S1_SIN_U/i_synth_option.i_synth_model/opt_vx8.i_uniwrap/i_primitive: DSP48E2 is not using the D port (AMULTSEL = A and BMULTSEL = B). For improved power characteristics, set DREG and ADREG to '1', tie CED, CEAD, and RSTD to logic '0'.
Related violations: <none>

AVAL-155#168 Advisory
enum_AMULTSEL_BMULTSEL_enum_DREG_ADREG_0_connects_CED_CEAD_RSTD_GND  
sfo/initial_estimator/service/frontend/correction/u_dds/g_dds[3].u_dds/U0/i_synth/i_dds/I_SINCOS.i_comp_eff.i_eff/MULT_PI_U/i_synth_option.i_synth_model/opt_vx8.i_uniwrap/i_primitive: DSP48E2 is not using the D port (AMULTSEL = A and BMULTSEL = B). For improved power characteristics, set DREG and ADREG to '1', tie CED, CEAD, and RSTD to logic '0'.
Related violations: <none>

AVAL-155#169 Advisory
enum_AMULTSEL_BMULTSEL_enum_DREG_ADREG_0_connects_CED_CEAD_RSTD_GND  
sfo/initial_estimator/service/frontend/correction/u_dds/g_dds[3].u_dds/U0/i_synth/i_dds/I_SINCOS.i_comp_eff.i_eff/S1_COS_U/i_synth_option.i_synth_model/opt_vx8.i_uniwrap/i_primitive: DSP48E2 is not using the D port (AMULTSEL = A and BMULTSEL = B). For improved power characteristics, set DREG and ADREG to '1', tie CED, CEAD, and RSTD to logic '0'.
Related violations: <none>

AVAL-155#170 Advisory
enum_AMULTSEL_BMULTSEL_enum_DREG_ADREG_0_connects_CED_CEAD_RSTD_GND  
sfo/initial_estimator/service/frontend/correction/u_dds/g_dds[3].u_dds/U0/i_synth/i_dds/I_SINCOS.i_comp_eff.i_eff/S1_SIN_U/i_synth_option.i_synth_model/opt_vx8.i_uniwrap/i_primitive: DSP48E2 is not using the D port (AMULTSEL = A and BMULTSEL = B). For improved power characteristics, set DREG and ADREG to '1', tie CED, CEAD, and RSTD to logic '0'.
Related violations: <none>

AVAL-155#171 Advisory
enum_AMULTSEL_BMULTSEL_enum_DREG_ADREG_0_connects_CED_CEAD_RSTD_GND  
sfo/initial_estimator/service/frontend/correction/u_rotate/g_lane[0].u_rotate/U0/i_synth/i_synth/four_mult_structure.use_dsp.i_dsp/re_im/use_DSP48.qDSP[0].appDSP[0].bppDSP[0].u_l[0].use_dsp48e2.dsp: DSP48E2 is not using the D port (AMULTSEL = A and BMULTSEL = B). For improved power characteristics, set DREG and ADREG to '1', tie CED, CEAD, and RSTD to logic '0'.
Related violations: <none>

AVAL-155#172 Advisory
enum_AMULTSEL_BMULTSEL_enum_DREG_ADREG_0_connects_CED_CEAD_RSTD_GND  
sfo/initial_estimator/service/frontend/correction/u_rotate/g_lane[0].u_rotate/U0/i_synth/i_synth/four_mult_structure.use_dsp.i_dsp/re_im/use_DSP48.qDSP[0].appDSP[0].bppDSP[0].u_l[1].use_dsp48e2.dsp: DSP48E2 is not using the D port (AMULTSEL = A and BMULTSEL = B). For improved power characteristics, set DREG and ADREG to '1', tie CED, CEAD, and RSTD to logic '0'.
Related violations: <none>

AVAL-155#173 Advisory
enum_AMULTSEL_BMULTSEL_enum_DREG_ADREG_0_connects_CED_CEAD_RSTD_GND  
sfo/initial_estimator/service/frontend/correction/u_rotate/g_lane[0].u_rotate/U0/i_synth/i_synth/four_mult_structure.use_dsp.i_dsp/re_im/use_DSP48.qDSP[1].appDSP[0].bppDSP[0].u_l[0].use_dsp48e2.dsp: DSP48E2 is not using the D port (AMULTSEL = A and BMULTSEL = B). For improved power characteristics, set DREG and ADREG to '1', tie CED, CEAD, and RSTD to logic '0'.
Related violations: <none>

AVAL-155#174 Advisory
enum_AMULTSEL_BMULTSEL_enum_DREG_ADREG_0_connects_CED_CEAD_RSTD_GND  
sfo/initial_estimator/service/frontend/correction/u_rotate/g_lane[0].u_rotate/U0/i_synth/i_synth/four_mult_structure.use_dsp.i_dsp/re_im/use_DSP48.qDSP[1].appDSP[0].bppDSP[0].u_l[1].use_dsp48e2.dsp: DSP48E2 is not using the D port (AMULTSEL = A and BMULTSEL = B). For improved power characteristics, set DREG and ADREG to '1', tie CED, CEAD, and RSTD to logic '0'.
Related violations: <none>

AVAL-155#175 Advisory
enum_AMULTSEL_BMULTSEL_enum_DREG_ADREG_0_connects_CED_CEAD_RSTD_GND  
sfo/initial_estimator/service/frontend/correction/u_rotate/g_lane[1].u_rotate/U0/i_synth/i_synth/four_mult_structure.use_dsp.i_dsp/re_im/use_DSP48.qDSP[0].appDSP[0].bppDSP[0].u_l[0].use_dsp48e2.dsp: DSP48E2 is not using the D port (AMULTSEL = A and BMULTSEL = B). For improved power characteristics, set DREG and ADREG to '1', tie CED, CEAD, and RSTD to logic '0'.
Related violations: <none>

AVAL-155#176 Advisory
enum_AMULTSEL_BMULTSEL_enum_DREG_ADREG_0_connects_CED_CEAD_RSTD_GND  
sfo/initial_estimator/service/frontend/correction/u_rotate/g_lane[1].u_rotate/U0/i_synth/i_synth/four_mult_structure.use_dsp.i_dsp/re_im/use_DSP48.qDSP[0].appDSP[0].bppDSP[0].u_l[1].use_dsp48e2.dsp: DSP48E2 is not using the D port (AMULTSEL = A and BMULTSEL = B). For improved power characteristics, set DREG and ADREG to '1', tie CED, CEAD, and RSTD to logic '0'.
Related violations: <none>

AVAL-155#177 Advisory
enum_AMULTSEL_BMULTSEL_enum_DREG_ADREG_0_connects_CED_CEAD_RSTD_GND  
sfo/initial_estimator/service/frontend/correction/u_rotate/g_lane[1].u_rotate/U0/i_synth/i_synth/four_mult_structure.use_dsp.i_dsp/re_im/use_DSP48.qDSP[1].appDSP[0].bppDSP[0].u_l[0].use_dsp48e2.dsp: DSP48E2 is not using the D port (AMULTSEL = A and BMULTSEL = B). For improved power characteristics, set DREG and ADREG to '1', tie CED, CEAD, and RSTD to logic '0'.
Related violations: <none>

AVAL-155#178 Advisory
enum_AMULTSEL_BMULTSEL_enum_DREG_ADREG_0_connects_CED_CEAD_RSTD_GND  
sfo/initial_estimator/service/frontend/correction/u_rotate/g_lane[1].u_rotate/U0/i_synth/i_synth/four_mult_structure.use_dsp.i_dsp/re_im/use_DSP48.qDSP[1].appDSP[0].bppDSP[0].u_l[1].use_dsp48e2.dsp: DSP48E2 is not using the D port (AMULTSEL = A and BMULTSEL = B). For improved power characteristics, set DREG and ADREG to '1', tie CED, CEAD, and RSTD to logic '0'.
Related violations: <none>

AVAL-155#179 Advisory
enum_AMULTSEL_BMULTSEL_enum_DREG_ADREG_0_connects_CED_CEAD_RSTD_GND  
sfo/initial_estimator/service/frontend/correction/u_rotate/g_lane[2].u_rotate/U0/i_synth/i_synth/four_mult_structure.use_dsp.i_dsp/re_im/use_DSP48.qDSP[0].appDSP[0].bppDSP[0].u_l[0].use_dsp48e2.dsp: DSP48E2 is not using the D port (AMULTSEL = A and BMULTSEL = B). For improved power characteristics, set DREG and ADREG to '1', tie CED, CEAD, and RSTD to logic '0'.
Related violations: <none>

AVAL-155#180 Advisory
enum_AMULTSEL_BMULTSEL_enum_DREG_ADREG_0_connects_CED_CEAD_RSTD_GND  
sfo/initial_estimator/service/frontend/correction/u_rotate/g_lane[2].u_rotate/U0/i_synth/i_synth/four_mult_structure.use_dsp.i_dsp/re_im/use_DSP48.qDSP[0].appDSP[0].bppDSP[0].u_l[1].use_dsp48e2.dsp: DSP48E2 is not using the D port (AMULTSEL = A and BMULTSEL = B). For improved power characteristics, set DREG and ADREG to '1', tie CED, CEAD, and RSTD to logic '0'.
Related violations: <none>

AVAL-155#181 Advisory
enum_AMULTSEL_BMULTSEL_enum_DREG_ADREG_0_connects_CED_CEAD_RSTD_GND  
sfo/initial_estimator/service/frontend/correction/u_rotate/g_lane[2].u_rotate/U0/i_synth/i_synth/four_mult_structure.use_dsp.i_dsp/re_im/use_DSP48.qDSP[1].appDSP[0].bppDSP[0].u_l[0].use_dsp48e2.dsp: DSP48E2 is not using the D port (AMULTSEL = A and BMULTSEL = B). For improved power characteristics, set DREG and ADREG to '1', tie CED, CEAD, and RSTD to logic '0'.
Related violations: <none>

AVAL-155#182 Advisory
enum_AMULTSEL_BMULTSEL_enum_DREG_ADREG_0_connects_CED_CEAD_RSTD_GND  
sfo/initial_estimator/service/frontend/correction/u_rotate/g_lane[2].u_rotate/U0/i_synth/i_synth/four_mult_structure.use_dsp.i_dsp/re_im/use_DSP48.qDSP[1].appDSP[0].bppDSP[0].u_l[1].use_dsp48e2.dsp: DSP48E2 is not using the D port (AMULTSEL = A and BMULTSEL = B). For improved power characteristics, set DREG and ADREG to '1', tie CED, CEAD, and RSTD to logic '0'.
Related violations: <none>

AVAL-155#183 Advisory
enum_AMULTSEL_BMULTSEL_enum_DREG_ADREG_0_connects_CED_CEAD_RSTD_GND  
sfo/initial_estimator/service/frontend/correction/u_rotate/g_lane[3].u_rotate/U0/i_synth/i_synth/four_mult_structure.use_dsp.i_dsp/re_im/use_DSP48.qDSP[0].appDSP[0].bppDSP[0].u_l[0].use_dsp48e2.dsp: DSP48E2 is not using the D port (AMULTSEL = A and BMULTSEL = B). For improved power characteristics, set DREG and ADREG to '1', tie CED, CEAD, and RSTD to logic '0'.
Related violations: <none>

AVAL-155#184 Advisory
enum_AMULTSEL_BMULTSEL_enum_DREG_ADREG_0_connects_CED_CEAD_RSTD_GND  
sfo/initial_estimator/service/frontend/correction/u_rotate/g_lane[3].u_rotate/U0/i_synth/i_synth/four_mult_structure.use_dsp.i_dsp/re_im/use_DSP48.qDSP[0].appDSP[0].bppDSP[0].u_l[1].use_dsp48e2.dsp: DSP48E2 is not using the D port (AMULTSEL = A and BMULTSEL = B). For improved power characteristics, set DREG and ADREG to '1', tie CED, CEAD, and RSTD to logic '0'.
Related violations: <none>

AVAL-155#185 Advisory
enum_AMULTSEL_BMULTSEL_enum_DREG_ADREG_0_connects_CED_CEAD_RSTD_GND  
sfo/initial_estimator/service/frontend/correction/u_rotate/g_lane[3].u_rotate/U0/i_synth/i_synth/four_mult_structure.use_dsp.i_dsp/re_im/use_DSP48.qDSP[1].appDSP[0].bppDSP[0].u_l[0].use_dsp48e2.dsp: DSP48E2 is not using the D port (AMULTSEL = A and BMULTSEL = B). For improved power characteristics, set DREG and ADREG to '1', tie CED, CEAD, and RSTD to logic '0'.
Related violations: <none>

AVAL-155#186 Advisory
enum_AMULTSEL_BMULTSEL_enum_DREG_ADREG_0_connects_CED_CEAD_RSTD_GND  
sfo/initial_estimator/service/frontend/correction/u_rotate/g_lane[3].u_rotate/U0/i_synth/i_synth/four_mult_structure.use_dsp.i_dsp/re_im/use_DSP48.qDSP[1].appDSP[0].bppDSP[0].u_l[1].use_dsp48e2.dsp: DSP48E2 is not using the D port (AMULTSEL = A and BMULTSEL = B). For improved power characteristics, set DREG and ADREG to '1', tie CED, CEAD, and RSTD to logic '0'.
Related violations: <none>

AVAL-156#1 Advisory
enum_USE_MULT_NONE__enum_DREG_ADREG_0_connects_CED_CEAD_RSTD_GND  
frontend/fine_confirmation/u_quality_divider_vendor_adapter/u_quality_divider/U0/i_synth/i_nonzero_fract.i_synth/opt_high_radix.i_nonzero_fract.i_high_radix/i_iterative_unit/i_extra_digits.i_add/i_synth_option.i_synth_model/opt_vx7.i_uniwrap/i_primitive: DSP48E2 is not using the Multiplier (USE_MULT = NONE). For improved power characteristics, set DREG and ADREG to '1', tie CED, CEAD, and RSTD to logic '0'.
Related violations: <none>

AVAL-156#2 Advisory
enum_USE_MULT_NONE__enum_DREG_ADREG_0_connects_CED_CEAD_RSTD_GND  
frontend/fine_confirmation/u_quality_divider_vendor_adapter/u_quality_divider/U0/i_synth/i_nonzero_fract.i_synth/opt_high_radix.i_nonzero_fract.i_high_radix/i_iterative_unit/i_splice[1].i_add/i_synth_option.i_synth_model/opt_vx7.i_uniwrap/i_primitive: DSP48E2 is not using the Multiplier (USE_MULT = NONE). For improved power characteristics, set DREG and ADREG to '1', tie CED, CEAD, and RSTD to logic '0'.
Related violations: <none>

AVAL-156#3 Advisory
enum_USE_MULT_NONE__enum_DREG_ADREG_0_connects_CED_CEAD_RSTD_GND  
frontend/fine_confirmation/u_quality_divider_vendor_adapter/u_quality_divider/U0/i_synth/i_nonzero_fract.i_synth/opt_high_radix.i_nonzero_fract.i_high_radix/i_iterative_unit/i_splice[2].i_add/i_synth_option.i_synth_model/opt_vx7.i_uniwrap/i_primitive: DSP48E2 is not using the Multiplier (USE_MULT = NONE). For improved power characteristics, set DREG and ADREG to '1', tie CED, CEAD, and RSTD to logic '0'.
Related violations: <none>

AVAL-156#4 Advisory
enum_USE_MULT_NONE__enum_DREG_ADREG_0_connects_CED_CEAD_RSTD_GND  
frontend/fine_confirmation/u_quality_divider_vendor_adapter/u_quality_divider/U0/i_synth/i_nonzero_fract.i_synth/opt_high_radix.i_nonzero_fract.i_high_radix/i_iterative_unit/i_splice[3].i_add/i_synth_option.i_synth_model/opt_vx7.i_uniwrap/i_primitive: DSP48E2 is not using the Multiplier (USE_MULT = NONE). For improved power characteristics, set DREG and ADREG to '1', tie CED, CEAD, and RSTD to logic '0'.
Related violations: <none>

AVAL-156#5 Advisory
enum_USE_MULT_NONE__enum_DREG_ADREG_0_connects_CED_CEAD_RSTD_GND  
frontend/fine_confirmation/u_quality_divider_vendor_adapter/u_quality_divider/U0/i_synth/i_nonzero_fract.i_synth/opt_high_radix.i_nonzero_fract.i_high_radix/i_iterative_unit/i_splice[4].i_add/i_synth_option.i_synth_model/opt_vx7.i_uniwrap/i_primitive: DSP48E2 is not using the Multiplier (USE_MULT = NONE). For improved power characteristics, set DREG and ADREG to '1', tie CED, CEAD, and RSTD to logic '0'.
Related violations: <none>

AVAL-156#6 Advisory
enum_USE_MULT_NONE__enum_DREG_ADREG_0_connects_CED_CEAD_RSTD_GND  
frontend/fine_confirmation/u_quality_divider_vendor_adapter/u_quality_divider/U0/i_synth/i_nonzero_fract.i_synth/opt_high_radix.i_nonzero_fract.i_high_radix/i_iterative_unit/i_splice[5].i_add/i_synth_option.i_synth_model/opt_vx7.i_uniwrap/i_primitive: DSP48E2 is not using the Multiplier (USE_MULT = NONE). For improved power characteristics, set DREG and ADREG to '1', tie CED, CEAD, and RSTD to logic '0'.
Related violations: <none>

AVAL-156#7 Advisory
enum_USE_MULT_NONE__enum_DREG_ADREG_0_connects_CED_CEAD_RSTD_GND  
frontend/fine_confirmation/u_quality_divider_vendor_adapter/u_quality_divider/U0/i_synth/i_nonzero_fract.i_synth/opt_high_radix.i_nonzero_fract.i_high_radix/i_quotient_collector/i_typical_case.i_addsub/i_vx5_sp3.i_casc_dsp48.i_lower_addsub/i_synth_option.i_synth_model/opt_vx7.i_uniwrap/i_primitive: DSP48E2 is not using the Multiplier (USE_MULT = NONE). For improved power characteristics, set DREG and ADREG to '1', tie CED, CEAD, and RSTD to logic '0'.
Related violations: <none>

AVAL-156#8 Advisory
enum_USE_MULT_NONE__enum_DREG_ADREG_0_connects_CED_CEAD_RSTD_GND  
frontend/fine_confirmation/u_quality_divider_vendor_adapter/u_quality_divider/U0/i_synth/i_nonzero_fract.i_synth/opt_high_radix.i_nonzero_fract.i_high_radix/i_quotient_collector/i_typical_case.i_addsub/i_vx5_sp3.i_casc_dsp48.i_upper_addsub/i_synth_option.i_synth_model/opt_vx7.i_uniwrap/i_primitive: DSP48E2 is not using the Multiplier (USE_MULT = NONE). For improved power characteristics, set DREG and ADREG to '1', tie CED, CEAD, and RSTD to logic '0'.
Related violations: <none>


