Frame,Index,Lane,Abs,Phase,I,Q
6001,0,0,5632,0,-2469,-1419
6001,0,1,5633,858993,-5088,-2485
6001,0,2,5634,1717986,-131,922
6001,0,3,5635,2576979,1452,1247
6001,1,0,5636,3435972,-43,941
6001,1,1,5637,4294965,-191,1634
6001,1,2,5638,5153958,-2275,-2057
6001,1,3,5639,6012951,-3163,-3218
6001,2,0,5640,6871944,387,2614
6001,2,1,5641,7730937,-1235,-430
6001,2,2,5642,8589930,-7156,-4005
6001,2,3,5643,9448923,796,3121
6001,3,0,5644,10307916,9184,828
6001,3,1,5645,11166909,-1518,-5355
6001,3,2,5646,12025902,-7879,-3323
6001,3,3,5647,12884895,343,473
6001,4,0,5648,13743888,3016,5086
6001,4,1,5649,14602881,-2823,3559
6001,4,2,5650,15461874,-3164,-1346
6001,4,3,5651,16320867,4128,-4242
6001,5,0,5652,17179860,5352,-4140
6001,5,1,5653,18038853,-925,-375
6001,5,2,5654,18897846,-3007,-437
6001,5,3,5655,19756839,-477,3035
6001,6,0,5656,20615832,576,61
6001,6,1,5657,21474825,318,-7457
6001,6,2,5658,22333818,1920,3691
6001,6,3,5659,23192811,4322,1942
6001,7,0,5660,24051804,4027,-5030
6001,7,1,5661,24910797,114,5143
6001,7,2,5662,25769790,653,-1829
6001,7,3,5663,26628783,7566,-6120
6001,8,0,5664,27487776,4653,252
6001,8,1,5665,28346769,-2694,-1290
6001,8,2,5666,29205762,1343,3871
6001,8,3,5667,30064755,4396,1827
6001,9,0,5668,30923748,-1046,-466
6001,9,1,5669,31782741,-6228,631
6001,9,2,5670,32641734,-4294,-6383
6001,9,3,5671,33500727,-849,929
6001,10,0,5672,34359720,-2044,1585
6001,10,1,5673,35218713,1636,-6477
6001,10,2,5674,36077706,3207,-696
6001,10,3,5675,36936699,-1243,-1307
6001,11,0,5676,37795692,-147,2363
6001,11,1,5677,38654685,-973,7447
6001,11,2,5678,39513678,-31,312
6001,11,3,5679,40372671,2190,-2765
6001,12,0,5680,41231664,-2995,-6203
6001,12,1,5681,42090657,-2207,-2190
6001,12,2,5682,42949650,-712,2108
6001,12,3,5683,43808643,-1125,-3739
6001,13,0,5684,44667636,-1080,940
6001,13,1,5685,45526629,-9086,-2335
6001,13,2,5686,46385622,-5535,-9141
6001,13,3,5687,47244615,4093,3443
6001,14,0,5688,48103608,-307,6516
6001,14,1,5689,48962601,-3245,-1868
6001,14,2,5690,49821594,-1573,-4855
6001,14,3,5691,50680587,427,-3857
6001,15,0,5692,51539580,-2671,1581
6001,15,1,5693,52398573,-5348,3621
6001,15,2,5694,53257566,4574,1705
6001,15,3,5695,54116559,4126,-1449
6001,16,0,5696,54975552,129,-3820
6001,16,1,5697,55834545,5510,1447
6001,16,2,5698,56693538,-3359,3360
6001,16,3,5699,57552531,-7273,-1863
6001,17,0,5700,58411524,-1368,54
6001,17,1,5701,59270517,-6256,2000
6001,17,2,5702,60129510,-3087,-3374
6001,17,3,5703,60988503,2264,-471
6001,18,0,5704,61847496,1156,1327
6001,18,1,5705,62706489,4683,-9506
6001,18,2,5706,63565482,-1371,-6903
6001,18,3,5707,64424475,-8124,1429
6001,19,0,5708,65283468,-1140,-1541
6001,19,1,5709,66142461,1879,4904
6001,19,2,5710,67001454,-1586,4950
6001,19,3,5711,67860447,-4286,-7254
6001,20,0,5712,68719440,-1690,-215
6001,20,1,5713,69578433,6306,6802
6001,20,2,5714,70437426,6282,-1448
6001,20,3,5715,71296419,3188,-2781
6001,21,0,5716,72155412,3607,1328
6001,21,1,5717,73014405,-144,2576
6001,21,2,5718,73873398,714,-151
6001,21,3,5719,74732391,1009,-3106
6001,22,0,5720,75591384,-4665,826
6001,22,1,5721,76450377,671,2106
6001,22,2,5722,77309370,420,-1243
6001,22,3,5723,78168363,-8725,2837
6001,23,0,5724,79027356,-2088,5763
6001,23,1,5725,79886349,1984,-2395
6001,23,2,5726,80745342,-1854,-5729
6001,23,3,5727,81604335,356,1439
6001,24,0,5728,82463328,-1485,3259
6001,24,1,5729,83322321,-1657,-324
6001,24,2,5730,84181314,1402,-3579
6001,24,3,5731,85040307,-193,-5030
6001,25,0,5732,85899300,487,1002
6001,25,1,5733,86758293,102,2115
6001,25,2,5734,87617286,-3581,-3222
6001,25,3,5735,88476279,-3050,-268
6001,26,0,5736,89335272,3043,-435
6001,26,1,5737,90194265,5519,-414
6001,26,2,5738,91053258,2715,8146
6001,26,3,5739,91912251,2906,7325
6001,27,0,5740,92771244,-4482,2538
6001,27,1,5741,93630237,-9513,-2439
6001,27,2,5742,94489230,417,-8499
6001,27,3,5743,95348223,-485,483
6001,28,0,5744,96207216,-1397,5961
6001,28,1,5745,97066209,5566,834
6001,28,2,5746,97925202,1769,4953
6001,28,3,5747,98784195,2258,4712
6001,29,0,5748,99643188,116,1270
6001,29,1,5749,100502181,-2784,6386
6001,29,2,5750,101361174,7316,7020
6001,29,3,5751,102220167,2469,3441
6001,30,0,5752,103079160,-3482,-1404
6001,30,1,5753,103938153,415,-2752
6001,30,2,5754,104797146,-3855,4551
6001,30,3,5755,105656139,1298,2149
6001,31,0,5756,106515132,1127,-6976
6001,31,1,5757,107374125,-8534,-4122
6001,31,2,5758,108233118,-2331,763
6001,31,3,5759,109092111,1735,1302
6001,32,0,5760,109951104,3352,653
6001,32,1,5761,110810097,1670,-3253
6001,32,2,5762,111669090,-8404,-1710
6001,32,3,5763,112528083,-3140,5987
6001,33,0,5764,113387076,-1963,6241
6001,33,1,5765,114246069,-6795,2760
6001,33,2,5766,115105062,3273,5072
6001,33,3,5767,115964055,1421,3507
6001,34,0,5768,116823048,-3916,-6395
6001,34,1,5769,117682041,-484,-5921
6001,34,2,5770,118541034,-4047,4549
6001,34,3,5771,119400027,-1231,1953
6001,35,0,5772,120259020,-17,-3188
6001,35,1,5773,121118013,-1907,1932
6001,35,2,5774,121977006,5960,1807
6001,35,3,5775,122835999,892,490
6001,36,0,5776,123694992,-6094,1303
6001,36,1,5777,124553985,1750,-1294
6001,36,2,5778,125412978,4781,-1043
6001,36,3,5779,126271971,1764,-4006
6001,37,0,5780,127130964,-2895,-2110
6001,37,1,5781,127989957,-2360,6129
6001,37,2,5782,128848950,2616,-287
6001,37,3,5783,129707943,802,-2687
6001,38,0,5784,130566936,3540,918
6001,38,1,5785,131425929,6901,-5308
6001,38,2,5786,132284922,-389,1154
6001,38,3,5787,133143915,-7185,7292
6001,39,0,5788,134002908,-4138,-716
6001,39,1,5789,134861901,6487,-118
6001,39,2,5790,135720894,4965,-479
6001,39,3,5791,136579887,-845,-5668
6001,40,0,5792,137438880,8150,-4696
6001,40,1,5793,138297873,9737,-1509
6001,40,2,5794,139156866,3896,1044
6001,40,3,5795,140015859,1099,-4159
6001,41,0,5796,140874852,-1821,-5733
6001,41,1,5797,141733845,4024,123
6001,41,2,5798,142592838,5220,-5638
6001,41,3,5799,143451831,3595,-5248
6001,42,0,5800,144310824,7151,5865
6001,42,1,5801,145169817,-2588,3632
6001,42,2,5802,146028810,-4324,444
6001,42,3,5803,146887803,5153,2435
6001,43,0,5804,147746796,-3047,-1148
6001,43,1,5805,148605789,-6564,-788
6001,43,2,5806,149464782,2672,2377
6001,43,3,5807,150323775,4229,-1359
6001,44,0,5808,151182768,4834,-2563
6001,44,1,5809,152041761,6032,658
6001,44,2,5810,152900754,3350,-2183
6001,44,3,5811,153759747,-614,-3449
6001,45,0,5812,154618740,-6966,-557
6001,45,1,5813,155477733,-8447,-2129
6001,45,2,5814,156336726,-5166,1697
6001,45,3,5815,157195719,-4487,6335
6001,46,0,5816,158054712,-34,-91
6001,46,1,5817,158913705,553,-3212
6001,46,2,5818,159772698,-5763,-332
6001,46,3,5819,160631691,-1828,2403
6001,47,0,5820,161490684,1993,4509
6001,47,1,5821,162349677,548,2411
6001,47,2,5822,163208670,4339,2393
6001,47,3,5823,164067663,3794,2210
6001,48,0,5824,164926656,1443,-2273
6001,48,1,5825,165785649,623,-531
6001,48,2,5826,166644642,-875,2045
6001,48,3,5827,167503635,360,-3388
6001,49,0,5828,168362628,-2327,-6556
6001,49,1,5829,169221621,526,-899
6001,49,2,5830,170080614,4927,3707
6001,49,3,5831,170939607,-3301,-303
6001,50,0,5832,171798600,-3704,-5394
6001,50,1,5833,172657593,2172,-3223
6001,50,2,5834,173516586,3493,3421
6001,50,3,5835,174375579,3891,1885
6001,51,0,5836,175234572,-2117,-4769
6001,51,1,5837,176093565,-761,-2073
6001,51,2,5838,176952558,4130,-858
6001,51,3,5839,177811551,-3090,-1922
6001,52,0,5840,178670544,-2238,3995
6001,52,1,5841,179529537,4819,3277
6001,52,2,5842,180388530,2292,233
6001,52,3,5843,181247523,1683,624
6001,53,0,5844,182106516,2783,-1533
6001,53,1,5845,182965509,-1669,1304
6001,53,2,5846,183824502,-884,1778
6001,53,3,5847,184683495,4030,-1443
6001,54,0,5848,185542488,1271,377
6001,54,1,5849,186401481,-2620,-1863
6001,54,2,5850,187260474,-1779,-2238
6001,54,3,5851,188119467,3941,3146
6001,55,0,5852,188978460,9055,1811
6001,55,1,5853,189837453,1956,-2066
6001,55,2,5854,190696446,-1576,-2561
6001,55,3,5855,191555439,3791,-598
6001,56,0,5856,192414432,274,3043
6001,56,1,5857,193273425,-94,3316
6001,56,2,5858,194132418,4879,2384
6001,56,3,5859,194991411,206,3873
6001,57,0,5860,195850404,-2643,1454
6001,57,1,5861,196709397,1917,-2552
6001,57,2,5862,197568390,2748,-2387
6001,57,3,5863,198427383,1715,-2251
6001,58,0,5864,199286376,1090,-49
6001,58,1,5865,200145369,-3667,-717
6001,58,2,5866,201004362,-2735,-7079
6001,58,3,5867,201863355,2422,-2142
6001,59,0,5868,202722348,1037,4820
6001,59,1,5869,203581341,2124,909
6001,59,2,5870,204440334,931,-216
6001,59,3,5871,205299327,-1423,963
6001,60,0,5872,206158320,2397,2365
6001,60,1,5873,207017313,718,4261
6001,60,2,5874,207876306,3918,2601
6001,60,3,5875,208735299,4873,1636
6001,61,0,5876,209594292,-4090,-1637
6001,61,1,5877,210453285,584,-2004
6001,61,2,5878,211312278,1811,4899
6001,61,3,5879,212171271,-4798,3501
6001,62,0,5880,213030264,-3239,-2509
6001,62,1,5881,213889257,-3894,-963
6001,62,2,5882,214748250,-2684,-171
6001,62,3,5883,215607243,-2983,-2392
6001,63,0,5884,216466236,-3783,-1758
6001,63,1,5885,217325229,3497,-5211
6001,63,2,5886,218184222,5283,-5013
6001,63,3,5887,219043215,177,5853
6001,64,0,5888,219902208,-3247,818
6001,64,1,5889,220761201,2054,-6881
6001,64,2,5890,221620194,3573,3844
6001,64,3,5891,222479187,-395,1481
6001,65,0,5892,223338180,8285,-6026
6001,65,1,5893,224197173,7150,-1694
6001,65,2,5894,225056166,2276,-331
6001,65,3,5895,225915159,5064,2250
6001,66,0,5896,226774152,-2740,991
6001,66,1,5897,227633145,4421,-2746
6001,66,2,5898,228492138,7656,-1876
6001,66,3,5899,229351131,-8443,-1007
6001,67,0,5900,230210124,-1581,5159
6001,67,1,5901,231069117,5080,2116
6001,67,2,5902,231928110,-1378,-4036
6001,67,3,5903,232787103,1100,4560
6001,68,0,5904,233646096,678,4261
6001,68,1,5905,234505089,-3811,-1613
6001,68,2,5906,235364082,-3334,127
6001,68,3,5907,236223075,-672,-805
6001,69,0,5908,237082068,-4839,-1758
6001,69,1,5909,237941061,-4739,-2769
6001,69,2,5910,238800054,-522,-3884
6001,69,3,5911,239659047,-6985,-941
6001,70,0,5912,240518040,-2977,2051
6001,70,1,5913,241377033,58,95
6001,70,2,5914,242236026,-4232,-1327
6001,70,3,5915,243095019,4817,3705
6001,71,0,5916,243954012,-1689,4669
6001,71,1,5917,244813005,-10550,769
6001,71,2,5918,245671998,-672,-3948
6001,71,3,5919,246530991,783,-6106
6001,72,0,5920,247389984,-951,257
6001,72,1,5921,248248977,-301,-58
6001,72,2,5922,249107970,1867,-3172
6001,72,3,5923,249966963,-32,-954
6001,73,0,5924,250825956,-6358,-2891
6001,73,1,5925,251684949,2892,481
6001,73,2,5926,252543942,8031,1505
6001,73,3,5927,253402935,-207,-2200
6001,74,0,5928,254261928,-4932,-2138
6001,74,1,5929,255120921,-4489,-5797
6001,74,2,5930,255979914,1769,-1771
6001,74,3,5931,256838907,376,-1322
6001,75,0,5932,257697900,-3495,-7660
6001,75,1,5933,258556893,-2489,-95
6001,75,2,5934,259415886,-2585,2064
6001,75,3,5935,260274879,3586,498
6001,76,0,5936,261133872,2294,1519
6001,76,1,5937,261992865,-2501,-2319
6001,76,2,5938,262851858,991,1996
6001,76,3,5939,263710851,1424,1761
6001,77,0,5940,264569844,3500,56
6001,77,1,5941,265428837,1124,6237
6001,77,2,5942,266287830,-3251,1814
6001,77,3,5943,267146823,-830,-1854
6001,78,0,5944,268005816,525,-1213
6001,78,1,5945,268864809,3151,-5778
6001,78,2,5946,269723802,254,-4160
6001,78,3,5947,270582795,-4076,3567
6001,79,0,5948,271441788,-7466,5926
6001,79,1,5949,272300781,-10297,3962
6001,79,2,5950,273159774,279,5994
6001,79,3,5951,274018767,114,1119
6001,80,0,5952,274877760,-4867,-5326
6001,80,1,5953,275736753,2229,3630
6001,80,2,5954,276595746,-1454,6221
6001,80,3,5955,277454739,-306,-141
6001,81,0,5956,278313732,2634,-2728
6001,81,1,5957,279172725,-3791,-2633
6001,81,2,5958,280031718,-1294,1873
6001,81,3,5959,280890711,-2199,-2089
6001,82,0,5960,281749704,-1167,-4690
6001,82,1,5961,282608697,5114,217
6001,82,2,5962,283467690,4315,-555
6001,82,3,5963,284326683,7104,3987
6001,83,0,5964,285185676,6862,610
6001,83,1,5965,286044669,1814,-7584
6001,83,2,5966,286903662,-1716,268
6001,83,3,5967,287762655,-1792,1236
6001,84,0,5968,288621648,3455,-229
6001,84,1,5969,289480641,1652,4366
6001,84,2,5970,290339634,-280,691
6001,84,3,5971,291198627,-1028,-1595
6001,85,0,5972,292057620,-2261,-2593
6001,85,1,5973,292916613,5339,-6008
6001,85,2,5974,293775606,211,-4012
6001,85,3,5975,294634599,-5805,1659
6001,86,0,5976,295493592,3951,-235
6001,86,1,5977,296352585,3861,-7475
6001,86,2,5978,297211578,6860,-2059
6001,86,3,5979,298070571,9439,1878
6001,87,0,5980,298929564,-3681,-3756
6001,87,1,5981,299788557,660,-397
6001,87,2,5982,300647550,7592,1810
6001,87,3,5983,301506543,-2707,1132
6001,88,0,5984,302365536,1032,2956
6001,88,1,5985,303224529,6931,-392
6001,88,2,5986,304083522,-444,-315
6001,88,3,5987,304942515,-4087,3421
6001,89,0,5988,305801508,-5348,5152
6001,89,1,5989,306660501,-1641,1587
6001,89,2,5990,307519494,3039,-4429
6001,89,3,5991,308378487,-587,1505
6001,90,0,5992,309237480,-58,6581
6001,90,1,5993,310096473,951,3166
6001,90,2,5994,310955466,-1917,1664
6001,90,3,5995,311814459,1010,-2863
6001,91,0,5996,312673452,4935,-919
6001,91,1,5997,313532445,55,4810
6001,91,2,5998,314391438,-8518,-1210
6001,91,3,5999,315250431,-3307,-4223
6001,92,0,6000,316109424,2598,-2691
6001,92,1,6001,316968417,-1638,237
6001,92,2,6002,317827410,1649,6913
6001,92,3,6003,318686403,630,-327
6001,93,0,6004,319545396,-1008,-7503
6001,93,1,6005,320404389,3342,-116
6001,93,2,6006,321263382,-1448,470
6001,93,3,6007,322122375,2089,3293
6001,94,0,6008,322981368,4579,9302
6001,94,1,6009,323840361,-1504,-1517
6001,94,2,6010,324699354,-2589,-6392
6001,94,3,6011,325558347,-8225,3871
6001,95,0,6012,326417340,-2295,6694
6001,95,1,6013,327276333,-2123,2335
6001,95,2,6014,328135326,-13455,159
6001,95,3,6015,328994319,1156,2193
6001,96,0,6016,329853312,7661,3541
6001,96,1,6017,330712305,1829,-153
6001,96,2,6018,331571298,4473,-1632
6001,96,3,6019,332430291,666,3867
6001,97,0,6020,333289284,1469,4625
6001,97,1,6021,334148277,-4544,-5381
6001,97,2,6022,335007270,-7286,-5267
6001,97,3,6023,335866263,1095,2895
6001,98,0,6024,336725256,-7249,910
6001,98,1,6025,337584249,-3704,4180
6001,98,2,6026,338443242,3228,4464
6001,98,3,6027,339302235,-6018,-5907
6001,99,0,6028,340161228,-3391,-113
6001,99,1,6029,341020221,-1866,5587
6001,99,2,6030,341879214,-1960,-105
6001,99,3,6031,342738207,-655,1820
6001,100,0,6032,343597200,-3914,2690
6001,100,1,6033,344456193,-489,2035
6001,100,2,6034,345315186,-4517,5478
6001,100,3,6035,346174179,-5573,6668
6001,101,0,6036,347033172,2071,1583
6001,101,1,6037,347892165,-1906,-7473
6001,101,2,6038,348751158,-4301,-2830
6001,101,3,6039,349610151,-4233,5631
6001,102,0,6040,350469144,-3147,1291
6001,102,1,6041,351328137,2785,8
6001,102,2,6042,352187130,77,-2809
6001,102,3,6043,353046123,-1739,-5730
6001,103,0,6044,353905116,1713,2322
6001,103,1,6045,354764109,-865,3721
6001,103,2,6046,355623102,-1124,1476
6001,103,3,6047,356482095,2965,693
6001,104,0,6048,357341088,1045,-4451
6001,104,1,6049,358200081,-2418,-2690
6001,104,2,6050,359059074,-3821,-599
6001,104,3,6051,359918067,-4413,-1399
6001,105,0,6052,360777060,1481,246
6001,105,1,6053,361636053,5210,-3188
6001,105,2,6054,362495046,3564,-1934
6001,105,3,6055,363354039,-2296,2524
6001,106,0,6056,364213032,-10875,488
6001,106,1,6057,365072025,-1389,1577
6001,106,2,6058,365931018,1835,1526
6001,106,3,6059,366790011,-9013,-1302
6001,107,0,6060,367649004,1682,11
6001,107,1,6061,368507997,4286,1380
6001,107,2,6062,369366990,-1832,-1985
6001,107,3,6063,370225983,2159,-6885
6001,108,0,6064,371084976,-2946,-1449
6001,108,1,6065,371943969,4421,471
6001,108,2,6066,372802962,5780,-6291
6001,108,3,6067,373661955,-9079,1574
6001,109,0,6068,374520948,-1374,2242
6001,109,1,6069,375379941,1351,-6580
6001,109,2,6070,376238934,-5228,1940
6001,109,3,6071,377097927,-2503,1349
6001,110,0,6072,377956920,-3916,-6489
6001,110,1,6073,378815913,-1821,409
6001,110,2,6074,379674906,-2400,3886
6001,110,3,6075,380533899,-5857,2029
6001,111,0,6076,381392892,1211,599
6001,111,1,6077,382251885,8154,-927
6001,111,2,6078,383110878,4718,-1441
6001,111,3,6079,383969871,-3427,-1806
6001,112,0,6080,384828864,-1555,3344
6001,112,1,6081,385687857,-1301,4838
6001,112,2,6082,386546850,-3818,-1308
6001,112,3,6083,387405843,5128,-1784
6001,113,0,6084,388264836,4809,2082
6001,113,1,6085,389123829,637,4439
6001,113,2,6086,389982822,815,5028
6001,113,3,6087,390841815,-4190,2265
6001,114,0,6088,391700808,214,-2366
6001,114,1,6089,392559801,3989,819
6001,114,2,6090,393418794,1083,5491
6001,114,3,6091,394277787,1920,-1634
6001,115,0,6092,395136780,1656,-2156
6001,115,1,6093,395995773,2969,1326
6001,115,2,6094,396854766,3326,-5723
6001,115,3,6095,397713759,6920,-3227
6001,116,0,6096,398572752,9209,-932
6001,116,1,6097,399431745,2255,-8646
6001,116,2,6098,400290738,4018,-5168
6001,116,3,6099,401149731,-446,-370
6001,117,0,6100,402008724,-9926,-2368
6001,117,1,6101,402867717,1159,-350
6001,117,2,6102,403726710,3395,771
6001,117,3,6103,404585703,-4153,-2336
6001,118,0,6104,405444696,1984,-1746
6001,118,1,6105,406303689,2601,786
6001,118,2,6106,407162682,24,-1909
6001,118,3,6107,408021675,3082,107
6001,119,0,6108,408880668,-726,5515
6001,119,1,6109,409739661,-2526,764
6001,119,2,6110,410598654,835,-1281
6001,119,3,6111,411457647,1823,4777
6001,120,0,6112,412316640,4595,2261
6001,120,1,6113,413175633,-2436,-6748
6001,120,2,6114,414034626,-10193,-3738
6001,120,3,6115,414893619,1776,2634
6001,121,0,6116,415752612,2219,-3966
6001,121,1,6117,416611605,-10086,-1456
6001,121,2,6118,417470598,-4390,6768
6001,121,3,6119,418329591,1664,-690
6001,122,0,6120,419188584,-302,-2543
6001,122,1,6121,420047577,-1024,-2055
6001,122,2,6122,420906570,-3281,-6652
6001,122,3,6123,421765563,-3164,-773
6001,123,0,6124,422624556,-1043,61
6001,123,1,6125,423483549,1807,-4456
6001,123,2,6126,424342542,1748,-4426
6001,123,3,6127,425201535,-2228,-6685
6001,124,0,6128,426060528,-748,-2879
6001,124,1,6129,426919521,1439,2027
6001,124,2,6130,427778514,-1118,2713
6001,124,3,6131,428637507,-497,4983
6001,125,0,6132,429496500,3389,-941
6001,125,1,6133,430355493,1146,-7437
6001,125,2,6134,431214486,-1454,-6065
6001,125,3,6135,432073479,1278,-5209
6001,126,0,6136,432932472,-3642,1070
6001,126,1,6137,433791465,-5772,2913
6001,126,2,6138,434650458,2468,-5448
6001,126,3,6139,435509451,1740,-319
6001,127,0,6140,436368444,-4348,3648
6001,127,1,6141,437227437,-4276,-6482
6001,127,2,6142,438086430,2661,-3549
6001,127,3,6143,438945423,4172,6137
6001,128,0,6144,439804416,-1716,6181
6001,128,1,6145,440663409,3222,-1302
6001,128,2,6146,441522402,3602,-8159
6001,128,3,6147,442381395,-1854,-1390
6001,129,0,6148,443240388,22,3460
6001,129,1,6149,444099381,-5636,1406
6001,129,2,6150,444958374,-5566,116
6001,129,3,6151,445817367,-1127,-7315
6001,130,0,6152,446676360,-1562,-4678
6001,130,1,6153,447535353,5020,32
6001,130,2,6154,448394346,2224,-4065
6001,130,3,6155,449253339,838,1125
6001,131,0,6156,450112332,4884,2002
6001,131,1,6157,450971325,-3340,-1105
6001,131,2,6158,451830318,770,-2041
6001,131,3,6159,452689311,6983,-4802
6001,132,0,6160,453548304,-40,3041
6001,132,1,6161,454407297,1134,4546
6001,132,2,6162,455266290,5012,-988
6001,132,3,6163,456125283,3299,-3067
6001,133,0,6164,456984276,-3114,-5148
6001,133,1,6165,457843269,-3761,6601
6001,133,2,6166,458702262,3072,4740
6001,133,3,6167,459561255,-1580,-11935
6001,134,0,6168,460420248,-5076,-6247
6001,134,1,6169,461279241,2677,-391
6001,134,2,6170,462138234,5607,-1745
6001,134,3,6171,462997227,1414,-2738
6001,135,0,6172,463856220,-595,-4842
6001,135,1,6173,464715213,2526,2354
6001,135,2,6174,465574206,1318,2308
6001,135,3,6175,466433199,-494,-848
6001,136,0,6176,467292192,1042,3010
6001,136,1,6177,468151185,1333,-2045
6001,136,2,6178,469010178,5494,-2589
6001,136,3,6179,469869171,3401,5338
6001,137,0,6180,470728164,-1561,3356
6001,137,1,6181,471587157,-2814,-3096
6001,137,2,6182,472446150,-11511,-255
6001,137,3,6183,473305143,-7943,4170
6001,138,0,6184,474164136,2492,906
6001,138,1,6185,475023129,-1851,1927
6001,138,2,6186,475882122,-3869,2731
6001,138,3,6187,476741115,-3938,-2195
6001,139,0,6188,477600108,-1040,-985
6001,139,1,6189,478459101,5646,-358
6001,139,2,6190,479318094,1546,-1614
6001,139,3,6191,480177087,2458,-1875
6001,140,0,6192,481036080,9401,-1556
6001,140,1,6193,481895073,6942,3448
6001,140,2,6194,482754066,-227,715
6001,140,3,6195,483613059,-7033,-4499
6001,141,0,6196,484472052,-3279,-1005
6001,141,1,6197,485331045,5331,2080
6001,141,2,6198,486190038,7014,8040
6001,141,3,6199,487049031,6497,9005
6001,142,0,6200,487908024,-482,-232
6001,142,1,6201,488767017,-4022,-636
6001,142,2,6202,489626010,2257,1233
6001,142,3,6203,490485003,1231,-3752
6001,143,0,6204,491343996,-771,-1180
6001,143,1,6205,492202989,2217,3810
6001,143,2,6206,493061982,3052,1165
6001,143,3,6207,493920975,1320,2653
6001,144,0,6208,494779968,-3884,6801
6001,144,1,6209,495638961,-1311,1827
6001,144,2,6210,496497954,4367,-4408
6001,144,3,6211,497356947,-879,-3699
6001,145,0,6212,498215940,-2171,-995
6001,145,1,6213,499074933,957,1283
6001,145,2,6214,499933926,657,4881
6001,145,3,6215,500792919,9,2321
6001,146,0,6216,501651912,-3781,-4014
6001,146,1,6217,502510905,-985,251
6001,146,2,6218,503369898,4711,2222
6001,146,3,6219,504228891,614,-4008
6001,147,0,6220,505087884,-3183,-3981
6001,147,1,6221,505946877,-5087,-2524
6001,147,2,6222,506805870,-4719,-1387
6001,147,3,6223,507664863,-296,-363
6001,148,0,6224,508523856,-691,486
6001,148,1,6225,509382849,-2519,2301
6001,148,2,6226,510241842,67,-555
6001,148,3,6227,511100835,4222,3474
6001,149,0,6228,511959828,3763,5482
6001,149,1,6229,512818821,-2588,-1697
6001,149,2,6230,513677814,-7748,1445
6001,149,3,6231,514536807,-5893,495
6001,150,0,6232,515395800,2234,-517
6001,150,1,6233,516254793,4160,6946
6001,150,2,6234,517113786,2982,2422
6001,150,3,6235,517972779,7391,1882
6001,151,0,6236,518831772,3266,5411
6001,151,1,6237,519690765,-4331,-1060
6001,151,2,6238,520549758,-3684,-2687
6001,151,3,6239,521408751,1884,2855
6001,152,0,6240,522267744,4781,4454
6001,152,1,6241,523126737,-2076,-4859
6001,152,2,6242,523985730,-676,-4699
6001,152,3,6243,524844723,3074,4901
6001,153,0,6244,525703716,-3446,2310
6001,153,1,6245,526562709,1292,4595
6001,153,2,6246,527421702,5129,4981
6001,153,3,6247,528280695,3630,-500
6001,154,0,6248,529139688,5127,322
6001,154,1,6249,529998681,886,-4136
6001,154,2,6250,530857674,2599,143
6001,154,3,6251,531716667,-1290,-489
6001,155,0,6252,532575660,-3320,-8845
6001,155,1,6253,533434653,6940,3779
6001,155,2,6254,534293646,-428,5635
6001,155,3,6255,535152639,1626,-299
6001,156,0,6256,536011632,8835,1283
6001,156,1,6257,536870625,-3880,-2265
6001,156,2,6258,537729618,3224,6255
6001,156,3,6259,538588611,9036,5455
6001,157,0,6260,539447604,-2717,-1723
6001,157,1,6261,540306597,-4180,5137
6001,157,2,6262,541165590,-2603,-3650
6001,157,3,6263,542024583,4149,-6907
6001,158,0,6264,542883576,3724,3527
6001,158,1,6265,543742569,-1464,-2342
6001,158,2,6266,544601562,5795,-5762
6001,158,3,6267,545460555,720,2728
6001,159,0,6268,546319548,-6276,4354
6001,159,1,6269,547178541,-2670,-3106
6001,159,2,6270,548037534,-2975,-3178
6001,159,3,6271,548896527,-486,-2454
6001,160,0,6272,549755520,1097,-5997
6001,160,1,6273,550614513,2130,3348
6001,160,2,6274,551473506,3995,3559
6001,160,3,6275,552332499,175,298
6001,161,0,6276,553191492,-3357,8563
6001,161,1,6277,554050485,-5644,-1580
6001,161,2,6278,554909478,-2691,-2271
6001,161,3,6279,555768471,2033,10177
6001,162,0,6280,556627464,1889,3346
6001,162,1,6281,557486457,668,2215
6001,162,2,6282,558345450,-2621,1363
6001,162,3,6283,559204443,-953,-1148
6001,163,0,6284,560063436,644,4433
6001,163,1,6285,560922429,-2775,-3218
6001,163,2,6286,561781422,-2171,-3428
6001,163,3,6287,562640415,-5305,2670
6001,164,0,6288,563499408,-6008,-6784
6001,164,1,6289,564358401,-619,-9535
6001,164,2,6290,565217394,70,-5155
6001,164,3,6291,566076387,2108,-1400
6001,165,0,6292,566935380,2327,-210
6001,165,1,6293,567794373,1282,-3517
6001,165,2,6294,568653366,1957,592
6001,165,3,6295,569512359,-1106,-1013
6001,166,0,6296,570371352,-93,-6563
6001,166,1,6297,571230345,3884,-358
6001,166,2,6298,572089338,7781,-3452
6001,166,3,6299,572948331,7326,-8694
6001,167,0,6300,573807324,471,-1266
6001,167,1,6301,574666317,2571,-2852
6001,167,2,6302,575525310,2127,-3306
6001,167,3,6303,576384303,-5747,5908
6001,168,0,6304,577243296,-1601,1191
6001,168,1,6305,578102289,2708,-4939
6001,168,2,6306,578961282,584,-1448
6001,168,3,6307,579820275,1871,-2349
6001,169,0,6308,580679268,2463,1921
6001,169,1,6309,581538261,32,6833
6001,169,2,6310,582397254,-9,1211
6001,169,3,6311,583256247,4066,-525
6001,170,0,6312,584115240,-932,-1197
6001,170,1,6313,584974233,-10532,-2567
6001,170,2,6314,585833226,-2273,-180
6001,170,3,6315,586692219,6304,-2120
6001,171,0,6316,587551212,-2865,-315
6001,171,1,6317,588410205,-6139,3253
6001,171,2,6318,589269198,1569,760
6001,171,3,6319,590128191,2846,1386
6001,172,0,6320,590987184,2873,209
6001,172,1,6321,591846177,2779,-689
6001,172,2,6322,592705170,-2564,2955
6001,172,3,6323,593564163,-464,-437
6001,173,0,6324,594423156,-496,-5742
6001,173,1,6325,595282149,-7161,-4618
6001,173,2,6326,596141142,-1199,442
6001,173,3,6327,597000135,707,-446
6001,174,0,6328,597859128,-3025,-6901
6001,174,1,6329,598718121,3913,-2782
6001,174,2,6330,599577114,2499,-534
6001,174,3,6331,600436107,-3173,-3970
6001,175,0,6332,601295100,-2226,3015
6001,175,1,6333,602154093,-2939,3282
6001,175,2,6334,603013086,-2630,-80
6001,175,3,6335,603872079,-4698,6892
6001,176,0,6336,604731072,-6190,6618
6001,176,1,6337,605590065,-5904,4598
6001,176,2,6338,606449058,-3961,5792
6001,176,3,6339,607308051,5986,16
6001,177,0,6340,608167044,4181,158
6001,177,1,6341,609026037,-1502,1358
6001,177,2,6342,609885030,7084,-7834
6001,177,3,6343,610744023,5020,-5218
6001,178,0,6344,611603016,-3185,4356
6001,178,1,6345,612462009,-3433,-2346
6001,178,2,6346,613321002,-1806,-4370
6001,178,3,6347,614179995,5785,1731
6001,179,0,6348,615038988,7627,-2640
6001,179,1,6349,615897981,1069,-595
6001,179,2,6350,616756974,1236,3404
6001,179,3,6351,617615967,3274,-2509
6001,180,0,6352,618474960,-1132,72
6001,180,1,6353,619333953,-4022,2871
6001,180,2,6354,620192946,1184,-2388
6001,180,3,6355,621051939,-556,-4415
6001,181,0,6356,621910932,-3667,-3839
6001,181,1,6357,622769925,5183,-1465
6001,181,2,6358,623628918,1345,-789
6001,181,3,6359,624487911,-3468,-751
6001,182,0,6360,625346904,6719,1392
6001,182,1,6361,626205897,1470,-706
6001,182,2,6362,627064890,-3581,-4370
6001,182,3,6363,627923883,5668,-1910
6001,183,0,6364,628782876,1259,6312
6001,183,1,6365,629641869,-5068,4842
6001,183,2,6366,630500862,1537,-2658
6001,183,3,6367,631359855,3048,3030
6001,184,0,6368,632218848,-4043,3606
6001,184,1,6369,633077841,-2826,-2411
6001,184,2,6370,633936834,5247,1443
6001,184,3,6371,634795827,1439,-1627
6001,185,0,6372,635654820,-3099,-7998
6001,185,1,6373,636513813,1865,-3933
6001,185,2,6374,637372806,-1233,1005
6001,185,3,6375,638231799,-4273,-126
6001,186,0,6376,639090792,662,-3927
6001,186,1,6377,639949785,-859,-968
6001,186,2,6378,640808778,243,583
6001,186,3,6379,641667771,2916,-6714
6001,187,0,6380,642526764,-2892,-6956
6001,187,1,6381,643385757,3347,2385
6001,187,2,6382,644244750,8064,6821
6001,187,3,6383,645103743,-5058,1998
6001,188,0,6384,645962736,-2706,-1967
6001,188,1,6385,646821729,3361,-3237
6001,188,2,6386,647680722,-3713,-4267
6001,188,3,6387,648539715,-419,-3604
6001,189,0,6388,649398708,-631,-5461
6001,189,1,6389,650257701,-3616,1557
6001,189,2,6390,651116694,3700,10190
6001,189,3,6391,651975687,2559,2472
6001,190,0,6392,652834680,-578,846
6001,190,1,6393,653693673,-1629,1754
6001,190,2,6394,654552666,-2914,-5594
6001,190,3,6395,655411659,-833,-3729
6001,191,0,6396,656270652,-5247,623
6001,191,1,6397,657129645,-2746,6005
6001,191,2,6398,657988638,3518,7338
6001,191,3,6399,658847631,-192,-1891
6001,192,0,6400,659706624,-360,1679
6001,192,1,6401,660565617,-2649,7629
6001,192,2,6402,661424610,-3160,-964
6001,192,3,6403,662283603,-2471,-2731
6001,193,0,6404,663142596,-8725,2811
6001,193,1,6405,664001589,1167,-1589
6001,193,2,6406,664860582,7942,-7511
6001,193,3,6407,665719575,-1908,-3597
6001,194,0,6408,666578568,674,-351
6001,194,1,6409,667437561,3046,-629
6001,194,2,6410,668296554,1343,404
6001,194,3,6411,669155547,4348,1195
6001,195,0,6412,670014540,-1743,833
6001,195,1,6413,670873533,-6668,-3026
6001,195,2,6414,671732526,-3045,256
6001,195,3,6415,672591519,700,5454
6001,196,0,6416,673450512,4003,-326
6001,196,1,6417,674309505,2237,-479
6001,196,2,6418,675168498,-261,-355
6001,196,3,6419,676027491,5488,-582
6001,197,0,6420,676886484,7467,7915
6001,197,1,6421,677745477,1966,5910
6001,197,2,6422,678604470,3162,2954
6001,197,3,6423,679463463,2387,3562
6001,198,0,6424,680322456,-1184,-484
6001,198,1,6425,681181449,2885,4084
6001,198,2,6426,682040442,-1936,6183
6001,198,3,6427,682899435,-3368,1960
6001,199,0,6428,683758428,4560,-59
6001,199,1,6429,684617421,-3163,-3237
6001,199,2,6430,685476414,-2456,-7066
6001,199,3,6431,686335407,5785,-9964
6001,200,0,6432,687194400,-754,-4145
6001,200,1,6433,688053393,769,-2385
6001,200,2,6434,688912386,-2092,-4768
6001,200,3,6435,689771379,-10621,4106
6001,201,0,6436,690630372,-468,3183
6001,201,1,6437,691489365,4152,2105
6001,201,2,6438,692348358,-34,8892
6001,201,3,6439,693207351,-875,2589
6001,202,0,6440,694066344,-4475,-1877
6001,202,1,6441,694925337,-2527,-963
6001,202,2,6442,695784330,-758,2882
6001,202,3,6443,696643323,-2711,5433
6001,203,0,6444,697502316,-460,-2188
6001,203,1,6445,698361309,-1065,-195
6001,203,2,6446,699220302,-1438,70
6001,203,3,6447,700079295,-107,-7436
6001,204,0,6448,700938288,-1762,-2810
6001,204,1,6449,701797281,40,292
6001,204,2,6450,702656274,1929,-879
6001,204,3,6451,703515267,1355,-1075
6001,205,0,6452,704374260,918,-1050
6001,205,1,6453,705233253,-1858,742
6001,205,2,6454,706092246,-822,-1356
6001,205,3,6455,706951239,1149,-1403
6001,206,0,6456,707810232,-471,-924
6001,206,1,6457,708669225,1346,-457
6001,206,2,6458,709528218,-2647,-591
6001,206,3,6459,710387211,-6900,-6208
6001,207,0,6460,711246204,2209,-1930
6001,207,1,6461,712105197,1801,560
6001,207,2,6462,712964190,-7178,-4610
6001,207,3,6463,713823183,-2762,641
6001,208,0,6464,714682176,886,1039
6001,208,1,6465,715541169,-3770,-996
6001,208,2,6466,716400162,-5243,2280
6001,208,3,6467,717259155,-3019,-921
6001,209,0,6468,718118148,-202,-1202
6001,209,1,6469,718977141,3040,979
6001,209,2,6470,719836134,3066,45
6001,209,3,6471,720695127,-1589,-140
6001,210,0,6472,721554120,-468,-1716
6001,210,1,6473,722413113,1389,-1656
6001,210,2,6474,723272106,-4787,573
6001,210,3,6475,724131099,-1717,2850
6001,211,0,6476,724990092,4860,3936
6001,211,1,6477,725849085,2709,2089
6001,211,2,6478,726708078,6076,1600
6001,211,3,6479,727567071,6401,3394
6001,212,0,6480,728426064,-1772,2803
6001,212,1,6481,729285057,-2245,2560
6001,212,2,6482,730144050,-550,4598
6001,212,3,6483,731003043,-843,-949
6001,213,0,6484,731862036,3499,-5835
6001,213,1,6485,732721029,4545,83
6001,213,2,6486,733580022,616,1842
6001,213,3,6487,734439015,744,572
6001,214,0,6488,735298008,1868,48
6001,214,1,6489,736157001,3638,378
6001,214,2,6490,737015994,7059,3337
6001,214,3,6491,737874987,3669,-2932
6001,215,0,6492,738733980,2238,-2388
6001,215,1,6493,739592973,3619,2483
6001,215,2,6494,740451966,-3597,-5788
6001,215,3,6495,741310959,-1257,-1408
6001,216,0,6496,742169952,7204,3186
6001,216,1,6497,743028945,-1237,-295
6001,216,2,6498,743887938,-6629,7013
6001,216,3,6499,744746931,1047,3095
6001,217,0,6500,745605924,-708,-1839
6001,217,1,6501,746464917,-6618,3543
6001,217,2,6502,747323910,-27,1802
6001,217,3,6503,748182903,2343,2345
6001,218,0,6504,749041896,-3916,1434
6001,218,1,6505,749900889,350,-892
6001,218,2,6506,750759882,3816,712
6001,218,3,6507,751618875,1356,-2305
6001,219,0,6508,752477868,3499,-669
6001,219,1,6509,753336861,717,2760
6001,219,2,6510,754195854,-3902,426
6001,219,3,6511,755054847,-6364,-2696
6001,220,0,6512,755913840,-6497,-5044
6001,220,1,6513,756772833,-244,-2157
6001,220,2,6514,757631826,814,1870
6001,220,3,6515,758490819,3254,3456
6001,221,0,6516,759349812,7328,1963
6001,221,1,6517,760208805,59,-2011
6001,221,2,6518,761067798,232,-3125
6001,221,3,6519,761926791,7506,-6654
6001,222,0,6520,762785784,4323,-6007
6001,222,1,6521,763644777,-1880,2362
6001,222,2,6522,764503770,-2188,3483
6001,222,3,6523,765362763,-604,2708
6001,223,0,6524,766221756,-4244,4807
6001,223,1,6525,767080749,-4624,1167
6001,223,2,6526,767939742,-2515,-3693
6001,223,3,6527,768798735,-4099,-3193
6001,224,0,6528,769657728,911,-2767
6001,224,1,6529,770516721,1540,-3049
6001,224,2,6530,771375714,-1588,1255
6001,224,3,6531,772234707,4869,686
6001,225,0,6532,773093700,3545,-3171
6001,225,1,6533,773952693,-4201,-637
6001,225,2,6534,774811686,-2915,31
6001,225,3,6535,775670679,1735,2633
6001,226,0,6536,776529672,-614,5633
6001,226,1,6537,777388665,-4812,627
6001,226,2,6538,778247658,-2509,-912
6001,226,3,6539,779106651,-5286,-925
6001,227,0,6540,779965644,-4454,-2778
6001,227,1,6541,780824637,2802,-800
6001,227,2,6542,781683630,-1454,215
6001,227,3,6543,782542623,-58,7
6001,228,0,6544,783401616,1966,715
6001,228,1,6545,784260609,-2964,328
6001,228,2,6546,785119602,1498,-2956
6001,228,3,6547,785978595,81,-1049
6001,229,0,6548,786837588,-747,4836
6001,229,1,6549,787696581,-636,-2110
6001,229,2,6550,788555574,-6889,-4677
6001,229,3,6551,789414567,1189,4065
6001,230,0,6552,790273560,-151,-466
6001,230,1,6553,791132553,-5297,-3183
6001,230,2,6554,791991546,4882,3215
6001,230,3,6555,792850539,-204,-555
6001,231,0,6556,793709532,-739,-1509
6001,231,1,6557,794568525,2899,5382
6001,231,2,6558,795427518,-10305,3836
6001,231,3,6559,796286511,-7512,2724
6001,232,0,6560,797145504,1987,7259
6001,232,1,6561,798004497,-70,1556
6001,232,2,6562,798863490,-2240,-2113
6001,232,3,6563,799722483,-2046,4449
6001,233,0,6564,800581476,2045,-691
6001,233,1,6565,801440469,-52,-5275
6001,233,2,6566,802299462,-344,423
6001,233,3,6567,803158455,4685,-19
6001,234,0,6568,804017448,-37,2065
6001,234,1,6569,804876441,-2488,5716
6001,234,2,6570,805735434,-2820,3267
6001,234,3,6571,806594427,-3936,-572
6001,235,0,6572,807453420,-1490,-3112
6001,235,1,6573,808312413,-2817,6061
6001,235,2,6574,809171406,1100,8252
6001,235,3,6575,810030399,3748,-5174
6001,236,0,6576,810889392,-1986,-939
6001,236,1,6577,811748385,-3383,8303
6001,236,2,6578,812607378,-4145,2628
6001,236,3,6579,813466371,-1395,-740
6001,237,0,6580,814325364,2883,-1491
6001,237,1,6581,815184357,1940,881
6001,237,2,6582,816043350,3296,6654
6001,237,3,6583,816902343,503,3774
6001,238,0,6584,817761336,-3949,-2732
6001,238,1,6585,818620329,-1031,-5104
6001,238,2,6586,819479322,1734,-3268
6001,238,3,6587,820338315,2283,3076
6001,239,0,6588,821197308,1905,4491
6001,239,1,6589,822056301,1790,-4959
6001,239,2,6590,822915294,2042,-9798
6001,239,3,6591,823774287,-985,-1350
6001,240,0,6592,824633280,-6786,5420
6001,240,1,6593,825492273,-6299,4515
6001,240,2,6594,826351266,1219,2123
6001,240,3,6595,827210259,-1915,26
6001,241,0,6596,828069252,-6591,210
6001,241,1,6597,828928245,1318,1001
6001,241,2,6598,829787238,4303,355
6001,241,3,6599,830646231,3986,-445
6001,242,0,6600,831505224,2944,2308
6001,242,1,6601,832364217,-3017,8997
6001,242,2,6602,833223210,-544,7173
6001,242,3,6603,834082203,4227,819
6001,243,0,6604,834941196,4197,2787
6001,243,1,6605,835800189,2763,2932
6001,243,2,6606,836659182,-693,-1538
6001,243,3,6607,837518175,-1304,-5678
6001,244,0,6608,838377168,-2495,-7187
6001,244,1,6609,839236161,-3208,-2426
6001,244,2,6610,840095154,-852,-1662
6001,244,3,6611,840954147,-231,-3506
6001,245,0,6612,841813140,-1265,640
6001,245,1,6613,842672133,-5516,4367
6001,245,2,6614,843531126,-2823,3544
6001,245,3,6615,844390119,2310,-2635
6001,246,0,6616,845249112,-4548,-2294
6001,246,1,6617,846108105,-2899,2142
6001,246,2,6618,846967098,5928,-2442
6001,246,3,6619,847826091,643,671
6001,247,0,6620,848685084,-3878,3200
6001,247,1,6621,849544077,2447,-319
6001,247,2,6622,850403070,1361,8118
6001,247,3,6623,851262063,-6510,6692
6001,248,0,6624,852121056,-1323,1498
6001,248,1,6625,852980049,3040,6577
6001,248,2,6626,853839042,-582,1680
6001,248,3,6627,854698035,3226,976
6001,249,0,6628,855557028,2130,2114
6001,249,1,6629,856416021,2022,-2009
6001,249,2,6630,857275014,4286,4490
6001,249,3,6631,858134007,-4873,3053
6001,250,0,6632,858993000,-2361,-3199
6001,250,1,6633,859851993,2860,2570
6001,250,2,6634,860710986,-1601,7229
6001,250,3,6635,861569979,246,2792
6001,251,0,6636,862428972,1622,-4648
6001,251,1,6637,863287965,5571,-911
6001,251,2,6638,864146958,3139,-2968
6001,251,3,6639,865005951,-4471,-11751
6001,252,0,6640,865864944,-235,12
6001,252,1,6641,866723937,-4070,3714
6001,252,2,6642,867582930,-4215,218
6001,252,3,6643,868441923,815,7552
6001,253,0,6644,869300916,-6480,-885
6001,253,1,6645,870159909,-1286,-3377
6001,253,2,6646,871018902,1572,4792
6001,253,3,6647,871877895,-3339,-937
6001,254,0,6648,872736888,2767,-1104
6001,254,1,6649,873595881,304,978
6001,254,2,6650,874454874,-787,218
6001,254,3,6651,875313867,2528,3380
6001,255,0,6652,876172860,-4146,116
6001,255,1,6653,877031853,-2581,-385
6001,255,2,6654,877890846,4214,3313
6001,255,3,6655,878749839,-238,456
6001,256,0,6656,879608832,-5033,-1862
6001,256,1,6657,880467825,1654,1984
6001,256,2,6658,881326818,2092,3603
6001,256,3,6659,882185811,-4201,-378
6001,257,0,6660,883044804,211,775
6001,257,1,6661,883903797,-978,267
6001,257,2,6662,884762790,-527,-2941
6001,257,3,6663,885621783,2560,2340
6001,258,0,6664,886480776,-4899,1185
6001,258,1,6665,887339769,3510,-684
6001,258,2,6666,888198762,4185,5051
6001,258,3,6667,889057755,-6863,3267
6001,259,0,6668,889916748,1993,3694
6001,259,1,6669,890775741,-1006,5420
6001,259,2,6670,891634734,67,223
6001,259,3,6671,892493727,12351,-2332
6001,260,0,6672,893352720,934,-4220
6001,260,1,6673,894211713,-2161,-5227
6001,260,2,6674,895070706,3118,-3822
6001,260,3,6675,895929699,-2490,1228
6001,261,0,6676,896788692,-5321,5152
6001,261,1,6677,897647685,-3704,-1074
6001,261,2,6678,898506678,3945,313
6001,261,3,6679,899365671,-18,5755
6001,262,0,6680,900224664,-6079,-1280
6001,262,1,6681,901083657,644,-2785
6001,262,2,6682,901942650,-2897,-706
6001,262,3,6683,902801643,-2538,-2242
6001,263,0,6684,903660636,-1108,1364
6001,263,1,6685,904519629,-7195,858
6001,263,2,6686,905378622,-608,1889
6001,263,3,6687,906237615,-2269,9040
6001,264,0,6688,907096608,-7639,3121
6001,264,1,6689,907955601,-1025,-2264
6001,264,2,6690,908814594,-692,4965
6001,264,3,6691,909673587,-913,-159
6001,265,0,6692,910532580,-1014,-6342
6001,265,1,6693,911391573,-324,3563
6001,265,2,6694,912250566,4329,2706
6001,265,3,6695,913109559,1055,-3352
6001,266,0,6696,913968552,-1546,4231
6001,266,1,6697,914827545,-837,6997
6001,266,2,6698,915686538,107,1429
6001,266,3,6699,916545531,3105,-1635
6001,267,0,6700,917404524,1867,-153
6001,267,1,6701,918263517,3730,1469
6001,267,2,6702,919122510,7428,-1623
6001,267,3,6703,919981503,5532,-1865
6001,268,0,6704,920840496,1689,-214
6001,268,1,6705,921699489,-3929,-819
6001,268,2,6706,922558482,-4579,-2112
6001,268,3,6707,923417475,-2906,-3183
6001,269,0,6708,924276468,-5820,4185
6001,269,1,6709,925135461,-6096,7294
6001,269,2,6710,925994454,-3515,-1278
6001,269,3,6711,926853447,-1708,-3633
6001,270,0,6712,927712440,-2549,-3480
6001,270,1,6713,928571433,-1557,-622
6001,270,2,6714,929430426,3260,5721
6001,270,3,6715,930289419,997,1667
6001,271,0,6716,931148412,-2448,55
6001,271,1,6717,932007405,-558,7709
6001,271,2,6718,932866398,-1068,8635
6001,271,3,6719,933725391,1646,165
6001,272,0,6720,934584384,7276,-6858
6001,272,1,6721,935443377,3319,-4139
6001,272,2,6722,936302370,-4810,719
6001,272,3,6723,937161363,-3833,-327
6001,273,0,6724,938020356,1863,-3183
6001,273,1,6725,938879349,4884,-1804
6001,273,2,6726,939738342,4407,1930
6001,273,3,6727,940597335,-3450,1550
6001,274,0,6728,941456328,-7404,672
6001,274,1,6729,942315321,-1781,-1182
6001,274,2,6730,943174314,-237,-3241
6001,274,3,6731,944033307,1352,785
6001,275,0,6732,944892300,-52,4897
6001,275,1,6733,945751293,-5308,7226
6001,275,2,6734,946610286,1809,1237
6001,275,3,6735,947469279,2479,-5905
6001,276,0,6736,948328272,-7593,3343
6001,276,1,6737,949187265,-3723,5592
6001,276,2,6738,950046258,3424,-355
6001,276,3,6739,950905251,2556,3043
6001,277,0,6740,951764244,-1297,4113
6001,277,1,6741,952623237,-3572,5108
6001,277,2,6742,953482230,-1745,1138
6001,277,3,6743,954341223,-2431,-4007
6001,278,0,6744,955200216,-199,506
6001,278,1,6745,956059209,4523,-2697
6001,278,2,6746,956918202,-457,-2128
6001,278,3,6747,957777195,-2734,4068
6001,279,0,6748,958636188,2963,815
6001,279,1,6749,959495181,-1258,867
6001,279,2,6750,960354174,-7232,2098
6001,279,3,6751,961213167,1576,7800
6001,280,0,6752,962072160,2150,10809
6001,280,1,6753,962931153,-6102,371
6001,280,2,6754,963790146,1643,-173
6001,280,3,6755,964649139,613,-101
6001,281,0,6756,965508132,-5310,-2490
6001,281,1,6757,966367125,5459,2842
6001,281,2,6758,967226118,519,-101
6001,281,3,6759,968085111,-4113,1094
6001,282,0,6760,968944104,7570,3437
6001,282,1,6761,969803097,2169,-562
6001,282,2,6762,970662090,-3738,3157
6001,282,3,6763,971521083,842,-593
6001,283,0,6764,972380076,1736,-2839
6001,283,1,6765,973239069,1277,2695
6001,283,2,6766,974098062,-1632,-1288
6001,283,3,6767,974957055,13,36
6001,284,0,6768,975816048,587,1365
6001,284,1,6769,976675041,-793,-2807
6001,284,2,6770,977534034,4684,2322
6001,284,3,6771,978393027,3566,4031
6001,285,0,6772,979252020,2084,1660
6001,285,1,6773,980111013,1997,4422
6001,285,2,6774,980970006,-4465,3483
6001,285,3,6775,981828999,-3169,-99
6001,286,0,6776,982687992,1490,2486
6001,286,1,6777,983546985,2739,3263
6001,286,2,6778,984405978,863,-4659
6001,286,3,6779,985264971,-3128,-3815
6001,287,0,6780,986123964,-253,2010
6001,287,1,6781,986982957,1795,-2890
6001,287,2,6782,987841950,1875,-2242
6001,287,3,6783,988700943,4859,1824
6001,288,0,6784,989559936,4471,211
6001,288,1,6785,990418929,1436,4532
6001,288,2,6786,991277922,-1871,6143
6001,288,3,6787,992136915,-1996,1938
6001,289,0,6788,992995908,-1821,3676
6001,289,1,6789,993854901,-1041,2858
6001,289,2,6790,994713894,2853,-6796
6001,289,3,6791,995572887,1751,-9892
6001,290,0,6792,996431880,2533,-1856
6001,290,1,6793,997290873,1702,-1086
6001,290,2,6794,998149866,-5492,-5220
6001,290,3,6795,999008859,-4660,-983
6001,291,0,6796,999867852,-2024,291
6001,291,1,6797,1000726845,1944,-927
6001,291,2,6798,1001585838,7691,2888
6001,291,3,6799,1002444831,5640,4016
6001,292,0,6800,1003303824,1691,3551
6001,292,1,6801,1004162817,-2718,848
6001,292,2,6802,1005021810,-1276,-3328
6001,292,3,6803,1005880803,1263,-2366
6001,293,0,6804,1006739796,-2598,-2876
6001,293,1,6805,1007598789,561,-784
6001,293,2,6806,1008457782,841,4088
6001,293,3,6807,1009316775,-3221,-752
6001,294,0,6808,1010175768,-1530,937
6001,294,1,6809,1011034761,434,7497
6001,294,2,6810,1011893754,1943,-331
6001,294,3,6811,1012752747,-3167,693
6001,295,0,6812,1013611740,-2532,9316
6001,295,1,6813,1014470733,912,938
6001,295,2,6814,1015329726,-6474,-4482
6001,295,3,6815,1016188719,1810,324
6001,296,0,6816,1017047712,6841,46
6001,296,1,6817,1017906705,-3994,-1783
6001,296,2,6818,1018765698,838,-3150
6001,296,3,6819,1019624691,609,-4659
6001,297,0,6820,1020483684,-6534,-4275
6001,297,1,6821,1021342677,-2240,-2908
6001,297,2,6822,1022201670,-1015,-1571
6001,297,3,6823,1023060663,-879,-340
6001,298,0,6824,1023919656,-1883,442
6001,298,1,6825,1024778649,-2460,-3812
6001,298,2,6826,1025637642,3131,-6044
6001,298,3,6827,1026496635,1270,202
6001,299,0,6828,1027355628,-3629,2875
6001,299,1,6829,1028214621,-1019,3247
6001,299,2,6830,1029073614,-1448,2990
6001,299,3,6831,1029932607,-6233,-3661
6001,300,0,6832,1030791600,-4554,-4354
6001,300,1,6833,1031650593,-3190,-1216
6001,300,2,6834,1032509586,-5897,-2088
6001,300,3,6835,1033368579,-1552,2933
6001,301,0,6836,1034227572,2017,4396
6001,301,1,6837,1035086565,686,-2038
6001,301,2,6838,1035945558,1704,-514
6001,301,3,6839,1036804551,958,1289
6001,302,0,6840,1037663544,-1634,-2582
6001,302,1,6841,1038522537,-2429,-2086
6001,302,2,6842,1039381530,1116,-460
6001,302,3,6843,1040240523,2371,2078
6001,303,0,6844,1041099516,796,5659
6001,303,1,6845,1041958509,2822,2709
6001,303,2,6846,1042817502,-1333,-214
6001,303,3,6847,1043676495,867,2678
6001,304,0,6848,1044535488,7689,3715
6001,304,1,6849,1045394481,-1391,-1224
6001,304,2,6850,1046253474,453,-2903
6001,304,3,6851,1047112467,8901,2619
6001,305,0,6852,1047971460,1913,1962
6001,305,1,6853,1048830453,-322,-1385
6001,305,2,6854,1049689446,1036,-83
6001,305,3,6855,1050548439,592,-1708
6001,306,0,6856,1051407432,1586,-22
6001,306,1,6857,1052266425,343,1977
6001,306,2,6858,1053125418,413,-1324
6001,306,3,6859,1053984411,210,-1718
6001,307,0,6860,1054843404,-260,-2104
6001,307,1,6861,1055702397,-272,107
6001,307,2,6862,1056561390,3298,46
6001,307,3,6863,1057420383,6401,-3800
6001,308,0,6864,1058279376,710,1245
6001,308,1,6865,1059138369,710,822
6001,308,2,6866,1059997362,2117,-766
6001,308,3,6867,1060856355,-3202,5144
6001,309,0,6868,1061715348,-2074,2169
6001,309,1,6869,1062574341,2131,1640
6001,309,2,6870,1063433334,3944,2839
6001,309,3,6871,1064292327,-1720,2091
6001,310,0,6872,1065151320,-7561,4687
6001,310,1,6873,1066010313,-3977,-2417
6001,310,2,6874,1066869306,-2472,2018
6001,310,3,6875,1067728299,2034,11209
6001,311,0,6876,1068587292,5166,-673
6001,311,1,6877,1069446285,1635,-1923
6001,311,2,6878,1070305278,3916,-1498
6001,311,3,6879,1071164271,5465,-10139
6001,312,0,6880,1072023264,7301,-1640
6001,312,1,6881,1072882257,4439,1024
6001,312,2,6882,1073741250,-2331,-3924
6001,312,3,6883,1074600243,86,3870
6001,313,0,6884,1075459236,-4234,4902
6001,313,1,6885,1076318229,-5012,-317
6001,313,2,6886,1077177222,1032,751
6001,313,3,6887,1078036215,-4268,-163
6001,314,0,6888,1078895208,-4181,-1156
6001,314,1,6889,1079754201,-6041,1413
6001,314,2,6890,1080613194,-10660,-2205
6001,314,3,6891,1081472187,-2402,-4991
6001,315,0,6892,1082331180,445,26
6001,315,1,6893,1083190173,-763,-2139
6001,315,2,6894,1084049166,-1803,-3596
6001,315,3,6895,1084908159,-5017,2244
6001,316,0,6896,1085767152,1345,2731
6001,316,1,6897,1086626145,6072,4094
6001,316,2,6898,1087485138,224,1942
6001,316,3,6899,1088344131,-3294,-3078
6001,317,0,6900,1089203124,-1054,-938
6001,317,1,6901,1090062117,-1054,-2917
6001,317,2,6902,1090921110,-66,-777
6001,317,3,6903,1091780103,4058,-229
6001,318,0,6904,1092639096,2260,-10683
6001,318,1,6905,1093498089,741,-1883
6001,318,2,6906,1094357082,2164,8911
6001,318,3,6907,1095216075,3614,700
6001,319,0,6908,1096075068,2494,2165
6001,319,1,6909,1096934061,-5102,6254
6001,319,2,6910,1097793054,-1272,1201
6001,319,3,6911,1098652047,1734,-826
6001,320,0,6912,1099511040,-8077,829
6001,320,1,6913,1100370033,-3714,5469
6001,320,2,6914,1101229026,2211,4816
6001,320,3,6915,1102088019,3601,-1229
6001,321,0,6916,1102947012,6300,-454
6001,321,1,6917,1103806005,-623,2304
6001,321,2,6918,1104664998,-430,943
6001,321,3,6919,1105523991,-3412,-888
6001,322,0,6920,1106382984,-10628,2160
6001,322,1,6921,1107241977,522,3907
6001,322,2,6922,1108100970,4994,-2302
6001,322,3,6923,1108959963,3283,-1545
6001,323,0,6924,1109818956,5584,944
6001,323,1,6925,1110677949,1012,-4551
6001,323,2,6926,1111536942,3077,1243
6001,323,3,6927,1112395935,976,5373
6001,324,0,6928,1113254928,-10016,-3287
6001,324,1,6929,1114113921,-3829,-1624
6001,324,2,6930,1114972914,7429,-1155
6001,324,3,6931,1115831907,4221,-5999
6001,325,0,6932,1116690900,-621,77
6001,325,1,6933,1117549893,1265,243
6001,325,2,6934,1118408886,3000,-2628
6001,325,3,6935,1119267879,2348,3561
6001,326,0,6936,1120126872,-206,1599
6001,326,1,6937,1120985865,2353,-3644
6001,326,2,6938,1121844858,8437,-1549
6001,326,3,6939,1122703851,672,-2068
6001,327,0,6940,1123562844,-3990,-3721
6001,327,1,6941,1124421837,3521,1125
6001,327,2,6942,1125280830,-931,5336
6001,327,3,6943,1126139823,-4190,-986
6001,328,0,6944,1126998816,1453,-2722
6001,328,1,6945,1127857809,-1455,6833
6001,328,2,6946,1128716802,-6037,2268
6001,328,3,6947,1129575795,-1365,-5833
6001,329,0,6948,1130434788,5592,748
6001,329,1,6949,1131293781,-135,-1596
6001,329,2,6950,1132152774,-4713,-5014
6001,329,3,6951,1133011767,2439,2550
6001,330,0,6952,1133870760,-9,-1530
6001,330,1,6953,1134729753,-1479,-5197
6001,330,2,6954,1135588746,5178,1107
6001,330,3,6955,1136447739,4066,-1816
6001,331,0,6956,1137306732,1421,-2278
6001,331,1,6957,1138165725,-339,4920
6001,331,2,6958,1139024718,523,1030
6001,331,3,6959,1139883711,439,-4106
6001,332,0,6960,1140742704,-3546,713
6001,332,1,6961,1141601697,-65,-1197
6001,332,2,6962,1142460690,-1718,-7876
6001,332,3,6963,1143319683,-4516,-4045
6001,333,0,6964,1144178676,4644,-748
6001,333,1,6965,1145037669,3821,1680
6001,333,2,6966,1145896662,-2045,5005
6001,333,3,6967,1146755655,1806,-6962
6001,334,0,6968,1147614648,2980,-10167
6001,334,1,6969,1148473641,-362,1973
6001,334,2,6970,1149332634,-2318,-3447
6001,334,3,6971,1150191627,-3142,-5124
6001,335,0,6972,1151050620,-2870,6382
6001,335,1,6973,1151909613,-835,7442
6001,335,2,6974,1152768606,-2392,8728
6001,335,3,6975,1153627599,-3427,7628
6001,336,0,6976,1154486592,1435,2205
6001,336,1,6977,1155345585,-1243,4213
6001,336,2,6978,1156204578,-1427,3485
6001,336,3,6979,1157063571,5041,634
6001,337,0,6980,1157922564,-828,-2396
6001,337,1,6981,1158781557,294,-4795
6001,337,2,6982,1159640550,7466,-1042
6001,337,3,6983,1160499543,36,-832
6001,338,0,6984,1161358536,224,1236
6001,338,1,6985,1162217529,7673,3699
6001,338,2,6986,1163076522,5171,-2566
6001,338,3,6987,1163935515,625,142
6001,339,0,6988,1164794508,-1176,3742
6001,339,1,6989,1165653501,-867,-2714
6001,339,2,6990,1166512494,-1675,-2350
6001,339,3,6991,1167371487,-2671,-1694
6001,340,0,6992,1168230480,-1474,-959
6001,340,1,6993,1169089473,431,6918
6001,340,2,6994,1169948466,1771,2316
6001,340,3,6995,1170807459,-1481,-6481
6001,341,0,6996,1171666452,1316,1804
6001,341,1,6997,1172525445,7696,7643
6001,341,2,6998,1173384438,1535,195
6001,341,3,6999,1174243431,-1685,-3744
6001,342,0,7000,1175102424,-1017,623
6001,342,1,7001,1175961417,-5833,3551
6001,342,2,7002,1176820410,-2945,-1077
6001,342,3,7003,1177679403,1022,-2831
6001,343,0,7004,1178538396,924,-1249
6001,343,1,7005,1179397389,2793,-4888
6001,343,2,7006,1180256382,-163,1948
6001,343,3,7007,1181115375,-2037,8005
6001,344,0,7008,1181974368,1697,-3509
6001,344,1,7009,1182833361,1094,-3707
6001,344,2,7010,1183692354,823,-1044
6001,344,3,7011,1184551347,3579,-10770
6001,345,0,7012,1185410340,-1108,-8463
6001,345,1,7013,1186269333,-1747,-3498
6001,345,2,7014,1187128326,5633,-3362
6001,345,3,7015,1187987319,1468,406
6001,346,0,7016,1188846312,-1539,-1346
6001,346,1,7017,1189705305,2325,-2935
6001,346,2,7018,1190564298,-1027,-2092
6001,346,3,7019,1191423291,75,-2530
6001,347,0,7020,1192282284,4347,-2751
6001,347,1,7021,1193141277,8435,-4462
6001,347,2,7022,1194000270,8945,1543
6001,347,3,7023,1194859263,515,5927
6001,348,0,7024,1195718256,4032,72
6001,348,1,7025,1196577249,4223,670
6001,348,2,7026,1197436242,-4111,1777
6001,348,3,7027,1198295235,1458,208
6001,349,0,7028,1199154228,228,2942
6001,349,1,7029,1200013221,-2243,602
6001,349,2,7030,1200872214,-3815,128
6001,349,3,7031,1201731207,-9748,3589
6001,350,0,7032,1202590200,3296,1112
6001,350,1,7033,1203449193,4337,3962
6001,350,2,7034,1204308186,-5541,7349
6001,350,3,7035,1205167179,-355,30
6001,351,0,7036,1206026172,-5098,-1554
6001,351,1,7037,1206885165,-4000,-56
6001,351,2,7038,1207744158,4531,-4067
6001,351,3,7039,1208603151,2352,-887
6001,352,0,7040,1209462144,4254,881
6001,352,1,7041,1210321137,4056,636
6001,352,2,7042,1211180130,-416,7616
6001,352,3,7043,1212039123,-2703,858
6001,353,0,7044,1212898116,1859,-7958
6001,353,1,7045,1213757109,2785,-1
6001,353,2,7046,1214616102,-4951,-1301
6001,353,3,7047,1215475095,3680,-7153
6001,354,0,7048,1216334088,4505,277
6001,354,1,7049,1217193081,-2201,6249
6001,354,2,7050,1218052074,2895,1441
6001,354,3,7051,1218911067,-9332,-4845
6001,355,0,7052,1219770060,-7071,497
6001,355,1,7053,1220629053,3970,2145
6001,355,2,7054,1221488046,-5698,-6845
6001,355,3,7055,1222347039,-620,-1577
6001,356,0,7056,1223206032,-4538,3325
6001,356,1,7057,1224065025,-6894,-3924
6001,356,2,7058,1224924018,9254,-1816
6001,356,3,7059,1225783011,1136,849
6001,357,0,7060,1226642004,-1507,-2134
6001,357,1,7061,1227500997,3074,-2916
6001,357,2,7062,1228359990,-2948,-4199
6001,357,3,7063,1229218983,-1472,-3361
6001,358,0,7064,1230077976,-6908,-1771
6001,358,1,7065,1230936969,-4622,1287
6001,358,2,7066,1231795962,-152,4148
6001,358,3,7067,1232654955,-5788,-40
6001,359,0,7068,1233513948,4319,-1886
6001,359,1,7069,1234372941,5262,-771
6001,359,2,7070,1235231934,-6279,-1745
6001,359,3,7071,1236090927,-3445,-121
6001,360,0,7072,1236949920,4202,1730
6001,360,1,7073,1237808913,3193,3136
6001,360,2,7074,1238667906,-6299,68
6001,360,3,7075,1239526899,-5489,-5312
6001,361,0,7076,1240385892,-3609,-1294
6001,361,1,7077,1241244885,-8099,98
6001,361,2,7078,1242103878,-757,-2183
6001,361,3,7079,1242962871,2666,5255
6001,362,0,7080,1243821864,2811,7374
6001,362,1,7081,1244680857,2820,1332
6001,362,2,7082,1245539850,-6618,-338
6001,362,3,7083,1246398843,-5194,-1777
6001,363,0,7084,1247257836,435,-362
6001,363,1,7085,1248116829,-642,3348
6001,363,2,7086,1248975822,-55,855
6001,363,3,7087,1249834815,459,54
6001,364,0,7088,1250693808,3639,3290
6001,364,1,7089,1251552801,4814,3022
6001,364,2,7090,1252411794,5054,639
6001,364,3,7091,1253270787,3116,-2610
6001,365,0,7092,1254129780,-4346,-2863
6001,365,1,7093,1254988773,269,962
6001,365,2,7094,1255847766,5407,1127
6001,365,3,7095,1256706759,-1959,1201
6001,366,0,7096,1257565752,-4510,1998
6001,366,1,7097,1258424745,-1604,-142
6001,366,2,7098,1259283738,1972,1324
6001,366,3,7099,1260142731,3615,-1163
6001,367,0,7100,1261001724,1481,-6032
6001,367,1,7101,1261860717,-862,2038
6001,367,2,7102,1262719710,-3759,6877
6001,367,3,7103,1263578703,-2959,282
6001,368,0,7104,1264437696,-2581,-1996
6001,368,1,7105,1265296689,-4413,98
6001,368,2,7106,1266155682,1387,47
6001,368,3,7107,1267014675,2570,-3005
6001,369,0,7108,1267873668,-2231,-1296
6001,369,1,7109,1268732661,2628,3093
6001,369,2,7110,1269591654,484,301
6001,369,3,7111,1270450647,-11050,-830
6001,370,0,7112,1271309640,-10539,-1762
6001,370,1,7113,1272168633,-4579,-3463
6001,370,2,7114,1273027626,2544,2250
6001,370,3,7115,1273886619,7518,3649
6001,371,0,7116,1274745612,-457,577
6001,371,1,7117,1275604605,-6569,-4092
6001,371,2,7118,1276463598,-3605,-8829
6001,371,3,7119,1277322591,303,-3097
6001,372,0,7120,1278181584,576,-2146
6001,372,1,7121,1279040577,-2646,-5006
6001,372,2,7122,1279899570,1363,356
6001,372,3,7123,1280758563,3940,2206
6001,373,0,7124,1281617556,-296,4717
6001,373,1,7125,1282476549,-674,2609
6001,373,2,7126,1283335542,-2071,-1662
6001,373,3,7127,1284194535,579,8915
6001,374,0,7128,1285053528,6231,9708
6001,374,1,7129,1285912521,4127,789
6001,374,2,7130,1286771514,-2022,3077
6001,374,3,7131,1287630507,-6330,-81
6001,375,0,7132,1288489500,-691,-6035
6001,375,1,7133,1289348493,1061,-2223
6001,375,2,7134,1290207486,-3112,686
6001,375,3,7135,1291066479,972,-21
6001,376,0,7136,1291925472,-2634,83
6001,376,1,7137,1292784465,-3351,-917
6001,376,2,7138,1293643458,4428,-2025
6001,376,3,7139,1294502451,1612,-2631
6001,377,0,7140,1295361444,-1443,-5687
6001,377,1,7141,1296220437,-1077,-2508
6001,377,2,7142,1297079430,7940,1068
6001,377,3,7143,1297938423,11032,-4884
6001,378,0,7144,1298797416,-5605,-174
6001,378,1,7145,1299656409,-3703,6662
6001,378,2,7146,1300515402,6015,-14
6001,378,3,7147,1301374395,906,-4410
6001,379,0,7148,1302233388,-1775,-4796
6001,379,1,7149,1303092381,-4461,1387
6001,379,2,7150,1303951374,-2586,1654
6001,379,3,7151,1304810367,439,-8451
6001,380,0,7152,1305669360,1327,-1762
6001,380,1,7153,1306528353,2700,2285
6001,380,2,7154,1307387346,-4244,-3114
6001,380,3,7155,1308246339,-1425,-130
6001,381,0,7156,1309105332,2315,-4002
6001,381,1,7157,1309964325,-2654,-4278
6001,381,2,7158,1310823318,4774,-1111
6001,381,3,7159,1311682311,6839,-2874
6001,382,0,7160,1312541304,2815,4779
6001,382,1,7161,1313400297,1763,5556
6001,382,2,7162,1314259290,-2956,1791
6001,382,3,7163,1315118283,2128,870
6001,383,0,7164,1315977276,5082,-7320
6001,383,1,7165,1316836269,-560,-3464
6001,383,2,7166,1317695262,-4356,4693
6001,383,3,7167,1318554255,-7418,-323
6001,384,0,7168,1319413248,1591,-4125
6001,384,1,7169,1320272241,7774,231
6001,384,2,7170,1321131234,-812,5614
6001,384,3,7171,1321990227,-658,-1615
6001,385,0,7172,1322849220,3354,-4977
6001,385,1,7173,1323708213,545,6418
6001,385,2,7174,1324567206,984,3698
6001,385,3,7175,1325426199,3764,-3811
6001,386,0,7176,1326285192,5923,-1934
6001,386,1,7177,1327144185,5751,-4855
6001,386,2,7178,1328003178,-948,-3402
6001,386,3,7179,1328862171,-3992,3019
6001,387,0,7180,1329721164,-1729,2382
6001,387,1,7181,1330580157,-2483,-162
6001,387,2,7182,1331439150,2820,-867
6001,387,3,7183,1332298143,6869,-1593
6001,388,0,7184,1333157136,2867,-3798
6001,388,1,7185,1334016129,2852,-3880
6001,388,2,7186,1334875122,504,905
6001,388,3,7187,1335734115,2292,2299
6001,389,0,7188,1336593108,7388,-677
6001,389,1,7189,1337452101,2302,-207
6001,389,2,7190,1338311094,2317,-1063
6001,389,3,7191,1339170087,-258,-1794
6001,390,0,7192,1340029080,-3490,7251
6001,390,1,7193,1340888073,6494,7865
6001,390,2,7194,1341747066,2259,-3944
6001,390,3,7195,1342606059,-3193,-173
6001,391,0,7196,1343465052,8486,6739
6001,391,1,7197,1344324045,7061,-1426
6001,391,2,7198,1345183038,-4308,-2750
6001,391,3,7199,1346042031,-5040,946
6001,392,0,7200,1346901024,641,-1380
6001,392,1,7201,1347760017,685,2534
6001,392,2,7202,1348619010,-4313,3520
6001,392,3,7203,1349478003,-1722,-2561
6001,393,0,7204,1350336996,1619,-1029
6001,393,1,7205,1351195989,-2022,-1793
6001,393,2,7206,1352054982,429,-2618
6001,393,3,7207,1352913975,4170,2314
6001,394,0,7208,1353772968,-2413,-2470
6001,394,1,7209,1354631961,-339,-1201
6001,394,2,7210,1355490954,7210,7217
6001,394,3,7211,1356349947,571,221
6001,395,0,7212,1357208940,2275,-6124
6001,395,1,7213,1358067933,6209,-6439
6001,395,2,7214,1358926926,-3999,-8334
6001,395,3,7215,1359785919,-900,-7591
6001,396,0,7216,1360644912,3152,-5838
6001,396,1,7217,1361503905,-2677,-1847
6001,396,2,7218,1362362898,955,-2529
6001,396,3,7219,1363221891,408,-2506
6001,397,0,7220,1364080884,-5240,1949
6001,397,1,7221,1364939877,-2802,-2954
6001,397,2,7222,1365798870,1897,-1446
6001,397,3,7223,1366657863,278,4754
6001,398,0,7224,1367516856,-4705,1943
6001,398,1,7225,1368375849,-4121,1780
6001,398,2,7226,1369234842,-4288,-2986
6001,398,3,7227,1370093835,-1183,-5320
6001,399,0,7228,1370952828,3118,2550
6001,399,1,7229,1371811821,-3423,3646
6001,399,2,7230,1372670814,-2061,3071
6001,399,3,7231,1373529807,3333,1991
6001,400,0,7232,1374388800,-1222,-4754
6001,400,1,7233,1375247793,-3477,-7442
6001,400,2,7234,1376106786,-1155,-749
6001,400,3,7235,1376965779,1335,6047
6001,401,0,7236,1377824772,-2045,4090
6001,401,1,7237,1378683765,574,1771
6001,401,2,7238,1379542758,7581,-52
6001,401,3,7239,1380401751,185,2817
6001,402,0,7240,1381260744,1055,5489
6001,402,1,7241,1382119737,4915,-4572
6001,402,2,7242,1382978730,-1186,2292
6001,402,3,7243,1383837723,3387,8595
6001,403,0,7244,1384696716,2363,-8181
6001,403,1,7245,1385555709,-2718,-3568
6001,403,2,7246,1386414702,2758,1775
6001,403,3,7247,1387273695,4741,-5441
6001,404,0,7248,1388132688,2664,508
6001,404,1,7249,1388991681,-3402,-2908
6001,404,2,7250,1389850674,-920,-1463
6001,404,3,7251,1390709667,5829,7003
6001,405,0,7252,1391568660,-2234,-742
6001,405,1,7253,1392427653,-648,1974
6001,405,2,7254,1393286646,5279,9524
6001,405,3,7255,1394145639,-935,3306
6001,406,0,7256,1395004632,-227,-4033
6001,406,1,7257,1395863625,2,-6113
6001,406,2,7258,1396722618,-995,-1154
6001,406,3,7259,1397581611,3493,3025
6001,407,0,7260,1398440604,2515,2946
6001,407,1,7261,1399299597,3548,666
6001,407,2,7262,1400158590,3263,-3211
6001,407,3,7263,1401017583,-2134,-2176
6001,408,0,7264,1401876576,-677,1721
6001,408,1,7265,1402735569,-2703,2688
6001,408,2,7266,1403594562,-2897,-235
6001,408,3,7267,1404453555,5778,-1517
6001,409,0,7268,1405312548,2380,-1530
6001,409,1,7269,1406171541,-1470,-2376
6001,409,2,7270,1407030534,551,3334
6001,409,3,7271,1407889527,-2586,6559
6001,410,0,7272,1408748520,4628,2202
6001,410,1,7273,1409607513,7389,-2274
6001,410,2,7274,1410466506,-2411,-960
6001,410,3,7275,1411325499,-2777,8216
6001,411,0,7276,1412184492,-2302,6741
6001,411,1,7277,1413043485,-1489,1479
6001,411,2,7278,1413902478,-240,4739
6001,411,3,7279,1414761471,-1215,1524
6001,412,0,7280,1415620464,1117,1602
6001,412,1,7281,1416479457,-3773,4515
6001,412,2,7282,1417338450,1827,2834
6001,412,3,7283,1418197443,8204,2047
6001,413,0,7284,1419056436,-5461,-418
6001,413,1,7285,1419915429,-1667,5318
6001,413,2,7286,1420774422,3037,6675
6001,413,3,7287,1421633415,-3049,584
6001,414,0,7288,1422492408,8263,3447
6001,414,1,7289,1423351401,7004,1073
6001,414,2,7290,1424210394,-4694,1154
6001,414,3,7291,1425069387,-3656,1474
6001,415,0,7292,1425928380,-955,-4661
6001,415,1,7293,1426787373,-815,-1647
6001,415,2,7294,1427646366,-7010,-4662
6001,415,3,7295,1428505359,-2514,114
6001,416,0,7296,1429364352,6901,11550
6001,416,1,7297,1430223345,-847,3058
6001,416,2,7298,1431082338,-4515,5424
6001,416,3,7299,1431941331,982,9058
6001,417,0,7300,1432800324,6791,-1118
6001,417,1,7301,1433659317,2123,473
6001,417,2,7302,1434518310,-10309,974
6001,417,3,7303,1435377303,-3937,-66
6001,418,0,7304,1436236296,370,1487
6001,418,1,7305,1437095289,-1666,-2897
6001,418,2,7306,1437954282,6908,-3073
6001,418,3,7307,1438813275,-6,-715
6001,419,0,7308,1439672268,-6767,2201
6001,419,1,7309,1440531261,639,1537
6001,419,2,7310,1441390254,936,-3616
6001,419,3,7311,1442249247,5308,583
6001,420,0,7312,1443108240,5513,6623
6001,420,1,7313,1443967233,-4112,2495
6001,420,2,7314,1444826226,-1820,-4676
6001,420,3,7315,1445685219,1913,-2380
6001,421,0,7316,1446544212,-407,2503
6001,421,1,7317,1447403205,-3184,848
6001,421,2,7318,1448262198,-5580,3481
6001,421,3,7319,1449121191,-996,1313
6001,422,0,7320,1449980184,2188,-4908
6001,422,1,7321,1450839177,-487,2197
6001,422,2,7322,1451698170,-1594,7254
6001,422,3,7323,1452557163,-784,5281
6001,423,0,7324,1453416156,503,240
6001,423,1,7325,1454275149,-3277,-6110
6001,423,2,7326,1455134142,-3076,635
6001,423,3,7327,1455993135,458,2922
6001,424,0,7328,1456852128,-5501,-5513
6001,424,1,7329,1457711121,-46,-798
6001,424,2,7330,1458570114,5148,1194
6001,424,3,7331,1459429107,-6513,-7046
6001,425,0,7332,1460288100,-1873,-6931
6001,425,1,7333,1461147093,4364,-7195
6001,425,2,7334,1462006086,-1858,-3523
6001,425,3,7335,1462865079,1604,5808
6001,426,0,7336,1463724072,3316,-2236
6001,426,1,7337,1464583065,2324,-7709
6001,426,2,7338,1465442058,3394,554
6001,426,3,7339,1466301051,1902,52
6001,427,0,7340,1467160044,-430,589
6001,427,1,7341,1468019037,-4580,889
6001,427,2,7342,1468878030,-1628,-3066
6001,427,3,7343,1469737023,-110,2155
6001,428,0,7344,1470596016,651,1625
6001,428,1,7345,1471455009,5520,-5501
6001,428,2,7346,1472314002,-4071,-5536
6001,428,3,7347,1473172995,-7134,-3972
6001,429,0,7348,1474031988,-1785,-3966
6001,429,1,7349,1474890981,-2868,-4248
6001,429,2,7350,1475749974,4585,-1470
6001,429,3,7351,1476608967,2958,779
6001,430,0,7352,1477467960,-931,2076
6001,430,1,7353,1478326953,4223,1867
6001,430,2,7354,1479185946,960,-3662
6001,430,3,7355,1480044939,281,160
6001,431,0,7356,1480903932,-4518,4500
6001,431,1,7357,1481762925,-4294,6
6001,431,2,7358,1482621918,7073,1355
6001,431,3,7359,1483480911,-970,495
6001,432,0,7360,1484339904,-5275,2872
6001,432,1,7361,1485198897,2001,10836
6001,432,2,7362,1486057890,-1131,9476
6001,432,3,7363,1486916883,-922,5356
6001,433,0,7364,1487775876,3405,-2365
6001,433,1,7365,1488634869,3284,-5718
6001,433,2,7366,1489493862,763,-1091
6001,433,3,7367,1490352855,2007,-267
6001,434,0,7368,1491211848,176,3707
6001,434,1,7369,1492070841,-5900,2326
6001,434,2,7370,1492929834,-1895,-2951
6001,434,3,7371,1493788827,-2232,-302
6001,435,0,7372,1494647820,-2239,201
6001,435,1,7373,1495506813,3285,916
6001,435,2,7374,1496365806,-2475,-1146
6001,435,3,7375,1497224799,-2315,-2808
6001,436,0,7376,1498083792,-402,3269
6001,436,1,7377,1498942785,1359,2088
6001,436,2,7378,1499801778,8355,-1027
6001,436,3,7379,1500660771,960,-1008
6001,437,0,7380,1501519764,557,-2435
6001,437,1,7381,1502378757,7286,779
6001,437,2,7382,1503237750,4411,3089
6001,437,3,7383,1504096743,1998,-955
6001,438,0,7384,1504955736,-5465,-6051
6001,438,1,7385,1505814729,-1959,-2240
6001,438,2,7386,1506673722,5791,3904
6001,438,3,7387,1507532715,842,-451
6001,439,0,7388,1508391708,1720,-3256
6001,439,1,7389,1509250701,220,215
6001,439,2,7390,1510109694,262,954
6001,439,3,7391,1510968687,4792,-3847
6001,440,0,7392,1511827680,3716,-1525
6001,440,1,7393,1512686673,4868,9377
6001,440,2,7394,1513545666,-3061,3921
6001,440,3,7395,1514404659,-5701,-2177
6001,441,0,7396,1515263652,3332,2908
6001,441,1,7397,1516122645,-92,9
6001,441,2,7398,1516981638,-209,3585
6001,441,3,7399,1517840631,4452,5481
6001,442,0,7400,1518699624,3585,-1579
6001,442,1,7401,1519558617,4834,2571
6001,442,2,7402,1520417610,4039,3219
6001,442,3,7403,1521276603,1044,149
6001,443,0,7404,1522135596,1626,2902
6001,443,1,7405,1522994589,3375,2410
6001,443,2,7406,1523853582,-3959,1650
6001,443,3,7407,1524712575,-4491,1451
6001,444,0,7408,1525571568,4158,-925
6001,444,1,7409,1526430561,-4426,-3228
6001,444,2,7410,1527289554,-3609,4012
6001,444,3,7411,1528148547,5278,6697
6001,445,0,7412,1529007540,-2385,-7471
6001,445,1,7413,1529866533,5,-5245
6001,445,2,7414,1530725526,610,2859
6001,445,3,7415,1531584519,-4569,-3126
6001,446,0,7416,1532443512,-915,-2119
6001,446,1,7417,1533302505,-2292,-6949
6001,446,2,7418,1534161498,788,-10236
6001,446,3,7419,1535020491,-1030,1085
6001,447,0,7420,1535879484,-5161,-1006
6001,447,1,7421,1536738477,4767,-5362
6001,447,2,7422,1537597470,1038,3170
6001,447,3,7423,1538456463,-5090,2938
6001,448,0,7424,1539315456,1492,-7103
6001,448,1,7425,1540174449,2615,-5734
6001,448,2,7426,1541033442,3470,2294
6001,448,3,7427,1541892435,3606,1299
6001,449,0,7428,1542751428,1551,2188
6001,449,1,7429,1543610421,2851,2824
6001,449,2,7430,1544469414,3836,1439
6001,449,3,7431,1545328407,-452,5915
6001,450,0,7432,1546187400,-5125,1046
6001,450,1,7433,1547046393,1375,-1561
6001,450,2,7434,1547905386,3552,2633
6001,450,3,7435,1548764379,-3927,-3279
6001,451,0,7436,1549623372,-4273,-2001
6001,451,1,7437,1550482365,-4004,1621
6001,451,2,7438,1551341358,-3279,-807
6001,451,3,7439,1552200351,-81,1712
6001,452,0,7440,1553059344,-300,-891
6001,452,1,7441,1553918337,-1877,-1349
6001,452,2,7442,1554777330,-4649,1642
6001,452,3,7443,1555636323,528,-3172
6001,453,0,7444,1556495316,7462,-1392
6001,453,1,7445,1557354309,2551,2753
6001,453,2,7446,1558213302,-532,-942
6001,453,3,7447,1559072295,1020,-2639
6001,454,0,7448,1559931288,598,-3585
6001,454,1,7449,1560790281,1171,-2982
6001,454,2,7450,1561649274,153,2998
6001,454,3,7451,1562508267,-3399,1870
6001,455,0,7452,1563367260,-4587,-2912
6001,455,1,7453,1564226253,-2782,1797
6001,455,2,7454,1565085246,-2735,1378
6001,455,3,7455,1565944239,-1485,-3543
6001,456,0,7456,1566803232,2998,-6
6001,456,1,7457,1567662225,760,-2724
6001,456,2,7458,1568521218,-6266,-6776
6001,456,3,7459,1569380211,-4764,-1730
6001,457,0,7460,1570239204,2821,344
6001,457,1,7461,1571098197,2971,1256
6001,457,2,7462,1571957190,-981,-870
6001,457,3,7463,1572816183,-880,-4195
6001,458,0,7464,1573675176,-1052,1663
6001,458,1,7465,1574534169,-244,2123
6001,458,2,7466,1575393162,-144,-3169
6001,458,3,7467,1576252155,-1412,-1117
6001,459,0,7468,1577111148,-1391,-1820
6001,459,1,7469,1577970141,-5304,-2407
6001,459,2,7470,1578829134,-2261,3983
6001,459,3,7471,1579688127,3257,1653
6001,460,0,7472,1580547120,-1418,-3968
6001,460,1,7473,1581406113,2139,-448
6001,460,2,7474,1582265106,5188,-680
6001,460,3,7475,1583124099,-3617,-2334
6001,461,0,7476,1583983092,-4758,-1184
6001,461,1,7477,1584842085,1589,-3535
6001,461,2,7478,1585701078,6530,315
6001,461,3,7479,1586560071,2016,2666
6001,462,0,7480,1587419064,-5732,-2252
6001,462,1,7481,1588278057,457,-927
6001,462,2,7482,1589137050,6804,-1436
6001,462,3,7483,1589996043,2719,-2089
6001,463,0,7484,1590855036,-1281,1811
6001,463,1,7485,1591714029,117,-795
6001,463,2,7486,1592573022,1191,-2422
6001,463,3,7487,1593432015,-3852,-2074
6001,464,0,7488,1594291008,-4320,-2452
6001,464,1,7489,1595150001,-2337,787
6001,464,2,7490,1596008994,-4883,663
6001,464,3,7491,1596867987,-1113,2799
6001,465,0,7492,1597726980,3294,4749
6001,465,1,7493,1598585973,2453,-2133
6001,465,2,7494,1599444966,107,-46
6001,465,3,7495,1600303959,-3051,7131
6001,466,0,7496,1601162952,1231,5298
6001,466,1,7497,1602021945,6231,6077
6001,466,2,7498,1602880938,4126,5662
6001,466,3,7499,1603739931,3262,-1261
6001,467,0,7500,1604598924,126,-3996
6001,467,1,7501,1605457917,-3716,-4793
6001,467,2,7502,1606316910,-356,-5463
6001,467,3,7503,1607175903,-1038,-4320
6001,468,0,7504,1608034896,-3433,-1053
6001,468,1,7505,1608893889,4083,5171
6001,468,2,7506,1609752882,2603,2024
6001,468,3,7507,1610611875,-4771,-3124
6001,469,0,7508,1611470868,1862,3894
6001,469,1,7509,1612329861,-1703,4127
6001,469,2,7510,1613188854,-8752,-3011
6001,469,3,7511,1614047847,2559,-5802
6001,470,0,7512,1614906840,2104,-7400
6001,470,1,7513,1615765833,-2225,-3383
6001,470,2,7514,1616624826,5822,-1441
6001,470,3,7515,1617483819,2996,-3113
6001,471,0,7516,1618342812,-2920,-2767
6001,471,1,7517,1619201805,-3807,-9066
6001,471,2,7518,1620060798,-284,-9424
6001,471,3,7519,1620919791,5275,-2255
6001,472,0,7520,1621778784,-2159,-4467
6001,472,1,7521,1622637777,-3315,-5605
6001,472,2,7522,1623496770,2775,3118
6001,472,3,7523,1624355763,-2441,9939
6001,473,0,7524,1625214756,-799,982
6001,473,1,7525,1626073749,927,-8656
6001,473,2,7526,1626932742,-2637,-2560
6001,473,3,7527,1627791735,1859,-2074
6001,474,0,7528,1628650728,-1100,-2400
6001,474,1,7529,1629509721,-4004,5206
6001,474,2,7530,1630368714,3295,1389
6001,474,3,7531,1631227707,2509,-3595
6001,475,0,7532,1632086700,-1609,-4616
6001,475,1,7533,1632945693,178,-2193
6001,475,2,7534,1633804686,2078,5866
6001,475,3,7535,1634663679,-867,-468
6001,476,0,7536,1635522672,-4657,-4154
6001,476,1,7537,1636381665,-669,2631
6001,476,2,7538,1637240658,2729,-1639
6001,476,3,7539,1638099651,-1007,2039
6001,477,0,7540,1638958644,-1773,5846
6001,477,1,7541,1639817637,5274,-2669
6001,477,2,7542,1640676630,7517,-26
6001,477,3,7543,1641535623,-3696,637
6001,478,0,7544,1642394616,-6057,-155
6001,478,1,7545,1643253609,1196,7223
6001,478,2,7546,1644112602,-4269,4951
6001,478,3,7547,1644971595,-3491,5791
6001,479,0,7548,1645830588,5842,6292
6001,479,1,7549,1646689581,1924,-3105
6001,479,2,7550,1647548574,-2308,-2529
6001,479,3,7551,1648407567,-2018,-798
6001,480,0,7552,1649266560,548,2365
6001,480,1,7553,1650125553,7962,5135
6001,480,2,7554,1650984546,5384,-4588
6001,480,3,7555,1651843539,-2498,-22
6001,481,0,7556,1652702532,-1875,5682
6001,481,1,7557,1653561525,2117,-1784
6001,481,2,7558,1654420518,3028,2217
6001,481,3,7559,1655279511,-4193,-278
6001,482,0,7560,1656138504,-9812,-2587
6001,482,1,7561,1656997497,-4010,5705
6001,482,2,7562,1657856490,-1135,588
6001,482,3,7563,1658715483,-5187,522
6001,483,0,7564,1659574476,-5154,1104
6001,483,1,7565,1660433469,-3621,-4314
6001,483,2,7566,1661292462,-4351,4284
6001,483,3,7567,1662151455,-182,705
6001,484,0,7568,1663010448,7011,-4822
6001,484,1,7569,1663869441,7068,6805
6001,484,2,7570,1664728434,209,5174
6001,484,3,7571,1665587427,-7745,1348
6001,485,0,7572,1666446420,-8378,1960
6001,485,1,7573,1667305413,-2548,-4905
6001,485,2,7574,1668164406,-1221,-2845
6001,485,3,7575,1669023399,1806,2455
6001,486,0,7576,1669882392,4628,1371
6001,486,1,7577,1670741385,-1837,1019
6001,486,2,7578,1671600378,-1130,116
6001,486,3,7579,1672459371,4384,-2458
6001,487,0,7580,1673318364,2326,-3074
6001,487,1,7581,1674177357,1146,1228
6001,487,2,7582,1675036350,-1988,2975
6001,487,3,7583,1675895343,-1434,456
6001,488,0,7584,1676754336,5842,-1408
6001,488,1,7585,1677613329,1034,-2950
6001,488,2,7586,1678472322,-3828,4759
6001,488,3,7587,1679331315,2130,8938
6001,489,0,7588,1680190308,857,-984
6001,489,1,7589,1681049301,-2151,503
6001,489,2,7590,1681908294,1725,4420
6001,489,3,7591,1682767287,2127,-2470
6001,490,0,7592,1683626280,-239,-705
6001,490,1,7593,1684485273,-2113,1479
6001,490,2,7594,1685344266,-3024,-2371
6001,490,3,7595,1686203259,693,-4165
6001,491,0,7596,1687062252,-2023,-6112
6001,491,1,7597,1687921245,-9096,-1838
6001,491,2,7598,1688780238,1017,1332
6001,491,3,7599,1689639231,8440,-146
6001,492,0,7600,1690498224,-3353,3931
6001,492,1,7601,1691357217,-5185,985
6001,492,2,7602,1692216210,1898,142
6001,492,3,7603,1693075203,3027,7669
6001,493,0,7604,1693934196,6588,-2392
6001,493,1,7605,1694793189,5673,-8981
6001,493,2,7606,1695652182,-1720,-307
6001,493,3,7607,1696511175,-802,-2163
6001,494,0,7608,1697370168,4485,837
6001,494,1,7609,1698229161,1583,6384
6001,494,2,7610,1699088154,656,1203
6001,494,3,7611,1699947147,5391,5203
6001,495,0,7612,1700806140,-1075,4648
6001,495,1,7613,1701665133,-4133,-3929
6001,495,2,7614,1702524126,3178,-2116
6001,495,3,7615,1703383119,-899,-4259
6001,496,0,7616,1704242112,-3854,-3035
6001,496,1,7617,1705101105,-294,6437
6001,496,2,7618,1705960098,46,3130
6001,496,3,7619,1706819091,3052,-2378
6001,497,0,7620,1707678084,4960,-1206
6001,497,1,7621,1708537077,3305,1777
6001,497,2,7622,1709396070,-5363,3676
6001,497,3,7623,1710255063,-5116,-1671
6001,498,0,7624,1711114056,10654,-89
6001,498,1,7625,1711973049,6784,6520
6001,498,2,7626,1712832042,-244,1435
6001,498,3,7627,1713691035,3778,-1005
6001,499,0,7628,1714550028,-1412,1707
6001,499,1,7629,1715409021,2990,740
6001,499,2,7630,1716268014,6866,-685
6001,499,3,7631,1717127007,1221,-3309
6001,500,0,7632,1717986000,-239,167
6001,500,1,7633,1718844993,-5827,4725
6001,500,2,7634,1719703986,-1965,1372
6001,500,3,7635,1720562979,1774,377
6001,501,0,7636,1721421972,-1092,-3079
6001,501,1,7637,1722280965,4655,-4797
6001,501,2,7638,1723139958,-254,2555
6001,501,3,7639,1723998951,-377,1226
6001,502,0,7640,1724857944,7683,304
6001,502,1,7641,1725716937,2738,5635
6001,502,2,7642,1726575930,947,672
6001,502,3,7643,1727434923,-3834,-2797
6001,503,0,7644,1728293916,-4026,870
6001,503,1,7645,1729152909,2510,1628
6001,503,2,7646,1730011902,-2637,-3807
6001,503,3,7647,1730870895,1235,-9651
6001,504,0,7648,1731729888,1243,-1551
6001,504,1,7649,1732588881,-4452,2611
6001,504,2,7650,1733447874,2171,-6047
6001,504,3,7651,1734306867,-3883,-2694
6001,505,0,7652,1735165860,-4186,306
6001,505,1,7653,1736024853,6182,-4168
6001,505,2,7654,1736883846,-324,-476
6001,505,3,7655,1737742839,-2353,1994
6001,506,0,7656,1738601832,1942,2332
6001,506,1,7657,1739460825,807,611
6001,506,2,7658,1740319818,728,-6710
6001,506,3,7659,1741178811,1452,-5758
6001,507,0,7660,1742037804,2804,1972
6001,507,1,7661,1742896797,-1535,4274
6001,507,2,7662,1743755790,-5914,103
6001,507,3,7663,1744614783,-609,-61
6001,508,0,7664,1745473776,6938,4974
6001,508,1,7665,1746332769,5385,-1471
6001,508,2,7666,1747191762,-5484,-7403
6001,508,3,7667,1748050755,-3114,925
6001,509,0,7668,1748909748,7148,4013
6001,509,1,7669,1749768741,1044,833
6001,509,2,7670,1750627734,-2446,1035
6001,509,3,7671,1751486727,4383,1014
6001,510,0,7672,1752345720,2961,862
6001,510,1,7673,1753204713,-1288,1018
6001,510,2,7674,1754063706,-782,532
6001,510,3,7675,1754922699,-1817,-584
6001,511,0,7676,1755781692,-732,585
6001,511,1,7677,1756640685,4768,3035
6001,511,2,7678,1757499678,2521,1372
6001,511,3,7679,1758358671,-5276,-5039
6001,512,0,8192,2199022080,4219,2935
6001,512,1,8193,2199881073,3499,1503
6001,512,2,8194,2200740066,-1182,-1629
6001,512,3,8195,2201599059,-703,-915
6001,513,0,8196,2202458052,212,-1394
6001,513,1,8197,2203317045,762,-713
6001,513,2,8198,2204176038,2885,3815
6001,513,3,8199,2205035031,1948,1211
6001,514,0,8200,2205894024,-757,-3038
6001,514,1,8201,2206753017,3819,3480
6001,514,2,8202,2207612010,5922,2092
6001,514,3,8203,2208471003,-5532,-4456
6001,515,0,8204,2209329996,-6924,1845
6001,515,1,8205,2210188989,5690,5663
6001,515,2,8206,2211047982,5307,2376
6001,515,3,8207,2211906975,-2676,-2596
6001,516,0,8208,2212765968,-652,-5573
6001,516,1,8209,2213624961,4326,-1176
6001,516,2,8210,2214483954,433,2643
6001,516,3,8211,2215342947,-6291,4405
6001,517,0,8212,2216201940,-3353,2365
6001,517,1,8213,2217060933,2587,277
6001,517,2,8214,2217919926,2203,-86
6001,517,3,8215,2218778919,24,-3822
6001,518,0,8216,2219637912,-741,4231
6001,518,1,8217,2220496905,-1002,4558
6001,518,2,8218,2221355898,-2457,-6466
6001,518,3,8219,2222214891,-4912,2588
6001,519,0,8220,2223073884,-2830,1191
6001,519,1,8221,2223932877,1191,-4982
6001,519,2,8222,2224791870,-3766,5742
6001,519,3,8223,2225650863,-8395,2455
6001,520,0,8224,2226509856,-1031,88
6001,520,1,8225,2227368849,2312,188
6001,520,2,8226,2228227842,-3234,-4967
6001,520,3,8227,2229086835,-2975,194
6001,521,0,8228,2229945828,3664,-732
6001,521,1,8229,2230804821,6191,2750
6001,521,2,8230,2231663814,2018,5578
6001,521,3,8231,2232522807,1460,-3766
6001,522,0,8232,2233381800,1231,2761
6001,522,1,8233,2234240793,-3769,4809
6001,522,2,8234,2235099786,-1351,-361
6001,522,3,8235,2235958779,1271,1636
6001,523,0,8236,2236817772,314,-5796
6001,523,1,8237,2237676765,1858,-5128
6001,523,2,8238,2238535758,-1719,1403
6001,523,3,8239,2239394751,-813,3834
6001,524,0,8240,2240253744,3306,6469
6001,524,1,8241,2241112737,998,-943
6001,524,2,8242,2241971730,1271,291
6001,524,3,8243,2242830723,139,3180
6001,525,0,8244,2243689716,3911,-1735
6001,525,1,8245,2244548709,9554,7548
6001,525,2,8246,2245407702,278,5717
6001,525,3,8247,2246266695,-3082,-7469
6001,526,0,8248,2247125688,2647,-3045
6001,526,1,8249,2247984681,2444,3865
6001,526,2,8250,2248843674,370,5035
6001,526,3,8251,2249702667,-380,2018
6001,527,0,8252,2250561660,5241,-2782
6001,527,1,8253,2251420653,2484,-2823
6001,527,2,8254,2252279646,-6588,-1260
6001,527,3,8255,2253138639,-1349,2887
6001,528,0,8256,2253997632,-2631,2349
6001,528,1,8257,2254856625,-3664,-3751
6001,528,2,8258,2255715618,7336,-826
6001,528,3,8259,2256574611,4193,2577
6001,529,0,8260,2257433604,2619,-1643
6001,529,1,8261,2258292597,6797,432
6001,529,2,8262,2259151590,-386,3672
6001,529,3,8263,2260010583,-1526,-2016
6001,530,0,8264,2260869576,-2550,2246
6001,530,1,8265,2261728569,-4885,10753
6001,530,2,8266,2262587562,5287,2819
6001,530,3,8267,2263446555,6421,-159
6001,531,0,8268,2264305548,-1335,445
6001,531,1,8269,2265164541,-176,-7555
6001,531,2,8270,2266023534,2833,501
6001,531,3,8271,2266882527,3741,7438
6001,532,0,8272,2267741520,-1074,-4727
6001,532,1,8273,2268600513,-7282,-4842
6001,532,2,8274,2269459506,-4792,3073
6001,532,3,8275,2270318499,-3541,834
6001,533,0,8276,2271177492,-2335,-2386
6001,533,1,8277,2272036485,969,-1983
6001,533,2,8278,2272895478,-2088,1698
6001,533,3,8279,2273754471,1324,2354
6001,534,0,8280,2274613464,4117,-2038
6001,534,1,8281,2275472457,-2717,-809
6001,534,2,8282,2276331450,3745,976
6001,534,3,8283,2277190443,8346,-4554
6001,535,0,8284,2278049436,-1012,-3573
6001,535,1,8285,2278908429,-600,5273
6001,535,2,8286,2279767422,1123,3508
6001,535,3,8287,2280626415,-152,-3347
6001,536,0,8288,2281485408,2614,-1765
6001,536,1,8289,2282344401,3,1545
6001,536,2,8290,2283203394,-1437,4693
6001,536,3,8291,2284062387,137,3401
6001,537,0,8292,2284921380,-717,-2999
6001,537,1,8293,2285780373,1285,381
6001,537,2,8294,2286639366,3958,3243
6001,537,3,8295,2287498359,1104,-666
6001,538,0,8296,2288357352,-5115,1248
6001,538,1,8297,2289216345,-4191,-3066
6001,538,2,8298,2290075338,-1957,-9581
6001,538,3,8299,2290934331,-1057,-5165
6001,539,0,8300,2291793324,8455,-645
6001,539,1,8301,2292652317,5827,6140
6001,539,2,8302,2293511310,-2566,6582
6001,539,3,8303,2294370303,2894,-4450
6001,540,0,8304,2295229296,-1513,-3947
6001,540,1,8305,2296088289,-4922,-1779
6001,540,2,8306,2296947282,-366,-6371
6001,540,3,8307,2297806275,-2654,-2734
6001,541,0,8308,2298665268,2794,-2534
6001,541,1,8309,2299524261,-214,-7690
6001,541,2,8310,2300383254,-7532,-6296
6001,541,3,8311,2301242247,1883,-1687
6001,542,0,8312,2302101240,1384,3190
6001,542,1,8313,2302960233,806,332
6001,542,2,8314,2303819226,3854,-5359
6001,542,3,8315,2304678219,-3772,1718
6001,543,0,8316,2305537212,2869,7541
6001,543,1,8317,2306396205,7609,2185
6001,543,2,8318,2307255198,-421,-1196
6001,543,3,8319,2308114191,-1692,-1495
6001,544,0,8320,2308973184,-4302,348
6001,544,1,8321,2309832177,2314,4083
6001,544,2,8322,2310691170,8391,-666
6001,544,3,8323,2311550163,998,-7270
6001,545,0,8324,2312409156,5488,-4116
6001,545,1,8325,2313268149,3977,-2809
6001,545,2,8326,2314127142,-4563,-6111
6001,545,3,8327,2314986135,2090,216
6001,546,0,8328,2315845128,1806,8559
6001,546,1,8329,2316704121,1200,1758
6001,546,2,8330,2317563114,4625,-5182
6001,546,3,8331,2318422107,-685,1205
6001,547,0,8332,2319281100,1636,1850
6001,547,1,8333,2320140093,-621,-3009
6001,547,2,8334,2320999086,-6244,-1148
6001,547,3,8335,2321858079,3623,-882
6001,548,0,8336,2322717072,3964,-56
6001,548,1,8337,2323576065,-4273,1148
6001,548,2,8338,2324435058,-3996,1270
6001,548,3,8339,2325294051,-421,4879
6001,549,0,8340,2326153044,3978,-1457
6001,549,1,8341,2327012037,456,-5296
6001,549,2,8342,2327871030,-2711,2984
6001,549,3,8343,2328730023,-741,294
6001,550,0,8344,2329589016,-5956,754
6001,550,1,8345,2330448009,-5388,4616
6001,550,2,8346,2331307002,4172,-5277
6001,550,3,8347,2332165995,7782,-4021
6001,551,0,8348,2333024988,-90,1851
6001,551,1,8349,2333883981,-7995,-1556
6001,551,2,8350,2334742974,-1595,2695
6001,551,3,8351,2335601967,-1973,5812
6001,552,0,8352,2336460960,-10998,2759
6001,552,1,8353,2337319953,-7167,-467
6001,552,2,8354,2338178946,-2870,-193
6001,552,3,8355,2339037939,56,6364
6001,553,0,8356,2339896932,225,3115
6001,553,1,8357,2340755925,-5998,300
6001,553,2,8358,2341614918,-4218,7483
6001,553,3,8359,2342473911,-5508,212
6001,554,0,8360,2343332904,-4386,-7107
6001,554,1,8361,2344191897,6102,-830
6001,554,2,8362,2345050890,-11,-1467
6001,554,3,8363,2345909883,-3838,-1832
6001,555,0,8364,2346768876,6608,2550
6001,555,1,8365,2347627869,3168,-691
6001,555,2,8366,2348486862,-4201,-1914
6001,555,3,8367,2349345855,-4160,2494
6001,556,0,8368,2350204848,-5794,706
6001,556,1,8369,2351063841,-5235,-718
6001,556,2,8370,2351922834,-2315,3422
6001,556,3,8371,2352781827,2771,2345
6001,557,0,8372,2353640820,8501,1491
6001,557,1,8373,2354499813,6942,2356
6001,557,2,8374,2355358806,5130,-4184
6001,557,3,8375,2356217799,3720,-4473
6001,558,0,8376,2357076792,-1746,2339
6001,558,1,8377,2357935785,1925,2402
6001,558,2,8378,2358794778,5690,-251
6001,558,3,8379,2359653771,-502,-3609
6001,559,0,8380,2360512764,-873,-4134
6001,559,1,8381,2361371757,-1496,-1939
6001,559,2,8382,2362230750,-4816,-3346
6001,559,3,8383,2363089743,-2446,-665
6001,560,0,8384,2363948736,-1520,2506
6001,560,1,8385,2364807729,326,-1221
6001,560,2,8386,2365666722,442,-616
6001,560,3,8387,2366525715,-183,5624
6001,561,0,8388,2367384708,2214,5333
6001,561,1,8389,2368243701,-3325,-1994
6001,561,2,8390,2369102694,-2349,-3217
6001,561,3,8391,2369961687,5119,3153
6001,562,0,8392,2370820680,583,5632
6001,562,1,8393,2371679673,-2894,359
6001,562,2,8394,2372538666,-3771,-4609
6001,562,3,8395,2373397659,-2149,993
6001,563,0,8396,2374256652,2949,5017
6001,563,1,8397,2375115645,-2271,416
6001,563,2,8398,2375974638,-2310,1803
6001,563,3,8399,2376833631,4726,313
6001,564,0,8400,2377692624,-769,-5067
6001,564,1,8401,2378551617,-4588,-1828
6001,564,2,8402,2379410610,-1147,-621
6001,564,3,8403,2380269603,-2672,12
6001,565,0,8404,2381128596,-1464,1033
6001,565,1,8405,2381987589,2735,-2308
6001,565,2,8406,2382846582,-1368,-261
6001,565,3,8407,2383705575,-3977,718
6001,566,0,8408,2384564568,736,-207
6001,566,1,8409,2385423561,2564,3263
6001,566,2,8410,2386282554,215,126
6001,566,3,8411,2387141547,-6575,-4160
6001,567,0,8412,2388000540,-7562,-584
6001,567,1,8413,2388859533,930,2662
6001,567,2,8414,2389718526,-788,2080
6001,567,3,8415,2390577519,-3460,-1108
6001,568,0,8416,2391436512,1571,-3600
6001,568,1,8417,2392295505,-2113,-2841
6001,568,2,8418,2393154498,-3915,-3218
6001,568,3,8419,2394013491,2334,-3495
6001,569,0,8420,2394872484,1105,544
6001,569,1,8421,2395731477,-3168,2584
6001,569,2,8422,2396590470,-2282,2085
6001,569,3,8423,2397449463,-1944,1654
6001,570,0,8424,2398308456,533,-712
6001,570,1,8425,2399167449,4325,3693
6001,570,2,8426,2400026442,-239,6942
6001,570,3,8427,2400885435,-2243,-1912
6001,571,0,8428,2401744428,-571,-4080
6001,571,1,8429,2402603421,-2587,144
6001,571,2,8430,2403462414,805,-348
6001,571,3,8431,2404321407,111,-1206
6001,572,0,8432,2405180400,-2114,-3585
6001,572,1,8433,2406039393,-423,-3904
6001,572,2,8434,2406898386,-5872,-2557
6001,572,3,8435,2407757379,-1105,-910
6001,573,0,8436,2408616372,3809,3189
6001,573,1,8437,2409475365,-2980,-739
6001,573,2,8438,2410334358,1691,-5783
6001,573,3,8439,2411193351,4820,-326
6001,574,0,8440,2412052344,2800,2902
6001,574,1,8441,2412911337,3989,274
6001,574,2,8442,2413770330,1924,1321
6001,574,3,8443,2414629323,3972,2608
6001,575,0,8444,2415488316,1254,2431
6001,575,1,8445,2416347309,-5931,6337
6001,575,2,8446,2417206302,-3722,629
6001,575,3,8447,2418065295,2347,-6513
6001,576,0,8448,2418924288,1818,4435
6001,576,1,8449,2419783281,-4476,3315
6001,576,2,8450,2420642274,-796,-5706
6001,576,3,8451,2421501267,-2152,2651
6001,577,0,8452,2422360260,-10548,4145
6001,577,1,8453,2423219253,-3834,373
6001,577,2,8454,2424078246,-3908,-589
6001,577,3,8455,2424937239,-2359,-2985
6001,578,0,8456,2425796232,2613,1195
6001,578,1,8457,2426655225,-9210,1859
6001,578,2,8458,2427514218,-1364,1757
6001,578,3,8459,2428373211,9060,-331
6001,579,0,8460,2429232204,-3032,-6205
6001,579,1,8461,2430091197,-2588,1520
6001,579,2,8462,2430950190,1230,1757
6001,579,3,8463,2431809183,-1518,-6671
6001,580,0,8464,2432668176,1316,-1112
6001,580,1,8465,2433527169,4263,1652
6001,580,2,8466,2434386162,1973,-126
6001,580,3,8467,2435245155,1387,1572
6001,581,0,8468,2436104148,6127,2348
6001,581,1,8469,2436963141,1923,3684
6001,581,2,8470,2437822134,2210,3359
6001,581,3,8471,2438681127,7454,-23
6001,582,0,8472,2439540120,2,-1905
6001,582,1,8473,2440399113,2486,1366
6001,582,2,8474,2441258106,1458,-94
6001,582,3,8475,2442117099,-4955,-5468
6001,583,0,8476,2442976092,7717,-2715
6001,583,1,8477,2443835085,7486,1419
6001,583,2,8478,2444694078,-1942,5608
6001,583,3,8479,2445553071,97,4167
6001,584,0,8480,2446412064,808,-1548
6001,584,1,8481,2447271057,-362,2046
6001,584,2,8482,2448130050,-2586,2057
6001,584,3,8483,2448989043,3154,1693
6001,585,0,8484,2449848036,4383,2852
6001,585,1,8485,2450707029,-6901,-2629
6001,585,2,8486,2451566022,-5314,-99
6001,585,3,8487,2452425015,2517,2302
6001,586,0,8488,2453284008,5270,3818
6001,586,1,8489,2454143001,1845,5663
6001,586,2,8490,2455001994,-2641,-440
6001,586,3,8491,2455860987,1545,4732
6001,587,0,8492,2456719980,2604,6222
6001,587,1,8493,2457578973,3017,-2205
6001,587,2,8494,2458437966,766,-645
6001,587,3,8495,2459296959,-4664,-1831
6001,588,0,8496,2460155952,501,129
6001,588,1,8497,2461014945,1368,1719
6001,588,2,8498,2461873938,-1310,-3477
6001,588,3,8499,2462732931,-1869,-26
6001,589,0,8500,2463591924,-3506,-2828
6001,589,1,8501,2464450917,1765,-5858
6001,589,2,8502,2465309910,2600,986
6001,589,3,8503,2466168903,88,1184
6001,590,0,8504,2467027896,-1674,2620
6001,590,1,8505,2467886889,-3517,6183
6001,590,2,8506,2468745882,1864,1387
6001,590,3,8507,2469604875,5262,-5112
6001,591,0,8508,2470463868,10056,-4274
6001,591,1,8509,2471322861,7525,-3900
6001,591,2,8510,2472181854,-2357,-5825
6001,591,3,8511,2473040847,3163,2993
6001,592,0,8512,2473899840,2040,3294
6001,592,1,8513,2474758833,-1709,-6782
6001,592,2,8514,2475617826,3078,-3472
6001,592,3,8515,2476476819,-2398,1292
6001,593,0,8516,2477335812,-315,3266
6001,593,1,8517,2478194805,3720,1172
6001,593,2,8518,2479053798,703,-1643
6001,593,3,8519,2479912791,2798,4779
6001,594,0,8520,2480771784,-1943,2452
6001,594,1,8521,2481630777,-5205,-607
6001,594,2,8522,2482489770,-4698,-795
6001,594,3,8523,2483348763,-7693,-5418
6001,595,0,8524,2484207756,-5162,3550
6001,595,1,8525,2485066749,-783,5703
6001,595,2,8526,2485925742,2767,-2250
6001,595,3,8527,2486784735,-264,451
6001,596,0,8528,2487643728,-3667,-2115
6001,596,1,8529,2488502721,123,-3845
6001,596,2,8530,2489361714,-77,950
6001,596,3,8531,2490220707,2268,1698
6001,597,0,8532,2491079700,-656,4013
6001,597,1,8533,2491938693,-6167,5652
6001,597,2,8534,2492797686,4071,2059
6001,597,3,8535,2493656679,2723,-2175
6001,598,0,8536,2494515672,-5707,3118
6001,598,1,8537,2495374665,-3883,6758
6001,598,2,8538,2496233658,-9771,-1883
6001,598,3,8539,2497092651,-4802,-17
6001,599,0,8540,2497951644,4810,4012
6001,599,1,8541,2498810637,-5518,-1884
6001,599,2,8542,2499669630,-4036,-1412
6001,599,3,8543,2500528623,3883,-1802
6001,600,0,8544,2501387616,-4845,-2495
6001,600,1,8545,2502246609,-4830,910
6001,600,2,8546,2503105602,2736,-985
6001,600,3,8547,2503964595,4925,-4024
6001,601,0,8548,2504823588,5235,-4333
6001,601,1,8549,2505682581,-1125,1298
6001,601,2,8550,2506541574,-2414,3432
6001,601,3,8551,2507400567,1677,-4702
6001,602,0,8552,2508259560,-643,-5553
6001,602,1,8553,2509118553,476,-2455
6001,602,2,8554,2509977546,1624,-142
6001,602,3,8555,2510836539,-3324,3401
6001,603,0,8556,2511695532,-4171,-2503
6001,603,1,8557,2512554525,4142,-3244
6001,603,2,8558,2513413518,8089,4185
6001,603,3,8559,2514272511,-748,3445
6001,604,0,8560,2515131504,-1268,2214
6001,604,1,8561,2515990497,1560,-3119
6001,604,2,8562,2516849490,-2162,-6335
6001,604,3,8563,2517708483,872,5055
6001,605,0,8564,2518567476,-1556,5217
6001,605,1,8565,2519426469,-2016,-1543
6001,605,2,8566,2520285462,1777,52
6001,605,3,8567,2521144455,-4232,-7150
6001,606,0,8568,2522003448,-1468,-6933
6001,606,1,8569,2522862441,1517,5983
6001,606,2,8570,2523721434,4341,3304
6001,606,3,8571,2524580427,8344,-5874
6001,607,0,8572,2525439420,-341,-5230
6001,607,1,8573,2526298413,7895,-409
6001,607,2,8574,2527157406,10555,259
6001,607,3,8575,2528016399,-6752,-3763
6001,608,0,8576,2528875392,-4387,-2878
6001,608,1,8577,2529734385,-2898,1329
6001,608,2,8578,2530593378,-3527,-211
6001,608,3,8579,2531452371,168,-5663
6001,609,0,8580,2532311364,-708,-1310
6001,609,1,8581,2533170357,7364,8138
6001,609,2,8582,2534029350,3186,1760
6001,609,3,8583,2534888343,852,-2900
6001,610,0,8584,2535747336,8932,-188
6001,610,1,8585,2536606329,-745,-6300
6001,610,2,8586,2537465322,54,-192
6001,610,3,8587,2538324315,6211,6455
6001,611,0,8588,2539183308,1875,-3854
6001,611,1,8589,2540042301,2951,-3281
6001,611,2,8590,2540901294,664,416
6001,611,3,8591,2541760287,2423,-2799
6001,612,0,8592,2542619280,3162,-1696
6001,612,1,8593,2543478273,878,-3135
6001,612,2,8594,2544337266,7256,-5909
6001,612,3,8595,2545196259,2608,-5517
6001,613,0,8596,2546055252,-1968,2157
6001,613,1,8597,2546914245,3247,8101
6001,613,2,8598,2547773238,4009,-1390
6001,613,3,8599,2548632231,4990,-4493
6001,614,0,8600,2549491224,676,116
6001,614,1,8601,2550350217,-2913,-113
6001,614,2,8602,2551209210,1331,5234
6001,614,3,8603,2552068203,-30,3268
6001,615,0,8604,2552927196,-1063,-4420
6001,615,1,8605,2553786189,2087,-2201
6001,615,2,8606,2554645182,-476,-1701
6001,615,3,8607,2555504175,-3158,1035
6001,616,0,8608,2556363168,275,4874
6001,616,1,8609,2557222161,2845,1334
6001,616,2,8610,2558081154,4401,1549
6001,616,3,8611,2558940147,2775,816
6001,617,0,8612,2559799140,-3883,279
6001,617,1,8613,2560658133,-5087,3566
6001,617,2,8614,2561517126,-2241,-567
6001,617,3,8615,2562376119,6638,-1613
6001,618,0,8616,2563235112,9426,420
6001,618,1,8617,2564094105,-2811,-2488
6001,618,2,8618,2564953098,3219,29
6001,618,3,8619,2565812091,7096,1781
6001,619,0,8620,2566671084,-5662,-1293
6001,619,1,8621,2567530077,-564,-843
6001,619,2,8622,2568389070,-159,4431
6001,619,3,8623,2569248063,-1258,5981
6001,620,0,8624,2570107056,2485,-945
6001,620,1,8625,2570966049,-8478,2005
6001,620,2,8626,2571825042,306,4990
6001,620,3,8627,2572684035,9032,-3864
6001,621,0,8628,2573543028,-2540,2063
6001,621,1,8629,2574402021,1664,4959
6001,621,2,8630,2575261014,4869,-4007
6001,621,3,8631,2576120007,2314,3057
6001,622,0,8632,2576979000,3492,5311
6001,622,1,8633,2577837993,1110,-2955
6001,622,2,8634,2578696986,4716,-2805
6001,622,3,8635,2579555979,4334,-1249
6001,623,0,8636,2580414972,-4741,-200
6001,623,1,8637,2581273965,-8245,441
6001,623,2,8638,2582132958,-1306,1815
6001,623,3,8639,2582991951,3923,727
6001,624,0,8640,2583850944,548,-5164
6001,624,1,8641,2584709937,3508,-2389
6001,624,2,8642,2585568930,854,2602
6001,624,3,8643,2586427923,-6967,-211
6001,625,0,8644,2587286916,-2023,-3371
6001,625,1,8645,2588145909,-761,-4982
6001,625,2,8646,2589004902,1428,-4384
6001,625,3,8647,2589863895,3945,44
6001,626,0,8648,2590722888,-3132,2186
6001,626,1,8649,2591581881,-2505,-3877
6001,626,2,8650,2592440874,-851,-3747
6001,626,3,8651,2593299867,-2252,3498
6001,627,0,8652,2594158860,-1869,-421
6001,627,1,8653,2595017853,-3416,685
6001,627,2,8654,2595876846,-4364,6218
6001,627,3,8655,2596735839,-9100,9
6001,628,0,8656,2597594832,-6974,3414
6001,628,1,8657,2598453825,-2373,8820
6001,628,2,8658,2599312818,-4660,1906
6001,628,3,8659,2600171811,5579,1442
6001,629,0,8660,2601030804,7278,2737
6001,629,1,8661,2601889797,-4810,-1099
6001,629,2,8662,2602748790,430,327
6001,629,3,8663,2603607783,2675,3070
6001,630,0,8664,2604466776,-3827,90
6001,630,1,8665,2605325769,-761,-220
6001,630,2,8666,2606184762,-1438,2240
6001,630,3,8667,2607043755,-2296,-3017
6001,631,0,8668,2607902748,2850,-4559
6001,631,1,8669,2608761741,1036,1485
6001,631,2,8670,2609620734,-1179,-1021
6001,631,3,8671,2610479727,-2497,-5648
6001,632,0,8672,2611338720,-3805,1246
6001,632,1,8673,2612197713,6710,7996
6001,632,2,8674,2613056706,7072,650
6001,632,3,8675,2613915699,-5106,-1424
6001,633,0,8676,2614774692,2901,5556
6001,633,1,8677,2615633685,10200,-2230
6001,633,2,8678,2616492678,1024,-5092
6001,633,3,8679,2617351671,-1297,2994
6001,634,0,8680,2618210664,517,1307
6001,634,1,8681,2619069657,1440,4464
6001,634,2,8682,2619928650,3295,5679
6001,634,3,8683,2620787643,2481,-970
6001,635,0,8684,2621646636,-130,2142
6001,635,1,8685,2622505629,-2860,4323
6001,635,2,8686,2623364622,-545,5179
6001,635,3,8687,2624223615,2001,6467
6001,636,0,8688,2625082608,-689,216
6001,636,1,8689,2625941601,-541,-2280
6001,636,2,8690,2626800594,1930,-3627
6001,636,3,8691,2627659587,-860,-4034
6001,637,0,8692,2628518580,-3768,4182
6001,637,1,8693,2629377573,99,7328
6001,637,2,8694,2630236566,-53,5755
6001,637,3,8695,2631095559,-800,3584
6001,638,0,8696,2631954552,6337,-3085
6001,638,1,8697,2632813545,2781,592
6001,638,2,8698,2633672538,-4190,5225
6001,638,3,8699,2634531531,1114,-3225
6001,639,0,8700,2635390524,5262,331
6001,639,1,8701,2636249517,1513,7836
6001,639,2,8702,2637108510,-4728,-1206
6001,639,3,8703,2637967503,-1031,-7381
6001,640,0,8704,2638826496,1396,-3961
6001,640,1,8705,2639685489,-5547,4603
6001,640,2,8706,2640544482,-1278,6903
6001,640,3,8707,2641403475,1381,-1802
6001,641,0,8708,2642262468,1390,-2492
6001,641,1,8709,2643121461,7430,-809
6001,641,2,8710,2643980454,2829,2689
6001,641,3,8711,2644839447,1043,8324
6001,642,0,8712,2645698440,-729,1422
6001,642,1,8713,2646557433,-5727,1224
6001,642,2,8714,2647416426,-215,3128
6001,642,3,8715,2648275419,-3188,-3182
6001,643,0,8716,2649134412,-2332,-432
6001,643,1,8717,2649993405,4090,1357
6001,643,2,8718,2650852398,-5232,3302
6001,643,3,8719,2651711391,-4895,2471
6001,644,0,8720,2652570384,1426,-5449
6001,644,1,8721,2653429377,-3016,-2231
6001,644,2,8722,2654288370,-5099,1244
6001,644,3,8723,2655147363,-1530,4626
6001,645,0,8724,2656006356,4749,2288
6001,645,1,8725,2656865349,1582,-9511
6001,645,2,8726,2657724342,-3043,2452
6001,645,3,8727,2658583335,3547,12618
6001,646,0,8728,2659442328,2461,2519
6001,646,1,8729,2660301321,-5053,687
6001,646,2,8730,2661160314,-4506,1342
6001,646,3,8731,2662019307,-198,4211
6001,647,0,8732,2662878300,-644,2761
6001,647,1,8733,2663737293,-2554,-4289
6001,647,2,8734,2664596286,-20,-36
6001,647,3,8735,2665455279,-103,-769
6001,648,0,8736,2666314272,-838,-2230
6001,648,1,8737,2667173265,-2934,3780
6001,648,2,8738,2668032258,-5980,-1055
6001,648,3,8739,2668891251,-304,-6156
6001,649,0,8740,2669750244,1641,-266
6001,649,1,8741,2670609237,5456,3658
6001,649,2,8742,2671468230,12855,-1296
6001,649,3,8743,2672327223,2979,-3166
6001,650,0,8744,2673186216,-2012,-488
6001,650,1,8745,2674045209,3859,-2918
6001,650,2,8746,2674904202,3601,-509
6001,650,3,8747,2675763195,3712,2813
6001,651,0,8748,2676622188,-2172,-54
6001,651,1,8749,2677481181,-5183,681
6001,651,2,8750,2678340174,-337,1548
6001,651,3,8751,2679199167,-5786,1830
6001,652,0,8752,2680058160,-9527,-955
6001,652,1,8753,2680917153,-4126,-4170
6001,652,2,8754,2681776146,3156,2432
6001,652,3,8755,2682635139,6905,4282
6001,653,0,8756,2683494132,-518,-404
6001,653,1,8757,2684353125,-6287,-4328
6001,653,2,8758,2685212118,-6336,-10543
6001,653,3,8759,2686071111,-4228,-6009
6001,654,0,8760,2686930104,3222,2184
6001,654,1,8761,2687789097,1903,-864
6001,654,2,8762,2688648090,-3116,310
6001,654,3,8763,2689507083,28,4119
6001,655,0,8764,2690366076,-167,-1519
6001,655,1,8765,2691225069,-2592,-3511
6001,655,2,8766,2692084062,-2779,-879
6001,655,3,8767,2692943055,990,-4771
6001,656,0,8768,2693802048,4823,-5623
6001,656,1,8769,2694661041,-1881,1070
6001,656,2,8770,2695520034,-3602,4594
6001,656,3,8771,2696379027,2451,2737
6001,657,0,8772,2697238020,643,299
6001,657,1,8773,2698097013,-795,-2769
6001,657,2,8774,2698956006,-243,-5135
6001,657,3,8775,2699814999,1246,781
6001,658,0,8776,2700673992,3758,3898
6001,658,1,8777,2701532985,-1806,-2608
6001,658,2,8778,2702391978,-4036,-172
6001,658,3,8779,2703250971,1037,4982
6001,659,0,8780,2704109964,3594,3406
6001,659,1,8781,2704968957,5434,2714
6001,659,2,8782,2705827950,2959,953
6001,659,3,8783,2706686943,-349,340
6001,660,0,8784,2707545936,1879,-1422
6001,660,1,8785,2708404929,2116,-1251
6001,660,2,8786,2709263922,-1794,127
6001,660,3,8787,2710122915,-4451,-6242
6001,661,0,8788,2710981908,-1510,-2657
6001,661,1,8789,2711840901,4958,2054
6001,661,2,8790,2712699894,8258,-1935
6001,661,3,8791,2713558887,2849,1622
6001,662,0,8792,2714417880,-4014,-2973
6001,662,1,8793,2715276873,-2581,-6816
6001,662,2,8794,2716135866,-4527,-867
6001,662,3,8795,2716994859,-6983,-4732
6001,663,0,8796,2717853852,589,-3536
6001,663,1,8797,2718712845,4742,3305
6001,663,2,8798,2719571838,1844,1057
6001,663,3,8799,2720430831,-3725,-4993
6001,664,0,8800,2721289824,-2589,-1831
6001,664,1,8801,2722148817,2823,7467
6001,664,2,8802,2723007810,-2168,171
6001,664,3,8803,2723866803,-299,-4989
6001,665,0,8804,2724725796,3438,-1617
6001,665,1,8805,2725584789,-3720,-6579
6001,665,2,8806,2726443782,-3910,-2590
6001,665,3,8807,2727302775,-4569,-96
6001,666,0,8808,2728161768,-3804,725
6001,666,1,8809,2729020761,-1004,4007
6001,666,2,8810,2729879754,-2521,-2522
6001,666,3,8811,2730738747,3823,5448
6001,667,0,8812,2731597740,-1465,5670
6001,667,1,8813,2732456733,-5554,-7943
6001,667,2,8814,2733315726,2968,-1925
6001,667,3,8815,2734174719,-6719,-1129
6001,668,0,8816,2735033712,-4471,-58
6001,668,1,8817,2735892705,4374,742
6001,668,2,8818,2736751698,-7784,-9362
6001,668,3,8819,2737610691,-4578,-1376
6001,669,0,8820,2738469684,4648,-364
6001,669,1,8821,2739328677,3916,-3782
6001,669,2,8822,2740187670,92,7903
6001,669,3,8823,2741046663,-6127,1890
6001,670,0,8824,2741905656,-247,-3202
6001,670,1,8825,2742764649,-1233,5465
6001,670,2,8826,2743623642,-6321,2491
6001,670,3,8827,2744482635,3927,-4671
6001,671,0,8828,2745341628,5244,-1313
6001,671,1,8829,2746200621,2039,4652
6001,671,2,8830,2747059614,2462,1992
6001,671,3,8831,2747918607,-1033,4493
6001,672,0,8832,2748777600,-1317,3483
6001,672,1,8833,2749636593,-2868,-6102
6001,672,2,8834,2750495586,-2960,-729
6001,672,3,8835,2751354579,1728,-3726
6001,673,0,8836,2752213572,4928,-6571
6001,673,1,8837,2753072565,4952,5810
6001,673,2,8838,2753931558,675,-3698
6001,673,3,8839,2754790551,-1633,-9326
6001,674,0,8840,2755649544,-1494,-1292
6001,674,1,8841,2756508537,790,-3174
6001,674,2,8842,2757367530,2785,1102
6001,674,3,8843,2758226523,-412,-1369
6001,675,0,8844,2759085516,957,-2929
6001,675,1,8845,2759944509,2423,5969
6001,675,2,8846,2760803502,2646,-77
6001,675,3,8847,2761662495,6745,363
6001,676,0,8848,2762521488,3106,9899
6001,676,1,8849,2763380481,-688,7767
6001,676,2,8850,2764239474,-752,3768
6001,676,3,8851,2765098467,-2830,-109
6001,677,0,8852,2765957460,-1658,1575
6001,677,1,8853,2766816453,-2003,2608
6001,677,2,8854,2767675446,-863,-1741
6001,677,3,8855,2768534439,1221,4324
6001,678,0,8856,2769393432,-1855,4754
6001,678,1,8857,2770252425,-5270,-866
6001,678,2,8858,2771111418,-9240,6331
6001,678,3,8859,2771970411,-5068,5983
6001,679,0,8860,2772829404,-20,220
6001,679,1,8861,2773688397,-4348,4438
6001,679,2,8862,2774547390,1331,-336
6001,679,3,8863,2775406383,6131,-5695
6001,680,0,8864,2776265376,-1375,2505
6001,680,1,8865,2777124369,-2238,3663
6001,680,2,8866,2777983362,-733,1243
6001,680,3,8867,2778842355,-2687,1757
6001,681,0,8868,2779701348,-1311,-5100
6001,681,1,8869,2780560341,1046,-5246
6001,681,2,8870,2781419334,-1582,267
6001,681,3,8871,2782278327,-3899,-33
6001,682,0,8872,2783137320,5429,2667
6001,682,1,8873,2783996313,9459,2330
6001,682,2,8874,2784855306,-2999,229
6001,682,3,8875,2785714299,-4274,2125
6001,683,0,8876,2786573292,6276,-1279
6001,683,1,8877,2787432285,3527,-2290
6001,683,2,8878,2788291278,-3025,-738
6001,683,3,8879,2789150271,-2240,-1756
6001,684,0,8880,2790009264,-3588,619
6001,684,1,8881,2790868257,-704,-853
6001,684,2,8882,2791727250,3118,-2493
6001,684,3,8883,2792586243,-1227,2912
6001,685,0,8884,2793445236,3102,6341
6001,685,1,8885,2794304229,6088,3231
6001,685,2,8886,2795163222,-1256,-1509
6001,685,3,8887,2796022215,1356,3401
6001,686,0,8888,2796881208,505,6737
6001,686,1,8889,2797740201,-5204,57
6001,686,2,8890,2798599194,272,2495
6001,686,3,8891,2799458187,2910,2413
6001,687,0,8892,2800317180,2651,-4734
6001,687,1,8893,2801176173,3038,-660
6001,687,2,8894,2802035166,3088,-1879
6001,687,3,8895,2802894159,6402,-7745
6001,688,0,8896,2803753152,6234,-4546
6001,688,1,8897,2804612145,6453,-5061
6001,688,2,8898,2805471138,735,-4029
6001,688,3,8899,2806330131,-7665,709
6001,689,0,8900,2807189124,-337,-1853
6001,689,1,8901,2808048117,-1188,1654
6001,689,2,8902,2808907110,-9219,8609
6001,689,3,8903,2809766103,-1120,360
6001,690,0,8904,2810625096,4057,-3097
6001,690,1,8905,2811484089,2784,5410
6001,690,2,8906,2812343082,-648,1391
6001,690,3,8907,2813202075,-8014,-1533
6001,691,0,8908,2814061068,-5384,3118
6001,691,1,8909,2814920061,77,-2209
6001,691,2,8910,2815779054,-2431,-1601
6001,691,3,8911,2816638047,-2479,2781
6001,692,0,8912,2817497040,3386,-2085
6001,692,1,8913,2818356033,2536,-944
6001,692,2,8914,2819215026,-2327,3598
6001,692,3,8915,2820074019,2791,4576
6001,693,0,8916,2820933012,483,3137
6001,693,1,8917,2821792005,-6138,305
6001,693,2,8918,2822650998,2527,1298
6001,693,3,8919,2823509991,-181,-158
6001,694,0,8920,2824368984,-7110,-1785
6001,694,1,8921,2825227977,2543,2596
6001,694,2,8922,2826086970,-166,4452
6001,694,3,8923,2826945963,-6048,-1651
6001,695,0,8924,2827804956,3248,-7430
6001,695,1,8925,2828663949,3448,-902
6001,695,2,8926,2829522942,-3770,1513
6001,695,3,8927,2830381935,-124,-5194
6001,696,0,8928,2831240928,5301,-179
6001,696,1,8929,2832099921,-779,1563
6001,696,2,8930,2832958914,-5287,-2285
6001,696,3,8931,2833817907,1251,5079
6001,697,0,8932,2834676900,879,7519
6001,697,1,8933,2835535893,-2170,1352
6001,697,2,8934,2836394886,3744,-1069
6001,697,3,8935,2837253879,2309,2032
6001,698,0,8936,2838112872,-1232,3621
6001,698,1,8937,2838971865,1626,-668
6001,698,2,8938,2839830858,-2395,1628
6001,698,3,8939,2840689851,-1492,8344
6001,699,0,8940,2841548844,2289,3958
6001,699,1,8941,2842407837,-7131,-5897
6001,699,2,8942,2843266830,-3184,-5898
6001,699,3,8943,2844125823,7008,646
6001,700,0,8944,2844984816,-1670,2310
6001,700,1,8945,2845843809,-1128,3811
6001,700,2,8946,2846702802,3571,4188
6001,700,3,8947,2847561795,-1463,4167
6001,701,0,8948,2848420788,2653,4681
6001,701,1,8949,2849279781,1616,-6312
6001,701,2,8950,2850138774,-4056,-8804
6001,701,3,8951,2850997767,-673,-104
6001,702,0,8952,2851856760,846,-2364
6001,702,1,8953,2852715753,2561,1286
6001,702,2,8954,2853574746,1428,6320
6001,702,3,8955,2854433739,1776,1854
6001,703,0,8956,2855292732,6162,-1739
6001,703,1,8957,2856151725,-68,-8116
6001,703,2,8958,2857010718,-2334,-4137
6001,703,3,8959,2857869711,694,2791
6001,704,0,8960,2858728704,928,-5506
6001,704,1,8961,2859587697,4245,-4957
6001,704,2,8962,2860446690,1597,3606
6001,704,3,8963,2861305683,5139,650
6001,705,0,8964,2862164676,7416,-1935
6001,705,1,8965,2863023669,-6813,4286
6001,705,2,8966,2863882662,-4882,6550
6001,705,3,8967,2864741655,2616,1830
6001,706,0,8968,2865600648,-2957,248
6001,706,1,8969,2866459641,-1776,186
6001,706,2,8970,2867318634,-2619,-935
6001,706,3,8971,2868177627,-3116,-1669
6001,707,0,8972,2869036620,4806,898
6001,707,1,8973,2869895613,5487,3601
6001,707,2,8974,2870754606,1753,-3248
6001,707,3,8975,2871613599,-1847,-4047
6001,708,0,8976,2872472592,-4241,1291
6001,708,1,8977,2873331585,-531,-527
6001,708,2,8978,2874190578,-1309,1473
6001,708,3,8979,2875049571,-7397,-3126
6001,709,0,8980,2875908564,-4684,-9194
6001,709,1,8981,2876767557,-1209,-3765
6001,709,2,8982,2877626550,-3681,-4068
6001,709,3,8983,2878485543,-123,-1857
6001,710,0,8984,2879344536,-103,-182
6001,710,1,8985,2880203529,-2072,-6362
6001,710,2,8986,2881062522,4890,-4182
6001,710,3,8987,2881921515,-263,-1092
6001,711,0,8988,2882780508,-3288,872
6001,711,1,8989,2883639501,5255,5002
6001,711,2,8990,2884498494,-2713,8572
6001,711,3,8991,2885357487,-4751,8353
6001,712,0,8992,2886216480,1558,2029
6001,712,1,8993,2887075473,-2106,4147
6001,712,2,8994,2887934466,6570,2473
6001,712,3,8995,2888793459,8823,-5030
6001,713,0,8996,2889652452,-3343,-1332
6001,713,1,8997,2890511445,-1905,-5438
6001,713,2,8998,2891370438,928,-7844
6001,713,3,8999,2892229431,2129,515
6001,714,0,9000,2893088424,4527,1928
6001,714,1,9001,2893947417,1006,263
6001,714,2,9002,2894806410,2118,-4961
6001,714,3,9003,2895665403,2346,-2674
6001,715,0,9004,2896524396,-131,3069
6001,715,1,9005,2897383389,1861,-1535
6001,715,2,9006,2898242382,384,3399
6001,715,3,9007,2899101375,132,6995
6001,716,0,9008,2899960368,1602,640
6001,716,1,9009,2900819361,-1239,207
6001,716,2,9010,2901678354,-1764,718
6001,716,3,9011,2902537347,-1460,1274
6001,717,0,9012,2903396340,19,201
6001,717,1,9013,2904255333,2228,-141
6001,717,2,9014,2905114326,-622,1887
6001,717,3,9015,2905973319,-550,843
6001,718,0,9016,2906832312,-33,1128
6001,718,1,9017,2907691305,-1051,-320
6001,718,2,9018,2908550298,5423,3219
6001,718,3,9019,2909409291,3813,6373
6001,719,0,9020,2910268284,-4365,-1021
6001,719,1,9021,2911127277,2190,2051
6001,719,2,9022,2911986270,6705,4107
6001,719,3,9023,2912845263,247,-2243
6001,720,0,9024,2913704256,524,680
6001,720,1,9025,2914563249,5060,-60
6001,720,2,9026,2915422242,4682,-1373
6001,720,3,9027,2916281235,1832,2112
6001,721,0,9028,2917140228,-1048,-96
6001,721,1,9029,2917999221,-3714,-993
6001,721,2,9030,2918858214,-1382,-54
6001,721,3,9031,2919717207,2185,752
6001,722,0,9032,2920576200,-1370,2022
6001,722,1,9033,2921435193,644,911
6001,722,2,9034,2922294186,5474,-1033
6001,722,3,9035,2923153179,-1511,-3717
6001,723,0,9036,2924012172,-4139,-3771
6001,723,1,9037,2924871165,-2913,-1695
6001,723,2,9038,2925730158,-7490,-2858
6001,723,3,9039,2926589151,-3028,-3791
6001,724,0,9040,2927448144,3310,-2012
6001,724,1,9041,2928307137,1358,-3460
6001,724,2,9042,2929166130,1212,-3522
6001,724,3,9043,2930025123,-713,4050
6001,725,0,9044,2930884116,-5171,3845
6001,725,1,9045,2931743109,-2895,-2040
6001,725,2,9046,2932602102,16,-1098
6001,725,3,9047,2933461095,-1351,-683
6001,726,0,9048,2934320088,-2137,252
6001,726,1,9049,2935179081,-5111,-2332
6001,726,2,9050,2936038074,-6413,-2386
6001,726,3,9051,2936897067,-2440,4578
6001,727,0,9052,2937756060,-3381,-1104
6001,727,1,9053,2938615053,-1420,69
6001,727,2,9054,2939474046,4396,6729
6001,727,3,9055,2940333039,-2904,-2477
6001,728,0,9056,2941192032,-5675,-1575
6001,728,1,9057,2942051025,5484,-1511
6001,728,2,9058,2942910018,4636,-7342
6001,728,3,9059,2943769011,-2235,354
6001,729,0,9060,2944628004,3935,62
6001,729,1,9061,2945486997,5550,-3225
6001,729,2,9062,2946345990,-2542,-1493
6001,729,3,9063,2947204983,497,-2804
6001,730,0,9064,2948063976,3658,366
6001,730,1,9065,2948922969,-2928,-85
6001,730,2,9066,2949781962,-2669,-131
6001,730,3,9067,2950640955,-2107,2568
6001,731,0,9068,2951499948,-3286,-1519
6001,731,1,9069,2952358941,1639,-2163
6001,731,2,9070,2953217934,4739,1136
6001,731,3,9071,2954076927,6889,4450
6001,732,0,9072,2954935920,3989,4919
6001,732,1,9073,2955794913,-1096,233
6001,732,2,9074,2956653906,-523,-2733
6001,732,3,9075,2957512899,-5530,-3866
6001,733,0,9076,2958371892,-5339,-712
6001,733,1,9077,2959230885,1615,2773
6001,733,2,9078,2960089878,-3827,3764
6001,733,3,9079,2960948871,-8140,7139
6001,734,0,9080,2961807864,-1749,2735
6001,734,1,9081,2962666857,3050,-3735
6001,734,2,9082,2963525850,1411,-2522
6001,734,3,9083,2964384843,1798,-3570
6001,735,0,9084,2965243836,5651,-3799
6001,735,1,9085,2966102829,3216,1411
6001,735,2,9086,2966961822,2942,4267
6001,735,3,9087,2967820815,2754,2847
6001,736,0,9088,2968679808,-2828,3056
6001,736,1,9089,2969538801,365,1741
6001,736,2,9090,2970397794,-121,-2191
6001,736,3,9091,2971256787,-6240,840
6001,737,0,9092,2972115780,-343,2656
6001,737,1,9093,2972974773,4871,274
6001,737,2,9094,2973833766,831,-222
6001,737,3,9095,2974692759,-1510,-4730
6001,738,0,9096,2975551752,3191,-4009
6001,738,1,9097,2976410745,4184,1147
6001,738,2,9098,2977269738,2601,676
6001,738,3,9099,2978128731,6402,2358
6001,739,0,9100,2978987724,859,2439
6001,739,1,9101,2979846717,-2208,-126
6001,739,2,9102,2980705710,2508,134
6001,739,3,9103,2981564703,-2098,-377
6001,740,0,9104,2982423696,432,-858
6001,740,1,9105,2983282689,1943,914
6001,740,2,9106,2984141682,-2529,3262
6001,740,3,9107,2985000675,1541,-1758
6001,741,0,9108,2985859668,-235,-3702
6001,741,1,9109,2986718661,3239,5512
6001,741,2,9110,2987577654,5123,1506
6001,741,3,9111,2988436647,-3045,-4363
6001,742,0,9112,2989295640,3900,3616
6001,742,1,9113,2990154633,1528,610
6001,742,2,9114,2991013626,-4845,-3393
6001,742,3,9115,2991872619,2638,2658
6001,743,0,9116,2992731612,-2442,-1434
6001,743,1,9117,2993590605,1993,-5843
6001,743,2,9118,2994449598,12372,-1391
6001,743,3,9119,2995308591,2959,-4503
6001,744,0,9120,2996167584,-1462,-6619
6001,744,1,9121,2997026577,1033,1633
6001,744,2,9122,2997885570,2674,-206
6001,744,3,9123,2998744563,861,-4200
6001,745,0,9124,2999603556,-2558,3915
6001,745,1,9125,3000462549,1195,3345
6001,745,2,9126,3001321542,-2000,-1206
6001,745,3,9127,3002180535,-3859,-103
6001,746,0,9128,3003039528,2271,-3968
6001,746,1,9129,3003898521,2551,-5026
6001,746,2,9130,3004757514,3883,-1662
6001,746,3,9131,3005616507,2740,2532
6001,747,0,9132,3006475500,1658,1030
6001,747,1,9133,3007334493,3051,-9360
6001,747,2,9134,3008193486,-3127,-3416
6001,747,3,9135,3009052479,-2246,6317
6001,748,0,9136,3009911472,3475,-3951
6001,748,1,9137,3010770465,4033,-6865
6001,748,2,9138,3011629458,3953,-169
6001,748,3,9139,3012488451,-906,877
6001,749,0,9140,3013347444,-2830,1207
6001,749,1,9141,3014206437,-1914,-3579
6001,749,2,9142,3015065430,-2666,-6997
6001,749,3,9143,3015924423,1937,-853
6001,750,0,9144,3016783416,3150,4385
6001,750,1,9145,3017642409,-808,4942
6001,750,2,9146,3018501402,-2140,960
6001,750,3,9147,3019360395,-1870,-5106
6001,751,0,9148,3020219388,-1570,-1810
6001,751,1,9149,3021078381,-2665,8283
6001,751,2,9150,3021937374,-1977,7451
6001,751,3,9151,3022796367,3370,-2052
6001,752,0,9152,3023655360,8338,-5008
6001,752,1,9153,3024514353,3595,-3336
6001,752,2,9154,3025373346,-1668,-1325
6001,752,3,9155,3026232339,5059,603
6001,753,0,9156,3027091332,4384,-333
6001,753,1,9157,3027950325,-3638,-1153
6001,753,2,9158,3028809318,-3822,-249
6001,753,3,9159,3029668311,-4325,-207
6001,754,0,9160,3030527304,-199,-4990
6001,754,1,9161,3031386297,4102,-9520
6001,754,2,9162,3032245290,-1580,-4302
6001,754,3,9163,3033104283,-4416,-1110
6001,755,0,9164,3033963276,-3626,-4009
6001,755,1,9165,3034822269,-1327,-1429
6001,755,2,9166,3035681262,1074,3253
6001,755,3,9167,3036540255,879,7046
6001,756,0,9168,3037399248,2808,6004
6001,756,1,9169,3038258241,2253,1303
6001,756,2,9170,3039117234,172,2877
6001,756,3,9171,3039976227,118,2458
6001,757,0,9172,3040835220,2948,-2260
6001,757,1,9173,3041694213,6246,-4292
6001,757,2,9174,3042553206,-110,-1470
6001,757,3,9175,3043412199,-839,3932
6001,758,0,9176,3044271192,6086,278
6001,758,1,9177,3045130185,-1217,-989
6001,758,2,9178,3045989178,-5703,2357
6001,758,3,9179,3046848171,2777,-2949
6001,759,0,9180,3047707164,2077,-962
6001,759,1,9181,3048566157,-3646,-2283
6001,759,2,9182,3049425150,2933,-9693
6001,759,3,9183,3050284143,6415,-2745
6001,760,0,9184,3051143136,-1627,-3584
6001,760,1,9185,3052002129,-992,-6007
6001,760,2,9186,3052861122,-221,110
6001,760,3,9187,3053720115,-3766,-2848
6001,761,0,9188,3054579108,-869,-19
6001,761,1,9189,3055438101,-4026,108
6001,761,2,9190,3056297094,-840,-6035
6001,761,3,9191,3057156087,6113,840
6001,762,0,9192,3058015080,-1274,1941
6001,762,1,9193,3058874073,-821,-5349
6001,762,2,9194,3059733066,2115,-6485
6001,762,3,9195,3060592059,-1127,580
6001,763,0,9196,3061451052,-2956,4279
6001,763,1,9197,3062310045,-6363,-997
6001,763,2,9198,3063169038,203,7707
6001,763,3,9199,3064028031,2824,9440
6001,764,0,9200,3064887024,504,-4216
6001,764,1,9201,3065746017,6156,-496
6001,764,2,9202,3066605010,1265,-3096
6001,764,3,9203,3067464003,2069,-6254
6001,765,0,9204,3068322996,6170,5082
6001,765,1,9205,3069181989,-1874,-759
6001,765,2,9206,3070040982,1451,-3621
6001,765,3,9207,3070899975,1369,2634
6001,766,0,9208,3071758968,-3327,-773
6001,766,1,9209,3072617961,1627,-92
6001,766,2,9210,3073476954,-1233,-1629
6001,766,3,9211,3074335947,-328,-2956
6001,767,0,9212,3075194940,5249,1596
6001,767,1,9213,3076053933,-613,-1432
6001,767,2,9214,3076912926,-3610,-3227
6001,767,3,9215,3077771919,3137,1367
6001,768,0,9216,3078630912,3296,1148
6001,768,1,9217,3079489905,-3429,-3771
6001,768,2,9218,3080348898,1177,-2081
6001,768,3,9219,3081207891,3280,985
6001,769,0,9220,3082066884,-965,-1655
6001,769,1,9221,3082925877,2143,1821
6001,769,2,9222,3083784870,-2076,1325
6001,769,3,9223,3084643863,585,-3282
6001,770,0,9224,3085502856,3821,1038
6001,770,1,9225,3086361849,-6969,-2090
6001,770,2,9226,3087220842,1883,-5176
6001,770,3,9227,3088079835,4999,-2041
6001,771,0,9228,3088938828,-2977,-5409
6001,771,1,9229,3089797821,3908,-3477
6001,771,2,9230,3090656814,-6303,800
6001,771,3,9231,3091515807,-10364,2106
6001,772,0,9232,3092374800,2760,5179
6001,772,1,9233,3093233793,-1312,4817
6001,772,2,9234,3094092786,-1746,2356
6001,772,3,9235,3094951779,4468,-3436
6001,773,0,9236,3095810772,5663,-3028
6001,773,1,9237,3096669765,739,2459
6001,773,2,9238,3097528758,-4321,-3856
6001,773,3,9239,3098387751,4369,-3641
6001,774,0,9240,3099246744,3464,3615
6001,774,1,9241,3100105737,-798,1304
6001,774,2,9242,3100964730,4276,1847
6001,774,3,9243,3101823723,411,1299
6001,775,0,9244,3102682716,4146,-1764
6001,775,1,9245,3103541709,5828,395
6001,775,2,9246,3104400702,-597,-5044
6001,775,3,9247,3105259695,6414,-8168
6001,776,0,9248,3106118688,5492,1167
6001,776,1,9249,3106977681,-150,-221
6001,776,2,9250,3107836674,1717,-5078
6001,776,3,9251,3108695667,153,4466
6001,777,0,9252,3109554660,1259,3471
6001,777,1,9253,3110413653,-1311,-5707
6001,777,2,9254,3111272646,-4090,549
6001,777,3,9255,3112131639,624,1546
6001,778,0,9256,3112990632,1693,-6755
6001,778,1,9257,3113849625,1205,-5019
6001,778,2,9258,3114708618,-1433,187
6001,778,3,9259,3115567611,-3160,1314
6001,779,0,9260,3116426604,-1650,-1075
6001,779,1,9261,3117285597,-5590,-1020
6001,779,2,9262,3118144590,-7354,1863
6001,779,3,9263,3119003583,-4313,652
6001,780,0,9264,3119862576,429,377
6001,780,1,9265,3120721569,5008,1498
6001,780,2,9266,3121580562,3264,3282
6001,780,3,9267,3122439555,3635,1614
6001,781,0,9268,3123298548,7065,-6647
6001,781,1,9269,3124157541,5485,-3991
6001,781,2,9270,3125016534,2356,3494
6001,781,3,9271,3125875527,1469,3426
6001,782,0,9272,3126734520,2615,3538
6001,782,1,9273,3127593513,-235,-2362
6001,782,2,9274,3128452506,-3059,-5617
6001,782,3,9275,3129311499,1009,495
6001,783,0,9276,3130170492,2100,-2558
6001,783,1,9277,3131029485,1137,-9424
6001,783,2,9278,3131888478,1369,-5956
6001,783,3,9279,3132747471,-4476,3087
6001,784,0,9280,3133606464,-7650,6339
6001,784,1,9281,3134465457,117,1814
6001,784,2,9282,3135324450,5756,-544
6001,784,3,9283,3136183443,1424,1718
6001,785,0,9284,3137042436,-3581,3059
6001,785,1,9285,3137901429,-5371,-231
6001,785,2,9286,3138760422,-1939,-2424
6001,785,3,9287,3139619415,6487,-531
6001,786,0,9288,3140478408,5604,59
6001,786,1,9289,3141337401,290,2511
6001,786,2,9290,3142196394,-115,2257
6001,786,3,9291,3143055387,-1727,-2783
6001,787,0,9292,3143914380,3206,-5864
6001,787,1,9293,3144773373,4345,-6046
6001,787,2,9294,3145632366,-4580,2590
6001,787,3,9295,3146491359,1456,3869
6001,788,0,9296,3147350352,8495,-5853
6001,788,1,9297,3148209345,317,-2647
6001,788,2,9298,3149068338,-3759,-538
6001,788,3,9299,3149927331,-922,-4143
6001,789,0,9300,3150786324,3028,-4028
6001,789,1,9301,3151645317,3385,-4551
6001,789,2,9302,3152504310,1454,2096
6001,789,3,9303,3153363303,2296,2772
6001,790,0,9304,3154222296,-2179,-657
6001,790,1,9305,3155081289,-3966,3886
6001,790,2,9306,3155940282,2798,-779
6001,790,3,9307,3156799275,813,-3423
6001,791,0,9308,3157658268,-3009,-288
6001,791,1,9309,3158517261,5007,-1139
6001,791,2,9310,3159376254,5285,-2898
6001,791,3,9311,3160235247,-3448,-11023
6001,792,0,9312,3161094240,2495,-7109
6001,792,1,9313,3161953233,4482,1923
6001,792,2,9314,3162812226,-3780,-1366
6001,792,3,9315,3163671219,3318,2257
6001,793,0,9316,3164530212,1784,604
6001,793,1,9317,3165389205,-6203,-3218
6001,793,2,9318,3166248198,3849,1350
6001,793,3,9319,3167107191,-166,-3203
6001,794,0,9320,3167966184,-7817,-2159
6001,794,1,9321,3168825177,1923,-185
6001,794,2,9322,3169684170,2387,-3038
6001,794,3,9323,3170543163,-1857,2977
6001,795,0,9324,3171402156,-1761,154
6001,795,1,9325,3172261149,-92,-1998
6001,795,2,9326,3173120142,1609,2241
6001,795,3,9327,3173979135,-968,-1842
6001,796,0,9328,3174838128,580,724
6001,796,1,9329,3175697121,-1173,1691
6001,796,2,9330,3176556114,-5079,-4624
6001,796,3,9331,3177415107,-1955,-2852
6001,797,0,9332,3178274100,-2617,-2610
6001,797,1,9333,3179133093,726,-4873
6001,797,2,9334,3179992086,5418,-1377
6001,797,3,9335,3180851079,987,-61
6001,798,0,9336,3181710072,-1901,-4066
6001,798,1,9337,3182569065,-2570,-788
6001,798,2,9338,3183428058,554,6243
6001,798,3,9339,3184287051,2747,922
6001,799,0,9340,3185146044,-1157,-1034
6001,799,1,9341,3186005037,-1792,3998
6001,799,2,9342,3186864030,-2974,-275
6001,799,3,9343,3187723023,-5157,-1640
6001,800,0,9344,3188582016,-3359,-1310
6001,800,1,9345,3189441009,443,-6329
6001,800,2,9346,3190300002,2693,-4207
6001,800,3,9347,3191158995,1778,-1744
6001,801,0,9348,3192017988,2383,-4363
6001,801,1,9349,3192876981,-597,299
6001,801,2,9350,3193735974,-3735,9458
6001,801,3,9351,3194594967,-1906,7140
6001,802,0,9352,3195453960,-3294,-279
6001,802,1,9353,3196312953,905,3336
6001,802,2,9354,3197171946,5953,4794
6001,802,3,9355,3198030939,3301,-262
6001,803,0,9356,3198889932,1142,770
6001,803,1,9357,3199748925,-4662,-623
6001,803,2,9358,3200607918,-7396,-4442
6001,803,3,9359,3201466911,-3780,-4085
6001,804,0,9360,3202325904,272,-3062
6001,804,1,9361,3203184897,3149,1377
6001,804,2,9362,3204043890,-845,3340
6001,804,3,9363,3204902883,36,2135
6001,805,0,9364,3205761876,2098,3193
6001,805,1,9365,3206620869,-1789,-1869
6001,805,2,9366,3207479862,1391,-3014
6001,805,3,9367,3208338855,2846,2208
6001,806,0,9368,3209197848,1084,-4494
6001,806,1,9369,3210056841,-942,-5757
6001,806,2,9370,3210915834,-856,2355
6001,806,3,9371,3211774827,4946,-4735
6001,807,0,9372,3212633820,496,-7837
6001,807,1,9373,3213492813,1585,3118
6001,807,2,9374,3214351806,5544,3226
6001,807,3,9375,3215210799,-6524,-1483
6001,808,0,9376,3216069792,-2527,671
6001,808,1,9377,3216928785,3860,2489
6001,808,2,9378,3217787778,-3302,3640
6001,808,3,9379,3218646771,2735,4940
6001,809,0,9380,3219505764,5380,4224
6001,809,1,9381,3220364757,771,2400
6001,809,2,9382,3221223750,1190,1258
6001,809,3,9383,3222082743,748,-203
6001,810,0,9384,3222941736,2840,774
6001,810,1,9385,3223800729,36,5753
6001,810,2,9386,3224659722,-4088,3840
6001,810,3,9387,3225518715,1438,-2005
6001,811,0,9388,3226377708,3423,-2487
6001,811,1,9389,3227236701,473,-3784
6001,811,2,9390,3228095694,3526,-529
6001,811,3,9391,3228954687,6052,5705
6001,812,0,9392,3229813680,3010,2913
6001,812,1,9393,3230672673,4303,1904
6001,812,2,9394,3231531666,5058,1351
6001,812,3,9395,3232390659,-327,-4967
6001,813,0,9396,3233249652,-1386,-2016
6001,813,1,9397,3234108645,-1048,2561
6001,813,2,9398,3234967638,-1770,-1237
6001,813,3,9399,3235826631,29,141
6001,814,0,9400,3236685624,2118,3210
6001,814,1,9401,3237544617,1385,1370
6001,814,2,9402,3238403610,-2390,-269
6001,814,3,9403,3239262603,-1124,-3929
6001,815,0,9404,3240121596,-1191,-5421
6001,815,1,9405,3240980589,-1939,-1059
6001,815,2,9406,3241839582,2418,-285
6001,815,3,9407,3242698575,-4472,-4141
6001,816,0,9408,3243557568,-5199,-2679
6001,816,1,9409,3244416561,3189,3206
6001,816,2,9410,3245275554,-5166,627
6001,816,3,9411,3246134547,-7036,-4109
6001,817,0,9412,3246993540,328,-83
6001,817,1,9413,3247852533,-684,945
6001,817,2,9414,3248711526,-695,323
6001,817,3,9415,3249570519,-1220,1773
6001,818,0,9416,3250429512,-1144,-1578
6001,818,1,9417,3251288505,-65,-850
6001,818,2,9418,3252147498,-666,1827
6001,818,3,9419,3253006491,-71,1742
6001,819,0,9420,3253865484,204,1798
6001,819,1,9421,3254724477,-352,-1123
6001,819,2,9422,3255583470,-5537,1544
6001,819,3,9423,3256442463,-4951,2275
6001,820,0,9424,3257301456,781,-2481
6001,820,1,9425,3258160449,-2283,828
6001,820,2,9426,3259019442,-32,-1644
6001,820,3,9427,3259878435,4167,-4767
6001,821,0,9428,3260737428,390,-828
6001,821,1,9429,3261596421,-3069,-3035
6001,821,2,9430,3262455414,-2682,-2181
6001,821,3,9431,3263314407,5282,-3150
6001,822,0,9432,3264173400,6945,-2280
6001,822,1,9433,3265032393,2677,3691
6001,822,2,9434,3265891386,2126,-7435
6001,822,3,9435,3266750379,-3756,-8336
6001,823,0,9436,3267609372,-4030,3371
6001,823,1,9437,3268468365,-1817,-317
6001,823,2,9438,3269327358,-5358,5185
6001,823,3,9439,3270186351,-6522,8248
6001,824,0,9440,3271045344,-7345,-2322
6001,824,1,9441,3271904337,-1232,1761
6001,824,2,9442,3272763330,1799,2027
6001,824,3,9443,3273622323,745,-6025
6001,825,0,9444,3274481316,6526,-1979
6001,825,1,9445,3275340309,1899,549
6001,825,2,9446,3276199302,226,-982
6001,825,3,9447,3277058295,5377,1524
6001,826,0,9448,3277917288,3473,371
6001,826,1,9449,3278776281,9020,-306
6001,826,2,9450,3279635274,8056,5000
6001,826,3,9451,3280494267,-363,3235
6001,827,0,9452,3281353260,406,-377
6001,827,1,9453,3282212253,328,3960
6001,827,2,9454,3283071246,3379,1633
6001,827,3,9455,3283930239,3968,-2780
6001,828,0,9456,3284789232,-4269,-3159
6001,828,1,9457,3285648225,-4206,-4691
6001,828,2,9458,3286507218,1999,807
6001,828,3,9459,3287366211,2465,2812
6001,829,0,9460,3288225204,515,1081
6001,829,1,9461,3289084197,1066,3398
6001,829,2,9462,3289943190,-1617,-1288
6001,829,3,9463,3290802183,-4442,4087
6001,830,0,9464,3291661176,-1847,10238
6001,830,1,9465,3292520169,-938,-4733
6001,830,2,9466,3293379162,-2084,-6831
6001,830,3,9467,3294238155,-4136,423
6001,831,0,9468,3295097148,772,-4893
6001,831,1,9469,3295956141,5882,-4291
6001,831,2,9470,3296815134,-1903,81
6001,831,3,9471,3297674127,1962,699
6001,832,0,9472,3298533120,8680,-1804
6001,832,1,9473,3299392113,653,-6386
6001,832,2,9474,3300251106,-2084,-2489
6001,832,3,9475,3301110099,-5536,1477
6001,833,0,9476,3301969092,-4157,-1295
6001,833,1,9477,3302828085,2103,-2045
6001,833,2,9478,3303687078,-254,34
6001,833,3,9479,3304546071,7564,934
6001,834,0,9480,3305405064,8172,-3192
6001,834,1,9481,3306264057,-4236,-2228
6001,834,2,9482,3307123050,-3846,3181
6001,834,3,9483,3307982043,-4545,-853
6001,835,0,9484,3308841036,-4276,823
6001,835,1,9485,3309700029,-941,4039
6001,835,2,9486,3310559022,-3808,-5099
6001,835,3,9487,3311418015,3898,-1979
6001,836,0,9488,3312277008,9802,4998
6001,836,1,9489,3313136001,-1675,-183
6001,836,2,9490,3313994994,-7943,3146
6001,836,3,9491,3314853987,-1914,4451
6001,837,0,9492,3315712980,528,-1736
6001,837,1,9493,3316571973,-2381,1713
6001,837,2,9494,3317430966,-3045,376
6001,837,3,9495,3318289959,-1109,-4471
6001,838,0,9496,3319148952,284,1200
6001,838,1,9497,3320007945,-5626,2892
6001,838,2,9498,3320866938,-7213,511
6001,838,3,9499,3321725931,2970,3404
6001,839,0,9500,3322584924,905,2703
6001,839,1,9501,3323443917,-3252,-3923
6001,839,2,9502,3324302910,4102,-3644
6001,839,3,9503,3325161903,1693,3658
6001,840,0,9504,3326020896,-1511,-980
6001,840,1,9505,3326879889,4485,-7198
6001,840,2,9506,3327738882,5201,2851
6001,840,3,9507,3328597875,-2346,3942
6001,841,0,9508,3329456868,-4851,-2136
6001,841,1,9509,3330315861,3250,4772
6001,841,2,9510,3331174854,2069,2389
6001,841,3,9511,3332033847,-2851,-3038
6001,842,0,9512,3332892840,1743,4747
6001,842,1,9513,3333751833,-1406,2693
6001,842,2,9514,3334610826,-5634,-1701
6001,842,3,9515,3335469819,-3005,3316
6001,843,0,9516,3336328812,-710,-776
6001,843,1,9517,3337187805,920,-4975
6001,843,2,9518,3338046798,-1440,2014
6001,843,3,9519,3338905791,1181,2902
6001,844,0,9520,3339764784,3067,-1334
6001,844,1,9521,3340623777,-1080,4356
6001,844,2,9522,3341482770,3574,7804
6001,844,3,9523,3342341763,1401,2083
6001,845,0,9524,3343200756,-6396,11
6001,845,1,9525,3344059749,-378,-4002
6001,845,2,9526,3344918742,1442,-1886
6001,845,3,9527,3345777735,-4013,11002
6001,846,0,9528,3346636728,-2169,5020
6001,846,1,9529,3347495721,1517,-2064
6001,846,2,9530,3348354714,2178,6819
6001,846,3,9531,3349213707,3235,818
6001,847,0,9532,3350072700,2705,-7851
6001,847,1,9533,3350931693,1326,-7166
6001,847,2,9534,3351790686,4314,-9152
6001,847,3,9535,3352649679,1999,-4938
6001,848,0,9536,3353508672,-1403,-2463
6001,848,1,9537,3354367665,3219,-4511
6001,848,2,9538,3355226658,-1471,-2289
6001,848,3,9539,3356085651,-4038,-101
6001,849,0,9540,3356944644,2302,4166
6001,849,1,9541,3357803637,-4479,3355
6001,849,2,9542,3358662630,-5752,-138
6001,849,3,9543,3359521623,1927,1066
6001,850,0,9544,3360380616,-3425,-3456
6001,850,1,9545,3361239609,-7647,-2196
6001,850,2,9546,3362098602,-3354,2946
6001,850,3,9547,3362957595,586,-2870
6001,851,0,9548,3363816588,1311,-1461
6001,851,1,9549,3364675581,605,3756
6001,851,2,9550,3365534574,2210,1516
6001,851,3,9551,3366393567,2166,2552
6001,852,0,9552,3367252560,1011,-1967
6001,852,1,9553,3368111553,-777,-7439
6001,852,2,9554,3368970546,-1028,2341
6001,852,3,9555,3369829539,1456,5127
6001,853,0,9556,3370688532,-4195,-6192
6001,853,1,9557,3371547525,-6113,-6064
6001,853,2,9558,3372406518,875,2569
6001,853,3,9559,3373265511,598,2717
6001,854,0,9560,3374124504,3016,-2339
6001,854,1,9561,3374983497,6099,-1943
6001,854,2,9562,3375842490,448,2810
6001,854,3,9563,3376701483,-1035,1680
6001,855,0,9564,3377560476,-1856,2425
6001,855,1,9565,3378419469,-2686,3924
6001,855,2,9566,3379278462,2229,-6215
6001,855,3,9567,3380137455,1057,-4425
6001,856,0,9568,3380996448,-2625,5823
6001,856,1,9569,3381855441,-373,951
6001,856,2,9570,3382714434,-2522,4387
6001,856,3,9571,3383573427,-3552,11610
6001,857,0,9572,3384432420,2530,5746
6001,857,1,9573,3385291413,-1619,3589
6001,857,2,9574,3386150406,-5722,1523
6001,857,3,9575,3387009399,1201,-462
6001,858,0,9576,3387868392,-454,2560
6001,858,1,9577,3388727385,-1822,2321
6001,858,2,9578,3389586378,1532,2438
6001,858,3,9579,3390445371,-2148,2251
6001,859,0,9580,3391304364,-5885,3175
6001,859,1,9581,3392163357,-10185,2539
6001,859,2,9582,3393022350,-5364,-5086
6001,859,3,9583,3393881343,233,-4021
6001,860,0,9584,3394740336,-6328,365
6001,860,1,9585,3395599329,-27,-1900
6001,860,2,9586,3396458322,3139,-523
6001,860,3,9587,3397317315,-2596,-1360
6001,861,0,9588,3398176308,2056,-2675
6001,861,1,9589,3399035301,1578,713
6001,861,2,9590,3399894294,7336,-1283
6001,861,3,9591,3400753287,6749,-2560
6001,862,0,9592,3401612280,-7129,-1552
6001,862,1,9593,3402471273,1337,-6335
6001,862,2,9594,3403330266,4587,-4883
6001,862,3,9595,3404189259,434,2024
6001,863,0,9596,3405048252,6954,775
6001,863,1,9597,3405907245,-328,1583
6001,863,2,9598,3406766238,-4593,3536
6001,863,3,9599,3407625231,-2234,-1019
6001,864,0,9600,3408484224,-5110,-313
6001,864,1,9601,3409343217,-2091,-3461
6001,864,2,9602,3410202210,2310,-7226
6001,864,3,9603,3411061203,1518,4537
6001,865,0,9604,3411920196,-4376,5555
6001,865,1,9605,3412779189,841,-1593
6001,865,2,9606,3413638182,3181,4954
6001,865,3,9607,3414497175,-7283,4965
6001,866,0,9608,3415356168,-80,-3745
6001,866,1,9609,3416215161,365,-5512
6001,866,2,9610,3417074154,-229,1769
6001,866,3,9611,3417933147,12165,5028
6001,867,0,9612,3418792140,648,-3002
6001,867,1,9613,3419651133,-935,1389
6001,867,2,9614,3420510126,5210,7343
6001,867,3,9615,3421369119,-572,-2255
6001,868,0,9616,3422228112,8763,-74
6001,868,1,9617,3423087105,-203,4562
6001,868,2,9618,3423946098,-9004,-901
6001,868,3,9619,3424805091,2794,474
6001,869,0,9620,3425664084,-1938,2477
6001,869,1,9621,3426523077,-931,3293
6001,869,2,9622,3427382070,2516,4455
6001,869,3,9623,3428241063,2331,2835
6001,870,0,9624,3429100056,8073,1631
6001,870,1,9625,3429959049,1370,-2915
6001,870,2,9626,3430818042,3021,-2927
6001,870,3,9627,3431677035,3497,1850
6001,871,0,9628,3432536028,-7765,661
6001,871,1,9629,3433395021,-357,1125
6001,871,2,9630,3434254014,6863,1988
6001,871,3,9631,3435113007,181,-724
6001,872,0,9632,3435972000,-5119,-2717
6001,872,1,9633,3436830993,585,-2827
6001,872,2,9634,3437689986,7519,3173
6001,872,3,9635,3438548979,3042,5003
6001,873,0,9636,3439407972,5893,-34
6001,873,1,9637,3440266965,6359,1944
6001,873,2,9638,3441125958,-2006,35
6001,873,3,9639,3441984951,-1503,-7847
6001,874,0,9640,3442843944,-3503,-5350
6001,874,1,9641,3443702937,519,-126
6001,874,2,9642,3444561930,7978,1316
6001,874,3,9643,3445420923,2010,2139
6001,875,0,9644,3446279916,-146,-1466
6001,875,1,9645,3447138909,842,-2974
6001,875,2,9646,3447997902,-113,247
6001,875,3,9647,3448856895,-1265,-1427
6001,876,0,9648,3449715888,-4361,-4037
6001,876,1,9649,3450574881,-4440,-2538
6001,876,2,9650,3451433874,-5288,152
6001,876,3,9651,3452292867,-288,3412
6001,877,0,9652,3453151860,4281,1757
6001,877,1,9653,3454010853,-3672,-1869
6001,877,2,9654,3454869846,-3195,-988
6001,877,3,9655,3455728839,4251,-1557
6001,878,0,9656,3456587832,3632,-913
6001,878,1,9657,3457446825,298,50
6001,878,2,9658,3458305818,-3013,-1743
6001,878,3,9659,3459164811,-3289,3687
6001,879,0,9660,3460023804,-931,4236
6001,879,1,9661,3460882797,2460,-5460
6001,879,2,9662,3461741790,4387,-4518
6001,879,3,9663,3462600783,2063,1731
6001,880,0,9664,3463459776,3604,1532
6001,880,1,9665,3464318769,3004,-314
6001,880,2,9666,3465177762,-3439,784
6001,880,3,9667,3466036755,-479,3303
6001,881,0,9668,3466895748,1356,-804
6001,881,1,9669,3467754741,-3675,-2961
6001,881,2,9670,3468613734,4191,1108
6001,881,3,9671,3469472727,12456,1569
6001,882,0,9672,3470331720,7896,3670
6001,882,1,9673,3471190713,2131,1973
6001,882,2,9674,3472049706,-5313,-4300
6001,882,3,9675,3472908699,-5495,-2877
6001,883,0,9676,3473767692,4031,999
6001,883,1,9677,3474626685,5490,7169
6001,883,2,9678,3475485678,1386,7693
6001,883,3,9679,3476344671,-1215,1118
6001,884,0,9680,3477203664,532,4112
6001,884,1,9681,3478062657,1852,3532
6001,884,2,9682,3478921650,-3380,-1959
6001,884,3,9683,3479780643,-2151,-2927
6001,885,0,9684,3480639636,1254,-5172
6001,885,1,9685,3481498629,911,342
6001,885,2,9686,3482357622,2170,-1076
6001,885,3,9687,3483216615,-2346,-12071
6001,886,0,9688,3484075608,-5885,-6048
6001,886,1,9689,3484934601,-1922,-905
6001,886,2,9690,3485793594,4705,-3007
6001,886,3,9691,3486652587,4931,3647
6001,887,0,9692,3487511580,-1973,5268
6001,887,1,9693,3488370573,1104,503
6001,887,2,9694,3489229566,2012,-338
6001,887,3,9695,3490088559,-986,-11
6001,888,0,9696,3490947552,4706,414
6001,888,1,9697,3491806545,-147,1548
6001,888,2,9698,3492665538,-4665,1680
6001,888,3,9699,3493524531,-109,3773
6001,889,0,9700,3494383524,1262,5730
6001,889,1,9701,3495242517,-1096,-105
6001,889,2,9702,3496101510,-11893,8
6001,889,3,9703,3496960503,-5643,4655
6001,890,0,9704,3497819496,8658,-3289
6001,890,1,9705,3498678489,-1243,-5115
6001,890,2,9706,3499537482,-5096,2120
6001,890,3,9707,3500396475,345,4980
6001,891,0,9708,3501255468,2376,3448
6001,891,1,9709,3502114461,4950,-3219
6001,891,2,9710,3502973454,599,2731
6001,891,3,9711,3503832447,-1030,8003
6001,892,0,9712,3504691440,-2404,-2178
6001,892,1,9713,3505550433,-502,270
6001,892,2,9714,3506409426,4898,2757
6001,892,3,9715,3507268419,-1674,383
6001,893,0,9716,3508127412,-422,5588
6001,893,1,9717,3508986405,958,2280
6001,893,2,9718,3509845398,-7573,1627
6001,893,3,9719,3510704391,-4817,432
6001,894,0,9720,3511563384,-2237,-7051
6001,894,1,9721,3512422377,479,-3358
6001,894,2,9722,3513281370,2508,-1870
6001,894,3,9723,3514140363,-4931,1688
6001,895,0,9724,3514999356,-3651,7816
6001,895,1,9725,3515858349,2148,-745
6001,895,2,9726,3516717342,6389,-3390
6001,895,3,9727,3517576335,5328,3129
6001,896,0,9728,3518435328,-6265,2851
6001,896,1,9729,3519294321,-4827,-3438
6001,896,2,9730,3520153314,2828,-4173
6001,896,3,9731,3521012307,-2033,5009
6001,897,0,9732,3521871300,-2681,709
6001,897,1,9733,3522730293,583,-7838
6001,897,2,9734,3523589286,-2164,236
6001,897,3,9735,3524448279,-4828,3014
6001,898,0,9736,3525307272,-6687,1909
6001,898,1,9737,3526166265,-4121,5311
6001,898,2,9738,3527025258,3189,838
6001,898,3,9739,3527884251,3282,-3383
6001,899,0,9740,3528743244,2019,-1039
6001,899,1,9741,3529602237,1429,677
6001,899,2,9742,3530461230,-5671,602
6001,899,3,9743,3531320223,-5661,1875
6001,900,0,9744,3532179216,-2722,4262
6001,900,1,9745,3533038209,-2675,2135
6001,900,2,9746,3533897202,308,-2294
6001,900,3,9747,3534756195,-5028,-1531
6001,901,0,9748,3535615188,-6154,490
6001,901,1,9749,3536474181,-1232,-158
6001,901,2,9750,3537333174,-2835,1979
6001,901,3,9751,3538192167,3096,-638
6001,902,0,9752,3539051160,847,-9836
6001,902,1,9753,3539910153,-7205,-3767
6001,902,2,9754,3540769146,1671,5106
6001,902,3,9755,3541628139,-303,-4151
6001,903,0,9756,3542487132,-10236,-5353
6001,903,1,9757,3543346125,-2559,3522
6001,903,2,9758,3544205118,6004,1127
6001,903,3,9759,3545064111,2917,40
6001,904,0,9760,3545923104,-1838,688
6001,904,1,9761,3546782097,1720,-4204
6001,904,2,9762,3547641090,4505,-664
6001,904,3,9763,3548500083,-650,2804
6001,905,0,9764,3549359076,-532,316
6001,905,1,9765,3550218069,2067,3298
6001,905,2,9766,3551077062,-2917,233
6001,905,3,9767,3551936055,-2185,-1775
6001,906,0,9768,3552795048,3384,4314
6001,906,1,9769,3553654041,-3449,-3170
6001,906,2,9770,3554513034,-5274,-6635
6001,906,3,9771,3555372027,669,3556
6001,907,0,9772,3556231020,-6013,5750
6001,907,1,9773,3557090013,-3228,7004
6001,907,2,9774,3557949006,4464,8690
6001,907,3,9775,3558807999,-2960,6879
6001,908,0,9776,3559666992,-1066,4334
6001,908,1,9777,3560525985,2227,1409
6001,908,2,9778,3561384978,-2482,3346
6001,908,3,9779,3562243971,2187,500
6001,909,0,9780,3563102964,5318,-556
6001,909,1,9781,3563961957,363,4216
6001,909,2,9782,3564820950,-2105,-1985
6001,909,3,9783,3565679943,2247,-4005
6001,910,0,9784,3566538936,5136,-1096
6001,910,1,9785,3567397929,3873,-673
6001,910,2,9786,3568256922,3680,5717
6001,910,3,9787,3569115915,-1670,2429
6001,911,0,9788,3569974908,-1003,-4165
6001,911,1,9789,3570833901,4949,-2621
6001,911,2,9790,3571692894,-724,-3389
6001,911,3,9791,3572551887,-2302,102
6001,912,0,9792,3573410880,2342,7047
6001,912,1,9793,3574269873,2470,6002
6001,912,2,9794,3575128866,22,-2714
6001,912,3,9795,3575987859,-159,-6106
6001,913,0,9796,3576846852,2930,-2640
6001,913,1,9797,3577705845,-4259,-1487
6001,913,2,9798,3578564838,-5874,-414
6001,913,3,9799,3579423831,2038,-5145
6001,914,0,9800,3580282824,-3885,-2345
6001,914,1,9801,3581141817,-2845,4855
6001,914,2,9802,3582000810,1271,-7872
6001,914,3,9803,3582859803,-4649,-3004
6001,915,0,9804,3583718796,-68,9945
6001,915,1,9805,3584577789,1320,-1119
6001,915,2,9806,3585436782,-4457,1380
6001,915,3,9807,3586295775,-4595,3666
6001,916,0,9808,3587154768,-515,-995
6001,916,1,9809,3588013761,3976,5054
6001,916,2,9810,3588872754,-2685,-3330
6001,916,3,9811,3589731747,-3391,-5385
6001,917,0,9812,3590590740,3804,2420
6001,917,1,9813,3591449733,-2571,-6389
6001,917,2,9814,3592308726,-2753,-8542
6001,917,3,9815,3593167719,1858,125
6001,918,0,9816,3594026712,-1218,5548
6001,918,1,9817,3594885705,804,4927
6001,918,2,9818,3595744698,-661,-1137
6001,918,3,9819,3596603691,-3513,-3536
6001,919,0,9820,3597462684,-1996,-2595
6001,919,1,9821,3598321677,-4513,641
6001,919,2,9822,3599180670,-1216,3482
6001,919,3,9823,3600039663,2208,789
6001,920,0,9824,3600898656,645,-2580
6001,920,1,9825,3601757649,4362,-1512
6001,920,2,9826,3602616642,-613,1183
6001,920,3,9827,3603475635,-6341,784
6001,921,0,9828,3604334628,280,2238
6001,921,1,9829,3605193621,205,945
6001,921,2,9830,3606052614,1118,-5613
6001,921,3,9831,3606911607,1720,-5213
6001,922,0,9832,3607770600,-7879,-862
6001,922,1,9833,3608629593,-3877,2687
6001,922,2,9834,3609488586,3992,-2122
6001,922,3,9835,3610347579,2727,-9428
6001,923,0,9836,3611206572,2840,-3435
6001,923,1,9837,3612065565,614,-2515
6001,923,2,9838,3612924558,1342,-4291
6001,923,3,9839,3613783551,123,-345
6001,924,0,9840,3614642544,382,-3310
6001,924,1,9841,3615501537,4279,-3632
6001,924,2,9842,3616360530,-6502,-3153
6001,924,3,9843,3617219523,-3597,-1175
6001,925,0,9844,3618078516,7169,-144
6001,925,1,9845,3618937509,-2050,-7831
6001,925,2,9846,3619796502,556,-3761
6001,925,3,9847,3620655495,218,-1067
6001,926,0,9848,3621514488,-10685,-4369
6001,926,1,9849,3622373481,-1573,-34
6001,926,2,9850,3623232474,5593,-2110
6001,926,3,9851,3624091467,2306,1482
6001,927,0,9852,3624950460,-33,4207
6001,927,1,9853,3625809453,2731,1857
6001,927,2,9854,3626668446,7123,5934
6001,927,3,9855,3627527439,-2044,-6306
6001,928,0,9856,3628386432,-4663,-10106
6001,928,1,9857,3629245425,4036,-1041
6001,928,2,9858,3630104418,3461,-8789
6001,928,3,9859,3630963411,-3056,-5411
6001,929,0,9860,3631822404,-7214,1488
6001,929,1,9861,3632681397,3630,-1522
6001,929,2,9862,3633540390,10090,942
6001,929,3,9863,3634399383,276,-1016
6001,930,0,9864,3635258376,1511,-8
6001,930,1,9865,3636117369,-1750,3673
6001,930,2,9866,3636976362,-6915,1574
6001,930,3,9867,3637835355,4850,119
6001,931,0,9868,3638694348,4368,-2605
6001,931,1,9869,3639553341,-1614,604
6001,931,2,9870,3640412334,-1803,3216
6001,931,3,9871,3641271327,-6969,-4260
6001,932,0,9872,3642130320,-1132,-6329
6001,932,1,9873,3642989313,4797,1091
6001,932,2,9874,3643848306,-946,5082
6001,932,3,9875,3644707299,-1232,-318
6001,933,0,9876,3645566292,1503,-2023
6001,933,1,9877,3646425285,4631,-852
6001,933,2,9878,3647284278,4913,-3781
6001,933,3,9879,3648143271,-1296,1894
6001,934,0,9880,3649002264,-1638,3401
6001,934,1,9881,3649861257,1629,-5323
6001,934,2,9882,3650720250,2009,-6616
6001,934,3,9883,3651579243,327,-4015
6001,935,0,9884,3652438236,158,3001
6001,935,1,9885,3653297229,4076,5325
6001,935,2,9886,3654156222,1163,-3565
6001,935,3,9887,3655015215,1313,694
6001,936,0,9888,3655874208,5219,5822
6001,936,1,9889,3656733201,-4116,-2198
6001,936,2,9890,3657592194,-1205,1951
6001,936,3,9891,3658451187,6868,8582
6001,937,0,9892,3659310180,-3055,6194
6001,937,1,9893,3660169173,-2531,7119
6001,937,2,9894,3661028166,1795,-729
6001,937,3,9895,3661887159,-2946,-5105
6001,938,0,9896,3662746152,-2998,6430
6001,938,1,9897,3663605145,-3279,4481
6001,938,2,9898,3664464138,-2831,-1786
6001,938,3,9899,3665323131,-1343,575
6001,939,0,9900,3666182124,2353,-1538
6001,939,1,9901,3667041117,4297,1457
6001,939,2,9902,3667900110,-74,1909
6001,939,3,9903,3668759103,1055,-3554
6001,940,0,9904,3669618096,-3339,1193
6001,940,1,9905,3670477089,-3853,6040
6001,940,2,9906,3671336082,7236,5304
6001,940,3,9907,3672195075,4066,4130
6001,941,0,9908,3673054068,2032,4396
6001,941,1,9909,3673913061,506,3608
6001,941,2,9910,3674772054,-6034,-230
6001,941,3,9911,3675631047,129,-1083
6001,942,0,9912,3676490040,-1013,-2806
6001,942,1,9913,3677349033,-3781,-42
6001,942,2,9914,3678208026,-332,3740
6001,942,3,9915,3679067019,673,-3122
6001,943,0,9916,3679926012,6912,-2377
6001,943,1,9917,3680785005,-709,133
6001,943,2,9918,3681643998,-6234,-2220
6001,943,3,9919,3682502991,5158,328
6001,944,0,9920,3683361984,2550,-6198
6001,944,1,9921,3684220977,-927,-11471
6001,944,2,9922,3685079970,2813,-7731
6001,944,3,9923,3685938963,-747,-3006
6001,945,0,9924,3686797956,-4318,4792
6001,945,1,9925,3687656949,-2537,3793
6001,945,2,9926,3688515942,-748,441
6001,945,3,9927,3689374935,-2382,-963
6001,946,0,9928,3690233928,3068,-4370
6001,946,1,9929,3691092921,5267,799
6001,946,2,9930,3691951914,522,2507
6001,946,3,9931,3692810907,3602,-123
6001,947,0,9932,3693669900,-540,-241
6001,947,1,9933,3694528893,-1934,-1044
6001,947,2,9934,3695387886,3694,3071
6001,947,3,9935,3696246879,650,745
6001,948,0,9936,3697105872,1151,-4004
6001,948,1,9937,3697964865,-4694,-614
6001,948,2,9938,3698823858,-7054,355
6001,948,3,9939,3699682851,1401,1809
6001,949,0,9940,3700541844,-4173,1482
6001,949,1,9941,3701400837,-6508,-2842
6001,949,2,9942,3702259830,-3416,-2453
6001,949,3,9943,3703118823,251,3387
6001,950,0,9944,3703977816,5945,6368
6001,950,1,9945,3704836809,-2377,-1149
6001,950,2,9946,3705695802,-4188,-3564
6001,950,3,9947,3706554795,-434,2519
6001,951,0,9948,3707413788,-2251,2019
6001,951,1,9949,3708272781,1053,-1140
6001,951,2,9950,3709131774,-2537,356
6001,951,3,9951,3709990767,-4889,4418
6001,952,0,9952,3710849760,-3946,-3379
6001,952,1,9953,3711708753,-2451,-9842
6001,952,2,9954,3712567746,6355,789
6001,952,3,9955,3713426739,1906,334
6001,953,0,9956,3714285732,-3242,-2801
6001,953,1,9957,3715144725,1673,234
6001,953,2,9958,3716003718,-1680,-6212
6001,953,3,9959,3716862711,-4153,-2743
6001,954,0,9960,3717721704,-3854,928
6001,954,1,9961,3718580697,-4754,-4625
6001,954,2,9962,3719439690,-2689,-1584
6001,954,3,9963,3720298683,-569,-1052
6001,955,0,9964,3721157676,-2592,-3432
6001,955,1,9965,3722016669,-1404,-1963
6001,955,2,9966,3722875662,6536,-1232
6001,955,3,9967,3723734655,405,-825
6001,956,0,9968,3724593648,-2784,2111
6001,956,1,9969,3725452641,6977,2248
6001,956,2,9970,3726311634,-806,-7439
6001,956,3,9971,3727170627,-3064,-2048
6001,957,0,9972,3728029620,2623,9971
6001,957,1,9973,3728888613,-2099,257
6001,957,2,9974,3729747606,2340,-880
6001,957,3,9975,3730606599,3160,3956
6001,958,0,9976,3731465592,701,2397
6001,958,1,9977,3732324585,1248,10403
6001,958,2,9978,3733183578,-2271,6071
6001,958,3,9979,3734042571,4355,-2269
6001,959,0,9980,3734901564,1558,4403
6001,959,1,9981,3735760557,-6044,2276
6001,959,2,9982,3736619550,3456,-4878
6001,959,3,9983,3737478543,2907,1188
6001,960,0,9984,3738337536,-3436,8330
6001,960,1,9985,3739196529,-2649,1911
6001,960,2,9986,3740055522,-3861,-3068
6001,960,3,9987,3740914515,-2550,-1035
6001,961,0,9988,3741773508,-1459,-3347
6001,961,1,9989,3742632501,-3446,-1917
6001,961,2,9990,3743491494,-2711,-3333
6001,961,3,9991,3744350487,3495,-5232
6001,962,0,9992,3745209480,3632,1903
6001,962,1,9993,3746068473,-3935,-954
6001,962,2,9994,3746927466,-612,-1175
6001,962,3,9995,3747786459,4672,4823
6001,963,0,9996,3748645452,3727,-155
6001,963,1,9997,3749504445,4318,-211
6001,963,2,9998,3750363438,1853,281
6001,963,3,9999,3751222431,-47,-1626
6001,964,0,10000,3752081424,554,2281
6001,964,1,10001,3752940417,3129,-227
6001,964,2,10002,3753799410,4018,54
6001,964,3,10003,3754658403,-4517,3554
6001,965,0,10004,3755517396,-6533,-1539
6001,965,1,10005,3756376389,-202,-1852
6001,965,2,10006,3757235382,-283,2123
6001,965,3,10007,3758094375,-1180,2674
6001,966,0,10008,3758953368,-973,4000
6001,966,1,10009,3759812361,-1278,757
6001,966,2,10010,3760671354,1442,-3883
6001,966,3,10011,3761530347,4300,1014
6001,967,0,10012,3762389340,3830,2207
6001,967,1,10013,3763248333,2684,-2963
6001,967,2,10014,3764107326,2720,1415
6001,967,3,10015,3764966319,-504,2697
6001,968,0,10016,3765825312,-3309,-585
6001,968,1,10017,3766684305,1752,5503
6001,968,2,10018,3767543298,6671,5850
6001,968,3,10019,3768402291,1718,410
6001,969,0,10020,3769261284,-4043,-842
6001,969,1,10021,3770120277,-1093,-1332
6001,969,2,10022,3770979270,1067,2999
6001,969,3,10023,3771838263,572,2746
6001,970,0,10024,3772697256,1270,-3298
6001,970,1,10025,3773556249,-232,318
6001,970,2,10026,3774415242,617,3095
6001,970,3,10027,3775274235,1153,610
6001,971,0,10028,3776133228,2403,3178
6001,971,1,10029,3776992221,5598,526
6001,971,2,10030,3777851214,-577,-4747
6001,971,3,10031,3778710207,-2047,1228
6001,972,0,10032,3779569200,1399,3363
6001,972,1,10033,3780428193,-4882,-814
6001,972,2,10034,3781287186,-2400,1735
6001,972,3,10035,3782146179,5472,2062
6001,973,0,10036,3783005172,2416,2201
6001,973,1,10037,3783864165,-4243,2766
6001,973,2,10038,3784723158,-6051,-2930
6001,973,3,10039,3785582151,1921,-617
6001,974,0,10040,3786441144,4750,2880
6001,974,1,10041,3787300137,-4162,-1
6001,974,2,10042,3788159130,-6195,2034
6001,974,3,10043,3789018123,-669,378
6001,975,0,10044,3789877116,1439,-1495
6001,975,1,10045,3790736109,-1344,2029
6001,975,2,10046,3791595102,213,2025
6001,975,3,10047,3792454095,4897,2948
6001,976,0,10048,3793313088,2882,1557
6001,976,1,10049,3794172081,3382,-993
6001,976,2,10050,3795031074,4464,-347
6001,976,3,10051,3795890067,-931,-4645
6001,977,0,10052,3796749060,-3086,-2740
6001,977,1,10053,3797608053,-2035,3036
6001,977,2,10054,3798467046,1662,-3350
6001,977,3,10055,3799326039,3002,-6901
6001,978,0,10056,3800185032,-3612,-5124
6001,978,1,10057,3801044025,-5315,-7318
6001,978,2,10058,3801903018,-3231,-3436
6001,978,3,10059,3802762011,-2954,2828
6001,979,0,10060,3803621004,1683,4291
6001,979,1,10061,3804479997,2575,5500
6001,979,2,10062,3805338990,-886,5073
6001,979,3,10063,3806197983,2591,3785
6001,980,0,10064,3807056976,1320,-1395
6001,980,1,10065,3807915969,-5238,-5949
6001,980,2,10066,3808774962,1244,1247
6001,980,3,10067,3809633955,3148,1518
6001,981,0,10068,3810492948,-2543,-5986
6001,981,1,10069,3811351941,6396,-709
6001,981,2,10070,3812210934,5120,4835
6001,981,3,10071,3813069927,-5478,6302
6001,982,0,10072,3813928920,723,6606
6001,982,1,10073,3814787913,-732,1648
6001,982,2,10074,3815646906,-6681,1858
6001,982,3,10075,3816505899,-178,2709
6001,983,0,10076,3817364892,3167,4743
6001,983,1,10077,3818223885,2539,11156
6001,983,2,10078,3819082878,-3174,6125
6001,983,3,10079,3819941871,-3847,1678
6001,984,0,10080,3820800864,4290,6382
6001,984,1,10081,3821659857,-109,3107
6001,984,2,10082,3822518850,-999,-7077
6001,984,3,10083,3823377843,3934,-8132
6001,985,0,10084,3824236836,-1479,4301
6001,985,1,10085,3825095829,416,7464
6001,985,2,10086,3825954822,1340,911
6001,985,3,10087,3826813815,-2494,3373
6001,986,0,10088,3827672808,3711,-448
6001,986,1,10089,3828531801,1868,-5171
6001,986,2,10090,3829390794,-4527,1068
6001,986,3,10091,3830249787,-670,3892
6001,987,0,10092,3831108780,1073,4887
6001,987,1,10093,3831967773,-1165,-1423
6001,987,2,10094,3832826766,-1189,-5479
6001,987,3,10095,3833685759,2550,4250
6001,988,0,10096,3834544752,3917,1433
6001,988,1,10097,3835403745,-1363,-2063
6001,988,2,10098,3836262738,-1926,2018
6001,988,3,10099,3837121731,2658,-5199
6001,989,0,10100,3837980724,-118,-2671
6001,989,1,10101,3838839717,-7992,2591
6001,989,2,10102,3839698710,-3951,-1935
6001,989,3,10103,3840557703,6864,1422
6001,990,0,10104,3841416696,2926,-2562
6001,990,1,10105,3842275689,133,-7550
6001,990,2,10106,3843134682,6447,-3478
6001,990,3,10107,3843993675,-165,-7513
6001,991,0,10108,3844852668,-5618,-3159
6001,991,1,10109,3845711661,318,4350
6001,991,2,10110,3846570654,2125,1352
6001,991,3,10111,3847429647,1728,682
6001,992,0,10112,3848288640,-3084,-5118
6001,992,1,10113,3849147633,-8538,-2469
6001,992,2,10114,3850006626,-2233,5274
6001,992,3,10115,3850865619,3561,-4062
6001,993,0,10116,3851724612,523,-2714
6001,993,1,10117,3852583605,-3286,1267
6001,993,2,10118,3853442598,-928,-3233
6001,993,3,10119,3854301591,7331,3652
6001,994,0,10120,3855160584,8551,-322
6001,994,1,10121,3856019577,2073,-5049
6001,994,2,10122,3856878570,2442,1384
6001,994,3,10123,3857737563,6052,-1865
6001,995,0,10124,3858596556,4091,2235
6001,995,1,10125,3859455549,3766,2293
6001,995,2,10126,3860314542,4049,-5325
6001,995,3,10127,3861173535,-3132,3469
6001,996,0,10128,3862032528,-8176,237
6001,996,1,10129,3862891521,-4309,-8781
6001,996,2,10130,3863750514,3285,-2152
6001,996,3,10131,3864609507,9410,-1579
6001,997,0,10132,3865468500,6125,900
6001,997,1,10133,3866327493,995,5809
6001,997,2,10134,3867186486,806,137
6001,997,3,10135,3868045479,-3680,-2697
6001,998,0,10136,3868904472,-2611,-1210
6001,998,1,10137,3869763465,3272,-695
6001,998,2,10138,3870622458,-1670,671
6001,998,3,10139,3871481451,-4394,2908
6001,999,0,10140,3872340444,-1701,1693
6001,999,1,10141,3873199437,-229,-2729
6001,999,2,10142,3874058430,3245,-1829
6001,999,3,10143,3874917423,-1648,98
6001,1000,0,10144,3875776416,-5895,1994
6001,1000,1,10145,3876635409,2249,1406
6001,1000,2,10146,3877494402,2533,-8179
6001,1000,3,10147,3878353395,-2556,-5812
6001,1001,0,10148,3879212388,947,2631
6001,1001,1,10149,3880071381,1259,-3395
6001,1001,2,10150,3880930374,-2481,-2229
6001,1001,3,10151,3881789367,-1387,3112
6001,1002,0,10152,3882648360,984,-1115
6001,1002,1,10153,3883507353,2894,165
6001,1002,2,10154,3884366346,1655,3325
6001,1002,3,10155,3885225339,-1554,4987
6001,1003,0,10156,3886084332,5235,5782
6001,1003,1,10157,3886943325,7351,155
6001,1003,2,10158,3887802318,-6299,-937
6001,1003,3,10159,3888661311,-4840,-1478
6001,1004,0,10160,3889520304,6726,-3627
6001,1004,1,10161,3890379297,1998,1214
6001,1004,2,10162,3891238290,-2420,-3794
6001,1004,3,10163,3892097283,-3501,-6379
6001,1005,0,10164,3892956276,-8057,6966
6001,1005,1,10165,3893815269,-3194,5523
6001,1005,2,10166,3894674262,2779,-82
6001,1005,3,10167,3895533255,-1882,2643
6001,1006,0,10168,3896392248,-3981,-4632
6001,1006,1,10169,3897251241,325,-4632
6001,1006,2,10170,3898110234,-2720,-1583
6001,1006,3,10171,3898969227,-3818,-7292
6001,1007,0,10172,3899828220,4231,-451
6001,1007,1,10173,3900687213,858,4186
6001,1007,2,10174,3901546206,-3264,1644
6001,1007,3,10175,3902405199,2968,5719
6001,1008,0,10176,3903264192,2433,-773
6001,1008,1,10177,3904123185,551,-6878
6001,1008,2,10178,3904982178,-820,-180
6001,1008,3,10179,3905841171,-4371,2007
6001,1009,0,10180,3906700164,-4877,-81
6001,1009,1,10181,3907559157,-476,-3223
6001,1009,2,10182,3908418150,8096,-1532
6001,1009,3,10183,3909277143,-1180,2677
6001,1010,0,10184,3910136136,-11995,-4155
6001,1010,1,10185,3910995129,-1655,-5842
6001,1010,2,10186,3911854122,-1632,632
6001,1010,3,10187,3912713115,-2390,-415
6001,1011,0,10188,3913572108,1721,-1501
6001,1011,1,10189,3914431101,-6197,-733
6001,1011,2,10190,3915290094,-4728,1393
6001,1011,3,10191,3916149087,-819,2994
6001,1012,0,10192,3917008080,2349,-2619
6001,1012,1,10193,3917867073,6349,-3431
6001,1012,2,10194,3918726066,-1006,-586
6001,1012,3,10195,3919585059,-39,174
6001,1013,0,10196,3920444052,-1217,4932
6001,1013,1,10197,3921303045,-4587,1839
6001,1013,2,10198,3922162038,2856,-3283
6001,1013,3,10199,3923021031,-3669,173
6001,1014,0,10200,3923880024,-6534,-3233
6001,1014,1,10201,3924739017,-894,-5038
6001,1014,2,10202,3925598010,-197,1860
6001,1014,3,10203,3926457003,5645,2030
6001,1015,0,10204,3927315996,773,-1727
6001,1015,1,10205,3928174989,-1169,-437
6001,1015,2,10206,3929033982,2269,7186
6001,1015,3,10207,3929892975,-3946,7846
6001,1016,0,10208,3930751968,2382,-2050
6001,1016,1,10209,3931610961,2185,811
6001,1016,2,10210,3932469954,-2281,6406
6001,1016,3,10211,3933328947,6706,528
6001,1017,0,10212,3934187940,-850,1616
6001,1017,1,10213,3935046933,-5583,3230
6001,1017,2,10214,3935905926,3026,-991
6001,1017,3,10215,3936764919,382,-1907
6001,1018,0,10216,3937623912,-1627,-2624
6001,1018,1,10217,3938482905,-707,2095
6001,1018,2,10218,3939341898,-1492,7782
6001,1018,3,10219,3940200891,-2334,2613
6001,1019,0,10220,3941059884,-1727,-3980
6001,1019,1,10221,3941918877,4319,-2751
6001,1019,2,10222,3942777870,4786,1478
6001,1019,3,10223,3943636863,-2487,-2397
6001,1020,0,10224,3944495856,-7629,-4738
6001,1020,1,10225,3945354849,-1733,5300
6001,1020,2,10226,3946213842,6705,5651
6001,1020,3,10227,3947072835,-1534,-3736
6001,1021,0,10228,3947931828,-6350,-3166
6001,1021,1,10229,3948790821,2184,-431
6001,1021,2,10230,3949649814,-6,-1207
6001,1021,3,10231,3950508807,-5075,-1243
6001,1022,0,10232,3951367800,-729,-1016
6001,1022,1,10233,3952226793,1434,-830
6001,1022,2,10234,3953085786,842,-29
6001,1022,3,10235,3953944779,2143,748
6001,1023,0,10236,3954803772,-1328,-1874
6001,1023,1,10237,3955662765,-4928,-3248
6001,1023,2,10238,3956521758,-212,-404
6001,1023,3,10239,3957380751,6300,749
6001,1024,0,10752,103076864,-1981,-5736
6001,1024,1,10753,103935857,-936,-1076
6001,1024,2,10754,104794850,-1243,1919
6001,1024,3,10755,105653843,-609,-44
6001,1025,0,10756,106512836,-1641,-889
6001,1025,1,10757,107371829,1979,-377
6001,1025,2,10758,108230822,4517,2459
6001,1025,3,10759,109089815,432,-1474
6001,1026,0,10760,109948808,379,-1233
6001,1026,1,10761,110807801,2278,7659
6001,1026,2,10762,111666794,2425,1045
6001,1026,3,10763,112525787,877,-9144
6001,1027,0,10764,113384780,-4324,-2413
6001,1027,1,10765,114243773,-7661,4625
6001,1027,2,10766,115102766,-1707,1589
6001,1027,3,10767,115961759,4930,1863
6001,1028,0,10768,116820752,-1488,5027
6001,1028,1,10769,117679745,-3927,-1368
6001,1028,2,10770,118538738,4963,-2365
6001,1028,3,10771,119397731,5783,3838
6001,1029,0,10772,120256724,2607,-603
6001,1029,1,10773,121115717,-30,-2859
6001,1029,2,10774,121974710,-1825,-1849
6001,1029,3,10775,122833703,168,-1169
6001,1030,0,10776,123692696,-327,5986
6001,1030,1,10777,124551689,1044,540
6001,1030,2,10778,125410682,-3365,-6430
6001,1030,3,10779,126269675,-7354,995
6001,1031,0,10780,127128668,3547,-351
6001,1031,1,10781,127987661,295,-3658
6001,1031,2,10782,128846654,-5935,-3696
6001,1031,3,10783,129705647,2861,-7758
6001,1032,0,10784,130564640,-1761,-382
6001,1032,1,10785,131423633,-710,4961
6001,1032,2,10786,132282626,7858,32
6001,1032,3,10787,133141619,-2172,1229
6001,1033,0,10788,134000612,-3501,-2639
6001,1033,1,10789,134859605,2292,-7463
6001,1033,2,10790,135718598,-1563,-1766
6001,1033,3,10791,136577591,626,-665
6001,1034,0,10792,137436584,2154,879
6001,1034,1,10793,138295577,42,5663
6001,1034,2,10794,139154570,927,903
6001,1034,3,10795,140013563,-154,-3095
6001,1035,0,10796,140872556,2187,-3407
6001,1035,1,10797,141731549,2694,-4601
6001,1035,2,10798,142590542,-4380,852
6001,1035,3,10799,143449535,-5225,3441
6001,1036,0,10800,144308528,-2151,1169
6001,1036,1,10801,145167521,-1642,2392
6001,1036,2,10802,146026514,548,-1409
6001,1036,3,10803,146885507,-2422,-1029
6001,1037,0,10804,147744500,-7542,482
6001,1037,1,10805,148603493,-3235,-9609
6001,1037,2,10806,149462486,94,-1413
6001,1037,3,10807,150321479,-3299,8768
6001,1038,0,10808,151180472,-1140,-5220
6001,1038,1,10809,152039465,4866,-2148
6001,1038,2,10810,152898458,4189,4493
6001,1038,3,10811,153757451,1781,-4763
6001,1039,0,10812,154616444,2278,-2697
6001,1039,1,10813,155475437,-1247,-3478
6001,1039,2,10814,156334430,-5529,-831
6001,1039,3,10815,157193423,-3591,4916
6001,1040,0,10816,158052416,-328,-5490
6001,1040,1,10817,158911409,981,285
6001,1040,2,10818,159770402,451,7616
6001,1040,3,10819,160629395,-1610,1188
6001,1041,0,10820,161488388,-3235,5288
6001,1041,1,10821,162347381,-2816,233
6001,1041,2,10822,163206374,-673,-2836
6001,1041,3,10823,164065367,2093,2603
6001,1042,0,10824,164924360,7443,-4230
6001,1042,1,10825,165783353,6820,-5606
6001,1042,2,10826,166642346,-1020,-6491
6001,1042,3,10827,167501339,-548,-4204
6001,1043,0,10828,168360332,-1782,1729
6001,1043,1,10829,169219325,-4568,-5050
6001,1043,2,10830,170078318,5347,1985
6001,1043,3,10831,170937311,5256,4449
6001,1044,0,10832,171796304,-4505,-9227
6001,1044,1,10833,172655297,-5178,-2830
6001,1044,2,10834,173514290,-4780,-270
6001,1044,3,10835,174373283,-1074,-4729
6001,1045,0,10836,175232276,2854,982
6001,1045,1,10837,176091269,774,-1299
6001,1045,2,10838,176950262,-1246,-2420
6001,1045,3,10839,177809255,-3513,1534
6001,1046,0,10840,178668248,-261,2071
6001,1046,1,10841,179527241,1705,125
6001,1046,2,10842,180386234,-6318,-3080
6001,1046,3,10843,181245227,-7890,627
6001,1047,0,10844,182104220,1316,2183
6001,1047,1,10845,182963213,6692,-1367
6001,1047,2,10846,183822206,547,-669
6001,1047,3,10847,184681199,-2517,-1793
6001,1048,0,10848,185540192,2349,-2030
6001,1048,1,10849,186399185,-445,3275
6001,1048,2,10850,187258178,-1632,5868
6001,1048,3,10851,188117171,1269,422
6001,1049,0,10852,188976164,-436,-2207
6001,1049,1,10853,189835157,129,3980
6001,1049,2,10854,190694150,-1669,3865
6001,1049,3,10855,191553143,-745,-2016
6001,1050,0,10856,192412136,3981,-3977
6001,1050,1,10857,193271129,3900,1117
6001,1050,2,10858,194130122,5777,9069
6001,1050,3,10859,194989115,-2574,2227
6001,1051,0,10860,195848108,-9068,-7144
6001,1051,1,10861,196707101,4651,-4588
6001,1051,2,10862,197566094,3456,-3884
6001,1051,3,10863,198425087,-7018,-621
6001,1052,0,10864,199284080,-2082,3218
6001,1052,1,10865,200143073,-3165,-1062
6001,1052,2,10866,201002066,-6132,-2845
6001,1052,3,10867,201861059,1278,-2008
6001,1053,0,10868,202720052,2768,-4640
6001,1053,1,10869,203579045,-576,-9135
6001,1053,2,10870,204438038,933,-6320
6001,1053,3,10871,205297031,226,2225
6001,1054,0,10872,206156024,-1531,2053
6001,1054,1,10873,207015017,1795,2114
6001,1054,2,10874,207874010,3395,3461
6001,1054,3,10875,208733003,-654,-5332
6001,1055,0,10876,209591996,-7567,-5500
6001,1055,1,10877,210450989,-5723,1943
6001,1055,2,10878,211309982,2875,276
6001,1055,3,10879,212168975,1002,2770
6001,1056,0,10880,213027968,3022,2273
6001,1056,1,10881,213886961,5430,-7754
6001,1056,2,10882,214745954,-5653,-6254
6001,1056,3,10883,215604947,-2373,-3913
6001,1057,0,10884,216463940,3771,-6824
6001,1057,1,10885,217322933,-2522,-4085
6001,1057,2,10886,218181926,-4,-3104
6001,1057,3,10887,219040919,-37,3765
6001,1058,0,10888,219899912,-2152,8782
6001,1058,1,10889,220758905,3684,1544
6001,1058,2,10890,221617898,3730,1774
6001,1058,3,10891,222476891,-1563,1892
6001,1059,0,10892,223335884,-2029,31
6001,1059,1,10893,224194877,5492,2302
6001,1059,2,10894,225053870,2979,-1292
6001,1059,3,10895,225912863,-6594,561
6001,1060,0,10896,226771856,-304,1680
6001,1060,1,10897,227630849,4139,-598
6001,1060,2,10898,228489842,3488,2864
6001,1060,3,10899,229348835,3417,-3634
6001,1061,0,10900,230207828,-4298,-5585
6001,1061,1,10901,231066821,-2944,2164
6001,1061,2,10902,231925814,2055,681
6001,1061,3,10903,232784807,-2233,1165
6001,1062,0,10904,233643800,-6222,2953
6001,1062,1,10905,234502793,-1258,62
6001,1062,2,10906,235361786,10202,111
6001,1062,3,10907,236220779,5447,2334
6001,1063,0,10908,237079772,-1414,-1630
6001,1063,1,10909,237938765,2845,-6956
6001,1063,2,10910,238797758,-3650,-1667
6001,1063,3,10911,239656751,594,-4746
6001,1064,0,10912,240515744,11004,-7749
6001,1064,1,10913,241374737,3812,4114
6001,1064,2,10914,242233730,3245,-1660
6001,1064,3,10915,243092723,3110,-5983
6001,1065,0,10916,243951716,-345,4297
6001,1065,1,10917,244810709,6596,3592
6001,1065,2,10918,245669702,3887,6305
6001,1065,3,10919,246528695,-6523,3979
6001,1066,0,10920,247387688,-3765,-3869
6001,1066,1,10921,248246681,2818,-1543
6001,1066,2,10922,249105674,-1953,-3617
6001,1066,3,10923,249964667,-2740,661
6001,1067,0,10924,250823660,5834,5131
6001,1067,1,10925,251682653,1809,-2543
6001,1067,2,10926,252541646,-3183,-4568
6001,1067,3,10927,253400639,336,-5629
6001,1068,0,10928,254259632,928,-5791
6001,1068,1,10929,255118625,3769,-4187
6001,1068,2,10930,255977618,-36,-4252
6001,1068,3,10931,256836611,-6938,-1285
6001,1069,0,10932,257695604,-4727,-3973
6001,1069,1,10933,258554597,-6158,-4431
6001,1069,2,10934,259413590,-5971,-145
6001,1069,3,10935,260272583,-858,-781
6001,1070,0,10936,261131576,2580,637
6001,1070,1,10937,261990569,5590,-1886
6001,1070,2,10938,262849562,1028,-5451
6001,1070,3,10939,263708555,-2334,-1879
6001,1071,0,10940,264567548,210,-2327
6001,1071,1,10941,265426541,-1930,-3944
6001,1071,2,10942,266285534,-1693,-2427
6001,1071,3,10943,267144527,-643,-1539
6001,1072,0,10944,268003520,-1685,745
6001,1072,1,10945,268862513,2514,1840
6001,1072,2,10946,269721506,49,-605
6001,1072,3,10947,270580499,-6978,-2719
6001,1073,0,10948,271439492,-431,-833
6001,1073,1,10949,272298485,5032,3249
6001,1073,2,10950,273157478,-1334,1439
6001,1073,3,10951,274016471,-812,-5153
6001,1074,0,10952,274875464,4051,-2278
6001,1074,1,10953,275734457,-976,5503
6001,1074,2,10954,276593450,-3412,3956
6001,1074,3,10955,277452443,3895,1364
6001,1075,0,10956,278311436,3736,1643
6001,1075,1,10957,279170429,-2842,1992
6001,1075,2,10958,280029422,1183,3171
6001,1075,3,10959,280888415,4710,-1389
6001,1076,0,10960,281747408,-803,-5190
6001,1076,1,10961,282606401,-1479,-2113
6001,1076,2,10962,283465394,208,-985
6001,1076,3,10963,284324387,-533,-2029
6001,1077,0,10964,285183380,-378,1043
6001,1077,1,10965,286042373,370,3781
6001,1077,2,10966,286901366,2713,-1124
6001,1077,3,10967,287760359,1411,-1187
6001,1078,0,10968,288619352,-1769,971
6001,1078,1,10969,289478345,-1144,-4468
6001,1078,2,10970,290337338,-889,3383
6001,1078,3,10971,291196331,-463,10829
6001,1079,0,10972,292055324,1207,2187
6001,1079,1,10973,292914317,2182,1071
6001,1079,2,10974,293773310,-885,1663
6001,1079,3,10975,294632303,-2847,-1463
6001,1080,0,10976,295491296,-198,-2934
6001,1080,1,10977,296350289,-2917,-5205
6001,1080,2,10978,297209282,-530,-2556
6001,1080,3,10979,298068275,4658,-750
6001,1081,0,10980,298927268,-1802,-209
6001,1081,1,10981,299786261,-2633,-1826
6001,1081,2,10982,300645254,-70,-4556
6001,1081,3,10983,301504247,-279,1032
6001,1082,0,10984,302363240,-643,174
6001,1082,1,10985,303222233,-4650,-4648
6001,1082,2,10986,304081226,1477,-1950
6001,1082,3,10987,304940219,2000,2363
6001,1083,0,10988,305799212,-3691,5694
6001,1083,1,10989,306658205,3485,549
6001,1083,2,10990,307517198,-1282,-1050
6001,1083,3,10991,308376191,-4702,2111
6001,1084,0,10992,309235184,-146,-2007
6001,1084,1,10993,310094177,-8070,-1049
6001,1084,2,10994,310953170,-3748,-221
6001,1084,3,10995,311812163,2167,953
6001,1085,0,10996,312671156,-1703,2588
6001,1085,1,10997,313530149,3253,-3260
6001,1085,2,10998,314389142,4012,509
6001,1085,3,10999,315248135,-70,4830
6001,1086,0,11000,316107128,-2601,2979
6001,1086,1,11001,316966121,-2158,2830
6001,1086,2,11002,317825114,-1924,-122
6001,1086,3,11003,318684107,-5822,158
6001,1087,0,11004,319543100,3265,-3896
6001,1087,1,11005,320402093,7656,-2498
6001,1087,2,11006,321261086,-3189,4749
6001,1087,3,11007,322120079,-2126,-2225
6001,1088,0,11008,322979072,2750,1001
6001,1088,1,11009,323838065,245,3529
6001,1088,2,11010,324697058,-4007,-2931
6001,1088,3,11011,325556051,-4450,7053
6001,1089,0,11012,326415044,-3693,6067
6001,1089,1,11013,327274037,-6785,-3383
6001,1089,2,11014,328133030,-719,-1811
6001,1089,3,11015,328992023,2214,-2220
6001,1090,0,11016,329851016,-2850,-2769
6001,1090,1,11017,330710009,-279,-5808
6001,1090,2,11018,331569002,-2210,-32
6001,1090,3,11019,332427995,1515,9474
6001,1091,0,11020,333286988,8855,-277
6001,1091,1,11021,334145981,928,-4424
6001,1091,2,11022,335004974,-151,5133
6001,1091,3,11023,335863967,2443,5901
6001,1092,0,11024,336722960,-1511,-1035
6001,1092,1,11025,337581953,-181,-1967
6001,1092,2,11026,338440946,1118,1218
6001,1092,3,11027,339299939,2882,-1977
6001,1093,0,11028,340158932,4461,-833
6001,1093,1,11029,341017925,3584,3999
6001,1093,2,11030,341876918,4902,1794
6001,1093,3,11031,342735911,3801,-244
6001,1094,0,11032,343594904,792,643
6001,1094,1,11033,344453897,-718,3467
6001,1094,2,11034,345312890,1669,-1297
6001,1094,3,11035,346171883,4087,-2611
6001,1095,0,11036,347030876,-1217,10222
6001,1095,1,11037,347889869,-4246,3661
6001,1095,2,11038,348748862,-2069,-7913
6001,1095,3,11039,349607855,-2293,989
6001,1096,0,11040,350466848,102,1309
6001,1096,1,11041,351325841,3003,-1847
6001,1096,2,11042,352184834,658,655
6001,1096,3,11043,353043827,556,-4179
6001,1097,0,11044,353902820,157,-517
6001,1097,1,11045,354761813,-4307,9805
6001,1097,2,11046,355620806,-262,4257
6001,1097,3,11047,356479799,5320,-1608
6001,1098,0,11048,357338792,3014,5536
6001,1098,1,11049,358197785,1144,3594
6001,1098,2,11050,359056778,-3861,-72
6001,1098,3,11051,359915771,-4411,7672
6001,1099,0,11052,360774764,906,5003
6001,1099,1,11053,361633757,-829,-340
6001,1099,2,11054,362492750,1776,540
6001,1099,3,11055,363351743,2479,-3999
6001,1100,0,11056,364210736,-3393,-1364
6001,1100,1,11057,365069729,80,2999
6001,1100,2,11058,365928722,2802,-745
6001,1100,3,11059,366787715,1846,2494
6001,1101,0,11060,367646708,-128,5079
6001,1101,1,11061,368505701,-3504,-542
6001,1101,2,11062,369364694,567,-1077
6001,1101,3,11063,370223687,3048,1882
6001,1102,0,11064,371082680,2322,4742
6001,1102,1,11065,371941673,2710,7098
6001,1102,2,11066,372800666,2394,-1209
6001,1102,3,11067,373659659,6662,-5774
6001,1103,0,11068,374518652,8975,1985
6001,1103,1,11069,375377645,6501,-1578
6001,1103,2,11070,376236638,-511,-2222
6001,1103,3,11071,377095631,-5959,7090
6001,1104,0,11072,377954624,1280,1692
6001,1104,1,11073,378813617,2768,1188
6001,1104,2,11074,379672610,-1457,5276
6001,1104,3,11075,380531603,218,-4724
6001,1105,0,11076,381390596,-4553,-3814
6001,1105,1,11077,382249589,-5265,2215
6001,1105,2,11078,383108582,-154,-4215
6001,1105,3,11079,383967575,-728,-4192
6001,1106,0,11080,384826568,1708,2722
6001,1106,1,11081,385685561,-493,3552
6001,1106,2,11082,386544554,-7815,2500
6001,1106,3,11083,387403547,-5647,3871
6001,1107,0,11084,388262540,-1481,4385
6001,1107,1,11085,389121533,1583,2269
6001,1107,2,11086,389980526,3258,-1876
6001,1107,3,11087,390839519,-1518,-3538
6001,1108,0,11088,391698512,544,-2156
6001,1108,1,11089,392557505,4795,-2491
6001,1108,2,11090,393416498,-2336,974
6001,1108,3,11091,394275491,-2699,2059
6001,1109,0,11092,395134484,1678,-6331
6001,1109,1,11093,395993477,-2178,-5604
6001,1109,2,11094,396852470,-3096,2788
6001,1109,3,11095,397711463,220,1908
6001,1110,0,11096,398570456,7277,-1836
6001,1110,1,11097,399429449,7293,3911
6001,1110,2,11098,400288442,-1345,9996
6001,1110,3,11099,401147435,3132,1945
6001,1111,0,11100,402006428,1243,-1558
6001,1111,1,11101,402865421,-8207,4871
6001,1111,2,11102,403724414,-800,316
6001,1111,3,11103,404583407,-555,-4051
6001,1112,0,11104,405442400,-7574,-1203
6001,1112,1,11105,406301393,-3132,-715
6001,1112,2,11106,407160386,3329,982
6001,1112,3,11107,408019379,5810,3552
6001,1113,0,11108,408878372,1586,1973
6001,1113,1,11109,409737365,-2231,-3768
6001,1113,2,11110,410596358,-1076,-1746
6001,1113,3,11111,411455351,2041,5741
6001,1114,0,11112,412314344,2197,3999
6001,1114,1,11113,413173337,-2998,769
6001,1114,2,11114,414032330,1591,-678
6001,1114,3,11115,414891323,3801,1723
6001,1115,0,11116,415750316,-3985,3648
6001,1115,1,11117,416609309,-121,-6328
6001,1115,2,11118,417468302,3806,-4656
6001,1115,3,11119,418327295,1262,5665
6001,1116,0,11120,419186288,-910,-612
6001,1116,1,11121,420045281,-2568,-5935
6001,1116,2,11122,420904274,-1544,-1491
6001,1116,3,11123,421763267,-5089,3412
6001,1117,0,11124,422622260,-3638,1906
6001,1117,1,11125,423481253,-284,-3800
6001,1117,2,11126,424340246,588,-1199
6001,1117,3,11127,425199239,9214,-493
6001,1118,0,11128,426058232,2371,-4021
6001,1118,1,11129,426917225,-8260,-2423
6001,1118,2,11130,427776218,-4574,-869
6001,1118,3,11131,428635211,-6002,5292
6001,1119,0,11132,429494204,-3620,3223
6001,1119,1,11133,430353197,-3584,-11062
6001,1119,2,11134,431212190,-6807,-3266
6001,1119,3,11135,432071183,-564,9012
6001,1120,0,11136,432930176,-1777,1488
6001,1120,1,11137,433789169,-2700,3141
6001,1120,2,11138,434648162,-1066,1462
6001,1120,3,11139,435507155,-3557,-8554
6001,1121,0,11140,436366148,911,5068
6001,1121,1,11141,437225141,3524,9441
6001,1121,2,11142,438084134,1140,-3120
6001,1121,3,11143,438943127,327,3912
6001,1122,0,11144,439802120,4620,4974
6001,1122,1,11145,440661113,4453,-3673
6001,1122,2,11146,441520106,-5981,-815
6001,1122,3,11147,442379099,-4796,-502
6001,1123,0,11148,443238092,-853,1197
6001,1123,1,11149,444097085,-1712,2118
6001,1123,2,11150,444956078,848,-3784
6001,1123,3,11151,445815071,-3634,-1742
6001,1124,0,11152,446674064,-1596,-422
6001,1124,1,11153,447533057,-239,-6012
6001,1124,2,11154,448392050,-6264,-7305
6001,1124,3,11155,449251043,1337,-2538
6001,1125,0,11156,450110036,4746,4785
6001,1125,1,11157,450969029,5537,4169
6001,1125,2,11158,451828022,9350,-2915
6001,1125,3,11159,452687015,2883,-1681
6001,1126,0,11160,453546008,1794,1225
6001,1126,1,11161,454405001,-1448,-340
6001,1126,2,11162,455263994,-6062,2305
6001,1126,3,11163,456122987,2204,2035
6001,1127,0,11164,456981980,3151,495
6001,1127,1,11165,457840973,-80,4770
6001,1127,2,11166,458699966,2714,709
6001,1127,3,11167,459558959,2488,-3824
6001,1128,0,11168,460417952,-208,-2120
6001,1128,1,11169,461276945,-1609,-4543
6001,1128,2,11170,462135938,-732,-3308
6001,1128,3,11171,462994931,170,-501
6001,1129,0,11172,463853924,1399,4898
6001,1129,1,11173,464712917,-197,6954
6001,1129,2,11174,465571910,247,-3510
6001,1129,3,11175,466430903,8533,-2070
6001,1130,0,11176,467289896,5507,-841
6001,1130,1,11177,468148889,-1537,-3667
6001,1130,2,11178,469007882,3400,7328
6001,1130,3,11179,469866875,2882,1235
6001,1131,0,11180,470725868,-1066,-5510
6001,1131,1,11181,471584861,-165,1600
6001,1131,2,11182,472443854,-3279,-4832
6001,1131,3,11183,473302847,-4930,-2207
6001,1132,0,11184,474161840,4138,2156
6001,1132,1,11185,475020833,7805,-6061
6001,1132,2,11186,475879826,-4939,-3021
6001,1132,3,11187,476738819,-5061,842
6001,1133,0,11188,477597812,6951,-773
6001,1133,1,11189,478456805,1002,-2765
6001,1133,2,11190,479315798,-1830,-3326
6001,1133,3,11191,480174791,7468,1775
6001,1134,0,11192,481033784,3588,1360
6001,1134,1,11193,481892777,231,-2415
6001,1134,2,11194,482751770,5833,-427
6001,1134,3,11195,483610763,369,1717
6001,1135,0,11196,484469756,-6874,-2369
6001,1135,1,11197,485328749,-5536,-3281
6001,1135,2,11198,486187742,-4659,4099
6001,1135,3,11199,487046735,158,4402
6001,1136,0,11200,487905728,637,3560
6001,1136,1,11201,488764721,-5846,3251
6001,1136,2,11202,489623714,-788,-3361
6001,1136,3,11203,490482707,2292,-695
6001,1137,0,11204,491341700,-2798,3877
6001,1137,1,11205,492200693,-5284,1210
6001,1137,2,11206,493059686,-6634,-3404
6001,1137,3,11207,493918679,-353,-4742
6001,1138,0,11208,494777672,-583,-262
6001,1138,1,11209,495636665,-6464,-3872
6001,1138,2,11210,496495658,-397,-3557
6001,1138,3,11211,497354651,247,505
6001,1139,0,11212,498213644,-1090,-4679
6001,1139,1,11213,499072637,-1632,82
6001,1139,2,11214,499931630,-5517,-2065
6001,1139,3,11215,500790623,-1672,-9651
6001,1140,0,11216,501649616,-4976,-3334
6001,1140,1,11217,502508609,-3468,-4517
6001,1140,2,11218,503367602,3531,-1534
6001,1140,3,11219,504226595,-5633,4741
6001,1141,0,11220,505085588,-387,1517
6001,1141,1,11221,505944581,7022,1954
6001,1141,2,11222,506803574,-1379,-1194
6001,1141,3,11223,507662567,2015,287
6001,1142,0,11224,508521560,2655,4209
6001,1142,1,11225,509380553,329,1512
6001,1142,2,11226,510239546,1230,3663
6001,1142,3,11227,511098539,-4918,-988
6001,1143,0,11228,511957532,-1009,-3103
6001,1143,1,11229,512816525,1692,1874
6001,1143,2,11230,513675518,-3636,-3696
6001,1143,3,11231,514534511,-2124,-5241
6001,1144,0,11232,515393504,-3100,3519
6001,1144,1,11233,516252497,-54,10389
6001,1144,2,11234,517111490,4995,1808
6001,1144,3,11235,517970483,-2275,-6675
6001,1145,0,11236,518829476,-5332,6687
6001,1145,1,11237,519688469,574,9540
6001,1145,2,11238,520547462,2650,-439
6001,1145,3,11239,521406455,1042,-375
6001,1146,0,11240,522265448,767,-2742
6001,1146,1,11241,523124441,1733,-4715
6001,1146,2,11242,523983434,484,-3176
6001,1146,3,11243,524842427,-319,-1197
6001,1147,0,11244,525701420,2276,3537
6001,1147,1,11245,526560413,4128,4141
6001,1147,2,11246,527419406,4242,4122
6001,1147,3,11247,528278399,2700,3712
6001,1148,0,11248,529137392,-1434,-979
6001,1148,1,11249,529996385,-443,-2975
6001,1148,2,11250,530855378,3848,-2925
6001,1148,3,11251,531714371,-1060,-4042
6001,1149,0,11252,532573364,-7184,-1022
6001,1149,1,11253,533432357,-6469,827
6001,1149,2,11254,534291350,-3768,-4420
6001,1149,3,11255,535150343,-1644,501
6001,1150,0,11256,536009336,-2759,5877
6001,1150,1,11257,536868329,1440,-4349
6001,1150,2,11258,537727322,4434,-2093
6001,1150,3,11259,538586315,-3432,2433
6001,1151,0,11260,539445308,1293,-6409
6001,1151,1,11261,540304301,7086,-65
6001,1151,2,11262,541163294,-3880,5724
6001,1151,3,11263,542022287,-5405,-2606
6001,1152,0,11264,542881280,-1020,1515
6001,1152,1,11265,543740273,-515,10116
6001,1152,2,11266,544599266,2176,4388
6001,1152,3,11267,545458259,849,-2446
6001,1153,0,11268,546317252,3911,1564
6001,1153,1,11269,547176245,5252,5113
6001,1153,2,11270,548035238,-5678,3883
6001,1153,3,11271,548894231,-6390,2156
6001,1154,0,11272,549753224,1316,-2956
6001,1154,1,11273,550612217,-587,-4911
6001,1154,2,11274,551471210,149,-229
6001,1154,3,11275,552330203,4863,2349
6001,1155,0,11276,553189196,-872,-946
6001,1155,1,11277,554048189,-872,-1754
6001,1155,2,11278,554907182,7937,2834
6001,1155,3,11279,555766175,284,1591
6001,1156,0,11280,556625168,-6562,687
6001,1156,1,11281,557484161,-1011,4126
6001,1156,2,11282,558343154,-1309,4750
6001,1156,3,11283,559202147,3150,4319
6001,1157,0,11284,560061140,5448,-5210
6001,1157,1,11285,560920133,-2819,-8173
6001,1157,2,11286,561779126,-3409,7096
6001,1157,3,11287,562638119,-3164,9284
6001,1158,0,11288,563497112,-1513,-1517
6001,1158,1,11289,564356105,1768,-6154
6001,1158,2,11290,565215098,-2845,-4869
6001,1158,3,11291,566074091,-865,-2234
6001,1159,0,11292,566933084,3288,-1137
6001,1159,1,11293,567792077,3603,2002
6001,1159,2,11294,568651070,3903,1570
6001,1159,3,11295,569510063,-263,780
6001,1160,0,11296,570369056,4238,4015
6001,1160,1,11297,571228049,6939,4084
6001,1160,2,11298,572087042,-2544,5776
6001,1160,3,11299,572946035,-2569,2780
6001,1161,0,11300,573805028,3315,-485
6001,1161,1,11301,574664021,9195,1153
6001,1161,2,11302,575523014,9181,-3893
6001,1161,3,11303,576382007,-1757,-421
6001,1162,0,11304,577241000,-894,3580
6001,1162,1,11305,578099993,4225,431
6001,1162,2,11306,578958986,-2012,6963
6001,1162,3,11307,579817979,-3331,3401
6001,1163,0,11308,580676972,-332,-4766
6001,1163,1,11309,581535965,-1905,-1707
6001,1163,2,11310,582394958,-1078,-3584
6001,1163,3,11311,583253951,5813,-3551
6001,1164,0,11312,584112944,7017,2302
6001,1164,1,11313,584971937,-63,1562
6001,1164,2,11314,585830930,-1992,-7045
6001,1164,3,11315,586689923,-41,-7401
6001,1165,0,11316,587548916,-1022,4186
6001,1165,1,11317,588407909,-7558,4397
6001,1165,2,11318,589266902,-11744,-657
6001,1165,3,11319,590125895,-1603,513
6001,1166,0,11320,590984888,5130,-673
6001,1166,1,11321,591843881,-47,-156
6001,1166,2,11322,592702874,-2747,1799
6001,1166,3,11323,593561867,-855,2723
6001,1167,0,11324,594420860,2703,-449
6001,1167,1,11325,595279853,1833,-4424
6001,1167,2,11326,596138846,1825,970
6001,1167,3,11327,596997839,3883,6282
6001,1168,0,11328,597856832,-114,4931
6001,1168,1,11329,598715825,1758,-1825
6001,1168,2,11330,599574818,1865,-5196
6001,1168,3,11331,600433811,-3483,-56
6001,1169,0,11332,601292804,-80,1458
6001,1169,1,11333,602151797,-3629,3297
6001,1169,2,11334,603010790,-5682,2790
6001,1169,3,11335,603869783,3987,-1905
6001,1170,0,11336,604728776,464,135
6001,1170,1,11337,605587769,-6382,911
6001,1170,2,11338,606446762,-2678,3770
6001,1170,3,11339,607305755,299,5657
6001,1171,0,11340,608164748,1328,3251
6001,1171,1,11341,609023741,473,5675
6001,1171,2,11342,609882734,-1964,-104
6001,1171,3,11343,610741727,-2038,-1625
6001,1172,0,11344,611600720,-605,2854
6001,1172,1,11345,612459713,-1091,-3656
6001,1172,2,11346,613318706,1446,-1238
6001,1172,3,11347,614177699,6368,1040
6001,1173,0,11348,615036692,-453,-3932
6001,1173,1,11349,615895685,-8098,-3918
6001,1173,2,11350,616754678,-2503,-7242
6001,1173,3,11351,617613671,737,-2336
6001,1174,0,11352,618472664,-1691,3487
6001,1174,1,11353,619331657,-1374,475
6001,1174,2,11354,620190650,-2849,3579
6001,1174,3,11355,621049643,-2979,315
6001,1175,0,11356,621908636,4822,-2744
6001,1175,1,11357,622767629,7189,4879
6001,1175,2,11358,623626622,2309,329
6001,1175,3,11359,624485615,2003,-5973
6001,1176,0,11360,625344608,-2341,4031
6001,1176,1,11361,626203601,-3625,6236
6001,1176,2,11362,627062594,3275,-1294
6001,1176,3,11363,627921587,963,5166
6001,1177,0,11364,628780580,1661,7065
6001,1177,1,11365,629639573,5261,827
6001,1177,2,11366,630498566,1797,4841
6001,1177,3,11367,631357559,4031,-105
6001,1178,0,11368,632216552,2422,-2642
6001,1178,1,11369,633075545,-1215,3151
6001,1178,2,11370,633934538,2749,-4491
6001,1178,3,11371,634793531,3841,-1969
6001,1179,0,11372,635652524,720,2058
6001,1179,1,11373,636511517,-4598,-5630
6001,1179,2,11374,637370510,-2296,-1820
6001,1179,3,11375,638229503,-766,-684
6001,1180,0,11376,639088496,-2736,-545
6001,1180,1,11377,639947489,7851,-1007
6001,1180,2,11378,640806482,4106,-11642
6001,1180,3,11379,641665475,-1482,-1365
6001,1181,0,11380,642524468,8473,11570
6001,1181,1,11381,643383461,-1089,242
6001,1181,2,11382,644242454,-2121,-2940
6001,1181,3,11383,645101447,6896,2870
6001,1182,0,11384,645960440,-371,660
6001,1182,1,11385,646819433,5255,515
6001,1182,2,11386,647678426,3075,3296
6001,1182,3,11387,648537419,-8640,1273
6001,1183,0,11388,649396412,-220,-1288
6001,1183,1,11389,650255405,3386,-843
6001,1183,2,11390,651114398,1400,1832
6001,1183,3,11391,651973391,1603,5959
6001,1184,0,11392,652832384,-2103,1819
6001,1184,1,11393,653691377,-5431,-3575
6001,1184,2,11394,654550370,-3383,88
6001,1184,3,11395,655409363,7124,-1094
6001,1185,0,11396,656268356,2561,1328
6001,1185,1,11397,657127349,-4036,8311
6001,1185,2,11398,657986342,7898,531
6001,1185,3,11399,658845335,5199,-1097
6001,1186,0,11400,659704328,-870,5421
6001,1186,1,11401,660563321,23,272
6001,1186,2,11402,661422314,-5523,1449
6001,1186,3,11403,662281307,-1796,4599
6001,1187,0,11404,663140300,-836,-3015
6001,1187,1,11405,663999293,-3578,-3584
6001,1187,2,11406,664858286,-1080,-4312
6001,1187,3,11407,665717279,132,-7526
6001,1188,0,11408,666576272,8680,1344
6001,1188,1,11409,667435265,5708,3803
6001,1188,2,11410,668294258,-3909,-1080
6001,1188,3,11411,669153251,-76,1306
6001,1189,0,11412,670012244,-2529,-507
6001,1189,1,11413,670871237,-1112,-1601
6001,1189,2,11414,671730230,2481,923
6001,1189,3,11415,672589223,-4138,-228
6001,1190,0,11416,673448216,-403,-265
6001,1190,1,11417,674307209,3633,-7462
6001,1190,2,11418,675166202,515,-10613
6001,1190,3,11419,676025195,778,-673
6001,1191,0,11420,676884188,3267,-255
6001,1191,1,11421,677743181,3524,-545
6001,1191,2,11422,678602174,-5595,3895
6001,1191,3,11423,679461167,-5781,2339
6001,1192,0,11424,680320160,3566,3531
6001,1192,1,11425,681179153,1065,3311
6001,1192,2,11426,682038146,-1397,3720
6001,1192,3,11427,682897139,-3760,3492
6001,1193,0,11428,683756132,-6406,-4674
6001,1193,1,11429,684615125,-2558,-2445
6001,1193,2,11430,685474118,-5066,470
6001,1193,3,11431,686333111,-4014,-897
6001,1194,0,11432,687192104,2857,8967
6001,1194,1,11433,688051097,265,4836
6001,1194,2,11434,688910090,-2497,-6899
6001,1194,3,11435,689769083,-1760,623
6001,1195,0,11436,690628076,-2212,6106
6001,1195,1,11437,691487069,102,2775
6001,1195,2,11438,692346062,3094,1063
6001,1195,3,11439,693205055,2357,1824
6001,1196,0,11440,694064048,1190,3565
6001,1196,1,11441,694923041,-2053,941
6001,1196,2,11442,695782034,-5185,1357
6001,1196,3,11443,696641027,3119,2241
6001,1197,0,11444,697500020,5604,-2820
6001,1197,1,11445,698359013,-3647,-1573
6001,1197,2,11446,699218006,-2418,2124
6001,1197,3,11447,700076999,-1937,3973
6001,1198,0,11448,700935992,-6487,4108
6001,1198,1,11449,701794985,-6793,-1928
6001,1198,2,11450,702653978,-6864,-62
6001,1198,3,11451,703512971,-635,2915
6001,1199,0,11452,704371964,621,-3164
6001,1199,1,11453,705230957,-4186,-172
6001,1199,2,11454,706089950,-873,3915
6001,1199,3,11455,706948943,-2210,3023
6001,1200,0,11456,707807936,-7402,4235
6001,1200,1,11457,708666929,-5570,-552
6001,1200,2,11458,709525922,2005,-727
6001,1200,3,11459,710384915,4268,391
6001,1201,0,11460,711243908,-664,-5486
6001,1201,1,11461,712102901,5556,1644
6001,1201,2,11462,712961894,7698,4909
6001,1201,3,11463,713820887,-131,-6754
6001,1202,0,11464,714679880,4640,-4842
6001,1202,1,11465,715538873,6486,1625
6001,1202,2,11466,716397866,-1607,-3068
6001,1202,3,11467,717256859,-5556,-4918
6001,1203,0,11468,718115852,-641,-1309
6001,1203,1,11469,718974845,5647,-2670
6001,1203,2,11470,719833838,1322,-5161
6001,1203,3,11471,720692831,617,752
6001,1204,0,11472,721551824,3306,3886
6001,1204,1,11473,722410817,1009,-61
6001,1204,2,11474,723269810,1012,-3324
6001,1204,3,11475,724128803,-1053,-4959
6001,1205,0,11476,724987796,3021,1472
6001,1205,1,11477,725846789,5704,2052
6001,1205,2,11478,726705782,-1067,-3439
6001,1205,3,11479,727564775,-849,5379
6001,1206,0,11480,728423768,653,4158
6001,1206,1,11481,729282761,3779,-1727
6001,1206,2,11482,730141754,440,4886
6001,1206,3,11483,731000747,-5029,-4020
6001,1207,0,11484,731859740,5432,-7145
6001,1207,1,11485,732718733,1304,1440
6001,1207,2,11486,733577726,-2027,-4518
6001,1207,3,11487,734436719,7673,-331
6001,1208,0,11488,735295712,46,4184
6001,1208,1,11489,736154705,2731,-3823
6001,1208,2,11490,737013698,4452,-2184
6001,1208,3,11491,737872691,-6384,-3198
6001,1209,0,11492,738731684,1450,-3983
6001,1209,1,11493,739590677,1069,1724
6001,1209,2,11494,740449670,-4129,579
6001,1209,3,11495,741308663,2920,-336
6001,1210,0,11496,742167656,777,-215
6001,1210,1,11497,743026649,-1791,1782
6001,1210,2,11498,743885642,2845,4894
6001,1210,3,11499,744744635,6268,3038
6001,1211,0,11500,745603628,-2765,1052
6001,1211,1,11501,746462621,-11869,-4644
6001,1211,2,11502,747321614,-497,-4324
6001,1211,3,11503,748180607,3476,1413
6001,1212,0,11504,749039600,-5239,-2291
6001,1212,1,11505,749898593,-3851,809
6001,1212,2,11506,750757586,-1489,1413
6001,1212,3,11507,751616579,-4811,-6134
6001,1213,0,11508,752475572,-1090,1576
6001,1213,1,11509,753334565,10278,4345
6001,1213,2,11510,754193558,8441,-808
6001,1213,3,11511,755052551,1451,2274
6001,1214,0,11512,755911544,3169,-1077
6001,1214,1,11513,756770537,2241,-3618
6001,1214,2,11514,757629530,6273,-2070
6001,1214,3,11515,758488523,4700,-4094
6001,1215,0,11516,759347516,-5627,-1895
6001,1215,1,11517,760206509,-3138,-123
6001,1215,2,11518,761065502,-1489,2704
6001,1215,3,11519,761924495,923,2190
6001,1216,0,11520,762783488,4722,-5402
6001,1216,1,11521,763642481,-43,-206
6001,1216,2,11522,764501474,2418,6678
6001,1216,3,11523,765360467,4069,5098
6001,1217,0,11524,766219460,385,2329
6001,1217,1,11525,767078453,-3850,-7632
6001,1217,2,11526,767937446,-6493,-5471
6001,1217,3,11527,768796439,1683,2645
6001,1218,0,11528,769655432,3116,-4052
6001,1218,1,11529,770514425,2448,-556
6001,1218,2,11530,771373418,6387,4145
6001,1218,3,11531,772232411,532,-1950
6001,1219,0,11532,773091404,1422,-2998
6001,1219,1,11533,773950397,2606,-5383
6001,1219,2,11534,774809390,-2792,288
6001,1219,3,11535,775668383,-109,6540
6001,1220,0,11536,776527376,1321,1556
6001,1220,1,11537,777386369,1715,5228
6001,1220,2,11538,778245362,-989,2646
6001,1220,3,11539,779104355,-4266,-5377
6001,1221,0,11540,779963348,2237,-2751
6001,1221,1,11541,780822341,4196,-2652
6001,1221,2,11542,781681334,1812,1394
6001,1221,3,11543,782540327,1925,3830
6001,1222,0,11544,783399320,3402,2982
6001,1222,1,11545,784258313,3211,9356
6001,1222,2,11546,785117306,-1385,7737
6001,1222,3,11547,785976299,663,4699
6001,1223,0,11548,786835292,-302,1186
6001,1223,1,11549,787694285,-2326,-3782
6001,1223,2,11550,788553278,7730,2238
6001,1223,3,11551,789412271,4813,2180
6001,1224,0,11552,790271264,-3052,2885
6001,1224,1,11553,791130257,2381,4524
6001,1224,2,11554,791989250,1873,-6784
6001,1224,3,11555,792848243,-3563,-4141
6001,1225,0,11556,793707236,-6456,437
6001,1225,1,11557,794566229,-4279,-7635
6001,1225,2,11558,795425222,1109,-3447
6001,1225,3,11559,796284215,-2214,3800
6001,1226,0,11560,797143208,-4026,2754
6001,1226,1,11561,798002201,1041,1338
6001,1226,2,11562,798861194,640,2392
6001,1226,3,11563,799720187,-2035,1220
6001,1227,0,11564,800579180,-3069,-1719
6001,1227,1,11565,801438173,-3529,112
6001,1227,2,11566,802297166,-437,-4215
6001,1227,3,11567,803156159,-204,-6930
6001,1228,0,11568,804015152,-3387,961
6001,1228,1,11569,804874145,-781,1246
6001,1228,2,11570,805733138,-731,530
6001,1228,3,11571,806592131,-3451,1558
6001,1229,0,11572,807451124,-607,-2409
6001,1229,1,11573,808310117,-2074,-1968
6001,1229,2,11574,809169110,-3312,3
6001,1229,3,11575,810028103,-1693,-1027
6001,1230,0,11576,810887096,-3400,-4099
6001,1230,1,11577,811746089,-749,-1087
6001,1230,2,11578,812605082,-2594,3967
6001,1230,3,11579,813464075,-3802,-3202
6001,1231,0,11580,814323068,2631,-5836
6001,1231,1,11581,815182061,-3582,-1612
6001,1231,2,11582,816041054,-4351,-908
6001,1231,3,11583,816900047,5716,166
6001,1232,0,11584,817759040,377,-2941
6001,1232,1,11585,818618033,-3303,-1828
6001,1232,2,11586,819477026,2078,-479
6001,1232,3,11587,820336019,2978,-2069
6001,1233,0,11588,821195012,2144,6088
6001,1233,1,11589,822054005,274,5700
6001,1233,2,11590,822912998,1438,1692
6001,1233,3,11591,823771991,1822,5560
6001,1234,0,11592,824630984,-1372,3726
6001,1234,1,11593,825489977,1456,4956
6001,1234,2,11594,826348970,2432,2230
6001,1234,3,11595,827207963,-2116,-3983
6001,1235,0,11596,828066956,-2918,-1039
6001,1235,1,11597,828925949,-1050,-4641
6001,1235,2,11598,829784942,654,-4948
6001,1235,3,11599,830643935,-905,1786
6001,1236,0,11600,831502928,-4226,2446
6001,1236,1,11601,832361921,-4096,3890
6001,1236,2,11602,833220914,-2696,-1400
6001,1236,3,11603,834079907,697,-5859
6001,1237,0,11604,834938900,2695,203
6001,1237,1,11605,835797893,-2571,-482
6001,1237,2,11606,836656886,-3829,-2630
6001,1237,3,11607,837515879,161,-516
6001,1238,0,11608,838374872,-3695,-1226
6001,1238,1,11609,839233865,-7177,-1333
6001,1238,2,11610,840092858,-3911,227
6001,1238,3,11611,840951851,-2701,-532
6001,1239,0,11612,841810844,-1226,-4158
6001,1239,1,11613,842669837,-734,78
6001,1239,2,11614,843528830,-1152,3504
6001,1239,3,11615,844387823,3958,-7563
6001,1240,0,11616,845246816,2615,-4665
6001,1240,1,11617,846105809,-370,9319
6001,1240,2,11618,846964802,5669,3202
6001,1240,3,11619,847823795,766,-2781
6001,1241,0,11620,848682788,-6175,1668
6001,1241,1,11621,849541781,-239,1807
6001,1241,2,11622,850400774,-321,1905
6001,1241,3,11623,851259767,-1422,-431
6001,1242,0,11624,852118760,887,-2506
6001,1242,1,11625,852977753,-1341,2682
6001,1242,2,11626,853836746,779,3554
6001,1242,3,11627,854695739,-345,400
6001,1243,0,11628,855554732,-2922,-888
6001,1243,1,11629,856413725,4499,-2189
6001,1243,2,11630,857272718,5923,3152
6001,1243,3,11631,858131711,1631,8496
6001,1244,0,11632,858990704,1032,2525
6001,1244,1,11633,859849697,1025,-1387
6001,1244,2,11634,860708690,5579,-486
6001,1244,3,11635,861567683,7942,-3700
6001,1245,0,11636,862426676,1324,-1902
6001,1245,1,11637,863285669,-792,310
6001,1245,2,11638,864144662,6980,-4548
6001,1245,3,11639,865003655,7908,-2212
6001,1246,0,11640,865862648,-1903,1962
6001,1246,1,11641,866721641,-5570,842
6001,1246,2,11642,867580634,-4984,1355
6001,1246,3,11643,868439627,-5540,-3226
6001,1247,0,11644,869298620,-2188,-5672
6001,1247,1,11645,870157613,1131,217
6001,1247,2,11646,871016606,2679,1288
6001,1247,3,11647,871875599,-1680,210
6001,1248,0,11648,872734592,-5361,303
6001,1248,1,11649,873593585,466,-1950
6001,1248,2,11650,874452578,-501,-6667
6001,1248,3,11651,875311571,-3610,-7609
6001,1249,0,11652,876170564,-511,143
6001,1249,1,11653,877029557,-453,781
6001,1249,2,11654,877888550,3837,-1017
6001,1249,3,11655,878747543,4827,4189
6001,1250,0,11656,879606536,-1766,1137
6001,1250,1,11657,880465529,-1228,-1167
6001,1250,2,11658,881324522,-109,-2522
6001,1250,3,11659,882183515,-303,-5047
6001,1251,0,11660,883042508,1926,3125
6001,1251,1,11661,883901501,683,1764
6001,1251,2,11662,884760494,-2062,-1078
6001,1251,3,11663,885619487,-2379,3392
6001,1252,0,11664,886478480,-641,-2505
6001,1252,1,11665,887337473,-2477,1133
6001,1252,2,11666,888196466,-3336,2186
6001,1252,3,11667,889055459,1664,-7820
6001,1253,0,11668,889914452,-1169,-597
6001,1253,1,11669,890773445,-4388,2309
6001,1253,2,11670,891632438,3090,-2381
6001,1253,3,11671,892491431,2599,-2594
6001,1254,0,11672,893350424,-2540,-4983
6001,1254,1,11673,894209417,4096,481
6001,1254,2,11674,895068410,7412,-2136
6001,1254,3,11675,895927403,2624,-4306
6001,1255,0,11676,896786396,2148,6078
6001,1255,1,11677,897645389,-869,-3182
6001,1255,2,11678,898504382,-4528,-8143
6001,1255,3,11679,899363375,-2364,2636
6001,1256,0,11680,900222368,-1768,1472
6001,1256,1,11681,901081361,2254,2101
6001,1256,2,11682,901940354,3382,67
6001,1256,3,11683,902799347,-3986,-1615
6001,1257,0,11684,903658340,-2916,7564
6001,1257,1,11685,904517333,-915,1893
6001,1257,2,11686,905376326,-4137,-5373
6001,1257,3,11687,906235319,-590,-898
6001,1258,0,11688,907094312,3922,-430
6001,1258,1,11689,907953305,2092,2407
6001,1258,2,11690,908812298,-2461,555
6001,1258,3,11691,909671291,-1997,-5756
6001,1259,0,11692,910530284,-728,1564
6001,1259,1,11693,911389277,-445,6326
6001,1259,2,11694,912248270,7802,-1389
6001,1259,3,11695,913107263,5995,-4249
6001,1260,0,11696,913966256,-4843,-2308
6001,1260,1,11697,914825249,-388,-3987
6001,1260,2,11698,915684242,4693,-2326
6001,1260,3,11699,916543235,2456,3778
6001,1261,0,11700,917402228,952,2286
6001,1261,1,11701,918261221,-1271,-4573
6001,1261,2,11702,919120214,1629,-3694
6001,1261,3,11703,919979207,3846,3702
6001,1262,0,11704,920838200,-1113,5867
6001,1262,1,11705,921697193,-2803,539
6001,1262,2,11706,922556186,3398,-1900
6001,1262,3,11707,923415179,7393,838
6001,1263,0,11708,924274172,1694,-2771
6001,1263,1,11709,925133165,-250,-9426
6001,1263,2,11710,925992158,2420,-3222
6001,1263,3,11711,926851151,-3443,4319
6001,1264,0,11712,927710144,-5496,1581
6001,1264,1,11713,928569137,708,3365
6001,1264,2,11714,929428130,3227,2439
6001,1264,3,11715,930287123,3262,-3971
6001,1265,0,11716,931146116,1803,2034
6001,1265,1,11717,932005109,-349,6890
6001,1265,2,11718,932864102,-1919,5378
6001,1265,3,11719,933723095,-2046,3877
6001,1266,0,11720,934582088,4399,-3383
6001,1266,1,11721,935441081,6589,-3014
6001,1266,2,11722,936300074,-271,624
6001,1266,3,11723,937159067,354,-2146
6001,1267,0,11724,938018060,3843,702
6001,1267,1,11725,938877053,-381,2976
6001,1267,2,11726,939736046,-4417,826
6001,1267,3,11727,940595039,-5265,-1423
6001,1268,0,11728,941454032,-3945,-296
6001,1268,1,11729,942313025,-1060,2982
6001,1268,2,11730,943172018,1402,673
6001,1268,3,11731,944031011,-506,3003
6001,1269,0,11732,944890004,-6112,2527
6001,1269,1,11733,945748997,-5749,-776
6001,1269,2,11734,946607990,-1936,8234
6001,1269,3,11735,947466983,1587,4590
6001,1270,0,11736,948325976,-127,-297
6001,1270,1,11737,949184969,-9719,7461
6001,1270,2,11738,950043962,-6436,2735
6001,1270,3,11739,950902955,-1269,1942
6001,1271,0,11740,951761948,-6161,1275
6001,1271,1,11741,952620941,-419,-4124
6001,1271,2,11742,953479934,977,4805
6001,1271,3,11743,954338927,-2807,3835
6001,1272,0,11744,955197920,-19,-1868
6001,1272,1,11745,956056913,-2310,1236
6001,1272,2,11746,956915906,-1062,-1980
6001,1272,3,11747,957774899,-909,-2510
6001,1273,0,11748,958633892,-596,-669
6001,1273,1,11749,959492885,406,-390
6001,1273,2,11750,960351878,-7131,-2778
6001,1273,3,11751,961210871,838,-6077
6001,1274,0,11752,962069864,1144,-1924
6001,1274,1,11753,962928857,-9420,-5194
6001,1274,2,11754,963787850,1616,-6666
6001,1274,3,11755,964646843,-1728,2088
6001,1275,0,11756,965505836,-6221,-113
6001,1275,1,11757,966364829,-786,-1056
6001,1275,2,11758,967223822,-9261,5788
6001,1275,3,11759,968082815,339,4500
6001,1276,0,11760,968941808,4927,-734
6001,1276,1,11761,969800801,-1561,2463
6001,1276,2,11762,970659794,7243,6026
6001,1276,3,11763,971518787,-1063,-1181
6001,1277,0,11764,972377780,-4526,-879
6001,1277,1,11765,973236773,4453,2707
6001,1277,2,11766,974095766,-793,-1487
6001,1277,3,11767,974954759,1653,1814
6001,1278,0,11768,975813752,4096,1580
6001,1278,1,11769,976672745,-1122,147
6001,1278,2,11770,977531738,-1957,3389
6001,1278,3,11771,978390731,1251,-973
6001,1279,0,11772,979249724,3038,-206
6001,1279,1,11773,980108717,-4117,367
6001,1279,2,11774,980967710,-2487,-391
6001,1279,3,11775,981826703,2234,4883
6001,1280,0,11776,982685696,-1052,151
6001,1280,1,11777,983544689,919,-3473
6001,1280,2,11778,984403682,-1582,1345
6001,1280,3,11779,985262675,-1596,2616
6001,1281,0,11780,986121668,-230,-1608
6001,1281,1,11781,986980661,-3964,-3429
6001,1281,2,11782,987839654,1166,1111
6001,1281,3,11783,988698647,-1377,-2638
6001,1282,0,11784,989557640,-2109,-272
6001,1282,1,11785,990416633,4252,5082
6001,1282,2,11786,991275626,-4654,-5044
6001,1282,3,11787,992134619,-5802,-944
6001,1283,0,11788,992993612,388,-323
6001,1283,1,11789,993852605,-3003,-5368
6001,1283,2,11790,994711598,-4457,8984
6001,1283,3,11791,995570591,-1076,5016
6001,1284,0,11792,996429584,2613,1678
6001,1284,1,11793,997288577,-900,7008
6001,1284,2,11794,998147570,1508,-3782
6001,1284,3,11795,999006563,8899,3504
6001,1285,0,11796,999865556,3350,5039
6001,1285,1,11797,1000724549,3197,-5447
6001,1285,2,11798,1001583542,6336,4110
6001,1285,3,11799,1002442535,1616,3122
6001,1286,0,11800,1003301528,238,-1239
6001,1286,1,11801,1004160521,1712,1313
6001,1286,2,11802,1005019514,3109,-625
6001,1286,3,11803,1005878507,191,2569
6001,1287,0,11804,1006737500,538,490
6001,1287,1,11805,1007596493,566,1397
6001,1287,2,11806,1008455486,-6179,3295
6001,1287,3,11807,1009314479,366,-2257
6001,1288,0,11808,1010173472,3604,4032
6001,1288,1,11809,1011032465,-2220,4434
6001,1288,2,11810,1011891458,-147,2397
6001,1288,3,11811,1012750451,-3932,11700
6001,1289,0,11812,1013609444,-2331,5514
6001,1289,1,11813,1014468437,-572,-2130
6001,1289,2,11814,1015327430,-8736,2517
6001,1289,3,11815,1016186423,-1882,4516
6001,1290,0,11816,1017045416,2033,6617
6001,1290,1,11817,1017904409,-3298,4229
6001,1290,2,11818,1018763402,-1153,-1088
6001,1290,3,11819,1019622395,-2221,252
6001,1291,0,11820,1020481388,-1015,3018
6001,1291,1,11821,1021340381,2810,4379
6001,1291,2,11822,1022199374,1548,4850
6001,1291,3,11823,1023058367,-1399,3200
6001,1292,0,11824,1023917360,-3104,-1833
6001,1292,1,11825,1024776353,925,-3087
6001,1292,2,11826,1025635346,949,1203
6001,1292,3,11827,1026494339,-481,-3518
6001,1293,0,11828,1027353332,2956,-7959
6001,1293,1,11829,1028212325,-790,-148
6001,1293,2,11830,1029071318,-4428,3790
6001,1293,3,11831,1029930311,-5673,2502
6001,1294,0,11832,1030789304,-5667,751
6001,1294,1,11833,1031648297,1832,-3421
6001,1294,2,11834,1032507290,424,-3522
6001,1294,3,11835,1033366283,-4910,-1385
6001,1295,0,11836,1034225276,-753,3039
6001,1295,1,11837,1035084269,-1956,6613
6001,1295,2,11838,1035943262,-1740,-113
6001,1295,3,11839,1036802255,7597,-3545
6001,1296,0,11840,1037661248,6639,-1107
6001,1296,1,11841,1038520241,-1757,-5191
6001,1296,2,11842,1039379234,-965,-6396
6001,1296,3,11843,1040238227,1650,149
6001,1297,0,11844,1041097220,-2954,3811
6001,1297,1,11845,1041956213,-6207,-457
6001,1297,2,11846,1042815206,-563,-3582
6001,1297,3,11847,1043674199,5515,-687
6001,1298,0,11848,1044533192,1183,-41
6001,1298,1,11849,1045392185,-4756,-628
6001,1298,2,11850,1046251178,-1612,-3519
6001,1298,3,11851,1047110171,3241,-4237
6001,1299,0,11852,1047969164,3840,3775
6001,1299,1,11853,1048828157,3022,-821
6001,1299,2,11854,1049687150,1539,-10179
6001,1299,3,11855,1050546143,-3911,-2005
6001,1300,0,11856,1051405136,-5199,2676
6001,1300,1,11857,1052264129,3953,-138
6001,1300,2,11858,1053123122,3979,2113
6001,1300,3,11859,1053982115,-2927,969
6001,1301,0,11860,1054841108,-1285,-3628
6001,1301,1,11861,1055700101,-329,-2126
6001,1301,2,11862,1056559094,4291,2445
6001,1301,3,11863,1057418087,3921,1721
6001,1302,0,11864,1058277080,-6874,2713
6001,1302,1,11865,1059136073,-1503,5416
6001,1302,2,11866,1059995066,2368,-556
6001,1302,3,11867,1060854059,-3412,-3502
6001,1303,0,11868,1061713052,-684,776
6001,1303,1,11869,1062572045,-2786,2676
6001,1303,2,11870,1063431038,3592,2964
6001,1303,3,11871,1064290031,9315,1094
6001,1304,0,11872,1065149024,-4678,-420
6001,1304,1,11873,1066008017,-1529,-1580
6001,1304,2,11874,1066867010,4014,-6365
6001,1304,3,11875,1067726003,-2991,-6715
6001,1305,0,11876,1068584996,3146,-221
6001,1305,1,11877,1069443989,4160,-238
6001,1305,2,11878,1070302982,1066,-5139
6001,1305,3,11879,1071161975,837,1210
6001,1306,0,11880,1072020968,-1899,4678
6001,1306,1,11881,1072879961,5721,-3243
6001,1306,2,11882,1073738954,3496,150
6001,1306,3,11883,1074597947,-3081,4704
6001,1307,0,11884,1075456940,2910,175
6001,1307,1,11885,1076315933,-846,1784
6001,1307,2,11886,1077174926,-1014,2964
6001,1307,3,11887,1078033919,1372,416
6001,1308,0,11888,1078892912,-4856,-713
6001,1308,1,11889,1079751905,1520,-1216
6001,1308,2,11890,1080610898,4792,-617
6001,1308,3,11891,1081469891,971,-128
6001,1309,0,11892,1082328884,1491,2198
6001,1309,1,11893,1083187877,-4190,-598
6001,1309,2,11894,1084046870,-2898,-5245
6001,1309,3,11895,1084905863,925,-1051
6001,1310,0,11896,1085764856,-1878,781
6001,1310,1,11897,1086623849,4754,1058
6001,1310,2,11898,1087482842,8796,792
6001,1310,3,11899,1088341835,3463,-2420
6001,1311,0,11900,1089200828,1146,2864
6001,1311,1,11901,1090059821,759,4585
6001,1311,2,11902,1090918814,-862,-1390
6001,1311,3,11903,1091777807,-2124,-1722
6001,1312,0,11904,1092636800,3147,-384
6001,1312,1,11905,1093495793,6603,2834
6001,1312,2,11906,1094354786,1313,5347
6001,1312,3,11907,1095213779,180,5165
6001,1313,0,11908,1096072772,-251,5130
6001,1313,1,11909,1096931765,-1449,-3374
6001,1313,2,11910,1097790758,2335,-10189
6001,1313,3,11911,1098649751,1212,-2737
6001,1314,0,11912,1099508744,127,1179
6001,1314,1,11913,1100367737,2447,-6245
6001,1314,2,11914,1101226730,-207,-8048
6001,1314,3,11915,1102085723,47,-2627
6001,1315,0,11916,1102944716,268,-907
6001,1315,1,11917,1103803709,-6772,577
6001,1315,2,11918,1104662702,-7514,-1831
6001,1315,3,11919,1105521695,-943,-6715
6001,1316,0,11920,1106380688,1742,-369
6001,1316,1,11921,1107239681,868,2504
6001,1316,2,11922,1108098674,-2191,-894
6001,1316,3,11923,1108957667,-3818,1970
6001,1317,0,11924,1109816660,483,-64
6001,1317,1,11925,1110675653,2191,-667
6001,1317,2,11926,1111534646,-998,2079
6001,1317,3,11927,1112393639,-1843,-606
6001,1318,0,11928,1113252632,-1236,4452
6001,1318,1,11929,1114111625,1819,3812
6001,1318,2,11930,1114970618,119,-5639
6001,1318,3,11931,1115829611,-9096,-65
6001,1319,0,11932,1116688604,-3048,774
6001,1319,1,11933,1117547597,8100,-6964
6001,1319,2,11934,1118406590,701,-1178
6001,1319,3,11935,1119265583,-2996,2298
6001,1320,0,11936,1120124576,3537,-419
6001,1320,1,11937,1120983569,2901,1640
6001,1320,2,11938,1121842562,287,2973
6001,1320,3,11939,1122701555,2059,5577
6001,1321,0,11940,1123560548,3127,5761
6001,1321,1,11941,1124419541,658,445
6001,1321,2,11942,1125278534,1947,1188
6001,1321,3,11943,1126137527,3300,3743
6001,1322,0,11944,1126996520,-1307,-466
6001,1322,1,11945,1127855513,2625,-3202
6001,1322,2,11946,1128714506,5247,185
6001,1322,3,11947,1129573499,-1740,4046
6001,1323,0,11948,1130432492,-1866,5184
6001,1323,1,11949,1131291485,-1779,3229
6001,1323,2,11950,1132150478,1243,-828
6001,1323,3,11951,1133009471,6305,-1499
6001,1324,0,11952,1133868464,2066,1669
6001,1324,1,11953,1134727457,3631,2308
6001,1324,2,11954,1135586450,1565,-747
6001,1324,3,11955,1136445443,-5740,-1589
6001,1325,0,11956,1137304436,-3270,1652
6001,1325,1,11957,1138163429,-5121,1215
6001,1325,2,11958,1139022422,-4013,-1431
6001,1325,3,11959,1139881415,-2580,384
6001,1326,0,11960,1140740408,-7990,706
6001,1326,1,11961,1141599401,-1749,-2295
6001,1326,2,11962,1142458394,1242,-3502
6001,1326,3,11963,1143317387,381,716
6001,1327,0,11964,1144176380,4128,2204
6001,1327,1,11965,1145035373,-358,-5138
6001,1327,2,11966,1145894366,-69,-1106
6001,1327,3,11967,1146753359,2729,6046
6001,1328,0,11968,1147612352,3157,-2187
6001,1328,1,11969,1148471345,6049,-1143
6001,1328,2,11970,1149330338,-504,4887
6001,1328,3,11971,1150189331,-2191,1023
6001,1329,0,11972,1151048324,4469,1554
6001,1329,1,11973,1151907317,3059,1861
6001,1329,2,11974,1152766310,626,2077
6001,1329,3,11975,1153625303,1569,3177
6001,1330,0,11976,1154484296,2990,-307
6001,1330,1,11977,1155343289,776,2257
6001,1330,2,11978,1156202282,-967,2896
6001,1330,3,11979,1157061275,-150,-221
6001,1331,0,11980,1157920268,-1637,3289
6001,1331,1,11981,1158779261,3841,1106
6001,1331,2,11982,1159638254,6779,-2307
6001,1331,3,11983,1160497247,1287,2147
6001,1332,0,11984,1161356240,1891,3225
6001,1332,1,11985,1162215233,1219,2296
6001,1332,2,11986,1163074226,-2209,1468
6001,1332,3,11987,1163933219,-2040,-1305
6001,1333,0,11988,1164792212,-1305,2064
6001,1333,1,11989,1165651205,-2727,5149
6001,1333,2,11990,1166510198,-1116,-350
6001,1333,3,11991,1167369191,7730,-668
6001,1334,0,11992,1168228184,4826,5378
6001,1334,1,11993,1169087177,1190,5093
6001,1334,2,11994,1169946170,8122,-1164
6001,1334,3,11995,1170805163,-452,-3608
6001,1335,0,11996,1171664156,-4840,2490
6001,1335,1,11997,1172523149,-1007,722
6001,1335,2,11998,1173382142,-5701,-7849
6001,1335,3,11999,1174241135,1113,-2335
6001,1336,0,12000,1175100128,2831,2111
6001,1336,1,12001,1175959121,-4237,-529
6001,1336,2,12002,1176818114,-5121,2668
6001,1336,3,12003,1177677107,-9871,1542
6001,1337,0,12004,1178536100,-6657,-2502
6001,1337,1,12005,1179395093,-3114,-1691
6001,1337,2,12006,1180254086,-4053,-704
6001,1337,3,12007,1181113079,942,-3178
6001,1338,0,12008,1181972072,1112,-4843
6001,1338,1,12009,1182831065,5050,653
6001,1338,2,12010,1183690058,3062,2915
6001,1338,3,12011,1184549051,-6281,206
6001,1339,0,12012,1185408044,-2424,-738
6001,1339,1,12013,1186267037,-4448,-101
6001,1339,2,12014,1187126030,-4216,3476
6001,1339,3,12015,1187985023,4373,-760
6001,1340,0,12016,1188844016,2982,-4279
6001,1340,1,12017,1189703009,2994,-121
6001,1340,2,12018,1190562002,-2400,-3845
6001,1340,3,12019,1191420995,-4597,-4032
6001,1341,0,12020,1192279988,4055,-2684
6001,1341,1,12021,1193138981,-1229,-3859
6001,1341,2,12022,1193997974,887,3260
6001,1341,3,12023,1194856967,10542,3758
6001,1342,0,12024,1195715960,2255,703
6001,1342,1,12025,1196574953,-4902,-1178
6001,1342,2,12026,1197433946,-7059,-2670
6001,1342,3,12027,1198292939,-4220,1160
6001,1343,0,12028,1199151932,4095,-3816
6001,1343,1,12029,1200010925,725,-4103
6001,1343,2,12030,1200869918,-3392,2324
6001,1343,3,12031,1201728911,-373,1553
6001,1344,0,12032,1202587904,2134,5494
6001,1344,1,12033,1203446897,3697,-96
6001,1344,2,12034,1204305890,1066,-8188
6001,1344,3,12035,1205164883,1618,-3750
6001,1345,0,12036,1206023876,2554,-3730
6001,1345,1,12037,1206882869,-2278,-1404
6001,1345,2,12038,1207741862,-1309,-3897
6001,1345,3,12039,1208600855,-4005,-11027
6001,1346,0,12040,1209459848,-6100,-3109
6001,1346,1,12041,1210318841,5224,3549
6001,1346,2,12042,1211177834,3582,2094
6001,1346,3,12043,1212036827,-2533,2547
6001,1347,0,12044,1212895820,3689,5198
6001,1347,1,12045,1213754813,-28,895
6001,1347,2,12046,1214613806,-222,-4250
6001,1347,3,12047,1215472799,8023,6460
6001,1348,0,12048,1216331792,3417,8580
6001,1348,1,12049,1217190785,-3093,-3212
6001,1348,2,12050,1218049778,-5514,-4056
6001,1348,3,12051,1218908771,-3624,1023
6001,1349,0,12052,1219767764,260,1482
6001,1349,1,12053,1220626757,-703,-3294
6001,1349,2,12054,1221485750,584,885
6001,1349,3,12055,1222344743,-1142,3525
6001,1350,0,12056,1223203736,56,-4142
6001,1350,1,12057,1224062729,5805,3159
6001,1350,2,12058,1224921722,1828,1245
6001,1350,3,12059,1225780715,2501,-7234
6001,1351,0,12060,1226639708,9,1402
6001,1351,1,12061,1227498701,-5241,-4377
6001,1351,2,12062,1228357694,3873,-4603
6001,1351,3,12063,1229216687,1163,2990
6001,1352,0,12064,1230075680,421,-6672
6001,1352,1,12065,1230934673,8495,-1366
6001,1352,2,12066,1231793666,-1838,4540
6001,1352,3,12067,1232652659,-2462,-3491
6001,1353,0,12068,1233511652,24,-1827
6001,1353,1,12069,1234370645,-7305,1747
6001,1353,2,12070,1235229638,885,1788
6001,1353,3,12071,1236088631,972,-2901
6001,1354,0,12072,1236947624,-5064,-4772
6001,1354,1,12073,1237806617,2769,-346
6001,1354,2,12074,1238665610,4536,-1322
6001,1354,3,12075,1239524603,1397,-1291
6001,1355,0,12076,1240383596,-2761,-1645
6001,1355,1,12077,1241242589,-3993,-1629
6001,1355,2,12078,1242101582,3182,-430
6001,1355,3,12079,1242960575,3342,-5546
6001,1356,0,12080,1243819568,205,-3434
6001,1356,1,12081,1244678561,4193,3430
6001,1356,2,12082,1245537554,6001,3058
6001,1356,3,12083,1246396547,-960,-2818
6001,1357,0,12084,1247255540,-1253,-7225
6001,1357,1,12085,1248114533,7841,-2623
6001,1357,2,12086,1248973526,-421,-3510
6001,1357,3,12087,1249832519,-7766,-7096
6001,1358,0,12088,1250691512,3678,-1716
6001,1358,1,12089,1251550505,2237,-2224
6001,1358,2,12090,1252409498,-2117,-4205
6001,1358,3,12091,1253268491,2487,1771
6001,1359,0,12092,1254127484,-664,7955
6001,1359,1,12093,1254986477,-2469,5897
6001,1359,2,12094,1255845470,-3137,1000
6001,1359,3,12095,1256704463,-1921,3856
6001,1360,0,12096,1257563456,3727,1340
6001,1360,1,12097,1258422449,-540,-1533
6001,1360,2,12098,1259281442,-1471,5173
6001,1360,3,12099,1260140435,4282,6292
6001,1361,0,12100,1260999428,287,6971
6001,1361,1,12101,1261858421,-3598,5490
6001,1361,2,12102,1262717414,-2574,1566
6001,1361,3,12103,1263576407,563,4537
6001,1362,0,12104,1264435400,2975,-1926
6001,1362,1,12105,1265294393,-1570,-6407
6001,1362,2,12106,1266153386,-1949,3022
6001,1362,3,12107,1267012379,823,4411
6001,1363,0,12108,1267871372,-2692,406
6001,1363,1,12109,1268730365,-3297,-924
6001,1363,2,12110,1269589358,-1771,-2764
6001,1363,3,12111,1270448351,-2074,-1386
6001,1364,0,12112,1271307344,-4211,2732
6001,1364,1,12113,1272166337,-4253,3140
6001,1364,2,12114,1273025330,5550,747
6001,1364,3,12115,1273884323,2704,1164
6001,1365,0,12116,1274743316,-10511,-151
6001,1365,1,12117,1275602309,-3027,1026
6001,1365,2,12118,1276461302,2686,5633
6001,1365,3,12119,1277320295,350,2818
6001,1366,0,12120,1278179288,6380,3179
6001,1366,1,12121,1279038281,1741,5660
6001,1366,2,12122,1279897274,-4161,2911
6001,1366,3,12123,1280756267,-2526,1536
6001,1367,0,12124,1281615260,-4798,-2596
6001,1367,1,12125,1282474253,-2124,1329
6001,1367,2,12126,1283333246,-1403,8741
6001,1367,3,12127,1284192239,-1942,576
6001,1368,0,12128,1285051232,498,-4640
6001,1368,1,12129,1285910225,-1554,-1410
6001,1368,2,12130,1286769218,5970,-1689
6001,1368,3,12131,1287628211,10186,-4859
6001,1369,0,12132,1288487204,1732,-3361
6001,1369,1,12133,1289346197,1110,3903
6001,1369,2,12134,1290205190,-341,646
6001,1369,3,12135,1291064183,-427,-1987
6001,1370,0,12136,1291923176,2782,2945
6001,1370,1,12137,1292782169,-1305,398
6001,1370,2,12138,1293641162,1077,2586
6001,1370,3,12139,1294500155,-849,483
6001,1371,0,12140,1295359148,-6855,-8569
6001,1371,1,12141,1296218141,3344,-4608
6001,1371,2,12142,1297077134,6902,-764
6001,1371,3,12143,1297936127,3247,1580
6001,1372,0,12144,1298795120,5175,1712
6001,1372,1,12145,1299654113,-1400,184
6001,1372,2,12146,1300513106,-2985,5979
6001,1372,3,12147,1301372099,1550,2318
6001,1373,0,12148,1302231092,-3840,782
6001,1373,1,12149,1303090085,-2924,42
6001,1373,2,12150,1303949078,200,-9744
6001,1373,3,12151,1304808071,-6151,525
6001,1374,0,12152,1305667064,-4778,4372
6001,1374,1,12153,1306526057,-376,-7927
6001,1374,2,12154,1307385050,-823,-1414
6001,1374,3,12155,1308244043,3629,5086
6001,1375,0,12156,1309103036,2733,3271
6001,1375,1,12157,1309962029,-5222,1198
6001,1375,2,12158,1310821022,-4420,-789
6001,1375,3,12159,1311680015,-478,-1867
6001,1376,0,12160,1312539008,457,-3603
6001,1376,1,12161,1313398001,1873,6111
6001,1376,2,12162,1314256994,-1838,4716
6001,1376,3,12163,1315115987,-3888,-6739
6001,1377,0,12164,1315974980,195,-351
6001,1377,1,12165,1316833973,-3424,-3180
6001,1377,2,12166,1317692966,-1315,-3744
6001,1377,3,12167,1318551959,4950,4079
6001,1378,0,12168,1319410952,-9165,-4268
6001,1378,1,12169,1320269945,-8300,-1678
6001,1378,2,12170,1321128938,10310,-1318
6001,1378,3,12171,1321987931,3905,-10418
6001,1379,0,12172,1322846924,-1245,-1342
6001,1379,1,12173,1323705917,2278,2381
6001,1379,2,12174,1324564910,19,233
6001,1379,3,12175,1325423903,6207,3316
6001,1380,0,12176,1326282896,2228,1468
6001,1380,1,12177,1327141889,-2650,-2260
6001,1380,2,12178,1328000882,4571,-5245
6001,1380,3,12179,1328859875,-554,-125
6001,1381,0,12180,1329718868,-966,470
6001,1381,1,12181,1330577861,2252,-5261
6001,1381,2,12182,1331436854,-4679,-1006
6001,1381,3,12183,1332295847,-3030,-3046
6001,1382,0,12184,1333154840,-4263,-3369
6001,1382,1,12185,1334013833,-8014,2182
6001,1382,2,12186,1334872826,-946,-3181
6001,1382,3,12187,1335731819,-1896,629
6001,1383,0,12188,1336590812,-6209,6279
6001,1383,1,12189,1337449805,2179,-1421
6001,1383,2,12190,1338308798,3879,-2860
6001,1383,3,12191,1339167791,-5928,-3409
6001,1384,0,12192,1340026784,-2601,-7092
6001,1384,1,12193,1340885777,2683,-817
6001,1384,2,12194,1341744770,-2514,4604
6001,1384,3,12195,1342603763,-948,1875
6001,1385,0,12196,1343462756,-1519,2241
6001,1385,1,12197,1344321749,-1709,893
6001,1385,2,12198,1345180742,6344,-1858
6001,1385,3,12199,1346039735,6727,5040
6001,1386,0,12200,1346898728,5276,4355
6001,1386,1,12201,1347757721,399,-5086
6001,1386,2,12202,1348616714,-2476,-3909
6001,1386,3,12203,1349475707,4336,-314
6001,1387,0,12204,1350334700,-144,709
6001,1387,1,12205,1351193693,-1174,1610
6001,1387,2,12206,1352052686,3293,1643
6001,1387,3,12207,1352911679,-3881,1747
6001,1388,0,12208,1353770672,-4585,-184
6001,1388,1,12209,1354629665,-4187,180
6001,1388,2,12210,1355488658,-5303,2179
6001,1388,3,12211,1356347651,-159,5560
6001,1389,0,12212,1357206644,85,4155
6001,1389,1,12213,1358065637,384,-4786
6001,1389,2,12214,1358924630,122,1112
6001,1389,3,12215,1359783623,-2374,7395
6001,1390,0,12216,1360642616,-1751,624
6001,1390,1,12217,1361501609,-661,2714
6001,1390,2,12218,1362360602,3320,481
6001,1390,3,12219,1363219595,3766,-4302
6001,1391,0,12220,1364078588,-2091,883
6001,1391,1,12221,1364937581,-6768,-614
6001,1391,2,12222,1365796574,-4958,-2243
6001,1391,3,12223,1366655567,2544,-1721
6001,1392,0,12224,1367514560,2292,-3626
6001,1392,1,12225,1368373553,-2185,-434
6001,1392,2,12226,1369232546,-1762,2807
6001,1392,3,12227,1370091539,-339,2216
6001,1393,0,12228,1370950532,102,-3408
6001,1393,1,12229,1371809525,-1110,-3256
6001,1393,2,12230,1372668518,2354,8015
6001,1393,3,12231,1373527511,1509,10953
6001,1394,0,12232,1374386504,-5345,4853
6001,1394,1,12233,1375245497,1997,-561
6001,1394,2,12234,1376104490,9349,-1361
6001,1394,3,12235,1376963483,2560,1421
6001,1395,0,12236,1377822476,-4129,-2972
6001,1395,1,12237,1378681469,-1206,-7810
6001,1395,2,12238,1379540462,4146,-2974
6001,1395,3,12239,1380399455,2212,1930
6001,1396,0,12240,1381258448,3852,-289
6001,1396,1,12241,1382117441,2154,1070
6001,1396,2,12242,1382976434,-6439,5723
6001,1396,3,12243,1383835427,-3242,-1224
6001,1397,0,12244,1384694420,-2151,-2353
6001,1397,1,12245,1385553413,-2062,4237
6001,1397,2,12246,1386412406,2847,-5078
6001,1397,3,12247,1387271399,-1864,-10826
6001,1398,0,12248,1388130392,-2146,-5569
6001,1398,1,12249,1388989385,-264,-237
6001,1398,2,12250,1389848378,-4198,5506
6001,1398,3,12251,1390707371,-5206,-1493
6001,1399,0,12252,1391566364,-5968,-6161
6001,1399,1,12253,1392425357,-2410,242
6001,1399,2,12254,1393284350,-935,-1762
6001,1399,3,12255,1394143343,-3540,-3488
6001,1400,0,12256,1395002336,-1005,-3185
6001,1400,1,12257,1395861329,1270,-2211
6001,1400,2,12258,1396720322,4137,2333
6001,1400,3,12259,1397579315,5879,-1452
6001,1401,0,12260,1398438308,4339,-2016
6001,1401,1,12261,1399297301,-3297,4235
6001,1401,2,12262,1400156294,-10069,5379
6001,1401,3,12263,1401015287,2679,3695
6001,1402,0,12264,1401874280,8679,-3917
6001,1402,1,12265,1402733273,-2477,-5576
6001,1402,2,12266,1403592266,-4792,1670
6001,1402,3,12267,1404451259,-4337,1638
6001,1403,0,12268,1405310252,-1332,4574
6001,1403,1,12269,1406169245,982,4974
6001,1403,2,12270,1407028238,-4687,-5578
6001,1403,3,12271,1407887231,-1394,-3755
6001,1404,0,12272,1408746224,2989,2375
6001,1404,1,12273,1409605217,-2026,-2826
6001,1404,2,12274,1410464210,-2454,-2562
6001,1404,3,12275,1411323203,3396,740
6001,1405,0,12276,1412182196,4377,-2579
6001,1405,1,12277,1413041189,455,2150
6001,1405,2,12278,1413900182,-1151,8924
6001,1405,3,12279,1414759175,-4706,528
6001,1406,0,12280,1415618168,-5466,-5011
6001,1406,1,12281,1416477161,1199,-1564
6001,1406,2,12282,1417336154,-474,-1863
6001,1406,3,12283,1418195147,-8953,1399
6001,1407,0,12284,1419054140,-6345,2575
6001,1407,1,12285,1419913133,3507,1893
6001,1407,2,12286,1420772126,-248,7012
6001,1407,3,12287,1421631119,-5524,-1403
6001,1408,0,12288,1422490112,4142,-7473
6001,1408,1,12289,1423349105,2586,3030
6001,1408,2,12290,1424208098,-2322,-372
6001,1408,3,12291,1425067091,4622,-5726
6001,1409,0,12292,1425926084,-1185,2239
6001,1409,1,12293,1426785077,-4390,3237
6001,1409,2,12294,1427644070,4512,1350
6001,1409,3,12295,1428503063,2817,4750
6001,1410,0,12296,1429362056,962,7414
6001,1410,1,12297,1430221049,4365,3786
6001,1410,2,12298,1431080042,2770,-3551
6001,1410,3,12299,1431939035,2180,-2733
6001,1411,0,12300,1432798028,2970,1371
6001,1411,1,12301,1433657021,-1858,-337
6001,1411,2,12302,1434516014,-5316,-2692
6001,1411,3,12303,1435375007,-4725,-3211
6001,1412,0,12304,1436234000,-5167,-2257
6001,1412,1,12305,1437092993,-1187,-367
6001,1412,2,12306,1437951986,2644,-347
6001,1412,3,12307,1438810979,3461,-2386
6001,1413,0,12308,1439669972,3985,-2363
6001,1413,1,12309,1440528965,496,-740
6001,1413,2,12310,1441387958,729,-2232
6001,1413,3,12311,1442246951,-4722,-1219
6001,1414,0,12312,1443105944,-10247,5478
6001,1414,1,12313,1443964937,3259,4722
6001,1414,2,12314,1444823930,3802,-3692
6001,1414,3,12315,1445682923,-9098,-1283
6001,1415,0,12316,1446541916,-6925,4842
6001,1415,1,12317,1447400909,2247,1509
6001,1415,2,12318,1448259902,6735,1878
6001,1415,3,12319,1449118895,-31,1176
6001,1416,0,12320,1449977888,-340,-1966
6001,1416,1,12321,1450836881,4772,3672
6001,1416,2,12322,1451695874,-2270,2227
6001,1416,3,12323,1452554867,-2558,-919
6001,1417,0,12324,1453413860,-2906,128
6001,1417,1,12325,1454272853,-4033,-3023
6001,1417,2,12326,1455131846,2212,854
6001,1417,3,12327,1455990839,-1841,-2776
6001,1418,0,12328,1456849832,-2725,-5139
6001,1418,1,12329,1457708825,-1838,6898
6001,1418,2,12330,1458567818,-2609,627
6001,1418,3,12331,1459426811,4420,-2600
6001,1419,0,12332,1460285804,4136,5653
6001,1419,1,12333,1461144797,7514,63
6001,1419,2,12334,1462003790,8009,2207
6001,1419,3,12335,1462862783,-476,4313
6001,1420,0,12336,1463721776,3767,-435
6001,1420,1,12337,1464580769,2137,643
6001,1420,2,12338,1465439762,102,-1384
6001,1420,3,12339,1466298755,6368,2984
6001,1421,0,12340,1467157748,1921,4062
6001,1421,1,12341,1468016741,2049,-2094
6001,1421,2,12342,1468875734,5999,3052
6001,1421,3,12343,1469734727,2405,6046
6001,1422,0,12344,1470593720,-2032,4788
6001,1422,1,12345,1471452713,-2309,654
6001,1422,2,12346,1472311706,2972,-3091
6001,1422,3,12347,1473170699,1125,4793
6001,1423,0,12348,1474029692,-3497,3882
6001,1423,1,12349,1474888685,-3642,-1134
6001,1423,2,12350,1475747678,-4550,4279
6001,1423,3,12351,1476606671,1202,4944
6001,1424,0,12352,1477465664,5688,5449
6001,1424,1,12353,1478324657,608,4176
6001,1424,2,12354,1479183650,-2359,-4545
6001,1424,3,12355,1480042643,1309,-3501
6001,1425,0,12356,1480901636,755,-484
6001,1425,1,12357,1481760629,-4524,-6595
6001,1425,2,12358,1482619622,414,-3035
6001,1425,3,12359,1483478615,4336,1797
6001,1426,0,12360,1484337608,-76,-6498
6001,1426,1,12361,1485196601,-540,-1408
6001,1426,2,12362,1486055594,2152,7942
6001,1426,3,12363,1486914587,5438,-4137
6001,1427,0,12364,1487773580,-332,-8313
6001,1427,1,12365,1488632573,-1443,2108
6001,1427,2,12366,1489491566,7106,3541
6001,1427,3,12367,1490350559,432,845
6001,1428,0,12368,1491209552,1769,314
6001,1428,1,12369,1492068545,4444,-1531
6001,1428,2,12370,1492927538,-8458,-2593
6001,1428,3,12371,1493786531,-1170,253
6001,1429,0,12372,1494645524,3443,-1775
6001,1429,1,12373,1495504517,-2641,-8892
6001,1429,2,12374,1496363510,3772,-5164
6001,1429,3,12375,1497222503,-1948,1718
6001,1430,0,12376,1498081496,-7748,732
6001,1430,1,12377,1498940489,-1447,-404
6001,1430,2,12378,1499799482,1826,-186
6001,1430,3,12379,1500658475,4926,155
6001,1431,0,12380,1501517468,3160,400
6001,1431,1,12381,1502376461,2515,-1915
6001,1431,2,12382,1503235454,1711,-3778
6001,1431,3,12383,1504094447,-4374,80
6001,1432,0,12384,1504953440,-2658,-217
6001,1432,1,12385,1505812433,-1555,-4156
6001,1432,2,12386,1506671426,-2316,3596
6001,1432,3,12387,1507530419,856,5022
6001,1433,0,12388,1508389412,-827,-1506
6001,1433,1,12389,1509248405,-729,-1093
6001,1433,2,12390,1510107398,1756,-7615
6001,1433,3,12391,1510966391,-2613,-7879
6001,1434,0,12392,1511825384,-6851,-2431
6001,1434,1,12393,1512684377,-2175,-4198
6001,1434,2,12394,1513543370,6547,2544
6001,1434,3,12395,1514402363,8214,1880
6001,1435,0,12396,1515261356,2613,-1477
6001,1435,1,12397,1516120349,985,4124
6001,1435,2,12398,1516979342,4036,-350
6001,1435,3,12399,1517838335,770,17
6001,1436,0,12400,1518697328,-2294,2325
6001,1436,1,12401,1519556321,967,1620
6001,1436,2,12402,1520415314,1732,7210
6001,1436,3,12403,1521274307,3202,-389
6001,1437,0,12404,1522133300,-1548,-6086
6001,1437,1,12405,1522992293,-7413,76
6001,1437,2,12406,1523851286,1828,-774
6001,1437,3,12407,1524710279,-3175,-1813
6001,1438,0,12408,1525569272,-11553,-275
6001,1438,1,12409,1526428265,5092,1052
6001,1438,2,12410,1527287258,5258,1250
6001,1438,3,12411,1528146251,-4438,2390
6001,1439,0,12412,1529005244,496,3285
6001,1439,1,12413,1529864237,-6291,1409
6001,1439,2,12414,1530723230,-3804,5303
6001,1439,3,12415,1531582223,12143,3291
6001,1440,0,12416,1532441216,4454,1102
6001,1440,1,12417,1533300209,-5226,7431
6001,1440,2,12418,1534159202,-251,4741
6001,1440,3,12419,1535018195,3445,6366
6001,1441,0,12420,1535877188,4652,3556
6001,1441,1,12421,1536736181,298,-9206
6001,1441,2,12422,1537595174,-1433,-4414
6001,1441,3,12423,1538454167,3627,-160
6001,1442,0,12424,1539313160,1471,850
6001,1442,1,12425,1540172153,-2351,6469
6001,1442,2,12426,1541031146,-430,2968
6001,1442,3,12427,1541890139,4789,780
6001,1443,0,12428,1542749132,5015,905
6001,1443,1,12429,1543608125,-4426,782
6001,1443,2,12430,1544467118,-2008,-2290
6001,1443,3,12431,1545326111,7396,-4936
6001,1444,0,12432,1546185104,1281,3568
6001,1444,1,12433,1547044097,-3798,1100
6001,1444,2,12434,1547903090,-728,-4544
6001,1444,3,12435,1548762083,534,2268
6001,1445,0,12436,1549621076,-1885,937
6001,1445,1,12437,1550480069,-6590,-1525
6001,1445,2,12438,1551339062,-2300,356
6001,1445,3,12439,1552198055,4798,913
6001,1446,0,12440,1553057048,931,694
6001,1446,1,12441,1553916041,-4588,-3524
6001,1446,2,12442,1554775034,-3604,-4439
6001,1446,3,12443,1555634027,247,-309
6001,1447,0,12444,1556493020,2313,6284
6001,1447,1,12445,1557352013,3922,3908
6001,1447,2,12446,1558211006,2507,-2385
6001,1447,3,12447,1559069999,-2595,7013
6001,1448,0,12448,1559928992,-580,4846
6001,1448,1,12449,1560787985,563,-5095
6001,1448,2,12450,1561646978,-7148,2595
6001,1448,3,12451,1562505971,-8528,-601
6001,1449,0,12452,1563364964,-1872,-9095
6001,1449,1,12453,1564223957,-294,-3215
6001,1449,2,12454,1565082950,-3123,2756
6001,1449,3,12455,1565941943,2084,3013
6001,1450,0,12456,1566800936,7663,-2367
6001,1450,1,12457,1567659929,1463,-563
6001,1450,2,12458,1568518922,-1707,4872
6001,1450,3,12459,1569377915,979,-2507
6001,1451,0,12460,1570236908,1269,-4204
6001,1451,1,12461,1571095901,3265,1309
6001,1451,2,12462,1571954894,2864,-2073
6001,1451,3,12463,1572813887,-1179,-2955
6001,1452,0,12464,1573672880,-3556,1172
6001,1452,1,12465,1574531873,-3466,4265
6001,1452,2,12466,1575390866,-927,8457
6001,1452,3,12467,1576249859,-1592,5015
6001,1453,0,12468,1577108852,-4335,-1079
6001,1453,1,12469,1577967845,713,-97
6001,1453,2,12470,1578826838,5795,-1348
6001,1453,3,12471,1579685831,638,2332
6001,1454,0,12472,1580544824,1201,6347
6001,1454,1,12473,1581403817,6841,-552
6001,1454,2,12474,1582262810,-1095,980
6001,1454,3,12475,1583121803,-4524,1057
6001,1455,0,12476,1583980796,-230,-3884
6001,1455,1,12477,1584839789,-5130,4962
6001,1455,2,12478,1585698782,-1663,4984
6001,1455,3,12479,1586557775,3063,-4831
6001,1456,0,12480,1587416768,-4057,-7442
6001,1456,1,12481,1588275761,30,-8797
6001,1456,2,12482,1589134754,4330,-5134
6001,1456,3,12483,1589993747,-4918,-1103
6001,1457,0,12484,1590852740,-7052,-953
6001,1457,1,12485,1591711733,-3480,-1707
6001,1457,2,12486,1592570726,-1071,-2423
6001,1457,3,12487,1593429719,2363,1858
6001,1458,0,12488,1594288712,-2064,2824
6001,1458,1,12489,1595147705,-5178,-165
6001,1458,2,12490,1596006698,-155,-2304
6001,1458,3,12491,1596865691,-1898,-1869
6001,1459,0,12492,1597724684,-1094,3240
6001,1459,1,12493,1598583677,4324,-393
6001,1459,2,12494,1599442670,361,-3763
6001,1459,3,12495,1600301663,-154,701
6001,1460,0,12496,1601160656,-1426,-286
6001,1460,1,12497,1602019649,-7738,3492
6001,1460,2,12498,1602878642,-1823,6218
6001,1460,3,12499,1603737635,-81,759
6001,1461,0,12500,1604596628,-6852,-391
6001,1461,1,12501,1605455621,-2363,-4230
6001,1461,2,12502,1606314614,-504,-3342
6001,1461,3,12503,1607173607,-8028,5956
6001,1462,0,12504,1608032600,-4579,3367
6001,1462,1,12505,1608891593,4180,-2214
6001,1462,2,12506,1609750586,1057,-268
6001,1462,3,12507,1610609579,-323,-2239
6001,1463,0,12508,1611468572,820,-2329
6001,1463,1,12509,1612327565,-2724,2553
6001,1463,2,12510,1613186558,5221,707
6001,1463,3,12511,1614045551,4892,2078
6001,1464,0,12512,1614904544,-9442,6200
6001,1464,1,12513,1615763537,-3852,-1415
6001,1464,2,12514,1616622530,3177,-4459
6001,1464,3,12515,1617481523,-2366,802
6001,1465,0,12516,1618340516,-2035,729
6001,1465,1,12517,1619199509,-364,-2308
6001,1465,2,12518,1620058502,-1638,-4666
6001,1465,3,12519,1620917495,-4486,-3055
6001,1466,0,12520,1621776488,-2943,-3325
6001,1466,1,12521,1622635481,1639,-4648
6001,1466,2,12522,1623494474,-657,-1447
6001,1466,3,12523,1624353467,-153,-769
6001,1467,0,12524,1625212460,2991,840
6001,1467,1,12525,1626071453,-2754,134
6001,1467,2,12526,1626930446,-7508,-274
6001,1467,3,12527,1627789439,496,1401
6001,1468,0,12528,1628648432,3143,-7203
6001,1468,1,12529,1629507425,-8108,-4625
6001,1468,2,12530,1630366418,-5326,3801
6001,1468,3,12531,1631225411,5088,-932
6001,1469,0,12532,1632084404,4404,1097
6001,1469,1,12533,1632943397,2573,-23
6001,1469,2,12534,1633802390,905,-2805
6001,1469,3,12535,1634661383,4443,4267
6001,1470,0,12536,1635520376,892,5346
6001,1470,1,12537,1636379369,-8456,5732
6001,1470,2,12538,1637238362,805,4911
6001,1470,3,12539,1638097355,1079,1626
6001,1471,0,12540,1638956348,-4915,-1008
6001,1471,1,12541,1639815341,2632,-1747
6001,1471,2,12542,1640674334,-1128,5127
6001,1471,3,12543,1641533327,-2757,-2078
6001,1472,0,12544,1642392320,3117,-9065
6001,1472,1,12545,1643251313,1707,2979
6001,1472,2,12546,1644110306,1310,4088
6001,1472,3,12547,1644969299,-1130,1516
6001,1473,0,12548,1645828292,-2259,3678
6001,1473,1,12549,1646687285,-3395,2275
6001,1473,2,12550,1647546278,-4157,-958
6001,1473,3,12551,1648405271,1779,-5556
6001,1474,0,12552,1649264264,170,196
6001,1474,1,12553,1650123257,-2657,641
6001,1474,2,12554,1650982250,192,-1012
6001,1474,3,12555,1651841243,2086,8215
6001,1475,0,12556,1652700236,3218,2594
6001,1475,1,12557,1653559229,-129,1532
6001,1475,2,12558,1654418222,163,5268
6001,1475,3,12559,1655277215,798,-3772
6001,1476,0,12560,1656136208,-3876,1813
6001,1476,1,12561,1656995201,-3922,3071
6001,1476,2,12562,1657854194,-955,-3865
6001,1476,3,12563,1658713187,4619,1979
6001,1477,0,12564,1659572180,3474,2092
6001,1477,1,12565,1660431173,-2205,395
6001,1477,2,12566,1661290166,2494,-255
6001,1477,3,12567,1662149159,3991,-158
6001,1478,0,12568,1663008152,1133,3498
6001,1478,1,12569,1663867145,37,-2485
6001,1478,2,12570,1664726138,393,-3296
6001,1478,3,12571,1665585131,5201,2109
6001,1479,0,12572,1666444124,4346,-198
6001,1479,1,12573,1667303117,2341,935
6001,1479,2,12574,1668162110,652,2557
6001,1479,3,12575,1669021103,-2477,-698
6001,1480,0,12576,1669880096,-626,-1858
6001,1480,1,12577,1670739089,-7239,1581
6001,1480,2,12578,1671598082,-8684,3131
6001,1480,3,12579,1672457075,3121,58
6001,1481,0,12580,1673316068,2083,1299
6001,1481,1,12581,1674175061,-772,653
6001,1481,2,12582,1675034054,1744,-3377
6001,1481,3,12583,1675893047,-2334,-902
6001,1482,0,12584,1676752040,-2997,975
6001,1482,1,12585,1677611033,1311,232
6001,1482,2,12586,1678470026,1636,-301
6001,1482,3,12587,1679329019,1013,68
6001,1483,0,12588,1680188012,4546,1034
6001,1483,1,12589,1681047005,3381,-3381
6001,1483,2,12590,1681905998,-2809,-3629
6001,1483,3,12591,1682764991,-2162,2962
6001,1484,0,12592,1683623984,-1574,273
6001,1484,1,12593,1684482977,-2839,-5041
6001,1484,2,12594,1685341970,-1996,879
6001,1484,3,12595,1686200963,-4787,4947
6001,1485,0,12596,1687059956,-2614,-2154
6001,1485,1,12597,1687918949,4743,-3509
6001,1485,2,12598,1688777942,2515,2159
6001,1485,3,12599,1689636935,-4063,-1605
6001,1486,0,12600,1690495928,-2146,-3433
6001,1486,1,12601,1691354921,3704,4778
6001,1486,2,12602,1692213914,2891,3548
6001,1486,3,12603,1693072907,-1690,-2666
6001,1487,0,12604,1693931900,-1657,479
6001,1487,1,12605,1694790893,1029,1324
6001,1487,2,12606,1695649886,2095,112
6001,1487,3,12607,1696508879,3830,1681
6001,1488,0,12608,1697367872,3558,-589
6001,1488,1,12609,1698226865,1454,692
6001,1488,2,12610,1699085858,4388,643
6001,1488,3,12611,1699944851,3227,-5402
6001,1489,0,12612,1700803844,-1544,-4180
6001,1489,1,12613,1701662837,224,-852
6001,1489,2,12614,1702521830,1021,3369
6001,1489,3,12615,1703380823,3740,6391
6001,1490,0,12616,1704239816,6366,3129
6001,1490,1,12617,1705098809,3231,5796
6001,1490,2,12618,1705957802,3785,3447
6001,1490,3,12619,1706816795,3515,-4525
6001,1491,0,12620,1707675788,4020,-3119
6001,1491,1,12621,1708534781,5962,-2348
6001,1491,2,12622,1709393774,4867,450
6001,1491,3,12623,1710252767,4857,817
6001,1492,0,12624,1711111760,-3334,-5171
6001,1492,1,12625,1711970753,-4736,-418
6001,1492,2,12626,1712829746,4178,3298
6001,1492,3,12627,1713688739,1425,-2148
6001,1493,0,12628,1714547732,3053,-1069
6001,1493,1,12629,1715406725,2496,6671
6001,1493,2,12630,1716265718,-6554,3407
6001,1493,3,12631,1717124711,-5597,-6420
6001,1494,0,12632,1717983704,-5464,-1052
6001,1494,1,12633,1718842697,737,-634
6001,1494,2,12634,1719701690,5240,-6016
6001,1494,3,12635,1720560683,-4564,-775
6001,1495,0,12636,1721419676,-47,-9003
6001,1495,1,12637,1722278669,6399,-9198
6001,1495,2,12638,1723137662,2173,4172
6001,1495,3,12639,1723996655,4797,-2092
6001,1496,0,12640,1724855648,4820,-2098
6001,1496,1,12641,1725714641,-1612,129
6001,1496,2,12642,1726573634,-3894,-9840
6001,1496,3,12643,1727432627,-633,-4653
6001,1497,0,12644,1728291620,-334,5732
6001,1497,1,12645,1729150613,-1442,5232
6001,1497,2,12646,1730009606,-144,-779
6001,1497,3,12647,1730868599,-2457,204
6001,1498,0,12648,1731727592,2866,4949
6001,1498,1,12649,1732586585,6503,-1728
6001,1498,2,12650,1733445578,-2207,-3856
6001,1498,3,12651,1734304571,-2004,-2992
6001,1499,0,12652,1735163564,-670,-3239
6001,1499,1,12653,1736022557,-895,5706
6001,1499,2,12654,1736881550,2163,2163
6001,1499,3,12655,1737740543,-2612,-6197
6001,1500,0,12656,1738599536,-1672,-810
6001,1500,1,12657,1739458529,492,2931
6001,1500,2,12658,1740317522,-3098,-545
6001,1500,3,12659,1741176515,-1545,-4697
6001,1501,0,12660,1742035508,-5646,1120
6001,1501,1,12661,1742894501,-7175,3959
6001,1501,2,12662,1743753494,758,-1564
6001,1501,3,12663,1744612487,3953,1624
6001,1502,0,12664,1745471480,5479,-2340
6001,1502,1,12665,1746330473,4901,-3800
6001,1502,2,12666,1747189466,5453,5641
6001,1502,3,12667,1748048459,8370,-2676
6001,1503,0,12668,1748907452,1064,-6452
6001,1503,1,12669,1749766445,-4291,705
6001,1503,2,12670,1750625438,-1141,-2928
6001,1503,3,12671,1751484431,-1502,1548
6001,1504,0,12672,1752343424,3371,7913
6001,1504,1,12673,1753202417,8384,2033
6001,1504,2,12674,1754061410,-519,-2107
6001,1504,3,12675,1754920403,-4457,-2190
6001,1505,0,12676,1755779396,-991,643
6001,1505,1,12677,1756638389,-2912,1894
6001,1505,2,12678,1757497382,1580,-1719
6001,1505,3,12679,1758356375,9033,-2032
6001,1506,0,12680,1759215368,6521,-2515
6001,1506,1,12681,1760074361,1798,-3976
6001,1506,2,12682,1760933354,2965,2518
6001,1506,3,12683,1761792347,4056,5047
6001,1507,0,12684,1762651340,-1483,1292
6001,1507,1,12685,1763510333,-631,6109
6001,1507,2,12686,1764369326,3887,2053
6001,1507,3,12687,1765228319,1766,-8229
6001,1508,0,12688,1766087312,7335,1829
6001,1508,1,12689,1766946305,5564,7103
6001,1508,2,12690,1767805298,-8670,-1691
6001,1508,3,12691,1768664291,-6658,-3279
6001,1509,0,12692,1769523284,1598,-4627
6001,1509,1,12693,1770382277,3012,-2756
6001,1509,2,12694,1771241270,-403,2506
6001,1509,3,12695,1772100263,-5142,1507
6001,1510,0,12696,1772959256,-237,523
6001,1510,1,12697,1773818249,1916,-1158
6001,1510,2,12698,1774677242,-3953,831
6001,1510,3,12699,1775536235,-4746,3446
6001,1511,0,12700,1776395228,-594,-2003
6001,1511,1,12701,1777254221,2584,-532
6001,1511,2,12702,1778113214,1269,2183
6001,1511,3,12703,1778972207,174,-5007
6001,1512,0,12704,1779831200,-1595,-4990
6001,1512,1,12705,1780690193,-1401,4673
6001,1512,2,12706,1781549186,4267,8015
6001,1512,3,12707,1782408179,2101,1013
6001,1513,0,12708,1783267172,-2026,-1509
6001,1513,1,12709,1784126165,-1347,3326
6001,1513,2,12710,1784985158,968,2300
6001,1513,3,12711,1785844151,3006,-539
6001,1514,0,12712,1786703144,-1685,-1864
6001,1514,1,12713,1787562137,1823,-2068
6001,1514,2,12714,1788421130,4414,2819
6001,1514,3,12715,1789280123,332,4897
6001,1515,0,12716,1790139116,9775,3420
6001,1515,1,12717,1790998109,2586,-796
6001,1515,2,12718,1791857102,-8282,-6035
6001,1515,3,12719,1792716095,4271,-339
6001,1516,0,12720,1793575088,2114,4012
6001,1516,1,12721,1794434081,14,-138
6001,1516,2,12722,1795293074,7280,133
6001,1516,3,12723,1796152067,4348,-4147
6001,1517,0,12724,1797011060,3842,-9923
6001,1517,1,12725,1797870053,-1354,-4242
6001,1517,2,12726,1798729046,-717,-217
6001,1517,3,12727,1799588039,3795,969
6001,1518,0,12728,1800447032,-3898,4458
6001,1518,1,12729,1801306025,-1643,3032
6001,1518,2,12730,1802165018,-4017,1468
6001,1518,3,12731,1803024011,-6371,593
6001,1519,0,12732,1803883004,5591,-1932
6001,1519,1,12733,1804741997,-108,1933
6001,1519,2,12734,1805600990,-2323,6038
6001,1519,3,12735,1806459983,4993,2693
6001,1520,0,12736,1807318976,1414,-1749
6001,1520,1,12737,1808177969,4533,-3239
6001,1520,2,12738,1809036962,-819,-2503
6001,1520,3,12739,1809895955,-4810,-4410
6001,1521,0,12740,1810754948,6577,-3773
6001,1521,1,12741,1811613941,-2223,4125
6001,1521,2,12742,1812472934,-6009,2909
6001,1521,3,12743,1813331927,9033,-1701
6001,1522,0,12744,1814190920,5646,5327
6001,1522,1,12745,1815049913,184,5705
6001,1522,2,12746,1815908906,2508,-875
6001,1522,3,12747,1816767899,-1089,954
6001,1523,0,12748,1817626892,-1209,2298
6001,1523,1,12749,1818485885,-1167,3865
6001,1523,2,12750,1819344878,-1682,6661
6001,1523,3,12751,1820203871,2797,-285
6001,1524,0,12752,1821062864,3359,-4554
6001,1524,1,12753,1821921857,2866,-1009
6001,1524,2,12754,1822780850,1715,-1006
6001,1524,3,12755,1823639843,-4456,698
6001,1525,0,12756,1824498836,-3859,98
6001,1525,1,12757,1825357829,355,-2489
6001,1525,2,12758,1826216822,621,1490
6001,1525,3,12759,1827075815,4963,-2108
6001,1526,0,12760,1827934808,5948,-1859
6001,1526,1,12761,1828793801,555,5453
6001,1526,2,12762,1829652794,-1101,-4474
6001,1526,3,12763,1830511787,-3770,-4129
6001,1527,0,12764,1831370780,-2909,4863
6001,1527,1,12765,1832229773,5083,-3967
6001,1527,2,12766,1833088766,6269,337
6001,1527,3,12767,1833947759,4168,4040
6001,1528,0,12768,1834806752,1633,-5513
6001,1528,1,12769,1835665745,-1335,3235
6001,1528,2,12770,1836524738,5123,6039
6001,1528,3,12771,1837383731,4457,-1526
6001,1529,0,12772,1838242724,-5522,1340
6001,1529,1,12773,1839101717,-2206,413
6001,1529,2,12774,1839960710,2523,292
6001,1529,3,12775,1840819703,2205,941
6001,1530,0,12776,1841678696,2376,-2247
6001,1530,1,12777,1842537689,-3793,-3209
6001,1530,2,12778,1843396682,-2783,-6262
6001,1530,3,12779,1844255675,3581,-1010
6001,1531,0,12780,1845114668,-1699,5230
6001,1531,1,12781,1845973661,-4759,-2124
6001,1531,2,12782,1846832654,-1200,-2367
6001,1531,3,12783,1847691647,-2250,6828
6001,1532,0,12784,1848550640,-495,7053
6001,1532,1,12785,1849409633,7747,-708
6001,1532,2,12786,1850268626,4679,-3365
6001,1532,3,12787,1851127619,-7399,-655
6001,1533,0,12788,1851986612,-3648,-622
6001,1533,1,12789,1852845605,3192,-430
6001,1533,2,12790,1853704598,-2168,-2328
6001,1533,3,12791,1854563591,-2186,-3773
6001,1534,0,12792,1855422584,1239,422
6001,1534,1,12793,1856281577,759,987
6001,1534,2,12794,1857140570,-766,1027
6001,1534,3,12795,1857999563,-1057,1524
6001,1535,0,12796,1858858556,4717,54
6001,1535,1,12797,1859717549,4183,1218
6001,1535,2,12798,1860576542,-961,-246
6001,1535,3,12799,1861435535,-2642,-5065
6001,1536,0,13312,2302098944,958,5045
6001,1536,1,13313,2302957937,1241,-995
6001,1536,2,13314,2303816930,979,-1121
6001,1536,3,13315,2304675923,982,507
6001,1537,0,13316,2305534916,915,1168
6001,1537,1,13317,2306393909,-3820,-1179
6001,1537,2,13318,2307252902,-3030,-2090
6001,1537,3,13319,2308111895,109,3103
6001,1538,0,13320,2308970888,-1125,-2586
6001,1538,1,13321,2309829881,-1874,-7653
6001,1538,2,13322,2310688874,-2524,4156
6001,1538,3,13323,2311547867,162,8274
6001,1539,0,13324,2312406860,6458,-1035
6001,1539,1,13325,2313265853,6819,-3642
6001,1539,2,13326,2314124846,-1852,-761
6001,1539,3,13327,2314983839,-3485,-3991
6001,1540,0,13328,2315842832,4554,-3160
6001,1540,1,13329,2316701825,471,3568
6001,1540,2,13330,2317560818,-6592,-1007
6001,1540,3,13331,2318419811,-4079,-3591
6001,1541,0,13332,2319278804,-1983,2465
6001,1541,1,13333,2320137797,1092,2135
6001,1541,2,13334,2320996790,935,2403
6001,1541,3,13335,2321855783,-94,-1548
6001,1542,0,13336,2322714776,536,-6043
6001,1542,1,13337,2323573769,-979,3859
6001,1542,2,13338,2324432762,6253,4685
6001,1542,3,13339,2325291755,3994,-1866
6001,1543,0,13340,2326150748,-5293,2189
6001,1543,1,13341,2327009741,3945,3441
6001,1543,2,13342,2327868734,2346,5734
6001,1543,3,13343,2328727727,-3470,6258
6001,1544,0,13344,2329586720,4166,-3123
6001,1544,1,13345,2330445713,-3730,-3437
6001,1544,2,13346,2331304706,-5518,-244
6001,1544,3,13347,2332163699,5256,-677
6001,1545,0,13348,2333022692,-132,5692
6001,1545,1,13349,2333881685,-1660,5754
6001,1545,2,13350,2334740678,1739,479
6001,1545,3,13351,2335599671,-2204,846
6001,1546,0,13352,2336458664,-840,-3332
6001,1546,1,13353,2337317657,59,-4899
6001,1546,2,13354,2338176650,-784,1463
6001,1546,3,13355,2339035643,-320,3031
6001,1547,0,13356,2339894636,-3754,3935
6001,1547,1,13357,2340753629,-481,3218
6001,1547,2,13358,2341612622,6130,-2525
6001,1547,3,13359,2342471615,3932,-2051
6001,1548,0,13360,2343330608,2051,-1427
6001,1548,1,13361,2344189601,993,-1550
6001,1548,2,13362,2345048594,-624,2563
6001,1548,3,13363,2345907587,5105,-544
6001,1549,0,13364,2346766580,6651,3677
6001,1549,1,13365,2347625573,202,9788
6001,1549,2,13366,2348484566,1406,-5282
6001,1549,3,13367,2349343559,3908,-4231
6001,1550,0,13368,2350202552,-2025,7322
6001,1550,1,13369,2351061545,-5269,-3183
6001,1550,2,13370,2351920538,-2782,-1327
6001,1550,3,13371,2352779531,-2345,5234
6001,1551,0,13372,2353638524,-1745,1636
6001,1551,1,13373,2354497517,3088,4517
6001,1551,2,13374,2355356510,5647,-2611
6001,1551,3,13375,2356215503,2255,-1440
6001,1552,0,13376,2357074496,-851,6246
6001,1552,1,13377,2357933489,-608,-5546
6001,1552,2,13378,2358792482,631,-4932
6001,1552,3,13379,2359651475,2522,-1721
6001,1553,0,13380,2360510468,3766,-4989
6001,1553,1,13381,2361369461,1826,3166
6001,1553,2,13382,2362228454,-185,-24
6001,1553,3,13383,2363087447,-3894,-1206
6001,1554,0,13384,2363946440,-9056,5366
6001,1554,1,13385,2364805433,-4077,4899
6001,1554,2,13386,2365664426,1418,7227
6001,1554,3,13387,2366523419,-211,716
6001,1555,0,13388,2367382412,3980,659
6001,1555,1,13389,2368241405,1260,4879
6001,1555,2,13390,2369100398,-7285,-6644
6001,1555,3,13391,2369959391,-1169,1231
6001,1556,0,13392,2370818384,4972,9586
6001,1556,1,13393,2371677377,4873,-163
6001,1556,2,13394,2372536370,3857,3344
6001,1556,3,13395,2373395363,-1364,2761
6001,1557,0,13396,2374254356,-2307,-1538
6001,1557,1,13397,2375113349,-152,2872
6001,1557,2,13398,2375972342,2174,923
6001,1557,3,13399,2376831335,3288,-1837
6001,1558,0,13400,2377690328,-1545,-1843
6001,1558,1,13401,2378549321,669,1505
6001,1558,2,13402,2379408314,8372,3112
6001,1558,3,13403,2380267307,5138,-1920
6001,1559,0,13404,2381126300,-4610,-1028
6001,1559,1,13405,2381985293,-5430,1076
6001,1559,2,13406,2382844286,2011,764
6001,1559,3,13407,2383703279,425,2593
6001,1560,0,13408,2384562272,-2342,200
6001,1560,1,13409,2385421265,2381,-4994
6001,1560,2,13410,2386280258,488,-4471
6001,1560,3,13411,2387139251,-968,1751
6001,1561,0,13412,2387998244,500,253
6001,1561,1,13413,2388857237,445,-5280
6001,1561,2,13414,2389716230,2445,-1364
6001,1561,3,13415,2390575223,-1707,3279
6001,1562,0,13416,2391434216,-4366,2733
6001,1562,1,13417,2392293209,-4211,-5185
6001,1562,2,13418,2393152202,-3755,-8809
6001,1562,3,13419,2394011195,7237,3268
6001,1563,0,13420,2394870188,4321,7265
6001,1563,1,13421,2395729181,-7755,3213
6001,1563,2,13422,2396588174,1597,3621
6001,1563,3,13423,2397447167,6357,-1222
6001,1564,0,13424,2398306160,1017,-2072
6001,1564,1,13425,2399165153,5303,2912
6001,1564,2,13426,2400024146,3660,2642
6001,1564,3,13427,2400883139,-3404,2274
6001,1565,0,13428,2401742132,-1667,6411
6001,1565,1,13429,2402601125,-308,9416
6001,1565,2,13430,2403460118,-1511,2654
6001,1565,3,13431,2404319111,1157,-3215
6001,1566,0,13432,2405178104,757,-1124
6001,1566,1,13433,2406037097,-2766,-3760
6001,1566,2,13434,2406896090,-2412,-964
6001,1566,3,13435,2407755083,2832,7733
6001,1567,0,13436,2408614076,8375,2706
6001,1567,1,13437,2409473069,2118,-1870
6001,1567,2,13438,2410332062,-3274,-446
6001,1567,3,13439,2411191055,39,-4242
6001,1568,0,13440,2412050048,-5709,1232
6001,1568,1,13441,2412909041,-2257,8724
6001,1568,2,13442,2413768034,6668,4703
6001,1568,3,13443,2414627027,-2174,5205
6001,1569,0,13444,2415486020,-2025,6020
6001,1569,1,13445,2416345013,2500,3673
6001,1569,2,13446,2417204006,-1386,1554
6001,1569,3,13447,2418062999,2329,-7195
6001,1570,0,13448,2418921992,728,-6409
6001,1570,1,13449,2419780985,-4839,-703
6001,1570,2,13450,2420639978,-1549,-2920
6001,1570,3,13451,2421498971,2866,-272
6001,1571,0,13452,2422357964,-418,-1179
6001,1571,1,13453,2423216957,-6616,-1860
6001,1571,2,13454,2424075950,1517,1813
6001,1571,3,13455,2424934943,5990,-1647
6001,1572,0,13456,2425793936,-2830,-364
6001,1572,1,13457,2426652929,-3444,-1071
6001,1572,2,13458,2427511922,-4036,-2044
6001,1572,3,13459,2428370915,-1276,6342
6001,1573,0,13460,2429229908,5357,2744
6001,1573,1,13461,2430088901,318,-2562
6001,1573,2,13462,2430947894,-1162,-35
6001,1573,3,13463,2431806887,4505,-2136
6001,1574,0,13464,2432665880,5929,-1567
6001,1574,1,13465,2433524873,-3597,240
6001,1574,2,13466,2434383866,-10710,-1934
6001,1574,3,13467,2435242859,-882,-1947
6001,1575,0,13468,2436101852,-684,4577
6001,1575,1,13469,2436960845,-1878,5545
6001,1575,2,13470,2437819838,4711,1257
6001,1575,3,13471,2438678831,-6823,7502
6001,1576,0,13472,2439537824,-9650,2626
6001,1576,1,13473,2440396817,-1604,-4803
6001,1576,2,13474,2441255810,-4890,5624
6001,1576,3,13475,2442114803,-1006,1825
6001,1577,0,13476,2442973796,-1315,-5261
6001,1577,1,13477,2443832789,-7424,-4189
6001,1577,2,13478,2444691782,1233,-7195
6001,1577,3,13479,2445550775,7240,515
6001,1578,0,13480,2446409768,122,3514
6001,1578,1,13481,2447268761,-2260,1531
6001,1578,2,13482,2448127754,3746,3826
6001,1578,3,13483,2448986747,-425,-3995
6001,1579,0,13484,2449845740,-5914,-3135
6001,1579,1,13485,2450704733,1119,4425
6001,1579,2,13486,2451563726,1648,4673
6001,1579,3,13487,2452422719,-1268,6222
6001,1580,0,13488,2453281712,-2119,4700
6001,1580,1,13489,2454140705,-4091,4163
6001,1580,2,13490,2454999698,3330,3385
6001,1580,3,13491,2455858691,6519,1980
6001,1581,0,13492,2456717684,4078,5605
6001,1581,1,13493,2457576677,6852,3012
6001,1581,2,13494,2458435670,3969,370
6001,1581,3,13495,2459294663,-549,526
6001,1582,0,13496,2460153656,-4054,-941
6001,1582,1,13497,2461012649,-5103,3691
6001,1582,2,13498,2461871642,997,4528
6001,1582,3,13499,2462730635,1214,1320
6001,1583,0,13500,2463589628,-151,3410
6001,1583,1,13501,2464448621,2297,3629
6001,1583,2,13502,2465307614,608,2113
6001,1583,3,13503,2466166607,1310,965
6001,1584,0,13504,2467025600,568,-1560
6001,1584,1,13505,2467884593,-3022,-1418
6001,1584,2,13506,2468743586,3286,1975
6001,1584,3,13507,2469602579,5865,2995
6001,1585,0,13508,2470461572,-3184,-1097
6001,1585,1,13509,2471320565,-2872,-3859
6001,1585,2,13510,2472179558,2580,1477
6001,1585,3,13511,2473038551,-2136,5487
6001,1586,0,13512,2473897544,-3053,-1486
6001,1586,1,13513,2474756537,3740,-5713
6001,1586,2,13514,2475615530,1210,-2326
6001,1586,3,13515,2476474523,-5382,-1878
6001,1587,0,13516,2477333516,-663,-1646
6001,1587,1,13517,2478192509,2851,-2467
6001,1587,2,13518,2479051502,-3624,-2477
6001,1587,3,13519,2479910495,-3233,3480
6001,1588,0,13520,2480769488,1694,4573
6001,1588,1,13521,2481628481,414,1124
6001,1588,2,13522,2482487474,-87,1533
6001,1588,3,13523,2483346467,455,1490
6001,1589,0,13524,2484205460,460,-2805
6001,1589,1,13525,2485064453,-1038,-2567
6001,1589,2,13526,2485923446,-3096,2223
6001,1589,3,13527,2486782439,173,-592
6001,1590,0,13528,2487641432,1746,1258
6001,1590,1,13529,2488500425,574,3665
6001,1590,2,13530,2489359418,1545,-8267
6001,1590,3,13531,2490218411,511,-8211
6001,1591,0,13532,2491077404,-1817,-412
6001,1591,1,13533,2491936397,-1369,-2220
6001,1591,2,13534,2492795390,2421,-123
6001,1591,3,13535,2493654383,1619,2079
6001,1592,0,13536,2494513376,322,4054
6001,1592,1,13537,2495372369,3077,4995
6001,1592,2,13538,2496231362,-2613,1172
6001,1592,3,13539,2497090355,-3040,457
6001,1593,0,13540,2497949348,3524,419
6001,1593,1,13541,2498808341,834,3649
6001,1593,2,13542,2499667334,82,3012
6001,1593,3,13543,2500526327,54,-2239
6001,1594,0,13544,2501385320,2260,2529
6001,1594,1,13545,2502244313,3250,4483
6001,1594,2,13546,2503103306,-3819,83
6001,1594,3,13547,2503962299,1656,-4086
6001,1595,0,13548,2504821292,1871,-4514
6001,1595,1,13549,2505680285,-3917,1186
6001,1595,2,13550,2506539278,4739,-408
6001,1595,3,13551,2507398271,2088,-753
6001,1596,0,13552,2508257264,2327,2735
6001,1596,1,13553,2509116257,8738,758
6001,1596,2,13554,2509975250,-312,455
6001,1596,3,13555,2510834243,-299,-2511
6001,1597,0,13556,2511693236,718,-416
6001,1597,1,13557,2512552229,-5064,3003
6001,1597,2,13558,2513411222,-2069,-3501
6001,1597,3,13559,2514270215,1456,-3966
6001,1598,0,13560,2515129208,3236,-2818
6001,1598,1,13561,2515988201,1427,-1660
6001,1598,2,13562,2516847194,3797,612
6001,1598,3,13563,2517706187,4000,886
6001,1599,0,13564,2518565180,-7823,4664
6001,1599,1,13565,2519424173,-3622,-1641
6001,1599,2,13566,2520283166,4947,-2672
6001,1599,3,13567,2521142159,-788,3140
6001,1600,0,13568,2522001152,-2078,-4288
6001,1600,1,13569,2522860145,1469,-3
6001,1600,2,13570,2523719138,4834,857
6001,1600,3,13571,2524578131,4319,-9252
6001,1601,0,13572,2525437124,5144,-1019
6001,1601,1,13573,2526296117,5452,3865
6001,1601,2,13574,2527155110,-2231,1357
6001,1601,3,13575,2528014103,-119,2481
6001,1602,0,13576,2528873096,2135,3875
6001,1602,1,13577,2529732089,-243,5534
6001,1602,2,13578,2530591082,2952,-4882
6001,1602,3,13579,2531450075,-5089,-7971
6001,1603,0,13580,2532309068,-7243,3772
6001,1603,1,13581,2533168061,1235,1126
6001,1603,2,13582,2534027054,-1249,-7185
6001,1603,3,13583,2534886047,-700,-3396
6001,1604,0,13584,2535745040,1472,2674
6001,1604,1,13585,2536604033,-695,336
6001,1604,2,13586,2537463026,-1389,-682
6001,1604,3,13587,2538322019,-4124,2458
6001,1605,0,13588,2539181012,-3929,-1843
6001,1605,1,13589,2540040005,-3638,-4077
6001,1605,2,13590,2540898998,-4934,-1003
6001,1605,3,13591,2541757991,-2605,66
6001,1606,0,13592,2542616984,196,-1849
6001,1606,1,13593,2543475977,585,-2822
6001,1606,2,13594,2544334970,-3539,3614
6001,1606,3,13595,2545193963,-2604,-2345
6001,1607,0,13596,2546052956,4191,-10822
6001,1607,1,13597,2546911949,3208,3252
6001,1607,2,13598,2547770942,1494,5862
6001,1607,3,13599,2548629935,2211,-3016
6001,1608,0,13600,2549488928,-1820,857
6001,1608,1,13601,2550347921,-2503,367
6001,1608,2,13602,2551206914,-76,627
6001,1608,3,13603,2552065907,-1439,4696
6001,1609,0,13604,2552924900,2002,-4107
6001,1609,1,13605,2553783893,4810,-9341
6001,1609,2,13606,2554642886,-2765,-530
6001,1609,3,13607,2555501879,-4850,-931
6001,1610,0,13608,2556360872,-1686,-6788
6001,1610,1,13609,2557219865,344,-708
6001,1610,2,13610,2558078858,5614,-2129
6001,1610,3,13611,2558937851,2660,-8351
6001,1611,0,13612,2559796844,-674,-1924
6001,1611,1,13613,2560655837,846,-94
6001,1611,2,13614,2561514830,-3442,582
6001,1611,3,13615,2562373823,-254,4447
6001,1612,0,13616,2563232816,3260,-1133
6001,1612,1,13617,2564091809,-1860,-1916
6001,1612,2,13618,2564950802,-2417,485
6001,1612,3,13619,2565809795,-1199,-4761
6001,1613,0,13620,2566668788,2104,-3071
6001,1613,1,13621,2567527781,2592,1951
6001,1613,2,13622,2568386774,-2337,-348
6001,1613,3,13623,2569245767,-2394,-2932
6001,1614,0,13624,2570104760,-2114,-6484
6001,1614,1,13625,2570963753,-1960,-5343
6001,1614,2,13626,2571822746,-3903,4634
6001,1614,3,13627,2572681739,-8480,2337
6001,1615,0,13628,2573540732,-8199,-3003
6001,1615,1,13629,2574399725,-4768,3587
6001,1615,2,13630,2575258718,3960,-1591
6001,1615,3,13631,2576117711,4683,-6336
6001,1616,0,13632,2576976704,-3635,300
6001,1616,1,13633,2577835697,-238,-4140
6001,1616,2,13634,2578694690,1067,-2163
6001,1616,3,13635,2579553683,228,6782
6001,1617,0,13636,2580412676,6256,742
6001,1617,1,13637,2581271669,2968,-331
6001,1617,2,13638,2582130662,-414,5851
6001,1617,3,13639,2582989655,197,1383
6001,1618,0,13640,2583848648,-1915,-4006
6001,1618,1,13641,2584707641,3961,-2607
6001,1618,2,13642,2585566634,8328,-2237
6001,1618,3,13643,2586425627,3974,-4059
6001,1619,0,13644,2587284620,785,-3846
6001,1619,1,13645,2588143613,-2868,-992
6001,1619,2,13646,2589002606,-1984,2967
6001,1619,3,13647,2589861599,1949,3146
6001,1620,0,13648,2590720592,-3423,1954
6001,1620,1,13649,2591579585,-2972,1620
6001,1620,2,13650,2592438578,4377,-2323
6001,1620,3,13651,2593297571,233,802
6001,1621,0,13652,2594156564,-1365,7893
6001,1621,1,13653,2595015557,3159,2322
6001,1621,2,13654,2595874550,2429,-3570
6001,1621,3,13655,2596733543,-2580,-87
6001,1622,0,13656,2597592536,-9182,179
6001,1622,1,13657,2598451529,-2983,-7712
6001,1622,2,13658,2599310522,1771,-8145
6001,1622,3,13659,2600169515,-4895,1001
6001,1623,0,13660,2601028508,3627,-821
6001,1623,1,13661,2601887501,7163,-4079
6001,1623,2,13662,2602746494,-1744,2432
6001,1623,3,13663,2603605487,3780,3419
6001,1624,0,13664,2604464480,6956,1249
6001,1624,1,13665,2605323473,292,464
6001,1624,2,13666,2606182466,-4753,-2522
6001,1624,3,13667,2607041459,-4602,-4022
6001,1625,0,13668,2607900452,513,240
6001,1625,1,13669,2608759445,1814,4663
6001,1625,2,13670,2609618438,158,-1581
6001,1625,3,13671,2610477431,-2537,-6359
6001,1626,0,13672,2611336424,95,-2352
6001,1626,1,13673,2612195417,2696,33
6001,1626,2,13674,2613054410,-4277,248
6001,1626,3,13675,2613913403,-378,-3685
6001,1627,0,13676,2614772396,4113,-242
6001,1627,1,13677,2615631389,-3172,8166
6001,1627,2,13678,2616490382,-2927,-550
6001,1627,3,13679,2617349375,-114,-5035
6001,1628,0,13680,2618208368,1612,4221
6001,1628,1,13681,2619067361,1709,4974
6001,1628,2,13682,2619926354,2490,-516
6001,1628,3,13683,2620785347,6038,-3489
6001,1629,0,13684,2621644340,1498,765
6001,1629,1,13685,2622503333,397,3816
6001,1629,2,13686,2623362326,-3760,-454
6001,1629,3,13687,2624221319,-9463,1477
6001,1630,0,13688,2625080312,3208,4045
6001,1630,1,13689,2625939305,7264,2412
6001,1630,2,13690,2626798298,4433,-548
6001,1630,3,13691,2627657291,6598,-6408
6001,1631,0,13692,2628516284,2055,2813
6001,1631,1,13693,2629375277,4887,11907
6001,1631,2,13694,2630234270,5076,-3337
6001,1631,3,13695,2631093263,274,-7189
6001,1632,0,13696,2631952256,3168,19
6001,1632,1,13697,2632811249,1807,-4724
6001,1632,2,13698,2633670242,1929,3844
6001,1632,3,13699,2634529235,2208,6032
6001,1633,0,13700,2635388228,-2036,-10693
6001,1633,1,13701,2636247221,-2454,-4125
6001,1633,2,13702,2637106214,-599,2547
6001,1633,3,13703,2637965207,-866,-7041
6001,1634,0,13704,2638824200,-6073,-1350
6001,1634,1,13705,2639683193,-835,3434
6001,1634,2,13706,2640542186,7446,494
6001,1634,3,13707,2641401179,2182,808
6001,1635,0,13708,2642260172,1722,-2491
6001,1635,1,13709,2643119165,500,199
6001,1635,2,13710,2643978158,-84,4162
6001,1635,3,13711,2644837151,4338,468
6001,1636,0,13712,2645696144,-708,2335
6001,1636,1,13713,2646555137,2611,7567
6001,1636,2,13714,2647414130,4276,6428
6001,1636,3,13715,2648273123,-4207,-731
6001,1637,0,13716,2649132116,-3614,-6302
6001,1637,1,13717,2649991109,-7703,-1854
6001,1637,2,13718,2650850102,-7807,3072
6001,1637,3,13719,2651709095,-1326,-223
6001,1638,0,13720,2652568088,-1800,-756
6001,1638,1,13721,2653427081,4528,170
6001,1638,2,13722,2654286074,3902,-2820
6001,1638,3,13723,2655145067,-4201,-1024
6001,1639,0,13724,2656004060,-1066,-2172
6001,1639,1,13725,2656863053,-380,-4608
6001,1639,2,13726,2657722046,-3388,1863
6001,1639,3,13727,2658581039,-1704,3004
6001,1640,0,13728,2659440032,820,2794
6001,1640,1,13729,2660299025,1074,4916
6001,1640,2,13730,2661158018,184,2071
6001,1640,3,13731,2662017011,-561,-928
6001,1641,0,13732,2662876004,-757,-7431
6001,1641,1,13733,2663734997,1361,-3213
6001,1641,2,13734,2664593990,-3659,4746
6001,1641,3,13735,2665452983,-9403,-844
6001,1642,0,13736,2666311976,-1861,3196
6001,1642,1,13737,2667170969,436,-84
6001,1642,2,13738,2668029962,-3968,-8314
6001,1642,3,13739,2668888955,-1087,3819
6001,1643,0,13740,2669747948,676,2487
6001,1643,1,13741,2670606941,707,-352
6001,1643,2,13742,2671465934,4462,6503
6001,1643,3,13743,2672324927,2550,-1170
6001,1644,0,13744,2673183920,-7697,321
6001,1644,1,13745,2674042913,-4305,6221
6001,1644,2,13746,2674901906,7979,1131
6001,1644,3,13747,2675760899,-264,-356
6001,1645,0,13748,2676619892,-6896,861
6001,1645,1,13749,2677478885,2115,3812
6001,1645,2,13750,2678337878,-2029,1473
6001,1645,3,13751,2679196871,-7579,-3327
6001,1646,0,13752,2680055864,-733,417
6001,1646,1,13753,2680914857,-2651,2095
6001,1646,2,13754,2681773850,-5317,-1334
6001,1646,3,13755,2682632843,3532,-519
6001,1647,0,13756,2683491836,6511,4492
6001,1647,1,13757,2684350829,5063,1023
6001,1647,2,13758,2685209822,3829,-5139
6001,1647,3,13759,2686068815,-1584,-3504
6001,1648,0,13760,2686927808,2547,-4089
6001,1648,1,13761,2687786801,5382,-328
6001,1648,2,13762,2688645794,-2179,3673
6001,1648,3,13763,2689504787,-273,-1956
6001,1649,0,13764,2690363780,4200,-3068
6001,1649,1,13765,2691222773,6211,927
6001,1649,2,13766,2692081766,4607,5229
6001,1649,3,13767,2692940759,-1652,2848
6001,1650,0,13768,2693799752,3708,835
6001,1650,1,13769,2694658745,4609,5728
6001,1650,2,13770,2695517738,-1288,837
6001,1650,3,13771,2696376731,875,1427
6001,1651,0,13772,2697235724,231,4211
6001,1651,1,13773,2698094717,3735,-1293
6001,1651,2,13774,2698953710,4012,6706
6001,1651,3,13775,2699812703,1043,8002
6001,1652,0,13776,2700671696,6274,2988
6001,1652,1,13777,2701530689,-1004,5018
6001,1652,2,13778,2702389682,-777,-2080
6001,1652,3,13779,2703248675,6843,-3321
6001,1653,0,13780,2704107668,-4684,-1653
6001,1653,1,13781,2704966661,-3892,-1677
6001,1653,2,13782,2705825654,1517,2107
6001,1653,3,13783,2706684647,-3577,-3001
6001,1654,0,13784,2707543640,-642,-3217
6001,1654,1,13785,2708402633,-1171,-2104
6001,1654,2,13786,2709261626,1217,-3034
6001,1654,3,13787,2710120619,4763,3789
6001,1655,0,13788,2710979612,-1683,580
6001,1655,1,13789,2711838605,640,-765
6001,1655,2,13790,2712697598,3195,6091
6001,1655,3,13791,2713556591,1726,2684
6001,1656,0,13792,2714415584,3706,-6955
6001,1656,1,13793,2715274577,-2223,-9350
6001,1656,2,13794,2716133570,-3543,3382
6001,1656,3,13795,2716992563,4766,3560
6001,1657,0,13796,2717851556,4137,-10586
6001,1657,1,13797,2718710549,-1737,-5407
6001,1657,2,13798,2719569542,-2225,1139
6001,1657,3,13799,2720428535,-670,432
6001,1658,0,13800,2721287528,-1521,4124
6001,1658,1,13801,2722146521,-1863,3967
6001,1658,2,13802,2723005514,2,2775
6001,1658,3,13803,2723864507,-376,-653
6001,1659,0,13804,2724723500,-2947,-4628
6001,1659,1,13805,2725582493,-3966,-4122
6001,1659,2,13806,2726441486,-3666,-4758
6001,1659,3,13807,2727300479,-998,-2217
6001,1660,0,13808,2728159472,1904,2499
6001,1660,1,13809,2729018465,-1871,2685
6001,1660,2,13810,2729877458,-3396,3185
6001,1660,3,13811,2730736451,3879,3836
6001,1661,0,13812,2731595444,7510,-78
6001,1661,1,13813,2732454437,5424,1451
6001,1661,2,13814,2733313430,2299,4571
6001,1661,3,13815,2734172423,2251,-4243
6001,1662,0,13816,2735031416,2386,-2500
6001,1662,1,13817,2735890409,-4453,5674
6001,1662,2,13818,2736749402,-1580,-1699
6001,1662,3,13819,2737608395,3820,1151
6001,1663,0,13820,2738467388,-5987,5907
6001,1663,1,13821,2739326381,-3399,-4599
6001,1663,2,13822,2740185374,6721,-2293
6001,1663,3,13823,2741044367,2897,3431
6001,1664,0,13824,2741903360,1362,-5831
6001,1664,1,13825,2742762353,145,-9496
6001,1664,2,13826,2743621346,-2006,-837
6001,1664,3,13827,2744480339,-1140,1806
6001,1665,0,13828,2745339332,-5641,-4146
6001,1665,1,13829,2746198325,-1277,-4924
6001,1665,2,13830,2747057318,8429,-2793
6001,1665,3,13831,2747916311,2992,-303
6001,1666,0,13832,2748775304,-1941,4512
6001,1666,1,13833,2749634297,1265,3624
6001,1666,2,13834,2750493290,-2458,-1668
6001,1666,3,13835,2751352283,-3611,-1829
6001,1667,0,13836,2752211276,2725,2385
6001,1667,1,13837,2753070269,-3069,-214
6001,1667,2,13838,2753929262,-6905,-3789
6001,1667,3,13839,2754788255,4341,-91
6001,1668,0,13840,2755647248,4814,-1722
6001,1668,1,13841,2756506241,797,-4528
6001,1668,2,13842,2757365234,1153,-4941
6001,1668,3,13843,2758224227,-5522,-2243
6001,1669,0,13844,2759083220,-3113,8702
6001,1669,1,13845,2759942213,3942,3386
6001,1669,2,13846,2760801206,3578,-10522
6001,1669,3,13847,2761660199,3751,-4955
6001,1670,0,13848,2762519192,-824,4230
6001,1670,1,13849,2763378185,-871,6100
6001,1670,2,13850,2764237178,3116,3930
6001,1670,3,13851,2765096171,-1549,1725
6001,1671,0,13852,2765955164,-3347,-157
6001,1671,1,13853,2766814157,-3950,-2886
6001,1671,2,13854,2767673150,-2309,-782
6001,1671,3,13855,2768532143,139,-2068
6001,1672,0,13856,2769391136,-6709,-4809
6001,1672,1,13857,2770250129,-3274,-4770
6001,1672,2,13858,2771109122,4659,-5299
6001,1672,3,13859,2771968115,262,-547
6001,1673,0,13860,2772827108,-5384,-877
6001,1673,1,13861,2773686101,-10812,-449
6001,1673,2,13862,2774545094,-5545,3841
6001,1673,3,13863,2775404087,3775,-2294
6001,1674,0,13864,2776263080,-2084,-2073
6001,1674,1,13865,2777122073,-2384,-2403
6001,1674,2,13866,2777981066,4374,-7543
6001,1674,3,13867,2778840059,1800,1123
6001,1675,0,13868,2779699052,212,4163
6001,1675,1,13869,2780558045,2298,1692
6001,1675,2,13870,2781417038,-1601,4566
6001,1675,3,13871,2782276031,-7749,719
6001,1676,0,13872,2783135024,-4284,-3591
6001,1676,1,13873,2783994017,1698,1502
6001,1676,2,13874,2784853010,478,9285
6001,1676,3,13875,2785712003,-333,3134
6001,1677,0,13876,2786570996,3324,-6053
6001,1677,1,13877,2787429989,10599,-958
6001,1677,2,13878,2788288982,9144,1144
6001,1677,3,13879,2789147975,-2696,-592
6001,1678,0,13880,2790006968,-3815,677
6001,1678,1,13881,2790865961,1854,-561
6001,1678,2,13882,2791724954,2593,-2113
6001,1678,3,13883,2792583947,-453,-2278
6001,1679,0,13884,2793442940,-3206,2452
6001,1679,1,13885,2794301933,-1347,3245
6001,1679,2,13886,2795160926,-2845,-3975
6001,1679,3,13887,2796019919,-2157,-6669
6001,1680,0,13888,2796878912,688,-2767
6001,1680,1,13889,2797737905,-3444,4080
6001,1680,2,13890,2798596898,442,3624
6001,1680,3,13891,2799455891,2897,-966
6001,1681,0,13892,2800314884,51,-1712
6001,1681,1,13893,2801173877,6531,-3605
6001,1681,2,13894,2802032870,2092,-480
6001,1681,3,13895,2802891863,-4897,1380
6001,1682,0,13896,2803750856,3403,-626
6001,1682,1,13897,2804609849,5769,-881
6001,1682,2,13898,2805468842,1477,-5340
6001,1682,3,13899,2806327835,-433,-4438
6001,1683,0,13900,2807186828,-1044,-4202
6001,1683,1,13901,2808045821,864,-4622
6001,1683,2,13902,2808904814,2182,2708
6001,1683,3,13903,2809763807,1485,-889
6001,1684,0,13904,2810622800,669,-903
6001,1684,1,13905,2811481793,583,4501
6001,1684,2,13906,2812340786,-3787,-1413
6001,1684,3,13907,2813199779,-5429,719
6001,1685,0,13908,2814058772,4413,4452
6001,1685,1,13909,2814917765,6641,5457
6001,1685,2,13910,2815776758,-421,6948
6001,1685,3,13911,2816635751,289,-1236
6001,1686,0,13912,2817494744,2015,-2230
6001,1686,1,13913,2818353737,1552,-957
6001,1686,2,13914,2819212730,4019,-3499
6001,1686,3,13915,2820071723,371,2426
6001,1687,0,13916,2820930716,-7201,-563
6001,1687,1,13917,2821789709,-4838,-5602
6001,1687,2,13918,2822648702,-2081,3603
6001,1687,3,13919,2823507695,-1437,3254
6001,1688,0,13920,2824366688,4858,-6889
6001,1688,1,13921,2825225681,1039,-2715
6001,1688,2,13922,2826084674,-3544,154
6001,1688,3,13923,2826943667,727,-7973
6001,1689,0,13924,2827802660,-3590,-4262
6001,1689,1,13925,2828661653,-3923,-2061
6001,1689,2,13926,2829520646,-1562,-4799
6001,1689,3,13927,2830379639,-4841,2748
6001,1690,0,13928,2831238632,-160,-393
6001,1690,1,13929,2832097625,207,-1222
6001,1690,2,13930,2832956618,-4271,5545
6001,1690,3,13931,2833815611,-2953,-1712
6001,1691,0,13932,2834674604,1388,1110
6001,1691,1,13933,2835533597,4475,5896
6001,1691,2,13934,2836392590,454,140
6001,1691,3,13935,2837251583,2406,1746
6001,1692,0,13936,2838110576,-550,-788
6001,1692,1,13937,2838969569,-9714,4558
6001,1692,2,13938,2839828562,-301,11082
6001,1692,3,13939,2840687555,-2123,-6440
6001,1693,0,13940,2841546548,-6537,-9386
6001,1693,1,13941,2842405541,4614,3766
6001,1693,2,13942,2843264534,-2951,24
6001,1693,3,13943,2844123527,-4477,-3089
6001,1694,0,13944,2844982520,178,232
6001,1694,1,13945,2845841513,-7320,-2382
6001,1694,2,13946,2846700506,3110,-2877
6001,1694,3,13947,2847559499,7122,601
6001,1695,0,13948,2848418492,-3092,1135
6001,1695,1,13949,2849277485,-2168,26
6001,1695,2,13950,2850136478,-1494,-3805
6001,1695,3,13951,2850995471,-23,-5675
6001,1696,0,13952,2851854464,3448,1539
6001,1696,1,13953,2852713457,5669,3068
6001,1696,2,13954,2853572450,-534,-587
6001,1696,3,13955,2854431443,-8164,1070
6001,1697,0,13956,2855290436,2622,-4772
6001,1697,1,13957,2856149429,656,-6744
6001,1697,2,13958,2857008422,-9697,1595
6001,1697,3,13959,2857867415,-1163,-2235
6001,1698,0,13960,2858726408,347,-4387
6001,1698,1,13961,2859585401,1980,1113
6001,1698,2,13962,2860444394,5660,-3536
6001,1698,3,13963,2861303387,155,-2115
6001,1699,0,13964,2862162380,2259,4707
6001,1699,1,13965,2863021373,2386,2969
6001,1699,2,13966,2863880366,475,6520
6001,1699,3,13967,2864739359,-3240,4929
6001,1700,0,13968,2865598352,-9767,-4968
6001,1700,1,13969,2866457345,-623,-1513
6001,1700,2,13970,2867316338,3125,895
6001,1700,3,13971,2868175331,-35,-1506
6001,1701,0,13972,2869034324,3424,2077
6001,1701,1,13973,2869893317,-1595,231
6001,1701,2,13974,2870752310,-79,-631
6001,1701,3,13975,2871611303,4317,498
6001,1702,0,13976,2872470296,-2530,1736
6001,1702,1,13977,2873329289,-3311,10417
6001,1702,2,13978,2874188282,-688,7110
6001,1702,3,13979,2875047275,-1463,-1209
6001,1703,0,13980,2875906268,-4354,1183
6001,1703,1,13981,2876765261,-611,-1612
6001,1703,2,13982,2877624254,8226,-3074
6001,1703,3,13983,2878483247,1860,-2145
6001,1704,0,13984,2879342240,-3604,-4294
6001,1704,1,13985,2880201233,844,-2780
6001,1704,2,13986,2881060226,1995,-4514
6001,1704,3,13987,2881919219,5616,-65
6001,1705,0,13988,2882778212,4617,5912
6001,1705,1,13989,2883637205,2595,197
6001,1705,2,13990,2884496198,6021,1399
6001,1705,3,13991,2885355191,1101,-2182
6001,1706,0,13992,2886214184,-2161,-10548
6001,1706,1,13993,2887073177,1424,1241
6001,1706,2,13994,2887932170,1737,5993
6001,1706,3,13995,2888791163,2254,-4175
6001,1707,0,13996,2889650156,2165,-4923
6001,1707,1,13997,2890509149,-1424,-1931
6001,1707,2,13998,2891368142,-3094,-1233
6001,1707,3,13999,2892227135,-1588,-2900
6001,1708,0,14000,2893086128,-280,-2978
6001,1708,1,14001,2893945121,4111,20
6001,1708,2,14002,2894804114,3336,-2228
6001,1708,3,14003,2895663107,-6181,-898
6001,1709,0,14004,2896522100,-2286,3268
6001,1709,1,14005,2897381093,4635,126
6001,1709,2,14006,2898240086,1215,-2663
6001,1709,3,14007,2899099079,4328,-4433
6001,1710,0,14008,2899958072,6965,-1487
6001,1710,1,14009,2900817065,6860,3230
6001,1710,2,14010,2901676058,5348,-1920
6001,1710,3,14011,2902535051,-1353,-855
6001,1711,0,14012,2903394044,1434,3619
6001,1711,1,14013,2904253037,3752,-2109
6001,1711,2,14014,2905112030,401,-3404
6001,1711,3,14015,2905971023,4867,-3314
6001,1712,0,14016,2906830016,7862,-2444
6001,1712,1,14017,2907689009,2831,2120
6001,1712,2,14018,2908548002,-4231,-1120
6001,1712,3,14019,2909406995,-2287,1924
6001,1713,0,14020,2910265988,-585,4534
6001,1713,1,14021,2911124981,-8031,-5928
6001,1713,2,14022,2911983974,-4251,-982
6001,1713,3,14023,2912842967,-831,8294
6001,1714,0,14024,2913701960,-7111,709
6001,1714,1,14025,2914560953,-3634,-935
6001,1714,2,14026,2915419946,3677,5135
6001,1714,3,14027,2916278939,4445,3914
6001,1715,0,14028,2917137932,-2702,762
6001,1715,1,14029,2917996925,-5251,3922
6001,1715,2,14030,2918855918,-38,3703
6001,1715,3,14031,2919714911,-2010,-3285
6001,1716,0,14032,2920573904,-2312,-2813
6001,1716,1,14033,2921432897,-973,1342
6001,1716,2,14034,2922291890,-718,4468
6001,1716,3,14035,2923150883,400,3364
6001,1717,0,14036,2924009876,-5229,-3967
6001,1717,1,14037,2924868869,-3298,770
6001,1717,2,14038,2925727862,1871,1372
6001,1717,3,14039,2926586855,579,-7471
6001,1718,0,14040,2927445848,-1468,-338
6001,1718,1,14041,2928304841,-4097,-1109
6001,1718,2,14042,2929163834,3540,-3386
6001,1718,3,14043,2930022827,1166,8219
6001,1719,0,14044,2930881820,-6843,2473
6001,1719,1,14045,2931740813,2677,-5
6001,1719,2,14046,2932599806,-2838,4970
6001,1719,3,14047,2933458799,-5990,-3896
6001,1720,0,14048,2934317792,1589,-1025
6001,1720,1,14049,2935176785,-6330,3902
6001,1720,2,14050,2936035778,400,1458
6001,1720,3,14051,2936894771,4847,5054
6001,1721,0,14052,2937753764,-4027,1342
6001,1721,1,14053,2938612757,2660,-1885
6001,1721,2,14054,2939471750,1684,382
6001,1721,3,14055,2940330743,-3530,-122
6001,1722,0,14056,2941189736,1200,107
6001,1722,1,14057,2942048729,750,-3393
6001,1722,2,14058,2942907722,-4559,-4879
6001,1722,3,14059,2943766715,-4379,-2672
6001,1723,0,14060,2944625708,8098,1316
6001,1723,1,14061,2945484701,8749,6791
6001,1723,2,14062,2946343694,-3774,1162
6001,1723,3,14063,2947202687,51,-624
6001,1724,0,14064,2948061680,5841,2972
6001,1724,1,14065,2948920673,2328,-2712
6001,1724,2,14066,2949779666,2418,2335
6001,1724,3,14067,2950638659,4556,5215
6001,1725,0,14068,2951497652,-3084,-5030
6001,1725,1,14069,2952356645,-11583,-2612
6001,1725,2,14070,2953215638,-4800,-338
6001,1725,3,14071,2954074631,-1551,-2252
6001,1726,0,14072,2954933624,-3334,2863
6001,1726,1,14073,2955792617,-3093,2465
6001,1726,2,14074,2956651610,-7851,2241
6001,1726,3,14075,2957510603,-487,3771
6001,1727,0,14076,2958369596,5993,1322
6001,1727,1,14077,2959228589,1616,-402
6001,1727,2,14078,2960087582,1827,-3664
6001,1727,3,14079,2960946575,-3417,700
6001,1728,0,14080,2961805568,-3563,5046
6001,1728,1,14081,2962664561,556,-3652
6001,1728,2,14082,2963523554,-3622,-6653
6001,1728,3,14083,2964382547,-2333,-4788
6001,1729,0,14084,2965241540,832,1168
6001,1729,1,14085,2966100533,5171,9767
6001,1729,2,14086,2966959526,4036,1247
6001,1729,3,14087,2967818519,-3783,-1195
6001,1730,0,14088,2968677512,-2129,4674
6001,1730,1,14089,2969536505,-4344,-3247
6001,1730,2,14090,2970395498,-4708,-2343
6001,1730,3,14091,2971254491,431,2922
6001,1731,0,14092,2972113484,-3464,3446
6001,1731,1,14093,2972972477,-584,4804
6001,1731,2,14094,2973831470,2891,-4048
6001,1731,3,14095,2974690463,-692,-4887
6001,1732,0,14096,2975549456,-1138,-1922
6001,1732,1,14097,2976408449,-1047,-6339
6001,1732,2,14098,2977267442,3070,1665
6001,1732,3,14099,2978126435,2078,5184
6001,1733,0,14100,2978985428,-4359,1926
6001,1733,1,14101,2979844421,-3232,1775
6001,1733,2,14102,2980703414,-1402,-3584
6001,1733,3,14103,2981562407,-2075,-2953
6001,1734,0,14104,2982421400,-3609,-5506
6001,1734,1,14105,2983280393,-629,-10135
6001,1734,2,14106,2984139386,1942,-5783
6001,1734,3,14107,2984998379,-1241,-4300
6001,1735,0,14108,2985857372,2275,1846
6001,1735,1,14109,2986716365,-1201,2138
6001,1735,2,14110,2987575358,-8861,-4249
6001,1735,3,14111,2988434351,-293,-1210
6001,1736,0,14112,2989293344,2117,-4837
6001,1736,1,14113,2990152337,-3539,-895
6001,1736,2,14114,2991011330,-246,8311
6001,1736,3,14115,2991870323,4920,847
6001,1737,0,14116,2992729316,6316,3026
6001,1737,1,14117,2993588309,1191,8074
6001,1737,2,14118,2994447302,-862,-357
6001,1737,3,14119,2995306295,4365,-3691
6001,1738,0,14120,2996165288,2303,-1747
6001,1738,1,14121,2997024281,-1654,-1688
6001,1738,2,14122,2997883274,817,-2505
6001,1738,3,14123,2998742267,2423,487
6001,1739,0,14124,2999601260,3412,1505
6001,1739,1,14125,3000460253,2631,589
6001,1739,2,14126,3001319246,-1000,6713
6001,1739,3,14127,3002178239,1363,4314
6001,1740,0,14128,3003037232,3183,-2118
6001,1740,1,14129,3003896225,-173,-221
6001,1740,2,14130,3004755218,2367,-1312
6001,1740,3,14131,3005614211,2667,16
6001,1741,0,14132,3006473204,108,3009
6001,1741,1,14133,3007332197,3223,1179
6001,1741,2,14134,3008191190,2358,207
6001,1741,3,14135,3009050183,2183,2386
6001,1742,0,14136,3009909176,2537,4341
6001,1742,1,14137,3010768169,477,-1785
6001,1742,2,14138,3011627162,4542,-1984
6001,1742,3,14139,3012486155,616,5893
6001,1743,0,14140,3013345148,-2165,3870
6001,1743,1,14141,3014204141,6187,1652
6001,1743,2,14142,3015063134,-94,339
6001,1743,3,14143,3015922127,-5545,213
6001,1744,0,14144,3016781120,2451,3710
6001,1744,1,14145,3017640113,1275,488
6001,1744,2,14146,3018499106,-3140,1571
6001,1744,3,14147,3019358099,-2676,-584
6001,1745,0,14148,3020217092,-864,-7958
6001,1745,1,14149,3021076085,51,-3066
6001,1745,2,14150,3021935078,-2039,-3286
6001,1745,3,14151,3022794071,-6,-5468
6001,1746,0,14152,3023653064,1292,-3384
6001,1746,1,14153,3024512057,-2392,-5507
6001,1746,2,14154,3025371050,-840,988
6001,1746,3,14155,3026230043,2789,3496
6001,1747,0,14156,3027089036,2181,1462
6001,1747,1,14157,3027948029,-217,6345
6001,1747,2,14158,3028807022,-753,2016
6001,1747,3,14159,3029666015,2558,-2315
6001,1748,0,14160,3030525008,4779,-2564
6001,1748,1,14161,3031384001,3822,-2806
6001,1748,2,14162,3032242994,1397,4647
6001,1748,3,14163,3033101987,-2501,3740
6001,1749,0,14164,3033960980,-1145,-1269
6001,1749,1,14165,3034819973,4093,2345
6001,1749,2,14166,3035678966,1906,1964
6001,1749,3,14167,3036537959,249,482
6001,1750,0,14168,3037396952,5843,2030
6001,1750,1,14169,3038255945,6146,1231
6001,1750,2,14170,3039114938,3079,-244
6001,1750,3,14171,3039973931,2257,2221
6001,1751,0,14172,3040832924,253,3870
6001,1751,1,14173,3041691917,1604,-2894
6001,1751,2,14174,3042550910,-489,-92
6001,1751,3,14175,3043409903,-5521,9247
6001,1752,0,14176,3044268896,-248,-1778
6001,1752,1,14177,3045127889,-994,-9400
6001,1752,2,14178,3045986882,-5827,426
6001,1752,3,14179,3046845875,3291,1524
6001,1753,0,14180,3047704868,4740,-1941
6001,1753,1,14181,3048563861,-891,-1693
6001,1753,2,14182,3049422854,1723,-1519
6001,1753,3,14183,3050281847,11,2032
6001,1754,0,14184,3051140840,-255,939
6001,1754,1,14185,3051999833,1460,-3964
6001,1754,2,14186,3052858826,-1269,-2308
6001,1754,3,14187,3053717819,2283,312
6001,1755,0,14188,3054576812,619,1670
6001,1755,1,14189,3055435805,-6616,656
6001,1755,2,14190,3056294798,-3562,-6553
6001,1755,3,14191,3057153791,-593,-7283
6001,1756,0,14192,3058012784,-857,19
6001,1756,1,14193,3058871777,-2217,670
6001,1756,2,14194,3059730770,-7647,897
6001,1756,3,14195,3060589763,-6316,3558
6001,1757,0,14196,3061448756,882,184
6001,1757,1,14197,3062307749,-1759,1243
6001,1757,2,14198,3063166742,-9450,4228
6001,1757,3,14199,3064025735,-4486,-484
6001,1758,0,14200,3064884728,4667,-1298
6001,1758,1,14201,3065743721,5202,-618
6001,1758,2,14202,3066602714,5428,-5
6001,1758,3,14203,3067461707,4238,5728
6001,1759,0,14204,3068320700,408,3736
6001,1759,1,14205,3069179693,-1905,-1669
6001,1759,2,14206,3070038686,-1842,-753
6001,1759,3,14207,3070897679,4221,-42
6001,1760,0,14208,3071756672,3582,505
6001,1760,1,14209,3072615665,-1786,3429
6001,1760,2,14210,3073474658,1955,8323
6001,1760,3,14211,3074333651,2128,5229
6001,1761,0,14212,3075192644,400,-1874
6001,1761,1,14213,3076051637,-504,853
6001,1761,2,14214,3076910630,-5516,-1406
6001,1761,3,14215,3077769623,-1929,-4323
6001,1762,0,14216,3078628616,2478,852
6001,1762,1,14217,3079487609,174,950
6001,1762,2,14218,3080346602,184,4471
6001,1762,3,14219,3081205595,-771,2488
6001,1763,0,14220,3082064588,-1626,-4716
6001,1763,1,14221,3082923581,427,878
6001,1763,2,14222,3083782574,2655,-988
6001,1763,3,14223,3084641567,1829,-1708
6001,1764,0,14224,3085500560,519,3085
6001,1764,1,14225,3086359553,3927,-3575
6001,1764,2,14226,3087218546,1316,2414
6001,1764,3,14227,3088077539,-2449,6808
6001,1765,0,14228,3088936532,3850,-2345
6001,1765,1,14229,3089795525,2065,174
6001,1765,2,14230,3090654518,-4841,1996
6001,1765,3,14231,3091513511,-58,3800
6001,1766,0,14232,3092372504,856,3689
6001,1766,1,14233,3093231497,-6740,-1903
6001,1766,2,14234,3094090490,-6014,4626
6001,1766,3,14235,3094949483,-1923,-159
6001,1767,0,14236,3095808476,-1379,-5308
6001,1767,1,14237,3096667469,2351,8315
6001,1767,2,14238,3097526462,3674,4115
6001,1767,3,14239,3098385455,2188,-3337
6001,1768,0,14240,3099244448,964,-741
6001,1768,1,14241,3100103441,-3821,-2842
6001,1768,2,14242,3100962434,-818,2067
6001,1768,3,14243,3101821427,5066,-1499
6001,1769,0,14244,3102680420,1772,-7637
6001,1769,1,14245,3103539413,2085,2772
6001,1769,2,14246,3104398406,3393,4279
6001,1769,3,14247,3105257399,-1718,84
6001,1770,0,14248,3106116392,-3940,-405
6001,1770,1,14249,3106975385,32,-3143
6001,1770,2,14250,3107834378,2835,2885
6001,1770,3,14251,3108693371,655,4538
6001,1771,0,14252,3109552364,1623,-5048
6001,1771,1,14253,3110411357,-1852,-4147
6001,1771,2,14254,3111270350,-9750,2976
6001,1771,3,14255,3112129343,-1375,3252
6001,1772,0,14256,3112988336,4751,2999
6001,1772,1,14257,3113847329,-3101,4041
6001,1772,2,14258,3114706322,-4013,-427
6001,1772,3,14259,3115565315,-1533,-4646
6001,1773,0,14260,3116424308,-17,517
6001,1773,1,14261,3117283301,500,5579
6001,1773,2,14262,3118142294,-3409,740
6001,1773,3,14263,3119001287,-1977,-5818
6001,1774,0,14264,3119860280,3067,-4048
6001,1774,1,14265,3120719273,970,1374
6001,1774,2,14266,3121578266,-6057,464
6001,1774,3,14267,3122437259,-5896,-1113
6001,1775,0,14268,3123296252,-135,6040
6001,1775,1,14269,3124155245,-1893,8597
6001,1775,2,14270,3125014238,-974,-976
6001,1775,3,14271,3125873231,5928,-3376
6001,1776,0,14272,3126732224,3421,-1084
6001,1776,1,14273,3127591217,-1987,-4552
6001,1776,2,14274,3128450210,-3340,356
6001,1776,3,14275,3129309203,-3200,2885
6001,1777,0,14276,3130168196,-468,-5233
6001,1777,1,14277,3131027189,1378,-6204
6001,1777,2,14278,3131886182,2899,-5066
6001,1777,3,14279,3132745175,316,-1374
6001,1778,0,14280,3133604168,-7034,4275
6001,1778,1,14281,3134463161,-4224,490
6001,1778,2,14282,3135322154,1375,427
6001,1778,3,14283,3136181147,-2518,1705
6001,1779,0,14284,3137040140,-2719,-2526
6001,1779,1,14285,3137899133,2559,-2148
6001,1779,2,14286,3138758126,4981,484
6001,1779,3,14287,3139617119,4890,2068
6001,1780,0,14288,3140476112,3013,-1154
6001,1780,1,14289,3141335105,111,-2452
6001,1780,2,14290,3142194098,-1395,-772
6001,1780,3,14291,3143053091,3071,-3962
6001,1781,0,14292,3143912084,6901,414
6001,1781,1,14293,3144771077,4391,-1745
6001,1781,2,14294,3145630070,1289,-9242
6001,1781,3,14295,3146489063,-2185,-810
6001,1782,0,14296,3147348056,4056,-2503
6001,1782,1,14297,3148207049,11089,-6302
6001,1782,2,14298,3149066042,2937,-639
6001,1782,3,14299,3149925035,3437,-2917
6001,1783,0,14300,3150784028,5138,2254
6001,1783,1,14301,3151643021,-2007,1596
6001,1783,2,14302,3152502014,1745,-6674
6001,1783,3,14303,3153361007,1834,-281
6001,1784,0,14304,3154220000,321,784
6001,1784,1,14305,3155078993,2681,-541
6001,1784,2,14306,3155937986,-21,3093
6001,1784,3,14307,3156796979,1527,1641
6001,1785,0,14308,3157655972,-950,486
6001,1785,1,14309,3158514965,2577,841
6001,1785,2,14310,3159373958,5837,5207
6001,1785,3,14311,3160232951,-4596,4522
6001,1786,0,14312,3161091944,4381,2103
6001,1786,1,14313,3161950937,6071,7965
6001,1786,2,14314,3162809930,-3720,2979
6001,1786,3,14315,3163668923,6170,-2313
6001,1787,0,14316,3164527916,2812,2146
6001,1787,1,14317,3165386909,3807,-1338
6001,1787,2,14318,3166245902,8864,-5942
6001,1787,3,14319,3167104895,-5162,-2497
6001,1788,0,14320,3167963888,-1069,609
6001,1788,1,14321,3168822881,-1038,-5057
6001,1788,2,14322,3169681874,-6397,-4428
6001,1788,3,14323,3170540867,5239,3223
6001,1789,0,14324,3171399860,299,-1530
6001,1789,1,14325,3172258853,-3333,-1390
6001,1789,2,14326,3173117846,1443,1266
6001,1789,3,14327,3173976839,-3747,-3254
6001,1790,0,14328,3174835832,-2107,-207
6001,1790,1,14329,3175694825,2188,-1650
6001,1790,2,14330,3176553818,1331,-2189
6001,1790,3,14331,3177412811,-3008,1565
6001,1791,0,14332,3178271804,-706,-1000
6001,1791,1,14333,3179130797,5270,1191
6001,1791,2,14334,3179989790,-331,-1797
6001,1791,3,14335,3180848783,-685,-4527
6001,1792,0,14336,3181707776,566,2636
6001,1792,1,14337,3182566769,-981,1833
6001,1792,2,14338,3183425762,2924,-2372
6001,1792,3,14339,3184284755,201,-1462
6001,1793,0,14340,3185143748,1846,3485
6001,1793,1,14341,3186002741,2534,1826
6001,1793,2,14342,3186861734,-1750,-870
6001,1793,3,14343,3187720727,3216,3986
6001,1794,0,14344,3188579720,-975,-3582
6001,1794,1,14345,3189438713,-2073,-1902
6001,1794,2,14346,3190297706,6948,6396
6001,1794,3,14347,3191156699,2789,-1685
6001,1795,0,14348,3192015692,-135,4249
6001,1795,1,14349,3192874685,4229,932
6001,1795,2,14350,3193733678,4388,-10373
6001,1795,3,14351,3194592671,-759,-1050
6001,1796,0,14352,3195451664,-1556,-5423
6001,1796,1,14353,3196310657,1937,-3154
6001,1796,2,14354,3197169650,-5557,3393
6001,1796,3,14355,3198028643,-7280,-8058
6001,1797,0,14356,3198887636,-1695,299
6001,1797,1,14357,3199746629,-5536,2814
6001,1797,2,14358,3200605622,-4408,-6584
6001,1797,3,14359,3201464615,-409,-40
6001,1798,0,14360,3202323608,-669,-147
6001,1798,1,14361,3203182601,-2453,-696
6001,1798,2,14362,3204041594,-2415,-402
6001,1798,3,14363,3204900587,817,-2663
6001,1799,0,14364,3205759580,-1720,318
6001,1799,1,14365,3206618573,2570,-3183
6001,1799,2,14366,3207477566,5485,-433
6001,1799,3,14367,3208336559,-3758,888
6001,1800,0,14368,3209195552,-438,-6207
6001,1800,1,14369,3210054545,1975,-1921
6001,1800,2,14370,3210913538,1171,-5904
6001,1800,3,14371,3211772531,5771,-11320
6001,1801,0,14372,3212631524,63,-847
6001,1801,1,14373,3213490517,3913,1158
6001,1801,2,14374,3214349510,8332,-3131
6001,1801,3,14375,3215208503,-1300,-5298
6001,1802,0,14376,3216067496,879,-6645
6001,1802,1,14377,3216926489,3138,-1517
6001,1802,2,14378,3217785482,803,1363
6001,1802,3,14379,3218644475,2784,-1307
6001,1803,0,14380,3219503468,-598,-3691
6001,1803,1,14381,3220362461,-2420,-4898
6001,1803,2,14382,3221221454,-178,-4618
6001,1803,3,14383,3222080447,2694,-1336
6001,1804,0,14384,3222939440,1733,3510
6001,1804,1,14385,3223798433,-2039,1165
6001,1804,2,14386,3224657426,390,-748
6001,1804,3,14387,3225516419,-1427,6527
6001,1805,0,14388,3226375412,-2930,5586
6001,1805,1,14389,3227234405,3088,-2324
6001,1805,2,14390,3228093398,4908,-2957
6001,1805,3,14391,3228952391,6637,-1645
6001,1806,0,14392,3229811384,3039,1092
6001,1806,1,14393,3230670377,-3388,3868
6001,1806,2,14394,3231529370,2372,2890
6001,1806,3,14395,3232388363,3819,487
6001,1807,0,14396,3233247356,502,-5288
6001,1807,1,14397,3234106349,3598,-4721
6001,1807,2,14398,3234965342,-1862,2633
6001,1807,3,14399,3235824335,-9338,1668
6001,1808,0,14400,3236683328,-3208,1733
6001,1808,1,14401,3237542321,2154,6958
6001,1808,2,14402,3238401314,-1032,4265
6001,1808,3,14403,3239260307,-367,-2508
6001,1809,0,14404,3240119300,5264,-2490
6001,1809,1,14405,3240978293,4787,2853
6001,1809,2,14406,3241837286,-2779,2559
6001,1809,3,14407,3242696279,-5062,-424
6001,1810,0,14408,3243555272,1835,455
6001,1810,1,14409,3244414265,4410,1567
6001,1810,2,14410,3245273258,-1020,4881
6001,1810,3,14411,3246132251,-3995,1077
6001,1811,0,14412,3246991244,-3162,-4658
6001,1811,1,14413,3247850237,-3165,5652
6001,1811,2,14414,3248709230,-534,8602
6001,1811,3,14415,3249568223,5890,-1054
6001,1812,0,14416,3250427216,2271,-1240
6001,1812,1,14417,3251286209,-5928,-749
6001,1812,2,14418,3252145202,-566,-2619
6001,1812,3,14419,3253004195,2932,1220
6001,1813,0,14420,3253863188,304,4027
6001,1813,1,14421,3254722181,-648,41
6001,1813,2,14422,3255581174,-5870,-3204
6001,1813,3,14423,3256440167,636,-1277
6001,1814,0,14424,3257299160,7348,-3825
6001,1814,1,14425,3258158153,-1758,-4122
6001,1814,2,14426,3259017146,52,2942
6001,1814,3,14427,3259876139,2731,2277
6001,1815,0,14428,3260735132,913,-1848
6001,1815,1,14429,3261594125,2626,-2711
6001,1815,2,14430,3262453118,-8047,-3151
6001,1815,3,14431,3263312111,-4612,-555
6001,1816,0,14432,3264171104,6540,1029
6001,1816,1,14433,3265030097,-3082,2956
6001,1816,2,14434,3265889090,-1582,7506
6001,1816,3,14435,3266748083,1692,4583
6001,1817,0,14436,3267607076,-5190,-1556
6001,1817,1,14437,3268466069,-2410,2459
6001,1817,2,14438,3269325062,-1783,3978
6001,1817,3,14439,3270184055,1127,-4304
6001,1818,0,14440,3271043048,-30,-1773
6001,1818,1,14441,3271902041,-7510,3222
6001,1818,2,14442,3272761034,801,-3209
6001,1818,3,14443,3273620027,1348,-3046
6001,1819,0,14444,3274479020,-2910,-94
6001,1819,1,14445,3275338013,2814,-2786
6001,1819,2,14446,3276197006,-1046,-2060
6001,1819,3,14447,3277055999,1198,230
6001,1820,0,14448,3277914992,3950,1340
6001,1820,1,14449,3278773985,-4640,663
6001,1820,2,14450,3279632978,-2923,312
6001,1820,3,14451,3280491971,-1245,-775
6001,1821,0,14452,3281350964,305,-2157
6001,1821,1,14453,3282209957,5038,3543
6001,1821,2,14454,3283068950,68,4366
6001,1821,3,14455,3283927943,335,-426
6001,1822,0,14456,3284786936,605,-494
6001,1822,1,14457,3285645929,-7671,-2165
6001,1822,2,14458,3286504922,-7119,261
6001,1822,3,14459,3287363915,-2081,1228
6001,1823,0,14460,3288222908,-665,-5086
6001,1823,1,14461,3289081901,-164,-2274
6001,1823,2,14462,3289940894,1573,2374
6001,1823,3,14463,3290799887,828,1213
6001,1824,0,14464,3291658880,-5591,-890
6001,1824,1,14465,3292517873,-4644,-4685
6001,1824,2,14466,3293376866,365,-5200
6001,1824,3,14467,3294235859,-131,-5560
6001,1825,0,14468,3295094852,1484,-2911
6001,1825,1,14469,3295953845,-396,7484
6001,1825,2,14470,3296812838,-3399,8294
6001,1825,3,14471,3297671831,-19,-395
6001,1826,0,14472,3298530824,-1335,985
6001,1826,1,14473,3299389817,-2502,8210
6001,1826,2,14474,3300248810,436,6084
6001,1826,3,14475,3301107803,-1089,1396
6001,1827,0,14476,3301966796,2020,664
6001,1827,1,14477,3302825789,8518,-6
6001,1827,2,14478,3303684782,4761,4808
6001,1827,3,14479,3304543775,-1174,5370
6001,1828,0,14480,3305402768,-1468,-2390
6001,1828,1,14481,3306261761,113,-810
6001,1828,2,14482,3307120754,3417,432
6001,1828,3,14483,3307979747,2795,-1913
6001,1829,0,14484,3308838740,-2105,1195
6001,1829,1,14485,3309697733,-993,-1025
6001,1829,2,14486,3310556726,1769,-960
6001,1829,3,14487,3311415719,1739,-116
6001,1830,0,14488,3312274712,832,-6255
6001,1830,1,14489,3313133705,-2567,270
6001,1830,2,14490,3313992698,3203,5447
6001,1830,3,14491,3314851691,9502,-1728
6001,1831,0,14492,3315710684,-2948,2659
6001,1831,1,14493,3316569677,-7445,5651
6001,1831,2,14494,3317428670,2783,-1391
6001,1831,3,14495,3318287663,607,-990
6001,1832,0,14496,3319146656,-4353,-300
6001,1832,1,14497,3320005649,-1265,-2486
6001,1832,2,14498,3320864642,-317,-3668
6001,1832,3,14499,3321723635,-2427,-6740
6001,1833,0,14500,3322582628,-2041,-3946
6001,1833,1,14501,3323441621,-406,280
6001,1833,2,14502,3324300614,-3070,-3013
6001,1833,3,14503,3325159607,-1357,-2843
6001,1834,0,14504,3326018600,987,2356
6001,1834,1,14505,3326877593,-5319,2006
6001,1834,2,14506,3327736586,-2544,-2121
6001,1834,3,14507,3328595579,3109,-4595
6001,1835,0,14508,3329454572,1707,-4723
6001,1835,1,14509,3330313565,1810,-1547
6001,1835,2,14510,3331172558,-4206,1444
6001,1835,3,14511,3332031551,-5197,20
6001,1836,0,14512,3332890544,-1406,-2597
6001,1836,1,14513,3333749537,-4331,-1669
6001,1836,2,14514,3334608530,1879,1839
6001,1836,3,14515,3335467523,5378,899
6001,1837,0,14516,3336326516,3274,-2006
6001,1837,1,14517,3337185509,5846,563
6001,1837,2,14518,3338044502,2149,1305
6001,1837,3,14519,3338903495,5070,-695
6001,1838,0,14520,3339762488,6922,839
6001,1838,1,14521,3340621481,-1181,3172
6001,1838,2,14522,3341480474,-316,2462
6001,1838,3,14523,3342339467,-1967,-2670
6001,1839,0,14524,3343198460,-3193,144
6001,1839,1,14525,3344057453,1104,5848
6001,1839,2,14526,3344916446,-1405,-3317
6001,1839,3,14527,3345775439,-2184,-4025
6001,1840,0,14528,3346634432,-4951,3619
6001,1840,1,14529,3347493425,-4421,-2590
6001,1840,2,14530,3348352418,3230,-3647
6001,1840,3,14531,3349211411,-547,-460
6001,1841,0,14532,3350070404,-4740,-2598
6001,1841,1,14533,3350929397,-1541,-1535
6001,1841,2,14534,3351788390,-506,-3091
6001,1841,3,14535,3352647383,-2123,-2047
6001,1842,0,14536,3353506376,-2666,14
6001,1842,1,14537,3354365369,736,-3553
6001,1842,2,14538,3355224362,542,-1157
6001,1842,3,14539,3356083355,877,-654
6001,1843,0,14540,3356942348,818,-3607
6001,1843,1,14541,3357801341,-6471,637
6001,1843,2,14542,3358660334,-4798,668
6001,1843,3,14543,3359519327,-451,-3376
6001,1844,0,14544,3360378320,-2223,-2828
6001,1844,1,14545,3361237313,520,-2269
6001,1844,2,14546,3362096306,2503,-66
6001,1844,3,14547,3362955299,1556,1057
6001,1845,0,14548,3363814292,1875,-4092
6001,1845,1,14549,3364673285,3434,-3332
6001,1845,2,14550,3365532278,-2361,1646
6001,1845,3,14551,3366391271,-8481,-2346
6001,1846,0,14552,3367250264,-1167,-6445
6001,1846,1,14553,3368109257,-3900,-3277
6001,1846,2,14554,3368968250,-7055,2668
6001,1846,3,14555,3369827243,4310,2083
6001,1847,0,14556,3370686236,2799,-3504
6001,1847,1,14557,3371545229,2517,3459
6001,1847,2,14558,3372404222,4083,7724
6001,1847,3,14559,3373263215,-3881,-1137
6001,1848,0,14560,3374122208,430,-867
6001,1848,1,14561,3374981201,4725,146
6001,1848,2,14562,3375840194,6923,-2782
6001,1848,3,14563,3376699187,10031,1170
6001,1849,0,14564,3377558180,3911,2937
6001,1849,1,14565,3378417173,3913,1331
6001,1849,2,14566,3379276166,2189,1388
6001,1849,3,14567,3380135159,-1895,4374
6001,1850,0,14568,3380994152,-2032,3181
6001,1850,1,14569,3381853145,-6077,-3026
6001,1850,2,14570,3382712138,1502,-1766
6001,1850,3,14571,3383571131,5839,747
6001,1851,0,14572,3384430124,1624,1029
6001,1851,1,14573,3385289117,6269,-883
6001,1851,2,14574,3386148110,681,-3057
6001,1851,3,14575,3387007103,-4979,3070
6001,1852,0,14576,3387866096,-2711,2371
6001,1852,1,14577,3388725089,-2215,494
6001,1852,2,14578,3389584082,4832,5483
6001,1852,3,14579,3390443075,752,2767
6001,1853,0,14580,3391302068,-3913,3519
6001,1853,1,14581,3392161061,2870,1858
6001,1853,2,14582,3393020054,-5497,-5285
6001,1853,3,14583,3393879047,-8875,-2831
6001,1854,0,14584,3394738040,1714,-187
6001,1854,1,14585,3395597033,5567,2902
6001,1854,2,14586,3396456026,7106,1655
6001,1854,3,14587,3397315019,634,-370
6001,1855,0,14588,3398174012,-4755,5422
6001,1855,1,14589,3399033005,1832,1159
6001,1855,2,14590,3399891998,2699,-2059
6001,1855,3,14591,3400750991,-493,-2664
6001,1856,0,14592,3401609984,-2634,-5584
6001,1856,1,14593,3402468977,-3397,4472
6001,1856,2,14594,3403327970,-981,6989
6001,1856,3,14595,3404186963,-3008,2822
6001,1857,0,14596,3405045956,-1003,3465
6001,1857,1,14597,3405904949,2595,944
6001,1857,2,14598,3406763942,554,7680
6001,1857,3,14599,3407622935,5652,10014
6001,1858,0,14600,3408481928,2372,-617
6001,1858,1,14601,3409340921,-6900,-3837
6001,1858,2,14602,3410199914,440,-1752
6001,1858,3,14603,3411058907,752,-3619
6001,1859,0,14604,3411917900,-3442,-5086
6001,1859,1,14605,3412776893,1879,2566
6001,1859,2,14606,3413635886,-3580,1258
6001,1859,3,14607,3414494879,-7022,-10564
6001,1860,0,14608,3415353872,53,-4060
6001,1860,1,14609,3416212865,3871,5517
6001,1860,2,14610,3417071858,5391,2427
6001,1860,3,14611,3417930851,1832,-1942
6001,1861,0,14612,3418789844,-161,324
6001,1861,1,14613,3419648837,279,3249
6001,1861,2,14614,3420507830,-306,-3784
6001,1861,3,14615,3421366823,1949,-64
6001,1862,0,14616,3422225816,-3116,2814
6001,1862,1,14617,3423084809,-4636,-5761
6001,1862,2,14618,3423943802,-1268,3800
6001,1862,3,14619,3424802795,-3462,4234
6001,1863,0,14620,3425661788,3530,-1204
6001,1863,1,14621,3426520781,1893,7479
6001,1863,2,14622,3427379774,-5049,-341
6001,1863,3,14623,3428238767,1466,55
6001,1864,0,14624,3429097760,-5218,7029
6001,1864,1,14625,3429956753,-5827,-3635
6001,1864,2,14626,3430815746,4796,-1222
6001,1864,3,14627,3431674739,-659,4180
6001,1865,0,14628,3432533732,3374,197
6001,1865,1,14629,3433392725,5886,-1677
6001,1865,2,14630,3434251718,-3406,-833
6001,1865,3,14631,3435110711,2330,4966
6001,1866,0,14632,3435969704,2665,3220
6001,1866,1,14633,3436828697,-4864,-263
6001,1866,2,14634,3437687690,-3376,1542
6001,1866,3,14635,3438546683,-216,973
6001,1867,0,14636,3439405676,4193,2522
6001,1867,1,14637,3440264669,1497,715
6001,1867,2,14638,3441123662,-4754,1714
6001,1867,3,14639,3441982655,-2009,6105
6001,1868,0,14640,3442841648,-1108,271
6001,1868,1,14641,3443700641,-5564,-4607
6001,1868,2,14642,3444559634,-3872,-1576
6001,1868,3,14643,3445418627,2592,5631
6001,1869,0,14644,3446277620,-3079,5900
6001,1869,1,14645,3447136613,-7307,983
6001,1869,2,14646,3447995606,5339,6249
6001,1869,3,14647,3448854599,3634,5783
6001,1870,0,14648,3449713592,-5572,284
6001,1870,1,14649,3450572585,631,3845
6001,1870,2,14650,3451431578,84,2634
6001,1870,3,14651,3452290571,-1827,-4837
6001,1871,0,14652,3453149564,2726,-8157
6001,1871,1,14653,3454008557,2604,-3206
6001,1871,2,14654,3454867550,3701,-1251
6001,1871,3,14655,3455726543,-301,-4210
6001,1872,0,14656,3456585536,-3343,760
6001,1872,1,14657,3457444529,2527,-510
6001,1872,2,14658,3458303522,-659,-6607
6001,1872,3,14659,3459162515,-3406,-6343
6001,1873,0,14660,3460021508,2551,-7181
6001,1873,1,14661,3460880501,3700,-3022
6001,1873,2,14662,3461739494,1890,-2393
6001,1873,3,14663,3462598487,-1862,-3804
6001,1874,0,14664,3463457480,-2178,5427
6001,1874,1,14665,3464316473,2589,3553
6001,1874,2,14666,3465175466,744,-5142
6001,1874,3,14667,3466034459,278,-2594
6001,1875,0,14668,3466893452,3644,463
6001,1875,1,14669,3467752445,2372,1842
6001,1875,2,14670,3468611438,1550,2947
6001,1875,3,14671,3469470431,2563,-19
6001,1876,0,14672,3470329424,5509,-3171
6001,1876,1,14673,3471188417,1220,-2013
6001,1876,2,14674,3472047410,-7299,-1221
6001,1876,3,14675,3472906403,3489,-782
6001,1877,0,14676,3473765396,9944,1346
6001,1877,1,14677,3474624389,-993,-3280
6001,1877,2,14678,3475483382,-732,-5354
6001,1877,3,14679,3476342375,-2241,-2074
6001,1878,0,14680,3477201368,-6071,-5242
6001,1878,1,14681,3478060361,2200,-4623
6001,1878,2,14682,3478919354,3648,-2075
6001,1878,3,14683,3479778347,3228,71
6001,1879,0,14684,3480637340,4302,3158
6001,1879,1,14685,3481496333,1353,-5299
6001,1879,2,14686,3482355326,2806,-6894
6001,1879,3,14687,3483214319,399,3050
6001,1880,0,14688,3484073312,28,3563
6001,1880,1,14689,3484932305,77,926
6001,1880,2,14690,3485791298,-9822,2094
6001,1880,3,14691,3486650291,-7541,4846
6001,1881,0,14692,3487509284,-426,350
6001,1881,1,14693,3488368277,-1014,-4287
6001,1881,2,14694,3489227270,1274,1933
6001,1881,3,14695,3490086263,-1430,-267
6001,1882,0,14696,3490945256,-1331,-2699
6001,1882,1,14697,3491804249,1461,-110
6001,1882,2,14698,3492663242,-1784,-3713
6001,1882,3,14699,3493522235,4107,4005
6001,1883,0,14700,3494381228,3697,8729
6001,1883,1,14701,3495240221,-7008,1812
6001,1883,2,14702,3496099214,-4868,-175
6001,1883,3,14703,3496958207,-3889,-2810
6001,1884,0,14704,3497817200,-3662,-590
6001,1884,1,14705,3498676193,3935,-1998
6001,1884,2,14706,3499535186,1009,-5949
6001,1884,3,14707,3500394179,-216,-275
6001,1885,0,14708,3501253172,5192,-1677
6001,1885,1,14709,3502112165,286,4314
6001,1885,2,14710,3502971158,1216,8496
6001,1885,3,14711,3503830151,7510,-4837
6001,1886,0,14712,3504689144,2296,1074
6001,1886,1,14713,3505548137,5,7738
6001,1886,2,14714,3506407130,-151,-2670
6001,1886,3,14715,3507266123,-4422,-4918
6001,1887,0,14716,3508125116,687,-2592
6001,1887,1,14717,3508984109,6194,352
6001,1887,2,14718,3509843102,2428,1055
6001,1887,3,14719,3510702095,-176,3216
6001,1888,0,14720,3511561088,-1210,878
6001,1888,1,14721,3512420081,-538,-8686
6001,1888,2,14722,3513279074,3604,1245
6001,1888,3,14723,3514138067,1796,5754
6001,1889,0,14724,3514997060,282,-692
6001,1889,1,14725,3515856053,4087,6071
6001,1889,2,14726,3516715046,-2570,-644
6001,1889,3,14727,3517574039,-1146,-2021
6001,1890,0,14728,3518433032,12652,6507
6001,1890,1,14729,3519292025,223,-864
6001,1890,2,14730,3520151018,-11217,5027
6001,1890,3,14731,3521010011,-279,8669
6001,1891,0,14732,3521869004,-610,-2162
6001,1891,1,14733,3522727997,-1099,-942
6001,1891,2,14734,3523586990,-1619,-1577
6001,1891,3,14735,3524445983,-6583,-3729
6001,1892,0,14736,3525304976,1574,11
6001,1892,1,14737,3526163969,-492,3858
6001,1892,2,14738,3527022962,-4434,3883
6001,1892,3,14739,3527881955,2747,-1586
6001,1893,0,14740,3528740948,-1709,2257
6001,1893,1,14741,3529599941,-126,4357
6001,1893,2,14742,3530458934,5234,805
6001,1893,3,14743,3531317927,1713,4887
6001,1894,0,14744,3532176920,6742,998
6001,1894,1,14745,3533035913,5956,-420
6001,1894,2,14746,3533894906,-733,3692
6001,1894,3,14747,3534753899,4961,-4039
6001,1895,0,14748,3535612892,4355,-3667
6001,1895,1,14749,3536471885,-5234,2877
6001,1895,2,14750,3537330878,-228,2177
6001,1895,3,14751,3538189871,6300,5845
6001,1896,0,14752,3539048864,-1320,5780
6001,1896,1,14753,3539907857,-771,-2478
6001,1896,2,14754,3540766850,3194,-3686
6001,1896,3,14755,3541625843,229,-1407
6001,1897,0,14756,3542484836,3006,-2334
6001,1897,1,14757,3543343829,-1384,844
6001,1897,2,14758,3544202822,-7573,-593
6001,1897,3,14759,3545061815,-5379,-7243
6001,1898,0,14760,3545920808,-4250,-703
6001,1898,1,14761,3546779801,1732,6144
6001,1898,2,14762,3547638794,-300,2031
6001,1898,3,14763,3548497787,-4169,-404
6001,1899,0,14764,3549356780,2492,-1011
6001,1899,1,14765,3550215773,-1416,-1698
6001,1899,2,14766,3551074766,-1117,-1931
6001,1899,3,14767,3551933759,5596,-701
6001,1900,0,14768,3552792752,3528,769
6001,1900,1,14769,3553651745,5421,-533
6001,1900,2,14770,3554510738,3722,-2968
6001,1900,3,14771,3555369731,-183,-6445
6001,1901,0,14772,3556228724,286,-447
6001,1901,1,14773,3557087717,-1198,4696
6001,1901,2,14774,3557946710,1461,-5387
6001,1901,3,14775,3558805703,2738,-4827
6001,1902,0,14776,3559664696,1468,-129
6001,1902,1,14777,3560523689,-303,-3498
6001,1902,2,14778,3561382682,-4651,2198
6001,1902,3,14779,3562241675,-2038,2524
6001,1903,0,14780,3563100668,4421,-1107
6001,1903,1,14781,3563959661,6956,2559
6001,1903,2,14782,3564818654,1953,1784
6001,1903,3,14783,3565677647,-3992,2353
6001,1904,0,14784,3566536640,-433,2973
6001,1904,1,14785,3567395633,2551,-1012
6001,1904,2,14786,3568254626,1417,-3015
6001,1904,3,14787,3569113619,-60,-499
6001,1905,0,14788,3569972612,85,5042
6001,1905,1,14789,3570831605,446,-632
6001,1905,2,14790,3571690598,-2662,-11121
6001,1905,3,14791,3572549591,2353,-8789
6001,1906,0,14792,3573408584,4564,-2156
6001,1906,1,14793,3574267577,-6526,1177
6001,1906,2,14794,3575126570,-7879,-491
6001,1906,3,14795,3575985563,919,-719
6001,1907,0,14796,3576844556,3721,6030
6001,1907,1,14797,3577703549,-1990,6775
6001,1907,2,14798,3578562542,-3952,25
6001,1907,3,14799,3579421535,-1871,-1778
6001,1908,0,14800,3580280528,-4776,534
6001,1908,1,14801,3581139521,1882,-3419
6001,1908,2,14802,3581998514,6839,-3762
6001,1908,3,14803,3582857507,1319,3866
6001,1909,0,14804,3583716500,3219,-775
6001,1909,1,14805,3584575493,-127,-2407
6001,1909,2,14806,3585434486,-2635,9071
6001,1909,3,14807,3586293479,2606,9339
6001,1910,0,14808,3587152472,314,3763
6001,1910,1,14809,3588011465,1869,-2446
6001,1910,2,14810,3588870458,5226,-4073
6001,1910,3,14811,3589729451,5162,5579
6001,1911,0,14812,3590588444,4930,4148
6001,1911,1,14813,3591447437,927,-547
6001,1911,2,14814,3592306430,1947,3366
6001,1911,3,14815,3593165423,2814,3279
6001,1912,0,14816,3594024416,-366,3459
6001,1912,1,14817,3594883409,-2149,20
6001,1912,2,14818,3595742402,-5087,-2272
6001,1912,3,14819,3596601395,-5847,2651
6001,1913,0,14820,3597460388,-2384,-679
6001,1913,1,14821,3598319381,7833,-4683
6001,1913,2,14822,3599178374,7489,-4587
6001,1913,3,14823,3600037367,-7774,-1965
6001,1914,0,14824,3600896360,-5226,5927
6001,1914,1,14825,3601755353,4537,3046
6001,1914,2,14826,3602614346,4499,-2134
6001,1914,3,14827,3603473339,4084,-1479
6001,1915,0,14828,3604332332,-162,-6375
6001,1915,1,14829,3605191325,1130,-1031
6001,1915,2,14830,3606050318,4389,7421
6001,1915,3,14831,3606909311,-1446,137
6001,1916,0,14832,3607768304,-1507,-1220
6001,1916,1,14833,3608627297,3053,4340
6001,1916,2,14834,3609486290,301,598
6001,1916,3,14835,3610345283,-4777,-64
6001,1917,0,14836,3611204276,-3074,2108
6001,1917,1,14837,3612063269,851,-5950
6001,1917,2,14838,3612922262,2609,-6996
6001,1917,3,14839,3613781255,5828,3701
6001,1918,0,14840,3614640248,2811,3990
6001,1918,1,14841,3615499241,-2313,1190
6001,1918,2,14842,3616358234,3878,1593
6001,1918,3,14843,3617217227,9990,-2082
6001,1919,0,14844,3618076220,2270,-1359
6001,1919,1,14845,3618935213,-3792,-4343
6001,1919,2,14846,3619794206,4389,-5517
6001,1919,3,14847,3620653199,2120,6333
6001,1920,0,14848,3621512192,-6206,3400
6001,1920,1,14849,3622371185,1227,-4066
6001,1920,2,14850,3623230178,-529,4159
6001,1920,3,14851,3624089171,-4555,2883
6001,1921,0,14852,3624948164,4863,-3642
6001,1921,1,14853,3625807157,1098,-1865
6001,1921,2,14854,3626666150,-5155,-2666
6001,1921,3,14855,3627525143,-559,-6270
6001,1922,0,14856,3628384136,-1877,-7126
6001,1922,1,14857,3629243129,-4252,-1040
6001,1922,2,14858,3630102122,-2302,4314
6001,1922,3,14859,3630961115,-2912,496
6001,1923,0,14860,3631820108,-1605,-1416
6001,1923,1,14861,3632679101,3797,1779
6001,1923,2,14862,3633538094,4879,3425
6001,1923,3,14863,3634397087,4709,3414
6001,1924,0,14864,3635256080,4182,1826
6001,1924,1,14865,3636115073,-870,-57
6001,1924,2,14866,3636974066,-2991,844
6001,1924,3,14867,3637833059,-4243,2505
6001,1925,0,14868,3638692052,-2917,1373
6001,1925,1,14869,3639551045,-138,964
6001,1925,2,14870,3640410038,-350,2673
6001,1925,3,14871,3641269031,8766,-525
6001,1926,0,14872,3642128024,6884,-6280
6001,1926,1,14873,3642987017,-6680,-1870
6001,1926,2,14874,3643846010,1383,4650
6001,1926,3,14875,3644705003,10315,-1203
6001,1927,0,14876,3645563996,3744,-3926
6001,1927,1,14877,3646422989,-5051,-1138
6001,1927,2,14878,3647281982,-4866,-2973
6001,1927,3,14879,3648140975,2028,952
6001,1928,0,14880,3648999968,-2678,122
6001,1928,1,14881,3649858961,-2482,-4797
6001,1928,2,14882,3650717954,3797,224
6001,1928,3,14883,3651576947,1576,244
6001,1929,0,14884,3652435940,4404,1518
6001,1929,1,14885,3653294933,1250,2355
6001,1929,2,14886,3654153926,-1757,-1412
6001,1929,3,14887,3655012919,3038,6150
6001,1930,0,14888,3655871912,1491,570
6001,1930,1,14889,3656730905,3547,-6881
6001,1930,2,14890,3657589898,-186,3324
6001,1930,3,14891,3658448891,-5163,-1750
6001,1931,0,14892,3659307884,-3858,-4860
6001,1931,1,14893,3660166877,-9606,169
6001,1931,2,14894,3661025870,-3882,-4844
6001,1931,3,14895,3661884863,243,-2094
6001,1932,0,14896,3662743856,-4882,-117
6001,1932,1,14897,3663602849,238,-93
6001,1932,2,14898,3664461842,-2934,622
6001,1932,3,14899,3665320835,-5353,-5511
6001,1933,0,14900,3666179828,-371,-1189
6001,1933,1,14901,3667038821,-4341,955
6001,1933,2,14902,3667897814,-4828,-5669
6001,1933,3,14903,3668756807,-96,-5559
6001,1934,0,14904,3669615800,3268,-3725
6001,1934,1,14905,3670474793,245,1962
6001,1934,2,14906,3671333786,-3608,525
6001,1934,3,14907,3672192779,1735,-6343
6001,1935,0,14908,3673051772,3688,-548
6001,1935,1,14909,3673910765,4188,-96
6001,1935,2,14910,3674769758,3692,-5196
6001,1935,3,14911,3675628751,-3711,-4838
6001,1936,0,14912,3676487744,-3962,-6394
6001,1936,1,14913,3677346737,1502,-773
6001,1936,2,14914,3678205730,914,5880
6001,1936,3,14915,3679064723,-2337,1027
6001,1937,0,14916,3679923716,1461,2662
6001,1937,1,14917,3680782709,3416,7313
6001,1937,2,14918,3681641702,-3199,-618
6001,1937,3,14919,3682500695,-2916,628
6001,1938,0,14920,3683359688,363,7288
6001,1938,1,14921,3684218681,81,-4091
6001,1938,2,14922,3685077674,-3398,-5378
6001,1938,3,14923,3685936667,-5055,8172
6001,1939,0,14924,3686795660,2506,4665
6001,1939,1,14925,3687654653,-2135,-4253
6001,1939,2,14926,3688513646,-5916,-2705
6001,1939,3,14927,3689372639,1552,-464
6001,1940,0,14928,3690231632,-5125,-213
6001,1940,1,14929,3691090625,427,2397
6001,1940,2,14930,3691949618,8371,2391
6001,1940,3,14931,3692808611,-3289,-928
6001,1941,0,14932,3693667604,-537,4822
6001,1941,1,14933,3694526597,75,9076
6001,1941,2,14934,3695385590,-3894,1483
6001,1941,3,14935,3696244583,6177,-1536
6001,1942,0,14936,3697103576,5672,466
6001,1942,1,14937,3697962569,-216,297
6001,1942,2,14938,3698821562,-3086,-106
6001,1942,3,14939,3699680555,-4900,-770
6001,1943,0,14940,3700539548,-2202,-28
6001,1943,1,14941,3701398541,-3297,2899
6001,1943,2,14942,3702257534,546,2845
6001,1943,3,14943,3703116527,4821,-837
6001,1944,0,14944,3703975520,1209,2568
6001,1944,1,14945,3704834513,2200,2488
6001,1944,2,14946,3705693506,1529,-6102
6001,1944,3,14947,3706552499,-681,-2047
6001,1945,0,14948,3707411492,1466,1676
6001,1945,1,14949,3708270485,-836,2584
6001,1945,2,14950,3709129478,-1602,9554
6001,1945,3,14951,3709988471,4589,5291
6001,1946,0,14952,3710847464,5901,3613
6001,1946,1,14953,3711706457,-1535,2423
6001,1946,2,14954,3712565450,-8072,-4863
6001,1946,3,14955,3713424443,-6428,328
6001,1947,0,14956,3714283436,-932,-912
6001,1947,1,14957,3715142429,-1994,-3667
6001,1947,2,14958,3716001422,-3832,1440
6001,1947,3,14959,3716860415,1431,-1792
6001,1948,0,14960,3717719408,1361,-1204
6001,1948,1,14961,3718578401,-1317,-4037
6001,1948,2,14962,3719437394,-1642,-6348
6001,1948,3,14963,3720296387,-3121,4359
6001,1949,0,14964,3721155380,4972,4257
6001,1949,1,14965,3722014373,4796,-359
6001,1949,2,14966,3722873366,-3151,1518
6001,1949,3,14967,3723732359,8883,1904
6001,1950,0,14968,3724591352,6674,253
6001,1950,1,14969,3725450345,-8859,-1995
6001,1950,2,14970,3726309338,209,-1308
6001,1950,3,14971,3727168331,3182,-3028
6001,1951,0,14972,3728027324,587,-2282
6001,1951,1,14973,3728886317,8740,-1746
6001,1951,2,14974,3729745310,-2802,-6136
6001,1951,3,14975,3730604303,-12090,-1989
6001,1952,0,14976,3731463296,1516,-3547
6001,1952,1,14977,3732322289,4660,-7053
6001,1952,2,14978,3733181282,-1340,-4223
6001,1952,3,14979,3734040275,-3664,-7765
6001,1953,0,14980,3734899268,-3815,1740
6001,1953,1,14981,3735758261,836,9544
6001,1953,2,14982,3736617254,-613,1262
6001,1953,3,14983,3737476247,-3944,341
6001,1954,0,14984,3738335240,827,-3360
6001,1954,1,14985,3739194233,2648,-5900
6001,1954,2,14986,3740053226,-1272,-1446
6001,1954,3,14987,3740912219,-6157,-1467
6001,1955,0,14988,3741771212,-1635,-867
6001,1955,1,14989,3742630205,5900,65
6001,1955,2,14990,3743489198,-2945,4262
6001,1955,3,14991,3744348191,-6829,1734
6001,1956,0,14992,3745207184,2393,-4713
6001,1956,1,14993,3746066177,2694,2821
6001,1956,2,14994,3746925170,-324,2361
6001,1956,3,14995,3747784163,84,-3184
6001,1957,0,14996,3748643156,3876,1166
6001,1957,1,14997,3749502149,6295,1237
6001,1957,2,14998,3750361142,-1204,-676
6001,1957,3,14999,3751220135,-4406,-1540
6001,1958,0,15000,3752079128,1724,805
6001,1958,1,15001,3752938121,4570,4999
6001,1958,2,15002,3753797114,1859,3456
6001,1958,3,15003,3754656107,-1116,-2351
6001,1959,0,15004,3755515100,-2344,-7345
6001,1959,1,15005,3756374093,-4094,-566
6001,1959,2,15006,3757233086,-385,-18
6001,1959,3,15007,3758092079,3532,-8938
6001,1960,0,15008,3758951072,-1037,444
6001,1960,1,15009,3759810065,1706,3441
6001,1960,2,15010,3760669058,9427,-3227
6001,1960,3,15011,3761528051,5779,5672
6001,1961,0,15012,3762387044,-403,8011
6001,1961,1,15013,3763246037,1569,399
6001,1961,2,15014,3764105030,2603,-3426
6001,1961,3,15015,3764964023,-5266,-1626
6001,1962,0,15016,3765823016,-6493,2773
6001,1962,1,15017,3766682009,1178,-2436
6001,1962,2,15018,3767541002,879,-3101
6001,1962,3,15019,3768399995,-1609,4903
6001,1963,0,15020,3769258988,-1898,1494
6001,1963,1,15021,3770117981,-3714,-1185
6001,1963,2,15022,3770976974,-1634,3368
6001,1963,3,15023,3771835967,2271,1532
6001,1964,0,15024,3772694960,4029,-1992
6001,1964,1,15025,3773553953,3039,-5809
6001,1964,2,15026,3774412946,1115,-8365
6001,1964,3,15027,3775271939,3160,-1723
6001,1965,0,15028,3776130932,3360,1367
6001,1965,1,15029,3776989925,-3708,-81
6001,1965,2,15030,3777848918,-4664,790
6001,1965,3,15031,3778707911,1186,-5091
6001,1966,0,15032,3779566904,-3870,-4445
6001,1966,1,15033,3780425897,-5303,1082
6001,1966,2,15034,3781284890,4524,-2249
6001,1966,3,15035,3782143883,2186,1974
6001,1967,0,15036,3783002876,1348,1733
6001,1967,1,15037,3783861869,6166,-6943
6001,1967,2,15038,3784720862,-1645,-1004
6001,1967,3,15039,3785579855,-1127,6425
6001,1968,0,15040,3786438848,3807,8369
6001,1968,1,15041,3787297841,-4030,7885
6001,1968,2,15042,3788156834,-1655,2889
6001,1968,3,15043,3789015827,7218,1426
6001,1969,0,15044,3789874820,5417,1453
6001,1969,1,15045,3790733813,2549,2573
6001,1969,2,15046,3791592806,-635,1150
6001,1969,3,15047,3792451799,-1499,-3256
6001,1970,0,15048,3793310792,4630,-1305
6001,1970,1,15049,3794169785,3288,1254
6001,1970,2,15050,3795028778,-392,2844
6001,1970,3,15051,3795887771,2904,64
6001,1971,0,15052,3796746764,-1338,-3334
6001,1971,1,15053,3797605757,-3846,2706
6001,1971,2,15054,3798464750,728,2109
6001,1971,3,15055,3799323743,-469,-882
6001,1972,0,15056,3800182736,4402,262
6001,1972,1,15057,3801041729,7275,-5288
6001,1972,2,15058,3801900722,-421,-4298
6001,1972,3,15059,3802759715,3046,388
6001,1973,0,15060,3803618708,6372,1722
6001,1973,1,15061,3804477701,-381,5490
6001,1973,2,15062,3805336694,3355,-155
6001,1973,3,15063,3806195687,9133,-6087
6001,1974,0,15064,3807054680,423,-260
6001,1974,1,15065,3807913673,-4308,1463
6001,1974,2,15066,3808772666,589,363
6001,1974,3,15067,3809631659,-1099,3206
6001,1975,0,15068,3810490652,852,330
6001,1975,1,15069,3811349645,1271,-2544
6001,1975,2,15070,3812208638,-7972,-620
6001,1975,3,15071,3813067631,1431,-4443
6001,1976,0,15072,3813926624,10331,-3592
6001,1976,1,15073,3814785617,-1083,4174
6001,1976,2,15074,3815644610,-1577,2336
6001,1976,3,15075,3816503603,3307,-1295
6001,1977,0,15076,3817362596,960,428
6001,1977,1,15077,3818221589,338,3546
6001,1977,2,15078,3819080582,2344,4641
6001,1977,3,15079,3819939575,4630,2860
6001,1978,0,15080,3820798568,425,4396
6001,1978,1,15081,3821657561,-1683,3469
6001,1978,2,15082,3822516554,1376,935
6001,1978,3,15083,3823375547,-1628,327
6001,1979,0,15084,3824234540,-1742,-1374
6001,1979,1,15085,3825093533,5721,1241
6001,1979,2,15086,3825952526,5689,-711
6001,1979,3,15087,3826811519,-3744,913
6001,1980,0,15088,3827670512,186,8785
6001,1980,1,15089,3828529505,9649,757
6001,1980,2,15090,3829388498,634,-2586
6001,1980,3,15091,3830247491,-5859,897
6001,1981,0,15092,3831106484,-3361,-2357
6001,1981,1,15093,3831965477,-1961,2175
6001,1981,2,15094,3832824470,-1645,299
6001,1981,3,15095,3833683463,-4672,-6018
6001,1982,0,15096,3834542456,4339,-4742
6001,1982,1,15097,3835401449,7017,-5560
6001,1982,2,15098,3836260442,-3395,-3735
6001,1982,3,15099,3837119435,2823,-612
6001,1983,0,15100,3837978428,2239,2422
6001,1983,1,15101,3838837421,-2912,-1043
6001,1983,2,15102,3839696414,3905,-4507
6001,1983,3,15103,3840555407,-475,7188
6001,1984,0,15104,3841414400,-3513,5008
6001,1984,1,15105,3842273393,-873,-5615
6001,1984,2,15106,3843132386,-633,-2195
6001,1984,3,15107,3843991379,2281,-2379
6001,1985,0,15108,3844850372,2440,-3212
6001,1985,1,15109,3845709365,4603,-1134
6001,1985,2,15110,3846568358,1799,3416
6001,1985,3,15111,3847427351,-2790,4262
6001,1986,0,15112,3848286344,1930,-2018
6001,1986,1,15113,3849145337,1608,1669
6001,1986,2,15114,3850004330,-793,-2705
6001,1986,3,15115,3850863323,-2245,-8234
6001,1987,0,15116,3851722316,-2291,-46
6001,1987,1,15117,3852581309,1220,-4473
6001,1987,2,15118,3853440302,-1052,-1994
6001,1987,3,15119,3854299295,661,3770
6001,1988,0,15120,3855158288,4935,-4357
6001,1988,1,15121,3856017281,2952,817
6001,1988,2,15122,3856876274,-1212,2390
6001,1988,3,15123,3857735267,-5394,-3741
6001,1989,0,15124,3858594260,-524,-891
6001,1989,1,15125,3859453253,1390,-439
6001,1989,2,15126,3860312246,-4309,659
6001,1989,3,15127,3861171239,-2565,-1884
6001,1990,0,15128,3862030232,-550,-2269
6001,1990,1,15129,3862889225,44,4545
6001,1990,2,15130,3863748218,-2197,515
6001,1990,3,15131,3864607211,-5663,-2214
6001,1991,0,15132,3865466204,-3131,367
6001,1991,1,15133,3866325197,-2034,-2362
6001,1991,2,15134,3867184190,1164,-1477
6001,1991,3,15135,3868043183,1679,1847
6001,1992,0,15136,3868902176,1799,1061
6001,1992,1,15137,3869761169,10270,-2158
6001,1992,2,15138,3870620162,4328,-1679
6001,1992,3,15139,3871479155,-4659,-256
6001,1993,0,15140,3872338148,313,-1927
6001,1993,1,15141,3873197141,-594,1205
6001,1993,2,15142,3874056134,-1020,3051
6001,1993,3,15143,3874915127,3658,-106
6001,1994,0,15144,3875774120,1371,-598
6001,1994,1,15145,3876633113,-2042,-211
6001,1994,2,15146,3877492106,-1037,373
6001,1994,3,15147,3878351099,-2026,-930
6001,1995,0,15148,3879210092,-5247,-280
6001,1995,1,15149,3880069085,-1140,4720
6001,1995,2,15150,3880928078,3330,1259
6001,1995,3,15151,3881787071,1575,-3310
6001,1996,0,15152,3882646064,2153,2826
6001,1996,1,15153,3883505057,2097,4100
6001,1996,2,15154,3884364050,3015,-3602
6001,1996,3,15155,3885223043,5404,-2537
6001,1997,0,15156,3886082036,-828,4227
6001,1997,1,15157,3886941029,-5393,654
6001,1997,2,15158,3887800022,583,-1912
6001,1997,3,15159,3888659015,4207,4124
6001,1998,0,15160,3889518008,-405,530
6001,1998,1,15161,3890377001,-3909,-6433
6001,1998,2,15162,3891235994,-965,-512
6001,1998,3,15163,3892094987,2200,2443
6001,1999,0,15164,3892953980,683,-1657
6001,1999,1,15165,3893812973,-1536,-521
6001,1999,2,15166,3894671966,-2548,-1051
6001,1999,3,15167,3895530959,-4187,-1439
6001,2000,0,15168,3896389952,-2498,677
6001,2000,1,15169,3897248945,-1992,-1867
6001,2000,2,15170,3898107938,-5180,1367
6001,2000,3,15171,3898966931,-1381,5881
6001,2001,0,15172,3899825924,1220,2735
6001,2001,1,15173,3900684917,-879,-383
6001,2001,2,15174,3901543910,-1005,-5500
6001,2001,3,15175,3902402903,-5101,-5624
6001,2002,0,15176,3903261896,-5060,-3755
6001,2002,1,15177,3904120889,-2403,-6704
6001,2002,2,15178,3904979882,-4144,-87
6001,2002,3,15179,3905838875,-3485,4578
6001,2003,0,15180,3906697868,-5331,1989
6001,2003,1,15181,3907556861,-5638,1504
6001,2003,2,15182,3908415854,-4980,-2205
6001,2003,3,15183,3909274847,-2842,1555
6001,2004,0,15184,3910133840,5757,5222
6001,2004,1,15185,3910992833,1046,-2320
6001,2004,2,15186,3911851826,-4137,-1835
6001,2004,3,15187,3912710819,-935,3062
6001,2005,0,15188,3913569812,-4417,-2308
6001,2005,1,15189,3914428805,1917,-7344
6001,2005,2,15190,3915287798,7068,1762
6001,2005,3,15191,3916146791,4626,6346
6001,2006,0,15192,3917005784,4617,-883
6001,2006,1,15193,3917864777,-4734,3512
6001,2006,2,15194,3918723770,-2084,3997
6001,2006,3,15195,3919582763,5080,2377
6001,2007,0,15196,3920441756,-5021,11984
6001,2007,1,15197,3921300749,-5128,2734
6001,2007,2,15198,3922159742,-1997,-3869
6001,2007,3,15199,3923018735,-6274,3911
6001,2008,0,15200,3923877728,-2454,-772
6001,2008,1,15201,3924736721,3071,3956
6001,2008,2,15202,3925595714,2139,10419
6001,2008,3,15203,3926454707,-172,-268
6001,2009,0,15204,3927313700,1690,-6652
6001,2009,1,15205,3928172693,972,-2932
6001,2009,2,15206,3929031686,772,1892
6001,2009,3,15207,3929890679,1988,-2711
6001,2010,0,15208,3930749672,-5730,-3830
6001,2010,1,15209,3931608665,-3803,3691
6001,2010,2,15210,3932467658,3405,3089
6001,2010,3,15211,3933326651,310,4039
6001,2011,0,15212,3934185644,1436,251
6001,2011,1,15213,3935044637,-212,-6767
6001,2011,2,15214,3935903630,-1139,2260
6001,2011,3,15215,3936762623,3208,5492
6001,2012,0,15216,3937621616,-65,-1610
6001,2012,1,15217,3938480609,1229,-2165
6001,2012,2,15218,3939339602,2610,2947
6001,2012,3,15219,3940198595,1795,3814
6001,2013,0,15220,3941057588,8000,-3286
6001,2013,1,15221,3941916581,4475,-1218
6001,2013,2,15222,3942775574,-2811,880
6001,2013,3,15223,3943634567,-4305,-2054
6001,2014,0,15224,3944493560,-6081,4580
6001,2014,1,15225,3945352553,-4354,-676
6001,2014,2,15226,3946211546,-6737,-5162
6001,2014,3,15227,3947070539,-7266,6152
6001,2015,0,15228,3947929532,2146,3304
6001,2015,1,15229,3948788525,3258,153
6001,2015,2,15230,3949647518,679,3088
6001,2015,3,15231,3950506511,1228,-5268
6001,2016,0,15232,3951365504,-6112,-6986
6001,2016,1,15233,3952224497,-6114,-161
6001,2016,2,15234,3953083490,3566,2694
6001,2016,3,15235,3953942483,2754,1663
6001,2017,0,15236,3954801476,1532,-1714
6001,2017,1,15237,3955660469,2572,-476
6001,2017,2,15238,3956519462,-5339,2028
6001,2017,3,15239,3957378455,-9287,996
6001,2018,0,15240,3958237448,-4526,3287
6001,2018,1,15241,3959096441,-1718,2166
6001,2018,2,15242,3959955434,-3713,-5227
6001,2018,3,15243,3960814427,-2066,-3398
6001,2019,0,15244,3961673420,2777,-2155
6001,2019,1,15245,3962532413,-1322,-6975
6001,2019,2,15246,3963391406,-3414,2976
6001,2019,3,15247,3964250399,-3303,6263
6001,2020,0,15248,3965109392,-8617,-7076
6001,2020,1,15249,3965968385,461,-3865
6001,2020,2,15250,3966827378,10041,4011
6001,2020,3,15251,3967686371,2557,3594
6001,2021,0,15252,3968545364,-3110,4708
6001,2021,1,15253,3969404357,-2396,114
6001,2021,2,15254,3970263350,3033,-2447
6001,2021,3,15255,3971122343,4362,-603
6001,2022,0,15256,3971981336,-1957,-182
6001,2022,1,15257,3972840329,78,1257
6001,2022,2,15258,3973699322,5370,-2304
6001,2022,3,15259,3974558315,3539,-1493
6001,2023,0,15260,3975417308,-1292,2760
6001,2023,1,15261,3976276301,-2343,-1826
6001,2023,2,15262,3977135294,-610,-10
6001,2023,3,15263,3977994287,-318,6718
6001,2024,0,15264,3978853280,2249,1769
6001,2024,1,15265,3979712273,-225,-7463
6001,2024,2,15266,3980571266,-4225,-6316
6001,2024,3,15267,3981430259,31,1326
6001,2025,0,15268,3982289252,2028,-140
6001,2025,1,15269,3983148245,1072,-3778
6001,2025,2,15270,3984007238,-2321,-1057
6001,2025,3,15271,3984866231,-1598,858
6001,2026,0,15272,3985725224,1714,2586
6001,2026,1,15273,3986584217,-4514,215
6001,2026,2,15274,3987443210,-1638,-4492
6001,2026,3,15275,3988302203,-2759,-4667
6001,2027,0,15276,3989161196,-10301,-3187
6001,2027,1,15277,3990020189,4106,3777
6001,2027,2,15278,3990879182,4064,5479
6001,2027,3,15279,3991738175,-5931,-3161
6001,2028,0,15280,3992597168,1080,-2498
6001,2028,1,15281,3993456161,-3475,295
6001,2028,2,15282,3994315154,-6855,-205
6001,2028,3,15283,3995174147,-4296,7076
6001,2029,0,15284,3996033140,-3361,8520
6001,2029,1,15285,3996892133,2838,1991
6001,2029,2,15286,3997751126,-2352,-85
6001,2029,3,15287,3998610119,-1047,-2528
6001,2030,0,15288,3999469112,4861,-4198
6001,2030,1,15289,4000328105,801,-1956
6001,2030,2,15290,4001187098,7158,-933
6001,2030,3,15291,4002046091,1665,738
6001,2031,0,15292,4002905084,-5954,891
6001,2031,1,15293,4003764077,3832,-3993
6001,2031,2,15294,4004623070,-961,-5519
6001,2031,3,15295,4005482063,-4016,-1051
6001,2032,0,15296,4006341056,-1939,2587
6001,2032,1,15297,4007200049,-4759,2634
6001,2032,2,15298,4008059042,4586,3155
6001,2032,3,15299,4008918035,-105,5211
6001,2033,0,15300,4009777028,-6105,456
6001,2033,1,15301,4010636021,7484,-4836
6001,2033,2,15302,4011495014,131,-79
6001,2033,3,15303,4012354007,-10317,-911
6001,2034,0,15304,4013213000,-1421,-7424
6001,2034,1,15305,4014071993,-1090,-2840
6001,2034,2,15306,4014930986,-1647,921
6001,2034,3,15307,4015789979,2039,-1898
6001,2035,0,15308,4016648972,816,-2239
6001,2035,1,15309,4017507965,2349,-5415
6001,2035,2,15310,4018366958,543,-5014
6001,2035,3,15311,4019225951,-3969,2997
6001,2036,0,15312,4020084944,-3072,3094
6001,2036,1,15313,4020943937,-3099,361
6001,2036,2,15314,4021802930,469,853
6001,2036,3,15315,4022661923,5582,-928
6001,2037,0,15316,4023520916,1679,1688
6001,2037,1,15317,4024379909,-607,1137
6001,2037,2,15318,4025238902,-1619,-1494
6001,2037,3,15319,4026097895,-6781,3432
6001,2038,0,15320,4026956888,-3770,-2217
6001,2038,1,15321,4027815881,779,-3248
6001,2038,2,15322,4028674874,1178,7573
6001,2038,3,15323,4029533867,4666,-556
6001,2039,0,15324,4030392860,121,-2483
6001,2039,1,15325,4031251853,-7037,4457
6001,2039,2,15326,4032110846,-4906,-4688
6001,2039,3,15327,4032969839,-3642,-109
6001,2040,0,15328,4033828832,-140,4283
6001,2040,1,15329,4034687825,252,-6974
6001,2040,2,15330,4035546818,-6772,-2987
6001,2040,3,15331,4036405811,-288,1160
6001,2041,0,15332,4037264804,6101,-1406
6001,2041,1,15333,4038123797,-644,352
6001,2041,2,15334,4038982790,-2222,-1362
6001,2041,3,15335,4039841783,-2705,155
6001,2042,0,15336,4040700776,-698,2592
6001,2042,1,15337,4041559769,4792,4722
6001,2042,2,15338,4042418762,-837,5725
6001,2042,3,15339,4043277755,-2528,-2985
6001,2043,0,15340,4044136748,4402,-3028
6001,2043,1,15341,4044995741,3056,4428
6001,2043,2,15342,4045854734,1111,-1110
6001,2043,3,15343,4046713727,3287,-8247
6001,2044,0,15344,4047572720,-2306,-4475
6001,2044,1,15345,4048431713,-8967,2151
6001,2044,2,15346,4049290706,271,2389
6001,2044,3,15347,4050149699,8190,936
6001,2045,0,15348,4051008692,-426,664
6001,2045,1,15349,4051867685,-1876,506
6001,2045,2,15350,4052726678,3166,3827
6001,2045,3,15351,4053585671,282,2431
6001,2046,0,15352,4054444664,-1211,-1407
6001,2046,1,15353,4055303657,-262,-625
6001,2046,2,15354,4056162650,1576,-1479
6001,2046,3,15355,4057021643,-689,-863
6001,2047,0,15356,4057880636,-5965,-830
6001,2047,1,15357,4058739629,-1484,-1154
6001,2047,2,15358,4059598622,-4604,-44
6001,2047,3,15359,4060457615,7780,2459
6001,2048,0,15872,206153728,2805,-1619
6001,2048,1,15873,207012721,-1936,99
6001,2048,2,15874,207871714,2886,-3515
6001,2048,3,15875,208730707,-1505,3146
6001,2049,0,15876,209589700,418,-491
6001,2049,1,15877,210448693,2544,-5192
6001,2049,2,15878,211307686,-2949,-1486
6001,2049,3,15879,212166679,2582,-1145
6001,2050,0,15880,213025672,-1120,5094
6001,2050,1,15881,213884665,605,5398
6001,2050,2,15882,214743658,8908,-809
6001,2050,3,15883,215602651,3748,-2611
6001,2051,0,15884,216461644,5634,-6585
6001,2051,1,15885,217320637,1286,-4365
6001,2051,2,15886,218179630,-2339,-2051
6001,2051,3,15887,219038623,4691,-2320
6001,2052,0,15888,219897616,-1375,2471
6001,2052,1,15889,220756609,400,-744
6001,2052,2,15890,221615602,7101,-1985
6001,2052,3,15891,222474595,2225,3377
6001,2053,0,15892,223333588,2510,-783
6001,2053,1,15893,224192581,3129,-2695
6001,2053,2,15894,225051574,-209,673
6001,2053,3,15895,225910567,-910,-3062
6001,2054,0,15896,226769560,-280,-4196
6001,2054,1,15897,227628553,-3095,5256
6001,2054,2,15898,228487546,-925,9022
6001,2054,3,15899,229346539,5136,-1183
6001,2055,0,15900,230205532,-3497,-5573
6001,2055,1,15901,231064525,-4517,-1900
6001,2055,2,15902,231923518,5646,-4885
6001,2055,3,15903,232782511,1348,-4162
6001,2056,0,15904,233641504,-3655,1235
6001,2056,1,15905,234500497,-5444,146
6001,2056,2,15906,235359490,-1709,1471
6001,2056,3,15907,236218483,3827,3192
6001,2057,0,15908,237077476,-5266,668
6001,2057,1,15909,237936469,-6245,1743
6001,2057,2,15910,238795462,2039,-106
6001,2057,3,15911,239654455,1256,-1321
6001,2058,0,15912,240513448,-1154,5010
6001,2058,1,15913,241372441,-713,3215
6001,2058,2,15914,242231434,2620,-1495
6001,2058,3,15915,243090427,1803,3746
6001,2059,0,15916,243949420,-287,5389
6001,2059,1,15917,244808413,2712,948
6001,2059,2,15918,245667406,5358,887
6001,2059,3,15919,246526399,4327,2215
6001,2060,0,15920,247385392,-1046,1205
6001,2060,1,15921,248244385,1443,536
6001,2060,2,15922,249103378,-943,-2057
6001,2060,3,15923,249962371,-8130,-4980
6001,2061,0,15924,250821364,6137,-3269
6001,2061,1,15925,251680357,5515,-4372
6001,2061,2,15926,252539350,-5594,-4978
6001,2061,3,15927,253398343,2870,1421
6001,2062,0,15928,254257336,-2490,549
6001,2062,1,15929,255116329,-3871,-4056
6001,2062,2,15930,255975322,2716,-3367
6001,2062,3,15931,256834315,-5133,-4398
6001,2063,0,15932,257693308,-852,-2603
6001,2063,1,15933,258552301,-1835,-1787
6001,2063,2,15934,259411294,-8292,-3316
6001,2063,3,15935,260270287,3592,2043
6001,2064,0,15936,261129280,3750,228
6001,2064,1,15937,261988273,-4441,-6133
6001,2064,2,15938,262847266,190,-1974
6001,2064,3,15939,263706259,7112,301
6001,2065,0,15940,264565252,3534,-334
6001,2065,1,15941,265424245,-4263,2647
6001,2065,2,15942,266283238,2876,1393
6001,2065,3,15943,267142231,8426,-3245
6001,2066,0,15944,268001224,5495,-2106
6001,2066,1,15945,268860217,9255,901
6001,2066,2,15946,269719210,3911,-3177
6001,2066,3,15947,270578203,-1261,-810
6001,2067,0,15948,271437196,4700,5368
6001,2067,1,15949,272296189,-89,-4240
6001,2067,2,15950,273155182,-5023,-6610
6001,2067,3,15951,274014175,-3268,2679
6001,2068,0,15952,274873168,-7917,1795
6001,2068,1,15953,275732161,-6264,1126
6001,2068,2,15954,276591154,1415,-1388
6001,2068,3,15955,277450147,1094,-2776
6001,2069,0,15956,278309140,820,4141
6001,2069,1,15957,279168133,3550,382
6001,2069,2,15958,280027126,2974,-3138
6001,2069,3,15959,280886119,365,-808
6001,2070,0,15960,281745112,-1090,-1863
6001,2070,1,15961,282604105,-874,5593
6001,2070,2,15962,283463098,-2518,8709
6001,2070,3,15963,284322091,345,2037
6001,2071,0,15964,285181084,6841,-513
6001,2071,1,15965,286040077,2165,-2493
6001,2071,2,15966,286899070,-745,-1521
6001,2071,3,15967,287758063,2840,1180
6001,2072,0,15968,288617056,-1124,-1217
6001,2072,1,15969,289476049,-1112,-5178
6001,2072,2,15970,290335042,654,-2497
6001,2072,3,15971,291194035,-1972,2500
6001,2073,0,15972,292053028,2514,122
6001,2073,1,15973,292912021,3546,3041
6001,2073,2,15974,293771014,-1138,2257
6001,2073,3,15975,294630007,2215,-5874
6001,2074,0,15976,295489000,3455,4433
6001,2074,1,15977,296347993,-6292,7551
6001,2074,2,15978,297206986,-5137,-2380
6001,2074,3,15979,298065979,8870,1568
6001,2075,0,15980,298924972,1646,2313
6001,2075,1,15981,299783965,-9953,2092
6001,2075,2,15982,300642958,1478,5503
6001,2075,3,15983,301501951,4056,3056
6001,2076,0,15984,302360944,-3880,1926
6001,2076,1,15985,303219937,-3859,-1746
6001,2076,2,15986,304078930,-2053,-1834
6001,2076,3,15987,304937923,5762,532
6001,2077,0,15988,305796916,9592,-395
6001,2077,1,15989,306655909,3860,4109
6001,2077,2,15990,307514902,1599,1256
6001,2077,3,15991,308373895,-334,-3645
6001,2078,0,15992,309232888,305,-992
6001,2078,1,15993,310091881,3043,-3483
6001,2078,2,15994,310950874,-3104,-3843
6001,2078,3,15995,311809867,-10301,-649
6001,2079,0,15996,312668860,-6573,249
6001,2079,1,15997,313527853,94,1399
6001,2079,2,15998,314386846,-1512,1869
6001,2079,3,15999,315245839,-3609,2663
6001,2080,0,16000,316104832,-860,5599
6001,2080,1,16001,316963825,3065,9344
6001,2080,2,16002,317822818,2941,3990
6001,2080,3,16003,318681811,-7304,-1198
6001,2081,0,16004,319540804,-8860,1776
6001,2081,1,16005,320399797,355,-2645
6001,2081,2,16006,321258790,-2407,-398
6001,2081,3,16007,322117783,-3598,7262
6001,2082,0,16008,322976776,455,3186
6001,2082,1,16009,323835769,-1911,1879
6001,2082,2,16010,324694762,423,-453
6001,2082,3,16011,325553755,2273,-3387
6001,2083,0,16012,326412748,-2407,-2558
6001,2083,1,16013,327271741,-3184,-2955
6001,2083,2,16014,328130734,1031,4677
6001,2083,3,16015,328989727,3225,3620
6001,2084,0,16016,329848720,2161,-3614
6001,2084,1,16017,330707713,4453,2273
6001,2084,2,16018,331566706,5270,873
6001,2084,3,16019,332425699,3866,-5918
6001,2085,0,16020,333284692,2212,-4027
6001,2085,1,16021,334143685,-3463,-370
6001,2085,2,16022,335002678,2294,-336
6001,2085,3,16023,335861671,7975,-509
6001,2086,0,16024,336720664,968,1795
6001,2086,1,16025,337579657,3556,-5714
6001,2086,2,16026,338438650,3337,-7399
6001,2086,3,16027,339297643,250,2928
6001,2087,0,16028,340156636,4129,-4094
6001,2087,1,16029,341015629,-1231,-7424
6001,2087,2,16030,341874622,2266,4464
6001,2087,3,16031,342733615,4255,6767
6001,2088,0,16032,343592608,-7783,4117
6001,2088,1,16033,344451601,-3839,-635
6001,2088,2,16034,345310594,-3536,-690
6001,2088,3,16035,346169587,-3909,1824
6001,2089,0,16036,347028580,11228,-5303
6001,2089,1,16037,347887573,5673,-892
6001,2089,2,16038,348746566,-4716,6077
6001,2089,3,16039,349605559,-698,-3043
6001,2090,0,16040,350464552,-146,-2470
6001,2090,1,16041,351323545,3955,2597
6001,2090,2,16042,352182538,2542,-4211
6001,2090,3,16043,353041531,-6417,-5387
6001,2091,0,16044,353900524,-4153,-365
6001,2091,1,16045,354759517,-1036,1942
6001,2091,2,16046,355618510,-4281,536
6001,2091,3,16047,356477503,-3311,-5756
6001,2092,0,16048,357336496,2939,-6264
6001,2092,1,16049,358195489,4096,-3571
6001,2092,2,16050,359054482,-555,-5972
6001,2092,3,16051,359913475,2004,-4169
6001,2093,0,16052,360772468,8242,-2273
6001,2093,1,16053,361631461,6389,-2204
6001,2093,2,16054,362490454,1272,1380
6001,2093,3,16055,363349447,-1184,-387
6001,2094,0,16056,364208440,-3288,-4712
6001,2094,1,16057,365067433,-4812,-3926
6001,2094,2,16058,365926426,-3189,-682
6001,2094,3,16059,366785419,352,-1495
6001,2095,0,16060,367644412,1966,-5000
6001,2095,1,16061,368503405,1628,-1914
6001,2095,2,16062,369362398,3441,114
6001,2095,3,16063,370221391,1701,-305
6001,2096,0,16064,371080384,-3143,480
6001,2096,1,16065,371939377,-330,607
6001,2096,2,16066,372798370,-122,6922
6001,2096,3,16067,373657363,-1105,3681
6001,2097,0,16068,374516356,3701,-3741
6001,2097,1,16069,375375349,-119,982
6001,2097,2,16070,376234342,-173,-3611
6001,2097,3,16071,377093335,4016,-3154
6001,2098,0,16072,377952328,-2392,2642
6001,2098,1,16073,378811321,-2936,-5291
6001,2098,2,16074,379670314,-2599,-1242
6001,2098,3,16075,380529307,-3794,1720
6001,2099,0,16076,381388300,2682,-3060
6001,2099,1,16077,382247293,3519,858
6001,2099,2,16078,383106286,1095,-4681
6001,2099,3,16079,383965279,-2533,-5155
6001,2100,0,16080,384824272,-3132,657
6001,2100,1,16081,385683265,2536,-2921
6001,2100,2,16082,386542258,913,770
6001,2100,3,16083,387401251,592,490
6001,2101,0,16084,388260244,-1355,-2117
6001,2101,1,16085,389119237,-5391,3685
6001,2101,2,16086,389978230,778,1609
6001,2101,3,16087,390837223,-1124,1056
6001,2102,0,16088,391696216,-3840,2792
6001,2102,1,16089,392555209,1363,1773
6001,2102,2,16090,393414202,1781,7837
6001,2102,3,16091,394273195,3111,6491
6001,2103,0,16092,395132188,-201,-4
6001,2103,1,16093,395991181,-2327,1149
6001,2103,2,16094,396850174,1582,-1393
6001,2103,3,16095,397709167,872,-859
6001,2104,0,16096,398568160,2469,6153
6001,2104,1,16097,399427153,-238,2268
6001,2104,2,16098,400286146,-3583,-4272
6001,2104,3,16099,401145139,-518,-569
6001,2105,0,16100,402004132,-2385,119
6001,2105,1,16101,402863125,-663,-4762
6001,2105,2,16102,403722118,649,-1383
6001,2105,3,16103,404581111,379,912
6001,2106,0,16104,405440104,5580,-4038
6001,2106,1,16105,406299097,1890,1085
6001,2106,2,16106,407158090,-1103,2980
6001,2106,3,16107,408017083,2029,-5707
6001,2107,0,16108,408876076,-611,-2040
6001,2107,1,16109,409735069,-2111,1363
6001,2107,2,16110,410594062,-1027,961
6001,2107,3,16111,411453055,-1645,2992
6001,2108,0,16112,412312048,-4774,-5713
6001,2108,1,16113,413171041,-4940,-3649
6001,2108,2,16114,414030034,578,2667
6001,2108,3,16115,414889027,1782,-2956
6001,2109,0,16116,415748020,-1112,3474
6001,2109,1,16117,416607013,-1903,3601
6001,2109,2,16118,417466006,1301,-3768
6001,2109,3,16119,418324999,3871,790
6001,2110,0,16120,419183992,2499,2179
6001,2110,1,16121,420042985,-241,3689
6001,2110,2,16122,420901978,-4926,-108
6001,2110,3,16123,421760971,610,-2029
6001,2111,0,16124,422619964,8478,4517
6001,2111,1,16125,423478957,-98,-2409
6001,2111,2,16126,424337950,-2393,-893
6001,2111,3,16127,425196943,2770,2946
6001,2112,0,16128,426055936,-2140,-3876
6001,2112,1,16129,426914929,-1202,4062
6001,2112,2,16130,427773922,7310,5699
6001,2112,3,16131,428632915,4209,2515
6001,2113,0,16132,429491908,-6253,3692
6001,2113,1,16133,430350901,-3801,-3505
6001,2113,2,16134,431209894,3297,-2363
6001,2113,3,16135,432068887,2793,-3218
6001,2114,0,16136,432927880,5403,-2774
6001,2114,1,16137,433786873,5405,1975
6001,2114,2,16138,434645866,-843,-8497
6001,2114,3,16139,435504859,-6476,-4970
6001,2115,0,16140,436363852,-6184,4349
6001,2115,1,16141,437222845,4101,44
6001,2115,2,16142,438081838,5326,2900
6001,2115,3,16143,438940831,-1010,988
6001,2116,0,16144,439799824,-919,-2796
6001,2116,1,16145,440658817,-1352,228
6001,2116,2,16146,441517810,1571,1786
6001,2116,3,16147,442376803,774,3626
6001,2117,0,16148,443235796,-4685,-1383
6001,2117,1,16149,444094789,-4200,-3225
6001,2117,2,16150,444953782,-3104,-1310
6001,2117,3,16151,445812775,1142,-3239
6001,2118,0,16152,446671768,1990,2428
6001,2118,1,16153,447530761,2339,-417
6001,2118,2,16154,448389754,4861,-4829
6001,2118,3,16155,449248747,-4951,6356
6001,2119,0,16156,450107740,-4519,3342
6001,2119,1,16157,450966733,5708,-5020
6001,2119,2,16158,451825726,3425,1011
6001,2119,3,16159,452684719,187,-653
6001,2120,0,16160,453543712,-2876,-1707
6001,2120,1,16161,454402705,-2651,3505
6001,2120,2,16162,455261698,-1651,-2869
6001,2120,3,16163,456120691,-4087,-1310
6001,2121,0,16164,456979684,-284,8730
6001,2121,1,16165,457838677,214,3885
6001,2121,2,16166,458697670,1766,1088
6001,2121,3,16167,459556663,1538,2893
6001,2122,0,16168,460415656,-5079,-923
6001,2122,1,16169,461274649,3439,-1820
6001,2122,2,16170,462133642,8504,-5982
6001,2122,3,16171,462992635,2517,-6348
6001,2123,0,16172,463851628,2905,1848
6001,2123,1,16173,464710621,859,105
6001,2123,2,16174,465569614,-55,-4026
6001,2123,3,16175,466428607,-1973,-1238
6001,2124,0,16176,467287600,-3248,1224
6001,2124,1,16177,468146593,3437,2797
6001,2124,2,16178,469005586,-48,928
6001,2124,3,16179,469864579,-3399,-2765
6001,2125,0,16180,470723572,4498,-814
6001,2125,1,16181,471582565,3793,1694
6001,2125,2,16182,472441558,-572,-1245
6001,2125,3,16183,473300551,5543,-505
6001,2126,0,16184,474159544,8878,2996
6001,2126,1,16185,475018537,2142,572
6001,2126,2,16186,475877530,4130,-606
6001,2126,3,16187,476736523,7448,4034
6001,2127,0,16188,477595516,-534,9356
6001,2127,1,16189,478454509,986,2910
6001,2127,2,16190,479313502,2021,-9320
6001,2127,3,16191,480172495,-5469,-5343
6001,2128,0,16192,481031488,-28,-1105
6001,2128,1,16193,481890481,4277,-4623
6001,2128,2,16194,482749474,-1618,-1766
6001,2128,3,16195,483608467,-4130,149
6001,2129,0,16196,484467460,-3583,1266
6001,2129,1,16197,485326453,1572,-1086
6001,2129,2,16198,486185446,5876,-3847
6001,2129,3,16199,487044439,608,2088
6001,2130,0,16200,487903432,-2086,520
6001,2130,1,16201,488762425,5413,-3583
6001,2130,2,16202,489621418,9107,-1107
6001,2130,3,16203,490480411,4631,-236
6001,2131,0,16204,491339404,2986,361
6001,2131,1,16205,492198397,1186,-1356
6001,2131,2,16206,493057390,-3670,-1558
6001,2131,3,16207,493916383,-455,227
6001,2132,0,16208,494775376,4835,1317
6001,2132,1,16209,495634369,-362,907
6001,2132,2,16210,496493362,-2706,-2217
6001,2132,3,16211,497352355,2050,4786
6001,2133,0,16212,498211348,1722,8228
6001,2133,1,16213,499070341,3307,1364
6001,2133,2,16214,499929334,2099,163
6001,2133,3,16215,500788327,-2749,-5492
6001,2134,0,16216,501647320,4736,-3466
6001,2134,1,16217,502506313,4105,7401
6001,2134,2,16218,503365306,-1826,6510
6001,2134,3,16219,504224299,3085,1304
6001,2135,0,16220,505083292,-3638,-6722
6001,2135,1,16221,505942285,-5594,-3477
6001,2135,2,16222,506801278,4437,5207
6001,2135,3,16223,507660271,4060,1311
6001,2136,0,16224,508519264,2737,3733
6001,2136,1,16225,509378257,-72,-458
6001,2136,2,16226,510237250,1899,-6380
6001,2136,3,16227,511096243,4410,1516
6001,2137,0,16228,511955236,-4422,-3095
6001,2137,1,16229,512814229,-1097,-4185
6001,2137,2,16230,513673222,-2830,3140
6001,2137,3,16231,514532215,-8875,-139
6001,2138,0,16232,515391208,3102,-1461
6001,2138,1,16233,516250201,-1171,-3099
6001,2138,2,16234,517109194,-3718,-3057
6001,2138,3,16235,517968187,6858,677
6001,2139,0,16236,518827180,-2795,-2095
6001,2139,1,16237,519686173,-3045,-3194
6001,2139,2,16238,520545166,5342,1696
6001,2139,3,16239,521404159,443,2826
6001,2140,0,16240,522263152,2295,-3727
6001,2140,1,16241,523122145,2306,-3065
6001,2140,2,16242,523981138,-1309,-1486
6001,2140,3,16243,524840131,1090,-6762
6001,2141,0,16244,525699124,-355,3032
6001,2141,1,16245,526558117,-1781,3216
6001,2141,2,16246,527417110,-1714,-11319
6001,2141,3,16247,528276103,-3680,-4776
6001,2142,0,16248,529135096,-4196,530
6001,2142,1,16249,529994089,-3518,-631
6001,2142,2,16250,530853082,-4574,2400
6001,2142,3,16251,531712075,-2890,-770
6001,2143,0,16252,532571068,9544,1584
6001,2143,1,16253,533430061,12875,297
6001,2143,2,16254,534289054,-940,-4300
6001,2143,3,16255,535148047,-761,1709
6001,2144,0,16256,536007040,5406,3216
6001,2144,1,16257,536866033,-3761,3344
6001,2144,2,16258,537725026,-8079,2016
6001,2144,3,16259,538584019,-4041,922
6001,2145,0,16260,539443012,-1571,9149
6001,2145,1,16261,540302005,1673,3118
6001,2145,2,16262,541160998,-2606,-5849
6001,2145,3,16263,542019991,-9272,2763
6001,2146,0,16264,542878984,-2492,4010
6001,2146,1,16265,543737977,5555,22
6001,2146,2,16266,544596970,3481,2042
6001,2146,3,16267,545455963,2240,1882
6001,2147,0,16268,546314956,2594,756
6001,2147,1,16269,547173949,-1979,-2280
6001,2147,2,16270,548032942,-4102,-2433
6001,2147,3,16271,548891935,-1122,-450
6001,2148,0,16272,549750928,2983,-5106
6001,2148,1,16273,550609921,8158,-4684
6001,2148,2,16274,551468914,5071,173
6001,2148,3,16275,552327907,-4233,-1861
6001,2149,0,16276,553186900,-4784,-4339
6001,2149,1,16277,554045893,-4553,-4784
6001,2149,2,16278,554904886,-5017,-3075
6001,2149,3,16279,555763879,1907,516
6001,2150,0,16280,556622872,-23,1201
6001,2150,1,16281,557481865,-7495,1304
6001,2150,2,16282,558340858,-2315,3367
6001,2150,3,16283,559199851,453,3170
6001,2151,0,16284,560058844,-4599,-1250
6001,2151,1,16285,560917837,-3515,-880
6001,2151,2,16286,561776830,-1866,2898
6001,2151,3,16287,562635823,-1817,2120
6001,2152,0,16288,563494816,-940,3043
6001,2152,1,16289,564353809,-4375,909
6001,2152,2,16290,565212802,-1673,-816
6001,2152,3,16291,566071795,3167,5260
6001,2153,0,16292,566930788,-3059,3804
6001,2153,1,16293,567789781,-1143,1534
6001,2153,2,16294,568648774,4389,3831
6001,2153,3,16295,569507767,-2721,3760
6001,2154,0,16296,570366760,-712,2774
6001,2154,1,16297,571225753,4964,-7457
6001,2154,2,16298,572084746,-1930,-9223
6001,2154,3,16299,572943739,-1973,2192
6001,2155,0,16300,573802732,3987,1264
6001,2155,1,16301,574661725,-634,-2670
6001,2155,2,16302,575520718,-4921,-922
6001,2155,3,16303,576379711,2958,4703
6001,2156,0,16304,577238704,8180,6928
6001,2156,1,16305,578097697,4954,-728
6001,2156,2,16306,578956690,3681,-2841
6001,2156,3,16307,579815683,-2476,-1763
6001,2157,0,16308,580674676,-6222,2350
6001,2157,1,16309,581533669,1780,3379
6001,2157,2,16310,582392662,4056,-6404
6001,2157,3,16311,583251655,4314,-3138
6001,2158,0,16312,584110648,6476,603
6001,2158,1,16313,584969641,4311,1132
6001,2158,2,16314,585828634,4273,7059
6001,2158,3,16315,586687627,1873,-2022
6001,2159,0,16316,587546620,2998,-2515
6001,2159,1,16317,588405613,5474,1879
6001,2159,2,16318,589264606,-2537,-6636
6001,2159,3,16319,590123599,-286,-371
6001,2160,0,16320,590982592,4596,4925
6001,2160,1,16321,591841585,-2694,-638
6001,2160,2,16322,592700578,-875,-108
6001,2160,3,16323,593559571,652,3190
6001,2161,0,16324,594418564,-5157,1259
6001,2161,1,16325,595277557,-1258,-5433
6001,2161,2,16326,596136550,3492,523
6001,2161,3,16327,596995543,2359,3251
6001,2162,0,16328,597854536,1359,-460
6001,2162,1,16329,598713529,742,6944
6001,2162,2,16330,599572522,-762,-1116
6001,2162,3,16331,600431515,-4215,-4936
6001,2163,0,16332,601290508,-2623,5094
6001,2163,1,16333,602149501,1517,-3722
6001,2163,2,16334,603008494,-705,-8138
6001,2163,3,16335,603867487,3315,-4550
6001,2164,0,16336,604726480,9033,-1940
6001,2164,1,16337,605585473,1800,4441
6001,2164,2,16338,606444466,1570,3184
6001,2164,3,16339,607303459,4576,463
6001,2165,0,16340,608162452,-5922,-1505
6001,2165,1,16341,609021445,-5931,2918
6001,2165,2,16342,609880438,2116,4676
6001,2165,3,16343,610739431,356,-2617
6001,2166,0,16344,611598424,177,6016
6001,2166,1,16345,612457417,-149,5654
6001,2166,2,16346,613316410,-1326,-4119
6001,2166,3,16347,614175403,462,3046
6001,2167,0,16348,615034396,-82,2814
6001,2167,1,16349,615893389,363,4408
6001,2167,2,16350,616752382,-1480,9847
6001,2167,3,16351,617611375,-610,4111
6001,2168,0,16352,618470368,6370,1993
6001,2168,1,16353,619329361,1890,-2664
6001,2168,2,16354,620188354,-6845,-5267
6001,2168,3,16355,621047347,-8805,1481
6001,2169,0,16356,621906340,-8671,5202
6001,2169,1,16357,622765333,-2523,3558
6001,2169,2,16358,623624326,2062,-692
6001,2169,3,16359,624483319,-16,1887
6001,2170,0,16360,625342312,-729,5523
6001,2170,1,16361,626201305,-1701,3921
6001,2170,2,16362,627060298,-1989,2738
6001,2170,3,16363,627919291,1847,599
6001,2171,0,16364,628778284,5095,1981
6001,2171,1,16365,629637277,3658,4524
6001,2171,2,16366,630496270,-549,6273
6001,2171,3,16367,631355263,-1964,2618
6001,2172,0,16368,632214256,-701,-1790
6001,2172,1,16369,633073249,-1888,6608
6001,2172,2,16370,633932242,-2452,4365
6001,2172,3,16371,634791235,2110,822
6001,2173,0,16372,635650228,2725,6760
6001,2173,1,16373,636509221,-4285,-1351
6001,2173,2,16374,637368214,-5697,1748
6001,2173,3,16375,638227207,603,4086
6001,2174,0,16376,639086200,2732,-6325
6001,2174,1,16377,639945193,1506,255
6001,2174,2,16378,640804186,3992,-1553
6001,2174,3,16379,641663179,1943,-175
6001,2175,0,16380,642522172,-2870,9154
6001,2175,1,16381,643381165,1624,-2097
6001,2175,2,16382,644240158,1160,1384
6001,2175,3,16383,645099151,-1870,7268
6001,2176,0,16384,645958144,5900,-765
6001,2176,1,16385,646817137,2864,1962
6001,2176,2,16386,647676130,-3192,-2935
6001,2176,3,16387,648535123,1753,-2650
6001,2177,0,16388,649394116,-2067,5749
6001,2177,1,16389,650253109,-4041,-4847
6001,2177,2,16390,651112102,1322,-9992
6001,2177,3,16391,651971095,707,186
6001,2178,0,16392,652830088,35,5600
6001,2178,1,16393,653689081,-731,353
6001,2178,2,16394,654548074,354,-4044
6001,2178,3,16395,655407067,-472,-1612
6001,2179,0,16396,656266060,-3545,-2164
6001,2179,1,16397,657125053,4385,1493
6001,2179,2,16398,657984046,4410,1438
6001,2179,3,16399,658843039,-4645,-7276
6001,2180,0,16400,659702032,-1749,-3356
6001,2180,1,16401,660561025,-351,-3181
6001,2180,2,16402,661420018,-2926,-6551
6001,2180,3,16403,662279011,-5437,3781
6001,2181,0,16404,663138004,-6847,5501
6001,2181,1,16405,663996997,3018,4998
6001,2181,2,16406,664855990,6084,9352
6001,2181,3,16407,665714983,-1060,1032
6001,2182,0,16408,666573976,1006,-5834
6001,2182,1,16409,667432969,3843,-5190
6001,2182,2,16410,668291962,3042,-2958
6001,2182,3,16411,669150955,1533,3399
6001,2183,0,16412,670009948,-2466,2943
6001,2183,1,16413,670868941,-2620,-469
6001,2183,2,16414,671727934,-814,2713
6001,2183,3,16415,672586927,1552,16
6001,2184,0,16416,673445920,4040,-3325
6001,2184,1,16417,674304913,-1203,5903
6001,2184,2,16418,675163906,-5957,7196
6001,2184,3,16419,676022899,-2593,-989
6001,2185,0,16420,676881892,-812,6722
6001,2185,1,16421,677740885,-976,9737
6001,2185,2,16422,678599878,645,-2652
6001,2185,3,16423,679458871,-1187,-4317
6001,2186,0,16424,680317864,-1778,-4598
6001,2186,1,16425,681176857,4298,-3533
6001,2186,2,16426,682035850,5617,3805
6001,2186,3,16427,682894843,-1179,175
6001,2187,0,16428,683753836,-5411,-875
6001,2187,1,16429,684612829,-1582,300
6001,2187,2,16430,685471822,3086,901
6001,2187,3,16431,686330815,-3003,8643
6001,2188,0,16432,687189808,-6610,2094
6001,2188,1,16433,688048801,-349,930
6001,2188,2,16434,688907794,-3283,7868
6001,2188,3,16435,689766787,-2953,-4435
6001,2189,0,16436,690625780,4032,-1256
6001,2189,1,16437,691484773,-3972,8271
6001,2189,2,16438,692343766,-4809,-2107
6001,2189,3,16439,693202759,5178,-4742
6001,2190,0,16440,694061752,2231,-4274
6001,2190,1,16441,694920745,-1261,-4961
6001,2190,2,16442,695779738,-552,-3088
6001,2190,3,16443,696638731,-229,-1667
6001,2191,0,16444,697497724,1125,4878
6001,2191,1,16445,698356717,71,-627
6001,2191,2,16446,699215710,2764,-7702
6001,2191,3,16447,700074703,5831,-820
6001,2192,0,16448,700933696,2809,-2101
6001,2192,1,16449,701792689,-792,-5884
6001,2192,2,16450,702651682,-936,-1174
6001,2192,3,16451,703510675,1,1565
6001,2193,0,16452,704369668,-2975,-1491
6001,2193,1,16453,705228661,-1170,-2816
6001,2193,2,16454,706087654,-88,2100
6001,2193,3,16455,706946647,-4815,4160
6001,2194,0,16456,707805640,2381,4402
6001,2194,1,16457,708664633,4061,3340
6001,2194,2,16458,709523626,-2000,90
6001,2194,3,16459,710382619,2199,2493
6001,2195,0,16460,711241612,-2508,1934
6001,2195,1,16461,712100605,-5668,-2156
6001,2195,2,16462,712959598,-1604,-4499
6001,2195,3,16463,713818591,-4323,-6489
6001,2196,0,16464,714677584,658,-2095
6001,2196,1,16465,715536577,435,-978
6001,2196,2,16466,716395570,-5968,-5963
6001,2196,3,16467,717254563,-2866,-2473
6001,2197,0,16468,718113556,-4166,4524
6001,2197,1,16469,718972549,-4621,-825
6001,2197,2,16470,719831542,-2071,-8659
6001,2197,3,16471,720690535,-11,-617
6001,2198,0,16472,721549528,2385,217
6001,2198,1,16473,722408521,-1693,-8111
6001,2198,2,16474,723267514,2178,-142
6001,2198,3,16475,724126507,3580,2054
6001,2199,0,16476,724985500,-5847,-1893
6001,2199,1,16477,725844493,-3055,1096
6001,2199,2,16478,726703486,-2744,-1136
6001,2199,3,16479,727562479,-4511,4314
6001,2200,0,16480,728421472,3311,6602
6001,2200,1,16481,729280465,228,-3281
6001,2200,2,16482,730139458,-4029,-515
6001,2200,3,16483,730998451,-1872,2746
6001,2201,0,16484,731857444,-3171,-1984
6001,2201,1,16485,732716437,-494,-2745
6001,2201,2,16486,733575430,514,-3643
6001,2201,3,16487,734434423,843,-1744
6001,2202,0,16488,735293416,7032,1215
6001,2202,1,16489,736152409,3779,-3099
6001,2202,2,16490,737011402,-22,-2323
6001,2202,3,16491,737870395,5700,3460
6001,2203,0,16492,738729388,199,-2161
6001,2203,1,16493,739588381,-3976,-3035
6001,2203,2,16494,740447374,3975,2328
6001,2203,3,16495,741306367,219,-3256
6001,2204,0,16496,742165360,-3772,4008
6001,2204,1,16497,743024353,-1597,14097
6001,2204,2,16498,743883346,-1472,2280
6001,2204,3,16499,744742339,7410,-6185
6001,2205,0,16500,745601332,4117,-4799
6001,2205,1,16501,746460325,-5053,2307
6001,2205,2,16502,747319318,5282,4358
6001,2205,3,16503,748178311,4772,-2228
6001,2206,0,16504,749037304,-3081,6163
6001,2206,1,16505,749896297,887,5665
6001,2206,2,16506,750755290,937,-7612
6001,2206,3,16507,751614283,217,-1403
6001,2207,0,16508,752473276,-1239,2743
6001,2207,1,16509,753332269,-1998,-3411
6001,2207,2,16510,754191262,4274,-2932
6001,2207,3,16511,755050255,2948,1819
6001,2208,0,16512,755909248,-5656,950
6001,2208,1,16513,756768241,-5735,-2929
6001,2208,2,16514,757627234,4021,3430
6001,2208,3,16515,758486227,4245,1214
6001,2209,0,16516,759345220,-6525,-6855
6001,2209,1,16517,760204213,-5925,1740
6001,2209,2,16518,761063206,-1020,2506
6001,2209,3,16519,761922199,1692,-4579
6001,2210,0,16520,762781192,5444,-898
6001,2210,1,16521,763640185,2773,5857
6001,2210,2,16522,764499178,3565,7335
6001,2210,3,16523,765358171,2078,700
6001,2211,0,16524,766217164,-5113,-1839
6001,2211,1,16525,767076157,2325,-2274
6001,2211,2,16526,767935150,6256,-1662
6001,2211,3,16527,768794143,-4201,6432
6001,2212,0,16528,769653136,-5960,2300
6001,2212,1,16529,770512129,-32,-3191
6001,2212,2,16530,771371122,3977,1951
6001,2212,3,16531,772230115,2661,771
6001,2213,0,16532,773089108,-185,1054
6001,2213,1,16533,773948101,2853,3061
6001,2213,2,16534,774807094,477,1756
6001,2213,3,16535,775666087,-3381,2519
6001,2214,0,16536,776525080,5312,3575
6001,2214,1,16537,777384073,9261,4647
6001,2214,2,16538,778243066,-30,2367
6001,2214,3,16539,779102059,-8195,1041
6001,2215,0,16540,779961052,-5916,-128
6001,2215,1,16541,780820045,2105,-2322
6001,2215,2,16542,781679038,2163,2561
6001,2215,3,16543,782538031,3612,144
6001,2216,0,16544,783397024,7275,-3800
6001,2216,1,16545,784256017,-1748,3859
6001,2216,2,16546,785115010,-1914,1918
6001,2216,3,16547,785974003,4931,-5456
6001,2217,0,16548,786832996,2098,-1924
6001,2217,1,16549,787691989,5048,3136
6001,2217,2,16550,788550982,2990,230
6001,2217,3,16551,789409975,-1180,-4492
6001,2218,0,16552,790268968,2287,-2844
6001,2218,1,16553,791127961,-6859,-1817
6001,2218,2,16554,791986954,-8596,-264
6001,2218,3,16555,792845947,-126,2886
6001,2219,0,16556,793704940,-3083,-138
6001,2219,1,16557,794563933,-6,-417
6001,2219,2,16558,795422926,1511,604
6001,2219,3,16559,796281919,-3645,-3191
6001,2220,0,16560,797140912,2867,-2886
6001,2220,1,16561,797999905,6689,-895
6001,2220,2,16562,798858898,2288,-3465
6001,2220,3,16563,799717891,-704,-5917
6001,2221,0,16564,800576884,-2784,-1353
6001,2221,1,16565,801435877,255,3931
6001,2221,2,16566,802294870,987,2641
6001,2221,3,16567,803153863,-4891,206
6001,2222,0,16568,804012856,-88,-3957
6001,2222,1,16569,804871849,6272,-5931
6001,2222,2,16570,805730842,-485,-274
6001,2222,3,16571,806589835,-936,5550
6001,2223,0,16572,807448828,1491,6382
6001,2223,1,16573,808307821,-749,2112
6001,2223,2,16574,809166814,607,2434
6001,2223,3,16575,810025807,-7164,6154
6001,2224,0,16576,810884800,-9800,205
6001,2224,1,16577,811743793,-1753,-5602
6001,2224,2,16578,812602786,-264,-4104
6001,2224,3,16579,813461779,6746,-3148
6001,2225,0,16580,814320772,2599,-5401
6001,2225,1,16581,815179765,-6254,-4173
6001,2225,2,16582,816038758,3527,3104
6001,2225,3,16583,816897751,1607,833
6001,2226,0,16584,817756744,753,-4541
6001,2226,1,16585,818615737,4903,862
6001,2226,2,16586,819474730,-5856,1692
6001,2226,3,16587,820333723,-1910,382
6001,2227,0,16588,821192716,6917,3053
6001,2227,1,16589,822051709,5312,1151
6001,2227,2,16590,822910702,2284,70
6001,2227,3,16591,823769695,-4734,-50
6001,2228,0,16592,824628688,-768,-268
6001,2228,1,16593,825487681,1441,2527
6001,2228,2,16594,826346674,-4526,3481
6001,2228,3,16595,827205667,2242,1513
6001,2229,0,16596,828064660,6807,-3116
6001,2229,1,16597,828923653,-473,-2842
6001,2229,2,16598,829782646,-4321,4721
6001,2229,3,16599,830641639,322,4047
6001,2230,0,16600,831500632,-1339,50
6001,2230,1,16601,832359625,-1493,1278
6001,2230,2,16602,833218618,7982,-1497
6001,2230,3,16603,834077611,-371,1317
6001,2231,0,16604,834936604,-2132,6990
6001,2231,1,16605,835795597,7799,-1234
6001,2231,2,16606,836654590,-1054,-1865
6001,2231,3,16607,837513583,5385,6454
6001,2232,0,16608,838372576,9845,2046
6001,2232,1,16609,839231569,-1903,829
6001,2232,2,16610,840090562,5425,3046
6001,2232,3,16611,840949555,1979,-204
6001,2233,0,16612,841808548,-4099,3056
6001,2233,1,16613,842667541,3087,2809
6001,2233,2,16614,843526534,-1990,-1787
6001,2233,3,16615,844385527,-1884,1038
6001,2234,0,16616,845244520,810,2986
6001,2234,1,16617,846103513,4780,2511
6001,2234,2,16618,846962506,9820,3219
6001,2234,3,16619,847821499,-3025,2007
6001,2235,0,16620,848680492,-3516,-3991
6001,2235,1,16621,849539485,2916,-4179
6001,2235,2,16622,850398478,-3485,6507
6001,2235,3,16623,851257471,1887,6019
6001,2236,0,16624,852116464,4607,-458
6001,2236,1,16625,852975457,-2581,4558
6001,2236,2,16626,853834450,-5502,7748
6001,2236,3,16627,854693443,-5513,4980
6001,2237,0,16628,855552436,3563,-446
6001,2237,1,16629,856411429,5943,-2334
6001,2237,2,16630,857270422,-4042,1997
6001,2237,3,16631,858129415,-3316,104
6001,2238,0,16632,858988408,-64,-466
6001,2238,1,16633,859847401,-4802,2805
6001,2238,2,16634,860706394,-5125,741
6001,2238,3,16635,861565387,433,797
6001,2239,0,16636,862424380,3874,155
6001,2239,1,16637,863283373,2568,-1615
6001,2239,2,16638,864142366,2236,-1082
6001,2239,3,16639,865001359,3900,-6150
6001,2240,0,16640,865860352,825,-5657
6001,2240,1,16641,866719345,-2450,5007
6001,2240,2,16642,867578338,-3572,4453
6001,2240,3,16643,868437331,-3023,-2677
6001,2241,0,16644,869296324,5679,1902
6001,2241,1,16645,870155317,9848,3895
6001,2241,2,16646,871014310,2602,-2601
6001,2241,3,16647,871873303,-1775,-3331
6001,2242,0,16648,872732296,1063,-2790
6001,2242,1,16649,873591289,7549,-1532
6001,2242,2,16650,874450282,5655,13
6001,2242,3,16651,875309275,1537,-2377
6001,2243,0,16652,876168268,6774,797
6001,2243,1,16653,877027261,2616,-325
6001,2243,2,16654,877886254,-4550,-4868
6001,2243,3,16655,878745247,-2973,-924
6001,2244,0,16656,879604240,-487,-3942
6001,2244,1,16657,880463233,3181,-3920
6001,2244,2,16658,881322226,-2795,3903
6001,2244,3,16659,882181219,-4098,-1326
6001,2245,0,16660,883040212,5530,-6111
6001,2245,1,16661,883899205,1737,-1372
6001,2245,2,16662,884758198,975,3447
6001,2245,3,16663,885617191,2225,4170
6001,2246,0,16664,886476184,-6016,-1070
6001,2246,1,16665,887335177,-2781,-4015
6001,2246,2,16666,888194170,4738,-4472
6001,2246,3,16667,889053163,4321,43
6001,2247,0,16668,889912156,805,8125
6001,2247,1,16669,890771149,4444,2228
6001,2247,2,16670,891630142,7545,-867
6001,2247,3,16671,892489135,-4102,10763
6001,2248,0,16672,893348128,-3366,11023
6001,2248,1,16673,894207121,2980,2928
6001,2248,2,16674,895066114,-3283,-660
6001,2248,3,16675,895925107,671,-3900
6001,2249,0,16676,896784100,801,402
6001,2249,1,16677,897643093,-4149,3761
6001,2249,2,16678,898502086,1523,-2719
6001,2249,3,16679,899361079,2505,-1323
6001,2250,0,16680,900220072,2511,1378
6001,2250,1,16681,901079065,2164,-1327
6001,2250,2,16682,901938058,-1205,2589
6001,2250,3,16683,902797051,-1769,-661
6001,2251,0,16684,903656044,-2998,-5399
6001,2251,1,16685,904515037,586,2137
6001,2251,2,16686,905374030,3735,2730
6001,2251,3,16687,906233023,1061,-1416
6001,2252,0,16688,907092016,360,-2988
6001,2252,1,16689,907951009,1534,-3355
6001,2252,2,16690,908810002,1990,661
6001,2252,3,16691,909668995,11,-1201
6001,2253,0,16692,910527988,359,-2669
6001,2253,1,16693,911386981,-532,-431
6001,2253,2,16694,912245974,-1156,-1738
6001,2253,3,16695,913104967,5395,382
6001,2254,0,16696,913963960,2021,-1678
6001,2254,1,16697,914822953,-1826,-2562
6001,2254,2,16698,915681946,2644,2750
6001,2254,3,16699,916540939,-3402,180
6001,2255,0,16700,917399932,-5718,1971
6001,2255,1,16701,918258925,1126,3337
6001,2255,2,16702,919117918,4558,-4800
6001,2255,3,16703,919976911,4239,-4504
6001,2256,0,16704,920835904,1584,-2323
6001,2256,1,16705,921694897,4665,-142
6001,2256,2,16706,922553890,4025,5818
6001,2256,3,16707,923412883,-1801,2059
6001,2257,0,16708,924271876,-369,-2836
6001,2257,1,16709,925130869,-18,-434
6001,2257,2,16710,925989862,2081,1030
6001,2257,3,16711,926848855,5093,2203
6001,2258,0,16712,927707848,2362,5037
6001,2258,1,16713,928566841,1949,4866
6001,2258,2,16714,929425834,-978,-482
6001,2258,3,16715,930284827,-4684,-3408
6001,2259,0,16716,931143820,127,423
6001,2259,1,16717,932002813,3288,2352
6001,2259,2,16718,932861806,-1902,-1455
6001,2259,3,16719,933720799,-339,-3446
6001,2260,0,16720,934579792,7254,-1348
6001,2260,1,16721,935438785,-142,-200
6001,2260,2,16722,936297778,-4800,-1157
6001,2260,3,16723,937156771,2919,-2216
6001,2261,0,16724,938015764,54,-811
6001,2261,1,16725,938874757,-1730,207
6001,2261,2,16726,939733750,1055,-174
6001,2261,3,16727,940592743,153,1584
6001,2262,0,16728,941451736,3343,-1293
6001,2262,1,16729,942310729,1935,-1628
6001,2262,2,16730,943169722,-1906,4616
6001,2262,3,16731,944028715,-4081,973
6001,2263,0,16732,944887708,-5778,264
6001,2263,1,16733,945746701,-299,1714
6001,2263,2,16734,946605694,1441,-10039
6001,2263,3,16735,947464687,26,-8755
6001,2264,0,16736,948323680,-1011,3306
6001,2264,1,16737,949182673,-4598,4681
6001,2264,2,16738,950041666,1853,3198
6001,2264,3,16739,950900659,6331,-1839
6001,2265,0,16740,951759652,-145,-4254
6001,2265,1,16741,952618645,-797,918
6001,2265,2,16742,953477638,-343,365
6001,2265,3,16743,954336631,-4432,-2841
6001,2266,0,16744,955195624,-2656,-634
6001,2266,1,16745,956054617,2023,838
6001,2266,2,16746,956913610,-34,-3911
6001,2266,3,16747,957772603,1280,-6193
6001,2267,0,16748,958631596,6477,-40
6001,2267,1,16749,959490589,880,2196
6001,2267,2,16750,960349582,-262,-4032
6001,2267,3,16751,961208575,5874,-3251
6001,2268,0,16752,962067568,2489,5862
6001,2268,1,16753,962926561,1054,2522
6001,2268,2,16754,963785554,1708,-3387
6001,2268,3,16755,964644547,-2848,4069
6001,2269,0,16756,965503540,-3423,4511
6001,2269,1,16757,966362533,-329,4095
6001,2269,2,16758,967221526,189,8835
6001,2269,3,16759,968080519,-4836,-472
6001,2270,0,16760,968939512,-4499,-7388
6001,2270,1,16761,969798505,3885,-3827
6001,2270,2,16762,970657498,1995,-233
6001,2270,3,16763,971516491,-3991,2690
6001,2271,0,16764,972375484,-220,-1303
6001,2271,1,16765,973234477,4316,-2946
6001,2271,2,16766,974093470,412,439
6001,2271,3,16767,974952463,-5139,173
6001,2272,0,16768,975811456,-392,-210
6001,2272,1,16769,976670449,5425,-185
6001,2272,2,16770,977529442,4538,1946
6001,2272,3,16771,978388435,2995,483
6001,2273,0,16772,979247428,-2805,-3173
6001,2273,1,16773,980106421,-4432,-2070
6001,2273,2,16774,980965414,2456,-5460
6001,2273,3,16775,981824407,1226,-3583
6001,2274,0,16776,982683400,-2934,2669
6001,2274,1,16777,983542393,752,-3078
6001,2274,2,16778,984401386,2042,-5056
6001,2274,3,16779,985260379,-2900,1707
6001,2275,0,16780,986119372,-3521,2336
6001,2275,1,16781,986978365,568,-2888
6001,2275,2,16782,987837358,-720,-3521
6001,2275,3,16783,988696351,-1278,-189
6001,2276,0,16784,989555344,1700,-317
6001,2276,1,16785,990414337,-1023,384
6001,2276,2,16786,991273330,-1988,-3353
6001,2276,3,16787,992132323,-2495,-7430
6001,2277,0,16788,992991316,-5583,4
6001,2277,1,16789,993850309,1324,869
6001,2277,2,16790,994709302,5244,-2810
6001,2277,3,16791,995568295,1701,22
6001,2278,0,16792,996427288,1601,-1772
6001,2278,1,16793,997286281,-6596,-3259
6001,2278,2,16794,998145274,-6335,-1941
6001,2278,3,16795,999004267,8552,-3438
6001,2279,0,16796,999863260,3419,-5209
6001,2279,1,16797,1000722253,-5889,-3230
6001,2279,2,16798,1001581246,976,1596
6001,2279,3,16799,1002440239,1860,1884
6001,2280,0,16800,1003299232,-1087,3917
6001,2280,1,16801,1004158225,1538,7223
6001,2280,2,16802,1005017218,2606,896
6001,2280,3,16803,1005876211,1306,-5326
6001,2281,0,16804,1006735204,589,-2480
6001,2281,1,16805,1007594197,-2035,4210
6001,2281,2,16806,1008453190,-4380,2086
6001,2281,3,16807,1009312183,2119,-4729
6001,2282,0,16808,1010171176,3416,-1801
6001,2282,1,16809,1011030169,-2171,-964
6001,2282,2,16810,1011889162,3455,-4921
6001,2282,3,16811,1012748155,2250,-5070
6001,2283,0,16812,1013607148,-4918,-2864
6001,2283,1,16813,1014466141,-3137,1691
6001,2283,2,16814,1015325134,-4574,2711
6001,2283,3,16815,1016184127,628,4312
6001,2284,0,16816,1017043120,3293,2958
6001,2284,1,16817,1017902113,-2236,-5304
6001,2284,2,16818,1018761106,6365,135
6001,2284,3,16819,1019620099,5234,4463
6001,2285,0,16820,1020479092,195,-4046
6001,2285,1,16821,1021338085,7281,-485
6001,2285,2,16822,1022197078,-1915,3419
6001,2285,3,16823,1023056071,-3686,-3588
6001,2286,0,16824,1023915064,5037,-3003
6001,2286,1,16825,1024774057,-1323,-141
6001,2286,2,16826,1025633050,671,-4453
6001,2286,3,16827,1026492043,955,-4180
6001,2287,0,16828,1027351036,-3595,-1349
6001,2287,1,16829,1028210029,4185,-1915
6001,2287,2,16830,1029069022,958,3844
6001,2287,3,16831,1029928015,-3587,6438
6001,2288,0,16832,1030787008,-228,2255
6001,2288,1,16833,1031646001,-4212,7092
6001,2288,2,16834,1032504994,-2060,10147
6001,2288,3,16835,1033363987,-257,2781
6001,2289,0,16836,1034222980,-844,-2328
6001,2289,1,16837,1035081973,6702,2358
6001,2289,2,16838,1035940966,3210,5942
6001,2289,3,16839,1036799959,-1141,-657
6001,2290,0,16840,1037658952,4003,-494
6001,2290,1,16841,1038517945,-609,2940
6001,2290,2,16842,1039376938,-4151,2061
6001,2290,3,16843,1040235931,-3837,5639
6001,2291,0,16844,1041094924,-7673,-95
6001,2291,1,16845,1041953917,-3080,-5432
6001,2291,2,16846,1042812910,1369,-238
6001,2291,3,16847,1043671903,144,-1079
6001,2292,0,16848,1044530896,2808,-3642
6001,2292,1,16849,1045389889,3643,-4982
6001,2292,2,16850,1046248882,3784,-510
6001,2292,3,16851,1047107875,1963,2025
6001,2293,0,16852,1047966868,-3442,-3412
6001,2293,1,16853,1048825861,-2658,3060
6001,2293,2,16854,1049684854,-3822,4626
6001,2293,3,16855,1050543847,-3922,1000
6001,2294,0,16856,1051402840,6759,2765
6001,2294,1,16857,1052261833,6944,-4198
6001,2294,2,16858,1053120826,-2426,2572
6001,2294,3,16859,1053979819,-2215,6831
6001,2295,0,16860,1054838812,-1903,-5195
6001,2295,1,16861,1055697805,-3968,669
6001,2295,2,16862,1056556798,-595,3180
6001,2295,3,16863,1057415791,847,-3736
6001,2296,0,16864,1058274784,-296,-3649
6001,2296,1,16865,1059133777,2342,-2013
6001,2296,2,16866,1059992770,4404,2176
6001,2296,3,16867,1060851763,2679,-2812
6001,2297,0,16868,1061710756,1237,-692
6001,2297,1,16869,1062569749,2739,6764
6001,2297,2,16870,1063428742,2733,-2837
6001,2297,3,16871,1064287735,-414,-1265
6001,2298,0,16872,1065146728,2448,1400
6001,2298,1,16873,1066005721,5444,-2981
6001,2298,2,16874,1066864714,1502,6493
6001,2298,3,16875,1067723707,1938,6435
6001,2299,0,16876,1068582700,1094,2130
6001,2299,1,16877,1069441693,-569,4939
6001,2299,2,16878,1070300686,1021,-31
6001,2299,3,16879,1071159679,-8726,-2691
6001,2300,0,16880,1072018672,-8288,422
6001,2300,1,16881,1072877665,5325,438
6001,2300,2,16882,1073736658,-1050,-5409
6001,2300,3,16883,1074595651,-7775,-5142
6001,2301,0,16884,1075454644,-546,2707
6001,2301,1,16885,1076313637,2749,-149
6001,2301,2,16886,1077172630,-881,-1929
6001,2301,3,16887,1078031623,-5512,2330
6001,2302,0,16888,1078890616,441,849
6001,2302,1,16889,1079749609,3481,-481
6001,2302,2,16890,1080608602,-2532,-1259
6001,2302,3,16891,1081467595,64,-662
6001,2303,0,16892,1082326588,-1377,-788
6001,2303,1,16893,1083185581,-5153,524
6001,2303,2,16894,1084044574,-479,5213
6001,2303,3,16895,1084903567,656,993
6001,2304,0,16896,1085762560,734,261
6001,2304,1,16897,1086621553,1089,2385
6001,2304,2,16898,1087480546,644,-3735
6001,2304,3,16899,1088339539,-1040,125
6001,2305,0,16900,1089198532,-2481,5346
6001,2305,1,16901,1090057525,2138,583
6001,2305,2,16902,1090916518,-141,-2786
6001,2305,3,16903,1091775511,-2460,940
6001,2306,0,16904,1092634504,5177,8201
6001,2306,1,16905,1093493497,4985,399
6001,2306,2,16906,1094352490,-401,-4884
6001,2306,3,16907,1095211483,-705,9106
6001,2307,0,16908,1096070476,2367,8092
6001,2307,1,16909,1096929469,-368,-1241
6001,2307,2,16910,1097788462,-4962,439
6001,2307,3,16911,1098647455,-1974,-1450
6001,2308,0,16912,1099506448,-6824,-2153
6001,2308,1,16913,1100365441,-5727,-2033
6001,2308,2,16914,1101224434,3426,-5362
6001,2308,3,16915,1102083427,-1639,-2145
6001,2309,0,16916,1102942420,1831,401
6001,2309,1,16917,1103801413,2348,-2783
6001,2309,2,16918,1104660406,-6726,-2958
6001,2309,3,16919,1105519399,1480,-1162
6001,2310,0,16920,1106378392,2491,-2719
6001,2310,1,16921,1107237385,-1860,-4507
6001,2310,2,16922,1108096378,2376,-1968
6001,2310,3,16923,1108955371,3691,514
6001,2311,0,16924,1109814364,3541,-737
6001,2311,1,16925,1110673357,-3646,690
6001,2311,2,16926,1111532350,-119,3997
6001,2311,3,16927,1112391343,4657,1972
6001,2312,0,16928,1113250336,-7519,2030
6001,2312,1,16929,1114109329,-1736,1933
6001,2312,2,16930,1114968322,4262,-7302
6001,2312,3,16931,1115827315,-2622,-6224
6001,2313,0,16932,1116686308,-1139,4290
6001,2313,1,16933,1117545301,-5174,3287
6001,2313,2,16934,1118404294,-2573,2677
6001,2313,3,16935,1119263287,3140,3392
6001,2314,0,16936,1120122280,-2169,-2422
6001,2314,1,16937,1120981273,1202,-3677
6001,2314,2,16938,1121840266,5177,-3416
6001,2314,3,16939,1122699259,3654,-2406
6001,2315,0,16940,1123558252,848,-84
6001,2315,1,16941,1124417245,585,-1336
6001,2315,2,16942,1125276238,5351,3910
6001,2315,3,16943,1126135231,-1012,7531
6001,2316,0,16944,1126994224,-5707,3355
6001,2316,1,16945,1127853217,-2176,4104
6001,2316,2,16946,1128712210,-2955,-86
6001,2316,3,16947,1129571203,1050,-3792
6001,2317,0,16948,1130430196,144,1333
6001,2317,1,16949,1131289189,-5886,-4151
6001,2317,2,16950,1132148182,-1509,-6420
6001,2317,3,16951,1133007175,2227,1267
6001,2318,0,16952,1133866168,-3382,-89
6001,2318,1,16953,1134725161,-10458,1893
6001,2318,2,16954,1135584154,-6762,3608
6001,2318,3,16955,1136443147,-2348,107
6001,2319,0,16956,1137302140,-6838,3376
6001,2319,1,16957,1138161133,-3231,-1771
6001,2319,2,16958,1139020126,2202,-3631
6001,2319,3,16959,1139879119,1168,3822
6001,2320,0,16960,1140738112,4508,-1173
6001,2320,1,16961,1141597105,4168,1
6001,2320,2,16962,1142456098,11,885
6001,2320,3,16963,1143315091,3599,-4778
6001,2321,0,16964,1144174084,2952,4505
6001,2321,1,16965,1145033077,-3690,809
6001,2321,2,16966,1145892070,1475,-7075
6001,2321,3,16967,1146751063,3643,271
6001,2322,0,16968,1147610056,-4467,-6148
6001,2322,1,16969,1148469049,916,-5652
6001,2322,2,16970,1149328042,4881,2525
6001,2322,3,16971,1150187035,-3238,-3824
6001,2323,0,16972,1151046028,-4108,-234
6001,2323,1,16973,1151905021,-2962,4358
6001,2323,2,16974,1152764014,-1604,3153
6001,2323,3,16975,1153623007,2866,4929
6001,2324,0,16976,1154482000,5283,-2553
6001,2324,1,16977,1155340993,4904,-2720
6001,2324,2,16978,1156199986,620,2144
6001,2324,3,16979,1157058979,2344,-3674
6001,2325,0,16980,1157917972,4619,-1335
6001,2325,1,16981,1158776965,-2835,4345
6001,2325,2,16982,1159635958,-3988,1538
6001,2325,3,16983,1160494951,2951,-492
6001,2326,0,16984,1161353944,5243,-1111
6001,2326,1,16985,1162212937,-1376,-2730
6001,2326,2,16986,1163071930,-7197,-1708
6001,2326,3,16987,1163930923,-3635,903
6001,2327,0,16988,1164789916,-1830,-2236
6001,2327,1,16989,1165648909,-1343,-532
6001,2327,2,16990,1166507902,3222,6063
6001,2327,3,16991,1167366895,5388,-4135
6001,2328,0,16992,1168225888,3691,-7715
6001,2328,1,16993,1169084881,1575,7237
6001,2328,2,16994,1169943874,3015,6075
6001,2328,3,16995,1170802867,1605,-1682
6001,2329,0,16996,1171661860,214,-1795
6001,2329,1,16997,1172520853,3107,-5238
6001,2329,2,16998,1173379846,-1169,-733
6001,2329,3,16999,1174238839,245,5649
6001,2330,0,17000,1175097832,7434,2649
6001,2330,1,17001,1175956825,2747,2230
6001,2330,2,17002,1176815818,-392,736
6001,2330,3,17003,1177674811,372,-1628
6001,2331,0,17004,1178533804,242,1477
6001,2331,1,17005,1179392797,3685,694
6001,2331,2,17006,1180251790,2589,-262
6001,2331,3,17007,1181110783,-2780,3603
6001,2332,0,17008,1181969776,-1449,2500
6001,2332,1,17009,1182828769,5464,-1942
6001,2332,2,17010,1183687762,2547,-282
6001,2332,3,17011,1184546755,-2751,2773
6001,2333,0,17012,1185405748,4178,-1405
6001,2333,1,17013,1186264741,5282,-1817
6001,2333,2,17014,1187123734,1818,4832
6001,2333,3,17015,1187982727,2995,2500
6001,2334,0,17016,1188841720,-632,-3231
6001,2334,1,17017,1189700713,-1555,-4731
6001,2334,2,17018,1190559706,520,-5273
6001,2334,3,17019,1191418699,151,973
6001,2335,0,17020,1192277692,-508,5017
6001,2335,1,17021,1193136685,-257,-921
6001,2335,2,17022,1193995678,3340,-4075
6001,2335,3,17023,1194854671,881,722
6001,2336,0,17024,1195713664,-2879,3727
6001,2336,1,17025,1196572657,636,-2478
6001,2336,2,17026,1197431650,4283,-3254
6001,2336,3,17027,1198290643,7119,5324
6001,2337,0,17028,1199149636,-661,4441
6001,2337,1,17029,1200008629,-8847,-820
6001,2337,2,17030,1200867622,-3767,328
6001,2337,3,17031,1201726615,-4988,3317
6001,2338,0,17032,1202585608,-3677,2375
6001,2338,1,17033,1203444601,3584,-1692
6001,2338,2,17034,1204303594,-3138,-1083
6001,2338,3,17035,1205162587,-5293,-3144
6001,2339,0,17036,1206021580,4057,-5506
6001,2339,1,17037,1206880573,3585,838
6001,2339,2,17038,1207739566,-2328,-1538
6001,2339,3,17039,1208598559,860,-6387
6001,2340,0,17040,1209457552,6392,-537
6001,2340,1,17041,1210316545,3509,-3
6001,2340,2,17042,1211175538,-844,-1947
6001,2340,3,17043,1212034531,720,3066
6001,2341,0,17044,1212893524,2560,4376
6001,2341,1,17045,1213752517,-648,119
6001,2341,2,17046,1214611510,-674,938
6001,2341,3,17047,1215470503,4442,-19
6001,2342,0,17048,1216329496,1737,-6429
6001,2342,1,17049,1217188489,-3285,-1345
6001,2342,2,17050,1218047482,-5021,4316
6001,2342,3,17051,1218906475,-2815,622
6001,2343,0,17052,1219765468,9534,480
6001,2343,1,17053,1220624461,9363,-1074
6001,2343,2,17054,1221483454,-2150,607
6001,2343,3,17055,1222342447,-258,5891
6001,2344,0,17056,1223201440,-1610,3782
6001,2344,1,17057,1224060433,-4498,1527
6001,2344,2,17058,1224919426,2095,-2149
6001,2344,3,17059,1225778419,1132,-3079
6001,2345,0,17060,1226637412,-1526,-186
6001,2345,1,17061,1227496405,290,-1029
6001,2345,2,17062,1228355398,-341,1922
6001,2345,3,17063,1229214391,988,-445
6001,2346,0,17064,1230073384,2340,-2470
6001,2346,1,17065,1230932377,786,5155
6001,2346,2,17066,1231791370,233,-674
6001,2346,3,17067,1232650363,1885,-7014
6001,2347,0,17068,1233509356,3431,1070
6001,2347,1,17069,1234368349,1070,1604
6001,2347,2,17070,1235227342,-2264,-3527
6001,2347,3,17071,1236086335,-113,338
6001,2348,0,17072,1236945328,3208,4869
6001,2348,1,17073,1237804321,38,603
6001,2348,2,17074,1238663314,-4964,-2206
6001,2348,3,17075,1239522307,-4729,-2791
6001,2349,0,17076,1240381300,-1773,-5216
6001,2349,1,17077,1241240293,-906,-1812
6001,2349,2,17078,1242099286,645,6
6001,2349,3,17079,1242958279,2757,693
6001,2350,0,17080,1243817272,-2665,1478
6001,2350,1,17081,1244676265,-5381,-4709
6001,2350,2,17082,1245535258,758,-4333
6001,2350,3,17083,1246394251,2412,-1507
6001,2351,0,17084,1247253244,5010,-4148
6001,2351,1,17085,1248112237,4598,-4206
6001,2351,2,17086,1248971230,-3644,-901
6001,2351,3,17087,1249830223,-1900,5928
6001,2352,0,17088,1250689216,-572,2778
6001,2352,1,17089,1251548209,-2453,-2712
6001,2352,2,17090,1252407202,2747,2164
6001,2352,3,17091,1253266195,1486,-2524
6001,2353,0,17092,1254125188,32,-5083
6001,2353,1,17093,1254984181,1641,1514
6001,2353,2,17094,1255843174,423,343
6001,2353,3,17095,1256702167,2826,-115
6001,2354,0,17096,1257561160,900,-82
6001,2354,1,17097,1258420153,-361,-2074
6001,2354,2,17098,1259279146,3592,-1255
6001,2354,3,17099,1260138139,2870,-161
6001,2355,0,17100,1260997132,1325,-1176
6001,2355,1,17101,1261856125,-2837,-3924
6001,2355,2,17102,1262715118,-1612,-275
6001,2355,3,17103,1263574111,5388,3281
6001,2356,0,17104,1264433104,-14,1719
6001,2356,1,17105,1265292097,-2385,947
6001,2356,2,17106,1266151090,1459,-2299
6001,2356,3,17107,1267010083,-1381,-2476
6001,2357,0,17108,1267869076,1856,-2529
6001,2357,1,17109,1268728069,2406,-1002
6001,2357,2,17110,1269587062,-4172,3989
6001,2357,3,17111,1270446055,183,-1251
6001,2358,0,17112,1271305048,3830,25
6001,2358,1,17113,1272164041,265,3027
6001,2358,2,17114,1273023034,-3157,-3267
6001,2358,3,17115,1273882027,-11735,3430
6001,2359,0,17116,1274741020,-10224,2804
6001,2359,1,17117,1275600013,1724,-7810
6001,2359,2,17118,1276459006,-2730,-4068
6001,2359,3,17119,1277317999,-7855,-1348
6001,2360,0,17120,1278176992,807,-4506
6001,2360,1,17121,1279035985,4719,-4229
6001,2360,2,17122,1279894978,3766,3607
6001,2360,3,17123,1280753971,388,5660
6001,2361,0,17124,1281612964,-4211,-2812
6001,2361,1,17125,1282471957,-3156,-820
6001,2361,2,17126,1283330950,1888,-2129
6001,2361,3,17127,1284189943,6445,-4855
6001,2362,0,17128,1285048936,435,4660
6001,2362,1,17129,1285907929,-3790,1977
6001,2362,2,17130,1286766922,4567,-2898
6001,2362,3,17131,1287625915,3482,929
6001,2363,0,17132,1288484908,965,3193
6001,2363,1,17133,1289343901,4645,4657
6001,2363,2,17134,1290202894,80,-3292
6001,2363,3,17135,1291061887,-161,-6519
6001,2364,0,17136,1291920880,2402,-1315
6001,2364,1,17137,1292779873,223,-6114
6001,2364,2,17138,1293638866,2115,-7133
6001,2364,3,17139,1294497859,2798,-517
6001,2365,0,17140,1295356852,3344,1897
6001,2365,1,17141,1296215845,2416,-3031
6001,2365,2,17142,1297074838,-3648,-10243
6001,2365,3,17143,1297933831,-1128,-5048
6001,2366,0,17144,1298792824,2339,3438
6001,2366,1,17145,1299651817,-5166,3206
6001,2366,2,17146,1300510810,-4533,2110
6001,2366,3,17147,1301369803,6236,-822
6001,2367,0,17148,1302228796,5939,-3590
6001,2367,1,17149,1303087789,1090,-2067
6001,2367,2,17150,1303946782,1774,-2625
6001,2367,3,17151,1304805775,-136,-3824
6001,2368,0,17152,1305664768,-701,-76
6001,2368,1,17153,1306523761,-1188,5321
6001,2368,2,17154,1307382754,-2985,4325
6001,2368,3,17155,1308241747,695,-1
6001,2369,0,17156,1309100740,-582,3698
6001,2369,1,17157,1309959733,-1993,3425
6001,2369,2,17158,1310818726,2847,-6258
6001,2369,3,17159,1311677719,202,-2829
6001,2370,0,17160,1312536712,-5562,5489
6001,2370,1,17161,1313395705,-8059,4952
6001,2370,2,17162,1314254698,-4184,1972
6001,2370,3,17163,1315113691,644,-4916
6001,2371,0,17164,1315972684,-6489,-1574
6001,2371,1,17165,1316831677,-6047,2918
6001,2371,2,17166,1317690670,4813,-2797
6001,2371,3,17167,1318549663,3331,4374
6001,2372,0,17168,1319408656,-2363,1978
6001,2372,1,17169,1320267649,-2638,-10239
6001,2372,2,17170,1321126642,-2278,-4310
6001,2372,3,17171,1321985635,-2955,-948
6001,2373,0,17172,1322844628,-859,2175
6001,2373,1,17173,1323703621,1613,1612
6001,2373,2,17174,1324562614,-2995,-3065
6001,2373,3,17175,1325421607,-2959,4235
6001,2374,0,17176,1326280600,268,-2834
6001,2374,1,17177,1327139593,-2903,-4954
6001,2374,2,17178,1327998586,-659,1595
6001,2374,3,17179,1328857579,-1961,-10613
6001,2375,0,17180,1329716572,-6006,-4665
6001,2375,1,17181,1330575565,2396,635
6001,2375,2,17182,1331434558,965,-7723
6001,2375,3,17183,1332293551,-7188,2500
6001,2376,0,17184,1333152544,-733,-603
6001,2376,1,17185,1334011537,1692,-7637
6001,2376,2,17186,1334870530,-1373,1949
6001,2376,3,17187,1335729523,-142,954
6001,2377,0,17188,1336588516,-4409,-270
6001,2377,1,17189,1337447509,-4543,4185
6001,2377,2,17190,1338306502,3218,60
6001,2377,3,17191,1339165495,3174,-6815
6001,2378,0,17192,1340024488,-1662,-1622
6001,2378,1,17193,1340883481,-3750,4242
6001,2378,2,17194,1341742474,-2239,-1916
6001,2378,3,17195,1342601467,298,1353
6001,2379,0,17196,1343460460,-255,4449
6001,2379,1,17197,1344319453,101,-2687
6001,2379,2,17198,1345178446,-1065,-5515
6001,2379,3,17199,1346037439,-2618,-6912
6001,2380,0,17200,1346896432,-404,2752
6001,2380,1,17201,1347755425,-2172,5148
6001,2380,2,17202,1348614418,-172,-5222
6001,2380,3,17203,1349473411,4570,-28
6001,2381,0,17204,1350332404,-1258,-2224
6001,2381,1,17205,1351191397,-2580,-3054
6001,2381,2,17206,1352050390,4210,6598
6001,2381,3,17207,1352909383,5413,-3238
6001,2382,0,17208,1353768376,3418,-6103
6001,2382,1,17209,1354627369,4247,667
6001,2382,2,17210,1355486362,5372,2380
6001,2382,3,17211,1356345355,-1357,10160
6001,2383,0,17212,1357204348,-6488,6106
6001,2383,1,17213,1358063341,-2091,-798
6001,2383,2,17214,1358922334,-2434,623
6001,2383,3,17215,1359781327,-6440,-1938
6001,2384,0,17216,1360640320,-5338,968
6001,2384,1,17217,1361499313,770,29
6001,2384,2,17218,1362358306,6393,-6000
6001,2384,3,17219,1363217299,3572,986
6001,2385,0,17220,1364076292,-634,4636
6001,2385,1,17221,1364935285,-2755,-1423
6001,2385,2,17222,1365794278,-3790,-136
6001,2385,3,17223,1366653271,1694,2857
6001,2386,0,17224,1367512264,5906,832
6001,2386,1,17225,1368371257,3321,-2406
6001,2386,2,17226,1369230250,1256,-6768
6001,2386,3,17227,1370089243,3188,-2064
6001,2387,0,17228,1370948236,2777,3753
6001,2387,1,17229,1371807229,-640,-1883
6001,2387,2,17230,1372666222,564,504
6001,2387,3,17231,1373525215,-272,2841
6001,2388,0,17232,1374384208,-2875,187
6001,2388,1,17233,1375243201,44,9169
6001,2388,2,17234,1376102194,1477,6139
6001,2388,3,17235,1376961187,3161,-2182
6001,2389,0,17236,1377820180,4295,1541
6001,2389,1,17237,1378679173,-451,-3527
6001,2389,2,17238,1379538166,-2761,-4903
6001,2389,3,17239,1380397159,2511,-2105
6001,2390,0,17240,1381256152,5517,-4553
6001,2390,1,17241,1382115145,-2637,2332
6001,2390,2,17242,1382974138,-3447,898
6001,2390,3,17243,1383833131,4386,-7223
6001,2391,0,17244,1384692124,-497,-3242
6001,2391,1,17245,1385551117,-2124,-2455
6001,2391,2,17246,1386410110,2503,-1599
6001,2391,3,17247,1387269103,-438,6406
6001,2392,0,17248,1388128096,-1438,7853
6001,2392,1,17249,1388987089,-2544,-879
6001,2392,2,17250,1389846082,-4144,-9748
6001,2392,3,17251,1390705075,-3241,-4750
6001,2393,0,17252,1391564068,-2619,3391
6001,2393,1,17253,1392423061,-1746,-1024
6001,2393,2,17254,1393282054,-2941,-2811
6001,2393,3,17255,1394141047,-846,150
6001,2394,0,17256,1395000040,-827,-2979
6001,2394,1,17257,1395859033,-1492,-3920
6001,2394,2,17258,1396718026,3279,600
6001,2394,3,17259,1397577019,-3323,6082
6001,2395,0,17260,1398436012,-6244,3228
6001,2395,1,17261,1399295005,2399,-6524
6001,2395,2,17262,1400153998,2197,-1404
6001,2395,3,17263,1401012991,1623,5073
6001,2396,0,17264,1401871984,-1039,-2634
6001,2396,1,17265,1402730977,-7363,-3741
6001,2396,2,17266,1403589970,-5313,-3277
6001,2396,3,17267,1404448963,1663,-5301
6001,2397,0,17268,1405307956,4470,-1162
6001,2397,1,17269,1406166949,-3076,1035
6001,2397,2,17270,1407025942,-1369,6275
6001,2397,3,17271,1407884935,6526,6342
6001,2398,0,17272,1408743928,-1679,-4913
6001,2398,1,17273,1409602921,-2760,-3551
6001,2398,2,17274,1410461914,2647,6319
6001,2398,3,17275,1411320907,-1564,5112
6001,2399,0,17276,1412179900,-1379,-3520
6001,2399,1,17277,1413038893,3409,-3728
6001,2399,2,17278,1413897886,2981,2397
6001,2399,3,17279,1414756879,-3048,856
6001,2400,0,17280,1415615872,2192,-74
6001,2400,1,17281,1416474865,7260,-707
6001,2400,2,17282,1417333858,-6496,-937
6001,2400,3,17283,1418192851,-5524,2702
6001,2401,0,17284,1419051844,2426,-5335
6001,2401,1,17285,1419910837,-4492,-4751
6001,2401,2,17286,1420769830,-1996,5011
6001,2401,3,17287,1421628823,5325,-4731
6001,2402,0,17288,1422487816,6385,-6513
6001,2402,1,17289,1423346809,-3409,1572
6001,2402,2,17290,1424205802,-14231,841
6001,2402,3,17291,1425064795,-3122,3718
6001,2403,0,17292,1425923788,2996,-651
6001,2403,1,17293,1426782781,-2154,-3744
6001,2403,2,17294,1427641774,3233,4456
6001,2403,3,17295,1428500767,1659,-832
6001,2404,0,17296,1429359760,-3082,-5653
6001,2404,1,17297,1430218753,2739,356
6001,2404,2,17298,1431077746,2985,-4174
6001,2404,3,17299,1431936739,-894,-6809
6001,2405,0,17300,1432795732,2073,-439
6001,2405,1,17301,1433654725,3605,-443
6001,2405,2,17302,1434513718,2710,916
6001,2405,3,17303,1435372711,1574,3219
6001,2406,0,17304,1436231704,-3020,1751
6001,2406,1,17305,1437090697,833,4134
6001,2406,2,17306,1437949690,2872,-628
6001,2406,3,17307,1438808683,-6898,-3312
6001,2407,0,17308,1439667676,-3924,4628
6001,2407,1,17309,1440526669,914,2454
6001,2407,2,17310,1441385662,-1211,3422
6001,2407,3,17311,1442244655,1657,5560
6001,2408,0,17312,1443103648,-2198,-4182
6001,2408,1,17313,1443962641,962,-1591
6001,2408,2,17314,1444821634,7923,1912
6001,2408,3,17315,1445680627,-686,-2504
6001,2409,0,17316,1446539620,1323,334
6001,2409,1,17317,1447398613,8497,2617
6001,2409,2,17318,1448257606,-188,4801
6001,2409,3,17319,1449116599,-4530,3688
6001,2410,0,17320,1449975592,2860,3240
6001,2410,1,17321,1450834585,5457,6163
6001,2410,2,17322,1451693578,763,-893
6001,2410,3,17323,1452552571,2492,-43
6001,2411,0,17324,1453411564,6295,4595
6001,2411,1,17325,1454270557,4212,1844
6001,2411,2,17326,1455129550,1644,6017
6001,2411,3,17327,1455988543,-2302,1769
6001,2412,0,17328,1456847536,-2164,-2100
6001,2412,1,17329,1457706529,-256,1947
6001,2412,2,17330,1458565522,-3331,-4692
6001,2412,3,17331,1459424515,-4254,-1926
6001,2413,0,17332,1460283508,-4410,4554
6001,2413,1,17333,1461142501,-1742,-286
6001,2413,2,17334,1462001494,2893,1648
6001,2413,3,17335,1462860487,1059,2861
6001,2414,0,17336,1463719480,-1586,-159
6001,2414,1,17337,1464578473,1505,1125
6001,2414,2,17338,1465437466,5905,945
6001,2414,3,17339,1466296459,1825,-3019
6001,2415,0,17340,1467155452,1560,-5757
6001,2415,1,17341,1468014445,7906,-2014
6001,2415,2,17342,1468873438,-190,-117
6001,2415,3,17343,1469732431,-4538,-1357
6001,2416,0,17344,1470591424,1965,426
6001,2416,1,17345,1471450417,3085,721
6001,2416,2,17346,1472309410,5011,1530
6001,2416,3,17347,1473168403,4269,-2474
6001,2417,0,17348,1474027396,5158,-4553
6001,2417,1,17349,1474886389,1080,5484
6001,2417,2,17350,1475745382,-8549,2796
6001,2417,3,17351,1476604375,2481,-3851
6001,2418,0,17352,1477463368,3413,3655
6001,2418,1,17353,1478322361,-8191,2432
6001,2418,2,17354,1479181354,-339,607
6001,2418,3,17355,1480040347,-3204,6682
6001,2419,0,17356,1480899340,-8514,1931
6001,2419,1,17357,1481758333,-332,-3090
6001,2419,2,17358,1482617326,-535,2013
6001,2419,3,17359,1483476319,801,5424
6001,2420,0,17360,1484335312,-628,638
6001,2420,1,17361,1485194305,-3265,-6052
6001,2420,2,17362,1486053298,4188,-3653
6001,2420,3,17363,1486912291,4286,2225
6001,2421,0,17364,1487771284,4441,1200
6001,2421,1,17365,1488630277,2001,-490
6001,2421,2,17366,1489489270,-10323,506
6001,2421,3,17367,1490348263,-5915,473
6001,2422,0,17368,1491207256,661,2929
6001,2422,1,17369,1492066249,-8020,5520
6001,2422,2,17370,1492925242,-5221,390
6001,2422,3,17371,1493784235,3739,-3880
6001,2423,0,17372,1494643228,-404,-1326
6001,2423,1,17373,1495502221,-2571,775
6001,2423,2,17374,1496361214,342,2772
6001,2423,3,17375,1497220207,-3387,2074
6001,2424,0,17376,1498079200,-2944,-1909
6001,2424,1,17377,1498938193,3441,-2907
6001,2424,2,17378,1499797186,5449,-3557
6001,2424,3,17379,1500656179,5747,-344
6001,2425,0,17380,1501515172,-1871,673
6001,2425,1,17381,1502374165,-9040,-6929
6001,2425,2,17382,1503233158,-4551,-2486
6001,2425,3,17383,1504092151,-6138,6795
6001,2426,0,17384,1504951144,-3354,4996
6001,2426,1,17385,1505810137,6674,3167
6001,2426,2,17386,1506669130,2729,330
6001,2426,3,17387,1507528123,3730,2332
6001,2427,0,17388,1508387116,6733,4716
6001,2427,1,17389,1509246109,-1672,-5099
6001,2427,2,17390,1510105102,-891,-3812
6001,2427,3,17391,1510964095,1938,3775
6001,2428,0,17392,1511823088,1721,264
6001,2428,1,17393,1512682081,4054,10
6001,2428,2,17394,1513541074,-916,627
6001,2428,3,17395,1514400067,-5599,-335
6001,2429,0,17396,1515259060,596,-811
6001,2429,1,17397,1516118053,10366,-563
6001,2429,2,17398,1516977046,3624,4518
6001,2429,3,17399,1517836039,-5802,1264
6001,2430,0,17400,1518695032,3387,-1358
6001,2430,1,17401,1519554025,2177,3383
6001,2430,2,17402,1520413018,-1585,-3631
6001,2430,3,17403,1521272011,800,-5416
6001,2431,0,17404,1522131004,-7707,1682
6001,2431,1,17405,1522989997,-398,-1574
6001,2431,2,17406,1523848990,1409,-1166
6001,2431,3,17407,1524707983,-9367,2339
6001,2432,0,17408,1525566976,1108,-2303
6001,2432,1,17409,1526425969,1227,-3767
6001,2432,2,17410,1527284962,381,-1457
6001,2432,3,17411,1528143955,6234,-2484
6001,2433,0,17412,1529002948,-4682,-437
6001,2433,1,17413,1529861941,-1333,5895
6001,2433,2,17414,1530720934,576,3855
6001,2433,3,17415,1531579927,-6602,-3366
6001,2434,0,17416,1532438920,-385,-1793
6001,2434,1,17417,1533297913,-5129,2329
6001,2434,2,17418,1534156906,-6149,1409
6001,2434,3,17419,1535015899,1914,848
6001,2435,0,17420,1535874892,-3240,1841
6001,2435,1,17421,1536733885,-6222,-35
6001,2435,2,17422,1537592878,-4180,-4128
6001,2435,3,17423,1538451871,-1504,-5092
6001,2436,0,17424,1539310864,-607,-1561
6001,2436,1,17425,1540169857,-2959,1958
6001,2436,2,17426,1541028850,-4112,1371
6001,2436,3,17427,1541887843,-5531,437
6001,2437,0,17428,1542746836,-1486,-220
6001,2437,1,17429,1543605829,639,-2001
6001,2437,2,17430,1544464822,-3987,2862
6001,2437,3,17431,1545323815,-5590,8552
6001,2438,0,17432,1546182808,-1465,8680
6001,2438,1,17433,1547041801,5136,6774
6001,2438,2,17434,1547900794,2318,-2471
6001,2438,3,17435,1548759787,-1738,-6204
6001,2439,0,17436,1549618780,-4560,769
6001,2439,1,17437,1550477773,-9951,746
6001,2439,2,17438,1551336766,-3856,-538
6001,2439,3,17439,1552195759,-3110,-128
6001,2440,0,17440,1553054752,-2497,-530
6001,2440,1,17441,1553913745,3966,1602
6001,2440,2,17442,1554772738,-6447,-344
6001,2440,3,17443,1555631731,-5202,-346
6001,2441,0,17444,1556490724,2536,-434
6001,2441,1,17445,1557349717,-4986,-2149
6001,2441,2,17446,1558208710,-2739,6380
6001,2441,3,17447,1559067703,1187,5287
6001,2442,0,17448,1559926696,-343,-4897
6001,2442,1,17449,1560785689,-3378,-1324
6001,2442,2,17450,1561644682,-4047,-2575
6001,2442,3,17451,1562503675,2803,-8957
6001,2443,0,17452,1563362668,4798,-2459
6001,2443,1,17453,1564221661,8312,1006
6001,2443,2,17454,1565080654,2916,-1301
6001,2443,3,17455,1565939647,-5056,2708
6001,2444,0,17456,1566798640,5307,4324
6001,2444,1,17457,1567657633,100,577
6001,2444,2,17458,1568516626,-6611,-1136
6001,2444,3,17459,1569375619,736,-1367
6001,2445,0,17460,1570234612,-3464,-2659
6001,2445,1,17461,1571093605,340,-3401
6001,2445,2,17462,1571952598,5157,2043
6001,2445,3,17463,1572811591,-1962,4876
6001,2446,0,17464,1573670584,-2975,-1123
6001,2446,1,17465,1574529577,260,1318
6001,2446,2,17466,1575388570,245,2306
6001,2446,3,17467,1576247563,-4855,-5043
6001,2447,0,17468,1577106556,1145,963
6001,2447,1,17469,1577965549,6189,2383
6001,2447,2,17470,1578824542,-1875,-5812
6001,2447,3,17471,1579683535,3229,-2482
6001,2448,0,17472,1580542528,1362,-2019
6001,2448,1,17473,1581401521,-6826,-4645
6001,2448,2,17474,1582260514,-494,-4463
6001,2448,3,17475,1583119507,-376,-6528
6001,2449,0,17476,1583978500,3947,-3919
6001,2449,1,17477,1584837493,6160,-3835
6001,2449,2,17478,1585696486,-3754,-1437
6001,2449,3,17479,1586555479,-2256,6337
6001,2450,0,17480,1587414472,1737,1969
6001,2450,1,17481,1588273465,3123,-3650
6001,2450,2,17482,1589132458,501,-5134
6001,2450,3,17483,1589991451,-6745,-8578
6001,2451,0,17484,1590850444,-4117,-2479
6001,2451,1,17485,1591709437,891,5095
6001,2451,2,17486,1592568430,2613,211
6001,2451,3,17487,1593427423,-1472,-3935
6001,2452,0,17488,1594286416,-1773,2313
6001,2452,1,17489,1595145409,9717,1936
6001,2452,2,17490,1596004402,6925,-4678
6001,2452,3,17491,1596863395,-3166,1145
6001,2453,0,17492,1597722388,-3852,2051
6001,2453,1,17493,1598581381,-3521,-4676
6001,2453,2,17494,1599440374,-1520,1648
6001,2453,3,17495,1600299367,-4288,2401
6001,2454,0,17496,1601158360,-4762,-3488
6001,2454,1,17497,1602017353,924,2229
6001,2454,2,17498,1602876346,-1455,4099
6001,2454,3,17499,1603735339,-2999,699
6001,2455,0,17500,1604594332,-2279,1789
6001,2455,1,17501,1605453325,-2887,1697
6001,2455,2,17502,1606312318,957,3803
6001,2455,3,17503,1607171311,750,4416
6001,2456,0,17504,1608030304,-3326,-849
6001,2456,1,17505,1608889297,-3371,2700
6001,2456,2,17506,1609748290,-1609,7274
6001,2456,3,17507,1610607283,-1203,-633
6001,2457,0,17508,1611466276,-254,-1505
6001,2457,1,17509,1612325269,3023,5436
6001,2457,2,17510,1613184262,4550,4639
6001,2457,3,17511,1614043255,3996,5174
6001,2458,0,17512,1614902248,1397,3878
6001,2458,1,17513,1615761241,261,-5667
6001,2458,2,17514,1616620234,5447,-7652
6001,2458,3,17515,1617479227,4900,-2377
6001,2459,0,17516,1618338220,294,1386
6001,2459,1,17517,1619197213,2406,4310
6001,2459,2,17518,1620056206,1966,1727
6001,2459,3,17519,1620915199,-725,-2771
6001,2460,0,17520,1621774192,-1843,-2264
6001,2460,1,17521,1622633185,-1714,-3837
6001,2460,2,17522,1623492178,232,-5358
6001,2460,3,17523,1624351171,-4525,3032
6001,2461,0,17524,1625210164,-2595,9063
6001,2461,1,17525,1626069157,5784,2313
6001,2461,2,17526,1626928150,-4002,-1783
6001,2461,3,17527,1627787143,-8848,1310
6001,2462,0,17528,1628646136,-817,4235
6001,2462,1,17529,1629505129,-2733,8090
6001,2462,2,17530,1630364122,-3403,2819
6001,2462,3,17531,1631223115,-3014,-5671
6001,2463,0,17532,1632082108,-1348,1314
6001,2463,1,17533,1632941101,4359,359
6001,2463,2,17534,1633800094,-45,-13455
6001,2463,3,17535,1634659087,-832,-8670
6001,2464,0,17536,1635518080,419,3393
6001,2464,1,17537,1636377073,-2627,4323
6001,2464,2,17538,1637236066,611,3572
6001,2464,3,17539,1638095059,-870,4191
6001,2465,0,17540,1638954052,5432,3848
6001,2465,1,17541,1639813045,10752,2206
6001,2465,2,17542,1640672038,-4215,1584
6001,2465,3,17543,1641531031,-2142,27
6001,2466,0,17544,1642390024,6802,-605
6001,2466,1,17545,1643249017,1110,1363
6001,2466,2,17546,1644108010,3559,-2439
6001,2466,3,17547,1644967003,3431,-1793
6001,2467,0,17548,1645825996,-3035,-904
6001,2467,1,17549,1646684989,-1057,-5346
6001,2467,2,17550,1647543982,3163,3939
6001,2467,3,17551,1648402975,1698,2017
6001,2468,0,17552,1649261968,-244,-6719
6001,2468,1,17553,1650120961,3071,4552
6001,2468,2,17554,1650979954,2873,479
6001,2468,3,17555,1651838947,1610,-2358
6001,2469,0,17556,1652697940,-660,9158
6001,2469,1,17557,1653556933,-3080,1956
6001,2469,2,17558,1654415926,4594,1839
6001,2469,3,17559,1655274919,2261,4138
6001,2470,0,17560,1656133912,-918,-4801
6001,2470,1,17561,1656992905,6662,-1103
6001,2470,2,17562,1657851898,-280,-167
6001,2470,3,17563,1658710891,-3313,-2968
6001,2471,0,17564,1659569884,-1311,-4345
6001,2471,1,17565,1660428877,-4875,-4268
6001,2471,2,17566,1661287870,3911,6349
6001,2471,3,17567,1662146863,6129,3227
6001,2472,0,17568,1663005856,-1601,-3019
6001,2472,1,17569,1663864849,-6912,1530
6001,2472,2,17570,1664723842,-6712,-5050
6001,2472,3,17571,1665582835,4393,-3918
6001,2473,0,17572,1666441828,4893,3058
6001,2473,1,17573,1667300821,-138,-2525
6001,2473,2,17574,1668159814,-1517,-3179
6001,2473,3,17575,1669018807,-8422,-2253
6001,2474,0,17576,1669877800,-3986,-2052
6001,2474,1,17577,1670736793,2074,3034
6001,2474,2,17578,1671595786,-1111,-200
6001,2474,3,17579,1672454779,-965,-4857
6001,2475,0,17580,1673313772,-203,952
6001,2475,1,17581,1674172765,1493,3573
6001,2475,2,17582,1675031758,1275,-1429
6001,2475,3,17583,1675890751,-206,-2993
6001,2476,0,17584,1676749744,524,-4920
6001,2476,1,17585,1677608737,1757,-9135
6001,2476,2,17586,1678467730,3831,-4626
6001,2476,3,17587,1679326723,-1072,2237
6001,2477,0,17588,1680185716,-1672,-1194
6001,2477,1,17589,1681044709,4306,-5676
6001,2477,2,17590,1681903702,777,-1044
6001,2477,3,17591,1682762695,-1388,3657
6001,2478,0,17592,1683621688,-327,4082
6001,2478,1,17593,1684480681,1981,1337
6001,2478,2,17594,1685339674,4771,-4200
6001,2478,3,17595,1686198667,931,749
6001,2479,0,17596,1687057660,5688,5551
6001,2479,1,17597,1687916653,9018,-1965
6001,2479,2,17598,1688775646,-3795,-752
6001,2479,3,17599,1689634639,-9214,-404
6001,2480,0,17600,1690493632,-3178,-7877
6001,2480,1,17601,1691352625,918,-3588
6001,2480,2,17602,1692211618,-692,-2563
6001,2480,3,17603,1693070611,-2448,-9238
6001,2481,0,17604,1693929604,1042,-4909
6001,2481,1,17605,1694788597,1002,645
6001,2481,2,17606,1695647590,-1501,-4296
6001,2481,3,17607,1696506583,1314,-3975
6001,2482,0,17608,1697365576,2451,3802
6001,2482,1,17609,1698224569,-1177,-588
6001,2482,2,17610,1699083562,-2578,-3266
6001,2482,3,17611,1699942555,-1280,3457
6001,2483,0,17612,1700801548,1389,1752
6001,2483,1,17613,1701660541,4003,304
6001,2483,2,17614,1702519534,-485,-1108
6001,2483,3,17615,1703378527,-1308,-2919
6001,2484,0,17616,1704237520,6900,-2394
6001,2484,1,17617,1705096513,6043,-8451
6001,2484,2,17618,1705955506,1891,-2455
6001,2484,3,17619,1706814499,442,5015
6001,2485,0,17620,1707673492,-2891,-2116
6001,2485,1,17621,1708532485,-839,-1540
6001,2485,2,17622,1709391478,-4433,-544
6001,2485,3,17623,1710250471,-8476,122
6001,2486,0,17624,1711109464,1807,4207
6001,2486,1,17625,1711968457,2250,1619
6001,2486,2,17626,1712827450,-3621,2664
6001,2486,3,17627,1713686443,1915,2770
6001,2487,0,17628,1714545436,262,-323
6001,2487,1,17629,1715404429,-421,-3803
6001,2487,2,17630,1716263422,5292,-5103
6001,2487,3,17631,1717122415,-4449,4995
6001,2488,0,17632,1717981408,-5914,3925
6001,2488,1,17633,1718840401,5423,-4798
6001,2488,2,17634,1719699394,-119,-2069
6001,2488,3,17635,1720558387,-1925,-2240
6001,2489,0,17636,1721417380,3359,-645
6001,2489,1,17637,1722276373,1045,3300
6001,2489,2,17638,1723135366,3184,4473
6001,2489,3,17639,1723994359,687,4537
6001,2490,0,17640,1724853352,-3597,-1337
6001,2490,1,17641,1725712345,-1574,-1395
6001,2490,2,17642,1726571338,-126,1359
6001,2490,3,17643,1727430331,2797,1111
6001,2491,0,17644,1728289324,-1474,713
6001,2491,1,17645,1729148317,-2308,-5871
6001,2491,2,17646,1730007310,-50,-3440
6001,2491,3,17647,1730866303,-4649,6373
6001,2492,0,17648,1731725296,5566,6468
6001,2492,1,17649,1732584289,7790,808
6001,2492,2,17650,1733443282,-1874,-5800
6001,2492,3,17651,1734302275,3505,-4961
6001,2493,0,17652,1735161268,3054,-2669
6001,2493,1,17653,1736020261,2796,-2957
6001,2493,2,17654,1736879254,2887,4554
6001,2493,3,17655,1737738247,-4236,5588
6001,2494,0,17656,1738597240,-2134,-5019
6001,2494,1,17657,1739456233,-5708,-7242
6001,2494,2,17658,1740315226,-3425,1531
6001,2494,3,17659,1741174219,3683,1935
6001,2495,0,17660,1742033212,-3133,-2904
6001,2495,1,17661,1742892205,1369,2843
6001,2495,2,17662,1743751198,1862,-541
6001,2495,3,17663,1744610191,-3978,-8709
6001,2496,0,17664,1745469184,2397,308
6001,2496,1,17665,1746328177,-648,4738
6001,2496,2,17666,1747187170,-3588,-244
6001,2496,3,17667,1748046163,-2044,-2742
6001,2497,0,17668,1748905156,-232,-3869
6001,2497,1,17669,1749764149,3735,-812
6001,2497,2,17670,1750623142,-4293,1756
6001,2497,3,17671,1751482135,-2873,784
6001,2498,0,17672,1752341128,2898,-1766
6001,2498,1,17673,1753200121,-2778,-379
6001,2498,2,17674,1754059114,4078,5404
6001,2498,3,17675,1754918107,4880,4809
6001,2499,0,17676,1755777100,-3271,1344
6001,2499,1,17677,1756636093,-816,1028
6001,2499,2,17678,1757495086,-1571,2078
6001,2499,3,17679,1758354079,2565,480
6001,2500,0,17680,1759213072,5460,-1676
6001,2500,1,17681,1760072065,-3478,1064
6001,2500,2,17682,1760931058,-363,-2404
6001,2500,3,17683,1761790051,4172,-5171
6001,2501,0,17684,1762649044,-1125,-195
6001,2501,1,17685,1763508037,1864,-677
6001,2501,2,17686,1764367030,4547,1188
6001,2501,3,17687,1765226023,-518,2210
6001,2502,0,17688,1766085016,900,662
6001,2502,1,17689,1766944009,3971,3883
6001,2502,2,17690,1767803002,-2872,-335
6001,2502,3,17691,1768661995,-5755,-2654
6001,2503,0,17692,1769520988,1316,-852
6001,2503,1,17693,1770379981,1178,-1387
6001,2503,2,17694,1771238974,-1201,2451
6001,2503,3,17695,1772097967,-153,-210
6001,2504,0,17696,1772956960,-6829,-3419
6001,2504,1,17697,1773815953,-7326,-2176
6001,2504,2,17698,1774674946,-1556,-1208
6001,2504,3,17699,1775533939,-3089,3898
6001,2505,0,17700,1776392932,-874,613
6001,2505,1,17701,1777251925,-1901,-493
6001,2505,2,17702,1778110918,-3710,5302
6001,2505,3,17703,1778969911,2273,1062
6001,2506,0,17704,1779828904,-836,-520
6001,2506,1,17705,1780687897,-318,-1168
6001,2506,2,17706,1781546890,2894,-2160
6001,2506,3,17707,1782405883,-819,3387
6001,2507,0,17708,1783264876,5517,2519
6001,2507,1,17709,1784123869,4169,-1026
6001,2507,2,17710,1784982862,-539,-3724
6001,2507,3,17711,1785841855,3194,-2115
6001,2508,0,17712,1786700848,-2267,3903
6001,2508,1,17713,1787559841,1779,2488
6001,2508,2,17714,1788418834,4695,3405
6001,2508,3,17715,1789277827,-2886,1797
6001,2509,0,17716,1790136820,3947,-3905
6001,2509,1,17717,1790995813,3044,735
6001,2509,2,17718,1791854806,-751,-340
6001,2509,3,17719,1792713799,3911,-3351
6001,2510,0,17720,1793572792,-4462,1100
6001,2510,1,17721,1794431785,-6524,-446
6001,2510,2,17722,1795290778,-429,601
6001,2510,3,17723,1796149771,-674,2994
6001,2511,0,17724,1797008764,476,-2039
6001,2511,1,17725,1797867757,17,-3317
6001,2511,2,17726,1798726750,2323,-1477
6001,2511,3,17727,1799585743,5032,-1701
6001,2512,0,17728,1800444736,1240,-62
6001,2512,1,17729,1801303729,671,3440
6001,2512,2,17730,1802162722,3862,5004
6001,2512,3,17731,1803021715,4387,3364
6001,2513,0,17732,1803880708,-8,1062
6001,2513,1,17733,1804739701,-1119,-1604
6001,2513,2,17734,1805598694,2708,-6609
6001,2513,3,17735,1806457687,2662,-7892
6001,2514,0,17736,1807316680,4511,-1298
6001,2514,1,17737,1808175673,5820,654
6001,2514,2,17738,1809034666,3778,-4127
6001,2514,3,17739,1809893659,6633,-2198
6001,2515,0,17740,1810752652,5174,3905
6001,2515,1,17741,1811611645,-1054,4031
6001,2515,2,17742,1812470638,-1914,866
6001,2515,3,17743,1813329631,401,4601
6001,2516,0,17744,1814188624,5335,6360
6001,2516,1,17745,1815047617,3865,-2910
6001,2516,2,17746,1815906610,-2497,-3735
6001,2516,3,17747,1816765603,2994,340
6001,2517,0,17748,1817624596,2367,1076
6001,2517,1,17749,1818483589,-6456,4294
6001,2517,2,17750,1819342582,2053,-6658
6001,2517,3,17751,1820201575,5458,-10241
6001,2518,0,17752,1821060568,-2262,4505
6001,2518,1,17753,1821919561,833,3132
6001,2518,2,17754,1822778554,66,4424
6001,2518,3,17755,1823637547,-4713,7056
6001,2519,0,17756,1824496540,-6647,-5204
6001,2519,1,17757,1825355533,-3710,-1815
6001,2519,2,17758,1826214526,7891,1277
6001,2519,3,17759,1827073519,3443,-3939
6001,2520,0,17760,1827932512,-2592,-219
6001,2520,1,17761,1828791505,8153,-3303
6001,2520,2,17762,1829650498,5168,-2894
6001,2520,3,17763,1830509491,-1787,-1397
6001,2521,0,17764,1831368484,1095,-8119
6001,2521,1,17765,1832227477,310,-1506
6001,2521,2,17766,1833086470,356,3290
6001,2521,3,17767,1833945463,4448,-2293
6001,2522,0,17768,1834804456,5919,-3583
6001,2522,1,17769,1835663449,-1119,-5442
6001,2522,2,17770,1836522442,-1599,-4321
6001,2522,3,17771,1837381435,3678,-1977
6001,2523,0,17772,1838240428,-4059,-3462
6001,2523,1,17773,1839099421,-4089,-939
6001,2523,2,17774,1839958414,2976,3515
6001,2523,3,17775,1840817407,2393,2234
6001,2524,0,17776,1841676400,3530,-2249
6001,2524,1,17777,1842535393,117,-80
6001,2524,2,17778,1843394386,-1925,1673
6001,2524,3,17779,1844253379,-3516,-592
6001,2525,0,17780,1845112372,-7333,3506
6001,2525,1,17781,1845971365,928,2024
6001,2525,2,17782,1846830358,2263,122
6001,2525,3,17783,1847689351,-2217,9270
6001,2526,0,17784,1848548344,892,6627
6001,2526,1,17785,1849407337,-4434,-3552
6001,2526,2,17786,1850266330,-9128,-3296
6001,2526,3,17787,1851125323,-5343,833
6001,2527,0,17788,1851984316,-2754,3513
6001,2527,1,17789,1852843309,-1910,1132
6001,2527,2,17790,1853702302,-1335,55
6001,2527,3,17791,1854561295,-567,7095
6001,2528,0,17792,1855420288,250,10142
6001,2528,1,17793,1856279281,3912,2658
6001,2528,2,17794,1857138274,3374,-2905
6001,2528,3,17795,1857997267,1091,-6
6001,2529,0,17796,1858856260,3638,373
6001,2529,1,17797,1859715253,-1693,-1755
6001,2529,2,17798,1860574246,-3619,-4419
6001,2529,3,17799,1861433239,1017,-9730
6001,2530,0,17800,1862292232,-298,-5138
6001,2530,1,17801,1863151225,1951,2418
6001,2530,2,17802,1864010218,1247,4033
6001,2530,3,17803,1864869211,-2209,3469
6001,2531,0,17804,1865728204,-2989,-4709
6001,2531,1,17805,1866587197,-5442,-832
6001,2531,2,17806,1867446190,-2357,9872
6001,2531,3,17807,1868305183,-2377,-2994
6001,2532,0,17808,1869164176,-694,-8346
6001,2532,1,17809,1870023169,1770,6048
6001,2532,2,17810,1870882162,-8427,5206
6001,2532,3,17811,1871741155,-3236,-3982
6001,2533,0,17812,1872600148,5889,-1502
6001,2533,1,17813,1873459141,-2887,856
6001,2533,2,17814,1874318134,-2447,-3963
6001,2533,3,17815,1875177127,-162,-2111
6001,2534,0,17816,1876036120,-2518,1833
6001,2534,1,17817,1876895113,2969,-627
6001,2534,2,17818,1877754106,4961,1634
6001,2534,3,17819,1878613099,870,839
6001,2535,0,17820,1879472092,-983,-2862
6001,2535,1,17821,1880331085,1695,1031
6001,2535,2,17822,1881190078,2510,-2580
6001,2535,3,17823,1882049071,773,-6652
6001,2536,0,17824,1882908064,-2428,16
6001,2536,1,17825,1883767057,-9097,1940
6001,2536,2,17826,1884626050,-4968,586
6001,2536,3,17827,1885485043,1919,1177
6001,2537,0,17828,1886344036,825,-498
6001,2537,1,17829,1887203029,3423,-2944
6001,2537,2,17830,1888062022,-750,-3479
6001,2537,3,17831,1888921015,-3816,-865
6001,2538,0,17832,1889780008,3149,-1105
6001,2538,1,17833,1890639001,1087,-1046
6001,2538,2,17834,1891497994,-1435,6713
6001,2538,3,17835,1892356987,-2417,7466
6001,2539,0,17836,1893215980,-2465,3082
6001,2539,1,17837,1894074973,6844,5437
6001,2539,2,17838,1894933966,3431,-371
6001,2539,3,17839,1895792959,-5183,-4746
6001,2540,0,17840,1896651952,1311,1510
6001,2540,1,17841,1897510945,3118,-4470
6001,2540,2,17842,1898369938,-447,-9114
6001,2540,3,17843,1899228931,2683,-5344
6001,2541,0,17844,1900087924,3484,-8364
6001,2541,1,17845,1900946917,-1579,-2164
6001,2541,2,17846,1901805910,-2696,3984
6001,2541,3,17847,1902664903,655,-4133
6001,2542,0,17848,1903523896,-14,-6890
6001,2542,1,17849,1904382889,2365,522
6001,2542,2,17850,1905241882,5794,4571
6001,2542,3,17851,1906100875,-522,-4421
6001,2543,0,17852,1906959868,-1541,-2849
6001,2543,1,17853,1907818861,2988,8685
6001,2543,2,17854,1908677854,1568,1231
6001,2543,3,17855,1909536847,2759,1578
6001,2544,0,17856,1910395840,4077,4971
6001,2544,1,17857,1911254833,3548,-2661
6001,2544,2,17858,1912113826,3710,4675
6001,2544,3,17859,1912972819,-1024,1672
6001,2545,0,17860,1913831812,-921,-2467
6001,2545,1,17861,1914690805,4930,5870
6001,2545,2,17862,1915549798,4484,-6293
6001,2545,3,17863,1916408791,3663,-4866
6001,2546,0,17864,1917267784,4494,8574
6001,2546,1,17865,1918126777,1765,337
6001,2546,2,17866,1918985770,-536,-1132
6001,2546,3,17867,1919844763,-1323,752
6001,2547,0,17868,1920703756,-1970,-4728
6001,2547,1,17869,1921562749,-474,-5276
6001,2547,2,17870,1922421742,-1043,-2522
6001,2547,3,17871,1923280735,-5610,38
6001,2548,0,17872,1924139728,-3189,-2213
6001,2548,1,17873,1924998721,1639,-2348
6001,2548,2,17874,1925857714,-3727,670
6001,2548,3,17875,1926716707,-4710,824
6001,2549,0,17876,1927575700,1640,-1402
6001,2549,1,17877,1928434693,-94,-1726
6001,2549,2,17878,1929293686,-1998,6670
6001,2549,3,17879,1930152679,-999,4503
6001,2550,0,17880,1931011672,-3073,-4099
6001,2550,1,17881,1931870665,-1337,2218
6001,2550,2,17882,1932729658,-559,5337
6001,2550,3,17883,1933588651,-1246,3450
6001,2551,0,17884,1934447644,4630,-1672
6001,2551,1,17885,1935306637,4871,-5078
6001,2551,2,17886,1936165630,1715,5253
6001,2551,3,17887,1937024623,5576,3024
6001,2552,0,17888,1937883616,678,-5110
6001,2552,1,17889,1938742609,-9376,942
6001,2552,2,17890,1939601602,-4674,2643
6001,2552,3,17891,1940460595,4495,468
6001,2553,0,17892,1941319588,2623,1107
6001,2553,1,17893,1942178581,-623,-11
6001,2553,2,17894,1943037574,3067,-3133
6001,2553,3,17895,1943896567,453,-2281
6001,2554,0,17896,1944755560,-3110,-2713
6001,2554,1,17897,1945614553,2675,-6971
6001,2554,2,17898,1946473546,301,271
6001,2554,3,17899,1947332539,-2320,724
6001,2555,0,17900,1948191532,2765,-4411
6001,2555,1,17901,1949050525,1828,2795
6001,2555,2,17902,1949909518,4816,-1708
6001,2555,3,17903,1950768511,6673,-5064
6001,2556,0,17904,1951627504,2640,-3903
6001,2556,1,17905,1952486497,1028,-8820
6001,2556,2,17906,1953345490,-5802,-189
6001,2556,3,17907,1954204483,-4637,383
6001,2557,0,17908,1955063476,1405,-2206
6001,2557,1,17909,1955922469,1461,3034
6001,2557,2,17910,1956781462,5454,-2628
6001,2557,3,17911,1957640455,-149,88
6001,2558,0,17912,1958499448,-2836,956
6001,2558,1,17913,1959358441,3793,-2538
6001,2558,2,17914,1960217434,-532,2009
6001,2558,3,17915,1961076427,2305,-3152
6001,2559,0,17916,1961935420,5160,-2352
6001,2559,1,17917,1962794413,-693,171
6001,2559,2,17918,1963653406,803,-342
6001,2559,3,17919,1964512399,-8749,-3780
6001,2560,0,18432,2405175808,146,-668
6001,2560,1,18433,2406034801,48,2174
6001,2560,2,18434,2406893794,-2422,1257
6001,2560,3,18435,2407752787,2846,-3465
6001,2561,0,18436,2408611780,-3224,3515
6001,2561,1,18437,2409470773,-15,3761
6001,2561,2,18438,2410329766,1343,1436
6001,2561,3,18439,2411188759,-2721,-747
6001,2562,0,18440,2412047752,3318,-6658
6001,2562,1,18441,2412906745,-4872,-3043
6001,2562,2,18442,2413765738,-7657,1045
6001,2562,3,18443,2414624731,-3703,3792
6001,2563,0,18444,2415483724,-6247,6329
6001,2563,1,18445,2416342717,1867,2767
6001,2563,2,18446,2417201710,-953,2636
6001,2563,3,18447,2418060703,-3710,219
6001,2564,0,18448,2418919696,3143,-2212
6001,2564,1,18449,2419778689,-4420,2315
6001,2564,2,18450,2420637682,-5760,-857
6001,2564,3,18451,2421496675,-1099,-2971
6001,2565,0,18452,2422355668,-3660,2489
6001,2565,1,18453,2423214661,-1960,972
6001,2565,2,18454,2424073654,924,6
6001,2565,3,18455,2424932647,128,4788
6001,2566,0,18456,2425791640,909,1412
6001,2566,1,18457,2426650633,4245,-8240
6001,2566,2,18458,2427509626,-1838,-6160
6001,2566,3,18459,2428368619,-3658,4335
6001,2567,0,18460,2429227612,6218,4504
6001,2567,1,18461,2430086605,-165,2303
6001,2567,2,18462,2430945598,-6053,5417
6001,2567,3,18463,2431804591,1287,1809
6001,2568,0,18464,2432663584,4438,-1063
6001,2568,1,18465,2433522577,5247,492
6001,2568,2,18466,2434381570,-1422,-2907
6001,2568,3,18467,2435240563,-1349,-2328
6001,2569,0,18468,2436099556,7996,-88
6001,2569,1,18469,2436958549,2778,-1597
6001,2569,2,18470,2437817542,-2841,1346
6001,2569,3,18471,2438676535,27,-878
6001,2570,0,18472,2439535528,1821,-5742
6001,2570,1,18473,2440394521,-427,-532
6001,2570,2,18474,2441253514,-3131,44
6001,2570,3,18475,2442112507,-38,-5617
6001,2571,0,18476,2442971500,-233,-3726
6001,2571,1,18477,2443830493,-3928,-553
6001,2571,2,18478,2444689486,-5536,-2085
6001,2571,3,18479,2445548479,-2044,-2119
6001,2572,0,18480,2446407472,1290,-797
6001,2572,1,18481,2447266465,-2518,-147
6001,2572,2,18482,2448125458,5009,3994
6001,2572,3,18483,2448984451,4057,4982
6001,2573,0,18484,2449843444,-10065,2238
6001,2573,1,18485,2450702437,277,5526
6001,2573,2,18486,2451561430,2999,3003
6001,2573,3,18487,2452420423,-3017,-2738
6001,2574,0,18488,2453279416,5532,2194
6001,2574,1,18489,2454138409,-365,4024
6001,2574,2,18490,2454997402,-490,3510
6001,2574,3,18491,2455856395,5057,4702
6001,2575,0,18492,2456715388,-1344,1438
6001,2575,1,18493,2457574381,5778,3327
6001,2575,2,18494,2458433374,4749,2099
6001,2575,3,18495,2459292367,-6161,-3477
6001,2576,0,18496,2460151360,49,3009
6001,2576,1,18497,2461010353,3611,5792
6001,2576,2,18498,2461869346,-3468,-109
6001,2576,3,18499,2462728339,-7307,-255
6001,2577,0,18500,2463587332,352,-652
6001,2577,1,18501,2464446325,3513,-2761
6001,2577,2,18502,2465305318,-6760,33
6001,2577,3,18503,2466164311,-7295,3188
6001,2578,0,18504,2467023304,-6580,-115
6001,2578,1,18505,2467882297,-8913,-565
6001,2578,2,18506,2468741290,-535,3899
6001,2578,3,18507,2469600283,-699,-2762
6001,2579,0,18508,2470459276,-4273,-3502
6001,2579,1,18509,2471318269,2718,7899
6001,2579,2,18510,2472177262,3920,3066
6001,2579,3,18511,2473036255,4742,-3118
6001,2580,0,18512,2473895248,8914,-279
6001,2580,1,18513,2474754241,2998,-761
6001,2580,2,18514,2475613234,-2429,2989
6001,2580,3,18515,2476472227,-356,87
6001,2581,0,18516,2477331220,-1624,-4428
6001,2581,1,18517,2478190213,-3958,1989
6001,2581,2,18518,2479049206,-2163,1786
6001,2581,3,18519,2479908199,376,1430
6001,2582,0,18520,2480767192,986,150
6001,2582,1,18521,2481626185,1960,-8412
6001,2582,2,18522,2482485178,2987,-6105
6001,2582,3,18523,2483344171,-3365,-765
6001,2583,0,18524,2484203164,-6444,682
6001,2583,1,18525,2485062157,147,2797
6001,2583,2,18526,2485921150,-945,85
6001,2583,3,18527,2486780143,-1962,-1040
6001,2584,0,18528,2487639136,2030,3175
6001,2584,1,18529,2488498129,-712,5167
6001,2584,2,18530,2489357122,562,-22
6001,2584,3,18531,2490216115,1227,-1973
6001,2585,0,18532,2491075108,-4199,-468
6001,2585,1,18533,2491934101,-1123,-4672
6001,2585,2,18534,2492793094,730,1806
6001,2585,3,18535,2493652087,-4349,3654
6001,2586,0,18536,2494511080,331,-8616
6001,2586,1,18537,2495370073,8733,-2502
6001,2586,2,18538,2496229066,-771,2182
6001,2586,3,18539,2497088059,-9178,-3850
6001,2587,0,18540,2497947052,5194,-889
6001,2587,1,18541,2498806045,7523,-3298
6001,2587,2,18542,2499665038,-4757,-5302
6001,2587,3,18543,2500524031,-405,-2469
6001,2588,0,18544,2501383024,4639,-586
6001,2588,1,18545,2502242017,3162,3046
6001,2588,2,18546,2503101010,-199,355
6001,2588,3,18547,2503960003,-8738,-578
6001,2589,0,18548,2504818996,-7604,-1561
6001,2589,1,18549,2505677989,-2076,-4692
6001,2589,2,18550,2506536982,-1202,1567
6001,2589,3,18551,2507395975,627,2840
6001,2590,0,18552,2508254968,-1929,1096
6001,2590,1,18553,2509113961,-2160,4369
6001,2590,2,18554,2509972954,6503,2959
6001,2590,3,18555,2510831947,10147,936
6001,2591,0,18556,2511690940,3466,-401
6001,2591,1,18557,2512549933,-269,-1698
6001,2591,2,18558,2513408926,3076,-1816
6001,2591,3,18559,2514267919,3152,-3183
6001,2592,0,18560,2515126912,-57,-7467
6001,2592,1,18561,2515985905,-3455,-8862
6001,2592,2,18562,2516844898,319,-719
6001,2592,3,18563,2517703891,10175,852
6001,2593,0,18564,2518562884,5090,-578
6001,2593,1,18565,2519421877,-1075,3643
6001,2593,2,18566,2520280870,4517,-3177
6001,2593,3,18567,2521139863,2059,-6447
6001,2594,0,18568,2521998856,225,-1863
6001,2594,1,18569,2522857849,2066,-1613
6001,2594,2,18570,2523716842,-2230,2124
6001,2594,3,18571,2524575835,-950,2842
6001,2595,0,18572,2525434828,3311,3385
6001,2595,1,18573,2526293821,1756,882
6001,2595,2,18574,2527152814,-1977,-6635
6001,2595,3,18575,2528011807,-2813,17
6001,2596,0,18576,2528870800,-2756,2098
6001,2596,1,18577,2529729793,-5111,-3984
6001,2596,2,18578,2530588786,-4707,2037
6001,2596,3,18579,2531447779,-4197,5762
6001,2597,0,18580,2532306772,-82,2377
6001,2597,1,18581,2533165765,3107,98
6001,2597,2,18582,2534024758,-6331,417
6001,2597,3,18583,2534883751,-5488,-1130
6001,2598,0,18584,2535742744,-526,-225
6001,2598,1,18585,2536601737,-5662,8334
6001,2598,2,18586,2537460730,-1289,2941
6001,2598,3,18587,2538319723,-1808,-2653
6001,2599,0,18588,2539178716,-3477,7737
6001,2599,1,18589,2540037709,1661,3214
6001,2599,2,18590,2540896702,-4839,-7218
6001,2599,3,18591,2541755695,968,-5742
6001,2600,0,18592,2542614688,8492,-1947
6001,2600,1,18593,2543473681,1523,2002
6001,2600,2,18594,2544332674,5933,-755
6001,2600,3,18595,2545191667,-1846,336
6001,2601,0,18596,2546050660,-12880,4935
6001,2601,1,18597,2546909653,505,-3523
6001,2601,2,18598,2547768646,3991,-3197
6001,2601,3,18599,2548627639,-344,5008
6001,2602,0,18600,2549486632,-689,-723
6001,2602,1,18601,2550345625,-5073,-1137
6001,2602,2,18602,2551204618,834,6200
6001,2602,3,18603,2552063611,6697,3931
6001,2603,0,18604,2552922604,2082,-700
6001,2603,1,18605,2553781597,2196,-1909
6001,2603,2,18606,2554640590,4699,2058
6001,2603,3,18607,2555499583,529,7185
6001,2604,0,18608,2556358576,-4852,4376
6001,2604,1,18609,2557217569,-2615,4090
6001,2604,2,18610,2558076562,367,6081
6001,2604,3,18611,2558935555,-5053,2477
6001,2605,0,18612,2559794548,-8740,1943
6001,2605,1,18613,2560653541,-4307,582
6001,2605,2,18614,2561512534,62,-1664
6001,2605,3,18615,2562371527,1721,2539
6001,2606,0,18616,2563230520,3733,5321
6001,2606,1,18617,2564089513,4382,2989
6001,2606,2,18618,2564948506,1839,342
6001,2606,3,18619,2565807499,-1615,3070
6001,2607,0,18620,2566666492,-2127,4412
6001,2607,1,18621,2567525485,-2131,252
6001,2607,2,18622,2568384478,-3695,6
6001,2607,3,18623,2569243471,603,-150
6001,2608,0,18624,2570102464,2854,100
6001,2608,1,18625,2570961457,-563,-2669
6001,2608,2,18626,2571820450,1940,-7641
6001,2608,3,18627,2572679443,-888,431
6001,2609,0,18628,2573538436,-3520,2123
6001,2609,1,18629,2574397429,1766,-582
6001,2609,2,18630,2575256422,-2771,5398
6001,2609,3,18631,2576115415,-2194,-608
6001,2610,0,18632,2576974408,3887,128
6001,2610,1,18633,2577833401,1495,5980
6001,2610,2,18634,2578692394,3992,-1552
6001,2610,3,18635,2579551387,1589,944
6001,2611,0,18636,2580410380,-4204,1487
6001,2611,1,18637,2581269373,-2463,-304
6001,2611,2,18638,2582128366,-575,6875
6001,2611,3,18639,2582987359,3714,2294
6001,2612,0,18640,2583846352,812,458
6001,2612,1,18641,2584705345,-2990,2357
6001,2612,2,18642,2585564338,111,-2153
6001,2612,3,18643,2586423331,-1006,1552
6001,2613,0,18644,2587282324,3835,285
6001,2613,1,18645,2588141317,3891,-3716
6001,2613,2,18646,2589000310,-1660,-476
6001,2613,3,18647,2589859303,3645,-2065
6001,2614,0,18648,2590718296,1996,-1823
6001,2614,1,18649,2591577289,-1714,-3715
6001,2614,2,18650,2592436282,-1417,-9176
6001,2614,3,18651,2593295275,-2490,-3533
6001,2615,0,18652,2594154268,2125,188
6001,2615,1,18653,2595013261,780,-863
6001,2615,2,18654,2595872254,-1851,2364
6001,2615,3,18655,2596731247,-938,-2147
6001,2616,0,18656,2597590240,-2011,-6472
6001,2616,1,18657,2598449233,2391,1383
6001,2616,2,18658,2599308226,2133,3888
6001,2616,3,18659,2600167219,799,-844
6001,2617,0,18660,2601026212,2433,2154
6001,2617,1,18661,2601885205,-1004,4544
6001,2617,2,18662,2602744198,211,-729
6001,2617,3,18663,2603603191,-2496,911
6001,2618,0,18664,2604462184,-5727,3083
6001,2618,1,18665,2605321177,756,-3700
6001,2618,2,18666,2606180170,-293,492
6001,2618,3,18667,2607039163,-2091,5843
6001,2619,0,18668,2607898156,1822,-403
6001,2619,1,18669,2608757149,1709,-467
6001,2619,2,18670,2609616142,1152,-2365
6001,2619,3,18671,2610475135,2665,-253
6001,2620,0,18672,2611334128,5118,7800
6001,2620,1,18673,2612193121,3042,-149
6001,2620,2,18674,2613052114,-1873,-733
6001,2620,3,18675,2613911107,-884,2014
6001,2621,0,18676,2614770100,2293,-5742
6001,2621,1,18677,2615629093,1057,304
6001,2621,2,18678,2616488086,-2995,2591
6001,2621,3,18679,2617347079,-3431,-2308
6001,2622,0,18680,2618206072,-1537,-2591
6001,2622,1,18681,2619065065,2457,-3252
6001,2622,2,18682,2619924058,4387,2862
6001,2622,3,18683,2620783051,-4990,-1383
6001,2623,0,18684,2621642044,-6306,-3663
6001,2623,1,18685,2622501037,2759,4388
6001,2623,2,18686,2623360030,-58,-2446
6001,2623,3,18687,2624219023,-1729,-35
6001,2624,0,18688,2625078016,3278,2674
6001,2624,1,18689,2625937009,-1763,-6988
6001,2624,2,18690,2626796002,-7780,-4037
6001,2624,3,18691,2627654995,499,-3625
6001,2625,0,18692,2628513988,7304,-681
6001,2625,1,18693,2629372981,-21,4365
6001,2625,2,18694,2630231974,-3629,1221
6001,2625,3,18695,2631090967,-3525,4305
6001,2626,0,18696,2631949960,-6396,-741
6001,2626,1,18697,2632808953,-3329,822
6001,2626,2,18698,2633667946,2437,10409
6001,2626,3,18699,2634526939,7664,254
6001,2627,0,18700,2635385932,2962,-2884
6001,2627,1,18701,2636244925,-6558,-687
6001,2627,2,18702,2637103918,-2209,-3772
6001,2627,3,18703,2637962911,1336,1545
6001,2628,0,18704,2638821904,837,1879
6001,2628,1,18705,2639680897,819,-828
6001,2628,2,18706,2640539890,-2247,-2939
6001,2628,3,18707,2641398883,1863,-2400
6001,2629,0,18708,2642257876,4754,3707
6001,2629,1,18709,2643116869,3642,2200
6001,2629,2,18710,2643975862,1687,2476
6001,2629,3,18711,2644834855,-2505,1535
6001,2630,0,18712,2645693848,-1033,-3412
6001,2630,1,18713,2646552841,-4461,3598
6001,2630,2,18714,2647411834,-2195,1032
6001,2630,3,18715,2648270827,8040,-7434
6001,2631,0,18716,2649129820,-240,1435
6001,2631,1,18717,2649988813,-6314,2977
6001,2631,2,18718,2650847806,-1602,-2050
6001,2631,3,18719,2651706799,612,2576
6001,2632,0,18720,2652565792,3647,-599
6001,2632,1,18721,2653424785,1741,-2054
6001,2632,2,18722,2654283778,2539,4833
6001,2632,3,18723,2655142771,3395,-3117
6001,2633,0,18724,2656001764,-39,-8473
6001,2633,1,18725,2656860757,64,-1377
6001,2633,2,18726,2657719750,-2806,-2550
6001,2633,3,18727,2658578743,1666,-1509
6001,2634,0,18728,2659437736,3557,1879
6001,2634,1,18729,2660296729,-7730,2151
6001,2634,2,18730,2661155722,-6679,7140
6001,2634,3,18731,2662014715,-2333,3002
6001,2635,0,18732,2662873708,-2478,-2917
6001,2635,1,18733,2663732701,-138,2293
6001,2635,2,18734,2664591694,-146,3393
6001,2635,3,18735,2665450687,3495,339
6001,2636,0,18736,2666309680,947,-1870
6001,2636,1,18737,2667168673,-3575,-2964
6001,2636,2,18738,2668027666,2844,989
6001,2636,3,18739,2668886659,519,2814
6001,2637,0,18740,2669745652,-5794,-1175
6001,2637,1,18741,2670604645,-1241,-1011
6001,2637,2,18742,2671463638,-857,1818
6001,2637,3,18743,2672322631,-8180,-1855
6001,2638,0,18744,2673181624,-6406,-3148
6001,2638,1,18745,2674040617,-1268,471
6001,2638,2,18746,2674899610,-6737,-1119
6001,2638,3,18747,2675758603,-4279,-6916
6001,2639,0,18748,2676617596,2317,-8663
6001,2639,1,18749,2677476589,-3201,2435
6001,2639,2,18750,2678335582,447,9808
6001,2639,3,18751,2679194575,4891,2621
6001,2640,0,18752,2680053568,-3392,2332
6001,2640,1,18753,2680912561,-2688,4018
6001,2640,2,18754,2681771554,3178,779
6001,2640,3,18755,2682630547,4209,-127
6001,2641,0,18756,2683489540,2350,-1037
6001,2641,1,18757,2684348533,-4354,2776
6001,2641,2,18758,2685207526,-4876,1616
6001,2641,3,18759,2686066519,1917,-2845
6001,2642,0,18760,2686925512,-224,1878
6001,2642,1,18761,2687784505,-8305,2294
6001,2642,2,18762,2688643498,-7762,-73
6001,2642,3,18763,2689502491,-3374,-271
6001,2643,0,18764,2690361484,-2882,-236
6001,2643,1,18765,2691220477,722,2030
6001,2643,2,18766,2692079470,3645,1033
6001,2643,3,18767,2692938463,-2377,-756
6001,2644,0,18768,2693797456,-3710,-2013
6001,2644,1,18769,2694656449,2547,843
6001,2644,2,18770,2695515442,792,917
6001,2644,3,18771,2696374435,-1892,-8150
6001,2645,0,18772,2697233428,-1284,-5695
6001,2645,1,18773,2698092421,-3994,-771
6001,2645,2,18774,2698951414,483,1310
6001,2645,3,18775,2699810407,437,6941
6001,2646,0,18776,2700669400,-6626,-1750
6001,2646,1,18777,2701528393,53,-8415
6001,2646,2,18778,2702387386,505,-4672
6001,2646,3,18779,2703246379,-2380,1528
6001,2647,0,18780,2704105372,6205,8215
6001,2647,1,18781,2704964365,1583,-971
6001,2647,2,18782,2705823358,-5132,-4756
6001,2647,3,18783,2706682351,-3085,-1440
6001,2648,0,18784,2707541344,-1753,-4251
6001,2648,1,18785,2708400337,280,4575
6001,2648,2,18786,2709259330,-4575,3289
6001,2648,3,18787,2710118323,-1083,-1711
6001,2649,0,18788,2710977316,4497,6015
6001,2649,1,18789,2711836309,-652,674
6001,2649,2,18790,2712695302,7236,-2230
6001,2649,3,18791,2713554295,4903,1702
6001,2650,0,18792,2714413288,-4495,1264
6001,2650,1,18793,2715272281,4738,4319
6001,2650,2,18794,2716131274,-1363,1213
6001,2650,3,18795,2716990267,-5109,-700
6001,2651,0,18796,2717849260,5663,3809
6001,2651,1,18797,2718708253,-1590,1548
6001,2651,2,18798,2719567246,-3870,-3526
6001,2651,3,18799,2720426239,115,-607
6001,2652,0,18800,2721285232,-3910,4640
6001,2652,1,18801,2722144225,-401,1163
6001,2652,2,18802,2723003218,335,4043
6001,2652,3,18803,2723862211,-1550,4676
6001,2653,0,18804,2724721204,1861,-6367
6001,2653,1,18805,2725580197,1308,3286
6001,2653,2,18806,2726439190,1526,11422
6001,2653,3,18807,2727298183,4094,1154
6001,2654,0,18808,2728157176,3857,823
6001,2654,1,18809,2729016169,3700,-560
6001,2654,2,18810,2729875162,5068,-1176
6001,2654,3,18811,2730734155,-1036,741
6001,2655,0,18812,2731593148,-13304,-3563
6001,2655,1,18813,2732452141,-8228,1843
6001,2655,2,18814,2733311134,3345,2927
6001,2655,3,18815,2734170127,-2698,-3520
6001,2656,0,18816,2735029120,-2905,-3062
6001,2656,1,18817,2735888113,7374,-3052
6001,2656,2,18818,2736747106,6642,28
6001,2656,3,18819,2737606099,3328,-3654
6001,2657,0,18820,2738465092,912,-9355
6001,2657,1,18821,2739324085,-1510,2117
6001,2657,2,18822,2740183078,5791,4103
6001,2657,3,18823,2741042071,8611,-4495
6001,2658,0,18824,2741901064,-1534,-1956
6001,2658,1,18825,2742760057,-5520,-944
6001,2658,2,18826,2743619050,-2168,-2539
6001,2658,3,18827,2744478043,-2644,-1684
6001,2659,0,18828,2745337036,-1273,66
6001,2659,1,18829,2746196029,3346,3403
6001,2659,2,18830,2747055022,3140,1403
6001,2659,3,18831,2747914015,-405,1704
6001,2660,0,18832,2748773008,-5587,5836
6001,2660,1,18833,2749632001,-8649,1761
6001,2660,2,18834,2750490994,-1188,-206
6001,2660,3,18835,2751349987,5323,3590
6001,2661,0,18836,2752208980,3662,4908
6001,2661,1,18837,2753067973,5125,4944
6001,2661,2,18838,2753926966,2590,1813
6001,2661,3,18839,2754785959,-2953,-1407
6001,2662,0,18840,2755644952,3775,-743
6001,2662,1,18841,2756503945,6955,-1451
6001,2662,2,18842,2757362938,85,-3903
6001,2662,3,18843,2758221931,1602,-1515
6001,2663,0,18844,2759080924,4873,2493
6001,2663,1,18845,2759939917,2440,-718
6001,2663,2,18846,2760798910,2291,-2750
6001,2663,3,18847,2761657903,1337,-2053
6001,2664,0,18848,2762516896,2202,-2879
6001,2664,1,18849,2763375889,4613,1124
6001,2664,2,18850,2764234882,-1121,-1401
6001,2664,3,18851,2765093875,-1056,-6079
6001,2665,0,18852,2765952868,4400,-1717
6001,2665,1,18853,2766811861,-2048,-2682
6001,2665,2,18854,2767670854,-2097,-4042
6001,2665,3,18855,2768529847,4266,-3637
6001,2666,0,18856,2769388840,-2732,5
6001,2666,1,18857,2770247833,-3939,10406
6001,2666,2,18858,2771106826,3337,5027
6001,2666,3,18859,2771965819,-585,-3668
6001,2667,0,18860,2772824812,-3567,703
6001,2667,1,18861,2773683805,3318,2710
6001,2667,2,18862,2774542798,3019,-555
6001,2667,3,18863,2775401791,-5781,-7322
6001,2668,0,18864,2776260784,-6866,-4966
6001,2668,1,18865,2777119777,-4465,2312
6001,2668,2,18866,2777978770,-2420,2140
6001,2668,3,18867,2778837763,5341,1324
6001,2669,0,18868,2779696756,4056,-4064
6001,2669,1,18869,2780555749,-3891,17
6001,2669,2,18870,2781414742,-4084,6870
6001,2669,3,18871,2782273735,-5561,-152
6001,2670,0,18872,2783132728,-5825,-219
6001,2670,1,18873,2783991721,-3726,-4390
6001,2670,2,18874,2784850714,-3413,-5361
6001,2670,3,18875,2785709707,-1573,4708
6001,2671,0,18876,2786568700,-4928,-1236
6001,2671,1,18877,2787427693,-3018,1068
6001,2671,2,18878,2788286686,3274,6697
6001,2671,3,18879,2789145679,-2818,-3820
6001,2672,0,18880,2790004672,-2000,-3051
6001,2672,1,18881,2790863665,3485,1589
6001,2672,2,18882,2791722658,-1030,-1337
6001,2672,3,18883,2792581651,2071,-3393
6001,2673,0,18884,2793440644,4806,2105
6001,2673,1,18885,2794299637,-1747,4687
6001,2673,2,18886,2795158630,-3098,-3805
6001,2673,3,18887,2796017623,-1782,-916
6001,2674,0,18888,2796876616,-955,-2218
6001,2674,1,18889,2797735609,57,-6339
6001,2674,2,18890,2798594602,1649,5726
6001,2674,3,18891,2799453595,4542,680
6001,2675,0,18892,2800312588,792,-3680
6001,2675,1,18893,2801171581,-1648,7417
6001,2675,2,18894,2802030574,92,6480
6001,2675,3,18895,2802889567,-7008,3562
6001,2676,0,18896,2803748560,-7142,-1250
6001,2676,1,18897,2804607553,541,-4903
6001,2676,2,18898,2805466546,-3911,-2165
6001,2676,3,18899,2806325539,-1378,279
6001,2677,0,18900,2807184532,8247,1542
6001,2677,1,18901,2808043525,2548,-5171
6001,2677,2,18902,2808902518,-2147,-1526
6001,2677,3,18903,2809761511,264,1126
6001,2678,0,18904,2810620504,102,-8957
6001,2678,1,18905,2811479497,1059,-436
6001,2678,2,18906,2812338490,444,2537
6001,2678,3,18907,2813197483,-122,-4613
6001,2679,0,18908,2814056476,224,-1781
6001,2679,1,18909,2814915469,421,-7588
6001,2679,2,18910,2815774462,2891,-8087
6001,2679,3,18911,2816633455,-2064,-2783
6001,2680,0,18912,2817492448,-6343,-1525
6001,2680,1,18913,2818351441,1766,5110
6001,2680,2,18914,2819210434,7834,3721
6001,2680,3,18915,2820069427,9359,-2941
6001,2681,0,18916,2820928420,7409,-4623
6001,2681,1,18917,2821787413,-59,-1767
6001,2681,2,18918,2822646406,-1636,620
6001,2681,3,18919,2823505399,894,-3934
6001,2682,0,18920,2824364392,1249,-5049
6001,2682,1,18921,2825223385,2496,-3279
6001,2682,2,18922,2826082378,1017,-1834
6001,2682,3,18923,2826941371,-3454,-825
6001,2683,0,18924,2827800364,-4882,-3513
6001,2683,1,18925,2828659357,-1668,-5404
6001,2683,2,18926,2829518350,2085,-5830
6001,2683,3,18927,2830377343,1454,417
6001,2684,0,18928,2831236336,819,-603
6001,2684,1,18929,2832095329,3240,-7799
6001,2684,2,18930,2832954322,1165,-1030
6001,2684,3,18931,2833813315,-3192,-3994
6001,2685,0,18932,2834672308,-11,-4808
6001,2685,1,18933,2835531301,5924,3168
6001,2685,2,18934,2836390294,3936,-4936
6001,2685,3,18935,2837249287,-2368,440
6001,2686,0,18936,2838108280,-2451,5172
6001,2686,1,18937,2838967273,-2036,-1900
6001,2686,2,18938,2839826266,-4558,3289
6001,2686,3,18939,2840685259,954,-4986
6001,2687,0,18940,2841544252,2434,-6009
6001,2687,1,18941,2842403245,-3227,3724
6001,2687,2,18942,2843262238,1581,-5948
6001,2687,3,18943,2844121231,-319,-4014
6001,2688,0,18944,2844980224,-6903,82
6001,2688,1,18945,2845839217,1010,-1573
6001,2688,2,18946,2846698210,1182,5311
6001,2688,3,18947,2847557203,-1538,-1860
6001,2689,0,18948,2848416196,4567,-3253
6001,2689,1,18949,2849275189,1127,9384
6001,2689,2,18950,2850134182,-2233,6631
6001,2689,3,18951,2850993175,98,-3597
6001,2690,0,18952,2851852168,458,-4512
6001,2690,1,18953,2852711161,568,2376
6001,2690,2,18954,2853570154,-1146,3236
6001,2690,3,18955,2854429147,2272,1665
6001,2691,0,18956,2855288140,1374,1749
6001,2691,1,18957,2856147133,-6424,-3652
6001,2691,2,18958,2857006126,-526,2210
6001,2691,3,18959,2857865119,4228,7647
6001,2692,0,18960,2858724112,38,1484
6001,2692,1,18961,2859583105,1056,5909
6001,2692,2,18962,2860442098,3298,3642
6001,2692,3,18963,2861301091,7361,-5756
6001,2693,0,18964,2862160084,4363,-3817
6001,2693,1,18965,2863019077,-5737,-7769
6001,2693,2,18966,2863878070,-2615,-7801
6001,2693,3,18967,2864737063,1251,3013
6001,2694,0,18968,2865596056,-3226,5612
6001,2694,1,18969,2866455049,-3924,4511
6001,2694,2,18970,2867314042,-2820,416
6001,2694,3,18971,2868173035,324,-4502
6001,2695,0,18972,2869032028,3236,-735
6001,2695,1,18973,2869891021,1851,-273
6001,2695,2,18974,2870750014,422,-2882
6001,2695,3,18975,2871609007,-3162,2229
6001,2696,0,18976,2872468000,-3021,537
6001,2696,1,18977,2873326993,4620,-8368
6001,2696,2,18978,2874185986,5486,-3036
6001,2696,3,18979,2875044979,1287,66
6001,2697,0,18980,2875903972,1865,-10350
6001,2697,1,18981,2876762965,720,-5174
6001,2697,2,18982,2877621958,-838,4871
6001,2697,3,18983,2878480951,1934,3763
6001,2698,0,18984,2879339944,-556,5411
6001,2698,1,18985,2880198937,-6052,-145
6001,2698,2,18986,2881057930,-3172,-3891
6001,2698,3,18987,2881916923,3516,1741
6001,2699,0,18988,2882775916,4844,73
6001,2699,1,18989,2883634909,-1007,391
6001,2699,2,18990,2884493902,-1651,-4230
6001,2699,3,18991,2885352895,6571,-7605
6001,2700,0,18992,2886211888,4217,1319
6001,2700,1,18993,2887070881,497,-5060
6001,2700,2,18994,2887929874,5270,-4066
6001,2700,3,18995,2888788867,-1062,6680
6001,2701,0,18996,2889647860,-2127,-4732
6001,2701,1,18997,2890506853,7201,-4888
6001,2701,2,18998,2891365846,123,4878
6001,2701,3,18999,2892224839,-5849,3460
6001,2702,0,19000,2893083832,-358,5065
6001,2702,1,19001,2893942825,638,4089
6001,2702,2,19002,2894801818,368,3091
6001,2702,3,19003,2895660811,-371,-864
6001,2703,0,19004,2896519804,-469,-4899
6001,2703,1,19005,2897378797,-774,5001
6001,2703,2,19006,2898237790,-4977,5346
6001,2703,3,19007,2899096783,-5166,-732
6001,2704,0,19008,2899955776,-1508,4406
6001,2704,1,19009,2900814769,981,4741
6001,2704,2,19010,2901673762,299,-604
6001,2704,3,19011,2902532755,976,-792
6001,2705,0,19012,2903391748,3032,3037
6001,2705,1,19013,2904250741,-485,1243
6001,2705,2,19014,2905109734,2575,-3373
6001,2705,3,19015,2905968727,3754,-3825
6001,2706,0,19016,2906827720,-4825,-4913
6001,2706,1,19017,2907686713,-808,-1859
6001,2706,2,19018,2908545706,948,-386
6001,2706,3,19019,2909404699,-1777,-3357
6001,2707,0,19020,2910263692,5405,222
6001,2707,1,19021,2911122685,3386,3302
6001,2707,2,19022,2911981678,2019,5823
6001,2707,3,19023,2912840671,3095,5739
6001,2708,0,19024,2913699664,-2471,260
6001,2708,1,19025,2914558657,2552,3217
6001,2708,2,19026,2915417650,4911,6373
6001,2708,3,19027,2916276643,2509,-648
6001,2709,0,19028,2917135636,5484,-3827
6001,2709,1,19029,2917994629,3025,5372
6001,2709,2,19030,2918853622,1070,7126
6001,2709,3,19031,2919712615,-1326,-2305
6001,2710,0,19032,2920571608,-1403,3807
6001,2710,1,19033,2921430601,1157,6750
6001,2710,2,19034,2922289594,-4407,-3148
6001,2710,3,19035,2923148587,183,316
6001,2711,0,19036,2924007580,6252,1238
6001,2711,1,19037,2924866573,1458,-509
6001,2711,2,19038,2925725566,4623,845
6001,2711,3,19039,2926584559,2178,-7108
6001,2712,0,19040,2927443552,-3645,-3076
6001,2712,1,19041,2928302545,2268,4254
6001,2712,2,19042,2929161538,3279,-1864
6001,2712,3,19043,2930020531,2275,-847
6001,2713,0,19044,2930879524,2558,2952
6001,2713,1,19045,2931738517,-891,2839
6001,2713,2,19046,2932597510,-140,3622
6001,2713,3,19047,2933456503,-3186,-245
6001,2714,0,19048,2934315496,-7324,-707
6001,2714,1,19049,2935174489,-1255,4159
6001,2714,2,19050,2936033482,-2034,-666
6001,2714,3,19051,2936892475,-5181,-2924
6001,2715,0,19052,2937751468,2985,4593
6001,2715,1,19053,2938610461,1013,215
6001,2715,2,19054,2939469454,-4246,-1115
6001,2715,3,19055,2940328447,2426,3301
6001,2716,0,19056,2941187440,3414,-9783
6001,2716,1,19057,2942046433,2873,-11144
6001,2716,2,19058,2942905426,-1474,2537
6001,2716,3,19059,2943764419,-9358,5620
6001,2717,0,19060,2944623412,943,2787
6001,2717,1,19061,2945482405,2825,-4671
6001,2717,2,19062,2946341398,-7729,-1927
6001,2717,3,19063,2947200391,-655,691
6001,2718,0,19064,2948059384,2932,-8904
6001,2718,1,19065,2948918377,-1788,172
6001,2718,2,19066,2949777370,-823,7397
6001,2718,3,19067,2950636363,-9,-2167
6001,2719,0,19068,2951495356,2400,-252
6001,2719,1,19069,2952354349,-449,4250
6001,2719,2,19070,2953213342,-5421,683
6001,2719,3,19071,2954072335,594,-2554
6001,2720,0,19072,2954931328,7185,1772
6001,2720,1,19073,2955790321,2260,1555
6001,2720,2,19074,2956649314,-5908,-5331
6001,2720,3,19075,2957508307,-292,3192
6001,2721,0,19076,2958367300,7663,5498
6001,2721,1,19077,2959226293,3845,-4051
6001,2721,2,19078,2960085286,171,885
6001,2721,3,19079,2960944279,-3853,4062
6001,2722,0,19080,2961803272,-4819,-2256
6001,2722,1,19081,2962662265,-1626,-7611
6001,2722,2,19082,2963521258,-3938,-5602
6001,2722,3,19083,2964380251,1206,1381
6001,2723,0,19084,2965239244,3921,1854
6001,2723,1,19085,2966098237,-6261,2571
6001,2723,2,19086,2966957230,-2597,-1618
6001,2723,3,19087,2967816223,7094,-6349
6001,2724,0,19088,2968675216,3710,1637
6001,2724,1,19089,2969534209,-2031,1307
6001,2724,2,19090,2970393202,-4038,-2709
6001,2724,3,19091,2971252195,-1055,-113
6001,2725,0,19092,2972111188,-411,-2343
6001,2725,1,19093,2972970181,-2988,-2811
6001,2725,2,19094,2973829174,2214,-1660
6001,2725,3,19095,2974688167,1385,-2830
6001,2726,0,19096,2975547160,-8312,-4765
6001,2726,1,19097,2976406153,-6266,-4678
6001,2726,2,19098,2977265146,4131,-1069
6001,2726,3,19099,2978124139,8773,-421
6001,2727,0,19100,2978983132,2494,1732
6001,2727,1,19101,2979842125,-3248,667
6001,2727,2,19102,2980701118,-1344,-3342
6001,2727,3,19103,2981560111,-6227,2252
6001,2728,0,19104,2982419104,-4892,1018
6001,2728,1,19105,2983278097,4497,-4766
6001,2728,2,19106,2984137090,-1737,1550
6001,2728,3,19107,2984996083,-4668,4953
6001,2729,0,19108,2985855076,-2282,-832
6001,2729,1,19109,2986714069,-5589,-3406
6001,2729,2,19110,2987573062,-315,2085
6001,2729,3,19111,2988432055,-792,4405
6001,2730,0,19112,2989291048,-408,1980
6001,2730,1,19113,2990150041,9945,2528
6001,2730,2,19114,2991009034,4754,-1017
6001,2730,3,19115,2991868027,574,-2236
6001,2731,0,19116,2992727020,3195,1325
6001,2731,1,19117,2993586013,-2070,-716
6001,2731,2,19118,2994445006,946,762
6001,2731,3,19119,2995303999,2134,4010
6001,2732,0,19120,2996162992,-5904,1331
6001,2732,1,19121,2997021985,-5319,979
6001,2732,2,19122,2997880978,-1319,4843
6001,2732,3,19123,2998739971,1375,5140
6001,2733,0,19124,2999598964,2372,-1145
6001,2733,1,19125,3000457957,-1351,-4127
6001,2733,2,19126,3001316950,1456,-1555
6001,2733,3,19127,3002175943,4717,1428
6001,2734,0,19128,3003034936,-4174,5270
6001,2734,1,19129,3003893929,-4827,4050
6001,2734,2,19130,3004752922,2380,-2197
6001,2734,3,19131,3005611915,-326,-6645
6001,2735,0,19132,3006470908,-36,-5037
6001,2735,1,19133,3007329901,234,-1118
6001,2735,2,19134,3008188894,1424,-4310
6001,2735,3,19135,3009047887,10671,-4215
6001,2736,0,19136,3009906880,6275,3444
6001,2736,1,19137,3010765873,418,5570
6001,2736,2,19138,3011624866,-1983,3183
6001,2736,3,19139,3012483859,-8076,3192
6001,2737,0,19140,3013342852,2272,6103
6001,2737,1,19141,3014201845,3350,1661
6001,2737,2,19142,3015060838,-4745,-4301
6001,2737,3,19143,3015919831,585,2326
6001,2738,0,19144,3016778824,-4053,2909
6001,2738,1,19145,3017637817,-1210,-2470
6001,2738,2,19146,3018496810,7123,-2
6001,2738,3,19147,3019355803,-2746,-1714
6001,2739,0,19148,3020214796,-6520,-3350
6001,2739,1,19149,3021073789,-4583,-621
6001,2739,2,19150,3021932782,581,-198
6001,2739,3,19151,3022791775,4794,812
6001,2740,0,19152,3023650768,-1786,-773
6001,2740,1,19153,3024509761,1570,-3202
6001,2740,2,19154,3025368754,3659,-2776
6001,2740,3,19155,3026227747,-5607,-338
6001,2741,0,19156,3027086740,-5061,3878
6001,2741,1,19157,3027945733,3168,259
6001,2741,2,19158,3028804726,3350,-5673
6001,2741,3,19159,3029663719,-839,-1941
6001,2742,0,19160,3030522712,3114,-186
6001,2742,1,19161,3031381705,-2486,-878
6001,2742,2,19162,3032240698,-7236,1326
6001,2742,3,19163,3033099691,4586,-4257
6001,2743,0,19164,3033958684,-2625,-5248
6001,2743,1,19165,3034817677,-5855,3373
6001,2743,2,19166,3035676670,1836,-1853
6001,2743,3,19167,3036535663,-9850,-6815
6001,2744,0,19168,3037394656,-4604,-515
6001,2744,1,19169,3038253649,1050,-2337
6001,2744,2,19170,3039112642,-6862,-2283
6001,2744,3,19171,3039971635,2592,-45
6001,2745,0,19172,3040830628,1445,-4134
6001,2745,1,19173,3041689621,-2347,-746
6001,2745,2,19174,3042548614,3397,1675
6001,2745,3,19175,3043407607,321,-2362
6001,2746,0,19176,3044266600,-980,-2824
6001,2746,1,19177,3045125593,-8022,-3323
6001,2746,2,19178,3045984586,-5932,-3717
6001,2746,3,19179,3046843579,6250,379
6001,2747,0,19180,3047702572,-949,5658
6001,2747,1,19181,3048561565,-732,330
6001,2747,2,19182,3049420558,3810,-8231
6001,2747,3,19183,3050279551,-4608,-3001
6001,2748,0,19184,3051138544,-1846,-582
6001,2748,1,19185,3051997537,4650,-6429
6001,2748,2,19186,3052856530,6665,-6593
6001,2748,3,19187,3053715523,3189,-2902
6001,2749,0,19188,3054574516,-6810,1708
6001,2749,1,19189,3055433509,-2271,532
6001,2749,2,19190,3056292502,5643,-1757
6001,2749,3,19191,3057151495,1011,1174
6001,2750,0,19192,3058010488,1552,-1013
6001,2750,1,19193,3058869481,6144,-1967
6001,2750,2,19194,3059728474,3245,0
6001,2750,3,19195,3060587467,-2254,-1269
6001,2751,0,19196,3061446460,-3818,630
6001,2751,1,19197,3062305453,-2035,1063
6001,2751,2,19198,3063164446,-3241,2167
6001,2751,3,19199,3064023439,-3897,7402
6001,2752,0,19200,3064882432,730,1773
6001,2752,1,19201,3065741425,3368,-6645
6001,2752,2,19202,3066600418,4086,-713
6001,2752,3,19203,3067459411,313,2206
6001,2753,0,19204,3068318404,-8561,-4817
6001,2753,1,19205,3069177397,-7574,-2073
6001,2753,2,19206,3070036390,-306,3724
6001,2753,3,19207,3070895383,1257,2927
6001,2754,0,19208,3071754376,-3854,2479
6001,2754,1,19209,3072613369,-8287,-229
6001,2754,2,19210,3073472362,-3096,718
6001,2754,3,19211,3074331355,-3307,1605
6001,2755,0,19212,3075190348,-6823,-2249
6001,2755,1,19213,3076049341,935,2968
6001,2755,2,19214,3076908334,4169,4069
6001,2755,3,19215,3077767327,2097,1007
6001,2756,0,19216,3078626320,-1649,5539
6001,2756,1,19217,3079485313,-2228,277
6001,2756,2,19218,3080344306,5708,-3101
6001,2756,3,19219,3081203299,-283,4501
6001,2757,0,19220,3082062292,-6011,4408
6001,2757,1,19221,3082921285,212,-718
6001,2757,2,19222,3083780278,-2411,-4686
6001,2757,3,19223,3084639271,1050,-2461
6001,2758,0,19224,3085498264,6416,3301
6001,2758,1,19225,3086357257,-1116,4193
6001,2758,2,19226,3087216250,-5700,3418
6001,2758,3,19227,3088075243,-2546,-4028
6001,2759,0,19228,3088934236,-382,-7665
6001,2759,1,19229,3089793229,-7268,554
6001,2759,2,19230,3090652222,-3672,-3391
6001,2759,3,19231,3091511215,7522,-12580
6001,2760,0,19232,3092370208,-22,-7656
6001,2760,1,19233,3093229201,-790,-1334
6001,2760,2,19234,3094088194,3106,2371
6001,2760,3,19235,3094947187,-2815,3181
6001,2761,0,19236,3095806180,2299,-2847
6001,2761,1,19237,3096665173,2719,-1416
6001,2761,2,19238,3097524166,-3160,3414
6001,2761,3,19239,3098383159,-1950,-889
6001,2762,0,19240,3099242152,-2984,-306
6001,2762,1,19241,3100101145,-738,295
6001,2762,2,19242,3100960138,1789,-2831
6001,2762,3,19243,3101819131,1981,4014
6001,2763,0,19244,3102678124,2150,3352
6001,2763,1,19245,3103537117,-2300,-4097
6001,2763,2,19246,3104396110,-2899,-1009
6001,2763,3,19247,3105255103,-518,1989
6001,2764,0,19248,3106114096,-1014,3592
6001,2764,1,19249,3106973089,-2111,1743
6001,2764,2,19250,3107832082,-1283,-1007
6001,2764,3,19251,3108691075,86,2660
6001,2765,0,19252,3109550068,-741,1478
6001,2765,1,19253,3110409061,1580,988
6001,2765,2,19254,3111268054,-1305,1190
6001,2765,3,19255,3112127047,-5757,-966
6001,2766,0,19256,3112986040,683,3259
6001,2766,1,19257,3113845033,-129,265
6001,2766,2,19258,3114704026,-1403,-2671
6001,2766,3,19259,3115563019,5936,827
6001,2767,0,19260,3116422012,3536,-3620
6001,2767,1,19261,3117281005,-2937,-596
6001,2767,2,19262,3118139998,-5374,5636
6001,2767,3,19263,3118998991,-3257,2845
6001,2768,0,19264,3119857984,-2235,2051
6001,2768,1,19265,3120716977,-5525,-2882
6001,2768,2,19266,3121575970,-956,-5809
6001,2768,3,19267,3122434963,1868,865
6001,2769,0,19268,3123293956,-416,2339
6001,2769,1,19269,3124152949,-32,-483
6001,2769,2,19270,3125011942,-3773,-1526
6001,2769,3,19271,3125870935,-4067,-3578
6001,2770,0,19272,3126729928,-1390,-5755
6001,2770,1,19273,3127588921,-1326,-3307
6001,2770,2,19274,3128447914,2904,2667
6001,2770,3,19275,3129306907,3498,2714
6001,2771,0,19276,3130165900,-2250,-2110
6001,2771,1,19277,3131024893,-1673,-1395
6001,2771,2,19278,3131883886,2759,3054
6001,2771,3,19279,3132742879,-3469,2608
6001,2772,0,19280,3133601872,-6301,129
6001,2772,1,19281,3134460865,4019,703
6001,2772,2,19282,3135319858,1738,1854
6001,2772,3,19283,3136178851,-3430,1731
6001,2773,0,19284,3137037844,1887,209
6001,2773,1,19285,3137896837,240,130
6001,2773,2,19286,3138755830,-610,-530
6001,2773,3,19287,3139614823,-939,-1298
6001,2774,0,19288,3140473816,-4004,2388
6001,2774,1,19289,3141332809,-5,-1014
6001,2774,2,19290,3142191802,2894,-4250
6001,2774,3,19291,3143050795,5250,1170
6001,2775,0,19292,3143909788,4409,-1812
6001,2775,1,19293,3144768781,-1563,1974
6001,2775,2,19294,3145627774,-1536,12323
6001,2775,3,19295,3146486767,-361,3569
6001,2776,0,19296,3147345760,3098,-4749
6001,2776,1,19297,3148204753,3775,-3853
6001,2776,2,19298,3149063746,-5025,-2235
6001,2776,3,19299,3149922739,-4519,3586
6001,2777,0,19300,3150781732,1291,2587
6001,2777,1,19301,3151640725,56,-1768
6001,2777,2,19302,3152499718,1783,1422
6001,2777,3,19303,3153358711,4589,2898
6001,2778,0,19304,3154217704,456,-532
6001,2778,1,19305,3155076697,-1929,278
6001,2778,2,19306,3155935690,279,5850
6001,2778,3,19307,3156794683,-4224,4121
6001,2779,0,19308,3157653676,-5286,-2478
6001,2779,1,19309,3158512669,1302,-94
6001,2779,2,19310,3159371662,-2916,5206
6001,2779,3,19311,3160230655,-5537,-809
6001,2780,0,19312,3161089648,-445,-6654
6001,2780,1,19313,3161948641,-1981,1033
6001,2780,2,19314,3162807634,-269,1303
6001,2780,3,19315,3163666627,4293,-5513
6001,2781,0,19316,3164525620,2533,-2910
6001,2781,1,19317,3165384613,3,-6622
6001,2781,2,19318,3166243606,1839,-6755
6001,2781,3,19319,3167102599,5807,5271
6001,2782,0,19320,3167961592,757,6532
6001,2782,1,19321,3168820585,-5038,2064
6001,2782,2,19322,3169679578,1137,-1236
6001,2782,3,19323,3170538571,3713,-1647
6001,2783,0,19324,3171397564,-2428,2816
6001,2783,1,19325,3172256557,-3948,1254
6001,2783,2,19326,3173115550,2453,-526
6001,2783,3,19327,3173974543,4540,445
6001,2784,0,19328,3174833536,-2685,88
6001,2784,1,19329,3175692529,-5438,-839
6001,2784,2,19330,3176551522,-3890,-2562
6001,2784,3,19331,3177410515,-1419,1328
6001,2785,0,19332,3178269508,4603,3219
6001,2785,1,19333,3179128501,1708,2916
6001,2785,2,19334,3179987494,-3866,5975
6001,2785,3,19335,3180846487,1050,450
6001,2786,0,19336,3181705480,2293,-1460
6001,2786,1,19337,3182564473,-2605,5236
6001,2786,2,19338,3183423466,-608,2578
6001,2786,3,19339,3184282459,4371,-2786
6001,2787,0,19340,3185141452,1886,-314
6001,2787,1,19341,3186000445,-1123,3999
6001,2787,2,19342,3186859438,1542,2230
6001,2787,3,19343,3187718431,-91,-79
6001,2788,0,19344,3188577424,-1287,133
6001,2788,1,19345,3189436417,2099,199
6001,2788,2,19346,3190295410,1070,6150
6001,2788,3,19347,3191154403,3749,5673
6001,2789,0,19348,3192013396,4240,-1698
6001,2789,1,19349,3192872389,-4431,906
6001,2789,2,19350,3193731382,-3887,1671
6001,2789,3,19351,3194590375,-1699,-231
6001,2790,0,19352,3195449368,237,3009
6001,2790,1,19353,3196308361,9040,3321
6001,2790,2,19354,3197167354,218,2227
6001,2790,3,19355,3198026347,-9959,3567
6001,2791,0,19356,3198885340,1637,5228
6001,2791,1,19357,3199744333,4092,1555
6001,2791,2,19358,3200603326,-2635,-2474
6001,2791,3,19359,3201462319,-28,-1904
6001,2792,0,19360,3202321312,889,-5828
6001,2792,1,19361,3203180305,-1980,-6008
6001,2792,2,19362,3204039298,-2329,2187
6001,2792,3,19363,3204898291,-1362,5183
6001,2793,0,19364,3205757284,-2,-291
6001,2793,1,19365,3206616277,3985,-4627
6001,2793,2,19366,3207475270,2643,1333
6001,2793,3,19367,3208334263,-4678,4268
6001,2794,0,19368,3209193256,-726,327
6001,2794,1,19369,3210052249,876,2704
6001,2794,2,19370,3210911242,-5395,5001
6001,2794,3,19371,3211770235,997,4630
6001,2795,0,19372,3212629228,4578,1486
6001,2795,1,19373,3213488221,3486,-2363
6001,2795,2,19374,3214347214,4129,-2555
6001,2795,3,19375,3215206207,-3099,-5288
6001,2796,0,19376,3216065200,-521,446
6001,2796,1,19377,3216924193,-171,5214
6001,2796,2,19378,3217783186,-8207,-4442
6001,2796,3,19379,3218642179,-1381,-1453
6001,2797,0,19380,3219501172,-3454,4341
6001,2797,1,19381,3220360165,-5596,-3023
6001,2797,2,19382,3221219158,5654,-635
6001,2797,3,19383,3222078151,-1140,4686
6001,2798,0,19384,3222937144,-3660,831
6001,2798,1,19385,3223796137,2205,1574
6001,2798,2,19386,3224655130,-2956,5177
6001,2798,3,19387,3225514123,1743,2761
6001,2799,0,19388,3226373116,1056,1754
6001,2799,1,19389,3227232109,-5051,172
6001,2799,2,19390,3228091102,2776,-6026
6001,2799,3,19391,3228950095,2349,-4443
6001,2800,0,19392,3229809088,1455,-2845
6001,2800,1,19393,3230668081,5336,-9227
6001,2800,2,19394,3231527074,882,-7994
6001,2800,3,19395,3232386067,1348,281
6001,2801,0,19396,3233245060,-1980,1398
6001,2801,1,19397,3234104053,-6865,-5477
6001,2801,2,19398,3234963046,296,-3962
6001,2801,3,19399,3235822039,-1022,2039
6001,2802,0,19400,3236681032,-3439,-1828
6001,2802,1,19401,3237540025,3313,-2130
6001,2802,2,19402,3238399018,3776,-3061
6001,2802,3,19403,3239258011,5790,-4602
6001,2803,0,19404,3240117004,6831,4227
6001,2803,1,19405,3240975997,60,3725
6001,2803,2,19406,3241834990,-826,-461
6001,2803,3,19407,3242693983,-956,2256
6001,2804,0,19408,3243552976,-3943,4030
6001,2804,1,19409,3244411969,-3784,3951
6001,2804,2,19410,3245270962,-3659,-2177
6001,2804,3,19411,3246129955,292,366
6001,2805,0,19412,3246988948,3672,2636
6001,2805,1,19413,3247847941,2682,-5409
6001,2805,2,19414,3248706934,5270,-1916
6001,2805,3,19415,3249565927,519,-2134
6001,2806,0,19416,3250424920,-9090,-1168
6001,2806,1,19417,3251283913,-3307,3831
6001,2806,2,19418,3252142906,4005,-6777
6001,2806,3,19419,3253001899,1478,-1880
6001,2807,0,19420,3253860892,2682,5456
6001,2807,1,19421,3254719885,3443,-3664
6001,2807,2,19422,3255578878,-634,-152
6001,2807,3,19423,3256437871,-539,4189
6001,2808,0,19424,3257296864,-542,3316
6001,2808,1,19425,3258155857,-3594,-113
6001,2808,2,19426,3259014850,-3929,-1682
6001,2808,3,19427,3259873843,-2144,4135
6001,2809,0,19428,3260732836,-1260,-3818
6001,2809,1,19429,3261591829,-2985,-4356
6001,2809,2,19430,3262450822,-1790,4483
6001,2809,3,19431,3263309815,391,-1572
6001,2810,0,19432,3264168808,-4579,883
6001,2810,1,19433,3265027801,-4201,31
6001,2810,2,19434,3265886794,-276,-8733
6001,2810,3,19435,3266745787,-2125,-3809
6001,2811,0,19436,3267604780,533,-3322
6001,2811,1,19437,3268463773,-296,-3963
6001,2811,2,19438,3269322766,1395,2221
6001,2811,3,19439,3270181759,11403,2522
6001,2812,0,19440,3271040752,2479,-976
6001,2812,1,19441,3271899745,-5559,995
6001,2812,2,19442,3272758738,5091,7317
6001,2812,3,19443,3273617731,5495,2272
6001,2813,0,19444,3274476724,-1474,-3128
6001,2813,1,19445,3275335717,-2189,1964
6001,2813,2,19446,3276194710,3263,327
6001,2813,3,19447,3277053703,4663,-2000
6001,2814,0,19448,3277912696,-3291,-288
6001,2814,1,19449,3278771689,-1082,647
6001,2814,2,19450,3279630682,2398,1485
6001,2814,3,19451,3280489675,-907,292
6001,2815,0,19452,3281348668,3680,1320
6001,2815,1,19453,3282207661,3985,-2413
6001,2815,2,19454,3283066654,-325,-4637
6001,2815,3,19455,3283925647,-457,640
6001,2816,0,19456,3284784640,-932,-2102
6001,2816,1,19457,3285643633,-840,-280
6001,2816,2,19458,3286502626,-677,3908
6001,2816,3,19459,3287361619,2470,-3172
6001,2817,0,19460,3288220612,1291,-4062
6001,2817,1,19461,3289079605,-2690,1123
6001,2817,2,19462,3289938598,2162,2577
6001,2817,3,19463,3290797591,202,-4323
6001,2818,0,19464,3291656584,-6043,-7782
6001,2818,1,19465,3292515577,-2980,3982
6001,2818,2,19466,3293374570,1191,372
6001,2818,3,19467,3294233563,422,-11742
6001,2819,0,19468,3295092556,-2167,-3614
6001,2819,1,19469,3295951549,2871,1453
6001,2819,2,19470,3296810542,4060,-154
6001,2819,3,19471,3297669535,2434,2643
6001,2820,0,19472,3298528528,8503,2149
6001,2820,1,19473,3299387521,988,3575
6001,2820,2,19474,3300246514,-2898,4787
6001,2820,3,19475,3301105507,2187,485
6001,2821,0,19476,3301964500,-4401,271
6001,2821,1,19477,3302823493,1810,3621
6001,2821,2,19478,3303682486,5015,2474
6001,2821,3,19479,3304541479,-4234,1020
6001,2822,0,19480,3305400472,-31,3768
6001,2822,1,19481,3306259465,185,4035
6001,2822,2,19482,3307118458,-3239,336
6001,2822,3,19483,3307977451,-4081,-568
6001,2823,0,19484,3308836444,-1334,752
6001,2823,1,19485,3309695437,4761,-1954
6001,2823,2,19486,3310554430,-3640,-4030
6001,2823,3,19487,3311413423,-235,-1266
6001,2824,0,19488,3312272416,8445,-2324
6001,2824,1,19489,3313131409,-3063,882
6001,2824,2,19490,3313990402,-2100,9092
6001,2824,3,19491,3314849395,2479,1913
6001,2825,0,19492,3315708388,2186,-5082
6001,2825,1,19493,3316567381,6206,-1652
6001,2825,2,19494,3317426374,-685,-3787
6001,2825,3,19495,3318285367,-1310,-1510
6001,2826,0,19496,3319144360,2003,3880
6001,2826,1,19497,3320003353,-3908,3020
6001,2826,2,19498,3320862346,-5037,3141
6001,2826,3,19499,3321721339,-2889,921
6001,2827,0,19500,3322580332,153,563
6001,2827,1,19501,3323439325,-2722,146
6001,2827,2,19502,3324298318,-3914,-6899
6001,2827,3,19503,3325157311,4831,-5645
6001,2828,0,19504,3326016304,4484,-2797
6001,2828,1,19505,3326875297,2549,-3504
6001,2828,2,19506,3327734290,1885,3006
6001,2828,3,19507,3328593283,-2343,1650
6001,2829,0,19508,3329452276,2833,-548
6001,2829,1,19509,3330311269,4797,7344
6001,2829,2,19510,3331170262,-1164,3197
6001,2829,3,19511,3332029255,-899,-1788
6001,2830,0,19512,3332888248,6685,970
6001,2830,1,19513,3333747241,10703,-2904
6001,2830,2,19514,3334606234,4027,-1543
6001,2830,3,19515,3335465227,3864,-757
6001,2831,0,19516,3336324220,7120,-2344
6001,2831,1,19517,3337183213,-133,4496
6001,2831,2,19518,3338042206,-1918,97
6001,2831,3,19519,3338901199,-1663,-3214
6001,2832,0,19520,3339760192,-5673,2035
6001,2832,1,19521,3340619185,-1951,-2204
6001,2832,2,19522,3341478178,-788,2208
6001,2832,3,19523,3342337171,-4956,1954
6001,2833,0,19524,3343196164,507,-6052
6001,2833,1,19525,3344055157,2867,4535
6001,2833,2,19526,3344914150,-4526,4100
6001,2833,3,19527,3345773143,-361,316
6001,2834,0,19528,3346632136,3642,8941
6001,2834,1,19529,3347491129,-4418,845
6001,2834,2,19530,3348350122,-1969,-997
6001,2834,3,19531,3349209115,4398,4716
6001,2835,0,19532,3350068108,3481,-2632
6001,2835,1,19533,3350927101,3202,-3274
6001,2835,2,19534,3351786094,221,-4235
6001,2835,3,19535,3352645087,-3840,-3247
6001,2836,0,19536,3353504080,-5979,4166
6001,2836,1,19537,3354363073,-3346,-436
6001,2836,2,19538,3355222066,-114,-476
6001,2836,3,19539,3356081059,-4609,4123
6001,2837,0,19540,3356940052,-2207,-1878
6001,2837,1,19541,3357799045,5111,-3522
6001,2837,2,19542,3358658038,1538,-188
6001,2837,3,19543,3359517031,-4893,248
6001,2838,0,19544,3360376024,-3697,1459
6001,2838,1,19545,3361235017,4386,3208
6001,2838,2,19546,3362094010,6514,884
6001,2838,3,19547,3362953003,2217,-144
6001,2839,0,19548,3363811996,1874,3247
6001,2839,1,19549,3364670989,6,-2896
6001,2839,2,19550,3365529982,-4275,-4423
6001,2839,3,19551,3366388975,-5718,8138
6001,2840,0,19552,3367247968,-2755,2091
6001,2840,1,19553,3368106961,-1120,-9685
6001,2840,2,19554,3368965954,-3006,-2307
6001,2840,3,19555,3369824947,-460,1819
6001,2841,0,19556,3370683940,-1741,2819
6001,2841,1,19557,3371542933,-2634,4815
6001,2841,2,19558,3372401926,2557,-2587
6001,2841,3,19559,3373260919,-3347,-5320
6001,2842,0,19560,3374119912,-6671,-2393
6001,2842,1,19561,3374978905,-318,-2346
6001,2842,2,19562,3375837898,-160,752
6001,2842,3,19563,3376696891,-93,700
6001,2843,0,19564,3377555884,-1221,-2045
6001,2843,1,19565,3378414877,-4259,35
6001,2843,2,19566,3379273870,-339,-1132
6001,2843,3,19567,3380132863,3778,-3856
6001,2844,0,19568,3380991856,-1305,-651
6001,2844,1,19569,3381850849,-6126,1724
6001,2844,2,19570,3382709842,762,-1416
6001,2844,3,19571,3383568835,1114,-1773
6001,2845,0,19572,3384427828,-6390,2418
6001,2845,1,19573,3385286821,-3304,-1061
6001,2845,2,19574,3386145814,-1872,-5514
6001,2845,3,19575,3387004807,-2170,43
6001,2846,0,19576,3387863800,1551,4123
6001,2846,1,19577,3388722793,140,5338
6001,2846,2,19578,3389581786,-797,3662
6001,2846,3,19579,3390440779,328,-3746
6001,2847,0,19580,3391299772,1064,-3355
6001,2847,1,19581,3392158765,-1295,3067
6001,2847,2,19582,3393017758,-3701,2603
6001,2847,3,19583,3393876751,1575,-2742
6001,2848,0,19584,3394735744,2168,-1923
6001,2848,1,19585,3395594737,-2459,4299
6001,2848,2,19586,3396453730,-5772,-429
6001,2848,3,19587,3397312723,-5242,-6980
6001,2849,0,19588,3398171716,5490,-1528
6001,2849,1,19589,3399030709,7496,1620
6001,2849,2,19590,3399889702,3075,-1381
6001,2849,3,19591,3400748695,6350,-3195
6001,2850,0,19592,3401607688,180,-650
6001,2850,1,19593,3402466681,-2644,1795
6001,2850,2,19594,3403325674,5932,1442
6001,2850,3,19595,3404184667,1445,5162
6001,2851,0,19596,3405043660,-5827,3009
6001,2851,1,19597,3405902653,-732,-1705
6001,2851,2,19598,3406761646,1958,4726
6001,2851,3,19599,3407620639,-3944,4484
6001,2852,0,19600,3408479632,-6171,-1387
6001,2852,1,19601,3409338625,-1425,1326
6001,2852,2,19602,3410197618,820,582
6001,2852,3,19603,3411056611,-1556,-4768
6001,2853,0,19604,3411915604,-1546,-2881
6001,2853,1,19605,3412774597,1643,458
6001,2853,2,19606,3413633590,-1292,-1755
6001,2853,3,19607,3414492583,-4781,2421
6001,2854,0,19608,3415351576,219,6166
6001,2854,1,19609,3416210569,4199,-1847
6001,2854,2,19610,3417069562,5528,-2804
6001,2854,3,19611,3417928555,-1365,-160
6001,2855,0,19612,3418787548,-12241,-1264
6001,2855,1,19613,3419646541,-4439,1167
6001,2855,2,19614,3420505534,3039,-2905
6001,2855,3,19615,3421364527,-230,-5805
6001,2856,0,19616,3422223520,4108,-2363
6001,2856,1,19617,3423082513,2297,-315
6001,2856,2,19618,3423941506,-3305,3201
6001,2856,3,19619,3424800499,510,1730
6001,2857,0,19620,3425659492,798,485
6001,2857,1,19621,3426518485,-278,300
6001,2857,2,19622,3427377478,425,-2238
6001,2857,3,19623,3428236471,-2081,2495
6001,2858,0,19624,3429095464,-1863,-593
6001,2858,1,19625,3429954457,90,-5066
6001,2858,2,19626,3430813450,-1031,4886
6001,2858,3,19627,3431672443,-3071,4409
6001,2859,0,19628,3432531436,-2822,-3213
6001,2859,1,19629,3433390429,483,877
6001,2859,2,19630,3434249422,1913,3312
6001,2859,3,19631,3435108415,-1384,-3054
6001,2860,0,19632,3435967408,-2487,-4189
6001,2860,1,19633,3436826401,2117,1404
6001,2860,2,19634,3437685394,5387,2509
6001,2860,3,19635,3438544387,3247,4237
6001,2861,0,19636,3439403380,812,4627
6001,2861,1,19637,3440262373,661,463
6001,2861,2,19638,3441121366,-1919,25
6001,2861,3,19639,3441980359,-1422,-1806
6001,2862,0,19640,3442839352,5002,922
6001,2862,1,19641,3443698345,2842,6127
6001,2862,2,19642,3444557338,-2286,2368
6001,2862,3,19643,3445416331,-2980,2128
6001,2863,0,19644,3446275324,-6524,4126
6001,2863,1,19645,3447134317,-1598,3352
6001,2863,2,19646,3447993310,4508,-1450
6001,2863,3,19647,3448852303,730,-6443
6001,2864,0,19648,3449711296,1939,763
6001,2864,1,19649,3450570289,640,1170
6001,2864,2,19650,3451429282,-3227,-2169
6001,2864,3,19651,3452288275,-483,5230
6001,2865,0,19652,3453147268,-1164,2341
6001,2865,1,19653,3454006261,-931,-2040
6001,2865,2,19654,3454865254,-1108,381
6001,2865,3,19655,3455724247,-2916,-589
6001,2866,0,19656,3456583240,447,1048
6001,2866,1,19657,3457442233,-1379,1929
6001,2866,2,19658,3458301226,-3900,444
6001,2866,3,19659,3459160219,-2250,-38
6001,2867,0,19660,3460019212,-286,2439
6001,2867,1,19661,3460878205,3590,3702
6001,2867,2,19662,3461737198,-1520,-2009
6001,2867,3,19663,3462596191,-4490,-3154
6001,2868,0,19664,3463455184,2643,-1276
6001,2868,1,19665,3464314177,416,131
6001,2868,2,19666,3465173170,-917,2920
6001,2868,3,19667,3466032163,1048,2142
6001,2869,0,19668,3466891156,-3765,2566
6001,2869,1,19669,3467750149,568,-1453
6001,2869,2,19670,3468609142,4103,-2620
6001,2869,3,19671,3469468135,-2989,2331
6001,2870,0,19672,3470327128,-2421,-2855
6001,2870,1,19673,3471186121,801,-310
6001,2870,2,19674,3472045114,5876,2700
6001,2870,3,19675,3472904107,13931,-4755
6001,2871,0,19676,3473763100,4985,2419
6001,2871,1,19677,3474622093,-2849,7675
6001,2871,2,19678,3475481086,6329,2358
6001,2871,3,19679,3476340079,5052,2845
6001,2872,0,19680,3477199072,-3842,4905
6001,2872,1,19681,3478058065,-4599,1579
6001,2872,2,19682,3478917058,-2493,-6484
6001,2872,3,19683,3479776051,1907,-2221
6001,2873,0,19684,3480635044,4239,3750
6001,2873,1,19685,3481494037,1570,-144
6001,2873,2,19686,3482353030,-4598,4358
6001,2873,3,19687,3483212023,-5614,1111
6001,2874,0,19688,3484071016,3322,-5494
6001,2874,1,19689,3484930009,936,1288
6001,2874,2,19690,3485789002,-6006,1222
6001,2874,3,19691,3486647995,-1145,-1991
6001,2875,0,19692,3487506988,-2374,-4460
6001,2875,1,19693,3488365981,-3474,-2961
6001,2875,2,19694,3489224974,799,6462
6001,2875,3,19695,3490083967,-1785,4034
6001,2876,0,19696,3490942960,-1731,1960
6001,2876,1,19697,3491801953,-1069,7929
6001,2876,2,19698,3492660946,-3188,4463
6001,2876,3,19699,3493519939,-2572,-1381
6001,2877,0,19700,3494378932,-3697,-1225
6001,2877,1,19701,3495237925,-538,6397
6001,2877,2,19702,3496096918,3333,10239
6001,2877,3,19703,3496955911,-1458,840
6001,2878,0,19704,3497814904,154,-4065
6001,2878,1,19705,3498673897,7177,-2110
6001,2878,2,19706,3499532890,415,-1396
6001,2878,3,19707,3500391883,-8038,1792
6001,2879,0,19708,3501250876,-3718,2974
6001,2879,1,19709,3502109869,-1240,1709
6001,2879,2,19710,3502968862,-1720,3322
6001,2879,3,19711,3503827855,640,3062
6001,2880,0,19712,3504686848,562,-2221
6001,2880,1,19713,3505545841,2768,-5776
6001,2880,2,19714,3506404834,2077,-2108
6001,2880,3,19715,3507263827,-1202,-576
6001,2881,0,19716,3508122820,2493,-5082
6001,2881,1,19717,3508981813,101,371
6001,2881,2,19718,3509840806,-3529,6838
6001,2881,3,19719,3510699799,2380,-1084
6001,2882,0,19720,3511558792,7369,-5387
6001,2882,1,19721,3512417785,7864,-3606
6001,2882,2,19722,3513276778,1285,725
6001,2882,3,19723,3514135771,659,5548
6001,2883,0,19724,3514994764,8683,-1105
6001,2883,1,19725,3515853757,1638,-432
6001,2883,2,19726,3516712750,-6096,1112
6001,2883,3,19727,3517571743,-120,-6495
6001,2884,0,19728,3518430736,2607,4189
6001,2884,1,19729,3519289729,1621,9697
6001,2884,2,19730,3520148722,2384,2039
6001,2884,3,19731,3521007715,2660,693
6001,2885,0,19732,3521866708,-431,-3584
6001,2885,1,19733,3522725701,-511,1330
6001,2885,2,19734,3523584694,4181,924
6001,2885,3,19735,3524443687,1341,-3738
6001,2886,0,19736,3525302680,232,6570
6001,2886,1,19737,3526161673,2816,992
6001,2886,2,19738,3527020666,-374,2201
6001,2886,3,19739,3527879659,3701,11984
6001,2887,0,19740,3528738652,3665,-127
6001,2887,1,19741,3529597645,-4491,3220
6001,2887,2,19742,3530456638,2846,5499
6001,2887,3,19743,3531315631,6334,-4006
6001,2888,0,19744,3532174624,-2182,5368
6001,2888,1,19745,3533033617,-420,4426
6001,2888,2,19746,3533892610,1161,-3216
6001,2888,3,19747,3534751603,992,847
6001,2889,0,19748,3535610596,6027,-1262
6001,2889,1,19749,3536469589,1861,-3711
6001,2889,2,19750,3537328582,-4717,2885
6001,2889,3,19751,3538187575,-1717,6351
6001,2890,0,19752,3539046568,3011,-1870
6001,2890,1,19753,3539905561,3781,-2098
6001,2890,2,19754,3540764554,828,2498
6001,2890,3,19755,3541623547,-10,-4176
6001,2891,0,19756,3542482540,491,-1856
6001,2891,1,19757,3543341533,-457,4217
6001,2891,2,19758,3544200526,1655,6645
6001,2891,3,19759,3545059519,1456,4743
6001,2892,0,19760,3545918512,1046,-6380
6001,2892,1,19761,3546777505,2591,-359
6001,2892,2,19762,3547636498,-2783,4526
6001,2892,3,19763,3548495491,-3195,-1482
6001,2893,0,19764,3549354484,2962,5098
6001,2893,1,19765,3550213477,140,-1537
6001,2893,2,19766,3551072470,-5182,-5262
6001,2893,3,19767,3551931463,-5087,6641
6001,2894,0,19768,3552790456,-3493,2617
6001,2894,1,19769,3553649449,-5082,-1435
6001,2894,2,19770,3554508442,-3346,-5446
6001,2894,3,19771,3555367435,5351,-10332
6001,2895,0,19772,3556226428,5451,-1765
6001,2895,1,19773,3557085421,1086,392
6001,2895,2,19774,3557944414,4226,449
6001,2895,3,19775,3558803407,6559,2209
6001,2896,0,19776,3559662400,3634,-1854
6001,2896,1,19777,3560521393,-3818,2761
6001,2896,2,19778,3561380386,-6588,4229
6001,2896,3,19779,3562239379,-1230,-4225
6001,2897,0,19780,3563098372,1592,-2296
6001,2897,1,19781,3563957365,3487,2364
6001,2897,2,19782,3564816358,2492,-1446
6001,2897,3,19783,3565675351,-3954,-2697
6001,2898,0,19784,3566534344,-5437,-205
6001,2898,1,19785,3567393337,-2361,4152
6001,2898,2,19786,3568252330,-2197,6291
6001,2898,3,19787,3569111323,-3601,-1738
6001,2899,0,19788,3569970316,-1124,-2247
6001,2899,1,19789,3570829309,499,2599
6001,2899,2,19790,3571688302,-788,-2876
6001,2899,3,19791,3572547295,1825,-850
6001,2900,0,19792,3573406288,2374,-2711
6001,2900,1,19793,3574265281,-212,-10669
6001,2900,2,19794,3575124274,-1642,-1611
6001,2900,3,19795,3575983267,-4261,763
6001,2901,0,19796,3576842260,-2865,-1105
6001,2901,1,19797,3577701253,1769,5824
6001,2901,2,19798,3578560246,1202,3099
6001,2901,3,19799,3579419239,-5098,3002
6001,2902,0,19800,3580278232,-3429,2555
6001,2902,1,19801,3581137225,5321,-3596
6001,2902,2,19802,3581996218,-327,3125
6001,2902,3,19803,3582855211,-4435,6365
6001,2903,0,19804,3583714204,2622,2092
6001,2903,1,19805,3584573197,-376,3126
6001,2903,2,19806,3585432190,-1878,-1407
6001,2903,3,19807,3586291183,2018,-8201
6001,2904,0,19808,3587150176,1832,-5283
6001,2904,1,19809,3588009169,3122,5440
6001,2904,2,19810,3588868162,3110,9929
6001,2904,3,19811,3589727155,3008,760
6001,2905,0,19812,3590586148,2330,-2647
6001,2905,1,19813,3591445141,1914,3110
6001,2905,2,19814,3592304134,2541,1524
6001,2905,3,19815,3593163127,-13,482
6001,2906,0,19816,3594022120,1599,4277
6001,2906,1,19817,3594881113,-754,2546
6001,2906,2,19818,3595740106,-2080,-3081
6001,2906,3,19819,3596599099,7010,-6077
6001,2907,0,19820,3597458092,2839,1159
6001,2907,1,19821,3598317085,-3959,6459
6001,2907,2,19822,3599176078,-1206,-2914
6001,2907,3,19823,3600035071,-1352,-2946
6001,2908,0,19824,3600894064,3526,4736
6001,2908,1,19825,3601753057,7445,3316
6001,2908,2,19826,3602612050,2445,4794
6001,2908,3,19827,3603471043,-4213,3771
6001,2909,0,19828,3604330036,-2241,-161
6001,2909,1,19829,3605189029,4850,-2044
6001,2909,2,19830,3606048022,-2247,-8301
6001,2909,3,19831,3606907015,-4563,-2546
6001,2910,0,19832,3607766008,3753,7005
6001,2910,1,19833,3608625001,-104,-648
6001,2910,2,19834,3609483994,-1093,-7611
6001,2910,3,19835,3610342987,2734,-1604
6001,2911,0,19836,3611201980,-903,5133
6001,2911,1,19837,3612060973,-4334,744
6001,2911,2,19838,3612919966,-398,-2704
6001,2911,3,19839,3613778959,2969,348
6001,2912,0,19840,3614637952,-6242,-662
6001,2912,1,19841,3615496945,-3075,1363
6001,2912,2,19842,3616355938,9344,-246
6001,2912,3,19843,3617214931,917,-832
6001,2913,0,19844,3618073924,-1050,7777
6001,2913,1,19845,3618932917,5400,192
6001,2913,2,19846,3619791910,-1111,-3200
6001,2913,3,19847,3620650903,-7124,7623
6001,2914,0,19848,3621509896,-4447,2377
6001,2914,1,19849,3622368889,9407,-1008
6001,2914,2,19850,3623227882,12211,-614
6001,2914,3,19851,3624086875,-1510,-3668
6001,2915,0,19852,3624945868,-827,3570
6001,2915,1,19853,3625804861,924,664
6001,2915,2,19854,3626663854,-4042,-4786
6001,2915,3,19855,3627522847,914,4602
6001,2916,0,19856,3628381840,1243,3433
6001,2916,1,19857,3629240833,-4184,-414
6001,2916,2,19858,3630099826,-1513,6679
6001,2916,3,19859,3630958819,53,4422
6001,2917,0,19860,3631817812,-3289,-640
6001,2917,1,19861,3632676805,-3165,476
6001,2917,2,19862,3633535798,-2507,-2635
6001,2917,3,19863,3634394791,429,-2484
6001,2918,0,19864,3635253784,3095,-2268
6001,2918,1,19865,3636112777,-3094,-3834
6001,2918,2,19866,3636971770,463,3412
6001,2918,3,19867,3637830763,7800,883
6001,2919,0,19868,3638689756,1088,-5085
6001,2919,1,19869,3639548749,259,-1273
6001,2919,2,19870,3640407742,643,-5723
6001,2919,3,19871,3641266735,-877,-2159
6001,2920,0,19872,3642125728,2580,5447
6001,2920,1,19873,3642984721,-4989,-1653
6001,2920,2,19874,3643843714,-5593,-433
6001,2920,3,19875,3644702707,2216,2331
6001,2921,0,19876,3645561700,-5333,-2029
6001,2921,1,19877,3646420693,-6241,-3775
6001,2921,2,19878,3647279686,4023,-4832
6001,2921,3,19879,3648138679,2479,-2409
6001,2922,0,19880,3648997672,-4789,-5372
6001,2922,1,19881,3649856665,-3431,-4534
6001,2922,2,19882,3650715658,-487,2478
6001,2922,3,19883,3651574651,-4338,-3187
6001,2923,0,19884,3652433644,-5639,-3843
6001,2923,1,19885,3653292637,-2994,-3158
6001,2923,2,19886,3654151630,231,-6094
6001,2923,3,19887,3655010623,2986,1602
6001,2924,0,19888,3655869616,915,109
6001,2924,1,19889,3656728609,1177,-159
6001,2924,2,19890,3657587602,3671,6115
6001,2924,3,19891,3658446595,4362,-1612
6001,2925,0,19892,3659305588,4292,-2799
6001,2925,1,19893,3660164581,-478,655
6001,2925,2,19894,3661023574,-2705,-3333
6001,2925,3,19895,3661882567,517,-1434
6001,2926,0,19896,3662741560,1124,128
6001,2926,1,19897,3663600553,-3597,-1849
6001,2926,2,19898,3664459546,-5301,-131
6001,2926,3,19899,3665318539,-469,4659
6001,2927,0,19900,3666177532,-4983,4556
6001,2927,1,19901,3667036525,-6515,0
6001,2927,2,19902,3667895518,3850,1097
6001,2927,3,19903,3668754511,1989,983
6001,2928,0,19904,3669613504,-2858,-966
6001,2928,1,19905,3670472497,-3516,-1232
6001,2928,2,19906,3671331490,-5144,-1329
6001,2928,3,19907,3672190483,-4364,4483
6001,2929,0,19908,3673049476,-5401,737
6001,2929,1,19909,3673908469,4324,-6614
6001,2929,2,19910,3674767462,6327,1827
6001,2929,3,19911,3675626455,-6498,1174
6001,2930,0,19912,3676485448,2730,-4734
6001,2930,1,19913,3677344441,6670,188
6001,2930,2,19914,3678203434,-978,-3219
6001,2930,3,19915,3679062427,7695,-5803
6001,2931,0,19916,3679921420,5476,1625
6001,2931,1,19917,3680780413,-799,1807
6001,2931,2,19918,3681639406,1110,-4101
6001,2931,3,19919,3682498399,-1103,-4585
6001,2932,0,19920,3683357392,2621,2631
6001,2932,1,19921,3684216385,300,6441
6001,2932,2,19922,3685075378,-5529,526
6001,2932,3,19923,3685934371,-3280,-2853
6001,2933,0,19924,3686793364,-5106,-502
6001,2933,1,19925,3687652357,2886,373
6001,2933,2,19926,3688511350,11255,278
6001,2933,3,19927,3689370343,1520,-786
6001,2934,0,19928,3690229336,2370,-4350
6001,2934,1,19929,3691088329,9600,-3677
6001,2934,2,19930,3691947322,624,2184
6001,2934,3,19931,3692806315,-3639,3065
6001,2935,0,19932,3693665308,2445,466
6001,2935,1,19933,3694524301,1240,-1365
6001,2935,2,19934,3695383294,685,-3136
6001,2935,3,19935,3696242287,4522,-133
6001,2936,0,19936,3697101280,190,2637
6001,2936,1,19937,3697960273,-4914,2799
6001,2936,2,19938,3698819266,-6048,2564
6001,2936,3,19939,3699678259,-3960,-1602
6001,2937,0,19940,3700537252,5847,2582
6001,2937,1,19941,3701396245,7313,7949
6001,2937,2,19942,3702255238,4167,-1802
6001,2937,3,19943,3703114231,7457,-6419
6001,2938,0,19944,3703973224,-957,-4080
6001,2938,1,19945,3704832217,-6338,-2804
6001,2938,2,19946,3705691210,-1356,-47
6001,2938,3,19947,3706550203,-5955,-5013
6001,2939,0,19948,3707409196,-3728,-1873
6001,2939,1,19949,3708268189,2423,7188
6001,2939,2,19950,3709127182,-1002,-187
6001,2939,3,19951,3709986175,-1256,-3287
6001,2940,0,19952,3710845168,-2884,480
6001,2940,1,19953,3711704161,-3064,-961
6001,2940,2,19954,3712563154,3636,201
6001,2940,3,19955,3713422147,4530,662
6001,2941,0,19956,3714281140,-5127,917
6001,2941,1,19957,3715140133,-10115,-2105
6001,2941,2,19958,3715999126,2273,-4505
6001,2941,3,19959,3716858119,3329,1423
6001,2942,0,19960,3717717112,-5228,-1223
6001,2942,1,19961,3718576105,1029,-1996
6001,2942,2,19962,3719435098,-751,6361
6001,2942,3,19963,3720294091,2044,2392
6001,2943,0,19964,3721153084,7494,-900
6001,2943,1,19965,3722012077,-3734,2466
6001,2943,2,19966,3722871070,4083,-608
6001,2943,3,19967,3723730063,7164,-627
6001,2944,0,19968,3724589056,-4110,3519
6001,2944,1,19969,3725448049,1054,2809
6001,2944,2,19970,3726307042,-4195,1239
6001,2944,3,19971,3727166035,-3060,2337
6001,2945,0,19972,3728025028,6160,-1652
6001,2945,1,19973,3728884021,-1356,-6687
6001,2945,2,19974,3729743014,3290,-461
6001,2945,3,19975,3730602007,4550,4299
6001,2946,0,19976,3731461000,323,-237
6001,2946,1,19977,3732319993,7964,-1810
6001,2946,2,19978,3733178986,2372,-674
6001,2946,3,19979,3734037979,-1104,-1376
6001,2947,0,19980,3734896972,5623,-1189
6001,2947,1,19981,3735755965,5370,2040
6001,2947,2,19982,3736614958,2906,5329
6001,2947,3,19983,3737473951,266,4154
6001,2948,0,19984,3738332944,1512,-30
6001,2948,1,19985,3739191937,3581,-1905
6001,2948,2,19986,3740050930,4893,-398
6001,2948,3,19987,3740909923,4732,-88
6001,2949,0,19988,3741768916,-461,1121
6001,2949,1,19989,3742627909,816,1153
6001,2949,2,19990,3743486902,5658,-5320
6001,2949,3,19991,3744345895,5408,-8552
6001,2950,0,19992,3745204888,-822,-8533
6001,2950,1,19993,3746063881,-5016,-4384
6001,2950,2,19994,3746922874,-456,5703
6001,2950,3,19995,3747781867,1869,3877
6001,2951,0,19996,3748640860,7406,-1316
6001,2951,1,19997,3749499853,8676,954
6001,2951,2,19998,3750358846,1924,271
6001,2951,3,19999,3751217839,4411,904
6001,2952,0,20000,3752076832,-1021,-402
6001,2952,1,20001,3752935825,-1287,-1465
6001,2952,2,20002,3753794818,8905,1706
6001,2952,3,20003,3754653811,542,-296
6001,2953,0,20004,3755512804,-406,1821
6001,2953,1,20005,3756371797,5873,136
6001,2953,2,20006,3757230790,891,-8380
6001,2953,3,20007,3758089783,-692,-678
6001,2954,0,20008,3758948776,796,4963
6001,2954,1,20009,3759807769,4672,331
6001,2954,2,20010,3760666762,1145,6059
6001,2954,3,20011,3761525755,-4755,7339
6001,2955,0,20012,3762384748,-5710,-701
6001,2955,1,20013,3763243741,-8345,-466
6001,2955,2,20014,3764102734,2039,562
6001,2955,3,20015,3764961727,2270,-4101
6001,2956,0,20016,3765820720,-6088,-3514
6001,2956,1,20017,3766679713,4849,839
6001,2956,2,20018,3767538706,3513,1480
6001,2956,3,20019,3768397699,-342,1658
6001,2957,0,20020,3769256692,3726,3646
6001,2957,1,20021,3770115685,-4006,1759
6001,2957,2,20022,3770974678,-2480,-4624
6001,2957,3,20023,3771833671,3666,-2514
6001,2958,0,20024,3772692664,1631,1751
6001,2958,1,20025,3773551657,-791,-3388
6001,2958,2,20026,3774410650,1688,1026
6001,2958,3,20027,3775269643,4075,4702
6001,2959,0,20028,3776128636,-4839,-4080
6001,2959,1,20029,3776987629,-3174,1015
6001,2959,2,20030,3777846622,1158,5820
6001,2959,3,20031,3778705615,-5116,689
6001,2960,0,20032,3779564608,2944,3780
6001,2960,1,20033,3780423601,4809,4756
6001,2960,2,20034,3781282594,-1022,5298
6001,2960,3,20035,3782141587,-320,6026
6001,2961,0,20036,3783000580,-6959,2657
6001,2961,1,20037,3783859573,-2709,3933
6001,2961,2,20038,3784718566,4986,-1640
6001,2961,3,20039,3785577559,539,-6210
6001,2962,0,20040,3786436552,-2288,950
6001,2962,1,20041,3787295545,-3487,3743
6001,2962,2,20042,3788154538,2165,6915
6001,2962,3,20043,3789013531,6393,8174
6001,2963,0,20044,3789872524,1904,-1360
6001,2963,1,20045,3790731517,-1591,-4628
6001,2963,2,20046,3791590510,-2033,2468
6001,2963,3,20047,3792449503,3130,2445
6001,2964,0,20048,3793308496,-2113,-4087
6001,2964,1,20049,3794167489,-11301,405
6001,2964,2,20050,3795026482,-2483,3604
6001,2964,3,20051,3795885475,4379,-3158
6001,2965,0,20052,3796744468,3639,1502
6001,2965,1,20053,3797603461,2531,3756
6001,2965,2,20054,3798462454,2076,-3767
6001,2965,3,20055,3799321447,5634,1047
6001,2966,0,20056,3800180440,2169,2524
6001,2966,1,20057,3801039433,-652,-4407
6001,2966,2,20058,3801898426,3024,-2270
6001,2966,3,20059,3802757419,2447,-634
6001,2967,0,20060,3803616412,2963,-1759
6001,2967,1,20061,3804475405,1876,-1846
6001,2967,2,20062,3805334398,-1465,-5064
6001,2967,3,20063,3806193391,1138,-2333
6001,2968,0,20064,3807052384,3793,1277
6001,2968,1,20065,3807911377,3068,-5536
6001,2968,2,20066,3808770370,1660,-4991
6001,2968,3,20067,3809629363,915,2947
6001,2969,0,20068,3810488356,-779,-1547
6001,2969,1,20069,3811347349,-3529,-6211
6001,2969,2,20070,3812206342,-4154,-4498
6001,2969,3,20071,3813065335,-2858,-6041
6001,2970,0,20072,3813924328,-198,-520
6001,2970,1,20073,3814783321,-2493,7806
6001,2970,2,20074,3815642314,-6953,5226
6001,2970,3,20075,3816501307,-2689,571
6001,2971,0,20076,3817360300,-351,-2784
6001,2971,1,20077,3818219293,-2678,-4376
6001,2971,2,20078,3819078286,-744,370
6001,2971,3,20079,3819937279,942,3060
6001,2972,0,20080,3820796272,2030,2397
6001,2972,1,20081,3821655265,281,5238
6001,2972,2,20082,3822514258,629,3254
6001,2972,3,20083,3823373251,6238,-6353
6001,2973,0,20084,3824232244,-1062,-7575
6001,2973,1,20085,3825091237,-4062,164
6001,2973,2,20086,3825950230,8310,1497
6001,2973,3,20087,3826809223,5792,-1975
6001,2974,0,20088,3827668216,842,-5805
6001,2974,1,20089,3828527209,4422,-7416
6001,2974,2,20090,3829386202,2632,1819
6001,2974,3,20091,3830245195,2959,4668
6001,2975,0,20092,3831104188,-1060,-3738
6001,2975,1,20093,3831963181,-4106,5032
6001,2975,2,20094,3832822174,576,14511
6001,2975,3,20095,3833681167,-763,3063
6001,2976,0,20096,3834540160,1500,-4690
6001,2976,1,20097,3835399153,1985,-3602
6001,2976,2,20098,3836258146,-398,-3853
6001,2976,3,20099,3837117139,681,-4208
6001,2977,0,20100,3837976132,-9615,-4002
6001,2977,1,20101,3838835125,-5755,-2243
6001,2977,2,20102,3839694118,6925,-762
6001,2977,3,20103,3840553111,-3107,536
6001,2978,0,20104,3841412104,-5110,-791
6001,2978,1,20105,3842271097,-685,-517
6001,2978,2,20106,3843130090,-5255,2979
6001,2978,3,20107,3843989083,-629,225
6001,2979,0,20108,3844848076,3091,3520
6001,2979,1,20109,3845707069,-1199,3024
6001,2979,2,20110,3846566062,-2817,-6513
6001,2979,3,20111,3847425055,-620,3260
6001,2980,0,20112,3848284048,-1002,3350
6001,2980,1,20113,3849143041,-3256,-6229
6001,2980,2,20114,3850002034,-2313,3355
6001,2980,3,20115,3850861027,-1158,-2853
6001,2981,0,20116,3851720020,3161,-8091
6001,2981,1,20117,3852579013,664,546
6001,2981,2,20118,3853438006,-5398,-5008
6001,2981,3,20119,3854296999,824,-417
6001,2982,0,20120,3855155992,-2641,4673
6001,2982,1,20121,3856014985,-5712,-1098
6001,2982,2,20122,3856873978,3262,1996
6001,2982,3,20123,3857732971,1324,3199
6001,2983,0,20124,3858591964,2787,5722
6001,2983,1,20125,3859450957,2711,752
6001,2983,2,20126,3860309950,-6279,-8197
6001,2983,3,20127,3861168943,-3260,648
6001,2984,0,20128,3862027936,3751,1416
6001,2984,1,20129,3862886929,8203,396
6001,2984,2,20130,3863745922,2386,7087
6001,2984,3,20131,3864604915,-6698,-421
6001,2985,0,20132,3865463908,-2066,-1896
6001,2985,1,20133,3866322901,-95,3968
6001,2985,2,20134,3867181894,3972,2515
6001,2985,3,20135,3868040887,8344,3470
6001,2986,0,20136,3868899880,347,106
6001,2986,1,20137,3869758873,-925,-3240
6001,2986,2,20138,3870617866,1353,3115
6001,2986,3,20139,3871476859,285,3529
6001,2987,0,20140,3872335852,-15,-3230
6001,2987,1,20141,3873194845,-1786,-2037
6001,2987,2,20142,3874053838,-628,2611
6001,2987,3,20143,3874912831,-246,3118
6001,2988,0,20144,3875771824,-1282,6810
6001,2988,1,20145,3876630817,-3525,8431
6001,2988,2,20146,3877489810,-2850,1046
6001,2988,3,20147,3878348803,3004,-1904
6001,2989,0,20148,3879207796,-1324,3672
6001,2989,1,20149,3880066789,-4323,4458
6001,2989,2,20150,3880925782,1040,-1298
6001,2989,3,20151,3881784775,1173,-4025
6001,2990,0,20152,3882643768,233,-3629
6001,2990,1,20153,3883502761,-3800,805
6001,2990,2,20154,3884361754,-3822,3608
6001,2990,3,20155,3885220747,-869,-4255
6001,2991,0,20156,3886079740,-8604,-3803
6001,2991,1,20157,3886938733,-5330,2702
6001,2991,2,20158,3887797726,7944,-367
6001,2991,3,20159,3888656719,7095,4203
6001,2992,0,20160,3889515712,389,7679
6001,2992,1,20161,3890374705,-1010,1422
6001,2992,2,20162,3891233698,1510,5583
6001,2992,3,20163,3892092691,753,9168
6001,2993,0,20164,3892951684,-2009,1545
6001,2993,1,20165,3893810677,300,465
6001,2993,2,20166,3894669670,491,5884
6001,2993,3,20167,3895528663,-2517,439
6001,2994,0,20168,3896387656,-984,-3816
6001,2994,1,20169,3897246649,1977,3475
6001,2994,2,20170,3898105642,2145,773
6001,2994,3,20171,3898964635,813,-3813
6001,2995,0,20172,3899823628,-2802,-746
6001,2995,1,20173,3900682621,-3046,-573
6001,2995,2,20174,3901541614,2105,2605
6001,2995,3,20175,3902400607,-1905,2049
6001,2996,0,20176,3903259600,-8396,3894
6001,2996,1,20177,3904118593,-4503,8042
6001,2996,2,20178,3904977586,-1380,-2381
6001,2996,3,20179,3905836579,1258,-2778
6001,2997,0,20180,3906695572,2354,3446
6001,2997,1,20181,3907554565,800,374
6001,2997,2,20182,3908413558,7375,1685
6001,2997,3,20183,3909272551,5569,-1727
6001,2998,0,20184,3910131544,-4031,-3991
6001,2998,1,20185,3910990537,1140,-1179
6001,2998,2,20186,3911849530,2414,-3300
6001,2998,3,20187,3912708523,-2650,-1688
6001,2999,0,20188,3913567516,1448,1434
6001,2999,1,20189,3914426509,-2928,5265
6001,2999,2,20190,3915285502,-3347,1661
6001,2999,3,20191,3916144495,8464,-6488
6001,3000,0,20192,3917003488,884,432
6001,3000,1,20193,3917862481,-5528,4159
6001,3000,2,20194,3918721474,2726,1596
6001,3000,3,20195,3919580467,-958,2441
6001,3001,0,20196,3920439460,-2673,-1472
6001,3001,1,20197,3921298453,-984,-3836
6001,3001,2,20198,3922157446,-3058,-5310
6001,3001,3,20199,3923016439,1980,-2476
6001,3002,0,20200,3923875432,2845,2799
6001,3002,1,20201,3924734425,1099,-88
6001,3002,2,20202,3925593418,-1061,-1263
6001,3002,3,20203,3926452411,-2010,-1615
6001,3003,0,20204,3927311404,3117,1695
6001,3003,1,20205,3928170397,-99,6916
6001,3003,2,20206,3929029390,2239,-609
6001,3003,3,20207,3929888383,3121,-7416
6001,3004,0,20208,3930747376,-9064,-5359
6001,3004,1,20209,3931606369,-3326,1770
6001,3004,2,20210,3932465362,519,6637
6001,3004,3,20211,3933324355,-5075,3037
6001,3005,0,20212,3934183348,-2021,3094
6001,3005,1,20213,3935042341,-4177,485
6001,3005,2,20214,3935901334,716,-6808
6001,3005,3,20215,3936760327,4314,-1607
6001,3006,0,20216,3937619320,1751,7908
6001,3006,1,20217,3938478313,6614,4747
6001,3006,2,20218,3939337306,-489,-3506
6001,3006,3,20219,3940196299,-1647,582
6001,3007,0,20220,3941055292,3137,1728
6001,3007,1,20221,3941914285,-3481,-4041
6001,3007,2,20222,3942773278,1189,5179
6001,3007,3,20223,3943632271,1514,6900
6001,3008,0,20224,3944491264,-2537,-4086
6001,3008,1,20225,3945350257,3190,-2717
6001,3008,2,20226,3946209250,2585,1679
6001,3008,3,20227,3947068243,1766,3596
6001,3009,0,20228,3947927236,-2298,3002
6001,3009,1,20229,3948786229,-1619,-751
6001,3009,2,20230,3949645222,6260,-1229
6001,3009,3,20231,3950504215,-898,97
6001,3010,0,20232,3951363208,-903,2050
6001,3010,1,20233,3952222201,1939,-1796
6001,3010,2,20234,3953081194,-6317,-6662
6001,3010,3,20235,3953940187,-759,-3303
6001,3011,0,20236,3954799180,3117,-656
6001,3011,1,20237,3955658173,573,-1395
6001,3011,2,20238,3956517166,1437,-1892
6001,3011,3,20239,3957376159,-5411,464
6001,3012,0,20240,3958235152,-2300,625
6001,3012,1,20241,3959094145,4352,-528
6001,3012,2,20242,3959953138,-3200,4457
6001,3012,3,20243,3960812131,-2533,3151
6001,3013,0,20244,3961671124,1294,-180
6001,3013,1,20245,3962530117,-4106,417
6001,3013,2,20246,3963389110,-2602,-2649
6001,3013,3,20247,3964248103,1238,-985
6001,3014,0,20248,3965107096,-2768,-2140
6001,3014,1,20249,3965966089,-2014,-3461
6001,3014,2,20250,3966825082,5353,2780
6001,3014,3,20251,3967684075,3199,1853
6001,3015,0,20252,3968543068,-2693,1122
6001,3015,1,20253,3969402061,451,128
6001,3015,2,20254,3970261054,616,-2543
6001,3015,3,20255,3971120047,1801,2448
6001,3016,0,20256,3971979040,8507,3513
6001,3016,1,20257,3972838033,4412,2558
6001,3016,2,20258,3973697026,1733,-627
6001,3016,3,20259,3974556019,3225,-3702
6001,3017,0,20260,3975415012,32,1388
6001,3017,1,20261,3976274005,3863,-1923
6001,3017,2,20262,3977132998,1746,-4534
6001,3017,3,20263,3977991991,-2310,364
6001,3018,0,20264,3978850984,2151,281
6001,3018,1,20265,3979709977,-2173,2202
6001,3018,2,20266,3980568970,-1213,98
6001,3018,3,20267,3981427963,-285,-4165
6001,3019,0,20268,3982286956,-6969,-1443
6001,3019,1,20269,3983145949,-1155,1942
6001,3019,2,20270,3984004942,-1452,4060
6001,3019,3,20271,3984863935,-1786,-688
6001,3020,0,20272,3985722928,3025,-3871
6001,3020,1,20273,3986581921,-4854,-2450
6001,3020,2,20274,3987440914,-905,-4108
6001,3020,3,20275,3988299907,1562,1225
6001,3021,0,20276,3989158900,-6020,2521
6001,3021,1,20277,3990017893,94,-1825
6001,3021,2,20278,3990876886,-1684,2442
6001,3021,3,20279,3991735879,-2196,1558
6001,3022,0,20280,3992594872,7458,-717
6001,3022,1,20281,3993453865,3661,1314
6001,3022,2,20282,3994312858,300,-2294
6001,3022,3,20283,3995171851,581,-1467
6001,3023,0,20284,3996030844,-853,3378
6001,3023,1,20285,3996889837,-351,2421
6001,3023,2,20286,3997748830,-4186,1156
6001,3023,3,20287,3998607823,-4058,1159
6001,3024,0,20288,3999466816,-131,-1280
6001,3024,1,20289,4000325809,-1499,-4568
6001,3024,2,20290,4001184802,-4295,-4998
6001,3024,3,20291,4002043795,-2879,-2639
6001,3025,0,20292,4002902788,1419,-140
6001,3025,1,20293,4003761781,-648,3302
6001,3025,2,20294,4004620774,-3712,7852
6001,3025,3,20295,4005479767,-3236,5636
6001,3026,0,20296,4006338760,-5621,-1163
6001,3026,1,20297,4007197753,-4913,791
6001,3026,2,20298,4008056746,-4744,4197
6001,3026,3,20299,4008915739,-7188,-894
6001,3027,0,20300,4009774732,-2197,-5057
6001,3027,1,20301,4010633725,2236,-2402
6001,3027,2,20302,4011492718,1401,-1239
6001,3027,3,20303,4012351711,-1655,-6819
6001,3028,0,20304,4013210704,-5930,-3774
6001,3028,1,20305,4014069697,-1159,4932
6001,3028,2,20306,4014928690,1527,1687
6001,3028,3,20307,4015787683,-4920,-689
6001,3029,0,20308,4016646676,2110,-2633
6001,3029,1,20309,4017505669,5232,-1559
6001,3029,2,20310,4018364662,-6635,10782
6001,3029,3,20311,4019223655,-2442,4421
6001,3030,0,20312,4020082648,2607,-5975
6001,3030,1,20313,4020941641,-1747,-1780
6001,3030,2,20314,4021800634,2707,-7236
6001,3030,3,20315,4022659627,5702,-2160
6001,3031,0,20316,4023518620,6356,6854
6001,3031,1,20317,4024377613,-701,-1430
6001,3031,2,20318,4025236606,-8925,683
6001,3031,3,20319,4026095599,865,3014
6001,3032,0,20320,4026954592,-1026,234
6001,3032,1,20321,4027813585,-9803,3837
6001,3032,2,20322,4028672578,-1248,908
6001,3032,3,20323,4029531571,715,4283
6001,3033,0,20324,4030390564,-1946,7264
6001,3033,1,20325,4031249557,421,-2119
6001,3033,2,20326,4032108550,-1566,-1418
6001,3033,3,20327,4032967543,-6125,2830
6001,3034,0,20328,4033826536,-4176,3757
6001,3034,1,20329,4034685529,2671,5958
6001,3034,2,20330,4035544522,-1519,2827
6001,3034,3,20331,4036403515,-2002,2317
6001,3035,0,20332,4037262508,5974,3671
6001,3035,1,20333,4038121501,777,-994
6001,3035,2,20334,4038980494,-2852,-4122
6001,3035,3,20335,4039839487,-2629,-465
6001,3036,0,20336,4040698480,-3155,2088
6001,3036,1,20337,4041557473,1601,-1346
6001,3036,2,20338,4042416466,1759,-374
6001,3036,3,20339,4043275459,5819,4
6001,3037,0,20340,4044134452,5547,-3883
6001,3037,1,20341,4044993445,-3446,-186
6001,3037,2,20342,4045852438,532,-3222
6001,3037,3,20343,4046711431,1952,-10454
6001,3038,0,20344,4047570424,-4,-2094
6001,3038,1,20345,4048429417,7083,5183
6001,3038,2,20346,4049288410,7948,2310
6001,3038,3,20347,4050147403,4141,-1918
6001,3039,0,20348,4051006396,2568,-3041
6001,3039,1,20349,4051865389,1713,319
6001,3039,2,20350,4052724382,1143,-2074
6001,3039,3,20351,4053583375,1168,-9504
6001,3040,0,20352,4054442368,-827,-8202
6001,3040,1,20353,4055301361,-4692,207
6001,3040,2,20354,4056160354,-2005,2190
6001,3040,3,20355,4057019347,-2081,-1060
6001,3041,0,20356,4057878340,-2689,405
6001,3041,1,20357,4058737333,3776,2596
6001,3041,2,20358,4059596326,993,6816
6001,3041,3,20359,4060455319,-1591,9394
6001,3042,0,20360,4061314312,-64,1508
6001,3042,1,20361,4062173305,-2430,-3519
6001,3042,2,20362,4063032298,855,-4426
6001,3042,3,20363,4063891291,2411,-613
6001,3043,0,20364,4064750284,3673,6201
6001,3043,1,20365,4065609277,5175,-4497
6001,3043,2,20366,4066468270,2076,-7205
6001,3043,3,20367,4067327263,2192,8623
6001,3044,0,20368,4068186256,-1830,3046
6001,3044,1,20369,4069045249,2273,-8293
6001,3044,2,20370,4069904242,9446,-236
6001,3044,3,20371,4070763235,-2660,4124
6001,3045,0,20372,4071622228,-3365,-703
6001,3045,1,20373,4072481221,4516,1132
6001,3045,2,20374,4073340214,82,4530
6001,3045,3,20375,4074199207,1561,-66
6001,3046,0,20376,4075058200,1168,-1002
6001,3046,1,20377,4075917193,-4851,109
6001,3046,2,20378,4076776186,-3419,-2746
6001,3046,3,20379,4077635179,330,1331
6001,3047,0,20380,4078494172,146,1739
6001,3047,1,20381,4079353165,-2501,-1286
6001,3047,2,20382,4080212158,-2219,5299
6001,3047,3,20383,4081071151,-458,4648
6001,3048,0,20384,4081930144,5308,-1457
6001,3048,1,20385,4082789137,9318,-451
6001,3048,2,20386,4083648130,1334,-748
6001,3048,3,20387,4084507123,-1634,-963
6001,3049,0,20388,4085366116,-1606,1384
6001,3049,1,20389,4086225109,-3425,3294
6001,3049,2,20390,4087084102,3280,2910
6001,3049,3,20391,4087943095,1199,409
6001,3050,0,20392,4088802088,-3804,1619
6001,3050,1,20393,4089661081,793,-1424
6001,3050,2,20394,4090520074,1965,-8492
6001,3050,3,20395,4091379067,3882,-4916
6001,3051,0,20396,4092238060,-512,-3776
6001,3051,1,20397,4093097053,-7617,-5263
6001,3051,2,20398,4093956046,949,3846
6001,3051,3,20399,4094815039,3690,2619
6001,3052,0,20400,4095674032,-3489,-1280
6001,3052,1,20401,4096533025,-1906,7869
6001,3052,2,20402,4097392018,-701,7337
6001,3052,3,20403,4098251011,-4343,5838
6001,3053,0,20404,4099110004,-2376,7562
6001,3053,1,20405,4099968997,3084,-1664
6001,3053,2,20406,4100827990,1466,-1648
6001,3053,3,20407,4101686983,-1354,6654
6001,3054,0,20408,4102545976,-344,4712
6001,3054,1,20409,4103404969,-4274,-3809
6001,3054,2,20410,4104263962,-3965,-2382
6001,3054,3,20411,4105122955,1915,6806
6001,3055,0,20412,4105981948,-382,-2737
6001,3055,1,20413,4106840941,-2303,-7803
6001,3055,2,20414,4107699934,-1475,1035
6001,3055,3,20415,4108558927,-3387,-5043
6001,3056,0,20416,4109417920,-3557,-1854
6001,3056,1,20417,4110276913,-4001,996
6001,3056,2,20418,4111135906,-1845,-6382
6001,3056,3,20419,4111994899,2085,2509
6001,3057,0,20420,4112853892,-1383,-1640
6001,3057,1,20421,4113712885,-5293,-3671
6001,3057,2,20422,4114571878,-4403,9440
6001,3057,3,20423,4115430871,-4053,-2315
6001,3058,0,20424,4116289864,-3251,-7360
6001,3058,1,20425,4117148857,-740,2210
6001,3058,2,20426,4118007850,897,-643
6001,3058,3,20427,4118866843,1600,1390
6001,3059,0,20428,4119725836,1196,5784
6001,3059,1,20429,4120584829,-312,4400
6001,3059,2,20430,4121443822,2711,1409
6001,3059,3,20431,4122302815,5889,784
6001,3060,0,20432,4123161808,293,3063
6001,3060,1,20433,4124020801,-585,1011
6001,3060,2,20434,4124879794,5721,-622
6001,3060,3,20435,4125738787,2101,-112
6001,3061,0,20436,4126597780,-2207,2284
6001,3061,1,20437,4127456773,1637,-887
6001,3061,2,20438,4128315766,1976,-8053
6001,3061,3,20439,4129174759,1712,65
6001,3062,0,20440,4130033752,2780,3189
6001,3062,1,20441,4130892745,715,-4681
6001,3062,2,20442,4131751738,1719,-4471
6001,3062,3,20443,4132610731,-384,-2338
6001,3063,0,20444,4133469724,-6382,4037
6001,3063,1,20445,4134328717,-3108,1580
6001,3063,2,20446,4135187710,-2347,-7245
6001,3063,3,20447,4136046703,-5599,1045
6001,3064,0,20448,4136905696,3704,4061
6001,3064,1,20449,4137764689,9680,-2133
6001,3064,2,20450,4138623682,499,-1478
6001,3064,3,20451,4139482675,-5008,-971
6001,3065,0,20452,4140341668,-464,-1114
6001,3065,1,20453,4141200661,-577,1208
6001,3065,2,20454,4142059654,-3597,3197
6001,3065,3,20455,4142918647,1921,1657
6001,3066,0,20456,4143777640,870,4985
6001,3066,1,20457,4144636633,-3664,5148
6001,3066,2,20458,4145495626,2204,-2488
6001,3066,3,20459,4146354619,127,2533
6001,3067,0,20460,4147213612,-3147,1836
6001,3067,1,20461,4148072605,-1772,-3157
6001,3067,2,20462,4148931598,-6994,4203
6001,3067,3,20463,4149790591,-5275,3209
6001,3068,0,20464,4150649584,-2617,6176
6001,3068,1,20465,4151508577,632,6899
6001,3068,2,20466,4152367570,7310,-1753
6001,3068,3,20467,4153226563,1384,2258
6001,3069,0,20468,4154085556,-1373,-475
6001,3069,1,20469,4154944549,-2772,-1829
6001,3069,2,20470,4155803542,-5095,2873
6001,3069,3,20471,4156662535,3322,-1873
6001,3070,0,20472,4157521528,-302,1421
6001,3070,1,20473,4158380521,-3090,440
6001,3070,2,20474,4159239514,1226,-973
6001,3070,3,20475,4160098507,-5301,4099
6001,3071,0,20476,4160957500,-2759,93
6001,3071,1,20477,4161816493,1357,5996
6001,3071,2,20478,4162675486,578,-6603
6001,3071,3,20479,4163534479,-3361,-5724
6001,3072,0,20992,309230592,202,2813
6001,3072,1,20993,310089585,1285,292
6001,3072,2,20994,310948578,-1121,-526
6001,3072,3,20995,311807571,798,321
6001,3073,0,20996,312666564,-1647,-2550
6001,3073,1,20997,313525557,-5617,-3044
6001,3073,2,20998,314384550,1011,1386
6001,3073,3,20999,315243543,-499,2339
6001,3074,0,21000,316102536,-6213,977
6001,3074,1,21001,316961529,-4141,6302
6001,3074,2,21002,317820522,-2263,8286
6001,3074,3,21003,318679515,-3362,1929
6001,3075,0,21004,319538508,-7829,3521
6001,3075,1,21005,320397501,-2054,3763
6001,3075,2,21006,321256494,3247,-4389
6001,3075,3,21007,322115487,-3941,-1284
6001,3076,0,21008,322974480,1874,3872
6001,3076,1,21009,323833473,5604,1014
6001,3076,2,21010,324692466,-2554,3010
6001,3076,3,21011,325551459,-1668,3890
6001,3077,0,21012,326410452,-1786,984
6001,3077,1,21013,327269445,-1095,1998
6001,3077,2,21014,328128438,-443,590
6001,3077,3,21015,328987431,-4851,-440
6001,3078,0,21016,329846424,-488,5069
6001,3078,1,21017,330705417,1765,8033
6001,3078,2,21018,331564410,1427,4569
6001,3078,3,21019,332423403,6121,-3540
6001,3079,0,21020,333282396,3739,-5658
6001,3079,1,21021,334141389,-1751,5112
6001,3079,2,21022,335000382,-2095,6543
6001,3079,3,21023,335859375,2380,622
6001,3080,0,21024,336718368,2097,4640
6001,3080,1,21025,337577361,-664,3361
6001,3080,2,21026,338436354,4316,793
6001,3080,3,21027,339295347,-1455,361
6001,3081,0,21028,340154340,-8373,-4809
6001,3081,1,21029,341013333,400,1211
6001,3081,2,21030,341872326,1143,2555
6001,3081,3,21031,342731319,-827,-5403
6001,3082,0,21032,343590312,1986,-1958
6001,3082,1,21033,344449305,-822,-2316
6001,3082,2,21034,345308298,1439,-1667
6001,3082,3,21035,346167291,4652,4012
6001,3083,0,21036,347026284,2834,1157
6001,3083,1,21037,347885277,3462,3073
6001,3083,2,21038,348744270,1309,4429
6001,3083,3,21039,349603263,-2654,619
6001,3084,0,21040,350462256,-1103,-515
6001,3084,1,21041,351321249,1118,194
6001,3084,2,21042,352180242,436,7419
6001,3084,3,21043,353039235,500,1105
6001,3085,0,21044,353898228,-3743,-11881
6001,3085,1,21045,354757221,-7119,-1476
6001,3085,2,21046,355616214,1347,3891
6001,3085,3,21047,356475207,1848,-4346
6001,3086,0,21048,357334200,-2515,-1786
6001,3086,1,21049,358193193,5977,2746
6001,3086,2,21050,359052186,5003,1931
6001,3086,3,21051,359911179,-500,2238
6001,3087,0,21052,360770172,1441,4815
6001,3087,1,21053,361629165,-3234,4605
6001,3087,2,21054,362488158,-7,2006
6001,3087,3,21055,363347151,5827,-800
6001,3088,0,21056,364206144,-678,-7006
6001,3088,1,21057,365065137,-142,-4111
6001,3088,2,21058,365924130,586,6545
6001,3088,3,21059,366783123,-2714,3853
6001,3089,0,21060,367642116,3169,-3153
6001,3089,1,21061,368501109,1049,-2922
6001,3089,2,21062,369360102,-6021,-4982
6001,3089,3,21063,370219095,-132,-7531
6001,3090,0,21064,371078088,5729,-4355
6001,3090,1,21065,371937081,6796,-2294
6001,3090,2,21066,372796074,2084,-1708
6001,3090,3,21067,373655067,-5602,3711
6001,3091,0,21068,374514060,2123,6243
6001,3091,1,21069,375373053,8361,1981
6001,3091,2,21070,376232046,2786,-151
6001,3091,3,21071,377091039,5406,3691
6001,3092,0,21072,377950032,3879,6585
6001,3092,1,21073,378809025,-2208,-82
6001,3092,2,21074,379668018,-38,-3858
6001,3092,3,21075,380527011,-374,2639
6001,3093,0,21076,381386004,757,3547
6001,3093,1,21077,382244997,2616,2029
6001,3093,2,21078,383103990,1502,3113
6001,3093,3,21079,383962983,1404,-348
6001,3094,0,21080,384821976,1946,-2256
6001,3094,1,21081,385680969,8388,-1625
6001,3094,2,21082,386539962,5559,-1428
6001,3094,3,21083,387398955,381,-1397
6001,3095,0,21084,388257948,6208,-4127
6001,3095,1,21085,389116941,-1139,-1965
6001,3095,2,21086,389975934,-2268,3213
6001,3095,3,21087,390834927,4517,427
6001,3096,0,21088,391693920,-1389,1240
6001,3096,1,21089,392552913,2808,5528
6001,3096,2,21090,393411906,1136,-1318
6001,3096,3,21091,394270899,-2058,-3264
6001,3097,0,21092,395129892,5868,1156
6001,3097,1,21093,395988885,-1106,-3083
6001,3097,2,21094,396847878,1687,-380
6001,3097,3,21095,397706871,2520,1912
6001,3098,0,21096,398565864,-8854,-5053
6001,3098,1,21097,399424857,1526,-1862
6001,3098,2,21098,400283850,-1827,-1342
6001,3098,3,21099,401142843,-8022,-1935
6001,3099,0,21100,402001836,7867,6195
6001,3099,1,21101,402860829,6430,1529
6001,3099,2,21102,403719822,2586,-1831
6001,3099,3,21103,404578815,520,2857
6001,3100,0,21104,405437808,-6788,-2726
6001,3100,1,21105,406296801,564,-4120
6001,3100,2,21106,407155794,-693,2985
6001,3100,3,21107,408014787,-8944,5275
6001,3101,0,21108,408873780,-3971,-1642
6001,3101,1,21109,409732773,-1147,-6476
6001,3101,2,21110,410591766,-2720,458
6001,3101,3,21111,411450759,-871,-463
6001,3102,0,21112,412309752,2257,-6272
6001,3102,1,21113,413168745,-770,-3969
6001,3102,2,21114,414027738,-4600,-7547
6001,3102,3,21115,414886731,-1181,-7910
6001,3103,0,21116,415745724,251,-824
6001,3103,1,21117,416604717,1127,-905
6001,3103,2,21118,417463710,4034,-1225
6001,3103,3,21119,418322703,4963,-678
6001,3104,0,21120,419181696,8291,-2568
6001,3104,1,21121,420040689,6640,27
6001,3104,2,21122,420899682,-5599,1503
6001,3104,3,21123,421758675,-10170,-2329
6001,3105,0,21124,422617668,-769,-1923
6001,3105,1,21125,423476661,2906,-1390
6001,3105,2,21126,424335654,-1511,-7633
6001,3105,3,21127,425194647,-1047,-5725
6001,3106,0,21128,426053640,2619,1573
6001,3106,1,21129,426912633,2195,-954
6001,3106,2,21130,427771626,-3606,-1425
6001,3106,3,21131,428630619,-3937,318
6001,3107,0,21132,429489612,-2121,-2816
6001,3107,1,21133,430348605,-6235,1531
6001,3107,2,21134,431207598,-2096,5826
6001,3107,3,21135,432066591,616,1120
6001,3108,0,21136,432925584,-3908,-286
6001,3108,1,21137,433784577,-3752,-1137
6001,3108,2,21138,434643570,-6136,-2887
6001,3108,3,21139,435502563,-4203,1126
6001,3109,0,21140,436361556,-839,1023
6001,3109,1,21141,437220549,571,313
6001,3109,2,21142,438079542,6918,4106
6001,3109,3,21143,438938535,2049,1308
6001,3110,0,21144,439797528,28,4067
6001,3110,1,21145,440656521,5024,8445
6001,3110,2,21146,441515514,-954,-1667
6001,3110,3,21147,442374507,-5873,-1461
6001,3111,0,21148,443233500,-7410,4977
6001,3111,1,21149,444092493,2476,-1459
6001,3111,2,21150,444951486,8526,-332
6001,3111,3,21151,445810479,-5009,4995
6001,3112,0,21152,446669472,-4428,-629
6001,3112,1,21153,447528465,-114,-7039
6001,3112,2,21154,448387458,-1696,-3070
6001,3112,3,21155,449246451,-2777,5407
6001,3113,0,21156,450105444,-7972,2326
6001,3113,1,21157,450964437,4691,-1964
6001,3113,2,21158,451823430,5266,-64
6001,3113,3,21159,452682423,-6438,-1338
6001,3114,0,21160,453541416,6635,1159
6001,3114,1,21161,454400409,5797,-1387
6001,3114,2,21162,455259402,-659,-8197
6001,3114,3,21163,456118395,2960,-3695
6001,3115,0,21164,456977388,-2574,-2743
6001,3115,1,21165,457836381,3442,-1866
6001,3115,2,21166,458695374,3485,5263
6001,3115,3,21167,459554367,-6202,1976
6001,3116,0,21168,460413360,-2843,-3315
6001,3116,1,21169,461272353,-3109,-3875
6001,3116,2,21170,462131346,-144,-4018
6001,3116,3,21171,462990339,8141,1743
6001,3117,0,21172,463849332,5911,6655
6001,3117,1,21173,464708325,-807,2957
6001,3117,2,21174,465567318,-1751,33
6001,3117,3,21175,466426311,2671,3950
6001,3118,0,21176,467285304,803,5997
6001,3118,1,21177,468144297,-1032,3264
6001,3118,2,21178,469003290,-358,-738
6001,3118,3,21179,469862283,-2075,-5544
6001,3119,0,21180,470721276,2958,-3902
6001,3119,1,21181,471580269,3068,1551
6001,3119,2,21182,472439262,348,1963
6001,3119,3,21183,473298255,3591,-438
6001,3120,0,21184,474157248,-67,-3594
6001,3120,1,21185,475016241,852,-2847
6001,3120,2,21186,475875234,5713,-2620
6001,3120,3,21187,476734227,-1119,-4567
6001,3121,0,21188,477593220,-3627,771
6001,3121,1,21189,478452213,3991,-141
6001,3121,2,21190,479311206,2840,-4797
6001,3121,3,21191,480170199,-2305,1785
6001,3122,0,21192,481029192,4106,948
6001,3122,1,21193,481888185,5457,-4006
6001,3122,2,21194,482747178,-691,1127
6001,3122,3,21195,483606171,79,1028
6001,3123,0,21196,484465164,-2313,-3831
6001,3123,1,21197,485324157,-4496,-3489
6001,3123,2,21198,486183150,-3664,-1972
6001,3123,3,21199,487042143,-3138,-1611
6001,3124,0,21200,487901136,2869,-271
6001,3124,1,21201,488760129,2241,2255
6001,3124,2,21202,489619122,-575,2097
6001,3124,3,21203,490478115,2417,1457
6001,3125,0,21204,491337108,2973,1775
6001,3125,1,21205,492196101,3107,-858
6001,3125,2,21206,493055094,-1629,670
6001,3125,3,21207,493914087,-3014,5055
6001,3126,0,21208,494773080,1475,2532
6001,3126,1,21209,495632073,-2721,3568
6001,3126,2,21210,496491066,-4632,7444
6001,3126,3,21211,497350059,-1285,-373
6001,3127,0,21212,498209052,612,-4727
6001,3127,1,21213,499068045,205,996
6001,3127,2,21214,499927038,-1894,-754
6001,3127,3,21215,500786031,4005,-3195
6001,3128,0,21216,501645024,4751,-1076
6001,3128,1,21217,502504017,-4415,-1004
6001,3128,2,21218,503363010,-3250,697
6001,3128,3,21219,504222003,924,-1572
6001,3129,0,21220,505080996,240,-2929
6001,3129,1,21221,505939989,2822,1460
6001,3129,2,21222,506798982,696,-608
6001,3129,3,21223,507657975,-6947,42
6001,3130,0,21224,508516968,-1786,1966
6001,3130,1,21225,509375961,4446,-3473
6001,3130,2,21226,510234954,-2903,-2943
6001,3130,3,21227,511093947,-1789,-2028
6001,3131,0,21228,511952940,1251,-1738
6001,3131,1,21229,512811933,-3776,2162
6001,3131,2,21230,513670926,390,-900
6001,3131,3,21231,514529919,4956,-721
6001,3132,0,21232,515388912,6161,3817
6001,3132,1,21233,516247905,3109,822
6001,3132,2,21234,517106898,-4644,-1768
6001,3132,3,21235,517965891,-324,2621
6001,3133,0,21236,518824884,2016,4891
6001,3133,1,21237,519683877,-965,-3122
6001,3133,2,21238,520542870,1732,-1908
6001,3133,3,21239,521401863,-1198,6137
6001,3134,0,21240,522260856,-1749,-3369
6001,3134,1,21241,523119849,1377,-4153
6001,3134,2,21242,523978842,822,2813
6001,3134,3,21243,524837835,-421,-6689
6001,3135,0,21244,525696828,-4930,-4515
6001,3135,1,21245,526555821,-2139,5263
6001,3135,2,21246,527414814,3528,817
6001,3135,3,21247,528273807,-941,-4243
6001,3136,0,21248,529132800,-4591,-1009
6001,3136,1,21249,529991793,-5065,7209
6001,3136,2,21250,530850786,-3669,2010
6001,3136,3,21251,531709779,1906,-6899
6001,3137,0,21252,532568772,5114,1668
6001,3137,1,21253,533427765,1030,1296
6001,3137,2,21254,534286758,-3812,-6857
6001,3137,3,21255,535145751,1679,-1881
6001,3138,0,21256,536004744,8605,-760
6001,3138,1,21257,536863737,4856,-5595
6001,3138,2,21258,537722730,836,-6567
6001,3138,3,21259,538581723,1256,-5162
6001,3139,0,21260,539440716,-3645,-403
6001,3139,1,21261,540299709,-6422,1802
6001,3139,2,21262,541158702,662,-184
6001,3139,3,21263,542017695,9,1214
6001,3140,0,21264,542876688,-3485,2197
6001,3140,1,21265,543735681,3150,1727
6001,3140,2,21266,544594674,2199,3403
6001,3140,3,21267,545453667,-2688,-1706
6001,3141,0,21268,546312660,1091,-5278
6001,3141,1,21269,547171653,4385,376
6001,3141,2,21270,548030646,1688,490
6001,3141,3,21271,548889639,-2678,1793
6001,3142,0,21272,549748632,-1163,322
6001,3142,1,21273,550607625,-2461,-5812
6001,3142,2,21274,551466618,-4626,6660
6001,3142,3,21275,552325611,1911,9191
6001,3143,0,21276,553184604,2530,-3520
6001,3143,1,21277,554043597,1894,3256
6001,3143,2,21278,554902590,2375,4521
6001,3143,3,21279,555761583,142,-2501
6001,3144,0,21280,556620576,3863,832
6001,3144,1,21281,557479569,-873,1899
6001,3144,2,21282,558338562,-2787,6274
6001,3144,3,21283,559197555,5963,6627
6001,3145,0,21284,560056548,1331,453
6001,3145,1,21285,560915541,-2528,4164
6001,3145,2,21286,561774534,-1430,1923
6001,3145,3,21287,562633527,-3804,-5967
6001,3146,0,21288,563492520,-2153,-463
6001,3146,1,21289,564351513,-3345,7610
6001,3146,2,21290,565210506,-4643,4241
6001,3146,3,21291,566069499,-2236,-2718
6001,3147,0,21292,566928492,766,-3060
6001,3147,1,21293,567787485,-1123,-2933
6001,3147,2,21294,568646478,-5478,-2736
6001,3147,3,21295,569505471,-411,800
6001,3148,0,21296,570364464,-1299,970
6001,3148,1,21297,571223457,-1188,386
6001,3148,2,21298,572082450,6276,-378
6001,3148,3,21299,572941443,-1304,-1570
6001,3149,0,21300,573800436,-2657,880
6001,3149,1,21301,574659429,1162,-7
6001,3149,2,21302,575518422,-660,-2406
6001,3149,3,21303,576377415,6990,-1585
6001,3150,0,21304,577236408,3675,-1008
6001,3150,1,21305,578095401,-543,3910
6001,3150,2,21306,578954394,90,6901
6001,3150,3,21307,579813387,-10831,-1339
6001,3151,0,21308,580672380,-7098,-4835
6001,3151,1,21309,581531373,-755,3715
6001,3151,2,21310,582390366,-2689,7295
6001,3151,3,21311,583249359,2121,-203
6001,3152,0,21312,584108352,-1212,-7360
6001,3152,1,21313,584967345,-2203,-3773
6001,3152,2,21314,585826338,-265,362
6001,3152,3,21315,586685331,-3952,-4188
6001,3153,0,21316,587544324,1511,591
6001,3153,1,21317,588403317,2612,6457
6001,3153,2,21318,589262310,-110,-1410
6001,3153,3,21319,590121303,2831,-741
6001,3154,0,21320,590980296,-671,-594
6001,3154,1,21321,591839289,-1338,-8881
6001,3154,2,21322,592698282,4944,-4049
6001,3154,3,21323,593557275,5665,1535
6001,3155,0,21324,594416268,2552,724
6001,3155,1,21325,595275261,2093,-487
6001,3155,2,21326,596134254,-273,-769
6001,3155,3,21327,596993247,-3522,4446
6001,3156,0,21328,597852240,-162,2141
6001,3156,1,21329,598711233,231,890
6001,3156,2,21330,599570226,2314,4402
6001,3156,3,21331,600429219,9530,-1951
6001,3157,0,21332,601288212,3219,1944
6001,3157,1,21333,602147205,-443,4457
6001,3157,2,21334,603006198,4684,-5624
6001,3157,3,21335,603865191,-1125,1655
6001,3158,0,21336,604724184,-5450,5288
6001,3158,1,21337,605583177,-3605,-7200
6001,3158,2,21338,606442170,-3062,-5008
6001,3158,3,21339,607301163,-3289,7034
6001,3159,0,21340,608160156,-2455,7981
6001,3159,1,21341,609019149,4519,105
6001,3159,2,21342,609878142,5073,1946
6001,3159,3,21343,610737135,86,7233
6001,3160,0,21344,611596128,1232,1122
6001,3160,1,21345,612455121,-1450,2108
6001,3160,2,21346,613314114,-1830,5680
6001,3160,3,21347,614173107,44,-803
6001,3161,0,21348,615032100,-3081,1146
6001,3161,1,21349,615891093,1675,4585
6001,3161,2,21350,616750086,2164,769
6001,3161,3,21351,617609079,-3489,916
6001,3162,0,21352,618468072,2385,-3489
6001,3162,1,21353,619327065,1173,-6352
6001,3162,2,21354,620186058,-3539,3918
6001,3162,3,21355,621045051,5818,4249
6001,3163,0,21356,621904044,3797,-3799
6001,3163,1,21357,622763037,-4571,-489
6001,3163,2,21358,623622030,1397,-1773
6001,3163,3,21359,624481023,199,-5988
6001,3164,0,21360,625340016,-3361,80
6001,3164,1,21361,626199009,3665,-1542
6001,3164,2,21362,627058002,2865,-3607
6001,3164,3,21363,627916995,-1134,4150
6001,3165,0,21364,628775988,-791,3086
6001,3165,1,21365,629634981,1967,5342
6001,3165,2,21366,630493974,6461,11362
6001,3165,3,21367,631352967,562,2011
6001,3166,0,21368,632211960,-2938,2269
6001,3166,1,21369,633070953,-520,8357
6001,3166,2,21370,633929946,-4312,-1178
6001,3166,3,21371,634788939,3699,726
6001,3167,0,21372,635647932,11532,6775
6001,3167,1,21373,636506925,4282,-533
6001,3167,2,21374,637365918,-1961,-564
6001,3167,3,21375,638224911,-7631,658
6001,3168,0,21376,639083904,-2355,-1174
6001,3168,1,21377,639942897,5588,1586
6001,3168,2,21378,640801890,-899,2716
6001,3168,3,21379,641660883,1658,4475
6001,3169,0,21380,642519876,4948,330
6001,3169,1,21381,643378869,-4475,-7733
6001,3169,2,21382,644237862,-6928,-8054
6001,3169,3,21383,645096855,-4678,-5933
6001,3170,0,21384,645955848,-3734,273
6001,3170,1,21385,646814841,-2086,1524
6001,3170,2,21386,647673834,-697,-5366
6001,3170,3,21387,648532827,122,-2695
6001,3171,0,21388,649391820,-603,1883
6001,3171,1,21389,650250813,-2269,2343
6001,3171,2,21390,651109806,-3387,2069
6001,3171,3,21391,651968799,3844,45
6001,3172,0,21392,652827792,6859,4986
6001,3172,1,21393,653686785,-3118,8345
6001,3172,2,21394,654545778,-1702,1891
6001,3172,3,21395,655404771,2151,506
6001,3173,0,21396,656263764,-4226,5819
6001,3173,1,21397,657122757,-4269,2837
6001,3173,2,21398,657981750,-1634,-5297
6001,3173,3,21399,658840743,-597,-4172
6001,3174,0,21400,659699736,-2487,-2983
6001,3174,1,21401,660558729,-5249,-3133
6001,3174,2,21402,661417722,327,1396
6001,3174,3,21403,662276715,4520,-2018
6001,3175,0,21404,663135708,3582,-1499
6001,3175,1,21405,663994701,2293,3346
6001,3175,2,21406,664853694,790,-1970
6001,3175,3,21407,665712687,-1163,1445
6001,3176,0,21408,666571680,-4478,3239
6001,3176,1,21409,667430673,-3939,-4127
6001,3176,2,21410,668289666,-3244,371
6001,3176,3,21411,669148659,-2598,-1346
6001,3177,0,21412,670007652,-1069,-7620
6001,3177,1,21413,670866645,-3798,-2318
6001,3177,2,21414,671725638,2107,-3770
6001,3177,3,21415,672584631,6020,-5320
6001,3178,0,21416,673443624,-5911,-1049
6001,3178,1,21417,674302617,-10182,-2006
6001,3178,2,21418,675161610,-2273,1196
6001,3178,3,21419,676020603,3752,1733
6001,3179,0,21420,676879596,2334,-5518
6001,3179,1,21421,677738589,311,-5151
6001,3179,2,21422,678597582,-1025,-3228
6001,3179,3,21423,679456575,-8247,-2968
6001,3180,0,21424,680315568,-5693,37
6001,3180,1,21425,681174561,148,-571
6001,3180,2,21426,682033554,-3075,1804
6001,3180,3,21427,682892547,-578,7786
6001,3181,0,21428,683751540,1871,4875
6001,3181,1,21429,684610533,3944,-4018
6001,3181,2,21430,685469526,5004,-2754
6001,3181,3,21431,686328519,-760,6766
6001,3182,0,21432,687187512,-2007,531
6001,3182,1,21433,688046505,-4925,-7772
6001,3182,2,21434,688905498,-3512,-1094
6001,3182,3,21435,689764491,3111,-2980
6001,3183,0,21436,690623484,224,-5664
6001,3183,1,21437,691482477,991,-2475
6001,3183,2,21438,692341470,644,-1391
6001,3183,3,21439,693200463,477,6711
6001,3184,0,21440,694059456,4987,3438
6001,3184,1,21441,694918449,-2138,-2935
6001,3184,2,21442,695777442,-810,2022
6001,3184,3,21443,696636435,4445,-1246
6001,3185,0,21444,697495428,-2924,2661
6001,3185,1,21445,698354421,-355,3750
6001,3185,2,21446,699213414,3489,-6778
6001,3185,3,21447,700072407,590,1600
6001,3186,0,21448,700931400,319,6643
6001,3186,1,21449,701790393,427,-664
6001,3186,2,21450,702649386,2152,-2564
6001,3186,3,21451,703508379,-218,-5127
6001,3187,0,21452,704367372,-1858,549
6001,3187,1,21453,705226365,-2038,7751
6001,3187,2,21454,706085358,-6110,1070
6001,3187,3,21455,706944351,-873,-8284
6001,3188,0,21456,707803344,4391,-5216
6001,3188,1,21457,708662337,3565,5334
6001,3188,2,21458,709521330,6504,3357
6001,3188,3,21459,710380323,2823,-4121
6001,3189,0,21460,711239316,-2793,-4252
6001,3189,1,21461,712098309,-2011,119
6001,3189,2,21462,712957302,-2768,3366
6001,3189,3,21463,713816295,-424,-1070
6001,3190,0,21464,714675288,3031,-1375
6001,3190,1,21465,715534281,-2560,-258
6001,3190,2,21466,716393274,-5413,-1656
6001,3190,3,21467,717252267,879,4038
6001,3191,0,21468,718111260,-2049,1048
6001,3191,1,21469,718970253,-10097,-2468
6001,3191,2,21470,719829246,-5973,375
6001,3191,3,21471,720688239,-3942,-3305
6001,3192,0,21472,721547232,-7012,1423
6001,3192,1,21473,722406225,-1696,6652
6001,3192,2,21474,723265218,829,5760
6001,3192,3,21475,724124211,-2642,7295
6001,3193,0,21476,724983204,-965,1174
6001,3193,1,21477,725842197,2999,-3415
6001,3193,2,21478,726701190,3198,-2705
6001,3193,3,21479,727560183,-290,-3250
6001,3194,0,21480,728419176,1176,-3540
6001,3194,1,21481,729278169,6340,-2792
6001,3194,2,21482,730137162,2383,1537
6001,3194,3,21483,730996155,245,-2015
6001,3195,0,21484,731855148,4971,-2467
6001,3195,1,21485,732714141,2759,7045
6001,3195,2,21486,733573134,-272,2393
6001,3195,3,21487,734432127,-1778,-2296
6001,3196,0,21488,735291120,-3499,-1048
6001,3196,1,21489,736150113,-884,-4828
6001,3196,2,21490,737009106,-877,-2296
6001,3196,3,21491,737868099,1445,-1352
6001,3197,0,21492,738727092,5216,541
6001,3197,1,21493,739586085,2212,9455
6001,3197,2,21494,740445078,3188,6821
6001,3197,3,21495,741304071,2679,-3145
6001,3198,0,21496,742163064,-1757,-3081
6001,3198,1,21497,743022057,1604,5038
6001,3198,2,21498,743881050,3135,1981
6001,3198,3,21499,744740043,-2653,-8551
6001,3199,0,21500,745599036,-3437,-955
6001,3199,1,21501,746458029,5423,5127
6001,3199,2,21502,747317022,7794,-4143
6001,3199,3,21503,748176015,2484,247
6001,3200,0,21504,749035008,3705,4837
6001,3200,1,21505,749894001,-62,-2021
6001,3200,2,21506,750752994,-5356,3904
6001,3200,3,21507,751611987,-2793,3101
6001,3201,0,21508,752470980,-1104,-3131
6001,3201,1,21509,753329973,2409,8032
6001,3201,2,21510,754188966,632,4151
6001,3201,3,21511,755047959,63,-5590
6001,3202,0,21512,755906952,3456,703
6001,3202,1,21513,756765945,-4059,439
6001,3202,2,21514,757624938,-2789,567
6001,3202,3,21515,758483931,-174,292
6001,3203,0,21516,759342924,-6172,3385
6001,3203,1,21517,760201917,-261,11309
6001,3203,2,21518,761060910,2074,975
6001,3203,3,21519,761919903,-1148,1758
6001,3204,0,21520,762778896,-3731,7972
6001,3204,1,21521,763637889,-8119,-796
6001,3204,2,21522,764496882,-4456,6381
6001,3204,3,21523,765355875,-2222,6293
6001,3205,0,21524,766214868,-79,-119
6001,3205,1,21525,767073861,-806,7185
6001,3205,2,21526,767932854,-3230,-199
6001,3205,3,21527,768791847,5066,-4511
6001,3206,0,21528,769650840,974,3506
6001,3206,1,21529,770509833,-3445,1709
6001,3206,2,21530,771368826,3009,-5025
6001,3206,3,21531,772227819,988,-4429
6001,3207,0,21532,773086812,2994,2671
6001,3207,1,21533,773945805,985,-961
6001,3207,2,21534,774804798,1662,-2352
6001,3207,3,21535,775663791,9457,1945
6001,3208,0,21536,776522784,-1480,-4888
6001,3208,1,21537,777381777,-2656,-4430
6001,3208,2,21538,778240770,6198,-2585
6001,3208,3,21539,779099763,4296,-4093
6001,3209,0,21540,779958756,8383,-1098
6001,3209,1,21541,780817749,3978,-1531
6001,3209,2,21542,781676742,-7042,2379
6001,3209,3,21543,782535735,-3390,-795
6001,3210,0,21544,783394728,3632,-2078
6001,3210,1,21545,784253721,-343,7622
6001,3210,2,21546,785112714,-3879,2240
6001,3210,3,21547,785971707,4590,-1621
6001,3211,0,21548,786830700,111,-1093
6001,3211,1,21549,787689693,-5719,-1467
6001,3211,2,21550,788548686,5844,2849
6001,3211,3,21551,789407679,843,-150
6001,3212,0,21552,790266672,-7276,6005
6001,3212,1,21553,791125665,-2303,3889
6001,3212,2,21554,791984658,-3452,-7789
6001,3212,3,21555,792843651,-2776,-220
6001,3213,0,21556,793702644,80,-6808
6001,3213,1,21557,794561637,684,-10079
6001,3213,2,21558,795420630,-738,3922
6001,3213,3,21559,796279623,-2878,288
6001,3214,0,21560,797138616,-2586,-314
6001,3214,1,21561,797997609,-3731,1076
6001,3214,2,21562,798856602,-193,-731
6001,3214,3,21563,799715595,-1055,3816
6001,3215,0,21564,800574588,-3182,801
6001,3215,1,21565,801433581,4325,1429
6001,3215,2,21566,802292574,-1004,2074
6001,3215,3,21567,803151567,-6534,-977
6001,3216,0,21568,804010560,-1274,1501
6001,3216,1,21569,804869553,-241,-1753
6001,3216,2,21570,805728546,3189,-3569
6001,3216,3,21571,806587539,1132,-3041
6001,3217,0,21572,807446532,-408,-3412
6001,3217,1,21573,808305525,4162,-1637
6001,3217,2,21574,809164518,-1838,-3806
6001,3217,3,21575,810023511,-4009,-1166
6001,3218,0,21576,810882504,798,259
6001,3218,1,21577,811741497,1632,-3190
6001,3218,2,21578,812600490,4701,-861
6001,3218,3,21579,813459483,6931,750
6001,3219,0,21580,814318476,1597,4031
6001,3219,1,21581,815177469,-2523,2757
6001,3219,2,21582,816036462,2815,-4408
6001,3219,3,21583,816895455,1985,377
6001,3220,0,21584,817754448,785,5466
6001,3220,1,21585,818613441,7807,3051
6001,3220,2,21586,819472434,2819,1916
6001,3220,3,21587,820331427,2417,981
6001,3221,0,21588,821190420,3171,2038
6001,3221,1,21589,822049413,-8631,1837
6001,3221,2,21590,822908406,-2749,-498
6001,3221,3,21591,823767399,4518,-1468
6001,3222,0,21592,824626392,3395,-4132
6001,3222,1,21593,825485385,4849,-733
6001,3222,2,21594,826344378,-2199,6863
6001,3222,3,21595,827203371,2600,3226
6001,3223,0,21596,828062364,5826,-362
6001,3223,1,21597,828921357,-4147,4598
6001,3223,2,21598,829780350,2525,4560
6001,3223,3,21599,830639343,5354,-511
6001,3224,0,21600,831498336,-2585,-4774
6001,3224,1,21601,832357329,-3837,-3987
6001,3224,2,21602,833216322,-3352,-1867
6001,3224,3,21603,834075315,1766,-4939
6001,3225,0,21604,834934308,5343,-1283
6001,3225,1,21605,835793301,3771,4033
6001,3225,2,21606,836652294,867,1730
6001,3225,3,21607,837511287,-1428,-1531
6001,3226,0,21608,838370280,-1577,-5887
6001,3226,1,21609,839229273,-2432,-859
6001,3226,2,21610,840088266,5163,4204
6001,3226,3,21611,840947259,6899,-2685
6001,3227,0,21612,841806252,-1842,-1987
6001,3227,1,21613,842665245,2591,3098
6001,3227,2,21614,843524238,1875,5543
6001,3227,3,21615,844383231,1041,1300
6001,3228,0,21616,845242224,11100,-6211
6001,3228,1,21617,846101217,1732,-376
6001,3228,2,21618,846960210,-6032,-1693
6001,3228,3,21619,847819203,-1751,-7142
6001,3229,0,21620,848678196,-7204,453
6001,3229,1,21621,849537189,-3790,5516
6001,3229,2,21622,850396182,2495,5751
6001,3229,3,21623,851255175,-3052,-5354
6001,3230,0,21624,852114168,-4683,-7690
6001,3230,1,21625,852973161,-2571,6044
6001,3230,2,21626,853832154,103,2051
6001,3230,3,21627,854691147,1503,596
6001,3231,0,21628,855550140,-1241,1862
6001,3231,1,21629,856409133,1209,-3765
6001,3231,2,21630,857268126,3350,3124
6001,3231,3,21631,858127119,-1645,-796
6001,3232,0,21632,858986112,-774,-4384
6001,3232,1,21633,859845105,-853,2385
6001,3232,2,21634,860704098,-8440,892
6001,3232,3,21635,861563091,-2703,8769
6001,3233,0,21636,862422084,4463,9260
6001,3233,1,21637,863281077,-3297,-824
6001,3233,2,21638,864140070,-3211,-1974
6001,3233,3,21639,864999063,2059,-5659
6001,3234,0,21640,865858056,-923,1245
6001,3234,1,21641,866717049,-4937,7059
6001,3234,2,21642,867576042,-3198,-2049
6001,3234,3,21643,868435035,5671,115
6001,3235,0,21644,869294028,1077,1418
6001,3235,1,21645,870153021,-7265,-3236
6001,3235,2,21646,871012014,3684,3171
6001,3235,3,21647,871871007,2310,4685
6001,3236,0,21648,872730000,-5085,-2041
6001,3236,1,21649,873588993,3336,-1079
6001,3236,2,21650,874447986,3325,768
6001,3236,3,21651,875306979,594,-1582
6001,3237,0,21652,876165972,153,-711
6001,3237,1,21653,877024965,349,-58
6001,3237,2,21654,877883958,6720,489
6001,3237,3,21655,878742951,2777,-1909
6001,3238,0,21656,879601944,3062,-5973
6001,3238,1,21657,880460937,5000,1580
6001,3238,2,21658,881319930,-10036,3752
6001,3238,3,21659,882178923,-8458,-2223
6001,3239,0,21660,883037916,2277,-891
6001,3239,1,21661,883896909,-1014,-1710
6001,3239,2,21662,884755902,-2147,1866
6001,3239,3,21663,885614895,-1748,3968
6001,3240,0,21664,886473888,3588,-372
6001,3240,1,21665,887332881,6877,4749
6001,3240,2,21666,888191874,-24,1607
6001,3240,3,21667,889050867,379,-1608
6001,3241,0,21668,889909860,1306,9647
6001,3241,1,21669,890768853,246,8511
6001,3241,2,21670,891627846,727,1527
6001,3241,3,21671,892486839,-3805,3584
6001,3242,0,21672,893345832,1150,4054
6001,3242,1,21673,894204825,6794,83
6001,3242,2,21674,895063818,-957,-391
6001,3242,3,21675,895922811,-3034,2579
6001,3243,0,21676,896781804,-683,190
6001,3243,1,21677,897640797,-3526,-1103
6001,3243,2,21678,898499790,-2585,-1975
6001,3243,3,21679,899358783,157,-2643
6001,3244,0,21680,900217776,-2143,5018
6001,3244,1,21681,901076769,-2311,4923
6001,3244,2,21682,901935762,-220,1547
6001,3244,3,21683,902794755,-990,3007
6001,3245,0,21684,903653748,2918,-3546
6001,3245,1,21685,904512741,4119,-3691
6001,3245,2,21686,905371734,-3168,1599
6001,3245,3,21687,906230727,438,-2985
6001,3246,0,21688,907089720,8770,-3427
6001,3246,1,21689,907948713,3634,1828
6001,3246,2,21690,908807706,-3267,-1098
6001,3246,3,21691,909666699,-3638,-4627
6001,3247,0,21692,910525692,-2898,-472
6001,3247,1,21693,911384685,1612,203
6001,3247,2,21694,912243678,4124,3590
6001,3247,3,21695,913102671,-5013,10061
6001,3248,0,21696,913961664,-7148,-591
6001,3248,1,21697,914820657,1266,-7671
6001,3248,2,21698,915679650,1731,2254
6001,3248,3,21699,916538643,5454,5590
6001,3249,0,21700,917397636,7492,-826
6001,3249,1,21701,918256629,-3713,-4305
6001,3249,2,21702,919115622,-5886,1337
6001,3249,3,21703,919974615,-2500,-387
6001,3250,0,21704,920833608,-4188,-5960
6001,3250,1,21705,921692601,-3833,2267
6001,3250,2,21706,922551594,-2312,1046
6001,3250,3,21707,923410587,1603,-753
6001,3251,0,21708,924269580,1570,8247
6001,3251,1,21709,925128573,513,1635
6001,3251,2,21710,925987566,3720,-2557
6001,3251,3,21711,926846559,554,1515
6001,3252,0,21712,927705552,41,-1268
6001,3252,1,21713,928564545,2139,1695
6001,3252,2,21714,929423538,255,780
6001,3252,3,21715,930282531,3589,-6734
6001,3253,0,21716,931141524,2072,-5726
6001,3253,1,21717,932000517,-4523,-2378
6001,3253,2,21718,932859510,-3902,-635
6001,3253,3,21719,933718503,2098,1064
6001,3254,0,21720,934577496,3710,666
6001,3254,1,21721,935436489,-6551,676
6001,3254,2,21722,936295482,-5432,4555
6001,3254,3,21723,937154475,5615,4976
6001,3255,0,21724,938013468,-1180,-3030
6001,3255,1,21725,938872461,-5546,-4149
6001,3255,2,21726,939731454,-1978,4841
6001,3255,3,21727,940590447,-2643,6083
6001,3256,0,21728,941449440,-637,-1067
6001,3256,1,21729,942308433,-4364,-3596
6001,3256,2,21730,943167426,-4095,-1119
6001,3256,3,21731,944026419,4220,283
6001,3257,0,21732,944885412,2585,-1274
6001,3257,1,21733,945744405,-2289,-1445
6001,3257,2,21734,946603398,-5874,2736
6001,3257,3,21735,947462391,-2600,2243
6001,3258,0,21736,948321384,1107,2160
6001,3258,1,21737,949180377,-6336,6797
6001,3258,2,21738,950039370,-608,-291
6001,3258,3,21739,950898363,4350,-4056
6001,3259,0,21740,951757356,-4457,3350
6001,3259,1,21741,952616349,3380,546
6001,3259,2,21742,953475342,7262,-4194
6001,3259,3,21743,954334335,-766,-4245
6001,3260,0,21744,955193328,-1166,309
6001,3260,1,21745,956052321,-8407,2798
6001,3260,2,21746,956911314,-9354,-5499
6001,3260,3,21747,957770307,-43,-1175
6001,3261,0,21748,958629300,-235,4204
6001,3261,1,21749,959488293,2724,-2063
6001,3261,2,21750,960347286,5535,1423
6001,3261,3,21751,961206279,263,1902
6001,3262,0,21752,962065272,-2005,3506
6001,3262,1,21753,962924265,-4352,6684
6001,3262,2,21754,963783258,-4686,-2439
6001,3262,3,21755,964642251,58,-609
6001,3263,0,21756,965501244,1392,261
6001,3263,1,21757,966360237,721,-4159
6001,3263,2,21758,967219230,385,5304
6001,3263,3,21759,968078223,-234,4307
6001,3264,0,21760,968937216,4539,-962
6001,3264,1,21761,969796209,5719,3800
6001,3264,2,21762,970655202,-3882,897
6001,3264,3,21763,971514195,-1751,-819
6001,3265,0,21764,972373188,6900,2819
6001,3265,1,21765,973232181,1424,-2568
6001,3265,2,21766,974091174,1807,-8532
6001,3265,3,21767,974950167,5566,-4276
6001,3266,0,21768,975809160,-1161,-3473
6001,3266,1,21769,976668153,-1121,-5709
6001,3266,2,21770,977527146,4176,-1497
6001,3266,3,21771,978386139,7761,-3858
6001,3267,0,21772,979245132,6391,-2730
6001,3267,1,21773,980104125,-1288,3684
6001,3267,2,21774,980963118,-1141,-2895
6001,3267,3,21775,981822111,818,333
6001,3268,0,21776,982681104,373,6786
6001,3268,1,21777,983540097,2607,-3865
6001,3268,2,21778,984399090,-690,-2819
6001,3268,3,21779,985258083,-4257,2889
6001,3269,0,21780,986117076,-3270,-4089
6001,3269,1,21781,986976069,2794,-2113
6001,3269,2,21782,987835062,6040,4113
6001,3269,3,21783,988694055,-2201,-2054
6001,3270,0,21784,989553048,512,-5830
6001,3270,1,21785,990412041,6481,3539
6001,3270,2,21786,991271034,-344,6433
6001,3270,3,21787,992130027,-607,-3480
6001,3271,0,21788,992989020,-4142,-5360
6001,3271,1,21789,993848013,-6089,-599
6001,3271,2,21790,994707006,6046,2465
6001,3271,3,21791,995565999,4329,9909
6001,3272,0,21792,996424992,-1869,7153
6001,3272,1,21793,997283985,-158,-6383
6001,3272,2,21794,998142978,-2492,-4537
6001,3272,3,21795,999001971,1675,-1232
6001,3273,0,21796,999860964,3718,-8206
6001,3273,1,21797,1000719957,-795,-2540
6001,3273,2,21798,1001578950,1491,2809
6001,3273,3,21799,1002437943,1528,-3706
6001,3274,0,21800,1003296936,763,-1204
6001,3274,1,21801,1004155929,379,4010
6001,3274,2,21802,1005014922,-3033,-285
6001,3274,3,21803,1005873915,-208,-5060
6001,3275,0,21804,1006732908,-889,-3438
6001,3275,1,21805,1007591901,-4630,-303
6001,3275,2,21806,1008450894,203,-423
6001,3275,3,21807,1009309887,1891,1441
6001,3276,0,21808,1010168880,-129,1394
6001,3276,1,21809,1011027873,1063,-644
6001,3276,2,21810,1011886866,1914,1805
6001,3276,3,21811,1012745859,193,192
6001,3277,0,21812,1013604852,-2135,-899
6001,3277,1,21813,1014463845,-225,2281
6001,3277,2,21814,1015322838,-1089,1649
6001,3277,3,21815,1016181831,-3492,3861
6001,3278,0,21816,1017040824,1135,3431
6001,3278,1,21817,1017899817,1425,-3442
6001,3278,2,21818,1018758810,-1420,348
6001,3278,3,21819,1019617803,-40,8324
6001,3279,0,21820,1020476796,1209,3367
6001,3279,1,21821,1021335789,2704,-4098
6001,3279,2,21822,1022194782,3430,-2488
6001,3279,3,21823,1023053775,3853,468
6001,3280,0,21824,1023912768,-1712,27
6001,3280,1,21825,1024771761,-6466,-2382
6001,3280,2,21826,1025630754,2033,-3735
6001,3280,3,21827,1026489747,1820,-6
6001,3281,0,21828,1027348740,-3139,2135
6001,3281,1,21829,1028207733,3253,-281
6001,3281,2,21830,1029066726,3483,-316
6001,3281,3,21831,1029925719,-275,4072
6001,3282,0,21832,1030784712,-3506,4146
6001,3282,1,21833,1031643705,-2240,-3594
6001,3282,2,21834,1032502698,6395,-3930
6001,3282,3,21835,1033361691,3679,-2657
6001,3283,0,21836,1034220684,811,-5377
6001,3283,1,21837,1035079677,3208,1813
6001,3283,2,21838,1035938670,-126,1869
6001,3283,3,21839,1036797663,3587,-2340
6001,3284,0,21840,1037656656,3306,1774
6001,3284,1,21841,1038515649,-4778,-1401
6001,3284,2,21842,1039374642,-1478,1130
6001,3284,3,21843,1040233635,2016,2826
6001,3285,0,21844,1041092628,-1340,-4452
6001,3285,1,21845,1041951621,-64,-166
6001,3285,2,21846,1042810614,2166,-1200
6001,3285,3,21847,1043669607,-138,-4825
6001,3286,0,21848,1044528600,765,479
6001,3286,1,21849,1045387593,1000,2774
6001,3286,2,21850,1046246586,-3875,5166
6001,3286,3,21851,1047105579,-4898,-2168
6001,3287,0,21852,1047964572,-3778,-3803
6001,3287,1,21853,1048823565,2338,9572
6001,3287,2,21854,1049682558,5052,6428
6001,3287,3,21855,1050541551,-1055,-198
6001,3288,0,21856,1051400544,5609,960
6001,3288,1,21857,1052259537,6722,-1013
6001,3288,2,21858,1053118530,-443,-3106
6001,3288,3,21859,1053977523,2800,-4983
6001,3289,0,21860,1054836516,-3802,147
6001,3289,1,21861,1055695509,-3175,912
6001,3289,2,21862,1056554502,4383,-4208
6001,3289,3,21863,1057413495,-707,-1830
6001,3290,0,21864,1058272488,1755,-2133
6001,3290,1,21865,1059131481,-3386,1292
6001,3290,2,21866,1059990474,-6424,2354
6001,3290,3,21867,1060849467,3796,-4419
6001,3291,0,21868,1061708460,-757,180
6001,3291,1,21869,1062567453,1302,1231
6001,3291,2,21870,1063426446,3718,-361
6001,3291,3,21871,1064285439,-5908,4814
6001,3292,0,21872,1065144432,-5066,1485
6001,3292,1,21873,1066003425,-4014,74
6001,3292,2,21874,1066862418,1229,1188
6001,3292,3,21875,1067721411,4811,-2687
6001,3293,0,21876,1068580404,1519,112
6001,3293,1,21877,1069439397,4993,5929
6001,3293,2,21878,1070298390,-3720,1045
6001,3293,3,21879,1071157383,-6706,-8330
6001,3294,0,21880,1072016376,3420,-2750
6001,3294,1,21881,1072875369,-838,1521
6001,3294,2,21882,1073734362,-767,-6354
6001,3294,3,21883,1074593355,934,-2230
6001,3295,0,21884,1075452348,-4347,319
6001,3295,1,21885,1076311341,-1661,-2248
6001,3295,2,21886,1077170334,-1630,4809
6001,3295,3,21887,1078029327,-3356,2237
6001,3296,0,21888,1078888320,734,-1618
6001,3296,1,21889,1079747313,198,3033
6001,3296,2,21890,1080606306,-4609,295
6001,3296,3,21891,1081465299,192,-4831
6001,3297,0,21892,1082324292,5423,-5708
6001,3297,1,21893,1083183285,-2448,-2388
6001,3297,2,21894,1084042278,-1480,-599
6001,3297,3,21895,1084901271,4856,-1755
6001,3298,0,21896,1085760264,1747,-1479
6001,3298,1,21897,1086619257,2515,-4423
6001,3298,2,21898,1087478250,-1220,-1968
6001,3298,3,21899,1088337243,-5393,1680
6001,3299,0,21900,1089196236,445,-1938
6001,3299,1,21901,1090055229,1786,791
6001,3299,2,21902,1090914222,631,-668
6001,3299,3,21903,1091773215,-351,-5758
6001,3300,0,21904,1092632208,-36,-355
6001,3300,1,21905,1093491201,869,-954
6001,3300,2,21906,1094350194,-4794,-4828
6001,3300,3,21907,1095209187,-5837,-918
6001,3301,0,21908,1096068180,414,2070
6001,3301,1,21909,1096927173,3030,2985
6001,3301,2,21910,1097786166,-1408,2346
6001,3301,3,21911,1098645159,-2273,68
6001,3302,0,21912,1099504152,4868,610
6001,3302,1,21913,1100363145,3333,2379
6001,3302,2,21914,1101222138,-392,-5676
6001,3302,3,21915,1102081131,-412,-12774
6001,3303,0,21916,1102940124,-3624,-2427
6001,3303,1,21917,1103799117,1822,2400
6001,3303,2,21918,1104658110,4681,476
6001,3303,3,21919,1105517103,-2500,3086
6001,3304,0,21920,1106376096,-3592,-3126
6001,3304,1,21921,1107235089,-2291,-311
6001,3304,2,21922,1108094082,-2437,6626
6001,3304,3,21923,1108953075,-1308,1123
6001,3305,0,21924,1109812068,1808,6062
6001,3305,1,21925,1110671061,1801,6569
6001,3305,2,21926,1111530054,-1658,-739
6001,3305,3,21927,1112389047,1161,2733
6001,3306,0,21928,1113248040,731,801
6001,3306,1,21929,1114107033,-3717,2573
6001,3306,2,21930,1114966026,-2060,8456
6001,3306,3,21931,1115825019,-44,2057
6001,3307,0,21932,1116684012,-142,-1808
6001,3307,1,21933,1117543005,-1158,226
6001,3307,2,21934,1118401998,2902,630
6001,3307,3,21935,1119260991,3257,-5240
6001,3308,0,21936,1120119984,-2629,-7369
6001,3308,1,21937,1120978977,2924,-133
6001,3308,2,21938,1121837970,1518,-803
6001,3308,3,21939,1122696963,-3856,890
6001,3309,0,21940,1123555956,3390,230
6001,3309,1,21941,1124414949,1266,-7313
6001,3309,2,21942,1125273942,2004,1634
6001,3309,3,21943,1126132935,6358,172
6001,3310,0,21944,1126991928,72,-6173
6001,3310,1,21945,1127850921,3843,4893
6001,3310,2,21946,1128709914,6334,-676
6001,3310,3,21947,1129568907,499,-1263
6001,3311,0,21948,1130427900,-1723,11655
6001,3311,1,21949,1131286893,-4799,3172
6001,3311,2,21950,1132145886,-4443,-3542
6001,3311,3,21951,1133004879,-4623,-983
6001,3312,0,21952,1133863872,-610,-78
6001,3312,1,21953,1134722865,4704,2734
6001,3312,2,21954,1135581858,-3961,-1708
6001,3312,3,21955,1136440851,-3246,-5314
6001,3313,0,21956,1137299844,1557,-2496
6001,3313,1,21957,1138158837,-5346,-155
6001,3313,2,21958,1139017830,-983,-1362
6001,3313,3,21959,1139876823,1475,-5167
6001,3314,0,21960,1140735816,-3392,-2917
6001,3314,1,21961,1141594809,5813,-939
6001,3314,2,21962,1142453802,7360,779
6001,3314,3,21963,1143312795,-5158,3938
6001,3315,0,21964,1144171788,-5130,-2572
6001,3315,1,21965,1145030781,203,-5389
6001,3315,2,21966,1145889774,-564,-2311
6001,3315,3,21967,1146748767,2157,-781
6001,3316,0,21968,1147607760,2076,3342
6001,3316,1,21969,1148466753,-3095,-1790
6001,3316,2,21970,1149325746,-2532,-5832
6001,3316,3,21971,1150184739,-141,-110
6001,3317,0,21972,1151043732,2070,-75
6001,3317,1,21973,1151902725,1088,1167
6001,3317,2,21974,1152761718,-2248,912
6001,3317,3,21975,1153620711,4134,-622
6001,3318,0,21976,1154479704,7482,4883
6001,3318,1,21977,1155338697,2201,-2447
6001,3318,2,21978,1156197690,1607,-9905
6001,3318,3,21979,1157056683,1531,850
6001,3319,0,21980,1157915676,3819,4372
6001,3319,1,21981,1158774669,5673,-773
6001,3319,2,21982,1159633662,-1232,-3267
6001,3319,3,21983,1160492655,-2841,-5487
6001,3320,0,21984,1161351648,2486,-2830
6001,3320,1,21985,1162210641,3079,69
6001,3320,2,21986,1163069634,1815,893
6001,3320,3,21987,1163928627,2513,137
6001,3321,0,21988,1164787620,234,-6570
6001,3321,1,21989,1165646613,-3363,-4671
6001,3321,2,21990,1166505606,254,3744
6001,3321,3,21991,1167364599,3966,-2596
6001,3322,0,21992,1168223592,2330,-7186
6001,3322,1,21993,1169082585,1227,3572
6001,3322,2,21994,1169941578,-677,6827
6001,3322,3,21995,1170800571,-2527,-836
6001,3323,0,21996,1171659564,-4914,-4420
6001,3323,1,21997,1172518557,-1937,-3976
6001,3323,2,21998,1173377550,9403,-1279
6001,3323,3,21999,1174236543,9721,372
6001,3324,0,22000,1175095536,3991,-4017
6001,3324,1,22001,1175954529,1119,-6337
6001,3324,2,22002,1176813522,-5836,-2488
6001,3324,3,22003,1177672515,-1450,1990
6001,3325,0,22004,1178531508,6400,3581
6001,3325,1,22005,1179390501,2365,-1021
6001,3325,2,22006,1180249494,1693,-4467
6001,3325,3,22007,1181108487,911,-2359
6001,3326,0,22008,1181967480,-2722,-2450
6001,3326,1,22009,1182826473,-1089,-970
6001,3326,2,22010,1183685466,1169,30
6001,3326,3,22011,1184544459,1444,-3964
6001,3327,0,22012,1185403452,-2214,-1661
6001,3327,1,22013,1186262445,-1742,2771
6001,3327,2,22014,1187121438,4025,1113
6001,3327,3,22015,1187980431,1957,-1019
6001,3328,0,22016,1188839424,-131,-39
6001,3328,1,22017,1189698417,1339,3283
6001,3328,2,22018,1190557410,1619,1510
6001,3328,3,22019,1191416403,4349,-685
6001,3329,0,22020,1192275396,3417,-15
6001,3329,1,22021,1193134389,-323,-6074
6001,3329,2,22022,1193993382,-2009,-3834
6001,3329,3,22023,1194852375,-1582,5938
6001,3330,0,22024,1195711368,4359,3370
6001,3330,1,22025,1196570361,6514,-957
6001,3330,2,22026,1197429354,3200,-6251
6001,3330,3,22027,1198288347,4014,-10772
6001,3331,0,22028,1199147340,3868,-1219
6001,3331,1,22029,1200006333,2420,6363
6001,3331,2,22030,1200865326,1706,4215
6001,3331,3,22031,1201724319,-4377,-12
6001,3332,0,22032,1202583312,-6227,-3004
6001,3332,1,22033,1203442305,4204,-323
6001,3332,2,22034,1204301298,7240,-1158
6001,3332,3,22035,1205160291,-2023,-3359
6001,3333,0,22036,1206019284,-414,2848
6001,3333,1,22037,1206878277,6686,4216
6001,3333,2,22038,1207737270,2857,-1321
6001,3333,3,22039,1208596263,-458,-2332
6001,3334,0,22040,1209455256,496,-2332
6001,3334,1,22041,1210314249,2352,-2810
6001,3334,2,22042,1211173242,4513,2465
6001,3334,3,22043,1212032235,2938,4610
6001,3335,0,22044,1212891228,3027,-2664
6001,3335,1,22045,1213750221,-245,-5921
6001,3335,2,22046,1214609214,-3382,-3148
6001,3335,3,22047,1215468207,7025,683
6001,3336,0,22048,1216327200,7495,1371
6001,3336,1,22049,1217186193,-1976,-6610
6001,3336,2,22050,1218045186,966,-7085
6001,3336,3,22051,1218904179,248,975
6001,3337,0,22052,1219763172,-2109,62
6001,3337,1,22053,1220622165,1070,-2257
6001,3337,2,22054,1221481158,-406,-862
6001,3337,3,22055,1222340151,3020,2651
6001,3338,0,22056,1223199144,3349,5131
6001,3338,1,22057,1224058137,-2595,-855
6001,3338,2,22058,1224917130,159,-3334
6001,3338,3,22059,1225776123,1799,725
6001,3339,0,22060,1226635116,3805,1261
6001,3339,1,22061,1227494109,3958,3955
6001,3339,2,22062,1228353102,-4688,5961
6001,3339,3,22063,1229212095,-1652,-3240
6001,3340,0,22064,1230071088,3946,-8220
6001,3340,1,22065,1230930081,1050,1643
6001,3340,2,22066,1231789074,4309,2887
6001,3340,3,22067,1232648067,3554,-664
6001,3341,0,22068,1233507060,-1876,5078
6001,3341,1,22069,1234366053,932,1335
6001,3341,2,22070,1235225046,4288,1438
6001,3341,3,22071,1236084039,1767,7048
6001,3342,0,22072,1236943032,-1052,-2806
6001,3342,1,22073,1237802025,-201,-3032
6001,3342,2,22074,1238661018,-719,4257
6001,3342,3,22075,1239520011,869,4776
6001,3343,0,22076,1240379004,-402,5354
6001,3343,1,22077,1241237997,-11063,-1003
6001,3343,2,22078,1242096990,-4746,-1078
6001,3343,3,22079,1242955983,5245,-2332
6001,3344,0,22080,1243814976,-2759,-7866
6001,3344,1,22081,1244673969,2033,832
6001,3344,2,22082,1245532962,5663,-2341
6001,3344,3,22083,1246391955,-2080,-6049
6001,3345,0,22084,1247250948,4946,2009
6001,3345,1,22085,1248109941,4847,-2566
6001,3345,2,22086,1248968934,-2688,543
6001,3345,3,22087,1249827927,451,2356
6001,3346,0,22088,1250686920,922,-4438
6001,3346,1,22089,1251545913,3749,3079
6001,3346,2,22090,1252404906,7288,2273
6001,3346,3,22091,1253263899,2467,-3884
6001,3347,0,22092,1254122892,-924,-79
6001,3347,1,22093,1254981885,874,1087
6001,3347,2,22094,1255840878,627,66
6001,3347,3,22095,1256699871,-6907,-1518
6001,3348,0,22096,1257558864,-6790,1409
6001,3348,1,22097,1258417857,-404,1351
6001,3348,2,22098,1259276850,-2117,-3047
6001,3348,3,22099,1260135843,-367,1163
6001,3349,0,22100,1260994836,-2643,-1141
6001,3349,1,22101,1261853829,-6991,-5395
6001,3349,2,22102,1262712822,-1450,-286
6001,3349,3,22103,1263571815,-5260,414
6001,3350,0,22104,1264430808,-4511,863
6001,3350,1,22105,1265289801,3030,4113
6001,3350,2,22106,1266148794,-2730,3204
6001,3350,3,22107,1267007787,-991,-2566
6001,3351,0,22108,1267866780,621,-4662
6001,3351,1,22109,1268725773,-2319,2032
6001,3351,2,22110,1269584766,8848,5222
6001,3351,3,22111,1270443759,9564,3651
6001,3352,0,22112,1271302752,-216,-1209
6001,3352,1,22113,1272161745,331,-5991
6001,3352,2,22114,1273020738,412,-334
6001,3352,3,22115,1273879731,-2407,2368
6001,3353,0,22116,1274738724,-2211,-2797
6001,3353,1,22117,1275597717,-1541,-3060
6001,3353,2,22118,1276456710,-1937,3141
6001,3353,3,22119,1277315703,1375,7433
6001,3354,0,22120,1278174696,2751,1927
6001,3354,1,22121,1279033689,-540,-1138
6001,3354,2,22122,1279892682,3832,2175
6001,3354,3,22123,1280751675,3522,876
6001,3355,0,22124,1281610668,-1198,-1661
6001,3355,1,22125,1282469661,2295,-1203
6001,3355,2,22126,1283328654,-1590,3229
6001,3355,3,22127,1284187647,-1845,3687
6001,3356,0,22128,1285046640,5125,-528
6001,3356,1,22129,1285905633,2750,-524
6001,3356,2,22130,1286764626,2865,-3295
6001,3356,3,22131,1287623619,1789,-1478
6001,3357,0,22132,1288482612,-476,4285
6001,3357,1,22133,1289341605,5560,-1267
6001,3357,2,22134,1290200598,6634,-1480
6001,3357,3,22135,1291059591,535,4655
6001,3358,0,22136,1291918584,-3592,806
6001,3358,1,22137,1292777577,406,-1560
6001,3358,2,22138,1293636570,-108,2133
6001,3358,3,22139,1294495563,-6280,842
6001,3359,0,22140,1295354556,-343,554
6001,3359,1,22141,1296213549,48,4433
6001,3359,2,22142,1297072542,-893,1140
6001,3359,3,22143,1297931535,6475,1159
6001,3360,0,22144,1298790528,602,2846
6001,3360,1,22145,1299649521,256,-3350
6001,3360,2,22146,1300508514,6781,4839
6001,3360,3,22147,1301367507,571,8417
6001,3361,0,22148,1302226500,-4092,-5141
6001,3361,1,22149,1303085493,-1783,-3670
6001,3361,2,22150,1303944486,3643,-1892
6001,3361,3,22151,1304803479,1708,-3782
6001,3362,0,22152,1305662472,-2132,2467
6001,3362,1,22153,1306521465,-1290,3963
6001,3362,2,22154,1307380458,-6654,4814
6001,3362,3,22155,1308239451,-1756,-460
6001,3363,0,22156,1309098444,1883,-3866
6001,3363,1,22157,1309957437,-2696,1194
6001,3363,2,22158,1310816430,4893,-1996
6001,3363,3,22159,1311675423,-50,2128
6001,3364,0,22160,1312534416,-5493,5454
6001,3364,1,22161,1313393409,2240,-960
6001,3364,2,22162,1314252402,1094,1180
6001,3364,3,22163,1315111395,4540,-1340
6001,3365,0,22164,1315970388,1906,-495
6001,3365,1,22165,1316829381,-3982,5012
6001,3365,2,22166,1317688374,4096,-227
6001,3365,3,22167,1318547367,4129,987
6001,3366,0,22168,1319406360,2738,-2148
6001,3366,1,22169,1320265353,2477,-8069
6001,3366,2,22170,1321124346,-203,-17
6001,3366,3,22171,1321983339,-1515,-3103
6001,3367,0,22172,1322842332,-8447,-8470
6001,3367,1,22173,1323701325,-2181,1488
6001,3367,2,22174,1324560318,3495,6206
6001,3367,3,22175,1325419311,-5165,3295
6001,3368,0,22176,1326278304,-3987,-587
6001,3368,1,22177,1327137297,-1026,-2121
6001,3368,2,22178,1327996290,2660,1433
6001,3368,3,22179,1328855283,4103,-45
6001,3369,0,22180,1329714276,-620,-1682
6001,3369,1,22181,1330573269,3162,2924
6001,3369,2,22182,1331432262,680,-640
6001,3369,3,22183,1332291255,-2930,-2162
6001,3370,0,22184,1333150248,81,5289
6001,3370,1,22185,1334009241,-1356,-201
6001,3370,2,22186,1334868234,2531,-4621
6001,3370,3,22187,1335727227,915,53
6001,3371,0,22188,1336586220,-2827,-3216
6001,3371,1,22189,1337445213,3986,-892
6001,3371,2,22190,1338304206,4455,319
6001,3371,3,22191,1339163199,4753,-5678
6001,3372,0,22192,1340022192,5257,513
6001,3372,1,22193,1340881185,-2721,3611
6001,3372,2,22194,1341740178,-5468,-529
6001,3372,3,22195,1342599171,-456,-2052
6001,3373,0,22196,1343458164,2483,-4084
6001,3373,1,22197,1344317157,-1733,686
6001,3373,2,22198,1345176150,-1896,693
6001,3373,3,22199,1346035143,3977,-2879
6001,3374,0,22200,1346894136,1817,4897
6001,3374,1,22201,1347753129,-1042,4952
6001,3374,2,22202,1348612122,366,-2743
6001,3374,3,22203,1349471115,2173,-3187
6001,3375,0,22204,1350330108,5176,-1385
6001,3375,1,22205,1351189101,990,-1516
6001,3375,2,22206,1352048094,-7247,-3264
6001,3375,3,22207,1352907087,-4503,-422
6001,3376,0,22208,1353766080,3463,1377
6001,3376,1,22209,1354625073,258,-2396
6001,3376,2,22210,1355484066,-5311,328
6001,3376,3,22211,1356343059,-2727,1855
6001,3377,0,22212,1357202052,-2106,-1067
6001,3377,1,22213,1358061045,-1062,1507
6001,3377,2,22214,1358920038,635,1330
6001,3377,3,22215,1359779031,-1277,-2160
6001,3378,0,22216,1360638024,479,-1569
6001,3378,1,22217,1361497017,-159,-125
6001,3378,2,22218,1362356010,-1675,-1561
6001,3378,3,22219,1363215003,692,-1758
6001,3379,0,22220,1364073996,-1015,3277
6001,3379,1,22221,1364932989,678,3523
6001,3379,2,22222,1365791982,5080,1113
6001,3379,3,22223,1366650975,1679,3412
6001,3380,0,22224,1367509968,-3419,0
6001,3380,1,22225,1368368961,-1250,-1683
6001,3380,2,22226,1369227954,4331,791
6001,3380,3,22227,1370086947,281,-2299
6001,3381,0,22228,1370945940,-1459,52
6001,3381,1,22229,1371804933,7990,1168
6001,3381,2,22230,1372663926,5126,-2230
6001,3381,3,22231,1373522919,803,2367
6001,3382,0,22232,1374381912,7093,3572
6001,3382,1,22233,1375240905,-1775,621
6001,3382,2,22234,1376099898,-10255,-4482
6001,3382,3,22235,1376958891,-2080,-9145
6001,3383,0,22236,1377817884,-955,1408
6001,3383,1,22237,1378676877,740,7565
6001,3383,2,22238,1379535870,5328,2666
6001,3383,3,22239,1380394863,-3324,410
6001,3384,0,22240,1381253856,-4820,-6389
6001,3384,1,22241,1382112849,4402,-3074
6001,3384,2,22242,1382971842,3651,4941
6001,3384,3,22243,1383830835,-1624,-4096
6001,3385,0,22244,1384689828,682,-5632
6001,3385,1,22245,1385548821,4344,3244
6001,3385,2,22246,1386407814,-2186,3816
6001,3385,3,22247,1387266807,-1761,2179
6001,3386,0,22248,1388125800,6346,120
6001,3386,1,22249,1388984793,-2799,-2470
6001,3386,2,22250,1389843786,-4357,-1972
6001,3386,3,22251,1390702779,3889,1159
6001,3387,0,22252,1391561772,-2814,1594
6001,3387,1,22253,1392420765,468,-3389
6001,3387,2,22254,1393279758,7633,-6049
6001,3387,3,22255,1394138751,3263,-4916
6001,3388,0,22256,1394997744,4374,448
6001,3388,1,22257,1395856737,3808,4181
6001,3388,2,22258,1396715730,3788,-2266
6001,3388,3,22259,1397574723,8720,-1508
6001,3389,0,22260,1398433716,5540,2286
6001,3389,1,22261,1399292709,217,-6219
6001,3389,2,22262,1400151702,109,-2926
6001,3389,3,22263,1401010695,-982,5447
6001,3390,0,22264,1401869688,-2811,-3486
6001,3390,1,22265,1402728681,1609,-6353
6001,3390,2,22266,1403587674,-505,-1213
6001,3390,3,22267,1404446667,-6853,-2400
6001,3391,0,22268,1405305660,1479,-226
6001,3391,1,22269,1406164653,2834,-33
6001,3391,2,22270,1407023646,-1018,-1685
6001,3391,3,22271,1407882639,2405,4047
6001,3392,0,22272,1408741632,-5161,3706
6001,3392,1,22273,1409600625,-6646,341
6001,3392,2,22274,1410459618,-1586,647
6001,3392,3,22275,1411318611,-1296,-4500
6001,3393,0,22276,1412177604,3449,-4006
6001,3393,1,22277,1413036597,-1654,-448
6001,3393,2,22278,1413895590,-2375,-1768
6001,3393,3,22279,1414754583,3829,7117
6001,3394,0,22280,1415613576,-3638,10398
6001,3394,1,22281,1416472569,-3546,1797
6001,3394,2,22282,1417331562,2525,2355
6001,3394,3,22283,1418190555,5574,-1962
6001,3395,0,22284,1419049548,4487,-6291
6001,3395,1,22285,1419908541,-4742,2077
6001,3395,2,22286,1420767534,1266,-230
6001,3395,3,22287,1421626527,4844,-2176
6001,3396,0,22288,1422485520,-7408,4096
6001,3396,1,22289,1423344513,-4656,-95
6001,3396,2,22290,1424203506,-1087,-643
6001,3396,3,22291,1425062499,-5234,4285
6001,3397,0,22292,1425921492,-1409,3618
6001,3397,1,22293,1426780485,1968,267
6001,3397,2,22294,1427639478,1752,-4577
6001,3397,3,22295,1428498471,19,588
6001,3398,0,22296,1429357464,596,6536
6001,3398,1,22297,1430216457,2403,2159
6001,3398,2,22298,1431075450,-3923,645
6001,3398,3,22299,1431934443,-7274,-387
6001,3399,0,22300,1432793436,-514,3914
6001,3399,1,22301,1433652429,3243,6282
6001,3399,2,22302,1434511422,-440,-5384
6001,3399,3,22303,1435370415,-5509,-1927
6001,3400,0,22304,1436229408,-4827,7692
6001,3400,1,22305,1437088401,-157,-461
6001,3400,2,22306,1437947394,340,-4283
6001,3400,3,22307,1438806387,-792,1669
6001,3401,0,22308,1439665380,-240,5536
6001,3401,1,22309,1440524373,3553,2222
6001,3401,2,22310,1441383366,8466,-1477
6001,3401,3,22311,1442242359,2705,-100
6001,3402,0,22312,1443101352,-2230,-2199
6001,3402,1,22313,1443960345,1442,-998
6001,3402,2,22314,1444819338,-911,412
6001,3402,3,22315,1445678331,1573,-2874
6001,3403,0,22316,1446537324,2560,-1096
6001,3403,1,22317,1447396317,-7020,-3097
6001,3403,2,22318,1448255310,-2110,-3398
6001,3403,3,22319,1449114303,1165,1432
6001,3404,0,22320,1449973296,-4836,1823
6001,3404,1,22321,1450832289,1853,5341
6001,3404,2,22322,1451691282,2586,4130
6001,3404,3,22323,1452550275,-3729,2876
6001,3405,0,22324,1453409268,248,7003
6001,3405,1,22325,1454268261,4360,-2301
6001,3405,2,22326,1455127254,-596,-8690
6001,3405,3,22327,1455986247,-4224,-3743
6001,3406,0,22328,1456845240,5135,-627
6001,3406,1,22329,1457704233,4157,5525
6001,3406,2,22330,1458563226,-10116,4761
6001,3406,3,22331,1459422219,-6245,-3835
6001,3407,0,22332,1460281212,1041,-3673
6001,3407,1,22333,1461140205,-1099,1444
6001,3407,2,22334,1461999198,2007,4408
6001,3407,3,22335,1462858191,1855,4814
6001,3408,0,22336,1463717184,-1660,-726
6001,3408,1,22337,1464576177,3870,-7360
6001,3408,2,22338,1465435170,5883,-2832
6001,3408,3,22339,1466294163,-1891,3267
6001,3409,0,22340,1467153156,1280,-942
6001,3409,1,22341,1468012149,6679,-2579
6001,3409,2,22342,1468871142,-1180,-224
6001,3409,3,22343,1469730135,-2463,-394
6001,3410,0,22344,1470589128,-2969,192
6001,3410,1,22345,1471448121,-7230,423
6001,3410,2,22346,1472307114,-50,336
6001,3410,3,22347,1473166107,2524,2067
6001,3411,0,22348,1474025100,-487,4060
6001,3411,1,22349,1474884093,329,1751
6001,3411,2,22350,1475743086,-2672,739
6001,3411,3,22351,1476602079,-2069,2714
6001,3412,0,22352,1477461072,2460,-3953
6001,3412,1,22353,1478320065,-786,-5539
6001,3412,2,22354,1479179058,-5455,1751
6001,3412,3,22355,1480038051,-1881,348
6001,3413,0,22356,1480897044,-4272,-2546
6001,3413,1,22357,1481756037,-10659,-4405
6001,3413,2,22358,1482615030,-1716,-2270
6001,3413,3,22359,1483474023,1146,1573
6001,3414,0,22360,1484333016,-3550,-6031
6001,3414,1,22361,1485192009,1370,-6271
6001,3414,2,22362,1486051002,-1877,-79
6001,3414,3,22363,1486909995,-4504,424
6001,3415,0,22364,1487768988,509,2513
6001,3415,1,22365,1488627981,1418,-1552
6001,3415,2,22366,1489486974,1105,3497
6001,3415,3,22367,1490345967,-5391,11681
6001,3416,0,22368,1491204960,-4175,-1349
6001,3416,1,22369,1492063953,5873,-3917
6001,3416,2,22370,1492922946,4410,519
6001,3416,3,22371,1493781939,1914,-6258
6001,3417,0,22372,1494640932,1034,-2819
6001,3417,1,22373,1495499925,-54,684
6001,3417,2,22374,1496358918,1831,-187
6001,3417,3,22375,1497217911,654,-1331
6001,3418,0,22376,1498076904,1422,-4862
6001,3418,1,22377,1498935897,1691,3356
6001,3418,2,22378,1499794890,-2610,1533
6001,3418,3,22379,1500653883,-3026,-7660
6001,3419,0,22380,1501512876,194,4555
6001,3419,1,22381,1502371869,-407,4244
6001,3419,2,22382,1503230862,127,-6752
6001,3419,3,22383,1504089855,2903,789
6001,3420,0,22384,1504948848,-5420,3734
6001,3420,1,22385,1505807841,-6344,625
6001,3420,2,22386,1506666834,5156,162
6001,3420,3,22387,1507525827,2887,1540
6001,3421,0,22388,1508384820,-97,5437
6001,3421,1,22389,1509243813,-3628,-3736
6001,3421,2,22390,1510102806,-10196,-5777
6001,3421,3,22391,1510961799,-5329,6886
6001,3422,0,22392,1511820792,-3367,3031
6001,3422,1,22393,1512679785,1361,5
6001,3422,2,22394,1513538778,3226,3742
6001,3422,3,22395,1514397771,-3034,-2858
6001,3423,0,22396,1515256764,2825,-2163
6001,3423,1,22397,1516115757,642,1484
6001,3423,2,22398,1516974750,-2246,-1346
6001,3423,3,22399,1517833743,887,-1002
6001,3424,0,22400,1518692736,-6884,-715
6001,3424,1,22401,1519551729,488,4258
6001,3424,2,22402,1520410722,7174,7678
6001,3424,3,22403,1521269715,-2171,-1877
6001,3425,0,22404,1522128708,-5951,-2245
6001,3425,1,22405,1522987701,-5749,6249
6001,3425,2,22406,1523846694,3599,4699
6001,3425,3,22407,1524705687,3470,5545
6001,3426,0,22408,1525564680,-2448,3141
6001,3426,1,22409,1526423673,8251,-7662
6001,3426,2,22410,1527282666,4378,-4226
6001,3426,3,22411,1528141659,-5008,-1443
6001,3427,0,22412,1529000652,-2597,-5383
6001,3427,1,22413,1529859645,-838,1311
6001,3427,2,22414,1530718638,4721,-1454
6001,3427,3,22415,1531577631,934,-8249
6001,3428,0,22416,1532436624,-2685,-454
6001,3428,1,22417,1533295617,4308,3991
6001,3428,2,22418,1534154610,2765,2518
6001,3428,3,22419,1535013603,-654,204
6001,3429,0,22420,1535872596,-2438,-3876
6001,3429,1,22421,1536731589,155,-5273
6001,3429,2,22422,1537590582,5853,-2091
6001,3429,3,22423,1538449575,2055,2830
6001,3430,0,22424,1539308568,1099,4470
6001,3430,1,22425,1540167561,3616,5351
6001,3430,2,22426,1541026554,3045,-1052
6001,3430,3,22427,1541885547,-483,-6513
6001,3431,0,22428,1542744540,-6537,1409
6001,3431,1,22429,1543603533,-655,-1854
6001,3431,2,22430,1544462526,1630,-6128
6001,3431,3,22431,1545321519,-7287,-5
6001,3432,0,22432,1546180512,-1808,-3321
6001,3432,1,22433,1547039505,5395,-2824
6001,3432,2,22434,1547898498,3594,-2665
6001,3432,3,22435,1548757491,1479,-1527
6001,3433,0,22436,1549616484,-3867,8133
6001,3433,1,22437,1550475477,-2860,635
6001,3433,2,22438,1551334470,546,-4673
6001,3433,3,22439,1552193463,-1161,-1268
6001,3434,0,22440,1553052456,297,-7675
6001,3434,1,22441,1553911449,-3173,-5245
6001,3434,2,22442,1554770442,-3285,-1339
6001,3434,3,22443,1555629435,5162,-2271
6001,3435,0,22444,1556488428,178,1118
6001,3435,1,22445,1557347421,-5013,-657
6001,3435,2,22446,1558206414,422,-5867
6001,3435,3,22447,1559065407,2116,-5900
6001,3436,0,22448,1559924400,3446,-1239
6001,3436,1,22449,1560783393,1780,-848
6001,3436,2,22450,1561642386,-1113,1673
6001,3436,3,22451,1562501379,1956,5280
6001,3437,0,22452,1563360372,3146,-1985
6001,3437,1,22453,1564219365,2985,-848
6001,3437,2,22454,1565078358,3065,1935
6001,3437,3,22455,1565937351,4069,-2291
6001,3438,0,22456,1566796344,3389,418
6001,3438,1,22457,1567655337,-1167,108
6001,3438,2,22458,1568514330,-1480,4365
6001,3438,3,22459,1569373323,-2048,4537
6001,3439,0,22460,1570232316,-1047,-4984
6001,3439,1,22461,1571091309,-36,324
6001,3439,2,22462,1571950302,-4354,1744
6001,3439,3,22463,1572809295,-795,-1119
6001,3440,0,22464,1573668288,-605,2887
6001,3440,1,22465,1574527281,-2347,2442
6001,3440,2,22466,1575386274,593,3137
6001,3440,3,22467,1576245267,-4864,241
6001,3441,0,22468,1577104260,4030,936
6001,3441,1,22469,1577963253,10874,3549
6001,3441,2,22470,1578822246,-530,1245
6001,3441,3,22471,1579681239,4210,5847
6001,3442,0,22472,1580540232,1467,2580
6001,3442,1,22473,1581399225,-9621,2447
6001,3442,2,22474,1582258218,-2218,3759
6001,3442,3,22475,1583117211,451,-7082
6001,3443,0,22476,1583976204,-1131,1296
6001,3443,1,22477,1584835197,348,4931
6001,3443,2,22478,1585694190,2635,-4751
6001,3443,3,22479,1586553183,438,1230
6001,3444,0,22480,1587412176,-8044,449
6001,3444,1,22481,1588271169,-793,-3941
6001,3444,2,22482,1589130162,3161,990
6001,3444,3,22483,1589989155,-5064,5976
6001,3445,0,22484,1590848148,-31,1354
6001,3445,1,22485,1591707141,4152,-7869
6001,3445,2,22486,1592566134,4458,-3846
6001,3445,3,22487,1593425127,5540,-4187
6001,3446,0,22488,1594284120,3152,-829
6001,3446,1,22489,1595143113,4160,6893
6001,3446,2,22490,1596002106,2421,-6487
6001,3446,3,22491,1596861099,1843,-5550
6001,3447,0,22492,1597720092,2764,1719
6001,3447,1,22493,1598579085,-1348,-4201
6001,3447,2,22494,1599438078,1618,-413
6001,3447,3,22495,1600297071,6812,-606
6001,3448,0,22496,1601156064,818,1051
6001,3448,1,22497,1602015057,-4956,1096
6001,3448,2,22498,1602874050,3199,-4906
6001,3448,3,22499,1603733043,3880,1806
6001,3449,0,22500,1604592036,-7044,462
6001,3449,1,22501,1605451029,-2195,-1592
6001,3449,2,22502,1606310022,-2544,990
6001,3449,3,22503,1607169015,-9630,-451
6001,3450,0,22504,1608028008,-2575,7011
6001,3450,1,22505,1608887001,-6290,4009
6001,3450,2,22506,1609745994,-6502,-575
6001,3450,3,22507,1610604987,1907,148
6001,3451,0,22508,1611463980,-7534,-5136
6001,3451,1,22509,1612322973,-9042,2164
6001,3451,2,22510,1613181966,-958,2763
6001,3451,3,22511,1614040959,-1125,-251
6001,3452,0,22512,1614899952,-1658,5283
6001,3452,1,22513,1615758945,-1243,-1793
6001,3452,2,22514,1616617938,4369,-738
6001,3452,3,22515,1617476931,1210,1304
6001,3453,0,22516,1618335924,-8179,-5917
6001,3453,1,22517,1619194917,-245,-242
6001,3453,2,22518,1620053910,260,2247
6001,3453,3,22519,1620912903,-7305,2355
6001,3454,0,22520,1621771896,68,3343
6001,3454,1,22521,1622630889,-595,-3937
6001,3454,2,22522,1623489882,-2997,-3636
6001,3454,3,22523,1624348875,6318,-3511
6001,3455,0,22524,1625207868,1157,-8167
6001,3455,1,22525,1626066861,-3745,-858
6001,3455,2,22526,1626925854,5890,6767
6001,3455,3,22527,1627784847,3278,-86
6001,3456,0,22528,1628643840,-4520,-5164
6001,3456,1,22529,1629502833,-540,1188
6001,3456,2,22530,1630361826,4648,1156
6001,3456,3,22531,1631220819,-1026,-4624
6001,3457,0,22532,1632079812,-9129,-5303
6001,3457,1,22533,1632938805,-2362,-5570
6001,3457,2,22534,1633797798,2898,-2789
6001,3457,3,22535,1634656791,733,1121
6001,3458,0,22536,1635515784,4259,2012
6001,3458,1,22537,1636374777,1402,3406
6001,3458,2,22538,1637233770,281,3167
6001,3458,3,22539,1638092763,657,913
6001,3459,0,22540,1638951756,-6345,-3458
6001,3459,1,22541,1639810749,276,-5297
6001,3459,2,22542,1640669742,4568,-640
6001,3459,3,22543,1641528735,-1209,-721
6001,3460,0,22544,1642387728,3015,-5146
6001,3460,1,22545,1643246721,4755,-2163
6001,3460,2,22546,1644105714,2840,1898
6001,3460,3,22547,1644964707,3367,-816
6001,3461,0,22548,1645823700,4242,-2367
6001,3461,1,22549,1646682693,1862,-145
6001,3461,2,22550,1647541686,-6466,556
6001,3461,3,22551,1648400679,-6356,-1738
6001,3462,0,22552,1649259672,-5596,-2607
6001,3462,1,22553,1650118665,-6406,3801
6001,3462,2,22554,1650977658,829,6280
6001,3462,3,22555,1651836651,-595,3880
6001,3463,0,22556,1652695644,-2468,9458
6001,3463,1,22557,1653554637,-530,6268
6001,3463,2,22558,1654413630,-3650,-3024
6001,3463,3,22559,1655272623,-1373,2887
6001,3464,0,22560,1656131616,-441,5252
6001,3464,1,22561,1656990609,783,-1593
6001,3464,2,22562,1657849602,2711,-740
6001,3464,3,22563,1658708595,-2968,1710
6001,3465,0,22564,1659567588,-2734,1169
6001,3465,1,22565,1660426581,1747,3642
6001,3465,2,22566,1661285574,4622,1885
6001,3465,3,22567,1662144567,2314,-5857
6001,3466,0,22568,1663003560,-4483,-6522
6001,3466,1,22569,1663862553,2022,-3477
6001,3466,2,22570,1664721546,9206,899
6001,3466,3,22571,1665580539,1271,6232
6001,3467,0,22572,1666439532,-7534,1301
6001,3467,1,22573,1667298525,-4774,-308
6001,3467,2,22574,1668157518,3547,2984
6001,3467,3,22575,1669016511,4019,-519
6001,3468,0,22576,1669875504,2115,-384
6001,3468,1,22577,1670734497,-3405,-1540
6001,3468,2,22578,1671593490,-5581,-2315
6001,3468,3,22579,1672452483,6285,-231
6001,3469,0,22580,1673311476,1768,-1840
6001,3469,1,22581,1674170469,-6359,1553
6001,3469,2,22582,1675029462,2034,-1342
6001,3469,3,22583,1675888455,-548,-3163
6001,3470,0,22584,1676747448,-324,3998
6001,3470,1,22585,1677606441,1764,-2770
6001,3470,2,22586,1678465434,-6226,-5405
6001,3470,3,22587,1679324427,-1518,-8
6001,3471,0,22588,1680183420,2926,-805
6001,3471,1,22589,1681042413,3747,1814
6001,3471,2,22590,1681901406,5917,-714
6001,3471,3,22591,1682760399,44,278
6001,3472,0,22592,1683619392,3444,7492
6001,3472,1,22593,1684478385,3405,4017
6001,3472,2,22594,1685337378,-6927,-572
6001,3472,3,22595,1686196371,-334,-3214
6001,3473,0,22596,1687055364,6950,-3061
6001,3473,1,22597,1687914357,-396,-2503
6001,3473,2,22598,1688773350,-7192,-3723
6001,3473,3,22599,1689632343,-5263,1275
6001,3474,0,22600,1690491336,256,967
6001,3474,1,22601,1691350329,-1007,2048
6001,3474,2,22602,1692209322,-1510,9133
6001,3474,3,22603,1693068315,1956,4686
6001,3475,0,22604,1693927308,3738,958
6001,3475,1,22605,1694786301,6473,1304
6001,3475,2,22606,1695645294,2443,-3336
6001,3475,3,22607,1696504287,-2290,-1792
6001,3476,0,22608,1697363280,-1179,7733
6001,3476,1,22609,1698222273,-2374,9448
6001,3476,2,22610,1699081266,3995,-950
6001,3476,3,22611,1699940259,7146,-3302
6001,3477,0,22612,1700799252,402,3262
6001,3477,1,22613,1701658245,5027,4129
6001,3477,2,22614,1702517238,4160,3178
6001,3477,3,22615,1703376231,-2776,2599
6001,3478,0,22616,1704235224,2222,4338
6001,3478,1,22617,1705094217,-1581,4546
6001,3478,2,22618,1705953210,-4655,1016
6001,3478,3,22619,1706812203,2229,565
6001,3479,0,22620,1707671196,-1068,-2166
6001,3479,1,22621,1708530189,-192,-3382
6001,3479,2,22622,1709389182,4707,-2916
6001,3479,3,22623,1710248175,-23,-3051
6001,3480,0,22624,1711107168,-206,4062
6001,3480,1,22625,1711966161,2017,5242
6001,3480,2,22626,1712825154,2488,1677
6001,3480,3,22627,1713684147,5188,3164
6001,3481,0,22628,1714543140,-228,3050
6001,3481,1,22629,1715402133,-7632,2904
6001,3481,2,22630,1716261126,-2481,-875
6001,3481,3,22631,1717120119,432,-1127
6001,3482,0,22632,1717979112,-7577,2133
6001,3482,1,22633,1718838105,-5971,-5683
6001,3482,2,22634,1719697098,1461,-6902
6001,3482,3,22635,1720556091,-1520,1110
6001,3483,0,22636,1721415084,-3511,2124
6001,3483,1,22637,1722274077,-2397,281
6001,3483,2,22638,1723133070,169,101
6001,3483,3,22639,1723992063,5277,2173
6001,3484,0,22640,1724851056,715,1885
6001,3484,1,22641,1725710049,-3264,2099
6001,3484,2,22642,1726569042,2248,5456
6001,3484,3,22643,1727428035,4876,8063
6001,3485,0,22644,1728287028,5737,9431
6001,3485,1,22645,1729146021,3774,-462
6001,3485,2,22646,1730005014,-2223,-5794
6001,3485,3,22647,1730864007,-3762,565
6001,3486,0,22648,1731723000,-802,-4379
6001,3486,1,22649,1732581993,1109,-2070
6001,3486,2,22650,1733440986,-2170,7221
6001,3486,3,22651,1734299979,-2253,3835
6001,3487,0,22652,1735158972,2327,-634
6001,3487,1,22653,1736017965,-894,-10537
6001,3487,2,22654,1736876958,-1387,-9791
6001,3487,3,22655,1737735951,1682,3956
6001,3488,0,22656,1738594944,-5833,-68
6001,3488,1,22657,1739453937,-6317,-777
6001,3488,2,22658,1740312930,-364,2350
6001,3488,3,22659,1741171923,-6445,-8145
6001,3489,0,22660,1742030916,-6944,-7118
6001,3489,1,22661,1742889909,-2255,-561
6001,3489,2,22662,1743748902,-5124,-599
6001,3489,3,22663,1744607895,867,-434
6001,3490,0,22664,1745466888,5255,-3204
6001,3490,1,22665,1746325881,-1310,554
6001,3490,2,22666,1747184874,2997,3810
6001,3490,3,22667,1748043867,5181,-1025
6001,3491,0,22668,1748902860,-1635,2825
6001,3491,1,22669,1749761853,3053,1989
6001,3491,2,22670,1750620846,2274,-7268
6001,3491,3,22671,1751479839,-6245,-1610
6001,3492,0,22672,1752338832,2115,3029
6001,3492,1,22673,1753197825,7134,-1509
6001,3492,2,22674,1754056818,-982,1952
6001,3492,3,22675,1754915811,-662,605
6001,3493,0,22676,1755774804,-1748,-4469
6001,3493,1,22677,1756633797,-4159,859
6001,3493,2,22678,1757492790,1060,1755
6001,3493,3,22679,1758351783,-3414,-813
6001,3494,0,22680,1759210776,-5342,802
6001,3494,1,22681,1760069769,510,-744
6001,3494,2,22682,1760928762,-5174,-2109
6001,3494,3,22683,1761787755,-3879,-4255
6001,3495,0,22684,1762646748,3055,-5584
6001,3495,1,22685,1763505741,-4640,-1587
6001,3495,2,22686,1764364734,-9891,115
6001,3495,3,22687,1765223727,-1089,2795
6001,3496,0,22688,1766082720,7257,6159
6001,3496,1,22689,1766941713,-2178,4325
6001,3496,2,22690,1767800706,-6868,1755
6001,3496,3,22691,1768659699,6072,-1667
6001,3497,0,22692,1769518692,522,-1899
6001,3497,1,22693,1770377685,-4898,-1684
6001,3497,2,22694,1771236678,5303,-7333
6001,3497,3,22695,1772095671,-291,-6227
6001,3498,0,22696,1772954664,-2901,-922
6001,3498,1,22697,1773813657,11,-852
6001,3498,2,22698,1774672650,-5473,883
6001,3498,3,22699,1775531643,-1817,1584
6001,3499,0,22700,1776390636,1767,-1215
6001,3499,1,22701,1777249629,327,-2106
6001,3499,2,22702,1778108622,211,-4560
6001,3499,3,22703,1778967615,2832,-5576
6001,3500,0,22704,1779826608,8516,2010
6001,3500,1,22705,1780685601,3233,3541
6001,3500,2,22706,1781544594,-126,-2508
6001,3500,3,22707,1782403587,3054,1
6001,3501,0,22708,1783262580,-3488,-2145
6001,3501,1,22709,1784121573,-3060,-4811
6001,3501,2,22710,1784980566,2881,4057
6001,3501,3,22711,1785839559,367,2262
6001,3502,0,22712,1786698552,793,870
6001,3502,1,22713,1787557545,5735,5307
6001,3502,2,22714,1788416538,4386,-581
6001,3502,3,22715,1789275531,-5264,-869
6001,3503,0,22716,1790134524,-6855,-509
6001,3503,1,22717,1790993517,1002,3485
6001,3503,2,22718,1791852510,21,12739
6001,3503,3,22719,1792711503,-5631,2059
6001,3504,0,22720,1793570496,-5602,-2964
6001,3504,1,22721,1794429489,-103,-438
6001,3504,2,22722,1795288482,4053,-6808
6001,3504,3,22723,1796147475,2719,-948
6001,3505,0,22724,1797006468,1208,582
6001,3505,1,22725,1797865461,-1199,-373
6001,3505,2,22726,1798724454,-630,4049
6001,3505,3,22727,1799583447,2790,-4115
6001,3506,0,22728,1800442440,514,-2464
6001,3506,1,22729,1801301433,-1498,2556
6001,3506,2,22730,1802160426,-1068,-1143
6001,3506,3,22731,1803019419,-165,4433
6001,3507,0,22732,1803878412,1883,4497
6001,3507,1,22733,1804737405,2826,-49
6001,3507,2,22734,1805596398,3006,2153
6001,3507,3,22735,1806455391,-2327,3323
6001,3508,0,22736,1807314384,-8695,1459
6001,3508,1,22737,1808173377,-4097,596
6001,3508,2,22738,1809032370,3912,5176
6001,3508,3,22739,1809891363,978,2988
6001,3509,0,22740,1810750356,-5340,-184
6001,3509,1,22741,1811609349,-1463,1128
6001,3509,2,22742,1812468342,-1427,-6776
6001,3509,3,22743,1813327335,-7142,-3671
6001,3510,0,22744,1814186328,-3964,2428
6001,3510,1,22745,1815045321,-377,-3870
6001,3510,2,22746,1815904314,2203,-637
6001,3510,3,22747,1816763307,-453,-1308
6001,3511,0,22748,1817622300,-4929,-4689
6001,3511,1,22749,1818481293,3331,-476
6001,3511,2,22750,1819340286,-1991,-4287
6001,3511,3,22751,1820199279,-11379,-1573
6001,3512,0,22752,1821058272,1184,5000
6001,3512,1,22753,1821917265,2742,1765
6001,3512,2,22754,1822776258,-3426,1589
6001,3512,3,22755,1823635251,-370,310
6001,3513,0,22756,1824494244,180,-4213
6001,3513,1,22757,1825353237,4155,-1677
6001,3513,2,22758,1826212230,3500,3389
6001,3513,3,22759,1827071223,-2440,-378
6001,3514,0,22760,1827930216,-828,-5021
6001,3514,1,22761,1828789209,-2114,705
6001,3514,2,22762,1829648202,-2803,1586
6001,3514,3,22763,1830507195,835,-1887
6001,3515,0,22764,1831366188,-2386,3463
6001,3515,1,22765,1832225181,-3262,5227
6001,3515,2,22766,1833084174,3402,1117
6001,3515,3,22767,1833943167,6288,1234
6001,3516,0,22768,1834802160,6878,-116
6001,3516,1,22769,1835661153,5487,-6719
6001,3516,2,22770,1836520146,1862,-5025
6001,3516,3,22771,1837379139,4628,4868
6001,3517,0,22772,1838238132,2172,2494
6001,3517,1,22773,1839097125,-2297,-5459
6001,3517,2,22774,1839956118,5888,-1994
6001,3517,3,22775,1840815111,2337,2734
6001,3518,0,22776,1841674104,-8733,2115
6001,3518,1,22777,1842533097,-4014,3671
6001,3518,2,22778,1843392090,2756,4300
6001,3518,3,22779,1844251083,2766,-1817
6001,3519,0,22780,1845110076,-4219,-2606
6001,3519,1,22781,1845969069,-2271,4767
6001,3519,2,22782,1846828062,7339,4957
6001,3519,3,22783,1847687055,77,-618
6001,3520,0,22784,1848546048,451,-1275
6001,3520,1,22785,1849405041,6013,2419
6001,3520,2,22786,1850264034,-4613,933
6001,3520,3,22787,1851123027,-1835,-2161
6001,3521,0,22788,1851982020,4640,1757
6001,3521,1,22789,1852841013,-2139,-1129
6001,3521,2,22790,1853700006,-3661,-3569
6001,3521,3,22791,1854558999,-871,4363
6001,3522,0,22792,1855417992,723,787
6001,3522,1,22793,1856276985,-1140,-6921
6001,3522,2,22794,1857135978,476,-5610
6001,3522,3,22795,1857994971,2957,-2080
6001,3523,0,22796,1858853964,-2811,2570
6001,3523,1,22797,1859712957,-331,756
6001,3523,2,22798,1860571950,2653,221
6001,3523,3,22799,1861430943,316,4682
6001,3524,0,22800,1862289936,4781,-622
6001,3524,1,22801,1863148929,757,-2165
6001,3524,2,22802,1864007922,-3972,5795
6001,3524,3,22803,1864866915,380,3047
6001,3525,0,22804,1865725908,-209,-3577
6001,3525,1,22805,1866584901,1347,-443
6001,3525,2,22806,1867443894,3146,407
6001,3525,3,22807,1868302887,-846,630
6001,3526,0,22808,1869161880,-1496,5377
6001,3526,1,22809,1870020873,1276,-684
6001,3526,2,22810,1870879866,4327,-4961
6001,3526,3,22811,1871738859,2227,1321
6001,3527,0,22812,1872597852,-1767,453
6001,3527,1,22813,1873456845,2781,1
6001,3527,2,22814,1874315838,3450,1698
6001,3527,3,22815,1875174831,-6410,1173
6001,3528,0,22816,1876033824,-7113,2257
6001,3528,1,22817,1876892817,-1394,-1344
6001,3528,2,22818,1877751810,-4722,-809
6001,3528,3,22819,1878610803,-3908,2292
6001,3529,0,22820,1879469796,1809,-1379
6001,3529,1,22821,1880328789,215,-3275
6001,3529,2,22822,1881187782,-658,-3373
6001,3529,3,22823,1882046775,-1318,-972
6001,3530,0,22824,1882905768,-2331,-1221
6001,3530,1,22825,1883764761,632,-3980
6001,3530,2,22826,1884623754,888,1436
6001,3530,3,22827,1885482747,299,4308
6001,3531,0,22828,1886341740,1183,4672
6001,3531,1,22829,1887200733,2654,5150
6001,3531,2,22830,1888059726,1095,461
6001,3531,3,22831,1888918719,-2621,66
6001,3532,0,22832,1889777712,3417,-1615
6001,3532,1,22833,1890636705,4086,-5323
6001,3532,2,22834,1891495698,-3360,-357
6001,3532,3,22835,1892354691,2750,1108
6001,3533,0,22836,1893213684,4615,-3859
6001,3533,1,22837,1894072677,-2207,70
6001,3533,2,22838,1894931670,1553,4667
6001,3533,3,22839,1895790663,5059,-2524
6001,3534,0,22840,1896649656,3226,-2690
6001,3534,1,22841,1897508649,3233,2486
6001,3534,2,22842,1898367642,2718,-2173
6001,3534,3,22843,1899226635,-543,-1990
6001,3535,0,22844,1900085628,-1785,-1900
6001,3535,1,22845,1900944621,2915,-3594
6001,3535,2,22846,1901803614,5351,2784
6001,3535,3,22847,1902662607,2189,2232
6001,3536,0,22848,1903521600,-1884,-293
6001,3536,1,22849,1904380593,-5112,-1158
6001,3536,2,22850,1905239586,-4157,-4610
6001,3536,3,22851,1906098579,-986,-405
6001,3537,0,22852,1906957572,-1704,1756
6001,3537,1,22853,1907816565,-4538,-4988
6001,3537,2,22854,1908675558,-1312,-9663
6001,3537,3,22855,1909534551,3620,-2577
6001,3538,0,22856,1910393544,2800,4658
6001,3538,1,22857,1911252537,2748,3110
6001,3538,2,22858,1912111530,-1237,5835
6001,3538,3,22859,1912970523,-5521,-742
6001,3539,0,22860,1913829516,978,-6109
6001,3539,1,22861,1914688509,2647,3069
6001,3539,2,22862,1915547502,2378,-256
6001,3539,3,22863,1916406495,7389,1354
6001,3540,0,22864,1917265488,5068,477
6001,3540,1,22865,1918124481,1830,-9698
6001,3540,2,22866,1918983474,-205,3209
6001,3540,3,22867,1919842467,-88,1335
6001,3541,0,22868,1920701460,4230,-7911
6001,3541,1,22869,1921560453,-1344,4793
6001,3541,2,22870,1922419446,-7312,3284
6001,3541,3,22871,1923278439,-1243,952
6001,3542,0,22872,1924137432,6110,3401
6001,3542,1,22873,1924996425,3193,2667
6001,3542,2,22874,1925855418,-6216,5567
6001,3542,3,22875,1926714411,-1154,-4542
6001,3543,0,22876,1927573404,5271,-6113
6001,3543,1,22877,1928432397,-4869,3786
6001,3543,2,22878,1929291390,-4564,5741
6001,3543,3,22879,1930150383,2578,4738
6001,3544,0,22880,1931009376,-3769,-5300
6001,3544,1,22881,1931868369,-5870,-5036
6001,3544,2,22882,1932727362,-1002,263
6001,3544,3,22883,1933586355,-1181,-7431
6001,3545,0,22884,1934445348,-749,-3769
6001,3545,1,22885,1935304341,-259,874
6001,3545,2,22886,1936163334,-2653,1325
6001,3545,3,22887,1937022327,-658,6620
6001,3546,0,22888,1937881320,715,4847
6001,3546,1,22889,1938740313,-1350,3960
6001,3546,2,22890,1939599306,-262,1273
6001,3546,3,22891,1940458299,-4043,-1892
6001,3547,0,22892,1941317292,-6144,4000
6001,3547,1,22893,1942176285,876,4282
6001,3547,2,22894,1943035278,4,2634
6001,3547,3,22895,1943894271,-1591,4621
6001,3548,0,22896,1944753264,2060,649
6001,3548,1,22897,1945612257,-315,-3604
6001,3548,2,22898,1946471250,2223,331
6001,3548,3,22899,1947330243,7305,5014
6001,3549,0,22900,1948189236,3807,63
6001,3549,1,22901,1949048229,1622,-1829
6001,3549,2,22902,1949907222,295,7809
6001,3549,3,22903,1950766215,-3440,8829
6001,3550,0,22904,1951625208,-466,-2753
6001,3550,1,22905,1952484201,5163,-7755
6001,3550,2,22906,1953343194,3510,-5063
6001,3550,3,22907,1954202187,2108,-3964
6001,3551,0,22908,1955061180,2316,-1717
6001,3551,1,22909,1955920173,7,-168
6001,3551,2,22910,1956779166,4659,1724
6001,3551,3,22911,1957638159,7307,6727
6001,3552,0,22912,1958497152,3074,4374
6001,3552,1,22913,1959356145,6014,121
6001,3552,2,22914,1960215138,3610,650
6001,3552,3,22915,1961074131,-2714,1662
6001,3553,0,22916,1961933124,3507,3275
6001,3553,1,22917,1962792117,4024,3405
6001,3553,2,22918,1963651110,-6060,6399
6001,3553,3,22919,1964510103,-6392,2997
6001,3554,0,22920,1965369096,2307,-1860
6001,3554,1,22921,1966228089,2744,6554
6001,3554,2,22922,1967087082,-2737,2466
6001,3554,3,22923,1967946075,631,-3037
6001,3555,0,22924,1968805068,2668,-2668
6001,3555,1,22925,1969664061,-2322,-11603
6001,3555,2,22926,1970523054,-2088,1609
6001,3555,3,22927,1971382047,169,7883
6001,3556,0,22928,1972241040,1571,-3481
6001,3556,1,22929,1973100033,2471,8004
6001,3556,2,22930,1973959026,-208,3293
6001,3556,3,22931,1974818019,-271,-5271
6001,3557,0,22932,1975677012,2433,3570
6001,3557,1,22933,1976536005,1513,-4270
6001,3557,2,22934,1977394998,1406,-1147
6001,3557,3,22935,1978253991,2875,3290
6001,3558,0,22936,1979112984,-2168,-5370
6001,3558,1,22937,1979971977,-3902,-135
6001,3558,2,22938,1980830970,1403,-2274
6001,3558,3,22939,1981689963,-2130,-2557
6001,3559,0,22940,1982548956,-2036,3714
6001,3559,1,22941,1983407949,5832,-3274
6001,3559,2,22942,1984266942,3129,-1713
6001,3559,3,22943,1985125935,1776,-1438
6001,3560,0,22944,1985984928,4711,-8087
6001,3560,1,22945,1986843921,3287,-3223
6001,3560,2,22946,1987702914,1990,-459
6001,3560,3,22947,1988561907,-1557,-2179
6001,3561,0,22948,1989420900,-1750,-2937
6001,3561,1,22949,1990279893,-1595,-2721
6001,3561,2,22950,1991138886,-4100,-896
6001,3561,3,22951,1991997879,1748,232
6001,3562,0,22952,1992856872,2216,2832
6001,3562,1,22953,1993715865,-4375,-2405
6001,3562,2,22954,1994574858,-3103,-7947
6001,3562,3,22955,1995433851,214,-2847
6001,3563,0,22956,1996292844,1769,-6040
6001,3563,1,22957,1997151837,-2377,-7858
6001,3563,2,22958,1998010830,-6890,2219
6001,3563,3,22959,1998869823,-597,1694
6001,3564,0,22960,1999728816,4356,-4845
6001,3564,1,22961,2000587809,5040,-5013
6001,3564,2,22962,2001446802,7397,-476
6001,3564,3,22963,2002305795,4412,6939
6001,3565,0,22964,2003164788,1956,3630
6001,3565,1,22965,2004023781,4795,-2770
6001,3565,2,22966,2004882774,-675,875
6001,3565,3,22967,2005741767,-7421,-1271
6001,3566,0,22968,2006600760,-63,-1421
6001,3566,1,22969,2007459753,6635,4469
6001,3566,2,22970,2008318746,4316,-2540
6001,3566,3,22971,2009177739,135,-3885
6001,3567,0,22972,2010036732,-4625,2358
6001,3567,1,22973,2010895725,-4909,-2035
6001,3567,2,22974,2011754718,-2893,-1411
6001,3567,3,22975,2012613711,-953,-2218
6001,3568,0,22976,2013472704,132,-8196
6001,3568,1,22977,2014331697,-675,-306
6001,3568,2,22978,2015190690,4166,2682
6001,3568,3,22979,2016049683,742,-3569
6001,3569,0,22980,2016908676,-4751,3150
6001,3569,1,22981,2017767669,7303,9411
6001,3569,2,22982,2018626662,5262,2307
6001,3569,3,22983,2019485655,-7111,-3091
6001,3570,0,22984,2020344648,-2291,-1870
6001,3570,1,22985,2021203641,875,144
6001,3570,2,22986,2022062634,-944,2519
6001,3570,3,22987,2022921627,-2870,-400
6001,3571,0,22988,2023780620,-3205,-4718
6001,3571,1,22989,2024639613,185,-2934
6001,3571,2,22990,2025498606,-1879,-4986
6001,3571,3,22991,2026357599,111,-3660
6001,3572,0,22992,2027216592,2820,2092
6001,3572,1,22993,2028075585,1268,-856
6001,3572,2,22994,2028934578,4996,1220
6001,3572,3,22995,2029793571,859,967
6001,3573,0,22996,2030652564,-2813,-3667
6001,3573,1,22997,2031511557,1665,6743
6001,3573,2,22998,2032370550,-267,6341
6001,3573,3,22999,2033229543,207,-4285
6001,3574,0,23000,2034088536,-1060,-1482
6001,3574,1,23001,2034947529,-4997,-2098
6001,3574,2,23002,2035806522,-218,-3698
6001,3574,3,23003,2036665515,-3453,-672
6001,3575,0,23004,2037524508,-8317,-264
6001,3575,1,23005,2038383501,2391,-446
6001,3575,2,23006,2039242494,7912,-3820
6001,3575,3,23007,2040101487,-442,-3670
6001,3576,0,23008,2040960480,-6555,-3457
6001,3576,1,23009,2041819473,-6075,-3881
6001,3576,2,23010,2042678466,-2652,3479
6001,3576,3,23011,2043537459,-331,2490
6001,3577,0,23012,2044396452,-1903,-777
6001,3577,1,23013,2045255445,-1772,1755
6001,3577,2,23014,2046114438,-2742,42
6001,3577,3,23015,2046973431,-5084,1603
6001,3578,0,23016,2047832424,-150,-2511
6001,3578,1,23017,2048691417,-873,-6221
6001,3578,2,23018,2049550410,-3034,2812
6001,3578,3,23019,2050409403,4812,1174
6001,3579,0,23020,2051268396,224,-1900
6001,3579,1,23021,2052127389,-7268,5032
6001,3579,2,23022,2052986382,-3032,4505
6001,3579,3,23023,2053845375,-6246,-31
6001,3580,0,23024,2054704368,-9033,-8
6001,3580,1,23025,2055563361,-4245,4774
6001,3580,2,23026,2056422354,-2556,2830
6001,3580,3,23027,2057281347,-1630,-2931
6001,3581,0,23028,2058140340,157,3869
6001,3581,1,23029,2058999333,1791,5281
6001,3581,2,23030,2059858326,818,-844
6001,3581,3,23031,2060717319,-376,815
6001,3582,0,23032,2061576312,670,-125
6001,3582,1,23033,2062435305,-1668,-1693
6001,3582,2,23034,2063294298,-1983,-974
6001,3582,3,23035,2064153291,1995,-3937
6001,3583,0,23036,2065012284,1563,-3471
6001,3583,1,23037,2065871277,-2644,-1920
6001,3583,2,23038,2066730270,1065,9201
6001,3583,3,23039,2067589263,2512,811
6001,3584,0,23552,2508252672,-820,-2249
6001,3584,1,23553,2509111665,-426,539
6001,3584,2,23554,2509970658,918,16
6001,3584,3,23555,2510829651,-1120,359
6001,3585,0,23556,2511688644,3989,3808
6001,3585,1,23557,2512547637,3529,1814
6001,3585,2,23558,2513406630,-1988,-2684
6001,3585,3,23559,2514265623,3560,-1176
6001,3586,0,23560,2515124616,6128,-1811
6001,3586,1,23561,2515983609,3776,-8172
6001,3586,2,23562,2516842602,2576,-5773
6001,3586,3,23563,2517701595,5297,-874
6001,3587,0,23564,2518560588,7652,-4482
6001,3587,1,23565,2519419581,-1723,-688
6001,3587,2,23566,2520278574,-1037,4878
6001,3587,3,23567,2521137567,3868,-1506
6001,3588,0,23568,2521996560,-5216,-3419
6001,3588,1,23569,2522855553,-2330,-1172
6001,3588,2,23570,2523714546,3582,-3931
6001,3588,3,23571,2524573539,1188,-2515
6001,3589,0,23572,2525432532,2331,-867
6001,3589,1,23573,2526291525,110,-2062
6001,3589,2,23574,2527150518,2340,708
6001,3589,3,23575,2528009511,4309,-895
6001,3590,0,23576,2528868504,-962,-7094
6001,3590,1,23577,2529727497,-427,-7433
6001,3590,2,23578,2530586490,-3083,-2017
6001,3590,3,23579,2531445483,-6784,5551
6001,3591,0,23580,2532304476,-1480,2110
6001,3591,1,23581,2533163469,3210,-7633
6001,3591,2,23582,2534022462,887,-3503
6001,3591,3,23583,2534881455,-3266,-1689
6001,3592,0,23584,2535740448,127,-5425
6001,3592,1,23585,2536599441,-837,-1618
6001,3592,2,23586,2537458434,-4030,-1590
6001,3592,3,23587,2538317427,5771,2318
6001,3593,0,23588,2539176420,5538,4393
6001,3593,1,23589,2540035413,-2142,-4040
6001,3593,2,23590,2540894406,491,1069
6001,3593,3,23591,2541753399,-932,5093
6001,3594,0,23592,2542612392,-1343,799
6001,3594,1,23593,2543471385,744,3425
6001,3594,2,23594,2544330378,-3331,-1339
6001,3594,3,23595,2545189371,-3773,-3824
6001,3595,0,23596,2546048364,-2737,-1039
6001,3595,1,23597,2546907357,-2972,-4850
6001,3595,2,23598,2547766350,783,-2830
6001,3595,3,23599,2548625343,2698,182
6001,3596,0,23600,2549484336,-202,853
6001,3596,1,23601,2550343329,-762,-2772
6001,3596,2,23602,2551202322,160,-7794
6001,3596,3,23603,2552061315,-121,5557
6001,3597,0,23604,2552920308,5444,10666
6001,3597,1,23605,2553779301,4935,-2905
6001,3597,2,23606,2554638294,-3519,-921
6001,3597,3,23607,2555497287,625,4919
6001,3598,0,23608,2556356280,101,-671
6001,3598,1,23609,2557215273,-7496,-3304
6001,3598,2,23610,2558074266,-1702,-1798
6001,3598,3,23611,2558933259,-44,-3184
6001,3599,0,23612,2559792252,139,-5311
6001,3599,1,23613,2560651245,4092,-3253
6001,3599,2,23614,2561510238,-3494,-1513
6001,3599,3,23615,2562369231,-4182,2783
6001,3600,0,23616,2563228224,1293,7905
6001,3600,1,23617,2564087217,-1251,-509
6001,3600,2,23618,2564946210,1882,-7296
6001,3600,3,23619,2565805203,1155,-338
6001,3601,0,23620,2566664196,-4521,3209
6001,3601,1,23621,2567523189,2384,3265
6001,3601,2,23622,2568382182,4535,6867
6001,3601,3,23623,2569241175,-3442,6567
6001,3602,0,23624,2570100168,-6645,2524
6001,3602,1,23625,2570959161,-6258,1936
6001,3602,2,23626,2571818154,1676,215
6001,3602,3,23627,2572677147,4961,-5292
6001,3603,0,23628,2573536140,-6051,-5476
6001,3603,1,23629,2574395133,-6303,-947
6001,3603,2,23630,2575254126,-2653,-950
6001,3603,3,23631,2576113119,-5934,-6085
6001,3604,0,23632,2576972112,-444,-5057
6001,3604,1,23633,2577831105,1684,3133
6001,3604,2,23634,2578690098,-525,1765
6001,3604,3,23635,2579549091,898,-4080
6001,3605,0,23636,2580408084,-1777,-2608
6001,3605,1,23637,2581267077,-1959,-2796
6001,3605,2,23638,2582126070,-1327,-2361
6001,3605,3,23639,2582985063,-1250,1590
6001,3606,0,23640,2583844056,-4222,1661
6001,3606,1,23641,2584703049,-9327,913
6001,3606,2,23642,2585562042,-2135,1015
6001,3606,3,23643,2586421035,-2773,2103
6001,3607,0,23644,2587280028,-5485,3944
6001,3607,1,23645,2588139021,4176,-235
6001,3607,2,23646,2588998014,-1328,-3024
6001,3607,3,23647,2589857007,-2733,316
6001,3608,0,23648,2590716000,1542,-3532
6001,3608,1,23649,2591574993,-3970,-4284
6001,3608,2,23650,2592433986,1726,3936
6001,3608,3,23651,2593292979,-1517,877
6001,3609,0,23652,2594151972,-4591,-463
6001,3609,1,23653,2595010965,2241,3718
6001,3609,2,23654,2595869958,-4631,-2388
6001,3609,3,23655,2596728951,2918,1076
6001,3610,0,23656,2597587944,6367,5622
6001,3610,1,23657,2598446937,-3825,-1
6001,3610,2,23658,2599305930,6975,3398
6001,3610,3,23659,2600164923,2528,-1103
6001,3611,0,23660,2601023916,-9578,-6988
6001,3611,1,23661,2601882909,-3594,1247
6001,3611,2,23662,2602741902,-3029,-620
6001,3611,3,23663,2603600895,3278,-1531
6001,3612,0,23664,2604459888,4903,5197
6001,3612,1,23665,2605318881,-2646,1408
6001,3612,2,23666,2606177874,5266,-4532
6001,3612,3,23667,2607036867,8403,-2911
6001,3613,0,23668,2607895860,1467,5003
6001,3613,1,23669,2608754853,1486,4634
6001,3613,2,23670,2609613846,2657,-1765
6001,3613,3,23671,2610472839,-865,3471
6001,3614,0,23672,2611331832,-2424,5549
6001,3614,1,23673,2612190825,2641,4577
6001,3614,2,23674,2613049818,3112,9424
6001,3614,3,23675,2613908811,-360,5046
6001,3615,0,23676,2614767804,-153,-61
6001,3615,1,23677,2615626797,-2487,1383
6001,3615,2,23678,2616485790,-4476,279
6001,3615,3,23679,2617344783,-6026,1056
6001,3616,0,23680,2618203776,-9201,1488
6001,3616,1,23681,2619062769,-2451,-1553
6001,3616,2,23682,2619921762,9385,498
6001,3616,3,23683,2620780755,7085,3528
6001,3617,0,23684,2621639748,-2281,738
6001,3617,1,23685,2622498741,-1580,3406
6001,3617,2,23686,2623357734,1513,8734
6001,3617,3,23687,2624216727,-588,2261
6001,3618,0,23688,2625075720,-3138,-1814
6001,3618,1,23689,2625934713,-336,2122
6001,3618,2,23690,2626793706,4846,511
6001,3618,3,23691,2627652699,2432,1059
6001,3619,0,23692,2628511692,3468,2616
6001,3619,1,23693,2629370685,6230,-3848
6001,3619,2,23694,2630229678,19,-4516
6001,3619,3,23695,2631088671,1206,266
6001,3620,0,23696,2631947664,4169,421
6001,3620,1,23697,2632806657,4083,2636
6001,3620,2,23698,2633665650,6301,2209
6001,3620,3,23699,2634524643,2358,-1849
6001,3621,0,23700,2635383636,905,107
6001,3621,1,23701,2636242629,-3032,-2190
6001,3621,2,23702,2637101622,-6308,-4206
6001,3621,3,23703,2637960615,609,-790
6001,3622,0,23704,2638819608,-2061,-7351
6001,3622,1,23705,2639678601,-3305,-5760
6001,3622,2,23706,2640537594,3174,4291
6001,3622,3,23707,2641396587,7085,-1659
6001,3623,0,23708,2642255580,5574,-2920
6001,3623,1,23709,2643114573,-7643,2249
6001,3623,2,23710,2643973566,-3823,-2876
6001,3623,3,23711,2644832559,7643,-3390
6001,3624,0,23712,2645691552,1169,3934
6001,3624,1,23713,2646550545,515,7000
6001,3624,2,23714,2647409538,1381,-622
6001,3624,3,23715,2648268531,5948,-5310
6001,3625,0,23716,2649127524,5062,722
6001,3625,1,23717,2649986517,-8903,583
6001,3625,2,23718,2650845510,1070,443
6001,3625,3,23719,2651704503,3157,1190
6001,3626,0,23720,2652563496,-9558,-2387
6001,3626,1,23721,2653422489,-1777,4701
6001,3626,2,23722,2654281482,-1787,7338
6001,3626,3,23723,2655140475,-1303,2070
6001,3627,0,23724,2655999468,1749,3681
6001,3627,1,23725,2656858461,-5935,-1559
6001,3627,2,23726,2657717454,1492,-5366
6001,3627,3,23727,2658576447,5866,1239
6001,3628,0,23728,2659435440,1684,3791
6001,3628,1,23729,2660294433,3084,4478
6001,3628,2,23730,2661153426,-3747,2286
6001,3628,3,23731,2662012419,-8258,-5150
6001,3629,0,23732,2662871412,-2722,-6248
6001,3629,1,23733,2663730405,2287,-864
6001,3629,2,23734,2664589398,97,-1017
6001,3629,3,23735,2665448391,-2476,-5669
6001,3630,0,23736,2666307384,1049,-5163
6001,3630,1,23737,2667166377,539,-1875
6001,3630,2,23738,2668025370,1091,2858
6001,3630,3,23739,2668884363,358,6037
6001,3631,0,23740,2669743356,-4472,1223
6001,3631,1,23741,2670602349,-1031,-2409
6001,3631,2,23742,2671461342,-1533,-1344
6001,3631,3,23743,2672320335,-3145,1523
6001,3632,0,23744,2673179328,906,3978
6001,3632,1,23745,2674038321,-3715,1830
6001,3632,2,23746,2674897314,-4474,3507
6001,3632,3,23747,2675756307,3540,3414
6001,3633,0,23748,2676615300,1078,-1962
6001,3633,1,23749,2677474293,-5422,2513
6001,3633,2,23750,2678333286,-223,3034
6001,3633,3,23751,2679192279,1146,-3190
6001,3634,0,23752,2680051272,-6500,1423
6001,3634,1,23753,2680910265,-2980,2489
6001,3634,2,23754,2681769258,1162,-2342
6001,3634,3,23755,2682628251,-53,1121
6001,3635,0,23756,2683487244,3541,4556
6001,3635,1,23757,2684346237,3769,3043
6001,3635,2,23758,2685205230,3786,2070
6001,3635,3,23759,2686064223,1008,1422
6001,3636,0,23760,2686923216,-3880,-1052
6001,3636,1,23761,2687782209,-185,-2630
6001,3636,2,23762,2688641202,-294,-1612
6001,3636,3,23763,2689500195,-2787,-1994
6001,3637,0,23764,2690359188,-3058,-1201
6001,3637,1,23765,2691218181,-2058,1073
6001,3637,2,23766,2692077174,3674,-2539
6001,3637,3,23767,2692936167,1299,-4653
6001,3638,0,23768,2693795160,-686,-1833
6001,3638,1,23769,2694654153,4976,-5466
6001,3638,2,23770,2695513146,3786,-5419
6001,3638,3,23771,2696372139,133,3773
6001,3639,0,23772,2697231132,-1161,2604
6001,3639,1,23773,2698090125,1114,-1432
6001,3639,2,23774,2698949118,340,2540
6001,3639,3,23775,2699808111,-6282,1899
6001,3640,0,23776,2700667104,-1270,864
6001,3640,1,23777,2701526097,5511,902
6001,3640,2,23778,2702385090,987,-522
6001,3640,3,23779,2703244083,-952,2997
6001,3641,0,23780,2704103076,-939,1102
6001,3641,1,23781,2704962069,-3170,-1702
6001,3641,2,23782,2705821062,2509,1603
6001,3641,3,23783,2706680055,6964,-1154
6001,3642,0,23784,2707539048,-2180,-275
6001,3642,1,23785,2708398041,-2649,4080
6001,3642,2,23786,2709257034,4121,2256
6001,3642,3,23787,2710116027,-847,2500
6001,3643,0,23788,2710975020,750,63
6001,3643,1,23789,2711834013,3551,-1515
6001,3643,2,23790,2712693006,-3061,1813
6001,3643,3,23791,2713551999,-5291,-1840
6001,3644,0,23792,2714410992,-5832,-3952
6001,3644,1,23793,2715269985,312,937
6001,3644,2,23794,2716128978,4369,1075
6001,3644,3,23795,2716987971,-1677,-4767
6001,3645,0,23796,2717846964,-177,-2512
6001,3645,1,23797,2718705957,-297,4941
6001,3645,2,23798,2719564950,-1239,-2449
6001,3645,3,23799,2720423943,2760,-3913
6001,3646,0,23800,2721282936,-259,6438
6001,3646,1,23801,2722141929,-1364,-10
6001,3646,2,23802,2723000922,-592,-303
6001,3646,3,23803,2723859915,1392,8730
6001,3647,0,23804,2724718908,5287,60
6001,3647,1,23805,2725577901,-525,-4960
6001,3647,2,23806,2726436894,-2848,1686
6001,3647,3,23807,2727295887,2711,4318
6001,3648,0,23808,2728154880,4997,-2014
6001,3648,1,23809,2729013873,5572,-7094
6001,3648,2,23810,2729872866,1585,3136
6001,3648,3,23811,2730731859,-4227,4625
6001,3649,0,23812,2731590852,-4047,-4343
6001,3649,1,23813,2732449845,1302,2892
6001,3649,2,23814,2733308838,2545,6295
6001,3649,3,23815,2734167831,-5250,-366
6001,3650,0,23816,2735026824,-8427,2124
6001,3650,1,23817,2735885817,-3027,6187
6001,3650,2,23818,2736744810,-1487,6242
6001,3650,3,23819,2737603803,-456,3608
6001,3651,0,23820,2738462796,6057,-757
6001,3651,1,23821,2739321789,4230,-747
6001,3651,2,23822,2740180782,-2056,-13
6001,3651,3,23823,2741039775,2548,-1875
6001,3652,0,23824,2741898768,1604,-1634
6001,3652,1,23825,2742757761,-4217,-2817
6001,3652,2,23826,2743616754,606,-2431
6001,3652,3,23827,2744475747,1668,4536
6001,3653,0,23828,2745334740,-3216,3154
6001,3653,1,23829,2746193733,-3929,-1589
6001,3653,2,23830,2747052726,377,-204
6001,3653,3,23831,2747911719,2888,-2447
6001,3654,0,23832,2748770712,466,3129
6001,3654,1,23833,2749629705,3998,3293
6001,3654,2,23834,2750488698,3385,-10921
6001,3654,3,23835,2751347691,-3039,-3772
6001,3655,0,23836,2752206684,-1842,2901
6001,3655,1,23837,2753065677,-2195,-6391
6001,3655,2,23838,2753924670,-1031,-1061
6001,3655,3,23839,2754783663,-1450,1784
6001,3656,0,23840,2755642656,-3405,-1948
6001,3656,1,23841,2756501649,3804,-2551
6001,3656,2,23842,2757360642,-243,-7989
6001,3656,3,23843,2758219635,-5604,-4211
6001,3657,0,23844,2759078628,1572,-821
6001,3657,1,23845,2759937621,2083,-4934
6001,3657,2,23846,2760796614,2282,2022
6001,3657,3,23847,2761655607,3093,5765
6001,3658,0,23848,2762514600,2232,-3369
6001,3658,1,23849,2763373593,4929,-7326
6001,3658,2,23850,2764232586,4024,-818
6001,3658,3,23851,2765091579,741,3625
6001,3659,0,23852,2765950572,-1232,2554
6001,3659,1,23853,2766809565,3237,3574
6001,3659,2,23854,2767668558,4156,1746
6001,3659,3,23855,2768527551,-593,-1442
6001,3660,0,23856,2769386544,2924,-308
6001,3660,1,23857,2770245537,-2344,-556
6001,3660,2,23858,2771104530,-4986,794
6001,3660,3,23859,2771963523,3903,1141
6001,3661,0,23860,2772822516,226,-1244
6001,3661,1,23861,2773681509,-13,1303
6001,3661,2,23862,2774540502,-1900,2096
6001,3661,3,23863,2775399495,-7900,848
6001,3662,0,23864,2776258488,-431,-232
6001,3662,1,23865,2777117481,-329,-6272
6001,3662,2,23866,2777976474,4086,-4363
6001,3662,3,23867,2778835467,11599,5267
6001,3663,0,23868,2779694460,2841,2469
6001,3663,1,23869,2780553453,2349,-6388
6001,3663,2,23870,2781412446,1474,-5223
6001,3663,3,23871,2782271439,-2380,3647
6001,3664,0,23872,2783130432,2405,7455
6001,3664,1,23873,2783989425,495,1152
6001,3664,2,23874,2784848418,1851,1211
6001,3664,3,23875,2785707411,2545,4352
6001,3665,0,23876,2786566404,-3078,-4690
6001,3665,1,23877,2787425397,-536,-4166
6001,3665,2,23878,2788284390,-1228,2775
6001,3665,3,23879,2789143383,-2266,-1135
6001,3666,0,23880,2790002376,1857,4300
6001,3666,1,23881,2790861369,-1647,8630
6001,3666,2,23882,2791720362,-6238,331
6001,3666,3,23883,2792579355,-4272,-1723
6001,3667,0,23884,2793438348,-2055,-591
6001,3667,1,23885,2794297341,-1859,1083
6001,3667,2,23886,2795156334,2143,-928
6001,3667,3,23887,2796015327,3124,-4621
6001,3668,0,23888,2796874320,-766,-378
6001,3668,1,23889,2797733313,371,-2960
6001,3668,2,23890,2798592306,-5433,-2932
6001,3668,3,23891,2799451299,-8941,1789
6001,3669,0,23892,2800310292,439,-5096
6001,3669,1,23893,2801169285,-1857,-450
6001,3669,2,23894,2802028278,-4112,4891
6001,3669,3,23895,2802887271,4387,-5437
6001,3670,0,23896,2803746264,4876,-335
6001,3670,1,23897,2804605257,2581,9165
6001,3670,2,23898,2805464250,2983,324
6001,3670,3,23899,2806323243,4222,-8915
6001,3671,0,23900,2807182236,580,-4972
6001,3671,1,23901,2808041229,-6326,457
6001,3671,2,23902,2808900222,-2328,-5222
6001,3671,3,23903,2809759215,261,-5654
6001,3672,0,23904,2810618208,-916,146
6001,3672,1,23905,2811477201,2934,-4460
6001,3672,2,23906,2812336194,725,-3522
6001,3672,3,23907,2813195187,1107,1701
6001,3673,0,23908,2814054180,2559,-3362
6001,3673,1,23909,2814913173,-3303,-3500
6001,3673,2,23910,2815772166,740,-352
6001,3673,3,23911,2816631159,2255,-114
6001,3674,0,23912,2817490152,-4333,5799
6001,3674,1,23913,2818349145,1781,3301
6001,3674,2,23914,2819208138,1250,-6311
6001,3674,3,23915,2820067131,-7544,-1072
6001,3675,0,23916,2820926124,410,3632
6001,3675,1,23917,2821785117,3321,-302
6001,3675,2,23918,2822644110,-3082,4214
6001,3675,3,23919,2823503103,2145,4382
6001,3676,0,23920,2824362096,1138,-958
6001,3676,1,23921,2825221089,-5096,3395
6001,3676,2,23922,2826080082,-819,703
6001,3676,3,23923,2826939075,1596,-4915
6001,3677,0,23924,2827798068,451,-2277
6001,3677,1,23925,2828657061,-3519,-9177
6001,3677,2,23926,2829516054,-4771,-9366
6001,3677,3,23927,2830375047,2231,620
6001,3678,0,23928,2831234040,1962,-5961
6001,3678,1,23929,2832093033,2321,-5452
6001,3678,2,23930,2832952026,2971,3182
6001,3678,3,23931,2833811019,-8212,-5234
6001,3679,0,23932,2834670012,-9284,-5301
6001,3679,1,23933,2835529005,-1615,1836
6001,3679,2,23934,2836387998,4351,-429
6001,3679,3,23935,2837246991,7512,1007
6001,3680,0,23936,2838105984,-2227,189
6001,3680,1,23937,2838964977,-3729,-2548
6001,3680,2,23938,2839823970,2092,-3160
6001,3680,3,23939,2840682963,-4273,-4463
6001,3681,0,23940,2841541956,-2099,3126
6001,3681,1,23941,2842400949,6144,9136
6001,3681,2,23942,2843259942,5327,7814
6001,3681,3,23943,2844118935,4026,4386
6001,3682,0,23944,2844977928,3285,-2056
6001,3682,1,23945,2845836921,1438,1345
6001,3682,2,23946,2846695914,-213,5725
6001,3682,3,23947,2847554907,9,257
6001,3683,0,23948,2848413900,1238,-2060
6001,3683,1,23949,2849272893,3370,-2305
6001,3683,2,23950,2850131886,1720,-945
6001,3683,3,23951,2850990879,-6824,-1493
6001,3684,0,23952,2851849872,-2808,-7749
6001,3684,1,23953,2852708865,5102,-6075
6001,3684,2,23954,2853567858,-1135,-103
6001,3684,3,23955,2854426851,153,-2557
6001,3685,0,23956,2855285844,5813,-5747
6001,3685,1,23957,2856144837,2910,960
6001,3685,2,23958,2857003830,726,6043
6001,3685,3,23959,2857862823,473,2983
6001,3686,0,23960,2858721816,3882,3999
6001,3686,1,23961,2859580809,3833,1572
6001,3686,2,23962,2860439802,-2704,-1323
6001,3686,3,23963,2861298795,-4623,3050
6001,3687,0,23964,2862157788,-3014,-1508
6001,3687,1,23965,2863016781,-1537,-1944
6001,3687,2,23966,2863875774,-435,2288
6001,3687,3,23967,2864734767,2818,-3764
6001,3688,0,23968,2865593760,4802,353
6001,3688,1,23969,2866452753,3026,3879
6001,3688,2,23970,2867311746,3519,-1439
6001,3688,3,23971,2868170739,1191,5013
6001,3689,0,23972,2869029732,1614,6355
6001,3689,1,23973,2869888725,2854,1722
6001,3689,2,23974,2870747718,-5902,5091
6001,3689,3,23975,2871606711,-2672,3285
6001,3690,0,23976,2872465704,9507,1758
6001,3690,1,23977,2873324697,7608,2188
6001,3690,2,23978,2874183690,-598,-2797
6001,3690,3,23979,2875042683,-4055,737
6001,3691,0,23980,2875901676,-1542,6423
6001,3691,1,23981,2876760669,-690,3826
6001,3691,2,23982,2877619662,3355,3719
6001,3691,3,23983,2878478655,8941,2473
6001,3692,0,23984,2879337648,2369,-62
6001,3692,1,23985,2880196641,726,648
6001,3692,2,23986,2881055634,3370,-4173
6001,3692,3,23987,2881914627,-353,-8106
6001,3693,0,23988,2882773620,-2085,-1511
6001,3693,1,23989,2883632613,-5650,5037
6001,3693,2,23990,2884491606,-2865,-1522
6001,3693,3,23991,2885350599,2356,-6589
6001,3694,0,23992,2886209592,2213,4642
6001,3694,1,23993,2887068585,5367,6338
6001,3694,2,23994,2887927578,328,153
6001,3694,3,23995,2888786571,-3147,5030
6001,3695,0,23996,2889645564,87,4210
6001,3695,1,23997,2890504557,-1944,2322
6001,3695,2,23998,2891363550,597,-1285
6001,3695,3,23999,2892222543,-2246,-7923
6001,3696,0,24000,2893081536,-3329,342
6001,3696,1,24001,2893940529,3757,1442
6001,3696,2,24002,2894799522,-2555,-1850
6001,3696,3,24003,2895658515,-2165,1313
6001,3697,0,24004,2896517508,4075,-5085
6001,3697,1,24005,2897376501,-2337,697
6001,3697,2,24006,2898235494,-2875,5699
6001,3697,3,24007,2899094487,212,-5950
6001,3698,0,24008,2899953480,23,-3833
6001,3698,1,24009,2900812473,-1205,1747
6001,3698,2,24010,2901671466,-2167,3400
6001,3698,3,24011,2902530459,1203,4517
6001,3699,0,24012,2903389452,1711,-4364
6001,3699,1,24013,2904248445,4269,-6377
6001,3699,2,24014,2905107438,5195,3636
6001,3699,3,24015,2905966431,-2944,8765
6001,3700,0,24016,2906825424,-4032,522
6001,3700,1,24017,2907684417,-4021,-6797
6001,3700,2,24018,2908543410,-6312,-437
6001,3700,3,24019,2909402403,-288,4974
6001,3701,0,24020,2910261396,2592,3152
6001,3701,1,24021,2911120389,2189,-1949
6001,3701,2,24022,2911979382,2813,-2036
6001,3701,3,24023,2912838375,-1748,2146
6001,3702,0,24024,2913697368,-1835,69
6001,3702,1,24025,2914556361,4908,1752
6001,3702,2,24026,2915415354,3271,33
6001,3702,3,24027,2916274347,-1242,-4601
6001,3703,0,24028,2917133340,5812,2061
6001,3703,1,24029,2917992333,9665,1748
6001,3703,2,24030,2918851326,3818,1028
6001,3703,3,24031,2919710319,5311,3409
6001,3704,0,24032,2920569312,6177,-4159
6001,3704,1,24033,2921428305,6,-6190
6001,3704,2,24034,2922287298,1020,-6477
6001,3704,3,24035,2923146291,3217,-5710
6001,3705,0,24036,2924005284,-853,1571
6001,3705,1,24037,2924864277,-3911,2884
6001,3705,2,24038,2925723270,-2187,2710
6001,3705,3,24039,2926582263,546,3371
6001,3706,0,24040,2927441256,-3876,3427
6001,3706,1,24041,2928300249,-5978,651
6001,3706,2,24042,2929159242,-191,-1435
6001,3706,3,24043,2930018235,-2419,3858
6001,3707,0,24044,2930877228,-4959,-1830
6001,3707,1,24045,2931736221,-537,-7253
6001,3707,2,24046,2932595214,550,904
6001,3707,3,24047,2933454207,2731,1602
6001,3708,0,24048,2934313200,2549,2644
6001,3708,1,24049,2935172193,54,4736
6001,3708,2,24050,2936031186,729,1153
6001,3708,3,24051,2936890179,-3687,1479
6001,3709,0,24052,2937749172,-4126,-4358
6001,3709,1,24053,2938608165,-1010,-10519
6001,3709,2,24054,2939467158,-3759,-2983
6001,3709,3,24055,2940326151,-947,4687
6001,3710,0,24056,2941185144,1332,108
6001,3710,1,24057,2942044137,-2778,-6269
6001,3710,2,24058,2942903130,-1501,2795
6001,3710,3,24059,2943762123,3666,8244
6001,3711,0,24060,2944621116,875,-3650
6001,3711,1,24061,2945480109,-7851,-2469
6001,3711,2,24062,2946339102,-5900,4309
6001,3711,3,24063,2947198095,-2047,-4155
6001,3712,0,24064,2948057088,-3354,-2282
6001,3712,1,24065,2948916081,2929,1513
6001,3712,2,24066,2949775074,5216,-5638
6001,3712,3,24067,2950634067,1958,1067
6001,3713,0,24068,2951493060,-85,-182
6001,3713,1,24069,2952352053,-1982,-9916
6001,3713,2,24070,2953211046,668,1496
6001,3713,3,24071,2954070039,-2438,3750
6001,3714,0,24072,2954929032,-1203,-1882
6001,3714,1,24073,2955788025,5491,689
6001,3714,2,24074,2956647018,297,-1119
6001,3714,3,24075,2957506011,2822,285
6001,3715,0,24076,2958365004,5790,-7192
6001,3715,1,24077,2959223997,-1478,-9105
6001,3715,2,24078,2960082990,-702,1769
6001,3715,3,24079,2960941983,2159,-6042
6001,3716,0,24080,2961800976,6212,-4176
6001,3716,1,24081,2962659969,7481,659
6001,3716,2,24082,2963518962,3630,-8909
6001,3716,3,24083,2964377955,1988,-2007
6001,3717,0,24084,2965236948,-534,-2555
6001,3717,1,24085,2966095941,3310,-6287
6001,3717,2,24086,2966954934,137,4208
6001,3717,3,24087,2967813927,-5830,968
6001,3718,0,24088,2968672920,2982,-4064
6001,3718,1,24089,2969531913,712,1106
6001,3718,2,24090,2970390906,-3416,5928
6001,3718,3,24091,2971249899,-1036,1395
6001,3719,0,24092,2972108892,-3266,-3010
6001,3719,1,24093,2972967885,393,3189
6001,3719,2,24094,2973826878,-5698,-557
6001,3719,3,24095,2974685871,-7023,-595
6001,3720,0,24096,2975544864,4487,6643
6001,3720,1,24097,2976403857,-1943,2566
6001,3720,2,24098,2977262850,-6145,3258
6001,3720,3,24099,2978121843,-5308,2496
6001,3721,0,24100,2978980836,-8908,482
6001,3721,1,24101,2979839829,1093,573
6001,3721,2,24102,2980698822,7574,-2134
6001,3721,3,24103,2981557815,-320,3248
6001,3722,0,24104,2982416808,-3298,-2233
6001,3722,1,24105,2983275801,3698,-7184
6001,3722,2,24106,2984134794,1048,858
6001,3722,3,24107,2984993787,-5446,432
6001,3723,0,24108,2985852780,4233,2343
6001,3723,1,24109,2986711773,1794,-412
6001,3723,2,24110,2987570766,-6657,-2587
6001,3723,3,24111,2988429759,4214,-396
6001,3724,0,24112,2989288752,6300,-7707
6001,3724,1,24113,2990147745,1735,2236
6001,3724,2,24114,2991006738,3553,6362
6001,3724,3,24115,2991865731,1394,-14
6001,3725,0,24116,2992724724,-1291,11279
6001,3725,1,24117,2993583717,-854,4242
6001,3725,2,24118,2994442710,2218,-4361
6001,3725,3,24119,2995301703,2615,1824
6001,3726,0,24120,2996160696,3176,-1085
6001,3726,1,24121,2997019689,2919,617
6001,3726,2,24122,2997878682,-686,-1124
6001,3726,3,24123,2998737675,3354,-3270
6001,3727,0,24124,2999596668,410,108
6001,3727,1,24125,3000455661,-4142,-3010
6001,3727,2,24126,3001314654,4892,-26
6001,3727,3,24127,3002173647,4652,515
6001,3728,0,24128,3003032640,594,-1049
6001,3728,1,24129,3003891633,-988,3228
6001,3728,2,24130,3004750626,-3792,2756
6001,3728,3,24131,3005609619,446,3577
6001,3729,0,24132,3006468612,-1948,2393
6001,3729,1,24133,3007327605,-3179,1999
6001,3729,2,24134,3008186598,3940,3999
6001,3729,3,24135,3009045591,2046,-279
6001,3730,0,24136,3009904584,-1502,1215
6001,3730,1,24137,3010763577,-2533,2646
6001,3730,2,24138,3011622570,-6210,-514
6001,3730,3,24139,3012481563,-5567,-2030
6001,3731,0,24140,3013340556,1427,-4831
6001,3731,1,24141,3014199549,1014,534
6001,3731,2,24142,3015058542,-4216,3792
6001,3731,3,24143,3015917535,109,-3472
6001,3732,0,24144,3016776528,-3346,-5094
6001,3732,1,24145,3017635521,-7153,-2944
6001,3732,2,24146,3018494514,-692,-1598
6001,3732,3,24147,3019353507,-4434,-1437
6001,3733,0,24148,3020212500,1612,-2343
6001,3733,1,24149,3021071493,9057,-153
6001,3733,2,24150,3021930486,-1897,709
6001,3733,3,24151,3022789479,-3945,2121
6001,3734,0,24152,3023648472,-4782,3754
6001,3734,1,24153,3024507465,-2363,-2933
6001,3734,2,24154,3025366458,3072,-6657
6001,3734,3,24155,3026225451,-6172,-1126
6001,3735,0,24156,3027084444,-1556,-1317
6001,3735,1,24157,3027943437,4071,-5341
6001,3735,2,24158,3028802430,-5655,-3206
6001,3735,3,24159,3029661423,-2325,2269
6001,3736,0,24160,3030520416,3343,5517
6001,3736,1,24161,3031379409,3602,2897
6001,3736,2,24162,3032238402,1774,3011
6001,3736,3,24163,3033097395,-4291,4483
6001,3737,0,24164,3033956388,-4881,-1983
6001,3737,1,24165,3034815381,-2536,-3860
6001,3737,2,24166,3035674374,428,-544
6001,3737,3,24167,3036533367,1145,3505
6001,3738,0,24168,3037392360,1809,5622
6001,3738,1,24169,3038251353,781,-2541
6001,3738,2,24170,3039110346,-7832,-2671
6001,3738,3,24171,3039969339,-3409,3672
6001,3739,0,24172,3040828332,1585,-148
6001,3739,1,24173,3041687325,-3804,-4573
6001,3739,2,24174,3042546318,735,-5189
6001,3739,3,24175,3043405311,-5517,2121
6001,3740,0,24176,3044264304,-10499,4368
6001,3740,1,24177,3045123297,3754,-919
6001,3740,2,24178,3045982290,3672,5382
6001,3740,3,24179,3046841283,2697,5313
6001,3741,0,24180,3047700276,8092,-2559
6001,3741,1,24181,3048559269,533,-6321
6001,3741,2,24182,3049418262,-859,-2881
6001,3741,3,24183,3050277255,3969,9650
6001,3742,0,24184,3051136248,3680,2403
6001,3742,1,24185,3051995241,2249,-6591
6001,3742,2,24186,3052854234,-1253,353
6001,3742,3,24187,3053713227,-328,-2565
6001,3743,0,24188,3054572220,1109,1114
6001,3743,1,24189,3055431213,-3110,1757
6001,3743,2,24190,3056290206,-1394,-3981
6001,3743,3,24191,3057149199,2065,4420
6001,3744,0,24192,3058008192,-550,1339
6001,3744,1,24193,3058867185,4059,-1835
6001,3744,2,24194,3059726178,8521,-1887
6001,3744,3,24195,3060585171,-895,-11630
6001,3745,0,24196,3061444164,-1968,-4996
6001,3745,1,24197,3062303157,4967,2170
6001,3745,2,24198,3063162150,276,3221
6001,3745,3,24199,3064021143,-2037,4814
6001,3746,0,24200,3064880136,3154,-5410
6001,3746,1,24201,3065739129,5665,-3490
6001,3746,2,24202,3066598122,-382,2991
6001,3746,3,24203,3067457115,-6221,-2663
6001,3747,0,24204,3068316108,3901,1315
6001,3747,1,24205,3069175101,4186,2156
6001,3747,2,24206,3070034094,-5692,-5903
6001,3747,3,24207,3070893087,2370,-1830
6001,3748,0,24208,3071752080,2450,2948
6001,3748,1,24209,3072611073,-5002,-700
6001,3748,2,24210,3073470066,-1522,5
6001,3748,3,24211,3074329059,-930,1595
6001,3749,0,24212,3075188052,629,244
6001,3749,1,24213,3076047045,-2907,-223
6001,3749,2,24214,3076906038,-6525,-886
6001,3749,3,24215,3077765031,-1378,4159
6001,3750,0,24216,3078624024,-5955,3794
6001,3750,1,24217,3079483017,326,-4323
6001,3750,2,24218,3080342010,12858,-118
6001,3750,3,24219,3081201003,2868,2491
6001,3751,0,24220,3082059996,-2041,628
6001,3751,1,24221,3082918989,2054,1540
6001,3751,2,24222,3083777982,2261,-3873
6001,3751,3,24223,3084636975,768,-1803
6001,3752,0,24224,3085495968,-6216,-1300
6001,3752,1,24225,3086354961,-4089,-5765
6001,3752,2,24226,3087213954,955,1628
6001,3752,3,24227,3088072947,-1339,-2363
6001,3753,0,24228,3088931940,415,-11520
6001,3753,1,24229,3089790933,-509,-5039
6001,3753,2,24230,3090649926,1038,-1546
6001,3753,3,24231,3091508919,3905,-4212
6001,3754,0,24232,3092367912,-4614,-3062
6001,3754,1,24233,3093226905,-4709,568
6001,3754,2,24234,3094085898,3289,-711
6001,3754,3,24235,3094944891,1825,-2143
6001,3755,0,24236,3095803884,1421,1006
6001,3755,1,24237,3096662877,3897,1247
6001,3755,2,24238,3097521870,870,3134
6001,3755,3,24239,3098380863,293,185
6001,3756,0,24240,3099239856,3386,-6383
6001,3756,1,24241,3100098849,1446,-2672
6001,3756,2,24242,3100957842,652,-2373
6001,3756,3,24243,3101816835,333,-1238
6001,3757,0,24244,3102675828,-5092,4979
6001,3757,1,24245,3103534821,-1489,843
6001,3757,2,24246,3104393814,3784,-408
6001,3757,3,24247,3105252807,-4909,4156
6001,3758,0,24248,3106111800,-8358,519
6001,3758,1,24249,3106970793,-57,-1844
6001,3758,2,24250,3107829786,3603,3636
6001,3758,3,24251,3108688779,3172,3711
6001,3759,0,24252,3109547772,1815,-382
6001,3759,1,24253,3110406765,-3726,-560
6001,3759,2,24254,3111265758,-996,-7184
6001,3759,3,24255,3112124751,8502,-7327
6001,3760,0,24256,3112983744,3408,5975
6001,3760,1,24257,3113842737,-2712,4525
6001,3760,2,24258,3114701730,-1616,-5342
6001,3760,3,24259,3115560723,-7595,-4232
6001,3761,0,24260,3116419716,-4039,2939
6001,3761,1,24261,3117278709,6216,3207
6001,3761,2,24262,3118137702,4219,-2187
6001,3761,3,24263,3118996695,2660,3979
6001,3762,0,24264,3119855688,4079,4010
6001,3762,1,24265,3120714681,3685,-3632
6001,3762,2,24266,3121573674,866,1608
6001,3762,3,24267,3122432667,-2212,-3208
6001,3763,0,24268,3123291660,90,-7739
6001,3763,1,24269,3124150653,-2011,1801
6001,3763,2,24270,3125009646,-3306,294
6001,3763,3,24271,3125868639,740,-698
6001,3764,0,24272,3126727632,-1475,928
6001,3764,1,24273,3127586625,-1101,-2937
6001,3764,2,24274,3128445618,-1172,2322
6001,3764,3,24275,3129304611,-4873,7085
6001,3765,0,24276,3130163604,451,4192
6001,3765,1,24277,3131022597,5130,2106
6001,3765,2,24278,3131881590,1913,3
6001,3765,3,24279,3132740583,-3995,-1475
6001,3766,0,24280,3133599576,-474,-350
6001,3766,1,24281,3134458569,8981,-1142
6001,3766,2,24282,3135317562,696,-5778
6001,3766,3,24283,3136176555,-4774,-2741
6001,3767,0,24284,3137035548,4290,5526
6001,3767,1,24285,3137894541,3817,1276
6001,3767,2,24286,3138753534,2662,-6743
6001,3767,3,24287,3139612527,2256,-3381
6001,3768,0,24288,3140471520,927,3043
6001,3768,1,24289,3141330513,5671,3292
6001,3768,2,24290,3142189506,635,291
6001,3768,3,24291,3143048499,-4900,-332
6001,3769,0,24292,3143907492,-634,1885
6001,3769,1,24293,3144766485,3827,275
6001,3769,2,24294,3145625478,6101,-2969
6001,3769,3,24295,3146484471,-64,-1268
6001,3770,0,24296,3147343464,1751,-4210
6001,3770,1,24297,3148202457,6862,-5096
6001,3770,2,24298,3149061450,-3898,3434
6001,3770,3,24299,3149920443,-869,1145
6001,3771,0,24300,3150779436,3944,-3463
6001,3771,1,24301,3151638429,-7507,1400
6001,3771,2,24302,3152497422,-4215,4238
6001,3771,3,24303,3153356415,1090,3322
6001,3772,0,24304,3154215408,3029,-2429
6001,3772,1,24305,3155074401,10937,916
6001,3772,2,24306,3155933394,4995,6487
6001,3772,3,24307,3156792387,-628,-2805
6001,3773,0,24308,3157651380,312,-1777
6001,3773,1,24309,3158510373,-5032,1508
6001,3773,2,24310,3159369366,-3616,-3043
6001,3773,3,24311,3160228359,1222,-1174
6001,3774,0,24312,3161087352,3050,-5838
6001,3774,1,24313,3161946345,5513,-3264
6001,3774,2,24314,3162805338,2734,3885
6001,3774,3,24315,3163664331,-1090,-1591
6001,3775,0,24316,3164523324,-1216,2483
6001,3775,1,24317,3165382317,-831,1364
6001,3775,2,24318,3166241310,659,-7221
6001,3775,3,24319,3167100303,-836,-1045
6001,3776,0,24320,3167959296,-6415,-1117
6001,3776,1,24321,3168818289,-2114,-4044
6001,3776,2,24322,3169677282,5363,1342
6001,3776,3,24323,3170536275,-2585,-1057
6001,3777,0,24324,3171395268,-5804,-2450
6001,3777,1,24325,3172254261,-238,5903
6001,3777,2,24326,3173113254,-4942,7352
6001,3777,3,24327,3173972247,-3722,2515
6001,3778,0,24328,3174831240,2204,5162
6001,3778,1,24329,3175690233,-1355,4223
6001,3778,2,24330,3176549226,-5786,899
6001,3778,3,24331,3177408219,-8679,4409
6001,3779,0,24332,3178267212,-3379,-896
6001,3779,1,24333,3179126205,2620,-1974
6001,3779,2,24334,3179985198,-536,4034
6001,3779,3,24335,3180844191,1,-4675
6001,3780,0,24336,3181703184,-1037,-3701
6001,3780,1,24337,3182562177,-2567,5805
6001,3780,2,24338,3183421170,2660,-604
6001,3780,3,24339,3184280163,4393,-484
6001,3781,0,24340,3185139156,1201,5310
6001,3781,1,24341,3185998149,-5351,-1631
6001,3781,2,24342,3186857142,-3144,-3255
6001,3781,3,24343,3187716135,2986,5312
6001,3782,0,24344,3188575128,-4540,2834
6001,3782,1,24345,3189434121,-3890,-6991
6001,3782,2,24346,3190293114,1761,-2971
6001,3782,3,24347,3191152107,180,5915
6001,3783,0,24348,3192011100,6510,3882
6001,3783,1,24349,3192870093,1827,-244
6001,3783,2,24350,3193729086,-7453,-5612
6001,3783,3,24351,3194588079,107,-11199
6001,3784,0,24352,3195447072,1348,-1526
6001,3784,1,24353,3196306065,257,7940
6001,3784,2,24354,3197165058,1853,1783
6001,3784,3,24355,3198024051,-4114,3639
6001,3785,0,24356,3198883044,-2335,7797
6001,3785,1,24357,3199742037,675,-1216
6001,3785,2,24358,3200601030,-2194,-787
6001,3785,3,24359,3201460023,-1102,4281
6001,3786,0,24360,3202319016,-1009,-1761
6001,3786,1,24361,3203178009,1380,-3156
6001,3786,2,24362,3204037002,2438,2887
6001,3786,3,24363,3204895995,-1100,5095
6001,3787,0,24364,3205754988,2858,2122
6001,3787,1,24365,3206613981,3457,443
6001,3787,2,24366,3207472974,-1859,-81
6001,3787,3,24367,3208331967,-751,-2167
6001,3788,0,24368,3209190960,-32,-228
6001,3788,1,24369,3210049953,-1616,-185
6001,3788,2,24370,3210908946,-1446,-2075
6001,3788,3,24371,3211767939,913,1104
6001,3789,0,24372,3212626932,1830,-292
6001,3789,1,24373,3213485925,-92,-2369
6001,3789,2,24374,3214344918,2780,-1688
6001,3789,3,24375,3215203911,2565,-4675
6001,3790,0,24376,3216062904,-2265,-852
6001,3790,1,24377,3216921897,-234,3746
6001,3790,2,24378,3217780890,1501,-4159
6001,3790,3,24379,3218639883,70,-7992
6001,3791,0,24380,3219498876,-1766,170
6001,3791,1,24381,3220357869,-3409,4143
6001,3791,2,24382,3221216862,-3796,687
6001,3791,3,24383,3222075855,-2699,-817
6001,3792,0,24384,3222934848,4860,1084
6001,3792,1,24385,3223793841,3798,3676
6001,3792,2,24386,3224652834,-4259,2458
6001,3792,3,24387,3225511827,1337,-1408
6001,3793,0,24388,3226370820,1426,-1312
6001,3793,1,24389,3227229813,-4733,548
6001,3793,2,24390,3228088806,-1726,-1222
6001,3793,3,24391,3228947799,1762,-5176
6001,3794,0,24392,3229806792,4418,-1064
6001,3794,1,24393,3230665785,-1610,4987
6001,3794,2,24394,3231524778,-7166,1984
6001,3794,3,24395,3232383771,-1613,4130
6001,3795,0,24396,3233242764,-2436,3338
6001,3795,1,24397,3234101757,-1794,-3893
6001,3795,2,24398,3234960750,-290,787
6001,3795,3,24399,3235819743,-5240,436
6001,3796,0,24400,3236678736,277,-1362
6001,3796,1,24401,3237537729,4803,2295
6001,3796,2,24402,3238396722,-693,-3514
6001,3796,3,24403,3239255715,-901,246
6001,3797,0,24404,3240114708,1345,4141
6001,3797,1,24405,3240973701,-1236,-1256
6001,3797,2,24406,3241832694,-1775,3647
6001,3797,3,24407,3242691687,195,3083
6001,3798,0,24408,3243550680,-1488,-1792
6001,3798,1,24409,3244409673,1065,-3836
6001,3798,2,24410,3245268666,5138,-3398
6001,3798,3,24411,3246127659,4198,5708
6001,3799,0,24412,3246986652,2312,-1185
6001,3799,1,24413,3247845645,-4125,-11222
6001,3799,2,24414,3248704638,-2270,-2772
6001,3799,3,24415,3249563631,137,-165
6001,3800,0,24416,3250422624,-8324,-1130
6001,3800,1,24417,3251281617,-3198,1565
6001,3800,2,24418,3252140610,-770,4138
6001,3800,3,24419,3252999603,-1988,3679
6001,3801,0,24420,3253858596,6191,-1505
6001,3801,1,24421,3254717589,-1123,1462
6001,3801,2,24422,3255576582,-3183,3594
6001,3801,3,24423,3256435575,647,1484
6001,3802,0,24424,3257294568,-1850,1664
6001,3802,1,24425,3258153561,7172,-2692
6001,3802,2,24426,3259012554,2104,757
6001,3802,3,24427,3259871547,-3909,3662
6001,3803,0,24428,3260730540,2210,-1925
6001,3803,1,24429,3261589533,-4236,68
6001,3803,2,24430,3262448526,181,-1726
6001,3803,3,24431,3263307519,7158,-4077
6001,3804,0,24432,3264166512,4154,452
6001,3804,1,24433,3265025505,3178,-880
6001,3804,2,24434,3265884498,-4084,-70
6001,3804,3,24435,3266743491,-3295,2540
6001,3805,0,24436,3267602484,-2545,-3068
6001,3805,1,24437,3268461477,-3054,-5908
6001,3805,2,24438,3269320470,7352,3895
6001,3805,3,24439,3270179463,1711,8242
6001,3806,0,24440,3271038456,-3205,-1089
6001,3806,1,24441,3271897449,2330,1625
6001,3806,2,24442,3272756442,-1607,6410
6001,3806,3,24443,3273615435,1331,-292
6001,3807,0,24444,3274474428,4044,1842
6001,3807,1,24445,3275333421,650,10
6001,3807,2,24446,3276192414,3351,-5375
6001,3807,3,24447,3277051407,2038,729
6001,3808,0,24448,3277910400,-1586,-217
6001,3808,1,24449,3278769393,2165,-2958
6001,3808,2,24450,3279628386,4055,2364
6001,3808,3,24451,3280487379,-4024,5405
6001,3809,0,24452,3281346372,-3566,4556
6001,3809,1,24453,3282205365,4082,1381
6001,3809,2,24454,3283064358,-1994,999
6001,3809,3,24455,3283923351,-4231,1237
6001,3810,0,24456,3284782344,-1610,2245
6001,3810,1,24457,3285641337,-2646,4453
6001,3810,2,24458,3286500330,4048,-87
6001,3810,3,24459,3287359323,3673,-145
6001,3811,0,24460,3288218316,-2030,1615
6001,3811,1,24461,3289077309,-1026,-1782
6001,3811,2,24462,3289936302,-675,3488
6001,3811,3,24463,3290795295,373,4454
6001,3812,0,24464,3291654288,-788,-956
6001,3812,1,24465,3292513281,545,3239
6001,3812,2,24466,3293372274,6154,4389
6001,3812,3,24467,3294231267,3733,-409
6001,3813,0,24468,3295090260,-2100,-2662
6001,3813,1,24469,3295949253,-1670,-3182
6001,3813,2,24470,3296808246,3129,-1232
6001,3813,3,24471,3297667239,-385,242
6001,3814,0,24472,3298526232,-5592,-2163
6001,3814,1,24473,3299385225,-1058,-784
6001,3814,2,24474,3300244218,-647,10106
6001,3814,3,24475,3301103211,1005,10331
6001,3815,0,24476,3301962204,2863,-1181
6001,3815,1,24477,3302821197,-4439,-1412
6001,3815,2,24478,3303680190,-2013,-1931
6001,3815,3,24479,3304539183,4037,-1222
6001,3816,0,24480,3305398176,2495,4478
6001,3816,1,24481,3306257169,2653,-3633
6001,3816,2,24482,3307116162,2584,-4686
6001,3816,3,24483,3307975155,376,-1385
6001,3817,0,24484,3308834148,-1984,-8570
6001,3817,1,24485,3309693141,22,-2987
6001,3817,2,24486,3310552134,1238,199
6001,3817,3,24487,3311411127,-1878,-3211
6001,3818,0,24488,3312270120,1335,192
6001,3818,1,24489,3313129113,4120,-5496
6001,3818,2,24490,3313988106,1529,-6980
6001,3818,3,24491,3314847099,-195,542
6001,3819,0,24492,3315706092,605,1270
6001,3819,1,24493,3316565085,355,-857
6001,3819,2,24494,3317424078,-4530,564
6001,3819,3,24495,3318283071,-1053,7519
6001,3820,0,24496,3319142064,1293,4789
6001,3820,1,24497,3320001057,-4412,-1016
6001,3820,2,24498,3320860050,1864,1394
6001,3820,3,24499,3321719043,1706,-2192
6001,3821,0,24500,3322578036,-4361,3222
6001,3821,1,24501,3323437029,-254,5436
6001,3821,2,24502,3324296022,-4558,-4392
6001,3821,3,24503,3325155015,-4563,4052
6001,3822,0,24504,3326014008,-69,2344
6001,3822,1,24505,3326873001,-5947,-5832
6001,3822,2,24506,3327731994,-4377,3741
6001,3822,3,24507,3328590987,962,-4584
6001,3823,0,24508,3329449980,3666,-10565
6001,3823,1,24509,3330308973,5044,1766
6001,3823,2,24510,3331167966,3976,2818
6001,3823,3,24511,3332026959,4200,1125
6001,3824,0,24512,3332885952,-2589,-1398
6001,3824,1,24513,3333744945,-2212,-2178
6001,3824,2,24514,3334603938,5661,4488
6001,3824,3,24515,3335462931,-399,4536
6001,3825,0,24516,3336321924,731,1425
6001,3825,1,24517,3337180917,5438,408
6001,3825,2,24518,3338039910,-2027,2907
6001,3825,3,24519,3338898903,748,5136
6001,3826,0,24520,3339757896,1156,1676
6001,3826,1,24521,3340616889,-9067,175
6001,3826,2,24522,3341475882,-2418,-2813
6001,3826,3,24523,3342334875,7361,-1851
6001,3827,0,24524,3343193868,2024,5204
6001,3827,1,24525,3344052861,-456,4027
6001,3827,2,24526,3344911854,-62,1949
6001,3827,3,24527,3345770847,-3088,-1186
6001,3828,0,24528,3346629840,241,-2769
6001,3828,1,24529,3347488833,3276,5114
6001,3828,2,24530,3348347826,1175,3927
6001,3828,3,24531,3349206819,-589,-725
6001,3829,0,24532,3350065812,-2499,41
6001,3829,1,24533,3350924805,882,-1886
6001,3829,2,24534,3351783798,854,601
6001,3829,3,24535,3352642791,-6791,-1993
6001,3830,0,24536,3353501784,-5249,-4621
6001,3830,1,24537,3354360777,-1877,7264
6001,3830,2,24538,3355219770,-2316,6796
6001,3830,3,24539,3356078763,-1438,-4325
6001,3831,0,24540,3356937756,-5238,-2753
6001,3831,1,24541,3357796749,-3761,1610
6001,3831,2,24542,3358655742,2935,4558
6001,3831,3,24543,3359514735,426,5161
6001,3832,0,24544,3360373728,-3526,1007
6001,3832,1,24545,3361232721,-2346,-516
6001,3832,2,24546,3362091714,-1919,-1384
6001,3832,3,24547,3362950707,-2404,1965
6001,3833,0,24548,3363809700,996,7831
6001,3833,1,24549,3364668693,2788,930
6001,3833,2,24550,3365527686,-2153,-3296
6001,3833,3,24551,3366386679,-4083,6015
6001,3834,0,24552,3367245672,-2067,3812
6001,3834,1,24553,3368104665,-161,-6855
6001,3834,2,24554,3368963658,1799,-4077
6001,3834,3,24555,3369822651,3097,3258
6001,3835,0,24556,3370681644,4790,4856
6001,3835,1,24557,3371540637,-2583,3047
6001,3835,2,24558,3372399630,-11447,-809
6001,3835,3,24559,3373258623,-7088,250
6001,3836,0,24560,3374117616,-3602,5484
6001,3836,1,24561,3374976609,1155,5402
6001,3836,2,24562,3375835602,6085,1091
6001,3836,3,24563,3376694595,-2538,-3389
6001,3837,0,24564,3377553588,-5432,-2876
6001,3837,1,24565,3378412581,-1447,3048
6001,3837,2,24566,3379271574,-2435,3696
6001,3837,3,24567,3380130567,648,2096
6001,3838,0,24568,3380989560,2442,2597
6001,3838,1,24569,3381848553,45,-110
6001,3838,2,24570,3382707546,-1728,1303
6001,3838,3,24571,3383566539,-707,4136
6001,3839,0,24572,3384425532,3231,-368
6001,3839,1,24573,3385284525,-509,-2715
6001,3839,2,24574,3386143518,-4222,-368
6001,3839,3,24575,3387002511,-494,1078
6001,3840,0,24576,3387861504,-409,-1349
6001,3840,1,24577,3388720497,-1094,-3509
6001,3840,2,24578,3389579490,-2488,-188
6001,3840,3,24579,3390438483,-4771,-302
6001,3841,0,24580,3391297476,-1955,1649
6001,3841,1,24581,3392156469,570,7310
6001,3841,2,24582,3393015462,2399,-359
6001,3841,3,24583,3393874455,239,-6360
6001,3842,0,24584,3394733448,-6185,-1674
6001,3842,1,24585,3395592441,-5355,1901
6001,3842,2,24586,3396451434,-3699,8919
6001,3842,3,24587,3397310427,-5085,8118
6001,3843,0,24588,3398169420,-2837,-3316
6001,3843,1,24589,3399028413,-1969,-6332
6001,3843,2,24590,3399887406,230,-2697
6001,3843,3,24591,3400746399,6449,2183
6001,3844,0,24592,3401605392,2853,2644
6001,3844,1,24593,3402464385,-7442,-871
6001,3844,2,24594,3403323378,-4126,2474
6001,3844,3,24595,3404182371,3292,1863
6001,3845,0,24596,3405041364,-2748,-4965
6001,3845,1,24597,3405900357,-6105,-2597
6001,3845,2,24598,3406759350,-969,2323
6001,3845,3,24599,3407618343,67,2027
6001,3846,0,24600,3408477336,-1201,2815
6001,3846,1,24601,3409336329,-3582,1140
6001,3846,2,24602,3410195322,-3827,-4828
6001,3846,3,24603,3411054315,-2449,-2565
6001,3847,0,24604,3411913308,-3088,4784
6001,3847,1,24605,3412772301,2321,5321
6001,3847,2,24606,3413631294,252,1797
6001,3847,3,24607,3414490287,-9641,-2640
6001,3848,0,24608,3415349280,-3264,878
6001,3848,1,24609,3416208273,1357,8812
6001,3848,2,24610,3417067266,-2292,3604
6001,3848,3,24611,3417926259,1723,-1671
6001,3849,0,24612,3418785252,657,1445
6001,3849,1,24613,3419644245,-953,1864
6001,3849,2,24614,3420503238,-10,-136
6001,3849,3,24615,3421362231,-4227,-4688
6001,3850,0,24616,3422221224,-415,-3632
6001,3850,1,24617,3423080217,2206,3238
6001,3850,2,24618,3423939210,-1590,1690
6001,3850,3,24619,3424798203,-1851,-1469
6001,3851,0,24620,3425657196,-4963,-2036
6001,3851,1,24621,3426516189,-314,-5703
6001,3851,2,24622,3427375182,5756,-3146
6001,3851,3,24623,3428234175,-2267,6937
6001,3852,0,24624,3429093168,-3328,5007
6001,3852,1,24625,3429952161,-1205,-4262
6001,3852,2,24626,3430811154,-5300,-875
6001,3852,3,24627,3431670147,-910,-1389
6001,3853,0,24628,3432529140,2116,-4958
6001,3853,1,24629,3433388133,-2869,355
6001,3853,2,24630,3434247126,-3511,-5074
6001,3853,3,24631,3435106119,67,-4432
6001,3854,0,24632,3435965112,539,5389
6001,3854,1,24633,3436824105,170,-488
6001,3854,2,24634,3437683098,1045,-4611
6001,3854,3,24635,3438542091,-1361,-5496
6001,3855,0,24636,3439401084,4751,-3127
6001,3855,1,24637,3440260077,11360,3282
6001,3855,2,24638,3441119070,-1204,-52
6001,3855,3,24639,3441978063,-3352,5377
6001,3856,0,24640,3442837056,2876,5643
6001,3856,1,24641,3443696049,-5565,-2516
6001,3856,2,24642,3444555042,-2601,5766
6001,3856,3,24643,3445414035,720,2624
6001,3857,0,24644,3446273028,-7147,-1950
6001,3857,1,24645,3447132021,-1312,3190
6001,3857,2,24646,3447991014,2451,-3081
6001,3857,3,24647,3448850007,-1348,942
6001,3858,0,24648,3449709000,-1324,2693
6001,3858,1,24649,3450567993,-5549,-5443
6001,3858,2,24650,3451426986,-6168,682
6001,3858,3,24651,3452285979,-687,2944
6001,3859,0,24652,3453144972,706,-940
6001,3859,1,24653,3454003965,-1572,-891
6001,3859,2,24654,3454862958,1801,788
6001,3859,3,24655,3455721951,8525,1680
6001,3860,0,24656,3456580944,3975,-2285
6001,3860,1,24657,3457439937,406,930
6001,3860,2,24658,3458298930,2014,2247
6001,3860,3,24659,3459157923,11,-1827
6001,3861,0,24660,3460016916,5154,4301
6001,3861,1,24661,3460875909,4828,4238
6001,3861,2,24662,3461734902,1528,-711
6001,3861,3,24663,3462593895,7021,541
6001,3862,0,24664,3463452888,781,-2162
6001,3862,1,24665,3464311881,-1416,-4575
6001,3862,2,24666,3465170874,3859,-1051
6001,3862,3,24667,3466029867,-1474,4417
6001,3863,0,24668,3466888860,1356,2729
6001,3863,1,24669,3467747853,-569,-4250
6001,3863,2,24670,3468606846,-11402,-5710
6001,3863,3,24671,3469465839,-5123,-2779
6001,3864,0,24672,3470324832,783,3951
6001,3864,1,24673,3471183825,-1469,4741
6001,3864,2,24674,3472042818,968,-1993
6001,3864,3,24675,3472901811,2724,-367
6001,3865,0,24676,3473760804,1463,3986
6001,3865,1,24677,3474619797,1695,1306
6001,3865,2,24678,3475478790,1627,-5623
6001,3865,3,24679,3476337783,-2358,-6427
6001,3866,0,24680,3477196776,-1275,339
6001,3866,1,24681,3478055769,-263,-132
6001,3866,2,24682,3478914762,-5072,-2728
6001,3866,3,24683,3479773755,-941,258
6001,3867,0,24684,3480632748,23,1955
6001,3867,1,24685,3481491741,-1989,-355
6001,3867,2,24686,3482350734,3747,-4187
6001,3867,3,24687,3483209727,-1180,-1978
6001,3868,0,24688,3484068720,-5097,444
6001,3868,1,24689,3484927713,-2074,942
6001,3868,2,24690,3485786706,-3620,3687
6001,3868,3,24691,3486645699,23,-1514
6001,3869,0,24692,3487504692,-1074,-3278
6001,3869,1,24693,3488363685,-7421,2531
6001,3869,2,24694,3489222678,-4547,-1757
6001,3869,3,24695,3490081671,2133,-4110
6001,3870,0,24696,3490940664,2721,1406
6001,3870,1,24697,3491799657,-1766,43
6001,3870,2,24698,3492658650,3342,-2136
6001,3870,3,24699,3493517643,5119,511
6001,3871,0,24700,3494376636,-1335,-2390
6001,3871,1,24701,3495235629,2068,-3857
6001,3871,2,24702,3496094622,-2311,-86
6001,3871,3,24703,3496953615,-5522,-3309
6001,3872,0,24704,3497812608,1709,-218
6001,3872,1,24705,3498671601,-3833,2050
6001,3872,2,24706,3499530594,-4854,-9489
6001,3872,3,24707,3500389587,2449,-3126
6001,3873,0,24708,3501248580,3328,7017
6001,3873,1,24709,3502107573,-466,1472
6001,3873,2,24710,3502966566,-4454,3211
6001,3873,3,24711,3503825559,503,1686
6001,3874,0,24712,3504684552,1763,-3598
6001,3874,1,24713,3505543545,3389,-3979
6001,3874,2,24714,3506402538,6884,-3411
6001,3874,3,24715,3507261531,-1803,3173
6001,3875,0,24716,3508120524,493,1764
6001,3875,1,24717,3508979517,579,-647
6001,3875,2,24718,3509838510,-5638,1640
6001,3875,3,24719,3510697503,4716,-4801
6001,3876,0,24720,3511556496,2698,-2621
6001,3876,1,24721,3512415489,-2690,733
6001,3876,2,24722,3513274482,-1331,-1424
6001,3876,3,24723,3514133475,-5658,2219
6001,3877,0,24724,3514992468,2048,-2428
6001,3877,1,24725,3515851461,1824,-3455
6001,3877,2,24726,3516710454,-5688,480
6001,3877,3,24727,3517569447,-2664,-1714
6001,3878,0,24728,3518428440,-3706,5593
6001,3878,1,24729,3519287433,-1511,5597
6001,3878,2,24730,3520146426,261,-1057
6001,3878,3,24731,3521005419,3653,7173
6001,3879,0,24732,3521864412,7773,6233
6001,3879,1,24733,3522723405,-1790,-4943
6001,3879,2,24734,3523582398,-40,-5398
6001,3879,3,24735,3524441391,6320,-1413
6001,3880,0,24736,3525300384,2145,2040
6001,3880,1,24737,3526159377,148,943
6001,3880,2,24738,3527018370,-4293,-2142
6001,3880,3,24739,3527877363,-2060,1429
6001,3881,0,24740,3528736356,-83,-61
6001,3881,1,24741,3529595349,-3501,-3107
6001,3881,2,24742,3530454342,1672,2964
6001,3881,3,24743,3531313335,1681,-768
6001,3882,0,24744,3532172328,696,-4980
6001,3882,1,24745,3533031321,285,3673
6001,3882,2,24746,3533890314,-3629,2355
6001,3882,3,24747,3534749307,1688,619
6001,3883,0,24748,3535608300,395,3694
6001,3883,1,24749,3536467293,-5217,-1466
6001,3883,2,24750,3537326286,-3948,2149
6001,3883,3,24751,3538185279,-6219,4243
6001,3884,0,24752,3539044272,-2432,-3486
6001,3884,1,24753,3539903265,5189,-1518
6001,3884,2,24754,3540762258,3874,1438
6001,3884,3,24755,3541621251,-1691,3005
6001,3885,0,24756,3542480244,-1662,2889
6001,3885,1,24757,3543339237,3229,-1948
6001,3885,2,24758,3544198230,-681,1596
6001,3885,3,24759,3545057223,-4268,383
6001,3886,0,24760,3545916216,486,-6852
6001,3886,1,24761,3546775209,763,-1643
6001,3886,2,24762,3547634202,-1164,3690
6001,3886,3,24763,3548493195,-3652,2107
6001,3887,0,24764,3549352188,-4886,751
6001,3887,1,24765,3550211181,2453,2469
6001,3887,2,24766,3551070174,7597,3460
6001,3887,3,24767,3551929167,1011,-1103
6001,3888,0,24768,3552788160,-3744,-192
6001,3888,1,24769,3553647153,2565,2481
6001,3888,2,24770,3554506146,4993,-1533
6001,3888,3,24771,3555365139,1967,-345
6001,3889,0,24772,3556224132,2170,775
6001,3889,1,24773,3557083125,100,-2305
6001,3889,2,24774,3557942118,70,208
6001,3889,3,24775,3558801111,863,2497
6001,3890,0,24776,3559660104,-1030,718
6001,3890,1,24777,3560519097,1295,447
6001,3890,2,24778,3561378090,557,2310
6001,3890,3,24779,3562237083,-493,66
6001,3891,0,24780,3563096076,1661,-4321
6001,3891,1,24781,3563955069,-2690,-2276
6001,3891,2,24782,3564814062,-4548,-2267
6001,3891,3,24783,3565673055,941,-2915
6001,3892,0,24784,3566532048,3503,1983
6001,3892,1,24785,3567391041,-1340,238
6001,3892,2,24786,3568250034,-4040,-199
6001,3892,3,24787,3569109027,1885,2542
6001,3893,0,24788,3569968020,-1859,-1743
6001,3893,1,24789,3570827013,-9021,-94
6001,3893,2,24790,3571686006,-1899,1055
6001,3893,3,24791,3572544999,-2998,-4125
6001,3894,0,24792,3573403992,-5818,-2845
6001,3894,1,24793,3574262985,7155,1223
6001,3894,2,24794,3575121978,7311,7995
6001,3894,3,24795,3575980971,-266,6639
6001,3895,0,24796,3576839964,1987,-5689
6001,3895,1,24797,3577698957,-3066,-6058
6001,3895,2,24798,3578557950,-3007,-2026
6001,3895,3,24799,3579416943,5954,2282
6001,3896,0,24800,3580275936,634,7389
6001,3896,1,24801,3581134929,-5519,-1841
6001,3896,2,24802,3581993922,-1012,-2965
6001,3896,3,24803,3582852915,1243,7161
6001,3897,0,24804,3583711908,-3035,1779
6001,3897,1,24805,3584570901,-2428,-4671
6001,3897,2,24806,3585429894,4380,-2689
6001,3897,3,24807,3586288887,-2154,-1813
6001,3898,0,24808,3587147880,-4697,719
6001,3898,1,24809,3588006873,5963,3164
6001,3898,2,24810,3588865866,83,927
6001,3898,3,24811,3589724859,-2240,-2235
6001,3899,0,24812,3590583852,3906,307
6001,3899,1,24813,3591442845,-5034,4645
6001,3899,2,24814,3592301838,-6801,5452
6001,3899,3,24815,3593160831,-3095,3228
6001,3900,0,24816,3594019824,-4727,-3337
6001,3900,1,24817,3594878817,-2683,-2581
6001,3900,2,24818,3595737810,-6138,3274
6001,3900,3,24819,3596596803,-8542,-1846
6001,3901,0,24820,3597455796,-2990,114
6001,3901,1,24821,3598314789,-315,7460
6001,3901,2,24822,3599173782,-31,-1807
6001,3901,3,24823,3600032775,2409,-3259
6001,3902,0,24824,3600891768,1127,6732
6001,3902,1,24825,3601750761,-2775,3798
6001,3902,2,24826,3602609754,3917,1557
6001,3902,3,24827,3603468747,4755,2589
6001,3903,0,24828,3604327740,-4045,-1062
6001,3903,1,24829,3605186733,-406,1335
6001,3903,2,24830,3606045726,-526,-128
6001,3903,3,24831,3606904719,-349,-5274
6001,3904,0,24832,3607763712,7855,-1224
6001,3904,1,24833,3608622705,4095,-342
6001,3904,2,24834,3609481698,1614,971
6001,3904,3,24835,3610340691,-946,5621
6001,3905,0,24836,3611199684,-3065,1669
6001,3905,1,24837,3612058677,3887,1505
6001,3905,2,24838,3612917670,-960,-426
6001,3905,3,24839,3613776663,-1195,-10734
6001,3906,0,24840,3614635656,6038,-6592
6001,3906,1,24841,3615494649,845,-919
6001,3906,2,24842,3616353642,-3506,-2496
6001,3906,3,24843,3617212635,-6824,4777
6001,3907,0,24844,3618071628,-1042,3398
6001,3907,1,24845,3618930621,4956,-2666
6001,3907,2,24846,3619789614,-5416,2224
6001,3907,3,24847,3620648607,-177,-597
6001,3908,0,24848,3621507600,8840,-2972
6001,3908,1,24849,3622366593,1567,1888
6001,3908,2,24850,3623225586,3056,-1367
6001,3908,3,24851,3624084579,4976,-4203
6001,3909,0,24852,3624943572,-312,-2711
6001,3909,1,24853,3625802565,-2231,1753
6001,3909,2,24854,3626661558,-1524,3999
6001,3909,3,24855,3627520551,681,-4100
6001,3910,0,24856,3628379544,-1413,-5517
6001,3910,1,24857,3629238537,-771,-1048
6001,3910,2,24858,3630097530,6576,114
6001,3910,3,24859,3630956523,5299,262
6001,3911,0,24860,3631815516,-1411,-6709
6001,3911,1,24861,3632674509,-2289,-2484
6001,3911,2,24862,3633533502,2120,7185
6001,3911,3,24863,3634392495,6392,-2898
6001,3912,0,24864,3635251488,3409,-5760
6001,3912,1,24865,3636110481,-926,3588
6001,3912,2,24866,3636969474,72,2419
6001,3912,3,24867,3637828467,1049,-3759
6001,3913,0,24868,3638687460,-239,-5131
6001,3913,1,24869,3639546453,-5995,-551
6001,3913,2,24870,3640405446,-7675,474
6001,3913,3,24871,3641264439,528,527
6001,3914,0,24872,3642123432,702,2660
6001,3914,1,24873,3642982425,-1200,-463
6001,3914,2,24874,3643841418,1166,1089
6001,3914,3,24875,3644700411,-3837,2342
6001,3915,0,24876,3645559404,1146,1122
6001,3915,1,24877,3646418397,6888,4848
6001,3915,2,24878,3647277390,-1292,1214
6001,3915,3,24879,3648136383,1824,-1674
6001,3916,0,24880,3648995376,3730,-2493
6001,3916,1,24881,3649854369,-3642,-6291
6001,3916,2,24882,3650713362,603,-2474
6001,3916,3,24883,3651572355,3703,-4724
6001,3917,0,24884,3652431348,-2299,-5262
6001,3917,1,24885,3653290341,-3915,6366
6001,3917,2,24886,3654149334,2741,7345
6001,3917,3,24887,3655008327,1433,2550
6001,3918,0,24888,3655867320,-7482,-1972
6001,3918,1,24889,3656726313,2254,-6747
6001,3918,2,24890,3657585306,11269,-472
6001,3918,3,24891,3658444299,1651,5244
6001,3919,0,24892,3659303292,-526,1609
6001,3919,1,24893,3660162285,810,-2794
6001,3919,2,24894,3661021278,-2680,-5223
6001,3919,3,24895,3661880271,313,-3486
6001,3920,0,24896,3662739264,213,3981
6001,3920,1,24897,3663598257,-6727,6588
6001,3920,2,24898,3664457250,-3002,-765
6001,3920,3,24899,3665316243,2796,-2260
6001,3921,0,24900,3666175236,-4981,2184
6001,3921,1,24901,3667034229,-4536,1201
6001,3921,2,24902,3667893222,3121,348
6001,3921,3,24903,3668752215,1509,451
6001,3922,0,24904,3669611208,5369,-51
6001,3922,1,24905,3670470201,5536,146
6001,3922,2,24906,3671329194,-2424,-938
6001,3922,3,24907,3672188187,-766,-3148
6001,3923,0,24908,3673047180,484,-3687
6001,3923,1,24909,3673906173,425,-567
6001,3923,2,24910,3674765166,3601,-1648
6001,3923,3,24911,3675624159,110,-1101
6001,3924,0,24912,3676483152,-2780,6167
6001,3924,1,24913,3677342145,3132,2826
6001,3924,2,24914,3678201138,4886,-1973
6001,3924,3,24915,3679060131,1080,1259
6001,3925,0,24916,3679919124,7538,3742
6001,3925,1,24917,3680778117,8323,5226
6001,3925,2,24918,3681637110,-1567,-256
6001,3925,3,24919,3682496103,1402,554
6001,3926,0,24920,3683355096,1518,8212
6001,3926,1,24921,3684214089,-1866,3189
6001,3926,2,24922,3685073082,4286,59
6001,3926,3,24923,3685932075,2654,-1136
6001,3927,0,24924,3686791068,-1119,-1682
6001,3927,1,24925,3687650061,-1755,1731
6001,3927,2,24926,3688509054,1419,-8488
6001,3927,3,24927,3689368047,7593,-7712
6001,3928,0,24928,3690227040,-511,5157
6001,3928,1,24929,3691086033,-6722,373
6001,3928,2,24930,3691945026,-2921,1635
6001,3928,3,24931,3692804019,-2362,6343
6001,3929,0,24932,3693663012,-223,345
6001,3929,1,24933,3694522005,-682,-172
6001,3929,2,24934,3695380998,-1699,-120
6001,3929,3,24935,3696239991,-678,3284
6001,3930,0,24936,3697098984,-2365,2677
6001,3930,1,24937,3697957977,211,-5465
6001,3930,2,24938,3698816970,3294,3907
6001,3930,3,24939,3699675963,1379,4816
6001,3931,0,24940,3700534956,79,-7919
6001,3931,1,24941,3701393949,847,1410
6001,3931,2,24942,3702252942,-2216,5292
6001,3931,3,24943,3703111935,-626,-3717
6001,3932,0,24944,3703970928,8434,-1594
6001,3932,1,24945,3704829921,1668,-311
6001,3932,2,24946,3705688914,-6021,-483
6001,3932,3,24947,3706547907,-505,-3682
6001,3933,0,24948,3707406900,609,-3440
6001,3933,1,24949,3708265893,6467,7847
6001,3933,2,24950,3709124886,9143,1368
6001,3933,3,24951,3709983879,4354,-7331
6001,3934,0,24952,3710842872,2571,163
6001,3934,1,24953,3711701865,-3620,-2462
6001,3934,2,24954,3712560858,-126,-1914
6001,3934,3,24955,3713419851,1515,4346
6001,3935,0,24956,3714278844,-3939,-413
6001,3935,1,24957,3715137837,2155,-395
6001,3935,2,24958,3715996830,-23,1624
6001,3935,3,24959,3716855823,1718,941
6001,3936,0,24960,3717714816,6627,234
6001,3936,1,24961,3718573809,-4932,-7389
6001,3936,2,24962,3719432802,-3703,-5126
6001,3936,3,24963,3720291795,4146,4631
6001,3937,0,24964,3721150788,6574,-1034
6001,3937,1,24965,3722009781,3521,-6370
6001,3937,2,24966,3722868774,-5736,-4563
6001,3937,3,24967,3723727767,872,-6199
6001,3938,0,24968,3724586760,-919,1286
6001,3938,1,24969,3725445753,-10292,7529
6001,3938,2,24970,3726304746,611,1533
6001,3938,3,24971,3727163739,4297,3951
6001,3939,0,24972,3728022732,1742,3728
6001,3939,1,24973,3728881725,-968,-2507
6001,3939,2,24974,3729740718,-5337,5046
6001,3939,3,24975,3730599711,1597,6528
6001,3940,0,24976,3731458704,319,-2499
6001,3940,1,24977,3732317697,-4704,-3906
6001,3940,2,24978,3733176690,-839,-1961
6001,3940,3,24979,3734035683,1195,1459
6001,3941,0,24980,3734894676,2113,5088
6001,3941,1,24981,3735753669,-3315,4359
6001,3941,2,24982,3736612662,-5273,-395
6001,3941,3,24983,3737471655,-324,-3808
6001,3942,0,24984,3738330648,-1991,-5130
6001,3942,1,24985,3739189641,-3265,-4400
6001,3942,2,24986,3740048634,-2717,4562
6001,3942,3,24987,3740907627,3001,4289
6001,3943,0,24988,3741766620,5968,-1869
6001,3943,1,24989,3742625613,-2695,5072
6001,3943,2,24990,3743484606,1722,3785
6001,3943,3,24991,3744343599,7206,826
6001,3944,0,24992,3745202592,-2585,4107
6001,3944,1,24993,3746061585,-5196,1377
6001,3944,2,24994,3746920578,-3233,3481
6001,3944,3,24995,3747779571,618,-2578
6001,3945,0,24996,3748638564,5272,-7153
6001,3945,1,24997,3749497557,590,3647
6001,3945,2,24998,3750356550,-146,2666
6001,3945,3,24999,3751215543,594,3280
6001,3946,0,25000,3752074536,-514,8381
6001,3946,1,25001,3752933529,4613,3049
6001,3946,2,25002,3753792522,-369,1949
6001,3946,3,25003,3754651515,-5228,762
6001,3947,0,25004,3755510508,3476,-1162
6001,3947,1,25005,3756369501,3072,3072
6001,3947,2,25006,3757228494,-2184,6604
6001,3947,3,25007,3758087487,-2731,3974
6001,3948,0,25008,3758946480,-3591,161
6001,3948,1,25009,3759805473,-142,846
6001,3948,2,25010,3760664466,642,-4065
6001,3948,3,25011,3761523459,-2670,-3345
6001,3949,0,25012,3762382452,-3225,3099
6001,3949,1,25013,3763241445,-2935,-1739
6001,3949,2,25014,3764100438,-3222,-300
6001,3949,3,25015,3764959431,-4573,1447
6001,3950,0,25016,3765818424,-1550,-959
6001,3950,1,25017,3766677417,1888,-494
6001,3950,2,25018,3767536410,1828,-6316
6001,3950,3,25019,3768395403,2317,-180
6001,3951,0,25020,3769254396,-481,4586
6001,3951,1,25021,3770113389,1991,-2529
6001,3951,2,25022,3770972382,3950,583
6001,3951,3,25023,3771831375,-571,-424
6001,3952,0,25024,3772690368,2495,-2954
6001,3952,1,25025,3773549361,844,-2467
6001,3952,2,25026,3774408354,1388,-2532
6001,3952,3,25027,3775267347,3954,964
6001,3953,0,25028,3776126340,-9328,-3522
6001,3953,1,25029,3776985333,-6374,-2817
6001,3953,2,25030,3777844326,1001,-2552
6001,3953,3,25031,3778703319,-5636,-6413
6001,3954,0,25032,3779562312,4335,-508
6001,3954,1,25033,3780421305,8572,-4057
6001,3954,2,25034,3781280298,-432,559
6001,3954,3,25035,3782139291,122,6579
6001,3955,0,25036,3782998284,1061,-5726
6001,3955,1,25037,3783857277,-1006,-493
6001,3955,2,25038,3784716270,-3396,3568
6001,3955,3,25039,3785575263,3534,-2593
6001,3956,0,25040,3786434256,7148,2800
6001,3956,1,25041,3787293249,-3328,2496
6001,3956,2,25042,3788152242,570,-3357
6001,3956,3,25043,3789011235,5151,-5440
6001,3957,0,25044,3789870228,-2980,2856
6001,3957,1,25045,3790729221,-4499,7209
6001,3957,2,25046,3791588214,-5489,2207
6001,3957,3,25047,3792447207,-4967,4565
6001,3958,0,25048,3793306200,-2917,-4131
6001,3958,1,25049,3794165193,-3831,-3543
6001,3958,2,25050,3795024186,-2187,9385
6001,3958,3,25051,3795883179,-2817,650
6001,3959,0,25052,3796742172,-1331,405
6001,3959,1,25053,3797601165,1199,3882
6001,3959,2,25054,3798460158,-4363,-938
6001,3959,3,25055,3799319151,-5881,645
6001,3960,0,25056,3800178144,2899,-2402
6001,3960,1,25057,3801037137,2879,2260
6001,3960,2,25058,3801896130,-6178,2811
6001,3960,3,25059,3802755123,1017,-3032
6001,3961,0,25060,3803614116,6920,2222
6001,3961,1,25061,3804473109,-54,-73
6001,3961,2,25062,3805332102,6538,559
6001,3961,3,25063,3806191095,7742,-1292
6001,3962,0,25064,3807050088,2630,-7733
6001,3962,1,25065,3807909081,8772,-146
6001,3962,2,25066,3808768074,2202,-272
6001,3962,3,25067,3809627067,-79,2204
6001,3963,0,25068,3810486060,10338,4552
6001,3963,1,25069,3811345053,5755,-4163
6001,3963,2,25070,3812204046,340,-99
6001,3963,3,25071,3813063039,1665,-2214
6001,3964,0,25072,3813922032,2092,-3590
6001,3964,1,25073,3814781025,-734,3433
6001,3964,2,25074,3815640018,-5123,-2220
6001,3964,3,25075,3816499011,3382,2190
6001,3965,0,25076,3817358004,6381,5605
6001,3965,1,25077,3818216997,-2354,-2265
6001,3965,2,25078,3819075990,3869,-1266
6001,3965,3,25079,3819934983,5866,-3206
6001,3966,0,25080,3820793976,-1794,-988
6001,3966,1,25081,3821652969,2797,5374
6001,3966,2,25082,3822511962,-689,2389
6001,3966,3,25083,3823370955,-7050,5286
6001,3967,0,25084,3824229948,2307,7131
6001,3967,1,25085,3825088941,678,-3404
6001,3967,2,25086,3825947934,-6673,-6046
6001,3967,3,25087,3826806927,392,3587
6001,3968,0,25088,3827665920,3945,3637
6001,3968,1,25089,3828524913,-1998,-2860
6001,3968,2,25090,3829383906,-4020,1046
6001,3968,3,25091,3830242899,4760,5724
6001,3969,0,25092,3831101892,7743,5951
6001,3969,1,25093,3831960885,-1603,4998
6001,3969,2,25094,3832819878,-1874,798
6001,3969,3,25095,3833678871,-1676,-1742
6001,3970,0,25096,3834537864,-4049,-2800
6001,3970,1,25097,3835396857,478,-3619
6001,3970,2,25098,3836255850,-1318,-2594
6001,3970,3,25099,3837114843,2195,694
6001,3971,0,25100,3837973836,5321,5415
6001,3971,1,25101,3838832829,-4241,3552
6001,3971,2,25102,3839691822,-2019,-612
6001,3971,3,25103,3840550815,455,2750
6001,3972,0,25104,3841409808,-5151,4629
6001,3972,1,25105,3842268801,-3741,-350
6001,3972,2,25106,3843127794,-2824,-1647
6001,3972,3,25107,3843986787,-3780,1756
6001,3973,0,25108,3844845780,-4369,1329
6001,3973,1,25109,3845704773,1365,-384
6001,3973,2,25110,3846563766,7727,613
6001,3973,3,25111,3847422759,4914,3134
6001,3974,0,25112,3848281752,6720,1300
6001,3974,1,25113,3849140745,4303,-5731
6001,3974,2,25114,3849999738,-1365,-5003
6001,3974,3,25115,3850858731,2788,-5209
6001,3975,0,25116,3851717724,2000,-10218
6001,3975,1,25117,3852576717,1773,-1560
6001,3975,2,25118,3853435710,3323,2545
6001,3975,3,25119,3854294703,763,-5560
6001,3976,0,25120,3855153696,843,-2523
6001,3976,1,25121,3856012689,-2476,2188
6001,3976,2,25122,3856871682,-868,-800
6001,3976,3,25123,3857730675,4206,-1126
6001,3977,0,25124,3858589668,999,-1746
6001,3977,1,25125,3859448661,-2667,-4313
6001,3977,2,25126,3860307654,-4926,753
6001,3977,3,25127,3861166647,249,7287
6001,3978,0,25128,3862025640,3421,5505
6001,3978,1,25129,3862884633,-6468,1867
6001,3978,2,25130,3863743626,-7255,-4175
6001,3978,3,25131,3864602619,3409,-5170
6001,3979,0,25132,3865461612,7915,1343
6001,3979,1,25133,3866320605,1375,-1400
6001,3979,2,25134,3867179598,-4556,-2378
6001,3979,3,25135,3868038591,-3249,886
6001,3980,0,25136,3868897584,-835,101
6001,3980,1,25137,3869756577,5852,3034
6001,3980,2,25138,3870615570,1356,1249
6001,3980,3,25139,3871474563,-7639,318
6001,3981,0,25140,3872333556,3423,1272
6001,3981,1,25141,3873192549,3750,-1562
6001,3981,2,25142,3874051542,-3004,3473
6001,3981,3,25143,3874910535,2152,207
6001,3982,0,25144,3875769528,-1721,-3233
6001,3982,1,25145,3876628521,943,5904
6001,3982,2,25146,3877487514,5941,3310
6001,3982,3,25147,3878346507,-1466,-6
6001,3983,0,25148,3879205500,-2669,-97
6001,3983,1,25149,3880064493,-5197,-2177
6001,3983,2,25150,3880923486,-4081,1571
6001,3983,3,25151,3881782479,490,-3547
6001,3984,0,25152,3882641472,-4980,-7747
6001,3984,1,25153,3883500465,1182,-1671
6001,3984,2,25154,3884359458,6530,2102
6001,3984,3,25155,3885218451,-4478,3406
6001,3985,0,25156,3886077444,-5378,1921
6001,3985,1,25157,3886936437,3566,3699
6001,3985,2,25158,3887795430,7327,2780
6001,3985,3,25159,3888654423,2993,-2034
6001,3986,0,25160,3889513416,-590,-111
6001,3986,1,25161,3890372409,2382,-5063
6001,3986,2,25162,3891231402,786,-8774
6001,3986,3,25163,3892090395,-2487,-2331
6001,3987,0,25164,3892949388,-4776,-1845
6001,3987,1,25165,3893808381,-6021,-237
6001,3987,2,25166,3894667374,-56,4129
6001,3987,3,25167,3895526367,2046,-1455
6001,3988,0,25168,3896385360,2394,-10051
6001,3988,1,25169,3897244353,1583,-5928
6001,3988,2,25170,3898103346,-7280,3213
6001,3988,3,25171,3898962339,-4406,421
6001,3989,0,25172,3899821332,-476,-4401
6001,3989,1,25173,3900680325,-6466,-4157
6001,3989,2,25174,3901539318,-245,-2939
6001,3989,3,25175,3902398311,1753,-2772
6001,3990,0,25176,3903257304,-2141,-5291
6001,3990,1,25177,3904116297,4751,-2772
6001,3990,2,25178,3904975290,1893,-451
6001,3990,3,25179,3905834283,-2153,-134
6001,3991,0,25180,3906693276,2079,3457
6001,3991,1,25181,3907552269,-2781,2650
6001,3991,2,25182,3908411262,-3774,3249
6001,3991,3,25183,3909270255,1116,961
6001,3992,0,25184,3910129248,-630,-6046
6001,3992,1,25185,3910988241,-1674,-3556
6001,3992,2,25186,3911847234,-3506,-2258
6001,3992,3,25187,3912706227,-4184,-3698
6001,3993,0,25188,3913565220,4255,-2704
6001,3993,1,25189,3914424213,7106,-1454
6001,3993,2,25190,3915283206,-378,2152
6001,3993,3,25191,3916142199,2325,-710
6001,3994,0,25192,3917001192,8892,553
6001,3994,1,25193,3917860185,1780,8283
6001,3994,2,25194,3918719178,-1600,3613
6001,3994,3,25195,3919578171,3260,-2202
6001,3995,0,25196,3920437164,3092,-1108
6001,3995,1,25197,3921296157,1983,232
6001,3995,2,25198,3922155150,-2433,-981
6001,3995,3,25199,3923014143,-4631,-2872
6001,3996,0,25200,3923873136,2190,-1272
6001,3996,1,25201,3924732129,1867,-3235
6001,3996,2,25202,3925591122,-3412,-6695
6001,3996,3,25203,3926450115,-4428,-9623
6001,3997,0,25204,3927309108,-5170,-7396
6001,3997,1,25205,3928168101,-1827,4539
6001,3997,2,25206,3929027094,3345,3461
6001,3997,3,25207,3929886087,2881,261
6001,3998,0,25208,3930745080,-857,5743
6001,3998,1,25209,3931604073,-132,-2503
6001,3998,2,25210,3932463066,3766,-6703
6001,3998,3,25211,3933322059,371,-2057
6001,3999,0,25212,3934181052,-2294,3556
6001,3999,1,25213,3935040045,1335,13276
6001,3999,2,25214,3935899038,-841,3853
6001,3999,3,25215,3936758031,643,-4456
6001,4000,0,25216,3937617024,7789,2976
6001,4000,1,25217,3938476017,3371,-1653
6001,4000,2,25218,3939335010,1535,1213
6001,4000,3,25219,3940194003,7612,10598
6001,4001,0,25220,3941052996,4101,4109
6001,4001,1,25221,3941911989,3093,558
6001,4001,2,25222,3942770982,4301,711
6001,4001,3,25223,3943629975,-4393,1070
6001,4002,0,25224,3944488968,-3021,2716
6001,4002,1,25225,3945347961,1508,-2962
6001,4002,2,25226,3946206954,-5471,-2378
6001,4002,3,25227,3947065947,-2292,563
6001,4003,0,25228,3947924940,1508,-4339
6001,4003,1,25229,3948783933,-5008,1743
6001,4003,2,25230,3949642926,1312,7104
6001,4003,3,25231,3950501919,5116,-1501
6001,4004,0,25232,3951360912,-6170,-1639
6001,4004,1,25233,3952219905,-4274,745
6001,4004,2,25234,3953078898,2285,-2788
6001,4004,3,25235,3953937891,-196,2210
6001,4005,0,25236,3954796884,3419,3492
6001,4005,1,25237,3955655877,2396,-2295
6001,4005,2,25238,3956514870,-788,-338
6001,4005,3,25239,3957373863,5878,723
6001,4006,0,25240,3958232856,2608,-450
6001,4006,1,25241,3959091849,443,1566
6001,4006,2,25242,3959950842,6532,3071
6001,4006,3,25243,3960809835,-239,5405
6001,4007,0,25244,3961668828,-1874,4194
6001,4007,1,25245,3962527821,8195,1108
6001,4007,2,25246,3963386814,7854,-29
6001,4007,3,25247,3964245807,-3161,-4814
6001,4008,0,25248,3965104800,-5138,-6304
6001,4008,1,25249,3965963793,6985,-2786
6001,4008,2,25250,3966822786,2145,-360
6001,4008,3,25251,3967681779,-7105,1902
6001,4009,0,25252,3968540772,4133,1462
6001,4009,1,25253,3969399765,571,3678
6001,4009,2,25254,3970258758,-5800,7846
6001,4009,3,25255,3971117751,2979,4005
6001,4010,0,25256,3971976744,768,584
6001,4010,1,25257,3972835737,1938,756
6001,4010,2,25258,3973694730,5542,-1330
6001,4010,3,25259,3974553723,-529,-600
6001,4011,0,25260,3975412716,-1336,1689
6001,4011,1,25261,3976271709,-404,2598
6001,4011,2,25262,3977130702,-944,5764
6001,4011,3,25263,3977989695,-5668,2900
6001,4012,0,25264,3978848688,-7571,-4883
6001,4012,1,25265,3979707681,-313,-945
6001,4012,2,25266,3980566674,-1801,2298
6001,4012,3,25267,3981425667,-1313,-703
6001,4013,0,25268,3982284660,4771,5007
6001,4013,1,25269,3983143653,-17,1739
6001,4013,2,25270,3984002646,-2189,-5349
6001,4013,3,25271,3984861639,437,-129
6001,4014,0,25272,3985720632,-2457,-3498
6001,4014,1,25273,3986579625,-6180,-4240
6001,4014,2,25274,3987438618,-1181,1824
6001,4014,3,25275,3988297611,7711,604
6001,4015,0,25276,3989156604,3790,889
6001,4015,1,25277,3990015597,-1447,-8331
6001,4015,2,25278,3990874590,3232,-10525
6001,4015,3,25279,3991733583,6235,2871
6001,4016,0,25280,3992592576,3837,1195
6001,4016,1,25281,3993451569,-2384,2834
6001,4016,2,25282,3994310562,-4373,5756
6001,4016,3,25283,3995169555,-1931,-1568
6001,4017,0,25284,3996028548,-515,1017
6001,4017,1,25285,3996887541,1898,-1974
6001,4017,2,25286,3997746534,-829,-1934
6001,4017,3,25287,3998605527,-2982,5544
6001,4018,0,25288,3999464520,811,-839
6001,4018,1,25289,4000323513,1434,-835
6001,4018,2,25290,4001182506,901,24
6001,4018,3,25291,4002041499,-181,-6101
6001,4019,0,25292,4002900492,-2183,-2308
6001,4019,1,25293,4003759485,-3095,-552
6001,4019,2,25294,4004618478,-1592,-3152
6001,4019,3,25295,4005477471,5704,-2479
6001,4020,0,25296,4006336464,8354,113
6001,4020,1,25297,4007195457,576,-2085
6001,4020,2,25298,4008054450,-3859,-5959
6001,4020,3,25299,4008913443,2260,-559
6001,4021,0,25300,4009772436,4878,-526
6001,4021,1,25301,4010631429,-117,1303
6001,4021,2,25302,4011490422,3459,8190
6001,4021,3,25303,4012349415,6890,182
6001,4022,0,25304,4013208408,2141,-86
6001,4022,1,25305,4014067401,-827,3894
6001,4022,2,25306,4014926394,-2348,-904
6001,4022,3,25307,4015785387,3048,3977
6001,4023,0,25308,4016644380,2268,3148
6001,4023,1,25309,4017503373,-4282,786
6001,4023,2,25310,4018362366,7408,5568
6001,4023,3,25311,4019221359,8124,-1325
6001,4024,0,25312,4020080352,-4211,-4696
6001,4024,1,25313,4020939345,685,-936
6001,4024,2,25314,4021798338,2787,-1688
6001,4024,3,25315,4022657331,-251,1679
6001,4025,0,25316,4023516324,-1443,4166
6001,4025,1,25317,4024375317,-5248,-1138
6001,4025,2,25318,4025234310,-510,-3193
6001,4025,3,25319,4026093303,2203,3347
6001,4026,0,25320,4026952296,244,3648
6001,4026,1,25321,4027811289,3427,-2229
6001,4026,2,25322,4028670282,1156,462
6001,4026,3,25323,4029529275,-481,582
6001,4027,0,25324,4030388268,4285,-5055
6001,4027,1,25325,4031247261,1236,-3529
6001,4027,2,25326,4032106254,-5178,-1007
6001,4027,3,25327,4032965247,-6312,-1979
6001,4028,0,25328,4033824240,-7110,2002
6001,4028,1,25329,4034683233,-4328,7501
6001,4028,2,25330,4035542226,-2386,870
6001,4028,3,25331,4036401219,-4656,-6332
6001,4029,0,25332,4037260212,681,1363
6001,4029,1,25333,4038119205,-516,5384
6001,4029,2,25334,4038978198,-7084,-1078
6001,4029,3,25335,4039837191,3205,-2519
6001,4030,0,25336,4040696184,8708,-1584
6001,4030,1,25337,4041555177,1080,-4568
6001,4030,2,25338,4042414170,-3449,-2693
6001,4030,3,25339,4043273163,-807,3514
6001,4031,0,25340,4044132156,5664,338
6001,4031,1,25341,4044991149,-1914,-6337
6001,4031,2,25342,4045850142,-5981,-3245
6001,4031,3,25343,4046709135,2193,1901
6001,4032,0,25344,4047568128,-4254,-425
6001,4032,1,25345,4048427121,-2466,-3010
6001,4032,2,25346,4049286114,6092,1419
6001,4032,3,25347,4050145107,-2358,838
6001,4033,0,25348,4051004100,-2517,-2205
6001,4033,1,25349,4051863093,3584,3816
6001,4033,2,25350,4052722086,2543,903
6001,4033,3,25351,4053581079,352,-4980
6001,4034,0,25352,4054440072,-561,3063
6001,4034,1,25353,4055299065,909,7205
6001,4034,2,25354,4056158058,-2677,4244
6001,4034,3,25355,4057017051,-1059,33
6001,4035,0,25356,4057876044,3557,-2545
6001,4035,1,25357,4058735037,-2047,395
6001,4035,2,25358,4059594030,-1145,-2409
6001,4035,3,25359,4060453023,-1403,-3916
6001,4036,0,25360,4061312016,-5039,2552
6001,4036,1,25361,4062171009,2448,-708
6001,4036,2,25362,4063030002,2992,-6309
6001,4036,3,25363,4063888995,-842,286
6001,4037,0,25364,4064747988,159,3210
6001,4037,1,25365,4065606981,-2731,-981
6001,4037,2,25366,4066465974,-1862,169
6001,4037,3,25367,4067324967,1970,-2597
6001,4038,0,25368,4068183960,961,-4489
6001,4038,1,25369,4069042953,-2914,3801
6001,4038,2,25370,4069901946,-4594,2390
6001,4038,3,25371,4070760939,46,-2046
6001,4039,0,25372,4071619932,870,591
6001,4039,1,25373,4072478925,-4524,-1384
6001,4039,2,25374,4073337918,79,-1345
6001,4039,3,25375,4074196911,8669,-1091
6001,4040,0,25376,4075055904,4461,-1022
6001,4040,1,25377,4075914897,1651,2387
6001,4040,2,25378,4076773890,5841,-585
6001,4040,3,25379,4077632883,1369,-1239
6001,4041,0,25380,4078491876,-2090,2441
6001,4041,1,25381,4079350869,361,3438
6001,4041,2,25382,4080209862,314,2830
6001,4041,3,25383,4081068855,2125,358
6001,4042,0,25384,4081927848,1156,2934
6001,4042,1,25385,4082786841,-1440,2556
6001,4042,2,25386,4083645834,-170,-3483
6001,4042,3,25387,4084504827,-256,-4155
6001,4043,0,25388,4085363820,-1283,-5523
6001,4043,1,25389,4086222813,-2522,-3757
6001,4043,2,25390,4087081806,846,488
6001,4043,3,25391,4087940799,1379,-162
6001,4044,0,25392,4088799792,-5879,3238
6001,4044,1,25393,4089658785,-959,4174
6001,4044,2,25394,4090517778,2645,-1314
6001,4044,3,25395,4091376771,-5493,520
6001,4045,0,25396,4092235764,-1889,3595
6001,4045,1,25397,4093094757,2243,-2899
6001,4045,2,25398,4093953750,-3627,-3000
6001,4045,3,25399,4094812743,-4786,4078
6001,4046,0,25400,4095671736,-2950,-333
6001,4046,1,25401,4096530729,-3235,-1616
6001,4046,2,25402,4097389722,-1931,3074
6001,4046,3,25403,4098248715,1614,1146
6001,4047,0,25404,4099107708,187,3402
6001,4047,1,25405,4099966701,-4748,1145
6001,4047,2,25406,4100825694,-4210,-4195
6001,4047,3,25407,4101684687,-564,-675
6001,4048,0,25408,4102543680,3356,420
6001,4048,1,25409,4103402673,5126,3179
6001,4048,2,25410,4104261666,2515,4120
6001,4048,3,25411,4105120659,754,-1537
6001,4049,0,25412,4105979652,2991,421
6001,4049,1,25413,4106838645,3620,8080
6001,4049,2,25414,4107697638,-1746,8202
6001,4049,3,25415,4108556631,-3611,-1704
6001,4050,0,25416,4109415624,-2225,-4467
6001,4050,1,25417,4110274617,-1866,-3931
6001,4050,2,25418,4111133610,4316,-4878
6001,4050,3,25419,4111992603,3416,5270
6001,4051,0,25420,4112851596,-3109,2478
6001,4051,1,25421,4113710589,-1438,-3519
6001,4051,2,25422,4114569582,-4525,1158
6001,4051,3,25423,4115428575,-7200,-3989
6001,4052,0,25424,4116287568,-3706,4532
6001,4052,1,25425,4117146561,-1742,6663
6001,4052,2,25426,4118005554,1453,-6392
6001,4052,3,25427,4118864547,-2179,4610
6001,4053,0,25428,4119723540,-3805,3605
6001,4053,1,25429,4120582533,5348,-6288
6001,4053,2,25430,4121441526,6138,-314
6001,4053,3,25431,4122300519,-1994,-2771
6001,4054,0,25432,4123159512,-6365,-3062
6001,4054,1,25433,4124018505,1145,-4243
6001,4054,2,25434,4124877498,6676,-2582
6001,4054,3,25435,4125736491,-3745,7572
6001,4055,0,25436,4126595484,-2489,1763
6001,4055,1,25437,4127454477,7589,-4644
6001,4055,2,25438,4128313470,1224,-5935
6001,4055,3,25439,4129172463,-1180,-1685
6001,4056,0,25440,4130031456,5544,8061
6001,4056,1,25441,4130890449,3743,1816
6001,4056,2,25442,4131749442,342,2306
6001,4056,3,25443,4132608435,849,8029
6001,4057,0,25444,4133467428,55,720
6001,4057,1,25445,4134326421,1247,-349
6001,4057,2,25446,4135185414,2789,-3279
6001,4057,3,25447,4136044407,-41,-6798
6001,4058,0,25448,4136903400,500,-3900
6001,4058,1,25449,4137762393,1386,-3690
6001,4058,2,25450,4138621386,730,969
6001,4058,3,25451,4139480379,6120,590
6001,4059,0,25452,4140339372,4078,-5011
6001,4059,1,25453,4141198365,-1674,-3132
6001,4059,2,25454,4142057358,1893,-3418
6001,4059,3,25455,4142916351,263,-3907
6001,4060,0,25456,4143775344,-1806,1536
6001,4060,1,25457,4144634337,352,3075
6001,4060,2,25458,4145493330,-4700,-3264
6001,4060,3,25459,4146352323,-6345,-4608
6001,4061,0,25460,4147211316,-2502,2016
6001,4061,1,25461,4148070309,-1443,-1387
6001,4061,2,25462,4148929302,2068,-10182
6001,4061,3,25463,4149788295,3733,-4597
6001,4062,0,25464,4150647288,-2661,5981
6001,4062,1,25465,4151506281,-5807,6500
6001,4062,2,25466,4152365274,-2708,4238
6001,4062,3,25467,4153224267,-2785,3181
6001,4063,0,25468,4154083260,-1329,667
6001,4063,1,25469,4154942253,-808,-99
6001,4063,2,25470,4155801246,-6655,-4301
6001,4063,3,25471,4156660239,-5003,-7349
6001,4064,0,25472,4157519232,-3249,-2410
6001,4064,1,25473,4158378225,-6652,-555
6001,4064,2,25474,4159237218,-153,-983
6001,4064,3,25475,4160096211,1618,-2255
6001,4065,0,25476,4160955204,-5379,-3742
6001,4065,1,25477,4161814197,35,-4267
6001,4065,2,25478,4162673190,8500,-5957
6001,4065,3,25479,4163532183,3114,539
6001,4066,0,25480,4164391176,-3968,-1096
6001,4066,1,25481,4165250169,277,-7340
6001,4066,2,25482,4166109162,2420,1577
6001,4066,3,25483,4166968155,-2705,1624
6001,4067,0,25484,4167827148,-1343,6348
6001,4067,1,25485,4168686141,2341,9865
6001,4067,2,25486,4169545134,1603,-7971
6001,4067,3,25487,4170404127,-432,-2393
6001,4068,0,25488,4171263120,-2323,752
6001,4068,1,25489,4172122113,-934,-10175
6001,4068,2,25490,4172981106,691,2941
6001,4068,3,25491,4173840099,-1022,1510
6001,4069,0,25492,4174699092,-2344,-2384
6001,4069,1,25493,4175558085,-1403,5826
6001,4069,2,25494,4176417078,-2090,-3140
6001,4069,3,25495,4177276071,-1716,355
6001,4070,0,25496,4178135064,3812,4917
6001,4070,1,25497,4178994057,1779,-752
6001,4070,2,25498,4179853050,-1527,4251
6001,4070,3,25499,4180712043,3836,-626
6001,4071,0,25500,4181571036,-1199,-1934
6001,4071,1,25501,4182430029,-6365,3928
6001,4071,2,25502,4183289022,-1460,-211
6001,4071,3,25503,4184148015,-3564,4365
6001,4072,0,25504,4185007008,-4993,7000
6001,4072,1,25505,4185866001,-2876,871
6001,4072,2,25506,4186724994,-941,1105
6001,4072,3,25507,4187583987,2196,2654
6001,4073,0,25508,4188442980,768,3222
6001,4073,1,25509,4189301973,2865,2187
6001,4073,2,25510,4190160966,2620,773
6001,4073,3,25511,4191019959,-3469,-1604
6001,4074,0,25512,4191878952,761,-2095
6001,4074,1,25513,4192737945,4386,6185
6001,4074,2,25514,4193596938,1138,6522
6001,4074,3,25515,4194455931,-1274,2446
6001,4075,0,25516,4195314924,-1717,8375
6001,4075,1,25517,4196173917,4712,4651
6001,4075,2,25518,4197032910,5775,-3530
6001,4075,3,25519,4197891903,-2347,1102
6001,4076,0,25520,4198750896,-4916,5216
6001,4076,1,25521,4199609889,-6316,3438
6001,4076,2,25522,4200468882,-6827,-3165
6001,4076,3,25523,4201327875,-2060,-7574
6001,4077,0,25524,4202186868,-3045,-354
6001,4077,1,25525,4203045861,-4239,1610
6001,4077,2,25526,4203904854,4536,-886
6001,4077,3,25527,4204763847,5785,3243
6001,4078,0,25528,4205622840,-3593,-1747
6001,4078,1,25529,4206481833,-6106,-3614
6001,4078,2,25530,4207340826,-3197,4921
6001,4078,3,25531,4208199819,1761,917
6001,4079,0,25532,4209058812,5529,-1075
6001,4079,1,25533,4209917805,3803,3316
6001,4079,2,25534,4210776798,2262,491
6001,4079,3,25535,4211635791,-303,5264
6001,4080,0,25536,4212494784,-20,6661
6001,4080,1,25537,4213353777,-522,-2966
6001,4080,2,25538,4214212770,-4733,-223
6001,4080,3,25539,4215071763,2874,2904
6001,4081,0,25540,4215930756,1762,-6980
6001,4081,1,25541,4216789749,-9223,-8431
6001,4081,2,25542,4217648742,630,828
6001,4081,3,25543,4218507735,6614,3505
6001,4082,0,25544,4219366728,-242,1122
6001,4082,1,25545,4220225721,-35,-1187
6001,4082,2,25546,4221084714,1652,-2181
6001,4082,3,25547,4221943707,3470,2973
6001,4083,0,25548,4222802700,1397,4456
6001,4083,1,25549,4223661693,-152,3036
6001,4083,2,25550,4224520686,1721,5900
6001,4083,3,25551,4225379679,-2076,699
6001,4084,0,25552,4226238672,-1790,-1751
6001,4084,1,25553,4227097665,-2558,1009
6001,4084,2,25554,4227956658,-4605,-2988
6001,4084,3,25555,4228815651,1790,2019
6001,4085,0,25556,4229674644,988,994
6001,4085,1,25557,4230533637,-907,-9589
6001,4085,2,25558,4231392630,946,-1318
6001,4085,3,25559,4232251623,-1081,4287
6001,4086,0,25560,4233110616,3270,794
6001,4086,1,25561,4233969609,3407,3813
6001,4086,2,25562,4234828602,-450,2462
6001,4086,3,25563,4235687595,6738,819
6001,4087,0,25564,4236546588,5496,551
6001,4087,1,25565,4237405581,-6610,1008
6001,4087,2,25566,4238264574,-5863,4078
6001,4087,3,25567,4239123567,3479,3207
6001,4088,0,25568,4239982560,6570,4930
6001,4088,1,25569,4240841553,4842,1761
6001,4088,2,25570,4241700546,1654,-4589
6001,4088,3,25571,4242559539,706,-212
6001,4089,0,25572,4243418532,2268,-124
6001,4089,1,25573,4244277525,1638,-1238
6001,4089,2,25574,4245136518,4190,121
6001,4089,3,25575,4245995511,3861,-1096
6001,4090,0,25576,4246854504,-1403,5447
6001,4090,1,25577,4247713497,2683,3427
6001,4090,2,25578,4248572490,577,-4113
6001,4090,3,25579,4249431483,-5372,1062
6001,4091,0,25580,4250290476,4159,-220
6001,4091,1,25581,4251149469,6521,-5641
6001,4091,2,25582,4252008462,3131,-2312
6001,4091,3,25583,4252867455,8427,1383
6001,4092,0,25584,4253726448,7509,-1076
6001,4092,1,25585,4254585441,3499,-5245
6001,4092,2,25586,4255444434,2348,435
6001,4092,3,25587,4256303427,853,1574
6001,4093,0,25588,4257162420,-409,-6335
6001,4093,1,25589,4258021413,-1633,-2645
6001,4093,2,25590,4258880406,-62,878
6001,4093,3,25591,4259739399,7,-1241
6001,4094,0,25592,4260598392,-293,1262
6001,4094,1,25593,4261457385,2458,1370
6001,4094,2,25594,4262316378,351,1874
6001,4094,3,25595,4263175371,-2973,4402
6001,4095,0,25596,4264034364,-69,1567
6001,4095,1,25597,4264893357,-740,306
6001,4095,2,25598,4265752350,4045,-5436
6001,4095,3,25599,4266611343,-2644,3048
