Copyright 1986-2021 Xilinx, Inc. All Rights Reserved.
----------------------------------------------------------------------------------------------------------------------------------------------------
| Tool Version      : Vivado v.2021.1 (win64) Build 3247384 Thu Jun 10 19:36:33 MDT 2021
| Date              : Fri Sep 18 14:49:08 2026
| Host              : ROG-Lunan running 64-bit major release  (build 9200)
| Command           : report_cdc -details -file D:/008_MA_Dev/Sync_OTA/reports/v51/routed_endpoint_audit_20260918/attempt_02_export/cdc_details.rpt
| Design            : sync_ota_top
| Device            : xcvu11p-flgb2104
| Speed File        : -2  PRODUCTION 1.27 02-28-2020
| Temperature Grade : E
----------------------------------------------------------------------------------------------------------------------------------------------------

CDC Report

ID      Severity  Count  Description
------  --------  -----  -------------------------------------------------------
CDC-3   Info        108  1-bit synchronized with ASYNC_REG property
CDC-9   Info          3  Asynchronous reset synchronized with ASYNC_REG property
CDC-10  Critical      2  Combinational logic detected before a synchronizer
CDC-15  Warning     155  Clock enable controlled CDC structure detected
CDC-26  Warning      41  LUTRAM read/write potential collision

Source Clock: clk150
Destination Clock: clk125
CDC Type: No Common Primary Clock

Row  ID     Severity  Description                                 Depth  Exception   Source (From)                                                                                                                                                    Destination (To)
---  -----  --------  ------------------------------------------  -----  ----------  ---------------------------------------------------------------------------------------------------------------------------------------------------------------  ------------------------------------------------------------------------------------------------------------------------------------------------------------------------------
  1  CDC-3  Info      1-bit synchronized with ASYNC_REG property      4  False Path  cfo_busy_sync/src_ff_reg/C                                                                                                                                       cfo_busy_sync/syncstages_ff_reg[0]/D
  2  CDC-3  Info      1-bit synchronized with ASYNC_REG property      2  False Path  completions/record_fifo/gnuram_async_fifo.xpm_fifo_base_inst/xpm_fifo_rst_inst/gen_rst_ic.fifo_wr_rst_ic_reg/C                                                   completions/record_fifo/gnuram_async_fifo.xpm_fifo_base_inst/xpm_fifo_rst_inst/gen_rst_ic.wrst_rd_inst/syncstages_ff_reg[0]/D
  3  CDC-3  Info      1-bit synchronized with ASYNC_REG property      2  False Path  completions/write_busy_to_read/src_ff_reg/C                                                                                                                      completions/write_busy_to_read/syncstages_ff_reg[0]/D
  4  CDC-3  Info      1-bit synchronized with ASYNC_REG property      2  False Path  metadata/read_busy_to_write/src_ff_reg/C                                                                                                                         metadata/read_busy_to_write/syncstages_ff_reg[0]/D
  5  CDC-3  Info      1-bit synchronized with ASYNC_REG property      2  False Path  metadata/record_fifo/gnuram_async_fifo.xpm_fifo_base_inst/xpm_fifo_rst_inst/gen_rst_ic.fifo_rd_rst_ic_reg/C                                                      metadata/record_fifo/gnuram_async_fifo.xpm_fifo_base_inst/xpm_fifo_rst_inst/gen_rst_ic.rrst_wr_inst/syncstages_ff_reg[0]/D
  6  CDC-3  Info      1-bit synchronized with ASYNC_REG property      4  False Path  remote_fault_sync/src_ff_reg/C                                                                                                                                   remote_fault_sync/syncstages_ff_reg[0]/D
  7  CDC-3  Info      1-bit synchronized with ASYNC_REG property      2  False Path  sfo/two_pass_transport/fault150_reg/C                                                                                                                            sfo/two_pass_transport/fault_150_to_125/syncstages_ff_reg[0]/D
  8  CDC-3  Info      1-bit synchronized with ASYNC_REG property      2  False Path  sfo/two_pass_transport/initial_context_cdc/read_busy_to_write/src_ff_reg/C                                                                                       sfo/two_pass_transport/initial_context_cdc/read_busy_to_write/syncstages_ff_reg[0]/D
  9  CDC-3  Info      1-bit synchronized with ASYNC_REG property      2  False Path  sfo/two_pass_transport/initial_context_cdc/record_fifo/gnuram_async_fifo.xpm_fifo_base_inst/xpm_fifo_rst_inst/gen_rst_ic.fifo_rd_rst_ic_reg/C                    sfo/two_pass_transport/initial_context_cdc/record_fifo/gnuram_async_fifo.xpm_fifo_base_inst/xpm_fifo_rst_inst/gen_rst_ic.rrst_wr_inst/syncstages_ff_reg[0]/D
 10  CDC-3  Info      1-bit synchronized with ASYNC_REG property      2  False Path  sfo/two_pass_transport/progressive_cdc.progress/record_fifo/gnuram_async_fifo.xpm_fifo_base_inst/xpm_fifo_rst_inst/gen_rst_ic.fifo_wr_rst_ic_reg/C               sfo/two_pass_transport/progressive_cdc.progress/record_fifo/gnuram_async_fifo.xpm_fifo_base_inst/xpm_fifo_rst_inst/gen_rst_ic.wrst_rd_inst/syncstages_ff_reg[0]/D
 11  CDC-3  Info      1-bit synchronized with ASYNC_REG property      2  False Path  sfo/two_pass_transport/progressive_cdc.progress/write_busy_to_read/src_ff_reg/C                                                                                  sfo/two_pass_transport/progressive_cdc.progress/write_busy_to_read/syncstages_ff_reg[0]/D
 12  CDC-3  Info      1-bit synchronized with ASYNC_REG property      2  False Path  sfo/two_pass_transport/residual_config_cdc/record_fifo/gnuram_async_fifo.xpm_fifo_base_inst/xpm_fifo_rst_inst/gen_rst_ic.fifo_wr_rst_ic_reg/C                    sfo/two_pass_transport/residual_config_cdc/record_fifo/gnuram_async_fifo.xpm_fifo_base_inst/xpm_fifo_rst_inst/gen_rst_ic.wrst_rd_inst/syncstages_ff_reg[0]/D
 13  CDC-3  Info      1-bit synchronized with ASYNC_REG property      2  False Path  sfo/two_pass_transport/residual_config_cdc/write_busy_to_read/src_ff_reg/C                                                                                       sfo/two_pass_transport/residual_config_cdc/write_busy_to_read/syncstages_ff_reg[0]/D
 14  CDC-3  Info      1-bit synchronized with ASYNC_REG property      2  False Path  sfo/two_pass_transport/residual_data_cdc/record_fifo/gnuram_async_fifo.xpm_fifo_base_inst/xpm_fifo_rst_inst/gen_rst_ic.fifo_wr_rst_ic_reg/C                      sfo/two_pass_transport/residual_data_cdc/record_fifo/gnuram_async_fifo.xpm_fifo_base_inst/xpm_fifo_rst_inst/gen_rst_ic.wrst_rd_inst/syncstages_ff_reg[0]/D
 15  CDC-3  Info      1-bit synchronized with ASYNC_REG property      2  False Path  sfo/two_pass_transport/residual_data_cdc/write_busy_to_read/src_ff_reg/C                                                                                         sfo/two_pass_transport/residual_data_cdc/write_busy_to_read/syncstages_ff_reg[0]/D
 16  CDC-3  Info      1-bit synchronized with ASYNC_REG property      2  False Path  sfo/two_pass_transport/residual_request_cdc/read_busy_to_write/src_ff_reg/C                                                                                      sfo/two_pass_transport/residual_request_cdc/read_busy_to_write/syncstages_ff_reg[0]/D
 17  CDC-3  Info      1-bit synchronized with ASYNC_REG property      2  False Path  sfo/two_pass_transport/residual_request_cdc/record_fifo/gnuram_async_fifo.xpm_fifo_base_inst/xpm_fifo_rst_inst/gen_rst_ic.fifo_rd_rst_ic_reg/C                   sfo/two_pass_transport/residual_request_cdc/record_fifo/gnuram_async_fifo.xpm_fifo_base_inst/xpm_fifo_rst_inst/gen_rst_ic.rrst_wr_inst/syncstages_ff_reg[0]/D
 18  CDC-3  Info      1-bit synchronized with ASYNC_REG property      2  False Path  sfo/two_pass_transport/residual_result_cdc/read_busy_to_write/src_ff_reg/C                                                                                       sfo/two_pass_transport/residual_result_cdc/read_busy_to_write/syncstages_ff_reg[0]/D
 19  CDC-3  Info      1-bit synchronized with ASYNC_REG property      2  False Path  sfo/two_pass_transport/residual_result_cdc/record_fifo/gnuram_async_fifo.xpm_fifo_base_inst/xpm_fifo_rst_inst/gen_rst_ic.fifo_rd_rst_ic_reg/C                    sfo/two_pass_transport/residual_result_cdc/record_fifo/gnuram_async_fifo.xpm_fifo_base_inst/xpm_fifo_rst_inst/gen_rst_ic.rrst_wr_inst/syncstages_ff_reg[0]/D
 20  CDC-3  Info      1-bit synchronized with ASYNC_REG property      2  False Path  sfo/two_pass_transport/shared_raw.hub/events_cdc/read_busy_to_write/src_ff_reg/C                                                                                 sfo/two_pass_transport/shared_raw.hub/events_cdc/read_busy_to_write/syncstages_ff_reg[0]/D
 21  CDC-3  Info      1-bit synchronized with ASYNC_REG property      2  False Path  sfo/two_pass_transport/shared_raw.hub/events_cdc/record_fifo/gnuram_async_fifo.xpm_fifo_base_inst/xpm_fifo_rst_inst/gen_rst_ic.fifo_rd_rst_ic_reg/C              sfo/two_pass_transport/shared_raw.hub/events_cdc/record_fifo/gnuram_async_fifo.xpm_fifo_base_inst/xpm_fifo_rst_inst/gen_rst_ic.rrst_wr_inst/syncstages_ff_reg[0]/D
 22  CDC-3  Info      1-bit synchronized with ASYNC_REG property      4  False Path  sfo/two_pass_transport/shared_raw.hub/fault_sync/src_ff_reg/C                                                                                                    sfo/two_pass_transport/shared_raw.hub/fault_sync/syncstages_ff_reg[0]/D
 23  CDC-3  Info      1-bit synchronized with ASYNC_REG property      2  False Path  sfo/two_pass_transport/shared_raw.hub/raw_cdc/read_busy_to_write/src_ff_reg/C                                                                                    sfo/two_pass_transport/shared_raw.hub/raw_cdc/read_busy_to_write/syncstages_ff_reg[0]/D
 24  CDC-3  Info      1-bit synchronized with ASYNC_REG property      2  False Path  sfo/two_pass_transport/shared_raw.hub/raw_cdc/record_fifo/gnuram_async_fifo.xpm_fifo_base_inst/xpm_fifo_rst_inst/gen_rst_ic.fifo_rd_rst_ic_reg/C                 sfo/two_pass_transport/shared_raw.hub/raw_cdc/record_fifo/gnuram_async_fifo.xpm_fifo_base_inst/xpm_fifo_rst_inst/gen_rst_ic.rrst_wr_inst/syncstages_ff_reg[0]/D
 25  CDC-3  Info      1-bit synchronized with ASYNC_REG property      2  False Path  sfo/two_pass_transport/shared_raw.hub/training_configuration/record_fifo/gnuram_async_fifo.xpm_fifo_base_inst/xpm_fifo_rst_inst/gen_rst_ic.fifo_wr_rst_ic_reg/C  sfo/two_pass_transport/shared_raw.hub/training_configuration/record_fifo/gnuram_async_fifo.xpm_fifo_base_inst/xpm_fifo_rst_inst/gen_rst_ic.wrst_rd_inst/syncstages_ff_reg[0]/D
 26  CDC-3  Info      1-bit synchronized with ASYNC_REG property      2  False Path  sfo/two_pass_transport/shared_raw.hub/training_configuration/write_busy_to_read/src_ff_reg/C                                                                     sfo/two_pass_transport/shared_raw.hub/training_configuration/write_busy_to_read/syncstages_ff_reg[0]/D
 27  CDC-3  Info      1-bit synchronized with ASYNC_REG property      2  False Path  sfo/two_pass_transport/shared_raw.hub/training_data/record_fifo/gnuram_async_fifo.xpm_fifo_base_inst/xpm_fifo_rst_inst/gen_rst_ic.fifo_wr_rst_ic_reg/C           sfo/two_pass_transport/shared_raw.hub/training_data/record_fifo/gnuram_async_fifo.xpm_fifo_base_inst/xpm_fifo_rst_inst/gen_rst_ic.wrst_rd_inst/syncstages_ff_reg[0]/D
 28  CDC-3  Info      1-bit synchronized with ASYNC_REG property      2  False Path  sfo/two_pass_transport/shared_raw.hub/training_data/write_busy_to_read/src_ff_reg/C                                                                              sfo/two_pass_transport/shared_raw.hub/training_data/write_busy_to_read/syncstages_ff_reg[0]/D
 29  CDC-3  Info      1-bit synchronized with ASYNC_REG property      2  False Path  sfo/two_pass_transport/shared_raw.hub/training_release/read_busy_to_write/src_ff_reg/C                                                                           sfo/two_pass_transport/shared_raw.hub/training_release/read_busy_to_write/syncstages_ff_reg[0]/D
 30  CDC-3  Info      1-bit synchronized with ASYNC_REG property      2  False Path  sfo/two_pass_transport/shared_raw.hub/training_release/record_fifo/gnuram_async_fifo.xpm_fifo_base_inst/xpm_fifo_rst_inst/gen_rst_ic.fifo_rd_rst_ic_reg/C        sfo/two_pass_transport/shared_raw.hub/training_release/record_fifo/gnuram_async_fifo.xpm_fifo_base_inst/xpm_fifo_rst_inst/gen_rst_ic.rrst_wr_inst/syncstages_ff_reg[0]/D

Source Clock: clk500
Destination Clock: clk125
CDC Type: No Common Primary Clock

Row  ID     Severity  Description                                 Depth  Exception   Source (From)                                                                                                                                          Destination (To)
---  -----  --------  ------------------------------------------  -----  ----------  -----------------------------------------------------------------------------------------------------------------------------------------------------  --------------------------------------------------------------------------------------------------------------------------------------------------------------------
  1  CDC-3  Info      1-bit synchronized with ASYNC_REG property      2  False Path  sfo/initial_estimator/owner/fft/ingress_underflow_reg/C                                                                                                sfo/initial_estimator/owner/error_sync/syncstages_ff_reg[0][0]/D
  2  CDC-3  Info      1-bit synchronized with ASYNC_REG property      2  False Path  sfo/initial_estimator/owner/fft/egress_overflow_reg/C                                                                                                  sfo/initial_estimator/owner/error_sync/syncstages_ff_reg[0][1]/D
  3  CDC-3  Info      1-bit synchronized with ASYNC_REG property      2  False Path  sfo/initial_estimator/owner/fft/xfft_protocol_error_reg/C                                                                                              sfo/initial_estimator/owner/error_sync/syncstages_ff_reg[0][2]/D
  4  CDC-3  Info      1-bit synchronized with ASYNC_REG property      2  False Path  sfo/initial_estimator/owner/fft/xfft_overflow_reg/C                                                                                                    sfo/initial_estimator/owner/error_sync/syncstages_ff_reg[0][3]/D
  5  CDC-3  Info      1-bit synchronized with ASYNC_REG property      2  False Path  sfo/initial_estimator/owner/fft/u_egress_fifo/gnuram_async_fifo.xpm_fifo_base_inst/xpm_fifo_rst_inst/gen_rst_ic.fifo_wr_rst_ic_reg/C                   sfo/initial_estimator/owner/fft/u_egress_fifo/gnuram_async_fifo.xpm_fifo_base_inst/xpm_fifo_rst_inst/gen_rst_ic.wrst_rd_inst/syncstages_ff_reg[0]/D
  6  CDC-3  Info      1-bit synchronized with ASYNC_REG property      2  False Path  sfo/initial_estimator/owner/fft/u_ingress_fifo/gnuram_async_fifo.xpm_fifo_base_inst/xpm_fifo_rst_inst/gen_rst_ic.fifo_rd_rst_ic_reg/C                  sfo/initial_estimator/owner/fft/u_ingress_fifo/gnuram_async_fifo.xpm_fifo_base_inst/xpm_fifo_rst_inst/gen_rst_ic.rrst_wr_inst/syncstages_ff_reg[0]/D
  7  CDC-3  Info      1-bit synchronized with ASYNC_REG property      2  None        sfo/residual_estimator/aux_service/xfft_overflow_500_reg/C                                                                                             sfo/residual_estimator/aux_service/errors_meta_reg[0]/D
  8  CDC-3  Info      1-bit synchronized with ASYNC_REG property      2  None        sfo/residual_estimator/aux_service/xfft_protocol_error_500_reg/C                                                                                       sfo/residual_estimator/aux_service/errors_meta_reg[1]/D
  9  CDC-3  Info      1-bit synchronized with ASYNC_REG property      2  None        sfo/residual_estimator/aux_service/ingress_underflow_500_reg/C                                                                                         sfo/residual_estimator/aux_service/errors_meta_reg[2]/D
 10  CDC-3  Info      1-bit synchronized with ASYNC_REG property      2  None        sfo/residual_estimator/aux_service/egress_overflow_500_reg/C                                                                                           sfo/residual_estimator/aux_service/errors_meta_reg[3]/D
 11  CDC-3  Info      1-bit synchronized with ASYNC_REG property      2  None        sfo/residual_estimator/aux_service/status_toggle_reg/C                                                                                                 sfo/residual_estimator/aux_service/status_sync_reg[0]/D
 12  CDC-3  Info      1-bit synchronized with ASYNC_REG property      2  False Path  sfo/residual_estimator/aux_service/u_egress_fifo/gnuram_async_fifo.xpm_fifo_base_inst/xpm_fifo_rst_inst/gen_rst_ic.fifo_wr_rst_ic_reg/C                sfo/residual_estimator/aux_service/u_egress_fifo/gnuram_async_fifo.xpm_fifo_base_inst/xpm_fifo_rst_inst/gen_rst_ic.wrst_rd_inst/syncstages_ff_reg[0]/D
 13  CDC-3  Info      1-bit synchronized with ASYNC_REG property      2  False Path  sfo/residual_estimator/aux_service/u_ingress_fifo/gnuram_async_fifo.xpm_fifo_base_inst/xpm_fifo_rst_inst/gen_rst_ic.fifo_rd_rst_ic_reg/C               sfo/residual_estimator/aux_service/u_ingress_fifo/gnuram_async_fifo.xpm_fifo_base_inst/xpm_fifo_rst_inst/gen_rst_ic.rrst_wr_inst/syncstages_ff_reg[0]/D
 14  CDC-3  Info      1-bit synchronized with ASYNC_REG property      2  None        sfo/residual_estimator/front_stage/main/service/xfft_overflow_500_reg/C                                                                                sfo/residual_estimator/front_stage/main/service/errors_meta_reg[0]/D
 15  CDC-3  Info      1-bit synchronized with ASYNC_REG property      2  None        sfo/residual_estimator/front_stage/main/service/xfft_protocol_error_500_reg/C                                                                          sfo/residual_estimator/front_stage/main/service/errors_meta_reg[1]/D
 16  CDC-3  Info      1-bit synchronized with ASYNC_REG property      2  None        sfo/residual_estimator/front_stage/main/service/ingress_underflow_500_reg/C                                                                            sfo/residual_estimator/front_stage/main/service/errors_meta_reg[2]/D
 17  CDC-3  Info      1-bit synchronized with ASYNC_REG property      2  None        sfo/residual_estimator/front_stage/main/service/egress_overflow_500_reg/C                                                                              sfo/residual_estimator/front_stage/main/service/errors_meta_reg[3]/D
 18  CDC-3  Info      1-bit synchronized with ASYNC_REG property      2  None        sfo/residual_estimator/front_stage/main/service/status_toggle_reg/C                                                                                    sfo/residual_estimator/front_stage/main/service/status_sync_reg[0]/D
 19  CDC-3  Info      1-bit synchronized with ASYNC_REG property      2  False Path  sfo/residual_estimator/front_stage/main/service/u_egress_fifo/gnuram_async_fifo.xpm_fifo_base_inst/xpm_fifo_rst_inst/gen_rst_ic.fifo_wr_rst_ic_reg/C   sfo/residual_estimator/front_stage/main/service/u_egress_fifo/gnuram_async_fifo.xpm_fifo_base_inst/xpm_fifo_rst_inst/gen_rst_ic.wrst_rd_inst/syncstages_ff_reg[0]/D
 20  CDC-3  Info      1-bit synchronized with ASYNC_REG property      2  False Path  sfo/residual_estimator/front_stage/main/service/u_ingress_fifo/gnuram_async_fifo.xpm_fifo_base_inst/xpm_fifo_rst_inst/gen_rst_ic.fifo_rd_rst_ic_reg/C  sfo/residual_estimator/front_stage/main/service/u_ingress_fifo/gnuram_async_fifo.xpm_fifo_base_inst/xpm_fifo_rst_inst/gen_rst_ic.rrst_wr_inst/syncstages_ff_reg[0]/D

Source Clock: input port clock
Destination Clock: clk125
CDC Type: No Common Primary Clock

Row  ID      Severity  Description                            Depth  Exception   Source (From)  Destination (To)
---  ------  --------  -------------------------------------  -----  ----------  -------------  ---------------------------------------------------------------------------------------------------
  1  CDC-26  Warning   LUTRAM read/write potential collision      0  False Path  reset_request  completions/read_reset_sync/syncstages_ff_reg[0]/D
  2  CDC-26  Warning   LUTRAM read/write potential collision      0  False Path  reset_request  metadata/write_reset_sync/syncstages_ff_reg[0]/D
  3  CDC-26  Warning   LUTRAM read/write potential collision      0  False Path  reset_request  reset_a/sync_reset/arststages_ff_reg[0]/PRE
  4  CDC-26  Warning   LUTRAM read/write potential collision      0  False Path  reset_request  sfo/two_pass_transport/initial_context_cdc/write_reset_sync/syncstages_ff_reg[0]/D
  5  CDC-26  Warning   LUTRAM read/write potential collision      0  False Path  reset_request  sfo/two_pass_transport/progressive_cdc.progress/read_reset_sync/syncstages_ff_reg[0]/D
  6  CDC-26  Warning   LUTRAM read/write potential collision      0  False Path  reset_request  sfo/two_pass_transport/reset_125/sync_reset/arststages_ff_reg[0]/PRE
  7  CDC-26  Warning   LUTRAM read/write potential collision      0  False Path  reset_request  sfo/two_pass_transport/residual_config_cdc/read_reset_sync/syncstages_ff_reg[0]/D
  8  CDC-26  Warning   LUTRAM read/write potential collision      0  False Path  reset_request  sfo/two_pass_transport/residual_data_cdc/read_reset_sync/syncstages_ff_reg[0]/D
  9  CDC-26  Warning   LUTRAM read/write potential collision      0  False Path  reset_request  sfo/two_pass_transport/residual_request_cdc/write_reset_sync/syncstages_ff_reg[0]/D
 10  CDC-26  Warning   LUTRAM read/write potential collision      0  False Path  reset_request  sfo/two_pass_transport/residual_result_cdc/write_reset_sync/syncstages_ff_reg[0]/D
 11  CDC-26  Warning   LUTRAM read/write potential collision      0  False Path  reset_request  sfo/two_pass_transport/shared_raw.hub/events_cdc/write_reset_sync/syncstages_ff_reg[0]/D
 12  CDC-26  Warning   LUTRAM read/write potential collision      0  False Path  reset_request  sfo/two_pass_transport/shared_raw.hub/raw_cdc/write_reset_sync/syncstages_ff_reg[0]/D
 13  CDC-26  Warning   LUTRAM read/write potential collision      0  False Path  reset_request  sfo/two_pass_transport/shared_raw.hub/reset_a/sync_reset/arststages_ff_reg[0]/PRE
 14  CDC-26  Warning   LUTRAM read/write potential collision      0  False Path  reset_request  sfo/two_pass_transport/shared_raw.hub/training_configuration/read_reset_sync/syncstages_ff_reg[0]/D
 15  CDC-26  Warning   LUTRAM read/write potential collision      0  False Path  reset_request  sfo/two_pass_transport/shared_raw.hub/training_data/read_reset_sync/syncstages_ff_reg[0]/D
 16  CDC-26  Warning   LUTRAM read/write potential collision      0  False Path  reset_request  sfo/two_pass_transport/shared_raw.hub/training_release/write_reset_sync/syncstages_ff_reg[0]/D

Source Clock: clk125
Destination Clock: clk150
CDC Type: No Common Primary Clock

Row  ID     Severity  Description                                 Depth  Exception   Source (From)                                                                                                                                                    Destination (To)
---  -----  --------  ------------------------------------------  -----  ----------  ---------------------------------------------------------------------------------------------------------------------------------------------------------------  ------------------------------------------------------------------------------------------------------------------------------------------------------------------------------
  1  CDC-3  Info      1-bit synchronized with ASYNC_REG property      2  False Path  completions/read_busy_to_write/src_ff_reg/C                                                                                                                      completions/read_busy_to_write/syncstages_ff_reg[0]/D
  2  CDC-3  Info      1-bit synchronized with ASYNC_REG property      2  False Path  completions/record_fifo/gnuram_async_fifo.xpm_fifo_base_inst/xpm_fifo_rst_inst/gen_rst_ic.fifo_rd_rst_ic_reg/C                                                   completions/record_fifo/gnuram_async_fifo.xpm_fifo_base_inst/xpm_fifo_rst_inst/gen_rst_ic.rrst_wr_inst/syncstages_ff_reg[0]/D
  3  CDC-3  Info      1-bit synchronized with ASYNC_REG property      2  False Path  metadata/record_fifo/gnuram_async_fifo.xpm_fifo_base_inst/xpm_fifo_rst_inst/gen_rst_ic.fifo_wr_rst_ic_reg/C                                                      metadata/record_fifo/gnuram_async_fifo.xpm_fifo_base_inst/xpm_fifo_rst_inst/gen_rst_ic.wrst_rd_inst/syncstages_ff_reg[0]/D
  4  CDC-3  Info      1-bit synchronized with ASYNC_REG property      2  False Path  metadata/write_busy_to_read/src_ff_reg/C                                                                                                                         metadata/write_busy_to_read/syncstages_ff_reg[0]/D
  5  CDC-3  Info      1-bit synchronized with ASYNC_REG property      4  False Path  poison_sync/src_ff_reg/C                                                                                                                                         poison_sync/syncstages_ff_reg[0]/D
  6  CDC-3  Info      1-bit synchronized with ASYNC_REG property      2  False Path  sfo/two_pass_transport/fault_local125_reg/C                                                                                                                      sfo/two_pass_transport/fault_125_to_150/syncstages_ff_reg[0]/D
  7  CDC-3  Info      1-bit synchronized with ASYNC_REG property      2  False Path  sfo/two_pass_transport/initial_context_cdc/record_fifo/gnuram_async_fifo.xpm_fifo_base_inst/xpm_fifo_rst_inst/gen_rst_ic.fifo_wr_rst_ic_reg/C                    sfo/two_pass_transport/initial_context_cdc/record_fifo/gnuram_async_fifo.xpm_fifo_base_inst/xpm_fifo_rst_inst/gen_rst_ic.wrst_rd_inst/syncstages_ff_reg[0]/D
  8  CDC-3  Info      1-bit synchronized with ASYNC_REG property      2  False Path  sfo/two_pass_transport/initial_context_cdc/write_busy_to_read/src_ff_reg/C                                                                                       sfo/two_pass_transport/initial_context_cdc/write_busy_to_read/syncstages_ff_reg[0]/D
  9  CDC-3  Info      1-bit synchronized with ASYNC_REG property      2  False Path  sfo/two_pass_transport/progressive_cdc.progress/read_busy_to_write/src_ff_reg/C                                                                                  sfo/two_pass_transport/progressive_cdc.progress/read_busy_to_write/syncstages_ff_reg[0]/D
 10  CDC-3  Info      1-bit synchronized with ASYNC_REG property      2  False Path  sfo/two_pass_transport/progressive_cdc.progress/record_fifo/gnuram_async_fifo.xpm_fifo_base_inst/xpm_fifo_rst_inst/gen_rst_ic.fifo_rd_rst_ic_reg/C               sfo/two_pass_transport/progressive_cdc.progress/record_fifo/gnuram_async_fifo.xpm_fifo_base_inst/xpm_fifo_rst_inst/gen_rst_ic.rrst_wr_inst/syncstages_ff_reg[0]/D
 11  CDC-3  Info      1-bit synchronized with ASYNC_REG property      2  False Path  sfo/two_pass_transport/residual_config_cdc/read_busy_to_write/src_ff_reg/C                                                                                       sfo/two_pass_transport/residual_config_cdc/read_busy_to_write/syncstages_ff_reg[0]/D
 12  CDC-3  Info      1-bit synchronized with ASYNC_REG property      2  False Path  sfo/two_pass_transport/residual_config_cdc/record_fifo/gnuram_async_fifo.xpm_fifo_base_inst/xpm_fifo_rst_inst/gen_rst_ic.fifo_rd_rst_ic_reg/C                    sfo/two_pass_transport/residual_config_cdc/record_fifo/gnuram_async_fifo.xpm_fifo_base_inst/xpm_fifo_rst_inst/gen_rst_ic.rrst_wr_inst/syncstages_ff_reg[0]/D
 13  CDC-3  Info      1-bit synchronized with ASYNC_REG property      2  False Path  sfo/two_pass_transport/residual_data_cdc/read_busy_to_write/src_ff_reg/C                                                                                         sfo/two_pass_transport/residual_data_cdc/read_busy_to_write/syncstages_ff_reg[0]/D
 14  CDC-3  Info      1-bit synchronized with ASYNC_REG property      2  False Path  sfo/two_pass_transport/residual_data_cdc/record_fifo/gnuram_async_fifo.xpm_fifo_base_inst/xpm_fifo_rst_inst/gen_rst_ic.fifo_rd_rst_ic_reg/C                      sfo/two_pass_transport/residual_data_cdc/record_fifo/gnuram_async_fifo.xpm_fifo_base_inst/xpm_fifo_rst_inst/gen_rst_ic.rrst_wr_inst/syncstages_ff_reg[0]/D
 15  CDC-3  Info      1-bit synchronized with ASYNC_REG property      2  False Path  sfo/two_pass_transport/residual_request_cdc/record_fifo/gnuram_async_fifo.xpm_fifo_base_inst/xpm_fifo_rst_inst/gen_rst_ic.fifo_wr_rst_ic_reg/C                   sfo/two_pass_transport/residual_request_cdc/record_fifo/gnuram_async_fifo.xpm_fifo_base_inst/xpm_fifo_rst_inst/gen_rst_ic.wrst_rd_inst/syncstages_ff_reg[0]/D
 16  CDC-3  Info      1-bit synchronized with ASYNC_REG property      2  False Path  sfo/two_pass_transport/residual_request_cdc/write_busy_to_read/src_ff_reg/C                                                                                      sfo/two_pass_transport/residual_request_cdc/write_busy_to_read/syncstages_ff_reg[0]/D
 17  CDC-3  Info      1-bit synchronized with ASYNC_REG property      2  False Path  sfo/two_pass_transport/residual_result_cdc/record_fifo/gnuram_async_fifo.xpm_fifo_base_inst/xpm_fifo_rst_inst/gen_rst_ic.fifo_wr_rst_ic_reg/C                    sfo/two_pass_transport/residual_result_cdc/record_fifo/gnuram_async_fifo.xpm_fifo_base_inst/xpm_fifo_rst_inst/gen_rst_ic.wrst_rd_inst/syncstages_ff_reg[0]/D
 18  CDC-3  Info      1-bit synchronized with ASYNC_REG property      2  False Path  sfo/two_pass_transport/residual_result_cdc/write_busy_to_read/src_ff_reg/C                                                                                       sfo/two_pass_transport/residual_result_cdc/write_busy_to_read/syncstages_ff_reg[0]/D
 19  CDC-3  Info      1-bit synchronized with ASYNC_REG property      2  False Path  sfo/two_pass_transport/shared_raw.hub/events_cdc/record_fifo/gnuram_async_fifo.xpm_fifo_base_inst/xpm_fifo_rst_inst/gen_rst_ic.fifo_wr_rst_ic_reg/C              sfo/two_pass_transport/shared_raw.hub/events_cdc/record_fifo/gnuram_async_fifo.xpm_fifo_base_inst/xpm_fifo_rst_inst/gen_rst_ic.wrst_rd_inst/syncstages_ff_reg[0]/D
 20  CDC-3  Info      1-bit synchronized with ASYNC_REG property      2  False Path  sfo/two_pass_transport/shared_raw.hub/events_cdc/write_busy_to_read/src_ff_reg/C                                                                                 sfo/two_pass_transport/shared_raw.hub/events_cdc/write_busy_to_read/syncstages_ff_reg[0]/D
 21  CDC-3  Info      1-bit synchronized with ASYNC_REG property      4  False Path  sfo/two_pass_transport/shared_raw.hub/local_fault_sync/src_ff_reg/C                                                                                              sfo/two_pass_transport/shared_raw.hub/local_fault_sync/syncstages_ff_reg[0]/D
 22  CDC-3  Info      1-bit synchronized with ASYNC_REG property      4  False Path  sfo/two_pass_transport/shared_raw.hub/poison_sync/src_ff_reg/C                                                                                                   sfo/two_pass_transport/shared_raw.hub/poison_sync/syncstages_ff_reg[0]/D
 23  CDC-3  Info      1-bit synchronized with ASYNC_REG property      2  False Path  sfo/two_pass_transport/shared_raw.hub/raw_cdc/record_fifo/gnuram_async_fifo.xpm_fifo_base_inst/xpm_fifo_rst_inst/gen_rst_ic.fifo_wr_rst_ic_reg/C                 sfo/two_pass_transport/shared_raw.hub/raw_cdc/record_fifo/gnuram_async_fifo.xpm_fifo_base_inst/xpm_fifo_rst_inst/gen_rst_ic.wrst_rd_inst/syncstages_ff_reg[0]/D
 24  CDC-3  Info      1-bit synchronized with ASYNC_REG property      2  False Path  sfo/two_pass_transport/shared_raw.hub/raw_cdc/write_busy_to_read/src_ff_reg/C                                                                                    sfo/two_pass_transport/shared_raw.hub/raw_cdc/write_busy_to_read/syncstages_ff_reg[0]/D
 25  CDC-3  Info      1-bit synchronized with ASYNC_REG property      2  False Path  sfo/two_pass_transport/shared_raw.hub/training_configuration/read_busy_to_write/src_ff_reg/C                                                                     sfo/two_pass_transport/shared_raw.hub/training_configuration/read_busy_to_write/syncstages_ff_reg[0]/D
 26  CDC-3  Info      1-bit synchronized with ASYNC_REG property      2  False Path  sfo/two_pass_transport/shared_raw.hub/training_configuration/record_fifo/gnuram_async_fifo.xpm_fifo_base_inst/xpm_fifo_rst_inst/gen_rst_ic.fifo_rd_rst_ic_reg/C  sfo/two_pass_transport/shared_raw.hub/training_configuration/record_fifo/gnuram_async_fifo.xpm_fifo_base_inst/xpm_fifo_rst_inst/gen_rst_ic.rrst_wr_inst/syncstages_ff_reg[0]/D
 27  CDC-3  Info      1-bit synchronized with ASYNC_REG property      2  False Path  sfo/two_pass_transport/shared_raw.hub/training_data/read_busy_to_write/src_ff_reg/C                                                                              sfo/two_pass_transport/shared_raw.hub/training_data/read_busy_to_write/syncstages_ff_reg[0]/D
 28  CDC-3  Info      1-bit synchronized with ASYNC_REG property      2  False Path  sfo/two_pass_transport/shared_raw.hub/training_data/record_fifo/gnuram_async_fifo.xpm_fifo_base_inst/xpm_fifo_rst_inst/gen_rst_ic.fifo_rd_rst_ic_reg/C           sfo/two_pass_transport/shared_raw.hub/training_data/record_fifo/gnuram_async_fifo.xpm_fifo_base_inst/xpm_fifo_rst_inst/gen_rst_ic.rrst_wr_inst/syncstages_ff_reg[0]/D
 29  CDC-3  Info      1-bit synchronized with ASYNC_REG property      2  False Path  sfo/two_pass_transport/shared_raw.hub/training_release/record_fifo/gnuram_async_fifo.xpm_fifo_base_inst/xpm_fifo_rst_inst/gen_rst_ic.fifo_wr_rst_ic_reg/C        sfo/two_pass_transport/shared_raw.hub/training_release/record_fifo/gnuram_async_fifo.xpm_fifo_base_inst/xpm_fifo_rst_inst/gen_rst_ic.wrst_rd_inst/syncstages_ff_reg[0]/D
 30  CDC-3  Info      1-bit synchronized with ASYNC_REG property      2  False Path  sfo/two_pass_transport/shared_raw.hub/training_release/write_busy_to_read/src_ff_reg/C                                                                           sfo/two_pass_transport/shared_raw.hub/training_release/write_busy_to_read/syncstages_ff_reg[0]/D

Source Clock: clk500
Destination Clock: clk150
CDC Type: No Common Primary Clock

Row  ID      Severity  Description                                     Depth  Exception   Source (From)                                                                                                                                                  Destination (To)
---  ------  --------  ----------------------------------------------  -----  ----------  -------------------------------------------------------------------------------------------------------------------------------------------------------------  ---------------------------------------------------------------------------------------------------------------------------------------
  1  CDC-15  Warning   Clock enable controlled CDC structure detected      0  False Path  cfo/estimator/observation_fifo/gnuram_async_fifo.xpm_fifo_base_inst/gen_sdpram.xpm_memory_base_inst/gen_wr_a.gen_word_narrow.mem_reg_0_15_0_13/RAMA/CLK        cfo/estimator/observation_fifo/gnuram_async_fifo.xpm_fifo_base_inst/gen_sdpram.xpm_memory_base_inst/gen_rd_b.doutb_reg_reg[0]/D
  2  CDC-15  Warning   Clock enable controlled CDC structure detected      0  False Path  cfo/estimator/observation_fifo/gnuram_async_fifo.xpm_fifo_base_inst/gen_sdpram.xpm_memory_base_inst/gen_wr_a.gen_word_narrow.mem_reg_0_15_0_13/RAMA_D1/CLK     cfo/estimator/observation_fifo/gnuram_async_fifo.xpm_fifo_base_inst/gen_sdpram.xpm_memory_base_inst/gen_rd_b.doutb_reg_reg[1]/D
  3  CDC-15  Warning   Clock enable controlled CDC structure detected      0  False Path  cfo/estimator/observation_fifo/gnuram_async_fifo.xpm_fifo_base_inst/gen_sdpram.xpm_memory_base_inst/gen_wr_a.gen_word_narrow.mem_reg_0_15_0_13/RAMB/CLK        cfo/estimator/observation_fifo/gnuram_async_fifo.xpm_fifo_base_inst/gen_sdpram.xpm_memory_base_inst/gen_rd_b.doutb_reg_reg[2]/D
  4  CDC-15  Warning   Clock enable controlled CDC structure detected      0  False Path  cfo/estimator/observation_fifo/gnuram_async_fifo.xpm_fifo_base_inst/gen_sdpram.xpm_memory_base_inst/gen_wr_a.gen_word_narrow.mem_reg_0_15_0_13/RAMB_D1/CLK     cfo/estimator/observation_fifo/gnuram_async_fifo.xpm_fifo_base_inst/gen_sdpram.xpm_memory_base_inst/gen_rd_b.doutb_reg_reg[3]/D
  5  CDC-15  Warning   Clock enable controlled CDC structure detected      0  False Path  cfo/estimator/observation_fifo/gnuram_async_fifo.xpm_fifo_base_inst/gen_sdpram.xpm_memory_base_inst/gen_wr_a.gen_word_narrow.mem_reg_0_15_0_13/RAMC/CLK        cfo/estimator/observation_fifo/gnuram_async_fifo.xpm_fifo_base_inst/gen_sdpram.xpm_memory_base_inst/gen_rd_b.doutb_reg_reg[4]/D
  6  CDC-15  Warning   Clock enable controlled CDC structure detected      0  False Path  cfo/estimator/observation_fifo/gnuram_async_fifo.xpm_fifo_base_inst/gen_sdpram.xpm_memory_base_inst/gen_wr_a.gen_word_narrow.mem_reg_0_15_0_13/RAMC_D1/CLK     cfo/estimator/observation_fifo/gnuram_async_fifo.xpm_fifo_base_inst/gen_sdpram.xpm_memory_base_inst/gen_rd_b.doutb_reg_reg[5]/D
  7  CDC-15  Warning   Clock enable controlled CDC structure detected      0  False Path  cfo/estimator/observation_fifo/gnuram_async_fifo.xpm_fifo_base_inst/gen_sdpram.xpm_memory_base_inst/gen_wr_a.gen_word_narrow.mem_reg_0_15_0_13/RAMD/CLK        cfo/estimator/observation_fifo/gnuram_async_fifo.xpm_fifo_base_inst/gen_sdpram.xpm_memory_base_inst/gen_rd_b.doutb_reg_reg[6]/D
  8  CDC-15  Warning   Clock enable controlled CDC structure detected      0  False Path  cfo/estimator/observation_fifo/gnuram_async_fifo.xpm_fifo_base_inst/gen_sdpram.xpm_memory_base_inst/gen_wr_a.gen_word_narrow.mem_reg_0_15_0_13/RAMD_D1/CLK     cfo/estimator/observation_fifo/gnuram_async_fifo.xpm_fifo_base_inst/gen_sdpram.xpm_memory_base_inst/gen_rd_b.doutb_reg_reg[7]/D
  9  CDC-15  Warning   Clock enable controlled CDC structure detected      0  False Path  cfo/estimator/observation_fifo/gnuram_async_fifo.xpm_fifo_base_inst/gen_sdpram.xpm_memory_base_inst/gen_wr_a.gen_word_narrow.mem_reg_0_15_14_27/RAMF/CLK       cfo/estimator/observation_fifo/gnuram_async_fifo.xpm_fifo_base_inst/gen_sdpram.xpm_memory_base_inst/gen_rd_b.doutb_reg_reg[24]/D
 10  CDC-15  Warning   Clock enable controlled CDC structure detected      0  False Path  cfo/estimator/observation_fifo/gnuram_async_fifo.xpm_fifo_base_inst/gen_sdpram.xpm_memory_base_inst/gen_wr_a.gen_word_narrow.mem_reg_0_15_14_27/RAMF_D1/CLK    cfo/estimator/observation_fifo/gnuram_async_fifo.xpm_fifo_base_inst/gen_sdpram.xpm_memory_base_inst/gen_rd_b.doutb_reg_reg[25]/D
 11  CDC-15  Warning   Clock enable controlled CDC structure detected      0  False Path  cfo/estimator/observation_fifo/gnuram_async_fifo.xpm_fifo_base_inst/gen_sdpram.xpm_memory_base_inst/gen_wr_a.gen_word_narrow.mem_reg_0_15_14_27/RAMG/CLK       cfo/estimator/observation_fifo/gnuram_async_fifo.xpm_fifo_base_inst/gen_sdpram.xpm_memory_base_inst/gen_rd_b.doutb_reg_reg[26]/D
 12  CDC-15  Warning   Clock enable controlled CDC structure detected      0  False Path  cfo/estimator/observation_fifo/gnuram_async_fifo.xpm_fifo_base_inst/gen_sdpram.xpm_memory_base_inst/gen_wr_a.gen_word_narrow.mem_reg_0_15_14_27/RAMG_D1/CLK    cfo/estimator/observation_fifo/gnuram_async_fifo.xpm_fifo_base_inst/gen_sdpram.xpm_memory_base_inst/gen_rd_b.doutb_reg_reg[27]/D
 13  CDC-15  Warning   Clock enable controlled CDC structure detected      0  False Path  cfo/estimator/observation_fifo/gnuram_async_fifo.xpm_fifo_base_inst/gen_sdpram.xpm_memory_base_inst/gen_wr_a.gen_word_narrow.mem_reg_0_15_28_41/RAMA/CLK       cfo/estimator/observation_fifo/gnuram_async_fifo.xpm_fifo_base_inst/gen_sdpram.xpm_memory_base_inst/gen_rd_b.doutb_reg_reg[28]/D
 14  CDC-15  Warning   Clock enable controlled CDC structure detected      0  False Path  cfo/estimator/observation_fifo/gnuram_async_fifo.xpm_fifo_base_inst/gen_sdpram.xpm_memory_base_inst/gen_wr_a.gen_word_narrow.mem_reg_0_15_28_41/RAMA_D1/CLK    cfo/estimator/observation_fifo/gnuram_async_fifo.xpm_fifo_base_inst/gen_sdpram.xpm_memory_base_inst/gen_rd_b.doutb_reg_reg[29]/D
 15  CDC-15  Warning   Clock enable controlled CDC structure detected      0  False Path  cfo/estimator/observation_fifo/gnuram_async_fifo.xpm_fifo_base_inst/gen_sdpram.xpm_memory_base_inst/gen_wr_a.gen_word_narrow.mem_reg_0_15_28_41/RAMB/CLK       cfo/estimator/observation_fifo/gnuram_async_fifo.xpm_fifo_base_inst/gen_sdpram.xpm_memory_base_inst/gen_rd_b.doutb_reg_reg[30]/D
 16  CDC-15  Warning   Clock enable controlled CDC structure detected      0  False Path  cfo/estimator/observation_fifo/gnuram_async_fifo.xpm_fifo_base_inst/gen_sdpram.xpm_memory_base_inst/gen_wr_a.gen_word_narrow.mem_reg_0_15_28_41/RAMB_D1/CLK    cfo/estimator/observation_fifo/gnuram_async_fifo.xpm_fifo_base_inst/gen_sdpram.xpm_memory_base_inst/gen_rd_b.doutb_reg_reg[31]/D
 17  CDC-15  Warning   Clock enable controlled CDC structure detected      0  False Path  cfo/estimator/observation_fifo/gnuram_async_fifo.xpm_fifo_base_inst/gen_sdpram.xpm_memory_base_inst/gen_wr_a.gen_word_narrow.mem_reg_0_15_28_41/RAMC/CLK       cfo/estimator/observation_fifo/gnuram_async_fifo.xpm_fifo_base_inst/gen_sdpram.xpm_memory_base_inst/gen_rd_b.doutb_reg_reg[32]/D
 18  CDC-15  Warning   Clock enable controlled CDC structure detected      0  False Path  cfo/estimator/observation_fifo/gnuram_async_fifo.xpm_fifo_base_inst/gen_sdpram.xpm_memory_base_inst/gen_wr_a.gen_word_narrow.mem_reg_0_15_28_41/RAMC_D1/CLK    cfo/estimator/observation_fifo/gnuram_async_fifo.xpm_fifo_base_inst/gen_sdpram.xpm_memory_base_inst/gen_rd_b.doutb_reg_reg[33]/D
 19  CDC-15  Warning   Clock enable controlled CDC structure detected      0  False Path  cfo/estimator/observation_fifo/gnuram_async_fifo.xpm_fifo_base_inst/gen_sdpram.xpm_memory_base_inst/gen_wr_a.gen_word_narrow.mem_reg_0_15_28_41/RAMD/CLK       cfo/estimator/observation_fifo/gnuram_async_fifo.xpm_fifo_base_inst/gen_sdpram.xpm_memory_base_inst/gen_rd_b.doutb_reg_reg[34]/D
 20  CDC-15  Warning   Clock enable controlled CDC structure detected      0  False Path  cfo/estimator/observation_fifo/gnuram_async_fifo.xpm_fifo_base_inst/gen_sdpram.xpm_memory_base_inst/gen_wr_a.gen_word_narrow.mem_reg_0_15_28_41/RAMD_D1/CLK    cfo/estimator/observation_fifo/gnuram_async_fifo.xpm_fifo_base_inst/gen_sdpram.xpm_memory_base_inst/gen_rd_b.doutb_reg_reg[35]/D
 21  CDC-15  Warning   Clock enable controlled CDC structure detected      0  False Path  cfo/estimator/observation_fifo/gnuram_async_fifo.xpm_fifo_base_inst/gen_sdpram.xpm_memory_base_inst/gen_wr_a.gen_word_narrow.mem_reg_0_15_28_41/RAME/CLK       cfo/estimator/observation_fifo/gnuram_async_fifo.xpm_fifo_base_inst/gen_sdpram.xpm_memory_base_inst/gen_rd_b.doutb_reg_reg[36]/D
 22  CDC-15  Warning   Clock enable controlled CDC structure detected      0  False Path  cfo/estimator/observation_fifo/gnuram_async_fifo.xpm_fifo_base_inst/gen_sdpram.xpm_memory_base_inst/gen_wr_a.gen_word_narrow.mem_reg_0_15_28_41/RAME_D1/CLK    cfo/estimator/observation_fifo/gnuram_async_fifo.xpm_fifo_base_inst/gen_sdpram.xpm_memory_base_inst/gen_rd_b.doutb_reg_reg[37]/D
 23  CDC-15  Warning   Clock enable controlled CDC structure detected      0  False Path  cfo/estimator/observation_fifo/gnuram_async_fifo.xpm_fifo_base_inst/gen_sdpram.xpm_memory_base_inst/gen_wr_a.gen_word_narrow.mem_reg_0_15_28_41/RAMF/CLK       cfo/estimator/observation_fifo/gnuram_async_fifo.xpm_fifo_base_inst/gen_sdpram.xpm_memory_base_inst/gen_rd_b.doutb_reg_reg[38]/D
 24  CDC-15  Warning   Clock enable controlled CDC structure detected      0  False Path  cfo/estimator/observation_fifo/gnuram_async_fifo.xpm_fifo_base_inst/gen_sdpram.xpm_memory_base_inst/gen_wr_a.gen_word_narrow.mem_reg_0_15_28_41/RAMF_D1/CLK    cfo/estimator/observation_fifo/gnuram_async_fifo.xpm_fifo_base_inst/gen_sdpram.xpm_memory_base_inst/gen_rd_b.doutb_reg_reg[39]/D
 25  CDC-15  Warning   Clock enable controlled CDC structure detected      0  False Path  cfo/estimator/observation_fifo/gnuram_async_fifo.xpm_fifo_base_inst/gen_sdpram.xpm_memory_base_inst/gen_wr_a.gen_word_narrow.mem_reg_0_15_28_41/RAMG/CLK       cfo/estimator/observation_fifo/gnuram_async_fifo.xpm_fifo_base_inst/gen_sdpram.xpm_memory_base_inst/gen_rd_b.doutb_reg_reg[40]/D
 26  CDC-15  Warning   Clock enable controlled CDC structure detected      0  False Path  cfo/estimator/observation_fifo/gnuram_async_fifo.xpm_fifo_base_inst/gen_sdpram.xpm_memory_base_inst/gen_wr_a.gen_word_narrow.mem_reg_0_15_28_41/RAMG_D1/CLK    cfo/estimator/observation_fifo/gnuram_async_fifo.xpm_fifo_base_inst/gen_sdpram.xpm_memory_base_inst/gen_rd_b.doutb_reg_reg[41]/D
 27  CDC-15  Warning   Clock enable controlled CDC structure detected      0  False Path  cfo/estimator/observation_fifo/gnuram_async_fifo.xpm_fifo_base_inst/gen_sdpram.xpm_memory_base_inst/gen_wr_a.gen_word_narrow.mem_reg_0_15_42_55/RAMA/CLK       cfo/estimator/observation_fifo/gnuram_async_fifo.xpm_fifo_base_inst/gen_sdpram.xpm_memory_base_inst/gen_rd_b.doutb_reg_reg[42]/D
 28  CDC-15  Warning   Clock enable controlled CDC structure detected      0  False Path  cfo/estimator/observation_fifo/gnuram_async_fifo.xpm_fifo_base_inst/gen_sdpram.xpm_memory_base_inst/gen_wr_a.gen_word_narrow.mem_reg_0_15_42_55/RAMA_D1/CLK    cfo/estimator/observation_fifo/gnuram_async_fifo.xpm_fifo_base_inst/gen_sdpram.xpm_memory_base_inst/gen_rd_b.doutb_reg_reg[43]/D
 29  CDC-15  Warning   Clock enable controlled CDC structure detected      0  False Path  cfo/estimator/observation_fifo/gnuram_async_fifo.xpm_fifo_base_inst/gen_sdpram.xpm_memory_base_inst/gen_wr_a.gen_word_narrow.mem_reg_0_15_42_55/RAMB/CLK       cfo/estimator/observation_fifo/gnuram_async_fifo.xpm_fifo_base_inst/gen_sdpram.xpm_memory_base_inst/gen_rd_b.doutb_reg_reg[44]/D
 30  CDC-15  Warning   Clock enable controlled CDC structure detected      0  False Path  cfo/estimator/observation_fifo/gnuram_async_fifo.xpm_fifo_base_inst/gen_sdpram.xpm_memory_base_inst/gen_wr_a.gen_word_narrow.mem_reg_0_15_42_55/RAMB_D1/CLK    cfo/estimator/observation_fifo/gnuram_async_fifo.xpm_fifo_base_inst/gen_sdpram.xpm_memory_base_inst/gen_rd_b.doutb_reg_reg[45]/D
 31  CDC-15  Warning   Clock enable controlled CDC structure detected      0  False Path  cfo/estimator/observation_fifo/gnuram_async_fifo.xpm_fifo_base_inst/gen_sdpram.xpm_memory_base_inst/gen_wr_a.gen_word_narrow.mem_reg_0_15_42_55/RAMC/CLK       cfo/estimator/observation_fifo/gnuram_async_fifo.xpm_fifo_base_inst/gen_sdpram.xpm_memory_base_inst/gen_rd_b.doutb_reg_reg[46]/D
 32  CDC-15  Warning   Clock enable controlled CDC structure detected      0  False Path  cfo/estimator/observation_fifo/gnuram_async_fifo.xpm_fifo_base_inst/gen_sdpram.xpm_memory_base_inst/gen_wr_a.gen_word_narrow.mem_reg_0_15_42_55/RAMC_D1/CLK    cfo/estimator/observation_fifo/gnuram_async_fifo.xpm_fifo_base_inst/gen_sdpram.xpm_memory_base_inst/gen_rd_b.doutb_reg_reg[47]/D
 33  CDC-15  Warning   Clock enable controlled CDC structure detected      0  False Path  cfo/estimator/observation_fifo/gnuram_async_fifo.xpm_fifo_base_inst/gen_sdpram.xpm_memory_base_inst/gen_wr_a.gen_word_narrow.mem_reg_0_15_42_55/RAMD/CLK       cfo/estimator/observation_fifo/gnuram_async_fifo.xpm_fifo_base_inst/gen_sdpram.xpm_memory_base_inst/gen_rd_b.doutb_reg_reg[48]/D
 34  CDC-15  Warning   Clock enable controlled CDC structure detected      0  False Path  cfo/estimator/observation_fifo/gnuram_async_fifo.xpm_fifo_base_inst/gen_sdpram.xpm_memory_base_inst/gen_wr_a.gen_word_narrow.mem_reg_0_15_42_55/RAMD_D1/CLK    cfo/estimator/observation_fifo/gnuram_async_fifo.xpm_fifo_base_inst/gen_sdpram.xpm_memory_base_inst/gen_rd_b.doutb_reg_reg[49]/D
 35  CDC-15  Warning   Clock enable controlled CDC structure detected      0  False Path  cfo/estimator/observation_fifo/gnuram_async_fifo.xpm_fifo_base_inst/gen_sdpram.xpm_memory_base_inst/gen_wr_a.gen_word_narrow.mem_reg_0_15_42_55/RAME/CLK       cfo/estimator/observation_fifo/gnuram_async_fifo.xpm_fifo_base_inst/gen_sdpram.xpm_memory_base_inst/gen_rd_b.doutb_reg_reg[50]/D
 36  CDC-15  Warning   Clock enable controlled CDC structure detected      0  False Path  cfo/estimator/observation_fifo/gnuram_async_fifo.xpm_fifo_base_inst/gen_sdpram.xpm_memory_base_inst/gen_wr_a.gen_word_narrow.mem_reg_0_15_42_55/RAME_D1/CLK    cfo/estimator/observation_fifo/gnuram_async_fifo.xpm_fifo_base_inst/gen_sdpram.xpm_memory_base_inst/gen_rd_b.doutb_reg_reg[51]/D
 37  CDC-15  Warning   Clock enable controlled CDC structure detected      0  False Path  cfo/estimator/observation_fifo/gnuram_async_fifo.xpm_fifo_base_inst/gen_sdpram.xpm_memory_base_inst/gen_wr_a.gen_word_narrow.mem_reg_0_15_42_55/RAMF/CLK       cfo/estimator/observation_fifo/gnuram_async_fifo.xpm_fifo_base_inst/gen_sdpram.xpm_memory_base_inst/gen_rd_b.doutb_reg_reg[52]/D
 38  CDC-15  Warning   Clock enable controlled CDC structure detected      0  False Path  cfo/estimator/observation_fifo/gnuram_async_fifo.xpm_fifo_base_inst/gen_sdpram.xpm_memory_base_inst/gen_wr_a.gen_word_narrow.mem_reg_0_15_42_55/RAMF_D1/CLK    cfo/estimator/observation_fifo/gnuram_async_fifo.xpm_fifo_base_inst/gen_sdpram.xpm_memory_base_inst/gen_rd_b.doutb_reg_reg[53]/D
 39  CDC-15  Warning   Clock enable controlled CDC structure detected      0  False Path  cfo/estimator/observation_fifo/gnuram_async_fifo.xpm_fifo_base_inst/gen_sdpram.xpm_memory_base_inst/gen_wr_a.gen_word_narrow.mem_reg_0_15_42_55/RAMG/CLK       cfo/estimator/observation_fifo/gnuram_async_fifo.xpm_fifo_base_inst/gen_sdpram.xpm_memory_base_inst/gen_rd_b.doutb_reg_reg[54]/D
 40  CDC-15  Warning   Clock enable controlled CDC structure detected      0  False Path  cfo/estimator/observation_fifo/gnuram_async_fifo.xpm_fifo_base_inst/gen_sdpram.xpm_memory_base_inst/gen_wr_a.gen_word_narrow.mem_reg_0_15_42_55/RAMG_D1/CLK    cfo/estimator/observation_fifo/gnuram_async_fifo.xpm_fifo_base_inst/gen_sdpram.xpm_memory_base_inst/gen_rd_b.doutb_reg_reg[55]/D
 41  CDC-15  Warning   Clock enable controlled CDC structure detected      0  False Path  cfo/estimator/observation_fifo/gnuram_async_fifo.xpm_fifo_base_inst/gen_sdpram.xpm_memory_base_inst/gen_wr_a.gen_word_narrow.mem_reg_0_15_56_69/RAMA/CLK       cfo/estimator/observation_fifo/gnuram_async_fifo.xpm_fifo_base_inst/gen_sdpram.xpm_memory_base_inst/gen_rd_b.doutb_reg_reg[56]/D
 42  CDC-15  Warning   Clock enable controlled CDC structure detected      0  False Path  cfo/estimator/observation_fifo/gnuram_async_fifo.xpm_fifo_base_inst/gen_sdpram.xpm_memory_base_inst/gen_wr_a.gen_word_narrow.mem_reg_0_15_56_69/RAMA_D1/CLK    cfo/estimator/observation_fifo/gnuram_async_fifo.xpm_fifo_base_inst/gen_sdpram.xpm_memory_base_inst/gen_rd_b.doutb_reg_reg[57]/D
 43  CDC-15  Warning   Clock enable controlled CDC structure detected      0  False Path  cfo/estimator/observation_fifo/gnuram_async_fifo.xpm_fifo_base_inst/gen_sdpram.xpm_memory_base_inst/gen_wr_a.gen_word_narrow.mem_reg_0_15_56_69/RAMB/CLK       cfo/estimator/observation_fifo/gnuram_async_fifo.xpm_fifo_base_inst/gen_sdpram.xpm_memory_base_inst/gen_rd_b.doutb_reg_reg[58]/D
 44  CDC-15  Warning   Clock enable controlled CDC structure detected      0  False Path  cfo/estimator/observation_fifo/gnuram_async_fifo.xpm_fifo_base_inst/gen_sdpram.xpm_memory_base_inst/gen_wr_a.gen_word_narrow.mem_reg_0_15_56_69/RAMB_D1/CLK    cfo/estimator/observation_fifo/gnuram_async_fifo.xpm_fifo_base_inst/gen_sdpram.xpm_memory_base_inst/gen_rd_b.doutb_reg_reg[59]/D
 45  CDC-15  Warning   Clock enable controlled CDC structure detected      0  False Path  cfo/estimator/observation_fifo/gnuram_async_fifo.xpm_fifo_base_inst/gen_sdpram.xpm_memory_base_inst/gen_wr_a.gen_word_narrow.mem_reg_0_15_56_69/RAMC/CLK       cfo/estimator/observation_fifo/gnuram_async_fifo.xpm_fifo_base_inst/gen_sdpram.xpm_memory_base_inst/gen_rd_b.doutb_reg_reg[60]/D
 46  CDC-15  Warning   Clock enable controlled CDC structure detected      0  False Path  cfo/estimator/observation_fifo/gnuram_async_fifo.xpm_fifo_base_inst/gen_sdpram.xpm_memory_base_inst/gen_wr_a.gen_word_narrow.mem_reg_0_15_56_69/RAMC_D1/CLK    cfo/estimator/observation_fifo/gnuram_async_fifo.xpm_fifo_base_inst/gen_sdpram.xpm_memory_base_inst/gen_rd_b.doutb_reg_reg[61]/D
 47  CDC-15  Warning   Clock enable controlled CDC structure detected      0  False Path  cfo/estimator/observation_fifo/gnuram_async_fifo.xpm_fifo_base_inst/gen_sdpram.xpm_memory_base_inst/gen_wr_a.gen_word_narrow.mem_reg_0_15_56_69/RAMD/CLK       cfo/estimator/observation_fifo/gnuram_async_fifo.xpm_fifo_base_inst/gen_sdpram.xpm_memory_base_inst/gen_rd_b.doutb_reg_reg[62]/D
 48  CDC-15  Warning   Clock enable controlled CDC structure detected      0  False Path  cfo/estimator/observation_fifo/gnuram_async_fifo.xpm_fifo_base_inst/gen_sdpram.xpm_memory_base_inst/gen_wr_a.gen_word_narrow.mem_reg_0_15_56_69/RAMD_D1/CLK    cfo/estimator/observation_fifo/gnuram_async_fifo.xpm_fifo_base_inst/gen_sdpram.xpm_memory_base_inst/gen_rd_b.doutb_reg_reg[63]/D
 49  CDC-15  Warning   Clock enable controlled CDC structure detected      0  False Path  cfo/estimator/observation_fifo/gnuram_async_fifo.xpm_fifo_base_inst/gen_sdpram.xpm_memory_base_inst/gen_wr_a.gen_word_narrow.mem_reg_0_15_56_69/RAME/CLK       cfo/estimator/observation_fifo/gnuram_async_fifo.xpm_fifo_base_inst/gen_sdpram.xpm_memory_base_inst/gen_rd_b.doutb_reg_reg[64]/D
 50  CDC-15  Warning   Clock enable controlled CDC structure detected      0  False Path  cfo/estimator/observation_fifo/gnuram_async_fifo.xpm_fifo_base_inst/gen_sdpram.xpm_memory_base_inst/gen_wr_a.gen_word_narrow.mem_reg_0_15_56_69/RAME_D1/CLK    cfo/estimator/observation_fifo/gnuram_async_fifo.xpm_fifo_base_inst/gen_sdpram.xpm_memory_base_inst/gen_rd_b.doutb_reg_reg[65]/D
 51  CDC-15  Warning   Clock enable controlled CDC structure detected      0  False Path  cfo/estimator/observation_fifo/gnuram_async_fifo.xpm_fifo_base_inst/gen_sdpram.xpm_memory_base_inst/gen_wr_a.gen_word_narrow.mem_reg_0_15_56_69/RAMF/CLK       cfo/estimator/observation_fifo/gnuram_async_fifo.xpm_fifo_base_inst/gen_sdpram.xpm_memory_base_inst/gen_rd_b.doutb_reg_reg[66]/D
 52  CDC-15  Warning   Clock enable controlled CDC structure detected      0  False Path  cfo/estimator/observation_fifo/gnuram_async_fifo.xpm_fifo_base_inst/gen_sdpram.xpm_memory_base_inst/gen_wr_a.gen_word_narrow.mem_reg_0_15_56_69/RAMF_D1/CLK    cfo/estimator/observation_fifo/gnuram_async_fifo.xpm_fifo_base_inst/gen_sdpram.xpm_memory_base_inst/gen_rd_b.doutb_reg_reg[67]/D
 53  CDC-15  Warning   Clock enable controlled CDC structure detected      0  False Path  cfo/estimator/observation_fifo/gnuram_async_fifo.xpm_fifo_base_inst/gen_sdpram.xpm_memory_base_inst/gen_wr_a.gen_word_narrow.mem_reg_0_15_56_69/RAMG/CLK       cfo/estimator/observation_fifo/gnuram_async_fifo.xpm_fifo_base_inst/gen_sdpram.xpm_memory_base_inst/gen_rd_b.doutb_reg_reg[68]/D
 54  CDC-15  Warning   Clock enable controlled CDC structure detected      0  False Path  cfo/estimator/observation_fifo/gnuram_async_fifo.xpm_fifo_base_inst/gen_sdpram.xpm_memory_base_inst/gen_wr_a.gen_word_narrow.mem_reg_0_15_56_69/RAMG_D1/CLK    cfo/estimator/observation_fifo/gnuram_async_fifo.xpm_fifo_base_inst/gen_sdpram.xpm_memory_base_inst/gen_rd_b.doutb_reg_reg[69]/D
 55  CDC-15  Warning   Clock enable controlled CDC structure detected      0  False Path  cfo/estimator/observation_fifo/gnuram_async_fifo.xpm_fifo_base_inst/gen_sdpram.xpm_memory_base_inst/gen_wr_a.gen_word_narrow.mem_reg_0_15_70_83/RAMA/CLK       cfo/estimator/observation_fifo/gnuram_async_fifo.xpm_fifo_base_inst/gen_sdpram.xpm_memory_base_inst/gen_rd_b.doutb_reg_reg[70]/D
 56  CDC-15  Warning   Clock enable controlled CDC structure detected      0  False Path  cfo/estimator/observation_fifo/gnuram_async_fifo.xpm_fifo_base_inst/gen_sdpram.xpm_memory_base_inst/gen_wr_a.gen_word_narrow.mem_reg_0_15_70_83/RAMA_D1/CLK    cfo/estimator/observation_fifo/gnuram_async_fifo.xpm_fifo_base_inst/gen_sdpram.xpm_memory_base_inst/gen_rd_b.doutb_reg_reg[71]/D
 57  CDC-15  Warning   Clock enable controlled CDC structure detected      0  False Path  cfo/estimator/observation_fifo/gnuram_async_fifo.xpm_fifo_base_inst/gen_sdpram.xpm_memory_base_inst/gen_wr_a.gen_word_narrow.mem_reg_0_15_70_83/RAMB/CLK       cfo/estimator/observation_fifo/gnuram_async_fifo.xpm_fifo_base_inst/gen_sdpram.xpm_memory_base_inst/gen_rd_b.doutb_reg_reg[72]/D
 58  CDC-15  Warning   Clock enable controlled CDC structure detected      0  False Path  cfo/estimator/observation_fifo/gnuram_async_fifo.xpm_fifo_base_inst/gen_sdpram.xpm_memory_base_inst/gen_wr_a.gen_word_narrow.mem_reg_0_15_70_83/RAMB_D1/CLK    cfo/estimator/observation_fifo/gnuram_async_fifo.xpm_fifo_base_inst/gen_sdpram.xpm_memory_base_inst/gen_rd_b.doutb_reg_reg[73]/D
 59  CDC-15  Warning   Clock enable controlled CDC structure detected      0  False Path  cfo/estimator/observation_fifo/gnuram_async_fifo.xpm_fifo_base_inst/gen_sdpram.xpm_memory_base_inst/gen_wr_a.gen_word_narrow.mem_reg_0_15_70_83/RAMC/CLK       cfo/estimator/observation_fifo/gnuram_async_fifo.xpm_fifo_base_inst/gen_sdpram.xpm_memory_base_inst/gen_rd_b.doutb_reg_reg[74]/D
 60  CDC-15  Warning   Clock enable controlled CDC structure detected      0  False Path  cfo/estimator/observation_fifo/gnuram_async_fifo.xpm_fifo_base_inst/gen_sdpram.xpm_memory_base_inst/gen_wr_a.gen_word_narrow.mem_reg_0_15_70_83/RAMC_D1/CLK    cfo/estimator/observation_fifo/gnuram_async_fifo.xpm_fifo_base_inst/gen_sdpram.xpm_memory_base_inst/gen_rd_b.doutb_reg_reg[75]/D
 61  CDC-15  Warning   Clock enable controlled CDC structure detected      0  False Path  cfo/estimator/observation_fifo/gnuram_async_fifo.xpm_fifo_base_inst/gen_sdpram.xpm_memory_base_inst/gen_wr_a.gen_word_narrow.mem_reg_0_15_70_83/RAMD/CLK       cfo/estimator/observation_fifo/gnuram_async_fifo.xpm_fifo_base_inst/gen_sdpram.xpm_memory_base_inst/gen_rd_b.doutb_reg_reg[76]/D
 62  CDC-15  Warning   Clock enable controlled CDC structure detected      0  False Path  cfo/estimator/observation_fifo/gnuram_async_fifo.xpm_fifo_base_inst/gen_sdpram.xpm_memory_base_inst/gen_wr_a.gen_word_narrow.mem_reg_0_15_70_83/RAMD_D1/CLK    cfo/estimator/observation_fifo/gnuram_async_fifo.xpm_fifo_base_inst/gen_sdpram.xpm_memory_base_inst/gen_rd_b.doutb_reg_reg[77]/D
 63  CDC-15  Warning   Clock enable controlled CDC structure detected      0  False Path  cfo/estimator/observation_fifo/gnuram_async_fifo.xpm_fifo_base_inst/gen_sdpram.xpm_memory_base_inst/gen_wr_a.gen_word_narrow.mem_reg_0_15_70_83/RAME/CLK       cfo/estimator/observation_fifo/gnuram_async_fifo.xpm_fifo_base_inst/gen_sdpram.xpm_memory_base_inst/gen_rd_b.doutb_reg_reg[78]/D
 64  CDC-15  Warning   Clock enable controlled CDC structure detected      0  False Path  cfo/estimator/observation_fifo/gnuram_async_fifo.xpm_fifo_base_inst/gen_sdpram.xpm_memory_base_inst/gen_wr_a.gen_word_narrow.mem_reg_0_15_70_83/RAME_D1/CLK    cfo/estimator/observation_fifo/gnuram_async_fifo.xpm_fifo_base_inst/gen_sdpram.xpm_memory_base_inst/gen_rd_b.doutb_reg_reg[79]/D
 65  CDC-15  Warning   Clock enable controlled CDC structure detected      0  False Path  cfo/estimator/observation_fifo/gnuram_async_fifo.xpm_fifo_base_inst/gen_sdpram.xpm_memory_base_inst/gen_wr_a.gen_word_narrow.mem_reg_0_15_70_83/RAMF/CLK       cfo/estimator/observation_fifo/gnuram_async_fifo.xpm_fifo_base_inst/gen_sdpram.xpm_memory_base_inst/gen_rd_b.doutb_reg_reg[80]/D
 66  CDC-15  Warning   Clock enable controlled CDC structure detected      0  False Path  cfo/estimator/observation_fifo/gnuram_async_fifo.xpm_fifo_base_inst/gen_sdpram.xpm_memory_base_inst/gen_wr_a.gen_word_narrow.mem_reg_0_15_70_83/RAMF_D1/CLK    cfo/estimator/observation_fifo/gnuram_async_fifo.xpm_fifo_base_inst/gen_sdpram.xpm_memory_base_inst/gen_rd_b.doutb_reg_reg[81]/D
 67  CDC-15  Warning   Clock enable controlled CDC structure detected      0  False Path  cfo/estimator/observation_fifo/gnuram_async_fifo.xpm_fifo_base_inst/gen_sdpram.xpm_memory_base_inst/gen_wr_a.gen_word_narrow.mem_reg_0_15_70_83/RAMG/CLK       cfo/estimator/observation_fifo/gnuram_async_fifo.xpm_fifo_base_inst/gen_sdpram.xpm_memory_base_inst/gen_rd_b.doutb_reg_reg[82]/D
 68  CDC-15  Warning   Clock enable controlled CDC structure detected      0  False Path  cfo/estimator/observation_fifo/gnuram_async_fifo.xpm_fifo_base_inst/gen_sdpram.xpm_memory_base_inst/gen_wr_a.gen_word_narrow.mem_reg_0_15_70_83/RAMG_D1/CLK    cfo/estimator/observation_fifo/gnuram_async_fifo.xpm_fifo_base_inst/gen_sdpram.xpm_memory_base_inst/gen_rd_b.doutb_reg_reg[83]/D
 69  CDC-15  Warning   Clock enable controlled CDC structure detected      0  False Path  cfo/estimator/observation_fifo/gnuram_async_fifo.xpm_fifo_base_inst/gen_sdpram.xpm_memory_base_inst/gen_wr_a.gen_word_narrow.mem_reg_0_15_84_97/RAMA/CLK       cfo/estimator/observation_fifo/gnuram_async_fifo.xpm_fifo_base_inst/gen_sdpram.xpm_memory_base_inst/gen_rd_b.doutb_reg_reg[84]/D
 70  CDC-15  Warning   Clock enable controlled CDC structure detected      0  False Path  cfo/estimator/observation_fifo/gnuram_async_fifo.xpm_fifo_base_inst/gen_sdpram.xpm_memory_base_inst/gen_wr_a.gen_word_narrow.mem_reg_0_15_84_97/RAMA_D1/CLK    cfo/estimator/observation_fifo/gnuram_async_fifo.xpm_fifo_base_inst/gen_sdpram.xpm_memory_base_inst/gen_rd_b.doutb_reg_reg[85]/D
 71  CDC-15  Warning   Clock enable controlled CDC structure detected      0  False Path  cfo/estimator/observation_fifo/gnuram_async_fifo.xpm_fifo_base_inst/gen_sdpram.xpm_memory_base_inst/gen_wr_a.gen_word_narrow.mem_reg_0_15_84_97/RAMB/CLK       cfo/estimator/observation_fifo/gnuram_async_fifo.xpm_fifo_base_inst/gen_sdpram.xpm_memory_base_inst/gen_rd_b.doutb_reg_reg[86]/D
 72  CDC-15  Warning   Clock enable controlled CDC structure detected      0  False Path  cfo/estimator/observation_fifo/gnuram_async_fifo.xpm_fifo_base_inst/gen_sdpram.xpm_memory_base_inst/gen_wr_a.gen_word_narrow.mem_reg_0_15_84_97/RAMB_D1/CLK    cfo/estimator/observation_fifo/gnuram_async_fifo.xpm_fifo_base_inst/gen_sdpram.xpm_memory_base_inst/gen_rd_b.doutb_reg_reg[87]/D
 73  CDC-15  Warning   Clock enable controlled CDC structure detected      0  False Path  cfo/estimator/observation_fifo/gnuram_async_fifo.xpm_fifo_base_inst/gen_sdpram.xpm_memory_base_inst/gen_wr_a.gen_word_narrow.mem_reg_0_15_84_97/RAMC/CLK       cfo/estimator/observation_fifo/gnuram_async_fifo.xpm_fifo_base_inst/gen_sdpram.xpm_memory_base_inst/gen_rd_b.doutb_reg_reg[88]/D
 74  CDC-15  Warning   Clock enable controlled CDC structure detected      0  False Path  cfo/estimator/observation_fifo/gnuram_async_fifo.xpm_fifo_base_inst/gen_sdpram.xpm_memory_base_inst/gen_wr_a.gen_word_narrow.mem_reg_0_15_84_97/RAMC_D1/CLK    cfo/estimator/observation_fifo/gnuram_async_fifo.xpm_fifo_base_inst/gen_sdpram.xpm_memory_base_inst/gen_rd_b.doutb_reg_reg[89]/D
 75  CDC-15  Warning   Clock enable controlled CDC structure detected      0  False Path  cfo/estimator/observation_fifo/gnuram_async_fifo.xpm_fifo_base_inst/gen_sdpram.xpm_memory_base_inst/gen_wr_a.gen_word_narrow.mem_reg_0_15_84_97/RAMD/CLK       cfo/estimator/observation_fifo/gnuram_async_fifo.xpm_fifo_base_inst/gen_sdpram.xpm_memory_base_inst/gen_rd_b.doutb_reg_reg[90]/D
 76  CDC-15  Warning   Clock enable controlled CDC structure detected      0  False Path  cfo/estimator/observation_fifo/gnuram_async_fifo.xpm_fifo_base_inst/gen_sdpram.xpm_memory_base_inst/gen_wr_a.gen_word_narrow.mem_reg_0_15_84_97/RAMD_D1/CLK    cfo/estimator/observation_fifo/gnuram_async_fifo.xpm_fifo_base_inst/gen_sdpram.xpm_memory_base_inst/gen_rd_b.doutb_reg_reg[91]/D
 77  CDC-15  Warning   Clock enable controlled CDC structure detected      0  False Path  cfo/estimator/observation_fifo/gnuram_async_fifo.xpm_fifo_base_inst/gen_sdpram.xpm_memory_base_inst/gen_wr_a.gen_word_narrow.mem_reg_0_15_84_97/RAME/CLK       cfo/estimator/observation_fifo/gnuram_async_fifo.xpm_fifo_base_inst/gen_sdpram.xpm_memory_base_inst/gen_rd_b.doutb_reg_reg[92]/D
 78  CDC-15  Warning   Clock enable controlled CDC structure detected      0  False Path  cfo/estimator/observation_fifo/gnuram_async_fifo.xpm_fifo_base_inst/gen_sdpram.xpm_memory_base_inst/gen_wr_a.gen_word_narrow.mem_reg_0_15_84_97/RAME_D1/CLK    cfo/estimator/observation_fifo/gnuram_async_fifo.xpm_fifo_base_inst/gen_sdpram.xpm_memory_base_inst/gen_rd_b.doutb_reg_reg[93]/D
 79  CDC-15  Warning   Clock enable controlled CDC structure detected      0  False Path  cfo/estimator/observation_fifo/gnuram_async_fifo.xpm_fifo_base_inst/gen_sdpram.xpm_memory_base_inst/gen_wr_a.gen_word_narrow.mem_reg_0_15_84_97/RAMF/CLK       cfo/estimator/observation_fifo/gnuram_async_fifo.xpm_fifo_base_inst/gen_sdpram.xpm_memory_base_inst/gen_rd_b.doutb_reg_reg[94]/D
 80  CDC-15  Warning   Clock enable controlled CDC structure detected      0  False Path  cfo/estimator/observation_fifo/gnuram_async_fifo.xpm_fifo_base_inst/gen_sdpram.xpm_memory_base_inst/gen_wr_a.gen_word_narrow.mem_reg_0_15_84_97/RAMF_D1/CLK    cfo/estimator/observation_fifo/gnuram_async_fifo.xpm_fifo_base_inst/gen_sdpram.xpm_memory_base_inst/gen_rd_b.doutb_reg_reg[95]/D
 81  CDC-15  Warning   Clock enable controlled CDC structure detected      0  False Path  cfo/estimator/observation_fifo/gnuram_async_fifo.xpm_fifo_base_inst/gen_sdpram.xpm_memory_base_inst/gen_wr_a.gen_word_narrow.mem_reg_0_15_84_97/RAMG/CLK       cfo/estimator/observation_fifo/gnuram_async_fifo.xpm_fifo_base_inst/gen_sdpram.xpm_memory_base_inst/gen_rd_b.doutb_reg_reg[96]/D
 82  CDC-15  Warning   Clock enable controlled CDC structure detected      0  False Path  cfo/estimator/observation_fifo/gnuram_async_fifo.xpm_fifo_base_inst/gen_sdpram.xpm_memory_base_inst/gen_wr_a.gen_word_narrow.mem_reg_0_15_84_97/RAMG_D1/CLK    cfo/estimator/observation_fifo/gnuram_async_fifo.xpm_fifo_base_inst/gen_sdpram.xpm_memory_base_inst/gen_rd_b.doutb_reg_reg[97]/D
 83  CDC-15  Warning   Clock enable controlled CDC structure detected      0  False Path  cfo/estimator/observation_fifo/gnuram_async_fifo.xpm_fifo_base_inst/gen_sdpram.xpm_memory_base_inst/gen_wr_a.gen_word_narrow.mem_reg_0_15_98_111/RAMA/CLK      cfo/estimator/observation_fifo/gnuram_async_fifo.xpm_fifo_base_inst/gen_sdpram.xpm_memory_base_inst/gen_rd_b.doutb_reg_reg[98]/D
 84  CDC-15  Warning   Clock enable controlled CDC structure detected      0  False Path  cfo/estimator/observation_fifo/gnuram_async_fifo.xpm_fifo_base_inst/gen_sdpram.xpm_memory_base_inst/gen_wr_a.gen_word_narrow.mem_reg_0_15_98_111/RAMA_D1/CLK   cfo/estimator/observation_fifo/gnuram_async_fifo.xpm_fifo_base_inst/gen_sdpram.xpm_memory_base_inst/gen_rd_b.doutb_reg_reg[99]/D
 85  CDC-15  Warning   Clock enable controlled CDC structure detected      0  False Path  cfo/estimator/observation_fifo/gnuram_async_fifo.xpm_fifo_base_inst/gen_sdpram.xpm_memory_base_inst/gen_wr_a.gen_word_narrow.mem_reg_0_15_98_111/RAMB/CLK      cfo/estimator/observation_fifo/gnuram_async_fifo.xpm_fifo_base_inst/gen_sdpram.xpm_memory_base_inst/gen_rd_b.doutb_reg_reg[100]/D
 86  CDC-15  Warning   Clock enable controlled CDC structure detected      0  False Path  cfo/estimator/observation_fifo/gnuram_async_fifo.xpm_fifo_base_inst/gen_sdpram.xpm_memory_base_inst/gen_wr_a.gen_word_narrow.mem_reg_0_15_98_111/RAMB_D1/CLK   cfo/estimator/observation_fifo/gnuram_async_fifo.xpm_fifo_base_inst/gen_sdpram.xpm_memory_base_inst/gen_rd_b.doutb_reg_reg[101]/D
 87  CDC-15  Warning   Clock enable controlled CDC structure detected      0  False Path  cfo/estimator/observation_fifo/gnuram_async_fifo.xpm_fifo_base_inst/gen_sdpram.xpm_memory_base_inst/gen_wr_a.gen_word_narrow.mem_reg_0_15_98_111/RAMC/CLK      cfo/estimator/observation_fifo/gnuram_async_fifo.xpm_fifo_base_inst/gen_sdpram.xpm_memory_base_inst/gen_rd_b.doutb_reg_reg[102]/D
 88  CDC-15  Warning   Clock enable controlled CDC structure detected      0  False Path  cfo/estimator/observation_fifo/gnuram_async_fifo.xpm_fifo_base_inst/gen_sdpram.xpm_memory_base_inst/gen_wr_a.gen_word_narrow.mem_reg_0_15_98_111/RAMC_D1/CLK   cfo/estimator/observation_fifo/gnuram_async_fifo.xpm_fifo_base_inst/gen_sdpram.xpm_memory_base_inst/gen_rd_b.doutb_reg_reg[103]/D
 89  CDC-15  Warning   Clock enable controlled CDC structure detected      0  False Path  cfo/estimator/observation_fifo/gnuram_async_fifo.xpm_fifo_base_inst/gen_sdpram.xpm_memory_base_inst/gen_wr_a.gen_word_narrow.mem_reg_0_15_98_111/RAMD/CLK      cfo/estimator/observation_fifo/gnuram_async_fifo.xpm_fifo_base_inst/gen_sdpram.xpm_memory_base_inst/gen_rd_b.doutb_reg_reg[104]/D
 90  CDC-15  Warning   Clock enable controlled CDC structure detected      0  False Path  cfo/estimator/observation_fifo/gnuram_async_fifo.xpm_fifo_base_inst/gen_sdpram.xpm_memory_base_inst/gen_wr_a.gen_word_narrow.mem_reg_0_15_98_111/RAMD_D1/CLK   cfo/estimator/observation_fifo/gnuram_async_fifo.xpm_fifo_base_inst/gen_sdpram.xpm_memory_base_inst/gen_rd_b.doutb_reg_reg[105]/D
 91  CDC-15  Warning   Clock enable controlled CDC structure detected      0  False Path  cfo/estimator/observation_fifo/gnuram_async_fifo.xpm_fifo_base_inst/gen_sdpram.xpm_memory_base_inst/gen_wr_a.gen_word_narrow.mem_reg_0_15_98_111/RAME/CLK      cfo/estimator/observation_fifo/gnuram_async_fifo.xpm_fifo_base_inst/gen_sdpram.xpm_memory_base_inst/gen_rd_b.doutb_reg_reg[106]/D
 92  CDC-15  Warning   Clock enable controlled CDC structure detected      0  False Path  cfo/estimator/observation_fifo/gnuram_async_fifo.xpm_fifo_base_inst/gen_sdpram.xpm_memory_base_inst/gen_wr_a.gen_word_narrow.mem_reg_0_15_98_111/RAME_D1/CLK   cfo/estimator/observation_fifo/gnuram_async_fifo.xpm_fifo_base_inst/gen_sdpram.xpm_memory_base_inst/gen_rd_b.doutb_reg_reg[107]/D
 93  CDC-15  Warning   Clock enable controlled CDC structure detected      0  False Path  cfo/estimator/observation_fifo/gnuram_async_fifo.xpm_fifo_base_inst/gen_sdpram.xpm_memory_base_inst/gen_wr_a.gen_word_narrow.mem_reg_0_15_98_111/RAMF/CLK      cfo/estimator/observation_fifo/gnuram_async_fifo.xpm_fifo_base_inst/gen_sdpram.xpm_memory_base_inst/gen_rd_b.doutb_reg_reg[108]/D
 94  CDC-15  Warning   Clock enable controlled CDC structure detected      0  False Path  cfo/estimator/observation_fifo/gnuram_async_fifo.xpm_fifo_base_inst/gen_sdpram.xpm_memory_base_inst/gen_wr_a.gen_word_narrow.mem_reg_0_15_98_111/RAMF_D1/CLK   cfo/estimator/observation_fifo/gnuram_async_fifo.xpm_fifo_base_inst/gen_sdpram.xpm_memory_base_inst/gen_rd_b.doutb_reg_reg[109]/D
 95  CDC-15  Warning   Clock enable controlled CDC structure detected      0  False Path  cfo/estimator/observation_fifo/gnuram_async_fifo.xpm_fifo_base_inst/gen_sdpram.xpm_memory_base_inst/gen_wr_a.gen_word_narrow.mem_reg_0_15_98_111/RAMG/CLK      cfo/estimator/observation_fifo/gnuram_async_fifo.xpm_fifo_base_inst/gen_sdpram.xpm_memory_base_inst/gen_rd_b.doutb_reg_reg[110]/D
 96  CDC-15  Warning   Clock enable controlled CDC structure detected      0  False Path  cfo/estimator/observation_fifo/gnuram_async_fifo.xpm_fifo_base_inst/gen_sdpram.xpm_memory_base_inst/gen_wr_a.gen_word_narrow.mem_reg_0_15_98_111/RAMG_D1/CLK   cfo/estimator/observation_fifo/gnuram_async_fifo.xpm_fifo_base_inst/gen_sdpram.xpm_memory_base_inst/gen_rd_b.doutb_reg_reg[111]/D
 97  CDC-15  Warning   Clock enable controlled CDC structure detected      0  False Path  cfo/estimator/observation_fifo/gnuram_async_fifo.xpm_fifo_base_inst/gen_sdpram.xpm_memory_base_inst/gen_wr_a.gen_word_narrow.mem_reg_0_15_112_125/RAMA/CLK     cfo/estimator/observation_fifo/gnuram_async_fifo.xpm_fifo_base_inst/gen_sdpram.xpm_memory_base_inst/gen_rd_b.doutb_reg_reg[112]/D
 98  CDC-15  Warning   Clock enable controlled CDC structure detected      0  False Path  cfo/estimator/observation_fifo/gnuram_async_fifo.xpm_fifo_base_inst/gen_sdpram.xpm_memory_base_inst/gen_wr_a.gen_word_narrow.mem_reg_0_15_112_125/RAMA_D1/CLK  cfo/estimator/observation_fifo/gnuram_async_fifo.xpm_fifo_base_inst/gen_sdpram.xpm_memory_base_inst/gen_rd_b.doutb_reg_reg[113]/D
 99  CDC-15  Warning   Clock enable controlled CDC structure detected      0  False Path  cfo/estimator/observation_fifo/gnuram_async_fifo.xpm_fifo_base_inst/gen_sdpram.xpm_memory_base_inst/gen_wr_a.gen_word_narrow.mem_reg_0_15_112_125/RAMB/CLK     cfo/estimator/observation_fifo/gnuram_async_fifo.xpm_fifo_base_inst/gen_sdpram.xpm_memory_base_inst/gen_rd_b.doutb_reg_reg[114]/D
100  CDC-15  Warning   Clock enable controlled CDC structure detected      0  False Path  cfo/estimator/observation_fifo/gnuram_async_fifo.xpm_fifo_base_inst/gen_sdpram.xpm_memory_base_inst/gen_wr_a.gen_word_narrow.mem_reg_0_15_112_125/RAMB_D1/CLK  cfo/estimator/observation_fifo/gnuram_async_fifo.xpm_fifo_base_inst/gen_sdpram.xpm_memory_base_inst/gen_rd_b.doutb_reg_reg[115]/D
101  CDC-15  Warning   Clock enable controlled CDC structure detected      0  False Path  cfo/estimator/observation_fifo/gnuram_async_fifo.xpm_fifo_base_inst/gen_sdpram.xpm_memory_base_inst/gen_wr_a.gen_word_narrow.mem_reg_0_15_112_125/RAMC/CLK     cfo/estimator/observation_fifo/gnuram_async_fifo.xpm_fifo_base_inst/gen_sdpram.xpm_memory_base_inst/gen_rd_b.doutb_reg_reg[116]/D
102  CDC-15  Warning   Clock enable controlled CDC structure detected      0  False Path  cfo/estimator/observation_fifo/gnuram_async_fifo.xpm_fifo_base_inst/gen_sdpram.xpm_memory_base_inst/gen_wr_a.gen_word_narrow.mem_reg_0_15_112_125/RAMC_D1/CLK  cfo/estimator/observation_fifo/gnuram_async_fifo.xpm_fifo_base_inst/gen_sdpram.xpm_memory_base_inst/gen_rd_b.doutb_reg_reg[117]/D
103  CDC-15  Warning   Clock enable controlled CDC structure detected      0  False Path  cfo/estimator/observation_fifo/gnuram_async_fifo.xpm_fifo_base_inst/gen_sdpram.xpm_memory_base_inst/gen_wr_a.gen_word_narrow.mem_reg_0_15_112_125/RAMD/CLK     cfo/estimator/observation_fifo/gnuram_async_fifo.xpm_fifo_base_inst/gen_sdpram.xpm_memory_base_inst/gen_rd_b.doutb_reg_reg[118]/D
104  CDC-15  Warning   Clock enable controlled CDC structure detected      0  False Path  cfo/estimator/observation_fifo/gnuram_async_fifo.xpm_fifo_base_inst/gen_sdpram.xpm_memory_base_inst/gen_wr_a.gen_word_narrow.mem_reg_0_15_112_125/RAMD_D1/CLK  cfo/estimator/observation_fifo/gnuram_async_fifo.xpm_fifo_base_inst/gen_sdpram.xpm_memory_base_inst/gen_rd_b.doutb_reg_reg[119]/D
105  CDC-15  Warning   Clock enable controlled CDC structure detected      0  False Path  cfo/estimator/observation_fifo/gnuram_async_fifo.xpm_fifo_base_inst/gen_sdpram.xpm_memory_base_inst/gen_wr_a.gen_word_narrow.mem_reg_0_15_112_125/RAME/CLK     cfo/estimator/observation_fifo/gnuram_async_fifo.xpm_fifo_base_inst/gen_sdpram.xpm_memory_base_inst/gen_rd_b.doutb_reg_reg[120]/D
106  CDC-15  Warning   Clock enable controlled CDC structure detected      0  False Path  cfo/estimator/observation_fifo/gnuram_async_fifo.xpm_fifo_base_inst/gen_sdpram.xpm_memory_base_inst/gen_wr_a.gen_word_narrow.mem_reg_0_15_112_125/RAME_D1/CLK  cfo/estimator/observation_fifo/gnuram_async_fifo.xpm_fifo_base_inst/gen_sdpram.xpm_memory_base_inst/gen_rd_b.doutb_reg_reg[121]/D
107  CDC-15  Warning   Clock enable controlled CDC structure detected      0  False Path  cfo/estimator/observation_fifo/gnuram_async_fifo.xpm_fifo_base_inst/gen_sdpram.xpm_memory_base_inst/gen_wr_a.gen_word_narrow.mem_reg_0_15_112_125/RAMF/CLK     cfo/estimator/observation_fifo/gnuram_async_fifo.xpm_fifo_base_inst/gen_sdpram.xpm_memory_base_inst/gen_rd_b.doutb_reg_reg[122]/D
108  CDC-15  Warning   Clock enable controlled CDC structure detected      0  False Path  cfo/estimator/observation_fifo/gnuram_async_fifo.xpm_fifo_base_inst/gen_sdpram.xpm_memory_base_inst/gen_wr_a.gen_word_narrow.mem_reg_0_15_112_125/RAMF_D1/CLK  cfo/estimator/observation_fifo/gnuram_async_fifo.xpm_fifo_base_inst/gen_sdpram.xpm_memory_base_inst/gen_rd_b.doutb_reg_reg[123]/D
109  CDC-15  Warning   Clock enable controlled CDC structure detected      0  False Path  cfo/estimator/observation_fifo/gnuram_async_fifo.xpm_fifo_base_inst/gen_sdpram.xpm_memory_base_inst/gen_wr_a.gen_word_narrow.mem_reg_0_15_112_125/RAMG/CLK     cfo/estimator/observation_fifo/gnuram_async_fifo.xpm_fifo_base_inst/gen_sdpram.xpm_memory_base_inst/gen_rd_b.doutb_reg_reg[124]/D
110  CDC-15  Warning   Clock enable controlled CDC structure detected      0  False Path  cfo/estimator/observation_fifo/gnuram_async_fifo.xpm_fifo_base_inst/gen_sdpram.xpm_memory_base_inst/gen_wr_a.gen_word_narrow.mem_reg_0_15_112_125/RAMG_D1/CLK  cfo/estimator/observation_fifo/gnuram_async_fifo.xpm_fifo_base_inst/gen_sdpram.xpm_memory_base_inst/gen_rd_b.doutb_reg_reg[125]/D
111  CDC-15  Warning   Clock enable controlled CDC structure detected      0  False Path  cfo/estimator/observation_fifo/gnuram_async_fifo.xpm_fifo_base_inst/gen_sdpram.xpm_memory_base_inst/gen_wr_a.gen_word_narrow.mem_reg_0_15_126_139/RAMA/CLK     cfo/estimator/observation_fifo/gnuram_async_fifo.xpm_fifo_base_inst/gen_sdpram.xpm_memory_base_inst/gen_rd_b.doutb_reg_reg[126]/D
112  CDC-15  Warning   Clock enable controlled CDC structure detected      0  False Path  cfo/estimator/observation_fifo/gnuram_async_fifo.xpm_fifo_base_inst/gen_sdpram.xpm_memory_base_inst/gen_wr_a.gen_word_narrow.mem_reg_0_15_126_139/RAMA_D1/CLK  cfo/estimator/observation_fifo/gnuram_async_fifo.xpm_fifo_base_inst/gen_sdpram.xpm_memory_base_inst/gen_rd_b.doutb_reg_reg[127]/D
113  CDC-15  Warning   Clock enable controlled CDC structure detected      0  False Path  cfo/estimator/observation_fifo/gnuram_async_fifo.xpm_fifo_base_inst/gen_sdpram.xpm_memory_base_inst/gen_wr_a.gen_word_narrow.mem_reg_0_15_126_139/RAMB/CLK     cfo/estimator/observation_fifo/gnuram_async_fifo.xpm_fifo_base_inst/gen_sdpram.xpm_memory_base_inst/gen_rd_b.doutb_reg_reg[128]/D
114  CDC-15  Warning   Clock enable controlled CDC structure detected      0  False Path  cfo/estimator/observation_fifo/gnuram_async_fifo.xpm_fifo_base_inst/gen_sdpram.xpm_memory_base_inst/gen_wr_a.gen_word_narrow.mem_reg_0_15_126_139/RAMB_D1/CLK  cfo/estimator/observation_fifo/gnuram_async_fifo.xpm_fifo_base_inst/gen_sdpram.xpm_memory_base_inst/gen_rd_b.doutb_reg_reg[129]/D
115  CDC-15  Warning   Clock enable controlled CDC structure detected      0  False Path  cfo/estimator/observation_fifo/gnuram_async_fifo.xpm_fifo_base_inst/gen_sdpram.xpm_memory_base_inst/gen_wr_a.gen_word_narrow.mem_reg_0_15_126_139/RAMC/CLK     cfo/estimator/observation_fifo/gnuram_async_fifo.xpm_fifo_base_inst/gen_sdpram.xpm_memory_base_inst/gen_rd_b.doutb_reg_reg[130]/D
116  CDC-15  Warning   Clock enable controlled CDC structure detected      0  False Path  cfo/estimator/observation_fifo/gnuram_async_fifo.xpm_fifo_base_inst/gen_sdpram.xpm_memory_base_inst/gen_wr_a.gen_word_narrow.mem_reg_0_15_126_139/RAMC_D1/CLK  cfo/estimator/observation_fifo/gnuram_async_fifo.xpm_fifo_base_inst/gen_sdpram.xpm_memory_base_inst/gen_rd_b.doutb_reg_reg[131]/D
117  CDC-15  Warning   Clock enable controlled CDC structure detected      0  False Path  cfo/estimator/observation_fifo/gnuram_async_fifo.xpm_fifo_base_inst/gen_sdpram.xpm_memory_base_inst/gen_wr_a.gen_word_narrow.mem_reg_0_15_126_139/RAMD/CLK     cfo/estimator/observation_fifo/gnuram_async_fifo.xpm_fifo_base_inst/gen_sdpram.xpm_memory_base_inst/gen_rd_b.doutb_reg_reg[132]/D
118  CDC-15  Warning   Clock enable controlled CDC structure detected      0  False Path  cfo/estimator/observation_fifo/gnuram_async_fifo.xpm_fifo_base_inst/gen_sdpram.xpm_memory_base_inst/gen_wr_a.gen_word_narrow.mem_reg_0_15_126_139/RAMD_D1/CLK  cfo/estimator/observation_fifo/gnuram_async_fifo.xpm_fifo_base_inst/gen_sdpram.xpm_memory_base_inst/gen_rd_b.doutb_reg_reg[133]/D
119  CDC-15  Warning   Clock enable controlled CDC structure detected      0  False Path  cfo/estimator/observation_fifo/gnuram_async_fifo.xpm_fifo_base_inst/gen_sdpram.xpm_memory_base_inst/gen_wr_a.gen_word_narrow.mem_reg_0_15_126_139/RAME/CLK     cfo/estimator/observation_fifo/gnuram_async_fifo.xpm_fifo_base_inst/gen_sdpram.xpm_memory_base_inst/gen_rd_b.doutb_reg_reg[134]/D
120  CDC-15  Warning   Clock enable controlled CDC structure detected      0  False Path  cfo/estimator/observation_fifo/gnuram_async_fifo.xpm_fifo_base_inst/gen_sdpram.xpm_memory_base_inst/gen_wr_a.gen_word_narrow.mem_reg_0_15_126_139/RAME_D1/CLK  cfo/estimator/observation_fifo/gnuram_async_fifo.xpm_fifo_base_inst/gen_sdpram.xpm_memory_base_inst/gen_rd_b.doutb_reg_reg[135]/D
121  CDC-15  Warning   Clock enable controlled CDC structure detected      0  False Path  cfo/estimator/observation_fifo/gnuram_async_fifo.xpm_fifo_base_inst/gen_sdpram.xpm_memory_base_inst/gen_wr_a.gen_word_narrow.mem_reg_0_15_126_139/RAMF/CLK     cfo/estimator/observation_fifo/gnuram_async_fifo.xpm_fifo_base_inst/gen_sdpram.xpm_memory_base_inst/gen_rd_b.doutb_reg_reg[136]/D
122  CDC-15  Warning   Clock enable controlled CDC structure detected      0  False Path  cfo/estimator/observation_fifo/gnuram_async_fifo.xpm_fifo_base_inst/gen_sdpram.xpm_memory_base_inst/gen_wr_a.gen_word_narrow.mem_reg_0_15_126_139/RAMF_D1/CLK  cfo/estimator/observation_fifo/gnuram_async_fifo.xpm_fifo_base_inst/gen_sdpram.xpm_memory_base_inst/gen_rd_b.doutb_reg_reg[137]/D
123  CDC-15  Warning   Clock enable controlled CDC structure detected      0  False Path  cfo/estimator/observation_fifo/gnuram_async_fifo.xpm_fifo_base_inst/gen_sdpram.xpm_memory_base_inst/gen_wr_a.gen_word_narrow.mem_reg_0_15_126_139/RAMG/CLK     cfo/estimator/observation_fifo/gnuram_async_fifo.xpm_fifo_base_inst/gen_sdpram.xpm_memory_base_inst/gen_rd_b.doutb_reg_reg[138]/D
124  CDC-15  Warning   Clock enable controlled CDC structure detected      0  False Path  cfo/estimator/observation_fifo/gnuram_async_fifo.xpm_fifo_base_inst/gen_sdpram.xpm_memory_base_inst/gen_wr_a.gen_word_narrow.mem_reg_0_15_126_139/RAMG_D1/CLK  cfo/estimator/observation_fifo/gnuram_async_fifo.xpm_fifo_base_inst/gen_sdpram.xpm_memory_base_inst/gen_rd_b.doutb_reg_reg[139]/D
125  CDC-15  Warning   Clock enable controlled CDC structure detected      0  False Path  cfo/estimator/observation_fifo/gnuram_async_fifo.xpm_fifo_base_inst/gen_sdpram.xpm_memory_base_inst/gen_wr_a.gen_word_narrow.mem_reg_0_15_140_153/RAMA/CLK     cfo/estimator/observation_fifo/gnuram_async_fifo.xpm_fifo_base_inst/gen_sdpram.xpm_memory_base_inst/gen_rd_b.doutb_reg_reg[140]/D
126  CDC-15  Warning   Clock enable controlled CDC structure detected      0  False Path  cfo/estimator/observation_fifo/gnuram_async_fifo.xpm_fifo_base_inst/gen_sdpram.xpm_memory_base_inst/gen_wr_a.gen_word_narrow.mem_reg_0_15_140_153/RAMA_D1/CLK  cfo/estimator/observation_fifo/gnuram_async_fifo.xpm_fifo_base_inst/gen_sdpram.xpm_memory_base_inst/gen_rd_b.doutb_reg_reg[141]/D
127  CDC-15  Warning   Clock enable controlled CDC structure detected      0  False Path  cfo/estimator/observation_fifo/gnuram_async_fifo.xpm_fifo_base_inst/gen_sdpram.xpm_memory_base_inst/gen_wr_a.gen_word_narrow.mem_reg_0_15_140_153/RAMB/CLK     cfo/estimator/observation_fifo/gnuram_async_fifo.xpm_fifo_base_inst/gen_sdpram.xpm_memory_base_inst/gen_rd_b.doutb_reg_reg[142]/D
128  CDC-15  Warning   Clock enable controlled CDC structure detected      0  False Path  cfo/estimator/observation_fifo/gnuram_async_fifo.xpm_fifo_base_inst/gen_sdpram.xpm_memory_base_inst/gen_wr_a.gen_word_narrow.mem_reg_0_15_140_153/RAMB_D1/CLK  cfo/estimator/observation_fifo/gnuram_async_fifo.xpm_fifo_base_inst/gen_sdpram.xpm_memory_base_inst/gen_rd_b.doutb_reg_reg[143]/D
129  CDC-15  Warning   Clock enable controlled CDC structure detected      0  False Path  cfo/estimator/observation_fifo/gnuram_async_fifo.xpm_fifo_base_inst/gen_sdpram.xpm_memory_base_inst/gen_wr_a.gen_word_narrow.mem_reg_0_15_140_153/RAMC/CLK     cfo/estimator/observation_fifo/gnuram_async_fifo.xpm_fifo_base_inst/gen_sdpram.xpm_memory_base_inst/gen_rd_b.doutb_reg_reg[144]/D
130  CDC-15  Warning   Clock enable controlled CDC structure detected      0  False Path  cfo/estimator/observation_fifo/gnuram_async_fifo.xpm_fifo_base_inst/gen_sdpram.xpm_memory_base_inst/gen_wr_a.gen_word_narrow.mem_reg_0_15_140_153/RAMC_D1/CLK  cfo/estimator/observation_fifo/gnuram_async_fifo.xpm_fifo_base_inst/gen_sdpram.xpm_memory_base_inst/gen_rd_b.doutb_reg_reg[145]/D
131  CDC-15  Warning   Clock enable controlled CDC structure detected      0  False Path  cfo/estimator/observation_fifo/gnuram_async_fifo.xpm_fifo_base_inst/gen_sdpram.xpm_memory_base_inst/gen_wr_a.gen_word_narrow.mem_reg_0_15_140_153/RAMD/CLK     cfo/estimator/observation_fifo/gnuram_async_fifo.xpm_fifo_base_inst/gen_sdpram.xpm_memory_base_inst/gen_rd_b.doutb_reg_reg[146]/D
132  CDC-15  Warning   Clock enable controlled CDC structure detected      0  False Path  cfo/estimator/observation_fifo/gnuram_async_fifo.xpm_fifo_base_inst/gen_sdpram.xpm_memory_base_inst/gen_wr_a.gen_word_narrow.mem_reg_0_15_140_153/RAMD_D1/CLK  cfo/estimator/observation_fifo/gnuram_async_fifo.xpm_fifo_base_inst/gen_sdpram.xpm_memory_base_inst/gen_rd_b.doutb_reg_reg[147]/D
133  CDC-15  Warning   Clock enable controlled CDC structure detected      0  False Path  cfo/estimator/observation_fifo/gnuram_async_fifo.xpm_fifo_base_inst/gen_sdpram.xpm_memory_base_inst/gen_wr_a.gen_word_narrow.mem_reg_0_15_140_153/RAME/CLK     cfo/estimator/observation_fifo/gnuram_async_fifo.xpm_fifo_base_inst/gen_sdpram.xpm_memory_base_inst/gen_rd_b.doutb_reg_reg[148]/D
134  CDC-15  Warning   Clock enable controlled CDC structure detected      0  False Path  cfo/estimator/observation_fifo/gnuram_async_fifo.xpm_fifo_base_inst/gen_sdpram.xpm_memory_base_inst/gen_wr_a.gen_word_narrow.mem_reg_0_15_140_153/RAME_D1/CLK  cfo/estimator/observation_fifo/gnuram_async_fifo.xpm_fifo_base_inst/gen_sdpram.xpm_memory_base_inst/gen_rd_b.doutb_reg_reg[149]/D
135  CDC-15  Warning   Clock enable controlled CDC structure detected      0  False Path  cfo/estimator/observation_fifo/gnuram_async_fifo.xpm_fifo_base_inst/gen_sdpram.xpm_memory_base_inst/gen_wr_a.gen_word_narrow.mem_reg_0_15_140_153/RAMF/CLK     cfo/estimator/observation_fifo/gnuram_async_fifo.xpm_fifo_base_inst/gen_sdpram.xpm_memory_base_inst/gen_rd_b.doutb_reg_reg[150]/D
136  CDC-15  Warning   Clock enable controlled CDC structure detected      0  False Path  cfo/estimator/observation_fifo/gnuram_async_fifo.xpm_fifo_base_inst/gen_sdpram.xpm_memory_base_inst/gen_wr_a.gen_word_narrow.mem_reg_0_15_140_153/RAMF_D1/CLK  cfo/estimator/observation_fifo/gnuram_async_fifo.xpm_fifo_base_inst/gen_sdpram.xpm_memory_base_inst/gen_rd_b.doutb_reg_reg[151]/D
137  CDC-15  Warning   Clock enable controlled CDC structure detected      0  False Path  cfo/estimator/observation_fifo/gnuram_async_fifo.xpm_fifo_base_inst/gen_sdpram.xpm_memory_base_inst/gen_wr_a.gen_word_narrow.mem_reg_0_15_140_153/RAMG/CLK     cfo/estimator/observation_fifo/gnuram_async_fifo.xpm_fifo_base_inst/gen_sdpram.xpm_memory_base_inst/gen_rd_b.doutb_reg_reg[152]/D
138  CDC-15  Warning   Clock enable controlled CDC structure detected      0  False Path  cfo/estimator/observation_fifo/gnuram_async_fifo.xpm_fifo_base_inst/gen_sdpram.xpm_memory_base_inst/gen_wr_a.gen_word_narrow.mem_reg_0_15_140_153/RAMG_D1/CLK  cfo/estimator/observation_fifo/gnuram_async_fifo.xpm_fifo_base_inst/gen_sdpram.xpm_memory_base_inst/gen_rd_b.doutb_reg_reg[153]/D
139  CDC-15  Warning   Clock enable controlled CDC structure detected      0  False Path  cfo/estimator/observation_fifo/gnuram_async_fifo.xpm_fifo_base_inst/gen_sdpram.xpm_memory_base_inst/gen_wr_a.gen_word_narrow.mem_reg_0_15_154_167/RAMA/CLK     cfo/estimator/observation_fifo/gnuram_async_fifo.xpm_fifo_base_inst/gen_sdpram.xpm_memory_base_inst/gen_rd_b.doutb_reg_reg[154]/D
140  CDC-15  Warning   Clock enable controlled CDC structure detected      0  False Path  cfo/estimator/observation_fifo/gnuram_async_fifo.xpm_fifo_base_inst/gen_sdpram.xpm_memory_base_inst/gen_wr_a.gen_word_narrow.mem_reg_0_15_154_167/RAMA_D1/CLK  cfo/estimator/observation_fifo/gnuram_async_fifo.xpm_fifo_base_inst/gen_sdpram.xpm_memory_base_inst/gen_rd_b.doutb_reg_reg[155]/D
141  CDC-15  Warning   Clock enable controlled CDC structure detected      0  False Path  cfo/estimator/observation_fifo/gnuram_async_fifo.xpm_fifo_base_inst/gen_sdpram.xpm_memory_base_inst/gen_wr_a.gen_word_narrow.mem_reg_0_15_154_167/RAMB/CLK     cfo/estimator/observation_fifo/gnuram_async_fifo.xpm_fifo_base_inst/gen_sdpram.xpm_memory_base_inst/gen_rd_b.doutb_reg_reg[156]/D
142  CDC-15  Warning   Clock enable controlled CDC structure detected      0  False Path  cfo/estimator/observation_fifo/gnuram_async_fifo.xpm_fifo_base_inst/gen_sdpram.xpm_memory_base_inst/gen_wr_a.gen_word_narrow.mem_reg_0_15_154_167/RAMB_D1/CLK  cfo/estimator/observation_fifo/gnuram_async_fifo.xpm_fifo_base_inst/gen_sdpram.xpm_memory_base_inst/gen_rd_b.doutb_reg_reg[157]/D
143  CDC-15  Warning   Clock enable controlled CDC structure detected      0  False Path  cfo/estimator/observation_fifo/gnuram_async_fifo.xpm_fifo_base_inst/gen_sdpram.xpm_memory_base_inst/gen_wr_a.gen_word_narrow.mem_reg_0_15_154_167/RAMC/CLK     cfo/estimator/observation_fifo/gnuram_async_fifo.xpm_fifo_base_inst/gen_sdpram.xpm_memory_base_inst/gen_rd_b.doutb_reg_reg[158]/D
144  CDC-15  Warning   Clock enable controlled CDC structure detected      0  False Path  cfo/estimator/observation_fifo/gnuram_async_fifo.xpm_fifo_base_inst/gen_sdpram.xpm_memory_base_inst/gen_wr_a.gen_word_narrow.mem_reg_0_15_154_167/RAMC_D1/CLK  cfo/estimator/observation_fifo/gnuram_async_fifo.xpm_fifo_base_inst/gen_sdpram.xpm_memory_base_inst/gen_rd_b.doutb_reg_reg[159]/D
145  CDC-15  Warning   Clock enable controlled CDC structure detected      0  False Path  cfo/estimator/observation_fifo/gnuram_async_fifo.xpm_fifo_base_inst/gen_sdpram.xpm_memory_base_inst/gen_wr_a.gen_word_narrow.mem_reg_0_15_154_167/RAMD/CLK     cfo/estimator/observation_fifo/gnuram_async_fifo.xpm_fifo_base_inst/gen_sdpram.xpm_memory_base_inst/gen_rd_b.doutb_reg_reg[160]/D
146  CDC-15  Warning   Clock enable controlled CDC structure detected      0  False Path  cfo/estimator/observation_fifo/gnuram_async_fifo.xpm_fifo_base_inst/gen_sdpram.xpm_memory_base_inst/gen_wr_a.gen_word_narrow.mem_reg_0_15_154_167/RAMD_D1/CLK  cfo/estimator/observation_fifo/gnuram_async_fifo.xpm_fifo_base_inst/gen_sdpram.xpm_memory_base_inst/gen_rd_b.doutb_reg_reg[161]/D
147  CDC-15  Warning   Clock enable controlled CDC structure detected      0  False Path  cfo/estimator/observation_fifo/gnuram_async_fifo.xpm_fifo_base_inst/gen_sdpram.xpm_memory_base_inst/gen_wr_a.gen_word_narrow.mem_reg_0_15_154_167/RAME/CLK     cfo/estimator/observation_fifo/gnuram_async_fifo.xpm_fifo_base_inst/gen_sdpram.xpm_memory_base_inst/gen_rd_b.doutb_reg_reg[162]/D
148  CDC-15  Warning   Clock enable controlled CDC structure detected      0  False Path  cfo/estimator/observation_fifo/gnuram_async_fifo.xpm_fifo_base_inst/gen_sdpram.xpm_memory_base_inst/gen_wr_a.gen_word_narrow.mem_reg_0_15_154_167/RAME_D1/CLK  cfo/estimator/observation_fifo/gnuram_async_fifo.xpm_fifo_base_inst/gen_sdpram.xpm_memory_base_inst/gen_rd_b.doutb_reg_reg[163]/D
149  CDC-15  Warning   Clock enable controlled CDC structure detected      0  False Path  cfo/estimator/observation_fifo/gnuram_async_fifo.xpm_fifo_base_inst/gen_sdpram.xpm_memory_base_inst/gen_wr_a.gen_word_narrow.mem_reg_0_15_154_167/RAMF/CLK     cfo/estimator/observation_fifo/gnuram_async_fifo.xpm_fifo_base_inst/gen_sdpram.xpm_memory_base_inst/gen_rd_b.doutb_reg_reg[164]/D
150  CDC-15  Warning   Clock enable controlled CDC structure detected      0  False Path  cfo/estimator/observation_fifo/gnuram_async_fifo.xpm_fifo_base_inst/gen_sdpram.xpm_memory_base_inst/gen_wr_a.gen_word_narrow.mem_reg_0_15_154_167/RAMF_D1/CLK  cfo/estimator/observation_fifo/gnuram_async_fifo.xpm_fifo_base_inst/gen_sdpram.xpm_memory_base_inst/gen_rd_b.doutb_reg_reg[165]/D
151  CDC-15  Warning   Clock enable controlled CDC structure detected      0  False Path  cfo/estimator/observation_fifo/gnuram_async_fifo.xpm_fifo_base_inst/gen_sdpram.xpm_memory_base_inst/gen_wr_a.gen_word_narrow.mem_reg_0_15_154_167/RAMG/CLK     cfo/estimator/observation_fifo/gnuram_async_fifo.xpm_fifo_base_inst/gen_sdpram.xpm_memory_base_inst/gen_rd_b.doutb_reg_reg[166]/D
152  CDC-15  Warning   Clock enable controlled CDC structure detected      0  False Path  cfo/estimator/observation_fifo/gnuram_async_fifo.xpm_fifo_base_inst/gen_sdpram.xpm_memory_base_inst/gen_wr_a.gen_word_narrow.mem_reg_0_15_154_167/RAMG_D1/CLK  cfo/estimator/observation_fifo/gnuram_async_fifo.xpm_fifo_base_inst/gen_sdpram.xpm_memory_base_inst/gen_rd_b.doutb_reg_reg[167]/D
153  CDC-15  Warning   Clock enable controlled CDC structure detected      0  False Path  cfo/estimator/observation_fifo/gnuram_async_fifo.xpm_fifo_base_inst/gen_sdpram.xpm_memory_base_inst/gen_wr_a.gen_word_narrow.mem_reg_0_15_168_170/RAMA/CLK     cfo/estimator/observation_fifo/gnuram_async_fifo.xpm_fifo_base_inst/gen_sdpram.xpm_memory_base_inst/gen_rd_b.doutb_reg_reg[168]/D
154  CDC-15  Warning   Clock enable controlled CDC structure detected      0  False Path  cfo/estimator/observation_fifo/gnuram_async_fifo.xpm_fifo_base_inst/gen_sdpram.xpm_memory_base_inst/gen_wr_a.gen_word_narrow.mem_reg_0_15_168_170/RAMA_D1/CLK  cfo/estimator/observation_fifo/gnuram_async_fifo.xpm_fifo_base_inst/gen_sdpram.xpm_memory_base_inst/gen_rd_b.doutb_reg_reg[169]/D
155  CDC-15  Warning   Clock enable controlled CDC structure detected      0  False Path  cfo/estimator/observation_fifo/gnuram_async_fifo.xpm_fifo_base_inst/gen_sdpram.xpm_memory_base_inst/gen_wr_a.gen_word_narrow.mem_reg_0_15_168_170/RAMB/CLK     cfo/estimator/observation_fifo/gnuram_async_fifo.xpm_fifo_base_inst/gen_sdpram.xpm_memory_base_inst/gen_rd_b.doutb_reg_reg[170]/D
156  CDC-3   Info      1-bit synchronized with ASYNC_REG property          2  False Path  cfo/estimator/observation_fifo/gnuram_async_fifo.xpm_fifo_base_inst/xpm_fifo_rst_inst/gen_rst_ic.fifo_wr_rst_ic_reg/C                                          cfo/estimator/observation_fifo/gnuram_async_fifo.xpm_fifo_base_inst/xpm_fifo_rst_inst/gen_rst_ic.wrst_rd_inst/syncstages_ff_reg[0]/D
157  CDC-3   Info      1-bit synchronized with ASYNC_REG property          2  False Path  cfo/estimator/fifo_reset_done_reg/C                                                                                                                            cfo/estimator/reset_done_to_slow/syncstages_ff_reg[0]/D
158  CDC-3   Info      1-bit synchronized with ASYNC_REG property          2  False Path  cfo/windows/complete_windows/fifo/gnuram_async_fifo.xpm_fifo_base_inst/xpm_fifo_rst_inst/gen_rst_ic.fifo_rd_rst_ic_reg/C                                       cfo/windows/complete_windows/fifo/gnuram_async_fifo.xpm_fifo_base_inst/xpm_fifo_rst_inst/gen_rst_ic.rrst_wr_inst/syncstages_ff_reg[0]/D
159  CDC-3   Info      1-bit synchronized with ASYNC_REG property          2  False Path  cfo/windows/complete_windows/reader_ready_reg/C                                                                                                                cfo/windows/complete_windows/ready_to_writer/syncstages_ff_reg[0]/D
160  CDC-3   Info      1-bit synchronized with ASYNC_REG property          4  False Path  cfo/windows/fault_sync/src_ff_reg/C                                                                                                                            cfo/windows/fault_sync/syncstages_ff_reg[0]/D
161  CDC-3   Info      1-bit synchronized with ASYNC_REG property          2  False Path  cfo/windows/packed_windows/fifo/gnuram_async_fifo.xpm_fifo_base_inst/xpm_fifo_rst_inst/gen_rst_ic.fifo_rd_rst_ic_reg_replica/C                                 cfo/windows/packed_windows/fifo/gnuram_async_fifo.xpm_fifo_base_inst/xpm_fifo_rst_inst/gen_rst_ic.rrst_wr_inst/syncstages_ff_reg[0]/D
162  CDC-3   Info      1-bit synchronized with ASYNC_REG property          2  False Path  cfo/windows/packed_windows/reader_ready_reg/C                                                                                                                  cfo/windows/packed_windows/ready_to_writer/syncstages_ff_reg[0]/D
163  CDC-3   Info      1-bit synchronized with ASYNC_REG property          2  False Path  cfo/windows/window_credits/complete_reg/C                                                                                                                      cfo/windows/window_credits/completed_to_reader/syncstages_ff_reg[0]/D
164  CDC-3   Info      1-bit synchronized with ASYNC_REG property          2  False Path  cfo/windows/window_credits/fifo/gnuram_async_fifo.xpm_fifo_base_inst/xpm_fifo_rst_inst/gen_rst_ic.fifo_wr_rst_ic_reg/C                                         cfo/windows/window_credits/fifo/gnuram_async_fifo.xpm_fifo_base_inst/xpm_fifo_rst_inst/gen_rst_ic.wrst_rd_inst/syncstages_ff_reg[0]/D

Source Clock: input port clock
Destination Clock: clk150
CDC Type: No Common Primary Clock

Row  ID      Severity  Description                                              Depth  Exception   Source (From)  Destination (To)
---  ------  --------  -------------------------------------------------------  -----  ----------  -------------  ----------------------------------------------------------------------------------------------------
  1  CDC-9   Info      Asynchronous reset synchronized with ASYNC_REG property      4  False Path  reset_request  cfo/estimator/reset_slow_sync/arststages_ff_reg[0]/PRE
  2  CDC-26  Warning   LUTRAM read/write potential collision                        0  False Path  reset_request  cfo/reset_slow/sync_reset/arststages_ff_reg[0]/PRE
  3  CDC-26  Warning   LUTRAM read/write potential collision                        0  False Path  reset_request  cfo/windows/complete_windows/wr_reset/arststages_ff_reg[0]/PRE
  4  CDC-26  Warning   LUTRAM read/write potential collision                        0  False Path  reset_request  cfo/windows/packed_windows/wr_reset/arststages_ff_reg[0]/PRE
  5  CDC-26  Warning   LUTRAM read/write potential collision                        0  False Path  reset_request  cfo/windows/reset_slow/sync_reset/arststages_ff_reg[0]/PRE
  6  CDC-26  Warning   LUTRAM read/write potential collision                        0  False Path  reset_request  cfo/windows/window_credits/rd_reset/arststages_ff_reg[0]/PRE
  7  CDC-26  Warning   LUTRAM read/write potential collision                        0  False Path  reset_request  completions/write_reset_sync/syncstages_ff_reg[0]/D
  8  CDC-26  Warning   LUTRAM read/write potential collision                        0  False Path  reset_request  metadata/read_reset_sync/syncstages_ff_reg[0]/D
  9  CDC-26  Warning   LUTRAM read/write potential collision                        0  False Path  reset_request  reset_b/sync_reset/arststages_ff_reg[0]/PRE
 10  CDC-26  Warning   LUTRAM read/write potential collision                        0  False Path  reset_request  sfo/two_pass_transport/initial_context_cdc/read_reset_sync/syncstages_ff_reg[0]/D
 11  CDC-26  Warning   LUTRAM read/write potential collision                        0  False Path  reset_request  sfo/two_pass_transport/progressive_cdc.progress/write_reset_sync/syncstages_ff_reg[0]/D
 12  CDC-26  Warning   LUTRAM read/write potential collision                        0  False Path  reset_request  sfo/two_pass_transport/reset_150/sync_reset/arststages_ff_reg[0]/PRE
 13  CDC-26  Warning   LUTRAM read/write potential collision                        0  False Path  reset_request  sfo/two_pass_transport/residual_config_cdc/write_reset_sync/syncstages_ff_reg[0]/D
 14  CDC-26  Warning   LUTRAM read/write potential collision                        0  False Path  reset_request  sfo/two_pass_transport/residual_data_cdc/write_reset_sync/syncstages_ff_reg[0]/D
 15  CDC-26  Warning   LUTRAM read/write potential collision                        0  False Path  reset_request  sfo/two_pass_transport/residual_request_cdc/read_reset_sync/syncstages_ff_reg[0]/D
 16  CDC-26  Warning   LUTRAM read/write potential collision                        0  False Path  reset_request  sfo/two_pass_transport/residual_result_cdc/read_reset_sync/syncstages_ff_reg[0]/D
 17  CDC-26  Warning   LUTRAM read/write potential collision                        0  False Path  reset_request  sfo/two_pass_transport/shared_raw.hub/events_cdc/read_reset_sync/syncstages_ff_reg[0]/D
 18  CDC-26  Warning   LUTRAM read/write potential collision                        0  False Path  reset_request  sfo/two_pass_transport/shared_raw.hub/raw_cdc/read_reset_sync/syncstages_ff_reg[0]/D
 19  CDC-26  Warning   LUTRAM read/write potential collision                        0  False Path  reset_request  sfo/two_pass_transport/shared_raw.hub/reset_b/sync_reset/arststages_ff_reg[0]/PRE
 20  CDC-26  Warning   LUTRAM read/write potential collision                        0  False Path  reset_request  sfo/two_pass_transport/shared_raw.hub/training_configuration/write_reset_sync/syncstages_ff_reg[0]/D
 21  CDC-26  Warning   LUTRAM read/write potential collision                        0  False Path  reset_request  sfo/two_pass_transport/shared_raw.hub/training_data/write_reset_sync/syncstages_ff_reg[0]/D
 22  CDC-26  Warning   LUTRAM read/write potential collision                        0  False Path  reset_request  sfo/two_pass_transport/shared_raw.hub/training_release/read_reset_sync/syncstages_ff_reg[0]/D

Source Clock: clk125
Destination Clock: clk500
CDC Type: No Common Primary Clock

Row  ID     Severity  Description                                 Depth  Exception   Source (From)                                                                                                                                          Destination (To)
---  -----  --------  ------------------------------------------  -----  ----------  -----------------------------------------------------------------------------------------------------------------------------------------------------  --------------------------------------------------------------------------------------------------------------------------------------------------------------------
  1  CDC-3  Info      1-bit synchronized with ASYNC_REG property      4  False Path  sfo/initial_estimator/owner/fft/reset_source125_reg/C                                                                                                  sfo/initial_estimator/owner/fft/reset_sync500/syncstages_ff_reg[0]/D
  2  CDC-3  Info      1-bit synchronized with ASYNC_REG property      2  False Path  sfo/initial_estimator/owner/fft/u_egress_fifo/gnuram_async_fifo.xpm_fifo_base_inst/xpm_fifo_rst_inst/gen_rst_ic.fifo_rd_rst_ic_reg/C                   sfo/initial_estimator/owner/fft/u_egress_fifo/gnuram_async_fifo.xpm_fifo_base_inst/xpm_fifo_rst_inst/gen_rst_ic.rrst_wr_inst/syncstages_ff_reg[0]/D
  3  CDC-3  Info      1-bit synchronized with ASYNC_REG property      2  False Path  sfo/initial_estimator/owner/fft/u_ingress_fifo/gnuram_async_fifo.xpm_fifo_base_inst/xpm_fifo_rst_inst/gen_rst_ic.fifo_wr_rst_ic_reg/C                  sfo/initial_estimator/owner/fft/u_ingress_fifo/gnuram_async_fifo.xpm_fifo_base_inst/xpm_fifo_rst_inst/gen_rst_ic.wrst_rd_inst/syncstages_ff_reg[0]/D
  4  CDC-3  Info      1-bit synchronized with ASYNC_REG property      4  False Path  sfo/residual_estimator/aux_service/reset_source125_reg/C                                                                                               sfo/residual_estimator/aux_service/reset_sync500/syncstages_ff_reg[0]/D
  5  CDC-3  Info      1-bit synchronized with ASYNC_REG property      2  False Path  sfo/residual_estimator/aux_service/u_egress_fifo/gnuram_async_fifo.xpm_fifo_base_inst/xpm_fifo_rst_inst/gen_rst_ic.fifo_rd_rst_ic_reg/C                sfo/residual_estimator/aux_service/u_egress_fifo/gnuram_async_fifo.xpm_fifo_base_inst/xpm_fifo_rst_inst/gen_rst_ic.rrst_wr_inst/syncstages_ff_reg[0]/D
  6  CDC-3  Info      1-bit synchronized with ASYNC_REG property      2  False Path  sfo/residual_estimator/aux_service/u_ingress_fifo/gnuram_async_fifo.xpm_fifo_base_inst/xpm_fifo_rst_inst/gen_rst_ic.fifo_wr_rst_ic_reg/C               sfo/residual_estimator/aux_service/u_ingress_fifo/gnuram_async_fifo.xpm_fifo_base_inst/xpm_fifo_rst_inst/gen_rst_ic.wrst_rd_inst/syncstages_ff_reg[0]/D
  7  CDC-3  Info      1-bit synchronized with ASYNC_REG property      4  False Path  sfo/residual_estimator/front_stage/main/service/reset_source125_reg/C                                                                                  sfo/residual_estimator/front_stage/main/service/reset_sync500/syncstages_ff_reg[0]/D
  8  CDC-3  Info      1-bit synchronized with ASYNC_REG property      2  False Path  sfo/residual_estimator/front_stage/main/service/u_egress_fifo/gnuram_async_fifo.xpm_fifo_base_inst/xpm_fifo_rst_inst/gen_rst_ic.fifo_rd_rst_ic_reg/C   sfo/residual_estimator/front_stage/main/service/u_egress_fifo/gnuram_async_fifo.xpm_fifo_base_inst/xpm_fifo_rst_inst/gen_rst_ic.rrst_wr_inst/syncstages_ff_reg[0]/D
  9  CDC-3  Info      1-bit synchronized with ASYNC_REG property      2  False Path  sfo/residual_estimator/front_stage/main/service/u_ingress_fifo/gnuram_async_fifo.xpm_fifo_base_inst/xpm_fifo_rst_inst/gen_rst_ic.fifo_wr_rst_ic_reg/C  sfo/residual_estimator/front_stage/main/service/u_ingress_fifo/gnuram_async_fifo.xpm_fifo_base_inst/xpm_fifo_rst_inst/gen_rst_ic.wrst_rd_inst/syncstages_ff_reg[0]/D

Source Clock: clk150
Destination Clock: clk500
CDC Type: No Common Primary Clock

Row  ID      Severity  Description                                         Depth  Exception   Source (From)                                                                                                             Destination (To)
---  ------  --------  --------------------------------------------------  -----  ----------  ------------------------------------------------------------------------------------------------------------------------  ---------------------------------------------------------------------------------------------------------------------------------------
  1  CDC-3   Info      1-bit synchronized with ASYNC_REG property              2  False Path  cfo/estimator/done_toggle_reg/C                                                                                           cfo/estimator/credit_return/syncstages_ff_reg[0]/D
  2  CDC-3   Info      1-bit synchronized with ASYNC_REG property              2  False Path  cfo/estimator/observation_fifo/gnuram_async_fifo.xpm_fifo_base_inst/xpm_fifo_rst_inst/gen_rst_ic.fifo_rd_rst_ic_reg/C     cfo/estimator/observation_fifo/gnuram_async_fifo.xpm_fifo_base_inst/xpm_fifo_rst_inst/gen_rst_ic.rrst_wr_inst/syncstages_ff_reg[0]/D
  3  CDC-10  Critical  Combinational logic detected before a synchronizer      4  False Path  cfo/compute_cancel_reg/C                                                                                                  cfo/estimator/reset_fast_sync/arststages_ff_reg[0]/PRE
  4  CDC-3   Info      1-bit synchronized with ASYNC_REG property              2  False Path  cfo/estimator/slow_reset_ready_reg/C                                                                                      cfo/estimator/reset_ready_to_fast/syncstages_ff_reg[0]/D
  5  CDC-10  Critical  Combinational logic detected before a synchronizer      4  False Path  cfo/compute_cancel_reg/C                                                                                                  cfo/reset_fast/arststages_ff_reg[0]/PRE
  6  CDC-3   Info      1-bit synchronized with ASYNC_REG property              2  False Path  cfo/windows/complete_windows/complete_reg/C                                                                               cfo/windows/complete_windows/completed_to_reader/syncstages_ff_reg[0]/D
  7  CDC-3   Info      1-bit synchronized with ASYNC_REG property              2  False Path  cfo/windows/complete_windows/fifo/gnuram_async_fifo.xpm_fifo_base_inst/xpm_fifo_rst_inst/gen_rst_ic.fifo_wr_rst_ic_reg/C  cfo/windows/complete_windows/fifo/gnuram_async_fifo.xpm_fifo_base_inst/xpm_fifo_rst_inst/gen_rst_ic.wrst_rd_inst/syncstages_ff_reg[0]/D
  8  CDC-3   Info      1-bit synchronized with ASYNC_REG property              2  False Path  cfo/windows/packed_windows/complete_reg/C                                                                                 cfo/windows/packed_windows/completed_to_reader/syncstages_ff_reg[0]/D
  9  CDC-3   Info      1-bit synchronized with ASYNC_REG property              2  False Path  cfo/windows/packed_windows/fifo/gnuram_async_fifo.xpm_fifo_base_inst/xpm_fifo_rst_inst/gen_rst_ic.fifo_wr_rst_ic_reg/C    cfo/windows/packed_windows/fifo/gnuram_async_fifo.xpm_fifo_base_inst/xpm_fifo_rst_inst/gen_rst_ic.wrst_rd_inst/syncstages_ff_reg[0]/D
 10  CDC-3   Info      1-bit synchronized with ASYNC_REG property              4  False Path  cfo/windows/poison_sync/src_ff_reg/C                                                                                      cfo/windows/poison_sync/syncstages_ff_reg[0]/D
 11  CDC-3   Info      1-bit synchronized with ASYNC_REG property              2  False Path  cfo/windows/window_credits/fifo/gnuram_async_fifo.xpm_fifo_base_inst/xpm_fifo_rst_inst/gen_rst_ic.fifo_rd_rst_ic_reg/C    cfo/windows/window_credits/fifo/gnuram_async_fifo.xpm_fifo_base_inst/xpm_fifo_rst_inst/gen_rst_ic.rrst_wr_inst/syncstages_ff_reg[0]/D
 12  CDC-3   Info      1-bit synchronized with ASYNC_REG property              2  False Path  cfo/windows/window_credits/reader_ready_reg/C                                                                             cfo/windows/window_credits/ready_to_writer/syncstages_ff_reg[0]/D

Source Clock: input port clock
Destination Clock: clk500
CDC Type: No Common Primary Clock

Row  ID      Severity  Description                                              Depth  Exception   Source (From)  Destination (To)
---  ------  --------  -------------------------------------------------------  -----  ----------  -------------  --------------------------------------------------------------
  1  CDC-9   Info      Asynchronous reset synchronized with ASYNC_REG property      4  False Path  reset_request  cfo/estimator/reset_fast_sync/arststages_ff_reg[0]/PRE
  2  CDC-9   Info      Asynchronous reset synchronized with ASYNC_REG property      4  False Path  reset_request  cfo/reset_fast/arststages_ff_reg[0]/PRE
  3  CDC-26  Warning   LUTRAM read/write potential collision                        0  False Path  reset_request  cfo/windows/complete_windows/rd_reset/arststages_ff_reg[0]/PRE
  4  CDC-26  Warning   LUTRAM read/write potential collision                        0  False Path  reset_request  cfo/windows/packed_windows/rd_reset/arststages_ff_reg[0]/PRE
  5  CDC-26  Warning   LUTRAM read/write potential collision                        0  False Path  reset_request  cfo/windows/reset_fast/sync_reset/arststages_ff_reg[0]/PRE
  6  CDC-26  Warning   LUTRAM read/write potential collision                        0  False Path  reset_request  cfo/windows/window_credits/wr_reset/arststages_ff_reg[0]/PRE

