"GROUP","SLACK","REQUIREMENT","STARTPOINT_PIN","ENDPOINT_PIN","STARTPOINT_CLOCK","ENDPOINT_CLOCK","DATAPATH_DELAY","LOGIC_LEVELS","SKEW","UNCERTAINTY"
"clk150","-0.766","6.667","sfo/two_pass_transport/intermediate[0].intermediate_bank/write_gen_reg[17]/C","sfo/two_pass_transport/intermediate[0].intermediate_bank/memory/u_frame_memory/xpm_memory_base_inst/gen_wr_a.gen_word_narrow.mem_reg_uram_97/CAS_IN_BWE_B[6]","clk150","clk150","7.084","13","0.035","0.035"
"clk500","-0.727","2.000","cfo/observation_front/fft_core/add_q6_reg[6]/C","cfo/observation_front/fft_core/bank0_reg_bram_0/DINADIN[17]","clk500","clk500","2.432","7","0.009","0.035"
"clk500","-0.720","2.000","cfo/observation_front/fft_core/m_generation_reg[9]/C","cfo/observation_front/fft_core/stage_index_reg[1]/CE","clk500","clk500","2.615","6","-0.010","0.035"
"clk500","-0.720","2.000","cfo/observation_front/fft_core/m_generation_reg[9]/C","cfo/observation_front/fft_core/half_span_reg[0]/CE","clk500","clk500","2.616","6","-0.010","0.035"
"clk500","-0.720","2.000","cfo/observation_front/fft_core/m_generation_reg[9]/C","cfo/observation_front/fft_core/stage_index_reg[2]/CE","clk500","clk500","2.616","6","-0.010","0.035"
"clk500","-0.717","2.000","cfo/observation_front/fft_core/m_generation_reg[9]/C","cfo/observation_front/fft_core/tw_stride_reg[3]/CE","clk500","clk500","2.613","6","-0.010","0.035"
"clk150","-0.709","6.667","sfo/two_pass_transport/intermediate[0].intermediate_bank/write_gen_reg[17]/C","sfo/two_pass_transport/intermediate[0].intermediate_bank/memory/u_frame_memory/xpm_memory_base_inst/gen_wr_a.gen_word_narrow.mem_reg_uram_97/CAS_IN_BWE_B[4]","clk150","clk150","6.973","13","0.035","0.035"
"clk500","-0.705","2.000","cfo/observation_front/fft_core/m_generation_reg[9]/C","cfo/observation_front/fft_core/tw_index_reg_rep/ENARDEN","clk500","clk500","2.337","6","0.009","0.035"
"clk500","-0.704","2.000","cfo/observation_front/fft_core/m_generation_reg[9]/C","cfo/observation_front/fft_core/stage_index_reg[0]/CE","clk500","clk500","2.599","6","-0.010","0.035"
"clk500","-0.704","2.000","cfo/observation_front/fft_core/m_generation_reg[9]/C","cfo/observation_front/fft_core/stage_index_reg[3]/CE","clk500","clk500","2.599","6","-0.010","0.035"
"clk150","-0.703","6.667","sfo/two_pass_transport/intermediate[0].intermediate_bank/write_gen_reg[17]/C","sfo/two_pass_transport/intermediate[0].intermediate_bank/memory/u_frame_memory/xpm_memory_base_inst/gen_wr_a.gen_word_narrow.mem_reg_uram_97/CAS_IN_BWE_B[2]","clk150","clk150","7.064","13","0.035","0.035"
"clk150","-0.702","6.667","sfo/two_pass_transport/intermediate[0].intermediate_bank/write_gen_reg[17]/C","sfo/two_pass_transport/intermediate[0].intermediate_bank/memory/u_frame_memory/xpm_memory_base_inst/gen_wr_a.gen_word_narrow.mem_reg_uram_121/CAS_IN_BWE_B[6]","clk150","clk150","7.020","13","0.035","0.035"
"clk500","-0.701","2.000","cfo/observation_front/fft_core/sub_i6_reg[4]/C","cfo/observation_front/fft_core/bank0_reg_bram_0/DINADIN[27]","clk500","clk500","2.415","8","0.010","0.035"
"clk500","-0.701","2.000","cfo/observation_front/fft_core/add_q6_reg[6]/C","cfo/observation_front/fft_core/bank0_reg_bram_0/DINADIN[24]","clk500","clk500","2.410","8","0.009","0.035"
"clk500","-0.698","2.000","cfo/observation_front/fft_core/add_q6_reg[6]/C","cfo/observation_front/fft_core/bank0_reg_bram_0/DINADIN[19]","clk500","clk500","2.436","7","0.009","0.035"
"clk500","-0.695","2.000","cfo/observation_front/fft_core/sub_q6_reg[0]/C","cfo/observation_front/fft_core/m_saturations_reg[14]/D","clk500","clk500","2.678","12","-0.007","0.035"
"clk500","-0.693","2.000","cfo/observation_front/fft_core/add_q6_reg[6]/C","cfo/observation_front/fft_core/bank0_reg_bram_0/DINADIN[6]","clk500","clk500","2.423","7","0.009","0.035"
"clk500","-0.692","2.000","cfo/observation_front/fft_core/add_q6_reg[6]/C","cfo/observation_front/fft_core/bank1_reg_bram_0/DINADIN[21]","clk500","clk500","2.421","8","0.009","0.035"
"clk500","-0.690","2.000","cfo/observation_front/fft_core/m_generation_reg[9]/C","cfo/observation_front/fft_core/tw_stride_reg[2]/CE","clk500","clk500","2.585","6","-0.010","0.035"
"clk500","-0.690","2.000","cfo/observation_front/fft_core/m_generation_reg[9]/C","cfo/observation_front/fft_core/tw_stride_reg[4]/CE","clk500","clk500","2.586","6","-0.010","0.035"
"clk500","-0.690","2.000","cfo/observation_front/fft_core/m_generation_reg[9]/C","cfo/observation_front/fft_core/tw_stride_reg[6]/CE","clk500","clk500","2.586","6","-0.010","0.035"
"clk500","-0.690","2.000","cfo/observation_front/fft_core/m_generation_reg[9]/C","cfo/observation_front/fft_core/tw_stride_reg[7]/CE","clk500","clk500","2.586","6","-0.010","0.035"
"clk150","-0.690","6.667","sfo/two_pass_transport/intermediate[0].intermediate_bank/write_gen_reg[17]/C","sfo/two_pass_transport/intermediate[0].intermediate_bank/memory/u_frame_memory/xpm_memory_base_inst/gen_wr_a.gen_word_narrow.mem_reg_uram_97/CAS_IN_BWE_B[7]","clk150","clk150","6.912","13","0.035","0.035"
"clk500","-0.687","2.000","cfo/observation_front/fft_core/add_q6_reg[6]/C","cfo/observation_front/fft_core/bank0_reg_bram_0/DINADIN[18]","clk500","clk500","2.413","7","0.009","0.035"
"clk500","-0.684","2.000","cfo/observation_front/fft_core/add_q6_reg[6]/C","cfo/observation_front/fft_core/bank1_reg_bram_0/DINADIN[23]","clk500","clk500","2.412","8","0.009","0.035"
"clk500","-0.683","2.000","cfo/observation_front/fft_core/m_generation_reg[9]/C","cfo/observation_front/fft_core/tw_stride_reg[9]/CE","clk500","clk500","2.579","6","-0.010","0.035"
"clk500","-0.682","2.000","cfo/observation_front/fft_core/add_q6_reg[6]/C","cfo/observation_front/fft_core/bank1_reg_bram_0/DINADIN[12]","clk500","clk500","2.419","7","0.009","0.035"
"clk500","-0.681","2.000","cfo/observation_front/fft_core/add_q6_reg[6]/C","cfo/observation_front/fft_core/bank1_reg_bram_0/DINADIN[14]","clk500","clk500","2.413","7","0.009","0.035"
"clk500","-0.675","2.000","cfo/observation_front/fft_core/add_q6_reg[6]/C","cfo/observation_front/fft_core/bank1_reg_bram_0/DINADIN[5]","clk500","clk500","2.377","7","0.009","0.035"
"clk500","-0.674","2.000","cfo/observation_front/fft_core/sub_i6_reg[4]/C","cfo/observation_front/fft_core/bank0_reg_bram_0/DINPADINP[3]","clk500","clk500","2.427","8","0.010","0.035"
"clk500","-0.674","2.000","cfo/observation_front/fft_core/m_generation_reg[9]/C","cfo/observation_front/fft_core/group_base_reg[10]/CE","clk500","clk500","2.570","6","-0.010","0.035"
"clk500","-0.674","2.000","cfo/observation_front/fft_core/m_generation_reg[9]/C","cfo/observation_front/fft_core/group_base_reg[7]/CE","clk500","clk500","2.569","6","-0.010","0.035"
"clk500","-0.674","2.000","cfo/observation_front/fft_core/m_generation_reg[9]/C","cfo/observation_front/fft_core/group_base_reg[8]/CE","clk500","clk500","2.569","6","-0.010","0.035"
"clk500","-0.674","2.000","cfo/observation_front/fft_core/m_generation_reg[9]/C","cfo/observation_front/fft_core/group_base_reg[9]/CE","clk500","clk500","2.569","6","-0.010","0.035"
"clk500","-0.673","2.000","cfo/observation_front/fft_core/add_q6_reg[6]/C","cfo/observation_front/fft_core/bank1_reg_bram_0/DINADIN[24]","clk500","clk500","2.382","8","0.009","0.035"
"clk500","-0.669","2.000","cfo/observation_front/fft_core/add_q6_reg[6]/C","cfo/observation_front/fft_core/bank0_reg_bram_0/DINADIN[23]","clk500","clk500","2.397","8","0.009","0.035"
"clk500","-0.669","2.000","cfo/observation_front/fft_core/sub_i6_reg[4]/C","cfo/observation_front/fft_core/bank0_reg_bram_1/DINADIN[4]","clk500","clk500","2.387","8","0.012","0.035"
"clk500","-0.668","2.000","cfo/observation_front/fft_core/add_q6_reg[6]/C","cfo/observation_front/fft_core/bank0_reg_bram_0/DINADIN[15]","clk500","clk500","2.385","7","0.009","0.035"
"clk500","-0.667","2.000","cfo/observation_front/fft_core/m_generation_reg[9]/C","cfo/observation_front/fft_core/tw_stride_reg[8]/CE","clk500","clk500","2.563","6","-0.010","0.035"
"clk500","-0.667","2.000","cfo/observation_front/fft_core/add_i6_reg[10]/C","cfo/observation_front/fft_core/bank0_reg_bram_1/DINADIN[8]","clk500","clk500","2.376","7","0.013","0.035"
"clk150","-0.666","6.667","sfo/two_pass_transport/intermediate[0].intermediate_bank/write_gen_reg[17]/C","sfo/two_pass_transport/intermediate[0].intermediate_bank/memory/u_frame_memory/xpm_memory_base_inst/gen_wr_a.gen_word_narrow.mem_reg_uram_121/CAS_IN_BWE_B[7]","clk150","clk150","6.888","13","0.035","0.035"
"clk500","-0.664","2.000","cfo/observation_front/fft_core/m_generation_reg[9]/C","cfo/observation_front/fft_core/m_i_reg[2]/CE","clk500","clk500","2.559","6","-0.009","0.035"
"clk500","-0.664","2.000","cfo/observation_front/fft_core/m_generation_reg[9]/C","cfo/observation_front/fft_core/m_q_reg[13]/CE","clk500","clk500","2.559","6","-0.009","0.035"
"clk500","-0.663","2.000","cfo/observation_front/fft_core/sub_i6_reg[4]/C","cfo/observation_front/fft_core/bank0_reg_bram_0/DINADIN[26]","clk500","clk500","2.396","8","0.010","0.035"
"clk500","-0.663","2.000","cfo/observation_front/fft_core/m_generation_reg[9]/C","cfo/observation_front/fft_core/tw_stride_reg[0]/CE","clk500","clk500","2.559","6","-0.009","0.035"
"clk500","-0.663","2.000","cfo/observation_front/fft_core/m_generation_reg[9]/C","cfo/observation_front/fft_core/tw_stride_reg[1]/CE","clk500","clk500","2.559","6","-0.009","0.035"
"clk500","-0.663","2.000","cfo/observation_front/fft_core/m_generation_reg[9]/C","cfo/observation_front/fft_core/tw_stride_reg[5]/CE","clk500","clk500","2.559","6","-0.009","0.035"
"clk500","-0.663","2.000","cfo/observation_front/fft_core/add_i6_reg[10]/C","cfo/observation_front/fft_core/bank0_reg_bram_1/DINADIN[7]","clk500","clk500","2.384","7","0.013","0.035"
"clk500","-0.661","2.000","cfo/observation_front/fft_core/m_generation_reg[9]/C","cfo/observation_front/fft_core/m_q_reg[17]/CE","clk500","clk500","2.556","6","-0.009","0.035"
"clk500","-0.661","2.000","cfo/observation_front/fft_core/m_generation_reg[9]/C","cfo/observation_front/fft_core/m_q_reg[3]/CE","clk500","clk500","2.556","6","-0.009","0.035"
"clk500","-0.661","2.000","cfo/observation_front/fft_core/m_generation_reg[9]/C","cfo/observation_front/fft_core/m_q_reg[5]/CE","clk500","clk500","2.556","6","-0.009","0.035"
"clk500","-0.661","2.000","cfo/observation_front/fft_core/add_q6_reg[6]/C","cfo/observation_front/fft_core/bank0_reg_bram_0/DINADIN[13]","clk500","clk500","2.391","7","0.009","0.035"
"clk500","-0.661","2.000","cfo/observation_front/fft_core/add_q6_reg[6]/C","cfo/observation_front/fft_core/bank1_reg_bram_0/DINADIN[3]","clk500","clk500","2.367","7","0.009","0.035"
"clk500","-0.659","2.000","cfo/observation_front/fft_core/m_generation_reg[9]/C","cfo/observation_front/fft_core/m_i_reg[1]/CE","clk500","clk500","2.554","6","-0.010","0.035"
"clk500","-0.659","2.000","cfo/observation_front/fft_core/m_generation_reg[9]/C","cfo/observation_front/fft_core/m_i_reg[0]/CE","clk500","clk500","2.555","6","-0.010","0.035"
"clk500","-0.657","2.000","cfo/observation_front/fft_core/sub_i6_reg[4]/C","cfo/observation_front/fft_core/bank0_reg_bram_1/DINADIN[6]","clk500","clk500","2.390","8","0.012","0.035"
"clk150","-0.657","6.667","sfo/two_pass_transport/intermediate[0].intermediate_bank/write_gen_reg[17]/C","sfo/two_pass_transport/intermediate[0].intermediate_bank/memory/u_frame_memory/xpm_memory_base_inst/gen_wr_a.gen_word_narrow.mem_reg_uram_97/CAS_IN_BWE_B[3]","clk150","clk150","6.982","13","0.035","0.035"
"clk150","-0.657","6.667","sfo/two_pass_transport/intermediate[0].intermediate_bank/write_gen_reg[17]/C","sfo/two_pass_transport/intermediate[0].intermediate_bank/memory/u_frame_memory/xpm_memory_base_inst/gen_wr_a.gen_word_narrow.mem_reg_uram_97/CAS_IN_EN_B","clk150","clk150","7.035","13","0.035","0.035"
"clk500","-0.656","2.000","cfo/observation_front/fft_core/m_generation_reg[9]/C","cfo/observation_front/fft_core/m_q_reg[22]/CE","clk500","clk500","2.551","6","-0.010","0.035"
"clk500","-0.655","2.000","cfo/observation_front/fft_core/sub_i6_reg[4]/C","cfo/observation_front/fft_core/bank0_reg_bram_0/DINADIN[28]","clk500","clk500","2.388","8","0.010","0.035"
"clk500","-0.655","2.000","cfo/observation_front/fft_core/add_q6_reg[6]/C","cfo/observation_front/fft_core/bank1_reg_bram_0/DINADIN[2]","clk500","clk500","2.353","7","0.009","0.035"
"clk500","-0.653","2.000","cfo/observation_front/fft_core/m_generation_reg[9]/C","cfo/observation_front/fft_core/m_i_reg[4]/CE","clk500","clk500","2.548","6","-0.010","0.035"
"clk500","-0.653","2.000","cfo/observation_front/fft_core/m_generation_reg[9]/C","cfo/observation_front/fft_core/m_i_reg[7]/CE","clk500","clk500","2.548","6","-0.010","0.035"
"clk500","-0.653","2.000","cfo/observation_front/fft_core/m_generation_reg[9]/C","cfo/observation_front/fft_core/m_q_reg[0]/CE","clk500","clk500","2.548","6","-0.010","0.035"
"clk500","-0.649","2.000","cfo/observation_front/fft_core/m_generation_reg[9]/C","cfo/observation_front/fft_core/m_i_reg[12]/CE","clk500","clk500","2.544","6","-0.009","0.035"
"clk500","-0.649","2.000","cfo/windows/sample_index_reg[8]/C","cfo/windows/packed_windows/fifo/gnuram_async_fifo.xpm_fifo_base_inst/gen_sdpram.xpm_memory_base_inst/gen_wr_a.gen_word_narrow.mem_reg_bram_13/REGCEB","clk500","clk500","2.393","4","0.012","0.035"
"clk500","-0.647","2.000","cfo/observation_front/fft_core/add_q6_reg[6]/C","cfo/observation_front/fft_core/bank0_reg_bram_0/DINADIN[21]","clk500","clk500","2.376","8","0.009","0.035"
"clk500","-0.647","2.000","cfo/windows/sample_index_reg[5]/C","cfo/windows/packed_windows/fifo/gnuram_async_fifo.xpm_fifo_base_inst/gen_sdpram.xpm_memory_base_inst/gen_wr_a.gen_word_narrow.mem_reg_bram_11/ENBWREN","clk500","clk500","2.282","3","0.012","0.035"
"clk500","-0.647","2.000","cfo/observation_front/fft_core/add_q6_reg[6]/C","cfo/observation_front/fft_core/bank0_reg_bram_0/DINADIN[1]","clk500","clk500","2.327","7","0.009","0.035"
"clk500","-0.642","2.000","cfo/observation_front/fft_core/add_i6_reg[10]/C","cfo/observation_front/fft_core/bank0_reg_bram_1/DINADIN[5]","clk500","clk500","2.369","7","0.013","0.035"
"clk150","-0.641","6.667","sfo/two_pass_transport/intermediate[0].intermediate_bank/write_gen_reg[17]/C","sfo/two_pass_transport/intermediate[0].intermediate_bank/memory/u_frame_memory/xpm_memory_base_inst/gen_wr_a.gen_word_narrow.mem_reg_uram_97/CAS_IN_BWE_B[8]","clk150","clk150","6.890","13","0.035","0.035"
"clk500","-0.640","2.000","cfo/observation_front/fft_core/add_q6_reg[6]/C","cfo/observation_front/fft_core/bank1_reg_bram_0/DINADIN[22]","clk500","clk500","2.348","8","0.009","0.035"
"clk500","-0.640","2.000","cfo/observation_front/fft_core/add_q6_reg[6]/C","cfo/observation_front/fft_core/bank1_reg_bram_0/DINADIN[1]","clk500","clk500","2.320","7","0.009","0.035"
"clk500","-0.635","2.000","cfo/observation_front/fft_core/m_generation_reg[9]/C","cfo/observation_front/fft_core/m_index_reg[0]/CE","clk500","clk500","2.530","6","-0.010","0.035"
"clk500","-0.634","2.000","cfo/observation_front/fft_core/add_q6_reg[6]/C","cfo/observation_front/fft_core/bank0_reg_bram_0/DINADIN[16]","clk500","clk500","2.347","7","0.009","0.035"
"clk150","-0.633","6.667","sfo/two_pass_transport/intermediate[0].intermediate_bank/write_gen_reg[17]/C","sfo/two_pass_transport/intermediate[0].intermediate_bank/memory/u_frame_memory/xpm_memory_base_inst/gen_wr_a.gen_word_narrow.mem_reg_uram_121/CAS_IN_BWE_B[4]","clk150","clk150","6.897","13","0.035","0.035"
"clk500","-0.631","2.000","cfo/observation_front/fft_core/m_generation_reg[9]/C","cfo/observation_front/fft_core/m_i_reg[23]/CE","clk500","clk500","2.526","6","-0.010","0.035"
"clk500","-0.631","2.000","cfo/observation_front/fft_core/sub_q6_reg[0]/C","cfo/observation_front/fft_core/m_saturations_reg[13]/D","clk500","clk500","2.613","12","-0.008","0.035"
"clk500","-0.630","2.000","cfo/observation_front/fft_core/sub_i6_reg[4]/C","cfo/observation_front/fft_core/bank0_reg_bram_1/DINADIN[11]","clk500","clk500","2.361","8","0.012","0.035"
"clk500","-0.629","2.000","cfo/observation_front/fft_core/m_generation_reg[9]/C","cfo/observation_front/fft_core/m_i_reg[5]/CE","clk500","clk500","2.524","6","-0.009","0.035"
"clk500","-0.629","2.000","cfo/observation_front/fft_core/m_generation_reg[9]/C","cfo/observation_front/fft_core/m_i_reg[8]/CE","clk500","clk500","2.524","6","-0.009","0.035"
"clk500","-0.629","2.000","cfo/observation_front/fft_core/m_generation_reg[9]/C","cfo/observation_front/fft_core/m_q_reg[21]/CE","clk500","clk500","2.524","6","-0.009","0.035"
"clk500","-0.627","2.000","cfo/observation_front/fft_core/add_q6_reg[6]/C","cfo/observation_front/fft_core/bank1_reg_bram_0/DINADIN[6]","clk500","clk500","2.357","7","0.009","0.035"
"clk150","-0.627","6.667","sfo/two_pass_transport/intermediate[0].intermediate_bank/write_gen_reg[17]/C","sfo/two_pass_transport/intermediate[0].intermediate_bank/memory/u_frame_memory/xpm_memory_base_inst/gen_wr_a.gen_word_narrow.mem_reg_uram_121/CAS_IN_BWE_B[2]","clk150","clk150","6.988","13","0.035","0.035"
"clk500","-0.626","2.000","cfo/observation_front/fft_core/add_q6_reg[6]/C","cfo/observation_front/fft_core/bank1_reg_bram_0/DINADIN[8]","clk500","clk500","2.339","7","0.009","0.035"
"clk500","-0.626","2.000","cfo/observation_front/fft_core/sub_q6_reg[0]/C","cfo/observation_front/fft_core/m_saturations_reg[8]/D","clk500","clk500","2.609","12","-0.007","0.035"
"clk150","-0.626","6.667","sfo/two_pass_transport/intermediate[0].intermediate_bank/write_gen_reg[17]/C","sfo/two_pass_transport/intermediate[0].intermediate_bank/memory/u_frame_memory/xpm_memory_base_inst/gen_wr_a.gen_word_narrow.mem_reg_uram_97/CAS_IN_EN_A","clk150","clk150","6.853","13","0.035","0.035"
"clk500","-0.625","2.000","cfo/reset_fast/arststages_ff_reg[3]/C","cfo/observation_front/fft_core/bank0_reg_bram_0/ADDRBWRADDR[14]","clk500","clk500","2.272","4","0.011","0.035"
"clk500","-0.624","2.000","cfo/observation_front/fft_core/m_generation_reg[9]/C","cfo/observation_front/fft_core/m_i_reg[3]/CE","clk500","clk500","2.519","6","-0.010","0.035"
"clk500","-0.624","2.000","cfo/observation_front/fft_core/m_generation_reg[9]/C","cfo/observation_front/fft_core/m_i_reg[9]/CE","clk500","clk500","2.519","6","-0.010","0.035"
"clk500","-0.624","2.000","cfo/observation_front/fft_core/m_generation_reg[9]/C","cfo/observation_front/fft_core/m_q_reg[24]/CE","clk500","clk500","2.519","6","-0.010","0.035"
"clk500","-0.623","2.000","cfo/observation_front/fft_core/sub_i6_reg[4]/C","cfo/observation_front/fft_core/bank1_reg_bram_1/DINADIN[14]","clk500","clk500","2.356","8","0.010","0.035"
"clk500","-0.623","2.000","cfo/observation_front/fft_core/add_q6_reg[6]/C","cfo/observation_front/fft_core/bank0_reg_bram_0/DINADIN[22]","clk500","clk500","2.331","8","0.009","0.035"
"clk500","-0.622","2.000","cfo/observation_front/fft_core/sub_i6_reg[4]/C","cfo/observation_front/fft_core/bank1_reg_bram_1/DINADIN[12]","clk500","clk500","2.332","9","0.010","0.035"
"clk500","-0.621","2.000","cfo/observation_front/fft_core/sub_q6_reg[0]/C","cfo/observation_front/fft_core/bank1_reg_bram_0/DINADIN[16]","clk500","clk500","2.336","9","0.011","0.035"
"clk500","-0.620","2.000","cfo/observation_front/fft_core/m_generation_reg[9]/C","cfo/observation_front/fft_core/m_index_reg[6]/CE","clk500","clk500","2.515","6","-0.010","0.035"
"clk500","-0.620","2.000","cfo/observation_front/fft_core/m_generation_reg[9]/C","cfo/observation_front/fft_core/m_index_reg[7]/CE","clk500","clk500","2.516","6","-0.010","0.035"
"clk500","-0.620","2.000","cfo/observation_front/fft_core/m_generation_reg[9]/C","cfo/observation_front/fft_core/m_index_reg[8]/CE","clk500","clk500","2.515","6","-0.010","0.035"
"clk500","-0.620","2.000","cfo/observation_front/fft_core/m_generation_reg[9]/C","cfo/observation_front/fft_core/m_index_reg[9]/CE","clk500","clk500","2.516","6","-0.010","0.035"
"clk500","-0.620","2.000","cfo/observation_front/fft_core/m_generation_reg[9]/C","cfo/observation_front/fft_core/m_q_reg[18]/CE","clk500","clk500","2.515","6","-0.010","0.035"
"clk500","-0.619","2.000","cfo/windows/sample_index_reg[8]/C","cfo/windows/packed_windows/fifo/gnuram_async_fifo.xpm_fifo_base_inst/gen_sdpram.xpm_memory_base_inst/gen_wr_a.gen_word_narrow.mem_reg_bram_10/ENBWREN","clk500","clk500","2.254","4","0.012","0.035"
"clk500","-0.617","2.000","cfo/observation_front/fft_core/add_q6_reg[6]/C","cfo/observation_front/fft_core/bank1_reg_bram_0/DINADIN[9]","clk500","clk500","2.332","7","0.009","0.035"
"clk150","-0.617","6.667","sfo/two_pass_transport/intermediate[0].intermediate_bank/write_gen_reg[17]/C","sfo/two_pass_transport/intermediate[0].intermediate_bank/memory/u_frame_memory/xpm_memory_base_inst/gen_wr_a.gen_word_narrow.mem_reg_uram_121/CAS_IN_EN_A","clk150","clk150","6.844","13","0.035","0.035"
"clk150","-0.617","6.667","sfo/two_pass_transport/intermediate[0].intermediate_bank/write_gen_reg[17]/C","sfo/two_pass_transport/intermediate[0].intermediate_bank/memory/u_frame_memory/xpm_memory_base_inst/gen_wr_a.gen_word_narrow.mem_reg_uram_121/CAS_IN_BWE_B[8]","clk150","clk150","6.866","13","0.035","0.035"
"clk500","-0.616","2.000","cfo/observation_front/fft_core/add_q6_reg[6]/C","cfo/observation_front/fft_core/bank1_reg_bram_0/DINADIN[20]","clk500","clk500","2.351","8","0.009","0.035"
"clk500","-0.615","2.000","cfo/observation_front/fft_core/add_i6_reg[10]/C","cfo/observation_front/fft_core/bank1_reg_bram_0/DINADIN[27]","clk500","clk500","2.330","7","0.011","0.035"
"clk500","-0.615","2.000","cfo/observation_front/fft_core/sub_q6_reg[0]/C","cfo/observation_front/fft_core/bank1_reg_bram_0/DINADIN[10]","clk500","clk500","2.343","9","0.011","0.035"
"clk500","-0.615","2.000","cfo/observation_front/fft_core/m_generation_reg[9]/C","cfo/observation_front/fft_core/m_i_reg[11]/CE","clk500","clk500","2.510","6","-0.010","0.035"
"clk500","-0.615","2.000","cfo/observation_front/fft_core/m_generation_reg[9]/C","cfo/observation_front/fft_core/m_i_reg[20]/CE","clk500","clk500","2.510","6","-0.010","0.035"
"clk500","-0.613","2.000","cfo/reset_fast/arststages_ff_reg[3]/C","cfo/windows/packed_windows/fifo/gnuram_async_fifo.xpm_fifo_base_inst/gen_sdpram.xpm_memory_base_inst/gen_wr_a.gen_word_narrow.mem_reg_bram_13/ENBWREN","clk500","clk500","2.247","3","0.011","0.035"
"clk500","-0.612","2.000","cfo/observation_front/fft_core/sub_i6_reg[4]/C","cfo/observation_front/fft_core/bank0_reg_bram_0/DINPADINP[0]","clk500","clk500","2.359","8","0.010","0.035"
"clk500","-0.607","2.000","cfo/observation_front/fft_core/sub_i6_reg[4]/C","cfo/observation_front/fft_core/bank1_reg_bram_0/DINADIN[28]","clk500","clk500","2.340","8","0.010","0.035"
"clk500","-0.606","2.000","cfo/observation_front/fft_core/add_q6_reg[6]/C","cfo/observation_front/fft_core/bank1_reg_bram_0/DINADIN[15]","clk500","clk500","2.323","7","0.009","0.035"
"clk500","-0.605","2.000","cfo/observation_front/fft_core/m_generation_reg[9]/C","cfo/observation_front/fft_core/m_i_reg[10]/CE","clk500","clk500","2.500","6","-0.010","0.035"
"clk500","-0.602","2.000","cfo/observation_front/fft_core/sub_i6_reg[4]/C","cfo/observation_front/fft_core/bank1_reg_bram_1/DINADIN[11]","clk500","clk500","2.311","8","0.010","0.035"
"clk150","-0.602","6.667","sfo/two_pass_transport/intermediate[0].intermediate_bank/write_gen_reg[17]/C","sfo/two_pass_transport/intermediate[0].intermediate_bank/memory/u_frame_memory/xpm_memory_base_inst/gen_wr_a.gen_word_narrow.mem_reg_uram_121/CAS_IN_EN_B","clk150","clk150","6.980","13","0.035","0.035"
"clk500","-0.601","2.000","cfo/observation_front/fft_core/sub_i6_reg[4]/C","cfo/observation_front/fft_core/bank0_reg_bram_0/DINADIN[30]","clk500","clk500","2.263","8","0.010","0.035"
"clk150","-0.600","6.667","sfo/two_pass_transport/second_resampling/engine/core/stream/lane_phase_reg[0][3]/C","sfo/two_pass_transport/second_resampling/engine/phase_counter_reg[3]/R","clk150","clk150","7.151","20","-0.007","0.035"
"clk150","-0.600","6.667","sfo/two_pass_transport/second_resampling/engine/core/stream/lane_phase_reg[0][3]/C","sfo/two_pass_transport/second_resampling/engine/phase_counter_reg[5]/R","clk150","clk150","7.151","20","-0.007","0.035"
"clk500","-0.599","2.000","cfo/observation_front/fft_core/m_generation_reg[9]/C","cfo/observation_front/fft_core/m_i_reg[18]/CE","clk500","clk500","2.494","6","-0.010","0.035"
"clk500","-0.599","2.000","cfo/observation_front/fft_core/m_generation_reg[9]/C","cfo/observation_front/fft_core/m_i_reg[21]/CE","clk500","clk500","2.494","6","-0.010","0.035"
"clk150","-0.599","6.667","sfo/two_pass_transport/intermediate[0].intermediate_bank/write_gen_reg[17]/C","sfo/two_pass_transport/intermediate[0].intermediate_bank/memory/u_frame_memory/xpm_memory_base_inst/gen_wr_a.gen_word_narrow.mem_reg_uram_97/CAS_IN_BWE_B[1]","clk150","clk150","6.960","13","0.035","0.035"
"clk150","-0.597","6.667","sfo/two_pass_transport/second_resampling/engine/core/stream/lane_phase_reg[0][3]/C","sfo/two_pass_transport/second_resampling/engine/phase_counter_reg[1]/R","clk150","clk150","7.148","20","-0.007","0.035"
"clk150","-0.597","6.667","sfo/two_pass_transport/second_resampling/engine/core/stream/lane_phase_reg[0][3]/C","sfo/two_pass_transport/second_resampling/engine/phase_counter_reg[2]/R","clk150","clk150","7.148","20","-0.007","0.035"
"clk500","-0.596","2.000","cfo/windows/fast_fault_reg/C","cfo/observation_front/fft_core/bank1_reg_bram_0/DINADIN[18]","clk500","clk500","2.323","4","0.010","0.035"
"clk500","-0.595","2.000","cfo/observation_front/fft_core/input_index_reg[8]/C","cfo/observation_front/fft_core/bank0_reg_bram_0/ADDRARDADDR[7]","clk500","clk500","2.302","5","0.009","0.035"
"clk500","-0.595","2.000","cfo/observation_front/fft_core/m_generation_reg[9]/C","cfo/observation_front/fft_core/m_q_reg[8]/CE","clk500","clk500","2.490","6","-0.009","0.035"
"clk500","-0.595","2.000","cfo/observation_front/fft_core/sub_q6_reg[0]/C","cfo/observation_front/fft_core/m_saturations_reg[15]/D","clk500","clk500","2.578","12","-0.007","0.035"
"clk500","-0.593","2.000","cfo/observation_front/fft_core/m_generation_reg[9]/C","cfo/observation_front/fft_core/group_base_reg[5]/CE","clk500","clk500","2.488","6","-0.010","0.035"
"clk500","-0.593","2.000","cfo/observation_front/fft_core/m_generation_reg[9]/C","cfo/observation_front/fft_core/m_index_reg[10]/CE","clk500","clk500","2.488","6","-0.010","0.035"
"clk500","-0.592","2.000","cfo/observation_front/fft_core/sub_q6_reg[0]/C","cfo/observation_front/fft_core/m_saturations_reg[12]/D","clk500","clk500","2.574","12","-0.008","0.035"
"clk500","-0.591","2.000","cfo/observation_front/fft_core/input_index_reg[8]/C","cfo/observation_front/fft_core/bank0_reg_bram_1/DINADIN[14]","clk500","clk500","2.298","5","0.011","0.035"
"clk500","-0.590","2.000","cfo/observation_front/fft_core/add_i6_reg[10]/C","cfo/observation_front/fft_core/bank0_reg_bram_1/DINADIN[0]","clk500","clk500","2.274","7","0.013","0.035"
"clk500","-0.590","2.000","cfo/reset_fast/arststages_ff_reg[3]/C","cfo/observation_front/fft_core/bank1_reg_bram_0/ADDRBWRADDR[14]","clk500","clk500","2.237","4","0.011","0.035"
"clk500","-0.589","2.000","cfo/observation_front/fft_core/m_generation_reg[9]/C","cfo/observation_front/fft_core/m_q_reg[10]/CE","clk500","clk500","2.484","6","-0.010","0.035"
"clk500","-0.589","2.000","cfo/observation_front/fft_core/sub_q6_reg[0]/C","cfo/observation_front/fft_core/bank1_reg_bram_0/DINADIN[17]","clk500","clk500","2.296","9","0.011","0.035"
"clk500","-0.588","2.000","cfo/observation_front/fft_core/add_q6_reg[6]/C","cfo/observation_front/fft_core/bank0_reg_bram_0/DINADIN[7]","clk500","clk500","2.314","7","0.009","0.035"
"clk500","-0.588","2.000","cfo/observation_front/fft_core/m_generation_reg[9]/C","cfo/observation_front/fft_core/group_base_reg[1]/CE","clk500","clk500","2.483","6","-0.010","0.035"
"clk500","-0.588","2.000","cfo/observation_front/fft_core/m_generation_reg[9]/C","cfo/observation_front/fft_core/group_base_reg[2]/CE","clk500","clk500","2.483","6","-0.010","0.035"
"clk500","-0.588","2.000","cfo/observation_front/fft_core/m_generation_reg[9]/C","cfo/observation_front/fft_core/group_base_reg[3]/CE","clk500","clk500","2.483","6","-0.010","0.035"
"clk500","-0.588","2.000","cfo/observation_front/fft_core/m_generation_reg[9]/C","cfo/observation_front/fft_core/group_base_reg[6]/CE","clk500","clk500","2.483","6","-0.010","0.035"
"clk500","-0.588","2.000","cfo/reset_fast/arststages_ff_reg[3]/C","cfo/windows/packed_windows/fifo/gnuram_async_fifo.xpm_fifo_base_inst/gen_sdpram.xpm_memory_base_inst/gen_wr_a.gen_word_narrow.mem_reg_bram_12/ENBWREN","clk500","clk500","2.222","4","0.011","0.035"
"clk150","-0.586","6.667","sfo/two_pass_transport/second_resampling/engine/core/stream/lane_phase_reg[0][3]/C","sfo/two_pass_transport/second_resampling/engine/phase_counter_reg[0]/R","clk150","clk150","7.136","20","-0.008","0.035"
"clk150","-0.586","6.667","sfo/two_pass_transport/second_resampling/engine/core/stream/lane_phase_reg[0][3]/C","sfo/two_pass_transport/second_resampling/engine/phase_counter_reg[4]/R","clk150","clk150","7.136","20","-0.008","0.035"
"clk500","-0.586","2.000","cfo/observation_front/fft_core/sub_q6_reg[0]/C","cfo/observation_front/fft_core/m_saturations_reg[9]/D","clk500","clk500","2.568","12","-0.008","0.035"
"clk150","-0.585","6.667","sfo/two_pass_transport/second_resampling/engine/core/stream/lane_phase_reg[0][3]/C","sfo/two_pass_transport/second_resampling/engine/phase_counter_reg[6]/R","clk150","clk150","7.135","20","-0.008","0.035"
"clk500","-0.585","2.000","cfo/observation_front/fft_core/add_q6_reg[6]/C","cfo/observation_front/fft_core/bank1_reg_bram_0/DINADIN[4]","clk500","clk500","2.271","8","0.009","0.035"
"clk500","-0.585","2.000","cfo/observation_front/fft_core/sub_i6_reg[4]/C","cfo/observation_front/fft_core/bank0_reg_bram_1/DINADIN[10]","clk500","clk500","2.317","8","0.012","0.035"
"clk150","-0.583","6.667","sfo/two_pass_transport/intermediate[0].intermediate_bank/write_gen_reg[17]/C","sfo/two_pass_transport/intermediate[0].intermediate_bank/memory/u_frame_memory/xpm_memory_base_inst/gen_wr_a.gen_word_narrow.mem_reg_uram_96/CAS_IN_BWE_B[6]","clk150","clk150","6.901","12","0.035","0.035"
"clk500","-0.582","2.000","cfo/observation_front/fft_core/m_generation_reg[9]/C","cfo/observation_front/fft_core/offset_in_group_reg[4]/CE","clk500","clk500","2.477","5","-0.009","0.035"
"clk500","-0.581","2.000","cfo/observation_front/fft_core/sub_i6_reg[4]/C","cfo/observation_front/fft_core/bank0_reg_bram_0/DINPADINP[1]","clk500","clk500","2.329","8","0.010","0.035"
"clk500","-0.581","2.000","cfo/reset_fast/arststages_ff_reg[3]/C","cfo/observation_front/fft_core/bank0_reg_bram_1/ADDRBWRADDR[13]","clk500","clk500","2.228","4","0.011","0.035"
"clk150","-0.581","6.667","sfo/two_pass_transport/intermediate[0].intermediate_bank/write_gen_reg[17]/C","sfo/two_pass_transport/intermediate[0].intermediate_bank/memory/u_frame_memory/xpm_memory_base_inst/gen_wr_a.gen_word_narrow.mem_reg_uram_121/CAS_IN_BWE_B[3]","clk150","clk150","6.906","13","0.035","0.035"
"clk500","-0.578","2.000","cfo/observation_front/fft_core/m_generation_reg[9]/C","cfo/observation_front/fft_core/m_q_reg[12]/CE","clk500","clk500","2.473","6","-0.009","0.035"
"clk500","-0.578","2.000","cfo/observation_front/fft_core/m_generation_reg[9]/C","cfo/observation_front/fft_core/m_q_reg[14]/CE","clk500","clk500","2.473","6","-0.009","0.035"
"clk500","-0.578","2.000","cfo/observation_front/fft_core/m_generation_reg[9]/C","cfo/observation_front/fft_core/m_q_reg[15]/CE","clk500","clk500","2.473","6","-0.009","0.035"
"clk500","-0.575","2.000","cfo/observation_front/fft_core/m_generation_reg[9]/C","cfo/observation_front/fft_core/m_q_reg[1]/CE","clk500","clk500","2.470","6","-0.010","0.035"
"clk500","-0.575","2.000","cfo/observation_front/fft_core/m_generation_reg[9]/C","cfo/observation_front/fft_core/m_q_reg[2]/CE","clk500","clk500","2.470","6","-0.010","0.035"
"clk500","-0.575","2.000","cfo/observation_front/fft_core/sub_q6_reg[0]/C","cfo/observation_front/fft_core/m_saturations_reg[10]/D","clk500","clk500","2.557","12","-0.008","0.035"
"clk500","-0.574","2.000","cfo/observation_front/fft_core/sub_i6_reg[4]/C","cfo/observation_front/fft_core/bank0_reg_bram_0/DINPADINP[2]","clk500","clk500","2.323","8","0.010","0.035"
"clk500","-0.573","2.000","cfo/observation_front/fft_core/add_q6_reg[6]/C","cfo/observation_front/fft_core/bank0_reg_bram_0/DINADIN[25]","clk500","clk500","2.287","7","0.009","0.035"
"clk500","-0.572","2.000","cfo/observation_front/fft_core/sub_i6_reg[4]/C","cfo/observation_front/fft_core/bank1_reg_bram_0/DINADIN[30]","clk500","clk500","2.234","8","0.010","0.035"
"clk500","-0.572","2.000","cfo/observation_front/fft_core/sub_i6_reg[4]/C","cfo/observation_front/fft_core/bank1_reg_bram_1/DINADIN[8]","clk500","clk500","2.286","8","0.010","0.035"
"clk500","-0.571","2.000","cfo/windows/fast_fault_reg/C","cfo/observation_front/fft_core/bank1_reg_bram_0/ADDRARDADDR[10]","clk500","clk500","2.270","5","0.010","0.035"
"clk500","-0.571","2.000","cfo/windows/sample_index_reg[5]/C","cfo/windows/packed_windows/fifo/gnuram_async_fifo.xpm_fifo_base_inst/gen_sdpram.xpm_memory_base_inst/gen_wr_a.gen_word_narrow.mem_reg_bram_3/ENBWREN","clk500","clk500","2.206","3","0.012","0.035"
"clk500","-0.570","2.000","cfo/observation_front/fft_core/sub_i6_reg[4]/C","cfo/observation_front/fft_core/bank0_reg_bram_0/DINADIN[31]","clk500","clk500","2.278","8","0.010","0.035"
"clk500","-0.569","2.000","cfo/observation_front/fft_core/add_q6_reg[6]/C","cfo/observation_front/fft_core/bank0_reg_bram_0/DINADIN[9]","clk500","clk500","2.284","7","0.009","0.035"
"clk500","-0.568","2.000","cfo/observation_front/fft_core/add_q6_reg[6]/C","cfo/observation_front/fft_core/bank1_reg_bram_0/DINADIN[0]","clk500","clk500","2.251","8","0.009","0.035"
"clk500","-0.567","2.000","cfo/observation_front/fft_core/m_generation_reg[9]/C","cfo/observation_front/fft_core/m_i_reg[6]/CE","clk500","clk500","2.462","6","-0.009","0.035"
"clk500","-0.567","2.000","cfo/observation_front/fft_core/m_generation_reg[9]/C","cfo/observation_front/fft_core/m_q_reg[7]/CE","clk500","clk500","2.462","6","-0.009","0.035"
"clk150","-0.567","6.667","sfo/two_pass_transport/intermediate[0].intermediate_bank/write_gen_reg[17]/C","sfo/two_pass_transport/intermediate[0].intermediate_bank/memory/u_frame_memory/xpm_memory_base_inst/gen_wr_a.gen_word_narrow.mem_reg_uram_97/CAS_IN_BWE_B[5]","clk150","clk150","6.920","13","0.035","0.035"
"clk500","-0.566","2.000","cfo/observation_front/fft_core/sub_i6_reg[4]/C","cfo/observation_front/fft_core/bank0_reg_bram_1/DINADIN[13]","clk500","clk500","2.282","8","0.012","0.035"
"clk500","-0.565","2.000","cfo/observation_front/fft_core/m_generation_reg[9]/C","cfo/observation_front/fft_core/m_q_reg[11]/CE","clk500","clk500","2.460","6","-0.010","0.035"
"clk500","-0.565","2.000","cfo/observation_front/fft_core/m_generation_reg[9]/C","cfo/observation_front/fft_core/m_q_reg[19]/CE","clk500","clk500","2.460","6","-0.010","0.035"
"clk500","-0.565","2.000","cfo/observation_front/fft_core/m_generation_reg[9]/C","cfo/observation_front/fft_core/m_q_reg[4]/CE","clk500","clk500","2.460","6","-0.010","0.035"
"clk500","-0.564","2.000","cfo/observation_front/fft_core/input_index_reg[8]/C","cfo/observation_front/fft_core/bank0_reg_bram_1/ADDRARDADDR[8]","clk500","clk500","2.263","5","0.011","0.035"
"clk500","-0.564","2.000","cfo/observation_front/fft_core/sub_q6_reg[0]/C","cfo/observation_front/fft_core/m_saturations_reg[11]/D","clk500","clk500","2.547","12","-0.007","0.035"
"clk500","-0.561","2.000","cfo/observation_front/fft_core/input_index_reg[8]/C","cfo/observation_front/fft_core/bank0_reg_bram_1/ADDRARDADDR[7]","clk500","clk500","2.254","5","0.011","0.035"
"clk500","-0.557","2.000","cfo/observation_front/fft_core/sub_i6_reg[4]/C","cfo/observation_front/fft_core/bank1_reg_bram_1/DINADIN[1]","clk500","clk500","2.256","8","0.010","0.035"
"clk500","-0.557","2.000","cfo/observation_front/fft_core/sub_i6_reg[4]/C","cfo/observation_front/fft_core/bank0_reg_bram_1/DINADIN[15]","clk500","clk500","2.267","8","0.012","0.035"
"clk500","-0.557","2.000","cfo/observation_front/fft_core/input_index_reg[8]/C","cfo/observation_front/fft_core/bank0_reg_bram_1/ADDRARDADDR[6]","clk500","clk500","2.266","5","0.011","0.035"
"clk500","-0.555","2.000","cfo/observation_front/fft_core/sub_i6_reg[4]/C","cfo/observation_front/fft_core/bank1_reg_bram_1/DINADIN[13]","clk500","clk500","2.288","9","0.010","0.035"
"clk500","-0.555","2.000","cfo/observation_front/fft_core/m_generation_reg[9]/C","cfo/observation_front/fft_core/group_base_reg[4]/CE","clk500","clk500","2.450","6","-0.009","0.035"
"clk500","-0.554","2.000","cfo/observation_front/fft_core/input_index_reg[8]/C","cfo/observation_front/fft_core/bank0_reg_bram_1/DINADIN[1]","clk500","clk500","2.262","4","0.011","0.035"
"clk500","-0.552","2.000","cfo/observation_front/fft_core/add_q6_reg[6]/C","cfo/observation_front/fft_core/bank1_reg_bram_0/DINADIN[13]","clk500","clk500","2.282","7","0.009","0.035"
"clk500","-0.551","2.000","cfo/observation_front/fft_core/sub_i6_reg[4]/C","cfo/observation_front/fft_core/bank1_reg_bram_1/DINADIN[4]","clk500","clk500","2.265","8","0.010","0.035"
"clk500","-0.550","2.000","cfo/reset_fast/arststages_ff_reg[3]/C","cfo/observation_front/fft_core/bank1_reg_bram_0/ENBWREN","clk500","clk500","2.184","4","0.011","0.035"
"clk500","-0.549","2.000","cfo/observation_front/fft_core/add_q6_reg[6]/C","cfo/observation_front/fft_core/bank0_reg_bram_0/DINADIN[3]","clk500","clk500","2.255","7","0.009","0.035"
"clk500","-0.549","2.000","cfo/reset_fast/arststages_ff_reg[3]/C","cfo/observation_front/fft_core/bank1_reg_bram_0/ADDRBWRADDR[5]","clk500","clk500","2.163","4","0.011","0.035"
"clk500","-0.549","2.000","cfo/reset_fast/arststages_ff_reg[3]/C","cfo/observation_front/fft_core/bank0_reg_bram_1/ADDRBWRADDR[10]","clk500","clk500","2.222","4","0.011","0.035"
"clk500","-0.548","2.000","cfo/observation_front/fft_core/m_generation_reg[9]/C","cfo/observation_front/fft_core/v_reg[0]/CE","clk500","clk500","2.443","6","-0.009","0.035"
"clk500","-0.548","2.000","cfo/observation_front/fft_core/add_q6_reg[6]/C","cfo/observation_front/fft_core/bank0_reg_bram_0/DINADIN[10]","clk500","clk500","2.274","7","0.009","0.035"
"clk150","-0.548","6.667","sfo/two_pass_transport/intermediate[0].intermediate_bank/write_gen_reg[17]/C","sfo/two_pass_transport/intermediate[0].intermediate_bank/memory/u_frame_memory/xpm_memory_base_inst/gen_wr_a.gen_word_narrow.mem_reg_uram_96/CAS_IN_BWE_B[4]","clk150","clk150","6.812","12","0.035","0.035"
"clk150","-0.548","6.667","sfo/two_pass_transport/first_resampling/engine/core/stream/lane_phase_reg[15][7]/C","sfo/two_pass_transport/first_resampling/engine/core/stream/lane_phase_reg[0][28]_replica/D","clk150","clk150","7.194","20","-0.007","0.035"
"clk500","-0.546","2.000","cfo/observation_front/fft_core/sub_i6_reg[4]/C","cfo/observation_front/fft_core/bank1_reg_bram_0/DINPADINP[1]","clk500","clk500","2.294","8","0.010","0.035"
"clk500","-0.546","2.000","cfo/reset_fast/arststages_ff_reg[3]/C","cfo/observation_front/fft_core/bank0_reg_bram_1/ADDRBWRADDR[7]","clk500","clk500","2.216","4","0.011","0.035"
"clk500","-0.545","2.000","cfo/observation_front/fft_core/sub_i6_reg[4]/C","cfo/observation_front/fft_core/bank1_reg_bram_0/DINPADINP[2]","clk500","clk500","2.294","8","0.010","0.035"
"clk500","-0.544","2.000","cfo/reset_fast/arststages_ff_reg[3]/C","cfo/observation_front/index_iq_reg[44]/CE","clk500","clk500","2.440","4","-0.009","0.035"
"clk500","-0.544","2.000","cfo/reset_fast/arststages_ff_reg[3]/C","cfo/observation_front/index_iq_reg[47]/CE","clk500","clk500","2.440","4","-0.009","0.035"
"clk500","-0.544","2.000","cfo/observation_front/fft_core/add_i6_reg[10]/C","cfo/observation_front/fft_core/bank0_reg_bram_1/DINADIN[2]","clk500","clk500","2.250","7","0.013","0.035"
"clk500","-0.544","2.000","sfo/residual_estimator/aux_service/u_xfft/U0/i_synth/xfft_inst/non_floating_point.arch_d.xfft_inst/FLOW/has_nfft.counter_limit_early_reg[2].max_n_int_minus_one_ff/C","sfo/residual_estimator/aux_service/u_xfft/U0/i_synth/xfft_inst/non_floating_point.arch_d.xfft_inst/has_bit_reverse.no_cyclic_prefix_xk_counter.DOUT_CNT_CTRL_1/cnt/i_tc_compare_reg/D","clk500","clk500","2.524","2","-0.010","0.035"
"clk500","-0.542","2.000","cfo/reset_fast/arststages_ff_reg[3]/C","cfo/observation_front/index_iq_reg[14]/CE","clk500","clk500","2.438","4","-0.008","0.035"
"clk500","-0.541","2.000","cfo/observation_front/fft_core/sub_i6_reg[4]/C","cfo/observation_front/fft_core/bank1_reg_bram_0/DINADIN[26]","clk500","clk500","2.274","8","0.010","0.035"
"clk500","-0.541","2.000","cfo/observation_front/fft_core/m_generation_reg[9]/C","cfo/observation_front/fft_core/m_q_reg[6]/CE","clk500","clk500","2.436","6","-0.010","0.035"
"clk500","-0.541","2.000","cfo/observation_front/fft_core/sub_i6_reg[4]/C","cfo/observation_front/fft_core/bank0_reg_bram_1/DINADIN[12]","clk500","clk500","2.258","8","0.012","0.035"
"clk500","-0.540","2.000","cfo/reset_fast/arststages_ff_reg[3]/C","cfo/observation_front/index_iq_reg[12]/CE","clk500","clk500","2.436","4","-0.008","0.035"
"clk500","-0.540","2.000","cfo/reset_fast/arststages_ff_reg[3]/C","cfo/observation_front/index_iq_reg[15]/CE","clk500","clk500","2.436","4","-0.008","0.035"
"clk500","-0.540","2.000","cfo/reset_fast/arststages_ff_reg[3]/C","cfo/observation_front/index_iq_reg[42]/CE","clk500","clk500","2.436","4","-0.009","0.035"
"clk500","-0.540","2.000","cfo/reset_fast/arststages_ff_reg[3]/C","cfo/observation_front/index_iq_reg[45]/CE","clk500","clk500","2.436","4","-0.009","0.035"
"clk500","-0.540","2.000","cfo/reset_fast/arststages_ff_reg[3]/C","cfo/observation_front/index_iq_reg[50]/CE","clk500","clk500","2.436","4","-0.009","0.035"
"clk500","-0.540","2.000","cfo/reset_fast/arststages_ff_reg[3]/C","cfo/observation_front/index_iq_reg[51]/CE","clk500","clk500","2.436","4","-0.009","0.035"
"clk500","-0.540","2.000","cfo/observation_front/fft_core/sub_q6_reg[0]/C","cfo/observation_front/fft_core/bank1_reg_bram_0/DINADIN[19]","clk500","clk500","2.280","9","0.011","0.035"
"clk150","-0.540","6.667","sfo/two_pass_transport/intermediate[0].intermediate_bank/write_gen_reg[17]/C","sfo/two_pass_transport/intermediate[0].intermediate_bank/memory/u_frame_memory/xpm_memory_base_inst/gen_wr_a.gen_word_narrow.mem_reg_uram_97/CAS_IN_BWE_B[0]","clk150","clk150","6.896","13","0.035","0.035"
"clk500","-0.538","2.000","cfo/observation_front/fft_core/m_generation_reg[9]/C","cfo/observation_front/fft_core/m_i_reg[13]/CE","clk500","clk500","2.433","6","-0.009","0.035"
"clk500","-0.538","2.000","cfo/observation_front/fft_core/m_generation_reg[9]/C","cfo/observation_front/fft_core/m_i_reg[17]/CE","clk500","clk500","2.433","6","-0.009","0.035"
"clk500","-0.538","2.000","cfo/observation_front/fft_core/m_generation_reg[9]/C","cfo/observation_front/fft_core/m_i_reg[22]/CE","clk500","clk500","2.433","6","-0.009","0.035"
"clk500","-0.538","2.000","cfo/reset_fast/arststages_ff_reg[3]/C","cfo/observation_front/index_iq_reg[40]/CE","clk500","clk500","2.434","4","-0.009","0.035"
"clk500","-0.538","2.000","cfo/observation_front/fft_core/add_q6_reg[6]/C","cfo/observation_front/fft_core/bank0_reg_bram_0/DINADIN[11]","clk500","clk500","2.261","7","0.009","0.035"
"clk500","-0.537","2.000","sfo/residual_estimator/front_stage/main/service/u_egress_fifo/gnuram_async_fifo.xpm_fifo_base_inst/xpm_fifo_rst_inst/gen_rst_ic.wr_rst_busy_ic_reg/C","sfo/residual_estimator/front_stage/main/service/u_egress_fifo/gnuram_async_fifo.xpm_fifo_base_inst/wrpp2_inst/count_value_i_reg[10]/D","clk500","clk500","2.517","6","-0.010","0.035"
"clk500","-0.537","2.000","cfo/observation_front/fft_core/sub_q6_reg[0]/C","cfo/observation_front/fft_core/m_saturations_reg[7]/D","clk500","clk500","2.519","11","-0.008","0.035"
"clk150","-0.537","6.667","sfo/two_pass_transport/intermediate[0].intermediate_bank/write_gen_reg[17]/C","sfo/two_pass_transport/intermediate[0].intermediate_bank/memory/u_frame_memory/xpm_memory_base_inst/gen_wr_a.gen_word_narrow.mem_reg_uram_121/CAS_IN_BWE_B[1]","clk150","clk150","6.898","13","0.035","0.035"
"clk500","-0.536","2.000","cfo/observation_front/fft_core/add_i6_reg[10]/C","cfo/observation_front/fft_core/bank0_reg_bram_1/DINADIN[9]","clk500","clk500","2.278","7","0.013","0.035"
"clk500","-0.535","2.000","cfo/observation_front/fft_core/sub_i6_reg[4]/C","cfo/observation_front/fft_core/bank1_reg_bram_1/DINADIN[9]","clk500","clk500","2.262","8","0.010","0.035"
"clk500","-0.535","2.000","cfo/observation_front/fft_core/sub_q6_reg[0]/C","cfo/observation_front/fft_core/bank1_reg_bram_0/DINADIN[11]","clk500","clk500","2.260","9","0.011","0.035"
"clk500","-0.534","2.000","cfo/observation_front/fft_core/m_generation_reg[9]/C","cfo/observation_front/fft_core/offset_in_group_reg[1]/CE","clk500","clk500","2.429","5","-0.010","0.035"
"clk500","-0.534","2.000","cfo/observation_front/fft_core/m_generation_reg[9]/C","cfo/observation_front/fft_core/offset_in_group_reg[3]/CE","clk500","clk500","2.429","5","-0.010","0.035"
"clk500","-0.534","2.000","cfo/observation_front/fft_core/m_generation_reg[9]/C","cfo/observation_front/fft_core/offset_in_group_reg[2]/CE","clk500","clk500","2.430","5","-0.010","0.035"
"clk500","-0.533","2.000","cfo/reset_fast/arststages_ff_reg[3]/C","cfo/observation_front/fft_core/bank0_reg_bram_0/ADDRBWRADDR[11]","clk500","clk500","2.206","4","0.011","0.035"
"clk500","-0.532","2.000","cfo/observation_front/fft_core/sub_i6_reg[4]/C","cfo/observation_front/fft_core/bank1_reg_bram_0/DINPADINP[3]","clk500","clk500","2.285","8","0.010","0.035"
"clk500","-0.530","2.000","cfo/windows/fast_fault_reg/C","cfo/observation_front/fft_core/bank1_reg_bram_1/ADDRARDADDR[9]","clk500","clk500","2.240","5","0.010","0.035"
"clk500","-0.529","2.000","sfo/residual_estimator/front_stage/main/service/u_egress_fifo/gnuram_async_fifo.xpm_fifo_base_inst/xpm_fifo_rst_inst/gen_rst_ic.wr_rst_busy_ic_reg/C","sfo/residual_estimator/front_stage/main/service/u_egress_fifo/gnuram_async_fifo.xpm_fifo_base_inst/wrpp2_inst/count_value_i_reg[11]/D","clk500","clk500","2.509","6","-0.010","0.035"
"clk500","-0.529","2.000","cfo/observation_front/fft_core/sub_q6_reg[0]/C","cfo/observation_front/fft_core/bank0_reg_bram_0/DINADIN[5]","clk500","clk500","2.233","9","0.011","0.035"
"clk500","-0.529","2.000","cfo/windows/fast_fault_reg/C","cfo/observation_front/fft_core/bank1_reg_bram_1/ADDRARDADDR[11]","clk500","clk500","2.241","5","0.010","0.035"
"clk150","-0.527","6.667","sfo/two_pass_transport/intermediate[0].intermediate_bank/write_gen_reg[17]/C","sfo/two_pass_transport/intermediate[0].intermediate_bank/memory/u_frame_memory/xpm_memory_base_inst/gen_wr_a.gen_word_narrow.mem_reg_uram_96/CAS_IN_BWE_B[2]","clk150","clk150","6.888","12","0.035","0.035"
"clk500","-0.525","2.000","cfo/reset_fast/arststages_ff_reg[3]/C","cfo/observation_front/index_base_reg/DSP_OUTPUT_INST/CEP","clk500","clk500","2.286","4","0.014","0.035"
"clk150","-0.525","6.667","sfo/two_pass_transport/intermediate[0].intermediate_bank/write_gen_reg[17]/C","sfo/two_pass_transport/intermediate[0].intermediate_bank/memory/u_frame_memory/xpm_memory_base_inst/gen_wr_a.gen_word_narrow.mem_reg_uram_161/CAS_IN_EN_A","clk150","clk150","6.752","13","0.035","0.035"
"clk500","-0.523","2.000","cfo/reset_fast/arststages_ff_reg[3]/C","cfo/observation_front/fft_core/bank0_reg_bram_1/ADDRBWRADDR[8]","clk500","clk500","2.194","4","0.011","0.035"
"clk500","-0.522","2.000","cfo/windows/sample_index_reg[8]/C","cfo/windows/packed_windows/fifo/gnuram_async_fifo.xpm_fifo_base_inst/gen_sdpram.xpm_memory_base_inst/gen_wr_a.gen_word_narrow.mem_reg_bram_2/ENBWREN","clk500","clk500","2.157","4","0.012","0.035"
"clk500","-0.522","2.000","cfo/observation_front/fft_core/input_index_reg[8]/C","cfo/observation_front/fft_core/bank0_reg_bram_1/ADDRARDADDR[4]","clk500","clk500","2.146","5","0.011","0.035"
"clk500","-0.521","2.000","cfo/observation_front/fft_core/m_generation_reg[9]/C","cfo/observation_front/fft_core/v_reg[1]/CE","clk500","clk500","2.416","6","-0.009","0.035"
"clk500","-0.521","2.000","cfo/observation_front/fft_core/m_generation_reg[9]/C","cfo/observation_front/fft_core/v_reg[2]/CE","clk500","clk500","2.416","6","-0.009","0.035"
"clk500","-0.521","2.000","cfo/observation_front/fft_core/m_generation_reg[9]/C","cfo/observation_front/fft_core/v_reg[3]/CE","clk500","clk500","2.416","6","-0.009","0.035"
"clk500","-0.521","2.000","cfo/reset_fast/arststages_ff_reg[3]/C","cfo/observation_front/index_iq_reg[39]/CE","clk500","clk500","2.417","4","-0.009","0.035"
"clk500","-0.521","2.000","cfo/reset_fast/arststages_ff_reg[3]/C","cfo/observation_front/index_iq_reg[43]/CE","clk500","clk500","2.417","4","-0.008","0.035"
"clk500","-0.521","2.000","cfo/reset_fast/arststages_ff_reg[3]/C","cfo/observation_front/index_iq_reg[48]/CE","clk500","clk500","2.417","4","-0.008","0.035"
"clk150","-0.521","6.667","sfo/two_pass_transport/intermediate[0].intermediate_bank/write_gen_reg[17]/C","sfo/two_pass_transport/intermediate[0].intermediate_bank/memory/u_frame_memory/xpm_memory_base_inst/gen_wr_a.gen_word_narrow.mem_reg_uram_96/CAS_IN_BWE_B[7]","clk150","clk150","6.743","12","0.035","0.035"
"clk500","-0.520","2.000","cfo/observation_front/fft_core/sub_i6_reg[4]/C","cfo/observation_front/fft_core/bank1_reg_bram_1/DINADIN[0]","clk500","clk500","2.204","8","0.010","0.035"
"clk500","-0.519","2.000","cfo/reset_fast/arststages_ff_reg[3]/C","cfo/observation_front/index_iq_reg[11]/CE","clk500","clk500","2.415","4","-0.008","0.035"
"clk500","-0.519","2.000","cfo/reset_fast/arststages_ff_reg[3]/C","cfo/observation_front/index_iq_reg[8]/CE","clk500","clk500","2.415","4","-0.008","0.035"
"clk500","-0.519","2.000","cfo/observation_front/fft_core/input_index_reg[8]/C","cfo/observation_front/fft_core/bank0_reg_bram_0/ADDRARDADDR[9]","clk500","clk500","2.216","5","0.009","0.035"
"clk500","-0.519","2.000","cfo/reset_fast/arststages_ff_reg[3]/C","cfo/observation_front/fft_core/bank0_reg_bram_0/ADDRBWRADDR[13]","clk500","clk500","2.205","4","0.011","0.035"
"clk150","-0.519","6.667","sfo/two_pass_transport/intermediate[0].intermediate_bank/write_gen_reg[17]/C","sfo/two_pass_transport/intermediate[0].intermediate_bank/memory/u_frame_memory/xpm_memory_base_inst/gen_wr_a.gen_word_narrow.mem_reg_uram_120/CAS_IN_BWE_B[6]","clk150","clk150","6.837","12","0.035","0.035"
"clk500","-0.517","2.000","sfo/residual_estimator/front_stage/main/service/u_egress_fifo/gnuram_async_fifo.xpm_fifo_base_inst/xpm_fifo_rst_inst/gen_rst_ic.wr_rst_busy_ic_reg/C","sfo/residual_estimator/front_stage/main/service/u_egress_fifo/gnuram_async_fifo.xpm_fifo_base_inst/wrpp2_inst/count_value_i_reg[9]/D","clk500","clk500","2.497","6","-0.010","0.035"
"clk500","-0.517","2.000","cfo/windows/fast_fault_reg/C","cfo/observation_front/fft_core/bank1_reg_bram_0/ADDRARDADDR[12]","clk500","clk500","2.213","5","0.010","0.035"
"clk500","-0.517","2.000","cfo/observation_front/fft_core/m_generation_reg[9]/C","cfo/observation_front/fft_core/offset_in_group_reg[7]/CE","clk500","clk500","2.412","5","-0.010","0.035"
"clk500","-0.515","2.000","cfo/observation_front/fft_core/sub_i6_reg[4]/C","cfo/observation_front/fft_core/bank1_reg_bram_0/DINADIN[31]","clk500","clk500","2.223","8","0.010","0.035"
"clk500","-0.515","2.000","cfo/observation_front/fft_core/m_generation_reg[9]/C","cfo/observation_front/fft_core/offset_in_group_reg[6]/CE","clk500","clk500","2.410","5","-0.010","0.035"
"clk500","-0.515","2.000","cfo/observation_front/fft_core/m_generation_reg[9]/C","cfo/observation_front/fft_core/offset_in_group_reg[8]/CE","clk500","clk500","2.410","5","-0.010","0.035"
"clk500","-0.514","2.000","sfo/residual_estimator/front_stage/main/service/u_egress_fifo/gnuram_async_fifo.xpm_fifo_base_inst/xpm_fifo_rst_inst/gen_rst_ic.wr_rst_busy_ic_reg/C","sfo/residual_estimator/front_stage/main/service/u_egress_fifo/gnuram_async_fifo.xpm_fifo_base_inst/wrpp2_inst/count_value_i_reg[8]/D","clk500","clk500","2.494","5","-0.010","0.035"
"clk500","-0.514","2.000","cfo/observation_front/fft_core/sub_q6_reg[0]/C","cfo/observation_front/fft_core/bank0_reg_bram_0/DINADIN[20]","clk500","clk500","2.251","9","0.011","0.035"
"clk500","-0.513","2.000","cfo/windows/sample_index_reg[8]/C","cfo/windows/packed_windows/fifo/gnuram_async_fifo.xpm_fifo_base_inst/gen_sdpram.xpm_memory_base_inst/gen_wr_a.gen_word_narrow.mem_reg_bram_8/ENBWREN","clk500","clk500","2.148","4","0.012","0.035"
"clk500","-0.513","2.000","sfo/residual_estimator/aux_service/u_xfft/U0/i_synth/xfft_inst/non_floating_point.arch_d.xfft_inst/timing_cnts_has_nfft.run_time_sel_reg[4]/C","sfo/residual_estimator/aux_service/u_xfft/U0/i_synth/xfft_inst/non_floating_point.arch_d.xfft_inst/pe_gen[3].natural_order_input.PE/bypass_muxes.din_im_mux_gen[0].reg/D","clk500","clk500","2.494","1","-0.009","0.035"
"clk500","-0.512","2.000","cfo/windows/fast_fault_reg/C","cfo/observation_front/fft_core/bank1_reg_bram_1/ADDRARDADDR[7]","clk500","clk500","2.209","5","0.010","0.035"
"clk500","-0.512","2.000","sfo/initial_estimator/owner/fft/u_xfft/U0/i_synth/xfft_inst/non_floating_point.arch_d.xfft_inst/has_overflow.natural_ovflo.DOUT_DONE_E_CNT/no_early_reg.I_TC_reg/C","sfo/initial_estimator/owner/fft/u_xfft/U0/i_synth/xfft_inst/non_floating_point.arch_d.xfft_inst/pe_gen[0].natural_order_input.OVFLO_FIFO/rd_cnt_reg[0]/CE","clk500","clk500","2.408","1","-0.008","0.035"
"clk500","-0.512","2.000","sfo/initial_estimator/owner/fft/u_xfft/U0/i_synth/xfft_inst/non_floating_point.arch_d.xfft_inst/has_overflow.natural_ovflo.DOUT_DONE_E_CNT/no_early_reg.I_TC_reg/C","sfo/initial_estimator/owner/fft/u_xfft/U0/i_synth/xfft_inst/non_floating_point.arch_d.xfft_inst/pe_gen[0].natural_order_input.OVFLO_FIFO/rd_cnt_reg[2]/CE","clk500","clk500","2.408","1","-0.008","0.035"
"clk500","-0.511","2.000","sfo/initial_estimator/owner/fft/u_xfft/U0/i_synth/xfft_inst/non_floating_point.arch_d.xfft_inst/has_overflow.natural_ovflo.DOUT_DONE_E_CNT/no_early_reg.I_TC_reg/C","sfo/initial_estimator/owner/fft/u_xfft/U0/i_synth/xfft_inst/non_floating_point.arch_d.xfft_inst/pe_gen[0].natural_order_input.OVFLO_FIFO/rd_cnt_reg[1]/CE","clk500","clk500","2.407","1","-0.008","0.035"
"clk500","-0.511","2.000","sfo/initial_estimator/owner/fft/u_xfft/U0/i_synth/xfft_inst/non_floating_point.arch_d.xfft_inst/has_overflow.natural_ovflo.DOUT_DONE_E_CNT/no_early_reg.I_TC_reg/C","sfo/initial_estimator/owner/fft/u_xfft/U0/i_synth/xfft_inst/non_floating_point.arch_d.xfft_inst/pe_gen[0].natural_order_input.OVFLO_FIFO/rd_cnt_reg[3]/CE","clk500","clk500","2.407","1","-0.008","0.035"
"clk500","-0.510","2.000","sfo/residual_estimator/front_stage/main/service/u_egress_fifo/gnuram_async_fifo.xpm_fifo_base_inst/xpm_fifo_rst_inst/gen_rst_ic.wr_rst_busy_ic_reg/C","sfo/residual_estimator/front_stage/main/service/u_egress_fifo/gnuram_async_fifo.xpm_fifo_base_inst/wrpp2_inst/count_value_i_reg[6]/D","clk500","clk500","2.490","5","-0.010","0.035"
"clk500","-0.510","2.000","cfo/observation_front/fft_core/sub_q6_reg[0]/C","cfo/observation_front/fft_core/m_saturations_reg[4]/D","clk500","clk500","2.492","11","-0.008","0.035"
"clk500","-0.509","2.000","cfo/observation_front/fft_core/add_q6_reg[6]/C","cfo/observation_front/fft_core/bank1_reg_bram_0/DINADIN[7]","clk500","clk500","2.235","7","0.009","0.035"
"clk500","-0.509","2.000","cfo/observation_front/fft_core/sub_q6_reg[0]/C","cfo/observation_front/fft_core/m_saturations_reg[5]/D","clk500","clk500","2.492","11","-0.007","0.035"
"clk500","-0.509","2.000","cfo/observation_front/fft_core/input_index_reg[8]/C","cfo/observation_front/fft_core/bank0_reg_bram_1/ADDRARDADDR[9]","clk500","clk500","2.209","5","0.011","0.035"
"clk500","-0.508","2.000","cfo/reset_fast/arststages_ff_reg[3]/C","cfo/observation_front/fft_core/bank0_reg_bram_1/ADDRBWRADDR[9]","clk500","clk500","2.175","4","0.011","0.035"
"clk500","-0.508","2.000","cfo/observation_front/fft_core/input_index_reg[8]/C","cfo/observation_front/fft_core/bank0_reg_bram_1/ADDRARDADDR[13]","clk500","clk500","2.197","5","0.011","0.035"
"clk500","-0.506","2.000","cfo/reset_fast/arststages_ff_reg[3]/C","cfo/observation_front/fft_core/bank0_reg_bram_0/ADDRBWRADDR[9]","clk500","clk500","2.177","4","0.011","0.035"
"clk500","-0.506","2.000","cfo/observation_front/fft_core/input_index_reg[8]/C","cfo/observation_front/fft_core/bank0_reg_bram_1/ADDRARDADDR[5]","clk500","clk500","2.197","5","0.011","0.035"
"clk500","-0.506","2.000","cfo/observation_front/fft_core/input_index_reg[8]/C","cfo/observation_front/fft_core/bank0_reg_bram_1/ADDRARDADDR[10]","clk500","clk500","2.188","5","0.011","0.035"
"clk500","-0.505","2.000","cfo/observation_front/fft_core/add_q6_reg[6]/C","cfo/observation_front/fft_core/bank0_reg_bram_0/DINADIN[12]","clk500","clk500","2.242","7","0.009","0.035"
"clk500","-0.504","2.000","cfo/observation_front/fft_core/sub_i6_reg[4]/C","cfo/observation_front/fft_core/bank0_reg_bram_0/DINADIN[29]","clk500","clk500","2.210","8","0.010","0.035"
"clk500","-0.504","2.000","cfo/observation_front/fft_core/sub_q6_reg[0]/C","cfo/observation_front/fft_core/bank0_reg_bram_0/DINADIN[4]","clk500","clk500","2.192","9","0.011","0.035"
"clk500","-0.503","2.000","cfo/reset_fast/arststages_ff_reg[3]/C","cfo/observation_front/index_iq_reg[49]/CE","clk500","clk500","2.399","4","-0.009","0.035"
"clk500","-0.501","2.000","cfo/observation_front/fft_core/sub_i6_reg[4]/C","cfo/observation_front/fft_core/bank1_reg_bram_1/DINADIN[10]","clk500","clk500","2.237","8","0.010","0.035"
"clk500","-0.499","2.000","sfo/residual_estimator/front_stage/main/service/u_egress_fifo/gnuram_async_fifo.xpm_fifo_base_inst/xpm_fifo_rst_inst/gen_rst_ic.wr_rst_busy_ic_reg/C","sfo/residual_estimator/front_stage/main/service/u_egress_fifo/gnuram_async_fifo.xpm_fifo_base_inst/wrpp2_inst/count_value_i_reg[7]/D","clk500","clk500","2.479","5","-0.010","0.035"
"clk500","-0.498","2.000","cfo/reset_fast/arststages_ff_reg[3]/C","cfo/observation_front/fft_core/bank0_reg_bram_1/ADDRBWRADDR[12]","clk500","clk500","2.184","4","0.011","0.035"
"clk500","-0.498","2.000","cfo/observation_front/fft_core/add_q6_reg[6]/C","cfo/observation_front/fft_core/bank1_reg_bram_0/DINADIN[25]","clk500","clk500","2.212","7","0.009","0.035"
"clk500","-0.497","2.000","cfo/observation_front/fft_core/m_generation_reg[9]/C","cfo/observation_front/fft_core/v_reg[4]/CE","clk500","clk500","2.392","6","-0.009","0.035"
"clk500","-0.497","2.000","sfo/initial_estimator/owner/fft/u_xfft/U0/i_synth/axi_wrapper/reset_pipe_reg[1]/C","sfo/initial_estimator/owner/fft/u_xfft/U0/i_synth/axi_wrapper/data_out_channel/gen_real_time.data_out_reg[21]/CE","clk500","clk500","2.395","1","-0.008","0.035"
"clk500","-0.497","2.000","sfo/initial_estimator/owner/fft/u_xfft/U0/i_synth/axi_wrapper/reset_pipe_reg[1]/C","sfo/initial_estimator/owner/fft/u_xfft/U0/i_synth/axi_wrapper/data_out_channel/gen_real_time.data_out_reg[23]/CE","clk500","clk500","2.395","1","-0.008","0.035"
"clk500","-0.497","2.000","sfo/initial_estimator/owner/fft/u_xfft/U0/i_synth/axi_wrapper/reset_pipe_reg[1]/C","sfo/initial_estimator/owner/fft/u_xfft/U0/i_synth/axi_wrapper/data_out_channel/gen_real_time.data_out_reg[24]/CE","clk500","clk500","2.395","1","-0.008","0.035"
"clk500","-0.497","2.000","sfo/initial_estimator/owner/fft/u_xfft/U0/i_synth/axi_wrapper/reset_pipe_reg[1]/C","sfo/initial_estimator/owner/fft/u_xfft/U0/i_synth/axi_wrapper/data_out_channel/gen_real_time.data_out_reg[25]/CE","clk500","clk500","2.395","1","-0.008","0.035"
"clk150","-0.497","6.667","sfo/two_pass_transport/intermediate[0].intermediate_bank/write_gen_reg[17]/C","sfo/two_pass_transport/intermediate[0].intermediate_bank/memory/u_frame_memory/xpm_memory_base_inst/gen_wr_a.gen_word_narrow.mem_reg_uram_120/CAS_IN_BWE_B[7]","clk150","clk150","6.719","12","0.035","0.035"
"clk150","-0.496","6.667","sfo/two_pass_transport/first_resampling/engine/core/stream/lane_phase_reg[5][20]/C","sfo/two_pass_transport/first_resampling/engine/core/stream/arithmetic/real_channel[11].u_real/pre_ca/g18.u_add/U0/xst_addsub/i_baseblox.i_baseblox_addsub/no_pipelining.the_addsub/i_lut6.i_lut6_addsub/i_q.i_simple.qreg/i_no_async_controls.output_reg[16]/D","clk150","clk150","7.143","10","-0.010","0.035"
"clk500","-0.496","2.000","cfo/observation_front/fft_core/input_index_reg[8]/C","cfo/observation_front/fft_core/bank0_reg_bram_0/ADDRARDADDR[10]","clk500","clk500","2.194","5","0.009","0.035"
"clk500","-0.496","2.000","cfo/observation_front/fft_core/sub_q6_reg[0]/C","cfo/observation_front/fft_core/bank0_reg_bram_0/DINADIN[0]","clk500","clk500","2.181","9","0.011","0.035"
"clk150","-0.496","6.667","sfo/two_pass_transport/intermediate[0].intermediate_bank/write_gen_reg[17]/C","sfo/two_pass_transport/intermediate[0].intermediate_bank/memory/u_frame_memory/xpm_memory_base_inst/gen_wr_a.gen_word_narrow.mem_reg_uram_96/CAS_IN_EN_B","clk150","clk150","6.874","12","0.035","0.035"
"clk150","-0.495","6.667","sfo/two_pass_transport/first_resampling/engine/core/stream/lane_phase_reg[5][20]/C","sfo/two_pass_transport/first_resampling/engine/core/stream/arithmetic/real_channel[11].u_real/pre_ca/g18.u_add/U0/xst_addsub/i_baseblox.i_baseblox_addsub/no_pipelining.the_addsub/i_lut6.i_lut6_addsub/i_q.i_simple.qreg/i_no_async_controls.output_reg[14]/D","clk150","clk150","7.142","10","-0.010","0.035"
"clk500","-0.495","2.000","sfo/initial_estimator/owner/fft/u_xfft/U0/i_synth/axi_wrapper/reset_pipe_reg[1]/C","sfo/initial_estimator/owner/fft/u_xfft/U0/i_synth/axi_wrapper/data_out_channel/gen_real_time.data_out_reg[12]/CE","clk500","clk500","2.392","1","-0.008","0.035"
"clk500","-0.495","2.000","sfo/initial_estimator/owner/fft/u_xfft/U0/i_synth/axi_wrapper/reset_pipe_reg[1]/C","sfo/initial_estimator/owner/fft/u_xfft/U0/i_synth/axi_wrapper/data_out_channel/gen_real_time.data_out_reg[15]/CE","clk500","clk500","2.392","1","-0.008","0.035"
"clk500","-0.495","2.000","sfo/initial_estimator/owner/fft/u_xfft/U0/i_synth/axi_wrapper/reset_pipe_reg[1]/C","sfo/initial_estimator/owner/fft/u_xfft/U0/i_synth/axi_wrapper/data_out_channel/gen_real_time.data_out_reg[18]/CE","clk500","clk500","2.392","1","-0.008","0.035"
"clk500","-0.495","2.000","cfo/windows/window_credits/wr_reset/arststages_ff_reg[3]/C","cfo/windows/packed_windows/fifo/gnuram_async_fifo.xpm_fifo_base_inst/gen_sdpram.xpm_memory_base_inst/gen_wr_a.gen_word_narrow.mem_reg_bram_9/CASDOMUXEN_B","clk500","clk500","2.372","3","0.011","0.035"
"clk500","-0.495","2.000","sfo/initial_estimator/owner/fft/u_xfft/U0/i_synth/axi_wrapper/reset_pipe_reg[1]/C","sfo/initial_estimator/owner/fft/u_xfft/U0/i_synth/axi_wrapper/data_out_channel/gen_real_time.data_out_reg[14]/CE","clk500","clk500","2.393","1","-0.008","0.035"
"clk500","-0.495","2.000","sfo/initial_estimator/owner/fft/u_xfft/U0/i_synth/axi_wrapper/reset_pipe_reg[1]/C","sfo/initial_estimator/owner/fft/u_xfft/U0/i_synth/axi_wrapper/data_out_channel/gen_real_time.data_out_reg[16]/CE","clk500","clk500","2.393","1","-0.008","0.035"
"clk500","-0.495","2.000","sfo/initial_estimator/owner/fft/u_xfft/U0/i_synth/axi_wrapper/reset_pipe_reg[1]/C","sfo/initial_estimator/owner/fft/u_xfft/U0/i_synth/axi_wrapper/data_out_channel/gen_real_time.data_out_reg[3]/CE","clk500","clk500","2.393","1","-0.008","0.035"
"clk500","-0.494","2.000","cfo/windows/fast_fault_reg/C","cfo/observation_front/fft_core/bank1_reg_bram_1/ADDRARDADDR[12]","clk500","clk500","2.214","5","0.010","0.035"
"clk500","-0.494","2.000","cfo/observation_front/fft_core/input_index_reg[8]/C","cfo/observation_front/fft_core/bank0_reg_bram_0/ADDRARDADDR[12]","clk500","clk500","2.189","5","0.009","0.035"
"clk500","-0.494","2.000","cfo/windows/sample_index_reg[8]/C","cfo/windows/packed_windows/fifo/gnuram_async_fifo.xpm_fifo_base_inst/gen_sdpram.xpm_memory_base_inst/gen_wr_a.gen_word_narrow.mem_reg_bram_9/ENBWREN","clk500","clk500","2.129","4","0.012","0.035"
"clk500","-0.493","2.000","cfo/observation_front/fft_core/sub_i6_reg[4]/C","cfo/observation_front/fft_core/bank1_reg_bram_0/DINADIN[29]","clk500","clk500","2.199","8","0.010","0.035"
"clk500","-0.493","2.000","cfo/observation_front/fft_core/input_index_reg[8]/C","cfo/observation_front/fft_core/bank0_reg_bram_1/ADDRARDADDR[11]","clk500","clk500","2.190","5","0.011","0.035"
"clk500","-0.492","2.000","cfo/reset_fast/arststages_ff_reg[3]/C","cfo/observation_front/index_iq_reg[38]/CE","clk500","clk500","2.388","4","-0.009","0.035"
"clk500","-0.492","2.000","cfo/observation_front/fft_core/m_generation_reg[9]/C","cfo/observation_front/fft_core/m_q_reg[20]/CE","clk500","clk500","2.387","6","-0.009","0.035"
"clk500","-0.492","2.000","cfo/observation_front/fft_core/m_generation_reg[9]/C","cfo/observation_front/fft_core/m_q_reg[23]/CE","clk500","clk500","2.387","6","-0.009","0.035"
"clk500","-0.492","2.000","cfo/observation_front/fft_core/m_generation_reg[9]/C","cfo/observation_front/fft_core/m_q_reg[9]/CE","clk500","clk500","2.387","6","-0.009","0.035"
"clk500","-0.492","2.000","sfo/residual_estimator/aux_service/configured_reg/C","sfo/residual_estimator/aux_service/u_xfft/U0/i_synth/axi_wrapper/config_channel_fifo/gen_real_time.data_out_reg[11]/CE","clk500","clk500","2.388","2","-0.010","0.035"
"clk500","-0.492","2.000","sfo/residual_estimator/aux_service/configured_reg/C","sfo/residual_estimator/aux_service/u_xfft/U0/i_synth/axi_wrapper/config_channel_fifo/gen_real_time.data_out_reg[7]/CE","clk500","clk500","2.388","2","-0.010","0.035"
"clk500","-0.491","2.000","cfo/observation_front/fft_core/sub_q6_reg[0]/C","cfo/observation_front/fft_core/m_saturations_reg[3]/D","clk500","clk500","2.473","11","-0.008","0.035"
"clk150","-0.491","6.667","sfo/two_pass_transport/intermediate[0].intermediate_bank/write_gen_reg[17]/C","sfo/two_pass_transport/intermediate[0].intermediate_bank/memory/u_frame_memory/xpm_memory_base_inst/gen_wr_a.gen_word_narrow.mem_reg_uram_96/CAS_IN_BWE_B[3]","clk150","clk150","6.816","12","0.035","0.035"
"clk150","-0.491","6.667","sfo/two_pass_transport/intermediate[0].intermediate_bank/write_gen_reg[17]/C","sfo/two_pass_transport/intermediate[0].intermediate_bank/memory/u_frame_memory/xpm_memory_base_inst/gen_wr_a.gen_word_narrow.mem_reg_uram_121/CAS_IN_BWE_B[5]","clk150","clk150","6.844","13","0.035","0.035"
"clk500","-0.489","2.000","cfo/observation_front/fft_core/m_generation_reg[9]/C","cfo/observation_front/fft_core/offset_in_group_reg[5]/CE","clk500","clk500","2.385","5","-0.010","0.035"
"clk500","-0.489","2.000","cfo/windows/sample_index_reg[8]/C","cfo/windows/packed_windows/fifo/gnuram_async_fifo.xpm_fifo_base_inst/gen_sdpram.xpm_memory_base_inst/gen_wr_a.gen_word_narrow.mem_reg_bram_0/ENBWREN","clk500","clk500","2.124","4","0.012","0.035"
"clk500","-0.487","2.000","cfo/reset_fast/arststages_ff_reg[3]/C","cfo/observation_front/fft_core/bank0_reg_bram_1/ADDRBWRADDR[11]","clk500","clk500","2.179","4","0.011","0.035"
"clk500","-0.486","2.000","cfo/observation_front/fft_core/input_index_reg[8]/C","cfo/observation_front/fft_core/bank0_reg_bram_0/ADDRARDADDR[11]","clk500","clk500","2.166","5","0.009","0.035"
"clk150","-0.483","6.667","sfo/two_pass_transport/first_resampling/engine/core/stream/lane_phase_reg[5][20]/C","sfo/two_pass_transport/first_resampling/engine/core/stream/arithmetic/real_channel[11].u_real/pre_ca/g18.u_add/U0/xst_addsub/i_baseblox.i_baseblox_addsub/no_pipelining.the_addsub/i_lut6.i_lut6_addsub/i_q.i_simple.qreg/i_no_async_controls.output_reg[15]/D","clk150","clk150","7.130","10","-0.010","0.035"
"clk500","-0.482","2.000","cfo/reset_fast/arststages_ff_reg[3]/C","cfo/observation_front/index_stage_reg[4]/CE","clk500","clk500","2.378","4","-0.009","0.035"
"clk500","-0.482","2.000","cfo/reset_fast/arststages_ff_reg[3]/C","cfo/observation_front/index_stage_reg[5]/CE","clk500","clk500","2.378","4","-0.009","0.035"
"clk500","-0.482","2.000","cfo/reset_fast/arststages_ff_reg[3]/C","cfo/observation_front/index_stage_reg[6]/CE","clk500","clk500","2.378","4","-0.009","0.035"
"clk500","-0.482","2.000","cfo/reset_fast/arststages_ff_reg[3]/C","cfo/observation_front/index_stage_reg[7]/CE","clk500","clk500","2.378","4","-0.009","0.035"
"clk500","-0.482","2.000","cfo/reset_fast/arststages_ff_reg[3]/C","cfo/observation_front/fft_core/bank0_reg_bram_0/ADDRBWRADDR[8]","clk500","clk500","2.152","4","0.011","0.035"
"clk500","-0.481","2.000","cfo/reset_fast/arststages_ff_reg[3]/C","cfo/observation_front/fft_core/bank1_reg_bram_0/ADDRBWRADDR[6]","clk500","clk500","2.170","4","0.011","0.035"
"clk150","-0.478","6.667","sfo/two_pass_transport/intermediate[0].intermediate_bank/write_gen_reg[17]/C","sfo/two_pass_transport/intermediate[0].intermediate_bank/memory/u_frame_memory/xpm_memory_base_inst/gen_wr_a.gen_word_narrow.mem_reg_uram_121/CAS_IN_BWE_B[0]","clk150","clk150","6.834","13","0.035","0.035"
"clk500","-0.477","2.000","sfo/residual_estimator/front_stage/main/service/u_egress_fifo/gnuram_async_fifo.xpm_fifo_base_inst/xpm_fifo_rst_inst/gen_rst_ic.wr_rst_busy_ic_reg/C","sfo/residual_estimator/front_stage/main/service/u_egress_fifo/gnuram_async_fifo.xpm_fifo_base_inst/gen_sdpram.xpm_memory_base_inst/gen_wr_a.gen_word_narrow.mem_reg_bram_0/WEA[0]","clk500","clk500","2.057","3","0.009","0.035"
"clk500","-0.477","2.000","cfo/observation_front/fft_core/sub_q6_reg[0]/C","cfo/observation_front/fft_core/m_saturations_reg[6]/D","clk500","clk500","2.460","11","-0.007","0.035"
"clk150","-0.476","6.667","sfo/two_pass_transport/first_resampling/engine/core/stream/lane_phase_reg[5][20]/C","sfo/two_pass_transport/first_resampling/engine/core/stream/arithmetic/real_channel[11].u_real/pre_ca/g18.u_add/U0/xst_addsub/i_baseblox.i_baseblox_addsub/no_pipelining.the_addsub/i_lut6.i_lut6_addsub/i_q.i_simple.qreg/i_no_async_controls.output_reg[17]/D","clk150","clk150","7.123","11","-0.010","0.035"
"clk500","-0.476","2.000","sfo/residual_estimator/aux_service/u_xfft/U0/i_synth/xfft_inst/non_floating_point.arch_d.xfft_inst/FLOW/has_nfft.counter_limit_early_reg[10].max_n_int_minus_one_ff/C","sfo/residual_estimator/aux_service/u_xfft/U0/i_synth/xfft_inst/non_floating_point.arch_d.xfft_inst/DOUT_CNT_CTRL_0/cnt/i_tc_compare_reg/D","clk500","clk500","2.458","2","-0.008","0.035"
"clk150","-0.476","6.667","sfo/two_pass_transport/intermediate[0].intermediate_bank/write_gen_reg[17]/C","sfo/two_pass_transport/intermediate[0].intermediate_bank/memory/u_frame_memory/xpm_memory_base_inst/gen_wr_a.gen_word_narrow.mem_reg_uram_96/CAS_IN_EN_A","clk150","clk150","6.703","12","0.035","0.035"
"clk500","-0.475","2.000","sfo/residual_estimator/front_stage/main/service/u_egress_fifo/gnuram_async_fifo.xpm_fifo_base_inst/xpm_fifo_rst_inst/gen_rst_ic.wr_rst_busy_ic_reg/C","sfo/residual_estimator/front_stage/main/service/u_egress_fifo/gnuram_async_fifo.xpm_fifo_base_inst/wrpp2_inst/count_value_i_reg[5]/D","clk500","clk500","2.455","5","-0.010","0.035"
"clk500","-0.474","2.000","cfo/observation_front/fft_core/m_generation_reg[9]/C","cfo/observation_front/fft_core/issue_index_reg[6]/CE","clk500","clk500","2.369","6","-0.010","0.035"
"clk500","-0.472","2.000","cfo/windows/fast_fault_reg/C","cfo/observation_front/fft_core/bank1_reg_bram_0/ADDRARDADDR[14]","clk500","clk500","2.160","5","0.010","0.035"
"clk150","-0.472","6.667","sfo/two_pass_transport/intermediate[0].intermediate_bank/write_gen_reg[17]/C","sfo/two_pass_transport/intermediate[0].intermediate_bank/memory/u_frame_memory/xpm_memory_base_inst/gen_wr_a.gen_word_narrow.mem_reg_uram_120/CAS_IN_BWE_B[4]","clk150","clk150","6.736","12","0.035","0.035"
"clk500","-0.471","2.000","cfo/observation_front/fft_core/add_i6_reg[10]/C","cfo/observation_front/fft_core/bank0_reg_bram_1/DINADIN[3]","clk500","clk500","2.201","7","0.013","0.035"
"clk500","-0.471","2.000","cfo/reset_fast/arststages_ff_reg[3]/C","cfo/observation_front/index_iq_reg[30]/CE","clk500","clk500","2.367","4","-0.009","0.035"
"clk150","-0.471","6.667","sfo/two_pass_transport/intermediate[0].intermediate_bank/write_gen_reg[17]/C","sfo/two_pass_transport/intermediate[0].intermediate_bank/memory/u_frame_memory/xpm_memory_base_inst/gen_wr_a.gen_word_narrow.mem_reg_uram_96/CAS_IN_BWE_B[8]","clk150","clk150","6.720","12","0.035","0.035"
"clk500","-0.470","2.000","cfo/windows/fast_fault_reg/C","cfo/observation_front/fft_core/bank1_reg_bram_0/ADDRARDADDR[8]","clk500","clk500","2.162","5","0.010","0.035"
"clk500","-0.470","2.000","cfo/observation_front/fft_core/m_generation_reg[9]/C","cfo/observation_front/fft_core/offset_in_group_reg[0]/CE","clk500","clk500","2.365","5","-0.010","0.035"
"clk500","-0.469","2.000","cfo/reset_fast/arststages_ff_reg[3]/C","cfo/observation_front/index_iq_reg[29]/CE","clk500","clk500","2.365","4","-0.009","0.035"
"clk500","-0.469","2.000","cfo/reset_fast/arststages_ff_reg[3]/C","cfo/observation_front/index_iq_reg[33]/CE","clk500","clk500","2.365","4","-0.009","0.035"
"clk500","-0.469","2.000","cfo/observation_front/fft_core/input_index_reg[8]/C","cfo/observation_front/fft_core/bank0_reg_bram_1/ADDRARDADDR[12]","clk500","clk500","2.171","5","0.011","0.035"
"clk500","-0.468","2.000","cfo/observation_front/fft_core/sub_q6_reg[0]/C","cfo/observation_front/fft_core/bank0_reg_bram_0/DINADIN[8]","clk500","clk500","2.183","9","0.011","0.035"
"clk150","-0.467","6.667","sfo/two_pass_transport/intermediate[0].intermediate_bank/write_gen_reg[17]/C","sfo/two_pass_transport/intermediate[0].intermediate_bank/memory/u_frame_memory/xpm_memory_base_inst/gen_wr_a.gen_word_narrow.mem_reg_uram_120/CAS_IN_EN_A","clk150","clk150","6.694","12","0.035","0.035"
"clk500","-0.466","2.000","sfo/initial_estimator/owner/fft/u_xfft/U0/i_synth/axi_wrapper/reset_pipe_reg[1]/C","sfo/initial_estimator/owner/fft/u_xfft/U0/i_synth/axi_wrapper/data_out_channel/gen_real_time.data_out_reg[20]/CE","clk500","clk500","2.363","1","-0.008","0.035"
"clk500","-0.466","2.000","sfo/initial_estimator/owner/fft/u_xfft/U0/i_synth/axi_wrapper/reset_pipe_reg[1]/C","sfo/initial_estimator/owner/fft/u_xfft/U0/i_synth/axi_wrapper/data_out_channel/gen_real_time.data_out_reg[22]/CE","clk500","clk500","2.364","1","-0.008","0.035"
"clk150","-0.465","6.667","sfo/two_pass_transport/first_resampling/engine/core/stream/lane_phase_reg[5][20]/C","sfo/two_pass_transport/first_resampling/engine/core/stream/arithmetic/real_channel[11].u_real/pre_ca/g18.u_add/U0/xst_addsub/i_baseblox.i_baseblox_addsub/no_pipelining.the_addsub/i_lut6.i_lut6_addsub/i_q.i_simple.qreg/i_no_async_controls.output_reg[13]/D","clk150","clk150","7.112","10","-0.010","0.035"
"clk150","-0.462","6.667","sfo/two_pass_transport/first_resampling/engine/core/stream/lane_phase_reg[5][20]/C","sfo/two_pass_transport/first_resampling/engine/core/stream/arithmetic/real_channel[11].u_real/pre_ca/g18.u_add/U0/xst_addsub/i_baseblox.i_baseblox_addsub/no_pipelining.the_addsub/i_lut6.i_lut6_addsub/i_q.i_simple.qreg/i_no_async_controls.output_reg[12]/D","clk150","clk150","7.109","10","-0.010","0.035"
"clk500","-0.462","2.000","sfo/residual_estimator/front_stage/main/service/u_egress_fifo/gnuram_async_fifo.xpm_fifo_base_inst/xpm_fifo_rst_inst/gen_rst_ic.wr_rst_busy_ic_reg/C","sfo/residual_estimator/front_stage/main/service/u_egress_fifo/gnuram_async_fifo.xpm_fifo_base_inst/wrpp1_inst/count_value_i_reg[10]/D","clk500","clk500","2.443","6","-0.009","0.035"
"clk500","-0.459","2.000","cfo/windows/packed_windows/fifo/gnuram_async_fifo.xpm_fifo_base_inst/rdp_inst/count_value_i_reg[5]/C","cfo/windows/packed_windows/fifo/gnuram_async_fifo.xpm_fifo_base_inst/gen_sdpram.xpm_memory_base_inst/gen_wr_a.gen_word_narrow.mem_reg_bram_3/ADDRBWRADDR[10]","clk500","clk500","2.125","0","0.010","0.035"
"clk500","-0.459","2.000","cfo/reset_fast/arststages_ff_reg[3]/C","cfo/observation_front/fft_core/bank0_reg_bram_0/ADDRBWRADDR[10]","clk500","clk500","2.126","4","0.011","0.035"
"clk500","-0.458","2.000","cfo/windows/fast_fault_reg/C","cfo/observation_front/fft_core/bank1_reg_bram_1/ADDRARDADDR[5]","clk500","clk500","2.148","4","0.010","0.035"
"clk500","-0.457","2.000","cfo/observation_front/fft_core/sub_i6_reg[4]/C","cfo/observation_front/fft_core/bank1_reg_bram_1/DINADIN[7]","clk500","clk500","2.190","8","0.010","0.035"
"clk500","-0.456","2.000","cfo/observation_front/fft_core/sub_i6_reg[4]/C","cfo/observation_front/fft_core/bank1_reg_bram_0/DINPADINP[0]","clk500","clk500","2.203","8","0.010","0.035"
"clk500","-0.456","2.000","cfo/windows/sample_index_reg[8]/C","cfo/windows/packed_windows/fifo/gnuram_async_fifo.xpm_fifo_base_inst/gen_sdpram.xpm_memory_base_inst/gen_wr_a.gen_word_narrow.mem_reg_bram_1/ENBWREN","clk500","clk500","2.091","4","0.012","0.035"
"clk150","-0.455","6.667","sfo/two_pass_transport/first_resampling/engine/core/stream/lane_phase_reg[5][20]/C","sfo/two_pass_transport/first_resampling/engine/core/stream/arithmetic/real_channel[11].u_real/pre_ca/g18.u_add/U0/xst_addsub/i_baseblox.i_baseblox_addsub/no_pipelining.the_addsub/i_lut6.i_lut6_addsub/i_q.i_simple.qreg/i_no_async_controls.output_reg[10]/D","clk150","clk150","7.102","10","-0.010","0.035"
"clk500","-0.455","2.000","cfo/observation_front/fft_core/m_generation_reg[9]/C","cfo/observation_front/fft_core/FSM_sequential_state_reg[0]/D","clk500","clk500","2.435","6","-0.010","0.035"
"clk500","-0.455","2.000","cfo/windows/fast_fault_reg/C","cfo/observation_front/fft_core/bank1_reg_bram_0/ADDRARDADDR[6]","clk500","clk500","2.145","4","0.010","0.035"
"clk500","-0.454","2.000","sfo/residual_estimator/front_stage/main/service/u_egress_fifo/gnuram_async_fifo.xpm_fifo_base_inst/xpm_fifo_rst_inst/gen_rst_ic.wr_rst_busy_ic_reg/C","sfo/residual_estimator/front_stage/main/service/u_egress_fifo/gnuram_async_fifo.xpm_fifo_base_inst/wrpp1_inst/count_value_i_reg[11]/D","clk500","clk500","2.435","6","-0.009","0.035"
"clk500","-0.452","2.000","cfo/reset_fast/arststages_ff_reg[3]/C","cfo/observation_front/fft_core/bank1_reg_bram_0/ADDRBWRADDR[13]","clk500","clk500","2.138","4","0.011","0.035"
"clk500","-0.452","2.000","cfo/observation_front/fft_core/m_generation_reg[9]/C","cfo/observation_front/fft_core/issue_index_reg[0]/CE","clk500","clk500","2.347","6","-0.010","0.035"
"clk500","-0.452","2.000","cfo/observation_front/fft_core/m_generation_reg[9]/C","cfo/observation_front/fft_core/issue_index_reg[5]/CE","clk500","clk500","2.347","6","-0.010","0.035"
"clk500","-0.452","2.000","cfo/observation_front/fft_core/m_generation_reg[9]/C","cfo/observation_front/fft_core/issue_index_reg[7]/CE","clk500","clk500","2.347","6","-0.010","0.035"
"clk500","-0.451","2.000","cfo/observation_front/fft_core/input_index_reg[8]/C","cfo/observation_front/fft_core/bank0_reg_bram_0/ADDRARDADDR[6]","clk500","clk500","2.140","5","0.009","0.035"
"clk150","-0.451","6.667","sfo/two_pass_transport/intermediate[0].intermediate_bank/write_gen_reg[17]/C","sfo/two_pass_transport/intermediate[0].intermediate_bank/memory/u_frame_memory/xpm_memory_base_inst/gen_wr_a.gen_word_narrow.mem_reg_uram_120/CAS_IN_BWE_B[2]","clk150","clk150","6.812","12","0.035","0.035"
"clk500","-0.450","2.000","cfo/windows/fast_fault_reg/C","cfo/observation_front/fft_core/bank1_reg_bram_0/ADDRARDADDR[13]","clk500","clk500","2.151","5","0.010","0.035"
"clk500","-0.450","2.000","cfo/reset_fast/arststages_ff_reg[3]/C","cfo/observation_front/fft_core/bank1_reg_bram_0/ADDRBWRADDR[7]","clk500","clk500","2.141","4","0.011","0.035"
"clk500","-0.449","2.000","cfo/reset_fast/arststages_ff_reg[3]/C","cfo/observation_front/fft_core/bank0_reg_bram_1/ADDRBWRADDR[4]","clk500","clk500","2.063","4","0.011","0.035"
"clk500","-0.448","2.000","cfo/reset_fast/arststages_ff_reg[3]/C","cfo/observation_front/fft_core/FSM_sequential_state_reg[1]_rep/CE","clk500","clk500","2.344","3","-0.009","0.035"
"clk150","-0.447","6.667","sfo/two_pass_transport/first_resampling/engine/core/stream/lane_phase_reg[5][20]/C","sfo/two_pass_transport/first_resampling/engine/core/stream/arithmetic/real_channel[11].u_real/pre_ca/g18.u_add/U0/xst_addsub/i_baseblox.i_baseblox_addsub/no_pipelining.the_addsub/i_lut6.i_lut6_addsub/i_q.i_simple.qreg/i_no_async_controls.output_reg[11]/D","clk150","clk150","7.094","10","-0.010","0.035"
"clk500","-0.447","2.000","cfo/reset_fast/arststages_ff_reg[3]/C","cfo/observation_front/index_iq_reg[16]/CE","clk500","clk500","2.343","4","-0.008","0.035"
"clk500","-0.447","2.000","cfo/reset_fast/arststages_ff_reg[3]/C","cfo/observation_front/index_iq_reg[25]/CE","clk500","clk500","2.343","4","-0.008","0.035"
"clk500","-0.447","2.000","sfo/initial_estimator/owner/fft/u_xfft/U0/i_synth/axi_wrapper/reset_pipe_reg[1]/C","sfo/initial_estimator/owner/fft/u_xfft/U0/i_synth/axi_wrapper/data_out_channel/gen_real_time.data_out_reg[13]/CE","clk500","clk500","2.344","1","-0.008","0.035"
"clk500","-0.447","2.000","sfo/initial_estimator/owner/fft/u_xfft/U0/i_synth/axi_wrapper/reset_pipe_reg[1]/C","sfo/initial_estimator/owner/fft/u_xfft/U0/i_synth/axi_wrapper/data_out_channel/gen_real_time.data_out_reg[17]/CE","clk500","clk500","2.345","1","-0.008","0.035"
"clk500","-0.447","2.000","sfo/initial_estimator/owner/fft/u_xfft/U0/i_synth/axi_wrapper/reset_pipe_reg[1]/C","sfo/initial_estimator/owner/fft/u_xfft/U0/i_synth/axi_wrapper/data_out_channel/gen_real_time.data_out_reg[1]/CE","clk500","clk500","2.344","1","-0.008","0.035"
"clk500","-0.447","2.000","sfo/initial_estimator/owner/fft/u_xfft/U0/i_synth/axi_wrapper/reset_pipe_reg[1]/C","sfo/initial_estimator/owner/fft/u_xfft/U0/i_synth/axi_wrapper/data_out_channel/gen_real_time.data_out_reg[5]/CE","clk500","clk500","2.345","1","-0.008","0.035"
"clk500","-0.447","2.000","sfo/initial_estimator/owner/fft/u_xfft/U0/i_synth/axi_wrapper/reset_pipe_reg[1]/C","sfo/initial_estimator/owner/fft/u_xfft/U0/i_synth/axi_wrapper/data_out_channel/gen_real_time.data_out_reg[7]/CE","clk500","clk500","2.344","1","-0.008","0.035"
"clk150","-0.447","6.667","sfo/two_pass_transport/intermediate[0].intermediate_bank/write_gen_reg[17]/C","sfo/two_pass_transport/intermediate[0].intermediate_bank/memory/u_frame_memory/xpm_memory_base_inst/gen_wr_a.gen_word_narrow.mem_reg_uram_120/CAS_IN_BWE_B[8]","clk150","clk150","6.696","12","0.035","0.035"
"clk500","-0.446","2.000","cfo/reset_fast/arststages_ff_reg[3]/C","cfo/observation_front/fft_core/bank1_reg_bram_0/ADDRBWRADDR[9]","clk500","clk500","2.117","4","0.011","0.035"
"clk500","-0.445","2.000","cfo/reset_fast/arststages_ff_reg[3]/C","cfo/observation_front/index_iq_reg[24]/CE","clk500","clk500","2.341","4","-0.009","0.035"
"clk500","-0.445","2.000","cfo/windows/fast_fault_reg/C","cfo/observation_front/fft_core/bank1_reg_bram_1/ADDRARDADDR[13]","clk500","clk500","2.152","5","0.010","0.035"
"clk500","-0.444","2.000","cfo/windows/sample_index_reg[8]/C","cfo/windows/packed_windows/fifo/gnuram_async_fifo.xpm_fifo_base_inst/gen_sdpram.xpm_memory_base_inst/gen_wr_a.gen_word_narrow.mem_reg_bram_11/REGCEB","clk500","clk500","2.188","4","0.012","0.035"
"clk500","-0.443","2.000","cfo/observation_front/fft_core/add_i6_reg[10]/C","cfo/observation_front/fft_core/bank1_reg_bram_1/DINADIN[2]","clk500","clk500","2.131","7","0.011","0.035"
"clk500","-0.443","2.000","cfo/reset_fast/arststages_ff_reg[3]/C","cfo/observation_front/index_iq_reg[22]/CE","clk500","clk500","2.339","4","-0.009","0.035"
"clk500","-0.443","2.000","cfo/reset_fast/arststages_ff_reg[3]/C","cfo/observation_front/index_iq_reg[31]/CE","clk500","clk500","2.339","4","-0.008","0.035"
"clk500","-0.442","2.000","cfo/reset_fast/arststages_ff_reg[3]/C","cfo/observation_front/index_iq_reg[36]/CE","clk500","clk500","2.338","4","-0.009","0.035"
"clk500","-0.442","2.000","sfo/residual_estimator/front_stage/main/service/u_egress_fifo/gnuram_async_fifo.xpm_fifo_base_inst/xpm_fifo_rst_inst/gen_rst_ic.wr_rst_busy_ic_reg/C","sfo/residual_estimator/front_stage/main/service/u_egress_fifo/gnuram_async_fifo.xpm_fifo_base_inst/wrpp1_inst/count_value_i_reg[9]/D","clk500","clk500","2.423","6","-0.009","0.035"
"clk150","-0.441","6.667","sfo/two_pass_transport/intermediate[0].intermediate_bank/write_gen_reg[17]/C","sfo/two_pass_transport/intermediate[0].intermediate_bank/memory/u_frame_memory/xpm_memory_base_inst/gen_wr_a.gen_word_narrow.mem_reg_uram_120/CAS_IN_EN_B","clk150","clk150","6.819","12","0.035","0.035"
"clk500","-0.439","2.000","sfo/residual_estimator/front_stage/main/service/u_xfft/U0/i_synth/axi_wrapper/sclr_int_reg/C","sfo/residual_estimator/front_stage/main/service/u_xfft/U0/i_synth/xfft_inst/non_floating_point.arch_d.xfft_inst/FLOW/proc0_counter/i_tc_compare_reg/R","clk500","clk500","2.321","0","-0.009","0.035"
"clk500","-0.439","2.000","sfo/residual_estimator/front_stage/main/service/u_xfft/U0/i_synth/axi_wrapper/sclr_int_reg/C","sfo/residual_estimator/front_stage/main/service/u_xfft/U0/i_synth/xfft_inst/non_floating_point.arch_d.xfft_inst/FLOW/proc0_counter/i_tc_reg/R","clk500","clk500","2.321","0","-0.009","0.035"
"clk500","-0.439","2.000","cfo/reset_fast/arststages_ff_reg[3]/C","cfo/observation_front/fft_core/bank0_reg_bram_1/REGCEB","clk500","clk500","2.182","2","0.011","0.035"
"clk500","-0.439","2.000","sfo/residual_estimator/aux_service/u_xfft/U0/i_synth/xfft_inst/non_floating_point.arch_d.xfft_inst/has_bit_reverse.no_cp.muxed_reorder_write_addr_del_reg[10]/C","sfo/residual_estimator/aux_service/u_xfft/U0/i_synth/xfft_inst/non_floating_point.arch_d.xfft_inst/has_bit_reverse.dig_rev_mem/blk_ram.use_bram_only.mem/depth_14.need_extra_rams.extra_ram_loop[3].use_RAMB18.SDP_RAMB18_1x16384/ADDRARDADDR[10]","clk500","clk500","2.122","0","0.012","0.035"
"clk500","-0.437","2.000","sfo/residual_estimator/aux_service/u_xfft/U0/i_synth/xfft_inst/non_floating_point.arch_d.xfft_inst/input_delay_re/no_sclr_lut.real_shift_ram.use_baseblock.use_hlutnm_srls.srl_loop[4].i_fdre1/C","sfo/residual_estimator/aux_service/u_xfft/U0/i_synth/xfft_inst/non_floating_point.arch_d.xfft_inst/pe_gen[2].natural_order_input.PE/bypass_muxes.din_re_mux_gen[9].reg/D","clk500","clk500","2.418","1","-0.009","0.035"
"clk500","-0.436","2.000","sfo/initial_estimator/owner/fft/reset_sync500/syncstages_ff_reg[3]/C","sfo/initial_estimator/owner/fft/u_egress_fifo/gnuram_async_fifo.xpm_fifo_base_inst/gen_sdpram.xpm_memory_base_inst/gen_wr_a.gen_word_narrow.mem_reg_bram_0/ENBWREN","clk500","clk500","2.071","2","0.012","0.035"
"clk150","-0.436","6.667","sfo/two_pass_transport/intermediate[0].intermediate_bank/write_gen_reg[17]/C","sfo/two_pass_transport/intermediate[0].intermediate_bank/memory/u_frame_memory/xpm_memory_base_inst/gen_wr_a.gen_word_narrow.mem_reg_uram_96/CAS_IN_BWE_B[1]","clk150","clk150","6.797","12","0.035","0.035"
"clk150","-0.435","6.667","sfo/two_pass_transport/first_resampling/engine/core/stream/lane_phase_reg[5][20]/C","sfo/two_pass_transport/first_resampling/engine/core/stream/arithmetic/real_channel[11].u_real/pre_ca/g18.u_add/U0/xst_addsub/i_baseblox.i_baseblox_addsub/no_pipelining.the_addsub/i_lut6.i_lut6_addsub/i_q.i_simple.qreg/i_no_async_controls.output_reg[9]/D","clk150","clk150","7.082","10","-0.010","0.035"
"clk500","-0.435","2.000","cfo/reset_fast/arststages_ff_reg[3]/C","cfo/observation_front/index_iq_reg[13]/CE","clk500","clk500","2.331","4","-0.008","0.035"
"clk500","-0.435","2.000","cfo/reset_fast/arststages_ff_reg[3]/C","cfo/observation_front/index_iq_reg[28]/CE","clk500","clk500","2.331","4","-0.008","0.035"
"clk500","-0.434","2.000","cfo/observation_front/fft_core/m_generation_reg[9]/C","cfo/observation_front/fft_core/FSM_sequential_state_reg[1]_rep/D","clk500","clk500","2.414","6","-0.010","0.035"
"clk500","-0.432","2.000","sfo/residual_estimator/front_stage/main/service/reset_sync500/syncstages_ff_reg[3]/C","sfo/residual_estimator/front_stage/main/service/u_xfft/U0/i_synth/axi_wrapper/config_channel_fifo/gen_real_time.data_out_reg[6]/CE","clk500","clk500","2.329","2","-0.007","0.035"
"clk500","-0.431","2.000","sfo/residual_estimator/aux_service/u_xfft/U0/i_synth/xfft_inst/non_floating_point.arch_d.xfft_inst/FLOW/proc0_counter/cnt_addsub/i_baseblox.i_baseblox_addsub/no_pipelining.the_addsub/i_lut6.i_lut6_addsub/i_q.i_simple.qreg/i_no_async_controls.output_reg[9]/C","sfo/residual_estimator/aux_service/u_xfft/U0/i_synth/axi_wrapper/frames_in_progress_reg[0]/CE","clk500","clk500","2.326","4","-0.010","0.035"
"clk500","-0.431","2.000","sfo/residual_estimator/aux_service/u_xfft/U0/i_synth/xfft_inst/non_floating_point.arch_d.xfft_inst/FLOW/proc0_counter/cnt_addsub/i_baseblox.i_baseblox_addsub/no_pipelining.the_addsub/i_lut6.i_lut6_addsub/i_q.i_simple.qreg/i_no_async_controls.output_reg[9]/C","sfo/residual_estimator/aux_service/u_xfft/U0/i_synth/axi_wrapper/frames_in_progress_reg[1]/CE","clk500","clk500","2.327","4","-0.010","0.035"
"clk500","-0.431","2.000","sfo/residual_estimator/aux_service/u_xfft/U0/i_synth/xfft_inst/non_floating_point.arch_d.xfft_inst/FLOW/proc0_counter/cnt_addsub/i_baseblox.i_baseblox_addsub/no_pipelining.the_addsub/i_lut6.i_lut6_addsub/i_q.i_simple.qreg/i_no_async_controls.output_reg[9]/C","sfo/residual_estimator/aux_service/u_xfft/U0/i_synth/axi_wrapper/frames_in_progress_reg[2]/CE","clk500","clk500","2.326","4","-0.010","0.035"
"clk500","-0.429","2.000","cfo/observation_front/fft_core/m_generation_reg[9]/C","cfo/observation_front/fft_core/issue_index_reg[2]/CE","clk500","clk500","2.324","6","-0.010","0.035"
"clk500","-0.429","2.000","cfo/observation_front/fft_core/m_generation_reg[9]/C","cfo/observation_front/fft_core/issue_index_reg[4]/CE","clk500","clk500","2.324","6","-0.010","0.035"
"clk500","-0.429","2.000","cfo/observation_front/fft_core/m_generation_reg[9]/C","cfo/observation_front/fft_core/issue_index_reg[8]/CE","clk500","clk500","2.324","6","-0.010","0.035"
"clk500","-0.429","2.000","sfo/residual_estimator/aux_service/u_xfft/U0/i_synth/xfft_inst/non_floating_point.arch_d.xfft_inst/FLOW/has_nfft.counter_limit_early_reg[0].max_n_int_minus_one_ff/C","sfo/residual_estimator/aux_service/u_xfft/U0/i_synth/xfft_inst/non_floating_point.arch_d.xfft_inst/pe_gen[1].natural_order_input.PE/has_addr_gen.tw_addr_gen/cnt/i_tc_compare_reg/D","clk500","clk500","2.410","2","-0.009","0.035"
"clk500","-0.429","2.000","cfo/observation_front/fft_core/m_generation_reg[9]/C","cfo/observation_front/fft_core/issue_index_reg[1]/CE","clk500","clk500","2.325","6","-0.010","0.035"
"clk500","-0.429","2.000","cfo/observation_front/fft_core/m_generation_reg[9]/C","cfo/observation_front/fft_core/issue_index_reg[3]/CE","clk500","clk500","2.325","6","-0.010","0.035"
"clk500","-0.429","2.000","cfo/observation_front/fft_core/m_generation_reg[9]/C","cfo/observation_front/fft_core/issue_index_reg[9]/CE","clk500","clk500","2.325","6","-0.010","0.035"
"clk500","-0.428","2.000","cfo/observation_front/fft_core/input_index_reg[8]/C","cfo/observation_front/fft_core/bank0_reg_bram_0/ADDRARDADDR[8]","clk500","clk500","2.119","5","0.009","0.035"
"clk500","-0.428","2.000","cfo/reset_fast/arststages_ff_reg[3]/C","cfo/observation_front/fft_core/bank0_reg_bram_0/ADDRBWRADDR[5]","clk500","clk500","2.042","4","0.011","0.035"
"clk500","-0.427","2.000","cfo/windows/fast_fault_reg/C","cfo/observation_front/fft_core/bank1_reg_bram_0/ADDRARDADDR[11]","clk500","clk500","2.108","5","0.010","0.035"
"clk500","-0.426","2.000","cfo/reset_fast/arststages_ff_reg[3]/C","cfo/observation_front/index_iq_reg[19]/CE","clk500","clk500","2.322","4","-0.009","0.035"
"clk500","-0.426","2.000","cfo/reset_fast/arststages_ff_reg[3]/C","cfo/observation_front/index_iq_reg[4]/CE","clk500","clk500","2.322","4","-0.009","0.035"
"clk500","-0.426","2.000","cfo/reset_fast/arststages_ff_reg[3]/C","cfo/observation_front/fft_core/bank1_reg_bram_0/ADDRBWRADDR[12]","clk500","clk500","2.118","4","0.011","0.035"
"clk500","-0.425","2.000","cfo/observation_front/fft_core/input_index_reg[8]/C","cfo/observation_front/fft_core/bank0_reg_bram_0/ADDRARDADDR[13]","clk500","clk500","2.125","5","0.009","0.035"
"clk500","-0.425","2.000","sfo/residual_estimator/aux_service/u_xfft/U0/i_synth/xfft_inst/non_floating_point.arch_d.xfft_inst/has_bit_reverse.no_cp.muxed_reorder_write_addr_del_reg[10]/C","sfo/residual_estimator/aux_service/u_xfft/U0/i_synth/xfft_inst/non_floating_point.arch_d.xfft_inst/has_bit_reverse.dig_rev_mem/blk_ram.use_bram_only.mem/depth_14.main_ram_loop[1].use_RAMB18.ram_2k_loop[1].SDP_RAMB18_9x2048/ADDRARDADDR[13]","clk500","clk500","2.115","0","0.012","0.035"
"clk500","-0.423","2.000","cfo/windows/fast_fault_reg/C","cfo/observation_front/fft_core/bank1_reg_bram_1/ADDRARDADDR[10]","clk500","clk500","2.113","5","0.010","0.035"
"clk500","-0.423","2.000","sfo/initial_estimator/owner/fft/u_xfft/U0/i_synth/xfft_inst/non_floating_point.arch_d.xfft_inst/pe_gen[0].natural_order_input.PE/has_addr_gen.tw_addr_gen/cnt/cnt_addsub/i_baseblox.i_baseblox_addsub/no_pipelining.the_addsub/i_lut6.i_lut6_addsub/i_q.i_simple.qreg/i_no_async_controls.output_reg[9]/C","sfo/initial_estimator/owner/fft/u_xfft/U0/i_synth/xfft_inst/non_floating_point.arch_d.xfft_inst/pe_gen[0].natural_order_input.PE/has_TW_mult.sync_tw_addr/no_sclr_lut.real_shift_ram.use_baseblock.use_hlutnm_srls.srl_loop[4].i_srl16e0/D","clk500","clk500","2.340","0","0.013","0.035"
"clk500","-0.423","2.000","sfo/residual_estimator/aux_service/u_xfft/U0/i_synth/xfft_inst/non_floating_point.arch_d.xfft_inst/has_bit_reverse.no_cp.muxed_reorder_write_addr_del_reg[10]/C","sfo/residual_estimator/aux_service/u_xfft/U0/i_synth/xfft_inst/non_floating_point.arch_d.xfft_inst/has_bit_reverse.dig_rev_mem/blk_ram.use_bram_only.mem/depth_14.need_extra_rams.extra_ram_loop[0].use_RAMB18.SDP_RAMB18_1x16384/ADDRARDADDR[10]","clk500","clk500","2.113","0","0.010","0.035"
"clk500","-0.423","2.000","cfo/observation_front/fft_core/sub_q6_reg[0]/C","cfo/observation_front/fft_core/bank0_reg_bram_0/DINADIN[2]","clk500","clk500","2.123","9","0.011","0.035"
"clk500","-0.422","2.000","cfo/observation_front/fft_core/m_generation_reg[9]/C","cfo/observation_front/fft_core/m_saturations_reg[10]/CE","clk500","clk500","2.317","6","-0.010","0.035"
"clk500","-0.422","2.000","cfo/observation_front/fft_core/m_generation_reg[9]/C","cfo/observation_front/fft_core/m_saturations_reg[12]/CE","clk500","clk500","2.317","6","-0.010","0.035"
"clk500","-0.422","2.000","cfo/observation_front/fft_core/m_generation_reg[9]/C","cfo/observation_front/fft_core/m_saturations_reg[13]/CE","clk500","clk500","2.317","6","-0.010","0.035"
"clk500","-0.422","2.000","cfo/observation_front/fft_core/m_generation_reg[9]/C","cfo/observation_front/fft_core/m_saturations_reg[9]/CE","clk500","clk500","2.317","6","-0.010","0.035"
"clk500","-0.422","2.000","cfo/reset_fast/arststages_ff_reg[3]/C","cfo/observation_front/index_iq_reg[18]/CE","clk500","clk500","2.318","4","-0.009","0.035"
"clk500","-0.422","2.000","cfo/observation_front/fft_core/m_generation_reg[9]/C","cfo/observation_front/fft_core/v_reg[5]/CE","clk500","clk500","2.317","6","-0.010","0.035"
"clk500","-0.422","2.000","cfo/observation_front/fft_core/m_generation_reg[9]/C","cfo/observation_front/fft_core/v_reg[6]/CE","clk500","clk500","2.317","6","-0.010","0.035"
"clk500","-0.420","2.000","cfo/windows/window_credits/wr_reset/arststages_ff_reg[3]/C","cfo/windows/packed_windows/fifo/gnuram_async_fifo.xpm_fifo_base_inst/gen_sdpram.xpm_memory_base_inst/gen_wr_a.gen_word_narrow.mem_reg_bram_13/CASOREGIMUXEN_B","clk500","clk500","2.281","3","0.011","0.035"
"clk500","-0.418","2.000","sfo/residual_estimator/front_stage/main/service/u_egress_fifo/gnuram_async_fifo.xpm_fifo_base_inst/xpm_fifo_rst_inst/gen_rst_ic.wr_rst_busy_ic_reg/C","sfo/residual_estimator/front_stage/main/service/u_egress_fifo/gnuram_async_fifo.xpm_fifo_base_inst/wrpp2_inst/count_value_i_reg[4]/D","clk500","clk500","2.398","5","-0.010","0.035"
"clk500","-0.418","2.000","sfo/initial_estimator/owner/fft/u_xfft/U0/i_synth/axi_wrapper/sclr_int_reg/C","sfo/initial_estimator/owner/fft/u_xfft/U0/i_synth/xfft_inst/non_floating_point.arch_d.xfft_inst/FLOW/proc0_counter/cnt_addsub/i_baseblox.i_baseblox_addsub/no_pipelining.the_addsub/i_lut6.i_lut6_addsub/i_q.i_simple.qreg/i_no_async_controls.output_reg[10]/R","clk500","clk500","2.301","0","-0.008","0.035"
"clk500","-0.418","2.000","sfo/initial_estimator/owner/fft/u_xfft/U0/i_synth/axi_wrapper/sclr_int_reg/C","sfo/initial_estimator/owner/fft/u_xfft/U0/i_synth/xfft_inst/non_floating_point.arch_d.xfft_inst/FLOW/proc0_counter/cnt_addsub/i_baseblox.i_baseblox_addsub/no_pipelining.the_addsub/i_lut6.i_lut6_addsub/i_q.i_simple.qreg/i_no_async_controls.output_reg[11]/R","clk500","clk500","2.301","0","-0.008","0.035"
"clk500","-0.418","2.000","sfo/initial_estimator/owner/fft/u_xfft/U0/i_synth/axi_wrapper/sclr_int_reg/C","sfo/initial_estimator/owner/fft/u_xfft/U0/i_synth/xfft_inst/non_floating_point.arch_d.xfft_inst/FLOW/proc0_counter/cnt_addsub/i_baseblox.i_baseblox_addsub/no_pipelining.the_addsub/i_lut6.i_lut6_addsub/i_q.i_simple.qreg/i_no_async_controls.output_reg[8]/R","clk500","clk500","2.301","0","-0.008","0.035"
"clk500","-0.418","2.000","sfo/initial_estimator/owner/fft/u_xfft/U0/i_synth/axi_wrapper/sclr_int_reg/C","sfo/initial_estimator/owner/fft/u_xfft/U0/i_synth/xfft_inst/non_floating_point.arch_d.xfft_inst/FLOW/proc0_counter/cnt_addsub/i_baseblox.i_baseblox_addsub/no_pipelining.the_addsub/i_lut6.i_lut6_addsub/i_q.i_simple.qreg/i_no_async_controls.output_reg[9]/R","clk500","clk500","2.301","0","-0.008","0.035"
"clk500","-0.418","2.000","sfo/residual_estimator/aux_service/u_xfft/U0/i_synth/xfft_inst/non_floating_point.arch_d.xfft_inst/FLOW/has_nfft.counter_limit_early_reg[0].max_n_int_minus_one_ff/C","sfo/residual_estimator/aux_service/u_xfft/U0/i_synth/xfft_inst/non_floating_point.arch_d.xfft_inst/pe_gen[3].natural_order_input.PE/has_addr_gen.tw_addr_gen/cnt/i_tc_compare_reg/D","clk500","clk500","2.398","2","-0.010","0.035"
"clk500","-0.417","2.000","cfo/reset_fast/arststages_ff_reg[3]/C","cfo/observation_front/fft_core/bank1_reg_bram_0/ADDRBWRADDR[10]","clk500","clk500","2.084","4","0.011","0.035"
"clk500","-0.416","2.000","cfo/reset_fast/arststages_ff_reg[3]/C","cfo/observation_front/fft_core/FSM_sequential_state_reg[1]/CE","clk500","clk500","2.312","3","-0.009","0.035"
"clk150","-0.416","6.667","sfo/two_pass_transport/intermediate[0].intermediate_bank/write_gen_reg[17]/C","sfo/two_pass_transport/intermediate[0].intermediate_bank/memory/u_frame_memory/xpm_memory_base_inst/gen_wr_a.gen_word_narrow.mem_reg_uram_161/CAS_IN_BWE_B[7]","clk150","clk150","6.638","13","0.035","0.035"
"clk500","-0.415","2.000","cfo/reset_fast/arststages_ff_reg[3]/C","cfo/observation_front/fft_core/bank0_reg_bram_1/ADDRBWRADDR[6]","clk500","clk500","2.106","4","0.011","0.035"
"clk150","-0.415","6.667","sfo/two_pass_transport/intermediate[0].intermediate_bank/write_gen_reg[17]/C","sfo/two_pass_transport/intermediate[0].intermediate_bank/memory/u_frame_memory/xpm_memory_base_inst/gen_wr_a.gen_word_narrow.mem_reg_uram_120/CAS_IN_BWE_B[3]","clk150","clk150","6.740","12","0.035","0.035"
"clk150","-0.415","6.667","sfo/two_pass_transport/intermediate[0].intermediate_bank/write_gen_reg[17]/C","sfo/two_pass_transport/intermediate[0].intermediate_bank/memory/u_frame_memory/xpm_memory_base_inst/gen_wr_a.gen_word_narrow.mem_reg_uram_161/CAS_IN_BWE_B[6]","clk150","clk150","6.733","13","0.035","0.035"
"clk500","-0.414","2.000","sfo/residual_estimator/front_stage/main/service/u_egress_fifo/gnuram_async_fifo.xpm_fifo_base_inst/xpm_fifo_rst_inst/gen_rst_ic.wr_rst_busy_ic_reg/C","sfo/residual_estimator/front_stage/main/service/u_egress_fifo/gnuram_async_fifo.xpm_fifo_base_inst/wrpp2_inst/count_value_i_reg[2]/D","clk500","clk500","2.394","5","-0.010","0.035"
"clk500","-0.414","2.000","sfo/residual_estimator/front_stage/main/service/u_egress_fifo/gnuram_async_fifo.xpm_fifo_base_inst/xpm_fifo_rst_inst/gen_rst_ic.wr_rst_busy_ic_reg/C","sfo/residual_estimator/front_stage/main/service/u_egress_fifo/gnuram_async_fifo.xpm_fifo_base_inst/wrpp2_inst/count_value_i_reg[3]/D","clk500","clk500","2.394","5","-0.010","0.035"
"clk500","-0.414","2.000","cfo/observation_front/fft_core/add_i6_reg[10]/C","cfo/observation_front/fft_core/bank1_reg_bram_1/DINADIN[15]","clk500","clk500","2.072","7","0.011","0.035"
"clk500","-0.413","2.000","cfo/observation_front/fft_core/sub_i6_reg[4]/C","cfo/observation_front/fft_core/m_saturations_reg[0]/D","clk500","clk500","2.394","10","-0.009","0.035"
"clk500","-0.413","2.000","sfo/residual_estimator/aux_service/u_xfft/U0/i_synth/xfft_inst/non_floating_point.arch_d.xfft_inst/has_bit_reverse.no_cp.muxed_reorder_write_addr_del_reg[10]/C","sfo/residual_estimator/aux_service/u_xfft/U0/i_synth/xfft_inst/non_floating_point.arch_d.xfft_inst/has_bit_reverse.dig_rev_mem/blk_ram.use_bram_only.mem/depth_14.need_extra_rams.extra_ram_loop[4].use_RAMB18.SDP_RAMB18_1x16384/ADDRARDADDR[10]","clk500","clk500","2.096","0","0.012","0.035"
"clk500","-0.412","2.000","sfo/initial_estimator/owner/fft/u_xfft/U0/i_synth/axi_wrapper/sclr_int_reg/C","sfo/initial_estimator/owner/fft/u_xfft/U0/i_synth/xfft_inst/non_floating_point.arch_d.xfft_inst/FLOW/proc0_counter/i_tc_compare_reg/R","clk500","clk500","2.295","0","-0.008","0.035"
"clk500","-0.412","2.000","sfo/initial_estimator/owner/fft/u_xfft/U0/i_synth/axi_wrapper/sclr_int_reg/C","sfo/initial_estimator/owner/fft/u_xfft/U0/i_synth/xfft_inst/non_floating_point.arch_d.xfft_inst/FLOW/proc0_counter/i_tc_reg/R","clk500","clk500","2.295","0","-0.008","0.035"
"clk500","-0.411","2.000","sfo/residual_estimator/aux_service/u_xfft/U0/i_synth/xfft_inst/non_floating_point.arch_d.xfft_inst/timing_cnts_has_nfft.run_time_sel_reg[4]/C","sfo/residual_estimator/aux_service/u_xfft/U0/i_synth/xfft_inst/non_floating_point.arch_d.xfft_inst/pe_gen[3].natural_order_input.PE/bypass_muxes.din_im_mux_gen[13].reg/D","clk500","clk500","2.391","1","-0.010","0.035"
"clk500","-0.410","2.000","sfo/residual_estimator/front_stage/main/service/u_egress_fifo/gnuram_async_fifo.xpm_fifo_base_inst/xpm_fifo_rst_inst/gen_rst_ic.wr_rst_busy_ic_reg/C","sfo/residual_estimator/front_stage/main/service/u_egress_fifo/gnuram_async_fifo.xpm_fifo_base_inst/wrpp1_inst/count_value_i_reg[8]/D","clk500","clk500","2.391","5","-0.009","0.035"
"clk500","-0.410","2.000","cfo/windows/packed_windows/fifo/gnuram_async_fifo.xpm_fifo_base_inst/rdp_inst/count_value_i_reg[3]/C","cfo/windows/packed_windows/fifo/gnuram_async_fifo.xpm_fifo_base_inst/gen_sdpram.xpm_memory_base_inst/gen_wr_a.gen_word_narrow.mem_reg_bram_0/ADDRBWRADDR[8]","clk500","clk500","2.079","0","0.010","0.035"
"clk500","-0.408","2.000","sfo/residual_estimator/front_stage/main/service/u_egress_fifo/gnuram_async_fifo.xpm_fifo_base_inst/xpm_fifo_rst_inst/gen_rst_ic.wr_rst_busy_ic_reg/C","sfo/residual_estimator/front_stage/main/service/u_egress_fifo/gnuram_async_fifo.xpm_fifo_base_inst/wrpp1_inst/count_value_i_reg[6]/D","clk500","clk500","2.389","5","-0.009","0.035"
"clk500","-0.407","2.000","cfo/observation_front/fft_core/m_generation_reg[9]/C","cfo/observation_front/fft_core/tw_index_reg[8]/CE","clk500","clk500","2.302","5","-0.010","0.035"
"clk500","-0.407","2.000","cfo/observation_front/fft_core/m_generation_reg[9]/C","cfo/observation_front/fft_core/tw_index_reg[9]/CE","clk500","clk500","2.302","5","-0.010","0.035"
"clk500","-0.407","2.000","cfo/windows/window_credits/wr_reset/arststages_ff_reg[3]/C","cfo/windows/packed_windows/fifo/gnuram_async_fifo.xpm_fifo_base_inst/gen_sdpram.xpm_memory_base_inst/gen_wr_a.gen_word_narrow.mem_reg_bram_10/CASDOMUXEN_B","clk500","clk500","2.284","3","0.011","0.035"
"clk150","-0.406","6.667","sfo/two_pass_transport/first_resampling/engine/core/stream/lane_phase_reg[15][7]/C","sfo/two_pass_transport/first_resampling/engine/core/stream/lane_phase_reg[0][29]_replica/D","clk150","clk150","7.052","20","-0.007","0.035"
"clk500","-0.405","2.000","cfo/windows/fast_fault_reg/C","cfo/observation_front/fft_core/bank1_reg_bram_1/DINADIN[5]","clk500","clk500","2.132","4","0.010","0.035"
"clk500","-0.405","2.000","cfo/observation_front/fft_core/sub_i6_reg[4]/C","cfo/observation_front/fft_core/bank1_reg_bram_1/DINADIN[3]","clk500","clk500","2.136","8","0.010","0.035"
"clk500","-0.403","2.000","cfo/observation_front/fft_core/m_generation_reg[9]/C","cfo/observation_front/fft_core/offset_in_group_reg[9]/CE","clk500","clk500","2.298","5","-0.009","0.035"
"clk500","-0.403","2.000","sfo/residual_estimator/front_stage/main/service/u_xfft/U0/i_synth/axi_wrapper/sclr_int_reg/C","sfo/residual_estimator/front_stage/main/service/u_xfft/U0/i_synth/xfft_inst/non_floating_point.arch_d.xfft_inst/FLOW/reset_sustain.resets_4_pes[0].delay_reset_pe/tc_reg/S","clk500","clk500","2.286","0","-0.008","0.035"
"clk500","-0.402","2.000","sfo/residual_estimator/aux_service/u_ingress_fifo/gnuram_async_fifo.xpm_fifo_base_inst/gen_fwft.empty_fwft_i_reg/C","sfo/residual_estimator/aux_service/u_xfft/U0/i_synth/axi_wrapper/current_state_reg[1]/D","clk500","clk500","2.383","3","-0.009","0.035"
"clk150","-0.402","6.667","sfo/two_pass_transport/intermediate[0].intermediate_bank/write_gen_reg[17]/C","sfo/two_pass_transport/intermediate[0].intermediate_bank/memory/u_frame_memory/xpm_memory_base_inst/gen_wr_a.gen_word_narrow.mem_reg_uram_96/CAS_IN_BWE_B[5]","clk150","clk150","6.755","12","0.035","0.035"
"clk500","-0.401","2.000","cfo/observation_front/fft_core/input_index_reg[8]/C","cfo/observation_front/fft_core/bank0_reg_bram_0/ADDRARDADDR[14]","clk500","clk500","2.088","5","0.009","0.035"
"clk500","-0.401","2.000","cfo/windows/packed_windows/fifo/gnuram_async_fifo.xpm_fifo_base_inst/rdp_inst/count_value_i_reg[4]/C","cfo/windows/packed_windows/fifo/gnuram_async_fifo.xpm_fifo_base_inst/gen_sdpram.xpm_memory_base_inst/gen_wr_a.gen_word_narrow.mem_reg_bram_8/ADDRBWRADDR[9]","clk500","clk500","2.071","0","0.010","0.035"
"clk500","-0.401","2.000","cfo/reset_fast/arststages_ff_reg[3]/C","cfo/observation_front/fft_core/bank1_reg_bram_0/ADDRBWRADDR[11]","clk500","clk500","2.074","4","0.011","0.035"
"clk500","-0.400","2.000","cfo/reset_fast/arststages_ff_reg[3]/C","cfo/observation_front/index_iq_reg[20]/CE","clk500","clk500","2.296","4","-0.008","0.035"
"clk500","-0.400","2.000","cfo/reset_fast/arststages_ff_reg[3]/C","cfo/observation_front/index_iq_reg[21]/CE","clk500","clk500","2.296","4","-0.008","0.035"
"clk500","-0.400","2.000","cfo/reset_fast/arststages_ff_reg[3]/C","cfo/observation_front/index_iq_reg[23]/CE","clk500","clk500","2.296","4","-0.008","0.035"
"clk500","-0.400","2.000","cfo/reset_fast/arststages_ff_reg[3]/C","cfo/observation_front/index_iq_reg[9]/CE","clk500","clk500","2.296","4","-0.008","0.035"
"clk150","-0.400","6.667","sfo/two_pass_transport/intermediate[0].intermediate_bank/write_gen_reg[17]/C","sfo/two_pass_transport/intermediate[0].intermediate_bank/memory/u_frame_memory/xpm_memory_base_inst/gen_wr_a.gen_word_narrow.mem_reg_uram_95/CAS_IN_BWE_B[6]","clk150","clk150","6.718","11","0.035","0.035"
"clk500","-0.399","2.000","cfo/reset_fast/arststages_ff_reg[3]/C","cfo/observation_front/index_iq_reg[37]/CE","clk500","clk500","2.295","4","-0.009","0.035"
"clk500","-0.399","2.000","cfo/reset_fast/arststages_ff_reg[3]/C","cfo/observation_front/index_iq_reg[46]/CE","clk500","clk500","2.295","4","-0.009","0.035"
"clk500","-0.399","2.000","cfo/reset_fast/arststages_ff_reg[3]/C","cfo/observation_front/index_stage_reg[0]/CE","clk500","clk500","2.295","4","-0.009","0.035"
"clk500","-0.399","2.000","cfo/reset_fast/arststages_ff_reg[3]/C","cfo/observation_front/index_stage_reg[1]/CE","clk500","clk500","2.295","4","-0.009","0.035"
"clk500","-0.399","2.000","cfo/reset_fast/arststages_ff_reg[3]/C","cfo/observation_front/index_stage_reg[2]/CE","clk500","clk500","2.295","4","-0.009","0.035"
"clk500","-0.399","2.000","cfo/reset_fast/arststages_ff_reg[3]/C","cfo/observation_front/index_stage_reg[3]/CE","clk500","clk500","2.295","4","-0.009","0.035"
"clk500","-0.399","2.000","cfo/windows/sample_index_reg[8]/C","cfo/windows/packed_windows/fifo/gnuram_async_fifo.xpm_fifo_base_inst/rdp_inst/count_value_i_reg[10]/D","clk500","clk500","2.381","7","-0.008","0.035"
"clk500","-0.399","2.000","cfo/reset_fast/arststages_ff_reg[3]/C","cfo/observation_front/fft_core/bank1_reg_bram_1/ADDRBWRADDR[13]","clk500","clk500","2.075","4","0.012","0.035"
"clk500","-0.398","2.000","cfo/reset_fast/arststages_ff_reg[3]/C","cfo/observation_front/index_iq_reg[26]/CE","clk500","clk500","2.294","4","-0.009","0.035"
"clk500","-0.398","2.000","cfo/reset_fast/arststages_ff_reg[3]/C","cfo/observation_front/index_iq_reg[27]/CE","clk500","clk500","2.294","4","-0.009","0.035"
"clk150","-0.397","6.667","sfo/two_pass_transport/first_resampling/engine/core/stream/lane_phase_reg[5][20]/C","sfo/two_pass_transport/first_resampling/engine/core/stream/arithmetic/real_channel[11].u_real/pre_ca/g18.u_add/U0/xst_addsub/i_baseblox.i_baseblox_addsub/no_pipelining.the_addsub/i_lut6.i_lut6_addsub/i_q.i_simple.qreg/i_no_async_controls.output_reg[8]/D","clk150","clk150","7.044","9","-0.010","0.035"
"clk500","-0.397","2.000","cfo/reset_fast/arststages_ff_reg[3]/C","cfo/observation_front/fft_core/bank0_reg_bram_1/ENBWREN","clk500","clk500","2.031","4","0.011","0.035"
"clk500","-0.397","2.000","cfo/observation_front/fft_core/sub_i6_reg[4]/C","cfo/observation_front/fft_core/m_saturations_reg[1]/D","clk500","clk500","2.379","10","-0.008","0.035"
"clk500","-0.396","2.000","sfo/residual_estimator/aux_service/u_xfft/U0/i_synth/xfft_inst/non_floating_point.arch_d.xfft_inst/has_bit_reverse.no_cp.muxed_reorder_write_addr_del_reg[10]/C","sfo/residual_estimator/aux_service/u_xfft/U0/i_synth/xfft_inst/non_floating_point.arch_d.xfft_inst/has_bit_reverse.dig_rev_mem/blk_ram.use_bram_only.mem/depth_14.need_extra_rams.extra_ram_loop[1].use_RAMB18.SDP_RAMB18_1x16384/ADDRARDADDR[10]","clk500","clk500","2.086","0","0.010","0.035"
"clk500","-0.396","2.000","cfo/reset_fast/arststages_ff_reg[3]/C","cfo/observation_front/fft_core/bank0_reg_bram_0/ADDRBWRADDR[12]","clk500","clk500","2.088","4","0.011","0.035"
"clk500","-0.395","2.000","sfo/residual_estimator/front_stage/main/service/u_egress_fifo/gnuram_async_fifo.xpm_fifo_base_inst/xpm_fifo_rst_inst/gen_rst_ic.wr_rst_busy_ic_reg/C","sfo/residual_estimator/front_stage/main/service/u_egress_fifo/gnuram_async_fifo.xpm_fifo_base_inst/wrpp1_inst/count_value_i_reg[7]/D","clk500","clk500","2.376","5","-0.009","0.035"
"clk150","-0.394","6.667","sfo/two_pass_transport/first_resampling/engine/core/stream/lane_phase_reg[5][20]/C","sfo/two_pass_transport/first_resampling/engine/core/stream/arithmetic/real_channel[11].u_real/pre_ca/g18.u_add/U0/xst_addsub/i_baseblox.i_baseblox_addsub/no_pipelining.the_addsub/i_lut6.i_lut6_addsub/i_q.i_simple.qreg/i_no_async_controls.output_reg[6]/D","clk150","clk150","7.041","9","-0.010","0.035"
"clk500","-0.394","2.000","sfo/residual_estimator/aux_service/u_xfft/U0/i_synth/xfft_inst/non_floating_point.arch_d.xfft_inst/has_bit_reverse.no_cp.muxed_reorder_write_addr_del_reg[10]/C","sfo/residual_estimator/aux_service/u_xfft/U0/i_synth/xfft_inst/non_floating_point.arch_d.xfft_inst/has_bit_reverse.dig_rev_mem/blk_ram.use_bram_only.mem/depth_14.main_ram_loop[1].use_RAMB18.ram_2k_loop[3].SDP_RAMB18_9x2048/ADDRARDADDR[13]","clk500","clk500","2.084","0","0.012","0.035"
"clk500","-0.393","2.000","cfo/reset_fast/arststages_ff_reg[3]/C","cfo/observation_front/index_iq_reg[2]/CE","clk500","clk500","2.289","4","-0.009","0.035"
"clk500","-0.393","2.000","sfo/initial_estimator/owner/fft/reset_sync500/syncstages_ff_reg[3]/C","sfo/initial_estimator/owner/fft/u_egress_fifo/gnuram_async_fifo.xpm_fifo_base_inst/gen_sdpram.xpm_memory_base_inst/gen_wr_a.gen_word_narrow.mem_reg_bram_1/ENBWREN","clk500","clk500","2.028","2","0.012","0.035"
"clk500","-0.393","2.000","sfo/residual_estimator/aux_service/u_xfft/U0/i_synth/xfft_inst/non_floating_point.arch_d.xfft_inst/has_bit_reverse.no_cp.muxed_reorder_write_addr_del_reg[10]/C","sfo/residual_estimator/aux_service/u_xfft/U0/i_synth/xfft_inst/non_floating_point.arch_d.xfft_inst/has_bit_reverse.dig_rev_mem/blk_ram.use_bram_only.mem/depth_14.need_extra_rams.extra_ram_loop[2].use_RAMB18.SDP_RAMB18_1x16384/ADDRARDADDR[10]","clk500","clk500","2.083","0","0.010","0.035"
"clk500","-0.392","2.000","cfo/reset_fast/arststages_ff_reg[3]/C","cfo/observation_front/index_iq_reg[35]/CE","clk500","clk500","2.288","4","-0.009","0.035"
"clk500","-0.392","2.000","sfo/residual_estimator/front_stage/main/service/u_egress_fifo/gnuram_async_fifo.xpm_fifo_base_inst/xpm_fifo_rst_inst/gen_rst_ic.wr_rst_busy_ic_reg/C","sfo/residual_estimator/front_stage/main/service/u_egress_fifo/gnuram_async_fifo.xpm_fifo_base_inst/wrpp2_inst/count_value_i_reg[1]/D","clk500","clk500","2.372","5","-0.010","0.035"
"clk500","-0.392","2.000","cfo/reset_fast/arststages_ff_reg[3]/C","cfo/observation_front/fft_core/FSM_sequential_state_reg[0]/CE","clk500","clk500","2.288","3","-0.009","0.035"
"clk500","-0.391","2.000","sfo/initial_estimator/owner/fft/reset_sync500/syncstages_ff_reg[3]/C","sfo/initial_estimator/owner/fft/u_xfft/U0/i_synth/axi_wrapper/data_out_channel/gen_real_time.data_out_reg[28]/R","clk500","clk500","2.275","0","-0.007","0.035"
"clk500","-0.391","2.000","cfo/reset_fast/arststages_ff_reg[3]/C","cfo/observation_front/fft_core/bank0_reg_bram_0/ENBWREN","clk500","clk500","2.025","4","0.011","0.035"
"clk500","-0.390","2.000","cfo/windows/fast_fault_reg/C","cfo/observation_front/fft_core/bank1_reg_bram_1/ADDRARDADDR[4]","clk500","clk500","2.031","4","0.010","0.035"
"clk500","-0.390","2.000","sfo/residual_estimator/aux_service/u_xfft/U0/i_synth/xfft_inst/non_floating_point.arch_d.xfft_inst/FLOW/has_nfft.counter_limit_early_reg[0].max_n_int_minus_one_ff/C","sfo/residual_estimator/aux_service/u_xfft/U0/i_synth/xfft_inst/non_floating_point.arch_d.xfft_inst/pe_gen[0].natural_order_input.PE/has_addr_gen.bf2_addr_gen/cnt/i_tc_compare_reg/D","clk500","clk500","2.371","2","-0.009","0.035"
"clk500","-0.390","2.000","sfo/residual_estimator/aux_service/u_xfft/U0/i_synth/xfft_inst/non_floating_point.arch_d.xfft_inst/timing_cnts_has_nfft.run_time_sel_reg[4]/C","sfo/residual_estimator/aux_service/u_xfft/U0/i_synth/xfft_inst/non_floating_point.arch_d.xfft_inst/pe_gen[3].natural_order_input.PE/bypass_muxes.din_im_mux_gen[10].reg/D","clk500","clk500","2.370","1","-0.010","0.035"
"clk500","-0.390","2.000","cfo/observation_front/fft_core/sub_q6_reg[0]/C","cfo/observation_front/fft_core/bank0_reg_bram_0/DINADIN[14]","clk500","clk500","2.124","9","0.011","0.035"
"clk150","-0.389","6.667","sfo/two_pass_transport/intermediate[0].intermediate_bank/write_gen_reg[17]/C","sfo/two_pass_transport/intermediate[0].intermediate_bank/memory/u_frame_memory/xpm_memory_base_inst/gen_wr_a.gen_word_narrow.mem_reg_uram_161/CAS_IN_BWE_B[8]","clk150","clk150","6.638","13","0.035","0.035"
"clk500","-0.387","2.000","cfo/reset_fast/arststages_ff_reg[3]/C","cfo/observation_front/index_iq_reg[1]/CE","clk500","clk500","2.283","4","-0.009","0.035"
"clk500","-0.387","2.000","sfo/residual_estimator/front_stage/main/service/u_egress_fifo/gnuram_async_fifo.xpm_fifo_base_inst/xpm_fifo_rst_inst/gen_rst_ic.wr_rst_busy_ic_reg/C","sfo/residual_estimator/front_stage/main/service/u_egress_fifo/gnuram_async_fifo.xpm_fifo_base_inst/gen_sdpram.xpm_memory_base_inst/gen_wr_a.gen_word_narrow.mem_reg_bram_2/WEA[0]","clk500","clk500","1.967","3","0.009","0.035"
"clk150","-0.387","6.667","sfo/two_pass_transport/intermediate[0].intermediate_bank/write_gen_reg[17]/C","sfo/two_pass_transport/intermediate[0].intermediate_bank/memory/u_frame_memory/xpm_memory_base_inst/gen_wr_a.gen_word_narrow.mem_reg_uram_95/CAS_IN_BWE_B[4]","clk150","clk150","6.651","11","0.035","0.035"
"clk500","-0.386","2.000","sfo/initial_estimator/owner/fft/u_xfft/U0/i_synth/axi_wrapper/sclr_int_reg/C","sfo/initial_estimator/owner/fft/u_xfft/U0/i_synth/xfft_inst/non_floating_point.arch_d.xfft_inst/FLOW/proc0_counter/cnt_addsub/i_baseblox.i_baseblox_addsub/no_pipelining.the_addsub/i_lut6.i_lut6_addsub/i_q.i_simple.qreg/i_no_async_controls.output_reg[1]/R","clk500","clk500","2.269","0","-0.008","0.035"
"clk500","-0.386","2.000","sfo/initial_estimator/owner/fft/u_xfft/U0/i_synth/axi_wrapper/sclr_int_reg/C","sfo/initial_estimator/owner/fft/u_xfft/U0/i_synth/xfft_inst/non_floating_point.arch_d.xfft_inst/FLOW/proc0_counter/cnt_addsub/i_baseblox.i_baseblox_addsub/no_pipelining.the_addsub/i_lut6.i_lut6_addsub/i_q.i_simple.qreg/i_no_async_controls.output_reg[2]/R","clk500","clk500","2.269","0","-0.008","0.035"
"clk500","-0.386","2.000","sfo/initial_estimator/owner/fft/u_xfft/U0/i_synth/axi_wrapper/sclr_int_reg/C","sfo/initial_estimator/owner/fft/u_xfft/U0/i_synth/xfft_inst/non_floating_point.arch_d.xfft_inst/FLOW/proc0_counter/cnt_addsub/i_baseblox.i_baseblox_addsub/no_pipelining.the_addsub/i_lut6.i_lut6_addsub/i_q.i_simple.qreg/i_no_async_controls.output_reg[3]/R","clk500","clk500","2.269","0","-0.008","0.035"
"clk150","-0.385","6.667","sfo/two_pass_transport/first_resampling/engine/core/stream/lane_phase_reg[5][20]/C","sfo/two_pass_transport/first_resampling/engine/core/stream/arithmetic/real_channel[11].u_real/pre_ab2/g18.u_add/U0/xst_addsub/i_baseblox.i_baseblox_addsub/no_pipelining.the_addsub/i_lut6.i_lut6_addsub/i_q.i_simple.qreg/i_no_async_controls.output_reg[16]/D","clk150","clk150","7.032","10","-0.010","0.035"
"clk150","-0.385","6.667","sfo/two_pass_transport/first_resampling/engine/core/stream/lane_phase_reg[5][20]/C","sfo/two_pass_transport/first_resampling/engine/core/stream/arithmetic/real_channel[11].u_real/pre_ab2/g18.u_add/U0/xst_addsub/i_baseblox.i_baseblox_addsub/no_pipelining.the_addsub/i_lut6.i_lut6_addsub/i_q.i_simple.qreg/i_no_async_controls.output_reg[18]/D","clk150","clk150","7.032","11","-0.010","0.035"
"clk500","-0.385","2.000","sfo/initial_estimator/owner/fft/u_xfft/U0/i_synth/axi_wrapper/sclr_int_reg/C","sfo/initial_estimator/owner/fft/u_xfft/U0/i_synth/xfft_inst/non_floating_point.arch_d.xfft_inst/FLOW/proc0_counter/cnt_addsub/i_baseblox.i_baseblox_addsub/no_pipelining.the_addsub/i_lut6.i_lut6_addsub/i_q.i_simple.qreg/i_no_async_controls.output_reg[4]/R","clk500","clk500","2.268","0","-0.008","0.035"
"clk500","-0.385","2.000","sfo/initial_estimator/owner/fft/u_xfft/U0/i_synth/axi_wrapper/sclr_int_reg/C","sfo/initial_estimator/owner/fft/u_xfft/U0/i_synth/xfft_inst/non_floating_point.arch_d.xfft_inst/FLOW/proc0_counter/cnt_addsub/i_baseblox.i_baseblox_addsub/no_pipelining.the_addsub/i_lut6.i_lut6_addsub/i_q.i_simple.qreg/i_no_async_controls.output_reg[5]/R","clk500","clk500","2.268","0","-0.008","0.035"
"clk500","-0.385","2.000","sfo/initial_estimator/owner/fft/u_xfft/U0/i_synth/axi_wrapper/sclr_int_reg/C","sfo/initial_estimator/owner/fft/u_xfft/U0/i_synth/xfft_inst/non_floating_point.arch_d.xfft_inst/FLOW/proc0_counter/cnt_addsub/i_baseblox.i_baseblox_addsub/no_pipelining.the_addsub/i_lut6.i_lut6_addsub/i_q.i_simple.qreg/i_no_async_controls.output_reg[6]/R","clk500","clk500","2.268","0","-0.008","0.035"
"clk500","-0.385","2.000","sfo/initial_estimator/owner/fft/u_xfft/U0/i_synth/axi_wrapper/sclr_int_reg/C","sfo/initial_estimator/owner/fft/u_xfft/U0/i_synth/xfft_inst/non_floating_point.arch_d.xfft_inst/FLOW/proc0_counter/cnt_addsub/i_baseblox.i_baseblox_addsub/no_pipelining.the_addsub/i_lut6.i_lut6_addsub/i_q.i_simple.qreg/i_no_async_controls.output_reg[7]/R","clk500","clk500","2.268","0","-0.008","0.035"
"clk500","-0.385","2.000","sfo/residual_estimator/front_stage/main/service/u_xfft/U0/i_synth/axi_wrapper/sclr_int_reg/C","sfo/residual_estimator/front_stage/main/service/u_xfft/U0/i_synth/xfft_inst/non_floating_point.arch_d.xfft_inst/has_bit_reverse.pe_natural_out_reg[11]/R","clk500","clk500","2.267","1","-0.009","0.035"
"clk500","-0.385","2.000","sfo/residual_estimator/front_stage/main/service/u_xfft/U0/i_synth/axi_wrapper/sclr_int_reg/C","sfo/residual_estimator/front_stage/main/service/u_xfft/U0/i_synth/xfft_inst/non_floating_point.arch_d.xfft_inst/has_bit_reverse.pe_natural_out_reg[12]/R","clk500","clk500","2.267","1","-0.009","0.035"
"clk500","-0.385","2.000","sfo/residual_estimator/front_stage/main/service/u_xfft/U0/i_synth/axi_wrapper/sclr_int_reg/C","sfo/residual_estimator/front_stage/main/service/u_xfft/U0/i_synth/xfft_inst/non_floating_point.arch_d.xfft_inst/has_bit_reverse.pe_natural_out_reg[13]/R","clk500","clk500","2.267","1","-0.009","0.035"
"clk500","-0.385","2.000","sfo/residual_estimator/front_stage/main/service/u_xfft/U0/i_synth/axi_wrapper/sclr_int_reg/C","sfo/residual_estimator/front_stage/main/service/u_xfft/U0/i_synth/xfft_inst/non_floating_point.arch_d.xfft_inst/has_bit_reverse.pe_natural_out_reg[15]/R","clk500","clk500","2.267","1","-0.009","0.035"
"clk500","-0.385","2.000","sfo/residual_estimator/front_stage/main/service/u_xfft/U0/i_synth/axi_wrapper/sclr_int_reg/C","sfo/residual_estimator/front_stage/main/service/u_xfft/U0/i_synth/xfft_inst/non_floating_point.arch_d.xfft_inst/has_bit_reverse.pe_natural_out_reg[16]/R","clk500","clk500","2.267","1","-0.009","0.035"
"clk500","-0.385","2.000","sfo/residual_estimator/front_stage/main/service/u_xfft/U0/i_synth/axi_wrapper/sclr_int_reg/C","sfo/residual_estimator/front_stage/main/service/u_xfft/U0/i_synth/xfft_inst/non_floating_point.arch_d.xfft_inst/has_bit_reverse.pe_natural_out_reg[18]/R","clk500","clk500","2.267","1","-0.009","0.035"
"clk500","-0.385","2.000","sfo/residual_estimator/front_stage/main/service/u_xfft/U0/i_synth/axi_wrapper/sclr_int_reg/C","sfo/residual_estimator/front_stage/main/service/u_xfft/U0/i_synth/xfft_inst/non_floating_point.arch_d.xfft_inst/has_bit_reverse.pe_natural_out_reg[20]/R","clk500","clk500","2.267","1","-0.009","0.035"
"clk500","-0.385","2.000","sfo/residual_estimator/front_stage/main/service/u_xfft/U0/i_synth/axi_wrapper/sclr_int_reg/C","sfo/residual_estimator/front_stage/main/service/u_xfft/U0/i_synth/xfft_inst/non_floating_point.arch_d.xfft_inst/has_bit_reverse.pe_natural_out_reg[24]/R","clk500","clk500","2.267","1","-0.009","0.035"
"clk150","-0.384","6.667","sfo/two_pass_transport/first_resampling/engine/core/stream/lane_phase_reg[5][20]/C","sfo/two_pass_transport/first_resampling/engine/core/stream/arithmetic/real_channel[11].u_real/pre_ab2/g18.u_add/U0/xst_addsub/i_baseblox.i_baseblox_addsub/no_pipelining.the_addsub/i_lut6.i_lut6_addsub/i_q.i_simple.qreg/i_no_async_controls.output_reg[14]/D","clk150","clk150","7.031","10","-0.010","0.035"
"clk500","-0.384","2.000","cfo/observation_front/fft_core/m_generation_reg[9]/C","cfo/observation_front/fft_core/m_saturations_reg[3]/CE","clk500","clk500","2.279","6","-0.010","0.035"
"clk500","-0.384","2.000","cfo/observation_front/fft_core/m_generation_reg[9]/C","cfo/observation_front/fft_core/m_saturations_reg[4]/CE","clk500","clk500","2.279","6","-0.010","0.035"
"clk500","-0.384","2.000","cfo/observation_front/fft_core/m_generation_reg[9]/C","cfo/observation_front/fft_core/m_saturations_reg[7]/CE","clk500","clk500","2.279","6","-0.010","0.035"
"clk150","-0.384","6.667","poison_sync/syncstages_ff_reg[3]/C","cfo/coarse_banks[1].memory/u_frame_memory/xpm_memory_base_inst/gen_wr_a.gen_word_narrow.mem_reg_uram_7/CAS_IN_BWE_B[6]","clk150","clk150","6.702","12","0.035","0.035"
"clk150","-0.383","6.667","sfo/two_pass_transport/first_resampling/engine/core/stream/lane_phase_reg[5][20]/C","sfo/two_pass_transport/first_resampling/engine/core/stream/arithmetic/real_channel[11].u_real/pre_ca/g18.u_add/U0/xst_addsub/i_baseblox.i_baseblox_addsub/no_pipelining.the_addsub/i_lut6.i_lut6_addsub/i_q.i_simple.qreg/i_no_async_controls.output_reg[7]/D","clk150","clk150","7.030","9","-0.010","0.035"
"clk500","-0.383","2.000","sfo/residual_estimator/aux_service/u_xfft/U0/i_synth/xfft_inst/non_floating_point.arch_d.xfft_inst/timing_cnts_has_nfft.run_time_sel_reg[4]/C","sfo/residual_estimator/aux_service/u_xfft/U0/i_synth/xfft_inst/non_floating_point.arch_d.xfft_inst/pe_gen[3].natural_order_input.PE/bypass_muxes.din_im_mux_gen[14].reg/D","clk500","clk500","2.363","1","-0.010","0.035"
"clk500","-0.381","2.000","cfo/observation_front/fft_core/input_index_reg[8]/C","cfo/observation_front/fft_core/bank0_reg_bram_0/ADDRARDADDR[5]","clk500","clk500","2.003","5","0.009","0.035"
"clk500","-0.381","2.000","cfo/windows/fast_fault_reg/C","cfo/observation_front/fft_core/bank1_reg_bram_1/DINADIN[6]","clk500","clk500","2.119","4","0.010","0.035"
"clk500","-0.381","2.000","cfo/observation_front/fft_core/m_generation_reg[9]/C","cfo/observation_front/fft_core/tw_index_reg[0]/CE","clk500","clk500","2.276","5","-0.010","0.035"
"clk500","-0.381","2.000","cfo/observation_front/fft_core/m_generation_reg[9]/C","cfo/observation_front/fft_core/tw_index_reg[1]/CE","clk500","clk500","2.276","5","-0.010","0.035"
"clk500","-0.381","2.000","cfo/observation_front/fft_core/m_generation_reg[9]/C","cfo/observation_front/fft_core/tw_index_reg[3]/CE","clk500","clk500","2.276","5","-0.010","0.035"
"clk500","-0.381","2.000","cfo/observation_front/fft_core/m_generation_reg[9]/C","cfo/observation_front/fft_core/tw_index_reg[4]/CE","clk500","clk500","2.276","5","-0.010","0.035"
"clk500","-0.381","2.000","sfo/residual_estimator/aux_service/configured_reg/C","sfo/residual_estimator/aux_service/u_xfft/U0/i_synth/axi_wrapper/config_channel_fifo/gen_real_time.data_out_reg[15]/CE","clk500","clk500","2.277","2","-0.009","0.035"
"clk500","-0.381","2.000","sfo/residual_estimator/aux_service/configured_reg/C","sfo/residual_estimator/aux_service/u_xfft/U0/i_synth/axi_wrapper/config_channel_fifo/gen_real_time.data_out_reg[16]/CE","clk500","clk500","2.277","2","-0.009","0.035"
"clk500","-0.381","2.000","sfo/residual_estimator/aux_service/configured_reg/C","sfo/residual_estimator/aux_service/u_xfft/U0/i_synth/axi_wrapper/config_channel_fifo/gen_real_time.data_out_reg[6]/CE","clk500","clk500","2.277","2","-0.009","0.035"
"clk500","-0.380","2.000","cfo/reset_fast/arststages_ff_reg[3]/C","cfo/observation_front/fft_core/bank0_reg_bram_0/ADDRBWRADDR[7]","clk500","clk500","2.071","4","0.011","0.035"
"clk500","-0.380","2.000","cfo/observation_front/fft_core/m_generation_reg[9]/C","cfo/observation_front/fft_core/m_saturations_reg[0]/CE","clk500","clk500","2.276","6","-0.010","0.035"
"clk500","-0.378","2.000","cfo/observation_front/fft_core/FSM_sequential_state_reg[1]_rep/C","cfo/observation_front/fft_core/tag_reg[3][row_b][3]/CE","clk500","clk500","2.275","1","-0.007","0.035"
"clk500","-0.378","2.000","cfo/windows/fast_fault_reg/C","cfo/observation_front/fft_core/bank0_reg_bram_1/ENARDEN","clk500","clk500","2.013","3","0.012","0.035"
"clk500","-0.378","2.000","cfo/observation_front/fft_core/sub_q6_reg[0]/C","cfo/observation_front/fft_core/m_saturations_reg[2]/D","clk500","clk500","2.361","11","-0.007","0.035"
"clk500","-0.377","2.000","cfo/windows/sample_index_reg[8]/C","cfo/windows/packed_windows/fifo/gnuram_async_fifo.xpm_fifo_base_inst/rdp_inst/count_value_i_reg[10]_replica/D","clk500","clk500","2.359","7","-0.008","0.035"
"clk500","-0.377","2.000","cfo/windows/packed_windows/fifo/gnuram_async_fifo.xpm_fifo_base_inst/rdp_inst/count_value_i_reg[3]/C","cfo/windows/packed_windows/fifo/gnuram_async_fifo.xpm_fifo_base_inst/gen_sdpram.xpm_memory_base_inst/gen_wr_a.gen_word_narrow.mem_reg_bram_2/ADDRBWRADDR[8]","clk500","clk500","2.046","0","0.010","0.035"
"clk500","-0.375","2.000","cfo/observation_front/fft_core/FSM_sequential_state_reg[1]_rep/C","cfo/observation_front/fft_core/tag_reg[3][row_b][2]/CE","clk500","clk500","2.272","1","-0.007","0.035"
"clk500","-0.375","2.000","cfo/observation_front/fft_core/FSM_sequential_state_reg[1]_rep/C","cfo/observation_front/fft_core/tag_reg[3][row_b][5]/CE","clk500","clk500","2.272","1","-0.007","0.035"
"clk500","-0.375","2.000","cfo/windows/fast_fault_reg/C","cfo/observation_front/fft_core/bank1_reg_bram_0/ADDRARDADDR[5]","clk500","clk500","1.998","4","0.010","0.035"
"clk150","-0.375","6.667","sfo/two_pass_transport/intermediate[0].intermediate_bank/write_gen_reg[17]/C","sfo/two_pass_transport/intermediate[0].intermediate_bank/memory/u_frame_memory/xpm_memory_base_inst/gen_wr_a.gen_word_narrow.mem_reg_uram_160/CAS_IN_EN_A","clk150","clk150","6.602","12","0.035","0.035"
"clk150","-0.375","6.667","sfo/two_pass_transport/intermediate[0].intermediate_bank/write_gen_reg[17]/C","sfo/two_pass_transport/intermediate[0].intermediate_bank/memory/u_frame_memory/xpm_memory_base_inst/gen_wr_a.gen_word_narrow.mem_reg_uram_105/CAS_IN_BWE_B[6]","clk150","clk150","6.693","13","0.035","0.035"
"clk500","-0.374","2.000","cfo/reset_fast/arststages_ff_reg[3]/C","cfo/observation_front/index_iq_reg[3]/CE","clk500","clk500","2.270","4","-0.008","0.035"
"clk500","-0.374","2.000","sfo/residual_estimator/front_stage/main/service/u_egress_fifo/gnuram_async_fifo.xpm_fifo_base_inst/xpm_fifo_rst_inst/gen_rst_ic.wr_rst_busy_ic_reg/C","sfo/residual_estimator/front_stage/main/service/u_egress_fifo/gnuram_async_fifo.xpm_fifo_base_inst/wrpp1_inst/count_value_i_reg[5]/D","clk500","clk500","2.355","5","-0.009","0.035"
"clk150","-0.374","6.667","sfo/two_pass_transport/intermediate[0].intermediate_bank/write_gen_reg[17]/C","sfo/two_pass_transport/intermediate[0].intermediate_bank/memory/u_frame_memory/xpm_memory_base_inst/gen_wr_a.gen_word_narrow.mem_reg_uram_120/CAS_IN_BWE_B[1]","clk150","clk150","6.735","12","0.035","0.035"
"clk150","-0.374","6.667","sfo/two_pass_transport/intermediate[0].intermediate_bank/write_gen_reg[17]/C","sfo/two_pass_transport/intermediate[0].intermediate_bank/memory/u_frame_memory/xpm_memory_base_inst/gen_wr_a.gen_word_narrow.mem_reg_uram_96/CAS_IN_BWE_B[0]","clk150","clk150","6.729","12","0.035","0.035"
"clk150","-0.372","6.667","sfo/two_pass_transport/second_resampling/engine/core/stream/lane_phase_reg[0][3]/C","sfo/two_pass_transport/second_resampling/engine/state_reg[0]/CE","clk150","clk150","6.936","20","-0.008","0.035"
"clk150","-0.372","6.667","sfo/two_pass_transport/second_resampling/engine/core/stream/lane_phase_reg[0][3]/C","sfo/two_pass_transport/second_resampling/engine/state_reg[1]/CE","clk150","clk150","6.936","20","-0.008","0.035"
"clk150","-0.372","6.667","sfo/two_pass_transport/second_resampling/engine/core/stream/lane_phase_reg[0][3]/C","sfo/two_pass_transport/second_resampling/engine/state_reg[2]/CE","clk150","clk150","6.936","20","-0.008","0.035"
"clk500","-0.372","2.000","cfo/reset_fast/arststages_ff_reg[3]/C","cfo/observation_front/index_iq_reg[17]/CE","clk500","clk500","2.268","4","-0.008","0.035"
"clk500","-0.372","2.000","cfo/reset_fast/arststages_ff_reg[3]/C","cfo/observation_front/index_iq_reg[5]/CE","clk500","clk500","2.268","4","-0.008","0.035"
"clk150","-0.372","6.667","sfo/two_pass_transport/first_resampling/engine/core/stream/lane_phase_reg[5][20]/C","sfo/two_pass_transport/first_resampling/engine/core/stream/arithmetic/real_channel[11].u_real/pre_ab2/g18.u_add/U0/xst_addsub/i_baseblox.i_baseblox_addsub/no_pipelining.the_addsub/i_lut6.i_lut6_addsub/i_q.i_simple.qreg/i_no_async_controls.output_reg[15]/D","clk150","clk150","7.019","10","-0.010","0.035"
"clk500","-0.372","2.000","sfo/initial_estimator/owner/fft/reset_sync500/syncstages_ff_reg[3]/C","sfo/initial_estimator/owner/fft/u_egress_fifo/gnuram_async_fifo.xpm_fifo_base_inst/gen_sdpram.xpm_memory_base_inst/gen_wr_a.gen_word_narrow.mem_reg_bram_0/WEBWE[1]","clk500","clk500","1.955","2","0.012","0.035"
"clk150","-0.371","6.667","poison_sync/syncstages_ff_reg[3]/C","cfo/coarse_banks[1].memory/u_frame_memory/xpm_memory_base_inst/gen_wr_a.gen_word_narrow.mem_reg_uram_7/CAS_IN_BWE_B[7]","clk150","clk150","6.593","12","0.035","0.035"
"clk500","-0.369","2.000","cfo/windows/sample_index_reg[8]/C","cfo/windows/packed_windows/fifo/gnuram_async_fifo.xpm_fifo_base_inst/gen_sdpram.xpm_memory_base_inst/gen_wr_a.gen_word_narrow.mem_reg_bram_3/REGCEB","clk500","clk500","2.113","4","0.012","0.035"
"clk500","-0.368","2.000","sfo/residual_estimator/front_stage/main/service/u_egress_fifo/gnuram_async_fifo.xpm_fifo_base_inst/xpm_fifo_rst_inst/gen_rst_ic.wr_rst_busy_ic_reg/C","sfo/residual_estimator/front_stage/main/service/u_egress_fifo/gnuram_async_fifo.xpm_fifo_base_inst/gen_sdpram.xpm_memory_base_inst/gen_wr_a.gen_word_narrow.mem_reg_bram_3/ENARDEN","clk500","clk500","2.000","3","0.009","0.035"
"clk150","-0.368","6.667","sfo/two_pass_transport/first_resampling/engine/core/stream/lane_phase_reg[11][15]/C","sfo/two_pass_transport/first_resampling/engine/core/stream/arithmetic/real_channel[23].u_real/pre_ca/g18.u_add/U0/xst_addsub/i_baseblox.i_baseblox_addsub/no_pipelining.the_addsub/i_lut6.i_lut6_addsub/i_q.i_simple.qreg/i_no_async_controls.output_reg[16]/D","clk150","clk150","7.015","11","-0.010","0.035"
"clk500","-0.368","2.000","cfo/reset_fast/arststages_ff_reg[3]/C","cfo/observation_front/fft_core/bank1_reg_bram_1/ADDRBWRADDR[12]","clk500","clk500","2.076","4","0.012","0.035"
"clk150","-0.367","6.667","sfo/two_pass_transport/first_resampling/engine/core/stream/lane_phase_reg[11][15]/C","sfo/two_pass_transport/first_resampling/engine/core/stream/arithmetic/real_channel[23].u_real/pre_ca/g18.u_add/U0/xst_addsub/i_baseblox.i_baseblox_addsub/no_pipelining.the_addsub/i_lut6.i_lut6_addsub/i_q.i_simple.qreg/i_no_async_controls.output_reg[14]/D","clk150","clk150","7.014","11","-0.010","0.035"
"clk500","-0.367","2.000","cfo/observation_front/fft_core/FSM_sequential_state_reg[1]_rep/C","cfo/observation_front/fft_core/tag_reg[2][row_b][3]/CE","clk500","clk500","2.264","1","-0.007","0.035"
"clk150","-0.366","6.667","sfo/two_pass_transport/intermediate[0].intermediate_bank/write_gen_reg[17]/C","sfo/two_pass_transport/intermediate[0].intermediate_bank/memory/u_frame_memory/xpm_memory_base_inst/gen_wr_a.gen_word_narrow.mem_reg_uram_161/CAS_IN_BWE_B[4]","clk150","clk150","6.630","13","0.035","0.035"
"clk150","-0.365","6.667","sfo/two_pass_transport/first_resampling/engine/core/stream/lane_phase_reg[5][20]/C","sfo/two_pass_transport/first_resampling/engine/core/stream/arithmetic/real_channel[11].u_real/pre_ab2/g18.u_add/U0/xst_addsub/i_baseblox.i_baseblox_addsub/no_pipelining.the_addsub/i_lut6.i_lut6_addsub/i_q.i_simple.qreg/i_no_async_controls.output_reg[17]/D","clk150","clk150","7.012","11","-0.010","0.035"
"clk500","-0.365","2.000","cfo/windows/fast_fault_reg/C","cfo/observation_front/fft_core/bank1_reg_bram_0/ADDRARDADDR[9]","clk500","clk500","2.063","5","0.010","0.035"
"clk500","-0.364","2.000","cfo/windows/fast_fault_reg/C","cfo/observation_front/fft_core/bank1_reg_bram_0/ADDRARDADDR[7]","clk500","clk500","2.072","5","0.010","0.035"
"clk500","-0.364","2.000","cfo/reset_fast/arststages_ff_reg[3]/C","cfo/observation_front/fft_core/bank0_reg_bram_0/ADDRBWRADDR[6]","clk500","clk500","2.053","4","0.011","0.035"
"clk500","-0.364","2.000","cfo/reset_fast/arststages_ff_reg[3]/C","cfo/observation_front/fft_core/bank1_reg_bram_0/REGCEB","clk500","clk500","2.107","2","0.011","0.035"
"clk150","-0.364","6.667","sfo/two_pass_transport/intermediate[0].intermediate_bank/write_gen_reg[17]/C","sfo/two_pass_transport/intermediate[0].intermediate_bank/memory/u_frame_memory/xpm_memory_base_inst/gen_wr_a.gen_word_narrow.mem_reg_uram_161/CAS_IN_BWE_B[2]","clk150","clk150","6.725","13","0.035","0.035"
"clk500","-0.362","2.000","sfo/residual_estimator/aux_service/u_xfft/U0/i_synth/xfft_inst/non_floating_point.arch_d.xfft_inst/has_bit_reverse.no_cp.muxed_reorder_write_addr_del_reg[10]/C","sfo/residual_estimator/aux_service/u_xfft/U0/i_synth/xfft_inst/non_floating_point.arch_d.xfft_inst/has_bit_reverse.dig_rev_mem/blk_ram.use_bram_only.mem/depth_14.main_ram_loop[1].use_RAMB18.ram_2k_loop[0].SDP_RAMB18_9x2048/ADDRARDADDR[13]","clk500","clk500","2.069","0","0.010","0.035"
"clk500","-0.361","2.000","cfo/reset_fast/arststages_ff_reg[3]/C","cfo/observation_front/index_iq_reg[34]/CE","clk500","clk500","2.257","4","-0.008","0.035"
"clk150","-0.361","6.667","sfo/two_pass_transport/first_resampling/engine/core/stream/lane_phase_reg[5][20]/C","sfo/two_pass_transport/first_resampling/engine/core/stream/arithmetic/real_channel[11].u_real/pre_ca/g18.u_add/U0/xst_addsub/i_baseblox.i_baseblox_addsub/no_pipelining.the_addsub/i_lut6.i_lut6_addsub/i_q.i_simple.qreg/i_no_async_controls.output_reg[5]/D","clk150","clk150","7.008","9","-0.010","0.035"
"clk500","-0.361","2.000","sfo/residual_estimator/front_stage/main/service/u_xfft/U0/i_synth/axi_wrapper/sclr_int_reg/C","sfo/residual_estimator/front_stage/main/service/u_xfft/U0/i_synth/xfft_inst/non_floating_point.arch_d.xfft_inst/reset_delays[0].first.reset_del_reg[0]/D","clk500","clk500","2.343","0","-0.008","0.035"
"clk500","-0.360","2.000","cfo/observation_front/fft_core/m_generation_reg[9]/C","cfo/observation_front/fft_core/tw_index_reg[2]/CE","clk500","clk500","2.255","5","-0.010","0.035"
"clk500","-0.360","2.000","cfo/observation_front/fft_core/m_generation_reg[9]/C","cfo/observation_front/fft_core/tw_index_reg[5]/CE","clk500","clk500","2.255","5","-0.010","0.035"
"clk500","-0.360","2.000","cfo/observation_front/fft_core/m_generation_reg[9]/C","cfo/observation_front/fft_core/tw_index_reg[6]/CE","clk500","clk500","2.255","5","-0.010","0.035"
"clk500","-0.360","2.000","cfo/observation_front/fft_core/m_generation_reg[9]/C","cfo/observation_front/fft_core/tw_index_reg[7]/CE","clk500","clk500","2.255","5","-0.010","0.035"
"clk500","-0.359","2.000","sfo/initial_estimator/owner/fft/reset_sync500/syncstages_ff_reg[3]/C","sfo/initial_estimator/owner/fft/u_egress_fifo/gnuram_async_fifo.xpm_fifo_base_inst/gen_sdpram.xpm_memory_base_inst/gen_wr_a.gen_word_narrow.mem_reg_bram_0/WEBWE[0]","clk500","clk500","1.942","2","0.012","0.035"
"clk500","-0.359","2.000","cfo/reset_fast/arststages_ff_reg[3]/C","cfo/observation_front/fft_core/bank1_reg_bram_1/ADDRBWRADDR[11]","clk500","clk500","2.076","4","0.012","0.035"
"clk500","-0.358","2.000","cfo/observation_front/fft_core/m_generation_reg[9]/C","cfo/observation_front/fft_core/m_saturations_reg[14]/CE","clk500","clk500","2.253","6","-0.009","0.035"
"clk500","-0.358","2.000","cfo/observation_front/fft_core/m_generation_reg[9]/C","cfo/observation_front/fft_core/m_saturations_reg[15]/CE","clk500","clk500","2.253","6","-0.009","0.035"
"clk500","-0.358","2.000","cfo/observation_front/fft_core/m_generation_reg[9]/C","cfo/observation_front/fft_core/m_saturations_reg[8]/CE","clk500","clk500","2.253","6","-0.009","0.035"
"clk500","-0.356","2.000","cfo/observation_front/fft_core/m_generation_reg[9]/C","cfo/observation_front/fft_core/m_saturations_reg[11]/CE","clk500","clk500","2.251","6","-0.009","0.035"
"clk500","-0.356","2.000","sfo/residual_estimator/aux_service/u_xfft/U0/i_synth/xfft_inst/non_floating_point.arch_d.xfft_inst/timing_cnts_has_nfft.run_time_sel_reg[4]/C","sfo/residual_estimator/aux_service/u_xfft/U0/i_synth/xfft_inst/non_floating_point.arch_d.xfft_inst/pe_gen[3].natural_order_input.PE/bypass_muxes.din_re_mux_gen[6].reg/D","clk500","clk500","2.336","1","-0.010","0.035"
"clk500","-0.355","2.000","sfo/residual_estimator/aux_service/u_xfft/U0/i_synth/xfft_inst/non_floating_point.arch_d.xfft_inst/pe_gen[0].natural_order_input.PE/has_addr_gen.bf2_addr_gen/output_cnt.reg_next_start/C","sfo/residual_estimator/aux_service/u_xfft/U0/i_synth/xfft_inst/non_floating_point.arch_d.xfft_inst/pe_gen[0].natural_order_input.PE/has_tw_out_fwd_inv_gen.tw_fwd_inv_reg/CE","clk500","clk500","2.251","0","-0.010","0.035"
"clk500","-0.355","2.000","sfo/residual_estimator/front_stage/main/service/u_xfft/U0/i_synth/axi_wrapper/sclr_int_reg/C","sfo/residual_estimator/front_stage/main/service/u_xfft/U0/i_synth/xfft_inst/non_floating_point.arch_d.xfft_inst/FLOW/reset_sustain.resets_4_pes[3].delay_reset_pe/count_addsub_reg[0].addsub_reg/R","clk500","clk500","2.237","0","-0.009","0.035"
"clk500","-0.355","2.000","sfo/residual_estimator/front_stage/main/service/u_xfft/U0/i_synth/axi_wrapper/sclr_int_reg/C","sfo/residual_estimator/front_stage/main/service/u_xfft/U0/i_synth/xfft_inst/non_floating_point.arch_d.xfft_inst/FLOW/reset_sustain.resets_4_pes[3].delay_reset_pe/count_addsub_reg[1].addsub_reg/R","clk500","clk500","2.237","0","-0.009","0.035"
"clk500","-0.355","2.000","sfo/residual_estimator/front_stage/main/service/u_xfft/U0/i_synth/axi_wrapper/sclr_int_reg/C","sfo/residual_estimator/front_stage/main/service/u_xfft/U0/i_synth/xfft_inst/non_floating_point.arch_d.xfft_inst/FLOW/reset_sustain.resets_4_pes[3].delay_reset_pe/count_addsub_reg[2].addsub_reg/R","clk500","clk500","2.237","0","-0.009","0.035"
"clk500","-0.355","2.000","sfo/residual_estimator/front_stage/main/service/u_xfft/U0/i_synth/axi_wrapper/sclr_int_reg/C","sfo/residual_estimator/front_stage/main/service/u_xfft/U0/i_synth/xfft_inst/non_floating_point.arch_d.xfft_inst/FLOW/reset_sustain.resets_4_pes[3].delay_reset_pe/count_addsub_reg[3].addsub_reg/R","clk500","clk500","2.237","0","-0.009","0.035"
"clk150","-0.355","6.667","sfo/two_pass_transport/first_resampling/engine/core/stream/lane_phase_reg[11][15]/C","sfo/two_pass_transport/first_resampling/engine/core/stream/arithmetic/real_channel[23].u_real/pre_ca/g18.u_add/U0/xst_addsub/i_baseblox.i_baseblox_addsub/no_pipelining.the_addsub/i_lut6.i_lut6_addsub/i_q.i_simple.qreg/i_no_async_controls.output_reg[15]/D","clk150","clk150","7.002","11","-0.010","0.035"
"clk500","-0.355","2.000","cfo/reset_fast/arststages_ff_reg[3]/C","cfo/observation_front/fft_core/bank1_reg_bram_1/ADDRBWRADDR[4]","clk500","clk500","1.973","4","0.012","0.035"
"clk150","-0.354","6.667","sfo/two_pass_transport/first_resampling/engine/core/stream/lane_phase_reg[5][20]/C","sfo/two_pass_transport/first_resampling/engine/core/stream/arithmetic/real_channel[11].u_real/pre_ab2/g18.u_add/U0/xst_addsub/i_baseblox.i_baseblox_addsub/no_pipelining.the_addsub/i_lut6.i_lut6_addsub/i_q.i_simple.qreg/i_no_async_controls.output_reg[13]/D","clk150","clk150","7.001","10","-0.010","0.035"
"clk500","-0.354","2.000","sfo/residual_estimator/front_stage/main/service/u_xfft/U0/i_synth/axi_wrapper/sclr_int_reg/C","sfo/residual_estimator/front_stage/main/service/u_xfft/U0/i_synth/xfft_inst/non_floating_point.arch_d.xfft_inst/FLOW/reset_sustain.resets_4_pes[3].delay_reset_pe/count_addsub_reg[4].addsub_reg/R","clk500","clk500","2.236","0","-0.009","0.035"
"clk500","-0.354","2.000","sfo/residual_estimator/front_stage/main/service/u_xfft/U0/i_synth/axi_wrapper/sclr_int_reg/C","sfo/residual_estimator/front_stage/main/service/u_xfft/U0/i_synth/xfft_inst/non_floating_point.arch_d.xfft_inst/FLOW/reset_sustain.resets_4_pes[3].delay_reset_pe/count_addsub_reg[5].addsub_reg/R","clk500","clk500","2.236","0","-0.009","0.035"
"clk500","-0.354","2.000","sfo/residual_estimator/aux_service/u_xfft/U0/i_synth/xfft_inst/non_floating_point.arch_d.xfft_inst/has_bit_reverse.natural_order_address_muxing.muxed_reorder_read_addr_reg[13]/C","sfo/residual_estimator/aux_service/u_xfft/U0/i_synth/xfft_inst/non_floating_point.arch_d.xfft_inst/has_bit_reverse.dig_rev_mem/blk_ram.use_bram_only.mem/depth_14.need_extra_rams.extra_ram_loop[3].use_RAMB18.SDP_RAMB18_1x16384/ADDRBWRADDR[13]","clk500","clk500","2.002","0","0.012","0.035"
"clk500","-0.353","2.000","cfo/windows/packed_windows/fifo/gnuram_async_fifo.xpm_fifo_base_inst/rdp_inst/count_value_i_reg[2]/C","cfo/windows/packed_windows/fifo/gnuram_async_fifo.xpm_fifo_base_inst/gen_sdpram.xpm_memory_base_inst/gen_wr_a.gen_word_narrow.mem_reg_bram_13/ADDRBWRADDR[6]","clk500","clk500","2.041","0","0.010","0.035"
"clk500","-0.353","2.000","sfo/residual_estimator/front_stage/main/service/u_xfft/U0/i_synth/axi_wrapper/sclr_int_reg/C","sfo/residual_estimator/front_stage/main/service/u_xfft/U0/i_synth/xfft_inst/non_floating_point.arch_d.xfft_inst/FLOW/reset_sustain.resets_4_pes[0].delay_reset_pe/count_addsub_reg[0].addsub_reg/R","clk500","clk500","2.236","0","-0.008","0.035"
"clk500","-0.353","2.000","sfo/residual_estimator/front_stage/main/service/u_xfft/U0/i_synth/axi_wrapper/sclr_int_reg/C","sfo/residual_estimator/front_stage/main/service/u_xfft/U0/i_synth/xfft_inst/non_floating_point.arch_d.xfft_inst/FLOW/reset_sustain.resets_4_pes[0].delay_reset_pe/count_addsub_reg[1].addsub_reg/R","clk500","clk500","2.236","0","-0.008","0.035"
"clk500","-0.353","2.000","sfo/residual_estimator/front_stage/main/service/u_xfft/U0/i_synth/axi_wrapper/sclr_int_reg/C","sfo/residual_estimator/front_stage/main/service/u_xfft/U0/i_synth/xfft_inst/non_floating_point.arch_d.xfft_inst/FLOW/reset_sustain.resets_4_pes[0].delay_reset_pe/count_addsub_reg[2].addsub_reg/R","clk500","clk500","2.236","0","-0.008","0.035"
"clk500","-0.353","2.000","sfo/residual_estimator/front_stage/main/service/u_xfft/U0/i_synth/axi_wrapper/sclr_int_reg/C","sfo/residual_estimator/front_stage/main/service/u_xfft/U0/i_synth/xfft_inst/non_floating_point.arch_d.xfft_inst/FLOW/reset_sustain.resets_4_pes[0].delay_reset_pe/count_addsub_reg[3].addsub_reg/R","clk500","clk500","2.236","0","-0.008","0.035"
"clk500","-0.353","2.000","cfo/reset_fast/arststages_ff_reg[3]/C","cfo/observation_front/fft_core/bank1_reg_bram_0/ADDRBWRADDR[8]","clk500","clk500","2.023","4","0.011","0.035"
"clk500","-0.352","2.000","sfo/residual_estimator/aux_service/u_xfft/U0/i_synth/xfft_inst/non_floating_point.arch_d.xfft_inst/FLOW/proc0_counter/cnt_addsub/i_baseblox.i_baseblox_addsub/no_pipelining.the_addsub/i_lut6.i_lut6_addsub/i_q.i_simple.qreg/i_no_async_controls.output_reg[9]/C","sfo/residual_estimator/aux_service/u_xfft/U0/i_synth/axi_wrapper/frames_in_progress_reg[2]/D","clk500","clk500","2.332","4","-0.010","0.035"
"clk150","-0.352","6.667","sfo/two_pass_transport/intermediate[0].intermediate_bank/write_gen_reg[17]/C","sfo/two_pass_transport/intermediate[0].intermediate_bank/memory/u_frame_memory/xpm_memory_base_inst/gen_wr_a.gen_word_narrow.mem_reg_uram_95/CAS_IN_BWE_B[7]","clk150","clk150","6.574","11","0.035","0.035"
"clk150","-0.351","6.667","sfo/two_pass_transport/first_resampling/engine/core/stream/lane_phase_reg[5][20]/C","sfo/two_pass_transport/first_resampling/engine/core/stream/arithmetic/real_channel[11].u_real/pre_ab2/g18.u_add/U0/xst_addsub/i_baseblox.i_baseblox_addsub/no_pipelining.the_addsub/i_lut6.i_lut6_addsub/i_q.i_simple.qreg/i_no_async_controls.output_reg[12]/D","clk150","clk150","6.998","10","-0.010","0.035"
"clk500","-0.351","2.000","cfo/windows/packed_windows/fifo/gnuram_async_fifo.xpm_fifo_base_inst/rdp_inst/count_value_i_reg[4]/C","cfo/windows/packed_windows/fifo/gnuram_async_fifo.xpm_fifo_base_inst/gen_sdpram.xpm_memory_base_inst/gen_wr_a.gen_word_narrow.mem_reg_bram_11/ADDRBWRADDR[9]","clk500","clk500","2.021","0","0.010","0.035"
"clk500","-0.351","2.000","sfo/residual_estimator/aux_service/u_xfft/U0/i_synth/xfft_inst/non_floating_point.arch_d.xfft_inst/timing_cnts_has_nfft.run_time_sel_reg[4]/C","sfo/residual_estimator/aux_service/u_xfft/U0/i_synth/xfft_inst/non_floating_point.arch_d.xfft_inst/pe_gen[3].natural_order_input.PE/bypass_muxes.din_im_mux_gen[8].reg/D","clk500","clk500","2.331","1","-0.010","0.035"
"clk150","-0.351","6.667","sfo/two_pass_transport/intermediate[0].intermediate_bank/write_gen_reg[17]/C","sfo/two_pass_transport/intermediate[0].intermediate_bank/memory/u_frame_memory/xpm_memory_base_inst/gen_wr_a.gen_word_narrow.mem_reg_uram_95/CAS_IN_BWE_B[2]","clk150","clk150","6.712","11","0.035","0.035"
"clk500","-0.350","2.000","sfo/residual_estimator/front_stage/main/service/u_xfft/U0/i_synth/axi_wrapper/sclr_int_reg/C","sfo/residual_estimator/front_stage/main/service/u_xfft/U0/i_synth/xfft_inst/non_floating_point.arch_d.xfft_inst/FLOW/reset_sustain.resets_4_pes[0].delay_reset_pe/count_addsub_reg[4].addsub_reg/R","clk500","clk500","2.233","0","-0.008","0.035"
"clk150","-0.348","6.667","sfo/two_pass_transport/first_resampling/engine/core/stream/lane_phase_reg[11][15]/C","sfo/two_pass_transport/first_resampling/engine/core/stream/arithmetic/real_channel[23].u_real/pre_ca/g18.u_add/U0/xst_addsub/i_baseblox.i_baseblox_addsub/no_pipelining.the_addsub/i_lut6.i_lut6_addsub/i_q.i_simple.qreg/i_no_async_controls.output_reg[17]/D","clk150","clk150","6.995","12","-0.010","0.035"
"clk500","-0.347","2.000","cfo/reset_fast/arststages_ff_reg[3]/C","cfo/observation_front/index_stage_reg[8]/CE","clk500","clk500","2.243","4","-0.009","0.035"
"clk500","-0.347","2.000","cfo/reset_fast/arststages_ff_reg[3]/C","cfo/observation_front/index_stage_reg[9]/CE","clk500","clk500","2.243","4","-0.009","0.035"
"clk500","-0.346","2.000","cfo/reset_fast/arststages_ff_reg[3]/C","cfo/observation_front/index_iq_reg[41]/CE","clk500","clk500","2.242","4","-0.009","0.035"
"clk150","-0.346","6.667","poison_sync/syncstages_ff_reg[3]/C","cfo/coarse_banks[1].memory/u_frame_memory/xpm_memory_base_inst/gen_wr_a.gen_word_narrow.mem_reg_uram_7/CAS_IN_BWE_B[4]","clk150","clk150","6.610","12","0.035","0.035"
"clk150","-0.344","6.667","sfo/two_pass_transport/first_resampling/engine/core/stream/lane_phase_reg[5][20]/C","sfo/two_pass_transport/first_resampling/engine/core/stream/arithmetic/real_channel[11].u_real/pre_ab2/g18.u_add/U0/xst_addsub/i_baseblox.i_baseblox_addsub/no_pipelining.the_addsub/i_lut6.i_lut6_addsub/i_q.i_simple.qreg/i_no_async_controls.output_reg[10]/D","clk150","clk150","6.991","10","-0.010","0.035"
"clk500","-0.344","2.000","cfo/windows/packed_windows/fifo/gnuram_async_fifo.xpm_fifo_base_inst/rdp_inst/count_value_i_reg[5]/C","cfo/windows/packed_windows/fifo/gnuram_async_fifo.xpm_fifo_base_inst/gen_sdpram.xpm_memory_base_inst/gen_wr_a.gen_word_narrow.mem_reg_bram_2/ADDRBWRADDR[10]","clk500","clk500","2.010","0","0.010","0.035"
"clk500","-0.344","2.000","cfo/windows/sample_index_reg[8]/C","cfo/windows/packed_windows/fifo/gnuram_async_fifo.xpm_fifo_base_inst/rdpp1_inst/count_value_i_reg[10]/D","clk500","clk500","2.327","7","-0.007","0.035"
"clk150","-0.344","6.667","poison_sync/syncstages_ff_reg[3]/C","cfo/coarse_banks[1].memory/u_frame_memory/xpm_memory_base_inst/gen_wr_a.gen_word_narrow.mem_reg_uram_7/CAS_IN_BWE_B[2]","clk150","clk150","6.705","12","0.035","0.035"
"clk150","-0.344","6.667","poison_sync/syncstages_ff_reg[3]/C","cfo/coarse_banks[1].memory/u_frame_memory/xpm_memory_base_inst/gen_wr_a.gen_word_narrow.mem_reg_uram_7/CAS_IN_BWE_B[8]","clk150","clk150","6.593","12","0.035","0.035"
"clk500","-0.343","2.000","cfo/reset_fast/arststages_ff_reg[3]/C","cfo/observation_front/fft_core/bank1_reg_bram_1/ADDRBWRADDR[8]","clk500","clk500","2.034","4","0.012","0.035"
"clk500","-0.343","2.000","cfo/reset_fast/arststages_ff_reg[3]/C","cfo/observation_front/fft_core/bank0_reg_bram_1/ADDRBWRADDR[5]","clk500","clk500","2.032","4","0.011","0.035"
"clk500","-0.342","2.000","sfo/initial_estimator/owner/fft/u_xfft/U0/i_synth/axi_wrapper/reset_pipe_reg[1]/C","sfo/initial_estimator/owner/fft/u_ingress_fifo/gnuram_async_fifo.xpm_fifo_base_inst/gen_sdpram.xpm_memory_base_inst/gen_wr_a.gen_word_wide.mem_reg_bram_0/ENARDEN","clk500","clk500","1.976","3","0.011","0.035"
"clk500","-0.342","2.000","cfo/windows/window_credits/wr_reset/arststages_ff_reg[3]/C","cfo/windows/packed_windows/fifo/gnuram_async_fifo.xpm_fifo_base_inst/gen_sdpram.xpm_memory_base_inst/gen_wr_a.gen_word_narrow.mem_reg_bram_11/CASOREGIMUXEN_B","clk500","clk500","2.203","3","0.011","0.035"
"clk150","-0.341","6.667","sfo/two_pass_transport/intermediate[0].intermediate_bank/write_gen_reg[17]/C","sfo/two_pass_transport/intermediate[0].intermediate_bank/memory/u_frame_memory/xpm_memory_base_inst/gen_wr_a.gen_word_narrow.mem_reg_uram_161/CAS_IN_BWE_B[3]","clk150","clk150","6.666","13","0.035","0.035"
"clk500","-0.340","2.000","sfo/residual_estimator/aux_service/u_xfft/U0/i_synth/axi_wrapper/gen_has_nfft.nfft_we_int_reg/C","sfo/residual_estimator/aux_service/u_xfft/U0/i_synth/xfft_inst/non_floating_point.arch_d.xfft_inst/FLOW/reset_sustain.resets_4_pes[2].delay_reset_pe/tc_reg/S","clk500","clk500","2.223","1","-0.008","0.035"
"clk500","-0.339","2.000","cfo/windows/packed_windows/fifo/gnuram_async_fifo.xpm_fifo_base_inst/rdp_inst/count_value_i_reg[6]/C","cfo/windows/packed_windows/fifo/gnuram_async_fifo.xpm_fifo_base_inst/gen_sdpram.xpm_memory_base_inst/gen_wr_a.gen_word_narrow.mem_reg_bram_0/ADDRBWRADDR[11]","clk500","clk500","2.011","0","0.010","0.035"
"clk500","-0.339","2.000","cfo/reset_fast/arststages_ff_reg[3]/C","cfo/observation_front/fft_core/bank1_reg_bram_1/ENBWREN","clk500","clk500","1.974","4","0.012","0.035"
"clk500","-0.337","2.000","sfo/residual_estimator/aux_service/u_xfft/U0/i_synth/xfft_inst/non_floating_point.arch_d.xfft_inst/timing_cnts_has_nfft.run_time_sel_reg[4]/C","sfo/residual_estimator/aux_service/u_xfft/U0/i_synth/xfft_inst/non_floating_point.arch_d.xfft_inst/pe_gen[3].natural_order_input.PE/bypass_muxes.din_im_mux_gen[9].reg/D","clk500","clk500","2.317","1","-0.010","0.035"
"clk150","-0.337","6.667","sfo/two_pass_transport/first_resampling/engine/core/stream/lane_phase_reg[11][15]/C","sfo/two_pass_transport/first_resampling/engine/core/stream/arithmetic/real_channel[23].u_real/pre_ca/g18.u_add/U0/xst_addsub/i_baseblox.i_baseblox_addsub/no_pipelining.the_addsub/i_lut6.i_lut6_addsub/i_q.i_simple.qreg/i_no_async_controls.output_reg[13]/D","clk150","clk150","6.984","11","-0.010","0.035"
"clk150","-0.336","6.667","sfo/two_pass_transport/first_resampling/engine/core/stream/lane_phase_reg[5][20]/C","sfo/two_pass_transport/first_resampling/engine/core/stream/arithmetic/real_channel[11].u_real/pre_ab2/g18.u_add/U0/xst_addsub/i_baseblox.i_baseblox_addsub/no_pipelining.the_addsub/i_lut6.i_lut6_addsub/i_q.i_simple.qreg/i_no_async_controls.output_reg[11]/D","clk150","clk150","6.983","10","-0.010","0.035"
"clk500","-0.336","2.000","cfo/windows/sample_index_reg[8]/C","cfo/windows/packed_windows/fifo/gnuram_async_fifo.xpm_fifo_base_inst/rdpp1_inst/count_value_i_reg[11]/D","clk500","clk500","2.319","7","-0.007","0.035"
"clk500","-0.336","2.000","sfo/initial_estimator/owner/fft/reset_sync500/syncstages_ff_reg[3]/C","sfo/initial_estimator/owner/fft/u_xfft/U0/i_synth/axi_wrapper/data_out_channel/gen_real_time.data_out_reg[19]/R","clk500","clk500","2.220","0","-0.007","0.035"
"clk500","-0.336","2.000","sfo/initial_estimator/owner/fft/reset_sync500/syncstages_ff_reg[3]/C","sfo/initial_estimator/owner/fft/u_xfft/U0/i_synth/axi_wrapper/data_out_channel/gen_real_time.data_out_reg[27]/R","clk500","clk500","2.220","0","-0.007","0.035"
"clk500","-0.336","2.000","sfo/initial_estimator/owner/fft/reset_sync500/syncstages_ff_reg[3]/C","sfo/initial_estimator/owner/fft/u_xfft/U0/i_synth/axi_wrapper/data_out_channel/gen_real_time.data_out_reg[30]/R","clk500","clk500","2.220","0","-0.007","0.035"
"clk500","-0.336","2.000","sfo/initial_estimator/owner/fft/reset_sync500/syncstages_ff_reg[3]/C","sfo/initial_estimator/owner/fft/u_xfft/U0/i_synth/axi_wrapper/data_out_channel/gen_real_time.data_out_reg[31]/R","clk500","clk500","2.220","0","-0.007","0.035"
"clk150","-0.336","6.667","sfo/two_pass_transport/intermediate[0].intermediate_bank/write_gen_reg[17]/C","sfo/two_pass_transport/intermediate[0].intermediate_bank/memory/u_frame_memory/xpm_memory_base_inst/gen_wr_a.gen_word_narrow.mem_reg_uram_119/CAS_IN_BWE_B[6]","clk150","clk150","6.654","11","0.035","0.035"
"clk150","-0.335","6.667","sfo/two_pass_transport/intermediate[0].intermediate_bank/write_gen_reg[17]/C","sfo/two_pass_transport/intermediate[0].intermediate_bank/memory/u_frame_memory/xpm_memory_base_inst/gen_wr_a.gen_word_narrow.mem_reg_uram_95/CAS_IN_EN_B","clk150","clk150","6.713","11","0.035","0.035"
"clk150","-0.335","6.667","sfo/two_pass_transport/intermediate[0].intermediate_bank/write_gen_reg[17]/C","sfo/two_pass_transport/intermediate[0].intermediate_bank/memory/u_frame_memory/xpm_memory_base_inst/gen_wr_a.gen_word_narrow.mem_reg_uram_105/CAS_IN_BWE_B[7]","clk150","clk150","6.557","13","0.035","0.035"
"clk150","-0.334","6.667","sfo/two_pass_transport/first_resampling/engine/core/stream/lane_phase_reg[11][15]/C","sfo/two_pass_transport/first_resampling/engine/core/stream/arithmetic/real_channel[23].u_real/pre_ca/g18.u_add/U0/xst_addsub/i_baseblox.i_baseblox_addsub/no_pipelining.the_addsub/i_lut6.i_lut6_addsub/i_q.i_simple.qreg/i_no_async_controls.output_reg[12]/D","clk150","clk150","6.981","11","-0.010","0.035"
"clk150","-0.334","6.667","poison_sync/syncstages_ff_reg[3]/C","cfo/coarse_banks[0].memory/u_frame_memory/xpm_memory_base_inst/gen_wr_a.gen_word_narrow.mem_reg_uram_161/CAS_IN_BWE_B[7]","clk150","clk150","6.556","12","0.035","0.035"
"clk500","-0.332","2.000","cfo/windows/fast_fault_reg/C","cfo/observation_front/fft_core/bank1_reg_bram_1/ADDRARDADDR[6]","clk500","clk500","2.047","5","0.010","0.035"
"clk500","-0.332","2.000","sfo/residual_estimator/front_stage/main/service/u_xfft/U0/i_synth/axi_wrapper/sclr_int_reg/C","sfo/residual_estimator/front_stage/main/service/u_xfft/U0/i_synth/xfft_inst/non_floating_point.arch_d.xfft_inst/FLOW/reset_sustain.resets_4_pes[3].delay_reset_pe/tc_reg/S","clk500","clk500","2.214","0","-0.009","0.035"
"clk150","-0.332","6.667","sfo/two_pass_transport/first_resampling/engine/core/stream/lane_phase_reg[0][20]/C","sfo/two_pass_transport/first_resampling/engine/core/stream/arithmetic/real_channel[0].u_real/pre_ca/g18.u_add/U0/xst_addsub/i_baseblox.i_baseblox_addsub/no_pipelining.the_addsub/i_lut6.i_lut6_addsub/i_q.i_simple.qreg/i_no_async_controls.output_reg[16]/D","clk150","clk150","6.976","9","-0.009","0.035"
"clk150","-0.332","6.667","sfo/two_pass_transport/first_resampling/engine/core/stream/lane_phase_reg[15][7]/C","sfo/two_pass_transport/first_resampling/engine/core/stream/lane_phase_reg[2][25]/CE","clk150","clk150","6.893","18","-0.007","0.035"
"clk150","-0.332","6.667","sfo/two_pass_transport/first_resampling/engine/core/stream/lane_phase_reg[15][7]/C","sfo/two_pass_transport/first_resampling/engine/core/stream/lane_phase_reg[2][26]/CE","clk150","clk150","6.893","18","-0.007","0.035"
"clk150","-0.331","6.667","sfo/two_pass_transport/first_resampling/engine/core/stream/lane_phase_reg[0][20]/C","sfo/two_pass_transport/first_resampling/engine/core/stream/arithmetic/real_channel[0].u_real/pre_ca/g18.u_add/U0/xst_addsub/i_baseblox.i_baseblox_addsub/no_pipelining.the_addsub/i_lut6.i_lut6_addsub/i_q.i_simple.qreg/i_no_async_controls.output_reg[14]/D","clk150","clk150","6.975","9","-0.009","0.035"
"clk500","-0.330","2.000","sfo/residual_estimator/aux_service/u_xfft/U0/i_synth/xfft_inst/non_floating_point.arch_d.xfft_inst/has_bit_reverse.no_cp.muxed_reorder_write_addr_del_reg[10]/C","sfo/residual_estimator/aux_service/u_xfft/U0/i_synth/xfft_inst/non_floating_point.arch_d.xfft_inst/has_bit_reverse.dig_rev_mem/blk_ram.use_bram_only.mem/depth_14.main_ram_loop[1].use_RAMB18.ram_2k_loop[4].SDP_RAMB18_9x2048/ADDRARDADDR[13]","clk500","clk500","2.020","0","0.012","0.035"
"clk150","-0.329","6.667","sfo/two_pass_transport/first_resampling/engine/core/stream/lane_phase_reg[15][7]/C","sfo/two_pass_transport/first_resampling/engine/core/stream/lane_phase_reg[2][30]/CE","clk150","clk150","6.891","18","-0.008","0.035"
"clk150","-0.329","6.667","sfo/two_pass_transport/first_resampling/engine/core/stream/lane_phase_reg[15][7]/C","sfo/two_pass_transport/first_resampling/engine/core/stream/lane_phase_reg[2][32]/CE","clk150","clk150","6.891","18","-0.008","0.035"
"clk150","-0.329","6.667","sfo/two_pass_transport/first_resampling/engine/core/stream/lane_phase_reg[15][7]/C","sfo/two_pass_transport/first_resampling/engine/core/stream/lane_phase_reg[2][33]/CE","clk150","clk150","6.891","18","-0.008","0.035"
"clk500","-0.329","2.000","cfo/observation_front/fft_core/FSM_sequential_state_reg[1]_rep/C","cfo/observation_front/fft_core/ar3_reg[16]/CE","clk500","clk500","2.226","1","-0.007","0.035"
"clk500","-0.329","2.000","sfo/initial_estimator/owner/fft/u_xfft/U0/i_synth/axi_wrapper/sclr_int_reg/C","sfo/initial_estimator/owner/fft/u_xfft/U0/i_synth/xfft_inst/non_floating_point.arch_d.xfft_inst/FLOW/fwd_inv_int_reg/S","clk500","clk500","2.213","0","-0.007","0.035"
"clk500","-0.329","2.000","sfo/initial_estimator/owner/fft/u_xfft/U0/i_synth/axi_wrapper/sclr_int_reg/C","sfo/initial_estimator/owner/fft/u_xfft/U0/i_synth/xfft_inst/non_floating_point.arch_d.xfft_inst/FLOW/fwd_inv_out_i_reg/S","clk500","clk500","2.213","0","-0.007","0.035"
"clk500","-0.329","2.000","sfo/initial_estimator/owner/fft/u_xfft/U0/i_synth/axi_wrapper/sclr_int_reg/C","sfo/initial_estimator/owner/fft/u_xfft/U0/i_synth/xfft_inst/non_floating_point.arch_d.xfft_inst/FLOW/reset_sustain.resets_4_pes[0].delay_reset_pe/tc_reg/S","clk500","clk500","2.213","0","-0.007","0.035"
"clk500","-0.328","2.000","sfo/initial_estimator/owner/fft/u_xfft/U0/i_synth/axi_wrapper/reset_pipe_reg[1]/C","sfo/initial_estimator/owner/fft/u_xfft/U0/i_synth/axi_wrapper/data_out_channel/gen_real_time.data_out_reg[29]/CE","clk500","clk500","2.225","1","-0.008","0.035"
"clk500","-0.328","2.000","cfo/windows/sample_index_reg[8]/C","cfo/windows/packed_windows/fifo/gnuram_async_fifo.xpm_fifo_base_inst/gen_sdpram.xpm_memory_base_inst/gen_wr_a.gen_word_narrow.mem_reg_bram_14/ENBWREN","clk500","clk500","1.964","4","0.013","0.035"
"clk150","-0.328","6.667","sfo/two_pass_transport/intermediate[0].intermediate_bank/write_gen_reg[17]/C","sfo/two_pass_transport/intermediate[0].intermediate_bank/memory/u_frame_memory/xpm_memory_base_inst/gen_wr_a.gen_word_narrow.mem_reg_uram_119/CAS_IN_BWE_B[7]","clk150","clk150","6.550","11","0.035","0.035"
"clk150","-0.327","6.667","sfo/two_pass_transport/first_resampling/engine/core/stream/lane_phase_reg[11][15]/C","sfo/two_pass_transport/first_resampling/engine/core/stream/arithmetic/real_channel[23].u_real/pre_ca/g18.u_add/U0/xst_addsub/i_baseblox.i_baseblox_addsub/no_pipelining.the_addsub/i_lut6.i_lut6_addsub/i_q.i_simple.qreg/i_no_async_controls.output_reg[10]/D","clk150","clk150","6.974","11","-0.010","0.035"
"clk150","-0.327","6.667","sfo/two_pass_transport/first_resampling/engine/core/stream/lane_phase_reg[15][7]/C","sfo/two_pass_transport/first_resampling/engine/core/stream/lane_phase_reg[2][20]/CE","clk150","clk150","6.889","18","-0.008","0.035"
"clk150","-0.327","6.667","sfo/two_pass_transport/first_resampling/engine/core/stream/lane_phase_reg[15][7]/C","sfo/two_pass_transport/first_resampling/engine/core/stream/lane_phase_reg[2][22]/CE","clk150","clk150","6.889","18","-0.008","0.035"
"clk150","-0.327","6.667","sfo/two_pass_transport/first_resampling/engine/core/stream/lane_phase_reg[15][7]/C","sfo/two_pass_transport/first_resampling/engine/core/stream/lane_phase_reg[2][23]/CE","clk150","clk150","6.889","18","-0.008","0.035"
"clk150","-0.327","6.667","sfo/two_pass_transport/first_resampling/engine/core/stream/lane_phase_reg[15][7]/C","sfo/two_pass_transport/first_resampling/engine/core/stream/lane_phase_reg[2][24]/CE","clk150","clk150","6.889","18","-0.008","0.035"
"clk150","-0.327","6.667","sfo/two_pass_transport/first_resampling/engine/core/stream/lane_phase_reg[15][7]/C","sfo/two_pass_transport/first_resampling/engine/core/stream/lane_phase_reg[2][8]/CE","clk150","clk150","6.889","18","-0.008","0.035"
"clk150","-0.326","6.667","sfo/two_pass_transport/intermediate[0].intermediate_bank/write_gen_reg[17]/C","sfo/two_pass_transport/intermediate[0].intermediate_bank/memory/u_frame_memory/xpm_memory_base_inst/gen_wr_a.gen_word_narrow.mem_reg_uram_95/CAS_IN_EN_A","clk150","clk150","6.553","11","0.035","0.035"
"clk150","-0.326","6.667","sfo/two_pass_transport/intermediate[0].intermediate_bank/write_gen_reg[17]/C","sfo/two_pass_transport/intermediate[0].intermediate_bank/memory/u_frame_memory/xpm_memory_base_inst/gen_wr_a.gen_word_narrow.mem_reg_uram_120/CAS_IN_BWE_B[5]","clk150","clk150","6.679","12","0.035","0.035"
"clk150","-0.325","6.667","sfo/two_pass_transport/intermediate[0].intermediate_bank/write_gen_reg[17]/C","sfo/two_pass_transport/intermediate[0].intermediate_bank/memory/u_frame_memory/xpm_memory_base_inst/gen_wr_a.gen_word_narrow.mem_reg_uram_95/CAS_IN_BWE_B[3]","clk150","clk150","6.650","11","0.035","0.035"
"clk150","-0.324","6.667","sfo/two_pass_transport/first_resampling/engine/core/stream/lane_phase_reg[5][20]/C","sfo/two_pass_transport/first_resampling/engine/core/stream/arithmetic/real_channel[11].u_real/pre_ab2/g18.u_add/U0/xst_addsub/i_baseblox.i_baseblox_addsub/no_pipelining.the_addsub/i_lut6.i_lut6_addsub/i_q.i_simple.qreg/i_no_async_controls.output_reg[9]/D","clk150","clk150","6.971","10","-0.010","0.035"
"clk500","-0.324","2.000","cfo/windows/sample_index_reg[8]/C","cfo/windows/packed_windows/fifo/gnuram_async_fifo.xpm_fifo_base_inst/rdpp1_inst/count_value_i_reg[9]/D","clk500","clk500","2.307","7","-0.007","0.035"
"clk500","-0.323","2.000","sfo/initial_estimator/owner/fft/u_xfft/U0/i_synth/xfft_inst/non_floating_point.arch_d.xfft_inst/pe_gen[0].natural_order_input.PE/has_addr_gen.tw_addr_gen/cnt/cnt_addsub/i_baseblox.i_baseblox_addsub/no_pipelining.the_addsub/i_lut6.i_lut6_addsub/i_q.i_simple.qreg/i_no_async_controls.output_reg[7]/C","sfo/initial_estimator/owner/fft/u_xfft/U0/i_synth/xfft_inst/non_floating_point.arch_d.xfft_inst/pe_gen[0].natural_order_input.PE/delay_addr_tw/no_sclr_lut.real_shift_ram.use_baseblock.use_hlutnm_srls.srl_loop[3].i_srl16e0/D","clk500","clk500","2.240","0","0.013","0.035"
"clk500","-0.323","2.000","cfo/reset_fast/arststages_ff_reg[3]/C","cfo/observation_front/index_pipe_reg[1][2]/R","clk500","clk500","2.206","0","-0.008","0.035"
"clk500","-0.323","2.000","cfo/reset_fast/arststages_ff_reg[3]/C","cfo/observation_front/index_pipe_reg[1][3]/R","clk500","clk500","2.206","0","-0.008","0.035"
"clk500","-0.323","2.000","cfo/reset_fast/arststages_ff_reg[3]/C","cfo/observation_front/index_pipe_reg[1][7]/R","clk500","clk500","2.206","0","-0.008","0.035"
"clk500","-0.323","2.000","cfo/reset_fast/arststages_ff_reg[3]/C","cfo/observation_front/index_pipe_reg[1][8]/R","clk500","clk500","2.206","0","-0.008","0.035"
"clk500","-0.323","2.000","cfo/reset_fast/arststages_ff_reg[3]/C","cfo/observation_front/index_pipe_reg[2][2]/R","clk500","clk500","2.206","0","-0.008","0.035"
"clk500","-0.323","2.000","cfo/reset_fast/arststages_ff_reg[3]/C","cfo/observation_front/index_pipe_reg[2][8]/R","clk500","clk500","2.206","0","-0.008","0.035"
"clk500","-0.322","2.000","sfo/initial_estimator/owner/fft/u_xfft/U0/i_synth/xfft_inst/non_floating_point.arch_d.xfft_inst/pe_gen[0].natural_order_input.PE/has_addr_gen.tw_addr_gen/cnt/cnt_addsub/i_baseblox.i_baseblox_addsub/no_pipelining.the_addsub/i_lut6.i_lut6_addsub/i_q.i_simple.qreg/i_no_async_controls.output_reg[9]/C","sfo/initial_estimator/owner/fft/u_xfft/U0/i_synth/xfft_inst/non_floating_point.arch_d.xfft_inst/pe_gen[0].natural_order_input.PE/delay_addr_tw/no_sclr_lut.real_shift_ram.use_baseblock.use_hlutnm_srls.srl_loop[4].i_srl16e0/D","clk500","clk500","2.226","0","0.013","0.035"
"clk150","-0.322","6.667","poison_sync/syncstages_ff_reg[3]/C","cfo/coarse_banks[1].memory/u_frame_memory/xpm_memory_base_inst/gen_wr_a.gen_word_narrow.mem_reg_uram_7/CAS_IN_BWE_B[3]","clk150","clk150","6.647","12","0.035","0.035"
"clk500","-0.320","2.000","sfo/residual_estimator/aux_service/u_xfft/U0/i_synth/xfft_inst/non_floating_point.arch_d.xfft_inst/FLOW/proc0_counter/cnt_addsub/i_baseblox.i_baseblox_addsub/no_pipelining.the_addsub/i_lut6.i_lut6_addsub/i_q.i_simple.qreg/i_no_async_controls.output_reg[9]/C","sfo/residual_estimator/aux_service/u_xfft/U0/i_synth/axi_wrapper/no_frames_in_progress_reg/D","clk500","clk500","2.300","4","-0.010","0.035"
"clk500","-0.320","2.000","cfo/observation_front/fft_core/FSM_sequential_state_reg[1]_rep/C","cfo/observation_front/fft_core/rr3_reg/DSP_A_B_DATA_INST/CEA2","clk500","clk500","2.141","1","0.015","0.035"
"clk150","-0.319","6.667","sfo/two_pass_transport/first_resampling/engine/core/stream/lane_phase_reg[11][15]/C","sfo/two_pass_transport/first_resampling/engine/core/stream/arithmetic/real_channel[23].u_real/pre_ca/g18.u_add/U0/xst_addsub/i_baseblox.i_baseblox_addsub/no_pipelining.the_addsub/i_lut6.i_lut6_addsub/i_q.i_simple.qreg/i_no_async_controls.output_reg[11]/D","clk150","clk150","6.966","11","-0.010","0.035"
"clk500","-0.319","2.000","cfo/windows/packed_windows/fifo/gnuram_async_fifo.xpm_fifo_base_inst/rdp_inst/count_value_i_reg[3]/C","cfo/windows/packed_windows/fifo/gnuram_async_fifo.xpm_fifo_base_inst/gen_sdpram.xpm_memory_base_inst/gen_wr_a.gen_word_narrow.mem_reg_bram_1/ADDRBWRADDR[8]","clk500","clk500","1.988","0","0.010","0.035"
"clk150","-0.319","6.667","sfo/two_pass_transport/first_resampling/engine/core/stream/lane_phase_reg[0][20]/C","sfo/two_pass_transport/first_resampling/engine/core/stream/arithmetic/real_channel[0].u_real/pre_ca/g18.u_add/U0/xst_addsub/i_baseblox.i_baseblox_addsub/no_pipelining.the_addsub/i_lut6.i_lut6_addsub/i_q.i_simple.qreg/i_no_async_controls.output_reg[15]/D","clk150","clk150","6.963","9","-0.009","0.035"
"clk500","-0.318","2.000","cfo/windows/fast_fault_reg/C","cfo/observation_front/fft_core/bank0_reg_bram_0/ENARDEN","clk500","clk500","1.951","3","0.010","0.035"
"clk500","-0.318","2.000","cfo/reset_fast/arststages_ff_reg[3]/C","cfo/observation_front/fft_core/bank1_reg_bram_1/ADDRBWRADDR[7]","clk500","clk500","2.004","4","0.012","0.035"
"clk150","-0.317","6.667","sfo/two_pass_transport/intermediate[0].intermediate_bank/write_gen_reg[17]/C","sfo/two_pass_transport/intermediate[0].intermediate_bank/memory/u_frame_memory/xpm_memory_base_inst/gen_wr_a.gen_word_narrow.mem_reg_uram_119/CAS_IN_EN_A","clk150","clk150","6.544","11","0.035","0.035"
"clk500","-0.315","2.000","cfo/observation_front/fft_core/m_generation_reg[9]/C","cfo/observation_front/fft_core/m_saturations_reg[1]/CE","clk500","clk500","2.210","6","-0.009","0.035"
"clk500","-0.315","2.000","cfo/observation_front/fft_core/m_generation_reg[9]/C","cfo/observation_front/fft_core/m_saturations_reg[2]/CE","clk500","clk500","2.210","6","-0.009","0.035"
"clk500","-0.315","2.000","cfo/observation_front/fft_core/m_generation_reg[9]/C","cfo/observation_front/fft_core/m_saturations_reg[6]/CE","clk500","clk500","2.210","6","-0.009","0.035"
"clk500","-0.315","2.000","cfo/observation_front/fft_core/FSM_sequential_state_reg[0]/C","cfo/observation_front/fft_core/tag_reg[4][row_b][3]/CE","clk500","clk500","2.212","1","-0.008","0.035"
"clk500","-0.314","2.000","cfo/observation_front/fft_core/m_generation_reg[9]/C","cfo/observation_front/fft_core/input_index_reg[0]/CE","clk500","clk500","2.209","6","-0.009","0.035"
"clk500","-0.313","2.000","cfo/observation_front/fft_core/m_generation_reg[9]/C","cfo/observation_front/fft_core/m_saturations_reg[5]/CE","clk500","clk500","2.208","6","-0.009","0.035"
"clk500","-0.312","2.000","cfo/reset_fast/arststages_ff_reg[3]/C","cfo/observation_front/index_pipe_reg[1][1]/R","clk500","clk500","2.194","0","-0.009","0.035"
"clk500","-0.312","2.000","cfo/reset_fast/arststages_ff_reg[3]/C","cfo/observation_front/index_pipe_reg[1][6]/R","clk500","clk500","2.194","0","-0.009","0.035"
"clk500","-0.312","2.000","cfo/reset_fast/arststages_ff_reg[3]/C","cfo/observation_front/index_pipe_reg[2][1]/R","clk500","clk500","2.194","0","-0.009","0.035"
"clk500","-0.312","2.000","cfo/reset_fast/arststages_ff_reg[3]/C","cfo/observation_front/index_pipe_reg[2][6]/R","clk500","clk500","2.194","0","-0.009","0.035"
"clk150","-0.312","6.667","sfo/two_pass_transport/intermediate[0].intermediate_bank/write_gen_reg[17]/C","sfo/two_pass_transport/intermediate[0].intermediate_bank/memory/u_frame_memory/xpm_memory_base_inst/gen_wr_a.gen_word_narrow.mem_reg_uram_120/CAS_IN_BWE_B[0]","clk150","clk150","6.667","12","0.035","0.035"
"clk150","-0.312","6.667","sfo/two_pass_transport/first_resampling/engine/core/stream/lane_phase_reg[0][20]/C","sfo/two_pass_transport/first_resampling/engine/core/stream/arithmetic/real_channel[0].u_real/pre_ca/g18.u_add/U0/xst_addsub/i_baseblox.i_baseblox_addsub/no_pipelining.the_addsub/i_lut6.i_lut6_addsub/i_q.i_simple.qreg/i_no_async_controls.output_reg[17]/D","clk150","clk150","6.956","10","-0.009","0.035"
"clk150","-0.312","6.667","sfo/two_pass_transport/first_resampling/engine/core/stream/lane_phase_reg[15][7]/C","sfo/two_pass_transport/first_resampling/engine/core/stream/lane_phase_reg[1][9]/D","clk150","clk150","6.958","18","-0.007","0.035"
"clk500","-0.311","2.000","cfo/reset_fast/arststages_ff_reg[3]/C","cfo/observation_front/index_pipe_reg[3][1]/R","clk500","clk500","2.193","0","-0.009","0.035"
"clk500","-0.311","2.000","cfo/reset_fast/arststages_ff_reg[3]/C","cfo/observation_front/index_pipe_reg[3][2]/R","clk500","clk500","2.193","0","-0.009","0.035"
"clk500","-0.311","2.000","cfo/reset_fast/arststages_ff_reg[3]/C","cfo/observation_front/index_pipe_reg[3][6]/R","clk500","clk500","2.193","0","-0.009","0.035"
"clk500","-0.311","2.000","cfo/reset_fast/arststages_ff_reg[3]/C","cfo/observation_front/index_pipe_reg[3][8]/R","clk500","clk500","2.193","0","-0.009","0.035"
"clk500","-0.311","2.000","cfo/reset_fast/arststages_ff_reg[3]/C","cfo/observation_front/index_pipe_reg[4][1]/R","clk500","clk500","2.193","0","-0.009","0.035"
"clk500","-0.311","2.000","cfo/reset_fast/arststages_ff_reg[3]/C","cfo/observation_front/index_pipe_reg[4][2]/R","clk500","clk500","2.193","0","-0.009","0.035"
"clk500","-0.311","2.000","cfo/reset_fast/arststages_ff_reg[3]/C","cfo/observation_front/index_pipe_reg[4][6]/R","clk500","clk500","2.193","0","-0.009","0.035"
"clk500","-0.311","2.000","cfo/reset_fast/arststages_ff_reg[3]/C","cfo/observation_front/index_pipe_reg[4][8]/R","clk500","clk500","2.193","0","-0.009","0.035"
"clk150","-0.311","6.667","sfo/two_pass_transport/intermediate[0].intermediate_bank/write_gen_reg[17]/C","sfo/two_pass_transport/intermediate[0].intermediate_bank/memory/u_frame_memory/xpm_memory_base_inst/gen_wr_a.gen_word_narrow.mem_reg_uram_119/CAS_IN_BWE_B[4]","clk150","clk150","6.575","11","0.035","0.035"
"clk500","-0.310","2.000","cfo/windows/sample_index_reg[8]/C","cfo/windows/packed_windows/fifo/gnuram_async_fifo.xpm_fifo_base_inst/gen_sdpram.xpm_memory_base_inst/gen_wr_a.gen_word_narrow.mem_reg_bram_1/CASDOMUXEN_B","clk500","clk500","2.188","4","0.012","0.035"
"clk150","-0.310","6.667","sfo/two_pass_transport/intermediate[0].intermediate_bank/write_gen_reg[17]/C","sfo/two_pass_transport/intermediate[0].intermediate_bank/memory/u_frame_memory/xpm_memory_base_inst/gen_wr_a.gen_word_narrow.mem_reg_uram_145/CAS_IN_EN_A","clk150","clk150","6.537","13","0.035","0.035"
"clk500","-0.309","2.000","cfo/observation_front/fft_core/FSM_sequential_state_reg[1]_rep/C","cfo/observation_front/fft_core/tag_reg[3][row_b][9]/CE","clk500","clk500","2.207","1","-0.008","0.035"
"clk500","-0.309","2.000","cfo/reset_fast/arststages_ff_reg[3]/C","cfo/observation_front/fft_core/bank1_reg_bram_1/ADDRBWRADDR[5]","clk500","clk500","2.013","4","0.012","0.035"
"clk500","-0.308","2.000","sfo/residual_estimator/front_stage/main/service/u_egress_fifo/gnuram_async_fifo.xpm_fifo_base_inst/xpm_fifo_rst_inst/gen_rst_ic.wr_rst_busy_ic_reg/C","sfo/residual_estimator/front_stage/main/service/u_egress_fifo/gnuram_async_fifo.xpm_fifo_base_inst/gen_sdpram.xpm_memory_base_inst/gen_wr_a.gen_word_narrow.mem_reg_bram_2/ENARDEN","clk500","clk500","1.940","3","0.009","0.035"
"clk500","-0.308","2.000","sfo/residual_estimator/front_stage/main/service/u_egress_fifo/gnuram_async_fifo.xpm_fifo_base_inst/xpm_fifo_rst_inst/gen_rst_ic.wr_rst_busy_ic_reg/C","sfo/residual_estimator/front_stage/main/service/u_egress_fifo/gnuram_async_fifo.xpm_fifo_base_inst/wrpp1_inst/count_value_i_reg[4]/D","clk500","clk500","2.289","5","-0.009","0.035"
"clk500","-0.308","2.000","sfo/residual_estimator/front_stage/main/service/reset_sync500/syncstages_ff_reg[3]/C","sfo/residual_estimator/front_stage/main/service/u_xfft/U0/i_synth/axi_wrapper/config_channel_fifo/gen_real_time.data_out_reg[8]/CE","clk500","clk500","2.205","2","-0.008","0.035"
"clk150","-0.307","6.667","sfo/two_pass_transport/first_resampling/engine/core/stream/lane_phase_reg[15][7]/C","sfo/two_pass_transport/first_resampling/engine/core/stream/lane_phase_reg[1][18]/D","clk150","clk150","6.953","18","-0.008","0.035"
"clk500","-0.307","2.000","cfo/windows/fast_fault_reg/C","cfo/observation_front/fft_core/bank1_reg_bram_1/ADDRARDADDR[8]","clk500","clk500","2.015","5","0.010","0.035"
"clk500","-0.307","2.000","cfo/observation_front/fft_core/half_span_reg[0]/C","cfo/observation_front/fft_core/tw_index_reg_rep/ADDRARDADDR[9]","clk500","clk500","2.006","5","0.011","0.035"
"clk150","-0.307","6.667","sfo/two_pass_transport/first_resampling/engine/core/stream/lane_phase_reg[11][15]/C","sfo/two_pass_transport/first_resampling/engine/core/stream/arithmetic/real_channel[23].u_real/pre_ca/g18.u_add/U0/xst_addsub/i_baseblox.i_baseblox_addsub/no_pipelining.the_addsub/i_lut6.i_lut6_addsub/i_q.i_simple.qreg/i_no_async_controls.output_reg[9]/D","clk150","clk150","6.954","11","-0.010","0.035"
"clk150","-0.307","6.667","poison_sync/syncstages_ff_reg[3]/C","cfo/coarse_banks[0].memory/u_frame_memory/xpm_memory_base_inst/gen_wr_a.gen_word_narrow.mem_reg_uram_161/CAS_IN_BWE_B[8]","clk150","clk150","6.556","12","0.035","0.035"
"clk500","-0.306","2.000","sfo/residual_estimator/aux_service/u_xfft/U0/i_synth/xfft_inst/non_floating_point.arch_d.xfft_inst/FLOW/proc0_counter/cnt_addsub/i_baseblox.i_baseblox_addsub/no_pipelining.the_addsub/i_lut6.i_lut6_addsub/i_q.i_simple.qreg/i_no_async_controls.output_reg[9]/C","sfo/residual_estimator/aux_service/u_xfft/U0/i_synth/axi_wrapper/CP_LEN_WE_reg/D","clk500","clk500","2.286","4","-0.010","0.035"
"clk500","-0.305","2.000","sfo/residual_estimator/aux_service/u_xfft/U0/i_synth/axi_wrapper/sclr_int_reg/C","sfo/residual_estimator/aux_service/u_xfft/U0/i_synth/xfft_inst/non_floating_point.arch_d.xfft_inst/run_time_1.mux0_sclr_reg[6].mux0_sclr_ff/D","clk500","clk500","2.286","1","-0.009","0.035"
"clk500","-0.305","2.000","sfo/residual_estimator/front_stage/main/service/u_xfft/U0/i_synth/axi_wrapper/sclr_int_reg/C","sfo/residual_estimator/front_stage/main/service/u_xfft/U0/i_synth/xfft_inst/non_floating_point.arch_d.xfft_inst/FLOW/nat_ip_next_start_reg.next_start_int_d_reg/R","clk500","clk500","2.188","0","-0.008","0.035"
"clk500","-0.304","2.000","cfo/reset_fast/arststages_ff_reg[3]/C","cfo/observation_front/index_iq_reg[10]/CE","clk500","clk500","2.200","4","-0.009","0.035"
"clk500","-0.304","2.000","cfo/reset_fast/arststages_ff_reg[3]/C","cfo/observation_front/fft_core/bank1_reg_bram_1/ADDRBWRADDR[6]","clk500","clk500","2.014","4","0.012","0.035"
"clk150","-0.304","6.667","sfo/two_pass_transport/intermediate[0].intermediate_bank/write_gen_reg[17]/C","sfo/two_pass_transport/intermediate[0].intermediate_bank/memory/u_frame_memory/xpm_memory_base_inst/gen_wr_a.gen_word_narrow.mem_reg_uram_161/CAS_IN_EN_B","clk150","clk150","6.682","13","0.035","0.035"
"clk500","-0.303","2.000","sfo/residual_estimator/front_stage/main/service/u_egress_fifo/gnuram_async_fifo.xpm_fifo_base_inst/xpm_fifo_rst_inst/gen_rst_ic.wr_rst_busy_ic_reg/C","sfo/residual_estimator/front_stage/main/service/u_egress_fifo/gnuram_async_fifo.xpm_fifo_base_inst/wrpp1_inst/count_value_i_reg[3]/D","clk500","clk500","2.284","5","-0.009","0.035"
"clk500","-0.302","2.000","sfo/residual_estimator/aux_service/u_xfft/U0/i_synth/xfft_inst/non_floating_point.arch_d.xfft_inst/has_bit_reverse.no_cp.muxed_reorder_write_addr_del_reg[10]/C","sfo/residual_estimator/aux_service/u_xfft/U0/i_synth/xfft_inst/non_floating_point.arch_d.xfft_inst/has_bit_reverse.dig_rev_mem/blk_ram.use_bram_only.mem/depth_14.main_ram_loop[1].use_RAMB18.ram_2k_loop[2].SDP_RAMB18_9x2048/ADDRARDADDR[13]","clk500","clk500","2.009","0","0.010","0.035"
"clk500","-0.302","2.000","cfo/observation_front/fft_core/FSM_sequential_state_reg[0]/C","cfo/observation_front/fft_core/ar4_reg[16]/CE","clk500","clk500","2.198","1","-0.008","0.035"
"clk150","-0.301","6.667","sfo/two_pass_transport/intermediate[0].intermediate_bank/write_gen_reg[17]/C","sfo/two_pass_transport/intermediate[0].intermediate_bank/memory/u_frame_memory/xpm_memory_base_inst/gen_wr_a.gen_word_narrow.mem_reg_uram_95/CAS_IN_BWE_B[8]","clk150","clk150","6.550","11","0.035","0.035"
"clk150","-0.301","6.667","sfo/two_pass_transport/first_resampling/engine/core/stream/lane_phase_reg[0][20]/C","sfo/two_pass_transport/first_resampling/engine/core/stream/arithmetic/real_channel[0].u_real/pre_ca/g18.u_add/U0/xst_addsub/i_baseblox.i_baseblox_addsub/no_pipelining.the_addsub/i_lut6.i_lut6_addsub/i_q.i_simple.qreg/i_no_async_controls.output_reg[13]/D","clk150","clk150","6.945","9","-0.009","0.035"
"clk500","-0.300","2.000","cfo/reset_fast/arststages_ff_reg[3]/C","cfo/observation_front/index_iq_reg[0]/CE","clk500","clk500","2.196","4","-0.008","0.035"
"clk500","-0.299","2.000","sfo/residual_estimator/aux_service/u_xfft/U0/i_synth/axi_wrapper/sclr_int_reg/C","sfo/residual_estimator/aux_service/u_xfft/U0/i_synth/xfft_inst/non_floating_point.arch_d.xfft_inst/run_time_1.mux0_sclr_reg[8].mux0_sclr_ff/D","clk500","clk500","2.280","1","-0.009","0.035"
"clk150","-0.298","6.667","sfo/two_pass_transport/first_resampling/engine/core/stream/lane_phase_reg[15][7]/C","sfo/two_pass_transport/first_resampling/engine/core/stream/lane_phase_reg[2][18]/D","clk150","clk150","6.944","18","-0.008","0.035"
"clk500","-0.298","2.000","cfo/observation_front/fft_core/FSM_sequential_state_reg[0]/C","cfo/observation_front/fft_core/pi4_reg/DSP_OUTPUT_INST/CEP","clk500","clk500","2.059","1","0.014","0.035"
"clk150","-0.298","6.667","sfo/two_pass_transport/intermediate[0].intermediate_bank/write_gen_reg[17]/C","sfo/two_pass_transport/intermediate[0].intermediate_bank/memory/u_frame_memory/xpm_memory_base_inst/gen_wr_a.gen_word_narrow.mem_reg_uram_105/CAS_IN_BWE_B[8]","clk150","clk150","6.547","13","0.035","0.035"
"clk150","-0.298","6.667","sfo/two_pass_transport/intermediate[0].intermediate_bank/write_gen_reg[17]/C","sfo/two_pass_transport/intermediate[0].intermediate_bank/memory/u_frame_memory/xpm_memory_base_inst/gen_wr_a.gen_word_narrow.mem_reg_uram_105/CAS_IN_BWE_B[4]","clk150","clk150","6.562","13","0.035","0.035"
"clk150","-0.298","6.667","sfo/two_pass_transport/first_resampling/engine/core/stream/lane_phase_reg[0][20]/C","sfo/two_pass_transport/first_resampling/engine/core/stream/arithmetic/real_channel[0].u_real/pre_ca/g18.u_add/U0/xst_addsub/i_baseblox.i_baseblox_addsub/no_pipelining.the_addsub/i_lut6.i_lut6_addsub/i_q.i_simple.qreg/i_no_async_controls.output_reg[12]/D","clk150","clk150","6.942","9","-0.009","0.035"
"clk500","-0.296","2.000","sfo/initial_estimator/owner/fft/reset_sync500/syncstages_ff_reg[3]/C","sfo/initial_estimator/owner/fft/u_xfft/U0/i_synth/axi_wrapper/data_out_channel/gen_real_time.data_out_reg[20]/R","clk500","clk500","2.179","0","-0.008","0.035"
"clk500","-0.296","2.000","sfo/initial_estimator/owner/fft/reset_sync500/syncstages_ff_reg[3]/C","sfo/initial_estimator/owner/fft/u_xfft/U0/i_synth/axi_wrapper/data_out_channel/gen_real_time.data_out_reg[22]/R","clk500","clk500","2.179","0","-0.008","0.035"
"clk500","-0.296","2.000","sfo/initial_estimator/owner/fft/u_xfft/U0/i_synth/xfft_inst/non_floating_point.arch_d.xfft_inst/FLOW/load_enable_reg/C","sfo/initial_estimator/owner/fft/u_xfft/U0/i_synth/xfft_inst/non_floating_point.arch_d.xfft_inst/FLOW/load_enable_reg/D","clk500","clk500","2.277","2","-0.009","0.035"
"clk500","-0.296","2.000","cfo/observation_front/fft_core/FSM_sequential_state_reg[1]_rep/C","cfo/observation_front/fft_core/pr4_reg/DSP_A_B_DATA_INST/CEA2","clk500","clk500","2.117","1","0.015","0.035"
"clk150","-0.295","6.667","sfo/two_pass_transport/intermediate[0].intermediate_bank/write_gen_reg[17]/C","sfo/two_pass_transport/intermediate[0].intermediate_bank/memory/u_frame_memory/xpm_memory_base_inst/gen_wr_a.gen_word_narrow.mem_reg_uram_129/CAS_IN_EN_A","clk150","clk150","6.522","13","0.035","0.035"
"clk500","-0.294","2.000","sfo/residual_estimator/aux_service/u_xfft/U0/i_synth/xfft_inst/non_floating_point.arch_d.xfft_inst/FLOW/proc0_counter/cnt_addsub/i_baseblox.i_baseblox_addsub/no_pipelining.the_addsub/i_lut6.i_lut6_addsub/i_q.i_simple.qreg/i_no_async_controls.output_reg[9]/C","sfo/residual_estimator/aux_service/u_xfft/U0/i_synth/axi_wrapper/frames_in_progress_reg[1]/D","clk500","clk500","2.274","4","-0.010","0.035"
"clk500","-0.294","2.000","sfo/residual_estimator/front_stage/main/service/u_xfft/U0/i_synth/axi_wrapper/sclr_int_reg/C","sfo/residual_estimator/front_stage/main/service/u_xfft/U0/i_synth/xfft_inst/non_floating_point.arch_d.xfft_inst/has_bit_reverse.pe_natural_out_reg[26]/R","clk500","clk500","2.176","1","-0.009","0.035"
"clk150","-0.294","6.667","poison_sync/syncstages_ff_reg[3]/C","cfo/coarse_banks[1].memory/u_frame_memory/xpm_memory_base_inst/gen_wr_a.gen_word_narrow.mem_reg_uram_7/CAS_IN_EN_B","clk150","clk150","6.672","12","0.035","0.035"
"clk500","-0.293","2.000","sfo/residual_estimator/aux_service/u_xfft/U0/i_synth/xfft_inst/non_floating_point.arch_d.xfft_inst/has_bit_reverse.no_cp.muxed_reorder_write_addr_del_reg[0]/C","sfo/residual_estimator/aux_service/u_xfft/U0/i_synth/xfft_inst/non_floating_point.arch_d.xfft_inst/has_bit_reverse.dig_rev_mem/blk_ram.use_bram_only.mem/depth_14.need_extra_rams.extra_ram_loop[2].use_RAMB18.SDP_RAMB18_1x16384/ADDRARDADDR[0]","clk500","clk500","1.953","0","0.010","0.035"
"clk500","-0.293","2.000","cfo/reset_fast/arststages_ff_reg[3]/C","cfo/observation_front/fft_core/state_reg[0]/CE","clk500","clk500","2.190","3","-0.008","0.035"
"clk150","-0.293","6.667","sfo/two_pass_transport/first_resampling/engine/core/stream/lane_phase_reg[15][7]/C","sfo/two_pass_transport/first_resampling/engine/core/stream/lane_phase_reg[2][9]/D","clk150","clk150","6.939","18","-0.007","0.035"
"clk500","-0.292","2.000","cfo/windows/sample_index_reg[8]/C","cfo/windows/packed_windows/fifo/gnuram_async_fifo.xpm_fifo_base_inst/rdpp1_inst/count_value_i_reg[8]/D","clk500","clk500","2.275","6","-0.007","0.035"
"clk500","-0.292","2.000","sfo/residual_estimator/aux_service/u_xfft/U0/i_synth/axi_wrapper/gen_has_nfft.nfft_we_int_reg/C","sfo/residual_estimator/aux_service/u_xfft/U0/i_synth/xfft_inst/non_floating_point.arch_d.xfft_inst/FLOW/reset_sustain.resets_4_pes[2].delay_reset_pe/count_addsub_reg[0].addsub_reg/R","clk500","clk500","2.175","1","-0.008","0.035"
"clk500","-0.292","2.000","sfo/residual_estimator/aux_service/u_xfft/U0/i_synth/axi_wrapper/gen_has_nfft.nfft_we_int_reg/C","sfo/residual_estimator/aux_service/u_xfft/U0/i_synth/xfft_inst/non_floating_point.arch_d.xfft_inst/FLOW/reset_sustain.resets_4_pes[2].delay_reset_pe/count_addsub_reg[1].addsub_reg/R","clk500","clk500","2.175","1","-0.008","0.035"
"clk500","-0.292","2.000","sfo/residual_estimator/aux_service/u_xfft/U0/i_synth/axi_wrapper/gen_has_nfft.nfft_we_int_reg/C","sfo/residual_estimator/aux_service/u_xfft/U0/i_synth/xfft_inst/non_floating_point.arch_d.xfft_inst/FLOW/reset_sustain.resets_4_pes[2].delay_reset_pe/count_addsub_reg[2].addsub_reg/R","clk500","clk500","2.175","1","-0.008","0.035"
"clk500","-0.292","2.000","sfo/residual_estimator/aux_service/u_xfft/U0/i_synth/axi_wrapper/gen_has_nfft.nfft_we_int_reg/C","sfo/residual_estimator/aux_service/u_xfft/U0/i_synth/xfft_inst/non_floating_point.arch_d.xfft_inst/FLOW/reset_sustain.resets_4_pes[2].delay_reset_pe/count_addsub_reg[3].addsub_reg/R","clk500","clk500","2.175","1","-0.008","0.035"
"clk150","-0.292","6.667","sfo/two_pass_transport/intermediate[0].intermediate_bank/write_gen_reg[17]/C","sfo/two_pass_transport/intermediate[0].intermediate_bank/memory/u_frame_memory/xpm_memory_base_inst/gen_wr_a.gen_word_narrow.mem_reg_uram_105/CAS_IN_BWE_B[2]","clk150","clk150","6.653","13","0.035","0.035"
"clk500","-0.291","2.000","sfo/residual_estimator/aux_service/u_xfft/U0/i_synth/axi_wrapper/gen_has_nfft.nfft_we_int_reg/C","sfo/residual_estimator/aux_service/u_xfft/U0/i_synth/xfft_inst/non_floating_point.arch_d.xfft_inst/FLOW/reset_sustain.resets_4_pes[2].delay_reset_pe/count_addsub_reg[4].addsub_reg/R","clk500","clk500","2.174","1","-0.008","0.035"
"clk150","-0.291","6.667","sfo/two_pass_transport/first_resampling/engine/core/stream/lane_phase_reg[0][20]/C","sfo/two_pass_transport/first_resampling/engine/core/stream/arithmetic/real_channel[0].u_real/pre_ca/g18.u_add/U0/xst_addsub/i_baseblox.i_baseblox_addsub/no_pipelining.the_addsub/i_lut6.i_lut6_addsub/i_q.i_simple.qreg/i_no_async_controls.output_reg[10]/D","clk150","clk150","6.935","9","-0.009","0.035"
"clk500","-0.290","2.000","cfo/windows/sample_index_reg[8]/C","cfo/windows/packed_windows/fifo/gnuram_async_fifo.xpm_fifo_base_inst/rdpp1_inst/count_value_i_reg[6]/D","clk500","clk500","2.273","6","-0.007","0.035"
"clk150","-0.290","6.667","sfo/two_pass_transport/shared_raw.hub/raw_store/ram_ra_reg[10]/C","sfo/two_pass_transport/shared_raw.hub/raw_store/memory/u_frame_memory/xpm_memory_base_inst/gen_wr_a.gen_word_narrow.mem_reg_uram_127/CAS_IN_ADDR_A[10]","clk150","clk150","6.509","7","0.035","0.035"
"clk500","-0.289","2.000","cfo/reset_fast/arststages_ff_reg[3]/C","cfo/observation_front/fft_core/state_reg[1]/CE","clk500","clk500","2.185","3","-0.009","0.035"
"clk500","-0.289","2.000","cfo/observation_front/fft_core/FSM_sequential_state_reg[1]_rep/C","cfo/observation_front/fft_core/ri3_reg/DSP_A_B_DATA_INST/CEA2","clk500","clk500","2.110","1","0.015","0.035"
"clk500","-0.289","2.000","cfo/windows/sample_index_reg[8]/C","cfo/windows/packed_windows/fifo/gnuram_async_fifo.xpm_fifo_base_inst/gen_sdpram.xpm_memory_base_inst/gen_wr_a.gen_word_narrow.mem_reg_bram_2/CASDOMUXEN_B","clk500","clk500","2.167","4","0.012","0.035"
"clk500","-0.289","2.000","sfo/residual_estimator/aux_service/u_xfft/U0/i_synth/xfft_inst/non_floating_point.arch_d.xfft_inst/FLOW/has_nfft.counter_limit_early_reg[0].max_n_int_minus_one_ff/C","sfo/residual_estimator/aux_service/u_xfft/U0/i_synth/xfft_inst/non_floating_point.arch_d.xfft_inst/has_overflow.natural_ovflo.DOUT_DONE_E_CNT/no_early_reg.I_TC_reg/D","clk500","clk500","2.270","4","-0.009","0.035"
"clk150","-0.289","6.667","sfo/two_pass_transport/intermediate[0].intermediate_bank/write_gen_reg[17]/C","sfo/two_pass_transport/intermediate[0].intermediate_bank/memory/u_frame_memory/xpm_memory_base_inst/gen_wr_a.gen_word_narrow.mem_reg_uram_161/CAS_IN_BWE_B[0]","clk150","clk150","6.645","13","0.035","0.035"
"clk150","-0.288","6.667","poison_sync/syncstages_ff_reg[3]/C","cfo/coarse_banks[0].memory/u_frame_memory/xpm_memory_base_inst/gen_wr_a.gen_word_narrow.mem_reg_uram_161/CAS_IN_BWE_B[4]","clk150","clk150","6.552","12","0.035","0.035"
"clk500","-0.286","2.000","sfo/residual_estimator/front_stage/main/service/u_egress_fifo/gnuram_async_fifo.xpm_fifo_base_inst/xpm_fifo_rst_inst/gen_rst_ic.wr_rst_busy_ic_reg/C","sfo/residual_estimator/front_stage/main/service/u_egress_fifo/gnuram_async_fifo.xpm_fifo_base_inst/gen_sdpram.xpm_memory_base_inst/gen_wr_a.gen_word_narrow.mem_reg_bram_0/ENARDEN","clk500","clk500","1.918","3","0.009","0.035"
"clk150","-0.286","6.667","sfo/two_pass_transport/first_resampling/engine/core/stream/lane_phase_reg[15][7]/C","sfo/two_pass_transport/first_resampling/engine/core/stream/credit_used_reg[1]/CE","clk150","clk150","6.846","18","-0.007","0.035"
"clk150","-0.286","6.667","sfo/two_pass_transport/first_resampling/engine/core/stream/lane_phase_reg[15][7]/C","sfo/two_pass_transport/first_resampling/engine/core/stream/credit_used_reg[2]/CE","clk150","clk150","6.846","18","-0.007","0.035"
"clk150","-0.286","6.667","sfo/two_pass_transport/first_resampling/engine/core/stream/lane_phase_reg[15][7]/C","sfo/two_pass_transport/first_resampling/engine/core/stream/credit_used_reg[3]/CE","clk150","clk150","6.846","18","-0.007","0.035"
"clk150","-0.286","6.667","sfo/two_pass_transport/first_resampling/engine/core/stream/lane_phase_reg[15][7]/C","sfo/two_pass_transport/first_resampling/engine/core/stream/credit_used_reg[4]/CE","clk150","clk150","6.846","18","-0.007","0.035"
"clk150","-0.286","6.667","sfo/two_pass_transport/first_resampling/engine/core/stream/lane_phase_reg[15][7]/C","sfo/two_pass_transport/first_resampling/engine/core/stream/credit_used_reg[5]/CE","clk150","clk150","6.846","18","-0.007","0.035"
"clk150","-0.286","6.667","sfo/two_pass_transport/first_resampling/engine/core/stream/lane_phase_reg[15][7]/C","sfo/two_pass_transport/first_resampling/engine/core/stream/credit_used_reg[6]/CE","clk150","clk150","6.846","18","-0.007","0.035"
"clk500","-0.285","2.000","sfo/initial_estimator/owner/fft/reset_sync500/syncstages_ff_reg[3]/C","sfo/initial_estimator/owner/fft/u_egress_fifo/gnuram_async_fifo.xpm_fifo_base_inst/gen_sdpram.xpm_memory_base_inst/gen_wr_a.gen_word_narrow.mem_reg_bram_1/WEBWE[1]","clk500","clk500","1.868","2","0.012","0.035"
"clk150","-0.285","6.667","poison_sync/syncstages_ff_reg[3]/C","cfo/coarse_banks[1].memory/u_frame_memory/xpm_memory_base_inst/gen_wr_a.gen_word_narrow.mem_reg_uram_7/CAS_IN_BWE_B[5]","clk150","clk150","6.638","12","0.035","0.035"
"clk150","-0.285","6.667","poison_sync/syncstages_ff_reg[3]/C","cfo/coarse_banks[1].memory/u_frame_memory/xpm_memory_base_inst/gen_wr_a.gen_word_narrow.mem_reg_uram_153/CAS_IN_BWE_B[6]","clk150","clk150","6.603","12","0.035","0.035"
"clk150","-0.283","6.667","sfo/two_pass_transport/first_resampling/engine/core/stream/lane_phase_reg[0][20]/C","sfo/two_pass_transport/first_resampling/engine/core/stream/arithmetic/real_channel[0].u_real/pre_ca/g18.u_add/U0/xst_addsub/i_baseblox.i_baseblox_addsub/no_pipelining.the_addsub/i_lut6.i_lut6_addsub/i_q.i_simple.qreg/i_no_async_controls.output_reg[11]/D","clk150","clk150","6.927","9","-0.009","0.035"
"clk500","-0.282","2.000","sfo/residual_estimator/aux_service/u_xfft/U0/i_synth/xfft_inst/non_floating_point.arch_d.xfft_inst/FLOW/has_nfft._nfft_value.NFFT_int_tmp_reg[2]/C","sfo/residual_estimator/aux_service/u_xfft/U0/i_synth/xfft_inst/non_floating_point.arch_d.xfft_inst/FLOW/has_nfft.counter_limit_reg[11].max_n_int_minus_one_ff/D","clk500","clk500","2.263","1","-0.009","0.035"
"clk500","-0.282","2.000","cfo/observation_front/fft_core/FSM_sequential_state_reg[1]_rep/C","cfo/observation_front/fft_core/tag_reg[2][row_b][9]/CE","clk500","clk500","2.179","1","-0.008","0.035"
"clk500","-0.281","2.000","sfo/initial_estimator/owner/fft/u_xfft/U0/i_synth/axi_wrapper/reset_pipe_reg[1]/C","sfo/initial_estimator/owner/fft/u_xfft/U0/i_synth/axi_wrapper/data_out_channel/gen_real_time.data_out_reg[10]/CE","clk500","clk500","2.178","1","-0.008","0.035"
"clk500","-0.281","2.000","sfo/initial_estimator/owner/fft/u_xfft/U0/i_synth/axi_wrapper/reset_pipe_reg[1]/C","sfo/initial_estimator/owner/fft/u_xfft/U0/i_synth/axi_wrapper/data_out_channel/gen_real_time.data_out_reg[2]/CE","clk500","clk500","2.179","1","-0.008","0.035"
"clk500","-0.281","2.000","sfo/initial_estimator/owner/fft/u_xfft/U0/i_synth/axi_wrapper/reset_pipe_reg[1]/C","sfo/initial_estimator/owner/fft/u_xfft/U0/i_synth/axi_wrapper/data_out_channel/gen_real_time.data_out_reg[4]/CE","clk500","clk500","2.178","1","-0.008","0.035"
"clk500","-0.281","2.000","sfo/initial_estimator/owner/fft/u_xfft/U0/i_synth/axi_wrapper/reset_pipe_reg[1]/C","sfo/initial_estimator/owner/fft/u_xfft/U0/i_synth/axi_wrapper/data_out_channel/gen_real_time.data_out_reg[6]/CE","clk500","clk500","2.179","1","-0.008","0.035"
"clk500","-0.281","2.000","sfo/initial_estimator/owner/fft/u_xfft/U0/i_synth/axi_wrapper/reset_pipe_reg[1]/C","sfo/initial_estimator/owner/fft/u_xfft/U0/i_synth/axi_wrapper/data_out_channel/gen_real_time.data_out_reg[9]/CE","clk500","clk500","2.178","1","-0.008","0.035"
"clk150","-0.280","6.667","sfo/two_pass_transport/first_resampling/engine/core/stream/lane_phase_reg[5][20]/C","sfo/two_pass_transport/first_resampling/engine/core/stream/arithmetic/real_channel[11].u_real/pre_ca/g18.u_add/U0/xst_addsub/i_baseblox.i_baseblox_addsub/no_pipelining.the_addsub/i_lut6.i_lut6_addsub/i_q.i_simple.qreg/i_no_async_controls.output_reg[4]/D","clk150","clk150","6.927","9","-0.010","0.035"
"clk500","-0.280","2.000","sfo/residual_estimator/front_stage/main/service/u_egress_fifo/gnuram_async_fifo.xpm_fifo_base_inst/xpm_fifo_rst_inst/gen_rst_ic.wr_rst_busy_ic_reg/C","sfo/residual_estimator/front_stage/main/service/u_egress_fifo/gnuram_async_fifo.xpm_fifo_base_inst/gen_sdpram.xpm_memory_base_inst/gen_wr_a.gen_word_narrow.mem_reg_bram_1/WEA[0]","clk500","clk500","1.860","3","0.009","0.035"
"clk150","-0.280","6.667","sfo/two_pass_transport/intermediate[0].intermediate_bank/write_gen_reg[17]/C","sfo/two_pass_transport/intermediate[0].intermediate_bank/memory/u_frame_memory/xpm_memory_base_inst/gen_wr_a.gen_word_narrow.mem_reg_uram_119/CAS_IN_EN_B","clk150","clk150","6.658","11","0.035","0.035"
"clk150","-0.279","6.667","sfo/two_pass_transport/first_resampling/engine/core/stream/lane_phase_reg[5][20]/C","sfo/two_pass_transport/first_resampling/engine/core/stream/arithmetic/real_channel[11].u_real/pre_ab2/g18.u_add/U0/xst_addsub/i_baseblox.i_baseblox_addsub/no_pipelining.the_addsub/i_lut6.i_lut6_addsub/i_q.i_simple.qreg/i_no_async_controls.output_reg[8]/D","clk150","clk150","6.926","9","-0.010","0.035"
"clk500","-0.279","2.000","cfo/observation_front/fft_core/FSM_sequential_state_reg[1]_rep/C","cfo/observation_front/fft_core/ai2_reg[16]/CE","clk500","clk500","2.176","1","-0.007","0.035"
"clk500","-0.279","2.000","cfo/observation_front/fft_core/FSM_sequential_state_reg[1]_rep/C","cfo/observation_front/fft_core/ar2_reg[24]/CE","clk500","clk500","2.176","1","-0.007","0.035"
"clk500","-0.279","2.000","cfo/windows/packed_windows/fifo/gnuram_async_fifo.xpm_fifo_base_inst/rdp_inst/count_value_i_reg[5]/C","cfo/windows/packed_windows/fifo/gnuram_async_fifo.xpm_fifo_base_inst/gen_sdpram.xpm_memory_base_inst/gen_wr_a.gen_word_narrow.mem_reg_bram_0/ADDRBWRADDR[10]","clk500","clk500","1.945","0","0.010","0.035"
"clk500","-0.279","2.000","sfo/initial_estimator/owner/fft/u_xfft/U0/i_synth/xfft_inst/non_floating_point.arch_d.xfft_inst/pe_gen[0].natural_order_input.PE/has_addr_gen.tw_addr_gen/cnt/cnt_addsub/i_baseblox.i_baseblox_addsub/no_pipelining.the_addsub/i_lut6.i_lut6_addsub/i_q.i_simple.qreg/i_no_async_controls.output_reg[5]/C","sfo/initial_estimator/owner/fft/u_xfft/U0/i_synth/xfft_inst/non_floating_point.arch_d.xfft_inst/pe_gen[0].natural_order_input.PE/has_TW_mult.sync_tw_addr/no_sclr_lut.real_shift_ram.use_baseblock.use_hlutnm_srls.srl_loop[2].i_srl16e0/D","clk500","clk500","2.197","0","0.013","0.035"
"clk500","-0.278","2.000","cfo/reset_fast/arststages_ff_reg[3]/C","cfo/observation_front/fft_core/bank0_reg_bram_0/REGCEB","clk500","clk500","2.021","2","0.011","0.035"
"clk500","-0.277","2.000","cfo/estimator/observation_fifo/gnuram_async_fifo.xpm_fifo_base_inst/xpm_fifo_rst_inst/gen_rst_ic.wr_rst_busy_ic_reg/C","cfo/observation_front/address_valid_reg[0]/R","clk500","clk500","2.159","5","-0.009","0.035"
"clk500","-0.277","2.000","cfo/estimator/observation_fifo/gnuram_async_fifo.xpm_fifo_base_inst/xpm_fifo_rst_inst/gen_rst_ic.wr_rst_busy_ic_reg/C","cfo/observation_front/address_valid_reg[1]/R","clk500","clk500","2.159","5","-0.009","0.035"
"clk500","-0.277","2.000","cfo/reset_fast/arststages_ff_reg[3]/C","cfo/observation_front/fft_core/bank1_reg_bram_1/REGCEB","clk500","clk500","2.021","2","0.012","0.035"
"clk500","-0.277","2.000","cfo/reset_fast/arststages_ff_reg[3]/C","cfo/observation_front/index_pipe_reg[1][4]/R","clk500","clk500","2.160","0","-0.008","0.035"
"clk500","-0.277","2.000","cfo/reset_fast/arststages_ff_reg[3]/C","cfo/observation_front/index_pipe_reg[2][4]/R","clk500","clk500","2.160","0","-0.008","0.035"
"clk500","-0.277","2.000","cfo/estimator/observation_fifo/gnuram_async_fifo.xpm_fifo_base_inst/xpm_fifo_rst_inst/gen_rst_ic.wr_rst_busy_ic_reg/C","cfo/observation_front/v_reg[0]/R","clk500","clk500","2.159","5","-0.009","0.035"
"clk500","-0.277","2.000","cfo/estimator/observation_fifo/gnuram_async_fifo.xpm_fifo_base_inst/xpm_fifo_rst_inst/gen_rst_ic.wr_rst_busy_ic_reg/C","cfo/observation_front/v_reg[1]/R","clk500","clk500","2.159","5","-0.009","0.035"
"clk500","-0.277","2.000","cfo/estimator/observation_fifo/gnuram_async_fifo.xpm_fifo_base_inst/xpm_fifo_rst_inst/gen_rst_ic.wr_rst_busy_ic_reg/C","cfo/observation_front/v_reg[2]/R","clk500","clk500","2.159","5","-0.009","0.035"
"clk500","-0.277","2.000","cfo/estimator/observation_fifo/gnuram_async_fifo.xpm_fifo_base_inst/xpm_fifo_rst_inst/gen_rst_ic.wr_rst_busy_ic_reg/C","cfo/observation_front/v_reg[3]/R","clk500","clk500","2.159","5","-0.009","0.035"
"clk500","-0.277","2.000","cfo/estimator/observation_fifo/gnuram_async_fifo.xpm_fifo_base_inst/xpm_fifo_rst_inst/gen_rst_ic.wr_rst_busy_ic_reg/C","cfo/observation_front/v_reg[4]/R","clk500","clk500","2.159","5","-0.009","0.035"
"clk500","-0.277","2.000","cfo/estimator/observation_fifo/gnuram_async_fifo.xpm_fifo_base_inst/xpm_fifo_rst_inst/gen_rst_ic.wr_rst_busy_ic_reg/C","cfo/observation_front/v_reg[5]/R","clk500","clk500","2.159","5","-0.009","0.035"
"clk500","-0.277","2.000","cfo/windows/sample_index_reg[8]/C","cfo/windows/packed_windows/fifo/gnuram_async_fifo.xpm_fifo_base_inst/rdpp1_inst/count_value_i_reg[7]/D","clk500","clk500","2.260","6","-0.007","0.035"
"clk500","-0.277","2.000","sfo/residual_estimator/aux_service/u_xfft/U0/i_synth/xfft_inst/non_floating_point.arch_d.xfft_inst/timing_cnts_has_nfft.run_time_sel_reg[4]/C","sfo/residual_estimator/aux_service/u_xfft/U0/i_synth/xfft_inst/non_floating_point.arch_d.xfft_inst/pe_gen[3].natural_order_input.PE/bypass_muxes.din_im_mux_gen[11].reg/D","clk500","clk500","2.257","1","-0.010","0.035"
"clk150","-0.277","6.667","sfo/two_pass_transport/intermediate[0].intermediate_bank/write_gen_reg[17]/C","sfo/two_pass_transport/intermediate[0].intermediate_bank/memory/u_frame_memory/xpm_memory_base_inst/gen_wr_a.gen_word_narrow.mem_reg_uram_161/CAS_IN_BWE_B[5]","clk150","clk150","6.630","13","0.035","0.035"
"clk150","-0.277","6.667","sfo/two_pass_transport/intermediate[0].intermediate_bank/write_gen_reg[17]/C","sfo/two_pass_transport/intermediate[0].intermediate_bank/memory/u_frame_memory/xpm_memory_base_inst/gen_wr_a.gen_word_narrow.mem_reg_uram_119/CAS_IN_BWE_B[8]","clk150","clk150","6.526","11","0.035","0.035"
"clk150","-0.276","6.667","sfo/two_pass_transport/first_resampling/engine/core/stream/lane_phase_reg[5][20]/C","sfo/two_pass_transport/first_resampling/engine/core/stream/arithmetic/real_channel[11].u_real/pre_ab2/g18.u_add/U0/xst_addsub/i_baseblox.i_baseblox_addsub/no_pipelining.the_addsub/i_lut6.i_lut6_addsub/i_q.i_simple.qreg/i_no_async_controls.output_reg[6]/D","clk150","clk150","6.923","9","-0.010","0.035"
"clk500","-0.276","2.000","cfo/observation_front/fft_core/FSM_sequential_state_reg[1]_rep/C","cfo/observation_front/fft_core/pr4_reg/DSP_A_B_DATA_INST/CEB2","clk500","clk500","2.112","1","0.015","0.035"
"clk500","-0.275","2.000","sfo/residual_estimator/front_stage/main/service/u_xfft/U0/i_synth/axi_wrapper/sclr_int_reg/C","sfo/residual_estimator/front_stage/main/service/u_xfft/U0/i_synth/xfft_inst/non_floating_point.arch_d.xfft_inst/has_bit_reverse.pe_natural_out_reg[4]/R","clk500","clk500","2.157","1","-0.009","0.035"
"clk150","-0.275","6.667","sfo/two_pass_transport/intermediate[0].intermediate_bank/write_gen_reg[17]/C","sfo/two_pass_transport/intermediate[0].intermediate_bank/memory/u_frame_memory/xpm_memory_base_inst/gen_wr_a.gen_word_narrow.mem_reg_uram_119/CAS_IN_BWE_B[2]","clk150","clk150","6.636","11","0.035","0.035"
"clk500","-0.273","2.000","cfo/observation_front/fft_core/half_span_reg[0]/C","cfo/observation_front/fft_core/tw_index_reg_rep/ADDRARDADDR[14]","clk500","clk500","1.962","5","0.011","0.035"
"clk500","-0.273","2.000","sfo/initial_estimator/owner/fft/reset_sync500/syncstages_ff_reg[3]/C","sfo/initial_estimator/owner/fft/u_egress_fifo/gnuram_async_fifo.xpm_fifo_base_inst/gen_sdpram.xpm_memory_base_inst/gen_wr_a.gen_word_narrow.mem_reg_bram_1/WEBWE[0]","clk500","clk500","1.856","2","0.012","0.035"
"clk500","-0.273","2.000","cfo/reset_fast/arststages_ff_reg[3]/C","cfo/observation_front/index_pipe_reg[0][1]/R","clk500","clk500","2.156","0","-0.008","0.035"
"clk500","-0.273","2.000","cfo/reset_fast/arststages_ff_reg[3]/C","cfo/observation_front/index_pipe_reg[0][6]/R","clk500","clk500","2.156","0","-0.008","0.035"
"clk150","-0.273","6.667","sfo/two_pass_transport/intermediate[0].intermediate_bank/write_gen_reg[17]/C","sfo/two_pass_transport/intermediate[0].intermediate_bank/memory/u_frame_memory/xpm_memory_base_inst/gen_wr_a.gen_word_narrow.mem_reg_uram_95/CAS_IN_BWE_B[1]","clk150","clk150","6.634","11","0.035","0.035"
"clk500","-0.272","2.000","sfo/initial_estimator/owner/fft/u_xfft/U0/i_synth/xfft_inst/non_floating_point.arch_d.xfft_inst/has_overflow.natural_ovflo.DOUT_DONE_E_CNT/no_early_reg.I_TC_reg/C","sfo/initial_estimator/owner/fft/u_xfft/U0/i_synth/xfft_inst/non_floating_point.arch_d.xfft_inst/pe_gen[0].natural_order_input.OVFLO_FIFO/rd_cnt_reg[3]/D","clk500","clk500","2.254","1","-0.008","0.035"
"clk500","-0.272","2.000","sfo/residual_estimator/aux_service/u_xfft/U0/i_synth/axi_wrapper/sclr_int_reg/C","sfo/residual_estimator/aux_service/u_xfft/U0/i_synth/xfft_inst/non_floating_point.arch_d.xfft_inst/run_time_1.mux0_sclr_reg[7].mux0_sclr_ff/D","clk500","clk500","2.253","1","-0.009","0.035"
"clk500","-0.271","2.000","cfo/reset_fast/arststages_ff_reg[3]/C","cfo/observation_front/fft_core/bank1_reg_bram_1/ADDRBWRADDR[10]","clk500","clk500","1.966","4","0.012","0.035"
"clk500","-0.271","2.000","sfo/residual_estimator/aux_service/u_xfft/U0/i_synth/axi_wrapper/sclr_int_reg/C","sfo/residual_estimator/aux_service/u_xfft/U0/i_synth/xfft_inst/non_floating_point.arch_d.xfft_inst/run_time_1.mux0_sclr_reg[9].mux0_sclr_ff/D","clk500","clk500","2.252","1","-0.009","0.035"
"clk150","-0.271","6.667","poison_sync/syncstages_ff_reg[3]/C","cfo/coarse_banks[1].memory/u_frame_memory/xpm_memory_base_inst/gen_wr_a.gen_word_narrow.mem_reg_uram_153/CAS_IN_BWE_B[8]","clk150","clk150","6.520","12","0.035","0.035"
"clk150","-0.271","6.667","sfo/two_pass_transport/first_resampling/engine/core/stream/lane_phase_reg[0][20]/C","sfo/two_pass_transport/first_resampling/engine/core/stream/arithmetic/real_channel[0].u_real/pre_ca/g18.u_add/U0/xst_addsub/i_baseblox.i_baseblox_addsub/no_pipelining.the_addsub/i_lut6.i_lut6_addsub/i_q.i_simple.qreg/i_no_async_controls.output_reg[9]/D","clk150","clk150","6.915","9","-0.009","0.035"
"clk500","-0.270","2.000","cfo/observation_front/fft_core/FSM_sequential_state_reg[1]_rep/C","cfo/observation_front/fft_core/ai3_reg[16]/CE","clk500","clk500","2.167","1","-0.007","0.035"
"clk500","-0.270","2.000","cfo/observation_front/fft_core/FSM_sequential_state_reg[1]_rep/C","cfo/observation_front/fft_core/ar3_reg[24]/CE","clk500","clk500","2.167","1","-0.007","0.035"
"clk500","-0.270","2.000","cfo/reset_fast/arststages_ff_reg[3]/C","cfo/observation_front/index_iq_reg[7]/CE","clk500","clk500","2.166","4","-0.008","0.035"
"clk500","-0.270","2.000","sfo/residual_estimator/aux_service/u_xfft/U0/i_synth/xfft_inst/non_floating_point.arch_d.xfft_inst/FLOW/proc0_counter/cnt_addsub/i_baseblox.i_baseblox_addsub/no_pipelining.the_addsub/i_lut6.i_lut6_addsub/i_q.i_simple.qreg/i_no_async_controls.output_reg[9]/C","sfo/residual_estimator/aux_service/u_xfft/U0/i_synth/axi_wrapper/current_state_reg[2]/D","clk500","clk500","2.250","3","-0.010","0.035"
"clk500","-0.270","2.000","cfo/windows/packed_windows/fifo/gnuram_async_fifo.xpm_fifo_base_inst/rdp_inst/count_value_i_reg[5]/C","cfo/windows/packed_windows/fifo/gnuram_async_fifo.xpm_fifo_base_inst/gen_sdpram.xpm_memory_base_inst/gen_wr_a.gen_word_narrow.mem_reg_bram_1/ADDRBWRADDR[10]","clk500","clk500","1.936","0","0.010","0.035"
"clk500","-0.270","2.000","sfo/residual_estimator/aux_service/u_xfft/U0/i_synth/xfft_inst/non_floating_point.arch_d.xfft_inst/has_bit_reverse.no_cp.muxed_reorder_write_addr_del_reg[10]/C","sfo/residual_estimator/aux_service/u_xfft/U0/i_synth/xfft_inst/non_floating_point.arch_d.xfft_inst/has_bit_reverse.dig_rev_mem/blk_ram.use_bram_only.mem/depth_14.main_ram_loop[1].use_RAMB18.ram_2k_loop[5].SDP_RAMB18_9x2048/ADDRARDADDR[13]","clk500","clk500","1.960","0","0.012","0.035"
"clk150","-0.270","6.667","sfo/two_pass_transport/first_resampling/engine/core/stream/lane_phase_reg[0][20]/C","sfo/two_pass_transport/first_resampling/engine/core/stream/arithmetic/real_channel[0].u_real/pre_bc/g18.u_add/U0/xst_addsub/i_baseblox.i_baseblox_addsub/no_pipelining.the_addsub/i_lut6.i_lut6_addsub/i_q.i_simple.qreg/i_no_async_controls.output_reg[16]/D","clk150","clk150","6.914","9","-0.009","0.035"
"clk500","-0.269","2.000","sfo/residual_estimator/front_stage/main/service/u_xfft/U0/i_synth/axi_wrapper/CP_LEN_WE_reg/C","sfo/residual_estimator/front_stage/main/service/u_xfft/U0/i_synth/xfft_inst/non_floating_point.arch_d.xfft_inst/FLOW/has_scale_sch_buffer.scale_sch_int_reg[10]/CE","clk500","clk500","2.164","0","-0.009","0.035"
"clk500","-0.269","2.000","sfo/residual_estimator/front_stage/main/service/u_xfft/U0/i_synth/axi_wrapper/CP_LEN_WE_reg/C","sfo/residual_estimator/front_stage/main/service/u_xfft/U0/i_synth/xfft_inst/non_floating_point.arch_d.xfft_inst/FLOW/has_scale_sch_buffer.scale_sch_int_reg[3]/CE","clk500","clk500","2.164","0","-0.009","0.035"
"clk500","-0.269","2.000","sfo/residual_estimator/front_stage/main/service/u_xfft/U0/i_synth/axi_wrapper/CP_LEN_WE_reg/C","sfo/residual_estimator/front_stage/main/service/u_xfft/U0/i_synth/xfft_inst/non_floating_point.arch_d.xfft_inst/FLOW/has_scale_sch_buffer.scale_sch_int_reg[9]/CE","clk500","clk500","2.164","0","-0.009","0.035"
"clk500","-0.269","2.000","cfo/observation_front/fft_core/FSM_sequential_state_reg[1]_rep/C","cfo/observation_front/fft_core/ri3_reg/DSP_A_B_DATA_INST/CEB2","clk500","clk500","2.105","1","0.015","0.035"
"clk150","-0.269","6.667","sfo/two_pass_transport/first_resampling/engine/core/stream/lane_phase_reg[0][20]/C","sfo/two_pass_transport/first_resampling/engine/core/stream/arithmetic/real_channel[0].u_real/pre_bc/g18.u_add/U0/xst_addsub/i_baseblox.i_baseblox_addsub/no_pipelining.the_addsub/i_lut6.i_lut6_addsub/i_q.i_simple.qreg/i_no_async_controls.output_reg[14]/D","clk150","clk150","6.913","9","-0.009","0.035"
"clk500","-0.266","2.000","cfo/windows/packed_windows/fifo/gnuram_async_fifo.xpm_fifo_base_inst/rdp_inst/count_value_i_reg[1]/C","cfo/windows/packed_windows/fifo/gnuram_async_fifo.xpm_fifo_base_inst/gen_sdpram.xpm_memory_base_inst/gen_wr_a.gen_word_narrow.mem_reg_bram_6/ADDRBWRADDR[6]","clk500","clk500","1.954","0","0.010","0.035"
"clk500","-0.266","2.000","sfo/residual_estimator/front_stage/main/service/u_egress_fifo/gnuram_async_fifo.xpm_fifo_base_inst/xpm_fifo_rst_inst/gen_rst_ic.wr_rst_busy_ic_reg/C","sfo/residual_estimator/front_stage/main/service/u_egress_fifo/gnuram_async_fifo.xpm_fifo_base_inst/gen_sdpram.xpm_memory_base_inst/gen_wr_a.gen_word_narrow.mem_reg_bram_3/WEA[0]","clk500","clk500","1.846","3","0.009","0.035"
"clk500","-0.266","2.000","sfo/residual_estimator/front_stage/main/service/reset_sync500/syncstages_ff_reg[3]/C","sfo/residual_estimator/front_stage/main/service/u_xfft/U0/i_synth/axi_wrapper/config_channel_fifo/gen_real_time.data_out_reg[10]/CE","clk500","clk500","2.163","2","-0.007","0.035"
"clk500","-0.266","2.000","sfo/residual_estimator/front_stage/main/service/reset_sync500/syncstages_ff_reg[3]/C","sfo/residual_estimator/front_stage/main/service/u_xfft/U0/i_synth/axi_wrapper/config_channel_fifo/gen_real_time.data_out_reg[4]/CE","clk500","clk500","2.163","2","-0.007","0.035"
"clk500","-0.266","2.000","cfo/estimator/observation_fifo/gnuram_async_fifo.xpm_fifo_base_inst/xpm_fifo_rst_inst/gen_rst_ic.wr_rst_busy_ic_reg/C","cfo/observation_front/sum_done_reg/R","clk500","clk500","2.148","4","-0.009","0.035"
"clk500","-0.266","2.000","sfo/residual_estimator/front_stage/main/service/u_xfft/U0/i_synth/xfft_inst/non_floating_point.arch_d.xfft_inst/has_overflow.natural_ovflo.DOUT_DONE_E_CNT/no_early_reg.I_TC_reg/C","sfo/residual_estimator/front_stage/main/service/u_xfft/U0/i_synth/xfft_inst/non_floating_point.arch_d.xfft_inst/pe_gen[1].natural_order_input.OVFLO_FIFO/rd_cnt_reg[0]/CE","clk500","clk500","2.163","1","-0.009","0.035"
"clk500","-0.266","2.000","sfo/residual_estimator/front_stage/main/service/u_xfft/U0/i_synth/xfft_inst/non_floating_point.arch_d.xfft_inst/has_overflow.natural_ovflo.DOUT_DONE_E_CNT/no_early_reg.I_TC_reg/C","sfo/residual_estimator/front_stage/main/service/u_xfft/U0/i_synth/xfft_inst/non_floating_point.arch_d.xfft_inst/pe_gen[1].natural_order_input.OVFLO_FIFO/rd_cnt_reg[1]/CE","clk500","clk500","2.162","1","-0.009","0.035"
"clk500","-0.266","2.000","sfo/residual_estimator/front_stage/main/service/u_xfft/U0/i_synth/xfft_inst/non_floating_point.arch_d.xfft_inst/has_overflow.natural_ovflo.DOUT_DONE_E_CNT/no_early_reg.I_TC_reg/C","sfo/residual_estimator/front_stage/main/service/u_xfft/U0/i_synth/xfft_inst/non_floating_point.arch_d.xfft_inst/pe_gen[1].natural_order_input.OVFLO_FIFO/rd_cnt_reg[2]/CE","clk500","clk500","2.163","1","-0.009","0.035"
"clk500","-0.266","2.000","sfo/residual_estimator/front_stage/main/service/u_xfft/U0/i_synth/xfft_inst/non_floating_point.arch_d.xfft_inst/has_overflow.natural_ovflo.DOUT_DONE_E_CNT/no_early_reg.I_TC_reg/C","sfo/residual_estimator/front_stage/main/service/u_xfft/U0/i_synth/xfft_inst/non_floating_point.arch_d.xfft_inst/pe_gen[1].natural_order_input.OVFLO_FIFO/rd_cnt_reg[3]/CE","clk500","clk500","2.162","1","-0.009","0.035"
"clk150","-0.266","6.667","sfo/two_pass_transport/first_resampling/engine/core/stream/lane_phase_reg[0][20]/C","sfo/two_pass_transport/first_resampling/engine/core/stream/arithmetic/real_channel[1].u_real/pre_ca/g18.u_add/U0/xst_addsub/i_baseblox.i_baseblox_addsub/no_pipelining.the_addsub/i_lut6.i_lut6_addsub/i_q.i_simple.qreg/i_no_async_controls.output_reg[16]/D","clk150","clk150","6.910","10","-0.009","0.035"
"clk150","-0.265","6.667","sfo/two_pass_transport/first_resampling/engine/core/stream/lane_phase_reg[5][20]/C","sfo/two_pass_transport/first_resampling/engine/core/stream/arithmetic/real_channel[11].u_real/pre_ab2/g18.u_add/U0/xst_addsub/i_baseblox.i_baseblox_addsub/no_pipelining.the_addsub/i_lut6.i_lut6_addsub/i_q.i_simple.qreg/i_no_async_controls.output_reg[7]/D","clk150","clk150","6.912","9","-0.010","0.035"
"clk500","-0.265","2.000","cfo/reset_fast/arststages_ff_reg[3]/C","cfo/observation_front/fft_core/bank0_reg_bram_1/WEA[0]","clk500","clk500","1.848","1","0.012","0.035"
"clk500","-0.265","2.000","sfo/residual_estimator/front_stage/main/service/reset_sync500/syncstages_ff_reg[3]/C","sfo/residual_estimator/front_stage/main/service/u_xfft/U0/i_synth/axi_wrapper/config_channel_fifo/gen_real_time.data_out_reg[11]/CE","clk500","clk500","2.163","2","-0.007","0.035"
"clk150","-0.265","6.667","sfo/two_pass_transport/intermediate[0].intermediate_bank/write_gen_reg[17]/C","sfo/two_pass_transport/intermediate[0].intermediate_bank/memory/u_frame_memory/xpm_memory_base_inst/gen_wr_a.gen_word_narrow.mem_reg_uram_161/CAS_IN_BWE_B[1]","clk150","clk150","6.626","13","0.035","0.035"
"clk150","-0.265","6.667","sfo/two_pass_transport/intermediate[0].intermediate_bank/issued_reg[0]/C","sfo/two_pass_transport/intermediate[0].intermediate_bank/memory/u_frame_memory/xpm_memory_base_inst/gen_wr_a.gen_word_narrow.mem_reg_uram_97/CAS_IN_ADDR_A[1]","clk150","clk150","6.418","9","0.034","0.035"
"clk150","-0.265","6.667","poison_sync/syncstages_ff_reg[3]/C","cfo/coarse_banks[0].memory/u_frame_memory/xpm_memory_base_inst/gen_wr_a.gen_word_narrow.mem_reg_uram_161/CAS_IN_BWE_B[6]","clk150","clk150","6.583","12","0.035","0.035"
"clk150","-0.265","6.667","sfo/two_pass_transport/first_resampling/engine/core/stream/lane_phase_reg[0][20]/C","sfo/two_pass_transport/first_resampling/engine/core/stream/arithmetic/real_channel[1].u_real/pre_ca/g18.u_add/U0/xst_addsub/i_baseblox.i_baseblox_addsub/no_pipelining.the_addsub/i_lut6.i_lut6_addsub/i_q.i_simple.qreg/i_no_async_controls.output_reg[14]/D","clk150","clk150","6.909","10","-0.009","0.035"
"clk500","-0.264","2.000","sfo/initial_estimator/owner/fft/reset_sync500/syncstages_ff_reg[3]/C","sfo/initial_estimator/owner/fft/u_xfft/U0/i_synth/axi_wrapper/data_out_channel/gen_real_time.data_out_reg[26]/R","clk500","clk500","2.147","0","-0.008","0.035"
"clk500","-0.264","2.000","sfo/initial_estimator/owner/fft/reset_sync500/syncstages_ff_reg[3]/C","sfo/initial_estimator/owner/fft/u_xfft/U0/i_synth/axi_wrapper/data_out_channel/gen_real_time.data_out_reg[32]/R","clk500","clk500","2.147","0","-0.008","0.035"
"clk500","-0.264","2.000","sfo/residual_estimator/front_stage/main/service/u_egress_fifo/gnuram_async_fifo.xpm_fifo_base_inst/xpm_fifo_rst_inst/gen_rst_ic.wr_rst_busy_ic_reg/C","sfo/residual_estimator/front_stage/main/service/u_egress_fifo/gnuram_async_fifo.xpm_fifo_base_inst/wrpp1_inst/count_value_i_reg[2]/D","clk500","clk500","2.245","5","-0.009","0.035"
"clk150","-0.264","6.667","sfo/two_pass_transport/shared_raw.hub/raw_store/ram_ra_reg[11]/C","sfo/two_pass_transport/shared_raw.hub/raw_store/memory/u_frame_memory/xpm_memory_base_inst/gen_wr_a.gen_word_narrow.mem_reg_uram_135/CAS_IN_ADDR_A[11]","clk150","clk150","6.466","7","0.036","0.035"
"clk500","-0.263","2.000","cfo/windows/packed_windows/fifo/gnuram_async_fifo.xpm_fifo_base_inst/rdp_inst/count_value_i_reg[1]/C","cfo/windows/packed_windows/fifo/gnuram_async_fifo.xpm_fifo_base_inst/gen_sdpram.xpm_memory_base_inst/gen_wr_a.gen_word_narrow.mem_reg_bram_3/ADDRBWRADDR[6]","clk500","clk500","1.951","0","0.010","0.035"
"clk500","-0.263","2.000","sfo/initial_estimator/owner/fft/u_xfft/U0/i_synth/axi_wrapper/reset_pipe_reg[1]/C","sfo/initial_estimator/owner/fft/u_xfft/U0/i_synth/axi_wrapper/data_out_channel/gen_real_time.data_out_reg[32]/CE","clk500","clk500","2.160","1","-0.008","0.035"
"clk500","-0.263","2.000","sfo/residual_estimator/front_stage/main/service/u_egress_fifo/gnuram_async_fifo.xpm_fifo_base_inst/xpm_fifo_rst_inst/gen_rst_ic.wr_rst_busy_ic_reg/C","sfo/residual_estimator/front_stage/main/service/u_egress_fifo/gnuram_async_fifo.xpm_fifo_base_inst/wrp_inst/count_value_i_reg[12]/D","clk500","clk500","2.243","6","-0.010","0.035"
"clk500","-0.262","2.000","cfo/observation_front/fft_core/m_generation_reg[9]/C","cfo/observation_front/fft_core/FSM_sequential_state_reg[1]/D","clk500","clk500","2.242","6","-0.010","0.035"
"clk500","-0.262","2.000","cfo/observation_front/fft_core/bank1_reg_bram_0/CLKBWRCLK","cfo/observation_front/fft_core/pr4_reg/DSP_A_B_DATA_INST/A[1]","clk500","clk500","1.926","1","-0.033","0.035"
"clk500","-0.262","2.000","cfo/reset_fast/arststages_ff_reg[3]/C","cfo/observation_front/index_pipe_reg[2][5]/R","clk500","clk500","2.144","0","-0.009","0.035"
"clk500","-0.262","2.000","cfo/reset_fast/arststages_ff_reg[3]/C","cfo/observation_front/index_pipe_reg[2][9]/R","clk500","clk500","2.144","0","-0.009","0.035"
"clk500","-0.262","2.000","cfo/reset_fast/arststages_ff_reg[3]/C","cfo/observation_front/index_pipe_reg[3][5]/R","clk500","clk500","2.144","0","-0.009","0.035"
"clk500","-0.262","2.000","cfo/reset_fast/arststages_ff_reg[3]/C","cfo/observation_front/index_pipe_reg[3][9]/R","clk500","clk500","2.144","0","-0.009","0.035"
"clk500","-0.261","2.000","cfo/reset_fast/arststages_ff_reg[3]/C","cfo/observation_front/index_pipe_reg[0][5]/R","clk500","clk500","2.143","0","-0.009","0.035"
"clk500","-0.261","2.000","cfo/reset_fast/arststages_ff_reg[3]/C","cfo/observation_front/index_pipe_reg[0][9]/R","clk500","clk500","2.143","0","-0.009","0.035"
"clk500","-0.261","2.000","cfo/reset_fast/arststages_ff_reg[3]/C","cfo/observation_front/index_pipe_reg[1][5]/R","clk500","clk500","2.143","0","-0.009","0.035"
"clk500","-0.261","2.000","cfo/reset_fast/arststages_ff_reg[3]/C","cfo/observation_front/index_pipe_reg[1][9]/R","clk500","clk500","2.143","0","-0.009","0.035"
"clk500","-0.261","2.000","sfo/initial_estimator/owner/fft/u_xfft/U0/i_synth/axi_wrapper/reset_pipe_reg[1]/C","sfo/initial_estimator/owner/fft/u_xfft/U0/i_synth/axi_wrapper/data_out_channel/gen_real_time.data_out_reg[26]/CE","clk500","clk500","2.158","1","-0.008","0.035"
"clk500","-0.261","2.000","sfo/residual_estimator/aux_service/u_xfft/U0/i_synth/xfft_inst/non_floating_point.arch_d.xfft_inst/has_bit_reverse.no_cp.muxed_reorder_write_addr_del_reg[10]/C","sfo/residual_estimator/aux_service/u_xfft/U0/i_synth/xfft_inst/non_floating_point.arch_d.xfft_inst/has_bit_reverse.dig_rev_mem/blk_ram.use_bram_only.mem/depth_14.main_ram_loop[2].use_RAMB18.ram_2k_loop[4].SDP_RAMB18_9x2048/ADDRARDADDR[13]","clk500","clk500","1.951","0","0.012","0.035"
"clk500","-0.260","2.000","cfo/windows/packed_windows/fifo/gnuram_async_fifo.xpm_fifo_base_inst/rdp_inst/count_value_i_reg[2]/C","cfo/windows/packed_windows/fifo/gnuram_async_fifo.xpm_fifo_base_inst/gen_sdpram.xpm_memory_base_inst/gen_wr_a.gen_word_narrow.mem_reg_bram_11/ADDRBWRADDR[7]","clk500","clk500","1.950","0","0.010","0.035"
"clk500","-0.260","2.000","cfo/observation_front/fft_core/FSM_sequential_state_reg[0]/C","cfo/observation_front/fft_core/ai4_reg[16]/CE","clk500","clk500","2.156","1","-0.008","0.035"
"clk500","-0.260","2.000","cfo/observation_front/fft_core/FSM_sequential_state_reg[0]/C","cfo/observation_front/fft_core/ar4_reg[24]/CE","clk500","clk500","2.156","1","-0.008","0.035"
"clk500","-0.260","2.000","cfo/windows/sample_index_reg[8]/C","cfo/windows/packed_windows/fifo/gnuram_async_fifo.xpm_fifo_base_inst/gen_sdpram.xpm_memory_base_inst/gen_wr_a.gen_word_narrow.mem_reg_bram_3/CASOREGIMUXEN_B","clk500","clk500","2.122","4","0.012","0.035"
"clk150","-0.260","6.667","sfo/two_pass_transport/intermediate[0].intermediate_bank/issued_reg[0]/C","sfo/two_pass_transport/intermediate[0].intermediate_bank/memory/u_frame_memory/xpm_memory_base_inst/gen_wr_a.gen_word_narrow.mem_reg_uram_121/CAS_IN_ADDR_A[11]","clk150","clk150","6.460","10","0.034","0.035"
"clk500","-0.259","2.000","cfo/observation_front/fft_core/FSM_sequential_state_reg[0]/C","cfo/observation_front/fft_core/pr4_reg/DSP_OUTPUT_INST/CEP","clk500","clk500","2.020","1","0.014","0.035"
"clk150","-0.259","6.667","poison_sync/syncstages_ff_reg[3]/C","cfo/coarse_banks[0].memory/u_frame_memory/xpm_memory_base_inst/gen_wr_a.gen_word_narrow.mem_reg_uram_71/CAS_IN_BWE_B[6]","clk150","clk150","6.577","12","0.035","0.035"
"clk500","-0.258","2.000","sfo/residual_estimator/aux_service/reset_sync500/syncstages_ff_reg[3]/C","sfo/residual_estimator/aux_service/u_ingress_fifo/gnuram_async_fifo.xpm_fifo_base_inst/gen_sdpram.xpm_memory_base_inst/gen_wr_a.gen_word_wide.mem_reg_bram_0/ENARDEN","clk500","clk500","1.892","2","0.011","0.035"
"clk500","-0.258","2.000","sfo/residual_estimator/front_stage/main/service/u_xfft/U0/i_synth/xfft_inst/non_floating_point.arch_d.xfft_inst/reset_delays[1].other.reset_del_reg[1]/C","sfo/residual_estimator/front_stage/main/service/u_xfft/U0/i_synth/xfft_inst/non_floating_point.arch_d.xfft_inst/pe_gen[1].natural_order_input.PE/overflow.g_valid_ovflo_reg.ovflo_valid_d_reg/R","clk500","clk500","2.139","0","-0.010","0.035"
"clk500","-0.258","2.000","sfo/residual_estimator/front_stage/main/service/u_xfft/U0/i_synth/xfft_inst/non_floating_point.arch_d.xfft_inst/reset_delays[1].other.reset_del_reg[1]/C","sfo/residual_estimator/front_stage/main/service/u_xfft/U0/i_synth/xfft_inst/non_floating_point.arch_d.xfft_inst/pe_gen[1].natural_order_input.PE/overflow.ovflo_reg_fd/R","clk500","clk500","2.139","0","-0.010","0.035"
"clk500","-0.258","2.000","cfo/reset_fast/arststages_ff_reg[3]/C","cfo/observation_front/fft_core/bank1_reg_bram_1/ADDRBWRADDR[9]","clk500","clk500","1.955","4","0.012","0.035"
"clk150","-0.258","6.667","poison_sync/syncstages_ff_reg[3]/C","cfo/coarse_banks[1].memory/u_frame_memory/xpm_memory_base_inst/gen_wr_a.gen_word_narrow.mem_reg_uram_7/CAS_IN_BWE_B[0]","clk150","clk150","6.614","12","0.035","0.035"
"clk500","-0.257","2.000","cfo/observation_front/fft_core/m_generation_reg[9]/C","cfo/observation_front/fft_core/m_last_reg/CE","clk500","clk500","2.152","6","-0.010","0.035"
"clk150","-0.257","6.667","sfo/two_pass_transport/first_resampling/engine/core/stream/lane_phase_reg[15][7]/C","sfo/two_pass_transport/first_resampling/engine/core/stream/lane_phase_reg[2][21]/CE","clk150","clk150","6.819","18","-0.008","0.035"
"clk500","-0.257","2.000","cfo/observation_front/fft_core/half_span_reg[0]/C","cfo/observation_front/fft_core/tw_index_reg_rep/ADDRARDADDR[5]","clk500","clk500","1.881","5","0.011","0.035"
"clk500","-0.257","2.000","sfo/initial_estimator/owner/fft/u_xfft/U0/i_synth/xfft_inst/non_floating_point.arch_d.xfft_inst/has_overflow.natural_ovflo.DOUT_DONE_E_CNT/no_early_reg.I_TC_reg/C","sfo/initial_estimator/owner/fft/u_xfft/U0/i_synth/xfft_inst/non_floating_point.arch_d.xfft_inst/pe_gen[0].natural_order_input.OVFLO_FIFO/rd_cnt_reg[1]/D","clk500","clk500","2.239","1","-0.008","0.035"
"clk500","-0.257","2.000","sfo/initial_estimator/owner/fft/u_xfft/U0/i_synth/xfft_inst/non_floating_point.arch_d.xfft_inst/pe_gen[0].natural_order_input.PE/has_addr_gen.tw_addr_gen/cnt/cnt_addsub/i_baseblox.i_baseblox_addsub/no_pipelining.the_addsub/i_lut6.i_lut6_addsub/i_q.i_simple.qreg/i_no_async_controls.output_reg[7]/C","sfo/initial_estimator/owner/fft/u_xfft/U0/i_synth/xfft_inst/non_floating_point.arch_d.xfft_inst/pe_gen[0].natural_order_input.PE/has_TW_mult.sync_tw_addr/no_sclr_lut.real_shift_ram.use_baseblock.use_hlutnm_srls.srl_loop[3].i_srl16e0/D","clk500","clk500","2.174","0","0.013","0.035"
"clk150","-0.257","6.667","poison_sync/syncstages_ff_reg[3]/C","cfo/coarse_banks[0].memory/u_frame_memory/xpm_memory_base_inst/gen_wr_a.gen_word_narrow.mem_reg_uram_71/CAS_IN_BWE_B[7]","clk150","clk150","6.479","12","0.035","0.035"
"clk150","-0.257","6.667","sfo/two_pass_transport/first_resampling/engine/core/stream/lane_phase_reg[0][20]/C","sfo/two_pass_transport/first_resampling/engine/core/stream/arithmetic/real_channel[0].u_real/pre_bc/g18.u_add/U0/xst_addsub/i_baseblox.i_baseblox_addsub/no_pipelining.the_addsub/i_lut6.i_lut6_addsub/i_q.i_simple.qreg/i_no_async_controls.output_reg[15]/D","clk150","clk150","6.901","9","-0.009","0.035"
"clk150","-0.257","6.667","sfo/two_pass_transport/first_resampling/engine/core/stream/lane_phase_reg[15][7]/C","sfo/two_pass_transport/first_resampling/engine/core/stream/lane_phase_reg[10][18]/D","clk150","clk150","6.903","18","-0.007","0.035"
"clk500","-0.256","2.000","cfo/windows/sample_index_reg[8]/C","cfo/windows/packed_windows/fifo/gnuram_async_fifo.xpm_fifo_base_inst/rdpp1_inst/count_value_i_reg[5]/D","clk500","clk500","2.239","6","-0.007","0.035"
"clk500","-0.256","2.000","sfo/residual_estimator/front_stage/main/service/u_egress_fifo/gnuram_async_fifo.xpm_fifo_base_inst/xpm_fifo_rst_inst/gen_rst_ic.wr_rst_busy_ic_reg/C","sfo/residual_estimator/front_stage/main/service/u_egress_fifo/gnuram_async_fifo.xpm_fifo_base_inst/wrp_inst/count_value_i_reg[10]/D","clk500","clk500","2.236","6","-0.010","0.035"
"clk500","-0.256","2.000","cfo/observation_front/fft_core/FSM_sequential_state_reg[1]_rep/C","cfo/observation_front/fft_core/rr3_reg/DSP_A_B_DATA_INST/CEB2","clk500","clk500","2.092","1","0.015","0.035"
"clk500","-0.256","2.000","sfo/residual_estimator/front_stage/main/service/u_xfft/U0/i_synth/axi_wrapper/reset_pipe_reg[1]/C","sfo/residual_estimator/front_stage/main/service/u_xfft/U0/i_synth/axi_wrapper/data_out_channel/gen_real_time.data_out_reg[10]/CE","clk500","clk500","2.151","1","-0.010","0.035"
"clk500","-0.256","2.000","sfo/residual_estimator/front_stage/main/service/u_xfft/U0/i_synth/axi_wrapper/reset_pipe_reg[1]/C","sfo/residual_estimator/front_stage/main/service/u_xfft/U0/i_synth/axi_wrapper/data_out_channel/gen_real_time.data_out_reg[14]/CE","clk500","clk500","2.152","1","-0.010","0.035"
"clk500","-0.256","2.000","sfo/residual_estimator/front_stage/main/service/u_xfft/U0/i_synth/axi_wrapper/reset_pipe_reg[1]/C","sfo/residual_estimator/front_stage/main/service/u_xfft/U0/i_synth/axi_wrapper/data_out_channel/gen_real_time.data_out_reg[2]/CE","clk500","clk500","2.151","1","-0.010","0.035"
"clk500","-0.256","2.000","sfo/residual_estimator/front_stage/main/service/u_xfft/U0/i_synth/axi_wrapper/reset_pipe_reg[1]/C","sfo/residual_estimator/front_stage/main/service/u_xfft/U0/i_synth/axi_wrapper/data_out_channel/gen_real_time.data_out_reg[4]/CE","clk500","clk500","2.152","1","-0.010","0.035"
"clk500","-0.256","2.000","sfo/residual_estimator/front_stage/main/service/u_xfft/U0/i_synth/axi_wrapper/reset_pipe_reg[1]/C","sfo/residual_estimator/front_stage/main/service/u_xfft/U0/i_synth/axi_wrapper/data_out_channel/gen_real_time.data_out_reg[6]/CE","clk500","clk500","2.151","1","-0.010","0.035"
"clk500","-0.256","2.000","sfo/residual_estimator/front_stage/main/service/u_xfft/U0/i_synth/axi_wrapper/reset_pipe_reg[1]/C","sfo/residual_estimator/front_stage/main/service/u_xfft/U0/i_synth/axi_wrapper/data_out_channel/gen_real_time.data_out_reg[7]/CE","clk500","clk500","2.152","1","-0.010","0.035"
"clk500","-0.256","2.000","sfo/residual_estimator/front_stage/main/service/u_xfft/U0/i_synth/axi_wrapper/reset_pipe_reg[1]/C","sfo/residual_estimator/front_stage/main/service/u_xfft/U0/i_synth/axi_wrapper/data_out_channel/gen_real_time.data_out_reg[8]/CE","clk500","clk500","2.151","1","-0.010","0.035"
"clk500","-0.255","2.000","sfo/residual_estimator/aux_service/u_xfft/U0/i_synth/xfft_inst/non_floating_point.arch_d.xfft_inst/FLOW/has_nfft._nfft_value.NFFT_int_tmp_reg[2]/C","sfo/residual_estimator/aux_service/u_xfft/U0/i_synth/xfft_inst/non_floating_point.arch_d.xfft_inst/FLOW/has_nfft.counter_limit_early_reg[11].max_n_int_minus_one_ff/D","clk500","clk500","2.236","1","-0.009","0.035"
"clk500","-0.255","2.000","cfo/observation_front/fft_core/FSM_sequential_state_reg[1]_rep/C","cfo/observation_front/fft_core/pi4_reg/DSP_M_DATA_INST/CEM","clk500","clk500","2.078","1","0.015","0.035"
"clk500","-0.254","2.000","cfo/reset_fast/arststages_ff_reg[3]/C","cfo/observation_front/state_reg[0]/CE","clk500","clk500","2.150","4","-0.009","0.035"
"clk500","-0.254","2.000","cfo/reset_fast/arststages_ff_reg[3]/C","cfo/observation_front/state_reg[1]/CE","clk500","clk500","2.151","4","-0.009","0.035"
"clk150","-0.253","6.667","sfo/two_pass_transport/first_resampling/engine/core/stream/lane_phase_reg[5][20]/C","sfo/two_pass_transport/first_resampling/engine/core/stream/arithmetic/real_channel[11].u_real/pre_ca/g18.u_add/U0/xst_addsub/i_baseblox.i_baseblox_addsub/no_pipelining.the_addsub/i_lut6.i_lut6_addsub/i_q.i_simple.qreg/i_no_async_controls.output_reg[3]/D","clk150","clk150","6.900","9","-0.010","0.035"
"clk150","-0.253","6.667","sfo/two_pass_transport/first_resampling/engine/core/stream/lane_phase_reg[0][20]/C","sfo/two_pass_transport/first_resampling/engine/core/stream/arithmetic/real_channel[1].u_real/pre_ca/g18.u_add/U0/xst_addsub/i_baseblox.i_baseblox_addsub/no_pipelining.the_addsub/i_lut6.i_lut6_addsub/i_q.i_simple.qreg/i_no_async_controls.output_reg[15]/D","clk150","clk150","6.897","10","-0.009","0.035"
"clk500","-0.252","2.000","sfo/initial_estimator/owner/fft/u_xfft/U0/i_synth/axi_wrapper/sclr_int_reg/C","sfo/initial_estimator/owner/fft/u_xfft/U0/i_synth/xfft_inst/non_floating_point.arch_d.xfft_inst/FLOW/nat_ip_next_start_reg.next_start_int_d_reg/R","clk500","clk500","2.136","0","-0.007","0.035"
"clk150","-0.252","6.667","poison_sync/syncstages_ff_reg[3]/C","cfo/coarse_banks[0].memory/u_frame_memory/xpm_memory_base_inst/gen_wr_a.gen_word_narrow.mem_reg_uram_71/CAS_IN_BWE_B[8]","clk150","clk150","6.501","12","0.035","0.035"
"clk500","-0.250","2.000","cfo/observation_front/fft_core/FSM_sequential_state_reg[0]/C","cfo/observation_front/fft_core/pi5_reg[4]/CE","clk500","clk500","2.146","1","-0.009","0.035"
"clk500","-0.250","2.000","cfo/observation_front/fft_core/FSM_sequential_state_reg[0]/C","cfo/observation_front/fft_core/pi5_reg[5]/CE","clk500","clk500","2.146","1","-0.009","0.035"
"clk500","-0.250","2.000","cfo/observation_front/fft_core/FSM_sequential_state_reg[0]/C","cfo/observation_front/fft_core/pi5_reg[6]/CE","clk500","clk500","2.146","1","-0.009","0.035"
"clk500","-0.250","2.000","cfo/observation_front/fft_core/FSM_sequential_state_reg[0]/C","cfo/observation_front/fft_core/pi5_reg[7]/CE","clk500","clk500","2.146","1","-0.009","0.035"
"clk500","-0.250","2.000","sfo/residual_estimator/aux_service/u_xfft/U0/i_synth/xfft_inst/non_floating_point.arch_d.xfft_inst/FLOW/has_nfft.counter_limit_early_reg[0].max_n_int_minus_one_ff/C","sfo/residual_estimator/aux_service/u_xfft/U0/i_synth/xfft_inst/non_floating_point.arch_d.xfft_inst/pe_gen[3].natural_order_input.PE/has_addr_gen.bf2_addr_gen/cnt/i_tc_compare_reg/D","clk500","clk500","2.230","2","-0.010","0.035"
"clk150","-0.250","6.667","sfo/two_pass_transport/first_resampling/engine/core/stream/lane_phase_reg[0][20]/C","sfo/two_pass_transport/first_resampling/engine/core/stream/arithmetic/real_channel[0].u_real/pre_bc/g18.u_add/U0/xst_addsub/i_baseblox.i_baseblox_addsub/no_pipelining.the_addsub/i_lut6.i_lut6_addsub/i_q.i_simple.qreg/i_no_async_controls.output_reg[17]/D","clk150","clk150","6.894","10","-0.009","0.035"
"clk500","-0.249","2.000","cfo/observation_front/fft_core/FSM_sequential_state_reg[0]/C","cfo/observation_front/fft_core/next_output_reg[5]/CE","clk500","clk500","2.146","2","-0.008","0.035"
"clk500","-0.249","2.000","sfo/residual_estimator/aux_service/u_xfft/U0/i_synth/xfft_inst/non_floating_point.arch_d.xfft_inst/has_bit_reverse.no_cp.muxed_reorder_write_addr_del_reg[0]/C","sfo/residual_estimator/aux_service/u_xfft/U0/i_synth/xfft_inst/non_floating_point.arch_d.xfft_inst/has_bit_reverse.dig_rev_mem/blk_ram.use_bram_only.mem/depth_14.need_extra_rams.extra_ram_loop[3].use_RAMB18.SDP_RAMB18_1x16384/ADDRARDADDR[0]","clk500","clk500","1.893","0","0.012","0.035"
"clk150","-0.249","6.667","sfo/two_pass_transport/intermediate[0].intermediate_bank/write_gen_reg[17]/C","sfo/two_pass_transport/intermediate[0].intermediate_bank/memory/u_frame_memory/xpm_memory_base_inst/gen_wr_a.gen_word_narrow.mem_reg_uram_119/CAS_IN_BWE_B[3]","clk150","clk150","6.574","11","0.035","0.035"
"clk150","-0.248","6.667","sfo/two_pass_transport/first_resampling/engine/core/stream/lane_phase_reg[0][20]/C","sfo/two_pass_transport/first_resampling/engine/core/stream/arithmetic/real_channel[1].u_real/pre_ab2/g18.u_add/U0/xst_addsub/i_baseblox.i_baseblox_addsub/no_pipelining.the_addsub/i_lut6.i_lut6_addsub/i_q.i_simple.qreg/i_no_async_controls.output_reg[16]/D","clk150","clk150","6.892","10","-0.010","0.035"
"clk150","-0.248","6.667","sfo/two_pass_transport/first_resampling/engine/core/stream/lane_phase_reg[0][20]/C","sfo/two_pass_transport/first_resampling/engine/core/stream/arithmetic/real_channel[1].u_real/pre_ab2/g18.u_add/U0/xst_addsub/i_baseblox.i_baseblox_addsub/no_pipelining.the_addsub/i_lut6.i_lut6_addsub/i_q.i_simple.qreg/i_no_async_controls.output_reg[18]/D","clk150","clk150","6.892","11","-0.010","0.035"
"clk150","-0.248","6.667","sfo/two_pass_transport/first_resampling/engine/core/stream/lane_phase_reg[15][7]/C","sfo/two_pass_transport/first_resampling/engine/core/stream/lane_phase_reg[10][16]/D","clk150","clk150","6.894","18","-0.008","0.035"
"clk500","-0.248","2.000","sfo/residual_estimator/front_stage/main/service/u_egress_fifo/gnuram_async_fifo.xpm_fifo_base_inst/xpm_fifo_rst_inst/gen_rst_ic.wr_rst_busy_ic_reg/C","sfo/residual_estimator/front_stage/main/service/u_egress_fifo/gnuram_async_fifo.xpm_fifo_base_inst/wrp_inst/count_value_i_reg[11]/D","clk500","clk500","2.228","6","-0.010","0.035"
"clk150","-0.248","6.667","sfo/two_pass_transport/intermediate[0].intermediate_bank/write_gen_reg[17]/C","sfo/two_pass_transport/intermediate[0].intermediate_bank/memory/u_frame_memory/xpm_memory_base_inst/gen_wr_a.gen_word_narrow.mem_reg_uram_129/CAS_IN_BWE_B[7]","clk150","clk150","6.470","13","0.035","0.035"
"clk150","-0.247","6.667","sfo/two_pass_transport/first_resampling/engine/core/stream/lane_phase_reg[0][20]/C","sfo/two_pass_transport/first_resampling/engine/core/stream/arithmetic/real_channel[1].u_real/pre_ab2/g18.u_add/U0/xst_addsub/i_baseblox.i_baseblox_addsub/no_pipelining.the_addsub/i_lut6.i_lut6_addsub/i_q.i_simple.qreg/i_no_async_controls.output_reg[14]/D","clk150","clk150","6.891","10","-0.010","0.035"
"clk500","-0.247","2.000","cfo/observation_front/fft_core/FSM_sequential_state_reg[1]_rep/C","cfo/observation_front/fft_core/tag_reg[3][row_a][2]/CE","clk500","clk500","2.144","1","-0.007","0.035"
"clk150","-0.247","6.667","sfo/two_pass_transport/intermediate[0].intermediate_bank/write_gen_reg[17]/C","sfo/two_pass_transport/intermediate[0].intermediate_bank/memory/u_frame_memory/xpm_memory_base_inst/gen_wr_a.gen_word_narrow.mem_reg_uram_160/CAS_IN_BWE_B[7]","clk150","clk150","6.469","12","0.035","0.035"
"clk500","-0.246","2.000","cfo/reset_fast/arststages_ff_reg[3]/C","cfo/observation_front/m_frame_reg[12]/CE","clk500","clk500","2.142","2","-0.009","0.035"
"clk500","-0.246","2.000","cfo/reset_fast/arststages_ff_reg[3]/C","cfo/observation_front/m_frame_reg[9]/CE","clk500","clk500","2.142","2","-0.009","0.035"
"clk500","-0.246","2.000","sfo/residual_estimator/aux_service/u_xfft/U0/i_synth/xfft_inst/non_floating_point.arch_d.xfft_inst/has_bit_reverse.no_cp.muxed_reorder_write_addr_del_reg[10]/C","sfo/residual_estimator/aux_service/u_xfft/U0/i_synth/xfft_inst/non_floating_point.arch_d.xfft_inst/has_bit_reverse.dig_rev_mem/blk_ram.use_bram_only.mem/depth_14.main_ram_loop[1].use_RAMB18.ram_2k_loop[7].SDP_RAMB18_9x2048/ADDRARDADDR[13]","clk500","clk500","1.953","0","0.010","0.035"
"clk150","-0.246","6.667","sfo/two_pass_transport/intermediate[0].intermediate_bank/write_gen_reg[17]/C","sfo/two_pass_transport/intermediate[0].intermediate_bank/memory/u_frame_memory/xpm_memory_base_inst/gen_wr_a.gen_word_narrow.mem_reg_uram_105/CAS_IN_BWE_B[3]","clk150","clk150","6.571","13","0.035","0.035"
"clk150","-0.246","6.667","sfo/two_pass_transport/first_resampling/engine/core/stream/lane_phase_reg[0][20]/C","sfo/two_pass_transport/first_resampling/engine/core/stream/arithmetic/real_channel[1].u_real/pre_ca/g18.u_add/U0/xst_addsub/i_baseblox.i_baseblox_addsub/no_pipelining.the_addsub/i_lut6.i_lut6_addsub/i_q.i_simple.qreg/i_no_async_controls.output_reg[17]/D","clk150","clk150","6.890","11","-0.009","0.035"
"clk150","-0.245","6.667","sfo/two_pass_transport/first_resampling/engine/core/stream/lane_phase_reg[15][7]/C","sfo/two_pass_transport/first_resampling/engine/core/stream/lane_phase_reg[14][28]/D","clk150","clk150","6.891","18","-0.008","0.035"
"clk500","-0.245","2.000","cfo/observation_front/fft_core/FSM_sequential_state_reg[0]/C","cfo/observation_front/fft_core/pi5_reg[0]/CE","clk500","clk500","2.141","1","-0.009","0.035"
"clk500","-0.245","2.000","cfo/observation_front/fft_core/FSM_sequential_state_reg[0]/C","cfo/observation_front/fft_core/pi5_reg[1]/CE","clk500","clk500","2.141","1","-0.009","0.035"
"clk500","-0.245","2.000","cfo/observation_front/fft_core/FSM_sequential_state_reg[0]/C","cfo/observation_front/fft_core/pi5_reg[2]/CE","clk500","clk500","2.141","1","-0.009","0.035"
"clk500","-0.245","2.000","cfo/observation_front/fft_core/FSM_sequential_state_reg[0]/C","cfo/observation_front/fft_core/pi5_reg[3]/CE","clk500","clk500","2.141","1","-0.009","0.035"
"clk150","-0.245","6.667","sfo/two_pass_transport/intermediate[0].intermediate_bank/write_gen_reg[17]/C","sfo/two_pass_transport/intermediate[0].intermediate_bank/memory/u_frame_memory/xpm_memory_base_inst/gen_wr_a.gen_word_narrow.mem_reg_uram_105/CAS_IN_EN_A","clk150","clk150","6.472","13","0.035","0.035"
"clk150","-0.243","6.667","sfo/two_pass_transport/first_resampling/engine/core/stream/lane_phase_reg[5][20]/C","sfo/two_pass_transport/first_resampling/engine/core/stream/arithmetic/real_channel[11].u_real/pre_ab2/g18.u_add/U0/xst_addsub/i_baseblox.i_baseblox_addsub/no_pipelining.the_addsub/i_lut6.i_lut6_addsub/i_q.i_simple.qreg/i_no_async_controls.output_reg[5]/D","clk150","clk150","6.890","9","-0.010","0.035"
"clk500","-0.243","2.000","cfo/windows/packed_windows/fifo/gnuram_async_fifo.xpm_fifo_base_inst/rdp_inst/count_value_i_reg[4]/C","cfo/windows/packed_windows/fifo/gnuram_async_fifo.xpm_fifo_base_inst/gen_sdpram.xpm_memory_base_inst/gen_wr_a.gen_word_narrow.mem_reg_bram_10/ADDRBWRADDR[9]","clk500","clk500","1.913","0","0.010","0.035"
"clk500","-0.243","2.000","sfo/residual_estimator/aux_service/u_xfft/U0/i_synth/xfft_inst/non_floating_point.arch_d.xfft_inst/FLOW/has_nfft._nfft_value.NFFT_int_tmp_reg[2]/C","sfo/residual_estimator/aux_service/u_xfft/U0/i_synth/xfft_inst/non_floating_point.arch_d.xfft_inst/FLOW/has_nfft.counter_limit_reg[10].max_n_int_minus_one_ff/D","clk500","clk500","2.224","1","-0.009","0.035"
"clk150","-0.242","6.667","poison_sync/syncstages_ff_reg[3]/C","cfo/coarse_banks[0].memory/u_frame_memory/xpm_memory_base_inst/gen_wr_a.gen_word_narrow.mem_reg_uram_161/CAS_IN_BWE_B[0]","clk150","clk150","6.598","12","0.035","0.035"
"clk150","-0.242","6.667","sfo/two_pass_transport/first_resampling/engine/core/stream/lane_phase_reg[15][7]/C","sfo/two_pass_transport/first_resampling/engine/core/stream/lane_phase_reg[13][18]/D","clk150","clk150","6.888","18","-0.007","0.035"
"clk500","-0.241","2.000","sfo/residual_estimator/front_stage/main/service/u_xfft/U0/i_synth/axi_wrapper/sclr_int_reg/C","sfo/residual_estimator/front_stage/main/service/u_xfft/U0/i_synth/xfft_inst/non_floating_point.arch_d.xfft_inst/FLOW/has_scale_sch_buffer.scale_sch_int_reg[1]/S","clk500","clk500","2.123","0","-0.009","0.035"
"clk500","-0.241","2.000","sfo/residual_estimator/front_stage/main/service/u_xfft/U0/i_synth/axi_wrapper/sclr_int_reg/C","sfo/residual_estimator/front_stage/main/service/u_xfft/U0/i_synth/xfft_inst/non_floating_point.arch_d.xfft_inst/FLOW/has_scale_sch_buffer.scale_sch_out_i_reg[1]/S","clk500","clk500","2.123","0","-0.009","0.035"
"clk150","-0.241","6.667","sfo/two_pass_transport/first_resampling/engine/core/stream/lane_phase_reg[15][7]/C","sfo/two_pass_transport/first_resampling/engine/core/stream/lane_phase_reg[10][2]/D","clk150","clk150","6.887","18","-0.007","0.035"
"clk150","-0.240","6.667","sfo/two_pass_transport/first_resampling/engine/core/stream/lane_phase_reg[15][7]/C","sfo/two_pass_transport/first_resampling/engine/core/stream/lane_phase_reg[2][2]/CE","clk150","clk150","6.802","18","-0.008","0.035"
"clk500","-0.240","2.000","cfo/estimator/observation_fifo/gnuram_async_fifo.xpm_fifo_base_inst/xpm_fifo_rst_inst/gen_rst_ic.wr_rst_busy_ic_reg/C","cfo/observation_front/pilot_count_reg[2]/R","clk500","clk500","2.121","4","-0.010","0.035"
"clk500","-0.240","2.000","cfo/estimator/observation_fifo/gnuram_async_fifo.xpm_fifo_base_inst/xpm_fifo_rst_inst/gen_rst_ic.wr_rst_busy_ic_reg/C","cfo/observation_front/pilot_count_reg[3]/R","clk500","clk500","2.121","4","-0.010","0.035"
"clk500","-0.240","2.000","cfo/estimator/observation_fifo/gnuram_async_fifo.xpm_fifo_base_inst/xpm_fifo_rst_inst/gen_rst_ic.wr_rst_busy_ic_reg/C","cfo/observation_front/pilot_count_reg[4]/R","clk500","clk500","2.121","4","-0.010","0.035"
"clk500","-0.240","2.000","cfo/estimator/observation_fifo/gnuram_async_fifo.xpm_fifo_base_inst/xpm_fifo_rst_inst/gen_rst_ic.wr_rst_busy_ic_reg/C","cfo/observation_front/pilot_count_reg[5]/R","clk500","clk500","2.121","4","-0.010","0.035"
"clk500","-0.240","2.000","sfo/residual_estimator/aux_service/u_xfft/U0/i_synth/axi_wrapper/gen_has_nfft.nfft_we_int_reg/C","sfo/residual_estimator/aux_service/u_xfft/U0/i_synth/xfft_inst/non_floating_point.arch_d.xfft_inst/FLOW/reset_sustain.resets_4_pes[4].delay_reset_pe/count_addsub_reg[0].addsub_reg/R","clk500","clk500","2.124","1","-0.007","0.035"
"clk500","-0.240","2.000","sfo/residual_estimator/aux_service/u_xfft/U0/i_synth/axi_wrapper/gen_has_nfft.nfft_we_int_reg/C","sfo/residual_estimator/aux_service/u_xfft/U0/i_synth/xfft_inst/non_floating_point.arch_d.xfft_inst/FLOW/reset_sustain.resets_4_pes[4].delay_reset_pe/count_addsub_reg[1].addsub_reg/R","clk500","clk500","2.124","1","-0.007","0.035"
"clk500","-0.240","2.000","sfo/residual_estimator/aux_service/u_xfft/U0/i_synth/axi_wrapper/gen_has_nfft.nfft_we_int_reg/C","sfo/residual_estimator/aux_service/u_xfft/U0/i_synth/xfft_inst/non_floating_point.arch_d.xfft_inst/FLOW/reset_sustain.resets_4_pes[4].delay_reset_pe/count_addsub_reg[2].addsub_reg/R","clk500","clk500","2.124","1","-0.007","0.035"
"clk500","-0.240","2.000","sfo/residual_estimator/aux_service/u_xfft/U0/i_synth/axi_wrapper/gen_has_nfft.nfft_we_int_reg/C","sfo/residual_estimator/aux_service/u_xfft/U0/i_synth/xfft_inst/non_floating_point.arch_d.xfft_inst/FLOW/reset_sustain.resets_4_pes[4].delay_reset_pe/count_addsub_reg[3].addsub_reg/R","clk500","clk500","2.124","1","-0.007","0.035"
"clk500","-0.239","2.000","sfo/residual_estimator/aux_service/u_xfft/U0/i_synth/xfft_inst/non_floating_point.arch_d.xfft_inst/timing_cnts_has_nfft.run_time_sel_reg[4]/C","sfo/residual_estimator/aux_service/u_xfft/U0/i_synth/xfft_inst/non_floating_point.arch_d.xfft_inst/pe_gen[3].natural_order_input.PE/bypass_muxes.din_im_mux_gen[6].reg/D","clk500","clk500","2.219","1","-0.010","0.035"
"clk500","-0.239","2.000","sfo/residual_estimator/front_stage/main/service/reset_sync500/syncstages_ff_reg[3]/C","sfo/residual_estimator/front_stage/main/service/u_xfft/U0/i_synth/axi_wrapper/config_channel_fifo/gen_real_time.data_out_reg[0]/CE","clk500","clk500","2.136","2","-0.007","0.035"
"clk500","-0.239","2.000","sfo/residual_estimator/aux_service/u_xfft/U0/i_synth/xfft_inst/non_floating_point.arch_d.xfft_inst/timing_cnts_has_nfft.run_time_sel_reg[4]/C","sfo/residual_estimator/aux_service/u_xfft/U0/i_synth/xfft_inst/non_floating_point.arch_d.xfft_inst/pe_gen[3].natural_order_input.PE/bypass_muxes.din_re_mux_gen[12].reg/D","clk500","clk500","2.220","1","-0.009","0.035"
"clk150","-0.239","6.667","poison_sync/syncstages_ff_reg[3]/C","cfo/coarse_banks[1].memory/u_frame_memory/xpm_memory_base_inst/gen_wr_a.gen_word_narrow.mem_reg_uram_153/CAS_IN_BWE_B[7]","clk150","clk150","6.461","12","0.035","0.035"
"clk150","-0.239","6.667","sfo/two_pass_transport/first_resampling/engine/core/stream/lane_phase_reg[0][20]/C","sfo/two_pass_transport/first_resampling/engine/core/stream/arithmetic/real_channel[0].u_real/pre_bc/g18.u_add/U0/xst_addsub/i_baseblox.i_baseblox_addsub/no_pipelining.the_addsub/i_lut6.i_lut6_addsub/i_q.i_simple.qreg/i_no_async_controls.output_reg[13]/D","clk150","clk150","6.883","9","-0.009","0.035"
"clk500","-0.238","2.000","sfo/residual_estimator/aux_service/u_xfft/U0/i_synth/xfft_inst/non_floating_point.arch_d.xfft_inst/FLOW/has_nfft.counter_limit_early_reg[8].max_n_int_minus_one_ff/C","sfo/residual_estimator/aux_service/u_xfft/U0/i_synth/xfft_inst/non_floating_point.arch_d.xfft_inst/pe_gen[4].natural_order_input.PE/has_addr_gen.tw_addr_gen/cnt/i_tc_compare_reg/D","clk500","clk500","2.218","2","-0.010","0.035"
"clk150","-0.238","6.667","sfo/two_pass_transport/first_resampling/engine/core/stream/lane_phase_reg[15][7]/C","sfo/two_pass_transport/first_resampling/engine/core/stream/lane_phase_reg[2][1]/CE","clk150","clk150","6.800","18","-0.008","0.035"
"clk150","-0.238","6.667","sfo/two_pass_transport/first_resampling/engine/core/stream/lane_phase_reg[0][20]/C","sfo/two_pass_transport/first_resampling/engine/core/stream/arithmetic/real_channel[0].u_real/pre_ca/g18.u_add/U0/xst_addsub/i_baseblox.i_baseblox_addsub/no_pipelining.the_addsub/i_lut6.i_lut6_addsub/i_q.i_simple.qreg/i_no_async_controls.output_reg[8]/D","clk150","clk150","6.882","8","-0.009","0.035"
"clk150","-0.237","6.667","sfo/two_pass_transport/first_resampling/engine/core/stream/lane_phase_reg[15][7]/C","sfo/two_pass_transport/first_resampling/engine/core/stream/lane_phase_reg[10][25]/D","clk150","clk150","6.883","18","-0.008","0.035"
"clk150","-0.237","6.667","sfo/two_pass_transport/first_resampling/engine/core/stream/lane_phase_reg[15][7]/C","sfo/two_pass_transport/first_resampling/engine/core/stream/lane_phase_reg[10][33]/D","clk150","clk150","6.883","18","-0.008","0.035"
"clk500","-0.237","2.000","sfo/residual_estimator/aux_service/u_xfft/U0/i_synth/axi_wrapper/gen_has_nfft.nfft_we_int_reg/C","sfo/residual_estimator/aux_service/u_xfft/U0/i_synth/xfft_inst/non_floating_point.arch_d.xfft_inst/FLOW/reset_sustain.resets_4_pes[4].delay_reset_pe/count_addsub_reg[4].addsub_reg/R","clk500","clk500","2.121","1","-0.007","0.035"
"clk500","-0.237","2.000","sfo/residual_estimator/aux_service/u_xfft/U0/i_synth/axi_wrapper/gen_has_nfft.nfft_we_int_reg/C","sfo/residual_estimator/aux_service/u_xfft/U0/i_synth/xfft_inst/non_floating_point.arch_d.xfft_inst/FLOW/reset_sustain.resets_4_pes[4].delay_reset_pe/count_addsub_reg[5].addsub_reg/R","clk500","clk500","2.121","1","-0.007","0.035"
"clk150","-0.237","6.667","sfo/two_pass_transport/intermediate[0].intermediate_bank/write_gen_reg[17]/C","sfo/two_pass_transport/intermediate[0].intermediate_bank/memory/u_frame_memory/xpm_memory_base_inst/gen_wr_a.gen_word_narrow.mem_reg_uram_95/CAS_IN_BWE_B[5]","clk150","clk150","6.590","11","0.035","0.035"
"clk500","-0.236","2.000","sfo/residual_estimator/aux_service/u_xfft/U0/i_synth/xfft_inst/non_floating_point.arch_d.xfft_inst/FLOW/has_nfft.counter_limit_early_reg[0].max_n_int_minus_one_ff/C","sfo/residual_estimator/aux_service/u_xfft/U0/i_synth/xfft_inst/non_floating_point.arch_d.xfft_inst/pe_gen[1].natural_order_input.PE/has_addr_gen.bf2_addr_gen/cnt/i_tc_compare_reg/D","clk500","clk500","2.216","2","-0.010","0.035"
"clk500","-0.236","2.000","sfo/residual_estimator/aux_service/u_xfft/U0/i_synth/xfft_inst/non_floating_point.arch_d.xfft_inst/FLOW/has_nfft.counter_limit_early_reg[0].max_n_int_minus_one_ff/C","sfo/residual_estimator/aux_service/u_xfft/U0/i_synth/xfft_inst/non_floating_point.arch_d.xfft_inst/pe_gen[2].natural_order_input.PE/has_addr_gen.tw_addr_gen/cnt/i_tc_compare_reg/D","clk500","clk500","2.216","2","-0.010","0.035"
"clk500","-0.236","2.000","sfo/residual_estimator/front_stage/main/service/u_egress_fifo/gnuram_async_fifo.xpm_fifo_base_inst/xpm_fifo_rst_inst/gen_rst_ic.wr_rst_busy_ic_reg/C","sfo/residual_estimator/front_stage/main/service/u_egress_fifo/gnuram_async_fifo.xpm_fifo_base_inst/wrp_inst/count_value_i_reg[9]/D","clk500","clk500","2.216","6","-0.010","0.035"
"clk150","-0.236","6.667","poison_sync/syncstages_ff_reg[3]/C","cfo/coarse_banks[0].memory/u_frame_memory/xpm_memory_base_inst/gen_wr_a.gen_word_narrow.mem_reg_uram_161/CAS_IN_BWE_B[2]","clk150","clk150","6.597","12","0.035","0.035"
"clk150","-0.236","6.667","poison_sync/syncstages_ff_reg[3]/C","cfo/coarse_banks[0].memory/u_frame_memory/xpm_memory_base_inst/gen_wr_a.gen_word_narrow.mem_reg_uram_121/CAS_IN_BWE_B[6]","clk150","clk150","6.554","12","0.035","0.035"
"clk150","-0.236","6.667","sfo/two_pass_transport/first_resampling/engine/core/stream/lane_phase_reg[0][20]/C","sfo/two_pass_transport/first_resampling/engine/core/stream/arithmetic/real_channel[0].u_real/pre_bc/g18.u_add/U0/xst_addsub/i_baseblox.i_baseblox_addsub/no_pipelining.the_addsub/i_lut6.i_lut6_addsub/i_q.i_simple.qreg/i_no_async_controls.output_reg[12]/D","clk150","clk150","6.880","9","-0.009","0.035"
"clk150","-0.236","6.667","sfo/two_pass_transport/first_resampling/engine/core/stream/lane_phase_reg[0][20]/C","sfo/two_pass_transport/first_resampling/engine/core/stream/arithmetic/real_channel[0].u_real/pre_ca/g18.u_add/U0/xst_addsub/i_baseblox.i_baseblox_addsub/no_pipelining.the_addsub/i_lut6.i_lut6_addsub/i_q.i_simple.qreg/i_no_async_controls.output_reg[6]/D","clk150","clk150","6.880","8","-0.009","0.035"
"clk150","-0.235","6.667","sfo/two_pass_transport/first_resampling/engine/core/stream/lane_phase_reg[0][20]/C","sfo/two_pass_transport/first_resampling/engine/core/stream/arithmetic/real_channel[1].u_real/pre_ab2/g18.u_add/U0/xst_addsub/i_baseblox.i_baseblox_addsub/no_pipelining.the_addsub/i_lut6.i_lut6_addsub/i_q.i_simple.qreg/i_no_async_controls.output_reg[15]/D","clk150","clk150","6.879","10","-0.010","0.035"
"clk500","-0.235","2.000","cfo/observation_front/fft_core/FSM_sequential_state_reg[0]/C","cfo/observation_front/fft_core/tag_reg[5][row_b][3]/CE","clk500","clk500","2.131","1","-0.008","0.035"
"clk150","-0.235","6.667","sfo/two_pass_transport/first_resampling/engine/core/stream/lane_phase_reg[0][20]/C","sfo/two_pass_transport/first_resampling/engine/core/stream/arithmetic/real_channel[1].u_real/pre_ca/g18.u_add/U0/xst_addsub/i_baseblox.i_baseblox_addsub/no_pipelining.the_addsub/i_lut6.i_lut6_addsub/i_q.i_simple.qreg/i_no_async_controls.output_reg[13]/D","clk150","clk150","6.879","10","-0.009","0.035"
"clk150","-0.235","6.667","sfo/two_pass_transport/first_resampling/engine/core/stream/lane_phase_reg[15][7]/C","sfo/two_pass_transport/first_resampling/engine/core/stream/lane_phase_reg[10][7]/D","clk150","clk150","6.881","18","-0.007","0.035"
"clk150","-0.234","6.667","poison_sync/syncstages_ff_reg[3]/C","cfo/coarse_banks[1].memory/u_frame_memory/xpm_memory_base_inst/gen_wr_a.gen_word_narrow.mem_reg_uram_7/CAS_IN_BWE_B[1]","clk150","clk150","6.595","12","0.035","0.035"
"clk150","-0.233","6.667","sfo/two_pass_transport/first_resampling/engine/core/stream/lane_phase_reg[15][7]/C","sfo/two_pass_transport/first_resampling/engine/core/stream/lane_phase_reg[10][15]/D","clk150","clk150","6.879","18","-0.008","0.035"
"clk150","-0.233","6.667","sfo/two_pass_transport/second_resampling/engine/core/stream/lane_phase_reg[14][19]/C","sfo/two_pass_transport/second_resampling/engine/core/stream/arithmetic/real_channel[28].u_real/pre_ab2/g18.u_add/U0/xst_addsub/i_baseblox.i_baseblox_addsub/no_pipelining.the_addsub/i_lut6.i_lut6_addsub/i_q.i_simple.qreg/i_no_async_controls.output_reg[18]/D","clk150","clk150","6.880","9","-0.010","0.035"
"clk500","-0.233","2.000","sfo/initial_estimator/owner/fft/reset_sync500/syncstages_ff_reg[3]/C","sfo/initial_estimator/owner/fft/u_xfft/U0/i_synth/axi_wrapper/config_channel_fifo/gen_real_time.data_out_reg[11]/CE","clk500","clk500","2.130","2","-0.008","0.035"
"clk500","-0.233","2.000","sfo/initial_estimator/owner/fft/reset_sync500/syncstages_ff_reg[3]/C","sfo/initial_estimator/owner/fft/u_xfft/U0/i_synth/axi_wrapper/config_channel_fifo/gen_real_time.data_out_reg[1]/CE","clk500","clk500","2.131","2","-0.008","0.035"
"clk500","-0.233","2.000","sfo/initial_estimator/owner/fft/reset_sync500/syncstages_ff_reg[3]/C","sfo/initial_estimator/owner/fft/u_xfft/U0/i_synth/axi_wrapper/config_channel_fifo/gen_real_time.data_out_reg[2]/CE","clk500","clk500","2.130","2","-0.008","0.035"
"clk500","-0.233","2.000","sfo/residual_estimator/front_stage/main/service/u_egress_fifo/gnuram_async_fifo.xpm_fifo_base_inst/xpm_fifo_rst_inst/gen_rst_ic.wr_rst_busy_ic_reg/C","sfo/residual_estimator/front_stage/main/service/u_egress_fifo/gnuram_async_fifo.xpm_fifo_base_inst/wrpp1_inst/count_value_i_reg[1]/D","clk500","clk500","2.214","5","-0.009","0.035"
"clk500","-0.233","2.000","sfo/residual_estimator/front_stage/main/service/u_xfft/U0/i_synth/axi_wrapper/sclr_int_reg/C","sfo/residual_estimator/front_stage/main/service/u_xfft/U0/i_synth/xfft_inst/non_floating_point.arch_d.xfft_inst/FLOW/has_scale_sch_buffer.scale_sch_int_reg[10]/S","clk500","clk500","2.116","0","-0.008","0.035"
"clk500","-0.233","2.000","sfo/residual_estimator/front_stage/main/service/u_xfft/U0/i_synth/axi_wrapper/sclr_int_reg/C","sfo/residual_estimator/front_stage/main/service/u_xfft/U0/i_synth/xfft_inst/non_floating_point.arch_d.xfft_inst/FLOW/has_scale_sch_buffer.scale_sch_int_reg[3]/S","clk500","clk500","2.116","0","-0.008","0.035"
"clk500","-0.233","2.000","sfo/residual_estimator/front_stage/main/service/u_xfft/U0/i_synth/axi_wrapper/sclr_int_reg/C","sfo/residual_estimator/front_stage/main/service/u_xfft/U0/i_synth/xfft_inst/non_floating_point.arch_d.xfft_inst/FLOW/has_scale_sch_buffer.scale_sch_int_reg[9]/S","clk500","clk500","2.116","0","-0.008","0.035"
"clk500","-0.233","2.000","sfo/residual_estimator/front_stage/main/service/u_xfft/U0/i_synth/axi_wrapper/sclr_int_reg/C","sfo/residual_estimator/front_stage/main/service/u_xfft/U0/i_synth/xfft_inst/non_floating_point.arch_d.xfft_inst/FLOW/has_scale_sch_buffer.scale_sch_out_i_reg[10]/S","clk500","clk500","2.116","0","-0.008","0.035"
"clk500","-0.233","2.000","sfo/residual_estimator/front_stage/main/service/u_xfft/U0/i_synth/axi_wrapper/sclr_int_reg/C","sfo/residual_estimator/front_stage/main/service/u_xfft/U0/i_synth/xfft_inst/non_floating_point.arch_d.xfft_inst/FLOW/has_scale_sch_buffer.scale_sch_out_i_reg[3]/S","clk500","clk500","2.116","0","-0.008","0.035"
"clk500","-0.233","2.000","sfo/residual_estimator/front_stage/main/service/u_xfft/U0/i_synth/axi_wrapper/sclr_int_reg/C","sfo/residual_estimator/front_stage/main/service/u_xfft/U0/i_synth/xfft_inst/non_floating_point.arch_d.xfft_inst/FLOW/has_scale_sch_buffer.scale_sch_out_i_reg[9]/S","clk500","clk500","2.116","0","-0.008","0.035"
"clk150","-0.232","6.667","sfo/two_pass_transport/first_resampling/engine/core/stream/lane_phase_reg[15][7]/C","sfo/two_pass_transport/first_resampling/engine/core/stream/lane_phase_reg[10][17]/D","clk150","clk150","6.878","18","-0.008","0.035"
"clk500","-0.232","2.000","cfo/observation_front/fft_core/FSM_sequential_state_reg[0]/C","cfo/observation_front/fft_core/tag_reg[4][row_b][9]/CE","clk500","clk500","2.128","1","-0.009","0.035"
"clk150","-0.232","6.667","sfo/two_pass_transport/intermediate[0].intermediate_bank/write_gen_reg[17]/C","sfo/two_pass_transport/intermediate[0].intermediate_bank/memory/u_frame_memory/xpm_memory_base_inst/gen_wr_a.gen_word_narrow.mem_reg_uram_160/CAS_IN_BWE_B[6]","clk150","clk150","6.550","12","0.035","0.035"
"clk150","-0.232","6.667","sfo/two_pass_transport/first_resampling/engine/core/stream/lane_phase_reg[0][20]/C","sfo/two_pass_transport/first_resampling/engine/core/stream/arithmetic/real_channel[1].u_real/pre_ca/g18.u_add/U0/xst_addsub/i_baseblox.i_baseblox_addsub/no_pipelining.the_addsub/i_lut6.i_lut6_addsub/i_q.i_simple.qreg/i_no_async_controls.output_reg[12]/D","clk150","clk150","6.876","10","-0.009","0.035"
"clk150","-0.231","6.667","sfo/two_pass_transport/intermediate[0].intermediate_bank/issued_reg[0]/C","sfo/two_pass_transport/intermediate[0].intermediate_bank/memory/u_frame_memory/xpm_memory_base_inst/gen_wr_a.gen_word_narrow.mem_reg_uram_97/CAS_IN_ADDR_A[11]","clk150","clk150","6.431","10","0.034","0.035"
"clk150","-0.231","6.667","sfo/two_pass_transport/intermediate[0].intermediate_bank/write_gen_reg[17]/C","sfo/two_pass_transport/intermediate[0].intermediate_bank/memory/u_frame_memory/xpm_memory_base_inst/gen_wr_a.gen_word_narrow.mem_reg_uram_129/CAS_IN_BWE_B[6]","clk150","clk150","6.549","13","0.035","0.035"
"clk500","-0.230","2.000","sfo/residual_estimator/front_stage/main/service/u_xfft/U0/i_synth/axi_wrapper/sclr_int_reg/C","sfo/residual_estimator/front_stage/main/service/u_xfft/U0/i_synth/xfft_inst/non_floating_point.arch_d.xfft_inst/FLOW/reset_sustain.resets_4_pes[2].delay_reset_pe/count_addsub_reg[0].addsub_reg/R","clk500","clk500","2.113","0","-0.008","0.035"
"clk500","-0.230","2.000","sfo/residual_estimator/front_stage/main/service/u_xfft/U0/i_synth/axi_wrapper/sclr_int_reg/C","sfo/residual_estimator/front_stage/main/service/u_xfft/U0/i_synth/xfft_inst/non_floating_point.arch_d.xfft_inst/FLOW/reset_sustain.resets_4_pes[2].delay_reset_pe/count_addsub_reg[1].addsub_reg/R","clk500","clk500","2.113","0","-0.008","0.035"
"clk500","-0.230","2.000","sfo/residual_estimator/front_stage/main/service/u_xfft/U0/i_synth/axi_wrapper/sclr_int_reg/C","sfo/residual_estimator/front_stage/main/service/u_xfft/U0/i_synth/xfft_inst/non_floating_point.arch_d.xfft_inst/FLOW/reset_sustain.resets_4_pes[2].delay_reset_pe/count_addsub_reg[2].addsub_reg/R","clk500","clk500","2.113","0","-0.008","0.035"
"clk500","-0.230","2.000","sfo/residual_estimator/front_stage/main/service/u_xfft/U0/i_synth/axi_wrapper/sclr_int_reg/C","sfo/residual_estimator/front_stage/main/service/u_xfft/U0/i_synth/xfft_inst/non_floating_point.arch_d.xfft_inst/FLOW/reset_sustain.resets_4_pes[2].delay_reset_pe/count_addsub_reg[3].addsub_reg/R","clk500","clk500","2.113","0","-0.008","0.035"
"clk500","-0.229","2.000","cfo/observation_front/fft_core/FSM_sequential_state_reg[0]/C","cfo/observation_front/fft_core/tag_reg[5][row_b][9]/CE","clk500","clk500","2.125","1","-0.009","0.035"
"clk500","-0.229","2.000","cfo/observation_front/fft_core/half_span_reg[0]/C","cfo/observation_front/fft_core/tw_index_reg_rep/ADDRARDADDR[12]","clk500","clk500","1.926","5","0.011","0.035"
"clk150","-0.229","6.667","sfo/two_pass_transport/intermediate[0].intermediate_bank/issued_reg[0]/C","sfo/two_pass_transport/intermediate[0].intermediate_bank/memory/u_frame_memory/xpm_memory_base_inst/gen_wr_a.gen_word_narrow.mem_reg_uram_121/CAS_IN_ADDR_A[1]","clk150","clk150","6.382","9","0.034","0.035"
"clk150","-0.229","6.667","sfo/two_pass_transport/first_resampling/engine/core/stream/lane_phase_reg[0][20]/C","sfo/two_pass_transport/first_resampling/engine/core/stream/arithmetic/real_channel[0].u_real/pre_bc/g18.u_add/U0/xst_addsub/i_baseblox.i_baseblox_addsub/no_pipelining.the_addsub/i_lut6.i_lut6_addsub/i_q.i_simple.qreg/i_no_async_controls.output_reg[10]/D","clk150","clk150","6.873","9","-0.009","0.035"
"clk150","-0.228","6.667","sfo/two_pass_transport/first_resampling/engine/core/stream/lane_phase_reg[0][20]/C","sfo/two_pass_transport/first_resampling/engine/core/stream/arithmetic/real_channel[1].u_real/pre_ab2/g18.u_add/U0/xst_addsub/i_baseblox.i_baseblox_addsub/no_pipelining.the_addsub/i_lut6.i_lut6_addsub/i_q.i_simple.qreg/i_no_async_controls.output_reg[17]/D","clk150","clk150","6.872","11","-0.010","0.035"
"clk500","-0.228","2.000","sfo/initial_estimator/owner/fft/u_xfft/U0/i_synth/axi_wrapper/reset_pipe_reg[1]/C","sfo/initial_estimator/owner/fft/u_ingress_fifo/gnuram_async_fifo.xpm_fifo_base_inst/rdp_inst/count_value_i_reg[8]/D","clk500","clk500","2.211","5","-0.007","0.035"
"clk150","-0.227","6.667","sfo/two_pass_transport/first_resampling/engine/core/stream/lane_phase_reg[15][7]/C","sfo/two_pass_transport/first_resampling/engine/core/stream/lane_phase_reg[14][29]/D","clk150","clk150","6.873","18","-0.008","0.035"
"clk500","-0.227","2.000","sfo/residual_estimator/front_stage/main/service/u_xfft/U0/i_synth/axi_wrapper/sclr_int_reg/C","sfo/residual_estimator/front_stage/main/service/u_xfft/U0/i_synth/xfft_inst/non_floating_point.arch_d.xfft_inst/FLOW/reset_sustain.resets_4_pes[2].delay_reset_pe/count_addsub_reg[4].addsub_reg/R","clk500","clk500","2.110","0","-0.008","0.035"
"clk150","-0.227","6.667","sfo/two_pass_transport/intermediate[0].intermediate_bank/write_gen_reg[17]/C","sfo/two_pass_transport/intermediate[0].intermediate_bank/memory/u_frame_memory/xpm_memory_base_inst/gen_wr_a.gen_word_narrow.mem_reg_uram_137/CAS_IN_EN_A","clk150","clk150","6.454","13","0.035","0.035"
"clk150","-0.226","6.667","sfo/two_pass_transport/first_resampling/engine/core/stream/lane_phase_reg[15][7]/C","sfo/two_pass_transport/first_resampling/engine/core/stream/lane_phase_reg[1][30]/D","clk150","clk150","6.872","18","-0.008","0.035"
"clk500","-0.226","2.000","sfo/residual_estimator/aux_service/u_xfft/U0/i_synth/axi_wrapper/gen_has_nfft.nfft_we_int_reg/C","sfo/residual_estimator/aux_service/u_xfft/U0/i_synth/xfft_inst/non_floating_point.arch_d.xfft_inst/FLOW/reset_sustain.resets_4_pes[5].delay_reset_pe/count_addsub_reg[0].addsub_reg/R","clk500","clk500","2.110","1","-0.007","0.035"
"clk500","-0.226","2.000","sfo/residual_estimator/aux_service/u_xfft/U0/i_synth/axi_wrapper/gen_has_nfft.nfft_we_int_reg/C","sfo/residual_estimator/aux_service/u_xfft/U0/i_synth/xfft_inst/non_floating_point.arch_d.xfft_inst/FLOW/reset_sustain.resets_4_pes[5].delay_reset_pe/count_addsub_reg[1].addsub_reg/R","clk500","clk500","2.110","1","-0.007","0.035"
"clk500","-0.226","2.000","sfo/residual_estimator/aux_service/u_xfft/U0/i_synth/axi_wrapper/gen_has_nfft.nfft_we_int_reg/C","sfo/residual_estimator/aux_service/u_xfft/U0/i_synth/xfft_inst/non_floating_point.arch_d.xfft_inst/FLOW/reset_sustain.resets_4_pes[5].delay_reset_pe/count_addsub_reg[2].addsub_reg/R","clk500","clk500","2.110","1","-0.007","0.035"
"clk500","-0.226","2.000","sfo/residual_estimator/aux_service/u_xfft/U0/i_synth/axi_wrapper/gen_has_nfft.nfft_we_int_reg/C","sfo/residual_estimator/aux_service/u_xfft/U0/i_synth/xfft_inst/non_floating_point.arch_d.xfft_inst/FLOW/reset_sustain.resets_4_pes[5].delay_reset_pe/count_addsub_reg[3].addsub_reg/R","clk500","clk500","2.110","1","-0.007","0.035"
"clk150","-0.226","6.667","sfo/two_pass_transport/intermediate[0].intermediate_bank/write_gen_reg[17]/C","sfo/two_pass_transport/intermediate[0].intermediate_bank/memory/u_frame_memory/xpm_memory_base_inst/gen_wr_a.gen_word_narrow.mem_reg_uram_94/CAS_IN_BWE_B[4]","clk150","clk150","6.490","10","0.035","0.035"
"clk150","-0.225","6.667","sfo/two_pass_transport/first_resampling/engine/core/stream/lane_phase_reg[15][7]/C","sfo/two_pass_transport/first_resampling/engine/core/stream/lane_phase_reg[13][16]/D","clk150","clk150","6.871","18","-0.008","0.035"
"clk150","-0.225","6.667","sfo/two_pass_transport/first_resampling/engine/core/stream/lane_phase_reg[15][7]/C","sfo/two_pass_transport/first_resampling/engine/core/stream/lane_phase_reg[14][8]/D","clk150","clk150","6.871","18","-0.008","0.035"
"clk500","-0.225","2.000","sfo/initial_estimator/owner/fft/u_xfft/U0/i_synth/axi_wrapper/sclr_int_reg/C","sfo/initial_estimator/owner/fft/u_xfft/U0/i_synth/xfft_inst/non_floating_point.arch_d.xfft_inst/FLOW/has_scale_sch_buffer.scale_sch_int_reg[3]/S","clk500","clk500","2.108","0","-0.008","0.035"
"clk500","-0.225","2.000","sfo/initial_estimator/owner/fft/u_xfft/U0/i_synth/axi_wrapper/sclr_int_reg/C","sfo/initial_estimator/owner/fft/u_xfft/U0/i_synth/xfft_inst/non_floating_point.arch_d.xfft_inst/FLOW/has_scale_sch_buffer.scale_sch_int_reg[5]/S","clk500","clk500","2.108","0","-0.008","0.035"
"clk500","-0.225","2.000","sfo/initial_estimator/owner/fft/u_xfft/U0/i_synth/axi_wrapper/sclr_int_reg/C","sfo/initial_estimator/owner/fft/u_xfft/U0/i_synth/xfft_inst/non_floating_point.arch_d.xfft_inst/FLOW/has_scale_sch_buffer.scale_sch_int_reg[7]/S","clk500","clk500","2.108","0","-0.008","0.035"
"clk500","-0.225","2.000","sfo/initial_estimator/owner/fft/u_xfft/U0/i_synth/axi_wrapper/sclr_int_reg/C","sfo/initial_estimator/owner/fft/u_xfft/U0/i_synth/xfft_inst/non_floating_point.arch_d.xfft_inst/FLOW/has_scale_sch_buffer.scale_sch_int_reg[9]/S","clk500","clk500","2.108","0","-0.008","0.035"
"clk500","-0.225","2.000","sfo/initial_estimator/owner/fft/u_xfft/U0/i_synth/axi_wrapper/sclr_int_reg/C","sfo/initial_estimator/owner/fft/u_xfft/U0/i_synth/xfft_inst/non_floating_point.arch_d.xfft_inst/FLOW/has_scale_sch_buffer.scale_sch_out_i_reg[7]/S","clk500","clk500","2.108","0","-0.008","0.035"
"clk500","-0.225","2.000","sfo/initial_estimator/owner/fft/u_xfft/U0/i_synth/axi_wrapper/sclr_int_reg/C","sfo/initial_estimator/owner/fft/u_xfft/U0/i_synth/xfft_inst/non_floating_point.arch_d.xfft_inst/FLOW/has_scale_sch_buffer.scale_sch_out_i_reg[9]/S","clk500","clk500","2.108","0","-0.008","0.035"
"clk150","-0.225","6.667","sfo/two_pass_transport/intermediate[0].intermediate_bank/write_gen_reg[17]/C","sfo/two_pass_transport/intermediate[0].intermediate_bank/memory/u_frame_memory/xpm_memory_base_inst/gen_wr_a.gen_word_narrow.mem_reg_uram_159/CAS_IN_EN_A","clk150","clk150","6.452","11","0.035","0.035"
"clk150","-0.225","6.667","sfo/two_pass_transport/first_resampling/engine/core/stream/lane_phase_reg[0][20]/C","sfo/two_pass_transport/first_resampling/engine/core/stream/arithmetic/real_channel[1].u_real/pre_ca/g18.u_add/U0/xst_addsub/i_baseblox.i_baseblox_addsub/no_pipelining.the_addsub/i_lut6.i_lut6_addsub/i_q.i_simple.qreg/i_no_async_controls.output_reg[10]/D","clk150","clk150","6.869","10","-0.009","0.035"
"clk500","-0.224","2.000","cfo/observation_front/fft_core/half_span_reg[0]/C","cfo/observation_front/fft_core/tw_index_reg_rep/ADDRARDADDR[6]","clk500","clk500","1.915","5","0.011","0.035"
"clk500","-0.224","2.000","sfo/initial_estimator/owner/fft/u_xfft/U0/i_synth/axi_wrapper/reset_pipe_reg[1]/C","sfo/initial_estimator/owner/fft/u_ingress_fifo/gnuram_async_fifo.xpm_fifo_base_inst/rdp_inst/count_value_i_reg[6]/D","clk500","clk500","2.207","5","-0.007","0.035"
"clk150","-0.224","6.667","sfo/two_pass_transport/first_resampling/engine/core/stream/lane_phase_reg[0][20]/C","sfo/two_pass_transport/first_resampling/engine/core/stream/arithmetic/real_channel[0].u_real/pre_ca/g18.u_add/U0/xst_addsub/i_baseblox.i_baseblox_addsub/no_pipelining.the_addsub/i_lut6.i_lut6_addsub/i_q.i_simple.qreg/i_no_async_controls.output_reg[7]/D","clk150","clk150","6.868","8","-0.009","0.035"
"clk150","-0.223","6.667","sfo/two_pass_transport/first_resampling/engine/core/stream/lane_phase_reg[15][7]/C","sfo/two_pass_transport/first_resampling/engine/core/stream/credit_used_reg[0]/CE","clk150","clk150","6.784","18","-0.008","0.035"
"clk150","-0.223","6.667","sfo/two_pass_transport/second_resampling/engine/core/stream/lane_phase_reg[0][3]/C","sfo/two_pass_transport/second_resampling/engine/core/fir15_interpolator/q_core/U0/i_synth/g_polyphase_interpolation_sym_ssr.i_polyphase_interpolation_sym_ssr/g_m_data_chan_fifo.i_m_data_chan_fifo/fifo0/fifo_2_reg[161]/CE","clk150","clk150","6.787","17","-0.007","0.035"
"clk150","-0.223","6.667","sfo/two_pass_transport/second_resampling/engine/core/stream/lane_phase_reg[0][3]/C","sfo/two_pass_transport/second_resampling/engine/core/fir15_interpolator/q_core/U0/i_synth/g_polyphase_interpolation_sym_ssr.i_polyphase_interpolation_sym_ssr/g_m_data_chan_fifo.i_m_data_chan_fifo/fifo0/fifo_2_reg[162]/CE","clk150","clk150","6.787","17","-0.007","0.035"
"clk150","-0.223","6.667","sfo/two_pass_transport/second_resampling/engine/core/stream/lane_phase_reg[0][3]/C","sfo/two_pass_transport/second_resampling/engine/core/fir15_interpolator/q_core/U0/i_synth/g_polyphase_interpolation_sym_ssr.i_polyphase_interpolation_sym_ssr/g_m_data_chan_fifo.i_m_data_chan_fifo/fifo0/fifo_2_reg[163]/CE","clk150","clk150","6.787","17","-0.007","0.035"
"clk150","-0.223","6.667","sfo/two_pass_transport/second_resampling/engine/core/stream/lane_phase_reg[0][3]/C","sfo/two_pass_transport/second_resampling/engine/core/fir15_interpolator/q_core/U0/i_synth/g_polyphase_interpolation_sym_ssr.i_polyphase_interpolation_sym_ssr/g_m_data_chan_fifo.i_m_data_chan_fifo/fifo0/fifo_2_reg[164]/CE","clk150","clk150","6.787","17","-0.007","0.035"
"clk500","-0.223","2.000","cfo/reset_fast/arststages_ff_reg[3]/C","cfo/observation_front/m_frame_reg[16]/CE","clk500","clk500","2.119","2","-0.008","0.035"
"clk500","-0.223","2.000","cfo/reset_fast/arststages_ff_reg[3]/C","cfo/observation_front/m_frame_reg[28]/CE","clk500","clk500","2.119","2","-0.008","0.035"
"clk500","-0.223","2.000","sfo/initial_estimator/owner/fft/u_xfft/U0/i_synth/xfft_inst/non_floating_point.arch_d.xfft_inst/has_overflow.natural_ovflo.DOUT_DONE_E_CNT/no_early_reg.I_TC_reg/C","sfo/initial_estimator/owner/fft/u_xfft/U0/i_synth/xfft_inst/non_floating_point.arch_d.xfft_inst/pe_gen[0].natural_order_input.OVFLO_FIFO/rd_cnt_reg[2]/D","clk500","clk500","2.205","1","-0.008","0.035"
"clk500","-0.223","2.000","sfo/residual_estimator/aux_service/u_xfft/U0/i_synth/axi_wrapper/gen_has_nfft.nfft_we_int_reg/C","sfo/residual_estimator/aux_service/u_xfft/U0/i_synth/xfft_inst/non_floating_point.arch_d.xfft_inst/FLOW/reset_sustain.resets_4_pes[5].delay_reset_pe/count_addsub_reg[4].addsub_reg/R","clk500","clk500","2.107","1","-0.007","0.035"
"clk500","-0.223","2.000","sfo/residual_estimator/aux_service/u_xfft/U0/i_synth/axi_wrapper/gen_has_nfft.nfft_we_int_reg/C","sfo/residual_estimator/aux_service/u_xfft/U0/i_synth/xfft_inst/non_floating_point.arch_d.xfft_inst/FLOW/reset_sustain.resets_4_pes[5].delay_reset_pe/count_addsub_reg[5].addsub_reg/R","clk500","clk500","2.107","1","-0.007","0.035"
"clk150","-0.223","6.667","sfo/two_pass_transport/intermediate[0].intermediate_bank/write_gen_reg[17]/C","sfo/two_pass_transport/intermediate[0].intermediate_bank/memory/u_frame_memory/xpm_memory_base_inst/gen_wr_a.gen_word_narrow.mem_reg_uram_105/CAS_IN_EN_B","clk150","clk150","6.601","13","0.035","0.035"
"clk150","-0.222","6.667","sfo/two_pass_transport/first_resampling/engine/core/stream/lane_phase_reg[15][7]/C","sfo/two_pass_transport/first_resampling/engine/core/stream/lane_phase_reg[13][15]/D","clk150","clk150","6.868","18","-0.008","0.035"
"clk150","-0.222","6.667","sfo/two_pass_transport/second_resampling/engine/core/stream/lane_phase_reg[0][3]/C","sfo/two_pass_transport/second_resampling/engine/core/fir15_interpolator/q_core/U0/i_synth/g_polyphase_interpolation_sym_ssr.i_polyphase_interpolation_sym_ssr/g_m_data_chan_fifo.i_m_data_chan_fifo/fifo0/fifo_2_reg[169]/CE","clk150","clk150","6.787","17","-0.007","0.035"
"clk500","-0.222","2.000","cfo/reset_fast/arststages_ff_reg[3]/C","cfo/observation_front/m_frame_reg[23]/CE","clk500","clk500","2.119","2","-0.008","0.035"
"clk500","-0.222","2.000","cfo/reset_fast/arststages_ff_reg[3]/C","cfo/observation_front/m_frame_reg[8]/CE","clk500","clk500","2.119","2","-0.008","0.035"
"clk150","-0.222","6.667","sfo/two_pass_transport/intermediate[0].intermediate_bank/write_gen_reg[17]/C","sfo/two_pass_transport/intermediate[0].intermediate_bank/memory/u_frame_memory/xpm_memory_base_inst/gen_wr_a.gen_word_narrow.mem_reg_uram_129/CAS_IN_BWE_B[8]","clk150","clk150","6.471","13","0.035","0.035"
"clk500","-0.221","2.000","sfo/initial_estimator/owner/fft/u_xfft/U0/i_synth/xfft_inst/non_floating_point.arch_d.xfft_inst/pe_gen[2].natural_order_input.PE/has_TW_mult.MULT/i_cmpy/three_mult_structure.use_dsp.i_dsp48/mult2_preadder_d_plus_a.mult2/mult/use_prim.appDSP48[0].bppDSP48[0].use_dsp.use_dsp48e2.iDSP48E2/DSP_OUTPUT_INST/CLK","sfo/initial_estimator/owner/fft/u_xfft/U0/i_synth/xfft_inst/non_floating_point.arch_d.xfft_inst/pe_gen[2].natural_order_input.PE/has_TW_mult.MULT/i_cmpy/three_mult_structure.use_dsp.i_dsp48/mult3_preadder_d_minus_a.mult3/mult/use_prim.appDSP48[0].bppDSP48[0].use_dsp.use_dsp48e2.iDSP48E2/DSP_C_DATA_INST/C[13]","clk500","clk500","1.950","0","-0.017","0.035"
"clk500","-0.221","2.000","sfo/residual_estimator/front_stage/main/service/u_xfft/U0/i_synth/axi_wrapper/sclr_int_reg/C","sfo/residual_estimator/front_stage/main/service/u_xfft/U0/i_synth/xfft_inst/non_floating_point.arch_d.xfft_inst/has_bit_reverse.pe_natural_out_reg[0]/R","clk500","clk500","2.103","1","-0.009","0.035"
"clk500","-0.221","2.000","sfo/residual_estimator/front_stage/main/service/u_xfft/U0/i_synth/axi_wrapper/sclr_int_reg/C","sfo/residual_estimator/front_stage/main/service/u_xfft/U0/i_synth/xfft_inst/non_floating_point.arch_d.xfft_inst/has_bit_reverse.pe_natural_out_reg[17]/R","clk500","clk500","2.103","1","-0.009","0.035"
"clk500","-0.221","2.000","sfo/residual_estimator/front_stage/main/service/u_xfft/U0/i_synth/axi_wrapper/sclr_int_reg/C","sfo/residual_estimator/front_stage/main/service/u_xfft/U0/i_synth/xfft_inst/non_floating_point.arch_d.xfft_inst/has_bit_reverse.pe_natural_out_reg[19]/R","clk500","clk500","2.103","1","-0.009","0.035"
"clk500","-0.221","2.000","sfo/residual_estimator/front_stage/main/service/u_xfft/U0/i_synth/axi_wrapper/sclr_int_reg/C","sfo/residual_estimator/front_stage/main/service/u_xfft/U0/i_synth/xfft_inst/non_floating_point.arch_d.xfft_inst/has_bit_reverse.pe_natural_out_reg[21]/R","clk500","clk500","2.103","1","-0.009","0.035"
"clk500","-0.221","2.000","sfo/residual_estimator/front_stage/main/service/u_xfft/U0/i_synth/axi_wrapper/sclr_int_reg/C","sfo/residual_estimator/front_stage/main/service/u_xfft/U0/i_synth/xfft_inst/non_floating_point.arch_d.xfft_inst/has_bit_reverse.pe_natural_out_reg[22]/R","clk500","clk500","2.103","1","-0.009","0.035"
"clk500","-0.221","2.000","sfo/residual_estimator/front_stage/main/service/u_xfft/U0/i_synth/axi_wrapper/sclr_int_reg/C","sfo/residual_estimator/front_stage/main/service/u_xfft/U0/i_synth/xfft_inst/non_floating_point.arch_d.xfft_inst/has_bit_reverse.pe_natural_out_reg[23]/R","clk500","clk500","2.103","1","-0.009","0.035"
"clk500","-0.221","2.000","sfo/residual_estimator/front_stage/main/service/u_xfft/U0/i_synth/axi_wrapper/sclr_int_reg/C","sfo/residual_estimator/front_stage/main/service/u_xfft/U0/i_synth/xfft_inst/non_floating_point.arch_d.xfft_inst/has_bit_reverse.pe_natural_out_reg[25]/R","clk500","clk500","2.103","1","-0.009","0.035"
"clk500","-0.221","2.000","sfo/residual_estimator/front_stage/main/service/u_xfft/U0/i_synth/axi_wrapper/sclr_int_reg/C","sfo/residual_estimator/front_stage/main/service/u_xfft/U0/i_synth/xfft_inst/non_floating_point.arch_d.xfft_inst/has_bit_reverse.pe_natural_out_reg[29]/R","clk500","clk500","2.103","1","-0.009","0.035"
"clk150","-0.221","6.667","sfo/two_pass_transport/first_resampling/engine/core/stream/lane_phase_reg[0][20]/C","sfo/two_pass_transport/first_resampling/engine/core/stream/arithmetic/real_channel[0].u_real/pre_bc/g18.u_add/U0/xst_addsub/i_baseblox.i_baseblox_addsub/no_pipelining.the_addsub/i_lut6.i_lut6_addsub/i_q.i_simple.qreg/i_no_async_controls.output_reg[11]/D","clk150","clk150","6.865","9","-0.009","0.035"
"clk150","-0.220","6.667","sfo/two_pass_transport/first_resampling/engine/core/stream/lane_phase_reg[15][7]/C","sfo/two_pass_transport/first_resampling/engine/core/stream/lane_phase_reg[14][22]/D","clk150","clk150","6.866","18","-0.008","0.035"
"clk150","-0.220","6.667","sfo/two_pass_transport/first_resampling/engine/core/stream/lane_phase_reg[15][7]/C","sfo/two_pass_transport/first_resampling/engine/core/stream/credit_used_reg[6]/D","clk150","clk150","6.866","19","-0.007","0.035"
"clk150","-0.219","6.667","sfo/two_pass_transport/first_resampling/engine/core/stream/lane_phase_reg[15][7]/C","sfo/two_pass_transport/first_resampling/engine/core/stream/lane_phase_reg[13][17]/D","clk150","clk150","6.865","18","-0.008","0.035"
"clk150","-0.219","6.667","sfo/two_pass_transport/first_resampling/engine/core/stream/lane_phase_reg[15][7]/C","sfo/two_pass_transport/first_resampling/engine/core/stream/lane_phase_reg[13][26]/CE","clk150","clk150","6.780","18","-0.008","0.035"
"clk150","-0.219","6.667","sfo/two_pass_transport/first_resampling/engine/core/stream/lane_phase_reg[15][7]/C","sfo/two_pass_transport/first_resampling/engine/core/stream/lane_phase_reg[13][32]/CE","clk150","clk150","6.780","18","-0.008","0.035"
"clk150","-0.219","6.667","poison_sync/syncstages_ff_reg[3]/C","cfo/coarse_banks[0].memory/u_frame_memory/xpm_memory_base_inst/gen_wr_a.gen_word_narrow.mem_reg_uram_161/CAS_IN_BWE_B[1]","clk150","clk150","6.580","12","0.035","0.035"
"clk150","-0.219","6.667","sfo/two_pass_transport/intermediate[0].intermediate_bank/write_gen_reg[17]/C","sfo/two_pass_transport/intermediate[0].intermediate_bank/memory/u_frame_memory/xpm_memory_base_inst/gen_wr_a.gen_word_narrow.mem_reg_uram_160/CAS_IN_BWE_B[8]","clk150","clk150","6.468","12","0.035","0.035"
"clk150","-0.219","6.667","sfo/two_pass_transport/shared_raw.hub/raw_store/ram_ra_reg[5]/C","sfo/two_pass_transport/shared_raw.hub/raw_store/memory/u_frame_memory/xpm_memory_base_inst/gen_wr_a.gen_word_narrow.mem_reg_uram_127/CAS_IN_ADDR_A[5]","clk150","clk150","6.410","7","0.035","0.035"
"clk500","-0.218","2.000","sfo/residual_estimator/aux_service/u_xfft/U0/i_synth/axi_wrapper/gen_has_nfft.nfft_we_int_reg/C","sfo/residual_estimator/aux_service/u_xfft/U0/i_synth/xfft_inst/non_floating_point.arch_d.xfft_inst/has_bit_reverse.DV_reg/D","clk500","clk500","2.200","1","-0.008","0.035"
"clk500","-0.218","2.000","sfo/residual_estimator/aux_service/u_xfft/U0/i_synth/axi_wrapper/sclr_int_reg/C","sfo/residual_estimator/aux_service/u_xfft/U0/i_synth/xfft_inst/non_floating_point.arch_d.xfft_inst/run_time_1.mux0_sclr_reg[4].mux0_sclr_ff/D","clk500","clk500","2.198","1","-0.010","0.035"
"clk150","-0.217","6.667","sfo/two_pass_transport/first_resampling/engine/core/stream/lane_phase_reg[0][20]/C","sfo/two_pass_transport/first_resampling/engine/core/stream/arithmetic/real_channel[1].u_real/pre_ab2/g18.u_add/U0/xst_addsub/i_baseblox.i_baseblox_addsub/no_pipelining.the_addsub/i_lut6.i_lut6_addsub/i_q.i_simple.qreg/i_no_async_controls.output_reg[13]/D","clk150","clk150","6.861","10","-0.010","0.035"
"clk500","-0.217","2.000","cfo/reset_fast/arststages_ff_reg[3]/C","cfo/observation_front/fft_core/bank0_reg_bram_1/WEA[1]","clk500","clk500","1.800","1","0.012","0.035"
"clk500","-0.217","2.000","sfo/residual_estimator/aux_service/u_xfft/U0/i_synth/axi_wrapper/sclr_int_reg/C","sfo/residual_estimator/aux_service/u_xfft/U0/i_synth/xfft_inst/non_floating_point.arch_d.xfft_inst/run_time_1.mux0_sclr_reg[10].mux0_sclr_ff/D","clk500","clk500","2.198","1","-0.009","0.035"
"clk150","-0.217","6.667","poison_sync/syncstages_ff_reg[3]/C","cfo/coarse_banks[1].memory/u_frame_memory/xpm_memory_base_inst/gen_wr_a.gen_word_narrow.mem_reg_uram_31/CAS_IN_BWE_B[7]","clk150","clk150","6.439","12","0.035","0.035"
"clk150","-0.217","6.667","sfo/two_pass_transport/intermediate[0].intermediate_bank/write_gen_reg[17]/C","sfo/two_pass_transport/intermediate[0].intermediate_bank/memory/u_frame_memory/xpm_memory_base_inst/gen_wr_a.gen_word_narrow.mem_reg_uram_94/CAS_IN_BWE_B[6]","clk150","clk150","6.535","10","0.035","0.035"
"clk150","-0.217","6.667","sfo/two_pass_transport/first_resampling/engine/core/stream/lane_phase_reg[0][20]/C","sfo/two_pass_transport/first_resampling/engine/core/stream/arithmetic/real_channel[1].u_real/pre_ca/g18.u_add/U0/xst_addsub/i_baseblox.i_baseblox_addsub/no_pipelining.the_addsub/i_lut6.i_lut6_addsub/i_q.i_simple.qreg/i_no_async_controls.output_reg[11]/D","clk150","clk150","6.861","10","-0.009","0.035"
"clk500","-0.216","2.000","cfo/windows/packed_windows/fifo/gnuram_async_fifo.xpm_fifo_base_inst/rdp_inst/count_value_i_reg[3]/C","cfo/windows/packed_windows/fifo/gnuram_async_fifo.xpm_fifo_base_inst/gen_sdpram.xpm_memory_base_inst/gen_wr_a.gen_word_narrow.mem_reg_bram_3/ADDRBWRADDR[8]","clk500","clk500","1.885","0","0.010","0.035"
"clk500","-0.216","2.000","sfo/initial_estimator/owner/fft/u_xfft/U0/i_synth/axi_wrapper/reset_pipe_reg[1]/C","sfo/initial_estimator/owner/fft/u_xfft/U0/i_synth/axi_wrapper/sclr_int_reg/S","clk500","clk500","2.099","0","-0.008","0.035"
"clk150","-0.216","6.667","sfo/two_pass_transport/intermediate[0].intermediate_bank/write_gen_reg[17]/C","sfo/two_pass_transport/intermediate[0].intermediate_bank/memory/u_frame_memory/xpm_memory_base_inst/gen_wr_a.gen_word_narrow.mem_reg_uram_137/CAS_IN_BWE_B[7]","clk150","clk150","6.438","13","0.035","0.035"
"clk150","-0.215","6.667","sfo/two_pass_transport/first_resampling/engine/core/stream/lane_phase_reg[15][7]/C","sfo/two_pass_transport/first_resampling/engine/core/stream/lane_phase_reg[13][30]/CE","clk150","clk150","6.777","18","-0.008","0.035"
"clk150","-0.215","6.667","sfo/two_pass_transport/first_resampling/engine/core/stream/lane_phase_reg[15][7]/C","sfo/two_pass_transport/first_resampling/engine/core/stream/lane_phase_reg[13][33]/CE","clk150","clk150","6.777","18","-0.008","0.035"
"clk500","-0.215","2.000","cfo/reset_fast/arststages_ff_reg[3]/C","cfo/estimator/observation_fifo/gnuram_async_fifo.xpm_fifo_base_inst/gen_sdpram.xpm_memory_base_inst/gen_wr_a.gen_word_narrow.mem_reg_0_15_154_167/RAMA/WE","clk500","clk500","2.014","3","0.014","0.035"
"clk500","-0.215","2.000","cfo/reset_fast/arststages_ff_reg[3]/C","cfo/estimator/observation_fifo/gnuram_async_fifo.xpm_fifo_base_inst/gen_sdpram.xpm_memory_base_inst/gen_wr_a.gen_word_narrow.mem_reg_0_15_154_167/RAMA_D1/WE","clk500","clk500","2.014","3","0.014","0.035"
"clk500","-0.215","2.000","cfo/reset_fast/arststages_ff_reg[3]/C","cfo/estimator/observation_fifo/gnuram_async_fifo.xpm_fifo_base_inst/gen_sdpram.xpm_memory_base_inst/gen_wr_a.gen_word_narrow.mem_reg_0_15_154_167/RAMB/WE","clk500","clk500","2.014","3","0.014","0.035"
"clk500","-0.215","2.000","cfo/reset_fast/arststages_ff_reg[3]/C","cfo/estimator/observation_fifo/gnuram_async_fifo.xpm_fifo_base_inst/gen_sdpram.xpm_memory_base_inst/gen_wr_a.gen_word_narrow.mem_reg_0_15_154_167/RAMB_D1/WE","clk500","clk500","2.014","3","0.014","0.035"
"clk500","-0.215","2.000","cfo/reset_fast/arststages_ff_reg[3]/C","cfo/estimator/observation_fifo/gnuram_async_fifo.xpm_fifo_base_inst/gen_sdpram.xpm_memory_base_inst/gen_wr_a.gen_word_narrow.mem_reg_0_15_154_167/RAMC/WE","clk500","clk500","2.014","3","0.014","0.035"
"clk500","-0.215","2.000","cfo/reset_fast/arststages_ff_reg[3]/C","cfo/estimator/observation_fifo/gnuram_async_fifo.xpm_fifo_base_inst/gen_sdpram.xpm_memory_base_inst/gen_wr_a.gen_word_narrow.mem_reg_0_15_154_167/RAMC_D1/WE","clk500","clk500","2.014","3","0.014","0.035"
"clk500","-0.215","2.000","cfo/reset_fast/arststages_ff_reg[3]/C","cfo/estimator/observation_fifo/gnuram_async_fifo.xpm_fifo_base_inst/gen_sdpram.xpm_memory_base_inst/gen_wr_a.gen_word_narrow.mem_reg_0_15_154_167/RAMD/WE","clk500","clk500","2.014","3","0.014","0.035"
"clk500","-0.215","2.000","cfo/reset_fast/arststages_ff_reg[3]/C","cfo/estimator/observation_fifo/gnuram_async_fifo.xpm_fifo_base_inst/gen_sdpram.xpm_memory_base_inst/gen_wr_a.gen_word_narrow.mem_reg_0_15_154_167/RAMD_D1/WE","clk500","clk500","2.014","3","0.014","0.035"
"clk500","-0.215","2.000","cfo/reset_fast/arststages_ff_reg[3]/C","cfo/estimator/observation_fifo/gnuram_async_fifo.xpm_fifo_base_inst/gen_sdpram.xpm_memory_base_inst/gen_wr_a.gen_word_narrow.mem_reg_0_15_154_167/RAME/WE","clk500","clk500","2.014","3","0.014","0.035"
"clk500","-0.215","2.000","cfo/reset_fast/arststages_ff_reg[3]/C","cfo/estimator/observation_fifo/gnuram_async_fifo.xpm_fifo_base_inst/gen_sdpram.xpm_memory_base_inst/gen_wr_a.gen_word_narrow.mem_reg_0_15_154_167/RAME_D1/WE","clk500","clk500","2.014","3","0.014","0.035"
"clk500","-0.215","2.000","cfo/reset_fast/arststages_ff_reg[3]/C","cfo/estimator/observation_fifo/gnuram_async_fifo.xpm_fifo_base_inst/gen_sdpram.xpm_memory_base_inst/gen_wr_a.gen_word_narrow.mem_reg_0_15_154_167/RAMF/WE","clk500","clk500","2.014","3","0.014","0.035"
"clk500","-0.215","2.000","cfo/reset_fast/arststages_ff_reg[3]/C","cfo/estimator/observation_fifo/gnuram_async_fifo.xpm_fifo_base_inst/gen_sdpram.xpm_memory_base_inst/gen_wr_a.gen_word_narrow.mem_reg_0_15_154_167/RAMF_D1/WE","clk500","clk500","2.014","3","0.014","0.035"
"clk500","-0.215","2.000","cfo/reset_fast/arststages_ff_reg[3]/C","cfo/estimator/observation_fifo/gnuram_async_fifo.xpm_fifo_base_inst/gen_sdpram.xpm_memory_base_inst/gen_wr_a.gen_word_narrow.mem_reg_0_15_154_167/RAMG/WE","clk500","clk500","2.014","3","0.014","0.035"
"clk500","-0.215","2.000","cfo/reset_fast/arststages_ff_reg[3]/C","cfo/estimator/observation_fifo/gnuram_async_fifo.xpm_fifo_base_inst/gen_sdpram.xpm_memory_base_inst/gen_wr_a.gen_word_narrow.mem_reg_0_15_154_167/RAMG_D1/WE","clk500","clk500","2.014","3","0.014","0.035"
"clk500","-0.215","2.000","cfo/reset_fast/arststages_ff_reg[3]/C","cfo/estimator/observation_fifo/gnuram_async_fifo.xpm_fifo_base_inst/gen_sdpram.xpm_memory_base_inst/gen_wr_a.gen_word_narrow.mem_reg_0_15_154_167/RAMH/WE","clk500","clk500","2.014","3","0.014","0.035"
"clk500","-0.215","2.000","cfo/reset_fast/arststages_ff_reg[3]/C","cfo/estimator/observation_fifo/gnuram_async_fifo.xpm_fifo_base_inst/gen_sdpram.xpm_memory_base_inst/gen_wr_a.gen_word_narrow.mem_reg_0_15_154_167/RAMH_D1/WE","clk500","clk500","2.014","3","0.014","0.035"
"clk500","-0.215","2.000","sfo/residual_estimator/aux_service/u_xfft/U0/i_synth/axi_wrapper/gen_has_nfft.nfft_we_int_reg/C","sfo/residual_estimator/aux_service/u_xfft/U0/i_synth/xfft_inst/non_floating_point.arch_d.xfft_inst/FLOW/reset_sustain.resets_4_pes[4].delay_reset_pe/tc_reg/S","clk500","clk500","2.099","1","-0.007","0.035"
"clk150","-0.214","6.667","sfo/two_pass_transport/first_resampling/engine/core/stream/lane_phase_reg[0][20]/C","sfo/two_pass_transport/first_resampling/engine/core/stream/arithmetic/real_channel[1].u_real/pre_ab2/g18.u_add/U0/xst_addsub/i_baseblox.i_baseblox_addsub/no_pipelining.the_addsub/i_lut6.i_lut6_addsub/i_q.i_simple.qreg/i_no_async_controls.output_reg[12]/D","clk150","clk150","6.858","10","-0.010","0.035"
"clk150","-0.214","6.667","sfo/two_pass_transport/first_resampling/engine/core/stream/lane_phase_reg[15][7]/C","sfo/two_pass_transport/first_resampling/engine/core/stream/lane_phase_reg[13][33]/D","clk150","clk150","6.860","18","-0.008","0.035"
"clk500","-0.214","2.000","cfo/windows/fast_fault_reg/C","cfo/observation_front/fft_core/bank1_reg_bram_1/ENARDEN","clk500","clk500","1.847","3","0.010","0.035"
"clk150","-0.214","6.667","cfo/coarse_rotation/output4_reg[55]/C","cfo/coarse_banks[1].memory/u_frame_memory/xpm_memory_base_inst/gen_wr_a.gen_word_narrow.mem_reg_uram_39/CAS_IN_DIN_B[55]","clk150","clk150","6.506","7","0.035","0.035"
"clk150","-0.214","6.667","poison_sync/syncstages_ff_reg[3]/C","cfo/coarse_banks[0].memory/u_frame_memory/xpm_memory_base_inst/gen_wr_a.gen_word_narrow.mem_reg_uram_161/CAS_IN_BWE_B[3]","clk150","clk150","6.539","12","0.035","0.035"
"clk500","-0.213","2.000","sfo/initial_estimator/owner/fft/u_xfft/U0/i_synth/axi_wrapper/reset_pipe_reg[1]/C","sfo/initial_estimator/owner/fft/u_ingress_fifo/gnuram_async_fifo.xpm_fifo_base_inst/rdp_inst/count_value_i_reg[7]/D","clk500","clk500","2.196","5","-0.007","0.035"
"clk150","-0.213","6.667","sfo/two_pass_transport/intermediate[1].intermediate_bank/responses/memory/xpm_fifo_base_inst/xpm_fifo_rst_inst/gen_rst_cc.fifo_wr_rst_cc_reg[2]_replica/C","sfo/two_pass_transport/first_resampling/engine/core/fir47_decimator/i_core/U0/i_synth/g_single_rate.i_single_rate/g_m_data_chan_fifo.i_m_data_chan_fifo/fifo0/not_full_1_reg_replica_1/D","clk150","clk150","6.858","11","-0.009","0.035"
"clk150","-0.213","6.667","sfo/two_pass_transport/second_resampling/engine/core/stream/lane_phase_reg[14][19]/C","sfo/two_pass_transport/second_resampling/engine/core/stream/arithmetic/real_channel[28].u_real/pre_ab2/g18.u_add/U0/xst_addsub/i_baseblox.i_baseblox_addsub/no_pipelining.the_addsub/i_lut6.i_lut6_addsub/i_q.i_simple.qreg/i_no_async_controls.output_reg[17]/D","clk150","clk150","6.860","9","-0.010","0.035"
"clk500","-0.213","2.000","cfo/observation_front/fft_core/FSM_sequential_state_reg[0]/C","cfo/observation_front/fft_core/tag_reg[5][row_b][2]/CE","clk500","clk500","2.109","1","-0.008","0.035"
"clk500","-0.213","2.000","cfo/observation_front/fft_core/FSM_sequential_state_reg[0]/C","cfo/observation_front/fft_core/tag_reg[5][row_b][5]/CE","clk500","clk500","2.109","1","-0.008","0.035"
"clk500","-0.213","2.000","sfo/initial_estimator/owner/fft/u_xfft/U0/i_synth/xfft_inst/non_floating_point.arch_d.xfft_inst/pe_gen[0].natural_order_input.PE/has_addr_gen.tw_addr_gen/cnt/cnt_addsub/i_baseblox.i_baseblox_addsub/no_pipelining.the_addsub/i_lut6.i_lut6_addsub/i_q.i_simple.qreg/i_no_async_controls.output_reg[1]/C","sfo/initial_estimator/owner/fft/u_xfft/U0/i_synth/xfft_inst/non_floating_point.arch_d.xfft_inst/pe_gen[0].natural_order_input.PE/has_TW_mult.sync_tw_addr/no_sclr_lut.real_shift_ram.use_baseblock.use_hlutnm_srls.srl_loop[0].i_srl16e0/D","clk500","clk500","2.130","0","0.013","0.035"
"clk500","-0.213","2.000","sfo/residual_estimator/aux_service/u_xfft/U0/i_synth/axi_wrapper/sclr_int_reg/C","sfo/residual_estimator/aux_service/u_xfft/U0/i_synth/xfft_inst/non_floating_point.arch_d.xfft_inst/has_bit_reverse.pe_natural_out_reg[1]/R","clk500","clk500","2.094","1","-0.010","0.035"
"clk150","-0.212","6.667","sfo/two_pass_transport/first_resampling/engine/core/stream/lane_phase_reg[15][7]/C","sfo/two_pass_transport/first_resampling/engine/core/stream/lane_phase_reg[10][31]/D","clk150","clk150","6.858","18","-0.008","0.035"
"clk500","-0.212","2.000","sfo/residual_estimator/front_stage/main/service/u_egress_fifo/gnuram_async_fifo.xpm_fifo_base_inst/xpm_fifo_rst_inst/gen_rst_ic.wr_rst_busy_ic_reg/C","sfo/residual_estimator/front_stage/main/service/u_egress_fifo/gnuram_async_fifo.xpm_fifo_base_inst/wrp_inst/count_value_i_reg[8]/D","clk500","clk500","2.192","5","-0.010","0.035"
"clk500","-0.212","2.000","sfo/initial_estimator/owner/fft/reset_sync500/syncstages_ff_reg[3]/C","sfo/initial_estimator/owner/fft/u_xfft/U0/i_synth/axi_wrapper/data_out_channel/gen_real_time.data_out_reg[21]/R","clk500","clk500","2.095","0","-0.008","0.035"
"clk500","-0.212","2.000","sfo/initial_estimator/owner/fft/reset_sync500/syncstages_ff_reg[3]/C","sfo/initial_estimator/owner/fft/u_xfft/U0/i_synth/axi_wrapper/data_out_channel/gen_real_time.data_out_reg[23]/R","clk500","clk500","2.095","0","-0.008","0.035"
"clk500","-0.212","2.000","sfo/initial_estimator/owner/fft/reset_sync500/syncstages_ff_reg[3]/C","sfo/initial_estimator/owner/fft/u_xfft/U0/i_synth/axi_wrapper/data_out_channel/gen_real_time.data_out_reg[24]/R","clk500","clk500","2.095","0","-0.008","0.035"
"clk500","-0.212","2.000","sfo/initial_estimator/owner/fft/reset_sync500/syncstages_ff_reg[3]/C","sfo/initial_estimator/owner/fft/u_xfft/U0/i_synth/axi_wrapper/data_out_channel/gen_real_time.data_out_reg[25]/R","clk500","clk500","2.095","0","-0.008","0.035"
"clk500","-0.212","2.000","sfo/residual_estimator/aux_service/u_xfft/U0/i_synth/axi_wrapper/sclr_int_reg/C","sfo/residual_estimator/aux_service/u_xfft/U0/i_synth/xfft_inst/non_floating_point.arch_d.xfft_inst/has_bit_reverse.pe_natural_out_reg[0]/R","clk500","clk500","2.093","1","-0.010","0.035"
"clk150","-0.212","6.667","sfo/two_pass_transport/first_resampling/engine/core/stream/lane_phase_reg[15][7]/C","sfo/two_pass_transport/first_resampling/engine/core/stream/lane_phase_reg[13][2]/D","clk150","clk150","6.858","18","-0.007","0.035"
"clk500","-0.211","2.000","sfo/residual_estimator/front_stage/main/service/u_egress_fifo/gnuram_async_fifo.xpm_fifo_base_inst/xpm_fifo_rst_inst/gen_rst_ic.wr_rst_busy_ic_reg/C","sfo/residual_estimator/front_stage/main/service/u_egress_fifo/gnuram_async_fifo.xpm_fifo_base_inst/gen_sdpram.xpm_memory_base_inst/gen_wr_a.gen_word_narrow.mem_reg_bram_1/ENARDEN","clk500","clk500","1.843","3","0.009","0.035"
"clk150","-0.211","6.667","sfo/two_pass_transport/intermediate[0].intermediate_bank/write_gen_reg[17]/C","sfo/two_pass_transport/intermediate[0].intermediate_bank/memory/u_frame_memory/xpm_memory_base_inst/gen_wr_a.gen_word_narrow.mem_reg_uram_119/CAS_IN_BWE_B[1]","clk150","clk150","6.572","11","0.035","0.035"
"clk150","-0.211","6.667","sfo/two_pass_transport/first_resampling/engine/core/stream/lane_phase_reg[0][20]/C","sfo/two_pass_transport/first_resampling/engine/core/stream/arithmetic/real_channel[0].u_real/pre_da/g18.u_add/U0/xst_addsub/i_baseblox.i_baseblox_addsub/no_pipelining.the_addsub/i_lut6.i_lut6_addsub/i_q.i_simple.qreg/i_no_async_controls.output_reg[16]/D","clk150","clk150","6.855","9","-0.009","0.035"
"clk500","-0.210","2.000","sfo/initial_estimator/owner/fft/u_xfft/U0/i_synth/axi_wrapper/sclr_int_reg/C","sfo/initial_estimator/owner/fft/u_xfft/U0/i_synth/xfft_inst/non_floating_point.arch_d.xfft_inst/FLOW/has_scale_sch_buffer.scale_sch_int_reg[0]/R","clk500","clk500","2.093","0","-0.008","0.035"
"clk500","-0.210","2.000","sfo/initial_estimator/owner/fft/u_xfft/U0/i_synth/axi_wrapper/sclr_int_reg/C","sfo/initial_estimator/owner/fft/u_xfft/U0/i_synth/xfft_inst/non_floating_point.arch_d.xfft_inst/FLOW/has_scale_sch_buffer.scale_sch_int_reg[10]/S","clk500","clk500","2.093","0","-0.008","0.035"
"clk500","-0.210","2.000","sfo/initial_estimator/owner/fft/u_xfft/U0/i_synth/axi_wrapper/sclr_int_reg/C","sfo/initial_estimator/owner/fft/u_xfft/U0/i_synth/xfft_inst/non_floating_point.arch_d.xfft_inst/FLOW/has_scale_sch_buffer.scale_sch_int_reg[1]/S","clk500","clk500","2.093","0","-0.008","0.035"
"clk500","-0.210","2.000","sfo/initial_estimator/owner/fft/u_xfft/U0/i_synth/axi_wrapper/sclr_int_reg/C","sfo/initial_estimator/owner/fft/u_xfft/U0/i_synth/xfft_inst/non_floating_point.arch_d.xfft_inst/FLOW/has_scale_sch_buffer.scale_sch_out_i_reg[0]/R","clk500","clk500","2.093","0","-0.008","0.035"
"clk500","-0.210","2.000","sfo/initial_estimator/owner/fft/u_xfft/U0/i_synth/axi_wrapper/sclr_int_reg/C","sfo/initial_estimator/owner/fft/u_xfft/U0/i_synth/xfft_inst/non_floating_point.arch_d.xfft_inst/FLOW/has_scale_sch_buffer.scale_sch_out_i_reg[10]/S","clk500","clk500","2.093","0","-0.008","0.035"
"clk500","-0.210","2.000","sfo/initial_estimator/owner/fft/u_xfft/U0/i_synth/axi_wrapper/sclr_int_reg/C","sfo/initial_estimator/owner/fft/u_xfft/U0/i_synth/xfft_inst/non_floating_point.arch_d.xfft_inst/FLOW/has_scale_sch_buffer.scale_sch_out_i_reg[1]/S","clk500","clk500","2.093","0","-0.008","0.035"
"clk500","-0.210","2.000","sfo/initial_estimator/owner/fft/u_xfft/U0/i_synth/axi_wrapper/sclr_int_reg/C","sfo/initial_estimator/owner/fft/u_xfft/U0/i_synth/xfft_inst/non_floating_point.arch_d.xfft_inst/FLOW/has_scale_sch_buffer.scale_sch_out_i_reg[5]/S","clk500","clk500","2.093","0","-0.008","0.035"
"clk150","-0.210","6.667","sfo/two_pass_transport/first_resampling/engine/core/stream/lane_phase_reg[0][20]/C","sfo/two_pass_transport/first_resampling/engine/core/stream/arithmetic/real_channel[0].u_real/pre_da/g18.u_add/U0/xst_addsub/i_baseblox.i_baseblox_addsub/no_pipelining.the_addsub/i_lut6.i_lut6_addsub/i_q.i_simple.qreg/i_no_async_controls.output_reg[14]/D","clk150","clk150","6.854","9","-0.009","0.035"
"clk150","-0.210","6.667","sfo/two_pass_transport/first_resampling/engine/core/stream/lane_phase_reg[15][7]/C","sfo/two_pass_transport/first_resampling/engine/core/stream/lane_phase_reg[13][7]/D","clk150","clk150","6.856","18","-0.007","0.035"
"clk150","-0.209","6.667","sfo/two_pass_transport/first_resampling/engine/core/stream/lane_phase_reg[15][7]/C","sfo/two_pass_transport/first_resampling/engine/core/stream/lane_phase_reg[10][5]/D","clk150","clk150","6.855","18","-0.008","0.035"
"clk150","-0.209","6.667","sfo/two_pass_transport/first_resampling/engine/core/stream/lane_phase_reg[15][7]/C","sfo/two_pass_transport/first_resampling/engine/core/stream/lane_phase_reg[13][25]/D","clk150","clk150","6.855","18","-0.008","0.035"
"clk500","-0.209","2.000","cfo/observation_front/fft_core/m_generation_reg[9]/C","cfo/observation_front/fft_core/input_index_reg[7]/CE","clk500","clk500","2.104","6","-0.009","0.035"
"clk500","-0.209","2.000","sfo/residual_estimator/front_stage/main/service/reset_sync500/syncstages_ff_reg[3]/C","sfo/residual_estimator/front_stage/main/service/u_xfft/U0/i_synth/axi_wrapper/data_in_channel_fifo/gen_real_time.data_out_reg[26]/CE","clk500","clk500","2.106","2","-0.007","0.035"
"clk500","-0.209","2.000","sfo/residual_estimator/front_stage/main/service/reset_sync500/syncstages_ff_reg[3]/C","sfo/residual_estimator/front_stage/main/service/u_xfft/U0/i_synth/axi_wrapper/data_in_channel_fifo/gen_real_time.data_out_reg[29]/CE","clk500","clk500","2.106","2","-0.007","0.035"
"clk500","-0.209","2.000","sfo/residual_estimator/front_stage/main/service/reset_sync500/syncstages_ff_reg[3]/C","sfo/residual_estimator/front_stage/main/service/u_xfft/U0/i_synth/axi_wrapper/data_in_channel_fifo/gen_real_time.data_out_reg[32]/CE","clk500","clk500","2.106","2","-0.007","0.035"
"clk150","-0.209","6.667","sfo/two_pass_transport/first_resampling/engine/core/stream/lane_phase_reg[0][20]/C","sfo/two_pass_transport/first_resampling/engine/core/stream/arithmetic/real_channel[0].u_real/pre_bc/g18.u_add/U0/xst_addsub/i_baseblox.i_baseblox_addsub/no_pipelining.the_addsub/i_lut6.i_lut6_addsub/i_q.i_simple.qreg/i_no_async_controls.output_reg[9]/D","clk150","clk150","6.853","9","-0.009","0.035"
"clk150","-0.209","6.667","sfo/two_pass_transport/first_resampling/engine/core/stream/lane_phase_reg[15][7]/C","sfo/two_pass_transport/first_resampling/engine/core/stream/lane_phase_reg[2][4]/CE","clk150","clk150","6.770","18","-0.007","0.035"
"clk500","-0.208","2.000","sfo/residual_estimator/aux_service/u_xfft/U0/i_synth/xfft_inst/non_floating_point.arch_d.xfft_inst/input_delay_re/no_sclr_lut.real_shift_ram.use_baseblock.use_hlutnm_srls.srl_loop[4].i_fdre1/C","sfo/residual_estimator/aux_service/u_xfft/U0/i_synth/xfft_inst/non_floating_point.arch_d.xfft_inst/pe_gen[5].natural_order_input.PE/bypass_muxes.din_re_mux_gen[9].reg/D","clk500","clk500","2.188","1","-0.010","0.035"
"clk500","-0.208","2.000","sfo/residual_estimator/aux_service/u_xfft/U0/i_synth/axi_wrapper/sclr_int_reg/C","sfo/residual_estimator/aux_service/u_xfft/U0/i_synth/xfft_inst/non_floating_point.arch_d.xfft_inst/run_time_1.mux0_sclr_reg[12].mux0_sclr_ff/D","clk500","clk500","2.189","1","-0.009","0.035"
"clk500","-0.208","2.000","sfo/residual_estimator/front_stage/main/service/u_egress_fifo/gnuram_async_fifo.xpm_fifo_base_inst/xpm_fifo_rst_inst/gen_rst_ic.wr_rst_busy_ic_reg/C","sfo/residual_estimator/front_stage/main/service/u_egress_fifo/gnuram_async_fifo.xpm_fifo_base_inst/wrp_inst/count_value_i_reg[6]/D","clk500","clk500","2.188","5","-0.010","0.035"
"clk500","-0.208","2.000","sfo/residual_estimator/front_stage/main/service/u_xfft/U0/i_synth/axi_wrapper/sclr_int_reg/C","sfo/residual_estimator/front_stage/main/service/u_xfft/U0/i_synth/xfft_inst/non_floating_point.arch_d.xfft_inst/FLOW/reset_sustain.resets_4_pes[1].delay_reset_pe/count_addsub_reg[0].addsub_reg/R","clk500","clk500","2.090","0","-0.009","0.035"
"clk500","-0.208","2.000","sfo/residual_estimator/front_stage/main/service/u_xfft/U0/i_synth/axi_wrapper/sclr_int_reg/C","sfo/residual_estimator/front_stage/main/service/u_xfft/U0/i_synth/xfft_inst/non_floating_point.arch_d.xfft_inst/FLOW/reset_sustain.resets_4_pes[1].delay_reset_pe/count_addsub_reg[1].addsub_reg/R","clk500","clk500","2.090","0","-0.009","0.035"
"clk500","-0.208","2.000","sfo/residual_estimator/front_stage/main/service/u_xfft/U0/i_synth/axi_wrapper/sclr_int_reg/C","sfo/residual_estimator/front_stage/main/service/u_xfft/U0/i_synth/xfft_inst/non_floating_point.arch_d.xfft_inst/FLOW/reset_sustain.resets_4_pes[1].delay_reset_pe/count_addsub_reg[2].addsub_reg/R","clk500","clk500","2.090","0","-0.009","0.035"
"clk500","-0.208","2.000","sfo/residual_estimator/front_stage/main/service/u_xfft/U0/i_synth/axi_wrapper/sclr_int_reg/C","sfo/residual_estimator/front_stage/main/service/u_xfft/U0/i_synth/xfft_inst/non_floating_point.arch_d.xfft_inst/FLOW/reset_sustain.resets_4_pes[1].delay_reset_pe/count_addsub_reg[3].addsub_reg/R","clk500","clk500","2.090","0","-0.009","0.035"
"clk150","-0.207","6.667","sfo/two_pass_transport/first_resampling/engine/core/stream/lane_phase_reg[0][20]/C","sfo/two_pass_transport/first_resampling/engine/core/stream/arithmetic/real_channel[1].u_real/pre_ab2/g18.u_add/U0/xst_addsub/i_baseblox.i_baseblox_addsub/no_pipelining.the_addsub/i_lut6.i_lut6_addsub/i_q.i_simple.qreg/i_no_async_controls.output_reg[10]/D","clk150","clk150","6.851","10","-0.010","0.035"
"clk150","-0.207","6.667","sfo/two_pass_transport/fault_125_to_150/syncstages_ff_reg[1]/C","sfo/two_pass_transport/intermediate[1].intermediate_bank/memory/u_frame_memory/xpm_memory_base_inst/gen_wr_a.gen_word_narrow.mem_reg_uram_153/CAS_IN_EN_B","clk150","clk150","6.596","14","0.036","0.035"
"clk500","-0.207","2.000","sfo/residual_estimator/aux_service/u_xfft/U0/i_synth/axi_wrapper/gen_has_nfft.nfft_we_int_reg/C","sfo/residual_estimator/aux_service/u_xfft/U0/i_synth/xfft_inst/non_floating_point.arch_d.xfft_inst/FLOW/reset_sustain.resets_4_pes[3].delay_reset_pe/tc_reg/S","clk500","clk500","2.090","1","-0.008","0.035"
"clk500","-0.207","2.000","sfo/residual_estimator/aux_service/u_xfft/U0/i_synth/axi_wrapper/sclr_int_reg/C","sfo/residual_estimator/aux_service/u_xfft/U0/i_synth/xfft_inst/non_floating_point.arch_d.xfft_inst/has_bit_reverse.pe_natural_out_reg[29]/R","clk500","clk500","2.088","1","-0.010","0.035"
"clk500","-0.207","2.000","sfo/residual_estimator/aux_service/u_xfft/U0/i_synth/axi_wrapper/sclr_int_reg/C","sfo/residual_estimator/aux_service/u_xfft/U0/i_synth/xfft_inst/non_floating_point.arch_d.xfft_inst/has_bit_reverse.pe_natural_out_reg[30]/R","clk500","clk500","2.088","1","-0.010","0.035"
"clk500","-0.207","2.000","sfo/residual_estimator/aux_service/u_xfft/U0/i_synth/axi_wrapper/sclr_int_reg/C","sfo/residual_estimator/aux_service/u_xfft/U0/i_synth/xfft_inst/non_floating_point.arch_d.xfft_inst/has_bit_reverse.pe_natural_out_reg[3]/R","clk500","clk500","2.088","1","-0.010","0.035"
"clk500","-0.207","2.000","sfo/residual_estimator/aux_service/u_xfft/U0/i_synth/axi_wrapper/sclr_int_reg/C","sfo/residual_estimator/aux_service/u_xfft/U0/i_synth/xfft_inst/non_floating_point.arch_d.xfft_inst/has_bit_reverse.pe_natural_out_reg[5]/R","clk500","clk500","2.088","1","-0.010","0.035"
"clk500","-0.207","2.000","sfo/residual_estimator/front_stage/main/service/reset_sync500/syncstages_ff_reg[3]/C","sfo/residual_estimator/front_stage/main/service/u_xfft/U0/i_synth/axi_wrapper/data_in_channel_fifo/gen_real_time.data_out_reg[22]/CE","clk500","clk500","2.104","2","-0.007","0.035"
"clk500","-0.207","2.000","sfo/residual_estimator/front_stage/main/service/reset_sync500/syncstages_ff_reg[3]/C","sfo/residual_estimator/front_stage/main/service/u_xfft/U0/i_synth/axi_wrapper/data_in_channel_fifo/gen_real_time.data_out_reg[28]/CE","clk500","clk500","2.104","2","-0.007","0.035"
"clk500","-0.207","2.000","sfo/residual_estimator/front_stage/main/service/reset_sync500/syncstages_ff_reg[3]/C","sfo/residual_estimator/front_stage/main/service/u_xfft/U0/i_synth/axi_wrapper/data_in_channel_fifo/gen_real_time.data_out_reg[30]/CE","clk500","clk500","2.104","2","-0.007","0.035"
"clk500","-0.207","2.000","sfo/residual_estimator/front_stage/main/service/u_xfft/U0/i_synth/axi_wrapper/sclr_int_reg/C","sfo/residual_estimator/front_stage/main/service/u_xfft/U0/i_synth/xfft_inst/non_floating_point.arch_d.xfft_inst/FLOW/reset_sustain.resets_4_pes[1].delay_reset_pe/count_addsub_reg[4].addsub_reg/R","clk500","clk500","2.089","0","-0.009","0.035"
"clk500","-0.207","2.000","sfo/residual_estimator/front_stage/main/service/u_xfft/U0/i_synth/axi_wrapper/sclr_int_reg/C","sfo/residual_estimator/front_stage/main/service/u_xfft/U0/i_synth/xfft_inst/non_floating_point.arch_d.xfft_inst/FLOW/reset_sustain.resets_4_pes[1].delay_reset_pe/tc_reg/S","clk500","clk500","2.089","0","-0.009","0.035"
"clk150","-0.207","6.667","sfo/two_pass_transport/intermediate[0].intermediate_bank/write_gen_reg[17]/C","sfo/two_pass_transport/intermediate[0].intermediate_bank/memory/u_frame_memory/xpm_memory_base_inst/gen_wr_a.gen_word_narrow.mem_reg_uram_95/CAS_IN_BWE_B[0]","clk150","clk150","6.562","11","0.035","0.035"
"clk150","-0.207","6.667","sfo/two_pass_transport/first_resampling/engine/core/stream/lane_phase_reg[0][20]/C","sfo/two_pass_transport/first_resampling/engine/core/stream/arithmetic/real_channel[1].u_real/pre_bc/g18.u_add/U0/xst_addsub/i_baseblox.i_baseblox_addsub/no_pipelining.the_addsub/i_lut6.i_lut6_addsub/i_q.i_simple.qreg/i_no_async_controls.output_reg[16]/D","clk150","clk150","6.851","10","-0.009","0.035"
"clk500","-0.206","2.000","sfo/residual_estimator/front_stage/main/service/reset_sync500/syncstages_ff_reg[3]/C","sfo/residual_estimator/front_stage/main/service/u_xfft/U0/i_synth/axi_wrapper/data_in_channel_fifo/gen_real_time.data_out_reg[19]/CE","clk500","clk500","2.103","2","-0.007","0.035"
"clk500","-0.206","2.000","sfo/residual_estimator/front_stage/main/service/reset_sync500/syncstages_ff_reg[3]/C","sfo/residual_estimator/front_stage/main/service/u_xfft/U0/i_synth/axi_wrapper/data_in_channel_fifo/gen_real_time.data_out_reg[21]/CE","clk500","clk500","2.103","2","-0.007","0.035"
"clk500","-0.206","2.000","sfo/residual_estimator/front_stage/main/service/reset_sync500/syncstages_ff_reg[3]/C","sfo/residual_estimator/front_stage/main/service/u_xfft/U0/i_synth/axi_wrapper/data_in_channel_fifo/gen_real_time.data_out_reg[24]/CE","clk500","clk500","2.103","2","-0.007","0.035"
"clk500","-0.206","2.000","sfo/residual_estimator/front_stage/main/service/reset_sync500/syncstages_ff_reg[3]/C","sfo/residual_estimator/front_stage/main/service/u_xfft/U0/i_synth/axi_wrapper/data_in_channel_fifo/gen_real_time.data_out_reg[27]/CE","clk500","clk500","2.103","2","-0.007","0.035"
"clk150","-0.206","6.667","sfo/two_pass_transport/first_resampling/engine/core/stream/lane_phase_reg[0][20]/C","sfo/two_pass_transport/first_resampling/engine/core/stream/arithmetic/real_channel[1].u_real/pre_bc/g18.u_add/U0/xst_addsub/i_baseblox.i_baseblox_addsub/no_pipelining.the_addsub/i_lut6.i_lut6_addsub/i_q.i_simple.qreg/i_no_async_controls.output_reg[14]/D","clk150","clk150","6.850","10","-0.009","0.035"
"clk500","-0.205","2.000","sfo/residual_estimator/front_stage/main/service/u_xfft/U0/i_synth/xfft_inst/non_floating_point.arch_d.xfft_inst/has_overflow.natural_ovflo.DOUT_DONE_E_CNT/no_early_reg.I_TC_reg/C","sfo/residual_estimator/front_stage/main/service/u_xfft/U0/i_synth/xfft_inst/non_floating_point.arch_d.xfft_inst/pe_gen[0].natural_order_input.OVFLO_FIFO/rd_cnt_reg[1]/CE","clk500","clk500","2.101","1","-0.008","0.035"
"clk500","-0.205","2.000","sfo/residual_estimator/front_stage/main/service/u_xfft/U0/i_synth/xfft_inst/non_floating_point.arch_d.xfft_inst/has_overflow.natural_ovflo.DOUT_DONE_E_CNT/no_early_reg.I_TC_reg/C","sfo/residual_estimator/front_stage/main/service/u_xfft/U0/i_synth/xfft_inst/non_floating_point.arch_d.xfft_inst/pe_gen[0].natural_order_input.OVFLO_FIFO/rd_cnt_reg[3]/CE","clk500","clk500","2.101","1","-0.008","0.035"
"clk150","-0.205","6.667","sfo/two_pass_transport/first_resampling/engine/core/stream/lane_phase_reg[11][15]/C","sfo/two_pass_transport/first_resampling/engine/core/stream/arithmetic/real_channel[23].u_real/pre_ca/g18.u_add/U0/xst_addsub/i_baseblox.i_baseblox_addsub/no_pipelining.the_addsub/i_lut6.i_lut6_addsub/i_q.i_simple.qreg/i_no_async_controls.output_reg[8]/D","clk150","clk150","6.852","10","-0.010","0.035"
"clk500","-0.205","2.000","sfo/residual_estimator/front_stage/main/service/reset_sync500/syncstages_ff_reg[3]/C","sfo/residual_estimator/front_stage/main/service/u_xfft/U0/i_synth/axi_wrapper/data_in_channel_fifo/gen_real_time.data_out_reg[20]/CE","clk500","clk500","2.103","2","-0.007","0.035"
"clk500","-0.205","2.000","sfo/residual_estimator/front_stage/main/service/reset_sync500/syncstages_ff_reg[3]/C","sfo/residual_estimator/front_stage/main/service/u_xfft/U0/i_synth/axi_wrapper/data_in_channel_fifo/gen_real_time.data_out_reg[23]/CE","clk500","clk500","2.103","2","-0.007","0.035"
"clk500","-0.205","2.000","sfo/residual_estimator/front_stage/main/service/reset_sync500/syncstages_ff_reg[3]/C","sfo/residual_estimator/front_stage/main/service/u_xfft/U0/i_synth/axi_wrapper/data_in_channel_fifo/gen_real_time.data_out_reg[25]/CE","clk500","clk500","2.103","2","-0.007","0.035"
"clk500","-0.205","2.000","sfo/residual_estimator/front_stage/main/service/reset_sync500/syncstages_ff_reg[3]/C","sfo/residual_estimator/front_stage/main/service/u_xfft/U0/i_synth/axi_wrapper/data_in_channel_fifo/gen_real_time.data_out_reg[31]/CE","clk500","clk500","2.103","2","-0.007","0.035"
"clk150","-0.205","6.667","sfo/two_pass_transport/intermediate[0].intermediate_bank/write_gen_reg[17]/C","sfo/two_pass_transport/intermediate[0].intermediate_bank/memory/u_frame_memory/xpm_memory_base_inst/gen_wr_a.gen_word_narrow.mem_reg_uram_160/CAS_IN_BWE_B[4]","clk150","clk150","6.469","12","0.035","0.035"
"clk150","-0.205","6.667","sfo/two_pass_transport/first_resampling/engine/core/stream/lane_phase_reg[0][20]/C","sfo/two_pass_transport/first_resampling/engine/core/stream/arithmetic/real_channel[1].u_real/pre_ca/g18.u_add/U0/xst_addsub/i_baseblox.i_baseblox_addsub/no_pipelining.the_addsub/i_lut6.i_lut6_addsub/i_q.i_simple.qreg/i_no_async_controls.output_reg[9]/D","clk150","clk150","6.849","10","-0.009","0.035"
"clk150","-0.204","6.667","sfo/two_pass_transport/first_resampling/engine/core/stream/lane_phase_reg[15][7]/C","sfo/two_pass_transport/first_resampling/engine/core/stream/lane_phase_reg[2][10]/CE","clk150","clk150","6.766","18","-0.008","0.035"
"clk150","-0.204","6.667","sfo/two_pass_transport/first_resampling/engine/core/stream/lane_phase_reg[15][7]/C","sfo/two_pass_transport/first_resampling/engine/core/stream/lane_phase_reg[2][3]/CE","clk150","clk150","6.766","18","-0.008","0.035"
"clk150","-0.204","6.667","sfo/two_pass_transport/first_resampling/engine/core/stream/lane_phase_reg[15][7]/C","sfo/two_pass_transport/first_resampling/engine/core/stream/lane_phase_reg[2][5]/CE","clk150","clk150","6.766","18","-0.008","0.035"
"clk150","-0.204","6.667","sfo/two_pass_transport/first_resampling/engine/core/stream/lane_phase_reg[15][7]/C","sfo/two_pass_transport/first_resampling/engine/core/stream/lane_phase_reg[2][7]/CE","clk150","clk150","6.766","18","-0.008","0.035"
"clk500","-0.204","2.000","cfo/observation_front/fft_core/FSM_sequential_state_reg[0]/C","cfo/observation_front/fft_core/ar5_reg[22]/CE","clk500","clk500","2.100","1","-0.008","0.035"
"clk500","-0.204","2.000","cfo/observation_front/fft_core/m_generation_reg[9]/C","cfo/observation_front/fft_core/input_index_reg[4]/CE","clk500","clk500","2.099","6","-0.009","0.035"
"clk500","-0.204","2.000","cfo/observation_front/fft_core/m_generation_reg[9]/C","cfo/observation_front/fft_core/input_index_reg[9]/CE","clk500","clk500","2.099","6","-0.009","0.035"
"clk500","-0.204","2.000","cfo/observation_front/fft_core/FSM_sequential_state_reg[0]/C","cfo/observation_front/fft_core/pr5_reg[24]/CE","clk500","clk500","2.100","1","-0.008","0.035"
"clk500","-0.204","2.000","cfo/observation_front/fft_core/FSM_sequential_state_reg[0]/C","cfo/observation_front/fft_core/pr5_reg[25]/CE","clk500","clk500","2.100","1","-0.008","0.035"
"clk500","-0.204","2.000","cfo/observation_front/fft_core/FSM_sequential_state_reg[0]/C","cfo/observation_front/fft_core/pr5_reg[26]/CE","clk500","clk500","2.100","1","-0.008","0.035"
"clk500","-0.204","2.000","cfo/observation_front/fft_core/FSM_sequential_state_reg[0]/C","cfo/observation_front/fft_core/pr5_reg[27]/CE","clk500","clk500","2.100","1","-0.008","0.035"
"clk500","-0.204","2.000","sfo/residual_estimator/aux_service/u_xfft/U0/i_synth/xfft_inst/non_floating_point.arch_d.xfft_inst/has_bit_reverse.natural_order_address_muxing.muxed_reorder_read_addr_reg[13]/C","sfo/residual_estimator/aux_service/u_xfft/U0/i_synth/xfft_inst/non_floating_point.arch_d.xfft_inst/has_bit_reverse.dig_rev_mem/blk_ram.use_bram_only.mem/depth_14.need_extra_rams.extra_ram_loop[2].use_RAMB18.SDP_RAMB18_1x16384/ADDRBWRADDR[13]","clk500","clk500","1.881","0","0.013","0.035"
"clk500","-0.204","2.000","sfo/residual_estimator/front_stage/main/service/u_xfft/U0/i_synth/xfft_inst/non_floating_point.arch_d.xfft_inst/has_overflow.natural_ovflo.DOUT_DONE_E_CNT/no_early_reg.I_TC_reg/C","sfo/residual_estimator/front_stage/main/service/u_xfft/U0/i_synth/xfft_inst/non_floating_point.arch_d.xfft_inst/pe_gen[0].natural_order_input.OVFLO_FIFO/rd_cnt_reg[0]/CE","clk500","clk500","2.101","1","-0.008","0.035"
"clk500","-0.204","2.000","sfo/residual_estimator/front_stage/main/service/u_xfft/U0/i_synth/xfft_inst/non_floating_point.arch_d.xfft_inst/has_overflow.natural_ovflo.DOUT_DONE_E_CNT/no_early_reg.I_TC_reg/C","sfo/residual_estimator/front_stage/main/service/u_xfft/U0/i_synth/xfft_inst/non_floating_point.arch_d.xfft_inst/pe_gen[0].natural_order_input.OVFLO_FIFO/rd_cnt_reg[2]/CE","clk500","clk500","2.101","1","-0.008","0.035"
"clk150","-0.203","6.667","sfo/two_pass_transport/first_resampling/engine/core/stream/lane_phase_reg[15][7]/C","sfo/two_pass_transport/first_resampling/engine/core/stream/lane_phase_reg[10][32]/D","clk150","clk150","6.849","18","-0.008","0.035"
"clk150","-0.203","6.667","sfo/two_pass_transport/first_resampling/engine/core/stream/lane_phase_reg[15][7]/C","sfo/two_pass_transport/first_resampling/engine/core/stream/lane_phase_reg[2][30]/D","clk150","clk150","6.849","18","-0.008","0.035"
"clk500","-0.203","2.000","sfo/residual_estimator/aux_service/u_xfft/U0/i_synth/axi_wrapper/sclr_int_reg/C","sfo/residual_estimator/aux_service/u_xfft/U0/i_synth/xfft_inst/non_floating_point.arch_d.xfft_inst/has_bit_reverse.pe_natural_out_reg[8]/R","clk500","clk500","2.084","1","-0.010","0.035"
"clk150","-0.203","6.667","sfo/two_pass_transport/first_resampling/engine/core/stream/lane_phase_reg[0][20]/C","sfo/two_pass_transport/first_resampling/engine/core/stream/arithmetic/real_channel[0].u_real/pre_ca/g18.u_add/U0/xst_addsub/i_baseblox.i_baseblox_addsub/no_pipelining.the_addsub/i_lut6.i_lut6_addsub/i_q.i_simple.qreg/i_no_async_controls.output_reg[5]/D","clk150","clk150","6.847","8","-0.009","0.035"
"clk150","-0.202","6.667","sfo/two_pass_transport/first_resampling/engine/core/stream/lane_phase_reg[15][7]/C","sfo/two_pass_transport/first_resampling/engine/core/stream/lane_phase_reg[2][16]/CE","clk150","clk150","6.764","18","-0.008","0.035"
"clk150","-0.202","6.667","sfo/two_pass_transport/first_resampling/engine/core/stream/lane_phase_reg[15][7]/C","sfo/two_pass_transport/first_resampling/engine/core/stream/lane_phase_reg[2][19]/CE","clk150","clk150","6.764","18","-0.008","0.035"
"clk500","-0.202","2.000","cfo/observation_front/fft_core/FSM_sequential_state_reg[1]_rep/C","cfo/observation_front/fft_core/ri3_reg/DSP_M_DATA_INST/CEM","clk500","clk500","2.025","1","0.015","0.035"
"clk500","-0.202","2.000","sfo/residual_estimator/aux_service/u_xfft/U0/i_synth/axi_wrapper/gen_has_nfft.nfft_we_int_reg/C","sfo/residual_estimator/aux_service/u_xfft/U0/i_synth/xfft_inst/non_floating_point.arch_d.xfft_inst/FLOW/reset_sustain.resets_4_pes[1].delay_reset_pe/count_addsub_reg[0].addsub_reg/R","clk500","clk500","2.086","1","-0.007","0.035"
"clk500","-0.202","2.000","sfo/residual_estimator/aux_service/u_xfft/U0/i_synth/axi_wrapper/gen_has_nfft.nfft_we_int_reg/C","sfo/residual_estimator/aux_service/u_xfft/U0/i_synth/xfft_inst/non_floating_point.arch_d.xfft_inst/FLOW/reset_sustain.resets_4_pes[1].delay_reset_pe/count_addsub_reg[1].addsub_reg/R","clk500","clk500","2.086","1","-0.007","0.035"
"clk500","-0.202","2.000","sfo/residual_estimator/aux_service/u_xfft/U0/i_synth/axi_wrapper/gen_has_nfft.nfft_we_int_reg/C","sfo/residual_estimator/aux_service/u_xfft/U0/i_synth/xfft_inst/non_floating_point.arch_d.xfft_inst/FLOW/reset_sustain.resets_4_pes[1].delay_reset_pe/count_addsub_reg[2].addsub_reg/R","clk500","clk500","2.086","1","-0.007","0.035"
"clk500","-0.202","2.000","sfo/residual_estimator/aux_service/u_xfft/U0/i_synth/axi_wrapper/gen_has_nfft.nfft_we_int_reg/C","sfo/residual_estimator/aux_service/u_xfft/U0/i_synth/xfft_inst/non_floating_point.arch_d.xfft_inst/FLOW/reset_sustain.resets_4_pes[1].delay_reset_pe/count_addsub_reg[3].addsub_reg/R","clk500","clk500","2.086","1","-0.007","0.035"
"clk150","-0.202","6.667","poison_sync/syncstages_ff_reg[3]/C","cfo/coarse_banks[1].memory/u_frame_memory/xpm_memory_base_inst/gen_wr_a.gen_word_narrow.mem_reg_uram_6/CAS_IN_BWE_B[7]","clk150","clk150","6.424","11","0.035","0.035"
"clk150","-0.202","6.667","poison_sync/syncstages_ff_reg[3]/C","cfo/coarse_banks[1].memory/u_frame_memory/xpm_memory_base_inst/gen_wr_a.gen_word_narrow.mem_reg_uram_31/CAS_IN_BWE_B[6]","clk150","clk150","6.520","12","0.035","0.035"
"clk500","-0.201","2.000","cfo/observation_front/fft_core/FSM_sequential_state_reg[0]/C","cfo/observation_front/fft_core/ar4_reg[15]/CE","clk500","clk500","2.098","1","-0.009","0.035"
"clk150","-0.201","6.667","poison_sync/syncstages_ff_reg[3]/C","cfo/coarse_banks[1].memory/u_frame_memory/xpm_memory_base_inst/gen_wr_a.gen_word_narrow.mem_reg_uram_6/CAS_IN_BWE_B[6]","clk150","clk150","6.519","11","0.035","0.035"
"clk150","-0.200","6.667","sfo/two_pass_transport/first_resampling/engine/core/stream/lane_phase_reg[11][15]/C","sfo/two_pass_transport/first_resampling/engine/core/stream/arithmetic/real_channel[23].u_real/pre_da/g18.u_add/U0/xst_addsub/i_baseblox.i_baseblox_addsub/no_pipelining.the_addsub/i_lut6.i_lut6_addsub/i_q.i_simple.qreg/i_no_async_controls.output_reg[16]/D","clk150","clk150","6.847","11","-0.010","0.035"
"clk500","-0.200","2.000","sfo/initial_estimator/owner/fft/u_xfft/U0/i_synth/xfft_inst/non_floating_point.arch_d.xfft_inst/pe_gen[2].natural_order_input.PE/has_TW_mult.MULT/i_cmpy/three_mult_structure.use_dsp.i_dsp48/dsp_preadder_3.reg_mult3_preadd_d/dN.std_srl.shift_reg_reg[1][4]/C","sfo/initial_estimator/owner/fft/u_xfft/U0/i_synth/xfft_inst/non_floating_point.arch_d.xfft_inst/pe_gen[2].natural_order_input.PE/has_TW_mult.MULT/i_cmpy/three_mult_structure.use_dsp.i_dsp48/mult1_preadder_d_plus_a.mult1/mult/use_prim.appDSP48[0].bppDSP48[0].use_dsp.use_dsp48e2.iDSP48E2/DSP_PREADD_DATA_INST/DIN[4]","clk500","clk500","1.953","0","0.014","0.035"
"clk150","-0.200","6.667","sfo/two_pass_transport/intermediate[0].intermediate_bank/write_gen_reg[17]/C","sfo/two_pass_transport/intermediate[0].intermediate_bank/memory/u_frame_memory/xpm_memory_base_inst/gen_wr_a.gen_word_narrow.mem_reg_uram_137/CAS_IN_BWE_B[6]","clk150","clk150","6.518","13","0.035","0.035"
"clk150","-0.199","6.667","sfo/two_pass_transport/first_resampling/engine/core/stream/lane_phase_reg[0][20]/C","sfo/two_pass_transport/first_resampling/engine/core/stream/arithmetic/real_channel[1].u_real/pre_ab2/g18.u_add/U0/xst_addsub/i_baseblox.i_baseblox_addsub/no_pipelining.the_addsub/i_lut6.i_lut6_addsub/i_q.i_simple.qreg/i_no_async_controls.output_reg[11]/D","clk150","clk150","6.843","10","-0.010","0.035"
"clk150","-0.199","6.667","sfo/two_pass_transport/first_resampling/engine/core/stream/lane_phase_reg[11][15]/C","sfo/two_pass_transport/first_resampling/engine/core/stream/arithmetic/real_channel[23].u_real/pre_da/g18.u_add/U0/xst_addsub/i_baseblox.i_baseblox_addsub/no_pipelining.the_addsub/i_lut6.i_lut6_addsub/i_q.i_simple.qreg/i_no_async_controls.output_reg[14]/D","clk150","clk150","6.846","11","-0.010","0.035"
"clk500","-0.199","2.000","sfo/residual_estimator/aux_service/u_xfft/U0/i_synth/axi_wrapper/gen_has_nfft.nfft_we_int_reg/C","sfo/residual_estimator/aux_service/u_xfft/U0/i_synth/xfft_inst/non_floating_point.arch_d.xfft_inst/FLOW/reset_sustain.resets_4_pes[1].delay_reset_pe/count_addsub_reg[4].addsub_reg/R","clk500","clk500","2.083","1","-0.007","0.035"
"clk500","-0.198","2.000","sfo/initial_estimator/owner/fft/u_xfft/U0/i_synth/axi_wrapper/reset_pipe_reg[1]/C","sfo/initial_estimator/owner/fft/u_ingress_fifo/gnuram_async_fifo.xpm_fifo_base_inst/gen_sdpram.xpm_memory_base_inst/gen_wr_a.gen_word_wide.mem_reg_bram_1/ENARDEN","clk500","clk500","1.832","3","0.011","0.035"
"clk150","-0.198","6.667","sfo/two_pass_transport/first_resampling/engine/core/stream/lane_phase_reg[11][15]/C","sfo/two_pass_transport/first_resampling/engine/core/stream/arithmetic/real_channel[23].u_real/pre_ca/g18.u_add/U0/xst_addsub/i_baseblox.i_baseblox_addsub/no_pipelining.the_addsub/i_lut6.i_lut6_addsub/i_q.i_simple.qreg/i_no_async_controls.output_reg[7]/D","clk150","clk150","6.845","10","-0.010","0.035"
"clk150","-0.198","6.667","sfo/two_pass_transport/first_resampling/engine/core/stream/lane_phase_reg[15][7]/C","sfo/two_pass_transport/first_resampling/engine/core/stream/lane_phase_reg[14][23]/D","clk150","clk150","6.844","18","-0.008","0.035"
"clk150","-0.198","6.667","sfo/two_pass_transport/first_resampling/engine/core/stream/lane_phase_reg[0][20]/C","sfo/two_pass_transport/first_resampling/engine/core/stream/arithmetic/real_channel[0].u_real/pre_da/g18.u_add/U0/xst_addsub/i_baseblox.i_baseblox_addsub/no_pipelining.the_addsub/i_lut6.i_lut6_addsub/i_q.i_simple.qreg/i_no_async_controls.output_reg[15]/D","clk150","clk150","6.842","9","-0.009","0.035"
"clk500","-0.197","2.000","sfo/residual_estimator/front_stage/main/service/u_egress_fifo/gnuram_async_fifo.xpm_fifo_base_inst/xpm_fifo_rst_inst/gen_rst_ic.wr_rst_busy_ic_reg/C","sfo/residual_estimator/front_stage/main/service/u_egress_fifo/gnuram_async_fifo.xpm_fifo_base_inst/wrp_inst/count_value_i_reg[7]/D","clk500","clk500","2.177","5","-0.010","0.035"
"clk500","-0.197","2.000","cfo/observation_front/fft_core/FSM_sequential_state_reg[1]_rep/C","cfo/observation_front/fft_core/ar2_reg[22]/CE","clk500","clk500","2.094","1","-0.007","0.035"
"clk150","-0.195","6.667","sfo/two_pass_transport/first_resampling/engine/core/stream/lane_phase_reg[15][7]/C","sfo/two_pass_transport/first_resampling/engine/core/stream/lane_phase_reg[14][9]/D","clk150","clk150","6.841","18","-0.008","0.035"
"clk500","-0.195","2.000","sfo/residual_estimator/aux_service/u_xfft/U0/i_synth/axi_wrapper/sclr_int_reg/C","sfo/residual_estimator/aux_service/u_xfft/U0/i_synth/xfft_inst/non_floating_point.arch_d.xfft_inst/run_time_1.mux0_sclr_reg[5].mux0_sclr_ff/D","clk500","clk500","2.175","1","-0.010","0.035"
"clk500","-0.194","2.000","sfo/residual_estimator/front_stage/main/service/u_xfft/U0/i_synth/axi_wrapper/reset_pipe_reg[1]/C","sfo/residual_estimator/front_stage/main/service/u_xfft/U0/i_synth/axi_wrapper/data_out_channel/gen_real_time.data_out_reg[17]/CE","clk500","clk500","2.089","1","-0.010","0.035"
"clk150","-0.194","6.667","sfo/two_pass_transport/first_resampling/engine/core/stream/lane_phase_reg[0][20]/C","sfo/two_pass_transport/first_resampling/engine/core/stream/arithmetic/real_channel[1].u_real/pre_bc/g18.u_add/U0/xst_addsub/i_baseblox.i_baseblox_addsub/no_pipelining.the_addsub/i_lut6.i_lut6_addsub/i_q.i_simple.qreg/i_no_async_controls.output_reg[15]/D","clk150","clk150","6.838","10","-0.009","0.035"
"clk150","-0.193","6.667","sfo/two_pass_transport/second_resampling/engine/core/stream/lane_phase_reg[0][3]/C","sfo/two_pass_transport/second_resampling/engine/core/fir15_interpolator/q_core/U0/i_synth/g_polyphase_interpolation_sym_ssr.i_polyphase_interpolation_sym_ssr/g_m_data_chan_fifo.i_m_data_chan_fifo/fifo0/fifo_2_reg[165]/CE","clk150","clk150","6.757","17","-0.007","0.035"
"clk150","-0.193","6.667","sfo/two_pass_transport/second_resampling/engine/core/stream/lane_phase_reg[0][3]/C","sfo/two_pass_transport/second_resampling/engine/core/fir15_interpolator/q_core/U0/i_synth/g_polyphase_interpolation_sym_ssr.i_polyphase_interpolation_sym_ssr/g_m_data_chan_fifo.i_m_data_chan_fifo/fifo0/fifo_2_reg[166]/CE","clk150","clk150","6.757","17","-0.007","0.035"
"clk150","-0.193","6.667","sfo/two_pass_transport/second_resampling/engine/core/stream/lane_phase_reg[0][3]/C","sfo/two_pass_transport/second_resampling/engine/core/fir15_interpolator/q_core/U0/i_synth/g_polyphase_interpolation_sym_ssr.i_polyphase_interpolation_sym_ssr/g_m_data_chan_fifo.i_m_data_chan_fifo/fifo0/fifo_2_reg[167]/CE","clk150","clk150","6.757","17","-0.007","0.035"
"clk150","-0.193","6.667","sfo/two_pass_transport/second_resampling/engine/core/stream/lane_phase_reg[0][3]/C","sfo/two_pass_transport/second_resampling/engine/core/fir15_interpolator/q_core/U0/i_synth/g_polyphase_interpolation_sym_ssr.i_polyphase_interpolation_sym_ssr/g_m_data_chan_fifo.i_m_data_chan_fifo/fifo0/fifo_2_reg[168]/CE","clk150","clk150","6.757","17","-0.007","0.035"
"clk150","-0.193","6.667","sfo/two_pass_transport/first_resampling/engine/core/stream/lane_phase_reg[15][7]/C","sfo/two_pass_transport/first_resampling/engine/core/stream/lane_phase_reg[10][3]/D","clk150","clk150","6.839","18","-0.007","0.035"
"clk150","-0.192","6.667","sfo/two_pass_transport/shared_raw.hub/raw_store/ram_ra_reg[6]/C","sfo/two_pass_transport/shared_raw.hub/raw_store/memory/u_frame_memory/xpm_memory_base_inst/gen_wr_a.gen_word_narrow.mem_reg_uram_151/CAS_IN_ADDR_A[6]","clk150","clk150","6.366","7","0.035","0.035"
"clk150","-0.192","6.667","sfo/two_pass_transport/intermediate[0].intermediate_bank/write_gen_reg[17]/C","sfo/two_pass_transport/intermediate[0].intermediate_bank/memory/u_frame_memory/xpm_memory_base_inst/gen_wr_a.gen_word_narrow.mem_reg_uram_104/CAS_IN_BWE_B[6]","clk150","clk150","6.510","12","0.035","0.035"
"clk150","-0.192","6.667","poison_sync/syncstages_ff_reg[3]/C","cfo/coarse_banks[1].memory/u_frame_memory/xpm_memory_base_inst/gen_wr_a.gen_word_narrow.mem_reg_uram_153/CAS_IN_BWE_B[4]","clk150","clk150","6.456","12","0.035","0.035"
"clk150","-0.192","6.667","sfo/two_pass_transport/first_resampling/engine/core/stream/lane_phase_reg[15][7]/C","sfo/two_pass_transport/first_resampling/engine/core/stream/lane_phase_reg[2][13]/CE","clk150","clk150","6.753","18","-0.007","0.035"
"clk150","-0.192","6.667","sfo/two_pass_transport/first_resampling/engine/core/stream/lane_phase_reg[15][7]/C","sfo/two_pass_transport/first_resampling/engine/core/stream/lane_phase_reg[2][17]/CE","clk150","clk150","6.753","18","-0.007","0.035"
"clk150","-0.192","6.667","sfo/two_pass_transport/first_resampling/engine/core/stream/lane_phase_reg[15][7]/C","sfo/two_pass_transport/first_resampling/engine/core/stream/lane_phase_reg[2][9]/CE","clk150","clk150","6.753","18","-0.007","0.035"
"clk150","-0.191","6.667","sfo/two_pass_transport/intermediate[0].intermediate_bank/write_gen_reg[17]/C","sfo/two_pass_transport/intermediate[0].intermediate_bank/memory/u_frame_memory/xpm_memory_base_inst/gen_wr_a.gen_word_narrow.mem_reg_uram_137/CAS_IN_BWE_B[8]","clk150","clk150","6.440","13","0.035","0.035"
"clk150","-0.191","6.667","sfo/two_pass_transport/first_resampling/engine/core/stream/lane_phase_reg[0][20]/C","sfo/two_pass_transport/first_resampling/engine/core/stream/arithmetic/real_channel[0].u_real/pre_da/g18.u_add/U0/xst_addsub/i_baseblox.i_baseblox_addsub/no_pipelining.the_addsub/i_lut6.i_lut6_addsub/i_q.i_simple.qreg/i_no_async_controls.output_reg[17]/D","clk150","clk150","6.835","10","-0.009","0.035"
"clk500","-0.190","2.000","cfo/windows/packed_windows/fifo/gnuram_async_fifo.xpm_fifo_base_inst/rdp_inst/count_value_i_reg[1]/C","cfo/windows/packed_windows/fifo/gnuram_async_fifo.xpm_fifo_base_inst/gen_sdpram.xpm_memory_base_inst/gen_wr_a.gen_word_narrow.mem_reg_bram_0/ADDRBWRADDR[6]","clk500","clk500","1.878","0","0.010","0.035"
"clk500","-0.190","2.000","cfo/windows/sample_index_reg[8]/C","cfo/windows/packed_windows/fifo/gnuram_async_fifo.xpm_fifo_base_inst/rdpp1_inst/count_value_i_reg[4]/D","clk500","clk500","2.173","6","-0.007","0.035"
"clk500","-0.190","2.000","sfo/residual_estimator/aux_service/u_xfft/U0/i_synth/axi_wrapper/sclr_int_reg/C","sfo/residual_estimator/aux_service/u_xfft/U0/i_synth/xfft_inst/non_floating_point.arch_d.xfft_inst/run_time_1.mux0_sclr_reg[11].mux0_sclr_ff/D","clk500","clk500","2.171","1","-0.009","0.035"
"clk150","-0.190","6.667","sfo/two_pass_transport/first_resampling/engine/core/stream/lane_phase_reg[15][7]/C","sfo/two_pass_transport/first_resampling/engine/core/stream/lane_phase_reg[10][6]/D","clk150","clk150","6.836","18","-0.008","0.035"
"clk500","-0.190","2.000","sfo/residual_estimator/aux_service/u_xfft/U0/i_synth/axi_wrapper/gen_has_nfft.nfft_we_int_reg/C","sfo/residual_estimator/aux_service/u_xfft/U0/i_synth/xfft_inst/non_floating_point.arch_d.xfft_inst/FLOW/reset_sustain.resets_4_pes[3].delay_reset_pe/count_addsub_reg[0].addsub_reg/R","clk500","clk500","2.074","1","-0.007","0.035"
"clk500","-0.190","2.000","sfo/residual_estimator/aux_service/u_xfft/U0/i_synth/axi_wrapper/gen_has_nfft.nfft_we_int_reg/C","sfo/residual_estimator/aux_service/u_xfft/U0/i_synth/xfft_inst/non_floating_point.arch_d.xfft_inst/FLOW/reset_sustain.resets_4_pes[3].delay_reset_pe/count_addsub_reg[1].addsub_reg/R","clk500","clk500","2.074","1","-0.007","0.035"
"clk500","-0.190","2.000","sfo/residual_estimator/aux_service/u_xfft/U0/i_synth/axi_wrapper/gen_has_nfft.nfft_we_int_reg/C","sfo/residual_estimator/aux_service/u_xfft/U0/i_synth/xfft_inst/non_floating_point.arch_d.xfft_inst/FLOW/reset_sustain.resets_4_pes[3].delay_reset_pe/count_addsub_reg[2].addsub_reg/R","clk500","clk500","2.074","1","-0.007","0.035"
"clk500","-0.190","2.000","sfo/residual_estimator/aux_service/u_xfft/U0/i_synth/axi_wrapper/gen_has_nfft.nfft_we_int_reg/C","sfo/residual_estimator/aux_service/u_xfft/U0/i_synth/xfft_inst/non_floating_point.arch_d.xfft_inst/FLOW/reset_sustain.resets_4_pes[3].delay_reset_pe/count_addsub_reg[3].addsub_reg/R","clk500","clk500","2.074","1","-0.007","0.035"
"clk500","-0.189","2.000","sfo/initial_estimator/owner/fft/u_xfft/U0/i_synth/axi_wrapper/reset_pipe_reg[1]/C","sfo/initial_estimator/owner/fft/u_ingress_fifo/gnuram_async_fifo.xpm_fifo_base_inst/rdp_inst/count_value_i_reg[5]/D","clk500","clk500","2.172","5","-0.007","0.035"
"clk150","-0.189","6.667","sfo/two_pass_transport/shared_raw.hub/raw_store/rv_reg[0]/C","sfo/two_pass_transport/shared_raw.hub/raw_store/memory/u_frame_memory/xpm_memory_base_inst/gen_wr_a.gen_word_narrow.mem_reg_uram_167/CAS_IN_EN_A","clk150","clk150","6.415","7","0.034","0.035"
"clk150","-0.189","6.667","sfo/two_pass_transport/first_resampling/engine/core/stream/lane_phase_reg[15][7]/C","sfo/two_pass_transport/first_resampling/engine/core/stream/lane_phase_reg[1][29]/D","clk150","clk150","6.835","18","-0.007","0.035"
"clk500","-0.188","2.000","cfo/observation_front/fft_core/FSM_sequential_state_reg[0]/C","cfo/observation_front/fft_core/pr5_reg[4]/CE","clk500","clk500","2.084","1","-0.008","0.035"
"clk500","-0.188","2.000","cfo/observation_front/fft_core/FSM_sequential_state_reg[0]/C","cfo/observation_front/fft_core/pr5_reg[5]/CE","clk500","clk500","2.084","1","-0.008","0.035"
"clk500","-0.188","2.000","cfo/observation_front/fft_core/FSM_sequential_state_reg[0]/C","cfo/observation_front/fft_core/pr5_reg[6]/CE","clk500","clk500","2.084","1","-0.008","0.035"
"clk500","-0.188","2.000","cfo/observation_front/fft_core/FSM_sequential_state_reg[0]/C","cfo/observation_front/fft_core/pr5_reg[7]/CE","clk500","clk500","2.084","1","-0.008","0.035"
"clk500","-0.188","2.000","sfo/residual_estimator/aux_service/u_xfft/U0/i_synth/axi_wrapper/sclr_int_reg/C","sfo/residual_estimator/aux_service/u_xfft/U0/i_synth/xfft_inst/non_floating_point.arch_d.xfft_inst/has_bit_reverse.pe_natural_out_reg[2]/R","clk500","clk500","2.069","1","-0.010","0.035"
"clk500","-0.188","2.000","sfo/residual_estimator/aux_service/u_xfft/U0/i_synth/axi_wrapper/gen_has_nfft.nfft_we_int_reg/C","sfo/residual_estimator/aux_service/u_xfft/U0/i_synth/xfft_inst/non_floating_point.arch_d.xfft_inst/FLOW/load_enable_reg/R","clk500","clk500","2.072","1","-0.007","0.035"
"clk500","-0.188","2.000","sfo/residual_estimator/aux_service/u_xfft/U0/i_synth/axi_wrapper/gen_has_nfft.nfft_we_int_reg/C","sfo/residual_estimator/aux_service/u_xfft/U0/i_synth/xfft_inst/non_floating_point.arch_d.xfft_inst/FLOW/start_reg_reg/R","clk500","clk500","2.072","1","-0.007","0.035"
"clk150","-0.188","6.667","sfo/two_pass_transport/intermediate[0].intermediate_bank/write_gen_reg[17]/C","sfo/two_pass_transport/intermediate[0].intermediate_bank/memory/u_frame_memory/xpm_memory_base_inst/gen_wr_a.gen_word_narrow.mem_reg_uram_160/CAS_IN_BWE_B[2]","clk150","clk150","6.549","12","0.035","0.035"
"clk150","-0.187","6.667","sfo/two_pass_transport/first_resampling/engine/core/stream/lane_phase_reg[0][20]/C","sfo/two_pass_transport/first_resampling/engine/core/stream/arithmetic/real_channel[1].u_real/pre_ab2/g18.u_add/U0/xst_addsub/i_baseblox.i_baseblox_addsub/no_pipelining.the_addsub/i_lut6.i_lut6_addsub/i_q.i_simple.qreg/i_no_async_controls.output_reg[9]/D","clk150","clk150","6.831","10","-0.010","0.035"
"clk150","-0.187","6.667","sfo/two_pass_transport/first_resampling/engine/core/stream/lane_phase_reg[15][7]/C","sfo/two_pass_transport/first_resampling/engine/core/stream/lane_phase_reg[10][12]/D","clk150","clk150","6.833","18","-0.008","0.035"
"clk150","-0.187","6.667","sfo/two_pass_transport/first_resampling/engine/core/stream/lane_phase_reg[15][7]/C","sfo/two_pass_transport/first_resampling/engine/core/stream/lane_phase_reg[2][12]/CE","clk150","clk150","6.749","18","-0.008","0.035"
"clk150","-0.187","6.667","sfo/two_pass_transport/first_resampling/engine/core/stream/lane_phase_reg[15][7]/C","sfo/two_pass_transport/first_resampling/engine/core/stream/lane_phase_reg[2][15]/CE","clk150","clk150","6.749","18","-0.008","0.035"
"clk150","-0.187","6.667","sfo/two_pass_transport/first_resampling/engine/core/stream/lane_phase_reg[15][7]/C","sfo/two_pass_transport/first_resampling/engine/core/stream/lane_phase_reg[2][18]/CE","clk150","clk150","6.749","18","-0.008","0.035"
"clk150","-0.187","6.667","sfo/two_pass_transport/first_resampling/engine/core/stream/lane_phase_reg[15][7]/C","sfo/two_pass_transport/first_resampling/engine/core/stream/lane_phase_reg[2][6]/CE","clk150","clk150","6.749","18","-0.008","0.035"
"clk500","-0.187","2.000","sfo/residual_estimator/aux_service/u_xfft/U0/i_synth/xfft_inst/non_floating_point.arch_d.xfft_inst/timing_cnts_has_nfft.run_time_sel_reg[4]/C","sfo/residual_estimator/aux_service/u_xfft/U0/i_synth/xfft_inst/non_floating_point.arch_d.xfft_inst/pe_gen[3].natural_order_input.PE/bypass_muxes.din_im_mux_gen[2].reg/D","clk500","clk500","2.167","1","-0.010","0.035"
"clk150","-0.187","6.667","sfo/two_pass_transport/first_resampling/engine/core/stream/lane_phase_reg[11][15]/C","sfo/two_pass_transport/first_resampling/engine/core/stream/arithmetic/real_channel[23].u_real/pre_da/g18.u_add/U0/xst_addsub/i_baseblox.i_baseblox_addsub/no_pipelining.the_addsub/i_lut6.i_lut6_addsub/i_q.i_simple.qreg/i_no_async_controls.output_reg[15]/D","clk150","clk150","6.834","11","-0.010","0.035"
"clk150","-0.187","6.667","sfo/two_pass_transport/first_resampling/engine/core/stream/lane_phase_reg[15][7]/C","sfo/two_pass_transport/first_resampling/engine/core/stream/lane_phase_reg[13][5]/D","clk150","clk150","6.833","18","-0.008","0.035"
"clk500","-0.187","2.000","sfo/residual_estimator/aux_service/u_xfft/U0/i_synth/axi_wrapper/gen_has_nfft.nfft_we_int_reg/C","sfo/residual_estimator/aux_service/u_xfft/U0/i_synth/xfft_inst/non_floating_point.arch_d.xfft_inst/FLOW/nat_ip_next_start_reg.next_start_int_d_reg/R","clk500","clk500","2.070","1","-0.008","0.035"
"clk500","-0.187","2.000","sfo/residual_estimator/aux_service/u_xfft/U0/i_synth/xfft_inst/non_floating_point.arch_d.xfft_inst/timing_cnts_has_nfft.run_time_sel_reg[4]/C","sfo/residual_estimator/aux_service/u_xfft/U0/i_synth/xfft_inst/non_floating_point.arch_d.xfft_inst/pe_gen[3].natural_order_input.PE/bypass_muxes.din_im_mux_gen[4].reg/D","clk500","clk500","2.168","1","-0.009","0.035"
"clk500","-0.187","2.000","sfo/residual_estimator/aux_service/u_xfft/U0/i_synth/axi_wrapper/gen_has_nfft.nfft_we_int_reg/C","sfo/residual_estimator/aux_service/u_xfft/U0/i_synth/xfft_inst/non_floating_point.arch_d.xfft_inst/FLOW/reset_sustain.resets_4_pes[3].delay_reset_pe/count_addsub_reg[4].addsub_reg/R","clk500","clk500","2.071","1","-0.007","0.035"
"clk150","-0.187","6.667","sfo/two_pass_transport/intermediate[0].intermediate_bank/write_gen_reg[17]/C","sfo/two_pass_transport/intermediate[0].intermediate_bank/memory/u_frame_memory/xpm_memory_base_inst/gen_wr_a.gen_word_narrow.mem_reg_uram_145/CAS_IN_BWE_B[7]","clk150","clk150","6.409","13","0.035","0.035"
"clk150","-0.187","6.667","sfo/two_pass_transport/first_resampling/engine/core/stream/lane_phase_reg[0][20]/C","sfo/two_pass_transport/first_resampling/engine/core/stream/arithmetic/real_channel[1].u_real/pre_bc/g18.u_add/U0/xst_addsub/i_baseblox.i_baseblox_addsub/no_pipelining.the_addsub/i_lut6.i_lut6_addsub/i_q.i_simple.qreg/i_no_async_controls.output_reg[17]/D","clk150","clk150","6.831","11","-0.009","0.035"
"clk500","-0.186","2.000","sfo/residual_estimator/aux_service/u_xfft/U0/i_synth/axi_wrapper/symbols_out_remaining_reg[9]/C","sfo/residual_estimator/aux_service/u_xfft/U0/i_synth/axi_wrapper/gen_status_channel.gen_status_ovflo.status_fifo_write_data_reg[0]/D","clk500","clk500","2.169","3","-0.007","0.035"
"clk500","-0.186","2.000","sfo/residual_estimator/aux_service/u_xfft/U0/i_synth/xfft_inst/non_floating_point.arch_d.xfft_inst/timing_cnts_has_nfft.duplicate_regs[6].other.nfft_regs[0].nfft_regs_fde/C","sfo/residual_estimator/aux_service/u_xfft/U0/i_synth/xfft_inst/non_floating_point.arch_d.xfft_inst/has_bit_reverse.var_pt_size_muxed_addresses.left_shifter/r14.shifter/use_mux16.use_lut6.sixteen_to_one_mux[13].use_output_reg_and_pipe_reg.reg0/D","clk500","clk500","2.166","3","-0.010","0.035"
"clk150","-0.186","6.667","cfo/coarse_rotation/output4_reg[30]/C","cfo/coarse_banks[1].memory/u_frame_memory/xpm_memory_base_inst/gen_wr_a.gen_word_narrow.mem_reg_uram_47/CAS_IN_DIN_B[30]","clk150","clk150","6.573","7","0.035","0.035"
"clk150","-0.186","6.667","sfo/two_pass_transport/first_resampling/engine/core/stream/lane_phase_reg[15][7]/C","sfo/two_pass_transport/first_resampling/engine/core/stream/credit_used_reg[5]/D","clk150","clk150","6.832","19","-0.007","0.035"
"clk150","-0.185","6.667","sfo/two_pass_transport/first_resampling/engine/core/stream/lane_phase_reg[15][7]/C","sfo/two_pass_transport/first_resampling/engine/core/stream/lane_phase_reg[13][31]/D","clk150","clk150","6.831","18","-0.008","0.035"
"clk500","-0.185","2.000","cfo/reset_fast/arststages_ff_reg[3]/C","cfo/observation_front/m_frame_reg[6]/CE","clk500","clk500","2.081","2","-0.008","0.035"
"clk500","-0.185","2.000","cfo/windows/sample_index_reg[8]/C","cfo/windows/packed_windows/fifo/gnuram_async_fifo.xpm_fifo_base_inst/rdpp1_inst/count_value_i_reg[3]/D","clk500","clk500","2.168","6","-0.007","0.035"
"clk500","-0.185","2.000","sfo/residual_estimator/aux_service/u_xfft/U0/i_synth/xfft_inst/non_floating_point.arch_d.xfft_inst/timing_cnts_has_nfft.run_time_sel_reg[4]/C","sfo/residual_estimator/aux_service/u_xfft/U0/i_synth/xfft_inst/non_floating_point.arch_d.xfft_inst/pe_gen[3].natural_order_input.PE/bypass_muxes.din_im_mux_gen[5].reg/D","clk500","clk500","2.165","1","-0.010","0.035"
"clk500","-0.185","2.000","sfo/residual_estimator/front_stage/main/service/u_xfft/U0/i_synth/xfft_inst/non_floating_point.arch_d.xfft_inst/reset_delays[0].first.reset_del_reg[0]/C","sfo/residual_estimator/front_stage/main/service/u_xfft/U0/i_synth/xfft_inst/non_floating_point.arch_d.xfft_inst/pe_gen[0].natural_order_input.OVFLO_FIFO/delay_reg[15][0]_srl16/CE","clk500","clk500","1.983","1","0.013","0.035"
"clk150","-0.185","6.667","cfo/coarse_rotation/output4_reg[20]/C","cfo/coarse_banks[1].memory/u_frame_memory/xpm_memory_base_inst/gen_wr_a.gen_word_narrow.mem_reg_uram_15/CAS_IN_DIN_B[20]","clk150","clk150","6.579","7","0.035","0.035"
"clk150","-0.185","6.667","poison_sync/syncstages_ff_reg[3]/C","cfo/coarse_banks[1].memory/u_frame_memory/xpm_memory_base_inst/gen_wr_a.gen_word_narrow.mem_reg_uram_6/CAS_IN_BWE_B[4]","clk150","clk150","6.449","11","0.035","0.035"
"clk150","-0.184","6.667","sfo/two_pass_transport/second_resampling/engine/core/stream/lane_phase_reg[0][3]/C","sfo/two_pass_transport/second_resampling/engine/state_reg[1]/D","clk150","clk150","6.833","20","-0.008","0.035"
"clk150","-0.184","6.667","sfo/two_pass_transport/first_resampling/engine/core/stream/lane_phase_reg[11][15]/C","sfo/two_pass_transport/first_resampling/engine/core/stream/arithmetic/real_channel[23].u_real/pre_ca/g18.u_add/U0/xst_addsub/i_baseblox.i_baseblox_addsub/no_pipelining.the_addsub/i_lut6.i_lut6_addsub/i_q.i_simple.qreg/i_no_async_controls.output_reg[6]/D","clk150","clk150","6.831","10","-0.010","0.035"
"clk150","-0.184","6.667","sfo/two_pass_transport/first_resampling/engine/core/stream/lane_phase_reg[13][13]/C","sfo/two_pass_transport/first_resampling/engine/core/stream/arithmetic/real_channel[26].u_real/pre_ab2/g18.u_add/U0/xst_addsub/i_baseblox.i_baseblox_addsub/no_pipelining.the_addsub/i_lut6.i_lut6_addsub/i_q.i_simple.qreg/i_no_async_controls.output_reg[16]/D","clk150","clk150","6.832","11","-0.009","0.035"
"clk150","-0.184","6.667","sfo/two_pass_transport/first_resampling/engine/core/stream/lane_phase_reg[13][13]/C","sfo/two_pass_transport/first_resampling/engine/core/stream/arithmetic/real_channel[26].u_real/pre_ab2/g18.u_add/U0/xst_addsub/i_baseblox.i_baseblox_addsub/no_pipelining.the_addsub/i_lut6.i_lut6_addsub/i_q.i_simple.qreg/i_no_async_controls.output_reg[18]/D","clk150","clk150","6.832","12","-0.009","0.035"
"clk150","-0.184","6.667","sfo/two_pass_transport/fault_125_to_150/syncstages_ff_reg[1]/C","sfo/two_pass_transport/intermediate[1].intermediate_bank/memory/u_frame_memory/xpm_memory_base_inst/gen_wr_a.gen_word_narrow.mem_reg_uram_153/CAS_IN_EN_A","clk150","clk150","6.422","14","0.036","0.035"
"clk500","-0.184","2.000","cfo/observation_front/fft_core/half_span_reg[0]/C","cfo/observation_front/fft_core/tw_index_reg_rep/ADDRARDADDR[8]","clk500","clk500","1.877","5","0.011","0.035"
"clk500","-0.184","2.000","sfo/residual_estimator/aux_service/u_xfft/U0/i_synth/xfft_inst/non_floating_point.arch_d.xfft_inst/FLOW/has_nfft._nfft_value.NFFT_int_tmp_reg[2]/C","sfo/residual_estimator/aux_service/u_xfft/U0/i_synth/xfft_inst/non_floating_point.arch_d.xfft_inst/FLOW/has_nfft.counter_limit_early_reg[10].max_n_int_minus_one_ff/D","clk500","clk500","2.165","1","-0.009","0.035"
"clk500","-0.184","2.000","cfo/observation_front/fft_core/FSM_sequential_state_reg[1]_rep/C","cfo/observation_front/fft_core/pi4_reg/DSP_A_B_DATA_INST/CEA2","clk500","clk500","2.005","1","0.015","0.035"
"clk500","-0.184","2.000","cfo/windows/packed_windows/fifo/gnuram_async_fifo.xpm_fifo_base_inst/rdp_inst/count_value_i_reg[5]/C","cfo/windows/packed_windows/fifo/gnuram_async_fifo.xpm_fifo_base_inst/gen_sdpram.xpm_memory_base_inst/gen_wr_a.gen_word_narrow.mem_reg_bram_8/ADDRBWRADDR[10]","clk500","clk500","1.850","0","0.010","0.035"
"clk150","-0.184","6.667","sfo/two_pass_transport/first_resampling/engine/pack/m_data_reg[73]/C","sfo/two_pass_transport/intermediate[0].intermediate_bank/memory/u_frame_memory/xpm_memory_base_inst/gen_wr_a.gen_word_narrow.mem_reg_uram_121/CAS_IN_DIN_B[1]","clk150","clk150","6.541","7","0.035","0.035"
"clk150","-0.184","6.667","sfo/two_pass_transport/shared_raw.hub/raw_store/ram_ra_reg[1]/C","sfo/two_pass_transport/shared_raw.hub/raw_store/memory/u_frame_memory/xpm_memory_base_inst/gen_wr_a.gen_word_narrow.mem_reg_uram_55/CAS_IN_ADDR_A[1]","clk150","clk150","6.338","7","0.035","0.035"
"clk150","-0.183","6.667","sfo/two_pass_transport/first_resampling/engine/core/stream/lane_phase_reg[13][13]/C","sfo/two_pass_transport/first_resampling/engine/core/stream/arithmetic/real_channel[26].u_real/pre_ab2/g18.u_add/U0/xst_addsub/i_baseblox.i_baseblox_addsub/no_pipelining.the_addsub/i_lut6.i_lut6_addsub/i_q.i_simple.qreg/i_no_async_controls.output_reg[14]/D","clk150","clk150","6.831","11","-0.009","0.035"
"clk500","-0.183","2.000","cfo/reset_fast/arststages_ff_reg[3]/C","cfo/observation_front/m_frame_reg[25]/CE","clk500","clk500","2.079","2","-0.008","0.035"
"clk150","-0.183","6.667","sfo/two_pass_transport/intermediate[0].intermediate_bank/write_gen_reg[17]/C","sfo/two_pass_transport/intermediate[0].intermediate_bank/memory/u_frame_memory/xpm_memory_base_inst/gen_wr_a.gen_word_narrow.mem_reg_uram_94/CAS_IN_BWE_B[7]","clk150","clk150","6.405","10","0.035","0.035"
"clk150","-0.183","6.667","poison_sync/syncstages_ff_reg[3]/C","cfo/coarse_banks[1].memory/u_frame_memory/xpm_memory_base_inst/gen_wr_a.gen_word_narrow.mem_reg_uram_31/CAS_IN_BWE_B[8]","clk150","clk150","6.432","12","0.035","0.035"
"clk150","-0.182","6.667","sfo/two_pass_transport/first_resampling/engine/core/stream/lane_phase_reg[15][7]/C","sfo/two_pass_transport/first_resampling/engine/core/stream/lane_phase_reg[10][13]/D","clk150","clk150","6.828","18","-0.008","0.035"
"clk150","-0.182","6.667","sfo/two_pass_transport/first_resampling/engine/core/stream/lane_phase_reg[15][7]/C","sfo/two_pass_transport/first_resampling/engine/core/stream/lane_phase_reg[14][14]/D","clk150","clk150","6.828","18","-0.008","0.035"
"clk500","-0.182","2.000","sfo/residual_estimator/front_stage/main/service/u_xfft/U0/i_synth/xfft_inst/non_floating_point.arch_d.xfft_inst/FLOW/start_reg_delay/no_sclr_lut.real_shift_ram.use_baseblock.not_use_hlutnm_srls.i_shift_ram/i_bb_inst/f0.srl_sig_reg[2][0]/C","sfo/residual_estimator/front_stage/main/service/u_xfft/U0/i_synth/xfft_inst/non_floating_point.arch_d.xfft_inst/FLOW/has_scale_sch_buffer.scale_sch_out_i_reg[10]/CE","clk500","clk500","2.077","0","-0.009","0.035"
"clk500","-0.182","2.000","sfo/residual_estimator/front_stage/main/service/u_xfft/U0/i_synth/xfft_inst/non_floating_point.arch_d.xfft_inst/FLOW/start_reg_delay/no_sclr_lut.real_shift_ram.use_baseblock.not_use_hlutnm_srls.i_shift_ram/i_bb_inst/f0.srl_sig_reg[2][0]/C","sfo/residual_estimator/front_stage/main/service/u_xfft/U0/i_synth/xfft_inst/non_floating_point.arch_d.xfft_inst/FLOW/has_scale_sch_buffer.scale_sch_out_i_reg[3]/CE","clk500","clk500","2.077","0","-0.009","0.035"
"clk500","-0.182","2.000","sfo/residual_estimator/front_stage/main/service/u_xfft/U0/i_synth/xfft_inst/non_floating_point.arch_d.xfft_inst/FLOW/start_reg_delay/no_sclr_lut.real_shift_ram.use_baseblock.not_use_hlutnm_srls.i_shift_ram/i_bb_inst/f0.srl_sig_reg[2][0]/C","sfo/residual_estimator/front_stage/main/service/u_xfft/U0/i_synth/xfft_inst/non_floating_point.arch_d.xfft_inst/FLOW/has_scale_sch_buffer.scale_sch_out_i_reg[9]/CE","clk500","clk500","2.077","0","-0.009","0.035"
"clk150","-0.181","6.667","sfo/two_pass_transport/second_resampling/engine/core/stream/lane_phase_reg[0][3]/C","sfo/two_pass_transport/second_resampling/engine/state_reg[2]/D","clk150","clk150","6.830","20","-0.008","0.035"
"clk500","-0.181","2.000","cfo/observation_front/m_frame_reg[11]/C","cfo/estimator/expected_window_reg[5]/CE","clk500","clk500","2.078","6","-0.008","0.035"
"clk500","-0.181","2.000","cfo/observation_front/fft_core/FSM_sequential_state_reg[1]_rep/C","cfo/observation_front/fft_core/rr3_reg/DSP_M_DATA_INST/CEM","clk500","clk500","2.004","1","0.015","0.035"
"clk500","-0.181","2.000","cfo/reset_fast/arststages_ff_reg[3]/C","cfo/observation_front/m_frame_reg[24]/CE","clk500","clk500","2.077","2","-0.009","0.035"
"clk500","-0.181","2.000","cfo/reset_fast/arststages_ff_reg[3]/C","cfo/observation_front/m_frame_reg[26]/CE","clk500","clk500","2.077","2","-0.009","0.035"
"clk500","-0.181","2.000","cfo/reset_fast/arststages_ff_reg[3]/C","cfo/observation_front/m_frame_reg[4]/CE","clk500","clk500","2.077","2","-0.009","0.035"
"clk500","-0.181","2.000","sfo/residual_estimator/aux_service/u_xfft/U0/i_synth/xfft_inst/non_floating_point.arch_d.xfft_inst/timing_cnts_has_nfft.run_time_sel_reg[4]/C","sfo/residual_estimator/aux_service/u_xfft/U0/i_synth/xfft_inst/non_floating_point.arch_d.xfft_inst/pe_gen[3].natural_order_input.PE/bypass_muxes.din_im_mux_gen[15].reg/D","clk500","clk500","2.161","1","-0.010","0.035"
"clk500","-0.181","2.000","sfo/residual_estimator/aux_service/u_xfft/U0/i_synth/axi_wrapper/sclr_int_reg/C","sfo/residual_estimator/aux_service/u_xfft/U0/i_synth/xfft_inst/non_floating_point.arch_d.xfft_inst/run_time_1.mux0_sclr_reg[13].mux0_sclr_ff/D","clk500","clk500","2.162","1","-0.009","0.035"
"clk150","-0.181","6.667","sfo/two_pass_transport/second_resampling/engine/core/stream/lane_phase_reg[14][19]/C","sfo/two_pass_transport/second_resampling/engine/core/stream/arithmetic/real_channel[28].u_real/pre_ab2/g18.u_add/U0/xst_addsub/i_baseblox.i_baseblox_addsub/no_pipelining.the_addsub/i_lut6.i_lut6_addsub/i_q.i_simple.qreg/i_no_async_controls.output_reg[16]/D","clk150","clk150","6.828","8","-0.010","0.035"
"clk500","-0.181","2.000","cfo/observation_front/m_frame_reg[11]/C","cfo/estimator/expected_window_reg[6]/CE","clk500","clk500","2.079","6","-0.008","0.035"
"clk500","-0.181","2.000","sfo/residual_estimator/front_stage/main/service/u_xfft/U0/i_synth/axi_wrapper/reset_pipe_reg[1]/C","sfo/residual_estimator/front_stage/main/service/u_xfft/U0/i_synth/axi_wrapper/data_out_channel/gen_real_time.data_out_reg[16]/CE","clk500","clk500","2.076","1","-0.010","0.035"
"clk150","-0.181","6.667","sfo/two_pass_transport/first_resampling/engine/core/stream/lane_phase_reg[15][7]/C","sfo/two_pass_transport/first_resampling/engine/core/stream/lane_phase_reg[5][20]/D","clk150","clk150","6.827","18","-0.007","0.035"
"clk150","-0.180","6.667","sfo/two_pass_transport/first_resampling/engine/core/stream/lane_phase_reg[11][15]/C","sfo/two_pass_transport/first_resampling/engine/core/stream/arithmetic/real_channel[23].u_real/pre_da/g18.u_add/U0/xst_addsub/i_baseblox.i_baseblox_addsub/no_pipelining.the_addsub/i_lut6.i_lut6_addsub/i_q.i_simple.qreg/i_no_async_controls.output_reg[17]/D","clk150","clk150","6.827","12","-0.010","0.035"
"clk150","-0.180","6.667","sfo/two_pass_transport/first_resampling/engine/core/stream/lane_phase_reg[15][7]/C","sfo/two_pass_transport/first_resampling/engine/core/stream/lane_phase_reg[13][20]/CE","clk150","clk150","6.742","18","-0.008","0.035"
"clk150","-0.180","6.667","sfo/two_pass_transport/first_resampling/engine/core/stream/lane_phase_reg[15][7]/C","sfo/two_pass_transport/first_resampling/engine/core/stream/lane_phase_reg[13][22]/CE","clk150","clk150","6.742","18","-0.008","0.035"
"clk150","-0.180","6.667","sfo/two_pass_transport/first_resampling/engine/core/stream/lane_phase_reg[15][7]/C","sfo/two_pass_transport/first_resampling/engine/core/stream/lane_phase_reg[13][23]/CE","clk150","clk150","6.742","18","-0.008","0.035"
"clk150","-0.180","6.667","sfo/two_pass_transport/first_resampling/engine/core/stream/lane_phase_reg[15][7]/C","sfo/two_pass_transport/first_resampling/engine/core/stream/lane_phase_reg[13][24]/CE","clk150","clk150","6.742","18","-0.008","0.035"
"clk500","-0.180","2.000","cfo/observation_front/fft_core/m_generation_reg[9]/C","cfo/observation_front/fft_core/input_index_reg[3]/CE","clk500","clk500","2.075","6","-0.009","0.035"
"clk500","-0.180","2.000","cfo/observation_front/fft_core/m_generation_reg[9]/C","cfo/observation_front/fft_core/input_index_reg[6]/CE","clk500","clk500","2.075","6","-0.009","0.035"
"clk500","-0.180","2.000","sfo/residual_estimator/front_stage/main/service/u_xfft/U0/i_synth/axi_wrapper/reset_pipe_reg[1]/C","sfo/residual_estimator/front_stage/main/service/u_xfft/U0/i_synth/axi_wrapper/data_out_channel/gen_real_time.data_out_reg[1]/CE","clk500","clk500","2.075","1","-0.010","0.035"
"clk500","-0.180","2.000","sfo/residual_estimator/front_stage/main/service/u_xfft/U0/i_synth/axi_wrapper/reset_pipe_reg[1]/C","sfo/residual_estimator/front_stage/main/service/u_xfft/U0/i_synth/axi_wrapper/data_out_channel/gen_real_time.data_out_reg[29]/CE","clk500","clk500","2.075","1","-0.010","0.035"
"clk500","-0.180","2.000","sfo/residual_estimator/front_stage/main/service/u_xfft/U0/i_synth/axi_wrapper/reset_pipe_reg[1]/C","sfo/residual_estimator/front_stage/main/service/u_xfft/U0/i_synth/axi_wrapper/data_out_channel/gen_real_time.data_out_reg[32]/CE","clk500","clk500","2.075","1","-0.010","0.035"
"clk500","-0.180","2.000","sfo/residual_estimator/front_stage/main/service/u_xfft/U0/i_synth/axi_wrapper/reset_pipe_reg[1]/C","sfo/residual_estimator/front_stage/main/service/u_xfft/U0/i_synth/axi_wrapper/data_out_channel/gen_real_time.data_out_reg[5]/CE","clk500","clk500","2.075","1","-0.010","0.035"
"clk500","-0.180","2.000","sfo/residual_estimator/front_stage/main/service/u_xfft/U0/i_synth/axi_wrapper/reset_pipe_reg[1]/C","sfo/residual_estimator/front_stage/main/service/u_xfft/U0/i_synth/axi_wrapper/data_out_channel/gen_real_time.data_out_reg[28]/CE","clk500","clk500","2.076","1","-0.010","0.035"
"clk500","-0.180","2.000","sfo/residual_estimator/front_stage/main/service/u_xfft/U0/i_synth/axi_wrapper/reset_pipe_reg[1]/C","sfo/residual_estimator/front_stage/main/service/u_xfft/U0/i_synth/axi_wrapper/data_out_channel/gen_real_time.data_out_reg[30]/CE","clk500","clk500","2.076","1","-0.010","0.035"
"clk500","-0.180","2.000","sfo/residual_estimator/front_stage/main/service/u_xfft/U0/i_synth/axi_wrapper/reset_pipe_reg[1]/C","sfo/residual_estimator/front_stage/main/service/u_xfft/U0/i_synth/axi_wrapper/data_out_channel/gen_real_time.data_out_reg[3]/CE","clk500","clk500","2.076","1","-0.010","0.035"
"clk500","-0.180","2.000","sfo/residual_estimator/front_stage/main/service/u_xfft/U0/i_synth/axi_wrapper/reset_pipe_reg[1]/C","sfo/residual_estimator/front_stage/main/service/u_xfft/U0/i_synth/axi_wrapper/data_out_channel/gen_real_time.data_out_reg[9]/CE","clk500","clk500","2.076","1","-0.010","0.035"
"clk150","-0.180","6.667","sfo/two_pass_transport/first_resampling/engine/core/stream/lane_phase_reg[0][20]/C","sfo/two_pass_transport/first_resampling/engine/core/stream/arithmetic/real_channel[0].u_real/pre_da/g18.u_add/U0/xst_addsub/i_baseblox.i_baseblox_addsub/no_pipelining.the_addsub/i_lut6.i_lut6_addsub/i_q.i_simple.qreg/i_no_async_controls.output_reg[13]/D","clk150","clk150","6.824","9","-0.009","0.035"
"clk150","-0.180","6.667","sfo/two_pass_transport/first_resampling/engine/core/stream/lane_phase_reg[15][7]/C","sfo/two_pass_transport/first_resampling/engine/core/stream/lane_phase_reg[2][27]/CE","clk150","clk150","6.741","18","-0.007","0.035"
"clk150","-0.180","6.667","sfo/two_pass_transport/first_resampling/engine/core/stream/lane_phase_reg[15][7]/C","sfo/two_pass_transport/first_resampling/engine/core/stream/lane_phase_reg[2][29]/CE","clk150","clk150","6.741","18","-0.007","0.035"
"clk150","-0.180","6.667","sfo/two_pass_transport/first_resampling/engine/core/stream/lane_phase_reg[15][7]/C","sfo/two_pass_transport/first_resampling/engine/core/stream/lane_phase_reg[2][31]/CE","clk150","clk150","6.741","18","-0.007","0.035"
"clk500","-0.179","2.000","cfo/observation_front/fft_core/m_generation_reg[9]/C","cfo/observation_front/fft_core/input_index_reg[8]/CE","clk500","clk500","2.075","6","-0.009","0.035"
"clk150","-0.179","6.667","sfo/two_pass_transport/second_resampling/engine/core/stream/lane_phase_reg[14][19]/C","sfo/two_pass_transport/second_resampling/engine/core/stream/arithmetic/real_channel[28].u_real/pre_ab2/g18.u_add/U0/xst_addsub/i_baseblox.i_baseblox_addsub/no_pipelining.the_addsub/i_lut6.i_lut6_addsub/i_q.i_simple.qreg/i_no_async_controls.output_reg[14]/D","clk150","clk150","6.826","8","-0.010","0.035"
"clk150","-0.179","6.667","sfo/two_pass_transport/intermediate[0].intermediate_bank/write_next_reg[18]/C","sfo/two_pass_transport/intermediate[0].intermediate_bank/memory/u_frame_memory/xpm_memory_base_inst/gen_wr_a.gen_word_narrow.mem_reg_uram_121/CAS_IN_ADDR_B[18]","clk150","clk150","6.480","7","0.034","0.035"
"clk150","-0.179","6.667","sfo/two_pass_transport/first_resampling/engine/pack/m_data_reg[76]/C","sfo/two_pass_transport/intermediate[0].intermediate_bank/memory/u_frame_memory/xpm_memory_base_inst/gen_wr_a.gen_word_narrow.mem_reg_uram_121/CAS_IN_DIN_B[4]","clk150","clk150","6.546","7","0.034","0.035"
"clk150","-0.179","6.667","sfo/two_pass_transport/first_resampling/engine/pack/m_data_reg[121]/C","sfo/two_pass_transport/intermediate[0].intermediate_bank/memory/u_frame_memory/xpm_memory_base_inst/gen_wr_a.gen_word_narrow.mem_reg_uram_121/CAS_IN_DIN_B[49]","clk150","clk150","6.572","7","0.035","0.035"
"clk150","-0.178","6.667","sfo/two_pass_transport/second_resampling/engine/core/stream/lane_phase_reg[0][3]/C","sfo/two_pass_transport/second_resampling/engine/core/fir15_interpolator/q_core/U0/i_synth/g_polyphase_interpolation_sym_ssr.i_polyphase_interpolation_sym_ssr/g_m_data_chan_fifo.i_m_data_chan_fifo/fifo0/fifo_2_reg[157]/CE","clk150","clk150","6.742","17","-0.007","0.035"
"clk150","-0.178","6.667","sfo/two_pass_transport/second_resampling/engine/core/stream/lane_phase_reg[0][3]/C","sfo/two_pass_transport/second_resampling/engine/core/fir15_interpolator/q_core/U0/i_synth/g_polyphase_interpolation_sym_ssr.i_polyphase_interpolation_sym_ssr/g_m_data_chan_fifo.i_m_data_chan_fifo/fifo0/fifo_2_reg[158]/CE","clk150","clk150","6.742","17","-0.007","0.035"
"clk150","-0.178","6.667","sfo/two_pass_transport/second_resampling/engine/core/stream/lane_phase_reg[0][3]/C","sfo/two_pass_transport/second_resampling/engine/core/fir15_interpolator/q_core/U0/i_synth/g_polyphase_interpolation_sym_ssr.i_polyphase_interpolation_sym_ssr/g_m_data_chan_fifo.i_m_data_chan_fifo/fifo0/fifo_2_reg[159]/CE","clk150","clk150","6.742","17","-0.007","0.035"
"clk150","-0.178","6.667","sfo/two_pass_transport/second_resampling/engine/core/stream/lane_phase_reg[0][3]/C","sfo/two_pass_transport/second_resampling/engine/core/fir15_interpolator/q_core/U0/i_synth/g_polyphase_interpolation_sym_ssr.i_polyphase_interpolation_sym_ssr/g_m_data_chan_fifo.i_m_data_chan_fifo/fifo0/fifo_2_reg[160]/CE","clk150","clk150","6.742","17","-0.007","0.035"
"clk500","-0.178","2.000","cfo/observation_front/m_frame_reg[11]/C","cfo/estimator/expected_window_reg[1]/CE","clk500","clk500","2.075","6","-0.008","0.035"
"clk500","-0.178","2.000","cfo/observation_front/m_frame_reg[11]/C","cfo/estimator/expected_window_reg[2]/CE","clk500","clk500","2.076","6","-0.008","0.035"
"clk500","-0.178","2.000","cfo/observation_front/m_frame_reg[11]/C","cfo/estimator/expected_window_reg[3]/CE","clk500","clk500","2.075","6","-0.008","0.035"
"clk500","-0.178","2.000","cfo/observation_front/m_frame_reg[11]/C","cfo/estimator/expected_window_reg[4]/CE","clk500","clk500","2.076","6","-0.008","0.035"
"clk500","-0.178","2.000","sfo/residual_estimator/aux_service/u_xfft/U0/i_synth/axi_wrapper/symbols_out_remaining_reg[9]/C","sfo/residual_estimator/aux_service/u_xfft/U0/i_synth/axi_wrapper/gen_status_channel.gen_status_ovflo.status_fifo_write_desired_reg/D","clk500","clk500","2.161","3","-0.007","0.035"
"clk500","-0.178","2.000","sfo/residual_estimator/front_stage/main/service/u_xfft/U0/i_synth/axi_wrapper/sclr_int_reg/C","sfo/residual_estimator/front_stage/main/service/u_xfft/U0/i_synth/xfft_inst/non_floating_point.arch_d.xfft_inst/FLOW/reset_sustain.resets_4_pes[4].delay_reset_pe/count_addsub_reg[0].addsub_reg/R","clk500","clk500","2.060","0","-0.009","0.035"
"clk500","-0.178","2.000","sfo/residual_estimator/front_stage/main/service/u_xfft/U0/i_synth/axi_wrapper/sclr_int_reg/C","sfo/residual_estimator/front_stage/main/service/u_xfft/U0/i_synth/xfft_inst/non_floating_point.arch_d.xfft_inst/FLOW/reset_sustain.resets_4_pes[4].delay_reset_pe/count_addsub_reg[1].addsub_reg/R","clk500","clk500","2.060","0","-0.009","0.035"
"clk500","-0.178","2.000","sfo/residual_estimator/front_stage/main/service/u_xfft/U0/i_synth/axi_wrapper/sclr_int_reg/C","sfo/residual_estimator/front_stage/main/service/u_xfft/U0/i_synth/xfft_inst/non_floating_point.arch_d.xfft_inst/FLOW/reset_sustain.resets_4_pes[4].delay_reset_pe/count_addsub_reg[2].addsub_reg/R","clk500","clk500","2.060","0","-0.009","0.035"
"clk500","-0.178","2.000","sfo/residual_estimator/front_stage/main/service/u_xfft/U0/i_synth/axi_wrapper/sclr_int_reg/C","sfo/residual_estimator/front_stage/main/service/u_xfft/U0/i_synth/xfft_inst/non_floating_point.arch_d.xfft_inst/FLOW/reset_sustain.resets_4_pes[4].delay_reset_pe/count_addsub_reg[3].addsub_reg/R","clk500","clk500","2.060","0","-0.009","0.035"
"clk150","-0.178","6.667","sfo/two_pass_transport/shared_raw.hub/raw_store/ram_ra_reg[14]/C","sfo/two_pass_transport/shared_raw.hub/raw_store/memory/u_frame_memory/xpm_memory_base_inst/gen_wr_a.gen_word_narrow.mem_reg_uram_23/CAS_IN_ADDR_A[14]","clk150","clk150","6.327","7","0.034","0.035"
"clk150","-0.177","6.667","sfo/two_pass_transport/first_resampling/engine/core/stream/lane_phase_reg[15][7]/C","sfo/two_pass_transport/first_resampling/engine/core/stream/lane_phase_reg[10][4]/D","clk150","clk150","6.823","18","-0.008","0.035"
"clk500","-0.177","2.000","cfo/observation_front/fft_core/FSM_sequential_state_reg[1]_rep/C","cfo/observation_front/fft_core/ar3_reg[15]/CE","clk500","clk500","2.074","1","-0.008","0.035"
"clk500","-0.177","2.000","sfo/residual_estimator/front_stage/main/service/u_xfft/U0/i_synth/axi_wrapper/sclr_int_reg/C","sfo/residual_estimator/front_stage/main/service/u_xfft/U0/i_synth/xfft_inst/non_floating_point.arch_d.xfft_inst/FLOW/reset_sustain.resets_4_pes[4].delay_reset_pe/count_addsub_reg[4].addsub_reg/R","clk500","clk500","2.059","0","-0.009","0.035"
"clk150","-0.177","6.667","sfo/two_pass_transport/first_resampling/engine/core/stream/lane_phase_reg[0][20]/C","sfo/two_pass_transport/first_resampling/engine/core/stream/arithmetic/real_channel[0].u_real/pre_da/g18.u_add/U0/xst_addsub/i_baseblox.i_baseblox_addsub/no_pipelining.the_addsub/i_lut6.i_lut6_addsub/i_q.i_simple.qreg/i_no_async_controls.output_reg[12]/D","clk150","clk150","6.821","9","-0.009","0.035"
"clk150","-0.177","6.667","sfo/two_pass_transport/first_resampling/engine/core/stream/lane_phase_reg[15][7]/C","sfo/two_pass_transport/first_resampling/engine/core/stream/lane_phase_reg[10][10]/D","clk150","clk150","6.823","18","-0.007","0.035"
"clk150","-0.177","6.667","sfo/two_pass_transport/first_resampling/engine/core/stream/lane_phase_reg[15][7]/C","sfo/two_pass_transport/first_resampling/engine/core/stream/lane_phase_reg[13][3]/D","clk150","clk150","6.823","18","-0.007","0.035"
"clk150","-0.176","6.667","sfo/two_pass_transport/first_resampling/engine/core/stream/lane_phase_reg[15][7]/C","sfo/two_pass_transport/first_resampling/engine/core/stream/lane_phase_reg[13][32]/D","clk150","clk150","6.822","18","-0.008","0.035"
"clk500","-0.176","2.000","sfo/residual_estimator/aux_service/u_xfft/U0/i_synth/xfft_inst/non_floating_point.arch_d.xfft_inst/timing_cnts_has_nfft.run_time_sel_reg[4]/C","sfo/residual_estimator/aux_service/u_xfft/U0/i_synth/xfft_inst/non_floating_point.arch_d.xfft_inst/pe_gen[3].natural_order_input.PE/bypass_muxes.din_im_mux_gen[1].reg/D","clk500","clk500","2.156","1","-0.010","0.035"
"clk500","-0.176","2.000","sfo/residual_estimator/front_stage/main/service/u_xfft/U0/i_synth/xfft_inst/non_floating_point.arch_d.xfft_inst/reset_delays[1].other.reset_del_reg[1]/C","sfo/residual_estimator/front_stage/main/service/u_xfft/U0/i_synth/xfft_inst/non_floating_point.arch_d.xfft_inst/pe_gen[1].natural_order_input.PE/has_ovflo_control.delay_ovflo_valid/need_sclr_lut.real_shift_ram.FF_gen[0].reg/D","clk500","clk500","2.156","1","-0.010","0.035"
"clk150","-0.176","6.667","sfo/two_pass_transport/first_resampling/engine/core/stream/lane_phase_reg[13][13]/C","sfo/two_pass_transport/first_resampling/engine/core/stream/arithmetic/real_channel[26].u_real/pre_da/g18.u_add/U0/xst_addsub/i_baseblox.i_baseblox_addsub/no_pipelining.the_addsub/i_lut6.i_lut6_addsub/i_q.i_simple.qreg/i_no_async_controls.output_reg[16]/D","clk150","clk150","6.824","11","-0.009","0.035"
"clk150","-0.176","6.667","sfo/two_pass_transport/first_resampling/engine/core/stream/lane_phase_reg[15][7]/C","sfo/two_pass_transport/first_resampling/engine/core/stream/lane_phase_reg[13][6]/D","clk150","clk150","6.822","18","-0.008","0.035"
"clk150","-0.176","6.667","sfo/two_pass_transport/second_resampling/engine/core/stream/lane_phase_reg[0][3]/C","sfo/two_pass_transport/second_resampling/engine/core/fir15_interpolator/q_core/U0/i_synth/g_polyphase_interpolation_sym_ssr.i_polyphase_interpolation_sym_ssr/g_m_data_chan_fifo.i_m_data_chan_fifo/fifo0/fifo_2_reg[153]/CE","clk150","clk150","6.740","17","-0.007","0.035"
"clk150","-0.176","6.667","sfo/two_pass_transport/second_resampling/engine/core/stream/lane_phase_reg[0][3]/C","sfo/two_pass_transport/second_resampling/engine/core/fir15_interpolator/q_core/U0/i_synth/g_polyphase_interpolation_sym_ssr.i_polyphase_interpolation_sym_ssr/g_m_data_chan_fifo.i_m_data_chan_fifo/fifo0/fifo_2_reg[154]/CE","clk150","clk150","6.740","17","-0.007","0.035"
"clk150","-0.176","6.667","sfo/two_pass_transport/second_resampling/engine/core/stream/lane_phase_reg[0][3]/C","sfo/two_pass_transport/second_resampling/engine/core/fir15_interpolator/q_core/U0/i_synth/g_polyphase_interpolation_sym_ssr.i_polyphase_interpolation_sym_ssr/g_m_data_chan_fifo.i_m_data_chan_fifo/fifo0/fifo_2_reg[155]/CE","clk150","clk150","6.740","17","-0.007","0.035"
"clk150","-0.176","6.667","sfo/two_pass_transport/second_resampling/engine/core/stream/lane_phase_reg[0][3]/C","sfo/two_pass_transport/second_resampling/engine/core/fir15_interpolator/q_core/U0/i_synth/g_polyphase_interpolation_sym_ssr.i_polyphase_interpolation_sym_ssr/g_m_data_chan_fifo.i_m_data_chan_fifo/fifo0/fifo_2_reg[156]/CE","clk150","clk150","6.740","17","-0.007","0.035"
"clk150","-0.176","6.667","sfo/two_pass_transport/intermediate[0].intermediate_bank/write_gen_reg[17]/C","sfo/two_pass_transport/intermediate[0].intermediate_bank/memory/u_frame_memory/xpm_memory_base_inst/gen_wr_a.gen_word_narrow.mem_reg_uram_94/CAS_IN_EN_A","clk150","clk150","6.403","10","0.035","0.035"
"clk150","-0.176","6.667","sfo/two_pass_transport/first_resampling/engine/core/stream/lane_phase_reg[0][20]/C","sfo/two_pass_transport/first_resampling/engine/core/stream/arithmetic/real_channel[0].u_real/pre_bc/g18.u_add/U0/xst_addsub/i_baseblox.i_baseblox_addsub/no_pipelining.the_addsub/i_lut6.i_lut6_addsub/i_q.i_simple.qreg/i_no_async_controls.output_reg[8]/D","clk150","clk150","6.820","8","-0.009","0.035"
"clk150","-0.176","6.667","sfo/two_pass_transport/first_resampling/engine/core/stream/lane_phase_reg[0][20]/C","sfo/two_pass_transport/first_resampling/engine/core/stream/arithmetic/real_channel[1].u_real/pre_bc/g18.u_add/U0/xst_addsub/i_baseblox.i_baseblox_addsub/no_pipelining.the_addsub/i_lut6.i_lut6_addsub/i_q.i_simple.qreg/i_no_async_controls.output_reg[13]/D","clk150","clk150","6.820","10","-0.009","0.035"
"clk150","-0.175","6.667","sfo/two_pass_transport/first_resampling/engine/core/stream/lane_phase_reg[11][15]/C","sfo/two_pass_transport/first_resampling/engine/core/stream/arithmetic/real_channel[23].u_real/pre_ab2/g18.u_add/U0/xst_addsub/i_baseblox.i_baseblox_addsub/no_pipelining.the_addsub/i_lut6.i_lut6_addsub/i_q.i_simple.qreg/i_no_async_controls.output_reg[16]/D","clk150","clk150","6.822","11","-0.010","0.035"
"clk150","-0.175","6.667","sfo/two_pass_transport/first_resampling/engine/core/stream/lane_phase_reg[11][15]/C","sfo/two_pass_transport/first_resampling/engine/core/stream/arithmetic/real_channel[23].u_real/pre_ab2/g18.u_add/U0/xst_addsub/i_baseblox.i_baseblox_addsub/no_pipelining.the_addsub/i_lut6.i_lut6_addsub/i_q.i_simple.qreg/i_no_async_controls.output_reg[18]/D","clk150","clk150","6.822","12","-0.010","0.035"
"clk500","-0.175","2.000","cfo/windows/packed_windows/fifo/gnuram_async_fifo.xpm_fifo_base_inst/rdp_inst/count_value_i_reg[7]/C","cfo/windows/packed_windows/fifo/gnuram_async_fifo.xpm_fifo_base_inst/gen_sdpram.xpm_memory_base_inst/gen_wr_a.gen_word_narrow.mem_reg_bram_0/ADDRBWRADDR[12]","clk500","clk500","1.866","0","0.010","0.035"
"clk150","-0.175","6.667","sfo/two_pass_transport/first_resampling/engine/core/stream/lane_phase_reg[13][13]/C","sfo/two_pass_transport/first_resampling/engine/core/stream/arithmetic/real_channel[26].u_real/pre_da/g18.u_add/U0/xst_addsub/i_baseblox.i_baseblox_addsub/no_pipelining.the_addsub/i_lut6.i_lut6_addsub/i_q.i_simple.qreg/i_no_async_controls.output_reg[14]/D","clk150","clk150","6.823","11","-0.009","0.035"
"clk150","-0.175","6.667","sfo/two_pass_transport/intermediate[0].intermediate_bank/write_gen_reg[17]/C","sfo/two_pass_transport/intermediate[0].intermediate_bank/memory/u_frame_memory/xpm_memory_base_inst/gen_wr_a.gen_word_narrow.mem_reg_uram_160/CAS_IN_BWE_B[3]","clk150","clk150","6.500","12","0.035","0.035"
"clk150","-0.175","6.667","sfo/two_pass_transport/intermediate[0].intermediate_bank/write_gen_reg[17]/C","sfo/two_pass_transport/intermediate[0].intermediate_bank/memory/u_frame_memory/xpm_memory_base_inst/gen_wr_a.gen_word_narrow.mem_reg_uram_94/CAS_IN_BWE_B[2]","clk150","clk150","6.536","10","0.035","0.035"
"clk150","-0.174","6.667","sfo/two_pass_transport/first_resampling/engine/core/stream/lane_phase_reg[11][15]/C","sfo/two_pass_transport/first_resampling/engine/core/stream/arithmetic/real_channel[23].u_real/pre_ab2/g18.u_add/U0/xst_addsub/i_baseblox.i_baseblox_addsub/no_pipelining.the_addsub/i_lut6.i_lut6_addsub/i_q.i_simple.qreg/i_no_async_controls.output_reg[14]/D","clk150","clk150","6.821","11","-0.010","0.035"
"clk150","-0.174","6.667","sfo/two_pass_transport/first_resampling/engine/core/stream/lane_phase_reg[15][7]/C","sfo/two_pass_transport/first_resampling/engine/core/stream/lane_phase_reg[5][10]/D","clk150","clk150","6.820","18","-0.008","0.035"
"clk500","-0.174","2.000","cfo/observation_front/fft_core/FSM_sequential_state_reg[0]/C","cfo/observation_front/fft_core/ar5_reg[17]/CE","clk500","clk500","2.070","1","-0.009","0.035"
"clk500","-0.174","2.000","cfo/observation_front/fft_core/FSM_sequential_state_reg[0]/C","cfo/observation_front/fft_core/ar5_reg[23]/CE","clk500","clk500","2.070","1","-0.009","0.035"
"clk500","-0.174","2.000","sfo/residual_estimator/aux_service/u_xfft/U0/i_synth/xfft_inst/non_floating_point.arch_d.xfft_inst/timing_cnts_has_nfft.duplicate_regs[6].other.nfft_regs[0].nfft_regs_fde/C","sfo/residual_estimator/aux_service/u_xfft/U0/i_synth/xfft_inst/non_floating_point.arch_d.xfft_inst/has_bit_reverse.var_pt_size_muxed_addresses.left_shifter/r14.shifter/use_mux16.use_lut6.sixteen_to_one_mux[3].use_output_reg_and_pipe_reg.reg0/D","clk500","clk500","2.154","3","-0.010","0.035"
"clk500","-0.174","2.000","sfo/residual_estimator/aux_service/u_xfft/U0/i_synth/axi_wrapper/sclr_int_reg/C","sfo/residual_estimator/aux_service/u_xfft/U0/i_synth/xfft_inst/non_floating_point.arch_d.xfft_inst/has_bit_reverse.pe_natural_out_reg[27]/R","clk500","clk500","2.055","1","-0.010","0.035"
"clk500","-0.174","2.000","sfo/residual_estimator/aux_service/u_xfft/U0/i_synth/axi_wrapper/sclr_int_reg/C","sfo/residual_estimator/aux_service/u_xfft/U0/i_synth/xfft_inst/non_floating_point.arch_d.xfft_inst/has_bit_reverse.pe_natural_out_reg[31]/R","clk500","clk500","2.055","1","-0.010","0.035"
"clk150","-0.174","6.667","sfo/two_pass_transport/intermediate[0].intermediate_bank/write_gen_reg[17]/C","sfo/two_pass_transport/intermediate[0].intermediate_bank/memory/u_frame_memory/xpm_memory_base_inst/gen_wr_a.gen_word_narrow.mem_reg_uram_105/CAS_IN_BWE_B[1]","clk150","clk150","6.535","13","0.035","0.035"
"clk150","-0.174","6.667","sfo/two_pass_transport/intermediate[0].intermediate_bank/write_gen_reg[17]/C","sfo/two_pass_transport/intermediate[0].intermediate_bank/memory/u_frame_memory/xpm_memory_base_inst/gen_wr_a.gen_word_narrow.mem_reg_uram_94/CAS_IN_EN_B","clk150","clk150","6.552","10","0.035","0.035"
"clk150","-0.174","6.667","poison_sync/syncstages_ff_reg[3]/C","cfo/coarse_banks[1].memory/u_frame_memory/xpm_memory_base_inst/gen_wr_a.gen_word_narrow.mem_reg_uram_6/CAS_IN_BWE_B[8]","clk150","clk150","6.423","11","0.035","0.035"
"clk150","-0.174","6.667","sfo/two_pass_transport/first_resampling/engine/core/stream/lane_phase_reg[0][20]/C","sfo/two_pass_transport/first_resampling/engine/core/stream/arithmetic/real_channel[0].u_real/pre_bc/g18.u_add/U0/xst_addsub/i_baseblox.i_baseblox_addsub/no_pipelining.the_addsub/i_lut6.i_lut6_addsub/i_q.i_simple.qreg/i_no_async_controls.output_reg[6]/D","clk150","clk150","6.818","8","-0.009","0.035"
"clk500","-0.173","2.000","sfo/residual_estimator/front_stage/main/service/u_egress_fifo/gnuram_async_fifo.xpm_fifo_base_inst/xpm_fifo_rst_inst/gen_rst_ic.wr_rst_busy_ic_reg/C","sfo/residual_estimator/front_stage/main/service/u_egress_fifo/gnuram_async_fifo.xpm_fifo_base_inst/wrp_inst/count_value_i_reg[5]/D","clk500","clk500","2.153","5","-0.010","0.035"
"clk500","-0.173","2.000","cfo/observation_front/fft_core/m_generation_reg[9]/C","cfo/observation_front/fft_core/m_index_reg[1]/CE","clk500","clk500","2.068","6","-0.010","0.035"
"clk500","-0.173","2.000","sfo/residual_estimator/aux_service/u_xfft/U0/i_synth/xfft_inst/non_floating_point.arch_d.xfft_inst/timing_cnts_has_nfft.run_time_sel_reg[4]/C","sfo/residual_estimator/aux_service/u_xfft/U0/i_synth/xfft_inst/non_floating_point.arch_d.xfft_inst/pe_gen[3].natural_order_input.PE/bypass_muxes.din_im_mux_gen[12].reg/D","clk500","clk500","2.154","1","-0.009","0.035"
"clk500","-0.173","2.000","sfo/residual_estimator/front_stage/main/service/u_xfft/U0/i_synth/xfft_inst/non_floating_point.arch_d.xfft_inst/reset_delays[1].other.reset_del_reg[1]/C","sfo/residual_estimator/front_stage/main/service/u_xfft/U0/i_synth/xfft_inst/non_floating_point.arch_d.xfft_inst/pe_gen[1].natural_order_input.PE/has_ovflo_control.delay_ovflo_start/need_sclr_lut.real_shift_ram.FF_gen[0].reg/D","clk500","clk500","2.153","1","-0.010","0.035"
"clk150","-0.173","6.667","sfo/two_pass_transport/first_resampling/engine/core/stream/lane_phase_reg[0][20]/C","sfo/two_pass_transport/first_resampling/engine/core/stream/arithmetic/real_channel[1].u_real/pre_bc/g18.u_add/U0/xst_addsub/i_baseblox.i_baseblox_addsub/no_pipelining.the_addsub/i_lut6.i_lut6_addsub/i_q.i_simple.qreg/i_no_async_controls.output_reg[12]/D","clk150","clk150","6.817","10","-0.009","0.035"
"clk150","-0.173","6.667","sfo/two_pass_transport/first_resampling/engine/core/stream/lane_phase_reg[0][20]/C","sfo/two_pass_transport/first_resampling/engine/core/stream/arithmetic/real_channel[1].u_real/pre_ca/g18.u_add/U0/xst_addsub/i_baseblox.i_baseblox_addsub/no_pipelining.the_addsub/i_lut6.i_lut6_addsub/i_q.i_simple.qreg/i_no_async_controls.output_reg[8]/D","clk150","clk150","6.817","9","-0.009","0.035"
"clk150","-0.172","6.667","sfo/two_pass_transport/first_resampling/engine/pack/m_data_reg[117]/C","sfo/two_pass_transport/intermediate[0].intermediate_bank/memory/u_frame_memory/xpm_memory_base_inst/gen_wr_a.gen_word_narrow.mem_reg_uram_97/CAS_IN_DIN_B[45]","clk150","clk150","6.505","7","0.035","0.035"
"clk150","-0.172","6.667","sfo/two_pass_transport/intermediate[0].intermediate_bank/write_gen_reg[17]/C","sfo/two_pass_transport/intermediate[0].intermediate_bank/memory/u_frame_memory/xpm_memory_base_inst/gen_wr_a.gen_word_narrow.mem_reg_uram_129/CAS_IN_BWE_B[4]","clk150","clk150","6.436","13","0.035","0.035"
"clk150","-0.171","6.667","sfo/two_pass_transport/first_resampling/engine/core/stream/lane_phase_reg[13][13]/C","sfo/two_pass_transport/first_resampling/engine/core/stream/arithmetic/real_channel[26].u_real/pre_ab2/g18.u_add/U0/xst_addsub/i_baseblox.i_baseblox_addsub/no_pipelining.the_addsub/i_lut6.i_lut6_addsub/i_q.i_simple.qreg/i_no_async_controls.output_reg[15]/D","clk150","clk150","6.819","11","-0.009","0.035"
"clk150","-0.171","6.667","sfo/two_pass_transport/first_resampling/engine/core/stream/lane_phase_reg[15][7]/C","sfo/two_pass_transport/first_resampling/engine/core/stream/lane_phase_reg[10][11]/D","clk150","clk150","6.817","18","-0.007","0.035"
"clk150","-0.171","6.667","sfo/two_pass_transport/first_resampling/engine/core/stream/lane_phase_reg[0][20]/C","sfo/two_pass_transport/first_resampling/engine/core/stream/arithmetic/real_channel[1].u_real/pre_ca/g18.u_add/U0/xst_addsub/i_baseblox.i_baseblox_addsub/no_pipelining.the_addsub/i_lut6.i_lut6_addsub/i_q.i_simple.qreg/i_no_async_controls.output_reg[6]/D","clk150","clk150","6.815","9","-0.009","0.035"
"clk500","-0.170","2.000","cfo/observation_front/fft_core/FSM_sequential_state_reg[1]_rep/C","cfo/observation_front/fft_core/ai2_reg[0]/CE","clk500","clk500","2.067","1","-0.008","0.035"
"clk500","-0.170","2.000","cfo/observation_front/fft_core/FSM_sequential_state_reg[1]_rep/C","cfo/observation_front/fft_core/ar2_reg[15]/CE","clk500","clk500","2.067","1","-0.008","0.035"
"clk500","-0.170","2.000","cfo/observation_front/fft_core/FSM_sequential_state_reg[0]/C","cfo/observation_front/fft_core/pr5_reg[16]/CE","clk500","clk500","2.066","1","-0.008","0.035"
"clk500","-0.170","2.000","cfo/observation_front/fft_core/FSM_sequential_state_reg[0]/C","cfo/observation_front/fft_core/pr5_reg[17]/CE","clk500","clk500","2.066","1","-0.008","0.035"
"clk500","-0.170","2.000","cfo/observation_front/fft_core/FSM_sequential_state_reg[0]/C","cfo/observation_front/fft_core/pr5_reg[18]/CE","clk500","clk500","2.066","1","-0.008","0.035"
"clk500","-0.170","2.000","cfo/observation_front/fft_core/FSM_sequential_state_reg[0]/C","cfo/observation_front/fft_core/pr5_reg[19]/CE","clk500","clk500","2.066","1","-0.008","0.035"
"clk150","-0.170","6.667","poison_sync/syncstages_ff_reg[3]/C","cfo/coarse_banks[1].memory/u_frame_memory/xpm_memory_base_inst/gen_wr_a.gen_word_narrow.mem_reg_uram_31/CAS_IN_BWE_B[2]","clk150","clk150","6.531","12","0.035","0.035"
"clk150","-0.170","6.667","sfo/two_pass_transport/first_resampling/engine/core/stream/lane_phase_reg[0][20]/C","sfo/two_pass_transport/first_resampling/engine/core/stream/arithmetic/real_channel[0].u_real/pre_da/g18.u_add/U0/xst_addsub/i_baseblox.i_baseblox_addsub/no_pipelining.the_addsub/i_lut6.i_lut6_addsub/i_q.i_simple.qreg/i_no_async_controls.output_reg[10]/D","clk150","clk150","6.814","9","-0.009","0.035"
"clk150","-0.169","6.667","sfo/two_pass_transport/first_resampling/engine/core/stream/lane_phase_reg[11][15]/C","sfo/two_pass_transport/first_resampling/engine/core/stream/arithmetic/real_channel[23].u_real/pre_da/g18.u_add/U0/xst_addsub/i_baseblox.i_baseblox_addsub/no_pipelining.the_addsub/i_lut6.i_lut6_addsub/i_q.i_simple.qreg/i_no_async_controls.output_reg[13]/D","clk150","clk150","6.816","11","-0.010","0.035"
"clk500","-0.169","2.000","sfo/residual_estimator/front_stage/main/service/u_xfft/U0/i_synth/axi_wrapper/sclr_int_reg/C","sfo/residual_estimator/front_stage/main/service/u_xfft/U0/i_synth/xfft_inst/non_floating_point.arch_d.xfft_inst/pe_gen[5].natural_order_input.PE/overflow.has_nfft_ovflo_reg.ovflo_reg/no_sclr_lut.depth1_shift_ram.with_sclr.Qsr_reg[0]/R","clk500","clk500","2.051","0","-0.009","0.035"
"clk500","-0.169","2.000","sfo/initial_estimator/owner/fft/u_xfft/U0/i_synth/axi_wrapper/sclr_int_reg/C","sfo/initial_estimator/owner/fft/u_xfft/U0/i_synth/xfft_inst/non_floating_point.arch_d.xfft_inst/FLOW/start_reg_reg/R","clk500","clk500","2.053","0","-0.007","0.035"
"clk150","-0.169","6.667","cfo/coarse_rotation/output4_reg[89]/C","cfo/coarse_banks[1].memory/u_frame_memory/xpm_memory_base_inst/gen_wr_a.gen_word_narrow.mem_reg_uram_161/CAS_IN_DIN_B[17]","clk150","clk150","6.475","7","0.034","0.035"
"clk150","-0.169","6.667","sfo/two_pass_transport/intermediate[0].intermediate_bank/write_gen_reg[17]/C","sfo/two_pass_transport/intermediate[0].intermediate_bank/memory/u_frame_memory/xpm_memory_base_inst/gen_wr_a.gen_word_narrow.mem_reg_uram_129/CAS_IN_BWE_B[2]","clk150","clk150","6.530","13","0.035","0.035"
"clk150","-0.169","6.667","sfo/two_pass_transport/intermediate[0].intermediate_bank/write_gen_reg[17]/C","sfo/two_pass_transport/intermediate[0].intermediate_bank/memory/u_frame_memory/xpm_memory_base_inst/gen_wr_a.gen_word_narrow.mem_reg_uram_145/CAS_IN_BWE_B[6]","clk150","clk150","6.487","13","0.035","0.035"
"clk150","-0.169","6.667","poison_sync/syncstages_ff_reg[3]/C","cfo/coarse_banks[1].memory/u_frame_memory/xpm_memory_base_inst/gen_wr_a.gen_word_narrow.mem_reg_uram_31/CAS_IN_BWE_B[4]","clk150","clk150","6.433","12","0.035","0.035"
"clk150","-0.168","6.667","sfo/two_pass_transport/first_resampling/engine/core/stream/lane_phase_reg[11][15]/C","sfo/two_pass_transport/first_resampling/engine/core/stream/arithmetic/real_channel[22].u_real/pre_da/g18.u_add/U0/xst_addsub/i_baseblox.i_baseblox_addsub/no_pipelining.the_addsub/i_lut6.i_lut6_addsub/i_q.i_simple.qreg/i_no_async_controls.output_reg[16]/D","clk150","clk150","6.815","10","-0.010","0.035"
"clk150","-0.168","6.667","sfo/two_pass_transport/first_resampling/engine/core/stream/lane_phase_reg[15][7]/C","sfo/two_pass_transport/first_resampling/engine/core/stream/lane_phase_reg[5][18]/D","clk150","clk150","6.814","18","-0.008","0.035"
"clk500","-0.168","2.000","sfo/residual_estimator/aux_service/u_xfft/U0/i_synth/xfft_inst/non_floating_point.arch_d.xfft_inst/timing_cnts_has_nfft.run_time_sel_reg[4]/C","sfo/residual_estimator/aux_service/u_xfft/U0/i_synth/xfft_inst/non_floating_point.arch_d.xfft_inst/pe_gen[3].natural_order_input.PE/bypass_muxes.din_im_mux_gen[7].reg/D","clk500","clk500","2.149","1","-0.009","0.035"
"clk500","-0.168","2.000","sfo/residual_estimator/front_stage/main/service/u_xfft/U0/i_synth/axi_wrapper/sclr_int_reg/C","sfo/residual_estimator/front_stage/main/service/u_xfft/U0/i_synth/xfft_inst/non_floating_point.arch_d.xfft_inst/has_bit_reverse.pe_natural_out_reg[31]/R","clk500","clk500","2.050","1","-0.009","0.035"
"clk500","-0.168","2.000","sfo/residual_estimator/front_stage/main/service/u_xfft/U0/i_synth/axi_wrapper/sclr_int_reg/C","sfo/residual_estimator/front_stage/main/service/u_xfft/U0/i_synth/xfft_inst/non_floating_point.arch_d.xfft_inst/has_overflow.natural_ovflo.DOUT_DONE_E_CNT/cnt_reg[10].addsub_reg/R","clk500","clk500","2.051","1","-0.008","0.035"
"clk500","-0.168","2.000","sfo/residual_estimator/front_stage/main/service/u_xfft/U0/i_synth/axi_wrapper/sclr_int_reg/C","sfo/residual_estimator/front_stage/main/service/u_xfft/U0/i_synth/xfft_inst/non_floating_point.arch_d.xfft_inst/has_overflow.natural_ovflo.DOUT_DONE_E_CNT/cnt_reg[8].addsub_reg/R","clk500","clk500","2.051","1","-0.008","0.035"
"clk500","-0.168","2.000","sfo/residual_estimator/front_stage/main/service/u_xfft/U0/i_synth/axi_wrapper/sclr_int_reg/C","sfo/residual_estimator/front_stage/main/service/u_xfft/U0/i_synth/xfft_inst/non_floating_point.arch_d.xfft_inst/has_overflow.natural_ovflo.DOUT_DONE_E_CNT/cnt_reg[9].addsub_reg/R","clk500","clk500","2.051","1","-0.008","0.035"
"clk150","-0.168","6.667","cfo/coarse_rotation/output4_reg[81]/C","cfo/coarse_banks[0].memory/u_frame_memory/xpm_memory_base_inst/gen_wr_a.gen_word_narrow.mem_reg_uram_89/CAS_IN_DIN_B[9]","clk150","clk150","6.549","7","0.036","0.035"
"clk150","-0.168","6.667","poison_sync/syncstages_ff_reg[3]/C","cfo/coarse_banks[0].memory/u_frame_memory/xpm_memory_base_inst/gen_wr_a.gen_word_narrow.mem_reg_uram_161/CAS_IN_EN_B","clk150","clk150","6.546","12","0.035","0.035"
"clk150","-0.168","6.667","poison_sync/syncstages_ff_reg[3]/C","cfo/coarse_banks[1].memory/u_frame_memory/xpm_memory_base_inst/gen_wr_a.gen_word_narrow.mem_reg_uram_6/CAS_IN_BWE_B[2]","clk150","clk150","6.529","11","0.035","0.035"
"clk150","-0.167","6.667","sfo/two_pass_transport/first_resampling/engine/core/stream/lane_phase_reg[15][7]/C","sfo/two_pass_transport/first_resampling/engine/core/stream/lane_phase_reg[13][13]/D","clk150","clk150","6.813","18","-0.008","0.035"
"clk500","-0.167","2.000","sfo/residual_estimator/front_stage/main/service/reset_sync500/syncstages_ff_reg[3]/C","sfo/residual_estimator/front_stage/main/service/u_ingress_fifo/gnuram_async_fifo.xpm_fifo_base_inst/gen_sdpram.xpm_memory_base_inst/gen_wr_a.gen_word_wide.mem_reg_bram_1/ENARDEN","clk500","clk500","1.801","2","0.011","0.035"
"clk150","-0.167","6.667","sfo/two_pass_transport/first_resampling/engine/core/stream/lane_phase_reg[11][15]/C","sfo/two_pass_transport/first_resampling/engine/core/stream/arithmetic/real_channel[22].u_real/pre_da/g18.u_add/U0/xst_addsub/i_baseblox.i_baseblox_addsub/no_pipelining.the_addsub/i_lut6.i_lut6_addsub/i_q.i_simple.qreg/i_no_async_controls.output_reg[14]/D","clk150","clk150","6.814","10","-0.010","0.035"
"clk500","-0.167","2.000","cfo/reset_fast/arststages_ff_reg[3]/C","cfo/estimator/observation_fifo/gnuram_async_fifo.xpm_fifo_base_inst/gen_sdpram.xpm_memory_base_inst/gen_wr_a.gen_word_narrow.mem_reg_0_15_140_153/RAMA/WE","clk500","clk500","1.966","3","0.014","0.035"
"clk500","-0.167","2.000","cfo/reset_fast/arststages_ff_reg[3]/C","cfo/estimator/observation_fifo/gnuram_async_fifo.xpm_fifo_base_inst/gen_sdpram.xpm_memory_base_inst/gen_wr_a.gen_word_narrow.mem_reg_0_15_140_153/RAMA_D1/WE","clk500","clk500","1.966","3","0.014","0.035"
"clk500","-0.167","2.000","cfo/reset_fast/arststages_ff_reg[3]/C","cfo/estimator/observation_fifo/gnuram_async_fifo.xpm_fifo_base_inst/gen_sdpram.xpm_memory_base_inst/gen_wr_a.gen_word_narrow.mem_reg_0_15_140_153/RAMB/WE","clk500","clk500","1.966","3","0.014","0.035"
"clk500","-0.167","2.000","cfo/reset_fast/arststages_ff_reg[3]/C","cfo/estimator/observation_fifo/gnuram_async_fifo.xpm_fifo_base_inst/gen_sdpram.xpm_memory_base_inst/gen_wr_a.gen_word_narrow.mem_reg_0_15_140_153/RAMB_D1/WE","clk500","clk500","1.966","3","0.014","0.035"
"clk500","-0.167","2.000","cfo/reset_fast/arststages_ff_reg[3]/C","cfo/estimator/observation_fifo/gnuram_async_fifo.xpm_fifo_base_inst/gen_sdpram.xpm_memory_base_inst/gen_wr_a.gen_word_narrow.mem_reg_0_15_140_153/RAMC/WE","clk500","clk500","1.966","3","0.014","0.035"
"clk500","-0.167","2.000","cfo/reset_fast/arststages_ff_reg[3]/C","cfo/estimator/observation_fifo/gnuram_async_fifo.xpm_fifo_base_inst/gen_sdpram.xpm_memory_base_inst/gen_wr_a.gen_word_narrow.mem_reg_0_15_140_153/RAMC_D1/WE","clk500","clk500","1.966","3","0.014","0.035"
"clk500","-0.167","2.000","cfo/reset_fast/arststages_ff_reg[3]/C","cfo/estimator/observation_fifo/gnuram_async_fifo.xpm_fifo_base_inst/gen_sdpram.xpm_memory_base_inst/gen_wr_a.gen_word_narrow.mem_reg_0_15_140_153/RAMD/WE","clk500","clk500","1.966","3","0.014","0.035"
"clk500","-0.167","2.000","cfo/reset_fast/arststages_ff_reg[3]/C","cfo/estimator/observation_fifo/gnuram_async_fifo.xpm_fifo_base_inst/gen_sdpram.xpm_memory_base_inst/gen_wr_a.gen_word_narrow.mem_reg_0_15_140_153/RAMD_D1/WE","clk500","clk500","1.966","3","0.014","0.035"
"clk500","-0.167","2.000","cfo/reset_fast/arststages_ff_reg[3]/C","cfo/estimator/observation_fifo/gnuram_async_fifo.xpm_fifo_base_inst/gen_sdpram.xpm_memory_base_inst/gen_wr_a.gen_word_narrow.mem_reg_0_15_140_153/RAME/WE","clk500","clk500","1.966","3","0.014","0.035"
"clk500","-0.167","2.000","cfo/reset_fast/arststages_ff_reg[3]/C","cfo/estimator/observation_fifo/gnuram_async_fifo.xpm_fifo_base_inst/gen_sdpram.xpm_memory_base_inst/gen_wr_a.gen_word_narrow.mem_reg_0_15_140_153/RAME_D1/WE","clk500","clk500","1.966","3","0.014","0.035"
"clk500","-0.167","2.000","cfo/reset_fast/arststages_ff_reg[3]/C","cfo/estimator/observation_fifo/gnuram_async_fifo.xpm_fifo_base_inst/gen_sdpram.xpm_memory_base_inst/gen_wr_a.gen_word_narrow.mem_reg_0_15_140_153/RAMF/WE","clk500","clk500","1.966","3","0.014","0.035"
"clk500","-0.167","2.000","cfo/reset_fast/arststages_ff_reg[3]/C","cfo/estimator/observation_fifo/gnuram_async_fifo.xpm_fifo_base_inst/gen_sdpram.xpm_memory_base_inst/gen_wr_a.gen_word_narrow.mem_reg_0_15_140_153/RAMF_D1/WE","clk500","clk500","1.966","3","0.014","0.035"
"clk500","-0.167","2.000","cfo/reset_fast/arststages_ff_reg[3]/C","cfo/estimator/observation_fifo/gnuram_async_fifo.xpm_fifo_base_inst/gen_sdpram.xpm_memory_base_inst/gen_wr_a.gen_word_narrow.mem_reg_0_15_140_153/RAMG/WE","clk500","clk500","1.966","3","0.014","0.035"
"clk500","-0.167","2.000","cfo/reset_fast/arststages_ff_reg[3]/C","cfo/estimator/observation_fifo/gnuram_async_fifo.xpm_fifo_base_inst/gen_sdpram.xpm_memory_base_inst/gen_wr_a.gen_word_narrow.mem_reg_0_15_140_153/RAMG_D1/WE","clk500","clk500","1.966","3","0.014","0.035"
"clk500","-0.167","2.000","cfo/reset_fast/arststages_ff_reg[3]/C","cfo/estimator/observation_fifo/gnuram_async_fifo.xpm_fifo_base_inst/gen_sdpram.xpm_memory_base_inst/gen_wr_a.gen_word_narrow.mem_reg_0_15_140_153/RAMH/WE","clk500","clk500","1.966","3","0.014","0.035"
"clk500","-0.167","2.000","cfo/reset_fast/arststages_ff_reg[3]/C","cfo/estimator/observation_fifo/gnuram_async_fifo.xpm_fifo_base_inst/gen_sdpram.xpm_memory_base_inst/gen_wr_a.gen_word_narrow.mem_reg_0_15_140_153/RAMH_D1/WE","clk500","clk500","1.966","3","0.014","0.035"
"clk500","-0.167","2.000","cfo/observation_front/fft_core/FSM_sequential_state_reg[0]/C","cfo/observation_front/fft_core/ar5_reg[16]/CE","clk500","clk500","2.063","1","-0.008","0.035"
"clk150","-0.167","6.667","cfo/coarse_rotation/output4_reg[88]/C","cfo/coarse_banks[0].memory/u_frame_memory/xpm_memory_base_inst/gen_wr_a.gen_word_narrow.mem_reg_uram_121/CAS_IN_DIN_B[16]","clk150","clk150","6.529","7","0.034","0.035"
"clk150","-0.167","6.667","cfo/coarse_rotation/output4_reg[20]/C","cfo/coarse_banks[1].memory/u_frame_memory/xpm_memory_base_inst/gen_wr_a.gen_word_narrow.mem_reg_uram_23/CAS_IN_DIN_B[20]","clk150","clk150","6.561","7","0.035","0.035"
"clk150","-0.167","6.667","sfo/two_pass_transport/intermediate[0].intermediate_bank/write_gen_reg[17]/C","sfo/two_pass_transport/intermediate[0].intermediate_bank/memory/u_frame_memory/xpm_memory_base_inst/gen_wr_a.gen_word_narrow.mem_reg_uram_118/CAS_IN_EN_A","clk150","clk150","6.394","10","0.035","0.035"
"clk150","-0.166","6.667","sfo/two_pass_transport/first_resampling/engine/core/stream/lane_phase_reg[11][15]/C","sfo/two_pass_transport/first_resampling/engine/core/stream/arithmetic/real_channel[23].u_real/pre_da/g18.u_add/U0/xst_addsub/i_baseblox.i_baseblox_addsub/no_pipelining.the_addsub/i_lut6.i_lut6_addsub/i_q.i_simple.qreg/i_no_async_controls.output_reg[12]/D","clk150","clk150","6.813","11","-0.010","0.035"
"clk500","-0.166","2.000","sfo/residual_estimator/front_stage/main/service/u_xfft/U0/i_synth/axi_wrapper/sclr_int_reg/C","sfo/residual_estimator/front_stage/main/service/u_xfft/U0/i_synth/xfft_inst/non_floating_point.arch_d.xfft_inst/has_overflow.natural_ovflo.DOUT_DONE_E_CNT/cnt_reg[0].addsub_reg/R","clk500","clk500","2.049","1","-0.008","0.035"
"clk500","-0.166","2.000","sfo/residual_estimator/front_stage/main/service/u_xfft/U0/i_synth/axi_wrapper/sclr_int_reg/C","sfo/residual_estimator/front_stage/main/service/u_xfft/U0/i_synth/xfft_inst/non_floating_point.arch_d.xfft_inst/has_overflow.natural_ovflo.DOUT_DONE_E_CNT/cnt_reg[1].addsub_reg/R","clk500","clk500","2.049","1","-0.008","0.035"
"clk500","-0.166","2.000","sfo/residual_estimator/front_stage/main/service/u_xfft/U0/i_synth/axi_wrapper/sclr_int_reg/C","sfo/residual_estimator/front_stage/main/service/u_xfft/U0/i_synth/xfft_inst/non_floating_point.arch_d.xfft_inst/has_overflow.natural_ovflo.DOUT_DONE_E_CNT/cnt_reg[2].addsub_reg/R","clk500","clk500","2.049","1","-0.008","0.035"
"clk500","-0.166","2.000","sfo/residual_estimator/front_stage/main/service/u_xfft/U0/i_synth/axi_wrapper/sclr_int_reg/C","sfo/residual_estimator/front_stage/main/service/u_xfft/U0/i_synth/xfft_inst/non_floating_point.arch_d.xfft_inst/has_overflow.natural_ovflo.DOUT_DONE_E_CNT/cnt_reg[3].addsub_reg/R","clk500","clk500","2.049","1","-0.008","0.035"
"clk150","-0.166","6.667","sfo/two_pass_transport/first_resampling/engine/core/stream/lane_phase_reg[15][7]/C","sfo/two_pass_transport/first_resampling/engine/core/stream/lane_phase_reg[14][15]/D","clk150","clk150","6.812","18","-0.008","0.035"
"clk150","-0.166","6.667","sfo/two_pass_transport/second_resampling/engine/core/stream/lane_phase_reg[14][19]/C","sfo/two_pass_transport/second_resampling/engine/core/stream/arithmetic/real_channel[28].u_real/pre_ab2/g18.u_add/U0/xst_addsub/i_baseblox.i_baseblox_addsub/no_pipelining.the_addsub/i_lut6.i_lut6_addsub/i_q.i_simple.qreg/i_no_async_controls.output_reg[15]/D","clk150","clk150","6.813","8","-0.010","0.035"
"clk500","-0.166","2.000","sfo/initial_estimator/owner/fft/u_xfft/U0/i_synth/axi_wrapper/sclr_int_reg/C","sfo/initial_estimator/owner/fft/u_xfft/U0/i_synth/xfft_inst/non_floating_point.arch_d.xfft_inst/FLOW/load_enable_reg/R","clk500","clk500","2.050","0","-0.007","0.035"
"clk150","-0.166","6.667","sfo/two_pass_transport/intermediate[0].intermediate_bank/write_gen_reg[17]/C","sfo/two_pass_transport/intermediate[0].intermediate_bank/memory/u_frame_memory/xpm_memory_base_inst/gen_wr_a.gen_word_narrow.mem_reg_uram_104/CAS_IN_BWE_B[7]","clk150","clk150","6.388","12","0.035","0.035"
"clk150","-0.166","6.667","sfo/two_pass_transport/first_resampling/engine/core/stream/lane_phase_reg[0][20]/C","sfo/two_pass_transport/first_resampling/engine/core/stream/arithmetic/real_channel[1].u_real/pre_bc/g18.u_add/U0/xst_addsub/i_baseblox.i_baseblox_addsub/no_pipelining.the_addsub/i_lut6.i_lut6_addsub/i_q.i_simple.qreg/i_no_async_controls.output_reg[10]/D","clk150","clk150","6.810","10","-0.009","0.035"
"clk150","-0.165","6.667","sfo/two_pass_transport/first_resampling/engine/core/stream/lane_phase_reg[15][7]/C","sfo/two_pass_transport/first_resampling/engine/core/stream/lane_phase_reg[13][12]/D","clk150","clk150","6.811","18","-0.008","0.035"
"clk150","-0.165","6.667","sfo/two_pass_transport/fault_125_to_150/syncstages_ff_reg[1]/C","sfo/two_pass_transport/intermediate[1].intermediate_bank/memory/u_frame_memory/xpm_memory_base_inst/gen_wr_a.gen_word_narrow.mem_reg_uram_153/CAS_IN_BWE_B[5]","clk150","clk150","6.529","14","0.036","0.035"
"clk150","-0.165","6.667","sfo/two_pass_transport/second_resampling/engine/core/stream/lane_phase_reg[0][3]/C","sfo/two_pass_transport/second_resampling/engine/state_reg[0]/D","clk150","clk150","6.814","20","-0.008","0.035"
"clk500","-0.165","2.000","cfo/reset_fast/arststages_ff_reg[3]/C","cfo/observation_front/m_frame_reg[10]/CE","clk500","clk500","2.061","2","-0.009","0.035"
"clk500","-0.165","2.000","cfo/reset_fast/arststages_ff_reg[3]/C","cfo/observation_front/m_frame_reg[13]/CE","clk500","clk500","2.061","2","-0.009","0.035"
"clk500","-0.165","2.000","cfo/reset_fast/arststages_ff_reg[3]/C","cfo/observation_front/m_frame_reg[21]/CE","clk500","clk500","2.061","2","-0.009","0.035"
"clk500","-0.165","2.000","cfo/reset_fast/arststages_ff_reg[3]/C","cfo/observation_front/m_frame_reg[2]/CE","clk500","clk500","2.061","2","-0.009","0.035"
"clk500","-0.165","2.000","cfo/observation_front/fft_core/FSM_sequential_state_reg[0]/C","cfo/observation_front/fft_core/ar5_reg[19]/CE","clk500","clk500","2.061","1","-0.009","0.035"
"clk500","-0.165","2.000","cfo/reset_fast/arststages_ff_reg[3]/C","cfo/observation_front/m_frame_reg[11]/CE","clk500","clk500","2.062","2","-0.009","0.035"
"clk500","-0.165","2.000","cfo/reset_fast/arststages_ff_reg[3]/C","cfo/observation_front/m_frame_reg[14]/CE","clk500","clk500","2.062","2","-0.009","0.035"
"clk500","-0.165","2.000","cfo/reset_fast/arststages_ff_reg[3]/C","cfo/observation_front/m_frame_reg[27]/CE","clk500","clk500","2.062","2","-0.009","0.035"
"clk500","-0.165","2.000","cfo/reset_fast/arststages_ff_reg[3]/C","cfo/observation_front/m_frame_reg[30]/CE","clk500","clk500","2.062","2","-0.009","0.035"
"clk150","-0.165","6.667","poison_sync/syncstages_ff_reg[3]/C","cfo/coarse_banks[0].memory/u_frame_memory/xpm_memory_base_inst/gen_wr_a.gen_word_narrow.mem_reg_uram_160/CAS_IN_BWE_B[7]","clk150","clk150","6.387","11","0.035","0.035"
"clk150","-0.165","6.667","sfo/two_pass_transport/intermediate[0].intermediate_bank/write_gen_reg[17]/C","sfo/two_pass_transport/intermediate[0].intermediate_bank/memory/u_frame_memory/xpm_memory_base_inst/gen_wr_a.gen_word_narrow.mem_reg_uram_105/CAS_IN_BWE_B[5]","clk150","clk150","6.518","13","0.035","0.035"
"clk150","-0.165","6.667","sfo/two_pass_transport/shared_raw.hub/raw_store/rv_reg[0]/C","sfo/two_pass_transport/shared_raw.hub/raw_store/memory/u_frame_memory/xpm_memory_base_inst/gen_wr_a.gen_word_narrow.mem_reg_uram_143/CAS_IN_EN_A","clk150","clk150","6.391","7","0.034","0.035"
"clk150","-0.164","6.667","sfo/two_pass_transport/first_resampling/engine/core/stream/lane_phase_reg[13][13]/C","sfo/two_pass_transport/first_resampling/engine/core/stream/arithmetic/real_channel[26].u_real/pre_ab2/g18.u_add/U0/xst_addsub/i_baseblox.i_baseblox_addsub/no_pipelining.the_addsub/i_lut6.i_lut6_addsub/i_q.i_simple.qreg/i_no_async_controls.output_reg[17]/D","clk150","clk150","6.812","12","-0.009","0.035"
"clk500","-0.164","2.000","cfo/observation_front/fft_core/FSM_sequential_state_reg[1]_rep/C","cfo/observation_front/fft_core/ai3_reg[22]/CE","clk500","clk500","2.061","1","-0.007","0.035"
"clk500","-0.164","2.000","cfo/observation_front/fft_core/FSM_sequential_state_reg[1]_rep/C","cfo/observation_front/fft_core/ar3_reg[18]/CE","clk500","clk500","2.061","1","-0.007","0.035"
"clk500","-0.164","2.000","cfo/observation_front/fft_core/FSM_sequential_state_reg[1]_rep/C","cfo/observation_front/fft_core/ar3_reg[21]/CE","clk500","clk500","2.061","1","-0.007","0.035"
"clk500","-0.164","2.000","cfo/observation_front/fft_core/FSM_sequential_state_reg[1]_rep/C","cfo/observation_front/fft_core/ar3_reg[23]/CE","clk500","clk500","2.061","1","-0.007","0.035"
"clk500","-0.164","2.000","sfo/residual_estimator/aux_service/u_xfft/U0/i_synth/xfft_inst/non_floating_point.arch_d.xfft_inst/pe_gen[0].natural_order_input.PE/FB_1.BF_1/wr_addr_del/no_sclr_lut.real_shift_ram.use_baseblock.use_hlutnm_srls.srl_loop[5].i_fdre1/C","sfo/residual_estimator/aux_service/u_xfft/U0/i_synth/xfft_inst/non_floating_point.arch_d.xfft_inst/pe_gen[0].natural_order_input.PE/FB_1.BF_1/MEM/blk_ram.use_bram_only.mem/depth_13_s6_depth_12.main_ram_loop[1].use_RAMB18.ram_2k_loop[0].SDP_RAMB18_9x2048/WEA[0]","clk500","clk500","1.744","1","0.009","0.035"
"clk500","-0.164","2.000","sfo/residual_estimator/aux_service/u_xfft/U0/i_synth/xfft_inst/non_floating_point.arch_d.xfft_inst/timing_cnts_has_nfft.run_time_sel_reg[4]/C","sfo/residual_estimator/aux_service/u_xfft/U0/i_synth/xfft_inst/non_floating_point.arch_d.xfft_inst/pe_gen[3].natural_order_input.PE/bypass_muxes.din_re_mux_gen[9].reg/D","clk500","clk500","2.144","1","-0.010","0.035"
"clk500","-0.164","2.000","cfo/observation_front/fft_core/FSM_sequential_state_reg[1]_rep/C","cfo/observation_front/fft_core/pi4_reg/DSP_A_B_DATA_INST/CEB2","clk500","clk500","2.000","1","0.015","0.035"
"clk150","-0.164","6.667","sfo/two_pass_transport/first_resampling/engine/core/stream/lane_phase_reg[15][7]/C","sfo/two_pass_transport/first_resampling/engine/core/stream/lane_phase_reg[2][29]/D","clk150","clk150","6.810","18","-0.007","0.035"
"clk500","-0.163","2.000","sfo/residual_estimator/front_stage/main/service/reset_sync500/syncstages_ff_reg[3]/C","sfo/residual_estimator/front_stage/main/service/u_ingress_fifo/gnuram_async_fifo.xpm_fifo_base_inst/gen_sdpram.xpm_memory_base_inst/gen_wr_a.gen_word_wide.mem_reg_bram_1/REGCEAREGCE","clk500","clk500","1.906","2","0.011","0.035"
"clk500","-0.163","2.000","cfo/reset_fast/arststages_ff_reg[3]/C","cfo/observation_front/fft_core/bank1_reg_bram_1/WEA[1]","clk500","clk500","1.744","1","0.010","0.035"
"clk500","-0.163","2.000","cfo/observation_front/fft_core/half_span_reg[0]/C","cfo/observation_front/fft_core/tw_index_reg_rep/ADDRARDADDR[10]","clk500","clk500","1.863","5","0.011","0.035"
"clk500","-0.163","2.000","cfo/observation_front/fft_core/FSM_sequential_state_reg[1]_rep/C","cfo/observation_front/fft_core/ar3_reg[14]/CE","clk500","clk500","2.060","1","-0.008","0.035"
"clk500","-0.163","2.000","cfo/observation_front/fft_core/FSM_sequential_state_reg[1]_rep/C","cfo/observation_front/fft_core/ar3_reg[19]/CE","clk500","clk500","2.060","1","-0.008","0.035"
"clk500","-0.163","2.000","cfo/observation_front/fft_core/FSM_sequential_state_reg[1]_rep/C","cfo/observation_front/fft_core/ar3_reg[25]/CE","clk500","clk500","2.060","1","-0.008","0.035"
"clk500","-0.163","2.000","cfo/observation_front/fft_core/FSM_sequential_state_reg[0]/C","cfo/observation_front/fft_core/ar4_reg[13]/CE","clk500","clk500","2.059","1","-0.008","0.035"
"clk500","-0.163","2.000","cfo/observation_front/fft_core/FSM_sequential_state_reg[0]/C","cfo/observation_front/fft_core/pi5_reg[24]/CE","clk500","clk500","2.059","1","-0.009","0.035"
"clk500","-0.163","2.000","cfo/observation_front/fft_core/FSM_sequential_state_reg[0]/C","cfo/observation_front/fft_core/pi5_reg[25]/CE","clk500","clk500","2.059","1","-0.009","0.035"
"clk500","-0.163","2.000","cfo/observation_front/fft_core/FSM_sequential_state_reg[0]/C","cfo/observation_front/fft_core/pi5_reg[26]/CE","clk500","clk500","2.059","1","-0.009","0.035"
"clk500","-0.163","2.000","cfo/observation_front/fft_core/FSM_sequential_state_reg[0]/C","cfo/observation_front/fft_core/pi5_reg[27]/CE","clk500","clk500","2.059","1","-0.009","0.035"
"clk500","-0.163","2.000","cfo/windows/sample_index_reg[8]/C","cfo/windows/packed_windows/fifo/gnuram_async_fifo.xpm_fifo_base_inst/rdp_inst/count_value_i_reg[12]/D","clk500","clk500","2.146","7","-0.007","0.035"
"clk500","-0.163","2.000","sfo/initial_estimator/owner/fft/u_xfft/U0/i_synth/xfft_inst/non_floating_point.arch_d.xfft_inst/pe_gen[0].natural_order_input.PE/has_addr_gen.tw_addr_gen/cnt/cnt_addsub/i_baseblox.i_baseblox_addsub/no_pipelining.the_addsub/i_lut6.i_lut6_addsub/i_q.i_simple.qreg/i_no_async_controls.output_reg[8]/C","sfo/initial_estimator/owner/fft/u_xfft/U0/i_synth/xfft_inst/non_floating_point.arch_d.xfft_inst/pe_gen[0].natural_order_input.PE/has_TW_mult.sync_tw_addr/no_sclr_lut.real_shift_ram.use_baseblock.use_hlutnm_srls.srl_loop[3].i_srl16e1/D","clk500","clk500","2.066","0","0.013","0.035"
"clk500","-0.163","2.000","sfo/residual_estimator/front_stage/main/service/u_xfft/U0/i_synth/axi_wrapper/sclr_int_reg/C","sfo/residual_estimator/front_stage/main/service/u_xfft/U0/i_synth/xfft_inst/non_floating_point.arch_d.xfft_inst/has_overflow.natural_ovflo.DOUT_DONE_E_CNT/cnt_reg[4].addsub_reg/R","clk500","clk500","2.046","1","-0.008","0.035"
"clk500","-0.163","2.000","sfo/residual_estimator/front_stage/main/service/u_xfft/U0/i_synth/axi_wrapper/sclr_int_reg/C","sfo/residual_estimator/front_stage/main/service/u_xfft/U0/i_synth/xfft_inst/non_floating_point.arch_d.xfft_inst/has_overflow.natural_ovflo.DOUT_DONE_E_CNT/cnt_reg[5].addsub_reg/R","clk500","clk500","2.046","1","-0.008","0.035"
"clk500","-0.163","2.000","sfo/residual_estimator/front_stage/main/service/u_xfft/U0/i_synth/axi_wrapper/sclr_int_reg/C","sfo/residual_estimator/front_stage/main/service/u_xfft/U0/i_synth/xfft_inst/non_floating_point.arch_d.xfft_inst/has_overflow.natural_ovflo.DOUT_DONE_E_CNT/cnt_reg[6].addsub_reg/R","clk500","clk500","2.046","1","-0.008","0.035"
"clk500","-0.163","2.000","sfo/residual_estimator/front_stage/main/service/u_xfft/U0/i_synth/axi_wrapper/sclr_int_reg/C","sfo/residual_estimator/front_stage/main/service/u_xfft/U0/i_synth/xfft_inst/non_floating_point.arch_d.xfft_inst/has_overflow.natural_ovflo.DOUT_DONE_E_CNT/cnt_reg[7].addsub_reg/R","clk500","clk500","2.046","1","-0.008","0.035"
"clk500","-0.163","2.000","cfo/windows/packed_windows/fifo/gnuram_async_fifo.xpm_fifo_base_inst/rdp_inst/count_value_i_reg[6]/C","cfo/windows/packed_windows/fifo/gnuram_async_fifo.xpm_fifo_base_inst/gen_sdpram.xpm_memory_base_inst/gen_wr_a.gen_word_narrow.mem_reg_bram_1/ADDRBWRADDR[11]","clk500","clk500","1.835","0","0.010","0.035"
"clk150","-0.163","6.667","sfo/two_pass_transport/first_resampling/engine/core/stream/lane_phase_reg[13][13]/C","sfo/two_pass_transport/first_resampling/engine/core/stream/arithmetic/real_channel[26].u_real/pre_da/g18.u_add/U0/xst_addsub/i_baseblox.i_baseblox_addsub/no_pipelining.the_addsub/i_lut6.i_lut6_addsub/i_q.i_simple.qreg/i_no_async_controls.output_reg[15]/D","clk150","clk150","6.811","11","-0.009","0.035"
"clk150","-0.163","6.667","sfo/two_pass_transport/first_resampling/engine/core/stream/lane_phase_reg[15][7]/C","sfo/two_pass_transport/first_resampling/engine/core/stream/lane_phase_reg[10][21]/D","clk150","clk150","6.809","18","-0.007","0.035"
"clk150","-0.162","6.667","sfo/two_pass_transport/first_resampling/engine/core/stream/lane_phase_reg[5][20]/C","sfo/two_pass_transport/first_resampling/engine/core/stream/arithmetic/real_channel[11].u_real/pre_ab2/g18.u_add/U0/xst_addsub/i_baseblox.i_baseblox_addsub/no_pipelining.the_addsub/i_lut6.i_lut6_addsub/i_q.i_simple.qreg/i_no_async_controls.output_reg[4]/D","clk150","clk150","6.809","9","-0.010","0.035"
"clk150","-0.162","6.667","sfo/two_pass_transport/first_resampling/engine/core/stream/lane_phase_reg[11][15]/C","sfo/two_pass_transport/first_resampling/engine/core/stream/arithmetic/real_channel[23].u_real/pre_ab2/g18.u_add/U0/xst_addsub/i_baseblox.i_baseblox_addsub/no_pipelining.the_addsub/i_lut6.i_lut6_addsub/i_q.i_simple.qreg/i_no_async_controls.output_reg[15]/D","clk150","clk150","6.809","11","-0.010","0.035"
"clk500","-0.162","2.000","cfo/reset_fast/arststages_ff_reg[3]/C","cfo/observation_front/fft_core/bank0_reg_bram_0/WEA[1]","clk500","clk500","1.743","1","0.010","0.035"
"clk150","-0.162","6.667","sfo/two_pass_transport/first_resampling/engine/core/stream/lane_phase_reg[15][7]/C","sfo/two_pass_transport/first_resampling/engine/core/stream/lane_phase_reg[14][2]/D","clk150","clk150","6.808","18","-0.008","0.035"
"clk500","-0.162","2.000","cfo/observation_front/m_frame_reg[11]/C","cfo/estimator/expected_window_reg[0]/CE","clk500","clk500","2.059","6","-0.008","0.035"
"clk500","-0.162","2.000","cfo/observation_front/fft_core/FSM_sequential_state_reg[1]_rep/C","cfo/observation_front/fft_core/ar3_reg[20]/CE","clk500","clk500","2.060","1","-0.008","0.035"
"clk500","-0.162","2.000","sfo/residual_estimator/aux_service/u_xfft/U0/i_synth/xfft_inst/non_floating_point.arch_d.xfft_inst/timing_cnts_has_nfft.run_time_sel_reg[4]/C","sfo/residual_estimator/aux_service/u_xfft/U0/i_synth/xfft_inst/non_floating_point.arch_d.xfft_inst/pe_gen[3].natural_order_input.PE/bypass_muxes.din_re_mux_gen[14].reg/D","clk500","clk500","2.142","1","-0.010","0.035"
"clk150","-0.162","6.667","sfo/two_pass_transport/first_resampling/engine/core/stream/lane_phase_reg[0][20]/C","sfo/two_pass_transport/first_resampling/engine/core/stream/arithmetic/real_channel[0].u_real/pre_bc/g18.u_add/U0/xst_addsub/i_baseblox.i_baseblox_addsub/no_pipelining.the_addsub/i_lut6.i_lut6_addsub/i_q.i_simple.qreg/i_no_async_controls.output_reg[7]/D","clk150","clk150","6.806","8","-0.009","0.035"
"clk150","-0.162","6.667","sfo/two_pass_transport/first_resampling/engine/core/stream/lane_phase_reg[0][20]/C","sfo/two_pass_transport/first_resampling/engine/core/stream/arithmetic/real_channel[0].u_real/pre_da/g18.u_add/U0/xst_addsub/i_baseblox.i_baseblox_addsub/no_pipelining.the_addsub/i_lut6.i_lut6_addsub/i_q.i_simple.qreg/i_no_async_controls.output_reg[11]/D","clk150","clk150","6.806","9","-0.009","0.035"
"clk500","-0.161","2.000","sfo/residual_estimator/aux_service/u_xfft/U0/i_synth/axi_wrapper/sclr_int_reg/C","sfo/residual_estimator/aux_service/u_xfft/U0/i_synth/xfft_inst/non_floating_point.arch_d.xfft_inst/has_bit_reverse.pe_natural_out_reg[6]/R","clk500","clk500","2.042","1","-0.010","0.035"
"clk500","-0.161","2.000","sfo/residual_estimator/aux_service/u_xfft/U0/i_synth/axi_wrapper/sclr_int_reg/C","sfo/residual_estimator/aux_service/u_xfft/U0/i_synth/xfft_inst/non_floating_point.arch_d.xfft_inst/has_bit_reverse.pe_natural_out_reg[7]/R","clk500","clk500","2.042","1","-0.010","0.035"
"clk500","-0.161","2.000","sfo/residual_estimator/aux_service/u_xfft/U0/i_synth/axi_wrapper/gen_has_nfft.nfft_we_int_reg/C","sfo/residual_estimator/aux_service/u_xfft/U0/i_synth/xfft_inst/non_floating_point.arch_d.xfft_inst/pe_gen[6].natural_order_input.PE/has_ovflo_control.last_ovflo_start.OVFLO_CNT/cnt_reg[10].addsub_reg/R","clk500","clk500","2.044","1","-0.008","0.035"
"clk500","-0.161","2.000","sfo/residual_estimator/aux_service/u_xfft/U0/i_synth/axi_wrapper/gen_has_nfft.nfft_we_int_reg/C","sfo/residual_estimator/aux_service/u_xfft/U0/i_synth/xfft_inst/non_floating_point.arch_d.xfft_inst/pe_gen[6].natural_order_input.PE/has_ovflo_control.last_ovflo_start.OVFLO_CNT/cnt_reg[11].addsub_reg/R","clk500","clk500","2.044","1","-0.008","0.035"
"clk500","-0.161","2.000","sfo/residual_estimator/aux_service/u_xfft/U0/i_synth/axi_wrapper/gen_has_nfft.nfft_we_int_reg/C","sfo/residual_estimator/aux_service/u_xfft/U0/i_synth/xfft_inst/non_floating_point.arch_d.xfft_inst/pe_gen[6].natural_order_input.PE/has_ovflo_control.last_ovflo_start.OVFLO_CNT/cnt_reg[8].addsub_reg/R","clk500","clk500","2.044","1","-0.008","0.035"
"clk500","-0.161","2.000","sfo/residual_estimator/aux_service/u_xfft/U0/i_synth/axi_wrapper/gen_has_nfft.nfft_we_int_reg/C","sfo/residual_estimator/aux_service/u_xfft/U0/i_synth/xfft_inst/non_floating_point.arch_d.xfft_inst/pe_gen[6].natural_order_input.PE/has_ovflo_control.last_ovflo_start.OVFLO_CNT/cnt_reg[9].addsub_reg/R","clk500","clk500","2.044","1","-0.008","0.035"
"clk150","-0.161","6.667","sfo/two_pass_transport/first_resampling/engine/pack/m_data_reg[81]/C","sfo/two_pass_transport/intermediate[0].intermediate_bank/memory/u_frame_memory/xpm_memory_base_inst/gen_wr_a.gen_word_narrow.mem_reg_uram_121/CAS_IN_DIN_B[9]","clk150","clk150","6.540","7","0.034","0.035"
"clk150","-0.161","6.667","cfo/coarse_rotation/output4_reg[87]/C","cfo/coarse_banks[0].memory/u_frame_memory/xpm_memory_base_inst/gen_wr_a.gen_word_narrow.mem_reg_uram_121/CAS_IN_DIN_B[15]","clk150","clk150","6.499","7","0.035","0.035"
"clk150","-0.161","6.667","sfo/two_pass_transport/intermediate[0].intermediate_bank/write_gen_reg[17]/C","sfo/two_pass_transport/intermediate[0].intermediate_bank/memory/u_frame_memory/xpm_memory_base_inst/gen_wr_a.gen_word_narrow.mem_reg_uram_119/CAS_IN_BWE_B[5]","clk150","clk150","6.514","11","0.035","0.035"
"clk500","-0.160","2.000","cfo/observation_front/fft_core/m_generation_reg[9]/C","cfo/observation_front/fft_core/m_index_reg[5]/CE","clk500","clk500","2.055","6","-0.009","0.035"
"clk500","-0.160","2.000","cfo/observation_front/fft_core/FSM_sequential_state_reg[1]_rep/C","cfo/observation_front/fft_core/add_i6_reg[4]/CE","clk500","clk500","2.057","1","-0.008","0.035"
"clk500","-0.160","2.000","cfo/observation_front/fft_core/FSM_sequential_state_reg[1]_rep/C","cfo/observation_front/fft_core/add_i6_reg[5]/CE","clk500","clk500","2.057","1","-0.008","0.035"
"clk500","-0.160","2.000","cfo/observation_front/fft_core/FSM_sequential_state_reg[1]_rep/C","cfo/observation_front/fft_core/add_i6_reg[6]/CE","clk500","clk500","2.057","1","-0.008","0.035"
"clk500","-0.160","2.000","cfo/observation_front/fft_core/FSM_sequential_state_reg[1]_rep/C","cfo/observation_front/fft_core/add_i6_reg[7]/CE","clk500","clk500","2.057","1","-0.008","0.035"
"clk500","-0.160","2.000","cfo/observation_front/fft_core/FSM_sequential_state_reg[1]_rep/C","cfo/observation_front/fft_core/sub_i6_reg[4]/CE","clk500","clk500","2.057","1","-0.008","0.035"
"clk500","-0.160","2.000","cfo/observation_front/fft_core/FSM_sequential_state_reg[1]_rep/C","cfo/observation_front/fft_core/sub_i6_reg[5]/CE","clk500","clk500","2.057","1","-0.008","0.035"
"clk500","-0.160","2.000","cfo/observation_front/fft_core/FSM_sequential_state_reg[1]_rep/C","cfo/observation_front/fft_core/sub_i6_reg[6]/CE","clk500","clk500","2.057","1","-0.008","0.035"
"clk500","-0.160","2.000","cfo/observation_front/fft_core/FSM_sequential_state_reg[1]_rep/C","cfo/observation_front/fft_core/sub_i6_reg[7]/CE","clk500","clk500","2.057","1","-0.008","0.035"
"clk500","-0.160","2.000","cfo/observation_front/fft_core/FSM_sequential_state_reg[1]_rep/C","cfo/observation_front/fft_core/tag_reg[2][row_a][0]/CE","clk500","clk500","2.057","1","-0.008","0.035"
"clk500","-0.160","2.000","cfo/observation_front/fft_core/FSM_sequential_state_reg[1]_rep/C","cfo/observation_front/fft_core/tag_reg[2][row_b][4]/CE","clk500","clk500","2.057","1","-0.008","0.035"
"clk500","-0.160","2.000","sfo/residual_estimator/aux_service/u_xfft/U0/i_synth/axi_wrapper/gen_has_nfft.nfft_we_int_reg/C","sfo/residual_estimator/aux_service/u_xfft/U0/i_synth/xfft_inst/non_floating_point.arch_d.xfft_inst/pe_gen[6].natural_order_input.PE/has_ovflo_control.last_ovflo_start.OVFLO_CNT/cnt_reg[12].addsub_reg/R","clk500","clk500","2.043","1","-0.008","0.035"
"clk500","-0.160","2.000","sfo/residual_estimator/aux_service/u_xfft/U0/i_synth/axi_wrapper/gen_has_nfft.nfft_we_int_reg/C","sfo/residual_estimator/aux_service/u_xfft/U0/i_synth/xfft_inst/non_floating_point.arch_d.xfft_inst/pe_gen[6].natural_order_input.PE/has_ovflo_control.last_ovflo_start.OVFLO_CNT/cnt_reg[13].addsub_reg/R","clk500","clk500","2.043","1","-0.008","0.035"
"clk500","-0.160","2.000","sfo/residual_estimator/aux_service/u_xfft/U0/i_synth/axi_wrapper/gen_has_nfft.nfft_we_int_reg/C","sfo/residual_estimator/aux_service/u_xfft/U0/i_synth/xfft_inst/non_floating_point.arch_d.xfft_inst/pe_gen[6].natural_order_input.PE/has_ovflo_control.last_ovflo_start.OVFLO_CNT/cnt_reg[14].addsub_reg/R","clk500","clk500","2.043","1","-0.008","0.035"
"clk500","-0.160","2.000","sfo/residual_estimator/aux_service/u_xfft/U0/i_synth/axi_wrapper/gen_has_nfft.nfft_we_int_reg/C","sfo/residual_estimator/aux_service/u_xfft/U0/i_synth/xfft_inst/non_floating_point.arch_d.xfft_inst/pe_gen[6].natural_order_input.PE/has_ovflo_control.last_ovflo_start.OVFLO_CNT/cnt_reg[15].addsub_reg/R","clk500","clk500","2.043","1","-0.008","0.035"
"clk150","-0.160","6.667","sfo/two_pass_transport/intermediate[0].intermediate_bank/write_gen_reg[17]/C","sfo/two_pass_transport/intermediate[0].intermediate_bank/memory/u_frame_memory/xpm_memory_base_inst/gen_wr_a.gen_word_narrow.mem_reg_uram_144/CAS_IN_EN_A","clk150","clk150","6.387","12","0.035","0.035"
"clk150","-0.160","6.667","poison_sync/syncstages_ff_reg[3]/C","cfo/coarse_banks[0].memory/u_frame_memory/xpm_memory_base_inst/gen_wr_a.gen_word_narrow.mem_reg_uram_121/CAS_IN_BWE_B[7]","clk150","clk150","6.382","12","0.035","0.035"
"clk150","-0.159","6.667","sfo/two_pass_transport/first_resampling/engine/core/stream/lane_phase_reg[11][15]/C","sfo/two_pass_transport/first_resampling/engine/core/stream/arithmetic/real_channel[23].u_real/pre_da/g18.u_add/U0/xst_addsub/i_baseblox.i_baseblox_addsub/no_pipelining.the_addsub/i_lut6.i_lut6_addsub/i_q.i_simple.qreg/i_no_async_controls.output_reg[10]/D","clk150","clk150","6.806","11","-0.010","0.035"
"clk500","-0.159","2.000","cfo/observation_front/fft_core/m_generation_reg[9]/C","cfo/observation_front/fft_core/m_index_reg[4]/CE","clk500","clk500","2.055","6","-0.009","0.035"
"clk150","-0.159","6.667","sfo/two_pass_transport/intermediate[0].intermediate_bank/write_gen_reg[17]/C","sfo/two_pass_transport/intermediate[0].intermediate_bank/memory/u_frame_memory/xpm_memory_base_inst/gen_wr_a.gen_word_narrow.mem_reg_uram_94/CAS_IN_BWE_B[3]","clk150","clk150","6.484","10","0.035","0.035"
"clk150","-0.159","6.667","sfo/two_pass_transport/intermediate[0].intermediate_bank/write_gen_reg[17]/C","sfo/two_pass_transport/intermediate[0].intermediate_bank/memory/u_frame_memory/xpm_memory_base_inst/gen_wr_a.gen_word_narrow.mem_reg_uram_118/CAS_IN_BWE_B[7]","clk150","clk150","6.381","10","0.035","0.035"
"clk500","-0.158","2.000","cfo/observation_front/fft_core/FSM_sequential_state_reg[1]_rep/C","cfo/observation_front/fft_core/ar2_reg[16]/CE","clk500","clk500","2.056","1","-0.007","0.035"
"clk500","-0.158","2.000","cfo/observation_front/fft_core/FSM_sequential_state_reg[1]_rep/C","cfo/observation_front/fft_core/tag_reg[2][row_b][2]/CE","clk500","clk500","2.056","1","-0.007","0.035"
"clk500","-0.158","2.000","cfo/observation_front/fft_core/FSM_sequential_state_reg[1]_rep/C","cfo/observation_front/fft_core/tag_reg[2][row_b][5]/CE","clk500","clk500","2.056","1","-0.007","0.035"
"clk500","-0.158","2.000","cfo/observation_front/fft_core/half_span_reg[0]/C","cfo/observation_front/fft_core/tw_index_reg_rep/ADDRARDADDR[7]","clk500","clk500","1.867","5","0.011","0.035"
"clk150","-0.158","6.667","sfo/two_pass_transport/first_resampling/engine/core/stream/lane_phase_reg[0][20]/C","sfo/two_pass_transport/first_resampling/engine/core/stream/arithmetic/real_channel[1].u_real/pre_bc/g18.u_add/U0/xst_addsub/i_baseblox.i_baseblox_addsub/no_pipelining.the_addsub/i_lut6.i_lut6_addsub/i_q.i_simple.qreg/i_no_async_controls.output_reg[11]/D","clk150","clk150","6.802","10","-0.009","0.035"
"clk150","-0.158","6.667","sfo/two_pass_transport/first_resampling/engine/core/stream/lane_phase_reg[15][7]/C","sfo/two_pass_transport/first_resampling/engine/core/stream/lane_phase_reg[10][9]/D","clk150","clk150","6.804","18","-0.007","0.035"
"clk150","-0.158","6.667","sfo/two_pass_transport/first_resampling/engine/core/stream/lane_phase_reg[0][20]/C","sfo/two_pass_transport/first_resampling/engine/core/stream/arithmetic/real_channel[1].u_real/pre_ca/g18.u_add/U0/xst_addsub/i_baseblox.i_baseblox_addsub/no_pipelining.the_addsub/i_lut6.i_lut6_addsub/i_q.i_simple.qreg/i_no_async_controls.output_reg[7]/D","clk150","clk150","6.802","9","-0.009","0.035"
"clk150","-0.157","6.667","sfo/two_pass_transport/first_resampling/engine/core/stream/lane_phase_reg[15][7]/C","sfo/two_pass_transport/first_resampling/engine/core/stream/lane_phase_reg[5][1]/CE","clk150","clk150","6.718","18","-0.008","0.035"
"clk500","-0.157","2.000","cfo/windows/packed_windows/fifo/gnuram_async_fifo.xpm_fifo_base_inst/rdp_inst/count_value_i_reg[2]/C","cfo/windows/packed_windows/fifo/gnuram_async_fifo.xpm_fifo_base_inst/gen_sdpram.xpm_memory_base_inst/gen_wr_a.gen_word_narrow.mem_reg_bram_10/ADDRBWRADDR[7]","clk500","clk500","1.847","0","0.010","0.035"
"clk500","-0.157","2.000","sfo/residual_estimator/front_stage/main/service/u_xfft/U0/i_synth/axi_wrapper/sclr_int_reg/C","sfo/residual_estimator/front_stage/main/service/u_xfft/U0/i_synth/xfft_inst/non_floating_point.arch_d.xfft_inst/FLOW/reset_sustain.resets_4_pes[2].delay_reset_pe/tc_reg/S","clk500","clk500","2.040","0","-0.008","0.035"
"clk500","-0.157","2.000","sfo/residual_estimator/aux_service/u_xfft/U0/i_synth/xfft_inst/non_floating_point.arch_d.xfft_inst/timing_cnts_has_nfft.duplicate_regs[6].other.nfft_regs[0].nfft_regs_fde/C","sfo/residual_estimator/aux_service/u_xfft/U0/i_synth/xfft_inst/non_floating_point.arch_d.xfft_inst/has_bit_reverse.var_pt_size_muxed_addresses.left_shifter/r14.shifter/use_mux16.use_lut6.sixteen_to_one_mux[2].use_output_reg_and_pipe_reg.reg0/D","clk500","clk500","2.138","3","-0.009","0.035"
"clk150","-0.157","6.667","sfo/two_pass_transport/first_resampling/engine/pack/m_data_reg[112]/C","sfo/two_pass_transport/intermediate[0].intermediate_bank/memory/u_frame_memory/xpm_memory_base_inst/gen_wr_a.gen_word_narrow.mem_reg_uram_121/CAS_IN_DIN_B[40]","clk150","clk150","6.528","7","0.034","0.035"
"clk150","-0.157","6.667","cfo/coarse_rotation/output4_reg[83]/C","cfo/coarse_banks[0].memory/u_frame_memory/xpm_memory_base_inst/gen_wr_a.gen_word_narrow.mem_reg_uram_89/CAS_IN_DIN_B[11]","clk150","clk150","6.509","7","0.036","0.035"
"clk150","-0.157","6.667","sfo/two_pass_transport/shared_raw.hub/raw_store/ram_ra_reg[14]/C","sfo/two_pass_transport/shared_raw.hub/raw_store/memory/u_frame_memory/xpm_memory_base_inst/gen_wr_a.gen_word_narrow.mem_reg_uram_143/CAS_IN_ADDR_A[14]","clk150","clk150","6.306","7","0.034","0.035"
"clk500","-0.156","2.000","cfo/observation_front/fft_core/FSM_sequential_state_reg[0]/C","cfo/observation_front/fft_core/ar5_reg[13]/CE","clk500","clk500","2.052","1","-0.008","0.035"
"clk500","-0.156","2.000","cfo/observation_front/fft_core/FSM_sequential_state_reg[0]/C","cfo/observation_front/fft_core/ar5_reg[6]/CE","clk500","clk500","2.052","1","-0.008","0.035"
"clk150","-0.156","6.667","sfo/two_pass_transport/first_resampling/engine/core/stream/lane_phase_reg[13][13]/C","sfo/two_pass_transport/first_resampling/engine/core/stream/arithmetic/real_channel[26].u_real/pre_da/g18.u_add/U0/xst_addsub/i_baseblox.i_baseblox_addsub/no_pipelining.the_addsub/i_lut6.i_lut6_addsub/i_q.i_simple.qreg/i_no_async_controls.output_reg[17]/D","clk150","clk150","6.804","12","-0.009","0.035"
"clk500","-0.156","2.000","sfo/initial_estimator/owner/fft/u_xfft/U0/i_synth/axi_wrapper/reset_pipe_reg[1]/C","sfo/initial_estimator/owner/fft/u_xfft/U0/i_synth/axi_wrapper/data_out_channel/gen_real_time.data_out_reg[27]/CE","clk500","clk500","2.053","1","-0.007","0.035"
"clk500","-0.156","2.000","sfo/initial_estimator/owner/fft/u_xfft/U0/i_synth/axi_wrapper/reset_pipe_reg[1]/C","sfo/initial_estimator/owner/fft/u_xfft/U0/i_synth/axi_wrapper/data_out_channel/gen_real_time.data_out_reg[31]/CE","clk500","clk500","2.053","1","-0.007","0.035"
"clk150","-0.156","6.667","cfo/coarse_rotation/output4_reg[111]/C","cfo/coarse_banks[0].memory/u_frame_memory/xpm_memory_base_inst/gen_wr_a.gen_word_narrow.mem_reg_uram_121/CAS_IN_DIN_B[39]","clk150","clk150","6.569","7","0.036","0.035"
"clk150","-0.156","6.667","poison_sync/syncstages_ff_reg[3]/C","cfo/coarse_banks[1].memory/u_frame_memory/xpm_memory_base_inst/gen_wr_a.gen_word_narrow.mem_reg_uram_6/CAS_IN_BWE_B[3]","clk150","clk150","6.481","11","0.035","0.035"
"clk150","-0.156","6.667","sfo/two_pass_transport/first_resampling/engine/core/stream/lane_phase_reg[15][7]/C","sfo/two_pass_transport/first_resampling/engine/core/stream/lane_phase_reg[6][20]/D","clk150","clk150","6.802","18","-0.007","0.035"
"clk150","-0.155","6.667","sfo/two_pass_transport/first_resampling/engine/core/stream/lane_phase_reg[11][15]/C","sfo/two_pass_transport/first_resampling/engine/core/stream/arithmetic/real_channel[23].u_real/pre_ab2/g18.u_add/U0/xst_addsub/i_baseblox.i_baseblox_addsub/no_pipelining.the_addsub/i_lut6.i_lut6_addsub/i_q.i_simple.qreg/i_no_async_controls.output_reg[17]/D","clk150","clk150","6.802","12","-0.010","0.035"
"clk150","-0.155","6.667","sfo/two_pass_transport/first_resampling/engine/core/stream/lane_phase_reg[15][7]/C","sfo/two_pass_transport/first_resampling/engine/core/stream/lane_phase_reg[6][18]/D","clk150","clk150","6.801","18","-0.008","0.035"
"clk500","-0.155","2.000","sfo/residual_estimator/front_stage/main/service/u_xfft/U0/i_synth/xfft_inst/non_floating_point.arch_d.xfft_inst/reset_delays[1].other.reset_del_reg[1]/C","sfo/residual_estimator/front_stage/main/service/u_xfft/U0/i_synth/xfft_inst/non_floating_point.arch_d.xfft_inst/pe_gen[1].natural_order_input.PE/has_addr_gen.next_bf2_start_delay/need_sclr_lut.real_shift_ram.FF_gen[0].reg/D","clk500","clk500","2.135","1","-0.010","0.035"
"clk500","-0.155","2.000","cfo/windows/packed_windows/fifo/gnuram_async_fifo.xpm_fifo_base_inst/rdp_inst/count_value_i_reg[1]/C","cfo/windows/packed_windows/fifo/gnuram_async_fifo.xpm_fifo_base_inst/gen_sdpram.xpm_memory_base_inst/gen_wr_a.gen_word_narrow.mem_reg_bram_2/ADDRBWRADDR[6]","clk500","clk500","1.843","0","0.010","0.035"
"clk500","-0.155","2.000","sfo/initial_estimator/owner/fft/u_xfft/U0/i_synth/axi_wrapper/reset_pipe_reg[1]/C","sfo/initial_estimator/owner/fft/u_xfft/U0/i_synth/axi_wrapper/data_out_channel/gen_real_time.data_out_reg[19]/CE","clk500","clk500","2.052","1","-0.007","0.035"
"clk500","-0.155","2.000","sfo/initial_estimator/owner/fft/u_xfft/U0/i_synth/axi_wrapper/reset_pipe_reg[1]/C","sfo/initial_estimator/owner/fft/u_xfft/U0/i_synth/axi_wrapper/data_out_channel/gen_real_time.data_out_reg[30]/CE","clk500","clk500","2.052","1","-0.007","0.035"
"clk500","-0.155","2.000","sfo/residual_estimator/front_stage/main/service/u_egress_fifo/gnuram_async_fifo.xpm_fifo_base_inst/xpm_fifo_rst_inst/gen_rst_ic.wr_rst_busy_ic_reg/C","sfo/residual_estimator/front_stage/main/service/u_egress_fifo/gnuram_async_fifo.xpm_fifo_base_inst/wrpp1_inst/count_value_i_reg[0]/CE","clk500","clk500","2.051","3","-0.009","0.035"
"clk500","-0.155","2.000","sfo/residual_estimator/front_stage/main/service/u_xfft/U0/i_synth/xfft_inst/non_floating_point.arch_d.xfft_inst/reset_delays[3].other.reset_del_reg[3]/C","sfo/residual_estimator/front_stage/main/service/u_xfft/U0/i_synth/xfft_inst/non_floating_point.arch_d.xfft_inst/pe_gen[3].natural_order_input.OVFLO_FIFO/q_i_reg[0]/R","clk500","clk500","2.037","1","-0.009","0.035"
"clk150","-0.155","6.667","sfo/two_pass_transport/first_resampling/engine/core/stream/lane_phase_reg[11][15]/C","sfo/two_pass_transport/first_resampling/engine/core/stream/arithmetic/real_channel[22].u_real/pre_da/g18.u_add/U0/xst_addsub/i_baseblox.i_baseblox_addsub/no_pipelining.the_addsub/i_lut6.i_lut6_addsub/i_q.i_simple.qreg/i_no_async_controls.output_reg[15]/D","clk150","clk150","6.802","10","-0.010","0.035"
"clk500","-0.155","2.000","cfo/observation_front/fft_core/FSM_sequential_state_reg[0]/C","cfo/observation_front/fft_core/tag_reg[4][row_a][2]/CE","clk500","clk500","2.052","1","-0.008","0.035"
"clk150","-0.154","6.667","sfo/two_pass_transport/second_resampling/engine/core/stream/lane_phase_reg[0][3]/C","sfo/two_pass_transport/second_resampling/engine/core/fir15_interpolator/q_core/U0/i_synth/g_polyphase_interpolation_sym_ssr.i_polyphase_interpolation_sym_ssr/g_m_data_chan_fifo.i_m_data_chan_fifo/fifo0/fifo_2_reg[225]/CE","clk150","clk150","6.718","17","-0.007","0.035"
"clk150","-0.154","6.667","sfo/two_pass_transport/second_resampling/engine/core/stream/lane_phase_reg[0][3]/C","sfo/two_pass_transport/second_resampling/engine/core/fir15_interpolator/q_core/U0/i_synth/g_polyphase_interpolation_sym_ssr.i_polyphase_interpolation_sym_ssr/g_m_data_chan_fifo.i_m_data_chan_fifo/fifo0/fifo_2_reg[226]/CE","clk150","clk150","6.718","17","-0.007","0.035"
"clk150","-0.154","6.667","sfo/two_pass_transport/second_resampling/engine/core/stream/lane_phase_reg[0][3]/C","sfo/two_pass_transport/second_resampling/engine/core/fir15_interpolator/q_core/U0/i_synth/g_polyphase_interpolation_sym_ssr.i_polyphase_interpolation_sym_ssr/g_m_data_chan_fifo.i_m_data_chan_fifo/fifo0/fifo_2_reg[227]/CE","clk150","clk150","6.718","17","-0.007","0.035"
"clk150","-0.154","6.667","sfo/two_pass_transport/second_resampling/engine/core/stream/lane_phase_reg[0][3]/C","sfo/two_pass_transport/second_resampling/engine/core/fir15_interpolator/q_core/U0/i_synth/g_polyphase_interpolation_sym_ssr.i_polyphase_interpolation_sym_ssr/g_m_data_chan_fifo.i_m_data_chan_fifo/fifo0/fifo_2_reg[228]/CE","clk150","clk150","6.718","17","-0.007","0.035"
"clk150","-0.154","6.667","sfo/two_pass_transport/second_resampling/engine/core/stream/lane_phase_reg[0][3]/C","sfo/two_pass_transport/second_resampling/engine/core/stream/ring_reg[31][7]/CE","clk150","clk150","6.718","16","-0.007","0.035"
"clk500","-0.154","2.000","sfo/residual_estimator/aux_service/u_xfft/U0/i_synth/xfft_inst/non_floating_point.arch_d.xfft_inst/pe_gen[0].natural_order_input.PE/hasbf2.FB_2.BF_2/wr_addr_del/no_sclr_lut.real_shift_ram.use_baseblock.use_hlutnm_srls.srl_loop[5].i_fdre1/C","sfo/residual_estimator/aux_service/u_xfft/U0/i_synth/xfft_inst/non_floating_point.arch_d.xfft_inst/pe_gen[0].natural_order_input.PE/hasbf2.FB_2.BF_2/MEM/blk_ram.use_bram_only.mem/depth_12_s6_depth_11.main_ram_loop[3].use_RAMB18.ram_2k_loop[0].SDP_RAMB18_9x2048/WEA[0]","clk500","clk500","1.734","1","0.009","0.035"
"clk150","-0.154","6.667","cfo/coarse_rotation/output4_reg[59]/C","cfo/coarse_banks[1].memory/u_frame_memory/xpm_memory_base_inst/gen_wr_a.gen_word_narrow.mem_reg_uram_23/CAS_IN_DIN_B[59]","clk150","clk150","6.490","7","0.034","0.035"
"clk150","-0.153","6.667","sfo/two_pass_transport/first_resampling/engine/pack/m_data_reg[23]/C","sfo/two_pass_transport/intermediate[1].intermediate_bank/memory/u_frame_memory/xpm_memory_base_inst/gen_wr_a.gen_word_narrow.mem_reg_uram_63/CAS_IN_DIN_B[23]","clk150","clk150","6.509","7","0.035","0.035"
"clk150","-0.153","6.667","sfo/two_pass_transport/first_resampling/engine/core/stream/lane_phase_reg[15][7]/C","sfo/two_pass_transport/first_resampling/engine/core/stream/lane_phase_reg[13][4]/D","clk150","clk150","6.799","18","-0.008","0.035"
"clk150","-0.153","6.667","sfo/two_pass_transport/first_resampling/engine/core/stream/lane_phase_reg[13][13]/C","sfo/two_pass_transport/first_resampling/engine/core/stream/arithmetic/real_channel[26].u_real/pre_ab2/g18.u_add/U0/xst_addsub/i_baseblox.i_baseblox_addsub/no_pipelining.the_addsub/i_lut6.i_lut6_addsub/i_q.i_simple.qreg/i_no_async_controls.output_reg[13]/D","clk150","clk150","6.801","11","-0.009","0.035"
"clk150","-0.153","6.667","poison_sync/syncstages_ff_reg[3]/C","cfo/coarse_banks[1].memory/u_frame_memory/xpm_memory_base_inst/gen_wr_a.gen_word_narrow.mem_reg_uram_153/CAS_IN_BWE_B[2]","clk150","clk150","6.514","12","0.035","0.035"
"clk150","-0.153","6.667","sfo/two_pass_transport/intermediate[0].intermediate_bank/write_gen_reg[17]/C","sfo/two_pass_transport/intermediate[0].intermediate_bank/memory/u_frame_memory/xpm_memory_base_inst/gen_wr_a.gen_word_narrow.mem_reg_uram_118/CAS_IN_BWE_B[6]","clk150","clk150","6.471","10","0.035","0.035"
"clk150","-0.152","6.667","sfo/two_pass_transport/second_resampling/engine/core/stream/lane_phase_reg[0][3]/C","sfo/two_pass_transport/second_resampling/engine/core/fir15_interpolator/q_core/U0/i_synth/g_polyphase_interpolation_sym_ssr.i_polyphase_interpolation_sym_ssr/g_m_data_chan_fifo.i_m_data_chan_fifo/fifo0/fifo_2_reg[221]/CE","clk150","clk150","6.716","17","-0.007","0.035"
"clk150","-0.152","6.667","sfo/two_pass_transport/second_resampling/engine/core/stream/lane_phase_reg[0][3]/C","sfo/two_pass_transport/second_resampling/engine/core/fir15_interpolator/q_core/U0/i_synth/g_polyphase_interpolation_sym_ssr.i_polyphase_interpolation_sym_ssr/g_m_data_chan_fifo.i_m_data_chan_fifo/fifo0/fifo_2_reg[222]/CE","clk150","clk150","6.716","17","-0.007","0.035"
"clk150","-0.152","6.667","sfo/two_pass_transport/second_resampling/engine/core/stream/lane_phase_reg[0][3]/C","sfo/two_pass_transport/second_resampling/engine/core/fir15_interpolator/q_core/U0/i_synth/g_polyphase_interpolation_sym_ssr.i_polyphase_interpolation_sym_ssr/g_m_data_chan_fifo.i_m_data_chan_fifo/fifo0/fifo_2_reg[223]/CE","clk150","clk150","6.716","17","-0.007","0.035"
"clk150","-0.152","6.667","sfo/two_pass_transport/second_resampling/engine/core/stream/lane_phase_reg[0][3]/C","sfo/two_pass_transport/second_resampling/engine/core/fir15_interpolator/q_core/U0/i_synth/g_polyphase_interpolation_sym_ssr.i_polyphase_interpolation_sym_ssr/g_m_data_chan_fifo.i_m_data_chan_fifo/fifo0/fifo_2_reg[224]/CE","clk150","clk150","6.716","17","-0.007","0.035"
"clk500","-0.152","2.000","cfo/observation_front/fft_core/half_span_reg[0]/C","cfo/observation_front/fft_core/tw_index_reg_rep/ADDRARDADDR[11]","clk500","clk500","1.834","5","0.011","0.035"
"clk500","-0.152","2.000","sfo/initial_estimator/owner/fft/u_xfft/U0/i_synth/xfft_inst/non_floating_point.arch_d.xfft_inst/has_overflow.natural_ovflo.DOUT_DONE_E_CNT/no_early_reg.I_TC_reg/C","sfo/initial_estimator/owner/fft/u_xfft/U0/i_synth/xfft_inst/non_floating_point.arch_d.xfft_inst/pe_gen[2].natural_order_input.OVFLO_FIFO/rd_cnt_reg[0]/CE","clk500","clk500","2.049","1","-0.009","0.035"
"clk500","-0.152","2.000","sfo/initial_estimator/owner/fft/u_xfft/U0/i_synth/xfft_inst/non_floating_point.arch_d.xfft_inst/has_overflow.natural_ovflo.DOUT_DONE_E_CNT/no_early_reg.I_TC_reg/C","sfo/initial_estimator/owner/fft/u_xfft/U0/i_synth/xfft_inst/non_floating_point.arch_d.xfft_inst/pe_gen[2].natural_order_input.OVFLO_FIFO/rd_cnt_reg[1]/CE","clk500","clk500","2.048","1","-0.009","0.035"
"clk500","-0.152","2.000","sfo/initial_estimator/owner/fft/u_xfft/U0/i_synth/xfft_inst/non_floating_point.arch_d.xfft_inst/has_overflow.natural_ovflo.DOUT_DONE_E_CNT/no_early_reg.I_TC_reg/C","sfo/initial_estimator/owner/fft/u_xfft/U0/i_synth/xfft_inst/non_floating_point.arch_d.xfft_inst/pe_gen[2].natural_order_input.OVFLO_FIFO/rd_cnt_reg[2]/CE","clk500","clk500","2.049","1","-0.009","0.035"
"clk500","-0.152","2.000","sfo/initial_estimator/owner/fft/u_xfft/U0/i_synth/xfft_inst/non_floating_point.arch_d.xfft_inst/has_overflow.natural_ovflo.DOUT_DONE_E_CNT/no_early_reg.I_TC_reg/C","sfo/initial_estimator/owner/fft/u_xfft/U0/i_synth/xfft_inst/non_floating_point.arch_d.xfft_inst/pe_gen[2].natural_order_input.OVFLO_FIFO/rd_cnt_reg[3]/CE","clk500","clk500","2.048","1","-0.009","0.035"
"clk150","-0.152","6.667","sfo/two_pass_transport/first_resampling/engine/pack/m_data_reg[106]/C","sfo/two_pass_transport/intermediate[0].intermediate_bank/memory/u_frame_memory/xpm_memory_base_inst/gen_wr_a.gen_word_narrow.mem_reg_uram_113/CAS_IN_DIN_B[34]","clk150","clk150","6.477","7","0.034","0.035"
"clk150","-0.151","6.667","sfo/two_pass_transport/first_resampling/engine/core/stream/lane_phase_reg[11][15]/C","sfo/two_pass_transport/first_resampling/engine/core/stream/arithmetic/real_channel[23].u_real/pre_da/g18.u_add/U0/xst_addsub/i_baseblox.i_baseblox_addsub/no_pipelining.the_addsub/i_lut6.i_lut6_addsub/i_q.i_simple.qreg/i_no_async_controls.output_reg[11]/D","clk150","clk150","6.798","11","-0.010","0.035"
"clk150","-0.151","6.667","sfo/two_pass_transport/first_resampling/engine/core/stream/lane_phase_reg[15][7]/C","sfo/two_pass_transport/first_resampling/engine/core/stream/lane_phase_reg[6][10]/D","clk150","clk150","6.797","18","-0.008","0.035"
"clk500","-0.151","2.000","cfo/observation_front/fft_core/m_generation_reg[9]/C","cfo/observation_front/fft_core/input_index_reg[2]/CE","clk500","clk500","2.046","6","-0.010","0.035"
"clk500","-0.151","2.000","cfo/observation_front/fft_core/m_generation_reg[9]/C","cfo/observation_front/fft_core/input_index_reg[5]/CE","clk500","clk500","2.046","6","-0.010","0.035"
"clk500","-0.151","2.000","sfo/residual_estimator/front_stage/main/service/u_egress_fifo/gnuram_async_fifo.xpm_fifo_base_inst/xpm_fifo_rst_inst/gen_rst_ic.wr_rst_busy_ic_reg/C","sfo/residual_estimator/front_stage/main/service/u_egress_fifo/gnuram_async_fifo.xpm_fifo_base_inst/wrpp2_inst/count_value_i_reg[0]/CE","clk500","clk500","2.046","3","-0.010","0.035"
"clk500","-0.151","2.000","sfo/residual_estimator/front_stage/main/service/u_xfft/U0/i_synth/axi_wrapper/sclr_int_reg/C","sfo/residual_estimator/front_stage/main/service/u_xfft/U0/i_synth/xfft_inst/non_floating_point.arch_d.xfft_inst/has_overflow.natural_ovflo.DOUT_DONE_E_CNT/no_early_reg.I_TC_reg/R","clk500","clk500","2.033","1","-0.009","0.035"
"clk500","-0.151","2.000","cfo/observation_front/fft_core/FSM_sequential_state_reg[1]_rep/C","cfo/observation_front/fft_core/ar2_reg[17]/CE","clk500","clk500","2.049","1","-0.008","0.035"
"clk500","-0.151","2.000","cfo/observation_front/fft_core/m_generation_reg[9]/C","cfo/observation_front/fft_core/input_index_reg[1]/CE","clk500","clk500","2.047","6","-0.010","0.035"
"clk150","-0.150","6.667","sfo/two_pass_transport/first_resampling/engine/core/stream/lane_phase_reg[13][13]/C","sfo/two_pass_transport/first_resampling/engine/core/stream/arithmetic/real_channel[26].u_real/pre_ab2/g18.u_add/U0/xst_addsub/i_baseblox.i_baseblox_addsub/no_pipelining.the_addsub/i_lut6.i_lut6_addsub/i_q.i_simple.qreg/i_no_async_controls.output_reg[12]/D","clk150","clk150","6.798","11","-0.009","0.035"
"clk500","-0.150","2.000","cfo/reset_fast/arststages_ff_reg[3]/C","cfo/observation_front/fft_core/bank0_reg_bram_0/WEA[2]","clk500","clk500","1.731","1","0.010","0.035"
"clk500","-0.150","2.000","cfo/observation_front/fft_core/half_span_reg[0]/C","cfo/observation_front/fft_core/tw_index_reg_rep/ADDRARDADDR[13]","clk500","clk500","1.852","5","0.011","0.035"
"clk500","-0.150","2.000","sfo/residual_estimator/aux_service/u_xfft/U0/i_synth/axi_wrapper/sclr_int_reg/C","sfo/residual_estimator/aux_service/u_xfft/U0/i_synth/xfft_inst/non_floating_point.arch_d.xfft_inst/has_bit_reverse.pe_natural_out_reg[25]/R","clk500","clk500","2.031","1","-0.010","0.035"
"clk150","-0.150","6.667","cfo/coarse_rotation/output4_reg[92]/C","cfo/coarse_banks[0].memory/u_frame_memory/xpm_memory_base_inst/gen_wr_a.gen_word_narrow.mem_reg_uram_121/CAS_IN_DIN_B[20]","clk150","clk150","6.544","7","0.035","0.035"
"clk150","-0.150","6.667","sfo/two_pass_transport/intermediate[0].intermediate_bank/write_gen_reg[17]/C","sfo/two_pass_transport/intermediate[0].intermediate_bank/memory/u_frame_memory/xpm_memory_base_inst/gen_wr_a.gen_word_narrow.mem_reg_uram_118/CAS_IN_BWE_B[4]","clk150","clk150","6.414","10","0.035","0.035"
"clk150","-0.150","6.667","sfo/two_pass_transport/first_resampling/engine/core/stream/lane_phase_reg[0][20]/C","sfo/two_pass_transport/first_resampling/engine/core/stream/arithmetic/real_channel[0].u_real/pre_da/g18.u_add/U0/xst_addsub/i_baseblox.i_baseblox_addsub/no_pipelining.the_addsub/i_lut6.i_lut6_addsub/i_q.i_simple.qreg/i_no_async_controls.output_reg[9]/D","clk150","clk150","6.794","9","-0.009","0.035"
"clk150","-0.150","6.667","sfo/two_pass_transport/first_resampling/engine/core/stream/lane_phase_reg[15][7]/C","sfo/two_pass_transport/first_resampling/engine/core/stream/lane_phase_reg[2][0]/CE","clk150","clk150","6.711","18","-0.007","0.035"
"clk150","-0.150","6.667","sfo/two_pass_transport/first_resampling/engine/core/stream/lane_phase_reg[15][7]/C","sfo/two_pass_transport/first_resampling/engine/core/stream/lane_phase_reg[2][11]/CE","clk150","clk150","6.711","18","-0.007","0.035"
"clk150","-0.149","6.667","sfo/two_pass_transport/first_resampling/engine/pack/m_data_reg[5]/C","sfo/two_pass_transport/intermediate[0].intermediate_bank/memory/u_frame_memory/xpm_memory_base_inst/gen_wr_a.gen_word_narrow.mem_reg_uram_39/CAS_IN_DIN_B[5]","clk150","clk150","6.483","7","0.035","0.035"
"clk500","-0.149","2.000","cfo/reset_fast/arststages_ff_reg[3]/C","cfo/observation_front/address_valid_reg[0]/D","clk500","clk500","2.131","4","-0.008","0.035"
"clk500","-0.149","2.000","sfo/residual_estimator/front_stage/main/service/u_xfft/U0/i_synth/axi_wrapper/reset_pipe_reg[1]/C","sfo/residual_estimator/front_stage/main/service/u_xfft/U0/i_synth/axi_wrapper/data_out_channel/gen_real_time.data_out_reg[12]/CE","clk500","clk500","2.044","1","-0.010","0.035"
"clk500","-0.149","2.000","sfo/residual_estimator/front_stage/main/service/u_xfft/U0/i_synth/axi_wrapper/reset_pipe_reg[1]/C","sfo/residual_estimator/front_stage/main/service/u_xfft/U0/i_synth/axi_wrapper/data_out_channel/gen_real_time.data_out_reg[20]/CE","clk500","clk500","2.044","1","-0.010","0.035"
"clk500","-0.149","2.000","sfo/residual_estimator/front_stage/main/service/u_xfft/U0/i_synth/axi_wrapper/reset_pipe_reg[1]/C","sfo/residual_estimator/front_stage/main/service/u_xfft/U0/i_synth/axi_wrapper/data_out_channel/gen_real_time.data_out_reg[25]/CE","clk500","clk500","2.044","1","-0.010","0.035"
"clk500","-0.149","2.000","sfo/residual_estimator/front_stage/main/service/u_xfft/U0/i_synth/axi_wrapper/reset_pipe_reg[1]/C","sfo/residual_estimator/front_stage/main/service/u_xfft/U0/i_synth/axi_wrapper/data_out_channel/gen_real_time.data_out_reg[31]/CE","clk500","clk500","2.044","1","-0.010","0.035"
"clk500","-0.149","2.000","sfo/residual_estimator/aux_service/u_xfft/U0/i_synth/axi_wrapper/sclr_int_reg/C","sfo/residual_estimator/aux_service/u_xfft/U0/i_synth/xfft_inst/non_floating_point.arch_d.xfft_inst/has_bit_reverse.pe_natural_out_reg[26]/R","clk500","clk500","2.030","1","-0.010","0.035"
"clk500","-0.149","2.000","sfo/residual_estimator/aux_service/u_xfft/U0/i_synth/xfft_inst/non_floating_point.arch_d.xfft_inst/pe_gen[0].natural_order_input.PE/has_addr_gen.bf2_addr_gen/cnt/cnt_addsub/i_baseblox.i_baseblox_addsub/no_pipelining.the_addsub/i_lut6.i_lut6_addsub/i_q.i_simple.qreg/i_no_async_controls.output_reg[11]/C","sfo/residual_estimator/aux_service/u_xfft/U0/i_synth/xfft_inst/non_floating_point.arch_d.xfft_inst/pe_gen[0].natural_order_input.PE/FB_1.BF_1/MEM/blk_ram.use_bram_only.mem/depth_13_s6_depth_12.main_ram_loop[2].use_RAMB18.ram_2k_loop[0].SDP_RAMB18_9x2048/ADDRBWRADDR[13]","clk500","clk500","1.797","0","0.012","0.035"
"clk500","-0.149","2.000","sfo/residual_estimator/front_stage/main/service/u_xfft/U0/i_synth/axi_wrapper/reset_pipe_reg[1]/C","sfo/residual_estimator/front_stage/main/service/u_xfft/U0/i_synth/axi_wrapper/data_out_channel/gen_real_time.data_out_reg[15]/CE","clk500","clk500","2.045","1","-0.010","0.035"
"clk500","-0.149","2.000","sfo/residual_estimator/front_stage/main/service/u_xfft/U0/i_synth/axi_wrapper/reset_pipe_reg[1]/C","sfo/residual_estimator/front_stage/main/service/u_xfft/U0/i_synth/axi_wrapper/data_out_channel/gen_real_time.data_out_reg[22]/CE","clk500","clk500","2.045","1","-0.010","0.035"
"clk500","-0.149","2.000","sfo/residual_estimator/front_stage/main/service/u_xfft/U0/i_synth/axi_wrapper/reset_pipe_reg[1]/C","sfo/residual_estimator/front_stage/main/service/u_xfft/U0/i_synth/axi_wrapper/data_out_channel/gen_real_time.data_out_reg[27]/CE","clk500","clk500","2.045","1","-0.010","0.035"
"clk500","-0.149","2.000","sfo/residual_estimator/front_stage/main/service/u_xfft/U0/i_synth/xfft_inst/non_floating_point.arch_d.xfft_inst/reset_delays[4].other.reset_del_reg[4]/C","sfo/residual_estimator/front_stage/main/service/u_xfft/U0/i_synth/xfft_inst/non_floating_point.arch_d.xfft_inst/pe_gen[4].natural_order_input.OVFLO_FIFO/delay_reg[15][0]_srl16/CE","clk500","clk500","1.947","1","0.013","0.035"
"clk150","-0.149","6.667","cfo/coarse_rotation/output4_reg[84]/C","cfo/coarse_banks[0].memory/u_frame_memory/xpm_memory_base_inst/gen_wr_a.gen_word_narrow.mem_reg_uram_137/CAS_IN_DIN_B[12]","clk150","clk150","6.451","7","0.035","0.035"
"clk150","-0.148","6.667","sfo/two_pass_transport/first_resampling/engine/core/stream/lane_phase_reg[11][15]/C","sfo/two_pass_transport/first_resampling/engine/core/stream/arithmetic/real_channel[22].u_real/pre_da/g18.u_add/U0/xst_addsub/i_baseblox.i_baseblox_addsub/no_pipelining.the_addsub/i_lut6.i_lut6_addsub/i_q.i_simple.qreg/i_no_async_controls.output_reg[17]/D","clk150","clk150","6.795","11","-0.010","0.035"
"clk150","-0.148","6.667","sfo/two_pass_transport/first_resampling/engine/core/stream/lane_phase_reg[11][15]/C","sfo/two_pass_transport/first_resampling/engine/core/stream/arithmetic/real_channel[23].u_real/pre_ca/g18.u_add/U0/xst_addsub/i_baseblox.i_baseblox_addsub/no_pipelining.the_addsub/i_lut6.i_lut6_addsub/i_q.i_simple.qreg/i_no_async_controls.output_reg[5]/D","clk150","clk150","6.795","10","-0.010","0.035"
"clk500","-0.148","2.000","cfo/windows/sample_index_reg[8]/C","cfo/windows/packed_windows/fifo/gnuram_async_fifo.xpm_fifo_base_inst/rdp_inst/count_value_i_reg[11]/D","clk500","clk500","2.131","7","-0.007","0.035"
"clk150","-0.148","6.667","cfo/coarse_rotation/output4_reg[123]/C","cfo/coarse_banks[0].memory/u_frame_memory/xpm_memory_base_inst/gen_wr_a.gen_word_narrow.mem_reg_uram_97/CAS_IN_DIN_B[51]","clk150","clk150","6.540","7","0.034","0.035"
"clk150","-0.148","6.667","poison_sync/syncstages_ff_reg[3]/C","cfo/coarse_banks[1].memory/u_frame_memory/xpm_memory_base_inst/gen_wr_a.gen_word_narrow.mem_reg_uram_31/CAS_IN_BWE_B[3]","clk150","clk150","6.473","12","0.035","0.035"
"clk150","-0.148","6.667","sfo/two_pass_transport/intermediate[0].intermediate_bank/write_next_reg[13]/C","sfo/two_pass_transport/intermediate[0].intermediate_bank/memory/u_frame_memory/xpm_memory_base_inst/gen_wr_a.gen_word_narrow.mem_reg_uram_121/CAS_IN_ADDR_B[13]","clk150","clk150","6.442","7","0.035","0.035"
"clk500","-0.147","2.000","sfo/residual_estimator/front_stage/main/service/reset_sync500/syncstages_ff_reg[3]/C","sfo/residual_estimator/front_stage/main/service/u_ingress_fifo/gnuram_async_fifo.xpm_fifo_base_inst/gen_sdpram.xpm_memory_base_inst/gen_wr_a.gen_word_wide.mem_reg_bram_0/ENARDEN","clk500","clk500","1.781","2","0.011","0.035"
"clk150","-0.147","6.667","poison_sync/syncstages_ff_reg[3]/C","cfo/coarse_banks[1].memory/u_frame_memory/xpm_memory_base_inst/gen_wr_a.gen_word_narrow.mem_reg_uram_153/CAS_IN_BWE_B[5]","clk150","clk150","6.500","12","0.035","0.035"
"clk500","-0.146","2.000","cfo/observation_front/fft_core/FSM_sequential_state_reg[0]/C","cfo/observation_front/fft_core/ar5_reg[14]/CE","clk500","clk500","2.042","1","-0.009","0.035"
"clk500","-0.146","2.000","cfo/observation_front/fft_core/FSM_sequential_state_reg[0]/C","cfo/observation_front/fft_core/ar5_reg[20]/CE","clk500","clk500","2.042","1","-0.009","0.035"
"clk500","-0.146","2.000","cfo/observation_front/fft_core/FSM_sequential_state_reg[0]/C","cfo/observation_front/fft_core/ar5_reg[25]/CE","clk500","clk500","2.042","1","-0.009","0.035"
"clk500","-0.146","2.000","cfo/windows/sample_index_reg[8]/C","cfo/windows/packed_windows/fifo/gnuram_async_fifo.xpm_fifo_base_inst/rdpp1_inst/count_value_i_reg[2]/D","clk500","clk500","2.129","6","-0.007","0.035"
"clk150","-0.146","6.667","sfo/two_pass_transport/first_resampling/engine/pack/m_data_reg[81]/C","sfo/two_pass_transport/intermediate[0].intermediate_bank/memory/u_frame_memory/xpm_memory_base_inst/gen_wr_a.gen_word_narrow.mem_reg_uram_97/CAS_IN_DIN_B[9]","clk150","clk150","6.525","7","0.034","0.035"
"clk150","-0.146","6.667","cfo/coarse_rotation/output4_reg[25]/C","cfo/coarse_banks[1].memory/u_frame_memory/xpm_memory_base_inst/gen_wr_a.gen_word_narrow.mem_reg_uram_7/CAS_IN_DIN_B[25]","clk150","clk150","6.473","7","0.036","0.035"
"clk150","-0.146","6.667","sfo/two_pass_transport/first_resampling/engine/core/stream/lane_phase_reg[0][20]/C","sfo/two_pass_transport/first_resampling/engine/core/stream/arithmetic/real_channel[1].u_real/pre_bc/g18.u_add/U0/xst_addsub/i_baseblox.i_baseblox_addsub/no_pipelining.the_addsub/i_lut6.i_lut6_addsub/i_q.i_simple.qreg/i_no_async_controls.output_reg[9]/D","clk150","clk150","6.790","10","-0.009","0.035"
"clk150","-0.145","6.667","sfo/two_pass_transport/first_resampling/engine/core/stream/lane_phase_reg[15][7]/C","sfo/two_pass_transport/first_resampling/engine/core/stream/lane_phase_reg[2][14]/CE","clk150","clk150","6.707","18","-0.008","0.035"
"clk500","-0.145","2.000","sfo/residual_estimator/aux_service/u_xfft/U0/i_synth/axi_wrapper/gen_has_nfft.nfft_we_int_reg/C","sfo/residual_estimator/aux_service/u_xfft/U0/i_synth/xfft_inst/non_floating_point.arch_d.xfft_inst/pe_gen[6].natural_order_input.PE/has_ovflo_control.last_ovflo_start.ovflo_Valid_pre_reg_reg/R","clk500","clk500","2.028","1","-0.008","0.035"
"clk150","-0.145","6.667","sfo/two_pass_transport/first_resampling/engine/core/stream/lane_phase_reg[13][13]/C","sfo/two_pass_transport/first_resampling/engine/core/stream/arithmetic/real_channel[26].u_real/pre_da/g18.u_add/U0/xst_addsub/i_baseblox.i_baseblox_addsub/no_pipelining.the_addsub/i_lut6.i_lut6_addsub/i_q.i_simple.qreg/i_no_async_controls.output_reg[13]/D","clk150","clk150","6.793","11","-0.009","0.035"
"clk150","-0.145","6.667","sfo/two_pass_transport/second_resampling/engine/core/stream/lane_phase_reg[14][19]/C","sfo/two_pass_transport/second_resampling/engine/core/stream/arithmetic/real_channel[28].u_real/pre_ab2/g18.u_add/U0/xst_addsub/i_baseblox.i_baseblox_addsub/no_pipelining.the_addsub/i_lut6.i_lut6_addsub/i_q.i_simple.qreg/i_no_async_controls.output_reg[13]/D","clk150","clk150","6.792","8","-0.010","0.035"
"clk150","-0.145","6.667","sfo/two_pass_transport/intermediate[0].intermediate_bank/write_gen_reg[17]/C","sfo/two_pass_transport/intermediate[0].intermediate_bank/memory/u_frame_memory/xpm_memory_base_inst/gen_wr_a.gen_word_narrow.mem_reg_uram_119/CAS_IN_BWE_B[0]","clk150","clk150","6.500","11","0.035","0.035"
"clk150","-0.145","6.667","sfo/two_pass_transport/intermediate[0].intermediate_bank/write_gen_reg[17]/C","sfo/two_pass_transport/intermediate[0].intermediate_bank/memory/u_frame_memory/xpm_memory_base_inst/gen_wr_a.gen_word_narrow.mem_reg_uram_128/CAS_IN_EN_A","clk150","clk150","6.372","12","0.035","0.035"
"clk150","-0.145","6.667","sfo/two_pass_transport/first_resampling/engine/core/stream/lane_phase_reg[15][7]/C","sfo/two_pass_transport/first_resampling/engine/core/stream/lane_phase_reg[5][23]/CE","clk150","clk150","6.705","18","-0.007","0.035"
"clk150","-0.144","6.667","sfo/two_pass_transport/first_resampling/engine/core/stream/lane_phase_reg[11][15]/C","sfo/two_pass_transport/first_resampling/engine/core/stream/arithmetic/real_channel[23].u_real/pre_ab2/g18.u_add/U0/xst_addsub/i_baseblox.i_baseblox_addsub/no_pipelining.the_addsub/i_lut6.i_lut6_addsub/i_q.i_simple.qreg/i_no_async_controls.output_reg[13]/D","clk150","clk150","6.791","11","-0.010","0.035"
"clk150","-0.144","6.667","sfo/two_pass_transport/first_resampling/engine/core/stream/lane_phase_reg[15][7]/C","sfo/two_pass_transport/first_resampling/engine/core/stream/lane_phase_reg[14][3]/D","clk150","clk150","6.790","18","-0.008","0.035"
"clk500","-0.144","2.000","cfo/observation_front/fft_core/FSM_sequential_state_reg[0]/C","cfo/observation_front/fft_core/pr5_reg[20]/CE","clk500","clk500","2.040","1","-0.008","0.035"
"clk500","-0.144","2.000","cfo/observation_front/fft_core/FSM_sequential_state_reg[0]/C","cfo/observation_front/fft_core/pr5_reg[21]/CE","clk500","clk500","2.040","1","-0.008","0.035"
"clk500","-0.144","2.000","cfo/observation_front/fft_core/FSM_sequential_state_reg[0]/C","cfo/observation_front/fft_core/pr5_reg[22]/CE","clk500","clk500","2.040","1","-0.008","0.035"
"clk500","-0.144","2.000","cfo/observation_front/fft_core/FSM_sequential_state_reg[0]/C","cfo/observation_front/fft_core/pr5_reg[23]/CE","clk500","clk500","2.040","1","-0.008","0.035"
"clk500","-0.144","2.000","sfo/initial_estimator/owner/fft/u_xfft/U0/i_synth/axi_wrapper/reset_pipe_reg[1]/C","sfo/initial_estimator/owner/fft/u_ingress_fifo/gnuram_async_fifo.xpm_fifo_base_inst/rdpp1_inst/count_value_i_reg[5]/D","clk500","clk500","2.127","5","-0.007","0.035"
"clk500","-0.144","2.000","sfo/residual_estimator/aux_service/configured_reg/C","sfo/residual_estimator/aux_service/u_xfft/U0/i_synth/axi_wrapper/config_channel_fifo/gen_real_time.data_out_reg[13]/CE","clk500","clk500","2.039","2","-0.010","0.035"
"clk500","-0.144","2.000","sfo/residual_estimator/front_stage/main/service/u_xfft/U0/i_synth/axi_wrapper/sclr_int_reg/C","sfo/residual_estimator/front_stage/main/service/u_xfft/U0/i_synth/xfft_inst/non_floating_point.arch_d.xfft_inst/pe0_bf2_start_gen/need_sclr_lut.real_shift_ram.FF_gen[0].reg/D","clk500","clk500","2.125","1","-0.009","0.035"
"clk150","-0.144","6.667","cfo/coarse_rotation/output4_reg[28]/C","cfo/coarse_banks[1].memory/u_frame_memory/xpm_memory_base_inst/gen_wr_a.gen_word_narrow.mem_reg_uram_23/CAS_IN_DIN_B[28]","clk150","clk150","6.460","7","0.036","0.035"
"clk150","-0.144","6.667","sfo/two_pass_transport/intermediate[0].intermediate_bank/write_gen_reg[17]/C","sfo/two_pass_transport/intermediate[0].intermediate_bank/memory/u_frame_memory/xpm_memory_base_inst/gen_wr_a.gen_word_narrow.mem_reg_uram_129/CAS_IN_BWE_B[3]","clk150","clk150","6.469","13","0.035","0.035"
"clk150","-0.144","6.667","sfo/two_pass_transport/intermediate[0].intermediate_bank/write_gen_reg[17]/C","sfo/two_pass_transport/intermediate[0].intermediate_bank/memory/u_frame_memory/xpm_memory_base_inst/gen_wr_a.gen_word_narrow.mem_reg_uram_145/CAS_IN_BWE_B[8]","clk150","clk150","6.393","13","0.035","0.035"
"clk150","-0.144","6.667","sfo/two_pass_transport/first_resampling/engine/core/stream/lane_phase_reg[15][7]/C","sfo/two_pass_transport/first_resampling/engine/core/stream/lane_phase_reg[13][10]/D","clk150","clk150","6.790","18","-0.007","0.035"
"clk150","-0.143","6.667","sfo/two_pass_transport/first_resampling/engine/core/stream/lane_phase_reg[13][13]/C","sfo/two_pass_transport/first_resampling/engine/core/stream/arithmetic/real_channel[26].u_real/pre_ab2/g18.u_add/U0/xst_addsub/i_baseblox.i_baseblox_addsub/no_pipelining.the_addsub/i_lut6.i_lut6_addsub/i_q.i_simple.qreg/i_no_async_controls.output_reg[10]/D","clk150","clk150","6.791","11","-0.009","0.035"
"clk500","-0.143","2.000","cfo/reset_fast/arststages_ff_reg[3]/C","cfo/estimator/observation_fifo/gnuram_async_fifo.xpm_fifo_base_inst/gen_sdpram.xpm_memory_base_inst/gen_wr_a.gen_word_narrow.mem_reg_0_15_14_27/RAMA/WE","clk500","clk500","1.942","3","0.014","0.035"
"clk500","-0.143","2.000","cfo/reset_fast/arststages_ff_reg[3]/C","cfo/estimator/observation_fifo/gnuram_async_fifo.xpm_fifo_base_inst/gen_sdpram.xpm_memory_base_inst/gen_wr_a.gen_word_narrow.mem_reg_0_15_14_27/RAMA_D1/WE","clk500","clk500","1.942","3","0.014","0.035"
"clk500","-0.143","2.000","cfo/reset_fast/arststages_ff_reg[3]/C","cfo/estimator/observation_fifo/gnuram_async_fifo.xpm_fifo_base_inst/gen_sdpram.xpm_memory_base_inst/gen_wr_a.gen_word_narrow.mem_reg_0_15_14_27/RAMB/WE","clk500","clk500","1.942","3","0.014","0.035"
"clk500","-0.143","2.000","cfo/reset_fast/arststages_ff_reg[3]/C","cfo/estimator/observation_fifo/gnuram_async_fifo.xpm_fifo_base_inst/gen_sdpram.xpm_memory_base_inst/gen_wr_a.gen_word_narrow.mem_reg_0_15_14_27/RAMB_D1/WE","clk500","clk500","1.942","3","0.014","0.035"
"clk500","-0.143","2.000","cfo/reset_fast/arststages_ff_reg[3]/C","cfo/estimator/observation_fifo/gnuram_async_fifo.xpm_fifo_base_inst/gen_sdpram.xpm_memory_base_inst/gen_wr_a.gen_word_narrow.mem_reg_0_15_14_27/RAMC/WE","clk500","clk500","1.942","3","0.014","0.035"
"clk500","-0.143","2.000","cfo/reset_fast/arststages_ff_reg[3]/C","cfo/estimator/observation_fifo/gnuram_async_fifo.xpm_fifo_base_inst/gen_sdpram.xpm_memory_base_inst/gen_wr_a.gen_word_narrow.mem_reg_0_15_14_27/RAMC_D1/WE","clk500","clk500","1.942","3","0.014","0.035"
"clk500","-0.143","2.000","cfo/reset_fast/arststages_ff_reg[3]/C","cfo/estimator/observation_fifo/gnuram_async_fifo.xpm_fifo_base_inst/gen_sdpram.xpm_memory_base_inst/gen_wr_a.gen_word_narrow.mem_reg_0_15_14_27/RAMD/WE","clk500","clk500","1.942","3","0.014","0.035"
"clk500","-0.143","2.000","cfo/reset_fast/arststages_ff_reg[3]/C","cfo/estimator/observation_fifo/gnuram_async_fifo.xpm_fifo_base_inst/gen_sdpram.xpm_memory_base_inst/gen_wr_a.gen_word_narrow.mem_reg_0_15_14_27/RAMD_D1/WE","clk500","clk500","1.942","3","0.014","0.035"
"clk500","-0.143","2.000","cfo/reset_fast/arststages_ff_reg[3]/C","cfo/estimator/observation_fifo/gnuram_async_fifo.xpm_fifo_base_inst/gen_sdpram.xpm_memory_base_inst/gen_wr_a.gen_word_narrow.mem_reg_0_15_14_27/RAME/WE","clk500","clk500","1.942","3","0.014","0.035"
"clk500","-0.143","2.000","cfo/reset_fast/arststages_ff_reg[3]/C","cfo/estimator/observation_fifo/gnuram_async_fifo.xpm_fifo_base_inst/gen_sdpram.xpm_memory_base_inst/gen_wr_a.gen_word_narrow.mem_reg_0_15_14_27/RAME_D1/WE","clk500","clk500","1.942","3","0.014","0.035"
"clk500","-0.143","2.000","cfo/reset_fast/arststages_ff_reg[3]/C","cfo/estimator/observation_fifo/gnuram_async_fifo.xpm_fifo_base_inst/gen_sdpram.xpm_memory_base_inst/gen_wr_a.gen_word_narrow.mem_reg_0_15_14_27/RAMF/WE","clk500","clk500","1.942","3","0.014","0.035"
"clk500","-0.143","2.000","cfo/reset_fast/arststages_ff_reg[3]/C","cfo/estimator/observation_fifo/gnuram_async_fifo.xpm_fifo_base_inst/gen_sdpram.xpm_memory_base_inst/gen_wr_a.gen_word_narrow.mem_reg_0_15_14_27/RAMF_D1/WE","clk500","clk500","1.942","3","0.014","0.035"
"clk500","-0.143","2.000","cfo/reset_fast/arststages_ff_reg[3]/C","cfo/estimator/observation_fifo/gnuram_async_fifo.xpm_fifo_base_inst/gen_sdpram.xpm_memory_base_inst/gen_wr_a.gen_word_narrow.mem_reg_0_15_14_27/RAMG/WE","clk500","clk500","1.942","3","0.014","0.035"
"clk500","-0.143","2.000","cfo/reset_fast/arststages_ff_reg[3]/C","cfo/estimator/observation_fifo/gnuram_async_fifo.xpm_fifo_base_inst/gen_sdpram.xpm_memory_base_inst/gen_wr_a.gen_word_narrow.mem_reg_0_15_14_27/RAMG_D1/WE","clk500","clk500","1.942","3","0.014","0.035"
"clk500","-0.143","2.000","cfo/reset_fast/arststages_ff_reg[3]/C","cfo/estimator/observation_fifo/gnuram_async_fifo.xpm_fifo_base_inst/gen_sdpram.xpm_memory_base_inst/gen_wr_a.gen_word_narrow.mem_reg_0_15_14_27/RAMH/WE","clk500","clk500","1.942","3","0.014","0.035"
"clk500","-0.143","2.000","cfo/reset_fast/arststages_ff_reg[3]/C","cfo/estimator/observation_fifo/gnuram_async_fifo.xpm_fifo_base_inst/gen_sdpram.xpm_memory_base_inst/gen_wr_a.gen_word_narrow.mem_reg_0_15_14_27/RAMH_D1/WE","clk500","clk500","1.942","3","0.014","0.035"
"clk500","-0.143","2.000","cfo/observation_front/index_stage_reg[1]/C","cfo/observation_front/coefficient_address_reg_0_2/ENARDEN","clk500","clk500","1.777","4","0.011","0.035"
"clk500","-0.143","2.000","cfo/observation_front/fft_core/m_generation_reg[9]/C","cfo/observation_front/fft_core/issued_all_reg/D","clk500","clk500","2.124","6","-0.009","0.035"
"clk500","-0.143","2.000","cfo/observation_front/fft_core/FSM_sequential_state_reg[0]/C","cfo/observation_front/fft_core/pr5_reg[10]/CE","clk500","clk500","2.039","1","-0.008","0.035"
"clk500","-0.143","2.000","cfo/observation_front/fft_core/FSM_sequential_state_reg[0]/C","cfo/observation_front/fft_core/pr5_reg[11]/CE","clk500","clk500","2.039","1","-0.008","0.035"
"clk500","-0.143","2.000","cfo/observation_front/fft_core/FSM_sequential_state_reg[0]/C","cfo/observation_front/fft_core/pr5_reg[12]/CE","clk500","clk500","2.039","1","-0.008","0.035"
"clk500","-0.143","2.000","cfo/observation_front/fft_core/FSM_sequential_state_reg[0]/C","cfo/observation_front/fft_core/pr5_reg[13]/CE","clk500","clk500","2.039","1","-0.008","0.035"
"clk500","-0.143","2.000","cfo/observation_front/fft_core/FSM_sequential_state_reg[0]/C","cfo/observation_front/fft_core/pr5_reg[14]/CE","clk500","clk500","2.039","1","-0.008","0.035"
"clk500","-0.143","2.000","cfo/observation_front/fft_core/FSM_sequential_state_reg[0]/C","cfo/observation_front/fft_core/pr5_reg[15]/CE","clk500","clk500","2.039","1","-0.008","0.035"
"clk500","-0.143","2.000","cfo/observation_front/fft_core/FSM_sequential_state_reg[0]/C","cfo/observation_front/fft_core/pr5_reg[8]/CE","clk500","clk500","2.039","1","-0.008","0.035"
"clk500","-0.143","2.000","cfo/observation_front/fft_core/FSM_sequential_state_reg[0]/C","cfo/observation_front/fft_core/pr5_reg[9]/CE","clk500","clk500","2.039","1","-0.008","0.035"
"clk500","-0.143","2.000","cfo/reset_fast/arststages_ff_reg[3]/C","cfo/observation_front/fft_core/tag_reg[3][row_b][3]/R","clk500","clk500","2.026","0","-0.008","0.035"
"clk500","-0.143","2.000","cfo/reset_fast/arststages_ff_reg[3]/C","cfo/observation_front/fft_core/tag_reg[4][row_b][3]/R","clk500","clk500","2.026","0","-0.008","0.035"
"clk500","-0.143","2.000","sfo/initial_estimator/owner/fft/u_xfft/U0/i_synth/xfft_inst/non_floating_point.arch_d.xfft_inst/pe_gen[0].natural_order_input.PE/has_addr_gen.tw_addr_gen/cnt/cnt_addsub/i_baseblox.i_baseblox_addsub/no_pipelining.the_addsub/i_lut6.i_lut6_addsub/i_q.i_simple.qreg/i_no_async_controls.output_reg[6]/C","sfo/initial_estimator/owner/fft/u_xfft/U0/i_synth/xfft_inst/non_floating_point.arch_d.xfft_inst/pe_gen[0].natural_order_input.PE/has_TW_mult.sync_tw_addr/no_sclr_lut.real_shift_ram.use_baseblock.use_hlutnm_srls.srl_loop[2].i_srl16e1/D","clk500","clk500","2.046","0","0.013","0.035"
"clk500","-0.143","2.000","sfo/residual_estimator/aux_service/u_xfft/U0/i_synth/axi_wrapper/sclr_int_reg/C","sfo/residual_estimator/aux_service/u_xfft/U0/i_synth/xfft_inst/non_floating_point.arch_d.xfft_inst/run_time_1.mux0_sclr_reg[0].mux0_sclr_ff/D","clk500","clk500","2.123","1","-0.010","0.035"
"clk500","-0.143","2.000","cfo/windows/packed_windows/fifo/gnuram_async_fifo.xpm_fifo_base_inst/rdp_inst/count_value_i_reg[7]/C","cfo/windows/packed_windows/fifo/gnuram_async_fifo.xpm_fifo_base_inst/gen_sdpram.xpm_memory_base_inst/gen_wr_a.gen_word_narrow.mem_reg_bram_13/ADDRBWRADDR[11]","clk500","clk500","1.815","0","0.010","0.035"
"clk150","-0.143","6.667","cfo/coarse_rotation/output4_reg[95]/C","cfo/coarse_banks[0].memory/u_frame_memory/xpm_memory_base_inst/gen_wr_a.gen_word_narrow.mem_reg_uram_137/CAS_IN_DIN_B[23]","clk150","clk150","6.489","7","0.035","0.035"
"clk150","-0.143","6.667","sfo/two_pass_transport/intermediate[0].intermediate_bank/write_gen_reg[17]/C","sfo/two_pass_transport/intermediate[0].intermediate_bank/memory/u_frame_memory/xpm_memory_base_inst/gen_wr_a.gen_word_narrow.mem_reg_uram_160/CAS_IN_EN_B","clk150","clk150","6.521","12","0.035","0.035"
"clk150","-0.143","6.667","sfo/two_pass_transport/first_resampling/engine/core/stream/lane_phase_reg[15][7]/C","sfo/two_pass_transport/first_resampling/engine/core/stream/lane_phase_reg[13][11]/D","clk150","clk150","6.789","18","-0.007","0.035"
"clk150","-0.142","6.667","sfo/two_pass_transport/first_resampling/engine/core/stream/lane_phase_reg[13][13]/C","sfo/two_pass_transport/first_resampling/engine/core/stream/arithmetic/real_channel[26].u_real/pre_da/g18.u_add/U0/xst_addsub/i_baseblox.i_baseblox_addsub/no_pipelining.the_addsub/i_lut6.i_lut6_addsub/i_q.i_simple.qreg/i_no_async_controls.output_reg[12]/D","clk150","clk150","6.790","11","-0.009","0.035"
"clk500","-0.142","2.000","cfo/observation_front/fft_core/FSM_sequential_state_reg[0]/C","cfo/observation_front/fft_core/tag_reg[4][row_b][2]/CE","clk500","clk500","2.038","1","-0.008","0.035"
"clk500","-0.142","2.000","cfo/observation_front/fft_core/FSM_sequential_state_reg[0]/C","cfo/observation_front/fft_core/tag_reg[4][row_b][5]/CE","clk500","clk500","2.038","1","-0.008","0.035"
"clk500","-0.142","2.000","sfo/residual_estimator/front_stage/main/service/u_xfft/U0/i_synth/xfft_inst/non_floating_point.arch_d.xfft_inst/reset_delays[3].other.reset_del_reg[3]/C","sfo/residual_estimator/front_stage/main/service/u_xfft/U0/i_synth/xfft_inst/non_floating_point.arch_d.xfft_inst/pe_gen[3].natural_order_input.OVFLO_FIFO/delay_reg[15][0]_srl16/CE","clk500","clk500","1.940","1","0.013","0.035"
"clk150","-0.142","6.667","sfo/two_pass_transport/intermediate[0].intermediate_bank/write_next_reg[1]/C","sfo/two_pass_transport/intermediate[0].intermediate_bank/memory/u_frame_memory/xpm_memory_base_inst/gen_wr_a.gen_word_narrow.mem_reg_uram_105/CAS_IN_ADDR_B[1]","clk150","clk150","6.478","7","0.035","0.035"
"clk150","-0.142","6.667","cfo/coarse_rotation/output4_reg[90]/C","cfo/coarse_banks[0].memory/u_frame_memory/xpm_memory_base_inst/gen_wr_a.gen_word_narrow.mem_reg_uram_137/CAS_IN_DIN_B[18]","clk150","clk150","6.510","7","0.034","0.035"
"clk150","-0.142","6.667","sfo/two_pass_transport/shared_raw.hub/raw_store/ram_ra_reg[14]/C","sfo/two_pass_transport/shared_raw.hub/raw_store/memory/u_frame_memory/xpm_memory_base_inst/gen_wr_a.gen_word_narrow.mem_reg_uram_151/CAS_IN_ADDR_A[14]","clk150","clk150","6.291","7","0.034","0.035"
"clk150","-0.141","6.667","sfo/two_pass_transport/first_resampling/engine/core/stream/lane_phase_reg[11][15]/C","sfo/two_pass_transport/first_resampling/engine/core/stream/arithmetic/real_channel[23].u_real/pre_ab2/g18.u_add/U0/xst_addsub/i_baseblox.i_baseblox_addsub/no_pipelining.the_addsub/i_lut6.i_lut6_addsub/i_q.i_simple.qreg/i_no_async_controls.output_reg[12]/D","clk150","clk150","6.788","11","-0.010","0.035"
"clk500","-0.141","2.000","sfo/residual_estimator/aux_service/u_xfft/U0/i_synth/axi_wrapper/sclr_int_reg/C","sfo/residual_estimator/aux_service/u_xfft/U0/i_synth/xfft_inst/non_floating_point.arch_d.xfft_inst/has_bit_reverse.pe_natural_out_reg[4]/R","clk500","clk500","2.022","1","-0.010","0.035"
"clk150","-0.141","6.667","cfo/coarse_rotation/output4_reg[41]/C","cfo/coarse_banks[1].memory/u_frame_memory/xpm_memory_base_inst/gen_wr_a.gen_word_narrow.mem_reg_uram_31/CAS_IN_DIN_B[41]","clk150","clk150","6.508","7","0.034","0.035"
"clk150","-0.141","6.667","sfo/two_pass_transport/shared_raw.hub/raw_store/ram_ra_reg[10]/C","sfo/two_pass_transport/shared_raw.hub/raw_store/memory/u_frame_memory/xpm_memory_base_inst/gen_wr_a.gen_word_narrow.mem_reg_uram_119/CAS_IN_ADDR_A[10]","clk150","clk150","6.360","7","0.035","0.035"
"clk150","-0.141","6.667","sfo/two_pass_transport/first_resampling/engine/core/stream/lane_phase_reg[0][20]/C","sfo/two_pass_transport/first_resampling/engine/core/stream/arithmetic/real_channel[0].u_real/pre_bc/g18.u_add/U0/xst_addsub/i_baseblox.i_baseblox_addsub/no_pipelining.the_addsub/i_lut6.i_lut6_addsub/i_q.i_simple.qreg/i_no_async_controls.output_reg[5]/D","clk150","clk150","6.785","8","-0.009","0.035"
"clk150","-0.141","6.667","sfo/two_pass_transport/first_resampling/engine/core/stream/lane_phase_reg[15][7]/C","sfo/two_pass_transport/first_resampling/engine/core/stream/lane_phase_reg[13][21]/D","clk150","clk150","6.787","18","-0.007","0.035"
"clk500","-0.140","2.000","sfo/residual_estimator/aux_service/u_xfft/U0/i_synth/xfft_inst/non_floating_point.arch_d.xfft_inst/has_bit_reverse.no_cp.muxed_reorder_write_addr_del_reg[10]/C","sfo/residual_estimator/aux_service/u_xfft/U0/i_synth/xfft_inst/non_floating_point.arch_d.xfft_inst/has_bit_reverse.dig_rev_mem/blk_ram.use_bram_only.mem/depth_14.main_ram_loop[1].use_RAMB18.ram_2k_loop[6].SDP_RAMB18_9x2048/ADDRARDADDR[13]","clk500","clk500","1.847","0","0.010","0.035"
"clk150","-0.140","6.667","sfo/two_pass_transport/second_resampling/engine/core/stream/lane_phase_reg[0][3]/C","sfo/two_pass_transport/second_resampling/engine/core/fir15_interpolator/q_core/U0/i_synth/g_polyphase_interpolation_sym_ssr.i_polyphase_interpolation_sym_ssr/g_m_data_chan_fifo.i_m_data_chan_fifo/fifo0/fifo_2_reg[242]/CE","clk150","clk150","6.704","17","-0.007","0.035"
"clk150","-0.140","6.667","sfo/two_pass_transport/second_resampling/engine/core/stream/lane_phase_reg[0][3]/C","sfo/two_pass_transport/second_resampling/engine/core/fir15_interpolator/q_core/U0/i_synth/g_polyphase_interpolation_sym_ssr.i_polyphase_interpolation_sym_ssr/g_m_data_chan_fifo.i_m_data_chan_fifo/fifo0/fifo_2_reg[243]/CE","clk150","clk150","6.704","17","-0.007","0.035"
"clk150","-0.140","6.667","sfo/two_pass_transport/second_resampling/engine/core/stream/lane_phase_reg[0][3]/C","sfo/two_pass_transport/second_resampling/engine/core/fir15_interpolator/q_core/U0/i_synth/g_polyphase_interpolation_sym_ssr.i_polyphase_interpolation_sym_ssr/g_m_data_chan_fifo.i_m_data_chan_fifo/fifo0/fifo_2_reg[244]/CE","clk150","clk150","6.704","17","-0.007","0.035"
"clk150","-0.140","6.667","sfo/two_pass_transport/second_resampling/engine/core/stream/lane_phase_reg[0][3]/C","sfo/two_pass_transport/second_resampling/engine/core/fir15_interpolator/q_core/U0/i_synth/g_polyphase_interpolation_sym_ssr.i_polyphase_interpolation_sym_ssr/g_m_data_chan_fifo.i_m_data_chan_fifo/fifo0/fifo_2_reg[245]/CE","clk150","clk150","6.704","17","-0.007","0.035"
"clk500","-0.140","2.000","cfo/reset_fast/arststages_ff_reg[3]/C","cfo/observation_front/fft_core/tag_reg[2][row_b][3]/R","clk500","clk500","2.023","0","-0.008","0.035"
"clk500","-0.140","2.000","cfo/reset_fast/arststages_ff_reg[3]/C","cfo/observation_front/fft_core/tag_reg[5][row_b][3]/R","clk500","clk500","2.023","0","-0.008","0.035"
"clk150","-0.140","6.667","cfo/coarse_rotation/output4_reg[95]/C","cfo/coarse_banks[0].memory/u_frame_memory/xpm_memory_base_inst/gen_wr_a.gen_word_narrow.mem_reg_uram_145/CAS_IN_DIN_B[23]","clk150","clk150","6.486","7","0.035","0.035"
"clk150","-0.139","6.667","sfo/two_pass_transport/first_resampling/engine/core/stream/lane_phase_reg[11][15]/C","sfo/two_pass_transport/first_resampling/engine/core/stream/arithmetic/real_channel[23].u_real/pre_da/g18.u_add/U0/xst_addsub/i_baseblox.i_baseblox_addsub/no_pipelining.the_addsub/i_lut6.i_lut6_addsub/i_q.i_simple.qreg/i_no_async_controls.output_reg[9]/D","clk150","clk150","6.786","11","-0.010","0.035"
"clk150","-0.139","6.667","sfo/two_pass_transport/first_resampling/engine/core/stream/lane_phase_reg[15][7]/C","sfo/two_pass_transport/first_resampling/engine/core/stream/lane_phase_reg[10][20]/D","clk150","clk150","6.785","18","-0.008","0.035"
"clk500","-0.139","2.000","cfo/observation_front/fft_core/FSM_sequential_state_reg[0]/C","cfo/observation_front/fft_core/ai4_reg[22]/CE","clk500","clk500","2.036","1","-0.008","0.035"
"clk500","-0.139","2.000","cfo/observation_front/fft_core/FSM_sequential_state_reg[0]/C","cfo/observation_front/fft_core/ar4_reg[18]/CE","clk500","clk500","2.036","1","-0.008","0.035"
"clk500","-0.139","2.000","cfo/observation_front/fft_core/FSM_sequential_state_reg[0]/C","cfo/observation_front/fft_core/ar4_reg[21]/CE","clk500","clk500","2.036","1","-0.008","0.035"
"clk500","-0.139","2.000","cfo/observation_front/fft_core/FSM_sequential_state_reg[0]/C","cfo/observation_front/fft_core/ar4_reg[23]/CE","clk500","clk500","2.036","1","-0.008","0.035"
"clk150","-0.139","6.667","sfo/two_pass_transport/intermediate[0].intermediate_bank/write_gen_reg[17]/C","sfo/two_pass_transport/intermediate[0].intermediate_bank/memory/u_frame_memory/xpm_memory_base_inst/gen_wr_a.gen_word_narrow.mem_reg_uram_89/CAS_IN_BWE_B[7]","clk150","clk150","6.361","13","0.035","0.035"
"clk150","-0.139","6.667","poison_sync/syncstages_ff_reg[3]/C","cfo/coarse_banks[0].memory/u_frame_memory/xpm_memory_base_inst/gen_wr_a.gen_word_narrow.mem_reg_uram_71/CAS_IN_BWE_B[4]","clk150","clk150","6.403","12","0.035","0.035"
"clk150","-0.138","6.667","sfo/two_pass_transport/first_resampling/engine/pack/m_data_reg[86]/C","sfo/two_pass_transport/intermediate[1].intermediate_bank/memory/u_frame_memory/xpm_memory_base_inst/gen_wr_a.gen_word_narrow.mem_reg_uram_97/CAS_IN_DIN_B[14]","clk150","clk150","6.506","7","0.035","0.035"
"clk150","-0.138","6.667","sfo/two_pass_transport/second_resampling/engine/core/stream/lane_phase_reg[0][3]/C","sfo/two_pass_transport/second_resampling/engine/core/fir15_interpolator/q_core/U0/i_synth/g_polyphase_interpolation_sym_ssr.i_polyphase_interpolation_sym_ssr/g_m_data_chan_fifo.i_m_data_chan_fifo/fifo0/fifo_2_reg[238]/CE","clk150","clk150","6.702","17","-0.007","0.035"
"clk150","-0.138","6.667","sfo/two_pass_transport/second_resampling/engine/core/stream/lane_phase_reg[0][3]/C","sfo/two_pass_transport/second_resampling/engine/core/fir15_interpolator/q_core/U0/i_synth/g_polyphase_interpolation_sym_ssr.i_polyphase_interpolation_sym_ssr/g_m_data_chan_fifo.i_m_data_chan_fifo/fifo0/fifo_2_reg[239]/CE","clk150","clk150","6.702","17","-0.007","0.035"
"clk150","-0.138","6.667","sfo/two_pass_transport/second_resampling/engine/core/stream/lane_phase_reg[0][3]/C","sfo/two_pass_transport/second_resampling/engine/core/fir15_interpolator/q_core/U0/i_synth/g_polyphase_interpolation_sym_ssr.i_polyphase_interpolation_sym_ssr/g_m_data_chan_fifo.i_m_data_chan_fifo/fifo0/fifo_2_reg[240]/CE","clk150","clk150","6.702","17","-0.007","0.035"
"clk150","-0.138","6.667","sfo/two_pass_transport/second_resampling/engine/core/stream/lane_phase_reg[0][3]/C","sfo/two_pass_transport/second_resampling/engine/core/fir15_interpolator/q_core/U0/i_synth/g_polyphase_interpolation_sym_ssr.i_polyphase_interpolation_sym_ssr/g_m_data_chan_fifo.i_m_data_chan_fifo/fifo0/fifo_2_reg[241]/CE","clk150","clk150","6.702","17","-0.007","0.035"
"clk150","-0.138","6.667","cfo/coarse_rotation/output4_reg[55]/C","cfo/coarse_banks[1].memory/u_frame_memory/xpm_memory_base_inst/gen_wr_a.gen_word_narrow.mem_reg_uram_7/CAS_IN_DIN_B[55]","clk150","clk150","6.430","7","0.035","0.035"
"clk150","-0.138","6.667","sfo/two_pass_transport/first_resampling/engine/pack/m_data_reg[77]/C","sfo/two_pass_transport/intermediate[0].intermediate_bank/memory/u_frame_memory/xpm_memory_base_inst/gen_wr_a.gen_word_narrow.mem_reg_uram_137/CAS_IN_DIN_B[5]","clk150","clk150","6.461","7","0.034","0.035"
"clk150","-0.137","6.667","sfo/two_pass_transport/first_resampling/engine/core/stream/lane_phase_reg[15][7]/C","sfo/two_pass_transport/first_resampling/engine/core/stream/lane_phase_reg[14][6]/D","clk150","clk150","6.783","18","-0.008","0.035"
"clk150","-0.137","6.667","sfo/two_pass_transport/first_resampling/engine/core/stream/lane_phase_reg[15][7]/C","sfo/two_pass_transport/first_resampling/engine/core/stream/lane_phase_reg[5][10]/CE","clk150","clk150","6.698","18","-0.008","0.035"
"clk150","-0.137","6.667","sfo/two_pass_transport/first_resampling/engine/core/stream/lane_phase_reg[15][7]/C","sfo/two_pass_transport/first_resampling/engine/core/stream/lane_phase_reg[5][11]/CE","clk150","clk150","6.698","18","-0.008","0.035"
"clk150","-0.137","6.667","sfo/two_pass_transport/first_resampling/engine/core/stream/lane_phase_reg[15][7]/C","sfo/two_pass_transport/first_resampling/engine/core/stream/lane_phase_reg[5][18]/CE","clk150","clk150","6.698","18","-0.008","0.035"
"clk150","-0.137","6.667","sfo/two_pass_transport/second_resampling/engine/core/stream/lane_phase_reg[0][3]/C","sfo/two_pass_transport/second_resampling/engine/error_sticky_reg/D","clk150","clk150","6.786","20","-0.008","0.035"
"clk150","-0.137","6.667","sfo/two_pass_transport/first_resampling/engine/core/stream/lane_phase_reg[11][15]/C","sfo/two_pass_transport/first_resampling/engine/core/stream/arithmetic/real_channel[22].u_real/pre_da/g18.u_add/U0/xst_addsub/i_baseblox.i_baseblox_addsub/no_pipelining.the_addsub/i_lut6.i_lut6_addsub/i_q.i_simple.qreg/i_no_async_controls.output_reg[13]/D","clk150","clk150","6.784","10","-0.010","0.035"
"clk500","-0.137","2.000","sfo/residual_estimator/aux_service/u_xfft/U0/i_synth/xfft_inst/non_floating_point.arch_d.xfft_inst/timing_cnts_has_nfft.duplicate_regs[6].other.nfft_regs[0].nfft_regs_fde/C","sfo/residual_estimator/aux_service/u_xfft/U0/i_synth/xfft_inst/non_floating_point.arch_d.xfft_inst/has_bit_reverse.var_pt_size_muxed_addresses.left_shifter/r14.shifter/use_mux16.use_lut6.sixteen_to_one_mux[12].use_output_reg_and_pipe_reg.reg0/D","clk500","clk500","2.118","3","-0.009","0.035"
"clk500","-0.137","2.000","sfo/residual_estimator/aux_service/u_xfft/U0/i_synth/xfft_inst/non_floating_point.arch_d.xfft_inst/timing_cnts_has_nfft.run_time_sel_reg[4]/C","sfo/residual_estimator/aux_service/u_xfft/U0/i_synth/xfft_inst/non_floating_point.arch_d.xfft_inst/pe_gen[3].natural_order_input.PE/bypass_muxes.din_re_mux_gen[8].reg/D","clk500","clk500","2.118","1","-0.009","0.035"
"clk150","-0.137","6.667","poison_sync/syncstages_ff_reg[3]/C","cfo/coarse_banks[0].memory/u_frame_memory/xpm_memory_base_inst/gen_wr_a.gen_word_narrow.mem_reg_uram_71/CAS_IN_BWE_B[2]","clk150","clk150","6.498","12","0.035","0.035"
"clk150","-0.137","6.667","poison_sync/syncstages_ff_reg[3]/C","cfo/coarse_banks[0].memory/u_frame_memory/xpm_memory_base_inst/gen_wr_a.gen_word_narrow.mem_reg_uram_160/CAS_IN_BWE_B[8]","clk150","clk150","6.386","11","0.035","0.035"
"clk150","-0.137","6.667","sfo/two_pass_transport/intermediate[0].intermediate_bank/write_gen_reg[17]/C","sfo/two_pass_transport/intermediate[0].intermediate_bank/memory/u_frame_memory/xpm_memory_base_inst/gen_wr_a.gen_word_narrow.mem_reg_uram_104/CAS_IN_BWE_B[4]","clk150","clk150","6.401","12","0.035","0.035"
"clk150","-0.137","6.667","sfo/two_pass_transport/first_resampling/engine/core/stream/lane_phase_reg[0][20]/C","sfo/two_pass_transport/first_resampling/engine/core/stream/arithmetic/real_channel[1].u_real/pre_ca/g18.u_add/U0/xst_addsub/i_baseblox.i_baseblox_addsub/no_pipelining.the_addsub/i_lut6.i_lut6_addsub/i_q.i_simple.qreg/i_no_async_controls.output_reg[5]/D","clk150","clk150","6.781","9","-0.009","0.035"
"clk500","-0.136","2.000","cfo/observation_front/fft_core/FSM_sequential_state_reg[1]_rep/C","cfo/observation_front/fft_core/ai3_reg[10]/CE","clk500","clk500","2.033","1","-0.008","0.035"
"clk500","-0.136","2.000","cfo/observation_front/fft_core/FSM_sequential_state_reg[0]/C","cfo/observation_front/fft_core/ai5_reg[10]/CE","clk500","clk500","2.032","1","-0.008","0.035"
"clk500","-0.136","2.000","cfo/windows/sample_index_reg[8]/C","cfo/windows/packed_windows/fifo/gnuram_async_fifo.xpm_fifo_base_inst/rdp_inst/count_value_i_reg[9]/D","clk500","clk500","2.119","7","-0.007","0.035"
"clk150","-0.135","6.667","sfo/two_pass_transport/first_resampling/engine/core/stream/lane_phase_reg[5][20]/C","sfo/two_pass_transport/first_resampling/engine/core/stream/arithmetic/real_channel[11].u_real/pre_ab2/g18.u_add/U0/xst_addsub/i_baseblox.i_baseblox_addsub/no_pipelining.the_addsub/i_lut6.i_lut6_addsub/i_q.i_simple.qreg/i_no_async_controls.output_reg[3]/D","clk150","clk150","6.782","9","-0.010","0.035"
"clk150","-0.135","6.667","sfo/two_pass_transport/first_resampling/engine/core/stream/lane_phase_reg[13][13]/C","sfo/two_pass_transport/first_resampling/engine/core/stream/arithmetic/real_channel[26].u_real/pre_ab2/g18.u_add/U0/xst_addsub/i_baseblox.i_baseblox_addsub/no_pipelining.the_addsub/i_lut6.i_lut6_addsub/i_q.i_simple.qreg/i_no_async_controls.output_reg[11]/D","clk150","clk150","6.783","11","-0.009","0.035"
"clk500","-0.135","2.000","sfo/residual_estimator/aux_service/u_xfft/U0/i_synth/xfft_inst/non_floating_point.arch_d.xfft_inst/input_delay_re/no_sclr_lut.real_shift_ram.use_baseblock.use_hlutnm_srls.srl_loop[4].i_fdre1/C","sfo/residual_estimator/aux_service/u_xfft/U0/i_synth/xfft_inst/non_floating_point.arch_d.xfft_inst/pe_gen[4].natural_order_input.PE/bypass_muxes.din_re_mux_gen[9].reg/D","clk500","clk500","2.115","1","-0.010","0.035"
"clk500","-0.135","2.000","cfo/observation_front/fft_core/FSM_sequential_state_reg[0]/C","cfo/observation_front/fft_core/ar5_reg[15]/CE","clk500","clk500","2.031","1","-0.009","0.035"
"clk500","-0.135","2.000","cfo/observation_front/fft_core/FSM_sequential_state_reg[0]/C","cfo/observation_front/fft_core/ar5_reg[1]/CE","clk500","clk500","2.031","1","-0.009","0.035"
"clk500","-0.135","2.000","cfo/observation_front/fft_core/FSM_sequential_state_reg[1]_rep/C","cfo/observation_front/fft_core/pr4_reg/DSP_M_DATA_INST/CEM","clk500","clk500","1.958","1","0.015","0.035"
"clk150","-0.135","6.667","sfo/two_pass_transport/first_resampling/engine/core/stream/lane_phase_reg[13][13]/C","sfo/two_pass_transport/first_resampling/engine/core/stream/arithmetic/real_channel[26].u_real/pre_da/g18.u_add/U0/xst_addsub/i_baseblox.i_baseblox_addsub/no_pipelining.the_addsub/i_lut6.i_lut6_addsub/i_q.i_simple.qreg/i_no_async_controls.output_reg[10]/D","clk150","clk150","6.783","11","-0.009","0.035"
"clk500","-0.135","2.000","cfo/observation_front/fft_core/FSM_sequential_state_reg[0]/C","cfo/observation_front/fft_core/ar4_reg[19]/CE","clk500","clk500","2.032","1","-0.009","0.035"
"clk150","-0.134","6.667","sfo/two_pass_transport/first_resampling/engine/core/stream/lane_phase_reg[11][15]/C","sfo/two_pass_transport/first_resampling/engine/core/stream/arithmetic/real_channel[23].u_real/pre_ab2/g18.u_add/U0/xst_addsub/i_baseblox.i_baseblox_addsub/no_pipelining.the_addsub/i_lut6.i_lut6_addsub/i_q.i_simple.qreg/i_no_async_controls.output_reg[10]/D","clk150","clk150","6.781","11","-0.010","0.035"
"clk150","-0.134","6.667","sfo/two_pass_transport/first_resampling/engine/core/stream/lane_phase_reg[15][7]/C","sfo/two_pass_transport/first_resampling/engine/core/stream/lane_phase_reg[10][22]/D","clk150","clk150","6.780","18","-0.008","0.035"
"clk150","-0.134","6.667","sfo/two_pass_transport/first_resampling/engine/core/stream/lane_phase_reg[11][15]/C","sfo/two_pass_transport/first_resampling/engine/core/stream/arithmetic/real_channel[22].u_real/pre_da/g18.u_add/U0/xst_addsub/i_baseblox.i_baseblox_addsub/no_pipelining.the_addsub/i_lut6.i_lut6_addsub/i_q.i_simple.qreg/i_no_async_controls.output_reg[12]/D","clk150","clk150","6.781","10","-0.010","0.035"
"clk500","-0.134","2.000","sfo/residual_estimator/front_stage/main/service/u_xfft/U0/i_synth/xfft_inst/non_floating_point.arch_d.xfft_inst/reset_delays[1].other.reset_del_reg[1]/C","sfo/residual_estimator/front_stage/main/service/u_xfft/U0/i_synth/xfft_inst/non_floating_point.arch_d.xfft_inst/pe_gen[1].natural_order_input.PE/has_addr_gen.bf2_addr_gen/output_cnt.reg_next_start/R","clk500","clk500","2.015","0","-0.010","0.035"
"clk500","-0.134","2.000","sfo/residual_estimator/front_stage/main/service/u_xfft/U0/i_synth/xfft_inst/non_floating_point.arch_d.xfft_inst/reset_delays[1].other.reset_del_reg[1]/C","sfo/residual_estimator/front_stage/main/service/u_xfft/U0/i_synth/xfft_inst/non_floating_point.arch_d.xfft_inst/pe_gen[1].natural_order_input.PE/has_addr_gen.tw_addr_gen/output_cnt.reg_next_start/R","clk500","clk500","2.015","0","-0.010","0.035"
"clk500","-0.133","2.000","cfo/observation_front/fft_core/FSM_sequential_state_reg[0]/C","cfo/observation_front/fft_core/ar5_reg[5]/CE","clk500","clk500","2.029","1","-0.009","0.035"
"clk150","-0.133","6.667","poison_sync/syncstages_ff_reg[3]/C","cfo/coarse_banks[1].memory/u_frame_memory/xpm_memory_base_inst/gen_wr_a.gen_word_narrow.mem_reg_uram_6/CAS_IN_EN_B","clk150","clk150","6.511","11","0.035","0.035"
"clk150","-0.133","6.667","poison_sync/syncstages_ff_reg[3]/C","cfo/coarse_banks[0].memory/u_frame_memory/xpm_memory_base_inst/gen_wr_a.gen_word_narrow.mem_reg_uram_121/CAS_IN_BWE_B[8]","clk150","clk150","6.382","12","0.035","0.035"
"clk150","-0.133","6.667","sfo/two_pass_transport/first_resampling/engine/core/stream/lane_phase_reg[15][7]/C","sfo/two_pass_transport/first_resampling/engine/core/stream/lane_phase_reg[13][9]/D","clk150","clk150","6.779","18","-0.007","0.035"
"clk150","-0.132","6.667","sfo/two_pass_transport/fault_125_to_150/syncstages_ff_reg[1]/C","sfo/two_pass_transport/intermediate[1].intermediate_bank/memory/u_frame_memory/xpm_memory_base_inst/gen_wr_a.gen_word_narrow.mem_reg_uram_153/CAS_IN_BWE_B[0]","clk150","clk150","6.499","14","0.036","0.035"
"clk500","-0.132","2.000","sfo/initial_estimator/owner/fft/u_xfft/U0/i_synth/axi_wrapper/reset_pipe_reg[1]/C","sfo/initial_estimator/owner/fft/u_ingress_fifo/gnuram_async_fifo.xpm_fifo_base_inst/rdp_inst/count_value_i_reg[4]/D","clk500","clk500","2.115","5","-0.007","0.035"
"clk500","-0.132","2.000","sfo/residual_estimator/aux_service/u_xfft/U0/i_synth/xfft_inst/non_floating_point.arch_d.xfft_inst/timing_cnts_has_nfft.run_time_sel_reg[4]/C","sfo/residual_estimator/aux_service/u_xfft/U0/i_synth/xfft_inst/non_floating_point.arch_d.xfft_inst/pe_gen[3].natural_order_input.PE/bypass_muxes.din_re_mux_gen[10].reg/D","clk500","clk500","2.112","1","-0.010","0.035"
"clk500","-0.132","2.000","sfo/residual_estimator/aux_service/u_xfft/U0/i_synth/xfft_inst/non_floating_point.arch_d.xfft_inst/FLOW/has_nfft._nfft_value.NFFT_int_tmp_reg[2]/C","sfo/residual_estimator/aux_service/u_xfft/U0/i_synth/xfft_inst/non_floating_point.arch_d.xfft_inst/FLOW/has_nfft.counter_limit_early_reg[9].max_n_int_minus_one_ff/D","clk500","clk500","2.114","1","-0.008","0.035"
"clk150","-0.132","6.667","sfo/two_pass_transport/first_resampling/engine/pack/m_data_reg[100]/C","sfo/two_pass_transport/intermediate[0].intermediate_bank/memory/u_frame_memory/xpm_memory_base_inst/gen_wr_a.gen_word_narrow.mem_reg_uram_145/CAS_IN_DIN_B[28]","clk150","clk150","6.448","7","0.036","0.035"
"clk150","-0.131","6.667","sfo/two_pass_transport/second_resampling/engine/pack/m_data_reg[24]/C","sfo/two_pass_transport/output_buffer/storage/u_frame_memory/xpm_memory_base_inst/gen_wr_a.gen_word_narrow.mem_reg_bram_34/DINADIN[24]","clk150","clk150","6.507","0","0.009","0.035"
"clk150","-0.131","6.667","sfo/two_pass_transport/second_resampling/engine/core/stream/lane_phase_reg[0][3]/C","sfo/two_pass_transport/second_resampling/engine/core/fir15_interpolator/q_core/U0/i_synth/g_polyphase_interpolation_sym_ssr.i_polyphase_interpolation_sym_ssr/g_m_data_chan_fifo.i_m_data_chan_fifo/fifo0/fifo_2_reg[46]/CE","clk150","clk150","6.695","17","-0.007","0.035"
"clk150","-0.131","6.667","sfo/two_pass_transport/second_resampling/engine/core/stream/lane_phase_reg[0][3]/C","sfo/two_pass_transport/second_resampling/engine/core/fir15_interpolator/q_core/U0/i_synth/g_polyphase_interpolation_sym_ssr.i_polyphase_interpolation_sym_ssr/g_m_data_chan_fifo.i_m_data_chan_fifo/fifo0/fifo_2_reg[47]/CE","clk150","clk150","6.695","17","-0.007","0.035"
"clk150","-0.131","6.667","sfo/two_pass_transport/second_resampling/engine/core/stream/lane_phase_reg[0][3]/C","sfo/two_pass_transport/second_resampling/engine/core/fir15_interpolator/q_core/U0/i_synth/g_polyphase_interpolation_sym_ssr.i_polyphase_interpolation_sym_ssr/g_m_data_chan_fifo.i_m_data_chan_fifo/fifo0/fifo_2_reg[48]/CE","clk150","clk150","6.695","17","-0.007","0.035"
"clk150","-0.131","6.667","sfo/two_pass_transport/second_resampling/engine/core/stream/lane_phase_reg[0][3]/C","sfo/two_pass_transport/second_resampling/engine/core/fir15_interpolator/q_core/U0/i_synth/g_polyphase_interpolation_sym_ssr.i_polyphase_interpolation_sym_ssr/g_m_data_chan_fifo.i_m_data_chan_fifo/fifo0/fifo_2_reg[49]/CE","clk150","clk150","6.695","17","-0.007","0.035"
"clk500","-0.131","2.000","cfo/observation_front/fft_core/FSM_sequential_state_reg[0]/C","cfo/observation_front/fft_core/ar5_reg[2]/CE","clk500","clk500","2.028","1","-0.009","0.035"
"clk150","-0.131","6.667","poison_sync/syncstages_ff_reg[3]/C","cfo/coarse_banks[1].memory/u_frame_memory/xpm_memory_base_inst/gen_wr_a.gen_word_narrow.mem_reg_uram_153/CAS_IN_BWE_B[3]","clk150","clk150","6.456","12","0.035","0.035"
"clk150","-0.131","6.667","sfo/two_pass_transport/intermediate[0].intermediate_bank/write_gen_reg[17]/C","sfo/two_pass_transport/intermediate[0].intermediate_bank/memory/u_frame_memory/xpm_memory_base_inst/gen_wr_a.gen_word_narrow.mem_reg_uram_94/CAS_IN_BWE_B[8]","clk150","clk150","6.380","10","0.035","0.035"
"clk500","-0.130","2.000","cfo/reset_fast/arststages_ff_reg[3]/C","cfo/observation_front/fft_core/tag_reg[1][row_a][4]/R","clk500","clk500","2.012","0","-0.009","0.035"
"clk500","-0.130","2.000","cfo/reset_fast/arststages_ff_reg[3]/C","cfo/observation_front/fft_core/tag_reg[1][row_a][9]/R","clk500","clk500","2.012","0","-0.009","0.035"
"clk500","-0.130","2.000","cfo/reset_fast/arststages_ff_reg[3]/C","cfo/observation_front/fft_core/tag_reg[1][row_b][0]/R","clk500","clk500","2.012","0","-0.009","0.035"
"clk500","-0.130","2.000","cfo/observation_front/fft_core/FSM_sequential_state_reg[0]/C","cfo/observation_front/fft_core/tag_reg[1][row_b][5]/CE","clk500","clk500","2.026","1","-0.008","0.035"
"clk500","-0.130","2.000","cfo/reset_fast/arststages_ff_reg[3]/C","cfo/observation_front/fft_core/tag_reg[1][row_b][6]/R","clk500","clk500","2.012","0","-0.009","0.035"
"clk500","-0.130","2.000","cfo/reset_fast/arststages_ff_reg[3]/C","cfo/observation_front/fft_core/tag_reg[2][row_b][0]/R","clk500","clk500","2.012","0","-0.009","0.035"
"clk500","-0.130","2.000","sfo/residual_estimator/front_stage/main/service/u_xfft/U0/i_synth/axi_wrapper/sclr_int_reg/C","sfo/residual_estimator/front_stage/main/service/u_xfft/U0/i_synth/xfft_inst/non_floating_point.arch_d.xfft_inst/FLOW/has_scale_sch_buffer.scale_sch_int_reg[7]/S","clk500","clk500","2.012","0","-0.009","0.035"
"clk500","-0.130","2.000","sfo/residual_estimator/front_stage/main/service/u_xfft/U0/i_synth/axi_wrapper/sclr_int_reg/C","sfo/residual_estimator/front_stage/main/service/u_xfft/U0/i_synth/xfft_inst/non_floating_point.arch_d.xfft_inst/FLOW/has_scale_sch_buffer.scale_sch_out_i_reg[7]/S","clk500","clk500","2.012","0","-0.009","0.035"
"clk150","-0.130","6.667","poison_sync/syncstages_ff_reg[3]/C","cfo/coarse_banks[1].memory/u_frame_memory/xpm_memory_base_inst/gen_wr_a.gen_word_narrow.mem_reg_uram_153/CAS_IN_EN_B","clk150","clk150","6.508","12","0.035","0.035"
"clk150","-0.130","6.667","cfo/coarse_rotation/output4_reg[29]/C","cfo/coarse_banks[1].memory/u_frame_memory/xpm_memory_base_inst/gen_wr_a.gen_word_narrow.mem_reg_uram_7/CAS_IN_DIN_B[29]","clk150","clk150","6.504","7","0.036","0.035"
"clk150","-0.129","6.667","sfo/two_pass_transport/first_resampling/engine/core/stream/lane_phase_reg[15][7]/C","sfo/two_pass_transport/first_resampling/engine/core/stream/lane_phase_reg[5][12]/CE","clk150","clk150","6.690","18","-0.008","0.035"
"clk150","-0.129","6.667","sfo/two_pass_transport/first_resampling/engine/core/stream/lane_phase_reg[15][7]/C","sfo/two_pass_transport/first_resampling/engine/core/stream/lane_phase_reg[5][16]/CE","clk150","clk150","6.690","18","-0.008","0.035"
"clk150","-0.129","6.667","sfo/two_pass_transport/first_resampling/engine/core/stream/lane_phase_reg[15][7]/C","sfo/two_pass_transport/first_resampling/engine/core/stream/lane_phase_reg[5][17]/CE","clk150","clk150","6.690","18","-0.008","0.035"
"clk150","-0.129","6.667","sfo/two_pass_transport/first_resampling/engine/core/stream/lane_phase_reg[15][7]/C","sfo/two_pass_transport/first_resampling/engine/core/stream/lane_phase_reg[5][4]/CE","clk150","clk150","6.690","18","-0.008","0.035"
"clk500","-0.129","2.000","sfo/initial_estimator/owner/fft/reset_sync500/syncstages_ff_reg[3]/C","sfo/initial_estimator/owner/fft/u_xfft/U0/i_synth/axi_wrapper/config_channel_fifo/gen_real_time.data_out_reg[0]/CE","clk500","clk500","2.026","2","-0.007","0.035"
"clk500","-0.129","2.000","cfo/reset_fast/arststages_ff_reg[3]/C","cfo/observation_front/fft_core/tag_reg[3][row_b][0]/R","clk500","clk500","2.011","0","-0.009","0.035"
"clk500","-0.129","2.000","cfo/reset_fast/arststages_ff_reg[3]/C","cfo/observation_front/fft_core/tag_reg[4][row_b][0]/R","clk500","clk500","2.011","0","-0.009","0.035"
"clk150","-0.129","6.667","sfo/two_pass_transport/intermediate[0].intermediate_bank/write_next_reg[16]/C","sfo/two_pass_transport/intermediate[0].intermediate_bank/memory/u_frame_memory/xpm_memory_base_inst/gen_wr_a.gen_word_narrow.mem_reg_uram_121/CAS_IN_ADDR_B[16]","clk150","clk150","6.412","7","0.036","0.035"
"clk150","-0.129","6.667","sfo/two_pass_transport/shared_raw.hub/raw_store/ram_ra_reg[13]/C","sfo/two_pass_transport/shared_raw.hub/raw_store/memory/u_frame_memory/xpm_memory_base_inst/gen_wr_a.gen_word_narrow.mem_reg_uram_63/CAS_IN_ADDR_A[13]","clk150","clk150","6.285","7","0.035","0.035"
"clk500","-0.128","2.000","sfo/initial_estimator/owner/fft/u_xfft/U0/i_synth/axi_wrapper/reset_pipe_reg[1]/C","sfo/initial_estimator/owner/fft/u_ingress_fifo/gnuram_async_fifo.xpm_fifo_base_inst/rdp_inst/count_value_i_reg[3]/D","clk500","clk500","2.111","5","-0.007","0.035"
"clk500","-0.128","2.000","cfo/reset_fast/arststages_ff_reg[3]/C","cfo/observation_front/m_frame_reg[0]/CE","clk500","clk500","2.024","2","-0.009","0.035"
"clk500","-0.128","2.000","cfo/reset_fast/arststages_ff_reg[3]/C","cfo/observation_front/m_frame_reg[15]/CE","clk500","clk500","2.025","2","-0.009","0.035"
"clk500","-0.128","2.000","cfo/reset_fast/arststages_ff_reg[3]/C","cfo/observation_front/m_frame_reg[20]/CE","clk500","clk500","2.024","2","-0.009","0.035"
"clk500","-0.128","2.000","cfo/reset_fast/arststages_ff_reg[3]/C","cfo/observation_front/m_frame_reg[22]/CE","clk500","clk500","2.025","2","-0.009","0.035"
"clk500","-0.128","2.000","cfo/reset_fast/arststages_ff_reg[3]/C","cfo/observation_front/m_frame_reg[29]/CE","clk500","clk500","2.024","2","-0.009","0.035"
"clk500","-0.128","2.000","cfo/reset_fast/arststages_ff_reg[3]/C","cfo/observation_front/m_frame_reg[31]/CE","clk500","clk500","2.025","2","-0.009","0.035"
"clk500","-0.128","2.000","cfo/reset_fast/arststages_ff_reg[3]/C","cfo/observation_front/m_frame_reg[5]/CE","clk500","clk500","2.024","2","-0.009","0.035"
"clk500","-0.128","2.000","cfo/reset_fast/arststages_ff_reg[3]/C","cfo/observation_front/m_frame_reg[7]/CE","clk500","clk500","2.025","2","-0.009","0.035"
"clk500","-0.128","2.000","sfo/initial_estimator/owner/fft/u_xfft/U0/i_synth/axi_wrapper/reset_pipe_reg[1]/C","sfo/initial_estimator/owner/fft/u_ingress_fifo/gnuram_async_fifo.xpm_fifo_base_inst/rdp_inst/count_value_i_reg[2]/D","clk500","clk500","2.111","5","-0.007","0.035"
"clk500","-0.128","2.000","sfo/initial_estimator/owner/fft/u_xfft/U0/i_synth/xfft_inst/non_floating_point.arch_d.xfft_inst/pe_gen[0].natural_order_input.PE/hasbf2.FB_2.BF_2/mem_mux_and_reg_upper_re/slicel_slicem_implementation.mux/use_lut6_2.latency1.Q_reg[5]/C","sfo/initial_estimator/owner/fft/u_xfft/U0/i_synth/xfft_inst/non_floating_point.arch_d.xfft_inst/pe_gen[0].natural_order_input.PE/hasbf2.FB_2.BF_2/MEM/blk_ram.use_bram_only.mem/depths_3to9.ram_loop[0].use_RAMB18.SDP_RAMB18E1_36x512/DINADIN[5]","clk500","clk500","1.843","0","0.012","0.035"
"clk150","-0.128","6.667","sfo/two_pass_transport/first_resampling/engine/pack/m_data_reg[125]/C","sfo/two_pass_transport/intermediate[0].intermediate_bank/memory/u_frame_memory/xpm_memory_base_inst/gen_wr_a.gen_word_narrow.mem_reg_uram_97/CAS_IN_DIN_B[53]","clk150","clk150","6.490","7","0.036","0.035"
"clk150","-0.128","6.667","sfo/two_pass_transport/shared_raw.hub/raw_store/ram_ra_reg[10]/C","sfo/two_pass_transport/shared_raw.hub/raw_store/memory/u_frame_memory/xpm_memory_base_inst/gen_wr_a.gen_word_narrow.mem_reg_uram_126/CAS_IN_ADDR_A[10]","clk150","clk150","6.347","6","0.035","0.035"
"clk150","-0.128","6.667","sfo/two_pass_transport/intermediate[0].intermediate_bank/write_gen_reg[17]/C","sfo/two_pass_transport/intermediate[0].intermediate_bank/memory/u_frame_memory/xpm_memory_base_inst/gen_wr_a.gen_word_narrow.mem_reg_uram_104/CAS_IN_BWE_B[8]","clk150","clk150","6.377","12","0.035","0.035"
"clk150","-0.127","6.667","cfo/coarse_rotation/tag_pipe_reg[4][10]_replica/C","cfo/coarse_banks[1].memory/u_frame_memory/xpm_memory_base_inst/gen_wr_a.gen_word_narrow.mem_reg_uram_15/CAS_IN_ADDR_B[9]","clk150","clk150","6.485","7","0.034","0.035"
"clk150","-0.127","6.667","sfo/two_pass_transport/first_resampling/engine/core/stream/lane_phase_reg[15][7]/C","sfo/two_pass_transport/first_resampling/engine/core/stream/lane_phase_reg[1][14]/D","clk150","clk150","6.773","18","-0.008","0.035"
"clk500","-0.127","2.000","cfo/observation_front/fft_core/m_generation_reg[9]/C","cfo/observation_front/fft_core/m_error_reg[1]/CE","clk500","clk500","2.022","6","-0.009","0.035"
"clk500","-0.127","2.000","sfo/initial_estimator/owner/fft/u_xfft/U0/i_synth/axi_wrapper/reset_pipe_reg[1]/C","sfo/initial_estimator/owner/fft/u_ingress_fifo/gnuram_async_fifo.xpm_fifo_base_inst/rdpp1_inst/count_value_i_reg[6]/D","clk500","clk500","2.110","5","-0.007","0.035"
"clk150","-0.127","6.667","sfo/two_pass_transport/first_resampling/engine/core/stream/lane_phase_reg[11][15]/C","sfo/two_pass_transport/first_resampling/engine/core/stream/arithmetic/real_channel[22].u_real/pre_da/g18.u_add/U0/xst_addsub/i_baseblox.i_baseblox_addsub/no_pipelining.the_addsub/i_lut6.i_lut6_addsub/i_q.i_simple.qreg/i_no_async_controls.output_reg[10]/D","clk150","clk150","6.774","10","-0.010","0.035"
"clk150","-0.127","6.667","sfo/two_pass_transport/first_resampling/engine/core/stream/lane_phase_reg[13][13]/C","sfo/two_pass_transport/first_resampling/engine/core/stream/arithmetic/real_channel[26].u_real/pre_da/g18.u_add/U0/xst_addsub/i_baseblox.i_baseblox_addsub/no_pipelining.the_addsub/i_lut6.i_lut6_addsub/i_q.i_simple.qreg/i_no_async_controls.output_reg[11]/D","clk150","clk150","6.775","11","-0.009","0.035"
"clk500","-0.127","2.000","cfo/windows/packed_windows/fifo/gnuram_async_fifo.xpm_fifo_base_inst/rdp_inst/count_value_i_reg[1]/C","cfo/windows/packed_windows/fifo/gnuram_async_fifo.xpm_fifo_base_inst/gen_sdpram.xpm_memory_base_inst/gen_wr_a.gen_word_narrow.mem_reg_bram_7/ADDRBWRADDR[6]","clk500","clk500","1.815","0","0.010","0.035"
"clk500","-0.127","2.000","sfo/residual_estimator/aux_service/u_xfft/U0/i_synth/xfft_inst/non_floating_point.arch_d.xfft_inst/FLOW/has_nfft.counter_limit_early_reg[0].max_n_int_minus_one_ff/C","sfo/residual_estimator/aux_service/u_xfft/U0/i_synth/xfft_inst/non_floating_point.arch_d.xfft_inst/pe_gen[2].natural_order_input.PE/has_addr_gen.bf2_addr_gen/cnt/i_tc_compare_reg/D","clk500","clk500","2.107","2","-0.010","0.035"
"clk150","-0.127","6.667","sfo/two_pass_transport/intermediate[0].intermediate_bank/write_next_reg[1]/C","sfo/two_pass_transport/intermediate[0].intermediate_bank/memory/u_frame_memory/xpm_memory_base_inst/gen_wr_a.gen_word_narrow.mem_reg_uram_113/CAS_IN_ADDR_B[1]","clk150","clk150","6.463","7","0.035","0.035"
"clk150","-0.127","6.667","sfo/two_pass_transport/shared_raw.hub/raw_store/ram_ra_reg[11]/C","sfo/two_pass_transport/shared_raw.hub/raw_store/memory/u_frame_memory/xpm_memory_base_inst/gen_wr_a.gen_word_narrow.mem_reg_uram_134/CAS_IN_ADDR_A[11]","clk150","clk150","6.329","6","0.036","0.035"
"clk150","-0.127","6.667","poison_sync/syncstages_ff_reg[3]/C","cfo/coarse_banks[0].memory/u_frame_memory/xpm_memory_base_inst/gen_wr_a.gen_word_narrow.mem_reg_uram_161/CAS_IN_BWE_B[5]","clk150","clk150","6.480","12","0.035","0.035"
"clk150","-0.127","6.667","sfo/two_pass_transport/intermediate[0].intermediate_bank/write_gen_reg[17]/C","sfo/two_pass_transport/intermediate[0].intermediate_bank/memory/u_frame_memory/xpm_memory_base_inst/gen_wr_a.gen_word_narrow.mem_reg_uram_129/CAS_IN_EN_B","clk150","clk150","6.505","13","0.035","0.035"
"clk150","-0.127","6.667","poison_sync/syncstages_ff_reg[3]/C","cfo/coarse_banks[0].memory/u_frame_memory/xpm_memory_base_inst/gen_wr_a.gen_word_narrow.mem_reg_uram_160/CAS_IN_BWE_B[4]","clk150","clk150","6.391","11","0.035","0.035"
"clk150","-0.126","6.667","sfo/two_pass_transport/first_resampling/engine/core/stream/lane_phase_reg[11][15]/C","sfo/two_pass_transport/first_resampling/engine/core/stream/arithmetic/real_channel[23].u_real/pre_ab2/g18.u_add/U0/xst_addsub/i_baseblox.i_baseblox_addsub/no_pipelining.the_addsub/i_lut6.i_lut6_addsub/i_q.i_simple.qreg/i_no_async_controls.output_reg[11]/D","clk150","clk150","6.773","11","-0.010","0.035"
"clk150","-0.126","6.667","sfo/two_pass_transport/first_resampling/engine/core/stream/lane_phase_reg[15][7]/C","sfo/two_pass_transport/first_resampling/engine/core/stream/lane_phase_reg[5][7]/D","clk150","clk150","6.772","18","-0.008","0.035"
"clk500","-0.126","2.000","cfo/reset_fast/arststages_ff_reg[3]/C","cfo/observation_front/fft_core/tag_reg[2][row_a][0]/R","clk500","clk500","2.008","0","-0.009","0.035"
"clk500","-0.126","2.000","cfo/reset_fast/arststages_ff_reg[3]/C","cfo/observation_front/fft_core/tag_reg[2][row_b][4]/R","clk500","clk500","2.008","0","-0.009","0.035"
"clk500","-0.126","2.000","cfo/reset_fast/arststages_ff_reg[3]/C","cfo/observation_front/fft_core/tag_reg[5][row_a][0]/R","clk500","clk500","2.008","0","-0.009","0.035"
"clk500","-0.126","2.000","cfo/reset_fast/arststages_ff_reg[3]/C","cfo/observation_front/fft_core/tag_reg[5][row_a][2]/R","clk500","clk500","2.008","0","-0.009","0.035"
"clk500","-0.126","2.000","cfo/reset_fast/arststages_ff_reg[3]/C","cfo/observation_front/fft_core/tag_reg[5][row_b][4]/R","clk500","clk500","2.008","0","-0.009","0.035"
"clk500","-0.126","2.000","sfo/residual_estimator/aux_service/u_xfft/U0/i_synth/axi_wrapper/sclr_int_reg/C","sfo/residual_estimator/aux_service/u_xfft/U0/i_synth/xfft_inst/non_floating_point.arch_d.xfft_inst/has_bit_reverse.pe_natural_out_reg[23]/R","clk500","clk500","2.007","1","-0.010","0.035"
"clk500","-0.126","2.000","sfo/residual_estimator/aux_service/u_xfft/U0/i_synth/axi_wrapper/sclr_int_reg/C","sfo/residual_estimator/aux_service/u_xfft/U0/i_synth/xfft_inst/non_floating_point.arch_d.xfft_inst/has_bit_reverse.pe_natural_out_reg[24]/R","clk500","clk500","2.007","1","-0.010","0.035"
"clk150","-0.126","6.667","poison_sync/syncstages_ff_reg[3]/C","cfo/coarse_banks[0].memory/u_frame_memory/xpm_memory_base_inst/gen_wr_a.gen_word_narrow.mem_reg_uram_121/CAS_IN_BWE_B[4]","clk150","clk150","6.390","12","0.035","0.035"
"clk150","-0.126","6.667","sfo/two_pass_transport/first_resampling/engine/core/stream/lane_phase_reg[15][7]/C","sfo/two_pass_transport/first_resampling/engine/core/stream/lane_phase_reg[13][27]/CE","clk150","clk150","6.687","18","-0.007","0.035"
"clk150","-0.126","6.667","sfo/two_pass_transport/first_resampling/engine/core/stream/lane_phase_reg[15][7]/C","sfo/two_pass_transport/first_resampling/engine/core/stream/lane_phase_reg[13][29]/CE","clk150","clk150","6.687","18","-0.007","0.035"
"clk150","-0.126","6.667","sfo/two_pass_transport/first_resampling/engine/core/stream/lane_phase_reg[15][7]/C","sfo/two_pass_transport/first_resampling/engine/core/stream/lane_phase_reg[13][34]/CE","clk150","clk150","6.687","18","-0.007","0.035"
"clk150","-0.125","6.667","sfo/two_pass_transport/first_resampling/engine/core/stream/lane_phase_reg[13][13]/C","sfo/two_pass_transport/first_resampling/engine/core/stream/arithmetic/real_channel[26].u_real/pre_ca/g18.u_add/U0/xst_addsub/i_baseblox.i_baseblox_addsub/no_pipelining.the_addsub/i_lut6.i_lut6_addsub/i_q.i_simple.qreg/i_no_async_controls.output_reg[16]/D","clk150","clk150","6.773","11","-0.009","0.035"
"clk150","-0.125","6.667","sfo/two_pass_transport/first_resampling/engine/core/stream/lane_phase_reg[15][7]/C","sfo/two_pass_transport/first_resampling/engine/core/stream/lane_phase_reg[5][9]/D","clk150","clk150","6.771","18","-0.008","0.035"
"clk500","-0.125","2.000","cfo/observation_front/fft_core/FSM_sequential_state_reg[0]/C","cfo/observation_front/fft_core/rr3_reg/DSP_A_B_DATA_INST/CEB1","clk500","clk500","1.950","1","0.014","0.035"
"clk500","-0.125","2.000","cfo/observation_front/fft_core/FSM_sequential_state_reg[0]/C","cfo/observation_front/fft_core/ai4_reg[0]/CE","clk500","clk500","2.021","1","-0.009","0.035"
"clk500","-0.125","2.000","cfo/observation_front/fft_core/FSM_sequential_state_reg[0]/C","cfo/observation_front/fft_core/ar4_reg[11]/CE","clk500","clk500","2.021","1","-0.009","0.035"
"clk500","-0.125","2.000","cfo/observation_front/fft_core/FSM_sequential_state_reg[0]/C","cfo/observation_front/fft_core/ar4_reg[3]/CE","clk500","clk500","2.021","1","-0.009","0.035"
"clk500","-0.125","2.000","cfo/reset_fast/arststages_ff_reg[3]/C","cfo/observation_front/fft_core/tag_reg[4][row_b][1]/R","clk500","clk500","2.007","0","-0.009","0.035"
"clk500","-0.125","2.000","cfo/reset_fast/arststages_ff_reg[3]/C","cfo/observation_front/fft_core/tag_reg[5][row_b][1]/R","clk500","clk500","2.007","0","-0.009","0.035"
"clk500","-0.125","2.000","cfo/estimator/observation_fifo/gnuram_async_fifo.xpm_fifo_base_inst/xpm_fifo_rst_inst/gen_rst_ic.wr_rst_busy_ic_reg/C","cfo/observation_front/sum_i_reg[10]/R","clk500","clk500","2.006","4","-0.010","0.035"
"clk500","-0.125","2.000","cfo/estimator/observation_fifo/gnuram_async_fifo.xpm_fifo_base_inst/xpm_fifo_rst_inst/gen_rst_ic.wr_rst_busy_ic_reg/C","cfo/observation_front/sum_i_reg[11]/R","clk500","clk500","2.006","4","-0.010","0.035"
"clk500","-0.125","2.000","cfo/estimator/observation_fifo/gnuram_async_fifo.xpm_fifo_base_inst/xpm_fifo_rst_inst/gen_rst_ic.wr_rst_busy_ic_reg/C","cfo/observation_front/sum_i_reg[8]/R","clk500","clk500","2.006","4","-0.010","0.035"
"clk500","-0.125","2.000","cfo/estimator/observation_fifo/gnuram_async_fifo.xpm_fifo_base_inst/xpm_fifo_rst_inst/gen_rst_ic.wr_rst_busy_ic_reg/C","cfo/observation_front/sum_i_reg[9]/R","clk500","clk500","2.006","4","-0.010","0.035"
"clk150","-0.125","6.667","sfo/two_pass_transport/second_resampling/engine/core/stream/lane_phase_reg[0][3]/C","sfo/two_pass_transport/second_resampling/engine/core/fir15_interpolator/q_core/U0/i_synth/g_polyphase_interpolation_sym_ssr.i_polyphase_interpolation_sym_ssr/g_m_data_chan_fifo.i_m_data_chan_fifo/fifo0/fifo_2_reg[38]/CE","clk150","clk150","6.689","17","-0.007","0.035"
"clk150","-0.125","6.667","sfo/two_pass_transport/second_resampling/engine/core/stream/lane_phase_reg[0][3]/C","sfo/two_pass_transport/second_resampling/engine/core/fir15_interpolator/q_core/U0/i_synth/g_polyphase_interpolation_sym_ssr.i_polyphase_interpolation_sym_ssr/g_m_data_chan_fifo.i_m_data_chan_fifo/fifo0/fifo_2_reg[39]/CE","clk150","clk150","6.689","17","-0.007","0.035"
"clk150","-0.125","6.667","sfo/two_pass_transport/second_resampling/engine/core/stream/lane_phase_reg[0][3]/C","sfo/two_pass_transport/second_resampling/engine/core/fir15_interpolator/q_core/U0/i_synth/g_polyphase_interpolation_sym_ssr.i_polyphase_interpolation_sym_ssr/g_m_data_chan_fifo.i_m_data_chan_fifo/fifo0/fifo_2_reg[40]/CE","clk150","clk150","6.689","17","-0.007","0.035"
"clk150","-0.125","6.667","sfo/two_pass_transport/second_resampling/engine/core/stream/lane_phase_reg[0][3]/C","sfo/two_pass_transport/second_resampling/engine/core/fir15_interpolator/q_core/U0/i_synth/g_polyphase_interpolation_sym_ssr.i_polyphase_interpolation_sym_ssr/g_m_data_chan_fifo.i_m_data_chan_fifo/fifo0/fifo_2_reg[41]/CE","clk150","clk150","6.689","17","-0.007","0.035"
"clk150","-0.125","6.667","sfo/two_pass_transport/intermediate[0].intermediate_bank/write_next_reg[12]/C","sfo/two_pass_transport/intermediate[0].intermediate_bank/memory/u_frame_memory/xpm_memory_base_inst/gen_wr_a.gen_word_narrow.mem_reg_uram_153/CAS_IN_ADDR_B[12]","clk150","clk150","6.430","7","0.035","0.035"
"clk150","-0.124","6.667","sfo/two_pass_transport/first_resampling/engine/core/stream/lane_phase_reg[13][13]/C","sfo/two_pass_transport/first_resampling/engine/core/stream/arithmetic/real_channel[26].u_real/pre_ca/g18.u_add/U0/xst_addsub/i_baseblox.i_baseblox_addsub/no_pipelining.the_addsub/i_lut6.i_lut6_addsub/i_q.i_simple.qreg/i_no_async_controls.output_reg[14]/D","clk150","clk150","6.772","11","-0.009","0.035"
"clk500","-0.124","2.000","cfo/observation_front/fft_core/FSM_sequential_state_reg[1]_rep/C","cfo/observation_front/fft_core/ai3_reg[18]/CE","clk500","clk500","2.021","1","-0.007","0.035"
"clk500","-0.124","2.000","cfo/estimator/observation_fifo/gnuram_async_fifo.xpm_fifo_base_inst/xpm_fifo_rst_inst/gen_rst_ic.wr_rst_busy_ic_reg/C","cfo/observation_front/sum_i_reg[12]/R","clk500","clk500","2.005","4","-0.010","0.035"
"clk500","-0.124","2.000","cfo/estimator/observation_fifo/gnuram_async_fifo.xpm_fifo_base_inst/xpm_fifo_rst_inst/gen_rst_ic.wr_rst_busy_ic_reg/C","cfo/observation_front/sum_i_reg[13]/R","clk500","clk500","2.005","4","-0.010","0.035"
"clk500","-0.124","2.000","cfo/estimator/observation_fifo/gnuram_async_fifo.xpm_fifo_base_inst/xpm_fifo_rst_inst/gen_rst_ic.wr_rst_busy_ic_reg/C","cfo/observation_front/sum_i_reg[14]/R","clk500","clk500","2.005","4","-0.010","0.035"
"clk500","-0.124","2.000","cfo/estimator/observation_fifo/gnuram_async_fifo.xpm_fifo_base_inst/xpm_fifo_rst_inst/gen_rst_ic.wr_rst_busy_ic_reg/C","cfo/observation_front/sum_i_reg[15]/R","clk500","clk500","2.005","4","-0.010","0.035"
"clk500","-0.124","2.000","cfo/windows/sample_index_reg[5]/C","cfo/windows/packed_windows/fifo/gnuram_async_fifo.xpm_fifo_base_inst/gen_sdpram.xpm_memory_base_inst/gen_wr_a.gen_word_narrow.mem_reg_bram_7/ENBWREN","clk500","clk500","1.759","3","0.012","0.035"
"clk150","-0.124","6.667","poison_sync/syncstages_ff_reg[3]/C","cfo/coarse_banks[0].memory/u_frame_memory/xpm_memory_base_inst/gen_wr_a.gen_word_narrow.mem_reg_uram_121/CAS_IN_BWE_B[2]","clk150","clk150","6.485","12","0.035","0.035"
"clk150","-0.124","6.667","cfo/coarse_rotation/output4_reg[44]/C","cfo/coarse_banks[1].memory/u_frame_memory/xpm_memory_base_inst/gen_wr_a.gen_word_narrow.mem_reg_uram_15/CAS_IN_DIN_B[44]","clk150","clk150","6.471","7","0.036","0.035"
"clk150","-0.124","6.667","sfo/two_pass_transport/shared_raw.hub/raw_store/ram_ra_reg[15]/C","sfo/two_pass_transport/shared_raw.hub/raw_store/memory/u_frame_memory/xpm_memory_base_inst/gen_wr_a.gen_word_narrow.mem_reg_uram_167/CAS_IN_ADDR_A[15]","clk150","clk150","6.268","7","0.036","0.035"
"clk150","-0.123","6.667","cfo/coarse_rotation/tag_pipe_reg[4][12]_replica/C","cfo/coarse_banks[1].memory/u_frame_memory/xpm_memory_base_inst/gen_wr_a.gen_word_narrow.mem_reg_uram_71/CAS_IN_ADDR_B[11]","clk150","clk150","6.473","7","0.034","0.035"
"clk150","-0.123","6.667","sfo/two_pass_transport/first_resampling/engine/core/stream/lane_phase_reg[13][13]/C","sfo/two_pass_transport/first_resampling/engine/core/stream/arithmetic/real_channel[26].u_real/pre_ab2/g18.u_add/U0/xst_addsub/i_baseblox.i_baseblox_addsub/no_pipelining.the_addsub/i_lut6.i_lut6_addsub/i_q.i_simple.qreg/i_no_async_controls.output_reg[9]/D","clk150","clk150","6.771","11","-0.009","0.035"
"clk150","-0.123","6.667","sfo/two_pass_transport/second_resampling/engine/frame_id_reg[9]/C","sfo/two_pass_transport/output_buffer/storage/u_frame_memory/xpm_memory_base_inst/gen_wr_a.gen_word_narrow.mem_reg_bram_89/WEA[2]","clk150","clk150","6.372","7","0.011","0.035"
"clk150","-0.123","6.667","sfo/two_pass_transport/second_resampling/engine/core/stream/lane_phase_reg[0][3]/C","sfo/two_pass_transport/second_resampling/engine/core/fir15_interpolator/q_core/U0/i_synth/g_polyphase_interpolation_sym_ssr.i_polyphase_interpolation_sym_ssr/g_m_data_chan_fifo.i_m_data_chan_fifo/fifo0/fifo_2_reg[34]/CE","clk150","clk150","6.687","17","-0.007","0.035"
"clk150","-0.123","6.667","sfo/two_pass_transport/second_resampling/engine/core/stream/lane_phase_reg[0][3]/C","sfo/two_pass_transport/second_resampling/engine/core/fir15_interpolator/q_core/U0/i_synth/g_polyphase_interpolation_sym_ssr.i_polyphase_interpolation_sym_ssr/g_m_data_chan_fifo.i_m_data_chan_fifo/fifo0/fifo_2_reg[35]/CE","clk150","clk150","6.687","17","-0.007","0.035"
"clk150","-0.123","6.667","sfo/two_pass_transport/second_resampling/engine/core/stream/lane_phase_reg[0][3]/C","sfo/two_pass_transport/second_resampling/engine/core/fir15_interpolator/q_core/U0/i_synth/g_polyphase_interpolation_sym_ssr.i_polyphase_interpolation_sym_ssr/g_m_data_chan_fifo.i_m_data_chan_fifo/fifo0/fifo_2_reg[36]/CE","clk150","clk150","6.687","17","-0.007","0.035"
"clk150","-0.123","6.667","sfo/two_pass_transport/second_resampling/engine/core/stream/lane_phase_reg[0][3]/C","sfo/two_pass_transport/second_resampling/engine/core/fir15_interpolator/q_core/U0/i_synth/g_polyphase_interpolation_sym_ssr.i_polyphase_interpolation_sym_ssr/g_m_data_chan_fifo.i_m_data_chan_fifo/fifo0/fifo_2_reg[37]/CE","clk150","clk150","6.687","17","-0.007","0.035"
"clk500","-0.123","2.000","cfo/reset_fast/arststages_ff_reg[3]/C","cfo/observation_front/fft_core/bank1_reg_bram_0/WEA[0]","clk500","clk500","1.704","1","0.010","0.035"
"clk500","-0.123","2.000","cfo/observation_front/fft_core/FSM_sequential_state_reg[1]_rep/C","cfo/observation_front/fft_core/ai2_reg[10]/CE","clk500","clk500","2.020","1","-0.007","0.035"
"clk500","-0.123","2.000","cfo/observation_front/fft_core/m_generation_reg[9]/C","cfo/observation_front/fft_core/m_error_reg[0]/CE","clk500","clk500","2.019","6","-0.009","0.035"
"clk150","-0.123","6.667","sfo/two_pass_transport/intermediate[0].intermediate_bank/issued_reg[0]/C","sfo/two_pass_transport/intermediate[0].intermediate_bank/memory/u_frame_memory/xpm_memory_base_inst/gen_wr_a.gen_word_narrow.mem_reg_uram_120/CAS_IN_ADDR_A[11]","clk150","clk150","6.323","9","0.034","0.035"
"clk150","-0.123","6.667","sfo/two_pass_transport/intermediate[0].intermediate_bank/write_gen_reg[17]/C","sfo/two_pass_transport/intermediate[0].intermediate_bank/memory/u_frame_memory/xpm_memory_base_inst/gen_wr_a.gen_word_narrow.mem_reg_uram_160/CAS_IN_BWE_B[0]","clk150","clk150","6.478","12","0.035","0.035"
"clk150","-0.123","6.667","sfo/two_pass_transport/first_resampling/engine/core/stream/lane_phase_reg[0][20]/C","sfo/two_pass_transport/first_resampling/engine/core/stream/arithmetic/real_channel[0].u_real/pre_ca/g18.u_add/U0/xst_addsub/i_baseblox.i_baseblox_addsub/no_pipelining.the_addsub/i_lut6.i_lut6_addsub/i_q.i_simple.qreg/i_no_async_controls.output_reg[4]/D","clk150","clk150","6.767","8","-0.009","0.035"
"clk500","-0.122","2.000","cfo/windows/packed_windows/fifo/gnuram_async_fifo.xpm_fifo_base_inst/rdp_inst/count_value_i_reg[5]/C","cfo/windows/packed_windows/fifo/gnuram_async_fifo.xpm_fifo_base_inst/gen_sdpram.xpm_memory_base_inst/gen_wr_a.gen_word_narrow.mem_reg_bram_12/ADDRBWRADDR[9]","clk500","clk500","1.792","0","0.010","0.035"
"clk150","-0.121","6.667","cfo/estimator/backend/quality_core/fft_core/butterfly_index_reg[0]/C","cfo/estimator/backend/quality_core/fft_core/a_reg_reg[35]/D","clk150","clk150","6.769","7","-0.009","0.035"
"clk500","-0.121","2.000","sfo/residual_estimator/front_stage/main/service/u_xfft/U0/i_synth/axi_wrapper/reset_pipe_reg[1]/C","sfo/residual_estimator/front_stage/main/service/u_xfft/U0/i_synth/axi_wrapper/data_out_channel/gen_real_time.data_out_reg[13]/CE","clk500","clk500","2.016","1","-0.010","0.035"
"clk150","-0.121","6.667","sfo/two_pass_transport/shared_raw.hub/raw_store/ram_wa_reg[4]/C","sfo/two_pass_transport/shared_raw.hub/raw_store/memory/u_frame_memory/xpm_memory_base_inst/gen_wr_a.gen_word_narrow.mem_reg_uram_167/CAS_IN_ADDR_B[4]","clk150","clk150","6.486","7","0.036","0.035"
"clk150","-0.121","6.667","cfo/coarse_rotation/output4_reg[84]/C","cfo/coarse_banks[1].memory/u_frame_memory/xpm_memory_base_inst/gen_wr_a.gen_word_narrow.mem_reg_uram_161/CAS_IN_DIN_B[12]","clk150","clk150","6.423","7","0.035","0.035"
"clk150","-0.121","6.667","sfo/two_pass_transport/first_resampling/engine/pack/m_data_reg[102]/C","sfo/two_pass_transport/intermediate[0].intermediate_bank/memory/u_frame_memory/xpm_memory_base_inst/gen_wr_a.gen_word_narrow.mem_reg_uram_121/CAS_IN_DIN_B[30]","clk150","clk150","6.507","7","0.034","0.035"
"clk150","-0.121","6.667","sfo/two_pass_transport/first_resampling/engine/pack/m_data_reg[76]/C","sfo/two_pass_transport/intermediate[0].intermediate_bank/memory/u_frame_memory/xpm_memory_base_inst/gen_wr_a.gen_word_narrow.mem_reg_uram_89/CAS_IN_DIN_B[4]","clk150","clk150","6.488","7","0.034","0.035"
"clk150","-0.121","6.667","cfo/coarse_rotation/output4_reg[102]/C","cfo/coarse_banks[1].memory/u_frame_memory/xpm_memory_base_inst/gen_wr_a.gen_word_narrow.mem_reg_uram_161/CAS_IN_DIN_B[30]","clk150","clk150","6.507","7","0.034","0.035"
"clk150","-0.121","6.667","sfo/two_pass_transport/intermediate[0].intermediate_bank/write_gen_reg[17]/C","sfo/two_pass_transport/intermediate[0].intermediate_bank/memory/u_frame_memory/xpm_memory_base_inst/gen_wr_a.gen_word_narrow.mem_reg_uram_89/CAS_IN_BWE_B[6]","clk150","clk150","6.439","13","0.035","0.035"
"clk150","-0.121","6.667","sfo/two_pass_transport/intermediate[0].intermediate_bank/write_gen_reg[17]/C","sfo/two_pass_transport/intermediate[0].intermediate_bank/memory/u_frame_memory/xpm_memory_base_inst/gen_wr_a.gen_word_narrow.mem_reg_uram_137/CAS_IN_BWE_B[4]","clk150","clk150","6.385","13","0.035","0.035"
"clk500","-0.120","2.000","sfo/residual_estimator/aux_service/u_xfft/U0/i_synth/axi_wrapper/sclr_int_reg/C","sfo/residual_estimator/aux_service/u_xfft/U0/i_synth/xfft_inst/non_floating_point.arch_d.xfft_inst/run_time_1.mux0_sclr_reg[1].mux0_sclr_ff/D","clk500","clk500","2.100","1","-0.010","0.035"
"clk150","-0.120","6.667","poison_sync/syncstages_ff_reg[3]/C","cfo/coarse_banks[1].memory/u_frame_memory/xpm_memory_base_inst/gen_wr_a.gen_word_narrow.mem_reg_uram_6/CAS_IN_BWE_B[5]","clk150","clk150","6.473","11","0.035","0.035"
"clk150","-0.120","6.667","sfo/two_pass_transport/shared_raw.hub/raw_store/ram_ra_reg[14]/C","sfo/two_pass_transport/shared_raw.hub/raw_store/memory/u_frame_memory/xpm_memory_base_inst/gen_wr_a.gen_word_narrow.mem_reg_uram_71/CAS_IN_ADDR_A[14]","clk150","clk150","6.269","7","0.034","0.035"
"clk150","-0.120","6.667","sfo/two_pass_transport/first_resampling/engine/core/stream/lane_phase_reg[15][7]/C","sfo/two_pass_transport/first_resampling/engine/core/stream/credit_used_reg[4]/D","clk150","clk150","6.766","19","-0.007","0.035"
"clk150","-0.119","6.667","sfo/two_pass_transport/first_resampling/engine/core/stream/lane_phase_reg[15][7]/C","sfo/two_pass_transport/first_resampling/engine/core/stream/lane_phase_reg[14][7]/D","clk150","clk150","6.765","18","-0.008","0.035"
"clk150","-0.119","6.667","sfo/two_pass_transport/first_resampling/engine/core/stream/lane_phase_reg[11][15]/C","sfo/two_pass_transport/first_resampling/engine/core/stream/arithmetic/real_channel[22].u_real/pre_da/g18.u_add/U0/xst_addsub/i_baseblox.i_baseblox_addsub/no_pipelining.the_addsub/i_lut6.i_lut6_addsub/i_q.i_simple.qreg/i_no_async_controls.output_reg[11]/D","clk150","clk150","6.766","10","-0.010","0.035"
"clk150","-0.119","6.667","sfo/two_pass_transport/second_resampling/engine/core/stream/lane_phase_reg[0][3]/C","sfo/two_pass_transport/second_resampling/engine/core/fir15_interpolator/q_core/U0/i_synth/g_polyphase_interpolation_sym_ssr.i_polyphase_interpolation_sym_ssr/g_m_data_chan_fifo.i_m_data_chan_fifo/fifo0/fifo_2_reg[59]/CE","clk150","clk150","6.683","17","-0.007","0.035"
"clk150","-0.119","6.667","sfo/two_pass_transport/second_resampling/engine/core/stream/lane_phase_reg[0][3]/C","sfo/two_pass_transport/second_resampling/engine/core/fir15_interpolator/q_core/U0/i_synth/g_polyphase_interpolation_sym_ssr.i_polyphase_interpolation_sym_ssr/g_m_data_chan_fifo.i_m_data_chan_fifo/fifo0/fifo_2_reg[60]/CE","clk150","clk150","6.683","17","-0.007","0.035"
"clk150","-0.119","6.667","sfo/two_pass_transport/second_resampling/engine/core/stream/lane_phase_reg[0][3]/C","sfo/two_pass_transport/second_resampling/engine/core/fir15_interpolator/q_core/U0/i_synth/g_polyphase_interpolation_sym_ssr.i_polyphase_interpolation_sym_ssr/g_m_data_chan_fifo.i_m_data_chan_fifo/fifo0/fifo_2_reg[61]/CE","clk150","clk150","6.683","17","-0.007","0.035"
"clk150","-0.119","6.667","sfo/two_pass_transport/second_resampling/engine/core/stream/lane_phase_reg[0][3]/C","sfo/two_pass_transport/second_resampling/engine/core/fir15_interpolator/q_core/U0/i_synth/g_polyphase_interpolation_sym_ssr.i_polyphase_interpolation_sym_ssr/g_m_data_chan_fifo.i_m_data_chan_fifo/fifo0/fifo_2_reg[62]/CE","clk150","clk150","6.683","17","-0.007","0.035"
"clk500","-0.119","2.000","cfo/reset_fast/arststages_ff_reg[3]/C","cfo/observation_front/fft_core/bank1_reg_bram_1/WEA[0]","clk500","clk500","1.700","1","0.010","0.035"
"clk500","-0.119","2.000","cfo/windows/sample_index_reg[8]/C","cfo/windows/packed_windows/fifo/gnuram_async_fifo.xpm_fifo_base_inst/rdp_inst/count_value_i_reg[8]/D","clk500","clk500","2.102","6","-0.007","0.035"
"clk500","-0.119","2.000","sfo/initial_estimator/owner/fft/u_xfft/U0/i_synth/axi_wrapper/reset_pipe_reg[1]/C","sfo/initial_estimator/owner/fft/u_xfft/U0/i_synth/axi_wrapper/data_out_channel/gen_real_time.data_out_reg[8]/CE","clk500","clk500","2.016","1","-0.008","0.035"
"clk150","-0.119","6.667","cfo/estimator/backend/quality_core/fft_core/input_index_reg[1]_rep__22/C","cfo/estimator/backend/quality_core/fft_core/data_ram_reg[68][36]/D","clk150","clk150","6.768","1","-0.008","0.035"
"clk150","-0.119","6.667","sfo/two_pass_transport/intermediate[0].intermediate_bank/write_gen_reg[17]/C","sfo/two_pass_transport/intermediate[0].intermediate_bank/memory/u_frame_memory/xpm_memory_base_inst/gen_wr_a.gen_word_narrow.mem_reg_uram_118/CAS_IN_EN_B","clk150","clk150","6.497","10","0.035","0.035"
"clk150","-0.118","6.667","sfo/two_pass_transport/second_resampling/engine/core/stream/lane_phase_reg[0][3]/C","sfo/two_pass_transport/second_resampling/engine/core/fir15_interpolator/q_core/U0/i_synth/g_polyphase_interpolation_sym_ssr.i_polyphase_interpolation_sym_ssr/g_m_data_chan_fifo.i_m_data_chan_fifo/fifo0/fifo_2_reg[42]/CE","clk150","clk150","6.682","17","-0.007","0.035"
"clk150","-0.118","6.667","sfo/two_pass_transport/second_resampling/engine/core/stream/lane_phase_reg[0][3]/C","sfo/two_pass_transport/second_resampling/engine/core/fir15_interpolator/q_core/U0/i_synth/g_polyphase_interpolation_sym_ssr.i_polyphase_interpolation_sym_ssr/g_m_data_chan_fifo.i_m_data_chan_fifo/fifo0/fifo_2_reg[43]/CE","clk150","clk150","6.682","17","-0.007","0.035"
"clk150","-0.118","6.667","sfo/two_pass_transport/second_resampling/engine/core/stream/lane_phase_reg[0][3]/C","sfo/two_pass_transport/second_resampling/engine/core/fir15_interpolator/q_core/U0/i_synth/g_polyphase_interpolation_sym_ssr.i_polyphase_interpolation_sym_ssr/g_m_data_chan_fifo.i_m_data_chan_fifo/fifo0/fifo_2_reg[44]/CE","clk150","clk150","6.682","17","-0.007","0.035"
"clk150","-0.118","6.667","sfo/two_pass_transport/second_resampling/engine/core/stream/lane_phase_reg[0][3]/C","sfo/two_pass_transport/second_resampling/engine/core/fir15_interpolator/q_core/U0/i_synth/g_polyphase_interpolation_sym_ssr.i_polyphase_interpolation_sym_ssr/g_m_data_chan_fifo.i_m_data_chan_fifo/fifo0/fifo_2_reg[45]/CE","clk150","clk150","6.682","17","-0.007","0.035"
"clk150","-0.118","6.667","sfo/two_pass_transport/second_resampling/engine/core/stream/lane_phase_reg[0][3]/C","sfo/two_pass_transport/second_resampling/engine/core/fir15_interpolator/q_core/U0/i_synth/g_polyphase_interpolation_sym_ssr.i_polyphase_interpolation_sym_ssr/g_m_data_chan_fifo.i_m_data_chan_fifo/fifo0/fifo_2_reg[67]/CE","clk150","clk150","6.683","17","-0.007","0.035"
"clk500","-0.118","2.000","cfo/windows/sample_index_reg[8]/C","cfo/windows/packed_windows/fifo/gnuram_async_fifo.xpm_fifo_base_inst/gen_sdpram.xpm_memory_base_inst/gen_wr_a.gen_word_narrow.mem_reg_bram_6/ENBWREN","clk500","clk500","1.753","4","0.012","0.035"
"clk150","-0.118","6.667","sfo/two_pass_transport/shared_raw.hub/raw_store/ram_ra_reg[0]/C","sfo/two_pass_transport/shared_raw.hub/raw_store/memory/u_frame_memory/xpm_memory_base_inst/gen_wr_a.gen_word_narrow.mem_reg_uram_87/CAS_IN_ADDR_A[0]","clk150","clk150","6.276","7","0.034","0.035"
"clk150","-0.118","6.667","sfo/two_pass_transport/intermediate[0].intermediate_bank/write_gen_reg[17]/C","sfo/two_pass_transport/intermediate[0].intermediate_bank/memory/u_frame_memory/xpm_memory_base_inst/gen_wr_a.gen_word_narrow.mem_reg_uram_137/CAS_IN_BWE_B[0]","clk150","clk150","6.474","13","0.035","0.035"
"clk150","-0.118","6.667","sfo/two_pass_transport/intermediate[0].intermediate_bank/write_gen_reg[17]/C","sfo/two_pass_transport/intermediate[0].intermediate_bank/memory/u_frame_memory/xpm_memory_base_inst/gen_wr_a.gen_word_narrow.mem_reg_uram_137/CAS_IN_BWE_B[2]","clk150","clk150","6.479","13","0.035","0.035"
"clk150","-0.118","6.667","sfo/two_pass_transport/first_resampling/engine/core/stream/lane_phase_reg[0][20]/C","sfo/two_pass_transport/first_resampling/engine/core/stream/arithmetic/real_channel[0].u_real/pre_da/g18.u_add/U0/xst_addsub/i_baseblox.i_baseblox_addsub/no_pipelining.the_addsub/i_lut6.i_lut6_addsub/i_q.i_simple.qreg/i_no_async_controls.output_reg[8]/D","clk150","clk150","6.762","8","-0.009","0.035"
"clk150","-0.117","6.667","sfo/two_pass_transport/first_resampling/engine/core/stream/lane_phase_reg[15][7]/C","sfo/two_pass_transport/first_resampling/engine/core/stream/lane_phase_reg[1][32]/D","clk150","clk150","6.763","18","-0.008","0.035"
"clk500","-0.117","2.000","sfo/residual_estimator/aux_service/u_xfft/U0/i_synth/xfft_inst/non_floating_point.arch_d.xfft_inst/FLOW/proc0_counter/cnt_addsub/i_baseblox.i_baseblox_addsub/no_pipelining.the_addsub/i_lut6.i_lut6_addsub/i_q.i_simple.qreg/i_no_async_controls.output_reg[9]/C","sfo/residual_estimator/aux_service/u_xfft/U0/i_synth/axi_wrapper/current_state_reg[0]/D","clk500","clk500","2.097","4","-0.010","0.035"
"clk500","-0.117","2.000","sfo/residual_estimator/aux_service/u_xfft/U0/i_synth/axi_wrapper/symbols_out_remaining_reg[9]/C","sfo/residual_estimator/aux_service/u_xfft/U0/i_synth/axi_wrapper/gen_status_channel.gen_status_ovflo.we_current_state_reg/D","clk500","clk500","2.100","3","-0.007","0.035"
"clk150","-0.117","6.667","sfo/two_pass_transport/second_resampling/engine/core/stream/lane_phase_reg[0][3]/C","sfo/two_pass_transport/second_resampling/engine/core/fir15_interpolator/q_core/U0/i_synth/g_polyphase_interpolation_sym_ssr.i_polyphase_interpolation_sym_ssr/g_m_data_chan_fifo.i_m_data_chan_fifo/fifo0/fifo_2_reg[50]/CE","clk150","clk150","6.682","17","-0.007","0.035"
"clk500","-0.117","2.000","cfo/windows/packed_windows/fifo/gnuram_async_fifo.xpm_fifo_base_inst/rdp_inst/count_value_i_reg[7]/C","cfo/windows/packed_windows/fifo/gnuram_async_fifo.xpm_fifo_base_inst/gen_sdpram.xpm_memory_base_inst/gen_wr_a.gen_word_narrow.mem_reg_bram_12/ADDRBWRADDR[11]","clk500","clk500","1.789","0","0.010","0.035"
"clk500","-0.117","2.000","sfo/initial_estimator/owner/fft/u_xfft/U0/i_synth/axi_wrapper/reset_pipe_reg[1]/C","sfo/initial_estimator/owner/fft/u_xfft/U0/i_synth/axi_wrapper/data_out_channel/gen_real_time.data_out_reg[11]/CE","clk500","clk500","2.014","1","-0.008","0.035"
"clk150","-0.117","6.667","sfo/two_pass_transport/intermediate[0].intermediate_bank/issued_reg[0]/C","sfo/two_pass_transport/intermediate[0].intermediate_bank/memory/u_frame_memory/xpm_memory_base_inst/gen_wr_a.gen_word_narrow.mem_reg_uram_96/CAS_IN_ADDR_A[1]","clk150","clk150","6.270","8","0.034","0.035"
"clk150","-0.117","6.667","cfo/coarse_rotation/output4_reg[11]/C","cfo/coarse_banks[1].memory/u_frame_memory/xpm_memory_base_inst/gen_wr_a.gen_word_narrow.mem_reg_uram_7/CAS_IN_DIN_B[11]","clk150","clk150","6.469","7","0.036","0.035"
"clk150","-0.117","6.667","sfo/two_pass_transport/first_resampling/engine/core/stream/lane_phase_reg[0][20]/C","sfo/two_pass_transport/first_resampling/engine/core/stream/arithmetic/real_channel[0].u_real/pre_ca/g18.u_add/U0/xst_addsub/i_baseblox.i_baseblox_addsub/no_pipelining.the_addsub/i_lut6.i_lut6_addsub/i_q.i_simple.qreg/i_no_async_controls.output_reg[3]/D","clk150","clk150","6.761","8","-0.009","0.035"
"clk150","-0.117","6.667","sfo/two_pass_transport/first_resampling/engine/core/stream/lane_phase_reg[15][7]/C","sfo/two_pass_transport/first_resampling/engine/core/stream/lane_phase_reg[1][27]/D","clk150","clk150","6.763","18","-0.007","0.035"
"clk150","-0.116","6.667","sfo/two_pass_transport/first_resampling/engine/core/stream/lane_phase_reg[15][7]/C","sfo/two_pass_transport/first_resampling/engine/core/stream/lane_phase_reg[13][20]/D","clk150","clk150","6.762","18","-0.008","0.035"
"clk500","-0.116","2.000","sfo/residual_estimator/front_stage/main/service/u_egress_fifo/gnuram_async_fifo.xpm_fifo_base_inst/xpm_fifo_rst_inst/gen_rst_ic.wr_rst_busy_ic_reg/C","sfo/residual_estimator/front_stage/main/service/u_egress_fifo/gnuram_async_fifo.xpm_fifo_base_inst/wrp_inst/count_value_i_reg[4]/D","clk500","clk500","2.096","5","-0.010","0.035"
"clk500","-0.116","2.000","cfo/observation_front/fft_core/FSM_sequential_state_reg[0]/C","cfo/observation_front/fft_core/tag_reg[5][row_a][0]/CE","clk500","clk500","2.012","1","-0.009","0.035"
"clk500","-0.116","2.000","cfo/observation_front/fft_core/FSM_sequential_state_reg[0]/C","cfo/observation_front/fft_core/tag_reg[5][row_a][2]/CE","clk500","clk500","2.012","1","-0.009","0.035"
"clk500","-0.116","2.000","cfo/observation_front/fft_core/FSM_sequential_state_reg[0]/C","cfo/observation_front/fft_core/tag_reg[5][row_b][4]/CE","clk500","clk500","2.012","1","-0.009","0.035"
"clk150","-0.116","6.667","sfo/two_pass_transport/fault_125_to_150/syncstages_ff_reg[1]/C","sfo/two_pass_transport/intermediate[1].intermediate_bank/memory/u_frame_memory/xpm_memory_base_inst/gen_wr_a.gen_word_narrow.mem_reg_uram_153/CAS_IN_BWE_B[7]","clk150","clk150","6.349","14","0.036","0.035"
"clk500","-0.116","2.000","cfo/windows/packed_windows/fifo/gnuram_async_fifo.xpm_fifo_base_inst/rdp_inst/count_value_i_reg[6]/C","cfo/windows/packed_windows/fifo/gnuram_async_fifo.xpm_fifo_base_inst/gen_sdpram.xpm_memory_base_inst/gen_wr_a.gen_word_narrow.mem_reg_bram_2/ADDRBWRADDR[11]","clk500","clk500","1.788","0","0.010","0.035"
"clk150","-0.116","6.667","sfo/two_pass_transport/intermediate[0].intermediate_bank/write_gen_reg[17]/C","sfo/two_pass_transport/intermediate[0].intermediate_bank/memory/u_frame_memory/xpm_memory_base_inst/gen_wr_a.gen_word_narrow.mem_reg_uram_104/CAS_IN_BWE_B[2]","clk150","clk150","6.477","12","0.035","0.035"
"clk150","-0.116","6.667","sfo/two_pass_transport/shared_raw.hub/raw_store/ram_ra_reg[16]/C","sfo/two_pass_transport/shared_raw.hub/raw_store/memory/u_frame_memory/xpm_memory_base_inst/gen_wr_a.gen_word_narrow.mem_reg_uram_63/CAS_IN_ADDR_A[16]","clk150","clk150","6.265","7","0.035","0.035"
"clk150","-0.116","6.667","sfo/two_pass_transport/first_resampling/engine/core/stream/lane_phase_reg[15][7]/C","sfo/two_pass_transport/first_resampling/engine/core/stream/lane_phase_reg[5][19]/D","clk150","clk150","6.762","18","-0.007","0.035"
"clk150","-0.116","6.667","sfo/two_pass_transport/first_resampling/engine/core/stream/lane_phase_reg[0][20]/C","sfo/two_pass_transport/first_resampling/engine/core/stream/arithmetic/real_channel[0].u_real/pre_da/g18.u_add/U0/xst_addsub/i_baseblox.i_baseblox_addsub/no_pipelining.the_addsub/i_lut6.i_lut6_addsub/i_q.i_simple.qreg/i_no_async_controls.output_reg[6]/D","clk150","clk150","6.760","8","-0.009","0.035"
"clk150","-0.115","6.667","sfo/two_pass_transport/fault_125_to_150/syncstages_ff_reg[1]/C","sfo/two_pass_transport/intermediate[1].intermediate_bank/memory/u_frame_memory/xpm_memory_base_inst/gen_wr_a.gen_word_narrow.mem_reg_uram_153/CAS_IN_BWE_B[2]","clk150","clk150","6.487","14","0.036","0.035"
"clk150","-0.115","6.667","sfo/two_pass_transport/second_resampling/engine/pack/m_data_reg[84]/C","sfo/two_pass_transport/output_buffer/storage/u_frame_memory/xpm_memory_base_inst/gen_wr_a.gen_word_narrow.mem_reg_bram_169/DINADIN[12]","clk150","clk150","6.520","0","0.010","0.035"
"clk500","-0.115","2.000","cfo/windows/sample_index_reg[8]/C","cfo/windows/packed_windows/fifo/gnuram_async_fifo.xpm_fifo_base_inst/gen_sdpram.xpm_memory_base_inst/gen_wr_a.gen_word_narrow.mem_reg_bram_14/REGCEB","clk500","clk500","1.860","4","0.013","0.035"
"clk500","-0.115","2.000","cfo/windows/sample_index_reg[8]/C","cfo/windows/packed_windows/fifo/gnuram_async_fifo.xpm_fifo_base_inst/rdp_inst/count_value_i_reg[6]/D","clk500","clk500","2.098","6","-0.007","0.035"
"clk500","-0.115","2.000","cfo/windows/sample_index_reg[8]/C","cfo/windows/packed_windows/fifo/gnuram_async_fifo.xpm_fifo_base_inst/rdpp1_inst/count_value_i_reg[1]/D","clk500","clk500","2.098","6","-0.007","0.035"
"clk150","-0.115","6.667","sfo/two_pass_transport/first_resampling/engine/core/stream/lane_phase_reg[13][13]/C","sfo/two_pass_transport/first_resampling/engine/core/stream/arithmetic/real_channel[26].u_real/pre_da/g18.u_add/U0/xst_addsub/i_baseblox.i_baseblox_addsub/no_pipelining.the_addsub/i_lut6.i_lut6_addsub/i_q.i_simple.qreg/i_no_async_controls.output_reg[9]/D","clk150","clk150","6.763","11","-0.009","0.035"
"clk150","-0.115","6.667","cfo/coarse_rotation/output4_reg[23]/C","cfo/coarse_banks[1].memory/u_frame_memory/xpm_memory_base_inst/gen_wr_a.gen_word_narrow.mem_reg_uram_7/CAS_IN_DIN_B[23]","clk150","clk150","6.461","7","0.035","0.035"
"clk150","-0.115","6.667","sfo/two_pass_transport/intermediate[0].intermediate_bank/write_next_reg[12]/C","sfo/two_pass_transport/intermediate[0].intermediate_bank/memory/u_frame_memory/xpm_memory_base_inst/gen_wr_a.gen_word_narrow.mem_reg_uram_121/CAS_IN_ADDR_B[12]","clk150","clk150","6.420","7","0.035","0.035"
"clk150","-0.115","6.667","cfo/coarse_rotation/output4_reg[81]/C","cfo/coarse_banks[0].memory/u_frame_memory/xpm_memory_base_inst/gen_wr_a.gen_word_narrow.mem_reg_uram_121/CAS_IN_DIN_B[9]","clk150","clk150","6.496","7","0.036","0.035"
"clk150","-0.115","6.667","sfo/two_pass_transport/intermediate[0].intermediate_bank/write_gen_reg[17]/C","sfo/two_pass_transport/intermediate[0].intermediate_bank/memory/u_frame_memory/xpm_memory_base_inst/gen_wr_a.gen_word_narrow.mem_reg_uram_105/CAS_IN_BWE_B[0]","clk150","clk150","6.471","13","0.035","0.035"
"clk150","-0.115","6.667","poison_sync/syncstages_ff_reg[3]/C","cfo/coarse_banks[0].memory/u_frame_memory/xpm_memory_base_inst/gen_wr_a.gen_word_narrow.mem_reg_uram_71/CAS_IN_BWE_B[3]","clk150","clk150","6.440","12","0.035","0.035"
"clk150","-0.115","6.667","sfo/two_pass_transport/shared_raw.hub/raw_store/ram_ra_reg[16]/C","sfo/two_pass_transport/shared_raw.hub/raw_store/memory/u_frame_memory/xpm_memory_base_inst/gen_wr_a.gen_word_narrow.mem_reg_uram_127/CAS_IN_ADDR_A[16]","clk150","clk150","6.264","7","0.035","0.035"
"clk150","-0.115","6.667","sfo/two_pass_transport/first_resampling/engine/core/stream/lane_phase_reg[15][7]/C","sfo/two_pass_transport/first_resampling/engine/core/stream/credit_used_reg[3]/D","clk150","clk150","6.761","19","-0.007","0.035"
"clk150","-0.115","6.667","cfo/coarse_banks[1].memory/u_frame_memory/xpm_memory_base_inst/gen_wr_a.gen_word_narrow.mem_reg_uram_82/CLK","cfo/coarse_banks[1].memory/u_frame_memory/xpm_memory_base_inst/gen_rd_b.gen_doutb_pipe.doutb_pipe_reg[0][87]/D","clk150","clk150","6.706","12","-0.062","0.035"
"clk150","-0.114","6.667","sfo/two_pass_transport/first_resampling/engine/core/stream/lane_phase_reg[11][15]/C","sfo/two_pass_transport/first_resampling/engine/core/stream/arithmetic/real_channel[23].u_real/pre_ab2/g18.u_add/U0/xst_addsub/i_baseblox.i_baseblox_addsub/no_pipelining.the_addsub/i_lut6.i_lut6_addsub/i_q.i_simple.qreg/i_no_async_controls.output_reg[9]/D","clk150","clk150","6.761","11","-0.010","0.035"
"clk150","-0.114","6.667","sfo/two_pass_transport/first_resampling/engine/core/stream/lane_phase_reg[15][7]/C","sfo/two_pass_transport/first_resampling/engine/core/stream/lane_phase_reg[13][22]/D","clk150","clk150","6.760","18","-0.008","0.035"
"clk500","-0.114","2.000","cfo/reset_fast/arststages_ff_reg[3]/C","cfo/observation_front/m_frame_reg[17]/CE","clk500","clk500","2.010","2","-0.008","0.035"
"clk500","-0.114","2.000","sfo/residual_estimator/aux_service/u_xfft/U0/i_synth/axi_wrapper/gen_has_nfft.nfft_we_int_reg/C","sfo/residual_estimator/aux_service/u_xfft/U0/i_synth/xfft_inst/non_floating_point.arch_d.xfft_inst/FLOW/reset_sustain.resets_4_pes[1].delay_reset_pe/tc_reg/S","clk500","clk500","1.998","1","-0.007","0.035"
"clk500","-0.114","2.000","sfo/residual_estimator/aux_service/u_xfft/U0/i_synth/axi_wrapper/sclr_int_reg/C","sfo/residual_estimator/aux_service/u_xfft/U0/i_synth/xfft_inst/non_floating_point.arch_d.xfft_inst/has_bit_reverse.pe_natural_out_reg[20]/R","clk500","clk500","1.995","1","-0.010","0.035"
"clk500","-0.114","2.000","sfo/residual_estimator/aux_service/u_xfft/U0/i_synth/axi_wrapper/sclr_int_reg/C","sfo/residual_estimator/aux_service/u_xfft/U0/i_synth/xfft_inst/non_floating_point.arch_d.xfft_inst/has_bit_reverse.pe_natural_out_reg[22]/R","clk500","clk500","1.995","1","-0.010","0.035"
"clk500","-0.114","2.000","sfo/residual_estimator/aux_service/u_xfft/U0/i_synth/xfft_inst/non_floating_point.arch_d.xfft_inst/timing_cnts_has_nfft.duplicate_regs[6].other.nfft_regs[0].nfft_regs_fde/C","sfo/residual_estimator/aux_service/u_xfft/U0/i_synth/xfft_inst/non_floating_point.arch_d.xfft_inst/has_bit_reverse.var_pt_size_muxed_addresses.left_shifter/r14.shifter/use_mux16.use_lut6.sixteen_to_one_mux[11].use_output_reg_and_pipe_reg.reg0/D","clk500","clk500","2.095","3","-0.009","0.035"
"clk500","-0.114","2.000","sfo/residual_estimator/aux_service/u_xfft/U0/i_synth/axi_wrapper/gen_has_nfft.nfft_we_int_reg/C","sfo/residual_estimator/aux_service/u_xfft/U0/i_synth/xfft_inst/non_floating_point.arch_d.xfft_inst/pe_gen[6].natural_order_input.PE/has_ovflo_control.last_ovflo_start.OVFLO_CNT/cnt_reg[0].addsub_reg/R","clk500","clk500","1.997","1","-0.008","0.035"
"clk500","-0.114","2.000","sfo/residual_estimator/aux_service/u_xfft/U0/i_synth/axi_wrapper/gen_has_nfft.nfft_we_int_reg/C","sfo/residual_estimator/aux_service/u_xfft/U0/i_synth/xfft_inst/non_floating_point.arch_d.xfft_inst/pe_gen[6].natural_order_input.PE/has_ovflo_control.last_ovflo_start.OVFLO_CNT/cnt_reg[1].addsub_reg/R","clk500","clk500","1.997","1","-0.008","0.035"
"clk500","-0.114","2.000","sfo/residual_estimator/aux_service/u_xfft/U0/i_synth/axi_wrapper/gen_has_nfft.nfft_we_int_reg/C","sfo/residual_estimator/aux_service/u_xfft/U0/i_synth/xfft_inst/non_floating_point.arch_d.xfft_inst/pe_gen[6].natural_order_input.PE/has_ovflo_control.last_ovflo_start.OVFLO_CNT/cnt_reg[2].addsub_reg/R","clk500","clk500","1.997","1","-0.008","0.035"
"clk500","-0.114","2.000","sfo/residual_estimator/aux_service/u_xfft/U0/i_synth/axi_wrapper/gen_has_nfft.nfft_we_int_reg/C","sfo/residual_estimator/aux_service/u_xfft/U0/i_synth/xfft_inst/non_floating_point.arch_d.xfft_inst/pe_gen[6].natural_order_input.PE/has_ovflo_control.last_ovflo_start.OVFLO_CNT/cnt_reg[3].addsub_reg/R","clk500","clk500","1.997","1","-0.008","0.035"
"clk150","-0.114","6.667","sfo/two_pass_transport/shared_raw.hub/raw_store/ram_ra_reg[5]/C","sfo/two_pass_transport/shared_raw.hub/raw_store/memory/u_frame_memory/xpm_memory_base_inst/gen_wr_a.gen_word_narrow.mem_reg_uram_7/CAS_IN_ADDR_A[5]","clk150","clk150","6.305","7","0.035","0.035"
"clk150","-0.114","6.667","sfo/two_pass_transport/first_resampling/engine/core/stream/lane_phase_reg[15][7]/C","sfo/two_pass_transport/first_resampling/engine/core/stream/lane_phase_reg[5][19]/CE","clk150","clk150","6.674","18","-0.007","0.035"
"clk150","-0.114","6.667","sfo/two_pass_transport/first_resampling/engine/core/stream/lane_phase_reg[15][7]/C","sfo/two_pass_transport/first_resampling/engine/core/stream/lane_phase_reg[5][20]/CE","clk150","clk150","6.674","18","-0.007","0.035"
"clk150","-0.114","6.667","sfo/two_pass_transport/first_resampling/engine/core/stream/lane_phase_reg[15][7]/C","sfo/two_pass_transport/first_resampling/engine/core/stream/lane_phase_reg[5][24]/CE","clk150","clk150","6.674","18","-0.007","0.035"
"clk150","-0.114","6.667","sfo/two_pass_transport/first_resampling/engine/core/stream/lane_phase_reg[15][7]/C","sfo/two_pass_transport/first_resampling/engine/core/stream/lane_phase_reg[5][26]/CE","clk150","clk150","6.674","18","-0.007","0.035"
"clk150","-0.113","6.667","sfo/two_pass_transport/first_resampling/engine/core/stream/lane_phase_reg[15][7]/C","sfo/two_pass_transport/first_resampling/engine/core/stream/lane_phase_reg[14][26]/D","clk150","clk150","6.759","18","-0.008","0.035"
"clk500","-0.113","2.000","cfo/observation_front/fft_core/FSM_sequential_state_reg[0]/C","cfo/observation_front/fft_core/ai4_reg[18]/CE","clk500","clk500","2.009","1","-0.008","0.035"
"clk500","-0.113","2.000","sfo/residual_estimator/aux_service/u_xfft/U0/i_synth/axi_wrapper/sclr_int_reg/C","sfo/residual_estimator/aux_service/u_xfft/U0/i_synth/xfft_inst/non_floating_point.arch_d.xfft_inst/has_bit_reverse.pe_natural_out_reg[21]/R","clk500","clk500","1.994","1","-0.010","0.035"
"clk500","-0.113","2.000","sfo/residual_estimator/aux_service/u_xfft/U0/i_synth/axi_wrapper/gen_has_nfft.nfft_we_int_reg/C","sfo/residual_estimator/aux_service/u_xfft/U0/i_synth/xfft_inst/non_floating_point.arch_d.xfft_inst/pe_gen[6].natural_order_input.PE/has_ovflo_control.last_ovflo_start.OVFLO_CNT/cnt_reg[4].addsub_reg/R","clk500","clk500","1.996","1","-0.008","0.035"
"clk500","-0.113","2.000","sfo/residual_estimator/aux_service/u_xfft/U0/i_synth/axi_wrapper/gen_has_nfft.nfft_we_int_reg/C","sfo/residual_estimator/aux_service/u_xfft/U0/i_synth/xfft_inst/non_floating_point.arch_d.xfft_inst/pe_gen[6].natural_order_input.PE/has_ovflo_control.last_ovflo_start.OVFLO_CNT/cnt_reg[5].addsub_reg/R","clk500","clk500","1.996","1","-0.008","0.035"
"clk500","-0.113","2.000","sfo/residual_estimator/aux_service/u_xfft/U0/i_synth/axi_wrapper/gen_has_nfft.nfft_we_int_reg/C","sfo/residual_estimator/aux_service/u_xfft/U0/i_synth/xfft_inst/non_floating_point.arch_d.xfft_inst/pe_gen[6].natural_order_input.PE/has_ovflo_control.last_ovflo_start.OVFLO_CNT/cnt_reg[6].addsub_reg/R","clk500","clk500","1.996","1","-0.008","0.035"
"clk500","-0.113","2.000","sfo/residual_estimator/aux_service/u_xfft/U0/i_synth/axi_wrapper/gen_has_nfft.nfft_we_int_reg/C","sfo/residual_estimator/aux_service/u_xfft/U0/i_synth/xfft_inst/non_floating_point.arch_d.xfft_inst/pe_gen[6].natural_order_input.PE/has_ovflo_control.last_ovflo_start.OVFLO_CNT/cnt_reg[7].addsub_reg/R","clk500","clk500","1.996","1","-0.008","0.035"
"clk150","-0.113","6.667","sfo/two_pass_transport/first_resampling/engine/pack/m_data_reg[123]/C","sfo/two_pass_transport/intermediate[0].intermediate_bank/memory/u_frame_memory/xpm_memory_base_inst/gen_wr_a.gen_word_narrow.mem_reg_uram_97/CAS_IN_DIN_B[51]","clk150","clk150","6.506","7","0.035","0.035"
"clk150","-0.113","6.667","cfo/coarse_rotation/output4_reg[58]/C","cfo/coarse_banks[1].memory/u_frame_memory/xpm_memory_base_inst/gen_wr_a.gen_word_narrow.mem_reg_uram_15/CAS_IN_DIN_B[58]","clk150","clk150","6.455","7","0.034","0.035"
"clk150","-0.112","6.667","sfo/two_pass_transport/first_resampling/engine/core/stream/lane_phase_reg[15][7]/C","sfo/two_pass_transport/first_resampling/engine/core/stream/lane_phase_reg[6][9]/D","clk150","clk150","6.758","18","-0.008","0.035"
"clk500","-0.112","2.000","cfo/observation_front/fft_core/FSM_sequential_state_reg[1]_rep/C","cfo/observation_front/fft_core/ai3_reg[23]/CE","clk500","clk500","2.009","1","-0.008","0.035"
"clk500","-0.112","2.000","cfo/observation_front/fft_core/FSM_sequential_state_reg[1]_rep/C","cfo/observation_front/fft_core/ar3_reg[11]/CE","clk500","clk500","2.009","1","-0.008","0.035"
"clk500","-0.112","2.000","cfo/observation_front/fft_core/FSM_sequential_state_reg[1]_rep/C","cfo/observation_front/fft_core/ar3_reg[17]/CE","clk500","clk500","2.009","1","-0.008","0.035"
"clk500","-0.112","2.000","cfo/observation_front/fft_core/FSM_sequential_state_reg[1]_rep/C","cfo/observation_front/fft_core/ar3_reg[2]/CE","clk500","clk500","2.009","1","-0.008","0.035"
"clk500","-0.112","2.000","sfo/residual_estimator/front_stage/main/service/u_egress_fifo/gnuram_async_fifo.xpm_fifo_base_inst/xpm_fifo_rst_inst/gen_rst_ic.wr_rst_busy_ic_reg/C","sfo/residual_estimator/front_stage/main/service/u_egress_fifo/gnuram_async_fifo.xpm_fifo_base_inst/wrp_inst/count_value_i_reg[2]/D","clk500","clk500","2.092","5","-0.010","0.035"
"clk500","-0.112","2.000","sfo/residual_estimator/front_stage/main/service/u_egress_fifo/gnuram_async_fifo.xpm_fifo_base_inst/xpm_fifo_rst_inst/gen_rst_ic.wr_rst_busy_ic_reg/C","sfo/residual_estimator/front_stage/main/service/u_egress_fifo/gnuram_async_fifo.xpm_fifo_base_inst/wrp_inst/count_value_i_reg[3]/D","clk500","clk500","2.092","5","-0.010","0.035"
"clk150","-0.112","6.667","sfo/two_pass_transport/first_resampling/engine/core/stream/lane_phase_reg[13][13]/C","sfo/two_pass_transport/first_resampling/engine/core/stream/arithmetic/real_channel[26].u_real/pre_ca/g18.u_add/U0/xst_addsub/i_baseblox.i_baseblox_addsub/no_pipelining.the_addsub/i_lut6.i_lut6_addsub/i_q.i_simple.qreg/i_no_async_controls.output_reg[15]/D","clk150","clk150","6.760","11","-0.009","0.035"
"clk500","-0.112","2.000","cfo/observation_front/fft_core/FSM_sequential_state_reg[0]/C","cfo/observation_front/fft_core/ai4_reg[5]/CE","clk500","clk500","2.009","1","-0.008","0.035"
"clk500","-0.112","2.000","cfo/windows/packed_windows/fifo/gnuram_async_fifo.xpm_fifo_base_inst/rdp_inst/count_value_i_reg[11]/C","cfo/windows/packed_windows/fifo/gnuram_async_fifo.xpm_fifo_base_inst/gen_sdpram.xpm_memory_base_inst/gen_wr_a.gen_word_narrow.mem_reg_bram_2/CASDOMUXB","clk500","clk500","1.988","1","0.010","0.035"
"clk150","-0.112","6.667","sfo/two_pass_transport/shared_raw.hub/raw_store/ram_ra_reg[1]/C","sfo/two_pass_transport/shared_raw.hub/raw_store/memory/u_frame_memory/xpm_memory_base_inst/gen_wr_a.gen_word_narrow.mem_reg_uram_79/CAS_IN_ADDR_A[1]","clk150","clk150","6.266","7","0.035","0.035"
"clk150","-0.112","6.667","sfo/two_pass_transport/intermediate[0].intermediate_bank/write_gen_reg[17]/C","sfo/two_pass_transport/intermediate[0].intermediate_bank/memory/u_frame_memory/xpm_memory_base_inst/gen_wr_a.gen_word_narrow.mem_reg_uram_160/CAS_IN_BWE_B[5]","clk150","clk150","6.465","12","0.035","0.035"
"clk150","-0.112","6.667","sfo/two_pass_transport/intermediate[0].intermediate_bank/write_gen_reg[17]/C","sfo/two_pass_transport/intermediate[0].intermediate_bank/memory/u_frame_memory/xpm_memory_base_inst/gen_wr_a.gen_word_narrow.mem_reg_uram_89/CAS_IN_BWE_B[8]","clk150","clk150","6.361","13","0.035","0.035"
"clk150","-0.112","6.667","sfo/two_pass_transport/first_resampling/engine/pack/m_data_reg[117]/C","sfo/two_pass_transport/intermediate[0].intermediate_bank/memory/u_frame_memory/xpm_memory_base_inst/gen_wr_a.gen_word_narrow.mem_reg_uram_121/CAS_IN_DIN_B[45]","clk150","clk150","6.445","7","0.035","0.035"
"clk150","-0.111","6.667","sfo/two_pass_transport/first_resampling/engine/pack/m_data_reg[102]/C","sfo/two_pass_transport/intermediate[1].intermediate_bank/memory/u_frame_memory/xpm_memory_base_inst/gen_wr_a.gen_word_narrow.mem_reg_uram_153/CAS_IN_DIN_B[30]","clk150","clk150","6.507","7","0.034","0.035"
"clk500","-0.111","2.000","cfo/reset_fast/arststages_ff_reg[3]/C","cfo/observation_front/m_generation_reg[5]/CE","clk500","clk500","2.007","2","-0.008","0.035"
"clk500","-0.111","2.000","cfo/reset_fast/arststages_ff_reg[3]/C","cfo/observation_front/m_generation_reg[8]/CE","clk500","clk500","2.007","2","-0.008","0.035"
"clk150","-0.111","6.667","poison_sync/syncstages_ff_reg[3]/C","cfo/coarse_banks[1].memory/u_frame_memory/xpm_memory_base_inst/gen_wr_a.gen_word_narrow.mem_reg_uram_31/CAS_IN_BWE_B[0]","clk150","clk150","6.467","12","0.035","0.035"
"clk150","-0.111","6.667","cfo/coarse_rotation/output4_reg[40]/C","cfo/coarse_banks[1].memory/u_frame_memory/xpm_memory_base_inst/gen_wr_a.gen_word_narrow.mem_reg_uram_55/CAS_IN_DIN_B[40]","clk150","clk150","6.482","7","0.034","0.035"
"clk150","-0.111","6.667","cfo/coarse_rotation/output4_reg[59]/C","cfo/coarse_banks[1].memory/u_frame_memory/xpm_memory_base_inst/gen_wr_a.gen_word_narrow.mem_reg_uram_31/CAS_IN_DIN_B[59]","clk150","clk150","6.447","7","0.034","0.035"
"clk150","-0.111","6.667","sfo/two_pass_transport/first_resampling/engine/core/stream/lane_phase_reg[15][7]/C","sfo/two_pass_transport/first_resampling/engine/core/stream/lane_phase_reg[13][19]/CE","clk150","clk150","6.672","18","-0.007","0.035"
"clk150","-0.111","6.667","sfo/two_pass_transport/first_resampling/engine/core/stream/lane_phase_reg[15][7]/C","sfo/two_pass_transport/first_resampling/engine/core/stream/lane_phase_reg[13][21]/CE","clk150","clk150","6.672","18","-0.007","0.035"
"clk500","-0.110","2.000","cfo/observation_front/fft_core/FSM_sequential_state_reg[0]/C","cfo/observation_front/fft_core/ar4_reg[14]/CE","clk500","clk500","2.006","1","-0.009","0.035"
"clk500","-0.110","2.000","cfo/observation_front/fft_core/FSM_sequential_state_reg[0]/C","cfo/observation_front/fft_core/ar4_reg[17]/CE","clk500","clk500","2.006","1","-0.009","0.035"
"clk500","-0.110","2.000","cfo/observation_front/fft_core/FSM_sequential_state_reg[0]/C","cfo/observation_front/fft_core/ar4_reg[25]/CE","clk500","clk500","2.006","1","-0.009","0.035"
"clk500","-0.110","2.000","cfo/reset_fast/arststages_ff_reg[3]/C","cfo/observation_front/m_generation_reg[6]/CE","clk500","clk500","2.007","2","-0.008","0.035"
"clk500","-0.110","2.000","cfo/reset_fast/arststages_ff_reg[3]/C","cfo/observation_front/fft_core/tag_reg[1][row_b][5]/R","clk500","clk500","1.993","0","-0.008","0.035"
"clk150","-0.110","6.667","sfo/two_pass_transport/intermediate[0].intermediate_bank/write_gen_reg[17]/C","sfo/two_pass_transport/intermediate[0].intermediate_bank/memory/u_frame_memory/xpm_memory_base_inst/gen_wr_a.gen_word_narrow.mem_reg_uram_94/CAS_IN_BWE_B[1]","clk150","clk150","6.471","10","0.035","0.035"
"clk150","-0.109","6.667","sfo/two_pass_transport/first_resampling/engine/core/stream/lane_phase_reg[15][7]/C","sfo/two_pass_transport/first_resampling/engine/core/stream/lane_phase_reg[13][25]/CE","clk150","clk150","6.670","18","-0.008","0.035"
"clk150","-0.109","6.667","cfo/coarse_banks[1].memory/u_frame_memory/xpm_memory_base_inst/gen_wr_a.gen_word_narrow.mem_reg_uram_0/CLK","cfo/coarse_banks[1].memory/u_frame_memory/xpm_memory_base_inst/gen_rd_b.gen_doutb_pipe.doutb_pipe_reg[0][40]/D","clk150","clk150","6.704","13","-0.062","0.035"
"clk150","-0.109","6.667","cfo/coarse_rotation/output4_reg[9]/C","cfo/coarse_banks[1].memory/u_frame_memory/xpm_memory_base_inst/gen_wr_a.gen_word_narrow.mem_reg_uram_7/CAS_IN_DIN_B[9]","clk150","clk150","6.490","7","0.036","0.035"
"clk150","-0.109","6.667","cfo/coarse_rotation/output4_reg[14]/C","cfo/coarse_banks[1].memory/u_frame_memory/xpm_memory_base_inst/gen_wr_a.gen_word_narrow.mem_reg_uram_39/CAS_IN_DIN_B[14]","clk150","clk150","6.468","7","0.036","0.035"
"clk150","-0.109","6.667","sfo/two_pass_transport/intermediate[0].intermediate_bank/write_gen_reg[17]/C","sfo/two_pass_transport/intermediate[0].intermediate_bank/memory/u_frame_memory/xpm_memory_base_inst/gen_wr_a.gen_word_narrow.mem_reg_uram_129/CAS_IN_BWE_B[5]","clk150","clk150","6.462","13","0.035","0.035"
"clk150","-0.109","6.667","sfo/two_pass_transport/first_resampling/engine/pack/m_data_reg[76]/C","sfo/two_pass_transport/intermediate[0].intermediate_bank/memory/u_frame_memory/xpm_memory_base_inst/gen_wr_a.gen_word_narrow.mem_reg_uram_97/CAS_IN_DIN_B[4]","clk150","clk150","6.476","7","0.034","0.035"
"clk150","-0.109","6.667","sfo/two_pass_transport/shared_raw.hub/raw_store/ram_ra_reg[12]/C","sfo/two_pass_transport/shared_raw.hub/raw_store/memory/u_frame_memory/xpm_memory_base_inst/gen_wr_a.gen_word_narrow.mem_reg_uram_143/CAS_IN_ADDR_A[12]","clk150","clk150","6.263","7","0.035","0.035"
"clk150","-0.109","6.667","sfo/two_pass_transport/intermediate[0].intermediate_bank/write_gen_reg[17]/C","sfo/two_pass_transport/intermediate[0].intermediate_bank/memory/u_frame_memory/xpm_memory_base_inst/gen_wr_a.gen_word_narrow.mem_reg_uram_145/CAS_IN_BWE_B[4]","clk150","clk150","6.373","13","0.035","0.035"
"clk150","-0.108","6.667","sfo/two_pass_transport/fault_125_to_150/syncstages_ff_reg[1]/C","sfo/two_pass_transport/intermediate[1].intermediate_bank/memory/u_frame_memory/xpm_memory_base_inst/gen_wr_a.gen_word_narrow.mem_reg_uram_153/CAS_IN_BWE_B[1]","clk150","clk150","6.480","14","0.036","0.035"
"clk500","-0.108","2.000","cfo/observation_front/fft_core/FSM_sequential_state_reg[0]/C","cfo/observation_front/fft_core/pr4_reg/DSP_A_B_DATA_INST/CEB1","clk500","clk500","1.933","1","0.014","0.035"
"clk500","-0.108","2.000","cfo/windows/packed_windows/fifo/gnuram_async_fifo.xpm_fifo_base_inst/rdp_inst/count_value_i_reg[4]/C","cfo/windows/packed_windows/fifo/gnuram_async_fifo.xpm_fifo_base_inst/gen_sdpram.xpm_memory_base_inst/gen_wr_a.gen_word_narrow.mem_reg_bram_9/ADDRBWRADDR[9]","clk500","clk500","1.778","0","0.010","0.035"
"clk500","-0.107","2.000","cfo/reset_fast/arststages_ff_reg[3]/C","cfo/observation_front/fft_core/bank0_reg_bram_0/WEA[0]","clk500","clk500","1.688","1","0.010","0.035"
"clk500","-0.107","2.000","cfo/reset_fast/arststages_ff_reg[3]/C","cfo/observation_front/fft_core/bank0_reg_bram_0/WEA[3]","clk500","clk500","1.688","1","0.010","0.035"
"clk500","-0.107","2.000","cfo/windows/complete_windows/fifo/gnuram_async_fifo.xpm_fifo_base_inst/xpm_fifo_rst_inst/gen_rst_ic.fifo_rd_rst_ic_reg/C","cfo/windows/fast_header_reg[24]/CE","clk500","clk500","2.004","2","-0.007","0.035"
"clk500","-0.107","2.000","cfo/windows/complete_windows/fifo/gnuram_async_fifo.xpm_fifo_base_inst/xpm_fifo_rst_inst/gen_rst_ic.fifo_rd_rst_ic_reg/C","cfo/windows/fast_header_reg[29]/CE","clk500","clk500","2.004","2","-0.007","0.035"
"clk500","-0.107","2.000","cfo/windows/complete_windows/fifo/gnuram_async_fifo.xpm_fifo_base_inst/xpm_fifo_rst_inst/gen_rst_ic.fifo_rd_rst_ic_reg/C","cfo/windows/fast_header_reg[8]/CE","clk500","clk500","2.004","2","-0.007","0.035"
"clk150","-0.107","6.667","sfo/two_pass_transport/first_resampling/engine/core/stream/lane_phase_reg[11][15]/C","sfo/two_pass_transport/first_resampling/engine/core/stream/arithmetic/real_channel[22].u_real/pre_da/g18.u_add/U0/xst_addsub/i_baseblox.i_baseblox_addsub/no_pipelining.the_addsub/i_lut6.i_lut6_addsub/i_q.i_simple.qreg/i_no_async_controls.output_reg[9]/D","clk150","clk150","6.754","10","-0.010","0.035"
"clk150","-0.107","6.667","sfo/two_pass_transport/first_resampling/engine/core/stream/lane_phase_reg[15][7]/C","sfo/two_pass_transport/first_resampling/engine/core/stream/lane_phase_reg[1][10]/D","clk150","clk150","6.753","18","-0.008","0.035"
"clk500","-0.107","2.000","cfo/observation_front/fft_core/FSM_sequential_state_reg[1]_rep/C","cfo/observation_front/fft_core/add_i6_reg[20]/CE","clk500","clk500","2.004","1","-0.008","0.035"
"clk500","-0.107","2.000","cfo/observation_front/fft_core/FSM_sequential_state_reg[1]_rep/C","cfo/observation_front/fft_core/add_i6_reg[21]/CE","clk500","clk500","2.004","1","-0.008","0.035"
"clk500","-0.107","2.000","cfo/observation_front/fft_core/FSM_sequential_state_reg[1]_rep/C","cfo/observation_front/fft_core/add_i6_reg[22]/CE","clk500","clk500","2.004","1","-0.008","0.035"
"clk500","-0.107","2.000","cfo/observation_front/fft_core/FSM_sequential_state_reg[1]_rep/C","cfo/observation_front/fft_core/add_i6_reg[23]/CE","clk500","clk500","2.004","1","-0.008","0.035"
"clk500","-0.107","2.000","cfo/observation_front/fft_core/FSM_sequential_state_reg[1]_rep/C","cfo/observation_front/fft_core/sub_i6_reg[20]/CE","clk500","clk500","2.004","1","-0.008","0.035"
"clk500","-0.107","2.000","cfo/observation_front/fft_core/FSM_sequential_state_reg[1]_rep/C","cfo/observation_front/fft_core/sub_i6_reg[21]/CE","clk500","clk500","2.004","1","-0.008","0.035"
"clk500","-0.107","2.000","cfo/observation_front/fft_core/FSM_sequential_state_reg[1]_rep/C","cfo/observation_front/fft_core/sub_i6_reg[22]/CE","clk500","clk500","2.004","1","-0.008","0.035"
"clk500","-0.107","2.000","cfo/observation_front/fft_core/FSM_sequential_state_reg[1]_rep/C","cfo/observation_front/fft_core/sub_i6_reg[23]/CE","clk500","clk500","2.004","1","-0.008","0.035"
"clk500","-0.107","2.000","sfo/residual_estimator/aux_service/u_xfft/U0/i_synth/xfft_inst/non_floating_point.arch_d.xfft_inst/timing_cnts_has_nfft.run_time_sel_reg[4]/C","sfo/residual_estimator/aux_service/u_xfft/U0/i_synth/xfft_inst/non_floating_point.arch_d.xfft_inst/pe_gen[3].natural_order_input.PE/bypass_muxes.din_re_mux_gen[0].reg/D","clk500","clk500","2.087","1","-0.010","0.035"
"clk150","-0.107","6.667","poison_sync/syncstages_ff_reg[3]/C","cfo/coarse_banks[1].memory/u_frame_memory/xpm_memory_base_inst/gen_wr_a.gen_word_narrow.mem_reg_uram_31/CAS_IN_EN_B","clk150","clk150","6.485","12","0.035","0.035"
"clk150","-0.107","6.667","sfo/two_pass_transport/intermediate[0].intermediate_bank/write_gen_reg[17]/C","sfo/two_pass_transport/intermediate[0].intermediate_bank/memory/u_frame_memory/xpm_memory_base_inst/gen_wr_a.gen_word_narrow.mem_reg_uram_118/CAS_IN_BWE_B[8]","clk150","clk150","6.356","10","0.035","0.035"
"clk150","-0.106","6.667","sfo/two_pass_transport/first_resampling/engine/core/stream/lane_phase_reg[15][7]/C","sfo/two_pass_transport/first_resampling/engine/core/stream/lane_phase_reg[6][7]/D","clk150","clk150","6.752","18","-0.008","0.035"
"clk500","-0.106","2.000","cfo/observation_front/fft_core/m_generation_reg[9]/C","cfo/observation_front/fft_core/m_q_reg[16]/CE","clk500","clk500","2.001","6","-0.010","0.035"
"clk500","-0.106","2.000","cfo/observation_front/fft_core/m_generation_reg[9]/C","cfo/observation_front/fft_core/m_q_reg[25]/CE","clk500","clk500","2.001","6","-0.010","0.035"
"clk500","-0.106","2.000","cfo/windows/complete_windows/fifo/gnuram_async_fifo.xpm_fifo_base_inst/xpm_fifo_rst_inst/gen_rst_ic.fifo_rd_rst_ic_reg/C","cfo/windows/fast_header_reg[28]/CE","clk500","clk500","2.004","2","-0.007","0.035"
"clk500","-0.106","2.000","cfo/windows/complete_windows/fifo/gnuram_async_fifo.xpm_fifo_base_inst/xpm_fifo_rst_inst/gen_rst_ic.fifo_rd_rst_ic_reg/C","cfo/windows/fast_header_reg[32]/CE","clk500","clk500","2.004","2","-0.007","0.035"
"clk500","-0.106","2.000","sfo/initial_estimator/owner/fft/u_xfft/U0/i_synth/axi_wrapper/reset_pipe_reg[1]/C","sfo/initial_estimator/owner/fft/u_ingress_fifo/gnuram_async_fifo.xpm_fifo_base_inst/rdp_inst/count_value_i_reg[1]/D","clk500","clk500","2.089","5","-0.007","0.035"
"clk500","-0.106","2.000","sfo/residual_estimator/front_stage/main/service/u_xfft/U0/i_synth/axi_wrapper/sclr_int_reg/C","sfo/residual_estimator/front_stage/main/service/u_xfft/U0/i_synth/xfft_inst/non_floating_point.arch_d.xfft_inst/has_bit_reverse.pe_natural_out_reg[28]/R","clk500","clk500","1.988","1","-0.009","0.035"
"clk150","-0.106","6.667","sfo/two_pass_transport/intermediate[0].intermediate_bank/write_next_reg[6]/C","sfo/two_pass_transport/intermediate[0].intermediate_bank/memory/u_frame_memory/xpm_memory_base_inst/gen_wr_a.gen_word_narrow.mem_reg_uram_121/CAS_IN_ADDR_B[6]","clk150","clk150","6.439","7","0.034","0.035"
"clk150","-0.106","6.667","sfo/two_pass_transport/intermediate[0].intermediate_bank/write_gen_reg[17]/C","sfo/two_pass_transport/intermediate[0].intermediate_bank/memory/u_frame_memory/xpm_memory_base_inst/gen_wr_a.gen_word_narrow.mem_reg_uram_145/CAS_IN_BWE_B[2]","clk150","clk150","6.467","13","0.035","0.035"
"clk150","-0.105","6.667","sfo/two_pass_transport/first_resampling/engine/core/stream/lane_phase_reg[13][13]/C","sfo/two_pass_transport/first_resampling/engine/core/stream/arithmetic/real_channel[26].u_real/pre_ca/g18.u_add/U0/xst_addsub/i_baseblox.i_baseblox_addsub/no_pipelining.the_addsub/i_lut6.i_lut6_addsub/i_q.i_simple.qreg/i_no_async_controls.output_reg[17]/D","clk150","clk150","6.753","12","-0.009","0.035"
"clk150","-0.105","6.667","sfo/two_pass_transport/first_resampling/engine/core/stream/lane_phase_reg[15][7]/C","sfo/two_pass_transport/first_resampling/engine/core/stream/lane_phase_reg[1][33]/D","clk150","clk150","6.751","18","-0.008","0.035"
"clk500","-0.105","2.000","cfo/observation_front/fft_core/FSM_sequential_state_reg[0]/C","cfo/observation_front/fft_core/ai5_reg[11]/CE","clk500","clk500","2.002","1","-0.009","0.035"
"clk500","-0.105","2.000","cfo/observation_front/fft_core/FSM_sequential_state_reg[0]/C","cfo/observation_front/fft_core/ar5_reg[10]/CE","clk500","clk500","2.002","1","-0.009","0.035"
"clk150","-0.105","6.667","sfo/two_pass_transport/first_resampling/engine/core/stream/lane_phase_reg[15][7]/C","sfo/two_pass_transport/first_resampling/engine/core/stream/lane_phase_reg[14][32]/D","clk150","clk150","6.751","18","-0.008","0.035"
"clk150","-0.105","6.667","sfo/two_pass_transport/second_resampling/engine/pack/m_data_reg[24]/C","sfo/two_pass_transport/output_buffer/storage/u_frame_memory/xpm_memory_base_inst/gen_wr_a.gen_word_narrow.mem_reg_bram_31/DINADIN[24]","clk150","clk150","6.481","0","0.009","0.035"
"clk150","-0.105","6.667","sfo/two_pass_transport/second_resampling/engine/frame_id_reg[9]/C","sfo/two_pass_transport/output_buffer/storage/u_frame_memory/xpm_memory_base_inst/gen_wr_a.gen_word_narrow.mem_reg_bram_89/WEA[1]","clk150","clk150","6.354","7","0.011","0.035"
"clk150","-0.105","6.667","sfo/two_pass_transport/first_resampling/engine/pack/m_data_reg[99]/C","sfo/two_pass_transport/intermediate[0].intermediate_bank/memory/u_frame_memory/xpm_memory_base_inst/gen_wr_a.gen_word_narrow.mem_reg_uram_161/CAS_IN_DIN_B[27]","clk150","clk150","6.469","7","0.034","0.035"
"clk150","-0.105","6.667","cfo/coarse_rotation/output4_reg[54]/C","cfo/coarse_banks[1].memory/u_frame_memory/xpm_memory_base_inst/gen_wr_a.gen_word_narrow.mem_reg_uram_63/CAS_IN_DIN_B[54]","clk150","clk150","6.435","7","0.035","0.035"
"clk150","-0.104","6.667","sfo/two_pass_transport/first_resampling/engine/core/stream/lane_phase_reg[15][7]/C","sfo/two_pass_transport/first_resampling/engine/core/stream/lane_phase_reg[2][14]/D","clk150","clk150","6.750","18","-0.008","0.035"
"clk150","-0.104","6.667","sfo/two_pass_transport/first_resampling/engine/core/stream/lane_phase_reg[15][7]/C","sfo/two_pass_transport/first_resampling/engine/core/stream/lane_phase_reg[14][2]/CE","clk150","clk150","6.665","18","-0.008","0.035"
"clk150","-0.104","6.667","sfo/two_pass_transport/first_resampling/engine/core/stream/lane_phase_reg[15][7]/C","sfo/two_pass_transport/first_resampling/engine/core/stream/lane_phase_reg[14][3]/CE","clk150","clk150","6.666","18","-0.008","0.035"
"clk150","-0.104","6.667","sfo/two_pass_transport/first_resampling/engine/core/stream/lane_phase_reg[15][7]/C","sfo/two_pass_transport/first_resampling/engine/core/stream/lane_phase_reg[14][6]/CE","clk150","clk150","6.665","18","-0.008","0.035"
"clk150","-0.104","6.667","sfo/two_pass_transport/first_resampling/engine/core/stream/lane_phase_reg[15][7]/C","sfo/two_pass_transport/first_resampling/engine/core/stream/lane_phase_reg[14][7]/CE","clk150","clk150","6.666","18","-0.008","0.035"
"clk500","-0.104","2.000","cfo/observation_front/index_stage_reg[1]/C","cfo/observation_front/coefficient_address_reg_1_2/ENARDEN","clk500","clk500","1.738","4","0.011","0.035"
"clk500","-0.104","2.000","cfo/windows/sample_index_reg[8]/C","cfo/windows/packed_windows/fifo/gnuram_async_fifo.xpm_fifo_base_inst/rdp_inst/count_value_i_reg[7]/D","clk500","clk500","2.087","6","-0.007","0.035"
"clk500","-0.104","2.000","sfo/residual_estimator/aux_service/u_xfft/U0/i_synth/xfft_inst/non_floating_point.arch_d.xfft_inst/reset_delays[2].other.reset_del_reg[2]/C","sfo/residual_estimator/aux_service/u_xfft/U0/i_synth/xfft_inst/non_floating_point.arch_d.xfft_inst/pe_gen[2].natural_order_input.OVFLO_FIFO/delay_reg[15][0]_srl16/CE","clk500","clk500","1.902","1","0.013","0.035"
"clk150","-0.104","6.667","sfo/two_pass_transport/shared_raw.hub/raw_store/ram_ra_reg[0]/C","sfo/two_pass_transport/shared_raw.hub/raw_store/memory/u_frame_memory/xpm_memory_base_inst/gen_wr_a.gen_word_narrow.mem_reg_uram_127/CAS_IN_ADDR_A[0]","clk150","clk150","6.262","7","0.034","0.035"
"clk150","-0.104","6.667","poison_sync/syncstages_ff_reg[3]/C","cfo/coarse_banks[0].memory/u_frame_memory/xpm_memory_base_inst/gen_wr_a.gen_word_narrow.mem_reg_uram_121/CAS_IN_EN_B","clk150","clk150","6.482","12","0.035","0.035"
"clk150","-0.104","6.667","cfo/coarse_rotation/output4_reg[54]/C","cfo/coarse_banks[1].memory/u_frame_memory/xpm_memory_base_inst/gen_wr_a.gen_word_narrow.mem_reg_uram_7/CAS_IN_DIN_B[54]","clk150","clk150","6.434","7","0.035","0.035"
"clk150","-0.104","6.667","sfo/two_pass_transport/shared_raw.hub/raw_store/rv_reg[0]/C","sfo/two_pass_transport/shared_raw.hub/raw_store/memory/u_frame_memory/xpm_memory_base_inst/gen_wr_a.gen_word_narrow.mem_reg_uram_55/CAS_IN_EN_A","clk150","clk150","6.330","7","0.034","0.035"
"clk150","-0.103","6.667","cfo/issued_reg[8]_replica/C","cfo/coarse_banks[0].memory/u_frame_memory/xpm_memory_base_inst/gen_wr_a.gen_word_narrow.mem_reg_uram_97/CAS_IN_ADDR_A[8]","clk150","clk150","6.348","7","0.035","0.035"
"clk150","-0.103","6.667","cfo/coarse_banks[1].memory/u_frame_memory/xpm_memory_base_inst/gen_wr_a.gen_word_narrow.mem_reg_uram_0/CLK","cfo/coarse_banks[1].memory/u_frame_memory/xpm_memory_base_inst/gen_rd_b.gen_doutb_pipe.doutb_pipe_reg[0][1]/D","clk150","clk150","6.697","11","-0.063","0.035"
"clk150","-0.103","6.667","cfo/coarse_rotation/output4_reg[74]/C","cfo/coarse_banks[0].memory/u_frame_memory/xpm_memory_base_inst/gen_wr_a.gen_word_narrow.mem_reg_uram_121/CAS_IN_DIN_B[2]","clk150","clk150","6.494","7","0.036","0.035"
"clk150","-0.103","6.667","sfo/two_pass_transport/first_resampling/engine/core/stream/lane_phase_reg[0][20]/C","sfo/two_pass_transport/first_resampling/engine/core/stream/arithmetic/real_channel[0].u_real/pre_da/g18.u_add/U0/xst_addsub/i_baseblox.i_baseblox_addsub/no_pipelining.the_addsub/i_lut6.i_lut6_addsub/i_q.i_simple.qreg/i_no_async_controls.output_reg[7]/D","clk150","clk150","6.747","8","-0.009","0.035"
"clk500","-0.102","2.000","cfo/reset_fast/arststages_ff_reg[3]/C","cfo/observation_front/m_z_i_reg[0]/R","clk500","clk500","1.985","2","-0.008","0.035"
"clk500","-0.102","2.000","cfo/reset_fast/arststages_ff_reg[3]/C","cfo/observation_front/m_z_i_reg[1]/R","clk500","clk500","1.985","2","-0.008","0.035"
"clk500","-0.102","2.000","cfo/reset_fast/arststages_ff_reg[3]/C","cfo/observation_front/m_z_i_reg[2]/R","clk500","clk500","1.985","2","-0.008","0.035"
"clk500","-0.102","2.000","cfo/reset_fast/arststages_ff_reg[3]/C","cfo/observation_front/m_z_i_reg[3]/R","clk500","clk500","1.985","2","-0.008","0.035"
"clk500","-0.102","2.000","sfo/initial_estimator/owner/fft/u_xfft/U0/i_synth/axi_wrapper/reset_pipe_reg[1]/C","sfo/initial_estimator/owner/fft/u_ingress_fifo/gnuram_async_fifo.xpm_fifo_base_inst/rdpp1_inst/count_value_i_reg[7]/D","clk500","clk500","2.085","5","-0.007","0.035"
"clk500","-0.102","2.000","sfo/residual_estimator/aux_service/u_xfft/U0/i_synth/xfft_inst/non_floating_point.arch_d.xfft_inst/pe_gen[0].natural_order_input.PE/has_addr_gen.bf2_addr_gen/cnt/cnt_addsub/i_baseblox.i_baseblox_addsub/no_pipelining.the_addsub/i_lut6.i_lut6_addsub/i_q.i_simple.qreg/i_no_async_controls.output_reg[11]/C","sfo/residual_estimator/aux_service/u_xfft/U0/i_synth/xfft_inst/non_floating_point.arch_d.xfft_inst/pe_gen[0].natural_order_input.PE/FB_1.BF_1/MEM/blk_ram.use_bram_only.mem/depth_13_s6_depth_12.main_ram_loop[2].use_RAMB18.ram_2k_loop[3].SDP_RAMB18_9x2048/ADDRBWRADDR[13]","clk500","clk500","1.779","0","0.013","0.035"
"clk150","-0.102","6.667","sfo/two_pass_transport/intermediate[0].intermediate_bank/write_gen_reg[17]/C","sfo/two_pass_transport/intermediate[0].intermediate_bank/memory/u_frame_memory/xpm_memory_base_inst/gen_wr_a.gen_word_narrow.mem_reg_uram_129/CAS_IN_BWE_B[0]","clk150","clk150","6.458","13","0.035","0.035"
"clk150","-0.102","6.667","sfo/two_pass_transport/intermediate[0].intermediate_bank/write_gen_reg[17]/C","sfo/two_pass_transport/intermediate[0].intermediate_bank/memory/u_frame_memory/xpm_memory_base_inst/gen_wr_a.gen_word_narrow.mem_reg_uram_160/CAS_IN_BWE_B[1]","clk150","clk150","6.463","12","0.035","0.035"
"clk150","-0.102","6.667","poison_sync/syncstages_ff_reg[3]/C","cfo/coarse_banks[0].memory/u_frame_memory/xpm_memory_base_inst/gen_wr_a.gen_word_narrow.mem_reg_uram_121/CAS_IN_BWE_B[3]","clk150","clk150","6.427","12","0.035","0.035"
"clk150","-0.102","6.667","poison_sync/syncstages_ff_reg[3]/C","cfo/coarse_banks[1].memory/u_frame_memory/xpm_memory_base_inst/gen_wr_a.gen_word_narrow.mem_reg_uram_152/CAS_IN_BWE_B[6]","clk150","clk150","6.420","11","0.035","0.035"
"clk150","-0.101","6.667","sfo/two_pass_transport/first_resampling/engine/core/stream/lane_phase_reg[15][7]/C","sfo/two_pass_transport/first_resampling/engine/core/stream/lane_phase_reg[2][32]/D","clk150","clk150","6.747","18","-0.008","0.035"
"clk500","-0.101","2.000","sfo/residual_estimator/aux_service/u_xfft/U0/i_synth/axi_wrapper/sclr_int_reg/C","sfo/residual_estimator/aux_service/u_xfft/U0/i_synth/xfft_inst/non_floating_point.arch_d.xfft_inst/FLOW/has_nfft._nfft_value.NFFT_int_tmp_reg[1]/CE","clk500","clk500","1.996","1","-0.010","0.035"
"clk500","-0.101","2.000","sfo/residual_estimator/aux_service/u_xfft/U0/i_synth/axi_wrapper/sclr_int_reg/C","sfo/residual_estimator/aux_service/u_xfft/U0/i_synth/xfft_inst/non_floating_point.arch_d.xfft_inst/FLOW/has_nfft._nfft_value.NFFT_int_tmp_reg[3]/CE","clk500","clk500","1.996","1","-0.010","0.035"
"clk150","-0.101","6.667","sfo/two_pass_transport/first_resampling/engine/core/stream/lane_phase_reg[15][7]/C","sfo/two_pass_transport/first_resampling/engine/core/stream/lane_phase_reg[14][18]/D","clk150","clk150","6.747","18","-0.008","0.035"
"clk150","-0.101","6.667","sfo/two_pass_transport/second_resampling/engine/core/stream/lane_phase_reg[0][3]/C","sfo/two_pass_transport/second_resampling/engine/core/fir15_interpolator/q_core/U0/i_synth/g_polyphase_interpolation_sym_ssr.i_polyphase_interpolation_sym_ssr/g_m_data_chan_fifo.i_m_data_chan_fifo/fifo0/fifo_2_reg[246]/CE","clk150","clk150","6.665","17","-0.007","0.035"
"clk150","-0.101","6.667","sfo/two_pass_transport/second_resampling/engine/core/stream/lane_phase_reg[0][3]/C","sfo/two_pass_transport/second_resampling/engine/core/fir15_interpolator/q_core/U0/i_synth/g_polyphase_interpolation_sym_ssr.i_polyphase_interpolation_sym_ssr/g_m_data_chan_fifo.i_m_data_chan_fifo/fifo0/fifo_2_reg[247]/CE","clk150","clk150","6.665","17","-0.007","0.035"
"clk150","-0.101","6.667","sfo/two_pass_transport/second_resampling/engine/core/stream/lane_phase_reg[0][3]/C","sfo/two_pass_transport/second_resampling/engine/core/fir15_interpolator/q_core/U0/i_synth/g_polyphase_interpolation_sym_ssr.i_polyphase_interpolation_sym_ssr/g_m_data_chan_fifo.i_m_data_chan_fifo/fifo0/fifo_2_reg[248]/CE","clk150","clk150","6.665","17","-0.007","0.035"
"clk150","-0.101","6.667","sfo/two_pass_transport/second_resampling/engine/core/stream/lane_phase_reg[0][3]/C","sfo/two_pass_transport/second_resampling/engine/core/fir15_interpolator/q_core/U0/i_synth/g_polyphase_interpolation_sym_ssr.i_polyphase_interpolation_sym_ssr/g_m_data_chan_fifo.i_m_data_chan_fifo/fifo0/fifo_2_reg[249]/CE","clk150","clk150","6.665","17","-0.007","0.035"
"clk150","-0.101","6.667","sfo/two_pass_transport/first_resampling/engine/pack/m_data_reg[119]/C","sfo/two_pass_transport/intermediate[0].intermediate_bank/memory/u_frame_memory/xpm_memory_base_inst/gen_wr_a.gen_word_narrow.mem_reg_uram_137/CAS_IN_DIN_B[47]","clk150","clk150","6.453","7","0.034","0.035"
"clk150","-0.101","6.667","poison_sync/syncstages_ff_reg[3]/C","cfo/coarse_banks[1].memory/u_frame_memory/xpm_memory_base_inst/gen_wr_a.gen_word_narrow.mem_reg_uram_152/CAS_IN_BWE_B[8]","clk150","clk150","6.350","11","0.035","0.035"
"clk150","-0.101","6.667","sfo/two_pass_transport/first_resampling/engine/core/stream/lane_phase_reg[15][7]/C","sfo/two_pass_transport/first_resampling/engine/core/stream/lane_phase_reg[5][23]/D","clk150","clk150","6.747","18","-0.007","0.035"
"clk150","-0.100","6.667","sfo/two_pass_transport/first_resampling/engine/core/stream/lane_phase_reg[0][20]/C","sfo/two_pass_transport/first_resampling/engine/core/stream/arithmetic/real_channel[0].u_real/pre_ab2/g18.u_add/U0/xst_addsub/i_baseblox.i_baseblox_addsub/no_pipelining.the_addsub/i_lut6.i_lut6_addsub/i_q.i_simple.qreg/i_no_async_controls.output_reg[16]/D","clk150","clk150","6.744","9","-0.010","0.035"
"clk150","-0.100","6.667","sfo/two_pass_transport/first_resampling/engine/core/stream/lane_phase_reg[0][20]/C","sfo/two_pass_transport/first_resampling/engine/core/stream/arithmetic/real_channel[0].u_real/pre_ab2/g18.u_add/U0/xst_addsub/i_baseblox.i_baseblox_addsub/no_pipelining.the_addsub/i_lut6.i_lut6_addsub/i_q.i_simple.qreg/i_no_async_controls.output_reg[18]/D","clk150","clk150","6.744","10","-0.010","0.035"
"clk500","-0.100","2.000","cfo/reset_fast/arststages_ff_reg[3]/C","cfo/observation_front/fft_core/m_saturations_reg[10]/R","clk500","clk500","1.982","0","-0.009","0.035"
"clk500","-0.100","2.000","cfo/reset_fast/arststages_ff_reg[3]/C","cfo/observation_front/fft_core/m_saturations_reg[12]/R","clk500","clk500","1.982","0","-0.009","0.035"
"clk500","-0.100","2.000","cfo/reset_fast/arststages_ff_reg[3]/C","cfo/observation_front/fft_core/m_saturations_reg[13]/R","clk500","clk500","1.982","0","-0.009","0.035"
"clk500","-0.100","2.000","cfo/reset_fast/arststages_ff_reg[3]/C","cfo/observation_front/fft_core/m_saturations_reg[9]/R","clk500","clk500","1.982","0","-0.009","0.035"
"clk500","-0.100","2.000","sfo/residual_estimator/aux_service/u_xfft/U0/i_synth/axi_wrapper/sclr_int_reg/C","sfo/residual_estimator/aux_service/u_xfft/U0/i_synth/axi_wrapper/frames_in_progress_reg[0]/R","clk500","clk500","1.981","1","-0.010","0.035"
"clk500","-0.100","2.000","sfo/residual_estimator/aux_service/u_xfft/U0/i_synth/axi_wrapper/sclr_int_reg/C","sfo/residual_estimator/aux_service/u_xfft/U0/i_synth/axi_wrapper/frames_in_progress_reg[1]/R","clk500","clk500","1.981","1","-0.010","0.035"
"clk500","-0.100","2.000","sfo/residual_estimator/aux_service/u_xfft/U0/i_synth/axi_wrapper/sclr_int_reg/C","sfo/residual_estimator/aux_service/u_xfft/U0/i_synth/axi_wrapper/frames_in_progress_reg[2]/R","clk500","clk500","1.981","1","-0.010","0.035"
"clk500","-0.100","2.000","sfo/residual_estimator/aux_service/u_xfft/U0/i_synth/axi_wrapper/sclr_int_reg/C","sfo/residual_estimator/aux_service/u_xfft/U0/i_synth/xfft_inst/non_floating_point.arch_d.xfft_inst/run_time_1.mux0_sclr_reg[2].mux0_sclr_ff/D","clk500","clk500","2.080","1","-0.010","0.035"
"clk150","-0.100","6.667","sfo/two_pass_transport/second_resampling/engine/core/stream/lane_phase_reg[0][3]/C","sfo/two_pass_transport/second_resampling/engine/core/fir15_interpolator/m_axis_data_tdata_reg[118]/CE","clk150","clk150","6.664","16","-0.008","0.035"
"clk150","-0.100","6.667","sfo/two_pass_transport/second_resampling/engine/core/stream/lane_phase_reg[0][3]/C","sfo/two_pass_transport/second_resampling/engine/core/fir15_interpolator/m_axis_data_tdata_reg[60]/CE","clk150","clk150","6.664","16","-0.008","0.035"
"clk150","-0.100","6.667","sfo/two_pass_transport/second_resampling/engine/core/stream/lane_phase_reg[0][3]/C","sfo/two_pass_transport/second_resampling/engine/core/fir15_interpolator/q_core/U0/i_synth/g_polyphase_interpolation_sym_ssr.i_polyphase_interpolation_sym_ssr/g_m_data_chan_fifo.i_m_data_chan_fifo/fifo0/fifo_2_reg[10]/CE","clk150","clk150","6.664","17","-0.007","0.035"
"clk150","-0.100","6.667","sfo/two_pass_transport/second_resampling/engine/core/stream/lane_phase_reg[0][3]/C","sfo/two_pass_transport/second_resampling/engine/core/fir15_interpolator/q_core/U0/i_synth/g_polyphase_interpolation_sym_ssr.i_polyphase_interpolation_sym_ssr/g_m_data_chan_fifo.i_m_data_chan_fifo/fifo0/fifo_2_reg[11]/CE","clk150","clk150","6.664","17","-0.007","0.035"
"clk150","-0.100","6.667","sfo/two_pass_transport/second_resampling/engine/core/stream/lane_phase_reg[0][3]/C","sfo/two_pass_transport/second_resampling/engine/core/fir15_interpolator/q_core/U0/i_synth/g_polyphase_interpolation_sym_ssr.i_polyphase_interpolation_sym_ssr/g_m_data_chan_fifo.i_m_data_chan_fifo/fifo0/fifo_2_reg[254]/CE","clk150","clk150","6.665","17","-0.007","0.035"
"clk150","-0.100","6.667","sfo/two_pass_transport/second_resampling/engine/core/stream/lane_phase_reg[0][3]/C","sfo/two_pass_transport/second_resampling/engine/core/fir15_interpolator/q_core/U0/i_synth/g_polyphase_interpolation_sym_ssr.i_polyphase_interpolation_sym_ssr/g_m_data_chan_fifo.i_m_data_chan_fifo/fifo0/fifo_2_reg[8]/CE","clk150","clk150","6.664","17","-0.007","0.035"
"clk150","-0.100","6.667","sfo/two_pass_transport/second_resampling/engine/core/stream/lane_phase_reg[0][3]/C","sfo/two_pass_transport/second_resampling/engine/core/fir15_interpolator/q_core/U0/i_synth/g_polyphase_interpolation_sym_ssr.i_polyphase_interpolation_sym_ssr/g_m_data_chan_fifo.i_m_data_chan_fifo/fifo0/fifo_2_reg[9]/CE","clk150","clk150","6.664","17","-0.007","0.035"
"clk150","-0.100","6.667","sfo/two_pass_transport/first_resampling/engine/pack/m_data_reg[86]/C","sfo/two_pass_transport/intermediate[0].intermediate_bank/memory/u_frame_memory/xpm_memory_base_inst/gen_wr_a.gen_word_narrow.mem_reg_uram_121/CAS_IN_DIN_B[14]","clk150","clk150","6.458","7","0.035","0.035"
"clk150","-0.100","6.667","sfo/two_pass_transport/first_resampling/engine/core/stream/lane_phase_reg[15][7]/C","sfo/two_pass_transport/first_resampling/engine/core/stream/lane_phase_reg[5][15]/CE","clk150","clk150","6.660","18","-0.007","0.035"
"clk150","-0.099","6.667","sfo/two_pass_transport/first_resampling/engine/core/stream/lane_phase_reg[0][20]/C","sfo/two_pass_transport/first_resampling/engine/core/stream/arithmetic/real_channel[0].u_real/pre_ab2/g18.u_add/U0/xst_addsub/i_baseblox.i_baseblox_addsub/no_pipelining.the_addsub/i_lut6.i_lut6_addsub/i_q.i_simple.qreg/i_no_async_controls.output_reg[14]/D","clk150","clk150","6.743","9","-0.010","0.035"
"clk150","-0.099","6.667","sfo/two_pass_transport/second_resampling/engine/frame_id_reg[9]/C","sfo/two_pass_transport/output_buffer/storage/u_frame_memory/xpm_memory_base_inst/gen_wr_a.gen_word_narrow.mem_reg_bram_89/WEA[0]","clk150","clk150","6.348","7","0.011","0.035"
"clk150","-0.099","6.667","sfo/two_pass_transport/second_resampling/engine/core/stream/lane_phase_reg[0][3]/C","sfo/two_pass_transport/second_resampling/engine/core/fir15_interpolator/q_core/U0/i_synth/g_polyphase_interpolation_sym_ssr.i_polyphase_interpolation_sym_ssr/g_m_data_chan_fifo.i_m_data_chan_fifo/fifo0/fifo_2_reg[63]/CE","clk150","clk150","6.663","17","-0.007","0.035"
"clk150","-0.099","6.667","sfo/two_pass_transport/second_resampling/engine/core/stream/lane_phase_reg[0][3]/C","sfo/two_pass_transport/second_resampling/engine/core/fir15_interpolator/q_core/U0/i_synth/g_polyphase_interpolation_sym_ssr.i_polyphase_interpolation_sym_ssr/g_m_data_chan_fifo.i_m_data_chan_fifo/fifo0/fifo_2_reg[64]/CE","clk150","clk150","6.663","17","-0.007","0.035"
"clk150","-0.099","6.667","sfo/two_pass_transport/second_resampling/engine/core/stream/lane_phase_reg[0][3]/C","sfo/two_pass_transport/second_resampling/engine/core/fir15_interpolator/q_core/U0/i_synth/g_polyphase_interpolation_sym_ssr.i_polyphase_interpolation_sym_ssr/g_m_data_chan_fifo.i_m_data_chan_fifo/fifo0/fifo_2_reg[65]/CE","clk150","clk150","6.663","17","-0.007","0.035"
"clk150","-0.099","6.667","sfo/two_pass_transport/second_resampling/engine/core/stream/lane_phase_reg[0][3]/C","sfo/two_pass_transport/second_resampling/engine/core/fir15_interpolator/q_core/U0/i_synth/g_polyphase_interpolation_sym_ssr.i_polyphase_interpolation_sym_ssr/g_m_data_chan_fifo.i_m_data_chan_fifo/fifo0/fifo_2_reg[66]/CE","clk150","clk150","6.663","17","-0.007","0.035"
"clk500","-0.099","2.000","sfo/residual_estimator/aux_service/u_xfft/U0/i_synth/axi_wrapper/sclr_int_reg/C","sfo/residual_estimator/aux_service/u_xfft/U0/i_synth/xfft_inst/non_floating_point.arch_d.xfft_inst/FLOW/has_nfft._nfft_value.NFFT_int_tmp_reg[2]/CE","clk500","clk500","1.994","1","-0.010","0.035"
"clk500","-0.099","2.000","cfo/reset_fast/arststages_ff_reg[3]/C","cfo/observation_front/m_z_i_reg[4]/R","clk500","clk500","1.982","2","-0.008","0.035"
"clk500","-0.099","2.000","cfo/reset_fast/arststages_ff_reg[3]/C","cfo/observation_front/m_z_i_reg[5]/R","clk500","clk500","1.982","2","-0.008","0.035"
"clk500","-0.099","2.000","cfo/reset_fast/arststages_ff_reg[3]/C","cfo/observation_front/m_z_i_reg[6]/R","clk500","clk500","1.982","2","-0.008","0.035"
"clk500","-0.099","2.000","cfo/reset_fast/arststages_ff_reg[3]/C","cfo/observation_front/m_z_i_reg[7]/R","clk500","clk500","1.982","2","-0.008","0.035"
"clk150","-0.099","6.667","sfo/two_pass_transport/second_resampling/engine/core/stream/lane_phase_reg[0][3]/C","sfo/two_pass_transport/second_resampling/engine/core/fir15_interpolator/q_core/U0/i_synth/g_polyphase_interpolation_sym_ssr.i_polyphase_interpolation_sym_ssr/g_m_data_chan_fifo.i_m_data_chan_fifo/fifo0/fifo_2_reg[16]/CE","clk150","clk150","6.664","17","-0.007","0.035"
"clk150","-0.099","6.667","sfo/two_pass_transport/shared_raw.hub/raw_store/ram_ra_reg[10]/C","sfo/two_pass_transport/shared_raw.hub/raw_store/memory/u_frame_memory/xpm_memory_base_inst/gen_wr_a.gen_word_narrow.mem_reg_uram_143/CAS_IN_ADDR_A[10]","clk150","clk150","6.318","7","0.035","0.035"
"clk150","-0.099","6.667","sfo/two_pass_transport/shared_raw.hub/raw_store/ram_ra_reg[15]/C","sfo/two_pass_transport/shared_raw.hub/raw_store/memory/u_frame_memory/xpm_memory_base_inst/gen_wr_a.gen_word_narrow.mem_reg_uram_151/CAS_IN_ADDR_A[15]","clk150","clk150","6.243","7","0.036","0.035"
"clk150","-0.099","6.667","sfo/two_pass_transport/intermediate[0].intermediate_bank/write_gen_reg[17]/C","sfo/two_pass_transport/intermediate[0].intermediate_bank/memory/u_frame_memory/xpm_memory_base_inst/gen_wr_a.gen_word_narrow.mem_reg_uram_118/CAS_IN_BWE_B[2]","clk150","clk150","6.460","10","0.035","0.035"
"clk150","-0.098","6.667","sfo/two_pass_transport/second_resampling/engine/core/stream/lane_phase_reg[0][3]/C","sfo/two_pass_transport/second_resampling/engine/state_reg[3]/D","clk150","clk150","6.747","20","-0.008","0.035"
"clk150","-0.098","6.667","sfo/two_pass_transport/second_resampling/engine/core/stream/lane_phase_reg[0][3]/C","sfo/two_pass_transport/second_resampling/engine/core/fir15_interpolator/m_axis_data_tdata_reg[117]/CE","clk150","clk150","6.662","16","-0.008","0.035"
"clk150","-0.098","6.667","sfo/two_pass_transport/second_resampling/engine/core/stream/lane_phase_reg[0][3]/C","sfo/two_pass_transport/second_resampling/engine/core/fir15_interpolator/m_axis_data_tdata_reg[59]/CE","clk150","clk150","6.662","16","-0.008","0.035"
"clk500","-0.098","2.000","cfo/observation_front/fft_core/FSM_sequential_state_reg[1]_rep/C","cfo/observation_front/fft_core/ai2_reg[22]/CE","clk500","clk500","1.995","1","-0.007","0.035"
"clk500","-0.098","2.000","sfo/residual_estimator/aux_service/u_egress_fifo/gnuram_async_fifo.xpm_fifo_base_inst/xpm_fifo_rst_inst/gen_rst_ic.wr_rst_busy_ic_reg/C","sfo/residual_estimator/aux_service/u_egress_fifo/gnuram_async_fifo.xpm_fifo_base_inst/gen_sdpram.xpm_memory_base_inst/gen_wr_a.gen_word_narrow.mem_reg_bram_3/WEA[0]","clk500","clk500","1.680","3","0.011","0.035"
"clk500","-0.098","2.000","sfo/residual_estimator/aux_service/u_xfft/U0/i_synth/xfft_inst/non_floating_point.arch_d.xfft_inst/FLOW/has_nfft._nfft_value.NFFT_int_tmp_reg[2]/C","sfo/residual_estimator/aux_service/u_xfft/U0/i_synth/xfft_inst/non_floating_point.arch_d.xfft_inst/FLOW/has_nfft.counter_limit_reg[9].max_n_int_minus_one_ff/D","clk500","clk500","2.079","1","-0.009","0.035"
"clk150","-0.098","6.667","sfo/two_pass_transport/fault_125_to_150/syncstages_ff_reg[1]/C","sfo/two_pass_transport/intermediate[1].intermediate_bank/memory/u_frame_memory/xpm_memory_base_inst/gen_wr_a.gen_word_narrow.mem_reg_uram_153/CAS_IN_BWE_B[6]","clk150","clk150","6.427","14","0.036","0.035"
"clk150","-0.098","6.667","sfo/two_pass_transport/intermediate[0].intermediate_bank/write_gen_reg[17]/C","sfo/two_pass_transport/intermediate[0].intermediate_bank/memory/u_frame_memory/xpm_memory_base_inst/gen_wr_a.gen_word_narrow.mem_reg_uram_89/CAS_IN_BWE_B[4]","clk150","clk150","6.362","13","0.035","0.035"
"clk150","-0.097","6.667","sfo/two_pass_transport/first_resampling/engine/core/stream/lane_phase_reg[15][7]/C","sfo/two_pass_transport/first_resampling/engine/core/stream/lane_phase_reg[5][3]/CE","clk150","clk150","6.658","18","-0.008","0.035"
"clk150","-0.097","6.667","sfo/two_pass_transport/first_resampling/engine/core/stream/lane_phase_reg[15][7]/C","sfo/two_pass_transport/first_resampling/engine/core/stream/lane_phase_reg[5][7]/CE","clk150","clk150","6.658","18","-0.008","0.035"
"clk150","-0.097","6.667","sfo/two_pass_transport/first_resampling/engine/core/stream/lane_phase_reg[15][7]/C","sfo/two_pass_transport/first_resampling/engine/core/stream/lane_phase_reg[5][9]/CE","clk150","clk150","6.658","18","-0.008","0.035"
"clk500","-0.097","2.000","cfo/observation_front/fft_core/m_generation_reg[9]/C","cfo/observation_front/fft_core/state_reg[1]/D","clk500","clk500","2.077","6","-0.010","0.035"
"clk150","-0.096","6.667","sfo/two_pass_transport/first_resampling/engine/core/stream/lane_phase_reg[15][7]/C","sfo/two_pass_transport/first_resampling/engine/core/stream/lane_phase_reg[2][33]/D","clk150","clk150","6.742","18","-0.008","0.035"
"clk150","-0.096","6.667","sfo/two_pass_transport/first_resampling/engine/pack/m_data_reg[97]/C","sfo/two_pass_transport/intermediate[0].intermediate_bank/memory/u_frame_memory/xpm_memory_base_inst/gen_wr_a.gen_word_narrow.mem_reg_uram_153/CAS_IN_DIN_B[25]","clk150","clk150","6.421","7","0.034","0.035"
"clk150","-0.096","6.667","cfo/coarse_rotation/output4_reg[123]/C","cfo/coarse_banks[0].memory/u_frame_memory/xpm_memory_base_inst/gen_wr_a.gen_word_narrow.mem_reg_uram_105/CAS_IN_DIN_B[51]","clk150","clk150","6.488","7","0.034","0.035"
"clk150","-0.095","6.667","sfo/two_pass_transport/second_resampling/engine/core/stream/lane_phase_reg[0][3]/C","sfo/two_pass_transport/second_resampling/engine/core/fir15_interpolator/q_core/U0/i_synth/g_polyphase_interpolation_sym_ssr.i_polyphase_interpolation_sym_ssr/g_m_data_chan_fifo.i_m_data_chan_fifo/fifo0/fifo_2_reg[182]/CE","clk150","clk150","6.659","17","-0.007","0.035"
"clk150","-0.095","6.667","sfo/two_pass_transport/second_resampling/engine/core/stream/lane_phase_reg[0][3]/C","sfo/two_pass_transport/second_resampling/engine/core/fir15_interpolator/q_core/U0/i_synth/g_polyphase_interpolation_sym_ssr.i_polyphase_interpolation_sym_ssr/g_m_data_chan_fifo.i_m_data_chan_fifo/fifo0/fifo_2_reg[183]/CE","clk150","clk150","6.659","17","-0.007","0.035"
"clk150","-0.095","6.667","sfo/two_pass_transport/second_resampling/engine/core/stream/lane_phase_reg[0][3]/C","sfo/two_pass_transport/second_resampling/engine/core/fir15_interpolator/q_core/U0/i_synth/g_polyphase_interpolation_sym_ssr.i_polyphase_interpolation_sym_ssr/g_m_data_chan_fifo.i_m_data_chan_fifo/fifo0/fifo_2_reg[184]/CE","clk150","clk150","6.659","17","-0.007","0.035"
"clk150","-0.095","6.667","sfo/two_pass_transport/second_resampling/engine/core/stream/lane_phase_reg[0][3]/C","sfo/two_pass_transport/second_resampling/engine/core/fir15_interpolator/q_core/U0/i_synth/g_polyphase_interpolation_sym_ssr.i_polyphase_interpolation_sym_ssr/g_m_data_chan_fifo.i_m_data_chan_fifo/fifo0/fifo_2_reg[185]/CE","clk150","clk150","6.659","17","-0.007","0.035"
"clk150","-0.095","6.667","sfo/two_pass_transport/intermediate[0].intermediate_bank/write_gen_reg[17]/C","sfo/two_pass_transport/intermediate[0].intermediate_bank/memory/u_frame_memory/xpm_memory_base_inst/gen_wr_a.gen_word_narrow.mem_reg_uram_104/CAS_IN_EN_A","clk150","clk150","6.322","12","0.035","0.035"
"clk150","-0.094","6.667","sfo/two_pass_transport/first_resampling/engine/core/stream/lane_phase_reg[0][20]/C","sfo/two_pass_transport/first_resampling/engine/core/stream/arithmetic/real_channel[1].u_real/pre_da/g18.u_add/U0/xst_addsub/i_baseblox.i_baseblox_addsub/no_pipelining.the_addsub/i_lut6.i_lut6_addsub/i_q.i_simple.qreg/i_no_async_controls.output_reg[16]/D","clk150","clk150","6.738","10","-0.010","0.035"
"clk150","-0.094","6.667","sfo/two_pass_transport/first_resampling/engine/core/stream/lane_phase_reg[13][13]/C","sfo/two_pass_transport/first_resampling/engine/core/stream/arithmetic/real_channel[26].u_real/pre_ca/g18.u_add/U0/xst_addsub/i_baseblox.i_baseblox_addsub/no_pipelining.the_addsub/i_lut6.i_lut6_addsub/i_q.i_simple.qreg/i_no_async_controls.output_reg[13]/D","clk150","clk150","6.742","11","-0.009","0.035"
"clk150","-0.094","6.667","sfo/two_pass_transport/first_resampling/engine/core/stream/lane_phase_reg[15][7]/C","sfo/two_pass_transport/first_resampling/engine/core/stream/lane_phase_reg[10][26]/CE","clk150","clk150","6.655","18","-0.008","0.035"
"clk150","-0.094","6.667","sfo/two_pass_transport/first_resampling/engine/core/stream/lane_phase_reg[15][7]/C","sfo/two_pass_transport/first_resampling/engine/core/stream/lane_phase_reg[10][32]/CE","clk150","clk150","6.655","18","-0.008","0.035"
"clk500","-0.094","2.000","cfo/reset_fast/arststages_ff_reg[3]/C","cfo/observation_front/fft_core/tag_reg[3][row_b][1]/R","clk500","clk500","1.977","0","-0.008","0.035"
"clk500","-0.094","2.000","cfo/reset_fast/arststages_ff_reg[3]/C","cfo/observation_front/m_z_i_reg[10]/R","clk500","clk500","1.977","2","-0.008","0.035"
"clk500","-0.094","2.000","cfo/reset_fast/arststages_ff_reg[3]/C","cfo/observation_front/m_z_i_reg[11]/R","clk500","clk500","1.977","2","-0.008","0.035"
"clk500","-0.094","2.000","cfo/reset_fast/arststages_ff_reg[3]/C","cfo/observation_front/m_z_i_reg[8]/R","clk500","clk500","1.977","2","-0.008","0.035"
"clk500","-0.094","2.000","cfo/reset_fast/arststages_ff_reg[3]/C","cfo/observation_front/m_z_i_reg[9]/R","clk500","clk500","1.977","2","-0.008","0.035"
"clk150","-0.094","6.667","sfo/two_pass_transport/intermediate[0].intermediate_bank/issued_reg[0]/C","sfo/two_pass_transport/intermediate[0].intermediate_bank/memory/u_frame_memory/xpm_memory_base_inst/gen_wr_a.gen_word_narrow.mem_reg_uram_96/CAS_IN_ADDR_A[11]","clk150","clk150","6.294","9","0.034","0.035"
"clk150","-0.094","6.667","cfo/coarse_rotation/output4_reg[31]/C","cfo/coarse_banks[0].memory/u_frame_memory/xpm_memory_base_inst/gen_wr_a.gen_word_narrow.mem_reg_uram_23/CAS_IN_DIN_B[31]","clk150","clk150","6.353","7","0.035","0.035"
"clk150","-0.094","6.667","sfo/two_pass_transport/intermediate[0].intermediate_bank/write_next_reg[13]/C","sfo/two_pass_transport/intermediate[0].intermediate_bank/memory/u_frame_memory/xpm_memory_base_inst/gen_wr_a.gen_word_narrow.mem_reg_uram_129/CAS_IN_ADDR_B[13]","clk150","clk150","6.388","7","0.035","0.035"
"clk150","-0.093","6.667","sfo/two_pass_transport/first_resampling/engine/core/stream/lane_phase_reg[0][20]/C","sfo/two_pass_transport/first_resampling/engine/core/stream/arithmetic/real_channel[1].u_real/pre_da/g18.u_add/U0/xst_addsub/i_baseblox.i_baseblox_addsub/no_pipelining.the_addsub/i_lut6.i_lut6_addsub/i_q.i_simple.qreg/i_no_async_controls.output_reg[14]/D","clk150","clk150","6.737","10","-0.010","0.035"
"clk500","-0.093","2.000","cfo/observation_front/fft_core/FSM_sequential_state_reg[0]/C","cfo/observation_front/fft_core/ar4_reg[5]/CE","clk500","clk500","1.989","1","-0.008","0.035"
"clk500","-0.093","2.000","cfo/observation_front/fft_core/FSM_sequential_state_reg[0]/C","cfo/observation_front/fft_core/ar4_reg[6]/CE","clk500","clk500","1.989","1","-0.008","0.035"
"clk500","-0.093","2.000","sfo/residual_estimator/front_stage/main/service/u_egress_fifo/gnuram_async_fifo.xpm_fifo_base_inst/xpm_fifo_rst_inst/gen_rst_ic.wr_rst_busy_ic_reg/C","sfo/residual_estimator/front_stage/main/service/u_egress_fifo/gnuram_async_fifo.xpm_fifo_base_inst/wrpp1_inst/count_value_i_reg[10]/CE","clk500","clk500","1.988","3","-0.009","0.035"
"clk500","-0.093","2.000","sfo/residual_estimator/front_stage/main/service/u_egress_fifo/gnuram_async_fifo.xpm_fifo_base_inst/xpm_fifo_rst_inst/gen_rst_ic.wr_rst_busy_ic_reg/C","sfo/residual_estimator/front_stage/main/service/u_egress_fifo/gnuram_async_fifo.xpm_fifo_base_inst/wrpp1_inst/count_value_i_reg[11]/CE","clk500","clk500","1.988","3","-0.009","0.035"
"clk500","-0.093","2.000","sfo/residual_estimator/front_stage/main/service/u_egress_fifo/gnuram_async_fifo.xpm_fifo_base_inst/xpm_fifo_rst_inst/gen_rst_ic.wr_rst_busy_ic_reg/C","sfo/residual_estimator/front_stage/main/service/u_egress_fifo/gnuram_async_fifo.xpm_fifo_base_inst/wrpp1_inst/count_value_i_reg[9]/CE","clk500","clk500","1.988","3","-0.009","0.035"
"clk150","-0.093","6.667","cfo/coarse_rotation/output4_reg[92]/C","cfo/coarse_banks[0].memory/u_frame_memory/xpm_memory_base_inst/gen_wr_a.gen_word_narrow.mem_reg_uram_97/CAS_IN_DIN_B[20]","clk150","clk150","6.487","7","0.035","0.035"
"clk150","-0.092","6.667","sfo/two_pass_transport/first_resampling/engine/core/stream/lane_phase_reg[15][7]/C","sfo/two_pass_transport/first_resampling/engine/core/stream/lane_phase_reg[13][31]/CE","clk150","clk150","6.653","18","-0.008","0.035"
"clk150","-0.092","6.667","sfo/two_pass_transport/first_resampling/engine/core/stream/lane_phase_reg[15][7]/C","sfo/two_pass_transport/first_resampling/engine/core/stream/lane_phase_reg[5][12]/D","clk150","clk150","6.738","18","-0.008","0.035"
"clk150","-0.092","6.667","sfo/two_pass_transport/second_resampling/engine/pack/m_data_reg[24]/C","sfo/two_pass_transport/output_buffer/storage/u_frame_memory/xpm_memory_base_inst/gen_wr_a.gen_word_narrow.mem_reg_bram_33/DINADIN[24]","clk150","clk150","6.468","0","0.009","0.035"
"clk500","-0.092","2.000","cfo/observation_front/fft_core/FSM_sequential_state_reg[1]_rep/C","cfo/observation_front/fft_core/ar2_reg[13]/CE","clk500","clk500","1.989","1","-0.007","0.035"
"clk500","-0.092","2.000","cfo/estimator/observation_fifo/gnuram_async_fifo.xpm_fifo_base_inst/xpm_fifo_rst_inst/gen_rst_ic.wr_rst_busy_ic_reg/C","cfo/observation_front/pilot_count_reg[0]/R","clk500","clk500","1.974","4","-0.009","0.035"
"clk500","-0.092","2.000","cfo/estimator/observation_fifo/gnuram_async_fifo.xpm_fifo_base_inst/xpm_fifo_rst_inst/gen_rst_ic.wr_rst_busy_ic_reg/C","cfo/observation_front/pilot_count_reg[1]/R","clk500","clk500","1.974","4","-0.009","0.035"
"clk500","-0.092","2.000","cfo/estimator/observation_fifo/gnuram_async_fifo.xpm_fifo_base_inst/xpm_fifo_rst_inst/gen_rst_ic.wr_rst_busy_ic_reg/C","cfo/observation_front/pilot_count_reg[6]/R","clk500","clk500","1.974","4","-0.009","0.035"
"clk500","-0.092","2.000","cfo/estimator/observation_fifo/gnuram_async_fifo.xpm_fifo_base_inst/xpm_fifo_rst_inst/gen_rst_ic.wr_rst_busy_ic_reg/C","cfo/observation_front/pilot_count_reg[7]/R","clk500","clk500","1.974","4","-0.009","0.035"
"clk500","-0.092","2.000","cfo/estimator/observation_fifo/gnuram_async_fifo.xpm_fifo_base_inst/xpm_fifo_rst_inst/gen_rst_ic.wr_rst_busy_ic_reg/C","cfo/observation_front/pilot_count_reg[8]/R","clk500","clk500","1.974","4","-0.009","0.035"
"clk500","-0.092","2.000","cfo/estimator/observation_fifo/gnuram_async_fifo.xpm_fifo_base_inst/xpm_fifo_rst_inst/gen_rst_ic.wr_rst_busy_ic_reg/C","cfo/observation_front/pilot_count_reg[9]/R","clk500","clk500","1.974","4","-0.009","0.035"
"clk500","-0.092","2.000","sfo/residual_estimator/aux_service/u_xfft/U0/i_synth/xfft_inst/non_floating_point.arch_d.xfft_inst/FLOW/has_nfft._nfft_value.NFFT_int_tmp_reg[2]/C","sfo/residual_estimator/aux_service/u_xfft/U0/i_synth/xfft_inst/non_floating_point.arch_d.xfft_inst/FLOW/has_nfft.counter_limit_early_reg[6].max_n_int_minus_one_ff/D","clk500","clk500","2.074","1","-0.008","0.035"
"clk150","-0.092","6.667","cfo/coarse_rotation/output4_reg[82]/C","cfo/coarse_banks[0].memory/u_frame_memory/xpm_memory_base_inst/gen_wr_a.gen_word_narrow.mem_reg_uram_153/CAS_IN_DIN_B[10]","clk150","clk150","6.449","7","0.036","0.035"
"clk150","-0.092","6.667","sfo/two_pass_transport/shared_raw.hub/raw_store/ram_ra_reg[11]/C","sfo/two_pass_transport/shared_raw.hub/raw_store/memory/u_frame_memory/xpm_memory_base_inst/gen_wr_a.gen_word_narrow.mem_reg_uram_143/CAS_IN_ADDR_A[11]","clk150","clk150","6.294","7","0.036","0.035"
"clk150","-0.092","6.667","cfo/coarse_rotation/output4_reg[6]/C","cfo/coarse_banks[0].memory/u_frame_memory/xpm_memory_base_inst/gen_wr_a.gen_word_narrow.mem_reg_uram_23/CAS_IN_DIN_B[6]","clk150","clk150","6.488","7","0.035","0.035"
"clk150","-0.092","6.667","poison_sync/syncstages_ff_reg[3]/C","cfo/coarse_banks[1].memory/u_frame_memory/xpm_memory_base_inst/gen_wr_a.gen_word_narrow.mem_reg_uram_6/CAS_IN_BWE_B[0]","clk150","clk150","6.447","11","0.035","0.035"
"clk150","-0.092","6.667","sfo/two_pass_transport/first_resampling/engine/pack/m_data_reg[106]/C","sfo/two_pass_transport/intermediate[0].intermediate_bank/memory/u_frame_memory/xpm_memory_base_inst/gen_wr_a.gen_word_narrow.mem_reg_uram_129/CAS_IN_DIN_B[34]","clk150","clk150","6.417","7","0.034","0.035"
"clk150","-0.092","6.667","sfo/two_pass_transport/intermediate[0].intermediate_bank/write_gen_reg[17]/C","sfo/two_pass_transport/intermediate[0].intermediate_bank/memory/u_frame_memory/xpm_memory_base_inst/gen_wr_a.gen_word_narrow.mem_reg_uram_137/CAS_IN_BWE_B[3]","clk150","clk150","6.417","13","0.035","0.035"
"clk150","-0.092","6.667","poison_sync/syncstages_ff_reg[3]/C","cfo/coarse_banks[0].memory/u_frame_memory/xpm_memory_base_inst/gen_wr_a.gen_word_narrow.mem_reg_uram_129/CAS_IN_BWE_B[7]","clk150","clk150","6.314","12","0.035","0.035"
"clk150","-0.091","6.667","sfo/two_pass_transport/first_resampling/engine/core/stream/lane_phase_reg[13][13]/C","sfo/two_pass_transport/first_resampling/engine/core/stream/arithmetic/real_channel[26].u_real/pre_ca/g18.u_add/U0/xst_addsub/i_baseblox.i_baseblox_addsub/no_pipelining.the_addsub/i_lut6.i_lut6_addsub/i_q.i_simple.qreg/i_no_async_controls.output_reg[12]/D","clk150","clk150","6.739","11","-0.009","0.035"
"clk500","-0.091","2.000","cfo/observation_front/fft_core/FSM_sequential_state_reg[0]/C","cfo/observation_front/fft_core/ri3_reg/DSP_A_B_DATA_INST/CEB1","clk500","clk500","1.916","1","0.014","0.035"
"clk500","-0.091","2.000","cfo/reset_fast/arststages_ff_reg[3]/C","cfo/observation_front/fft_core/bank1_reg_bram_0/WEA[2]","clk500","clk500","1.672","1","0.010","0.035"
"clk150","-0.091","6.667","sfo/two_pass_transport/first_resampling/engine/core/stream/lane_phase_reg[15][7]/C","sfo/two_pass_transport/first_resampling/engine/core/stream/lane_phase_reg[14][33]/D","clk150","clk150","6.737","18","-0.008","0.035"
"clk500","-0.091","2.000","cfo/reset_fast/arststages_ff_reg[3]/C","cfo/observation_front/m_z_i_reg[12]/R","clk500","clk500","1.974","2","-0.008","0.035"
"clk500","-0.091","2.000","cfo/reset_fast/arststages_ff_reg[3]/C","cfo/observation_front/m_z_i_reg[13]/R","clk500","clk500","1.974","2","-0.008","0.035"
"clk500","-0.091","2.000","cfo/reset_fast/arststages_ff_reg[3]/C","cfo/observation_front/m_z_i_reg[14]/R","clk500","clk500","1.974","2","-0.008","0.035"
"clk500","-0.091","2.000","cfo/reset_fast/arststages_ff_reg[3]/C","cfo/observation_front/m_z_i_reg[15]/R","clk500","clk500","1.974","2","-0.008","0.035"
"clk500","-0.091","2.000","sfo/residual_estimator/aux_service/u_xfft/U0/i_synth/xfft_inst/non_floating_point.arch_d.xfft_inst/timing_cnts_has_nfft.duplicate_regs[6].other.nfft_regs[0].nfft_regs_fde/C","sfo/residual_estimator/aux_service/u_xfft/U0/i_synth/xfft_inst/non_floating_point.arch_d.xfft_inst/has_bit_reverse.var_pt_size_muxed_addresses.left_shifter/r14.shifter/use_mux16.use_lut6.sixteen_to_one_mux[1].use_output_reg_and_pipe_reg.reg0/D","clk500","clk500","2.071","3","-0.010","0.035"
"clk150","-0.091","6.667","sfo/two_pass_transport/intermediate[0].intermediate_bank/write_gen_reg[17]/C","sfo/two_pass_transport/intermediate[0].intermediate_bank/memory/u_frame_memory/xpm_memory_base_inst/gen_wr_a.gen_word_narrow.mem_reg_uram_137/CAS_IN_BWE_B[1]","clk150","clk150","6.452","13","0.035","0.035"
"clk150","-0.090","6.667","sfo/two_pass_transport/first_resampling/engine/core/stream/lane_phase_reg[15][7]/C","sfo/two_pass_transport/first_resampling/engine/core/stream/lane_phase_reg[5][5]/D","clk150","clk150","6.736","18","-0.008","0.035"
"clk500","-0.090","2.000","cfo/observation_front/fft_core/m_generation_reg[9]/C","cfo/observation_front/fft_core/m_i_reg[15]/CE","clk500","clk500","1.985","6","-0.009","0.035"
"clk500","-0.090","2.000","cfo/observation_front/fft_core/m_generation_reg[9]/C","cfo/observation_front/fft_core/m_i_reg[19]/CE","clk500","clk500","1.985","6","-0.009","0.035"
"clk500","-0.090","2.000","cfo/observation_front/fft_core/m_generation_reg[9]/C","cfo/observation_front/fft_core/m_i_reg[24]/CE","clk500","clk500","1.985","6","-0.009","0.035"
"clk500","-0.090","2.000","cfo/observation_front/fft_core/m_generation_reg[9]/C","cfo/observation_front/fft_core/m_index_reg[2]/CE","clk500","clk500","1.985","6","-0.009","0.035"
"clk500","-0.090","2.000","sfo/residual_estimator/front_stage/main/service/u_egress_fifo/gnuram_async_fifo.xpm_fifo_base_inst/xpm_fifo_rst_inst/gen_rst_ic.wr_rst_busy_ic_reg/C","sfo/residual_estimator/front_stage/main/service/u_egress_fifo/gnuram_async_fifo.xpm_fifo_base_inst/wrp_inst/count_value_i_reg[1]/D","clk500","clk500","2.070","5","-0.010","0.035"
"clk500","-0.090","2.000","cfo/observation_front/fft_core/FSM_sequential_state_reg[1]_rep/C","cfo/observation_front/fft_core/ar2_reg[11]/CE","clk500","clk500","1.987","1","-0.008","0.035"
"clk500","-0.090","2.000","cfo/observation_front/fft_core/FSM_sequential_state_reg[0]/C","cfo/observation_front/fft_core/pr5_reg[0]/CE","clk500","clk500","1.986","1","-0.008","0.035"
"clk500","-0.090","2.000","cfo/observation_front/fft_core/FSM_sequential_state_reg[0]/C","cfo/observation_front/fft_core/pr5_reg[1]/CE","clk500","clk500","1.986","1","-0.008","0.035"
"clk500","-0.090","2.000","cfo/observation_front/fft_core/FSM_sequential_state_reg[0]/C","cfo/observation_front/fft_core/pr5_reg[2]/CE","clk500","clk500","1.986","1","-0.008","0.035"
"clk500","-0.090","2.000","cfo/observation_front/fft_core/FSM_sequential_state_reg[0]/C","cfo/observation_front/fft_core/pr5_reg[3]/CE","clk500","clk500","1.986","1","-0.008","0.035"
"clk500","-0.090","2.000","sfo/residual_estimator/aux_service/u_xfft/U0/i_synth/xfft_inst/non_floating_point.arch_d.xfft_inst/timing_cnts_has_nfft.duplicate_regs[6].other.nfft_regs[0].nfft_regs_fde/C","sfo/residual_estimator/aux_service/u_xfft/U0/i_synth/xfft_inst/non_floating_point.arch_d.xfft_inst/has_bit_reverse.var_pt_size_muxed_addresses.left_shifter/r14.shifter/use_mux16.use_lut6.sixteen_to_one_mux[10].use_output_reg_and_pipe_reg.reg0/D","clk500","clk500","2.071","3","-0.009","0.035"
"clk500","-0.090","2.000","sfo/residual_estimator/aux_service/u_xfft/U0/i_synth/xfft_inst/non_floating_point.arch_d.xfft_inst/input_delay_re/no_sclr_lut.real_shift_ram.use_baseblock.use_hlutnm_srls.srl_loop[2].i_fdre1/C","sfo/residual_estimator/aux_service/u_xfft/U0/i_synth/xfft_inst/non_floating_point.arch_d.xfft_inst/pe_gen[3].natural_order_input.PE/bypass_muxes.din_re_mux_gen[5].reg/D","clk500","clk500","2.071","1","-0.009","0.035"
"clk500","-0.090","2.000","sfo/residual_estimator/front_stage/main/service/u_xfft/U0/i_synth/axi_wrapper/reset_pipe_reg[1]/C","sfo/residual_estimator/front_stage/main/service/u_xfft/U0/i_synth/axi_wrapper/data_out_channel/gen_real_time.data_out_reg[24]/CE","clk500","clk500","1.985","1","-0.010","0.035"
"clk150","-0.090","6.667","sfo/two_pass_transport/second_resampling/engine/core/stream/lane_phase_reg[0][3]/C","sfo/two_pass_transport/second_resampling/engine/core/fir15_interpolator/q_core/U0/i_synth/g_polyphase_interpolation_sym_ssr.i_polyphase_interpolation_sym_ssr/g_m_data_chan_fifo.i_m_data_chan_fifo/fifo0/fifo_2_reg[55]/CE","clk150","clk150","6.654","17","-0.007","0.035"
"clk150","-0.090","6.667","sfo/two_pass_transport/second_resampling/engine/core/stream/lane_phase_reg[0][3]/C","sfo/two_pass_transport/second_resampling/engine/core/fir15_interpolator/q_core/U0/i_synth/g_polyphase_interpolation_sym_ssr.i_polyphase_interpolation_sym_ssr/g_m_data_chan_fifo.i_m_data_chan_fifo/fifo0/fifo_2_reg[56]/CE","clk150","clk150","6.654","17","-0.007","0.035"
"clk150","-0.090","6.667","sfo/two_pass_transport/second_resampling/engine/core/stream/lane_phase_reg[0][3]/C","sfo/two_pass_transport/second_resampling/engine/core/fir15_interpolator/q_core/U0/i_synth/g_polyphase_interpolation_sym_ssr.i_polyphase_interpolation_sym_ssr/g_m_data_chan_fifo.i_m_data_chan_fifo/fifo0/fifo_2_reg[57]/CE","clk150","clk150","6.654","17","-0.007","0.035"
"clk150","-0.090","6.667","sfo/two_pass_transport/second_resampling/engine/core/stream/lane_phase_reg[0][3]/C","sfo/two_pass_transport/second_resampling/engine/core/fir15_interpolator/q_core/U0/i_synth/g_polyphase_interpolation_sym_ssr.i_polyphase_interpolation_sym_ssr/g_m_data_chan_fifo.i_m_data_chan_fifo/fifo0/fifo_2_reg[58]/CE","clk150","clk150","6.654","17","-0.007","0.035"
"clk150","-0.090","6.667","sfo/two_pass_transport/shared_raw.hub/raw_store/ram_ra_reg[10]/C","sfo/two_pass_transport/shared_raw.hub/raw_store/memory/u_frame_memory/xpm_memory_base_inst/gen_wr_a.gen_word_narrow.mem_reg_uram_167/CAS_IN_ADDR_A[10]","clk150","clk150","6.309","7","0.035","0.035"
"clk150","-0.089","6.667","sfo/two_pass_transport/first_resampling/engine/core/stream/lane_phase_reg[5][20]/C","sfo/two_pass_transport/first_resampling/engine/core/stream/arithmetic/real_channel[11].u_real/pre_da/g18.u_add/U0/xst_addsub/i_baseblox.i_baseblox_addsub/no_pipelining.the_addsub/i_lut6.i_lut6_addsub/i_q.i_simple.qreg/i_no_async_controls.output_reg[16]/D","clk150","clk150","6.736","10","-0.010","0.035"
"clk150","-0.089","6.667","sfo/two_pass_transport/fault_125_to_150/syncstages_ff_reg[1]/C","sfo/two_pass_transport/intermediate[1].intermediate_bank/memory/u_frame_memory/xpm_memory_base_inst/gen_wr_a.gen_word_narrow.mem_reg_uram_153/CAS_IN_BWE_B[8]","clk150","clk150","6.349","14","0.036","0.035"
"clk500","-0.089","2.000","cfo/observation_front/fft_core/m_generation_reg[9]/C","cfo/observation_front/fft_core/m_i_reg[14]/CE","clk500","clk500","1.985","6","-0.009","0.035"
"clk500","-0.089","2.000","cfo/observation_front/fft_core/m_generation_reg[9]/C","cfo/observation_front/fft_core/m_i_reg[16]/CE","clk500","clk500","1.985","6","-0.009","0.035"
"clk500","-0.089","2.000","cfo/observation_front/fft_core/m_generation_reg[9]/C","cfo/observation_front/fft_core/m_i_reg[25]/CE","clk500","clk500","1.985","6","-0.009","0.035"
"clk500","-0.089","2.000","cfo/observation_front/fft_core/m_generation_reg[9]/C","cfo/observation_front/fft_core/m_index_reg[3]/CE","clk500","clk500","1.985","6","-0.009","0.035"
"clk500","-0.089","2.000","cfo/observation_front/fft_core/FSM_sequential_state_reg[0]/C","cfo/observation_front/fft_core/pi5_reg[20]/CE","clk500","clk500","1.985","1","-0.009","0.035"
"clk500","-0.089","2.000","cfo/observation_front/fft_core/FSM_sequential_state_reg[0]/C","cfo/observation_front/fft_core/pi5_reg[21]/CE","clk500","clk500","1.985","1","-0.009","0.035"
"clk500","-0.089","2.000","cfo/observation_front/fft_core/FSM_sequential_state_reg[0]/C","cfo/observation_front/fft_core/pi5_reg[22]/CE","clk500","clk500","1.985","1","-0.009","0.035"
"clk500","-0.089","2.000","cfo/observation_front/fft_core/FSM_sequential_state_reg[0]/C","cfo/observation_front/fft_core/pi5_reg[23]/CE","clk500","clk500","1.985","1","-0.009","0.035"
"clk500","-0.089","2.000","sfo/initial_estimator/owner/fft/u_xfft/U0/i_synth/xfft_inst/non_floating_point.arch_d.xfft_inst/pe_gen[0].natural_order_input.PE/has_addr_gen.tw_addr_gen/cnt/cnt_addsub/i_baseblox.i_baseblox_addsub/no_pipelining.the_addsub/i_lut6.i_lut6_addsub/i_q.i_simple.qreg/i_no_async_controls.output_reg[1]/C","sfo/initial_estimator/owner/fft/u_xfft/U0/i_synth/xfft_inst/non_floating_point.arch_d.xfft_inst/pe_gen[0].natural_order_input.PE/delay_addr_tw/no_sclr_lut.real_shift_ram.use_baseblock.use_hlutnm_srls.srl_loop[0].i_srl16e0/D","clk500","clk500","2.007","0","0.013","0.035"
"clk150","-0.089","6.667","sfo/two_pass_transport/intermediate[0].intermediate_bank/write_next_reg[13]/C","sfo/two_pass_transport/intermediate[0].intermediate_bank/memory/u_frame_memory/xpm_memory_base_inst/gen_wr_a.gen_word_narrow.mem_reg_uram_31/CAS_IN_ADDR_B[13]","clk150","clk150","6.393","7","0.035","0.035"
"clk150","-0.088","6.667","sfo/two_pass_transport/first_resampling/engine/core/stream/lane_phase_reg[5][20]/C","sfo/two_pass_transport/first_resampling/engine/core/stream/arithmetic/real_channel[11].u_real/pre_da/g18.u_add/U0/xst_addsub/i_baseblox.i_baseblox_addsub/no_pipelining.the_addsub/i_lut6.i_lut6_addsub/i_q.i_simple.qreg/i_no_async_controls.output_reg[14]/D","clk150","clk150","6.735","10","-0.010","0.035"
"clk150","-0.088","6.667","sfo/two_pass_transport/first_resampling/engine/core/stream/lane_phase_reg[15][7]/C","sfo/two_pass_transport/first_resampling/engine/core/stream/lane_phase_reg[14][12]/D","clk150","clk150","6.734","18","-0.008","0.035"
"clk150","-0.088","6.667","sfo/two_pass_transport/first_resampling/engine/core/stream/lane_phase_reg[15][7]/C","sfo/two_pass_transport/first_resampling/engine/core/stream/lane_phase_reg[14][16]/D","clk150","clk150","6.734","18","-0.008","0.035"
"clk150","-0.088","6.667","sfo/two_pass_transport/second_resampling/engine/core/stream/lane_phase_reg[0][3]/C","sfo/two_pass_transport/second_resampling/engine/core/fir15_interpolator/q_core/U0/i_synth/g_polyphase_interpolation_sym_ssr.i_polyphase_interpolation_sym_ssr/g_m_data_chan_fifo.i_m_data_chan_fifo/fifo0/fifo_2_reg[51]/CE","clk150","clk150","6.652","17","-0.007","0.035"
"clk150","-0.088","6.667","sfo/two_pass_transport/second_resampling/engine/core/stream/lane_phase_reg[0][3]/C","sfo/two_pass_transport/second_resampling/engine/core/fir15_interpolator/q_core/U0/i_synth/g_polyphase_interpolation_sym_ssr.i_polyphase_interpolation_sym_ssr/g_m_data_chan_fifo.i_m_data_chan_fifo/fifo0/fifo_2_reg[52]/CE","clk150","clk150","6.652","17","-0.007","0.035"
"clk150","-0.088","6.667","sfo/two_pass_transport/second_resampling/engine/core/stream/lane_phase_reg[0][3]/C","sfo/two_pass_transport/second_resampling/engine/core/fir15_interpolator/q_core/U0/i_synth/g_polyphase_interpolation_sym_ssr.i_polyphase_interpolation_sym_ssr/g_m_data_chan_fifo.i_m_data_chan_fifo/fifo0/fifo_2_reg[53]/CE","clk150","clk150","6.652","17","-0.007","0.035"
"clk150","-0.088","6.667","sfo/two_pass_transport/second_resampling/engine/core/stream/lane_phase_reg[0][3]/C","sfo/two_pass_transport/second_resampling/engine/core/fir15_interpolator/q_core/U0/i_synth/g_polyphase_interpolation_sym_ssr.i_polyphase_interpolation_sym_ssr/g_m_data_chan_fifo.i_m_data_chan_fifo/fifo0/fifo_2_reg[54]/CE","clk150","clk150","6.652","17","-0.007","0.035"
"clk500","-0.088","2.000","sfo/residual_estimator/front_stage/main/service/u_egress_fifo/gnuram_async_fifo.xpm_fifo_base_inst/xpm_fifo_rst_inst/gen_rst_ic.wr_rst_busy_ic_reg/C","sfo/residual_estimator/front_stage/main/service/u_egress_fifo/gnuram_async_fifo.xpm_fifo_base_inst/wrpp2_inst/count_value_i_reg[10]/CE","clk500","clk500","1.983","3","-0.010","0.035"
"clk500","-0.088","2.000","sfo/residual_estimator/front_stage/main/service/u_egress_fifo/gnuram_async_fifo.xpm_fifo_base_inst/xpm_fifo_rst_inst/gen_rst_ic.wr_rst_busy_ic_reg/C","sfo/residual_estimator/front_stage/main/service/u_egress_fifo/gnuram_async_fifo.xpm_fifo_base_inst/wrpp2_inst/count_value_i_reg[11]/CE","clk500","clk500","1.983","3","-0.010","0.035"
"clk500","-0.088","2.000","sfo/residual_estimator/front_stage/main/service/u_egress_fifo/gnuram_async_fifo.xpm_fifo_base_inst/xpm_fifo_rst_inst/gen_rst_ic.wr_rst_busy_ic_reg/C","sfo/residual_estimator/front_stage/main/service/u_egress_fifo/gnuram_async_fifo.xpm_fifo_base_inst/wrpp2_inst/count_value_i_reg[9]/CE","clk500","clk500","1.983","3","-0.010","0.035"
"clk150","-0.088","6.667","sfo/two_pass_transport/first_resampling/engine/pack/m_data_reg[92]/C","sfo/two_pass_transport/intermediate[0].intermediate_bank/memory/u_frame_memory/xpm_memory_base_inst/gen_wr_a.gen_word_narrow.mem_reg_uram_121/CAS_IN_DIN_B[20]","clk150","clk150","6.483","7","0.036","0.035"
"clk150","-0.088","6.667","poison_sync/syncstages_ff_reg[3]/C","cfo/coarse_banks[0].memory/u_frame_memory/xpm_memory_base_inst/gen_wr_a.gen_word_narrow.mem_reg_uram_70/CAS_IN_BWE_B[7]","clk150","clk150","6.310","11","0.035","0.035"
"clk150","-0.088","6.667","sfo/two_pass_transport/first_resampling/engine/core/stream/lane_phase_reg[15][7]/C","sfo/two_pass_transport/first_resampling/engine/core/stream/lane_phase_reg[10][1]/D","clk150","clk150","6.734","18","-0.007","0.035"
"clk150","-0.088","6.667","sfo/two_pass_transport/first_resampling/engine/core/stream/lane_phase_reg[0][20]/C","sfo/two_pass_transport/first_resampling/engine/core/stream/arithmetic/real_channel[1].u_real/pre_bc/g18.u_add/U0/xst_addsub/i_baseblox.i_baseblox_addsub/no_pipelining.the_addsub/i_lut6.i_lut6_addsub/i_q.i_simple.qreg/i_no_async_controls.output_reg[8]/D","clk150","clk150","6.732","9","-0.009","0.035"
"clk150","-0.087","6.667","sfo/two_pass_transport/first_resampling/engine/core/stream/lane_phase_reg[15][7]/C","sfo/two_pass_transport/first_resampling/engine/core/stream/lane_phase_reg[5][16]/D","clk150","clk150","6.733","18","-0.008","0.035"
"clk150","-0.087","6.667","sfo/two_pass_transport/first_resampling/engine/core/stream/lane_phase_reg[0][20]/C","sfo/two_pass_transport/first_resampling/engine/core/stream/arithmetic/real_channel[0].u_real/pre_ab2/g18.u_add/U0/xst_addsub/i_baseblox.i_baseblox_addsub/no_pipelining.the_addsub/i_lut6.i_lut6_addsub/i_q.i_simple.qreg/i_no_async_controls.output_reg[15]/D","clk150","clk150","6.731","9","-0.010","0.035"
"clk500","-0.087","2.000","cfo/observation_front/fft_core/FSM_sequential_state_reg[0]/C","cfo/observation_front/fft_core/ai5_reg[19]/CE","clk500","clk500","1.983","1","-0.009","0.035"
"clk150","-0.087","6.667","cfo/coarse_banks[1].memory/u_frame_memory/xpm_memory_base_inst/gen_wr_a.gen_word_narrow.mem_reg_uram_90/CLK","cfo/coarse_banks[1].memory/u_frame_memory/xpm_memory_base_inst/gen_rd_b.gen_doutb_pipe.doutb_pipe_reg[0][74]/D","clk150","clk150","6.678","12","-0.063","0.035"
"clk150","-0.087","6.667","poison_sync/syncstages_ff_reg[3]/C","cfo/coarse_banks[1].memory/u_frame_memory/xpm_memory_base_inst/gen_wr_a.gen_word_narrow.mem_reg_uram_31/CAS_IN_BWE_B[1]","clk150","clk150","6.448","12","0.035","0.035"
"clk150","-0.087","6.667","poison_sync/syncstages_ff_reg[3]/C","cfo/coarse_banks[1].memory/u_frame_memory/xpm_memory_base_inst/gen_wr_a.gen_word_narrow.mem_reg_uram_153/CAS_IN_BWE_B[0]","clk150","clk150","6.443","12","0.035","0.035"
"clk150","-0.087","6.667","sfo/two_pass_transport/first_resampling/engine/pack/m_data_reg[125]/C","sfo/two_pass_transport/intermediate[0].intermediate_bank/memory/u_frame_memory/xpm_memory_base_inst/gen_wr_a.gen_word_narrow.mem_reg_uram_121/CAS_IN_DIN_B[53]","clk150","clk150","6.449","7","0.036","0.035"
"clk150","-0.086","6.667","sfo/two_pass_transport/first_resampling/engine/core/stream/lane_phase_reg[11][15]/C","sfo/two_pass_transport/first_resampling/engine/core/stream/arithmetic/real_channel[23].u_real/pre_da/g18.u_add/U0/xst_addsub/i_baseblox.i_baseblox_addsub/no_pipelining.the_addsub/i_lut6.i_lut6_addsub/i_q.i_simple.qreg/i_no_async_controls.output_reg[8]/D","clk150","clk150","6.733","10","-0.010","0.035"
"clk150","-0.086","6.667","sfo/two_pass_transport/first_resampling/engine/core/stream/lane_phase_reg[15][7]/C","sfo/two_pass_transport/first_resampling/engine/core/stream/lane_phase_reg[14][27]/D","clk150","clk150","6.732","18","-0.008","0.035"
"clk500","-0.086","2.000","cfo/reset_fast/arststages_ff_reg[3]/C","cfo/observation_front/fft_core/bank1_reg_bram_0/WEA[1]","clk500","clk500","1.667","1","0.010","0.035"
"clk500","-0.086","2.000","sfo/residual_estimator/aux_service/u_xfft/U0/i_synth/xfft_inst/non_floating_point.arch_d.xfft_inst/has_bit_reverse.no_cp.muxed_reorder_write_addr_del_reg[10]/C","sfo/residual_estimator/aux_service/u_xfft/U0/i_synth/xfft_inst/non_floating_point.arch_d.xfft_inst/has_bit_reverse.dig_rev_mem/blk_ram.use_bram_only.mem/depth_14.main_ram_loop[2].use_RAMB18.ram_2k_loop[3].SDP_RAMB18_9x2048/ADDRARDADDR[13]","clk500","clk500","1.776","0","0.012","0.035"
"clk150","-0.086","6.667","sfo/two_pass_transport/first_resampling/engine/pack/m_data_reg[96]/C","sfo/two_pass_transport/intermediate[0].intermediate_bank/memory/u_frame_memory/xpm_memory_base_inst/gen_wr_a.gen_word_narrow.mem_reg_uram_105/CAS_IN_DIN_B[24]","clk150","clk150","6.433","7","0.034","0.035"
"clk150","-0.086","6.667","sfo/two_pass_transport/shared_raw.hub/raw_store/ram_ra_reg[6]/C","sfo/two_pass_transport/shared_raw.hub/raw_store/memory/u_frame_memory/xpm_memory_base_inst/gen_wr_a.gen_word_narrow.mem_reg_uram_71/CAS_IN_ADDR_A[6]","clk150","clk150","6.260","7","0.035","0.035"
"clk150","-0.086","6.667","sfo/two_pass_transport/first_resampling/engine/core/stream/lane_phase_reg[0][20]/C","sfo/two_pass_transport/first_resampling/engine/core/stream/arithmetic/real_channel[1].u_real/pre_bc/g18.u_add/U0/xst_addsub/i_baseblox.i_baseblox_addsub/no_pipelining.the_addsub/i_lut6.i_lut6_addsub/i_q.i_simple.qreg/i_no_async_controls.output_reg[6]/D","clk150","clk150","6.730","9","-0.009","0.035"
"clk150","-0.085","6.667","sfo/two_pass_transport/first_resampling/engine/core/stream/lane_phase_reg[0][20]/C","sfo/two_pass_transport/first_resampling/engine/core/stream/arithmetic/real_channel[1].u_real/pre_ab2/g18.u_add/U0/xst_addsub/i_baseblox.i_baseblox_addsub/no_pipelining.the_addsub/i_lut6.i_lut6_addsub/i_q.i_simple.qreg/i_no_async_controls.output_reg[8]/D","clk150","clk150","6.729","9","-0.010","0.035"
"clk150","-0.085","6.667","sfo/two_pass_transport/first_resampling/engine/core/stream/lane_phase_reg[15][7]/C","sfo/two_pass_transport/first_resampling/engine/core/stream/lane_phase_reg[5][17]/D","clk150","clk150","6.731","18","-0.008","0.035"
"clk150","-0.085","6.667","sfo/two_pass_transport/first_resampling/engine/core/stream/lane_phase_reg[15][7]/C","sfo/two_pass_transport/first_resampling/engine/core/stream/lane_phase_reg[5][4]/D","clk150","clk150","6.731","18","-0.008","0.035"
"clk150","-0.085","6.667","sfo/two_pass_transport/shared_raw.hub/raw_store/ram_wa_reg[13]/C","sfo/two_pass_transport/shared_raw.hub/raw_store/memory/u_frame_memory/xpm_memory_base_inst/gen_wr_a.gen_word_narrow.mem_reg_uram_159/CAS_IN_ADDR_B[13]","clk150","clk150","6.389","7","0.035","0.035"
"clk500","-0.085","2.000","cfo/reset_fast/arststages_ff_reg[3]/C","cfo/observation_front/index_iq_reg[6]/CE","clk500","clk500","1.981","4","-0.008","0.035"
"clk500","-0.085","2.000","cfo/observation_front/fft_core/m_generation_reg[9]/C","cfo/observation_front/fft_core/input_index_reg[10]/CE","clk500","clk500","1.981","6","-0.010","0.035"
"clk500","-0.085","2.000","cfo/observation_front/m_frame_reg[11]/C","cfo/estimator/expected_window_reg[5]/D","clk500","clk500","2.067","6","-0.008","0.035"
"clk150","-0.085","6.667","sfo/two_pass_transport/first_resampling/engine/pack/m_data_reg[113]/C","sfo/two_pass_transport/intermediate[0].intermediate_bank/memory/u_frame_memory/xpm_memory_base_inst/gen_wr_a.gen_word_narrow.mem_reg_uram_145/CAS_IN_DIN_B[41]","clk150","clk150","6.453","7","0.035","0.035"
"clk150","-0.085","6.667","cfo/coarse_rotation/output4_reg[14]/C","cfo/coarse_banks[0].memory/u_frame_memory/xpm_memory_base_inst/gen_wr_a.gen_word_narrow.mem_reg_uram_71/CAS_IN_DIN_B[14]","clk150","clk150","6.444","7","0.036","0.035"
"clk150","-0.085","6.667","sfo/two_pass_transport/intermediate[0].intermediate_bank/write_gen_reg[17]/C","sfo/two_pass_transport/intermediate[0].intermediate_bank/memory/u_frame_memory/xpm_memory_base_inst/gen_wr_a.gen_word_narrow.mem_reg_uram_137/CAS_IN_EN_B","clk150","clk150","6.463","13","0.035","0.035"
"clk150","-0.085","6.667","poison_sync/syncstages_ff_reg[3]/C","cfo/coarse_banks[1].memory/u_frame_memory/xpm_memory_base_inst/gen_wr_a.gen_word_narrow.mem_reg_uram_71/CAS_IN_BWE_B[6]","clk150","clk150","6.403","12","0.035","0.035"
"clk150","-0.085","6.667","sfo/two_pass_transport/first_resampling/engine/core/stream/lane_phase_reg[15][7]/C","sfo/two_pass_transport/first_resampling/engine/core/stream/lane_phase_reg[5][26]/D","clk150","clk150","6.731","18","-0.007","0.035"
"clk150","-0.084","6.667","sfo/two_pass_transport/first_resampling/engine/core/stream/lane_phase_reg[5][20]/C","sfo/two_pass_transport/first_resampling/engine/core/stream/arithmetic/real_channel[10].u_real/pre_ca/g18.u_add/U0/xst_addsub/i_baseblox.i_baseblox_addsub/no_pipelining.the_addsub/i_lut6.i_lut6_addsub/i_q.i_simple.qreg/i_no_async_controls.output_reg[16]/D","clk150","clk150","6.731","11","-0.010","0.035"
"clk150","-0.084","6.667","sfo/two_pass_transport/first_resampling/engine/core/stream/lane_phase_reg[13][13]/C","sfo/two_pass_transport/first_resampling/engine/core/stream/arithmetic/real_channel[26].u_real/pre_ca/g18.u_add/U0/xst_addsub/i_baseblox.i_baseblox_addsub/no_pipelining.the_addsub/i_lut6.i_lut6_addsub/i_q.i_simple.qreg/i_no_async_controls.output_reg[10]/D","clk150","clk150","6.732","11","-0.009","0.035"
"clk150","-0.084","6.667","sfo/two_pass_transport/first_resampling/engine/core/stream/lane_phase_reg[15][7]/C","sfo/two_pass_transport/first_resampling/engine/core/stream/lane_phase_reg[2][10]/D","clk150","clk150","6.730","18","-0.008","0.035"
"clk150","-0.084","6.667","sfo/two_pass_transport/second_resampling/engine/core/stream/lane_phase_reg[0][3]/C","sfo/two_pass_transport/second_resampling/engine/core/stream/ring_reg[19][5]/CE","clk150","clk150","6.649","16","-0.007","0.035"
"clk500","-0.084","2.000","cfo/reset_fast/arststages_ff_reg[3]/C","cfo/observation_front/fft_core/bank1_reg_bram_0/WEA[3]","clk500","clk500","1.665","1","0.010","0.035"
"clk500","-0.084","2.000","cfo/observation_front/fft_core/FSM_sequential_state_reg[0]/C","cfo/observation_front/fft_core/ai5_reg[4]/CE","clk500","clk500","1.981","1","-0.008","0.035"
"clk500","-0.084","2.000","cfo/observation_front/fft_core/FSM_sequential_state_reg[0]/C","cfo/observation_front/fft_core/ai5_reg[7]/CE","clk500","clk500","1.981","1","-0.008","0.035"
"clk500","-0.084","2.000","sfo/residual_estimator/front_stage/main/service/u_xfft/U0/i_synth/xfft_inst/non_floating_point.arch_d.xfft_inst/reset_delays[0].first.reset_del_reg[0]/C","sfo/residual_estimator/front_stage/main/service/u_xfft/U0/i_synth/xfft_inst/non_floating_point.arch_d.xfft_inst/reset_delays[1].other.reset_del_reg[1]/D","clk500","clk500","2.065","0","-0.009","0.035"
"clk150","-0.084","6.667","sfo/two_pass_transport/first_resampling/engine/core/stream/lane_phase_reg[15][7]/C","sfo/two_pass_transport/first_resampling/engine/core/stream/lane_phase_reg[14][19]/D","clk150","clk150","6.730","18","-0.008","0.035"
"clk150","-0.084","6.667","sfo/two_pass_transport/first_resampling/engine/core/stream/lane_phase_reg[15][7]/C","sfo/two_pass_transport/first_resampling/engine/core/stream/lane_phase_reg[2][27]/D","clk150","clk150","6.730","18","-0.007","0.035"
"clk150","-0.083","6.667","sfo/two_pass_transport/first_resampling/engine/core/stream/lane_phase_reg[5][20]/C","sfo/two_pass_transport/first_resampling/engine/core/stream/arithmetic/real_channel[10].u_real/pre_ca/g18.u_add/U0/xst_addsub/i_baseblox.i_baseblox_addsub/no_pipelining.the_addsub/i_lut6.i_lut6_addsub/i_q.i_simple.qreg/i_no_async_controls.output_reg[14]/D","clk150","clk150","6.730","11","-0.010","0.035"
"clk150","-0.083","6.667","sfo/two_pass_transport/first_resampling/engine/core/stream/lane_phase_reg[11][15]/C","sfo/two_pass_transport/first_resampling/engine/core/stream/arithmetic/real_channel[23].u_real/pre_da/g18.u_add/U0/xst_addsub/i_baseblox.i_baseblox_addsub/no_pipelining.the_addsub/i_lut6.i_lut6_addsub/i_q.i_simple.qreg/i_no_async_controls.output_reg[6]/D","clk150","clk150","6.730","10","-0.010","0.035"
"clk150","-0.083","6.667","sfo/two_pass_transport/second_resampling/engine/pack/m_data_reg[26]/C","sfo/two_pass_transport/output_buffer/storage/u_frame_memory/xpm_memory_base_inst/gen_wr_a.gen_word_narrow.mem_reg_bram_27/DINADIN[26]","clk150","clk150","6.484","0","0.011","0.035"
"clk500","-0.083","2.000","cfo/windows/packed_windows/fifo/gnuram_async_fifo.xpm_fifo_base_inst/rdp_inst/count_value_i_reg[9]/C","cfo/windows/packed_windows/fifo/gnuram_async_fifo.xpm_fifo_base_inst/gen_sdpram.xpm_memory_base_inst/gen_wr_a.gen_word_narrow.mem_reg_bram_13/ADDRBWRADDR[13]","clk500","clk500","1.768","0","0.010","0.035"
"clk500","-0.083","2.000","sfo/residual_estimator/aux_service/u_xfft/U0/i_synth/xfft_inst/non_floating_point.arch_d.xfft_inst/pe_gen[0].natural_order_input.PE/has_addr_gen.bf2_addr_gen/cnt/cnt_addsub/i_baseblox.i_baseblox_addsub/no_pipelining.the_addsub/i_lut6.i_lut6_addsub/i_q.i_simple.qreg/i_no_async_controls.output_reg[4]/C","sfo/residual_estimator/aux_service/u_xfft/U0/i_synth/xfft_inst/non_floating_point.arch_d.xfft_inst/pe_gen[0].natural_order_input.PE/FB_1.BF_1/MEM/blk_ram.use_bram_only.mem/depth_13_s6_depth_12.main_ram_loop[2].use_RAMB18.ram_2k_loop[1].SDP_RAMB18_9x2048/ADDRBWRADDR[6]","clk500","clk500","1.774","0","0.011","0.035"
"clk150","-0.083","6.667","cfo/coarse_rotation/output4_reg[122]/C","cfo/coarse_banks[0].memory/u_frame_memory/xpm_memory_base_inst/gen_wr_a.gen_word_narrow.mem_reg_uram_121/CAS_IN_DIN_B[50]","clk150","clk150","6.409","7","0.034","0.035"
"clk150","-0.083","6.667","sfo/two_pass_transport/intermediate[0].intermediate_bank/write_gen_reg[17]/C","sfo/two_pass_transport/intermediate[0].intermediate_bank/memory/u_frame_memory/xpm_memory_base_inst/gen_wr_a.gen_word_narrow.mem_reg_uram_118/CAS_IN_BWE_B[3]","clk150","clk150","6.408","10","0.035","0.035"
"clk150","-0.083","6.667","sfo/two_pass_transport/shared_raw.hub/raw_store/ram_ra_reg[18]/C","sfo/two_pass_transport/shared_raw.hub/raw_store/memory/u_frame_memory/xpm_memory_base_inst/gen_wr_a.gen_word_narrow.mem_reg_uram_151/CAS_IN_ADDR_A[18]","clk150","clk150","6.245","7","0.034","0.035"
"clk150","-0.083","6.667","sfo/two_pass_transport/first_resampling/engine/core/stream/lane_phase_reg[15][7]/C","sfo/two_pass_transport/first_resampling/engine/core/stream/lane_phase_reg[6][19]/D","clk150","clk150","6.729","18","-0.007","0.035"
"clk150","-0.082","6.667","sfo/two_pass_transport/first_resampling/engine/pack/m_data_reg[23]/C","sfo/two_pass_transport/intermediate[1].intermediate_bank/memory/u_frame_memory/xpm_memory_base_inst/gen_wr_a.gen_word_narrow.mem_reg_uram_79/CAS_IN_DIN_B[23]","clk150","clk150","6.438","7","0.035","0.035"
"clk500","-0.082","2.000","sfo/residual_estimator/aux_service/u_xfft/U0/i_synth/xfft_inst/non_floating_point.arch_d.xfft_inst/FLOW/has_nfft._nfft_value.NFFT_int_tmp_reg[1]/C","sfo/residual_estimator/aux_service/u_xfft/U0/i_synth/xfft_inst/non_floating_point.arch_d.xfft_inst/FLOW/has_nfft.counter_limit_reg[4].max_n_int_minus_one_ff/D","clk500","clk500","2.063","1","-0.009","0.035"
"clk150","-0.082","6.667","sfo/two_pass_transport/first_resampling/engine/core/stream/lane_phase_reg[15][7]/C","sfo/two_pass_transport/first_resampling/engine/core/stream/lane_phase_reg[10][24]/D","clk150","clk150","6.728","18","-0.008","0.035"
"clk150","-0.082","6.667","sfo/two_pass_transport/second_resampling/engine/core/stream/lane_phase_reg[0][3]/C","sfo/two_pass_transport/second_resampling/engine/core/fir15_interpolator/q_core/U0/i_synth/g_polyphase_interpolation_sym_ssr.i_polyphase_interpolation_sym_ssr/g_m_data_chan_fifo.i_m_data_chan_fifo/fifo0/fifo_2_reg[72]/CE","clk150","clk150","6.646","17","-0.007","0.035"
"clk150","-0.082","6.667","sfo/two_pass_transport/second_resampling/engine/core/stream/lane_phase_reg[0][3]/C","sfo/two_pass_transport/second_resampling/engine/core/fir15_interpolator/q_core/U0/i_synth/g_polyphase_interpolation_sym_ssr.i_polyphase_interpolation_sym_ssr/g_m_data_chan_fifo.i_m_data_chan_fifo/fifo0/fifo_2_reg[73]/CE","clk150","clk150","6.646","17","-0.007","0.035"
"clk150","-0.082","6.667","sfo/two_pass_transport/second_resampling/engine/core/stream/lane_phase_reg[0][3]/C","sfo/two_pass_transport/second_resampling/engine/core/fir15_interpolator/q_core/U0/i_synth/g_polyphase_interpolation_sym_ssr.i_polyphase_interpolation_sym_ssr/g_m_data_chan_fifo.i_m_data_chan_fifo/fifo0/fifo_2_reg[74]/CE","clk150","clk150","6.646","17","-0.007","0.035"
"clk150","-0.082","6.667","sfo/two_pass_transport/second_resampling/engine/core/stream/lane_phase_reg[0][3]/C","sfo/two_pass_transport/second_resampling/engine/core/fir15_interpolator/q_core/U0/i_synth/g_polyphase_interpolation_sym_ssr.i_polyphase_interpolation_sym_ssr/g_m_data_chan_fifo.i_m_data_chan_fifo/fifo0/fifo_2_reg[75]/CE","clk150","clk150","6.646","17","-0.007","0.035"
"clk500","-0.082","2.000","cfo/reset_fast/arststages_ff_reg[3]/C","cfo/observation_front/fft_core/tag_reg[1][row_b][1]/R","clk500","clk500","1.964","0","-0.009","0.035"
"clk500","-0.082","2.000","cfo/reset_fast/arststages_ff_reg[3]/C","cfo/observation_front/fft_core/tag_reg[2][row_b][1]/R","clk500","clk500","1.964","0","-0.009","0.035"
"clk150","-0.082","6.667","cfo/coarse_rotation/output4_reg[112]/C","cfo/coarse_banks[0].memory/u_frame_memory/xpm_memory_base_inst/gen_wr_a.gen_word_narrow.mem_reg_uram_129/CAS_IN_DIN_B[40]","clk150","clk150","6.455","7","0.036","0.035"
"clk150","-0.082","6.667","cfo/coarse_rotation/output4_reg[17]/C","cfo/coarse_banks[1].memory/u_frame_memory/xpm_memory_base_inst/gen_wr_a.gen_word_narrow.mem_reg_uram_39/CAS_IN_DIN_B[17]","clk150","clk150","6.389","7","0.035","0.035"
"clk150","-0.082","6.667","poison_sync/syncstages_ff_reg[3]/C","cfo/coarse_banks[0].memory/u_frame_memory/xpm_memory_base_inst/gen_wr_a.gen_word_narrow.mem_reg_uram_70/CAS_IN_BWE_B[8]","clk150","clk150","6.331","11","0.035","0.035"
"clk150","-0.082","6.667","poison_sync/syncstages_ff_reg[3]/C","cfo/coarse_banks[0].memory/u_frame_memory/xpm_memory_base_inst/gen_wr_a.gen_word_narrow.mem_reg_uram_160/CAS_IN_BWE_B[6]","clk150","clk150","6.400","11","0.035","0.035"
"clk150","-0.082","6.667","sfo/two_pass_transport/first_resampling/engine/core/stream/lane_phase_reg[0][20]/C","sfo/two_pass_transport/first_resampling/engine/core/stream/arithmetic/real_channel[0].u_real/pre_da/g18.u_add/U0/xst_addsub/i_baseblox.i_baseblox_addsub/no_pipelining.the_addsub/i_lut6.i_lut6_addsub/i_q.i_simple.qreg/i_no_async_controls.output_reg[5]/D","clk150","clk150","6.726","8","-0.009","0.035"
"clk150","-0.081","6.667","sfo/two_pass_transport/second_resampling/engine/pack/m_data_reg[23]/C","sfo/two_pass_transport/output_buffer/storage/u_frame_memory/xpm_memory_base_inst/gen_wr_a.gen_word_narrow.mem_reg_bram_29/DINADIN[23]","clk150","clk150","6.476","0","0.009","0.035"
"clk500","-0.081","2.000","cfo/windows/sample_index_reg[8]/C","cfo/windows/packed_windows/fifo/gnuram_async_fifo.xpm_fifo_base_inst/gen_sdpram.xpm_memory_base_inst/gen_wr_a.gen_word_narrow.mem_reg_bram_4/ENBWREN","clk500","clk500","1.716","4","0.012","0.035"
"clk500","-0.081","2.000","sfo/residual_estimator/aux_service/u_xfft/U0/i_synth/xfft_inst/non_floating_point.arch_d.xfft_inst/FLOW/has_nfft._nfft_value.NFFT_int_tmp_reg[1]/C","sfo/residual_estimator/aux_service/u_xfft/U0/i_synth/xfft_inst/non_floating_point.arch_d.xfft_inst/FLOW/has_nfft.counter_limit_early_reg[4].max_n_int_minus_one_ff/D","clk500","clk500","2.062","1","-0.009","0.035"
"clk150","-0.081","6.667","sfo/two_pass_transport/first_resampling/engine/core/stream/lane_phase_reg[0][20]/C","sfo/two_pass_transport/first_resampling/engine/core/stream/arithmetic/real_channel[1].u_real/pre_da/g18.u_add/U0/xst_addsub/i_baseblox.i_baseblox_addsub/no_pipelining.the_addsub/i_lut6.i_lut6_addsub/i_q.i_simple.qreg/i_no_async_controls.output_reg[15]/D","clk150","clk150","6.725","10","-0.010","0.035"
"clk150","-0.081","6.667","sfo/two_pass_transport/first_resampling/engine/core/stream/lane_phase_reg[15][7]/C","sfo/two_pass_transport/first_resampling/engine/core/stream/lane_phase_reg[10][8]/D","clk150","clk150","6.727","18","-0.008","0.035"
"clk150","-0.081","6.667","sfo/two_pass_transport/intermediate[0].intermediate_bank/issued_reg[0]/C","sfo/two_pass_transport/intermediate[0].intermediate_bank/memory/u_frame_memory/xpm_memory_base_inst/gen_wr_a.gen_word_narrow.mem_reg_uram_120/CAS_IN_ADDR_A[1]","clk150","clk150","6.234","8","0.034","0.035"
"clk150","-0.081","6.667","sfo/two_pass_transport/intermediate[0].intermediate_bank/write_gen_reg[17]/C","sfo/two_pass_transport/intermediate[0].intermediate_bank/memory/u_frame_memory/xpm_memory_base_inst/gen_wr_a.gen_word_narrow.mem_reg_uram_145/CAS_IN_BWE_B[3]","clk150","clk150","6.406","13","0.035","0.035"
"clk150","-0.081","6.667","sfo/two_pass_transport/first_resampling/engine/core/stream/lane_phase_reg[15][7]/C","sfo/two_pass_transport/first_resampling/engine/core/stream/lane_phase_reg[10][14]/D","clk150","clk150","6.727","18","-0.007","0.035"
"clk150","-0.080","6.667","sfo/two_pass_transport/first_resampling/engine/pack/m_data_reg[31]/C","sfo/two_pass_transport/intermediate[0].intermediate_bank/memory/u_frame_memory/xpm_memory_base_inst/gen_wr_a.gen_word_narrow.mem_reg_uram_15/CAS_IN_DIN_B[31]","clk150","clk150","6.349","7","0.035","0.035"
"clk150","-0.080","6.667","sfo/two_pass_transport/first_resampling/engine/core/stream/lane_phase_reg[0][20]/C","sfo/two_pass_transport/first_resampling/engine/core/stream/arithmetic/real_channel[0].u_real/pre_ab2/g18.u_add/U0/xst_addsub/i_baseblox.i_baseblox_addsub/no_pipelining.the_addsub/i_lut6.i_lut6_addsub/i_q.i_simple.qreg/i_no_async_controls.output_reg[17]/D","clk150","clk150","6.724","10","-0.010","0.035"
"clk500","-0.080","2.000","cfo/reset_fast/arststages_ff_reg[3]/C","cfo/observation_front/fft_core/m_saturations_reg[5]/R","clk500","clk500","1.963","0","-0.008","0.035"
"clk500","-0.080","2.000","cfo/estimator/observation_fifo/gnuram_async_fifo.xpm_fifo_base_inst/xpm_fifo_rst_inst/gen_rst_ic.wr_rst_busy_ic_reg/C","cfo/observation_front/sum_i_reg[16]/R","clk500","clk500","1.961","4","-0.010","0.035"
"clk500","-0.080","2.000","cfo/estimator/observation_fifo/gnuram_async_fifo.xpm_fifo_base_inst/xpm_fifo_rst_inst/gen_rst_ic.wr_rst_busy_ic_reg/C","cfo/observation_front/sum_i_reg[17]/R","clk500","clk500","1.961","4","-0.010","0.035"
"clk500","-0.080","2.000","cfo/estimator/observation_fifo/gnuram_async_fifo.xpm_fifo_base_inst/xpm_fifo_rst_inst/gen_rst_ic.wr_rst_busy_ic_reg/C","cfo/observation_front/sum_i_reg[18]/R","clk500","clk500","1.961","4","-0.010","0.035"
"clk500","-0.080","2.000","cfo/estimator/observation_fifo/gnuram_async_fifo.xpm_fifo_base_inst/xpm_fifo_rst_inst/gen_rst_ic.wr_rst_busy_ic_reg/C","cfo/observation_front/sum_i_reg[19]/R","clk500","clk500","1.961","4","-0.010","0.035"
"clk500","-0.080","2.000","cfo/windows/sample_index_reg[8]/C","cfo/windows/packed_windows/fifo/gnuram_async_fifo.xpm_fifo_base_inst/rdp_inst/count_value_i_reg[5]/D","clk500","clk500","2.063","6","-0.007","0.035"
"clk500","-0.080","2.000","sfo/residual_estimator/aux_service/u_xfft/U0/i_synth/axi_wrapper/gen_has_nfft.nfft_we_int_reg/C","sfo/residual_estimator/aux_service/u_xfft/U0/i_synth/xfft_inst/non_floating_point.arch_d.xfft_inst/has_bit_reverse.no_cyclic_prefix_xk_counter.DOUT_CNT_CTRL_1/cnt/cnt_addsub/i_baseblox.i_baseblox_addsub/no_pipelining.the_addsub/i_lut6.i_lut6_addsub/i_q.i_simple.qreg/i_no_async_controls.output_reg[10]/R","clk500","clk500","1.963","1","-0.008","0.035"
"clk500","-0.080","2.000","sfo/residual_estimator/aux_service/u_xfft/U0/i_synth/axi_wrapper/gen_has_nfft.nfft_we_int_reg/C","sfo/residual_estimator/aux_service/u_xfft/U0/i_synth/xfft_inst/non_floating_point.arch_d.xfft_inst/has_bit_reverse.no_cyclic_prefix_xk_counter.DOUT_CNT_CTRL_1/cnt/cnt_addsub/i_baseblox.i_baseblox_addsub/no_pipelining.the_addsub/i_lut6.i_lut6_addsub/i_q.i_simple.qreg/i_no_async_controls.output_reg[11]/R","clk500","clk500","1.963","1","-0.008","0.035"
"clk500","-0.080","2.000","sfo/residual_estimator/aux_service/u_xfft/U0/i_synth/axi_wrapper/gen_has_nfft.nfft_we_int_reg/C","sfo/residual_estimator/aux_service/u_xfft/U0/i_synth/xfft_inst/non_floating_point.arch_d.xfft_inst/has_bit_reverse.no_cyclic_prefix_xk_counter.DOUT_CNT_CTRL_1/cnt/cnt_addsub/i_baseblox.i_baseblox_addsub/no_pipelining.the_addsub/i_lut6.i_lut6_addsub/i_q.i_simple.qreg/i_no_async_controls.output_reg[8]/R","clk500","clk500","1.963","1","-0.008","0.035"
"clk500","-0.080","2.000","sfo/residual_estimator/aux_service/u_xfft/U0/i_synth/axi_wrapper/gen_has_nfft.nfft_we_int_reg/C","sfo/residual_estimator/aux_service/u_xfft/U0/i_synth/xfft_inst/non_floating_point.arch_d.xfft_inst/has_bit_reverse.no_cyclic_prefix_xk_counter.DOUT_CNT_CTRL_1/cnt/cnt_addsub/i_baseblox.i_baseblox_addsub/no_pipelining.the_addsub/i_lut6.i_lut6_addsub/i_q.i_simple.qreg/i_no_async_controls.output_reg[9]/R","clk500","clk500","1.963","1","-0.008","0.035"
"clk150","-0.080","6.667","sfo/two_pass_transport/second_resampling/engine/core/stream/lane_phase_reg[0][3]/C","sfo/two_pass_transport/second_resampling/engine/core/fir15_interpolator/q_core/U0/i_synth/g_polyphase_interpolation_sym_ssr.i_polyphase_interpolation_sym_ssr/g_m_data_chan_fifo.i_m_data_chan_fifo/fifo0/fifo_2_reg[250]/CE","clk150","clk150","6.644","17","-0.007","0.035"
"clk150","-0.080","6.667","sfo/two_pass_transport/second_resampling/engine/core/stream/lane_phase_reg[0][3]/C","sfo/two_pass_transport/second_resampling/engine/core/fir15_interpolator/q_core/U0/i_synth/g_polyphase_interpolation_sym_ssr.i_polyphase_interpolation_sym_ssr/g_m_data_chan_fifo.i_m_data_chan_fifo/fifo0/fifo_2_reg[251]/CE","clk150","clk150","6.644","17","-0.007","0.035"
"clk150","-0.080","6.667","sfo/two_pass_transport/second_resampling/engine/core/stream/lane_phase_reg[0][3]/C","sfo/two_pass_transport/second_resampling/engine/core/fir15_interpolator/q_core/U0/i_synth/g_polyphase_interpolation_sym_ssr.i_polyphase_interpolation_sym_ssr/g_m_data_chan_fifo.i_m_data_chan_fifo/fifo0/fifo_2_reg[252]/CE","clk150","clk150","6.644","17","-0.007","0.035"
"clk150","-0.080","6.667","sfo/two_pass_transport/second_resampling/engine/core/stream/lane_phase_reg[0][3]/C","sfo/two_pass_transport/second_resampling/engine/core/fir15_interpolator/q_core/U0/i_synth/g_polyphase_interpolation_sym_ssr.i_polyphase_interpolation_sym_ssr/g_m_data_chan_fifo.i_m_data_chan_fifo/fifo0/fifo_2_reg[253]/CE","clk150","clk150","6.644","17","-0.007","0.035"
"clk150","-0.080","6.667","sfo/two_pass_transport/second_resampling/engine/core/stream/lane_phase_reg[0][3]/C","sfo/two_pass_transport/second_resampling/engine/core/fir15_interpolator/q_core/U0/i_synth/g_polyphase_interpolation_sym_ssr.i_polyphase_interpolation_sym_ssr/g_m_data_chan_fifo.i_m_data_chan_fifo/fifo0/fifo_2_reg[68]/CE","clk150","clk150","6.644","17","-0.007","0.035"
"clk150","-0.080","6.667","sfo/two_pass_transport/second_resampling/engine/core/stream/lane_phase_reg[0][3]/C","sfo/two_pass_transport/second_resampling/engine/core/fir15_interpolator/q_core/U0/i_synth/g_polyphase_interpolation_sym_ssr.i_polyphase_interpolation_sym_ssr/g_m_data_chan_fifo.i_m_data_chan_fifo/fifo0/fifo_2_reg[69]/CE","clk150","clk150","6.644","17","-0.007","0.035"
"clk150","-0.080","6.667","sfo/two_pass_transport/second_resampling/engine/core/stream/lane_phase_reg[0][3]/C","sfo/two_pass_transport/second_resampling/engine/core/fir15_interpolator/q_core/U0/i_synth/g_polyphase_interpolation_sym_ssr.i_polyphase_interpolation_sym_ssr/g_m_data_chan_fifo.i_m_data_chan_fifo/fifo0/fifo_2_reg[70]/CE","clk150","clk150","6.644","17","-0.007","0.035"
"clk150","-0.080","6.667","sfo/two_pass_transport/second_resampling/engine/core/stream/lane_phase_reg[0][3]/C","sfo/two_pass_transport/second_resampling/engine/core/fir15_interpolator/q_core/U0/i_synth/g_polyphase_interpolation_sym_ssr.i_polyphase_interpolation_sym_ssr/g_m_data_chan_fifo.i_m_data_chan_fifo/fifo0/fifo_2_reg[71]/CE","clk150","clk150","6.644","17","-0.007","0.035"
"clk150","-0.080","6.667","sfo/two_pass_transport/second_resampling/engine/core/stream/lane_phase_reg[14][19]/C","sfo/two_pass_transport/second_resampling/engine/core/stream/arithmetic/real_channel[28].u_real/pre_ab2/g18.u_add/U0/xst_addsub/i_baseblox.i_baseblox_addsub/no_pipelining.the_addsub/i_lut6.i_lut6_addsub/i_q.i_simple.qreg/i_no_async_controls.output_reg[12]/D","clk150","clk150","6.727","8","-0.010","0.035"
"clk150","-0.080","6.667","cfo/coarse_rotation/output4_reg[88]/C","cfo/coarse_banks[0].memory/u_frame_memory/xpm_memory_base_inst/gen_wr_a.gen_word_narrow.mem_reg_uram_137/CAS_IN_DIN_B[16]","clk150","clk150","6.442","7","0.034","0.035"
"clk150","-0.080","6.667","sfo/two_pass_transport/intermediate[0].intermediate_bank/write_gen_reg[17]/C","sfo/two_pass_transport/intermediate[0].intermediate_bank/memory/u_frame_memory/xpm_memory_base_inst/gen_wr_a.gen_word_narrow.mem_reg_uram_104/CAS_IN_BWE_B[3]","clk150","clk150","6.405","12","0.035","0.035"
"clk150","-0.080","6.667","sfo/two_pass_transport/shared_raw.hub/raw_store/ram_ra_reg[1]/C","sfo/two_pass_transport/shared_raw.hub/raw_store/memory/u_frame_memory/xpm_memory_base_inst/gen_wr_a.gen_word_narrow.mem_reg_uram_103/CAS_IN_ADDR_A[1]","clk150","clk150","6.234","7","0.035","0.035"
"clk150","-0.079","6.667","sfo/two_pass_transport/first_resampling/engine/pack/m_data_reg[50]/C","sfo/two_pass_transport/intermediate[0].intermediate_bank/memory/u_frame_memory/xpm_memory_base_inst/gen_wr_a.gen_word_narrow.mem_reg_uram_31/CAS_IN_DIN_B[50]","clk150","clk150","6.416","7","0.035","0.035"
"clk500","-0.079","2.000","cfo/observation_front/fft_core/FSM_sequential_state_reg[0]/C","cfo/observation_front/fft_core/tag_reg[5][row_a][5]/CE","clk500","clk500","1.975","1","-0.008","0.035"
"clk500","-0.079","2.000","cfo/estimator/observation_fifo/gnuram_async_fifo.xpm_fifo_base_inst/xpm_fifo_rst_inst/gen_rst_ic.wr_rst_busy_ic_reg/C","cfo/observation_front/sum_i_reg[20]/R","clk500","clk500","1.960","4","-0.010","0.035"
"clk500","-0.079","2.000","cfo/estimator/observation_fifo/gnuram_async_fifo.xpm_fifo_base_inst/xpm_fifo_rst_inst/gen_rst_ic.wr_rst_busy_ic_reg/C","cfo/observation_front/sum_i_reg[21]/R","clk500","clk500","1.960","4","-0.010","0.035"
"clk500","-0.079","2.000","cfo/estimator/observation_fifo/gnuram_async_fifo.xpm_fifo_base_inst/xpm_fifo_rst_inst/gen_rst_ic.wr_rst_busy_ic_reg/C","cfo/observation_front/sum_i_reg[22]/R","clk500","clk500","1.960","4","-0.010","0.035"
"clk500","-0.079","2.000","cfo/estimator/observation_fifo/gnuram_async_fifo.xpm_fifo_base_inst/xpm_fifo_rst_inst/gen_rst_ic.wr_rst_busy_ic_reg/C","cfo/observation_front/sum_i_reg[23]/R","clk500","clk500","1.960","4","-0.010","0.035"
"clk500","-0.079","2.000","sfo/residual_estimator/aux_service/u_xfft/U0/i_synth/axi_wrapper/gen_has_nfft.nfft_we_int_reg/C","sfo/residual_estimator/aux_service/u_xfft/U0/i_synth/xfft_inst/non_floating_point.arch_d.xfft_inst/has_bit_reverse.no_cyclic_prefix_xk_counter.DOUT_CNT_CTRL_1/cnt/cnt_addsub/i_baseblox.i_baseblox_addsub/no_pipelining.the_addsub/i_lut6.i_lut6_addsub/i_q.i_simple.qreg/i_no_async_controls.output_reg[12]/R","clk500","clk500","1.962","1","-0.008","0.035"
"clk500","-0.079","2.000","sfo/residual_estimator/aux_service/u_xfft/U0/i_synth/axi_wrapper/gen_has_nfft.nfft_we_int_reg/C","sfo/residual_estimator/aux_service/u_xfft/U0/i_synth/xfft_inst/non_floating_point.arch_d.xfft_inst/has_bit_reverse.no_cyclic_prefix_xk_counter.DOUT_CNT_CTRL_1/cnt/cnt_addsub/i_baseblox.i_baseblox_addsub/no_pipelining.the_addsub/i_lut6.i_lut6_addsub/i_q.i_simple.qreg/i_no_async_controls.output_reg[13]/R","clk500","clk500","1.962","1","-0.008","0.035"
"clk500","-0.079","2.000","sfo/residual_estimator/aux_service/u_xfft/U0/i_synth/axi_wrapper/gen_has_nfft.nfft_we_int_reg/C","sfo/residual_estimator/aux_service/u_xfft/U0/i_synth/xfft_inst/non_floating_point.arch_d.xfft_inst/has_bit_reverse.no_cyclic_prefix_xk_counter.DOUT_CNT_CTRL_1/cnt/cnt_addsub/i_baseblox.i_baseblox_addsub/no_pipelining.the_addsub/i_lut6.i_lut6_addsub/i_q.i_simple.qreg/i_no_async_controls.output_reg[14]/R","clk500","clk500","1.962","1","-0.008","0.035"
"clk150","-0.079","6.667","sfo/two_pass_transport/second_resampling/engine/core/stream/lane_phase_reg[0][3]/C","sfo/two_pass_transport/second_resampling/engine/core/fir15_interpolator/m_axis_data_tdata_reg[312]/CE","clk150","clk150","6.643","16","-0.008","0.035"
"clk150","-0.079","6.667","sfo/two_pass_transport/second_resampling/engine/core/stream/lane_phase_reg[0][3]/C","sfo/two_pass_transport/second_resampling/engine/core/fir15_interpolator/m_axis_data_tdata_reg[313]/CE","clk150","clk150","6.644","16","-0.008","0.035"
"clk150","-0.079","6.667","sfo/two_pass_transport/second_resampling/engine/core/stream/lane_phase_reg[0][3]/C","sfo/two_pass_transport/second_resampling/engine/core/fir15_interpolator/m_axis_data_tdata_reg[316]/CE","clk150","clk150","6.643","16","-0.008","0.035"
"clk150","-0.079","6.667","sfo/two_pass_transport/second_resampling/engine/core/stream/lane_phase_reg[0][3]/C","sfo/two_pass_transport/second_resampling/engine/core/fir15_interpolator/m_axis_data_tdata_reg[317]/CE","clk150","clk150","6.644","16","-0.008","0.035"
"clk150","-0.079","6.667","sfo/two_pass_transport/intermediate[0].intermediate_bank/write_next_reg[1]/C","sfo/two_pass_transport/intermediate[0].intermediate_bank/memory/u_frame_memory/xpm_memory_base_inst/gen_wr_a.gen_word_narrow.mem_reg_uram_97/CAS_IN_ADDR_B[1]","clk150","clk150","6.415","7","0.035","0.035"
"clk150","-0.079","6.667","sfo/two_pass_transport/intermediate[0].intermediate_bank/write_gen_reg[17]/C","sfo/two_pass_transport/intermediate[0].intermediate_bank/memory/u_frame_memory/xpm_memory_base_inst/gen_wr_a.gen_word_narrow.mem_reg_uram_128/CAS_IN_BWE_B[7]","clk150","clk150","6.301","12","0.035","0.035"
"clk150","-0.079","6.667","sfo/two_pass_transport/first_resampling/engine/core/stream/lane_phase_reg[15][7]/C","sfo/two_pass_transport/first_resampling/engine/core/stream/lane_phase_reg[10][19]/D","clk150","clk150","6.725","18","-0.007","0.035"
"clk150","-0.078","6.667","sfo/two_pass_transport/first_resampling/engine/core/stream/lane_phase_reg[0][20]/C","sfo/two_pass_transport/first_resampling/engine/core/stream/arithmetic/real_channel[1].u_real/pre_ab2/g18.u_add/U0/xst_addsub/i_baseblox.i_baseblox_addsub/no_pipelining.the_addsub/i_lut6.i_lut6_addsub/i_q.i_simple.qreg/i_no_async_controls.output_reg[7]/D","clk150","clk150","6.722","9","-0.010","0.035"
"clk150","-0.078","6.667","sfo/two_pass_transport/second_resampling/engine/frame_id_reg[9]/C","sfo/two_pass_transport/output_buffer/storage/u_frame_memory/xpm_memory_base_inst/gen_wr_a.gen_word_narrow.mem_reg_bram_100/ENARDEN","clk150","clk150","6.379","7","0.011","0.035"
"clk500","-0.078","2.000","cfo/reset_fast/arststages_ff_reg[3]/C","cfo/observation_front/m_generation_reg[27]/CE","clk500","clk500","1.974","2","-0.009","0.035"
"clk500","-0.078","2.000","cfo/reset_fast/arststages_ff_reg[3]/C","cfo/observation_front/m_generation_reg[28]/CE","clk500","clk500","1.975","2","-0.009","0.035"
"clk500","-0.078","2.000","cfo/reset_fast/arststages_ff_reg[3]/C","cfo/observation_front/m_generation_reg[31]/CE","clk500","clk500","1.974","2","-0.009","0.035"
"clk500","-0.078","2.000","sfo/residual_estimator/front_stage/main/service/u_xfft/U0/i_synth/axi_wrapper/sclr_int_reg/C","sfo/residual_estimator/front_stage/main/service/u_xfft/U0/i_synth/xfft_inst/non_floating_point.arch_d.xfft_inst/has_bit_reverse.pe_natural_out_reg[1]/R","clk500","clk500","1.960","1","-0.009","0.035"
"clk500","-0.078","2.000","sfo/residual_estimator/front_stage/main/service/u_xfft/U0/i_synth/axi_wrapper/sclr_int_reg/C","sfo/residual_estimator/front_stage/main/service/u_xfft/U0/i_synth/xfft_inst/non_floating_point.arch_d.xfft_inst/has_bit_reverse.pe_natural_out_reg[2]/R","clk500","clk500","1.960","1","-0.009","0.035"
"clk500","-0.078","2.000","sfo/residual_estimator/front_stage/main/service/u_xfft/U0/i_synth/axi_wrapper/sclr_int_reg/C","sfo/residual_estimator/front_stage/main/service/u_xfft/U0/i_synth/xfft_inst/non_floating_point.arch_d.xfft_inst/has_bit_reverse.pe_natural_out_reg[6]/R","clk500","clk500","1.960","1","-0.009","0.035"
"clk500","-0.078","2.000","sfo/residual_estimator/front_stage/main/service/u_xfft/U0/i_synth/axi_wrapper/sclr_int_reg/C","sfo/residual_estimator/front_stage/main/service/u_xfft/U0/i_synth/xfft_inst/non_floating_point.arch_d.xfft_inst/has_bit_reverse.pe_natural_out_reg[9]/R","clk500","clk500","1.960","1","-0.009","0.035"
"clk150","-0.078","6.667","cfo/coarse_rotation/output4_reg[84]/C","cfo/coarse_banks[0].memory/u_frame_memory/xpm_memory_base_inst/gen_wr_a.gen_word_narrow.mem_reg_uram_89/CAS_IN_DIN_B[12]","clk150","clk150","6.380","7","0.035","0.035"
"clk150","-0.078","6.667","cfo/coarse_rotation/output4_reg[24]/C","cfo/coarse_banks[1].memory/u_frame_memory/xpm_memory_base_inst/gen_wr_a.gen_word_narrow.mem_reg_uram_15/CAS_IN_DIN_B[24]","clk150","clk150","6.427","7","0.036","0.035"
"clk150","-0.078","6.667","sfo/two_pass_transport/first_resampling/engine/pack/m_data_reg[91]/C","sfo/two_pass_transport/intermediate[0].intermediate_bank/memory/u_frame_memory/xpm_memory_base_inst/gen_wr_a.gen_word_narrow.mem_reg_uram_105/CAS_IN_DIN_B[19]","clk150","clk150","6.433","7","0.034","0.035"
"clk150","-0.078","6.667","poison_sync/syncstages_ff_reg[3]/C","cfo/coarse_banks[0].memory/u_frame_memory/xpm_memory_base_inst/gen_wr_a.gen_word_narrow.mem_reg_uram_71/CAS_IN_BWE_B[5]","clk150","clk150","6.431","12","0.035","0.035"
"clk150","-0.078","6.667","sfo/two_pass_transport/intermediate[0].intermediate_bank/write_gen_reg[17]/C","sfo/two_pass_transport/intermediate[0].intermediate_bank/memory/u_frame_memory/xpm_memory_base_inst/gen_wr_a.gen_word_narrow.mem_reg_uram_159/CAS_IN_BWE_B[7]","clk150","clk150","6.300","11","0.035","0.035"
"clk150","-0.078","6.667","sfo/two_pass_transport/first_resampling/engine/core/stream/lane_phase_reg[15][7]/C","sfo/two_pass_transport/first_resampling/engine/core/stream/lane_phase_reg[1][26]/D","clk150","clk150","6.724","18","-0.007","0.035"
"clk500","-0.077","2.000","sfo/residual_estimator/aux_service/u_xfft/U0/i_synth/axi_wrapper/sclr_int_reg/C","sfo/residual_estimator/aux_service/u_xfft/U0/i_synth/xfft_inst/non_floating_point.arch_d.xfft_inst/run_time_1.mux0_sclr_reg[3].mux0_sclr_ff/D","clk500","clk500","2.057","1","-0.010","0.035"
"clk500","-0.077","2.000","cfo/reset_fast/arststages_ff_reg[3]/C","cfo/observation_front/fft_core/m_saturations_reg[1]/R","clk500","clk500","1.960","0","-0.008","0.035"
"clk500","-0.077","2.000","cfo/reset_fast/arststages_ff_reg[3]/C","cfo/observation_front/fft_core/m_saturations_reg[2]/R","clk500","clk500","1.960","0","-0.008","0.035"
"clk500","-0.077","2.000","cfo/reset_fast/arststages_ff_reg[3]/C","cfo/observation_front/fft_core/m_saturations_reg[6]/R","clk500","clk500","1.960","0","-0.008","0.035"
"clk150","-0.077","6.667","sfo/two_pass_transport/first_resampling/engine/pack/m_data_reg[113]/C","sfo/two_pass_transport/intermediate[0].intermediate_bank/memory/u_frame_memory/xpm_memory_base_inst/gen_wr_a.gen_word_narrow.mem_reg_uram_105/CAS_IN_DIN_B[41]","clk150","clk150","6.445","7","0.035","0.035"
"clk150","-0.077","6.667","cfo/coarse_rotation/output4_reg[24]/C","cfo/coarse_banks[1].memory/u_frame_memory/xpm_memory_base_inst/gen_wr_a.gen_word_narrow.mem_reg_uram_55/CAS_IN_DIN_B[24]","clk150","clk150","6.426","7","0.036","0.035"
"clk150","-0.077","6.667","sfo/two_pass_transport/intermediate[0].intermediate_bank/write_gen_reg[17]/C","sfo/two_pass_transport/intermediate[0].intermediate_bank/memory/u_frame_memory/xpm_memory_base_inst/gen_wr_a.gen_word_narrow.mem_reg_uram_136/CAS_IN_EN_A","clk150","clk150","6.304","12","0.035","0.035"
"clk150","-0.077","6.667","sfo/two_pass_transport/first_resampling/engine/pack/m_data_reg[102]/C","sfo/two_pass_transport/intermediate[0].intermediate_bank/memory/u_frame_memory/xpm_memory_base_inst/gen_wr_a.gen_word_narrow.mem_reg_uram_97/CAS_IN_DIN_B[30]","clk150","clk150","6.463","7","0.034","0.035"
"clk150","-0.077","6.667","sfo/two_pass_transport/shared_raw.hub/raw_store/ram_ra_reg[5]/C","sfo/two_pass_transport/shared_raw.hub/raw_store/memory/u_frame_memory/xpm_memory_base_inst/gen_wr_a.gen_word_narrow.mem_reg_uram_119/CAS_IN_ADDR_A[5]","clk150","clk150","6.268","7","0.035","0.035"
"clk150","-0.076","6.667","sfo/two_pass_transport/first_resampling/engine/pack/m_data_reg[39]/C","sfo/two_pass_transport/intermediate[0].intermediate_bank/memory/u_frame_memory/xpm_memory_base_inst/gen_wr_a.gen_word_narrow.mem_reg_uram_39/CAS_IN_DIN_B[39]","clk150","clk150","6.497","7","0.034","0.035"
"clk150","-0.076","6.667","sfo/two_pass_transport/first_resampling/engine/pack/m_data_reg[19]/C","sfo/two_pass_transport/intermediate[1].intermediate_bank/memory/u_frame_memory/xpm_memory_base_inst/gen_wr_a.gen_word_narrow.mem_reg_uram_55/CAS_IN_DIN_B[19]","clk150","clk150","6.442","7","0.035","0.035"
"clk150","-0.076","6.667","sfo/two_pass_transport/first_resampling/engine/core/stream/lane_phase_reg[13][13]/C","sfo/two_pass_transport/first_resampling/engine/core/stream/arithmetic/real_channel[26].u_real/pre_ca/g18.u_add/U0/xst_addsub/i_baseblox.i_baseblox_addsub/no_pipelining.the_addsub/i_lut6.i_lut6_addsub/i_q.i_simple.qreg/i_no_async_controls.output_reg[11]/D","clk150","clk150","6.724","11","-0.009","0.035"
"clk500","-0.076","2.000","sfo/residual_estimator/aux_service/u_xfft/U0/i_synth/xfft_inst/non_floating_point.arch_d.xfft_inst/pe_gen[0].natural_order_input.PE/hasbf2.FB_2.BF_2/MEM/blk_ram.use_bram_only.mem/depth_12_s6_depth_11.use_fabric_register.doutb_tmp_reg[30]/C","sfo/residual_estimator/aux_service/u_xfft/U0/i_synth/xfft_inst/non_floating_point.arch_d.xfft_inst/pe_gen[0].natural_order_input.PE/hasbf2.FB_2.BF_2/BTFLY0/logic_bfly_byp.add_r/adder/i_baseblox.i_baseblox_addsub/no_pipelining.the_addsub/i_lut6.i_lut6_addsub/i_q.i_simple.qreg/i_no_async_controls.output_reg[18]/D","clk500","clk500","2.058","2","-0.008","0.035"
"clk500","-0.076","2.000","cfo/reset_fast/arststages_ff_reg[3]/C","cfo/observation_front/m_generation_reg[14]/CE","clk500","clk500","1.972","2","-0.008","0.035"
"clk500","-0.076","2.000","sfo/residual_estimator/aux_service/u_xfft/U0/i_synth/xfft_inst/non_floating_point.arch_d.xfft_inst/pe_gen[0].natural_order_input.PE/hasbf2.FB_2.BF_2/MEM/blk_ram.use_bram_only.mem/depth_12_s6_depth_11.main_ram_loop[3].use_RAMB18.ram_2k_loop[1].SDP_RAMB18_9x2048/CLKBWRCLK","sfo/residual_estimator/aux_service/u_xfft/U0/i_synth/xfft_inst/non_floating_point.arch_d.xfft_inst/pe_gen[0].natural_order_input.PE/hasbf2.FB_2.BF_2/MEM/blk_ram.use_bram_only.mem/depth_12_s6_depth_11.use_fabric_register.doutb_tmp_reg[31]/D","clk500","clk500","2.012","1","-0.054","0.035"
"clk150","-0.076","6.667","sfo/two_pass_transport/first_resampling/engine/core/stream/lane_phase_reg[5][20]/C","sfo/two_pass_transport/first_resampling/engine/core/stream/arithmetic/real_channel[11].u_real/pre_da/g18.u_add/U0/xst_addsub/i_baseblox.i_baseblox_addsub/no_pipelining.the_addsub/i_lut6.i_lut6_addsub/i_q.i_simple.qreg/i_no_async_controls.output_reg[15]/D","clk150","clk150","6.723","10","-0.010","0.035"
"clk500","-0.076","2.000","cfo/reset_fast/arststages_ff_reg[3]/C","cfo/observation_front/fft_core/m_saturations_reg[0]/R","clk500","clk500","1.958","0","-0.009","0.035"
"clk150","-0.076","6.667","poison_sync/syncstages_ff_reg[3]/C","cfo/coarse_banks[0].memory/u_frame_memory/xpm_memory_base_inst/gen_wr_a.gen_word_narrow.mem_reg_uram_71/CAS_IN_BWE_B[0]","clk150","clk150","6.432","12","0.035","0.035"
"clk150","-0.076","6.667","poison_sync/syncstages_ff_reg[3]/C","cfo/coarse_banks[0].memory/u_frame_memory/xpm_memory_base_inst/gen_wr_a.gen_word_narrow.mem_reg_uram_160/CAS_IN_BWE_B[0]","clk150","clk150","6.431","11","0.035","0.035"
"clk150","-0.076","6.667","poison_sync/syncstages_ff_reg[3]/C","cfo/coarse_banks[0].memory/u_frame_memory/xpm_memory_base_inst/gen_wr_a.gen_word_narrow.mem_reg_uram_70/CAS_IN_BWE_B[6]","clk150","clk150","6.394","11","0.035","0.035"
"clk150","-0.076","6.667","sfo/two_pass_transport/first_resampling/engine/core/stream/lane_phase_reg[15][7]/C","sfo/two_pass_transport/first_resampling/engine/core/stream/lane_phase_reg[1][25]/D","clk150","clk150","6.722","18","-0.007","0.035"
"clk150","-0.076","6.667","sfo/two_pass_transport/first_resampling/engine/core/stream/lane_phase_reg[15][7]/C","sfo/two_pass_transport/first_resampling/engine/core/stream/credit_used_reg[2]/D","clk150","clk150","6.722","19","-0.007","0.035"
"clk500","-0.075","2.000","cfo/reset_fast/arststages_ff_reg[3]/C","cfo/observation_front/fft_core/m_saturations_reg[3]/R","clk500","clk500","1.957","0","-0.009","0.035"
"clk500","-0.075","2.000","cfo/reset_fast/arststages_ff_reg[3]/C","cfo/observation_front/fft_core/m_saturations_reg[4]/R","clk500","clk500","1.957","0","-0.009","0.035"
"clk500","-0.075","2.000","cfo/reset_fast/arststages_ff_reg[3]/C","cfo/observation_front/fft_core/m_saturations_reg[7]/R","clk500","clk500","1.957","0","-0.009","0.035"
"clk500","-0.075","2.000","sfo/residual_estimator/front_stage/main/service/u_xfft/U0/i_synth/xfft_inst/non_floating_point.arch_d.xfft_inst/reset_delays[1].other.reset_del_reg[1]/C","sfo/residual_estimator/front_stage/main/service/u_xfft/U0/i_synth/xfft_inst/non_floating_point.arch_d.xfft_inst/pe_gen[1].natural_order_input.PE/has_addr_gen.tw_addr_gen/cnt/cnt_addsub/i_baseblox.i_baseblox_addsub/no_pipelining.the_addsub/i_lut6.i_lut6_addsub/i_q.i_simple.qreg/i_no_async_controls.output_reg[1]/R","clk500","clk500","1.956","0","-0.010","0.035"
"clk500","-0.075","2.000","sfo/residual_estimator/front_stage/main/service/u_xfft/U0/i_synth/xfft_inst/non_floating_point.arch_d.xfft_inst/reset_delays[1].other.reset_del_reg[1]/C","sfo/residual_estimator/front_stage/main/service/u_xfft/U0/i_synth/xfft_inst/non_floating_point.arch_d.xfft_inst/pe_gen[1].natural_order_input.PE/has_addr_gen.tw_addr_gen/cnt/cnt_addsub/i_baseblox.i_baseblox_addsub/no_pipelining.the_addsub/i_lut6.i_lut6_addsub/i_q.i_simple.qreg/i_no_async_controls.output_reg[2]/R","clk500","clk500","1.956","0","-0.010","0.035"
"clk500","-0.075","2.000","sfo/residual_estimator/front_stage/main/service/u_xfft/U0/i_synth/xfft_inst/non_floating_point.arch_d.xfft_inst/reset_delays[1].other.reset_del_reg[1]/C","sfo/residual_estimator/front_stage/main/service/u_xfft/U0/i_synth/xfft_inst/non_floating_point.arch_d.xfft_inst/pe_gen[1].natural_order_input.PE/has_addr_gen.tw_addr_gen/cnt/cnt_addsub/i_baseblox.i_baseblox_addsub/no_pipelining.the_addsub/i_lut6.i_lut6_addsub/i_q.i_simple.qreg/i_no_async_controls.output_reg[3]/R","clk500","clk500","1.956","0","-0.010","0.035"
"clk500","-0.075","2.000","sfo/residual_estimator/front_stage/main/service/u_xfft/U0/i_synth/xfft_inst/non_floating_point.arch_d.xfft_inst/reset_delays[1].other.reset_del_reg[1]/C","sfo/residual_estimator/front_stage/main/service/u_xfft/U0/i_synth/xfft_inst/non_floating_point.arch_d.xfft_inst/pe_gen[1].natural_order_input.PE/has_addr_gen.tw_addr_gen/cnt_valid_reg/R","clk500","clk500","1.956","0","-0.010","0.035"
"clk150","-0.075","6.667","sfo/two_pass_transport/intermediate[0].intermediate_bank/write_gen_reg[17]/C","sfo/two_pass_transport/intermediate[0].intermediate_bank/memory/u_frame_memory/xpm_memory_base_inst/gen_wr_a.gen_word_narrow.mem_reg_uram_129/CAS_IN_BWE_B[1]","clk150","clk150","6.436","13","0.035","0.035"
"clk150","-0.075","6.667","sfo/two_pass_transport/first_resampling/engine/pack/m_data_reg[91]/C","sfo/two_pass_transport/intermediate[0].intermediate_bank/memory/u_frame_memory/xpm_memory_base_inst/gen_wr_a.gen_word_narrow.mem_reg_uram_97/CAS_IN_DIN_B[19]","clk150","clk150","6.430","7","0.034","0.035"
"clk150","-0.075","6.667","sfo/two_pass_transport/shared_raw.hub/raw_store/ram_ra_reg[15]/C","sfo/two_pass_transport/shared_raw.hub/raw_store/memory/u_frame_memory/xpm_memory_base_inst/gen_wr_a.gen_word_narrow.mem_reg_uram_143/CAS_IN_ADDR_A[15]","clk150","clk150","6.219","7","0.036","0.035"
"clk150","-0.075","6.667","cfo/coarse_rotation/output4_reg[125]/C","cfo/coarse_banks[0].memory/u_frame_memory/xpm_memory_base_inst/gen_wr_a.gen_word_narrow.mem_reg_uram_89/CAS_IN_DIN_B[53]","clk150","clk150","6.435","7","0.034","0.035"
"clk150","-0.075","6.667","cfo/coarse_rotation/output4_reg[48]/C","cfo/coarse_banks[1].memory/u_frame_memory/xpm_memory_base_inst/gen_wr_a.gen_word_narrow.mem_reg_uram_7/CAS_IN_DIN_B[48]","clk150","clk150","6.431","7","0.035","0.035"
"clk150","-0.075","6.667","sfo/two_pass_transport/intermediate[0].intermediate_bank/write_gen_reg[17]/C","sfo/two_pass_transport/intermediate[0].intermediate_bank/memory/u_frame_memory/xpm_memory_base_inst/gen_wr_a.gen_word_narrow.mem_reg_uram_158/CAS_IN_EN_A","clk150","clk150","6.302","10","0.035","0.035"
"clk150","-0.075","6.667","sfo/two_pass_transport/first_resampling/engine/pack/m_data_reg[101]/C","sfo/two_pass_transport/intermediate[0].intermediate_bank/memory/u_frame_memory/xpm_memory_base_inst/gen_wr_a.gen_word_narrow.mem_reg_uram_129/CAS_IN_DIN_B[29]","clk150","clk150","6.448","7","0.035","0.035"
"clk150","-0.075","6.667","sfo/two_pass_transport/first_resampling/engine/core/stream/lane_phase_reg[15][7]/C","sfo/two_pass_transport/first_resampling/engine/core/stream/lane_phase_reg[14][0]/D","clk150","clk150","6.721","18","-0.007","0.035"
"clk150","-0.075","6.667","sfo/two_pass_transport/first_resampling/engine/core/stream/lane_phase_reg[15][7]/C","sfo/two_pass_transport/first_resampling/engine/core/stream/lane_phase_reg[1][31]/D","clk150","clk150","6.721","18","-0.007","0.035"
"clk150","-0.074","6.667","sfo/two_pass_transport/first_resampling/engine/pack/m_data_reg[23]/C","sfo/two_pass_transport/intermediate[1].intermediate_bank/memory/u_frame_memory/xpm_memory_base_inst/gen_wr_a.gen_word_narrow.mem_reg_uram_71/CAS_IN_DIN_B[23]","clk150","clk150","6.430","7","0.035","0.035"
"clk150","-0.074","6.667","sfo/two_pass_transport/first_resampling/engine/core/stream/lane_phase_reg[0][20]/C","sfo/two_pass_transport/first_resampling/engine/core/stream/arithmetic/real_channel[1].u_real/pre_da/g18.u_add/U0/xst_addsub/i_baseblox.i_baseblox_addsub/no_pipelining.the_addsub/i_lut6.i_lut6_addsub/i_q.i_simple.qreg/i_no_async_controls.output_reg[17]/D","clk150","clk150","6.718","11","-0.010","0.035"
"clk150","-0.074","6.667","sfo/two_pass_transport/second_resampling/engine/core/stream/lane_phase_reg[14][19]/C","sfo/two_pass_transport/second_resampling/engine/core/stream/arithmetic/real_channel[28].u_real/pre_ab2/g18.u_add/U0/xst_addsub/i_baseblox.i_baseblox_addsub/no_pipelining.the_addsub/i_lut6.i_lut6_addsub/i_q.i_simple.qreg/i_no_async_controls.output_reg[11]/D","clk150","clk150","6.721","8","-0.010","0.035"
"clk500","-0.074","2.000","cfo/observation_front/fft_core/FSM_sequential_state_reg[1]_rep/C","cfo/observation_front/fft_core/add_i6_reg[12]/CE","clk500","clk500","1.971","1","-0.008","0.035"
"clk500","-0.074","2.000","cfo/observation_front/fft_core/FSM_sequential_state_reg[1]_rep/C","cfo/observation_front/fft_core/add_i6_reg[13]/CE","clk500","clk500","1.971","1","-0.008","0.035"
"clk500","-0.074","2.000","cfo/observation_front/fft_core/FSM_sequential_state_reg[1]_rep/C","cfo/observation_front/fft_core/add_i6_reg[14]/CE","clk500","clk500","1.971","1","-0.008","0.035"
"clk500","-0.074","2.000","cfo/observation_front/fft_core/FSM_sequential_state_reg[1]_rep/C","cfo/observation_front/fft_core/add_i6_reg[15]/CE","clk500","clk500","1.971","1","-0.008","0.035"
"clk500","-0.074","2.000","cfo/observation_front/fft_core/FSM_sequential_state_reg[1]_rep/C","cfo/observation_front/fft_core/sub_i6_reg[12]/CE","clk500","clk500","1.971","1","-0.008","0.035"
"clk500","-0.074","2.000","cfo/observation_front/fft_core/FSM_sequential_state_reg[1]_rep/C","cfo/observation_front/fft_core/sub_i6_reg[13]/CE","clk500","clk500","1.971","1","-0.008","0.035"
"clk500","-0.074","2.000","cfo/observation_front/fft_core/FSM_sequential_state_reg[1]_rep/C","cfo/observation_front/fft_core/sub_i6_reg[14]/CE","clk500","clk500","1.971","1","-0.008","0.035"
"clk500","-0.074","2.000","cfo/observation_front/fft_core/FSM_sequential_state_reg[1]_rep/C","cfo/observation_front/fft_core/sub_i6_reg[15]/CE","clk500","clk500","1.971","1","-0.008","0.035"
"clk500","-0.074","2.000","cfo/windows/sample_index_reg[3]/C","cfo/windows/output_record_reg[25]/CE","clk500","clk500","1.971","3","-0.007","0.035"
"clk500","-0.074","2.000","sfo/residual_estimator/aux_service/u_xfft/U0/i_synth/axi_wrapper/sclr_int_reg/C","sfo/residual_estimator/aux_service/u_xfft/U0/i_synth/xfft_inst/non_floating_point.arch_d.xfft_inst/has_bit_reverse.pe_natural_out_reg[28]/R","clk500","clk500","1.955","1","-0.010","0.035"
"clk500","-0.074","2.000","sfo/residual_estimator/front_stage/main/service/u_xfft/U0/i_synth/xfft_inst/non_floating_point.arch_d.xfft_inst/reset_delays[1].other.reset_del_reg[1]/C","sfo/residual_estimator/front_stage/main/service/u_xfft/U0/i_synth/xfft_inst/non_floating_point.arch_d.xfft_inst/pe_gen[1].natural_order_input.PE/has_addr_gen.tw_addr_gen/cnt/cnt_addsub/i_baseblox.i_baseblox_addsub/no_pipelining.the_addsub/i_lut6.i_lut6_addsub/i_q.i_simple.qreg/i_no_async_controls.output_reg[4]/R","clk500","clk500","1.955","0","-0.010","0.035"
"clk500","-0.074","2.000","sfo/residual_estimator/front_stage/main/service/u_xfft/U0/i_synth/xfft_inst/non_floating_point.arch_d.xfft_inst/reset_delays[1].other.reset_del_reg[1]/C","sfo/residual_estimator/front_stage/main/service/u_xfft/U0/i_synth/xfft_inst/non_floating_point.arch_d.xfft_inst/pe_gen[1].natural_order_input.PE/has_addr_gen.tw_addr_gen/cnt/cnt_addsub/i_baseblox.i_baseblox_addsub/no_pipelining.the_addsub/i_lut6.i_lut6_addsub/i_q.i_simple.qreg/i_no_async_controls.output_reg[5]/R","clk500","clk500","1.955","0","-0.010","0.035"
"clk500","-0.074","2.000","sfo/residual_estimator/front_stage/main/service/u_xfft/U0/i_synth/xfft_inst/non_floating_point.arch_d.xfft_inst/reset_delays[1].other.reset_del_reg[1]/C","sfo/residual_estimator/front_stage/main/service/u_xfft/U0/i_synth/xfft_inst/non_floating_point.arch_d.xfft_inst/pe_gen[1].natural_order_input.PE/has_addr_gen.tw_addr_gen/cnt/cnt_addsub/i_baseblox.i_baseblox_addsub/no_pipelining.the_addsub/i_lut6.i_lut6_addsub/i_q.i_simple.qreg/i_no_async_controls.output_reg[6]/R","clk500","clk500","1.955","0","-0.010","0.035"
"clk500","-0.074","2.000","sfo/residual_estimator/front_stage/main/service/u_xfft/U0/i_synth/xfft_inst/non_floating_point.arch_d.xfft_inst/reset_delays[1].other.reset_del_reg[1]/C","sfo/residual_estimator/front_stage/main/service/u_xfft/U0/i_synth/xfft_inst/non_floating_point.arch_d.xfft_inst/pe_gen[1].natural_order_input.PE/has_addr_gen.tw_addr_gen/cnt/cnt_addsub/i_baseblox.i_baseblox_addsub/no_pipelining.the_addsub/i_lut6.i_lut6_addsub/i_q.i_simple.qreg/i_no_async_controls.output_reg[7]/R","clk500","clk500","1.955","0","-0.010","0.035"
"clk150","-0.074","6.667","sfo/two_pass_transport/first_resampling/engine/core/stream/lane_phase_reg[5][20]/C","sfo/two_pass_transport/first_resampling/engine/core/stream/arithmetic/real_channel[11].u_real/pre_ca/g18.u_add/U0/xst_addsub/i_baseblox.i_baseblox_addsub/no_pipelining.the_addsub/i_lut6.i_lut6_addsub/i_q.i_simple.qreg/i_no_async_controls.output_reg[2]/D","clk150","clk150","6.721","9","-0.010","0.035"
"clk150","-0.074","6.667","sfo/two_pass_transport/first_resampling/engine/core/stream/lane_phase_reg[11][15]/C","sfo/two_pass_transport/first_resampling/engine/core/stream/arithmetic/real_channel[22].u_real/pre_da/g18.u_add/U0/xst_addsub/i_baseblox.i_baseblox_addsub/no_pipelining.the_addsub/i_lut6.i_lut6_addsub/i_q.i_simple.qreg/i_no_async_controls.output_reg[8]/D","clk150","clk150","6.721","9","-0.010","0.035"
"clk150","-0.074","6.667","sfo/two_pass_transport/first_resampling/engine/pack/m_data_reg[96]/C","sfo/two_pass_transport/intermediate[0].intermediate_bank/memory/u_frame_memory/xpm_memory_base_inst/gen_wr_a.gen_word_narrow.mem_reg_uram_113/CAS_IN_DIN_B[24]","clk150","clk150","6.421","7","0.034","0.035"
"clk150","-0.074","6.667","sfo/two_pass_transport/shared_raw.hub/raw_store/ram_ra_reg[7]/C","sfo/two_pass_transport/shared_raw.hub/raw_store/memory/u_frame_memory/xpm_memory_base_inst/gen_wr_a.gen_word_narrow.mem_reg_uram_127/CAS_IN_ADDR_A[7]","clk150","clk150","6.239","7","0.035","0.035"
"clk500","-0.073","2.000","cfo/observation_front/fft_core/FSM_sequential_state_reg[0]/C","cfo/observation_front/fft_core/ai5_reg[16]/CE","clk500","clk500","1.970","1","-0.008","0.035"
"clk500","-0.073","2.000","cfo/observation_front/fft_core/FSM_sequential_state_reg[0]/C","cfo/observation_front/fft_core/ar5_reg[24]/CE","clk500","clk500","1.970","1","-0.008","0.035"
"clk500","-0.073","2.000","cfo/observation_front/fft_core/FSM_sequential_state_reg[1]_rep/C","cfo/observation_front/fft_core/tag_reg[2][row_a][2]/CE","clk500","clk500","1.970","1","-0.007","0.035"
"clk500","-0.073","2.000","cfo/observation_front/fft_core/FSM_sequential_state_reg[1]_rep/C","cfo/observation_front/fft_core/tag_reg[2][row_a][5]/CE","clk500","clk500","1.970","1","-0.007","0.035"
"clk500","-0.073","2.000","sfo/residual_estimator/aux_service/u_xfft/U0/i_synth/axi_wrapper/reset_pipe_reg[1]/C","sfo/residual_estimator/aux_service/u_xfft/U0/i_synth/axi_wrapper/blk_event_tlast_missing.event_tlast_missing_reg/R","clk500","clk500","1.957","0","-0.007","0.035"
"clk150","-0.073","6.667","cfo/coarse_rotation/output4_reg[125]/C","cfo/coarse_banks[0].memory/u_frame_memory/xpm_memory_base_inst/gen_wr_a.gen_word_narrow.mem_reg_uram_137/CAS_IN_DIN_B[53]","clk150","clk150","6.433","7","0.034","0.035"
"clk150","-0.073","6.667","cfo/coarse_rotation/output4_reg[126]/C","cfo/coarse_banks[0].memory/u_frame_memory/xpm_memory_base_inst/gen_wr_a.gen_word_narrow.mem_reg_uram_97/CAS_IN_DIN_B[54]","clk150","clk150","6.404","7","0.036","0.035"
"clk150","-0.073","6.667","sfo/two_pass_transport/shared_raw.hub/raw_store/ram_ra_reg[18]/C","sfo/two_pass_transport/shared_raw.hub/raw_store/memory/u_frame_memory/xpm_memory_base_inst/gen_wr_a.gen_word_narrow.mem_reg_uram_71/CAS_IN_ADDR_A[18]","clk150","clk150","6.235","7","0.034","0.035"
"clk150","-0.073","6.667","sfo/two_pass_transport/first_resampling/engine/core/stream/lane_phase_reg[0][20]/C","sfo/two_pass_transport/first_resampling/engine/core/stream/arithmetic/real_channel[1].u_real/pre_bc/g18.u_add/U0/xst_addsub/i_baseblox.i_baseblox_addsub/no_pipelining.the_addsub/i_lut6.i_lut6_addsub/i_q.i_simple.qreg/i_no_async_controls.output_reg[7]/D","clk150","clk150","6.717","9","-0.009","0.035"
"clk150","-0.072","6.667","sfo/two_pass_transport/first_resampling/engine/core/stream/lane_phase_reg[15][7]/C","sfo/two_pass_transport/first_resampling/engine/core/stream/lane_phase_reg[6][17]/D","clk150","clk150","6.718","18","-0.008","0.035"
"clk150","-0.072","6.667","sfo/two_pass_transport/first_resampling/engine/core/stream/lane_phase_reg[11][15]/C","sfo/two_pass_transport/first_resampling/engine/core/stream/arithmetic/real_channel[23].u_real/pre_da/g18.u_add/U0/xst_addsub/i_baseblox.i_baseblox_addsub/no_pipelining.the_addsub/i_lut6.i_lut6_addsub/i_q.i_simple.qreg/i_no_async_controls.output_reg[7]/D","clk150","clk150","6.719","10","-0.010","0.035"
"clk500","-0.072","2.000","sfo/residual_estimator/aux_service/u_xfft/U0/i_synth/xfft_inst/non_floating_point.arch_d.xfft_inst/has_bit_reverse.pe_out_reg/no_sclr_lut.real_shift_ram.use_baseblock.use_hlutnm_srls.srl_loop[4].i_fdre0/C","sfo/residual_estimator/aux_service/u_xfft/U0/i_synth/xfft_inst/non_floating_point.arch_d.xfft_inst/has_bit_reverse.dig_rev_mem/blk_ram.use_bram_only.mem/depth_14.main_ram_loop[0].use_RAMB18.ram_2k_loop[3].SDP_RAMB18_9x2048/DINADIN[7]","clk500","clk500","1.804","0","0.009","0.035"
"clk150","-0.072","6.667","sfo/two_pass_transport/first_resampling/engine/core/stream/lane_phase_reg[11][15]/C","sfo/two_pass_transport/first_resampling/engine/core/stream/arithmetic/real_channel[22].u_real/pre_da/g18.u_add/U0/xst_addsub/i_baseblox.i_baseblox_addsub/no_pipelining.the_addsub/i_lut6.i_lut6_addsub/i_q.i_simple.qreg/i_no_async_controls.output_reg[6]/D","clk150","clk150","6.719","9","-0.010","0.035"
"clk150","-0.072","6.667","cfo/coarse_rotation/output4_reg[69]/C","cfo/coarse_banks[1].memory/u_frame_memory/xpm_memory_base_inst/gen_wr_a.gen_word_narrow.mem_reg_uram_79/CAS_IN_DIN_B[69]","clk150","clk150","6.395","7","0.034","0.035"
"clk150","-0.072","6.667","sfo/two_pass_transport/intermediate[0].intermediate_bank/write_gen_reg[17]/C","sfo/two_pass_transport/intermediate[0].intermediate_bank/memory/u_frame_memory/xpm_memory_base_inst/gen_wr_a.gen_word_narrow.mem_reg_uram_94/CAS_IN_BWE_B[5]","clk150","clk150","6.425","10","0.035","0.035"
"clk150","-0.071","6.667","sfo/two_pass_transport/first_resampling/engine/core/stream/lane_phase_reg[5][20]/C","sfo/two_pass_transport/first_resampling/engine/core/stream/arithmetic/real_channel[10].u_real/pre_ca/g18.u_add/U0/xst_addsub/i_baseblox.i_baseblox_addsub/no_pipelining.the_addsub/i_lut6.i_lut6_addsub/i_q.i_simple.qreg/i_no_async_controls.output_reg[15]/D","clk150","clk150","6.718","11","-0.010","0.035"
"clk500","-0.071","2.000","cfo/observation_front/fft_core/FSM_sequential_state_reg[1]_rep/C","cfo/observation_front/fft_core/ai3_reg[0]/CE","clk500","clk500","1.968","1","-0.008","0.035"
"clk500","-0.071","2.000","sfo/residual_estimator/aux_service/u_xfft/U0/i_synth/xfft_inst/non_floating_point.arch_d.xfft_inst/timing_cnts_has_nfft.duplicate_regs[6].other.nfft_regs[0].nfft_regs_fde/C","sfo/residual_estimator/aux_service/u_xfft/U0/i_synth/xfft_inst/non_floating_point.arch_d.xfft_inst/has_bit_reverse.var_pt_size_muxed_addresses.left_shifter/r14.shifter/use_mux16.use_lut6.sixteen_to_one_mux[9].use_output_reg_and_pipe_reg.reg0/D","clk500","clk500","2.051","3","-0.010","0.035"
"clk150","-0.071","6.667","sfo/two_pass_transport/second_resampling/engine/pack/m_data_reg[30]/C","sfo/two_pass_transport/output_buffer/storage/u_frame_memory/xpm_memory_base_inst/gen_wr_a.gen_word_narrow.mem_reg_bram_27/DINADIN[30]","clk150","clk150","6.400","0","0.010","0.035"
"clk500","-0.071","2.000","sfo/residual_estimator/aux_service/u_xfft/U0/i_synth/axi_wrapper/gen_has_nfft.nfft_we_int_reg/C","sfo/residual_estimator/aux_service/u_xfft/U0/i_synth/xfft_inst/non_floating_point.arch_d.xfft_inst/FLOW/reset_sustain.resets_4_pes[0].delay_reset_pe/tc_reg/S","clk500","clk500","1.954","1","-0.008","0.035"
"clk150","-0.071","6.667","poison_sync/syncstages_ff_reg[3]/C","cfo/coarse_banks[1].memory/u_frame_memory/xpm_memory_base_inst/gen_wr_a.gen_word_narrow.mem_reg_uram_6/CAS_IN_BWE_B[1]","clk150","clk150","6.432","11","0.035","0.035"
"clk150","-0.071","6.667","sfo/two_pass_transport/shared_raw.hub/raw_store/ram_ra_reg[14]/C","sfo/two_pass_transport/shared_raw.hub/raw_store/memory/u_frame_memory/xpm_memory_base_inst/gen_wr_a.gen_word_narrow.mem_reg_uram_111/CAS_IN_ADDR_A[14]","clk150","clk150","6.220","7","0.034","0.035"
"clk150","-0.071","6.667","sfo/two_pass_transport/first_resampling/engine/core/stream/lane_phase_reg[0][20]/C","sfo/two_pass_transport/first_resampling/engine/core/stream/arithmetic/real_channel[1].u_real/pre_ca/g18.u_add/U0/xst_addsub/i_baseblox.i_baseblox_addsub/no_pipelining.the_addsub/i_lut6.i_lut6_addsub/i_q.i_simple.qreg/i_no_async_controls.output_reg[4]/D","clk150","clk150","6.715","9","-0.009","0.035"
"clk150","-0.070","6.667","sfo/two_pass_transport/first_resampling/engine/core/stream/lane_phase_reg[15][7]/C","sfo/two_pass_transport/first_resampling/engine/core/stream/lane_phase_reg[13][24]/D","clk150","clk150","6.716","18","-0.008","0.035"
"clk150","-0.070","6.667","sfo/two_pass_transport/second_resampling/engine/core/stream/lane_phase_reg[0][3]/C","sfo/two_pass_transport/second_resampling/engine/core/stream/ring_reg[16][1]/CE","clk150","clk150","6.634","16","-0.007","0.035"
"clk500","-0.070","2.000","cfo/observation_front/m_frame_reg[11]/C","cfo/estimator/expected_window_reg[3]/D","clk500","clk500","2.052","6","-0.008","0.035"
"clk500","-0.070","2.000","cfo/observation_front/fft_core/FSM_sequential_state_reg[1]_rep/C","cfo/observation_front/fft_core/ar2_reg[14]/CE","clk500","clk500","1.967","1","-0.007","0.035"
"clk500","-0.070","2.000","cfo/observation_front/fft_core/FSM_sequential_state_reg[1]_rep/C","cfo/observation_front/fft_core/ar2_reg[18]/CE","clk500","clk500","1.967","1","-0.007","0.035"
"clk500","-0.070","2.000","cfo/observation_front/fft_core/FSM_sequential_state_reg[1]_rep/C","cfo/observation_front/fft_core/ar2_reg[21]/CE","clk500","clk500","1.967","1","-0.007","0.035"
"clk500","-0.070","2.000","sfo/initial_estimator/owner/fft/reset_sync500/syncstages_ff_reg[3]/C","sfo/initial_estimator/owner/fft/u_xfft/U0/i_synth/axi_wrapper/data_out_channel/gen_real_time.data_out_reg[13]/R","clk500","clk500","1.953","0","-0.008","0.035"
"clk500","-0.070","2.000","sfo/initial_estimator/owner/fft/reset_sync500/syncstages_ff_reg[3]/C","sfo/initial_estimator/owner/fft/u_xfft/U0/i_synth/axi_wrapper/data_out_channel/gen_real_time.data_out_reg[17]/R","clk500","clk500","1.953","0","-0.008","0.035"
"clk500","-0.070","2.000","sfo/initial_estimator/owner/fft/reset_sync500/syncstages_ff_reg[3]/C","sfo/initial_estimator/owner/fft/u_xfft/U0/i_synth/axi_wrapper/data_out_channel/gen_real_time.data_out_reg[1]/R","clk500","clk500","1.953","0","-0.008","0.035"
"clk500","-0.070","2.000","sfo/initial_estimator/owner/fft/reset_sync500/syncstages_ff_reg[3]/C","sfo/initial_estimator/owner/fft/u_xfft/U0/i_synth/axi_wrapper/data_out_channel/gen_real_time.data_out_reg[5]/R","clk500","clk500","1.953","0","-0.008","0.035"
"clk500","-0.070","2.000","sfo/initial_estimator/owner/fft/reset_sync500/syncstages_ff_reg[3]/C","sfo/initial_estimator/owner/fft/u_xfft/U0/i_synth/axi_wrapper/data_out_channel/gen_real_time.data_out_reg[7]/R","clk500","clk500","1.953","0","-0.008","0.035"
"clk150","-0.070","6.667","sfo/two_pass_transport/second_resampling/engine/core/stream/lane_phase_reg[0][3]/C","sfo/two_pass_transport/second_resampling/engine/core/fir15_interpolator/q_core/U0/i_synth/g_polyphase_interpolation_sym_ssr.i_polyphase_interpolation_sym_ssr/g_m_data_chan_fifo.i_m_data_chan_fifo/fifo0/fifo_2_reg[12]/CE","clk150","clk150","6.634","17","-0.007","0.035"
"clk150","-0.070","6.667","sfo/two_pass_transport/second_resampling/engine/core/stream/lane_phase_reg[0][3]/C","sfo/two_pass_transport/second_resampling/engine/core/fir15_interpolator/q_core/U0/i_synth/g_polyphase_interpolation_sym_ssr.i_polyphase_interpolation_sym_ssr/g_m_data_chan_fifo.i_m_data_chan_fifo/fifo0/fifo_2_reg[13]/CE","clk150","clk150","6.634","17","-0.007","0.035"
"clk150","-0.070","6.667","sfo/two_pass_transport/second_resampling/engine/core/stream/lane_phase_reg[0][3]/C","sfo/two_pass_transport/second_resampling/engine/core/fir15_interpolator/q_core/U0/i_synth/g_polyphase_interpolation_sym_ssr.i_polyphase_interpolation_sym_ssr/g_m_data_chan_fifo.i_m_data_chan_fifo/fifo0/fifo_2_reg[14]/CE","clk150","clk150","6.634","17","-0.007","0.035"
"clk150","-0.070","6.667","sfo/two_pass_transport/second_resampling/engine/core/stream/lane_phase_reg[0][3]/C","sfo/two_pass_transport/second_resampling/engine/core/fir15_interpolator/q_core/U0/i_synth/g_polyphase_interpolation_sym_ssr.i_polyphase_interpolation_sym_ssr/g_m_data_chan_fifo.i_m_data_chan_fifo/fifo0/fifo_2_reg[15]/CE","clk150","clk150","6.634","17","-0.007","0.035"
"clk150","-0.070","6.667","cfo/coarse_rotation/output4_reg[103]/C","cfo/coarse_banks[0].memory/u_frame_memory/xpm_memory_base_inst/gen_wr_a.gen_word_narrow.mem_reg_uram_121/CAS_IN_DIN_B[31]","clk150","clk150","6.328","7","0.034","0.035"
"clk150","-0.070","6.667","poison_sync/syncstages_ff_reg[3]/C","cfo/coarse_banks[1].memory/u_frame_memory/xpm_memory_base_inst/gen_wr_a.gen_word_narrow.mem_reg_uram_152/CAS_IN_BWE_B[7]","clk150","clk150","6.292","11","0.035","0.035"
"clk150","-0.069","6.667","sfo/two_pass_transport/first_resampling/engine/core/stream/lane_phase_reg[0][20]/C","sfo/two_pass_transport/first_resampling/engine/core/stream/arithmetic/real_channel[0].u_real/pre_ab2/g18.u_add/U0/xst_addsub/i_baseblox.i_baseblox_addsub/no_pipelining.the_addsub/i_lut6.i_lut6_addsub/i_q.i_simple.qreg/i_no_async_controls.output_reg[13]/D","clk150","clk150","6.713","9","-0.010","0.035"
"clk150","-0.069","6.667","sfo/two_pass_transport/first_resampling/engine/core/stream/lane_phase_reg[5][20]/C","sfo/two_pass_transport/first_resampling/engine/core/stream/arithmetic/real_channel[11].u_real/pre_da/g18.u_add/U0/xst_addsub/i_baseblox.i_baseblox_addsub/no_pipelining.the_addsub/i_lut6.i_lut6_addsub/i_q.i_simple.qreg/i_no_async_controls.output_reg[17]/D","clk150","clk150","6.716","11","-0.010","0.035"
"clk150","-0.069","6.667","sfo/two_pass_transport/first_resampling/engine/core/stream/lane_phase_reg[15][7]/C","sfo/two_pass_transport/first_resampling/engine/core/stream/lane_phase_reg[13][8]/D","clk150","clk150","6.715","18","-0.008","0.035"
"clk150","-0.069","6.667","sfo/two_pass_transport/first_resampling/engine/core/stream/lane_phase_reg[15][7]/C","sfo/two_pass_transport/first_resampling/engine/core/stream/lane_phase_reg[6][12]/D","clk150","clk150","6.715","18","-0.008","0.035"
"clk500","-0.069","2.000","cfo/windows/packed_windows/fifo/gnuram_async_fifo.xpm_fifo_base_inst/rdp_inst/count_value_i_reg[2]/C","cfo/windows/packed_windows/fifo/gnuram_async_fifo.xpm_fifo_base_inst/gen_sdpram.xpm_memory_base_inst/gen_wr_a.gen_word_narrow.mem_reg_bram_9/ADDRBWRADDR[7]","clk500","clk500","1.759","0","0.010","0.035"
"clk500","-0.069","2.000","sfo/residual_estimator/front_stage/main/service/u_egress_fifo/gnuram_async_fifo.xpm_fifo_base_inst/xpm_fifo_rst_inst/gen_rst_ic.wr_rst_busy_ic_reg/C","sfo/residual_estimator/front_stage/main/service/u_egress_fifo/gnuram_async_fifo.xpm_fifo_base_inst/wrpp1_inst/count_value_i_reg[5]/CE","clk500","clk500","1.964","3","-0.009","0.035"
"clk500","-0.069","2.000","sfo/residual_estimator/front_stage/main/service/u_egress_fifo/gnuram_async_fifo.xpm_fifo_base_inst/xpm_fifo_rst_inst/gen_rst_ic.wr_rst_busy_ic_reg/C","sfo/residual_estimator/front_stage/main/service/u_egress_fifo/gnuram_async_fifo.xpm_fifo_base_inst/wrpp1_inst/count_value_i_reg[6]/CE","clk500","clk500","1.964","3","-0.009","0.035"
"clk500","-0.069","2.000","sfo/residual_estimator/front_stage/main/service/u_egress_fifo/gnuram_async_fifo.xpm_fifo_base_inst/xpm_fifo_rst_inst/gen_rst_ic.wr_rst_busy_ic_reg/C","sfo/residual_estimator/front_stage/main/service/u_egress_fifo/gnuram_async_fifo.xpm_fifo_base_inst/wrpp1_inst/count_value_i_reg[7]/CE","clk500","clk500","1.964","3","-0.009","0.035"
"clk500","-0.069","2.000","sfo/residual_estimator/front_stage/main/service/u_egress_fifo/gnuram_async_fifo.xpm_fifo_base_inst/xpm_fifo_rst_inst/gen_rst_ic.wr_rst_busy_ic_reg/C","sfo/residual_estimator/front_stage/main/service/u_egress_fifo/gnuram_async_fifo.xpm_fifo_base_inst/wrpp1_inst/count_value_i_reg[8]/CE","clk500","clk500","1.964","3","-0.009","0.035"
"clk500","-0.069","2.000","sfo/residual_estimator/front_stage/main/service/u_xfft/U0/i_synth/axi_wrapper/CP_LEN_WE_reg/C","sfo/residual_estimator/front_stage/main/service/u_xfft/U0/i_synth/xfft_inst/non_floating_point.arch_d.xfft_inst/FLOW/has_scale_sch_buffer.scale_sch_int_reg[7]/CE","clk500","clk500","1.964","0","-0.010","0.035"
"clk150","-0.069","6.667","sfo/two_pass_transport/first_resampling/engine/pack/m_data_reg[104]/C","sfo/two_pass_transport/intermediate[0].intermediate_bank/memory/u_frame_memory/xpm_memory_base_inst/gen_wr_a.gen_word_narrow.mem_reg_uram_161/CAS_IN_DIN_B[32]","clk150","clk150","6.397","7","0.034","0.035"
"clk150","-0.069","6.667","cfo/coarse_rotation/output4_reg[56]/C","cfo/coarse_banks[1].memory/u_frame_memory/xpm_memory_base_inst/gen_wr_a.gen_word_narrow.mem_reg_uram_71/CAS_IN_DIN_B[56]","clk150","clk150","6.410","7","0.034","0.035"
"clk150","-0.069","6.667","sfo/two_pass_transport/shared_raw.hub/raw_store/ram_ra_reg[5]/C","sfo/two_pass_transport/shared_raw.hub/raw_store/memory/u_frame_memory/xpm_memory_base_inst/gen_wr_a.gen_word_narrow.mem_reg_uram_143/CAS_IN_ADDR_A[5]","clk150","clk150","6.260","7","0.035","0.035"
"clk150","-0.069","6.667","cfo/coarse_banks[1].memory/u_frame_memory/xpm_memory_base_inst/gen_wr_a.gen_word_narrow.mem_reg_uram_90/CLK","cfo/coarse_banks[1].memory/u_frame_memory/xpm_memory_base_inst/gen_rd_b.gen_doutb_pipe.doutb_pipe_reg[0][107]/D","clk150","clk150","6.660","12","-0.062","0.035"
"clk150","-0.069","6.667","sfo/two_pass_transport/first_resampling/engine/core/stream/lane_phase_reg[15][7]/C","sfo/two_pass_transport/first_resampling/engine/core/stream/lane_phase_reg[6][26]/D","clk150","clk150","6.715","18","-0.007","0.035"
"clk150","-0.069","6.667","sfo/two_pass_transport/first_resampling/engine/core/stream/lane_phase_reg[15][7]/C","sfo/two_pass_transport/first_resampling/engine/core/stream/lane_phase_reg[6][23]/D","clk150","clk150","6.715","18","-0.007","0.035"
"clk150","-0.068","6.667","sfo/two_pass_transport/first_resampling/engine/core/stream/lane_phase_reg[15][7]/C","sfo/two_pass_transport/first_resampling/engine/core/stream/lane_phase_reg[6][4]/D","clk150","clk150","6.714","18","-0.008","0.035"
"clk150","-0.068","6.667","sfo/two_pass_transport/first_resampling/engine/core/stream/lane_phase_reg[15][7]/C","sfo/two_pass_transport/first_resampling/engine/core/stream/lane_phase_reg[10][25]/CE","clk150","clk150","6.629","18","-0.008","0.035"
"clk500","-0.068","2.000","cfo/windows/packed_windows/fifo/gnuram_async_fifo.xpm_fifo_base_inst/rdp_inst/count_value_i_reg[11]/C","cfo/windows/packed_windows/fifo/gnuram_async_fifo.xpm_fifo_base_inst/gen_sdpram.xpm_memory_base_inst/gen_wr_a.gen_word_narrow.mem_reg_bram_1/CASDOMUXB","clk500","clk500","1.944","1","0.010","0.035"
"clk150","-0.068","6.667","sfo/two_pass_transport/first_resampling/engine/core/stream/lane_phase_reg[15][7]/C","sfo/two_pass_transport/first_resampling/engine/core/stream/lane_phase_reg[2][28]/CE","clk150","clk150","6.628","18","-0.007","0.035"
"clk150","-0.067","6.667","sfo/two_pass_transport/first_resampling/engine/core/stream/lane_phase_reg[15][7]/C","sfo/two_pass_transport/first_resampling/engine/core/stream/lane_phase_reg[6][16]/D","clk150","clk150","6.713","18","-0.008","0.035"
"clk150","-0.067","6.667","sfo/two_pass_transport/second_resampling/engine/core/stream/lane_phase_reg[0][3]/C","sfo/two_pass_transport/second_resampling/engine/core/stream/ring_reg[17][0]/CE","clk150","clk150","6.631","16","-0.008","0.035"
"clk150","-0.067","6.667","sfo/two_pass_transport/second_resampling/engine/core/stream/lane_phase_reg[0][3]/C","sfo/two_pass_transport/second_resampling/engine/core/stream/ring_reg[19][0]/CE","clk150","clk150","6.631","16","-0.008","0.035"
"clk500","-0.067","2.000","cfo/windows/fast_fault_reg/C","cfo/observation_front/fft_core/bank1_reg_bram_0/ENARDEN","clk500","clk500","1.700","3","0.010","0.035"
"clk500","-0.067","2.000","sfo/residual_estimator/front_stage/main/service/u_egress_fifo/gnuram_async_fifo.xpm_fifo_base_inst/xpm_fifo_rst_inst/gen_rst_ic.wr_rst_busy_ic_reg/C","sfo/residual_estimator/front_stage/main/service/u_egress_fifo/gnuram_async_fifo.xpm_fifo_base_inst/wrpp1_inst/count_value_i_reg[1]/CE","clk500","clk500","1.962","3","-0.009","0.035"
"clk500","-0.067","2.000","sfo/residual_estimator/front_stage/main/service/u_egress_fifo/gnuram_async_fifo.xpm_fifo_base_inst/xpm_fifo_rst_inst/gen_rst_ic.wr_rst_busy_ic_reg/C","sfo/residual_estimator/front_stage/main/service/u_egress_fifo/gnuram_async_fifo.xpm_fifo_base_inst/wrpp1_inst/count_value_i_reg[2]/CE","clk500","clk500","1.962","3","-0.009","0.035"
"clk500","-0.067","2.000","sfo/residual_estimator/front_stage/main/service/u_egress_fifo/gnuram_async_fifo.xpm_fifo_base_inst/xpm_fifo_rst_inst/gen_rst_ic.wr_rst_busy_ic_reg/C","sfo/residual_estimator/front_stage/main/service/u_egress_fifo/gnuram_async_fifo.xpm_fifo_base_inst/wrpp1_inst/count_value_i_reg[3]/CE","clk500","clk500","1.962","3","-0.009","0.035"
"clk500","-0.067","2.000","sfo/residual_estimator/front_stage/main/service/u_egress_fifo/gnuram_async_fifo.xpm_fifo_base_inst/xpm_fifo_rst_inst/gen_rst_ic.wr_rst_busy_ic_reg/C","sfo/residual_estimator/front_stage/main/service/u_egress_fifo/gnuram_async_fifo.xpm_fifo_base_inst/wrpp1_inst/count_value_i_reg[4]/CE","clk500","clk500","1.962","3","-0.009","0.035"
"clk150","-0.067","6.667","cfo/coarse_rotation/output4_reg[125]/C","cfo/coarse_banks[0].memory/u_frame_memory/xpm_memory_base_inst/gen_wr_a.gen_word_narrow.mem_reg_uram_121/CAS_IN_DIN_B[53]","clk150","clk150","6.427","7","0.034","0.035"
"clk150","-0.067","6.667","cfo/coarse_rotation/output4_reg[86]/C","cfo/coarse_banks[0].memory/u_frame_memory/xpm_memory_base_inst/gen_wr_a.gen_word_narrow.mem_reg_uram_97/CAS_IN_DIN_B[14]","clk150","clk150","6.425","7","0.035","0.035"
"clk150","-0.066","6.667","sfo/two_pass_transport/first_resampling/engine/core/stream/lane_phase_reg[0][20]/C","sfo/two_pass_transport/first_resampling/engine/core/stream/arithmetic/real_channel[0].u_real/pre_ab2/g18.u_add/U0/xst_addsub/i_baseblox.i_baseblox_addsub/no_pipelining.the_addsub/i_lut6.i_lut6_addsub/i_q.i_simple.qreg/i_no_async_controls.output_reg[12]/D","clk150","clk150","6.710","9","-0.010","0.035"
"clk500","-0.066","2.000","cfo/observation_front/fft_core/FSM_sequential_state_reg[0]/C","cfo/observation_front/fft_core/tag_reg[5][row_b][1]/CE","clk500","clk500","1.962","1","-0.009","0.035"
"clk150","-0.066","6.667","sfo/two_pass_transport/shared_raw.hub/raw_store/ram_ra_reg[15]/C","sfo/two_pass_transport/shared_raw.hub/raw_store/memory/u_frame_memory/xpm_memory_base_inst/gen_wr_a.gen_word_narrow.mem_reg_uram_15/CAS_IN_ADDR_A[15]","clk150","clk150","6.210","7","0.036","0.035"
"clk150","-0.066","6.667","poison_sync/syncstages_ff_reg[3]/C","cfo/coarse_banks[0].memory/u_frame_memory/xpm_memory_base_inst/gen_wr_a.gen_word_narrow.mem_reg_uram_129/CAS_IN_BWE_B[8]","clk150","clk150","6.315","12","0.035","0.035"
"clk150","-0.066","6.667","sfo/two_pass_transport/first_resampling/engine/core/stream/lane_phase_reg[0][20]/C","sfo/two_pass_transport/first_resampling/engine/core/stream/arithmetic/real_channel[1].u_real/pre_ca/g18.u_add/U0/xst_addsub/i_baseblox.i_baseblox_addsub/no_pipelining.the_addsub/i_lut6.i_lut6_addsub/i_q.i_simple.qreg/i_no_async_controls.output_reg[3]/D","clk150","clk150","6.710","9","-0.009","0.035"
"clk500","-0.065","2.000","cfo/observation_front/fft_core/FSM_sequential_state_reg[1]_rep/C","cfo/observation_front/fft_core/ai3_reg[11]/CE","clk500","clk500","1.962","1","-0.008","0.035"
"clk500","-0.065","2.000","cfo/observation_front/fft_core/FSM_sequential_state_reg[1]_rep/C","cfo/observation_front/fft_core/ar3_reg[10]/CE","clk500","clk500","1.962","1","-0.008","0.035"
"clk150","-0.065","6.667","cfo/coarse_banks[1].memory/u_frame_memory/xpm_memory_base_inst/gen_wr_a.gen_word_narrow.mem_reg_uram_82/CLK","cfo/coarse_banks[1].memory/u_frame_memory/xpm_memory_base_inst/gen_rd_b.gen_doutb_pipe.doutb_pipe_reg[0][99]/D","clk150","clk150","6.656","13","-0.063","0.035"
"clk150","-0.065","6.667","sfo/two_pass_transport/output_buffer/rp_reg[2]/C","sfo/two_pass_transport/output_buffer/storage/u_frame_memory/xpm_memory_base_inst/gen_wr_a.gen_word_narrow.mem_reg_bram_228/ADDRBWRADDR[6]","clk150","clk150","6.420","0","0.010","0.035"
"clk150","-0.065","6.667","poison_sync/syncstages_ff_reg[3]/C","cfo/coarse_banks[0].memory/u_frame_memory/xpm_memory_base_inst/gen_wr_a.gen_word_narrow.mem_reg_uram_121/CAS_IN_BWE_B[5]","clk150","clk150","6.418","12","0.035","0.035"
"clk150","-0.064","6.667","sfo/two_pass_transport/first_resampling/engine/core/stream/lane_phase_reg[5][20]/C","sfo/two_pass_transport/first_resampling/engine/core/stream/arithmetic/real_channel[10].u_real/pre_ca/g18.u_add/U0/xst_addsub/i_baseblox.i_baseblox_addsub/no_pipelining.the_addsub/i_lut6.i_lut6_addsub/i_q.i_simple.qreg/i_no_async_controls.output_reg[17]/D","clk150","clk150","6.711","12","-0.010","0.035"
"clk150","-0.064","6.667","sfo/two_pass_transport/first_resampling/engine/core/stream/lane_phase_reg[13][13]/C","sfo/two_pass_transport/first_resampling/engine/core/stream/arithmetic/real_channel[26].u_real/pre_ca/g18.u_add/U0/xst_addsub/i_baseblox.i_baseblox_addsub/no_pipelining.the_addsub/i_lut6.i_lut6_addsub/i_q.i_simple.qreg/i_no_async_controls.output_reg[9]/D","clk150","clk150","6.712","11","-0.009","0.035"
"clk150","-0.064","6.667","sfo/two_pass_transport/first_resampling/engine/core/stream/lane_phase_reg[15][7]/C","sfo/two_pass_transport/first_resampling/engine/core/stream/lane_phase_reg[14][17]/D","clk150","clk150","6.710","18","-0.008","0.035"
"clk150","-0.064","6.667","sfo/two_pass_transport/first_resampling/engine/core/stream/lane_phase_reg[15][7]/C","sfo/two_pass_transport/first_resampling/engine/core/stream/lane_phase_reg[6][5]/D","clk150","clk150","6.710","18","-0.008","0.035"
"clk500","-0.064","2.000","cfo/observation_front/fft_core/FSM_sequential_state_reg[1]_rep/C","cfo/observation_front/fft_core/ar2_reg[19]/CE","clk500","clk500","1.961","1","-0.008","0.035"
"clk500","-0.064","2.000","cfo/observation_front/fft_core/FSM_sequential_state_reg[1]_rep/C","cfo/observation_front/fft_core/ar2_reg[23]/CE","clk500","clk500","1.961","1","-0.008","0.035"
"clk500","-0.064","2.000","cfo/observation_front/fft_core/FSM_sequential_state_reg[1]_rep/C","cfo/observation_front/fft_core/ar2_reg[25]/CE","clk500","clk500","1.961","1","-0.008","0.035"
"clk500","-0.064","2.000","cfo/windows/sample_index_reg[3]/C","cfo/windows/output_record_reg[55]/CE","clk500","clk500","1.961","3","-0.008","0.035"
"clk500","-0.064","2.000","sfo/residual_estimator/aux_service/u_xfft/U0/i_synth/xfft_inst/non_floating_point.arch_d.xfft_inst/timing_cnts_has_nfft.duplicate_regs[6].other.nfft_regs[0].nfft_regs_fde/C","sfo/residual_estimator/aux_service/u_xfft/U0/i_synth/xfft_inst/non_floating_point.arch_d.xfft_inst/has_bit_reverse.var_pt_size_muxed_addresses.left_shifter/r14.shifter/use_mux16.use_lut6.sixteen_to_one_mux[7].use_output_reg_and_pipe_reg.reg0/D","clk500","clk500","2.044","3","-0.010","0.035"
"clk500","-0.064","2.000","sfo/residual_estimator/front_stage/main/service/u_egress_fifo/gnuram_async_fifo.xpm_fifo_base_inst/xpm_fifo_rst_inst/gen_rst_ic.wr_rst_busy_ic_reg/C","sfo/residual_estimator/front_stage/main/service/u_egress_fifo/gnuram_async_fifo.xpm_fifo_base_inst/wrpp2_inst/count_value_i_reg[5]/CE","clk500","clk500","1.959","3","-0.010","0.035"
"clk500","-0.064","2.000","sfo/residual_estimator/front_stage/main/service/u_egress_fifo/gnuram_async_fifo.xpm_fifo_base_inst/xpm_fifo_rst_inst/gen_rst_ic.wr_rst_busy_ic_reg/C","sfo/residual_estimator/front_stage/main/service/u_egress_fifo/gnuram_async_fifo.xpm_fifo_base_inst/wrpp2_inst/count_value_i_reg[6]/CE","clk500","clk500","1.959","3","-0.010","0.035"
"clk500","-0.064","2.000","sfo/residual_estimator/front_stage/main/service/u_egress_fifo/gnuram_async_fifo.xpm_fifo_base_inst/xpm_fifo_rst_inst/gen_rst_ic.wr_rst_busy_ic_reg/C","sfo/residual_estimator/front_stage/main/service/u_egress_fifo/gnuram_async_fifo.xpm_fifo_base_inst/wrpp2_inst/count_value_i_reg[7]/CE","clk500","clk500","1.959","3","-0.010","0.035"
"clk500","-0.064","2.000","sfo/residual_estimator/front_stage/main/service/u_egress_fifo/gnuram_async_fifo.xpm_fifo_base_inst/xpm_fifo_rst_inst/gen_rst_ic.wr_rst_busy_ic_reg/C","sfo/residual_estimator/front_stage/main/service/u_egress_fifo/gnuram_async_fifo.xpm_fifo_base_inst/wrpp2_inst/count_value_i_reg[8]/CE","clk500","clk500","1.959","3","-0.010","0.035"
"clk150","-0.064","6.667","cfo/coarse_rotation/output4_reg[103]/C","cfo/coarse_banks[0].memory/u_frame_memory/xpm_memory_base_inst/gen_wr_a.gen_word_narrow.mem_reg_uram_113/CAS_IN_DIN_B[31]","clk150","clk150","6.322","7","0.034","0.035"
"clk150","-0.064","6.667","cfo/coarse_rotation/output4_reg[47]/C","cfo/coarse_banks[1].memory/u_frame_memory/xpm_memory_base_inst/gen_wr_a.gen_word_narrow.mem_reg_uram_7/CAS_IN_DIN_B[47]","clk150","clk150","6.416","7","0.034","0.035"
"clk150","-0.064","6.667","sfo/two_pass_transport/first_resampling/engine/pack/m_data_reg[116]/C","sfo/two_pass_transport/intermediate[0].intermediate_bank/memory/u_frame_memory/xpm_memory_base_inst/gen_wr_a.gen_word_narrow.mem_reg_uram_153/CAS_IN_DIN_B[44]","clk150","clk150","6.409","7","0.034","0.035"
"clk150","-0.064","6.667","poison_sync/syncstages_ff_reg[3]/C","cfo/coarse_banks[1].memory/u_frame_memory/xpm_memory_base_inst/gen_wr_a.gen_word_narrow.mem_reg_uram_31/CAS_IN_BWE_B[5]","clk150","clk150","6.417","12","0.035","0.035"
"clk150","-0.064","6.667","sfo/two_pass_transport/shared_raw.hub/raw_store/ram_ra_reg[12]/C","sfo/two_pass_transport/shared_raw.hub/raw_store/memory/u_frame_memory/xpm_memory_base_inst/gen_wr_a.gen_word_narrow.mem_reg_uram_111/CAS_IN_ADDR_A[12]","clk150","clk150","6.218","7","0.035","0.035"
"clk150","-0.064","6.667","sfo/two_pass_transport/shared_raw.hub/raw_store/ram_ra_reg[4]/C","sfo/two_pass_transport/shared_raw.hub/raw_store/memory/u_frame_memory/xpm_memory_base_inst/gen_wr_a.gen_word_narrow.mem_reg_uram_167/CAS_IN_ADDR_A[4]","clk150","clk150","6.222","7","0.035","0.035"
"clk150","-0.063","6.667","sfo/two_pass_transport/first_resampling/engine/core/stream/lane_phase_reg[0][20]/C","sfo/two_pass_transport/first_resampling/engine/core/stream/arithmetic/real_channel[1].u_real/pre_da/g18.u_add/U0/xst_addsub/i_baseblox.i_baseblox_addsub/no_pipelining.the_addsub/i_lut6.i_lut6_addsub/i_q.i_simple.qreg/i_no_async_controls.output_reg[13]/D","clk150","clk150","6.707","10","-0.010","0.035"
"clk150","-0.063","6.667","sfo/two_pass_transport/second_resampling/engine/pack/m_data_reg[87]/C","sfo/two_pass_transport/output_buffer/storage/u_frame_memory/xpm_memory_base_inst/gen_wr_a.gen_word_narrow.mem_reg_bram_169/DINADIN[15]","clk150","clk150","6.448","0","0.010","0.035"
"clk150","-0.063","6.667","poison_sync/syncstages_ff_reg[3]/C","cfo/coarse_banks[1].memory/u_frame_memory/xpm_memory_base_inst/gen_wr_a.gen_word_narrow.mem_reg_uram_153/CAS_IN_BWE_B[1]","clk150","clk150","6.424","12","0.035","0.035"
"clk150","-0.063","6.667","cfo/coarse_rotation/output4_reg[91]/C","cfo/coarse_banks[0].memory/u_frame_memory/xpm_memory_base_inst/gen_wr_a.gen_word_narrow.mem_reg_uram_121/CAS_IN_DIN_B[19]","clk150","clk150","6.418","7","0.034","0.035"
"clk150","-0.062","6.667","sfo/two_pass_transport/first_resampling/engine/core/stream/lane_phase_reg[15][7]/C","sfo/two_pass_transport/first_resampling/engine/core/stream/lane_phase_reg[5][29]/D","clk150","clk150","6.708","18","-0.008","0.035"
"clk500","-0.062","2.000","sfo/residual_estimator/front_stage/main/service/u_egress_fifo/gnuram_async_fifo.xpm_fifo_base_inst/xpm_fifo_rst_inst/gen_rst_ic.wr_rst_busy_ic_reg/C","sfo/residual_estimator/front_stage/main/service/u_egress_fifo/gnuram_async_fifo.xpm_fifo_base_inst/wrpp2_inst/count_value_i_reg[1]/CE","clk500","clk500","1.957","3","-0.010","0.035"
"clk500","-0.062","2.000","sfo/residual_estimator/front_stage/main/service/u_egress_fifo/gnuram_async_fifo.xpm_fifo_base_inst/xpm_fifo_rst_inst/gen_rst_ic.wr_rst_busy_ic_reg/C","sfo/residual_estimator/front_stage/main/service/u_egress_fifo/gnuram_async_fifo.xpm_fifo_base_inst/wrpp2_inst/count_value_i_reg[2]/CE","clk500","clk500","1.957","3","-0.010","0.035"
"clk500","-0.062","2.000","sfo/residual_estimator/front_stage/main/service/u_egress_fifo/gnuram_async_fifo.xpm_fifo_base_inst/xpm_fifo_rst_inst/gen_rst_ic.wr_rst_busy_ic_reg/C","sfo/residual_estimator/front_stage/main/service/u_egress_fifo/gnuram_async_fifo.xpm_fifo_base_inst/wrpp2_inst/count_value_i_reg[3]/CE","clk500","clk500","1.957","3","-0.010","0.035"
"clk500","-0.062","2.000","sfo/residual_estimator/front_stage/main/service/u_egress_fifo/gnuram_async_fifo.xpm_fifo_base_inst/xpm_fifo_rst_inst/gen_rst_ic.wr_rst_busy_ic_reg/C","sfo/residual_estimator/front_stage/main/service/u_egress_fifo/gnuram_async_fifo.xpm_fifo_base_inst/wrpp2_inst/count_value_i_reg[4]/CE","clk500","clk500","1.957","3","-0.010","0.035"
"clk500","-0.062","2.000","cfo/observation_front/m_frame_reg[11]/C","cfo/estimator/expected_window_reg[6]/D","clk500","clk500","2.044","6","-0.008","0.035"
"clk500","-0.062","2.000","cfo/observation_front/fft_core/FSM_sequential_state_reg[0]/C","cfo/observation_front/fft_core/ai5_reg[18]/CE","clk500","clk500","1.958","1","-0.008","0.035"
"clk500","-0.062","2.000","cfo/windows/sample_index_reg[3]/C","cfo/windows/output_record_reg[54]/CE","clk500","clk500","1.959","3","-0.008","0.035"
"clk500","-0.062","2.000","sfo/initial_estimator/owner/fft/reset_sync500/syncstages_ff_reg[3]/C","sfo/initial_estimator/owner/fft/u_xfft/U0/i_synth/axi_wrapper/data_out_channel/gen_real_time.data_out_reg[29]/R","clk500","clk500","1.945","0","-0.008","0.035"
"clk150","-0.062","6.667","cfo/coarse_rotation/output4_reg[40]/C","cfo/coarse_banks[1].memory/u_frame_memory/xpm_memory_base_inst/gen_wr_a.gen_word_narrow.mem_reg_uram_15/CAS_IN_DIN_B[40]","clk150","clk150","6.433","7","0.034","0.035"
"clk150","-0.062","6.667","sfo/two_pass_transport/intermediate[0].intermediate_bank/write_gen_reg[17]/C","sfo/two_pass_transport/intermediate[0].intermediate_bank/memory/u_frame_memory/xpm_memory_base_inst/gen_wr_a.gen_word_narrow.mem_reg_uram_104/CAS_IN_EN_B","clk150","clk150","6.440","12","0.035","0.035"
"clk150","-0.062","6.667","sfo/two_pass_transport/shared_raw.hub/raw_store/ram_ra_reg[4]/C","sfo/two_pass_transport/shared_raw.hub/raw_store/memory/u_frame_memory/xpm_memory_base_inst/gen_wr_a.gen_word_narrow.mem_reg_uram_143/CAS_IN_ADDR_A[4]","clk150","clk150","6.220","7","0.035","0.035"
"clk150","-0.062","6.667","sfo/two_pass_transport/first_resampling/engine/core/stream/lane_phase_reg[15][7]/C","sfo/two_pass_transport/first_resampling/engine/core/stream/lane_phase_reg[2][31]/D","clk150","clk150","6.708","18","-0.007","0.035"
"clk150","-0.061","6.667","sfo/two_pass_transport/first_resampling/engine/core/stream/lane_phase_reg[15][7]/C","sfo/two_pass_transport/first_resampling/engine/core/stream/lane_phase_reg[14][13]/D","clk150","clk150","6.707","18","-0.008","0.035"
"clk150","-0.061","6.667","sfo/two_pass_transport/first_resampling/engine/core/stream/lane_phase_reg[15][7]/C","sfo/two_pass_transport/first_resampling/engine/core/stream/lane_phase_reg[14][24]/D","clk150","clk150","6.707","18","-0.008","0.035"
"clk500","-0.061","2.000","cfo/estimator/observation_fifo/gnuram_async_fifo.xpm_fifo_base_inst/xpm_fifo_rst_inst/gen_rst_ic.wr_rst_busy_ic_reg/C","cfo/observation_front/sum_q_reg[32]/R","clk500","clk500","1.943","4","-0.009","0.035"
"clk500","-0.061","2.000","cfo/estimator/observation_fifo/gnuram_async_fifo.xpm_fifo_base_inst/xpm_fifo_rst_inst/gen_rst_ic.wr_rst_busy_ic_reg/C","cfo/observation_front/sum_q_reg[33]/R","clk500","clk500","1.943","4","-0.009","0.035"
"clk500","-0.061","2.000","cfo/estimator/observation_fifo/gnuram_async_fifo.xpm_fifo_base_inst/xpm_fifo_rst_inst/gen_rst_ic.wr_rst_busy_ic_reg/C","cfo/observation_front/sum_q_reg[34]/R","clk500","clk500","1.943","4","-0.009","0.035"
"clk500","-0.061","2.000","cfo/estimator/observation_fifo/gnuram_async_fifo.xpm_fifo_base_inst/xpm_fifo_rst_inst/gen_rst_ic.wr_rst_busy_ic_reg/C","cfo/observation_front/sum_q_reg[35]/R","clk500","clk500","1.943","4","-0.009","0.035"
"clk500","-0.061","2.000","sfo/residual_estimator/aux_service/u_xfft/U0/i_synth/xfft_inst/non_floating_point.arch_d.xfft_inst/FLOW/has_nfft._nfft_value.NFFT_int_tmp_reg[2]/C","sfo/residual_estimator/aux_service/u_xfft/U0/i_synth/xfft_inst/non_floating_point.arch_d.xfft_inst/FLOW/has_nfft.counter_limit_reg[8].max_n_int_minus_one_ff/D","clk500","clk500","2.043","1","-0.008","0.035"
"clk150","-0.061","6.667","cfo/coarse_rotation/output4_reg[6]/C","cfo/coarse_banks[1].memory/u_frame_memory/xpm_memory_base_inst/gen_wr_a.gen_word_narrow.mem_reg_uram_63/CAS_IN_DIN_B[6]","clk150","clk150","6.457","7","0.035","0.035"
"clk150","-0.061","6.667","sfo/two_pass_transport/first_resampling/engine/pack/m_data_reg[122]/C","sfo/two_pass_transport/intermediate[0].intermediate_bank/memory/u_frame_memory/xpm_memory_base_inst/gen_wr_a.gen_word_narrow.mem_reg_uram_153/CAS_IN_DIN_B[50]","clk150","clk150","6.387","7","0.034","0.035"
"clk150","-0.061","6.667","sfo/two_pass_transport/intermediate[0].intermediate_bank/write_gen_reg[17]/C","sfo/two_pass_transport/intermediate[0].intermediate_bank/memory/u_frame_memory/xpm_memory_base_inst/gen_wr_a.gen_word_narrow.mem_reg_uram_137/CAS_IN_BWE_B[5]","clk150","clk150","6.414","13","0.035","0.035"
"clk150","-0.061","6.667","sfo/two_pass_transport/first_resampling/engine/core/stream/lane_phase_reg[0][20]/C","sfo/two_pass_transport/first_resampling/engine/core/stream/arithmetic/real_channel[0].u_real/pre_bc/g18.u_add/U0/xst_addsub/i_baseblox.i_baseblox_addsub/no_pipelining.the_addsub/i_lut6.i_lut6_addsub/i_q.i_simple.qreg/i_no_async_controls.output_reg[4]/D","clk150","clk150","6.705","8","-0.009","0.035"
"clk150","-0.060","6.667","sfo/two_pass_transport/first_resampling/engine/core/stream/lane_phase_reg[0][20]/C","sfo/two_pass_transport/first_resampling/engine/core/stream/arithmetic/real_channel[1].u_real/pre_da/g18.u_add/U0/xst_addsub/i_baseblox.i_baseblox_addsub/no_pipelining.the_addsub/i_lut6.i_lut6_addsub/i_q.i_simple.qreg/i_no_async_controls.output_reg[12]/D","clk150","clk150","6.704","10","-0.010","0.035"
"clk150","-0.060","6.667","sfo/two_pass_transport/first_resampling/engine/core/stream/lane_phase_reg[15][7]/C","sfo/two_pass_transport/first_resampling/engine/core/stream/lane_phase_reg[1][6]/D","clk150","clk150","6.706","18","-0.008","0.035"
"clk500","-0.060","2.000","sfo/residual_estimator/front_stage/main/service/u_xfft/U0/i_synth/axi_wrapper/reset_pipe_reg[1]/C","sfo/residual_estimator/front_stage/main/service/u_xfft/U0/i_synth/axi_wrapper/data_out_channel/gen_real_time.data_out_reg[21]/CE","clk500","clk500","1.955","1","-0.010","0.035"
"clk150","-0.060","6.667","sfo/two_pass_transport/first_resampling/engine/core/stream/lane_phase_reg[11][15]/C","sfo/two_pass_transport/first_resampling/engine/core/stream/arithmetic/real_channel[22].u_real/pre_da/g18.u_add/U0/xst_addsub/i_baseblox.i_baseblox_addsub/no_pipelining.the_addsub/i_lut6.i_lut6_addsub/i_q.i_simple.qreg/i_no_async_controls.output_reg[7]/D","clk150","clk150","6.707","9","-0.010","0.035"
"clk150","-0.060","6.667","cfo/coarse_rotation/output4_reg[37]/C","cfo/coarse_banks[1].memory/u_frame_memory/xpm_memory_base_inst/gen_wr_a.gen_word_narrow.mem_reg_uram_47/CAS_IN_DIN_B[37]","clk150","clk150","6.414","7","0.034","0.035"
"clk150","-0.060","6.667","poison_sync/syncstages_ff_reg[3]/C","cfo/coarse_banks[0].memory/u_frame_memory/xpm_memory_base_inst/gen_wr_a.gen_word_narrow.mem_reg_uram_160/CAS_IN_BWE_B[2]","clk150","clk150","6.421","11","0.035","0.035"
"clk150","-0.060","6.667","sfo/two_pass_transport/shared_raw.hub/raw_store/ram_ra_reg[4]/C","sfo/two_pass_transport/shared_raw.hub/raw_store/memory/u_frame_memory/xpm_memory_base_inst/gen_wr_a.gen_word_narrow.mem_reg_uram_183/CAS_IN_ADDR_A[4]","clk150","clk150","6.218","7","0.035","0.035"
"clk150","-0.060","6.667","sfo/two_pass_transport/shared_raw.hub/raw_store/ram_ra_reg[12]/C","sfo/two_pass_transport/shared_raw.hub/raw_store/memory/u_frame_memory/xpm_memory_base_inst/gen_wr_a.gen_word_narrow.mem_reg_uram_95/CAS_IN_ADDR_A[12]","clk150","clk150","6.214","7","0.035","0.035"
"clk150","-0.060","6.667","poison_sync/syncstages_ff_reg[3]/C","cfo/coarse_banks[1].memory/u_frame_memory/xpm_memory_base_inst/gen_wr_a.gen_word_narrow.mem_reg_uram_161/CAS_IN_BWE_B[7]","clk150","clk150","6.282","12","0.035","0.035"
"clk150","-0.059","6.667","sfo/two_pass_transport/first_resampling/engine/core/stream/lane_phase_reg[0][20]/C","sfo/two_pass_transport/first_resampling/engine/core/stream/arithmetic/real_channel[0].u_real/pre_ab2/g18.u_add/U0/xst_addsub/i_baseblox.i_baseblox_addsub/no_pipelining.the_addsub/i_lut6.i_lut6_addsub/i_q.i_simple.qreg/i_no_async_controls.output_reg[10]/D","clk150","clk150","6.703","9","-0.010","0.035"
"clk150","-0.059","6.667","sfo/two_pass_transport/first_resampling/engine/core/stream/lane_phase_reg[11][15]/C","sfo/two_pass_transport/first_resampling/engine/core/stream/arithmetic/real_channel[23].u_real/pre_ca/g18.u_add/U0/xst_addsub/i_baseblox.i_baseblox_addsub/no_pipelining.the_addsub/i_lut6.i_lut6_addsub/i_q.i_simple.qreg/i_no_async_controls.output_reg[4]/D","clk150","clk150","6.706","10","-0.010","0.035"
"clk150","-0.059","6.667","sfo/two_pass_transport/second_resampling/engine/pack/m_data_reg[23]/C","sfo/two_pass_transport/output_buffer/storage/u_frame_memory/xpm_memory_base_inst/gen_wr_a.gen_word_narrow.mem_reg_bram_28/DINADIN[23]","clk150","clk150","6.454","0","0.009","0.035"
"clk150","-0.059","6.667","sfo/two_pass_transport/first_resampling/engine/core/stream/lane_phase_reg[15][7]/C","sfo/two_pass_transport/first_resampling/engine/core/stream/lane_phase_reg[14][4]/D","clk150","clk150","6.705","18","-0.008","0.035"
"clk150","-0.059","6.667","sfo/two_pass_transport/first_resampling/engine/pack/m_data_reg[113]/C","sfo/two_pass_transport/intermediate[0].intermediate_bank/memory/u_frame_memory/xpm_memory_base_inst/gen_wr_a.gen_word_narrow.mem_reg_uram_137/CAS_IN_DIN_B[41]","clk150","clk150","6.427","7","0.035","0.035"
"clk150","-0.059","6.667","sfo/two_pass_transport/shared_raw.hub/raw_store/ram_ra_reg[5]/C","sfo/two_pass_transport/shared_raw.hub/raw_store/memory/u_frame_memory/xpm_memory_base_inst/gen_wr_a.gen_word_narrow.mem_reg_uram_126/CAS_IN_ADDR_A[5]","clk150","clk150","6.250","6","0.035","0.035"
"clk150","-0.058","6.667","sfo/two_pass_transport/first_resampling/engine/core/stream/lane_phase_reg[5][20]/C","sfo/two_pass_transport/first_resampling/engine/core/stream/arithmetic/real_channel[11].u_real/pre_da/g18.u_add/U0/xst_addsub/i_baseblox.i_baseblox_addsub/no_pipelining.the_addsub/i_lut6.i_lut6_addsub/i_q.i_simple.qreg/i_no_async_controls.output_reg[13]/D","clk150","clk150","6.705","10","-0.010","0.035"
"clk500","-0.058","2.000","cfo/observation_front/m_frame_reg[11]/C","cfo/estimator/expected_window_reg[0]/D","clk500","clk500","2.040","6","-0.008","0.035"
"clk500","-0.058","2.000","cfo/observation_front/fft_core/FSM_sequential_state_reg[1]_rep/C","cfo/observation_front/fft_core/ai3_reg[12]/CE","clk500","clk500","1.956","1","-0.008","0.035"
"clk500","-0.058","2.000","cfo/observation_front/fft_core/FSM_sequential_state_reg[1]_rep/C","cfo/observation_front/fft_core/ai3_reg[13]/CE","clk500","clk500","1.956","1","-0.008","0.035"
"clk500","-0.058","2.000","cfo/observation_front/fft_core/FSM_sequential_state_reg[0]/C","cfo/observation_front/fft_core/ai4_reg[11]/CE","clk500","clk500","1.954","1","-0.009","0.035"
"clk500","-0.058","2.000","cfo/observation_front/fft_core/FSM_sequential_state_reg[0]/C","cfo/observation_front/fft_core/ai5_reg[3]/CE","clk500","clk500","1.954","1","-0.008","0.035"
"clk500","-0.058","2.000","cfo/observation_front/fft_core/FSM_sequential_state_reg[1]_rep/C","cfo/observation_front/fft_core/ar3_reg[12]/CE","clk500","clk500","1.956","1","-0.008","0.035"
"clk500","-0.058","2.000","cfo/observation_front/fft_core/FSM_sequential_state_reg[1]_rep/C","cfo/observation_front/fft_core/ar3_reg[4]/CE","clk500","clk500","1.956","1","-0.007","0.035"
"clk500","-0.058","2.000","cfo/observation_front/fft_core/FSM_sequential_state_reg[0]/C","cfo/observation_front/fft_core/ar4_reg[10]/CE","clk500","clk500","1.954","1","-0.009","0.035"
"clk500","-0.058","2.000","cfo/estimator/observation_fifo/gnuram_async_fifo.xpm_fifo_base_inst/xpm_fifo_rst_inst/gen_rst_ic.wr_rst_busy_ic_reg/C","cfo/observation_front/sum_q_reg[36]/R","clk500","clk500","1.940","4","-0.009","0.035"
"clk500","-0.058","2.000","cfo/estimator/observation_fifo/gnuram_async_fifo.xpm_fifo_base_inst/xpm_fifo_rst_inst/gen_rst_ic.wr_rst_busy_ic_reg/C","cfo/observation_front/sum_q_reg[37]/R","clk500","clk500","1.940","4","-0.009","0.035"
"clk500","-0.058","2.000","sfo/initial_estimator/owner/fft/u_xfft/U0/i_synth/xfft_inst/non_floating_point.arch_d.xfft_inst/has_overflow.natural_ovflo.DOUT_DONE_E_CNT/no_early_reg.I_TC_reg/C","sfo/initial_estimator/owner/fft/u_xfft/U0/i_synth/xfft_inst/non_floating_point.arch_d.xfft_inst/pe_gen[4].natural_order_input.OVFLO_FIFO/rd_cnt_reg[2]/CE","clk500","clk500","1.954","1","-0.009","0.035"
"clk500","-0.058","2.000","sfo/residual_estimator/aux_service/u_xfft/U0/i_synth/axi_wrapper/reset_pipe_reg[1]/C","sfo/residual_estimator/aux_service/u_xfft/U0/i_synth/axi_wrapper/data_out_channel/gen_real_time.data_out_reg[13]/CE","clk500","clk500","1.955","1","-0.007","0.035"
"clk500","-0.058","2.000","sfo/residual_estimator/aux_service/u_xfft/U0/i_synth/xfft_inst/non_floating_point.arch_d.xfft_inst/timing_cnts_has_nfft.run_time_sel_reg[4]/C","sfo/residual_estimator/aux_service/u_xfft/U0/i_synth/xfft_inst/non_floating_point.arch_d.xfft_inst/pe_gen[3].natural_order_input.PE/bypass_muxes.din_re_mux_gen[11].reg/D","clk500","clk500","2.039","1","-0.009","0.035"
"clk150","-0.058","6.667","sfo/two_pass_transport/intermediate[0].intermediate_bank/write_next_reg[12]/C","sfo/two_pass_transport/intermediate[0].intermediate_bank/memory/u_frame_memory/xpm_memory_base_inst/gen_wr_a.gen_word_narrow.mem_reg_uram_161/CAS_IN_ADDR_B[12]","clk150","clk150","6.363","7","0.035","0.035"
"clk150","-0.058","6.667","cfo/coarse_rotation/output4_reg[24]/C","cfo/coarse_banks[1].memory/u_frame_memory/xpm_memory_base_inst/gen_wr_a.gen_word_narrow.mem_reg_uram_7/CAS_IN_DIN_B[24]","clk150","clk150","6.407","7","0.036","0.035"
"clk150","-0.058","6.667","poison_sync/syncstages_ff_reg[3]/C","cfo/coarse_banks[0].memory/u_frame_memory/xpm_memory_base_inst/gen_wr_a.gen_word_narrow.mem_reg_uram_71/CAS_IN_EN_B","clk150","clk150","6.436","12","0.035","0.035"
"clk150","-0.058","6.667","sfo/two_pass_transport/shared_raw.hub/raw_store/rv_reg[0]/C","sfo/two_pass_transport/shared_raw.hub/raw_store/memory/u_frame_memory/xpm_memory_base_inst/gen_wr_a.gen_word_narrow.mem_reg_uram_47/CAS_IN_EN_A","clk150","clk150","6.284","7","0.034","0.035"
"clk150","-0.058","6.667","sfo/two_pass_transport/first_resampling/engine/core/stream/lane_phase_reg[15][7]/C","sfo/two_pass_transport/first_resampling/engine/core/stream/lane_phase_reg[10][27]/D","clk150","clk150","6.704","18","-0.007","0.035"
"clk150","-0.057","6.667","sfo/two_pass_transport/first_resampling/engine/pack/m_data_reg[20]/C","sfo/two_pass_transport/intermediate[1].intermediate_bank/memory/u_frame_memory/xpm_memory_base_inst/gen_wr_a.gen_word_narrow.mem_reg_uram_63/CAS_IN_DIN_B[20]","clk150","clk150","6.461","7","0.035","0.035"
"clk150","-0.057","6.667","sfo/two_pass_transport/first_resampling/engine/pack/m_data_reg[64]/C","sfo/two_pass_transport/intermediate[1].intermediate_bank/memory/u_frame_memory/xpm_memory_base_inst/gen_wr_a.gen_word_narrow.mem_reg_uram_15/CAS_IN_DIN_B[64]","clk150","clk150","6.405","7","0.035","0.035"
"clk150","-0.057","6.667","sfo/two_pass_transport/intermediate[0].intermediate_bank/write_next_reg[18]/C","sfo/two_pass_transport/intermediate[0].intermediate_bank/memory/u_frame_memory/xpm_memory_base_inst/gen_wr_a.gen_word_narrow.mem_reg_uram_97/CAS_IN_ADDR_B[18]","clk150","clk150","6.358","7","0.034","0.035"
"clk150","-0.057","6.667","sfo/two_pass_transport/first_resampling/engine/core/stream/lane_phase_reg[15][7]/C","sfo/two_pass_transport/first_resampling/engine/core/stream/lane_phase_reg[13][1]/D","clk150","clk150","6.703","18","-0.007","0.035"
"clk150","-0.056","6.667","sfo/two_pass_transport/second_resampling/engine/pack/m_data_reg[26]/C","sfo/two_pass_transport/output_buffer/storage/u_frame_memory/xpm_memory_base_inst/gen_wr_a.gen_word_narrow.mem_reg_bram_18/DINADIN[26]","clk150","clk150","6.457","0","0.011","0.035"
"clk150","-0.056","6.667","sfo/two_pass_transport/second_resampling/engine/pack/m_data_reg[23]/C","sfo/two_pass_transport/output_buffer/storage/u_frame_memory/xpm_memory_base_inst/gen_wr_a.gen_word_narrow.mem_reg_bram_27/DINADIN[23]","clk150","clk150","6.451","0","0.009","0.035"
"clk500","-0.056","2.000","sfo/residual_estimator/aux_service/u_xfft/U0/i_synth/xfft_inst/non_floating_point.arch_d.xfft_inst/pe_gen[0].natural_order_input.PE/hasbf2.FB_2.BF_2/MEM/blk_ram.use_bram_only.mem/depth_12_s6_depth_11.use_fabric_register.doutb_tmp_reg[30]/C","sfo/residual_estimator/aux_service/u_xfft/U0/i_synth/xfft_inst/non_floating_point.arch_d.xfft_inst/pe_gen[0].natural_order_input.PE/hasbf2.FB_2.BF_2/BTFLY0/logic_bfly_byp.add_r/adder/i_baseblox.i_baseblox_addsub/no_pipelining.the_addsub/i_lut6.i_lut6_addsub/i_q.i_simple.qreg/i_no_async_controls.output_reg[17]/D","clk500","clk500","2.038","2","-0.008","0.035"
"clk500","-0.056","2.000","cfo/observation_front/fft_core/FSM_sequential_state_reg[0]/C","cfo/observation_front/fft_core/ai5_reg[25]/CE","clk500","clk500","1.952","1","-0.009","0.035"
"clk500","-0.056","2.000","cfo/observation_front/fft_core/FSM_sequential_state_reg[0]/C","cfo/observation_front/fft_core/ai5_reg[8]/CE","clk500","clk500","1.952","1","-0.009","0.035"
"clk500","-0.056","2.000","sfo/initial_estimator/owner/fft/u_xfft/U0/i_synth/xfft_inst/non_floating_point.arch_d.xfft_inst/has_overflow.natural_ovflo.DOUT_DONE_E_CNT/no_early_reg.I_TC_reg/C","sfo/initial_estimator/owner/fft/u_xfft/U0/i_synth/xfft_inst/non_floating_point.arch_d.xfft_inst/pe_gen[4].natural_order_input.OVFLO_FIFO/rd_cnt_reg[0]/CE","clk500","clk500","1.952","1","-0.008","0.035"
"clk500","-0.056","2.000","sfo/initial_estimator/owner/fft/u_xfft/U0/i_synth/xfft_inst/non_floating_point.arch_d.xfft_inst/has_overflow.natural_ovflo.DOUT_DONE_E_CNT/no_early_reg.I_TC_reg/C","sfo/initial_estimator/owner/fft/u_xfft/U0/i_synth/xfft_inst/non_floating_point.arch_d.xfft_inst/pe_gen[4].natural_order_input.OVFLO_FIFO/rd_cnt_reg[1]/CE","clk500","clk500","1.952","1","-0.009","0.035"
"clk500","-0.056","2.000","sfo/initial_estimator/owner/fft/u_xfft/U0/i_synth/xfft_inst/non_floating_point.arch_d.xfft_inst/has_overflow.natural_ovflo.DOUT_DONE_E_CNT/no_early_reg.I_TC_reg/C","sfo/initial_estimator/owner/fft/u_xfft/U0/i_synth/xfft_inst/non_floating_point.arch_d.xfft_inst/pe_gen[4].natural_order_input.OVFLO_FIFO/rd_cnt_reg[3]/CE","clk500","clk500","1.952","1","-0.008","0.035"
"clk500","-0.056","2.000","sfo/residual_estimator/aux_service/u_xfft/U0/i_synth/xfft_inst/non_floating_point.arch_d.xfft_inst/pe_gen[0].natural_order_input.PE/has_addr_gen.bf2_addr_gen/cnt/cnt_addsub/i_baseblox.i_baseblox_addsub/no_pipelining.the_addsub/i_lut6.i_lut6_addsub/i_q.i_simple.qreg/i_no_async_controls.output_reg[3]/C","sfo/residual_estimator/aux_service/u_xfft/U0/i_synth/xfft_inst/non_floating_point.arch_d.xfft_inst/pe_gen[0].natural_order_input.PE/FB_1.BF_1/MEM/blk_ram.use_bram_only.mem/depth_13_s6_depth_12.main_ram_loop[1].use_RAMB18.ram_2k_loop[3].SDP_RAMB18_9x2048/ADDRBWRADDR[5]","clk500","clk500","1.746","0","0.012","0.035"
"clk500","-0.056","2.000","sfo/residual_estimator/aux_service/u_xfft/U0/i_synth/xfft_inst/non_floating_point.arch_d.xfft_inst/pe_gen[0].natural_order_input.PE/hasbf2.FB_2.BF_2/mem_mux_and_reg_upper_re/slicel_slicem_implementation.mux/use_lut6_2.latency1.Q_reg[9]/C","sfo/residual_estimator/aux_service/u_xfft/U0/i_synth/xfft_inst/non_floating_point.arch_d.xfft_inst/pe_gen[0].natural_order_input.PE/hasbf2.FB_2.BF_2/MEM/blk_ram.use_bram_only.mem/depth_12_s6_depth_11.main_ram_loop[3].use_RAMB18.ram_2k_loop[1].SDP_RAMB18_9x2048/DINADIN[0]","clk500","clk500","1.739","0","0.012","0.035"
"clk150","-0.056","6.667","poison_sync/syncstages_ff_reg[3]/C","cfo/coarse_banks[0].memory/u_frame_memory/xpm_memory_base_inst/gen_wr_a.gen_word_narrow.mem_reg_uram_160/CAS_IN_BWE_B[1]","clk150","clk150","6.417","11","0.035","0.035"
"clk150","-0.056","6.667","sfo/two_pass_transport/intermediate[0].intermediate_bank/issued_reg[0]/C","sfo/two_pass_transport/intermediate[0].intermediate_bank/memory/u_frame_memory/xpm_memory_base_inst/gen_wr_a.gen_word_narrow.mem_reg_uram_105/CAS_IN_ADDR_A[1]","clk150","clk150","6.209","9","0.034","0.035"
"clk150","-0.056","6.667","sfo/two_pass_transport/shared_raw.hub/raw_store/ram_ra_reg[1]/C","sfo/two_pass_transport/shared_raw.hub/raw_store/memory/u_frame_memory/xpm_memory_base_inst/gen_wr_a.gen_word_narrow.mem_reg_uram_47/CAS_IN_ADDR_A[1]","clk150","clk150","6.210","7","0.035","0.035"
"clk150","-0.055","6.667","sfo/two_pass_transport/first_resampling/engine/core/stream/lane_phase_reg[5][20]/C","sfo/two_pass_transport/first_resampling/engine/core/stream/arithmetic/real_channel[11].u_real/pre_da/g18.u_add/U0/xst_addsub/i_baseblox.i_baseblox_addsub/no_pipelining.the_addsub/i_lut6.i_lut6_addsub/i_q.i_simple.qreg/i_no_async_controls.output_reg[12]/D","clk150","clk150","6.702","10","-0.010","0.035"
"clk150","-0.055","6.667","sfo/two_pass_transport/first_resampling/engine/core/stream/lane_phase_reg[15][7]/C","sfo/two_pass_transport/first_resampling/engine/core/stream/lane_phase_reg[1][21]/D","clk150","clk150","6.701","18","-0.008","0.035"
"clk150","-0.055","6.667","sfo/two_pass_transport/second_resampling/engine/core/stream/lane_phase_reg[0][3]/C","sfo/two_pass_transport/second_resampling/engine/core/fir15_interpolator/q_core/U0/i_synth/g_polyphase_interpolation_sym_ssr.i_polyphase_interpolation_sym_ssr/g_m_data_chan_fifo.i_m_data_chan_fifo/fifo0/fifo_2_reg[263]/CE","clk150","clk150","6.619","17","-0.007","0.035"
"clk150","-0.055","6.667","sfo/two_pass_transport/second_resampling/engine/core/stream/lane_phase_reg[0][3]/C","sfo/two_pass_transport/second_resampling/engine/core/fir15_interpolator/q_core/U0/i_synth/g_polyphase_interpolation_sym_ssr.i_polyphase_interpolation_sym_ssr/g_m_data_chan_fifo.i_m_data_chan_fifo/fifo0/fifo_2_reg[264]/CE","clk150","clk150","6.619","17","-0.007","0.035"
"clk150","-0.055","6.667","sfo/two_pass_transport/second_resampling/engine/core/stream/lane_phase_reg[0][3]/C","sfo/two_pass_transport/second_resampling/engine/core/fir15_interpolator/q_core/U0/i_synth/g_polyphase_interpolation_sym_ssr.i_polyphase_interpolation_sym_ssr/g_m_data_chan_fifo.i_m_data_chan_fifo/fifo0/fifo_2_reg[265]/CE","clk150","clk150","6.619","17","-0.007","0.035"
"clk150","-0.055","6.667","sfo/two_pass_transport/second_resampling/engine/core/stream/lane_phase_reg[0][3]/C","sfo/two_pass_transport/second_resampling/engine/core/fir15_interpolator/q_core/U0/i_synth/g_polyphase_interpolation_sym_ssr.i_polyphase_interpolation_sym_ssr/g_m_data_chan_fifo.i_m_data_chan_fifo/fifo0/fifo_2_reg[266]/CE","clk150","clk150","6.619","17","-0.007","0.035"
"clk150","-0.055","6.667","sfo/two_pass_transport/second_resampling/engine/core/stream/lane_phase_reg[0][3]/C","sfo/two_pass_transport/second_resampling/engine/core/fir15_interpolator/q_core/U0/i_synth/g_polyphase_interpolation_sym_ssr.i_polyphase_interpolation_sym_ssr/g_m_data_chan_fifo.i_m_data_chan_fifo/fifo0/fifo_2_reg[76]/CE","clk150","clk150","6.619","17","-0.007","0.035"
"clk150","-0.055","6.667","sfo/two_pass_transport/second_resampling/engine/core/stream/lane_phase_reg[0][3]/C","sfo/two_pass_transport/second_resampling/engine/core/fir15_interpolator/q_core/U0/i_synth/g_polyphase_interpolation_sym_ssr.i_polyphase_interpolation_sym_ssr/g_m_data_chan_fifo.i_m_data_chan_fifo/fifo0/fifo_2_reg[77]/CE","clk150","clk150","6.619","17","-0.007","0.035"
"clk150","-0.055","6.667","sfo/two_pass_transport/second_resampling/engine/core/stream/lane_phase_reg[0][3]/C","sfo/two_pass_transport/second_resampling/engine/core/fir15_interpolator/q_core/U0/i_synth/g_polyphase_interpolation_sym_ssr.i_polyphase_interpolation_sym_ssr/g_m_data_chan_fifo.i_m_data_chan_fifo/fifo0/fifo_2_reg[78]/CE","clk150","clk150","6.619","17","-0.007","0.035"
"clk150","-0.055","6.667","sfo/two_pass_transport/second_resampling/engine/core/stream/lane_phase_reg[0][3]/C","sfo/two_pass_transport/second_resampling/engine/core/fir15_interpolator/q_core/U0/i_synth/g_polyphase_interpolation_sym_ssr.i_polyphase_interpolation_sym_ssr/g_m_data_chan_fifo.i_m_data_chan_fifo/fifo0/fifo_2_reg[79]/CE","clk150","clk150","6.619","17","-0.007","0.035"
"clk500","-0.055","2.000","cfo/windows/sample_index_reg[3]/C","cfo/windows/output_record_reg[45]/CE","clk500","clk500","1.952","3","-0.008","0.035"
"clk500","-0.055","2.000","cfo/windows/sample_index_reg[3]/C","cfo/windows/output_record_reg[51]/CE","clk500","clk500","1.952","3","-0.008","0.035"
"clk500","-0.055","2.000","cfo/windows/packed_windows/fifo/gnuram_async_fifo.xpm_fifo_base_inst/rdp_inst/count_value_i_reg[11]/C","cfo/windows/packed_windows/fifo/gnuram_async_fifo.xpm_fifo_base_inst/gen_sdpram.xpm_memory_base_inst/gen_wr_a.gen_word_narrow.mem_reg_bram_3/CASOREGIMUXB","clk500","clk500","1.915","1","0.010","0.035"
"clk500","-0.055","2.000","cfo/observation_front/fft_core/FSM_sequential_state_reg[1]_rep/C","cfo/observation_front/fft_core/ai2_reg[5]/CE","clk500","clk500","1.952","1","-0.007","0.035"
"clk500","-0.055","2.000","cfo/observation_front/fft_core/FSM_sequential_state_reg[0]/C","cfo/observation_front/fft_core/ar4_reg[22]/CE","clk500","clk500","1.951","1","-0.008","0.035"
"clk150","-0.055","6.667","cfo/coarse_rotation/output4_reg[1]/C","cfo/coarse_banks[1].memory/u_frame_memory/xpm_memory_base_inst/gen_wr_a.gen_word_narrow.mem_reg_uram_7/CAS_IN_DIN_B[1]","clk150","clk150","6.413","7","0.036","0.035"
"clk150","-0.055","6.667","poison_sync/syncstages_ff_reg[3]/C","cfo/coarse_banks[0].memory/u_frame_memory/xpm_memory_base_inst/gen_wr_a.gen_word_narrow.mem_reg_uram_121/CAS_IN_BWE_B[0]","clk150","clk150","6.411","12","0.035","0.035"
"clk150","-0.055","6.667","sfo/two_pass_transport/first_resampling/engine/pack/m_data_reg[127]/C","sfo/two_pass_transport/intermediate[0].intermediate_bank/memory/u_frame_memory/xpm_memory_base_inst/gen_wr_a.gen_word_narrow.mem_reg_uram_137/CAS_IN_DIN_B[55]","clk150","clk150","6.346","7","0.034","0.035"
"clk150","-0.055","6.667","sfo/two_pass_transport/shared_raw.hub/raw_store/ram_ra_reg[2]/C","sfo/two_pass_transport/shared_raw.hub/raw_store/memory/u_frame_memory/xpm_memory_base_inst/gen_wr_a.gen_word_narrow.mem_reg_uram_151/CAS_IN_ADDR_A[2]","clk150","clk150","6.194","7","0.035","0.035"
"clk150","-0.055","6.667","sfo/two_pass_transport/shared_raw.hub/raw_store/ram_ra_reg[18]/C","sfo/two_pass_transport/shared_raw.hub/raw_store/memory/u_frame_memory/xpm_memory_base_inst/gen_wr_a.gen_word_narrow.mem_reg_uram_183/CAS_IN_ADDR_A[18]","clk150","clk150","6.217","7","0.034","0.035"
"clk150","-0.055","6.667","sfo/two_pass_transport/first_resampling/engine/core/stream/lane_phase_reg[0][20]/C","sfo/two_pass_transport/first_resampling/engine/core/stream/arithmetic/real_channel[0].u_real/pre_bc/g18.u_add/U0/xst_addsub/i_baseblox.i_baseblox_addsub/no_pipelining.the_addsub/i_lut6.i_lut6_addsub/i_q.i_simple.qreg/i_no_async_controls.output_reg[3]/D","clk150","clk150","6.699","8","-0.009","0.035"
"clk150","-0.055","6.667","sfo/two_pass_transport/first_resampling/engine/core/stream/lane_phase_reg[0][20]/C","sfo/two_pass_transport/first_resampling/engine/core/stream/arithmetic/real_channel[0].u_real/pre_ca/g18.u_add/U0/xst_addsub/i_baseblox.i_baseblox_addsub/no_pipelining.the_addsub/i_lut6.i_lut6_addsub/i_q.i_simple.qreg/i_no_async_controls.output_reg[2]/D","clk150","clk150","6.699","8","-0.009","0.035"
"clk150","-0.054","6.667","sfo/two_pass_transport/shared_raw.hub/raw_store/ram_wa_reg[16]/C","sfo/two_pass_transport/shared_raw.hub/raw_store/memory/u_frame_memory/xpm_memory_base_inst/gen_wr_a.gen_word_narrow.mem_reg_uram_135/CAS_IN_ADDR_B[16]","clk150","clk150","6.346","7","0.035","0.035"
"clk150","-0.054","6.667","sfo/two_pass_transport/second_resampling/engine/core/stream/lane_phase_reg[0][3]/C","sfo/two_pass_transport/second_resampling/engine/core/fir15_interpolator/q_core/U0/i_synth/g_polyphase_interpolation_sym_ssr.i_polyphase_interpolation_sym_ssr/g_m_data_chan_fifo.i_m_data_chan_fifo/fifo0/fifo_2_reg[271]/CE","clk150","clk150","6.619","17","-0.007","0.035"
"clk150","-0.054","6.667","sfo/two_pass_transport/second_resampling/engine/core/stream/lane_phase_reg[0][3]/C","sfo/two_pass_transport/second_resampling/engine/core/fir15_interpolator/q_core/U0/i_synth/g_polyphase_interpolation_sym_ssr.i_polyphase_interpolation_sym_ssr/g_m_data_chan_fifo.i_m_data_chan_fifo/fifo0/fifo_2_reg[84]/CE","clk150","clk150","6.619","17","-0.007","0.035"
"clk500","-0.054","2.000","sfo/residual_estimator/aux_service/u_xfft/U0/i_synth/xfft_inst/non_floating_point.arch_d.xfft_inst/has_bit_reverse.no_cp.muxed_reorder_write_addr_del_reg[10]/C","sfo/residual_estimator/aux_service/u_xfft/U0/i_synth/xfft_inst/non_floating_point.arch_d.xfft_inst/has_bit_reverse.dig_rev_mem/blk_ram.use_bram_only.mem/depth_14.main_ram_loop[2].use_RAMB18.ram_2k_loop[1].SDP_RAMB18_9x2048/ADDRARDADDR[13]","clk500","clk500","1.761","0","0.010","0.035"
"clk150","-0.054","6.667","cfo/coarse_rotation/output4_reg[110]/C","cfo/coarse_banks[0].memory/u_frame_memory/xpm_memory_base_inst/gen_wr_a.gen_word_narrow.mem_reg_uram_129/CAS_IN_DIN_B[38]","clk150","clk150","6.415","7","0.036","0.035"
"clk150","-0.054","6.667","sfo/two_pass_transport/first_resampling/engine/core/stream/lane_phase_reg[15][7]/C","sfo/two_pass_transport/first_resampling/engine/core/stream/lane_phase_reg[13][14]/D","clk150","clk150","6.700","18","-0.007","0.035"
"clk150","-0.054","6.667","sfo/two_pass_transport/first_resampling/engine/core/stream/lane_phase_reg[15][7]/C","sfo/two_pass_transport/first_resampling/engine/core/stream/lane_phase_reg[5][8]/CE","clk150","clk150","6.614","18","-0.007","0.035"
"clk150","-0.053","6.667","sfo/two_pass_transport/first_resampling/engine/core/stream/lane_phase_reg[5][20]/C","sfo/two_pass_transport/first_resampling/engine/core/stream/arithmetic/real_channel[10].u_real/pre_ca/g18.u_add/U0/xst_addsub/i_baseblox.i_baseblox_addsub/no_pipelining.the_addsub/i_lut6.i_lut6_addsub/i_q.i_simple.qreg/i_no_async_controls.output_reg[13]/D","clk150","clk150","6.700","11","-0.010","0.035"
"clk500","-0.053","2.000","cfo/observation_front/fft_core/m_generation_reg[9]/C","cfo/observation_front/fft_core/m_last_reg/D","clk500","clk500","2.033","6","-0.010","0.035"
"clk150","-0.053","6.667","sfo/two_pass_transport/first_resampling/engine/core/stream/lane_phase_reg[0][20]/C","sfo/two_pass_transport/first_resampling/engine/core/stream/arithmetic/real_channel[1].u_real/pre_da/g18.u_add/U0/xst_addsub/i_baseblox.i_baseblox_addsub/no_pipelining.the_addsub/i_lut6.i_lut6_addsub/i_q.i_simple.qreg/i_no_async_controls.output_reg[10]/D","clk150","clk150","6.697","10","-0.010","0.035"
"clk150","-0.053","6.667","sfo/two_pass_transport/first_resampling/engine/core/stream/lane_phase_reg[15][7]/C","sfo/two_pass_transport/first_resampling/engine/core/stream/lane_phase_reg[14][10]/D","clk150","clk150","6.699","18","-0.008","0.035"
"clk150","-0.053","6.667","sfo/two_pass_transport/second_resampling/engine/pack/m_data_reg[87]/C","sfo/two_pass_transport/output_buffer/storage/u_frame_memory/xpm_memory_base_inst/gen_wr_a.gen_word_narrow.mem_reg_bram_170/DINADIN[15]","clk150","clk150","6.438","0","0.010","0.035"
"clk150","-0.053","6.667","sfo/two_pass_transport/output_buffer/rp_reg[2]/C","sfo/two_pass_transport/output_buffer/storage/u_frame_memory/xpm_memory_base_inst/gen_wr_a.gen_word_narrow.mem_reg_bram_227/ADDRBWRADDR[6]","clk150","clk150","6.408","0","0.010","0.035"
"clk500","-0.053","2.000","cfo/observation_front/fft_core/FSM_sequential_state_reg[1]_rep/C","cfo/observation_front/fft_core/ai2_reg[18]/CE","clk500","clk500","1.950","1","-0.007","0.035"
"clk500","-0.053","2.000","cfo/observation_front/fft_core/FSM_sequential_state_reg[0]/C","cfo/observation_front/fft_core/ai5_reg[15]/CE","clk500","clk500","1.949","1","-0.009","0.035"
"clk500","-0.053","2.000","cfo/observation_front/fft_core/FSM_sequential_state_reg[0]/C","cfo/observation_front/fft_core/ai5_reg[17]/CE","clk500","clk500","1.949","1","-0.009","0.035"
"clk500","-0.053","2.000","cfo/observation_front/fft_core/FSM_sequential_state_reg[0]/C","cfo/observation_front/fft_core/ar5_reg[0]/CE","clk500","clk500","1.949","1","-0.009","0.035"
"clk500","-0.053","2.000","cfo/observation_front/v_reg[5]/C","cfo/observation_front/m_z_i_reg[0]/CE","clk500","clk500","1.948","1","-0.009","0.035"
"clk500","-0.053","2.000","cfo/observation_front/v_reg[5]/C","cfo/observation_front/m_z_i_reg[1]/CE","clk500","clk500","1.948","1","-0.009","0.035"
"clk500","-0.053","2.000","cfo/observation_front/v_reg[5]/C","cfo/observation_front/m_z_i_reg[2]/CE","clk500","clk500","1.948","1","-0.009","0.035"
"clk500","-0.053","2.000","cfo/observation_front/v_reg[5]/C","cfo/observation_front/m_z_i_reg[3]/CE","clk500","clk500","1.948","1","-0.009","0.035"
"clk500","-0.053","2.000","sfo/residual_estimator/aux_service/u_xfft/U0/i_synth/xfft_inst/non_floating_point.arch_d.xfft_inst/has_bit_reverse.pe_out_reg/no_sclr_lut.real_shift_ram.use_baseblock.use_hlutnm_srls.srl_loop[4].i_fdre0/C","sfo/residual_estimator/aux_service/u_xfft/U0/i_synth/xfft_inst/non_floating_point.arch_d.xfft_inst/has_bit_reverse.dig_rev_mem/blk_ram.use_bram_only.mem/depth_14.main_ram_loop[0].use_RAMB18.ram_2k_loop[7].SDP_RAMB18_9x2048/DINADIN[7]","clk500","clk500","1.772","0","0.011","0.035"
"clk150","-0.053","6.667","sfo/two_pass_transport/second_resampling/engine/pack/m_data_reg[30]/C","sfo/two_pass_transport/output_buffer/storage/u_frame_memory/xpm_memory_base_inst/gen_wr_a.gen_word_narrow.mem_reg_bram_18/DINADIN[30]","clk150","clk150","6.382","0","0.010","0.035"
"clk150","-0.053","6.667","cfo/coarse_rotation/output4_reg[48]/C","cfo/coarse_banks[1].memory/u_frame_memory/xpm_memory_base_inst/gen_wr_a.gen_word_narrow.mem_reg_uram_63/CAS_IN_DIN_B[48]","clk150","clk150","6.409","7","0.035","0.035"
"clk150","-0.053","6.667","sfo/two_pass_transport/shared_raw.hub/raw_store/ram_ra_reg[5]/C","sfo/two_pass_transport/shared_raw.hub/raw_store/memory/u_frame_memory/xpm_memory_base_inst/gen_wr_a.gen_word_narrow.mem_reg_uram_111/CAS_IN_ADDR_A[5]","clk150","clk150","6.244","7","0.035","0.035"
"clk150","-0.053","6.667","poison_sync/syncstages_ff_reg[3]/C","cfo/coarse_banks[0].memory/u_frame_memory/xpm_memory_base_inst/gen_wr_a.gen_word_narrow.mem_reg_uram_120/CAS_IN_BWE_B[6]","clk150","clk150","6.371","11","0.035","0.035"
"clk150","-0.053","6.667","sfo/two_pass_transport/first_resampling/engine/core/stream/lane_phase_reg[15][7]/C","sfo/two_pass_transport/first_resampling/engine/core/stream/lane_phase_reg[13][10]/CE","clk150","clk150","6.614","18","-0.007","0.035"
"clk150","-0.053","6.667","sfo/two_pass_transport/first_resampling/engine/core/stream/lane_phase_reg[15][7]/C","sfo/two_pass_transport/first_resampling/engine/core/stream/lane_phase_reg[13][11]/CE","clk150","clk150","6.614","18","-0.007","0.035"
"clk150","-0.053","6.667","sfo/two_pass_transport/first_resampling/engine/core/stream/lane_phase_reg[15][7]/C","sfo/two_pass_transport/first_resampling/engine/core/stream/lane_phase_reg[13][18]/CE","clk150","clk150","6.614","18","-0.007","0.035"
"clk150","-0.053","6.667","sfo/two_pass_transport/first_resampling/engine/core/stream/lane_phase_reg[15][7]/C","sfo/two_pass_transport/first_resampling/engine/core/stream/lane_phase_reg[13][3]/CE","clk150","clk150","6.614","18","-0.007","0.035"
"clk150","-0.052","6.667","cfo/coarse_rotation/tag_pipe_reg[4][12]_replica/C","cfo/coarse_banks[0].memory/u_frame_memory/xpm_memory_base_inst/gen_wr_a.gen_word_narrow.mem_reg_uram_145/CAS_IN_ADDR_B[11]","clk150","clk150","6.402","7","0.034","0.035"
"clk150","-0.052","6.667","sfo/two_pass_transport/second_resampling/engine/pack/m_data_reg[23]/C","sfo/two_pass_transport/output_buffer/storage/u_frame_memory/xpm_memory_base_inst/gen_wr_a.gen_word_narrow.mem_reg_bram_30/DINADIN[23]","clk150","clk150","6.447","0","0.009","0.035"
"clk500","-0.052","2.000","cfo/observation_front/fft_core/FSM_sequential_state_reg[1]_rep/C","cfo/observation_front/fft_core/ar3_reg[6]/CE","clk500","clk500","1.949","1","-0.008","0.035"
"clk500","-0.052","2.000","cfo/observation_front/m_frame_reg[11]/C","cfo/estimator/expected_window_reg[4]/D","clk500","clk500","2.034","6","-0.008","0.035"
"clk500","-0.052","2.000","cfo/reset_fast/arststages_ff_reg[3]/C","cfo/estimator/observation_fifo/gnuram_async_fifo.xpm_fifo_base_inst/gen_sdpram.xpm_memory_base_inst/gen_wr_a.gen_word_narrow.mem_reg_0_15_168_170/RAMA/WE","clk500","clk500","1.851","3","0.014","0.035"
"clk500","-0.052","2.000","cfo/reset_fast/arststages_ff_reg[3]/C","cfo/estimator/observation_fifo/gnuram_async_fifo.xpm_fifo_base_inst/gen_sdpram.xpm_memory_base_inst/gen_wr_a.gen_word_narrow.mem_reg_0_15_168_170/RAMA_D1/WE","clk500","clk500","1.851","3","0.014","0.035"
"clk500","-0.052","2.000","cfo/reset_fast/arststages_ff_reg[3]/C","cfo/estimator/observation_fifo/gnuram_async_fifo.xpm_fifo_base_inst/gen_sdpram.xpm_memory_base_inst/gen_wr_a.gen_word_narrow.mem_reg_0_15_168_170/RAMB/WE","clk500","clk500","1.851","3","0.014","0.035"
"clk500","-0.052","2.000","cfo/reset_fast/arststages_ff_reg[3]/C","cfo/estimator/observation_fifo/gnuram_async_fifo.xpm_fifo_base_inst/gen_sdpram.xpm_memory_base_inst/gen_wr_a.gen_word_narrow.mem_reg_0_15_168_170/RAMB_D1/WE","clk500","clk500","1.851","3","0.014","0.035"
"clk500","-0.052","2.000","cfo/reset_fast/arststages_ff_reg[3]/C","cfo/estimator/observation_fifo/gnuram_async_fifo.xpm_fifo_base_inst/gen_sdpram.xpm_memory_base_inst/gen_wr_a.gen_word_narrow.mem_reg_0_15_168_170/RAMC/WE","clk500","clk500","1.851","3","0.014","0.035"
"clk500","-0.052","2.000","cfo/reset_fast/arststages_ff_reg[3]/C","cfo/estimator/observation_fifo/gnuram_async_fifo.xpm_fifo_base_inst/gen_sdpram.xpm_memory_base_inst/gen_wr_a.gen_word_narrow.mem_reg_0_15_168_170/RAMC_D1/WE","clk500","clk500","1.851","3","0.014","0.035"
"clk500","-0.052","2.000","cfo/reset_fast/arststages_ff_reg[3]/C","cfo/estimator/observation_fifo/gnuram_async_fifo.xpm_fifo_base_inst/gen_sdpram.xpm_memory_base_inst/gen_wr_a.gen_word_narrow.mem_reg_0_15_168_170/RAMD/WE","clk500","clk500","1.851","3","0.014","0.035"
"clk500","-0.052","2.000","cfo/reset_fast/arststages_ff_reg[3]/C","cfo/estimator/observation_fifo/gnuram_async_fifo.xpm_fifo_base_inst/gen_sdpram.xpm_memory_base_inst/gen_wr_a.gen_word_narrow.mem_reg_0_15_168_170/RAMD_D1/WE","clk500","clk500","1.851","3","0.014","0.035"
"clk500","-0.052","2.000","cfo/observation_front/fft_core/FSM_sequential_state_reg[1]_rep/C","cfo/observation_front/fft_core/ai3_reg[1]/CE","clk500","clk500","1.950","1","-0.007","0.035"
"clk500","-0.052","2.000","cfo/observation_front/fft_core/FSM_sequential_state_reg[1]_rep/C","cfo/observation_front/fft_core/ai3_reg[2]/CE","clk500","clk500","1.950","1","-0.007","0.035"
"clk500","-0.052","2.000","cfo/observation_front/fft_core/FSM_sequential_state_reg[1]_rep/C","cfo/observation_front/fft_core/ai3_reg[9]/CE","clk500","clk500","1.950","1","-0.007","0.035"
"clk500","-0.052","2.000","cfo/observation_front/fft_core/FSM_sequential_state_reg[1]_rep/C","cfo/observation_front/fft_core/ar3_reg[8]/CE","clk500","clk500","1.950","1","-0.007","0.035"
"clk150","-0.052","6.667","poison_sync/syncstages_ff_reg[3]/C","cfo/coarse_banks[0].memory/u_frame_memory/xpm_memory_base_inst/gen_wr_a.gen_word_narrow.mem_reg_uram_71/CAS_IN_BWE_B[1]","clk150","clk150","6.413","12","0.035","0.035"
"clk150","-0.052","6.667","cfo/coarse_rotation/output4_reg[90]/C","cfo/coarse_banks[0].memory/u_frame_memory/xpm_memory_base_inst/gen_wr_a.gen_word_narrow.mem_reg_uram_113/CAS_IN_DIN_B[18]","clk150","clk150","6.420","7","0.034","0.035"
"clk150","-0.052","6.667","cfo/coarse_rotation/output4_reg[42]/C","cfo/coarse_banks[1].memory/u_frame_memory/xpm_memory_base_inst/gen_wr_a.gen_word_narrow.mem_reg_uram_15/CAS_IN_DIN_B[42]","clk150","clk150","6.402","7","0.034","0.035"
"clk150","-0.052","6.667","sfo/two_pass_transport/shared_raw.hub/raw_store/ram_ra_reg[10]/C","sfo/two_pass_transport/shared_raw.hub/raw_store/memory/u_frame_memory/xpm_memory_base_inst/gen_wr_a.gen_word_narrow.mem_reg_uram_111/CAS_IN_ADDR_A[10]","clk150","clk150","6.271","7","0.035","0.035"
"clk150","-0.052","6.667","sfo/two_pass_transport/intermediate[0].intermediate_bank/write_gen_reg[17]/C","sfo/two_pass_transport/intermediate[0].intermediate_bank/memory/u_frame_memory/xpm_memory_base_inst/gen_wr_a.gen_word_narrow.mem_reg_uram_128/CAS_IN_BWE_B[8]","clk150","clk150","6.301","12","0.035","0.035"
"clk150","-0.052","6.667","sfo/two_pass_transport/first_resampling/engine/core/stream/lane_phase_reg[15][7]/C","sfo/two_pass_transport/first_resampling/engine/core/stream/lane_phase_reg[2][26]/D","clk150","clk150","6.698","18","-0.007","0.035"
"clk150","-0.052","6.667","sfo/two_pass_transport/first_resampling/engine/core/stream/lane_phase_reg[0][20]/C","sfo/two_pass_transport/first_resampling/engine/core/stream/arithmetic/real_channel[1].u_real/pre_bc/g18.u_add/U0/xst_addsub/i_baseblox.i_baseblox_addsub/no_pipelining.the_addsub/i_lut6.i_lut6_addsub/i_q.i_simple.qreg/i_no_async_controls.output_reg[5]/D","clk150","clk150","6.696","9","-0.009","0.035"
"clk150","-0.052","6.667","sfo/two_pass_transport/first_resampling/engine/core/stream/lane_phase_reg[15][7]/C","sfo/two_pass_transport/first_resampling/engine/core/stream/lane_phase_reg[5][8]/D","clk150","clk150","6.698","18","-0.007","0.035"
"clk150","-0.051","6.667","sfo/two_pass_transport/first_resampling/engine/core/stream/lane_phase_reg[0][20]/C","sfo/two_pass_transport/first_resampling/engine/core/stream/arithmetic/real_channel[0].u_real/pre_ab2/g18.u_add/U0/xst_addsub/i_baseblox.i_baseblox_addsub/no_pipelining.the_addsub/i_lut6.i_lut6_addsub/i_q.i_simple.qreg/i_no_async_controls.output_reg[11]/D","clk150","clk150","6.695","9","-0.010","0.035"
"clk500","-0.051","2.000","cfo/windows/packed_windows/fifo/gnuram_async_fifo.xpm_fifo_base_inst/rdp_inst/count_value_i_reg[8]/C","cfo/windows/packed_windows/fifo/gnuram_async_fifo.xpm_fifo_base_inst/gen_sdpram.xpm_memory_base_inst/gen_wr_a.gen_word_narrow.mem_reg_bram_3/ADDRBWRADDR[13]","clk500","clk500","1.736","0","0.010","0.035"
"clk150","-0.051","6.667","sfo/two_pass_transport/first_resampling/engine/core/stream/lane_phase_reg[15][7]/C","sfo/two_pass_transport/first_resampling/engine/core/stream/lane_phase_reg[1][5]/D","clk150","clk150","6.697","18","-0.008","0.035"
"clk500","-0.051","2.000","sfo/residual_estimator/aux_service/u_xfft/U0/i_synth/xfft_inst/non_floating_point.arch_d.xfft_inst/pe_gen[0].natural_order_input.PE/FB_1.BF_1/wr_addr_del/no_sclr_lut.real_shift_ram.use_baseblock.use_hlutnm_srls.srl_loop[5].i_fdre1/C","sfo/residual_estimator/aux_service/u_xfft/U0/i_synth/xfft_inst/non_floating_point.arch_d.xfft_inst/pe_gen[0].natural_order_input.PE/FB_1.BF_1/MEM/blk_ram.use_bram_only.mem/depth_13_s6_depth_12.main_ram_loop[1].use_RAMB18.ram_2k_loop[3].SDP_RAMB18_9x2048/WEA[0]","clk500","clk500","1.633","1","0.011","0.035"
"clk150","-0.051","6.667","sfo/two_pass_transport/first_resampling/engine/pack/m_data_reg[75]/C","sfo/two_pass_transport/intermediate[0].intermediate_bank/memory/u_frame_memory/xpm_memory_base_inst/gen_wr_a.gen_word_narrow.mem_reg_uram_97/CAS_IN_DIN_B[3]","clk150","clk150","6.432","7","0.035","0.035"
"clk150","-0.050","6.667","sfo/two_pass_transport/first_resampling/engine/core/stream/lane_phase_reg[5][20]/C","sfo/two_pass_transport/first_resampling/engine/core/stream/arithmetic/real_channel[10].u_real/pre_ca/g18.u_add/U0/xst_addsub/i_baseblox.i_baseblox_addsub/no_pipelining.the_addsub/i_lut6.i_lut6_addsub/i_q.i_simple.qreg/i_no_async_controls.output_reg[12]/D","clk150","clk150","6.697","11","-0.010","0.035"
"clk150","-0.050","6.667","sfo/two_pass_transport/second_resampling/engine/core/stream/lane_phase_reg[0][3]/C","sfo/two_pass_transport/second_resampling/engine/core/stream/ring_reg[16][15]/CE","clk150","clk150","6.614","16","-0.007","0.035"
"clk150","-0.050","6.667","sfo/two_pass_transport/second_resampling/engine/core/stream/lane_phase_reg[0][3]/C","sfo/two_pass_transport/second_resampling/engine/core/stream/ring_reg[28][4]/CE","clk150","clk150","6.614","16","-0.007","0.035"
"clk500","-0.050","2.000","sfo/initial_estimator/owner/fft/u_xfft/U0/i_synth/axi_wrapper/reset_pipe_reg[1]/C","sfo/initial_estimator/owner/fft/u_ingress_fifo/gnuram_async_fifo.xpm_fifo_base_inst/gen_sdpram.xpm_memory_base_inst/gen_wr_a.gen_word_wide.mem_reg_bram_1/REGCEAREGCE","clk500","clk500","1.793","3","0.011","0.035"
"clk500","-0.050","2.000","cfo/windows/packed_windows/fifo/gnuram_async_fifo.xpm_fifo_base_inst/rdp_inst/count_value_i_reg[3]/C","cfo/windows/packed_windows/fifo/gnuram_async_fifo.xpm_fifo_base_inst/gen_sdpram.xpm_memory_base_inst/gen_wr_a.gen_word_narrow.mem_reg_bram_11/ADDRBWRADDR[8]","clk500","clk500","1.719","0","0.010","0.035"
"clk150","-0.050","6.667","sfo/two_pass_transport/first_resampling/engine/core/stream/lane_phase_reg[15][7]/C","sfo/two_pass_transport/first_resampling/engine/core/stream/lane_phase_reg[1][7]/D","clk150","clk150","6.696","18","-0.008","0.035"
"clk150","-0.050","6.667","cfo/coarse_rotation/output4_reg[37]/C","cfo/coarse_banks[1].memory/u_frame_memory/xpm_memory_base_inst/gen_wr_a.gen_word_narrow.mem_reg_uram_15/CAS_IN_DIN_B[37]","clk150","clk150","6.404","7","0.034","0.035"
"clk150","-0.050","6.667","cfo/coarse_rotation/output4_reg[118]/C","cfo/coarse_banks[0].memory/u_frame_memory/xpm_memory_base_inst/gen_wr_a.gen_word_narrow.mem_reg_uram_97/CAS_IN_DIN_B[46]","clk150","clk150","6.393","7","0.036","0.035"
"clk150","-0.050","6.667","cfo/coarse_rotation/output4_reg[106]/C","cfo/coarse_banks[0].memory/u_frame_memory/xpm_memory_base_inst/gen_wr_a.gen_word_narrow.mem_reg_uram_121/CAS_IN_DIN_B[34]","clk150","clk150","6.375","7","0.034","0.035"
"clk150","-0.050","6.667","poison_sync/syncstages_ff_reg[3]/C","cfo/coarse_banks[0].memory/u_frame_memory/xpm_memory_base_inst/gen_wr_a.gen_word_narrow.mem_reg_uram_97/CAS_IN_BWE_B[6]","clk150","clk150","6.368","12","0.035","0.035"
"clk150","-0.049","6.667","sfo/two_pass_transport/shared_raw.hub/raw_store/ram_wa_reg[16]/C","sfo/two_pass_transport/shared_raw.hub/raw_store/memory/u_frame_memory/xpm_memory_base_inst/gen_wr_a.gen_word_narrow.mem_reg_uram_191/CAS_IN_ADDR_B[16]","clk150","clk150","6.341","7","0.035","0.035"
"clk150","-0.049","6.667","sfo/two_pass_transport/second_resampling/engine/core/stream/lane_phase_reg[0][3]/C","sfo/two_pass_transport/second_resampling/engine/core/fir15_interpolator/q_core/U0/i_synth/g_polyphase_interpolation_sym_ssr.i_polyphase_interpolation_sym_ssr/g_m_data_chan_fifo.i_m_data_chan_fifo/fifo0/fifo_2_reg[178]/CE","clk150","clk150","6.613","17","-0.007","0.035"
"clk150","-0.049","6.667","sfo/two_pass_transport/second_resampling/engine/core/stream/lane_phase_reg[0][3]/C","sfo/two_pass_transport/second_resampling/engine/core/fir15_interpolator/q_core/U0/i_synth/g_polyphase_interpolation_sym_ssr.i_polyphase_interpolation_sym_ssr/g_m_data_chan_fifo.i_m_data_chan_fifo/fifo0/fifo_2_reg[179]/CE","clk150","clk150","6.613","17","-0.007","0.035"
"clk150","-0.049","6.667","sfo/two_pass_transport/second_resampling/engine/core/stream/lane_phase_reg[0][3]/C","sfo/two_pass_transport/second_resampling/engine/core/fir15_interpolator/q_core/U0/i_synth/g_polyphase_interpolation_sym_ssr.i_polyphase_interpolation_sym_ssr/g_m_data_chan_fifo.i_m_data_chan_fifo/fifo0/fifo_2_reg[180]/CE","clk150","clk150","6.613","17","-0.007","0.035"
"clk150","-0.049","6.667","sfo/two_pass_transport/second_resampling/engine/core/stream/lane_phase_reg[0][3]/C","sfo/two_pass_transport/second_resampling/engine/core/fir15_interpolator/q_core/U0/i_synth/g_polyphase_interpolation_sym_ssr.i_polyphase_interpolation_sym_ssr/g_m_data_chan_fifo.i_m_data_chan_fifo/fifo0/fifo_2_reg[181]/CE","clk150","clk150","6.613","17","-0.007","0.035"
"clk500","-0.049","2.000","cfo/observation_front/fft_core/FSM_sequential_state_reg[1]_rep/C","cfo/observation_front/fft_core/add_i6_reg[28]/CE","clk500","clk500","1.946","1","-0.008","0.035"
"clk500","-0.049","2.000","cfo/observation_front/fft_core/FSM_sequential_state_reg[1]_rep/C","cfo/observation_front/fft_core/sub_i6_reg[28]/CE","clk500","clk500","1.946","1","-0.008","0.035"
"clk500","-0.049","2.000","cfo/observation_front/index_stage_reg[1]/C","cfo/observation_front/coefficient_address_reg_0_0/ENARDEN","clk500","clk500","1.683","4","0.011","0.035"
"clk500","-0.049","2.000","cfo/reset_fast/arststages_ff_reg[3]/C","cfo/observation_front/m_z_i_reg[16]/R","clk500","clk500","1.932","2","-0.008","0.035"
"clk500","-0.049","2.000","cfo/reset_fast/arststages_ff_reg[3]/C","cfo/observation_front/m_z_i_reg[17]/R","clk500","clk500","1.932","2","-0.008","0.035"
"clk500","-0.049","2.000","cfo/reset_fast/arststages_ff_reg[3]/C","cfo/observation_front/m_z_i_reg[18]/R","clk500","clk500","1.932","2","-0.008","0.035"
"clk500","-0.049","2.000","cfo/reset_fast/arststages_ff_reg[3]/C","cfo/observation_front/m_z_i_reg[19]/R","clk500","clk500","1.932","2","-0.008","0.035"
"clk150","-0.049","6.667","sfo/two_pass_transport/intermediate[0].intermediate_bank/write_gen_reg[17]/C","sfo/two_pass_transport/intermediate[0].intermediate_bank/memory/u_frame_memory/xpm_memory_base_inst/gen_wr_a.gen_word_narrow.mem_reg_uram_159/CAS_IN_BWE_B[8]","clk150","clk150","6.298","11","0.035","0.035"
"clk150","-0.049","6.667","sfo/two_pass_transport/intermediate[0].intermediate_bank/write_gen_reg[17]/C","sfo/two_pass_transport/intermediate[0].intermediate_bank/memory/u_frame_memory/xpm_memory_base_inst/gen_wr_a.gen_word_narrow.mem_reg_uram_159/CAS_IN_BWE_B[6]","clk150","clk150","6.367","11","0.035","0.035"
"clk150","-0.049","6.667","sfo/two_pass_transport/first_resampling/engine/core/stream/lane_phase_reg[15][7]/C","sfo/two_pass_transport/first_resampling/engine/core/stream/lane_phase_reg[14][1]/D","clk150","clk150","6.695","18","-0.007","0.035"
"clk150","-0.048","6.667","sfo/two_pass_transport/first_resampling/engine/core/stream/lane_phase_reg[5][20]/C","sfo/two_pass_transport/first_resampling/engine/core/stream/arithmetic/real_channel[11].u_real/pre_da/g18.u_add/U0/xst_addsub/i_baseblox.i_baseblox_addsub/no_pipelining.the_addsub/i_lut6.i_lut6_addsub/i_q.i_simple.qreg/i_no_async_controls.output_reg[10]/D","clk150","clk150","6.695","10","-0.010","0.035"
"clk150","-0.048","6.667","sfo/two_pass_transport/first_resampling/engine/core/stream/lane_phase_reg[15][7]/C","sfo/two_pass_transport/first_resampling/engine/core/stream/lane_phase_reg[14][25]/D","clk150","clk150","6.694","18","-0.008","0.035"
"clk500","-0.048","2.000","cfo/observation_front/m_frame_reg[11]/C","cfo/estimator/observation_fifo/gnuram_async_fifo.xpm_fifo_base_inst/gen_sdpram.xpm_memory_base_inst/gen_wr_a.gen_word_narrow.mem_reg_0_15_0_13/RAMC/I","clk500","clk500","1.972","5","0.015","0.035"
"clk500","-0.048","2.000","cfo/observation_front/fft_core/FSM_sequential_state_reg[0]/C","cfo/observation_front/fft_core/tag_reg[4][row_a][3]/CE","clk500","clk500","1.944","1","-0.008","0.035"
"clk500","-0.048","2.000","sfo/initial_estimator/owner/fft/u_xfft/U0/i_synth/xfft_inst/non_floating_point.arch_d.xfft_inst/pe_gen[0].natural_order_input.PE/has_addr_gen.tw_addr_gen/cnt/cnt_addsub/i_baseblox.i_baseblox_addsub/no_pipelining.the_addsub/i_lut6.i_lut6_addsub/i_q.i_simple.qreg/i_no_async_controls.output_reg[5]/C","sfo/initial_estimator/owner/fft/u_xfft/U0/i_synth/xfft_inst/non_floating_point.arch_d.xfft_inst/pe_gen[0].natural_order_input.PE/delay_addr_tw/no_sclr_lut.real_shift_ram.use_baseblock.use_hlutnm_srls.srl_loop[2].i_srl16e0/D","clk500","clk500","1.966","0","0.013","0.035"
"clk500","-0.048","2.000","sfo/residual_estimator/front_stage/main/service/u_xfft/U0/i_synth/xfft_inst/non_floating_point.arch_d.xfft_inst/has_overflow.natural_ovflo.DOUT_DONE_E_CNT/no_early_reg.I_TC_reg/C","sfo/residual_estimator/front_stage/main/service/u_xfft/U0/i_synth/xfft_inst/non_floating_point.arch_d.xfft_inst/pe_gen[0].natural_order_input.OVFLO_FIFO/rd_cnt_reg[1]/D","clk500","clk500","2.030","1","-0.008","0.035"
"clk150","-0.048","6.667","cfo/coarse_rotation/output4_reg[93]/C","cfo/coarse_banks[0].memory/u_frame_memory/xpm_memory_base_inst/gen_wr_a.gen_word_narrow.mem_reg_uram_129/CAS_IN_DIN_B[21]","clk150","clk150","6.410","7","0.035","0.035"
"clk150","-0.048","6.667","sfo/two_pass_transport/intermediate[0].intermediate_bank/write_gen_reg[17]/C","sfo/two_pass_transport/intermediate[0].intermediate_bank/memory/u_frame_memory/xpm_memory_base_inst/gen_wr_a.gen_word_narrow.mem_reg_uram_118/CAS_IN_BWE_B[1]","clk150","clk150","6.409","10","0.035","0.035"
"clk150","-0.048","6.667","poison_sync/syncstages_ff_reg[3]/C","cfo/coarse_banks[0].memory/u_frame_memory/xpm_memory_base_inst/gen_wr_a.gen_word_narrow.mem_reg_uram_160/CAS_IN_BWE_B[3]","clk150","clk150","6.373","11","0.035","0.035"
"clk150","-0.048","6.667","poison_sync/syncstages_ff_reg[3]/C","cfo/coarse_banks[1].memory/u_frame_memory/xpm_memory_base_inst/gen_wr_a.gen_word_narrow.mem_reg_uram_30/CAS_IN_BWE_B[7]","clk150","clk150","6.270","11","0.035","0.035"
"clk150","-0.048","6.667","poison_sync/syncstages_ff_reg[3]/C","cfo/coarse_banks[1].memory/u_frame_memory/xpm_memory_base_inst/gen_wr_a.gen_word_narrow.mem_reg_uram_71/CAS_IN_BWE_B[7]","clk150","clk150","6.270","12","0.035","0.035"
"clk150","-0.048","6.667","sfo/two_pass_transport/intermediate[0].intermediate_bank/issued_reg[0]/C","sfo/two_pass_transport/intermediate[0].intermediate_bank/memory/u_frame_memory/xpm_memory_base_inst/gen_wr_a.gen_word_narrow.mem_reg_uram_121/CAS_IN_ADDR_A[4]","clk150","clk150","6.205","9","0.034","0.035"
"clk150","-0.048","6.667","sfo/two_pass_transport/intermediate[0].intermediate_bank/write_gen_reg[17]/C","sfo/two_pass_transport/intermediate[0].intermediate_bank/memory/u_frame_memory/xpm_memory_base_inst/gen_wr_a.gen_word_narrow.mem_reg_uram_128/CAS_IN_BWE_B[6]","clk150","clk150","6.366","12","0.035","0.035"
"clk150","-0.048","6.667","sfo/two_pass_transport/first_resampling/engine/core/stream/lane_phase_reg[15][7]/C","sfo/two_pass_transport/first_resampling/engine/core/stream/lane_phase_reg[13][19]/D","clk150","clk150","6.694","18","-0.007","0.035"
"clk150","-0.047","6.667","sfo/two_pass_transport/second_resampling/engine/core/stream/lane_phase_reg[14][19]/C","sfo/two_pass_transport/second_resampling/engine/core/stream/arithmetic/real_channel[28].u_real/pre_da/g18.u_add/U0/xst_addsub/i_baseblox.i_baseblox_addsub/no_pipelining.the_addsub/i_lut6.i_lut6_addsub/i_q.i_simple.qreg/i_no_async_controls.output_reg[17]/D","clk150","clk150","6.694","8","-0.010","0.035"
"clk500","-0.047","2.000","sfo/residual_estimator/front_stage/main/service/u_egress_fifo/gnuram_async_fifo.xpm_fifo_base_inst/xpm_fifo_rst_inst/gen_rst_ic.wr_rst_busy_ic_reg/C","sfo/residual_estimator/front_stage/main/service/u_egress_fifo/gnuram_async_fifo.xpm_fifo_base_inst/wrp_inst/count_value_i_reg[1]/CE","clk500","clk500","1.942","3","-0.010","0.035"
"clk500","-0.047","2.000","sfo/residual_estimator/front_stage/main/service/u_egress_fifo/gnuram_async_fifo.xpm_fifo_base_inst/xpm_fifo_rst_inst/gen_rst_ic.wr_rst_busy_ic_reg/C","sfo/residual_estimator/front_stage/main/service/u_egress_fifo/gnuram_async_fifo.xpm_fifo_base_inst/wrp_inst/count_value_i_reg[2]/CE","clk500","clk500","1.942","3","-0.010","0.035"
"clk500","-0.047","2.000","sfo/residual_estimator/front_stage/main/service/u_egress_fifo/gnuram_async_fifo.xpm_fifo_base_inst/xpm_fifo_rst_inst/gen_rst_ic.wr_rst_busy_ic_reg/C","sfo/residual_estimator/front_stage/main/service/u_egress_fifo/gnuram_async_fifo.xpm_fifo_base_inst/wrp_inst/count_value_i_reg[3]/CE","clk500","clk500","1.942","3","-0.010","0.035"
"clk500","-0.047","2.000","sfo/residual_estimator/front_stage/main/service/u_egress_fifo/gnuram_async_fifo.xpm_fifo_base_inst/xpm_fifo_rst_inst/gen_rst_ic.wr_rst_busy_ic_reg/C","sfo/residual_estimator/front_stage/main/service/u_egress_fifo/gnuram_async_fifo.xpm_fifo_base_inst/wrp_inst/count_value_i_reg[4]/CE","clk500","clk500","1.942","3","-0.010","0.035"
"clk150","-0.047","6.667","sfo/two_pass_transport/first_resampling/engine/core/stream/lane_phase_reg[11][15]/C","sfo/two_pass_transport/first_resampling/engine/core/stream/arithmetic/real_channel[23].u_real/pre_da/g18.u_add/U0/xst_addsub/i_baseblox.i_baseblox_addsub/no_pipelining.the_addsub/i_lut6.i_lut6_addsub/i_q.i_simple.qreg/i_no_async_controls.output_reg[5]/D","clk150","clk150","6.694","10","-0.010","0.035"
"clk500","-0.047","2.000","sfo/residual_estimator/front_stage/main/service/u_xfft/U0/i_synth/xfft_inst/non_floating_point.arch_d.xfft_inst/reset_delays[1].other.reset_del_reg[1]/C","sfo/residual_estimator/front_stage/main/service/u_xfft/U0/i_synth/xfft_inst/non_floating_point.arch_d.xfft_inst/pe_gen[1].natural_order_input.PE/has_addr_gen.tw_addr_gen/cnt/cnt_addsub/i_baseblox.i_baseblox_addsub/no_pipelining.the_addsub/i_lut6.i_lut6_addsub/i_q.i_simple.qreg/i_no_async_controls.output_reg[10]/R","clk500","clk500","1.928","0","-0.010","0.035"
"clk500","-0.047","2.000","sfo/residual_estimator/front_stage/main/service/u_xfft/U0/i_synth/xfft_inst/non_floating_point.arch_d.xfft_inst/reset_delays[1].other.reset_del_reg[1]/C","sfo/residual_estimator/front_stage/main/service/u_xfft/U0/i_synth/xfft_inst/non_floating_point.arch_d.xfft_inst/pe_gen[1].natural_order_input.PE/has_addr_gen.tw_addr_gen/cnt/cnt_addsub/i_baseblox.i_baseblox_addsub/no_pipelining.the_addsub/i_lut6.i_lut6_addsub/i_q.i_simple.qreg/i_no_async_controls.output_reg[11]/R","clk500","clk500","1.928","0","-0.010","0.035"
"clk500","-0.047","2.000","sfo/residual_estimator/front_stage/main/service/u_xfft/U0/i_synth/xfft_inst/non_floating_point.arch_d.xfft_inst/reset_delays[1].other.reset_del_reg[1]/C","sfo/residual_estimator/front_stage/main/service/u_xfft/U0/i_synth/xfft_inst/non_floating_point.arch_d.xfft_inst/pe_gen[1].natural_order_input.PE/has_addr_gen.tw_addr_gen/cnt/cnt_addsub/i_baseblox.i_baseblox_addsub/no_pipelining.the_addsub/i_lut6.i_lut6_addsub/i_q.i_simple.qreg/i_no_async_controls.output_reg[8]/R","clk500","clk500","1.928","0","-0.010","0.035"
"clk500","-0.047","2.000","sfo/residual_estimator/front_stage/main/service/u_xfft/U0/i_synth/xfft_inst/non_floating_point.arch_d.xfft_inst/reset_delays[1].other.reset_del_reg[1]/C","sfo/residual_estimator/front_stage/main/service/u_xfft/U0/i_synth/xfft_inst/non_floating_point.arch_d.xfft_inst/pe_gen[1].natural_order_input.PE/has_addr_gen.tw_addr_gen/cnt/cnt_addsub/i_baseblox.i_baseblox_addsub/no_pipelining.the_addsub/i_lut6.i_lut6_addsub/i_q.i_simple.qreg/i_no_async_controls.output_reg[9]/R","clk500","clk500","1.928","0","-0.010","0.035"
"clk150","-0.047","6.667","cfo/coarse_rotation/output4_reg[88]/C","cfo/coarse_banks[0].memory/u_frame_memory/xpm_memory_base_inst/gen_wr_a.gen_word_narrow.mem_reg_uram_97/CAS_IN_DIN_B[16]","clk150","clk150","6.409","7","0.034","0.035"
"clk150","-0.047","6.667","cfo/coarse_rotation/output4_reg[44]/C","cfo/coarse_banks[1].memory/u_frame_memory/xpm_memory_base_inst/gen_wr_a.gen_word_narrow.mem_reg_uram_23/CAS_IN_DIN_B[44]","clk150","clk150","6.394","7","0.036","0.035"
"clk150","-0.047","6.667","sfo/two_pass_transport/intermediate[0].intermediate_bank/write_gen_reg[17]/C","sfo/two_pass_transport/intermediate[0].intermediate_bank/memory/u_frame_memory/xpm_memory_base_inst/gen_wr_a.gen_word_narrow.mem_reg_uram_136/CAS_IN_BWE_B[7]","clk150","clk150","6.269","12","0.035","0.035"
"clk150","-0.047","6.667","sfo/two_pass_transport/first_resampling/engine/core/stream/lane_phase_reg[15][7]/C","sfo/two_pass_transport/first_resampling/engine/core/stream/lane_phase_reg[10][29]/D","clk150","clk150","6.693","18","-0.007","0.035"
"clk150","-0.046","6.667","sfo/two_pass_transport/first_resampling/engine/core/stream/lane_phase_reg[15][7]/C","sfo/two_pass_transport/first_resampling/engine/core/stream/lane_phase_reg[5][6]/D","clk150","clk150","6.692","18","-0.008","0.035"
"clk150","-0.046","6.667","sfo/two_pass_transport/fault_125_to_150/syncstages_ff_reg[1]/C","sfo/two_pass_transport/intermediate[1].intermediate_bank/memory/u_frame_memory/xpm_memory_base_inst/gen_wr_a.gen_word_narrow.mem_reg_uram_152/CAS_IN_EN_B","clk150","clk150","6.435","13","0.036","0.035"
"clk150","-0.046","6.667","sfo/two_pass_transport/second_resampling/engine/core/stream/lane_phase_reg[0][3]/C","sfo/two_pass_transport/second_resampling/engine/core/stream/ring_reg[28][2]/CE","clk150","clk150","6.610","16","-0.008","0.035"
"clk500","-0.046","2.000","cfo/windows/sample_index_reg[8]/C","cfo/windows/packed_windows/fifo/gnuram_async_fifo.xpm_fifo_base_inst/rdpp1_inst/count_value_i_reg[10]/CE","clk500","clk500","1.943","4","-0.007","0.035"
"clk500","-0.046","2.000","cfo/windows/sample_index_reg[8]/C","cfo/windows/packed_windows/fifo/gnuram_async_fifo.xpm_fifo_base_inst/rdpp1_inst/count_value_i_reg[11]/CE","clk500","clk500","1.943","4","-0.007","0.035"
"clk500","-0.046","2.000","cfo/windows/sample_index_reg[8]/C","cfo/windows/packed_windows/fifo/gnuram_async_fifo.xpm_fifo_base_inst/rdpp1_inst/count_value_i_reg[9]/CE","clk500","clk500","1.943","4","-0.007","0.035"
"clk500","-0.046","2.000","sfo/residual_estimator/aux_service/u_xfft/U0/i_synth/xfft_inst/non_floating_point.arch_d.xfft_inst/timing_cnts_has_nfft.duplicate_regs[6].other.nfft_regs[0].nfft_regs_fde/C","sfo/residual_estimator/aux_service/u_xfft/U0/i_synth/xfft_inst/non_floating_point.arch_d.xfft_inst/has_bit_reverse.var_pt_size_muxed_addresses.left_shifter/r14.shifter/use_mux16.use_lut6.sixteen_to_one_mux[0].use_output_reg_and_pipe_reg.reg0/D","clk500","clk500","2.026","3","-0.010","0.035"
"clk500","-0.046","2.000","cfo/reset_fast/arststages_ff_reg[3]/C","cfo/observation_front/m_z_i_reg[20]/R","clk500","clk500","1.929","2","-0.008","0.035"
"clk500","-0.046","2.000","cfo/reset_fast/arststages_ff_reg[3]/C","cfo/observation_front/m_z_i_reg[21]/R","clk500","clk500","1.929","2","-0.008","0.035"
"clk500","-0.046","2.000","cfo/reset_fast/arststages_ff_reg[3]/C","cfo/observation_front/m_z_i_reg[22]/R","clk500","clk500","1.929","2","-0.008","0.035"
"clk500","-0.046","2.000","cfo/reset_fast/arststages_ff_reg[3]/C","cfo/observation_front/m_z_i_reg[23]/R","clk500","clk500","1.929","2","-0.008","0.035"
"clk500","-0.046","2.000","sfo/residual_estimator/aux_service/u_xfft/U0/i_synth/axi_wrapper/gen_has_nfft.nfft_we_int_reg/C","sfo/residual_estimator/aux_service/u_xfft/U0/i_synth/xfft_inst/non_floating_point.arch_d.xfft_inst/FLOW/reset_sustain.resets_4_pes[0].delay_reset_pe/count_addsub_reg[0].addsub_reg/R","clk500","clk500","1.929","1","-0.008","0.035"
"clk500","-0.046","2.000","sfo/residual_estimator/aux_service/u_xfft/U0/i_synth/axi_wrapper/gen_has_nfft.nfft_we_int_reg/C","sfo/residual_estimator/aux_service/u_xfft/U0/i_synth/xfft_inst/non_floating_point.arch_d.xfft_inst/FLOW/reset_sustain.resets_4_pes[0].delay_reset_pe/count_addsub_reg[1].addsub_reg/R","clk500","clk500","1.929","1","-0.008","0.035"
"clk500","-0.046","2.000","sfo/residual_estimator/aux_service/u_xfft/U0/i_synth/axi_wrapper/gen_has_nfft.nfft_we_int_reg/C","sfo/residual_estimator/aux_service/u_xfft/U0/i_synth/xfft_inst/non_floating_point.arch_d.xfft_inst/FLOW/reset_sustain.resets_4_pes[0].delay_reset_pe/count_addsub_reg[2].addsub_reg/R","clk500","clk500","1.929","1","-0.008","0.035"
"clk500","-0.046","2.000","sfo/residual_estimator/aux_service/u_xfft/U0/i_synth/axi_wrapper/gen_has_nfft.nfft_we_int_reg/C","sfo/residual_estimator/aux_service/u_xfft/U0/i_synth/xfft_inst/non_floating_point.arch_d.xfft_inst/FLOW/reset_sustain.resets_4_pes[0].delay_reset_pe/count_addsub_reg[3].addsub_reg/R","clk500","clk500","1.929","1","-0.008","0.035"
"clk150","-0.046","6.667","cfo/coarse_rotation/output4_reg[3]/C","cfo/coarse_banks[1].memory/u_frame_memory/xpm_memory_base_inst/gen_wr_a.gen_word_narrow.mem_reg_uram_71/CAS_IN_DIN_B[3]","clk150","clk150","6.427","7","0.035","0.035"
"clk150","-0.046","6.667","sfo/two_pass_transport/intermediate[0].intermediate_bank/write_gen_reg[17]/C","sfo/two_pass_transport/intermediate[0].intermediate_bank/memory/u_frame_memory/xpm_memory_base_inst/gen_wr_a.gen_word_narrow.mem_reg_uram_145/CAS_IN_BWE_B[5]","clk150","clk150","6.399","13","0.035","0.035"
"clk150","-0.045","6.667","sfo/two_pass_transport/first_resampling/engine/core/stream/lane_phase_reg[0][20]/C","sfo/two_pass_transport/first_resampling/engine/core/stream/arithmetic/real_channel[1].u_real/pre_da/g18.u_add/U0/xst_addsub/i_baseblox.i_baseblox_addsub/no_pipelining.the_addsub/i_lut6.i_lut6_addsub/i_q.i_simple.qreg/i_no_async_controls.output_reg[11]/D","clk150","clk150","6.689","10","-0.010","0.035"
"clk500","-0.045","2.000","sfo/residual_estimator/aux_service/u_xfft/U0/i_synth/axi_wrapper/gen_has_nfft.nfft_we_int_reg/C","sfo/residual_estimator/aux_service/u_xfft/U0/i_synth/xfft_inst/non_floating_point.arch_d.xfft_inst/FLOW/reset_sustain.resets_4_pes[0].delay_reset_pe/count_addsub_reg[4].addsub_reg/R","clk500","clk500","1.928","1","-0.008","0.035"
"clk150","-0.045","6.667","cfo/coarse_rotation/output4_reg[112]/C","cfo/coarse_banks[1].memory/u_frame_memory/xpm_memory_base_inst/gen_wr_a.gen_word_narrow.mem_reg_uram_161/CAS_IN_DIN_B[40]","clk150","clk150","6.418","7","0.036","0.035"
"clk150","-0.045","6.667","cfo/coarse_rotation/output4_reg[2]/C","cfo/coarse_banks[1].memory/u_frame_memory/xpm_memory_base_inst/gen_wr_a.gen_word_narrow.mem_reg_uram_7/CAS_IN_DIN_B[2]","clk150","clk150","6.435","7","0.035","0.035"
"clk150","-0.045","6.667","sfo/two_pass_transport/first_resampling/engine/core/stream/lane_phase_reg[15][7]/C","sfo/two_pass_transport/first_resampling/engine/core/stream/credit_used_reg[1]/D","clk150","clk150","6.691","19","-0.007","0.035"
"clk150","-0.044","6.667","cfo/coarse_banks[1].memory/u_frame_memory/xpm_memory_base_inst/gen_wr_a.gen_word_narrow.mem_reg_uram_0/CLK","cfo/coarse_banks[1].memory/u_frame_memory/xpm_memory_base_inst/gen_rd_b.gen_doutb_pipe.doutb_pipe_reg[0][48]/D","clk150","clk150","6.639","12","-0.062","0.035"
"clk500","-0.044","2.000","cfo/observation_front/m_generation_reg[0]/C","cfo/estimator/observation_fifo/gnuram_async_fifo.xpm_fifo_base_inst/gen_sdpram.xpm_memory_base_inst/gen_wr_a.gen_word_narrow.mem_reg_0_15_0_13/RAMD/I","clk500","clk500","1.965","5","0.014","0.035"
"clk500","-0.044","2.000","cfo/observation_front/fft_core/FSM_sequential_state_reg[0]/C","cfo/observation_front/fft_core/pi4_reg/DSP_A_B_DATA_INST/CEB1","clk500","clk500","1.869","1","0.014","0.035"
"clk150","-0.044","6.667","cfo/coarse_rotation/output4_reg[27]/C","cfo/coarse_banks[1].memory/u_frame_memory/xpm_memory_base_inst/gen_wr_a.gen_word_narrow.mem_reg_uram_79/CAS_IN_DIN_B[27]","clk150","clk150","6.409","7","0.035","0.035"
"clk150","-0.044","6.667","sfo/two_pass_transport/shared_raw.hub/raw_store/ram_ra_reg[11]/C","sfo/two_pass_transport/shared_raw.hub/raw_store/memory/u_frame_memory/xpm_memory_base_inst/gen_wr_a.gen_word_narrow.mem_reg_uram_111/CAS_IN_ADDR_A[11]","clk150","clk150","6.246","7","0.036","0.035"
"clk150","-0.044","6.667","sfo/two_pass_transport/intermediate[0].intermediate_bank/write_gen_reg[17]/C","sfo/two_pass_transport/intermediate[0].intermediate_bank/memory/u_frame_memory/xpm_memory_base_inst/gen_wr_a.gen_word_narrow.mem_reg_uram_89/CAS_IN_EN_B","clk150","clk150","6.422","13","0.035","0.035"
"clk150","-0.044","6.667","sfo/two_pass_transport/intermediate[0].intermediate_bank/write_gen_reg[17]/C","sfo/two_pass_transport/intermediate[0].intermediate_bank/memory/u_frame_memory/xpm_memory_base_inst/gen_wr_a.gen_word_narrow.mem_reg_uram_159/CAS_IN_BWE_B[4]","clk150","clk150","6.308","11","0.035","0.035"
"clk150","-0.043","6.667","sfo/two_pass_transport/first_resampling/engine/core/stream/lane_phase_reg[5][20]/C","sfo/two_pass_transport/first_resampling/engine/core/stream/arithmetic/real_channel[10].u_real/pre_ca/g18.u_add/U0/xst_addsub/i_baseblox.i_baseblox_addsub/no_pipelining.the_addsub/i_lut6.i_lut6_addsub/i_q.i_simple.qreg/i_no_async_controls.output_reg[10]/D","clk150","clk150","6.690","11","-0.010","0.035"
"clk150","-0.043","6.667","sfo/two_pass_transport/first_resampling/engine/core/stream/lane_phase_reg[15][7]/C","sfo/two_pass_transport/first_resampling/engine/core/stream/lane_phase_reg[2][6]/D","clk150","clk150","6.689","18","-0.008","0.035"
"clk150","-0.043","6.667","cfo/coarse_banks[1].memory/u_frame_memory/xpm_memory_base_inst/gen_wr_a.gen_word_narrow.mem_reg_uram_0/CLK","cfo/coarse_banks[1].memory/u_frame_memory/xpm_memory_base_inst/gen_rd_b.gen_doutb_pipe.doutb_pipe_reg[0][39]/D","clk150","clk150","6.637","13","-0.063","0.035"
"clk150","-0.043","6.667","sfo/two_pass_transport/first_resampling/engine/core/stream/lane_phase_reg[15][7]/C","sfo/two_pass_transport/first_resampling/engine/core/stream/lane_phase_reg[14][20]/D","clk150","clk150","6.689","18","-0.008","0.035"
"clk500","-0.043","2.000","cfo/observation_front/fft_core/FSM_sequential_state_reg[1]_rep/C","cfo/observation_front/fft_core/tag_reg[2][row_a][3]/CE","clk500","clk500","1.940","1","-0.007","0.035"
"clk500","-0.043","2.000","cfo/observation_front/fft_core/FSM_sequential_state_reg[1]_rep/C","cfo/observation_front/fft_core/tag_reg[3][bf][5]/CE","clk500","clk500","1.940","1","-0.007","0.035"
"clk500","-0.043","2.000","cfo/observation_front/fft_core/FSM_sequential_state_reg[1]_rep/C","cfo/observation_front/fft_core/tag_reg[3][row_a][1]/CE","clk500","clk500","1.940","1","-0.007","0.035"
"clk500","-0.043","2.000","sfo/residual_estimator/aux_service/u_xfft/U0/i_synth/xfft_inst/non_floating_point.arch_d.xfft_inst/timing_cnts_has_nfft.run_time_sel_reg[4]/C","sfo/residual_estimator/aux_service/u_xfft/U0/i_synth/xfft_inst/non_floating_point.arch_d.xfft_inst/pe_gen[3].natural_order_input.PE/bypass_muxes.din_re_mux_gen[4].reg/D","clk500","clk500","2.024","1","-0.009","0.035"
"clk500","-0.043","2.000","cfo/reset_fast/arststages_ff_reg[3]/C","cfo/observation_front/m_pilot_count_reg[5]/R","clk500","clk500","1.926","2","-0.008","0.035"
"clk150","-0.043","6.667","sfo/two_pass_transport/first_resampling/engine/core/stream/lane_phase_reg[5][20]/C","sfo/two_pass_transport/first_resampling/engine/core/stream/arithmetic/real_channel[11].u_real/pre_ca/g18.u_add/U0/xst_addsub/i_baseblox.i_baseblox_addsub/no_pipelining.the_addsub/i_lut6.i_lut6_addsub/i_q.i_simple.qreg/i_no_async_controls.output_reg[1]/D","clk150","clk150","6.690","9","-0.010","0.035"
"clk150","-0.043","6.667","sfo/two_pass_transport/intermediate[0].intermediate_bank/write_next_reg[10]/C","sfo/two_pass_transport/intermediate[0].intermediate_bank/memory/u_frame_memory/xpm_memory_base_inst/gen_wr_a.gen_word_narrow.mem_reg_uram_121/CAS_IN_ADDR_B[10]","clk150","clk150","6.383","7","0.035","0.035"
"clk150","-0.043","6.667","sfo/two_pass_transport/first_resampling/engine/core/stream/lane_phase_reg[15][7]/C","sfo/two_pass_transport/first_resampling/engine/core/stream/lane_phase_reg[2][25]/D","clk150","clk150","6.689","18","-0.007","0.035"
"clk150","-0.042","6.667","sfo/two_pass_transport/first_resampling/engine/core/stream/lane_phase_reg[11][15]/C","sfo/two_pass_transport/first_resampling/engine/core/stream/arithmetic/real_channel[22].u_real/pre_ca/g18.u_add/U0/xst_addsub/i_baseblox.i_baseblox_addsub/no_pipelining.the_addsub/i_lut6.i_lut6_addsub/i_q.i_simple.qreg/i_no_async_controls.output_reg[16]/D","clk150","clk150","6.690","10","-0.009","0.035"
"clk150","-0.042","6.667","sfo/two_pass_transport/first_resampling/engine/core/stream/lane_phase_reg[15][7]/C","sfo/two_pass_transport/first_resampling/engine/core/stream/lane_phase_reg[14][5]/D","clk150","clk150","6.688","18","-0.008","0.035"
"clk500","-0.042","2.000","sfo/initial_estimator/owner/fft/u_xfft/U0/i_synth/xfft_inst/non_floating_point.arch_d.xfft_inst/pe_gen[0].natural_order_input.PE/has_addr_gen.tw_addr_gen/cnt/cnt_addsub/i_baseblox.i_baseblox_addsub/no_pipelining.the_addsub/i_lut6.i_lut6_addsub/i_q.i_simple.qreg/i_no_async_controls.output_reg[3]/C","sfo/initial_estimator/owner/fft/u_xfft/U0/i_synth/xfft_inst/non_floating_point.arch_d.xfft_inst/pe_gen[0].natural_order_input.PE/delay_addr_tw/no_sclr_lut.real_shift_ram.use_baseblock.use_hlutnm_srls.srl_loop[1].i_srl16e0/D","clk500","clk500","1.959","0","0.013","0.035"
"clk500","-0.042","2.000","sfo/residual_estimator/aux_service/u_xfft/U0/i_synth/xfft_inst/non_floating_point.arch_d.xfft_inst/FLOW/has_nfft._nfft_value.NFFT_int_tmp_reg[2]/C","sfo/residual_estimator/aux_service/u_xfft/U0/i_synth/xfft_inst/non_floating_point.arch_d.xfft_inst/FLOW/has_nfft.counter_limit_early_reg[8].max_n_int_minus_one_ff/D","clk500","clk500","2.024","1","-0.008","0.035"
"clk500","-0.042","2.000","sfo/residual_estimator/aux_service/u_xfft/U0/i_synth/xfft_inst/non_floating_point.arch_d.xfft_inst/timing_cnts_has_nfft.duplicate_regs[6].other.nfft_regs[0].nfft_regs_fde/C","sfo/residual_estimator/aux_service/u_xfft/U0/i_synth/xfft_inst/non_floating_point.arch_d.xfft_inst/has_bit_reverse.var_pt_size_muxed_addresses.left_shifter/r14.shifter/use_mux16.use_lut6.sixteen_to_one_mux[8].use_output_reg_and_pipe_reg.reg0/D","clk500","clk500","2.022","3","-0.010","0.035"
"clk500","-0.042","2.000","sfo/residual_estimator/aux_service/u_xfft/U0/i_synth/xfft_inst/non_floating_point.arch_d.xfft_inst/reset_delays[3].other.reset_del_reg[3]/C","sfo/residual_estimator/aux_service/u_xfft/U0/i_synth/xfft_inst/non_floating_point.arch_d.xfft_inst/pe_gen[3].natural_order_input.PE/has_addr_gen.bf2_addr_gen/cnt/cnt_addsub/i_baseblox.i_baseblox_addsub/no_pipelining.the_addsub/i_lut6.i_lut6_addsub/i_q.i_simple.qreg/i_no_async_controls.output_reg[10]/R","clk500","clk500","1.923","0","-0.010","0.035"
"clk500","-0.042","2.000","sfo/residual_estimator/aux_service/u_xfft/U0/i_synth/xfft_inst/non_floating_point.arch_d.xfft_inst/reset_delays[3].other.reset_del_reg[3]/C","sfo/residual_estimator/aux_service/u_xfft/U0/i_synth/xfft_inst/non_floating_point.arch_d.xfft_inst/pe_gen[3].natural_order_input.PE/has_addr_gen.bf2_addr_gen/cnt/cnt_addsub/i_baseblox.i_baseblox_addsub/no_pipelining.the_addsub/i_lut6.i_lut6_addsub/i_q.i_simple.qreg/i_no_async_controls.output_reg[11]/R","clk500","clk500","1.923","0","-0.010","0.035"
"clk500","-0.042","2.000","sfo/residual_estimator/aux_service/u_xfft/U0/i_synth/xfft_inst/non_floating_point.arch_d.xfft_inst/reset_delays[3].other.reset_del_reg[3]/C","sfo/residual_estimator/aux_service/u_xfft/U0/i_synth/xfft_inst/non_floating_point.arch_d.xfft_inst/pe_gen[3].natural_order_input.PE/has_addr_gen.bf2_addr_gen/cnt/cnt_addsub/i_baseblox.i_baseblox_addsub/no_pipelining.the_addsub/i_lut6.i_lut6_addsub/i_q.i_simple.qreg/i_no_async_controls.output_reg[8]/R","clk500","clk500","1.923","0","-0.010","0.035"
"clk500","-0.042","2.000","sfo/residual_estimator/aux_service/u_xfft/U0/i_synth/xfft_inst/non_floating_point.arch_d.xfft_inst/reset_delays[3].other.reset_del_reg[3]/C","sfo/residual_estimator/aux_service/u_xfft/U0/i_synth/xfft_inst/non_floating_point.arch_d.xfft_inst/pe_gen[3].natural_order_input.PE/has_addr_gen.bf2_addr_gen/cnt/cnt_addsub/i_baseblox.i_baseblox_addsub/no_pipelining.the_addsub/i_lut6.i_lut6_addsub/i_q.i_simple.qreg/i_no_async_controls.output_reg[9]/R","clk500","clk500","1.923","0","-0.010","0.035"
"clk150","-0.042","6.667","cfo/coarse_rotation/output4_reg[30]/C","cfo/coarse_banks[0].memory/u_frame_memory/xpm_memory_base_inst/gen_wr_a.gen_word_narrow.mem_reg_uram_23/CAS_IN_DIN_B[30]","clk150","clk150","6.429","7","0.035","0.035"
"clk150","-0.042","6.667","cfo/coarse_rotation/output4_reg[36]/C","cfo/coarse_banks[1].memory/u_frame_memory/xpm_memory_base_inst/gen_wr_a.gen_word_narrow.mem_reg_uram_15/CAS_IN_DIN_B[36]","clk150","clk150","6.427","7","0.034","0.035"
"clk150","-0.042","6.667","poison_sync/syncstages_ff_reg[3]/C","cfo/coarse_banks[1].memory/u_frame_memory/xpm_memory_base_inst/gen_wr_a.gen_word_narrow.mem_reg_uram_161/CAS_IN_BWE_B[6]","clk150","clk150","6.360","12","0.035","0.035"
"clk150","-0.041","6.667","sfo/two_pass_transport/first_resampling/engine/core/stream/lane_phase_reg[11][15]/C","sfo/two_pass_transport/first_resampling/engine/core/stream/arithmetic/real_channel[22].u_real/pre_ca/g18.u_add/U0/xst_addsub/i_baseblox.i_baseblox_addsub/no_pipelining.the_addsub/i_lut6.i_lut6_addsub/i_q.i_simple.qreg/i_no_async_controls.output_reg[14]/D","clk150","clk150","6.689","10","-0.009","0.035"
"clk150","-0.041","6.667","sfo/two_pass_transport/second_resampling/engine/core/stream/lane_phase_reg[0][3]/C","sfo/two_pass_transport/second_resampling/engine/core/stream/ring_reg[28][3]/CE","clk150","clk150","6.605","16","-0.007","0.035"
"clk500","-0.041","2.000","sfo/residual_estimator/aux_service/u_xfft/U0/i_synth/xfft_inst/non_floating_point.arch_d.xfft_inst/reset_delays[3].other.reset_del_reg[3]/C","sfo/residual_estimator/aux_service/u_xfft/U0/i_synth/xfft_inst/non_floating_point.arch_d.xfft_inst/pe_gen[3].natural_order_input.PE/has_addr_gen.bf2_addr_gen/cnt/cnt_addsub/i_baseblox.i_baseblox_addsub/no_pipelining.the_addsub/i_lut6.i_lut6_addsub/i_q.i_simple.qreg/i_no_async_controls.output_reg[12]/R","clk500","clk500","1.922","0","-0.010","0.035"
"clk500","-0.041","2.000","sfo/residual_estimator/aux_service/u_xfft/U0/i_synth/xfft_inst/non_floating_point.arch_d.xfft_inst/reset_delays[3].other.reset_del_reg[3]/C","sfo/residual_estimator/aux_service/u_xfft/U0/i_synth/xfft_inst/non_floating_point.arch_d.xfft_inst/pe_gen[3].natural_order_input.PE/has_addr_gen.bf2_addr_gen/cnt/cnt_addsub/i_baseblox.i_baseblox_addsub/no_pipelining.the_addsub/i_lut6.i_lut6_addsub/i_q.i_simple.qreg/i_no_async_controls.output_reg[13]/R","clk500","clk500","1.922","0","-0.010","0.035"
"clk500","-0.041","2.000","sfo/residual_estimator/aux_service/u_xfft/U0/i_synth/xfft_inst/non_floating_point.arch_d.xfft_inst/reset_delays[3].other.reset_del_reg[3]/C","sfo/residual_estimator/aux_service/u_xfft/U0/i_synth/xfft_inst/non_floating_point.arch_d.xfft_inst/pe_gen[3].natural_order_input.PE/has_addr_gen.bf2_addr_gen/cnt/cnt_addsub/i_baseblox.i_baseblox_addsub/no_pipelining.the_addsub/i_lut6.i_lut6_addsub/i_q.i_simple.qreg/i_no_async_controls.output_reg[14]/R","clk500","clk500","1.922","0","-0.010","0.035"
"clk500","-0.041","2.000","cfo/observation_front/fft_core/FSM_sequential_state_reg[0]/C","cfo/observation_front/fft_core/tag_reg[4][row_a][5]/CE","clk500","clk500","1.937","1","-0.008","0.035"
"clk150","-0.041","6.667","sfo/two_pass_transport/shared_raw.hub/raw_store/ram_ra_reg[0]/C","sfo/two_pass_transport/shared_raw.hub/raw_store/memory/u_frame_memory/xpm_memory_base_inst/gen_wr_a.gen_word_narrow.mem_reg_uram_167/CAS_IN_ADDR_A[0]","clk150","clk150","6.199","7","0.034","0.035"
"clk150","-0.041","6.667","sfo/two_pass_transport/intermediate[0].intermediate_bank/issued_reg[0]/C","sfo/two_pass_transport/intermediate[0].intermediate_bank/memory/u_frame_memory/xpm_memory_base_inst/gen_wr_a.gen_word_narrow.mem_reg_uram_121/CAS_IN_ADDR_A[2]","clk150","clk150","6.179","9","0.034","0.035"
"clk150","-0.041","6.667","sfo/two_pass_transport/shared_raw.hub/raw_store/ram_ra_reg[12]/C","sfo/two_pass_transport/shared_raw.hub/raw_store/memory/u_frame_memory/xpm_memory_base_inst/gen_wr_a.gen_word_narrow.mem_reg_uram_151/CAS_IN_ADDR_A[12]","clk150","clk150","6.195","7","0.035","0.035"
"clk150","-0.040","6.667","sfo/two_pass_transport/first_resampling/engine/core/stream/lane_phase_reg[5][20]/C","sfo/two_pass_transport/first_resampling/engine/core/stream/arithmetic/real_channel[11].u_real/pre_da/g18.u_add/U0/xst_addsub/i_baseblox.i_baseblox_addsub/no_pipelining.the_addsub/i_lut6.i_lut6_addsub/i_q.i_simple.qreg/i_no_async_controls.output_reg[11]/D","clk150","clk150","6.687","10","-0.010","0.035"
"clk150","-0.040","6.667","sfo/two_pass_transport/first_resampling/engine/core/stream/lane_phase_reg[15][7]/C","sfo/two_pass_transport/first_resampling/engine/core/stream/lane_phase_reg[1][1]/D","clk150","clk150","6.686","18","-0.008","0.035"
"clk500","-0.040","2.000","cfo/observation_front/fft_core/FSM_sequential_state_reg[0]/C","cfo/observation_front/fft_core/ai5_reg[5]/CE","clk500","clk500","1.936","1","-0.009","0.035"
"clk500","-0.040","2.000","cfo/observation_front/fft_core/FSM_sequential_state_reg[0]/C","cfo/observation_front/fft_core/ar4_reg[1]/CE","clk500","clk500","1.936","1","-0.009","0.035"
"clk500","-0.040","2.000","sfo/residual_estimator/aux_service/u_egress_fifo/gnuram_async_fifo.xpm_fifo_base_inst/xpm_fifo_rst_inst/gen_rst_ic.wr_rst_busy_ic_reg/C","sfo/residual_estimator/aux_service/u_egress_fifo/gnuram_async_fifo.xpm_fifo_base_inst/gen_sdpram.xpm_memory_base_inst/gen_wr_a.gen_word_narrow.mem_reg_bram_3/ENARDEN","clk500","clk500","1.674","3","0.011","0.035"
"clk150","-0.040","6.667","sfo/two_pass_transport/second_resampling/engine/pack/m_data_reg[24]/C","sfo/two_pass_transport/output_buffer/storage/u_frame_memory/xpm_memory_base_inst/gen_wr_a.gen_word_narrow.mem_reg_bram_29/DINADIN[24]","clk150","clk150","6.416","0","0.009","0.035"
"clk150","-0.040","6.667","sfo/two_pass_transport/second_resampling/engine/core/stream/lane_phase_reg[0][3]/C","sfo/two_pass_transport/second_resampling/engine/core/stream/ring_reg[31][4]/CE","clk150","clk150","6.604","16","-0.007","0.035"
"clk150","-0.040","6.667","sfo/two_pass_transport/intermediate[0].intermediate_bank/write_gen_reg[17]/C","sfo/two_pass_transport/intermediate[0].intermediate_bank/memory/u_frame_memory/xpm_memory_base_inst/gen_wr_a.gen_word_narrow.mem_reg_uram_94/CAS_IN_BWE_B[0]","clk150","clk150","6.395","10","0.035","0.035"
"clk150","-0.039","6.667","sfo/two_pass_transport/first_resampling/engine/core/stream/lane_phase_reg[0][20]/C","sfo/two_pass_transport/first_resampling/engine/core/stream/arithmetic/real_channel[0].u_real/pre_ab2/g18.u_add/U0/xst_addsub/i_baseblox.i_baseblox_addsub/no_pipelining.the_addsub/i_lut6.i_lut6_addsub/i_q.i_simple.qreg/i_no_async_controls.output_reg[9]/D","clk150","clk150","6.683","9","-0.010","0.035"
"clk500","-0.039","2.000","sfo/residual_estimator/aux_service/u_xfft/U0/i_synth/xfft_inst/non_floating_point.arch_d.xfft_inst/timing_cnts_has_nfft.run_time_sel_reg[4]/C","sfo/residual_estimator/aux_service/u_xfft/U0/i_synth/xfft_inst/non_floating_point.arch_d.xfft_inst/pe_gen[3].natural_order_input.PE/bypass_muxes.din_re_mux_gen[13].reg/D","clk500","clk500","2.019","1","-0.010","0.035"
"clk500","-0.039","2.000","cfo/windows/packed_windows/fifo/gnuram_async_fifo.xpm_fifo_base_inst/rdp_inst/count_value_i_reg[9]/C","cfo/windows/packed_windows/fifo/gnuram_async_fifo.xpm_fifo_base_inst/gen_sdpram.xpm_memory_base_inst/gen_wr_a.gen_word_narrow.mem_reg_bram_3/ADDRBWRADDR[14]","clk500","clk500","1.685","0","0.010","0.035"
"clk150","-0.039","6.667","sfo/two_pass_transport/first_resampling/engine/core/stream/lane_phase_reg[11][15]/C","sfo/two_pass_transport/first_resampling/engine/core/stream/arithmetic/real_channel[22].u_real/pre_da/g18.u_add/U0/xst_addsub/i_baseblox.i_baseblox_addsub/no_pipelining.the_addsub/i_lut6.i_lut6_addsub/i_q.i_simple.qreg/i_no_async_controls.output_reg[5]/D","clk150","clk150","6.686","9","-0.010","0.035"
"clk150","-0.039","6.667","sfo/two_pass_transport/shared_raw.hub/raw_store/ram_ra_reg[15]/C","sfo/two_pass_transport/shared_raw.hub/raw_store/memory/u_frame_memory/xpm_memory_base_inst/gen_wr_a.gen_word_narrow.mem_reg_uram_127/CAS_IN_ADDR_A[15]","clk150","clk150","6.183","7","0.036","0.035"
"clk150","-0.039","6.667","cfo/coarse_rotation/output4_reg[50]/C","cfo/coarse_banks[1].memory/u_frame_memory/xpm_memory_base_inst/gen_wr_a.gen_word_narrow.mem_reg_uram_47/CAS_IN_DIN_B[50]","clk150","clk150","6.366","7","0.035","0.035"
"clk150","-0.039","6.667","sfo/two_pass_transport/shared_raw.hub/raw_store/rv_reg[0]/C","sfo/two_pass_transport/shared_raw.hub/raw_store/memory/u_frame_memory/xpm_memory_base_inst/gen_wr_a.gen_word_narrow.mem_reg_uram_166/CAS_IN_EN_A","clk150","clk150","6.265","6","0.034","0.035"
"clk150","-0.039","6.667","sfo/two_pass_transport/shared_raw.hub/raw_store/ram_ra_reg[14]/C","sfo/two_pass_transport/shared_raw.hub/raw_store/memory/u_frame_memory/xpm_memory_base_inst/gen_wr_a.gen_word_narrow.mem_reg_uram_39/CAS_IN_ADDR_A[14]","clk150","clk150","6.188","7","0.034","0.035"
"clk150","-0.039","6.667","sfo/two_pass_transport/first_resampling/engine/core/stream/lane_phase_reg[15][7]/C","sfo/two_pass_transport/first_resampling/engine/core/stream/lane_phase_reg[1][13]/D","clk150","clk150","6.685","18","-0.007","0.035"
"clk150","-0.038","6.667","sfo/two_pass_transport/shared_raw.hub/raw_store/ram_wa_reg[0]/C","sfo/two_pass_transport/shared_raw.hub/raw_store/memory/u_frame_memory/xpm_memory_base_inst/gen_wr_a.gen_word_narrow.mem_reg_uram_183/CAS_IN_ADDR_B[0]","clk150","clk150","6.399","7","0.036","0.035"
"clk150","-0.038","6.667","sfo/two_pass_transport/second_resampling/engine/core/stream/lane_phase_reg[14][19]/C","sfo/two_pass_transport/second_resampling/engine/core/stream/arithmetic/real_channel[28].u_real/pre_ca/g18.u_add/U0/xst_addsub/i_baseblox.i_baseblox_addsub/no_pipelining.the_addsub/i_lut6.i_lut6_addsub/i_q.i_simple.qreg/i_no_async_controls.output_reg[17]/D","clk150","clk150","6.685","8","-0.010","0.035"
"clk150","-0.038","6.667","sfo/two_pass_transport/output_buffer/wp_reg[2]/C","sfo/two_pass_transport/output_buffer/storage/u_frame_memory/xpm_memory_base_inst/gen_wr_a.gen_word_narrow.mem_reg_bram_165/ADDRARDADDR[7]","clk150","clk150","6.414","0","0.011","0.035"
"clk150","-0.038","6.667","sfo/two_pass_transport/output_buffer/wp_reg[2]/C","sfo/two_pass_transport/output_buffer/storage/u_frame_memory/xpm_memory_base_inst/gen_wr_a.gen_word_narrow.mem_reg_bram_167/ADDRARDADDR[7]","clk150","clk150","6.414","0","0.011","0.035"
"clk150","-0.038","6.667","sfo/two_pass_transport/first_resampling/engine/core/stream/lane_phase_reg[15][7]/C","sfo/two_pass_transport/first_resampling/engine/core/stream/lane_phase_reg[2][5]/D","clk150","clk150","6.684","18","-0.008","0.035"
"clk150","-0.038","6.667","sfo/two_pass_transport/second_resampling/engine/core/stream/lane_phase_reg[0][3]/C","sfo/two_pass_transport/second_resampling/engine/core/fir15_interpolator/m_axis_data_tdata_reg[113]/CE","clk150","clk150","6.602","16","-0.007","0.035"
"clk150","-0.038","6.667","sfo/two_pass_transport/second_resampling/engine/core/stream/lane_phase_reg[0][3]/C","sfo/two_pass_transport/second_resampling/engine/core/fir15_interpolator/m_axis_data_tdata_reg[115]/CE","clk150","clk150","6.602","16","-0.007","0.035"
"clk150","-0.038","6.667","sfo/two_pass_transport/second_resampling/engine/core/stream/lane_phase_reg[0][3]/C","sfo/two_pass_transport/second_resampling/engine/core/fir15_interpolator/m_axis_data_tdata_reg[185]/CE","clk150","clk150","6.602","16","-0.007","0.035"
"clk150","-0.038","6.667","sfo/two_pass_transport/second_resampling/engine/core/stream/lane_phase_reg[0][3]/C","sfo/two_pass_transport/second_resampling/engine/core/fir15_interpolator/m_axis_data_tdata_reg[476]/CE","clk150","clk150","6.602","16","-0.007","0.035"
"clk500","-0.038","2.000","cfo/reset_fast/arststages_ff_reg[3]/C","cfo/observation_front/fft_core/tag_reg[2][row_b][9]/R","clk500","clk500","1.920","0","-0.009","0.035"
"clk500","-0.038","2.000","cfo/reset_fast/arststages_ff_reg[3]/C","cfo/observation_front/fft_core/tag_reg[3][row_b][9]/R","clk500","clk500","1.920","0","-0.009","0.035"
"clk500","-0.038","2.000","cfo/observation_front/fft_core/FSM_sequential_state_reg[0]/C","cfo/observation_front/fft_core/tag_reg[4][row_b][0]/CE","clk500","clk500","1.934","1","-0.009","0.035"
"clk500","-0.038","2.000","cfo/estimator/observation_fifo/gnuram_async_fifo.xpm_fifo_base_inst/xpm_fifo_rst_inst/gen_rst_ic.wr_rst_busy_ic_reg/C","cfo/observation_front/sum_i_reg[0]/R","clk500","clk500","1.919","4","-0.010","0.035"
"clk500","-0.038","2.000","cfo/estimator/observation_fifo/gnuram_async_fifo.xpm_fifo_base_inst/xpm_fifo_rst_inst/gen_rst_ic.wr_rst_busy_ic_reg/C","cfo/observation_front/sum_i_reg[1]/R","clk500","clk500","1.919","4","-0.010","0.035"
"clk500","-0.038","2.000","cfo/estimator/observation_fifo/gnuram_async_fifo.xpm_fifo_base_inst/xpm_fifo_rst_inst/gen_rst_ic.wr_rst_busy_ic_reg/C","cfo/observation_front/sum_i_reg[2]/R","clk500","clk500","1.919","4","-0.010","0.035"
"clk500","-0.038","2.000","cfo/estimator/observation_fifo/gnuram_async_fifo.xpm_fifo_base_inst/xpm_fifo_rst_inst/gen_rst_ic.wr_rst_busy_ic_reg/C","cfo/observation_front/sum_i_reg[3]/R","clk500","clk500","1.919","4","-0.010","0.035"
"clk500","-0.038","2.000","cfo/windows/sample_index_reg[3]/C","cfo/windows/output_record_reg[53]/CE","clk500","clk500","1.935","3","-0.008","0.035"
"clk500","-0.038","2.000","cfo/reset_fast/arststages_ff_reg[3]/C","cfo/observation_front/m_pilot_count_reg[0]/R","clk500","clk500","1.921","2","-0.008","0.035"
"clk500","-0.038","2.000","cfo/reset_fast/arststages_ff_reg[3]/C","cfo/observation_front/m_pilot_count_reg[1]/R","clk500","clk500","1.921","2","-0.008","0.035"
"clk500","-0.038","2.000","cfo/reset_fast/arststages_ff_reg[3]/C","cfo/observation_front/m_pilot_count_reg[2]/R","clk500","clk500","1.921","2","-0.008","0.035"
"clk500","-0.038","2.000","cfo/reset_fast/arststages_ff_reg[3]/C","cfo/observation_front/m_pilot_count_reg[4]/R","clk500","clk500","1.921","2","-0.008","0.035"
"clk500","-0.038","2.000","cfo/reset_fast/arststages_ff_reg[3]/C","cfo/observation_front/m_pilot_count_reg[6]/R","clk500","clk500","1.921","2","-0.008","0.035"
"clk500","-0.038","2.000","cfo/reset_fast/arststages_ff_reg[3]/C","cfo/observation_front/m_pilot_count_reg[7]/R","clk500","clk500","1.921","2","-0.008","0.035"
"clk500","-0.038","2.000","cfo/reset_fast/arststages_ff_reg[3]/C","cfo/observation_front/m_pilot_count_reg[8]/R","clk500","clk500","1.921","2","-0.008","0.035"
"clk500","-0.038","2.000","cfo/reset_fast/arststages_ff_reg[3]/C","cfo/observation_front/m_pilot_count_reg[9]/R","clk500","clk500","1.921","2","-0.008","0.035"
"clk150","-0.038","6.667","sfo/two_pass_transport/intermediate[0].intermediate_bank/write_next_reg[7]/C","sfo/two_pass_transport/intermediate[0].intermediate_bank/memory/u_frame_memory/xpm_memory_base_inst/gen_wr_a.gen_word_narrow.mem_reg_uram_121/CAS_IN_ADDR_B[7]","clk150","clk150","6.383","7","0.035","0.035"
"clk150","-0.037","6.667","sfo/two_pass_transport/first_resampling/engine/core/stream/lane_phase_reg[15][7]/C","sfo/two_pass_transport/first_resampling/engine/core/stream/lane_phase_reg[13][12]/CE","clk150","clk150","6.598","18","-0.008","0.035"
"clk150","-0.037","6.667","sfo/two_pass_transport/first_resampling/engine/core/stream/lane_phase_reg[15][7]/C","sfo/two_pass_transport/first_resampling/engine/core/stream/lane_phase_reg[13][13]/CE","clk150","clk150","6.598","18","-0.008","0.035"
"clk150","-0.037","6.667","sfo/two_pass_transport/first_resampling/engine/core/stream/lane_phase_reg[15][7]/C","sfo/two_pass_transport/first_resampling/engine/core/stream/lane_phase_reg[13][15]/CE","clk150","clk150","6.598","18","-0.008","0.035"
"clk150","-0.037","6.667","sfo/two_pass_transport/first_resampling/engine/core/stream/lane_phase_reg[15][7]/C","sfo/two_pass_transport/first_resampling/engine/core/stream/lane_phase_reg[13][17]/CE","clk150","clk150","6.598","18","-0.008","0.035"
"clk150","-0.037","6.667","sfo/two_pass_transport/first_resampling/engine/core/stream/lane_phase_reg[15][7]/C","sfo/two_pass_transport/first_resampling/engine/core/stream/lane_phase_reg[5][2]/CE","clk150","clk150","6.598","18","-0.008","0.035"
"clk500","-0.037","2.000","sfo/residual_estimator/front_stage/main/service/u_xfft/U0/i_synth/xfft_inst/non_floating_point.arch_d.xfft_inst/has_overflow.natural_ovflo.DOUT_DONE_E_CNT/no_early_reg.I_TC_reg/C","sfo/residual_estimator/front_stage/main/service/u_xfft/U0/i_synth/xfft_inst/non_floating_point.arch_d.xfft_inst/pe_gen[3].natural_order_input.OVFLO_FIFO/rd_cnt_reg[0]/CE","clk500","clk500","1.934","1","-0.009","0.035"
"clk500","-0.037","2.000","sfo/residual_estimator/front_stage/main/service/u_xfft/U0/i_synth/xfft_inst/non_floating_point.arch_d.xfft_inst/has_overflow.natural_ovflo.DOUT_DONE_E_CNT/no_early_reg.I_TC_reg/C","sfo/residual_estimator/front_stage/main/service/u_xfft/U0/i_synth/xfft_inst/non_floating_point.arch_d.xfft_inst/pe_gen[3].natural_order_input.OVFLO_FIFO/rd_cnt_reg[1]/CE","clk500","clk500","1.933","1","-0.009","0.035"
"clk500","-0.037","2.000","sfo/residual_estimator/front_stage/main/service/u_xfft/U0/i_synth/xfft_inst/non_floating_point.arch_d.xfft_inst/has_overflow.natural_ovflo.DOUT_DONE_E_CNT/no_early_reg.I_TC_reg/C","sfo/residual_estimator/front_stage/main/service/u_xfft/U0/i_synth/xfft_inst/non_floating_point.arch_d.xfft_inst/pe_gen[3].natural_order_input.OVFLO_FIFO/rd_cnt_reg[2]/CE","clk500","clk500","1.934","1","-0.009","0.035"
"clk500","-0.037","2.000","sfo/residual_estimator/front_stage/main/service/u_xfft/U0/i_synth/xfft_inst/non_floating_point.arch_d.xfft_inst/has_overflow.natural_ovflo.DOUT_DONE_E_CNT/no_early_reg.I_TC_reg/C","sfo/residual_estimator/front_stage/main/service/u_xfft/U0/i_synth/xfft_inst/non_floating_point.arch_d.xfft_inst/pe_gen[3].natural_order_input.OVFLO_FIFO/rd_cnt_reg[3]/CE","clk500","clk500","1.933","1","-0.009","0.035"
"clk150","-0.037","6.667","sfo/two_pass_transport/second_resampling/engine/core/stream/lane_phase_reg[0][3]/C","sfo/two_pass_transport/second_resampling/engine/core/fir15_interpolator/m_axis_data_tdata_reg[114]/CE","clk150","clk150","6.602","16","-0.007","0.035"
"clk150","-0.037","6.667","sfo/two_pass_transport/second_resampling/engine/core/stream/lane_phase_reg[0][3]/C","sfo/two_pass_transport/second_resampling/engine/core/fir15_interpolator/m_axis_data_tdata_reg[116]/CE","clk150","clk150","6.602","16","-0.007","0.035"
"clk150","-0.037","6.667","sfo/two_pass_transport/second_resampling/engine/core/stream/lane_phase_reg[0][3]/C","sfo/two_pass_transport/second_resampling/engine/core/fir15_interpolator/m_axis_data_tdata_reg[186]/CE","clk150","clk150","6.602","16","-0.007","0.035"
"clk150","-0.037","6.667","sfo/two_pass_transport/second_resampling/engine/core/stream/lane_phase_reg[0][3]/C","sfo/two_pass_transport/second_resampling/engine/core/fir15_interpolator/m_axis_data_tdata_reg[477]/CE","clk150","clk150","6.602","16","-0.007","0.035"
"clk500","-0.037","2.000","cfo/observation_front/fft_core/FSM_sequential_state_reg[0]/C","cfo/observation_front/fft_core/ar4_reg[20]/CE","clk500","clk500","1.933","1","-0.009","0.035"
"clk500","-0.037","2.000","cfo/reset_fast/arststages_ff_reg[3]/C","cfo/observation_front/fft_core/tag_reg[4][row_b][9]/R","clk500","clk500","1.919","0","-0.009","0.035"
"clk500","-0.037","2.000","cfo/reset_fast/arststages_ff_reg[3]/C","cfo/observation_front/fft_core/tag_reg[5][row_b][9]/R","clk500","clk500","1.919","0","-0.009","0.035"
"clk500","-0.037","2.000","cfo/estimator/observation_fifo/gnuram_async_fifo.xpm_fifo_base_inst/xpm_fifo_rst_inst/gen_rst_ic.wr_rst_busy_ic_reg/C","cfo/observation_front/sum_i_reg[4]/R","clk500","clk500","1.918","4","-0.010","0.035"
"clk500","-0.037","2.000","cfo/estimator/observation_fifo/gnuram_async_fifo.xpm_fifo_base_inst/xpm_fifo_rst_inst/gen_rst_ic.wr_rst_busy_ic_reg/C","cfo/observation_front/sum_i_reg[5]/R","clk500","clk500","1.918","4","-0.010","0.035"
"clk500","-0.037","2.000","cfo/estimator/observation_fifo/gnuram_async_fifo.xpm_fifo_base_inst/xpm_fifo_rst_inst/gen_rst_ic.wr_rst_busy_ic_reg/C","cfo/observation_front/sum_i_reg[6]/R","clk500","clk500","1.918","4","-0.010","0.035"
"clk500","-0.037","2.000","cfo/estimator/observation_fifo/gnuram_async_fifo.xpm_fifo_base_inst/xpm_fifo_rst_inst/gen_rst_ic.wr_rst_busy_ic_reg/C","cfo/observation_front/sum_i_reg[7]/R","clk500","clk500","1.918","4","-0.010","0.035"
"clk500","-0.037","2.000","sfo/initial_estimator/owner/fft/u_xfft/U0/i_synth/axi_wrapper/sclr_int_reg/C","sfo/initial_estimator/owner/fft/u_xfft/U0/i_synth/xfft_inst/non_floating_point.arch_d.xfft_inst/FLOW/has_scale_sch_buffer.scale_sch_out_i_reg[3]/S","clk500","clk500","1.921","0","-0.007","0.035"
"clk500","-0.037","2.000","sfo/residual_estimator/aux_service/u_xfft/U0/i_synth/axi_wrapper/gen_has_nfft.nfft_we_int_reg/C","sfo/residual_estimator/aux_service/u_xfft/U0/i_synth/xfft_inst/non_floating_point.arch_d.xfft_inst/has_bit_reverse.var_pt_size_muxed_addresses.left_shifter/r14.shifter/use_mux16.use_lut6.sixteen_to_one_mux[13].use_output_reg_and_pipe_reg.reg0/R","clk500","clk500","1.920","1","-0.008","0.035"
"clk150","-0.037","6.667","cfo/coarse_rotation/output4_reg[73]/C","cfo/coarse_banks[1].memory/u_frame_memory/xpm_memory_base_inst/gen_wr_a.gen_word_narrow.mem_reg_uram_161/CAS_IN_DIN_B[1]","clk150","clk150","6.393","7","0.034","0.035"
"clk150","-0.037","6.667","cfo/coarse_rotation/output4_reg[55]/C","cfo/coarse_banks[1].memory/u_frame_memory/xpm_memory_base_inst/gen_wr_a.gen_word_narrow.mem_reg_uram_38/CAS_IN_DIN_B[55]","clk150","clk150","6.329","6","0.035","0.035"
"clk150","-0.037","6.667","cfo/coarse_rotation/output4_reg[116]/C","cfo/coarse_banks[0].memory/u_frame_memory/xpm_memory_base_inst/gen_wr_a.gen_word_narrow.mem_reg_uram_89/CAS_IN_DIN_B[44]","clk150","clk150","6.384","7","0.036","0.035"
"clk150","-0.037","6.667","sfo/two_pass_transport/intermediate[0].intermediate_bank/write_gen_reg[17]/C","sfo/two_pass_transport/intermediate[0].intermediate_bank/memory/u_frame_memory/xpm_memory_base_inst/gen_wr_a.gen_word_narrow.mem_reg_uram_89/CAS_IN_BWE_B[5]","clk150","clk150","6.390","13","0.035","0.035"
"clk150","-0.037","6.667","sfo/two_pass_transport/shared_raw.hub/raw_store/rv_reg[0]/C","sfo/two_pass_transport/shared_raw.hub/raw_store/memory/u_frame_memory/xpm_memory_base_inst/gen_wr_a.gen_word_narrow.mem_reg_uram_127/CAS_IN_EN_A","clk150","clk150","6.263","7","0.034","0.035"
"clk150","-0.036","6.667","cfo/coarse_rotation/tag_pipe_reg[4][1]_replica/C","cfo/coarse_banks[0].memory/u_frame_memory/xpm_memory_base_inst/gen_wr_a.gen_word_narrow.mem_reg_uram_161/CAS_IN_ADDR_B[0]","clk150","clk150","6.396","7","0.035","0.035"
"clk150","-0.036","6.667","cfo/coarse_banks[1].memory/u_frame_memory/xpm_memory_base_inst/gen_wr_a.gen_word_narrow.mem_reg_uram_98/CLK","cfo/coarse_banks[1].memory/u_frame_memory/xpm_memory_base_inst/gen_rd_b.gen_doutb_pipe.doutb_pipe_reg[0][108]/D","clk150","clk150","6.627","12","-0.063","0.035"
"clk500","-0.036","2.000","cfo/observation_front/m_generation_reg[0]/C","cfo/estimator/observation_fifo/gnuram_async_fifo.xpm_fifo_base_inst/gen_sdpram.xpm_memory_base_inst/gen_wr_a.gen_word_narrow.mem_reg_0_15_0_13/RAMC_D1/I","clk500","clk500","1.935","5","0.014","0.035"
"clk500","-0.036","2.000","cfo/observation_front/fft_core/FSM_sequential_state_reg[0]/C","cfo/observation_front/fft_core/pi5_reg[16]/CE","clk500","clk500","1.932","1","-0.009","0.035"
"clk500","-0.036","2.000","cfo/observation_front/fft_core/FSM_sequential_state_reg[0]/C","cfo/observation_front/fft_core/pi5_reg[17]/CE","clk500","clk500","1.932","1","-0.009","0.035"
"clk500","-0.036","2.000","cfo/observation_front/fft_core/FSM_sequential_state_reg[0]/C","cfo/observation_front/fft_core/pi5_reg[18]/CE","clk500","clk500","1.932","1","-0.009","0.035"
"clk500","-0.036","2.000","cfo/observation_front/fft_core/FSM_sequential_state_reg[0]/C","cfo/observation_front/fft_core/pi5_reg[19]/CE","clk500","clk500","1.932","1","-0.009","0.035"
"clk500","-0.036","2.000","sfo/residual_estimator/aux_service/u_xfft/U0/i_synth/axi_wrapper/gen_has_nfft.nfft_we_int_reg/C","sfo/residual_estimator/aux_service/u_xfft/U0/i_synth/xfft_inst/non_floating_point.arch_d.xfft_inst/has_bit_reverse.var_pt_size_muxed_addresses.left_shifter/r14.shifter/use_mux16.use_lut6.sixteen_to_one_mux[0].use_output_reg_and_pipe_reg.reg0/R","clk500","clk500","1.919","1","-0.008","0.035"
"clk150","-0.036","6.667","sfo/two_pass_transport/intermediate[0].intermediate_bank/write_next_reg[6]/C","sfo/two_pass_transport/intermediate[0].intermediate_bank/memory/u_frame_memory/xpm_memory_base_inst/gen_wr_a.gen_word_narrow.mem_reg_uram_153/CAS_IN_ADDR_B[6]","clk150","clk150","6.369","7","0.034","0.035"
"clk150","-0.036","6.667","sfo/two_pass_transport/first_resampling/engine/pack/m_data_reg[127]/C","sfo/two_pass_transport/intermediate[0].intermediate_bank/memory/u_frame_memory/xpm_memory_base_inst/gen_wr_a.gen_word_narrow.mem_reg_uram_89/CAS_IN_DIN_B[55]","clk150","clk150","6.327","7","0.034","0.035"
"clk150","-0.036","6.667","sfo/two_pass_transport/shared_raw.hub/raw_store/ram_ra_reg[1]/C","sfo/two_pass_transport/shared_raw.hub/raw_store/memory/u_frame_memory/xpm_memory_base_inst/gen_wr_a.gen_word_narrow.mem_reg_uram_54/CAS_IN_ADDR_A[1]","clk150","clk150","6.190","6","0.035","0.035"
"clk150","-0.036","6.667","cfo/coarse_rotation/output4_reg[49]/C","cfo/coarse_banks[1].memory/u_frame_memory/xpm_memory_base_inst/gen_wr_a.gen_word_narrow.mem_reg_uram_71/CAS_IN_DIN_B[49]","clk150","clk150","6.429","7","0.035","0.035"
"clk150","-0.036","6.667","sfo/two_pass_transport/first_resampling/engine/pack/m_data_reg[72]/C","sfo/two_pass_transport/intermediate[0].intermediate_bank/memory/u_frame_memory/xpm_memory_base_inst/gen_wr_a.gen_word_narrow.mem_reg_uram_105/CAS_IN_DIN_B[0]","clk150","clk150","6.442","7","0.034","0.035"
"clk150","-0.035","6.667","sfo/two_pass_transport/first_resampling/engine/core/stream/lane_phase_reg[5][20]/C","sfo/two_pass_transport/first_resampling/engine/core/stream/arithmetic/real_channel[10].u_real/pre_ca/g18.u_add/U0/xst_addsub/i_baseblox.i_baseblox_addsub/no_pipelining.the_addsub/i_lut6.i_lut6_addsub/i_q.i_simple.qreg/i_no_async_controls.output_reg[11]/D","clk150","clk150","6.682","11","-0.010","0.035"
"clk150","-0.035","6.667","sfo/two_pass_transport/first_resampling/engine/core/stream/lane_phase_reg[15][7]/C","sfo/two_pass_transport/first_resampling/engine/core/stream/lane_phase_reg[10][0]/D","clk150","clk150","6.681","18","-0.008","0.035"
"clk150","-0.035","6.667","sfo/two_pass_transport/second_resampling/engine/core/stream/lane_phase_reg[0][3]/C","sfo/two_pass_transport/second_resampling/engine/core/fir15_interpolator/q_core/U0/i_synth/g_polyphase_interpolation_sym_ssr.i_polyphase_interpolation_sym_ssr/g_m_data_chan_fifo.i_m_data_chan_fifo/fifo0/fifo_2_reg[80]/CE","clk150","clk150","6.599","17","-0.007","0.035"
"clk150","-0.035","6.667","sfo/two_pass_transport/second_resampling/engine/core/stream/lane_phase_reg[0][3]/C","sfo/two_pass_transport/second_resampling/engine/core/fir15_interpolator/q_core/U0/i_synth/g_polyphase_interpolation_sym_ssr.i_polyphase_interpolation_sym_ssr/g_m_data_chan_fifo.i_m_data_chan_fifo/fifo0/fifo_2_reg[81]/CE","clk150","clk150","6.599","17","-0.007","0.035"
"clk150","-0.035","6.667","sfo/two_pass_transport/second_resampling/engine/core/stream/lane_phase_reg[0][3]/C","sfo/two_pass_transport/second_resampling/engine/core/fir15_interpolator/q_core/U0/i_synth/g_polyphase_interpolation_sym_ssr.i_polyphase_interpolation_sym_ssr/g_m_data_chan_fifo.i_m_data_chan_fifo/fifo0/fifo_2_reg[82]/CE","clk150","clk150","6.599","17","-0.007","0.035"
"clk150","-0.035","6.667","sfo/two_pass_transport/second_resampling/engine/core/stream/lane_phase_reg[0][3]/C","sfo/two_pass_transport/second_resampling/engine/core/fir15_interpolator/q_core/U0/i_synth/g_polyphase_interpolation_sym_ssr.i_polyphase_interpolation_sym_ssr/g_m_data_chan_fifo.i_m_data_chan_fifo/fifo0/fifo_2_reg[83]/CE","clk150","clk150","6.599","17","-0.007","0.035"
"clk500","-0.035","2.000","cfo/observation_front/fft_core/FSM_sequential_state_reg[0]/C","cfo/observation_front/fft_core/ai4_reg[25]/CE","clk500","clk500","1.931","1","-0.009","0.035"
"clk500","-0.035","2.000","cfo/observation_front/fft_core/FSM_sequential_state_reg[0]/C","cfo/observation_front/fft_core/ai4_reg[8]/CE","clk500","clk500","1.931","1","-0.009","0.035"
"clk500","-0.035","2.000","cfo/observation_front/fft_core/FSM_sequential_state_reg[0]/C","cfo/observation_front/fft_core/ar5_reg[18]/CE","clk500","clk500","1.931","1","-0.009","0.035"
"clk500","-0.035","2.000","cfo/observation_front/fft_core/FSM_sequential_state_reg[0]/C","cfo/observation_front/fft_core/ar5_reg[21]/CE","clk500","clk500","1.931","1","-0.009","0.035"
"clk500","-0.035","2.000","cfo/windows/sample_index_reg[8]/C","cfo/windows/packed_windows/fifo/gnuram_async_fifo.xpm_fifo_base_inst/rdpp1_inst/count_value_i_reg[0]/CE","clk500","clk500","1.933","4","-0.007","0.035"
"clk150","-0.035","6.667","sfo/two_pass_transport/second_resampling/engine/core/stream/lane_phase_reg[14][19]/C","sfo/two_pass_transport/second_resampling/engine/core/stream/arithmetic/real_channel[28].u_real/pre_ab2/g18.u_add/U0/xst_addsub/i_baseblox.i_baseblox_addsub/no_pipelining.the_addsub/i_lut6.i_lut6_addsub/i_q.i_simple.qreg/i_no_async_controls.output_reg[10]/D","clk150","clk150","6.682","8","-0.010","0.035"
"clk150","-0.035","6.667","sfo/two_pass_transport/intermediate[0].intermediate_bank/write_next_reg[1]/C","sfo/two_pass_transport/intermediate[0].intermediate_bank/memory/u_frame_memory/xpm_memory_base_inst/gen_wr_a.gen_word_narrow.mem_reg_uram_145/CAS_IN_ADDR_B[1]","clk150","clk150","6.371","7","0.035","0.035"
"clk150","-0.035","6.667","cfo/coarse_rotation/output4_reg[103]/C","cfo/coarse_banks[0].memory/u_frame_memory/xpm_memory_base_inst/gen_wr_a.gen_word_narrow.mem_reg_uram_105/CAS_IN_DIN_B[31]","clk150","clk150","6.293","7","0.034","0.035"
"clk150","-0.035","6.667","sfo/two_pass_transport/first_resampling/engine/core/stream/lane_phase_reg[0][20]/C","sfo/two_pass_transport/first_resampling/engine/core/stream/arithmetic/real_channel[0].u_real/xc_first_reg[1]/D","clk150","clk150","6.679","6","-0.009","0.035"
"clk150","-0.034","6.667","sfo/two_pass_transport/first_resampling/engine/core/stream/lane_phase_reg[15][7]/C","sfo/two_pass_transport/first_resampling/engine/core/stream/lane_phase_reg[6][29]/D","clk150","clk150","6.680","18","-0.008","0.035"
"clk150","-0.034","6.667","sfo/two_pass_transport/fault_125_to_150/syncstages_ff_reg[1]/C","sfo/two_pass_transport/intermediate[1].intermediate_bank/memory/u_frame_memory/xpm_memory_base_inst/gen_wr_a.gen_word_narrow.mem_reg_uram_152/CAS_IN_EN_A","clk150","clk150","6.272","13","0.036","0.035"
"clk150","-0.034","6.667","sfo/two_pass_transport/second_resampling/engine/core/stream/lane_phase_reg[0][3]/C","sfo/two_pass_transport/second_resampling/engine/core/fir15_interpolator/q_core/U0/i_synth/g_polyphase_interpolation_sym_ssr.i_polyphase_interpolation_sym_ssr/g_m_data_chan_fifo.i_m_data_chan_fifo/fifo0/fifo_2_reg[267]/CE","clk150","clk150","6.598","17","-0.007","0.035"
"clk150","-0.034","6.667","sfo/two_pass_transport/second_resampling/engine/core/stream/lane_phase_reg[0][3]/C","sfo/two_pass_transport/second_resampling/engine/core/fir15_interpolator/q_core/U0/i_synth/g_polyphase_interpolation_sym_ssr.i_polyphase_interpolation_sym_ssr/g_m_data_chan_fifo.i_m_data_chan_fifo/fifo0/fifo_2_reg[268]/CE","clk150","clk150","6.598","17","-0.007","0.035"
"clk150","-0.034","6.667","sfo/two_pass_transport/second_resampling/engine/core/stream/lane_phase_reg[0][3]/C","sfo/two_pass_transport/second_resampling/engine/core/fir15_interpolator/q_core/U0/i_synth/g_polyphase_interpolation_sym_ssr.i_polyphase_interpolation_sym_ssr/g_m_data_chan_fifo.i_m_data_chan_fifo/fifo0/fifo_2_reg[269]/CE","clk150","clk150","6.598","17","-0.007","0.035"
"clk150","-0.034","6.667","sfo/two_pass_transport/second_resampling/engine/core/stream/lane_phase_reg[0][3]/C","sfo/two_pass_transport/second_resampling/engine/core/fir15_interpolator/q_core/U0/i_synth/g_polyphase_interpolation_sym_ssr.i_polyphase_interpolation_sym_ssr/g_m_data_chan_fifo.i_m_data_chan_fifo/fifo0/fifo_2_reg[270]/CE","clk150","clk150","6.598","17","-0.007","0.035"
"clk500","-0.034","2.000","cfo/reset_fast/arststages_ff_reg[3]/C","cfo/observation_front/m_generation_reg[16]/CE","clk500","clk500","1.931","2","-0.009","0.035"
"clk500","-0.034","2.000","cfo/reset_fast/arststages_ff_reg[3]/C","cfo/observation_front/m_generation_reg[24]/CE","clk500","clk500","1.931","2","-0.009","0.035"
"clk500","-0.034","2.000","cfo/reset_fast/arststages_ff_reg[3]/C","cfo/observation_front/m_generation_reg[26]/CE","clk500","clk500","1.931","2","-0.009","0.035"
"clk500","-0.034","2.000","cfo/reset_fast/arststages_ff_reg[3]/C","cfo/observation_front/m_generation_reg[29]/CE","clk500","clk500","1.930","2","-0.009","0.035"
"clk500","-0.034","2.000","cfo/reset_fast/arststages_ff_reg[3]/C","cfo/observation_front/m_generation_reg[7]/CE","clk500","clk500","1.931","2","-0.009","0.035"
"clk500","-0.034","2.000","sfo/residual_estimator/front_stage/main/service/u_xfft/U0/i_synth/xfft_inst/non_floating_point.arch_d.xfft_inst/has_overflow.natural_ovflo.DOUT_DONE_E_CNT/no_early_reg.I_TC_reg/C","sfo/residual_estimator/front_stage/main/service/u_xfft/U0/i_synth/xfft_inst/non_floating_point.arch_d.xfft_inst/pe_gen[1].natural_order_input.OVFLO_FIFO/rd_cnt_reg[1]/D","clk500","clk500","2.015","1","-0.009","0.035"
"clk150","-0.034","6.667","sfo/two_pass_transport/first_resampling/engine/pack/m_data_reg[118]/C","sfo/two_pass_transport/intermediate[0].intermediate_bank/memory/u_frame_memory/xpm_memory_base_inst/gen_wr_a.gen_word_narrow.mem_reg_uram_113/CAS_IN_DIN_B[46]","clk150","clk150","6.375","7","0.034","0.035"
"clk150","-0.034","6.667","sfo/two_pass_transport/intermediate[0].intermediate_bank/write_gen_reg[17]/C","sfo/two_pass_transport/intermediate[0].intermediate_bank/memory/u_frame_memory/xpm_memory_base_inst/gen_wr_a.gen_word_narrow.mem_reg_uram_89/CAS_IN_BWE_B[2]","clk150","clk150","6.395","13","0.035","0.035"
"clk150","-0.034","6.667","cfo/coarse_rotation/output4_reg[13]/C","cfo/coarse_banks[1].memory/u_frame_memory/xpm_memory_base_inst/gen_wr_a.gen_word_narrow.mem_reg_uram_31/CAS_IN_DIN_B[13]","clk150","clk150","6.366","7","0.036","0.035"
"clk150","-0.033","6.667","sfo/two_pass_transport/first_resampling/engine/core/stream/lane_phase_reg[15][7]/C","sfo/two_pass_transport/first_resampling/engine/core/stream/lane_phase_reg[2][7]/D","clk150","clk150","6.679","18","-0.008","0.035"
"clk150","-0.033","6.667","sfo/two_pass_transport/first_resampling/engine/core/stream/lane_phase_reg[0][20]/C","sfo/two_pass_transport/first_resampling/engine/core/stream/arithmetic/real_channel[1].u_real/pre_da/g18.u_add/U0/xst_addsub/i_baseblox.i_baseblox_addsub/no_pipelining.the_addsub/i_lut6.i_lut6_addsub/i_q.i_simple.qreg/i_no_async_controls.output_reg[9]/D","clk150","clk150","6.677","10","-0.010","0.035"
"clk500","-0.033","2.000","sfo/residual_estimator/aux_service/u_xfft/U0/i_synth/xfft_inst/non_floating_point.arch_d.xfft_inst/pe_gen[0].natural_order_input.PE/hasbf2.FB_2.BF_2/mem_mux_and_reg_upper_re/slicel_slicem_implementation.mux/use_lut6_2.latency1.Q_reg[9]/C","sfo/residual_estimator/aux_service/u_xfft/U0/i_synth/xfft_inst/non_floating_point.arch_d.xfft_inst/pe_gen[0].natural_order_input.PE/hasbf2.FB_2.BF_2/MEM/blk_ram.use_bram_only.mem/depth_12_s6_depth_11.main_ram_loop[3].use_RAMB18.ram_2k_loop[0].SDP_RAMB18_9x2048/DINADIN[0]","clk500","clk500","1.717","0","0.010","0.035"
"clk500","-0.033","2.000","cfo/observation_front/fft_core/FSM_sequential_state_reg[1]_rep/C","cfo/observation_front/fft_core/ai2_reg[9]/CE","clk500","clk500","1.930","1","-0.008","0.035"
"clk500","-0.033","2.000","cfo/observation_front/fft_core/FSM_sequential_state_reg[1]_rep/C","cfo/observation_front/fft_core/ar2_reg[6]/CE","clk500","clk500","1.930","1","-0.008","0.035"
"clk500","-0.033","2.000","cfo/reset_fast/arststages_ff_reg[3]/C","cfo/observation_front/m_frame_reg[18]/CE","clk500","clk500","1.929","2","-0.009","0.035"
"clk500","-0.033","2.000","cfo/reset_fast/arststages_ff_reg[3]/C","cfo/observation_front/m_frame_reg[19]/CE","clk500","clk500","1.929","2","-0.009","0.035"
"clk500","-0.033","2.000","cfo/reset_fast/arststages_ff_reg[3]/C","cfo/observation_front/m_frame_reg[1]/CE","clk500","clk500","1.929","2","-0.009","0.035"
"clk500","-0.033","2.000","cfo/reset_fast/arststages_ff_reg[3]/C","cfo/observation_front/m_frame_reg[3]/CE","clk500","clk500","1.929","2","-0.009","0.035"
"clk500","-0.033","2.000","cfo/windows/sample_index_reg[3]/C","cfo/windows/output_record_reg[20]/CE","clk500","clk500","1.930","3","-0.007","0.035"
"clk500","-0.033","2.000","sfo/residual_estimator/aux_service/u_xfft/U0/i_synth/axi_wrapper/reset_pipe_reg[1]/C","sfo/residual_estimator/aux_service/u_xfft/U0/i_synth/axi_wrapper/data_out_channel/gen_real_time.data_out_reg[25]/CE","clk500","clk500","1.930","1","-0.008","0.035"
"clk500","-0.033","2.000","sfo/residual_estimator/aux_service/u_xfft/U0/i_synth/axi_wrapper/reset_pipe_reg[1]/C","sfo/residual_estimator/aux_service/u_xfft/U0/i_synth/axi_wrapper/data_out_channel/gen_real_time.data_out_reg[27]/CE","clk500","clk500","1.930","1","-0.008","0.035"
"clk500","-0.033","2.000","sfo/residual_estimator/aux_service/u_xfft/U0/i_synth/axi_wrapper/reset_pipe_reg[1]/C","sfo/residual_estimator/aux_service/u_xfft/U0/i_synth/axi_wrapper/data_out_channel/gen_real_time.data_out_reg[30]/CE","clk500","clk500","1.930","1","-0.008","0.035"
"clk500","-0.033","2.000","sfo/residual_estimator/aux_service/u_xfft/U0/i_synth/axi_wrapper/reset_pipe_reg[1]/C","sfo/residual_estimator/aux_service/u_xfft/U0/i_synth/axi_wrapper/data_out_channel/gen_real_time.data_out_reg[32]/CE","clk500","clk500","1.930","1","-0.008","0.035"
"clk500","-0.033","2.000","sfo/residual_estimator/front_stage/main/service/u_xfft/U0/i_synth/axi_wrapper/sclr_int_reg/C","sfo/residual_estimator/front_stage/main/service/u_xfft/U0/i_synth/xfft_inst/non_floating_point.arch_d.xfft_inst/pe_gen[5].natural_order_input.PE/overflow.ovflo_reg_fd/R","clk500","clk500","1.915","0","-0.009","0.035"
"clk500","-0.033","2.000","sfo/residual_estimator/aux_service/u_xfft/U0/i_synth/xfft_inst/non_floating_point.arch_d.xfft_inst/pe_gen[0].natural_order_input.PE/has_addr_gen.bf2_addr_gen/cnt/cnt_addsub/i_baseblox.i_baseblox_addsub/no_pipelining.the_addsub/i_lut6.i_lut6_addsub/i_q.i_simple.qreg/i_no_async_controls.output_reg[11]/C","sfo/residual_estimator/aux_service/u_xfft/U0/i_synth/xfft_inst/non_floating_point.arch_d.xfft_inst/pe_gen[0].natural_order_input.PE/FB_1.BF_1/MEM/blk_ram.use_bram_only.mem/depth_13_s6_depth_12.main_ram_loop[0].use_RAMB18.ram_2k_loop[0].SDP_RAMB18_9x2048/ADDRBWRADDR[13]","clk500","clk500","1.681","0","0.012","0.035"
"clk150","-0.033","6.667","sfo/two_pass_transport/intermediate[0].intermediate_bank/write_gen_reg[17]/C","sfo/two_pass_transport/intermediate[0].intermediate_bank/memory/u_frame_memory/xpm_memory_base_inst/gen_wr_a.gen_word_narrow.mem_reg_uram_145/CAS_IN_BWE_B[0]","clk150","clk150","6.389","13","0.035","0.035"
"clk150","-0.033","6.667","sfo/two_pass_transport/first_resampling/engine/pack/m_data_reg[113]/C","sfo/two_pass_transport/intermediate[0].intermediate_bank/memory/u_frame_memory/xpm_memory_base_inst/gen_wr_a.gen_word_narrow.mem_reg_uram_97/CAS_IN_DIN_B[41]","clk150","clk150","6.401","7","0.035","0.035"
"clk150","-0.033","6.667","sfo/two_pass_transport/shared_raw.hub/raw_store/ram_ra_reg[17]/C","sfo/two_pass_transport/shared_raw.hub/raw_store/memory/u_frame_memory/xpm_memory_base_inst/gen_wr_a.gen_word_narrow.mem_reg_uram_151/CAS_IN_ADDR_A[17]","clk150","clk150","6.192","7","0.035","0.035"
"clk150","-0.033","6.667","poison_sync/syncstages_ff_reg[3]/C","cfo/coarse_banks[1].memory/u_frame_memory/xpm_memory_base_inst/gen_wr_a.gen_word_narrow.mem_reg_uram_161/CAS_IN_BWE_B[8]","clk150","clk150","6.282","12","0.035","0.035"
"clk150","-0.033","6.667","poison_sync/syncstages_ff_reg[3]/C","cfo/coarse_banks[1].memory/u_frame_memory/xpm_memory_base_inst/gen_wr_a.gen_word_narrow.mem_reg_uram_5/CAS_IN_BWE_B[7]","clk150","clk150","6.255","10","0.035","0.035"
"clk150","-0.033","6.667","cfo/coarse_rotation/output4_reg[105]/C","cfo/coarse_banks[0].memory/u_frame_memory/xpm_memory_base_inst/gen_wr_a.gen_word_narrow.mem_reg_uram_97/CAS_IN_DIN_B[33]","clk150","clk150","6.361","7","0.034","0.035"
"clk150","-0.033","6.667","sfo/two_pass_transport/first_resampling/engine/core/stream/lane_phase_reg[15][7]/C","sfo/two_pass_transport/first_resampling/engine/core/stream/lane_phase_reg[1][17]/D","clk150","clk150","6.679","18","-0.007","0.035"
"clk150","-0.032","6.667","sfo/two_pass_transport/second_resampling/engine/core/stream/lane_phase_reg[0][3]/C","sfo/two_pass_transport/second_resampling/engine/core/stream/ring_reg[31][5]/CE","clk150","clk150","6.596","16","-0.007","0.035"
"clk500","-0.032","2.000","sfo/residual_estimator/front_stage/main/service/u_xfft/U0/i_synth/axi_wrapper/sclr_int_reg/C","sfo/residual_estimator/front_stage/main/service/u_xfft/U0/i_synth/xfft_inst/non_floating_point.arch_d.xfft_inst/pe_gen[5].natural_order_input.PE/overflow.g_valid_ovflo_reg.ovflo_start_d_reg/R","clk500","clk500","1.914","0","-0.009","0.035"
"clk500","-0.032","2.000","sfo/residual_estimator/front_stage/main/service/u_xfft/U0/i_synth/axi_wrapper/sclr_int_reg/C","sfo/residual_estimator/front_stage/main/service/u_xfft/U0/i_synth/xfft_inst/non_floating_point.arch_d.xfft_inst/pe_gen[5].natural_order_input.PE/overflow.g_valid_ovflo_reg.ovflo_valid_d_reg/R","clk500","clk500","1.914","0","-0.009","0.035"
"clk150","-0.032","6.667","sfo/two_pass_transport/shared_raw.hub/raw_store/ram_ra_reg[7]/C","sfo/two_pass_transport/shared_raw.hub/raw_store/memory/u_frame_memory/xpm_memory_base_inst/gen_wr_a.gen_word_narrow.mem_reg_uram_23/CAS_IN_ADDR_A[7]","clk150","clk150","6.197","7","0.035","0.035"
"clk150","-0.032","6.667","cfo/coarse_rotation/output4_reg[80]/C","cfo/coarse_banks[1].memory/u_frame_memory/xpm_memory_base_inst/gen_wr_a.gen_word_narrow.mem_reg_uram_161/CAS_IN_DIN_B[8]","clk150","clk150","6.415","7","0.036","0.035"
"clk150","-0.032","6.667","sfo/two_pass_transport/first_resampling/engine/pack/m_data_reg[91]/C","sfo/two_pass_transport/intermediate[0].intermediate_bank/memory/u_frame_memory/xpm_memory_base_inst/gen_wr_a.gen_word_narrow.mem_reg_uram_137/CAS_IN_DIN_B[19]","clk150","clk150","6.387","7","0.034","0.035"
"clk150","-0.031","6.667","sfo/two_pass_transport/shared_raw.hub/raw_store/ram_wa_reg[9]/C","sfo/two_pass_transport/shared_raw.hub/raw_store/memory/u_frame_memory/xpm_memory_base_inst/gen_wr_a.gen_word_narrow.mem_reg_uram_31/CAS_IN_ADDR_B[9]","clk150","clk150","6.389","7","0.034","0.035"
"clk150","-0.031","6.667","sfo/two_pass_transport/first_resampling/engine/core/stream/lane_phase_reg[15][7]/C","sfo/two_pass_transport/first_resampling/engine/core/stream/lane_phase_reg[2][21]/D","clk150","clk150","6.677","18","-0.008","0.035"
"clk500","-0.031","2.000","sfo/residual_estimator/aux_service/u_xfft/U0/i_synth/axi_wrapper/reset_pipe_reg[1]/C","sfo/residual_estimator/aux_service/u_xfft/U0/i_synth/axi_wrapper/data_out_channel/gen_real_time.data_out_reg[24]/CE","clk500","clk500","1.928","1","-0.008","0.035"
"clk500","-0.031","2.000","sfo/residual_estimator/aux_service/u_xfft/U0/i_synth/axi_wrapper/reset_pipe_reg[1]/C","sfo/residual_estimator/aux_service/u_xfft/U0/i_synth/axi_wrapper/data_out_channel/gen_real_time.data_out_reg[26]/CE","clk500","clk500","1.928","1","-0.008","0.035"
"clk500","-0.031","2.000","sfo/residual_estimator/aux_service/u_xfft/U0/i_synth/axi_wrapper/reset_pipe_reg[1]/C","sfo/residual_estimator/aux_service/u_xfft/U0/i_synth/axi_wrapper/data_out_channel/gen_real_time.data_out_reg[29]/CE","clk500","clk500","1.928","1","-0.008","0.035"
"clk500","-0.031","2.000","sfo/residual_estimator/aux_service/u_xfft/U0/i_synth/axi_wrapper/reset_pipe_reg[1]/C","sfo/residual_estimator/aux_service/u_xfft/U0/i_synth/axi_wrapper/data_out_channel/gen_real_time.data_out_reg[31]/CE","clk500","clk500","1.928","1","-0.008","0.035"
"clk150","-0.031","6.667","poison_sync/syncstages_ff_reg[3]/C","cfo/coarse_banks[0].memory/u_frame_memory/xpm_memory_base_inst/gen_wr_a.gen_word_narrow.mem_reg_uram_121/CAS_IN_BWE_B[1]","clk150","clk150","6.392","12","0.035","0.035"
"clk150","-0.031","6.667","sfo/two_pass_transport/intermediate[0].intermediate_bank/write_next_reg[1]/C","sfo/two_pass_transport/intermediate[0].intermediate_bank/memory/u_frame_memory/xpm_memory_base_inst/gen_wr_a.gen_word_narrow.mem_reg_uram_137/CAS_IN_ADDR_B[1]","clk150","clk150","6.367","7","0.035","0.035"
"clk150","-0.031","6.667","sfo/two_pass_transport/shared_raw.hub/raw_store/ram_ra_reg[6]/C","sfo/two_pass_transport/shared_raw.hub/raw_store/memory/u_frame_memory/xpm_memory_base_inst/gen_wr_a.gen_word_narrow.mem_reg_uram_15/CAS_IN_ADDR_A[6]","clk150","clk150","6.205","7","0.035","0.035"
"clk150","-0.031","6.667","cfo/coarse_rotation/output4_reg[71]/C","cfo/coarse_banks[1].memory/u_frame_memory/xpm_memory_base_inst/gen_wr_a.gen_word_narrow.mem_reg_uram_15/CAS_IN_DIN_B[71]","clk150","clk150","6.386","7","0.034","0.035"
"clk150","-0.031","6.667","sfo/two_pass_transport/intermediate[0].intermediate_bank/write_next_reg[13]/C","sfo/two_pass_transport/intermediate[0].intermediate_bank/memory/u_frame_memory/xpm_memory_base_inst/gen_wr_a.gen_word_narrow.mem_reg_uram_97/CAS_IN_ADDR_B[13]","clk150","clk150","6.325","7","0.035","0.035"
"clk150","-0.031","6.667","poison_sync/syncstages_ff_reg[3]/C","cfo/coarse_banks[1].memory/u_frame_memory/xpm_memory_base_inst/gen_wr_a.gen_word_narrow.mem_reg_uram_152/CAS_IN_BWE_B[4]","clk150","clk150","6.295","11","0.035","0.035"
"clk150","-0.030","6.667","cfo/issued_reg[6]_replica/C","cfo/coarse_banks[1].memory/u_frame_memory/xpm_memory_base_inst/gen_wr_a.gen_word_narrow.mem_reg_uram_23/CAS_IN_ADDR_A[6]","clk150","clk150","6.214","7","0.035","0.035"
"clk150","-0.030","6.667","sfo/two_pass_transport/first_resampling/engine/core/stream/lane_phase_reg[15][7]/C","sfo/two_pass_transport/first_resampling/engine/core/stream/lane_phase_reg[14][11]/D","clk150","clk150","6.676","18","-0.008","0.035"
"clk150","-0.030","6.667","sfo/two_pass_transport/first_resampling/engine/core/stream/lane_phase_reg[15][7]/C","sfo/two_pass_transport/first_resampling/engine/core/stream/lane_phase_reg[14][21]/D","clk150","clk150","6.676","18","-0.008","0.035"
"clk500","-0.030","2.000","cfo/observation_front/fft_core/FSM_sequential_state_reg[1]_rep/C","cfo/observation_front/fft_core/ai2_reg[1]/CE","clk500","clk500","1.927","1","-0.007","0.035"
"clk500","-0.030","2.000","cfo/observation_front/fft_core/FSM_sequential_state_reg[1]_rep/C","cfo/observation_front/fft_core/ai2_reg[2]/CE","clk500","clk500","1.927","1","-0.007","0.035"
"clk500","-0.030","2.000","cfo/observation_front/fft_core/FSM_sequential_state_reg[1]_rep/C","cfo/observation_front/fft_core/ar2_reg[8]/CE","clk500","clk500","1.927","1","-0.007","0.035"
"clk500","-0.030","2.000","cfo/windows/packed_windows/fifo/gnuram_async_fifo.xpm_fifo_base_inst/rdp_inst/count_value_i_reg[1]/C","cfo/windows/packed_windows/fifo/gnuram_async_fifo.xpm_fifo_base_inst/gen_sdpram.xpm_memory_base_inst/gen_wr_a.gen_word_narrow.mem_reg_bram_12/ADDRBWRADDR[5]","clk500","clk500","1.643","0","0.010","0.035"
"clk150","-0.030","6.667","sfo/two_pass_transport/shared_raw.hub/raw_store/ram_ra_reg[11]/C","sfo/two_pass_transport/shared_raw.hub/raw_store/memory/u_frame_memory/xpm_memory_base_inst/gen_wr_a.gen_word_narrow.mem_reg_uram_167/CAS_IN_ADDR_A[11]","clk150","clk150","6.232","7","0.036","0.035"
"clk150","-0.030","6.667","poison_sync/syncstages_ff_reg[3]/C","cfo/coarse_banks[0].memory/u_frame_memory/xpm_memory_base_inst/gen_wr_a.gen_word_narrow.mem_reg_uram_161/CAS_IN_EN_A","clk150","clk150","6.257","11","0.035","0.035"
"clk500","-0.029","2.000","cfo/windows/packed_windows/fifo/gnuram_async_fifo.xpm_fifo_base_inst/gen_sdpram.xpm_memory_base_inst/gen_wr_a.gen_word_narrow.mem_reg_bram_13/CLKBWRCLK","cfo/windows/output_record_reg[10]/D","clk500","clk500","1.963","1","-0.056","0.035"
"clk150","-0.029","6.667","sfo/two_pass_transport/first_resampling/engine/core/stream/lane_phase_reg[11][15]/C","sfo/two_pass_transport/first_resampling/engine/core/stream/arithmetic/real_channel[22].u_real/pre_ca/g18.u_add/U0/xst_addsub/i_baseblox.i_baseblox_addsub/no_pipelining.the_addsub/i_lut6.i_lut6_addsub/i_q.i_simple.qreg/i_no_async_controls.output_reg[15]/D","clk150","clk150","6.677","10","-0.009","0.035"
"clk500","-0.029","2.000","cfo/windows/packed_windows/fifo/gnuram_async_fifo.xpm_fifo_base_inst/rdp_inst/count_value_i_reg[8]/C","cfo/windows/packed_windows/fifo/gnuram_async_fifo.xpm_fifo_base_inst/gen_sdpram.xpm_memory_base_inst/gen_wr_a.gen_word_narrow.mem_reg_bram_0/ADDRBWRADDR[13]","clk500","clk500","1.714","0","0.010","0.035"
"clk500","-0.029","2.000","cfo/windows/sample_index_reg[8]/C","cfo/windows/packed_windows/fifo/gnuram_async_fifo.xpm_fifo_base_inst/gen_sdpram.xpm_memory_base_inst/gen_wr_a.gen_word_narrow.mem_reg_bram_5/ENBWREN","clk500","clk500","1.664","4","0.012","0.035"
"clk150","-0.029","6.667","sfo/two_pass_transport/second_resampling/engine/core/stream/lane_phase_reg[0][3]/C","sfo/two_pass_transport/second_resampling/engine/core/fir15_interpolator/m_axis_data_tdata_reg[338]/CE","clk150","clk150","6.593","16","-0.008","0.035"
"clk150","-0.029","6.667","sfo/two_pass_transport/second_resampling/engine/core/stream/lane_phase_reg[0][3]/C","sfo/two_pass_transport/second_resampling/engine/core/fir15_interpolator/m_axis_data_tdata_reg[339]/CE","clk150","clk150","6.594","16","-0.008","0.035"
"clk150","-0.029","6.667","sfo/two_pass_transport/second_resampling/engine/core/stream/lane_phase_reg[0][3]/C","sfo/two_pass_transport/second_resampling/engine/core/fir15_interpolator/m_axis_data_tdata_reg[342]/CE","clk150","clk150","6.593","16","-0.008","0.035"
"clk150","-0.029","6.667","sfo/two_pass_transport/second_resampling/engine/core/stream/lane_phase_reg[0][3]/C","sfo/two_pass_transport/second_resampling/engine/core/fir15_interpolator/m_axis_data_tdata_reg[343]/CE","clk150","clk150","6.594","16","-0.008","0.035"
"clk150","-0.029","6.667","sfo/two_pass_transport/second_resampling/engine/core/stream/lane_phase_reg[0][3]/C","sfo/two_pass_transport/second_resampling/engine/core/fir15_interpolator/m_axis_data_tdata_reg[344]/CE","clk150","clk150","6.593","16","-0.008","0.035"
"clk150","-0.029","6.667","sfo/two_pass_transport/second_resampling/engine/core/stream/lane_phase_reg[0][3]/C","sfo/two_pass_transport/second_resampling/engine/core/fir15_interpolator/m_axis_data_tdata_reg[345]/CE","clk150","clk150","6.594","16","-0.008","0.035"
"clk150","-0.029","6.667","sfo/two_pass_transport/shared_raw.hub/raw_store/ram_ra_reg[6]/C","sfo/two_pass_transport/shared_raw.hub/raw_store/memory/u_frame_memory/xpm_memory_base_inst/gen_wr_a.gen_word_narrow.mem_reg_uram_150/CAS_IN_ADDR_A[6]","clk150","clk150","6.203","6","0.035","0.035"
"clk150","-0.029","6.667","cfo/coarse_rotation/output4_reg[42]/C","cfo/coarse_banks[1].memory/u_frame_memory/xpm_memory_base_inst/gen_wr_a.gen_word_narrow.mem_reg_uram_23/CAS_IN_DIN_B[42]","clk150","clk150","6.379","7","0.034","0.035"
"clk150","-0.029","6.667","cfo/coarse_rotation/output4_reg[36]/C","cfo/coarse_banks[0].memory/u_frame_memory/xpm_memory_base_inst/gen_wr_a.gen_word_narrow.mem_reg_uram_71/CAS_IN_DIN_B[36]","clk150","clk150","6.414","7","0.034","0.035"
"clk150","-0.028","6.667","sfo/two_pass_transport/first_resampling/engine/core/stream/lane_phase_reg[15][7]/C","sfo/two_pass_transport/first_resampling/engine/core/stream/lane_phase_reg[11][6]/D","clk150","clk150","6.674","18","-0.008","0.035"
"clk500","-0.028","2.000","cfo/reset_fast/arststages_ff_reg[3]/C","cfo/observation_front/index_iq_reg[32]/CE","clk500","clk500","1.924","4","-0.008","0.035"
"clk150","-0.028","6.667","sfo/two_pass_transport/first_resampling/engine/core/stream/lane_phase_reg[5][20]/C","sfo/two_pass_transport/first_resampling/engine/core/stream/arithmetic/real_channel[11].u_real/pre_da/g18.u_add/U0/xst_addsub/i_baseblox.i_baseblox_addsub/no_pipelining.the_addsub/i_lut6.i_lut6_addsub/i_q.i_simple.qreg/i_no_async_controls.output_reg[9]/D","clk150","clk150","6.675","10","-0.010","0.035"
"clk150","-0.028","6.667","sfo/two_pass_transport/first_resampling/engine/core/stream/lane_phase_reg[15][7]/C","sfo/two_pass_transport/first_resampling/engine/core/stream/lane_phase_reg[11][17]/D","clk150","clk150","6.674","18","-0.008","0.035"
"clk150","-0.028","6.667","cfo/coarse_rotation/output4_reg[87]/C","cfo/coarse_banks[1].memory/u_frame_memory/xpm_memory_base_inst/gen_wr_a.gen_word_narrow.mem_reg_uram_161/CAS_IN_DIN_B[15]","clk150","clk150","6.366","7","0.035","0.035"
"clk150","-0.027","6.667","sfo/two_pass_transport/shared_raw.hub/raw_store/ram_wa_reg[9]/C","sfo/two_pass_transport/shared_raw.hub/raw_store/memory/u_frame_memory/xpm_memory_base_inst/gen_wr_a.gen_word_narrow.mem_reg_uram_7/CAS_IN_ADDR_B[9]","clk150","clk150","6.385","7","0.034","0.035"
"clk500","-0.027","2.000","cfo/windows/sample_index_reg[8]/C","cfo/windows/packed_windows/fifo/gnuram_async_fifo.xpm_fifo_base_inst/rdpp1_inst/count_value_i_reg[5]/CE","clk500","clk500","1.924","4","-0.007","0.035"
"clk500","-0.027","2.000","cfo/windows/sample_index_reg[8]/C","cfo/windows/packed_windows/fifo/gnuram_async_fifo.xpm_fifo_base_inst/rdpp1_inst/count_value_i_reg[6]/CE","clk500","clk500","1.924","4","-0.007","0.035"
"clk500","-0.027","2.000","cfo/windows/sample_index_reg[8]/C","cfo/windows/packed_windows/fifo/gnuram_async_fifo.xpm_fifo_base_inst/rdpp1_inst/count_value_i_reg[7]/CE","clk500","clk500","1.924","4","-0.007","0.035"
"clk500","-0.027","2.000","cfo/windows/sample_index_reg[8]/C","cfo/windows/packed_windows/fifo/gnuram_async_fifo.xpm_fifo_base_inst/rdpp1_inst/count_value_i_reg[8]/CE","clk500","clk500","1.924","4","-0.007","0.035"
"clk500","-0.027","2.000","sfo/residual_estimator/aux_service/u_xfft/U0/i_synth/axi_wrapper/gen_has_nfft.nfft_we_int_reg/C","sfo/residual_estimator/aux_service/u_xfft/U0/i_synth/xfft_inst/non_floating_point.arch_d.xfft_inst/has_bit_reverse.addr_r_MSB_reg/R","clk500","clk500","1.910","1","-0.008","0.035"
"clk500","-0.027","2.000","sfo/residual_estimator/aux_service/u_xfft/U0/i_synth/axi_wrapper/gen_has_nfft.nfft_we_int_reg/C","sfo/residual_estimator/aux_service/u_xfft/U0/i_synth/xfft_inst/non_floating_point.arch_d.xfft_inst/has_bit_reverse.addr_w_MSB_reg/R","clk500","clk500","1.910","1","-0.008","0.035"
"clk150","-0.027","6.667","sfo/two_pass_transport/intermediate[0].intermediate_bank/issued_reg[0]/C","sfo/two_pass_transport/intermediate[0].intermediate_bank/memory/u_frame_memory/xpm_memory_base_inst/gen_wr_a.gen_word_narrow.mem_reg_uram_113/CAS_IN_ADDR_A[0]","clk150","clk150","6.185","9","0.034","0.035"
"clk150","-0.027","6.667","sfo/two_pass_transport/intermediate[0].intermediate_bank/issued_reg[0]/C","sfo/two_pass_transport/intermediate[0].intermediate_bank/memory/u_frame_memory/xpm_memory_base_inst/gen_wr_a.gen_word_narrow.mem_reg_uram_121/CAS_IN_ADDR_A[7]","clk150","clk150","6.191","9","0.034","0.035"
"clk150","-0.027","6.667","cfo/coarse_rotation/output4_reg[86]/C","cfo/coarse_banks[1].memory/u_frame_memory/xpm_memory_base_inst/gen_wr_a.gen_word_narrow.mem_reg_uram_161/CAS_IN_DIN_B[14]","clk150","clk150","6.385","7","0.035","0.035"
"clk150","-0.027","6.667","poison_sync/syncstages_ff_reg[3]/C","cfo/coarse_banks[0].memory/u_frame_memory/xpm_memory_base_inst/gen_wr_a.gen_word_narrow.mem_reg_uram_129/CAS_IN_BWE_B[6]","clk150","clk150","6.345","12","0.035","0.035"
"clk150","-0.027","6.667","poison_sync/syncstages_ff_reg[3]/C","cfo/coarse_banks[1].memory/u_frame_memory/xpm_memory_base_inst/gen_wr_a.gen_word_narrow.mem_reg_uram_71/CAS_IN_BWE_B[4]","clk150","clk150","6.291","12","0.035","0.035"
"clk150","-0.027","6.667","sfo/two_pass_transport/first_resampling/engine/core/stream/lane_phase_reg[15][7]/C","sfo/two_pass_transport/first_resampling/engine/core/stream/lane_phase_reg[13][27]/D","clk150","clk150","6.673","18","-0.007","0.035"
"clk150","-0.027","6.667","sfo/two_pass_transport/first_resampling/engine/core/stream/lane_phase_reg[0][20]/C","sfo/two_pass_transport/first_resampling/engine/core/stream/arithmetic/real_channel[1].u_real/pre_ca/g18.u_add/U0/xst_addsub/i_baseblox.i_baseblox_addsub/no_pipelining.the_addsub/i_lut6.i_lut6_addsub/i_q.i_simple.qreg/i_no_async_controls.output_reg[2]/D","clk150","clk150","6.671","9","-0.009","0.035"
"clk150","-0.026","6.667","sfo/two_pass_transport/shared_raw.hub/raw_store/ram_wa_reg[15]/C","sfo/two_pass_transport/shared_raw.hub/raw_store/memory/u_frame_memory/xpm_memory_base_inst/gen_wr_a.gen_word_narrow.mem_reg_uram_167/CAS_IN_ADDR_B[15]","clk150","clk150","6.315","7","0.035","0.035"
"clk150","-0.026","6.667","sfo/two_pass_transport/first_resampling/engine/core/stream/lane_phase_reg[15][7]/C","sfo/two_pass_transport/first_resampling/engine/core/stream/lane_phase_reg[10][31]/CE","clk150","clk150","6.587","18","-0.008","0.035"
"clk500","-0.026","2.000","cfo/estimator/observation_fifo/gnuram_async_fifo.xpm_fifo_base_inst/xpm_fifo_rst_inst/gen_rst_ic.wr_rst_busy_ic_reg/C","cfo/observation_front/sum_i_reg[24]/R","clk500","clk500","1.907","4","-0.010","0.035"
"clk500","-0.026","2.000","cfo/estimator/observation_fifo/gnuram_async_fifo.xpm_fifo_base_inst/xpm_fifo_rst_inst/gen_rst_ic.wr_rst_busy_ic_reg/C","cfo/observation_front/sum_i_reg[25]/R","clk500","clk500","1.907","4","-0.010","0.035"
"clk500","-0.026","2.000","cfo/estimator/observation_fifo/gnuram_async_fifo.xpm_fifo_base_inst/xpm_fifo_rst_inst/gen_rst_ic.wr_rst_busy_ic_reg/C","cfo/observation_front/sum_i_reg[26]/R","clk500","clk500","1.907","4","-0.010","0.035"
"clk500","-0.026","2.000","cfo/estimator/observation_fifo/gnuram_async_fifo.xpm_fifo_base_inst/xpm_fifo_rst_inst/gen_rst_ic.wr_rst_busy_ic_reg/C","cfo/observation_front/sum_i_reg[27]/R","clk500","clk500","1.907","4","-0.010","0.035"
"clk500","-0.026","2.000","cfo/windows/packed_windows/fifo/gnuram_async_fifo.xpm_fifo_base_inst/rdp_inst/count_value_i_reg[8]/C","cfo/windows/packed_windows/fifo/gnuram_async_fifo.xpm_fifo_base_inst/gen_sdpram.xpm_memory_base_inst/gen_wr_a.gen_word_narrow.mem_reg_bram_1/ADDRBWRADDR[13]","clk500","clk500","1.711","0","0.010","0.035"
"clk500","-0.026","2.000","sfo/residual_estimator/aux_service/u_xfft/U0/i_synth/xfft_inst/non_floating_point.arch_d.xfft_inst/FLOW/has_nfft._nfft_value.NFFT_int_tmp_reg[1]/C","sfo/residual_estimator/aux_service/u_xfft/U0/i_synth/xfft_inst/non_floating_point.arch_d.xfft_inst/FLOW/has_nfft.counter_limit_early_reg[7].max_n_int_minus_one_ff/D","clk500","clk500","2.008","1","-0.008","0.035"
"clk500","-0.026","2.000","cfo/observation_front/fft_core/FSM_sequential_state_reg[0]/C","cfo/observation_front/fft_core/ai4_reg[23]/CE","clk500","clk500","1.922","1","-0.009","0.035"
"clk150","-0.026","6.667","cfo/coarse_rotation/output4_reg[23]/C","cfo/coarse_banks[1].memory/u_frame_memory/xpm_memory_base_inst/gen_wr_a.gen_word_narrow.mem_reg_uram_15/CAS_IN_DIN_B[23]","clk150","clk150","6.372","7","0.035","0.035"
"clk150","-0.026","6.667","sfo/two_pass_transport/first_resampling/engine/pack/m_data_reg[118]/C","sfo/two_pass_transport/intermediate[0].intermediate_bank/memory/u_frame_memory/xpm_memory_base_inst/gen_wr_a.gen_word_narrow.mem_reg_uram_121/CAS_IN_DIN_B[46]","clk150","clk150","6.367","7","0.034","0.035"
"clk150","-0.026","6.667","cfo/coarse_rotation/output4_reg[116]/C","cfo/coarse_banks[0].memory/u_frame_memory/xpm_memory_base_inst/gen_wr_a.gen_word_narrow.mem_reg_uram_145/CAS_IN_DIN_B[44]","clk150","clk150","6.373","7","0.036","0.035"
"clk150","-0.026","6.667","sfo/two_pass_transport/first_resampling/engine/pack/m_data_reg[80]/C","sfo/two_pass_transport/intermediate[0].intermediate_bank/memory/u_frame_memory/xpm_memory_base_inst/gen_wr_a.gen_word_narrow.mem_reg_uram_161/CAS_IN_DIN_B[8]","clk150","clk150","6.407","7","0.034","0.035"
"clk150","-0.025","6.667","sfo/two_pass_transport/first_resampling/engine/core/stream/lane_phase_reg[15][7]/C","sfo/two_pass_transport/first_resampling/engine/core/stream/lane_phase_reg[1][16]/D","clk150","clk150","6.671","18","-0.008","0.035"
"clk150","-0.025","6.667","sfo/two_pass_transport/first_resampling/engine/core/stream/lane_phase_reg[15][7]/C","sfo/two_pass_transport/first_resampling/engine/core/stream/lane_phase_reg[1][19]/D","clk150","clk150","6.671","18","-0.008","0.035"
"clk150","-0.025","6.667","sfo/two_pass_transport/first_resampling/engine/core/stream/lane_phase_reg[15][7]/C","sfo/two_pass_transport/first_resampling/engine/core/stream/lane_phase_reg[5][13]/D","clk150","clk150","6.671","18","-0.008","0.035"
"clk150","-0.025","6.667","sfo/two_pass_transport/second_resampling/engine/core/stream/lane_phase_reg[0][3]/C","sfo/two_pass_transport/second_resampling/engine/core/fir15_interpolator/q_core/U0/i_synth/g_polyphase_interpolation_sym_ssr.i_polyphase_interpolation_sym_ssr/g_m_data_chan_fifo.i_m_data_chan_fifo/fifo0/fifo_2_reg[4]/CE","clk150","clk150","6.589","17","-0.007","0.035"
"clk150","-0.025","6.667","sfo/two_pass_transport/second_resampling/engine/core/stream/lane_phase_reg[0][3]/C","sfo/two_pass_transport/second_resampling/engine/core/fir15_interpolator/q_core/U0/i_synth/g_polyphase_interpolation_sym_ssr.i_polyphase_interpolation_sym_ssr/g_m_data_chan_fifo.i_m_data_chan_fifo/fifo0/fifo_2_reg[5]/CE","clk150","clk150","6.589","17","-0.007","0.035"
"clk150","-0.025","6.667","sfo/two_pass_transport/second_resampling/engine/core/stream/lane_phase_reg[0][3]/C","sfo/two_pass_transport/second_resampling/engine/core/fir15_interpolator/q_core/U0/i_synth/g_polyphase_interpolation_sym_ssr.i_polyphase_interpolation_sym_ssr/g_m_data_chan_fifo.i_m_data_chan_fifo/fifo0/fifo_2_reg[6]/CE","clk150","clk150","6.589","17","-0.007","0.035"
"clk150","-0.025","6.667","sfo/two_pass_transport/second_resampling/engine/core/stream/lane_phase_reg[0][3]/C","sfo/two_pass_transport/second_resampling/engine/core/fir15_interpolator/q_core/U0/i_synth/g_polyphase_interpolation_sym_ssr.i_polyphase_interpolation_sym_ssr/g_m_data_chan_fifo.i_m_data_chan_fifo/fifo0/fifo_2_reg[7]/CE","clk150","clk150","6.589","17","-0.007","0.035"
"clk500","-0.025","2.000","cfo/observation_front/m_frame_reg[11]/C","cfo/estimator/closed_fast_reg/D","clk500","clk500","2.007","6","-0.008","0.035"
"clk500","-0.025","2.000","cfo/estimator/observation_fifo/gnuram_async_fifo.xpm_fifo_base_inst/xpm_fifo_rst_inst/gen_rst_ic.wr_rst_busy_ic_reg/C","cfo/observation_front/sum_i_reg[28]/R","clk500","clk500","1.906","4","-0.010","0.035"
"clk500","-0.025","2.000","cfo/estimator/observation_fifo/gnuram_async_fifo.xpm_fifo_base_inst/xpm_fifo_rst_inst/gen_rst_ic.wr_rst_busy_ic_reg/C","cfo/observation_front/sum_i_reg[29]/R","clk500","clk500","1.906","4","-0.010","0.035"
"clk500","-0.025","2.000","cfo/estimator/observation_fifo/gnuram_async_fifo.xpm_fifo_base_inst/xpm_fifo_rst_inst/gen_rst_ic.wr_rst_busy_ic_reg/C","cfo/observation_front/sum_i_reg[30]/R","clk500","clk500","1.906","4","-0.010","0.035"
"clk500","-0.025","2.000","cfo/estimator/observation_fifo/gnuram_async_fifo.xpm_fifo_base_inst/xpm_fifo_rst_inst/gen_rst_ic.wr_rst_busy_ic_reg/C","cfo/observation_front/sum_i_reg[31]/R","clk500","clk500","1.906","4","-0.010","0.035"
"clk500","-0.025","2.000","sfo/residual_estimator/front_stage/main/service/u_xfft/U0/i_synth/axi_wrapper/sclr_int_reg/C","sfo/residual_estimator/front_stage/main/service/u_xfft/U0/i_synth/xfft_inst/non_floating_point.arch_d.xfft_inst/FLOW/has_scale_sch_buffer.scale_sch_int_reg[5]/S","clk500","clk500","1.908","0","-0.008","0.035"
"clk500","-0.025","2.000","sfo/residual_estimator/front_stage/main/service/u_xfft/U0/i_synth/axi_wrapper/sclr_int_reg/C","sfo/residual_estimator/front_stage/main/service/u_xfft/U0/i_synth/xfft_inst/non_floating_point.arch_d.xfft_inst/FLOW/has_scale_sch_buffer.scale_sch_out_i_reg[5]/S","clk500","clk500","1.908","0","-0.008","0.035"
"clk150","-0.025","6.667","poison_sync/syncstages_ff_reg[3]/C","cfo/coarse_banks[1].memory/u_frame_memory/xpm_memory_base_inst/gen_wr_a.gen_word_narrow.mem_reg_uram_71/CAS_IN_BWE_B[2]","clk150","clk150","6.386","12","0.035","0.035"
"clk150","-0.024","6.667","sfo/two_pass_transport/first_resampling/engine/core/stream/lane_phase_reg[15][7]/C","sfo/two_pass_transport/first_resampling/engine/core/stream/lane_phase_reg[14][30]/D","clk150","clk150","6.670","18","-0.008","0.035"
"clk150","-0.024","6.667","sfo/two_pass_transport/second_resampling/engine/core/stream/lane_phase_reg[0][3]/C","sfo/two_pass_transport/second_resampling/engine/core/fir15_interpolator/q_core/U0/i_synth/g_polyphase_interpolation_sym_ssr.i_polyphase_interpolation_sym_ssr/g_m_data_chan_fifo.i_m_data_chan_fifo/fifo0/fifo_2_reg[0]/CE","clk150","clk150","6.588","17","-0.007","0.035"
"clk150","-0.024","6.667","sfo/two_pass_transport/second_resampling/engine/core/stream/lane_phase_reg[0][3]/C","sfo/two_pass_transport/second_resampling/engine/core/fir15_interpolator/q_core/U0/i_synth/g_polyphase_interpolation_sym_ssr.i_polyphase_interpolation_sym_ssr/g_m_data_chan_fifo.i_m_data_chan_fifo/fifo0/fifo_2_reg[1]/CE","clk150","clk150","6.588","17","-0.007","0.035"
"clk150","-0.024","6.667","sfo/two_pass_transport/second_resampling/engine/core/stream/lane_phase_reg[0][3]/C","sfo/two_pass_transport/second_resampling/engine/core/fir15_interpolator/q_core/U0/i_synth/g_polyphase_interpolation_sym_ssr.i_polyphase_interpolation_sym_ssr/g_m_data_chan_fifo.i_m_data_chan_fifo/fifo0/fifo_2_reg[2]/CE","clk150","clk150","6.588","17","-0.007","0.035"
"clk150","-0.024","6.667","sfo/two_pass_transport/second_resampling/engine/core/stream/lane_phase_reg[0][3]/C","sfo/two_pass_transport/second_resampling/engine/core/fir15_interpolator/q_core/U0/i_synth/g_polyphase_interpolation_sym_ssr.i_polyphase_interpolation_sym_ssr/g_m_data_chan_fifo.i_m_data_chan_fifo/fifo0/fifo_2_reg[3]/CE","clk150","clk150","6.588","17","-0.007","0.035"
"clk500","-0.024","2.000","sfo/residual_estimator/aux_service/u_egress_fifo/gnuram_async_fifo.xpm_fifo_base_inst/xpm_fifo_rst_inst/gen_rst_ic.wr_rst_busy_ic_reg/C","sfo/residual_estimator/aux_service/u_egress_fifo/gnuram_async_fifo.xpm_fifo_base_inst/gen_sdpram.xpm_memory_base_inst/gen_wr_a.gen_word_narrow.mem_reg_bram_2/WEA[0]","clk500","clk500","1.606","3","0.011","0.035"
"clk150","-0.024","6.667","cfo/coarse_rotation/output4_reg[50]/C","cfo/coarse_banks[1].memory/u_frame_memory/xpm_memory_base_inst/gen_wr_a.gen_word_narrow.mem_reg_uram_71/CAS_IN_DIN_B[50]","clk150","clk150","6.351","7","0.035","0.035"
"clk150","-0.024","6.667","poison_sync/syncstages_ff_reg[3]/C","cfo/coarse_banks[1].memory/u_frame_memory/xpm_memory_base_inst/gen_wr_a.gen_word_narrow.mem_reg_uram_5/CAS_IN_BWE_B[4]","clk150","clk150","6.288","10","0.035","0.035"
"clk150","-0.024","6.667","sfo/two_pass_transport/first_resampling/engine/core/stream/lane_phase_reg[15][7]/C","sfo/two_pass_transport/first_resampling/engine/core/stream/lane_phase_reg[5][25]/CE","clk150","clk150","6.584","18","-0.007","0.035"
"clk150","-0.023","6.667","sfo/two_pass_transport/shared_raw.hub/raw_store/ram_wa_reg[5]/C","sfo/two_pass_transport/shared_raw.hub/raw_store/memory/u_frame_memory/xpm_memory_base_inst/gen_wr_a.gen_word_narrow.mem_reg_uram_167/CAS_IN_ADDR_B[5]","clk150","clk150","6.372","7","0.036","0.035"
"clk150","-0.023","6.667","sfo/two_pass_transport/first_resampling/engine/core/stream/lane_phase_reg[5][20]/C","sfo/two_pass_transport/first_resampling/engine/core/stream/arithmetic/real_channel[10].u_real/pre_ca/g18.u_add/U0/xst_addsub/i_baseblox.i_baseblox_addsub/no_pipelining.the_addsub/i_lut6.i_lut6_addsub/i_q.i_simple.qreg/i_no_async_controls.output_reg[9]/D","clk150","clk150","6.670","11","-0.010","0.035"
"clk150","-0.023","6.667","sfo/two_pass_transport/first_resampling/engine/core/stream/lane_phase_reg[15][7]/C","sfo/two_pass_transport/first_resampling/engine/core/stream/lane_phase_reg[5][27]/CE","clk150","clk150","6.584","18","-0.008","0.035"
"clk150","-0.023","6.667","sfo/two_pass_transport/second_resampling/engine/pack/m_data_reg[84]/C","sfo/two_pass_transport/output_buffer/storage/u_frame_memory/xpm_memory_base_inst/gen_wr_a.gen_word_narrow.mem_reg_bram_168/DINADIN[12]","clk150","clk150","6.428","0","0.010","0.035"
"clk500","-0.023","2.000","cfo/windows/sample_index_reg[8]/C","cfo/windows/packed_windows/fifo/gnuram_async_fifo.xpm_fifo_base_inst/rdp_inst/count_value_i_reg[4]/D","clk500","clk500","2.006","6","-0.007","0.035"
"clk150","-0.023","6.667","sfo/two_pass_transport/shared_raw.hub/raw_store/ram_ra_reg[17]/C","sfo/two_pass_transport/shared_raw.hub/raw_store/memory/u_frame_memory/xpm_memory_base_inst/gen_wr_a.gen_word_narrow.mem_reg_uram_143/CAS_IN_ADDR_A[17]","clk150","clk150","6.182","7","0.035","0.035"
"clk150","-0.022","6.667","sfo/two_pass_transport/first_resampling/engine/core/stream/lane_phase_reg[11][15]/C","sfo/two_pass_transport/first_resampling/engine/core/stream/arithmetic/real_channel[22].u_real/pre_ca/g18.u_add/U0/xst_addsub/i_baseblox.i_baseblox_addsub/no_pipelining.the_addsub/i_lut6.i_lut6_addsub/i_q.i_simple.qreg/i_no_async_controls.output_reg[17]/D","clk150","clk150","6.670","11","-0.009","0.035"
"clk150","-0.022","6.667","sfo/two_pass_transport/first_resampling/engine/core/stream/lane_phase_reg[15][7]/C","sfo/two_pass_transport/first_resampling/engine/core/stream/lane_phase_reg[2][1]/D","clk150","clk150","6.668","18","-0.008","0.035"
"clk500","-0.022","2.000","cfo/observation_front/fft_core/FSM_sequential_state_reg[1]_rep/C","cfo/observation_front/fft_core/ar3_reg[13]/CE","clk500","clk500","1.919","1","-0.007","0.035"
"clk150","-0.022","6.667","sfo/two_pass_transport/first_resampling/engine/pack/m_data_reg[93]/C","sfo/two_pass_transport/intermediate[0].intermediate_bank/memory/u_frame_memory/xpm_memory_base_inst/gen_wr_a.gen_word_narrow.mem_reg_uram_145/CAS_IN_DIN_B[21]","clk150","clk150","6.385","7","0.036","0.035"
"clk150","-0.022","6.667","cfo/coarse_rotation/output4_reg[124]/C","cfo/coarse_banks[0].memory/u_frame_memory/xpm_memory_base_inst/gen_wr_a.gen_word_narrow.mem_reg_uram_121/CAS_IN_DIN_B[52]","clk150","clk150","6.362","7","0.034","0.035"
"clk150","-0.022","6.667","cfo/coarse_rotation/output4_reg[57]/C","cfo/coarse_banks[1].memory/u_frame_memory/xpm_memory_base_inst/gen_wr_a.gen_word_narrow.mem_reg_uram_63/CAS_IN_DIN_B[57]","clk150","clk150","6.331","7","0.034","0.035"
"clk150","-0.022","6.667","cfo/coarse_rotation/output4_reg[118]/C","cfo/coarse_banks[0].memory/u_frame_memory/xpm_memory_base_inst/gen_wr_a.gen_word_narrow.mem_reg_uram_121/CAS_IN_DIN_B[46]","clk150","clk150","6.365","7","0.036","0.035"
"clk150","-0.022","6.667","cfo/coarse_rotation/output4_reg[6]/C","cfo/coarse_banks[0].memory/u_frame_memory/xpm_memory_base_inst/gen_wr_a.gen_word_narrow.mem_reg_uram_47/CAS_IN_DIN_B[6]","clk150","clk150","6.418","7","0.035","0.035"
"clk150","-0.022","6.667","cfo/coarse_rotation/output4_reg[46]/C","cfo/coarse_banks[0].memory/u_frame_memory/xpm_memory_base_inst/gen_wr_a.gen_word_narrow.mem_reg_uram_71/CAS_IN_DIN_B[46]","clk150","clk150","6.363","7","0.034","0.035"
"clk150","-0.022","6.667","cfo/coarse_rotation/output4_reg[55]/C","cfo/coarse_banks[0].memory/u_frame_memory/xpm_memory_base_inst/gen_wr_a.gen_word_narrow.mem_reg_uram_71/CAS_IN_DIN_B[55]","clk150","clk150","6.314","7","0.035","0.035"
"clk150","-0.022","6.667","cfo/coarse_rotation/output4_reg[20]/C","cfo/coarse_banks[1].memory/u_frame_memory/xpm_memory_base_inst/gen_wr_a.gen_word_narrow.mem_reg_uram_14/CAS_IN_DIN_B[20]","clk150","clk150","6.416","6","0.035","0.035"
"clk150","-0.022","6.667","sfo/two_pass_transport/intermediate[0].intermediate_bank/write_next_reg[0]/C","sfo/two_pass_transport/intermediate[0].intermediate_bank/memory/u_frame_memory/xpm_memory_base_inst/gen_wr_a.gen_word_narrow.mem_reg_uram_97/CAS_IN_ADDR_B[0]","clk150","clk150","6.371","7","0.034","0.035"
"clk150","-0.022","6.667","sfo/two_pass_transport/first_resampling/engine/core/stream/lane_phase_reg[15][7]/C","sfo/two_pass_transport/first_resampling/engine/core/stream/lane_phase_reg[1][0]/D","clk150","clk150","6.668","18","-0.007","0.035"
"clk150","-0.021","6.667","cfo/coarse_banks[1].memory/u_frame_memory/xpm_memory_base_inst/gen_wr_a.gen_word_narrow.mem_reg_uram_0/CLK","cfo/coarse_banks[1].memory/u_frame_memory/xpm_memory_base_inst/gen_rd_b.gen_doutb_pipe.doutb_pipe_reg[0][61]/D","clk150","clk150","6.615","11","-0.063","0.035"
"clk150","-0.021","6.667","cfo/issued_reg[16]_replica/C","cfo/coarse_banks[1].memory/u_frame_memory/xpm_memory_base_inst/gen_wr_a.gen_word_narrow.mem_reg_uram_79/CAS_IN_ADDR_A[16]","clk150","clk150","6.180","7","0.035","0.035"
"clk500","-0.021","2.000","sfo/residual_estimator/front_stage/main/service/reset_sync500/syncstages_ff_reg[3]/C","sfo/residual_estimator/front_stage/main/service/u_xfft/U0/i_synth/axi_wrapper/config_channel_fifo/gen_real_time.data_out_reg[1]/CE","clk500","clk500","1.918","2","-0.008","0.035"
"clk150","-0.021","6.667","sfo/two_pass_transport/shared_raw.hub/raw_store/ram_wd_reg[115]/C","sfo/two_pass_transport/shared_raw.hub/raw_store/memory/u_frame_memory/xpm_memory_base_inst/gen_wr_a.gen_word_narrow.mem_reg_uram_127/CAS_IN_DIN_B[43]","clk150","clk150","6.376","7","0.036","0.035"
"clk150","-0.021","6.667","sfo/two_pass_transport/intermediate[0].intermediate_bank/write_next_reg[6]/C","sfo/two_pass_transport/intermediate[0].intermediate_bank/memory/u_frame_memory/xpm_memory_base_inst/gen_wr_a.gen_word_narrow.mem_reg_uram_97/CAS_IN_ADDR_B[6]","clk150","clk150","6.354","7","0.034","0.035"
"clk150","-0.021","6.667","sfo/two_pass_transport/shared_raw.hub/raw_store/rv_reg[0]/C","sfo/two_pass_transport/shared_raw.hub/raw_store/memory/u_frame_memory/xpm_memory_base_inst/gen_wr_a.gen_word_narrow.mem_reg_uram_111/CAS_IN_EN_A","clk150","clk150","6.247","7","0.034","0.035"
"clk150","-0.021","6.667","poison_sync/syncstages_ff_reg[3]/C","cfo/coarse_banks[1].memory/u_frame_memory/xpm_memory_base_inst/gen_wr_a.gen_word_narrow.mem_reg_uram_71/CAS_IN_BWE_B[8]","clk150","clk150","6.270","12","0.035","0.035"
"clk150","-0.021","6.667","sfo/two_pass_transport/intermediate[0].intermediate_bank/write_gen_reg[17]/C","sfo/two_pass_transport/intermediate[0].intermediate_bank/memory/u_frame_memory/xpm_memory_base_inst/gen_wr_a.gen_word_narrow.mem_reg_uram_136/CAS_IN_BWE_B[8]","clk150","clk150","6.270","12","0.035","0.035"
"clk150","-0.021","6.667","sfo/two_pass_transport/shared_raw.hub/raw_store/ram_ra_reg[14]/C","sfo/two_pass_transport/shared_raw.hub/raw_store/memory/u_frame_memory/xpm_memory_base_inst/gen_wr_a.gen_word_narrow.mem_reg_uram_22/CAS_IN_ADDR_A[14]","clk150","clk150","6.170","6","0.034","0.035"
"clk150","-0.020","6.667","sfo/two_pass_transport/first_resampling/engine/core/stream/lane_phase_reg[15][7]/C","sfo/two_pass_transport/first_resampling/engine/core/stream/lane_phase_reg[10][23]/D","clk150","clk150","6.666","18","-0.008","0.035"
"clk150","-0.020","6.667","sfo/two_pass_transport/first_resampling/engine/core/stream/lane_phase_reg[15][7]/C","sfo/two_pass_transport/first_resampling/engine/core/stream/lane_phase_reg[14][26]/CE","clk150","clk150","6.581","18","-0.008","0.035"
"clk150","-0.020","6.667","sfo/two_pass_transport/first_resampling/engine/core/stream/lane_phase_reg[15][7]/C","sfo/two_pass_transport/first_resampling/engine/core/stream/lane_phase_reg[14][27]/CE","clk150","clk150","6.582","18","-0.008","0.035"
"clk150","-0.020","6.667","sfo/two_pass_transport/first_resampling/engine/core/stream/lane_phase_reg[15][7]/C","sfo/two_pass_transport/first_resampling/engine/core/stream/lane_phase_reg[14][30]/CE","clk150","clk150","6.581","18","-0.008","0.035"
"clk150","-0.020","6.667","sfo/two_pass_transport/first_resampling/engine/core/stream/lane_phase_reg[15][7]/C","sfo/two_pass_transport/first_resampling/engine/core/stream/lane_phase_reg[14][31]/CE","clk150","clk150","6.582","18","-0.008","0.035"
"clk150","-0.020","6.667","sfo/two_pass_transport/first_resampling/engine/core/stream/lane_phase_reg[15][7]/C","sfo/two_pass_transport/first_resampling/engine/core/stream/lane_phase_reg[14][32]/CE","clk150","clk150","6.581","18","-0.008","0.035"
"clk150","-0.020","6.667","sfo/two_pass_transport/first_resampling/engine/core/stream/lane_phase_reg[15][7]/C","sfo/two_pass_transport/first_resampling/engine/core/stream/lane_phase_reg[14][33]/CE","clk150","clk150","6.582","18","-0.008","0.035"
"clk150","-0.020","6.667","sfo/two_pass_transport/first_resampling/engine/core/stream/lane_phase_reg[15][7]/C","sfo/two_pass_transport/first_resampling/engine/core/stream/lane_phase_reg[6][6]/D","clk150","clk150","6.666","18","-0.008","0.035"
"clk150","-0.020","6.667","sfo/two_pass_transport/first_resampling/engine/core/stream/lane_phase_reg[13][13]/C","sfo/two_pass_transport/first_resampling/engine/core/stream/arithmetic/real_channel[26].u_real/pre_ab2/g18.u_add/U0/xst_addsub/i_baseblox.i_baseblox_addsub/no_pipelining.the_addsub/i_lut6.i_lut6_addsub/i_q.i_simple.qreg/i_no_async_controls.output_reg[8]/D","clk150","clk150","6.668","9","-0.009","0.035"
"clk150","-0.020","6.667","sfo/two_pass_transport/second_resampling/engine/core/stream/lane_phase_reg[0][3]/C","sfo/two_pass_transport/second_resampling/engine/core/fir15_interpolator/m_axis_data_tdata_reg[153]/CE","clk150","clk150","6.584","16","-0.007","0.035"
"clk150","-0.020","6.667","cfo/coarse_rotation/output4_reg[18]/C","cfo/coarse_banks[1].memory/u_frame_memory/xpm_memory_base_inst/gen_wr_a.gen_word_narrow.mem_reg_uram_15/CAS_IN_DIN_B[18]","clk150","clk150","6.389","7","0.035","0.035"
"clk150","-0.020","6.667","sfo/two_pass_transport/first_resampling/engine/pack/m_data_reg[73]/C","sfo/two_pass_transport/intermediate[0].intermediate_bank/memory/u_frame_memory/xpm_memory_base_inst/gen_wr_a.gen_word_narrow.mem_reg_uram_120/CAS_IN_DIN_B[1]","clk150","clk150","6.377","6","0.035","0.035"
"clk150","-0.020","6.667","cfo/coarse_rotation/output4_reg[53]/C","cfo/coarse_banks[0].memory/u_frame_memory/xpm_memory_base_inst/gen_wr_a.gen_word_narrow.mem_reg_uram_15/CAS_IN_DIN_B[53]","clk150","clk150","6.381","7","0.035","0.035"
"clk150","-0.020","6.667","sfo/two_pass_transport/first_resampling/engine/core/stream/lane_phase_reg[15][7]/C","sfo/two_pass_transport/first_resampling/engine/core/stream/lane_phase_reg[5][32]/CE","clk150","clk150","6.580","18","-0.007","0.035"
"clk150","-0.020","6.667","sfo/two_pass_transport/first_resampling/engine/core/stream/lane_phase_reg[15][7]/C","sfo/two_pass_transport/first_resampling/engine/core/stream/lane_phase_reg[6][8]/D","clk150","clk150","6.666","18","-0.007","0.035"
"clk500","-0.019","2.000","cfo/reset_fast/arststages_ff_reg[3]/C","cfo/observation_front/state_reg[0]/D","clk500","clk500","2.000","4","-0.009","0.035"
"clk500","-0.019","2.000","cfo/windows/sample_index_reg[8]/C","cfo/windows/packed_windows/fifo/gnuram_async_fifo.xpm_fifo_base_inst/rdp_inst/count_value_i_reg[3]/D","clk500","clk500","2.002","6","-0.007","0.035"
"clk500","-0.019","2.000","sfo/residual_estimator/front_stage/main/service/u_xfft/U0/i_synth/xfft_inst/non_floating_point.arch_d.xfft_inst/has_overflow.natural_ovflo.DOUT_DONE_E_CNT/no_early_reg.I_TC_reg/C","sfo/residual_estimator/front_stage/main/service/u_xfft/U0/i_synth/xfft_inst/non_floating_point.arch_d.xfft_inst/pe_gen[0].natural_order_input.OVFLO_FIFO/rd_cnt_reg[2]/D","clk500","clk500","2.001","1","-0.008","0.035"
"clk150","-0.019","6.667","cfo/estimator/backend/quality_core/fft_core/input_index_reg[1]_rep__22/C","cfo/estimator/backend/quality_core/fft_core/data_ram_reg[76][35]/D","clk150","clk150","6.667","1","-0.009","0.035"
"clk500","-0.019","2.000","cfo/windows/sample_index_reg[8]/C","cfo/windows/packed_windows/fifo/gnuram_async_fifo.xpm_fifo_base_inst/rdp_inst/count_value_i_reg[2]/D","clk500","clk500","2.002","6","-0.007","0.035"
"clk500","-0.019","2.000","sfo/residual_estimator/aux_service/u_xfft/U0/i_synth/xfft_inst/non_floating_point.arch_d.xfft_inst/FLOW/has_nfft._nfft_value.NFFT_int_tmp_reg[2]/C","sfo/residual_estimator/aux_service/u_xfft/U0/i_synth/xfft_inst/non_floating_point.arch_d.xfft_inst/FLOW/has_nfft.counter_limit_early_reg[5].max_n_int_minus_one_ff/D","clk500","clk500","2.001","1","-0.008","0.035"
"clk500","-0.019","2.000","sfo/residual_estimator/aux_service/u_xfft/U0/i_synth/axi_wrapper/gen_has_nfft.nfft_we_int_reg/C","sfo/residual_estimator/aux_service/u_xfft/U0/i_synth/xfft_inst/non_floating_point.arch_d.xfft_inst/FLOW/reset_sustain.delay_reset_3/count_addsub_reg[0].addsub_reg/R","clk500","clk500","1.902","1","-0.008","0.035"
"clk500","-0.019","2.000","sfo/residual_estimator/aux_service/u_xfft/U0/i_synth/axi_wrapper/gen_has_nfft.nfft_we_int_reg/C","sfo/residual_estimator/aux_service/u_xfft/U0/i_synth/xfft_inst/non_floating_point.arch_d.xfft_inst/FLOW/reset_sustain.delay_reset_3/count_addsub_reg[1].addsub_reg/R","clk500","clk500","1.902","1","-0.008","0.035"
"clk500","-0.019","2.000","sfo/residual_estimator/aux_service/u_xfft/U0/i_synth/xfft_inst/non_floating_point.arch_d.xfft_inst/has_bit_reverse.no_cp.muxed_reorder_write_addr_del_reg[3]/C","sfo/residual_estimator/aux_service/u_xfft/U0/i_synth/xfft_inst/non_floating_point.arch_d.xfft_inst/has_bit_reverse.dig_rev_mem/blk_ram.use_bram_only.mem/depth_14.need_extra_rams.extra_ram_loop[3].use_RAMB18.SDP_RAMB18_1x16384/ADDRARDADDR[3]","clk500","clk500","1.659","0","0.012","0.035"
"clk500","-0.019","2.000","sfo/residual_estimator/aux_service/u_xfft/U0/i_synth/axi_wrapper/sclr_int_reg/C","sfo/residual_estimator/aux_service/u_xfft/U0/i_synth/xfft_inst/non_floating_point.arch_d.xfft_inst/has_bit_reverse.pe_natural_out_reg[10]/R","clk500","clk500","1.900","1","-0.010","0.035"
"clk500","-0.019","2.000","sfo/residual_estimator/aux_service/u_xfft/U0/i_synth/axi_wrapper/sclr_int_reg/C","sfo/residual_estimator/aux_service/u_xfft/U0/i_synth/xfft_inst/non_floating_point.arch_d.xfft_inst/has_bit_reverse.pe_natural_out_reg[13]/R","clk500","clk500","1.900","1","-0.010","0.035"
"clk150","-0.019","6.667","sfo/two_pass_transport/second_resampling/engine/core/stream/lane_phase_reg[0][3]/C","sfo/two_pass_transport/second_resampling/engine/core/fir15_interpolator/m_axis_data_tdata_reg[154]/CE","clk150","clk150","6.584","16","-0.007","0.035"
"clk150","-0.019","6.667","cfo/coarse_rotation/output4_reg[28]/C","cfo/coarse_banks[1].memory/u_frame_memory/xpm_memory_base_inst/gen_wr_a.gen_word_narrow.mem_reg_uram_15/CAS_IN_DIN_B[28]","clk150","clk150","6.335","7","0.036","0.035"
"clk150","-0.019","6.667","sfo/two_pass_transport/shared_raw.hub/raw_store/ram_ra_reg[3]/C","sfo/two_pass_transport/shared_raw.hub/raw_store/memory/u_frame_memory/xpm_memory_base_inst/gen_wr_a.gen_word_narrow.mem_reg_uram_151/CAS_IN_ADDR_A[3]","clk150","clk150","6.197","7","0.035","0.035"
"clk150","-0.019","6.667","poison_sync/syncstages_ff_reg[3]/C","cfo/coarse_banks[1].memory/u_frame_memory/xpm_memory_base_inst/gen_wr_a.gen_word_narrow.mem_reg_uram_30/CAS_IN_BWE_B[6]","clk150","clk150","6.337","11","0.035","0.035"
"clk150","-0.019","6.667","sfo/two_pass_transport/first_resampling/engine/core/stream/lane_phase_reg[15][7]/C","sfo/two_pass_transport/first_resampling/engine/core/stream/lane_phase_reg[13][29]/D","clk150","clk150","6.665","18","-0.007","0.035"
"clk150","-0.018","6.667","sfo/two_pass_transport/first_resampling/engine/pack/m_data_reg[122]/C","sfo/two_pass_transport/intermediate[1].intermediate_bank/memory/u_frame_memory/xpm_memory_base_inst/gen_wr_a.gen_word_narrow.mem_reg_uram_145/CAS_IN_DIN_B[50]","clk150","clk150","6.354","7","0.034","0.035"
"clk500","-0.018","2.000","sfo/residual_estimator/aux_service/u_xfft/U0/i_synth/axi_wrapper/gen_has_nfft.nfft_we_int_reg/C","sfo/residual_estimator/aux_service/u_xfft/U0/i_synth/xfft_inst/non_floating_point.arch_d.xfft_inst/FLOW/reset_sustain.delay_reset_3/tc_reg/S","clk500","clk500","1.901","1","-0.008","0.035"
"clk500","-0.018","2.000","sfo/residual_estimator/aux_service/u_xfft/U0/i_synth/axi_wrapper/gen_has_nfft.nfft_we_int_reg/C","sfo/residual_estimator/aux_service/u_xfft/U0/i_synth/xfft_inst/non_floating_point.arch_d.xfft_inst/FLOW/reset_sustain.delay_reset_3/tc_reg1/S","clk500","clk500","1.901","1","-0.008","0.035"
"clk500","-0.018","2.000","sfo/residual_estimator/aux_service/u_xfft/U0/i_synth/axi_wrapper/sclr_int_reg/C","sfo/residual_estimator/aux_service/u_xfft/U0/i_synth/xfft_inst/non_floating_point.arch_d.xfft_inst/has_bit_reverse.pe_natural_out_reg[11]/R","clk500","clk500","1.899","1","-0.010","0.035"
"clk500","-0.018","2.000","sfo/residual_estimator/aux_service/u_xfft/U0/i_synth/axi_wrapper/sclr_int_reg/C","sfo/residual_estimator/aux_service/u_xfft/U0/i_synth/xfft_inst/non_floating_point.arch_d.xfft_inst/has_bit_reverse.pe_natural_out_reg[12]/R","clk500","clk500","1.899","1","-0.010","0.035"
"clk150","-0.018","6.667","cfo/estimator/backend/quality_core/fft_core/input_index_reg[1]_rep__22/C","cfo/estimator/backend/quality_core/fft_core/data_ram_reg[69][35]/D","clk150","clk150","6.666","1","-0.009","0.035"
"clk150","-0.018","6.667","sfo/two_pass_transport/first_resampling/engine/core/stream/lane_phase_reg[13][13]/C","sfo/two_pass_transport/first_resampling/engine/core/stream/arithmetic/real_channel[26].u_real/pre_ab2/g18.u_add/U0/xst_addsub/i_baseblox.i_baseblox_addsub/no_pipelining.the_addsub/i_lut6.i_lut6_addsub/i_q.i_simple.qreg/i_no_async_controls.output_reg[6]/D","clk150","clk150","6.666","9","-0.009","0.035"
"clk150","-0.018","6.667","sfo/two_pass_transport/shared_raw.hub/raw_store/ram_ra_reg[7]/C","sfo/two_pass_transport/shared_raw.hub/raw_store/memory/u_frame_memory/xpm_memory_base_inst/gen_wr_a.gen_word_narrow.mem_reg_uram_119/CAS_IN_ADDR_A[7]","clk150","clk150","6.183","7","0.035","0.035"
"clk150","-0.018","6.667","cfo/coarse_rotation/output4_reg[51]/C","cfo/coarse_banks[1].memory/u_frame_memory/xpm_memory_base_inst/gen_wr_a.gen_word_narrow.mem_reg_uram_15/CAS_IN_DIN_B[51]","clk150","clk150","6.411","7","0.035","0.035"
"clk150","-0.018","6.667","cfo/coarse_rotation/output4_reg[91]/C","cfo/coarse_banks[1].memory/u_frame_memory/xpm_memory_base_inst/gen_wr_a.gen_word_narrow.mem_reg_uram_161/CAS_IN_DIN_B[19]","clk150","clk150","6.373","7","0.034","0.035"
"clk150","-0.018","6.667","sfo/two_pass_transport/intermediate[0].intermediate_bank/write_next_reg[11]/C","sfo/two_pass_transport/intermediate[0].intermediate_bank/memory/u_frame_memory/xpm_memory_base_inst/gen_wr_a.gen_word_narrow.mem_reg_uram_121/CAS_IN_ADDR_B[11]","clk150","clk150","6.360","7","0.036","0.035"
"clk150","-0.018","6.667","sfo/two_pass_transport/first_resampling/engine/pack/m_data_reg[99]/C","sfo/two_pass_transport/intermediate[0].intermediate_bank/memory/u_frame_memory/xpm_memory_base_inst/gen_wr_a.gen_word_narrow.mem_reg_uram_129/CAS_IN_DIN_B[27]","clk150","clk150","6.382","7","0.034","0.035"
"clk150","-0.018","6.667","sfo/two_pass_transport/intermediate[0].intermediate_bank/write_gen_reg[17]/C","sfo/two_pass_transport/intermediate[0].intermediate_bank/memory/u_frame_memory/xpm_memory_base_inst/gen_wr_a.gen_word_narrow.mem_reg_uram_144/CAS_IN_BWE_B[7]","clk150","clk150","6.240","12","0.035","0.035"
"clk150","-0.018","6.667","poison_sync/syncstages_ff_reg[3]/C","cfo/coarse_banks[1].memory/u_frame_memory/xpm_memory_base_inst/gen_wr_a.gen_word_narrow.mem_reg_uram_5/CAS_IN_BWE_B[6]","clk150","clk150","6.336","10","0.035","0.035"
"clk500","-0.017","2.000","cfo/observation_front/index_stage_reg[1]/C","cfo/observation_front/coefficient_address_reg_1_2/ADDRARDADDR[6]","clk500","clk500","1.708","2","0.011","0.035"
"clk500","-0.017","2.000","cfo/observation_front/fft_core/FSM_sequential_state_reg[1]_rep/C","cfo/observation_front/fft_core/ar3_reg[5]/CE","clk500","clk500","1.914","1","-0.008","0.035"
"clk150","-0.017","6.667","sfo/two_pass_transport/second_resampling/engine/frame_id_reg[9]/C","sfo/two_pass_transport/output_buffer/storage/u_frame_memory/xpm_memory_base_inst/gen_wr_a.gen_word_narrow.mem_reg_bram_104/WEA[1]","clk150","clk150","6.266","7","0.011","0.035"
"clk500","-0.017","2.000","cfo/observation_front/m_frame_reg[11]/C","cfo/estimator/expected_window_reg[1]/D","clk500","clk500","1.999","6","-0.008","0.035"
"clk150","-0.017","6.667","poison_sync/syncstages_ff_reg[3]/C","cfo/coarse_banks[0].memory/u_frame_memory/xpm_memory_base_inst/gen_wr_a.gen_word_narrow.mem_reg_uram_129/CAS_IN_EN_B","clk150","clk150","6.395","12","0.035","0.035"
"clk150","-0.017","6.667","sfo/two_pass_transport/intermediate[0].intermediate_bank/write_gen_reg[17]/C","sfo/two_pass_transport/intermediate[0].intermediate_bank/memory/u_frame_memory/xpm_memory_base_inst/gen_wr_a.gen_word_narrow.mem_reg_uram_136/CAS_IN_BWE_B[6]","clk150","clk150","6.335","12","0.035","0.035"
"clk150","-0.017","6.667","sfo/two_pass_transport/first_resampling/engine/core/stream/lane_phase_reg[15][7]/C","sfo/two_pass_transport/first_resampling/engine/core/stream/lane_phase_reg[1][11]/D","clk150","clk150","6.663","18","-0.007","0.035"
"clk150","-0.016","6.667","sfo/two_pass_transport/first_resampling/engine/pack/m_data_reg[24]/C","sfo/two_pass_transport/intermediate[0].intermediate_bank/memory/u_frame_memory/xpm_memory_base_inst/gen_wr_a.gen_word_narrow.mem_reg_uram_63/CAS_IN_DIN_B[24]","clk150","clk150","6.375","7","0.036","0.035"
"clk150","-0.016","6.667","sfo/two_pass_transport/first_resampling/engine/core/stream/lane_phase_reg[15][7]/C","sfo/two_pass_transport/first_resampling/engine/core/stream/lane_phase_reg[1][20]/D","clk150","clk150","6.662","18","-0.008","0.035"
"clk150","-0.016","6.667","sfo/two_pass_transport/first_resampling/engine/core/stream/lane_phase_reg[15][7]/C","sfo/two_pass_transport/first_resampling/engine/core/stream/lane_phase_reg[1][22]/D","clk150","clk150","6.662","18","-0.008","0.035"
"clk500","-0.016","2.000","cfo/observation_front/fft_core/FSM_sequential_state_reg[0]/C","cfo/observation_front/fft_core/tag_reg[5][bank_a]/CE","clk500","clk500","1.912","1","-0.009","0.035"
"clk500","-0.016","2.000","cfo/observation_front/fft_core/FSM_sequential_state_reg[0]/C","cfo/observation_front/fft_core/tag_reg[5][row_a][4]/CE","clk500","clk500","1.912","1","-0.009","0.035"
"clk500","-0.016","2.000","cfo/observation_front/fft_core/FSM_sequential_state_reg[0]/C","cfo/observation_front/fft_core/tag_reg[5][row_a][9]/CE","clk500","clk500","1.912","1","-0.009","0.035"
"clk500","-0.016","2.000","cfo/observation_front/fft_core/FSM_sequential_state_reg[0]/C","cfo/observation_front/fft_core/tag_reg[5][row_b][6]/CE","clk500","clk500","1.912","1","-0.009","0.035"
"clk150","-0.016","6.667","sfo/two_pass_transport/second_resampling/engine/pack/m_data_reg[24]/C","sfo/two_pass_transport/output_buffer/storage/u_frame_memory/xpm_memory_base_inst/gen_wr_a.gen_word_narrow.mem_reg_bram_28/DINADIN[24]","clk150","clk150","6.392","0","0.009","0.035"
"clk150","-0.016","6.667","cfo/coarse_rotation/output4_reg[42]/C","cfo/coarse_banks[1].memory/u_frame_memory/xpm_memory_base_inst/gen_wr_a.gen_word_narrow.mem_reg_uram_47/CAS_IN_DIN_B[42]","clk150","clk150","6.366","7","0.034","0.035"
"clk150","-0.016","6.667","sfo/two_pass_transport/shared_raw.hub/raw_store/ram_ra_reg[9]/C","sfo/two_pass_transport/shared_raw.hub/raw_store/memory/u_frame_memory/xpm_memory_base_inst/gen_wr_a.gen_word_narrow.mem_reg_uram_167/CAS_IN_ADDR_A[9]","clk150","clk150","6.179","7","0.034","0.035"
"clk150","-0.016","6.667","sfo/two_pass_transport/first_resampling/engine/core/stream/lane_phase_reg[0][20]/C","sfo/two_pass_transport/first_resampling/engine/core/stream/arithmetic/real_channel[0].u_real/pre_da/g18.u_add/U0/xst_addsub/i_baseblox.i_baseblox_addsub/no_pipelining.the_addsub/i_lut6.i_lut6_addsub/i_q.i_simple.qreg/i_no_async_controls.output_reg[4]/D","clk150","clk150","6.660","8","-0.009","0.035"
"clk150","-0.015","6.667","sfo/two_pass_transport/second_resampling/engine/core/stream/lane_phase_reg[0][3]/C","sfo/two_pass_transport/second_resampling/engine/core/fir15_interpolator/m_axis_data_tdata_reg[147]/CE","clk150","clk150","6.579","16","-0.008","0.035"
"clk150","-0.015","6.667","sfo/two_pass_transport/second_resampling/engine/core/stream/lane_phase_reg[0][3]/C","sfo/two_pass_transport/second_resampling/engine/core/fir15_interpolator/m_axis_data_tdata_reg[151]/CE","clk150","clk150","6.579","16","-0.008","0.035"
"clk150","-0.015","6.667","sfo/two_pass_transport/second_resampling/engine/core/stream/lane_phase_reg[0][3]/C","sfo/two_pass_transport/second_resampling/engine/core/fir15_interpolator/m_axis_data_tdata_reg[155]/CE","clk150","clk150","6.579","16","-0.008","0.035"
"clk150","-0.015","6.667","sfo/two_pass_transport/second_resampling/engine/core/stream/lane_phase_reg[0][3]/C","sfo/two_pass_transport/second_resampling/engine/core/fir15_interpolator/m_axis_data_tdata_reg[470]/CE","clk150","clk150","6.579","16","-0.008","0.035"
"clk150","-0.015","6.667","sfo/two_pass_transport/second_resampling/engine/core/stream/lane_phase_reg[14][19]/C","sfo/two_pass_transport/second_resampling/engine/core/stream/arithmetic/real_channel[28].u_real/pre_da/g18.u_add/U0/xst_addsub/i_baseblox.i_baseblox_addsub/no_pipelining.the_addsub/i_lut6.i_lut6_addsub/i_q.i_simple.qreg/i_no_async_controls.output_reg[16]/D","clk150","clk150","6.662","7","-0.010","0.035"
"clk500","-0.015","2.000","sfo/initial_estimator/owner/fft/u_xfft/U0/i_synth/xfft_inst/non_floating_point.arch_d.xfft_inst/has_overflow.natural_ovflo.DOUT_DONE_E_CNT/no_early_reg.I_TC_reg/C","sfo/initial_estimator/owner/fft/u_xfft/U0/i_synth/xfft_inst/non_floating_point.arch_d.xfft_inst/pe_gen[1].natural_order_input.OVFLO_FIFO/rd_cnt_reg[0]/CE","clk500","clk500","1.911","1","-0.009","0.035"
"clk500","-0.015","2.000","sfo/initial_estimator/owner/fft/u_xfft/U0/i_synth/xfft_inst/non_floating_point.arch_d.xfft_inst/has_overflow.natural_ovflo.DOUT_DONE_E_CNT/no_early_reg.I_TC_reg/C","sfo/initial_estimator/owner/fft/u_xfft/U0/i_synth/xfft_inst/non_floating_point.arch_d.xfft_inst/pe_gen[1].natural_order_input.OVFLO_FIFO/rd_cnt_reg[2]/CE","clk500","clk500","1.911","1","-0.009","0.035"
"clk150","-0.015","6.667","sfo/two_pass_transport/second_resampling/engine/core/stream/lane_phase_reg[0][3]/C","sfo/two_pass_transport/second_resampling/engine/core/fir15_interpolator/m_axis_data_tdata_reg[148]/CE","clk150","clk150","6.580","16","-0.008","0.035"
"clk150","-0.015","6.667","sfo/two_pass_transport/second_resampling/engine/core/stream/lane_phase_reg[0][3]/C","sfo/two_pass_transport/second_resampling/engine/core/fir15_interpolator/m_axis_data_tdata_reg[152]/CE","clk150","clk150","6.580","16","-0.008","0.035"
"clk150","-0.015","6.667","sfo/two_pass_transport/second_resampling/engine/core/stream/lane_phase_reg[0][3]/C","sfo/two_pass_transport/second_resampling/engine/core/fir15_interpolator/m_axis_data_tdata_reg[156]/CE","clk150","clk150","6.580","16","-0.008","0.035"
"clk150","-0.015","6.667","sfo/two_pass_transport/second_resampling/engine/core/stream/lane_phase_reg[0][3]/C","sfo/two_pass_transport/second_resampling/engine/core/fir15_interpolator/m_axis_data_tdata_reg[471]/CE","clk150","clk150","6.580","16","-0.008","0.035"
"clk500","-0.015","2.000","cfo/reset_fast/arststages_ff_reg[3]/C","cfo/observation_front/fft_core/tag_reg[2][row_b][2]/R","clk500","clk500","1.898","0","-0.008","0.035"
"clk500","-0.015","2.000","cfo/reset_fast/arststages_ff_reg[3]/C","cfo/observation_front/fft_core/tag_reg[2][row_b][5]/R","clk500","clk500","1.898","0","-0.008","0.035"
"clk500","-0.015","2.000","cfo/reset_fast/arststages_ff_reg[3]/C","cfo/observation_front/fft_core/tag_reg[5][row_b][2]/R","clk500","clk500","1.898","0","-0.008","0.035"
"clk500","-0.015","2.000","cfo/reset_fast/arststages_ff_reg[3]/C","cfo/observation_front/fft_core/tag_reg[5][row_b][5]/R","clk500","clk500","1.898","0","-0.008","0.035"
"clk500","-0.015","2.000","sfo/residual_estimator/aux_service/u_xfft/U0/i_synth/xfft_inst/non_floating_point.arch_d.xfft_inst/FLOW/has_nfft._nfft_value.NFFT_int_tmp_reg[2]/C","sfo/residual_estimator/aux_service/u_xfft/U0/i_synth/xfft_inst/non_floating_point.arch_d.xfft_inst/FLOW/has_nfft.counter_limit_reg[6].max_n_int_minus_one_ff/D","clk500","clk500","1.997","1","-0.008","0.035"
"clk150","-0.015","6.667","cfo/coarse_banks[1].memory/u_frame_memory/xpm_memory_base_inst/gen_wr_a.gen_word_narrow.mem_reg_uram_90/CLK","cfo/coarse_banks[1].memory/u_frame_memory/xpm_memory_base_inst/gen_rd_b.gen_doutb_pipe.doutb_pipe_reg[0][120]/D","clk150","clk150","6.606","12","-0.063","0.035"
"clk150","-0.015","6.667","sfo/two_pass_transport/shared_raw.hub/raw_store/rv_reg[0]/C","sfo/two_pass_transport/shared_raw.hub/raw_store/memory/u_frame_memory/xpm_memory_base_inst/gen_wr_a.gen_word_narrow.mem_reg_uram_142/CAS_IN_EN_A","clk150","clk150","6.241","6","0.034","0.035"
"clk150","-0.014","6.667","sfo/two_pass_transport/first_resampling/engine/pack/m_data_reg[19]/C","sfo/two_pass_transport/intermediate[1].intermediate_bank/memory/u_frame_memory/xpm_memory_base_inst/gen_wr_a.gen_word_narrow.mem_reg_uram_47/CAS_IN_DIN_B[19]","clk150","clk150","6.380","7","0.035","0.035"
"clk150","-0.014","6.667","sfo/two_pass_transport/first_resampling/engine/core/stream/lane_phase_reg[15][7]/C","sfo/two_pass_transport/first_resampling/engine/core/stream/lane_phase_reg[5][14]/CE","clk150","clk150","6.575","18","-0.008","0.035"
"clk150","-0.014","6.667","sfo/two_pass_transport/first_resampling/engine/core/stream/lane_phase_reg[15][7]/C","sfo/two_pass_transport/first_resampling/engine/core/stream/lane_phase_reg[14][22]/CE","clk150","clk150","6.575","18","-0.008","0.035"
"clk150","-0.014","6.667","sfo/two_pass_transport/first_resampling/engine/core/stream/lane_phase_reg[15][7]/C","sfo/two_pass_transport/first_resampling/engine/core/stream/lane_phase_reg[14][23]/CE","clk150","clk150","6.576","18","-0.008","0.035"
"clk150","-0.014","6.667","sfo/two_pass_transport/first_resampling/engine/core/stream/lane_phase_reg[15][7]/C","sfo/two_pass_transport/first_resampling/engine/core/stream/lane_phase_reg[14][24]/CE","clk150","clk150","6.575","18","-0.008","0.035"
"clk150","-0.014","6.667","sfo/two_pass_transport/first_resampling/engine/core/stream/lane_phase_reg[15][7]/C","sfo/two_pass_transport/first_resampling/engine/core/stream/lane_phase_reg[14][25]/CE","clk150","clk150","6.576","18","-0.008","0.035"
"clk150","-0.014","6.667","sfo/two_pass_transport/second_resampling/engine/core/stream/lane_phase_reg[0][3]/C","sfo/two_pass_transport/second_resampling/engine/core/stream/ring_reg[32][4]/CE","clk150","clk150","6.578","16","-0.007","0.035"
"clk500","-0.014","2.000","cfo/observation_front/fft_core/FSM_sequential_state_reg[1]_rep/C","cfo/observation_front/fft_core/tag_reg[3][row_a][3]/CE","clk500","clk500","1.911","1","-0.007","0.035"
"clk500","-0.014","2.000","sfo/residual_estimator/aux_service/u_xfft/U0/i_synth/axi_wrapper/reset_pipe_reg[1]/C","sfo/residual_estimator/aux_service/u_xfft/U0/i_synth/axi_wrapper/data_out_channel/gen_real_time.data_out_reg[11]/CE","clk500","clk500","1.911","1","-0.008","0.035"
"clk500","-0.014","2.000","sfo/residual_estimator/aux_service/u_xfft/U0/i_synth/axi_wrapper/reset_pipe_reg[1]/C","sfo/residual_estimator/aux_service/u_xfft/U0/i_synth/axi_wrapper/data_out_channel/gen_real_time.data_out_reg[1]/CE","clk500","clk500","1.911","1","-0.008","0.035"
"clk500","-0.014","2.000","sfo/residual_estimator/aux_service/u_xfft/U0/i_synth/axi_wrapper/reset_pipe_reg[1]/C","sfo/residual_estimator/aux_service/u_xfft/U0/i_synth/axi_wrapper/data_out_channel/gen_real_time.data_out_reg[5]/CE","clk500","clk500","1.911","1","-0.008","0.035"
"clk500","-0.014","2.000","sfo/residual_estimator/aux_service/u_xfft/U0/i_synth/axi_wrapper/reset_pipe_reg[1]/C","sfo/residual_estimator/aux_service/u_xfft/U0/i_synth/axi_wrapper/data_out_channel/gen_real_time.data_out_reg[6]/CE","clk500","clk500","1.911","1","-0.008","0.035"
"clk500","-0.014","2.000","cfo/estimator/observation_fifo/gnuram_async_fifo.xpm_fifo_base_inst/xpm_fifo_rst_inst/gen_rst_ic.wr_rst_busy_ic_reg/C","cfo/observation_front/sum_q_reg[24]/R","clk500","clk500","1.896","4","-0.009","0.035"
"clk500","-0.014","2.000","cfo/estimator/observation_fifo/gnuram_async_fifo.xpm_fifo_base_inst/xpm_fifo_rst_inst/gen_rst_ic.wr_rst_busy_ic_reg/C","cfo/observation_front/sum_q_reg[25]/R","clk500","clk500","1.896","4","-0.009","0.035"
"clk500","-0.014","2.000","cfo/estimator/observation_fifo/gnuram_async_fifo.xpm_fifo_base_inst/xpm_fifo_rst_inst/gen_rst_ic.wr_rst_busy_ic_reg/C","cfo/observation_front/sum_q_reg[26]/R","clk500","clk500","1.896","4","-0.009","0.035"
"clk500","-0.014","2.000","cfo/estimator/observation_fifo/gnuram_async_fifo.xpm_fifo_base_inst/xpm_fifo_rst_inst/gen_rst_ic.wr_rst_busy_ic_reg/C","cfo/observation_front/sum_q_reg[27]/R","clk500","clk500","1.896","4","-0.009","0.035"
"clk150","-0.014","6.667","sfo/two_pass_transport/fault_125_to_150/syncstages_ff_reg[1]/C","sfo/two_pass_transport/intermediate[1].intermediate_bank/memory/u_frame_memory/xpm_memory_base_inst/gen_wr_a.gen_word_narrow.mem_reg_uram_153/CAS_IN_BWE_B[4]","clk150","clk150","6.289","14","0.036","0.035"
"clk150","-0.014","6.667","cfo/coarse_rotation/output4_reg[89]/C","cfo/coarse_banks[0].memory/u_frame_memory/xpm_memory_base_inst/gen_wr_a.gen_word_narrow.mem_reg_uram_129/CAS_IN_DIN_B[17]","clk150","clk150","6.320","7","0.034","0.035"
"clk150","-0.014","6.667","sfo/two_pass_transport/shared_raw.hub/raw_store/ram_ra_reg[15]/C","sfo/two_pass_transport/shared_raw.hub/raw_store/memory/u_frame_memory/xpm_memory_base_inst/gen_wr_a.gen_word_narrow.mem_reg_uram_47/CAS_IN_ADDR_A[15]","clk150","clk150","6.158","7","0.036","0.035"
"clk150","-0.014","6.667","cfo/coarse_rotation/output4_reg[26]/C","cfo/coarse_banks[1].memory/u_frame_memory/xpm_memory_base_inst/gen_wr_a.gen_word_narrow.mem_reg_uram_39/CAS_IN_DIN_B[26]","clk150","clk150","6.347","7","0.035","0.035"
"clk500","-0.013","2.000","sfo/initial_estimator/owner/fft/u_xfft/U0/i_synth/xfft_inst/non_floating_point.arch_d.xfft_inst/has_overflow.natural_ovflo.DOUT_DONE_E_CNT/no_early_reg.I_TC_reg/C","sfo/initial_estimator/owner/fft/u_xfft/U0/i_synth/xfft_inst/non_floating_point.arch_d.xfft_inst/pe_gen[1].natural_order_input.OVFLO_FIFO/rd_cnt_reg[1]/CE","clk500","clk500","1.909","1","-0.009","0.035"
"clk500","-0.013","2.000","sfo/initial_estimator/owner/fft/u_xfft/U0/i_synth/xfft_inst/non_floating_point.arch_d.xfft_inst/has_overflow.natural_ovflo.DOUT_DONE_E_CNT/no_early_reg.I_TC_reg/C","sfo/initial_estimator/owner/fft/u_xfft/U0/i_synth/xfft_inst/non_floating_point.arch_d.xfft_inst/pe_gen[1].natural_order_input.OVFLO_FIFO/rd_cnt_reg[3]/CE","clk500","clk500","1.909","1","-0.009","0.035"
"clk150","-0.013","6.667","sfo/two_pass_transport/first_resampling/engine/core/stream/lane_phase_reg[15][7]/C","sfo/two_pass_transport/first_resampling/engine/core/stream/lane_phase_reg[13][0]/D","clk150","clk150","6.659","18","-0.008","0.035"
"clk150","-0.013","6.667","sfo/two_pass_transport/second_resampling/engine/core/stream/lane_phase_reg[14][19]/C","sfo/two_pass_transport/second_resampling/engine/core/stream/arithmetic/real_channel[28].u_real/pre_da/g18.u_add/U0/xst_addsub/i_baseblox.i_baseblox_addsub/no_pipelining.the_addsub/i_lut6.i_lut6_addsub/i_q.i_simple.qreg/i_no_async_controls.output_reg[14]/D","clk150","clk150","6.660","7","-0.010","0.035"
"clk500","-0.013","2.000","sfo/initial_estimator/owner/fft/u_xfft/U0/i_synth/xfft_inst/non_floating_point.arch_d.xfft_inst/pe_gen[0].natural_order_input.PE/hasbf2.FB_2.BF_2/mem_mux_and_reg_upper_im/slicel_slicem_implementation.mux/use_lut6_2.latency1.Q_reg[5]/C","sfo/initial_estimator/owner/fft/u_xfft/U0/i_synth/xfft_inst/non_floating_point.arch_d.xfft_inst/pe_gen[0].natural_order_input.PE/hasbf2.FB_2.BF_2/MEM/blk_ram.use_bram_only.mem/depths_3to9.ram_loop[0].use_RAMB18.SDP_RAMB18E1_36x512/DINBDIN[5]","clk500","clk500","1.720","0","0.010","0.035"
"clk500","-0.013","2.000","cfo/observation_front/fft_core/FSM_sequential_state_reg[1]_rep/C","cfo/observation_front/fft_core/ai3_reg[14]/CE","clk500","clk500","1.910","1","-0.007","0.035"
"clk150","-0.013","6.667","cfo/coarse_rotation/output4_reg[97]/C","cfo/coarse_banks[1].memory/u_frame_memory/xpm_memory_base_inst/gen_wr_a.gen_word_narrow.mem_reg_uram_161/CAS_IN_DIN_B[25]","clk150","clk150","6.338","7","0.034","0.035"
"clk150","-0.013","6.667","poison_sync/syncstages_ff_reg[3]/C","cfo/coarse_banks[0].memory/u_frame_memory/xpm_memory_base_inst/gen_wr_a.gen_word_narrow.mem_reg_uram_97/CAS_IN_BWE_B[7]","clk150","clk150","6.235","12","0.035","0.035"
"clk150","-0.013","6.667","poison_sync/syncstages_ff_reg[3]/C","cfo/coarse_banks[1].memory/u_frame_memory/xpm_memory_base_inst/gen_wr_a.gen_word_narrow.mem_reg_uram_30/CAS_IN_BWE_B[8]","clk150","clk150","6.262","11","0.035","0.035"
"clk150","-0.013","6.667","sfo/two_pass_transport/shared_raw.hub/raw_store/rv_reg[0]/C","sfo/two_pass_transport/shared_raw.hub/raw_store/memory/u_frame_memory/xpm_memory_base_inst/gen_wr_a.gen_word_narrow.mem_reg_uram_103/CAS_IN_EN_A","clk150","clk150","6.239","7","0.034","0.035"
"clk150","-0.012","6.667","sfo/two_pass_transport/first_resampling/engine/core/stream/lane_phase_reg[5][20]/C","sfo/two_pass_transport/first_resampling/engine/core/stream/arithmetic/real_channel[11].u_real/pre_ab2/g18.u_add/U0/xst_addsub/i_baseblox.i_baseblox_addsub/no_pipelining.the_addsub/i_lut6.i_lut6_addsub/i_q.i_simple.qreg/i_no_async_controls.output_reg[2]/D","clk150","clk150","6.659","9","-0.010","0.035"
"clk150","-0.012","6.667","sfo/two_pass_transport/first_resampling/engine/core/stream/lane_phase_reg[13][13]/C","sfo/two_pass_transport/first_resampling/engine/core/stream/arithmetic/real_channel[26].u_real/pre_ca/g18.u_add/U0/xst_addsub/i_baseblox.i_baseblox_addsub/no_pipelining.the_addsub/i_lut6.i_lut6_addsub/i_q.i_simple.qreg/i_no_async_controls.output_reg[8]/D","clk150","clk150","6.660","9","-0.009","0.035"
"clk500","-0.012","2.000","sfo/residual_estimator/front_stage/main/service/u_xfft/U0/i_synth/xfft_inst/non_floating_point.arch_d.xfft_inst/reset_delays[1].other.reset_del_reg[1]/C","sfo/residual_estimator/front_stage/main/service/u_xfft/U0/i_synth/xfft_inst/non_floating_point.arch_d.xfft_inst/pe_gen[1].natural_order_input.OVFLO_FIFO/delay_reg[15][0]_srl16/CE","clk500","clk500","1.810","1","0.013","0.035"
"clk500","-0.012","2.000","cfo/observation_front/fft_core/FSM_sequential_state_reg[1]_rep/C","cfo/observation_front/fft_core/ai2_reg[25]/CE","clk500","clk500","1.909","1","-0.008","0.035"
"clk500","-0.012","2.000","cfo/observation_front/fft_core/FSM_sequential_state_reg[1]_rep/C","cfo/observation_front/fft_core/ai2_reg[8]/CE","clk500","clk500","1.909","1","-0.008","0.035"
"clk500","-0.012","2.000","cfo/windows/packed_windows/fifo/gnuram_async_fifo.xpm_fifo_base_inst/rdp_inst/count_value_i_reg[6]/C","cfo/windows/packed_windows/fifo/gnuram_async_fifo.xpm_fifo_base_inst/gen_sdpram.xpm_memory_base_inst/gen_wr_a.gen_word_narrow.mem_reg_bram_12/ADDRBWRADDR[10]","clk500","clk500","1.678","0","0.010","0.035"
"clk500","-0.012","2.000","cfo/reset_fast/arststages_ff_reg[3]/C","cfo/observation_front/fft_core/tag_reg[3][row_b][2]/R","clk500","clk500","1.895","0","-0.008","0.035"
"clk500","-0.012","2.000","cfo/reset_fast/arststages_ff_reg[3]/C","cfo/observation_front/fft_core/tag_reg[3][row_b][5]/R","clk500","clk500","1.895","0","-0.008","0.035"
"clk500","-0.012","2.000","cfo/reset_fast/arststages_ff_reg[3]/C","cfo/observation_front/fft_core/tag_reg[4][row_b][2]/R","clk500","clk500","1.895","0","-0.008","0.035"
"clk500","-0.012","2.000","cfo/reset_fast/arststages_ff_reg[3]/C","cfo/observation_front/fft_core/tag_reg[4][row_b][5]/R","clk500","clk500","1.895","0","-0.008","0.035"
"clk150","-0.012","6.667","sfo/two_pass_transport/intermediate[0].intermediate_bank/write_gen_reg[17]/C","sfo/two_pass_transport/intermediate[0].intermediate_bank/memory/u_frame_memory/xpm_memory_base_inst/gen_wr_a.gen_word_narrow.mem_reg_uram_89/CAS_IN_BWE_B[3]","clk150","clk150","6.337","13","0.035","0.035"
"clk150","-0.012","6.667","cfo/coarse_rotation/output4_reg[87]/C","cfo/coarse_banks[0].memory/u_frame_memory/xpm_memory_base_inst/gen_wr_a.gen_word_narrow.mem_reg_uram_137/CAS_IN_DIN_B[15]","clk150","clk150","6.350","7","0.035","0.035"
"clk150","-0.012","6.667","sfo/two_pass_transport/intermediate[0].intermediate_bank/write_gen_reg[17]/C","sfo/two_pass_transport/intermediate[0].intermediate_bank/memory/u_frame_memory/xpm_memory_base_inst/gen_wr_a.gen_word_narrow.mem_reg_uram_145/CAS_IN_EN_B","clk150","clk150","6.390","13","0.035","0.035"
"clk150","-0.012","6.667","sfo/two_pass_transport/intermediate[0].intermediate_bank/write_gen_reg[17]/C","sfo/two_pass_transport/intermediate[0].intermediate_bank/memory/u_frame_memory/xpm_memory_base_inst/gen_wr_a.gen_word_narrow.mem_reg_uram_159/CAS_IN_BWE_B[2]","clk150","clk150","6.373","11","0.035","0.035"
"clk150","-0.012","6.667","cfo/coarse_rotation/output4_reg[29]/C","cfo/coarse_banks[0].memory/u_frame_memory/xpm_memory_base_inst/gen_wr_a.gen_word_narrow.mem_reg_uram_63/CAS_IN_DIN_B[29]","clk150","clk150","6.386","7","0.036","0.035"
"clk150","-0.012","6.667","cfo/coarse_rotation/output4_reg[2]/C","cfo/coarse_banks[1].memory/u_frame_memory/xpm_memory_base_inst/gen_wr_a.gen_word_narrow.mem_reg_uram_15/CAS_IN_DIN_B[2]","clk150","clk150","6.402","7","0.035","0.035"
"clk150","-0.011","6.667","sfo/two_pass_transport/first_resampling/engine/core/stream/lane_phase_reg[11][15]/C","sfo/two_pass_transport/first_resampling/engine/core/stream/arithmetic/real_channel[22].u_real/pre_ca/g18.u_add/U0/xst_addsub/i_baseblox.i_baseblox_addsub/no_pipelining.the_addsub/i_lut6.i_lut6_addsub/i_q.i_simple.qreg/i_no_async_controls.output_reg[13]/D","clk150","clk150","6.659","10","-0.009","0.035"
"clk150","-0.011","6.667","sfo/two_pass_transport/second_resampling/engine/frame_id_reg[9]/C","sfo/two_pass_transport/output_buffer/storage/u_frame_memory/xpm_memory_base_inst/gen_wr_a.gen_word_narrow.mem_reg_bram_104/WEA[0]","clk150","clk150","6.260","7","0.011","0.035"
"clk500","-0.011","2.000","cfo/windows/packed_windows/fifo/gnuram_async_fifo.xpm_fifo_base_inst/rdp_inst/count_value_i_reg[9]/C","cfo/windows/packed_windows/fifo/gnuram_async_fifo.xpm_fifo_base_inst/gen_sdpram.xpm_memory_base_inst/gen_wr_a.gen_word_narrow.mem_reg_bram_12/ADDRBWRADDR[13]","clk500","clk500","1.696","0","0.010","0.035"
"clk500","-0.011","2.000","sfo/residual_estimator/front_stage/main/service/u_xfft/U0/i_synth/xfft_inst/non_floating_point.arch_d.xfft_inst/has_overflow.natural_ovflo.DOUT_DONE_E_CNT/no_early_reg.I_TC_reg/C","sfo/residual_estimator/front_stage/main/service/u_xfft/U0/i_synth/xfft_inst/non_floating_point.arch_d.xfft_inst/pe_gen[1].natural_order_input.OVFLO_FIFO/rd_cnt_reg[2]/D","clk500","clk500","1.992","1","-0.009","0.035"
"clk150","-0.011","6.667","sfo/two_pass_transport/first_resampling/engine/core/stream/lane_phase_reg[15][7]/C","sfo/two_pass_transport/first_resampling/engine/core/stream/lane_phase_reg[13][23]/D","clk150","clk150","6.657","18","-0.008","0.035"
"clk500","-0.011","2.000","cfo/estimator/observation_fifo/gnuram_async_fifo.xpm_fifo_base_inst/xpm_fifo_rst_inst/gen_rst_ic.wr_rst_busy_ic_reg/C","cfo/observation_front/sum_q_reg[28]/R","clk500","clk500","1.893","4","-0.009","0.035"
"clk500","-0.011","2.000","cfo/estimator/observation_fifo/gnuram_async_fifo.xpm_fifo_base_inst/xpm_fifo_rst_inst/gen_rst_ic.wr_rst_busy_ic_reg/C","cfo/observation_front/sum_q_reg[29]/R","clk500","clk500","1.893","4","-0.009","0.035"
"clk500","-0.011","2.000","cfo/estimator/observation_fifo/gnuram_async_fifo.xpm_fifo_base_inst/xpm_fifo_rst_inst/gen_rst_ic.wr_rst_busy_ic_reg/C","cfo/observation_front/sum_q_reg[30]/R","clk500","clk500","1.893","4","-0.009","0.035"
"clk500","-0.011","2.000","cfo/estimator/observation_fifo/gnuram_async_fifo.xpm_fifo_base_inst/xpm_fifo_rst_inst/gen_rst_ic.wr_rst_busy_ic_reg/C","cfo/observation_front/sum_q_reg[31]/R","clk500","clk500","1.893","4","-0.009","0.035"
"clk500","-0.011","2.000","sfo/residual_estimator/aux_service/u_xfft/U0/i_synth/axi_wrapper/gen_has_nfft.nfft_we_int_reg/C","sfo/residual_estimator/aux_service/u_xfft/U0/i_synth/xfft_inst/non_floating_point.arch_d.xfft_inst/has_bit_reverse.var_pt_size_muxed_addresses.left_shifter/delay_output/no_sclr_lut.real_shift_ram.use_baseblock.use_hlutnm_srls.srl_loop[2].i_fdre0/R","clk500","clk500","1.895","1","-0.007","0.035"
"clk500","-0.011","2.000","sfo/residual_estimator/aux_service/u_xfft/U0/i_synth/axi_wrapper/gen_has_nfft.nfft_we_int_reg/C","sfo/residual_estimator/aux_service/u_xfft/U0/i_synth/xfft_inst/non_floating_point.arch_d.xfft_inst/has_bit_reverse.var_pt_size_muxed_addresses.left_shifter/delay_output/no_sclr_lut.real_shift_ram.use_baseblock.use_hlutnm_srls.srl_loop[2].i_fdre1/R","clk500","clk500","1.895","1","-0.007","0.035"
"clk500","-0.011","2.000","sfo/residual_estimator/aux_service/u_xfft/U0/i_synth/axi_wrapper/gen_has_nfft.nfft_we_int_reg/C","sfo/residual_estimator/aux_service/u_xfft/U0/i_synth/xfft_inst/non_floating_point.arch_d.xfft_inst/has_bit_reverse.var_pt_size_muxed_addresses.left_shifter/delay_output/no_sclr_lut.real_shift_ram.use_baseblock.use_hlutnm_srls.srl_loop[3].i_fdre0/R","clk500","clk500","1.895","1","-0.007","0.035"
"clk500","-0.011","2.000","sfo/residual_estimator/aux_service/u_xfft/U0/i_synth/axi_wrapper/gen_has_nfft.nfft_we_int_reg/C","sfo/residual_estimator/aux_service/u_xfft/U0/i_synth/xfft_inst/non_floating_point.arch_d.xfft_inst/has_bit_reverse.var_pt_size_muxed_addresses.left_shifter/delay_output/no_sclr_lut.real_shift_ram.use_baseblock.use_hlutnm_srls.srl_loop[3].i_fdre1/R","clk500","clk500","1.895","1","-0.007","0.035"
"clk500","-0.011","2.000","sfo/residual_estimator/aux_service/u_xfft/U0/i_synth/axi_wrapper/gen_has_nfft.nfft_we_int_reg/C","sfo/residual_estimator/aux_service/u_xfft/U0/i_synth/xfft_inst/non_floating_point.arch_d.xfft_inst/has_bit_reverse.var_pt_size_muxed_addresses.left_shifter/delay_output/no_sclr_lut.real_shift_ram.use_baseblock.use_hlutnm_srls.srl_loop[4].i_fdre0/R","clk500","clk500","1.895","1","-0.007","0.035"
"clk500","-0.011","2.000","sfo/residual_estimator/aux_service/u_xfft/U0/i_synth/axi_wrapper/gen_has_nfft.nfft_we_int_reg/C","sfo/residual_estimator/aux_service/u_xfft/U0/i_synth/xfft_inst/non_floating_point.arch_d.xfft_inst/has_bit_reverse.var_pt_size_muxed_addresses.left_shifter/delay_output/no_sclr_lut.real_shift_ram.use_baseblock.use_hlutnm_srls.srl_loop[4].i_fdre1/R","clk500","clk500","1.895","1","-0.007","0.035"
"clk150","-0.011","6.667","cfo/coarse_rotation/output4_reg[52]/C","cfo/coarse_banks[1].memory/u_frame_memory/xpm_memory_base_inst/gen_wr_a.gen_word_narrow.mem_reg_uram_15/CAS_IN_DIN_B[52]","clk150","clk150","6.352","7","0.035","0.035"
"clk150","-0.011","6.667","sfo/two_pass_transport/intermediate[0].intermediate_bank/write_gen_reg[17]/C","sfo/two_pass_transport/intermediate[0].intermediate_bank/memory/u_frame_memory/xpm_memory_base_inst/gen_wr_a.gen_word_narrow.mem_reg_uram_104/CAS_IN_BWE_B[1]","clk150","clk150","6.372","12","0.035","0.035"
"clk150","-0.011","6.667","sfo/two_pass_transport/first_resampling/engine/pack/m_data_reg[120]/C","sfo/two_pass_transport/intermediate[0].intermediate_bank/memory/u_frame_memory/xpm_memory_base_inst/gen_wr_a.gen_word_narrow.mem_reg_uram_129/CAS_IN_DIN_B[48]","clk150","clk150","6.366","7","0.034","0.035"
"clk150","-0.011","6.667","cfo/coarse_rotation/output4_reg[30]/C","cfo/coarse_banks[1].memory/u_frame_memory/xpm_memory_base_inst/gen_wr_a.gen_word_narrow.mem_reg_uram_46/CAS_IN_DIN_B[30]","clk150","clk150","6.398","6","0.035","0.035"
"clk150","-0.011","6.667","sfo/two_pass_transport/shared_raw.hub/raw_store/ram_ra_reg[16]/C","sfo/two_pass_transport/shared_raw.hub/raw_store/memory/u_frame_memory/xpm_memory_base_inst/gen_wr_a.gen_word_narrow.mem_reg_uram_119/CAS_IN_ADDR_A[16]","clk150","clk150","6.160","7","0.035","0.035"
"clk150","-0.011","6.667","sfo/two_pass_transport/intermediate[0].intermediate_bank/write_gen_reg[17]/C","sfo/two_pass_transport/intermediate[0].intermediate_bank/memory/u_frame_memory/xpm_memory_base_inst/gen_wr_a.gen_word_narrow.mem_reg_uram_128/CAS_IN_BWE_B[4]","clk150","clk150","6.275","12","0.035","0.035"
"clk150","-0.011","6.667","sfo/two_pass_transport/first_resampling/engine/core/stream/lane_phase_reg[15][7]/C","sfo/two_pass_transport/first_resampling/engine/core/stream/lane_phase_reg[14][0]/CE","clk150","clk150","6.571","18","-0.007","0.035"
"clk150","-0.011","6.667","sfo/two_pass_transport/first_resampling/engine/core/stream/lane_phase_reg[0][20]/C","sfo/two_pass_transport/first_resampling/engine/core/stream/arithmetic/real_channel[0].u_real/pre_da/g18.u_add/U0/xst_addsub/i_baseblox.i_baseblox_addsub/no_pipelining.the_addsub/i_lut6.i_lut6_addsub/i_q.i_simple.qreg/i_no_async_controls.output_reg[3]/D","clk150","clk150","6.655","8","-0.009","0.035"
"clk150","-0.010","6.667","sfo/two_pass_transport/first_resampling/engine/core/stream/lane_phase_reg[15][7]/C","sfo/two_pass_transport/first_resampling/engine/core/stream/lane_phase_reg[5][2]/D","clk150","clk150","6.656","18","-0.008","0.035"
"clk150","-0.010","6.667","sfo/two_pass_transport/first_resampling/engine/core/stream/lane_phase_reg[15][7]/C","sfo/two_pass_transport/first_resampling/engine/core/stream/lane_phase_reg[5][3]/D","clk150","clk150","6.656","18","-0.008","0.035"
"clk150","-0.010","6.667","sfo/two_pass_transport/second_resampling/engine/pack/m_data_reg[26]/C","sfo/two_pass_transport/output_buffer/storage/u_frame_memory/xpm_memory_base_inst/gen_wr_a.gen_word_narrow.mem_reg_bram_30/DINADIN[26]","clk150","clk150","6.411","0","0.011","0.035"
"clk150","-0.010","6.667","sfo/two_pass_transport/second_resampling/engine/core/stream/lane_phase_reg[0][3]/C","sfo/two_pass_transport/second_resampling/engine/core/stream/ring_reg[28][1]/CE","clk150","clk150","6.574","16","-0.008","0.035"
"clk500","-0.010","2.000","sfo/initial_estimator/owner/fft/u_xfft/U0/i_synth/xfft_inst/non_floating_point.arch_d.xfft_inst/has_overflow.natural_ovflo.DOUT_DONE_E_CNT/no_early_reg.I_TC_reg/C","sfo/initial_estimator/owner/fft/u_xfft/U0/i_synth/xfft_inst/non_floating_point.arch_d.xfft_inst/pe_gen[0].natural_order_input.OVFLO_FIFO/re_reg_reg/D","clk500","clk500","1.992","0","-0.008","0.035"
"clk150","-0.010","6.667","sfo/two_pass_transport/first_resampling/engine/core/stream/lane_phase_reg[13][13]/C","sfo/two_pass_transport/first_resampling/engine/core/stream/arithmetic/real_channel[26].u_real/pre_ca/g18.u_add/U0/xst_addsub/i_baseblox.i_baseblox_addsub/no_pipelining.the_addsub/i_lut6.i_lut6_addsub/i_q.i_simple.qreg/i_no_async_controls.output_reg[6]/D","clk150","clk150","6.658","9","-0.009","0.035"
"clk150","-0.010","6.667","sfo/two_pass_transport/intermediate[0].intermediate_bank/write_gen_reg[17]/C","sfo/two_pass_transport/intermediate[0].intermediate_bank/memory/u_frame_memory/xpm_memory_base_inst/gen_wr_a.gen_word_narrow.mem_reg_uram_143/CAS_IN_EN_A","clk150","clk150","6.237","11","0.035","0.035"
"clk150","-0.010","6.667","sfo/two_pass_transport/first_resampling/engine/core/stream/lane_phase_reg[15][7]/C","sfo/two_pass_transport/first_resampling/engine/core/stream/lane_phase_reg[14][1]/CE","clk150","clk150","6.571","18","-0.007","0.035"
"clk150","-0.009","6.667","cfo/coarse_banks[1].memory/u_frame_memory/xpm_memory_base_inst/gen_wr_a.gen_word_narrow.mem_reg_uram_0/CLK","cfo/coarse_banks[1].memory/u_frame_memory/xpm_memory_base_inst/gen_rd_b.gen_doutb_pipe.doutb_pipe_reg[0][2]/D","clk150","clk150","6.603","12","-0.063","0.035"
"clk500","-0.009","2.000","cfo/observation_front/index_stage_reg[1]/C","cfo/observation_front/coefficient_address_reg_0_1/ENARDEN","clk500","clk500","1.643","4","0.011","0.035"
"clk500","-0.009","2.000","sfo/residual_estimator/aux_service/u_xfft/U0/i_synth/xfft_inst/non_floating_point.arch_d.xfft_inst/pe_gen[0].natural_order_input.PE/hasbf2.FB_2.BF_2/MEM/blk_ram.use_bram_only.mem/depth_12_s6_depth_11.use_fabric_register.doutb_tmp_reg[28]/C","sfo/residual_estimator/aux_service/u_xfft/U0/i_synth/xfft_inst/non_floating_point.arch_d.xfft_inst/pe_gen[0].natural_order_input.PE/hasbf2.FB_2.BF_2/BTFLY0/logic_bfly_byp.add_r/adder/i_baseblox.i_baseblox_addsub/no_pipelining.the_addsub/i_lut6.i_lut6_addsub/i_q.i_simple.qreg/i_no_async_controls.output_reg[16]/D","clk500","clk500","1.991","2","-0.008","0.035"
"clk500","-0.009","2.000","sfo/residual_estimator/aux_service/u_xfft/U0/i_synth/xfft_inst/non_floating_point.arch_d.xfft_inst/timing_cnts_has_nfft.run_time_sel_reg[4]/C","sfo/residual_estimator/aux_service/u_xfft/U0/i_synth/xfft_inst/non_floating_point.arch_d.xfft_inst/pe_gen[3].natural_order_input.PE/bypass_muxes.din_re_mux_gen[7].reg/D","clk500","clk500","1.990","1","-0.009","0.035"
"clk500","-0.009","2.000","cfo/observation_front/fft_core/FSM_sequential_state_reg[0]/C","cfo/observation_front/fft_core/ar4_reg[2]/CE","clk500","clk500","1.905","1","-0.009","0.035"
"clk150","-0.009","6.667","sfo/two_pass_transport/intermediate[0].intermediate_bank/issued_reg[0]/C","sfo/two_pass_transport/intermediate[0].intermediate_bank/memory/u_frame_memory/xpm_memory_base_inst/gen_wr_a.gen_word_narrow.mem_reg_uram_97/CAS_IN_ADDR_A[0]","clk150","clk150","6.167","9","0.034","0.035"
"clk150","-0.009","6.667","cfo/coarse_rotation/output4_reg[78]/C","cfo/coarse_banks[0].memory/u_frame_memory/xpm_memory_base_inst/gen_wr_a.gen_word_narrow.mem_reg_uram_97/CAS_IN_DIN_B[6]","clk150","clk150","6.406","7","0.036","0.035"
"clk150","-0.009","6.667","cfo/coarse_rotation/output4_reg[16]/C","cfo/coarse_banks[1].memory/u_frame_memory/xpm_memory_base_inst/gen_wr_a.gen_word_narrow.mem_reg_uram_15/CAS_IN_DIN_B[16]","clk150","clk150","6.372","7","0.035","0.035"
"clk150","-0.009","6.667","sfo/two_pass_transport/intermediate[0].intermediate_bank/write_gen_reg[17]/C","sfo/two_pass_transport/intermediate[0].intermediate_bank/memory/u_frame_memory/xpm_memory_base_inst/gen_wr_a.gen_word_narrow.mem_reg_uram_159/CAS_IN_BWE_B[3]","clk150","clk150","6.334","11","0.035","0.035"
"clk150","-0.009","6.667","sfo/two_pass_transport/intermediate[0].intermediate_bank/write_gen_reg[17]/C","sfo/two_pass_transport/intermediate[0].intermediate_bank/memory/u_frame_memory/xpm_memory_base_inst/gen_wr_a.gen_word_narrow.mem_reg_uram_103/CAS_IN_BWE_B[6]","clk150","clk150","6.327","11","0.035","0.035"
"clk150","-0.009","6.667","poison_sync/syncstages_ff_reg[3]/C","cfo/coarse_banks[0].memory/u_frame_memory/xpm_memory_base_inst/gen_wr_a.gen_word_narrow.mem_reg_uram_129/CAS_IN_BWE_B[4]","clk150","clk150","6.273","12","0.035","0.035"
"clk150","-0.008","6.667","sfo/two_pass_transport/first_resampling/engine/core/stream/lane_phase_reg[11][15]/C","sfo/two_pass_transport/first_resampling/engine/core/stream/arithmetic/real_channel[22].u_real/pre_ca/g18.u_add/U0/xst_addsub/i_baseblox.i_baseblox_addsub/no_pipelining.the_addsub/i_lut6.i_lut6_addsub/i_q.i_simple.qreg/i_no_async_controls.output_reg[12]/D","clk150","clk150","6.656","10","-0.009","0.035"
"clk150","-0.008","6.667","sfo/two_pass_transport/first_resampling/engine/core/stream/lane_phase_reg[15][7]/C","sfo/two_pass_transport/first_resampling/engine/core/stream/lane_phase_reg[12][17]/D","clk150","clk150","6.654","18","-0.008","0.035"
"clk150","-0.008","6.667","sfo/two_pass_transport/first_resampling/engine/core/stream/lane_phase_reg[15][7]/C","sfo/two_pass_transport/first_resampling/engine/core/stream/lane_phase_reg[14][31]/D","clk150","clk150","6.654","18","-0.008","0.035"
"clk150","-0.008","6.667","sfo/two_pass_transport/second_resampling/engine/core/stream/lane_phase_reg[0][3]/C","sfo/two_pass_transport/second_resampling/engine/core/fir15_interpolator/m_axis_data_tdata_reg[496]/CE","clk150","clk150","6.572","16","-0.008","0.035"
"clk150","-0.008","6.667","sfo/two_pass_transport/second_resampling/engine/core/stream/lane_phase_reg[0][3]/C","sfo/two_pass_transport/second_resampling/engine/core/fir15_interpolator/m_axis_data_tdata_reg[498]/CE","clk150","clk150","6.572","16","-0.008","0.035"
"clk150","-0.008","6.667","sfo/two_pass_transport/second_resampling/engine/core/stream/lane_phase_reg[0][3]/C","sfo/two_pass_transport/second_resampling/engine/core/fir15_interpolator/m_axis_data_tdata_reg[500]/CE","clk150","clk150","6.572","16","-0.008","0.035"
"clk150","-0.008","6.667","sfo/two_pass_transport/second_resampling/engine/core/stream/lane_phase_reg[0][3]/C","sfo/two_pass_transport/second_resampling/engine/core/fir15_interpolator/m_axis_data_tdata_reg[502]/CE","clk150","clk150","6.572","16","-0.008","0.035"
"clk500","-0.008","2.000","cfo/windows/packed_windows/fifo/gnuram_async_fifo.xpm_fifo_base_inst/rdp_inst/count_value_i_reg[8]/C","cfo/windows/packed_windows/fifo/gnuram_async_fifo.xpm_fifo_base_inst/gen_sdpram.xpm_memory_base_inst/gen_wr_a.gen_word_narrow.mem_reg_bram_2/ADDRBWRADDR[13]","clk500","clk500","1.693","0","0.010","0.035"
"clk500","-0.008","2.000","cfo/windows/sample_index_reg[3]/C","cfo/windows/output_record_reg[63]/CE","clk500","clk500","1.905","3","-0.008","0.035"
"clk500","-0.008","2.000","sfo/residual_estimator/aux_service/u_xfft/U0/i_synth/xfft_inst/non_floating_point.arch_d.xfft_inst/timing_cnts_has_nfft.run_time_sel_reg[4]/C","sfo/residual_estimator/aux_service/u_xfft/U0/i_synth/xfft_inst/non_floating_point.arch_d.xfft_inst/pe_gen[3].natural_order_input.PE/bypass_muxes.din_re_mux_gen[1].reg/D","clk500","clk500","1.989","1","-0.009","0.035"
"clk500","-0.008","2.000","sfo/residual_estimator/aux_service/u_xfft/U0/i_synth/axi_wrapper/gen_has_nfft.nfft_we_int_reg/C","sfo/residual_estimator/aux_service/u_xfft/U0/i_synth/xfft_inst/non_floating_point.arch_d.xfft_inst/has_bit_reverse.var_pt_size_muxed_addresses.left_shifter/delay_output/no_sclr_lut.real_shift_ram.use_baseblock.use_hlutnm_srls.srl_loop[5].i_fdre0/R","clk500","clk500","1.892","1","-0.007","0.035"
"clk500","-0.008","2.000","sfo/residual_estimator/aux_service/u_xfft/U0/i_synth/axi_wrapper/gen_has_nfft.nfft_we_int_reg/C","sfo/residual_estimator/aux_service/u_xfft/U0/i_synth/xfft_inst/non_floating_point.arch_d.xfft_inst/has_bit_reverse.var_pt_size_muxed_addresses.left_shifter/delay_output/no_sclr_lut.real_shift_ram.use_baseblock.use_hlutnm_srls.srl_loop[5].i_fdre1/R","clk500","clk500","1.892","1","-0.007","0.035"
"clk150","-0.008","6.667","sfo/two_pass_transport/second_resampling/engine/core/stream/lane_phase_reg[0][3]/C","sfo/two_pass_transport/second_resampling/engine/core/fir15_interpolator/m_axis_data_tdata_reg[497]/CE","clk150","clk150","6.573","16","-0.008","0.035"
"clk150","-0.008","6.667","sfo/two_pass_transport/second_resampling/engine/core/stream/lane_phase_reg[0][3]/C","sfo/two_pass_transport/second_resampling/engine/core/fir15_interpolator/m_axis_data_tdata_reg[499]/CE","clk150","clk150","6.573","16","-0.008","0.035"
"clk150","-0.008","6.667","sfo/two_pass_transport/second_resampling/engine/core/stream/lane_phase_reg[0][3]/C","sfo/two_pass_transport/second_resampling/engine/core/fir15_interpolator/m_axis_data_tdata_reg[501]/CE","clk150","clk150","6.573","16","-0.008","0.035"
"clk150","-0.008","6.667","sfo/two_pass_transport/second_resampling/engine/core/stream/lane_phase_reg[0][3]/C","sfo/two_pass_transport/second_resampling/engine/core/fir15_interpolator/m_axis_data_tdata_reg[503]/CE","clk150","clk150","6.573","16","-0.008","0.035"
"clk150","-0.008","6.667","sfo/two_pass_transport/first_resampling/engine/pack/m_data_reg[79]/C","sfo/two_pass_transport/intermediate[0].intermediate_bank/memory/u_frame_memory/xpm_memory_base_inst/gen_wr_a.gen_word_narrow.mem_reg_uram_137/CAS_IN_DIN_B[7]","clk150","clk150","6.350","7","0.034","0.035"
"clk150","-0.008","6.667","poison_sync/syncstages_ff_reg[3]/C","cfo/coarse_banks[1].memory/u_frame_memory/xpm_memory_base_inst/gen_wr_a.gen_word_narrow.mem_reg_uram_30/CAS_IN_BWE_B[4]","clk150","clk150","6.272","11","0.035","0.035"
"clk150","-0.007","6.667","sfo/two_pass_transport/second_resampling/engine/core/stream/lane_phase_reg[0][3]/C","sfo/two_pass_transport/second_resampling/engine/core/fir15_interpolator/m_axis_data_tdata_reg[50]/CE","clk150","clk150","6.571","16","-0.007","0.035"
"clk150","-0.007","6.667","sfo/two_pass_transport/second_resampling/engine/core/stream/lane_phase_reg[0][3]/C","sfo/two_pass_transport/second_resampling/engine/core/fir15_interpolator/m_axis_data_tdata_reg[52]/CE","clk150","clk150","6.571","16","-0.007","0.035"
"clk150","-0.007","6.667","sfo/two_pass_transport/second_resampling/engine/core/stream/lane_phase_reg[0][3]/C","sfo/two_pass_transport/second_resampling/engine/core/fir15_interpolator/m_axis_data_tdata_reg[54]/CE","clk150","clk150","6.571","16","-0.007","0.035"
"clk150","-0.007","6.667","sfo/two_pass_transport/second_resampling/engine/core/stream/lane_phase_reg[0][3]/C","sfo/two_pass_transport/second_resampling/engine/core/fir15_interpolator/m_axis_data_tdata_reg[56]/CE","clk150","clk150","6.571","16","-0.007","0.035"
"clk500","-0.007","2.000","cfo/windows/packed_windows/fifo/gnuram_async_fifo.xpm_fifo_base_inst/gen_sdpram.xpm_memory_base_inst/gen_wr_a.gen_word_narrow.mem_reg_bram_11/CLKBWRCLK","cfo/windows/output_record_reg[20]/D","clk500","clk500","1.942","1","-0.055","0.035"
"clk500","-0.007","2.000","sfo/initial_estimator/owner/fft/u_xfft/U0/i_synth/xfft_inst/non_floating_point.arch_d.xfft_inst/has_overflow.natural_ovflo.DOUT_DONE_E_CNT/no_early_reg.I_TC_reg/C","sfo/initial_estimator/owner/fft/u_xfft/U0/i_synth/xfft_inst/non_floating_point.arch_d.xfft_inst/pe_gen[4].natural_order_input.OVFLO_FIFO/rd_cnt_reg[3]/D","clk500","clk500","1.989","1","-0.008","0.035"
"clk150","-0.007","6.667","sfo/two_pass_transport/first_resampling/engine/pack/m_data_reg[82]/C","sfo/two_pass_transport/intermediate[0].intermediate_bank/memory/u_frame_memory/xpm_memory_base_inst/gen_wr_a.gen_word_narrow.mem_reg_uram_97/CAS_IN_DIN_B[10]","clk150","clk150","6.362","7","0.034","0.035"
"clk150","-0.007","6.667","cfo/coarse_rotation/output4_reg[94]/C","cfo/coarse_banks[0].memory/u_frame_memory/xpm_memory_base_inst/gen_wr_a.gen_word_narrow.mem_reg_uram_121/CAS_IN_DIN_B[22]","clk150","clk150","6.362","7","0.035","0.035"
"clk150","-0.007","6.667","poison_sync/syncstages_ff_reg[3]/C","cfo/coarse_banks[0].memory/u_frame_memory/xpm_memory_base_inst/gen_wr_a.gen_word_narrow.mem_reg_uram_129/CAS_IN_BWE_B[2]","clk150","clk150","6.368","12","0.035","0.035"
"clk150","-0.007","6.667","poison_sync/syncstages_ff_reg[3]/C","cfo/coarse_banks[0].memory/u_frame_memory/xpm_memory_base_inst/gen_wr_a.gen_word_narrow.mem_reg_uram_160/CAS_IN_EN_B","clk150","clk150","6.385","11","0.035","0.035"
"clk150","-0.007","6.667","sfo/two_pass_transport/intermediate[0].intermediate_bank/write_next_reg[0]/C","sfo/two_pass_transport/intermediate[0].intermediate_bank/memory/u_frame_memory/xpm_memory_base_inst/gen_wr_a.gen_word_narrow.mem_reg_uram_113/CAS_IN_ADDR_B[0]","clk150","clk150","6.356","7","0.034","0.035"
"clk150","-0.007","6.667","sfo/two_pass_transport/intermediate[0].intermediate_bank/write_next_reg[0]/C","sfo/two_pass_transport/intermediate[0].intermediate_bank/memory/u_frame_memory/xpm_memory_base_inst/gen_wr_a.gen_word_narrow.mem_reg_uram_121/CAS_IN_ADDR_B[0]","clk150","clk150","6.356","7","0.034","0.035"
"clk150","-0.006","6.667","sfo/two_pass_transport/shared_raw.hub/raw_store/ram_wd_reg[89]/C","sfo/two_pass_transport/shared_raw.hub/raw_store/memory/u_frame_memory/xpm_memory_base_inst/gen_wr_a.gen_word_narrow.mem_reg_uram_127/CAS_IN_DIN_B[17]","clk150","clk150","6.324","7","0.036","0.035"
"clk150","-0.006","6.667","sfo/two_pass_transport/second_resampling/engine/core/stream/lane_phase_reg[0][3]/C","sfo/two_pass_transport/second_resampling/engine/core/stream/ring_reg[32][5]/CE","clk150","clk150","6.571","16","-0.008","0.035"
"clk500","-0.006","2.000","cfo/windows/sample_index_reg[3]/C","cfo/windows/output_record_reg[60]/CE","clk500","clk500","1.903","3","-0.007","0.035"
"clk500","-0.006","2.000","cfo/windows/sample_index_reg[3]/C","cfo/windows/output_record_reg[62]/CE","clk500","clk500","1.903","3","-0.007","0.035"
"clk500","-0.006","2.000","cfo/windows/packed_windows/fifo/gnuram_async_fifo.xpm_fifo_base_inst/rdp_inst/count_value_i_reg[7]/C","cfo/windows/packed_windows/fifo/gnuram_async_fifo.xpm_fifo_base_inst/gen_sdpram.xpm_memory_base_inst/gen_wr_a.gen_word_narrow.mem_reg_bram_3/ADDRBWRADDR[12]","clk500","clk500","1.697","0","0.010","0.035"
"clk500","-0.006","2.000","sfo/residual_estimator/aux_service/u_xfft/U0/i_synth/xfft_inst/non_floating_point.arch_d.xfft_inst/pe_gen[0].natural_order_input.PE/FB_1.BF_1/wr_addr_del/no_sclr_lut.real_shift_ram.use_baseblock.use_hlutnm_srls.srl_loop[3].i_fdre0/C","sfo/residual_estimator/aux_service/u_xfft/U0/i_synth/xfft_inst/non_floating_point.arch_d.xfft_inst/pe_gen[0].natural_order_input.PE/FB_1.BF_1/MEM/blk_ram.use_bram_only.mem/depth_13_s6_depth_12.main_ram_loop[1].use_RAMB18.ram_2k_loop[2].SDP_RAMB18_9x2048/ADDRARDADDR[9]","clk500","clk500","1.715","0","0.009","0.035"
"clk500","-0.006","2.000","sfo/residual_estimator/aux_service/u_xfft/U0/i_synth/xfft_inst/non_floating_point.arch_d.xfft_inst/pe_gen[0].natural_order_input.PE/hasbf2.FB_2.BF_2/MEM/blk_ram.use_bram_only.mem/depth_12_s6_depth_11.use_fabric_register.doutb_tmp_reg[28]/C","sfo/residual_estimator/aux_service/u_xfft/U0/i_synth/xfft_inst/non_floating_point.arch_d.xfft_inst/pe_gen[0].natural_order_input.PE/hasbf2.FB_2.BF_2/BTFLY0/logic_bfly_byp.add_r/adder/i_baseblox.i_baseblox_addsub/no_pipelining.the_addsub/i_lut6.i_lut6_addsub/i_q.i_simple.qreg/i_no_async_controls.output_reg[14]/D","clk500","clk500","1.988","2","-0.008","0.035"
"clk500","-0.006","2.000","sfo/residual_estimator/front_stage/main/service/u_xfft/U0/i_synth/xfft_inst/non_floating_point.arch_d.xfft_inst/pe_gen[4].natural_order_input.PE/has_TW_mult.MULT/i_cmpy/three_mult_structure.use_dsp.i_dsp48/dsp_preadder_3.reg_mult3_preadd_d/dN.std_srl.shift_reg_reg[1][3]/C","sfo/residual_estimator/front_stage/main/service/u_xfft/U0/i_synth/xfft_inst/non_floating_point.arch_d.xfft_inst/pe_gen[4].natural_order_input.PE/has_TW_mult.MULT/i_cmpy/three_mult_structure.use_dsp.i_dsp48/mult1_preadder_d_plus_a.mult1/mult/use_prim.appDSP48[0].bppDSP48[0].use_dsp.use_dsp48e2.iDSP48E2/DSP_PREADD_DATA_INST/DIN[3]","clk500","clk500","1.737","0","0.014","0.035"
"clk150","-0.006","6.667","sfo/two_pass_transport/first_resampling/engine/core/stream/lane_phase_reg[0][20]/C","sfo/two_pass_transport/first_resampling/engine/core/stream/arithmetic/real_channel[0].u_real/pre_ab2/g18.u_add/U0/xst_addsub/i_baseblox.i_baseblox_addsub/no_pipelining.the_addsub/i_lut6.i_lut6_addsub/i_q.i_simple.qreg/i_no_async_controls.output_reg[8]/D","clk150","clk150","6.650","8","-0.010","0.035"
"clk500","-0.006","2.000","cfo/reset_fast/arststages_ff_reg[3]/C","cfo/observation_front/fft_core/tag_reg[0][row_a][2]/R","clk500","clk500","1.889","0","-0.008","0.035"
"clk500","-0.006","2.000","cfo/reset_fast/arststages_ff_reg[3]/C","cfo/observation_front/fft_core/tag_reg[0][row_a][5]/R","clk500","clk500","1.889","0","-0.008","0.035"
"clk500","-0.006","2.000","sfo/residual_estimator/aux_service/u_xfft/U0/i_synth/axi_wrapper/sclr_int_reg/C","sfo/residual_estimator/aux_service/u_xfft/U0/i_synth/xfft_inst/non_floating_point.arch_d.xfft_inst/has_bit_reverse.pe_natural_out_reg[18]/R","clk500","clk500","1.887","1","-0.010","0.035"
"clk500","-0.006","2.000","sfo/residual_estimator/aux_service/u_xfft/U0/i_synth/axi_wrapper/sclr_int_reg/C","sfo/residual_estimator/aux_service/u_xfft/U0/i_synth/xfft_inst/non_floating_point.arch_d.xfft_inst/has_bit_reverse.pe_natural_out_reg[19]/R","clk500","clk500","1.887","1","-0.010","0.035"
"clk150","-0.006","6.667","sfo/two_pass_transport/intermediate[0].intermediate_bank/write_gen_reg[17]/C","sfo/two_pass_transport/intermediate[0].intermediate_bank/memory/u_frame_memory/xpm_memory_base_inst/gen_wr_a.gen_word_narrow.mem_reg_uram_145/CAS_IN_BWE_B[1]","clk150","clk150","6.367","13","0.035","0.035"
"clk150","-0.006","6.667","poison_sync/syncstages_ff_reg[3]/C","cfo/coarse_banks[0].memory/u_frame_memory/xpm_memory_base_inst/gen_wr_a.gen_word_narrow.mem_reg_uram_129/CAS_IN_BWE_B[0]","clk150","clk150","6.362","12","0.035","0.035"
"clk150","-0.006","6.667","sfo/two_pass_transport/first_resampling/engine/core/stream/lane_phase_reg[15][7]/C","sfo/two_pass_transport/first_resampling/engine/core/stream/lane_phase_reg[2][13]/D","clk150","clk150","6.652","18","-0.007","0.035"
"clk150","-0.005","6.667","sfo/two_pass_transport/first_resampling/engine/pack/m_data_reg[3]/C","sfo/two_pass_transport/intermediate[0].intermediate_bank/memory/u_frame_memory/xpm_memory_base_inst/gen_wr_a.gen_word_narrow.mem_reg_uram_31/CAS_IN_DIN_B[3]","clk150","clk150","6.395","7","0.034","0.035"
"clk150","-0.005","6.667","sfo/two_pass_transport/shared_raw.hub/raw_store/ram_wd_reg[80]/C","sfo/two_pass_transport/shared_raw.hub/raw_store/memory/u_frame_memory/xpm_memory_base_inst/gen_wr_a.gen_word_narrow.mem_reg_uram_127/CAS_IN_DIN_B[8]","clk150","clk150","6.397","7","0.035","0.035"
"clk150","-0.005","6.667","sfo/two_pass_transport/first_resampling/engine/core/stream/lane_phase_reg[15][7]/C","sfo/two_pass_transport/first_resampling/engine/core/stream/lane_phase_reg[12][6]/D","clk150","clk150","6.651","18","-0.008","0.035"
"clk150","-0.005","6.667","sfo/two_pass_transport/second_resampling/engine/frame_id_reg[9]/C","sfo/two_pass_transport/output_buffer/storage/u_frame_memory/xpm_memory_base_inst/gen_wr_a.gen_word_narrow.mem_reg_bram_104/WEA[2]","clk150","clk150","6.254","7","0.011","0.035"
"clk150","-0.005","6.667","sfo/two_pass_transport/second_resampling/engine/core/stream/lane_phase_reg[0][3]/C","sfo/two_pass_transport/second_resampling/engine/core/fir15_interpolator/m_axis_data_tdata_reg[49]/CE","clk150","clk150","6.569","16","-0.007","0.035"
"clk150","-0.005","6.667","sfo/two_pass_transport/second_resampling/engine/core/stream/lane_phase_reg[0][3]/C","sfo/two_pass_transport/second_resampling/engine/core/fir15_interpolator/m_axis_data_tdata_reg[51]/CE","clk150","clk150","6.569","16","-0.007","0.035"
"clk150","-0.005","6.667","sfo/two_pass_transport/second_resampling/engine/core/stream/lane_phase_reg[0][3]/C","sfo/two_pass_transport/second_resampling/engine/core/fir15_interpolator/m_axis_data_tdata_reg[53]/CE","clk150","clk150","6.569","16","-0.007","0.035"
"clk150","-0.005","6.667","sfo/two_pass_transport/second_resampling/engine/core/stream/lane_phase_reg[0][3]/C","sfo/two_pass_transport/second_resampling/engine/core/fir15_interpolator/m_axis_data_tdata_reg[55]/CE","clk150","clk150","6.569","16","-0.007","0.035"
"clk500","-0.005","2.000","cfo/observation_front/index_stage_reg[1]/C","cfo/observation_front/coefficient_address_reg_1_2/ADDRARDADDR[14]","clk500","clk500","1.694","3","0.011","0.035"
"clk500","-0.005","2.000","cfo/windows/packed_windows/fifo/gnuram_async_fifo.xpm_fifo_base_inst/rdp_inst/count_value_i_reg[8]/C","cfo/windows/packed_windows/fifo/gnuram_async_fifo.xpm_fifo_base_inst/gen_sdpram.xpm_memory_base_inst/gen_wr_a.gen_word_narrow.mem_reg_bram_12/ADDRBWRADDR[12]","clk500","clk500","1.696","0","0.010","0.035"
"clk500","-0.005","2.000","sfo/initial_estimator/owner/fft/u_xfft/U0/i_synth/xfft_inst/non_floating_point.arch_d.xfft_inst/has_overflow.natural_ovflo.DOUT_DONE_E_CNT/no_early_reg.I_TC_reg/C","sfo/initial_estimator/owner/fft/u_xfft/U0/i_synth/xfft_inst/non_floating_point.arch_d.xfft_inst/pe_gen[2].natural_order_input.OVFLO_FIFO/rd_cnt_reg[1]/D","clk500","clk500","1.986","1","-0.009","0.035"
"clk500","-0.005","2.000","sfo/residual_estimator/aux_service/u_xfft/U0/i_synth/xfft_inst/non_floating_point.arch_d.xfft_inst/FLOW/has_nfft._nfft_value.NFFT_int_tmp_reg[1]/C","sfo/residual_estimator/aux_service/u_xfft/U0/i_synth/xfft_inst/non_floating_point.arch_d.xfft_inst/FLOW/has_nfft.counter_limit_reg[7].max_n_int_minus_one_ff/D","clk500","clk500","1.987","1","-0.008","0.035"
"clk150","-0.005","6.667","sfo/two_pass_transport/first_resampling/engine/core/stream/lane_phase_reg[11][15]/C","sfo/two_pass_transport/first_resampling/engine/core/stream/arithmetic/real_channel[23].u_real/pre_ab2/g18.u_add/U0/xst_addsub/i_baseblox.i_baseblox_addsub/no_pipelining.the_addsub/i_lut6.i_lut6_addsub/i_q.i_simple.qreg/i_no_async_controls.output_reg[8]/D","clk150","clk150","6.652","10","-0.010","0.035"
"clk150","-0.005","6.667","sfo/two_pass_transport/first_resampling/engine/core/stream/lane_phase_reg[13][13]/C","sfo/two_pass_transport/first_resampling/engine/core/stream/arithmetic/real_channel[26].u_real/pre_ab2/g18.u_add/U0/xst_addsub/i_baseblox.i_baseblox_addsub/no_pipelining.the_addsub/i_lut6.i_lut6_addsub/i_q.i_simple.qreg/i_no_async_controls.output_reg[7]/D","clk150","clk150","6.653","9","-0.009","0.035"
"clk150","-0.005","6.667","sfo/two_pass_transport/second_resampling/engine/pack/m_data_reg[17]/C","sfo/two_pass_transport/output_buffer/storage/u_frame_memory/xpm_memory_base_inst/gen_wr_a.gen_word_narrow.mem_reg_bram_34/DINADIN[17]","clk150","clk150","6.377","0","0.009","0.035"
"clk150","-0.005","6.667","cfo/coarse_rotation/output4_reg[96]/C","cfo/coarse_banks[0].memory/u_frame_memory/xpm_memory_base_inst/gen_wr_a.gen_word_narrow.mem_reg_uram_97/CAS_IN_DIN_B[24]","clk150","clk150","6.352","7","0.034","0.035"
"clk150","-0.005","6.667","cfo/coarse_rotation/output4_reg[104]/C","cfo/coarse_banks[0].memory/u_frame_memory/xpm_memory_base_inst/gen_wr_a.gen_word_narrow.mem_reg_uram_97/CAS_IN_DIN_B[32]","clk150","clk150","6.333","7","0.034","0.035"
"clk150","-0.005","6.667","sfo/two_pass_transport/shared_raw.hub/raw_store/ram_ra_reg[0]/C","sfo/two_pass_transport/shared_raw.hub/raw_store/memory/u_frame_memory/xpm_memory_base_inst/gen_wr_a.gen_word_narrow.mem_reg_uram_31/CAS_IN_ADDR_A[0]","clk150","clk150","6.163","7","0.034","0.035"
"clk150","-0.005","6.667","sfo/two_pass_transport/first_resampling/engine/core/stream/lane_phase_reg[15][7]/C","sfo/two_pass_transport/first_resampling/engine/core/stream/lane_phase_reg[2][17]/D","clk150","clk150","6.651","18","-0.007","0.035"
"clk150","-0.004","6.667","cfo/coarse_rotation/tag_pipe_reg[4][18]_replica/C","cfo/coarse_banks[1].memory/u_frame_memory/xpm_memory_base_inst/gen_wr_a.gen_word_narrow.mem_reg_uram_55/CAS_IN_ADDR_B[17]","clk150","clk150","6.287","7","0.034","0.035"
"clk150","-0.004","6.667","sfo/two_pass_transport/first_resampling/engine/core/stream/lane_phase_reg[0][20]/C","sfo/two_pass_transport/first_resampling/engine/core/stream/arithmetic/real_channel[1].u_real/pre_ab2/g18.u_add/U0/xst_addsub/i_baseblox.i_baseblox_addsub/no_pipelining.the_addsub/i_lut6.i_lut6_addsub/i_q.i_simple.qreg/i_no_async_controls.output_reg[6]/D","clk150","clk150","6.648","9","-0.010","0.035"
"clk150","-0.004","6.667","sfo/two_pass_transport/first_resampling/engine/core/stream/lane_phase_reg[15][7]/C","sfo/two_pass_transport/first_resampling/engine/core/stream/lane_phase_reg[1][12]/D","clk150","clk150","6.650","18","-0.008","0.035"
"clk500","-0.004","2.000","cfo/windows/sample_index_reg[3]/C","cfo/windows/output_record_reg[59]/CE","clk500","clk500","1.901","3","-0.007","0.035"
"clk500","-0.004","2.000","cfo/windows/sample_index_reg[3]/C","cfo/windows/output_record_reg[61]/CE","clk500","clk500","1.901","3","-0.007","0.035"
"clk500","-0.004","2.000","sfo/residual_estimator/front_stage/main/service/u_xfft/U0/i_synth/axi_wrapper/reset_pipe_reg[1]/C","sfo/residual_estimator/front_stage/main/service/u_xfft/U0/i_synth/axi_wrapper/data_out_channel/gen_real_time.data_out_reg[11]/CE","clk500","clk500","1.900","1","-0.010","0.035"
"clk150","-0.004","6.667","sfo/two_pass_transport/first_resampling/engine/core/stream/lane_phase_reg[0][20]/C","sfo/two_pass_transport/first_resampling/engine/core/stream/arithmetic/real_channel[0].u_real/pre_ab2/g18.u_add/U0/xst_addsub/i_baseblox.i_baseblox_addsub/no_pipelining.the_addsub/i_lut6.i_lut6_addsub/i_q.i_simple.qreg/i_no_async_controls.output_reg[6]/D","clk150","clk150","6.648","8","-0.010","0.035"
"clk150","-0.004","6.667","sfo/two_pass_transport/second_resampling/engine/core/stream/lane_phase_reg[14][19]/C","sfo/two_pass_transport/second_resampling/engine/core/stream/arithmetic/real_channel[28].u_real/pre_ab2/g18.u_add/U0/xst_addsub/i_baseblox.i_baseblox_addsub/no_pipelining.the_addsub/i_lut6.i_lut6_addsub/i_q.i_simple.qreg/i_no_async_controls.output_reg[9]/D","clk150","clk150","6.651","8","-0.010","0.035"
"clk150","-0.004","6.667","cfo/coarse_rotation/output4_reg[20]/C","cfo/coarse_banks[1].memory/u_frame_memory/xpm_memory_base_inst/gen_wr_a.gen_word_narrow.mem_reg_uram_22/CAS_IN_DIN_B[20]","clk150","clk150","6.398","6","0.035","0.035"
"clk150","-0.004","6.667","poison_sync/syncstages_ff_reg[3]/C","cfo/coarse_banks[1].memory/u_frame_memory/xpm_memory_base_inst/gen_wr_a.gen_word_narrow.mem_reg_uram_5/CAS_IN_BWE_B[8]","clk150","clk150","6.253","10","0.035","0.035"
"clk150","-0.004","6.667","sfo/two_pass_transport/first_resampling/engine/pack/m_data_reg[76]/C","sfo/two_pass_transport/intermediate[0].intermediate_bank/memory/u_frame_memory/xpm_memory_base_inst/gen_wr_a.gen_word_narrow.mem_reg_uram_120/CAS_IN_DIN_B[4]","clk150","clk150","6.371","6","0.034","0.035"
"clk150","-0.004","6.667","sfo/two_pass_transport/first_resampling/engine/core/stream/lane_phase_reg[15][7]/C","sfo/two_pass_transport/first_resampling/engine/core/stream/lane_phase_reg[2][11]/D","clk150","clk150","6.650","18","-0.007","0.035"
"clk150","-0.004","6.667","sfo/two_pass_transport/first_resampling/engine/core/stream/lane_phase_reg[15][7]/C","sfo/two_pass_transport/first_resampling/engine/core/stream/lane_phase_reg[10][34]/D","clk150","clk150","6.650","18","-0.007","0.035"
"clk500","-0.003","2.000","sfo/residual_estimator/aux_service/u_xfft/U0/i_synth/xfft_inst/non_floating_point.arch_d.xfft_inst/pe_gen[0].natural_order_input.PE/hasbf2.FB_2.BF_2/MEM/blk_ram.use_bram_only.mem/depth_12_s6_depth_11.use_fabric_register.doutb_tmp_reg[29]/C","sfo/residual_estimator/aux_service/u_xfft/U0/i_synth/xfft_inst/non_floating_point.arch_d.xfft_inst/pe_gen[0].natural_order_input.PE/hasbf2.FB_2.BF_2/BTFLY0/logic_bfly_byp.sub_r/sub/i_baseblox.i_baseblox_addsub/no_pipelining.the_addsub/i_lut6.i_lut6_addsub/i_q.i_simple.qreg/i_no_async_controls.output_reg[18]/D","clk500","clk500","1.985","3","-0.008","0.035"
"clk500","-0.003","2.000","cfo/observation_front/fft_core/FSM_sequential_state_reg[0]/C","cfo/observation_front/fft_core/ar4_reg[4]/CE","clk500","clk500","1.899","1","-0.008","0.035"
"clk500","-0.003","2.000","cfo/observation_front/fft_core/FSM_sequential_state_reg[1]_rep/C","cfo/observation_front/fft_core/tag_reg[2][row_b][1]/CE","clk500","clk500","1.900","1","-0.008","0.035"
"clk500","-0.003","2.000","sfo/residual_estimator/aux_service/u_xfft/U0/i_synth/xfft_inst/non_floating_point.arch_d.xfft_inst/timing_cnts_has_nfft.duplicate_regs[6].other.nfft_regs[0].nfft_regs_fde/C","sfo/residual_estimator/aux_service/u_xfft/U0/i_synth/xfft_inst/non_floating_point.arch_d.xfft_inst/has_bit_reverse.var_pt_size_muxed_addresses.left_shifter/r14.shifter/use_mux16.use_lut6.sixteen_to_one_mux[4].use_output_reg_and_pipe_reg.reg0/D","clk500","clk500","1.983","3","-0.010","0.035"
"clk150","-0.003","6.667","cfo/coarse_rotation/output4_reg[25]/C","cfo/coarse_banks[1].memory/u_frame_memory/xpm_memory_base_inst/gen_wr_a.gen_word_narrow.mem_reg_uram_15/CAS_IN_DIN_B[25]","clk150","clk150","6.330","7","0.036","0.035"
"clk150","-0.003","6.667","sfo/two_pass_transport/shared_raw.hub/raw_store/ram_ra_reg[17]/C","sfo/two_pass_transport/shared_raw.hub/raw_store/memory/u_frame_memory/xpm_memory_base_inst/gen_wr_a.gen_word_narrow.mem_reg_uram_111/CAS_IN_ADDR_A[17]","clk150","clk150","6.162","7","0.035","0.035"
"clk150","-0.003","6.667","poison_sync/syncstages_ff_reg[3]/C","cfo/coarse_banks[1].memory/u_frame_memory/xpm_memory_base_inst/gen_wr_a.gen_word_narrow.mem_reg_uram_71/CAS_IN_BWE_B[3]","clk150","clk150","6.328","12","0.035","0.035"
"clk150","-0.003","6.667","sfo/two_pass_transport/intermediate[0].intermediate_bank/issued_reg[0]/C","sfo/two_pass_transport/intermediate[0].intermediate_bank/memory/u_frame_memory/xpm_memory_base_inst/gen_wr_a.gen_word_narrow.mem_reg_uram_97/CAS_IN_ADDR_A[9]","clk150","clk150","6.166","10","0.034","0.035"
"clk150","-0.003","6.667","sfo/two_pass_transport/intermediate[0].intermediate_bank/write_next_reg[4]/C","sfo/two_pass_transport/intermediate[0].intermediate_bank/memory/u_frame_memory/xpm_memory_base_inst/gen_wr_a.gen_word_narrow.mem_reg_uram_161/CAS_IN_ADDR_B[4]","clk150","clk150","6.358","7","0.036","0.035"
"clk150","-0.002","6.667","cfo/coarse_banks[1].memory/u_frame_memory/xpm_memory_base_inst/gen_wr_a.gen_word_narrow.mem_reg_uram_0/CLK","cfo/coarse_banks[1].memory/u_frame_memory/xpm_memory_base_inst/gen_rd_b.gen_doutb_pipe.doutb_pipe_reg[0][70]/D","clk150","clk150","6.597","13","-0.062","0.035"
"clk150","-0.002","6.667","sfo/two_pass_transport/first_resampling/engine/core/stream/lane_phase_reg[5][20]/C","sfo/two_pass_transport/first_resampling/engine/core/stream/arithmetic/real_channel[10].u_real/pre_ab2/g18.u_add/U0/xst_addsub/i_baseblox.i_baseblox_addsub/no_pipelining.the_addsub/i_lut6.i_lut6_addsub/i_q.i_simple.qreg/i_no_async_controls.output_reg[16]/D","clk150","clk150","6.650","11","-0.009","0.035"
"clk150","-0.002","6.667","sfo/two_pass_transport/first_resampling/engine/core/stream/lane_phase_reg[5][20]/C","sfo/two_pass_transport/first_resampling/engine/core/stream/arithmetic/real_channel[10].u_real/pre_ab2/g18.u_add/U0/xst_addsub/i_baseblox.i_baseblox_addsub/no_pipelining.the_addsub/i_lut6.i_lut6_addsub/i_q.i_simple.qreg/i_no_async_controls.output_reg[18]/D","clk150","clk150","6.650","12","-0.009","0.035"
"clk150","-0.002","6.667","sfo/two_pass_transport/second_resampling/engine/core/stream/lane_phase_reg[0][3]/C","sfo/two_pass_transport/second_resampling/engine/core/stream/ring_reg[16][5]/CE","clk150","clk150","6.566","16","-0.008","0.035"
"clk500","-0.002","2.000","cfo/observation_front/fft_core/FSM_sequential_state_reg[1]_rep/C","cfo/observation_front/fft_core/ai3_reg[6]/CE","clk500","clk500","1.899","1","-0.008","0.035"
"clk500","-0.002","2.000","cfo/observation_front/fft_core/FSM_sequential_state_reg[1]_rep/C","cfo/observation_front/fft_core/ar3_reg[7]/CE","clk500","clk500","1.899","1","-0.008","0.035"
"clk500","-0.002","2.000","cfo/observation_front/fft_core/FSM_sequential_state_reg[1]_rep/C","cfo/observation_front/fft_core/ar3_reg[9]/CE","clk500","clk500","1.899","1","-0.008","0.035"
"clk150","-0.002","6.667","sfo/two_pass_transport/first_resampling/engine/core/stream/lane_phase_reg[11][15]/C","sfo/two_pass_transport/first_resampling/engine/core/stream/arithmetic/real_channel[23].u_real/pre_ab2/g18.u_add/U0/xst_addsub/i_baseblox.i_baseblox_addsub/no_pipelining.the_addsub/i_lut6.i_lut6_addsub/i_q.i_simple.qreg/i_no_async_controls.output_reg[6]/D","clk150","clk150","6.649","10","-0.010","0.035"
"clk150","-0.002","6.667","sfo/two_pass_transport/second_resampling/engine/core/stream/lane_phase_reg[0][3]/C","sfo/two_pass_transport/second_resampling/engine/core/fir15_interpolator/q_core/U0/i_synth/g_polyphase_interpolation_sym_ssr.i_polyphase_interpolation_sym_ssr/g_m_data_chan_fifo.i_m_data_chan_fifo/fifo0/fifo_2_reg[204]/CE","clk150","clk150","6.566","17","-0.007","0.035"
"clk150","-0.002","6.667","sfo/two_pass_transport/second_resampling/engine/core/stream/lane_phase_reg[0][3]/C","sfo/two_pass_transport/second_resampling/engine/core/fir15_interpolator/q_core/U0/i_synth/g_polyphase_interpolation_sym_ssr.i_polyphase_interpolation_sym_ssr/g_m_data_chan_fifo.i_m_data_chan_fifo/fifo0/fifo_2_reg[205]/CE","clk150","clk150","6.566","17","-0.007","0.035"
"clk150","-0.002","6.667","sfo/two_pass_transport/second_resampling/engine/core/stream/lane_phase_reg[0][3]/C","sfo/two_pass_transport/second_resampling/engine/core/fir15_interpolator/q_core/U0/i_synth/g_polyphase_interpolation_sym_ssr.i_polyphase_interpolation_sym_ssr/g_m_data_chan_fifo.i_m_data_chan_fifo/fifo0/fifo_2_reg[206]/CE","clk150","clk150","6.566","17","-0.007","0.035"
"clk150","-0.002","6.667","sfo/two_pass_transport/second_resampling/engine/core/stream/lane_phase_reg[0][3]/C","sfo/two_pass_transport/second_resampling/engine/core/fir15_interpolator/q_core/U0/i_synth/g_polyphase_interpolation_sym_ssr.i_polyphase_interpolation_sym_ssr/g_m_data_chan_fifo.i_m_data_chan_fifo/fifo0/fifo_2_reg[207]/CE","clk150","clk150","6.566","17","-0.007","0.035"
"clk500","-0.002","2.000","sfo/residual_estimator/aux_service/u_xfft/U0/i_synth/axi_wrapper/reset_pipe_reg[1]/C","sfo/residual_estimator/aux_service/u_xfft/U0/i_synth/axi_wrapper/gen_has_nfft.nfft_expandedm1_reg[10]/S","clk500","clk500","1.885","0","-0.008","0.035"
"clk500","-0.002","2.000","sfo/residual_estimator/aux_service/u_xfft/U0/i_synth/axi_wrapper/reset_pipe_reg[1]/C","sfo/residual_estimator/aux_service/u_xfft/U0/i_synth/axi_wrapper/gen_has_nfft.nfft_expandedm1_reg[7]/S","clk500","clk500","1.885","0","-0.008","0.035"
"clk500","-0.002","2.000","sfo/residual_estimator/aux_service/u_xfft/U0/i_synth/axi_wrapper/reset_pipe_reg[1]/C","sfo/residual_estimator/aux_service/u_xfft/U0/i_synth/axi_wrapper/gen_has_nfft.nfft_expandedm1_reg[8]/S","clk500","clk500","1.885","0","-0.008","0.035"
"clk500","-0.002","2.000","sfo/residual_estimator/aux_service/u_xfft/U0/i_synth/axi_wrapper/reset_pipe_reg[1]/C","sfo/residual_estimator/aux_service/u_xfft/U0/i_synth/axi_wrapper/gen_has_nfft.nfft_expandedm1_reg[9]/S","clk500","clk500","1.885","0","-0.008","0.035"
"clk500","-0.002","2.000","sfo/residual_estimator/aux_service/u_xfft/U0/i_synth/axi_wrapper/gen_has_nfft.nfft_we_int_reg/C","sfo/residual_estimator/aux_service/u_xfft/U0/i_synth/xfft_inst/non_floating_point.arch_d.xfft_inst/has_bit_reverse.var_pt_size_muxed_addresses.left_shifter/delay_output/no_sclr_lut.real_shift_ram.use_baseblock.use_hlutnm_srls.srl_loop[6].i_fdre0/R","clk500","clk500","1.886","1","-0.007","0.035"
"clk500","-0.002","2.000","sfo/residual_estimator/aux_service/u_xfft/U0/i_synth/axi_wrapper/gen_has_nfft.nfft_we_int_reg/C","sfo/residual_estimator/aux_service/u_xfft/U0/i_synth/xfft_inst/non_floating_point.arch_d.xfft_inst/has_bit_reverse.var_pt_size_muxed_addresses.left_shifter/delay_output/no_sclr_lut.real_shift_ram.use_baseblock.use_hlutnm_srls.srl_loop[6].i_fdre1/R","clk500","clk500","1.886","1","-0.007","0.035"
"clk150","-0.002","6.667","cfo/coarse_rotation/output4_reg[95]/C","cfo/coarse_banks[0].memory/u_frame_memory/xpm_memory_base_inst/gen_wr_a.gen_word_narrow.mem_reg_uram_89/CAS_IN_DIN_B[23]","clk150","clk150","6.348","7","0.035","0.035"
"clk150","-0.002","6.667","sfo/two_pass_transport/intermediate[0].intermediate_bank/write_next_reg[12]/C","sfo/two_pass_transport/intermediate[0].intermediate_bank/memory/u_frame_memory/xpm_memory_base_inst/gen_wr_a.gen_word_narrow.mem_reg_uram_137/CAS_IN_ADDR_B[12]","clk150","clk150","6.307","7","0.035","0.035"
"clk150","-0.002","6.667","cfo/coarse_rotation/output4_reg[71]/C","cfo/coarse_banks[1].memory/u_frame_memory/xpm_memory_base_inst/gen_wr_a.gen_word_narrow.mem_reg_uram_55/CAS_IN_DIN_B[71]","clk150","clk150","6.357","7","0.034","0.035"
"clk150","-0.002","6.667","sfo/two_pass_transport/intermediate[0].intermediate_bank/write_next_reg[8]/C","sfo/two_pass_transport/intermediate[0].intermediate_bank/memory/u_frame_memory/xpm_memory_base_inst/gen_wr_a.gen_word_narrow.mem_reg_uram_145/CAS_IN_ADDR_B[8]","clk150","clk150","6.345","7","0.036","0.035"
"clk150","-0.002","6.667","sfo/two_pass_transport/intermediate[0].intermediate_bank/write_next_reg[8]/C","sfo/two_pass_transport/intermediate[0].intermediate_bank/memory/u_frame_memory/xpm_memory_base_inst/gen_wr_a.gen_word_narrow.mem_reg_uram_97/CAS_IN_ADDR_B[8]","clk150","clk150","6.345","7","0.036","0.035"
"clk150","-0.002","6.667","sfo/two_pass_transport/shared_raw.hub/raw_store/ram_ra_reg[12]/C","sfo/two_pass_transport/shared_raw.hub/raw_store/memory/u_frame_memory/xpm_memory_base_inst/gen_wr_a.gen_word_narrow.mem_reg_uram_79/CAS_IN_ADDR_A[12]","clk150","clk150","6.156","7","0.035","0.035"
"clk150","-0.002","6.667","sfo/two_pass_transport/first_resampling/engine/core/stream/lane_phase_reg[15][7]/C","sfo/two_pass_transport/first_resampling/engine/core/stream/lane_phase_reg[1][4]/D","clk150","clk150","6.648","18","-0.007","0.035"
"clk150","-0.002","6.667","sfo/two_pass_transport/first_resampling/engine/core/stream/lane_phase_reg[0][20]/C","sfo/two_pass_transport/first_resampling/engine/core/stream/arithmetic/real_channel[0].u_real/xc_first_reg[0]/D","clk150","clk150","6.646","6","-0.009","0.035"
"clk150","-0.001","6.667","cfo/coarse_banks[1].memory/u_frame_memory/xpm_memory_base_inst/gen_wr_a.gen_word_narrow.mem_reg_uram_90/CLK","cfo/coarse_banks[1].memory/u_frame_memory/xpm_memory_base_inst/gen_rd_b.gen_doutb_pipe.doutb_pipe_reg[0][72]/D","clk150","clk150","6.592","12","-0.063","0.035"
"clk150","-0.001","6.667","sfo/two_pass_transport/first_resampling/engine/core/stream/lane_phase_reg[5][20]/C","sfo/two_pass_transport/first_resampling/engine/core/stream/arithmetic/real_channel[10].u_real/pre_ab2/g18.u_add/U0/xst_addsub/i_baseblox.i_baseblox_addsub/no_pipelining.the_addsub/i_lut6.i_lut6_addsub/i_q.i_simple.qreg/i_no_async_controls.output_reg[14]/D","clk150","clk150","6.649","11","-0.009","0.035"
"clk150","-0.001","6.667","sfo/two_pass_transport/first_resampling/engine/core/stream/lane_phase_reg[11][15]/C","sfo/two_pass_transport/first_resampling/engine/core/stream/arithmetic/real_channel[22].u_real/pre_ca/g18.u_add/U0/xst_addsub/i_baseblox.i_baseblox_addsub/no_pipelining.the_addsub/i_lut6.i_lut6_addsub/i_q.i_simple.qreg/i_no_async_controls.output_reg[10]/D","clk150","clk150","6.649","10","-0.009","0.035"
"clk150","-0.001","6.667","sfo/two_pass_transport/first_resampling/engine/core/stream/lane_phase_reg[15][7]/C","sfo/two_pass_transport/first_resampling/engine/core/stream/lane_phase_reg[2][19]/D","clk150","clk150","6.647","18","-0.008","0.035"
"clk500","-0.001","2.000","cfo/reset_fast/arststages_ff_reg[3]/C","cfo/observation_front/state_reg[1]/D","clk500","clk500","1.982","4","-0.009","0.035"
"clk500","-0.001","2.000","sfo/residual_estimator/aux_service/u_xfft/U0/i_synth/xfft_inst/non_floating_point.arch_d.xfft_inst/pe_gen[0].natural_order_input.PE/FB_1.BF_1/wr_addr_del/no_sclr_lut.real_shift_ram.use_baseblock.use_hlutnm_srls.srl_loop[1].i_fdre1/C","sfo/residual_estimator/aux_service/u_xfft/U0/i_synth/xfft_inst/non_floating_point.arch_d.xfft_inst/pe_gen[0].natural_order_input.PE/FB_1.BF_1/MEM/blk_ram.use_bram_only.mem/depth_13_s6_depth_12.main_ram_loop[1].use_RAMB18.ram_2k_loop[2].SDP_RAMB18_9x2048/ADDRARDADDR[6]","clk500","clk500","1.715","0","0.009","0.035"
"clk500","-0.001","2.000","sfo/residual_estimator/aux_service/u_xfft/U0/i_synth/axi_wrapper/reset_pipe_reg[1]/C","sfo/residual_estimator/aux_service/u_xfft/U0/i_synth/axi_wrapper/gen_has_nfft.nfft_expandedm1_reg[3]/S","clk500","clk500","1.884","0","-0.008","0.035"
"clk500","-0.001","2.000","sfo/residual_estimator/aux_service/u_xfft/U0/i_synth/axi_wrapper/reset_pipe_reg[1]/C","sfo/residual_estimator/aux_service/u_xfft/U0/i_synth/axi_wrapper/gen_has_nfft.nfft_expandedm1_reg[4]/S","clk500","clk500","1.884","0","-0.008","0.035"
"clk500","-0.001","2.000","sfo/residual_estimator/aux_service/u_xfft/U0/i_synth/axi_wrapper/reset_pipe_reg[1]/C","sfo/residual_estimator/aux_service/u_xfft/U0/i_synth/axi_wrapper/gen_has_nfft.nfft_expandedm1_reg[5]/S","clk500","clk500","1.884","0","-0.008","0.035"
"clk500","-0.001","2.000","sfo/residual_estimator/aux_service/u_xfft/U0/i_synth/axi_wrapper/reset_pipe_reg[1]/C","sfo/residual_estimator/aux_service/u_xfft/U0/i_synth/axi_wrapper/gen_has_nfft.nfft_expandedm1_reg[6]/S","clk500","clk500","1.884","0","-0.008","0.035"
"clk500","-0.001","2.000","sfo/residual_estimator/aux_service/u_xfft/U0/i_synth/axi_wrapper/reset_pipe_reg[1]/C","sfo/residual_estimator/aux_service/u_xfft/U0/i_synth/axi_wrapper/symbols_out_remaining_reg[10]/R","clk500","clk500","1.884","0","-0.008","0.035"
"clk150","-0.001","6.667","sfo/two_pass_transport/first_resampling/engine/core/stream/lane_phase_reg[0][20]/C","sfo/two_pass_transport/first_resampling/engine/core/stream/arithmetic/real_channel[1].u_real/pre_da/g18.u_add/U0/xst_addsub/i_baseblox.i_baseblox_addsub/no_pipelining.the_addsub/i_lut6.i_lut6_addsub/i_q.i_simple.qreg/i_no_async_controls.output_reg[8]/D","clk150","clk150","6.645","9","-0.010","0.035"
"clk500","-0.001","2.000","sfo/residual_estimator/aux_service/u_xfft/U0/i_synth/xfft_inst/non_floating_point.arch_d.xfft_inst/has_bit_reverse.no_cp.muxed_reorder_write_addr_del_reg[8]/C","sfo/residual_estimator/aux_service/u_xfft/U0/i_synth/xfft_inst/non_floating_point.arch_d.xfft_inst/has_bit_reverse.dig_rev_mem/blk_ram.use_bram_only.mem/depth_14.need_extra_rams.extra_ram_loop[3].use_RAMB18.SDP_RAMB18_1x16384/ADDRARDADDR[8]","clk500","clk500","1.700","0","0.011","0.035"
"clk150","-0.001","6.667","sfo/two_pass_transport/shared_raw.hub/raw_store/ram_ra_reg[11]/C","sfo/two_pass_transport/shared_raw.hub/raw_store/memory/u_frame_memory/xpm_memory_base_inst/gen_wr_a.gen_word_narrow.mem_reg_uram_183/CAS_IN_ADDR_A[11]","clk150","clk150","6.203","7","0.036","0.035"
"clk150","-0.001","6.667","cfo/coarse_rotation/output4_reg[3]/C","cfo/coarse_banks[0].memory/u_frame_memory/xpm_memory_base_inst/gen_wr_a.gen_word_narrow.mem_reg_uram_71/CAS_IN_DIN_B[3]","clk150","clk150","6.382","7","0.035","0.035"
"clk150","-0.001","6.667","cfo/coarse_rotation/output4_reg[119]/C","cfo/coarse_banks[0].memory/u_frame_memory/xpm_memory_base_inst/gen_wr_a.gen_word_narrow.mem_reg_uram_97/CAS_IN_DIN_B[47]","clk150","clk150","6.355","7","0.036","0.035"
"clk150","-0.001","6.667","cfo/coarse_rotation/output4_reg[35]/C","cfo/coarse_banks[1].memory/u_frame_memory/xpm_memory_base_inst/gen_wr_a.gen_word_narrow.mem_reg_uram_15/CAS_IN_DIN_B[35]","clk150","clk150","6.353","7","0.034","0.035"
"clk150","-0.001","6.667","sfo/two_pass_transport/first_resampling/engine/core/stream/lane_phase_reg[15][7]/C","sfo/two_pass_transport/first_resampling/engine/core/stream/lane_phase_reg[5][22]/CE","clk150","clk150","6.561","18","-0.007","0.035"
